solid OpenSCAD_Model
  facet normal 0.61342 0.789757 -0
    outer loop
      vertex 3.43227 4.40616 3.15
      vertex 3.33983 4.47796 3.5
      vertex 3.43227 4.40616 3.5
    endloop
  endfacet
  facet normal 0.61342 0.789757 0
    outer loop
      vertex 3.33983 4.47796 3.5
      vertex 3.43227 4.40616 3.15
      vertex 3.33983 4.47796 3.15
    endloop
  endfacet
  facet normal 0.868926 0.494943 0
    outer loop
      vertex 3.49021 4.30444 3.5
      vertex 3.43227 4.40616 3.15
      vertex 3.43227 4.40616 3.5
    endloop
  endfacet
  facet normal 0.868926 0.494943 0
    outer loop
      vertex 3.43227 4.40616 3.15
      vertex 3.49021 4.30444 3.5
      vertex 3.49021 4.30444 3.15
    endloop
  endfacet
  facet normal 0.789789 -0.613379 0
    outer loop
      vertex 3.40205 3.98297 3.5
      vertex 3.47385 4.07542 3.15
      vertex 3.47385 4.07542 3.5
    endloop
  endfacet
  facet normal 0.789789 -0.613379 0
    outer loop
      vertex 3.47385 4.07542 3.15
      vertex 3.40205 3.98297 3.5
      vertex 3.40205 3.98297 3.15
    endloop
  endfacet
  facet normal 0.992201 0.124645 0
    outer loop
      vertex 3.5048 4.1883 3.5
      vertex 3.49021 4.30444 3.15
      vertex 3.49021 4.30444 3.5
    endloop
  endfacet
  facet normal 0.992201 0.124645 0
    outer loop
      vertex 3.49021 4.30444 3.15
      vertex 3.5048 4.1883 3.5
      vertex 3.5048 4.1883 3.15
    endloop
  endfacet
  facet normal 0.124729 -0.992191 0
    outer loop
      vertex 3.18419 3.91044 3.15
      vertex 3.30033 3.92504 3.5
      vertex 3.18419 3.91044 3.5
    endloop
  endfacet
  facet normal 0.124729 -0.992191 0
    outer loop
      vertex 3.30033 3.92504 3.5
      vertex 3.18419 3.91044 3.15
      vertex 3.30033 3.92504 3.15
    endloop
  endfacet
  facet normal 0 0 -1
    outer loop
      vertex 3.47385 4.07542 3.15
      vertex 3.49021 4.30444 3.15
      vertex 3.5048 4.1883 3.15
    endloop
  endfacet
  facet normal 0 0 -1
    outer loop
      vertex 3.47385 4.07542 3.15
      vertex 3.43227 4.40616 3.15
      vertex 3.49021 4.30444 3.15
    endloop
  endfacet
  facet normal 0 0 -1
    outer loop
      vertex 3.40205 3.98297 3.15
      vertex 3.43227 4.40616 3.15
      vertex 3.47385 4.07542 3.15
    endloop
  endfacet
  facet normal 0 0 -1
    outer loop
      vertex 3.40205 3.98297 3.15
      vertex 3.33983 4.47796 3.15
      vertex 3.43227 4.40616 3.15
    endloop
  endfacet
  facet normal 0 0 -1
    outer loop
      vertex 3.30033 3.92504 3.15
      vertex 3.33983 4.47796 3.15
      vertex 3.40205 3.98297 3.15
    endloop
  endfacet
  facet normal 0 0 -1
    outer loop
      vertex 3.30033 3.92504 3.15
      vertex 3.22694 4.50891 3.15
      vertex 3.33983 4.47796 3.15
    endloop
  endfacet
  facet normal 0 0 -1
    outer loop
      vertex 3.18419 3.91044 3.15
      vertex 3.22694 4.50891 3.15
      vertex 3.30033 3.92504 3.15
    endloop
  endfacet
  facet normal 0 0 -1
    outer loop
      vertex 3.18419 3.91044 3.15
      vertex 3.1108 4.49432 3.15
      vertex 3.22694 4.50891 3.15
    endloop
  endfacet
  facet normal 0 0 -1
    outer loop
      vertex 3.07131 3.9414 3.15
      vertex 3.1108 4.49432 3.15
      vertex 3.18419 3.91044 3.15
    endloop
  endfacet
  facet normal 0 0 -1
    outer loop
      vertex 3.07131 3.9414 3.15
      vertex 3.00909 4.43638 3.15
      vertex 3.1108 4.49432 3.15
    endloop
  endfacet
  facet normal 0 0 -1
    outer loop
      vertex 2.97886 4.0132 3.15
      vertex 3.00909 4.43638 3.15
      vertex 3.07131 3.9414 3.15
    endloop
  endfacet
  facet normal 0 0 -1
    outer loop
      vertex 2.97886 4.0132 3.15
      vertex 2.93729 4.34394 3.15
      vertex 3.00909 4.43638 3.15
    endloop
  endfacet
  facet normal 0 0 -1
    outer loop
      vertex 2.92093 4.11491 3.15
      vertex 2.93729 4.34394 3.15
      vertex 2.97886 4.0132 3.15
    endloop
  endfacet
  facet normal 0 0 -1
    outer loop
      vertex 2.93729 4.34394 3.15
      vertex 2.92093 4.11491 3.15
      vertex 2.90633 4.23105 3.15
    endloop
  endfacet
  facet normal 0.494878 -0.868962 0
    outer loop
      vertex 3.30033 3.92504 3.15
      vertex 3.40205 3.98297 3.5
      vertex 3.30033 3.92504 3.5
    endloop
  endfacet
  facet normal 0.494878 -0.868962 0
    outer loop
      vertex 3.40205 3.98297 3.5
      vertex 3.30033 3.92504 3.15
      vertex 3.40205 3.98297 3.15
    endloop
  endfacet
  facet normal -0.494979 0.868905 0
    outer loop
      vertex 3.1108 4.49432 3.15
      vertex 3.00909 4.43638 3.5
      vertex 3.1108 4.49432 3.5
    endloop
  endfacet
  facet normal -0.494979 0.868905 0
    outer loop
      vertex 3.00909 4.43638 3.5
      vertex 3.1108 4.49432 3.15
      vertex 3.00909 4.43638 3.15
    endloop
  endfacet
  facet normal 0.264404 0.964412 -0
    outer loop
      vertex 3.33983 4.47796 3.15
      vertex 3.22694 4.50891 3.5
      vertex 3.33983 4.47796 3.5
    endloop
  endfacet
  facet normal 0.264404 0.964412 0
    outer loop
      vertex 3.22694 4.50891 3.5
      vertex 3.33983 4.47796 3.15
      vertex 3.22694 4.50891 3.15
    endloop
  endfacet
  facet normal -0.868942 -0.494915 0
    outer loop
      vertex 2.97886 4.0132 3.15
      vertex 2.92093 4.11491 3.5
      vertex 2.92093 4.11491 3.15
    endloop
  endfacet
  facet normal -0.868942 -0.494915 0
    outer loop
      vertex 2.92093 4.11491 3.5
      vertex 2.97886 4.0132 3.15
      vertex 2.97886 4.0132 3.5
    endloop
  endfacet
  facet normal 0.964406 -0.264426 0
    outer loop
      vertex 3.47385 4.07542 3.5
      vertex 3.5048 4.1883 3.15
      vertex 3.5048 4.1883 3.5
    endloop
  endfacet
  facet normal 0.964406 -0.264426 0
    outer loop
      vertex 3.5048 4.1883 3.15
      vertex 3.47385 4.07542 3.5
      vertex 3.47385 4.07542 3.15
    endloop
  endfacet
  facet normal -0.264505 -0.964384 0
    outer loop
      vertex 3.07131 3.9414 3.15
      vertex 3.18419 3.91044 3.5
      vertex 3.07131 3.9414 3.5
    endloop
  endfacet
  facet normal -0.264505 -0.964384 -0
    outer loop
      vertex 3.18419 3.91044 3.5
      vertex 3.07131 3.9414 3.15
      vertex 3.18419 3.91044 3.15
    endloop
  endfacet
  facet normal -0.613379 -0.789789 0
    outer loop
      vertex 2.97886 4.0132 3.15
      vertex 3.07131 3.9414 3.5
      vertex 2.97886 4.0132 3.5
    endloop
  endfacet
  facet normal -0.613379 -0.789789 -0
    outer loop
      vertex 3.07131 3.9414 3.5
      vertex 2.97886 4.0132 3.15
      vertex 3.07131 3.9414 3.15
    endloop
  endfacet
  facet normal -0.124645 0.992201 0
    outer loop
      vertex 3.22694 4.50891 3.15
      vertex 3.1108 4.49432 3.5
      vertex 3.22694 4.50891 3.5
    endloop
  endfacet
  facet normal -0.124645 0.992201 0
    outer loop
      vertex 3.1108 4.49432 3.5
      vertex 3.22694 4.50891 3.15
      vertex 3.1108 4.49432 3.15
    endloop
  endfacet
  facet normal -0.96439 0.264483 0
    outer loop
      vertex 2.90633 4.23105 3.15
      vertex 2.93729 4.34394 3.5
      vertex 2.93729 4.34394 3.15
    endloop
  endfacet
  facet normal -0.96439 0.264483 0
    outer loop
      vertex 2.93729 4.34394 3.5
      vertex 2.90633 4.23105 3.15
      vertex 2.90633 4.23105 3.5
    endloop
  endfacet
  facet normal -0.789757 0.61342 0
    outer loop
      vertex 2.93729 4.34394 3.15
      vertex 3.00909 4.43638 3.5
      vertex 3.00909 4.43638 3.15
    endloop
  endfacet
  facet normal -0.789757 0.61342 0
    outer loop
      vertex 3.00909 4.43638 3.5
      vertex 2.93729 4.34394 3.15
      vertex 2.93729 4.34394 3.5
    endloop
  endfacet
  facet normal -0.992191 -0.124729 0
    outer loop
      vertex 2.92093 4.11491 3.15
      vertex 2.90633 4.23105 3.5
      vertex 2.90633 4.23105 3.15
    endloop
  endfacet
  facet normal -0.992191 -0.124729 0
    outer loop
      vertex 2.90633 4.23105 3.5
      vertex 2.92093 4.11491 3.15
      vertex 2.92093 4.11491 3.5
    endloop
  endfacet
  facet normal 0.61342 0.789757 -0
    outer loop
      vertex 3.87981 5.30042 3.15
      vertex 3.78737 5.37222 3.5
      vertex 3.87981 5.30042 3.5
    endloop
  endfacet
  facet normal 0.61342 0.789757 0
    outer loop
      vertex 3.78737 5.37222 3.5
      vertex 3.87981 5.30042 3.15
      vertex 3.78737 5.37222 3.15
    endloop
  endfacet
  facet normal 0.868942 0.494915 0
    outer loop
      vertex 3.93774 5.19871 3.5
      vertex 3.87981 5.30042 3.15
      vertex 3.87981 5.30042 3.5
    endloop
  endfacet
  facet normal 0.868942 0.494915 0
    outer loop
      vertex 3.87981 5.30042 3.15
      vertex 3.93774 5.19871 3.5
      vertex 3.93774 5.19871 3.15
    endloop
  endfacet
  facet normal 0.789757 -0.61342 0
    outer loop
      vertex 3.84958 4.87724 3.5
      vertex 3.92138 4.96968 3.15
      vertex 3.92138 4.96968 3.5
    endloop
  endfacet
  facet normal 0.789757 -0.61342 0
    outer loop
      vertex 3.92138 4.96968 3.15
      vertex 3.84958 4.87724 3.5
      vertex 3.84958 4.87724 3.15
    endloop
  endfacet
  facet normal 0.992191 0.124729 0
    outer loop
      vertex 3.95234 5.08257 3.5
      vertex 3.93774 5.19871 3.15
      vertex 3.93774 5.19871 3.5
    endloop
  endfacet
  facet normal 0.992191 0.124729 0
    outer loop
      vertex 3.93774 5.19871 3.15
      vertex 3.95234 5.08257 3.5
      vertex 3.95234 5.08257 3.15
    endloop
  endfacet
  facet normal 0.124645 -0.992201 0
    outer loop
      vertex 3.63173 4.80471 3.15
      vertex 3.74787 4.8193 3.5
      vertex 3.63173 4.80471 3.5
    endloop
  endfacet
  facet normal 0.124645 -0.992201 0
    outer loop
      vertex 3.74787 4.8193 3.5
      vertex 3.63173 4.80471 3.15
      vertex 3.74787 4.8193 3.15
    endloop
  endfacet
  facet normal 0 0 -1
    outer loop
      vertex 3.92138 4.96968 3.15
      vertex 3.93774 5.19871 3.15
      vertex 3.95234 5.08257 3.15
    endloop
  endfacet
  facet normal 0 0 -1
    outer loop
      vertex 3.92138 4.96968 3.15
      vertex 3.87981 5.30042 3.15
      vertex 3.93774 5.19871 3.15
    endloop
  endfacet
  facet normal 0 0 -1
    outer loop
      vertex 3.84958 4.87724 3.15
      vertex 3.87981 5.30042 3.15
      vertex 3.92138 4.96968 3.15
    endloop
  endfacet
  facet normal 0 0 -1
    outer loop
      vertex 3.84958 4.87724 3.15
      vertex 3.78737 5.37222 3.15
      vertex 3.87981 5.30042 3.15
    endloop
  endfacet
  facet normal 0 0 -1
    outer loop
      vertex 3.74787 4.8193 3.15
      vertex 3.78737 5.37222 3.15
      vertex 3.84958 4.87724 3.15
    endloop
  endfacet
  facet normal 0 0 -1
    outer loop
      vertex 3.74787 4.8193 3.15
      vertex 3.67448 5.40318 3.15
      vertex 3.78737 5.37222 3.15
    endloop
  endfacet
  facet normal 0 0 -1
    outer loop
      vertex 3.63173 4.80471 3.15
      vertex 3.67448 5.40318 3.15
      vertex 3.74787 4.8193 3.15
    endloop
  endfacet
  facet normal 0 0 -1
    outer loop
      vertex 3.63173 4.80471 3.15
      vertex 3.55834 5.38858 3.15
      vertex 3.67448 5.40318 3.15
    endloop
  endfacet
  facet normal 0 0 -1
    outer loop
      vertex 3.51884 4.83566 3.15
      vertex 3.55834 5.38858 3.15
      vertex 3.63173 4.80471 3.15
    endloop
  endfacet
  facet normal 0 0 -1
    outer loop
      vertex 3.51884 4.83566 3.15
      vertex 3.45663 5.33065 3.15
      vertex 3.55834 5.38858 3.15
    endloop
  endfacet
  facet normal 0 0 -1
    outer loop
      vertex 3.4264 4.90746 3.15
      vertex 3.45663 5.33065 3.15
      vertex 3.51884 4.83566 3.15
    endloop
  endfacet
  facet normal 0 0 -1
    outer loop
      vertex 3.4264 4.90746 3.15
      vertex 3.38482 5.2382 3.15
      vertex 3.45663 5.33065 3.15
    endloop
  endfacet
  facet normal 0 0 -1
    outer loop
      vertex 3.36846 5.00918 3.15
      vertex 3.38482 5.2382 3.15
      vertex 3.4264 4.90746 3.15
    endloop
  endfacet
  facet normal 0 0 -1
    outer loop
      vertex 3.38482 5.2382 3.15
      vertex 3.36846 5.00918 3.15
      vertex 3.35387 5.12532 3.15
    endloop
  endfacet
  facet normal 0.494979 -0.868905 0
    outer loop
      vertex 3.74787 4.8193 3.15
      vertex 3.84958 4.87724 3.5
      vertex 3.74787 4.8193 3.5
    endloop
  endfacet
  facet normal 0.494979 -0.868905 0
    outer loop
      vertex 3.84958 4.87724 3.5
      vertex 3.74787 4.8193 3.15
      vertex 3.84958 4.87724 3.15
    endloop
  endfacet
  facet normal -0.494915 0.868942 0
    outer loop
      vertex 3.55834 5.38858 3.15
      vertex 3.45663 5.33065 3.5
      vertex 3.55834 5.38858 3.5
    endloop
  endfacet
  facet normal -0.494915 0.868942 0
    outer loop
      vertex 3.45663 5.33065 3.5
      vertex 3.55834 5.38858 3.15
      vertex 3.45663 5.33065 3.15
    endloop
  endfacet
  facet normal 0.264483 0.96439 -0
    outer loop
      vertex 3.78737 5.37222 3.15
      vertex 3.67448 5.40318 3.5
      vertex 3.78737 5.37222 3.5
    endloop
  endfacet
  facet normal 0.264483 0.96439 0
    outer loop
      vertex 3.67448 5.40318 3.5
      vertex 3.78737 5.37222 3.15
      vertex 3.67448 5.40318 3.15
    endloop
  endfacet
  facet normal -0.868926 -0.494943 0
    outer loop
      vertex 3.4264 4.90746 3.15
      vertex 3.36846 5.00918 3.5
      vertex 3.36846 5.00918 3.15
    endloop
  endfacet
  facet normal -0.868926 -0.494943 0
    outer loop
      vertex 3.36846 5.00918 3.5
      vertex 3.4264 4.90746 3.15
      vertex 3.4264 4.90746 3.5
    endloop
  endfacet
  facet normal 0.96439 -0.264483 0
    outer loop
      vertex 3.92138 4.96968 3.5
      vertex 3.95234 5.08257 3.15
      vertex 3.95234 5.08257 3.5
    endloop
  endfacet
  facet normal 0.96439 -0.264483 0
    outer loop
      vertex 3.95234 5.08257 3.15
      vertex 3.92138 4.96968 3.5
      vertex 3.92138 4.96968 3.15
    endloop
  endfacet
  facet normal -0.264404 -0.964412 0
    outer loop
      vertex 3.51884 4.83566 3.15
      vertex 3.63173 4.80471 3.5
      vertex 3.51884 4.83566 3.5
    endloop
  endfacet
  facet normal -0.264404 -0.964412 -0
    outer loop
      vertex 3.63173 4.80471 3.5
      vertex 3.51884 4.83566 3.15
      vertex 3.63173 4.80471 3.15
    endloop
  endfacet
  facet normal -0.61342 -0.789757 0
    outer loop
      vertex 3.4264 4.90746 3.15
      vertex 3.51884 4.83566 3.5
      vertex 3.4264 4.90746 3.5
    endloop
  endfacet
  facet normal -0.61342 -0.789757 -0
    outer loop
      vertex 3.51884 4.83566 3.5
      vertex 3.4264 4.90746 3.15
      vertex 3.51884 4.83566 3.15
    endloop
  endfacet
  facet normal -0.124729 0.992191 0
    outer loop
      vertex 3.67448 5.40318 3.15
      vertex 3.55834 5.38858 3.5
      vertex 3.67448 5.40318 3.5
    endloop
  endfacet
  facet normal -0.124729 0.992191 0
    outer loop
      vertex 3.55834 5.38858 3.5
      vertex 3.67448 5.40318 3.15
      vertex 3.55834 5.38858 3.15
    endloop
  endfacet
  facet normal -0.964406 0.264426 0
    outer loop
      vertex 3.35387 5.12532 3.15
      vertex 3.38482 5.2382 3.5
      vertex 3.38482 5.2382 3.15
    endloop
  endfacet
  facet normal -0.964406 0.264426 0
    outer loop
      vertex 3.38482 5.2382 3.5
      vertex 3.35387 5.12532 3.15
      vertex 3.35387 5.12532 3.5
    endloop
  endfacet
  facet normal -0.789748 0.613432 0
    outer loop
      vertex 3.38482 5.2382 3.15
      vertex 3.45663 5.33065 3.5
      vertex 3.45663 5.33065 3.15
    endloop
  endfacet
  facet normal -0.789748 0.613432 0
    outer loop
      vertex 3.45663 5.33065 3.5
      vertex 3.38482 5.2382 3.15
      vertex 3.38482 5.2382 3.5
    endloop
  endfacet
  facet normal -0.992201 -0.124645 0
    outer loop
      vertex 3.36846 5.00918 3.15
      vertex 3.35387 5.12532 3.5
      vertex 3.35387 5.12532 3.15
    endloop
  endfacet
  facet normal -0.992201 -0.124645 0
    outer loop
      vertex 3.35387 5.12532 3.5
      vertex 3.36846 5.00918 3.15
      vertex 3.36846 5.00918 3.5
    endloop
  endfacet
  facet normal 0.613379 0.789789 -0
    outer loop
      vertex 4.32735 6.19469 3.15
      vertex 4.2349 6.26649 3.5
      vertex 4.32735 6.19469 3.5
    endloop
  endfacet
  facet normal 0.613379 0.789789 0
    outer loop
      vertex 4.2349 6.26649 3.5
      vertex 4.32735 6.19469 3.15
      vertex 4.2349 6.26649 3.15
    endloop
  endfacet
  facet normal 0.868962 0.494878 0
    outer loop
      vertex 4.38528 6.09297 3.5
      vertex 4.32735 6.19469 3.15
      vertex 4.32735 6.19469 3.5
    endloop
  endfacet
  facet normal 0.868962 0.494878 0
    outer loop
      vertex 4.32735 6.19469 3.15
      vertex 4.38528 6.09297 3.5
      vertex 4.38528 6.09297 3.15
    endloop
  endfacet
  facet normal 0.789789 -0.613379 0
    outer loop
      vertex 4.29712 5.7715 3.5
      vertex 4.36892 5.86395 3.15
      vertex 4.36892 5.86395 3.5
    endloop
  endfacet
  facet normal 0.789789 -0.613379 0
    outer loop
      vertex 4.36892 5.86395 3.15
      vertex 4.29712 5.7715 3.5
      vertex 4.29712 5.7715 3.15
    endloop
  endfacet
  facet normal 0.992191 0.124729 0
    outer loop
      vertex 4.39988 5.97683 3.5
      vertex 4.38528 6.09297 3.15
      vertex 4.38528 6.09297 3.5
    endloop
  endfacet
  facet normal 0.992191 0.124729 0
    outer loop
      vertex 4.38528 6.09297 3.15
      vertex 4.39988 5.97683 3.5
      vertex 4.39988 5.97683 3.15
    endloop
  endfacet
  facet normal 0.124729 -0.992191 0
    outer loop
      vertex 4.07927 5.69897 3.15
      vertex 4.19541 5.71357 3.5
      vertex 4.07927 5.69897 3.5
    endloop
  endfacet
  facet normal 0.124729 -0.992191 0
    outer loop
      vertex 4.19541 5.71357 3.5
      vertex 4.07927 5.69897 3.15
      vertex 4.19541 5.71357 3.15
    endloop
  endfacet
  facet normal 0 0 -1
    outer loop
      vertex 4.36892 5.86395 3.15
      vertex 4.38528 6.09297 3.15
      vertex 4.39988 5.97683 3.15
    endloop
  endfacet
  facet normal 0 0 -1
    outer loop
      vertex 4.36892 5.86395 3.15
      vertex 4.32735 6.19469 3.15
      vertex 4.38528 6.09297 3.15
    endloop
  endfacet
  facet normal 0 0 -1
    outer loop
      vertex 4.29712 5.7715 3.15
      vertex 4.32735 6.19469 3.15
      vertex 4.36892 5.86395 3.15
    endloop
  endfacet
  facet normal 0 0 -1
    outer loop
      vertex 4.29712 5.7715 3.15
      vertex 4.2349 6.26649 3.15
      vertex 4.32735 6.19469 3.15
    endloop
  endfacet
  facet normal 0 0 -1
    outer loop
      vertex 4.19541 5.71357 3.15
      vertex 4.2349 6.26649 3.15
      vertex 4.29712 5.7715 3.15
    endloop
  endfacet
  facet normal 0 0 -1
    outer loop
      vertex 4.19541 5.71357 3.15
      vertex 4.12202 6.29745 3.15
      vertex 4.2349 6.26649 3.15
    endloop
  endfacet
  facet normal 0 0 -1
    outer loop
      vertex 4.07927 5.69897 3.15
      vertex 4.12202 6.29745 3.15
      vertex 4.19541 5.71357 3.15
    endloop
  endfacet
  facet normal 0 0 -1
    outer loop
      vertex 4.07927 5.69897 3.15
      vertex 4.00588 6.28285 3.15
      vertex 4.12202 6.29745 3.15
    endloop
  endfacet
  facet normal 0 0 -1
    outer loop
      vertex 3.96638 5.72993 3.15
      vertex 4.00588 6.28285 3.15
      vertex 4.07927 5.69897 3.15
    endloop
  endfacet
  facet normal 0 0 -1
    outer loop
      vertex 3.96638 5.72993 3.15
      vertex 3.90416 6.22492 3.15
      vertex 4.00588 6.28285 3.15
    endloop
  endfacet
  facet normal 0 0 -1
    outer loop
      vertex 3.87393 5.80173 3.15
      vertex 3.90416 6.22492 3.15
      vertex 3.96638 5.72993 3.15
    endloop
  endfacet
  facet normal 0 0 -1
    outer loop
      vertex 3.87393 5.80173 3.15
      vertex 3.83236 6.13247 3.15
      vertex 3.90416 6.22492 3.15
    endloop
  endfacet
  facet normal 0 0 -1
    outer loop
      vertex 3.816 5.90344 3.15
      vertex 3.83236 6.13247 3.15
      vertex 3.87393 5.80173 3.15
    endloop
  endfacet
  facet normal 0 0 -1
    outer loop
      vertex 3.83236 6.13247 3.15
      vertex 3.816 5.90344 3.15
      vertex 3.8014 6.01958 3.15
    endloop
  endfacet
  facet normal 0.494915 -0.868942 0
    outer loop
      vertex 4.19541 5.71357 3.15
      vertex 4.29712 5.7715 3.5
      vertex 4.19541 5.71357 3.5
    endloop
  endfacet
  facet normal 0.494915 -0.868942 0
    outer loop
      vertex 4.29712 5.7715 3.5
      vertex 4.19541 5.71357 3.15
      vertex 4.29712 5.7715 3.15
    endloop
  endfacet
  facet normal -0.494878 0.868962 0
    outer loop
      vertex 4.00588 6.28285 3.15
      vertex 3.90416 6.22492 3.5
      vertex 4.00588 6.28285 3.5
    endloop
  endfacet
  facet normal -0.494878 0.868962 0
    outer loop
      vertex 3.90416 6.22492 3.5
      vertex 4.00588 6.28285 3.15
      vertex 3.90416 6.22492 3.15
    endloop
  endfacet
  facet normal 0.264505 0.964384 -0
    outer loop
      vertex 4.2349 6.26649 3.15
      vertex 4.12202 6.29745 3.5
      vertex 4.2349 6.26649 3.5
    endloop
  endfacet
  facet normal 0.264505 0.964384 0
    outer loop
      vertex 4.12202 6.29745 3.5
      vertex 4.2349 6.26649 3.15
      vertex 4.12202 6.29745 3.15
    endloop
  endfacet
  facet normal -0.868942 -0.494915 0
    outer loop
      vertex 3.87393 5.80173 3.15
      vertex 3.816 5.90344 3.5
      vertex 3.816 5.90344 3.15
    endloop
  endfacet
  facet normal -0.868942 -0.494915 0
    outer loop
      vertex 3.816 5.90344 3.5
      vertex 3.87393 5.80173 3.15
      vertex 3.87393 5.80173 3.5
    endloop
  endfacet
  facet normal 0.964384 -0.264505 0
    outer loop
      vertex 4.36892 5.86395 3.5
      vertex 4.39988 5.97683 3.15
      vertex 4.39988 5.97683 3.5
    endloop
  endfacet
  facet normal 0.964384 -0.264505 0
    outer loop
      vertex 4.39988 5.97683 3.15
      vertex 4.36892 5.86395 3.5
      vertex 4.36892 5.86395 3.15
    endloop
  endfacet
  facet normal -0.264483 -0.96439 0
    outer loop
      vertex 3.96638 5.72993 3.15
      vertex 4.07927 5.69897 3.5
      vertex 3.96638 5.72993 3.5
    endloop
  endfacet
  facet normal -0.264483 -0.96439 -0
    outer loop
      vertex 4.07927 5.69897 3.5
      vertex 3.96638 5.72993 3.15
      vertex 4.07927 5.69897 3.15
    endloop
  endfacet
  facet normal -0.613379 -0.789789 0
    outer loop
      vertex 3.87393 5.80173 3.15
      vertex 3.96638 5.72993 3.5
      vertex 3.87393 5.80173 3.5
    endloop
  endfacet
  facet normal -0.613379 -0.789789 -0
    outer loop
      vertex 3.96638 5.72993 3.5
      vertex 3.87393 5.80173 3.15
      vertex 3.96638 5.72993 3.15
    endloop
  endfacet
  facet normal -0.124729 0.992191 0
    outer loop
      vertex 4.12202 6.29745 3.15
      vertex 4.00588 6.28285 3.5
      vertex 4.12202 6.29745 3.5
    endloop
  endfacet
  facet normal -0.124729 0.992191 0
    outer loop
      vertex 4.00588 6.28285 3.5
      vertex 4.12202 6.29745 3.15
      vertex 4.00588 6.28285 3.15
    endloop
  endfacet
  facet normal -0.96439 0.264483 0
    outer loop
      vertex 3.8014 6.01958 3.15
      vertex 3.83236 6.13247 3.5
      vertex 3.83236 6.13247 3.15
    endloop
  endfacet
  facet normal -0.96439 0.264483 0
    outer loop
      vertex 3.83236 6.13247 3.5
      vertex 3.8014 6.01958 3.15
      vertex 3.8014 6.01958 3.5
    endloop
  endfacet
  facet normal -0.789789 0.613379 0
    outer loop
      vertex 3.83236 6.13247 3.15
      vertex 3.90416 6.22492 3.5
      vertex 3.90416 6.22492 3.15
    endloop
  endfacet
  facet normal -0.789789 0.613379 0
    outer loop
      vertex 3.90416 6.22492 3.5
      vertex 3.83236 6.13247 3.15
      vertex 3.83236 6.13247 3.5
    endloop
  endfacet
  facet normal -0.992191 -0.124729 0
    outer loop
      vertex 3.816 5.90344 3.15
      vertex 3.8014 6.01958 3.5
      vertex 3.8014 6.01958 3.15
    endloop
  endfacet
  facet normal -0.992191 -0.124729 0
    outer loop
      vertex 3.8014 6.01958 3.5
      vertex 3.816 5.90344 3.15
      vertex 3.816 5.90344 3.5
    endloop
  endfacet
  facet normal 0.613379 0.789789 -0
    outer loop
      vertex 4.77489 7.08895 3.15
      vertex 4.68244 7.16075 3.5
      vertex 4.77489 7.08895 3.5
    endloop
  endfacet
  facet normal 0.613379 0.789789 0
    outer loop
      vertex 4.68244 7.16075 3.5
      vertex 4.77489 7.08895 3.15
      vertex 4.68244 7.16075 3.15
    endloop
  endfacet
  facet normal 0.868942 0.494915 0
    outer loop
      vertex 4.83282 6.98724 3.5
      vertex 4.77489 7.08895 3.15
      vertex 4.77489 7.08895 3.5
    endloop
  endfacet
  facet normal 0.868942 0.494915 0
    outer loop
      vertex 4.77489 7.08895 3.15
      vertex 4.83282 6.98724 3.5
      vertex 4.83282 6.98724 3.15
    endloop
  endfacet
  facet normal 0.789757 -0.61342 0
    outer loop
      vertex 4.74466 6.66577 3.5
      vertex 4.81646 6.75821 3.15
      vertex 4.81646 6.75821 3.5
    endloop
  endfacet
  facet normal 0.789757 -0.61342 0
    outer loop
      vertex 4.81646 6.75821 3.15
      vertex 4.74466 6.66577 3.5
      vertex 4.74466 6.66577 3.15
    endloop
  endfacet
  facet normal 0.992191 0.124729 0
    outer loop
      vertex 4.84742 6.8711 3.5
      vertex 4.83282 6.98724 3.15
      vertex 4.83282 6.98724 3.5
    endloop
  endfacet
  facet normal 0.992191 0.124729 0
    outer loop
      vertex 4.83282 6.98724 3.15
      vertex 4.84742 6.8711 3.5
      vertex 4.84742 6.8711 3.15
    endloop
  endfacet
  facet normal 0.124645 -0.992201 0
    outer loop
      vertex 4.5268 6.59324 3.15
      vertex 4.64294 6.60783 3.5
      vertex 4.5268 6.59324 3.5
    endloop
  endfacet
  facet normal 0.124645 -0.992201 0
    outer loop
      vertex 4.64294 6.60783 3.5
      vertex 4.5268 6.59324 3.15
      vertex 4.64294 6.60783 3.15
    endloop
  endfacet
  facet normal 0 0 -1
    outer loop
      vertex 4.81646 6.75821 3.15
      vertex 4.83282 6.98724 3.15
      vertex 4.84742 6.8711 3.15
    endloop
  endfacet
  facet normal 0 0 -1
    outer loop
      vertex 4.81646 6.75821 3.15
      vertex 4.77489 7.08895 3.15
      vertex 4.83282 6.98724 3.15
    endloop
  endfacet
  facet normal 0 0 -1
    outer loop
      vertex 4.74466 6.66577 3.15
      vertex 4.77489 7.08895 3.15
      vertex 4.81646 6.75821 3.15
    endloop
  endfacet
  facet normal 0 0 -1
    outer loop
      vertex 4.74466 6.66577 3.15
      vertex 4.68244 7.16075 3.15
      vertex 4.77489 7.08895 3.15
    endloop
  endfacet
  facet normal 0 0 -1
    outer loop
      vertex 4.64294 6.60783 3.15
      vertex 4.68244 7.16075 3.15
      vertex 4.74466 6.66577 3.15
    endloop
  endfacet
  facet normal 0 0 -1
    outer loop
      vertex 4.64294 6.60783 3.15
      vertex 4.56955 7.19171 3.15
      vertex 4.68244 7.16075 3.15
    endloop
  endfacet
  facet normal 0 0 -1
    outer loop
      vertex 4.5268 6.59324 3.15
      vertex 4.56955 7.19171 3.15
      vertex 4.64294 6.60783 3.15
    endloop
  endfacet
  facet normal 0 0 -1
    outer loop
      vertex 4.5268 6.59324 3.15
      vertex 4.45341 7.17711 3.15
      vertex 4.56955 7.19171 3.15
    endloop
  endfacet
  facet normal 0 0 -1
    outer loop
      vertex 4.41392 6.62419 3.15
      vertex 4.45341 7.17711 3.15
      vertex 4.5268 6.59324 3.15
    endloop
  endfacet
  facet normal 0 0 -1
    outer loop
      vertex 4.41392 6.62419 3.15
      vertex 4.3517 7.11918 3.15
      vertex 4.45341 7.17711 3.15
    endloop
  endfacet
  facet normal 0 0 -1
    outer loop
      vertex 4.32147 6.69599 3.15
      vertex 4.3517 7.11918 3.15
      vertex 4.41392 6.62419 3.15
    endloop
  endfacet
  facet normal 0 0 -1
    outer loop
      vertex 4.32147 6.69599 3.15
      vertex 4.2799 7.02673 3.15
      vertex 4.3517 7.11918 3.15
    endloop
  endfacet
  facet normal 0 0 -1
    outer loop
      vertex 4.26354 6.79771 3.15
      vertex 4.2799 7.02673 3.15
      vertex 4.32147 6.69599 3.15
    endloop
  endfacet
  facet normal 0 0 -1
    outer loop
      vertex 4.2799 7.02673 3.15
      vertex 4.26354 6.79771 3.15
      vertex 4.24894 6.91385 3.15
    endloop
  endfacet
  facet normal 0.494943 -0.868926 0
    outer loop
      vertex 4.64294 6.60783 3.15
      vertex 4.74466 6.66577 3.5
      vertex 4.64294 6.60783 3.5
    endloop
  endfacet
  facet normal 0.494943 -0.868926 0
    outer loop
      vertex 4.74466 6.66577 3.5
      vertex 4.64294 6.60783 3.15
      vertex 4.74466 6.66577 3.15
    endloop
  endfacet
  facet normal -0.494915 0.868942 0
    outer loop
      vertex 4.45341 7.17711 3.15
      vertex 4.3517 7.11918 3.5
      vertex 4.45341 7.17711 3.5
    endloop
  endfacet
  facet normal -0.494915 0.868942 0
    outer loop
      vertex 4.3517 7.11918 3.5
      vertex 4.45341 7.17711 3.15
      vertex 4.3517 7.11918 3.15
    endloop
  endfacet
  facet normal 0.264483 0.96439 -0
    outer loop
      vertex 4.68244 7.16075 3.15
      vertex 4.56955 7.19171 3.5
      vertex 4.68244 7.16075 3.5
    endloop
  endfacet
  facet normal 0.264483 0.96439 0
    outer loop
      vertex 4.56955 7.19171 3.5
      vertex 4.68244 7.16075 3.15
      vertex 4.56955 7.19171 3.15
    endloop
  endfacet
  facet normal -0.868962 -0.494878 0
    outer loop
      vertex 4.32147 6.69599 3.15
      vertex 4.26354 6.79771 3.5
      vertex 4.26354 6.79771 3.15
    endloop
  endfacet
  facet normal -0.868962 -0.494878 0
    outer loop
      vertex 4.26354 6.79771 3.5
      vertex 4.32147 6.69599 3.15
      vertex 4.32147 6.69599 3.5
    endloop
  endfacet
  facet normal 0.96439 -0.264483 0
    outer loop
      vertex 4.81646 6.75821 3.5
      vertex 4.84742 6.8711 3.15
      vertex 4.84742 6.8711 3.5
    endloop
  endfacet
  facet normal 0.96439 -0.264483 0
    outer loop
      vertex 4.84742 6.8711 3.15
      vertex 4.81646 6.75821 3.5
      vertex 4.81646 6.75821 3.15
    endloop
  endfacet
  facet normal -0.264426 -0.964406 0
    outer loop
      vertex 4.41392 6.62419 3.15
      vertex 4.5268 6.59324 3.5
      vertex 4.41392 6.62419 3.5
    endloop
  endfacet
  facet normal -0.264426 -0.964406 -0
    outer loop
      vertex 4.5268 6.59324 3.5
      vertex 4.41392 6.62419 3.15
      vertex 4.5268 6.59324 3.15
    endloop
  endfacet
  facet normal -0.613379 -0.789789 0
    outer loop
      vertex 4.32147 6.69599 3.15
      vertex 4.41392 6.62419 3.5
      vertex 4.32147 6.69599 3.5
    endloop
  endfacet
  facet normal -0.613379 -0.789789 -0
    outer loop
      vertex 4.41392 6.62419 3.5
      vertex 4.32147 6.69599 3.15
      vertex 4.41392 6.62419 3.15
    endloop
  endfacet
  facet normal -0.124729 0.992191 0
    outer loop
      vertex 4.56955 7.19171 3.15
      vertex 4.45341 7.17711 3.5
      vertex 4.56955 7.19171 3.5
    endloop
  endfacet
  facet normal -0.124729 0.992191 0
    outer loop
      vertex 4.45341 7.17711 3.5
      vertex 4.56955 7.19171 3.15
      vertex 4.45341 7.17711 3.15
    endloop
  endfacet
  facet normal -0.964384 0.264505 0
    outer loop
      vertex 4.24894 6.91385 3.15
      vertex 4.2799 7.02673 3.5
      vertex 4.2799 7.02673 3.15
    endloop
  endfacet
  facet normal -0.964384 0.264505 0
    outer loop
      vertex 4.2799 7.02673 3.5
      vertex 4.24894 6.91385 3.15
      vertex 4.24894 6.91385 3.5
    endloop
  endfacet
  facet normal -0.789789 0.613379 0
    outer loop
      vertex 4.2799 7.02673 3.15
      vertex 4.3517 7.11918 3.5
      vertex 4.3517 7.11918 3.15
    endloop
  endfacet
  facet normal -0.789789 0.613379 0
    outer loop
      vertex 4.3517 7.11918 3.5
      vertex 4.2799 7.02673 3.15
      vertex 4.2799 7.02673 3.5
    endloop
  endfacet
  facet normal -0.992191 -0.124729 0
    outer loop
      vertex 4.26354 6.79771 3.15
      vertex 4.24894 6.91385 3.5
      vertex 4.24894 6.91385 3.15
    endloop
  endfacet
  facet normal -0.992191 -0.124729 0
    outer loop
      vertex 4.24894 6.91385 3.5
      vertex 4.26354 6.79771 3.15
      vertex 4.26354 6.79771 3.5
    endloop
  endfacet
  facet normal -0.894151 0.447765 3.91332e-05
    outer loop
      vertex 8.11614 15.1392 0.5
      vertex 8.00716 14.9214 2.51
      vertex 8.02664 14.9603 2.51
    endloop
  endfacet
  facet normal -0.894665 0.446738 -0.000466822
    outer loop
      vertex 8.02283 14.9527 3.38158
      vertex 7.99386 14.8948 3.49365
      vertex 8.00351 14.9141 3.46907
    endloop
  endfacet
  facet normal -0.894268 0.447532 -9.12506e-07
    outer loop
      vertex 8.02664 14.9603 2.64999
      vertex 7.57704 14.0619 2.9702
      vertex 7.99386 14.8948 3.49365
    endloop
  endfacet
  facet normal -0.894149 0.447768 -0.00047175
    outer loop
      vertex 7.57608 14.06 2.98636
      vertex 7.99386 14.8948 3.49365
      vertex 7.57704 14.0619 2.9702
    endloop
  endfacet
  facet normal -0.894228 0.447612 -0.000150783
    outer loop
      vertex 7.9495 14.8062 3.55646
      vertex 7.99386 14.8948 3.49365
      vertex 7.57608 14.06 2.98636
    endloop
  endfacet
  facet normal -0.896257 0.443484 -0.00679605
    outer loop
      vertex 7.99386 14.8948 3.49365
      vertex 7.95603 14.8192 3.54927
      vertex 7.98286 14.8729 3.51521
    endloop
  endfacet
  facet normal -0.892781 0.450438 0.00690482
    outer loop
      vertex 7.98286 14.8729 3.51521
      vertex 7.95603 14.8192 3.54927
      vertex 7.97069 14.8485 3.53339
    endloop
  endfacet
  facet normal -0.894256 0.447555 1.06975e-05
    outer loop
      vertex 7.59857 14.105 2.51
      vertex 8.00716 14.9214 2.51
      vertex 8.11614 15.1392 0.5
    endloop
  endfacet
  facet normal -0.894256 0.447555 -9.05306e-06
    outer loop
      vertex 7.5791 14.0661 2.64999
      vertex 8.00716 14.9214 2.51
      vertex 7.59857 14.105 2.51
    endloop
  endfacet
  facet normal -0.893861 0.44833 0.00348728
    outer loop
      vertex 8.02664 14.9603 2.64999
      vertex 7.5791 14.0661 2.89606
      vertex 7.57898 14.0658 2.90387
    endloop
  endfacet
  facet normal -0.894245 0.447578 0.000161614
    outer loop
      vertex 8.02664 14.9603 2.64999
      vertex 7.57898 14.0658 2.90387
      vertex 7.57704 14.0619 2.9702
    endloop
  endfacet
  facet normal -0.895139 0.44577 -0.00388459
    outer loop
      vertex 7.97069 14.8485 3.53339
      vertex 7.95603 14.8192 3.54927
      vertex 7.95753 14.8222 3.54788
    endloop
  endfacet
  facet normal -0.891483 0.452958 0.00932726
    outer loop
      vertex 7.99386 14.8948 3.49365
      vertex 7.9495 14.8062 3.55646
      vertex 7.95603 14.8192 3.54927
    endloop
  endfacet
  facet normal -0.894292 0.447484 6.00349e-05
    outer loop
      vertex 7.57068 14.0492 3.0471
      vertex 7.9495 14.8062 3.55646
      vertex 7.57608 14.06 2.98636
    endloop
  endfacet
  facet normal -0.894277 0.447513 4.69594e-06
    outer loop
      vertex 7.9495 14.8062 3.55646
      vertex 7.57068 14.0492 3.0471
      vertex 7.92543 14.7581 3.58749
    endloop
  endfacet
  facet normal -0.893866 0.448333 -0.00134018
    outer loop
      vertex 7.56875 14.0454 3.06314
      vertex 7.92543 14.7581 3.58749
      vertex 7.57068 14.0492 3.0471
    endloop
  endfacet
  facet normal -0.89405 0.447966 -0.000716213
    outer loop
      vertex 7.92543 14.7581 3.58749
      vertex 7.56875 14.0454 3.06314
      vertex 7.91936 14.746 3.59656
    endloop
  endfacet
  facet normal -0.894336 0.447395 0.000221216
    outer loop
      vertex 7.55981 14.0275 3.12196
      vertex 7.91936 14.746 3.59656
      vertex 7.56875 14.0454 3.06314
    endloop
  endfacet
  facet normal -0.894272 0.447523 -2.05906e-05
    outer loop
      vertex 7.91936 14.746 3.59656
      vertex 7.55981 14.0275 3.12196
      vertex 7.89724 14.7018 3.63446
    endloop
  endfacet
  facet normal -0.894026 0.448014 -0.000828373
    outer loop
      vertex 7.55704 14.022 3.1369
      vertex 7.89724 14.7018 3.63446
      vertex 7.55981 14.0275 3.12196
    endloop
  endfacet
  facet normal -0.894758 0.446549 0.00167294
    outer loop
      vertex 7.89724 14.7018 3.63446
      vertex 7.55704 14.022 3.1369
      vertex 7.89182 14.6909 3.6451
    endloop
  endfacet
  facet normal -0.894222 0.447624 -9.52941e-05
    outer loop
      vertex 7.54477 13.9975 3.19254
      vertex 7.89182 14.6909 3.6451
      vertex 7.55704 14.022 3.1369
    endloop
  endfacet
  facet normal -0.894283 0.447502 0
    outer loop
      vertex 7.69098 14.2896 4.5
      vertex 7.80287 14.5132 4.25
      vertex 7.80287 14.5132 4.09288
    endloop
  endfacet
  facet normal -0.894404 0.447259 -0.000270682
    outer loop
      vertex 7.80287 14.5132 4.25
      vertex 7.69098 14.2896 4.5
      vertex 7.80191 14.5113 4.28264
    endloop
  endfacet
  facet normal -0.891396 0.453208 0.0039279
    outer loop
      vertex 7.69098 14.2896 4.5
      vertex 7.80287 14.5132 4.09288
      vertex 7.8029 14.5133 4.08815
    endloop
  endfacet
  facet normal -0.894533 0.447001 -0.00029647
    outer loop
      vertex 7.69098 14.2896 4.5
      vertex 7.8029 14.5133 4.08815
      vertex 7.80336 14.5142 4.05717
    endloop
  endfacet
  facet normal -0.894271 0.447526 6.94846e-05
    outer loop
      vertex 7.80191 14.5113 4.28264
      vertex 7.69098 14.2896 4.5
      vertex 7.79906 14.5056 4.3147
    endloop
  endfacet
  facet normal -0.894382 0.447304 -0.00025452
    outer loop
      vertex 7.79906 14.5056 4.3147
      vertex 7.69098 14.2896 4.5
      vertex 7.79435 14.4962 4.34567
    endloop
  endfacet
  facet normal -0.893614 0.448832 -0.00213101
    outer loop
      vertex 7.40991 13.728 3.45691
      vertex 7.80336 14.5142 4.05717
      vertex 7.80379 14.515 4.04535
    endloop
  endfacet
  facet normal -0.893836 0.448392 0.00156746
    outer loop
      vertex 7.79435 14.4962 4.34567
      vertex 7.69098 14.2896 4.5
      vertex 7.78788 14.4832 4.375
    endloop
  endfacet
  facet normal -0.894401 0.447265 0.000427569
    outer loop
      vertex 7.4166 13.7413 3.45071
      vertex 7.80379 14.515 4.04535
      vertex 7.80756 14.5226 3.98145
    endloop
  endfacet
  facet normal -0.894678 0.446709 -0.00169158
    outer loop
      vertex 7.78788 14.4832 4.375
      vertex 7.69098 14.2896 4.5
      vertex 7.77974 14.467 4.40219
    endloop
  endfacet
  facet normal -0.894214 0.44764 0.000418763
    outer loop
      vertex 7.77974 14.467 4.40219
      vertex 7.69098 14.2896 4.5
      vertex 7.77009 14.4477 4.42677
    endloop
  endfacet
  facet normal -0.894145 0.447778 -0.000389018
    outer loop
      vertex 7.89182 14.6909 3.6451
      vertex 7.54477 13.9975 3.19254
      vertex 7.87217 14.6517 3.68896
    endloop
  endfacet
  facet normal -0.894446 0.447176 0.000601837
    outer loop
      vertex 7.54108 13.9901 3.20683
      vertex 7.87217 14.6517 3.68896
      vertex 7.54477 13.9975 3.19254
    endloop
  endfacet
  facet normal -0.894314 0.44744 0.000169323
    outer loop
      vertex 7.52563 13.9592 3.2585
      vertex 7.86728 14.6419 3.70142
      vertex 7.54108 13.9901 3.20683
    endloop
  endfacet
  facet normal -0.894179 0.447709 -0.000271664
    outer loop
      vertex 7.52122 13.9504 3.27135
      vertex 7.85038 14.6081 3.75061
      vertex 7.52563 13.9592 3.2585
    endloop
  endfacet
  facet normal -0.894042 0.447982 -0.000740694
    outer loop
      vertex 7.85038 14.6081 3.75061
      vertex 7.52122 13.9504 3.27135
      vertex 7.84631 14.6 3.76424
    endloop
  endfacet
  facet normal -0.894363 0.447341 0.000316074
    outer loop
      vertex 7.50283 13.9136 3.31821
      vertex 7.84631 14.6 3.76424
      vertex 7.52122 13.9504 3.27135
    endloop
  endfacet
  facet normal -0.894318 0.447431 0.000186774
    outer loop
      vertex 7.86728 14.6419 3.70142
      vertex 7.52563 13.9592 3.2585
      vertex 7.85038 14.6081 3.75061
    endloop
  endfacet
  facet normal -0.89427 0.447528 -6.97571e-06
    outer loop
      vertex 7.48959 13.8872 0.5
      vertex 7.59857 14.105 2.51
      vertex 8.11614 15.1392 0.5
    endloop
  endfacet
  facet normal -0.894243 0.447581 -1.42276e-05
    outer loop
      vertex 7.59857 14.105 2.51
      vertex 7.48959 13.8872 0.5
      vertex 7.5791 14.0661 2.51
    endloop
  endfacet
  facet normal -0.894577 0.446913 0.000296015
    outer loop
      vertex 8.00716 14.9214 2.51
      vertex 8.02664 14.9603 2.64999
      vertex 8.02568 14.9584 2.61736
    endloop
  endfacet
  facet normal -0.894251 0.447566 6.93661e-05
    outer loop
      vertex 7.5791 14.0661 2.64999
      vertex 8.02664 14.9603 2.64999
      vertex 8.00716 14.9214 2.51
    endloop
  endfacet
  facet normal -0.894028 0.448012 -0.000177477
    outer loop
      vertex 8.00716 14.9214 2.51
      vertex 8.02568 14.9584 2.61736
      vertex 8.02283 14.9527 2.5853
    endloop
  endfacet
  facet normal -0.894263 0.447541 0
    outer loop
      vertex 7.99386 14.8948 3.49365
      vertex 8.02664 14.9603 3.31688
      vertex 8.02664 14.9603 2.64999
    endloop
  endfacet
  facet normal -0.894609 0.446849 0.000427055
    outer loop
      vertex 8.00716 14.9214 2.51
      vertex 8.02283 14.9527 2.5853
      vertex 8.01812 14.9433 2.55432
    endloop
  endfacet
  facet normal -0.894584 0.4469 -0.000296861
    outer loop
      vertex 7.99386 14.8948 3.49365
      vertex 8.02568 14.9584 3.34952
      vertex 8.02664 14.9603 3.31688
    endloop
  endfacet
  facet normal -0.897416 0.441169 0.00392784
    outer loop
      vertex 8.00716 14.9214 2.51
      vertex 8.01812 14.9433 2.55432
      vertex 8.01165 14.9304 2.52499
    endloop
  endfacet
  facet normal -0.894239 0.44759 8.37333e-05
    outer loop
      vertex 7.99386 14.8948 3.49365
      vertex 8.02283 14.9527 3.38158
      vertex 8.02568 14.9584 3.34952
    endloop
  endfacet
  facet normal -0.894672 0.446723 -0.000474874
    outer loop
      vertex 8.02283 14.9527 3.38158
      vertex 8.00351 14.9141 3.46907
      vertex 8.01812 14.9433 3.41255
    endloop
  endfacet
  facet normal -0.896768 0.442489 -0.00320456
    outer loop
      vertex 8.01812 14.9433 3.41255
      vertex 8.00351 14.9141 3.46907
      vertex 8.01165 14.9304 3.44188
    endloop
  endfacet
  facet normal -0.899627 0.436608 -0.00672818
    outer loop
      vertex 7.58761 14.0831 2.55432
      vertex 7.59857 14.105 2.51
      vertex 7.59409 14.096 2.52499
    endloop
  endfacet
  facet normal -0.894004 0.44806 0.000320928
    outer loop
      vertex 7.58291 14.0737 2.5853
      vertex 7.59857 14.105 2.51
      vertex 7.58761 14.0831 2.55432
    endloop
  endfacet
  facet normal -0.894453 0.447161 -0.000145944
    outer loop
      vertex 7.59857 14.105 2.51
      vertex 7.58291 14.0737 2.5853
      vertex 7.5791 14.0661 2.64999
    endloop
  endfacet
  facet normal -0.893493 0.449077 0.000135727
    outer loop
      vertex 7.5791 14.0661 2.64999
      vertex 7.58291 14.0737 2.5853
      vertex 7.58005 14.068 2.61736
    endloop
  endfacet
  facet normal -0.894251 0.447566 0
    outer loop
      vertex 8.02664 14.9603 2.64999
      vertex 7.5791 14.0661 2.64999
      vertex 7.5791 14.0661 2.89606
    endloop
  endfacet
  facet normal -0.89446 0.447147 0.000652339
    outer loop
      vertex 7.87217 14.6517 3.68896
      vertex 7.54108 13.9901 3.20683
      vertex 7.86728 14.6419 3.70142
    endloop
  endfacet
  facet normal -0.894286 0.447497 1.66767e-05
    outer loop
      vertex 7.84631 14.6 3.76424
      vertex 7.50283 13.9136 3.31821
      vertex 7.8324 14.5722 3.81805
    endloop
  endfacet
  facet normal -0.893767 0.448528 -0.00168459
    outer loop
      vertex 7.49774 13.9035 3.32957
      vertex 7.8324 14.5722 3.81805
      vertex 7.50283 13.9136 3.31821
    endloop
  endfacet
  facet normal -0.894302 0.447464 0.000138374
    outer loop
      vertex 7.8324 14.5722 3.81805
      vertex 7.49774 13.9035 3.32957
      vertex 7.8292 14.5658 3.83255
    endloop
  endfacet
  facet normal -0.894258 0.447551 -4.75872e-06
    outer loop
      vertex 7.47677 13.8616 3.37067
      vertex 7.8292 14.5658 3.83255
      vertex 7.49774 13.9035 3.32957
    endloop
  endfacet
  facet normal -0.894227 0.447615 -0.000125332
    outer loop
      vertex 7.8292 14.5658 3.83255
      vertex 7.47677 13.8616 3.37067
      vertex 7.81853 14.5445 3.89006
    endloop
  endfacet
  facet normal -0.894341 0.447386 0.000251058
    outer loop
      vertex 7.47102 13.8501 3.38052
      vertex 7.81853 14.5445 3.89006
      vertex 7.47677 13.8616 3.37067
    endloop
  endfacet
  facet normal -0.894717 0.44663 0.00153751
    outer loop
      vertex 7.81853 14.5445 3.89006
      vertex 7.47102 13.8501 3.38052
      vertex 7.81621 14.5398 3.90529
    endloop
  endfacet
  facet normal -0.894223 0.447623 -9.27161e-05
    outer loop
      vertex 7.44789 13.8039 3.41505
      vertex 7.81621 14.5398 3.90529
      vertex 7.47102 13.8501 3.38052
    endloop
  endfacet
  facet normal -0.894204 0.44766 -0.00016353
    outer loop
      vertex 7.81621 14.5398 3.90529
      vertex 7.44789 13.8039 3.41505
      vertex 7.80899 14.5254 3.96547
    endloop
  endfacet
  facet normal -0.894499 0.447069 0.000805291
    outer loop
      vertex 7.4415 13.7911 3.42329
      vertex 7.80899 14.5254 3.96547
      vertex 7.44789 13.8039 3.41505
    endloop
  endfacet
  facet normal -0.89384 0.448384 -0.00142161
    outer loop
      vertex 7.80899 14.5254 3.96547
      vertex 7.4415 13.7911 3.42329
      vertex 7.80756 14.5226 3.98145
    endloop
  endfacet
  facet normal -0.894169 0.447728 0.000656609
    outer loop
      vertex 7.77009 14.4477 4.42677
      vertex 7.69098 14.2896 4.5
      vertex 7.75909 14.4257 4.44833
    endloop
  endfacet
  facet normal -0.894471 0.447125 -0.00143756
    outer loop
      vertex 7.74692 14.4014 4.46651
      vertex 7.69098 14.2896 4.5
      vertex 7.7338 14.3752 4.48097
    endloop
  endfacet
  facet normal -0.894408 0.447252 -0.00072342
    outer loop
      vertex 7.7338 14.3752 4.48097
      vertex 7.69098 14.2896 4.5
      vertex 7.71994 14.3475 4.49149
    endloop
  endfacet
  facet normal -0.894242 0.447578 0.00206
    outer loop
      vertex 7.71994 14.3475 4.49149
      vertex 7.69098 14.2896 4.5
      vertex 7.70559 14.3188 4.49786
    endloop
  endfacet
  facet normal -0.89441 0.447247 -0.000927643
    outer loop
      vertex 7.75909 14.4257 4.44833
      vertex 7.69098 14.2896 4.5
      vertex 7.74692 14.4014 4.46651
    endloop
  endfacet
  facet normal -0.894364 0.447341 0.000288527
    outer loop
      vertex 7.4166 13.7413 3.45071
      vertex 7.80756 14.5226 3.98145
      vertex 7.4415 13.7911 3.42329
    endloop
  endfacet
  facet normal -0.893696 0.448669 -0.00185876
    outer loop
      vertex 7.80379 14.515 4.04535
      vertex 7.4166 13.7413 3.45071
      vertex 7.40991 13.728 3.45691
    endloop
  endfacet
  facet normal -0.894277 0.447514 2.90963e-05
    outer loop
      vertex 7.80336 14.5142 4.05717
      vertex 7.40991 13.728 3.45691
      vertex 7.69098 14.2896 4.5
    endloop
  endfacet
  facet normal -0.894285 0.447498 4.01931e-05
    outer loop
      vertex 7.38359 13.6754 3.47688
      vertex 7.69098 14.2896 4.5
      vertex 7.40991 13.728 3.45691
    endloop
  endfacet
  facet normal -0.894822 0.446422 0.000847449
    outer loop
      vertex 7.37641 13.661 3.48119
      vertex 7.69098 14.2896 4.5
      vertex 7.38359 13.6754 3.47688
    endloop
  endfacet
  facet normal -0.894177 0.447714 -0.000149004
    outer loop
      vertex 7.34922 13.6067 3.49326
      vertex 7.69098 14.2896 4.5
      vertex 7.37641 13.661 3.48119
    endloop
  endfacet
  facet normal -0.893734 0.448596 -0.000897733
    outer loop
      vertex 7.34199 13.5923 3.49539
      vertex 7.69098 14.2896 4.5
      vertex 7.34922 13.6067 3.49326
    endloop
  endfacet
  facet normal -0.894246 0.447575 -1.08127e-05
    outer loop
      vertex 7.31231 13.533 3.49974
      vertex 7.69098 14.2896 4.5
      vertex 7.34199 13.5923 3.49539
    endloop
  endfacet
  facet normal -0.894422 0.447223 0.000321809
    outer loop
      vertex 7.30881 13.526 3.5
      vertex 7.69098 14.2896 4.5
      vertex 7.31231 13.533 3.49974
    endloop
  endfacet
  facet normal -0.894265 0.447538 2.10084e-05
    outer loop
      vertex 7.30881 13.526 3.5
      vertex 2.44692 3.81099 4.5
      vertex 7.69098 14.2896 4.5
    endloop
  endfacet
  facet normal -0.894266 0.447536 -3.88694e-06
    outer loop
      vertex 2.06475 3.04733 3.5
      vertex 2.44692 3.81099 4.5
      vertex 7.30881 13.526 3.5
    endloop
  endfacet
  facet normal -0.894671 0.446724 0.000771004
    outer loop
      vertex 2.44692 3.81099 4.5
      vertex 2.06475 3.04733 3.5
      vertex 2.44343 3.804 4.50026
    endloop
  endfacet
  facet normal -0.894247 0.447573 -3.19092e-05
    outer loop
      vertex 2.44343 3.804 4.50026
      vertex 2.06475 3.04733 3.5
      vertex 2.41374 3.74468 4.50461
    endloop
  endfacet
  facet normal -0.8943 0.447468 5.95195e-05
    outer loop
      vertex 2.06475 3.04733 3.5
      vertex 2.40651 3.73023 4.50674
      vertex 2.41374 3.74468 4.50461
    endloop
  endfacet
  facet normal -0.894234 0.447599 -5.18362e-05
    outer loop
      vertex 2.06475 3.04733 3.5
      vertex 2.37932 3.67591 4.51881
      vertex 2.40651 3.73023 4.50674
    endloop
  endfacet
  facet normal -0.894402 0.447263 0.000207357
    outer loop
      vertex 2.06475 3.04733 3.5
      vertex 2.37215 3.66157 4.52312
      vertex 2.37932 3.67591 4.51881
    endloop
  endfacet
  facet normal -0.894231 0.447606 -5.00577e-05
    outer loop
      vertex 2.06475 3.04733 3.5
      vertex 2.34582 3.60897 4.54309
      vertex 2.37215 3.66157 4.52312
    endloop
  endfacet
  facet normal -0.894268 0.447532 -5.37013e-08
    outer loop
      vertex 1.95238 2.82279 3.94283
      vertex 2.34582 3.60897 4.54309
      vertex 2.06475 3.04733 3.5
    endloop
  endfacet
  facet normal -0.894276 0.447515 2.74422e-05
    outer loop
      vertex 1.95195 2.82193 3.95465
      vertex 2.34582 3.60897 4.54309
      vertex 1.95238 2.82279 3.94283
    endloop
  endfacet
  facet normal -0.894366 0.447335 0.000328231
    outer loop
      vertex 2.34582 3.60897 4.54309
      vertex 1.95195 2.82193 3.95465
      vertex 2.33914 3.59561 4.54929
    endloop
  endfacet
  facet normal -0.894279 0.44751 4.3786e-05
    outer loop
      vertex 1.94818 2.81439 4.01852
      vertex 2.33914 3.59561 4.54929
      vertex 1.95195 2.82193 3.95465
    endloop
  endfacet
  facet normal -0.894256 0.447556 -3.96019e-05
    outer loop
      vertex 2.33914 3.59561 4.54929
      vertex 1.94818 2.81439 4.01852
      vertex 2.31424 3.54586 4.57671
    endloop
  endfacet
  facet normal -0.894212 0.447643 -0.0001836
    outer loop
      vertex 1.94675 2.81154 4.03453
      vertex 2.31424 3.54586 4.57671
      vertex 1.94818 2.81439 4.01852
    endloop
  endfacet
  facet normal -0.894233 0.447601 -0.000107275
    outer loop
      vertex 1.93954 2.79715 4.09456
      vertex 2.30784 3.53307 4.58495
      vertex 1.94675 2.81154 4.03453
    endloop
  endfacet
  facet normal -0.894267 0.447534 1.8411e-05
    outer loop
      vertex 2.30784 3.53307 4.58495
      vertex 1.93954 2.79715 4.09456
      vertex 2.28472 3.48687 4.61948
    endloop
  endfacet
  facet normal -0.894364 0.447339 0.000338521
    outer loop
      vertex 1.93721 2.79248 4.10994
      vertex 2.28472 3.48687 4.61948
      vertex 1.93954 2.79715 4.09456
    endloop
  endfacet
  facet normal -0.894268 0.447532 1.03838e-05
    outer loop
      vertex 2.28472 3.48687 4.61948
      vertex 1.93721 2.79248 4.10994
      vertex 2.27897 3.47538 4.62933
    endloop
  endfacet
  facet normal -0.894282 0.447504 5.67947e-05
    outer loop
      vertex 1.92654 2.77115 4.16745
      vertex 2.27897 3.47538 4.62933
      vertex 1.93721 2.79248 4.10994
    endloop
  endfacet
  facet normal -0.89428 0.447508 4.88453e-05
    outer loop
      vertex 2.27897 3.47538 4.62933
      vertex 1.92654 2.77115 4.16745
      vertex 2.258 3.43347 4.67043
    endloop
  endfacet
  facet normal -0.894188 0.447692 -0.000251861
    outer loop
      vertex 2.258 3.43347 4.67043
      vertex 1.92333 2.76475 4.18195
      vertex 2.25291 3.42331 4.68179
    endloop
  endfacet
  facet normal -0.894274 0.44752 3.17004e-05
    outer loop
      vertex 1.90943 2.73697 4.23576
      vertex 2.25291 3.42331 4.68179
      vertex 1.92333 2.76475 4.18195
    endloop
  endfacet
  facet normal -0.894271 0.447526 2.02122e-05
    outer loop
      vertex 2.25291 3.42331 4.68179
      vertex 1.90943 2.73697 4.23576
      vertex 2.23452 3.38656 4.72865
    endloop
  endfacet
  facet normal -0.894247 0.447574 -5.86185e-05
    outer loop
      vertex 1.90535 2.72882 4.24939
      vertex 2.23452 3.38656 4.72865
      vertex 1.90943 2.73697 4.23576
    endloop
  endfacet
  facet normal -0.894318 0.447431 0.000186636
    outer loop
      vertex 2.23452 3.38656 4.72865
      vertex 1.90535 2.72882 4.24939
      vertex 2.23011 3.37774 4.7415
    endloop
  endfacet
  facet normal -0.894264 0.44754 7.31787e-06
    outer loop
      vertex 1.88845 2.69505 4.29858
      vertex 2.23011 3.37774 4.7415
      vertex 1.90535 2.72882 4.24939
    endloop
  endfacet
  facet normal -0.894227 0.447613 -0.000134154
    outer loop
      vertex 2.23011 3.37774 4.7415
      vertex 1.88845 2.69505 4.29858
      vertex 2.21465 3.34687 4.79317
    endloop
  endfacet
  facet normal -0.894259 0.44755 -2.93948e-05
    outer loop
      vertex 1.88356 2.68528 4.31104
      vertex 2.21465 3.34687 4.79317
      vertex 1.88845 2.69505 4.29858
    endloop
  endfacet
  facet normal -0.894169 0.447729 0.000438241
    outer loop
      vertex 1.97599 2.86997 3.59781
      vertex 2.06475 3.04733 3.5
      vertex 2.05014 3.01815 3.50214
    endloop
  endfacet
  facet normal -0.894408 0.447252 -0.000486891
    outer loop
      vertex 1.97599 2.86997 3.59781
      vertex 2.05014 3.01815 3.50214
      vertex 2.0358 2.98948 3.50851
    endloop
  endfacet
  facet normal -0.894072 0.447923 0.000637056
    outer loop
      vertex 1.97599 2.86997 3.59781
      vertex 2.0358 2.98948 3.50851
      vertex 2.02193 2.96178 3.51903
    endloop
  endfacet
  facet normal -0.894481 0.447105 -0.000555701
    outer loop
      vertex 1.97599 2.86997 3.59781
      vertex 2.02193 2.96178 3.51903
      vertex 2.00881 2.93555 3.53349
    endloop
  endfacet
  facet normal -0.893757 0.44855 0.0014972
    outer loop
      vertex 1.98564 2.88925 3.57323
      vertex 2.00881 2.93555 3.53349
      vertex 1.99664 2.91124 3.55167
    endloop
  endfacet
  facet normal -0.894337 0.447395 -0.000186146
    outer loop
      vertex 1.97599 2.86997 3.59781
      vertex 2.00881 2.93555 3.53349
      vertex 1.98564 2.88925 3.57323
    endloop
  endfacet
  facet normal -0.894241 0.447587 0.00011429
    outer loop
      vertex 2.06475 3.04733 3.5
      vertex 1.97599 2.86997 3.59781
      vertex 1.96786 2.85372 3.625
    endloop
  endfacet
  facet normal -0.894318 0.447433 -0.000184145
    outer loop
      vertex 2.06475 3.04733 3.5
      vertex 1.96786 2.85372 3.625
      vertex 1.96138 2.84078 3.65433
    endloop
  endfacet
  facet normal -0.894214 0.447639 0.000161445
    outer loop
      vertex 2.06475 3.04733 3.5
      vertex 1.96138 2.84078 3.65433
      vertex 1.95668 2.83138 3.6853
    endloop
  endfacet
  facet normal -0.894354 0.447359 -0.000246639
    outer loop
      vertex 2.06475 3.04733 3.5
      vertex 1.95668 2.83138 3.6853
      vertex 1.95382 2.82568 3.71736
    endloop
  endfacet
  facet normal -0.89419 0.447687 0.000171613
    outer loop
      vertex 2.06475 3.04733 3.5
      vertex 1.95382 2.82568 3.71736
      vertex 1.95287 2.82377 3.75
    endloop
  endfacet
  facet normal -0.894267 0.447534 0
    outer loop
      vertex 2.06475 3.04733 3.5
      vertex 1.95287 2.82377 3.75
      vertex 1.95287 2.82377 3.90712
    endloop
  endfacet
  facet normal -0.89497 0.446126 -0.000966171
    outer loop
      vertex 2.06475 3.04733 3.5
      vertex 1.95287 2.82377 3.90712
      vertex 1.95283 2.8237 3.91185
    endloop
  endfacet
  facet normal -0.894137 0.447793 0.000165599
    outer loop
      vertex 2.06475 3.04733 3.5
      vertex 1.95283 2.8237 3.91185
      vertex 1.95238 2.82279 3.94283
    endloop
  endfacet
  facet normal -0.894278 0.447513 3.78157e-05
    outer loop
      vertex 2.31424 3.54586 4.57671
      vertex 1.94675 2.81154 4.03453
      vertex 2.30784 3.53307 4.58495
    endloop
  endfacet
  facet normal -0.894165 0.447737 -0.000327968
    outer loop
      vertex 1.92333 2.76475 4.18195
      vertex 2.258 3.43347 4.67043
      vertex 1.92654 2.77115 4.16745
    endloop
  endfacet
  facet normal -0.894245 0.447578 -7.79474e-05
    outer loop
      vertex 2.21465 3.34687 4.79317
      vertex 1.88356 2.68528 4.31104
      vertex 2.21096 3.3395 4.80746
    endloop
  endfacet
  facet normal -0.894259 0.44755 -3.15325e-05
    outer loop
      vertex 1.86391 2.64602 4.3549
      vertex 2.21096 3.3395 4.80746
      vertex 1.88356 2.68528 4.31104
    endloop
  endfacet
  facet normal -0.89427 0.447527 1.19951e-05
    outer loop
      vertex 2.21096 3.3395 4.80746
      vertex 1.86391 2.64602 4.3549
      vertex 2.19869 3.31498 4.8631
    endloop
  endfacet
  facet normal -0.894265 0.447539 -6.78765e-06
    outer loop
      vertex 1.85849 2.63519 4.36554
      vertex 2.19869 3.31498 4.8631
      vertex 1.86391 2.64602 4.3549
    endloop
  endfacet
  facet normal -0.894301 0.447466 0.000117026
    outer loop
      vertex 2.19869 3.31498 4.8631
      vertex 1.85849 2.63519 4.36554
      vertex 2.19592 3.30944 4.87804
    endloop
  endfacet
  facet normal -0.894265 0.447537 -7.42028e-08
    outer loop
      vertex 1.83637 2.59099 4.40344
      vertex 2.19592 3.30944 4.87804
      vertex 1.85849 2.63519 4.36554
    endloop
  endfacet
  facet normal -0.894276 0.447517 3.90472e-05
    outer loop
      vertex 2.19592 3.30944 4.87804
      vertex 1.83637 2.59099 4.40344
      vertex 2.18698 3.29157 4.93686
    endloop
  endfacet
  facet normal -0.894272 0.447524 2.6407e-05
    outer loop
      vertex 1.8303 2.57886 4.41251
      vertex 2.18698 3.29157 4.93686
      vertex 1.83637 2.59099 4.40344
    endloop
  endfacet
  facet normal -0.894265 0.447537 4.71994e-06
    outer loop
      vertex 1.7291 2.37664 4.68312
      vertex 2.18698 3.29157 4.93686
      vertex 1.8303 2.57886 4.41251
    endloop
  endfacet
  facet normal -0.894275 0.447518 9.10627e-05
    outer loop
      vertex 2.18698 3.29157 4.93686
      vertex 1.7291 2.37664 4.68312
      vertex 2.18506 3.28773 4.9529
    endloop
  endfacet
  facet normal -0.894256 0.447556 -7.10591e-05
    outer loop
      vertex 2.18506 3.28773 4.9529
      vertex 1.7291 2.37664 4.68312
      vertex 2.17965 3.27693 5.01364
    endloop
  endfacet
  facet normal -0.894312 0.447444 0.000310771
    outer loop
      vertex 2.17965 3.27693 5.01364
      vertex 1.7291 2.37664 4.68312
      vertex 2.1787 3.27502 5.0298
    endloop
  endfacet
  facet normal -0.894257 0.447553 -4.2513e-05
    outer loop
      vertex 2.1787 3.27502 5.0298
      vertex 1.7291 2.37664 4.68312
      vertex 2.17675 3.27113 5.09613
    endloop
  endfacet
  facet normal -0.894372 0.447324 0.000576665
    outer loop
      vertex 2.17675 3.27113 5.09613
      vertex 1.7291 2.37664 4.68312
      vertex 2.17664 3.2709 5.10394
    endloop
  endfacet
  facet normal -0.89436 0.447348 -0.000171845
    outer loop
      vertex 1.7291 2.37664 4.68312
      vertex 1.8303 2.57886 4.41251
      vertex 1.80624 2.53077 4.44354
    endloop
  endfacet
  facet normal -0.893885 0.448295 0.000590454
    outer loop
      vertex 1.7291 2.37664 4.68312
      vertex 1.80624 2.53077 4.44354
      vertex 1.7997 2.51772 4.45073
    endloop
  endfacet
  facet normal -0.895927 0.444173 -0.00493149
    outer loop
      vertex 1.75222 2.42284 4.53093
      vertex 1.7997 2.51772 4.45073
      vertex 1.79821 2.51473 4.45212
    endloop
  endfacet
  facet normal -0.894171 0.447725 0.000234267
    outer loop
      vertex 1.75222 2.42284 4.53093
      vertex 1.79821 2.51473 4.45212
      vertex 1.78504 2.48842 4.46661
    endloop
  endfacet
  facet normal -0.89433 0.447407 -0.000167764
    outer loop
      vertex 1.76187 2.44212 4.50635
      vertex 1.78504 2.48842 4.46661
      vertex 1.77287 2.4641 4.48479
    endloop
  endfacet
  facet normal -0.894337 0.447395 -0.000186146
    outer loop
      vertex 1.75222 2.42284 4.53093
      vertex 1.78504 2.48842 4.46661
      vertex 1.76187 2.44212 4.50635
    endloop
  endfacet
  facet normal -0.894235 0.447598 0.000123011
    outer loop
      vertex 1.7997 2.51772 4.45073
      vertex 1.75222 2.42284 4.53093
      vertex 1.74409 2.40659 4.55812
    endloop
  endfacet
  facet normal -0.89438 0.447308 -0.000253034
    outer loop
      vertex 1.7997 2.51772 4.45073
      vertex 1.74409 2.40659 4.55812
      vertex 1.73761 2.39365 4.58745
    endloop
  endfacet
  facet normal -0.894189 0.44769 0.000180776
    outer loop
      vertex 1.7997 2.51772 4.45073
      vertex 1.73761 2.39365 4.58745
      vertex 1.73291 2.38425 4.61842
    endloop
  endfacet
  facet normal -0.894295 0.447478 -3.02336e-05
    outer loop
      vertex 1.7997 2.51772 4.45073
      vertex 1.73291 2.38425 4.61842
      vertex 1.7291 2.37664 4.68312
    endloop
  endfacet
  facet normal -0.89303 0.449997 0.000340574
    outer loop
      vertex 1.7291 2.37664 4.68312
      vertex 1.73291 2.38425 4.61842
      vertex 1.73005 2.37855 4.65048
    endloop
  endfacet
  facet normal -0.894263 0.447542 0
    outer loop
      vertex 1.7291 2.37664 7.2
      vertex 2.17664 3.2709 5.10394
      vertex 1.7291 2.37664 4.68312
    endloop
  endfacet
  facet normal -0.894263 0.447542 0
    outer loop
      vertex 2.17664 3.2709 5.10394
      vertex 1.7291 2.37664 7.2
      vertex 2.17664 3.2709 7.2
    endloop
  endfacet
  facet normal -0.894183 0.447701 0
    outer loop
      vertex 2.17664 3.2709 8
      vertex 2.16929 3.25622 11.1708
      vertex 2.17664 3.2709 11.2041
    endloop
  endfacet
  facet normal -0.893729 0.448608 5.25357e-06
    outer loop
      vertex 2.17664 3.2709 8
      vertex 2.16801 3.25367 11.1665
      vertex 2.16929 3.25622 11.1708
    endloop
  endfacet
  facet normal -0.894319 0.447429 -2.76899e-06
    outer loop
      vertex 2.17664 3.2709 8
      vertex 2.15113 3.21993 11.1101
      vertex 2.16801 3.25367 11.1665
    endloop
  endfacet
  facet normal -0.894205 0.447658 1.91971e-06
    outer loop
      vertex 2.17664 3.2709 8
      vertex 2.13108 3.17988 11.059
      vertex 2.15113 3.21993 11.1101
    endloop
  endfacet
  facet normal -0.89442 0.447228 -1.40919e-05
    outer loop
      vertex 2.17664 3.2709 8
      vertex 2.12957 3.17686 11.0552
      vertex 2.13108 3.17988 11.059
    endloop
  endfacet
  facet normal -0.894308 0.447453 -5.43077e-06
    outer loop
      vertex 2.17664 3.2709 8
      vertex 2.10672 3.13119 11.0104
      vertex 2.12957 3.17686 11.0552
    endloop
  endfacet
  facet normal -0.89442 0.447228 -1.84652e-05
    outer loop
      vertex 2.17664 3.2709 8
      vertex 2.105 3.12775 11.007
      vertex 2.10672 3.13119 11.0104
    endloop
  endfacet
  facet normal -0.893511 0.449041 8.94839e-05
    outer loop
      vertex 2.17664 3.2709 8
      vertex 2.10309 3.12395 11.0042
      vertex 2.105 3.12775 11.007
    endloop
  endfacet
  facet normal -0.894318 0.447431 -9.0059e-06
    outer loop
      vertex 2.17664 3.2709 8
      vertex 2.07782 3.07344 10.9664
      vertex 2.10309 3.12395 11.0042
    endloop
  endfacet
  facet normal -0.893578 0.448907 0.000113898
    outer loop
      vertex 2.17664 3.2709 8
      vertex 2.07576 3.06934 10.9642
      vertex 2.07782 3.07344 10.9664
    endloop
  endfacet
  facet normal -0.894294 0.44748 -7.56184e-06
    outer loop
      vertex 2.17664 3.2709 8
      vertex 2.0485 3.01486 10.9341
      vertex 2.07576 3.06934 10.9642
    endloop
  endfacet
  facet normal -0.894301 0.447465 -9.13838e-06
    outer loop
      vertex 2.17664 3.2709 8
      vertex 2.01972 2.95734 10.9123
      vertex 2.0485 3.01486 10.9341
    endloop
  endfacet
  facet normal -0.894024 0.448019 6.54092e-05
    outer loop
      vertex 2.17664 3.2709 8
      vertex 2.01755 2.95301 10.9106
      vertex 2.01972 2.95734 10.9123
    endloop
  endfacet
  facet normal -0.894034 0.447999 6.26723e-05
    outer loop
      vertex 2.17664 3.2709 8
      vertex 2.0153 2.94852 10.9096
      vertex 2.01755 2.95301 10.9106
    endloop
  endfacet
  facet normal -0.894277 0.447515 -4.41145e-06
    outer loop
      vertex 2.17664 3.2709 8
      vertex 1.98549 2.88895 10.8964
      vertex 2.0153 2.94852 10.9096
    endloop
  endfacet
  facet normal -0.894038 0.447992 7.43294e-05
    outer loop
      vertex 2.17664 3.2709 8
      vertex 1.9832 2.88438 10.8961
      vertex 1.98549 2.88895 10.8964
    endloop
  endfacet
  facet normal -0.894279 0.447509 -6.2897e-06
    outer loop
      vertex 2.17664 3.2709 8
      vertex 1.95287 2.82377 10.8916
      vertex 1.9832 2.88438 10.8961
    endloop
  endfacet
  facet normal -0.894263 0.447542 3.83949e-17
    outer loop
      vertex 1.7291 2.37664 8
      vertex 1.95287 2.82377 10.8916
      vertex 2.17664 3.2709 8
    endloop
  endfacet
  facet normal -0.894279 0.447509 6.2897e-06
    outer loop
      vertex 1.95287 2.82377 10.8916
      vertex 1.7291 2.37664 8
      vertex 1.92254 2.76316 10.8961
    endloop
  endfacet
  facet normal -0.894038 0.447992 -7.43294e-05
    outer loop
      vertex 1.92254 2.76316 10.8961
      vertex 1.7291 2.37664 8
      vertex 1.92025 2.75859 10.8964
    endloop
  endfacet
  facet normal -0.894277 0.447515 4.41145e-06
    outer loop
      vertex 1.92025 2.75859 10.8964
      vertex 1.7291 2.37664 8
      vertex 1.89044 2.69902 10.9096
    endloop
  endfacet
  facet normal -0.894034 0.447999 -6.26723e-05
    outer loop
      vertex 1.89044 2.69902 10.9096
      vertex 1.7291 2.37664 8
      vertex 1.88819 2.69453 10.9106
    endloop
  endfacet
  facet normal -0.89442 0.447227 4.27301e-05
    outer loop
      vertex 1.88819 2.69453 10.9106
      vertex 1.7291 2.37664 8
      vertex 1.88602 2.69019 10.9123
    endloop
  endfacet
  facet normal -0.894211 0.447645 -1.35182e-05
    outer loop
      vertex 1.88602 2.69019 10.9123
      vertex 1.7291 2.37664 8
      vertex 1.85723 2.63268 10.9341
    endloop
  endfacet
  facet normal -0.894295 0.447478 4.6541e-06
    outer loop
      vertex 1.85723 2.63268 10.9341
      vertex 1.7291 2.37664 8
      vertex 1.82997 2.5782 10.9642
    endloop
  endfacet
  facet normal -0.894422 0.447225 2.62007e-05
    outer loop
      vertex 1.82997 2.5782 10.9642
      vertex 1.7291 2.37664 8
      vertex 1.82792 2.5741 10.9664
    endloop
  endfacet
  facet normal -0.894251 0.447566 -2.22061e-06
    outer loop
      vertex 1.82792 2.5741 10.9664
      vertex 1.7291 2.37664 8
      vertex 1.80264 2.52359 11.0042
    endloop
  endfacet
  facet normal -0.894422 0.447225 1.86788e-05
    outer loop
      vertex 1.80264 2.52359 11.0042
      vertex 1.7291 2.37664 8
      vertex 1.80074 2.51979 11.007
    endloop
  endfacet
  facet normal -0.894915 0.446237 7.74543e-05
    outer loop
      vertex 1.80074 2.51979 11.007
      vertex 1.7291 2.37664 8
      vertex 1.79902 2.51634 11.0104
    endloop
  endfacet
  facet normal -0.894194 0.447679 -6.18971e-06
    outer loop
      vertex 1.79902 2.51634 11.0104
      vertex 1.7291 2.37664 8
      vertex 1.77616 2.47068 11.0552
    endloop
  endfacet
  facet normal -0.894422 0.447225 1.12735e-05
    outer loop
      vertex 1.77616 2.47068 11.0552
      vertex 1.7291 2.37664 8
      vertex 1.77465 2.46766 11.059
    endloop
  endfacet
  facet normal -0.894292 0.447483 1.66461e-06
    outer loop
      vertex 1.77465 2.46766 11.059
      vertex 1.7291 2.37664 8
      vertex 1.75461 2.42761 11.1101
    endloop
  endfacet
  facet normal -0.894268 0.447532 6.56766e-07
    outer loop
      vertex 1.75461 2.42761 11.1101
      vertex 1.7291 2.37664 8
      vertex 1.73772 2.39386 11.1665
    endloop
  endfacet
  facet normal -0.894425 0.447217 2.79888e-06
    outer loop
      vertex 1.73772 2.39386 11.1665
      vertex 1.7291 2.37664 8
      vertex 1.73645 2.39132 11.1708
    endloop
  endfacet
  facet normal -0.894183 0.447701 0
    outer loop
      vertex 1.73645 2.39132 11.1708
      vertex 1.7291 2.37664 8
      vertex 1.7291 2.37664 11.2041
    endloop
  endfacet
  facet normal 0.894205 -0.447659 -3.23852e-05
    outer loop
      vertex 8.58525 13.8421 4.5
      vertex 8.69713 14.0656 4.25
      vertex 8.69618 14.0637 4.28264
    endloop
  endfacet
  facet normal 0.894487 -0.447095 0.000282698
    outer loop
      vertex 8.8503 14.3717 3.54927
      vertex 8.9209 14.5128 3.31688
      vertex 8.91994 14.5109 3.34952
    endloop
  endfacet
  facet normal 0.894268 -0.447532 0
    outer loop
      vertex 8.9209 14.5128 3.31688
      vertex 8.4713 13.6144 2.9702
      vertex 8.9209 14.5128 2.64999
    endloop
  endfacet
  facet normal 0.894289 -0.44749 -6.13379e-05
    outer loop
      vertex 8.8503 14.3717 3.54927
      vertex 8.91994 14.5109 3.34952
      vertex 8.91709 14.5052 3.38158
    endloop
  endfacet
  facet normal 0.894264 -0.447539 -2.39116e-05
    outer loop
      vertex 8.47325 13.6183 2.90387
      vertex 8.9209 14.5128 2.64999
      vertex 8.4713 13.6144 2.9702
    endloop
  endfacet
  facet normal 0.894488 -0.447091 0.000335318
    outer loop
      vertex 8.8503 14.3717 3.54927
      vertex 8.91709 14.5052 3.38158
      vertex 8.91238 14.4958 3.41255
    endloop
  endfacet
  facet normal 0.894396 -0.447274 0.00114326
    outer loop
      vertex 8.47336 13.6185 2.89606
      vertex 8.9209 14.5128 2.64999
      vertex 8.47325 13.6183 2.90387
    endloop
  endfacet
  facet normal 0.893468 -0.449123 -0.00197307
    outer loop
      vertex 8.8503 14.3717 3.54927
      vertex 8.91238 14.4958 3.41255
      vertex 8.90591 14.4828 3.44188
    endloop
  endfacet
  facet normal 0.894271 -0.447526 0
    outer loop
      vertex 8.47336 13.6185 2.64999
      vertex 8.9209 14.5128 2.64999
      vertex 8.47336 13.6185 2.89606
    endloop
  endfacet
  facet normal 0.894271 -0.447526 -1.93936e-05
    outer loop
      vertex 8.90143 14.4739 2.51
      vertex 8.9209 14.5128 2.64999
      vertex 8.47336 13.6185 2.64999
    endloop
  endfacet
  facet normal 0.89487 -0.446324 0.00164921
    outer loop
      vertex 8.8503 14.3717 3.54927
      vertex 8.90591 14.4828 3.44188
      vertex 8.89778 14.4666 3.46907
    endloop
  endfacet
  facet normal 0.894243 -0.447581 8.04017e-06
    outer loop
      vertex 8.90143 14.4739 2.51
      vertex 9.01041 14.6916 0.5
      vertex 8.9209 14.5128 2.51
    endloop
  endfacet
  facet normal 0.894091 -0.447885 -0.000659646
    outer loop
      vertex 8.8503 14.3717 3.54927
      vertex 8.89778 14.4666 3.46907
      vertex 8.88813 14.4473 3.49365
    endloop
  endfacet
  facet normal 0.893856 -0.448351 -0.00145201
    outer loop
      vertex 8.8503 14.3717 3.54927
      vertex 8.88813 14.4473 3.49365
      vertex 8.87713 14.4253 3.51521
    endloop
  endfacet
  facet normal 0.894756 -0.44655 0.00209075
    outer loop
      vertex 8.8503 14.3717 3.54927
      vertex 8.87713 14.4253 3.51521
      vertex 8.86496 14.401 3.53339
    endloop
  endfacet
  facet normal 0.902468 -0.428689 0.0421665
    outer loop
      vertex 8.8503 14.3717 3.54927
      vertex 8.86496 14.401 3.53339
      vertex 8.85179 14.3747 3.54788
    endloop
  endfacet
  facet normal 0.8949 -0.446267 0.000910859
    outer loop
      vertex 8.9209 14.5128 3.31688
      vertex 8.8503 14.3717 3.54927
      vertex 8.84376 14.3586 3.55646
    endloop
  endfacet
  facet normal 0.893726 -0.448611 -0.000975843
    outer loop
      vertex 8.9209 14.5128 3.31688
      vertex 8.84376 14.3586 3.55646
      vertex 8.8197 14.3106 3.58749
    endloop
  endfacet
  facet normal 0.894694 -0.44668 -0.000312996
    outer loop
      vertex 8.9209 14.5128 2.64999
      vertex 8.90143 14.4739 2.51
      vertex 8.91994 14.5109 2.61736
    endloop
  endfacet
  facet normal 0.894274 -0.44752 4.38709e-05
    outer loop
      vertex 8.9209 14.5128 3.31688
      vertex 8.8197 14.3106 3.58749
      vertex 8.46302 13.5978 3.06314
    endloop
  endfacet
  facet normal 0.894793 -0.446479 -0.00172528
    outer loop
      vertex 8.46302 13.5978 3.06314
      vertex 8.8197 14.3106 3.58749
      vertex 8.81363 14.2984 3.59656
    endloop
  endfacet
  facet normal 0.894258 -0.447551 -2.04435e-05
    outer loop
      vertex 8.45408 13.58 3.12196
      vertex 8.81363 14.2984 3.59656
      vertex 8.79151 14.2542 3.63446
    endloop
  endfacet
  facet normal 0.894054 -0.447959 0.000734435
    outer loop
      vertex 8.45131 13.5744 3.1369
      vertex 8.79151 14.2542 3.63446
      vertex 8.78609 14.2434 3.6451
    endloop
  endfacet
  facet normal 0.894326 -0.447415 -0.000226037
    outer loop
      vertex 8.43903 13.5499 3.19254
      vertex 8.78609 14.2434 3.6451
      vertex 8.76644 14.2041 3.68896
    endloop
  endfacet
  facet normal 0.893774 -0.448514 0.00160242
    outer loop
      vertex 8.43535 13.5426 3.20683
      vertex 8.76644 14.2041 3.68896
      vertex 8.76155 14.1944 3.70142
    endloop
  endfacet
  facet normal 0.894315 -0.447438 -0.000192999
    outer loop
      vertex 8.41989 13.5117 3.2585
      vertex 8.76155 14.1944 3.70142
      vertex 8.74465 14.1606 3.75061
    endloop
  endfacet
  facet normal 0.894572 -0.446923 -0.00109463
    outer loop
      vertex 8.41548 13.5029 3.27135
      vertex 8.74465 14.1606 3.75061
      vertex 8.74057 14.1524 3.76424
    endloop
  endfacet
  facet normal 0.894136 -0.447795 0.000456712
    outer loop
      vertex 8.39709 13.4661 3.31821
      vertex 8.74057 14.1524 3.76424
      vertex 8.72667 14.1247 3.81805
    endloop
  endfacet
  facet normal 0.894182 -0.447704 0.00034585
    outer loop
      vertex 8.392 13.4559 3.32957
      vertex 8.72667 14.1247 3.81805
      vertex 8.72346 14.1183 3.83255
    endloop
  endfacet
  facet normal 0.894411 -0.447245 -0.000481406
    outer loop
      vertex 8.37103 13.414 3.37067
      vertex 8.72346 14.1183 3.83255
      vertex 8.71279 14.0969 3.89006
    endloop
  endfacet
  facet normal 0.894134 -0.447799 0.000365944
    outer loop
      vertex 8.36528 13.4026 3.38052
      vertex 8.71279 14.0969 3.89006
      vertex 8.71048 14.0923 3.90529
    endloop
  endfacet
  facet normal 0.89419 -0.447687 0.00030424
    outer loop
      vertex 8.34216 13.3563 3.41505
      vertex 8.71048 14.0923 3.90529
      vertex 8.70325 14.0779 3.96547
    endloop
  endfacet
  facet normal 0.894572 -0.446922 -0.00105361
    outer loop
      vertex 8.33576 13.3436 3.42329
      vertex 8.70325 14.0779 3.96547
      vertex 8.70182 14.075 3.98145
    endloop
  endfacet
  facet normal 0.894306 -0.447457 0.00022489
    outer loop
      vertex 8.58525 13.8421 4.5
      vertex 8.69618 14.0637 4.28264
      vertex 8.69332 14.058 4.3147
    endloop
  endfacet
  facet normal 0.894219 -0.44763 0
    outer loop
      vertex 8.69713 14.0656 4.25
      vertex 8.58525 13.8421 4.5
      vertex 8.69713 14.0656 4.09288
    endloop
  endfacet
  facet normal 0.892773 -0.450502 -0.00197449
    outer loop
      vertex 8.69713 14.0656 4.09288
      vertex 8.58525 13.8421 4.5
      vertex 8.69717 14.0657 4.08815
    endloop
  endfacet
  facet normal 0.894158 -0.447751 -0.000203982
    outer loop
      vertex 8.58525 13.8421 4.5
      vertex 8.69332 14.058 4.3147
      vertex 8.68862 14.0486 4.34567
    endloop
  endfacet
  facet normal 0.894524 -0.447018 0.0010224
    outer loop
      vertex 8.58525 13.8421 4.5
      vertex 8.68862 14.0486 4.34567
      vertex 8.68214 14.0357 4.375
    endloop
  endfacet
  facet normal 0.894224 -0.447619 -1.47299e-05
    outer loop
      vertex 8.69717 14.0657 4.08815
      vertex 8.58525 13.8421 4.5
      vertex 8.69762 14.0666 4.05717
    endloop
  endfacet
  facet normal 0.893877 -0.448309 -0.00147914
    outer loop
      vertex 8.58525 13.8421 4.5
      vertex 8.68214 14.0357 4.375
      vertex 8.67401 14.0194 4.40219
    endloop
  endfacet
  facet normal 0.894246 -0.447576 1.25507e-05
    outer loop
      vertex 8.30418 13.2805 3.45691
      vertex 8.69762 14.0666 4.05717
      vertex 8.58525 13.8421 4.5
    endloop
  endfacet
  facet normal 0.89474 -0.446581 0.00243628
    outer loop
      vertex 8.58525 13.8421 4.5
      vertex 8.67401 14.0194 4.40219
      vertex 8.66436 14.0002 4.42677
    endloop
  endfacet
  facet normal 0.894169 -0.447728 -0.000656609
    outer loop
      vertex 8.58525 13.8421 4.5
      vertex 8.66436 14.0002 4.42677
      vertex 8.65336 13.9782 4.44833
    endloop
  endfacet
  facet normal 0.894695 -0.446675 -0.00146263
    outer loop
      vertex 8.69762 14.0666 4.05717
      vertex 8.30418 13.2805 3.45691
      vertex 8.69805 14.0675 4.04535
    endloop
  endfacet
  facet normal 0.89441 -0.447247 0.000927643
    outer loop
      vertex 8.58525 13.8421 4.5
      vertex 8.65336 13.9782 4.44833
      vertex 8.64119 13.9539 4.46651
    endloop
  endfacet
  facet normal 0.893644 -0.448745 -0.00535088
    outer loop
      vertex 8.58525 13.8421 4.5
      vertex 8.64119 13.9539 4.46651
      vertex 8.62807 13.9276 4.48097
    endloop
  endfacet
  facet normal 0.894085 -0.447897 -0.000549905
    outer loop
      vertex 8.58525 13.8421 4.5
      vertex 8.62807 13.9276 4.48097
      vertex 8.6142 13.8999 4.49149
    endloop
  endfacet
  facet normal 0.894685 -0.446575 0.0104667
    outer loop
      vertex 8.58525 13.8421 4.5
      vertex 8.6142 13.8999 4.49149
      vertex 8.59985 13.8713 4.49786
    endloop
  endfacet
  facet normal 0.893864 -0.448336 0.0013148
    outer loop
      vertex 8.31086 13.2938 3.45071
      vertex 8.69805 14.0675 4.04535
      vertex 8.30418 13.2805 3.45691
    endloop
  endfacet
  facet normal 0.895032 -0.446001 -0.000748555
    outer loop
      vertex 8.91709 14.5052 2.5853
      vertex 8.90143 14.4739 2.51
      vertex 8.91238 14.4958 2.55432
    endloop
  endfacet
  facet normal 0.894151 -0.447765 1.68563e-05
    outer loop
      vertex 8.38386 13.4397 0.5
      vertex 8.49284 13.6574 2.51
      vertex 8.47336 13.6185 2.51
    endloop
  endfacet
  facet normal 0.894256 -0.447556 -1.14174e-05
    outer loop
      vertex 8.49284 13.6574 2.51
      vertex 8.38386 13.4397 0.5
      vertex 9.01041 14.6916 0.5
    endloop
  endfacet
  facet normal 0.894263 -0.447542 0
    outer loop
      vertex 2.62336 1.9291 7.2
      vertex 3.0709 2.82336 5.10394
      vertex 3.0709 2.82336 7.2
    endloop
  endfacet
  facet normal 0.894178 -0.447711 0.00010169
    outer loop
      vertex 2.83381 2.34961 4.09456
      vertex 3.0709 2.82336 5.10394
      vertex 2.83147 2.34494 4.10994
    endloop
  endfacet
  facet normal 0.894125 -0.447818 0.000144751
    outer loop
      vertex 2.84244 2.36686 4.01852
      vertex 3.0709 2.82336 5.10394
      vertex 2.84101 2.36401 4.03453
    endloop
  endfacet
  facet normal 0.89426 -0.447547 2.37036e-06
    outer loop
      vertex 3.0709 2.82336 5.10394
      vertex 2.84244 2.36686 4.01852
      vertex 2.95902 2.5998 3.5
    endloop
  endfacet
  facet normal 0.894232 -0.447604 -3.55199e-05
    outer loop
      vertex 2.84664 2.37525 3.94283
      vertex 2.95902 2.5998 3.5
      vertex 2.84621 2.37439 3.95465
    endloop
  endfacet
  facet normal 0.89437 -0.447327 0.000140182
    outer loop
      vertex 2.8471 2.37616 3.91185
      vertex 2.95902 2.5998 3.5
      vertex 2.84664 2.37525 3.94283
    endloop
  endfacet
  facet normal 0.894259 -0.44755 0
    outer loop
      vertex 2.84713 2.37623 3.75
      vertex 2.95902 2.5998 3.5
      vertex 2.84713 2.37623 3.90712
    endloop
  endfacet
  facet normal 0.894313 -0.447442 0.000120289
    outer loop
      vertex 2.84809 2.37814 3.71736
      vertex 2.95902 2.5998 3.5
      vertex 2.84713 2.37623 3.75
    endloop
  endfacet
  facet normal 0.894326 -0.447416 0.000212003
    outer loop
      vertex 2.85565 2.39325 3.65433
      vertex 2.95902 2.5998 3.5
      vertex 2.85094 2.38385 3.6853
    endloop
  endfacet
  facet normal 0.894238 -0.447591 -0.00017025
    outer loop
      vertex 2.95902 2.5998 3.5
      vertex 2.87026 2.42243 3.59781
      vertex 2.94441 2.57061 3.50214
    endloop
  endfacet
  facet normal 0.895158 -0.44574 0.00270502
    outer loop
      vertex 2.90307 2.48801 3.53349
      vertex 2.8799 2.44172 3.57323
      vertex 2.89091 2.4637 3.55167
    endloop
  endfacet
  facet normal 0.894304 -0.44746 3.77906e-05
    outer loop
      vertex 2.93006 2.54194 3.50851
      vertex 2.87026 2.42243 3.59781
      vertex 2.9162 2.51424 3.51903
    endloop
  endfacet
  facet normal 0.894218 -0.447632 -0.000249781
    outer loop
      vertex 2.94441 2.57061 3.50214
      vertex 2.87026 2.42243 3.59781
      vertex 2.93006 2.54194 3.50851
    endloop
  endfacet
  facet normal 0.8941 -0.447867 -0.000555585
    outer loop
      vertex 2.9162 2.51424 3.51903
      vertex 2.87026 2.42243 3.59781
      vertex 2.90307 2.48801 3.53349
    endloop
  endfacet
  facet normal 0.893641 -0.448778 -0.00171808
    outer loop
      vertex 2.90307 2.48801 3.53349
      vertex 2.87026 2.42243 3.59781
      vertex 2.8799 2.44172 3.57323
    endloop
  endfacet
  facet normal 0.894364 -0.44734 0.000398819
    outer loop
      vertex 2.87026 2.42243 3.59781
      vertex 2.95902 2.5998 3.5
      vertex 2.86212 2.40618 3.625
    endloop
  endfacet
  facet normal 0.894165 -0.447737 -0.00025601
    outer loop
      vertex 2.85094 2.38385 3.6853
      vertex 2.95902 2.5998 3.5
      vertex 2.84809 2.37814 3.71736
    endloop
  endfacet
  facet normal 0.893545 -0.448972 -0.000977094
    outer loop
      vertex 2.84713 2.37623 3.90712
      vertex 2.95902 2.5998 3.5
      vertex 2.8471 2.37616 3.91185
    endloop
  endfacet
  facet normal 0.894283 -0.447503 2.7415e-05
    outer loop
      vertex 2.84621 2.37439 3.95465
      vertex 2.95902 2.5998 3.5
      vertex 2.84244 2.36686 4.01852
    endloop
  endfacet
  facet normal 0.89432 -0.447428 -6.44296e-05
    outer loop
      vertex 2.84101 2.36401 4.03453
      vertex 3.0709 2.82336 5.10394
      vertex 2.83381 2.34961 4.09456
    endloop
  endfacet
  facet normal 0.894298 -0.447472 -4.22312e-05
    outer loop
      vertex 3.0709 2.82336 5.10394
      vertex 2.8208 2.32361 4.16745
      vertex 2.83147 2.34494 4.10994
    endloop
  endfacet
  facet normal 0.894339 -0.44739 -9.72702e-05
    outer loop
      vertex 3.0709 2.82336 5.10394
      vertex 2.8176 2.31721 4.18195
      vertex 2.8208 2.32361 4.16745
    endloop
  endfacet
  facet normal 0.89422 -0.447627 6.5524e-05
    outer loop
      vertex 3.0709 2.82336 5.10394
      vertex 2.80369 2.28943 4.23576
      vertex 2.8176 2.31721 4.18195
    endloop
  endfacet
  facet normal 0.894344 -0.44738 -0.00012434
    outer loop
      vertex 3.0709 2.82336 5.10394
      vertex 2.79962 2.28129 4.24939
      vertex 2.80369 2.28943 4.23576
    endloop
  endfacet
  facet normal 0.894294 -0.447479 -4.59845e-05
    outer loop
      vertex 3.0709 2.82336 5.10394
      vertex 2.78272 2.24751 4.29858
      vertex 2.79962 2.28129 4.24939
    endloop
  endfacet
  facet normal 0.894256 -0.447556 2.30586e-05
    outer loop
      vertex 3.0709 2.82336 5.10394
      vertex 2.77783 2.23774 4.31104
      vertex 2.78272 2.24751 4.29858
    endloop
  endfacet
  facet normal 0.89423 -0.447607 6.98221e-05
    outer loop
      vertex 3.0709 2.82336 5.10394
      vertex 2.75818 2.19849 4.3549
      vertex 2.77783 2.23774 4.31104
    endloop
  endfacet
  facet normal 0.894354 -0.44736 -0.000187092
    outer loop
      vertex 3.0709 2.82336 5.10394
      vertex 2.75276 2.18765 4.36554
      vertex 2.75818 2.19849 4.3549
    endloop
  endfacet
  facet normal 0.89426 -0.447548 1.78139e-05
    outer loop
      vertex 2.72457 2.13132 4.41251
      vertex 3.0709 2.82336 5.10394
      vertex 2.62336 1.9291 4.68312
    endloop
  endfacet
  facet normal 0.894266 -0.447536 1.84747e-06
    outer loop
      vertex 3.0709 2.82336 5.10394
      vertex 2.73064 2.14345 4.40344
      vertex 2.75276 2.18765 4.36554
    endloop
  endfacet
  facet normal 0.894274 -0.447519 -1.83016e-05
    outer loop
      vertex 3.0709 2.82336 5.10394
      vertex 2.72457 2.13132 4.41251
      vertex 2.73064 2.14345 4.40344
    endloop
  endfacet
  facet normal 0.894161 -0.447746 -0.00016707
    outer loop
      vertex 2.72457 2.13132 4.41251
      vertex 2.62336 1.9291 4.68312
      vertex 2.7005 2.08324 4.44354
    endloop
  endfacet
  facet normal 0.894516 -0.447035 0.000404705
    outer loop
      vertex 2.7005 2.08324 4.44354
      vertex 2.62336 1.9291 4.68312
      vertex 2.69397 2.07018 4.45073
    endloop
  endfacet
  facet normal 0.894263 -0.447541 2.09853e-05
    outer loop
      vertex 2.62717 1.93671 4.61842
      vertex 2.69397 2.07018 4.45073
      vertex 2.62336 1.9291 4.68312
    endloop
  endfacet
  facet normal 0.89438 -0.447308 0.000253106
    outer loop
      vertex 2.63188 1.94611 4.58745
      vertex 2.69397 2.07018 4.45073
      vertex 2.62717 1.93671 4.61842
    endloop
  endfacet
  facet normal 0.894118 -0.447831 -0.000340324
    outer loop
      vertex 2.63835 1.95905 4.55812
      vertex 2.69397 2.07018 4.45073
      vertex 2.63188 1.94611 4.58745
    endloop
  endfacet
  facet normal 0.893757 -0.44855 -0.0014972
    outer loop
      vertex 2.67931 2.04088 4.46661
      vertex 2.65614 1.99458 4.50635
      vertex 2.66714 2.01657 4.48479
    endloop
  endfacet
  facet normal 0.894337 -0.447395 0.000186146
    outer loop
      vertex 2.67931 2.04088 4.46661
      vertex 2.64649 1.9753 4.53093
      vertex 2.65614 1.99458 4.50635
    endloop
  endfacet
  facet normal 0.894482 -0.447104 0.000556214
    outer loop
      vertex 2.69247 2.06719 4.45212
      vertex 2.64649 1.9753 4.53093
      vertex 2.67931 2.04088 4.46661
    endloop
  endfacet
  facet normal 0.893277 -0.449497 -0.0029369
    outer loop
      vertex 2.69397 2.07018 4.45073
      vertex 2.64649 1.9753 4.53093
      vertex 2.69247 2.06719 4.45212
    endloop
  endfacet
  facet normal 0.894459 -0.447149 0.000541775
    outer loop
      vertex 2.64649 1.9753 4.53093
      vertex 2.69397 2.07018 4.45073
      vertex 2.63835 1.95905 4.55812
    endloop
  endfacet
  facet normal 0.894263 -0.447542 0
    outer loop
      vertex 3.0709 2.82336 5.10394
      vertex 2.62336 1.9291 7.2
      vertex 2.62336 1.9291 4.68312
    endloop
  endfacet
  facet normal 0.894886 -0.446294 0.000204339
    outer loop
      vertex 2.62717 1.93671 4.61842
      vertex 2.62336 1.9291 4.68312
      vertex 2.62432 1.93101 4.65048
    endloop
  endfacet
  facet normal 0.894278 -0.447511 1.75061e-05
    outer loop
      vertex 8.90143 14.4739 2.51
      vertex 8.49284 13.6574 2.51
      vertex 9.01041 14.6916 0.5
    endloop
  endfacet
  facet normal 0.894278 -0.447511 8.81667e-05
    outer loop
      vertex 8.90143 14.4739 2.51
      vertex 8.47336 13.6185 2.64999
      vertex 8.49284 13.6574 2.51
    endloop
  endfacet
  facet normal 0.894294 -0.44748 9.91254e-05
    outer loop
      vertex 8.47717 13.6261 2.5853
      vertex 8.49284 13.6574 2.51
      vertex 8.47336 13.6185 2.64999
    endloop
  endfacet
  facet normal 0.885521 -0.46448 -0.0105325
    outer loop
      vertex 8.49284 13.6574 2.51
      vertex 8.48188 13.6355 2.55432
      vertex 8.48835 13.6485 2.52499
    endloop
  endfacet
  facet normal 0.894609 -0.446849 0.000427055
    outer loop
      vertex 8.49284 13.6574 2.51
      vertex 8.47717 13.6261 2.5853
      vertex 8.48188 13.6355 2.55432
    endloop
  endfacet
  facet normal 0.887148 -0.461401 0.00880887
    outer loop
      vertex 8.91238 14.4958 2.55432
      vertex 8.90143 14.4739 2.51
      vertex 8.90591 14.4828 2.52499
    endloop
  endfacet
  facet normal 0.894227 -0.447613 8.87581e-05
    outer loop
      vertex 8.91994 14.5109 2.61736
      vertex 8.90143 14.4739 2.51
      vertex 8.91709 14.5052 2.5853
    endloop
  endfacet
  facet normal 0.894193 -0.447682 0.000484544
    outer loop
      vertex 8.9209 14.5128 3.31688
      vertex 8.47034 13.6125 2.98636
      vertex 8.4713 13.6144 2.9702
    endloop
  endfacet
  facet normal 0.894274 -0.447519 -6.79757e-05
    outer loop
      vertex 8.9209 14.5128 3.31688
      vertex 8.46494 13.6017 3.0471
      vertex 8.47034 13.6125 2.98636
    endloop
  endfacet
  facet normal 0.894461 -0.447144 -0.00165187
    outer loop
      vertex 8.9209 14.5128 3.31688
      vertex 8.46302 13.5978 3.06314
      vertex 8.46494 13.6017 3.0471
    endloop
  endfacet
  facet normal 0.894148 -0.447772 0.000396884
    outer loop
      vertex 8.81363 14.2984 3.59656
      vertex 8.45408 13.58 3.12196
      vertex 8.46302 13.5978 3.06314
    endloop
  endfacet
  facet normal 0.894715 -0.446635 -0.00152597
    outer loop
      vertex 8.79151 14.2542 3.63446
      vertex 8.45131 13.5744 3.1369
      vertex 8.45408 13.58 3.12196
    endloop
  endfacet
  facet normal 0.894205 -0.447657 0.000237799
    outer loop
      vertex 8.78609 14.2434 3.6451
      vertex 8.43903 13.5499 3.19254
      vertex 8.45131 13.5744 3.1369
    endloop
  endfacet
  facet normal 0.893893 -0.448278 0.00119644
    outer loop
      vertex 8.76644 14.2041 3.68896
      vertex 8.43535 13.5426 3.20683
      vertex 8.43903 13.5499 3.19254
    endloop
  endfacet
  facet normal 0.894278 -0.447512 -5.02652e-05
    outer loop
      vertex 8.76155 14.1944 3.70142
      vertex 8.41989 13.5117 3.2585
      vertex 8.43535 13.5426 3.20683
    endloop
  endfacet
  facet normal 0.894176 -0.447716 0.000265452
    outer loop
      vertex 8.74465 14.1606 3.75061
      vertex 8.41548 13.5029 3.27135
      vertex 8.41989 13.5117 3.2585
    endloop
  endfacet
  facet normal 0.894346 -0.447376 -0.000349958
    outer loop
      vertex 8.74057 14.1524 3.76424
      vertex 8.39709 13.4661 3.31821
      vertex 8.41548 13.5029 3.27135
    endloop
  endfacet
  facet normal 0.894479 -0.44711 -0.000671353
    outer loop
      vertex 8.72667 14.1247 3.81805
      vertex 8.392 13.4559 3.32957
      vertex 8.39709 13.4661 3.31821
    endloop
  endfacet
  facet normal 0.894273 -0.447521 4.35847e-05
    outer loop
      vertex 8.72346 14.1183 3.83255
      vertex 8.37103 13.414 3.37067
      vertex 8.392 13.4559 3.32957
    endloop
  endfacet
  facet normal 0.893603 -0.448852 0.00216279
    outer loop
      vertex 8.71279 14.0969 3.89006
      vertex 8.36528 13.4026 3.38052
      vertex 8.37103 13.414 3.37067
    endloop
  endfacet
  facet normal 0.894454 -0.447159 -0.000685934
    outer loop
      vertex 8.71048 14.0923 3.90529
      vertex 8.34216 13.3563 3.41505
      vertex 8.36528 13.4026 3.38052
    endloop
  endfacet
  facet normal 0.893597 -0.448865 0.00223787
    outer loop
      vertex 8.70325 14.0779 3.96547
      vertex 8.33576 13.3436 3.42329
      vertex 8.34216 13.3563 3.41505
    endloop
  endfacet
  facet normal 0.894353 -0.447361 -0.000335079
    outer loop
      vertex 8.70182 14.075 3.98145
      vertex 8.31086 13.2938 3.45071
      vertex 8.33576 13.3436 3.42329
    endloop
  endfacet
  facet normal 0.894204 -0.44766 0.000214413
    outer loop
      vertex 8.69805 14.0675 4.04535
      vertex 8.31086 13.2938 3.45071
      vertex 8.70182 14.075 3.98145
    endloop
  endfacet
  facet normal 0.894511 -0.447046 -0.000344108
    outer loop
      vertex 8.58525 13.8421 4.5
      vertex 8.27785 13.2278 3.47688
      vertex 8.30418 13.2805 3.45691
    endloop
  endfacet
  facet normal 0.893981 -0.448105 0.000450709
    outer loop
      vertex 8.58525 13.8421 4.5
      vertex 8.27068 13.2135 3.48119
      vertex 8.27785 13.2278 3.47688
    endloop
  endfacet
  facet normal 0.894177 -0.447714 0.000149004
    outer loop
      vertex 8.58525 13.8421 4.5
      vertex 8.24349 13.1592 3.49326
      vertex 8.27068 13.2135 3.48119
    endloop
  endfacet
  facet normal 0.894861 -0.446345 -0.00101197
    outer loop
      vertex 8.58525 13.8421 4.5
      vertex 8.23626 13.1447 3.49539
      vertex 8.24349 13.1592 3.49326
    endloop
  endfacet
  facet normal 0.89419 -0.447687 0.000152809
    outer loop
      vertex 8.58525 13.8421 4.5
      vertex 8.20657 13.0854 3.49974
      vertex 8.23626 13.1447 3.49539
    endloop
  endfacet
  facet normal 0.894919 -0.446227 -0.0012279
    outer loop
      vertex 8.58525 13.8421 4.5
      vertex 8.20308 13.0784 3.5
      vertex 8.20657 13.0854 3.49974
    endloop
  endfacet
  facet normal 0.894265 -0.447537 2.24407e-05
    outer loop
      vertex 3.34119 3.36345 4.5
      vertex 8.20308 13.0784 3.5
      vertex 8.58525 13.8421 4.5
    endloop
  endfacet
  facet normal 0.894174 -0.44772 0.000174977
    outer loop
      vertex 2.95902 2.5998 3.5
      vertex 3.34119 3.36345 4.5
      vertex 3.33769 3.35646 4.50026
    endloop
  endfacet
  facet normal 0.894276 -0.447516 -1.78364e-05
    outer loop
      vertex 2.95902 2.5998 3.5
      vertex 3.33769 3.35646 4.50026
      vertex 3.30801 3.29715 4.50461
    endloop
  endfacet
  facet normal 0.894265 -0.447539 1.69464e-06
    outer loop
      vertex 3.34119 3.36345 4.5
      vertex 2.95902 2.5998 3.5
      vertex 8.20308 13.0784 3.5
    endloop
  endfacet
  facet normal 0.8943 -0.447468 -5.95195e-05
    outer loop
      vertex 3.30078 3.2827 4.50674
      vertex 2.95902 2.5998 3.5
      vertex 3.30801 3.29715 4.50461
    endloop
  endfacet
  facet normal 0.894263 -0.447542 3.27079e-06
    outer loop
      vertex 3.27359 3.22837 4.51881
      vertex 2.95902 2.5998 3.5
      vertex 3.30078 3.2827 4.50674
    endloop
  endfacet
  facet normal 0.894191 -0.447685 0.000113526
    outer loop
      vertex 3.26641 3.21403 4.52312
      vertex 2.95902 2.5998 3.5
      vertex 3.27359 3.22837 4.51881
    endloop
  endfacet
  facet normal 0.894287 -0.447495 -2.95072e-05
    outer loop
      vertex 3.24009 3.16143 4.54309
      vertex 2.95902 2.5998 3.5
      vertex 3.26641 3.21403 4.52312
    endloop
  endfacet
  facet normal 0.89418 -0.447707 0.00011343
    outer loop
      vertex 3.2334 3.14807 4.54929
      vertex 2.95902 2.5998 3.5
      vertex 3.24009 3.16143 4.54309
    endloop
  endfacet
  facet normal 0.894252 -0.447564 2.01898e-05
    outer loop
      vertex 3.2085 3.09832 4.57671
      vertex 2.95902 2.5998 3.5
      vertex 3.2334 3.14807 4.54929
    endloop
  endfacet
  facet normal 0.894283 -0.447502 -1.60661e-05
    outer loop
      vertex 3.2021 3.08553 4.58495
      vertex 2.95902 2.5998 3.5
      vertex 3.2085 3.09832 4.57671
    endloop
  endfacet
  facet normal 0.894271 -0.447525 -2.91955e-06
    outer loop
      vertex 3.17898 3.03933 4.61948
      vertex 2.95902 2.5998 3.5
      vertex 3.2021 3.08553 4.58495
    endloop
  endfacet
  facet normal 0.894271 -0.447526 -2.23149e-06
    outer loop
      vertex 3.17323 3.02784 4.62933
      vertex 2.95902 2.5998 3.5
      vertex 3.17898 3.03933 4.61948
    endloop
  endfacet
  facet normal 0.89426 -0.447549 8.26322e-06
    outer loop
      vertex 3.15226 2.98594 4.67043
      vertex 2.95902 2.5998 3.5
      vertex 3.17323 3.02784 4.62933
    endloop
  endfacet
  facet normal 0.894256 -0.447555 1.10781e-05
    outer loop
      vertex 3.14717 2.97577 4.68179
      vertex 2.95902 2.5998 3.5
      vertex 3.15226 2.98594 4.67043
    endloop
  endfacet
  facet normal 0.894278 -0.447512 -6.21393e-06
    outer loop
      vertex 3.12878 2.93902 4.72865
      vertex 2.95902 2.5998 3.5
      vertex 3.14717 2.97577 4.68179
    endloop
  endfacet
  facet normal 0.894237 -0.447594 2.20624e-05
    outer loop
      vertex 3.12437 2.93021 4.7415
      vertex 2.95902 2.5998 3.5
      vertex 3.12878 2.93902 4.72865
    endloop
  endfacet
  facet normal 0.894299 -0.447471 -1.894e-05
    outer loop
      vertex 3.10892 2.89933 4.79317
      vertex 2.95902 2.5998 3.5
      vertex 3.12437 2.93021 4.7415
    endloop
  endfacet
  facet normal 0.89421 -0.447648 3.2548e-05
    outer loop
      vertex 3.10523 2.89196 4.80746
      vertex 2.95902 2.5998 3.5
      vertex 3.10892 2.89933 4.79317
    endloop
  endfacet
  facet normal 0.894277 -0.447514 -4.9235e-06
    outer loop
      vertex 3.09296 2.86744 4.8631
      vertex 2.95902 2.5998 3.5
      vertex 3.10523 2.89196 4.80746
    endloop
  endfacet
  facet normal 0.894372 -0.447325 -5.14781e-05
    outer loop
      vertex 3.09019 2.8619 4.87804
      vertex 2.95902 2.5998 3.5
      vertex 3.09296 2.86744 4.8631
    endloop
  endfacet
  facet normal 0.894241 -0.447586 1.06741e-05
    outer loop
      vertex 3.08125 2.84404 4.93686
      vertex 2.95902 2.5998 3.5
      vertex 3.09019 2.8619 4.87804
    endloop
  endfacet
  facet normal 0.894088 -0.447891 7.54762e-05
    outer loop
      vertex 3.07932 2.84019 4.9529
      vertex 2.95902 2.5998 3.5
      vertex 3.08125 2.84404 4.93686
    endloop
  endfacet
  facet normal 0.894266 -0.447536 2.03792e-06
    outer loop
      vertex 3.07392 2.8294 5.01364
      vertex 2.95902 2.5998 3.5
      vertex 3.07932 2.84019 4.9529
    endloop
  endfacet
  facet normal 0.89434 -0.447388 -2.59522e-05
    outer loop
      vertex 3.07296 2.82748 5.0298
      vertex 2.95902 2.5998 3.5
      vertex 3.07392 2.8294 5.01364
    endloop
  endfacet
  facet normal 0.894314 -0.447439 -1.6494e-05
    outer loop
      vertex 3.07102 2.8236 5.09613
      vertex 2.95902 2.5998 3.5
      vertex 3.07296 2.82748 5.0298
    endloop
  endfacet
  facet normal 0.894296 -0.447476 -1.00721e-05
    outer loop
      vertex 2.95902 2.5998 3.5
      vertex 3.07102 2.8236 5.09613
      vertex 3.0709 2.82336 5.10394
    endloop
  endfacet
  facet normal 0.895343 -0.445377 0.000408025
    outer loop
      vertex 8.47717 13.6261 2.5853
      vertex 8.47336 13.6185 2.64999
      vertex 8.47432 13.6204 2.61736
    endloop
  endfacet
  facet normal 0.89425 -0.447568 -4.30547e-05
    outer loop
      vertex 2.86212 2.40618 3.625
      vertex 2.95902 2.5998 3.5
      vertex 2.85565 2.39325 3.65433
    endloop
  endfacet
  facet normal 0.894183 -0.447701 0
    outer loop
      vertex 3.06355 2.80868 11.1708
      vertex 3.0709 2.82336 8
      vertex 3.0709 2.82336 11.2041
    endloop
  endfacet
  facet normal 0.895121 -0.445824 1.0864e-05
    outer loop
      vertex 3.06228 2.80613 11.1665
      vertex 3.0709 2.82336 8
      vertex 3.06355 2.80868 11.1708
    endloop
  endfacet
  facet normal 0.894216 -0.447636 -1.45899e-06
    outer loop
      vertex 3.04539 2.77239 11.1101
      vertex 3.0709 2.82336 8
      vertex 3.06228 2.80613 11.1665
    endloop
  endfacet
  facet normal 0.894292 -0.447483 1.66461e-06
    outer loop
      vertex 3.02535 2.73234 11.059
      vertex 3.0709 2.82336 8
      vertex 3.04539 2.77239 11.1101
    endloop
  endfacet
  facet normal 0.894422 -0.447225 1.12735e-05
    outer loop
      vertex 3.02384 2.72932 11.0552
      vertex 3.0709 2.82336 8
      vertex 3.02535 2.73234 11.059
    endloop
  endfacet
  facet normal 0.894194 -0.447679 -6.18971e-06
    outer loop
      vertex 3.00098 2.68366 11.0104
      vertex 3.0709 2.82336 8
      vertex 3.02384 2.72932 11.0552
    endloop
  endfacet
  facet normal 0.894915 -0.446237 7.74543e-05
    outer loop
      vertex 2.99926 2.68021 11.007
      vertex 3.0709 2.82336 8
      vertex 3.00098 2.68366 11.0104
    endloop
  endfacet
  facet normal 0.894422 -0.447225 1.86788e-05
    outer loop
      vertex 2.99736 2.67641 11.0042
      vertex 3.0709 2.82336 8
      vertex 2.99926 2.68021 11.007
    endloop
  endfacet
  facet normal 0.894251 -0.447566 -2.22061e-06
    outer loop
      vertex 2.97208 2.6259 10.9664
      vertex 3.0709 2.82336 8
      vertex 2.99736 2.67641 11.0042
    endloop
  endfacet
  facet normal 0.894422 -0.447225 2.62007e-05
    outer loop
      vertex 2.97003 2.6218 10.9642
      vertex 3.0709 2.82336 8
      vertex 2.97208 2.6259 10.9664
    endloop
  endfacet
  facet normal 0.894231 -0.447605 -6.10327e-06
    outer loop
      vertex 2.94276 2.56732 10.9341
      vertex 3.0709 2.82336 8
      vertex 2.97003 2.6218 10.9642
    endloop
  endfacet
  facet normal 0.894271 -0.447525 2.56603e-06
    outer loop
      vertex 2.91398 2.50981 10.9123
      vertex 3.0709 2.82336 8
      vertex 2.94276 2.56732 10.9341
    endloop
  endfacet
  facet normal 0.89442 -0.447227 4.27301e-05
    outer loop
      vertex 2.91181 2.50547 10.9106
      vertex 3.0709 2.82336 8
      vertex 2.91398 2.50981 10.9123
    endloop
  endfacet
  facet normal 0.894034 -0.447999 -6.26723e-05
    outer loop
      vertex 2.90956 2.50098 10.9096
      vertex 3.0709 2.82336 8
      vertex 2.91181 2.50547 10.9106
    endloop
  endfacet
  facet normal 0.894277 -0.447515 4.41145e-06
    outer loop
      vertex 2.87975 2.44141 10.8964
      vertex 3.0709 2.82336 8
      vertex 2.90956 2.50098 10.9096
    endloop
  endfacet
  facet normal 0.894038 -0.447992 -7.43294e-05
    outer loop
      vertex 2.87746 2.43684 10.8961
      vertex 3.0709 2.82336 8
      vertex 2.87975 2.44141 10.8964
    endloop
  endfacet
  facet normal 0.894279 -0.447509 6.2897e-06
    outer loop
      vertex 2.84713 2.37623 10.8916
      vertex 3.0709 2.82336 8
      vertex 2.87746 2.43684 10.8961
    endloop
  endfacet
  facet normal 0.894279 -0.447509 -6.2897e-06
    outer loop
      vertex 2.62336 1.9291 8
      vertex 2.84713 2.37623 10.8916
      vertex 2.8168 2.31562 10.8961
    endloop
  endfacet
  facet normal 0.894038 -0.447992 7.43294e-05
    outer loop
      vertex 2.62336 1.9291 8
      vertex 2.8168 2.31562 10.8961
      vertex 2.81451 2.31105 10.8964
    endloop
  endfacet
  facet normal 0.894277 -0.447515 -4.41145e-06
    outer loop
      vertex 2.62336 1.9291 8
      vertex 2.81451 2.31105 10.8964
      vertex 2.7847 2.25148 10.9096
    endloop
  endfacet
  facet normal 0.894034 -0.447999 6.26723e-05
    outer loop
      vertex 2.62336 1.9291 8
      vertex 2.7847 2.25148 10.9096
      vertex 2.78245 2.24699 10.9106
    endloop
  endfacet
  facet normal 0.89442 -0.447227 -4.27301e-05
    outer loop
      vertex 2.62336 1.9291 8
      vertex 2.78245 2.24699 10.9106
      vertex 2.78028 2.24265 10.9123
    endloop
  endfacet
  facet normal 0.894271 -0.447525 -2.56603e-06
    outer loop
      vertex 2.62336 1.9291 8
      vertex 2.78028 2.24265 10.9123
      vertex 2.7515 2.18514 10.9341
    endloop
  endfacet
  facet normal 0.894294 -0.44748 -7.56184e-06
    outer loop
      vertex 2.62336 1.9291 8
      vertex 2.7515 2.18514 10.9341
      vertex 2.72424 2.13066 10.9642
    endloop
  endfacet
  facet normal 0.893578 -0.448907 0.000113898
    outer loop
      vertex 2.62336 1.9291 8
      vertex 2.72424 2.13066 10.9642
      vertex 2.72218 2.12656 10.9664
    endloop
  endfacet
  facet normal 0.894284 -0.447499 -3.38796e-06
    outer loop
      vertex 2.62336 1.9291 8
      vertex 2.72218 2.12656 10.9664
      vertex 2.69691 2.07606 11.0042
    endloop
  endfacet
  facet normal 0.893968 -0.448131 3.52913e-05
    outer loop
      vertex 2.62336 1.9291 8
      vertex 2.69691 2.07606 11.0042
      vertex 2.695 2.07225 11.007
    endloop
  endfacet
  facet normal 0.89442 -0.447228 -1.84652e-05
    outer loop
      vertex 2.62336 1.9291 8
      vertex 2.695 2.07225 11.007
      vertex 2.69328 2.06881 11.0104
    endloop
  endfacet
  facet normal 0.894308 -0.447453 -5.43077e-06
    outer loop
      vertex 2.62336 1.9291 8
      vertex 2.69328 2.06881 11.0104
      vertex 2.67043 2.02314 11.0552
    endloop
  endfacet
  facet normal 0.89442 -0.447228 -1.40919e-05
    outer loop
      vertex 2.62336 1.9291 8
      vertex 2.67043 2.02314 11.0552
      vertex 2.66892 2.02012 11.059
    endloop
  endfacet
  facet normal 0.894205 -0.447658 1.91971e-06
    outer loop
      vertex 2.62336 1.9291 8
      vertex 2.66892 2.02012 11.059
      vertex 2.64887 1.98007 11.1101
    endloop
  endfacet
  facet normal 0.894319 -0.447429 -2.76899e-06
    outer loop
      vertex 2.62336 1.9291 8
      vertex 2.64887 1.98007 11.1101
      vertex 2.63199 1.94633 11.1665
    endloop
  endfacet
  facet normal 0.893729 -0.448608 5.25357e-06
    outer loop
      vertex 2.62336 1.9291 8
      vertex 2.63199 1.94633 11.1665
      vertex 2.63071 1.94378 11.1708
    endloop
  endfacet
  facet normal 0.894183 -0.447701 0
    outer loop
      vertex 2.62336 1.9291 8
      vertex 2.63071 1.94378 11.1708
      vertex 2.62336 1.9291 11.2041
    endloop
  endfacet
  facet normal 0.894263 -0.447542 0
    outer loop
      vertex 2.84713 2.37623 10.8916
      vertex 2.62336 1.9291 8
      vertex 3.0709 2.82336 8
    endloop
  endfacet
  facet normal 0.372754 0.744725 -0.553569
    outer loop
      vertex 8.90143 14.4739 2.51
      vertex 8.01165 14.9304 2.52499
      vertex 8.90591 14.4828 2.52499
    endloop
  endfacet
  facet normal 0.371608 0.742609 -0.557171
    outer loop
      vertex 8.01165 14.9304 2.52499
      vertex 8.90143 14.4739 2.51
      vertex 8.00716 14.9214 2.51
    endloop
  endfacet
  facet normal 0.401049 0.801435 -0.443691
    outer loop
      vertex 8.90591 14.4828 2.52499
      vertex 8.01812 14.9433 2.55432
      vertex 8.91238 14.4958 2.55432
    endloop
  endfacet
  facet normal 0.401607 0.80237 -0.441492
    outer loop
      vertex 8.01812 14.9433 2.55432
      vertex 8.90591 14.4828 2.52499
      vertex 8.01165 14.9304 2.52499
    endloop
  endfacet
  facet normal 0.42377 0.846839 -0.321376
    outer loop
      vertex 8.91238 14.4958 2.55432
      vertex 8.02283 14.9527 2.5853
      vertex 8.91709 14.5052 2.5853
    endloop
  endfacet
  facet normal 0.42377 0.846839 -0.321376
    outer loop
      vertex 8.02283 14.9527 2.5853
      vertex 8.91238 14.4958 2.55432
      vertex 8.01812 14.9433 2.55432
    endloop
  endfacet
  facet normal 0.438922 0.877119 -0.194963
    outer loop
      vertex 8.91709 14.5052 2.5853
      vertex 8.02568 14.9584 2.61736
      vertex 8.91994 14.5109 2.61736
    endloop
  endfacet
  facet normal 0.438922 0.877119 -0.194963
    outer loop
      vertex 8.02568 14.9584 2.61736
      vertex 8.91709 14.5052 2.5853
      vertex 8.02283 14.9527 2.5853
    endloop
  endfacet
  facet normal 0.44656 0.892382 -0.0651003
    outer loop
      vertex 8.91994 14.5109 2.61736
      vertex 8.02664 14.9603 2.64999
      vertex 8.9209 14.5128 2.64999
    endloop
  endfacet
  facet normal 0.44656 0.892382 -0.0651003
    outer loop
      vertex 8.02664 14.9603 2.64999
      vertex 8.91994 14.5109 2.61736
      vertex 8.02568 14.9584 2.61736
    endloop
  endfacet
  facet normal 0.44751 0.894279 -0
    outer loop
      vertex 8.9209 14.5128 2.64999
      vertex 8.02664 14.9603 3.31688
      vertex 8.9209 14.5128 3.31688
    endloop
  endfacet
  facet normal 0.44751 0.894279 0
    outer loop
      vertex 8.02664 14.9603 3.31688
      vertex 8.9209 14.5128 2.64999
      vertex 8.02664 14.9603 2.64999
    endloop
  endfacet
  facet normal 0.446561 0.892383 0.0650805
    outer loop
      vertex 8.02664 14.9603 3.31688
      vertex 8.91994 14.5109 3.34952
      vertex 8.9209 14.5128 3.31688
    endloop
  endfacet
  facet normal 0.446561 0.892383 0.0650805
    outer loop
      vertex 8.91994 14.5109 3.34952
      vertex 8.02664 14.9603 3.31688
      vertex 8.02568 14.9584 3.34952
    endloop
  endfacet
  facet normal 0.438922 0.877119 0.194963
    outer loop
      vertex 8.02568 14.9584 3.34952
      vertex 8.91709 14.5052 3.38158
      vertex 8.91994 14.5109 3.34952
    endloop
  endfacet
  facet normal 0.438922 0.877119 0.194963
    outer loop
      vertex 8.91709 14.5052 3.38158
      vertex 8.02568 14.9584 3.34952
      vertex 8.02283 14.9527 3.38158
    endloop
  endfacet
  facet normal 0.423756 0.846811 0.32147
    outer loop
      vertex 8.02283 14.9527 3.38158
      vertex 8.91238 14.4958 3.41255
      vertex 8.91709 14.5052 3.38158
    endloop
  endfacet
  facet normal 0.423756 0.846811 0.32147
    outer loop
      vertex 8.91238 14.4958 3.41255
      vertex 8.02283 14.9527 3.38158
      vertex 8.01812 14.9433 3.41255
    endloop
  endfacet
  facet normal 0.401049 0.801435 0.443691
    outer loop
      vertex 8.01812 14.9433 3.41255
      vertex 8.90591 14.4828 3.44188
      vertex 8.91238 14.4958 3.41255
    endloop
  endfacet
  facet normal 0.401607 0.80237 0.441492
    outer loop
      vertex 8.90591 14.4828 3.44188
      vertex 8.01812 14.9433 3.41255
      vertex 8.01165 14.9304 3.44188
    endloop
  endfacet
  facet normal 0.372424 0.744066 0.554677
    outer loop
      vertex 8.01165 14.9304 3.44188
      vertex 8.89778 14.4666 3.46907
      vertex 8.90591 14.4828 3.44188
    endloop
  endfacet
  facet normal 0.37176 0.742914 0.556662
    outer loop
      vertex 8.89778 14.4666 3.46907
      vertex 8.01165 14.9304 3.44188
      vertex 8.00351 14.9141 3.46907
    endloop
  endfacet
  facet normal 0.336303 0.672058 0.659725
    outer loop
      vertex 8.00351 14.9141 3.46907
      vertex 8.88813 14.4473 3.49365
      vertex 8.89778 14.4666 3.46907
    endloop
  endfacet
  facet normal 0.336303 0.672058 0.659725
    outer loop
      vertex 8.88813 14.4473 3.49365
      vertex 8.00351 14.9141 3.46907
      vertex 7.99386 14.8948 3.49365
    endloop
  endfacet
  facet normal 0.294978 0.589474 0.752003
    outer loop
      vertex 7.99386 14.8948 3.49365
      vertex 8.87713 14.4253 3.51521
      vertex 8.88813 14.4473 3.49365
    endloop
  endfacet
  facet normal 0.295638 0.590661 0.750811
    outer loop
      vertex 8.87713 14.4253 3.51521
      vertex 7.99386 14.8948 3.49365
      vertex 7.98286 14.8729 3.51521
    endloop
  endfacet
  facet normal 0.248862 0.497207 0.831176
    outer loop
      vertex 7.98286 14.8729 3.51521
      vertex 8.86496 14.401 3.53339
      vertex 8.87713 14.4253 3.51521
    endloop
  endfacet
  facet normal 0.248253 0.496101 0.832018
    outer loop
      vertex 8.86496 14.401 3.53339
      vertex 7.98286 14.8729 3.51521
      vertex 7.97069 14.8485 3.53339
    endloop
  endfacet
  facet normal 0.197762 0.395201 0.897054
    outer loop
      vertex 7.97069 14.8485 3.53339
      vertex 8.85179 14.3747 3.54788
      vertex 8.86496 14.401 3.53339
    endloop
  endfacet
  facet normal 0.197788 0.395249 0.897028
    outer loop
      vertex 8.85179 14.3747 3.54788
      vertex 7.97069 14.8485 3.53339
      vertex 7.95753 14.8222 3.54788
    endloop
  endfacet
  facet normal 0.171522 0.34276 0.923632
    outer loop
      vertex 7.95753 14.8222 3.54788
      vertex 8.8503 14.3717 3.54927
      vertex 8.85179 14.3747 3.54788
    endloop
  endfacet
  facet normal 0.171325 0.342371 0.923813
    outer loop
      vertex 8.8503 14.3717 3.54927
      vertex 7.95753 14.8222 3.54788
      vertex 7.95603 14.8192 3.54927
    endloop
  endfacet
  facet normal 0.197253 0.394184 0.897614
    outer loop
      vertex 7.95603 14.8192 3.54927
      vertex 8.84376 14.3586 3.55646
      vertex 8.8503 14.3717 3.54927
    endloop
  endfacet
  facet normal 0.198314 0.396211 0.896487
    outer loop
      vertex 8.84376 14.3586 3.55646
      vertex 7.95603 14.8192 3.54927
      vertex 7.9495 14.8062 3.55646
    endloop
  endfacet
  facet normal 0.223961 0.447451 0.865811
    outer loop
      vertex 7.9495 14.8062 3.55646
      vertex 8.8197 14.3106 3.58749
      vertex 8.84376 14.3586 3.55646
    endloop
  endfacet
  facet normal 0.223625 0.446886 0.86619
    outer loop
      vertex 8.8197 14.3106 3.58749
      vertex 7.9495 14.8062 3.55646
      vertex 7.92543 14.7581 3.58749
    endloop
  endfacet
  facet normal 0.247959 0.495513 0.832456
    outer loop
      vertex 7.92543 14.7581 3.58749
      vertex 8.81363 14.2984 3.59656
      vertex 8.8197 14.3106 3.58749
    endloop
  endfacet
  facet normal 0.249135 0.497753 0.830767
    outer loop
      vertex 8.81363 14.2984 3.59656
      vertex 7.92543 14.7581 3.58749
      vertex 7.91936 14.746 3.59656
    endloop
  endfacet
  facet normal 0.272355 0.544145 0.793554
    outer loop
      vertex 7.91936 14.746 3.59656
      vertex 8.79151 14.2542 3.63446
      vertex 8.81363 14.2984 3.59656
    endloop
  endfacet
  facet normal 0.272355 0.544145 0.793554
    outer loop
      vertex 8.79151 14.2542 3.63446
      vertex 7.91936 14.746 3.59656
      vertex 7.89724 14.7018 3.63446
    endloop
  endfacet
  facet normal 0.295787 0.590959 0.750519
    outer loop
      vertex 7.89724 14.7018 3.63446
      vertex 8.78609 14.2434 3.6451
      vertex 8.79151 14.2542 3.63446
    endloop
  endfacet
  facet normal 0.294504 0.588528 0.752929
    outer loop
      vertex 8.78609 14.2434 3.6451
      vertex 7.89724 14.7018 3.63446
      vertex 7.89182 14.6909 3.6451
    endloop
  endfacet
  facet normal 0.31615 0.631785 0.707741
    outer loop
      vertex 7.89182 14.6909 3.6451
      vertex 8.76644 14.2041 3.68896
      vertex 8.78609 14.2434 3.6451
    endloop
  endfacet
  facet normal 0.316529 0.632401 0.707021
    outer loop
      vertex 8.76644 14.2041 3.68896
      vertex 7.89182 14.6909 3.6451
      vertex 7.87217 14.6517 3.68896
    endloop
  endfacet
  facet normal 0.337374 0.674047 0.657144
    outer loop
      vertex 7.87217 14.6517 3.68896
      vertex 8.76155 14.1944 3.70142
      vertex 8.76644 14.2041 3.68896
    endloop
  endfacet
  facet normal 0.336116 0.671684 0.660202
    outer loop
      vertex 8.76155 14.1944 3.70142
      vertex 7.87217 14.6517 3.68896
      vertex 7.86728 14.6419 3.70142
    endloop
  endfacet
  facet normal 0.354874 0.709169 0.609215
    outer loop
      vertex 7.86728 14.6419 3.70142
      vertex 8.74465 14.1606 3.75061
      vertex 8.76155 14.1944 3.70142
    endloop
  endfacet
  facet normal 0.354874 0.709169 0.609215
    outer loop
      vertex 8.74465 14.1606 3.75061
      vertex 7.86728 14.6419 3.70142
      vertex 7.85038 14.6081 3.75061
    endloop
  endfacet
  facet normal 0.371436 0.742266 0.557743
    outer loop
      vertex 7.85038 14.6081 3.75061
      vertex 8.74057 14.1524 3.76424
      vertex 8.74465 14.1606 3.75061
    endloop
  endfacet
  facet normal 0.37269 0.744597 0.553785
    outer loop
      vertex 8.74057 14.1524 3.76424
      vertex 7.85038 14.6081 3.75061
      vertex 7.84631 14.6 3.76424
    endloop
  endfacet
  facet normal 0.387859 0.774903 0.49909
    outer loop
      vertex 7.84631 14.6 3.76424
      vertex 8.72667 14.1247 3.81805
      vertex 8.74057 14.1524 3.76424
    endloop
  endfacet
  facet normal 0.387493 0.774354 0.500224
    outer loop
      vertex 8.72667 14.1247 3.81805
      vertex 7.84631 14.6 3.76424
      vertex 7.8324 14.5722 3.81805
    endloop
  endfacet
  facet normal 0.401254 0.801853 0.44275
    outer loop
      vertex 7.8324 14.5722 3.81805
      vertex 8.72346 14.1183 3.83255
      vertex 8.72667 14.1247 3.81805
    endloop
  endfacet
  facet normal 0.401306 0.801949 0.442528
    outer loop
      vertex 8.72346 14.1183 3.83255
      vertex 7.8324 14.5722 3.81805
      vertex 7.8292 14.5658 3.83255
    endloop
  endfacet
  facet normal 0.413213 0.825743 0.383931
    outer loop
      vertex 7.8292 14.5658 3.83255
      vertex 8.71279 14.0969 3.89006
      vertex 8.72346 14.1183 3.83255
    endloop
  endfacet
  facet normal 0.413515 0.826161 0.382706
    outer loop
      vertex 8.71279 14.0969 3.89006
      vertex 7.8292 14.5658 3.83255
      vertex 7.81853 14.5445 3.89006
    endloop
  endfacet
  facet normal 0.424026 0.847161 0.320187
    outer loop
      vertex 7.81853 14.5445 3.89006
      vertex 8.71048 14.0923 3.90529
      vertex 8.71279 14.0969 3.89006
    endloop
  endfacet
  facet normal 0.423149 0.845607 0.325414
    outer loop
      vertex 8.71048 14.0923 3.90529
      vertex 7.81853 14.5445 3.89006
      vertex 7.81621 14.5398 3.90529
    endloop
  endfacet
  facet normal 0.432279 0.863853 0.258638
    outer loop
      vertex 7.81621 14.5398 3.90529
      vertex 8.70325 14.0779 3.96547
      vertex 8.71048 14.0923 3.90529
    endloop
  endfacet
  facet normal 0.432291 0.863867 0.258571
    outer loop
      vertex 8.70325 14.0779 3.96547
      vertex 7.81621 14.5398 3.90529
      vertex 7.80899 14.5254 3.96547
    endloop
  endfacet
  facet normal 0.438621 0.876517 0.198318
    outer loop
      vertex 7.80899 14.5254 3.96547
      vertex 8.70182 14.075 3.98145
      vertex 8.70325 14.0779 3.96547
    endloop
  endfacet
  facet normal 0.439171 0.877419 0.193041
    outer loop
      vertex 8.70182 14.075 3.98145
      vertex 7.80899 14.5254 3.96547
      vertex 7.80756 14.5226 3.98145
    endloop
  endfacet
  facet normal 0.443777 0.886622 0.130246
    outer loop
      vertex 7.80756 14.5226 3.98145
      vertex 8.69805 14.0675 4.04535
      vertex 8.70182 14.075 3.98145
    endloop
  endfacet
  facet normal 0.443617 0.8865 0.131609
    outer loop
      vertex 8.69805 14.0675 4.04535
      vertex 7.80756 14.5226 3.98145
      vertex 7.80379 14.515 4.04535
    endloop
  endfacet
  facet normal 0.445925 0.891113 0.0840736
    outer loop
      vertex 7.80379 14.515 4.04535
      vertex 8.69762 14.0666 4.05717
      vertex 8.69805 14.0675 4.04535
    endloop
  endfacet
  facet normal 0.446275 0.891613 0.0765811
    outer loop
      vertex 8.69762 14.0666 4.05717
      vertex 7.80379 14.515 4.04535
      vertex 7.80336 14.5142 4.05717
    endloop
  endfacet
  facet normal 0.447354 0.893768 0.0324629
    outer loop
      vertex 7.80336 14.5142 4.05717
      vertex 8.69717 14.0657 4.08815
      vertex 8.69762 14.0666 4.05717
    endloop
  endfacet
  facet normal 0.447348 0.893766 0.0326071
    outer loop
      vertex 8.69717 14.0657 4.08815
      vertex 7.80336 14.5142 4.05717
      vertex 7.8029 14.5133 4.08815
    endloop
  endfacet
  facet normal 0.44747 0.894011 0.022685
    outer loop
      vertex 7.8029 14.5133 4.08815
      vertex 8.69713 14.0656 4.09288
      vertex 8.69717 14.0657 4.08815
    endloop
  endfacet
  facet normal 0.447484 0.894028 0.0217394
    outer loop
      vertex 8.69713 14.0656 4.09288
      vertex 7.8029 14.5133 4.08815
      vertex 7.80287 14.5132 4.09288
    endloop
  endfacet
  facet normal 0.44759 0.894239 -0
    outer loop
      vertex 8.69713 14.0656 4.09288
      vertex 7.80287 14.5132 4.25
      vertex 8.69713 14.0656 4.25
    endloop
  endfacet
  facet normal 0.44759 0.894239 0
    outer loop
      vertex 7.80287 14.5132 4.25
      vertex 8.69713 14.0656 4.09288
      vertex 7.80287 14.5132 4.09288
    endloop
  endfacet
  facet normal 0.446645 0.892351 0.0649442
    outer loop
      vertex 7.80287 14.5132 4.25
      vertex 8.69618 14.0637 4.28264
      vertex 8.69713 14.0656 4.25
    endloop
  endfacet
  facet normal 0.446637 0.892345 0.0650805
    outer loop
      vertex 8.69618 14.0637 4.28264
      vertex 7.80287 14.5132 4.25
      vertex 7.80191 14.5113 4.28264
    endloop
  endfacet
  facet normal 0.438985 0.877058 0.195094
    outer loop
      vertex 7.80191 14.5113 4.28264
      vertex 8.69332 14.058 4.3147
      vertex 8.69618 14.0637 4.28264
    endloop
  endfacet
  facet normal 0.439001 0.877079 0.194963
    outer loop
      vertex 8.69332 14.058 4.3147
      vertex 7.80191 14.5113 4.28264
      vertex 7.79906 14.5056 4.3147
    endloop
  endfacet
  facet normal 0.42385 0.84681 0.321347
    outer loop
      vertex 7.79906 14.5056 4.3147
      vertex 8.68862 14.0486 4.34567
      vertex 8.69332 14.058 4.3147
    endloop
  endfacet
  facet normal 0.423828 0.846775 0.32147
    outer loop
      vertex 8.68862 14.0486 4.34567
      vertex 7.79906 14.5056 4.3147
      vertex 7.79435 14.4962 4.34567
    endloop
  endfacet
  facet normal 0.401579 0.802323 0.441602
    outer loop
      vertex 7.79435 14.4962 4.34567
      vertex 8.68214 14.0357 4.375
      vertex 8.68862 14.0486 4.34567
    endloop
  endfacet
  facet normal 0.401049 0.801435 0.443691
    outer loop
      vertex 8.68214 14.0357 4.375
      vertex 7.79435 14.4962 4.34567
      vertex 7.78788 14.4832 4.375
    endloop
  endfacet
  facet normal 0.371792 0.742969 0.556567
    outer loop
      vertex 7.78788 14.4832 4.375
      vertex 8.67401 14.0194 4.40219
      vertex 8.68214 14.0357 4.375
    endloop
  endfacet
  facet normal 0.372392 0.744011 0.554772
    outer loop
      vertex 8.67401 14.0194 4.40219
      vertex 7.78788 14.4832 4.375
      vertex 7.77974 14.467 4.40219
    endloop
  endfacet
  facet normal 0.336971 0.673241 0.658177
    outer loop
      vertex 7.77974 14.467 4.40219
      vertex 8.66436 14.0002 4.42677
      vertex 8.67401 14.0194 4.40219
    endloop
  endfacet
  facet normal 0.336303 0.672058 0.659725
    outer loop
      vertex 8.66436 14.0002 4.42677
      vertex 7.77974 14.467 4.40219
      vertex 7.77009 14.4477 4.42677
    endloop
  endfacet
  facet normal 0.294978 0.589474 0.752003
    outer loop
      vertex 7.77009 14.4477 4.42677
      vertex 8.65336 13.9782 4.44833
      vertex 8.66436 14.0002 4.42677
    endloop
  endfacet
  facet normal 0.294978 0.589474 0.752003
    outer loop
      vertex 8.65336 13.9782 4.44833
      vertex 7.77009 14.4477 4.42677
      vertex 7.75909 14.4257 4.44833
    endloop
  endfacet
  facet normal 0.248817 0.497229 0.831176
    outer loop
      vertex 7.75909 14.4257 4.44833
      vertex 8.64119 13.9539 4.46651
      vertex 8.65336 13.9782 4.44833
    endloop
  endfacet
  facet normal 0.248817 0.497229 0.831176
    outer loop
      vertex 8.64119 13.9539 4.46651
      vertex 7.75909 14.4257 4.44833
      vertex 7.74692 14.4014 4.46651
    endloop
  endfacet
  facet normal 0.197553 0.394784 0.897284
    outer loop
      vertex 7.74692 14.4014 4.46651
      vertex 8.62807 13.9276 4.48097
      vertex 8.64119 13.9539 4.46651
    endloop
  endfacet
  facet normal 0.198074 0.395736 0.89675
    outer loop
      vertex 8.62807 13.9276 4.48097
      vertex 7.74692 14.4014 4.46651
      vertex 7.7338 14.3752 4.48097
    endloop
  endfacet
  facet normal 0.143923 0.287548 0.946891
    outer loop
      vertex 7.7338 14.3752 4.48097
      vertex 8.6142 13.8999 4.49149
      vertex 8.62807 13.9276 4.48097
    endloop
  endfacet
  facet normal 0.143943 0.287584 0.946877
    outer loop
      vertex 8.6142 13.8999 4.49149
      vertex 7.7338 14.3752 4.48097
      vertex 7.71994 14.3475 4.49149
    endloop
  endfacet
  facet normal 0.0873886 0.174594 0.980755
    outer loop
      vertex 7.71994 14.3475 4.49149
      vertex 8.59985 13.8713 4.49786
      vertex 8.6142 13.8999 4.49149
    endloop
  endfacet
  facet normal 0.0871388 0.174133 0.980859
    outer loop
      vertex 8.59985 13.8713 4.49786
      vertex 7.71994 14.3475 4.49149
      vertex 7.70559 14.3188 4.49786
    endloop
  endfacet
  facet normal 0.0292717 0.0584949 0.997858
    outer loop
      vertex 7.70559 14.3188 4.49786
      vertex 8.58525 13.8421 4.5
      vertex 8.59985 13.8713 4.49786
    endloop
  endfacet
  facet normal 0.0292674 0.058487 0.997859
    outer loop
      vertex 8.58525 13.8421 4.5
      vertex 7.70559 14.3188 4.49786
      vertex 7.69098 14.2896 4.5
    endloop
  endfacet
  facet normal 0 0 1
    outer loop
      vertex 7.69098 14.2896 4.5
      vertex 3.34119 3.36345 4.5
      vertex 8.58525 13.8421 4.5
    endloop
  endfacet
  facet normal 0 -0 1
    outer loop
      vertex 3.34119 3.36345 4.5
      vertex 7.69098 14.2896 4.5
      vertex 2.44692 3.81099 4.5
    endloop
  endfacet
  facet normal 0.0148767 0.0297265 0.999447
    outer loop
      vertex 2.44692 3.81099 4.5
      vertex 3.33769 3.35646 4.50026
      vertex 3.34119 3.36345 4.5
    endloop
  endfacet
  facet normal 0.0148853 0.0297434 0.999447
    outer loop
      vertex 3.33769 3.35646 4.50026
      vertex 2.44692 3.81099 4.5
      vertex 2.44343 3.804 4.50026
    endloop
  endfacet
  facet normal 0.029291 0.0585283 0.997856
    outer loop
      vertex 2.44343 3.804 4.50026
      vertex 3.30801 3.29715 4.50461
      vertex 3.33769 3.35646 4.50026
    endloop
  endfacet
  facet normal 0.0292843 0.058517 0.997857
    outer loop
      vertex 3.30801 3.29715 4.50461
      vertex 2.44343 3.804 4.50026
      vertex 2.41374 3.74468 4.50461
    endloop
  endfacet
  facet normal 0.0584894 0.116876 0.991423
    outer loop
      vertex 2.41374 3.74468 4.50461
      vertex 3.30078 3.2827 4.50674
      vertex 3.30801 3.29715 4.50461
    endloop
  endfacet
  facet normal 0.0584894 0.116876 0.991423
    outer loop
      vertex 3.30078 3.2827 4.50674
      vertex 2.41374 3.74468 4.50461
      vertex 2.40651 3.73023 4.50674
    endloop
  endfacet
  facet normal 0.0872064 0.174259 0.980831
    outer loop
      vertex 2.40651 3.73023 4.50674
      vertex 3.27359 3.22837 4.51881
      vertex 3.30078 3.2827 4.50674
    endloop
  endfacet
  facet normal 0.0872203 0.174283 0.980825
    outer loop
      vertex 3.27359 3.22837 4.51881
      vertex 2.40651 3.73023 4.50674
      vertex 2.37932 3.67591 4.51881
    endloop
  endfacet
  facet normal 0.116155 0.2321 0.965732
    outer loop
      vertex 2.37932 3.67591 4.51881
      vertex 3.26641 3.21403 4.52312
      vertex 3.27359 3.22837 4.51881
    endloop
  endfacet
  facet normal 0.116186 0.23216 0.965714
    outer loop
      vertex 3.26641 3.21403 4.52312
      vertex 2.37932 3.67591 4.51881
      vertex 2.37215 3.66157 4.52312
    endloop
  endfacet
  facet normal 0.143884 0.287505 0.94691
    outer loop
      vertex 2.37215 3.66157 4.52312
      vertex 3.24009 3.16143 4.54309
      vertex 3.26641 3.21403 4.52312
    endloop
  endfacet
  facet normal 0.143873 0.287486 0.946917
    outer loop
      vertex 3.24009 3.16143 4.54309
      vertex 2.37215 3.66157 4.52312
      vertex 2.34582 3.60897 4.54309
    endloop
  endfacet
  facet normal 0.171526 0.342743 0.923637
    outer loop
      vertex 2.34582 3.60897 4.54309
      vertex 3.2334 3.14807 4.54929
      vertex 3.24009 3.16143 4.54309
    endloop
  endfacet
  facet normal 0.171572 0.342829 0.923597
    outer loop
      vertex 3.2334 3.14807 4.54929
      vertex 2.34582 3.60897 4.54309
      vertex 2.33914 3.59561 4.54929
    endloop
  endfacet
  facet normal 0.197854 0.395344 0.896971
    outer loop
      vertex 2.33914 3.59561 4.54929
      vertex 3.2085 3.09832 4.57671
      vertex 3.2334 3.14807 4.54929
    endloop
  endfacet
  facet normal 0.197854 0.395344 0.896971
    outer loop
      vertex 3.2085 3.09832 4.57671
      vertex 2.33914 3.59561 4.54929
      vertex 2.31424 3.54586 4.57671
    endloop
  endfacet
  facet normal 0.223421 0.446432 0.866476
    outer loop
      vertex 2.31424 3.54586 4.57671
      vertex 3.2021 3.08553 4.58495
      vertex 3.2085 3.09832 4.57671
    endloop
  endfacet
  facet normal 0.223421 0.446432 0.866476
    outer loop
      vertex 3.2021 3.08553 4.58495
      vertex 2.31424 3.54586 4.57671
      vertex 2.30784 3.53307 4.58495
    endloop
  endfacet
  facet normal 0.248693 0.49693 0.831392
    outer loop
      vertex 2.30784 3.53307 4.58495
      vertex 3.17898 3.03933 4.61948
      vertex 3.2021 3.08553 4.58495
    endloop
  endfacet
  facet normal 0.248693 0.49693 0.831392
    outer loop
      vertex 3.17898 3.03933 4.61948
      vertex 2.30784 3.53307 4.58495
      vertex 2.28472 3.48687 4.61948
    endloop
  endfacet
  facet normal 0.27229 0.544081 0.793621
    outer loop
      vertex 2.28472 3.48687 4.61948
      vertex 3.17323 3.02784 4.62933
      vertex 3.17898 3.03933 4.61948
    endloop
  endfacet
  facet normal 0.27229 0.544081 0.793621
    outer loop
      vertex 3.17323 3.02784 4.62933
      vertex 2.28472 3.48687 4.61948
      vertex 2.27897 3.47538 4.62933
    endloop
  endfacet
  facet normal 0.295124 0.589707 0.751763
    outer loop
      vertex 2.27897 3.47538 4.62933
      vertex 3.15226 2.98594 4.67043
      vertex 3.17323 3.02784 4.62933
    endloop
  endfacet
  facet normal 0.295087 0.589646 0.751825
    outer loop
      vertex 3.15226 2.98594 4.67043
      vertex 2.27897 3.47538 4.62933
      vertex 2.258 3.43347 4.67043
    endloop
  endfacet
  facet normal 0.316278 0.631991 0.7075
    outer loop
      vertex 2.258 3.43347 4.67043
      vertex 3.14717 2.97577 4.68179
      vertex 3.15226 2.98594 4.67043
    endloop
  endfacet
  facet normal 0.316408 0.632237 0.707222
    outer loop
      vertex 3.14717 2.97577 4.68179
      vertex 2.258 3.43347 4.67043
      vertex 2.25291 3.42331 4.68179
    endloop
  endfacet
  facet normal 0.336482 0.672347 0.65934
    outer loop
      vertex 2.25291 3.42331 4.68179
      vertex 3.12878 2.93902 4.72865
      vertex 3.14717 2.97577 4.68179
    endloop
  endfacet
  facet normal 0.336482 0.672347 0.65934
    outer loop
      vertex 3.12878 2.93902 4.72865
      vertex 2.25291 3.42331 4.68179
      vertex 2.23452 3.38656 4.72865
    endloop
  endfacet
  facet normal 0.355166 0.709681 0.608449
    outer loop
      vertex 2.23452 3.38656 4.72865
      vertex 3.12437 2.93021 4.7415
      vertex 3.12878 2.93902 4.72865
    endloop
  endfacet
  facet normal 0.35504 0.709446 0.608797
    outer loop
      vertex 3.12437 2.93021 4.7415
      vertex 2.23452 3.38656 4.72865
      vertex 2.23011 3.37774 4.7415
    endloop
  endfacet
  facet normal 0.372095 0.743526 0.555621
    outer loop
      vertex 2.23011 3.37774 4.7415
      vertex 3.10892 2.89933 4.79317
      vertex 3.12437 2.93021 4.7415
    endloop
  endfacet
  facet normal 0.372114 0.743554 0.555571
    outer loop
      vertex 3.10892 2.89933 4.79317
      vertex 2.23011 3.37774 4.7415
      vertex 2.21465 3.34687 4.79317
    endloop
  endfacet
  facet normal 0.387675 0.774648 0.499628
    outer loop
      vertex 2.21465 3.34687 4.79317
      vertex 3.10523 2.89196 4.80746
      vertex 3.10892 2.89933 4.79317
    endloop
  endfacet
  facet normal 0.387675 0.774648 0.499628
    outer loop
      vertex 3.10523 2.89196 4.80746
      vertex 2.21465 3.34687 4.79317
      vertex 2.21096 3.3395 4.80746
    endloop
  endfacet
  facet normal 0.401441 0.802156 0.44203
    outer loop
      vertex 2.21096 3.3395 4.80746
      vertex 3.09296 2.86744 4.8631
      vertex 3.10523 2.89196 4.80746
    endloop
  endfacet
  facet normal 0.401441 0.802156 0.44203
    outer loop
      vertex 3.09296 2.86744 4.8631
      vertex 2.21096 3.3395 4.80746
      vertex 2.19869 3.31498 4.8631
    endloop
  endfacet
  facet normal 0.413416 0.826085 0.382977
    outer loop
      vertex 2.19869 3.31498 4.8631
      vertex 3.09019 2.8619 4.87804
      vertex 3.09296 2.86744 4.8631
    endloop
  endfacet
  facet normal 0.413416 0.826085 0.382977
    outer loop
      vertex 3.09019 2.8619 4.87804
      vertex 2.19869 3.31498 4.8631
      vertex 2.19592 3.30944 4.87804
    endloop
  endfacet
  facet normal 0.423774 0.846781 0.321524
    outer loop
      vertex 2.19592 3.30944 4.87804
      vertex 3.08125 2.84404 4.93686
      vertex 3.09019 2.8619 4.87804
    endloop
  endfacet
  facet normal 0.423747 0.846745 0.321653
    outer loop
      vertex 3.08125 2.84404 4.93686
      vertex 2.19592 3.30944 4.87804
      vertex 2.18698 3.29157 4.93686
    endloop
  endfacet
  facet normal 0.432221 0.86368 0.259311
    outer loop
      vertex 2.18698 3.29157 4.93686
      vertex 3.07932 2.84019 4.9529
      vertex 3.08125 2.84404 4.93686
    endloop
  endfacet
  facet normal 0.432323 0.863854 0.258557
    outer loop
      vertex 3.07932 2.84019 4.9529
      vertex 2.18698 3.29157 4.93686
      vertex 2.18506 3.28773 4.9529
    endloop
  endfacet
  facet normal 0.438964 0.877125 0.19484
    outer loop
      vertex 2.18506 3.28773 4.9529
      vertex 3.07392 2.8294 5.01364
      vertex 3.07932 2.84019 4.9529
    endloop
  endfacet
  facet normal 0.438934 0.877093 0.195048
    outer loop
      vertex 3.07392 2.8294 5.01364
      vertex 2.18506 3.28773 4.9529
      vertex 2.17965 3.27693 5.01364
    endloop
  endfacet
  facet normal 0.443633 0.886482 0.131679
    outer loop
      vertex 2.17965 3.27693 5.01364
      vertex 3.07296 2.82748 5.0298
      vertex 3.07392 2.8294 5.01364
    endloop
  endfacet
  facet normal 0.443692 0.886572 0.13087
    outer loop
      vertex 3.07296 2.82748 5.0298
      vertex 2.17965 3.27693 5.01364
      vertex 2.1787 3.27502 5.0298
    endloop
  endfacet
  facet normal 0.446588 0.892357 0.0652604
    outer loop
      vertex 2.1787 3.27502 5.0298
      vertex 3.07102 2.8236 5.09613
      vertex 3.07296 2.82748 5.0298
    endloop
  endfacet
  facet normal 0.44657 0.892351 0.0654614
    outer loop
      vertex 3.07102 2.8236 5.09613
      vertex 2.1787 3.27502 5.0298
      vertex 2.17675 3.27113 5.09613
    endloop
  endfacet
  facet normal 0.447266 0.893742 0.0343367
    outer loop
      vertex 2.17675 3.27113 5.09613
      vertex 3.0709 2.82336 5.10394
      vertex 3.07102 2.8236 5.09613
    endloop
  endfacet
  facet normal 0.447303 0.893787 0.0326216
    outer loop
      vertex 3.0709 2.82336 5.10394
      vertex 2.17675 3.27113 5.09613
      vertex 2.17664 3.2709 5.10394
    endloop
  endfacet
  facet normal 0.447542 0.894263 -0
    outer loop
      vertex 3.0709 2.82336 5.10394
      vertex 2.17664 3.2709 7.2
      vertex 3.0709 2.82336 7.2
    endloop
  endfacet
  facet normal 0.447542 0.894263 0
    outer loop
      vertex 2.17664 3.2709 7.2
      vertex 3.0709 2.82336 5.10394
      vertex 2.17664 3.2709 5.10394
    endloop
  endfacet
  facet normal 0.261046 0.947796 0.183133
    outer loop
      vertex 2.99639 2.86065 11.0783
      vertex 2.98611 2.8658 11.0663
      vertex 2.99183 2.86293 11.073
    endloop
  endfacet
  facet normal 0.447489 0.894289 -6.29014e-06
    outer loop
      vertex 3.0709 2.82336 8
      vertex 2.77405 2.97192 10.9199
      vertex 2.83936 2.93924 10.9459
    endloop
  endfacet
  facet normal 0.447479 0.894295 -1.00627e-05
    outer loop
      vertex 3.0709 2.82336 8
      vertex 2.72748 2.99523 10.9069
      vertex 2.75462 2.98165 10.9122
    endloop
  endfacet
  facet normal 0.447581 0.894244 6.74954e-06
    outer loop
      vertex 2.66763 3.02518 10.8952
      vertex 3.0709 2.82336 8
      vertex 2.5799 3.06909 10.8952
    endloop
  endfacet
  facet normal 0.447513 0.894277 -4.97641e-06
    outer loop
      vertex 2.72748 2.99523 10.9069
      vertex 3.0709 2.82336 8
      vertex 2.66763 3.02518 10.8952
    endloop
  endfacet
  facet normal 0.447757 0.894155 2.77203e-05
    outer loop
      vertex 2.77405 2.97192 10.9199
      vertex 3.0709 2.82336 8
      vertex 2.75462 2.98165 10.9122
    endloop
  endfacet
  facet normal 0.447741 0.894163 1.84055e-05
    outer loop
      vertex 2.84603 2.9359 10.95
      vertex 3.0709 2.82336 8
      vertex 2.83936 2.93924 10.9459
    endloop
  endfacet
  facet normal 0.447558 0.894255 9.61017e-07
    outer loop
      vertex 2.89792 2.90993 10.9864
      vertex 3.0709 2.82336 8
      vertex 2.84603 2.9359 10.95
    endloop
  endfacet
  facet normal 0.447379 0.894344 -1.19575e-05
    outer loop
      vertex 2.92041 2.89868 11.0021
      vertex 3.0709 2.82336 8
      vertex 2.89792 2.90993 10.9864
    endloop
  endfacet
  facet normal 0.447542 0.894263 -1.78421e-06
    outer loop
      vertex 2.98611 2.8658 11.0663
      vertex 3.0709 2.82336 8
      vertex 2.92041 2.89868 11.0021
    endloop
  endfacet
  facet normal 0.447899 0.894084 1.0587e-05
    outer loop
      vertex 2.99639 2.86065 11.0783
      vertex 3.0709 2.82336 8
      vertex 2.98611 2.8658 11.0663
    endloop
  endfacet
  facet normal 0.447482 0.894293 -2.05926e-06
    outer loop
      vertex 3.05029 2.83368 11.1613
      vertex 3.0709 2.82336 8
      vertex 2.99639 2.86065 11.0783
    endloop
  endfacet
  facet normal 0.44767 0.894199 -5.2308e-07
    outer loop
      vertex 3.06599 2.82582 11.1917
      vertex 3.0709 2.82336 8
      vertex 3.05029 2.83368 11.1613
    endloop
  endfacet
  facet normal 0.447942 0.894063 -0
    outer loop
      vertex 3.0709 2.82336 8
      vertex 3.06599 2.82582 11.1917
      vertex 3.0709 2.82336 11.2041
    endloop
  endfacet
  facet normal 0.567052 0.812134 0.137438
    outer loop
      vertex 2.26142 3.22847 11.0663
      vertex 2.25115 3.23361 11.0783
      vertex 2.2557 3.23133 11.073
    endloop
  endfacet
  facet normal 0.447227 0.894421 4.12247e-05
    outer loop
      vertex 2.17664 3.2709 8
      vertex 2.47348 3.12234 10.9199
      vertex 2.49292 3.11262 10.9122
    endloop
  endfacet
  facet normal 0.447455 0.894307 1.3598e-05
    outer loop
      vertex 2.17664 3.2709 8
      vertex 2.52006 3.09903 10.9069
      vertex 2.5799 3.06909 10.8952
    endloop
  endfacet
  facet normal 0.447542 0.894263 -1.50933e-06
    outer loop
      vertex 2.17664 3.2709 8
      vertex 2.5799 3.06909 10.8952
      vertex 3.0709 2.82336 8
    endloop
  endfacet
  facet normal 0.447736 0.894166 -2.79837e-05
    outer loop
      vertex 2.52006 3.09903 10.9069
      vertex 2.17664 3.2709 8
      vertex 2.49292 3.11262 10.9122
    endloop
  endfacet
  facet normal 0.447648 0.89421 -1.23124e-05
    outer loop
      vertex 2.47348 3.12234 10.9199
      vertex 2.17664 3.2709 8
      vertex 2.40818 3.15503 10.9459
    endloop
  endfacet
  facet normal 0.446716 0.894676 7.92542e-05
    outer loop
      vertex 2.40818 3.15503 10.9459
      vertex 2.17664 3.2709 8
      vertex 2.40151 3.15836 10.95
    endloop
  endfacet
  facet normal 0.447558 0.894255 -9.61017e-07
    outer loop
      vertex 2.40151 3.15836 10.95
      vertex 2.17664 3.2709 8
      vertex 2.34962 3.18433 10.9864
    endloop
  endfacet
  facet normal 0.447685 0.894191 -1.01793e-05
    outer loop
      vertex 2.34962 3.18433 10.9864
      vertex 2.17664 3.2709 8
      vertex 2.32713 3.19559 11.0021
    endloop
  endfacet
  facet normal 0.447487 0.89429 2.19932e-06
    outer loop
      vertex 2.32713 3.19559 11.0021
      vertex 2.17664 3.2709 8
      vertex 2.26142 3.22847 11.0663
    endloop
  endfacet
  facet normal 0.447562 0.894253 -3.60361e-07
    outer loop
      vertex 2.26142 3.22847 11.0663
      vertex 2.17664 3.2709 8
      vertex 2.25115 3.23361 11.0783
    endloop
  endfacet
  facet normal 0.447609 0.894229 -1.81231e-06
    outer loop
      vertex 2.25115 3.23361 11.0783
      vertex 2.17664 3.2709 8
      vertex 2.19725 3.26059 11.1613
    endloop
  endfacet
  facet normal 0.447216 0.894426 1.39701e-06
    outer loop
      vertex 2.19725 3.26059 11.1613
      vertex 2.17664 3.2709 8
      vertex 2.18155 3.26844 11.1917
    endloop
  endfacet
  facet normal 0.447942 0.894063 0
    outer loop
      vertex 2.18155 3.26844 11.1917
      vertex 2.17664 3.2709 8
      vertex 2.17664 3.2709 11.2041
    endloop
  endfacet
  facet normal -0.447542 -0.894263 0
    outer loop
      vertex 1.7291 2.37664 4.68312
      vertex 2.62336 1.9291 7.2
      vertex 1.7291 2.37664 7.2
    endloop
  endfacet
  facet normal -0.447542 -0.894263 -0
    outer loop
      vertex 2.62336 1.9291 7.2
      vertex 1.7291 2.37664 4.68312
      vertex 2.62336 1.9291 4.68312
    endloop
  endfacet
  facet normal -0.488352 -0.87152 -0.0443273
    outer loop
      vertex 1.80361 2.33935 11.0783
      vertex 1.81389 2.3342 11.0663
      vertex 1.80816 2.33707 11.073
    endloop
  endfacet
  facet normal -0.447489 -0.894289 -6.29014e-06
    outer loop
      vertex 1.7291 2.37664 8
      vertex 2.02595 2.22808 10.9199
      vertex 1.96064 2.26076 10.9459
    endloop
  endfacet
  facet normal -0.447479 -0.894295 -1.00627e-05
    outer loop
      vertex 1.7291 2.37664 8
      vertex 2.07252 2.20477 10.9069
      vertex 2.04538 2.21835 10.9122
    endloop
  endfacet
  facet normal -0.44754 -0.894264 -1.90171e-06
    outer loop
      vertex 2.13236 2.17482 10.8952
      vertex 1.7291 2.37664 8
      vertex 2.2201 2.13091 10.8952
    endloop
  endfacet
  facet normal -0.447572 -0.894248 3.65906e-06
    outer loop
      vertex 2.07252 2.20477 10.9069
      vertex 1.7291 2.37664 8
      vertex 2.13236 2.17482 10.8952
    endloop
  endfacet
  facet normal -0.447757 -0.894155 2.77203e-05
    outer loop
      vertex 2.02595 2.22808 10.9199
      vertex 1.7291 2.37664 8
      vertex 2.04538 2.21835 10.9122
    endloop
  endfacet
  facet normal -0.447741 -0.894163 1.84055e-05
    outer loop
      vertex 1.95397 2.2641 10.95
      vertex 1.7291 2.37664 8
      vertex 1.96064 2.26076 10.9459
    endloop
  endfacet
  facet normal -0.447558 -0.894255 9.61017e-07
    outer loop
      vertex 1.90208 2.29007 10.9864
      vertex 1.7291 2.37664 8
      vertex 1.95397 2.2641 10.95
    endloop
  endfacet
  facet normal -0.447379 -0.894344 -1.19575e-05
    outer loop
      vertex 1.87959 2.30132 11.0021
      vertex 1.7291 2.37664 8
      vertex 1.90208 2.29007 10.9864
    endloop
  endfacet
  facet normal -0.447542 -0.894263 -1.78421e-06
    outer loop
      vertex 1.81389 2.3342 11.0663
      vertex 1.7291 2.37664 8
      vertex 1.87959 2.30132 11.0021
    endloop
  endfacet
  facet normal -0.447899 -0.894084 1.0587e-05
    outer loop
      vertex 1.80361 2.33935 11.0783
      vertex 1.7291 2.37664 8
      vertex 1.81389 2.3342 11.0663
    endloop
  endfacet
  facet normal -0.447482 -0.894293 -2.05926e-06
    outer loop
      vertex 1.74971 2.36632 11.1613
      vertex 1.7291 2.37664 8
      vertex 1.80361 2.33935 11.0783
    endloop
  endfacet
  facet normal -0.44767 -0.894199 -5.2308e-07
    outer loop
      vertex 1.73401 2.37418 11.1917
      vertex 1.7291 2.37664 8
      vertex 1.74971 2.36632 11.1613
    endloop
  endfacet
  facet normal -0.447942 -0.894063 0
    outer loop
      vertex 1.7291 2.37664 8
      vertex 1.73401 2.37418 11.1917
      vertex 1.7291 2.37664 11.2041
    endloop
  endfacet
  facet normal -0.567052 -0.812134 0.137438
    outer loop
      vertex 2.53858 1.97153 11.0663
      vertex 2.54885 1.96639 11.0783
      vertex 2.5443 1.96867 11.073
    endloop
  endfacet
  facet normal -0.447227 -0.894421 4.12247e-05
    outer loop
      vertex 2.62336 1.9291 8
      vertex 2.32652 2.07766 10.9199
      vertex 2.30708 2.08738 10.9122
    endloop
  endfacet
  facet normal -0.447455 -0.894307 1.3598e-05
    outer loop
      vertex 2.62336 1.9291 8
      vertex 2.27994 2.10097 10.9069
      vertex 2.2201 2.13091 10.8952
    endloop
  endfacet
  facet normal -0.447542 -0.894263 -1.50933e-06
    outer loop
      vertex 2.62336 1.9291 8
      vertex 2.2201 2.13091 10.8952
      vertex 1.7291 2.37664 8
    endloop
  endfacet
  facet normal -0.447736 -0.894166 -2.79837e-05
    outer loop
      vertex 2.27994 2.10097 10.9069
      vertex 2.62336 1.9291 8
      vertex 2.30708 2.08738 10.9122
    endloop
  endfacet
  facet normal -0.447543 -0.894263 1.06741e-06
    outer loop
      vertex 2.32652 2.07766 10.9199
      vertex 2.62336 1.9291 8
      vertex 2.39182 2.04498 10.9459
    endloop
  endfacet
  facet normal -0.447741 -0.894163 -1.84055e-05
    outer loop
      vertex 2.39182 2.04498 10.9459
      vertex 2.62336 1.9291 8
      vertex 2.39849 2.04164 10.95
    endloop
  endfacet
  facet normal -0.447558 -0.894255 -9.61017e-07
    outer loop
      vertex 2.39849 2.04164 10.95
      vertex 2.62336 1.9291 8
      vertex 2.45038 2.01567 10.9864
    endloop
  endfacet
  facet normal -0.447685 -0.894191 -1.01793e-05
    outer loop
      vertex 2.45038 2.01567 10.9864
      vertex 2.62336 1.9291 8
      vertex 2.47287 2.00441 11.0021
    endloop
  endfacet
  facet normal -0.447487 -0.89429 2.19932e-06
    outer loop
      vertex 2.47287 2.00441 11.0021
      vertex 2.62336 1.9291 8
      vertex 2.53858 1.97153 11.0663
    endloop
  endfacet
  facet normal -0.447562 -0.894253 -3.60361e-07
    outer loop
      vertex 2.53858 1.97153 11.0663
      vertex 2.62336 1.9291 8
      vertex 2.54885 1.96639 11.0783
    endloop
  endfacet
  facet normal -0.447609 -0.894229 -1.81231e-06
    outer loop
      vertex 2.54885 1.96639 11.0783
      vertex 2.62336 1.9291 8
      vertex 2.60275 1.93941 11.1613
    endloop
  endfacet
  facet normal -0.447216 -0.894426 1.39701e-06
    outer loop
      vertex 2.60275 1.93941 11.1613
      vertex 2.62336 1.9291 8
      vertex 2.61845 1.93156 11.1917
    endloop
  endfacet
  facet normal -0.447942 -0.894063 0
    outer loop
      vertex 2.61845 1.93156 11.1917
      vertex 2.62336 1.9291 8
      vertex 2.62336 1.9291 11.2041
    endloop
  endfacet
  facet normal -0.446589 -0.892359 -0.0652165
    outer loop
      vertex 1.73005 2.37855 4.65048
      vertex 2.62336 1.9291 4.68312
      vertex 1.7291 2.37664 4.68312
    endloop
  endfacet
  facet normal -0.446581 -0.892353 -0.0653527
    outer loop
      vertex 2.62336 1.9291 4.68312
      vertex 1.73005 2.37855 4.65048
      vertex 2.62432 1.93101 4.65048
    endloop
  endfacet
  facet normal -0.438938 -0.877081 -0.195094
    outer loop
      vertex 1.73291 2.38425 4.61842
      vertex 2.62432 1.93101 4.65048
      vertex 1.73005 2.37855 4.65048
    endloop
  endfacet
  facet normal -0.438954 -0.877103 -0.194963
    outer loop
      vertex 2.62432 1.93101 4.65048
      vertex 1.73291 2.38425 4.61842
      vertex 2.62717 1.93671 4.61842
    endloop
  endfacet
  facet normal -0.423805 -0.846833 -0.321347
    outer loop
      vertex 1.73761 2.39365 4.58745
      vertex 2.62717 1.93671 4.61842
      vertex 1.73291 2.38425 4.61842
    endloop
  endfacet
  facet normal -0.423782 -0.846797 -0.32147
    outer loop
      vertex 2.62717 1.93671 4.61842
      vertex 1.73761 2.39365 4.58745
      vertex 2.63188 1.94611 4.58745
    endloop
  endfacet
  facet normal -0.401341 -0.801957 -0.442482
    outer loop
      vertex 1.74409 2.40659 4.55812
      vertex 2.63188 1.94611 4.58745
      vertex 1.73761 2.39365 4.58745
    endloop
  endfacet
  facet normal -0.401369 -0.802003 -0.442372
    outer loop
      vertex 2.63188 1.94611 4.58745
      vertex 1.74409 2.40659 4.55812
      vertex 2.63835 1.95905 4.55812
    endloop
  endfacet
  facet normal -0.372101 -0.743521 -0.555623
    outer loop
      vertex 1.75222 2.42284 4.53093
      vertex 2.63835 1.95905 4.55812
      vertex 1.74409 2.40659 4.55812
    endloop
  endfacet
  facet normal -0.37207 -0.743466 -0.555718
    outer loop
      vertex 2.63835 1.95905 4.55812
      vertex 1.75222 2.42284 4.53093
      vertex 2.64649 1.9753 4.53093
    endloop
  endfacet
  facet normal -0.336449 -0.672289 -0.659416
    outer loop
      vertex 1.76187 2.44212 4.50635
      vertex 2.64649 1.9753 4.53093
      vertex 1.75222 2.42284 4.53093
    endloop
  endfacet
  facet normal -0.336449 -0.672289 -0.659416
    outer loop
      vertex 2.64649 1.9753 4.53093
      vertex 1.76187 2.44212 4.50635
      vertex 2.65614 1.99458 4.50635
    endloop
  endfacet
  facet normal -0.295054 -0.589587 -0.751884
    outer loop
      vertex 2.65614 1.99458 4.50635
      vertex 1.77287 2.4641 4.48479
      vertex 2.66714 2.01657 4.48479
    endloop
  endfacet
  facet normal -0.29512 -0.589706 -0.751765
    outer loop
      vertex 1.77287 2.4641 4.48479
      vertex 2.65614 1.99458 4.50635
      vertex 1.76187 2.44212 4.50635
    endloop
  endfacet
  facet normal -0.248779 -0.497107 -0.83126
    outer loop
      vertex 2.66714 2.01657 4.48479
      vertex 1.78504 2.48842 4.46661
      vertex 2.67931 2.04088 4.46661
    endloop
  endfacet
  facet normal -0.248718 -0.496996 -0.831345
    outer loop
      vertex 1.78504 2.48842 4.46661
      vertex 2.66714 2.01657 4.48479
      vertex 1.77287 2.4641 4.48479
    endloop
  endfacet
  facet normal -0.197754 -0.395145 -0.897081
    outer loop
      vertex 2.67931 2.04088 4.46661
      vertex 1.79821 2.51473 4.45212
      vertex 2.69247 2.06719 4.45212
    endloop
  endfacet
  facet normal -0.197728 -0.395097 -0.897107
    outer loop
      vertex 1.79821 2.51473 4.45212
      vertex 2.67931 2.04088 4.46661
      vertex 1.78504 2.48842 4.46661
    endloop
  endfacet
  facet normal -0.171728 -0.343145 -0.923451
    outer loop
      vertex 2.69247 2.06719 4.45212
      vertex 1.7997 2.51772 4.45073
      vertex 2.69397 2.07018 4.45073
    endloop
  endfacet
  facet normal -0.171926 -0.343536 -0.923268
    outer loop
      vertex 1.7997 2.51772 4.45073
      vertex 2.69247 2.06719 4.45212
      vertex 1.79821 2.51473 4.45212
    endloop
  endfacet
  facet normal -0.197703 -0.395052 -0.897133
    outer loop
      vertex 2.69397 2.07018 4.45073
      vertex 1.80624 2.53077 4.44354
      vertex 2.7005 2.08324 4.44354
    endloop
  endfacet
  facet normal -0.197753 -0.395149 -0.897079
    outer loop
      vertex 1.80624 2.53077 4.44354
      vertex 2.69397 2.07018 4.45073
      vertex 1.7997 2.51772 4.45073
    endloop
  endfacet
  facet normal -0.223697 -0.446989 -0.866118
    outer loop
      vertex 2.7005 2.08324 4.44354
      vertex 1.8303 2.57886 4.41251
      vertex 2.72457 2.13132 4.41251
    endloop
  endfacet
  facet normal -0.223681 -0.446962 -0.866136
    outer loop
      vertex 1.8303 2.57886 4.41251
      vertex 2.7005 2.08324 4.44354
      vertex 1.80624 2.53077 4.44354
    endloop
  endfacet
  facet normal -0.248768 -0.497086 -0.831276
    outer loop
      vertex 2.72457 2.13132 4.41251
      vertex 1.83637 2.59099 4.40344
      vertex 2.73064 2.14345 4.40344
    endloop
  endfacet
  facet normal -0.248768 -0.497086 -0.831276
    outer loop
      vertex 1.83637 2.59099 4.40344
      vertex 2.72457 2.13132 4.41251
      vertex 1.8303 2.57886 4.41251
    endloop
  endfacet
  facet normal -0.272326 -0.54416 -0.793554
    outer loop
      vertex 2.73064 2.14345 4.40344
      vertex 1.85849 2.63519 4.36554
      vertex 2.75276 2.18765 4.36554
    endloop
  endfacet
  facet normal -0.272326 -0.54416 -0.793554
    outer loop
      vertex 1.85849 2.63519 4.36554
      vertex 2.73064 2.14345 4.40344
      vertex 1.83637 2.59099 4.40344
    endloop
  endfacet
  facet normal -0.295257 -0.589993 -0.751486
    outer loop
      vertex 2.75276 2.18765 4.36554
      vertex 1.86391 2.64602 4.3549
      vertex 2.75818 2.19849 4.3549
    endloop
  endfacet
  facet normal -0.295385 -0.590236 -0.751245
    outer loop
      vertex 1.86391 2.64602 4.3549
      vertex 2.75276 2.18765 4.36554
      vertex 1.85849 2.63519 4.36554
    endloop
  endfacet
  facet normal -0.316334 -0.632096 -0.707381
    outer loop
      vertex 2.75818 2.19849 4.3549
      vertex 1.88356 2.68528 4.31104
      vertex 2.77783 2.23774 4.31104
    endloop
  endfacet
  facet normal -0.316296 -0.632034 -0.707453
    outer loop
      vertex 1.88356 2.68528 4.31104
      vertex 2.75818 2.19849 4.3549
      vertex 1.86391 2.64602 4.3549
    endloop
  endfacet
  facet normal -0.336499 -0.67239 -0.659288
    outer loop
      vertex 1.88845 2.69505 4.29858
      vertex 2.77783 2.23774 4.31104
      vertex 1.88356 2.68528 4.31104
    endloop
  endfacet
  facet normal -0.336499 -0.67239 -0.659288
    outer loop
      vertex 2.77783 2.23774 4.31104
      vertex 1.88845 2.69505 4.29858
      vertex 2.78272 2.24751 4.29858
    endloop
  endfacet
  facet normal -0.354993 -0.709344 -0.608943
    outer loop
      vertex 1.90535 2.72882 4.24939
      vertex 2.78272 2.24751 4.29858
      vertex 1.88845 2.69505 4.29858
    endloop
  endfacet
  facet normal -0.354955 -0.709284 -0.609034
    outer loop
      vertex 2.78272 2.24751 4.29858
      vertex 1.90535 2.72882 4.24939
      vertex 2.79962 2.28129 4.24939
    endloop
  endfacet
  facet normal -0.37202 -0.743383 -0.555863
    outer loop
      vertex 1.90943 2.73697 4.23576
      vertex 2.79962 2.28129 4.24939
      vertex 1.90535 2.72882 4.24939
    endloop
  endfacet
  facet normal -0.372199 -0.743716 -0.555297
    outer loop
      vertex 2.79962 2.28129 4.24939
      vertex 1.90943 2.73697 4.23576
      vertex 2.80369 2.28943 4.23576
    endloop
  endfacet
  facet normal -0.387594 -0.774478 -0.499955
    outer loop
      vertex 1.92333 2.76475 4.18195
      vertex 2.80369 2.28943 4.23576
      vertex 1.90943 2.73697 4.23576
    endloop
  endfacet
  facet normal -0.387577 -0.774452 -0.500009
    outer loop
      vertex 2.80369 2.28943 4.23576
      vertex 1.92333 2.76475 4.18195
      vertex 2.8176 2.31721 4.18195
    endloop
  endfacet
  facet normal -0.401282 -0.801838 -0.44275
    outer loop
      vertex 1.92654 2.77115 4.16745
      vertex 2.8176 2.31721 4.18195
      vertex 1.92333 2.76475 4.18195
    endloop
  endfacet
  facet normal -0.401335 -0.801935 -0.442528
    outer loop
      vertex 2.8176 2.31721 4.18195
      vertex 1.92654 2.77115 4.16745
      vertex 2.8208 2.32361 4.16745
    endloop
  endfacet
  facet normal -0.413402 -0.826047 -0.383074
    outer loop
      vertex 1.93721 2.79248 4.10994
      vertex 2.8208 2.32361 4.16745
      vertex 1.92654 2.77115 4.16745
    endloop
  endfacet
  facet normal -0.413402 -0.826047 -0.383074
    outer loop
      vertex 2.8208 2.32361 4.16745
      vertex 1.93721 2.79248 4.10994
      vertex 2.83147 2.34494 4.10994
    endloop
  endfacet
  facet normal -0.423806 -0.846835 -0.321339
    outer loop
      vertex 1.93954 2.79715 4.09456
      vertex 2.83147 2.34494 4.10994
      vertex 1.93721 2.79248 4.10994
    endloop
  endfacet
  facet normal -0.423765 -0.846762 -0.321586
    outer loop
      vertex 2.83147 2.34494 4.10994
      vertex 1.93954 2.79715 4.09456
      vertex 2.83381 2.34961 4.09456
    endloop
  endfacet
  facet normal -0.43227 -0.863757 -0.258973
    outer loop
      vertex 1.94675 2.81154 4.03453
      vertex 2.83381 2.34961 4.09456
      vertex 1.93954 2.79715 4.09456
    endloop
  endfacet
  facet normal -0.432258 -0.863743 -0.25904
    outer loop
      vertex 2.83381 2.34961 4.09456
      vertex 1.94675 2.81154 4.03453
      vertex 2.84101 2.36401 4.03453
    endloop
  endfacet
  facet normal -0.438913 -0.877042 -0.195329
    outer loop
      vertex 1.94818 2.81439 4.01852
      vertex 2.84101 2.36401 4.03453
      vertex 1.94675 2.81154 4.03453
    endloop
  endfacet
  facet normal -0.438913 -0.877042 -0.195329
    outer loop
      vertex 2.84101 2.36401 4.03453
      vertex 1.94818 2.81439 4.01852
      vertex 2.84244 2.36686 4.01852
    endloop
  endfacet
  facet normal -0.443686 -0.886578 -0.130852
    outer loop
      vertex 1.95195 2.82193 3.95465
      vertex 2.84244 2.36686 4.01852
      vertex 1.94818 2.81439 4.01852
    endloop
  endfacet
  facet normal -0.443702 -0.88659 -0.130715
    outer loop
      vertex 2.84244 2.36686 4.01852
      vertex 1.95195 2.82193 3.95465
      vertex 2.84621 2.37439 3.95465
    endloop
  endfacet
  facet normal -0.446068 -0.891319 -0.0810781
    outer loop
      vertex 1.95238 2.82279 3.94283
      vertex 2.84621 2.37439 3.95465
      vertex 1.95195 2.82193 3.95465
    endloop
  endfacet
  facet normal -0.446068 -0.891319 -0.0810781
    outer loop
      vertex 2.84621 2.37439 3.95465
      vertex 1.95238 2.82279 3.94283
      vertex 2.84664 2.37525 3.94283
    endloop
  endfacet
  facet normal -0.447301 -0.893783 -0.0327511
    outer loop
      vertex 1.95283 2.8237 3.91185
      vertex 2.84664 2.37525 3.94283
      vertex 1.95238 2.82279 3.94283
    endloop
  endfacet
  facet normal -0.447295 -0.893781 -0.0328953
    outer loop
      vertex 2.84664 2.37525 3.94283
      vertex 1.95283 2.8237 3.91185
      vertex 2.8471 2.37616 3.91185
    endloop
  endfacet
  facet normal -0.447473 -0.894136 -0.0170166
    outer loop
      vertex 1.95287 2.82377 3.90712
      vertex 2.8471 2.37616 3.91185
      vertex 1.95283 2.8237 3.91185
    endloop
  endfacet
  facet normal -0.447484 -0.894148 -0.0160708
    outer loop
      vertex 2.8471 2.37616 3.91185
      vertex 1.95287 2.82377 3.90712
      vertex 2.84713 2.37623 3.90712
    endloop
  endfacet
  facet normal -0.447542 -0.894263 0
    outer loop
      vertex 1.95287 2.82377 3.75
      vertex 2.84713 2.37623 3.90712
      vertex 1.95287 2.82377 3.90712
    endloop
  endfacet
  facet normal -0.447542 -0.894263 -0
    outer loop
      vertex 2.84713 2.37623 3.90712
      vertex 1.95287 2.82377 3.75
      vertex 2.84713 2.37623 3.75
    endloop
  endfacet
  facet normal -0.446589 -0.892359 -0.0652165
    outer loop
      vertex 1.95382 2.82568 3.71736
      vertex 2.84713 2.37623 3.75
      vertex 1.95287 2.82377 3.75
    endloop
  endfacet
  facet normal -0.446581 -0.892353 -0.0653527
    outer loop
      vertex 2.84713 2.37623 3.75
      vertex 1.95382 2.82568 3.71736
      vertex 2.84809 2.37814 3.71736
    endloop
  endfacet
  facet normal -0.438938 -0.877081 -0.195094
    outer loop
      vertex 1.95668 2.83138 3.6853
      vertex 2.84809 2.37814 3.71736
      vertex 1.95382 2.82568 3.71736
    endloop
  endfacet
  facet normal -0.438922 -0.87706 -0.195226
    outer loop
      vertex 2.84809 2.37814 3.71736
      vertex 1.95668 2.83138 3.6853
      vertex 2.85094 2.38385 3.6853
    endloop
  endfacet
  facet normal -0.423797 -0.846837 -0.321347
    outer loop
      vertex 1.96138 2.84078 3.65433
      vertex 2.85094 2.38385 3.6853
      vertex 1.95668 2.83138 3.6853
    endloop
  endfacet
  facet normal -0.423775 -0.846801 -0.32147
    outer loop
      vertex 2.85094 2.38385 3.6853
      vertex 1.96138 2.84078 3.65433
      vertex 2.85565 2.39325 3.65433
    endloop
  endfacet
  facet normal -0.401334 -0.80196 -0.442482
    outer loop
      vertex 1.96786 2.85372 3.625
      vertex 2.85565 2.39325 3.65433
      vertex 1.96138 2.84078 3.65433
    endloop
  endfacet
  facet normal -0.401418 -0.8021 -0.442152
    outer loop
      vertex 2.85565 2.39325 3.65433
      vertex 1.96786 2.85372 3.625
      vertex 2.86212 2.40618 3.625
    endloop
  endfacet
  facet normal -0.372101 -0.743521 -0.555623
    outer loop
      vertex 1.97599 2.86997 3.59781
      vertex 2.86212 2.40618 3.625
      vertex 1.96786 2.85372 3.625
    endloop
  endfacet
  facet normal -0.37207 -0.743466 -0.555718
    outer loop
      vertex 2.86212 2.40618 3.625
      vertex 1.97599 2.86997 3.59781
      vertex 2.87026 2.42243 3.59781
    endloop
  endfacet
  facet normal -0.336449 -0.672289 -0.659416
    outer loop
      vertex 1.98564 2.88925 3.57323
      vertex 2.87026 2.42243 3.59781
      vertex 1.97599 2.86997 3.59781
    endloop
  endfacet
  facet normal -0.336416 -0.67223 -0.659494
    outer loop
      vertex 2.87026 2.42243 3.59781
      vertex 1.98564 2.88925 3.57323
      vertex 2.8799 2.44172 3.57323
    endloop
  endfacet
  facet normal -0.29509 -0.589645 -0.751825
    outer loop
      vertex 2.8799 2.44172 3.57323
      vertex 1.99664 2.91124 3.55167
      vertex 2.89091 2.4637 3.55167
    endloop
  endfacet
  facet normal -0.295057 -0.589586 -0.751884
    outer loop
      vertex 1.99664 2.91124 3.55167
      vertex 2.8799 2.44172 3.57323
      vertex 1.98564 2.88925 3.57323
    endloop
  endfacet
  facet normal -0.248809 -0.497163 -0.831218
    outer loop
      vertex 2.89091 2.4637 3.55167
      vertex 2.00881 2.93555 3.53349
      vertex 2.90307 2.48801 3.53349
    endloop
  endfacet
  facet normal -0.248779 -0.497107 -0.83126
    outer loop
      vertex 2.00881 2.93555 3.53349
      vertex 2.89091 2.4637 3.55167
      vertex 1.99664 2.91124 3.55167
    endloop
  endfacet
  facet normal -0.197882 -0.395407 -0.896937
    outer loop
      vertex 2.90307 2.48801 3.53349
      vertex 2.02193 2.96178 3.51903
      vertex 2.9162 2.51424 3.51903
    endloop
  endfacet
  facet normal -0.197908 -0.395454 -0.89691
    outer loop
      vertex 2.02193 2.96178 3.51903
      vertex 2.90307 2.48801 3.53349
      vertex 2.00881 2.93555 3.53349
    endloop
  endfacet
  facet normal -0.143928 -0.287592 -0.946877
    outer loop
      vertex 2.9162 2.51424 3.51903
      vertex 2.0358 2.98948 3.50851
      vertex 2.93006 2.54194 3.50851
    endloop
  endfacet
  facet normal -0.143908 -0.287556 -0.946891
    outer loop
      vertex 2.0358 2.98948 3.50851
      vertex 2.9162 2.51424 3.51903
      vertex 2.02193 2.96178 3.51903
    endloop
  endfacet
  facet normal -0.0872144 -0.174271 -0.980828
    outer loop
      vertex 2.93006 2.54194 3.50851
      vertex 2.05014 3.01815 3.50214
      vertex 2.94441 2.57061 3.50214
    endloop
  endfacet
  facet normal -0.0872269 -0.174294 -0.980823
    outer loop
      vertex 2.05014 3.01815 3.50214
      vertex 2.93006 2.54194 3.50851
      vertex 2.0358 2.98948 3.50851
    endloop
  endfacet
  facet normal -0.0292769 -0.0585022 -0.997858
    outer loop
      vertex 2.94441 2.57061 3.50214
      vertex 2.06475 3.04733 3.5
      vertex 2.95902 2.5998 3.5
    endloop
  endfacet
  facet normal -0.0292855 -0.0585179 -0.997857
    outer loop
      vertex 2.06475 3.04733 3.5
      vertex 2.94441 2.57061 3.50214
      vertex 2.05014 3.01815 3.50214
    endloop
  endfacet
  facet normal 0 0 -1
    outer loop
      vertex 3.43227 4.40616 3.5
      vertex 3.63173 4.80471 3.5
      vertex 3.49021 4.30444 3.5
    endloop
  endfacet
  facet normal -0 0 -1
    outer loop
      vertex 3.63173 4.80471 3.5
      vertex 3.43227 4.40616 3.5
      vertex 3.51884 4.83566 3.5
    endloop
  endfacet
  facet normal 0 0 -1
    outer loop
      vertex 3.33983 4.47796 3.5
      vertex 3.51884 4.83566 3.5
      vertex 3.43227 4.40616 3.5
    endloop
  endfacet
  facet normal -0 0 -1
    outer loop
      vertex 3.51884 4.83566 3.5
      vertex 3.33983 4.47796 3.5
      vertex 3.4264 4.90746 3.5
    endloop
  endfacet
  facet normal 0 0 -1
    outer loop
      vertex 3.22694 4.50891 3.5
      vertex 3.4264 4.90746 3.5
      vertex 3.33983 4.47796 3.5
    endloop
  endfacet
  facet normal -0 0 -1
    outer loop
      vertex 3.4264 4.90746 3.5
      vertex 3.22694 4.50891 3.5
      vertex 3.36846 5.00918 3.5
    endloop
  endfacet
  facet normal 0 0 -1
    outer loop
      vertex 3.87981 5.30042 3.5
      vertex 4.07927 5.69897 3.5
      vertex 3.93774 5.19871 3.5
    endloop
  endfacet
  facet normal -0 0 -1
    outer loop
      vertex 4.07927 5.69897 3.5
      vertex 3.87981 5.30042 3.5
      vertex 3.96638 5.72993 3.5
    endloop
  endfacet
  facet normal 0 0 -1
    outer loop
      vertex 3.78737 5.37222 3.5
      vertex 3.96638 5.72993 3.5
      vertex 3.87981 5.30042 3.5
    endloop
  endfacet
  facet normal -0 0 -1
    outer loop
      vertex 3.96638 5.72993 3.5
      vertex 3.78737 5.37222 3.5
      vertex 3.87393 5.80173 3.5
    endloop
  endfacet
  facet normal 0 0 -1
    outer loop
      vertex 3.67448 5.40318 3.5
      vertex 3.87393 5.80173 3.5
      vertex 3.78737 5.37222 3.5
    endloop
  endfacet
  facet normal -0 0 -1
    outer loop
      vertex 3.87393 5.80173 3.5
      vertex 3.67448 5.40318 3.5
      vertex 3.816 5.90344 3.5
    endloop
  endfacet
  facet normal 0 0 -1
    outer loop
      vertex 4.83282 6.98724 3.5
      vertex 8.20308 13.0784 3.5
      vertex 4.84742 6.8711 3.5
    endloop
  endfacet
  facet normal 0 0 -1
    outer loop
      vertex 8.20308 13.0784 3.5
      vertex 4.81646 6.75821 3.5
      vertex 4.84742 6.8711 3.5
    endloop
  endfacet
  facet normal 0 0 -1
    outer loop
      vertex 4.64294 6.60783 3.5
      vertex 4.38528 6.09297 3.5
      vertex 4.5268 6.59324 3.5
    endloop
  endfacet
  facet normal 0 0 -1
    outer loop
      vertex 4.38528 6.09297 3.5
      vertex 4.64294 6.60783 3.5
      vertex 4.39988 5.97683 3.5
    endloop
  endfacet
  facet normal 0 0 -1
    outer loop
      vertex 4.74466 6.66577 3.5
      vertex 4.39988 5.97683 3.5
      vertex 4.64294 6.60783 3.5
    endloop
  endfacet
  facet normal 0 0 -1
    outer loop
      vertex 4.81646 6.75821 3.5
      vertex 4.39988 5.97683 3.5
      vertex 4.74466 6.66577 3.5
    endloop
  endfacet
  facet normal 0 0 -1
    outer loop
      vertex 2.95902 2.5998 3.5
      vertex 4.81646 6.75821 3.5
      vertex 8.20308 13.0784 3.5
    endloop
  endfacet
  facet normal 0 0 -1
    outer loop
      vertex 4.81646 6.75821 3.5
      vertex 4.36892 5.86395 3.5
      vertex 4.39988 5.97683 3.5
    endloop
  endfacet
  facet normal 0 0 -1
    outer loop
      vertex 4.19541 5.71357 3.5
      vertex 3.93774 5.19871 3.5
      vertex 4.07927 5.69897 3.5
    endloop
  endfacet
  facet normal 0 0 -1
    outer loop
      vertex 3.93774 5.19871 3.5
      vertex 4.19541 5.71357 3.5
      vertex 3.95234 5.08257 3.5
    endloop
  endfacet
  facet normal 0 0 -1
    outer loop
      vertex 4.29712 5.7715 3.5
      vertex 3.95234 5.08257 3.5
      vertex 4.19541 5.71357 3.5
    endloop
  endfacet
  facet normal 0 0 -1
    outer loop
      vertex 4.36892 5.86395 3.5
      vertex 3.95234 5.08257 3.5
      vertex 4.29712 5.7715 3.5
    endloop
  endfacet
  facet normal 0 0 -1
    outer loop
      vertex 4.36892 5.86395 3.5
      vertex 3.92138 4.96968 3.5
      vertex 3.95234 5.08257 3.5
    endloop
  endfacet
  facet normal 0 0 -1
    outer loop
      vertex 4.81646 6.75821 3.5
      vertex 2.95902 2.5998 3.5
      vertex 4.36892 5.86395 3.5
    endloop
  endfacet
  facet normal 0 0 -1
    outer loop
      vertex 3.74787 4.8193 3.5
      vertex 3.49021 4.30444 3.5
      vertex 3.63173 4.80471 3.5
    endloop
  endfacet
  facet normal 0 0 -1
    outer loop
      vertex 3.49021 4.30444 3.5
      vertex 3.74787 4.8193 3.5
      vertex 3.5048 4.1883 3.5
    endloop
  endfacet
  facet normal 0 0 -1
    outer loop
      vertex 3.84958 4.87724 3.5
      vertex 3.5048 4.1883 3.5
      vertex 3.74787 4.8193 3.5
    endloop
  endfacet
  facet normal 0 0 -1
    outer loop
      vertex 3.92138 4.96968 3.5
      vertex 3.5048 4.1883 3.5
      vertex 3.84958 4.87724 3.5
    endloop
  endfacet
  facet normal 0 0 -1
    outer loop
      vertex 3.92138 4.96968 3.5
      vertex 3.47385 4.07542 3.5
      vertex 3.5048 4.1883 3.5
    endloop
  endfacet
  facet normal 0 0 -1
    outer loop
      vertex 4.36892 5.86395 3.5
      vertex 2.95902 2.5998 3.5
      vertex 3.92138 4.96968 3.5
    endloop
  endfacet
  facet normal 0 0 -1
    outer loop
      vertex 3.92138 4.96968 3.5
      vertex 2.95902 2.5998 3.5
      vertex 3.47385 4.07542 3.5
    endloop
  endfacet
  facet normal 0 0 -1
    outer loop
      vertex 2.95902 2.5998 3.5
      vertex 3.40205 3.98297 3.5
      vertex 3.47385 4.07542 3.5
    endloop
  endfacet
  facet normal 0 0 -1
    outer loop
      vertex 2.95902 2.5998 3.5
      vertex 3.30033 3.92504 3.5
      vertex 3.40205 3.98297 3.5
    endloop
  endfacet
  facet normal 0 0 -1
    outer loop
      vertex 2.95902 2.5998 3.5
      vertex 3.18419 3.91044 3.5
      vertex 3.30033 3.92504 3.5
    endloop
  endfacet
  facet normal 0 0 -1
    outer loop
      vertex 2.95902 2.5998 3.5
      vertex 3.07131 3.9414 3.5
      vertex 3.18419 3.91044 3.5
    endloop
  endfacet
  facet normal 0 0 -1
    outer loop
      vertex 2.06475 3.04733 3.5
      vertex 3.07131 3.9414 3.5
      vertex 2.95902 2.5998 3.5
    endloop
  endfacet
  facet normal -0 0 -1
    outer loop
      vertex 3.07131 3.9414 3.5
      vertex 2.06475 3.04733 3.5
      vertex 2.97886 4.0132 3.5
    endloop
  endfacet
  facet normal -0 0 -1
    outer loop
      vertex 2.97886 4.0132 3.5
      vertex 2.06475 3.04733 3.5
      vertex 2.92093 4.11491 3.5
    endloop
  endfacet
  facet normal -0 0 -1
    outer loop
      vertex 2.92093 4.11491 3.5
      vertex 2.06475 3.04733 3.5
      vertex 2.90633 4.23105 3.5
    endloop
  endfacet
  facet normal 0 0 -1
    outer loop
      vertex 4.77489 7.08895 3.5
      vertex 8.20308 13.0784 3.5
      vertex 4.83282 6.98724 3.5
    endloop
  endfacet
  facet normal 0 0 -1
    outer loop
      vertex 4.68244 7.16075 3.5
      vertex 8.20308 13.0784 3.5
      vertex 4.77489 7.08895 3.5
    endloop
  endfacet
  facet normal -0 0 -1
    outer loop
      vertex 8.20308 13.0784 3.5
      vertex 4.68244 7.16075 3.5
      vertex 7.30881 13.526 3.5
    endloop
  endfacet
  facet normal 0 0 -1
    outer loop
      vertex 4.56955 7.19171 3.5
      vertex 7.30881 13.526 3.5
      vertex 4.68244 7.16075 3.5
    endloop
  endfacet
  facet normal 0 0 -1
    outer loop
      vertex 4.45341 7.17711 3.5
      vertex 7.30881 13.526 3.5
      vertex 4.56955 7.19171 3.5
    endloop
  endfacet
  facet normal 0 0 -1
    outer loop
      vertex 4.3517 7.11918 3.5
      vertex 7.30881 13.526 3.5
      vertex 4.45341 7.17711 3.5
    endloop
  endfacet
  facet normal 0 0 -1
    outer loop
      vertex 4.2799 7.02673 3.5
      vertex 7.30881 13.526 3.5
      vertex 4.3517 7.11918 3.5
    endloop
  endfacet
  facet normal 0 0 -1
    outer loop
      vertex 4.00588 6.28285 3.5
      vertex 4.26354 6.79771 3.5
      vertex 4.12202 6.29745 3.5
    endloop
  endfacet
  facet normal -0 0 -1
    outer loop
      vertex 4.26354 6.79771 3.5
      vertex 4.00588 6.28285 3.5
      vertex 4.24894 6.91385 3.5
    endloop
  endfacet
  facet normal 0 0 -1
    outer loop
      vertex 3.90416 6.22492 3.5
      vertex 4.24894 6.91385 3.5
      vertex 4.00588 6.28285 3.5
    endloop
  endfacet
  facet normal -0 0 -1
    outer loop
      vertex 4.24894 6.91385 3.5
      vertex 3.90416 6.22492 3.5
      vertex 4.2799 7.02673 3.5
    endloop
  endfacet
  facet normal 0 0 -1
    outer loop
      vertex 3.83236 6.13247 3.5
      vertex 4.2799 7.02673 3.5
      vertex 3.90416 6.22492 3.5
    endloop
  endfacet
  facet normal 0 0 -1
    outer loop
      vertex 2.06475 3.04733 3.5
      vertex 4.2799 7.02673 3.5
      vertex 3.83236 6.13247 3.5
    endloop
  endfacet
  facet normal 0 0 -1
    outer loop
      vertex 3.55834 5.38858 3.5
      vertex 3.816 5.90344 3.5
      vertex 3.67448 5.40318 3.5
    endloop
  endfacet
  facet normal -0 0 -1
    outer loop
      vertex 3.816 5.90344 3.5
      vertex 3.55834 5.38858 3.5
      vertex 3.8014 6.01958 3.5
    endloop
  endfacet
  facet normal 0 0 -1
    outer loop
      vertex 3.45663 5.33065 3.5
      vertex 3.8014 6.01958 3.5
      vertex 3.55834 5.38858 3.5
    endloop
  endfacet
  facet normal -0 0 -1
    outer loop
      vertex 3.8014 6.01958 3.5
      vertex 3.45663 5.33065 3.5
      vertex 3.83236 6.13247 3.5
    endloop
  endfacet
  facet normal 0 0 -1
    outer loop
      vertex 3.38482 5.2382 3.5
      vertex 3.83236 6.13247 3.5
      vertex 3.45663 5.33065 3.5
    endloop
  endfacet
  facet normal 0 0 -1
    outer loop
      vertex 2.06475 3.04733 3.5
      vertex 3.83236 6.13247 3.5
      vertex 3.38482 5.2382 3.5
    endloop
  endfacet
  facet normal 0 0 -1
    outer loop
      vertex 3.1108 4.49432 3.5
      vertex 3.36846 5.00918 3.5
      vertex 3.22694 4.50891 3.5
    endloop
  endfacet
  facet normal -0 0 -1
    outer loop
      vertex 3.36846 5.00918 3.5
      vertex 3.1108 4.49432 3.5
      vertex 3.35387 5.12532 3.5
    endloop
  endfacet
  facet normal 0 0 -1
    outer loop
      vertex 3.00909 4.43638 3.5
      vertex 3.35387 5.12532 3.5
      vertex 3.1108 4.49432 3.5
    endloop
  endfacet
  facet normal -0 0 -1
    outer loop
      vertex 3.35387 5.12532 3.5
      vertex 3.00909 4.43638 3.5
      vertex 3.38482 5.2382 3.5
    endloop
  endfacet
  facet normal 0 0 -1
    outer loop
      vertex 2.93729 4.34394 3.5
      vertex 3.38482 5.2382 3.5
      vertex 3.00909 4.43638 3.5
    endloop
  endfacet
  facet normal 0 0 -1
    outer loop
      vertex 2.06475 3.04733 3.5
      vertex 3.38482 5.2382 3.5
      vertex 2.93729 4.34394 3.5
    endloop
  endfacet
  facet normal -0 0 -1
    outer loop
      vertex 4.2799 7.02673 3.5
      vertex 2.06475 3.04733 3.5
      vertex 7.30881 13.526 3.5
    endloop
  endfacet
  facet normal 0 0 -1
    outer loop
      vertex 2.06475 3.04733 3.5
      vertex 2.93729 4.34394 3.5
      vertex 2.90633 4.23105 3.5
    endloop
  endfacet
  facet normal 0 0 -1
    outer loop
      vertex 4.32735 6.19469 3.5
      vertex 4.5268 6.59324 3.5
      vertex 4.38528 6.09297 3.5
    endloop
  endfacet
  facet normal -0 0 -1
    outer loop
      vertex 4.5268 6.59324 3.5
      vertex 4.32735 6.19469 3.5
      vertex 4.41392 6.62419 3.5
    endloop
  endfacet
  facet normal 0 0 -1
    outer loop
      vertex 4.2349 6.26649 3.5
      vertex 4.41392 6.62419 3.5
      vertex 4.32735 6.19469 3.5
    endloop
  endfacet
  facet normal -0 0 -1
    outer loop
      vertex 4.41392 6.62419 3.5
      vertex 4.2349 6.26649 3.5
      vertex 4.32147 6.69599 3.5
    endloop
  endfacet
  facet normal 0 0 -1
    outer loop
      vertex 4.12202 6.29745 3.5
      vertex 4.32147 6.69599 3.5
      vertex 4.2349 6.26649 3.5
    endloop
  endfacet
  facet normal -0 0 -1
    outer loop
      vertex 4.32147 6.69599 3.5
      vertex 4.12202 6.29745 3.5
      vertex 4.26354 6.79771 3.5
    endloop
  endfacet
  facet normal -0.0148699 -0.0297086 -0.999448
    outer loop
      vertex 8.20308 13.0784 3.5
      vertex 7.31231 13.533 3.49974
      vertex 8.20657 13.0854 3.49974
    endloop
  endfacet
  facet normal -0.0148613 -0.0296917 -0.999449
    outer loop
      vertex 7.31231 13.533 3.49974
      vertex 8.20308 13.0784 3.5
      vertex 7.30881 13.526 3.5
    endloop
  endfacet
  facet normal -0.0292959 -0.0585308 -0.997856
    outer loop
      vertex 8.20657 13.0854 3.49974
      vertex 7.34199 13.5923 3.49539
      vertex 8.23626 13.1447 3.49539
    endloop
  endfacet
  facet normal -0.0292981 -0.0585346 -0.997855
    outer loop
      vertex 7.34199 13.5923 3.49539
      vertex 8.20657 13.0854 3.49974
      vertex 7.31231 13.533 3.49974
    endloop
  endfacet
  facet normal -0.0583276 -0.11656 -0.991469
    outer loop
      vertex 8.23626 13.1447 3.49539
      vertex 7.34922 13.6067 3.49326
      vertex 8.24349 13.1592 3.49326
    endloop
  endfacet
  facet normal -0.0586563 -0.117191 -0.991376
    outer loop
      vertex 7.34922 13.6067 3.49326
      vertex 8.23626 13.1447 3.49539
      vertex 7.34199 13.5923 3.49539
    endloop
  endfacet
  facet normal -0.0872388 -0.174335 -0.980814
    outer loop
      vertex 8.24349 13.1592 3.49326
      vertex 7.37641 13.661 3.48119
      vertex 8.27068 13.2135 3.48119
    endloop
  endfacet
  facet normal -0.0872388 -0.174335 -0.980814
    outer loop
      vertex 7.37641 13.661 3.48119
      vertex 8.24349 13.1592 3.49326
      vertex 7.34922 13.6067 3.49326
    endloop
  endfacet
  facet normal -0.116441 -0.232637 -0.965568
    outer loop
      vertex 8.27068 13.2135 3.48119
      vertex 7.38359 13.6754 3.47688
      vertex 8.27785 13.2278 3.47688
    endloop
  endfacet
  facet normal -0.115785 -0.231382 -0.965948
    outer loop
      vertex 7.38359 13.6754 3.47688
      vertex 8.27068 13.2135 3.48119
      vertex 7.37641 13.661 3.48119
    endloop
  endfacet
  facet normal -0.143667 -0.2871 -0.947066
    outer loop
      vertex 8.27785 13.2278 3.47688
      vertex 7.40991 13.728 3.45691
      vertex 8.30418 13.2805 3.45691
    endloop
  endfacet
  facet normal -0.1439 -0.287497 -0.94691
    outer loop
      vertex 7.40991 13.728 3.45691
      vertex 8.27785 13.2278 3.47688
      vertex 7.38359 13.6754 3.47688
    endloop
  endfacet
  facet normal -0.172087 -0.343889 -0.923107
    outer loop
      vertex 8.30418 13.2805 3.45691
      vertex 7.4166 13.7413 3.45071
      vertex 8.31086 13.2938 3.45071
    endloop
  endfacet
  facet normal -0.172041 -0.343802 -0.923148
    outer loop
      vertex 7.4166 13.7413 3.45071
      vertex 8.30418 13.2805 3.45691
      vertex 7.40991 13.728 3.45691
    endloop
  endfacet
  facet normal -0.197712 -0.395096 -0.897112
    outer loop
      vertex 8.31086 13.2938 3.45071
      vertex 7.4415 13.7911 3.42329
      vertex 8.33576 13.3436 3.42329
    endloop
  endfacet
  facet normal -0.197712 -0.395096 -0.897112
    outer loop
      vertex 7.4415 13.7911 3.42329
      vertex 8.31086 13.2938 3.45071
      vertex 7.4166 13.7413 3.45071
    endloop
  endfacet
  facet normal -0.22439 -0.448314 -0.865253
    outer loop
      vertex 8.33576 13.3436 3.42329
      vertex 7.44789 13.8039 3.41505
      vertex 8.34216 13.3563 3.41505
    endloop
  endfacet
  facet normal -0.223353 -0.446336 -0.866544
    outer loop
      vertex 7.44789 13.8039 3.41505
      vertex 8.33576 13.3436 3.42329
      vertex 7.4415 13.7911 3.42329
    endloop
  endfacet
  facet normal -0.248378 -0.496345 -0.831835
    outer loop
      vertex 8.34216 13.3563 3.41505
      vertex 7.47102 13.8501 3.38052
      vertex 8.36528 13.4026 3.38052
    endloop
  endfacet
  facet normal -0.248702 -0.496888 -0.831414
    outer loop
      vertex 7.47102 13.8501 3.38052
      vertex 8.34216 13.3563 3.41505
      vertex 7.44789 13.8039 3.41505
    endloop
  endfacet
  facet normal -0.273397 -0.546219 -0.791769
    outer loop
      vertex 8.36528 13.4026 3.38052
      vertex 7.47677 13.8616 3.37067
      vertex 8.37103 13.414 3.37067
    endloop
  endfacet
  facet normal -0.272151 -0.543853 -0.793825
    outer loop
      vertex 7.47677 13.8616 3.37067
      vertex 8.36528 13.4026 3.38052
      vertex 7.47102 13.8501 3.38052
    endloop
  endfacet
  facet normal -0.295155 -0.589691 -0.751763
    outer loop
      vertex 8.37103 13.414 3.37067
      vertex 7.49774 13.9035 3.32957
      vertex 8.392 13.4559 3.32957
    endloop
  endfacet
  facet normal -0.295155 -0.589691 -0.751763
    outer loop
      vertex 7.49774 13.9035 3.32957
      vertex 8.37103 13.414 3.37067
      vertex 7.47677 13.8616 3.37067
    endloop
  endfacet
  facet normal -0.315888 -0.631253 -0.708332
    outer loop
      vertex 8.392 13.4559 3.32957
      vertex 7.50283 13.9136 3.31821
      vertex 8.39709 13.4661 3.31821
    endloop
  endfacet
  facet normal -0.31719 -0.633714 -0.705547
    outer loop
      vertex 7.50283 13.9136 3.31821
      vertex 8.392 13.4559 3.32957
      vertex 7.49774 13.9035 3.32957
    endloop
  endfacet
  facet normal -0.336299 -0.672041 -0.659745
    outer loop
      vertex 7.52122 13.9504 3.27135
      vertex 8.39709 13.4661 3.31821
      vertex 7.50283 13.9136 3.31821
    endloop
  endfacet
  facet normal -0.336299 -0.672041 -0.659745
    outer loop
      vertex 8.39709 13.4661 3.31821
      vertex 7.52122 13.9504 3.27135
      vertex 8.41548 13.5029 3.27135
    endloop
  endfacet
  facet normal -0.35526 -0.709932 -0.608101
    outer loop
      vertex 7.52563 13.9592 3.2585
      vertex 8.41548 13.5029 3.27135
      vertex 7.52122 13.9504 3.27135
    endloop
  endfacet
  facet normal -0.35526 -0.709932 -0.608101
    outer loop
      vertex 8.41548 13.5029 3.27135
      vertex 7.52563 13.9592 3.2585
      vertex 8.41989 13.5117 3.2585
    endloop
  endfacet
  facet normal -0.372016 -0.743417 -0.55582
    outer loop
      vertex 7.54108 13.9901 3.20683
      vertex 8.41989 13.5117 3.2585
      vertex 7.52563 13.9592 3.2585
    endloop
  endfacet
  facet normal -0.371998 -0.743389 -0.55587
    outer loop
      vertex 8.41989 13.5117 3.2585
      vertex 7.54108 13.9901 3.20683
      vertex 8.43535 13.5426 3.20683
    endloop
  endfacet
  facet normal -0.387332 -0.774033 -0.500847
    outer loop
      vertex 7.54477 13.9975 3.19254
      vertex 8.43535 13.5426 3.20683
      vertex 7.54108 13.9901 3.20683
    endloop
  endfacet
  facet normal -0.388507 -0.776198 -0.496568
    outer loop
      vertex 8.43535 13.5426 3.20683
      vertex 7.54477 13.9975 3.19254
      vertex 8.43903 13.5499 3.19254
    endloop
  endfacet
  facet normal -0.401539 -0.802235 -0.441798
    outer loop
      vertex 7.55704 14.022 3.1369
      vertex 8.43903 13.5499 3.19254
      vertex 7.54477 13.9975 3.19254
    endloop
  endfacet
  facet normal -0.401523 -0.802211 -0.441856
    outer loop
      vertex 8.43903 13.5499 3.19254
      vertex 7.55704 14.022 3.1369
      vertex 8.45131 13.5744 3.1369
    endloop
  endfacet
  facet normal -0.41381 -0.826761 -0.381087
    outer loop
      vertex 7.55981 14.0275 3.12196
      vertex 8.45131 13.5744 3.1369
      vertex 7.55704 14.022 3.1369
    endloop
  endfacet
  facet normal -0.41286 -0.825047 -0.385802
    outer loop
      vertex 8.45131 13.5744 3.1369
      vertex 7.55981 14.0275 3.12196
      vertex 8.45408 13.58 3.12196
    endloop
  endfacet
  facet normal -0.423665 -0.846639 -0.32204
    outer loop
      vertex 7.56875 14.0454 3.06314
      vertex 8.45408 13.58 3.12196
      vertex 7.55981 14.0275 3.12196
    endloop
  endfacet
  facet normal -0.423937 -0.846993 -0.320749
    outer loop
      vertex 8.45408 13.58 3.12196
      vertex 7.56875 14.0454 3.06314
      vertex 8.46302 13.5978 3.06314
    endloop
  endfacet
  facet normal -0.432576 -0.864253 -0.256798
    outer loop
      vertex 7.57068 14.0492 3.0471
      vertex 8.46302 13.5978 3.06314
      vertex 7.56875 14.0454 3.06314
    endloop
  endfacet
  facet normal -0.431929 -0.863145 -0.261569
    outer loop
      vertex 8.46302 13.5978 3.06314
      vertex 7.57068 14.0492 3.0471
      vertex 8.46494 13.6017 3.0471
    endloop
  endfacet
  facet normal -0.438921 -0.877116 -0.194979
    outer loop
      vertex 7.57608 14.06 2.98636
      vertex 8.46494 13.6017 3.0471
      vertex 7.57068 14.0492 3.0471
    endloop
  endfacet
  facet normal -0.438921 -0.877116 -0.194979
    outer loop
      vertex 8.46494 13.6017 3.0471
      vertex 7.57608 14.06 2.98636
      vertex 8.47034 13.6125 2.98636
    endloop
  endfacet
  facet normal -0.443677 -0.88662 -0.130601
    outer loop
      vertex 7.57704 14.0619 2.9702
      vertex 8.47034 13.6125 2.98636
      vertex 7.57608 14.06 2.98636
    endloop
  endfacet
  facet normal -0.443677 -0.88662 -0.130601
    outer loop
      vertex 8.47034 13.6125 2.98636
      vertex 7.57704 14.0619 2.9702
      vertex 8.4713 13.6144 2.9702
    endloop
  endfacet
  facet normal -0.446548 -0.892357 -0.0655283
    outer loop
      vertex 7.57898 14.0658 2.90387
      vertex 8.4713 13.6144 2.9702
      vertex 7.57704 14.0619 2.9702
    endloop
  endfacet
  facet normal -0.446542 -0.892355 -0.0655954
    outer loop
      vertex 8.4713 13.6144 2.9702
      vertex 7.57898 14.0658 2.90387
      vertex 8.47325 13.6183 2.90387
    endloop
  endfacet
  facet normal -0.447126 -0.893522 -0.0411923
    outer loop
      vertex 7.5791 14.0661 2.89606
      vertex 8.47325 13.6183 2.90387
      vertex 7.57898 14.0658 2.90387
    endloop
  endfacet
  facet normal -0.447399 -0.893858 -0.0291915
    outer loop
      vertex 8.47325 13.6183 2.90387
      vertex 7.5791 14.0661 2.89606
      vertex 8.47336 13.6185 2.89606
    endloop
  endfacet
  facet normal -0.44759 -0.894239 0
    outer loop
      vertex 7.5791 14.0661 2.64999
      vertex 8.47336 13.6185 2.89606
      vertex 7.5791 14.0661 2.89606
    endloop
  endfacet
  facet normal -0.44759 -0.894239 -0
    outer loop
      vertex 8.47336 13.6185 2.89606
      vertex 7.5791 14.0661 2.64999
      vertex 8.47336 13.6185 2.64999
    endloop
  endfacet
  facet normal -0.446644 -0.89235 -0.0649641
    outer loop
      vertex 7.58005 14.068 2.61736
      vertex 8.47336 13.6185 2.64999
      vertex 7.5791 14.0661 2.64999
    endloop
  endfacet
  facet normal -0.446636 -0.892344 -0.0651004
    outer loop
      vertex 8.47336 13.6185 2.64999
      vertex 7.58005 14.068 2.61736
      vertex 8.47432 13.6204 2.61736
    endloop
  endfacet
  facet normal -0.438985 -0.877058 -0.195094
    outer loop
      vertex 7.58291 14.0737 2.5853
      vertex 8.47432 13.6204 2.61736
      vertex 7.58005 14.068 2.61736
    endloop
  endfacet
  facet normal -0.439001 -0.877079 -0.194963
    outer loop
      vertex 8.47432 13.6204 2.61736
      vertex 7.58291 14.0737 2.5853
      vertex 8.47717 13.6261 2.5853
    endloop
  endfacet
  facet normal -0.423864 -0.846838 -0.321254
    outer loop
      vertex 7.58761 14.0831 2.55432
      vertex 8.47717 13.6261 2.5853
      vertex 7.58291 14.0737 2.5853
    endloop
  endfacet
  facet normal -0.423842 -0.846803 -0.321376
    outer loop
      vertex 8.47717 13.6261 2.5853
      vertex 7.58761 14.0831 2.55432
      vertex 8.48188 13.6355 2.55432
    endloop
  endfacet
  facet normal -0.401579 -0.802323 -0.441602
    outer loop
      vertex 7.59409 14.096 2.52499
      vertex 8.48188 13.6355 2.55432
      vertex 7.58761 14.0831 2.55432
    endloop
  endfacet
  facet normal -0.401049 -0.801435 -0.443691
    outer loop
      vertex 8.48188 13.6355 2.55432
      vertex 7.59409 14.096 2.52499
      vertex 8.48835 13.6485 2.52499
    endloop
  endfacet
  facet normal -0.371662 -0.74271 -0.557
    outer loop
      vertex 7.59857 14.105 2.51
      vertex 8.48835 13.6485 2.52499
      vertex 7.59409 14.096 2.52499
    endloop
  endfacet
  facet normal -0.372699 -0.744625 -0.553741
    outer loop
      vertex 8.48835 13.6485 2.52499
      vertex 7.59857 14.105 2.51
      vertex 8.49284 13.6574 2.51
    endloop
  endfacet
  facet normal 0.802112 0.59032 0.0902203
    outer loop
      vertex 8.99517 14.6993 0.629409
      vertex 8.9209 14.5128 2.51
      vertex 9.00658 14.6936 0.565263
    endloop
  endfacet
  facet normal -0.99141 -0.118794 0.0547231
    outer loop
      vertex 7.5791 14.0661 2.51
      vertex 7.48959 13.8872 0.5
      vertex 7.49342 13.8853 0.565263
    endloop
  endfacet
  facet normal 0 0 1
    outer loop
      vertex 8.02664 14.9603 2.51
      vertex 8.90143 14.4739 2.51
      vertex 8.9209 14.5128 2.51
    endloop
  endfacet
  facet normal 0 0 1
    outer loop
      vertex 8.90143 14.4739 2.51
      vertex 8.02664 14.9603 2.51
      vertex 8.00716 14.9214 2.51
    endloop
  endfacet
  facet normal 0 0 1
    outer loop
      vertex 7.59857 14.105 2.51
      vertex 8.47336 13.6185 2.51
      vertex 8.49284 13.6574 2.51
    endloop
  endfacet
  facet normal 0 0 1
    outer loop
      vertex 8.47336 13.6185 2.51
      vertex 7.59857 14.105 2.51
      vertex 7.5791 14.0661 2.51
    endloop
  endfacet
  facet normal 0.0584885 -0.0292699 -0.997859
    outer loop
      vertex 7.99509 13.6342 0.00427723
      vertex 8.56328 14.9154 0
      vertex 8.62164 14.8862 0.00427723
    endloop
  endfacet
  facet normal 0.0584803 -0.0292663 -0.997859
    outer loop
      vertex 8.56328 14.9154 0
      vertex 7.99509 13.6342 0.00427723
      vertex 7.93672 13.6634 0
    endloop
  endfacet
  facet normal 0.8771 -0.438935 -0.195018
    outer loop
      vertex 9.00658 14.6936 0.434736
      vertex 8.36862 13.4473 0.37059
      vertex 8.99517 14.6993 0.37059
    endloop
  endfacet
  facet normal 0.8771 -0.438935 -0.195018
    outer loop
      vertex 8.36862 13.4473 0.37059
      vertex 9.00658 14.6936 0.434736
      vertex 8.38003 13.4416 0.434736
    endloop
  endfacet
  facet normal -0.436138 -0.890656 0.128516
    outer loop
      vertex 7.93672 13.6634 1
      vertex 7.99509 13.6342 0.995722
      vertex 8.47336 13.6185 2.51
    endloop
  endfacet
  facet normal -0.443713 -0.886494 0.131331
    outer loop
      vertex 7.5791 14.0661 2.51
      vertex 7.93672 13.6634 1
      vertex 8.47336 13.6185 2.51
    endloop
  endfacet
  facet normal 0.451267 0.883078 0.128573
    outer loop
      vertex 8.56328 14.9154 1
      vertex 8.9209 14.5128 2.51
      vertex 8.62164 14.8862 0.995722
    endloop
  endfacet
  facet normal 0.581333 0.806798 0.105493
    outer loop
      vertex 8.91801 14.7379 0.80438
      vertex 8.9209 14.5128 2.51
      vertex 8.9505 14.7216 0.75
    endloop
  endfacet
  facet normal -0.876982 0.438876 -0.195676
    outer loop
      vertex 8.13138 15.1315 0.37059
      vertex 7.49342 13.8853 0.434736
      vertex 8.11997 15.1373 0.434736
    endloop
  endfacet
  facet normal -0.877086 0.438963 -0.195018
    outer loop
      vertex 7.49342 13.8853 0.434736
      vertex 8.13138 15.1315 0.37059
      vertex 7.50483 13.8796 0.37059
    endloop
  endfacet
  facet normal 0.743474 -0.372064 -0.555711
    outer loop
      vertex 8.9505 14.7216 0.25
      vertex 8.29146 13.4859 0.195619
      vertex 8.91801 14.7379 0.195619
    endloop
  endfacet
  facet normal 0.743474 -0.372064 -0.555711
    outer loop
      vertex 8.29146 13.4859 0.195619
      vertex 8.9505 14.7216 0.25
      vertex 8.32395 13.4696 0.25
    endloop
  endfacet
  facet normal 0.846828 -0.423786 -0.321384
    outer loop
      vertex 8.99517 14.6993 0.37059
      vertex 8.34982 13.4567 0.308658
      vertex 8.97637 14.7087 0.308658
    endloop
  endfacet
  facet normal 0.846828 -0.423786 -0.321384
    outer loop
      vertex 8.34982 13.4567 0.308658
      vertex 8.99517 14.6993 0.37059
      vertex 8.36862 13.4473 0.37059
    endloop
  endfacet
  facet normal -0.174477 0.0873153 -0.980782
    outer loop
      vertex 7.87836 13.6926 0.00427723
      vertex 8.44755 14.9733 0.0170364
      vertex 8.50491 14.9446 0.00427723
    endloop
  endfacet
  facet normal -0.174477 0.0873153 -0.980782
    outer loop
      vertex 8.44755 14.9733 0.0170364
      vertex 7.87836 13.6926 0.00427723
      vertex 7.821 13.7213 0.0170364
    endloop
  endfacet
  facet normal -0.287507 0.14388 -0.94691
    outer loop
      vertex 7.821 13.7213 0.0170364
      vertex 8.39217 15.001 0.0380602
      vertex 8.44755 14.9733 0.0170364
    endloop
  endfacet
  facet normal -0.287279 0.143779 -0.946994
    outer loop
      vertex 8.39217 15.001 0.0380602
      vertex 7.821 13.7213 0.0170364
      vertex 7.76561 13.7491 0.0380602
    endloop
  endfacet
  facet normal 0.331187 0.937342 0.108192
    outer loop
      vertex 8.20854 15.0929 0.80438
      vertex 8.02664 14.9603 2.51
      vertex 8.2471 15.0736 0.853553
    endloop
  endfacet
  facet normal 0.407305 0.905377 0.119977
    outer loop
      vertex 8.39217 15.001 0.961939
      vertex 8.02664 14.9603 2.51
      vertex 8.44755 14.9733 0.982963
    endloop
  endfacet
  facet normal 0.892317 -0.446551 -0.0660498
    outer loop
      vertex 9.01041 14.6916 0.5
      vertex 8.38003 13.4416 0.434736
      vertex 9.00658 14.6936 0.434736
    endloop
  endfacet
  facet normal 0.892343 -0.446599 -0.0653685
    outer loop
      vertex 8.38003 13.4416 0.434736
      vertex 9.01041 14.6916 0.5
      vertex 8.38386 13.4397 0.5
    endloop
  endfacet
  facet normal 0.510759 0.852177 0.11367
    outer loop
      vertex 8.78684 14.8035 0.933012
      vertex 8.9209 14.5128 2.51
      vertex 8.83547 14.7792 0.896676
    endloop
  endfacet
  facet normal -0.165906 -0.981203 0.0985642
    outer loop
      vertex 8.34982 13.4567 0.691341
      vertex 8.36862 13.4473 0.629409
      vertex 8.47336 13.6185 2.51
    endloop
  endfacet
  facet normal -0.299017 -0.948385 0.10562
    outer loop
      vertex 8.29146 13.4859 0.80438
      vertex 8.32395 13.4696 0.75
      vertex 8.47336 13.6185 2.51
    endloop
  endfacet
  facet normal 0.00927545 -0.995886 0.0901441
    outer loop
      vertex 8.36862 13.4473 0.629409
      vertex 8.38003 13.4416 0.565263
      vertex 8.47336 13.6185 2.51
    endloop
  endfacet
  facet normal -0.494607 -0.861237 0.116767
    outer loop
      vertex 7.5791 14.0661 2.51
      vertex 7.71316 13.7753 0.933012
      vertex 7.76561 13.7491 0.961939
    endloop
  endfacet
  facet normal -0.57969 -0.807959 0.105649
    outer loop
      vertex 7.5791 14.0661 2.51
      vertex 7.5495 13.8572 0.75
      vertex 7.58199 13.841 0.80438
    endloop
  endfacet
  facet normal -0.892357 0.446571 -0.0653685
    outer loop
      vertex 8.11997 15.1373 0.434736
      vertex 7.48959 13.8872 0.5
      vertex 8.11614 15.1392 0.5
    endloop
  endfacet
  facet normal -0.892357 0.446571 -0.0653685
    outer loop
      vertex 7.48959 13.8872 0.5
      vertex 8.11997 15.1373 0.434736
      vertex 7.49342 13.8853 0.434736
    endloop
  endfacet
  facet normal -0.589602 0.295083 -0.751861
    outer loop
      vertex 7.66453 13.7997 0.103323
      vertex 8.2471 15.0736 0.146446
      vertex 8.29108 15.0516 0.103323
    endloop
  endfacet
  facet normal -0.589602 0.295083 -0.751861
    outer loop
      vertex 8.2471 15.0736 0.146446
      vertex 7.66453 13.7997 0.103323
      vertex 7.62055 13.8217 0.146446
    endloop
  endfacet
  facet normal -0.846814 0.423813 -0.321384
    outer loop
      vertex 8.15018 15.1221 0.308658
      vertex 7.50483 13.8796 0.37059
      vertex 8.13138 15.1315 0.37059
    endloop
  endfacet
  facet normal -0.846814 0.423813 -0.321384
    outer loop
      vertex 7.50483 13.8796 0.37059
      vertex 8.15018 15.1221 0.308658
      vertex 7.52363 13.8702 0.308658
    endloop
  endfacet
  facet normal 0.672367 -0.336484 -0.659318
    outer loop
      vertex 8.91801 14.7379 0.195619
      vertex 8.25289 13.5052 0.146446
      vertex 8.87945 14.7572 0.146446
    endloop
  endfacet
  facet normal 0.672309 -0.33645 -0.659395
    outer loop
      vertex 8.25289 13.5052 0.146446
      vertex 8.91801 14.7379 0.195619
      vertex 8.29146 13.4859 0.195619
    endloop
  endfacet
  facet normal 0.80215 -0.401427 -0.442054
    outer loop
      vertex 8.97637 14.7087 0.308658
      vertex 8.32395 13.4696 0.25
      vertex 8.9505 14.7216 0.25
    endloop
  endfacet
  facet normal 0.80215 -0.401427 -0.442054
    outer loop
      vertex 8.32395 13.4696 0.25
      vertex 8.97637 14.7087 0.308658
      vertex 8.34982 13.4567 0.308658
    endloop
  endfacet
  facet normal 0.395435 -0.197891 -0.896923
    outer loop
      vertex 8.16029 13.5515 0.066987
      vertex 8.73439 14.8298 0.0380602
      vertex 8.78684 14.8035 0.066987
    endloop
  endfacet
  facet normal 0.395385 -0.197869 -0.896949
    outer loop
      vertex 8.73439 14.8298 0.0380602
      vertex 8.16029 13.5515 0.066987
      vertex 8.10783 13.5778 0.0380602
    endloop
  endfacet
  facet normal 0.287469 -0.143863 -0.946924
    outer loop
      vertex 8.10783 13.5778 0.0380602
      vertex 8.679 14.8575 0.0170364
      vertex 8.73439 14.8298 0.0380602
    endloop
  endfacet
  facet normal 0.287507 -0.14388 -0.94691
    outer loop
      vertex 8.679 14.8575 0.0170364
      vertex 8.10783 13.5778 0.0380602
      vertex 8.05245 13.6055 0.0170364
    endloop
  endfacet
  facet normal -0.49694 0.248688 -0.831388
    outer loop
      vertex 7.71316 13.7753 0.066987
      vertex 8.29108 15.0516 0.103323
      vertex 8.33971 15.0273 0.066987
    endloop
  endfacet
  facet normal -0.496649 0.248563 -0.831599
    outer loop
      vertex 8.29108 15.0516 0.103323
      vertex 7.71316 13.7753 0.066987
      vertex 7.66453 13.7997 0.103323
    endloop
  endfacet
  facet normal 0.165906 0.981203 0.0985642
    outer loop
      vertex 8.13138 15.1315 0.629409
      vertex 8.02664 14.9603 2.51
      vertex 8.15018 15.1221 0.691341
    endloop
  endfacet
  facet normal 0.299017 0.948385 0.10562
    outer loop
      vertex 8.17605 15.1092 0.75
      vertex 8.02664 14.9603 2.51
      vertex 8.20854 15.0929 0.80438
    endloop
  endfacet
  facet normal 0.443635 0.886537 0.131303
    outer loop
      vertex 8.56328 14.9154 1
      vertex 8.02664 14.9603 2.51
      vertex 8.9209 14.5128 2.51
    endloop
  endfacet
  facet normal 0.500838 -0.863821 0.0545404
    outer loop
      vertex 8.38003 13.4416 0.565263
      vertex 8.38386 13.4397 0.5
      vertex 8.47336 13.6185 2.51
    endloop
  endfacet
  facet normal -0.37493 -0.920076 0.113523
    outer loop
      vertex 8.16029 13.5515 0.933012
      vertex 8.20892 13.5272 0.896676
      vertex 8.47336 13.6185 2.51
    endloop
  endfacet
  facet normal -0.421832 -0.898166 0.123919
    outer loop
      vertex 7.99509 13.6342 0.995722
      vertex 8.05245 13.6055 0.982963
      vertex 8.47336 13.6185 2.51
    endloop
  endfacet
  facet normal -0.247861 -0.963353 0.102543
    outer loop
      vertex 8.32395 13.4696 0.75
      vertex 8.34982 13.4567 0.691341
      vertex 8.47336 13.6185 2.51
    endloop
  endfacet
  facet normal -0.451267 -0.88307 0.128629
    outer loop
      vertex 7.5791 14.0661 2.51
      vertex 7.87836 13.6926 0.995722
      vertex 7.93672 13.6634 1
    endloop
  endfacet
  facet normal -0.481293 -0.868331 0.119824
    outer loop
      vertex 7.5791 14.0661 2.51
      vertex 7.76561 13.7491 0.961939
      vertex 7.821 13.7213 0.982963
    endloop
  endfacet
  facet normal -0.802112 -0.59032 0.0902203
    outer loop
      vertex 7.5791 14.0661 2.51
      vertex 7.49342 13.8853 0.565263
      vertex 7.50483 13.8796 0.629409
    endloop
  endfacet
  facet normal -0.743474 0.372064 -0.555711
    outer loop
      vertex 8.20854 15.0929 0.195619
      vertex 7.5495 13.8572 0.25
      vertex 8.17605 15.1092 0.25
    endloop
  endfacet
  facet normal -0.743745 0.372229 -0.555238
    outer loop
      vertex 7.5495 13.8572 0.25
      vertex 8.20854 15.0929 0.195619
      vertex 7.58199 13.841 0.195619
    endloop
  endfacet
  facet normal 0.589609 -0.295068 -0.751861
    outer loop
      vertex 8.25289 13.5052 0.146446
      vertex 8.83547 14.7792 0.103323
      vertex 8.87945 14.7572 0.146446
    endloop
  endfacet
  facet normal 0.589672 -0.295095 -0.751802
    outer loop
      vertex 8.83547 14.7792 0.103323
      vertex 8.25289 13.5052 0.146446
      vertex 8.20892 13.5272 0.103323
    endloop
  endfacet
  facet normal 0.447428 0.89432 -0.000522941
    outer loop
      vertex 8.62164 14.8862 0.995722
      vertex 8.50491 14.9446 0.995722
      vertex 8.56328 14.9154 1
    endloop
  endfacet
  facet normal 0.447428 0.89432 -0.000196355
    outer loop
      vertex 8.679 14.8575 0.982963
      vertex 8.50491 14.9446 0.995722
      vertex 8.62164 14.8862 0.995722
    endloop
  endfacet
  facet normal 0.447445 0.894311 9.90291e-05
    outer loop
      vertex 8.679 14.8575 0.982963
      vertex 8.44755 14.9733 0.982963
      vertex 8.50491 14.9446 0.995722
    endloop
  endfacet
  facet normal 0.447445 0.894311 0.000550811
    outer loop
      vertex 8.73439 14.8298 0.961939
      vertex 8.44755 14.9733 0.982963
      vertex 8.679 14.8575 0.982963
    endloop
  endfacet
  facet normal 0.447402 0.894333 -0.00019416
    outer loop
      vertex 8.73439 14.8298 0.961939
      vertex 8.39217 15.001 0.961939
      vertex 8.44755 14.9733 0.982963
    endloop
  endfacet
  facet normal 0.447401 0.894331 -0.0018923
    outer loop
      vertex 8.78684 14.8035 0.933012
      vertex 8.39217 15.001 0.961939
      vertex 8.73439 14.8298 0.961939
    endloop
  endfacet
  facet normal 0.447589 0.894238 0.00131161
    outer loop
      vertex 8.78684 14.8035 0.933012
      vertex 8.33971 15.0273 0.933012
      vertex 8.39217 15.001 0.961939
    endloop
  endfacet
  facet normal 0.447589 0.894239 0.00099816
    outer loop
      vertex 8.83547 14.7792 0.896676
      vertex 8.33971 15.0273 0.933012
      vertex 8.78684 14.8035 0.933012
    endloop
  endfacet
  facet normal 0.447483 0.894292 -0.000819879
    outer loop
      vertex 8.83547 14.7792 0.896676
      vertex 8.29108 15.0516 0.896676
      vertex 8.33971 15.0273 0.933012
    endloop
  endfacet
  facet normal 0.447483 0.894292 0.000136073
    outer loop
      vertex 8.87945 14.7572 0.853553
      vertex 8.29108 15.0516 0.896676
      vertex 8.83547 14.7792 0.896676
    endloop
  endfacet
  facet normal 0.447468 0.8943 -0.000117146
    outer loop
      vertex 8.87945 14.7572 0.853553
      vertex 8.2471 15.0736 0.853553
      vertex 8.29108 15.0516 0.896676
    endloop
  endfacet
  facet normal 0.447468 0.8943 -0.000114209
    outer loop
      vertex 8.91801 14.7379 0.80438
      vertex 8.2471 15.0736 0.853553
      vertex 8.87945 14.7572 0.853553
    endloop
  endfacet
  facet normal 0.447481 0.894294 0.000101793
    outer loop
      vertex 8.91801 14.7379 0.80438
      vertex 8.20854 15.0929 0.80438
      vertex 8.2471 15.0736 0.853553
    endloop
  endfacet
  facet normal 0.447481 0.894293 -0.000704916
    outer loop
      vertex 8.9505 14.7216 0.75
      vertex 8.20854 15.0929 0.80438
      vertex 8.91801 14.7379 0.80438
    endloop
  endfacet
  facet normal 0.44756 0.894254 0.000645742
    outer loop
      vertex 8.9505 14.7216 0.75
      vertex 8.17605 15.1092 0.75
      vertex 8.20854 15.0929 0.80438
    endloop
  endfacet
  facet normal 0.44756 0.894254 0.000724541
    outer loop
      vertex 8.97637 14.7087 0.691341
      vertex 8.17605 15.1092 0.75
      vertex 8.9505 14.7216 0.75
    endloop
  endfacet
  facet normal 0.447478 0.894295 -0.000679198
    outer loop
      vertex 8.97637 14.7087 0.691341
      vertex 8.15018 15.1221 0.691341
      vertex 8.17605 15.1092 0.75
    endloop
  endfacet
  facet normal 0.447478 0.894295 0.000100217
    outer loop
      vertex 8.99517 14.6993 0.629409
      vertex 8.15018 15.1221 0.691341
      vertex 8.97637 14.7087 0.691341
    endloop
  endfacet
  facet normal 0.447466 0.894301 -9.58557e-05
    outer loop
      vertex 8.99517 14.6993 0.629409
      vertex 8.13138 15.1315 0.629409
      vertex 8.15018 15.1221 0.691341
    endloop
  endfacet
  facet normal 0.447466 0.894301 0.000125877
    outer loop
      vertex 9.00658 14.6936 0.565263
      vertex 8.13138 15.1315 0.629409
      vertex 8.99517 14.6993 0.629409
    endloop
  endfacet
  facet normal 0.447532 0.894267 0.00125354
    outer loop
      vertex 9.00658 14.6936 0.565263
      vertex 8.11997 15.1373 0.565263
      vertex 8.13138 15.1315 0.629409
    endloop
  endfacet
  facet normal 0.447532 0.894267 -0.00114133
    outer loop
      vertex 9.01041 14.6916 0.5
      vertex 8.11997 15.1373 0.565263
      vertex 9.00658 14.6936 0.565263
    endloop
  endfacet
  facet normal 0.447586 0.894241 -0.00023282
    outer loop
      vertex 9.01041 14.6916 0.5
      vertex 8.11614 15.1392 0.5
      vertex 8.11997 15.1373 0.565263
    endloop
  endfacet
  facet normal 0.447585 0.894241 0.00113737
    outer loop
      vertex 9.00658 14.6936 0.434736
      vertex 8.11614 15.1392 0.5
      vertex 9.01041 14.6916 0.5
    endloop
  endfacet
  facet normal 0.447532 0.894268 0.000228915
    outer loop
      vertex 9.00658 14.6936 0.434736
      vertex 8.11997 15.1373 0.434736
      vertex 8.11614 15.1392 0.5
    endloop
  endfacet
  facet normal 0.447532 0.894268 -0.000140573
    outer loop
      vertex 8.99517 14.6993 0.37059
      vertex 8.11997 15.1373 0.434736
      vertex 9.00658 14.6936 0.434736
    endloop
  endfacet
  facet normal 0.447466 0.8943 -0.00126829
    outer loop
      vertex 8.99517 14.6993 0.37059
      vertex 8.13138 15.1315 0.37059
      vertex 8.11997 15.1373 0.434736
    endloop
  endfacet
  facet normal 0.447466 0.894301 -9.58557e-05
    outer loop
      vertex 8.97637 14.7087 0.308658
      vertex 8.13138 15.1315 0.37059
      vertex 8.99517 14.6993 0.37059
    endloop
  endfacet
  facet normal 0.447478 0.894295 0.000100217
    outer loop
      vertex 8.97637 14.7087 0.308658
      vertex 8.15018 15.1221 0.308658
      vertex 8.13138 15.1315 0.37059
    endloop
  endfacet
  facet normal 0.447478 0.894295 -0.00067921
    outer loop
      vertex 8.9505 14.7216 0.25
      vertex 8.15018 15.1221 0.308658
      vertex 8.97637 14.7087 0.308658
    endloop
  endfacet
  facet normal 0.44756 0.894254 0.000724554
    outer loop
      vertex 8.9505 14.7216 0.25
      vertex 8.17605 15.1092 0.25
      vertex 8.15018 15.1221 0.308658
    endloop
  endfacet
  facet normal 0.44756 0.894254 0.00064573
    outer loop
      vertex 8.91801 14.7379 0.195619
      vertex 8.17605 15.1092 0.25
      vertex 8.9505 14.7216 0.25
    endloop
  endfacet
  facet normal 0.447481 0.894293 -0.000704903
    outer loop
      vertex 8.91801 14.7379 0.195619
      vertex 8.20854 15.0929 0.195619
      vertex 8.17605 15.1092 0.25
    endloop
  endfacet
  facet normal 0.447481 0.894294 0.000101793
    outer loop
      vertex 8.87945 14.7572 0.146446
      vertex 8.20854 15.0929 0.195619
      vertex 8.91801 14.7379 0.195619
    endloop
  endfacet
  facet normal 0.447468 0.8943 -0.000114209
    outer loop
      vertex 8.87945 14.7572 0.146446
      vertex 8.2471 15.0736 0.146446
      vertex 8.20854 15.0929 0.195619
    endloop
  endfacet
  facet normal 0.447468 0.8943 -0.000117146
    outer loop
      vertex 8.83547 14.7792 0.103323
      vertex 8.2471 15.0736 0.146446
      vertex 8.87945 14.7572 0.146446
    endloop
  endfacet
  facet normal 0.447483 0.894292 0.000136073
    outer loop
      vertex 8.83547 14.7792 0.103323
      vertex 8.29108 15.0516 0.103323
      vertex 8.2471 15.0736 0.146446
    endloop
  endfacet
  facet normal 0.447483 0.894292 -0.000819879
    outer loop
      vertex 8.78684 14.8035 0.066987
      vertex 8.29108 15.0516 0.103323
      vertex 8.83547 14.7792 0.103323
    endloop
  endfacet
  facet normal 0.447589 0.894239 0.00099816
    outer loop
      vertex 8.78684 14.8035 0.066987
      vertex 8.33971 15.0273 0.066987
      vertex 8.29108 15.0516 0.103323
    endloop
  endfacet
  facet normal 0.447589 0.894238 0.00146636
    outer loop
      vertex 8.73439 14.8298 0.0380602
      vertex 8.33971 15.0273 0.066987
      vertex 8.78684 14.8035 0.066987
    endloop
  endfacet
  facet normal 0.447401 0.894332 -0.00173765
    outer loop
      vertex 8.73439 14.8298 0.0380602
      vertex 8.39217 15.001 0.0380602
      vertex 8.33971 15.0273 0.066987
    endloop
  endfacet
  facet normal 0.447402 0.894333 -0.000406969
    outer loop
      vertex 8.679 14.8575 0.0170364
      vertex 8.39217 15.001 0.0380602
      vertex 8.73439 14.8298 0.0380602
    endloop
  endfacet
  facet normal 0.447445 0.894311 0.000337989
    outer loop
      vertex 8.679 14.8575 0.0170364
      vertex 8.44755 14.9733 0.0170364
      vertex 8.39217 15.001 0.0380602
    endloop
  endfacet
  facet normal 0.447445 0.894311 9.90277e-05
    outer loop
      vertex 8.62164 14.8862 0.00427723
      vertex 8.44755 14.9733 0.0170364
      vertex 8.679 14.8575 0.0170364
    endloop
  endfacet
  facet normal 0.447428 0.89432 -0.000196352
    outer loop
      vertex 8.62164 14.8862 0.00427723
      vertex 8.50491 14.9446 0.00427723
      vertex 8.44755 14.9733 0.0170364
    endloop
  endfacet
  facet normal 0.447428 0.89432 0.000523035
    outer loop
      vertex 8.50491 14.9446 0.00427723
      vertex 8.62164 14.8862 0.00427723
      vertex 8.56328 14.9154 0
    endloop
  endfacet
  facet normal 0.49694 -0.248688 -0.831388
    outer loop
      vertex 8.20892 13.5272 0.103323
      vertex 8.78684 14.8035 0.066987
      vertex 8.83547 14.7792 0.103323
    endloop
  endfacet
  facet normal 0.49694 -0.248688 -0.831388
    outer loop
      vertex 8.78684 14.8035 0.066987
      vertex 8.20892 13.5272 0.103323
      vertex 8.16029 13.5515 0.066987
    endloop
  endfacet
  facet normal -0.672359 0.336502 -0.659318
    outer loop
      vertex 8.2471 15.0736 0.146446
      vertex 7.58199 13.841 0.195619
      vertex 8.20854 15.0929 0.195619
    endloop
  endfacet
  facet normal -0.672359 0.336502 -0.659318
    outer loop
      vertex 7.58199 13.841 0.195619
      vertex 8.2471 15.0736 0.146446
      vertex 7.62055 13.8217 0.146446
    endloop
  endfacet
  facet normal -0.395379 0.197882 -0.896949
    outer loop
      vertex 7.76561 13.7491 0.0380602
      vertex 8.33971 15.0273 0.066987
      vertex 8.39217 15.001 0.0380602
    endloop
  endfacet
  facet normal -0.395678 0.198013 -0.896789
    outer loop
      vertex 8.33971 15.0273 0.066987
      vertex 7.76561 13.7491 0.0380602
      vertex 7.71316 13.7753 0.066987
    endloop
  endfacet
  facet normal -0.501149 0.86364 0.0545534
    outer loop
      vertex 8.11614 15.1392 0.5
      vertex 8.02664 14.9603 2.51
      vertex 8.11997 15.1373 0.565263
    endloop
  endfacet
  facet normal -0.00262853 0.995892 0.0905148
    outer loop
      vertex 8.11997 15.1373 0.565263
      vertex 8.02664 14.9603 2.51
      vertex 8.13138 15.1315 0.629409
    endloop
  endfacet
  facet normal 0.247861 0.963353 0.102543
    outer loop
      vertex 8.15018 15.1221 0.691341
      vertex 8.02664 14.9603 2.51
      vertex 8.17605 15.1092 0.75
    endloop
  endfacet
  facet normal 0.355591 0.92805 0.110804
    outer loop
      vertex 8.2471 15.0736 0.853553
      vertex 8.02664 14.9603 2.51
      vertex 8.29108 15.0516 0.896676
    endloop
  endfacet
  facet normal 0.465927 0.876098 0.123955
    outer loop
      vertex 8.62164 14.8862 0.995722
      vertex 8.9209 14.5128 2.51
      vertex 8.679 14.8575 0.982963
    endloop
  endfacet
  facet normal 0.421832 0.898166 0.123919
    outer loop
      vertex 8.44755 14.9733 0.982963
      vertex 8.02664 14.9603 2.51
      vertex 8.50491 14.9446 0.995722
    endloop
  endfacet
  facet normal 0.436138 0.890656 0.128516
    outer loop
      vertex 8.50491 14.9446 0.995722
      vertex 8.02664 14.9603 2.51
      vertex 8.56328 14.9154 1
    endloop
  endfacet
  facet normal 0.37493 0.920076 0.113523
    outer loop
      vertex 8.29108 15.0516 0.896676
      vertex 8.02664 14.9603 2.51
      vertex 8.33971 15.0273 0.933012
    endloop
  endfacet
  facet normal 0.392906 0.912137 0.116754
    outer loop
      vertex 8.33971 15.0273 0.933012
      vertex 8.02664 14.9603 2.51
      vertex 8.39217 15.001 0.961939
    endloop
  endfacet
  facet normal 0.99159 0.117343 0.0545961
    outer loop
      vertex 9.00658 14.6936 0.565263
      vertex 8.9209 14.5128 2.51
      vertex 9.01041 14.6916 0.5
    endloop
  endfacet
  facet normal 0.620485 0.777468 0.102671
    outer loop
      vertex 8.9505 14.7216 0.75
      vertex 8.9209 14.5128 2.51
      vertex 8.97637 14.7087 0.691341
    endloop
  endfacet
  facet normal 0.685519 0.721346 0.0986097
    outer loop
      vertex 8.97637 14.7087 0.691341
      vertex 8.9209 14.5128 2.51
      vertex 8.99517 14.6993 0.629409
    endloop
  endfacet
  facet normal 0.529423 0.841085 0.11085
    outer loop
      vertex 8.83547 14.7792 0.896676
      vertex 8.9209 14.5128 2.51
      vertex 8.87945 14.7572 0.853553
    endloop
  endfacet
  facet normal 0.55185 0.826895 0.108195
    outer loop
      vertex 8.87945 14.7572 0.853553
      vertex 8.9209 14.5128 2.51
      vertex 8.91801 14.7379 0.80438
    endloop
  endfacet
  facet normal 0.480129 0.868939 0.120089
    outer loop
      vertex 8.679 14.8575 0.982963
      vertex 8.9209 14.5128 2.51
      vertex 8.73439 14.8298 0.961939
    endloop
  endfacet
  facet normal 0.495779 0.860599 0.116496
    outer loop
      vertex 8.73439 14.8298 0.961939
      vertex 8.9209 14.5128 2.51
      vertex 8.78684 14.8035 0.933012
    endloop
  endfacet
  facet normal -0.33112 -0.937366 0.108187
    outer loop
      vertex 8.25289 13.5052 0.853553
      vertex 8.29146 13.4859 0.80438
      vertex 8.47336 13.6185 2.51
    endloop
  endfacet
  facet normal -0.355651 -0.928026 0.110813
    outer loop
      vertex 8.20892 13.5272 0.896676
      vertex 8.25289 13.5052 0.853553
      vertex 8.47336 13.6185 2.51
    endloop
  endfacet
  facet normal -0.392906 -0.912137 0.116754
    outer loop
      vertex 8.10783 13.5778 0.961939
      vertex 8.16029 13.5515 0.933012
      vertex 8.47336 13.6185 2.51
    endloop
  endfacet
  facet normal -0.407305 -0.905377 0.119977
    outer loop
      vertex 8.05245 13.6055 0.982963
      vertex 8.10783 13.5778 0.961939
      vertex 8.47336 13.6185 2.51
    endloop
  endfacet
  facet normal -0.465933 -0.876087 0.124009
    outer loop
      vertex 7.5791 14.0661 2.51
      vertex 7.821 13.7213 0.982963
      vertex 7.87836 13.6926 0.995722
    endloop
  endfacet
  facet normal -0.512008 -0.851451 0.113484
    outer loop
      vertex 7.5791 14.0661 2.51
      vertex 7.66453 13.7997 0.896676
      vertex 7.71316 13.7753 0.933012
    endloop
  endfacet
  facet normal -0.529423 -0.841085 0.11085
    outer loop
      vertex 7.5791 14.0661 2.51
      vertex 7.62055 13.8217 0.853553
      vertex 7.66453 13.7997 0.896676
    endloop
  endfacet
  facet normal -0.55185 -0.826895 0.108195
    outer loop
      vertex 7.5791 14.0661 2.51
      vertex 7.58199 13.841 0.80438
      vertex 7.62055 13.8217 0.853553
    endloop
  endfacet
  facet normal -0.622458 -0.775904 0.102563
    outer loop
      vertex 7.5791 14.0661 2.51
      vertex 7.52363 13.8702 0.691341
      vertex 7.5495 13.8572 0.75
    endloop
  endfacet
  facet normal -0.685519 -0.721346 0.0986097
    outer loop
      vertex 7.5791 14.0661 2.51
      vertex 7.50483 13.8796 0.629409
      vertex 7.52363 13.8702 0.691341
    endloop
  endfacet
  facet normal -0.802137 0.401453 -0.442054
    outer loop
      vertex 8.17605 15.1092 0.25
      vertex 7.52363 13.8702 0.308658
      vertex 8.15018 15.1221 0.308658
    endloop
  endfacet
  facet normal -0.801907 0.401306 -0.442605
    outer loop
      vertex 7.52363 13.8702 0.308658
      vertex 8.17605 15.1092 0.25
      vertex 7.5495 13.8572 0.25
    endloop
  endfacet
  facet normal -0.0584803 0.0292663 -0.997859
    outer loop
      vertex 7.93672 13.6634 0
      vertex 8.50491 14.9446 0.00427723
      vertex 8.56328 14.9154 0
    endloop
  endfacet
  facet normal -0.0584885 0.0292699 -0.997859
    outer loop
      vertex 8.50491 14.9446 0.00427723
      vertex 7.93672 13.6634 0
      vertex 7.87836 13.6926 0.00427723
    endloop
  endfacet
  facet normal 0.174477 -0.0873153 -0.980782
    outer loop
      vertex 8.05245 13.6055 0.0170364
      vertex 8.62164 14.8862 0.00427723
      vertex 8.679 14.8575 0.0170364
    endloop
  endfacet
  facet normal 0.174477 -0.0873153 -0.980782
    outer loop
      vertex 8.62164 14.8862 0.00427723
      vertex 8.05245 13.6055 0.0170364
      vertex 7.99509 13.6342 0.00427723
    endloop
  endfacet
  facet normal -0.447428 -0.89432 -0.000522941
    outer loop
      vertex 7.87836 13.6926 0.995722
      vertex 7.99509 13.6342 0.995722
      vertex 7.93672 13.6634 1
    endloop
  endfacet
  facet normal -0.447428 -0.89432 -0.000196355
    outer loop
      vertex 7.821 13.7213 0.982963
      vertex 7.99509 13.6342 0.995722
      vertex 7.87836 13.6926 0.995722
    endloop
  endfacet
  facet normal -0.447445 -0.894311 9.90291e-05
    outer loop
      vertex 7.821 13.7213 0.982963
      vertex 8.05245 13.6055 0.982963
      vertex 7.99509 13.6342 0.995722
    endloop
  endfacet
  facet normal -0.447442 -0.894305 -0.00370293
    outer loop
      vertex 7.76561 13.7491 0.961939
      vertex 8.05245 13.6055 0.982963
      vertex 7.821 13.7213 0.982963
    endloop
  endfacet
  facet normal -0.447611 -0.894228 -0.000882442
    outer loop
      vertex 7.76561 13.7491 0.961939
      vertex 8.10783 13.5778 0.961939
      vertex 8.05245 13.6055 0.982963
    endloop
  endfacet
  facet normal -0.44761 -0.894227 0.00167303
    outer loop
      vertex 7.71316 13.7753 0.933012
      vertex 8.10783 13.5778 0.961939
      vertex 7.76561 13.7491 0.961939
    endloop
  endfacet
  facet normal -0.447589 -0.894238 0.00131161
    outer loop
      vertex 7.71316 13.7753 0.933012
      vertex 8.16029 13.5515 0.933012
      vertex 8.10783 13.5778 0.961939
    endloop
  endfacet
  facet normal -0.447589 -0.894238 -0.00146287
    outer loop
      vertex 7.66453 13.7997 0.896676
      vertex 8.16029 13.5515 0.933012
      vertex 7.71316 13.7753 0.933012
    endloop
  endfacet
  facet normal -0.447614 -0.894226 -0.00103966
    outer loop
      vertex 7.66453 13.7997 0.896676
      vertex 8.20892 13.5272 0.896676
      vertex 8.16029 13.5515 0.933012
    endloop
  endfacet
  facet normal -0.447614 -0.894227 0.00030359
    outer loop
      vertex 7.62055 13.8217 0.853553
      vertex 8.20892 13.5272 0.896676
      vertex 7.66453 13.7997 0.896676
    endloop
  endfacet
  facet normal -0.447587 -0.89424 -0.00016479
    outer loop
      vertex 7.62055 13.8217 0.853553
      vertex 8.25289 13.5052 0.853553
      vertex 8.20892 13.5272 0.896676
    endloop
  endfacet
  facet normal -0.447587 -0.89424 2.24322e-06
    outer loop
      vertex 7.58199 13.841 0.80438
      vertex 8.25289 13.5052 0.853553
      vertex 7.62055 13.8217 0.853553
    endloop
  endfacet
  facet normal -0.447582 -0.894243 -8.80741e-05
    outer loop
      vertex 7.58199 13.841 0.80438
      vertex 8.29146 13.4859 0.80438
      vertex 8.25289 13.5052 0.853553
    endloop
  endfacet
  facet normal -0.447581 -0.894243 0.00101486
    outer loop
      vertex 7.5495 13.8572 0.75
      vertex 8.29146 13.4859 0.80438
      vertex 7.58199 13.841 0.80438
    endloop
  endfacet
  facet normal -0.44756 -0.894254 0.000645742
    outer loop
      vertex 7.5495 13.8572 0.75
      vertex 8.32395 13.4696 0.75
      vertex 8.29146 13.4859 0.80438
    endloop
  endfacet
  facet normal -0.44756 -0.894254 -0.000799954
    outer loop
      vertex 7.52363 13.8702 0.691341
      vertex 8.32395 13.4696 0.75
      vertex 7.5495 13.8572 0.75
    endloop
  endfacet
  facet normal -0.447564 -0.894252 -0.000726901
    outer loop
      vertex 7.52363 13.8702 0.691341
      vertex 8.34982 13.4567 0.691341
      vertex 8.32395 13.4696 0.75
    endloop
  endfacet
  facet normal -0.447564 -0.894252 0.000133069
    outer loop
      vertex 7.50483 13.8796 0.629409
      vertex 8.34982 13.4567 0.691341
      vertex 7.52363 13.8702 0.691341
    endloop
  endfacet
  facet normal -0.447549 -0.894259 -0.000127278
    outer loop
      vertex 7.50483 13.8796 0.629409
      vertex 8.36862 13.4473 0.629409
      vertex 8.34982 13.4567 0.691341
    endloop
  endfacet
  facet normal -0.447549 -0.894259 0.000144286
    outer loop
      vertex 7.49342 13.8853 0.565263
      vertex 8.36862 13.4473 0.629409
      vertex 7.50483 13.8796 0.629409
    endloop
  endfacet
  facet normal -0.447532 -0.894268 -0.000140573
    outer loop
      vertex 7.49342 13.8853 0.565263
      vertex 8.38003 13.4416 0.565263
      vertex 8.36862 13.4473 0.629409
    endloop
  endfacet
  facet normal -0.447532 -0.894268 0.000228919
    outer loop
      vertex 7.48959 13.8872 0.5
      vertex 8.38003 13.4416 0.565263
      vertex 7.49342 13.8853 0.565263
    endloop
  endfacet
  facet normal -0.447506 -0.894281 -0.000226961
    outer loop
      vertex 7.48959 13.8872 0.5
      vertex 8.38386 13.4397 0.5
      vertex 8.38003 13.4416 0.565263
    endloop
  endfacet
  facet normal -0.447506 -0.894281 -0.000226958
    outer loop
      vertex 7.49342 13.8853 0.434736
      vertex 8.38386 13.4397 0.5
      vertex 7.48959 13.8872 0.5
    endloop
  endfacet
  facet normal -0.447532 -0.894268 0.000228915
    outer loop
      vertex 7.49342 13.8853 0.434736
      vertex 8.38003 13.4416 0.434736
      vertex 8.38386 13.4397 0.5
    endloop
  endfacet
  facet normal -0.447532 -0.894268 -0.000140573
    outer loop
      vertex 7.50483 13.8796 0.37059
      vertex 8.38003 13.4416 0.434736
      vertex 7.49342 13.8853 0.434736
    endloop
  endfacet
  facet normal -0.447549 -0.894259 0.000144286
    outer loop
      vertex 7.50483 13.8796 0.37059
      vertex 8.36862 13.4473 0.37059
      vertex 8.38003 13.4416 0.434736
    endloop
  endfacet
  facet normal -0.447549 -0.894259 -0.000127278
    outer loop
      vertex 7.52363 13.8702 0.308658
      vertex 8.36862 13.4473 0.37059
      vertex 7.50483 13.8796 0.37059
    endloop
  endfacet
  facet normal -0.447564 -0.894252 0.000133069
    outer loop
      vertex 7.52363 13.8702 0.308658
      vertex 8.34982 13.4567 0.308658
      vertex 8.36862 13.4473 0.37059
    endloop
  endfacet
  facet normal -0.447564 -0.894251 0.000797604
    outer loop
      vertex 7.5495 13.8572 0.25
      vertex 8.34982 13.4567 0.308658
      vertex 7.52363 13.8702 0.308658
    endloop
  endfacet
  facet normal -0.44756 -0.894254 0.000724554
    outer loop
      vertex 7.5495 13.8572 0.25
      vertex 8.32395 13.4696 0.25
      vertex 8.34982 13.4567 0.308658
    endloop
  endfacet
  facet normal -0.44756 -0.894253 -0.000998693
    outer loop
      vertex 7.58199 13.841 0.195619
      vertex 8.32395 13.4696 0.25
      vertex 7.5495 13.8572 0.25
    endloop
  endfacet
  facet normal -0.447582 -0.894243 -0.000629558
    outer loop
      vertex 7.58199 13.841 0.195619
      vertex 8.29146 13.4859 0.195619
      vertex 8.32395 13.4696 0.25
    endloop
  endfacet
  facet normal -0.447582 -0.894243 2.94776e-06
    outer loop
      vertex 7.62055 13.8217 0.146446
      vertex 8.29146 13.4859 0.195619
      vertex 7.58199 13.841 0.195619
    endloop
  endfacet
  facet normal -0.447587 -0.89424 9.32661e-05
    outer loop
      vertex 7.62055 13.8217 0.146446
      vertex 8.25289 13.5052 0.146446
      vertex 8.29146 13.4859 0.195619
    endloop
  endfacet
  facet normal -0.447587 -0.89424 -0.000268583
    outer loop
      vertex 7.66453 13.7997 0.103323
      vertex 8.25289 13.5052 0.146446
      vertex 7.62055 13.8217 0.146446
    endloop
  endfacet
  facet normal -0.447614 -0.894227 0.00019979
    outer loop
      vertex 7.66453 13.7997 0.103323
      vertex 8.20892 13.5272 0.103323
      vertex 8.25289 13.5052 0.146446
    endloop
  endfacet
  facet normal -0.447614 -0.894226 0.00142133
    outer loop
      vertex 7.71316 13.7753 0.066987
      vertex 8.20892 13.5272 0.103323
      vertex 7.66453 13.7997 0.103323
    endloop
  endfacet
  facet normal -0.447589 -0.894239 0.00099816
    outer loop
      vertex 7.71316 13.7753 0.066987
      vertex 8.16029 13.5515 0.066987
      vertex 8.20892 13.5272 0.103323
    endloop
  endfacet
  facet normal -0.447589 -0.894238 -0.00162503
    outer loop
      vertex 7.76561 13.7491 0.0380602
      vertex 8.16029 13.5515 0.066987
      vertex 7.71316 13.7753 0.066987
    endloop
  endfacet
  facet normal -0.44761 -0.894228 -0.00126357
    outer loop
      vertex 7.76561 13.7491 0.0380602
      vertex 8.10783 13.5778 0.0380602
      vertex 8.16029 13.5515 0.066987
    endloop
  endfacet
  facet normal -0.447608 -0.894224 0.00315804
    outer loop
      vertex 7.821 13.7213 0.0170364
      vertex 8.10783 13.5778 0.0380602
      vertex 7.76561 13.7491 0.0380602
    endloop
  endfacet
  facet normal -0.447445 -0.894311 0.000337989
    outer loop
      vertex 7.821 13.7213 0.0170364
      vertex 8.05245 13.6055 0.0170364
      vertex 8.10783 13.5778 0.0380602
    endloop
  endfacet
  facet normal -0.447445 -0.894311 9.90277e-05
    outer loop
      vertex 7.87836 13.6926 0.00427723
      vertex 8.05245 13.6055 0.0170364
      vertex 7.821 13.7213 0.0170364
    endloop
  endfacet
  facet normal -0.447428 -0.89432 -0.000196352
    outer loop
      vertex 7.87836 13.6926 0.00427723
      vertex 7.99509 13.6342 0.00427723
      vertex 8.05245 13.6055 0.0170364
    endloop
  endfacet
  facet normal -0.447428 -0.89432 0.000523035
    outer loop
      vertex 7.99509 13.6342 0.00427723
      vertex 7.87836 13.6926 0.00427723
      vertex 7.93672 13.6634 0
    endloop
  endfacet
  facet normal -0.807834 -0.0360592 -0.588306
    outer loop
      vertex 1.80264 2.52359 11.0042
      vertex 1.76102 2.58315 11.0577
      vertex 1.78509 2.63125 11.0217
    endloop
  endfacet
  facet normal -0.806047 -0.0324233 -0.590963
    outer loop
      vertex 1.76102 2.58315 11.0577
      vertex 1.80264 2.52359 11.0042
      vertex 1.80074 2.51979 11.007
    endloop
  endfacet
  facet normal -0.945008 0.326937 0.00853584
    outer loop
      vertex 1.70897 2.89144 11.4564
      vertex 1.67671 2.79836 11.45
      vertex 1.67727 2.79948 11.4691
    endloop
  endfacet
  facet normal -0.841482 -0.103141 -0.530349
    outer loop
      vertex 1.79902 2.51634 11.0104
      vertex 1.76102 2.58315 11.0577
      vertex 1.80074 2.51979 11.007
    endloop
  endfacet
  facet normal -0.840369 -0.100964 -0.532529
    outer loop
      vertex 1.76102 2.58315 11.0577
      vertex 1.79902 2.51634 11.0104
      vertex 1.73925 2.53966 11.1003
    endloop
  endfacet
  facet normal 0.869877 0.160272 0.466504
    outer loop
      vertex 3.02067 2.73525 11.8487
      vertex 3.06075 2.66034 11.7997
      vertex 3.07984 2.69848 11.751
    endloop
  endfacet
  facet normal 0.931619 0.28351 0.227395
    outer loop
      vertex 3.07537 2.84456 11.6658
      vertex 3.11803 2.7748 11.578
      vertex 3.08598 2.86576 11.5959
    endloop
  endfacet
  facet normal 0.59057 0.602487 0.536877
    outer loop
      vertex 2.79202 3.05639 11.8978
      vertex 2.86775 2.99597 11.8823
      vertex 2.89085 3.04212 11.8051
    endloop
  endfacet
  facet normal -0.503694 0.764449 0.40238
    outer loop
      vertex 1.99028 3.1747 11.7037
      vertex 1.97419 3.14257 11.7446
      vertex 2.07132 3.2032 11.751
    endloop
  endfacet
  facet normal 0.618734 0.659259 -0.427255
    outer loop
      vertex 2.90923 3.07887 11.1782
      vertex 2.81595 3.1042 11.0822
      vertex 2.83499 3.14226 11.1685
    endloop
  endfacet
  facet normal -0.890208 0.436455 -0.130523
    outer loop
      vertex 1.74219 2.9292 11.3037
      vertex 1.73364 2.91212 11.3049
      vertex 1.72787 2.92921 11.4014
    endloop
  endfacet
  facet normal -0.346427 0.667101 0.659519
    outer loop
      vertex 2.19728 3.12596 11.9447
      vertex 2.08396 3.07344 11.9383
      vertex 2.16692 3.06531 11.9901
    endloop
  endfacet
  facet normal 0.794301 0.471568 0.383026
    outer loop
      vertex 2.97476 3.00729 11.7074
      vertex 3.01432 2.89647 11.7618
      vertex 3.03046 2.92874 11.6886
    endloop
  endfacet
  facet normal -0.0798723 -0.450804 0.889042
    outer loop
      vertex 2.40487 2.28278 12.1296
      vertex 2.2764 2.24342 12.0981
      vertex 2.36625 2.20561 12.087
    endloop
  endfacet
  facet normal 0.71263 0.570172 0.408731
    outer loop
      vertex 2.90923 3.07887 11.7218
      vertex 2.95735 2.97249 11.7863
      vertex 2.97476 3.00729 11.7074
    endloop
  endfacet
  facet normal -0.807779 -0.0360375 -0.588384
    outer loop
      vertex 1.82792 2.5741 10.9664
      vertex 1.80264 2.52359 11.0042
      vertex 1.78509 2.63125 11.0217
    endloop
  endfacet
  facet normal -0.89496 -0.209961 -0.393654
    outer loop
      vertex 1.75461 2.42761 11.1101
      vertex 1.73772 2.39386 11.1665
      vertex 1.72016 2.50152 11.149
    endloop
  endfacet
  facet normal -0.981138 -0.189158 -0.0398352
    outer loop
      vertex 1.67632 2.41392 11.3855
      vertex 1.67443 2.41014 11.45
      vertex 1.65586 2.50646 11.45
    endloop
  endfacet
  facet normal -0.571282 -0.288188 0.768495
    outer loop
      vertex 1.95284 2.44769 12.0325
      vertex 1.99092 2.32127 12.0134
      vertex 2.02549 2.39034 12.065
    endloop
  endfacet
  facet normal 0.685358 0.516492 -0.513342
    outer loop
      vertex 2.95735 2.97249 11.1137
      vertex 2.93547 2.92877 11.0405
      vertex 2.86775 2.99597 11.0177
    endloop
  endfacet
  facet normal 0.654747 -0.755431 0.02511
    outer loop
      vertex 2.85435 2.00486 11.4933
      vertex 2.85308 2.00232 11.45
      vertex 2.92721 2.06657 11.45
    endloop
  endfacet
  facet normal -0.915962 -0.251616 -0.312576
    outer loop
      vertex 1.70408 2.46938 11.2027
      vertex 1.72463 2.35544 11.2342
      vertex 1.69128 2.4438 11.2608
    endloop
  endfacet
  facet normal -0.924916 0.367055 -0.0990028
    outer loop
      vertex 1.71737 2.90823 11.4111
      vertex 1.69589 2.83668 11.3465
      vertex 1.71521 2.90392 11.4153
    endloop
  endfacet
  facet normal -0.769992 -0.423794 -0.47698
    outer loop
      vertex 1.86453 2.27123 11.0405
      vertex 1.80816 2.33707 11.073
      vertex 1.81389 2.3342 11.0663
    endloop
  endfacet
  facet normal -0.768981 -0.420841 -0.481208
    outer loop
      vertex 1.80816 2.33707 11.073
      vertex 1.86453 2.27123 11.0405
      vertex 1.84265 2.22751 11.1137
    endloop
  endfacet
  facet normal 0.829565 -0.113593 0.546735
    outer loop
      vertex 2.98895 2.51687 11.9069
      vertex 3.02903 2.46351 11.835
      vertex 3.0509 2.50723 11.8109
    endloop
  endfacet
  facet normal -0.747861 0.663638 -0.0169881
    outer loop
      vertex 1.87186 3.13158 11.4185
      vertex 1.80711 3.05893 11.4309
      vertex 1.80767 3.06005 11.45
    endloop
  endfacet
  facet normal 0.050065 0.953532 0.297103
    outer loop
      vertex 2.39414 3.32949 11.6241
      vertex 2.38148 3.3042 11.7074
      vertex 2.49142 3.32136 11.6338
    endloop
  endfacet
  facet normal -0.880243 -0.400194 -0.254985
    outer loop
      vertex 1.72463 2.35544 11.2342
      vertex 1.7578 2.24782 11.2886
      vertex 1.71402 2.33424 11.3041
    endloop
  endfacet
  facet normal -0.193032 -0.962927 0.188443
    outer loop
      vertex 2.21286 1.89912 11.6404
      vertex 2.20446 1.88233 11.546
      vertex 2.30858 1.87864 11.6338
    endloop
  endfacet
  facet normal -0.0800529 -0.450375 0.889243
    outer loop
      vertex 2.31569 2.32193 12.1414
      vertex 2.2764 2.24342 12.0981
      vertex 2.40487 2.28278 12.1296
    endloop
  endfacet
  facet normal 0.320918 -0.936994 0.138039
    outer loop
      vertex 2.69049 1.92049 11.578
      vertex 2.59202 1.87875 11.5236
      vertex 2.68484 1.9092 11.5145
    endloop
  endfacet
  facet normal 0.979734 -0.106203 -0.169829
    outer loop
      vertex 3.13478 2.48134 11.3577
      vertex 3.12854 2.46887 11.3295
      vertex 3.1301 2.55586 11.2841
    endloop
  endfacet
  facet normal 0.0661087 -0.983391 -0.169031
    outer loop
      vertex 2.50304 1.87486 11.2886
      vertex 2.39818 1.85516 11.3622
      vertex 2.40586 1.87051 11.2759
    endloop
  endfacet
  facet normal -0.99386 -0.051997 -0.0976608
    outer loop
      vertex 1.65507 2.6145 11.3641
      vertex 1.66221 2.51916 11.3422
      vertex 1.65128 2.60693 11.4067
    endloop
  endfacet
  facet normal -0.555884 -0.534359 -0.636752
    outer loop
      vertex 2.03637 2.20034 10.9299
      vertex 1.93225 2.20403 11.0177
      vertex 1.95966 2.25881 10.9478
    endloop
  endfacet
  facet normal -0.52986 0.519249 -0.670544
    outer loop
      vertex 2.0485 3.01486 10.9341
      vertex 2.01972 2.95734 10.9123
      vertex 1.98043 3.02159 10.9931
    endloop
  endfacet
  facet normal -0.693128 0.19296 -0.694507
    outer loop
      vertex 1.92025 2.75859 10.8964
      vertex 1.89044 2.69902 10.9096
      vertex 1.86686 2.79464 10.9597
    endloop
  endfacet
  facet normal -0.0292424 -0.912167 -0.408773
    outer loop
      vertex 2.43594 1.9306 11.1137
      vertex 2.32194 1.90535 11.1782
      vertex 2.34033 1.94209 11.0949
    endloop
  endfacet
  facet normal 0.485472 0.678837 -0.550906
    outer loop
      vertex 2.81595 3.1042 11.0822
      vertex 2.79202 3.05639 11.0022
      vertex 2.70959 3.10901 10.9944
    endloop
  endfacet
  facet normal 0.754284 0.653754 -0.0605112
    outer loop
      vertex 2.99768 3.05308 11.45
      vertex 2.9951 3.04793 11.3622
      vertex 2.93343 3.12721 11.45
    endloop
  endfacet
  facet normal -0.093696 -0.765066 0.637099
    outer loop
      vertex 2.29806 2.06937 11.9701
      vertex 2.26967 2.01264 11.8978
      vertex 2.36343 1.98825 11.8823
    endloop
  endfacet
  facet normal -0.901227 0.357248 0.245281
    outer loop
      vertex 1.72524 2.89534 11.5913
      vertex 1.72361 2.83534 11.6727
      vertex 1.73697 2.86204 11.6829
    endloop
  endfacet
  facet normal -0.557034 0.657915 0.506815
    outer loop
      vertex 1.95586 3.10592 11.7806
      vertex 1.93557 3.0654 11.8109
      vertex 2.03047 3.12156 11.8423
    endloop
  endfacet
  facet normal -0.524292 -0.195606 0.828768
    outer loop
      vertex 1.98816 2.51826 12.0715
      vertex 1.95284 2.44769 12.0325
      vertex 2.06278 2.46485 12.1061
    endloop
  endfacet
  facet normal -0.590468 -0.602569 -0.536896
    outer loop
      vertex 1.93225 2.20403 11.0177
      vertex 1.98405 2.0958 11.0822
      vertex 1.90915 2.15788 11.0949
    endloop
  endfacet
  facet normal -0.900718 0.358096 -0.245916
    outer loop
      vertex 1.72524 2.89534 11.3087
      vertex 1.72361 2.83534 11.2273
      vertex 1.71713 2.87913 11.3148
    endloop
  endfacet
  facet normal -0.701976 -0.28825 0.651262
    outer loop
      vertex 1.83004 2.39215 11.891
      vertex 1.89049 2.32311 11.9256
      vertex 1.9201 2.38227 11.9837
    endloop
  endfacet
  facet normal -0.393838 0.791812 0.466824
    outer loop
      vertex 2.15799 3.22137 11.7933
      vertex 2.07132 3.2032 11.751
      vertex 2.13622 3.17788 11.8487
    endloop
  endfacet
  facet normal -0.730662 0.60373 0.318815
    outer loop
      vertex 1.88884 3.08162 11.7132
      vertex 1.81884 3.02563 11.6588
      vertex 1.8727 3.04936 11.7373
    endloop
  endfacet
  facet normal -0.892193 -0.424253 -0.154922
    outer loop
      vertex 1.7578 2.24782 11.2886
      vertex 1.75068 2.23358 11.3686
      vertex 1.70758 2.32137 11.3764
    endloop
  endfacet
  facet normal 0.588195 -0.595864 0.546784
    outer loop
      vertex 2.81957 2.17841 11.9069
      vertex 2.7936 2.12653 11.8783
      vertex 2.86443 2.1346 11.8109
    endloop
  endfacet
  facet normal 0.42229 -0.00936582 0.906412
    outer loop
      vertex 2.65708 2.57501 12.1541
      vertex 2.73593 2.53006 12.1169
      vertex 2.77456 2.60723 12.0997
    endloop
  endfacet
  facet normal 0.685514 0.516027 -0.513601
    outer loop
      vertex 2.95735 2.97249 11.1137
      vertex 2.86775 2.99597 11.0177
      vertex 2.89085 3.04212 11.0949
    endloop
  endfacet
  facet normal 0.860377 -0.0516791 -0.50703
    outer loop
      vertex 3.07119 2.54775 11.1194
      vertex 3.0509 2.50723 11.0891
      vertex 3.03898 2.61685 11.0577
    endloop
  endfacet
  facet normal -0.485339 -0.678922 0.550918
    outer loop
      vertex 1.98405 2.0958 11.8178
      vertex 2.06607 2.04236 11.8242
      vertex 2.00798 2.14361 11.8978
    endloop
  endfacet
  facet normal -0.754287 -0.653758 -0.0604268
    outer loop
      vertex 1.86929 2.07822 11.3573
      vertex 1.86657 2.07279 11.45
      vertex 1.80489 2.15207 11.3622
    endloop
  endfacet
  facet normal -0.770188 -0.418851 -0.481014
    outer loop
      vertex 1.80816 2.33707 11.073
      vertex 1.78568 2.30353 11.1382
      vertex 1.80361 2.33935 11.0783
    endloop
  endfacet
  facet normal -0.768731 -0.420893 -0.481562
    outer loop
      vertex 1.78568 2.30353 11.1382
      vertex 1.80816 2.33707 11.073
      vertex 1.84265 2.22751 11.1137
    endloop
  endfacet
  facet normal -0.485472 -0.678837 -0.550906
    outer loop
      vertex 2.09041 2.09099 10.9944
      vertex 1.98405 2.0958 11.0822
      vertex 2.00798 2.14361 11.0022
    endloop
  endfacet
  facet normal -0.590601 -0.602555 -0.536766
    outer loop
      vertex 2.00798 2.14361 11.0022
      vertex 1.98405 2.0958 11.0822
      vertex 1.93225 2.20403 11.0177
    endloop
  endfacet
  facet normal 0.947772 0.315569 0.0463146
    outer loop
      vertex 3.09242 2.87863 11.5236
      vertex 3.12368 2.78608 11.5145
      vertex 3.12557 2.78987 11.45
    endloop
  endfacet
  facet normal 0.566639 -0.225896 0.792396
    outer loop
      vertex 2.77262 2.41352 12.0736
      vertex 2.84222 2.37869 12.0139
      vertex 2.80905 2.48631 12.0683
    endloop
  endfacet
  facet normal 0.700257 0.0417256 0.71267
    outer loop
      vertex 2.87942 2.62693 12.0261
      vertex 2.93879 2.57166 11.971
      vertex 2.91216 2.69235 11.9901
    endloop
  endfacet
  facet normal -0.868463 -0.157323 -0.47013
    outer loop
      vertex 1.77465 2.46766 11.059
      vertex 1.73925 2.53966 11.1003
      vertex 1.77616 2.47068 11.0552
    endloop
  endfacet
  facet normal -0.869932 -0.160162 -0.466439
    outer loop
      vertex 1.73925 2.53966 11.1003
      vertex 1.77465 2.46766 11.059
      vertex 1.72016 2.50152 11.149
    endloop
  endfacet
  facet normal -0.9053 0.406294 -0.123927
    outer loop
      vertex 1.72524 2.89534 11.3087
      vertex 1.71713 2.87913 11.3148
      vertex 1.72506 2.92358 11.4026
    endloop
  endfacet
  facet normal -0.309597 0.740544 0.596443
    outer loop
      vertex 2.13622 3.17788 11.8487
      vertex 2.1114 3.12828 11.8974
      vertex 2.22472 3.18081 11.891
    endloop
  endfacet
  facet normal -0.860381 0.0516723 -0.507025
    outer loop
      vertex 1.7491 2.69278 11.0891
      vertex 1.76102 2.58315 11.0577
      vertex 1.72881 2.65225 11.1194
    endloop
  endfacet
  facet normal 0.178464 0.933675 0.310486
    outer loop
      vertex 2.49142 3.32136 11.6338
      vertex 2.47806 3.29465 11.7218
      vertex 2.5733 3.27322 11.7315
    endloop
  endfacet
  facet normal 0.0543058 0.684834 0.726672
    outer loop
      vertex 2.40916 3.15698 11.9522
      vertex 2.3779 3.09452 12.0134
      vertex 2.50193 3.13063 11.9701
    endloop
  endfacet
  facet normal 0.71263 0.570172 -0.408731
    outer loop
      vertex 2.97476 3.00729 11.1926
      vertex 2.95735 2.97249 11.1137
      vertex 2.90923 3.07887 11.1782
    endloop
  endfacet
  facet normal 0.362897 0.433887 0.82465
    outer loop
      vertex 2.61133 2.91268 12.0981
      vertex 2.69545 2.86342 12.087
      vertex 2.73125 2.93497 12.0336
    endloop
  endfacet
  facet normal 0.840261 0.10115 0.532664
    outer loop
      vertex 3.02067 2.73525 11.8487
      vertex 3.03898 2.61685 11.8423
      vertex 3.06075 2.66034 11.7997
    endloop
  endfacet
  facet normal 0.737599 0.359315 0.571699
    outer loop
      vertex 2.90951 2.87689 11.9256
      vertex 2.96996 2.80785 11.891
      vertex 2.93547 2.92877 11.8595
    endloop
  endfacet
  facet normal 0.529791 -0.519609 0.670319
    outer loop
      vertex 2.77691 2.24818 11.9947
      vertex 2.81957 2.17841 11.9069
      vertex 2.84698 2.23319 11.9277
    endloop
  endfacet
  facet normal -0.31426 0.225143 0.922253
    outer loop
      vertex 2.14265 2.82697 12.1169
      vertex 2.18441 2.70789 12.1602
      vertex 2.2259 2.79079 12.1541
    endloop
  endfacet
  facet normal 0.176652 0.643007 0.745209
    outer loop
      vertex 2.50193 3.13063 11.9701
      vertex 2.46956 3.06593 12.0336
      vertex 2.56003 3.02937 12.0437
    endloop
  endfacet
  facet normal 0.422325 0.266533 0.866373
    outer loop
      vertex 2.69545 2.86342 12.087
      vertex 2.73722 2.73515 12.1061
      vertex 2.77451 2.80966 12.065
    endloop
  endfacet
  facet normal 0.55616 0.533645 0.63711
    outer loop
      vertex 2.79202 3.05639 11.8978
      vertex 2.76363 2.99966 11.9701
      vertex 2.86775 2.99597 11.8823
    endloop
  endfacet
  facet normal -0.474914 -0.0948555 0.874905
    outer loop
      vertex 2.02544 2.59277 12.0997
      vertex 2.06278 2.46485 12.1061
      vertex 2.10215 2.54352 12.136
    endloop
  endfacet
  facet normal -0.176754 -0.643454 -0.744798
    outer loop
      vertex 2.30708 2.08738 10.9122
      vertex 2.29806 2.06937 10.9299
      vertex 2.27994 2.10097 10.9069
    endloop
  endfacet
  facet normal -0.840388 -0.101603 -0.532376
    outer loop
      vertex 1.79902 2.51634 11.0104
      vertex 1.77616 2.47068 11.0552
      vertex 1.73925 2.53966 11.1003
    endloop
  endfacet
  facet normal -0.888556 -0.00456943 -0.458746
    outer loop
      vertex 1.76102 2.58315 11.0577
      vertex 1.73925 2.53966 11.1003
      vertex 1.72881 2.65225 11.1194
    endloop
  endfacet
  facet normal -0.940205 0.27937 -0.194852
    outer loop
      vertex 1.69921 2.7866 11.2587
      vertex 1.6886 2.7654 11.2795
      vertex 1.70233 2.84955 11.3339
    endloop
  endfacet
  facet normal -0.88905 -0.00477813 -0.457786
    outer loop
      vertex 1.72881 2.65225 11.1194
      vertex 1.73925 2.53966 11.1003
      vertex 1.71047 2.6156 11.1554
    endloop
  endfacet
  facet normal -0.747231 -0.639623 0.180353
    outer loop
      vertex 1.80489 2.15207 11.5378
      vertex 1.8774 2.09443 11.6338
      vertex 1.81258 2.16742 11.6241
    endloop
  endfacet
  facet normal -0.605789 0.723824 -0.330301
    outer loop
      vertex 1.97419 3.14257 11.1554
      vertex 1.91625 3.13638 11.2481
      vertex 1.99028 3.1747 11.1963
    endloop
  endfacet
  facet normal 0.00213079 0.858043 0.513574
    outer loop
      vertex 2.36406 3.2694 11.7863
      vertex 2.43657 3.21176 11.8823
      vertex 2.45967 3.25791 11.8051
    endloop
  endfacet
  facet normal -0.842887 0.530954 0.087346
    outer loop
      vertex 1.74815 2.96974 11.4799
      vertex 1.74626 2.96595 11.4847
      vertex 1.79414 3.03301 11.5391
    endloop
  endfacet
  facet normal -0.73026 0.475087 -0.490931
    outer loop
      vertex 1.8906 2.97553 11.0475
      vertex 1.81785 2.93976 11.1211
      vertex 1.83689 2.97781 11.1296
    endloop
  endfacet
  facet normal -0.826733 -0.536577 0.169108
    outer loop
      vertex 1.7578 2.24782 11.6114
      vertex 1.80489 2.15207 11.5378
      vertex 1.81258 2.16742 11.6241
    endloop
  endfacet
  facet normal 0.029264 0.058468 0.99786
    outer loop
      vertex 2.39985 2.70931 12.192
      vertex 2.44387 2.57805 12.1984
      vertex 2.48758 2.6654 12.192
    endloop
  endfacet
  facet normal 0.029252 0.058464 0.997861
    outer loop
      vertex 2.44387 2.57805 12.1984
      vertex 2.39985 2.70931 12.192
      vertex 2.35613 2.62195 12.1984
    endloop
  endfacet
  facet normal -0.762085 0.248692 -0.597812
    outer loop
      vertex 1.86686 2.79464 10.9597
      vertex 1.83846 2.7379 10.9723
      vertex 1.79407 2.78264 11.0475
    endloop
  endfacet
  facet normal 0.846059 -0.2437 -0.474126
    outer loop
      vertex 3.02903 2.46351 11.065
      vertex 3.03995 2.37574 11.1296
      vertex 3.00593 2.41736 11.0475
    endloop
  endfacet
  facet normal 0.0721504 -0.712581 -0.69787
    outer loop
      vertex 2.39849 2.04164 10.95
      vertex 2.39084 2.04302 10.9478
      vertex 2.39182 2.04498 10.9459
    endloop
  endfacet
  facet normal -0.252479 -0.795523 -0.550816
    outer loop
      vertex 2.26967 2.01264 11.0022
      vertex 2.24575 1.96484 11.0822
      vertex 2.17814 2.04709 10.9944
    endloop
  endfacet
  facet normal 0.471084 0.363968 0.803497
    outer loop
      vertex 2.69545 2.86342 12.087
      vertex 2.77451 2.80966 12.065
      vertex 2.73125 2.93497 12.0336
    endloop
  endfacet
  facet normal 0.860644 -0.0515248 0.506593
    outer loop
      vertex 3.01491 2.56875 11.8783
      vertex 3.0509 2.50723 11.8109
      vertex 3.03898 2.61685 11.8423
    endloop
  endfacet
  facet normal 0.846059 -0.2437 0.474126
    outer loop
      vertex 3.00593 2.41736 11.8525
      vertex 3.03995 2.37574 11.7704
      vertex 3.02903 2.46351 11.835
    endloop
  endfacet
  facet normal 0.86231 0.364967 0.351027
    outer loop
      vertex 3.01432 2.89647 11.7618
      vertex 3.07537 2.84456 11.6658
      vertex 3.03046 2.92874 11.6886
    endloop
  endfacet
  facet normal 0.955016 -0.155283 0.252649
    outer loop
      vertex 3.1065 2.50872 11.6846
      vertex 3.1207 2.4532 11.5968
      vertex 3.11931 2.5343 11.6519
    endloop
  endfacet
  facet normal -0.662377 -0.746504 0.0631627
    outer loop
      vertex 1.86657 2.07279 11.45
      vertex 1.94277 2.0133 11.546
      vertex 1.86929 2.07822 11.5427
    endloop
  endfacet
  facet normal -0.588345 0.595714 0.546786
    outer loop
      vertex 1.93557 3.0654 11.8109
      vertex 1.9137 3.02168 11.835
      vertex 1.98043 3.02159 11.9069
    endloop
  endfacet
  facet normal 0.22476 -0.908995 0.351015
    outer loop
      vertex 2.53093 1.93057 11.7618
      vertex 2.51478 1.89831 11.6886
      vertex 2.60907 1.91282 11.6658
    endloop
  endfacet
  facet normal -0.514379 -0.736953 0.438536
    outer loop
      vertex 1.98405 2.0958 11.8178
      vertex 2.04669 2.00364 11.7364
      vertex 2.06607 2.04236 11.8242
    endloop
  endfacet
  facet normal -0.372168 -0.743573 -0.55551
    outer loop
      vertex 2.09041 2.09099 10.9944
      vertex 2.1538 1.99845 11.0758
      vertex 2.06607 2.04236 11.0758
    endloop
  endfacet
  facet normal -0.372081 -0.743569 -0.555573
    outer loop
      vertex 2.1538 1.99845 11.0758
      vertex 2.09041 2.09099 10.9944
      vertex 2.17814 2.04709 10.9944
    endloop
  endfacet
  facet normal -0.559245 -0.826458 -0.0648962
    outer loop
      vertex 1.94277 2.0133 11.354
      vertex 2.0212 1.95269 11.45
      vertex 1.93995 2.00767 11.45
    endloop
  endfacet
  facet normal -0.794192 -0.471718 -0.383068
    outer loop
      vertex 1.78568 2.30353 11.1382
      vertex 1.84265 2.22751 11.1137
      vertex 1.76954 2.27126 11.2114
    endloop
  endfacet
  facet normal -0.446622 -0.892329 -0.0654082
    outer loop
      vertex 2.02406 1.95842 11.3523
      vertex 2.10893 1.90878 11.45
      vertex 2.0212 1.95269 11.45
    endloop
  endfacet
  facet normal -0.44658 -0.892346 -0.0654537
    outer loop
      vertex 2.10893 1.90878 11.45
      vertex 2.02406 1.95842 11.3523
      vertex 2.1118 1.91451 11.3523
    endloop
  endfacet
  facet normal -0.654977 -0.731756 0.188514
    outer loop
      vertex 1.86929 2.07822 11.5427
      vertex 1.94277 2.0133 11.546
      vertex 1.8774 2.09443 11.6338
    endloop
  endfacet
  facet normal -0.128233 -0.834 -0.536657
    outer loop
      vertex 2.36343 1.98825 11.0177
      vertex 2.24575 1.96484 11.0822
      vertex 2.26967 2.01264 11.0022
    endloop
  endfacet
  facet normal -0.0500045 -0.953561 -0.297019
    outer loop
      vertex 2.41852 1.8958 11.1926
      vertex 2.30858 1.87864 11.2662
      vertex 2.32194 1.90535 11.1782
    endloop
  endfacet
  facet normal -0.536624 -0.781328 -0.318687
    outer loop
      vertex 2.04669 2.00364 11.1636
      vertex 2.03261 1.9755 11.2563
      vertex 1.96501 2.05774 11.1685
    endloop
  endfacet
  facet normal -0.655042 -0.731719 -0.188431
    outer loop
      vertex 1.95117 2.03009 11.2596
      vertex 1.94277 2.0133 11.354
      vertex 1.8774 2.09443 11.2662
    endloop
  endfacet
  facet normal 0.393133 -0.792314 0.466568
    outer loop
      vertex 2.74777 2.03495 11.7997
      vertex 2.66378 2.02213 11.8487
      vertex 2.72868 1.9968 11.751
    endloop
  endfacet
  facet normal -0.0711238 -0.995632 -0.0604898
    outer loop
      vertex 2.3956 1.85001 11.45
      vertex 2.29775 1.857 11.45
      vertex 2.39818 1.85516 11.3622
    endloop
  endfacet
  facet normal -0.326224 -0.943069 0.0647917
    outer loop
      vertex 2.20446 1.88233 11.546
      vertex 2.10893 1.90878 11.45
      vertex 2.20164 1.87671 11.45
    endloop
  endfacet
  facet normal -0.281495 -0.853488 0.438542
    outer loop
      vertex 2.24575 1.96484 11.8178
      vertex 2.13443 1.95973 11.7364
      vertex 2.2267 1.92678 11.7315
    endloop
  endfacet
  facet normal -0.702216 0.530844 0.474444
    outer loop
      vertex 1.85528 3.01456 11.7565
      vertex 1.83689 2.97781 11.7704
      vertex 1.9137 3.02168 11.835
    endloop
  endfacet
  facet normal -0.901619 0.262329 -0.3439
    outer loop
      vertex 1.72361 2.83534 11.2273
      vertex 1.74166 2.78752 11.1435
      vertex 1.71095 2.81005 11.2412
    endloop
  endfacet
  facet normal 0.559245 0.826458 0.0648962
    outer loop
      vertex 2.7788 3.24731 11.45
      vertex 2.85723 3.1867 11.546
      vertex 2.86005 3.19233 11.45
    endloop
  endfacet
  facet normal 0.880243 0.400194 -0.254985
    outer loop
      vertex 3.08598 2.86576 11.3041
      vertex 3.07537 2.84456 11.2342
      vertex 3.0422 2.95218 11.2886
    endloop
  endfacet
  facet normal -0.73327 0.11292 -0.670495
    outer loop
      vertex 1.88602 2.69019 10.9123
      vertex 1.85723 2.63268 10.9341
      vertex 1.81105 2.68313 10.9931
    endloop
  endfacet
  facet normal 0.303763 0.897844 -0.318754
    outer loop
      vertex 2.67965 3.26841 11.2563
      vertex 2.5733 3.27322 11.1685
      vertex 2.58714 3.30088 11.2596
    endloop
  endfacet
  facet normal 0.86993 0.159944 -0.46652
    outer loop
      vertex 3.04539 2.77239 11.1101
      vertex 3.07984 2.69848 11.149
      vertex 3.02535 2.73234 11.059
    endloop
  endfacet
  facet normal 0.807779 0.0360375 -0.588384
    outer loop
      vertex 2.99736 2.67641 11.0042
      vertex 3.01491 2.56875 11.0217
      vertex 2.97208 2.6259 10.9664
    endloop
  endfacet
  facet normal 0.662428 0.746452 -0.0632351
    outer loop
      vertex 2.86005 3.19233 11.45
      vertex 2.93343 3.12721 11.45
      vertex 2.85723 3.1867 11.354
    endloop
  endfacet
  facet normal 0.747272 0.639583 0.180329
    outer loop
      vertex 2.9226 3.10557 11.6338
      vertex 2.9951 3.04793 11.5378
      vertex 2.93071 3.12178 11.5427
    endloop
  endfacet
  facet normal 0.880243 0.400194 0.254985
    outer loop
      vertex 3.0422 2.95218 11.6114
      vertex 3.07537 2.84456 11.6658
      vertex 3.08598 2.86576 11.5959
    endloop
  endfacet
  facet normal 0.514373 0.736976 0.438505
    outer loop
      vertex 2.7533 3.19636 11.7364
      vertex 2.81595 3.1042 11.8178
      vertex 2.83499 3.14226 11.7315
    endloop
  endfacet
  facet normal 0.50384 -0.764767 0.401592
    outer loop
      vertex 2.74777 2.03495 11.7997
      vertex 2.72868 1.9968 11.751
      vertex 2.82581 2.05743 11.7446
    endloop
  endfacet
  facet normal 0.216893 0.725014 0.653691
    outer loop
      vertex 2.62185 3.15291 11.9056
      vertex 2.50193 3.13063 11.9701
      vertex 2.59297 3.09519 11.9792
    endloop
  endfacet
  facet normal 0.551708 0.811318 0.193342
    outer loop
      vertex 2.77593 3.24158 11.5477
      vertex 2.76739 3.22451 11.6437
      vertex 2.85723 3.1867 11.546
    endloop
  endfacet
  facet normal 0.275756 -0.565668 0.77716
    outer loop
      vertex 2.58144 2.22135 12.0715
      vertex 2.63308 2.13469 11.9901
      vertex 2.66582 2.20011 12.0261
    endloop
  endfacet
  facet normal -0.252471 -0.795507 0.550843
    outer loop
      vertex 2.17814 2.04709 11.9056
      vertex 2.1538 1.99845 11.8242
      vertex 2.26967 2.01264 11.8978
    endloop
  endfacet
  facet normal 0.144 0.287704 0.946832
    outer loop
      vertex 2.48431 2.87807 12.1414
      vertex 2.53055 2.75126 12.1729
      vertex 2.57204 2.83416 12.1414
    endloop
  endfacet
  facet normal 0.144 0.287704 0.946832
    outer loop
      vertex 2.53055 2.75126 12.1729
      vertex 2.48431 2.87807 12.1414
      vertex 2.44282 2.79517 12.1729
    endloop
  endfacet
  facet normal -0.986302 -0.0369363 0.160762
    outer loop
      vertex 1.65507 2.6145 11.5359
      vertex 1.66221 2.51916 11.5578
      vertex 1.67005 2.53483 11.6095
    endloop
  endfacet
  facet normal 0.145486 -0.000216336 0.98936
    outer loop
      vertex 2.44387 2.57805 12.1984
      vertex 2.53085 2.53452 12.1856
      vertex 2.57382 2.62038 12.1793
    endloop
  endfacet
  facet normal 0.369924 0.162535 0.914734
    outer loop
      vertex 2.61605 2.70477 12.1605
      vertex 2.69785 2.65648 12.136
      vertex 2.73722 2.73515 12.1061
    endloop
  endfacet
  facet normal 0.203316 0.11456 0.972388
    outer loop
      vertex 2.53055 2.75126 12.1729
      vertex 2.48758 2.6654 12.192
      vertex 2.61605 2.70477 12.1605
    endloop
  endfacet
  facet normal 0.0873273 0.174476 0.980781
    outer loop
      vertex 2.44282 2.79517 12.1729
      vertex 2.48758 2.6654 12.192
      vertex 2.53055 2.75126 12.1729
    endloop
  endfacet
  facet normal 0.0873273 0.174476 0.980781
    outer loop
      vertex 2.48758 2.6654 12.192
      vertex 2.44282 2.79517 12.1729
      vertex 2.39985 2.70931 12.192
    endloop
  endfacet
  facet normal -0.189991 0.734669 0.651279
    outer loop
      vertex 2.22472 3.18081 11.891
      vertex 2.28662 3.11464 11.9837
      vertex 2.31622 3.1738 11.9256
    endloop
  endfacet
  facet normal 0.252495 0.795498 0.550844
    outer loop
      vertex 2.64619 3.20155 11.8242
      vertex 2.53033 3.18736 11.8978
      vertex 2.62185 3.15291 11.9056
    endloop
  endfacet
  facet normal 0.315669 0.0530878 0.947383
    outer loop
      vertex 2.57382 2.62038 12.1793
      vertex 2.65708 2.57501 12.1541
      vertex 2.61605 2.70477 12.1605
    endloop
  endfacet
  facet normal 0.422681 0.266619 0.866173
    outer loop
      vertex 2.65683 2.78625 12.1296
      vertex 2.73722 2.73515 12.1061
      vertex 2.69545 2.86342 12.087
    endloop
  endfacet
  facet normal 0.175685 0.642768 0.745644
    outer loop
      vertex 2.50193 3.13063 11.9701
      vertex 2.56003 3.02937 12.0437
      vertex 2.59297 3.09519 11.9792
    endloop
  endfacet
  facet normal -0.935713 -0.0980365 -0.338867
    outer loop
      vertex 1.72016 2.50152 11.149
      vertex 1.70408 2.46938 11.2027
      vertex 1.68084 2.55639 11.2417
    endloop
  endfacet
  facet normal -0.921955 0.0917565 -0.376271
    outer loop
      vertex 1.72881 2.65225 11.1194
      vertex 1.71047 2.6156 11.1554
      vertex 1.70809 2.72045 11.1868
    endloop
  endfacet
  facet normal -0.953556 -0.13371 -0.269911
    outer loop
      vertex 1.68084 2.55639 11.2417
      vertex 1.70408 2.46938 11.2027
      vertex 1.67005 2.53483 11.2905
    endloop
  endfacet
  facet normal -0.939087 0.187207 -0.288217
    outer loop
      vertex 1.69921 2.7866 11.2587
      vertex 1.70809 2.72045 11.1868
      vertex 1.6886 2.7654 11.2795
    endloop
  endfacet
  facet normal -0.814807 0.435496 -0.382665
    outer loop
      vertex 1.81785 2.93976 11.1211
      vertex 1.79847 2.90104 11.1183
      vertex 1.7649 2.91784 11.2089
    endloop
  endfacet
  facet normal -0.960228 0.0150067 -0.278814
    outer loop
      vertex 1.68069 2.6657 11.2481
      vertex 1.68084 2.55639 11.2417
      vertex 1.6699 2.64414 11.2841
    endloop
  endfacet
  facet normal -0.898261 -0.436381 -0.0519457
    outer loop
      vertex 1.75068 2.23358 11.3686
      vertex 1.74829 2.22881 11.45
      vertex 1.70758 2.32137 11.3764
    endloop
  endfacet
  facet normal -0.892211 -0.424193 -0.154982
    outer loop
      vertex 1.71402 2.33424 11.3041
      vertex 1.7578 2.24782 11.2886
      vertex 1.70758 2.32137 11.3764
    endloop
  endfacet
  facet normal 0.064091 0.981531 0.180248
    outer loop
      vertex 2.49953 3.33756 11.5427
      vertex 2.40182 3.34484 11.5378
      vertex 2.49142 3.32136 11.6338
    endloop
  endfacet
  facet normal -0.529412 0.713812 0.45847
    outer loop
      vertex 2.05223 3.16506 11.7997
      vertex 1.97419 3.14257 11.7446
      vertex 2.03047 3.12156 11.8423
    endloop
  endfacet
  facet normal -0.331871 0.915445 0.227643
    outer loop
      vertex 2.10951 3.27951 11.578
      vertex 2.10021 3.26092 11.6392
      vertex 2.19092 3.28719 11.6658
    endloop
  endfacet
  facet normal -0.799187 0.561057 0.215676
    outer loop
      vertex 1.83058 3.04908 11.6413
      vertex 1.78205 3.00886 11.5661
      vertex 1.81884 3.02563 11.6588
    endloop
  endfacet
  facet normal -0.554237 0.826593 0.0978039
    outer loop
      vertex 2.02722 3.24852 11.5044
      vertex 1.94565 3.19514 11.4933
      vertex 2.02246 3.23901 11.5578
    endloop
  endfacet
  facet normal 0.193032 0.962927 0.188443
    outer loop
      vertex 2.59554 3.31767 11.546
      vertex 2.49142 3.32136 11.6338
      vertex 2.58714 3.30088 11.6404
    endloop
  endfacet
  facet normal -0.901227 0.357248 -0.245281
    outer loop
      vertex 1.73697 2.86204 11.2171
      vertex 1.72361 2.83534 11.2273
      vertex 1.72524 2.89534 11.3087
    endloop
  endfacet
  facet normal -0.663482 0.737961 -0.123308
    outer loop
      vertex 1.93562 3.1751 11.3231
      vertex 1.86911 3.12608 11.3876
      vertex 1.94187 3.18757 11.3641
    endloop
  endfacet
  facet normal -0.456211 0.66732 0.588689
    outer loop
      vertex 2.03047 3.12156 11.8423
      vertex 2.08396 3.07344 11.9383
      vertex 2.1114 3.12828 11.8974
    endloop
  endfacet
  facet normal 0.130541 0.550774 0.824383
    outer loop
      vertex 2.46956 3.06593 12.0336
      vertex 2.5236 2.95658 12.0981
      vertex 2.56003 3.02937 12.0437
    endloop
  endfacet
  facet normal -0.561921 0.81135 0.16111
    outer loop
      vertex 1.94187 3.18757 11.5359
      vertex 1.93562 3.1751 11.5769
      vertex 2.01462 3.22334 11.6095
    endloop
  endfacet
  facet normal -0.674958 0.58556 0.448944
    outer loop
      vertex 1.8727 3.04936 11.7373
      vertex 1.85528 3.01456 11.7565
      vertex 1.93557 3.0654 11.8109
    endloop
  endfacet
  facet normal -0.529791 0.519609 0.670319
    outer loop
      vertex 1.98043 3.02159 11.9069
      vertex 1.95302 2.96681 11.9277
      vertex 2.02309 2.95182 11.9947
    endloop
  endfacet
  facet normal 0.747842 -0.663661 -0.0168978
    outer loop
      vertex 2.99233 2.13995 11.45
      vertex 2.92721 2.06657 11.45
      vertex 2.92814 2.06842 11.4185
    endloop
  endfacet
  facet normal -0.128449 -0.833767 -0.536967
    outer loop
      vertex 2.34033 1.94209 11.0949
      vertex 2.24575 1.96484 11.0822
      vertex 2.36343 1.98825 11.0177
    endloop
  endfacet
  facet normal -0.15683 -0.890402 -0.427304
    outer loop
      vertex 2.32194 1.90535 11.1782
      vertex 2.2267 1.92678 11.1685
      vertex 2.24575 1.96484 11.0822
    endloop
  endfacet
  facet normal -0.21706 -0.724762 0.653915
    outer loop
      vertex 2.29806 2.06937 11.9701
      vertex 2.17814 2.04709 11.9056
      vertex 2.26967 2.01264 11.8978
    endloop
  endfacet
  facet normal 0.191515 -0.733874 0.651729
    outer loop
      vertex 2.51338 2.08536 11.9837
      vertex 2.57528 2.01919 11.891
      vertex 2.60272 2.07404 11.9447
    endloop
  endfacet
  facet normal 0.370244 -0.37424 0.850214
    outer loop
      vertex 2.73619 2.34073 12.0683
      vertex 2.61873 2.29586 12.0997
      vertex 2.70039 2.26919 12.0524
    endloop
  endfacet
  facet normal -0.00264847 -0.858175 0.513351
    outer loop
      vertex 2.36343 1.98825 11.8823
      vertex 2.43594 1.9306 11.7863
      vertex 2.45781 1.97432 11.8595
    endloop
  endfacet
  facet normal 0.931662 0.283075 0.227761
    outer loop
      vertex 3.07537 2.84456 11.6658
      vertex 3.10872 2.7562 11.6392
      vertex 3.11803 2.7748 11.578
    endloop
  endfacet
  facet normal 0.976479 0.179761 0.119056
    outer loop
      vertex 3.11803 2.7748 11.578
      vertex 3.13779 2.68084 11.5578
      vertex 3.14255 2.69035 11.5044
    endloop
  endfacet
  facet normal 0.935713 0.0980365 0.338867
    outer loop
      vertex 3.07984 2.69848 11.751
      vertex 3.11916 2.64361 11.6583
      vertex 3.09592 2.73062 11.6973
    endloop
  endfacet
  facet normal 0.733209 0.611651 0.297132
    outer loop
      vertex 2.9226 3.10557 11.6338
      vertex 2.97476 3.00729 11.7074
      vertex 2.98742 3.03258 11.6241
    endloop
  endfacet
  facet normal -0.128524 -0.833927 0.5367
    outer loop
      vertex 2.26967 2.01264 11.8978
      vertex 2.24575 1.96484 11.8178
      vertex 2.34033 1.94209 11.8051
    endloop
  endfacet
  facet normal -0.559291 -0.826431 0.0648416
    outer loop
      vertex 1.94277 2.0133 11.546
      vertex 2.0212 1.95269 11.45
      vertex 2.02406 1.95842 11.5477
    endloop
  endfacet
  facet normal -0.640358 -0.702569 0.310384
    outer loop
      vertex 1.89076 2.12113 11.7218
      vertex 1.8774 2.09443 11.6338
      vertex 1.96501 2.05774 11.7315
    endloop
  endfacet
  facet normal -0.83337 -0.5498 0.0566868
    outer loop
      vertex 1.74829 2.22881 11.45
      vertex 1.80489 2.15207 11.5378
      vertex 1.75068 2.23358 11.5314
    endloop
  endfacet
  facet normal 0.154466 -0.805766 0.571735
    outer loop
      vertex 2.48378 2.0262 11.9256
      vertex 2.45781 1.97432 11.8595
      vertex 2.57528 2.01919 11.891
    endloop
  endfacet
  facet normal -0.15683 -0.890402 0.427304
    outer loop
      vertex 2.24575 1.96484 11.8178
      vertex 2.2267 1.92678 11.7315
      vertex 2.32194 1.90535 11.7218
    endloop
  endfacet
  facet normal -0.747221 -0.63964 0.180335
    outer loop
      vertex 1.80489 2.15207 11.5378
      vertex 1.86929 2.07822 11.5427
      vertex 1.8774 2.09443 11.6338
    endloop
  endfacet
  facet normal -0.559245 -0.826458 0.0648962
    outer loop
      vertex 1.93995 2.00767 11.45
      vertex 2.0212 1.95269 11.45
      vertex 1.94277 2.0133 11.546
    endloop
  endfacet
  facet normal -0.794282 -0.471393 -0.383281
    outer loop
      vertex 1.84265 2.22751 11.1137
      vertex 1.82523 2.19271 11.1926
      vertex 1.76954 2.27126 11.2114
    endloop
  endfacet
  facet normal -0.712613 -0.570142 -0.408804
    outer loop
      vertex 1.84265 2.22751 11.1137
      vertex 1.89076 2.12113 11.1782
      vertex 1.82523 2.19271 11.1926
    endloop
  endfacet
  facet normal -0.409133 -0.526237 -0.745443
    outer loop
      vertex 2.1193 2.14871 10.9208
      vertex 2.07252 2.20477 10.9069
      vertex 2.13236 2.17482 10.8952
    endloop
  endfacet
  facet normal -0.409522 -0.526469 -0.745065
    outer loop
      vertex 2.07252 2.20477 10.9069
      vertex 2.1193 2.14871 10.9208
      vertex 2.03637 2.20034 10.9299
    endloop
  endfacet
  facet normal -0.826733 -0.536577 -0.169108
    outer loop
      vertex 1.81258 2.16742 11.2759
      vertex 1.80489 2.15207 11.3622
      vertex 1.7578 2.24782 11.2886
    endloop
  endfacet
  facet normal -0.86231 -0.364967 -0.351027
    outer loop
      vertex 1.78568 2.30353 11.1382
      vertex 1.76954 2.27126 11.2114
      vertex 1.72463 2.35544 11.2342
    endloop
  endfacet
  facet normal -0.733222 -0.611674 -0.297053
    outer loop
      vertex 1.82523 2.19271 11.1926
      vertex 1.8774 2.09443 11.2662
      vertex 1.81258 2.16742 11.2759
    endloop
  endfacet
  facet normal -0.733329 -0.611618 -0.296903
    outer loop
      vertex 1.89076 2.12113 11.1782
      vertex 1.8774 2.09443 11.2662
      vertex 1.82523 2.19271 11.1926
    endloop
  endfacet
  facet normal 0.22476 -0.908995 -0.351015
    outer loop
      vertex 2.60907 1.91282 11.2342
      vertex 2.51478 1.89831 11.2114
      vertex 2.53093 1.93057 11.1382
    endloop
  endfacet
  facet normal 0.0793793 -0.957105 -0.278655
    outer loop
      vertex 2.50304 1.87486 11.2886
      vertex 2.41852 1.8958 11.1926
      vertex 2.51478 1.89831 11.2114
    endloop
  endfacet
  facet normal 0.450636 -0.871002 0.19566
    outer loop
      vertex 2.78538 1.97666 11.6095
      vertex 2.69049 1.92049 11.578
      vertex 2.77754 1.96099 11.5578
    endloop
  endfacet
  facet normal -0.318749 -0.927899 -0.193399
    outer loop
      vertex 2.21286 1.89912 11.2596
      vertex 2.20446 1.88233 11.354
      vertex 2.12034 1.93159 11.2563
    endloop
  endfacet
  facet normal -0.156792 -0.890396 -0.42733
    outer loop
      vertex 2.34033 1.94209 11.0949
      vertex 2.32194 1.90535 11.1782
      vertex 2.24575 1.96484 11.0822
    endloop
  endfacet
  facet normal -0.178464 -0.933675 -0.310486
    outer loop
      vertex 2.32194 1.90535 11.1782
      vertex 2.30858 1.87864 11.2662
      vertex 2.2267 1.92678 11.1685
    endloop
  endfacet
  facet normal -0.281495 -0.853488 -0.438542
    outer loop
      vertex 2.2267 1.92678 11.1685
      vertex 2.13443 1.95973 11.1636
      vertex 2.24575 1.96484 11.0822
    endloop
  endfacet
  facet normal -0.42383 -0.84679 -0.321426
    outer loop
      vertex 2.04669 2.00364 11.1636
      vertex 2.12034 1.93159 11.2563
      vertex 2.03261 1.9755 11.2563
    endloop
  endfacet
  facet normal -0.423785 -0.846797 -0.321467
    outer loop
      vertex 2.12034 1.93159 11.2563
      vertex 2.04669 2.00364 11.1636
      vertex 2.13443 1.95973 11.1636
    endloop
  endfacet
  facet normal 0.974964 0.01433 -0.221902
    outer loop
      vertex 3.12995 2.66517 11.2905
      vertex 3.1301 2.55586 11.2841
      vertex 3.11916 2.64361 11.2417
    endloop
  endfacet
  facet normal 0.860377 -0.0516791 0.50703
    outer loop
      vertex 3.03898 2.61685 11.8423
      vertex 3.0509 2.50723 11.8109
      vertex 3.07119 2.54775 11.7806
    endloop
  endfacet
  facet normal 0.935802 0.098988 0.338342
    outer loop
      vertex 3.07984 2.69848 11.751
      vertex 3.10561 2.61653 11.7037
      vertex 3.11916 2.64361 11.6583
    endloop
  endfacet
  facet normal 0.873184 -0.189299 0.449128
    outer loop
      vertex 3.0509 2.50723 11.8109
      vertex 3.05834 2.41248 11.7565
      vertex 3.07576 2.44728 11.7373
    endloop
  endfacet
  facet normal 0.347318 -0.883852 0.31333
    outer loop
      vertex 2.62367 1.94199 11.7319
      vertex 2.60907 1.91282 11.6658
      vertex 2.7126 1.96467 11.6973
    endloop
  endfacet
  facet normal 0.842506 -0.531779 0.0859938
    outer loop
      vertex 3.01151 2.17827 11.5535
      vertex 3.00586 2.16699 11.5391
      vertex 3.05374 2.23405 11.4847
    endloop
  endfacet
  facet normal 0.207229 -0.944442 0.25512
    outer loop
      vertex 2.60907 1.91282 11.6658
      vertex 2.50304 1.87486 11.6114
      vertex 2.59846 1.89161 11.5959
    endloop
  endfacet
  facet normal 0.653535 0.449781 -0.608761
    outer loop
      vertex 2.86775 2.99597 11.0177
      vertex 2.84603 2.9359 10.95
      vertex 2.84034 2.94119 10.9478
    endloop
  endfacet
  facet normal 0.652733 0.450467 -0.609113
    outer loop
      vertex 2.84603 2.9359 10.95
      vertex 2.86775 2.99597 11.0177
      vertex 2.89792 2.90993 10.9864
    endloop
  endfacet
  facet normal 0.31878 0.927888 -0.1934
    outer loop
      vertex 2.67965 3.26841 11.2563
      vertex 2.58714 3.30088 11.2596
      vertex 2.59554 3.31767 11.354
    endloop
  endfacet
  facet normal -0.693335 0.192797 -0.694346
    outer loop
      vertex 1.83846 2.7379 10.9723
      vertex 1.89044 2.69902 10.9096
      vertex 1.88819 2.69453 10.9106
    endloop
  endfacet
  facet normal -0.693317 0.192833 -0.694354
    outer loop
      vertex 1.89044 2.69902 10.9096
      vertex 1.83846 2.7379 10.9723
      vertex 1.86686 2.79464 10.9597
    endloop
  endfacet
  facet normal -0.921821 0.0918508 -0.376576
    outer loop
      vertex 1.70809 2.72045 11.1868
      vertex 1.71047 2.6156 11.1554
      vertex 1.6935 2.69128 11.2154
    endloop
  endfacet
  facet normal 0.737975 0.359479 -0.57111
    outer loop
      vertex 2.98611 2.8658 11.0663
      vertex 2.92041 2.89868 11.0021
      vertex 2.93547 2.92877 11.0405
    endloop
  endfacet
  facet normal 0.450086 0.608136 -0.653907
    outer loop
      vertex 2.79202 3.05639 11.0022
      vertex 2.76363 2.99966 10.9299
      vertex 2.70959 3.10901 10.9944
    endloop
  endfacet
  facet normal 0.840369 0.100964 -0.532529
    outer loop
      vertex 3.03898 2.61685 11.0577
      vertex 3.00098 2.68366 11.0104
      vertex 3.06075 2.66034 11.1003
    endloop
  endfacet
  facet normal 0.841482 0.103141 -0.530349
    outer loop
      vertex 3.00098 2.68366 11.0104
      vertex 3.03898 2.61685 11.0577
      vertex 2.99926 2.68021 11.007
    endloop
  endfacet
  facet normal 0.551745 0.811281 -0.193391
    outer loop
      vertex 2.85723 3.1867 11.354
      vertex 2.84883 3.16991 11.2596
      vertex 2.76739 3.22451 11.2563
    endloop
  endfacet
  facet normal 0.892193 0.424253 -0.154922
    outer loop
      vertex 3.04932 2.96642 11.3686
      vertex 3.09242 2.87863 11.3764
      vertex 3.0422 2.95218 11.2886
    endloop
  endfacet
  facet normal 0.833323 0.549867 -0.0567402
    outer loop
      vertex 2.99768 3.05308 11.45
      vertex 3.04932 2.96642 11.3686
      vertex 2.9951 3.04793 11.3622
    endloop
  endfacet
  facet normal 0.813629 0.510253 -0.278657
    outer loop
      vertex 3.0422 2.95218 11.2886
      vertex 3.03046 2.92874 11.2114
      vertex 2.97476 3.00729 11.1926
    endloop
  endfacet
  facet normal 0.712589 0.570186 -0.408784
    outer loop
      vertex 2.90923 3.07887 11.1782
      vertex 2.95735 2.97249 11.1137
      vertex 2.89085 3.04212 11.0949
    endloop
  endfacet
  facet normal 0.571271 0.288164 0.768512
    outer loop
      vertex 2.77451 2.80966 12.065
      vertex 2.84716 2.75231 12.0325
      vertex 2.80908 2.87874 12.0134
    endloop
  endfacet
  facet normal 0.685514 0.516027 0.513601
    outer loop
      vertex 2.89085 3.04212 11.8051
      vertex 2.86775 2.99597 11.8823
      vertex 2.95735 2.97249 11.7863
    endloop
  endfacet
  facet normal 0.768912 0.420637 0.481496
    outer loop
      vertex 2.93547 2.92877 11.8595
      vertex 2.99403 2.85595 11.8296
      vertex 3.01432 2.89647 11.7618
    endloop
  endfacet
  facet normal 0.810803 0.26224 0.523286
    outer loop
      vertex 2.99403 2.85595 11.8296
      vertex 2.96996 2.80785 11.891
      vertex 3.04243 2.77874 11.7933
    endloop
  endfacet
  facet normal 0.794154 0.471629 0.383256
    outer loop
      vertex 2.95735 2.97249 11.7863
      vertex 3.01432 2.89647 11.7618
      vertex 2.97476 3.00729 11.7074
    endloop
  endfacet
  facet normal 0.838944 0.318401 0.441354
    outer loop
      vertex 2.99403 2.85595 11.8296
      vertex 3.04243 2.77874 11.7933
      vertex 3.01432 2.89647 11.7618
    endloop
  endfacet
  facet normal 0.655042 0.731719 0.188431
    outer loop
      vertex 2.84883 3.16991 11.6404
      vertex 2.9226 3.10557 11.6338
      vertex 2.85723 3.1867 11.546
    endloop
  endfacet
  facet normal 0.754284 0.653754 0.0605112
    outer loop
      vertex 2.93343 3.12721 11.45
      vertex 2.9951 3.04793 11.5378
      vertex 2.99768 3.05308 11.45
    endloop
  endfacet
  facet normal 0.772024 -0.0356396 0.634593
    outer loop
      vertex 2.93879 2.57166 11.971
      vertex 2.98895 2.51687 11.9069
      vertex 2.9684 2.63082 11.9383
    endloop
  endfacet
  facet normal 0.807667 0.0363035 0.58852
    outer loop
      vertex 2.9684 2.63082 11.9383
      vertex 3.01491 2.56875 11.8783
      vertex 3.03898 2.61685 11.8423
    endloop
  endfacet
  facet normal 0.712589 0.570186 0.408784
    outer loop
      vertex 2.89085 3.04212 11.8051
      vertex 2.95735 2.97249 11.7863
      vertex 2.90923 3.07887 11.7218
    endloop
  endfacet
  facet normal -0.55616 -0.533645 0.63711
    outer loop
      vertex 1.93225 2.20403 11.8823
      vertex 2.00798 2.14361 11.8978
      vertex 2.03637 2.20034 11.9701
    endloop
  endfacet
  facet normal -0.618686 -0.659299 0.427262
    outer loop
      vertex 1.89076 2.12113 11.7218
      vertex 1.96501 2.05774 11.7315
      vertex 1.98405 2.0958 11.8178
    endloop
  endfacet
  facet normal -0.19798 -0.395554 0.89685
    outer loop
      vertex 2.22796 2.36584 12.1414
      vertex 2.2764 2.24342 12.0981
      vertex 2.31569 2.32193 12.1414
    endloop
  endfacet
  facet normal -0.197928 -0.39554 0.896868
    outer loop
      vertex 2.2764 2.24342 12.0981
      vertex 2.22796 2.36584 12.1414
      vertex 2.18867 2.28732 12.0981
    endloop
  endfacet
  facet normal 0.208794 -0.437008 0.874888
    outer loop
      vertex 2.53333 2.32773 12.136
      vertex 2.49396 2.24906 12.1061
      vertex 2.61873 2.29586 12.0997
    endloop
  endfacet
  facet normal 0.771521 -0.035895 0.635191
    outer loop
      vertex 2.9684 2.63082 11.9383
      vertex 2.98895 2.51687 11.9069
      vertex 3.01491 2.56875 11.8783
    endloop
  endfacet
  facet normal 0.260561 -0.332426 0.906422
    outer loop
      vertex 2.5741 2.40921 12.1541
      vertex 2.61873 2.29586 12.0997
      vertex 2.65735 2.37303 12.1169
    endloop
  endfacet
  facet normal 0.370171 0.161653 0.914791
    outer loop
      vertex 2.65683 2.78625 12.1296
      vertex 2.61605 2.70477 12.1605
      vertex 2.73722 2.73515 12.1061
    endloop
  endfacet
  facet normal 0.817744 -0.300254 0.491063
    outer loop
      vertex 3.00593 2.41736 11.8525
      vertex 2.98201 2.36955 11.8631
      vertex 3.03995 2.37574 11.7704
    endloop
  endfacet
  facet normal -0.0301736 0.231413 0.972387
    outer loop
      vertex 2.35436 2.83574 12.1605
      vertex 2.39985 2.70931 12.192
      vertex 2.44282 2.79517 12.1729
    endloop
  endfacet
  facet normal 0.0263045 0.342935 0.938991
    outer loop
      vertex 2.39513 2.91722 12.1296
      vertex 2.35436 2.83574 12.1605
      vertex 2.48431 2.87807 12.1414
    endloop
  endfacet
  facet normal 0.0538498 0.685588 0.725995
    outer loop
      vertex 2.50193 3.13063 11.9701
      vertex 2.3779 3.09452 12.0134
      vertex 2.46956 3.06593 12.0336
    endloop
  endfacet
  facet normal -0.315033 -0.0528756 0.947607
    outer loop
      vertex 2.10215 2.54352 12.136
      vertex 2.18395 2.49523 12.1605
      vertex 2.14292 2.62499 12.1541
    endloop
  endfacet
  facet normal -0.0873787 0.116325 0.98936
    outer loop
      vertex 2.31212 2.75134 12.1793
      vertex 2.26915 2.66548 12.1856
      vertex 2.35613 2.62195 12.1984
    endloop
  endfacet
  facet normal 0.248655 0.496914 0.831413
    outer loop
      vertex 2.56003 3.02937 12.0437
      vertex 2.61133 2.91268 12.0981
      vertex 2.64776 2.98547 12.0437
    endloop
  endfacet
  facet normal 0.248655 0.496914 0.831413
    outer loop
      vertex 2.61133 2.91268 12.0981
      vertex 2.56003 3.02937 12.0437
      vertex 2.5236 2.95658 12.0981
    endloop
  endfacet
  facet normal -0.157708 0.536936 0.828751
    outer loop
      vertex 2.25388 3.04922 12.0325
      vertex 2.21856 2.97865 12.0715
      vertex 2.30604 2.95094 12.1061
    endloop
  endfacet
  facet normal 0.094492 0.765244 0.636768
    outer loop
      vertex 2.43657 3.21176 11.8823
      vertex 2.40916 3.15698 11.9522
      vertex 2.50193 3.13063 11.9701
    endloop
  endfacet
  facet normal -0.0693842 0.71568 0.694974
    outer loop
      vertex 2.31622 3.1738 11.9256
      vertex 2.3779 3.09452 12.0134
      vertex 2.40916 3.15698 11.9522
    endloop
  endfacet
  facet normal 0.197928 0.39554 0.896868
    outer loop
      vertex 2.5236 2.95658 12.0981
      vertex 2.57204 2.83416 12.1414
      vertex 2.61133 2.91268 12.0981
    endloop
  endfacet
  facet normal 0.19798 0.395554 0.89685
    outer loop
      vertex 2.57204 2.83416 12.1414
      vertex 2.5236 2.95658 12.0981
      vertex 2.48431 2.87807 12.1414
    endloop
  endfacet
  facet normal 0.450086 0.608136 0.653907
    outer loop
      vertex 2.70959 3.10901 11.9056
      vertex 2.76363 2.99966 11.9701
      vertex 2.79202 3.05639 11.8978
    endloop
  endfacet
  facet normal -0.86993 -0.159944 -0.46652
    outer loop
      vertex 1.77465 2.46766 11.059
      vertex 1.75461 2.42761 11.1101
      vertex 1.72016 2.50152 11.149
    endloop
  endfacet
  facet normal -0.953608 -0.13453 -0.26932
    outer loop
      vertex 1.70408 2.46938 11.2027
      vertex 1.69128 2.4438 11.2608
      vertex 1.67005 2.53483 11.2905
    endloop
  endfacet
  facet normal -0.976472 -0.17994 -0.118847
    outer loop
      vertex 1.68197 2.4252 11.322
      vertex 1.67632 2.41392 11.3855
      vertex 1.65745 2.50965 11.3956
    endloop
  endfacet
  facet normal -0.712575 -0.570154 0.408853
    outer loop
      vertex 1.84265 2.22751 11.7863
      vertex 1.89076 2.12113 11.7218
      vertex 1.90915 2.15788 11.8051
    endloop
  endfacet
  facet normal -0.762079 0.24874 -0.5978
    outer loop
      vertex 1.86686 2.79464 10.9597
      vertex 1.79407 2.78264 11.0475
      vertex 1.81799 2.83045 11.0369
    endloop
  endfacet
  facet normal -0.873206 0.189294 -0.449087
    outer loop
      vertex 1.77097 2.73649 11.065
      vertex 1.7491 2.69278 11.0891
      vertex 1.74166 2.78752 11.1435
    endloop
  endfacet
  facet normal -0.979878 0.105691 -0.16932
    outer loop
      vertex 1.6699 2.64414 11.2841
      vertex 1.66131 2.62698 11.3231
      vertex 1.66522 2.71866 11.3577
    endloop
  endfacet
  facet normal -0.974964 -0.01433 -0.221902
    outer loop
      vertex 1.68084 2.55639 11.2417
      vertex 1.67005 2.53483 11.2905
      vertex 1.6699 2.64414 11.2841
    endloop
  endfacet
  facet normal -0.997135 0.0713071 0.0252513
    outer loop
      vertex 1.657 2.70225 11.45
      vertex 1.65128 2.60693 11.4933
      vertex 1.65793 2.7041 11.4815
    endloop
  endfacet
  facet normal -0.967161 -0.16154 -0.196224
    outer loop
      vertex 1.69128 2.4438 11.2608
      vertex 1.68197 2.4252 11.322
      vertex 1.67005 2.53483 11.2905
    endloop
  endfacet
  facet normal -0.931662 -0.283075 -0.227761
    outer loop
      vertex 1.69128 2.4438 11.2608
      vertex 1.72463 2.35544 11.2342
      vertex 1.68197 2.4252 11.322
    endloop
  endfacet
  facet normal -0.813615 -0.510359 -0.278502
    outer loop
      vertex 1.82523 2.19271 11.1926
      vertex 1.81258 2.16742 11.2759
      vertex 1.7578 2.24782 11.2886
    endloop
  endfacet
  facet normal -0.747231 -0.639623 -0.180353
    outer loop
      vertex 1.81258 2.16742 11.2759
      vertex 1.8774 2.09443 11.2662
      vertex 1.80489 2.15207 11.3622
    endloop
  endfacet
  facet normal -0.247963 0.862391 0.441357
    outer loop
      vertex 2.26907 3.26943 11.7618
      vertex 2.15799 3.22137 11.7933
      vertex 2.24879 3.2289 11.8296
    endloop
  endfacet
  facet normal -0.248274 0.862655 0.440665
    outer loop
      vertex 2.17632 3.25801 11.7319
      vertex 2.15799 3.22137 11.7933
      vertex 2.26907 3.26943 11.7618
    endloop
  endfacet
  facet normal -0.331553 0.915638 0.227331
    outer loop
      vertex 2.20154 3.30839 11.5959
      vertex 2.10951 3.27951 11.578
      vertex 2.19092 3.28719 11.6658
    endloop
  endfacet
  facet normal 0.0500045 0.953561 0.297019
    outer loop
      vertex 2.49142 3.32136 11.6338
      vertex 2.38148 3.3042 11.7074
      vertex 2.47806 3.29465 11.7218
    endloop
  endfacet
  facet normal -0.441288 0.889457 0.118877
    outer loop
      vertex 2.11516 3.2908 11.5145
      vertex 2.02722 3.24852 11.5044
      vertex 2.10951 3.27951 11.578
    endloop
  endfacet
  facet normal -0.654747 0.755431 -0.02511
    outer loop
      vertex 1.94565 3.19514 11.4067
      vertex 1.87279 3.13343 11.45
      vertex 1.94692 3.19768 11.45
    endloop
  endfacet
  facet normal -0.626112 0.682622 -0.376842
    outer loop
      vertex 1.97419 3.14257 11.1554
      vertex 1.88884 3.08162 11.1868
      vertex 1.90344 3.1108 11.2154
    endloop
  endfacet
  facet normal -0.960132 0.239489 -0.144194
    outer loop
      vertex 1.69024 2.8254 11.3609
      vertex 1.6793 2.7468 11.3032
      vertex 1.68548 2.81589 11.3768
    endloop
  endfacet
  facet normal -0.837313 0.542076 -0.0711298
    outer loop
      vertex 1.79414 3.03301 11.3609
      vertex 1.74815 2.96974 11.4201
      vertex 1.74975 2.97292 11.4255
    endloop
  endfacet
  facet normal -0.605091 0.72463 -0.329811
    outer loop
      vertex 1.97419 3.14257 11.1554
      vertex 1.90344 3.1108 11.2154
      vertex 1.91625 3.13638 11.2481
    endloop
  endfacet
  facet normal -0.750341 0.564595 -0.343833
    outer loop
      vertex 1.85528 3.01456 11.1435
      vertex 1.80618 3.00034 11.2273
      vertex 1.81884 3.02563 11.2412
    endloop
  endfacet
  facet normal -0.621281 0.529877 -0.57727
    outer loop
      vertex 1.98043 3.02159 10.9931
      vertex 1.8906 2.97553 11.0475
      vertex 1.9137 3.02168 11.065
    endloop
  endfacet
  facet normal -0.370171 -0.161653 0.914791
    outer loop
      vertex 2.06278 2.46485 12.1061
      vertex 2.14317 2.41375 12.1296
      vertex 2.18395 2.49523 12.1605
    endloop
  endfacet
  facet normal -0.260561 0.332426 0.906422
    outer loop
      vertex 2.18127 2.90414 12.0997
      vertex 2.14265 2.82697 12.1169
      vertex 2.2259 2.79079 12.1541
    endloop
  endfacet
  facet normal -0.626112 0.682622 0.376842
    outer loop
      vertex 1.90344 3.1108 11.6846
      vertex 1.88884 3.08162 11.7132
      vertex 1.97419 3.14257 11.7446
    endloop
  endfacet
  facet normal -0.626119 0.682863 0.376394
    outer loop
      vertex 1.97419 3.14257 11.7446
      vertex 1.88884 3.08162 11.7132
      vertex 1.95586 3.10592 11.7806
    endloop
  endfacet
  facet normal -0.649676 0.636068 0.41634
    outer loop
      vertex 1.88884 3.08162 11.7132
      vertex 1.8727 3.04936 11.7373
      vertex 1.93557 3.0654 11.8109
    endloop
  endfacet
  facet normal -0.697125 0.670851 0.252935
    outer loop
      vertex 1.85049 3.08888 11.5968
      vertex 1.84119 3.07028 11.6205
      vertex 1.90344 3.1108 11.6846
    endloop
  endfacet
  facet normal -0.43668 0.89873 0.039938
    outer loop
      vertex 2.02881 3.25171 11.45
      vertex 2.02722 3.24852 11.5044
      vertex 2.11516 3.2908 11.5145
    endloop
  endfacet
  facet normal -0.464367 0.843728 0.269233
    outer loop
      vertex 2.10021 3.26092 11.6392
      vertex 2.00383 3.20178 11.6583
      vertex 2.0874 3.23533 11.6973
    endloop
  endfacet
  facet normal -0.898153 0.420582 0.128187
    outer loop
      vertex 1.72787 2.92921 11.4986
      vertex 1.72524 2.89534 11.5913
      vertex 1.73364 2.91212 11.5951
    endloop
  endfacet
  facet normal -0.45501 0.668298 0.58851
    outer loop
      vertex 2.03047 3.12156 11.8423
      vertex 2.0064 3.07347 11.8783
      vertex 2.08396 3.07344 11.9383
    endloop
  endfacet
  facet normal -0.944013 0.328926 -0.0254196
    outer loop
      vertex 1.67894 2.80282 11.4121
      vertex 1.67727 2.79948 11.4309
      vertex 1.70897 2.89144 11.4436
    endloop
  endfacet
  facet normal -0.848004 0.520792 0.0983154
    outer loop
      vertex 1.74626 2.96595 11.4847
      vertex 1.7441 2.96164 11.4889
      vertex 1.78205 3.00886 11.5661
    endloop
  endfacet
  facet normal -0.853732 0.509363 0.108122
    outer loop
      vertex 1.7441 2.96164 11.4889
      vertex 1.74171 2.95687 11.4925
      vertex 1.78205 3.00886 11.5661
    endloop
  endfacet
  facet normal -0.736298 0.106396 -0.668241
    outer loop
      vertex 1.88602 2.69019 10.9123
      vertex 1.83846 2.7379 10.9723
      vertex 1.88819 2.69453 10.9106
    endloop
  endfacet
  facet normal -0.733294 0.112319 -0.67057
    outer loop
      vertex 1.83846 2.7379 10.9723
      vertex 1.88602 2.69019 10.9123
      vertex 1.81105 2.68313 10.9931
    endloop
  endfacet
  facet normal -0.569626 0.440052 -0.694176
    outer loop
      vertex 2.0153 2.94852 10.9096
      vertex 1.95302 2.96681 10.9723
      vertex 2.01755 2.95301 10.9106
    endloop
  endfacet
  facet normal -0.569942 0.439432 -0.69431
    outer loop
      vertex 1.95302 2.96681 10.9723
      vertex 2.0153 2.94852 10.9096
      vertex 1.92463 2.91008 10.9597
    endloop
  endfacet
  facet normal 0.82955 -0.113695 -0.546736
    outer loop
      vertex 3.0509 2.50723 11.0891
      vertex 2.98895 2.51687 10.9931
      vertex 3.01491 2.56875 11.0217
    endloop
  endfacet
  facet normal 0.0303538 -0.792122 -0.609608
    outer loop
      vertex 2.45038 2.01567 10.9864
      vertex 2.45781 1.97432 11.0405
      vertex 2.36343 1.98825 11.0177
    endloop
  endfacet
  facet normal 0.0288288 -0.792259 -0.609503
    outer loop
      vertex 2.45781 1.97432 11.0405
      vertex 2.45038 2.01567 10.9864
      vertex 2.47287 2.00441 11.0021
    endloop
  endfacet
  facet normal 0.901821 -0.261732 -0.343825
    outer loop
      vertex 3.07576 2.44728 11.1627
      vertex 3.08905 2.38995 11.2412
      vertex 3.05834 2.41248 11.1435
    endloop
  endfacet
  facet normal -0.0553213 -0.685638 -0.725838
    outer loop
      vertex 2.32652 2.07766 10.9199
      vertex 2.29806 2.06937 10.9299
      vertex 2.30708 2.08738 10.9122
    endloop
  endfacet
  facet normal -0.336446 -0.672355 -0.659351
    outer loop
      vertex 2.1193 2.14871 10.9208
      vertex 2.17814 2.04709 10.9944
      vertex 2.09041 2.09099 10.9944
    endloop
  endfacet
  facet normal -0.336446 -0.672355 -0.659351
    outer loop
      vertex 2.17814 2.04709 10.9944
      vertex 2.1193 2.14871 10.9208
      vertex 2.20703 2.10481 10.9208
    endloop
  endfacet
  facet normal 0.32263 -0.471985 0.820451
    outer loop
      vertex 2.61873 2.29586 12.0997
      vertex 2.58144 2.22135 12.0715
      vertex 2.66582 2.20011 12.0261
    endloop
  endfacet
  facet normal 0.474467 -0.410501 0.778698
    outer loop
      vertex 2.73619 2.34073 12.0683
      vertex 2.70039 2.26919 12.0524
      vertex 2.77691 2.24818 11.9947
    endloop
  endfacet
  facet normal 0.0399358 -0.49814 0.866177
    outer loop
      vertex 2.40487 2.28278 12.1296
      vertex 2.36625 2.20561 12.087
      vertex 2.49396 2.24906 12.1061
    endloop
  endfacet
  facet normal 0.0924805 -0.393195 0.914792
    outer loop
      vertex 2.44564 2.36426 12.1605
      vertex 2.40487 2.28278 12.1296
      vertex 2.49396 2.24906 12.1061
    endloop
  endfacet
  facet normal -0.00892342 -0.595274 0.803473
    outer loop
      vertex 2.36625 2.20561 12.087
      vertex 2.33044 2.13407 12.0336
      vertex 2.45667 2.17456 12.065
    endloop
  endfacet
  facet normal -0.00875936 -0.5956 0.803234
    outer loop
      vertex 2.45667 2.17456 12.065
      vertex 2.33044 2.13407 12.0336
      vertex 2.4221 2.10548 12.0134
    endloop
  endfacet
  facet normal 0.788955 -0.357832 0.499506
    outer loop
      vertex 2.95767 2.32091 11.8667
      vertex 3.00153 2.29896 11.7817
      vertex 2.98201 2.36955 11.8631
    endloop
  endfacet
  facet normal 0.573074 -0.789142 0.221
    outer loop
      vertex 2.87297 2.04206 11.6159
      vertex 2.78538 1.97666 11.6095
      vertex 2.86438 2.0249 11.5769
    endloop
  endfacet
  facet normal 0.621277 -0.53001 0.577152
    outer loop
      vertex 2.84698 2.23319 11.9277
      vertex 2.81957 2.17841 11.9069
      vertex 2.9094 2.22447 11.8525
    endloop
  endfacet
  facet normal 0.320838 -0.47297 0.820586
    outer loop
      vertex 2.61873 2.29586 12.0997
      vertex 2.66582 2.20011 12.0261
      vertex 2.70039 2.26919 12.0524
    endloop
  endfacet
  facet normal 0.953717 0.134094 0.269151
    outer loop
      vertex 3.09592 2.73062 11.6973
      vertex 3.11916 2.64361 11.6583
      vertex 3.10872 2.7562 11.6392
    endloop
  endfacet
  facet normal 0.915962 0.251616 0.312576
    outer loop
      vertex 3.07537 2.84456 11.6658
      vertex 3.09592 2.73062 11.6973
      vertex 3.10872 2.7562 11.6392
    endloop
  endfacet
  facet normal 0.91377 0.055036 0.402487
    outer loop
      vertex 3.07984 2.69848 11.751
      vertex 3.08953 2.5844 11.7446
      vertex 3.10561 2.61653 11.7037
    endloop
  endfacet
  facet normal 0.942325 0.304835 0.138199
    outer loop
      vertex 3.08598 2.86576 11.5959
      vertex 3.11803 2.7748 11.578
      vertex 3.09242 2.87863 11.5236
    endloop
  endfacet
  facet normal -0.794138 -0.471591 0.383336
    outer loop
      vertex 1.78568 2.30353 11.7618
      vertex 1.82523 2.19271 11.7074
      vertex 1.84265 2.22751 11.7863
    endloop
  endfacet
  facet normal -0.536641 -0.781324 0.318669
    outer loop
      vertex 1.95117 2.03009 11.6404
      vertex 2.03261 1.9755 11.6437
      vertex 1.96501 2.05774 11.7315
    endloop
  endfacet
  facet normal -0.662377 -0.746504 -0.0631627
    outer loop
      vertex 1.86929 2.07822 11.3573
      vertex 1.94277 2.0133 11.354
      vertex 1.86657 2.07279 11.45
    endloop
  endfacet
  facet normal -0.833371 -0.549804 -0.056643
    outer loop
      vertex 1.80489 2.15207 11.3622
      vertex 1.80232 2.14692 11.45
      vertex 1.75068 2.23358 11.3686
    endloop
  endfacet
  facet normal -0.947786 -0.315522 -0.0463352
    outer loop
      vertex 1.70758 2.32137 11.3764
      vertex 1.70542 2.31705 11.45
      vertex 1.67443 2.41014 11.45
    endloop
  endfacet
  facet normal -0.89825 -0.4364 -0.0519765
    outer loop
      vertex 1.70758 2.32137 11.3764
      vertex 1.74829 2.22881 11.45
      vertex 1.70542 2.31705 11.45
    endloop
  endfacet
  facet normal -0.551741 -0.811263 0.193477
    outer loop
      vertex 1.94277 2.0133 11.546
      vertex 2.02406 1.95842 11.5477
      vertex 2.03261 1.9755 11.6437
    endloop
  endfacet
  facet normal -0.446622 -0.892329 0.0654082
    outer loop
      vertex 2.10893 1.90878 11.45
      vertex 2.02406 1.95842 11.5477
      vertex 2.0212 1.95269 11.45
    endloop
  endfacet
  facet normal -0.44658 -0.892346 0.0654537
    outer loop
      vertex 2.02406 1.95842 11.5477
      vertex 2.10893 1.90878 11.45
      vertex 2.1118 1.91451 11.5477
    endloop
  endfacet
  facet normal -0.303709 -0.897874 0.318721
    outer loop
      vertex 2.13443 1.95973 11.7364
      vertex 2.12034 1.93159 11.6437
      vertex 2.2267 1.92678 11.7315
    endloop
  endfacet
  facet normal -0.281462 -0.853521 0.438499
    outer loop
      vertex 2.1538 1.99845 11.8242
      vertex 2.13443 1.95973 11.7364
      vertex 2.24575 1.96484 11.8178
    endloop
  endfacet
  facet normal 0.195162 -0.968465 0.154877
    outer loop
      vertex 2.59846 1.89161 11.5959
      vertex 2.50304 1.87486 11.6114
      vertex 2.59202 1.87875 11.5236
    endloop
  endfacet
  facet normal -0.326316 -0.943031 0.0648935
    outer loop
      vertex 2.1118 1.91451 11.5477
      vertex 2.10893 1.90878 11.45
      vertex 2.20446 1.88233 11.546
    endloop
  endfacet
  facet normal -0.559291 -0.826431 -0.0648416
    outer loop
      vertex 2.02406 1.95842 11.3523
      vertex 2.0212 1.95269 11.45
      vertex 1.94277 2.0133 11.354
    endloop
  endfacet
  facet normal -0.862353 -0.364871 -0.351022
    outer loop
      vertex 1.78568 2.30353 11.1382
      vertex 1.73401 2.37418 11.1917
      vertex 1.74971 2.36632 11.1613
    endloop
  endfacet
  facet normal -0.862344 -0.364758 -0.351161
    outer loop
      vertex 1.73401 2.37418 11.1917
      vertex 1.78568 2.30353 11.1382
      vertex 1.72463 2.35544 11.2342
    endloop
  endfacet
  facet normal -0.838975 -0.318219 -0.441426
    outer loop
      vertex 1.80361 2.33935 11.0783
      vertex 1.78568 2.30353 11.1382
      vertex 1.74971 2.36632 11.1613
    endloop
  endfacet
  facet normal -0.618778 -0.659125 -0.427397
    outer loop
      vertex 1.98405 2.0958 11.0822
      vertex 1.89076 2.12113 11.1782
      vertex 1.90915 2.15788 11.0949
    endloop
  endfacet
  facet normal -0.252441 -0.795518 -0.55084
    outer loop
      vertex 2.24575 1.96484 11.0822
      vertex 2.1538 1.99845 11.0758
      vertex 2.17814 2.04709 10.9944
    endloop
  endfacet
  facet normal -0.712575 -0.570154 -0.408853
    outer loop
      vertex 1.90915 2.15788 11.0949
      vertex 1.89076 2.12113 11.1782
      vertex 1.84265 2.22751 11.1137
    endloop
  endfacet
  facet normal -0.685514 -0.516027 -0.513601
    outer loop
      vertex 1.93225 2.20403 11.0177
      vertex 1.90915 2.15788 11.0949
      vertex 1.84265 2.22751 11.1137
    endloop
  endfacet
  facet normal -0.640435 -0.702449 -0.310498
    outer loop
      vertex 1.96501 2.05774 11.1685
      vertex 1.95117 2.03009 11.2596
      vertex 1.8774 2.09443 11.2662
    endloop
  endfacet
  facet normal -0.640358 -0.702569 -0.310384
    outer loop
      vertex 1.96501 2.05774 11.1685
      vertex 1.8774 2.09443 11.2662
      vertex 1.89076 2.12113 11.1782
    endloop
  endfacet
  facet normal -0.0711458 -0.995629 0.0605149
    outer loop
      vertex 2.30047 1.86244 11.5427
      vertex 2.29775 1.857 11.45
      vertex 2.39818 1.85516 11.5378
    endloop
  endfacet
  facet normal 0.753723 -0.651919 -0.083093
    outer loop
      vertex 2.99456 2.14441 11.4121
      vertex 2.93089 2.07392 11.3876
      vertex 2.93543 2.08298 11.3577
    endloop
  endfacet
  facet normal -0.0292475 -0.912164 -0.408781
    outer loop
      vertex 2.41852 1.8958 11.1926
      vertex 2.32194 1.90535 11.1782
      vertex 2.43594 1.9306 11.1137
    endloop
  endfacet
  facet normal 0.0987945 -0.91835 -0.383239
    outer loop
      vertex 2.51478 1.89831 11.2114
      vertex 2.41852 1.8958 11.1926
      vertex 2.43594 1.9306 11.1137
    endloop
  endfacet
  facet normal -0.281462 -0.853521 -0.438499
    outer loop
      vertex 2.24575 1.96484 11.0822
      vertex 2.13443 1.95973 11.1636
      vertex 2.1538 1.99845 11.0758
    endloop
  endfacet
  facet normal -0.303709 -0.897874 -0.318721
    outer loop
      vertex 2.2267 1.92678 11.1685
      vertex 2.12034 1.93159 11.2563
      vertex 2.13443 1.95973 11.1636
    endloop
  endfacet
  facet normal -0.318704 -0.927905 0.193441
    outer loop
      vertex 2.12034 1.93159 11.6437
      vertex 2.1118 1.91451 11.5477
      vertex 2.20446 1.88233 11.546
    endloop
  endfacet
  facet normal -0.326316 -0.943031 -0.0648935
    outer loop
      vertex 2.20446 1.88233 11.354
      vertex 2.10893 1.90878 11.45
      vertex 2.1118 1.91451 11.3523
    endloop
  endfacet
  facet normal -0.193032 -0.962927 -0.188443
    outer loop
      vertex 2.30858 1.87864 11.2662
      vertex 2.20446 1.88233 11.354
      vertex 2.21286 1.89912 11.2596
    endloop
  endfacet
  facet normal -0.318704 -0.927905 -0.193441
    outer loop
      vertex 2.20446 1.88233 11.354
      vertex 2.1118 1.91451 11.3523
      vertex 2.12034 1.93159 11.2563
    endloop
  endfacet
  facet normal 0.947772 0.315569 -0.0463146
    outer loop
      vertex 3.12557 2.78987 11.45
      vertex 3.12368 2.78608 11.3855
      vertex 3.09242 2.87863 11.3764
    endloop
  endfacet
  facet normal 0.981141 0.189139 -0.0398635
    outer loop
      vertex 3.12557 2.78987 11.45
      vertex 3.14414 2.69354 11.45
      vertex 3.12368 2.78608 11.3855
    endloop
  endfacet
  facet normal 0.921955 -0.0917565 0.376271
    outer loop
      vertex 3.07119 2.54775 11.7806
      vertex 3.09191 2.47955 11.7132
      vertex 3.08953 2.5844 11.7446
    endloop
  endfacet
  facet normal 0.960533 -0.0149448 0.277765
    outer loop
      vertex 3.10561 2.61653 11.7037
      vertex 3.11931 2.5343 11.6519
      vertex 3.11916 2.64361 11.6583
    endloop
  endfacet
  facet normal 0.230694 -0.653332 0.721067
    outer loop
      vertex 2.54612 2.15078 12.0325
      vertex 2.51338 2.08536 11.9837
      vertex 2.63308 2.13469 11.9901
    endloop
  endfacet
  facet normal 0.189991 -0.734669 0.651279
    outer loop
      vertex 2.51338 2.08536 11.9837
      vertex 2.48378 2.0262 11.9256
      vertex 2.57528 2.01919 11.891
    endloop
  endfacet
  facet normal 0.368025 -0.842317 0.393777
    outer loop
      vertex 2.72868 1.9968 11.751
      vertex 2.62367 1.94199 11.7319
      vertex 2.7126 1.96467 11.6973
    endloop
  endfacet
  facet normal 0.393865 -0.79175 0.466907
    outer loop
      vertex 2.66378 2.02213 11.8487
      vertex 2.64201 1.97863 11.7933
      vertex 2.72868 1.9968 11.751
    endloop
  endfacet
  facet normal 0.53656 0.781319 -0.318816
    outer loop
      vertex 2.76739 3.22451 11.2563
      vertex 2.83499 3.14226 11.1685
      vertex 2.7533 3.19636 11.1636
    endloop
  endfacet
  facet normal 0.662377 0.746504 -0.0631627
    outer loop
      vertex 2.93343 3.12721 11.45
      vertex 2.93071 3.12178 11.3573
      vertex 2.85723 3.1867 11.354
    endloop
  endfacet
  facet normal -0.526277 0.526037 -0.66807
    outer loop
      vertex 1.95302 2.96681 10.9723
      vertex 2.01972 2.95734 10.9123
      vertex 2.01755 2.95301 10.9106
    endloop
  endfacet
  facet normal -0.529476 0.519561 -0.670605
    outer loop
      vertex 2.01972 2.95734 10.9123
      vertex 1.95302 2.96681 10.9723
      vertex 1.98043 3.02159 10.9931
    endloop
  endfacet
  facet normal -0.712784 0.639454 -0.288163
    outer loop
      vertex 1.88884 3.08162 11.1868
      vertex 1.83058 3.04908 11.2587
      vertex 1.84119 3.07028 11.2795
    endloop
  endfacet
  facet normal -0.649753 0.279175 -0.707023
    outer loop
      vertex 1.86686 2.79464 10.9597
      vertex 1.92254 2.76316 10.8961
      vertex 1.92025 2.75859 10.8964
    endloop
  endfacet
  facet normal -0.651931 0.274765 -0.706747
    outer loop
      vertex 1.92254 2.76316 10.8961
      vertex 1.86686 2.79464 10.9597
      vertex 1.89574 2.85236 10.9555
    endloop
  endfacet
  facet normal -0.771961 0.0356097 -0.634672
    outer loop
      vertex 1.85723 2.63268 10.9341
      vertex 1.82997 2.5782 10.9642
      vertex 1.81105 2.68313 10.9931
    endloop
  endfacet
  facet normal -0.771485 0.0358512 -0.635237
    outer loop
      vertex 1.82997 2.5782 10.9642
      vertex 1.78509 2.63125 11.0217
      vertex 1.81105 2.68313 10.9931
    endloop
  endfacet
  facet normal -0.768576 0.0417346 -0.638395
    outer loop
      vertex 1.78509 2.63125 11.0217
      vertex 1.82997 2.5782 10.9642
      vertex 1.82792 2.5741 10.9664
    endloop
  endfacet
  facet normal -0.796461 0.179727 -0.577363
    outer loop
      vertex 1.79407 2.78264 11.0475
      vertex 1.81105 2.68313 10.9931
      vertex 1.77097 2.73649 11.065
    endloop
  endfacet
  facet normal -0.7888 0.357731 -0.499824
    outer loop
      vertex 1.84233 2.87909 11.0333
      vertex 1.81799 2.83045 11.0369
      vertex 1.77909 2.86232 11.1211
    endloop
  endfacet
  facet normal 0.652264 0.450482 -0.609604
    outer loop
      vertex 2.93547 2.92877 11.0405
      vertex 2.89792 2.90993 10.9864
      vertex 2.86775 2.99597 11.0177
    endloop
  endfacet
  facet normal 0.65147 0.451768 -0.609501
    outer loop
      vertex 2.89792 2.90993 10.9864
      vertex 2.93547 2.92877 11.0405
      vertex 2.92041 2.89868 11.0021
    endloop
  endfacet
  facet normal 0.840388 0.101603 -0.532376
    outer loop
      vertex 3.06075 2.66034 11.1003
      vertex 3.00098 2.68366 11.0104
      vertex 3.02384 2.72932 11.0552
    endloop
  endfacet
  facet normal 0.869932 0.160162 -0.466439
    outer loop
      vertex 3.06075 2.66034 11.1003
      vertex 3.02535 2.73234 11.059
      vertex 3.07984 2.69848 11.149
    endloop
  endfacet
  facet normal 0.868463 0.157323 -0.47013
    outer loop
      vertex 3.02535 2.73234 11.059
      vertex 3.06075 2.66034 11.1003
      vertex 3.02384 2.72932 11.0552
    endloop
  endfacet
  facet normal 0.894967 0.209978 -0.393628
    outer loop
      vertex 3.06228 2.80613 11.1665
      vertex 3.07984 2.69848 11.149
      vertex 3.04539 2.77239 11.1101
    endloop
  endfacet
  facet normal 0.895929 0.212009 -0.390338
    outer loop
      vertex 3.09592 2.73062 11.2027
      vertex 3.06228 2.80613 11.1665
      vertex 3.06355 2.80868 11.1708
    endloop
  endfacet
  facet normal 0.894952 0.209981 -0.393661
    outer loop
      vertex 3.06228 2.80613 11.1665
      vertex 3.09592 2.73062 11.2027
      vertex 3.07984 2.69848 11.149
    endloop
  endfacet
  facet normal 0.446621 0.892326 -0.0654537
    outer loop
      vertex 2.77593 3.24158 11.3523
      vertex 2.69107 3.29122 11.45
      vertex 2.7788 3.24731 11.45
    endloop
  endfacet
  facet normal 0.446621 0.892326 -0.0654537
    outer loop
      vertex 2.69107 3.29122 11.45
      vertex 2.77593 3.24158 11.3523
      vertex 2.6882 3.28549 11.3523
    endloop
  endfacet
  facet normal 0.662428 0.746452 0.0632351
    outer loop
      vertex 2.85723 3.1867 11.546
      vertex 2.93343 3.12721 11.45
      vertex 2.86005 3.19233 11.45
    endloop
  endfacet
  facet normal 0.156792 0.890396 -0.42733
    outer loop
      vertex 2.55425 3.23516 11.0822
      vertex 2.45967 3.25791 11.0949
      vertex 2.47806 3.29465 11.1782
    endloop
  endfacet
  facet normal 0.833349 0.549833 -0.056688
    outer loop
      vertex 3.05171 2.97119 11.45
      vertex 3.04932 2.96642 11.3686
      vertex 2.99768 3.05308 11.45
    endloop
  endfacet
  facet normal 0.942388 0.304737 0.137983
    outer loop
      vertex 3.09242 2.87863 11.5236
      vertex 3.11803 2.7748 11.578
      vertex 3.12368 2.78608 11.5145
    endloop
  endfacet
  facet normal 0.898261 0.436381 -0.0519457
    outer loop
      vertex 3.05171 2.97119 11.45
      vertex 3.09242 2.87863 11.3764
      vertex 3.04932 2.96642 11.3686
    endloop
  endfacet
  facet normal 0.515647 0.455335 -0.725795
    outer loop
      vertex 2.77405 2.97192 10.9199
      vertex 2.75462 2.98165 10.9122
      vertex 2.76363 2.99966 10.9299
    endloop
  endfacet
  facet normal 0.754338 0.6537 -0.0604249
    outer loop
      vertex 2.93343 3.12721 11.45
      vertex 2.9951 3.04793 11.3622
      vertex 2.93071 3.12178 11.3573
    endloop
  endfacet
  facet normal 0.747237 0.63964 -0.180269
    outer loop
      vertex 2.9951 3.04793 11.3622
      vertex 2.98742 3.03258 11.2759
      vertex 2.9226 3.10557 11.2662
    endloop
  endfacet
  facet normal 0.0937674 0.76504 0.637119
    outer loop
      vertex 2.43657 3.21176 11.8823
      vertex 2.50193 3.13063 11.9701
      vertex 2.53033 3.18736 11.8978
    endloop
  endfacet
  facet normal 0.294934 0.589397 0.752081
    outer loop
      vertex 2.59297 3.09519 11.9792
      vertex 2.64776 2.98547 12.0437
      vertex 2.6807 3.05129 11.9792
    endloop
  endfacet
  facet normal 0.294934 0.589397 0.752081
    outer loop
      vertex 2.64776 2.98547 12.0437
      vertex 2.59297 3.09519 11.9792
      vertex 2.56003 3.02937 12.0437
    endloop
  endfacet
  facet normal 0.614443 0.373484 0.69496
    outer loop
      vertex 2.84034 2.94119 11.9522
      vertex 2.80908 2.87874 12.0134
      vertex 2.90951 2.87689 11.9256
    endloop
  endfacet
  facet normal 0.661249 0.206944 0.721057
    outer loop
      vertex 2.84716 2.75231 12.0325
      vertex 2.91216 2.69235 11.9901
      vertex 2.8799 2.81773 11.9837
    endloop
  endfacet
  facet normal 0.768819 0.421049 0.481285
    outer loop
      vertex 2.95735 2.97249 11.7863
      vertex 2.93547 2.92877 11.8595
      vertex 3.01432 2.89647 11.7618
    endloop
  endfacet
  facet normal 0.8136 0.510335 0.27859
    outer loop
      vertex 2.97476 3.00729 11.7074
      vertex 3.0422 2.95218 11.6114
      vertex 2.98742 3.03258 11.6241
    endloop
  endfacet
  facet normal 0.733319 0.611594 0.296978
    outer loop
      vertex 2.90923 3.07887 11.7218
      vertex 2.97476 3.00729 11.7074
      vertex 2.9226 3.10557 11.6338
    endloop
  endfacet
  facet normal 0.618734 0.659259 0.427255
    outer loop
      vertex 2.83499 3.14226 11.7315
      vertex 2.81595 3.1042 11.8178
      vertex 2.90923 3.07887 11.7218
    endloop
  endfacet
  facet normal 0.662377 0.746504 0.0631627
    outer loop
      vertex 2.85723 3.1867 11.546
      vertex 2.93071 3.12178 11.5427
      vertex 2.93343 3.12721 11.45
    endloop
  endfacet
  facet normal 0.654977 0.731756 0.188514
    outer loop
      vertex 2.85723 3.1867 11.546
      vertex 2.9226 3.10557 11.6338
      vertex 2.93071 3.12178 11.5427
    endloop
  endfacet
  facet normal 0.471479 0.364039 0.803233
    outer loop
      vertex 2.73125 2.93497 12.0336
      vertex 2.77451 2.80966 12.065
      vertex 2.80908 2.87874 12.0134
    endloop
  endfacet
  facet normal 0.777528 0.196041 0.59751
    outer loop
      vertex 2.94252 2.75301 11.9447
      vertex 2.99585 2.68566 11.8974
      vertex 2.96996 2.80785 11.891
    endloop
  endfacet
  facet normal 0.840859 0.101295 0.531691
    outer loop
      vertex 2.99585 2.68566 11.8974
      vertex 3.03898 2.61685 11.8423
      vertex 3.02067 2.73525 11.8487
    endloop
  endfacet
  facet normal 0.652887 0.450404 0.608995
    outer loop
      vertex 2.84034 2.94119 11.9522
      vertex 2.90951 2.87689 11.9256
      vertex 2.86775 2.99597 11.8823
    endloop
  endfacet
  facet normal 0.315033 0.0528756 0.947607
    outer loop
      vertex 2.61605 2.70477 12.1605
      vertex 2.65708 2.57501 12.1541
      vertex 2.69785 2.65648 12.136
    endloop
  endfacet
  facet normal 0.31426 -0.225143 0.922253
    outer loop
      vertex 2.61559 2.49211 12.1602
      vertex 2.5741 2.40921 12.1541
      vertex 2.65735 2.37303 12.1169
    endloop
  endfacet
  facet normal 0.640398 0.702506 0.310444
    outer loop
      vertex 2.83499 3.14226 11.7315
      vertex 2.90923 3.07887 11.7218
      vertex 2.9226 3.10557 11.6338
    endloop
  endfacet
  facet normal 0.640435 0.702449 0.310498
    outer loop
      vertex 2.84883 3.16991 11.6404
      vertex 2.83499 3.14226 11.7315
      vertex 2.9226 3.10557 11.6338
    endloop
  endfacet
  facet normal -0.175701 -0.642761 0.745646
    outer loop
      vertex 2.23997 2.17063 12.0437
      vertex 2.20703 2.10481 11.9792
      vertex 2.29806 2.06937 11.9701
    endloop
  endfacet
  facet normal -0.176646 -0.642994 0.745221
    outer loop
      vertex 2.23997 2.17063 12.0437
      vertex 2.29806 2.06937 11.9701
      vertex 2.33044 2.13407 12.0336
    endloop
  endfacet
  facet normal -0.515598 -0.453975 0.726681
    outer loop
      vertex 1.95966 2.25881 11.9522
      vertex 2.03637 2.20034 11.9701
      vertex 1.99092 2.32127 12.0134
    endloop
  endfacet
  facet normal -0.258722 -0.226611 0.938994
    outer loop
      vertex 2.14317 2.41375 12.1296
      vertex 2.22796 2.36584 12.1414
      vertex 2.18395 2.49523 12.1605
    endloop
  endfacet
  facet normal -0.976479 -0.179761 -0.119056
    outer loop
      vertex 1.66221 2.51916 11.3422
      vertex 1.68197 2.4252 11.322
      vertex 1.65745 2.50965 11.3956
    endloop
  endfacet
  facet normal -0.895238 -0.210215 0.392884
    outer loop
      vertex 1.72016 2.50152 11.751
      vertex 1.73923 2.38461 11.7319
      vertex 1.75757 2.42126 11.7933
    endloop
  endfacet
  facet normal -0.737599 -0.359315 0.571699
    outer loop
      vertex 1.83004 2.39215 11.891
      vertex 1.86453 2.27123 11.8595
      vertex 1.89049 2.32311 11.9256
    endloop
  endfacet
  facet normal 0.146524 -0.28382 0.947617
    outer loop
      vertex 2.5741 2.40921 12.1541
      vertex 2.44564 2.36426 12.1605
      vertex 2.53333 2.32773 12.136
    endloop
  endfacet
  facet normal 0.0916374 -0.393522 0.914737
    outer loop
      vertex 2.44564 2.36426 12.1605
      vertex 2.49396 2.24906 12.1061
      vertex 2.53333 2.32773 12.136
    endloop
  endfacet
  facet normal 0.25945 -0.0589194 0.963958
    outer loop
      vertex 2.53085 2.53452 12.1856
      vertex 2.61559 2.49211 12.1602
      vertex 2.65708 2.57501 12.1541
    endloop
  endfacet
  facet normal 0.258722 0.226611 0.938994
    outer loop
      vertex 2.57204 2.83416 12.1414
      vertex 2.61605 2.70477 12.1605
      vertex 2.65683 2.78625 12.1296
    endloop
  endfacet
  facet normal 0.312983 0.334141 0.88904
    outer loop
      vertex 2.61133 2.91268 12.0981
      vertex 2.65683 2.78625 12.1296
      vertex 2.69545 2.86342 12.087
    endloop
  endfacet
  facet normal 0.312491 0.334019 0.889259
    outer loop
      vertex 2.57204 2.83416 12.1414
      vertex 2.65683 2.78625 12.1296
      vertex 2.61133 2.91268 12.0981
    endloop
  endfacet
  facet normal 0.0260274 0.343669 0.93873
    outer loop
      vertex 2.48431 2.87807 12.1414
      vertex 2.35436 2.83574 12.1605
      vertex 2.44282 2.79517 12.1729
    endloop
  endfacet
  facet normal -0.0924805 0.393195 0.914792
    outer loop
      vertex 2.30604 2.95094 12.1061
      vertex 2.35436 2.83574 12.1605
      vertex 2.39513 2.91722 12.1296
    endloop
  endfacet
  facet normal -0.0298409 0.231529 0.97237
    outer loop
      vertex 2.35436 2.83574 12.1605
      vertex 2.31212 2.75134 12.1793
      vertex 2.39985 2.70931 12.192
    endloop
  endfacet
  facet normal -0.0875145 0.116277 0.989354
    outer loop
      vertex 2.31212 2.75134 12.1793
      vertex 2.35613 2.62195 12.1984
      vertex 2.39985 2.70931 12.192
    endloop
  endfacet
  facet normal -0.0681253 0.716201 0.694561
    outer loop
      vertex 2.31622 3.1738 11.9256
      vertex 2.28662 3.11464 11.9837
      vertex 2.3779 3.09452 12.0134
    endloop
  endfacet
  facet normal -0.158493 0.53658 0.828832
    outer loop
      vertex 2.25388 3.04922 12.0325
      vertex 2.30604 2.95094 12.1061
      vertex 2.34333 3.02544 12.065
    endloop
  endfacet
  facet normal -0.191515 0.733874 0.651729
    outer loop
      vertex 2.22472 3.18081 11.891
      vertex 2.19728 3.12596 11.9447
      vertex 2.28662 3.11464 11.9837
    endloop
  endfacet
  facet normal -0.30917 0.739767 0.597627
    outer loop
      vertex 2.22472 3.18081 11.891
      vertex 2.1114 3.12828 11.8974
      vertex 2.19728 3.12596 11.9447
    endloop
  endfacet
  facet normal 0.217074 0.724741 0.653934
    outer loop
      vertex 2.53033 3.18736 11.8978
      vertex 2.50193 3.13063 11.9701
      vertex 2.62185 3.15291 11.9056
    endloop
  endfacet
  facet normal 0.401445 0.802068 0.442187
    outer loop
      vertex 2.66557 3.24027 11.7364
      vertex 2.73393 3.15765 11.8242
      vertex 2.7533 3.19636 11.7364
    endloop
  endfacet
  facet normal 0.401311 0.802074 0.442297
    outer loop
      vertex 2.73393 3.15765 11.8242
      vertex 2.66557 3.24027 11.7364
      vertex 2.64619 3.20155 11.8242
    endloop
  endfacet
  facet normal 0.362617 0.434625 0.824384
    outer loop
      vertex 2.64776 2.98547 12.0437
      vertex 2.61133 2.91268 12.0981
      vertex 2.73125 2.93497 12.0336
    endloop
  endfacet
  facet normal -0.0399358 0.49814 0.866177
    outer loop
      vertex 2.43375 2.99439 12.087
      vertex 2.30604 2.95094 12.1061
      vertex 2.39513 2.91722 12.1296
    endloop
  endfacet
  facet normal 0.0800529 0.450375 0.889243
    outer loop
      vertex 2.5236 2.95658 12.0981
      vertex 2.39513 2.91722 12.1296
      vertex 2.48431 2.87807 12.1414
    endloop
  endfacet
  facet normal -0.914187 -0.0551254 -0.401526
    outer loop
      vertex 1.73925 2.53966 11.1003
      vertex 1.72016 2.50152 11.149
      vertex 1.71047 2.6156 11.1554
    endloop
  endfacet
  facet normal -0.968494 0.128382 -0.213393
    outer loop
      vertex 1.68069 2.6657 11.2481
      vertex 1.6699 2.64414 11.2841
      vertex 1.6793 2.7468 11.3032
    endloop
  endfacet
  facet normal -0.960533 0.0149448 -0.277765
    outer loop
      vertex 1.69439 2.58347 11.1963
      vertex 1.68084 2.55639 11.2417
      vertex 1.68069 2.6657 11.2481
    endloop
  endfacet
  facet normal -0.973569 0.212622 -0.0833995
    outer loop
      vertex 1.66522 2.71866 11.3577
      vertex 1.66068 2.7096 11.3876
      vertex 1.67894 2.80282 11.4121
    endloop
  endfacet
  facet normal -0.967315 -0.161377 -0.1956
    outer loop
      vertex 1.67005 2.53483 11.2905
      vertex 1.68197 2.4252 11.322
      vertex 1.66221 2.51916 11.3422
    endloop
  endfacet
  facet normal -0.975154 -0.0142815 -0.221068
    outer loop
      vertex 1.6699 2.64414 11.2841
      vertex 1.67005 2.53483 11.2905
      vertex 1.66131 2.62698 11.3231
    endloop
  endfacet
  facet normal -0.898562 0.13853 -0.416409
    outer loop
      vertex 1.7491 2.69278 11.0891
      vertex 1.72881 2.65225 11.1194
      vertex 1.70809 2.72045 11.1868
    endloop
  endfacet
  facet normal -0.845854 0.243913 -0.474381
    outer loop
      vertex 1.76005 2.82426 11.1296
      vertex 1.77097 2.73649 11.065
      vertex 1.74166 2.78752 11.1435
    endloop
  endfacet
  facet normal -0.942325 -0.304835 -0.138199
    outer loop
      vertex 1.71402 2.33424 11.3041
      vertex 1.70758 2.32137 11.3764
      vertex 1.68197 2.4252 11.322
    endloop
  endfacet
  facet normal -0.931619 -0.28351 -0.227395
    outer loop
      vertex 1.72463 2.35544 11.2342
      vertex 1.71402 2.33424 11.3041
      vertex 1.68197 2.4252 11.322
    endloop
  endfacet
  facet normal -0.942388 -0.304737 -0.137983
    outer loop
      vertex 1.68197 2.4252 11.322
      vertex 1.70758 2.32137 11.3764
      vertex 1.67632 2.41392 11.3855
    endloop
  endfacet
  facet normal -0.947772 -0.315574 -0.046266
    outer loop
      vertex 1.67632 2.41392 11.3855
      vertex 1.70758 2.32137 11.3764
      vertex 1.67443 2.41014 11.45
    endloop
  endfacet
  facet normal -0.826743 -0.536567 -0.169089
    outer loop
      vertex 1.7578 2.24782 11.2886
      vertex 1.80489 2.15207 11.3622
      vertex 1.75068 2.23358 11.3686
    endloop
  endfacet
  facet normal -0.754288 -0.653757 -0.0604256
    outer loop
      vertex 1.80489 2.15207 11.3622
      vertex 1.86657 2.07279 11.45
      vertex 1.80232 2.14692 11.45
    endloop
  endfacet
  facet normal -0.813676 -0.510186 -0.278644
    outer loop
      vertex 1.76954 2.27126 11.2114
      vertex 1.82523 2.19271 11.1926
      vertex 1.7578 2.24782 11.2886
    endloop
  endfacet
  facet normal -0.88006 -0.40034 -0.255387
    outer loop
      vertex 1.76954 2.27126 11.2114
      vertex 1.7578 2.24782 11.2886
      vertex 1.72463 2.35544 11.2342
    endloop
  endfacet
  facet normal -0.111476 0.629435 0.769015
    outer loop
      vertex 2.28662 3.11464 11.9837
      vertex 2.25388 3.04922 12.0325
      vertex 2.3779 3.09452 12.0134
    endloop
  endfacet
  facet normal -0.0308693 0.792558 0.609015
    outer loop
      vertex 2.43657 3.21176 11.8823
      vertex 2.31622 3.1738 11.9256
      vertex 2.40916 3.15698 11.9522
    endloop
  endfacet
  facet normal 0.326224 0.943069 0.0647917
    outer loop
      vertex 2.59836 3.32329 11.45
      vertex 2.59554 3.31767 11.546
      vertex 2.69107 3.29122 11.45
    endloop
  endfacet
  facet normal 0.128253 0.833866 0.53686
    outer loop
      vertex 2.45967 3.25791 11.8051
      vertex 2.43657 3.21176 11.8823
      vertex 2.53033 3.18736 11.8978
    endloop
  endfacet
  facet normal 0.193011 0.962936 0.188418
    outer loop
      vertex 2.49953 3.33756 11.5427
      vertex 2.49142 3.32136 11.6338
      vertex 2.59554 3.31767 11.546
    endloop
  endfacet
  facet normal 0.00213079 0.858043 -0.513574
    outer loop
      vertex 2.45967 3.25791 11.0949
      vertex 2.43657 3.21176 11.0177
      vertex 2.36406 3.2694 11.1137
    endloop
  endfacet
  facet normal -0.124226 0.867605 0.481486
    outer loop
      vertex 2.26907 3.26943 11.7618
      vertex 2.24879 3.2289 11.8296
      vertex 2.34219 3.22568 11.8595
    endloop
  endfacet
  facet normal 0.200496 0.977659 0.0631233
    outer loop
      vertex 2.59836 3.32329 11.45
      vertex 2.50225 3.343 11.45
      vertex 2.59554 3.31767 11.546
    endloop
  endfacet
  facet normal -0.587584 0.759562 0.278945
    outer loop
      vertex 1.92703 3.15794 11.6159
      vertex 1.91625 3.13638 11.6519
      vertex 2.00383 3.20178 11.6583
    endloop
  endfacet
  facet normal -0.276953 0.80567 0.523634
    outer loop
      vertex 2.15799 3.22137 11.7933
      vertex 2.13622 3.17788 11.8487
      vertex 2.22472 3.18081 11.891
    endloop
  endfacet
  facet normal -0.48241 0.807753 0.338844
    outer loop
      vertex 2.0874 3.23533 11.6973
      vertex 2.00383 3.20178 11.6583
      vertex 2.07132 3.2032 11.751
    endloop
  endfacet
  facet normal -0.368377 0.842599 0.392842
    outer loop
      vertex 2.17632 3.25801 11.7319
      vertex 2.07132 3.2032 11.751
      vertex 2.15799 3.22137 11.7933
    endloop
  endfacet
  facet normal 0.303714 0.897883 -0.318692
    outer loop
      vertex 2.66557 3.24027 11.1636
      vertex 2.5733 3.27322 11.1685
      vertex 2.67965 3.26841 11.2563
    endloop
  endfacet
  facet normal -0.22465 0.90901 -0.351046
    outer loop
      vertex 2.26907 3.26943 11.1382
      vertex 2.19092 3.28719 11.2342
      vertex 2.28522 3.30169 11.2114
    endloop
  endfacet
  facet normal -0.441406 0.889376 -0.119043
    outer loop
      vertex 2.10951 3.27951 11.322
      vertex 2.02246 3.23901 11.3422
      vertex 2.02722 3.24852 11.3956
    endloop
  endfacet
  facet normal -0.702152 0.531235 -0.474102
    outer loop
      vertex 1.8906 2.97553 11.0475
      vertex 1.83689 2.97781 11.1296
      vertex 1.9137 3.02168 11.065
    endloop
  endfacet
  facet normal -0.871324 0.416976 -0.258699
    outer loop
      vertex 1.7649 2.91784 11.2089
      vertex 1.75081 2.8897 11.211
      vertex 1.74219 2.9292 11.3037
    endloop
  endfacet
  facet normal -0.696811 0.67143 -0.252264
    outer loop
      vertex 1.90344 3.1108 11.2154
      vertex 1.84119 3.07028 11.2795
      vertex 1.91625 3.13638 11.2481
    endloop
  endfacet
  facet normal -0.503694 0.764449 -0.40238
    outer loop
      vertex 2.07132 3.2032 11.149
      vertex 1.97419 3.14257 11.1554
      vertex 1.99028 3.1747 11.1963
    endloop
  endfacet
  facet normal -0.776351 0.606752 -0.170679
    outer loop
      vertex 1.85049 3.08888 11.3032
      vertex 1.78849 3.02173 11.3465
      vertex 1.79414 3.03301 11.3609
    endloop
  endfacet
  facet normal -0.683299 0.698598 -0.21228
    outer loop
      vertex 1.92703 3.15794 11.2841
      vertex 1.85049 3.08888 11.3032
      vertex 1.85833 3.10454 11.3295
    endloop
  endfacet
  facet normal 0.326316 0.943031 -0.0648935
    outer loop
      vertex 2.6882 3.28549 11.3523
      vertex 2.59554 3.31767 11.354
      vertex 2.69107 3.29122 11.45
    endloop
  endfacet
  facet normal -0.125698 0.869143 -0.47832
    outer loop
      vertex 2.36406 3.2694 11.1137
      vertex 2.26142 3.22847 11.0663
      vertex 2.2557 3.23133 11.073
    endloop
  endfacet
  facet normal -0.123768 0.867768 -0.481311
    outer loop
      vertex 2.26142 3.22847 11.0663
      vertex 2.36406 3.2694 11.1137
      vertex 2.34219 3.22568 11.0405
    endloop
  endfacet
  facet normal -0.727026 0.318804 -0.60811
    outer loop
      vertex 1.84233 2.87909 11.0333
      vertex 1.86686 2.79464 10.9597
      vertex 1.81799 2.83045 11.0369
    endloop
  endfacet
  facet normal -0.771065 0.523148 -0.363008
    outer loop
      vertex 1.85528 3.01456 11.1435
      vertex 1.83689 2.97781 11.1296
      vertex 1.80618 3.00034 11.2273
    endloop
  endfacet
  facet normal -0.674958 0.58556 -0.448944
    outer loop
      vertex 1.93557 3.0654 11.0891
      vertex 1.85528 3.01456 11.1435
      vertex 1.8727 3.04936 11.1627
    endloop
  endfacet
  facet normal -0.749999 0.565092 -0.343762
    outer loop
      vertex 1.85528 3.01456 11.1435
      vertex 1.81884 3.02563 11.2412
      vertex 1.8727 3.04936 11.1627
    endloop
  endfacet
  facet normal -0.557051 0.65806 0.506608
    outer loop
      vertex 2.03047 3.12156 11.8423
      vertex 1.93557 3.0654 11.8109
      vertex 2.0064 3.07347 11.8783
    endloop
  endfacet
  facet normal -0.313978 0.225266 0.922319
    outer loop
      vertex 2.14265 2.82697 12.1169
      vertex 2.10336 2.74846 12.1227
      vertex 2.18441 2.70789 12.1602
    endloop
  endfacet
  facet normal -0.14674 0.284469 0.947388
    outer loop
      vertex 2.35436 2.83574 12.1605
      vertex 2.2259 2.79079 12.1541
      vertex 2.31212 2.75134 12.1793
    endloop
  endfacet
  facet normal -0.368513 0.116316 0.922317
    outer loop
      vertex 2.10336 2.74846 12.1227
      vertex 2.06406 2.66994 12.1169
      vertex 2.18441 2.70789 12.1602
    endloop
  endfacet
  facet normal -0.464117 0.843594 0.270083
    outer loop
      vertex 2.01462 3.22334 11.6095
      vertex 2.00383 3.20178 11.6583
      vertex 2.10021 3.26092 11.6392
    endloop
  endfacet
  facet normal -0.605091 0.72463 0.329811
    outer loop
      vertex 1.91625 3.13638 11.6519
      vertex 1.90344 3.1108 11.6846
      vertex 1.97419 3.14257 11.7446
    endloop
  endfacet
  facet normal -0.649372 0.636434 0.416255
    outer loop
      vertex 1.95586 3.10592 11.7806
      vertex 1.88884 3.08162 11.7132
      vertex 1.93557 3.0654 11.8109
    endloop
  endfacet
  facet normal -0.528701 0.714506 0.45821
    outer loop
      vertex 1.97419 3.14257 11.7446
      vertex 1.95586 3.10592 11.7806
      vertex 2.03047 3.12156 11.8423
    endloop
  endfacet
  facet normal -0.750341 0.564595 0.343833
    outer loop
      vertex 1.81884 3.02563 11.6588
      vertex 1.80618 3.00034 11.6727
      vertex 1.85528 3.01456 11.7565
    endloop
  endfacet
  facet normal -0.776449 0.606459 0.171273
    outer loop
      vertex 1.85049 3.08888 11.5968
      vertex 1.78849 3.02173 11.5535
      vertex 1.84119 3.07028 11.6205
    endloop
  endfacet
  facet normal -0.654724 0.755453 0.025038
    outer loop
      vertex 1.87279 3.13343 11.45
      vertex 1.87186 3.13158 11.4815
      vertex 1.94565 3.19514 11.4933
    endloop
  endfacet
  facet normal -0.657657 0.74959 0.0748462
    outer loop
      vertex 1.94565 3.19514 11.4933
      vertex 1.86911 3.12608 11.5124
      vertex 1.94187 3.18757 11.5359
    endloop
  endfacet
  facet normal -0.79266 0.47962 0.376371
    outer loop
      vertex 1.79282 2.97364 11.6829
      vertex 1.77898 2.94598 11.689
      vertex 1.83689 2.97781 11.7704
    endloop
  endfacet
  facet normal -0.914187 -0.0551254 0.401526
    outer loop
      vertex 1.71047 2.6156 11.7446
      vertex 1.72016 2.50152 11.751
      vertex 1.73925 2.53966 11.7997
    endloop
  endfacet
  facet normal -0.967717 0.224302 0.114947
    outer loop
      vertex 1.68169 2.80832 11.506
      vertex 1.66522 2.71866 11.5423
      vertex 1.67146 2.73113 11.5705
    endloop
  endfacet
  facet normal -0.99386 -0.051997 0.0976608
    outer loop
      vertex 1.65128 2.60693 11.4933
      vertex 1.66221 2.51916 11.5578
      vertex 1.65507 2.6145 11.5359
    endloop
  endfacet
  facet normal -0.939071 0.338829 0.0577993
    outer loop
      vertex 1.71173 2.89695 11.4745
      vertex 1.68169 2.80832 11.506
      vertex 1.68548 2.81589 11.5232
    endloop
  endfacet
  facet normal -0.867259 0.482254 0.123663
    outer loop
      vertex 1.73914 2.95172 11.4953
      vertex 1.73642 2.94629 11.4974
      vertex 1.75914 2.96307 11.5913
    endloop
  endfacet
  facet normal -0.87502 0.466793 0.128233
    outer loop
      vertex 1.75914 2.96307 11.5913
      vertex 1.7336 2.94066 11.4986
      vertex 1.75074 2.94628 11.5951
    endloop
  endfacet
  facet normal -0.875446 0.465903 0.128565
    outer loop
      vertex 1.73642 2.94629 11.4974
      vertex 1.7336 2.94066 11.4986
      vertex 1.75914 2.96307 11.5913
    endloop
  endfacet
  facet normal -0.867966 0.480902 0.12397
    outer loop
      vertex 1.76725 2.97928 11.5852
      vertex 1.73914 2.95172 11.4953
      vertex 1.75914 2.96307 11.5913
    endloop
  endfacet
  facet normal -0.826234 0.507127 0.245275
    outer loop
      vertex 1.80618 3.00034 11.6727
      vertex 1.75914 2.96307 11.5913
      vertex 1.79282 2.97364 11.6829
    endloop
  endfacet
  facet normal -0.657648 0.749593 0.0748941
    outer loop
      vertex 1.87186 3.13158 11.4815
      vertex 1.86911 3.12608 11.5124
      vertex 1.94565 3.19514 11.4933
    endloop
  endfacet
  facet normal -0.0507609 -0.681934 -0.72965
    outer loop
      vertex 2.39084 2.04302 10.9478
      vertex 2.32652 2.07766 10.9199
      vertex 2.39182 2.04498 10.9459
    endloop
  endfacet
  facet normal -0.0549607 -0.686231 -0.725304
    outer loop
      vertex 2.32652 2.07766 10.9199
      vertex 2.39084 2.04302 10.9478
      vertex 2.29806 2.06937 10.9299
    endloop
  endfacet
  facet normal 0.0306509 -0.792494 -0.609109
    outer loop
      vertex 2.36343 1.98825 11.0177
      vertex 2.39849 2.04164 10.95
      vertex 2.45038 2.01567 10.9864
    endloop
  endfacet
  facet normal 0.0320191 -0.7928 -0.608641
    outer loop
      vertex 2.39849 2.04164 10.95
      vertex 2.36343 1.98825 11.0177
      vertex 2.39084 2.04302 10.9478
    endloop
  endfacet
  facet normal 0.967315 0.161377 -0.1956
    outer loop
      vertex 3.13779 2.68084 11.3422
      vertex 3.12995 2.66517 11.2905
      vertex 3.11803 2.7748 11.322
    endloop
  endfacet
  facet normal 0.33157 -0.915592 -0.227493
    outer loop
      vertex 2.69049 1.92049 11.322
      vertex 2.59846 1.89161 11.3041
      vertex 2.60907 1.91282 11.2342
    endloop
  endfacet
  facet normal -0.0945085 -0.765294 -0.636705
    outer loop
      vertex 2.39084 2.04302 10.9478
      vertex 2.36343 1.98825 11.0177
      vertex 2.29806 2.06937 10.9299
    endloop
  endfacet
  facet normal -0.093696 -0.765066 -0.637099
    outer loop
      vertex 2.36343 1.98825 11.0177
      vertex 2.26967 2.01264 11.0022
      vertex 2.29806 2.06937 10.9299
    endloop
  endfacet
  facet normal 0.202673 -0.172365 0.963957
    outer loop
      vertex 2.53085 2.53452 12.1856
      vertex 2.5741 2.40921 12.1541
      vertex 2.61559 2.49211 12.1602
    endloop
  endfacet
  facet normal 0.370374 -0.374788 0.849916
    outer loop
      vertex 2.65735 2.37303 12.1169
      vertex 2.61873 2.29586 12.0997
      vertex 2.73619 2.34073 12.0683
    endloop
  endfacet
  facet normal 0.0301736 -0.231413 0.972387
    outer loop
      vertex 2.40015 2.49069 12.192
      vertex 2.35718 2.40483 12.1729
      vertex 2.44564 2.36426 12.1605
    endloop
  endfacet
  facet normal -0.216907 -0.724993 0.65371
    outer loop
      vertex 2.20703 2.10481 11.9792
      vertex 2.17814 2.04709 11.9056
      vertex 2.29806 2.06937 11.9701
    endloop
  endfacet
  facet normal 0.111751 -0.629983 0.768527
    outer loop
      vertex 2.45667 2.17456 12.065
      vertex 2.4221 2.10548 12.0134
      vertex 2.54612 2.15078 12.0325
    endloop
  endfacet
  facet normal 0.158493 -0.53658 0.828832
    outer loop
      vertex 2.49396 2.24906 12.1061
      vertex 2.45667 2.17456 12.065
      vertex 2.54612 2.15078 12.0325
    endloop
  endfacet
  facet normal 0.0398201 -0.49787 0.866337
    outer loop
      vertex 2.49396 2.24906 12.1061
      vertex 2.36625 2.20561 12.087
      vertex 2.45667 2.17456 12.065
    endloop
  endfacet
  facet normal 0.921821 -0.0918508 0.376576
    outer loop
      vertex 3.08953 2.5844 11.7446
      vertex 3.09191 2.47955 11.7132
      vertex 3.1065 2.50872 11.6846
    endloop
  endfacet
  facet normal 0.859093 -0.346855 0.376366
    outer loop
      vertex 3.03995 2.37574 11.7704
      vertex 3.04919 2.3103 11.689
      vertex 3.06303 2.33796 11.6829
    endloop
  endfacet
  facet normal 0.27405 -0.566608 0.777079
    outer loop
      vertex 2.58144 2.22135 12.0715
      vertex 2.54612 2.15078 12.0325
      vertex 2.63308 2.13469 11.9901
    endloop
  endfacet
  facet normal 0.557051 -0.65806 0.506608
    outer loop
      vertex 2.7936 2.12653 11.8783
      vertex 2.76953 2.07844 11.8423
      vertex 2.86443 2.1346 11.8109
    endloop
  endfacet
  facet normal 0.429192 -0.500922 0.751579
    outer loop
      vertex 2.70039 2.26919 12.0524
      vertex 2.66582 2.20011 12.0261
      vertex 2.77691 2.24818 11.9947
    endloop
  endfacet
  facet normal 0.52988 -0.519537 0.670305
    outer loop
      vertex 2.77691 2.24818 11.9947
      vertex 2.74565 2.18572 11.971
      vertex 2.81957 2.17841 11.9069
    endloop
  endfacet
  facet normal 0.208335 -0.435679 0.87566
    outer loop
      vertex 2.61873 2.29586 12.0997
      vertex 2.49396 2.24906 12.1061
      vertex 2.58144 2.22135 12.0715
    endloop
  endfacet
  facet normal 0.157708 -0.536936 0.828751
    outer loop
      vertex 2.49396 2.24906 12.1061
      vertex 2.54612 2.15078 12.0325
      vertex 2.58144 2.22135 12.0715
    endloop
  endfacet
  facet normal 0.894813 0.210297 0.393809
    outer loop
      vertex 3.06077 2.81539 11.7319
      vertex 3.07984 2.69848 11.751
      vertex 3.09592 2.73062 11.6973
    endloop
  endfacet
  facet normal 0.915651 0.251776 0.313356
    outer loop
      vertex 3.06077 2.81539 11.7319
      vertex 3.09592 2.73062 11.6973
      vertex 3.07537 2.84456 11.6658
    endloop
  endfacet
  facet normal -0.747221 -0.63964 -0.180335
    outer loop
      vertex 1.8774 2.09443 11.2662
      vertex 1.86929 2.07822 11.3573
      vertex 1.80489 2.15207 11.3622
    endloop
  endfacet
  facet normal -0.654977 -0.731756 -0.188514
    outer loop
      vertex 1.8774 2.09443 11.2662
      vertex 1.94277 2.0133 11.354
      vertex 1.86929 2.07822 11.3573
    endloop
  endfacet
  facet normal -0.754287 -0.653758 0.0604268
    outer loop
      vertex 1.80489 2.15207 11.5378
      vertex 1.86657 2.07279 11.45
      vertex 1.86929 2.07822 11.5427
    endloop
  endfacet
  facet normal -0.833349 -0.549833 -0.056688
    outer loop
      vertex 1.75068 2.23358 11.3686
      vertex 1.80232 2.14692 11.45
      vertex 1.74829 2.22881 11.45
    endloop
  endfacet
  facet normal -0.839317 -0.318317 0.440706
    outer loop
      vertex 1.73923 2.38461 11.7319
      vertex 1.78568 2.30353 11.7618
      vertex 1.75757 2.42126 11.7933
    endloop
  endfacet
  facet normal -0.826743 -0.536567 0.169089
    outer loop
      vertex 1.75068 2.23358 11.5314
      vertex 1.80489 2.15207 11.5378
      vertex 1.7578 2.24782 11.6114
    endloop
  endfacet
  facet normal -0.438936 -0.877072 0.195139
    outer loop
      vertex 2.1118 1.91451 11.5477
      vertex 2.03261 1.9755 11.6437
      vertex 2.02406 1.95842 11.5477
    endloop
  endfacet
  facet normal -0.43898 -0.87706 0.195095
    outer loop
      vertex 2.03261 1.9755 11.6437
      vertex 2.1118 1.91451 11.5477
      vertex 2.12034 1.93159 11.6437
    endloop
  endfacet
  facet normal -0.401384 -0.802037 0.442297
    outer loop
      vertex 2.13443 1.95973 11.7364
      vertex 2.06607 2.04236 11.8242
      vertex 2.04669 2.00364 11.7364
    endloop
  endfacet
  facet normal -0.401429 -0.802035 0.442261
    outer loop
      vertex 2.06607 2.04236 11.8242
      vertex 2.13443 1.95973 11.7364
      vertex 2.1538 1.99845 11.8242
    endloop
  endfacet
  facet normal -0.514416 -0.736948 0.438502
    outer loop
      vertex 1.96501 2.05774 11.7315
      vertex 2.04669 2.00364 11.7364
      vertex 1.98405 2.0958 11.8178
    endloop
  endfacet
  facet normal -0.42383 -0.84679 0.321426
    outer loop
      vertex 2.12034 1.93159 11.6437
      vertex 2.04669 2.00364 11.7364
      vertex 2.03261 1.9755 11.6437
    endloop
  endfacet
  facet normal -0.423785 -0.846797 0.321467
    outer loop
      vertex 2.04669 2.00364 11.7364
      vertex 2.12034 1.93159 11.6437
      vertex 2.13443 1.95973 11.7364
    endloop
  endfacet
  facet normal 0.030842 -0.792607 0.608952
    outer loop
      vertex 2.39084 2.04302 11.9522
      vertex 2.36343 1.98825 11.8823
      vertex 2.48378 2.0262 11.9256
    endloop
  endfacet
  facet normal 0.0303906 -0.792041 0.60971
    outer loop
      vertex 2.48378 2.0262 11.9256
      vertex 2.36343 1.98825 11.8823
      vertex 2.45781 1.97432 11.8595
    endloop
  endfacet
  facet normal 0.0793793 -0.957105 0.278655
    outer loop
      vertex 2.51478 1.89831 11.6886
      vertex 2.41852 1.8958 11.7074
      vertex 2.50304 1.87486 11.6114
    endloop
  endfacet
  facet normal 0.0595282 -0.996615 0.0567082
    outer loop
      vertex 2.39818 1.85516 11.5378
      vertex 2.3956 1.85001 11.45
      vertex 2.49354 1.85586 11.45
    endloop
  endfacet
  facet normal -0.156792 -0.890396 0.42733
    outer loop
      vertex 2.24575 1.96484 11.8178
      vertex 2.32194 1.90535 11.7218
      vertex 2.34033 1.94209 11.8051
    endloop
  endfacet
  facet normal -0.252449 -0.795534 0.550814
    outer loop
      vertex 2.26967 2.01264 11.8978
      vertex 2.1538 1.99845 11.8242
      vertex 2.24575 1.96484 11.8178
    endloop
  endfacet
  facet normal -0.326224 -0.943069 -0.0647917
    outer loop
      vertex 2.20164 1.87671 11.45
      vertex 2.10893 1.90878 11.45
      vertex 2.20446 1.88233 11.354
    endloop
  endfacet
  facet normal 0.0594859 -0.99662 0.0566622
    outer loop
      vertex 2.49592 1.86063 11.5314
      vertex 2.39818 1.85516 11.5378
      vertex 2.49354 1.85586 11.45
    endloop
  endfacet
  facet normal -0.551741 -0.811263 -0.193477
    outer loop
      vertex 2.03261 1.9755 11.2563
      vertex 2.02406 1.95842 11.3523
      vertex 1.94277 2.0133 11.354
    endloop
  endfacet
  facet normal -0.438936 -0.877072 -0.195139
    outer loop
      vertex 2.03261 1.9755 11.2563
      vertex 2.1118 1.91451 11.3523
      vertex 2.02406 1.95842 11.3523
    endloop
  endfacet
  facet normal -0.43898 -0.87706 -0.195095
    outer loop
      vertex 2.1118 1.91451 11.3523
      vertex 2.03261 1.9755 11.2563
      vertex 2.12034 1.93159 11.2563
    endloop
  endfacet
  facet normal -0.894961 -0.209961 -0.393652
    outer loop
      vertex 1.73772 2.39386 11.1665
      vertex 1.70408 2.46938 11.2027
      vertex 1.72016 2.50152 11.149
    endloop
  endfacet
  facet normal -0.896037 -0.212197 -0.389988
    outer loop
      vertex 1.70408 2.46938 11.2027
      vertex 1.73772 2.39386 11.1665
      vertex 1.73645 2.39132 11.1708
    endloop
  endfacet
  facet normal -0.915732 -0.251779 -0.313116
    outer loop
      vertex 1.7291 2.37664 11.2041
      vertex 1.70408 2.46938 11.2027
      vertex 1.73645 2.39132 11.1708
    endloop
  endfacet
  facet normal -0.915671 -0.251765 -0.313305
    outer loop
      vertex 1.7291 2.37664 11.2041
      vertex 1.72463 2.35544 11.2342
      vertex 1.70408 2.46938 11.2027
    endloop
  endfacet
  facet normal -0.915995 -0.251106 -0.312888
    outer loop
      vertex 1.72463 2.35544 11.2342
      vertex 1.7291 2.37664 11.2041
      vertex 1.73401 2.37418 11.1917
    endloop
  endfacet
  facet normal -0.737975 -0.359479 -0.57111
    outer loop
      vertex 1.87959 2.30132 11.0021
      vertex 1.86453 2.27123 11.0405
      vertex 1.81389 2.3342 11.0663
    endloop
  endfacet
  facet normal -0.65147 -0.451768 -0.609501
    outer loop
      vertex 1.90208 2.29007 10.9864
      vertex 1.86453 2.27123 11.0405
      vertex 1.87959 2.30132 11.0021
    endloop
  endfacet
  facet normal -0.652264 -0.450482 -0.609604
    outer loop
      vertex 1.86453 2.27123 11.0405
      vertex 1.90208 2.29007 10.9864
      vertex 1.93225 2.20403 11.0177
    endloop
  endfacet
  facet normal -0.450351 -0.608151 -0.65371
    outer loop
      vertex 2.1193 2.14871 10.9208
      vertex 2.09041 2.09099 10.9944
      vertex 2.03637 2.20034 10.9299
    endloop
  endfacet
  facet normal -0.450086 -0.608136 -0.653907
    outer loop
      vertex 2.03637 2.20034 10.9299
      vertex 2.09041 2.09099 10.9944
      vertex 2.00798 2.14361 11.0022
    endloop
  endfacet
  facet normal -0.514416 -0.736948 -0.438502
    outer loop
      vertex 1.98405 2.0958 11.0822
      vertex 2.04669 2.00364 11.1636
      vertex 1.96501 2.05774 11.1685
    endloop
  endfacet
  facet normal -0.618686 -0.659299 -0.427262
    outer loop
      vertex 1.98405 2.0958 11.0822
      vertex 1.96501 2.05774 11.1685
      vertex 1.89076 2.12113 11.1782
    endloop
  endfacet
  facet normal -0.536641 -0.781324 -0.318669
    outer loop
      vertex 1.96501 2.05774 11.1685
      vertex 2.03261 1.9755 11.2563
      vertex 1.95117 2.03009 11.2596
    endloop
  endfacet
  facet normal -0.551677 -0.811327 -0.193393
    outer loop
      vertex 2.03261 1.9755 11.2563
      vertex 1.94277 2.0133 11.354
      vertex 1.95117 2.03009 11.2596
    endloop
  endfacet
  facet normal 0.43668 -0.89873 0.039938
    outer loop
      vertex 2.77278 1.95148 11.5044
      vertex 2.68484 1.9092 11.5145
      vertex 2.77119 1.94829 11.45
    endloop
  endfacet
  facet normal 0.320918 -0.936994 -0.138039
    outer loop
      vertex 2.68484 1.9092 11.3855
      vertex 2.59202 1.87875 11.3764
      vertex 2.69049 1.92049 11.322
    endloop
  endfacet
  facet normal 0.207083 -0.944404 -0.255377
    outer loop
      vertex 2.60907 1.91282 11.2342
      vertex 2.50304 1.87486 11.2886
      vertex 2.51478 1.89831 11.2114
    endloop
  endfacet
  facet normal 0.587584 -0.759562 -0.278945
    outer loop
      vertex 2.87297 2.04206 11.2841
      vertex 2.79617 1.99822 11.2417
      vertex 2.88375 2.06362 11.2481
    endloop
  endfacet
  facet normal -0.00211003 -0.857997 -0.513651
    outer loop
      vertex 2.43594 1.9306 11.1137
      vertex 2.34033 1.94209 11.0949
      vertex 2.36343 1.98825 11.0177
    endloop
  endfacet
  facet normal -0.00264847 -0.858175 -0.513351
    outer loop
      vertex 2.45781 1.97432 11.0405
      vertex 2.43594 1.9306 11.1137
      vertex 2.36343 1.98825 11.0177
    endloop
  endfacet
  facet normal -0.48538 -0.679001 -0.550786
    outer loop
      vertex 2.09041 2.09099 10.9944
      vertex 2.06607 2.04236 11.0758
      vertex 1.98405 2.0958 11.0822
    endloop
  endfacet
  facet normal -0.200367 -0.977677 -0.0632531
    outer loop
      vertex 2.29775 1.857 11.45
      vertex 2.20446 1.88233 11.354
      vertex 2.30047 1.86244 11.3573
    endloop
  endfacet
  facet normal -0.193011 -0.962936 -0.188418
    outer loop
      vertex 2.30047 1.86244 11.3573
      vertex 2.20446 1.88233 11.354
      vertex 2.30858 1.87864 11.2662
    endloop
  endfacet
  facet normal -0.303734 -0.897855 -0.318752
    outer loop
      vertex 2.21286 1.89912 11.2596
      vertex 2.12034 1.93159 11.2563
      vertex 2.2267 1.92678 11.1685
    endloop
  endfacet
  facet normal -0.17835 -0.933666 -0.310577
    outer loop
      vertex 2.30858 1.87864 11.2662
      vertex 2.21286 1.89912 11.2596
      vertex 2.2267 1.92678 11.1685
    endloop
  endfacet
  facet normal 0.69708 -0.670882 0.252977
    outer loop
      vertex 2.95881 2.12972 11.6205
      vertex 2.89656 2.08921 11.6846
      vertex 2.94951 2.11112 11.5968
    endloop
  endfacet
  facet normal 0.73026 -0.475087 -0.490931
    outer loop
      vertex 2.96311 2.22219 11.1296
      vertex 2.9094 2.22447 11.0475
      vertex 2.98215 2.26024 11.1211
    endloop
  endfacet
  facet normal 0.981132 0.189202 0.0397712
    outer loop
      vertex 3.12368 2.78608 11.5145
      vertex 3.14255 2.69035 11.5044
      vertex 3.14414 2.69354 11.45
    endloop
  endfacet
  facet normal 0.993851 0.0518726 0.0978284
    outer loop
      vertex 3.13779 2.68084 11.5578
      vertex 3.14872 2.59307 11.4933
      vertex 3.14255 2.69035 11.5044
    endloop
  endfacet
  facet normal 0.882477 -0.451864 0.130592
    outer loop
      vertex 3.05781 2.2708 11.5963
      vertex 3.0664 2.25934 11.4986
      vertex 3.06926 2.26507 11.4991
    endloop
  endfacet
  facet normal 0.997686 0.0595922 -0.0327443
    outer loop
      vertex 3.14999 2.5956 11.45
      vertex 3.14872 2.59307 11.4067
      vertex 3.14414 2.69354 11.45
    endloop
  endfacet
  facet normal 0.968494 -0.128382 -0.213393
    outer loop
      vertex 3.1301 2.55586 11.2841
      vertex 3.1207 2.4532 11.3032
      vertex 3.11931 2.5343 11.2481
    endloop
  endfacet
  facet normal 0.986219 0.0368062 -0.161301
    outer loop
      vertex 3.14493 2.5855 11.3641
      vertex 3.13869 2.57302 11.3231
      vertex 3.13779 2.68084 11.3422
    endloop
  endfacet
  facet normal 0.701448 0.0421779 0.711472
    outer loop
      vertex 2.91216 2.69235 11.9901
      vertex 2.93879 2.57166 11.971
      vertex 2.9684 2.63082 11.9383
    endloop
  endfacet
  facet normal 0.82955 -0.113695 0.546736
    outer loop
      vertex 3.01491 2.56875 11.8783
      vertex 2.98895 2.51687 11.9069
      vertex 3.0509 2.50723 11.8109
    endloop
  endfacet
  facet normal 0.368363 -0.842625 0.392801
    outer loop
      vertex 2.64201 1.97863 11.7933
      vertex 2.62367 1.94199 11.7319
      vertex 2.72868 1.9968 11.751
    endloop
  endfacet
  facet normal 0.154932 -0.806336 0.570805
    outer loop
      vertex 2.57528 2.01919 11.891
      vertex 2.45781 1.97432 11.8595
      vertex 2.55121 1.9711 11.8296
    endloop
  endfacet
  facet normal 0.386349 -0.585526 0.712667
    outer loop
      vertex 2.66582 2.20011 12.0261
      vertex 2.63308 2.13469 11.9901
      vertex 2.74565 2.18572 11.971
    endloop
  endfacet
  facet normal 0.30917 -0.739767 0.597627
    outer loop
      vertex 2.60272 2.07404 11.9447
      vertex 2.57528 2.01919 11.891
      vertex 2.6886 2.07172 11.8974
    endloop
  endfacet
  facet normal 0.189052 -0.980589 -0.052008
    outer loop
      vertex 2.58986 1.87443 11.45
      vertex 2.49354 1.85586 11.45
      vertex 2.59202 1.87875 11.3764
    endloop
  endfacet
  facet normal 0.702216 -0.530844 0.474444
    outer loop
      vertex 2.96311 2.22219 11.7704
      vertex 2.8863 2.17832 11.835
      vertex 2.94472 2.18544 11.7565
    endloop
  endfacet
  facet normal -0.050065 -0.953532 0.297103
    outer loop
      vertex 2.41852 1.8958 11.7074
      vertex 2.30858 1.87864 11.6338
      vertex 2.40586 1.87051 11.6241
    endloop
  endfacet
  facet normal -0.128148 -0.833842 0.536922
    outer loop
      vertex 2.26967 2.01264 11.8978
      vertex 2.34033 1.94209 11.8051
      vertex 2.36343 1.98825 11.8823
    endloop
  endfacet
  facet normal 0.050065 0.953532 -0.297103
    outer loop
      vertex 2.49142 3.32136 11.2662
      vertex 2.38148 3.3042 11.1926
      vertex 2.39414 3.32949 11.2759
    endloop
  endfacet
  facet normal 0.61879 0.659152 -0.427337
    outer loop
      vertex 2.90923 3.07887 11.1782
      vertex 2.89085 3.04212 11.0949
      vertex 2.81595 3.1042 11.0822
    endloop
  endfacet
  facet normal 0.551708 0.811318 -0.193342
    outer loop
      vertex 2.85723 3.1867 11.354
      vertex 2.76739 3.22451 11.2563
      vertex 2.77593 3.24158 11.3523
    endloop
  endfacet
  facet normal 0.536707 0.781279 -0.318665
    outer loop
      vertex 2.84883 3.16991 11.2596
      vertex 2.83499 3.14226 11.1685
      vertex 2.76739 3.22451 11.2563
    endloop
  endfacet
  facet normal -0.612622 0.353391 -0.706972
    outer loop
      vertex 1.9832 2.88438 10.8961
      vertex 1.92463 2.91008 10.9597
      vertex 1.98549 2.88895 10.8964
    endloop
  endfacet
  facet normal -0.610734 0.35711 -0.706736
    outer loop
      vertex 1.92463 2.91008 10.9597
      vertex 1.9832 2.88438 10.8961
      vertex 1.89574 2.85236 10.9555
    endloop
  endfacet
  facet normal -0.610747 0.358061 -0.706244
    outer loop
      vertex 1.9832 2.88438 10.8961
      vertex 1.95287 2.82377 10.8916
      vertex 1.89574 2.85236 10.9555
    endloop
  endfacet
  facet normal -0.493891 0.590589 -0.638182
    outer loop
      vertex 2.07576 3.06934 10.9642
      vertex 2.0064 3.07347 11.0217
      vertex 2.07782 3.07344 10.9664
    endloop
  endfacet
  facet normal -0.491129 0.596039 -0.63524
    outer loop
      vertex 2.0064 3.07347 11.0217
      vertex 2.07576 3.06934 10.9642
      vertex 1.98043 3.02159 10.9931
    endloop
  endfacet
  facet normal -0.655824 0.46098 -0.597823
    outer loop
      vertex 1.95302 2.96681 10.9723
      vertex 1.92463 2.91008 10.9597
      vertex 1.8906 2.97553 11.0475
    endloop
  endfacet
  facet normal 0.252465 0.795509 -0.550842
    outer loop
      vertex 2.64619 3.20155 11.0758
      vertex 2.62185 3.15291 10.9944
      vertex 2.55425 3.23516 11.0822
    endloop
  endfacet
  facet normal 0.590468 0.602569 -0.536896
    outer loop
      vertex 2.89085 3.04212 11.0949
      vertex 2.86775 2.99597 11.0177
      vertex 2.81595 3.1042 11.0822
    endloop
  endfacet
  facet normal 0.888556 0.00456943 -0.458746
    outer loop
      vertex 3.06075 2.66034 11.1003
      vertex 3.07119 2.54775 11.1194
      vertex 3.03898 2.61685 11.0577
    endloop
  endfacet
  facet normal 0.806047 0.0324233 -0.590963
    outer loop
      vertex 3.03898 2.61685 11.0577
      vertex 2.99736 2.67641 11.0042
      vertex 2.99926 2.68021 11.007
    endloop
  endfacet
  facet normal 0.807834 0.0360592 -0.588306
    outer loop
      vertex 2.99736 2.67641 11.0042
      vertex 3.03898 2.61685 11.0577
      vertex 3.01491 2.56875 11.0217
    endloop
  endfacet
  facet normal 0.931619 0.28351 -0.227395
    outer loop
      vertex 3.08598 2.86576 11.3041
      vertex 3.11803 2.7748 11.322
      vertex 3.07537 2.84456 11.2342
    endloop
  endfacet
  facet normal 0.826696 0.536637 -0.169097
    outer loop
      vertex 3.04932 2.96642 11.3686
      vertex 3.0422 2.95218 11.2886
      vertex 2.9951 3.04793 11.3622
    endloop
  endfacet
  facet normal 0.559245 0.826458 -0.0648962
    outer loop
      vertex 2.86005 3.19233 11.45
      vertex 2.85723 3.1867 11.354
      vertex 2.7788 3.24731 11.45
    endloop
  endfacet
  facet normal 0.559243 0.82646 -0.0648991
    outer loop
      vertex 2.7788 3.24731 11.45
      vertex 2.85723 3.1867 11.354
      vertex 2.77593 3.24158 11.3523
    endloop
  endfacet
  facet normal 0.747237 0.63964 0.180269
    outer loop
      vertex 2.9226 3.10557 11.6338
      vertex 2.98742 3.03258 11.6241
      vertex 2.9951 3.04793 11.5378
    endloop
  endfacet
  facet normal 0.754338 0.6537 0.0604249
    outer loop
      vertex 2.93071 3.12178 11.5427
      vertex 2.9951 3.04793 11.5378
      vertex 2.93343 3.12721 11.45
    endloop
  endfacet
  facet normal 0.89825 0.4364 -0.0519765
    outer loop
      vertex 3.09458 2.88295 11.45
      vertex 3.09242 2.87863 11.3764
      vertex 3.05171 2.97119 11.45
    endloop
  endfacet
  facet normal 0.947776 0.315552 0.0463367
    outer loop
      vertex 3.09242 2.87863 11.5236
      vertex 3.12557 2.78987 11.45
      vertex 3.09458 2.88295 11.45
    endloop
  endfacet
  facet normal 0.89825 0.4364 0.0519765
    outer loop
      vertex 3.05171 2.97119 11.45
      vertex 3.09242 2.87863 11.5236
      vertex 3.09458 2.88295 11.45
    endloop
  endfacet
  facet normal 0.82674 0.536596 0.169016
    outer loop
      vertex 2.98742 3.03258 11.6241
      vertex 3.0422 2.95218 11.6114
      vertex 2.9951 3.04793 11.5378
    endloop
  endfacet
  facet normal 0.555884 0.534359 -0.636752
    outer loop
      vertex 2.86775 2.99597 11.0177
      vertex 2.84034 2.94119 10.9478
      vertex 2.76363 2.99966 10.9299
    endloop
  endfacet
  facet normal 0.76903 0.420778 -0.481185
    outer loop
      vertex 2.99183 2.86293 11.073
      vertex 2.93547 2.92877 11.0405
      vertex 2.95735 2.97249 11.1137
    endloop
  endfacet
  facet normal 0.770317 0.424544 -0.475787
    outer loop
      vertex 2.93547 2.92877 11.0405
      vertex 2.99183 2.86293 11.073
      vertex 2.98611 2.8658 11.0663
    endloop
  endfacet
  facet normal 0.747272 0.639583 -0.180329
    outer loop
      vertex 2.93071 3.12178 11.3573
      vertex 2.9951 3.04793 11.3622
      vertex 2.9226 3.10557 11.2662
    endloop
  endfacet
  facet normal 0.640435 0.702449 -0.310498
    outer loop
      vertex 2.9226 3.10557 11.2662
      vertex 2.83499 3.14226 11.1685
      vertex 2.84883 3.16991 11.2596
    endloop
  endfacet
  facet normal 0.514466 0.736963 0.438417
    outer loop
      vertex 2.73393 3.15765 11.8242
      vertex 2.81595 3.1042 11.8178
      vertex 2.7533 3.19636 11.7364
    endloop
  endfacet
  facet normal 0.336415 0.67237 0.659351
    outer loop
      vertex 2.62185 3.15291 11.9056
      vertex 2.6807 3.05129 11.9792
      vertex 2.70959 3.10901 11.9056
    endloop
  endfacet
  facet normal 0.336456 0.672375 0.659325
    outer loop
      vertex 2.6807 3.05129 11.9792
      vertex 2.62185 3.15291 11.9056
      vertex 2.59297 3.09519 11.9792
    endloop
  endfacet
  facet normal 0.372047 0.743586 0.555573
    outer loop
      vertex 2.64619 3.20155 11.8242
      vertex 2.70959 3.10901 11.9056
      vertex 2.73393 3.15765 11.8242
    endloop
  endfacet
  facet normal 0.372047 0.743586 0.555573
    outer loop
      vertex 2.70959 3.10901 11.9056
      vertex 2.64619 3.20155 11.8242
      vertex 2.62185 3.15291 11.9056
    endloop
  endfacet
  facet normal 0.555884 0.534359 0.636752
    outer loop
      vertex 2.76363 2.99966 11.9701
      vertex 2.84034 2.94119 11.9522
      vertex 2.86775 2.99597 11.8823
    endloop
  endfacet
  facet normal 0.485397 0.678885 0.550913
    outer loop
      vertex 2.73393 3.15765 11.8242
      vertex 2.79202 3.05639 11.8978
      vertex 2.81595 3.1042 11.8178
    endloop
  endfacet
  facet normal 0.685358 0.516492 0.513342
    outer loop
      vertex 2.86775 2.99597 11.8823
      vertex 2.93547 2.92877 11.8595
      vertex 2.95735 2.97249 11.7863
    endloop
  endfacet
  facet normal 0.652233 0.450424 0.609681
    outer loop
      vertex 2.86775 2.99597 11.8823
      vertex 2.90951 2.87689 11.9256
      vertex 2.93547 2.92877 11.8595
    endloop
  endfacet
  facet normal 0.485494 0.678882 0.550832
    outer loop
      vertex 2.70959 3.10901 11.9056
      vertex 2.79202 3.05639 11.8978
      vertex 2.73393 3.15765 11.8242
    endloop
  endfacet
  facet normal 0.61879 0.659152 0.427337
    outer loop
      vertex 2.81595 3.1042 11.8178
      vertex 2.89085 3.04212 11.8051
      vertex 2.90923 3.07887 11.7218
    endloop
  endfacet
  facet normal 0.590504 0.602635 0.536784
    outer loop
      vertex 2.81595 3.1042 11.8178
      vertex 2.79202 3.05639 11.8978
      vertex 2.89085 3.04212 11.8051
    endloop
  endfacet
  facet normal 0.559243 0.82646 0.0648991
    outer loop
      vertex 2.77593 3.24158 11.5477
      vertex 2.85723 3.1867 11.546
      vertex 2.7788 3.24731 11.45
    endloop
  endfacet
  facet normal 0.892211 0.424193 0.154982
    outer loop
      vertex 3.0422 2.95218 11.6114
      vertex 3.08598 2.86576 11.5959
      vertex 3.09242 2.87863 11.5236
    endloop
  endfacet
  facet normal 0.892193 0.424253 0.154922
    outer loop
      vertex 3.0422 2.95218 11.6114
      vertex 3.09242 2.87863 11.5236
      vertex 3.04932 2.96642 11.5314
    endloop
  endfacet
  facet normal 0.869866 0.159424 0.466816
    outer loop
      vertex 3.02067 2.73525 11.8487
      vertex 3.07984 2.69848 11.751
      vertex 3.04243 2.77874 11.7933
    endloop
  endfacet
  facet normal 0.738255 0.359286 0.57087
    outer loop
      vertex 2.93547 2.92877 11.8595
      vertex 2.96996 2.80785 11.891
      vertex 2.99403 2.85595 11.8296
    endloop
  endfacet
  facet normal 0.618075 0.118343 0.777161
    outer loop
      vertex 2.81184 2.68174 12.0715
      vertex 2.87942 2.62693 12.0261
      vertex 2.91216 2.69235 11.9901
    endloop
  endfacet
  facet normal 0.61412 0.374748 0.694565
    outer loop
      vertex 2.80908 2.87874 12.0134
      vertex 2.8799 2.81773 11.9837
      vertex 2.90951 2.87689 11.9256
    endloop
  endfacet
  facet normal 0.474914 0.0948555 0.874905
    outer loop
      vertex 2.69785 2.65648 12.136
      vertex 2.77456 2.60723 12.0997
      vertex 2.73722 2.73515 12.1061
    endloop
  endfacet
  facet normal 0.520458 -0.318175 0.792394
    outer loop
      vertex 2.77262 2.41352 12.0736
      vertex 2.73619 2.34073 12.0683
      vertex 2.84222 2.37869 12.0139
    endloop
  endfacet
  facet normal 0.471741 -0.172196 0.864759
    outer loop
      vertex 2.73593 2.53006 12.1169
      vertex 2.69664 2.45155 12.1227
      vertex 2.80905 2.48631 12.0683
    endloop
  endfacet
  facet normal 0.762096 -0.248702 0.597793
    outer loop
      vertex 2.93314 2.40536 11.9403
      vertex 2.98201 2.36955 11.8631
      vertex 2.96154 2.4621 11.9277
    endloop
  endfacet
  facet normal 0.521945 -0.0718367 0.849949
    outer loop
      vertex 2.73593 2.53006 12.1169
      vertex 2.80905 2.48631 12.0683
      vertex 2.77456 2.60723 12.0997
    endloop
  endfacet
  facet normal 0.733507 -0.112655 0.670281
    outer loop
      vertex 2.93879 2.57166 11.971
      vertex 2.90754 2.5092 11.9947
      vertex 2.98895 2.51687 11.9069
    endloop
  endfacet
  facet normal -0.145486 0.000216336 0.98936
    outer loop
      vertex 2.26915 2.66548 12.1856
      vertex 2.22618 2.57962 12.1793
      vertex 2.35613 2.62195 12.1984
    endloop
  endfacet
  facet normal -0.372168 -0.743573 0.55551
    outer loop
      vertex 2.1538 1.99845 11.8242
      vertex 2.09041 2.09099 11.9056
      vertex 2.06607 2.04236 11.8242
    endloop
  endfacet
  facet normal -0.372081 -0.743569 0.555573
    outer loop
      vertex 2.09041 2.09099 11.9056
      vertex 2.1538 1.99845 11.8242
      vertex 2.17814 2.04709 11.9056
    endloop
  endfacet
  facet normal -0.777528 -0.196041 0.59751
    outer loop
      vertex 1.80415 2.51434 11.8974
      vertex 1.83004 2.39215 11.891
      vertex 1.85748 2.44699 11.9447
    endloop
  endfacet
  facet normal -0.590504 -0.602635 0.536784
    outer loop
      vertex 1.90915 2.15788 11.8051
      vertex 1.98405 2.0958 11.8178
      vertex 2.00798 2.14361 11.8978
    endloop
  endfacet
  facet normal -0.892193 -0.424253 0.154922
    outer loop
      vertex 1.70758 2.32137 11.5236
      vertex 1.75068 2.23358 11.5314
      vertex 1.7578 2.24782 11.6114
    endloop
  endfacet
  facet normal -0.618778 -0.659125 0.427397
    outer loop
      vertex 1.90915 2.15788 11.8051
      vertex 1.89076 2.12113 11.7218
      vertex 1.98405 2.0958 11.8178
    endloop
  endfacet
  facet normal -0.871324 0.416976 0.258699
    outer loop
      vertex 1.74219 2.9292 11.5963
      vertex 1.75081 2.8897 11.689
      vertex 1.7649 2.91784 11.6911
    endloop
  endfacet
  facet normal -0.856309 0.44685 0.258959
    outer loop
      vertex 1.75074 2.94628 11.5951
      vertex 1.74219 2.9292 11.5963
      vertex 1.77898 2.94598 11.689
    endloop
  endfacet
  facet normal -0.144 -0.287704 0.946832
    outer loop
      vertex 2.26945 2.44874 12.1729
      vertex 2.31569 2.32193 12.1414
      vertex 2.35718 2.40483 12.1729
    endloop
  endfacet
  facet normal -0.144 -0.287704 0.946832
    outer loop
      vertex 2.31569 2.32193 12.1414
      vertex 2.26945 2.44874 12.1729
      vertex 2.22796 2.36584 12.1414
    endloop
  endfacet
  facet normal 0.261314 -0.332086 0.90633
    outer loop
      vertex 2.5741 2.40921 12.1541
      vertex 2.53333 2.32773 12.136
      vertex 2.61873 2.29586 12.0997
    endloop
  endfacet
  facet normal 0.0873787 -0.116325 0.98936
    outer loop
      vertex 2.44387 2.57805 12.1984
      vertex 2.48788 2.44866 12.1793
      vertex 2.53085 2.53452 12.1856
    endloop
  endfacet
  facet normal 0.259481 0.22683 0.938732
    outer loop
      vertex 2.53055 2.75126 12.1729
      vertex 2.61605 2.70477 12.1605
      vertex 2.57204 2.83416 12.1414
    endloop
  endfacet
  facet normal 0.259516 -0.0591504 0.963926
    outer loop
      vertex 2.57382 2.62038 12.1793
      vertex 2.53085 2.53452 12.1856
      vertex 2.65708 2.57501 12.1541
    endloop
  endfacet
  facet normal 0.0798723 0.450804 0.889042
    outer loop
      vertex 2.43375 2.99439 12.087
      vertex 2.39513 2.91722 12.1296
      vertex 2.5236 2.95658 12.0981
    endloop
  endfacet
  facet normal 0.129809 0.550563 0.824639
    outer loop
      vertex 2.46956 3.06593 12.0336
      vertex 2.43375 2.99439 12.087
      vertex 2.5236 2.95658 12.0981
    endloop
  endfacet
  facet normal -0.111751 0.629983 0.768527
    outer loop
      vertex 2.3779 3.09452 12.0134
      vertex 2.25388 3.04922 12.0325
      vertex 2.34333 3.02544 12.065
    endloop
  endfacet
  facet normal 0.00875936 0.5956 0.803234
    outer loop
      vertex 2.3779 3.09452 12.0134
      vertex 2.34333 3.02544 12.065
      vertex 2.46956 3.06593 12.0336
    endloop
  endfacet
  facet normal 0.450351 0.608151 0.65371
    outer loop
      vertex 2.6807 3.05129 11.9792
      vertex 2.76363 2.99966 11.9701
      vertex 2.70959 3.10901 11.9056
    endloop
  endfacet
  facet normal -0.91377 -0.055036 -0.402487
    outer loop
      vertex 1.71047 2.6156 11.1554
      vertex 1.72016 2.50152 11.149
      vertex 1.69439 2.58347 11.1963
    endloop
  endfacet
  facet normal -0.935802 -0.098988 -0.338342
    outer loop
      vertex 1.69439 2.58347 11.1963
      vertex 1.72016 2.50152 11.149
      vertex 1.68084 2.55639 11.2417
    endloop
  endfacet
  facet normal -0.968738 0.128217 -0.212386
    outer loop
      vertex 1.6793 2.7468 11.3032
      vertex 1.6699 2.64414 11.2841
      vertex 1.67146 2.73113 11.3295
    endloop
  endfacet
  facet normal -0.979734 0.106203 -0.169829
    outer loop
      vertex 1.67146 2.73113 11.3295
      vertex 1.6699 2.64414 11.2841
      vertex 1.66522 2.71866 11.3577
    endloop
  endfacet
  facet normal -0.986322 -0.0366994 -0.160693
    outer loop
      vertex 1.67005 2.53483 11.2905
      vertex 1.66221 2.51916 11.3422
      vertex 1.66131 2.62698 11.3231
    endloop
  endfacet
  facet normal -0.986219 -0.0368062 -0.161301
    outer loop
      vertex 1.66131 2.62698 11.3231
      vertex 1.66221 2.51916 11.3422
      vertex 1.65507 2.6145 11.3641
    endloop
  endfacet
  facet normal -0.817622 0.300133 -0.491339
    outer loop
      vertex 1.81799 2.83045 11.0369
      vertex 1.79407 2.78264 11.0475
      vertex 1.77909 2.86232 11.1211
    endloop
  endfacet
  facet normal -0.846059 0.2437 -0.474126
    outer loop
      vertex 1.79407 2.78264 11.0475
      vertex 1.77097 2.73649 11.065
      vertex 1.76005 2.82426 11.1296
    endloop
  endfacet
  facet normal -0.796692 0.179544 -0.577101
    outer loop
      vertex 1.83846 2.7379 10.9723
      vertex 1.81105 2.68313 10.9931
      vertex 1.79407 2.78264 11.0475
    endloop
  endfacet
  facet normal -0.873189 0.18931 -0.449113
    outer loop
      vertex 1.74166 2.78752 11.1435
      vertex 1.7491 2.69278 11.0891
      vertex 1.72424 2.75272 11.1627
    endloop
  endfacet
  facet normal -0.901821 0.261732 -0.343825
    outer loop
      vertex 1.74166 2.78752 11.1435
      vertex 1.72424 2.75272 11.1627
      vertex 1.71095 2.81005 11.2412
    endloop
  endfacet
  facet normal -0.829557 0.11361 -0.546743
    outer loop
      vertex 1.81105 2.68313 10.9931
      vertex 1.7491 2.69278 11.0891
      vertex 1.77097 2.73649 11.065
    endloop
  endfacet
  facet normal -0.91482 0.329957 -0.232878
    outer loop
      vertex 1.72361 2.83534 11.2273
      vertex 1.71095 2.81005 11.2412
      vertex 1.71713 2.87913 11.3148
    endloop
  endfacet
  facet normal -0.886635 0.386246 -0.254347
    outer loop
      vertex 1.75081 2.8897 11.211
      vertex 1.72524 2.89534 11.3087
      vertex 1.73364 2.91212 11.3049
    endloop
  endfacet
  facet normal -0.154466 0.805766 0.571735
    outer loop
      vertex 2.34219 3.22568 11.8595
      vertex 2.22472 3.18081 11.891
      vertex 2.31622 3.1738 11.9256
    endloop
  endfacet
  facet normal -0.0304677 0.792054 0.60969
    outer loop
      vertex 2.34219 3.22568 11.8595
      vertex 2.31622 3.1738 11.9256
      vertex 2.43657 3.21176 11.8823
    endloop
  endfacet
  facet normal 0.15683 0.890402 0.427304
    outer loop
      vertex 2.47806 3.29465 11.7218
      vertex 2.55425 3.23516 11.8178
      vertex 2.5733 3.27322 11.7315
    endloop
  endfacet
  facet normal 0.281483 0.8535 0.438527
    outer loop
      vertex 2.66557 3.24027 11.7364
      vertex 2.55425 3.23516 11.8178
      vertex 2.64619 3.20155 11.8242
    endloop
  endfacet
  facet normal 0.318702 0.927899 -0.193473
    outer loop
      vertex 2.6882 3.28549 11.3523
      vertex 2.67965 3.26841 11.2563
      vertex 2.59554 3.31767 11.354
    endloop
  endfacet
  facet normal 0.128524 0.833927 0.5367
    outer loop
      vertex 2.45967 3.25791 11.8051
      vertex 2.53033 3.18736 11.8978
      vertex 2.55425 3.23516 11.8178
    endloop
  endfacet
  facet normal -0.189009 0.980601 0.0519364
    outer loop
      vertex 2.30646 3.34414 11.45
      vertex 2.20798 3.32126 11.5236
      vertex 2.30408 3.33937 11.5314
    endloop
  endfacet
  facet normal -0.573074 0.789142 -0.221
    outer loop
      vertex 2.01462 3.22334 11.2905
      vertex 1.92703 3.15794 11.2841
      vertex 1.93562 3.1751 11.3231
    endloop
  endfacet
  facet normal -0.22465 0.90901 0.351046
    outer loop
      vertex 2.28522 3.30169 11.6886
      vertex 2.19092 3.28719 11.6658
      vertex 2.26907 3.26943 11.7618
    endloop
  endfacet
  facet normal -0.207233 0.944482 0.254967
    outer loop
      vertex 2.20154 3.30839 11.5959
      vertex 2.19092 3.28719 11.6658
      vertex 2.29695 3.32514 11.6114
    endloop
  endfacet
  facet normal -0.422704 0.733157 0.532731
    outer loop
      vertex 2.05223 3.16506 11.7997
      vertex 2.03047 3.12156 11.8423
      vertex 2.13622 3.17788 11.8487
    endloop
  endfacet
  facet normal -0.422951 0.733735 0.531738
    outer loop
      vertex 2.13622 3.17788 11.8487
      vertex 2.03047 3.12156 11.8423
      vertex 2.1114 3.12828 11.8974
    endloop
  endfacet
  facet normal -0.450475 0.870983 0.196114
    outer loop
      vertex 2.10951 3.27951 11.578
      vertex 2.01462 3.22334 11.6095
      vertex 2.10021 3.26092 11.6392
    endloop
  endfacet
  facet normal -0.441406 0.889376 0.119043
    outer loop
      vertex 2.02722 3.24852 11.5044
      vertex 2.02246 3.23901 11.5578
      vertex 2.10951 3.27951 11.578
    endloop
  endfacet
  facet normal 0.15683 0.890402 -0.427304
    outer loop
      vertex 2.5733 3.27322 11.1685
      vertex 2.55425 3.23516 11.0822
      vertex 2.47806 3.29465 11.1782
    endloop
  endfacet
  facet normal 0.12847 0.833812 -0.536892
    outer loop
      vertex 2.55425 3.23516 11.0822
      vertex 2.43657 3.21176 11.0177
      vertex 2.45967 3.25791 11.0949
    endloop
  endfacet
  facet normal -0.0307095 0.792451 -0.609161
    outer loop
      vertex 2.43657 3.21176 11.0177
      vertex 2.40151 3.15836 10.95
      vertex 2.34962 3.18433 10.9864
    endloop
  endfacet
  facet normal -0.0320464 0.79275 -0.608704
    outer loop
      vertex 2.40151 3.15836 10.95
      vertex 2.43657 3.21176 11.0177
      vertex 2.40916 3.15698 10.9478
    endloop
  endfacet
  facet normal -0.0713785 0.714256 -0.696236
    outer loop
      vertex 2.40916 3.15698 10.9478
      vertex 2.40818 3.15503 10.9459
      vertex 2.40151 3.15836 10.95
    endloop
  endfacet
  facet normal -0.828173 0.560405 -0.00868769
    outer loop
      vertex 1.80767 3.06005 11.45
      vertex 1.7525 2.97842 11.4436
      vertex 1.75269 2.9788 11.45
    endloop
  endfacet
  facet normal -0.730662 0.60373 -0.318815
    outer loop
      vertex 1.8727 3.04936 11.1627
      vertex 1.81884 3.02563 11.2412
      vertex 1.88884 3.08162 11.1868
    endloop
  endfacet
  facet normal -0.945016 0.326897 0.0091564
    outer loop
      vertex 1.70878 2.89107 11.45
      vertex 1.67671 2.79836 11.45
      vertex 1.70897 2.89144 11.4564
    endloop
  endfacet
  facet normal -0.86794 0.480925 -0.124065
    outer loop
      vertex 1.75914 2.96307 11.3087
      vertex 1.73642 2.94629 11.4026
      vertex 1.76725 2.97928 11.3148
    endloop
  endfacet
  facet normal -0.826638 0.506133 -0.245964
    outer loop
      vertex 1.80618 3.00034 11.2273
      vertex 1.75914 2.96307 11.3087
      vertex 1.76725 2.97928 11.3148
    endloop
  endfacet
  facet normal -0.826234 0.507127 -0.245275
    outer loop
      vertex 1.79282 2.97364 11.2171
      vertex 1.75914 2.96307 11.3087
      vertex 1.80618 3.00034 11.2273
    endloop
  endfacet
  facet normal -0.812402 0.534621 -0.232774
    outer loop
      vertex 1.80618 3.00034 11.2273
      vertex 1.76725 2.97928 11.3148
      vertex 1.81884 3.02563 11.2412
    endloop
  endfacet
  facet normal -0.912593 0.391729 -0.117138
    outer loop
      vertex 1.71713 2.87913 11.3148
      vertex 1.70945 2.86378 11.3233
      vertex 1.72234 2.91815 11.4047
    endloop
  endfacet
  facet normal -0.954963 0.155379 -0.252789
    outer loop
      vertex 1.6886 2.7654 11.2795
      vertex 1.68069 2.6657 11.2481
      vertex 1.6793 2.7468 11.3032
    endloop
  endfacet
  facet normal -0.74984 0.659675 -0.0506846
    outer loop
      vertex 1.86911 3.12608 11.3876
      vertex 1.80544 3.05559 11.4121
      vertex 1.87186 3.13158 11.4185
    endloop
  endfacet
  facet normal -0.683282 0.698226 -0.213555
    outer loop
      vertex 1.91625 3.13638 11.2481
      vertex 1.85049 3.08888 11.3032
      vertex 1.92703 3.15794 11.2841
    endloop
  endfacet
  facet normal -0.649676 0.636068 -0.41634
    outer loop
      vertex 1.93557 3.0654 11.0891
      vertex 1.8727 3.04936 11.1627
      vertex 1.88884 3.08162 11.1868
    endloop
  endfacet
  facet normal -0.812228 0.535057 -0.232377
    outer loop
      vertex 1.81884 3.02563 11.2412
      vertex 1.76725 2.97928 11.3148
      vertex 1.77493 2.99463 11.3233
    endloop
  endfacet
  facet normal -0.436644 0.89875 0.0398763
    outer loop
      vertex 2.11705 3.29458 11.45
      vertex 2.02881 3.25171 11.45
      vertex 2.11516 3.2908 11.5145
    endloop
  endfacet
  facet normal -0.587726 0.759862 -0.277827
    outer loop
      vertex 1.99028 3.1747 11.1963
      vertex 1.91625 3.13638 11.2481
      vertex 2.00383 3.20178 11.2417
    endloop
  endfacet
  facet normal -0.690983 0.390863 -0.608086
    outer loop
      vertex 1.92463 2.91008 10.9597
      vertex 1.84233 2.87909 11.0333
      vertex 1.86667 2.92772 11.0369
    endloop
  endfacet
  facet normal -0.759168 0.416973 -0.499797
    outer loop
      vertex 1.86667 2.92772 11.0369
      vertex 1.84233 2.87909 11.0333
      vertex 1.81785 2.93976 11.1211
    endloop
  endfacet
  facet normal -0.792261 0.480467 -0.37613
    outer loop
      vertex 1.83689 2.97781 11.1296
      vertex 1.81785 2.93976 11.1211
      vertex 1.79282 2.97364 11.2171
    endloop
  endfacet
  facet normal -0.770372 0.524158 -0.363023
    outer loop
      vertex 1.83689 2.97781 11.1296
      vertex 1.79282 2.97364 11.2171
      vertex 1.80618 3.00034 11.2273
    endloop
  endfacet
  facet normal -0.730663 0.603725 -0.318821
    outer loop
      vertex 1.88884 3.08162 11.1868
      vertex 1.81884 3.02563 11.2412
      vertex 1.83058 3.04908 11.2587
    endloop
  endfacet
  facet normal -0.712931 0.639244 -0.288264
    outer loop
      vertex 1.88884 3.08162 11.1868
      vertex 1.84119 3.07028 11.2795
      vertex 1.90344 3.1108 11.2154
    endloop
  endfacet
  facet normal -0.27405 0.566608 0.777079
    outer loop
      vertex 2.16692 3.06531 11.9901
      vertex 2.21856 2.97865 12.0715
      vertex 2.25388 3.04922 12.0325
    endloop
  endfacet
  facet normal -0.231268 0.654557 0.719771
    outer loop
      vertex 2.19728 3.12596 11.9447
      vertex 2.16692 3.06531 11.9901
      vertex 2.28662 3.11464 11.9837
    endloop
  endfacet
  facet normal -0.202907 0.172276 0.963924
    outer loop
      vertex 2.2259 2.79079 12.1541
      vertex 2.26915 2.66548 12.1856
      vertex 2.31212 2.75134 12.1793
    endloop
  endfacet
  facet normal -0.473621 -0.0944406 0.875651
    outer loop
      vertex 1.98816 2.51826 12.0715
      vertex 2.06278 2.46485 12.1061
      vertex 2.02544 2.59277 12.0997
    endloop
  endfacet
  facet normal -0.225179 0.908733 0.351425
    outer loop
      vertex 2.19092 3.28719 11.6658
      vertex 2.17632 3.25801 11.7319
      vertex 2.26907 3.26943 11.7618
    endloop
  endfacet
  facet normal -0.572906 0.789008 0.221913
    outer loop
      vertex 2.01462 3.22334 11.6095
      vertex 1.92703 3.15794 11.6159
      vertex 2.00383 3.20178 11.6583
    endloop
  endfacet
  facet normal -0.503864 0.764818 0.401466
    outer loop
      vertex 2.07132 3.2032 11.751
      vertex 1.97419 3.14257 11.7446
      vertex 2.05223 3.16506 11.7997
    endloop
  endfacet
  facet normal -0.393092 0.792387 0.466478
    outer loop
      vertex 2.07132 3.2032 11.751
      vertex 2.05223 3.16506 11.7997
      vertex 2.13622 3.17788 11.8487
    endloop
  endfacet
  facet normal -0.74984 0.659675 0.0506846
    outer loop
      vertex 1.87186 3.13158 11.4815
      vertex 1.80544 3.05559 11.4879
      vertex 1.86911 3.12608 11.5124
    endloop
  endfacet
  facet normal -0.605789 0.723824 0.330301
    outer loop
      vertex 1.99028 3.1747 11.7037
      vertex 1.91625 3.13638 11.6519
      vertex 1.97419 3.14257 11.7446
    endloop
  endfacet
  facet normal -0.749999 0.565092 0.343762
    outer loop
      vertex 1.8727 3.04936 11.7373
      vertex 1.81884 3.02563 11.6588
      vertex 1.85528 3.01456 11.7565
    endloop
  endfacet
  facet normal -0.812402 0.534621 0.232774
    outer loop
      vertex 1.81884 3.02563 11.6588
      vertex 1.76725 2.97928 11.5852
      vertex 1.80618 3.00034 11.6727
    endloop
  endfacet
  facet normal -0.753866 0.651702 -0.0834933
    outer loop
      vertex 1.86457 3.11702 11.3577
      vertex 1.80269 3.05009 11.394
      vertex 1.80544 3.05559 11.4121
    endloop
  endfacet
  facet normal -0.759634 0.640071 -0.115176
    outer loop
      vertex 1.85833 3.10454 11.3295
      vertex 1.7989 3.04252 11.3768
      vertex 1.86457 3.11702 11.3577
    endloop
  endfacet
  facet normal -0.550407 0.83425 -0.0328329
    outer loop
      vertex 2.02722 3.24852 11.3956
      vertex 1.94565 3.19514 11.4067
      vertex 2.02881 3.25171 11.45
    endloop
  endfacet
  facet normal -0.550422 0.834242 -0.032793
    outer loop
      vertex 2.02881 3.25171 11.45
      vertex 1.94565 3.19514 11.4067
      vertex 1.94692 3.19768 11.45
    endloop
  endfacet
  facet normal -0.890676 0.43548 0.130592
    outer loop
      vertex 1.73074 2.93493 11.4991
      vertex 1.72787 2.92921 11.4986
      vertex 1.74219 2.9292 11.5963
    endloop
  endfacet
  facet normal -0.935214 0.346537 -0.072708
    outer loop
      vertex 1.69024 2.8254 11.3609
      vertex 1.68548 2.81589 11.3768
      vertex 1.71173 2.89695 11.4255
    endloop
  endfacet
  facet normal -0.997144 0.0712319 0.0250844
    outer loop
      vertex 1.657 2.70225 11.45
      vertex 1.65001 2.6044 11.45
      vertex 1.65128 2.60693 11.4933
    endloop
  endfacet
  facet normal -0.981138 -0.189158 0.0398352
    outer loop
      vertex 1.65586 2.50646 11.45
      vertex 1.67443 2.41014 11.45
      vertex 1.67632 2.41392 11.5145
    endloop
  endfacet
  facet normal -0.993851 -0.0518726 -0.0978284
    outer loop
      vertex 1.66221 2.51916 11.3422
      vertex 1.65745 2.50965 11.3956
      vertex 1.65128 2.60693 11.4067
    endloop
  endfacet
  facet normal -0.733329 -0.611618 0.296903
    outer loop
      vertex 1.82523 2.19271 11.7074
      vertex 1.8774 2.09443 11.6338
      vertex 1.89076 2.12113 11.7218
    endloop
  endfacet
  facet normal -0.685514 -0.516027 0.513601
    outer loop
      vertex 1.84265 2.22751 11.7863
      vertex 1.90915 2.15788 11.8051
      vertex 1.93225 2.20403 11.8823
    endloop
  endfacet
  facet normal -0.799379 0.56073 0.215812
    outer loop
      vertex 1.78205 3.00886 11.5661
      vertex 1.77493 2.99463 11.5767
      vertex 1.81884 3.02563 11.6588
    endloop
  endfacet
  facet normal -0.854133 0.508516 0.10894
    outer loop
      vertex 1.78205 3.00886 11.5661
      vertex 1.74171 2.95687 11.4925
      vertex 1.77493 2.99463 11.5767
    endloop
  endfacet
  facet normal -0.826638 0.506133 0.245964
    outer loop
      vertex 1.76725 2.97928 11.5852
      vertex 1.75914 2.96307 11.5913
      vertex 1.80618 3.00034 11.6727
    endloop
  endfacet
  facet normal -0.861322 0.494109 0.118237
    outer loop
      vertex 1.74171 2.95687 11.4925
      vertex 1.73914 2.95172 11.4953
      vertex 1.77493 2.99463 11.5767
    endloop
  endfacet
  facet normal -0.569912 0.439423 0.694339
    outer loop
      vertex 1.95302 2.96681 11.9277
      vertex 1.92463 2.91008 11.9403
      vertex 2.02309 2.95182 11.9947
    endloop
  endfacet
  facet normal -0.730663 0.603725 0.318821
    outer loop
      vertex 1.83058 3.04908 11.6413
      vertex 1.81884 3.02563 11.6588
      vertex 1.88884 3.08162 11.7132
    endloop
  endfacet
  facet normal -0.71288 0.639275 0.288322
    outer loop
      vertex 1.90344 3.1108 11.6846
      vertex 1.83058 3.04908 11.6413
      vertex 1.88884 3.08162 11.7132
    endloop
  endfacet
  facet normal -0.812228 0.535057 0.232377
    outer loop
      vertex 1.77493 2.99463 11.5767
      vertex 1.76725 2.97928 11.5852
      vertex 1.81884 3.02563 11.6588
    endloop
  endfacet
  facet normal -0.860658 0.495511 0.117206
    outer loop
      vertex 1.77493 2.99463 11.5767
      vertex 1.73914 2.95172 11.4953
      vertex 1.76725 2.97928 11.5852
    endloop
  endfacet
  facet normal -0.842506 0.531779 0.0859938
    outer loop
      vertex 1.79414 3.03301 11.5391
      vertex 1.74626 2.96595 11.4847
      vertex 1.78849 3.02173 11.5535
    endloop
  endfacet
  facet normal -0.776351 0.606752 0.170679
    outer loop
      vertex 1.79414 3.03301 11.5391
      vertex 1.78849 3.02173 11.5535
      vertex 1.85049 3.08888 11.5968
    endloop
  endfacet
  facet normal 0.409219 0.527184 -0.744726
    outer loop
      vertex 2.75462 2.98165 10.9122
      vertex 2.72748 2.99523 10.9069
      vertex 2.76363 2.99966 10.9299
    endloop
  endfacet
  facet normal 0.768576 -0.0417346 -0.638395
    outer loop
      vertex 3.01491 2.56875 11.0217
      vertex 2.97003 2.6218 10.9642
      vertex 2.97208 2.6259 10.9664
    endloop
  endfacet
  facet normal 0.771485 -0.0358512 -0.635237
    outer loop
      vertex 2.97003 2.6218 10.9642
      vertex 3.01491 2.56875 11.0217
      vertex 2.98895 2.51687 10.9931
    endloop
  endfacet
  facet normal 0.898523 -0.138668 -0.416446
    outer loop
      vertex 3.09191 2.47955 11.1868
      vertex 3.07576 2.44728 11.1627
      vertex 3.0509 2.50723 11.0891
    endloop
  endfacet
  facet normal 0.320896 -0.936995 -0.13808
    outer loop
      vertex 2.69049 1.92049 11.322
      vertex 2.59202 1.87875 11.3764
      vertex 2.59846 1.89161 11.3041
    endloop
  endfacet
  facet normal 0.0985052 -0.918463 -0.383043
    outer loop
      vertex 2.51478 1.89831 11.2114
      vertex 2.43594 1.9306 11.1137
      vertex 2.53093 1.93057 11.1382
    endloop
  endfacet
  facet normal 0.50384 -0.764767 -0.401592
    outer loop
      vertex 2.82581 2.05743 11.1554
      vertex 2.72868 1.9968 11.149
      vertex 2.74777 2.03495 11.1003
    endloop
  endfacet
  facet normal 0.569942 -0.439432 -0.69431
    outer loop
      vertex 2.84698 2.23319 10.9723
      vertex 2.7847 2.25148 10.9096
      vertex 2.87537 2.28992 10.9597
    endloop
  endfacet
  facet normal 0.569626 -0.440052 -0.694176
    outer loop
      vertex 2.7847 2.25148 10.9096
      vertex 2.84698 2.23319 10.9723
      vertex 2.78245 2.24699 10.9106
    endloop
  endfacet
  facet normal 0.655953 -0.460854 -0.597779
    outer loop
      vertex 2.93333 2.27228 11.0369
      vertex 2.9094 2.22447 11.0475
      vertex 2.87537 2.28992 10.9597
    endloop
  endfacet
  facet normal -0.295092 -0.589647 -0.751822
    outer loop
      vertex 2.20703 2.10481 10.9208
      vertex 2.13236 2.17482 10.8952
      vertex 2.2201 2.13091 10.8952
    endloop
  endfacet
  facet normal -0.29504 -0.58961 -0.751872
    outer loop
      vertex 2.13236 2.17482 10.8952
      vertex 2.20703 2.10481 10.9208
      vertex 2.1193 2.14871 10.9208
    endloop
  endfacet
  facet normal -0.21706 -0.724762 -0.653915
    outer loop
      vertex 2.26967 2.01264 11.0022
      vertex 2.17814 2.04709 10.9944
      vertex 2.29806 2.06937 10.9299
    endloop
  endfacet
  facet normal 0.314009 -0.225253 0.922312
    outer loop
      vertex 2.61559 2.49211 12.1602
      vertex 2.65735 2.37303 12.1169
      vertex 2.69664 2.45155 12.1227
    endloop
  endfacet
  facet normal 0.420655 -0.274363 0.86474
    outer loop
      vertex 2.69664 2.45155 12.1227
      vertex 2.65735 2.37303 12.1169
      vertex 2.73619 2.34073 12.0683
    endloop
  endfacet
  facet normal -0.0260274 -0.343669 0.93873
    outer loop
      vertex 2.35718 2.40483 12.1729
      vertex 2.31569 2.32193 12.1414
      vertex 2.44564 2.36426 12.1605
    endloop
  endfacet
  facet normal -0.0263045 -0.342935 0.938991
    outer loop
      vertex 2.44564 2.36426 12.1605
      vertex 2.31569 2.32193 12.1414
      vertex 2.40487 2.28278 12.1296
    endloop
  endfacet
  facet normal -0.0945085 -0.765294 0.636705
    outer loop
      vertex 2.29806 2.06937 11.9701
      vertex 2.36343 1.98825 11.8823
      vertex 2.39084 2.04302 11.9522
    endloop
  endfacet
  facet normal -0.0538478 -0.685585 0.725999
    outer loop
      vertex 2.33044 2.13407 12.0336
      vertex 2.29806 2.06937 11.9701
      vertex 2.4221 2.10548 12.0134
    endloop
  endfacet
  facet normal 0.691052 -0.39016 0.608459
    outer loop
      vertex 2.90426 2.34764 11.9445
      vertex 2.87537 2.28992 11.9403
      vertex 2.95767 2.32091 11.8667
    endloop
  endfacet
  facet normal 0.464367 -0.843728 0.269233
    outer loop
      vertex 2.7126 1.96467 11.6973
      vertex 2.69979 1.93908 11.6392
      vertex 2.79617 1.99822 11.6583
    endloop
  endfacet
  facet normal 0.674992 -0.58529 0.449245
    outer loop
      vertex 2.8863 2.17832 11.835
      vertex 2.86443 2.1346 11.8109
      vertex 2.94472 2.18544 11.7565
    endloop
  endfacet
  facet normal 0.503694 -0.764449 0.40238
    outer loop
      vertex 2.82581 2.05743 11.7446
      vertex 2.72868 1.9968 11.751
      vertex 2.80972 2.0253 11.7037
    endloop
  endfacet
  facet normal 0.429026 -0.500135 0.752198
    outer loop
      vertex 2.77691 2.24818 11.9947
      vertex 2.66582 2.20011 12.0261
      vertex 2.74565 2.18572 11.971
    endloop
  endfacet
  facet normal 0.42267 -0.733233 0.532653
    outer loop
      vertex 2.76953 2.07844 11.8423
      vertex 2.66378 2.02213 11.8487
      vertex 2.74777 2.03495 11.7997
    endloop
  endfacet
  facet normal 0.45501 -0.668298 0.58851
    outer loop
      vertex 2.71604 2.12656 11.9383
      vertex 2.76953 2.07844 11.8423
      vertex 2.7936 2.12653 11.8783
    endloop
  endfacet
  facet normal 0.491165 -0.596041 0.635211
    outer loop
      vertex 2.81957 2.17841 11.9069
      vertex 2.71604 2.12656 11.9383
      vertex 2.7936 2.12653 11.8783
    endloop
  endfacet
  facet normal 0.810886 0.261303 0.523627
    outer loop
      vertex 2.96996 2.80785 11.891
      vertex 3.02067 2.73525 11.8487
      vertex 3.04243 2.77874 11.7933
    endloop
  endfacet
  facet normal 0.862387 0.364492 0.351333
    outer loop
      vertex 3.01432 2.89647 11.7618
      vertex 3.06077 2.81539 11.7319
      vertex 3.07537 2.84456 11.6658
    endloop
  endfacet
  facet normal 0.895238 0.210215 0.392884
    outer loop
      vertex 3.04243 2.77874 11.7933
      vertex 3.07984 2.69848 11.751
      vertex 3.06077 2.81539 11.7319
    endloop
  endfacet
  facet normal 0.839317 0.318317 0.440706
    outer loop
      vertex 3.01432 2.89647 11.7618
      vertex 3.04243 2.77874 11.7933
      vertex 3.06077 2.81539 11.7319
    endloop
  endfacet
  facet normal -0.662428 -0.746452 -0.0632351
    outer loop
      vertex 1.94277 2.0133 11.354
      vertex 1.93995 2.00767 11.45
      vertex 1.86657 2.07279 11.45
    endloop
  endfacet
  facet normal -0.662428 -0.746452 0.0632351
    outer loop
      vertex 1.86657 2.07279 11.45
      vertex 1.93995 2.00767 11.45
      vertex 1.94277 2.0133 11.546
    endloop
  endfacet
  facet normal -0.947772 -0.315574 0.046266
    outer loop
      vertex 1.67443 2.41014 11.45
      vertex 1.70758 2.32137 11.5236
      vertex 1.67632 2.41392 11.5145
    endloop
  endfacet
  facet normal -0.840261 -0.10115 0.532664
    outer loop
      vertex 1.73925 2.53966 11.7997
      vertex 1.77933 2.46475 11.8487
      vertex 1.76102 2.58315 11.8423
    endloop
  endfacet
  facet normal -0.733222 -0.611674 0.297053
    outer loop
      vertex 1.81258 2.16742 11.6241
      vertex 1.8774 2.09443 11.6338
      vertex 1.82523 2.19271 11.7074
    endloop
  endfacet
  facet normal -0.898261 -0.436381 0.0519457
    outer loop
      vertex 1.70758 2.32137 11.5236
      vertex 1.74829 2.22881 11.45
      vertex 1.75068 2.23358 11.5314
    endloop
  endfacet
  facet normal -0.741566 -0.122516 0.659599
    outer loop
      vertex 1.8316 2.56918 11.9383
      vertex 1.85748 2.44699 11.9447
      vertex 1.88784 2.50765 11.9901
    endloop
  endfacet
  facet normal -0.792393 0.48047 0.375849
    outer loop
      vertex 1.83689 2.97781 11.7704
      vertex 1.77898 2.94598 11.689
      vertex 1.81785 2.93976 11.7789
    endloop
  endfacet
  facet normal -0.536624 -0.781328 0.318687
    outer loop
      vertex 1.96501 2.05774 11.7315
      vertex 2.03261 1.9755 11.6437
      vertex 2.04669 2.00364 11.7364
    endloop
  endfacet
  facet normal -0.551677 -0.811327 0.193393
    outer loop
      vertex 1.95117 2.03009 11.6404
      vertex 1.94277 2.0133 11.546
      vertex 2.03261 1.9755 11.6437
    endloop
  endfacet
  facet normal 0.0661038 -0.98339 0.169037
    outer loop
      vertex 2.50304 1.87486 11.6114
      vertex 2.39818 1.85516 11.5378
      vertex 2.49592 1.86063 11.5314
    endloop
  endfacet
  facet normal -0.064053 -0.981527 0.180282
    outer loop
      vertex 2.40586 1.87051 11.6241
      vertex 2.30858 1.87864 11.6338
      vertex 2.39818 1.85516 11.5378
    endloop
  endfacet
  facet normal 0.207083 -0.944404 0.255377
    outer loop
      vertex 2.51478 1.89831 11.6886
      vertex 2.50304 1.87486 11.6114
      vertex 2.60907 1.91282 11.6658
    endloop
  endfacet
  facet normal -0.0500045 -0.953561 0.297019
    outer loop
      vertex 2.32194 1.90535 11.7218
      vertex 2.30858 1.87864 11.6338
      vertex 2.41852 1.8958 11.7074
    endloop
  endfacet
  facet normal -0.55616 -0.533645 -0.63711
    outer loop
      vertex 2.03637 2.20034 10.9299
      vertex 2.00798 2.14361 11.0022
      vertex 1.93225 2.20403 11.0177
    endloop
  endfacet
  facet normal -0.515647 -0.455335 -0.725795
    outer loop
      vertex 2.04538 2.21835 10.9122
      vertex 2.03637 2.20034 10.9299
      vertex 2.02595 2.22808 10.9199
    endloop
  endfacet
  facet normal -0.409219 -0.527184 -0.744726
    outer loop
      vertex 2.07252 2.20477 10.9069
      vertex 2.03637 2.20034 10.9299
      vertex 2.04538 2.21835 10.9122
    endloop
  endfacet
  facet normal 0.450636 -0.871002 -0.19566
    outer loop
      vertex 2.77754 1.96099 11.3422
      vertex 2.69049 1.92049 11.322
      vertex 2.78538 1.97666 11.2905
    endloop
  endfacet
  facet normal 0.195162 -0.968465 -0.154877
    outer loop
      vertex 2.59202 1.87875 11.3764
      vertex 2.50304 1.87486 11.2886
      vertex 2.59846 1.89161 11.3041
    endloop
  endfacet
  facet normal -0.401384 -0.802037 -0.442297
    outer loop
      vertex 2.06607 2.04236 11.0758
      vertex 2.13443 1.95973 11.1636
      vertex 2.04669 2.00364 11.1636
    endloop
  endfacet
  facet normal -0.401429 -0.802035 -0.442261
    outer loop
      vertex 2.13443 1.95973 11.1636
      vertex 2.06607 2.04236 11.0758
      vertex 2.1538 1.99845 11.0758
    endloop
  endfacet
  facet normal -0.514379 -0.736953 -0.438536
    outer loop
      vertex 2.06607 2.04236 11.0758
      vertex 2.04669 2.00364 11.1636
      vertex 1.98405 2.0958 11.0822
    endloop
  endfacet
  facet normal -0.200496 -0.977659 -0.0631233
    outer loop
      vertex 2.29775 1.857 11.45
      vertex 2.20164 1.87671 11.45
      vertex 2.20446 1.88233 11.354
    endloop
  endfacet
  facet normal -0.200496 -0.977659 0.0631233
    outer loop
      vertex 2.20446 1.88233 11.546
      vertex 2.20164 1.87671 11.45
      vertex 2.29775 1.857 11.45
    endloop
  endfacet
  facet normal -0.064091 -0.981531 -0.180248
    outer loop
      vertex 2.39818 1.85516 11.3622
      vertex 2.30047 1.86244 11.3573
      vertex 2.30858 1.87864 11.2662
    endloop
  endfacet
  facet normal -0.0711238 -0.995632 0.0604898
    outer loop
      vertex 2.39818 1.85516 11.5378
      vertex 2.29775 1.857 11.45
      vertex 2.3956 1.85001 11.45
    endloop
  endfacet
  facet normal 0.976472 0.17994 0.118847
    outer loop
      vertex 3.11803 2.7748 11.578
      vertex 3.14255 2.69035 11.5044
      vertex 3.12368 2.78608 11.5145
    endloop
  endfacet
  facet normal 0.994215 -0.0771189 -0.0747553
    outer loop
      vertex 3.14207 2.4959 11.4185
      vertex 3.13932 2.4904 11.3876
      vertex 3.14872 2.59307 11.4067
    endloop
  endfacet
  facet normal 0.940129 -0.27953 0.19499
    outer loop
      vertex 3.10079 2.4134 11.6413
      vertex 3.09767 2.35045 11.5661
      vertex 3.10411 2.36332 11.5535
    endloop
  endfacet
  facet normal 0.977506 -0.20476 0.050549
    outer loop
      vertex 3.13932 2.4904 11.5124
      vertex 3.12106 2.39718 11.4879
      vertex 3.14207 2.4959 11.4815
    endloop
  endfacet
  facet normal 0.873219 -0.189265 0.449073
    outer loop
      vertex 3.02903 2.46351 11.835
      vertex 3.05834 2.41248 11.7565
      vertex 3.0509 2.50723 11.8109
    endloop
  endfacet
  facet normal 0.845854 -0.243913 0.474381
    outer loop
      vertex 3.02903 2.46351 11.835
      vertex 3.03995 2.37574 11.7704
      vertex 3.05834 2.41248 11.7565
    endloop
  endfacet
  facet normal 0.657657 -0.74959 0.0748462
    outer loop
      vertex 2.85813 2.01243 11.5359
      vertex 2.85435 2.00486 11.4933
      vertex 2.93089 2.07392 11.5124
    endloop
  endfacet
  facet normal 0.154577 -0.806192 -0.571104
    outer loop
      vertex 2.53858 1.97153 11.0663
      vertex 2.45781 1.97432 11.0405
      vertex 2.47287 2.00441 11.0021
    endloop
  endfacet
  facet normal 0.75378 -0.651855 0.0830651
    outer loop
      vertex 2.93543 2.08298 11.5423
      vertex 2.93089 2.07392 11.5124
      vertex 2.99731 2.14991 11.506
    endloop
  endfacet
  facet normal 0.921955 -0.0917565 -0.376271
    outer loop
      vertex 3.08953 2.5844 11.1554
      vertex 3.09191 2.47955 11.1868
      vertex 3.07119 2.54775 11.1194
    endloop
  endfacet
  facet normal 0.988412 -0.0886559 -0.123216
    outer loop
      vertex 3.13932 2.4904 11.3876
      vertex 3.13478 2.48134 11.3577
      vertex 3.13869 2.57302 11.3231
    endloop
  endfacet
  facet normal 0.968738 -0.128217 -0.212386
    outer loop
      vertex 3.12854 2.46887 11.3295
      vertex 3.1207 2.4532 11.3032
      vertex 3.1301 2.55586 11.2841
    endloop
  endfacet
  facet normal 0.837324 -0.39072 -0.382396
    outer loop
      vertex 3.04919 2.3103 11.211
      vertex 3.0351 2.28216 11.2089
      vertex 3.02091 2.33768 11.1211
    endloop
  endfacet
  facet normal 0.817929 -0.299472 0.491231
    outer loop
      vertex 2.98201 2.36955 11.8631
      vertex 3.02091 2.33768 11.7789
      vertex 3.03995 2.37574 11.7704
    endloop
  endfacet
  facet normal 0.796461 -0.179727 0.577363
    outer loop
      vertex 2.98895 2.51687 11.9069
      vertex 3.00593 2.41736 11.8525
      vertex 3.02903 2.46351 11.835
    endloop
  endfacet
  facet normal 0.57093 0.0266949 0.820565
    outer loop
      vertex 2.77456 2.60723 12.0997
      vertex 2.84485 2.55786 12.0524
      vertex 2.87942 2.62693 12.0261
    endloop
  endfacet
  facet normal 0.569912 -0.439423 0.694339
    outer loop
      vertex 2.87537 2.28992 11.9403
      vertex 2.77691 2.24818 11.9947
      vertex 2.84698 2.23319 11.9277
    endloop
  endfacet
  facet normal 0.12386 -0.867769 0.481285
    outer loop
      vertex 2.45781 1.97432 11.8595
      vertex 2.43594 1.9306 11.7863
      vertex 2.53093 1.93057 11.7618
    endloop
  endfacet
  facet normal -0.0292475 -0.912164 0.408781
    outer loop
      vertex 2.43594 1.9306 11.7863
      vertex 2.32194 1.90535 11.7218
      vertex 2.41852 1.8958 11.7074
    endloop
  endfacet
  facet normal 0.277064 -0.805601 0.523681
    outer loop
      vertex 2.57528 2.01919 11.891
      vertex 2.64201 1.97863 11.7933
      vertex 2.66378 2.02213 11.8487
    endloop
  endfacet
  facet normal 0.276044 -0.806233 0.523247
    outer loop
      vertex 2.57528 2.01919 11.891
      vertex 2.55121 1.9711 11.8296
      vertex 2.64201 1.97863 11.7933
    endloop
  endfacet
  facet normal 0.111476 -0.629435 0.769015
    outer loop
      vertex 2.54612 2.15078 12.0325
      vertex 2.4221 2.10548 12.0134
      vertex 2.51338 2.08536 11.9837
    endloop
  endfacet
  facet normal 0.0681253 -0.716201 0.694561
    outer loop
      vertex 2.4221 2.10548 12.0134
      vertex 2.48378 2.0262 11.9256
      vertex 2.51338 2.08536 11.9837
    endloop
  endfacet
  facet normal 0.309634 -0.740611 0.596341
    outer loop
      vertex 2.6886 2.07172 11.8974
      vertex 2.57528 2.01919 11.891
      vertex 2.66378 2.02213 11.8487
    endloop
  endfacet
  facet normal 0.422914 -0.733803 0.531674
    outer loop
      vertex 2.6886 2.07172 11.8974
      vertex 2.66378 2.02213 11.8487
      vertex 2.76953 2.07844 11.8423
    endloop
  endfacet
  facet normal 0.347567 -0.883973 0.312712
    outer loop
      vertex 2.7126 1.96467 11.6973
      vertex 2.60907 1.91282 11.6658
      vertex 2.69979 1.93908 11.6392
    endloop
  endfacet
  facet normal 0.48241 -0.807753 0.338844
    outer loop
      vertex 2.72868 1.9968 11.751
      vertex 2.7126 1.96467 11.6973
      vertex 2.79617 1.99822 11.6583
    endloop
  endfacet
  facet normal 0.514466 0.736963 -0.438417
    outer loop
      vertex 2.7533 3.19636 11.1636
      vertex 2.81595 3.1042 11.0822
      vertex 2.73393 3.15765 11.0758
    endloop
  endfacet
  facet normal 0.514373 0.736976 -0.438505
    outer loop
      vertex 2.83499 3.14226 11.1685
      vertex 2.81595 3.1042 11.0822
      vertex 2.7533 3.19636 11.1636
    endloop
  endfacet
  facet normal 0.200367 0.977677 -0.0632531
    outer loop
      vertex 2.59554 3.31767 11.354
      vertex 2.49953 3.33756 11.3573
      vertex 2.50225 3.343 11.45
    endloop
  endfacet
  facet normal 0.401445 0.802068 -0.442187
    outer loop
      vertex 2.73393 3.15765 11.0758
      vertex 2.66557 3.24027 11.1636
      vertex 2.7533 3.19636 11.1636
    endloop
  endfacet
  facet normal 0.401311 0.802074 -0.442297
    outer loop
      vertex 2.66557 3.24027 11.1636
      vertex 2.73393 3.15765 11.0758
      vertex 2.64619 3.20155 11.0758
    endloop
  endfacet
  facet normal 0.423695 0.846811 -0.321549
    outer loop
      vertex 2.7533 3.19636 11.1636
      vertex 2.67965 3.26841 11.2563
      vertex 2.76739 3.22451 11.2563
    endloop
  endfacet
  facet normal 0.42383 0.84679 -0.321426
    outer loop
      vertex 2.67965 3.26841 11.2563
      vertex 2.7533 3.19636 11.1636
      vertex 2.66557 3.24027 11.1636
    endloop
  endfacet
  facet normal 0.655042 0.731719 -0.188431
    outer loop
      vertex 2.85723 3.1867 11.354
      vertex 2.9226 3.10557 11.2662
      vertex 2.84883 3.16991 11.2596
    endloop
  endfacet
  facet normal 0.654977 0.731756 -0.188514
    outer loop
      vertex 2.93071 3.12178 11.3573
      vertex 2.9226 3.10557 11.2662
      vertex 2.85723 3.1867 11.354
    endloop
  endfacet
  facet normal -0.652717 0.274193 -0.706243
    outer loop
      vertex 1.95287 2.82377 10.8916
      vertex 1.92254 2.76316 10.8961
      vertex 1.89574 2.85236 10.9555
    endloop
  endfacet
  facet normal -0.72654 0.319247 -0.608457
    outer loop
      vertex 1.89574 2.85236 10.9555
      vertex 1.86686 2.79464 10.9597
      vertex 1.84233 2.87909 11.0333
    endloop
  endfacet
  facet normal -0.691052 0.39016 -0.608459
    outer loop
      vertex 1.92463 2.91008 10.9597
      vertex 1.89574 2.85236 10.9555
      vertex 1.84233 2.87909 11.0333
    endloop
  endfacet
  facet normal -0.621277 0.53001 -0.577152
    outer loop
      vertex 1.95302 2.96681 10.9723
      vertex 1.8906 2.97553 11.0475
      vertex 1.98043 3.02159 10.9931
    endloop
  endfacet
  facet normal -0.588345 0.595714 -0.546786
    outer loop
      vertex 1.98043 3.02159 10.9931
      vertex 1.9137 3.02168 11.065
      vertex 1.93557 3.0654 11.0891
    endloop
  endfacet
  facet normal 0.372047 0.743586 -0.555573
    outer loop
      vertex 2.70959 3.10901 10.9944
      vertex 2.64619 3.20155 11.0758
      vertex 2.73393 3.15765 11.0758
    endloop
  endfacet
  facet normal 0.372047 0.743586 -0.555573
    outer loop
      vertex 2.64619 3.20155 11.0758
      vertex 2.70959 3.10901 10.9944
      vertex 2.62185 3.15291 10.9944
    endloop
  endfacet
  facet normal 0.48542 0.678929 -0.550838
    outer loop
      vertex 2.81595 3.1042 11.0822
      vertex 2.70959 3.10901 10.9944
      vertex 2.73393 3.15765 11.0758
    endloop
  endfacet
  facet normal 0.450351 0.608151 -0.65371
    outer loop
      vertex 2.70959 3.10901 10.9944
      vertex 2.76363 2.99966 10.9299
      vertex 2.6807 3.05129 10.9208
    endloop
  endfacet
  facet normal 0.935802 0.098988 -0.338342
    outer loop
      vertex 3.11916 2.64361 11.2417
      vertex 3.10561 2.61653 11.1963
      vertex 3.07984 2.69848 11.149
    endloop
  endfacet
  facet normal 0.953556 0.13371 -0.269911
    outer loop
      vertex 3.12995 2.66517 11.2905
      vertex 3.11916 2.64361 11.2417
      vertex 3.09592 2.73062 11.2027
    endloop
  endfacet
  facet normal 0.838975 0.318219 -0.441426
    outer loop
      vertex 3.05029 2.83368 11.1613
      vertex 2.99639 2.86065 11.0783
      vertex 3.01432 2.89647 11.1382
    endloop
  endfacet
  facet normal 0.768704 0.420846 -0.481646
    outer loop
      vertex 3.01432 2.89647 11.1382
      vertex 2.99183 2.86293 11.073
      vertex 2.95735 2.97249 11.1137
    endloop
  endfacet
  facet normal 0.769419 0.419845 -0.481378
    outer loop
      vertex 2.99183 2.86293 11.073
      vertex 3.01432 2.89647 11.1382
      vertex 2.99639 2.86065 11.0783
    endloop
  endfacet
  facet normal 0.733209 0.611651 -0.297132
    outer loop
      vertex 2.98742 3.03258 11.2759
      vertex 2.97476 3.00729 11.1926
      vertex 2.9226 3.10557 11.2662
    endloop
  endfacet
  facet normal 0.8136 0.510335 -0.27859
    outer loop
      vertex 2.98742 3.03258 11.2759
      vertex 3.0422 2.95218 11.2886
      vertex 2.97476 3.00729 11.1926
    endloop
  endfacet
  facet normal 0.942325 0.304835 -0.138199
    outer loop
      vertex 3.09242 2.87863 11.3764
      vertex 3.11803 2.7748 11.322
      vertex 3.08598 2.86576 11.3041
    endloop
  endfacet
  facet normal 0.892211 0.424193 -0.154982
    outer loop
      vertex 3.09242 2.87863 11.3764
      vertex 3.08598 2.86576 11.3041
      vertex 3.0422 2.95218 11.2886
    endloop
  endfacet
  facet normal 0.423695 0.846811 0.321549
    outer loop
      vertex 2.67965 3.26841 11.6437
      vertex 2.7533 3.19636 11.7364
      vertex 2.76739 3.22451 11.6437
    endloop
  endfacet
  facet normal 0.42383 0.84679 0.321426
    outer loop
      vertex 2.7533 3.19636 11.7364
      vertex 2.67965 3.26841 11.6437
      vertex 2.66557 3.24027 11.7364
    endloop
  endfacet
  facet normal 0.981141 0.189139 0.0398635
    outer loop
      vertex 3.12368 2.78608 11.5145
      vertex 3.14414 2.69354 11.45
      vertex 3.12557 2.78987 11.45
    endloop
  endfacet
  facet normal 0.993851 0.0518726 -0.0978284
    outer loop
      vertex 3.14255 2.69035 11.3956
      vertex 3.14872 2.59307 11.4067
      vertex 3.13779 2.68084 11.3422
    endloop
  endfacet
  facet normal 0.252473 0.795525 0.550815
    outer loop
      vertex 2.55425 3.23516 11.8178
      vertex 2.53033 3.18736 11.8978
      vertex 2.64619 3.20155 11.8242
    endloop
  endfacet
  facet normal 0.156792 0.890396 0.42733
    outer loop
      vertex 2.47806 3.29465 11.7218
      vertex 2.45967 3.25791 11.8051
      vertex 2.55425 3.23516 11.8178
    endloop
  endfacet
  facet normal 0.409223 0.525888 0.74564
    outer loop
      vertex 2.6807 3.05129 11.9792
      vertex 2.64776 2.98547 12.0437
      vertex 2.76363 2.99966 11.9701
    endloop
  endfacet
  facet normal 0.408817 0.526847 0.745185
    outer loop
      vertex 2.64776 2.98547 12.0437
      vertex 2.73125 2.93497 12.0336
      vertex 2.76363 2.99966 11.9701
    endloop
  endfacet
  facet normal 0.813629 0.510253 0.278657
    outer loop
      vertex 2.97476 3.00729 11.7074
      vertex 3.03046 2.92874 11.6886
      vertex 3.0422 2.95218 11.6114
    endloop
  endfacet
  facet normal 0.88006 0.40034 0.255387
    outer loop
      vertex 3.03046 2.92874 11.6886
      vertex 3.07537 2.84456 11.6658
      vertex 3.0422 2.95218 11.6114
    endloop
  endfacet
  facet normal 0.833346 0.549831 0.0567388
    outer loop
      vertex 2.9951 3.04793 11.5378
      vertex 3.05171 2.97119 11.45
      vertex 2.99768 3.05308 11.45
    endloop
  endfacet
  facet normal 0.898261 0.436381 0.0519457
    outer loop
      vertex 3.04932 2.96642 11.5314
      vertex 3.09242 2.87863 11.5236
      vertex 3.05171 2.97119 11.45
    endloop
  endfacet
  facet normal 0.701976 0.28825 0.651262
    outer loop
      vertex 2.90951 2.87689 11.9256
      vertex 2.8799 2.81773 11.9837
      vertex 2.96996 2.80785 11.891
    endloop
  endfacet
  facet normal 0.570655 0.288054 0.769011
    outer loop
      vertex 2.80908 2.87874 12.0134
      vertex 2.84716 2.75231 12.0325
      vertex 2.8799 2.81773 11.9837
    endloop
  endfacet
  facet normal 0.42244 -0.010043 0.906335
    outer loop
      vertex 2.69785 2.65648 12.136
      vertex 2.65708 2.57501 12.1541
      vertex 2.77456 2.60723 12.0997
    endloop
  endfacet
  facet normal 0.52449 0.194707 0.828854
    outer loop
      vertex 2.77451 2.80966 12.065
      vertex 2.73722 2.73515 12.1061
      vertex 2.84716 2.75231 12.0325
    endloop
  endfacet
  facet normal 0.569927 -0.439702 0.694151
    outer loop
      vertex 2.80928 2.31287 12.0091
      vertex 2.77691 2.24818 11.9947
      vertex 2.87537 2.28992 11.9403
    endloop
  endfacet
  facet normal 0.520467 -0.318254 0.792356
    outer loop
      vertex 2.84222 2.37869 12.0139
      vertex 2.73619 2.34073 12.0683
      vertex 2.80928 2.31287 12.0091
    endloop
  endfacet
  facet normal 0.655878 -0.460992 0.597754
    outer loop
      vertex 2.87537 2.28992 11.9403
      vertex 2.84698 2.23319 11.9277
      vertex 2.93333 2.27228 11.8631
    endloop
  endfacet
  facet normal 0.652374 -0.275024 0.706236
    outer loop
      vertex 2.84222 2.37869 12.0139
      vertex 2.90426 2.34764 11.9445
      vertex 2.93314 2.40536 11.9403
    endloop
  endfacet
  facet normal 0.471917 -0.173243 0.864454
    outer loop
      vertex 2.69664 2.45155 12.1227
      vertex 2.77262 2.41352 12.0736
      vertex 2.80905 2.48631 12.0683
    endloop
  endfacet
  facet normal 0.421531 -0.273911 0.864456
    outer loop
      vertex 2.69664 2.45155 12.1227
      vertex 2.73619 2.34073 12.0683
      vertex 2.77262 2.41352 12.0736
    endloop
  endfacet
  facet normal 0.368612 -0.116623 0.922239
    outer loop
      vertex 2.65708 2.57501 12.1541
      vertex 2.61559 2.49211 12.1602
      vertex 2.73593 2.53006 12.1169
    endloop
  endfacet
  facet normal 0.368535 -0.116295 0.922311
    outer loop
      vertex 2.61559 2.49211 12.1602
      vertex 2.69664 2.45155 12.1227
      vertex 2.73593 2.53006 12.1169
    endloop
  endfacet
  facet normal -0.130541 -0.550774 0.824383
    outer loop
      vertex 2.2764 2.24342 12.0981
      vertex 2.23997 2.17063 12.0437
      vertex 2.33044 2.13407 12.0336
    endloop
  endfacet
  facet normal -0.129809 -0.550563 0.824639
    outer loop
      vertex 2.2764 2.24342 12.0981
      vertex 2.33044 2.13407 12.0336
      vertex 2.36625 2.20561 12.087
    endloop
  endfacet
  facet normal -0.0873273 -0.174476 0.980781
    outer loop
      vertex 2.31242 2.5346 12.192
      vertex 2.35718 2.40483 12.1729
      vertex 2.40015 2.49069 12.192
    endloop
  endfacet
  facet normal -0.0873273 -0.174476 0.980781
    outer loop
      vertex 2.35718 2.40483 12.1729
      vertex 2.31242 2.5346 12.192
      vertex 2.26945 2.44874 12.1729
    endloop
  endfacet
  facet normal -0.61781 -0.120237 0.777081
    outer loop
      vertex 1.88784 2.50765 11.9901
      vertex 1.95284 2.44769 12.0325
      vertex 1.98816 2.51826 12.0715
    endloop
  endfacet
  facet normal -0.618075 -0.118343 0.777161
    outer loop
      vertex 1.92058 2.57307 12.0261
      vertex 1.88784 2.50765 11.9901
      vertex 1.98816 2.51826 12.0715
    endloop
  endfacet
  facet normal -0.930748 0.355447 0.0858265
    outer loop
      vertex 1.71332 2.90013 11.4799
      vertex 1.69024 2.8254 11.5391
      vertex 1.71521 2.90392 11.4847
    endloop
  endfacet
  facet normal -0.621277 0.53001 0.577152
    outer loop
      vertex 1.98043 3.02159 11.9069
      vertex 1.8906 2.97553 11.8525
      vertex 1.95302 2.96681 11.9277
    endloop
  endfacet
  facet normal -0.422681 -0.266619 0.866173
    outer loop
      vertex 2.06278 2.46485 12.1061
      vertex 2.10455 2.33658 12.087
      vertex 2.14317 2.41375 12.1296
    endloop
  endfacet
  facet normal -0.702221 -0.286748 0.651661
    outer loop
      vertex 1.85748 2.44699 11.9447
      vertex 1.83004 2.39215 11.891
      vertex 1.9201 2.38227 11.9837
    endloop
  endfacet
  facet normal -0.516526 -0.454067 0.725964
    outer loop
      vertex 1.99092 2.32127 12.0134
      vertex 2.03637 2.20034 11.9701
      vertex 2.06875 2.26503 12.0336
    endloop
  endfacet
  facet normal -0.928047 0.303657 0.215687
    outer loop
      vertex 1.70233 2.84955 11.5661
      vertex 1.69921 2.7866 11.6413
      vertex 1.71095 2.81005 11.6588
    endloop
  endfacet
  facet normal -0.730522 0.474522 0.491087
    outer loop
      vertex 1.83689 2.97781 11.7704
      vertex 1.86667 2.92772 11.8631
      vertex 1.8906 2.97553 11.8525
    endloop
  endfacet
  facet normal -0.92804 0.303674 0.215694
    outer loop
      vertex 1.70233 2.84955 11.5661
      vertex 1.71095 2.81005 11.6588
      vertex 1.70945 2.86378 11.5767
    endloop
  endfacet
  facet normal -0.771521 0.035895 0.635191
    outer loop
      vertex 1.78509 2.63125 11.8783
      vertex 1.8316 2.56918 11.9383
      vertex 1.81105 2.68313 11.9069
    endloop
  endfacet
  facet normal -0.422276 0.00930247 0.90642
    outer loop
      vertex 2.06406 2.66994 12.1169
      vertex 2.02544 2.59277 12.0997
      vertex 2.14292 2.62499 12.1541
    endloop
  endfacet
  facet normal -0.029252 -0.058464 0.997861
    outer loop
      vertex 2.35613 2.62195 12.1984
      vertex 2.40015 2.49069 12.192
      vertex 2.44387 2.57805 12.1984
    endloop
  endfacet
  facet normal -0.029264 -0.058468 0.99786
    outer loop
      vertex 2.40015 2.49069 12.192
      vertex 2.35613 2.62195 12.1984
      vertex 2.31242 2.5346 12.192
    endloop
  endfacet
  facet normal 0.0298409 -0.231529 0.97237
    outer loop
      vertex 2.40015 2.49069 12.192
      vertex 2.44564 2.36426 12.1605
      vertex 2.48788 2.44866 12.1793
    endloop
  endfacet
  facet normal 0.0875145 -0.116277 0.989354
    outer loop
      vertex 2.44387 2.57805 12.1984
      vertex 2.40015 2.49069 12.192
      vertex 2.48788 2.44866 12.1793
    endloop
  endfacet
  facet normal 0.202907 -0.172276 0.963924
    outer loop
      vertex 2.53085 2.53452 12.1856
      vertex 2.48788 2.44866 12.1793
      vertex 2.5741 2.40921 12.1541
    endloop
  endfacet
  facet normal 0.14674 -0.284469 0.947388
    outer loop
      vertex 2.48788 2.44866 12.1793
      vertex 2.44564 2.36426 12.1605
      vertex 2.5741 2.40921 12.1541
    endloop
  endfacet
  facet normal 0.00892342 0.595274 0.803473
    outer loop
      vertex 2.46956 3.06593 12.0336
      vertex 2.34333 3.02544 12.065
      vertex 2.43375 2.99439 12.087
    endloop
  endfacet
  facet normal -0.0398201 0.49787 0.866337
    outer loop
      vertex 2.34333 3.02544 12.065
      vertex 2.30604 2.95094 12.1061
      vertex 2.43375 2.99439 12.087
    endloop
  endfacet
  facet normal -0.942651 0.0502369 -0.329978
    outer loop
      vertex 1.6935 2.69128 11.2154
      vertex 1.71047 2.6156 11.1554
      vertex 1.68069 2.6657 11.2481
    endloop
  endfacet
  facet normal -0.942461 0.0511041 -0.330386
    outer loop
      vertex 1.71047 2.6156 11.1554
      vertex 1.69439 2.58347 11.1963
      vertex 1.68069 2.6657 11.2481
    endloop
  endfacet
  facet normal -0.967729 0.224234 -0.11498
    outer loop
      vertex 1.67146 2.73113 11.3295
      vertex 1.66522 2.71866 11.3577
      vertex 1.68548 2.81589 11.3768
    endloop
  endfacet
  facet normal -0.960289 0.239091 -0.143807
    outer loop
      vertex 1.6793 2.7468 11.3032
      vertex 1.67146 2.73113 11.3295
      vertex 1.68548 2.81589 11.3768
    endloop
  endfacet
  facet normal -0.792841 0.479625 -0.375984
    outer loop
      vertex 1.81785 2.93976 11.1211
      vertex 1.77898 2.94598 11.211
      vertex 1.79282 2.97364 11.2171
    endloop
  endfacet
  facet normal -0.859209 0.347001 -0.375966
    outer loop
      vertex 1.77909 2.86232 11.1211
      vertex 1.73697 2.86204 11.2171
      vertex 1.75081 2.8897 11.211
    endloop
  endfacet
  facet normal -0.829546 0.113688 -0.546744
    outer loop
      vertex 1.81105 2.68313 10.9931
      vertex 1.78509 2.63125 11.0217
      vertex 1.7491 2.69278 11.0891
    endloop
  endfacet
  facet normal -0.860642 0.0515213 -0.506597
    outer loop
      vertex 1.78509 2.63125 11.0217
      vertex 1.76102 2.58315 11.0577
      vertex 1.7491 2.69278 11.0891
    endloop
  endfacet
  facet normal -0.859546 0.346 -0.376117
    outer loop
      vertex 1.77909 2.86232 11.1211
      vertex 1.76005 2.82426 11.1296
      vertex 1.73697 2.86204 11.2171
    endloop
  endfacet
  facet normal -0.818082 0.299626 -0.490884
    outer loop
      vertex 1.77909 2.86232 11.1211
      vertex 1.79407 2.78264 11.0475
      vertex 1.76005 2.82426 11.1296
    endloop
  endfacet
  facet normal -0.921227 0.222959 -0.318794
    outer loop
      vertex 1.72424 2.75272 11.1627
      vertex 1.70809 2.72045 11.1868
      vertex 1.71095 2.81005 11.2412
    endloop
  endfacet
  facet normal -0.898527 0.138677 -0.416436
    outer loop
      vertex 1.72424 2.75272 11.1627
      vertex 1.7491 2.69278 11.0891
      vertex 1.70809 2.72045 11.1868
    endloop
  endfacet
  facet normal -0.276044 0.806233 0.523247
    outer loop
      vertex 2.15799 3.22137 11.7933
      vertex 2.22472 3.18081 11.891
      vertex 2.24879 3.2289 11.8296
    endloop
  endfacet
  facet normal -0.154932 0.806336 0.570805
    outer loop
      vertex 2.24879 3.2289 11.8296
      vertex 2.22472 3.18081 11.891
      vertex 2.34219 3.22568 11.8595
    endloop
  endfacet
  facet normal 0.551745 0.811281 0.193391
    outer loop
      vertex 2.76739 3.22451 11.6437
      vertex 2.84883 3.16991 11.6404
      vertex 2.85723 3.1867 11.546
    endloop
  endfacet
  facet normal 0.200367 0.977677 0.0632531
    outer loop
      vertex 2.50225 3.343 11.45
      vertex 2.49953 3.33756 11.5427
      vertex 2.59554 3.31767 11.546
    endloop
  endfacet
  facet normal -0.0987483 0.91846 0.382988
    outer loop
      vertex 2.28522 3.30169 11.6886
      vertex 2.26907 3.26943 11.7618
      vertex 2.38148 3.3042 11.7074
    endloop
  endfacet
  facet normal -0.098569 0.918353 0.38329
    outer loop
      vertex 2.38148 3.3042 11.7074
      vertex 2.26907 3.26943 11.7618
      vertex 2.36406 3.2694 11.7863
    endloop
  endfacet
  facet normal 0.0292475 0.912164 0.408781
    outer loop
      vertex 2.38148 3.3042 11.7074
      vertex 2.36406 3.2694 11.7863
      vertex 2.47806 3.29465 11.7218
    endloop
  endfacet
  facet normal 0.0292424 0.912167 0.408773
    outer loop
      vertex 2.47806 3.29465 11.7218
      vertex 2.36406 3.2694 11.7863
      vertex 2.45967 3.25791 11.8051
    endloop
  endfacet
  facet normal -0.315563 0.947775 0.0462973
    outer loop
      vertex 2.11705 3.29458 11.45
      vertex 2.11516 3.2908 11.5145
      vertex 2.20798 3.32126 11.5236
    endloop
  endfacet
  facet normal 0.064053 0.981527 0.180282
    outer loop
      vertex 2.40182 3.34484 11.5378
      vertex 2.39414 3.32949 11.6241
      vertex 2.49142 3.32136 11.6338
    endloop
  endfacet
  facet normal -0.0661033 0.983392 0.169029
    outer loop
      vertex 2.30408 3.33937 11.5314
      vertex 2.29695 3.32514 11.6114
      vertex 2.40182 3.34484 11.5378
    endloop
  endfacet
  facet normal 0.31878 0.927888 0.1934
    outer loop
      vertex 2.59554 3.31767 11.546
      vertex 2.58714 3.30088 11.6404
      vertex 2.67965 3.26841 11.6437
    endloop
  endfacet
  facet normal -0.331553 0.915638 -0.227331
    outer loop
      vertex 2.19092 3.28719 11.2342
      vertex 2.10951 3.27951 11.322
      vertex 2.20154 3.30839 11.3041
    endloop
  endfacet
  facet normal 0.193011 0.962936 -0.188418
    outer loop
      vertex 2.59554 3.31767 11.354
      vertex 2.49142 3.32136 11.2662
      vertex 2.49953 3.33756 11.3573
    endloop
  endfacet
  facet normal -0.450636 0.871002 0.19566
    outer loop
      vertex 2.02246 3.23901 11.5578
      vertex 2.01462 3.22334 11.6095
      vertex 2.10951 3.27951 11.578
    endloop
  endfacet
  facet normal -0.347682 0.883942 0.312672
    outer loop
      vertex 2.10021 3.26092 11.6392
      vertex 2.0874 3.23533 11.6973
      vertex 2.19092 3.28719 11.6658
    endloop
  endfacet
  facet normal -0.347379 0.883794 0.313425
    outer loop
      vertex 2.19092 3.28719 11.6658
      vertex 2.0874 3.23533 11.6973
      vertex 2.17632 3.25801 11.7319
    endloop
  endfacet
  facet normal -0.368058 0.842309 0.393762
    outer loop
      vertex 2.0874 3.23533 11.6973
      vertex 2.07132 3.2032 11.751
      vertex 2.17632 3.25801 11.7319
    endloop
  endfacet
  facet normal 0.0292475 0.912164 -0.408781
    outer loop
      vertex 2.47806 3.29465 11.1782
      vertex 2.36406 3.2694 11.1137
      vertex 2.38148 3.3042 11.1926
    endloop
  endfacet
  facet normal -0.0594859 0.99662 0.0566622
    outer loop
      vertex 2.30646 3.34414 11.45
      vertex 2.30408 3.33937 11.5314
      vertex 2.40182 3.34484 11.5378
    endloop
  endfacet
  facet normal -0.206974 0.944415 -0.255424
    outer loop
      vertex 2.28522 3.30169 11.2114
      vertex 2.19092 3.28719 11.2342
      vertex 2.29695 3.32514 11.2886
    endloop
  endfacet
  facet normal -0.225607 0.908726 -0.351169
    outer loop
      vertex 2.19092 3.28719 11.2342
      vertex 2.19725 3.26059 11.1613
      vertex 2.18155 3.26844 11.1917
    endloop
  endfacet
  facet normal -0.224824 0.908919 -0.351171
    outer loop
      vertex 2.19725 3.26059 11.1613
      vertex 2.19092 3.28719 11.2342
      vertex 2.26907 3.26943 11.1382
    endloop
  endfacet
  facet normal -0.154577 0.806192 -0.571104
    outer loop
      vertex 2.34219 3.22568 11.0405
      vertex 2.32713 3.19559 11.0021
      vertex 2.26142 3.22847 11.0663
    endloop
  endfacet
  facet normal 0.216893 0.725014 -0.653691
    outer loop
      vertex 2.59297 3.09519 10.9208
      vertex 2.50193 3.13063 10.9299
      vertex 2.62185 3.15291 10.9944
    endloop
  endfacet
  facet normal -0.671872 0.721062 0.169283
    outer loop
      vertex 1.93562 3.1751 11.5769
      vertex 1.86457 3.11702 11.5423
      vertex 1.92703 3.15794 11.6159
    endloop
  endfacet
  facet normal -0.749847 0.659674 -0.0505886
    outer loop
      vertex 1.87186 3.13158 11.4185
      vertex 1.80544 3.05559 11.4121
      vertex 1.80711 3.05893 11.4309
    endloop
  endfacet
  facet normal -0.759605 0.640244 -0.114404
    outer loop
      vertex 1.86457 3.11702 11.3577
      vertex 1.7989 3.04252 11.3768
      vertex 1.80269 3.05009 11.394
    endloop
  endfacet
  facet normal -0.831111 0.554524 -0.0419184
    outer loop
      vertex 1.80269 3.05009 11.394
      vertex 1.75102 2.97546 11.4312
      vertex 1.75194 2.9773 11.4373
    endloop
  endfacet
  facet normal -0.843029 0.530763 -0.0871389
    outer loop
      vertex 1.78849 3.02173 11.3465
      vertex 1.74626 2.96595 11.4153
      vertex 1.74815 2.96974 11.4201
    endloop
  endfacet
  facet normal -0.776449 0.606459 -0.171273
    outer loop
      vertex 1.84119 3.07028 11.2795
      vertex 1.78849 3.02173 11.3465
      vertex 1.85049 3.08888 11.3032
    endloop
  endfacet
  facet normal -0.930777 0.355349 -0.0859161
    outer loop
      vertex 1.71521 2.90392 11.4153
      vertex 1.69589 2.83668 11.3465
      vertex 1.71332 2.90013 11.4201
    endloop
  endfacet
  facet normal -0.97751 0.204767 0.0504532
    outer loop
      vertex 1.67727 2.79948 11.4691
      vertex 1.65793 2.7041 11.4815
      vertex 1.67894 2.80282 11.4879
    endloop
  endfacet
  facet normal -0.898152 0.420577 -0.128208
    outer loop
      vertex 1.73364 2.91212 11.3049
      vertex 1.72524 2.89534 11.3087
      vertex 1.72506 2.92358 11.4026
    endloop
  endfacet
  facet normal -0.886178 0.38733 -0.25429
    outer loop
      vertex 1.75081 2.8897 11.211
      vertex 1.73697 2.86204 11.2171
      vertex 1.72524 2.89534 11.3087
    endloop
  endfacet
  facet normal -0.912037 0.392786 -0.117931
    outer loop
      vertex 1.72234 2.91815 11.4047
      vertex 1.70945 2.86378 11.3233
      vertex 1.71976 2.913 11.4075
    endloop
  endfacet
  facet normal -0.925162 0.366594 -0.0984107
    outer loop
      vertex 1.70233 2.84955 11.3339
      vertex 1.69589 2.83668 11.3465
      vertex 1.71737 2.90823 11.4111
    endloop
  endfacet
  facet normal -0.939105 0.187151 -0.288194
    outer loop
      vertex 1.70809 2.72045 11.1868
      vertex 1.6935 2.69128 11.2154
      vertex 1.6886 2.7654 11.2795
    endloop
  endfacet
  facet normal -0.955018 0.155329 -0.252614
    outer loop
      vertex 1.6935 2.69128 11.2154
      vertex 1.68069 2.6657 11.2481
      vertex 1.6886 2.7654 11.2795
    endloop
  endfacet
  facet normal -0.481766 0.808337 -0.338367
    outer loop
      vertex 2.07132 3.2032 11.149
      vertex 1.99028 3.1747 11.1963
      vertex 2.00383 3.20178 11.2417
    endloop
  endfacet
  facet normal -0.696852 0.671038 -0.253189
    outer loop
      vertex 1.91625 3.13638 11.2481
      vertex 1.84119 3.07028 11.2795
      vertex 1.85049 3.08888 11.3032
    endloop
  endfacet
  facet normal -0.787165 0.585026 -0.195233
    outer loop
      vertex 1.84119 3.07028 11.2795
      vertex 1.78205 3.00886 11.3339
      vertex 1.78849 3.02173 11.3465
    endloop
  endfacet
  facet normal -0.799187 0.561057 -0.215676
    outer loop
      vertex 1.81884 3.02563 11.2412
      vertex 1.78205 3.00886 11.3339
      vertex 1.83058 3.04908 11.2587
    endloop
  endfacet
  facet normal -0.7871 0.585204 -0.194961
    outer loop
      vertex 1.83058 3.04908 11.2587
      vertex 1.78205 3.00886 11.3339
      vertex 1.84119 3.07028 11.2795
    endloop
  endfacet
  facet normal -0.320912 0.936971 0.138204
    outer loop
      vertex 2.20798 3.32126 11.5236
      vertex 2.10951 3.27951 11.578
      vertex 2.20154 3.30839 11.5959
    endloop
  endfacet
  facet normal -0.321008 0.936965 0.138026
    outer loop
      vertex 2.11516 3.2908 11.5145
      vertex 2.10951 3.27951 11.578
      vertex 2.20798 3.32126 11.5236
    endloop
  endfacet
  facet normal -0.730373 0.474501 -0.491328
    outer loop
      vertex 1.86667 2.92772 11.0369
      vertex 1.81785 2.93976 11.1211
      vertex 1.8906 2.97553 11.0475
    endloop
  endfacet
  facet normal -0.655953 0.460854 -0.597779
    outer loop
      vertex 1.92463 2.91008 10.9597
      vertex 1.86667 2.92772 11.0369
      vertex 1.8906 2.97553 11.0475
    endloop
  endfacet
  facet normal -0.230694 0.653332 0.721067
    outer loop
      vertex 2.28662 3.11464 11.9837
      vertex 2.16692 3.06531 11.9901
      vertex 2.25388 3.04922 12.0325
    endloop
  endfacet
  facet normal -0.345991 0.665997 0.660862
    outer loop
      vertex 2.1114 3.12828 11.8974
      vertex 2.08396 3.07344 11.9383
      vertex 2.19728 3.12596 11.9447
    endloop
  endfacet
  facet normal -0.146524 0.28382 0.947617
    outer loop
      vertex 2.26667 2.87227 12.136
      vertex 2.2259 2.79079 12.1541
      vertex 2.35436 2.83574 12.1605
    endloop
  endfacet
  facet normal -0.0916374 0.393522 0.914737
    outer loop
      vertex 2.30604 2.95094 12.1061
      vertex 2.26667 2.87227 12.136
      vertex 2.35436 2.83574 12.1605
    endloop
  endfacet
  facet normal -0.471762 0.172246 0.864738
    outer loop
      vertex 1.99095 2.71369 12.0683
      vertex 2.06406 2.66994 12.1169
      vertex 2.10336 2.74846 12.1227
    endloop
  endfacet
  facet normal -0.421553 0.273921 0.864442
    outer loop
      vertex 2.06381 2.85927 12.0683
      vertex 2.02738 2.78648 12.0736
      vertex 2.10336 2.74846 12.1227
    endloop
  endfacet
  facet normal -0.683282 0.698226 0.213555
    outer loop
      vertex 1.92703 3.15794 11.6159
      vertex 1.85049 3.08888 11.5968
      vertex 1.91625 3.13638 11.6519
    endloop
  endfacet
  facet normal -0.696613 0.671566 0.252448
    outer loop
      vertex 1.91625 3.13638 11.6519
      vertex 1.85049 3.08888 11.5968
      vertex 1.90344 3.1108 11.6846
    endloop
  endfacet
  facet normal -0.587726 0.759862 0.277827
    outer loop
      vertex 2.00383 3.20178 11.6583
      vertex 1.91625 3.13638 11.6519
      vertex 1.99028 3.1747 11.7037
    endloop
  endfacet
  facet normal -0.481766 0.808337 0.338367
    outer loop
      vertex 2.00383 3.20178 11.6583
      vertex 1.99028 3.1747 11.7037
      vertex 2.07132 3.2032 11.751
    endloop
  endfacet
  facet normal -0.770372 0.524158 0.363023
    outer loop
      vertex 1.80618 3.00034 11.6727
      vertex 1.79282 2.97364 11.6829
      vertex 1.83689 2.97781 11.7704
    endloop
  endfacet
  facet normal -0.771065 0.523148 0.363008
    outer loop
      vertex 1.80618 3.00034 11.6727
      vertex 1.83689 2.97781 11.7704
      vertex 1.85528 3.01456 11.7565
    endloop
  endfacet
  facet normal -0.831111 0.554524 0.0419184
    outer loop
      vertex 1.75194 2.9773 11.4627
      vertex 1.75102 2.97546 11.4688
      vertex 1.80269 3.05009 11.506
    endloop
  endfacet
  facet normal -0.834067 0.54864 0.0576799
    outer loop
      vertex 1.80269 3.05009 11.506
      vertex 1.74975 2.97292 11.4745
      vertex 1.7989 3.04252 11.5232
    endloop
  endfacet
  facet normal -0.550407 0.83425 0.0328329
    outer loop
      vertex 2.02881 3.25171 11.45
      vertex 1.94565 3.19514 11.4933
      vertex 2.02722 3.24852 11.5044
    endloop
  endfacet
  facet normal -0.654724 0.755453 -0.025038
    outer loop
      vertex 1.94565 3.19514 11.4067
      vertex 1.87186 3.13158 11.4185
      vertex 1.87279 3.13343 11.45
    endloop
  endfacet
  facet normal -0.657648 0.749593 -0.0748941
    outer loop
      vertex 1.94565 3.19514 11.4067
      vertex 1.86911 3.12608 11.3876
      vertex 1.87186 3.13158 11.4185
    endloop
  endfacet
  facet normal -0.828178 0.5604 -0.00857952
    outer loop
      vertex 1.80711 3.05893 11.4309
      vertex 1.7525 2.97842 11.4436
      vertex 1.80767 3.06005 11.45
    endloop
  endfacet
  facet normal -0.321008 0.936965 -0.138026
    outer loop
      vertex 2.20798 3.32126 11.3764
      vertex 2.10951 3.27951 11.322
      vertex 2.11516 3.2908 11.3855
    endloop
  endfacet
  facet normal -0.441288 0.889457 -0.118877
    outer loop
      vertex 2.10951 3.27951 11.322
      vertex 2.02722 3.24852 11.3956
      vertex 2.11516 3.2908 11.3855
    endloop
  endfacet
  facet normal -0.654747 0.755431 0.02511
    outer loop
      vertex 1.94692 3.19768 11.45
      vertex 1.87279 3.13343 11.45
      vertex 1.94565 3.19514 11.4933
    endloop
  endfacet
  facet normal -0.550422 0.834242 0.032793
    outer loop
      vertex 1.94692 3.19768 11.45
      vertex 1.94565 3.19514 11.4933
      vertex 2.02881 3.25171 11.45
    endloop
  endfacet
  facet normal -0.436644 0.89875 -0.0398763
    outer loop
      vertex 2.11516 3.2908 11.3855
      vertex 2.02881 3.25171 11.45
      vertex 2.11705 3.29458 11.45
    endloop
  endfacet
  facet normal -0.43668 0.89873 -0.039938
    outer loop
      vertex 2.11516 3.2908 11.3855
      vertex 2.02722 3.24852 11.3956
      vertex 2.02881 3.25171 11.45
    endloop
  endfacet
  facet normal -0.994216 0.0771203 -0.0747483
    outer loop
      vertex 1.65507 2.6145 11.3641
      vertex 1.65128 2.60693 11.4067
      vertex 1.66068 2.7096 11.3876
    endloop
  endfacet
  facet normal -0.997144 0.0712319 -0.0250844
    outer loop
      vertex 1.65128 2.60693 11.4067
      vertex 1.65001 2.6044 11.45
      vertex 1.657 2.70225 11.45
    endloop
  endfacet
  facet normal -0.979878 0.105691 0.16932
    outer loop
      vertex 1.66522 2.71866 11.5423
      vertex 1.66131 2.62698 11.5769
      vertex 1.6699 2.64414 11.6159
    endloop
  endfacet
  facet normal -0.977506 0.20476 0.050549
    outer loop
      vertex 1.67894 2.80282 11.4879
      vertex 1.65793 2.7041 11.4815
      vertex 1.66068 2.7096 11.5124
    endloop
  endfacet
  facet normal -0.981132 -0.189202 -0.0397712
    outer loop
      vertex 1.65745 2.50965 11.3956
      vertex 1.67632 2.41392 11.3855
      vertex 1.65586 2.50646 11.45
    endloop
  endfacet
  facet normal -0.997691 -0.0595529 -0.0326526
    outer loop
      vertex 1.65745 2.50965 11.3956
      vertex 1.65586 2.50646 11.45
      vertex 1.65128 2.60693 11.4067
    endloop
  endfacet
  facet normal -0.955016 0.155283 0.252649
    outer loop
      vertex 1.6793 2.7468 11.5968
      vertex 1.68069 2.6657 11.6519
      vertex 1.6935 2.69128 11.6846
    endloop
  endfacet
  facet normal -0.997686 -0.0595922 0.0327443
    outer loop
      vertex 1.65001 2.6044 11.45
      vertex 1.65586 2.50646 11.45
      vertex 1.65128 2.60693 11.4933
    endloop
  endfacet
  facet normal -0.931619 -0.28351 0.227395
    outer loop
      vertex 1.68197 2.4252 11.578
      vertex 1.71402 2.33424 11.5959
      vertex 1.72463 2.35544 11.6658
    endloop
  endfacet
  facet normal -0.997686 -0.0595922 -0.0327443
    outer loop
      vertex 1.65128 2.60693 11.4067
      vertex 1.65586 2.50646 11.45
      vertex 1.65001 2.6044 11.45
    endloop
  endfacet
  facet normal -0.882477 0.451864 0.130592
    outer loop
      vertex 1.7336 2.94066 11.4986
      vertex 1.73074 2.93493 11.4991
      vertex 1.74219 2.9292 11.5963
    endloop
  endfacet
  facet normal -0.882865 0.451121 0.130539
    outer loop
      vertex 1.7336 2.94066 11.4986
      vertex 1.74219 2.9292 11.5963
      vertex 1.75074 2.94628 11.5951
    endloop
  endfacet
  facet normal -0.787068 0.585232 0.195007
    outer loop
      vertex 1.84119 3.07028 11.6205
      vertex 1.78849 3.02173 11.5535
      vertex 1.83058 3.04908 11.6413
    endloop
  endfacet
  facet normal -0.712854 0.639412 0.288084
    outer loop
      vertex 1.84119 3.07028 11.6205
      vertex 1.83058 3.04908 11.6413
      vertex 1.90344 3.1108 11.6846
    endloop
  endfacet
  facet normal -0.787219 0.584979 0.195158
    outer loop
      vertex 1.78849 3.02173 11.5535
      vertex 1.78205 3.00886 11.5661
      vertex 1.83058 3.04908 11.6413
    endloop
  endfacet
  facet normal -0.848058 0.520688 0.0983939
    outer loop
      vertex 1.78849 3.02173 11.5535
      vertex 1.74626 2.96595 11.4847
      vertex 1.78205 3.00886 11.5661
    endloop
  endfacet
  facet normal -0.767225 0.624975 0.144121
    outer loop
      vertex 1.7989 3.04252 11.5232
      vertex 1.79414 3.03301 11.5391
      vertex 1.85049 3.08888 11.5968
    endloop
  endfacet
  facet normal -0.837945 0.540896 0.0726609
    outer loop
      vertex 1.7989 3.04252 11.5232
      vertex 1.74975 2.97292 11.4745
      vertex 1.79414 3.03301 11.5391
    endloop
  endfacet
  facet normal 0.733294 -0.112319 -0.67057
    outer loop
      vertex 2.96154 2.4621 10.9723
      vertex 2.91398 2.50981 10.9123
      vertex 2.98895 2.51687 10.9931
    endloop
  endfacet
  facet normal 0.736298 -0.106396 -0.668241
    outer loop
      vertex 2.91398 2.50981 10.9123
      vertex 2.96154 2.4621 10.9723
      vertex 2.91181 2.50547 10.9106
    endloop
  endfacet
  facet normal 0.942461 -0.0511041 -0.330386
    outer loop
      vertex 3.10561 2.61653 11.1963
      vertex 3.11931 2.5343 11.2481
      vertex 3.08953 2.5844 11.1554
    endloop
  endfacet
  facet normal 0.860644 -0.0515248 -0.506593
    outer loop
      vertex 3.03898 2.61685 11.0577
      vertex 3.0509 2.50723 11.0891
      vertex 3.01491 2.56875 11.0217
    endloop
  endfacet
  facet normal 0.693128 -0.19296 -0.694507
    outer loop
      vertex 2.90956 2.50098 10.9096
      vertex 2.93314 2.40536 10.9597
      vertex 2.87975 2.44141 10.8964
    endloop
  endfacet
  facet normal 0.771876 -0.0356529 -0.634773
    outer loop
      vertex 2.97003 2.6218 10.9642
      vertex 2.98895 2.51687 10.9931
      vertex 2.94276 2.56732 10.9341
    endloop
  endfacet
  facet normal 0.481766 -0.808337 -0.338367
    outer loop
      vertex 2.79617 1.99822 11.2417
      vertex 2.72868 1.9968 11.149
      vertex 2.80972 2.0253 11.1963
    endloop
  endfacet
  facet normal 0.796692 -0.179544 -0.577101
    outer loop
      vertex 2.98895 2.51687 10.9931
      vertex 3.00593 2.41736 11.0475
      vertex 2.96154 2.4621 10.9723
    endloop
  endfacet
  facet normal 0.464 -0.843882 -0.269382
    outer loop
      vertex 2.78538 1.97666 11.2905
      vertex 2.69979 1.93908 11.2608
      vertex 2.7126 1.96467 11.2027
    endloop
  endfacet
  facet normal -0.175941 -0.643254 -0.745164
    outer loop
      vertex 2.20703 2.10481 10.9208
      vertex 2.27994 2.10097 10.9069
      vertex 2.29806 2.06937 10.9299
    endloop
  endfacet
  facet normal -0.17597 -0.642988 -0.745387
    outer loop
      vertex 2.27994 2.10097 10.9069
      vertex 2.20703 2.10481 10.9208
      vertex 2.2201 2.13091 10.8952
    endloop
  endfacet
  facet normal -0.216907 -0.724993 -0.65371
    outer loop
      vertex 2.29806 2.06937 10.9299
      vertex 2.17814 2.04709 10.9944
      vertex 2.20703 2.10481 10.9208
    endloop
  endfacet
  facet normal 0.0693842 -0.71568 0.694974
    outer loop
      vertex 2.4221 2.10548 12.0134
      vertex 2.39084 2.04302 11.9522
      vertex 2.48378 2.0262 11.9256
    endloop
  endfacet
  facet normal -0.0543006 -0.684836 0.726671
    outer loop
      vertex 2.4221 2.10548 12.0134
      vertex 2.29806 2.06937 11.9701
      vertex 2.39084 2.04302 11.9522
    endloop
  endfacet
  facet normal 0.702152 -0.531235 0.474102
    outer loop
      vertex 2.9094 2.22447 11.8525
      vertex 2.8863 2.17832 11.835
      vertex 2.96311 2.22219 11.7704
    endloop
  endfacet
  facet normal 0.621281 -0.529877 0.57727
    outer loop
      vertex 2.9094 2.22447 11.8525
      vertex 2.81957 2.17841 11.9069
      vertex 2.8863 2.17832 11.835
    endloop
  endfacet
  facet normal 0.649676 -0.636068 0.41634
    outer loop
      vertex 2.9273 2.15064 11.7373
      vertex 2.86443 2.1346 11.8109
      vertex 2.91116 2.11838 11.7132
    endloop
  endfacet
  facet normal 0.529323 -0.7139 0.458437
    outer loop
      vertex 2.76953 2.07844 11.8423
      vertex 2.74777 2.03495 11.7997
      vertex 2.82581 2.05743 11.7446
    endloop
  endfacet
  facet normal 0.554189 -0.826635 -0.0977181
    outer loop
      vertex 2.85435 2.00486 11.4067
      vertex 2.77754 1.96099 11.3422
      vertex 2.85813 2.01243 11.3641
    endloop
  endfacet
  facet normal 0.771065 -0.523148 0.363008
    outer loop
      vertex 2.96311 2.22219 11.7704
      vertex 2.94472 2.18544 11.7565
      vertex 2.99382 2.19966 11.6727
    endloop
  endfacet
  facet normal 0.750341 -0.564595 0.343833
    outer loop
      vertex 2.99382 2.19966 11.6727
      vertex 2.94472 2.18544 11.7565
      vertex 2.98116 2.17437 11.6588
    endloop
  endfacet
  facet normal 0.690983 -0.390863 0.608086
    outer loop
      vertex 2.95767 2.32091 11.8667
      vertex 2.87537 2.28992 11.9403
      vertex 2.93333 2.27228 11.8631
    endloop
  endfacet
  facet normal 0.474234 -0.410652 0.77876
    outer loop
      vertex 2.73619 2.34073 12.0683
      vertex 2.77691 2.24818 11.9947
      vertex 2.80928 2.31287 12.0091
    endloop
  endfacet
  facet normal 0.345991 -0.665997 0.660862
    outer loop
      vertex 2.71604 2.12656 11.9383
      vertex 2.60272 2.07404 11.9447
      vertex 2.6886 2.07172 11.8974
    endloop
  endfacet
  facet normal 0.456211 -0.66732 0.588689
    outer loop
      vertex 2.71604 2.12656 11.9383
      vertex 2.6886 2.07172 11.8974
      vertex 2.76953 2.07844 11.8423
    endloop
  endfacet
  facet normal -0.754288 -0.653757 0.0604256
    outer loop
      vertex 1.80232 2.14692 11.45
      vertex 1.86657 2.07279 11.45
      vertex 1.80489 2.15207 11.5378
    endloop
  endfacet
  facet normal -0.833351 -0.549834 0.0566442
    outer loop
      vertex 1.74829 2.22881 11.45
      vertex 1.80232 2.14692 11.45
      vertex 1.80489 2.15207 11.5378
    endloop
  endfacet
  facet normal -0.88006 -0.40034 0.255387
    outer loop
      vertex 1.72463 2.35544 11.6658
      vertex 1.7578 2.24782 11.6114
      vertex 1.76954 2.27126 11.6886
    endloop
  endfacet
  facet normal -0.813615 -0.510359 0.278502
    outer loop
      vertex 1.7578 2.24782 11.6114
      vertex 1.81258 2.16742 11.6241
      vertex 1.82523 2.19271 11.7074
    endloop
  endfacet
  facet normal -0.712613 -0.570142 0.408804
    outer loop
      vertex 1.82523 2.19271 11.7074
      vertex 1.89076 2.12113 11.7218
      vertex 1.84265 2.22751 11.7863
    endloop
  endfacet
  facet normal -0.880243 -0.400194 0.254985
    outer loop
      vertex 1.71402 2.33424 11.5959
      vertex 1.7578 2.24782 11.6114
      vertex 1.72463 2.35544 11.6658
    endloop
  endfacet
  facet normal -0.640435 -0.702449 0.310498
    outer loop
      vertex 1.8774 2.09443 11.6338
      vertex 1.95117 2.03009 11.6404
      vertex 1.96501 2.05774 11.7315
    endloop
  endfacet
  facet normal -0.655042 -0.731719 0.188431
    outer loop
      vertex 1.8774 2.09443 11.6338
      vertex 1.94277 2.0133 11.546
      vertex 1.95117 2.03009 11.6404
    endloop
  endfacet
  facet normal -0.200367 -0.977677 0.0632531
    outer loop
      vertex 2.30047 1.86244 11.5427
      vertex 2.20446 1.88233 11.546
      vertex 2.29775 1.857 11.45
    endloop
  endfacet
  facet normal -0.0711458 -0.995629 -0.0605149
    outer loop
      vertex 2.39818 1.85516 11.3622
      vertex 2.29775 1.857 11.45
      vertex 2.30047 1.86244 11.3573
    endloop
  endfacet
  facet normal -0.17835 -0.933666 0.310577
    outer loop
      vertex 2.2267 1.92678 11.7315
      vertex 2.21286 1.89912 11.6404
      vertex 2.30858 1.87864 11.6338
    endloop
  endfacet
  facet normal -0.178464 -0.933675 0.310486
    outer loop
      vertex 2.2267 1.92678 11.7315
      vertex 2.30858 1.87864 11.6338
      vertex 2.32194 1.90535 11.7218
    endloop
  endfacet
  facet normal -0.516353 -0.455404 -0.72525
    outer loop
      vertex 1.95966 2.25881 10.9478
      vertex 2.02595 2.22808 10.9199
      vertex 2.03637 2.20034 10.9299
    endloop
  endfacet
  facet normal -0.51564 -0.450801 -0.728625
    outer loop
      vertex 2.02595 2.22808 10.9199
      vertex 1.95966 2.25881 10.9478
      vertex 1.96064 2.26076 10.9459
    endloop
  endfacet
  facet normal -0.613962 -0.370535 -0.696961
    outer loop
      vertex 1.96064 2.26076 10.9459
      vertex 1.95966 2.25881 10.9478
      vertex 1.95397 2.2641 10.95
    endloop
  endfacet
  facet normal -0.685358 -0.516492 -0.513342
    outer loop
      vertex 1.93225 2.20403 11.0177
      vertex 1.84265 2.22751 11.1137
      vertex 1.86453 2.27123 11.0405
    endloop
  endfacet
  facet normal -0.652756 -0.448072 -0.610853
    outer loop
      vertex 1.95966 2.25881 10.9478
      vertex 1.90208 2.29007 10.9864
      vertex 1.95397 2.2641 10.95
    endloop
  endfacet
  facet normal -0.652824 -0.450464 -0.609018
    outer loop
      vertex 1.90208 2.29007 10.9864
      vertex 1.95966 2.25881 10.9478
      vertex 1.93225 2.20403 11.0177
    endloop
  endfacet
  facet normal 0.33157 -0.915592 0.227493
    outer loop
      vertex 2.60907 1.91282 11.6658
      vertex 2.59846 1.89161 11.5959
      vertex 2.69049 1.92049 11.578
    endloop
  endfacet
  facet normal 0.441406 -0.889376 0.119043
    outer loop
      vertex 2.77754 1.96099 11.5578
      vertex 2.69049 1.92049 11.578
      vertex 2.77278 1.95148 11.5044
    endloop
  endfacet
  facet normal -0.064053 -0.981527 -0.180282
    outer loop
      vertex 2.39818 1.85516 11.3622
      vertex 2.30858 1.87864 11.2662
      vertex 2.40586 1.87051 11.2759
    endloop
  endfacet
  facet normal 0.0661038 -0.98339 -0.169037
    outer loop
      vertex 2.49592 1.86063 11.3686
      vertex 2.39818 1.85516 11.3622
      vertex 2.50304 1.87486 11.2886
    endloop
  endfacet
  facet normal 0.99386 0.051997 0.0976608
    outer loop
      vertex 3.13779 2.68084 11.5578
      vertex 3.14493 2.5855 11.5359
      vertex 3.14872 2.59307 11.4933
    endloop
  endfacet
  facet normal 0.988377 -0.0887973 0.123397
    outer loop
      vertex 3.13869 2.57302 11.5769
      vertex 3.13932 2.4904 11.5124
      vertex 3.14493 2.5855 11.5359
    endloop
  endfacet
  facet normal 0.914187 0.0551254 0.401526
    outer loop
      vertex 3.06075 2.66034 11.7997
      vertex 3.08953 2.5844 11.7446
      vertex 3.07984 2.69848 11.751
    endloop
  endfacet
  facet normal 0.888719 0.00418229 0.458434
    outer loop
      vertex 3.03898 2.61685 11.8423
      vertex 3.08953 2.5844 11.7446
      vertex 3.06075 2.66034 11.7997
    endloop
  endfacet
  facet normal 0.921123 -0.223085 0.319008
    outer loop
      vertex 3.09191 2.47955 11.7132
      vertex 3.08905 2.38995 11.6588
      vertex 3.10079 2.4134 11.6413
    endloop
  endfacet
  facet normal 0.898523 -0.138668 0.416446
    outer loop
      vertex 3.0509 2.50723 11.8109
      vertex 3.07576 2.44728 11.7373
      vertex 3.09191 2.47955 11.7132
    endloop
  endfacet
  facet normal 0.967717 -0.224302 0.114947
    outer loop
      vertex 3.12854 2.46887 11.5705
      vertex 3.11831 2.39168 11.506
      vertex 3.13478 2.48134 11.5423
    endloop
  endfacet
  facet normal 0.954963 -0.155379 -0.252789
    outer loop
      vertex 3.1207 2.4532 11.3032
      vertex 3.1114 2.4346 11.2795
      vertex 3.11931 2.5343 11.2481
    endloop
  endfacet
  facet normal 0.788408 -0.35846 0.499919
    outer loop
      vertex 2.98201 2.36955 11.8631
      vertex 3.00153 2.29896 11.7817
      vertex 3.02091 2.33768 11.7789
    endloop
  endfacet
  facet normal 0.836958 -0.391239 0.382666
    outer loop
      vertex 3.00153 2.29896 11.7817
      vertex 3.0351 2.28216 11.6911
      vertex 3.02091 2.33768 11.7789
    endloop
  endfacet
  facet normal 0.347639 -0.883844 -0.312997
    outer loop
      vertex 2.60907 1.91282 11.2342
      vertex 2.61845 1.93156 11.1917
      vertex 2.62336 1.9291 11.2041
    endloop
  endfacet
  facet normal 0.347395 -0.88389 -0.313138
    outer loop
      vertex 2.62336 1.9291 11.2041
      vertex 2.7126 1.96467 11.2027
      vertex 2.60907 1.91282 11.2342
    endloop
  endfacet
  facet normal 0.347415 -0.883934 -0.312992
    outer loop
      vertex 2.7126 1.96467 11.2027
      vertex 2.62336 1.9291 11.2041
      vertex 2.63071 1.94378 11.1708
    endloop
  endfacet
  facet normal 0.610734 -0.35711 -0.706736
    outer loop
      vertex 2.87537 2.28992 10.9597
      vertex 2.8168 2.31562 10.8961
      vertex 2.90426 2.34764 10.9555
    endloop
  endfacet
  facet normal 0.612622 -0.353391 -0.706972
    outer loop
      vertex 2.8168 2.31562 10.8961
      vertex 2.87537 2.28992 10.9597
      vertex 2.81451 2.31105 10.8964
    endloop
  endfacet
  facet normal 0.730662 -0.60373 -0.318815
    outer loop
      vertex 2.98116 2.17437 11.2412
      vertex 2.91116 2.11838 11.1868
      vertex 2.9273 2.15064 11.1627
    endloop
  endfacet
  facet normal 0.626119 -0.682863 0.376394
    outer loop
      vertex 2.84414 2.09408 11.7806
      vertex 2.82581 2.05743 11.7446
      vertex 2.91116 2.11838 11.7132
    endloop
  endfacet
  facet normal 0.997691 0.0595529 -0.0326526
    outer loop
      vertex 3.14414 2.69354 11.45
      vertex 3.14872 2.59307 11.4067
      vertex 3.14255 2.69035 11.3956
    endloop
  endfacet
  facet normal 0.976479 0.179761 -0.119056
    outer loop
      vertex 3.14255 2.69035 11.3956
      vertex 3.13779 2.68084 11.3422
      vertex 3.11803 2.7748 11.322
    endloop
  endfacet
  facet normal 0.898153 -0.420582 0.128187
    outer loop
      vertex 3.06636 2.28788 11.5951
      vertex 3.07213 2.27079 11.4986
      vertex 3.07476 2.30466 11.5913
    endloop
  endfacet
  facet normal 0.960132 -0.239489 -0.144194
    outer loop
      vertex 3.11452 2.38411 11.3768
      vertex 3.10976 2.3746 11.3609
      vertex 3.1207 2.4532 11.3032
    endloop
  endfacet
  facet normal 0.935214 -0.346537 -0.072708
    outer loop
      vertex 3.11452 2.38411 11.3768
      vertex 3.08827 2.30305 11.4255
      vertex 3.10976 2.3746 11.3609
    endloop
  endfacet
  facet normal 0.925171 -0.366561 0.0984489
    outer loop
      vertex 3.09767 2.35045 11.5661
      vertex 3.08479 2.29608 11.4847
      vertex 3.10411 2.36332 11.5535
    endloop
  endfacet
  facet normal 0.96779 -0.22417 -0.11459
    outer loop
      vertex 3.11831 2.39168 11.394
      vertex 3.11452 2.38411 11.3768
      vertex 3.13478 2.48134 11.3577
    endloop
  endfacet
  facet normal 0.658203 -0.0432471 0.751597
    outer loop
      vertex 2.84485 2.55786 12.0524
      vertex 2.90754 2.5092 11.9947
      vertex 2.87942 2.62693 12.0261
    endloop
  endfacet
  facet normal 0.693586 -0.192654 0.694135
    outer loop
      vertex 2.87516 2.44451 12.0091
      vertex 2.93314 2.40536 11.9403
      vertex 2.90754 2.5092 11.9947
    endloop
  endfacet
  facet normal 0.521531 -0.072017 0.850188
    outer loop
      vertex 2.77456 2.60723 12.0997
      vertex 2.80905 2.48631 12.0683
      vertex 2.84485 2.55786 12.0524
    endloop
  endfacet
  facet normal 0.652375 -0.27498 0.706253
    outer loop
      vertex 2.87516 2.44451 12.0091
      vertex 2.84222 2.37869 12.0139
      vertex 2.93314 2.40536 11.9403
    endloop
  endfacet
  facet normal -0.0292424 -0.912167 0.408773
    outer loop
      vertex 2.34033 1.94209 11.8051
      vertex 2.32194 1.90535 11.7218
      vertex 2.43594 1.9306 11.7863
    endloop
  endfacet
  facet normal -0.00211003 -0.857997 0.513651
    outer loop
      vertex 2.36343 1.98825 11.8823
      vertex 2.34033 1.94209 11.8051
      vertex 2.43594 1.9306 11.7863
    endloop
  endfacet
  facet normal 0.098569 -0.918353 0.38329
    outer loop
      vertex 2.43594 1.9306 11.7863
      vertex 2.41852 1.8958 11.7074
      vertex 2.53093 1.93057 11.7618
    endloop
  endfacet
  facet normal 0.248291 -0.86267 0.440628
    outer loop
      vertex 2.64201 1.97863 11.7933
      vertex 2.53093 1.93057 11.7618
      vertex 2.62367 1.94199 11.7319
    endloop
  endfacet
  facet normal 0.346427 -0.667101 0.659519
    outer loop
      vertex 2.63308 2.13469 11.9901
      vertex 2.60272 2.07404 11.9447
      vertex 2.71604 2.12656 11.9383
    endloop
  endfacet
  facet normal 0.231268 -0.654557 0.719771
    outer loop
      vertex 2.63308 2.13469 11.9901
      vertex 2.51338 2.08536 11.9837
      vertex 2.60272 2.07404 11.9447
    endloop
  endfacet
  facet normal 0.438988 0.877076 -0.195007
    outer loop
      vertex 2.76739 3.22451 11.2563
      vertex 2.6882 3.28549 11.3523
      vertex 2.77593 3.24158 11.3523
    endloop
  endfacet
  facet normal 0.438856 0.877112 -0.195139
    outer loop
      vertex 2.6882 3.28549 11.3523
      vertex 2.76739 3.22451 11.2563
      vertex 2.67965 3.26841 11.2563
    endloop
  endfacet
  facet normal 0.733319 0.611594 -0.296978
    outer loop
      vertex 2.9226 3.10557 11.2662
      vertex 2.97476 3.00729 11.1926
      vertex 2.90923 3.07887 11.1782
    endloop
  endfacet
  facet normal 0.640398 0.702506 -0.310444
    outer loop
      vertex 2.9226 3.10557 11.2662
      vertex 2.90923 3.07887 11.1782
      vertex 2.83499 3.14226 11.1685
    endloop
  endfacet
  facet normal -0.569925 0.439102 -0.694532
    outer loop
      vertex 1.98549 2.88895 10.8964
      vertex 1.92463 2.91008 10.9597
      vertex 2.0153 2.94852 10.9096
    endloop
  endfacet
  facet normal -0.588195 0.595864 -0.546784
    outer loop
      vertex 2.0064 3.07347 11.0217
      vertex 1.98043 3.02159 10.9931
      vertex 1.93557 3.0654 11.0891
    endloop
  endfacet
  facet normal -0.702216 0.530844 -0.474444
    outer loop
      vertex 1.9137 3.02168 11.065
      vertex 1.83689 2.97781 11.1296
      vertex 1.85528 3.01456 11.1435
    endloop
  endfacet
  facet normal -0.674992 0.58529 -0.449245
    outer loop
      vertex 1.9137 3.02168 11.065
      vertex 1.85528 3.01456 11.1435
      vertex 1.93557 3.0654 11.0891
    endloop
  endfacet
  facet normal 0.55616 0.533645 -0.63711
    outer loop
      vertex 2.86775 2.99597 11.0177
      vertex 2.76363 2.99966 10.9299
      vertex 2.79202 3.05639 11.0022
    endloop
  endfacet
  facet normal 0.590601 0.602555 -0.536766
    outer loop
      vertex 2.81595 3.1042 11.0822
      vertex 2.86775 2.99597 11.0177
      vertex 2.79202 3.05639 11.0022
    endloop
  endfacet
  facet normal 0.915995 0.251106 -0.312888
    outer loop
      vertex 3.07537 2.84456 11.2342
      vertex 3.0709 2.82336 11.2041
      vertex 3.06599 2.82582 11.1917
    endloop
  endfacet
  facet normal 0.915732 0.251779 -0.313116
    outer loop
      vertex 3.0709 2.82336 11.2041
      vertex 3.09592 2.73062 11.2027
      vertex 3.06355 2.80868 11.1708
    endloop
  endfacet
  facet normal 0.915671 0.251765 -0.313305
    outer loop
      vertex 3.09592 2.73062 11.2027
      vertex 3.0709 2.82336 11.2041
      vertex 3.07537 2.84456 11.2342
    endloop
  endfacet
  facet normal 0.979878 -0.105691 -0.16932
    outer loop
      vertex 3.13869 2.57302 11.3231
      vertex 3.13478 2.48134 11.3577
      vertex 3.1301 2.55586 11.2841
    endloop
  endfacet
  facet normal 0.82674 0.536596 -0.169016
    outer loop
      vertex 2.9951 3.04793 11.3622
      vertex 3.0422 2.95218 11.2886
      vertex 2.98742 3.03258 11.2759
    endloop
  endfacet
  facet normal 0.862344 0.364758 -0.351161
    outer loop
      vertex 3.06599 2.82582 11.1917
      vertex 3.01432 2.89647 11.1382
      vertex 3.07537 2.84456 11.2342
    endloop
  endfacet
  facet normal 0.862353 0.364871 -0.351022
    outer loop
      vertex 3.01432 2.89647 11.1382
      vertex 3.06599 2.82582 11.1917
      vertex 3.05029 2.83368 11.1613
    endloop
  endfacet
  facet normal 0.86231 0.364967 -0.351027
    outer loop
      vertex 3.03046 2.92874 11.2114
      vertex 3.07537 2.84456 11.2342
      vertex 3.01432 2.89647 11.1382
    endloop
  endfacet
  facet normal 0.88006 0.40034 -0.255387
    outer loop
      vertex 3.0422 2.95218 11.2886
      vertex 3.07537 2.84456 11.2342
      vertex 3.03046 2.92874 11.2114
    endloop
  endfacet
  facet normal 0.947776 0.315552 -0.0463367
    outer loop
      vertex 3.09458 2.88295 11.45
      vertex 3.12557 2.78987 11.45
      vertex 3.09242 2.87863 11.3764
    endloop
  endfacet
  facet normal 0.942388 0.304737 -0.137983
    outer loop
      vertex 3.12368 2.78608 11.3855
      vertex 3.11803 2.7748 11.322
      vertex 3.09242 2.87863 11.3764
    endloop
  endfacet
  facet normal 0.833324 0.549871 0.0566895
    outer loop
      vertex 2.9951 3.04793 11.5378
      vertex 3.04932 2.96642 11.5314
      vertex 3.05171 2.97119 11.45
    endloop
  endfacet
  facet normal 0.826696 0.536637 0.169097
    outer loop
      vertex 2.9951 3.04793 11.5378
      vertex 3.0422 2.95218 11.6114
      vertex 3.04932 2.96642 11.5314
    endloop
  endfacet
  facet normal 0.515615 0.454008 0.726649
    outer loop
      vertex 2.76363 2.99966 11.9701
      vertex 2.80908 2.87874 12.0134
      vertex 2.84034 2.94119 11.9522
    endloop
  endfacet
  facet normal 0.51649 0.454094 0.725973
    outer loop
      vertex 2.73125 2.93497 12.0336
      vertex 2.80908 2.87874 12.0134
      vertex 2.76363 2.99966 11.9701
    endloop
  endfacet
  facet normal 0.662477 0.207199 0.719856
    outer loop
      vertex 2.8799 2.81773 11.9837
      vertex 2.91216 2.69235 11.9901
      vertex 2.94252 2.75301 11.9447
    endloop
  endfacet
  facet normal 0.741566 0.122516 0.659599
    outer loop
      vertex 2.91216 2.69235 11.9901
      vertex 2.9684 2.63082 11.9383
      vertex 2.94252 2.75301 11.9447
    endloop
  endfacet
  facet normal 0.473621 0.0944406 0.875651
    outer loop
      vertex 2.73722 2.73515 12.1061
      vertex 2.77456 2.60723 12.0997
      vertex 2.81184 2.68174 12.0715
    endloop
  endfacet
  facet normal 0.571209 0.0247153 0.820433
    outer loop
      vertex 2.81184 2.68174 12.0715
      vertex 2.77456 2.60723 12.0997
      vertex 2.87942 2.62693 12.0261
    endloop
  endfacet
  facet normal 0.611196 -0.357305 0.706238
    outer loop
      vertex 2.84222 2.37869 12.0139
      vertex 2.87537 2.28992 11.9403
      vertex 2.90426 2.34764 11.9445
    endloop
  endfacet
  facet normal 0.611136 -0.357352 0.706267
    outer loop
      vertex 2.84222 2.37869 12.0139
      vertex 2.80928 2.31287 12.0091
      vertex 2.87537 2.28992 11.9403
    endloop
  endfacet
  facet normal -0.203316 -0.11456 0.972388
    outer loop
      vertex 2.18395 2.49523 12.1605
      vertex 2.26945 2.44874 12.1729
      vertex 2.31242 2.5346 12.192
    endloop
  endfacet
  facet normal -0.259481 -0.22683 0.938732
    outer loop
      vertex 2.18395 2.49523 12.1605
      vertex 2.22796 2.36584 12.1414
      vertex 2.26945 2.44874 12.1729
    endloop
  endfacet
  facet normal -0.312983 -0.334141 0.88904
    outer loop
      vertex 2.10455 2.33658 12.087
      vertex 2.18867 2.28732 12.0981
      vertex 2.14317 2.41375 12.1296
    endloop
  endfacet
  facet normal -0.312491 -0.334019 0.889259
    outer loop
      vertex 2.14317 2.41375 12.1296
      vertex 2.18867 2.28732 12.0981
      vertex 2.22796 2.36584 12.1414
    endloop
  endfacet
  facet normal -0.939107 0.187165 0.288181
    outer loop
      vertex 1.69921 2.7866 11.6413
      vertex 1.6935 2.69128 11.6846
      vertex 1.70809 2.72045 11.7132
    endloop
  endfacet
  facet normal -0.942651 0.0502369 0.329978
    outer loop
      vertex 1.68069 2.6657 11.6519
      vertex 1.71047 2.6156 11.7446
      vertex 1.6935 2.69128 11.6846
    endloop
  endfacet
  facet normal -0.520458 0.318175 0.792394
    outer loop
      vertex 2.06381 2.85927 12.0683
      vertex 1.95778 2.82131 12.0139
      vertex 2.02738 2.78648 12.0736
    endloop
  endfacet
  facet normal -0.275756 0.565668 0.77716
    outer loop
      vertex 2.16692 3.06531 11.9901
      vertex 2.13418 2.99989 12.0261
      vertex 2.21856 2.97865 12.0715
    endloop
  endfacet
  facet normal -0.652374 0.275024 0.706236
    outer loop
      vertex 1.89574 2.85236 11.9445
      vertex 1.86686 2.79464 11.9403
      vertex 1.95778 2.82131 12.0139
    endloop
  endfacet
  facet normal -0.817929 0.299472 0.491231
    outer loop
      vertex 1.77909 2.86232 11.7789
      vertex 1.76005 2.82426 11.7704
      vertex 1.81799 2.83045 11.8631
    endloop
  endfacet
  facet normal -0.740491 -0.122223 0.66086
    outer loop
      vertex 1.80415 2.51434 11.8974
      vertex 1.85748 2.44699 11.9447
      vertex 1.8316 2.56918 11.9383
    endloop
  endfacet
  facet normal -0.662477 -0.207199 0.719856
    outer loop
      vertex 1.85748 2.44699 11.9447
      vertex 1.9201 2.38227 11.9837
      vertex 1.88784 2.50765 11.9901
    endloop
  endfacet
  facet normal -0.614428 -0.373458 0.694987
    outer loop
      vertex 1.89049 2.32311 11.9256
      vertex 1.95966 2.25881 11.9522
      vertex 1.99092 2.32127 12.0134
    endloop
  endfacet
  facet normal -0.614093 -0.374773 0.694576
    outer loop
      vertex 1.9201 2.38227 11.9837
      vertex 1.89049 2.32311 11.9256
      vertex 1.99092 2.32127 12.0134
    endloop
  endfacet
  facet normal -0.570634 -0.288072 0.76902
    outer loop
      vertex 1.9201 2.38227 11.9837
      vertex 1.99092 2.32127 12.0134
      vertex 1.95284 2.44769 12.0325
    endloop
  endfacet
  facet normal -0.369924 -0.162535 0.914734
    outer loop
      vertex 2.10215 2.54352 12.136
      vertex 2.06278 2.46485 12.1061
      vertex 2.18395 2.49523 12.1605
    endloop
  endfacet
  facet normal -0.248655 -0.496914 0.831413
    outer loop
      vertex 2.18867 2.28732 12.0981
      vertex 2.23997 2.17063 12.0437
      vertex 2.2764 2.24342 12.0981
    endloop
  endfacet
  facet normal -0.248655 -0.496914 0.831413
    outer loop
      vertex 2.23997 2.17063 12.0437
      vertex 2.18867 2.28732 12.0981
      vertex 2.15224 2.21453 12.0437
    endloop
  endfacet
  facet normal -0.362897 -0.433887 0.82465
    outer loop
      vertex 2.10455 2.33658 12.087
      vertex 2.06875 2.26503 12.0336
      vertex 2.18867 2.28732 12.0981
    endloop
  endfacet
  facet normal -0.652887 -0.450404 0.608995
    outer loop
      vertex 1.89049 2.32311 11.9256
      vertex 1.93225 2.20403 11.8823
      vertex 1.95966 2.25881 11.9522
    endloop
  endfacet
  facet normal -0.555884 -0.534359 0.636752
    outer loop
      vertex 1.95966 2.25881 11.9522
      vertex 1.93225 2.20403 11.8823
      vertex 2.03637 2.20034 11.9701
    endloop
  endfacet
  facet normal -0.450086 -0.608136 0.653907
    outer loop
      vertex 2.00798 2.14361 11.8978
      vertex 2.09041 2.09099 11.9056
      vertex 2.03637 2.20034 11.9701
    endloop
  endfacet
  facet normal -0.48551 -0.678916 0.550774
    outer loop
      vertex 2.00798 2.14361 11.8978
      vertex 2.06607 2.04236 11.8242
      vertex 2.09041 2.09099 11.9056
    endloop
  endfacet
  facet normal -0.362617 -0.434625 0.824384
    outer loop
      vertex 2.06875 2.26503 12.0336
      vertex 2.15224 2.21453 12.0437
      vertex 2.18867 2.28732 12.0981
    endloop
  endfacet
  facet normal -0.408817 -0.526847 0.745185
    outer loop
      vertex 2.06875 2.26503 12.0336
      vertex 2.03637 2.20034 11.9701
      vertex 2.15224 2.21453 12.0437
    endloop
  endfacet
  facet normal -0.836958 0.391239 0.382666
    outer loop
      vertex 1.7649 2.91784 11.6911
      vertex 1.77909 2.86232 11.7789
      vertex 1.79847 2.90104 11.7817
    endloop
  endfacet
  facet normal -0.855993 0.447607 0.258696
    outer loop
      vertex 1.77898 2.94598 11.689
      vertex 1.74219 2.9292 11.5963
      vertex 1.7649 2.91784 11.6911
    endloop
  endfacet
  facet normal -0.919182 0.378546 0.108661
    outer loop
      vertex 1.71737 2.90823 11.4889
      vertex 1.70233 2.84955 11.5661
      vertex 1.71976 2.913 11.4925
    endloop
  endfacet
  facet normal -0.950902 0.257924 0.171057
    outer loop
      vertex 1.69024 2.8254 11.5391
      vertex 1.6793 2.7468 11.5968
      vertex 1.69589 2.83668 11.5535
    endloop
  endfacet
  facet normal -0.954966 0.155442 0.252741
    outer loop
      vertex 1.6793 2.7468 11.5968
      vertex 1.6935 2.69128 11.6846
      vertex 1.6886 2.7654 11.6205
    endloop
  endfacet
  facet normal -0.65744 0.043602 0.752244
    outer loop
      vertex 1.8612 2.62834 11.971
      vertex 1.92058 2.57307 12.0261
      vertex 1.89246 2.6908 11.9947
    endloop
  endfacet
  facet normal -0.921227 0.222959 0.318794
    outer loop
      vertex 1.71095 2.81005 11.6588
      vertex 1.70809 2.72045 11.7132
      vertex 1.72424 2.75272 11.7373
    endloop
  endfacet
  facet normal 0.203195 0.114938 0.972369
    outer loop
      vertex 2.48758 2.6654 12.192
      vertex 2.57382 2.62038 12.1793
      vertex 2.61605 2.70477 12.1605
    endloop
  endfacet
  facet normal 0.145523 -0.000331247 0.989355
    outer loop
      vertex 2.48758 2.6654 12.192
      vertex 2.44387 2.57805 12.1984
      vertex 2.57382 2.62038 12.1793
    endloop
  endfacet
  facet normal -0.836958 0.391239 -0.382666
    outer loop
      vertex 1.79847 2.90104 11.1183
      vertex 1.77909 2.86232 11.1211
      vertex 1.7649 2.91784 11.2089
    endloop
  endfacet
  facet normal -0.837324 0.39072 -0.382396
    outer loop
      vertex 1.7649 2.91784 11.2089
      vertex 1.77909 2.86232 11.1211
      vertex 1.75081 2.8897 11.211
    endloop
  endfacet
  facet normal -0.880937 0.303612 -0.363002
    outer loop
      vertex 1.76005 2.82426 11.1296
      vertex 1.74166 2.78752 11.1435
      vertex 1.72361 2.83534 11.2273
    endloop
  endfacet
  facet normal -0.881369 0.302333 -0.363019
    outer loop
      vertex 1.76005 2.82426 11.1296
      vertex 1.72361 2.83534 11.2273
      vertex 1.73697 2.86204 11.2171
    endloop
  endfacet
  facet normal 0.438988 0.877076 0.195007
    outer loop
      vertex 2.6882 3.28549 11.5477
      vertex 2.76739 3.22451 11.6437
      vertex 2.77593 3.24158 11.5477
    endloop
  endfacet
  facet normal 0.438856 0.877112 0.195139
    outer loop
      vertex 2.76739 3.22451 11.6437
      vertex 2.6882 3.28549 11.5477
      vertex 2.67965 3.26841 11.6437
    endloop
  endfacet
  facet normal 0.446621 0.892326 0.0654537
    outer loop
      vertex 2.69107 3.29122 11.45
      vertex 2.77593 3.24158 11.5477
      vertex 2.7788 3.24731 11.45
    endloop
  endfacet
  facet normal 0.446621 0.892326 0.0654537
    outer loop
      vertex 2.77593 3.24158 11.5477
      vertex 2.69107 3.29122 11.45
      vertex 2.6882 3.28549 11.5477
    endloop
  endfacet
  facet normal 0.281495 0.853488 0.438542
    outer loop
      vertex 2.5733 3.27322 11.7315
      vertex 2.55425 3.23516 11.8178
      vertex 2.66557 3.24027 11.7364
    endloop
  endfacet
  facet normal 0.303714 0.897883 0.318692
    outer loop
      vertex 2.67965 3.26841 11.6437
      vertex 2.5733 3.27322 11.7315
      vertex 2.66557 3.24027 11.7364
    endloop
  endfacet
  facet normal 0.53656 0.781319 0.318816
    outer loop
      vertex 2.7533 3.19636 11.7364
      vertex 2.83499 3.14226 11.7315
      vertex 2.76739 3.22451 11.6437
    endloop
  endfacet
  facet normal 0.536707 0.781279 0.318665
    outer loop
      vertex 2.76739 3.22451 11.6437
      vertex 2.83499 3.14226 11.7315
      vertex 2.84883 3.16991 11.6404
    endloop
  endfacet
  facet normal -0.12386 0.867769 0.481285
    outer loop
      vertex 2.26907 3.26943 11.7618
      vertex 2.34219 3.22568 11.8595
      vertex 2.36406 3.2694 11.7863
    endloop
  endfacet
  facet normal 0.0025637 0.858186 0.513333
    outer loop
      vertex 2.36406 3.2694 11.7863
      vertex 2.34219 3.22568 11.8595
      vertex 2.43657 3.21176 11.8823
    endloop
  endfacet
  facet normal -0.0792382 0.957148 0.278549
    outer loop
      vertex 2.39414 3.32949 11.6241
      vertex 2.29695 3.32514 11.6114
      vertex 2.38148 3.3042 11.7074
    endloop
  endfacet
  facet normal -0.066102 0.983392 0.169031
    outer loop
      vertex 2.40182 3.34484 11.5378
      vertex 2.29695 3.32514 11.6114
      vertex 2.39414 3.32949 11.6241
    endloop
  endfacet
  facet normal -0.0661033 0.983392 -0.169029
    outer loop
      vertex 2.40182 3.34484 11.3622
      vertex 2.29695 3.32514 11.2886
      vertex 2.30408 3.33937 11.3686
    endloop
  endfacet
  facet normal 0.0711458 0.995629 0.0605149
    outer loop
      vertex 2.50225 3.343 11.45
      vertex 2.40182 3.34484 11.5378
      vertex 2.49953 3.33756 11.5427
    endloop
  endfacet
  facet normal 0.200496 0.977659 -0.0631233
    outer loop
      vertex 2.59554 3.31767 11.354
      vertex 2.50225 3.343 11.45
      vertex 2.59836 3.32329 11.45
    endloop
  endfacet
  facet normal 0.326224 0.943069 -0.0647917
    outer loop
      vertex 2.69107 3.29122 11.45
      vertex 2.59554 3.31767 11.354
      vertex 2.59836 3.32329 11.45
    endloop
  endfacet
  facet normal -0.123934 0.867599 -0.481573
    outer loop
      vertex 2.2557 3.23133 11.073
      vertex 2.26907 3.26943 11.1382
      vertex 2.36406 3.2694 11.1137
    endloop
  endfacet
  facet normal -0.125757 0.867558 -0.481175
    outer loop
      vertex 2.26907 3.26943 11.1382
      vertex 2.2557 3.23133 11.073
      vertex 2.25115 3.23361 11.0783
    endloop
  endfacet
  facet normal 0.178464 0.933675 -0.310486
    outer loop
      vertex 2.5733 3.27322 11.1685
      vertex 2.47806 3.29465 11.1782
      vertex 2.49142 3.32136 11.2662
    endloop
  endfacet
  facet normal -0.320912 0.936971 -0.138204
    outer loop
      vertex 2.20154 3.30839 11.3041
      vertex 2.10951 3.27951 11.322
      vertex 2.20798 3.32126 11.3764
    endloop
  endfacet
  facet normal -0.0595282 0.996615 0.0567082
    outer loop
      vertex 2.4044 3.34999 11.45
      vertex 2.30646 3.34414 11.45
      vertex 2.40182 3.34484 11.5378
    endloop
  endfacet
  facet normal -0.455331 0.668156 -0.588422
    outer loop
      vertex 2.07782 3.07344 10.9664
      vertex 2.0064 3.07347 11.0217
      vertex 2.10309 3.12395 11.0042
    endloop
  endfacet
  facet normal -0.422958 0.733127 -0.53257
    outer loop
      vertex 2.10672 3.13119 11.0104
      vertex 2.03047 3.12156 11.0577
      vertex 2.05223 3.16506 11.1003
    endloop
  endfacet
  facet normal -0.421919 0.735252 -0.530461
    outer loop
      vertex 2.03047 3.12156 11.0577
      vertex 2.10672 3.13119 11.0104
      vertex 2.105 3.12775 11.007
    endloop
  endfacet
  facet normal -0.529032 0.713907 -0.458761
    outer loop
      vertex 2.03047 3.12156 11.0577
      vertex 1.95586 3.10592 11.1194
      vertex 2.05223 3.16506 11.1003
    endloop
  endfacet
  facet normal -0.529152 0.714393 -0.457865
    outer loop
      vertex 2.05223 3.16506 11.1003
      vertex 1.95586 3.10592 11.1194
      vertex 1.97419 3.14257 11.1554
    endloop
  endfacet
  facet normal -0.0985052 0.918463 -0.383043
    outer loop
      vertex 2.36406 3.2694 11.1137
      vertex 2.26907 3.26943 11.1382
      vertex 2.28522 3.30169 11.2114
    endloop
  endfacet
  facet normal -0.248118 0.862309 -0.44143
    outer loop
      vertex 2.26907 3.26943 11.1382
      vertex 2.25115 3.23361 11.0783
      vertex 2.19725 3.26059 11.1613
    endloop
  endfacet
  facet normal -0.348032 0.883648 -0.313114
    outer loop
      vertex 2.19092 3.28719 11.2342
      vertex 2.18155 3.26844 11.1917
      vertex 2.17664 3.2709 11.2041
    endloop
  endfacet
  facet normal -0.347345 0.883778 -0.31351
    outer loop
      vertex 2.17664 3.2709 11.2041
      vertex 2.0874 3.23533 11.2027
      vertex 2.19092 3.28719 11.2342
    endloop
  endfacet
  facet normal -0.347415 0.883934 -0.312992
    outer loop
      vertex 2.0874 3.23533 11.2027
      vertex 2.17664 3.2709 11.2041
      vertex 2.16929 3.25622 11.1708
    endloop
  endfacet
  facet normal -0.587584 0.759562 -0.278945
    outer loop
      vertex 2.00383 3.20178 11.2417
      vertex 1.91625 3.13638 11.2481
      vertex 1.92703 3.15794 11.2841
    endloop
  endfacet
  facet normal 0.0937674 0.76504 -0.637119
    outer loop
      vertex 2.53033 3.18736 11.0022
      vertex 2.50193 3.13063 10.9299
      vertex 2.43657 3.21176 11.0177
    endloop
  endfacet
  facet normal 0.336415 0.67237 -0.659351
    outer loop
      vertex 2.6807 3.05129 10.9208
      vertex 2.62185 3.15291 10.9944
      vertex 2.70959 3.10901 10.9944
    endloop
  endfacet
  facet normal 0.336456 0.672375 -0.659325
    outer loop
      vertex 2.62185 3.15291 10.9944
      vertex 2.6807 3.05129 10.9208
      vertex 2.59297 3.09519 10.9208
    endloop
  endfacet
  facet normal 0.295014 0.589559 -0.751922
    outer loop
      vertex 2.66763 3.02518 10.8952
      vertex 2.59297 3.09519 10.9208
      vertex 2.6807 3.05129 10.9208
    endloop
  endfacet
  facet normal 0.295119 0.589634 -0.751822
    outer loop
      vertex 2.59297 3.09519 10.9208
      vertex 2.66763 3.02518 10.8952
      vertex 2.5799 3.06909 10.8952
    endloop
  endfacet
  facet normal 0.409522 0.526469 -0.745065
    outer loop
      vertex 2.72748 2.99523 10.9069
      vertex 2.6807 3.05129 10.9208
      vertex 2.76363 2.99966 10.9299
    endloop
  endfacet
  facet normal 0.409056 0.526192 -0.745517
    outer loop
      vertex 2.6807 3.05129 10.9208
      vertex 2.72748 2.99523 10.9069
      vertex 2.66763 3.02518 10.8952
    endloop
  endfacet
  facet normal 0.217074 0.724741 -0.653934
    outer loop
      vertex 2.62185 3.15291 10.9944
      vertex 2.50193 3.13063 10.9299
      vertex 2.53033 3.18736 11.0022
    endloop
  endfacet
  facet normal 0.094492 0.765244 -0.636768
    outer loop
      vertex 2.50193 3.13063 10.9299
      vertex 2.40916 3.15698 10.9478
      vertex 2.43657 3.21176 11.0177
    endloop
  endfacet
  facet normal 0.281495 0.853488 -0.438542
    outer loop
      vertex 2.66557 3.24027 11.1636
      vertex 2.55425 3.23516 11.0822
      vertex 2.5733 3.27322 11.1685
    endloop
  endfacet
  facet normal 0.281483 0.8535 -0.438527
    outer loop
      vertex 2.64619 3.20155 11.0758
      vertex 2.55425 3.23516 11.0822
      vertex 2.66557 3.24027 11.1636
    endloop
  endfacet
  facet normal -0.83418 0.548381 0.0585052
    outer loop
      vertex 1.75102 2.97546 11.4688
      vertex 1.74975 2.97292 11.4745
      vertex 1.80269 3.05009 11.506
    endloop
  endfacet
  facet normal -0.831174 0.55441 -0.0421838
    outer loop
      vertex 1.80269 3.05009 11.394
      vertex 1.75194 2.9773 11.4373
      vertex 1.80544 3.05559 11.4121
    endloop
  endfacet
  facet normal -0.766992 0.625354 -0.143719
    outer loop
      vertex 1.85049 3.08888 11.3032
      vertex 1.7989 3.04252 11.3768
      vertex 1.85833 3.10454 11.3295
    endloop
  endfacet
  facet normal -0.767225 0.624975 -0.144121
    outer loop
      vertex 1.85049 3.08888 11.3032
      vertex 1.79414 3.03301 11.3609
      vertex 1.7989 3.04252 11.3768
    endloop
  endfacet
  facet normal -0.83418 0.548381 -0.0585052
    outer loop
      vertex 1.80269 3.05009 11.394
      vertex 1.74975 2.97292 11.4255
      vertex 1.75102 2.97546 11.4312
    endloop
  endfacet
  facet normal -0.82918 0.558397 -0.0255656
    outer loop
      vertex 1.80544 3.05559 11.4121
      vertex 1.75194 2.9773 11.4373
      vertex 1.7525 2.97842 11.4436
    endloop
  endfacet
  facet normal -0.829177 0.558401 -0.0255497
    outer loop
      vertex 1.80544 3.05559 11.4121
      vertex 1.7525 2.97842 11.4436
      vertex 1.80711 3.05893 11.4309
    endloop
  endfacet
  facet normal -0.854162 0.508481 -0.108873
    outer loop
      vertex 1.77493 2.99463 11.3233
      vertex 1.7441 2.96164 11.4111
      vertex 1.78205 3.00886 11.3339
    endloop
  endfacet
  facet normal -0.842458 0.531843 -0.0860628
    outer loop
      vertex 1.78849 3.02173 11.3465
      vertex 1.74815 2.96974 11.4201
      vertex 1.79414 3.03301 11.3609
    endloop
  endfacet
  facet normal -0.848054 0.520693 -0.0984007
    outer loop
      vertex 1.78205 3.00886 11.3339
      vertex 1.7441 2.96164 11.4111
      vertex 1.78849 3.02173 11.3465
    endloop
  endfacet
  facet normal -0.799379 0.56073 -0.215812
    outer loop
      vertex 1.81884 3.02563 11.2412
      vertex 1.77493 2.99463 11.3233
      vertex 1.78205 3.00886 11.3339
    endloop
  endfacet
  facet normal -0.860658 0.495511 -0.117206
    outer loop
      vertex 1.76725 2.97928 11.3148
      vertex 1.73914 2.95172 11.4047
      vertex 1.77493 2.99463 11.3233
    endloop
  endfacet
  facet normal -0.930551 0.355826 -0.0863815
    outer loop
      vertex 1.69589 2.83668 11.3465
      vertex 1.69024 2.8254 11.3609
      vertex 1.71332 2.90013 11.4201
    endloop
  endfacet
  facet normal -0.950902 0.257924 -0.171057
    outer loop
      vertex 1.69589 2.83668 11.3465
      vertex 1.6793 2.7468 11.3032
      vertex 1.69024 2.8254 11.3609
    endloop
  endfacet
  facet normal -0.977506 0.20476 -0.050549
    outer loop
      vertex 1.66068 2.7096 11.3876
      vertex 1.65793 2.7041 11.4185
      vertex 1.67894 2.80282 11.4121
    endloop
  endfacet
  facet normal -0.942028 0.332898 -0.041969
    outer loop
      vertex 1.68169 2.80832 11.394
      vertex 1.67894 2.80282 11.4121
      vertex 1.70953 2.89256 11.4373
    endloop
  endfacet
  facet normal -0.898009 0.420876 -0.128231
    outer loop
      vertex 1.72787 2.92921 11.4014
      vertex 1.73364 2.91212 11.3049
      vertex 1.72506 2.92358 11.4026
    endloop
  endfacet
  facet normal -0.870869 0.417749 -0.258986
    outer loop
      vertex 1.74219 2.9292 11.3037
      vertex 1.75081 2.8897 11.211
      vertex 1.73364 2.91212 11.3049
    endloop
  endfacet
  facet normal -0.928047 0.303657 -0.215687
    outer loop
      vertex 1.71095 2.81005 11.2412
      vertex 1.69921 2.7866 11.2587
      vertex 1.70233 2.84955 11.3339
    endloop
  endfacet
  facet normal -0.921123 0.223085 -0.319008
    outer loop
      vertex 1.71095 2.81005 11.2412
      vertex 1.70809 2.72045 11.1868
      vertex 1.69921 2.7866 11.2587
    endloop
  endfacet
  facet normal -0.572906 0.789008 -0.221913
    outer loop
      vertex 2.00383 3.20178 11.2417
      vertex 1.92703 3.15794 11.2841
      vertex 2.01462 3.22334 11.2905
    endloop
  endfacet
  facet normal -0.48241 0.807753 -0.338844
    outer loop
      vertex 2.07132 3.2032 11.149
      vertex 2.00383 3.20178 11.2417
      vertex 2.0874 3.23533 11.2027
    endloop
  endfacet
  facet normal -0.626119 0.682863 -0.376394
    outer loop
      vertex 1.95586 3.10592 11.1194
      vertex 1.88884 3.08162 11.1868
      vertex 1.97419 3.14257 11.1554
    endloop
  endfacet
  facet normal -0.649372 0.636434 -0.416255
    outer loop
      vertex 1.93557 3.0654 11.0891
      vertex 1.88884 3.08162 11.1868
      vertex 1.95586 3.10592 11.1194
    endloop
  endfacet
  facet normal -0.386711 0.586787 0.711432
    outer loop
      vertex 2.08396 3.07344 11.9383
      vertex 2.05435 3.01428 11.971
      vertex 2.16692 3.06531 11.9901
    endloop
  endfacet
  facet normal -0.491269 0.596636 0.634571
    outer loop
      vertex 2.08396 3.07344 11.9383
      vertex 1.98043 3.02159 11.9069
      vertex 2.05435 3.01428 11.971
    endloop
  endfacet
  facet normal -0.202673 0.172365 0.963957
    outer loop
      vertex 2.2259 2.79079 12.1541
      vertex 2.18441 2.70789 12.1602
      vertex 2.26915 2.66548 12.1856
    endloop
  endfacet
  facet normal -0.42244 0.010043 0.906335
    outer loop
      vertex 2.02544 2.59277 12.0997
      vertex 2.10215 2.54352 12.136
      vertex 2.14292 2.62499 12.1541
    endloop
  endfacet
  facet normal -0.208335 0.435679 0.87566
    outer loop
      vertex 2.21856 2.97865 12.0715
      vertex 2.18127 2.90414 12.0997
      vertex 2.30604 2.95094 12.1061
    endloop
  endfacet
  facet normal -0.612981 0.133658 0.77871
    outer loop
      vertex 1.89246 2.6908 11.9947
      vertex 1.95515 2.64214 12.0524
      vertex 1.99095 2.71369 12.0683
    endloop
  endfacet
  facet normal -0.561708 0.811559 0.160799
    outer loop
      vertex 2.02246 3.23901 11.5578
      vertex 1.94187 3.18757 11.5359
      vertex 2.01462 3.22334 11.6095
    endloop
  endfacet
  facet normal -0.573074 0.789142 0.221
    outer loop
      vertex 1.93562 3.1751 11.5769
      vertex 1.92703 3.15794 11.6159
      vertex 2.01462 3.22334 11.6095
    endloop
  endfacet
  facet normal -0.828178 0.5604 0.00857952
    outer loop
      vertex 1.80767 3.06005 11.45
      vertex 1.7525 2.97842 11.4564
      vertex 1.80711 3.05893 11.4691
    endloop
  endfacet
  facet normal -0.747861 0.663638 0.0169881
    outer loop
      vertex 1.80767 3.06005 11.45
      vertex 1.80711 3.05893 11.4691
      vertex 1.87186 3.13158 11.4815
    endloop
  endfacet
  facet normal -0.828173 0.560405 0.00868769
    outer loop
      vertex 1.75269 2.9788 11.45
      vertex 1.7525 2.97842 11.4564
      vertex 1.80767 3.06005 11.45
    endloop
  endfacet
  facet normal -0.672359 0.720427 0.17005
    outer loop
      vertex 1.86457 3.11702 11.5423
      vertex 1.85833 3.10454 11.5705
      vertex 1.92703 3.15794 11.6159
    endloop
  endfacet
  facet normal -0.663482 0.737961 0.123308
    outer loop
      vertex 1.94187 3.18757 11.5359
      vertex 1.86911 3.12608 11.5124
      vertex 1.93562 3.1751 11.5769
    endloop
  endfacet
  facet normal -0.554189 0.826635 0.0977181
    outer loop
      vertex 1.94565 3.19514 11.4933
      vertex 1.94187 3.18757 11.5359
      vertex 2.02246 3.23901 11.5578
    endloop
  endfacet
  facet normal -0.75377 0.651806 0.0835396
    outer loop
      vertex 1.80544 3.05559 11.4879
      vertex 1.80269 3.05009 11.506
      vertex 1.86911 3.12608 11.5124
    endloop
  endfacet
  facet normal -0.747842 0.663661 -0.0168978
    outer loop
      vertex 1.87186 3.13158 11.4185
      vertex 1.80767 3.06005 11.45
      vertex 1.87279 3.13343 11.45
    endloop
  endfacet
  facet normal -0.747842 0.663661 0.0168978
    outer loop
      vertex 1.87279 3.13343 11.45
      vertex 1.80767 3.06005 11.45
      vertex 1.87186 3.13158 11.4815
    endloop
  endfacet
  facet normal -0.671872 0.721062 -0.169283
    outer loop
      vertex 1.92703 3.15794 11.2841
      vertex 1.86457 3.11702 11.3577
      vertex 1.93562 3.1751 11.3231
    endloop
  endfacet
  facet normal -0.672359 0.720427 -0.17005
    outer loop
      vertex 1.92703 3.15794 11.2841
      vertex 1.85833 3.10454 11.3295
      vertex 1.86457 3.11702 11.3577
    endloop
  endfacet
  facet normal -0.315563 0.947775 -0.0462973
    outer loop
      vertex 2.20798 3.32126 11.3764
      vertex 2.11516 3.2908 11.3855
      vertex 2.11705 3.29458 11.45
    endloop
  endfacet
  facet normal 0.064091 0.981531 -0.180248
    outer loop
      vertex 2.49142 3.32136 11.2662
      vertex 2.40182 3.34484 11.3622
      vertex 2.49953 3.33756 11.3573
    endloop
  endfacet
  facet normal -0.657657 0.74959 -0.0748462
    outer loop
      vertex 1.94187 3.18757 11.3641
      vertex 1.86911 3.12608 11.3876
      vertex 1.94565 3.19514 11.4067
    endloop
  endfacet
  facet normal -0.561746 0.811459 -0.16117
    outer loop
      vertex 2.02246 3.23901 11.3422
      vertex 1.93562 3.1751 11.3231
      vertex 1.94187 3.18757 11.3641
    endloop
  endfacet
  facet normal -0.979469 0.200867 -0.0171207
    outer loop
      vertex 1.65793 2.7041 11.4185
      vertex 1.657 2.70225 11.45
      vertex 1.67671 2.79836 11.45
    endloop
  endfacet
  facet normal -0.979469 0.200867 0.0171207
    outer loop
      vertex 1.67671 2.79836 11.45
      vertex 1.657 2.70225 11.45
      vertex 1.65793 2.7041 11.4815
    endloop
  endfacet
  facet normal -0.968494 0.128382 0.213393
    outer loop
      vertex 1.6793 2.7468 11.5968
      vertex 1.6699 2.64414 11.6159
      vertex 1.68069 2.6657 11.6519
    endloop
  endfacet
  facet normal -0.967809 0.22406 0.114643
    outer loop
      vertex 1.68169 2.80832 11.506
      vertex 1.67146 2.73113 11.5705
      vertex 1.68548 2.81589 11.5232
    endloop
  endfacet
  facet normal -0.994215 0.0771189 -0.0747553
    outer loop
      vertex 1.66068 2.7096 11.3876
      vertex 1.65128 2.60693 11.4067
      vertex 1.65793 2.7041 11.4185
    endloop
  endfacet
  facet normal -0.997135 0.0713071 -0.0252513
    outer loop
      vertex 1.65793 2.7041 11.4185
      vertex 1.65128 2.60693 11.4067
      vertex 1.657 2.70225 11.45
    endloop
  endfacet
  facet normal -0.840859 -0.101295 0.531691
    outer loop
      vertex 1.76102 2.58315 11.8423
      vertex 1.77933 2.46475 11.8487
      vertex 1.80415 2.51434 11.8974
    endloop
  endfacet
  facet normal -0.981132 -0.189202 0.0397712
    outer loop
      vertex 1.65586 2.50646 11.45
      vertex 1.67632 2.41392 11.5145
      vertex 1.65745 2.50965 11.5044
    endloop
  endfacet
  facet normal -0.942325 -0.304835 0.138199
    outer loop
      vertex 1.68197 2.4252 11.578
      vertex 1.70758 2.32137 11.5236
      vertex 1.71402 2.33424 11.5959
    endloop
  endfacet
  facet normal -0.960228 0.0150067 0.278814
    outer loop
      vertex 1.6699 2.64414 11.6159
      vertex 1.68084 2.55639 11.6583
      vertex 1.68069 2.6657 11.6519
    endloop
  endfacet
  facet normal -0.994216 0.0771203 0.0747483
    outer loop
      vertex 1.66068 2.7096 11.5124
      vertex 1.65128 2.60693 11.4933
      vertex 1.65507 2.6145 11.5359
    endloop
  endfacet
  facet normal -0.994215 0.0771189 0.0747553
    outer loop
      vertex 1.65793 2.7041 11.4815
      vertex 1.65128 2.60693 11.4933
      vertex 1.66068 2.7096 11.5124
    endloop
  endfacet
  facet normal 0.663305 -0.738179 -0.12296
    outer loop
      vertex 2.93089 2.07392 11.3876
      vertex 2.86438 2.0249 11.3231
      vertex 2.93543 2.08298 11.3577
    endloop
  endfacet
  facet normal 0.248118 -0.862309 -0.44143
    outer loop
      vertex 2.60275 1.93941 11.1613
      vertex 2.53093 1.93057 11.1382
      vertex 2.54885 1.96639 11.0783
    endloop
  endfacet
  facet normal 0.422454 -0.733576 -0.532352
    outer loop
      vertex 2.74777 2.03495 11.1003
      vertex 2.67043 2.02314 11.0552
      vertex 2.69328 2.06881 11.0104
    endloop
  endfacet
  facet normal 0.652717 -0.274193 -0.706243
    outer loop
      vertex 2.90426 2.34764 10.9555
      vertex 2.84713 2.37623 10.8916
      vertex 2.87746 2.43684 10.8961
    endloop
  endfacet
  facet normal 0.491207 -0.596486 -0.63476
    outer loop
      vertex 2.81957 2.17841 10.9931
      vertex 2.72424 2.13066 10.9642
      vertex 2.7515 2.18514 10.9341
    endloop
  endfacet
  facet normal 0.655889 -0.460839 0.59786
    outer loop
      vertex 2.93333 2.27228 11.8631
      vertex 2.84698 2.23319 11.9277
      vertex 2.9094 2.22447 11.8525
    endloop
  endfacet
  facet normal 0.730522 -0.474522 0.491087
    outer loop
      vertex 2.93333 2.27228 11.8631
      vertex 2.9094 2.22447 11.8525
      vertex 2.96311 2.22219 11.7704
    endloop
  endfacet
  facet normal 0.588345 -0.595714 0.546786
    outer loop
      vertex 2.81957 2.17841 11.9069
      vertex 2.86443 2.1346 11.8109
      vertex 2.8863 2.17832 11.835
    endloop
  endfacet
  facet normal 0.528701 -0.714506 0.45821
    outer loop
      vertex 2.84414 2.09408 11.7806
      vertex 2.76953 2.07844 11.8423
      vertex 2.82581 2.05743 11.7446
    endloop
  endfacet
  facet normal 0.572906 -0.789008 0.221913
    outer loop
      vertex 2.79617 1.99822 11.6583
      vertex 2.78538 1.97666 11.6095
      vertex 2.87297 2.04206 11.6159
    endloop
  endfacet
  facet normal 0.464117 -0.843594 0.270083
    outer loop
      vertex 2.79617 1.99822 11.6583
      vertex 2.69979 1.93908 11.6392
      vertex 2.78538 1.97666 11.6095
    endloop
  endfacet
  facet normal 0.189052 -0.980589 0.052008
    outer loop
      vertex 2.59202 1.87875 11.5236
      vertex 2.49354 1.85586 11.45
      vertex 2.58986 1.87443 11.45
    endloop
  endfacet
  facet normal 0.550407 -0.83425 -0.0328329
    outer loop
      vertex 2.85435 2.00486 11.4067
      vertex 2.77119 1.94829 11.45
      vertex 2.77278 1.95148 11.3956
    endloop
  endfacet
  facet normal 0.657657 -0.74959 -0.0748462
    outer loop
      vertex 2.93089 2.07392 11.3876
      vertex 2.85435 2.00486 11.4067
      vertex 2.85813 2.01243 11.3641
    endloop
  endfacet
  facet normal 0.315471 -0.947805 0.0463017
    outer loop
      vertex 2.68484 1.9092 11.5145
      vertex 2.59202 1.87875 11.5236
      vertex 2.68295 1.90542 11.45
    endloop
  endfacet
  facet normal 0.787068 -0.585232 0.195007
    outer loop
      vertex 2.96942 2.15092 11.6413
      vertex 2.95881 2.12972 11.6205
      vertex 3.01151 2.17827 11.5535
    endloop
  endfacet
  facet normal 0.674958 -0.58556 0.448944
    outer loop
      vertex 2.94472 2.18544 11.7565
      vertex 2.86443 2.1346 11.8109
      vertex 2.9273 2.15064 11.7373
    endloop
  endfacet
  facet normal 0.886178 -0.38733 0.25429
    outer loop
      vertex 3.06303 2.33796 11.6829
      vertex 3.04919 2.3103 11.689
      vertex 3.07476 2.30466 11.5913
    endloop
  endfacet
  facet normal 0.855993 -0.447607 0.258696
    outer loop
      vertex 3.0351 2.28216 11.6911
      vertex 3.02102 2.25402 11.689
      vertex 3.05781 2.2708 11.5963
    endloop
  endfacet
  facet normal 0.386711 -0.586787 0.711432
    outer loop
      vertex 2.74565 2.18572 11.971
      vertex 2.63308 2.13469 11.9901
      vertex 2.71604 2.12656 11.9383
    endloop
  endfacet
  facet normal 0.491269 -0.596636 0.634571
    outer loop
      vertex 2.74565 2.18572 11.971
      vertex 2.71604 2.12656 11.9383
      vertex 2.81957 2.17841 11.9069
    endloop
  endfacet
  facet normal -0.59057 -0.602487 0.536877
    outer loop
      vertex 1.93225 2.20403 11.8823
      vertex 1.90915 2.15788 11.8051
      vertex 2.00798 2.14361 11.8978
    endloop
  endfacet
  facet normal -0.652233 -0.450424 0.609681
    outer loop
      vertex 1.86453 2.27123 11.8595
      vertex 1.93225 2.20403 11.8823
      vertex 1.89049 2.32311 11.9256
    endloop
  endfacet
  facet normal -0.968738 0.128217 0.212386
    outer loop
      vertex 1.67146 2.73113 11.5705
      vertex 1.6699 2.64414 11.6159
      vertex 1.6793 2.7468 11.5968
    endloop
  endfacet
  facet normal -0.838944 -0.318401 0.441354
    outer loop
      vertex 1.75757 2.42126 11.7933
      vertex 1.78568 2.30353 11.7618
      vertex 1.80597 2.34405 11.8296
    endloop
  endfacet
  facet normal 0.0661087 -0.983391 0.169031
    outer loop
      vertex 2.40586 1.87051 11.6241
      vertex 2.39818 1.85516 11.5378
      vertex 2.50304 1.87486 11.6114
    endloop
  endfacet
  facet normal 0.0792462 -0.957148 0.278547
    outer loop
      vertex 2.41852 1.8958 11.7074
      vertex 2.40586 1.87051 11.6241
      vertex 2.50304 1.87486 11.6114
    endloop
  endfacet
  facet normal -0.064091 -0.981531 0.180248
    outer loop
      vertex 2.30858 1.87864 11.6338
      vertex 2.30047 1.86244 11.5427
      vertex 2.39818 1.85516 11.5378
    endloop
  endfacet
  facet normal -0.193011 -0.962936 0.188418
    outer loop
      vertex 2.30858 1.87864 11.6338
      vertex 2.20446 1.88233 11.546
      vertex 2.30047 1.86244 11.5427
    endloop
  endfacet
  facet normal -0.303734 -0.897855 0.318752
    outer loop
      vertex 2.2267 1.92678 11.7315
      vertex 2.12034 1.93159 11.6437
      vertex 2.21286 1.89912 11.6404
    endloop
  endfacet
  facet normal -0.318749 -0.927899 0.193399
    outer loop
      vertex 2.12034 1.93159 11.6437
      vertex 2.20446 1.88233 11.546
      vertex 2.21286 1.89912 11.6404
    endloop
  endfacet
  facet normal 0.195178 -0.968459 -0.154894
    outer loop
      vertex 2.59202 1.87875 11.3764
      vertex 2.49592 1.86063 11.3686
      vertex 2.50304 1.87486 11.2886
    endloop
  endfacet
  facet normal 0.189107 -0.980582 -0.0519324
    outer loop
      vertex 2.59202 1.87875 11.3764
      vertex 2.49354 1.85586 11.45
      vertex 2.49592 1.86063 11.3686
    endloop
  endfacet
  facet normal 0.207229 -0.944442 -0.25512
    outer loop
      vertex 2.59846 1.89161 11.3041
      vertex 2.50304 1.87486 11.2886
      vertex 2.60907 1.91282 11.2342
    endloop
  endfacet
  facet normal 0.0594888 -0.996617 -0.0567095
    outer loop
      vertex 2.49592 1.86063 11.3686
      vertex 2.3956 1.85001 11.45
      vertex 2.39818 1.85516 11.3622
    endloop
  endfacet
  facet normal 0.0595284 -0.996617 -0.0566608
    outer loop
      vertex 2.49354 1.85586 11.45
      vertex 2.3956 1.85001 11.45
      vertex 2.49592 1.86063 11.3686
    endloop
  endfacet
  facet normal -0.050065 -0.953532 -0.297103
    outer loop
      vertex 2.40586 1.87051 11.2759
      vertex 2.30858 1.87864 11.2662
      vertex 2.41852 1.8958 11.1926
    endloop
  endfacet
  facet normal 0.0792462 -0.957148 -0.278547
    outer loop
      vertex 2.50304 1.87486 11.2886
      vertex 2.40586 1.87051 11.2759
      vertex 2.41852 1.8958 11.1926
    endloop
  endfacet
  facet normal 0.974964 0.01433 0.221902
    outer loop
      vertex 3.11916 2.64361 11.6583
      vertex 3.1301 2.55586 11.6159
      vertex 3.12995 2.66517 11.6095
    endloop
  endfacet
  facet normal 0.979484 -0.20081 -0.0169426
    outer loop
      vertex 3.12329 2.40164 11.45
      vertex 3.12273 2.40052 11.4309
      vertex 3.14207 2.4959 11.4185
    endloop
  endfacet
  facet normal 0.939007 -0.338942 -0.05818
    outer loop
      vertex 3.08954 2.30559 11.4312
      vertex 3.08827 2.30305 11.4255
      vertex 3.11831 2.39168 11.394
    endloop
  endfacet
  facet normal 0.994216 -0.0771203 0.0747483
    outer loop
      vertex 3.14493 2.5855 11.5359
      vertex 3.13932 2.4904 11.5124
      vertex 3.14872 2.59307 11.4933
    endloop
  endfacet
  facet normal 0.967315 0.161377 0.1956
    outer loop
      vertex 3.11803 2.7748 11.578
      vertex 3.12995 2.66517 11.6095
      vertex 3.13779 2.68084 11.5578
    endloop
  endfacet
  facet normal 0.986302 0.0369363 0.160762
    outer loop
      vertex 3.12995 2.66517 11.6095
      vertex 3.14493 2.5855 11.5359
      vertex 3.13779 2.68084 11.5578
    endloop
  endfacet
  facet normal 0.898552 -0.138548 0.416424
    outer loop
      vertex 3.0509 2.50723 11.8109
      vertex 3.09191 2.47955 11.7132
      vertex 3.07119 2.54775 11.7806
    endloop
  endfacet
  facet normal 0.888857 0.00523742 0.458155
    outer loop
      vertex 3.03898 2.61685 11.8423
      vertex 3.07119 2.54775 11.7806
      vertex 3.08953 2.5844 11.7446
    endloop
  endfacet
  facet normal 0.921227 -0.222959 0.318794
    outer loop
      vertex 3.07576 2.44728 11.7373
      vertex 3.08905 2.38995 11.6588
      vertex 3.09191 2.47955 11.7132
    endloop
  endfacet
  facet normal 0.939107 -0.187165 0.288181
    outer loop
      vertex 3.09191 2.47955 11.7132
      vertex 3.10079 2.4134 11.6413
      vertex 3.1065 2.50872 11.6846
    endloop
  endfacet
  facet normal 0.873219 -0.189265 -0.449073
    outer loop
      vertex 3.0509 2.50723 11.0891
      vertex 3.05834 2.41248 11.1435
      vertex 3.02903 2.46351 11.065
    endloop
  endfacet
  facet normal 0.770372 -0.524158 -0.363023
    outer loop
      vertex 3.00718 2.22636 11.2171
      vertex 2.99382 2.19966 11.2273
      vertex 2.96311 2.22219 11.1296
    endloop
  endfacet
  facet normal 0.973569 -0.212622 -0.0833995
    outer loop
      vertex 3.13932 2.4904 11.3876
      vertex 3.12106 2.39718 11.4121
      vertex 3.13478 2.48134 11.3577
    endloop
  endfacet
  facet normal 0.875006 -0.466801 -0.128298
    outer loop
      vertex 3.06358 2.25371 11.4026
      vertex 3.04086 2.23693 11.3087
      vertex 3.04926 2.25372 11.3049
    endloop
  endfacet
  facet normal 0.771065 -0.523148 -0.363008
    outer loop
      vertex 2.99382 2.19966 11.2273
      vertex 2.94472 2.18544 11.1435
      vertex 2.96311 2.22219 11.1296
    endloop
  endfacet
  facet normal 0.747861 -0.663638 0.0169881
    outer loop
      vertex 2.99289 2.14107 11.4691
      vertex 2.92814 2.06842 11.4815
      vertex 2.99233 2.13995 11.45
    endloop
  endfacet
  facet normal 0.561847 -0.811472 -0.160752
    outer loop
      vertex 2.86438 2.0249 11.3231
      vertex 2.77754 1.96099 11.3422
      vertex 2.78538 1.97666 11.2905
    endloop
  endfacet
  facet normal 0.75377 -0.651806 0.0835396
    outer loop
      vertex 2.99731 2.14991 11.506
      vertex 2.93089 2.07392 11.5124
      vertex 2.99456 2.14441 11.4879
    endloop
  endfacet
  facet normal 0.654724 -0.755453 -0.025038
    outer loop
      vertex 2.92721 2.06657 11.45
      vertex 2.85435 2.00486 11.4067
      vertex 2.92814 2.06842 11.4185
    endloop
  endfacet
  facet normal 0.799187 -0.561057 0.215676
    outer loop
      vertex 2.98116 2.17437 11.6588
      vertex 2.96942 2.15092 11.6413
      vertex 3.01795 2.19114 11.5661
    endloop
  endfacet
  facet normal 0.997144 -0.0712319 0.0250844
    outer loop
      vertex 3.14872 2.59307 11.4933
      vertex 3.143 2.49775 11.45
      vertex 3.14999 2.5956 11.45
    endloop
  endfacet
  facet normal 0.940132 -0.279481 -0.195042
    outer loop
      vertex 3.10411 2.36332 11.3465
      vertex 3.09767 2.35045 11.3339
      vertex 3.1114 2.4346 11.2795
    endloop
  endfacet
  facet normal 0.88905 0.00477813 -0.457786
    outer loop
      vertex 3.08953 2.5844 11.1554
      vertex 3.07119 2.54775 11.1194
      vertex 3.06075 2.66034 11.1003
    endloop
  endfacet
  facet normal 0.979734 -0.106203 0.169829
    outer loop
      vertex 3.1301 2.55586 11.6159
      vertex 3.12854 2.46887 11.5705
      vertex 3.13478 2.48134 11.5423
    endloop
  endfacet
  facet normal 0.92804 -0.303674 0.215694
    outer loop
      vertex 3.08905 2.38995 11.6588
      vertex 3.09055 2.33622 11.5767
      vertex 3.09767 2.35045 11.5661
    endloop
  endfacet
  facet normal 0.955018 -0.155329 -0.252614
    outer loop
      vertex 3.11931 2.5343 11.2481
      vertex 3.1114 2.4346 11.2795
      vertex 3.1065 2.50872 11.2154
    endloop
  endfacet
  facet normal 0.898552 -0.138548 -0.416424
    outer loop
      vertex 3.07119 2.54775 11.1194
      vertex 3.09191 2.47955 11.1868
      vertex 3.0509 2.50723 11.0891
    endloop
  endfacet
  facet normal 0.967729 -0.224234 -0.11498
    outer loop
      vertex 3.13478 2.48134 11.3577
      vertex 3.11452 2.38411 11.3768
      vertex 3.12854 2.46887 11.3295
    endloop
  endfacet
  facet normal 0.960289 -0.239091 -0.143807
    outer loop
      vertex 3.12854 2.46887 11.3295
      vertex 3.11452 2.38411 11.3768
      vertex 3.1207 2.4532 11.3032
    endloop
  endfacet
  facet normal 0.796692 -0.179544 0.577101
    outer loop
      vertex 2.96154 2.4621 11.9277
      vertex 3.00593 2.41736 11.8525
      vertex 2.98895 2.51687 11.9069
    endloop
  endfacet
  facet normal 0.762065 -0.248728 0.597822
    outer loop
      vertex 2.96154 2.4621 11.9277
      vertex 2.98201 2.36955 11.8631
      vertex 3.00593 2.41736 11.8525
    endloop
  endfacet
  facet normal 0.72654 -0.319247 0.608457
    outer loop
      vertex 2.90426 2.34764 11.9445
      vertex 2.95767 2.32091 11.8667
      vertex 2.93314 2.40536 11.9403
    endloop
  endfacet
  facet normal 0.727026 -0.318804 0.60811
    outer loop
      vertex 2.93314 2.40536 11.9403
      vertex 2.95767 2.32091 11.8667
      vertex 2.98201 2.36955 11.8631
    endloop
  endfacet
  facet normal 0.657522 -0.043564 0.752175
    outer loop
      vertex 2.87942 2.62693 12.0261
      vertex 2.90754 2.5092 11.9947
      vertex 2.93879 2.57166 11.971
    endloop
  endfacet
  facet normal 0.612981 -0.133658 0.77871
    outer loop
      vertex 2.84485 2.55786 12.0524
      vertex 2.80905 2.48631 12.0683
      vertex 2.90754 2.5092 11.9947
    endloop
  endfacet
  facet normal 0.0987483 -0.91846 0.382988
    outer loop
      vertex 2.53093 1.93057 11.7618
      vertex 2.41852 1.8958 11.7074
      vertex 2.51478 1.89831 11.6886
    endloop
  endfacet
  facet normal 0.225172 -0.908779 0.35131
    outer loop
      vertex 2.62367 1.94199 11.7319
      vertex 2.53093 1.93057 11.7618
      vertex 2.60907 1.91282 11.6658
    endloop
  endfacet
  facet normal 0.247963 -0.862391 0.441357
    outer loop
      vertex 2.55121 1.9711 11.8296
      vertex 2.53093 1.93057 11.7618
      vertex 2.64201 1.97863 11.7933
    endloop
  endfacet
  facet normal 0.124226 -0.867605 0.481486
    outer loop
      vertex 2.45781 1.97432 11.8595
      vertex 2.53093 1.93057 11.7618
      vertex 2.55121 1.9711 11.8296
    endloop
  endfacet
  facet normal -0.557034 0.657915 -0.506815
    outer loop
      vertex 2.03047 3.12156 11.0577
      vertex 1.93557 3.0654 11.0891
      vertex 1.95586 3.10592 11.1194
    endloop
  endfacet
  facet normal -0.422386 0.733584 -0.532395
    outer loop
      vertex 2.12957 3.17686 11.0552
      vertex 2.10672 3.13119 11.0104
      vertex 2.05223 3.16506 11.1003
    endloop
  endfacet
  facet normal 0.613962 0.370535 -0.696961
    outer loop
      vertex 2.84603 2.9359 10.95
      vertex 2.83936 2.93924 10.9459
      vertex 2.84034 2.94119 10.9478
    endloop
  endfacet
  facet normal 0.51564 0.450801 -0.728625
    outer loop
      vertex 2.77405 2.97192 10.9199
      vertex 2.84034 2.94119 10.9478
      vertex 2.83936 2.93924 10.9459
    endloop
  endfacet
  facet normal 0.516353 0.455404 -0.72525
    outer loop
      vertex 2.84034 2.94119 10.9478
      vertex 2.77405 2.97192 10.9199
      vertex 2.76363 2.99966 10.9299
    endloop
  endfacet
  facet normal 0.915962 0.251616 -0.312576
    outer loop
      vertex 3.10872 2.7562 11.2608
      vertex 3.09592 2.73062 11.2027
      vertex 3.07537 2.84456 11.2342
    endloop
  endfacet
  facet normal 0.931662 0.283075 -0.227761
    outer loop
      vertex 3.11803 2.7748 11.322
      vertex 3.10872 2.7562 11.2608
      vertex 3.07537 2.84456 11.2342
    endloop
  endfacet
  facet normal 0.794192 0.471718 -0.383068
    outer loop
      vertex 3.03046 2.92874 11.2114
      vertex 3.01432 2.89647 11.1382
      vertex 2.95735 2.97249 11.1137
    endloop
  endfacet
  facet normal 0.794255 0.47149 -0.383217
    outer loop
      vertex 2.97476 3.00729 11.1926
      vertex 3.03046 2.92874 11.2114
      vertex 2.95735 2.97249 11.1137
    endloop
  endfacet
  facet normal 0.981132 0.189202 -0.0397712
    outer loop
      vertex 3.14414 2.69354 11.45
      vertex 3.14255 2.69035 11.3956
      vertex 3.12368 2.78608 11.3855
    endloop
  endfacet
  facet normal 0.976472 0.17994 -0.118847
    outer loop
      vertex 3.12368 2.78608 11.3855
      vertex 3.14255 2.69035 11.3956
      vertex 3.11803 2.7748 11.322
    endloop
  endfacet
  facet normal 0.778336 0.196155 0.59642
    outer loop
      vertex 2.96996 2.80785 11.891
      vertex 2.99585 2.68566 11.8974
      vertex 3.02067 2.73525 11.8487
    endloop
  endfacet
  facet normal 0.702221 0.286748 0.651661
    outer loop
      vertex 2.8799 2.81773 11.9837
      vertex 2.94252 2.75301 11.9447
      vertex 2.96996 2.80785 11.891
    endloop
  endfacet
  facet normal 0.61781 0.120237 0.777081
    outer loop
      vertex 2.84716 2.75231 12.0325
      vertex 2.81184 2.68174 12.0715
      vertex 2.91216 2.69235 11.9901
    endloop
  endfacet
  facet normal 0.524292 0.195606 0.828768
    outer loop
      vertex 2.73722 2.73515 12.1061
      vertex 2.81184 2.68174 12.0715
      vertex 2.84716 2.75231 12.0325
    endloop
  endfacet
  facet normal -0.566732 0.225842 0.792345
    outer loop
      vertex 1.92484 2.75549 12.0091
      vertex 1.99095 2.71369 12.0683
      vertex 1.95778 2.82131 12.0139
    endloop
  endfacet
  facet normal -0.571209 -0.0247153 0.820433
    outer loop
      vertex 1.92058 2.57307 12.0261
      vertex 1.98816 2.51826 12.0715
      vertex 2.02544 2.59277 12.0997
    endloop
  endfacet
  facet normal -0.521531 0.072017 0.850188
    outer loop
      vertex 1.95515 2.64214 12.0524
      vertex 2.02544 2.59277 12.0997
      vertex 1.99095 2.71369 12.0683
    endloop
  endfacet
  facet normal -0.522009 0.071809 0.849912
    outer loop
      vertex 1.99095 2.71369 12.0683
      vertex 2.02544 2.59277 12.0997
      vertex 2.06406 2.66994 12.1169
    endloop
  endfacet
  facet normal -0.52988 0.519537 0.670305
    outer loop
      vertex 1.98043 3.02159 11.9069
      vertex 2.02309 2.95182 11.9947
      vertex 2.05435 3.01428 11.971
    endloop
  endfacet
  facet normal -0.370244 0.37424 0.850214
    outer loop
      vertex 2.09961 2.93081 12.0524
      vertex 2.06381 2.85927 12.0683
      vertex 2.18127 2.90414 12.0997
    endloop
  endfacet
  facet normal -0.655889 0.460839 0.59786
    outer loop
      vertex 1.8906 2.97553 11.8525
      vertex 1.86667 2.92772 11.8631
      vertex 1.95302 2.96681 11.9277
    endloop
  endfacet
  facet normal -0.674992 0.58529 0.449245
    outer loop
      vertex 1.93557 3.0654 11.8109
      vertex 1.85528 3.01456 11.7565
      vertex 1.9137 3.02168 11.835
    endloop
  endfacet
  facet normal -0.814602 0.436127 0.382384
    outer loop
      vertex 1.77898 2.94598 11.689
      vertex 1.7649 2.91784 11.6911
      vertex 1.81785 2.93976 11.7789
    endloop
  endfacet
  facet normal -0.837324 0.39072 0.382396
    outer loop
      vertex 1.75081 2.8897 11.689
      vertex 1.77909 2.86232 11.7789
      vertex 1.7649 2.91784 11.6911
    endloop
  endfacet
  facet normal -0.612968 0.133465 0.778753
    outer loop
      vertex 1.92484 2.75549 12.0091
      vertex 1.89246 2.6908 11.9947
      vertex 1.99095 2.71369 12.0683
    endloop
  endfacet
  facet normal -0.661249 -0.206944 0.721057
    outer loop
      vertex 1.88784 2.50765 11.9901
      vertex 1.9201 2.38227 11.9837
      vertex 1.95284 2.44769 12.0325
    endloop
  endfacet
  facet normal -0.738255 -0.359286 0.57087
    outer loop
      vertex 1.80597 2.34405 11.8296
      vertex 1.86453 2.27123 11.8595
      vertex 1.83004 2.39215 11.891
    endloop
  endfacet
  facet normal -0.768912 -0.420637 0.481496
    outer loop
      vertex 1.80597 2.34405 11.8296
      vertex 1.78568 2.30353 11.7618
      vertex 1.86453 2.27123 11.8595
    endloop
  endfacet
  facet normal -0.471524 -0.364047 0.803203
    outer loop
      vertex 1.99092 2.32127 12.0134
      vertex 2.06875 2.26503 12.0336
      vertex 2.02549 2.39034 12.065
    endloop
  endfacet
  facet normal -0.471084 -0.363968 0.803497
    outer loop
      vertex 2.02549 2.39034 12.065
      vertex 2.06875 2.26503 12.0336
      vertex 2.10455 2.33658 12.087
    endloop
  endfacet
  facet normal -0.450351 -0.608151 0.65371
    outer loop
      vertex 2.03637 2.20034 11.9701
      vertex 2.09041 2.09099 11.9056
      vertex 2.1193 2.14871 11.9792
    endloop
  endfacet
  facet normal -0.336446 -0.672355 0.659351
    outer loop
      vertex 2.17814 2.04709 11.9056
      vertex 2.1193 2.14871 11.9792
      vertex 2.09041 2.09099 11.9056
    endloop
  endfacet
  facet normal -0.336446 -0.672355 0.659351
    outer loop
      vertex 2.1193 2.14871 11.9792
      vertex 2.17814 2.04709 11.9056
      vertex 2.20703 2.10481 11.9792
    endloop
  endfacet
  facet normal -0.841296 0.477031 0.254286
    outer loop
      vertex 1.75914 2.96307 11.5913
      vertex 1.77898 2.94598 11.689
      vertex 1.79282 2.97364 11.6829
    endloop
  endfacet
  facet normal -0.840648 0.47814 0.254349
    outer loop
      vertex 1.75914 2.96307 11.5913
      vertex 1.75074 2.94628 11.5951
      vertex 1.77898 2.94598 11.689
    endloop
  endfacet
  facet normal -0.97358 0.212603 0.0833166
    outer loop
      vertex 1.67894 2.80282 11.4879
      vertex 1.66068 2.7096 11.5124
      vertex 1.68169 2.80832 11.506
    endloop
  endfacet
  facet normal -0.960289 0.239091 0.143807
    outer loop
      vertex 1.68548 2.81589 11.5232
      vertex 1.67146 2.73113 11.5705
      vertex 1.6793 2.7468 11.5968
    endloop
  endfacet
  facet normal -0.960132 0.239489 0.144194
    outer loop
      vertex 1.68548 2.81589 11.5232
      vertex 1.6793 2.7468 11.5968
      vertex 1.69024 2.8254 11.5391
    endloop
  endfacet
  facet normal -0.886178 0.38733 0.25429
    outer loop
      vertex 1.72524 2.89534 11.5913
      vertex 1.73697 2.86204 11.6829
      vertex 1.75081 2.8897 11.689
    endloop
  endfacet
  facet normal -0.939085 0.187188 0.288236
    outer loop
      vertex 1.6886 2.7654 11.6205
      vertex 1.6935 2.69128 11.6846
      vertex 1.69921 2.7866 11.6413
    endloop
  endfacet
  facet normal -0.950971 0.257824 0.170823
    outer loop
      vertex 1.69589 2.83668 11.5535
      vertex 1.6793 2.7468 11.5968
      vertex 1.6886 2.7654 11.6205
    endloop
  endfacet
  facet normal -0.886635 0.386246 0.254347
    outer loop
      vertex 1.73364 2.91212 11.5951
      vertex 1.72524 2.89534 11.5913
      vertex 1.75081 2.8897 11.689
    endloop
  endfacet
  facet normal -0.898007 0.420861 0.128293
    outer loop
      vertex 1.72506 2.92358 11.4974
      vertex 1.72524 2.89534 11.5913
      vertex 1.72787 2.92921 11.4986
    endloop
  endfacet
  facet normal -0.91482 0.329957 0.232878
    outer loop
      vertex 1.71713 2.87913 11.5852
      vertex 1.71095 2.81005 11.6588
      vertex 1.72361 2.83534 11.6727
    endloop
  endfacet
  facet normal -0.915218 0.329308 0.232235
    outer loop
      vertex 1.70945 2.86378 11.5767
      vertex 1.71095 2.81005 11.6588
      vertex 1.71713 2.87913 11.5852
    endloop
  endfacet
  facet normal -0.814602 0.436127 -0.382384
    outer loop
      vertex 1.81785 2.93976 11.1211
      vertex 1.7649 2.91784 11.2089
      vertex 1.77898 2.94598 11.211
    endloop
  endfacet
  facet normal -0.855993 0.447607 -0.258696
    outer loop
      vertex 1.77898 2.94598 11.211
      vertex 1.7649 2.91784 11.2089
      vertex 1.74219 2.9292 11.3037
    endloop
  endfacet
  facet normal -0.759689 0.416359 -0.499518
    outer loop
      vertex 1.81785 2.93976 11.1211
      vertex 1.84233 2.87909 11.0333
      vertex 1.79847 2.90104 11.1183
    endloop
  endfacet
  facet normal -0.788604 0.358587 -0.499519
    outer loop
      vertex 1.84233 2.87909 11.0333
      vertex 1.77909 2.86232 11.1211
      vertex 1.79847 2.90104 11.1183
    endloop
  endfacet
  facet normal 0.318702 0.927899 0.193473
    outer loop
      vertex 2.59554 3.31767 11.546
      vertex 2.67965 3.26841 11.6437
      vertex 2.6882 3.28549 11.5477
    endloop
  endfacet
  facet normal 0.326316 0.943031 0.0648935
    outer loop
      vertex 2.69107 3.29122 11.45
      vertex 2.59554 3.31767 11.546
      vertex 2.6882 3.28549 11.5477
    endloop
  endfacet
  facet normal 0.0711238 0.995632 0.0604898
    outer loop
      vertex 2.4044 3.34999 11.45
      vertex 2.40182 3.34484 11.5378
      vertex 2.50225 3.343 11.45
    endloop
  endfacet
  facet normal -0.195081 0.968481 -0.154882
    outer loop
      vertex 2.29695 3.32514 11.2886
      vertex 2.20798 3.32126 11.3764
      vertex 2.30408 3.33937 11.3686
    endloop
  endfacet
  facet normal -0.206974 0.944415 0.255424
    outer loop
      vertex 2.29695 3.32514 11.6114
      vertex 2.19092 3.28719 11.6658
      vertex 2.28522 3.30169 11.6886
    endloop
  endfacet
  facet normal -0.0793811 0.957102 0.278665
    outer loop
      vertex 2.29695 3.32514 11.6114
      vertex 2.28522 3.30169 11.6886
      vertex 2.38148 3.3042 11.7074
    endloop
  endfacet
  facet normal 0.17835 0.933666 -0.310577
    outer loop
      vertex 2.58714 3.30088 11.2596
      vertex 2.5733 3.27322 11.1685
      vertex 2.49142 3.32136 11.2662
    endloop
  endfacet
  facet normal 0.193032 0.962927 -0.188443
    outer loop
      vertex 2.58714 3.30088 11.2596
      vertex 2.49142 3.32136 11.2662
      vertex 2.59554 3.31767 11.354
    endloop
  endfacet
  facet normal 0.064053 0.981527 -0.180282
    outer loop
      vertex 2.49142 3.32136 11.2662
      vertex 2.39414 3.32949 11.2759
      vertex 2.40182 3.34484 11.3622
    endloop
  endfacet
  facet normal -0.066102 0.983392 -0.169031
    outer loop
      vertex 2.39414 3.32949 11.2759
      vertex 2.29695 3.32514 11.2886
      vertex 2.40182 3.34484 11.3622
    endloop
  endfacet
  facet normal 0.0500045 0.953561 -0.297019
    outer loop
      vertex 2.47806 3.29465 11.1782
      vertex 2.38148 3.3042 11.1926
      vertex 2.49142 3.32136 11.2662
    endloop
  endfacet
  facet normal 0.0292424 0.912167 -0.408773
    outer loop
      vertex 2.45967 3.25791 11.0949
      vertex 2.36406 3.2694 11.1137
      vertex 2.47806 3.29465 11.1782
    endloop
  endfacet
  facet normal -0.367564 0.843816 -0.390988
    outer loop
      vertex 2.16801 3.25367 11.1665
      vertex 2.0874 3.23533 11.2027
      vertex 2.16929 3.25622 11.1708
    endloop
  endfacet
  facet normal -0.368385 0.842233 -0.393619
    outer loop
      vertex 2.0874 3.23533 11.2027
      vertex 2.16801 3.25367 11.1665
      vertex 2.07132 3.2032 11.149
    endloop
  endfacet
  facet normal -0.368394 0.842241 -0.393594
    outer loop
      vertex 2.15113 3.21993 11.1101
      vertex 2.07132 3.2032 11.149
      vertex 2.16801 3.25367 11.1665
    endloop
  endfacet
  facet normal -0.491207 0.596486 -0.63476
    outer loop
      vertex 2.0485 3.01486 10.9341
      vertex 1.98043 3.02159 10.9931
      vertex 2.07576 3.06934 10.9642
    endloop
  endfacet
  facet normal 0.17597 0.642988 -0.745387
    outer loop
      vertex 2.52006 3.09903 10.9069
      vertex 2.59297 3.09519 10.9208
      vertex 2.5799 3.06909 10.8952
    endloop
  endfacet
  facet normal 0.175938 0.643287 -0.745136
    outer loop
      vertex 2.59297 3.09519 10.9208
      vertex 2.52006 3.09903 10.9069
      vertex 2.50193 3.13063 10.9299
    endloop
  endfacet
  facet normal 0.176783 0.643496 -0.744756
    outer loop
      vertex 2.50193 3.13063 10.9299
      vertex 2.52006 3.09903 10.9069
      vertex 2.49292 3.11262 10.9122
    endloop
  endfacet
  facet normal -0.837313 0.542076 0.0711298
    outer loop
      vertex 1.74975 2.97292 11.4745
      vertex 1.74815 2.96974 11.4799
      vertex 1.79414 3.03301 11.5391
    endloop
  endfacet
  facet normal -0.834067 0.54864 -0.0576799
    outer loop
      vertex 1.7989 3.04252 11.3768
      vertex 1.74975 2.97292 11.4255
      vertex 1.80269 3.05009 11.394
    endloop
  endfacet
  facet normal -0.837945 0.540896 -0.0726609
    outer loop
      vertex 1.79414 3.03301 11.3609
      vertex 1.74975 2.97292 11.4255
      vertex 1.7989 3.04252 11.3768
    endloop
  endfacet
  facet normal -0.882477 0.451864 -0.130592
    outer loop
      vertex 1.7336 2.94066 11.4014
      vertex 1.74219 2.9292 11.3037
      vertex 1.73074 2.93493 11.4009
    endloop
  endfacet
  facet normal -0.867338 0.482184 -0.12338
    outer loop
      vertex 1.76725 2.97928 11.3148
      vertex 1.73642 2.94629 11.4026
      vertex 1.73914 2.95172 11.4047
    endloop
  endfacet
  facet normal -0.841296 0.477031 -0.254286
    outer loop
      vertex 1.79282 2.97364 11.2171
      vertex 1.77898 2.94598 11.211
      vertex 1.75914 2.96307 11.3087
    endloop
  endfacet
  facet normal -0.875006 0.466801 -0.128298
    outer loop
      vertex 1.75074 2.94628 11.3049
      vertex 1.73642 2.94629 11.4026
      vertex 1.75914 2.96307 11.3087
    endloop
  endfacet
  facet normal -0.905562 0.405794 -0.12365
    outer loop
      vertex 1.72506 2.92358 11.4026
      vertex 1.71713 2.87913 11.3148
      vertex 1.72234 2.91815 11.4047
    endloop
  endfacet
  facet normal -0.915218 0.329308 -0.232235
    outer loop
      vertex 1.71713 2.87913 11.3148
      vertex 1.71095 2.81005 11.2412
      vertex 1.70945 2.86378 11.3233
    endloop
  endfacet
  facet normal -0.92804 0.303674 -0.215694
    outer loop
      vertex 1.70945 2.86378 11.3233
      vertex 1.71095 2.81005 11.2412
      vertex 1.70233 2.84955 11.3339
    endloop
  endfacet
  facet normal -0.96779 0.22417 -0.11459
    outer loop
      vertex 1.68548 2.81589 11.3768
      vertex 1.66522 2.71866 11.3577
      vertex 1.68169 2.80832 11.394
    endloop
  endfacet
  facet normal -0.973585 0.212577 -0.0833252
    outer loop
      vertex 1.68169 2.80832 11.394
      vertex 1.66522 2.71866 11.3577
      vertex 1.67894 2.80282 11.4121
    endloop
  endfacet
  facet normal -0.939071 0.338829 -0.0577993
    outer loop
      vertex 1.68548 2.81589 11.3768
      vertex 1.68169 2.80832 11.394
      vertex 1.71173 2.89695 11.4255
    endloop
  endfacet
  facet normal -0.988412 0.0886559 -0.123216
    outer loop
      vertex 1.66522 2.71866 11.3577
      vertex 1.66131 2.62698 11.3231
      vertex 1.66068 2.7096 11.3876
    endloop
  endfacet
  facet normal -0.988377 0.0887973 -0.123397
    outer loop
      vertex 1.66131 2.62698 11.3231
      vertex 1.65507 2.6145 11.3641
      vertex 1.66068 2.7096 11.3876
    endloop
  endfacet
  facet normal -0.561847 0.811472 -0.160752
    outer loop
      vertex 2.01462 3.22334 11.2905
      vertex 1.93562 3.1751 11.3231
      vertex 2.02246 3.23901 11.3422
    endloop
  endfacet
  facet normal -0.450636 0.871002 -0.19566
    outer loop
      vertex 2.10951 3.27951 11.322
      vertex 2.01462 3.22334 11.2905
      vertex 2.02246 3.23901 11.3422
    endloop
  endfacet
  facet normal -0.464554 0.84341 -0.269906
    outer loop
      vertex 2.0874 3.23533 11.2027
      vertex 2.00383 3.20178 11.2417
      vertex 2.01462 3.22334 11.2905
    endloop
  endfacet
  facet normal -0.393443 0.792192 -0.466512
    outer loop
      vertex 2.13108 3.17988 11.059
      vertex 2.07132 3.2032 11.149
      vertex 2.15113 3.21993 11.1101
    endloop
  endfacet
  facet normal -0.203195 -0.114938 0.972369
    outer loop
      vertex 2.22618 2.57962 12.1793
      vertex 2.18395 2.49523 12.1605
      vertex 2.31242 2.5346 12.192
    endloop
  endfacet
  facet normal -0.145523 0.000331247 0.989355
    outer loop
      vertex 2.22618 2.57962 12.1793
      vertex 2.31242 2.5346 12.192
      vertex 2.35613 2.62195 12.1984
    endloop
  endfacet
  facet normal -0.474467 0.410501 0.778698
    outer loop
      vertex 2.02309 2.95182 11.9947
      vertex 2.06381 2.85927 12.0683
      vertex 2.09961 2.93081 12.0524
    endloop
  endfacet
  facet normal -0.370374 0.374788 0.849916
    outer loop
      vertex 2.18127 2.90414 12.0997
      vertex 2.06381 2.85927 12.0683
      vertex 2.14265 2.82697 12.1169
    endloop
  endfacet
  facet normal -0.420641 0.274392 0.864737
    outer loop
      vertex 2.06381 2.85927 12.0683
      vertex 2.10336 2.74846 12.1227
      vertex 2.14265 2.82697 12.1169
    endloop
  endfacet
  facet normal -0.32263 0.471985 0.820451
    outer loop
      vertex 2.13418 2.99989 12.0261
      vertex 2.18127 2.90414 12.0997
      vertex 2.21856 2.97865 12.0715
    endloop
  endfacet
  facet normal -0.831174 0.55441 0.0421838
    outer loop
      vertex 1.80544 3.05559 11.4879
      vertex 1.75194 2.9773 11.4627
      vertex 1.80269 3.05009 11.506
    endloop
  endfacet
  facet normal -0.82918 0.558397 0.0255656
    outer loop
      vertex 1.7525 2.97842 11.4564
      vertex 1.75194 2.9773 11.4627
      vertex 1.80544 3.05559 11.4879
    endloop
  endfacet
  facet normal -0.829177 0.558401 0.0255497
    outer loop
      vertex 1.80711 3.05893 11.4691
      vertex 1.7525 2.97842 11.4564
      vertex 1.80544 3.05559 11.4879
    endloop
  endfacet
  facet normal -0.749847 0.659674 0.0505886
    outer loop
      vertex 1.80711 3.05893 11.4691
      vertex 1.80544 3.05559 11.4879
      vertex 1.87186 3.13158 11.4815
    endloop
  endfacet
  facet normal -0.75378 0.651855 0.0830651
    outer loop
      vertex 1.86911 3.12608 11.5124
      vertex 1.80269 3.05009 11.506
      vertex 1.86457 3.11702 11.5423
    endloop
  endfacet
  facet normal -0.663305 0.738179 0.12296
    outer loop
      vertex 1.86911 3.12608 11.5124
      vertex 1.86457 3.11702 11.5423
      vertex 1.93562 3.1751 11.5769
    endloop
  endfacet
  facet normal -0.663305 0.738179 -0.12296
    outer loop
      vertex 1.93562 3.1751 11.3231
      vertex 1.86457 3.11702 11.3577
      vertex 1.86911 3.12608 11.3876
    endloop
  endfacet
  facet normal -0.753723 0.651919 -0.083093
    outer loop
      vertex 1.86457 3.11702 11.3577
      vertex 1.80544 3.05559 11.4121
      vertex 1.86911 3.12608 11.3876
    endloop
  endfacet
  facet normal -0.189035 0.980598 -0.0519015
    outer loop
      vertex 2.30646 3.34414 11.45
      vertex 2.20798 3.32126 11.3764
      vertex 2.21013 3.32557 11.45
    endloop
  endfacet
  facet normal -0.315553 0.947779 -0.0462838
    outer loop
      vertex 2.20798 3.32126 11.3764
      vertex 2.11705 3.29458 11.45
      vertex 2.21013 3.32557 11.45
    endloop
  endfacet
  facet normal -0.195198 0.968438 -0.155003
    outer loop
      vertex 2.29695 3.32514 11.2886
      vertex 2.20154 3.30839 11.3041
      vertex 2.20798 3.32126 11.3764
    endloop
  endfacet
  facet normal -0.207233 0.944482 -0.254967
    outer loop
      vertex 2.29695 3.32514 11.2886
      vertex 2.19092 3.28719 11.2342
      vertex 2.20154 3.30839 11.3041
    endloop
  endfacet
  facet normal -0.944013 0.328926 0.0254196
    outer loop
      vertex 1.70897 2.89144 11.4564
      vertex 1.67727 2.79948 11.4691
      vertex 1.67894 2.80282 11.4879
    endloop
  endfacet
  facet normal -0.979484 0.20081 0.0169426
    outer loop
      vertex 1.67671 2.79836 11.45
      vertex 1.65793 2.7041 11.4815
      vertex 1.67727 2.79948 11.4691
    endloop
  endfacet
  facet normal -0.947786 -0.315522 0.0463352
    outer loop
      vertex 1.67443 2.41014 11.45
      vertex 1.70542 2.31705 11.45
      vertex 1.70758 2.32137 11.5236
    endloop
  endfacet
  facet normal -0.89825 -0.4364 0.0519765
    outer loop
      vertex 1.70542 2.31705 11.45
      vertex 1.74829 2.22881 11.45
      vertex 1.70758 2.32137 11.5236
    endloop
  endfacet
  facet normal -0.953426 -0.13423 0.270112
    outer loop
      vertex 1.67005 2.53483 11.6095
      vertex 1.69128 2.4438 11.6392
      vertex 1.68084 2.55639 11.6583
    endloop
  endfacet
  facet normal -0.915962 -0.251616 0.312576
    outer loop
      vertex 1.69128 2.4438 11.6392
      vertex 1.72463 2.35544 11.6658
      vertex 1.70408 2.46938 11.6973
    endloop
  endfacet
  facet normal -0.993851 -0.0518726 0.0978284
    outer loop
      vertex 1.65128 2.60693 11.4933
      vertex 1.65745 2.50965 11.5044
      vertex 1.66221 2.51916 11.5578
    endloop
  endfacet
  facet normal -0.997691 -0.0595529 0.0326526
    outer loop
      vertex 1.65128 2.60693 11.4933
      vertex 1.65586 2.50646 11.45
      vertex 1.65745 2.50965 11.5044
    endloop
  endfacet
  facet normal -0.979734 0.106203 0.169829
    outer loop
      vertex 1.66522 2.71866 11.5423
      vertex 1.6699 2.64414 11.6159
      vertex 1.67146 2.73113 11.5705
    endloop
  endfacet
  facet normal -0.975154 -0.0142815 0.221068
    outer loop
      vertex 1.66131 2.62698 11.5769
      vertex 1.67005 2.53483 11.6095
      vertex 1.6699 2.64414 11.6159
    endloop
  endfacet
  facet normal 0.0549723 0.686243 -0.725292
    outer loop
      vertex 2.47348 3.12234 10.9199
      vertex 2.40916 3.15698 10.9478
      vertex 2.50193 3.13063 10.9299
    endloop
  endfacet
  facet normal 0.0521411 0.68335 -0.728227
    outer loop
      vertex 2.40916 3.15698 10.9478
      vertex 2.47348 3.12234 10.9199
      vertex 2.40818 3.15503 10.9459
    endloop
  endfacet
  facet normal 0.0553326 0.68565 -0.725825
    outer loop
      vertex 2.50193 3.13063 10.9299
      vertex 2.49292 3.11262 10.9122
      vertex 2.47348 3.12234 10.9199
    endloop
  endfacet
  facet normal 0.450475 -0.870983 -0.196114
    outer loop
      vertex 2.78538 1.97666 11.2905
      vertex 2.69049 1.92049 11.322
      vertex 2.69979 1.93908 11.2608
    endloop
  endfacet
  facet normal 0.331753 -0.915481 -0.227672
    outer loop
      vertex 2.69049 1.92049 11.322
      vertex 2.60907 1.91282 11.2342
      vertex 2.69979 1.93908 11.2608
    endloop
  endfacet
  facet normal 0.123934 -0.867599 -0.481573
    outer loop
      vertex 2.5443 1.96867 11.073
      vertex 2.53093 1.93057 11.1382
      vertex 2.43594 1.9306 11.1137
    endloop
  endfacet
  facet normal 0.125757 -0.867558 -0.481175
    outer loop
      vertex 2.53093 1.93057 11.1382
      vertex 2.5443 1.96867 11.073
      vertex 2.54885 1.96639 11.0783
    endloop
  endfacet
  facet normal 0.125698 -0.869143 -0.47832
    outer loop
      vertex 2.43594 1.9306 11.1137
      vertex 2.53858 1.97153 11.0663
      vertex 2.5443 1.96867 11.073
    endloop
  endfacet
  facet normal 0.123768 -0.867768 -0.481311
    outer loop
      vertex 2.53858 1.97153 11.0663
      vertex 2.43594 1.9306 11.1137
      vertex 2.45781 1.97432 11.0405
    endloop
  endfacet
  facet normal 0.569925 -0.439102 -0.694532
    outer loop
      vertex 2.87537 2.28992 10.9597
      vertex 2.7847 2.25148 10.9096
      vertex 2.81451 2.31105 10.8964
    endloop
  endfacet
  facet normal 0.733275 -0.112789 -0.670512
    outer loop
      vertex 2.98895 2.51687 10.9931
      vertex 2.91398 2.50981 10.9123
      vertex 2.94276 2.56732 10.9341
    endloop
  endfacet
  facet normal 0.422921 -0.733204 -0.532494
    outer loop
      vertex 2.69328 2.06881 11.0104
      vertex 2.76953 2.07844 11.0577
      vertex 2.74777 2.03495 11.1003
    endloop
  endfacet
  facet normal 0.421919 -0.735252 -0.530461
    outer loop
      vertex 2.76953 2.07844 11.0577
      vertex 2.69328 2.06881 11.0104
      vertex 2.695 2.07225 11.007
    endloop
  endfacet
  facet normal 0.52983 -0.519314 -0.670517
    outer loop
      vertex 2.81957 2.17841 10.9931
      vertex 2.7515 2.18514 10.9341
      vertex 2.78028 2.24265 10.9123
    endloop
  endfacet
  facet normal 0.481766 -0.808337 0.338367
    outer loop
      vertex 2.80972 2.0253 11.7037
      vertex 2.72868 1.9968 11.751
      vertex 2.79617 1.99822 11.6583
    endloop
  endfacet
  facet normal 0.605789 -0.723824 0.330301
    outer loop
      vertex 2.82581 2.05743 11.7446
      vertex 2.80972 2.0253 11.7037
      vertex 2.88375 2.06362 11.6519
    endloop
  endfacet
  facet normal 0.554237 -0.826593 0.0978039
    outer loop
      vertex 2.77754 1.96099 11.5578
      vertex 2.77278 1.95148 11.5044
      vertex 2.85435 2.00486 11.4933
    endloop
  endfacet
  facet normal 0.550422 -0.834242 0.032793
    outer loop
      vertex 2.85435 2.00486 11.4933
      vertex 2.77119 1.94829 11.45
      vertex 2.85308 2.00232 11.45
    endloop
  endfacet
  facet normal 0.315521 -0.947785 0.046371
    outer loop
      vertex 2.59202 1.87875 11.5236
      vertex 2.58986 1.87443 11.45
      vertex 2.68295 1.90542 11.45
    endloop
  endfacet
  facet normal 0.320896 -0.936995 0.13808
    outer loop
      vertex 2.59846 1.89161 11.5959
      vertex 2.59202 1.87875 11.5236
      vertex 2.69049 1.92049 11.578
    endloop
  endfacet
  facet normal 0.43668 -0.89873 -0.039938
    outer loop
      vertex 2.77119 1.94829 11.45
      vertex 2.68484 1.9092 11.3855
      vertex 2.77278 1.95148 11.3956
    endloop
  endfacet
  facet normal 0.554237 -0.826593 -0.0978039
    outer loop
      vertex 2.85435 2.00486 11.4067
      vertex 2.77278 1.95148 11.3956
      vertex 2.77754 1.96099 11.3422
    endloop
  endfacet
  facet normal 0.749999 -0.565092 0.343762
    outer loop
      vertex 2.94472 2.18544 11.7565
      vertex 2.9273 2.15064 11.7373
      vertex 2.98116 2.17437 11.6588
    endloop
  endfacet
  facet normal 0.812402 -0.534621 0.232774
    outer loop
      vertex 2.99382 2.19966 11.6727
      vertex 2.98116 2.17437 11.6588
      vertex 3.03275 2.22072 11.5852
    endloop
  endfacet
  facet normal 0.649372 -0.636434 0.416255
    outer loop
      vertex 2.86443 2.1346 11.8109
      vertex 2.84414 2.09408 11.7806
      vertex 2.91116 2.11838 11.7132
    endloop
  endfacet
  facet normal 0.557034 -0.657915 0.506815
    outer loop
      vertex 2.86443 2.1346 11.8109
      vertex 2.76953 2.07844 11.8423
      vertex 2.84414 2.09408 11.7806
    endloop
  endfacet
  facet normal 0.587726 -0.759862 0.277827
    outer loop
      vertex 2.80972 2.0253 11.7037
      vertex 2.79617 1.99822 11.6583
      vertex 2.88375 2.06362 11.6519
    endloop
  endfacet
  facet normal 0.587584 -0.759562 0.278945
    outer loop
      vertex 2.88375 2.06362 11.6519
      vertex 2.79617 1.99822 11.6583
      vertex 2.87297 2.04206 11.6159
    endloop
  endfacet
  facet normal 0.79266 -0.47962 0.376371
    outer loop
      vertex 3.02102 2.25402 11.689
      vertex 2.96311 2.22219 11.7704
      vertex 3.00718 2.22636 11.6829
    endloop
  endfacet
  facet normal 0.867966 -0.480902 0.12397
    outer loop
      vertex 3.04086 2.23693 11.5913
      vertex 3.03275 2.22072 11.5852
      vertex 3.06086 2.24828 11.4953
    endloop
  endfacet
  facet normal 0.871324 -0.416976 0.258699
    outer loop
      vertex 3.0351 2.28216 11.6911
      vertex 3.05781 2.2708 11.5963
      vertex 3.04919 2.3103 11.689
    endloop
  endfacet
  facet normal 0.759328 -0.417032 0.499505
    outer loop
      vertex 2.95767 2.32091 11.8667
      vertex 2.93333 2.27228 11.8631
      vertex 3.00153 2.29896 11.7817
    endloop
  endfacet
  facet normal 0.814807 -0.435496 0.382665
    outer loop
      vertex 3.00153 2.29896 11.7817
      vertex 2.98215 2.26024 11.7789
      vertex 3.0351 2.28216 11.6911
    endloop
  endfacet
  facet normal -0.942388 -0.304737 0.137983
    outer loop
      vertex 1.67632 2.41392 11.5145
      vertex 1.70758 2.32137 11.5236
      vertex 1.68197 2.4252 11.578
    endloop
  endfacet
  facet normal -0.869866 -0.159424 0.466816
    outer loop
      vertex 1.72016 2.50152 11.751
      vertex 1.75757 2.42126 11.7933
      vertex 1.77933 2.46475 11.8487
    endloop
  endfacet
  facet normal 0.441406 -0.889376 -0.119043
    outer loop
      vertex 2.77278 1.95148 11.3956
      vertex 2.69049 1.92049 11.322
      vertex 2.77754 1.96099 11.3422
    endloop
  endfacet
  facet normal 0.441288 -0.889457 -0.118877
    outer loop
      vertex 2.77278 1.95148 11.3956
      vertex 2.68484 1.9092 11.3855
      vertex 2.69049 1.92049 11.322
    endloop
  endfacet
  facet normal 0.942461 -0.0511041 0.330386
    outer loop
      vertex 3.08953 2.5844 11.7446
      vertex 3.11931 2.5343 11.6519
      vertex 3.10561 2.61653 11.7037
    endloop
  endfacet
  facet normal 0.942651 -0.0502369 0.329978
    outer loop
      vertex 3.08953 2.5844 11.7446
      vertex 3.1065 2.50872 11.6846
      vertex 3.11931 2.5343 11.6519
    endloop
  endfacet
  facet normal 0.939071 -0.338829 0.0577993
    outer loop
      vertex 3.11452 2.38411 11.5232
      vertex 3.08827 2.30305 11.4745
      vertex 3.11831 2.39168 11.506
    endloop
  endfacet
  facet normal 0.968738 -0.128217 0.212386
    outer loop
      vertex 3.1301 2.55586 11.6159
      vertex 3.1207 2.4532 11.5968
      vertex 3.12854 2.46887 11.5705
    endloop
  endfacet
  facet normal 0.986244 0.0365078 0.161214
    outer loop
      vertex 3.12995 2.66517 11.6095
      vertex 3.13869 2.57302 11.5769
      vertex 3.14493 2.5855 11.5359
    endloop
  endfacet
  facet normal 0.975154 0.0142815 0.221068
    outer loop
      vertex 3.12995 2.66517 11.6095
      vertex 3.1301 2.55586 11.6159
      vertex 3.13869 2.57302 11.5769
    endloop
  endfacet
  facet normal 0.997686 0.0595922 0.0327443
    outer loop
      vertex 3.14414 2.69354 11.45
      vertex 3.14872 2.59307 11.4933
      vertex 3.14999 2.5956 11.45
    endloop
  endfacet
  facet normal 0.997691 0.0595529 0.0326526
    outer loop
      vertex 3.14255 2.69035 11.5044
      vertex 3.14872 2.59307 11.4933
      vertex 3.14414 2.69354 11.45
    endloop
  endfacet
  facet normal 0.988377 -0.0887973 -0.123397
    outer loop
      vertex 3.14493 2.5855 11.3641
      vertex 3.13932 2.4904 11.3876
      vertex 3.13869 2.57302 11.3231
    endloop
  endfacet
  facet normal 0.935713 0.0980365 -0.338867
    outer loop
      vertex 3.09592 2.73062 11.2027
      vertex 3.11916 2.64361 11.2417
      vertex 3.07984 2.69848 11.149
    endloop
  endfacet
  facet normal 0.901821 -0.261732 0.343825
    outer loop
      vertex 3.05834 2.41248 11.7565
      vertex 3.08905 2.38995 11.6588
      vertex 3.07576 2.44728 11.7373
    endloop
  endfacet
  facet normal 0.928047 -0.303657 0.215687
    outer loop
      vertex 3.08905 2.38995 11.6588
      vertex 3.09767 2.35045 11.5661
      vertex 3.10079 2.4134 11.6413
    endloop
  endfacet
  facet normal 0.901619 -0.262329 0.3439
    outer loop
      vertex 3.05834 2.41248 11.7565
      vertex 3.07639 2.36466 11.6727
      vertex 3.08905 2.38995 11.6588
    endloop
  endfacet
  facet normal 0.880937 -0.303612 0.363002
    outer loop
      vertex 3.05834 2.41248 11.7565
      vertex 3.03995 2.37574 11.7704
      vertex 3.07639 2.36466 11.6727
    endloop
  endfacet
  facet normal 0.845854 -0.243913 -0.474381
    outer loop
      vertex 3.05834 2.41248 11.1435
      vertex 3.03995 2.37574 11.1296
      vertex 3.02903 2.46351 11.065
    endloop
  endfacet
  facet normal 0.859546 -0.346 -0.376117
    outer loop
      vertex 3.06303 2.33796 11.2171
      vertex 3.02091 2.33768 11.1211
      vertex 3.03995 2.37574 11.1296
    endloop
  endfacet
  facet normal 0.702152 -0.531235 -0.474102
    outer loop
      vertex 2.96311 2.22219 11.1296
      vertex 2.8863 2.17832 11.065
      vertex 2.9094 2.22447 11.0475
    endloop
  endfacet
  facet normal 0.818082 -0.299626 -0.490884
    outer loop
      vertex 3.03995 2.37574 11.1296
      vertex 3.02091 2.33768 11.1211
      vertex 3.00593 2.41736 11.0475
    endloop
  endfacet
  facet normal 0.870869 -0.417749 -0.258986
    outer loop
      vertex 3.06636 2.28788 11.3049
      vertex 3.05781 2.2708 11.3037
      vertex 3.04919 2.3103 11.211
    endloop
  endfacet
  facet normal 0.787165 -0.585026 -0.195233
    outer loop
      vertex 3.01151 2.17827 11.3465
      vertex 2.95881 2.12972 11.2795
      vertex 3.01795 2.19114 11.3339
    endloop
  endfacet
  facet normal 0.859209 -0.347001 -0.375966
    outer loop
      vertex 3.06303 2.33796 11.2171
      vertex 3.04919 2.3103 11.211
      vertex 3.02091 2.33768 11.1211
    endloop
  endfacet
  facet normal 0.886178 -0.38733 -0.25429
    outer loop
      vertex 3.07476 2.30466 11.3087
      vertex 3.04919 2.3103 11.211
      vertex 3.06303 2.33796 11.2171
    endloop
  endfacet
  facet normal 0.776449 -0.606459 -0.171273
    outer loop
      vertex 3.01151 2.17827 11.3465
      vertex 2.94951 2.11112 11.3032
      vertex 2.95881 2.12972 11.2795
    endloop
  endfacet
  facet normal 0.587726 -0.759862 -0.277827
    outer loop
      vertex 2.88375 2.06362 11.2481
      vertex 2.79617 1.99822 11.2417
      vertex 2.80972 2.0253 11.1963
    endloop
  endfacet
  facet normal 0.696817 -0.671365 -0.252416
    outer loop
      vertex 2.95881 2.12972 11.2795
      vertex 2.88375 2.06362 11.2481
      vertex 2.89656 2.08921 11.2154
    endloop
  endfacet
  facet normal 0.696852 -0.671038 -0.253189
    outer loop
      vertex 2.94951 2.11112 11.3032
      vertex 2.88375 2.06362 11.2481
      vertex 2.95881 2.12972 11.2795
    endloop
  endfacet
  facet normal 0.605202 -0.724502 0.329889
    outer loop
      vertex 2.89656 2.08921 11.6846
      vertex 2.82581 2.05743 11.7446
      vertex 2.88375 2.06362 11.6519
    endloop
  endfacet
  facet normal 0.831111 -0.554524 0.0419184
    outer loop
      vertex 3.04898 2.22454 11.4688
      vertex 2.99731 2.14991 11.506
      vertex 3.04806 2.2227 11.4627
    endloop
  endfacet
  facet normal 0.561708 -0.811559 0.160799
    outer loop
      vertex 2.78538 1.97666 11.6095
      vertex 2.77754 1.96099 11.5578
      vertex 2.85813 2.01243 11.5359
    endloop
  endfacet
  facet normal 0.550407 -0.83425 0.0328329
    outer loop
      vertex 2.77278 1.95148 11.5044
      vertex 2.77119 1.94829 11.45
      vertex 2.85435 2.00486 11.4933
    endloop
  endfacet
  facet normal 0.812228 -0.535057 0.232377
    outer loop
      vertex 3.03275 2.22072 11.5852
      vertex 2.98116 2.17437 11.6588
      vertex 3.02507 2.20537 11.5767
    endloop
  endfacet
  facet normal 0.856309 -0.44685 -0.258959
    outer loop
      vertex 3.04926 2.25372 11.3049
      vertex 3.02102 2.25402 11.211
      vertex 3.05781 2.2708 11.3037
    endloop
  endfacet
  facet normal 0.973585 -0.212577 -0.0833252
    outer loop
      vertex 3.12106 2.39718 11.4121
      vertex 3.11831 2.39168 11.394
      vertex 3.13478 2.48134 11.3577
    endloop
  endfacet
  facet normal 0.855993 -0.447607 -0.258696
    outer loop
      vertex 3.05781 2.2708 11.3037
      vertex 3.02102 2.25402 11.211
      vertex 3.0351 2.28216 11.2089
    endloop
  endfacet
  facet normal 0.91482 -0.329957 -0.232878
    outer loop
      vertex 3.08905 2.38995 11.2412
      vertex 3.08287 2.32087 11.3148
      vertex 3.07639 2.36466 11.2273
    endloop
  endfacet
  facet normal 0.921123 -0.223085 -0.319008
    outer loop
      vertex 3.10079 2.4134 11.2587
      vertex 3.08905 2.38995 11.2412
      vertex 3.09191 2.47955 11.1868
    endloop
  endfacet
  facet normal 0.939105 -0.187151 -0.288194
    outer loop
      vertex 3.1065 2.50872 11.2154
      vertex 3.1114 2.4346 11.2795
      vertex 3.09191 2.47955 11.1868
    endloop
  endfacet
  facet normal 0.979469 -0.200867 0.0171207
    outer loop
      vertex 3.14207 2.4959 11.4815
      vertex 3.12329 2.40164 11.45
      vertex 3.143 2.49775 11.45
    endloop
  endfacet
  facet normal 0.939087 -0.187207 -0.288217
    outer loop
      vertex 3.1114 2.4346 11.2795
      vertex 3.10079 2.4134 11.2587
      vertex 3.09191 2.47955 11.1868
    endloop
  endfacet
  facet normal 0.921227 -0.222959 -0.318794
    outer loop
      vertex 3.09191 2.47955 11.1868
      vertex 3.08905 2.38995 11.2412
      vertex 3.07576 2.44728 11.1627
    endloop
  endfacet
  facet normal 0.914187 0.0551254 -0.401526
    outer loop
      vertex 3.07984 2.69848 11.149
      vertex 3.08953 2.5844 11.1554
      vertex 3.06075 2.66034 11.1003
    endloop
  endfacet
  facet normal 0.91377 0.055036 -0.402487
    outer loop
      vertex 3.10561 2.61653 11.1963
      vertex 3.08953 2.5844 11.1554
      vertex 3.07984 2.69848 11.149
    endloop
  endfacet
  facet normal 0.693318 -0.192834 0.694353
    outer loop
      vertex 2.90754 2.5092 11.9947
      vertex 2.93314 2.40536 11.9403
      vertex 2.96154 2.4621 11.9277
    endloop
  endfacet
  facet normal 0.733511 -0.112532 0.670297
    outer loop
      vertex 2.90754 2.5092 11.9947
      vertex 2.96154 2.4621 11.9277
      vertex 2.98895 2.51687 11.9069
    endloop
  endfacet
  facet normal -0.457052 0.664973 -0.590689
    outer loop
      vertex 2.10309 3.12395 11.0042
      vertex 2.03047 3.12156 11.0577
      vertex 2.105 3.12775 11.007
    endloop
  endfacet
  facet normal -0.455366 0.668283 -0.588252
    outer loop
      vertex 2.03047 3.12156 11.0577
      vertex 2.10309 3.12395 11.0042
      vertex 2.0064 3.07347 11.0217
    endloop
  endfacet
  facet normal -0.557051 0.65806 -0.506608
    outer loop
      vertex 2.0064 3.07347 11.0217
      vertex 1.93557 3.0654 11.0891
      vertex 2.03047 3.12156 11.0577
    endloop
  endfacet
  facet normal 0.953608 0.13453 -0.26932
    outer loop
      vertex 3.10872 2.7562 11.2608
      vertex 3.12995 2.66517 11.2905
      vertex 3.09592 2.73062 11.2027
    endloop
  endfacet
  facet normal 0.967161 0.16154 -0.196224
    outer loop
      vertex 3.11803 2.7748 11.322
      vertex 3.12995 2.66517 11.2905
      vertex 3.10872 2.7562 11.2608
    endloop
  endfacet
  facet normal 0.740491 0.122223 0.66086
    outer loop
      vertex 2.94252 2.75301 11.9447
      vertex 2.9684 2.63082 11.9383
      vertex 2.99585 2.68566 11.8974
    endloop
  endfacet
  facet normal 0.807606 0.0348064 0.588694
    outer loop
      vertex 2.99585 2.68566 11.8974
      vertex 2.9684 2.63082 11.9383
      vertex 3.03898 2.61685 11.8423
    endloop
  endfacet
  facet normal -0.471931 0.17325 0.864445
    outer loop
      vertex 2.02738 2.78648 12.0736
      vertex 1.99095 2.71369 12.0683
      vertex 2.10336 2.74846 12.1227
    endloop
  endfacet
  facet normal -0.566639 0.225896 0.792396
    outer loop
      vertex 1.95778 2.82131 12.0139
      vertex 1.99095 2.71369 12.0683
      vertex 2.02738 2.78648 12.0736
    endloop
  endfacet
  facet normal -0.429192 0.500922 0.751579
    outer loop
      vertex 2.13418 2.99989 12.0261
      vertex 2.02309 2.95182 11.9947
      vertex 2.09961 2.93081 12.0524
    endloop
  endfacet
  facet normal -0.320838 0.47297 0.820586
    outer loop
      vertex 2.13418 2.99989 12.0261
      vertex 2.09961 2.93081 12.0524
      vertex 2.18127 2.90414 12.0997
    endloop
  endfacet
  facet normal -0.491165 0.596041 0.635211
    outer loop
      vertex 2.0064 3.07347 11.8783
      vertex 1.98043 3.02159 11.9069
      vertex 2.08396 3.07344 11.9383
    endloop
  endfacet
  facet normal -0.588195 0.595864 0.546784
    outer loop
      vertex 1.93557 3.0654 11.8109
      vertex 1.98043 3.02159 11.9069
      vertex 2.0064 3.07347 11.8783
    endloop
  endfacet
  facet normal -0.860642 0.0515213 0.506597
    outer loop
      vertex 1.7491 2.69278 11.8109
      vertex 1.76102 2.58315 11.8423
      vertex 1.78509 2.63125 11.8783
    endloop
  endfacet
  facet normal -0.762096 0.248702 0.597793
    outer loop
      vertex 1.81799 2.83045 11.8631
      vertex 1.83846 2.7379 11.9277
      vertex 1.86686 2.79464 11.9403
    endloop
  endfacet
  facet normal -0.621281 0.529877 0.57727
    outer loop
      vertex 1.9137 3.02168 11.835
      vertex 1.8906 2.97553 11.8525
      vertex 1.98043 3.02159 11.9069
    endloop
  endfacet
  facet normal -0.702152 0.531235 0.474102
    outer loop
      vertex 1.9137 3.02168 11.835
      vertex 1.83689 2.97781 11.7704
      vertex 1.8906 2.97553 11.8525
    endloop
  endfacet
  facet normal -0.846059 0.2437 0.474126
    outer loop
      vertex 1.76005 2.82426 11.7704
      vertex 1.77097 2.73649 11.835
      vertex 1.79407 2.78264 11.8525
    endloop
  endfacet
  facet normal -0.85963 0.346107 0.375826
    outer loop
      vertex 1.75081 2.8897 11.689
      vertex 1.76005 2.82426 11.7704
      vertex 1.77909 2.86232 11.7789
    endloop
  endfacet
  facet normal -0.72654 0.319247 0.608457
    outer loop
      vertex 1.84233 2.87909 11.8667
      vertex 1.86686 2.79464 11.9403
      vertex 1.89574 2.85236 11.9445
    endloop
  endfacet
  facet normal -0.814807 0.435496 0.382665
    outer loop
      vertex 1.81785 2.93976 11.7789
      vertex 1.7649 2.91784 11.6911
      vertex 1.79847 2.90104 11.7817
    endloop
  endfacet
  facet normal -0.693318 0.192834 0.694353
    outer loop
      vertex 1.83846 2.7379 11.9277
      vertex 1.89246 2.6908 11.9947
      vertex 1.86686 2.79464 11.9403
    endloop
  endfacet
  facet normal -0.772103 0.0355998 0.6345
    outer loop
      vertex 1.81105 2.68313 11.9069
      vertex 1.8316 2.56918 11.9383
      vertex 1.8612 2.62834 11.971
    endloop
  endfacet
  facet normal -0.685358 -0.516492 0.513342
    outer loop
      vertex 1.86453 2.27123 11.8595
      vertex 1.84265 2.22751 11.7863
      vertex 1.93225 2.20403 11.8823
    endloop
  endfacet
  facet normal -0.768819 -0.421049 0.481285
    outer loop
      vertex 1.78568 2.30353 11.7618
      vertex 1.84265 2.22751 11.7863
      vertex 1.86453 2.27123 11.8595
    endloop
  endfacet
  facet normal -0.52449 -0.194707 0.828854
    outer loop
      vertex 1.95284 2.44769 12.0325
      vertex 2.02549 2.39034 12.065
      vertex 2.06278 2.46485 12.1061
    endloop
  endfacet
  facet normal -0.422325 -0.266533 0.866373
    outer loop
      vertex 2.02549 2.39034 12.065
      vertex 2.10455 2.33658 12.087
      vertex 2.06278 2.46485 12.1061
    endloop
  endfacet
  facet normal -0.294934 -0.589397 0.752081
    outer loop
      vertex 2.15224 2.21453 12.0437
      vertex 2.20703 2.10481 11.9792
      vertex 2.23997 2.17063 12.0437
    endloop
  endfacet
  facet normal -0.294934 -0.589397 0.752081
    outer loop
      vertex 2.20703 2.10481 11.9792
      vertex 2.15224 2.21453 12.0437
      vertex 2.1193 2.14871 11.9792
    endloop
  endfacet
  facet normal -0.409223 -0.525888 0.74564
    outer loop
      vertex 2.03637 2.20034 11.9701
      vertex 2.1193 2.14871 11.9792
      vertex 2.15224 2.21453 12.0437
    endloop
  endfacet
  facet normal -0.940207 0.27934 0.194884
    outer loop
      vertex 1.69589 2.83668 11.5535
      vertex 1.6886 2.7654 11.6205
      vertex 1.69921 2.7866 11.6413
    endloop
  endfacet
  facet normal -0.940129 0.27953 0.19499
    outer loop
      vertex 1.69589 2.83668 11.5535
      vertex 1.69921 2.7866 11.6413
      vertex 1.70233 2.84955 11.5661
    endloop
  endfacet
  facet normal -0.973572 0.212607 0.0834047
    outer loop
      vertex 1.68169 2.80832 11.506
      vertex 1.66068 2.7096 11.5124
      vertex 1.66522 2.71866 11.5423
    endloop
  endfacet
  facet normal -0.900718 0.358096 0.245916
    outer loop
      vertex 1.71713 2.87913 11.5852
      vertex 1.72361 2.83534 11.6727
      vertex 1.72524 2.89534 11.5913
    endloop
  endfacet
  facet normal -0.912593 0.391729 0.117138
    outer loop
      vertex 1.72234 2.91815 11.4953
      vertex 1.70945 2.86378 11.5767
      vertex 1.71713 2.87913 11.5852
    endloop
  endfacet
  facet normal -0.881369 0.302333 0.363019
    outer loop
      vertex 1.73697 2.86204 11.6829
      vertex 1.72361 2.83534 11.6727
      vertex 1.76005 2.82426 11.7704
    endloop
  endfacet
  facet normal -0.859093 0.346855 0.376366
    outer loop
      vertex 1.73697 2.86204 11.6829
      vertex 1.76005 2.82426 11.7704
      vertex 1.75081 2.8897 11.689
    endloop
  endfacet
  facet normal -0.870869 0.417749 0.258986
    outer loop
      vertex 1.73364 2.91212 11.5951
      vertex 1.75081 2.8897 11.689
      vertex 1.74219 2.9292 11.5963
    endloop
  endfacet
  facet normal -0.890208 0.436455 0.130523
    outer loop
      vertex 1.72787 2.92921 11.4986
      vertex 1.73364 2.91212 11.5951
      vertex 1.74219 2.9292 11.5963
    endloop
  endfacet
  facet normal -0.796692 0.179544 0.577101
    outer loop
      vertex 1.79407 2.78264 11.8525
      vertex 1.81105 2.68313 11.9069
      vertex 1.83846 2.7379 11.9277
    endloop
  endfacet
  facet normal -0.921123 0.223085 0.319008
    outer loop
      vertex 1.69921 2.7866 11.6413
      vertex 1.70809 2.72045 11.7132
      vertex 1.71095 2.81005 11.6588
    endloop
  endfacet
  facet normal 0.17835 0.933666 0.310577
    outer loop
      vertex 2.49142 3.32136 11.6338
      vertex 2.5733 3.27322 11.7315
      vertex 2.58714 3.30088 11.6404
    endloop
  endfacet
  facet normal 0.303763 0.897844 0.318754
    outer loop
      vertex 2.58714 3.30088 11.6404
      vertex 2.5733 3.27322 11.7315
      vertex 2.67965 3.26841 11.6437
    endloop
  endfacet
  facet normal -0.0987945 0.91835 -0.383239
    outer loop
      vertex 2.36406 3.2694 11.1137
      vertex 2.28522 3.30169 11.2114
      vertex 2.38148 3.3042 11.1926
    endloop
  endfacet
  facet normal -0.0594888 0.996617 -0.0567095
    outer loop
      vertex 2.40182 3.34484 11.3622
      vertex 2.30408 3.33937 11.3686
      vertex 2.4044 3.34999 11.45
    endloop
  endfacet
  facet normal 0.0025637 0.858186 -0.513333
    outer loop
      vertex 2.43657 3.21176 11.0177
      vertex 2.34219 3.22568 11.0405
      vertex 2.36406 3.2694 11.1137
    endloop
  endfacet
  facet normal -0.0304403 0.792114 -0.609613
    outer loop
      vertex 2.34962 3.18433 10.9864
      vertex 2.34219 3.22568 11.0405
      vertex 2.43657 3.21176 11.0177
    endloop
  endfacet
  facet normal -0.0288288 0.792259 -0.609503
    outer loop
      vertex 2.34219 3.22568 11.0405
      vertex 2.34962 3.18433 10.9864
      vertex 2.32713 3.19559 11.0021
    endloop
  endfacet
  facet normal -0.0793811 0.957102 -0.278665
    outer loop
      vertex 2.38148 3.3042 11.1926
      vertex 2.28522 3.30169 11.2114
      vertex 2.29695 3.32514 11.2886
    endloop
  endfacet
  facet normal -0.0792382 0.957148 -0.278549
    outer loop
      vertex 2.38148 3.3042 11.1926
      vertex 2.29695 3.32514 11.2886
      vertex 2.39414 3.32949 11.2759
    endloop
  endfacet
  facet normal -0.393222 0.792363 -0.466409
    outer loop
      vertex 2.13108 3.17988 11.059
      vertex 2.05223 3.16506 11.1003
      vertex 2.07132 3.2032 11.149
    endloop
  endfacet
  facet normal -0.394725 0.789252 -0.470396
    outer loop
      vertex 2.05223 3.16506 11.1003
      vertex 2.13108 3.17988 11.059
      vertex 2.12957 3.17686 11.0552
    endloop
  endfacet
  facet normal -0.503864 0.764818 -0.401466
    outer loop
      vertex 2.05223 3.16506 11.1003
      vertex 1.97419 3.14257 11.1554
      vertex 2.07132 3.2032 11.149
    endloop
  endfacet
  facet normal 0.128314 0.83398 -0.536669
    outer loop
      vertex 2.53033 3.18736 11.0022
      vertex 2.43657 3.21176 11.0177
      vertex 2.55425 3.23516 11.0822
    endloop
  endfacet
  facet normal 0.252503 0.795514 -0.550818
    outer loop
      vertex 2.62185 3.15291 10.9944
      vertex 2.53033 3.18736 11.0022
      vertex 2.55425 3.23516 11.0822
    endloop
  endfacet
  facet normal -0.890676 0.43548 -0.130592
    outer loop
      vertex 1.74219 2.9292 11.3037
      vertex 1.72787 2.92921 11.4014
      vertex 1.73074 2.93493 11.4009
    endloop
  endfacet
  facet normal -0.882865 0.451121 -0.130539
    outer loop
      vertex 1.75074 2.94628 11.3049
      vertex 1.74219 2.9292 11.3037
      vertex 1.7336 2.94066 11.4014
    endloop
  endfacet
  facet normal -0.875486 0.465882 -0.128369
    outer loop
      vertex 1.75074 2.94628 11.3049
      vertex 1.7336 2.94066 11.4014
      vertex 1.73642 2.94629 11.4026
    endloop
  endfacet
  facet normal -0.848015 0.520777 -0.098295
    outer loop
      vertex 1.78849 3.02173 11.3465
      vertex 1.7441 2.96164 11.4111
      vertex 1.74626 2.96595 11.4153
    endloop
  endfacet
  facet normal -0.861322 0.494109 -0.118237
    outer loop
      vertex 1.77493 2.99463 11.3233
      vertex 1.73914 2.95172 11.4047
      vertex 1.74171 2.95687 11.4075
    endloop
  endfacet
  facet normal -0.91919 0.378512 -0.108712
    outer loop
      vertex 1.71976 2.913 11.4075
      vertex 1.70945 2.86378 11.3233
      vertex 1.71737 2.90823 11.4111
    endloop
  endfacet
  facet normal -0.919067 0.378771 -0.108854
    outer loop
      vertex 1.70945 2.86378 11.3233
      vertex 1.70233 2.84955 11.3339
      vertex 1.71737 2.90823 11.4111
    endloop
  endfacet
  facet normal -0.940132 0.279481 -0.195042
    outer loop
      vertex 1.70233 2.84955 11.3339
      vertex 1.6886 2.7654 11.2795
      vertex 1.69589 2.83668 11.3465
    endloop
  endfacet
  facet normal -0.950971 0.257824 -0.170823
    outer loop
      vertex 1.6886 2.7654 11.2795
      vertex 1.6793 2.7468 11.3032
      vertex 1.69589 2.83668 11.3465
    endloop
  endfacet
  facet normal -0.941908 0.333163 -0.0425613
    outer loop
      vertex 1.71046 2.89441 11.4312
      vertex 1.68169 2.80832 11.394
      vertex 1.70953 2.89256 11.4373
    endloop
  endfacet
  facet normal -0.979484 0.20081 -0.0169426
    outer loop
      vertex 1.67727 2.79948 11.4309
      vertex 1.65793 2.7041 11.4185
      vertex 1.67671 2.79836 11.45
    endloop
  endfacet
  facet normal -0.97751 0.204767 -0.0504532
    outer loop
      vertex 1.67894 2.80282 11.4121
      vertex 1.65793 2.7041 11.4185
      vertex 1.67727 2.79948 11.4309
    endloop
  endfacet
  facet normal -0.554189 0.826635 -0.0977181
    outer loop
      vertex 2.02246 3.23901 11.3422
      vertex 1.94187 3.18757 11.3641
      vertex 1.94565 3.19514 11.4067
    endloop
  endfacet
  facet normal -0.554237 0.826593 -0.0978039
    outer loop
      vertex 2.02246 3.23901 11.3422
      vertex 1.94565 3.19514 11.4067
      vertex 2.02722 3.24852 11.3956
    endloop
  endfacet
  facet normal -0.315669 -0.0530878 0.947383
    outer loop
      vertex 2.14292 2.62499 12.1541
      vertex 2.18395 2.49523 12.1605
      vertex 2.22618 2.57962 12.1793
    endloop
  endfacet
  facet normal -0.259516 0.0591504 0.963926
    outer loop
      vertex 2.14292 2.62499 12.1541
      vertex 2.22618 2.57962 12.1793
      vertex 2.26915 2.66548 12.1856
    endloop
  endfacet
  facet normal -0.611136 0.357352 0.706267
    outer loop
      vertex 1.92463 2.91008 11.9403
      vertex 1.95778 2.82131 12.0139
      vertex 1.99072 2.88713 12.0091
    endloop
  endfacet
  facet normal -0.690983 0.390863 0.608086
    outer loop
      vertex 1.86667 2.92772 11.8631
      vertex 1.84233 2.87909 11.8667
      vertex 1.92463 2.91008 11.9403
    endloop
  endfacet
  facet normal -0.261314 0.332086 0.90633
    outer loop
      vertex 2.18127 2.90414 12.0997
      vertex 2.2259 2.79079 12.1541
      vertex 2.26667 2.87227 12.136
    endloop
  endfacet
  facet normal -0.208794 0.437008 0.874888
    outer loop
      vertex 2.30604 2.95094 12.1061
      vertex 2.18127 2.90414 12.0997
      vertex 2.26667 2.87227 12.136
    endloop
  endfacet
  facet normal -0.474234 0.410652 0.77876
    outer loop
      vertex 2.02309 2.95182 11.9947
      vertex 1.99072 2.88713 12.0091
      vertex 2.06381 2.85927 12.0683
    endloop
  endfacet
  facet normal -0.520467 0.318254 0.792356
    outer loop
      vertex 1.99072 2.88713 12.0091
      vertex 1.95778 2.82131 12.0139
      vertex 2.06381 2.85927 12.0683
    endloop
  endfacet
  facet normal -0.759727 0.639972 0.115112
    outer loop
      vertex 1.86457 3.11702 11.5423
      vertex 1.80269 3.05009 11.506
      vertex 1.85833 3.10454 11.5705
    endloop
  endfacet
  facet normal -0.759452 0.640406 0.114509
    outer loop
      vertex 1.80269 3.05009 11.506
      vertex 1.7989 3.04252 11.5232
      vertex 1.85833 3.10454 11.5705
    endloop
  endfacet
  facet normal 0.0711238 0.995632 -0.0604898
    outer loop
      vertex 2.50225 3.343 11.45
      vertex 2.40182 3.34484 11.3622
      vertex 2.4044 3.34999 11.45
    endloop
  endfacet
  facet normal 0.0711458 0.995629 -0.0605149
    outer loop
      vertex 2.49953 3.33756 11.3573
      vertex 2.40182 3.34484 11.3622
      vertex 2.50225 3.343 11.45
    endloop
  endfacet
  facet normal -0.315553 0.947779 0.0462838
    outer loop
      vertex 2.21013 3.32557 11.45
      vertex 2.11705 3.29458 11.45
      vertex 2.20798 3.32126 11.5236
    endloop
  endfacet
  facet normal -0.189035 0.980598 0.0519015
    outer loop
      vertex 2.21013 3.32557 11.45
      vertex 2.20798 3.32126 11.5236
      vertex 2.30646 3.34414 11.45
    endloop
  endfacet
  facet normal -0.944011 0.328931 0.0254355
    outer loop
      vertex 1.70897 2.89144 11.4564
      vertex 1.67894 2.80282 11.4879
      vertex 1.70953 2.89256 11.4627
    endloop
  endfacet
  facet normal -0.953717 -0.134094 0.269151
    outer loop
      vertex 1.68084 2.55639 11.6583
      vertex 1.69128 2.4438 11.6392
      vertex 1.70408 2.46938 11.6973
    endloop
  endfacet
  facet normal -0.86231 -0.364967 0.351027
    outer loop
      vertex 1.72463 2.35544 11.6658
      vertex 1.76954 2.27126 11.6886
      vertex 1.78568 2.30353 11.7618
    endloop
  endfacet
  facet normal -0.810803 -0.26224 0.523286
    outer loop
      vertex 1.75757 2.42126 11.7933
      vertex 1.80597 2.34405 11.8296
      vertex 1.83004 2.39215 11.891
    endloop
  endfacet
  facet normal -0.869877 -0.160272 0.466504
    outer loop
      vertex 1.72016 2.50152 11.751
      vertex 1.77933 2.46475 11.8487
      vertex 1.73925 2.53966 11.7997
    endloop
  endfacet
  facet normal -0.91377 -0.055036 0.402487
    outer loop
      vertex 1.69439 2.58347 11.7037
      vertex 1.72016 2.50152 11.751
      vertex 1.71047 2.6156 11.7446
    endloop
  endfacet
  facet normal -0.942461 0.0511041 0.330386
    outer loop
      vertex 1.68069 2.6657 11.6519
      vertex 1.69439 2.58347 11.7037
      vertex 1.71047 2.6156 11.7446
    endloop
  endfacet
  facet normal -0.974964 -0.01433 0.221902
    outer loop
      vertex 1.6699 2.64414 11.6159
      vertex 1.67005 2.53483 11.6095
      vertex 1.68084 2.55639 11.6583
    endloop
  endfacet
  facet normal -0.986244 -0.0365078 0.161214
    outer loop
      vertex 1.65507 2.6145 11.5359
      vertex 1.67005 2.53483 11.6095
      vertex 1.66131 2.62698 11.5769
    endloop
  endfacet
  facet normal 0.367564 -0.843816 -0.390988
    outer loop
      vertex 2.63199 1.94633 11.1665
      vertex 2.7126 1.96467 11.2027
      vertex 2.63071 1.94378 11.1708
    endloop
  endfacet
  facet normal 0.368385 -0.842233 -0.393619
    outer loop
      vertex 2.7126 1.96467 11.2027
      vertex 2.63199 1.94633 11.1665
      vertex 2.72868 1.9968 11.149
    endloop
  endfacet
  facet normal 0.225278 -0.908859 -0.351033
    outer loop
      vertex 2.60907 1.91282 11.2342
      vertex 2.60275 1.93941 11.1613
      vertex 2.61845 1.93156 11.1917
    endloop
  endfacet
  facet normal 0.224788 -0.90898 -0.351035
    outer loop
      vertex 2.60275 1.93941 11.1613
      vertex 2.60907 1.91282 11.2342
      vertex 2.53093 1.93057 11.1382
    endloop
  endfacet
  facet normal 0.693317 -0.192833 -0.694354
    outer loop
      vertex 2.90956 2.50098 10.9096
      vertex 2.96154 2.4621 10.9723
      vertex 2.93314 2.40536 10.9597
    endloop
  endfacet
  facet normal 0.693335 -0.192797 -0.694346
    outer loop
      vertex 2.96154 2.4621 10.9723
      vertex 2.90956 2.50098 10.9096
      vertex 2.91181 2.50547 10.9106
    endloop
  endfacet
  facet normal 0.651931 -0.274765 -0.706747
    outer loop
      vertex 2.87746 2.43684 10.8961
      vertex 2.93314 2.40536 10.9597
      vertex 2.90426 2.34764 10.9555
    endloop
  endfacet
  facet normal 0.649753 -0.279175 -0.707023
    outer loop
      vertex 2.93314 2.40536 10.9597
      vertex 2.87746 2.43684 10.8961
      vertex 2.87975 2.44141 10.8964
    endloop
  endfacet
  facet normal 0.610747 -0.358061 -0.706244
    outer loop
      vertex 2.90426 2.34764 10.9555
      vertex 2.8168 2.31562 10.8961
      vertex 2.84713 2.37623 10.8916
    endloop
  endfacet
  facet normal 0.621281 -0.529877 -0.57727
    outer loop
      vertex 2.8863 2.17832 11.065
      vertex 2.81957 2.17841 10.9931
      vertex 2.9094 2.22447 11.0475
    endloop
  endfacet
  facet normal 0.529519 -0.519567 -0.670567
    outer loop
      vertex 2.78028 2.24265 10.9123
      vertex 2.84698 2.23319 10.9723
      vertex 2.81957 2.17841 10.9931
    endloop
  endfacet
  facet normal 0.526749 -0.525179 -0.668373
    outer loop
      vertex 2.84698 2.23319 10.9723
      vertex 2.78028 2.24265 10.9123
      vertex 2.78245 2.24699 10.9106
    endloop
  endfacet
  facet normal 0.814602 -0.436127 -0.382384
    outer loop
      vertex 3.02102 2.25402 11.211
      vertex 2.98215 2.26024 11.1211
      vertex 3.0351 2.28216 11.2089
    endloop
  endfacet
  facet normal 0.457486 -0.664002 -0.591446
    outer loop
      vertex 2.69691 2.07606 11.0042
      vertex 2.76953 2.07844 11.0577
      vertex 2.695 2.07225 11.007
    endloop
  endfacet
  facet normal 0.455306 -0.668285 -0.588295
    outer loop
      vertex 2.76953 2.07844 11.0577
      vertex 2.69691 2.07606 11.0042
      vertex 2.7936 2.12653 11.0217
    endloop
  endfacet
  facet normal 0.441288 -0.889457 0.118877
    outer loop
      vertex 2.69049 1.92049 11.578
      vertex 2.68484 1.9092 11.5145
      vertex 2.77278 1.95148 11.5044
    endloop
  endfacet
  facet normal 0.654724 -0.755453 0.025038
    outer loop
      vertex 2.92814 2.06842 11.4815
      vertex 2.85435 2.00486 11.4933
      vertex 2.92721 2.06657 11.45
    endloop
  endfacet
  facet normal 0.450475 -0.870983 0.196114
    outer loop
      vertex 2.69979 1.93908 11.6392
      vertex 2.69049 1.92049 11.578
      vertex 2.78538 1.97666 11.6095
    endloop
  endfacet
  facet normal 0.331753 -0.915481 0.227672
    outer loop
      vertex 2.69979 1.93908 11.6392
      vertex 2.60907 1.91282 11.6658
      vertex 2.69049 1.92049 11.578
    endloop
  endfacet
  facet normal 0.315521 -0.947785 -0.046371
    outer loop
      vertex 2.68295 1.90542 11.45
      vertex 2.58986 1.87443 11.45
      vertex 2.59202 1.87875 11.3764
    endloop
  endfacet
  facet normal 0.315471 -0.947805 -0.0463017
    outer loop
      vertex 2.68295 1.90542 11.45
      vertex 2.59202 1.87875 11.3764
      vertex 2.68484 1.9092 11.3855
    endloop
  endfacet
  facet normal 0.195178 -0.968459 0.154894
    outer loop
      vertex 2.50304 1.87486 11.6114
      vertex 2.49592 1.86063 11.5314
      vertex 2.59202 1.87875 11.5236
    endloop
  endfacet
  facet normal 0.189107 -0.980582 0.0519324
    outer loop
      vertex 2.49592 1.86063 11.5314
      vertex 2.49354 1.85586 11.45
      vertex 2.59202 1.87875 11.5236
    endloop
  endfacet
  facet normal 0.436644 -0.89875 0.0398763
    outer loop
      vertex 2.68484 1.9092 11.5145
      vertex 2.68295 1.90542 11.45
      vertex 2.77119 1.94829 11.45
    endloop
  endfacet
  facet normal 0.436644 -0.89875 -0.0398763
    outer loop
      vertex 2.77119 1.94829 11.45
      vertex 2.68295 1.90542 11.45
      vertex 2.68484 1.9092 11.3855
    endloop
  endfacet
  facet normal 0.730663 -0.603725 0.318821
    outer loop
      vertex 2.98116 2.17437 11.6588
      vertex 2.91116 2.11838 11.7132
      vertex 2.96942 2.15092 11.6413
    endloop
  endfacet
  facet normal 0.730662 -0.60373 0.318815
    outer loop
      vertex 2.9273 2.15064 11.7373
      vertex 2.91116 2.11838 11.7132
      vertex 2.98116 2.17437 11.6588
    endloop
  endfacet
  facet normal 0.840648 -0.47814 0.254349
    outer loop
      vertex 3.02102 2.25402 11.689
      vertex 3.04086 2.23693 11.5913
      vertex 3.04926 2.25372 11.5951
    endloop
  endfacet
  facet normal 0.770372 -0.524158 0.363023
    outer loop
      vertex 2.96311 2.22219 11.7704
      vertex 2.99382 2.19966 11.6727
      vertex 3.00718 2.22636 11.6829
    endloop
  endfacet
  facet normal 0.890676 -0.43548 0.130592
    outer loop
      vertex 3.05781 2.2708 11.5963
      vertex 3.06926 2.26507 11.4991
      vertex 3.07213 2.27079 11.4986
    endloop
  endfacet
  facet normal 0.890208 -0.436455 0.130523
    outer loop
      vertex 3.06636 2.28788 11.5951
      vertex 3.05781 2.2708 11.5963
      vertex 3.07213 2.27079 11.4986
    endloop
  endfacet
  facet normal 0.792393 -0.48047 0.375849
    outer loop
      vertex 2.98215 2.26024 11.7789
      vertex 2.96311 2.22219 11.7704
      vertex 3.02102 2.25402 11.689
    endloop
  endfacet
  facet normal 0.814602 -0.436127 0.382384
    outer loop
      vertex 3.0351 2.28216 11.6911
      vertex 2.98215 2.26024 11.7789
      vertex 3.02102 2.25402 11.689
    endloop
  endfacet
  facet normal -0.888719 -0.00418229 0.458434
    outer loop
      vertex 1.71047 2.6156 11.7446
      vertex 1.73925 2.53966 11.7997
      vertex 1.76102 2.58315 11.8423
    endloop
  endfacet
  facet normal -0.733502 0.112775 0.670266
    outer loop
      vertex 1.81105 2.68313 11.9069
      vertex 1.8612 2.62834 11.971
      vertex 1.89246 2.6908 11.9947
    endloop
  endfacet
  facet normal 0.968494 -0.128382 0.213393
    outer loop
      vertex 3.11931 2.5343 11.6519
      vertex 3.1207 2.4532 11.5968
      vertex 3.1301 2.55586 11.6159
    endloop
  endfacet
  facet normal 0.960228 -0.0150067 0.278814
    outer loop
      vertex 3.11916 2.64361 11.6583
      vertex 3.11931 2.5343 11.6519
      vertex 3.1301 2.55586 11.6159
    endloop
  endfacet
  facet normal 0.988412 -0.0886559 0.123216
    outer loop
      vertex 3.13869 2.57302 11.5769
      vertex 3.13478 2.48134 11.5423
      vertex 3.13932 2.4904 11.5124
    endloop
  endfacet
  facet normal 0.979878 -0.105691 0.16932
    outer loop
      vertex 3.1301 2.55586 11.6159
      vertex 3.13478 2.48134 11.5423
      vertex 3.13869 2.57302 11.5769
    endloop
  endfacet
  facet normal 0.967161 0.16154 0.196224
    outer loop
      vertex 3.10872 2.7562 11.6392
      vertex 3.12995 2.66517 11.6095
      vertex 3.11803 2.7748 11.578
    endloop
  endfacet
  facet normal 0.953426 0.13423 0.270112
    outer loop
      vertex 3.10872 2.7562 11.6392
      vertex 3.11916 2.64361 11.6583
      vertex 3.12995 2.66517 11.6095
    endloop
  endfacet
  facet normal 0.994216 -0.0771203 -0.0747483
    outer loop
      vertex 3.14872 2.59307 11.4067
      vertex 3.13932 2.4904 11.3876
      vertex 3.14493 2.5855 11.3641
    endloop
  endfacet
  facet normal 0.99386 0.051997 -0.0976608
    outer loop
      vertex 3.14872 2.59307 11.4067
      vertex 3.14493 2.5855 11.3641
      vertex 3.13779 2.68084 11.3422
    endloop
  endfacet
  facet normal 0.975154 0.0142815 -0.221068
    outer loop
      vertex 3.13869 2.57302 11.3231
      vertex 3.1301 2.55586 11.2841
      vertex 3.12995 2.66517 11.2905
    endloop
  endfacet
  facet normal 0.986322 0.0366994 -0.160693
    outer loop
      vertex 3.13779 2.68084 11.3422
      vertex 3.13869 2.57302 11.3231
      vertex 3.12995 2.66517 11.2905
    endloop
  endfacet
  facet normal 0.939085 -0.187188 0.288236
    outer loop
      vertex 3.1065 2.50872 11.6846
      vertex 3.10079 2.4134 11.6413
      vertex 3.1114 2.4346 11.6205
    endloop
  endfacet
  facet normal 0.940207 -0.27934 0.194884
    outer loop
      vertex 3.10079 2.4134 11.6413
      vertex 3.10411 2.36332 11.5535
      vertex 3.1114 2.4346 11.6205
    endloop
  endfacet
  facet normal 0.901227 -0.357248 0.245281
    outer loop
      vertex 3.06303 2.33796 11.6829
      vertex 3.07476 2.30466 11.5913
      vertex 3.07639 2.36466 11.6727
    endloop
  endfacet
  facet normal 0.881369 -0.302333 0.363019
    outer loop
      vertex 3.03995 2.37574 11.7704
      vertex 3.06303 2.33796 11.6829
      vertex 3.07639 2.36466 11.6727
    endloop
  endfacet
  facet normal 0.796461 -0.179727 -0.577363
    outer loop
      vertex 3.02903 2.46351 11.065
      vertex 3.00593 2.41736 11.0475
      vertex 2.98895 2.51687 10.9931
    endloop
  endfacet
  facet normal 0.873184 -0.189299 -0.449128
    outer loop
      vertex 3.07576 2.44728 11.1627
      vertex 3.05834 2.41248 11.1435
      vertex 3.0509 2.50723 11.0891
    endloop
  endfacet
  facet normal 0.691052 -0.39016 -0.608459
    outer loop
      vertex 2.95767 2.32091 11.0333
      vertex 2.87537 2.28992 10.9597
      vertex 2.90426 2.34764 10.9555
    endloop
  endfacet
  facet normal 0.829565 -0.113593 -0.546735
    outer loop
      vertex 3.0509 2.50723 11.0891
      vertex 3.02903 2.46351 11.065
      vertex 2.98895 2.51687 10.9931
    endloop
  endfacet
  facet normal 0.826234 -0.507127 -0.245275
    outer loop
      vertex 3.04086 2.23693 11.3087
      vertex 2.99382 2.19966 11.2273
      vertex 3.00718 2.22636 11.2171
    endloop
  endfacet
  facet normal 0.901227 -0.357248 -0.245281
    outer loop
      vertex 3.07639 2.36466 11.2273
      vertex 3.07476 2.30466 11.3087
      vertex 3.06303 2.33796 11.2171
    endloop
  endfacet
  facet normal 0.572906 -0.789008 -0.221913
    outer loop
      vertex 2.87297 2.04206 11.2841
      vertex 2.78538 1.97666 11.2905
      vertex 2.79617 1.99822 11.2417
    endloop
  endfacet
  facet normal 0.671872 -0.721062 -0.169283
    outer loop
      vertex 2.93543 2.08298 11.3577
      vertex 2.86438 2.0249 11.3231
      vertex 2.87297 2.04206 11.2841
    endloop
  endfacet
  facet normal 0.894243 -0.44758 0.00067211
    outer loop
      vertex 3.04731 2.2212 11.45
      vertex 3.09122 2.30893 11.45
      vertex 3.09103 2.30856 11.4564
    endloop
  endfacet
  facet normal 0.894263 -0.447543 -7.31111e-05
    outer loop
      vertex 3.0475 2.22158 11.4564
      vertex 3.09103 2.30856 11.4564
      vertex 3.09047 2.30744 11.4627
    endloop
  endfacet
  facet normal 0.894243 -0.44758 -0.00067211
    outer loop
      vertex 3.09122 2.30893 11.45
      vertex 3.04731 2.2212 11.45
      vertex 3.09103 2.30856 11.4436
    endloop
  endfacet
  facet normal 0.894258 -0.447551 0.000604979
    outer loop
      vertex 3.04806 2.2227 11.4627
      vertex 3.09047 2.30744 11.4627
      vertex 3.08954 2.30559 11.4688
    endloop
  endfacet
  facet normal 0.894263 -0.447543 -2.4418e-05
    outer loop
      vertex 3.0475 2.22158 11.4436
      vertex 3.09103 2.30856 11.4436
      vertex 3.04731 2.2212 11.45
    endloop
  endfacet
  facet normal 0.894273 -0.447523 -0.000172085
    outer loop
      vertex 3.04898 2.22454 11.4688
      vertex 3.08954 2.30559 11.4688
      vertex 3.08827 2.30305 11.4745
    endloop
  endfacet
  facet normal 0.894263 -0.447543 7.31111e-05
    outer loop
      vertex 3.09103 2.30856 11.4436
      vertex 3.0475 2.22158 11.4436
      vertex 3.09047 2.30744 11.4373
    endloop
  endfacet
  facet normal 0.894262 -0.447543 -0.000242619
    outer loop
      vertex 3.05025 2.22708 11.4745
      vertex 3.08827 2.30305 11.4745
      vertex 3.08668 2.29987 11.4799
    endloop
  endfacet
  facet normal 0.894258 -0.447551 -7.50433e-05
    outer loop
      vertex 3.04806 2.2227 11.4373
      vertex 3.09047 2.30744 11.4373
      vertex 3.0475 2.22158 11.4436
    endloop
  endfacet
  facet normal 0.89429 -0.447486 -0.00120074
    outer loop
      vertex 3.05025 2.22708 11.4745
      vertex 3.08668 2.29987 11.4799
      vertex 3.08479 2.29608 11.4847
    endloop
  endfacet
  facet normal 0.894258 -0.447551 -0.000604979
    outer loop
      vertex 3.09047 2.30744 11.4373
      vertex 3.04806 2.2227 11.4373
      vertex 3.08954 2.30559 11.4312
    endloop
  endfacet
  facet normal 0.894192 -0.447683 0.000462418
    outer loop
      vertex 3.05025 2.22708 11.4745
      vertex 3.08479 2.29608 11.4847
      vertex 3.08263 2.29177 11.4889
    endloop
  endfacet
  facet normal 0.894273 -0.447523 -0.000116486
    outer loop
      vertex 3.04898 2.22454 11.4312
      vertex 3.08954 2.30559 11.4312
      vertex 3.04806 2.2227 11.4373
    endloop
  endfacet
  facet normal 0.894192 -0.447683 0.000464039
    outer loop
      vertex 3.05025 2.22708 11.4745
      vertex 3.08263 2.29177 11.4889
      vertex 3.08024 2.287 11.4925
    endloop
  endfacet
  facet normal 0.894273 -0.447523 0.000172085
    outer loop
      vertex 3.08954 2.30559 11.4312
      vertex 3.04898 2.22454 11.4312
      vertex 3.08827 2.30305 11.4255
    endloop
  endfacet
  facet normal 0.894188 -0.447691 0.000498114
    outer loop
      vertex 3.05025 2.22708 11.4745
      vertex 3.08024 2.287 11.4925
      vertex 3.07766 2.28185 11.4953
    endloop
  endfacet
  facet normal 0.894263 -0.447543 2.4418e-05
    outer loop
      vertex 3.09103 2.30856 11.4564
      vertex 3.0475 2.22158 11.4564
      vertex 3.04731 2.2212 11.45
    endloop
  endfacet
  facet normal 0.894181 -0.447705 0.0005417
    outer loop
      vertex 3.05025 2.22708 11.4745
      vertex 3.07766 2.28185 11.4953
      vertex 3.07494 2.27642 11.4974
    endloop
  endfacet
  facet normal 0.894262 -0.447543 -0.00018359
    outer loop
      vertex 3.05025 2.22708 11.4255
      vertex 3.08827 2.30305 11.4255
      vertex 3.04898 2.22454 11.4312
    endloop
  endfacet
  facet normal 0.894598 -0.446869 -0.0017085
    outer loop
      vertex 3.05025 2.22708 11.4745
      vertex 3.07494 2.27642 11.4974
      vertex 3.07213 2.27079 11.4986
    endloop
  endfacet
  facet normal 0.894262 -0.447543 0.000242619
    outer loop
      vertex 3.08827 2.30305 11.4255
      vertex 3.05025 2.22708 11.4255
      vertex 3.08668 2.29987 11.4201
    endloop
  endfacet
  facet normal 0.893858 -0.448348 0.00164604
    outer loop
      vertex 3.05025 2.22708 11.4745
      vertex 3.07213 2.27079 11.4986
      vertex 3.06926 2.26507 11.4991
    endloop
  endfacet
  facet normal 0.894298 -0.44747 0.00146697
    outer loop
      vertex 3.05185 2.23026 11.4201
      vertex 3.08668 2.29987 11.4201
      vertex 3.05025 2.22708 11.4255
    endloop
  endfacet
  facet normal 0.894808 -0.446447 -0.0020242
    outer loop
      vertex 3.05025 2.22708 11.4745
      vertex 3.06926 2.26507 11.4991
      vertex 3.0664 2.25934 11.4986
    endloop
  endfacet
  facet normal 0.894298 -0.44747 0.00118516
    outer loop
      vertex 3.08668 2.29987 11.4201
      vertex 3.05185 2.23026 11.4201
      vertex 3.08479 2.29608 11.4153
    endloop
  endfacet
  facet normal 0.894071 -0.447925 0.000449013
    outer loop
      vertex 3.05025 2.22708 11.4745
      vertex 3.0664 2.25934 11.4986
      vertex 3.06358 2.25371 11.4974
    endloop
  endfacet
  facet normal 0.894224 -0.447617 -0.00132988
    outer loop
      vertex 3.05374 2.23405 11.4153
      vertex 3.08479 2.29608 11.4153
      vertex 3.05185 2.23026 11.4201
    endloop
  endfacet
  facet normal 0.893993 -0.448081 0.000675486
    outer loop
      vertex 3.05025 2.22708 11.4745
      vertex 3.06358 2.25371 11.4974
      vertex 3.06086 2.24828 11.4953
    endloop
  endfacet
  facet normal 0.894225 -0.447617 -0.000546779
    outer loop
      vertex 3.08479 2.29608 11.4153
      vertex 3.05374 2.23405 11.4153
      vertex 3.08263 2.29177 11.4111
    endloop
  endfacet
  facet normal 0.895411 -0.445231 -0.00295283
    outer loop
      vertex 3.05025 2.22708 11.4745
      vertex 3.06086 2.24828 11.4953
      vertex 3.05829 2.24313 11.4925
    endloop
  endfacet
  facet normal 0.894258 -0.447551 7.50433e-05
    outer loop
      vertex 3.09047 2.30744 11.4627
      vertex 3.04806 2.2227 11.4627
      vertex 3.0475 2.22158 11.4564
    endloop
  endfacet
  facet normal 0.893968 -0.44813 0.000276977
    outer loop
      vertex 3.05025 2.22708 11.4745
      vertex 3.05829 2.24313 11.4925
      vertex 3.0559 2.23836 11.4889
    endloop
  endfacet
  facet normal 0.894259 -0.447548 -0.000687405
    outer loop
      vertex 3.08263 2.29177 11.4111
      vertex 3.0559 2.23836 11.4111
      vertex 3.08024 2.287 11.4075
    endloop
  endfacet
  facet normal 0.891014 -0.453913 0.00756521
    outer loop
      vertex 3.05185 2.23026 11.4799
      vertex 3.0559 2.23836 11.4889
      vertex 3.05374 2.23405 11.4847
    endloop
  endfacet
  facet normal 0.896541 -0.442934 -0.0048029
    outer loop
      vertex 3.05025 2.22708 11.4745
      vertex 3.0559 2.23836 11.4889
      vertex 3.05185 2.23026 11.4799
    endloop
  endfacet
  facet normal 0.894262 -0.447543 0.00018359
    outer loop
      vertex 3.08827 2.30305 11.4745
      vertex 3.05025 2.22708 11.4745
      vertex 3.04898 2.22454 11.4688
    endloop
  endfacet
  facet normal 0.894522 -0.447016 0.00257754
    outer loop
      vertex 3.07494 2.27642 11.4026
      vertex 3.05829 2.24313 11.4075
      vertex 3.07213 2.27079 11.4014
    endloop
  endfacet
  facet normal 0.894273 -0.447523 0.000116486
    outer loop
      vertex 3.08954 2.30559 11.4688
      vertex 3.04898 2.22454 11.4688
      vertex 3.04806 2.2227 11.4627
    endloop
  endfacet
  facet normal 0.893935 -0.448178 -0.00402548
    outer loop
      vertex 3.07213 2.27079 11.4014
      vertex 3.05829 2.24313 11.4075
      vertex 3.06926 2.26507 11.4009
    endloop
  endfacet
  facet normal 0.894256 -0.447556 -0.00081027
    outer loop
      vertex 3.08024 2.287 11.4075
      vertex 3.0559 2.23836 11.4111
      vertex 3.07766 2.28185 11.4047
    endloop
  endfacet
  facet normal 0.894861 -0.44633 0.00365637
    outer loop
      vertex 3.06926 2.26507 11.4009
      vertex 3.05829 2.24313 11.4075
      vertex 3.0664 2.25934 11.4014
    endloop
  endfacet
  facet normal 0.894124 -0.44782 0.00016848
    outer loop
      vertex 3.0664 2.25934 11.4014
      vertex 3.06086 2.24828 11.4047
      vertex 3.06358 2.25371 11.4026
    endloop
  endfacet
  facet normal 0.893266 -0.449478 -0.00682751
    outer loop
      vertex 3.0664 2.25934 11.4014
      vertex 3.05829 2.24313 11.4075
      vertex 3.06086 2.24828 11.4047
    endloop
  endfacet
  facet normal 0.894297 -0.447473 -0.00129072
    outer loop
      vertex 3.07766 2.28185 11.4047
      vertex 3.05829 2.24313 11.4075
      vertex 3.07494 2.27642 11.4026
    endloop
  endfacet
  facet normal 0.894364 -0.447338 0.00103532
    outer loop
      vertex 3.05829 2.24313 11.4075
      vertex 3.07766 2.28185 11.4047
      vertex 3.0559 2.23836 11.4111
    endloop
  endfacet
  facet normal 0.89426 -0.447548 0.000635049
    outer loop
      vertex 3.0559 2.23836 11.4111
      vertex 3.08263 2.29177 11.4111
      vertex 3.05374 2.23405 11.4153
    endloop
  endfacet
  facet normal 0.573074 -0.789142 -0.221
    outer loop
      vertex 2.86438 2.0249 11.3231
      vertex 2.78538 1.97666 11.2905
      vertex 2.87297 2.04206 11.2841
    endloop
  endfacet
  facet normal 0.649676 -0.636068 -0.41634
    outer loop
      vertex 2.91116 2.11838 11.1868
      vertex 2.86443 2.1346 11.0891
      vertex 2.9273 2.15064 11.1627
    endloop
  endfacet
  facet normal 0.812228 -0.535057 -0.232377
    outer loop
      vertex 3.02507 2.20537 11.3233
      vertex 2.98116 2.17437 11.2412
      vertex 3.03275 2.22072 11.3148
    endloop
  endfacet
  facet normal 0.626115 -0.682706 -0.376687
    outer loop
      vertex 2.89656 2.08921 11.2154
      vertex 2.82581 2.05743 11.1554
      vertex 2.91116 2.11838 11.1868
    endloop
  endfacet
  facet normal 0.529096 -0.714407 -0.457908
    outer loop
      vertex 2.82581 2.05743 11.1554
      vertex 2.74777 2.03495 11.1003
      vertex 2.84414 2.09408 11.1194
    endloop
  endfacet
  facet normal 0.776449 -0.606459 0.171273
    outer loop
      vertex 2.95881 2.12972 11.6205
      vertex 2.94951 2.11112 11.5968
      vertex 3.01151 2.17827 11.5535
    endloop
  endfacet
  facet normal 0.712814 -0.639436 0.288129
    outer loop
      vertex 2.96942 2.15092 11.6413
      vertex 2.89656 2.08921 11.6846
      vertex 2.95881 2.12972 11.6205
    endloop
  endfacet
  facet normal 0.683299 -0.698598 0.21228
    outer loop
      vertex 2.94951 2.11112 11.5968
      vertex 2.87297 2.04206 11.6159
      vertex 2.94167 2.09546 11.5705
    endloop
  endfacet
  facet normal 0.657648 -0.749593 0.0748941
    outer loop
      vertex 2.93089 2.07392 11.5124
      vertex 2.85435 2.00486 11.4933
      vertex 2.92814 2.06842 11.4815
    endloop
  endfacet
  facet normal 0.554189 -0.826635 0.0977181
    outer loop
      vertex 2.85813 2.01243 11.5359
      vertex 2.77754 1.96099 11.5578
      vertex 2.85435 2.00486 11.4933
    endloop
  endfacet
  facet normal 0.848015 -0.520777 -0.098295
    outer loop
      vertex 3.05374 2.23405 11.4153
      vertex 3.01151 2.17827 11.3465
      vertex 3.0559 2.23836 11.4111
    endloop
  endfacet
  facet normal 0.841296 -0.477031 0.254286
    outer loop
      vertex 3.02102 2.25402 11.689
      vertex 3.00718 2.22636 11.6829
      vertex 3.04086 2.23693 11.5913
    endloop
  endfacet
  facet normal 0.856309 -0.44685 0.258959
    outer loop
      vertex 3.05781 2.2708 11.5963
      vertex 3.02102 2.25402 11.689
      vertex 3.04926 2.25372 11.5951
    endloop
  endfacet
  facet normal 0.848058 -0.520688 0.0983939
    outer loop
      vertex 3.01795 2.19114 11.5661
      vertex 3.01151 2.17827 11.5535
      vertex 3.05374 2.23405 11.4847
    endloop
  endfacet
  facet normal 0.787219 -0.584979 0.195158
    outer loop
      vertex 3.01795 2.19114 11.5661
      vertex 2.96942 2.15092 11.6413
      vertex 3.01151 2.17827 11.5535
    endloop
  endfacet
  facet normal 0.942028 -0.332898 -0.041969
    outer loop
      vertex 3.12106 2.39718 11.4121
      vertex 3.09047 2.30744 11.4373
      vertex 3.11831 2.39168 11.394
    endloop
  endfacet
  facet normal 0.939071 -0.338829 -0.0577993
    outer loop
      vertex 3.11831 2.39168 11.394
      vertex 3.08827 2.30305 11.4255
      vertex 3.11452 2.38411 11.3768
    endloop
  endfacet
  facet normal 0.997135 -0.0713071 -0.0252513
    outer loop
      vertex 3.143 2.49775 11.45
      vertex 3.14207 2.4959 11.4185
      vertex 3.14872 2.59307 11.4067
    endloop
  endfacet
  facet normal 0.997144 -0.0712319 -0.0250844
    outer loop
      vertex 3.14999 2.5956 11.45
      vertex 3.143 2.49775 11.45
      vertex 3.14872 2.59307 11.4067
    endloop
  endfacet
  facet normal 0.973572 -0.212607 0.0834047
    outer loop
      vertex 3.13478 2.48134 11.5423
      vertex 3.11831 2.39168 11.506
      vertex 3.13932 2.4904 11.5124
    endloop
  endfacet
  facet normal 0.935546 -0.345828 0.0718123
    outer loop
      vertex 3.10976 2.3746 11.5391
      vertex 3.08668 2.29987 11.4799
      vertex 3.08827 2.30305 11.4745
    endloop
  endfacet
  facet normal 0.881369 -0.302333 -0.363019
    outer loop
      vertex 3.07639 2.36466 11.2273
      vertex 3.06303 2.33796 11.2171
      vertex 3.03995 2.37574 11.1296
    endloop
  endfacet
  facet normal 0.898009 -0.420876 -0.128231
    outer loop
      vertex 3.07494 2.27642 11.4026
      vertex 3.07213 2.27079 11.4014
      vertex 3.06636 2.28788 11.3049
    endloop
  endfacet
  facet normal 0.92804 -0.303674 -0.215694
    outer loop
      vertex 3.09767 2.35045 11.3339
      vertex 3.09055 2.33622 11.3233
      vertex 3.08905 2.38995 11.2412
    endloop
  endfacet
  facet normal 0.950971 -0.257824 -0.170823
    outer loop
      vertex 3.1207 2.4532 11.3032
      vertex 3.10411 2.36332 11.3465
      vertex 3.1114 2.4346 11.2795
    endloop
  endfacet
  facet normal 0.905565 -0.405752 0.123764
    outer loop
      vertex 3.07476 2.30466 11.5913
      vertex 3.07494 2.27642 11.4974
      vertex 3.07766 2.28185 11.4953
    endloop
  endfacet
  facet normal 0.915218 -0.329308 0.232235
    outer loop
      vertex 3.08905 2.38995 11.6588
      vertex 3.08287 2.32087 11.5852
      vertex 3.09055 2.33622 11.5767
    endloop
  endfacet
  facet normal 0.912593 -0.391729 0.117138
    outer loop
      vertex 3.08287 2.32087 11.5852
      vertex 3.07766 2.28185 11.4953
      vertex 3.09055 2.33622 11.5767
    endloop
  endfacet
  facet normal 0.921821 -0.0918508 -0.376576
    outer loop
      vertex 3.1065 2.50872 11.2154
      vertex 3.09191 2.47955 11.1868
      vertex 3.08953 2.5844 11.1554
    endloop
  endfacet
  facet normal 0.942651 -0.0502369 -0.329978
    outer loop
      vertex 3.11931 2.5343 11.2481
      vertex 3.1065 2.50872 11.2154
      vertex 3.08953 2.5844 11.1554
    endloop
  endfacet
  facet normal 0.612968 -0.133465 0.778753
    outer loop
      vertex 2.80905 2.48631 12.0683
      vertex 2.87516 2.44451 12.0091
      vertex 2.90754 2.5092 11.9947
    endloop
  endfacet
  facet normal 0.566732 -0.225842 0.792345
    outer loop
      vertex 2.80905 2.48631 12.0683
      vertex 2.84222 2.37869 12.0139
      vertex 2.87516 2.44451 12.0091
    endloop
  endfacet
  facet normal 0.960228 -0.0150067 -0.278814
    outer loop
      vertex 3.1301 2.55586 11.2841
      vertex 3.11931 2.5343 11.2481
      vertex 3.11916 2.64361 11.2417
    endloop
  endfacet
  facet normal 0.960533 -0.0149448 -0.277765
    outer loop
      vertex 3.11916 2.64361 11.2417
      vertex 3.11931 2.5343 11.2481
      vertex 3.10561 2.61653 11.1963
    endloop
  endfacet
  facet normal -0.658203 0.0432471 0.751597
    outer loop
      vertex 1.89246 2.6908 11.9947
      vertex 1.92058 2.57307 12.0261
      vertex 1.95515 2.64214 12.0524
    endloop
  endfacet
  facet normal -0.57093 -0.0266949 0.820565
    outer loop
      vertex 1.95515 2.64214 12.0524
      vertex 1.92058 2.57307 12.0261
      vertex 2.02544 2.59277 12.0997
    endloop
  endfacet
  facet normal -0.429026 0.500135 0.752198
    outer loop
      vertex 2.05435 3.01428 11.971
      vertex 2.02309 2.95182 11.9947
      vertex 2.13418 2.99989 12.0261
    endloop
  endfacet
  facet normal -0.386349 0.585526 0.712667
    outer loop
      vertex 2.16692 3.06531 11.9901
      vertex 2.05435 3.01428 11.971
      vertex 2.13418 2.99989 12.0261
    endloop
  endfacet
  facet normal -0.759328 0.417032 0.499505
    outer loop
      vertex 1.86667 2.92772 11.8631
      vertex 1.79847 2.90104 11.7817
      vertex 1.84233 2.87909 11.8667
    endloop
  endfacet
  facet normal -0.829546 0.113688 0.546744
    outer loop
      vertex 1.7491 2.69278 11.8109
      vertex 1.78509 2.63125 11.8783
      vertex 1.81105 2.68313 11.9069
    endloop
  endfacet
  facet normal -0.569927 0.439702 0.694151
    outer loop
      vertex 2.02309 2.95182 11.9947
      vertex 1.92463 2.91008 11.9403
      vertex 1.99072 2.88713 12.0091
    endloop
  endfacet
  facet normal -0.655878 0.460992 0.597754
    outer loop
      vertex 1.95302 2.96681 11.9277
      vertex 1.86667 2.92772 11.8631
      vertex 1.92463 2.91008 11.9403
    endloop
  endfacet
  facet normal -0.880937 0.303612 0.363002
    outer loop
      vertex 1.72361 2.83534 11.6727
      vertex 1.74166 2.78752 11.7565
      vertex 1.76005 2.82426 11.7704
    endloop
  endfacet
  facet normal -0.901619 0.262329 0.3439
    outer loop
      vertex 1.71095 2.81005 11.6588
      vertex 1.74166 2.78752 11.7565
      vertex 1.72361 2.83534 11.6727
    endloop
  endfacet
  facet normal -0.759488 0.416285 0.499885
    outer loop
      vertex 1.81785 2.93976 11.7789
      vertex 1.79847 2.90104 11.7817
      vertex 1.86667 2.92772 11.8631
    endloop
  endfacet
  facet normal -0.730073 0.475061 0.491234
    outer loop
      vertex 1.83689 2.97781 11.7704
      vertex 1.81785 2.93976 11.7789
      vertex 1.86667 2.92772 11.8631
    endloop
  endfacet
  facet normal -0.807667 -0.0363035 0.58852
    outer loop
      vertex 1.78509 2.63125 11.8783
      vertex 1.76102 2.58315 11.8423
      vertex 1.8316 2.56918 11.9383
    endloop
  endfacet
  facet normal -0.807606 -0.0348064 0.588694
    outer loop
      vertex 1.76102 2.58315 11.8423
      vertex 1.80415 2.51434 11.8974
      vertex 1.8316 2.56918 11.9383
    endloop
  endfacet
  facet normal -0.930561 0.355793 0.0864113
    outer loop
      vertex 1.71521 2.90392 11.4847
      vertex 1.69024 2.8254 11.5391
      vertex 1.69589 2.83668 11.5535
    endloop
  endfacet
  facet normal -0.925171 0.366561 0.0984489
    outer loop
      vertex 1.71521 2.90392 11.4847
      vertex 1.69589 2.83668 11.5535
      vertex 1.70233 2.84955 11.5661
    endloop
  endfacet
  facet normal -0.935546 0.345828 0.0718123
    outer loop
      vertex 1.71173 2.89695 11.4745
      vertex 1.69024 2.8254 11.5391
      vertex 1.71332 2.90013 11.4799
    endloop
  endfacet
  facet normal -0.935214 0.346537 0.072708
    outer loop
      vertex 1.71173 2.89695 11.4745
      vertex 1.68548 2.81589 11.5232
      vertex 1.69024 2.8254 11.5391
    endloop
  endfacet
  facet normal -0.941908 0.333163 0.0425613
    outer loop
      vertex 1.70953 2.89256 11.4627
      vertex 1.68169 2.80832 11.506
      vertex 1.71046 2.89441 11.4688
    endloop
  endfacet
  facet normal -0.942028 0.332898 0.041969
    outer loop
      vertex 1.70953 2.89256 11.4627
      vertex 1.67894 2.80282 11.4879
      vertex 1.68169 2.80832 11.506
    endloop
  endfacet
  facet normal -0.905299 0.406308 0.123888
    outer loop
      vertex 1.72234 2.91815 11.4953
      vertex 1.71713 2.87913 11.5852
      vertex 1.72524 2.89534 11.5913
    endloop
  endfacet
  facet normal -0.905565 0.405752 0.123764
    outer loop
      vertex 1.72234 2.91815 11.4953
      vertex 1.72524 2.89534 11.5913
      vertex 1.72506 2.92358 11.4974
    endloop
  endfacet
  facet normal -0.912037 0.392786 0.117931
    outer loop
      vertex 1.71976 2.913 11.4925
      vertex 1.70945 2.86378 11.5767
      vertex 1.72234 2.91815 11.4953
    endloop
  endfacet
  facet normal -0.919069 0.378759 0.108871
    outer loop
      vertex 1.71976 2.913 11.4925
      vertex 1.70233 2.84955 11.5661
      vertex 1.70945 2.86378 11.5767
    endloop
  endfacet
  facet normal -0.347682 0.883942 -0.312672
    outer loop
      vertex 2.19092 3.28719 11.2342
      vertex 2.0874 3.23533 11.2027
      vertex 2.10021 3.26092 11.2608
    endloop
  endfacet
  facet normal -0.464 0.843882 -0.269382
    outer loop
      vertex 2.0874 3.23533 11.2027
      vertex 2.01462 3.22334 11.2905
      vertex 2.10021 3.26092 11.2608
    endloop
  endfacet
  facet normal -0.840648 0.47814 -0.254349
    outer loop
      vertex 1.77898 2.94598 11.211
      vertex 1.75074 2.94628 11.3049
      vertex 1.75914 2.96307 11.3087
    endloop
  endfacet
  facet normal -0.856309 0.44685 -0.258959
    outer loop
      vertex 1.77898 2.94598 11.211
      vertex 1.74219 2.9292 11.3037
      vertex 1.75074 2.94628 11.3049
    endloop
  endfacet
  facet normal -0.853645 0.509468 -0.10832
    outer loop
      vertex 1.77493 2.99463 11.3233
      vertex 1.74171 2.95687 11.4075
      vertex 1.7441 2.96164 11.4111
    endloop
  endfacet
  facet normal -0.935546 0.345828 -0.0718123
    outer loop
      vertex 1.71332 2.90013 11.4201
      vertex 1.69024 2.8254 11.3609
      vertex 1.71173 2.89695 11.4255
    endloop
  endfacet
  facet normal -0.894244 0.447581 -2.72348e-05
    outer loop
      vertex 1.70878 2.89107 11.45
      vertex 1.75269 2.9788 11.45
      vertex 1.7525 2.97842 11.4436
    endloop
  endfacet
  facet normal -0.894263 0.447543 -7.31111e-05
    outer loop
      vertex 1.70897 2.89144 11.4436
      vertex 1.7525 2.97842 11.4436
      vertex 1.75194 2.9773 11.4373
    endloop
  endfacet
  facet normal -0.894244 0.447581 2.72348e-05
    outer loop
      vertex 1.75269 2.9788 11.45
      vertex 1.70878 2.89107 11.45
      vertex 1.7525 2.97842 11.4564
    endloop
  endfacet
  facet normal -0.894258 0.447551 -0.000127328
    outer loop
      vertex 1.70953 2.89256 11.4373
      vertex 1.75194 2.9773 11.4373
      vertex 1.75102 2.97546 11.4312
    endloop
  endfacet
  facet normal -0.894262 0.447542 0.000674867
    outer loop
      vertex 1.70897 2.89144 11.4564
      vertex 1.7525 2.97842 11.4564
      vertex 1.70878 2.89107 11.45
    endloop
  endfacet
  facet normal -0.894273 0.447523 -0.000172085
    outer loop
      vertex 1.71046 2.89441 11.4312
      vertex 1.75102 2.97546 11.4312
      vertex 1.74975 2.97292 11.4255
    endloop
  endfacet
  facet normal -0.894263 0.447543 7.31111e-05
    outer loop
      vertex 1.7525 2.97842 11.4564
      vertex 1.70897 2.89144 11.4564
      vertex 1.75194 2.9773 11.4627
    endloop
  endfacet
  facet normal -0.894261 0.447543 0.00141342
    outer loop
      vertex 1.71173 2.89695 11.4255
      vertex 1.74975 2.97292 11.4255
      vertex 1.74815 2.96974 11.4201
    endloop
  endfacet
  facet normal -0.894258 0.447551 -7.50433e-05
    outer loop
      vertex 1.70953 2.89256 11.4627
      vertex 1.75194 2.9773 11.4627
      vertex 1.70897 2.89144 11.4564
    endloop
  endfacet
  facet normal -0.894298 0.44747 -0.00118516
    outer loop
      vertex 1.71332 2.90013 11.4201
      vertex 1.74815 2.96974 11.4201
      vertex 1.74626 2.96595 11.4153
    endloop
  endfacet
  facet normal -0.894258 0.447551 0.000127328
    outer loop
      vertex 1.75194 2.9773 11.4627
      vertex 1.70953 2.89256 11.4627
      vertex 1.75102 2.97546 11.4688
    endloop
  endfacet
  facet normal -0.894225 0.447617 0.000546779
    outer loop
      vertex 1.71521 2.90392 11.4153
      vertex 1.74626 2.96595 11.4153
      vertex 1.7441 2.96164 11.4111
    endloop
  endfacet
  facet normal -0.894272 0.447522 0.000615891
    outer loop
      vertex 1.71046 2.89441 11.4688
      vertex 1.75102 2.97546 11.4688
      vertex 1.70953 2.89256 11.4627
    endloop
  endfacet
  facet normal -0.894259 0.447548 0.000687405
    outer loop
      vertex 1.71737 2.90823 11.4111
      vertex 1.7441 2.96164 11.4111
      vertex 1.74171 2.95687 11.4075
    endloop
  endfacet
  facet normal -0.894273 0.447523 0.000172085
    outer loop
      vertex 1.75102 2.97546 11.4688
      vertex 1.71046 2.89441 11.4688
      vertex 1.74975 2.97292 11.4745
    endloop
  endfacet
  facet normal -0.894338 0.447388 -0.00200101
    outer loop
      vertex 1.71737 2.90823 11.4111
      vertex 1.74171 2.95687 11.4075
      vertex 1.73914 2.95172 11.4047
    endloop
  endfacet
  facet normal -0.894262 0.447542 -0.000674867
    outer loop
      vertex 1.7525 2.97842 11.4436
      vertex 1.70897 2.89144 11.4436
      vertex 1.70878 2.89107 11.45
    endloop
  endfacet
  facet normal -0.894219 0.447628 0.000787524
    outer loop
      vertex 1.71976 2.913 11.4075
      vertex 1.73914 2.95172 11.4047
      vertex 1.73642 2.94629 11.4026
    endloop
  endfacet
  facet normal -0.894262 0.447543 -0.00018359
    outer loop
      vertex 1.71173 2.89695 11.4745
      vertex 1.74975 2.97292 11.4745
      vertex 1.71046 2.89441 11.4688
    endloop
  endfacet
  facet normal -0.894201 0.447663 0.00108573
    outer loop
      vertex 1.71976 2.913 11.4075
      vertex 1.73642 2.94629 11.4026
      vertex 1.7336 2.94066 11.4014
    endloop
  endfacet
  facet normal -0.894261 0.447543 -0.00141342
    outer loop
      vertex 1.74975 2.97292 11.4745
      vertex 1.71173 2.89695 11.4745
      vertex 1.74815 2.96974 11.4799
    endloop
  endfacet
  facet normal -0.894608 0.446837 -0.00358702
    outer loop
      vertex 1.71976 2.913 11.4075
      vertex 1.7336 2.94066 11.4014
      vertex 1.73074 2.93493 11.4009
    endloop
  endfacet
  facet normal -0.894337 0.447393 0.00110916
    outer loop
      vertex 1.74815 2.96974 11.4799
      vertex 1.71173 2.89695 11.4745
      vertex 1.74626 2.96595 11.4847
    endloop
  endfacet
  facet normal -0.893636 0.44877 0.00445367
    outer loop
      vertex 1.71976 2.913 11.4075
      vertex 1.73074 2.93493 11.4009
      vertex 1.72787 2.92921 11.4014
    endloop
  endfacet
  facet normal -0.894237 0.447593 -0.000577918
    outer loop
      vertex 1.74626 2.96595 11.4847
      vertex 1.71173 2.89695 11.4745
      vertex 1.7441 2.96164 11.4889
    endloop
  endfacet
  facet normal -0.895499 0.444965 -0.00933128
    outer loop
      vertex 1.72234 2.91815 11.4047
      vertex 1.72787 2.92921 11.4014
      vertex 1.72506 2.92358 11.4026
    endloop
  endfacet
  facet normal -0.894235 0.447598 -0.000605503
    outer loop
      vertex 1.7441 2.96164 11.4889
      vertex 1.71173 2.89695 11.4745
      vertex 1.74171 2.95687 11.4925
    endloop
  endfacet
  facet normal -0.894844 0.446365 -0.00354146
    outer loop
      vertex 1.71976 2.913 11.4075
      vertex 1.72787 2.92921 11.4014
      vertex 1.72234 2.91815 11.4047
    endloop
  endfacet
  facet normal -0.894473 0.44712 0.00138253
    outer loop
      vertex 1.74171 2.95687 11.4925
      vertex 1.71173 2.89695 11.4745
      vertex 1.73914 2.95172 11.4953
    endloop
  endfacet
  facet normal -0.894262 0.447543 -0.000696758
    outer loop
      vertex 1.73914 2.95172 11.4047
      vertex 1.71976 2.913 11.4075
      vertex 1.71737 2.90823 11.4111
    endloop
  endfacet
  facet normal -0.894258 0.447551 7.50433e-05
    outer loop
      vertex 1.75194 2.9773 11.4373
      vertex 1.70953 2.89256 11.4373
      vertex 1.70897 2.89144 11.4436
    endloop
  endfacet
  facet normal -0.89426 0.447548 -0.000635049
    outer loop
      vertex 1.7441 2.96164 11.4111
      vertex 1.71737 2.90823 11.4111
      vertex 1.71521 2.90392 11.4153
    endloop
  endfacet
  facet normal -0.894164 0.44774 -0.000637347
    outer loop
      vertex 1.73642 2.94629 11.4974
      vertex 1.71173 2.89695 11.4745
      vertex 1.7336 2.94066 11.4986
    endloop
  endfacet
  facet normal -0.894224 0.447617 0.00132988
    outer loop
      vertex 1.74626 2.96595 11.4153
      vertex 1.71521 2.90392 11.4153
      vertex 1.71332 2.90013 11.4201
    endloop
  endfacet
  facet normal -0.894299 0.447471 0.00018914
    outer loop
      vertex 1.74815 2.96974 11.4201
      vertex 1.71332 2.90013 11.4201
      vertex 1.71173 2.89695 11.4255
    endloop
  endfacet
  facet normal -0.894262 0.447543 0.00018359
    outer loop
      vertex 1.74975 2.97292 11.4255
      vertex 1.71173 2.89695 11.4255
      vertex 1.71046 2.89441 11.4312
    endloop
  endfacet
  facet normal -0.891014 0.453913 -0.00756521
    outer loop
      vertex 1.71737 2.90823 11.4889
      vertex 1.71332 2.90013 11.4799
      vertex 1.71521 2.90392 11.4847
    endloop
  endfacet
  facet normal -0.894272 0.447522 -0.000615891
    outer loop
      vertex 1.75102 2.97546 11.4312
      vertex 1.71046 2.89441 11.4312
      vertex 1.70953 2.89256 11.4373
    endloop
  endfacet
  facet normal -0.894427 0.447214 0
    outer loop
      vertex 1.71737 2.90823 11.4889
      vertex 1.71173 2.89695 11.4745
      vertex 1.71332 2.90013 11.4799
    endloop
  endfacet
  facet normal -0.894679 0.446707 0.00170324
    outer loop
      vertex 1.7336 2.94066 11.4986
      vertex 1.71173 2.89695 11.4745
      vertex 1.73074 2.93493 11.4991
    endloop
  endfacet
  facet normal -0.893507 0.449045 -0.00179465
    outer loop
      vertex 1.71976 2.913 11.4925
      vertex 1.71173 2.89695 11.4745
      vertex 1.71737 2.90823 11.4889
    endloop
  endfacet
  facet normal -0.893993 0.448081 -0.000675486
    outer loop
      vertex 1.72506 2.92358 11.4974
      vertex 1.71173 2.89695 11.4745
      vertex 1.72234 2.91815 11.4953
    endloop
  endfacet
  facet normal -0.893857 0.448351 -0.00102
    outer loop
      vertex 1.72234 2.91815 11.4953
      vertex 1.71173 2.89695 11.4745
      vertex 1.71976 2.913 11.4925
    endloop
  endfacet
  facet normal -0.894914 0.446234 0.00200816
    outer loop
      vertex 1.72787 2.92921 11.4986
      vertex 1.71173 2.89695 11.4745
      vertex 1.72506 2.92358 11.4974
    endloop
  endfacet
  facet normal -0.893731 0.448598 -0.00194867
    outer loop
      vertex 1.73074 2.93493 11.4991
      vertex 1.71173 2.89695 11.4745
      vertex 1.72787 2.92921 11.4986
    endloop
  endfacet
  facet normal -0.894181 0.447705 -0.0005417
    outer loop
      vertex 1.73914 2.95172 11.4953
      vertex 1.71173 2.89695 11.4745
      vertex 1.73642 2.94629 11.4974
    endloop
  endfacet
  facet normal -0.944011 0.328931 -0.0254355
    outer loop
      vertex 1.70953 2.89256 11.4373
      vertex 1.67894 2.80282 11.4121
      vertex 1.70897 2.89144 11.4436
    endloop
  endfacet
  facet normal -0.368581 0.116607 0.922253
    outer loop
      vertex 2.06406 2.66994 12.1169
      vertex 2.14292 2.62499 12.1541
      vertex 2.18441 2.70789 12.1602
    endloop
  endfacet
  facet normal -0.25945 0.0589194 0.963958
    outer loop
      vertex 2.18441 2.70789 12.1602
      vertex 2.14292 2.62499 12.1541
      vertex 2.26915 2.66548 12.1856
    endloop
  endfacet
  facet normal -0.766992 0.625354 0.143719
    outer loop
      vertex 1.85833 3.10454 11.5705
      vertex 1.7989 3.04252 11.5232
      vertex 1.85049 3.08888 11.5968
    endloop
  endfacet
  facet normal -0.683299 0.698598 0.21228
    outer loop
      vertex 1.85833 3.10454 11.5705
      vertex 1.85049 3.08888 11.5968
      vertex 1.92703 3.15794 11.6159
    endloop
  endfacet
  facet normal -0.189009 0.980601 -0.0519364
    outer loop
      vertex 2.30408 3.33937 11.3686
      vertex 2.20798 3.32126 11.3764
      vertex 2.30646 3.34414 11.45
    endloop
  endfacet
  facet normal -0.0595284 0.996617 -0.0566608
    outer loop
      vertex 2.4044 3.34999 11.45
      vertex 2.30408 3.33937 11.3686
      vertex 2.30646 3.34414 11.45
    endloop
  endfacet
  facet normal -0.195198 0.968438 0.155003
    outer loop
      vertex 2.20798 3.32126 11.5236
      vertex 2.20154 3.30839 11.5959
      vertex 2.29695 3.32514 11.6114
    endloop
  endfacet
  facet normal -0.195081 0.968481 0.154882
    outer loop
      vertex 2.30408 3.33937 11.5314
      vertex 2.20798 3.32126 11.5236
      vertex 2.29695 3.32514 11.6114
    endloop
  endfacet
  facet normal -0.967315 -0.161377 0.1956
    outer loop
      vertex 1.66221 2.51916 11.5578
      vertex 1.68197 2.4252 11.578
      vertex 1.67005 2.53483 11.6095
    endloop
  endfacet
  facet normal -0.892211 -0.424193 0.154982
    outer loop
      vertex 1.70758 2.32137 11.5236
      vertex 1.7578 2.24782 11.6114
      vertex 1.71402 2.33424 11.5959
    endloop
  endfacet
  facet normal -0.813676 -0.510186 0.278644
    outer loop
      vertex 1.7578 2.24782 11.6114
      vertex 1.82523 2.19271 11.7074
      vertex 1.76954 2.27126 11.6886
    endloop
  endfacet
  facet normal -0.794348 -0.471504 0.383008
    outer loop
      vertex 1.76954 2.27126 11.6886
      vertex 1.82523 2.19271 11.7074
      vertex 1.78568 2.30353 11.7618
    endloop
  endfacet
  facet normal -0.810886 -0.261303 0.523627
    outer loop
      vertex 1.77933 2.46475 11.8487
      vertex 1.75757 2.42126 11.7933
      vertex 1.83004 2.39215 11.891
    endloop
  endfacet
  facet normal -0.778336 -0.196155 0.59642
    outer loop
      vertex 1.77933 2.46475 11.8487
      vertex 1.83004 2.39215 11.891
      vertex 1.80415 2.51434 11.8974
    endloop
  endfacet
  facet normal -0.935713 -0.0980365 0.338867
    outer loop
      vertex 1.68084 2.55639 11.6583
      vertex 1.70408 2.46938 11.6973
      vertex 1.72016 2.50152 11.751
    endloop
  endfacet
  facet normal -0.862387 -0.364492 0.351333
    outer loop
      vertex 1.72463 2.35544 11.6658
      vertex 1.78568 2.30353 11.7618
      vertex 1.73923 2.38461 11.7319
    endloop
  endfacet
  facet normal -0.873189 0.18931 0.449113
    outer loop
      vertex 1.72424 2.75272 11.7373
      vertex 1.7491 2.69278 11.8109
      vertex 1.74166 2.78752 11.7565
    endloop
  endfacet
  facet normal -0.921821 0.0918508 0.376576
    outer loop
      vertex 1.6935 2.69128 11.6846
      vertex 1.71047 2.6156 11.7446
      vertex 1.70809 2.72045 11.7132
    endloop
  endfacet
  facet normal -0.935802 -0.098988 0.338342
    outer loop
      vertex 1.68084 2.55639 11.6583
      vertex 1.72016 2.50152 11.751
      vertex 1.69439 2.58347 11.7037
    endloop
  endfacet
  facet normal -0.960533 0.0149448 0.277765
    outer loop
      vertex 1.68069 2.6657 11.6519
      vertex 1.68084 2.55639 11.6583
      vertex 1.69439 2.58347 11.7037
    endloop
  endfacet
  facet normal -0.976479 -0.179761 0.119056
    outer loop
      vertex 1.65745 2.50965 11.5044
      vertex 1.68197 2.4252 11.578
      vertex 1.66221 2.51916 11.5578
    endloop
  endfacet
  facet normal -0.976472 -0.17994 0.118847
    outer loop
      vertex 1.65745 2.50965 11.5044
      vertex 1.67632 2.41392 11.5145
      vertex 1.68197 2.4252 11.578
    endloop
  endfacet
  facet normal -0.988412 0.0886559 0.123216
    outer loop
      vertex 1.66068 2.7096 11.5124
      vertex 1.66131 2.62698 11.5769
      vertex 1.66522 2.71866 11.5423
    endloop
  endfacet
  facet normal -0.988377 0.0887973 0.123397
    outer loop
      vertex 1.66068 2.7096 11.5124
      vertex 1.65507 2.6145 11.5359
      vertex 1.66131 2.62698 11.5769
    endloop
  endfacet
  facet normal 0.347567 -0.883973 -0.312712
    outer loop
      vertex 2.69979 1.93908 11.2608
      vertex 2.60907 1.91282 11.2342
      vertex 2.7126 1.96467 11.2027
    endloop
  endfacet
  facet normal 0.368394 -0.842241 -0.393594
    outer loop
      vertex 2.72868 1.9968 11.149
      vertex 2.63199 1.94633 11.1665
      vertex 2.64887 1.98007 11.1101
    endloop
  endfacet
  facet normal 0.491129 -0.596039 -0.63524
    outer loop
      vertex 2.7936 2.12653 11.0217
      vertex 2.72424 2.13066 10.9642
      vertex 2.81957 2.17841 10.9931
    endloop
  endfacet
  facet normal 0.493891 -0.590589 -0.638182
    outer loop
      vertex 2.72424 2.13066 10.9642
      vertex 2.7936 2.12653 11.0217
      vertex 2.72218 2.12656 10.9664
    endloop
  endfacet
  facet normal 0.588195 -0.595864 -0.546784
    outer loop
      vertex 2.86443 2.1346 11.0891
      vertex 2.7936 2.12653 11.0217
      vertex 2.81957 2.17841 10.9931
    endloop
  endfacet
  facet normal 0.727026 -0.318804 -0.60811
    outer loop
      vertex 2.98201 2.36955 11.0369
      vertex 2.95767 2.32091 11.0333
      vertex 2.93314 2.40536 10.9597
    endloop
  endfacet
  facet normal 0.788604 -0.358587 -0.499519
    outer loop
      vertex 3.00153 2.29896 11.1183
      vertex 2.95767 2.32091 11.0333
      vertex 3.02091 2.33768 11.1211
    endloop
  endfacet
  facet normal 0.557051 -0.65806 -0.506608
    outer loop
      vertex 2.86443 2.1346 11.0891
      vertex 2.76953 2.07844 11.0577
      vertex 2.7936 2.12653 11.0217
    endloop
  endfacet
  facet normal 0.45529 -0.66823 -0.588371
    outer loop
      vertex 2.7936 2.12653 11.0217
      vertex 2.69691 2.07606 11.0042
      vertex 2.72218 2.12656 10.9664
    endloop
  endfacet
  facet normal 0.621277 -0.53001 -0.577152
    outer loop
      vertex 2.9094 2.22447 11.0475
      vertex 2.81957 2.17841 10.9931
      vertex 2.84698 2.23319 10.9723
    endloop
  endfacet
  facet normal 0.655824 -0.46098 -0.597823
    outer loop
      vertex 2.9094 2.22447 11.0475
      vertex 2.84698 2.23319 10.9723
      vertex 2.87537 2.28992 10.9597
    endloop
  endfacet
  facet normal 0.812402 -0.534621 -0.232774
    outer loop
      vertex 3.03275 2.22072 11.3148
      vertex 2.98116 2.17437 11.2412
      vertex 2.99382 2.19966 11.2273
    endloop
  endfacet
  facet normal 0.799187 -0.561057 -0.215676
    outer loop
      vertex 3.01795 2.19114 11.3339
      vertex 2.96942 2.15092 11.2587
      vertex 2.98116 2.17437 11.2412
    endloop
  endfacet
  facet normal 0.712825 -0.639378 0.288231
    outer loop
      vertex 2.91116 2.11838 11.7132
      vertex 2.89656 2.08921 11.6846
      vertex 2.96942 2.15092 11.6413
    endloop
  endfacet
  facet normal 0.626115 -0.682706 0.376687
    outer loop
      vertex 2.91116 2.11838 11.7132
      vertex 2.82581 2.05743 11.7446
      vertex 2.89656 2.08921 11.6846
    endloop
  endfacet
  facet normal 0.826234 -0.507127 0.245275
    outer loop
      vertex 3.00718 2.22636 11.6829
      vertex 2.99382 2.19966 11.6727
      vertex 3.04086 2.23693 11.5913
    endloop
  endfacet
  facet normal 0.826638 -0.506133 0.245964
    outer loop
      vertex 3.04086 2.23693 11.5913
      vertex 2.99382 2.19966 11.6727
      vertex 3.03275 2.22072 11.5852
    endloop
  endfacet
  facet normal 0.759488 -0.416285 0.499885
    outer loop
      vertex 3.00153 2.29896 11.7817
      vertex 2.93333 2.27228 11.8631
      vertex 2.98215 2.26024 11.7789
    endloop
  endfacet
  facet normal 0.730073 -0.475061 0.491234
    outer loop
      vertex 2.93333 2.27228 11.8631
      vertex 2.96311 2.22219 11.7704
      vertex 2.98215 2.26024 11.7789
    endloop
  endfacet
  facet normal -0.733511 0.112532 0.670297
    outer loop
      vertex 1.83846 2.7379 11.9277
      vertex 1.81105 2.68313 11.9069
      vertex 1.89246 2.6908 11.9947
    endloop
  endfacet
  facet normal -0.727026 0.318804 0.60811
    outer loop
      vertex 1.81799 2.83045 11.8631
      vertex 1.86686 2.79464 11.9403
      vertex 1.84233 2.87909 11.8667
    endloop
  endfacet
  facet normal 0.950971 -0.257824 0.170823
    outer loop
      vertex 3.1114 2.4346 11.6205
      vertex 3.10411 2.36332 11.5535
      vertex 3.1207 2.4532 11.5968
    endloop
  endfacet
  facet normal 0.954966 -0.155442 0.252741
    outer loop
      vertex 3.1065 2.50872 11.6846
      vertex 3.1114 2.4346 11.6205
      vertex 3.1207 2.4532 11.5968
    endloop
  endfacet
  facet normal 0.85963 -0.346107 0.375826
    outer loop
      vertex 3.02091 2.33768 11.7789
      vertex 3.04919 2.3103 11.689
      vertex 3.03995 2.37574 11.7704
    endloop
  endfacet
  facet normal 0.837324 -0.39072 0.382396
    outer loop
      vertex 3.02091 2.33768 11.7789
      vertex 3.0351 2.28216 11.6911
      vertex 3.04919 2.3103 11.689
    endloop
  endfacet
  facet normal 0.72654 -0.319247 -0.608457
    outer loop
      vertex 2.95767 2.32091 11.0333
      vertex 2.90426 2.34764 10.9555
      vertex 2.93314 2.40536 10.9597
    endloop
  endfacet
  facet normal 0.762085 -0.248692 -0.597812
    outer loop
      vertex 3.00593 2.41736 11.0475
      vertex 2.93314 2.40536 10.9597
      vertex 2.96154 2.4621 10.9723
    endloop
  endfacet
  facet normal 0.848054 -0.520693 -0.0984007
    outer loop
      vertex 3.0559 2.23836 11.4111
      vertex 3.01151 2.17827 11.3465
      vertex 3.01795 2.19114 11.3339
    endloop
  endfacet
  facet normal 0.730373 -0.474501 -0.491328
    outer loop
      vertex 2.98215 2.26024 11.1211
      vertex 2.9094 2.22447 11.0475
      vertex 2.93333 2.27228 11.0369
    endloop
  endfacet
  facet normal 0.7888 -0.357731 -0.499824
    outer loop
      vertex 3.02091 2.33768 11.1211
      vertex 2.95767 2.32091 11.0333
      vertex 2.98201 2.36955 11.0369
    endloop
  endfacet
  facet normal 0.759689 -0.416359 -0.499518
    outer loop
      vertex 3.00153 2.29896 11.1183
      vertex 2.98215 2.26024 11.1211
      vertex 2.95767 2.32091 11.0333
    endloop
  endfacet
  facet normal 0.86794 -0.480925 -0.124065
    outer loop
      vertex 3.06358 2.25371 11.4026
      vertex 3.03275 2.22072 11.3148
      vertex 3.04086 2.23693 11.3087
    endloop
  endfacet
  facet normal 0.657648 -0.749593 -0.0748941
    outer loop
      vertex 2.92814 2.06842 11.4185
      vertex 2.85435 2.00486 11.4067
      vertex 2.93089 2.07392 11.3876
    endloop
  endfacet
  facet normal 0.834067 -0.54864 -0.0576799
    outer loop
      vertex 3.05025 2.22708 11.4255
      vertex 2.99731 2.14991 11.394
      vertex 3.0011 2.15748 11.3768
    endloop
  endfacet
  facet normal 0.663482 -0.737961 -0.123308
    outer loop
      vertex 2.93089 2.07392 11.3876
      vertex 2.85813 2.01243 11.3641
      vertex 2.86438 2.0249 11.3231
    endloop
  endfacet
  facet normal 0.561746 -0.811459 -0.16117
    outer loop
      vertex 2.85813 2.01243 11.3641
      vertex 2.77754 1.96099 11.3422
      vertex 2.86438 2.0249 11.3231
    endloop
  endfacet
  facet normal 0.82918 -0.558397 -0.0255656
    outer loop
      vertex 3.0475 2.22158 11.4436
      vertex 2.99456 2.14441 11.4121
      vertex 3.04806 2.2227 11.4373
    endloop
  endfacet
  facet normal 0.672359 -0.720427 -0.17005
    outer loop
      vertex 2.93543 2.08298 11.3577
      vertex 2.87297 2.04206 11.2841
      vertex 2.94167 2.09546 11.3295
    endloop
  endfacet
  facet normal 0.7871 -0.585204 -0.194961
    outer loop
      vertex 3.01795 2.19114 11.3339
      vertex 2.95881 2.12972 11.2795
      vertex 2.96942 2.15092 11.2587
    endloop
  endfacet
  facet normal 0.730663 -0.603725 -0.318821
    outer loop
      vertex 2.96942 2.15092 11.2587
      vertex 2.91116 2.11838 11.1868
      vertex 2.98116 2.17437 11.2412
    endloop
  endfacet
  facet normal 0.503694 -0.764449 -0.40238
    outer loop
      vertex 2.80972 2.0253 11.1963
      vertex 2.72868 1.9968 11.149
      vertex 2.82581 2.05743 11.1554
    endloop
  endfacet
  facet normal 0.683282 -0.698226 -0.213555
    outer loop
      vertex 2.94951 2.11112 11.3032
      vertex 2.87297 2.04206 11.2841
      vertex 2.88375 2.06362 11.2481
    endloop
  endfacet
  facet normal 0.649372 -0.636434 -0.416255
    outer loop
      vertex 2.91116 2.11838 11.1868
      vertex 2.84414 2.09408 11.1194
      vertex 2.86443 2.1346 11.0891
    endloop
  endfacet
  facet normal 0.626119 -0.682863 -0.376394
    outer loop
      vertex 2.91116 2.11838 11.1868
      vertex 2.82581 2.05743 11.1554
      vertex 2.84414 2.09408 11.1194
    endloop
  endfacet
  facet normal 0.759727 -0.639972 0.115112
    outer loop
      vertex 2.94167 2.09546 11.5705
      vertex 2.93543 2.08298 11.5423
      vertex 2.99731 2.14991 11.506
    endloop
  endfacet
  facet normal 0.672359 -0.720427 0.17005
    outer loop
      vertex 2.94167 2.09546 11.5705
      vertex 2.87297 2.04206 11.6159
      vertex 2.93543 2.08298 11.5423
    endloop
  endfacet
  facet normal 0.663482 -0.737961 0.123308
    outer loop
      vertex 2.86438 2.0249 11.5769
      vertex 2.85813 2.01243 11.5359
      vertex 2.93089 2.07392 11.5124
    endloop
  endfacet
  facet normal 0.561921 -0.81135 0.16111
    outer loop
      vertex 2.86438 2.0249 11.5769
      vertex 2.78538 1.97666 11.6095
      vertex 2.85813 2.01243 11.5359
    endloop
  endfacet
  facet normal 0.550422 -0.834242 -0.032793
    outer loop
      vertex 2.85308 2.00232 11.45
      vertex 2.77119 1.94829 11.45
      vertex 2.85435 2.00486 11.4067
    endloop
  endfacet
  facet normal 0.654747 -0.755431 -0.02511
    outer loop
      vertex 2.92721 2.06657 11.45
      vertex 2.85308 2.00232 11.45
      vertex 2.85435 2.00486 11.4067
    endloop
  endfacet
  facet normal 0.867338 -0.482184 -0.12338
    outer loop
      vertex 3.06086 2.24828 11.4047
      vertex 3.03275 2.22072 11.3148
      vertex 3.06358 2.25371 11.4026
    endloop
  endfacet
  facet normal 0.826638 -0.506133 -0.245964
    outer loop
      vertex 3.03275 2.22072 11.3148
      vertex 2.99382 2.19966 11.2273
      vertex 3.04086 2.23693 11.3087
    endloop
  endfacet
  facet normal 0.759605 -0.640244 -0.114404
    outer loop
      vertex 2.99731 2.14991 11.394
      vertex 2.93543 2.08298 11.3577
      vertex 3.0011 2.15748 11.3768
    endloop
  endfacet
  facet normal 0.860658 -0.495511 0.117206
    outer loop
      vertex 3.03275 2.22072 11.5852
      vertex 3.02507 2.20537 11.5767
      vertex 3.06086 2.24828 11.4953
    endloop
  endfacet
  facet normal 0.696652 -0.671479 0.25257
    outer loop
      vertex 2.89656 2.08921 11.6846
      vertex 2.88375 2.06362 11.6519
      vertex 2.94951 2.11112 11.5968
    endloop
  endfacet
  facet normal 0.683282 -0.698226 0.213555
    outer loop
      vertex 2.88375 2.06362 11.6519
      vertex 2.87297 2.04206 11.6159
      vertex 2.94951 2.11112 11.5968
    endloop
  endfacet
  facet normal 0.997135 -0.0713071 0.0252513
    outer loop
      vertex 3.14872 2.59307 11.4933
      vertex 3.14207 2.4959 11.4815
      vertex 3.143 2.49775 11.45
    endloop
  endfacet
  facet normal 0.994215 -0.0771189 0.0747553
    outer loop
      vertex 3.14872 2.59307 11.4933
      vertex 3.13932 2.4904 11.5124
      vertex 3.14207 2.4959 11.4815
    endloop
  endfacet
  facet normal 0.939007 -0.338942 0.05818
    outer loop
      vertex 3.11831 2.39168 11.506
      vertex 3.08827 2.30305 11.4745
      vertex 3.08954 2.30559 11.4688
    endloop
  endfacet
  facet normal 0.977506 -0.20476 -0.050549
    outer loop
      vertex 3.14207 2.4959 11.4185
      vertex 3.12106 2.39718 11.4121
      vertex 3.13932 2.4904 11.3876
    endloop
  endfacet
  facet normal 0.979469 -0.200867 -0.0171207
    outer loop
      vertex 3.143 2.49775 11.45
      vertex 3.12329 2.40164 11.45
      vertex 3.14207 2.4959 11.4185
    endloop
  endfacet
  facet normal 0.950902 -0.257924 0.171057
    outer loop
      vertex 3.1207 2.4532 11.5968
      vertex 3.10411 2.36332 11.5535
      vertex 3.10976 2.3746 11.5391
    endloop
  endfacet
  facet normal 0.945016 -0.326897 0.0091564
    outer loop
      vertex 3.12329 2.40164 11.45
      vertex 3.09103 2.30856 11.4564
      vertex 3.09122 2.30893 11.45
    endloop
  endfacet
  facet normal 0.97751 -0.204767 -0.0504532
    outer loop
      vertex 3.12273 2.40052 11.4309
      vertex 3.12106 2.39718 11.4121
      vertex 3.14207 2.4959 11.4185
    endloop
  endfacet
  facet normal 0.880937 -0.303612 -0.363002
    outer loop
      vertex 3.07639 2.36466 11.2273
      vertex 3.03995 2.37574 11.1296
      vertex 3.05834 2.41248 11.1435
    endloop
  endfacet
  facet normal 0.901619 -0.262329 -0.3439
    outer loop
      vertex 3.08905 2.38995 11.2412
      vertex 3.07639 2.36466 11.2273
      vertex 3.05834 2.41248 11.1435
    endloop
  endfacet
  facet normal 0.930777 -0.355349 -0.0859161
    outer loop
      vertex 3.08668 2.29987 11.4201
      vertex 3.08479 2.29608 11.4153
      vertex 3.10411 2.36332 11.3465
    endloop
  endfacet
  facet normal 0.950902 -0.257924 -0.171057
    outer loop
      vertex 3.10976 2.3746 11.3609
      vertex 3.10411 2.36332 11.3465
      vertex 3.1207 2.4532 11.3032
    endloop
  endfacet
  facet normal 0.900718 -0.358096 -0.245916
    outer loop
      vertex 3.08287 2.32087 11.3148
      vertex 3.07476 2.30466 11.3087
      vertex 3.07639 2.36466 11.2273
    endloop
  endfacet
  facet normal 0.919067 -0.378771 -0.108854
    outer loop
      vertex 3.09767 2.35045 11.3339
      vertex 3.08263 2.29177 11.4111
      vertex 3.09055 2.33622 11.3233
    endloop
  endfacet
  facet normal 0.898007 -0.420861 0.128293
    outer loop
      vertex 3.07476 2.30466 11.5913
      vertex 3.07213 2.27079 11.4986
      vertex 3.07494 2.27642 11.4974
    endloop
  endfacet
  facet normal 0.912037 -0.392786 0.117931
    outer loop
      vertex 3.09055 2.33622 11.5767
      vertex 3.07766 2.28185 11.4953
      vertex 3.08024 2.287 11.4925
    endloop
  endfacet
  facet normal 0.905299 -0.406308 0.123888
    outer loop
      vertex 3.07476 2.30466 11.5913
      vertex 3.07766 2.28185 11.4953
      vertex 3.08287 2.32087 11.5852
    endloop
  endfacet
  facet normal 0.919069 -0.378759 0.108871
    outer loop
      vertex 3.09055 2.33622 11.5767
      vertex 3.08024 2.287 11.4925
      vertex 3.09767 2.35045 11.5661
    endloop
  endfacet
  facet normal -0.788955 0.357832 0.499506
    outer loop
      vertex 1.79847 2.90104 11.7817
      vertex 1.81799 2.83045 11.8631
      vertex 1.84233 2.87909 11.8667
    endloop
  endfacet
  facet normal -0.788408 0.35846 0.499919
    outer loop
      vertex 1.77909 2.86232 11.7789
      vertex 1.81799 2.83045 11.8631
      vertex 1.79847 2.90104 11.7817
    endloop
  endfacet
  facet normal -0.691052 0.39016 0.608459
    outer loop
      vertex 1.92463 2.91008 11.9403
      vertex 1.84233 2.87909 11.8667
      vertex 1.89574 2.85236 11.9445
    endloop
  endfacet
  facet normal -0.611196 0.357305 0.706238
    outer loop
      vertex 1.92463 2.91008 11.9403
      vertex 1.89574 2.85236 11.9445
      vertex 1.95778 2.82131 12.0139
    endloop
  endfacet
  facet normal -0.796461 0.179727 0.577363
    outer loop
      vertex 1.77097 2.73649 11.835
      vertex 1.81105 2.68313 11.9069
      vertex 1.79407 2.78264 11.8525
    endloop
  endfacet
  facet normal -0.901821 0.261732 0.343825
    outer loop
      vertex 1.71095 2.81005 11.6588
      vertex 1.72424 2.75272 11.7373
      vertex 1.74166 2.78752 11.7565
    endloop
  endfacet
  facet normal -0.701488 -0.0422519 0.711427
    outer loop
      vertex 1.8316 2.56918 11.9383
      vertex 1.88784 2.50765 11.9901
      vertex 1.8612 2.62834 11.971
    endloop
  endfacet
  facet normal -0.700215 -0.0417681 0.712709
    outer loop
      vertex 1.8612 2.62834 11.971
      vertex 1.88784 2.50765 11.9901
      vertex 1.92058 2.57307 12.0261
    endloop
  endfacet
  facet normal -0.845854 0.243913 0.474381
    outer loop
      vertex 1.74166 2.78752 11.7565
      vertex 1.77097 2.73649 11.835
      vertex 1.76005 2.82426 11.7704
    endloop
  endfacet
  facet normal -0.898527 0.138677 0.416436
    outer loop
      vertex 1.70809 2.72045 11.7132
      vertex 1.7491 2.69278 11.8109
      vertex 1.72424 2.75272 11.7373
    endloop
  endfacet
  facet normal -0.924889 0.367153 0.0988885
    outer loop
      vertex 1.71521 2.90392 11.4847
      vertex 1.70233 2.84955 11.5661
      vertex 1.71737 2.90823 11.4889
    endloop
  endfacet
  facet normal -0.939007 0.338942 0.05818
    outer loop
      vertex 1.71046 2.89441 11.4688
      vertex 1.68169 2.80832 11.506
      vertex 1.71173 2.89695 11.4745
    endloop
  endfacet
  facet normal -0.450475 0.870983 -0.196114
    outer loop
      vertex 2.10021 3.26092 11.2608
      vertex 2.01462 3.22334 11.2905
      vertex 2.10951 3.27951 11.322
    endloop
  endfacet
  facet normal -0.331871 0.915445 -0.227643
    outer loop
      vertex 2.19092 3.28719 11.2342
      vertex 2.10021 3.26092 11.2608
      vertex 2.10951 3.27951 11.322
    endloop
  endfacet
  facet normal -0.939007 0.338942 -0.05818
    outer loop
      vertex 1.71173 2.89695 11.4255
      vertex 1.68169 2.80832 11.394
      vertex 1.71046 2.89441 11.4312
    endloop
  endfacet
  facet normal -0.945008 0.326937 -0.00853584
    outer loop
      vertex 1.67727 2.79948 11.4309
      vertex 1.67671 2.79836 11.45
      vertex 1.70897 2.89144 11.4436
    endloop
  endfacet
  facet normal -0.945016 0.326897 -0.0091564
    outer loop
      vertex 1.70897 2.89144 11.4436
      vertex 1.67671 2.79836 11.45
      vertex 1.70878 2.89107 11.45
    endloop
  endfacet
  facet normal -0.915651 -0.251776 0.313356
    outer loop
      vertex 1.70408 2.46938 11.6973
      vertex 1.72463 2.35544 11.6658
      vertex 1.73923 2.38461 11.7319
    endloop
  endfacet
  facet normal -0.894813 -0.210297 0.393809
    outer loop
      vertex 1.70408 2.46938 11.6973
      vertex 1.73923 2.38461 11.7319
      vertex 1.72016 2.50152 11.751
    endloop
  endfacet
  facet normal 0.48241 -0.807753 -0.338844
    outer loop
      vertex 2.79617 1.99822 11.2417
      vertex 2.7126 1.96467 11.2027
      vertex 2.72868 1.9968 11.149
    endloop
  endfacet
  facet normal 0.464554 -0.84341 -0.269906
    outer loop
      vertex 2.78538 1.97666 11.2905
      vertex 2.7126 1.96467 11.2027
      vertex 2.79617 1.99822 11.2417
    endloop
  endfacet
  facet normal 0.750341 -0.564595 -0.343833
    outer loop
      vertex 2.98116 2.17437 11.2412
      vertex 2.94472 2.18544 11.1435
      vertex 2.99382 2.19966 11.2273
    endloop
  endfacet
  facet normal 0.588345 -0.595714 -0.546786
    outer loop
      vertex 2.8863 2.17832 11.065
      vertex 2.86443 2.1346 11.0891
      vertex 2.81957 2.17841 10.9931
    endloop
  endfacet
  facet normal -0.693586 0.192654 0.694135
    outer loop
      vertex 1.86686 2.79464 11.9403
      vertex 1.89246 2.6908 11.9947
      vertex 1.92484 2.75549 12.0091
    endloop
  endfacet
  facet normal -0.652375 0.27498 0.706253
    outer loop
      vertex 1.86686 2.79464 11.9403
      vertex 1.92484 2.75549 12.0091
      vertex 1.95778 2.82131 12.0139
    endloop
  endfacet
  facet normal 0.870869 -0.417749 0.258986
    outer loop
      vertex 3.04919 2.3103 11.689
      vertex 3.05781 2.2708 11.5963
      vertex 3.06636 2.28788 11.5951
    endloop
  endfacet
  facet normal 0.886635 -0.386246 0.254347
    outer loop
      vertex 3.04919 2.3103 11.689
      vertex 3.06636 2.28788 11.5951
      vertex 3.07476 2.30466 11.5913
    endloop
  endfacet
  facet normal 0.814807 -0.435496 -0.382665
    outer loop
      vertex 3.0351 2.28216 11.2089
      vertex 2.98215 2.26024 11.1211
      vertex 3.00153 2.29896 11.1183
    endloop
  endfacet
  facet normal 0.690983 -0.390863 -0.608086
    outer loop
      vertex 2.93333 2.27228 11.0369
      vertex 2.87537 2.28992 10.9597
      vertex 2.95767 2.32091 11.0333
    endloop
  endfacet
  facet normal 0.854162 -0.508481 -0.108873
    outer loop
      vertex 3.0559 2.23836 11.4111
      vertex 3.01795 2.19114 11.3339
      vertex 3.02507 2.20537 11.3233
    endloop
  endfacet
  facet normal 0.799379 -0.56073 -0.215812
    outer loop
      vertex 3.01795 2.19114 11.3339
      vertex 2.98116 2.17437 11.2412
      vertex 3.02507 2.20537 11.3233
    endloop
  endfacet
  facet normal 0.759168 -0.416973 -0.499797
    outer loop
      vertex 2.98215 2.26024 11.1211
      vertex 2.93333 2.27228 11.0369
      vertex 2.95767 2.32091 11.0333
    endloop
  endfacet
  facet normal 0.836958 -0.391239 -0.382666
    outer loop
      vertex 3.0351 2.28216 11.2089
      vertex 3.00153 2.29896 11.1183
      vertex 3.02091 2.33768 11.1211
    endloop
  endfacet
  facet normal 0.792841 -0.479625 -0.375984
    outer loop
      vertex 3.02102 2.25402 11.211
      vertex 3.00718 2.22636 11.2171
      vertex 2.98215 2.26024 11.1211
    endloop
  endfacet
  facet normal 0.792261 -0.480467 -0.37613
    outer loop
      vertex 3.00718 2.22636 11.2171
      vertex 2.96311 2.22219 11.1296
      vertex 2.98215 2.26024 11.1211
    endloop
  endfacet
  facet normal 0.841296 -0.477031 -0.254286
    outer loop
      vertex 3.04086 2.23693 11.3087
      vertex 3.00718 2.22636 11.2171
      vertex 3.02102 2.25402 11.211
    endloop
  endfacet
  facet normal 0.840648 -0.47814 -0.254349
    outer loop
      vertex 3.04926 2.25372 11.3049
      vertex 3.04086 2.23693 11.3087
      vertex 3.02102 2.25402 11.211
    endloop
  endfacet
  facet normal 0.674958 -0.58556 -0.448944
    outer loop
      vertex 2.9273 2.15064 11.1627
      vertex 2.86443 2.1346 11.0891
      vertex 2.94472 2.18544 11.1435
    endloop
  endfacet
  facet normal 0.749999 -0.565092 -0.343762
    outer loop
      vertex 2.98116 2.17437 11.2412
      vertex 2.9273 2.15064 11.1627
      vertex 2.94472 2.18544 11.1435
    endloop
  endfacet
  facet normal 0.683299 -0.698598 -0.21228
    outer loop
      vertex 2.94167 2.09546 11.3295
      vertex 2.87297 2.04206 11.2841
      vertex 2.94951 2.11112 11.3032
    endloop
  endfacet
  facet normal 0.759634 -0.640071 -0.115176
    outer loop
      vertex 3.0011 2.15748 11.3768
      vertex 2.93543 2.08298 11.3577
      vertex 2.94167 2.09546 11.3295
    endloop
  endfacet
  facet normal 0.605789 -0.723824 -0.330301
    outer loop
      vertex 2.88375 2.06362 11.2481
      vertex 2.80972 2.0253 11.1963
      vertex 2.82581 2.05743 11.1554
    endloop
  endfacet
  facet normal 0.605202 -0.724502 -0.329889
    outer loop
      vertex 2.88375 2.06362 11.2481
      vertex 2.82581 2.05743 11.1554
      vertex 2.89656 2.08921 11.2154
    endloop
  endfacet
  facet normal 0.712784 -0.639454 -0.288163
    outer loop
      vertex 2.95881 2.12972 11.2795
      vertex 2.91116 2.11838 11.1868
      vertex 2.96942 2.15092 11.2587
    endloop
  endfacet
  facet normal 0.712846 -0.639365 -0.288206
    outer loop
      vertex 2.95881 2.12972 11.2795
      vertex 2.89656 2.08921 11.2154
      vertex 2.91116 2.11838 11.1868
    endloop
  endfacet
  facet normal 0.557034 -0.657915 -0.506815
    outer loop
      vertex 2.84414 2.09408 11.1194
      vertex 2.76953 2.07844 11.0577
      vertex 2.86443 2.1346 11.0891
    endloop
  endfacet
  facet normal 0.52899 -0.713983 -0.458692
    outer loop
      vertex 2.84414 2.09408 11.1194
      vertex 2.74777 2.03495 11.1003
      vertex 2.76953 2.07844 11.0577
    endloop
  endfacet
  facet normal 0.663305 -0.738179 0.12296
    outer loop
      vertex 2.93543 2.08298 11.5423
      vertex 2.86438 2.0249 11.5769
      vertex 2.93089 2.07392 11.5124
    endloop
  endfacet
  facet normal 0.671872 -0.721062 0.169283
    outer loop
      vertex 2.87297 2.04206 11.6159
      vertex 2.86438 2.0249 11.5769
      vertex 2.93543 2.08298 11.5423
    endloop
  endfacet
  facet normal 0.882865 -0.451121 -0.130539
    outer loop
      vertex 3.0664 2.25934 11.4014
      vertex 3.04926 2.25372 11.3049
      vertex 3.05781 2.2708 11.3037
    endloop
  endfacet
  facet normal 0.871324 -0.416976 -0.258699
    outer loop
      vertex 3.05781 2.2708 11.3037
      vertex 3.0351 2.28216 11.2089
      vertex 3.04919 2.3103 11.211
    endloop
  endfacet
  facet normal 0.91919 -0.378512 -0.108712
    outer loop
      vertex 3.08263 2.29177 11.4111
      vertex 3.08024 2.287 11.4075
      vertex 3.09055 2.33622 11.3233
    endloop
  endfacet
  facet normal 0.853645 -0.509468 -0.10832
    outer loop
      vertex 3.0559 2.23836 11.4111
      vertex 3.02507 2.20537 11.3233
      vertex 3.05829 2.24313 11.4075
    endloop
  endfacet
  facet normal 0.860658 -0.495511 -0.117206
    outer loop
      vertex 3.06086 2.24828 11.4047
      vertex 3.02507 2.20537 11.3233
      vertex 3.03275 2.22072 11.3148
    endloop
  endfacet
  facet normal 0.766992 -0.625354 -0.143719
    outer loop
      vertex 3.0011 2.15748 11.3768
      vertex 2.94167 2.09546 11.3295
      vertex 2.94951 2.11112 11.3032
    endloop
  endfacet
  facet normal 0.837313 -0.542076 -0.0711298
    outer loop
      vertex 3.05025 2.22708 11.4255
      vertex 3.00586 2.16699 11.3609
      vertex 3.05185 2.23026 11.4201
    endloop
  endfacet
  facet normal 0.776351 -0.606752 0.170679
    outer loop
      vertex 3.01151 2.17827 11.5535
      vertex 2.94951 2.11112 11.5968
      vertex 3.00586 2.16699 11.5391
    endloop
  endfacet
  facet normal 0.861322 -0.494109 0.118237
    outer loop
      vertex 3.06086 2.24828 11.4953
      vertex 3.02507 2.20537 11.5767
      vertex 3.05829 2.24313 11.4925
    endloop
  endfacet
  facet normal 0.799379 -0.56073 0.215812
    outer loop
      vertex 3.02507 2.20537 11.5767
      vertex 2.98116 2.17437 11.6588
      vertex 3.01795 2.19114 11.5661
    endloop
  endfacet
  facet normal 0.854133 -0.508516 0.10894
    outer loop
      vertex 3.02507 2.20537 11.5767
      vertex 3.01795 2.19114 11.5661
      vertex 3.05829 2.24313 11.4925
    endloop
  endfacet
  facet normal 0.766992 -0.625354 0.143719
    outer loop
      vertex 2.94951 2.11112 11.5968
      vertex 2.94167 2.09546 11.5705
      vertex 3.0011 2.15748 11.5232
    endloop
  endfacet
  facet normal 0.759452 -0.640406 0.114509
    outer loop
      vertex 3.0011 2.15748 11.5232
      vertex 2.94167 2.09546 11.5705
      vertex 2.99731 2.14991 11.506
    endloop
  endfacet
  facet normal 0.930561 -0.355793 0.0864113
    outer loop
      vertex 3.10411 2.36332 11.5535
      vertex 3.08479 2.29608 11.4847
      vertex 3.10976 2.3746 11.5391
    endloop
  endfacet
  facet normal 0.967809 -0.22406 0.114643
    outer loop
      vertex 3.12854 2.46887 11.5705
      vertex 3.11452 2.38411 11.5232
      vertex 3.11831 2.39168 11.506
    endloop
  endfacet
  facet normal 0.960289 -0.239091 0.143807
    outer loop
      vertex 3.1207 2.4532 11.5968
      vertex 3.11452 2.38411 11.5232
      vertex 3.12854 2.46887 11.5705
    endloop
  endfacet
  facet normal 0.942028 -0.332898 0.041969
    outer loop
      vertex 3.11831 2.39168 11.506
      vertex 3.09047 2.30744 11.4627
      vertex 3.12106 2.39718 11.4879
    endloop
  endfacet
  facet normal 0.979484 -0.20081 0.0169426
    outer loop
      vertex 3.14207 2.4959 11.4815
      vertex 3.12273 2.40052 11.4691
      vertex 3.12329 2.40164 11.45
    endloop
  endfacet
  facet normal 0.97751 -0.204767 0.0504532
    outer loop
      vertex 3.14207 2.4959 11.4815
      vertex 3.12106 2.39718 11.4879
      vertex 3.12273 2.40052 11.4691
    endloop
  endfacet
  facet normal 0.940205 -0.27937 -0.194852
    outer loop
      vertex 3.1114 2.4346 11.2795
      vertex 3.09767 2.35045 11.3339
      vertex 3.10079 2.4134 11.2587
    endloop
  endfacet
  facet normal 0.928047 -0.303657 -0.215687
    outer loop
      vertex 3.10079 2.4134 11.2587
      vertex 3.09767 2.35045 11.3339
      vertex 3.08905 2.38995 11.2412
    endloop
  endfacet
  facet normal 0.91482 -0.329957 0.232878
    outer loop
      vertex 3.07639 2.36466 11.6727
      vertex 3.08287 2.32087 11.5852
      vertex 3.08905 2.38995 11.6588
    endloop
  endfacet
  facet normal 0.900718 -0.358096 0.245916
    outer loop
      vertex 3.07639 2.36466 11.6727
      vertex 3.07476 2.30466 11.5913
      vertex 3.08287 2.32087 11.5852
    endloop
  endfacet
  facet normal -0.873206 0.189294 0.449087
    outer loop
      vertex 1.74166 2.78752 11.7565
      vertex 1.7491 2.69278 11.8109
      vertex 1.77097 2.73649 11.835
    endloop
  endfacet
  facet normal -0.829557 0.11361 0.546743
    outer loop
      vertex 1.77097 2.73649 11.835
      vertex 1.7491 2.69278 11.8109
      vertex 1.81105 2.68313 11.9069
    endloop
  endfacet
  facet normal -0.967161 -0.16154 0.196224
    outer loop
      vertex 1.67005 2.53483 11.6095
      vertex 1.68197 2.4252 11.578
      vertex 1.69128 2.4438 11.6392
    endloop
  endfacet
  facet normal -0.931662 -0.283075 0.227761
    outer loop
      vertex 1.68197 2.4252 11.578
      vertex 1.72463 2.35544 11.6658
      vertex 1.69128 2.4438 11.6392
    endloop
  endfacet
  facet normal 0.393333 -0.792277 -0.466461
    outer loop
      vertex 2.66892 2.02012 11.059
      vertex 2.74777 2.03495 11.1003
      vertex 2.72868 1.9968 11.149
    endloop
  endfacet
  facet normal 0.394801 -0.789239 -0.470355
    outer loop
      vertex 2.74777 2.03495 11.1003
      vertex 2.66892 2.02012 11.059
      vertex 2.67043 2.02314 11.0552
    endloop
  endfacet
  facet normal 0.393443 -0.792192 -0.466512
    outer loop
      vertex 2.72868 1.9968 11.149
      vertex 2.64887 1.98007 11.1101
      vertex 2.66892 2.02012 11.059
    endloop
  endfacet
  facet normal 0.674992 -0.58529 -0.449245
    outer loop
      vertex 2.94472 2.18544 11.1435
      vertex 2.86443 2.1346 11.0891
      vertex 2.8863 2.17832 11.065
    endloop
  endfacet
  facet normal 0.702216 -0.530844 -0.474444
    outer loop
      vertex 2.94472 2.18544 11.1435
      vertex 2.8863 2.17832 11.065
      vertex 2.96311 2.22219 11.1296
    endloop
  endfacet
  facet normal 0.87502 -0.466793 0.128233
    outer loop
      vertex 3.04926 2.25372 11.5951
      vertex 3.04086 2.23693 11.5913
      vertex 3.0664 2.25934 11.4986
    endloop
  endfacet
  facet normal 0.882865 -0.451121 0.130539
    outer loop
      vertex 3.05781 2.2708 11.5963
      vertex 3.04926 2.25372 11.5951
      vertex 3.0664 2.25934 11.4986
    endloop
  endfacet
  facet normal 0.875446 -0.465903 0.128565
    outer loop
      vertex 3.0664 2.25934 11.4986
      vertex 3.04086 2.23693 11.5913
      vertex 3.06358 2.25371 11.4974
    endloop
  endfacet
  facet normal 0.867259 -0.482254 0.123663
    outer loop
      vertex 3.06358 2.25371 11.4974
      vertex 3.04086 2.23693 11.5913
      vertex 3.06086 2.24828 11.4953
    endloop
  endfacet
  facet normal 0.762079 -0.24874 -0.5978
    outer loop
      vertex 3.00593 2.41736 11.0475
      vertex 2.98201 2.36955 11.0369
      vertex 2.93314 2.40536 10.9597
    endloop
  endfacet
  facet normal 0.817622 -0.300133 -0.491339
    outer loop
      vertex 3.00593 2.41736 11.0475
      vertex 3.02091 2.33768 11.1211
      vertex 2.98201 2.36955 11.0369
    endloop
  endfacet
  facet normal 0.912593 -0.391729 -0.117138
    outer loop
      vertex 3.09055 2.33622 11.3233
      vertex 3.07766 2.28185 11.4047
      vertex 3.08287 2.32087 11.3148
    endloop
  endfacet
  facet normal 0.890676 -0.43548 -0.130592
    outer loop
      vertex 3.06926 2.26507 11.4009
      vertex 3.05781 2.2708 11.3037
      vertex 3.07213 2.27079 11.4014
    endloop
  endfacet
  facet normal 0.890208 -0.436455 -0.130523
    outer loop
      vertex 3.07213 2.27079 11.4014
      vertex 3.05781 2.2708 11.3037
      vertex 3.06636 2.28788 11.3049
    endloop
  endfacet
  facet normal 0.886635 -0.386246 -0.254347
    outer loop
      vertex 3.07476 2.30466 11.3087
      vertex 3.06636 2.28788 11.3049
      vertex 3.04919 2.3103 11.211
    endloop
  endfacet
  facet normal 0.912037 -0.392786 -0.117931
    outer loop
      vertex 3.08024 2.287 11.4075
      vertex 3.07766 2.28185 11.4047
      vertex 3.09055 2.33622 11.3233
    endloop
  endfacet
  facet normal 0.915218 -0.329308 -0.232235
    outer loop
      vertex 3.09055 2.33622 11.3233
      vertex 3.08287 2.32087 11.3148
      vertex 3.08905 2.38995 11.2412
    endloop
  endfacet
  facet normal 0.925162 -0.366594 -0.0984107
    outer loop
      vertex 3.10411 2.36332 11.3465
      vertex 3.08263 2.29177 11.4111
      vertex 3.09767 2.35045 11.3339
    endloop
  endfacet
  facet normal 0.861322 -0.494109 -0.118237
    outer loop
      vertex 3.05829 2.24313 11.4075
      vertex 3.02507 2.20537 11.3233
      vertex 3.06086 2.24828 11.4047
    endloop
  endfacet
  facet normal 0.749847 -0.659674 -0.0505886
    outer loop
      vertex 2.99289 2.14107 11.4309
      vertex 2.92814 2.06842 11.4185
      vertex 2.99456 2.14441 11.4121
    endloop
  endfacet
  facet normal 0.842458 -0.531843 -0.0860628
    outer loop
      vertex 3.05185 2.23026 11.4201
      vertex 3.00586 2.16699 11.3609
      vertex 3.01151 2.17827 11.3465
    endloop
  endfacet
  facet normal 0.828178 -0.5604 0.00857952
    outer loop
      vertex 2.99289 2.14107 11.4691
      vertex 2.99233 2.13995 11.45
      vertex 3.0475 2.22158 11.4564
    endloop
  endfacet
  facet normal 0.747842 -0.663661 0.0168978
    outer loop
      vertex 2.92814 2.06842 11.4815
      vertex 2.92721 2.06657 11.45
      vertex 2.99233 2.13995 11.45
    endloop
  endfacet
  facet normal 0.853732 -0.509363 0.108122
    outer loop
      vertex 3.05829 2.24313 11.4925
      vertex 3.01795 2.19114 11.5661
      vertex 3.0559 2.23836 11.4889
    endloop
  endfacet
  facet normal 0.848004 -0.520792 0.0983154
    outer loop
      vertex 3.0559 2.23836 11.4889
      vertex 3.01795 2.19114 11.5661
      vertex 3.05374 2.23405 11.4847
    endloop
  endfacet
  facet normal 0.767225 -0.624975 0.144121
    outer loop
      vertex 3.00586 2.16699 11.5391
      vertex 2.94951 2.11112 11.5968
      vertex 3.0011 2.15748 11.5232
    endloop
  endfacet
  facet normal 0.834067 -0.54864 0.0576799
    outer loop
      vertex 3.0011 2.15748 11.5232
      vertex 2.99731 2.14991 11.506
      vertex 3.05025 2.22708 11.4745
    endloop
  endfacet
  facet normal 0.837945 -0.540896 0.0726609
    outer loop
      vertex 3.00586 2.16699 11.5391
      vertex 3.0011 2.15748 11.5232
      vertex 3.05025 2.22708 11.4745
    endloop
  endfacet
  facet normal 0.842887 -0.530954 0.087346
    outer loop
      vertex 3.05374 2.23405 11.4847
      vertex 3.00586 2.16699 11.5391
      vertex 3.05185 2.23026 11.4799
    endloop
  endfacet
  facet normal 0.924889 -0.367153 0.0988885
    outer loop
      vertex 3.09767 2.35045 11.5661
      vertex 3.08263 2.29177 11.4889
      vertex 3.08479 2.29608 11.4847
    endloop
  endfacet
  facet normal 0.919182 -0.378546 0.108661
    outer loop
      vertex 3.09767 2.35045 11.5661
      vertex 3.08024 2.287 11.4925
      vertex 3.08263 2.29177 11.4889
    endloop
  endfacet
  facet normal 0.935214 -0.346537 0.072708
    outer loop
      vertex 3.10976 2.3746 11.5391
      vertex 3.08827 2.30305 11.4745
      vertex 3.11452 2.38411 11.5232
    endloop
  endfacet
  facet normal 0.960132 -0.239489 0.144194
    outer loop
      vertex 3.1207 2.4532 11.5968
      vertex 3.10976 2.3746 11.5391
      vertex 3.11452 2.38411 11.5232
    endloop
  endfacet
  facet normal 0.97358 -0.212603 0.0833166
    outer loop
      vertex 3.13932 2.4904 11.5124
      vertex 3.11831 2.39168 11.506
      vertex 3.12106 2.39718 11.4879
    endloop
  endfacet
  facet normal 0.944011 -0.328931 -0.0254355
    outer loop
      vertex 3.09103 2.30856 11.4436
      vertex 3.09047 2.30744 11.4373
      vertex 3.12106 2.39718 11.4121
    endloop
  endfacet
  facet normal 0.945008 -0.326937 -0.00853584
    outer loop
      vertex 3.12329 2.40164 11.45
      vertex 3.09103 2.30856 11.4436
      vertex 3.12273 2.40052 11.4309
    endloop
  endfacet
  facet normal 0.944013 -0.328926 -0.0254196
    outer loop
      vertex 3.12273 2.40052 11.4309
      vertex 3.09103 2.30856 11.4436
      vertex 3.12106 2.39718 11.4121
    endloop
  endfacet
  facet normal 0.941908 -0.333163 0.0425613
    outer loop
      vertex 3.11831 2.39168 11.506
      vertex 3.08954 2.30559 11.4688
      vertex 3.09047 2.30744 11.4627
    endloop
  endfacet
  facet normal -0.860381 0.0516723 0.507025
    outer loop
      vertex 1.72881 2.65225 11.7806
      vertex 1.76102 2.58315 11.8423
      vertex 1.7491 2.69278 11.8109
    endloop
  endfacet
  facet normal -0.898562 0.13853 0.416409
    outer loop
      vertex 1.70809 2.72045 11.7132
      vertex 1.72881 2.65225 11.7806
      vertex 1.7491 2.69278 11.8109
    endloop
  endfacet
  facet normal -0.762065 0.248728 0.597822
    outer loop
      vertex 1.79407 2.78264 11.8525
      vertex 1.83846 2.7379 11.9277
      vertex 1.81799 2.83045 11.8631
    endloop
  endfacet
  facet normal -0.817744 0.300254 0.491063
    outer loop
      vertex 1.76005 2.82426 11.7704
      vertex 1.79407 2.78264 11.8525
      vertex 1.81799 2.83045 11.8631
    endloop
  endfacet
  facet normal 0.882477 -0.451864 -0.130592
    outer loop
      vertex 3.06926 2.26507 11.4009
      vertex 3.0664 2.25934 11.4014
      vertex 3.05781 2.2708 11.3037
    endloop
  endfacet
  facet normal 0.898152 -0.420577 -0.128208
    outer loop
      vertex 3.07476 2.30466 11.3087
      vertex 3.07494 2.27642 11.4026
      vertex 3.06636 2.28788 11.3049
    endloop
  endfacet
  facet normal 0.9053 -0.406294 -0.123927
    outer loop
      vertex 3.08287 2.32087 11.3148
      vertex 3.07494 2.27642 11.4026
      vertex 3.07476 2.30466 11.3087
    endloop
  endfacet
  facet normal 0.930551 -0.355826 -0.0863815
    outer loop
      vertex 3.10976 2.3746 11.3609
      vertex 3.08668 2.29987 11.4201
      vertex 3.10411 2.36332 11.3465
    endloop
  endfacet
  facet normal 0.935546 -0.345828 -0.0718123
    outer loop
      vertex 3.08827 2.30305 11.4255
      vertex 3.08668 2.29987 11.4201
      vertex 3.10976 2.3746 11.3609
    endloop
  endfacet
  facet normal 0.843029 -0.530763 -0.0871389
    outer loop
      vertex 3.05185 2.23026 11.4201
      vertex 3.01151 2.17827 11.3465
      vertex 3.05374 2.23405 11.4153
    endloop
  endfacet
  facet normal 0.837945 -0.540896 -0.0726609
    outer loop
      vertex 3.05025 2.22708 11.4255
      vertex 3.0011 2.15748 11.3768
      vertex 3.00586 2.16699 11.3609
    endloop
  endfacet
  facet normal 0.767225 -0.624975 -0.144121
    outer loop
      vertex 3.0011 2.15748 11.3768
      vertex 2.94951 2.11112 11.3032
      vertex 3.00586 2.16699 11.3609
    endloop
  endfacet
  facet normal 0.776351 -0.606752 -0.170679
    outer loop
      vertex 3.00586 2.16699 11.3609
      vertex 2.94951 2.11112 11.3032
      vertex 3.01151 2.17827 11.3465
    endloop
  endfacet
  facet normal 0.829177 -0.558401 -0.0255497
    outer loop
      vertex 3.0475 2.22158 11.4436
      vertex 2.99289 2.14107 11.4309
      vertex 2.99456 2.14441 11.4121
    endloop
  endfacet
  facet normal 0.74984 -0.659675 -0.0506846
    outer loop
      vertex 2.99456 2.14441 11.4121
      vertex 2.92814 2.06842 11.4185
      vertex 2.93089 2.07392 11.3876
    endloop
  endfacet
  facet normal 0.74984 -0.659675 0.0506846
    outer loop
      vertex 2.93089 2.07392 11.5124
      vertex 2.92814 2.06842 11.4815
      vertex 2.99456 2.14441 11.4879
    endloop
  endfacet
  facet normal 0.83418 -0.548381 0.0585052
    outer loop
      vertex 3.05025 2.22708 11.4745
      vertex 2.99731 2.14991 11.506
      vertex 3.04898 2.22454 11.4688
    endloop
  endfacet
  facet normal 0.837313 -0.542076 0.0711298
    outer loop
      vertex 3.05185 2.23026 11.4799
      vertex 3.00586 2.16699 11.5391
      vertex 3.05025 2.22708 11.4745
    endloop
  endfacet
  facet normal 0.930748 -0.355447 0.0858265
    outer loop
      vertex 3.10976 2.3746 11.5391
      vertex 3.08479 2.29608 11.4847
      vertex 3.08668 2.29987 11.4799
    endloop
  endfacet
  facet normal 0.941908 -0.333163 -0.0425613
    outer loop
      vertex 3.09047 2.30744 11.4373
      vertex 3.08954 2.30559 11.4312
      vertex 3.11831 2.39168 11.394
    endloop
  endfacet
  facet normal 0.944011 -0.328931 0.0254355
    outer loop
      vertex 3.12106 2.39718 11.4879
      vertex 3.09047 2.30744 11.4627
      vertex 3.09103 2.30856 11.4564
    endloop
  endfacet
  facet normal -0.921955 0.0917565 0.376271
    outer loop
      vertex 1.70809 2.72045 11.7132
      vertex 1.71047 2.6156 11.7446
      vertex 1.72881 2.65225 11.7806
    endloop
  endfacet
  facet normal -0.888857 -0.00523742 0.458155
    outer loop
      vertex 1.71047 2.6156 11.7446
      vertex 1.76102 2.58315 11.8423
      vertex 1.72881 2.65225 11.7806
    endloop
  endfacet
  facet normal 0.875486 -0.465882 -0.128369
    outer loop
      vertex 3.06358 2.25371 11.4026
      vertex 3.04926 2.25372 11.3049
      vertex 3.0664 2.25934 11.4014
    endloop
  endfacet
  facet normal 0.905562 -0.405794 -0.12365
    outer loop
      vertex 3.07766 2.28185 11.4047
      vertex 3.07494 2.27642 11.4026
      vertex 3.08287 2.32087 11.3148
    endloop
  endfacet
  facet normal 0.924916 -0.367055 -0.0990028
    outer loop
      vertex 3.08479 2.29608 11.4153
      vertex 3.08263 2.29177 11.4111
      vertex 3.10411 2.36332 11.3465
    endloop
  endfacet
  facet normal 0.83418 -0.548381 -0.0585052
    outer loop
      vertex 3.04898 2.22454 11.4312
      vertex 2.99731 2.14991 11.394
      vertex 3.05025 2.22708 11.4255
    endloop
  endfacet
  facet normal 0.831174 -0.55441 -0.0421838
    outer loop
      vertex 3.04806 2.2227 11.4373
      vertex 2.99456 2.14441 11.4121
      vertex 2.99731 2.14991 11.394
    endloop
  endfacet
  facet normal 0.753866 -0.651702 -0.0834933
    outer loop
      vertex 2.99456 2.14441 11.4121
      vertex 2.93543 2.08298 11.3577
      vertex 2.99731 2.14991 11.394
    endloop
  endfacet
  facet normal 0.831111 -0.554524 -0.0419184
    outer loop
      vertex 3.04806 2.2227 11.4373
      vertex 2.99731 2.14991 11.394
      vertex 3.04898 2.22454 11.4312
    endloop
  endfacet
  facet normal 0.828178 -0.5604 -0.00857952
    outer loop
      vertex 3.0475 2.22158 11.4436
      vertex 2.99233 2.13995 11.45
      vertex 2.99289 2.14107 11.4309
    endloop
  endfacet
  facet normal 0.747861 -0.663638 -0.0169881
    outer loop
      vertex 2.99233 2.13995 11.45
      vertex 2.92814 2.06842 11.4185
      vertex 2.99289 2.14107 11.4309
    endloop
  endfacet
  facet normal 0.82918 -0.558397 0.0255656
    outer loop
      vertex 3.04806 2.2227 11.4627
      vertex 2.99456 2.14441 11.4879
      vertex 3.0475 2.22158 11.4564
    endloop
  endfacet
  facet normal 0.831174 -0.55441 0.0421838
    outer loop
      vertex 2.99731 2.14991 11.506
      vertex 2.99456 2.14441 11.4879
      vertex 3.04806 2.2227 11.4627
    endloop
  endfacet
  facet normal 0.828173 -0.560405 0.00868769
    outer loop
      vertex 3.0475 2.22158 11.4564
      vertex 2.99233 2.13995 11.45
      vertex 3.04731 2.2212 11.45
    endloop
  endfacet
  facet normal 0.828173 -0.560405 -0.00868769
    outer loop
      vertex 3.04731 2.2212 11.45
      vertex 2.99233 2.13995 11.45
      vertex 3.0475 2.22158 11.4436
    endloop
  endfacet
  facet normal 0.945008 -0.326937 0.00853584
    outer loop
      vertex 3.12273 2.40052 11.4691
      vertex 3.09103 2.30856 11.4564
      vertex 3.12329 2.40164 11.45
    endloop
  endfacet
  facet normal 0.944013 -0.328926 0.0254196
    outer loop
      vertex 3.12106 2.39718 11.4879
      vertex 3.09103 2.30856 11.4564
      vertex 3.12273 2.40052 11.4691
    endloop
  endfacet
  facet normal 0.829177 -0.558401 0.0255497
    outer loop
      vertex 2.99456 2.14441 11.4879
      vertex 2.99289 2.14107 11.4691
      vertex 3.0475 2.22158 11.4564
    endloop
  endfacet
  facet normal 0.749847 -0.659674 0.0505886
    outer loop
      vertex 2.99456 2.14441 11.4879
      vertex 2.92814 2.06842 11.4815
      vertex 2.99289 2.14107 11.4691
    endloop
  endfacet
  facet normal 0.945016 -0.326897 -0.0091564
    outer loop
      vertex 3.09122 2.30893 11.45
      vertex 3.09103 2.30856 11.4436
      vertex 3.12329 2.40164 11.45
    endloop
  endfacet
  facet normal 0.363473 0.86317 -0.350464
    outer loop
      vertex 2.75803 3.31541 7.2
      vertex 2.66159 3.35602 7.2
      vertex 2.89229 3.58369 8
    endloop
  endfacet
  facet normal -0.127714 -0.927826 -0.350467
    outer loop
      vertex 2.343 1.80203 7.2
      vertex 2.17908 1.52241 8
      vertex 2.23933 1.8163 7.2
    endloop
  endfacet
  facet normal 0.47301 0.808354 -0.350464
    outer loop
      vertex 3.01648 3.51102 8
      vertex 2.84835 3.26256 7.2
      vertex 2.89229 3.58369 8
    endloop
  endfacet
  facet normal 0.867362 0.353353 -0.350462
    outer loop
      vertex 3.44368 2.94747 8
      vertex 3.15904 2.85271 7.2
      vertex 3.11956 2.94962 7.2
    endloop
  endfacet
  facet normal 0.00545968 0.936559 -0.350467
    outer loop
      vertex 2.457 3.39797 7.2
      vertex 2.35236 3.39858 7.2
      vertex 2.33449 3.69805 8
    endloop
  endfacet
  facet normal 0.863172 -0.363468 -0.350463
    outer loop
      vertex 3.43953 2.24032 8
      vertex 3.38369 2.10771 8
      vertex 3.15602 2.33841 7.2
    endloop
  endfacet
  facet normal 0.237079 -0.906074 -0.350463
    outer loop
      vertex 2.65271 1.84096 7.2
      vertex 2.74747 1.55632 8
      vertex 2.55147 1.81447 7.2
    endloop
  endfacet
  facet normal 0.353361 -0.86736 -0.350461
    outer loop
      vertex 2.88073 1.61061 8
      vertex 2.74747 1.55632 8
      vertex 2.74962 1.88044 7.2
    endloop
  endfacet
  facet normal -0.574488 -0.739688 -0.350464
    outer loop
      vertex 1.95165 1.93744 7.2
      vertex 1.78352 1.68898 8
      vertex 1.66988 1.77724 8
    endloop
  endfacet
  facet normal -0.666152 -0.658341 -0.350468
    outer loop
      vertex 1.79545 2.07606 7.2
      vertex 1.66988 1.77724 8
      vertex 1.56874 1.87958 8
    endloop
  endfacet
  facet normal -0.86317 0.363473 -0.350464
    outer loop
      vertex 1.68459 2.95803 7.2
      vertex 1.64398 2.86159 7.2
      vertex 1.41631 3.09229 8
    endloop
  endfacet
  facet normal -0.353353 0.867362 -0.350462
    outer loop
      vertex 2.14729 3.35904 7.2
      vertex 2.05038 3.31956 7.2
      vertex 2.05253 3.64368 8
    endloop
  endfacet
  facet normal 0.24774 0.903216 -0.350465
    outer loop
      vertex 2.75968 3.63953 8
      vertex 2.66159 3.35602 7.2
      vertex 2.62092 3.67759 8
    endloop
  endfacet
  facet normal 0.66612 0.658375 -0.350467
    outer loop
      vertex 3.23126 3.32042 8
      vertex 3.00455 3.12394 7.2
      vertex 3.13011 3.42276 8
    endloop
  endfacet
  facet normal 0.808358 -0.473004 -0.350465
    outer loop
      vertex 3.38369 2.10771 8
      vertex 3.06256 2.15165 7.2
      vertex 3.11541 2.24197 7.2
    endloop
  endfacet
  facet normal 0.658355 -0.666141 -0.350463
    outer loop
      vertex 3.22276 1.86989 8
      vertex 2.92394 1.99545 7.2
      vertex 2.99837 2.06901 7.2
    endloop
  endfacet
  facet normal -0.00553255 -0.936562 -0.350457
    outer loop
      vertex 2.46551 1.50195 8
      vertex 2.32162 1.5028 8
      vertex 2.343 1.80203 7.2
    endloop
  endfacet
  facet normal -0.86736 -0.353361 -0.350461
    outer loop
      vertex 1.68044 2.25038 7.2
      vertex 1.41061 2.11927 8
      vertex 1.35632 2.25253 8
    endloop
  endfacet
  facet normal 0 0 1
    outer loop
      vertex 3.0709 2.82336 8
      vertex 3.49805 2.66551 8
      vertex 3.4801 2.80827 8
    endloop
  endfacet
  facet normal 0 0 1
    outer loop
      vertex 3.49805 2.66551 8
      vertex 3.0709 2.82336 8
      vertex 3.4972 2.52162 8
    endloop
  endfacet
  facet normal -0 0 1
    outer loop
      vertex 3.0709 2.82336 8
      vertex 3.4801 2.80827 8
      vertex 3.44368 2.94747 8
    endloop
  endfacet
  facet normal 0 0 1
    outer loop
      vertex 3.4972 2.52162 8
      vertex 3.0709 2.82336 8
      vertex 3.47759 2.37908 8
    endloop
  endfacet
  facet normal 0 0 1
    outer loop
      vertex 3.0709 2.82336 8
      vertex 3.44368 2.94747 8
      vertex 3.38939 3.08073 8
    endloop
  endfacet
  facet normal 0 0 1
    outer loop
      vertex 3.47759 2.37908 8
      vertex 3.0709 2.82336 8
      vertex 3.43953 2.24032 8
    endloop
  endfacet
  facet normal 0 0 1
    outer loop
      vertex 3.0709 2.82336 8
      vertex 3.38939 3.08073 8
      vertex 3.31818 3.20576 8
    endloop
  endfacet
  facet normal 0 0 1
    outer loop
      vertex 3.43953 2.24032 8
      vertex 3.0709 2.82336 8
      vertex 3.38369 2.10771 8
    endloop
  endfacet
  facet normal 0 0 1
    outer loop
      vertex 3.0709 2.82336 8
      vertex 3.31818 3.20576 8
      vertex 3.23126 3.32042 8
    endloop
  endfacet
  facet normal 0 0 1
    outer loop
      vertex 2.62336 1.9291 8
      vertex 3.38369 2.10771 8
      vertex 3.0709 2.82336 8
    endloop
  endfacet
  facet normal 0 0 1
    outer loop
      vertex 3.0709 2.82336 8
      vertex 3.23126 3.32042 8
      vertex 3.13011 3.42276 8
    endloop
  endfacet
  facet normal 0 0 1
    outer loop
      vertex 3.38369 2.10771 8
      vertex 2.62336 1.9291 8
      vertex 3.31102 1.98352 8
    endloop
  endfacet
  facet normal 0 0 1
    outer loop
      vertex 3.31102 1.98352 8
      vertex 2.62336 1.9291 8
      vertex 3.22276 1.86989 8
    endloop
  endfacet
  facet normal 0 0 1
    outer loop
      vertex 3.01648 3.51102 8
      vertex 3.0709 2.82336 8
      vertex 3.13011 3.42276 8
    endloop
  endfacet
  facet normal 0 0 1
    outer loop
      vertex 2.89229 3.58369 8
      vertex 3.0709 2.82336 8
      vertex 3.01648 3.51102 8
    endloop
  endfacet
  facet normal 0 0 1
    outer loop
      vertex 2.17664 3.2709 8
      vertex 2.89229 3.58369 8
      vertex 2.75968 3.63953 8
    endloop
  endfacet
  facet normal 0 0 1
    outer loop
      vertex 2.17664 3.2709 8
      vertex 2.75968 3.63953 8
      vertex 2.62092 3.67759 8
    endloop
  endfacet
  facet normal 0 0 1
    outer loop
      vertex 2.17664 3.2709 8
      vertex 2.62092 3.67759 8
      vertex 2.47837 3.6972 8
    endloop
  endfacet
  facet normal 0 0 1
    outer loop
      vertex 2.17664 3.2709 8
      vertex 2.47837 3.6972 8
      vertex 2.33449 3.69805 8
    endloop
  endfacet
  facet normal 0 0 1
    outer loop
      vertex 2.17664 3.2709 8
      vertex 2.33449 3.69805 8
      vertex 2.19173 3.6801 8
    endloop
  endfacet
  facet normal 0 0 1
    outer loop
      vertex 2.89229 3.58369 8
      vertex 2.17664 3.2709 8
      vertex 3.0709 2.82336 8
    endloop
  endfacet
  facet normal -0 0 1
    outer loop
      vertex 2.05253 3.64368 8
      vertex 2.17664 3.2709 8
      vertex 2.19173 3.6801 8
    endloop
  endfacet
  facet normal -0 0 1
    outer loop
      vertex 1.91927 3.58939 8
      vertex 2.17664 3.2709 8
      vertex 2.05253 3.64368 8
    endloop
  endfacet
  facet normal -0 0 1
    outer loop
      vertex 1.79424 3.51818 8
      vertex 2.17664 3.2709 8
      vertex 1.91927 3.58939 8
    endloop
  endfacet
  facet normal -0 0 1
    outer loop
      vertex 1.67958 3.43126 8
      vertex 2.17664 3.2709 8
      vertex 1.79424 3.51818 8
    endloop
  endfacet
  facet normal -0 0 1
    outer loop
      vertex 1.57724 3.33011 8
      vertex 2.17664 3.2709 8
      vertex 1.67958 3.43126 8
    endloop
  endfacet
  facet normal 0 0 1
    outer loop
      vertex 3.22276 1.86989 8
      vertex 2.62336 1.9291 8
      vertex 3.12042 1.76874 8
    endloop
  endfacet
  facet normal 0 0 1
    outer loop
      vertex 3.12042 1.76874 8
      vertex 2.62336 1.9291 8
      vertex 3.00576 1.68182 8
    endloop
  endfacet
  facet normal 0 0 1
    outer loop
      vertex 3.00576 1.68182 8
      vertex 2.62336 1.9291 8
      vertex 2.88073 1.61061 8
    endloop
  endfacet
  facet normal 0 0 1
    outer loop
      vertex 2.88073 1.61061 8
      vertex 2.62336 1.9291 8
      vertex 2.74747 1.55632 8
    endloop
  endfacet
  facet normal 0 0 1
    outer loop
      vertex 2.62336 1.9291 8
      vertex 2.60827 1.5199 8
      vertex 2.74747 1.55632 8
    endloop
  endfacet
  facet normal 0 0 1
    outer loop
      vertex 2.62336 1.9291 8
      vertex 2.46551 1.50195 8
      vertex 2.60827 1.5199 8
    endloop
  endfacet
  facet normal 0 0 1
    outer loop
      vertex 2.62336 1.9291 8
      vertex 2.32162 1.5028 8
      vertex 2.46551 1.50195 8
    endloop
  endfacet
  facet normal 0 0 1
    outer loop
      vertex 2.62336 1.9291 8
      vertex 2.17908 1.52241 8
      vertex 2.32162 1.5028 8
    endloop
  endfacet
  facet normal 0 0 1
    outer loop
      vertex 2.62336 1.9291 8
      vertex 2.04032 1.56047 8
      vertex 2.17908 1.52241 8
    endloop
  endfacet
  facet normal 0 0 1
    outer loop
      vertex 2.62336 1.9291 8
      vertex 1.90771 1.61631 8
      vertex 2.04032 1.56047 8
    endloop
  endfacet
  facet normal 0 0 1
    outer loop
      vertex 1.7291 2.37664 8
      vertex 1.90771 1.61631 8
      vertex 2.62336 1.9291 8
    endloop
  endfacet
  facet normal 0 0 1
    outer loop
      vertex 1.90771 1.61631 8
      vertex 1.7291 2.37664 8
      vertex 1.78352 1.68898 8
    endloop
  endfacet
  facet normal 0 0 1
    outer loop
      vertex 1.7291 2.37664 8
      vertex 1.66988 1.77724 8
      vertex 1.78352 1.68898 8
    endloop
  endfacet
  facet normal 0 0 1
    outer loop
      vertex 1.48898 3.21648 8
      vertex 2.17664 3.2709 8
      vertex 1.57724 3.33011 8
    endloop
  endfacet
  facet normal 0 0 1
    outer loop
      vertex 1.41631 3.09229 8
      vertex 2.17664 3.2709 8
      vertex 1.48898 3.21648 8
    endloop
  endfacet
  facet normal 0 0 1
    outer loop
      vertex 1.7291 2.37664 8
      vertex 1.56874 1.87958 8
      vertex 1.66988 1.77724 8
    endloop
  endfacet
  facet normal 0 0 1
    outer loop
      vertex 2.17664 3.2709 8
      vertex 1.41631 3.09229 8
      vertex 1.7291 2.37664 8
    endloop
  endfacet
  facet normal 0 0 1
    outer loop
      vertex 1.7291 2.37664 8
      vertex 1.48182 1.99424 8
      vertex 1.56874 1.87958 8
    endloop
  endfacet
  facet normal -0 0 1
    outer loop
      vertex 1.36047 2.95968 8
      vertex 1.7291 2.37664 8
      vertex 1.41631 3.09229 8
    endloop
  endfacet
  facet normal 0 0 1
    outer loop
      vertex 1.7291 2.37664 8
      vertex 1.41061 2.11927 8
      vertex 1.48182 1.99424 8
    endloop
  endfacet
  facet normal -0 0 1
    outer loop
      vertex 1.32241 2.82092 8
      vertex 1.7291 2.37664 8
      vertex 1.36047 2.95968 8
    endloop
  endfacet
  facet normal 0 0 1
    outer loop
      vertex 1.7291 2.37664 8
      vertex 1.35632 2.25253 8
      vertex 1.41061 2.11927 8
    endloop
  endfacet
  facet normal -0 0 1
    outer loop
      vertex 1.3028 2.67838 8
      vertex 1.7291 2.37664 8
      vertex 1.32241 2.82092 8
    endloop
  endfacet
  facet normal 0 0 1
    outer loop
      vertex 1.7291 2.37664 8
      vertex 1.3199 2.39173 8
      vertex 1.35632 2.25253 8
    endloop
  endfacet
  facet normal -0 0 1
    outer loop
      vertex 1.30195 2.53449 8
      vertex 1.7291 2.37664 8
      vertex 1.3028 2.67838 8
    endloop
  endfacet
  facet normal 0 0 1
    outer loop
      vertex 1.7291 2.37664 8
      vertex 1.30195 2.53449 8
      vertex 1.3199 2.39173 8
    endloop
  endfacet
  facet normal -0.867362 -0.353353 -0.350462
    outer loop
      vertex 1.68044 2.25038 7.2
      vertex 1.35632 2.25253 8
      vertex 1.64096 2.34729 7.2
    endloop
  endfacet
  facet normal -0.739664 0.57452 -0.350464
    outer loop
      vertex 1.57724 3.33011 8
      vertex 1.73744 3.04835 7.2
      vertex 1.48898 3.21648 8
    endloop
  endfacet
  facet normal -0.658375 0.66612 -0.350467
    outer loop
      vertex 1.87606 3.20455 7.2
      vertex 1.57724 3.33011 8
      vertex 1.67958 3.43126 8
    endloop
  endfacet
  facet normal 0.00553293 0.936562 -0.350457
    outer loop
      vertex 2.47837 3.6972 8
      vertex 2.457 3.39797 7.2
      vertex 2.33449 3.69805 8
    endloop
  endfacet
  facet normal -0.237064 0.906078 -0.350461
    outer loop
      vertex 2.19173 3.6801 8
      vertex 2.24853 3.38553 7.2
      vertex 2.05253 3.64368 8
    endloop
  endfacet
  facet normal 0.127639 0.927841 -0.350457
    outer loop
      vertex 2.62092 3.67759 8
      vertex 2.457 3.39797 7.2
      vertex 2.47837 3.6972 8
    endloop
  endfacet
  facet normal 0.363468 0.863172 -0.350463
    outer loop
      vertex 2.89229 3.58369 8
      vertex 2.66159 3.35602 7.2
      vertex 2.75968 3.63953 8
    endloop
  endfacet
  facet normal 0.57452 0.739664 -0.350464
    outer loop
      vertex 3.13011 3.42276 8
      vertex 2.84835 3.26256 7.2
      vertex 3.01648 3.51102 8
    endloop
  endfacet
  facet normal 0.666141 0.658355 -0.350463
    outer loop
      vertex 3.13011 3.42276 8
      vertex 3.00455 3.12394 7.2
      vertex 2.93099 3.19837 7.2
    endloop
  endfacet
  facet normal 0.473004 0.808358 -0.350465
    outer loop
      vertex 2.89229 3.58369 8
      vertex 2.84835 3.26256 7.2
      vertex 2.75803 3.31541 7.2
    endloop
  endfacet
  facet normal 0.813837 0.463515 -0.350461
    outer loop
      vertex 3.38939 3.08073 8
      vertex 3.11956 2.94962 7.2
      vertex 3.31818 3.20576 8
    endloop
  endfacet
  facet normal 0.86736 0.353361 -0.350461
    outer loop
      vertex 3.44368 2.94747 8
      vertex 3.11956 2.94962 7.2
      vertex 3.38939 3.08073 8
    endloop
  endfacet
  facet normal 0.936562 -0.00553255 -0.350457
    outer loop
      vertex 3.4972 2.52162 8
      vertex 3.19797 2.543 7.2
      vertex 3.49805 2.66551 8
    endloop
  endfacet
  facet normal -0.24774 -0.903216 -0.350465
    outer loop
      vertex 2.17908 1.52241 8
      vertex 2.04032 1.56047 8
      vertex 2.13841 1.84398 7.2
    endloop
  endfacet
  facet normal 0.463515 -0.813837 -0.350461
    outer loop
      vertex 3.00576 1.68182 8
      vertex 2.88073 1.61061 8
      vertex 2.74962 1.88044 7.2
    endloop
  endfacet
  facet normal 0.353353 -0.867362 -0.350462
    outer loop
      vertex 2.74962 1.88044 7.2
      vertex 2.74747 1.55632 8
      vertex 2.65271 1.84096 7.2
    endloop
  endfacet
  facet normal 0.237064 -0.906078 -0.350461
    outer loop
      vertex 2.74747 1.55632 8
      vertex 2.60827 1.5199 8
      vertex 2.55147 1.81447 7.2
    endloop
  endfacet
  facet normal -0.127648 -0.927839 -0.350458
    outer loop
      vertex 2.32162 1.5028 8
      vertex 2.17908 1.52241 8
      vertex 2.343 1.80203 7.2
    endloop
  endfacet
  facet normal -0.363468 -0.863172 -0.350463
    outer loop
      vertex 2.04032 1.56047 8
      vertex 1.90771 1.61631 8
      vertex 2.13841 1.84398 7.2
    endloop
  endfacet
  facet normal -0.574523 -0.739657 -0.350471
    outer loop
      vertex 1.95165 1.93744 7.2
      vertex 1.66988 1.77724 8
      vertex 1.86901 2.00163 7.2
    endloop
  endfacet
  facet normal -0.906074 -0.237079 -0.350463
    outer loop
      vertex 1.64096 2.34729 7.2
      vertex 1.35632 2.25253 8
      vertex 1.61447 2.44853 7.2
    endloop
  endfacet
  facet normal -0.473004 -0.808358 -0.350465
    outer loop
      vertex 2.04197 1.88459 7.2
      vertex 1.90771 1.61631 8
      vertex 1.95165 1.93744 7.2
    endloop
  endfacet
  facet normal -0.47301 -0.808354 -0.350464
    outer loop
      vertex 1.95165 1.93744 7.2
      vertex 1.90771 1.61631 8
      vertex 1.78352 1.68898 8
    endloop
  endfacet
  facet normal -0.739659 0.574525 -0.350464
    outer loop
      vertex 1.80163 3.13099 7.2
      vertex 1.73744 3.04835 7.2
      vertex 1.57724 3.33011 8
    endloop
  endfacet
  facet normal -0.565791 0.74636 -0.350467
    outer loop
      vertex 1.79424 3.51818 8
      vertex 1.87606 3.20455 7.2
      vertex 1.67958 3.43126 8
    endloop
  endfacet
  facet normal -0.808358 0.473004 -0.350465
    outer loop
      vertex 1.73744 3.04835 7.2
      vertex 1.68459 2.95803 7.2
      vertex 1.41631 3.09229 8
    endloop
  endfacet
  facet normal -0.808354 0.47301 -0.350464
    outer loop
      vertex 1.73744 3.04835 7.2
      vertex 1.41631 3.09229 8
      vertex 1.48898 3.21648 8
    endloop
  endfacet
  facet normal -0.116841 0.929261 -0.350461
    outer loop
      vertex 2.33449 3.69805 8
      vertex 2.24853 3.38553 7.2
      vertex 2.19173 3.6801 8
    endloop
  endfacet
  facet normal 0.127714 0.927826 -0.350467
    outer loop
      vertex 2.56067 3.3837 7.2
      vertex 2.457 3.39797 7.2
      vertex 2.62092 3.67759 8
    endloop
  endfacet
  facet normal 0.247732 0.903218 -0.350466
    outer loop
      vertex 2.66159 3.35602 7.2
      vertex 2.56067 3.3837 7.2
      vertex 2.62092 3.67759 8
    endloop
  endfacet
  facet normal 0.574525 0.739659 -0.350464
    outer loop
      vertex 3.13011 3.42276 8
      vertex 2.93099 3.19837 7.2
      vertex 2.84835 3.26256 7.2
    endloop
  endfacet
  facet normal 0.813831 0.463525 -0.350463
    outer loop
      vertex 3.31818 3.20576 8
      vertex 3.11956 2.94962 7.2
      vertex 3.06777 3.04055 7.2
    endloop
  endfacet
  facet normal 0.74636 0.565791 -0.350467
    outer loop
      vertex 3.31818 3.20576 8
      vertex 3.00455 3.12394 7.2
      vertex 3.23126 3.32042 8
    endloop
  endfacet
  facet normal 0.86317 -0.363473 -0.350464
    outer loop
      vertex 3.38369 2.10771 8
      vertex 3.11541 2.24197 7.2
      vertex 3.15602 2.33841 7.2
    endloop
  endfacet
  facet normal 0.929261 0.116841 -0.350461
    outer loop
      vertex 3.49805 2.66551 8
      vertex 3.18553 2.75147 7.2
      vertex 3.4801 2.80827 8
    endloop
  endfacet
  facet normal 0.929264 0.116796 -0.350467
    outer loop
      vertex 3.49805 2.66551 8
      vertex 3.19858 2.64764 7.2
      vertex 3.18553 2.75147 7.2
    endloop
  endfacet
  facet normal 0.927839 -0.127648 -0.350458
    outer loop
      vertex 3.4972 2.52162 8
      vertex 3.47759 2.37908 8
      vertex 3.19797 2.543 7.2
    endloop
  endfacet
  facet normal -0.363473 -0.86317 -0.350464
    outer loop
      vertex 2.13841 1.84398 7.2
      vertex 1.90771 1.61631 8
      vertex 2.04197 1.88459 7.2
    endloop
  endfacet
  facet normal 0 0 -1
    outer loop
      vertex 2.62336 1.9291 7.2
      vertex 3.11541 2.24197 7.2
      vertex 3.06256 2.15165 7.2
    endloop
  endfacet
  facet normal 0 0 -1
    outer loop
      vertex 2.62336 1.9291 7.2
      vertex 3.06256 2.15165 7.2
      vertex 2.99837 2.06901 7.2
    endloop
  endfacet
  facet normal 0 0 -1
    outer loop
      vertex 2.62336 1.9291 7.2
      vertex 2.99837 2.06901 7.2
      vertex 2.92394 1.99545 7.2
    endloop
  endfacet
  facet normal 0 0 -1
    outer loop
      vertex 2.62336 1.9291 7.2
      vertex 2.92394 1.99545 7.2
      vertex 2.84055 1.93223 7.2
    endloop
  endfacet
  facet normal 0 0 -1
    outer loop
      vertex 2.62336 1.9291 7.2
      vertex 2.84055 1.93223 7.2
      vertex 2.74962 1.88044 7.2
    endloop
  endfacet
  facet normal 0 0 -1
    outer loop
      vertex 2.62336 1.9291 7.2
      vertex 2.74962 1.88044 7.2
      vertex 2.65271 1.84096 7.2
    endloop
  endfacet
  facet normal -0 0 -1
    outer loop
      vertex 3.11541 2.24197 7.2
      vertex 2.62336 1.9291 7.2
      vertex 3.0709 2.82336 7.2
    endloop
  endfacet
  facet normal 0 0 -1
    outer loop
      vertex 2.55147 1.81447 7.2
      vertex 2.62336 1.9291 7.2
      vertex 2.65271 1.84096 7.2
    endloop
  endfacet
  facet normal 0 0 -1
    outer loop
      vertex 2.44764 1.80142 7.2
      vertex 2.62336 1.9291 7.2
      vertex 2.55147 1.81447 7.2
    endloop
  endfacet
  facet normal 0 0 -1
    outer loop
      vertex 2.343 1.80203 7.2
      vertex 2.62336 1.9291 7.2
      vertex 2.44764 1.80142 7.2
    endloop
  endfacet
  facet normal 0 0 -1
    outer loop
      vertex 2.23933 1.8163 7.2
      vertex 2.62336 1.9291 7.2
      vertex 2.343 1.80203 7.2
    endloop
  endfacet
  facet normal 0 0 -1
    outer loop
      vertex 2.13841 1.84398 7.2
      vertex 2.62336 1.9291 7.2
      vertex 2.23933 1.8163 7.2
    endloop
  endfacet
  facet normal 0 0 -1
    outer loop
      vertex 2.04197 1.88459 7.2
      vertex 2.62336 1.9291 7.2
      vertex 2.13841 1.84398 7.2
    endloop
  endfacet
  facet normal 0 0 -1
    outer loop
      vertex 1.7291 2.37664 7.2
      vertex 2.04197 1.88459 7.2
      vertex 1.95165 1.93744 7.2
    endloop
  endfacet
  facet normal 0 0 -1
    outer loop
      vertex 1.7291 2.37664 7.2
      vertex 1.95165 1.93744 7.2
      vertex 1.86901 2.00163 7.2
    endloop
  endfacet
  facet normal 0 0 -1
    outer loop
      vertex 1.7291 2.37664 7.2
      vertex 1.86901 2.00163 7.2
      vertex 1.79545 2.07606 7.2
    endloop
  endfacet
  facet normal 0 0 -1
    outer loop
      vertex 1.7291 2.37664 7.2
      vertex 1.79545 2.07606 7.2
      vertex 1.73223 2.15945 7.2
    endloop
  endfacet
  facet normal 0 0 -1
    outer loop
      vertex 2.04197 1.88459 7.2
      vertex 1.7291 2.37664 7.2
      vertex 2.62336 1.9291 7.2
    endloop
  endfacet
  facet normal 0 0 -1
    outer loop
      vertex 1.68044 2.25038 7.2
      vertex 1.7291 2.37664 7.2
      vertex 1.73223 2.15945 7.2
    endloop
  endfacet
  facet normal 0 0 -1
    outer loop
      vertex 1.64096 2.34729 7.2
      vertex 1.7291 2.37664 7.2
      vertex 1.68044 2.25038 7.2
    endloop
  endfacet
  facet normal 0 0 -1
    outer loop
      vertex 1.7291 2.37664 7.2
      vertex 1.64398 2.86159 7.2
      vertex 1.68459 2.95803 7.2
    endloop
  endfacet
  facet normal 0 0 -1
    outer loop
      vertex 1.61447 2.44853 7.2
      vertex 1.7291 2.37664 7.2
      vertex 1.64096 2.34729 7.2
    endloop
  endfacet
  facet normal 0 0 -1
    outer loop
      vertex 1.7291 2.37664 7.2
      vertex 1.6163 2.76067 7.2
      vertex 1.64398 2.86159 7.2
    endloop
  endfacet
  facet normal 0 0 -1
    outer loop
      vertex 1.60142 2.55236 7.2
      vertex 1.7291 2.37664 7.2
      vertex 1.61447 2.44853 7.2
    endloop
  endfacet
  facet normal 0 0 -1
    outer loop
      vertex 1.7291 2.37664 7.2
      vertex 1.60203 2.657 7.2
      vertex 1.6163 2.76067 7.2
    endloop
  endfacet
  facet normal 0 0 -1
    outer loop
      vertex 1.7291 2.37664 7.2
      vertex 1.60142 2.55236 7.2
      vertex 1.60203 2.657 7.2
    endloop
  endfacet
  facet normal 0 0 -1
    outer loop
      vertex 3.0709 2.82336 7.2
      vertex 3.19858 2.64764 7.2
      vertex 3.19797 2.543 7.2
    endloop
  endfacet
  facet normal 0 0 -1
    outer loop
      vertex 3.0709 2.82336 7.2
      vertex 3.19797 2.543 7.2
      vertex 3.1837 2.43933 7.2
    endloop
  endfacet
  facet normal 0 0 -1
    outer loop
      vertex 3.19858 2.64764 7.2
      vertex 3.0709 2.82336 7.2
      vertex 3.18553 2.75147 7.2
    endloop
  endfacet
  facet normal 0 0 -1
    outer loop
      vertex 3.0709 2.82336 7.2
      vertex 3.1837 2.43933 7.2
      vertex 3.15602 2.33841 7.2
    endloop
  endfacet
  facet normal 0 0 -1
    outer loop
      vertex 3.18553 2.75147 7.2
      vertex 3.0709 2.82336 7.2
      vertex 3.15904 2.85271 7.2
    endloop
  endfacet
  facet normal 0 0 -1
    outer loop
      vertex 3.0709 2.82336 7.2
      vertex 3.15602 2.33841 7.2
      vertex 3.11541 2.24197 7.2
    endloop
  endfacet
  facet normal -0 0 -1
    outer loop
      vertex 3.15904 2.85271 7.2
      vertex 3.0709 2.82336 7.2
      vertex 3.11956 2.94962 7.2
    endloop
  endfacet
  facet normal 0 0 -1
    outer loop
      vertex 3.0709 2.82336 7.2
      vertex 3.06777 3.04055 7.2
      vertex 3.11956 2.94962 7.2
    endloop
  endfacet
  facet normal 0 0 -1
    outer loop
      vertex 3.0709 2.82336 7.2
      vertex 3.00455 3.12394 7.2
      vertex 3.06777 3.04055 7.2
    endloop
  endfacet
  facet normal 0 0 -1
    outer loop
      vertex 3.0709 2.82336 7.2
      vertex 2.93099 3.19837 7.2
      vertex 3.00455 3.12394 7.2
    endloop
  endfacet
  facet normal 0 0 -1
    outer loop
      vertex 3.0709 2.82336 7.2
      vertex 2.84835 3.26256 7.2
      vertex 2.93099 3.19837 7.2
    endloop
  endfacet
  facet normal 0 0 -1
    outer loop
      vertex 3.0709 2.82336 7.2
      vertex 2.75803 3.31541 7.2
      vertex 2.84835 3.26256 7.2
    endloop
  endfacet
  facet normal 0 0 -1
    outer loop
      vertex 2.17664 3.2709 7.2
      vertex 2.75803 3.31541 7.2
      vertex 3.0709 2.82336 7.2
    endloop
  endfacet
  facet normal -0 0 -1
    outer loop
      vertex 2.75803 3.31541 7.2
      vertex 2.17664 3.2709 7.2
      vertex 2.66159 3.35602 7.2
    endloop
  endfacet
  facet normal -0 0 -1
    outer loop
      vertex 2.66159 3.35602 7.2
      vertex 2.17664 3.2709 7.2
      vertex 2.56067 3.3837 7.2
    endloop
  endfacet
  facet normal -0 0 -1
    outer loop
      vertex 2.56067 3.3837 7.2
      vertex 2.17664 3.2709 7.2
      vertex 2.457 3.39797 7.2
    endloop
  endfacet
  facet normal -0 0 -1
    outer loop
      vertex 2.457 3.39797 7.2
      vertex 2.17664 3.2709 7.2
      vertex 2.35236 3.39858 7.2
    endloop
  endfacet
  facet normal 0 0 -1
    outer loop
      vertex 2.35236 3.39858 7.2
      vertex 2.17664 3.2709 7.2
      vertex 2.24853 3.38553 7.2
    endloop
  endfacet
  facet normal 0 0 -1
    outer loop
      vertex 2.17664 3.2709 7.2
      vertex 2.14729 3.35904 7.2
      vertex 2.24853 3.38553 7.2
    endloop
  endfacet
  facet normal 0 0 -1
    outer loop
      vertex 2.17664 3.2709 7.2
      vertex 2.05038 3.31956 7.2
      vertex 2.14729 3.35904 7.2
    endloop
  endfacet
  facet normal -0 0 -1
    outer loop
      vertex 2.17664 3.2709 7.2
      vertex 1.95945 3.26777 7.2
      vertex 2.05038 3.31956 7.2
    endloop
  endfacet
  facet normal 0 0 -1
    outer loop
      vertex 2.17664 3.2709 7.2
      vertex 1.87606 3.20455 7.2
      vertex 1.95945 3.26777 7.2
    endloop
  endfacet
  facet normal 0 0 -1
    outer loop
      vertex 2.17664 3.2709 7.2
      vertex 1.80163 3.13099 7.2
      vertex 1.87606 3.20455 7.2
    endloop
  endfacet
  facet normal 0 0 -1
    outer loop
      vertex 2.17664 3.2709 7.2
      vertex 1.73744 3.04835 7.2
      vertex 1.80163 3.13099 7.2
    endloop
  endfacet
  facet normal 0 0 -1
    outer loop
      vertex 1.68459 2.95803 7.2
      vertex 2.17664 3.2709 7.2
      vertex 1.7291 2.37664 7.2
    endloop
  endfacet
  facet normal 0 0 -1
    outer loop
      vertex 2.17664 3.2709 7.2
      vertex 1.68459 2.95803 7.2
      vertex 1.73744 3.04835 7.2
    endloop
  endfacet
  facet normal 0.565791 -0.74636 -0.350467
    outer loop
      vertex 3.12042 1.76874 8
      vertex 3.00576 1.68182 8
      vertex 2.92394 1.99545 7.2
    endloop
  endfacet
  facet normal 0.658375 -0.66612 -0.350467
    outer loop
      vertex 3.22276 1.86989 8
      vertex 3.12042 1.76874 8
      vertex 2.92394 1.99545 7.2
    endloop
  endfacet
  facet normal 0.463525 -0.813831 -0.350463
    outer loop
      vertex 2.84055 1.93223 7.2
      vertex 3.00576 1.68182 8
      vertex 2.74962 1.88044 7.2
    endloop
  endfacet
  facet normal 0.739664 -0.57452 -0.350464
    outer loop
      vertex 3.31102 1.98352 8
      vertex 3.22276 1.86989 8
      vertex 3.06256 2.15165 7.2
    endloop
  endfacet
  facet normal 0.739659 -0.574525 -0.350464
    outer loop
      vertex 3.06256 2.15165 7.2
      vertex 3.22276 1.86989 8
      vertex 2.99837 2.06901 7.2
    endloop
  endfacet
  facet normal 0.116841 -0.929261 -0.350461
    outer loop
      vertex 2.60827 1.5199 8
      vertex 2.46551 1.50195 8
      vertex 2.55147 1.81447 7.2
    endloop
  endfacet
  facet normal -0.903216 0.24774 -0.350465
    outer loop
      vertex 1.64398 2.86159 7.2
      vertex 1.32241 2.82092 8
      vertex 1.36047 2.95968 8
    endloop
  endfacet
  facet normal -0.863172 0.363468 -0.350463
    outer loop
      vertex 1.64398 2.86159 7.2
      vertex 1.36047 2.95968 8
      vertex 1.41631 3.09229 8
    endloop
  endfacet
  facet normal -0.927839 0.127648 -0.350458
    outer loop
      vertex 1.60203 2.657 7.2
      vertex 1.3028 2.67838 8
      vertex 1.32241 2.82092 8
    endloop
  endfacet
  facet normal -0.929264 -0.116796 -0.350467
    outer loop
      vertex 1.61447 2.44853 7.2
      vertex 1.30195 2.53449 8
      vertex 1.60142 2.55236 7.2
    endloop
  endfacet
  facet normal -0.666139 -0.658353 -0.35047
    outer loop
      vertex 1.86901 2.00163 7.2
      vertex 1.66988 1.77724 8
      vertex 1.79545 2.07606 7.2
    endloop
  endfacet
  facet normal -0.813837 -0.463515 -0.350461
    outer loop
      vertex 1.68044 2.25038 7.2
      vertex 1.48182 1.99424 8
      vertex 1.41061 2.11927 8
    endloop
  endfacet
  facet normal -0.237079 0.906074 -0.350463
    outer loop
      vertex 2.24853 3.38553 7.2
      vertex 2.14729 3.35904 7.2
      vertex 2.05253 3.64368 8
    endloop
  endfacet
  facet normal -0.463515 0.813837 -0.350461
    outer loop
      vertex 1.91927 3.58939 8
      vertex 2.05038 3.31956 7.2
      vertex 1.79424 3.51818 8
    endloop
  endfacet
  facet normal -0.658355 0.666141 -0.350463
    outer loop
      vertex 1.87606 3.20455 7.2
      vertex 1.80163 3.13099 7.2
      vertex 1.57724 3.33011 8
    endloop
  endfacet
  facet normal -0.116796 0.929264 -0.350467
    outer loop
      vertex 2.35236 3.39858 7.2
      vertex 2.24853 3.38553 7.2
      vertex 2.33449 3.69805 8
    endloop
  endfacet
  facet normal 0.746341 0.565819 -0.350463
    outer loop
      vertex 3.31818 3.20576 8
      vertex 3.06777 3.04055 7.2
      vertex 3.00455 3.12394 7.2
    endloop
  endfacet
  facet normal 0.927826 -0.127714 -0.350467
    outer loop
      vertex 3.47759 2.37908 8
      vertex 3.1837 2.43933 7.2
      vertex 3.19797 2.543 7.2
    endloop
  endfacet
  facet normal 0.903216 -0.24774 -0.350465
    outer loop
      vertex 3.43953 2.24032 8
      vertex 3.15602 2.33841 7.2
      vertex 3.47759 2.37908 8
    endloop
  endfacet
  facet normal 0.936559 -0.00545968 -0.350467
    outer loop
      vertex 3.49805 2.66551 8
      vertex 3.19797 2.543 7.2
      vertex 3.19858 2.64764 7.2
    endloop
  endfacet
  facet normal 0.906074 0.237079 -0.350463
    outer loop
      vertex 3.44368 2.94747 8
      vertex 3.18553 2.75147 7.2
      vertex 3.15904 2.85271 7.2
    endloop
  endfacet
  facet normal 0.906078 0.237064 -0.350461
    outer loop
      vertex 3.4801 2.80827 8
      vertex 3.18553 2.75147 7.2
      vertex 3.44368 2.94747 8
    endloop
  endfacet
  facet normal -0.247732 -0.903218 -0.350466
    outer loop
      vertex 2.23933 1.8163 7.2
      vertex 2.17908 1.52241 8
      vertex 2.13841 1.84398 7.2
    endloop
  endfacet
  facet normal 0.565819 -0.746341 -0.350463
    outer loop
      vertex 2.92394 1.99545 7.2
      vertex 3.00576 1.68182 8
      vertex 2.84055 1.93223 7.2
    endloop
  endfacet
  facet normal 0.808354 -0.47301 -0.350464
    outer loop
      vertex 3.38369 2.10771 8
      vertex 3.31102 1.98352 8
      vertex 3.06256 2.15165 7.2
    endloop
  endfacet
  facet normal 0.116796 -0.929264 -0.350467
    outer loop
      vertex 2.55147 1.81447 7.2
      vertex 2.46551 1.50195 8
      vertex 2.44764 1.80142 7.2
    endloop
  endfacet
  facet normal -0.00545968 -0.936559 -0.350467
    outer loop
      vertex 2.44764 1.80142 7.2
      vertex 2.46551 1.50195 8
      vertex 2.343 1.80203 7.2
    endloop
  endfacet
  facet normal -0.903218 0.247732 -0.350466
    outer loop
      vertex 1.6163 2.76067 7.2
      vertex 1.32241 2.82092 8
      vertex 1.64398 2.86159 7.2
    endloop
  endfacet
  facet normal -0.906078 -0.237064 -0.350461
    outer loop
      vertex 1.61447 2.44853 7.2
      vertex 1.35632 2.25253 8
      vertex 1.3199 2.39173 8
    endloop
  endfacet
  facet normal -0.929261 -0.116841 -0.350461
    outer loop
      vertex 1.61447 2.44853 7.2
      vertex 1.3199 2.39173 8
      vertex 1.30195 2.53449 8
    endloop
  endfacet
  facet normal -0.936562 0.00553255 -0.350457
    outer loop
      vertex 1.60203 2.657 7.2
      vertex 1.30195 2.53449 8
      vertex 1.3028 2.67838 8
    endloop
  endfacet
  facet normal -0.936559 0.00545968 -0.350467
    outer loop
      vertex 1.60142 2.55236 7.2
      vertex 1.30195 2.53449 8
      vertex 1.60203 2.657 7.2
    endloop
  endfacet
  facet normal -0.74636 -0.565791 -0.350467
    outer loop
      vertex 1.79545 2.07606 7.2
      vertex 1.56874 1.87958 8
      vertex 1.48182 1.99424 8
    endloop
  endfacet
  facet normal -0.565819 0.746341 -0.350463
    outer loop
      vertex 1.95945 3.26777 7.2
      vertex 1.87606 3.20455 7.2
      vertex 1.79424 3.51818 8
    endloop
  endfacet
  facet normal -0.463525 0.813831 -0.350463
    outer loop
      vertex 2.05038 3.31956 7.2
      vertex 1.95945 3.26777 7.2
      vertex 1.79424 3.51818 8
    endloop
  endfacet
  facet normal -0.353361 0.86736 -0.350461
    outer loop
      vertex 2.05253 3.64368 8
      vertex 2.05038 3.31956 7.2
      vertex 1.91927 3.58939 8
    endloop
  endfacet
  facet normal 0.903218 -0.247732 -0.350466
    outer loop
      vertex 3.47759 2.37908 8
      vertex 3.15602 2.33841 7.2
      vertex 3.1837 2.43933 7.2
    endloop
  endfacet
  facet normal -0.927826 0.127714 -0.350467
    outer loop
      vertex 1.6163 2.76067 7.2
      vertex 1.60203 2.657 7.2
      vertex 1.32241 2.82092 8
    endloop
  endfacet
  facet normal -0.746341 -0.565819 -0.350463
    outer loop
      vertex 1.79545 2.07606 7.2
      vertex 1.48182 1.99424 8
      vertex 1.73223 2.15945 7.2
    endloop
  endfacet
  facet normal -0.813831 -0.463525 -0.350463
    outer loop
      vertex 1.73223 2.15945 7.2
      vertex 1.48182 1.99424 8
      vertex 1.68044 2.25038 7.2
    endloop
  endfacet
endsolid OpenSCAD_Model
