solid OpenSCAD_Model
  facet normal 0.284062 -0.958806 0
    outer loop
      vertex 3.26569 -4.49166 3.15
      vertex 3.37792 -4.45841 3.5
      vertex 3.26569 -4.49166 3.5
    endloop
  endfacet
  facet normal 0.284062 -0.958806 0
    outer loop
      vertex 3.37792 -4.45841 3.5
      vertex 3.26569 -4.49166 3.15
      vertex 3.37792 -4.45841 3.15
    endloop
  endfacet
  facet normal -0.104476 -0.994527 0
    outer loop
      vertex 3.14927 -4.47943 3.15
      vertex 3.26569 -4.49166 3.5
      vertex 3.14927 -4.47943 3.5
    endloop
  endfacet
  facet normal -0.104476 -0.994527 -0
    outer loop
      vertex 3.26569 -4.49166 3.5
      vertex 3.14927 -4.47943 3.15
      vertex 3.26569 -4.49166 3.15
    endloop
  endfacet
  facet normal -0.958806 -0.284062 0
    outer loop
      vertex 2.97273 -4.33262 3.15
      vertex 2.93948 -4.22039 3.5
      vertex 2.93948 -4.22039 3.15
    endloop
  endfacet
  facet normal -0.958806 -0.284062 0
    outer loop
      vertex 2.93948 -4.22039 3.5
      vertex 2.97273 -4.33262 3.15
      vertex 2.97273 -4.33262 3.5
    endloop
  endfacet
  facet normal -0.477133 -0.878831 0
    outer loop
      vertex 3.0464 -4.42358 3.15
      vertex 3.14927 -4.47943 3.5
      vertex 3.0464 -4.42358 3.5
    endloop
  endfacet
  facet normal -0.477133 -0.878831 -0
    outer loop
      vertex 3.14927 -4.47943 3.5
      vertex 3.0464 -4.42358 3.15
      vertex 3.14927 -4.47943 3.15
    endloop
  endfacet
  facet normal -0.87885 0.477098 0
    outer loop
      vertex 2.9517 -4.10398 3.15
      vertex 3.00755 -4.0011 3.5
      vertex 3.00755 -4.0011 3.15
    endloop
  endfacet
  facet normal -0.87885 0.477098 0
    outer loop
      vertex 3.00755 -4.0011 3.5
      vertex 2.9517 -4.10398 3.15
      vertex 2.9517 -4.10398 3.5
    endloop
  endfacet
  facet normal 0 0 -1
    outer loop
      vertex 3.52473 -4.28186 3.15
      vertex 3.5037 -4.05322 3.15
      vertex 3.53696 -4.16545 3.15
    endloop
  endfacet
  facet normal 0 0 -1
    outer loop
      vertex 3.46888 -4.38474 3.15
      vertex 3.5037 -4.05322 3.15
      vertex 3.52473 -4.28186 3.15
    endloop
  endfacet
  facet normal 0 0 -1
    outer loop
      vertex 3.46888 -4.38474 3.15
      vertex 3.43003 -3.96225 3.15
      vertex 3.5037 -4.05322 3.15
    endloop
  endfacet
  facet normal 0 0 -1
    outer loop
      vertex 3.37792 -4.45841 3.15
      vertex 3.43003 -3.96225 3.15
      vertex 3.46888 -4.38474 3.15
    endloop
  endfacet
  facet normal 0 0 -1
    outer loop
      vertex 3.37792 -4.45841 3.15
      vertex 3.32716 -3.90641 3.15
      vertex 3.43003 -3.96225 3.15
    endloop
  endfacet
  facet normal 0 0 -1
    outer loop
      vertex 3.26569 -4.49166 3.15
      vertex 3.32716 -3.90641 3.15
      vertex 3.37792 -4.45841 3.15
    endloop
  endfacet
  facet normal 0 0 -1
    outer loop
      vertex 3.26569 -4.49166 3.15
      vertex 3.21075 -3.89418 3.15
      vertex 3.32716 -3.90641 3.15
    endloop
  endfacet
  facet normal 0 0 -1
    outer loop
      vertex 3.14927 -4.47943 3.15
      vertex 3.21075 -3.89418 3.15
      vertex 3.26569 -4.49166 3.15
    endloop
  endfacet
  facet normal 0 0 -1
    outer loop
      vertex 3.14927 -4.47943 3.15
      vertex 3.09851 -3.92743 3.15
      vertex 3.21075 -3.89418 3.15
    endloop
  endfacet
  facet normal 0 0 -1
    outer loop
      vertex 3.0464 -4.42358 3.15
      vertex 3.09851 -3.92743 3.15
      vertex 3.14927 -4.47943 3.15
    endloop
  endfacet
  facet normal 0 0 -1
    outer loop
      vertex 3.0464 -4.42358 3.15
      vertex 3.00755 -4.0011 3.15
      vertex 3.09851 -3.92743 3.15
    endloop
  endfacet
  facet normal 0 0 -1
    outer loop
      vertex 2.97273 -4.33262 3.15
      vertex 3.00755 -4.0011 3.15
      vertex 3.0464 -4.42358 3.15
    endloop
  endfacet
  facet normal 0 0 -1
    outer loop
      vertex 2.97273 -4.33262 3.15
      vertex 2.9517 -4.10398 3.15
      vertex 3.00755 -4.0011 3.15
    endloop
  endfacet
  facet normal 0 -0 -1
    outer loop
      vertex 2.9517 -4.10398 3.15
      vertex 2.97273 -4.33262 3.15
      vertex 2.93948 -4.22039 3.15
    endloop
  endfacet
  facet normal -0.994535 0.1044 0
    outer loop
      vertex 2.93948 -4.22039 3.15
      vertex 2.9517 -4.10398 3.5
      vertex 2.9517 -4.10398 3.15
    endloop
  endfacet
  facet normal -0.994535 0.1044 0
    outer loop
      vertex 2.9517 -4.10398 3.5
      vertex 2.93948 -4.22039 3.15
      vertex 2.93948 -4.22039 3.5
    endloop
  endfacet
  facet normal 0.994526 -0.104485 0
    outer loop
      vertex 3.52473 -4.28186 3.5
      vertex 3.53696 -4.16545 3.15
      vertex 3.53696 -4.16545 3.5
    endloop
  endfacet
  facet normal 0.994526 -0.104485 0
    outer loop
      vertex 3.53696 -4.16545 3.15
      vertex 3.52473 -4.28186 3.5
      vertex 3.52473 -4.28186 3.15
    endloop
  endfacet
  facet normal 0.629383 -0.777096 0
    outer loop
      vertex 3.37792 -4.45841 3.15
      vertex 3.46888 -4.38474 3.5
      vertex 3.37792 -4.45841 3.5
    endloop
  endfacet
  facet normal 0.629383 -0.777096 0
    outer loop
      vertex 3.46888 -4.38474 3.5
      vertex 3.37792 -4.45841 3.15
      vertex 3.46888 -4.38474 3.15
    endloop
  endfacet
  facet normal 0.104485 0.994526 -0
    outer loop
      vertex 3.32716 -3.90641 3.15
      vertex 3.21075 -3.89418 3.5
      vertex 3.32716 -3.90641 3.5
    endloop
  endfacet
  facet normal 0.104485 0.994526 0
    outer loop
      vertex 3.21075 -3.89418 3.5
      vertex 3.32716 -3.90641 3.15
      vertex 3.21075 -3.89418 3.15
    endloop
  endfacet
  facet normal -0.777096 -0.629383 0
    outer loop
      vertex 3.0464 -4.42358 3.15
      vertex 2.97273 -4.33262 3.5
      vertex 2.97273 -4.33262 3.15
    endloop
  endfacet
  facet normal -0.777096 -0.629383 0
    outer loop
      vertex 2.97273 -4.33262 3.5
      vertex 3.0464 -4.42358 3.15
      vertex 3.0464 -4.42358 3.5
    endloop
  endfacet
  facet normal -0.629383 0.777096 0
    outer loop
      vertex 3.09851 -3.92743 3.15
      vertex 3.00755 -4.0011 3.5
      vertex 3.09851 -3.92743 3.5
    endloop
  endfacet
  facet normal -0.629383 0.777096 0
    outer loop
      vertex 3.00755 -4.0011 3.5
      vertex 3.09851 -3.92743 3.15
      vertex 3.00755 -4.0011 3.15
    endloop
  endfacet
  facet normal -0.284039 0.958813 0
    outer loop
      vertex 3.21075 -3.89418 3.15
      vertex 3.09851 -3.92743 3.5
      vertex 3.21075 -3.89418 3.5
    endloop
  endfacet
  facet normal -0.284039 0.958813 0
    outer loop
      vertex 3.09851 -3.92743 3.5
      vertex 3.21075 -3.89418 3.15
      vertex 3.09851 -3.92743 3.15
    endloop
  endfacet
  facet normal 0.87885 -0.477098 0
    outer loop
      vertex 3.46888 -4.38474 3.5
      vertex 3.52473 -4.28186 3.15
      vertex 3.52473 -4.28186 3.5
    endloop
  endfacet
  facet normal 0.87885 -0.477098 0
    outer loop
      vertex 3.52473 -4.28186 3.15
      vertex 3.46888 -4.38474 3.5
      vertex 3.46888 -4.38474 3.15
    endloop
  endfacet
  facet normal 0.777129 0.629341 0
    outer loop
      vertex 3.5037 -4.05322 3.5
      vertex 3.43003 -3.96225 3.15
      vertex 3.43003 -3.96225 3.5
    endloop
  endfacet
  facet normal 0.777129 0.629341 0
    outer loop
      vertex 3.43003 -3.96225 3.15
      vertex 3.5037 -4.05322 3.5
      vertex 3.5037 -4.05322 3.15
    endloop
  endfacet
  facet normal 0.958783 0.284141 0
    outer loop
      vertex 3.53696 -4.16545 3.5
      vertex 3.5037 -4.05322 3.15
      vertex 3.5037 -4.05322 3.5
    endloop
  endfacet
  facet normal 0.958783 0.284141 0
    outer loop
      vertex 3.5037 -4.05322 3.15
      vertex 3.53696 -4.16545 3.5
      vertex 3.53696 -4.16545 3.15
    endloop
  endfacet
  facet normal 0.477067 0.878867 -0
    outer loop
      vertex 3.43003 -3.96225 3.15
      vertex 3.32716 -3.90641 3.5
      vertex 3.43003 -3.96225 3.5
    endloop
  endfacet
  facet normal 0.477067 0.878867 0
    outer loop
      vertex 3.32716 -3.90641 3.5
      vertex 3.43003 -3.96225 3.15
      vertex 3.32716 -3.90641 3.15
    endloop
  endfacet
  facet normal 0.284039 -0.958813 0
    outer loop
      vertex 3.73136 -5.37661 3.15
      vertex 3.8436 -5.34336 3.5
      vertex 3.73136 -5.37661 3.5
    endloop
  endfacet
  facet normal 0.284039 -0.958813 0
    outer loop
      vertex 3.8436 -5.34336 3.5
      vertex 3.73136 -5.37661 3.15
      vertex 3.8436 -5.34336 3.15
    endloop
  endfacet
  facet normal -0.284141 0.958783 0
    outer loop
      vertex 3.67642 -4.77913 3.15
      vertex 3.56419 -4.81239 3.5
      vertex 3.67642 -4.77913 3.5
    endloop
  endfacet
  facet normal -0.284141 0.958783 0
    outer loop
      vertex 3.56419 -4.81239 3.5
      vertex 3.67642 -4.77913 3.15
      vertex 3.56419 -4.81239 3.15
    endloop
  endfacet
  facet normal 0.958806 0.284062 0
    outer loop
      vertex 4.00263 -5.0504 3.5
      vertex 3.96938 -4.93817 3.15
      vertex 3.96938 -4.93817 3.5
    endloop
  endfacet
  facet normal 0.958806 0.284062 0
    outer loop
      vertex 3.96938 -4.93817 3.15
      vertex 4.00263 -5.0504 3.5
      vertex 4.00263 -5.0504 3.15
    endloop
  endfacet
  facet normal -0.477133 -0.878831 0
    outer loop
      vertex 3.51208 -5.30854 3.15
      vertex 3.61495 -5.36439 3.5
      vertex 3.51208 -5.30854 3.5
    endloop
  endfacet
  facet normal -0.477133 -0.878831 -0
    outer loop
      vertex 3.61495 -5.36439 3.5
      vertex 3.51208 -5.30854 3.15
      vertex 3.61495 -5.36439 3.15
    endloop
  endfacet
  facet normal -0.958783 -0.284141 0
    outer loop
      vertex 3.43841 -5.21758 3.15
      vertex 3.40515 -5.10535 3.5
      vertex 3.40515 -5.10535 3.15
    endloop
  endfacet
  facet normal -0.958783 -0.284141 0
    outer loop
      vertex 3.40515 -5.10535 3.5
      vertex 3.43841 -5.21758 3.15
      vertex 3.43841 -5.21758 3.5
    endloop
  endfacet
  facet normal -0.777096 -0.629383 0
    outer loop
      vertex 3.51208 -5.30854 3.15
      vertex 3.43841 -5.21758 3.5
      vertex 3.43841 -5.21758 3.15
    endloop
  endfacet
  facet normal -0.777096 -0.629383 0
    outer loop
      vertex 3.43841 -5.21758 3.5
      vertex 3.51208 -5.30854 3.15
      vertex 3.51208 -5.30854 3.5
    endloop
  endfacet
  facet normal -0.878831 0.477133 0
    outer loop
      vertex 3.41738 -4.98893 3.15
      vertex 3.47323 -4.88606 3.5
      vertex 3.47323 -4.88606 3.15
    endloop
  endfacet
  facet normal -0.878831 0.477133 0
    outer loop
      vertex 3.47323 -4.88606 3.5
      vertex 3.41738 -4.98893 3.15
      vertex 3.41738 -4.98893 3.5
    endloop
  endfacet
  facet normal 0.629383 -0.777096 0
    outer loop
      vertex 3.8436 -5.34336 3.15
      vertex 3.93456 -5.26969 3.5
      vertex 3.8436 -5.34336 3.5
    endloop
  endfacet
  facet normal 0.629383 -0.777096 0
    outer loop
      vertex 3.93456 -5.26969 3.5
      vertex 3.8436 -5.34336 3.15
      vertex 3.93456 -5.26969 3.15
    endloop
  endfacet
  facet normal 0.878831 -0.477133 0
    outer loop
      vertex 3.93456 -5.26969 3.5
      vertex 3.99041 -5.16682 3.15
      vertex 3.99041 -5.16682 3.5
    endloop
  endfacet
  facet normal 0.878831 -0.477133 0
    outer loop
      vertex 3.99041 -5.16682 3.15
      vertex 3.93456 -5.26969 3.5
      vertex 3.93456 -5.26969 3.15
    endloop
  endfacet
  facet normal -0.1044 -0.994535 0
    outer loop
      vertex 3.61495 -5.36439 3.15
      vertex 3.73136 -5.37661 3.5
      vertex 3.61495 -5.36439 3.5
    endloop
  endfacet
  facet normal -0.1044 -0.994535 -0
    outer loop
      vertex 3.73136 -5.37661 3.5
      vertex 3.61495 -5.36439 3.15
      vertex 3.73136 -5.37661 3.15
    endloop
  endfacet
  facet normal 0 0 -1
    outer loop
      vertex 3.99041 -5.16682 3.15
      vertex 3.96938 -4.93817 3.15
      vertex 4.00263 -5.0504 3.15
    endloop
  endfacet
  facet normal 0 0 -1
    outer loop
      vertex 3.93456 -5.26969 3.15
      vertex 3.96938 -4.93817 3.15
      vertex 3.99041 -5.16682 3.15
    endloop
  endfacet
  facet normal 0 0 -1
    outer loop
      vertex 3.93456 -5.26969 3.15
      vertex 3.89571 -4.84721 3.15
      vertex 3.96938 -4.93817 3.15
    endloop
  endfacet
  facet normal 0 0 -1
    outer loop
      vertex 3.8436 -5.34336 3.15
      vertex 3.89571 -4.84721 3.15
      vertex 3.93456 -5.26969 3.15
    endloop
  endfacet
  facet normal 0 0 -1
    outer loop
      vertex 3.8436 -5.34336 3.15
      vertex 3.79284 -4.79136 3.15
      vertex 3.89571 -4.84721 3.15
    endloop
  endfacet
  facet normal 0 0 -1
    outer loop
      vertex 3.73136 -5.37661 3.15
      vertex 3.79284 -4.79136 3.15
      vertex 3.8436 -5.34336 3.15
    endloop
  endfacet
  facet normal 0 0 -1
    outer loop
      vertex 3.73136 -5.37661 3.15
      vertex 3.67642 -4.77913 3.15
      vertex 3.79284 -4.79136 3.15
    endloop
  endfacet
  facet normal 0 0 -1
    outer loop
      vertex 3.61495 -5.36439 3.15
      vertex 3.67642 -4.77913 3.15
      vertex 3.73136 -5.37661 3.15
    endloop
  endfacet
  facet normal 0 0 -1
    outer loop
      vertex 3.61495 -5.36439 3.15
      vertex 3.56419 -4.81239 3.15
      vertex 3.67642 -4.77913 3.15
    endloop
  endfacet
  facet normal 0 0 -1
    outer loop
      vertex 3.51208 -5.30854 3.15
      vertex 3.56419 -4.81239 3.15
      vertex 3.61495 -5.36439 3.15
    endloop
  endfacet
  facet normal 0 0 -1
    outer loop
      vertex 3.51208 -5.30854 3.15
      vertex 3.47323 -4.88606 3.15
      vertex 3.56419 -4.81239 3.15
    endloop
  endfacet
  facet normal 0 0 -1
    outer loop
      vertex 3.43841 -5.21758 3.15
      vertex 3.47323 -4.88606 3.15
      vertex 3.51208 -5.30854 3.15
    endloop
  endfacet
  facet normal 0 0 -1
    outer loop
      vertex 3.43841 -5.21758 3.15
      vertex 3.41738 -4.98893 3.15
      vertex 3.47323 -4.88606 3.15
    endloop
  endfacet
  facet normal 0 -0 -1
    outer loop
      vertex 3.41738 -4.98893 3.15
      vertex 3.43841 -5.21758 3.15
      vertex 3.40515 -5.10535 3.15
    endloop
  endfacet
  facet normal -0.629383 0.777096 0
    outer loop
      vertex 3.56419 -4.81239 3.15
      vertex 3.47323 -4.88606 3.5
      vertex 3.56419 -4.81239 3.5
    endloop
  endfacet
  facet normal -0.629383 0.777096 0
    outer loop
      vertex 3.47323 -4.88606 3.5
      vertex 3.56419 -4.81239 3.15
      vertex 3.47323 -4.88606 3.15
    endloop
  endfacet
  facet normal -0.994527 0.104476 0
    outer loop
      vertex 3.40515 -5.10535 3.15
      vertex 3.41738 -4.98893 3.5
      vertex 3.41738 -4.98893 3.15
    endloop
  endfacet
  facet normal -0.994527 0.104476 0
    outer loop
      vertex 3.41738 -4.98893 3.5
      vertex 3.40515 -5.10535 3.15
      vertex 3.40515 -5.10535 3.5
    endloop
  endfacet
  facet normal 0.994536 -0.104391 0
    outer loop
      vertex 3.99041 -5.16682 3.5
      vertex 4.00263 -5.0504 3.15
      vertex 4.00263 -5.0504 3.5
    endloop
  endfacet
  facet normal 0.994536 -0.104391 0
    outer loop
      vertex 4.00263 -5.0504 3.15
      vertex 3.99041 -5.16682 3.5
      vertex 3.99041 -5.16682 3.15
    endloop
  endfacet
  facet normal 0.777096 0.629383 0
    outer loop
      vertex 3.96938 -4.93817 3.5
      vertex 3.89571 -4.84721 3.15
      vertex 3.89571 -4.84721 3.5
    endloop
  endfacet
  facet normal 0.777096 0.629383 0
    outer loop
      vertex 3.89571 -4.84721 3.15
      vertex 3.96938 -4.93817 3.5
      vertex 3.96938 -4.93817 3.15
    endloop
  endfacet
  facet normal 0.104476 0.994527 -0
    outer loop
      vertex 3.79284 -4.79136 3.15
      vertex 3.67642 -4.77913 3.5
      vertex 3.79284 -4.79136 3.5
    endloop
  endfacet
  facet normal 0.104476 0.994527 0
    outer loop
      vertex 3.67642 -4.77913 3.5
      vertex 3.79284 -4.79136 3.15
      vertex 3.67642 -4.77913 3.15
    endloop
  endfacet
  facet normal 0.477133 0.878831 -0
    outer loop
      vertex 3.89571 -4.84721 3.15
      vertex 3.79284 -4.79136 3.5
      vertex 3.89571 -4.84721 3.5
    endloop
  endfacet
  facet normal 0.477133 0.878831 0
    outer loop
      vertex 3.79284 -4.79136 3.5
      vertex 3.89571 -4.84721 3.15
      vertex 3.79284 -4.79136 3.15
    endloop
  endfacet
  facet normal 0.284062 -0.958806 0
    outer loop
      vertex 4.19704 -6.26157 3.15
      vertex 4.30927 -6.22832 3.5
      vertex 4.19704 -6.26157 3.5
    endloop
  endfacet
  facet normal 0.284062 -0.958806 0
    outer loop
      vertex 4.30927 -6.22832 3.5
      vertex 4.19704 -6.26157 3.15
      vertex 4.30927 -6.22832 3.15
    endloop
  endfacet
  facet normal -0.284062 0.958806 0
    outer loop
      vertex 4.1421 -5.66409 3.15
      vertex 4.02987 -5.69734 3.5
      vertex 4.1421 -5.66409 3.5
    endloop
  endfacet
  facet normal -0.284062 0.958806 0
    outer loop
      vertex 4.02987 -5.69734 3.5
      vertex 4.1421 -5.66409 3.15
      vertex 4.02987 -5.69734 3.15
    endloop
  endfacet
  facet normal 0.958806 0.284062 0
    outer loop
      vertex 4.46831 -5.93536 3.5
      vertex 4.43506 -5.82313 3.15
      vertex 4.43506 -5.82313 3.5
    endloop
  endfacet
  facet normal 0.958806 0.284062 0
    outer loop
      vertex 4.43506 -5.82313 3.15
      vertex 4.46831 -5.93536 3.5
      vertex 4.46831 -5.93536 3.15
    endloop
  endfacet
  facet normal -0.477032 -0.878886 0
    outer loop
      vertex 3.97775 -6.1935 3.15
      vertex 4.08063 -6.24934 3.5
      vertex 3.97775 -6.1935 3.5
    endloop
  endfacet
  facet normal -0.477032 -0.878886 -0
    outer loop
      vertex 4.08063 -6.24934 3.5
      vertex 3.97775 -6.1935 3.15
      vertex 4.08063 -6.24934 3.15
    endloop
  endfacet
  facet normal -0.958806 -0.284062 0
    outer loop
      vertex 3.90408 -6.10253 3.15
      vertex 3.87083 -5.9903 3.5
      vertex 3.87083 -5.9903 3.15
    endloop
  endfacet
  facet normal -0.958806 -0.284062 0
    outer loop
      vertex 3.87083 -5.9903 3.5
      vertex 3.90408 -6.10253 3.15
      vertex 3.90408 -6.10253 3.5
    endloop
  endfacet
  facet normal -0.777129 -0.629341 0
    outer loop
      vertex 3.97775 -6.1935 3.15
      vertex 3.90408 -6.10253 3.5
      vertex 3.90408 -6.10253 3.15
    endloop
  endfacet
  facet normal -0.777129 -0.629341 0
    outer loop
      vertex 3.90408 -6.10253 3.5
      vertex 3.97775 -6.1935 3.15
      vertex 3.97775 -6.1935 3.5
    endloop
  endfacet
  facet normal -0.878886 0.477032 0
    outer loop
      vertex 3.88306 -5.87389 3.15
      vertex 3.9389 -5.77101 3.5
      vertex 3.9389 -5.77101 3.15
    endloop
  endfacet
  facet normal -0.878886 0.477032 0
    outer loop
      vertex 3.9389 -5.77101 3.5
      vertex 3.88306 -5.87389 3.15
      vertex 3.88306 -5.87389 3.5
    endloop
  endfacet
  facet normal 0.629341 -0.777129 0
    outer loop
      vertex 4.30927 -6.22832 3.15
      vertex 4.40024 -6.15465 3.5
      vertex 4.30927 -6.22832 3.5
    endloop
  endfacet
  facet normal 0.629341 -0.777129 0
    outer loop
      vertex 4.40024 -6.15465 3.5
      vertex 4.30927 -6.22832 3.15
      vertex 4.40024 -6.15465 3.15
    endloop
  endfacet
  facet normal 0.878886 -0.477032 0
    outer loop
      vertex 4.40024 -6.15465 3.5
      vertex 4.45608 -6.05177 3.15
      vertex 4.45608 -6.05177 3.5
    endloop
  endfacet
  facet normal 0.878886 -0.477032 0
    outer loop
      vertex 4.45608 -6.05177 3.15
      vertex 4.40024 -6.15465 3.5
      vertex 4.40024 -6.15465 3.15
    endloop
  endfacet
  facet normal 0.777129 0.629341 0
    outer loop
      vertex 4.43506 -5.82313 3.5
      vertex 4.36139 -5.73216 3.15
      vertex 4.36139 -5.73216 3.5
    endloop
  endfacet
  facet normal 0.777129 0.629341 0
    outer loop
      vertex 4.36139 -5.73216 3.15
      vertex 4.43506 -5.82313 3.5
      vertex 4.43506 -5.82313 3.15
    endloop
  endfacet
  facet normal -0.104485 -0.994526 0
    outer loop
      vertex 4.08063 -6.24934 3.15
      vertex 4.19704 -6.26157 3.5
      vertex 4.08063 -6.24934 3.5
    endloop
  endfacet
  facet normal -0.104485 -0.994526 -0
    outer loop
      vertex 4.19704 -6.26157 3.5
      vertex 4.08063 -6.24934 3.15
      vertex 4.19704 -6.26157 3.15
    endloop
  endfacet
  facet normal 0 0 -1
    outer loop
      vertex 4.45608 -6.05177 3.15
      vertex 4.43506 -5.82313 3.15
      vertex 4.46831 -5.93536 3.15
    endloop
  endfacet
  facet normal 0 0 -1
    outer loop
      vertex 4.40024 -6.15465 3.15
      vertex 4.43506 -5.82313 3.15
      vertex 4.45608 -6.05177 3.15
    endloop
  endfacet
  facet normal 0 0 -1
    outer loop
      vertex 4.40024 -6.15465 3.15
      vertex 4.36139 -5.73216 3.15
      vertex 4.43506 -5.82313 3.15
    endloop
  endfacet
  facet normal 0 0 -1
    outer loop
      vertex 4.30927 -6.22832 3.15
      vertex 4.36139 -5.73216 3.15
      vertex 4.40024 -6.15465 3.15
    endloop
  endfacet
  facet normal 0 0 -1
    outer loop
      vertex 4.30927 -6.22832 3.15
      vertex 4.25851 -5.67632 3.15
      vertex 4.36139 -5.73216 3.15
    endloop
  endfacet
  facet normal 0 0 -1
    outer loop
      vertex 4.19704 -6.26157 3.15
      vertex 4.25851 -5.67632 3.15
      vertex 4.30927 -6.22832 3.15
    endloop
  endfacet
  facet normal 0 0 -1
    outer loop
      vertex 4.19704 -6.26157 3.15
      vertex 4.1421 -5.66409 3.15
      vertex 4.25851 -5.67632 3.15
    endloop
  endfacet
  facet normal 0 0 -1
    outer loop
      vertex 4.08063 -6.24934 3.15
      vertex 4.1421 -5.66409 3.15
      vertex 4.19704 -6.26157 3.15
    endloop
  endfacet
  facet normal 0 0 -1
    outer loop
      vertex 4.08063 -6.24934 3.15
      vertex 4.02987 -5.69734 3.15
      vertex 4.1421 -5.66409 3.15
    endloop
  endfacet
  facet normal 0 0 -1
    outer loop
      vertex 3.97775 -6.1935 3.15
      vertex 4.02987 -5.69734 3.15
      vertex 4.08063 -6.24934 3.15
    endloop
  endfacet
  facet normal 0 0 -1
    outer loop
      vertex 3.97775 -6.1935 3.15
      vertex 3.9389 -5.77101 3.15
      vertex 4.02987 -5.69734 3.15
    endloop
  endfacet
  facet normal 0 0 -1
    outer loop
      vertex 3.90408 -6.10253 3.15
      vertex 3.9389 -5.77101 3.15
      vertex 3.97775 -6.1935 3.15
    endloop
  endfacet
  facet normal 0 0 -1
    outer loop
      vertex 3.90408 -6.10253 3.15
      vertex 3.88306 -5.87389 3.15
      vertex 3.9389 -5.77101 3.15
    endloop
  endfacet
  facet normal 0 -0 -1
    outer loop
      vertex 3.88306 -5.87389 3.15
      vertex 3.90408 -6.10253 3.15
      vertex 3.87083 -5.9903 3.15
    endloop
  endfacet
  facet normal -0.629341 0.777129 0
    outer loop
      vertex 4.02987 -5.69734 3.15
      vertex 3.9389 -5.77101 3.5
      vertex 4.02987 -5.69734 3.5
    endloop
  endfacet
  facet normal -0.629341 0.777129 0
    outer loop
      vertex 3.9389 -5.77101 3.5
      vertex 4.02987 -5.69734 3.15
      vertex 3.9389 -5.77101 3.15
    endloop
  endfacet
  facet normal -0.994526 0.104485 0
    outer loop
      vertex 3.87083 -5.9903 3.15
      vertex 3.88306 -5.87389 3.5
      vertex 3.88306 -5.87389 3.15
    endloop
  endfacet
  facet normal -0.994526 0.104485 0
    outer loop
      vertex 3.88306 -5.87389 3.5
      vertex 3.87083 -5.9903 3.15
      vertex 3.87083 -5.9903 3.5
    endloop
  endfacet
  facet normal 0.994526 -0.104485 0
    outer loop
      vertex 4.45608 -6.05177 3.5
      vertex 4.46831 -5.93536 3.15
      vertex 4.46831 -5.93536 3.5
    endloop
  endfacet
  facet normal 0.994526 -0.104485 0
    outer loop
      vertex 4.46831 -5.93536 3.15
      vertex 4.45608 -6.05177 3.5
      vertex 4.45608 -6.05177 3.15
    endloop
  endfacet
  facet normal 0.104485 0.994526 -0
    outer loop
      vertex 4.25851 -5.67632 3.15
      vertex 4.1421 -5.66409 3.5
      vertex 4.25851 -5.67632 3.5
    endloop
  endfacet
  facet normal 0.104485 0.994526 0
    outer loop
      vertex 4.1421 -5.66409 3.5
      vertex 4.25851 -5.67632 3.15
      vertex 4.1421 -5.66409 3.15
    endloop
  endfacet
  facet normal 0.477032 0.878886 -0
    outer loop
      vertex 4.36139 -5.73216 3.15
      vertex 4.25851 -5.67632 3.5
      vertex 4.36139 -5.73216 3.5
    endloop
  endfacet
  facet normal 0.477032 0.878886 0
    outer loop
      vertex 4.25851 -5.67632 3.5
      vertex 4.36139 -5.73216 3.15
      vertex 4.25851 -5.67632 3.15
    endloop
  endfacet
  facet normal 0.284062 -0.958806 0
    outer loop
      vertex 4.66272 -7.14652 3.15
      vertex 4.77495 -7.11327 3.5
      vertex 4.66272 -7.14652 3.5
    endloop
  endfacet
  facet normal 0.284062 -0.958806 0
    outer loop
      vertex 4.77495 -7.11327 3.5
      vertex 4.66272 -7.14652 3.15
      vertex 4.77495 -7.11327 3.15
    endloop
  endfacet
  facet normal -0.284062 0.958806 0
    outer loop
      vertex 4.60777 -6.54905 3.15
      vertex 4.49554 -6.5823 3.5
      vertex 4.60777 -6.54905 3.5
    endloop
  endfacet
  facet normal -0.284062 0.958806 0
    outer loop
      vertex 4.49554 -6.5823 3.5
      vertex 4.60777 -6.54905 3.15
      vertex 4.49554 -6.5823 3.15
    endloop
  endfacet
  facet normal 0.958806 0.284062 0
    outer loop
      vertex 4.93398 -6.82031 3.5
      vertex 4.90073 -6.70808 3.15
      vertex 4.90073 -6.70808 3.5
    endloop
  endfacet
  facet normal 0.958806 0.284062 0
    outer loop
      vertex 4.90073 -6.70808 3.15
      vertex 4.93398 -6.82031 3.5
      vertex 4.93398 -6.82031 3.15
    endloop
  endfacet
  facet normal -0.477133 -0.878831 0
    outer loop
      vertex 4.44343 -7.07845 3.15
      vertex 4.5463 -7.1343 3.5
      vertex 4.44343 -7.07845 3.5
    endloop
  endfacet
  facet normal -0.477133 -0.878831 -0
    outer loop
      vertex 4.5463 -7.1343 3.5
      vertex 4.44343 -7.07845 3.15
      vertex 4.5463 -7.1343 3.15
    endloop
  endfacet
  facet normal -0.958806 -0.284062 0
    outer loop
      vertex 4.36976 -6.98749 3.15
      vertex 4.33651 -6.87526 3.5
      vertex 4.33651 -6.87526 3.15
    endloop
  endfacet
  facet normal -0.958806 -0.284062 0
    outer loop
      vertex 4.33651 -6.87526 3.5
      vertex 4.36976 -6.98749 3.15
      vertex 4.36976 -6.98749 3.5
    endloop
  endfacet
  facet normal -0.777096 -0.629383 0
    outer loop
      vertex 4.44343 -7.07845 3.15
      vertex 4.36976 -6.98749 3.5
      vertex 4.36976 -6.98749 3.15
    endloop
  endfacet
  facet normal -0.777096 -0.629383 0
    outer loop
      vertex 4.36976 -6.98749 3.5
      vertex 4.44343 -7.07845 3.15
      vertex 4.44343 -7.07845 3.5
    endloop
  endfacet
  facet normal -0.878831 0.477133 0
    outer loop
      vertex 4.34873 -6.75884 3.15
      vertex 4.40458 -6.65597 3.5
      vertex 4.40458 -6.65597 3.15
    endloop
  endfacet
  facet normal -0.878831 0.477133 0
    outer loop
      vertex 4.40458 -6.65597 3.5
      vertex 4.34873 -6.75884 3.15
      vertex 4.34873 -6.75884 3.5
    endloop
  endfacet
  facet normal 0.629383 -0.777096 0
    outer loop
      vertex 4.77495 -7.11327 3.15
      vertex 4.86591 -7.0396 3.5
      vertex 4.77495 -7.11327 3.5
    endloop
  endfacet
  facet normal 0.629383 -0.777096 0
    outer loop
      vertex 4.86591 -7.0396 3.5
      vertex 4.77495 -7.11327 3.15
      vertex 4.86591 -7.0396 3.15
    endloop
  endfacet
  facet normal 0.878831 -0.477133 0
    outer loop
      vertex 4.86591 -7.0396 3.5
      vertex 4.92176 -6.93673 3.15
      vertex 4.92176 -6.93673 3.5
    endloop
  endfacet
  facet normal 0.878831 -0.477133 0
    outer loop
      vertex 4.92176 -6.93673 3.15
      vertex 4.86591 -7.0396 3.5
      vertex 4.86591 -7.0396 3.15
    endloop
  endfacet
  facet normal -0.104391 -0.994536 0
    outer loop
      vertex 4.5463 -7.1343 3.15
      vertex 4.66272 -7.14652 3.5
      vertex 4.5463 -7.1343 3.5
    endloop
  endfacet
  facet normal -0.104391 -0.994536 -0
    outer loop
      vertex 4.66272 -7.14652 3.5
      vertex 4.5463 -7.1343 3.15
      vertex 4.66272 -7.14652 3.15
    endloop
  endfacet
  facet normal 0 0 -1
    outer loop
      vertex 4.92176 -6.93673 3.15
      vertex 4.90073 -6.70808 3.15
      vertex 4.93398 -6.82031 3.15
    endloop
  endfacet
  facet normal 0 0 -1
    outer loop
      vertex 4.86591 -7.0396 3.15
      vertex 4.90073 -6.70808 3.15
      vertex 4.92176 -6.93673 3.15
    endloop
  endfacet
  facet normal 0 0 -1
    outer loop
      vertex 4.86591 -7.0396 3.15
      vertex 4.82706 -6.61712 3.15
      vertex 4.90073 -6.70808 3.15
    endloop
  endfacet
  facet normal 0 0 -1
    outer loop
      vertex 4.77495 -7.11327 3.15
      vertex 4.82706 -6.61712 3.15
      vertex 4.86591 -7.0396 3.15
    endloop
  endfacet
  facet normal 0 0 -1
    outer loop
      vertex 4.77495 -7.11327 3.15
      vertex 4.72419 -6.56127 3.15
      vertex 4.82706 -6.61712 3.15
    endloop
  endfacet
  facet normal 0 0 -1
    outer loop
      vertex 4.66272 -7.14652 3.15
      vertex 4.72419 -6.56127 3.15
      vertex 4.77495 -7.11327 3.15
    endloop
  endfacet
  facet normal 0 0 -1
    outer loop
      vertex 4.66272 -7.14652 3.15
      vertex 4.60777 -6.54905 3.15
      vertex 4.72419 -6.56127 3.15
    endloop
  endfacet
  facet normal 0 0 -1
    outer loop
      vertex 4.5463 -7.1343 3.15
      vertex 4.60777 -6.54905 3.15
      vertex 4.66272 -7.14652 3.15
    endloop
  endfacet
  facet normal 0 0 -1
    outer loop
      vertex 4.5463 -7.1343 3.15
      vertex 4.49554 -6.5823 3.15
      vertex 4.60777 -6.54905 3.15
    endloop
  endfacet
  facet normal 0 0 -1
    outer loop
      vertex 4.44343 -7.07845 3.15
      vertex 4.49554 -6.5823 3.15
      vertex 4.5463 -7.1343 3.15
    endloop
  endfacet
  facet normal 0 0 -1
    outer loop
      vertex 4.44343 -7.07845 3.15
      vertex 4.40458 -6.65597 3.15
      vertex 4.49554 -6.5823 3.15
    endloop
  endfacet
  facet normal 0 0 -1
    outer loop
      vertex 4.36976 -6.98749 3.15
      vertex 4.40458 -6.65597 3.15
      vertex 4.44343 -7.07845 3.15
    endloop
  endfacet
  facet normal 0 0 -1
    outer loop
      vertex 4.36976 -6.98749 3.15
      vertex 4.34873 -6.75884 3.15
      vertex 4.40458 -6.65597 3.15
    endloop
  endfacet
  facet normal 0 -0 -1
    outer loop
      vertex 4.34873 -6.75884 3.15
      vertex 4.36976 -6.98749 3.15
      vertex 4.33651 -6.87526 3.15
    endloop
  endfacet
  facet normal -0.629383 0.777096 0
    outer loop
      vertex 4.49554 -6.5823 3.15
      vertex 4.40458 -6.65597 3.5
      vertex 4.49554 -6.5823 3.5
    endloop
  endfacet
  facet normal -0.629383 0.777096 0
    outer loop
      vertex 4.40458 -6.65597 3.5
      vertex 4.49554 -6.5823 3.15
      vertex 4.40458 -6.65597 3.15
    endloop
  endfacet
  facet normal -0.994536 0.104391 0
    outer loop
      vertex 4.33651 -6.87526 3.15
      vertex 4.34873 -6.75884 3.5
      vertex 4.34873 -6.75884 3.15
    endloop
  endfacet
  facet normal -0.994536 0.104391 0
    outer loop
      vertex 4.34873 -6.75884 3.5
      vertex 4.33651 -6.87526 3.15
      vertex 4.33651 -6.87526 3.5
    endloop
  endfacet
  facet normal 0.994536 -0.104391 0
    outer loop
      vertex 4.92176 -6.93673 3.5
      vertex 4.93398 -6.82031 3.15
      vertex 4.93398 -6.82031 3.5
    endloop
  endfacet
  facet normal 0.994536 -0.104391 0
    outer loop
      vertex 4.93398 -6.82031 3.15
      vertex 4.92176 -6.93673 3.5
      vertex 4.92176 -6.93673 3.15
    endloop
  endfacet
  facet normal 0.777096 0.629383 0
    outer loop
      vertex 4.90073 -6.70808 3.5
      vertex 4.82706 -6.61712 3.15
      vertex 4.82706 -6.61712 3.5
    endloop
  endfacet
  facet normal 0.777096 0.629383 0
    outer loop
      vertex 4.82706 -6.61712 3.15
      vertex 4.90073 -6.70808 3.5
      vertex 4.90073 -6.70808 3.15
    endloop
  endfacet
  facet normal 0.104391 0.994536 -0
    outer loop
      vertex 4.72419 -6.56127 3.15
      vertex 4.60777 -6.54905 3.5
      vertex 4.72419 -6.56127 3.5
    endloop
  endfacet
  facet normal 0.104391 0.994536 0
    outer loop
      vertex 4.60777 -6.54905 3.5
      vertex 4.72419 -6.56127 3.15
      vertex 4.60777 -6.54905 3.15
    endloop
  endfacet
  facet normal 0.477133 0.878831 -0
    outer loop
      vertex 4.82706 -6.61712 3.15
      vertex 4.72419 -6.56127 3.5
      vertex 4.82706 -6.61712 3.5
    endloop
  endfacet
  facet normal 0.477133 0.878831 0
    outer loop
      vertex 4.72419 -6.56127 3.5
      vertex 4.82706 -6.61712 3.15
      vertex 4.72419 -6.56127 3.15
    endloop
  endfacet
  facet normal 0.284062 -0.958806 0
    outer loop
      vertex 5.12839 -8.03148 3.15
      vertex 5.24062 -7.99823 3.5
      vertex 5.12839 -8.03148 3.5
    endloop
  endfacet
  facet normal 0.284062 -0.958806 0
    outer loop
      vertex 5.24062 -7.99823 3.5
      vertex 5.12839 -8.03148 3.15
      vertex 5.24062 -7.99823 3.15
    endloop
  endfacet
  facet normal -0.284062 0.958806 0
    outer loop
      vertex 5.07345 -7.434 3.15
      vertex 4.96122 -7.46725 3.5
      vertex 5.07345 -7.434 3.5
    endloop
  endfacet
  facet normal -0.284062 0.958806 0
    outer loop
      vertex 4.96122 -7.46725 3.5
      vertex 5.07345 -7.434 3.15
      vertex 4.96122 -7.46725 3.15
    endloop
  endfacet
  facet normal 0.958806 0.284062 0
    outer loop
      vertex 5.39966 -7.70527 3.5
      vertex 5.36641 -7.59304 3.15
      vertex 5.36641 -7.59304 3.5
    endloop
  endfacet
  facet normal 0.958806 0.284062 0
    outer loop
      vertex 5.36641 -7.59304 3.15
      vertex 5.39966 -7.70527 3.5
      vertex 5.39966 -7.70527 3.15
    endloop
  endfacet
  facet normal -0.477067 -0.878867 0
    outer loop
      vertex 4.90911 -7.96341 3.15
      vertex 5.01198 -8.01925 3.5
      vertex 4.90911 -7.96341 3.5
    endloop
  endfacet
  facet normal -0.477067 -0.878867 -0
    outer loop
      vertex 5.01198 -8.01925 3.5
      vertex 4.90911 -7.96341 3.15
      vertex 5.01198 -8.01925 3.15
    endloop
  endfacet
  facet normal -0.958806 -0.284062 0
    outer loop
      vertex 4.83543 -7.87244 3.15
      vertex 4.80218 -7.76021 3.5
      vertex 4.80218 -7.76021 3.15
    endloop
  endfacet
  facet normal -0.958806 -0.284062 0
    outer loop
      vertex 4.80218 -7.76021 3.5
      vertex 4.83543 -7.87244 3.15
      vertex 4.83543 -7.87244 3.5
    endloop
  endfacet
  facet normal -0.777088 -0.629392 0
    outer loop
      vertex 4.90911 -7.96341 3.15
      vertex 4.83543 -7.87244 3.5
      vertex 4.83543 -7.87244 3.15
    endloop
  endfacet
  facet normal -0.777088 -0.629392 0
    outer loop
      vertex 4.83543 -7.87244 3.5
      vertex 4.90911 -7.96341 3.15
      vertex 4.90911 -7.96341 3.5
    endloop
  endfacet
  facet normal -0.87885 0.477098 0
    outer loop
      vertex 4.81441 -7.6438 3.15
      vertex 4.87026 -7.54092 3.5
      vertex 4.87026 -7.54092 3.15
    endloop
  endfacet
  facet normal -0.87885 0.477098 0
    outer loop
      vertex 4.87026 -7.54092 3.5
      vertex 4.81441 -7.6438 3.15
      vertex 4.81441 -7.6438 3.5
    endloop
  endfacet
  facet normal 0.629341 -0.777129 0
    outer loop
      vertex 5.24062 -7.99823 3.15
      vertex 5.33159 -7.92456 3.5
      vertex 5.24062 -7.99823 3.5
    endloop
  endfacet
  facet normal 0.629341 -0.777129 0
    outer loop
      vertex 5.33159 -7.92456 3.5
      vertex 5.24062 -7.99823 3.15
      vertex 5.33159 -7.92456 3.15
    endloop
  endfacet
  facet normal 0.994526 -0.104485 0
    outer loop
      vertex 5.38743 -7.82168 3.5
      vertex 5.39966 -7.70527 3.15
      vertex 5.39966 -7.70527 3.5
    endloop
  endfacet
  facet normal 0.994526 -0.104485 0
    outer loop
      vertex 5.39966 -7.70527 3.15
      vertex 5.38743 -7.82168 3.5
      vertex 5.38743 -7.82168 3.15
    endloop
  endfacet
  facet normal 0.878886 -0.477032 0
    outer loop
      vertex 5.33159 -7.92456 3.5
      vertex 5.38743 -7.82168 3.15
      vertex 5.38743 -7.82168 3.5
    endloop
  endfacet
  facet normal 0.878886 -0.477032 0
    outer loop
      vertex 5.38743 -7.82168 3.15
      vertex 5.33159 -7.92456 3.5
      vertex 5.33159 -7.92456 3.15
    endloop
  endfacet
  facet normal 0.777129 0.629341 0
    outer loop
      vertex 5.36641 -7.59304 3.5
      vertex 5.29274 -7.50207 3.15
      vertex 5.29274 -7.50207 3.5
    endloop
  endfacet
  facet normal 0.777129 0.629341 0
    outer loop
      vertex 5.29274 -7.50207 3.15
      vertex 5.36641 -7.59304 3.5
      vertex 5.36641 -7.59304 3.15
    endloop
  endfacet
  facet normal -0.104485 -0.994526 0
    outer loop
      vertex 5.01198 -8.01925 3.15
      vertex 5.12839 -8.03148 3.5
      vertex 5.01198 -8.01925 3.5
    endloop
  endfacet
  facet normal -0.104485 -0.994526 -0
    outer loop
      vertex 5.12839 -8.03148 3.5
      vertex 5.01198 -8.01925 3.15
      vertex 5.12839 -8.03148 3.15
    endloop
  endfacet
  facet normal 0 0 -1
    outer loop
      vertex 5.38743 -7.82168 3.15
      vertex 5.36641 -7.59304 3.15
      vertex 5.39966 -7.70527 3.15
    endloop
  endfacet
  facet normal 0 0 -1
    outer loop
      vertex 5.33159 -7.92456 3.15
      vertex 5.36641 -7.59304 3.15
      vertex 5.38743 -7.82168 3.15
    endloop
  endfacet
  facet normal 0 0 -1
    outer loop
      vertex 5.33159 -7.92456 3.15
      vertex 5.29274 -7.50207 3.15
      vertex 5.36641 -7.59304 3.15
    endloop
  endfacet
  facet normal 0 0 -1
    outer loop
      vertex 5.24062 -7.99823 3.15
      vertex 5.29274 -7.50207 3.15
      vertex 5.33159 -7.92456 3.15
    endloop
  endfacet
  facet normal 0 0 -1
    outer loop
      vertex 5.24062 -7.99823 3.15
      vertex 5.18986 -7.44623 3.15
      vertex 5.29274 -7.50207 3.15
    endloop
  endfacet
  facet normal 0 0 -1
    outer loop
      vertex 5.12839 -8.03148 3.15
      vertex 5.18986 -7.44623 3.15
      vertex 5.24062 -7.99823 3.15
    endloop
  endfacet
  facet normal 0 0 -1
    outer loop
      vertex 5.12839 -8.03148 3.15
      vertex 5.07345 -7.434 3.15
      vertex 5.18986 -7.44623 3.15
    endloop
  endfacet
  facet normal 0 0 -1
    outer loop
      vertex 5.01198 -8.01925 3.15
      vertex 5.07345 -7.434 3.15
      vertex 5.12839 -8.03148 3.15
    endloop
  endfacet
  facet normal 0 0 -1
    outer loop
      vertex 5.01198 -8.01925 3.15
      vertex 4.96122 -7.46725 3.15
      vertex 5.07345 -7.434 3.15
    endloop
  endfacet
  facet normal 0 0 -1
    outer loop
      vertex 4.90911 -7.96341 3.15
      vertex 4.96122 -7.46725 3.15
      vertex 5.01198 -8.01925 3.15
    endloop
  endfacet
  facet normal 0 0 -1
    outer loop
      vertex 4.90911 -7.96341 3.15
      vertex 4.87026 -7.54092 3.15
      vertex 4.96122 -7.46725 3.15
    endloop
  endfacet
  facet normal 0 0 -1
    outer loop
      vertex 4.83543 -7.87244 3.15
      vertex 4.87026 -7.54092 3.15
      vertex 4.90911 -7.96341 3.15
    endloop
  endfacet
  facet normal 0 0 -1
    outer loop
      vertex 4.83543 -7.87244 3.15
      vertex 4.81441 -7.6438 3.15
      vertex 4.87026 -7.54092 3.15
    endloop
  endfacet
  facet normal 0 -0 -1
    outer loop
      vertex 4.81441 -7.6438 3.15
      vertex 4.83543 -7.87244 3.15
      vertex 4.80218 -7.76021 3.15
    endloop
  endfacet
  facet normal -0.629383 0.777096 0
    outer loop
      vertex 4.96122 -7.46725 3.15
      vertex 4.87026 -7.54092 3.5
      vertex 4.96122 -7.46725 3.5
    endloop
  endfacet
  facet normal -0.629383 0.777096 0
    outer loop
      vertex 4.87026 -7.54092 3.5
      vertex 4.96122 -7.46725 3.15
      vertex 4.87026 -7.54092 3.15
    endloop
  endfacet
  facet normal -0.994526 0.104485 0
    outer loop
      vertex 4.80218 -7.76021 3.15
      vertex 4.81441 -7.6438 3.5
      vertex 4.81441 -7.6438 3.15
    endloop
  endfacet
  facet normal -0.994526 0.104485 0
    outer loop
      vertex 4.81441 -7.6438 3.5
      vertex 4.80218 -7.76021 3.15
      vertex 4.80218 -7.76021 3.5
    endloop
  endfacet
  facet normal 0.104485 0.994526 -0
    outer loop
      vertex 5.18986 -7.44623 3.15
      vertex 5.07345 -7.434 3.5
      vertex 5.18986 -7.44623 3.5
    endloop
  endfacet
  facet normal 0.104485 0.994526 0
    outer loop
      vertex 5.07345 -7.434 3.5
      vertex 5.18986 -7.44623 3.15
      vertex 5.07345 -7.434 3.15
    endloop
  endfacet
  facet normal 0.477032 0.878886 -0
    outer loop
      vertex 5.29274 -7.50207 3.15
      vertex 5.18986 -7.44623 3.5
      vertex 5.29274 -7.50207 3.5
    endloop
  endfacet
  facet normal 0.477032 0.878886 0
    outer loop
      vertex 5.18986 -7.44623 3.5
      vertex 5.29274 -7.50207 3.15
      vertex 5.18986 -7.44623 3.15
    endloop
  endfacet
  facet normal 0.284141 -0.958783 0
    outer loop
      vertex 5.59407 -8.91644 3.15
      vertex 5.7063 -8.88318 3.5
      vertex 5.59407 -8.91644 3.5
    endloop
  endfacet
  facet normal 0.284141 -0.958783 0
    outer loop
      vertex 5.7063 -8.88318 3.5
      vertex 5.59407 -8.91644 3.15
      vertex 5.7063 -8.88318 3.15
    endloop
  endfacet
  facet normal -0.284039 0.958813 0
    outer loop
      vertex 5.53913 -8.31896 3.15
      vertex 5.42689 -8.35221 3.5
      vertex 5.53913 -8.31896 3.5
    endloop
  endfacet
  facet normal -0.284039 0.958813 0
    outer loop
      vertex 5.42689 -8.35221 3.5
      vertex 5.53913 -8.31896 3.15
      vertex 5.42689 -8.35221 3.15
    endloop
  endfacet
  facet normal 0.958783 0.284141 0
    outer loop
      vertex 5.86534 -8.59022 3.5
      vertex 5.83208 -8.47799 3.15
      vertex 5.83208 -8.47799 3.5
    endloop
  endfacet
  facet normal 0.958783 0.284141 0
    outer loop
      vertex 5.83208 -8.47799 3.15
      vertex 5.86534 -8.59022 3.5
      vertex 5.86534 -8.59022 3.15
    endloop
  endfacet
  facet normal -0.477133 -0.878831 0
    outer loop
      vertex 5.37478 -8.84836 3.15
      vertex 5.47765 -8.90421 3.5
      vertex 5.37478 -8.84836 3.5
    endloop
  endfacet
  facet normal -0.477133 -0.878831 -0
    outer loop
      vertex 5.47765 -8.90421 3.5
      vertex 5.37478 -8.84836 3.15
      vertex 5.47765 -8.90421 3.15
    endloop
  endfacet
  facet normal -0.958806 -0.284062 0
    outer loop
      vertex 5.30111 -8.7574 3.15
      vertex 5.26786 -8.64517 3.5
      vertex 5.26786 -8.64517 3.15
    endloop
  endfacet
  facet normal -0.958806 -0.284062 0
    outer loop
      vertex 5.26786 -8.64517 3.5
      vertex 5.30111 -8.7574 3.15
      vertex 5.30111 -8.7574 3.5
    endloop
  endfacet
  facet normal -0.777096 -0.629383 0
    outer loop
      vertex 5.37478 -8.84836 3.15
      vertex 5.30111 -8.7574 3.5
      vertex 5.30111 -8.7574 3.15
    endloop
  endfacet
  facet normal -0.777096 -0.629383 0
    outer loop
      vertex 5.30111 -8.7574 3.5
      vertex 5.37478 -8.84836 3.15
      vertex 5.37478 -8.84836 3.5
    endloop
  endfacet
  facet normal -0.878867 0.477067 0
    outer loop
      vertex 5.28009 -8.52875 3.15
      vertex 5.33593 -8.42588 3.5
      vertex 5.33593 -8.42588 3.15
    endloop
  endfacet
  facet normal -0.878867 0.477067 0
    outer loop
      vertex 5.33593 -8.42588 3.5
      vertex 5.28009 -8.52875 3.15
      vertex 5.28009 -8.52875 3.5
    endloop
  endfacet
  facet normal 0.629383 -0.777096 0
    outer loop
      vertex 5.7063 -8.88318 3.15
      vertex 5.79726 -8.80951 3.5
      vertex 5.7063 -8.88318 3.5
    endloop
  endfacet
  facet normal 0.629383 -0.777096 0
    outer loop
      vertex 5.79726 -8.80951 3.5
      vertex 5.7063 -8.88318 3.15
      vertex 5.79726 -8.80951 3.15
    endloop
  endfacet
  facet normal 0.994527 -0.104476 0
    outer loop
      vertex 5.85311 -8.70664 3.5
      vertex 5.86534 -8.59022 3.15
      vertex 5.86534 -8.59022 3.5
    endloop
  endfacet
  facet normal 0.994527 -0.104476 0
    outer loop
      vertex 5.86534 -8.59022 3.15
      vertex 5.85311 -8.70664 3.5
      vertex 5.85311 -8.70664 3.15
    endloop
  endfacet
  facet normal 0.878831 -0.477133 0
    outer loop
      vertex 5.79726 -8.80951 3.5
      vertex 5.85311 -8.70664 3.15
      vertex 5.85311 -8.70664 3.5
    endloop
  endfacet
  facet normal 0.878831 -0.477133 0
    outer loop
      vertex 5.85311 -8.70664 3.15
      vertex 5.79726 -8.80951 3.5
      vertex 5.79726 -8.80951 3.15
    endloop
  endfacet
  facet normal -0.104476 -0.994527 0
    outer loop
      vertex 5.47765 -8.90421 3.15
      vertex 5.59407 -8.91644 3.5
      vertex 5.47765 -8.90421 3.5
    endloop
  endfacet
  facet normal -0.104476 -0.994527 -0
    outer loop
      vertex 5.59407 -8.91644 3.5
      vertex 5.47765 -8.90421 3.15
      vertex 5.59407 -8.91644 3.15
    endloop
  endfacet
  facet normal 0 0 -1
    outer loop
      vertex 5.85311 -8.70664 3.15
      vertex 5.83208 -8.47799 3.15
      vertex 5.86534 -8.59022 3.15
    endloop
  endfacet
  facet normal 0 0 -1
    outer loop
      vertex 5.79726 -8.80951 3.15
      vertex 5.83208 -8.47799 3.15
      vertex 5.85311 -8.70664 3.15
    endloop
  endfacet
  facet normal 0 0 -1
    outer loop
      vertex 5.79726 -8.80951 3.15
      vertex 5.75841 -8.38703 3.15
      vertex 5.83208 -8.47799 3.15
    endloop
  endfacet
  facet normal 0 0 -1
    outer loop
      vertex 5.7063 -8.88318 3.15
      vertex 5.75841 -8.38703 3.15
      vertex 5.79726 -8.80951 3.15
    endloop
  endfacet
  facet normal 0 0 -1
    outer loop
      vertex 5.7063 -8.88318 3.15
      vertex 5.65554 -8.33118 3.15
      vertex 5.75841 -8.38703 3.15
    endloop
  endfacet
  facet normal 0 0 -1
    outer loop
      vertex 5.59407 -8.91644 3.15
      vertex 5.65554 -8.33118 3.15
      vertex 5.7063 -8.88318 3.15
    endloop
  endfacet
  facet normal 0 0 -1
    outer loop
      vertex 5.59407 -8.91644 3.15
      vertex 5.53913 -8.31896 3.15
      vertex 5.65554 -8.33118 3.15
    endloop
  endfacet
  facet normal 0 0 -1
    outer loop
      vertex 5.47765 -8.90421 3.15
      vertex 5.53913 -8.31896 3.15
      vertex 5.59407 -8.91644 3.15
    endloop
  endfacet
  facet normal 0 0 -1
    outer loop
      vertex 5.47765 -8.90421 3.15
      vertex 5.42689 -8.35221 3.15
      vertex 5.53913 -8.31896 3.15
    endloop
  endfacet
  facet normal 0 0 -1
    outer loop
      vertex 5.37478 -8.84836 3.15
      vertex 5.42689 -8.35221 3.15
      vertex 5.47765 -8.90421 3.15
    endloop
  endfacet
  facet normal 0 0 -1
    outer loop
      vertex 5.37478 -8.84836 3.15
      vertex 5.33593 -8.42588 3.15
      vertex 5.42689 -8.35221 3.15
    endloop
  endfacet
  facet normal 0 0 -1
    outer loop
      vertex 5.30111 -8.7574 3.15
      vertex 5.33593 -8.42588 3.15
      vertex 5.37478 -8.84836 3.15
    endloop
  endfacet
  facet normal 0 0 -1
    outer loop
      vertex 5.30111 -8.7574 3.15
      vertex 5.28009 -8.52875 3.15
      vertex 5.33593 -8.42588 3.15
    endloop
  endfacet
  facet normal 0 -0 -1
    outer loop
      vertex 5.28009 -8.52875 3.15
      vertex 5.30111 -8.7574 3.15
      vertex 5.26786 -8.64517 3.15
    endloop
  endfacet
  facet normal -0.629383 0.777096 0
    outer loop
      vertex 5.42689 -8.35221 3.15
      vertex 5.33593 -8.42588 3.5
      vertex 5.42689 -8.35221 3.5
    endloop
  endfacet
  facet normal -0.629383 0.777096 0
    outer loop
      vertex 5.33593 -8.42588 3.5
      vertex 5.42689 -8.35221 3.15
      vertex 5.33593 -8.42588 3.15
    endloop
  endfacet
  facet normal -0.994527 0.104476 0
    outer loop
      vertex 5.26786 -8.64517 3.15
      vertex 5.28009 -8.52875 3.5
      vertex 5.28009 -8.52875 3.15
    endloop
  endfacet
  facet normal -0.994527 0.104476 0
    outer loop
      vertex 5.28009 -8.52875 3.5
      vertex 5.26786 -8.64517 3.15
      vertex 5.26786 -8.64517 3.5
    endloop
  endfacet
  facet normal 0.777096 0.629383 0
    outer loop
      vertex 5.83208 -8.47799 3.5
      vertex 5.75841 -8.38703 3.15
      vertex 5.75841 -8.38703 3.5
    endloop
  endfacet
  facet normal 0.777096 0.629383 0
    outer loop
      vertex 5.75841 -8.38703 3.15
      vertex 5.83208 -8.47799 3.5
      vertex 5.83208 -8.47799 3.15
    endloop
  endfacet
  facet normal 0.1044 0.994535 -0
    outer loop
      vertex 5.65554 -8.33118 3.15
      vertex 5.53913 -8.31896 3.5
      vertex 5.65554 -8.33118 3.5
    endloop
  endfacet
  facet normal 0.1044 0.994535 0
    outer loop
      vertex 5.53913 -8.31896 3.5
      vertex 5.65554 -8.33118 3.15
      vertex 5.53913 -8.31896 3.15
    endloop
  endfacet
  facet normal 0.477133 0.878831 -0
    outer loop
      vertex 5.75841 -8.38703 3.15
      vertex 5.65554 -8.33118 3.5
      vertex 5.75841 -8.38703 3.5
    endloop
  endfacet
  facet normal 0.477133 0.878831 0
    outer loop
      vertex 5.65554 -8.33118 3.5
      vertex 5.75841 -8.38703 3.15
      vertex 5.65554 -8.33118 3.15
    endloop
  endfacet
  facet normal 0.886011 0.463664 0
    outer loop
      vertex 12.2292 -19.1318 2.51
      vertex 12.209 -19.0932 2.5
      vertex 12.209 -19.0932 2.51
    endloop
  endfacet
  facet normal 0.885058 0.465401 0.0086318
    outer loop
      vertex 12.209 -19.0932 2.5
      vertex 12.2292 -19.1318 2.51
      vertex 12.2324 -19.1377 2.5
    endloop
  endfacet
  facet normal 0.885516 0.464609 -0
    outer loop
      vertex 12.8609 -20.3322 2.5
      vertex 12.8407 -20.2937 2.51
      vertex 12.8609 -20.3322 2.51
    endloop
  endfacet
  facet normal 0.88463 0.466224 -0.00800949
    outer loop
      vertex 12.8407 -20.2937 2.51
      vertex 12.8609 -20.3322 2.5
      vertex 12.8375 -20.2878 2.5
    endloop
  endfacet
  facet normal 0.884955 0.465677 0
    outer loop
      vertex 3.16854 -1.91309 11.55
      vertex 3.05212 -1.69185 11.26
      vertex 3.05212 -1.69185 11.3
    endloop
  endfacet
  facet normal 0.884955 0.465677 0
    outer loop
      vertex 3.05212 -1.69185 11.26
      vertex 3.16854 -1.91309 11.55
      vertex 3.05212 -1.69185 11.25
    endloop
  endfacet
  facet normal 0.884893 0.465794 0.000132105
    outer loop
      vertex 3.16854 -1.91309 11.55
      vertex 3.05212 -1.69185 11.3
      vertex 3.05311 -1.69374 11.3326
    endloop
  endfacet
  facet normal 0.884942 0.465702 0
    outer loop
      vertex 3.05212 -1.69185 11.25
      vertex 3.07357 -1.73261 8
      vertex 3.05212 -1.69185 6.68312
    endloop
  endfacet
  facet normal 0.884975 0.465639 -6.76173e-05
    outer loop
      vertex 3.16854 -1.91309 11.55
      vertex 3.05311 -1.69374 11.3326
      vertex 3.05608 -1.69938 11.3647
    endloop
  endfacet
  facet normal 0.884919 0.465745 1.69817e-06
    outer loop
      vertex 3.09207 -1.76776 7.95305
      vertex 3.05212 -1.69185 6.68312
      vertex 3.07357 -1.73261 8
    endloop
  endfacet
  facet normal 0.884962 0.465663 -3.18595e-05
    outer loop
      vertex 3.16854 -1.91309 11.55
      vertex 3.05608 -1.69938 11.3647
      vertex 3.06098 -1.70869 11.3957
    endloop
  endfacet
  facet normal 0.884965 0.465658 -4.90762e-06
    outer loop
      vertex 3.15045 -1.87871 7.84535
      vertex 3.05212 -1.69185 6.68312
      vertex 3.09207 -1.76776 7.95305
    endloop
  endfacet
  facet normal 0.884873 0.465833 0.000254844
    outer loop
      vertex 3.16854 -1.91309 11.55
      vertex 3.06098 -1.70869 11.3957
      vertex 3.06771 -1.72149 11.425
    endloop
  endfacet
  facet normal 0.88495 0.465687 9.29697e-07
    outer loop
      vertex 3.16018 -1.8972 7.8274
      vertex 3.05212 -1.69185 6.68312
      vertex 3.15045 -1.87871 7.84535
    endloop
  endfacet
  facet normal 0.885062 0.465473 -4.80194e-05
    outer loop
      vertex 3.17186 -1.91941 7.81432
      vertex 3.05212 -1.69185 6.68312
      vertex 3.16018 -1.8972 7.8274
    endloop
  endfacet
  facet normal 0.885053 0.46549 -0.00041622
    outer loop
      vertex 3.16854 -1.91309 11.55
      vertex 3.06771 -1.72149 11.425
      vertex 3.07618 -1.73757 11.4522
    endloop
  endfacet
  facet normal 0.884957 0.465673 2.88757e-06
    outer loop
      vertex 3.16854 -1.91309 11.55
      vertex 3.07618 -1.73757 11.4522
      vertex 3.08622 -1.75665 11.4768
    endloop
  endfacet
  facet normal 0.884882 0.465816 0.000392846
    outer loop
      vertex 3.16854 -1.91309 11.55
      vertex 3.08622 -1.75665 11.4768
      vertex 3.09766 -1.7784 11.4983
    endloop
  endfacet
  facet normal 0.884995 0.465601 -0.000323146
    outer loop
      vertex 3.16854 -1.91309 11.55
      vertex 3.09766 -1.7784 11.4983
      vertex 3.11033 -1.80247 11.5165
    endloop
  endfacet
  facet normal 0.884866 0.465845 0.000706409
    outer loop
      vertex 3.16854 -1.91309 11.55
      vertex 3.11033 -1.80247 11.5165
      vertex 3.12398 -1.82842 11.531
    endloop
  endfacet
  facet normal 0.88502 0.465552 -0.000957733
    outer loop
      vertex 3.16854 -1.91309 11.55
      vertex 3.12398 -1.82842 11.531
      vertex 3.13841 -1.85583 11.5415
    endloop
  endfacet
  facet normal 0.885006 0.465578 -0.000732332
    outer loop
      vertex 3.16854 -1.91309 11.55
      vertex 3.13841 -1.85583 11.5415
      vertex 3.15334 -1.8842 11.5479
    endloop
  endfacet
  facet normal 0.884957 0.465673 -3.49403e-06
    outer loop
      vertex 3.05212 -1.69185 11.25
      vertex 3.16854 -1.91309 11.55
      vertex 3.51779 -2.5768 11.25
    endloop
  endfacet
  facet normal 0.884959 0.46567 6.98815e-06
    outer loop
      vertex 3.51779 -2.5768 11.25
      vertex 3.16854 -1.91309 11.55
      vertex 3.40137 -2.35556 11.55
    endloop
  endfacet
  facet normal 0.884994 0.465602 0.000318104
    outer loop
      vertex 3.47225 -2.49025 11.4983
      vertex 3.40137 -2.35556 11.55
      vertex 3.41657 -2.38445 11.5479
    endloop
  endfacet
  facet normal 0.884944 0.465698 5.77007e-05
    outer loop
      vertex 3.47225 -2.49025 11.4983
      vertex 3.41657 -2.38445 11.5479
      vertex 3.4315 -2.41282 11.5415
    endloop
  endfacet
  facet normal 0.884518 0.466501 -0.00220829
    outer loop
      vertex 3.45958 -2.46618 11.5165
      vertex 3.4315 -2.41282 11.5415
      vertex 3.44593 -2.44023 11.531
    endloop
  endfacet
  facet normal 0.885033 0.465529 0.00044467
    outer loop
      vertex 3.47225 -2.49025 11.4983
      vertex 3.4315 -2.41282 11.5415
      vertex 3.45958 -2.46618 11.5165
    endloop
  endfacet
  facet normal 0.884882 0.465816 -0.000392846
    outer loop
      vertex 3.40137 -2.35556 11.55
      vertex 3.47225 -2.49025 11.4983
      vertex 3.48369 -2.512 11.4768
    endloop
  endfacet
  facet normal 0.884957 0.465673 -2.88757e-06
    outer loop
      vertex 3.40137 -2.35556 11.55
      vertex 3.48369 -2.512 11.4768
      vertex 3.49373 -2.53108 11.4522
    endloop
  endfacet
  facet normal 0.885053 0.46549 0.00041622
    outer loop
      vertex 3.40137 -2.35556 11.55
      vertex 3.49373 -2.53108 11.4522
      vertex 3.5022 -2.54716 11.425
    endloop
  endfacet
  facet normal 0.884957 0.465673 4.51788e-07
    outer loop
      vertex 3.05212 -1.69185 11.25
      vertex 3.51779 -2.5768 11.25
      vertex 3.07357 -1.73261 8
    endloop
  endfacet
  facet normal 0.884873 0.465833 -0.000254844
    outer loop
      vertex 3.40137 -2.35556 11.55
      vertex 3.5022 -2.54716 11.425
      vertex 3.50893 -2.55996 11.3957
    endloop
  endfacet
  facet normal 0.884939 0.465707 1.2217e-05
    outer loop
      vertex 3.22365 -2.01782 7.75634
      vertex 3.05212 -1.69185 6.68312
      vertex 3.17186 -1.91941 7.81432
    endloop
  endfacet
  facet normal 0.884954 0.465679 1.07607e-06
    outer loop
      vertex 3.26911 -2.10421 7.73928
      vertex 3.05212 -1.69185 6.68312
      vertex 3.22365 -2.01782 7.75634
    endloop
  endfacet
  facet normal 0.884957 0.465673 -1.88277e-06
    outer loop
      vertex 3.51779 -2.5768 7.10394
      vertex 3.05212 -1.69185 6.68312
      vertex 3.26911 -2.10421 7.73928
    endloop
  endfacet
  facet normal 0.884979 0.465631 -0.000114925
    outer loop
      vertex 3.51791 -2.57703 7.09613
      vertex 3.05212 -1.69185 6.68312
      vertex 3.51779 -2.5768 7.10394
    endloop
  endfacet
  facet normal 0.884947 0.465692 5.31798e-05
    outer loop
      vertex 3.51994 -2.58088 7.0298
      vertex 3.05212 -1.69185 6.68312
      vertex 3.51791 -2.57703 7.09613
    endloop
  endfacet
  facet normal 0.884994 0.465603 -0.000238016
    outer loop
      vertex 3.52093 -2.58277 7.01364
      vertex 3.05212 -1.69185 6.68312
      vertex 3.51994 -2.58088 7.0298
    endloop
  endfacet
  facet normal 0.884957 0.465673 1.22202e-06
    outer loop
      vertex 3.52655 -2.59345 6.9529
      vertex 3.05212 -1.69185 6.68312
      vertex 3.52093 -2.58277 7.01364
    endloop
  endfacet
  facet normal 0.884957 0.465673 -1.64545e-05
    outer loop
      vertex 3.15742 -1.89197 6.41251
      vertex 3.05212 -1.69185 6.68312
      vertex 3.52856 -2.59726 6.93686
    endloop
  endfacet
  facet normal 0.884983 0.465624 2.94879e-05
    outer loop
      vertex 3.13238 -1.84438 6.44354
      vertex 3.05212 -1.69185 6.68312
      vertex 3.15742 -1.89197 6.41251
    endloop
  endfacet
  facet normal 0.885004 0.465584 8.00852e-05
    outer loop
      vertex 3.05311 -1.69374 6.65048
      vertex 3.12558 -1.83146 6.45073
      vertex 3.05608 -1.69938 6.61842
    endloop
  endfacet
  facet normal 0.884989 0.465612 5.1434e-05
    outer loop
      vertex 3.05608 -1.69938 6.61842
      vertex 3.12558 -1.83146 6.45073
      vertex 3.06098 -1.70869 6.58745
    endloop
  endfacet
  facet normal 0.884825 0.465923 -0.000304961
    outer loop
      vertex 3.06098 -1.70869 6.58745
      vertex 3.12558 -1.83146 6.45073
      vertex 3.06771 -1.72149 6.55812
    endloop
  endfacet
  facet normal 0.884814 0.465944 -0.000556563
    outer loop
      vertex 3.08622 -1.75665 6.50635
      vertex 3.12558 -1.83146 6.45073
      vertex 3.09766 -1.7784 6.48479
    endloop
  endfacet
  facet normal 0.885342 0.464939 0.00144167
    outer loop
      vertex 3.09766 -1.7784 6.48479
      vertex 3.12558 -1.83146 6.45073
      vertex 3.11033 -1.80247 6.46661
    endloop
  endfacet
  facet normal 0.885021 0.465551 0.000117912
    outer loop
      vertex 3.07618 -1.73757 6.53093
      vertex 3.12558 -1.83146 6.45073
      vertex 3.08622 -1.75665 6.50635
    endloop
  endfacet
  facet normal 0.8852 0.46521 0.000628065
    outer loop
      vertex 3.06771 -1.72149 6.55812
      vertex 3.12558 -1.83146 6.45073
      vertex 3.07618 -1.73757 6.53093
    endloop
  endfacet
  facet normal 0.884875 0.465828 -0.000134419
    outer loop
      vertex 3.05212 -1.69185 6.68312
      vertex 3.12558 -1.83146 6.45073
      vertex 3.05311 -1.69374 6.65048
    endloop
  endfacet
  facet normal 0.884893 0.465794 -0.000108382
    outer loop
      vertex 3.12558 -1.83146 6.45073
      vertex 3.05212 -1.69185 6.68312
      vertex 3.13238 -1.84438 6.44354
    endloop
  endfacet
  facet normal 0.884946 0.465694 2.01086e-05
    outer loop
      vertex 3.53786 -2.61493 6.87804
      vertex 3.15742 -1.89197 6.41251
      vertex 3.52856 -2.59726 6.93686
    endloop
  endfacet
  facet normal 0.885071 0.465456 -0.000425162
    outer loop
      vertex 3.54074 -2.62042 6.8631
      vertex 3.16374 -1.90397 6.40344
      vertex 3.53786 -2.61493 6.87804
    endloop
  endfacet
  facet normal 0.884945 0.465695 5.054e-05
    outer loop
      vertex 3.16374 -1.90397 6.40344
      vertex 3.54074 -2.62042 6.8631
      vertex 3.18676 -1.94771 6.36554
    endloop
  endfacet
  facet normal 0.884944 0.465697 5.27727e-05
    outer loop
      vertex 3.55351 -2.64468 6.80746
      vertex 3.18676 -1.94771 6.36554
      vertex 3.54074 -2.62042 6.8631
    endloop
  endfacet
  facet normal 0.884971 0.465647 -4.72736e-05
    outer loop
      vertex 3.18676 -1.94771 6.36554
      vertex 3.55351 -2.64468 6.80746
      vertex 3.1924 -1.95843 6.3549
    endloop
  endfacet
  facet normal 0.884924 0.465734 0.000264954
    outer loop
      vertex 3.52856 -2.59726 6.93686
      vertex 3.05212 -1.69185 6.68312
      vertex 3.52655 -2.59345 6.9529
    endloop
  endfacet
  facet normal 0.884908 0.465766 0.000182854
    outer loop
      vertex 3.55735 -2.65197 6.79317
      vertex 3.1924 -1.95843 6.3549
      vertex 3.55351 -2.64468 6.80746
    endloop
  endfacet
  facet normal 0.884958 0.465671 -1.47682e-05
    outer loop
      vertex 3.57343 -2.68253 6.7415
      vertex 3.21284 -1.99728 6.31104
      vertex 3.55735 -2.65197 6.79317
    endloop
  endfacet
  facet normal 0.884936 0.465713 7.08742e-05
    outer loop
      vertex 3.21284 -1.99728 6.31104
      vertex 3.57343 -2.68253 6.7415
      vertex 3.21793 -2.00695 6.29858
    endloop
  endfacet
  facet normal 0.885005 0.465582 -0.000183576
    outer loop
      vertex 3.57802 -2.69126 6.72865
      vertex 3.21793 -2.00695 6.29858
      vertex 3.57343 -2.68253 6.7415
    endloop
  endfacet
  facet normal 0.884976 0.465636 -7.43957e-05
    outer loop
      vertex 3.21793 -2.00695 6.29858
      vertex 3.57802 -2.69126 6.72865
      vertex 3.23551 -2.04037 6.24939
    endloop
  endfacet
  facet normal 0.884929 0.465725 8.07073e-05
    outer loop
      vertex 3.59716 -2.72762 6.68179
      vertex 3.23551 -2.04037 6.24939
      vertex 3.57802 -2.69126 6.72865
    endloop
  endfacet
  facet normal 0.884874 0.46583 -0.000151655
    outer loop
      vertex 3.51779 -2.5768 7.10394
      vertex 3.26911 -2.10421 7.73928
      vertex 3.28496 -2.13432 7.73333
    endloop
  endfacet
  facet normal 0.884845 0.465886 0.000407126
    outer loop
      vertex 3.23551 -2.04037 6.24939
      vertex 3.59716 -2.72762 6.68179
      vertex 3.23976 -2.04843 6.23576
    endloop
  endfacet
  facet normal 0.885005 0.465582 -0.00018341
    outer loop
      vertex 3.60245 -2.73768 6.67043
      vertex 3.23976 -2.04843 6.23576
      vertex 3.59716 -2.72762 6.68179
    endloop
  endfacet
  facet normal 0.884968 0.465651 -3.64938e-05
    outer loop
      vertex 3.25756 -2.08226 6.16745
      vertex 3.63025 -2.79052 6.61948
      vertex 3.26866 -2.10336 6.10994
    endloop
  endfacet
  facet normal 0.88495 0.465685 2.21088e-05
    outer loop
      vertex 3.65431 -2.83624 6.58495
      vertex 3.26866 -2.10336 6.10994
      vertex 3.63025 -2.79052 6.61948
    endloop
  endfacet
  facet normal 0.88497 0.465647 -5.28765e-05
    outer loop
      vertex 3.26866 -2.10336 6.10994
      vertex 3.65431 -2.83624 6.58495
      vertex 3.27109 -2.10798 6.09456
    endloop
  endfacet
  facet normal 0.88495 0.465685 1.85872e-05
    outer loop
      vertex 3.27109 -2.10798 6.09456
      vertex 3.65431 -2.83624 6.58495
      vertex 3.27859 -2.12223 6.03453
    endloop
  endfacet
  facet normal 0.885058 0.465481 0.000162188
    outer loop
      vertex 3.51779 -2.5768 7.10394
      vertex 3.28496 -2.13432 7.73333
      vertex 3.3008 -2.16444 7.73928
    endloop
  endfacet
  facet normal 0.884999 0.465593 -0.000152699
    outer loop
      vertex 3.63025 -2.79052 6.61948
      vertex 3.25756 -2.08226 6.16745
      vertex 3.62427 -2.77915 6.62933
    endloop
  endfacet
  facet normal 0.884903 0.465776 0.00016867
    outer loop
      vertex 3.66097 -2.84889 6.57671
      vertex 3.27859 -2.12223 6.03453
      vertex 3.65431 -2.83624 6.58495
    endloop
  endfacet
  facet normal 0.885014 0.465565 -0.000192264
    outer loop
      vertex 3.27859 -2.12223 6.03453
      vertex 3.66097 -2.84889 6.57671
      vertex 3.28007 -2.12505 6.01855
    endloop
  endfacet
  facet normal 0.884958 0.465672 -1.53615e-05
    outer loop
      vertex 3.68688 -2.89813 6.54929
      vertex 3.28007 -2.12505 6.01855
      vertex 3.66097 -2.84889 6.57671
    endloop
  endfacet
  facet normal 0.884954 0.465679 -1.70783e-06
    outer loop
      vertex 3.51779 -2.5768 7.10394
      vertex 3.3008 -2.16444 7.73928
      vertex 3.34626 -2.25083 7.75634
    endloop
  endfacet
  facet normal 0.884908 0.465767 0.000181365
    outer loop
      vertex 3.25422 -2.07592 6.18195
      vertex 3.62427 -2.77915 6.62933
      vertex 3.25756 -2.08226 6.16745
    endloop
  endfacet
  facet normal 0.884918 0.465747 0.000123895
    outer loop
      vertex 3.28007 -2.12505 6.01855
      vertex 3.68688 -2.89813 6.54929
      vertex 3.284 -2.1325 5.95465
    endloop
  endfacet
  facet normal 0.884897 0.465787 0.000190286
    outer loop
      vertex 3.69384 -2.91135 6.54309
      vertex 3.284 -2.1325 5.95465
      vertex 3.68688 -2.89813 6.54929
    endloop
  endfacet
  facet normal 0.88494 0.465705 -1.83053e-05
    outer loop
      vertex 3.51779 -2.5768 7.10394
      vertex 3.34626 -2.25083 7.75634
      vertex 3.39805 -2.34924 7.81432
    endloop
  endfacet
  facet normal 0.884962 0.465663 -2.78772e-05
    outer loop
      vertex 3.62427 -2.77915 6.62933
      vertex 3.25422 -2.07592 6.18195
      vertex 3.60245 -2.73768 6.67043
    endloop
  endfacet
  facet normal 0.885056 0.465484 7.19503e-05
    outer loop
      vertex 3.51779 -2.5768 7.10394
      vertex 3.39805 -2.34924 7.81432
      vertex 3.40973 -2.37145 7.8274
    endloop
  endfacet
  facet normal 0.88495 0.465686 -1.35366e-06
    outer loop
      vertex 3.51779 -2.5768 7.10394
      vertex 3.40973 -2.37145 7.8274
      vertex 3.41946 -2.38994 7.84535
    endloop
  endfacet
  facet normal 0.88495 0.465686 -1.35366e-06
    outer loop
      vertex 3.51779 -2.5768 7.10394
      vertex 3.41946 -2.38994 7.84535
      vertex 3.47784 -2.50088 7.95305
    endloop
  endfacet
  facet normal 0.884971 0.465646 3.23068e-06
    outer loop
      vertex 3.51779 -2.5768 7.10394
      vertex 3.47784 -2.50088 7.95305
      vertex 3.49634 -2.53604 8
    endloop
  endfacet
  facet normal 0.884962 0.465663 3.18595e-05
    outer loop
      vertex 3.40137 -2.35556 11.55
      vertex 3.50893 -2.55996 11.3957
      vertex 3.51383 -2.56927 11.3647
    endloop
  endfacet
  facet normal 0.884975 0.465639 6.76173e-05
    outer loop
      vertex 3.40137 -2.35556 11.55
      vertex 3.51383 -2.56927 11.3647
      vertex 3.5168 -2.57491 11.3326
    endloop
  endfacet
  facet normal 0.884893 0.465794 -0.000132105
    outer loop
      vertex 3.40137 -2.35556 11.55
      vertex 3.5168 -2.57491 11.3326
      vertex 3.51779 -2.5768 11.3
    endloop
  endfacet
  facet normal 0.884955 0.465677 0
    outer loop
      vertex 3.40137 -2.35556 11.55
      vertex 3.51779 -2.5768 11.3
      vertex 3.51779 -2.5768 11.26
    endloop
  endfacet
  facet normal 0.884955 0.465677 0
    outer loop
      vertex 3.40137 -2.35556 11.55
      vertex 3.51779 -2.5768 11.26
      vertex 3.51779 -2.5768 11.25
    endloop
  endfacet
  facet normal 0.884958 0.465671 -4.97629e-07
    outer loop
      vertex 3.07357 -1.73261 8
      vertex 3.51779 -2.5768 11.25
      vertex 3.49634 -2.53604 8
    endloop
  endfacet
  facet normal 0.884942 0.465702 -0
    outer loop
      vertex 3.51779 -2.5768 7.10394
      vertex 3.49634 -2.53604 8
      vertex 3.51779 -2.5768 11.25
    endloop
  endfacet
  facet normal 0.890769 0.453637 0.0272859
    outer loop
      vertex 3.11033 -1.80247 6.46661
      vertex 3.12558 -1.83146 6.45073
      vertex 3.12403 -1.8285 6.45212
    endloop
  endfacet
  facet normal 0.884877 0.465824 0.000278879
    outer loop
      vertex 3.15742 -1.89197 6.41251
      vertex 3.53786 -2.61493 6.87804
      vertex 3.16374 -1.90397 6.40344
    endloop
  endfacet
  facet normal 0.884967 0.465654 -4.3831e-05
    outer loop
      vertex 3.1924 -1.95843 6.3549
      vertex 3.55735 -2.65197 6.79317
      vertex 3.21284 -1.99728 6.31104
    endloop
  endfacet
  facet normal 0.884975 0.465639 -6.84535e-05
    outer loop
      vertex 3.23976 -2.04843 6.23576
      vertex 3.60245 -2.73768 6.67043
      vertex 3.25422 -2.07592 6.18195
    endloop
  endfacet
  facet normal 0.885117 0.465368 -0.000517053
    outer loop
      vertex 3.284 -2.1325 5.95465
      vertex 3.69384 -2.91135 6.54309
      vertex 3.28444 -2.13335 5.94283
    endloop
  endfacet
  facet normal 0.884952 0.465683 2.83759e-06
    outer loop
      vertex 3.72123 -2.9634 6.52312
      vertex 3.28444 -2.13335 5.94283
      vertex 3.69384 -2.91135 6.54309
    endloop
  endfacet
  facet normal 0.884943 0.465698 3.18698e-05
    outer loop
      vertex 3.28444 -2.13335 5.94283
      vertex 3.72123 -2.9634 6.52312
      vertex 3.28492 -2.13426 5.91185
    endloop
  endfacet
  facet normal 0.884477 0.466581 0.00156115
    outer loop
      vertex 3.28492 -2.13426 5.91185
      vertex 3.72123 -2.9634 6.52312
      vertex 3.28496 -2.13432 5.90712
    endloop
  endfacet
  facet normal 0.884901 0.46578 0.000183694
    outer loop
      vertex 3.7287 -2.97759 6.51881
      vertex 3.28496 -2.13432 5.90712
      vertex 3.72123 -2.9634 6.52312
    endloop
  endfacet
  facet normal 0.885003 0.465585 -0.00016003
    outer loop
      vertex 3.75698 -3.03135 6.50674
      vertex 3.28496 -2.13432 5.90712
      vertex 3.7287 -2.97759 6.51881
    endloop
  endfacet
  facet normal 0.884849 0.465878 0.000400844
    outer loop
      vertex 3.76451 -3.04565 6.50461
      vertex 3.28496 -2.13432 5.90712
      vertex 3.75698 -3.03135 6.50674
    endloop
  endfacet
  facet normal 0.884949 0.465689 3.17078e-05
    outer loop
      vertex 3.7954 -3.10435 6.50026
      vertex 3.28496 -2.13432 5.90712
      vertex 3.76451 -3.04565 6.50461
    endloop
  endfacet
  facet normal 0.884763 0.46604 0.000766409
    outer loop
      vertex 3.79904 -3.11126 6.5
      vertex 3.28496 -2.13432 5.90712
      vertex 3.7954 -3.10435 6.50026
    endloop
  endfacet
  facet normal 0.884955 0.465676 0
    outer loop
      vertex 3.28496 -2.13432 5.90712
      vertex 3.79904 -3.11126 6.5
      vertex 3.28496 -2.13432 3.75
    endloop
  endfacet
  facet normal 0.884967 0.465655 -9.83293e-06
    outer loop
      vertex 3.40137 -2.35556 3.5
      vertex 3.28496 -2.13432 3.75
      vertex 3.79904 -3.11126 6.5
    endloop
  endfacet
  facet normal 0.884911 0.46576 -0.000129456
    outer loop
      vertex 3.28496 -2.13432 3.75
      vertex 3.40137 -2.35556 3.5
      vertex 3.28595 -2.13621 3.71736
    endloop
  endfacet
  facet normal 0.884923 0.465737 -9.96329e-05
    outer loop
      vertex 3.28595 -2.13621 3.71736
      vertex 3.40137 -2.35556 3.5
      vertex 3.28892 -2.14186 3.6853
    endloop
  endfacet
  facet normal 0.885045 0.465504 0.000243184
    outer loop
      vertex 3.28892 -2.14186 3.6853
      vertex 3.40137 -2.35556 3.5
      vertex 3.29382 -2.15116 3.65433
    endloop
  endfacet
  facet normal 0.884974 0.46564 2.97905e-05
    outer loop
      vertex 3.30902 -2.18005 3.59781
      vertex 3.40137 -2.35556 3.5
      vertex 3.31906 -2.19913 3.57323
    endloop
  endfacet
  facet normal 0.884945 0.465695 -7.56276e-05
    outer loop
      vertex 3.34316 -2.24494 3.53349
      vertex 3.40137 -2.35556 3.5
      vertex 3.35682 -2.2709 3.51903
    endloop
  endfacet
  facet normal 0.885095 0.465407 0.00170982
    outer loop
      vertex 3.37125 -2.29831 3.50851
      vertex 3.40137 -2.35556 3.5
      vertex 3.38618 -2.32668 3.50214
    endloop
  endfacet
  facet normal 0.885069 0.465458 0.00126712
    outer loop
      vertex 3.35682 -2.2709 3.51903
      vertex 3.40137 -2.35556 3.5
      vertex 3.37125 -2.29831 3.50851
    endloop
  endfacet
  facet normal 0.884947 0.465692 -6.12333e-05
    outer loop
      vertex 3.3305 -2.22088 3.55167
      vertex 3.40137 -2.35556 3.5
      vertex 3.34316 -2.24494 3.53349
    endloop
  endfacet
  facet normal 0.884903 0.465775 -0.000339717
    outer loop
      vertex 3.31906 -2.19913 3.57323
      vertex 3.40137 -2.35556 3.5
      vertex 3.3305 -2.22088 3.55167
    endloop
  endfacet
  facet normal 0.885009 0.465573 0.000182129
    outer loop
      vertex 3.30055 -2.16396 3.625
      vertex 3.40137 -2.35556 3.5
      vertex 3.30902 -2.18005 3.59781
    endloop
  endfacet
  facet normal 0.884899 0.465782 -0.000226309
    outer loop
      vertex 3.29382 -2.15116 3.65433
      vertex 3.40137 -2.35556 3.5
      vertex 3.30055 -2.16396 3.625
    endloop
  endfacet
  facet normal 0.884956 0.465674 -3.54767e-06
    outer loop
      vertex 3.79904 -3.11126 6.5
      vertex 11.9277 -18.5588 3.5
      vertex 3.40137 -2.35556 3.5
    endloop
  endfacet
  facet normal 0.884956 0.465674 -9.26543e-07
    outer loop
      vertex 12.4185 -19.4915 6.5
      vertex 11.9277 -18.5588 3.5
      vertex 3.79904 -3.11126 6.5
    endloop
  endfacet
  facet normal 0.884832 0.465911 9.33302e-05
    outer loop
      vertex 12.535 -19.7127 6.25
      vertex 11.9277 -18.5588 3.5
      vertex 12.4185 -19.4915 6.5
    endloop
  endfacet
  facet normal 0.884923 0.465737 -0
    outer loop
      vertex 12.535 -19.7127 4.10394
      vertex 11.9277 -18.5588 3.5
      vertex 12.535 -19.7127 6.25
    endloop
  endfacet
  facet normal 0.88504 0.465516 0
    outer loop
      vertex 12.3254 -19.3145 2.39999
      vertex 12.209 -19.0932 2.64999
      vertex 12.209 -19.0932 2.89606
    endloop
  endfacet
  facet normal 0.885048 0.465499 1.83674e-05
    outer loop
      vertex 12.209 -19.0932 2.64999
      vertex 12.3254 -19.3145 2.39999
      vertex 12.21 -19.0951 2.61736
    endloop
  endfacet
  facet normal 0.883693 0.468056 -0.00328166
    outer loop
      vertex 12.21 -19.0951 2.61736
      vertex 12.3254 -19.3145 2.39999
      vertex 12.2129 -19.1008 2.5853
    endloop
  endfacet
  facet normal 0.884844 0.465886 -0.000600867
    outer loop
      vertex 12.7445 -20.1109 2.39999
      vertex 12.209 -19.0932 2.89606
      vertex 12.2089 -19.093 2.90387
    endloop
  endfacet
  facet normal 0.88493 0.465724 0.000159022
    outer loop
      vertex 12.2129 -19.1008 2.5853
      vertex 12.3254 -19.3145 2.39999
      vertex 12.2178 -19.1101 2.55432
    endloop
  endfacet
  facet normal 0.884615 0.46632 0.00129169
    outer loop
      vertex 12.704 -20.034 3.54929
      vertex 12.2089 -19.093 2.90387
      vertex 12.2068 -19.0892 2.9702
    endloop
  endfacet
  facet normal 0.884651 0.466254 -0.000737461
    outer loop
      vertex 12.2292 -19.1318 2.51
      vertex 12.2178 -19.1101 2.55432
      vertex 12.3254 -19.3145 2.39999
    endloop
  endfacet
  facet normal 0.902399 0.43037 0.0213972
    outer loop
      vertex 12.2178 -19.1101 2.55432
      vertex 12.2292 -19.1318 2.51
      vertex 12.2246 -19.1229 2.52499
    endloop
  endfacet
  facet normal 0.885917 0.463823 0.00440714
    outer loop
      vertex 12.2431 -19.158 2.47322
      vertex 12.2292 -19.1318 2.51
      vertex 12.3254 -19.3145 2.39999
    endloop
  endfacet
  facet normal 0.903212 0.42762 0.0367323
    outer loop
      vertex 12.2292 -19.1318 2.51
      vertex 12.2431 -19.158 2.47322
      vertex 12.2324 -19.1377 2.5
    endloop
  endfacet
  facet normal 0.884944 0.465697 7.36261e-06
    outer loop
      vertex 12.6781 -19.9848 3.57671
      vertex 12.2068 -19.0892 2.9702
      vertex 12.2058 -19.0873 2.98636
    endloop
  endfacet
  facet normal 0.788899 0.598685 -0.138614
    outer loop
      vertex 12.2324 -19.1377 2.5
      vertex 12.2431 -19.158 2.47322
      vertex 12.233 -19.139 2.4978
    endloop
  endfacet
  facet normal 0.884102 0.467267 -0.00499311
    outer loop
      vertex 12.2431 -19.158 2.47322
      vertex 12.3254 -19.3145 2.39999
      vertex 12.2545 -19.1798 2.45166
    endloop
  endfacet
  facet normal 0.885027 0.46554 -0.000413617
    outer loop
      vertex 12.6715 -19.9721 3.58495
      vertex 12.2058 -19.0873 2.98636
      vertex 12.2002 -19.0766 3.0471
    endloop
  endfacet
  facet normal 0.885136 0.465331 0.00147246
    outer loop
      vertex 12.2545 -19.1798 2.45166
      vertex 12.3254 -19.3145 2.39999
      vertex 12.2672 -19.2039 2.43349
    endloop
  endfacet
  facet normal 0.884942 0.465702 1.34372e-05
    outer loop
      vertex 12.6474 -19.9264 3.61948
      vertex 12.2002 -19.0766 3.0471
      vertex 12.1982 -19.0728 3.06314
    endloop
  endfacet
  facet normal 0.884461 0.466599 -0.00388677
    outer loop
      vertex 12.2672 -19.2039 2.43349
      vertex 12.3254 -19.3145 2.39999
      vertex 12.2808 -19.2298 2.41902
    endloop
  endfacet
  facet normal 0.886088 0.463284 0.014681
    outer loop
      vertex 12.2808 -19.2298 2.41902
      vertex 12.3254 -19.3145 2.39999
      vertex 12.2953 -19.2572 2.40851
    endloop
  endfacet
  facet normal 0.885015 0.465563 -0.00016715
    outer loop
      vertex 12.6414 -19.9151 3.62933
      vertex 12.1982 -19.0728 3.06314
      vertex 12.1889 -19.0551 3.12196
    endloop
  endfacet
  facet normal 0.884791 0.465925 -0.00765923
    outer loop
      vertex 12.2953 -19.2572 2.40851
      vertex 12.3254 -19.3145 2.39999
      vertex 12.3102 -19.2856 2.40213
    endloop
  endfacet
  facet normal 0.881427 0.472062 0.0155994
    outer loop
      vertex 11.9277 -18.5588 3.5
      vertex 12.535 -19.7127 4.10394
      vertex 11.9314 -18.5657 3.49974
    endloop
  endfacet
  facet normal 0.884893 0.465795 0.000240165
    outer loop
      vertex 11.9314 -18.5657 3.49974
      vertex 12.535 -19.7127 4.10394
      vertex 11.9623 -18.6244 3.49539
    endloop
  endfacet
  facet normal 0.885452 0.464725 -0.0021983
    outer loop
      vertex 11.9623 -18.6244 3.49539
      vertex 12.535 -19.7127 4.10394
      vertex 11.9698 -18.6387 3.49326
    endloop
  endfacet
  facet normal 0.884745 0.466075 0.000830668
    outer loop
      vertex 11.9698 -18.6387 3.49326
      vertex 12.535 -19.7127 4.10394
      vertex 11.9981 -18.6924 3.48119
    endloop
  endfacet
  facet normal 0.886182 0.463311 -0.00493671
    outer loop
      vertex 11.9981 -18.6924 3.48119
      vertex 12.535 -19.7127 4.10394
      vertex 12.0055 -18.7066 3.47688
    endloop
  endfacet
  facet normal 0.885084 0.465431 -0.000586152
    outer loop
      vertex 12.5351 -19.7129 4.09613
      vertex 12.0329 -18.7587 3.45691
      vertex 12.535 -19.7127 4.10394
    endloop
  endfacet
  facet normal 0.88406 0.467363 0.00310172
    outer loop
      vertex 12.0329 -18.7587 3.45691
      vertex 12.5351 -19.7129 4.09613
      vertex 12.0399 -18.7719 3.45071
    endloop
  endfacet
  facet normal 0.885132 0.465339 -0.000671752
    outer loop
      vertex 12.5371 -19.7168 4.0298
      vertex 12.0399 -18.7719 3.45071
      vertex 12.5351 -19.7129 4.09613
    endloop
  endfacet
  facet normal 0.885123 0.465357 -0.000634688
    outer loop
      vertex 12.0399 -18.7719 3.45071
      vertex 12.5371 -19.7168 4.0298
      vertex 12.0658 -18.8212 3.42329
    endloop
  endfacet
  facet normal 0.884944 0.465697 7.36261e-06
    outer loop
      vertex 12.5381 -19.7187 4.01364
      vertex 12.0658 -18.8212 3.42329
      vertex 12.5371 -19.7168 4.0298
    endloop
  endfacet
  facet normal 0.883932 0.467601 0.00371061
    outer loop
      vertex 12.0658 -18.8212 3.42329
      vertex 12.5381 -19.7187 4.01364
      vertex 12.0725 -18.8338 3.41505
    endloop
  endfacet
  facet normal 0.885083 0.465433 -0.000389618
    outer loop
      vertex 12.5437 -19.7294 3.9529
      vertex 12.0725 -18.8338 3.41505
      vertex 12.5381 -19.7187 4.01364
    endloop
  endfacet
  facet normal 0.885142 0.46532 -0.000628955
    outer loop
      vertex 12.0725 -18.8338 3.41505
      vertex 12.5437 -19.7294 3.9529
      vertex 12.0965 -18.8795 3.38052
    endloop
  endfacet
  facet normal 0.884961 0.465665 2.46329e-05
    outer loop
      vertex 12.5457 -19.7332 3.93686
      vertex 12.0965 -18.8795 3.38052
      vertex 12.5437 -19.7294 3.9529
    endloop
  endfacet
  facet normal 0.884946 0.465693 7.91886e-05
    outer loop
      vertex 12.0965 -18.8795 3.38052
      vertex 12.5457 -19.7332 3.93686
      vertex 12.1025 -18.8909 3.37067
    endloop
  endfacet
  facet normal 0.884832 0.46591 0.000491714
    outer loop
      vertex 12.555 -19.7508 3.87804
      vertex 12.1025 -18.8909 3.37067
      vertex 12.5457 -19.7332 3.93686
    endloop
  endfacet
  facet normal 0.885077 0.465444 -0.000516786
    outer loop
      vertex 12.1025 -18.8909 3.37067
      vertex 12.555 -19.7508 3.87804
      vertex 12.1243 -18.9324 3.32957
    endloop
  endfacet
  facet normal 0.884862 0.465853 0.000261799
    outer loop
      vertex 12.5579 -19.7563 3.8631
      vertex 12.1243 -18.9324 3.32957
      vertex 12.555 -19.7508 3.87804
    endloop
  endfacet
  facet normal 0.885086 0.465427 0.00115318
    outer loop
      vertex 12.4894 -19.6262 6.44833
      vertex 12.4185 -19.4915 6.5
      vertex 12.4337 -19.5204 6.49786
    endloop
  endfacet
  facet normal 0.882276 0.470554 -0.0129598
    outer loop
      vertex 12.4894 -19.6262 6.44833
      vertex 12.4337 -19.5204 6.49786
      vertex 12.4487 -19.5487 6.49149
    endloop
  endfacet
  facet normal 0.883116 0.468984 -0.012669
    outer loop
      vertex 12.4767 -19.6021 6.46651
      vertex 12.4487 -19.5487 6.49149
      vertex 12.4631 -19.5761 6.48097
    endloop
  endfacet
  facet normal 0.887167 0.461377 0.00813089
    outer loop
      vertex 12.4894 -19.6262 6.44833
      vertex 12.4487 -19.5487 6.49149
      vertex 12.4767 -19.6021 6.46651
    endloop
  endfacet
  facet normal 0.885717 0.464197 0.00522619
    outer loop
      vertex 12.4185 -19.4915 6.5
      vertex 12.4894 -19.6262 6.44833
      vertex 12.5009 -19.6479 6.42677
    endloop
  endfacet
  facet normal 0.884028 0.46742 -0.00355691
    outer loop
      vertex 12.4185 -19.4915 6.5
      vertex 12.5009 -19.6479 6.42677
      vertex 12.5109 -19.667 6.40219
    endloop
  endfacet
  facet normal 0.885113 0.465374 0.00113785
    outer loop
      vertex 12.4185 -19.4915 6.5
      vertex 12.5109 -19.667 6.40219
      vertex 12.5194 -19.6831 6.375
    endloop
  endfacet
  facet normal 0.884345 0.466831 -0.00171605
    outer loop
      vertex 12.4185 -19.4915 6.5
      vertex 12.5194 -19.6831 6.375
      vertex 12.5261 -19.6959 6.34567
    endloop
  endfacet
  facet normal 0.88493 0.465724 0.000159089
    outer loop
      vertex 12.4185 -19.4915 6.5
      vertex 12.5261 -19.6959 6.34567
      vertex 12.531 -19.7052 6.3147
    endloop
  endfacet
  facet normal 0.885476 0.464683 0.00169067
    outer loop
      vertex 12.4185 -19.4915 6.5
      vertex 12.531 -19.7052 6.3147
      vertex 12.534 -19.7108 6.28264
    endloop
  endfacet
  facet normal 0.884779 0.466011 -1.96764e-05
    outer loop
      vertex 12.4185 -19.4915 6.5
      vertex 12.534 -19.7108 6.28264
      vertex 12.535 -19.7127 6.25
    endloop
  endfacet
  facet normal 0.885013 0.465566 -0.000332289
    outer loop
      vertex 12.0055 -18.7066 3.47688
      vertex 12.535 -19.7127 4.10394
      vertex 12.0329 -18.7587 3.45691
    endloop
  endfacet
  facet normal 0.884438 0.466655 0.00184594
    outer loop
      vertex 12.1243 -18.9324 3.32957
      vertex 12.5579 -19.7563 3.8631
      vertex 12.1296 -18.9424 3.31821
    endloop
  endfacet
  facet normal 0.884906 0.465769 0.000154676
    outer loop
      vertex 12.5707 -19.7806 3.80746
      vertex 12.1296 -18.9424 3.31821
      vertex 12.5579 -19.7563 3.8631
    endloop
  endfacet
  facet normal 0.884804 0.465963 0.000579673
    outer loop
      vertex 12.1296 -18.9424 3.31821
      vertex 12.5707 -19.7806 3.80746
      vertex 12.1488 -18.9788 3.27135
    endloop
  endfacet
  facet normal 0.885486 0.464662 -0.00190274
    outer loop
      vertex 12.5745 -19.7879 3.79317
      vertex 12.1488 -18.9788 3.27135
      vertex 12.5707 -19.7806 3.80746
    endloop
  endfacet
  facet normal 0.885962 0.463744 -0.00371544
    outer loop
      vertex 12.1488 -18.9788 3.27135
      vertex 12.5745 -19.7879 3.79317
      vertex 12.1533 -18.9875 3.2585
    endloop
  endfacet
  facet normal 0.884778 0.466011 0.000611291
    outer loop
      vertex 12.5906 -19.8184 3.7415
      vertex 12.1533 -18.9875 3.2585
      vertex 12.5745 -19.7879 3.79317
    endloop
  endfacet
  facet normal 0.884939 0.465706 -5.96477e-05
    outer loop
      vertex 12.1533 -18.9875 3.2585
      vertex 12.5906 -19.8184 3.7415
      vertex 12.1694 -19.0181 3.20683
    endloop
  endfacet
  facet normal 0.885331 0.464959 -0.00148727
    outer loop
      vertex 12.5952 -19.8272 3.72865
      vertex 12.1694 -19.0181 3.20683
      vertex 12.5906 -19.8184 3.7415
    endloop
  endfacet
  facet normal 0.884212 0.467078 0.00271223
    outer loop
      vertex 12.1694 -19.0181 3.20683
      vertex 12.5952 -19.8272 3.72865
      vertex 12.1733 -19.0254 3.19254
    endloop
  endfacet
  facet normal 0.884966 0.465655 -9.15485e-06
    outer loop
      vertex 12.6143 -19.8635 3.68179
      vertex 12.1733 -19.0254 3.19254
      vertex 12.5952 -19.8272 3.72865
    endloop
  endfacet
  facet normal 0.885067 0.465463 -0.000428822
    outer loop
      vertex 12.1733 -19.0254 3.19254
      vertex 12.6143 -19.8635 3.68179
      vertex 12.186 -19.0496 3.1369
    endloop
  endfacet
  facet normal 0.88515 0.465305 -0.000729759
    outer loop
      vertex 12.6196 -19.8736 3.67043
      vertex 12.186 -19.0496 3.1369
      vertex 12.6143 -19.8635 3.68179
    endloop
  endfacet
  facet normal 0.884881 0.465817 0.000278612
    outer loop
      vertex 12.186 -19.0496 3.1369
      vertex 12.6196 -19.8736 3.67043
      vertex 12.1889 -19.0551 3.12196
    endloop
  endfacet
  facet normal 0.885091 0.465417 -0.000482547
    outer loop
      vertex 12.6414 -19.9151 3.62933
      vertex 12.1889 -19.0551 3.12196
      vertex 12.6196 -19.8736 3.67043
    endloop
  endfacet
  facet normal 0.884203 0.467095 0.00274625
    outer loop
      vertex 12.1982 -19.0728 3.06314
      vertex 12.6414 -19.9151 3.62933
      vertex 12.6474 -19.9264 3.61948
    endloop
  endfacet
  facet normal 0.884754 0.466058 0.0006877
    outer loop
      vertex 12.2002 -19.0766 3.0471
      vertex 12.6474 -19.9264 3.61948
      vertex 12.6715 -19.9721 3.58495
    endloop
  endfacet
  facet normal 0.886139 0.463398 -0.00444532
    outer loop
      vertex 12.2058 -19.0873 2.98636
      vertex 12.6715 -19.9721 3.58495
      vertex 12.6781 -19.9848 3.57671
    endloop
  endfacet
  facet normal 0.884909 0.465763 0.000131441
    outer loop
      vertex 12.2068 -19.0892 2.9702
      vertex 12.6781 -19.9848 3.57671
      vertex 12.704 -20.034 3.54929
    endloop
  endfacet
  facet normal 0.88498 0.465628 3.47617e-06
    outer loop
      vertex 12.2089 -19.093 2.90387
      vertex 12.704 -20.034 3.54929
      vertex 12.8609 -20.3322 2.64999
    endloop
  endfacet
  facet normal 0.884863 0.465851 -0.00028754
    outer loop
      vertex 12.8609 -20.3322 3.26451
      vertex 12.704 -20.034 3.54929
      vertex 12.711 -20.0473 3.54309
    endloop
  endfacet
  facet normal 0.884514 0.466513 -0.00115231
    outer loop
      vertex 12.8609 -20.3322 3.26451
      vertex 12.711 -20.0473 3.54309
      vertex 12.7384 -20.0993 3.52312
    endloop
  endfacet
  facet normal 0.884945 0.465696 -0.000102747
    outer loop
      vertex 12.209 -19.0932 2.89606
      vertex 12.7445 -20.1109 2.39999
      vertex 12.3254 -19.3145 2.39999
    endloop
  endfacet
  facet normal 0.883938 0.467598 -0.00240159
    outer loop
      vertex 12.8609 -20.3322 3.26451
      vertex 12.7384 -20.0993 3.52312
      vertex 12.7459 -20.1135 3.51881
    endloop
  endfacet
  facet normal 0.884976 0.465636 0
    outer loop
      vertex 12.704 -20.034 3.54929
      vertex 12.8609 -20.3322 3.26451
      vertex 12.8609 -20.3322 2.64999
    endloop
  endfacet
  facet normal 0.885637 0.464377 0.00113625
    outer loop
      vertex 12.8609 -20.3322 3.26451
      vertex 12.7459 -20.1135 3.51881
      vertex 12.7672 -20.1541 3.5097
    endloop
  endfacet
  facet normal 0.886189 0.463273 0.0069316
    outer loop
      vertex 12.8154 -20.2456 3.46284
      vertex 12.7672 -20.1541 3.5097
      vertex 12.7746 -20.1682 3.506
    endloop
  endfacet
  facet normal 0.884989 0.465611 0.000108138
    outer loop
      vertex 12.2089 -19.093 2.90387
      vertex 12.8609 -20.3322 2.64999
      vertex 12.7445 -20.1109 2.39999
    endloop
  endfacet
  facet normal 0.878431 0.476849 -0.0312181
    outer loop
      vertex 12.8027 -20.2216 3.48102
      vertex 12.7746 -20.1682 3.506
      vertex 12.7891 -20.1956 3.49548
    endloop
  endfacet
  facet normal 0.885048 0.465499 -1.83674e-05
    outer loop
      vertex 12.8599 -20.3303 2.61736
      vertex 12.7445 -20.1109 2.39999
      vertex 12.8609 -20.3322 2.64999
    endloop
  endfacet
  facet normal 0.886652 0.462349 0.00902671
    outer loop
      vertex 12.8154 -20.2456 3.46284
      vertex 12.7746 -20.1682 3.506
      vertex 12.8027 -20.2216 3.48102
    endloop
  endfacet
  facet normal 0.883693 0.468056 0.00328166
    outer loop
      vertex 12.857 -20.3246 2.5853
      vertex 12.7445 -20.1109 2.39999
      vertex 12.8599 -20.3303 2.61736
    endloop
  endfacet
  facet normal 0.884414 0.4667 -0.00158449
    outer loop
      vertex 12.7672 -20.1541 3.5097
      vertex 12.8154 -20.2456 3.46284
      vertex 12.8369 -20.2865 3.4167
    endloop
  endfacet
  facet normal 0.885089 0.465422 -0.000602837
    outer loop
      vertex 12.8407 -20.2937 2.51
      vertex 12.7445 -20.1109 2.39999
      vertex 12.857 -20.3246 2.5853
    endloop
  endfacet
  facet normal 0.893042 0.449631 0.017566
    outer loop
      vertex 12.8369 -20.2865 3.4167
      vertex 12.8154 -20.2456 3.46284
      vertex 12.8268 -20.2674 3.44128
    endloop
  endfacet
  facet normal 0.885808 0.464041 -0.00310216
    outer loop
      vertex 12.7597 -20.1398 2.40213
      vertex 12.8407 -20.2937 2.51
      vertex 12.7746 -20.1682 2.40851
    endloop
  endfacet
  facet normal 0.884505 0.466529 -0.00127318
    outer loop
      vertex 12.7672 -20.1541 3.5097
      vertex 12.8369 -20.2865 3.4167
      vertex 12.8453 -20.3025 3.38951
    endloop
  endfacet
  facet normal 0.887667 0.460433 -0.00698143
    outer loop
      vertex 12.7891 -20.1956 2.41902
      vertex 12.8407 -20.2937 2.51
      vertex 12.8027 -20.2216 2.43349
    endloop
  endfacet
  facet normal 0.890966 0.453908 -0.0121439
    outer loop
      vertex 12.8154 -20.2456 2.45166
      vertex 12.8407 -20.2937 2.51
      vertex 12.8268 -20.2674 2.47322
    endloop
  endfacet
  facet normal 0.795926 0.590817 0.132048
    outer loop
      vertex 12.8268 -20.2674 2.47322
      vertex 12.8375 -20.2878 2.5
      vertex 12.8369 -20.2865 2.4978
    endloop
  endfacet
  facet normal 0.885917 0.463834 0.0029718
    outer loop
      vertex 12.7672 -20.1541 3.5097
      vertex 12.8453 -20.3025 3.38951
      vertex 12.8521 -20.3153 3.36018
    endloop
  endfacet
  facet normal 0.881928 0.471344 0.00615124
    outer loop
      vertex 12.8027 -20.2216 2.43349
      vertex 12.8407 -20.2937 2.51
      vertex 12.8154 -20.2456 2.45166
    endloop
  endfacet
  facet normal 0.884816 0.46594 7.61538e-05
    outer loop
      vertex 12.7672 -20.1541 3.5097
      vertex 12.8521 -20.3153 3.36018
      vertex 12.857 -20.3246 3.32921
    endloop
  endfacet
  facet normal 0.906587 0.419886 -0.0423749
    outer loop
      vertex 12.8268 -20.2674 2.47322
      vertex 12.8407 -20.2937 2.51
      vertex 12.8375 -20.2878 2.5
    endloop
  endfacet
  facet normal 0.883261 0.46887 -0.00346542
    outer loop
      vertex 12.7672 -20.1541 3.5097
      vertex 12.857 -20.3246 3.32921
      vertex 12.8599 -20.3303 3.29715
    endloop
  endfacet
  facet normal 0.883028 0.469291 0.00520096
    outer loop
      vertex 12.7746 -20.1682 2.40851
      vertex 12.8407 -20.2937 2.51
      vertex 12.7891 -20.1956 2.41902
    endloop
  endfacet
  facet normal 0.885 0.465591 1.15852e-05
    outer loop
      vertex 12.7672 -20.1541 3.5097
      vertex 12.8599 -20.3303 3.29715
      vertex 12.8609 -20.3322 3.26451
    endloop
  endfacet
  facet normal 0.895054 0.44577 -0.0129734
    outer loop
      vertex 12.8407 -20.2937 2.51
      vertex 12.8521 -20.3153 2.55432
      vertex 12.8453 -20.3025 2.52499
    endloop
  endfacet
  facet normal 0.88386 0.467752 0.000619065
    outer loop
      vertex 12.8407 -20.2937 2.51
      vertex 12.857 -20.3246 2.5853
      vertex 12.8521 -20.3153 2.55432
    endloop
  endfacet
  facet normal 0.885067 0.465464 -0.00051426
    outer loop
      vertex 12.7445 -20.1109 2.39999
      vertex 12.8407 -20.2937 2.51
      vertex 12.7597 -20.1398 2.40213
    endloop
  endfacet
  facet normal -0.885516 -0.464609 0
    outer loop
      vertex 10.4391 -20.0246 2.5
      vertex 10.4593 -20.0631 2.51
      vertex 10.4391 -20.0246 2.51
    endloop
  endfacet
  facet normal -0.88548 -0.464678 -0.000339035
    outer loop
      vertex 10.4593 -20.0631 2.51
      vertex 10.4391 -20.0246 2.5
      vertex 10.4624 -20.069 2.5
    endloop
  endfacet
  facet normal -0.884955 -0.465676 -5.24981e-06
    outer loop
      vertex 10.5555 -20.2458 2.39999
      vertex 10.4391 -20.0246 2.64999
      vertex 10.4401 -20.0265 2.61736
    endloop
  endfacet
  facet normal -0.884955 -0.465676 0
    outer loop
      vertex 2.02912 -4.04262 6.5
      vertex 1.51504 -3.06568 5.90712
      vertex 1.51504 -3.06568 3.75
    endloop
  endfacet
  facet normal -0.885019 -0.465555 -0.000156875
    outer loop
      vertex 1.63146 -3.28691 3.5
      vertex 1.51504 -3.06568 3.75
      vertex 1.51604 -3.06757 3.71736
    endloop
  endfacet
  facet normal -0.884984 -0.465621 -7.1791e-05
    outer loop
      vertex 1.63146 -3.28691 3.5
      vertex 1.51604 -3.06757 3.71736
      vertex 1.51901 -3.07321 3.6853
    endloop
  endfacet
  facet normal -0.885045 -0.465504 -0.000243184
    outer loop
      vertex 1.63146 -3.28691 3.5
      vertex 1.51901 -3.07321 3.6853
      vertex 1.52391 -3.08251 3.65433
    endloop
  endfacet
  facet normal -0.884826 -0.465922 0.000463213
    outer loop
      vertex 1.63146 -3.28691 3.5
      vertex 1.52391 -3.08251 3.65433
      vertex 1.53064 -3.09532 3.625
    endloop
  endfacet
  facet normal -0.885056 -0.465484 0.00012673
    outer loop
      vertex 1.76795 -3.54629 6.87804
      vertex 1.51504 -3.06568 5.90712
      vertex 1.77083 -3.55177 6.8631
    endloop
  endfacet
  facet normal -0.884925 -0.465733 9.24387e-05
    outer loop
      vertex 1.63146 -3.28691 3.5
      vertex 1.53064 -3.09532 3.625
      vertex 1.5391 -3.1114 3.59781
    endloop
  endfacet
  facet normal -0.884938 -0.46571 3.91888e-05
    outer loop
      vertex 1.63146 -3.28691 3.5
      vertex 1.5391 -3.1114 3.59781
      vertex 1.54914 -3.13048 3.57323
    endloop
  endfacet
  facet normal -0.885009 -0.465574 -0.000329912
    outer loop
      vertex 1.63146 -3.28691 3.5
      vertex 1.54914 -3.13048 3.57323
      vertex 1.56059 -3.15223 3.55167
    endloop
  endfacet
  facet normal -0.884865 -0.465848 0.000581764
    outer loop
      vertex 1.63146 -3.28691 3.5
      vertex 1.56059 -3.15223 3.55167
      vertex 1.57325 -3.1763 3.53349
    endloop
  endfacet
  facet normal -0.884781 -0.466008 -0.00018206
    outer loop
      vertex 1.75664 -3.5248 6.9529
      vertex 1.51504 -3.06568 5.90712
      vertex 1.75865 -3.52861 6.93686
    endloop
  endfacet
  facet normal -0.884995 -0.4656 -0.000464215
    outer loop
      vertex 1.63146 -3.28691 3.5
      vertex 1.57325 -3.1763 3.53349
      vertex 1.58691 -3.20225 3.51903
    endloop
  endfacet
  facet normal -0.885069 -0.465458 -0.00126712
    outer loop
      vertex 1.63146 -3.28691 3.5
      vertex 1.58691 -3.20225 3.51903
      vertex 1.60134 -3.22966 3.50851
    endloop
  endfacet
  facet normal -0.884842 -0.465884 0.00240067
    outer loop
      vertex 1.63146 -3.28691 3.5
      vertex 1.60134 -3.22966 3.50851
      vertex 1.61626 -3.25803 3.50214
    endloop
  endfacet
  facet normal -0.884952 -0.465683 0
    outer loop
      vertex 1.51504 -3.06568 5.90712
      vertex 1.75102 -3.51412 7.01364
      vertex 1.51504 -3.06568 7.73334
    endloop
  endfacet
  facet normal -0.884949 -0.465689 -5.64255e-06
    outer loop
      vertex 1.51504 -3.06568 3.75
      vertex 1.63146 -3.28691 3.5
      vertex 2.02912 -4.04262 6.5
    endloop
  endfacet
  facet normal -0.884986 -0.465618 -5.87008e-05
    outer loop
      vertex 1.748 -3.50838 7.09613
      vertex 1.51504 -3.06568 7.73334
      vertex 1.75003 -3.51223 7.0298
    endloop
  endfacet
  facet normal -0.884879 -0.465821 0.000122084
    outer loop
      vertex 1.74788 -3.50815 7.10394
      vertex 1.51504 -3.06568 7.73334
      vertex 1.748 -3.50838 7.09613
    endloop
  endfacet
  facet normal -0.884954 -0.465679 1.70772e-06
    outer loop
      vertex 1.53089 -3.09579 7.73928
      vertex 1.74788 -3.50815 7.10394
      vertex 1.57635 -3.18218 7.75635
    endloop
  endfacet
  facet normal -0.88495 -0.465686 1.35349e-06
    outer loop
      vertex 1.63982 -3.3028 7.8274
      vertex 1.74788 -3.50815 7.10394
      vertex 1.64955 -3.32129 7.84536
    endloop
  endfacet
  facet normal -0.884813 -0.465946 0.000477243
    outer loop
      vertex 1.63146 -3.28691 11.55
      vertex 1.73902 -3.49132 11.3957
      vertex 1.73229 -3.47851 11.425
    endloop
  endfacet
  facet normal -0.884957 -0.465673 -0
    outer loop
      vertex 1.74788 -3.50815 11.26
      vertex 1.28221 -2.6232 11.25
      vertex 1.74788 -3.50815 11.25
    endloop
  endfacet
  facet normal -0.884956 -0.465674 -2.52478e-05
    outer loop
      vertex 1.28221 -2.6232 11.25
      vertex 1.74788 -3.50815 11.26
      vertex 1.73902 -3.49132 11.3957
    endloop
  endfacet
  facet normal -0.884942 -0.465702 -0
    outer loop
      vertex 1.74788 -3.50815 11.25
      vertex 1.72643 -3.46739 8
      vertex 1.74788 -3.50815 7.10394
    endloop
  endfacet
  facet normal -0.88492 -0.465744 2.45e-06
    outer loop
      vertex 1.70793 -3.43224 7.95305
      vertex 1.74788 -3.50815 7.10394
      vertex 1.72643 -3.46739 8
    endloop
  endfacet
  facet normal -0.884964 -0.46566 -7.14568e-06
    outer loop
      vertex 1.64955 -3.32129 7.84536
      vertex 1.74788 -3.50815 7.10394
      vertex 1.70793 -3.43224 7.95305
    endloop
  endfacet
  facet normal -0.885056 -0.465484 -7.19503e-05
    outer loop
      vertex 1.62814 -3.28059 7.81432
      vertex 1.74788 -3.50815 7.10394
      vertex 1.63982 -3.3028 7.8274
    endloop
  endfacet
  facet normal -0.88494 -0.465705 1.83058e-05
    outer loop
      vertex 1.57635 -3.18218 7.75635
      vertex 1.74788 -3.50815 7.10394
      vertex 1.62814 -3.28059 7.81432
    endloop
  endfacet
  facet normal -0.884894 -0.465792 9.58357e-05
    outer loop
      vertex 1.51504 -3.06568 7.73334
      vertex 1.74788 -3.50815 7.10394
      vertex 1.53089 -3.09579 7.73928
    endloop
  endfacet
  facet normal -0.884748 -0.46607 0.000307603
    outer loop
      vertex 1.75003 -3.51223 7.0298
      vertex 1.51504 -3.06568 7.73334
      vertex 1.75102 -3.51412 7.01364
    endloop
  endfacet
  facet normal -0.884952 -0.465682 7.6133e-07
    outer loop
      vertex 1.75102 -3.51412 7.01364
      vertex 1.51504 -3.06568 5.90712
      vertex 1.75664 -3.5248 6.9529
    endloop
  endfacet
  facet normal -0.884979 -0.46563 3.45886e-05
    outer loop
      vertex 1.75865 -3.52861 6.93686
      vertex 1.51504 -3.06568 5.90712
      vertex 1.76795 -3.54629 6.87804
    endloop
  endfacet
  facet normal -0.884963 -0.465662 1.15183e-05
    outer loop
      vertex 1.51504 -3.06568 5.90712
      vertex 1.7836 -3.57604 6.80746
      vertex 1.77083 -3.55177 6.8631
    endloop
  endfacet
  facet normal -0.884862 -0.465852 -0.000126441
    outer loop
      vertex 1.51504 -3.06568 5.90712
      vertex 1.78744 -3.58333 6.79317
      vertex 1.7836 -3.57604 6.80746
    endloop
  endfacet
  facet normal -0.884928 -0.465727 -3.27558e-05
    outer loop
      vertex 1.51504 -3.06568 5.90712
      vertex 1.80352 -3.61388 6.7415
      vertex 1.78744 -3.58333 6.79317
    endloop
  endfacet
  facet normal -0.885034 -0.465526 0.000135419
    outer loop
      vertex 1.51504 -3.06568 5.90712
      vertex 1.80811 -3.62261 6.72865
      vertex 1.80352 -3.61388 6.7415
    endloop
  endfacet
  facet normal -0.884917 -0.465749 -5.71566e-05
    outer loop
      vertex 1.51504 -3.06568 5.90712
      vertex 1.82725 -3.65897 6.68179
      vertex 1.80811 -3.62261 6.72865
    endloop
  endfacet
  facet normal -0.885024 -0.465545 0.0001418
    outer loop
      vertex 1.51504 -3.06568 5.90712
      vertex 1.83254 -3.66903 6.67043
      vertex 1.82725 -3.65897 6.68179
    endloop
  endfacet
  facet normal -0.884963 -0.465661 2.55211e-05
    outer loop
      vertex 1.51504 -3.06568 5.90712
      vertex 1.85436 -3.7105 6.62933
      vertex 1.83254 -3.66903 6.67043
    endloop
  endfacet
  facet normal -0.885009 -0.465574 0.000124265
    outer loop
      vertex 1.51504 -3.06568 5.90712
      vertex 1.86034 -3.72187 6.61948
      vertex 1.85436 -3.7105 6.62933
    endloop
  endfacet
  facet normal -0.884947 -0.465691 -1.30657e-05
    outer loop
      vertex 1.51504 -3.06568 5.90712
      vertex 1.8844 -3.76759 6.58495
      vertex 1.86034 -3.72187 6.61948
    endloop
  endfacet
  facet normal -0.884986 -0.465617 8.48326e-05
    outer loop
      vertex 1.51504 -3.06568 5.90712
      vertex 1.89106 -3.78025 6.57671
      vertex 1.8844 -3.76759 6.58495
    endloop
  endfacet
  facet normal -0.884934 -0.465717 -5.12549e-05
    outer loop
      vertex 1.51504 -3.06568 5.90712
      vertex 1.91697 -3.82948 6.54929
      vertex 1.89106 -3.78025 6.57671
    endloop
  endfacet
  facet normal -0.884893 -0.465795 -0.000169511
    outer loop
      vertex 1.51504 -3.06568 5.90712
      vertex 1.92393 -3.8427 6.54309
      vertex 1.91697 -3.82948 6.54929
    endloop
  endfacet
  facet normal -0.884951 -0.465684 2.67018e-06
    outer loop
      vertex 1.51504 -3.06568 5.90712
      vertex 1.95132 -3.89475 6.52312
      vertex 1.92393 -3.8427 6.54309
    endloop
  endfacet
  facet normal -0.884995 -0.465601 0.000145322
    outer loop
      vertex 1.51504 -3.06568 5.90712
      vertex 1.95879 -3.90895 6.51881
      vertex 1.95132 -3.89475 6.52312
    endloop
  endfacet
  facet normal -0.884975 -0.465638 7.98904e-05
    outer loop
      vertex 1.51504 -3.06568 5.90712
      vertex 1.98707 -3.9627 6.50674
      vertex 1.95879 -3.90895 6.51881
    endloop
  endfacet
  facet normal -0.884848 -0.46588 -0.000382422
    outer loop
      vertex 1.51504 -3.06568 5.90712
      vertex 1.9946 -3.977 6.50461
      vertex 1.98707 -3.9627 6.50674
    endloop
  endfacet
  facet normal -0.884948 -0.46569 -1.13982e-05
    outer loop
      vertex 1.51504 -3.06568 5.90712
      vertex 2.02549 -4.0357 6.50026
      vertex 1.9946 -3.977 6.50461
    endloop
  endfacet
  facet normal -0.885519 -0.464598 0.00226452
    outer loop
      vertex 1.51504 -3.06568 5.90712
      vertex 2.02912 -4.04262 6.5
      vertex 2.02549 -4.0357 6.50026
    endloop
  endfacet
  facet normal -0.884955 -0.465676 -1.45399e-06
    outer loop
      vertex 10.1578 -19.4901 3.5
      vertex 2.02912 -4.04262 6.5
      vertex 1.63146 -3.28691 3.5
    endloop
  endfacet
  facet normal -0.881428 -0.472054 -0.0158085
    outer loop
      vertex 10.765 -20.6441 4.10394
      vertex 10.1578 -19.4901 3.5
      vertex 10.1615 -19.497 3.49974
    endloop
  endfacet
  facet normal -0.884899 -0.465783 -0.000436145
    outer loop
      vertex 10.765 -20.6441 4.10394
      vertex 10.1615 -19.497 3.49974
      vertex 10.1924 -19.5557 3.49539
    endloop
  endfacet
  facet normal -0.885463 -0.464705 0.00202312
    outer loop
      vertex 10.765 -20.6441 4.10394
      vertex 10.1924 -19.5557 3.49539
      vertex 10.1999 -19.57 3.49326
    endloop
  endfacet
  facet normal -0.884313 -0.466892 0.00156221
    outer loop
      vertex 10.5555 -20.2458 2.39999
      vertex 10.4401 -20.0265 2.61736
      vertex 10.443 -20.0321 2.5853
    endloop
  endfacet
  facet normal -0.88493 -0.465724 -0.000159022
    outer loop
      vertex 10.5555 -20.2458 2.39999
      vertex 10.443 -20.0321 2.5853
      vertex 10.4479 -20.0414 2.55432
    endloop
  endfacet
  facet normal -0.884953 -0.46568 0
    outer loop
      vertex 10.4391 -20.0246 2.64999
      vertex 10.5555 -20.2458 2.39999
      vertex 10.4391 -20.0246 2.89606
    endloop
  endfacet
  facet normal -0.902399 -0.43037 -0.0213972
    outer loop
      vertex 10.4593 -20.0631 2.51
      vertex 10.4479 -20.0414 2.55432
      vertex 10.4547 -20.0542 2.52499
    endloop
  endfacet
  facet normal -0.884969 -0.46565 -1.72013e-05
    outer loop
      vertex 10.9746 -21.0423 2.39999
      vertex 10.4391 -20.0246 2.89606
      vertex 10.5555 -20.2458 2.39999
    endloop
  endfacet
  facet normal -0.884651 -0.466254 0.000737461
    outer loop
      vertex 10.4479 -20.0414 2.55432
      vertex 10.4593 -20.0631 2.51
      vertex 10.5555 -20.2458 2.39999
    endloop
  endfacet
  facet normal -0.878723 -0.477244 0.00916968
    outer loop
      vertex 10.4732 -20.0894 2.47322
      vertex 10.4593 -20.0631 2.51
      vertex 10.4624 -20.069 2.5
    endloop
  endfacet
  facet normal -0.894898 -0.44576 -0.0213367
    outer loop
      vertex 10.4732 -20.0894 2.47322
      vertex 10.4624 -20.069 2.5
      vertex 10.4631 -20.0703 2.4978
    endloop
  endfacet
  facet normal -0.885375 -0.464872 -0.0021912
    outer loop
      vertex 10.4593 -20.0631 2.51
      vertex 10.4732 -20.0894 2.47322
      vertex 10.5555 -20.2458 2.39999
    endloop
  endfacet
  facet normal -0.887092 -0.461463 -0.0108996
    outer loop
      vertex 10.4391 -20.0246 2.89606
      vertex 10.9746 -21.0423 2.39999
      vertex 10.4389 -20.0244 2.90387
    endloop
  endfacet
  facet normal -0.883865 -0.467709 0.00556532
    outer loop
      vertex 10.5555 -20.2458 2.39999
      vertex 10.4732 -20.0894 2.47322
      vertex 10.4846 -20.1112 2.45166
    endloop
  endfacet
  facet normal -0.885654 -0.46431 -0.0057447
    outer loop
      vertex 10.5555 -20.2458 2.39999
      vertex 10.4846 -20.1112 2.45166
      vertex 10.4973 -20.1352 2.43349
    endloop
  endfacet
  facet normal -0.884938 -0.465709 -3.21151e-05
    outer loop
      vertex 11.091 -21.2635 2.64999
      vertex 10.4389 -20.0244 2.90387
      vertex 10.9746 -21.0423 2.39999
    endloop
  endfacet
  facet normal -0.883529 -0.468248 0.0109505
    outer loop
      vertex 10.5555 -20.2458 2.39999
      vertex 10.4973 -20.1352 2.43349
      vertex 10.5109 -20.1612 2.41902
    endloop
  endfacet
  facet normal -0.884937 -0.465711 -2.02609e-05
    outer loop
      vertex 10.9341 -20.9654 3.54929
      vertex 10.4389 -20.0244 2.90387
      vertex 11.091 -21.2635 2.64999
    endloop
  endfacet
  facet normal -0.885584 -0.464344 -0.0112226
    outer loop
      vertex 10.5555 -20.2458 2.39999
      vertex 10.5109 -20.1612 2.41902
      vertex 10.5254 -20.1886 2.40851
    endloop
  endfacet
  facet normal -0.88367 -0.467748 0.0183966
    outer loop
      vertex 10.5555 -20.2458 2.39999
      vertex 10.5254 -20.1886 2.40851
      vertex 10.5403 -20.217 2.40213
    endloop
  endfacet
  facet normal -0.885132 -0.465339 0.000671752
    outer loop
      vertex 10.4389 -20.0244 2.90387
      vertex 10.9341 -20.9654 3.54929
      vertex 10.4369 -20.0205 2.9702
    endloop
  endfacet
  facet normal -0.884964 -0.46566 -1.30251e-05
    outer loop
      vertex 10.4369 -20.0205 2.9702
      vertex 10.9082 -20.9162 3.57671
      vertex 10.4359 -20.0186 2.98636
    endloop
  endfacet
  facet normal -0.884955 -0.465676 6.0293e-08
    outer loop
      vertex 10.1578 -19.4901 3.5
      vertex 10.6486 -20.4228 6.5
      vertex 2.02912 -4.04262 6.5
    endloop
  endfacet
  facet normal -0.885016 -0.465561 0.000103338
    outer loop
      vertex 10.765 -20.6441 4.10394
      vertex 10.1999 -19.57 3.49326
      vertex 10.2282 -19.6238 3.48119
    endloop
  endfacet
  facet normal -0.886194 -0.463289 0.00484174
    outer loop
      vertex 10.765 -20.6441 4.10394
      vertex 10.2282 -19.6238 3.48119
      vertex 10.2356 -19.638 3.47688
    endloop
  endfacet
  facet normal -0.885027 -0.46554 0.000244901
    outer loop
      vertex 10.765 -20.6441 4.10394
      vertex 10.2356 -19.638 3.47688
      vertex 10.263 -19.6901 3.45691
    endloop
  endfacet
  facet normal -0.88406 -0.467363 -0.00310172
    outer loop
      vertex 10.7652 -20.6443 4.09613
      vertex 10.263 -19.6901 3.45691
      vertex 10.27 -19.7033 3.45071
    endloop
  endfacet
  facet normal -0.884909 -0.465763 -0.000131441
    outer loop
      vertex 10.7672 -20.6481 4.0298
      vertex 10.27 -19.7033 3.45071
      vertex 10.2959 -19.7525 3.42329
    endloop
  endfacet
  facet normal -0.886139 -0.463398 0.00444532
    outer loop
      vertex 10.7682 -20.65 4.01364
      vertex 10.2959 -19.7525 3.42329
      vertex 10.3025 -19.7652 3.41505
    endloop
  endfacet
  facet normal -0.884754 -0.466058 -0.0006877
    outer loop
      vertex 10.7738 -20.6607 3.9529
      vertex 10.3025 -19.7652 3.41505
      vertex 10.3266 -19.8109 3.38052
    endloop
  endfacet
  facet normal -0.884203 -0.467095 -0.00274625
    outer loop
      vertex 10.7758 -20.6645 3.93686
      vertex 10.3266 -19.8109 3.38052
      vertex 10.3326 -19.8222 3.37067
    endloop
  endfacet
  facet normal -0.885091 -0.465417 0.000482547
    outer loop
      vertex 10.7851 -20.6822 3.87804
      vertex 10.3326 -19.8222 3.37067
      vertex 10.3544 -19.8637 3.32957
    endloop
  endfacet
  facet normal -0.88515 -0.465305 0.000729759
    outer loop
      vertex 10.788 -20.6877 3.8631
      vertex 10.3544 -19.8637 3.32957
      vertex 10.3597 -19.8738 3.31821
    endloop
  endfacet
  facet normal -0.884936 -0.465712 6.54783e-05
    outer loop
      vertex 10.8008 -20.7119 3.80746
      vertex 10.3597 -19.8738 3.31821
      vertex 10.3788 -19.9101 3.27135
    endloop
  endfacet
  facet normal -0.885331 -0.464959 0.00148727
    outer loop
      vertex 10.8046 -20.7192 3.79317
      vertex 10.3788 -19.9101 3.27135
      vertex 10.3834 -19.9189 3.2585
    endloop
  endfacet
  facet normal -0.884778 -0.466011 -0.000611291
    outer loop
      vertex 10.8207 -20.7498 3.7415
      vertex 10.3834 -19.9189 3.2585
      vertex 10.3995 -19.9494 3.20683
    endloop
  endfacet
  facet normal -0.885452 -0.464727 0.00194472
    outer loop
      vertex 10.8253 -20.7585 3.72865
      vertex 10.3995 -19.9494 3.20683
      vertex 10.4033 -19.9567 3.19254
    endloop
  endfacet
  facet normal -0.884906 -0.465769 -0.000154676
    outer loop
      vertex 10.8444 -20.7949 3.68179
      vertex 10.4033 -19.9567 3.19254
      vertex 10.4161 -19.981 3.1369
    endloop
  endfacet
  facet normal -0.884862 -0.465853 -0.000261799
    outer loop
      vertex 10.8497 -20.8049 3.67043
      vertex 10.4161 -19.981 3.1369
      vertex 10.419 -19.9865 3.12196
    endloop
  endfacet
  facet normal -0.885046 -0.465503 0.000405345
    outer loop
      vertex 10.4359 -20.0186 2.98636
      vertex 10.9016 -20.9035 3.58495
      vertex 10.4303 -20.0079 3.0471
    endloop
  endfacet
  facet normal -0.884971 -0.465645 0
    outer loop
      vertex 10.1578 -19.4901 3.5
      vertex 10.765 -20.6441 4.10394
      vertex 10.765 -20.6441 6.25
    endloop
  endfacet
  facet normal -0.885018 -0.465557 4.71181e-05
    outer loop
      vertex 10.1578 -19.4901 3.5
      vertex 10.765 -20.6441 6.25
      vertex 10.6486 -20.4228 6.5
    endloop
  endfacet
  facet normal -0.885048 -0.465499 -1.83614e-05
    outer loop
      vertex 10.764 -20.6422 6.28264
      vertex 10.6486 -20.4228 6.5
      vertex 10.765 -20.6441 6.25
    endloop
  endfacet
  facet normal -0.883693 -0.468056 0.00328163
    outer loop
      vertex 10.7611 -20.6365 6.3147
      vertex 10.6486 -20.4228 6.5
      vertex 10.764 -20.6422 6.28264
    endloop
  endfacet
  facet normal -0.88493 -0.465724 -0.000159089
    outer loop
      vertex 10.7562 -20.6272 6.34567
      vertex 10.6486 -20.4228 6.5
      vertex 10.7611 -20.6365 6.3147
    endloop
  endfacet
  facet normal -0.883991 -0.467489 0.00371613
    outer loop
      vertex 10.741 -20.5983 6.40219
      vertex 10.6486 -20.4228 6.5
      vertex 10.7494 -20.6144 6.375
    endloop
  endfacet
  facet normal -0.886238 -0.463191 -0.00611783
    outer loop
      vertex 10.7309 -20.5793 6.42677
      vertex 10.6486 -20.4228 6.5
      vertex 10.741 -20.5983 6.40219
    endloop
  endfacet
  facet normal -0.884834 -0.465901 0.00228831
    outer loop
      vertex 10.6788 -20.4801 6.49149
      vertex 10.7068 -20.5334 6.46651
      vertex 10.6932 -20.5075 6.48097
    endloop
  endfacet
  facet normal -0.885086 -0.465427 -0.00115318
    outer loop
      vertex 10.6486 -20.4228 6.5
      vertex 10.7195 -20.5575 6.44833
      vertex 10.6638 -20.4517 6.49786
    endloop
  endfacet
  facet normal -0.883652 -0.468103 0.00617478
    outer loop
      vertex 10.6638 -20.4517 6.49786
      vertex 10.7195 -20.5575 6.44833
      vertex 10.6788 -20.4801 6.49149
    endloop
  endfacet
  facet normal -0.884102 -0.467267 0.00499311
    outer loop
      vertex 10.7195 -20.5575 6.44833
      vertex 10.6486 -20.4228 6.5
      vertex 10.7309 -20.5793 6.42677
    endloop
  endfacet
  facet normal -0.886248 -0.463183 -0.00509566
    outer loop
      vertex 10.6788 -20.4801 6.49149
      vertex 10.7195 -20.5575 6.44833
      vertex 10.7068 -20.5334 6.46651
    endloop
  endfacet
  facet normal -0.881952 -0.471222 -0.0105181
    outer loop
      vertex 10.263 -19.6901 3.45691
      vertex 10.7652 -20.6443 4.09613
      vertex 10.765 -20.6441 4.10394
    endloop
  endfacet
  facet normal -0.884942 -0.465702 -3.27407e-06
    outer loop
      vertex 10.27 -19.7033 3.45071
      vertex 10.7672 -20.6481 4.0298
      vertex 10.7652 -20.6443 4.09613
    endloop
  endfacet
  facet normal -0.884944 -0.465697 -7.36261e-06
    outer loop
      vertex 10.2959 -19.7525 3.42329
      vertex 10.7682 -20.65 4.01364
      vertex 10.7672 -20.6481 4.0298
    endloop
  endfacet
  facet normal -0.885027 -0.46554 0.000413617
    outer loop
      vertex 10.3025 -19.7652 3.41505
      vertex 10.7738 -20.6607 3.9529
      vertex 10.7682 -20.65 4.01364
    endloop
  endfacet
  facet normal -0.884942 -0.465702 -1.34372e-05
    outer loop
      vertex 10.3266 -19.8109 3.38052
      vertex 10.7758 -20.6645 3.93686
      vertex 10.7738 -20.6607 3.9529
    endloop
  endfacet
  facet normal -0.885015 -0.465563 0.00016715
    outer loop
      vertex 10.3326 -19.8222 3.37067
      vertex 10.7851 -20.6822 3.87804
      vertex 10.7758 -20.6645 3.93686
    endloop
  endfacet
  facet normal -0.884881 -0.465817 -0.000278612
    outer loop
      vertex 10.3544 -19.8637 3.32957
      vertex 10.788 -20.6877 3.8631
      vertex 10.7851 -20.6822 3.87804
    endloop
  endfacet
  facet normal -0.884727 -0.466109 -0.000802843
    outer loop
      vertex 10.3597 -19.8738 3.31821
      vertex 10.8008 -20.7119 3.80746
      vertex 10.788 -20.6877 3.8631
    endloop
  endfacet
  facet normal -0.885452 -0.464727 0.00194472
    outer loop
      vertex 10.3788 -19.9101 3.27135
      vertex 10.8046 -20.7192 3.79317
      vertex 10.8008 -20.7119 3.80746
    endloop
  endfacet
  facet normal -0.884939 -0.465706 5.96477e-05
    outer loop
      vertex 10.3834 -19.9189 3.2585
      vertex 10.8207 -20.7498 3.7415
      vertex 10.8046 -20.7192 3.79317
    endloop
  endfacet
  facet normal -0.884663 -0.466231 -0.00103055
    outer loop
      vertex 10.3995 -19.9494 3.20683
      vertex 10.8253 -20.7585 3.72865
      vertex 10.8207 -20.7498 3.7415
    endloop
  endfacet
  facet normal -0.885116 -0.465369 0.000719731
    outer loop
      vertex 10.4033 -19.9567 3.19254
      vertex 10.8444 -20.7949 3.68179
      vertex 10.8253 -20.7585 3.72865
    endloop
  endfacet
  facet normal -0.884438 -0.466655 -0.00184594
    outer loop
      vertex 10.4161 -19.981 3.1369
      vertex 10.8497 -20.8049 3.67043
      vertex 10.8444 -20.7949 3.68179
    endloop
  endfacet
  facet normal -0.885077 -0.465444 0.000516786
    outer loop
      vertex 10.419 -19.9865 3.12196
      vertex 10.8715 -20.8464 3.62933
      vertex 10.8497 -20.8049 3.67043
    endloop
  endfacet
  facet normal -0.884832 -0.46591 -0.000491714
    outer loop
      vertex 10.4283 -20.0041 3.06314
      vertex 10.8715 -20.8464 3.62933
      vertex 10.419 -19.9865 3.12196
    endloop
  endfacet
  facet normal -0.884946 -0.465693 -7.91886e-05
    outer loop
      vertex 10.8715 -20.8464 3.62933
      vertex 10.4283 -20.0041 3.06314
      vertex 10.8775 -20.8578 3.61948
    endloop
  endfacet
  facet normal -0.884961 -0.465665 -2.46329e-05
    outer loop
      vertex 10.4303 -20.0079 3.0471
      vertex 10.8775 -20.8578 3.61948
      vertex 10.4283 -20.0041 3.06314
    endloop
  endfacet
  facet normal -0.884766 -0.466035 -0.000726083
    outer loop
      vertex 10.8775 -20.8578 3.61948
      vertex 10.4303 -20.0079 3.0471
      vertex 10.9016 -20.9035 3.58495
    endloop
  endfacet
  facet normal -0.88615 -0.463378 0.00440586
    outer loop
      vertex 10.9016 -20.9035 3.58495
      vertex 10.4359 -20.0186 2.98636
      vertex 10.9082 -20.9162 3.57671
    endloop
  endfacet
  facet normal -0.884919 -0.465745 -0.000173567
    outer loop
      vertex 10.9082 -20.9162 3.57671
      vertex 10.4369 -20.0205 2.9702
      vertex 10.9341 -20.9654 3.54929
    endloop
  endfacet
  facet normal -0.884912 -0.465759 -0
    outer loop
      vertex 11.091 -21.2635 3.26451
      vertex 10.9341 -20.9654 3.54929
      vertex 11.091 -21.2635 2.64999
    endloop
  endfacet
  facet normal -0.885121 -0.46536 -0.000354066
    outer loop
      vertex 10.9411 -20.9786 3.54309
      vertex 11.091 -21.2635 3.26451
      vertex 10.9685 -21.0307 3.52312
    endloop
  endfacet
  facet normal -0.885053 -0.465489 7.93539e-05
    outer loop
      vertex 11.0707 -21.225 2.51
      vertex 10.9746 -21.0423 2.39999
      vertex 10.9898 -21.0712 2.40213
    endloop
  endfacet
  facet normal -0.882033 -0.471132 0.00720997
    outer loop
      vertex 10.9341 -20.9654 3.54929
      vertex 11.091 -21.2635 3.26451
      vertex 10.9411 -20.9786 3.54309
    endloop
  endfacet
  facet normal -0.884765 -0.466037 -0.000918303
    outer loop
      vertex 11.0707 -21.225 2.51
      vertex 10.9898 -21.0712 2.40213
      vertex 11.0047 -21.0995 2.40851
    endloop
  endfacet
  facet normal -0.88397 -0.467539 0.00215288
    outer loop
      vertex 10.9685 -21.0307 3.52312
      vertex 11.091 -21.2635 3.26451
      vertex 10.976 -21.0449 3.51881
    endloop
  endfacet
  facet normal -0.886622 -0.462472 0.00469823
    outer loop
      vertex 11.0707 -21.225 2.51
      vertex 11.0047 -21.0995 2.40851
      vertex 11.0191 -21.127 2.41902
    endloop
  endfacet
  facet normal -0.885073 -0.465451 -0.000140628
    outer loop
      vertex 10.976 -21.0449 3.51881
      vertex 11.091 -21.2635 3.26451
      vertex 10.9973 -21.0854 3.5097
    endloop
  endfacet
  facet normal -0.882597 -0.470094 -0.00579417
    outer loop
      vertex 11.0707 -21.225 2.51
      vertex 11.0191 -21.127 2.41902
      vertex 11.0328 -21.1529 2.43349
    endloop
  endfacet
  facet normal -0.885 -0.465591 -1.15852e-05
    outer loop
      vertex 11.09 -21.2616 3.29715
      vertex 10.9973 -21.0854 3.5097
      vertex 11.091 -21.2635 3.26451
    endloop
  endfacet
  facet normal -0.883497 -0.468422 -0.00377341
    outer loop
      vertex 11.0707 -21.225 2.51
      vertex 11.0328 -21.1529 2.43349
      vertex 11.0455 -21.177 2.45166
    endloop
  endfacet
  facet normal -0.885927 -0.46382 -0.00188364
    outer loop
      vertex 11.087 -21.256 3.32921
      vertex 10.9973 -21.0854 3.5097
      vertex 11.09 -21.2616 3.29715
    endloop
  endfacet
  facet normal -0.884707 -0.466146 -0.00137818
    outer loop
      vertex 11.0707 -21.225 2.51
      vertex 11.0455 -21.177 2.45166
      vertex 11.0569 -21.1987 2.47322
    endloop
  endfacet
  facet normal -0.886115 -0.463454 -0.00318326
    outer loop
      vertex 11.0754 -21.2339 3.38951
      vertex 10.9973 -21.0854 3.5097
      vertex 11.0822 -21.2467 3.36018
    endloop
  endfacet
  facet normal -0.795926 -0.590817 -0.132048
    outer loop
      vertex 11.0676 -21.2191 2.5
      vertex 11.0569 -21.1987 2.47322
      vertex 11.067 -21.2178 2.4978
    endloop
  endfacet
  facet normal -0.883646 -0.468137 0.00420672
    outer loop
      vertex 11.067 -21.2178 3.4167
      vertex 10.9973 -21.0854 3.5097
      vertex 11.0754 -21.2339 3.38951
    endloop
  endfacet
  facet normal -0.886717 -0.462308 0.0021205
    outer loop
      vertex 11.0707 -21.225 2.51
      vertex 11.0569 -21.1987 2.47322
      vertex 11.0676 -21.2191 2.5
    endloop
  endfacet
  facet normal -0.885011 -0.465571 -9.3231e-05
    outer loop
      vertex 10.9746 -21.0423 2.39999
      vertex 11.0707 -21.225 2.51
      vertex 11.087 -21.256 2.5853
    endloop
  endfacet
  facet normal -0.887453 -0.460875 0.00461914
    outer loop
      vertex 11.0822 -21.2467 2.55432
      vertex 11.0707 -21.225 2.51
      vertex 11.0754 -21.2339 2.52499
    endloop
  endfacet
  facet normal -0.889771 -0.455611 -0.0269386
    outer loop
      vertex 11.0047 -21.0995 3.506
      vertex 11.0328 -21.1529 3.48102
      vertex 11.0191 -21.127 3.49548
    endloop
  endfacet
  facet normal -0.875488 -0.483149 -0.00939141
    outer loop
      vertex 11.087 -21.256 2.5853
      vertex 11.0707 -21.225 2.51
      vertex 11.0822 -21.2467 2.55432
    endloop
  endfacet
  facet normal -0.889465 -0.456883 -0.0104609
    outer loop
      vertex 11.0455 -21.177 3.46284
      vertex 11.067 -21.2178 3.4167
      vertex 11.0569 -21.1987 3.44128
    endloop
  endfacet
  facet normal -0.885676 -0.4643 0.00177638
    outer loop
      vertex 10.9746 -21.0423 2.39999
      vertex 11.087 -21.256 2.5853
      vertex 11.09 -21.2616 2.61736
    endloop
  endfacet
  facet normal -0.88598 -0.463697 -0.00490061
    outer loop
      vertex 10.9973 -21.0854 3.5097
      vertex 11.0455 -21.177 3.46284
      vertex 11.0047 -21.0995 3.506
    endloop
  endfacet
  facet normal -0.884955 -0.465676 5.24981e-06
    outer loop
      vertex 10.9746 -21.0423 2.39999
      vertex 11.09 -21.2616 2.61736
      vertex 11.091 -21.2635 2.64999
    endloop
  endfacet
  facet normal -0.8854 -0.464824 -0.00232878
    outer loop
      vertex 11.0047 -21.0995 3.506
      vertex 11.0455 -21.177 3.46284
      vertex 11.0328 -21.1529 3.48102
    endloop
  endfacet
  facet normal -0.885188 -0.465231 -0.00108615
    outer loop
      vertex 11.0455 -21.177 3.46284
      vertex 10.9973 -21.0854 3.5097
      vertex 11.067 -21.2178 3.4167
    endloop
  endfacet
  facet normal -0.88346 -0.468491 0.00375693
    outer loop
      vertex 11.0822 -21.2467 3.36018
      vertex 10.9973 -21.0854 3.5097
      vertex 11.087 -21.256 3.32921
    endloop
  endfacet
  facet normal -0.884942 -0.465702 0
    outer loop
      vertex 1.30366 -2.66396 8
      vertex 1.28221 -2.6232 11.25
      vertex 1.28221 -2.6232 6.68312
    endloop
  endfacet
  facet normal -0.884958 -0.465671 -4.97629e-07
    outer loop
      vertex 1.72643 -3.46739 8
      vertex 1.28221 -2.6232 11.25
      vertex 1.30366 -2.66396 8
    endloop
  endfacet
  facet normal -0.884875 -0.465828 0.000134419
    outer loop
      vertex 1.35567 -2.76281 6.45073
      vertex 1.28221 -2.6232 6.68312
      vertex 1.2832 -2.62509 6.65048
    endloop
  endfacet
  facet normal -0.884957 -0.465673 4.51788e-07
    outer loop
      vertex 1.74788 -3.50815 11.25
      vertex 1.28221 -2.6232 11.25
      vertex 1.72643 -3.46739 8
    endloop
  endfacet
  facet normal -0.885004 -0.465584 -8.00852e-05
    outer loop
      vertex 1.35567 -2.76281 6.45073
      vertex 1.2832 -2.62509 6.65048
      vertex 1.28617 -2.63073 6.61842
    endloop
  endfacet
  facet normal -0.884959 -0.465669 8.34999e-06
    outer loop
      vertex 1.73902 -3.49132 11.3957
      vertex 1.63146 -3.28691 11.55
      vertex 1.28221 -2.6232 11.25
    endloop
  endfacet
  facet normal -0.884989 -0.465612 -5.1434e-05
    outer loop
      vertex 1.35567 -2.76281 6.45073
      vertex 1.28617 -2.63073 6.61842
      vertex 1.29107 -2.64004 6.58745
    endloop
  endfacet
  facet normal -0.884959 -0.46567 6.98815e-06
    outer loop
      vertex 1.39863 -2.84444 11.55
      vertex 1.28221 -2.6232 11.25
      vertex 1.63146 -3.28691 11.55
    endloop
  endfacet
  facet normal -0.884825 -0.465923 0.000304961
    outer loop
      vertex 1.35567 -2.76281 6.45073
      vertex 1.29107 -2.64004 6.58745
      vertex 1.2978 -2.65284 6.55812
    endloop
  endfacet
  facet normal -0.884955 -0.465677 0
    outer loop
      vertex 1.28221 -2.6232 11.25
      vertex 1.39863 -2.84444 11.55
      vertex 1.28221 -2.6232 11.26
    endloop
  endfacet
  facet normal -0.884955 -0.465677 0
    outer loop
      vertex 1.28221 -2.6232 11.26
      vertex 1.39863 -2.84444 11.55
      vertex 1.28221 -2.6232 11.3
    endloop
  endfacet
  facet normal -0.8852 -0.46521 -0.000628065
    outer loop
      vertex 1.35567 -2.76281 6.45073
      vertex 1.2978 -2.65284 6.55812
      vertex 1.30627 -2.66892 6.53093
    endloop
  endfacet
  facet normal -0.885021 -0.465551 -0.000117912
    outer loop
      vertex 1.35567 -2.76281 6.45073
      vertex 1.30627 -2.66892 6.53093
      vertex 1.31631 -2.688 6.50635
    endloop
  endfacet
  facet normal -0.884972 -0.465645 2.23926e-06
    outer loop
      vertex 1.28221 -2.6232 6.68312
      vertex 1.32216 -2.69912 7.95305
      vertex 1.30366 -2.66396 8
    endloop
  endfacet
  facet normal -0.884814 -0.465944 0.000556563
    outer loop
      vertex 1.35567 -2.76281 6.45073
      vertex 1.31631 -2.688 6.50635
      vertex 1.32775 -2.70975 6.48479
    endloop
  endfacet
  facet normal -0.885342 -0.464939 -0.00144167
    outer loop
      vertex 1.35567 -2.76281 6.45073
      vertex 1.32775 -2.70975 6.48479
      vertex 1.34042 -2.73382 6.46661
    endloop
  endfacet
  facet normal -0.890769 -0.453637 -0.0272859
    outer loop
      vertex 1.35567 -2.76281 6.45073
      vertex 1.34042 -2.73382 6.46661
      vertex 1.35412 -2.75985 6.45212
    endloop
  endfacet
  facet normal -0.884893 -0.465794 0.000108382
    outer loop
      vertex 1.28221 -2.6232 6.68312
      vertex 1.35567 -2.76281 6.45073
      vertex 1.36247 -2.77573 6.44354
    endloop
  endfacet
  facet normal -0.884983 -0.465624 -2.94879e-05
    outer loop
      vertex 1.28221 -2.6232 6.68312
      vertex 1.36247 -2.77573 6.44354
      vertex 1.38751 -2.82332 6.41251
    endloop
  endfacet
  facet normal -0.88495 -0.465687 -9.29702e-07
    outer loop
      vertex 1.28221 -2.6232 6.68312
      vertex 1.38054 -2.81006 7.84536
      vertex 1.32216 -2.69912 7.95305
    endloop
  endfacet
  facet normal -0.884567 -0.466413 0.000715445
    outer loop
      vertex 1.28221 -2.6232 6.68312
      vertex 1.38751 -2.82332 6.41251
      vertex 1.39383 -2.83532 6.40344
    endloop
  endfacet
  facet normal -0.88495 -0.465687 -9.29621e-07
    outer loop
      vertex 1.28221 -2.6232 6.68312
      vertex 1.39027 -2.82855 7.8274
      vertex 1.38054 -2.81006 7.84536
    endloop
  endfacet
  facet normal -0.884959 -0.46567 -4.38744e-06
    outer loop
      vertex 1.28221 -2.6232 6.68312
      vertex 1.39383 -2.83532 6.40344
      vertex 1.51504 -3.06568 7.73334
    endloop
  endfacet
  facet normal -0.885062 -0.465473 4.80194e-05
    outer loop
      vertex 1.28221 -2.6232 6.68312
      vertex 1.40195 -2.85076 7.81432
      vertex 1.39027 -2.82855 7.8274
    endloop
  endfacet
  facet normal -0.885005 -0.465582 1.51045e-05
    outer loop
      vertex 1.51504 -3.06568 7.73334
      vertex 1.39383 -2.83532 6.40344
      vertex 1.41684 -2.87906 6.36554
    endloop
  endfacet
  facet normal -0.884687 -0.466186 -9.02836e-05
    outer loop
      vertex 1.51504 -3.06568 7.73334
      vertex 1.41684 -2.87906 6.36554
      vertex 1.42249 -2.88978 6.3549
    endloop
  endfacet
  facet normal -0.884986 -0.465617 2.47726e-06
    outer loop
      vertex 1.51504 -3.06568 7.73334
      vertex 1.42249 -2.88978 6.3549
      vertex 1.44293 -2.92863 6.31104
    endloop
  endfacet
  facet normal -0.884907 -0.465768 -1.60712e-05
    outer loop
      vertex 1.51504 -3.06568 7.73334
      vertex 1.44293 -2.92863 6.31104
      vertex 1.44802 -2.9383 6.29858
    endloop
  endfacet
  facet normal -0.884939 -0.465707 -1.22173e-05
    outer loop
      vertex 1.28221 -2.6232 6.68312
      vertex 1.45374 -2.94917 7.75635
      vertex 1.40195 -2.85076 7.81432
    endloop
  endfacet
  facet normal -0.885017 -0.465559 7.63966e-06
    outer loop
      vertex 1.51504 -3.06568 7.73334
      vertex 1.44802 -2.9383 6.29858
      vertex 1.4656 -2.97172 6.24939
    endloop
  endfacet
  facet normal -0.8846 -0.46635 -5.63576e-05
    outer loop
      vertex 1.51504 -3.06568 7.73334
      vertex 1.4656 -2.97172 6.24939
      vertex 1.46985 -2.97978 6.23576
    endloop
  endfacet
  facet normal -0.885027 -0.465539 3.07503e-06
    outer loop
      vertex 1.51504 -3.06568 7.73334
      vertex 1.46985 -2.97978 6.23576
      vertex 1.48431 -3.00727 6.18195
    endloop
  endfacet
  facet normal -0.884757 -0.466053 -2.16329e-05
    outer loop
      vertex 1.51504 -3.06568 7.73334
      vertex 1.48431 -3.00727 6.18195
      vertex 1.48765 -3.01361 6.16745
    endloop
  endfacet
  facet normal -0.885011 -0.465571 -1.17887e-06
    outer loop
      vertex 1.51504 -3.06568 7.73334
      vertex 1.48765 -3.01361 6.16745
      vertex 1.49875 -3.03471 6.10994
    endloop
  endfacet
  facet normal -0.884954 -0.465679 -1.07602e-06
    outer loop
      vertex 1.28221 -2.6232 6.68312
      vertex 1.4992 -3.03556 7.73928
      vertex 1.45374 -2.94917 7.75635
    endloop
  endfacet
  facet normal -0.885042 -0.46551 2.99585e-07
    outer loop
      vertex 1.51504 -3.06568 7.73334
      vertex 1.49875 -3.03471 6.10994
      vertex 1.50118 -3.03933 6.09456
    endloop
  endfacet
  facet normal -0.884926 -0.465732 -4.25882e-06
    outer loop
      vertex 1.51504 -3.06568 7.73334
      vertex 1.50118 -3.03933 6.09456
      vertex 1.50868 -3.05358 6.03453
    endloop
  endfacet
  facet normal -0.885451 -0.464732 4.83232e-06
    outer loop
      vertex 1.51504 -3.06568 7.73334
      vertex 1.50868 -3.05358 6.03453
      vertex 1.51016 -3.0564 6.01855
    endloop
  endfacet
  facet normal -0.884507 -0.466527 -7.56929e-06
    outer loop
      vertex 1.51504 -3.06568 7.73334
      vertex 1.51016 -3.0564 6.01855
      vertex 1.51409 -3.06385 5.95465
    endloop
  endfacet
  facet normal -0.888063 -0.459722 1.33193e-06
    outer loop
      vertex 1.51504 -3.06568 7.73334
      vertex 1.51409 -3.06385 5.95465
      vertex 1.51453 -3.0647 5.94283
    endloop
  endfacet
  facet normal -0.884543 -0.466458 -3.35756e-06
    outer loop
      vertex 1.51504 -3.06568 7.73334
      vertex 1.51453 -3.0647 5.94283
      vertex 1.51501 -3.06561 5.91185
    endloop
  endfacet
  facet normal -0.885063 -0.465472 0.000102206
    outer loop
      vertex 1.28221 -2.6232 6.68312
      vertex 1.51504 -3.06568 7.73334
      vertex 1.4992 -3.03556 7.73928
    endloop
  endfacet
  facet normal -0.919145 -0.393919 -0
    outer loop
      vertex 1.51504 -3.06568 7.73334
      vertex 1.51501 -3.06561 5.91185
      vertex 1.51504 -3.06568 5.90712
    endloop
  endfacet
  facet normal -0.884975 -0.465639 6.76173e-05
    outer loop
      vertex 1.2832 -2.62509 11.3326
      vertex 1.39863 -2.84444 11.55
      vertex 1.28617 -2.63073 11.3647
    endloop
  endfacet
  facet normal -0.884873 -0.465833 -0.000254844
    outer loop
      vertex 1.29107 -2.64004 11.3957
      vertex 1.39863 -2.84444 11.55
      vertex 1.2978 -2.65284 11.425
    endloop
  endfacet
  facet normal -0.885053 -0.46549 0.00041622
    outer loop
      vertex 1.2978 -2.65284 11.425
      vertex 1.39863 -2.84444 11.55
      vertex 1.30627 -2.66892 11.4522
    endloop
  endfacet
  facet normal -0.884957 -0.465673 -2.88757e-06
    outer loop
      vertex 1.30627 -2.66892 11.4522
      vertex 1.39863 -2.84444 11.55
      vertex 1.31631 -2.688 11.4768
    endloop
  endfacet
  facet normal -0.884882 -0.465816 -0.000392846
    outer loop
      vertex 1.31631 -2.688 11.4768
      vertex 1.39863 -2.84444 11.55
      vertex 1.32775 -2.70975 11.4983
    endloop
  endfacet
  facet normal -0.884995 -0.465601 0.000323146
    outer loop
      vertex 1.32775 -2.70975 11.4983
      vertex 1.39863 -2.84444 11.55
      vertex 1.34042 -2.73382 11.5165
    endloop
  endfacet
  facet normal -0.884866 -0.465845 -0.000706409
    outer loop
      vertex 1.34042 -2.73382 11.5165
      vertex 1.39863 -2.84444 11.55
      vertex 1.35407 -2.75977 11.531
    endloop
  endfacet
  facet normal -0.88502 -0.465552 0.000957733
    outer loop
      vertex 1.35407 -2.75977 11.531
      vertex 1.39863 -2.84444 11.55
      vertex 1.3685 -2.78718 11.5415
    endloop
  endfacet
  facet normal -0.885006 -0.465578 0.000732332
    outer loop
      vertex 1.3685 -2.78718 11.5415
      vertex 1.39863 -2.84444 11.55
      vertex 1.38343 -2.81555 11.5479
    endloop
  endfacet
  facet normal -0.884962 -0.465663 3.18595e-05
    outer loop
      vertex 1.28617 -2.63073 11.3647
      vertex 1.39863 -2.84444 11.55
      vertex 1.29107 -2.64004 11.3957
    endloop
  endfacet
  facet normal -0.885053 -0.46549 -0.00041622
    outer loop
      vertex 1.72382 -3.46243 11.4522
      vertex 1.63146 -3.28691 11.55
      vertex 1.73229 -3.47851 11.425
    endloop
  endfacet
  facet normal -0.884957 -0.465673 2.88757e-06
    outer loop
      vertex 1.71378 -3.44335 11.4768
      vertex 1.63146 -3.28691 11.55
      vertex 1.72382 -3.46243 11.4522
    endloop
  endfacet
  facet normal -0.884882 -0.465816 0.000392846
    outer loop
      vertex 1.70234 -3.4216 11.4983
      vertex 1.63146 -3.28691 11.55
      vertex 1.71378 -3.44335 11.4768
    endloop
  endfacet
  facet normal -0.884518 -0.466501 0.00220829
    outer loop
      vertex 1.66159 -3.34417 11.5415
      vertex 1.68967 -3.39753 11.5165
      vertex 1.67602 -3.37158 11.531
    endloop
  endfacet
  facet normal -0.885033 -0.465529 -0.00044467
    outer loop
      vertex 1.66159 -3.34417 11.5415
      vertex 1.70234 -3.4216 11.4983
      vertex 1.68967 -3.39753 11.5165
    endloop
  endfacet
  facet normal -0.884944 -0.465698 -5.77007e-05
    outer loop
      vertex 1.64666 -3.3158 11.5479
      vertex 1.70234 -3.4216 11.4983
      vertex 1.66159 -3.34417 11.5415
    endloop
  endfacet
  facet normal -0.884893 -0.465794 -0.000132105
    outer loop
      vertex 1.28221 -2.6232 11.3
      vertex 1.39863 -2.84444 11.55
      vertex 1.2832 -2.62509 11.3326
    endloop
  endfacet
  facet normal -0.884994 -0.465602 -0.000318104
    outer loop
      vertex 1.63146 -3.28691 11.55
      vertex 1.70234 -3.4216 11.4983
      vertex 1.64666 -3.3158 11.5479
    endloop
  endfacet
  facet normal -0.884873 -0.465833 -0
    outer loop
      vertex 1.74788 -3.50815 11.3
      vertex 1.73902 -3.49132 11.3957
      vertex 1.74788 -3.50815 11.26
    endloop
  endfacet
  facet normal -0.884484 -0.466571 0.000165715
    outer loop
      vertex 1.73902 -3.49132 11.3957
      vertex 1.74788 -3.50815 11.3
      vertex 1.74392 -3.50062 11.3647
    endloop
  endfacet
  facet normal -0.884315 -0.46689 0.000213192
    outer loop
      vertex 1.74392 -3.50062 11.3647
      vertex 1.74788 -3.50815 11.3
      vertex 1.74689 -3.50626 11.3326
    endloop
  endfacet
  facet normal -0.884658 -0.466239 -0.000836839
    outer loop
      vertex 11.091 -21.2635 2.5
      vertex 11.0707 -21.225 2.51
      vertex 11.0676 -21.2191 2.5
    endloop
  endfacet
  facet normal -0.884569 -0.466409 0
    outer loop
      vertex 11.0707 -21.225 2.51
      vertex 11.091 -21.2635 2.5
      vertex 11.091 -21.2635 2.51
    endloop
  endfacet
  facet normal -0.885743 -0.464169 -0.00278528
    outer loop
      vertex 10.7494 -20.6144 6.375
      vertex 10.6486 -20.4228 6.5
      vertex 10.7562 -20.6272 6.34567
    endloop
  endfacet
  facet normal 0.0907621 -0.172712 -0.980782
    outer loop
      vertex 12.755 -20.1785 2.40851
      vertex 12.7597 -20.1398 2.40213
      vertex 12.7746 -20.1682 2.40851
    endloop
  endfacet
  facet normal 0.0913213 -0.17277 -0.98072
    outer loop
      vertex 12.7597 -20.1398 2.40213
      vertex 12.755 -20.1785 2.40851
      vertex 12.7387 -20.1509 2.40213
    endloop
  endfacet
  facet normal 0.0906415 -0.173363 -0.980678
    outer loop
      vertex 10.9898 -21.0712 2.40213
      vertex 11.0244 -21.0892 2.40851
      vertex 11.0047 -21.0995 2.40851
    endloop
  endfacet
  facet normal 0.091145 -0.172436 -0.980795
    outer loop
      vertex 11.0244 -21.0892 2.40851
      vertex 10.9898 -21.0712 2.40213
      vertex 11.0108 -21.0601 2.40213
    endloop
  endfacet
  facet normal 0.150079 -0.283846 -0.947052
    outer loop
      vertex 12.7717 -20.2048 2.41902
      vertex 12.7746 -20.1682 2.40851
      vertex 12.7891 -20.1956 2.41902
    endloop
  endfacet
  facet normal 0.149148 -0.283817 -0.947208
    outer loop
      vertex 12.7746 -20.1682 2.40851
      vertex 12.7717 -20.2048 2.41902
      vertex 12.755 -20.1785 2.40851
    endloop
  endfacet
  facet normal 0.149899 -0.283504 -0.947183
    outer loop
      vertex 11.0047 -21.0995 2.40851
      vertex 11.0365 -21.1178 2.41902
      vertex 11.0191 -21.127 2.41902
    endloop
  endfacet
  facet normal 0.148978 -0.284939 -0.946898
    outer loop
      vertex 11.0365 -21.1178 2.41902
      vertex 11.0047 -21.0995 2.40851
      vertex 11.0244 -21.0892 2.40851
    endloop
  endfacet
  facet normal 0.205431 -0.391688 -0.896872
    outer loop
      vertex 12.7884 -20.2291 2.43349
      vertex 12.7891 -20.1956 2.41902
      vertex 12.8027 -20.2216 2.43349
    endloop
  endfacet
  facet normal 0.207043 -0.391581 -0.896547
    outer loop
      vertex 12.7891 -20.1956 2.41902
      vertex 12.7884 -20.2291 2.43349
      vertex 12.7717 -20.2048 2.41902
    endloop
  endfacet
  facet normal 0.205668 -0.39214 -0.89662
    outer loop
      vertex 11.0191 -21.127 2.41902
      vertex 11.0471 -21.1454 2.43349
      vertex 11.0328 -21.1529 2.43349
    endloop
  endfacet
  facet normal 0.206668 -0.390873 -0.896943
    outer loop
      vertex 11.0471 -21.1454 2.43349
      vertex 11.0191 -21.127 2.41902
      vertex 11.0365 -21.1178 2.41902
    endloop
  endfacet
  facet normal 0.259993 -0.491624 -0.831089
    outer loop
      vertex 12.805 -20.2511 2.45166
      vertex 12.8027 -20.2216 2.43349
      vertex 12.8154 -20.2456 2.45166
    endloop
  endfacet
  facet normal 0.258047 -0.492009 -0.831468
    outer loop
      vertex 12.8027 -20.2216 2.43349
      vertex 12.805 -20.2511 2.45166
      vertex 12.7884 -20.2291 2.43349
    endloop
  endfacet
  facet normal 0.25941 -0.49052 -0.831923
    outer loop
      vertex 11.0328 -21.1529 2.43349
      vertex 11.0559 -21.1715 2.45166
      vertex 11.0455 -21.177 2.45166
    endloop
  endfacet
  facet normal 0.257994 -0.491908 -0.831544
    outer loop
      vertex 11.0559 -21.1715 2.45166
      vertex 11.0328 -21.1529 2.43349
      vertex 11.0471 -21.1454 2.43349
    endloop
  endfacet
  facet normal 0.306973 -0.583249 -0.752056
    outer loop
      vertex 12.8211 -20.2704 2.47322
      vertex 12.8154 -20.2456 2.45166
      vertex 12.8268 -20.2674 2.47322
    endloop
  endfacet
  facet normal 0.308219 -0.582813 -0.751884
    outer loop
      vertex 12.8154 -20.2456 2.45166
      vertex 12.8211 -20.2704 2.47322
      vertex 12.805 -20.2511 2.45166
    endloop
  endfacet
  facet normal 0.303426 -0.586623 -0.750871
    outer loop
      vertex 11.0455 -21.177 2.45166
      vertex 11.0627 -21.1957 2.47322
      vertex 11.0569 -21.1987 2.47322
    endloop
  endfacet
  facet normal 0.308333 -0.58303 -0.751669
    outer loop
      vertex 11.0627 -21.1957 2.47322
      vertex 11.0455 -21.177 2.45166
      vertex 11.0559 -21.1715 2.45166
    endloop
  endfacet
  facet normal 0.350209 -0.665397 -0.659242
    outer loop
      vertex 12.8268 -20.2674 2.47322
      vertex 12.8364 -20.2867 2.4978
      vertex 12.8211 -20.2704 2.47322
    endloop
  endfacet
  facet normal 0.279627 -0.699068 -0.658113
    outer loop
      vertex 12.8364 -20.2867 2.4978
      vertex 12.8268 -20.2674 2.47322
      vertex 12.8369 -20.2865 2.4978
    endloop
  endfacet
  facet normal 0.345071 -0.667137 -0.660193
    outer loop
      vertex 11.0627 -21.1957 2.47322
      vertex 11.067 -21.2178 2.4978
      vertex 11.0569 -21.1987 2.47322
    endloop
  endfacet
  facet normal 0.335327 -0.670653 -0.661649
    outer loop
      vertex 11.067 -21.2178 2.4978
      vertex 11.0627 -21.1957 2.47322
      vertex 11.0674 -21.2176 2.4978
    endloop
  endfacet
  facet normal 0.3114 -0.778499 -0.544949
    outer loop
      vertex 12.8375 -20.2878 2.5
      vertex 12.8364 -20.2867 2.4978
      vertex 12.8369 -20.2865 2.4978
    endloop
  endfacet
  facet normal 0.386581 -0.734724 -0.557437
    outer loop
      vertex 12.8407 -20.2937 2.51
      vertex 11.0754 -21.2339 2.52499
      vertex 11.0707 -21.225 2.51
    endloop
  endfacet
  facet normal 0.388242 -0.73776 -0.552248
    outer loop
      vertex 11.0754 -21.2339 2.52499
      vertex 12.8407 -20.2937 2.51
      vertex 12.8453 -20.3025 2.52499
    endloop
  endfacet
  facet normal 0.374879 -0.749758 -0.545279
    outer loop
      vertex 11.0676 -21.2191 2.5
      vertex 11.067 -21.2178 2.4978
      vertex 11.0674 -21.2176 2.4978
    endloop
  endfacet
  facet normal 0.417501 -0.793359 -0.443028
    outer loop
      vertex 12.8453 -20.3025 2.52499
      vertex 11.0822 -21.2467 2.55432
      vertex 11.0754 -21.2339 2.52499
    endloop
  endfacet
  facet normal 0.417501 -0.793359 -0.443028
    outer loop
      vertex 11.0822 -21.2467 2.55432
      vertex 12.8453 -20.3025 2.52499
      vertex 12.8521 -20.3153 2.55432
    endloop
  endfacet
  facet normal 0.441203 -0.838399 -0.320042
    outer loop
      vertex 12.8521 -20.3153 2.55432
      vertex 11.087 -21.256 2.5853
      vertex 11.0822 -21.2467 2.55432
    endloop
  endfacet
  facet normal 0.440982 -0.838027 -0.321319
    outer loop
      vertex 11.087 -21.256 2.5853
      vertex 12.8521 -20.3153 2.55432
      vertex 12.857 -20.3246 2.5853
    endloop
  endfacet
  facet normal 0.456795 -0.868077 -0.194374
    outer loop
      vertex 12.857 -20.3246 2.5853
      vertex 11.09 -21.2616 2.61736
      vertex 11.087 -21.256 2.5853
    endloop
  endfacet
  facet normal 0.456662 -0.867869 -0.195607
    outer loop
      vertex 11.09 -21.2616 2.61736
      vertex 12.857 -20.3246 2.5853
      vertex 12.8599 -20.3303 2.61736
    endloop
  endfacet
  facet normal 0.464653 -0.883055 -0.0656591
    outer loop
      vertex 12.8599 -20.3303 2.61736
      vertex 11.091 -21.2635 2.64999
      vertex 11.09 -21.2616 2.61736
    endloop
  endfacet
  facet normal 0.464653 -0.883055 -0.0656591
    outer loop
      vertex 11.091 -21.2635 2.64999
      vertex 12.8599 -20.3303 2.61736
      vertex 12.8609 -20.3322 2.64999
    endloop
  endfacet
  facet normal 0.465658 -0.884965 0
    outer loop
      vertex 11.091 -21.2635 2.64999
      vertex 12.8609 -20.3322 3.26451
      vertex 11.091 -21.2635 3.26451
    endloop
  endfacet
  facet normal 0.465658 -0.884965 0
    outer loop
      vertex 12.8609 -20.3322 3.26451
      vertex 11.091 -21.2635 2.64999
      vertex 12.8609 -20.3322 2.64999
    endloop
  endfacet
  facet normal 0.464654 -0.883056 0.0656391
    outer loop
      vertex 11.091 -21.2635 3.26451
      vertex 12.8599 -20.3303 3.29715
      vertex 11.09 -21.2616 3.29715
    endloop
  endfacet
  facet normal 0.464654 -0.883056 0.0656391
    outer loop
      vertex 12.8599 -20.3303 3.29715
      vertex 11.091 -21.2635 3.26451
      vertex 12.8609 -20.3322 3.26451
    endloop
  endfacet
  facet normal 0.456795 -0.868077 0.194374
    outer loop
      vertex 11.09 -21.2616 3.29715
      vertex 12.857 -20.3246 3.32921
      vertex 11.087 -21.256 3.32921
    endloop
  endfacet
  facet normal 0.456662 -0.867869 0.195607
    outer loop
      vertex 12.857 -20.3246 3.32921
      vertex 11.09 -21.2616 3.29715
      vertex 12.8599 -20.3303 3.29715
    endloop
  endfacet
  facet normal 0.441188 -0.838372 0.320134
    outer loop
      vertex 11.087 -21.256 3.32921
      vertex 12.8521 -20.3153 3.36018
      vertex 11.0822 -21.2467 3.36018
    endloop
  endfacet
  facet normal 0.440967 -0.837999 0.321412
    outer loop
      vertex 12.8521 -20.3153 3.36018
      vertex 11.087 -21.256 3.32921
      vertex 12.857 -20.3246 3.32921
    endloop
  endfacet
  facet normal 0.417501 -0.793359 0.443028
    outer loop
      vertex 11.0822 -21.2467 3.36018
      vertex 12.8453 -20.3025 3.38951
      vertex 11.0754 -21.2339 3.38951
    endloop
  endfacet
  facet normal 0.417501 -0.793359 0.443028
    outer loop
      vertex 12.8453 -20.3025 3.38951
      vertex 11.0822 -21.2467 3.36018
      vertex 12.8521 -20.3153 3.36018
    endloop
  endfacet
  facet normal 0.387235 -0.735925 0.555394
    outer loop
      vertex 11.0754 -21.2339 3.38951
      vertex 12.8369 -20.2865 3.4167
      vertex 11.067 -21.2178 3.4167
    endloop
  endfacet
  facet normal 0.38785 -0.737014 0.553518
    outer loop
      vertex 12.8369 -20.2865 3.4167
      vertex 11.0754 -21.2339 3.38951
      vertex 12.8453 -20.3025 3.38951
    endloop
  endfacet
  facet normal 0.349748 -0.664683 0.660207
    outer loop
      vertex 11.067 -21.2178 3.4167
      vertex 12.8268 -20.2674 3.44128
      vertex 11.0569 -21.1987 3.44128
    endloop
  endfacet
  facet normal 0.349748 -0.664683 0.660207
    outer loop
      vertex 12.8268 -20.2674 3.44128
      vertex 11.067 -21.2178 3.4167
      vertex 12.8369 -20.2865 3.4167
    endloop
  endfacet
  facet normal 0.306915 -0.58328 0.752056
    outer loop
      vertex 12.8154 -20.2456 3.46284
      vertex 11.0569 -21.1987 3.44128
      vertex 12.8268 -20.2674 3.44128
    endloop
  endfacet
  facet normal 0.307566 -0.584454 0.750877
    outer loop
      vertex 11.0569 -21.1987 3.44128
      vertex 12.8154 -20.2456 3.46284
      vertex 11.0455 -21.177 3.46284
    endloop
  endfacet
  facet normal 0.259091 -0.49234 0.830947
    outer loop
      vertex 12.8027 -20.2216 3.48102
      vertex 11.0455 -21.177 3.46284
      vertex 12.8154 -20.2456 3.46284
    endloop
  endfacet
  facet normal 0.258487 -0.491245 0.831783
    outer loop
      vertex 11.0455 -21.177 3.46284
      vertex 12.8027 -20.2216 3.48102
      vertex 11.0328 -21.1529 3.48102
    endloop
  endfacet
  facet normal 0.205842 -0.391195 0.896993
    outer loop
      vertex 12.7891 -20.1956 3.49548
      vertex 11.0328 -21.1529 3.48102
      vertex 12.8027 -20.2216 3.48102
    endloop
  endfacet
  facet normal 0.206087 -0.391641 0.896742
    outer loop
      vertex 11.0328 -21.1529 3.48102
      vertex 12.7891 -20.1956 3.49548
      vertex 11.0191 -21.127 3.49548
    endloop
  endfacet
  facet normal 0.149647 -0.284384 0.946959
    outer loop
      vertex 12.7746 -20.1682 3.506
      vertex 11.0191 -21.127 3.49548
      vertex 12.7891 -20.1956 3.49548
    endloop
  endfacet
  facet normal 0.14946 -0.284043 0.947091
    outer loop
      vertex 11.0191 -21.127 3.49548
      vertex 12.7746 -20.1682 3.506
      vertex 11.0047 -21.0995 3.506
    endloop
  endfacet
  facet normal 0.105391 -0.200291 0.974052
    outer loop
      vertex 12.7672 -20.1541 3.5097
      vertex 11.0047 -21.0995 3.506
      vertex 12.7746 -20.1682 3.506
    endloop
  endfacet
  facet normal 0.105391 -0.200291 0.974052
    outer loop
      vertex 11.0047 -21.0995 3.506
      vertex 12.7672 -20.1541 3.5097
      vertex 10.9973 -21.0854 3.5097
    endloop
  endfacet
  facet normal 0.0907519 -0.17247 0.980825
    outer loop
      vertex 12.7459 -20.1135 3.51881
      vertex 10.9973 -21.0854 3.5097
      vertex 12.7672 -20.1541 3.5097
    endloop
  endfacet
  facet normal 0.0909284 -0.172787 0.980753
    outer loop
      vertex 10.9973 -21.0854 3.5097
      vertex 12.7459 -20.1135 3.51881
      vertex 10.976 -21.0449 3.51881
    endloop
  endfacet
  facet normal 0.120715 -0.229389 0.96582
    outer loop
      vertex 12.7384 -20.0993 3.52312
      vertex 10.976 -21.0449 3.51881
      vertex 12.7459 -20.1135 3.51881
    endloop
  endfacet
  facet normal 0.120715 -0.229389 0.96582
    outer loop
      vertex 10.976 -21.0449 3.51881
      vertex 12.7384 -20.0993 3.52312
      vertex 10.9685 -21.0307 3.52312
    endloop
  endfacet
  facet normal 0.149813 -0.284684 0.946843
    outer loop
      vertex 12.711 -20.0473 3.54309
      vertex 10.9685 -21.0307 3.52312
      vertex 12.7384 -20.0993 3.52312
    endloop
  endfacet
  facet normal 0.149599 -0.284307 0.94699
    outer loop
      vertex 10.9685 -21.0307 3.52312
      vertex 12.711 -20.0473 3.54309
      vertex 10.9411 -20.9786 3.54309
    endloop
  endfacet
  facet normal 0.177576 -0.337477 0.924433
    outer loop
      vertex 12.704 -20.034 3.54929
      vertex 10.9411 -20.9786 3.54309
      vertex 12.711 -20.0473 3.54309
    endloop
  endfacet
  facet normal 0.178489 -0.339175 0.923635
    outer loop
      vertex 10.9411 -20.9786 3.54309
      vertex 12.704 -20.034 3.54929
      vertex 10.9341 -20.9654 3.54929
    endloop
  endfacet
  facet normal 0.205977 -0.391409 0.896868
    outer loop
      vertex 12.6781 -19.9848 3.57671
      vertex 10.9341 -20.9654 3.54929
      vertex 12.704 -20.034 3.54929
    endloop
  endfacet
  facet normal 0.205977 -0.391409 0.896868
    outer loop
      vertex 10.9341 -20.9654 3.54929
      vertex 12.6781 -19.9848 3.57671
      vertex 10.9082 -20.9162 3.57671
    endloop
  endfacet
  facet normal 0.232356 -0.441537 0.866635
    outer loop
      vertex 12.6715 -19.9721 3.58495
      vertex 10.9082 -20.9162 3.57671
      vertex 12.6781 -19.9848 3.57671
    endloop
  endfacet
  facet normal 0.232356 -0.441537 0.866635
    outer loop
      vertex 10.9082 -20.9162 3.57671
      vertex 12.6715 -19.9721 3.58495
      vertex 10.9016 -20.9035 3.58495
    endloop
  endfacet
  facet normal 0.258771 -0.491731 0.831407
    outer loop
      vertex 12.6474 -19.9264 3.61948
      vertex 10.9016 -20.9035 3.58495
      vertex 12.6715 -19.9721 3.58495
    endloop
  endfacet
  facet normal 0.258771 -0.491731 0.831407
    outer loop
      vertex 10.9016 -20.9035 3.58495
      vertex 12.6474 -19.9264 3.61948
      vertex 10.8775 -20.8578 3.61948
    endloop
  endfacet
  facet normal 0.284093 -0.53985 0.792372
    outer loop
      vertex 12.6414 -19.9151 3.62933
      vertex 10.8775 -20.8578 3.61948
      vertex 12.6474 -19.9264 3.61948
    endloop
  endfacet
  facet normal 0.282839 -0.537525 0.794398
    outer loop
      vertex 10.8775 -20.8578 3.61948
      vertex 12.6414 -19.9151 3.62933
      vertex 10.8715 -20.8464 3.62933
    endloop
  endfacet
  facet normal 0.306986 -0.583415 0.751922
    outer loop
      vertex 12.6196 -19.8736 3.67043
      vertex 10.8715 -20.8464 3.62933
      vertex 12.6414 -19.9151 3.62933
    endloop
  endfacet
  facet normal 0.306986 -0.583415 0.751922
    outer loop
      vertex 10.8715 -20.8464 3.62933
      vertex 12.6196 -19.8736 3.67043
      vertex 10.8497 -20.8049 3.67043
    endloop
  endfacet
  facet normal 0.328602 -0.624495 0.708538
    outer loop
      vertex 12.6143 -19.8635 3.68179
      vertex 10.8497 -20.8049 3.67043
      vertex 12.6196 -19.8736 3.67043
    endloop
  endfacet
  facet normal 0.329912 -0.626918 0.705785
    outer loop
      vertex 10.8497 -20.8049 3.67043
      vertex 12.6143 -19.8635 3.68179
      vertex 10.8444 -20.7949 3.68179
    endloop
  endfacet
  facet normal 0.350057 -0.66527 0.659452
    outer loop
      vertex 10.8444 -20.7949 3.68179
      vertex 12.5952 -19.8272 3.72865
      vertex 10.8253 -20.7585 3.72865
    endloop
  endfacet
  facet normal 0.350414 -0.665877 0.658648
    outer loop
      vertex 12.5952 -19.8272 3.72865
      vertex 10.8444 -20.7949 3.68179
      vertex 12.6143 -19.8635 3.68179
    endloop
  endfacet
  facet normal 0.369725 -0.702573 0.608025
    outer loop
      vertex 10.8253 -20.7585 3.72865
      vertex 12.5906 -19.8184 3.7415
      vertex 10.8207 -20.7498 3.7415
    endloop
  endfacet
  facet normal 0.368466 -0.700255 0.611454
    outer loop
      vertex 12.5906 -19.8184 3.7415
      vertex 10.8253 -20.7585 3.72865
      vertex 12.5952 -19.8272 3.72865
    endloop
  endfacet
  facet normal 0.387 -0.735478 0.556151
    outer loop
      vertex 10.8207 -20.7498 3.7415
      vertex 12.5745 -19.7879 3.79317
      vertex 10.8046 -20.7192 3.79317
    endloop
  endfacet
  facet normal 0.387338 -0.736043 0.555167
    outer loop
      vertex 12.5745 -19.7879 3.79317
      vertex 10.8207 -20.7498 3.7415
      vertex 12.5906 -19.8184 3.7415
    endloop
  endfacet
  facet normal 0.403523 -0.76688 0.499063
    outer loop
      vertex 10.8046 -20.7192 3.79317
      vertex 12.5707 -19.7806 3.80746
      vertex 10.8008 -20.7119 3.80746
    endloop
  endfacet
  facet normal 0.403523 -0.76688 0.499063
    outer loop
      vertex 12.5707 -19.7806 3.80746
      vertex 10.8046 -20.7192 3.79317
      vertex 12.5745 -19.7879 3.79317
    endloop
  endfacet
  facet normal 0.417856 -0.794033 0.441484
    outer loop
      vertex 10.8008 -20.7119 3.80746
      vertex 12.5579 -19.7563 3.8631
      vertex 10.788 -20.6877 3.8631
    endloop
  endfacet
  facet normal 0.417557 -0.793551 0.442632
    outer loop
      vertex 12.5579 -19.7563 3.8631
      vertex 10.8008 -20.7119 3.80746
      vertex 12.5707 -19.7806 3.80746
    endloop
  endfacet
  facet normal 0.429949 -0.817013 0.384232
    outer loop
      vertex 10.788 -20.6877 3.8631
      vertex 12.555 -19.7508 3.87804
      vertex 10.7851 -20.6822 3.87804
    endloop
  endfacet
  facet normal 0.429949 -0.817013 0.384232
    outer loop
      vertex 12.555 -19.7508 3.87804
      vertex 10.788 -20.6877 3.8631
      vertex 12.5579 -19.7563 3.8631
    endloop
  endfacet
  facet normal 0.440882 -0.837879 0.321841
    outer loop
      vertex 10.7851 -20.6822 3.87804
      vertex 12.5457 -19.7332 3.93686
      vertex 10.7758 -20.6645 3.93686
    endloop
  endfacet
  facet normal 0.441121 -0.838243 0.320563
    outer loop
      vertex 12.5457 -19.7332 3.93686
      vertex 10.7851 -20.6822 3.87804
      vertex 12.555 -19.7508 3.87804
    endloop
  endfacet
  facet normal 0.449817 -0.85486 0.25861
    outer loop
      vertex 10.7758 -20.6645 3.93686
      vertex 12.5437 -19.7294 3.9529
      vertex 10.7738 -20.6607 3.9529
    endloop
  endfacet
  facet normal 0.449817 -0.85486 0.25861
    outer loop
      vertex 12.5437 -19.7294 3.9529
      vertex 10.7758 -20.6645 3.93686
      vertex 12.5457 -19.7332 3.93686
    endloop
  endfacet
  facet normal 0.456718 -0.867975 0.195011
    outer loop
      vertex 10.7738 -20.6607 3.9529
      vertex 12.5381 -19.7187 4.01364
      vertex 10.7682 -20.65 4.01364
    endloop
  endfacet
  facet normal 0.456718 -0.867975 0.195011
    outer loop
      vertex 12.5381 -19.7187 4.01364
      vertex 10.7738 -20.6607 3.9529
      vertex 12.5437 -19.7294 3.9529
    endloop
  endfacet
  facet normal 0.461601 -0.877256 0.131707
    outer loop
      vertex 10.7682 -20.65 4.01364
      vertex 12.5371 -19.7168 4.0298
      vertex 10.7672 -20.6481 4.0298
    endloop
  endfacet
  facet normal 0.461601 -0.877256 0.131707
    outer loop
      vertex 12.5371 -19.7168 4.0298
      vertex 10.7682 -20.65 4.01364
      vertex 12.5381 -19.7187 4.01364
    endloop
  endfacet
  facet normal 0.464724 -0.883096 0.0646044
    outer loop
      vertex 10.7672 -20.6481 4.0298
      vertex 12.5351 -19.7129 4.09613
      vertex 10.7652 -20.6443 4.09613
    endloop
  endfacet
  facet normal 0.464645 -0.883039 0.0659301
    outer loop
      vertex 12.5351 -19.7129 4.09613
      vertex 10.7672 -20.6481 4.0298
      vertex 12.5371 -19.7168 4.0298
    endloop
  endfacet
  facet normal 0.465398 -0.884426 0.0345666
    outer loop
      vertex 10.7652 -20.6443 4.09613
      vertex 12.535 -19.7127 4.10394
      vertex 10.765 -20.6441 4.10394
    endloop
  endfacet
  facet normal 0.465506 -0.884582 0.0286129
    outer loop
      vertex 12.535 -19.7127 4.10394
      vertex 10.7652 -20.6443 4.09613
      vertex 12.5351 -19.7129 4.09613
    endloop
  endfacet
  facet normal 0.465676 -0.884955 0
    outer loop
      vertex 10.765 -20.6441 4.10394
      vertex 12.535 -19.7127 6.25
      vertex 10.765 -20.6441 6.25
    endloop
  endfacet
  facet normal 0.465676 -0.884955 0
    outer loop
      vertex 12.535 -19.7127 6.25
      vertex 10.765 -20.6441 4.10394
      vertex 12.535 -19.7127 4.10394
    endloop
  endfacet
  facet normal 0.464672 -0.883047 0.0656391
    outer loop
      vertex 10.765 -20.6441 6.25
      vertex 12.534 -19.7108 6.28264
      vertex 10.764 -20.6422 6.28264
    endloop
  endfacet
  facet normal 0.464672 -0.883047 0.0656391
    outer loop
      vertex 12.534 -19.7108 6.28264
      vertex 10.765 -20.6441 6.25
      vertex 12.535 -19.7127 6.25
    endloop
  endfacet
  facet normal 0.456662 -0.867869 0.195607
    outer loop
      vertex 10.764 -20.6422 6.28264
      vertex 12.531 -19.7052 6.3147
      vertex 10.7611 -20.6365 6.3147
    endloop
  endfacet
  facet normal 0.456795 -0.868077 0.194374
    outer loop
      vertex 12.531 -19.7052 6.3147
      vertex 10.764 -20.6422 6.28264
      vertex 12.534 -19.7108 6.28264
    endloop
  endfacet
  facet normal 0.44095 -0.838008 0.321412
    outer loop
      vertex 10.7611 -20.6365 6.3147
      vertex 12.5261 -19.6959 6.34567
      vertex 10.7562 -20.6272 6.34567
    endloop
  endfacet
  facet normal 0.44095 -0.838008 0.321412
    outer loop
      vertex 12.5261 -19.6959 6.34567
      vertex 10.7611 -20.6365 6.3147
      vertex 12.531 -19.7052 6.3147
    endloop
  endfacet
  facet normal 0.417447 -0.793388 0.443028
    outer loop
      vertex 10.7562 -20.6272 6.34567
      vertex 12.5194 -19.6831 6.375
      vertex 10.7494 -20.6144 6.375
    endloop
  endfacet
  facet normal 0.417729 -0.793878 0.441883
    outer loop
      vertex 12.5194 -19.6831 6.375
      vertex 10.7562 -20.6272 6.34567
      vertex 12.5261 -19.6959 6.34567
    endloop
  endfacet
  facet normal 0.387235 -0.735925 0.555394
    outer loop
      vertex 10.7494 -20.6144 6.375
      vertex 12.5109 -19.667 6.40219
      vertex 10.741 -20.5983 6.40219
    endloop
  endfacet
  facet normal 0.386912 -0.735352 0.556378
    outer loop
      vertex 12.5109 -19.667 6.40219
      vertex 10.7494 -20.6144 6.375
      vertex 12.5194 -19.6831 6.375
    endloop
  endfacet
  facet normal 0.350387 -0.665863 0.658678
    outer loop
      vertex 10.741 -20.5983 6.40219
      vertex 12.5009 -19.6479 6.42677
      vertex 10.7309 -20.5793 6.42677
    endloop
  endfacet
  facet normal 0.350077 -0.665307 0.659403
    outer loop
      vertex 12.5009 -19.6479 6.42677
      vertex 10.741 -20.5983 6.40219
      vertex 12.5109 -19.667 6.40219
    endloop
  endfacet
  facet normal 0.307223 -0.583836 0.751498
    outer loop
      vertex 12.4894 -19.6262 6.44833
      vertex 10.7309 -20.5793 6.42677
      vertex 12.5009 -19.6479 6.42677
    endloop
  endfacet
  facet normal 0.306915 -0.58328 0.752056
    outer loop
      vertex 10.7309 -20.5793 6.42677
      vertex 12.4894 -19.6262 6.44833
      vertex 10.7195 -20.5575 6.44833
    endloop
  endfacet
  facet normal 0.258487 -0.491245 0.831783
    outer loop
      vertex 12.4767 -19.6021 6.46651
      vertex 10.7195 -20.5575 6.44833
      vertex 12.4894 -19.6262 6.44833
    endloop
  endfacet
  facet normal 0.258487 -0.491245 0.831783
    outer loop
      vertex 10.7195 -20.5575 6.44833
      vertex 12.4767 -19.6021 6.46651
      vertex 10.7068 -20.5334 6.46651
    endloop
  endfacet
  facet normal 0.205842 -0.391195 0.896993
    outer loop
      vertex 12.4631 -19.5761 6.48097
      vertex 10.7068 -20.5334 6.46651
      vertex 12.4767 -19.6021 6.46651
    endloop
  endfacet
  facet normal 0.20636 -0.392137 0.896462
    outer loop
      vertex 10.7068 -20.5334 6.46651
      vertex 12.4631 -19.5761 6.48097
      vertex 10.6932 -20.5075 6.48097
    endloop
  endfacet
  facet normal 0.149856 -0.284764 0.946812
    outer loop
      vertex 12.4487 -19.5487 6.49149
      vertex 10.6932 -20.5075 6.48097
      vertex 12.4631 -19.5761 6.48097
    endloop
  endfacet
  facet normal 0.149856 -0.284764 0.946812
    outer loop
      vertex 10.6932 -20.5075 6.48097
      vertex 12.4487 -19.5487 6.49149
      vertex 10.6788 -20.4801 6.49149
    endloop
  endfacet
  facet normal 0.0908387 -0.172617 0.980791
    outer loop
      vertex 12.4337 -19.5204 6.49786
      vertex 10.6788 -20.4801 6.49149
      vertex 12.4487 -19.5487 6.49149
    endloop
  endfacet
  facet normal 0.0905903 -0.172163 0.980894
    outer loop
      vertex 10.6788 -20.4801 6.49149
      vertex 12.4337 -19.5204 6.49786
      vertex 10.6638 -20.4517 6.49786
    endloop
  endfacet
  facet normal 0.0304523 -0.0578735 0.997859
    outer loop
      vertex 12.4185 -19.4915 6.5
      vertex 10.6638 -20.4517 6.49786
      vertex 12.4337 -19.5204 6.49786
    endloop
  endfacet
  facet normal 0.0304523 -0.0578735 0.997859
    outer loop
      vertex 10.6638 -20.4517 6.49786
      vertex 12.4185 -19.4915 6.5
      vertex 10.6486 -20.4228 6.5
    endloop
  endfacet
  facet normal 0 0 1
    outer loop
      vertex 3.79904 -3.11126 6.5
      vertex 10.6486 -20.4228 6.5
      vertex 12.4185 -19.4915 6.5
    endloop
  endfacet
  facet normal 0 0 1
    outer loop
      vertex 10.6486 -20.4228 6.5
      vertex 3.79904 -3.11126 6.5
      vertex 2.02912 -4.04262 6.5
    endloop
  endfacet
  facet normal 0.0154939 -0.029444 0.999446
    outer loop
      vertex 3.7954 -3.10435 6.50026
      vertex 2.02912 -4.04262 6.5
      vertex 3.79904 -3.11126 6.5
    endloop
  endfacet
  facet normal 0.0154855 -0.0294283 0.999447
    outer loop
      vertex 2.02912 -4.04262 6.5
      vertex 3.7954 -3.10435 6.50026
      vertex 2.02549 -4.0357 6.50026
    endloop
  endfacet
  facet normal 0.0304733 -0.0579106 0.997857
    outer loop
      vertex 3.76451 -3.04565 6.50461
      vertex 2.02549 -4.0357 6.50026
      vertex 3.7954 -3.10435 6.50026
    endloop
  endfacet
  facet normal 0.0304733 -0.0579106 0.997857
    outer loop
      vertex 2.02549 -4.0357 6.50026
      vertex 3.76451 -3.04565 6.50461
      vertex 1.9946 -3.977 6.50461
    endloop
  endfacet
  facet normal 0.0608477 -0.115633 0.991427
    outer loop
      vertex 3.75698 -3.03135 6.50674
      vertex 1.9946 -3.977 6.50461
      vertex 3.76451 -3.04565 6.50461
    endloop
  endfacet
  facet normal 0.0608477 -0.115633 0.991427
    outer loop
      vertex 1.9946 -3.977 6.50461
      vertex 3.75698 -3.03135 6.50674
      vertex 1.98707 -3.9627 6.50674
    endloop
  endfacet
  facet normal 0.0907559 -0.17247 0.980825
    outer loop
      vertex 3.7287 -2.97759 6.51881
      vertex 1.98707 -3.9627 6.50674
      vertex 3.75698 -3.03135 6.50674
    endloop
  endfacet
  facet normal 0.0907694 -0.172494 0.980819
    outer loop
      vertex 1.98707 -3.9627 6.50674
      vertex 3.7287 -2.97759 6.51881
      vertex 1.95879 -3.90895 6.51881
    endloop
  endfacet
  facet normal 0.12087 -0.229696 0.965728
    outer loop
      vertex 3.72123 -2.9634 6.52312
      vertex 1.95879 -3.90895 6.51881
      vertex 3.7287 -2.97759 6.51881
    endloop
  endfacet
  facet normal 0.120807 -0.229578 0.965764
    outer loop
      vertex 1.95879 -3.90895 6.51881
      vertex 3.72123 -2.9634 6.52312
      vertex 1.95132 -3.89475 6.52312
    endloop
  endfacet
  facet normal 0.149716 -0.284516 0.946909
    outer loop
      vertex 3.69384 -2.91135 6.54309
      vertex 1.95132 -3.89475 6.52312
      vertex 3.72123 -2.9634 6.52312
    endloop
  endfacet
  facet normal 0.149716 -0.284516 0.946909
    outer loop
      vertex 1.95132 -3.89475 6.52312
      vertex 3.69384 -2.91135 6.54309
      vertex 1.92393 -3.8427 6.54309
    endloop
  endfacet
  facet normal 0.17849 -0.339198 0.923627
    outer loop
      vertex 3.68688 -2.89813 6.54929
      vertex 1.92393 -3.8427 6.54309
      vertex 3.69384 -2.91135 6.54309
    endloop
  endfacet
  facet normal 0.17849 -0.339198 0.923627
    outer loop
      vertex 1.92393 -3.8427 6.54309
      vertex 3.68688 -2.89813 6.54929
      vertex 1.91697 -3.82948 6.54929
    endloop
  endfacet
  facet normal 0.205848 -0.391187 0.896994
    outer loop
      vertex 3.66097 -2.84889 6.57671
      vertex 1.91697 -3.82948 6.54929
      vertex 3.68688 -2.89813 6.54929
    endloop
  endfacet
  facet normal 0.205876 -0.391237 0.896967
    outer loop
      vertex 1.91697 -3.82948 6.54929
      vertex 3.66097 -2.84889 6.57671
      vertex 1.89106 -3.78025 6.57671
    endloop
  endfacet
  facet normal 0.232546 -0.44192 0.866389
    outer loop
      vertex 3.65431 -2.83624 6.58495
      vertex 1.89106 -3.78025 6.57671
      vertex 3.66097 -2.84889 6.57671
    endloop
  endfacet
  facet normal 0.232436 -0.441715 0.866522
    outer loop
      vertex 1.89106 -3.78025 6.57671
      vertex 3.65431 -2.83624 6.58495
      vertex 1.8844 -3.76759 6.58495
    endloop
  endfacet
  facet normal 0.258762 -0.491744 0.831403
    outer loop
      vertex 3.63025 -2.79052 6.61948
      vertex 1.8844 -3.76759 6.58495
      vertex 3.65431 -2.83624 6.58495
    endloop
  endfacet
  facet normal 0.258762 -0.491744 0.831403
    outer loop
      vertex 1.8844 -3.76759 6.58495
      vertex 3.63025 -2.79052 6.61948
      vertex 1.86034 -3.72187 6.61948
    endloop
  endfacet
  facet normal 0.283347 -0.538465 0.79358
    outer loop
      vertex 3.62427 -2.77915 6.62933
      vertex 1.86034 -3.72187 6.61948
      vertex 3.63025 -2.79052 6.61948
    endloop
  endfacet
  facet normal 0.283347 -0.538465 0.79358
    outer loop
      vertex 1.86034 -3.72187 6.61948
      vertex 3.62427 -2.77915 6.62933
      vertex 1.85436 -3.7105 6.62933
    endloop
  endfacet
  facet normal 0.307061 -0.58353 0.751802
    outer loop
      vertex 3.60245 -2.73768 6.67043
      vertex 1.85436 -3.7105 6.62933
      vertex 3.62427 -2.77915 6.62933
    endloop
  endfacet
  facet normal 0.307061 -0.58353 0.751802
    outer loop
      vertex 1.85436 -3.7105 6.62933
      vertex 3.60245 -2.73768 6.67043
      vertex 1.83254 -3.66903 6.67043
    endloop
  endfacet
  facet normal 0.329194 -0.625591 0.707296
    outer loop
      vertex 3.59716 -2.72762 6.68179
      vertex 1.83254 -3.66903 6.67043
      vertex 3.60245 -2.73768 6.67043
    endloop
  endfacet
  facet normal 0.329194 -0.625591 0.707296
    outer loop
      vertex 1.83254 -3.66903 6.67043
      vertex 3.59716 -2.72762 6.68179
      vertex 1.82725 -3.65897 6.68179
    endloop
  endfacet
  facet normal 0.350132 -0.665381 0.6593
    outer loop
      vertex 1.82725 -3.65897 6.68179
      vertex 3.57802 -2.69126 6.72865
      vertex 1.80811 -3.62261 6.72865
    endloop
  endfacet
  facet normal 0.350132 -0.665381 0.6593
    outer loop
      vertex 3.57802 -2.69126 6.72865
      vertex 1.82725 -3.65897 6.68179
      vertex 3.59716 -2.72762 6.68179
    endloop
  endfacet
  facet normal 0.369404 -0.702004 0.608876
    outer loop
      vertex 1.80811 -3.62261 6.72865
      vertex 3.57343 -2.68253 6.7415
      vertex 1.80352 -3.61388 6.7415
    endloop
  endfacet
  facet normal 0.369404 -0.702004 0.608876
    outer loop
      vertex 3.57343 -2.68253 6.7415
      vertex 1.80811 -3.62261 6.72865
      vertex 3.57802 -2.69126 6.72865
    endloop
  endfacet
  facet normal 0.387203 -0.735821 0.555555
    outer loop
      vertex 1.80352 -3.61388 6.7415
      vertex 3.55735 -2.65197 6.79317
      vertex 1.78744 -3.58333 6.79317
    endloop
  endfacet
  facet normal 0.387169 -0.735764 0.555654
    outer loop
      vertex 3.55735 -2.65197 6.79317
      vertex 1.80352 -3.61388 6.7415
      vertex 3.57343 -2.68253 6.7415
    endloop
  endfacet
  facet normal 0.403422 -0.766643 0.499508
    outer loop
      vertex 1.78744 -3.58333 6.79317
      vertex 3.55351 -2.64468 6.80746
      vertex 1.7836 -3.57604 6.80746
    endloop
  endfacet
  facet normal 0.403422 -0.766643 0.499508
    outer loop
      vertex 3.55351 -2.64468 6.80746
      vertex 1.78744 -3.58333 6.79317
      vertex 3.55735 -2.65197 6.79317
    endloop
  endfacet
  facet normal 0.417693 -0.793772 0.442106
    outer loop
      vertex 1.7836 -3.57604 6.80746
      vertex 3.54074 -2.62042 6.8631
      vertex 1.77083 -3.55177 6.8631
    endloop
  endfacet
  facet normal 0.417723 -0.79382 0.441992
    outer loop
      vertex 3.54074 -2.62042 6.8631
      vertex 1.7836 -3.57604 6.80746
      vertex 3.55351 -2.64468 6.80746
    endloop
  endfacet
  facet normal 0.430208 -0.817545 0.382808
    outer loop
      vertex 1.77083 -3.55177 6.8631
      vertex 3.53786 -2.61493 6.87804
      vertex 1.76795 -3.54629 6.87804
    endloop
  endfacet
  facet normal 0.430114 -0.817376 0.383274
    outer loop
      vertex 3.53786 -2.61493 6.87804
      vertex 1.77083 -3.55177 6.8631
      vertex 3.54074 -2.62042 6.8631
    endloop
  endfacet
  facet normal 0.440939 -0.837947 0.321585
    outer loop
      vertex 1.76795 -3.54629 6.87804
      vertex 3.52856 -2.59726 6.93686
      vertex 1.75865 -3.52861 6.93686
    endloop
  endfacet
  facet normal 0.440963 -0.837984 0.321457
    outer loop
      vertex 3.52856 -2.59726 6.93686
      vertex 1.76795 -3.54629 6.87804
      vertex 3.53786 -2.61493 6.87804
    endloop
  endfacet
  facet normal 0.449739 -0.854671 0.259369
    outer loop
      vertex 1.75865 -3.52861 6.93686
      vertex 3.52655 -2.59345 6.9529
      vertex 1.75664 -3.5248 6.9529
    endloop
  endfacet
  facet normal 0.449739 -0.854671 0.259369
    outer loop
      vertex 3.52655 -2.59345 6.9529
      vertex 1.75865 -3.52861 6.93686
      vertex 3.52856 -2.59726 6.93686
    endloop
  endfacet
  facet normal 0.456747 -0.867988 0.19488
    outer loop
      vertex 1.75664 -3.5248 6.9529
      vertex 3.52093 -2.58277 7.01364
      vertex 1.75102 -3.51412 7.01364
    endloop
  endfacet
  facet normal 0.456747 -0.867988 0.19488
    outer loop
      vertex 3.52093 -2.58277 7.01364
      vertex 1.75664 -3.5248 6.9529
      vertex 3.52655 -2.59345 6.9529
    endloop
  endfacet
  facet normal 0.461669 -0.877342 0.130893
    outer loop
      vertex 1.75102 -3.51412 7.01364
      vertex 3.51994 -2.58088 7.0298
      vertex 1.75003 -3.51223 7.0298
    endloop
  endfacet
  facet normal 0.461669 -0.877342 0.130893
    outer loop
      vertex 3.51994 -2.58088 7.0298
      vertex 1.75102 -3.51412 7.01364
      vertex 3.52093 -2.58277 7.01364
    endloop
  endfacet
  facet normal 0.464676 -0.883057 0.0654766
    outer loop
      vertex 1.75003 -3.51223 7.0298
      vertex 3.51791 -2.57703 7.09613
      vertex 1.748 -3.50838 7.09613
    endloop
  endfacet
  facet normal 0.464676 -0.883057 0.0654766
    outer loop
      vertex 3.51791 -2.57703 7.09613
      vertex 1.75003 -3.51223 7.0298
      vertex 3.51994 -2.58088 7.0298
    endloop
  endfacet
  facet normal 0.465419 -0.884468 0.0331982
    outer loop
      vertex 1.748 -3.50838 7.09613
      vertex 3.51779 -2.5768 7.10394
      vertex 1.74788 -3.50815 7.10394
    endloop
  endfacet
  facet normal 0.465419 -0.884468 0.0331982
    outer loop
      vertex 3.51779 -2.5768 7.10394
      vertex 1.748 -3.50838 7.09613
      vertex 3.51791 -2.57703 7.09613
    endloop
  endfacet
  facet normal 0.465736 -0.884923 0
    outer loop
      vertex 3.51779 -2.5768 11.3
      vertex 3.4811 -2.59611 11.3
      vertex 3.51779 -2.5768 11.26
    endloop
  endfacet
  facet normal 0.465586 -0.885003 2.88091e-05
    outer loop
      vertex 1.76799 -3.49758 8
      vertex 2.48412 -3.12074 10.9199
      vertex 2.41949 -3.15474 10.9459
    endloop
  endfacet
  facet normal 0.465576 -0.885008 3.63987e-05
    outer loop
      vertex 1.76799 -3.49758 8
      vertex 2.53021 -3.09648 10.9069
      vertex 2.50335 -3.11061 10.9122
    endloop
  endfacet
  facet normal 0.465709 -0.884938 -9.78863e-06
    outer loop
      vertex 2.58943 -3.06532 10.8952
      vertex 1.76799 -3.49758 8
      vertex 2.67625 -3.01963 10.8952
    endloop
  endfacet
  facet normal 0.46565 -0.884969 1.15679e-05
    outer loop
      vertex 2.53021 -3.09648 10.9069
      vertex 1.76799 -3.49758 8
      vertex 2.58943 -3.06532 10.8952
    endloop
  endfacet
  facet normal 0.466034 -0.884767 -0.000111395
    outer loop
      vertex 2.48412 -3.12074 10.9199
      vertex 1.76799 -3.49758 8
      vertex 2.50335 -3.11061 10.9122
    endloop
  endfacet
  facet normal 0.465676 -0.884955 3.31658e-06
    outer loop
      vertex 1.74788 -3.50815 11.25
      vertex 1.76799 -3.49758 8
      vertex 2.41949 -3.15474 10.9459
    endloop
  endfacet
  facet normal 0.465675 -0.884956 -1.09705e-05
    outer loop
      vertex 1.74788 -3.50815 7.10394
      vertex 2.01314 -3.36857 7.36499
      vertex 1.86644 -3.44577 7.73334
    endloop
  endfacet
  facet normal 0.465739 -0.884922 -0.000202353
    outer loop
      vertex 1.74788 -3.50815 7.10394
      vertex 2.06551 -3.34101 7.23574
      vertex 2.05619 -3.34592 7.25691
    endloop
  endfacet
  facet normal 0.465674 -0.884957 -2.67532e-05
    outer loop
      vertex 2.08125 -3.33273 7.2
      vertex 1.74788 -3.50815 7.10394
      vertex 3.18442 -2.75223 7.2
    endloop
  endfacet
  facet normal 0.465656 -0.884966 5.32036e-05
    outer loop
      vertex 2.06551 -3.34101 7.23574
      vertex 1.74788 -3.50815 7.10394
      vertex 2.08125 -3.33273 7.2
    endloop
  endfacet
  facet normal 0.465653 -0.884967 1.72969e-05
    outer loop
      vertex 2.01314 -3.36857 7.36499
      vertex 1.74788 -3.50815 7.10394
      vertex 2.05619 -3.34592 7.25691
    endloop
  endfacet
  facet normal 0.465681 -0.884952 -1.24871e-05
    outer loop
      vertex 1.82855 -3.46571 7.83597
      vertex 1.74788 -3.50815 7.10394
      vertex 1.86644 -3.44577 7.73334
    endloop
  endfacet
  facet normal 0.465679 -0.884954 -1.20912e-05
    outer loop
      vertex 1.76799 -3.49758 8
      vertex 1.74788 -3.50815 7.10394
      vertex 1.82855 -3.46571 7.83597
    endloop
  endfacet
  facet normal 0.465257 -0.885176 0
    outer loop
      vertex 1.74788 -3.50815 7.10394
      vertex 1.76799 -3.49758 8
      vertex 1.74788 -3.50815 11.25
    endloop
  endfacet
  facet normal 0.465533 -0.88503 -4.54185e-05
    outer loop
      vertex 3.49769 -2.58738 8
      vertex 2.78156 -2.96422 10.9199
      vertex 2.76232 -2.97434 10.9122
    endloop
  endfacet
  facet normal 0.465649 -0.884969 -8.67352e-06
    outer loop
      vertex 3.49769 -2.58738 8
      vertex 2.73547 -2.98847 10.9069
      vertex 2.67625 -3.01963 10.8952
    endloop
  endfacet
  facet normal 0.465679 -0.884954 2.09636e-06
    outer loop
      vertex 3.49769 -2.58738 8
      vertex 2.67625 -3.01963 10.8952
      vertex 1.76799 -3.49758 8
    endloop
  endfacet
  facet normal 0.465704 -0.88494 9.72475e-06
    outer loop
      vertex 2.73547 -2.98847 10.9069
      vertex 3.49769 -2.58738 8
      vertex 2.76232 -2.97434 10.9122
    endloop
  endfacet
  facet normal 0.465735 -0.884924 1.78455e-05
    outer loop
      vertex 2.78156 -2.96422 10.9199
      vertex 3.49769 -2.58738 8
      vertex 2.84618 -2.93021 10.9459
    endloop
  endfacet
  facet normal 0.465675 -0.884956 8.50877e-07
    outer loop
      vertex 2.84618 -2.93021 10.9459
      vertex 3.49769 -2.58738 8
      vertex 3.51779 -2.5768 11.25
    endloop
  endfacet
  facet normal 0.465696 -0.884945 4.11149e-06
    outer loop
      vertex 3.51779 -2.5768 7.10394
      vertex 3.25253 -2.71639 7.36499
      vertex 3.20949 -2.73904 7.25691
    endloop
  endfacet
  facet normal 0.465783 -0.884899 0
    outer loop
      vertex 3.49769 -2.58738 8
      vertex 3.51779 -2.5768 7.10394
      vertex 3.51779 -2.5768 11.25
    endloop
  endfacet
  facet normal 0.465709 -0.884938 -2.11847e-06
    outer loop
      vertex 3.43713 -2.61925 7.83597
      vertex 3.51779 -2.5768 7.10394
      vertex 3.49769 -2.58738 8
    endloop
  endfacet
  facet normal 0.465637 -0.884976 -1.21511e-05
    outer loop
      vertex 3.39923 -2.63919 7.73334
      vertex 3.51779 -2.5768 7.10394
      vertex 3.43713 -2.61925 7.83597
    endloop
  endfacet
  facet normal 0.465694 -0.884946 1.42498e-06
    outer loop
      vertex 3.25253 -2.71639 7.36499
      vertex 3.51779 -2.5768 7.10394
      vertex 3.39923 -2.63919 7.73334
    endloop
  endfacet
  facet normal 0.465563 -0.885014 -0.000337052
    outer loop
      vertex 3.20016 -2.74394 7.23574
      vertex 3.51779 -2.5768 7.10394
      vertex 3.20949 -2.73904 7.25691
    endloop
  endfacet
  facet normal 0.465724 -0.88493 0.000156144
    outer loop
      vertex 3.18442 -2.75223 7.2
      vertex 3.51779 -2.5768 7.10394
      vertex 3.20016 -2.74394 7.23574
    endloop
  endfacet
  facet normal 0.465675 -0.884956 -5.80981e-05
    outer loop
      vertex 3.51779 -2.5768 7.10394
      vertex 3.18442 -2.75223 7.2
      vertex 1.74788 -3.50815 7.10394
    endloop
  endfacet
  facet normal 0.465448 -0.885075 0
    outer loop
      vertex 1.78458 -3.48885 11.3
      vertex 1.74788 -3.50815 11.3
      vertex 1.74788 -3.50815 11.26
    endloop
  endfacet
  facet normal 0.464676 -0.883064 0.0653784
    outer loop
      vertex 3.4754 -2.59862 11.3066
      vertex 3.5168 -2.57491 11.3326
      vertex 3.45251 -2.60874 11.3326
    endloop
  endfacet
  facet normal 0.464642 -0.883077 0.065445
    outer loop
      vertex 3.4811 -2.59611 11.3
      vertex 3.5168 -2.57491 11.3326
      vertex 3.4754 -2.59862 11.3066
    endloop
  endfacet
  facet normal 0.464742 -0.883034 0.0653077
    outer loop
      vertex 3.5168 -2.57491 11.3326
      vertex 3.4811 -2.59611 11.3
      vertex 3.51779 -2.5768 11.3
    endloop
  endfacet
  facet normal 0.464722 -0.883014 0.0657254
    outer loop
      vertex 1.74689 -3.50626 11.3326
      vertex 1.78988 -3.48557 11.3066
      vertex 1.81117 -3.47243 11.3326
    endloop
  endfacet
  facet normal 0.464455 -0.883186 0.0653077
    outer loop
      vertex 1.78458 -3.48885 11.3
      vertex 1.74689 -3.50626 11.3326
      vertex 1.74788 -3.50815 11.3
    endloop
  endfacet
  facet normal 0.464698 -0.88303 0.0656725
    outer loop
      vertex 1.74689 -3.50626 11.3326
      vertex 1.78458 -3.48885 11.3
      vertex 1.78988 -3.48557 11.3066
    endloop
  endfacet
  facet normal 0.456707 -0.868013 0.194866
    outer loop
      vertex 3.45251 -2.60874 11.3326
      vertex 3.51383 -2.56927 11.3647
      vertex 3.42684 -2.61504 11.3647
    endloop
  endfacet
  facet normal 0.456755 -0.868009 0.19477
    outer loop
      vertex 3.51383 -2.56927 11.3647
      vertex 3.45251 -2.60874 11.3326
      vertex 3.5168 -2.57491 11.3326
    endloop
  endfacet
  facet normal 0.45681 -0.86798 0.19477
    outer loop
      vertex 1.81117 -3.47243 11.3326
      vertex 1.74392 -3.50062 11.3647
      vertex 1.74689 -3.50626 11.3326
    endloop
  endfacet
  facet normal 0.456798 -0.867995 0.194731
    outer loop
      vertex 1.74392 -3.50062 11.3647
      vertex 1.81117 -3.47243 11.3326
      vertex 1.83091 -3.45484 11.3647
    endloop
  endfacet
  facet normal 0.440996 -0.83805 0.321239
    outer loop
      vertex 3.42309 -2.61502 11.3699
      vertex 3.50893 -2.55996 11.3957
      vertex 3.40289 -2.61576 11.3957
    endloop
  endfacet
  facet normal 0.440993 -0.838049 0.321247
    outer loop
      vertex 3.42684 -2.61504 11.3647
      vertex 3.50893 -2.55996 11.3957
      vertex 3.42309 -2.61502 11.3699
    endloop
  endfacet
  facet normal 0.440932 -0.838031 0.321375
    outer loop
      vertex 3.50893 -2.55996 11.3957
      vertex 3.42684 -2.61504 11.3647
      vertex 3.51383 -2.56927 11.3647
    endloop
  endfacet
  facet normal 0.441067 -0.838035 0.32118
    outer loop
      vertex 1.73902 -3.49132 11.3957
      vertex 1.83301 -3.45174 11.3699
      vertex 1.84506 -3.43551 11.3957
    endloop
  endfacet
  facet normal 0.441063 -0.838056 0.321133
    outer loop
      vertex 1.74392 -3.50062 11.3647
      vertex 1.83301 -3.45174 11.3699
      vertex 1.73902 -3.49132 11.3957
    endloop
  endfacet
  facet normal 0.440994 -0.837965 0.321463
    outer loop
      vertex 1.83301 -3.45174 11.3699
      vertex 1.74392 -3.50062 11.3647
      vertex 1.83091 -3.45484 11.3647
    endloop
  endfacet
  facet normal 0.417901 -0.794209 0.441124
    outer loop
      vertex 3.39172 -2.61318 11.4108
      vertex 3.5022 -2.54716 11.425
      vertex 3.38114 -2.61086 11.425
    endloop
  endfacet
  facet normal 0.416916 -0.793164 0.443928
    outer loop
      vertex 3.40289 -2.61576 11.3957
      vertex 3.5022 -2.54716 11.425
      vertex 3.39172 -2.61318 11.4108
    endloop
  endfacet
  facet normal 0.417584 -0.79356 0.442591
    outer loop
      vertex 3.5022 -2.54716 11.425
      vertex 3.40289 -2.61576 11.3957
      vertex 3.50893 -2.55996 11.3957
    endloop
  endfacet
  facet normal 0.417972 -0.794277 0.440935
    outer loop
      vertex 1.73229 -3.47851 11.425
      vertex 1.84926 -3.42484 11.4108
      vertex 1.85334 -3.41481 11.425
    endloop
  endfacet
  facet normal 0.417769 -0.793341 0.442808
    outer loop
      vertex 1.73902 -3.49132 11.3957
      vertex 1.84926 -3.42484 11.4108
      vertex 1.73229 -3.47851 11.425
    endloop
  endfacet
  facet normal 0.417278 -0.792837 0.444172
    outer loop
      vertex 1.84926 -3.42484 11.4108
      vertex 1.73902 -3.49132 11.3957
      vertex 1.84506 -3.43551 11.3957
    endloop
  endfacet
  facet normal 0.388049 -0.737393 0.552874
    outer loop
      vertex 3.36942 -2.60437 11.4417
      vertex 3.49373 -2.53108 11.4522
      vertex 3.36132 -2.60076 11.4522
    endloop
  endfacet
  facet normal 0.386421 -0.735209 0.556908
    outer loop
      vertex 3.38114 -2.61086 11.425
      vertex 3.49373 -2.53108 11.4522
      vertex 3.36942 -2.60437 11.4417
    endloop
  endfacet
  facet normal 0.38718 -0.735823 0.555568
    outer loop
      vertex 3.49373 -2.53108 11.4522
      vertex 3.38114 -2.61086 11.425
      vertex 3.5022 -2.54716 11.425
    endloop
  endfacet
  facet normal 0.38717 -0.735828 0.555568
    outer loop
      vertex 1.73229 -3.47851 11.425
      vertex 1.85623 -3.39276 11.4522
      vertex 1.72382 -3.46243 11.4522
    endloop
  endfacet
  facet normal 0.388615 -0.737072 0.552904
    outer loop
      vertex 1.85623 -3.39276 11.4522
      vertex 1.73229 -3.47851 11.425
      vertex 1.85463 -3.40148 11.4417
    endloop
  endfacet
  facet normal 0.386807 -0.735055 0.556844
    outer loop
      vertex 1.85463 -3.40148 11.4417
      vertex 1.73229 -3.47851 11.425
      vertex 1.85334 -3.41481 11.425
    endloop
  endfacet
  facet normal 0.350642 -0.6663 0.6581
    outer loop
      vertex 3.34756 -2.58996 11.4704
      vertex 3.48369 -2.512 11.4768
      vertex 3.34218 -2.58647 11.4768
    endloop
  endfacet
  facet normal 0.350015 -0.665314 0.659429
    outer loop
      vertex 3.36132 -2.60076 11.4522
      vertex 3.48369 -2.512 11.4768
      vertex 3.34756 -2.58996 11.4704
    endloop
  endfacet
  facet normal 0.350223 -0.665515 0.659116
    outer loop
      vertex 3.48369 -2.512 11.4768
      vertex 3.36132 -2.60076 11.4522
      vertex 3.49373 -2.53108 11.4522
    endloop
  endfacet
  facet normal 0.350208 -0.665522 0.659116
    outer loop
      vertex 1.72382 -3.46243 11.4522
      vertex 1.8553 -3.36888 11.4768
      vertex 1.71378 -3.44335 11.4768
    endloop
  endfacet
  facet normal 0.350532 -0.665847 0.658616
    outer loop
      vertex 1.8553 -3.36888 11.4768
      vertex 1.72382 -3.46243 11.4522
      vertex 1.85513 -3.3753 11.4704
    endloop
  endfacet
  facet normal 0.350063 -0.665305 0.659412
    outer loop
      vertex 1.85513 -3.3753 11.4704
      vertex 1.72382 -3.46243 11.4522
      vertex 1.85623 -3.39276 11.4522
    endloop
  endfacet
  facet normal 0.306641 -0.582688 0.752626
    outer loop
      vertex 3.47225 -2.49025 11.4983
      vertex 3.34218 -2.58647 11.4768
      vertex 3.48369 -2.512 11.4768
    endloop
  endfacet
  facet normal 0.30682 -0.582881 0.752404
    outer loop
      vertex 3.47225 -2.49025 11.4983
      vertex 3.32408 -2.56889 11.4978
      vertex 3.34218 -2.58647 11.4768
    endloop
  endfacet
  facet normal 0.297038 -0.564562 0.77009
    outer loop
      vertex 3.32408 -2.56889 11.4978
      vertex 3.47225 -2.49025 11.4983
      vertex 3.32362 -2.56845 11.4983
    endloop
  endfacet
  facet normal 0.306692 -0.583001 0.752363
    outer loop
      vertex 1.70234 -3.4216 11.4983
      vertex 1.8553 -3.36888 11.4768
      vertex 1.85106 -3.34401 11.4978
    endloop
  endfacet
  facet normal 0.299532 -0.569191 0.765704
    outer loop
      vertex 1.70234 -3.4216 11.4983
      vertex 1.85106 -3.34401 11.4978
      vertex 1.85096 -3.34339 11.4983
    endloop
  endfacet
  facet normal 0.306624 -0.582697 0.752626
    outer loop
      vertex 1.8553 -3.36888 11.4768
      vertex 1.70234 -3.4216 11.4983
      vertex 1.71378 -3.44335 11.4768
    endloop
  endfacet
  facet normal 0.258931 -0.492135 0.831118
    outer loop
      vertex 3.45958 -2.46618 11.5165
      vertex 3.32362 -2.56845 11.4983
      vertex 3.47225 -2.49025 11.4983
    endloop
  endfacet
  facet normal 0.258333 -0.491446 0.831712
    outer loop
      vertex 3.45958 -2.46618 11.5165
      vertex 3.30881 -2.54848 11.5147
      vertex 3.32362 -2.56845 11.4983
    endloop
  endfacet
  facet normal 0.264179 -0.501977 0.823546
    outer loop
      vertex 3.30881 -2.54848 11.5147
      vertex 3.45958 -2.46618 11.5165
      vertex 3.30698 -2.54649 11.5165
    endloop
  endfacet
  facet normal 0.258711 -0.491113 0.831791
    outer loop
      vertex 1.68967 -3.39753 11.5165
      vertex 1.85096 -3.34339 11.4983
      vertex 1.84288 -3.31987 11.5147
    endloop
  endfacet
  facet normal 0.263974 -0.501682 0.823792
    outer loop
      vertex 1.68967 -3.39753 11.5165
      vertex 1.84288 -3.31987 11.5147
      vertex 1.84228 -3.31723 11.5165
    endloop
  endfacet
  facet normal 0.258971 -0.492114 0.831118
    outer loop
      vertex 1.85096 -3.34339 11.4983
      vertex 1.68967 -3.39753 11.5165
      vertex 1.70234 -3.4216 11.4983
    endloop
  endfacet
  facet normal 0.206446 -0.392275 0.896382
    outer loop
      vertex 3.44593 -2.44023 11.531
      vertex 3.30698 -2.54649 11.5165
      vertex 3.45958 -2.46618 11.5165
    endloop
  endfacet
  facet normal 0.206073 -0.391827 0.896664
    outer loop
      vertex 3.44593 -2.44023 11.531
      vertex 3.29276 -2.52605 11.5287
      vertex 3.30698 -2.54649 11.5165
    endloop
  endfacet
  facet normal 0.207298 -0.393979 0.895437
    outer loop
      vertex 3.29276 -2.52605 11.5287
      vertex 3.44593 -2.44023 11.531
      vertex 3.2898 -2.52238 11.531
    endloop
  endfacet
  facet normal 0.206264 -0.391757 0.89665
    outer loop
      vertex 1.67602 -3.37158 11.531
      vertex 1.84228 -3.31723 11.5165
      vertex 1.83348 -3.29394 11.5287
    endloop
  endfacet
  facet normal 0.207704 -0.394725 0.895015
    outer loop
      vertex 1.67602 -3.37158 11.531
      vertex 1.83348 -3.29394 11.5287
      vertex 1.83214 -3.28943 11.531
    endloop
  endfacet
  facet normal 0.206415 -0.392292 0.896382
    outer loop
      vertex 1.84228 -3.31723 11.5165
      vertex 1.67602 -3.37158 11.531
      vertex 1.68967 -3.39753 11.5165
    endloop
  endfacet
  facet normal 0.149483 -0.2841 0.94707
    outer loop
      vertex 3.4315 -2.41282 11.5415
      vertex 3.2898 -2.52238 11.531
      vertex 3.44593 -2.44023 11.531
    endloop
  endfacet
  facet normal 0.149512 -0.284136 0.947055
    outer loop
      vertex 3.2898 -2.52238 11.531
      vertex 3.4315 -2.41282 11.5415
      vertex 3.2731 -2.49617 11.5415
    endloop
  endfacet
  facet normal 0.14949 -0.284094 0.947071
    outer loop
      vertex 1.66159 -3.34417 11.5415
      vertex 1.83214 -3.28943 11.531
      vertex 1.81999 -3.26082 11.5415
    endloop
  endfacet
  facet normal 0.149491 -0.284096 0.94707
    outer loop
      vertex 1.83214 -3.28943 11.531
      vertex 1.66159 -3.34417 11.5415
      vertex 1.67602 -3.37158 11.531
    endloop
  endfacet
  facet normal 0.0911391 -0.173262 0.98065
    outer loop
      vertex 3.26075 -2.47264 11.5468
      vertex 3.4315 -2.41282 11.5415
      vertex 3.41657 -2.38445 11.5479
    endloop
  endfacet
  facet normal 0.0792626 -0.150632 0.985407
    outer loop
      vertex 3.4315 -2.41282 11.5415
      vertex 3.27259 -2.49513 11.5417
      vertex 3.2731 -2.49617 11.5415
    endloop
  endfacet
  facet normal 0.0914571 -0.174187 0.980456
    outer loop
      vertex 3.4315 -2.41282 11.5415
      vertex 3.26075 -2.47264 11.5468
      vertex 3.27259 -2.49513 11.5417
    endloop
  endfacet
  facet normal 0.0915635 -0.17401 0.980478
    outer loop
      vertex 3.26075 -2.47264 11.5468
      vertex 3.41657 -2.38445 11.5479
      vertex 3.25777 -2.46801 11.5479
    endloop
  endfacet
  facet normal 0.0794803 -0.151046 0.985326
    outer loop
      vertex 1.81943 -3.25981 11.5417
      vertex 1.66159 -3.34417 11.5415
      vertex 1.81999 -3.26082 11.5415
    endloop
  endfacet
  facet normal 0.0917364 -0.173966 0.980469
    outer loop
      vertex 1.80759 -3.23731 11.5468
      vertex 1.66159 -3.34417 11.5415
      vertex 1.81943 -3.25981 11.5417
    endloop
  endfacet
  facet normal 0.0916668 -0.174206 0.980433
    outer loop
      vertex 1.64666 -3.3158 11.5479
      vertex 1.80759 -3.23731 11.5468
      vertex 1.80546 -3.23224 11.5479
    endloop
  endfacet
  facet normal 0.0911938 -0.173234 0.98065
    outer loop
      vertex 1.80759 -3.23731 11.5468
      vertex 1.64666 -3.3158 11.5479
      vertex 1.66159 -3.34417 11.5415
    endloop
  endfacet
  facet normal 0.0296416 -0.0569441 0.997937
    outer loop
      vertex 3.24799 -2.44942 11.5492
      vertex 3.41657 -2.38445 11.5479
      vertex 3.40137 -2.35556 11.55
    endloop
  endfacet
  facet normal 0.028764 -0.0546641 0.99809
    outer loop
      vertex 3.41657 -2.38445 11.5479
      vertex 3.24799 -2.44942 11.5492
      vertex 3.25777 -2.46801 11.5479
    endloop
  endfacet
  facet normal 0.0319704 -0.0607473 0.997641
    outer loop
      vertex 3.24799 -2.44942 11.5492
      vertex 3.40137 -2.35556 11.55
      vertex 3.24216 -2.43935 11.55
    endloop
  endfacet
  facet normal 0.028752 -0.0546411 0.998092
    outer loop
      vertex 1.79568 -3.21364 11.5492
      vertex 1.64666 -3.3158 11.5479
      vertex 1.80546 -3.23224 11.5479
    endloop
  endfacet
  facet normal 0.0319581 -0.0607349 0.997642
    outer loop
      vertex 1.63146 -3.28691 11.55
      vertex 1.79568 -3.21364 11.5492
      vertex 1.79068 -3.20313 11.55
    endloop
  endfacet
  facet normal 0.0301491 -0.0566771 0.997937
    outer loop
      vertex 1.79568 -3.21364 11.5492
      vertex 1.63146 -3.28691 11.55
      vertex 1.64666 -3.3158 11.5479
    endloop
  endfacet
  facet normal 0 0 1
    outer loop
      vertex 3.16854 -1.91309 11.55
      vertex 3.24216 -2.43935 11.55
      vertex 3.40137 -2.35556 11.55
    endloop
  endfacet
  facet normal 0 0 1
    outer loop
      vertex 3.24216 -2.43935 11.55
      vertex 3.16854 -1.91309 11.55
      vertex 3.00932 -1.99687 11.55
    endloop
  endfacet
  facet normal 0 0 1
    outer loop
      vertex 1.55784 -2.76065 11.55
      vertex 1.63146 -3.28691 11.55
      vertex 1.79068 -3.20313 11.55
    endloop
  endfacet
  facet normal 0 0 1
    outer loop
      vertex 1.63146 -3.28691 11.55
      vertex 1.55784 -2.76065 11.55
      vertex 1.39863 -2.84444 11.55
    endloop
  endfacet
  facet normal -0.0301491 0.0566771 0.997937
    outer loop
      vertex 3.00432 -1.98636 11.5492
      vertex 3.16854 -1.91309 11.55
      vertex 3.15334 -1.8842 11.5479
    endloop
  endfacet
  facet normal -0.0319581 0.0607349 0.997642
    outer loop
      vertex 3.16854 -1.91309 11.55
      vertex 3.00432 -1.98636 11.5492
      vertex 3.00932 -1.99687 11.55
    endloop
  endfacet
  facet normal -0.028752 0.0546411 0.998092
    outer loop
      vertex 3.00432 -1.98636 11.5492
      vertex 3.15334 -1.8842 11.5479
      vertex 2.99454 -1.96776 11.5479
    endloop
  endfacet
  facet normal -0.0319704 0.0607473 0.997641
    outer loop
      vertex 1.55201 -2.75058 11.5492
      vertex 1.39863 -2.84444 11.55
      vertex 1.55784 -2.76065 11.55
    endloop
  endfacet
  facet normal -0.028764 0.0546641 0.99809
    outer loop
      vertex 1.38343 -2.81555 11.5479
      vertex 1.55201 -2.75058 11.5492
      vertex 1.54223 -2.73199 11.5479
    endloop
  endfacet
  facet normal -0.0296416 0.0569441 0.997937
    outer loop
      vertex 1.55201 -2.75058 11.5492
      vertex 1.38343 -2.81555 11.5479
      vertex 1.39863 -2.84444 11.55
    endloop
  endfacet
  facet normal -0.0911938 0.173234 0.98065
    outer loop
      vertex 2.99241 -1.96269 11.5468
      vertex 3.15334 -1.8842 11.5479
      vertex 3.13841 -1.85583 11.5415
    endloop
  endfacet
  facet normal -0.0916668 0.174206 0.980433
    outer loop
      vertex 3.15334 -1.8842 11.5479
      vertex 2.99241 -1.96269 11.5468
      vertex 2.99454 -1.96776 11.5479
    endloop
  endfacet
  facet normal -0.0917364 0.173966 0.980469
    outer loop
      vertex 3.13841 -1.85583 11.5415
      vertex 2.98057 -1.94019 11.5417
      vertex 2.99241 -1.96269 11.5468
    endloop
  endfacet
  facet normal -0.0794803 0.151046 0.985326
    outer loop
      vertex 2.98057 -1.94019 11.5417
      vertex 3.13841 -1.85583 11.5415
      vertex 2.98001 -1.93918 11.5415
    endloop
  endfacet
  facet normal -0.0915635 0.17401 0.980478
    outer loop
      vertex 1.53925 -2.72736 11.5468
      vertex 1.38343 -2.81555 11.5479
      vertex 1.54223 -2.73199 11.5479
    endloop
  endfacet
  facet normal -0.0914571 0.174187 0.980456
    outer loop
      vertex 1.3685 -2.78718 11.5415
      vertex 1.53925 -2.72736 11.5468
      vertex 1.52741 -2.70487 11.5417
    endloop
  endfacet
  facet normal -0.0792626 0.150632 0.985407
    outer loop
      vertex 1.3685 -2.78718 11.5415
      vertex 1.52741 -2.70487 11.5417
      vertex 1.5269 -2.70383 11.5415
    endloop
  endfacet
  facet normal -0.0911391 0.173262 0.98065
    outer loop
      vertex 1.53925 -2.72736 11.5468
      vertex 1.3685 -2.78718 11.5415
      vertex 1.38343 -2.81555 11.5479
    endloop
  endfacet
  facet normal -0.149491 0.284096 0.94707
    outer loop
      vertex 2.96786 -1.91057 11.531
      vertex 3.13841 -1.85583 11.5415
      vertex 3.12398 -1.82842 11.531
    endloop
  endfacet
  facet normal -0.14949 0.284094 0.947071
    outer loop
      vertex 3.13841 -1.85583 11.5415
      vertex 2.96786 -1.91057 11.531
      vertex 2.98001 -1.93918 11.5415
    endloop
  endfacet
  facet normal -0.149512 0.284136 0.947055
    outer loop
      vertex 1.5102 -2.67762 11.531
      vertex 1.3685 -2.78718 11.5415
      vertex 1.5269 -2.70383 11.5415
    endloop
  endfacet
  facet normal -0.149483 0.2841 0.94707
    outer loop
      vertex 1.3685 -2.78718 11.5415
      vertex 1.5102 -2.67762 11.531
      vertex 1.35407 -2.75977 11.531
    endloop
  endfacet
  facet normal -0.206415 0.392292 0.896382
    outer loop
      vertex 2.95772 -1.88277 11.5165
      vertex 3.12398 -1.82842 11.531
      vertex 3.11033 -1.80247 11.5165
    endloop
  endfacet
  facet normal -0.207704 0.394725 0.895015
    outer loop
      vertex 3.12398 -1.82842 11.531
      vertex 2.96652 -1.90606 11.5287
      vertex 2.96786 -1.91057 11.531
    endloop
  endfacet
  facet normal -0.206264 0.391757 0.89665
    outer loop
      vertex 3.12398 -1.82842 11.531
      vertex 2.95772 -1.88277 11.5165
      vertex 2.96652 -1.90606 11.5287
    endloop
  endfacet
  facet normal -0.207298 0.393979 0.895437
    outer loop
      vertex 1.50724 -2.67395 11.5287
      vertex 1.35407 -2.75977 11.531
      vertex 1.5102 -2.67762 11.531
    endloop
  endfacet
  facet normal -0.206073 0.391827 0.896664
    outer loop
      vertex 1.49302 -2.65351 11.5165
      vertex 1.35407 -2.75977 11.531
      vertex 1.50724 -2.67395 11.5287
    endloop
  endfacet
  facet normal -0.206446 0.392275 0.896382
    outer loop
      vertex 1.35407 -2.75977 11.531
      vertex 1.49302 -2.65351 11.5165
      vertex 1.34042 -2.73382 11.5165
    endloop
  endfacet
  facet normal -0.258971 0.492114 0.831118
    outer loop
      vertex 2.94904 -1.85661 11.4983
      vertex 3.11033 -1.80247 11.5165
      vertex 3.09766 -1.7784 11.4983
    endloop
  endfacet
  facet normal -0.263974 0.501682 0.823792
    outer loop
      vertex 3.11033 -1.80247 11.5165
      vertex 2.95712 -1.88013 11.5147
      vertex 2.95772 -1.88277 11.5165
    endloop
  endfacet
  facet normal -0.258711 0.491113 0.831791
    outer loop
      vertex 3.11033 -1.80247 11.5165
      vertex 2.94904 -1.85661 11.4983
      vertex 2.95712 -1.88013 11.5147
    endloop
  endfacet
  facet normal -0.264179 0.501977 0.823546
    outer loop
      vertex 1.49119 -2.65152 11.5147
      vertex 1.34042 -2.73382 11.5165
      vertex 1.49302 -2.65351 11.5165
    endloop
  endfacet
  facet normal -0.258333 0.491446 0.831712
    outer loop
      vertex 1.47638 -2.63155 11.4983
      vertex 1.34042 -2.73382 11.5165
      vertex 1.49119 -2.65152 11.5147
    endloop
  endfacet
  facet normal -0.258931 0.492135 0.831118
    outer loop
      vertex 1.34042 -2.73382 11.5165
      vertex 1.47638 -2.63155 11.4983
      vertex 1.32775 -2.70975 11.4983
    endloop
  endfacet
  facet normal -0.306624 0.582697 0.752626
    outer loop
      vertex 2.9447 -1.83112 11.4768
      vertex 3.09766 -1.7784 11.4983
      vertex 3.08622 -1.75665 11.4768
    endloop
  endfacet
  facet normal -0.299532 0.569191 0.765704
    outer loop
      vertex 3.09766 -1.7784 11.4983
      vertex 2.94894 -1.85599 11.4978
      vertex 2.94904 -1.85661 11.4983
    endloop
  endfacet
  facet normal -0.306692 0.583001 0.752363
    outer loop
      vertex 3.09766 -1.7784 11.4983
      vertex 2.9447 -1.83112 11.4768
      vertex 2.94894 -1.85599 11.4978
    endloop
  endfacet
  facet normal -0.297038 0.564562 0.77009
    outer loop
      vertex 1.47592 -2.63111 11.4978
      vertex 1.32775 -2.70975 11.4983
      vertex 1.47638 -2.63155 11.4983
    endloop
  endfacet
  facet normal -0.30682 0.582881 0.752404
    outer loop
      vertex 1.45782 -2.61353 11.4768
      vertex 1.32775 -2.70975 11.4983
      vertex 1.47592 -2.63111 11.4978
    endloop
  endfacet
  facet normal -0.306641 0.582688 0.752626
    outer loop
      vertex 1.32775 -2.70975 11.4983
      vertex 1.45782 -2.61353 11.4768
      vertex 1.31631 -2.688 11.4768
    endloop
  endfacet
  facet normal -0.350208 0.665522 0.659116
    outer loop
      vertex 3.07618 -1.73757 11.4522
      vertex 2.9447 -1.83112 11.4768
      vertex 3.08622 -1.75665 11.4768
    endloop
  endfacet
  facet normal -0.350532 0.665847 0.658616
    outer loop
      vertex 2.9447 -1.83112 11.4768
      vertex 3.07618 -1.73757 11.4522
      vertex 2.94487 -1.8247 11.4704
    endloop
  endfacet
  facet normal -0.350063 0.665305 0.659412
    outer loop
      vertex 2.94487 -1.8247 11.4704
      vertex 3.07618 -1.73757 11.4522
      vertex 2.94377 -1.80724 11.4522
    endloop
  endfacet
  facet normal -0.350642 0.6663 0.6581
    outer loop
      vertex 1.45244 -2.61004 11.4704
      vertex 1.31631 -2.688 11.4768
      vertex 1.45782 -2.61353 11.4768
    endloop
  endfacet
  facet normal -0.350015 0.665314 0.659429
    outer loop
      vertex 1.43868 -2.59924 11.4522
      vertex 1.31631 -2.688 11.4768
      vertex 1.45244 -2.61004 11.4704
    endloop
  endfacet
  facet normal -0.350223 0.665515 0.659116
    outer loop
      vertex 1.31631 -2.688 11.4768
      vertex 1.43868 -2.59924 11.4522
      vertex 1.30627 -2.66892 11.4522
    endloop
  endfacet
  facet normal -0.38717 0.735828 0.555568
    outer loop
      vertex 3.06771 -1.72149 11.425
      vertex 2.94377 -1.80724 11.4522
      vertex 3.07618 -1.73757 11.4522
    endloop
  endfacet
  facet normal -0.388615 0.737072 0.552904
    outer loop
      vertex 2.94377 -1.80724 11.4522
      vertex 3.06771 -1.72149 11.425
      vertex 2.94537 -1.79852 11.4417
    endloop
  endfacet
  facet normal -0.386807 0.735055 0.556844
    outer loop
      vertex 2.94537 -1.79852 11.4417
      vertex 3.06771 -1.72149 11.425
      vertex 2.94666 -1.78519 11.425
    endloop
  endfacet
  facet normal -0.388049 0.737393 0.552874
    outer loop
      vertex 1.43058 -2.59563 11.4417
      vertex 1.30627 -2.66892 11.4522
      vertex 1.43868 -2.59924 11.4522
    endloop
  endfacet
  facet normal -0.386421 0.735209 0.556908
    outer loop
      vertex 1.41886 -2.58914 11.425
      vertex 1.30627 -2.66892 11.4522
      vertex 1.43058 -2.59563 11.4417
    endloop
  endfacet
  facet normal -0.38718 0.735823 0.555568
    outer loop
      vertex 1.30627 -2.66892 11.4522
      vertex 1.41886 -2.58914 11.425
      vertex 1.2978 -2.65284 11.425
    endloop
  endfacet
  facet normal -0.417972 0.794277 0.440935
    outer loop
      vertex 3.06771 -1.72149 11.425
      vertex 2.95074 -1.77516 11.4108
      vertex 2.94666 -1.78519 11.425
    endloop
  endfacet
  facet normal -0.417793 0.79345 0.442591
    outer loop
      vertex 3.06098 -1.70869 11.3957
      vertex 2.95074 -1.77516 11.4108
      vertex 3.06771 -1.72149 11.425
    endloop
  endfacet
  facet normal -0.417213 0.792854 0.444203
    outer loop
      vertex 2.95074 -1.77516 11.4108
      vertex 3.06098 -1.70869 11.3957
      vertex 2.95494 -1.76449 11.3957
    endloop
  endfacet
  facet normal -0.417901 0.794209 0.441124
    outer loop
      vertex 1.40828 -2.58682 11.4108
      vertex 1.2978 -2.65284 11.425
      vertex 1.41886 -2.58914 11.425
    endloop
  endfacet
  facet normal -0.416916 0.793164 0.443928
    outer loop
      vertex 1.39711 -2.58424 11.3957
      vertex 1.2978 -2.65284 11.425
      vertex 1.40828 -2.58682 11.4108
    endloop
  endfacet
  facet normal -0.417584 0.79356 0.442591
    outer loop
      vertex 1.2978 -2.65284 11.425
      vertex 1.39711 -2.58424 11.3957
      vertex 1.29107 -2.64004 11.3957
    endloop
  endfacet
  facet normal -0.440998 0.838055 0.321225
    outer loop
      vertex 3.06098 -1.70869 11.3957
      vertex 2.96699 -1.74826 11.3699
      vertex 2.95494 -1.76449 11.3957
    endloop
  endfacet
  facet normal -0.441012 0.837989 0.321375
    outer loop
      vertex 3.05608 -1.69938 11.3647
      vertex 2.96699 -1.74826 11.3699
      vertex 3.06098 -1.70869 11.3957
    endloop
  endfacet
  facet normal -0.440994 0.837965 0.321463
    outer loop
      vertex 2.96699 -1.74826 11.3699
      vertex 3.05608 -1.69938 11.3647
      vertex 2.96909 -1.74516 11.3647
    endloop
  endfacet
  facet normal -0.440996 0.83805 0.321239
    outer loop
      vertex 1.37691 -2.58498 11.3699
      vertex 1.29107 -2.64004 11.3957
      vertex 1.39711 -2.58424 11.3957
    endloop
  endfacet
  facet normal -0.440993 0.838049 0.321247
    outer loop
      vertex 1.37316 -2.58496 11.3647
      vertex 1.29107 -2.64004 11.3957
      vertex 1.37691 -2.58498 11.3699
    endloop
  endfacet
  facet normal -0.440932 0.838031 0.321375
    outer loop
      vertex 1.29107 -2.64004 11.3957
      vertex 1.37316 -2.58496 11.3647
      vertex 1.28617 -2.63073 11.3647
    endloop
  endfacet
  facet normal -0.45681 0.86798 0.19477
    outer loop
      vertex 2.98883 -1.72757 11.3326
      vertex 3.05608 -1.69938 11.3647
      vertex 3.05311 -1.69374 11.3326
    endloop
  endfacet
  facet normal -0.456798 0.867995 0.194731
    outer loop
      vertex 3.05608 -1.69938 11.3647
      vertex 2.98883 -1.72757 11.3326
      vertex 2.96909 -1.74516 11.3647
    endloop
  endfacet
  facet normal -0.456707 0.868013 0.194866
    outer loop
      vertex 1.34749 -2.59126 11.3326
      vertex 1.28617 -2.63073 11.3647
      vertex 1.37316 -2.58496 11.3647
    endloop
  endfacet
  facet normal -0.456755 0.868009 0.19477
    outer loop
      vertex 1.28617 -2.63073 11.3647
      vertex 1.34749 -2.59126 11.3326
      vertex 1.2832 -2.62509 11.3326
    endloop
  endfacet
  facet normal -0.464722 0.883014 0.0657254
    outer loop
      vertex 3.05311 -1.69374 11.3326
      vertex 3.01012 -1.71443 11.3066
      vertex 2.98883 -1.72757 11.3326
    endloop
  endfacet
  facet normal -0.464455 0.883186 0.0653077
    outer loop
      vertex 3.01542 -1.71115 11.3
      vertex 3.05311 -1.69374 11.3326
      vertex 3.05212 -1.69185 11.3
    endloop
  endfacet
  facet normal -0.464698 0.88303 0.0656725
    outer loop
      vertex 3.05311 -1.69374 11.3326
      vertex 3.01542 -1.71115 11.3
      vertex 3.01012 -1.71443 11.3066
    endloop
  endfacet
  facet normal -0.464676 0.883064 0.0653784
    outer loop
      vertex 1.3246 -2.60138 11.3066
      vertex 1.2832 -2.62509 11.3326
      vertex 1.34749 -2.59126 11.3326
    endloop
  endfacet
  facet normal -0.464642 0.883077 0.065445
    outer loop
      vertex 1.3189 -2.60389 11.3
      vertex 1.2832 -2.62509 11.3326
      vertex 1.3246 -2.60138 11.3066
    endloop
  endfacet
  facet normal -0.464742 0.883034 0.0653077
    outer loop
      vertex 1.2832 -2.62509 11.3326
      vertex 1.3189 -2.60389 11.3
      vertex 1.28221 -2.6232 11.3
    endloop
  endfacet
  facet normal -0.465586 0.885003 2.73578e-05
    outer loop
      vertex 3.03202 -1.70242 8
      vertex 2.31588 -2.07926 10.9199
      vertex 2.38051 -2.04526 10.9459
    endloop
  endfacet
  facet normal -0.465575 0.885008 3.48759e-05
    outer loop
      vertex 3.03202 -1.70242 8
      vertex 2.26979 -2.10352 10.9069
      vertex 2.29665 -2.08939 10.9122
    endloop
  endfacet
  facet normal -0.465629 0.88498 1.75235e-05
    outer loop
      vertex 2.21057 -2.13468 10.8952
      vertex 3.03202 -1.70242 8
      vertex 2.12375 -2.18036 10.8952
    endloop
  endfacet
  facet normal -0.465649 0.884969 1.0045e-05
    outer loop
      vertex 2.26979 -2.10352 10.9069
      vertex 3.03202 -1.70242 8
      vertex 2.21057 -2.13468 10.8952
    endloop
  endfacet
  facet normal -0.466033 0.884767 -0.000112849
    outer loop
      vertex 2.31588 -2.07926 10.9199
      vertex 3.03202 -1.70242 8
      vertex 2.29665 -2.08939 10.9122
    endloop
  endfacet
  facet normal -0.465676 0.884955 1.87971e-06
    outer loop
      vertex 3.05212 -1.69185 11.25
      vertex 3.03202 -1.70242 8
      vertex 2.38051 -2.04526 10.9459
    endloop
  endfacet
  facet normal -0.465682 0.884952 -7.54545e-06
    outer loop
      vertex 3.05212 -1.69185 6.68312
      vertex 2.78686 -1.83143 7.36499
      vertex 2.93356 -1.75423 7.73334
    endloop
  endfacet
  facet normal -0.465858 0.88486 -0.000135509
    outer loop
      vertex 3.05212 -1.69185 6.68312
      vertex 2.73449 -1.85899 7.23574
      vertex 2.74381 -1.85408 7.25691
    endloop
  endfacet
  facet normal -0.465674 0.884957 -4.97196e-06
    outer loop
      vertex 2.71875 -1.86727 7.2
      vertex 3.05212 -1.69185 6.68312
      vertex 1.61558 -2.44777 7.2
    endloop
  endfacet
  facet normal -0.465624 0.884982 3.56282e-05
    outer loop
      vertex 2.73449 -1.85899 7.23574
      vertex 3.05212 -1.69185 6.68312
      vertex 2.71875 -1.86727 7.2
    endloop
  endfacet
  facet normal -0.465643 0.884973 1.18965e-05
    outer loop
      vertex 2.78686 -1.83143 7.36499
      vertex 3.05212 -1.69185 6.68312
      vertex 2.74381 -1.85408 7.25691
    endloop
  endfacet
  facet normal -0.46569 0.884948 -8.65522e-06
    outer loop
      vertex 2.97145 -1.73429 7.83597
      vertex 3.05212 -1.69185 6.68312
      vertex 2.93356 -1.75423 7.73334
    endloop
  endfacet
  facet normal -0.465636 0.884976 -3.85803e-06
    outer loop
      vertex 3.03202 -1.70242 8
      vertex 3.05212 -1.69185 6.68312
      vertex 2.97145 -1.73429 7.83597
    endloop
  endfacet
  facet normal -0.465438 0.885081 0
    outer loop
      vertex 3.05212 -1.69185 6.68312
      vertex 3.03202 -1.70242 8
      vertex 3.05212 -1.69185 11.25
    endloop
  endfacet
  facet normal -0.465533 0.88503 -4.54185e-05
    outer loop
      vertex 1.30231 -2.61262 8
      vertex 2.01844 -2.23578 10.9199
      vertex 2.03768 -2.22566 10.9122
    endloop
  endfacet
  facet normal -0.46576 0.884911 2.85788e-05
    outer loop
      vertex 1.30231 -2.61262 8
      vertex 2.06453 -2.21153 10.9069
      vertex 2.12375 -2.18036 10.8952
    endloop
  endfacet
  facet normal -0.465677 0.884955 -1.72412e-06
    outer loop
      vertex 1.30231 -2.61262 8
      vertex 2.12375 -2.18036 10.8952
      vertex 3.03202 -1.70242 8
    endloop
  endfacet
  facet normal -0.465704 0.88494 9.72475e-06
    outer loop
      vertex 2.06453 -2.21153 10.9069
      vertex 1.30231 -2.61262 8
      vertex 2.03768 -2.22566 10.9122
    endloop
  endfacet
  facet normal -0.465735 0.884924 1.78455e-05
    outer loop
      vertex 2.01844 -2.23578 10.9199
      vertex 1.30231 -2.61262 8
      vertex 1.95382 -2.26979 10.9459
    endloop
  endfacet
  facet normal -0.465675 0.884956 8.50877e-07
    outer loop
      vertex 1.95382 -2.26979 10.9459
      vertex 1.30231 -2.61262 8
      vertex 1.28221 -2.6232 11.25
    endloop
  endfacet
  facet normal -0.465699 0.884943 2.82794e-06
    outer loop
      vertex 1.28221 -2.6232 6.68312
      vertex 1.54747 -2.48361 7.36499
      vertex 1.59051 -2.46096 7.25691
    endloop
  endfacet
  facet normal -0.465815 0.884882 0.000104556
    outer loop
      vertex 1.28221 -2.6232 6.68312
      vertex 1.59984 -2.45606 7.23574
      vertex 1.61558 -2.44777 7.2
    endloop
  endfacet
  facet normal -0.465783 0.884899 0
    outer loop
      vertex 1.30231 -2.61262 8
      vertex 1.28221 -2.6232 6.68312
      vertex 1.28221 -2.6232 11.25
    endloop
  endfacet
  facet normal -0.465707 0.884939 -1.46838e-06
    outer loop
      vertex 1.36287 -2.58075 7.83597
      vertex 1.28221 -2.6232 6.68312
      vertex 1.30231 -2.61262 8
    endloop
  endfacet
  facet normal -0.46563 0.88498 -8.42219e-06
    outer loop
      vertex 1.40077 -2.56081 7.73334
      vertex 1.28221 -2.6232 6.68312
      vertex 1.36287 -2.58075 7.83597
    endloop
  endfacet
  facet normal -0.465695 0.884945 9.80096e-07
    outer loop
      vertex 1.54747 -2.48361 7.36499
      vertex 1.28221 -2.6232 6.68312
      vertex 1.40077 -2.56081 7.73334
    endloop
  endfacet
  facet normal -0.465365 0.885119 -0.000225687
    outer loop
      vertex 1.59984 -2.45606 7.23574
      vertex 1.28221 -2.6232 6.68312
      vertex 1.59051 -2.46096 7.25691
    endloop
  endfacet
  facet normal -0.465675 0.884956 -1.07973e-05
    outer loop
      vertex 1.28221 -2.6232 6.68312
      vertex 1.61558 -2.44777 7.2
      vertex 3.05212 -1.69185 6.68312
    endloop
  endfacet
  facet normal -0.465448 0.885075 0
    outer loop
      vertex 3.01542 -1.71115 11.3
      vertex 3.05212 -1.69185 11.3
      vertex 3.05212 -1.69185 11.26
    endloop
  endfacet
  facet normal -0.465736 0.884923 0
    outer loop
      vertex 1.28221 -2.6232 11.3
      vertex 1.3189 -2.60389 11.3
      vertex 1.28221 -2.6232 11.26
    endloop
  endfacet
  facet normal -0.464684 0.883071 -0.065228
    outer loop
      vertex 1.2832 -2.62509 6.65048
      vertex 3.05212 -1.69185 6.68312
      vertex 3.05311 -1.69374 6.65048
    endloop
  endfacet
  facet normal -0.464684 0.883071 -0.065228
    outer loop
      vertex 3.05212 -1.69185 6.68312
      vertex 1.2832 -2.62509 6.65048
      vertex 1.28221 -2.6232 6.68312
    endloop
  endfacet
  facet normal -0.456735 0.867967 -0.195004
    outer loop
      vertex 1.28617 -2.63073 6.61842
      vertex 3.05311 -1.69374 6.65048
      vertex 3.05608 -1.69938 6.61842
    endloop
  endfacet
  facet normal -0.456735 0.867967 -0.195004
    outer loop
      vertex 3.05311 -1.69374 6.65048
      vertex 1.28617 -2.63073 6.61842
      vertex 1.2832 -2.62509 6.65048
    endloop
  endfacet
  facet normal -0.440928 0.837927 -0.321655
    outer loop
      vertex 1.29107 -2.64004 6.58745
      vertex 3.05608 -1.69938 6.61842
      vertex 3.06098 -1.70869 6.58745
    endloop
  endfacet
  facet normal -0.440928 0.837927 -0.321655
    outer loop
      vertex 3.05608 -1.69938 6.61842
      vertex 1.29107 -2.64004 6.58745
      vertex 1.28617 -2.63073 6.61842
    endloop
  endfacet
  facet normal -0.417666 0.79372 -0.442227
    outer loop
      vertex 1.2978 -2.65284 6.55812
      vertex 3.06098 -1.70869 6.58745
      vertex 3.06771 -1.72149 6.55812
    endloop
  endfacet
  facet normal -0.417666 0.79372 -0.442227
    outer loop
      vertex 3.06098 -1.70869 6.58745
      vertex 1.2978 -2.65284 6.55812
      vertex 1.29107 -2.64004 6.58745
    endloop
  endfacet
  facet normal -0.387152 0.735731 -0.555709
    outer loop
      vertex 1.30627 -2.66892 6.53093
      vertex 3.06771 -1.72149 6.55812
      vertex 3.07618 -1.73757 6.53093
    endloop
  endfacet
  facet normal -0.387152 0.735731 -0.555709
    outer loop
      vertex 3.06771 -1.72149 6.55812
      vertex 1.30627 -2.66892 6.53093
      vertex 1.2978 -2.65284 6.55812
    endloop
  endfacet
  facet normal -0.350083 0.665288 -0.659419
    outer loop
      vertex 1.31631 -2.688 6.50635
      vertex 3.07618 -1.73757 6.53093
      vertex 3.08622 -1.75665 6.50635
    endloop
  endfacet
  facet normal -0.350083 0.665288 -0.659419
    outer loop
      vertex 3.07618 -1.73757 6.53093
      vertex 1.31631 -2.688 6.50635
      vertex 1.30627 -2.66892 6.53093
    endloop
  endfacet
  facet normal -0.307107 0.583617 -0.751715
    outer loop
      vertex 1.32775 -2.70975 6.48479
      vertex 3.08622 -1.75665 6.50635
      vertex 3.09766 -1.7784 6.48479
    endloop
  endfacet
  facet normal -0.307107 0.583617 -0.751715
    outer loop
      vertex 3.08622 -1.75665 6.50635
      vertex 1.32775 -2.70975 6.48479
      vertex 1.31631 -2.688 6.50635
    endloop
  endfacet
  facet normal -0.258763 0.491746 -0.831401
    outer loop
      vertex 1.34042 -2.73382 6.46661
      vertex 3.09766 -1.7784 6.48479
      vertex 3.11033 -1.80247 6.46661
    endloop
  endfacet
  facet normal -0.258763 0.491746 -0.831401
    outer loop
      vertex 3.09766 -1.7784 6.48479
      vertex 1.34042 -2.73382 6.46661
      vertex 1.32775 -2.70975 6.48479
    endloop
  endfacet
  facet normal -0.205781 0.39106 -0.897066
    outer loop
      vertex 1.35412 -2.75985 6.45212
      vertex 3.11033 -1.80247 6.46661
      vertex 3.12403 -1.8285 6.45212
    endloop
  endfacet
  facet normal -0.205781 0.39106 -0.897066
    outer loop
      vertex 3.11033 -1.80247 6.46661
      vertex 1.35412 -2.75985 6.45212
      vertex 1.34042 -2.73382 6.46661
    endloop
  endfacet
  facet normal -0.178865 0.33991 -0.923292
    outer loop
      vertex 1.35567 -2.76281 6.45073
      vertex 3.12403 -1.8285 6.45212
      vertex 3.12558 -1.83146 6.45073
    endloop
  endfacet
  facet normal -0.178865 0.33991 -0.923292
    outer loop
      vertex 3.12403 -1.8285 6.45212
      vertex 1.35567 -2.76281 6.45073
      vertex 1.35412 -2.75985 6.45212
    endloop
  endfacet
  facet normal -0.205732 0.390967 -0.897117
    outer loop
      vertex 1.36247 -2.77573 6.44354
      vertex 3.12558 -1.83146 6.45073
      vertex 3.13238 -1.84438 6.44354
    endloop
  endfacet
  facet normal -0.205732 0.390967 -0.897117
    outer loop
      vertex 3.12558 -1.83146 6.45073
      vertex 1.36247 -2.77573 6.44354
      vertex 1.35567 -2.76281 6.45073
    endloop
  endfacet
  facet normal -0.23274 0.442293 -0.866146
    outer loop
      vertex 1.38751 -2.82332 6.41251
      vertex 3.13238 -1.84438 6.44354
      vertex 3.15742 -1.89197 6.41251
    endloop
  endfacet
  facet normal -0.23274 0.442293 -0.866146
    outer loop
      vertex 3.13238 -1.84438 6.44354
      vertex 1.38751 -2.82332 6.41251
      vertex 1.36247 -2.77573 6.44354
    endloop
  endfacet
  facet normal -0.258869 0.491948 -0.831249
    outer loop
      vertex 1.39383 -2.83532 6.40344
      vertex 3.15742 -1.89197 6.41251
      vertex 3.16374 -1.90397 6.40344
    endloop
  endfacet
  facet normal -0.258869 0.491948 -0.831249
    outer loop
      vertex 3.15742 -1.89197 6.41251
      vertex 1.39383 -2.83532 6.40344
      vertex 1.38751 -2.82332 6.41251
    endloop
  endfacet
  facet normal -0.283355 0.538483 -0.793565
    outer loop
      vertex 1.41684 -2.87906 6.36554
      vertex 3.16374 -1.90397 6.40344
      vertex 3.18676 -1.94771 6.36554
    endloop
  endfacet
  facet normal -0.283374 0.538515 -0.793537
    outer loop
      vertex 3.16374 -1.90397 6.40344
      vertex 1.41684 -2.87906 6.36554
      vertex 1.39383 -2.83532 6.40344
    endloop
  endfacet
  facet normal -0.30732 0.584021 -0.751315
    outer loop
      vertex 1.42249 -2.88978 6.3549
      vertex 3.18676 -1.94771 6.36554
      vertex 3.1924 -1.95843 6.3549
    endloop
  endfacet
  facet normal -0.307252 0.583895 -0.751441
    outer loop
      vertex 3.18676 -1.94771 6.36554
      vertex 1.42249 -2.88978 6.3549
      vertex 1.41684 -2.87906 6.36554
    endloop
  endfacet
  facet normal -0.329136 0.62548 -0.70742
    outer loop
      vertex 1.44293 -2.92863 6.31104
      vertex 3.1924 -1.95843 6.3549
      vertex 3.21284 -1.99728 6.31104
    endloop
  endfacet
  facet normal -0.329136 0.62548 -0.70742
    outer loop
      vertex 3.1924 -1.95843 6.3549
      vertex 1.44293 -2.92863 6.31104
      vertex 1.42249 -2.88978 6.3549
    endloop
  endfacet
  facet normal -0.350104 0.665327 -0.659369
    outer loop
      vertex 1.44802 -2.9383 6.29858
      vertex 3.21284 -1.99728 6.31104
      vertex 3.21793 -2.00695 6.29858
    endloop
  endfacet
  facet normal -0.350104 0.665327 -0.659369
    outer loop
      vertex 3.21284 -1.99728 6.31104
      vertex 1.44802 -2.9383 6.29858
      vertex 1.44293 -2.92863 6.31104
    endloop
  endfacet
  facet normal -0.369384 0.701965 -0.608934
    outer loop
      vertex 1.4656 -2.97172 6.24939
      vertex 3.21793 -2.00695 6.29858
      vertex 3.23551 -2.04037 6.24939
    endloop
  endfacet
  facet normal -0.369384 0.701965 -0.608934
    outer loop
      vertex 3.21793 -2.00695 6.29858
      vertex 1.4656 -2.97172 6.24939
      vertex 1.44802 -2.9383 6.29858
    endloop
  endfacet
  facet normal -0.387135 0.735699 -0.555764
    outer loop
      vertex 1.46985 -2.97978 6.23576
      vertex 3.23551 -2.04037 6.24939
      vertex 3.23976 -2.04843 6.23576
    endloop
  endfacet
  facet normal -0.387135 0.735699 -0.555764
    outer loop
      vertex 3.23551 -2.04037 6.24939
      vertex 1.46985 -2.97978 6.23576
      vertex 1.4656 -2.97172 6.24939
    endloop
  endfacet
  facet normal -0.403307 0.766432 -0.499926
    outer loop
      vertex 1.48431 -3.00727 6.18195
      vertex 3.23976 -2.04843 6.23576
      vertex 3.25422 -2.07592 6.18195
    endloop
  endfacet
  facet normal -0.403307 0.766432 -0.499926
    outer loop
      vertex 3.23976 -2.04843 6.23576
      vertex 1.48431 -3.00727 6.18195
      vertex 1.46985 -2.97978 6.23576
    endloop
  endfacet
  facet normal -0.417476 0.793359 -0.443053
    outer loop
      vertex 1.48765 -3.01361 6.16745
      vertex 3.25422 -2.07592 6.18195
      vertex 3.25756 -2.08226 6.16745
    endloop
  endfacet
  facet normal -0.417476 0.793359 -0.443053
    outer loop
      vertex 3.25422 -2.07592 6.18195
      vertex 1.48765 -3.01361 6.16745
      vertex 1.48431 -3.00727 6.18195
    endloop
  endfacet
  facet normal -0.430175 0.817491 -0.38296
    outer loop
      vertex 1.49875 -3.03471 6.10994
      vertex 3.25756 -2.08226 6.16745
      vertex 3.26866 -2.10336 6.10994
    endloop
  endfacet
  facet normal -0.430175 0.817491 -0.38296
    outer loop
      vertex 3.25756 -2.08226 6.16745
      vertex 1.49875 -3.03471 6.10994
      vertex 1.48765 -3.01361 6.16745
    endloop
  endfacet
  facet normal -0.440968 0.838003 -0.3214
    outer loop
      vertex 1.50118 -3.03933 6.09456
      vertex 3.26866 -2.10336 6.10994
      vertex 3.27109 -2.10798 6.09456
    endloop
  endfacet
  facet normal -0.440968 0.838003 -0.3214
    outer loop
      vertex 3.26866 -2.10336 6.10994
      vertex 1.50118 -3.03933 6.09456
      vertex 1.49875 -3.03471 6.10994
    endloop
  endfacet
  facet normal -0.449774 0.854737 -0.259092
    outer loop
      vertex 1.50868 -3.05358 6.03453
      vertex 3.27109 -2.10798 6.09456
      vertex 3.27859 -2.12223 6.03453
    endloop
  endfacet
  facet normal -0.449774 0.854737 -0.259092
    outer loop
      vertex 3.27109 -2.10798 6.09456
      vertex 1.50868 -3.05358 6.03453
      vertex 1.50118 -3.03933 6.09456
    endloop
  endfacet
  facet normal -0.456694 0.867887 -0.195454
    outer loop
      vertex 1.51016 -3.0564 6.01855
      vertex 3.27859 -2.12223 6.03453
      vertex 3.28007 -2.12505 6.01855
    endloop
  endfacet
  facet normal -0.456694 0.867887 -0.195454
    outer loop
      vertex 3.27859 -2.12223 6.03453
      vertex 1.51016 -3.0564 6.01855
      vertex 1.50868 -3.05358 6.03453
    endloop
  endfacet
  facet normal -0.461682 0.877366 -0.130685
    outer loop
      vertex 1.51409 -3.06385 5.95465
      vertex 3.28007 -2.12505 6.01855
      vertex 3.284 -2.1325 5.95465
    endloop
  endfacet
  facet normal -0.461682 0.877366 -0.130685
    outer loop
      vertex 3.28007 -2.12505 6.01855
      vertex 1.51409 -3.06385 5.95465
      vertex 1.51016 -3.0564 6.01855
    endloop
  endfacet
  facet normal -0.464156 0.882069 -0.0807096
    outer loop
      vertex 1.51453 -3.0647 5.94283
      vertex 3.284 -2.1325 5.95465
      vertex 3.28444 -2.13335 5.94283
    endloop
  endfacet
  facet normal -0.464156 0.882069 -0.0807096
    outer loop
      vertex 3.284 -2.1325 5.95465
      vertex 1.51453 -3.0647 5.94283
      vertex 1.51409 -3.06385 5.95465
    endloop
  endfacet
  facet normal -0.465419 0.884468 -0.0331913
    outer loop
      vertex 1.51501 -3.06561 5.91185
      vertex 3.28444 -2.13335 5.94283
      vertex 3.28492 -2.13426 5.91185
    endloop
  endfacet
  facet normal -0.465419 0.884468 -0.0331913
    outer loop
      vertex 3.28444 -2.13335 5.94283
      vertex 1.51501 -3.06561 5.91185
      vertex 1.51453 -3.0647 5.94283
    endloop
  endfacet
  facet normal -0.465624 0.884853 -0.015162
    outer loop
      vertex 1.51504 -3.06568 5.90712
      vertex 3.28492 -2.13426 5.91185
      vertex 3.28496 -2.13432 5.90712
    endloop
  endfacet
  facet normal -0.465615 0.884842 -0.0160481
    outer loop
      vertex 3.28492 -2.13426 5.91185
      vertex 1.51504 -3.06568 5.90712
      vertex 1.51501 -3.06561 5.91185
    endloop
  endfacet
  facet normal -0.465677 0.884955 0
    outer loop
      vertex 3.28496 -2.13432 3.75
      vertex 1.51504 -3.06568 5.90712
      vertex 3.28496 -2.13432 5.90712
    endloop
  endfacet
  facet normal -0.465677 0.884955 0
    outer loop
      vertex 1.51504 -3.06568 5.90712
      vertex 3.28496 -2.13432 3.75
      vertex 1.51504 -3.06568 3.75
    endloop
  endfacet
  facet normal -0.464688 0.883069 -0.065228
    outer loop
      vertex 1.51604 -3.06757 3.71736
      vertex 3.28496 -2.13432 3.75
      vertex 3.28595 -2.13621 3.71736
    endloop
  endfacet
  facet normal -0.464681 0.883062 -0.0653697
    outer loop
      vertex 3.28496 -2.13432 3.75
      vertex 1.51604 -3.06757 3.71736
      vertex 1.51504 -3.06568 3.75
    endloop
  endfacet
  facet normal -0.456711 0.867921 -0.195265
    outer loop
      vertex 1.51901 -3.07321 3.6853
      vertex 3.28595 -2.13621 3.71736
      vertex 3.28892 -2.14186 3.6853
    endloop
  endfacet
  facet normal -0.456739 0.867965 -0.195004
    outer loop
      vertex 3.28595 -2.13621 3.71736
      vertex 1.51901 -3.07321 3.6853
      vertex 1.51604 -3.06757 3.71736
    endloop
  endfacet
  facet normal -0.440966 0.837999 -0.321412
    outer loop
      vertex 1.52391 -3.08251 3.65433
      vertex 3.28892 -2.14186 3.6853
      vertex 3.29382 -2.15116 3.65433
    endloop
  endfacet
  facet normal -0.440966 0.837999 -0.321412
    outer loop
      vertex 3.28892 -2.14186 3.6853
      vertex 1.52391 -3.08251 3.65433
      vertex 1.51901 -3.07321 3.6853
    endloop
  endfacet
  facet normal -0.417669 0.793718 -0.442227
    outer loop
      vertex 1.53064 -3.09532 3.625
      vertex 3.29382 -2.15116 3.65433
      vertex 3.30055 -2.16396 3.625
    endloop
  endfacet
  facet normal -0.417616 0.793625 -0.442444
    outer loop
      vertex 3.29382 -2.15116 3.65433
      vertex 1.53064 -3.09532 3.625
      vertex 1.52391 -3.08251 3.65433
    endloop
  endfacet
  facet normal -0.387092 0.735622 -0.555896
    outer loop
      vertex 1.5391 -3.1114 3.59781
      vertex 3.30055 -2.16396 3.625
      vertex 3.30902 -2.18005 3.59781
    endloop
  endfacet
  facet normal -0.387185 0.735788 -0.555611
    outer loop
      vertex 3.30055 -2.16396 3.625
      vertex 1.5391 -3.1114 3.59781
      vertex 1.53064 -3.09532 3.625
    endloop
  endfacet
  facet normal -0.350082 0.665289 -0.659419
    outer loop
      vertex 1.54914 -3.13048 3.57323
      vertex 3.30902 -2.18005 3.59781
      vertex 3.31906 -2.19913 3.57323
    endloop
  endfacet
  facet normal -0.350082 0.665289 -0.659419
    outer loop
      vertex 3.30902 -2.18005 3.59781
      vertex 1.54914 -3.13048 3.57323
      vertex 1.5391 -3.1114 3.59781
    endloop
  endfacet
  facet normal -0.307107 0.583617 -0.751715
    outer loop
      vertex 1.56059 -3.15223 3.55167
      vertex 3.31906 -2.19913 3.57323
      vertex 3.3305 -2.22088 3.55167
    endloop
  endfacet
  facet normal -0.307073 0.583556 -0.751777
    outer loop
      vertex 3.31906 -2.19913 3.57323
      vertex 1.56059 -3.15223 3.55167
      vertex 1.54914 -3.13048 3.57323
    endloop
  endfacet
  facet normal -0.258854 0.491914 -0.831273
    outer loop
      vertex 1.57325 -3.1763 3.53349
      vertex 3.3305 -2.22088 3.55167
      vertex 3.34316 -2.24494 3.53349
    endloop
  endfacet
  facet normal -0.258794 0.491804 -0.831357
    outer loop
      vertex 3.3305 -2.22088 3.55167
      vertex 1.57325 -3.1763 3.53349
      vertex 1.56059 -3.15223 3.55167
    endloop
  endfacet
  facet normal -0.205892 0.391271 -0.896948
    outer loop
      vertex 1.58691 -3.20225 3.51903
      vertex 3.34316 -2.24494 3.53349
      vertex 3.35682 -2.2709 3.51903
    endloop
  endfacet
  facet normal -0.205944 0.391365 -0.896895
    outer loop
      vertex 3.34316 -2.24494 3.53349
      vertex 1.58691 -3.20225 3.51903
      vertex 1.57325 -3.1763 3.53349
    endloop
  endfacet
  facet normal -0.14975 0.28458 -0.946884
    outer loop
      vertex 1.60134 -3.22966 3.50851
      vertex 3.35682 -2.2709 3.51903
      vertex 3.37125 -2.29831 3.50851
    endloop
  endfacet
  facet normal -0.14975 0.28458 -0.946884
    outer loop
      vertex 3.35682 -2.2709 3.51903
      vertex 1.60134 -3.22966 3.50851
      vertex 1.58691 -3.20225 3.51903
    endloop
  endfacet
  facet normal -0.0907541 0.172467 -0.980826
    outer loop
      vertex 1.61626 -3.25803 3.50214
      vertex 3.37125 -2.29831 3.50851
      vertex 3.38618 -2.32668 3.50214
    endloop
  endfacet
  facet normal -0.0907672 0.172491 -0.98082
    outer loop
      vertex 3.37125 -2.29831 3.50851
      vertex 1.61626 -3.25803 3.50214
      vertex 1.60134 -3.22966 3.50851
    endloop
  endfacet
  facet normal -0.0304742 0.0579124 -0.997856
    outer loop
      vertex 1.63146 -3.28691 3.5
      vertex 3.38618 -2.32668 3.50214
      vertex 3.40137 -2.35556 3.5
    endloop
  endfacet
  facet normal -0.0304698 0.0579042 -0.997857
    outer loop
      vertex 3.38618 -2.32668 3.50214
      vertex 1.63146 -3.28691 3.5
      vertex 1.61626 -3.25803 3.50214
    endloop
  endfacet
  facet normal 0 0 -1
    outer loop
      vertex 3.79284 -4.79136 3.5
      vertex 3.52473 -4.28186 3.5
      vertex 3.53696 -4.16545 3.5
    endloop
  endfacet
  facet normal 0 0 -1
    outer loop
      vertex 3.37792 -4.45841 3.5
      vertex 3.56419 -4.81239 3.5
      vertex 3.47323 -4.88606 3.5
    endloop
  endfacet
  facet normal 0 0 -1
    outer loop
      vertex 3.67642 -4.77913 3.5
      vertex 3.46888 -4.38474 3.5
      vertex 3.52473 -4.28186 3.5
    endloop
  endfacet
  facet normal 0 0 -1
    outer loop
      vertex 3.26569 -4.49166 3.5
      vertex 3.47323 -4.88606 3.5
      vertex 3.41738 -4.98893 3.5
    endloop
  endfacet
  facet normal 0 0 -1
    outer loop
      vertex 3.14927 -4.47943 3.5
      vertex 3.41738 -4.98893 3.5
      vertex 3.40515 -5.10535 3.5
    endloop
  endfacet
  facet normal 0 0 -1
    outer loop
      vertex 3.56419 -4.81239 3.5
      vertex 3.37792 -4.45841 3.5
      vertex 3.46888 -4.38474 3.5
    endloop
  endfacet
  facet normal 0 0 -1
    outer loop
      vertex 4.25851 -5.67632 3.5
      vertex 3.99041 -5.16682 3.5
      vertex 4.00263 -5.0504 3.5
    endloop
  endfacet
  facet normal 0 0 -1
    outer loop
      vertex 3.8436 -5.34336 3.5
      vertex 4.02987 -5.69734 3.5
      vertex 3.9389 -5.77101 3.5
    endloop
  endfacet
  facet normal 0 0 -1
    outer loop
      vertex 4.1421 -5.66409 3.5
      vertex 3.93456 -5.26969 3.5
      vertex 3.99041 -5.16682 3.5
    endloop
  endfacet
  facet normal 0 0 -1
    outer loop
      vertex 3.73136 -5.37661 3.5
      vertex 3.9389 -5.77101 3.5
      vertex 3.88306 -5.87389 3.5
    endloop
  endfacet
  facet normal 0 0 -1
    outer loop
      vertex 3.61495 -5.36439 3.5
      vertex 3.88306 -5.87389 3.5
      vertex 3.87083 -5.9903 3.5
    endloop
  endfacet
  facet normal 0 0 -1
    outer loop
      vertex 4.02987 -5.69734 3.5
      vertex 3.8436 -5.34336 3.5
      vertex 3.93456 -5.26969 3.5
    endloop
  endfacet
  facet normal 0 0 -1
    outer loop
      vertex 4.72419 -6.56127 3.5
      vertex 4.45608 -6.05177 3.5
      vertex 4.46831 -5.93536 3.5
    endloop
  endfacet
  facet normal 0 0 -1
    outer loop
      vertex 4.30927 -6.22832 3.5
      vertex 4.49554 -6.5823 3.5
      vertex 4.40458 -6.65597 3.5
    endloop
  endfacet
  facet normal 0 0 -1
    outer loop
      vertex 4.60777 -6.54905 3.5
      vertex 4.40024 -6.15465 3.5
      vertex 4.45608 -6.05177 3.5
    endloop
  endfacet
  facet normal 0 0 -1
    outer loop
      vertex 4.19704 -6.26157 3.5
      vertex 4.40458 -6.65597 3.5
      vertex 4.34873 -6.75884 3.5
    endloop
  endfacet
  facet normal 0 0 -1
    outer loop
      vertex 4.08063 -6.24934 3.5
      vertex 4.34873 -6.75884 3.5
      vertex 4.33651 -6.87526 3.5
    endloop
  endfacet
  facet normal 0 0 -1
    outer loop
      vertex 4.49554 -6.5823 3.5
      vertex 4.30927 -6.22832 3.5
      vertex 4.40024 -6.15465 3.5
    endloop
  endfacet
  facet normal 0 0 -1
    outer loop
      vertex 5.18986 -7.44623 3.5
      vertex 4.92176 -6.93673 3.5
      vertex 4.93398 -6.82031 3.5
    endloop
  endfacet
  facet normal 0 0 -1
    outer loop
      vertex 4.77495 -7.11327 3.5
      vertex 4.96122 -7.46725 3.5
      vertex 4.87026 -7.54092 3.5
    endloop
  endfacet
  facet normal 0 0 -1
    outer loop
      vertex 5.07345 -7.434 3.5
      vertex 4.86591 -7.0396 3.5
      vertex 4.92176 -6.93673 3.5
    endloop
  endfacet
  facet normal 0 0 -1
    outer loop
      vertex 4.66272 -7.14652 3.5
      vertex 4.87026 -7.54092 3.5
      vertex 4.81441 -7.6438 3.5
    endloop
  endfacet
  facet normal 0 0 -1
    outer loop
      vertex 4.5463 -7.1343 3.5
      vertex 4.81441 -7.6438 3.5
      vertex 4.80218 -7.76021 3.5
    endloop
  endfacet
  facet normal 0 0 -1
    outer loop
      vertex 4.96122 -7.46725 3.5
      vertex 4.77495 -7.11327 3.5
      vertex 4.86591 -7.0396 3.5
    endloop
  endfacet
  facet normal 0 0 -1
    outer loop
      vertex 5.65554 -8.33118 3.5
      vertex 5.38743 -7.82168 3.5
      vertex 5.39966 -7.70527 3.5
    endloop
  endfacet
  facet normal 0 0 -1
    outer loop
      vertex 5.24062 -7.99823 3.5
      vertex 5.42689 -8.35221 3.5
      vertex 5.33593 -8.42588 3.5
    endloop
  endfacet
  facet normal 0 0 -1
    outer loop
      vertex 5.53913 -8.31896 3.5
      vertex 5.33159 -7.92456 3.5
      vertex 5.38743 -7.82168 3.5
    endloop
  endfacet
  facet normal 0 0 -1
    outer loop
      vertex 5.12839 -8.03148 3.5
      vertex 5.33593 -8.42588 3.5
      vertex 5.28009 -8.52875 3.5
    endloop
  endfacet
  facet normal 0 0 -1
    outer loop
      vertex 5.01198 -8.01925 3.5
      vertex 5.28009 -8.52875 3.5
      vertex 5.26786 -8.64517 3.5
    endloop
  endfacet
  facet normal 0 0 -1
    outer loop
      vertex 5.42689 -8.35221 3.5
      vertex 5.24062 -7.99823 3.5
      vertex 5.33159 -7.92456 3.5
    endloop
  endfacet
  facet normal 0 0 -1
    outer loop
      vertex 11.9277 -18.5588 3.5
      vertex 5.85311 -8.70664 3.5
      vertex 5.86534 -8.59022 3.5
    endloop
  endfacet
  facet normal 0 0 -1
    outer loop
      vertex 11.9277 -18.5588 3.5
      vertex 5.79726 -8.80951 3.5
      vertex 5.85311 -8.70664 3.5
    endloop
  endfacet
  facet normal 0 0 -1
    outer loop
      vertex 11.9277 -18.5588 3.5
      vertex 5.7063 -8.88318 3.5
      vertex 5.79726 -8.80951 3.5
    endloop
  endfacet
  facet normal 0 0 -1
    outer loop
      vertex 10.1578 -19.4901 3.5
      vertex 5.59407 -8.91644 3.5
      vertex 5.7063 -8.88318 3.5
    endloop
  endfacet
  facet normal 0 0 -1
    outer loop
      vertex 10.1578 -19.4901 3.5
      vertex 5.47765 -8.90421 3.5
      vertex 5.59407 -8.91644 3.5
    endloop
  endfacet
  facet normal 0 0 -1
    outer loop
      vertex 10.1578 -19.4901 3.5
      vertex 5.37478 -8.84836 3.5
      vertex 5.47765 -8.90421 3.5
    endloop
  endfacet
  facet normal 0 0 -1
    outer loop
      vertex 10.1578 -19.4901 3.5
      vertex 5.30111 -8.7574 3.5
      vertex 5.37478 -8.84836 3.5
    endloop
  endfacet
  facet normal 0 0 -1
    outer loop
      vertex 5.33593 -8.42588 3.5
      vertex 5.12839 -8.03148 3.5
      vertex 5.24062 -7.99823 3.5
    endloop
  endfacet
  facet normal 0 0 -1
    outer loop
      vertex 5.28009 -8.52875 3.5
      vertex 5.01198 -8.01925 3.5
      vertex 5.12839 -8.03148 3.5
    endloop
  endfacet
  facet normal 0 0 -1
    outer loop
      vertex 4.90911 -7.96341 3.5
      vertex 5.26786 -8.64517 3.5
      vertex 5.30111 -8.7574 3.5
    endloop
  endfacet
  facet normal 0 0 -1
    outer loop
      vertex 5.26786 -8.64517 3.5
      vertex 4.90911 -7.96341 3.5
      vertex 5.01198 -8.01925 3.5
    endloop
  endfacet
  facet normal 0 0 -1
    outer loop
      vertex 1.63146 -3.28691 3.5
      vertex 5.30111 -8.7574 3.5
      vertex 10.1578 -19.4901 3.5
    endloop
  endfacet
  facet normal 0 0 -1
    outer loop
      vertex 5.30111 -8.7574 3.5
      vertex 4.83543 -7.87244 3.5
      vertex 4.90911 -7.96341 3.5
    endloop
  endfacet
  facet normal 0 0 -1
    outer loop
      vertex 4.87026 -7.54092 3.5
      vertex 4.66272 -7.14652 3.5
      vertex 4.77495 -7.11327 3.5
    endloop
  endfacet
  facet normal 0 0 -1
    outer loop
      vertex 4.81441 -7.6438 3.5
      vertex 4.5463 -7.1343 3.5
      vertex 4.66272 -7.14652 3.5
    endloop
  endfacet
  facet normal 0 0 -1
    outer loop
      vertex 4.44343 -7.07845 3.5
      vertex 4.80218 -7.76021 3.5
      vertex 4.83543 -7.87244 3.5
    endloop
  endfacet
  facet normal 0 0 -1
    outer loop
      vertex 4.80218 -7.76021 3.5
      vertex 4.44343 -7.07845 3.5
      vertex 4.5463 -7.1343 3.5
    endloop
  endfacet
  facet normal 0 0 -1
    outer loop
      vertex 5.30111 -8.7574 3.5
      vertex 1.63146 -3.28691 3.5
      vertex 4.83543 -7.87244 3.5
    endloop
  endfacet
  facet normal 0 0 -1
    outer loop
      vertex 4.83543 -7.87244 3.5
      vertex 4.36976 -6.98749 3.5
      vertex 4.44343 -7.07845 3.5
    endloop
  endfacet
  facet normal 0 0 -1
    outer loop
      vertex 4.40458 -6.65597 3.5
      vertex 4.19704 -6.26157 3.5
      vertex 4.30927 -6.22832 3.5
    endloop
  endfacet
  facet normal 0 0 -1
    outer loop
      vertex 4.34873 -6.75884 3.5
      vertex 4.08063 -6.24934 3.5
      vertex 4.19704 -6.26157 3.5
    endloop
  endfacet
  facet normal 0 0 -1
    outer loop
      vertex 3.97775 -6.1935 3.5
      vertex 4.33651 -6.87526 3.5
      vertex 4.36976 -6.98749 3.5
    endloop
  endfacet
  facet normal 0 0 -1
    outer loop
      vertex 4.33651 -6.87526 3.5
      vertex 3.97775 -6.1935 3.5
      vertex 4.08063 -6.24934 3.5
    endloop
  endfacet
  facet normal 0 0 -1
    outer loop
      vertex 4.83543 -7.87244 3.5
      vertex 1.63146 -3.28691 3.5
      vertex 4.36976 -6.98749 3.5
    endloop
  endfacet
  facet normal 0 0 -1
    outer loop
      vertex 4.36976 -6.98749 3.5
      vertex 3.90408 -6.10253 3.5
      vertex 3.97775 -6.1935 3.5
    endloop
  endfacet
  facet normal 0 0 -1
    outer loop
      vertex 3.9389 -5.77101 3.5
      vertex 3.73136 -5.37661 3.5
      vertex 3.8436 -5.34336 3.5
    endloop
  endfacet
  facet normal 0 0 -1
    outer loop
      vertex 3.88306 -5.87389 3.5
      vertex 3.61495 -5.36439 3.5
      vertex 3.73136 -5.37661 3.5
    endloop
  endfacet
  facet normal 0 0 -1
    outer loop
      vertex 3.51208 -5.30854 3.5
      vertex 3.87083 -5.9903 3.5
      vertex 3.90408 -6.10253 3.5
    endloop
  endfacet
  facet normal 0 0 -1
    outer loop
      vertex 3.87083 -5.9903 3.5
      vertex 3.51208 -5.30854 3.5
      vertex 3.61495 -5.36439 3.5
    endloop
  endfacet
  facet normal 0 0 -1
    outer loop
      vertex 4.36976 -6.98749 3.5
      vertex 1.63146 -3.28691 3.5
      vertex 3.90408 -6.10253 3.5
    endloop
  endfacet
  facet normal -0 -0 -1
    outer loop
      vertex 3.43841 -5.21758 3.5
      vertex 3.90408 -6.10253 3.5
      vertex 1.63146 -3.28691 3.5
    endloop
  endfacet
  facet normal 0 0 -1
    outer loop
      vertex 3.47323 -4.88606 3.5
      vertex 3.26569 -4.49166 3.5
      vertex 3.37792 -4.45841 3.5
    endloop
  endfacet
  facet normal 0 0 -1
    outer loop
      vertex 3.41738 -4.98893 3.5
      vertex 3.14927 -4.47943 3.5
      vertex 3.26569 -4.49166 3.5
    endloop
  endfacet
  facet normal 0 0 -1
    outer loop
      vertex 3.0464 -4.42358 3.5
      vertex 3.40515 -5.10535 3.5
      vertex 3.43841 -5.21758 3.5
    endloop
  endfacet
  facet normal 0 0 -1
    outer loop
      vertex 3.40515 -5.10535 3.5
      vertex 3.0464 -4.42358 3.5
      vertex 3.14927 -4.47943 3.5
    endloop
  endfacet
  facet normal 0 0 -1
    outer loop
      vertex 3.90408 -6.10253 3.5
      vertex 3.43841 -5.21758 3.5
      vertex 3.51208 -5.30854 3.5
    endloop
  endfacet
  facet normal -0 -0 -1
    outer loop
      vertex 2.97273 -4.33262 3.5
      vertex 3.43841 -5.21758 3.5
      vertex 1.63146 -3.28691 3.5
    endloop
  endfacet
  facet normal 0 0 -1
    outer loop
      vertex 2.97273 -4.33262 3.5
      vertex 1.63146 -3.28691 3.5
      vertex 2.93948 -4.22039 3.5
    endloop
  endfacet
  facet normal 0 0 -1
    outer loop
      vertex 3.43841 -5.21758 3.5
      vertex 2.97273 -4.33262 3.5
      vertex 3.0464 -4.42358 3.5
    endloop
  endfacet
  facet normal 0 0 -1
    outer loop
      vertex 5.7063 -8.88318 3.5
      vertex 11.9277 -18.5588 3.5
      vertex 10.1578 -19.4901 3.5
    endloop
  endfacet
  facet normal 0 0 -1
    outer loop
      vertex 5.83208 -8.47799 3.5
      vertex 11.9277 -18.5588 3.5
      vertex 5.86534 -8.59022 3.5
    endloop
  endfacet
  facet normal 0 0 -1
    outer loop
      vertex 5.33159 -7.92456 3.5
      vertex 5.53913 -8.31896 3.5
      vertex 5.42689 -8.35221 3.5
    endloop
  endfacet
  facet normal 0 0 -1
    outer loop
      vertex 5.38743 -7.82168 3.5
      vertex 5.65554 -8.33118 3.5
      vertex 5.53913 -8.31896 3.5
    endloop
  endfacet
  facet normal 0 0 -1
    outer loop
      vertex 5.39966 -7.70527 3.5
      vertex 5.75841 -8.38703 3.5
      vertex 5.65554 -8.33118 3.5
    endloop
  endfacet
  facet normal 0 0 -1
    outer loop
      vertex 5.39966 -7.70527 3.5
      vertex 5.83208 -8.47799 3.5
      vertex 5.75841 -8.38703 3.5
    endloop
  endfacet
  facet normal 0 0 -1
    outer loop
      vertex 5.36641 -7.59304 3.5
      vertex 5.83208 -8.47799 3.5
      vertex 5.39966 -7.70527 3.5
    endloop
  endfacet
  facet normal 0 0 -1
    outer loop
      vertex 3.40137 -2.35556 3.5
      vertex 5.83208 -8.47799 3.5
      vertex 5.36641 -7.59304 3.5
    endloop
  endfacet
  facet normal 0 0 -1
    outer loop
      vertex 4.86591 -7.0396 3.5
      vertex 5.07345 -7.434 3.5
      vertex 4.96122 -7.46725 3.5
    endloop
  endfacet
  facet normal 0 0 -1
    outer loop
      vertex 4.92176 -6.93673 3.5
      vertex 5.18986 -7.44623 3.5
      vertex 5.07345 -7.434 3.5
    endloop
  endfacet
  facet normal 0 0 -1
    outer loop
      vertex 4.93398 -6.82031 3.5
      vertex 5.29274 -7.50207 3.5
      vertex 5.18986 -7.44623 3.5
    endloop
  endfacet
  facet normal 0 0 -1
    outer loop
      vertex 4.93398 -6.82031 3.5
      vertex 5.36641 -7.59304 3.5
      vertex 5.29274 -7.50207 3.5
    endloop
  endfacet
  facet normal 0 0 -1
    outer loop
      vertex 4.90073 -6.70808 3.5
      vertex 5.36641 -7.59304 3.5
      vertex 4.93398 -6.82031 3.5
    endloop
  endfacet
  facet normal 0 0 -1
    outer loop
      vertex 3.40137 -2.35556 3.5
      vertex 5.36641 -7.59304 3.5
      vertex 4.90073 -6.70808 3.5
    endloop
  endfacet
  facet normal 0 0 -1
    outer loop
      vertex 4.40024 -6.15465 3.5
      vertex 4.60777 -6.54905 3.5
      vertex 4.49554 -6.5823 3.5
    endloop
  endfacet
  facet normal 0 0 -1
    outer loop
      vertex 4.45608 -6.05177 3.5
      vertex 4.72419 -6.56127 3.5
      vertex 4.60777 -6.54905 3.5
    endloop
  endfacet
  facet normal 0 0 -1
    outer loop
      vertex 4.46831 -5.93536 3.5
      vertex 4.82706 -6.61712 3.5
      vertex 4.72419 -6.56127 3.5
    endloop
  endfacet
  facet normal 0 0 -1
    outer loop
      vertex 4.46831 -5.93536 3.5
      vertex 4.90073 -6.70808 3.5
      vertex 4.82706 -6.61712 3.5
    endloop
  endfacet
  facet normal 0 0 -1
    outer loop
      vertex 4.43506 -5.82313 3.5
      vertex 4.90073 -6.70808 3.5
      vertex 4.46831 -5.93536 3.5
    endloop
  endfacet
  facet normal 0 0 -1
    outer loop
      vertex 3.40137 -2.35556 3.5
      vertex 4.90073 -6.70808 3.5
      vertex 4.43506 -5.82313 3.5
    endloop
  endfacet
  facet normal 0 0 -1
    outer loop
      vertex 3.93456 -5.26969 3.5
      vertex 4.1421 -5.66409 3.5
      vertex 4.02987 -5.69734 3.5
    endloop
  endfacet
  facet normal 0 0 -1
    outer loop
      vertex 3.99041 -5.16682 3.5
      vertex 4.25851 -5.67632 3.5
      vertex 4.1421 -5.66409 3.5
    endloop
  endfacet
  facet normal 0 0 -1
    outer loop
      vertex 4.00263 -5.0504 3.5
      vertex 4.36139 -5.73216 3.5
      vertex 4.25851 -5.67632 3.5
    endloop
  endfacet
  facet normal 0 0 -1
    outer loop
      vertex 4.00263 -5.0504 3.5
      vertex 4.43506 -5.82313 3.5
      vertex 4.36139 -5.73216 3.5
    endloop
  endfacet
  facet normal 0 0 -1
    outer loop
      vertex 3.96938 -4.93817 3.5
      vertex 4.43506 -5.82313 3.5
      vertex 4.00263 -5.0504 3.5
    endloop
  endfacet
  facet normal 0 0 -1
    outer loop
      vertex 4.43506 -5.82313 3.5
      vertex 3.96938 -4.93817 3.5
      vertex 3.40137 -2.35556 3.5
    endloop
  endfacet
  facet normal 0 0 -1
    outer loop
      vertex 3.46888 -4.38474 3.5
      vertex 3.67642 -4.77913 3.5
      vertex 3.56419 -4.81239 3.5
    endloop
  endfacet
  facet normal 0 0 -1
    outer loop
      vertex 3.52473 -4.28186 3.5
      vertex 3.79284 -4.79136 3.5
      vertex 3.67642 -4.77913 3.5
    endloop
  endfacet
  facet normal 0 0 -1
    outer loop
      vertex 3.53696 -4.16545 3.5
      vertex 3.89571 -4.84721 3.5
      vertex 3.79284 -4.79136 3.5
    endloop
  endfacet
  facet normal 0 0 -1
    outer loop
      vertex 3.53696 -4.16545 3.5
      vertex 3.96938 -4.93817 3.5
      vertex 3.89571 -4.84721 3.5
    endloop
  endfacet
  facet normal 0 0 -1
    outer loop
      vertex 3.5037 -4.05322 3.5
      vertex 3.96938 -4.93817 3.5
      vertex 3.53696 -4.16545 3.5
    endloop
  endfacet
  facet normal 0 0 -1
    outer loop
      vertex 3.96938 -4.93817 3.5
      vertex 3.5037 -4.05322 3.5
      vertex 3.40137 -2.35556 3.5
    endloop
  endfacet
  facet normal 0 0 -1
    outer loop
      vertex 5.83208 -8.47799 3.5
      vertex 3.40137 -2.35556 3.5
      vertex 11.9277 -18.5588 3.5
    endloop
  endfacet
  facet normal 0 0 -1
    outer loop
      vertex 3.43003 -3.96225 3.5
      vertex 3.40137 -2.35556 3.5
      vertex 3.5037 -4.05322 3.5
    endloop
  endfacet
  facet normal 0 0 -1
    outer loop
      vertex 3.32716 -3.90641 3.5
      vertex 3.40137 -2.35556 3.5
      vertex 3.43003 -3.96225 3.5
    endloop
  endfacet
  facet normal 0 0 -1
    outer loop
      vertex 3.21075 -3.89418 3.5
      vertex 3.40137 -2.35556 3.5
      vertex 3.32716 -3.90641 3.5
    endloop
  endfacet
  facet normal 0 0 -1
    outer loop
      vertex 3.09851 -3.92743 3.5
      vertex 3.40137 -2.35556 3.5
      vertex 3.21075 -3.89418 3.5
    endloop
  endfacet
  facet normal 0 0 -1
    outer loop
      vertex 1.63146 -3.28691 3.5
      vertex 3.09851 -3.92743 3.5
      vertex 3.00755 -4.0011 3.5
    endloop
  endfacet
  facet normal 0 0 -1
    outer loop
      vertex 1.63146 -3.28691 3.5
      vertex 3.00755 -4.0011 3.5
      vertex 2.9517 -4.10398 3.5
    endloop
  endfacet
  facet normal 0 0 -1
    outer loop
      vertex 3.09851 -3.92743 3.5
      vertex 1.63146 -3.28691 3.5
      vertex 3.40137 -2.35556 3.5
    endloop
  endfacet
  facet normal 0 0 -1
    outer loop
      vertex 1.63146 -3.28691 3.5
      vertex 2.9517 -4.10398 3.5
      vertex 2.93948 -4.22039 3.5
    endloop
  endfacet
  facet normal -0.0154555 0.0293726 -0.999449
    outer loop
      vertex 10.1615 -19.497 3.49974
      vertex 11.9277 -18.5588 3.5
      vertex 11.9314 -18.5657 3.49974
    endloop
  endfacet
  facet normal -0.0154555 0.0293726 -0.999449
    outer loop
      vertex 11.9277 -18.5588 3.5
      vertex 10.1615 -19.497 3.49974
      vertex 10.1578 -19.4901 3.5
    endloop
  endfacet
  facet normal -0.0304701 0.0579072 -0.997857
    outer loop
      vertex 10.1924 -19.5557 3.49539
      vertex 11.9314 -18.5657 3.49974
      vertex 11.9623 -18.6244 3.49539
    endloop
  endfacet
  facet normal -0.0304701 0.0579072 -0.997857
    outer loop
      vertex 11.9314 -18.5657 3.49974
      vertex 10.1924 -19.5557 3.49539
      vertex 10.1615 -19.497 3.49974
    endloop
  endfacet
  facet normal -0.0608972 0.115733 -0.991412
    outer loop
      vertex 10.1999 -19.57 3.49326
      vertex 11.9623 -18.6244 3.49539
      vertex 11.9698 -18.6387 3.49326
    endloop
  endfacet
  facet normal -0.0608972 0.115733 -0.991412
    outer loop
      vertex 11.9623 -18.6244 3.49539
      vertex 10.1999 -19.57 3.49326
      vertex 10.1924 -19.5557 3.49539
    endloop
  endfacet
  facet normal -0.0908231 0.172587 -0.980798
    outer loop
      vertex 10.2282 -19.6238 3.48119
      vertex 11.9698 -18.6387 3.49326
      vertex 11.9981 -18.6924 3.48119
    endloop
  endfacet
  facet normal -0.0906883 0.17235 -0.980852
    outer loop
      vertex 11.9698 -18.6387 3.49326
      vertex 10.2282 -19.6238 3.48119
      vertex 10.1999 -19.57 3.49326
    endloop
  endfacet
  facet normal -0.121042 0.230011 -0.965631
    outer loop
      vertex 10.2356 -19.638 3.47688
      vertex 11.9981 -18.6924 3.48119
      vertex 12.0055 -18.7066 3.47688
    endloop
  endfacet
  facet normal -0.121042 0.230011 -0.965631
    outer loop
      vertex 11.9981 -18.6924 3.48119
      vertex 10.2356 -19.638 3.47688
      vertex 10.2282 -19.6238 3.48119
    endloop
  endfacet
  facet normal -0.149611 0.2843 -0.94699
    outer loop
      vertex 10.263 -19.6901 3.45691
      vertex 12.0055 -18.7066 3.47688
      vertex 12.0329 -18.7587 3.45691
    endloop
  endfacet
  facet normal -0.149611 0.2843 -0.94699
    outer loop
      vertex 12.0055 -18.7066 3.47688
      vertex 10.263 -19.6901 3.45691
      vertex 10.2356 -19.638 3.47688
    endloop
  endfacet
  facet normal -0.178489 0.339175 -0.923635
    outer loop
      vertex 10.27 -19.7033 3.45071
      vertex 12.0329 -18.7587 3.45691
      vertex 12.0399 -18.7719 3.45071
    endloop
  endfacet
  facet normal -0.178489 0.339175 -0.923635
    outer loop
      vertex 12.0329 -18.7587 3.45691
      vertex 10.27 -19.7033 3.45071
      vertex 10.263 -19.6901 3.45691
    endloop
  endfacet
  facet normal -0.205696 0.390918 -0.897147
    outer loop
      vertex 10.2959 -19.7525 3.42329
      vertex 12.0399 -18.7719 3.45071
      vertex 12.0658 -18.8212 3.42329
    endloop
  endfacet
  facet normal -0.205977 0.391409 -0.896868
    outer loop
      vertex 12.0399 -18.7719 3.45071
      vertex 10.2959 -19.7525 3.42329
      vertex 10.27 -19.7033 3.45071
    endloop
  endfacet
  facet normal -0.232858 0.442516 -0.866001
    outer loop
      vertex 10.3025 -19.7652 3.41505
      vertex 12.0658 -18.8212 3.42329
      vertex 12.0725 -18.8338 3.41505
    endloop
  endfacet
  facet normal -0.232337 0.441547 -0.866635
    outer loop
      vertex 12.0658 -18.8212 3.42329
      vertex 10.3025 -19.7652 3.41505
      vertex 10.2959 -19.7525 3.42329
    endloop
  endfacet
  facet normal -0.258932 0.492038 -0.831176
    outer loop
      vertex 10.3266 -19.8109 3.38052
      vertex 12.0725 -18.8338 3.41505
      vertex 12.0965 -18.8795 3.38052
    endloop
  endfacet
  facet normal -0.258759 0.491737 -0.831407
    outer loop
      vertex 12.0725 -18.8338 3.41505
      vertex 10.3266 -19.8109 3.38052
      vertex 10.3025 -19.7652 3.41505
    endloop
  endfacet
  facet normal -0.282839 0.537525 -0.794398
    outer loop
      vertex 10.3326 -19.8222 3.37067
      vertex 12.0965 -18.8795 3.38052
      vertex 12.1025 -18.8909 3.37067
    endloop
  endfacet
  facet normal -0.284093 0.53985 -0.792372
    outer loop
      vertex 12.0965 -18.8795 3.38052
      vertex 10.3326 -19.8222 3.37067
      vertex 10.3266 -19.8109 3.38052
    endloop
  endfacet
  facet normal -0.306986 0.583415 -0.751922
    outer loop
      vertex 10.3544 -19.8637 3.32957
      vertex 12.1025 -18.8909 3.37067
      vertex 12.1243 -18.9324 3.32957
    endloop
  endfacet
  facet normal -0.306986 0.583415 -0.751922
    outer loop
      vertex 12.1025 -18.8909 3.37067
      vertex 10.3544 -19.8637 3.32957
      vertex 10.3326 -19.8222 3.37067
    endloop
  endfacet
  facet normal -0.329912 0.626918 -0.705785
    outer loop
      vertex 10.3597 -19.8738 3.31821
      vertex 12.1243 -18.9324 3.32957
      vertex 12.1296 -18.9424 3.31821
    endloop
  endfacet
  facet normal -0.328602 0.624495 -0.708538
    outer loop
      vertex 12.1243 -18.9324 3.32957
      vertex 10.3597 -19.8738 3.31821
      vertex 10.3544 -19.8637 3.32957
    endloop
  endfacet
  facet normal -0.349869 0.66495 -0.659873
    outer loop
      vertex 10.3788 -19.9101 3.27135
      vertex 12.1296 -18.9424 3.31821
      vertex 12.1488 -18.9788 3.27135
    endloop
  endfacet
  facet normal -0.350414 0.665877 -0.658648
    outer loop
      vertex 12.1296 -18.9424 3.31821
      vertex 10.3788 -19.9101 3.27135
      vertex 10.3597 -19.8738 3.31821
    endloop
  endfacet
  facet normal -0.370372 0.703802 -0.606207
    outer loop
      vertex 10.3834 -19.9189 3.2585
      vertex 12.1488 -18.9788 3.27135
      vertex 12.1533 -18.9875 3.2585
    endloop
  endfacet
  facet normal -0.368449 0.700263 -0.611454
    outer loop
      vertex 12.1488 -18.9788 3.27135
      vertex 10.3834 -19.9189 3.2585
      vertex 10.3788 -19.9101 3.27135
    endloop
  endfacet
  facet normal -0.387 0.735478 -0.556151
    outer loop
      vertex 10.3995 -19.9494 3.20683
      vertex 12.1533 -18.9875 3.2585
      vertex 12.1694 -19.0181 3.20683
    endloop
  endfacet
  facet normal -0.387338 0.736043 -0.555167
    outer loop
      vertex 12.1533 -18.9875 3.2585
      vertex 10.3995 -19.9494 3.20683
      vertex 10.3834 -19.9189 3.2585
    endloop
  endfacet
  facet normal -0.402936 0.765808 -0.501179
    outer loop
      vertex 10.4033 -19.9567 3.19254
      vertex 12.1694 -19.0181 3.20683
      vertex 12.1733 -19.0254 3.19254
    endloop
  endfacet
  facet normal -0.403523 0.76688 -0.499063
    outer loop
      vertex 12.1694 -19.0181 3.20683
      vertex 10.4033 -19.9567 3.19254
      vertex 10.3995 -19.9494 3.20683
    endloop
  endfacet
  facet normal -0.417994 0.794296 -0.440879
    outer loop
      vertex 10.4161 -19.981 3.1369
      vertex 12.1733 -19.0254 3.19254
      vertex 12.186 -19.0496 3.1369
    endloop
  endfacet
  facet normal -0.417539 0.793561 -0.442632
    outer loop
      vertex 12.1733 -19.0254 3.19254
      vertex 10.4161 -19.981 3.1369
      vertex 10.4033 -19.9567 3.19254
    endloop
  endfacet
  facet normal -0.429949 0.817013 -0.384232
    outer loop
      vertex 10.419 -19.9865 3.12196
      vertex 12.186 -19.0496 3.1369
      vertex 12.1889 -19.0551 3.12196
    endloop
  endfacet
  facet normal -0.429949 0.817013 -0.384232
    outer loop
      vertex 12.186 -19.0496 3.1369
      vertex 10.419 -19.9865 3.12196
      vertex 10.4161 -19.981 3.1369
    endloop
  endfacet
  facet normal -0.440882 0.837879 -0.321841
    outer loop
      vertex 10.4283 -20.0041 3.06314
      vertex 12.1889 -19.0551 3.12196
      vertex 12.1982 -19.0728 3.06314
    endloop
  endfacet
  facet normal -0.441121 0.838243 -0.320563
    outer loop
      vertex 12.1889 -19.0551 3.12196
      vertex 10.4283 -20.0041 3.06314
      vertex 10.419 -19.9865 3.12196
    endloop
  endfacet
  facet normal -0.449817 0.85486 -0.25861
    outer loop
      vertex 10.4303 -20.0079 3.0471
      vertex 12.1982 -19.0728 3.06314
      vertex 12.2002 -19.0766 3.0471
    endloop
  endfacet
  facet normal -0.449817 0.85486 -0.25861
    outer loop
      vertex 12.1982 -19.0728 3.06314
      vertex 10.4303 -20.0079 3.0471
      vertex 10.4283 -20.0041 3.06314
    endloop
  endfacet
  facet normal -0.456718 0.867975 -0.195011
    outer loop
      vertex 10.4359 -20.0186 2.98636
      vertex 12.2002 -19.0766 3.0471
      vertex 12.2058 -19.0873 2.98636
    endloop
  endfacet
  facet normal -0.456718 0.867975 -0.195011
    outer loop
      vertex 12.2002 -19.0766 3.0471
      vertex 10.4359 -20.0186 2.98636
      vertex 10.4303 -20.0079 3.0471
    endloop
  endfacet
  facet normal -0.461601 0.877256 -0.131707
    outer loop
      vertex 10.4369 -20.0205 2.9702
      vertex 12.2058 -19.0873 2.98636
      vertex 12.2068 -19.0892 2.9702
    endloop
  endfacet
  facet normal -0.461601 0.877256 -0.131707
    outer loop
      vertex 12.2058 -19.0873 2.98636
      vertex 10.4369 -20.0205 2.9702
      vertex 10.4359 -20.0186 2.98636
    endloop
  endfacet
  facet normal -0.464682 0.883066 -0.065302
    outer loop
      vertex 10.4389 -20.0244 2.90387
      vertex 12.2068 -19.0892 2.9702
      vertex 12.2089 -19.093 2.90387
    endloop
  endfacet
  facet normal -0.464645 0.883039 -0.0659301
    outer loop
      vertex 12.2068 -19.0892 2.9702
      vertex 10.4389 -20.0244 2.90387
      vertex 10.4369 -20.0205 2.9702
    endloop
  endfacet
  facet normal -0.465506 0.884582 -0.0286129
    outer loop
      vertex 10.4391 -20.0246 2.89606
      vertex 12.2089 -19.093 2.90387
      vertex 12.209 -19.0932 2.89606
    endloop
  endfacet
  facet normal -0.465398 0.884426 -0.0345666
    outer loop
      vertex 12.2089 -19.093 2.90387
      vertex 10.4391 -20.0246 2.89606
      vertex 10.4389 -20.0244 2.90387
    endloop
  endfacet
  facet normal -0.465697 0.884944 0
    outer loop
      vertex 12.209 -19.0932 2.64999
      vertex 10.4391 -20.0246 2.89606
      vertex 12.209 -19.0932 2.89606
    endloop
  endfacet
  facet normal -0.465697 0.884944 0
    outer loop
      vertex 10.4391 -20.0246 2.89606
      vertex 12.209 -19.0932 2.64999
      vertex 10.4391 -20.0246 2.64999
    endloop
  endfacet
  facet normal -0.464692 0.883035 -0.0656591
    outer loop
      vertex 10.4401 -20.0265 2.61736
      vertex 12.209 -19.0932 2.64999
      vertex 12.21 -19.0951 2.61736
    endloop
  endfacet
  facet normal -0.464692 0.883035 -0.0656591
    outer loop
      vertex 12.209 -19.0932 2.64999
      vertex 10.4401 -20.0265 2.61736
      vertex 10.4391 -20.0246 2.64999
    endloop
  endfacet
  facet normal -0.456662 0.867869 -0.195607
    outer loop
      vertex 10.443 -20.0321 2.5853
      vertex 12.21 -19.0951 2.61736
      vertex 12.2129 -19.1008 2.5853
    endloop
  endfacet
  facet normal -0.456941 0.868306 -0.193002
    outer loop
      vertex 12.21 -19.0951 2.61736
      vertex 10.443 -20.0321 2.5853
      vertex 10.4401 -20.0265 2.61736
    endloop
  endfacet
  facet normal -0.440964 0.838036 -0.321319
    outer loop
      vertex 10.4479 -20.0414 2.55432
      vertex 12.2129 -19.1008 2.5853
      vertex 12.2178 -19.1101 2.55432
    endloop
  endfacet
  facet normal -0.440964 0.838036 -0.321319
    outer loop
      vertex 12.2129 -19.1008 2.5853
      vertex 10.4479 -20.0414 2.55432
      vertex 10.443 -20.0321 2.5853
    endloop
  endfacet
  facet normal -0.417466 0.793378 -0.443028
    outer loop
      vertex 10.4547 -20.0542 2.52499
      vertex 12.2178 -19.1101 2.55432
      vertex 12.2246 -19.1229 2.52499
    endloop
  endfacet
  facet normal -0.417466 0.793378 -0.443028
    outer loop
      vertex 12.2178 -19.1101 2.55432
      vertex 10.4547 -20.0542 2.52499
      vertex 10.4479 -20.0414 2.55432
    endloop
  endfacet
  facet normal -0.374879 0.749758 -0.545279
    outer loop
      vertex 12.233 -19.139 2.4978
      vertex 12.2326 -19.1392 2.4978
      vertex 12.2324 -19.1377 2.5
    endloop
  endfacet
  facet normal -0.387154 0.735771 -0.555655
    outer loop
      vertex 10.4593 -20.0631 2.51
      vertex 12.2246 -19.1229 2.52499
      vertex 12.2292 -19.1318 2.51
    endloop
  endfacet
  facet normal -0.387154 0.735771 -0.555655
    outer loop
      vertex 12.2246 -19.1229 2.52499
      vertex 10.4593 -20.0631 2.51
      vertex 10.4547 -20.0542 2.52499
    endloop
  endfacet
  facet normal -0.308995 0.772486 -0.554786
    outer loop
      vertex 10.4636 -20.0701 2.4978
      vertex 10.4631 -20.0703 2.4978
      vertex 10.4624 -20.069 2.5
    endloop
  endfacet
  facet normal -0.354675 0.663586 -0.65868
    outer loop
      vertex 12.2373 -19.1611 2.47322
      vertex 12.233 -19.139 2.4978
      vertex 12.2431 -19.158 2.47322
    endloop
  endfacet
  facet normal -0.335327 0.670653 -0.661649
    outer loop
      vertex 12.233 -19.139 2.4978
      vertex 12.2373 -19.1611 2.47322
      vertex 12.2326 -19.1392 2.4978
    endloop
  endfacet
  facet normal -0.350209 0.665397 -0.659242
    outer loop
      vertex 10.4732 -20.0894 2.47322
      vertex 10.4636 -20.0701 2.4978
      vertex 10.4789 -20.0864 2.47322
    endloop
  endfacet
  facet normal -0.279627 0.699068 -0.658113
    outer loop
      vertex 10.4636 -20.0701 2.4978
      vertex 10.4732 -20.0894 2.47322
      vertex 10.4631 -20.0703 2.4978
    endloop
  endfacet
  facet normal -0.308333 0.58303 -0.751669
    outer loop
      vertex 12.2373 -19.1611 2.47322
      vertex 12.2545 -19.1798 2.45166
      vertex 12.2441 -19.1853 2.45166
    endloop
  endfacet
  facet normal -0.310691 0.581293 -0.752044
    outer loop
      vertex 12.2545 -19.1798 2.45166
      vertex 12.2373 -19.1611 2.47322
      vertex 12.2431 -19.158 2.47322
    endloop
  endfacet
  facet normal -0.308219 0.582813 -0.751884
    outer loop
      vertex 10.4846 -20.1112 2.45166
      vertex 10.4789 -20.0864 2.47322
      vertex 10.495 -20.1057 2.45166
    endloop
  endfacet
  facet normal -0.306973 0.583249 -0.752056
    outer loop
      vertex 10.4789 -20.0864 2.47322
      vertex 10.4846 -20.1112 2.45166
      vertex 10.4732 -20.0894 2.47322
    endloop
  endfacet
  facet normal -0.257994 0.491908 -0.831544
    outer loop
      vertex 12.2441 -19.1853 2.45166
      vertex 12.2672 -19.2039 2.43349
      vertex 12.2529 -19.2114 2.43349
    endloop
  endfacet
  facet normal -0.25941 0.49052 -0.831923
    outer loop
      vertex 12.2672 -19.2039 2.43349
      vertex 12.2441 -19.1853 2.45166
      vertex 12.2545 -19.1798 2.45166
    endloop
  endfacet
  facet normal -0.258047 0.492009 -0.831468
    outer loop
      vertex 10.4973 -20.1352 2.43349
      vertex 10.495 -20.1057 2.45166
      vertex 10.5116 -20.1277 2.43349
    endloop
  endfacet
  facet normal -0.259993 0.491624 -0.831089
    outer loop
      vertex 10.495 -20.1057 2.45166
      vertex 10.4973 -20.1352 2.43349
      vertex 10.4846 -20.1112 2.45166
    endloop
  endfacet
  facet normal -0.206933 0.391374 -0.896663
    outer loop
      vertex 12.2529 -19.2114 2.43349
      vertex 12.2808 -19.2298 2.41902
      vertex 12.2634 -19.239 2.41902
    endloop
  endfacet
  facet normal -0.20593 0.392641 -0.89634
    outer loop
      vertex 12.2808 -19.2298 2.41902
      vertex 12.2529 -19.2114 2.43349
      vertex 12.2672 -19.2039 2.43349
    endloop
  endfacet
  facet normal -0.207043 0.391581 -0.896547
    outer loop
      vertex 10.5109 -20.1612 2.41902
      vertex 10.5116 -20.1277 2.43349
      vertex 10.5283 -20.152 2.41902
    endloop
  endfacet
  facet normal -0.205431 0.391688 -0.896872
    outer loop
      vertex 10.5116 -20.1277 2.43349
      vertex 10.5109 -20.1612 2.41902
      vertex 10.4973 -20.1352 2.43349
    endloop
  endfacet
  facet normal -0.149953 0.284045 -0.947013
    outer loop
      vertex 12.2634 -19.239 2.41902
      vertex 12.2953 -19.2572 2.40851
      vertex 12.2756 -19.2676 2.40851
    endloop
  endfacet
  facet normal -0.150079 0.283846 -0.947052
    outer loop
      vertex 12.2953 -19.2572 2.40851
      vertex 12.2634 -19.239 2.41902
      vertex 12.2808 -19.2298 2.41902
    endloop
  endfacet
  facet normal -0.150621 0.283862 -0.946961
    outer loop
      vertex 10.5254 -20.1886 2.40851
      vertex 10.5283 -20.152 2.41902
      vertex 10.545 -20.1782 2.40851
    endloop
  endfacet
  facet normal -0.150079 0.283846 -0.947052
    outer loop
      vertex 10.5283 -20.152 2.41902
      vertex 10.5254 -20.1886 2.40851
      vertex 10.5109 -20.1612 2.41902
    endloop
  endfacet
  facet normal -0.091145 0.172436 -0.980795
    outer loop
      vertex 12.2756 -19.2676 2.40851
      vertex 12.3102 -19.2856 2.40213
      vertex 12.2892 -19.2967 2.40213
    endloop
  endfacet
  facet normal -0.0910879 0.172541 -0.980782
    outer loop
      vertex 12.3102 -19.2856 2.40213
      vertex 12.2756 -19.2676 2.40851
      vertex 12.2953 -19.2572 2.40851
    endloop
  endfacet
  facet normal -0.0910794 0.172312 -0.980823
    outer loop
      vertex 10.5403 -20.217 2.40213
      vertex 10.545 -20.1782 2.40851
      vertex 10.5613 -20.2059 2.40213
    endloop
  endfacet
  facet normal -0.0914514 0.172351 -0.980781
    outer loop
      vertex 10.545 -20.1782 2.40851
      vertex 10.5403 -20.217 2.40213
      vertex 10.5254 -20.1886 2.40851
    endloop
  endfacet
  facet normal -0.0304765 0.0579862 -0.997852
    outer loop
      vertex 12.2892 -19.2967 2.40213
      vertex 12.3254 -19.3145 2.39999
      vertex 12.3039 -19.3258 2.39999
    endloop
  endfacet
  facet normal -0.0305603 0.0578167 -0.997859
    outer loop
      vertex 12.3254 -19.3145 2.39999
      vertex 12.2892 -19.2967 2.40213
      vertex 12.3102 -19.2856 2.40213
    endloop
  endfacet
  facet normal -0.0304554 0.0579461 -0.997855
    outer loop
      vertex 10.5555 -20.2458 2.39999
      vertex 10.5613 -20.2059 2.40213
      vertex 10.577 -20.2345 2.39999
    endloop
  endfacet
  facet normal -0.0306429 0.057973 -0.997848
    outer loop
      vertex 10.5613 -20.2059 2.40213
      vertex 10.5555 -20.2458 2.39999
      vertex 10.5403 -20.217 2.40213
    endloop
  endfacet
  facet normal 0 0 -1
    outer loop
      vertex 12.723 -20.1222 2.39999
      vertex 12.3254 -19.3145 2.39999
      vertex 12.7445 -20.1109 2.39999
    endloop
  endfacet
  facet normal 0 -0 -1
    outer loop
      vertex 12.3254 -19.3145 2.39999
      vertex 12.723 -20.1222 2.39999
      vertex 12.3039 -19.3258 2.39999
    endloop
  endfacet
  facet normal 0 0 -1
    outer loop
      vertex 10.9746 -21.0423 2.39999
      vertex 10.577 -20.2345 2.39999
      vertex 10.9961 -21.031 2.39999
    endloop
  endfacet
  facet normal 0 -0 -1
    outer loop
      vertex 10.577 -20.2345 2.39999
      vertex 10.9746 -21.0423 2.39999
      vertex 10.5555 -20.2458 2.39999
    endloop
  endfacet
  facet normal 0.0305603 -0.0578167 -0.997859
    outer loop
      vertex 12.7387 -20.1509 2.40213
      vertex 12.7445 -20.1109 2.39999
      vertex 12.7597 -20.1398 2.40213
    endloop
  endfacet
  facet normal 0.0303733 -0.05779 -0.997867
    outer loop
      vertex 12.7445 -20.1109 2.39999
      vertex 12.7387 -20.1509 2.40213
      vertex 12.723 -20.1222 2.39999
    endloop
  endfacet
  facet normal 0.0305603 -0.0578167 -0.997859
    outer loop
      vertex 10.9746 -21.0423 2.39999
      vertex 11.0108 -21.0601 2.40213
      vertex 10.9898 -21.0712 2.40213
    endloop
  endfacet
  facet normal 0.0304765 -0.0579862 -0.997852
    outer loop
      vertex 11.0108 -21.0601 2.40213
      vertex 10.9746 -21.0423 2.39999
      vertex 10.9961 -21.031 2.39999
    endloop
  endfacet
  facet normal 0 0 1
    outer loop
      vertex 12.209 -19.0932 2.51
      vertex 10.4593 -20.0631 2.51
      vertex 12.2292 -19.1318 2.51
    endloop
  endfacet
  facet normal 0 -0 1
    outer loop
      vertex 10.4593 -20.0631 2.51
      vertex 12.209 -19.0932 2.51
      vertex 10.4391 -20.0246 2.51
    endloop
  endfacet
  facet normal 0 0 1
    outer loop
      vertex 12.8407 -20.2937 2.51
      vertex 11.091 -21.2635 2.51
      vertex 12.8609 -20.3322 2.51
    endloop
  endfacet
  facet normal 0 -0 1
    outer loop
      vertex 11.091 -21.2635 2.51
      vertex 12.8407 -20.2937 2.51
      vertex 11.0707 -21.225 2.51
    endloop
  endfacet
  facet normal -0.735359 -0.386909 -0.556371
    outer loop
      vertex 11.6249 -20.9826 0.195619
      vertex 10.9408 -19.7606 0.25
      vertex 10.973 -19.7436 0.195619
    endloop
  endfacet
  facet normal -0.736166 -0.387424 -0.554944
    outer loop
      vertex 10.9408 -19.7606 0.25
      vertex 11.6249 -20.9826 0.195619
      vertex 11.5928 -20.9995 0.25
    endloop
  endfacet
  facet normal -0.859972 -0.452529 -0.235937
    outer loop
      vertex 10.5116 -20.1277 2.43349
      vertex 10.4391 -20.0246 2.5
      vertex 10.8966 -19.7838 0.37059
    endloop
  endfacet
  facet normal -0.85891 -0.450734 -0.243129
    outer loop
      vertex 10.4391 -20.0246 2.5
      vertex 10.4636 -20.0701 2.4978
      vertex 10.4624 -20.069 2.5
    endloop
  endfacet
  facet normal -0.860341 -0.451855 -0.235882
    outer loop
      vertex 10.4391 -20.0246 2.5
      vertex 10.4789 -20.0864 2.47322
      vertex 10.4636 -20.0701 2.4978
    endloop
  endfacet
  facet normal -0.860217 -0.450311 -0.239263
    outer loop
      vertex 10.4391 -20.0246 2.5
      vertex 10.495 -20.1057 2.45166
      vertex 10.4789 -20.0864 2.47322
    endloop
  endfacet
  facet normal -0.860328 -0.447378 -0.244311
    outer loop
      vertex 10.4391 -20.0246 2.5
      vertex 10.5116 -20.1277 2.43349
      vertex 10.495 -20.1057 2.45166
    endloop
  endfacet
  facet normal -0.860746 -0.451103 -0.235844
    outer loop
      vertex 10.8966 -19.7838 0.37059
      vertex 10.5283 -20.152 2.41902
      vertex 10.5116 -20.1277 2.43349
    endloop
  endfacet
  facet normal -0.859583 -0.453226 -0.236016
    outer loop
      vertex 10.8966 -19.7838 0.37059
      vertex 10.545 -20.1782 2.40851
      vertex 10.5283 -20.152 2.41902
    endloop
  endfacet
  facet normal -0.860308 -0.451915 -0.235887
    outer loop
      vertex 10.8966 -19.7838 0.37059
      vertex 10.5613 -20.2059 2.40213
      vertex 10.545 -20.1782 2.40851
    endloop
  endfacet
  facet normal -0.859161 -0.453969 -0.236125
    outer loop
      vertex 10.8966 -19.7838 0.37059
      vertex 10.577 -20.2345 2.39999
      vertex 10.5613 -20.2059 2.40213
    endloop
  endfacet
  facet normal -0.859966 -0.452541 -0.235934
    outer loop
      vertex 11.5486 -21.0228 0.37059
      vertex 10.577 -20.2345 2.39999
      vertex 10.8966 -19.7838 0.37059
    endloop
  endfacet
  facet normal -0.859981 -0.452502 -0.235956
    outer loop
      vertex 11.5486 -21.0228 0.37059
      vertex 10.9961 -21.031 2.39999
      vertex 10.577 -20.2345 2.39999
    endloop
  endfacet
  facet normal -0.860264 -0.451924 -0.236031
    outer loop
      vertex 11.5486 -21.0228 0.37059
      vertex 11.0108 -21.0601 2.40213
      vertex 10.9961 -21.031 2.39999
    endloop
  endfacet
  facet normal -0.859526 -0.453414 -0.235863
    outer loop
      vertex 11.5486 -21.0228 0.37059
      vertex 11.0244 -21.0892 2.40851
      vertex 11.0108 -21.0601 2.40213
    endloop
  endfacet
  facet normal -0.860765 -0.450933 -0.236101
    outer loop
      vertex 11.5486 -21.0228 0.37059
      vertex 11.0365 -21.1178 2.41902
      vertex 11.0244 -21.0892 2.40851
    endloop
  endfacet
  facet normal -0.859364 -0.453712 -0.23588
    outer loop
      vertex 11.5486 -21.0228 0.37059
      vertex 11.0471 -21.1454 2.43349
      vertex 11.0365 -21.1178 2.41902
    endloop
  endfacet
  facet normal -0.859958 -0.452545 -0.235955
    outer loop
      vertex 11.091 -21.2635 2.5
      vertex 11.0471 -21.1454 2.43349
      vertex 11.5486 -21.0228 0.37059
    endloop
  endfacet
  facet normal -0.865208 -0.448205 -0.224783
    outer loop
      vertex 11.0471 -21.1454 2.43349
      vertex 11.091 -21.2635 2.5
      vertex 11.0559 -21.1715 2.45166
    endloop
  endfacet
  facet normal -0.859901 -0.452353 -0.236531
    outer loop
      vertex 11.0559 -21.1715 2.45166
      vertex 11.091 -21.2635 2.5
      vertex 11.0627 -21.1957 2.47322
    endloop
  endfacet
  facet normal -0.858754 -0.453013 -0.239416
    outer loop
      vertex 11.0627 -21.1957 2.47322
      vertex 11.091 -21.2635 2.5
      vertex 11.0674 -21.2176 2.4978
    endloop
  endfacet
  facet normal -0.860723 -0.453624 -0.231042
    outer loop
      vertex 11.0674 -21.2176 2.4978
      vertex 11.091 -21.2635 2.5
      vertex 11.0676 -21.2191 2.5
    endloop
  endfacet
  facet normal 0.736166 0.387424 -0.554944
    outer loop
      vertex 12.3592 -20.5962 0.25
      vertex 11.6751 -19.3742 0.195619
      vertex 11.7072 -19.3573 0.25
    endloop
  endfacet
  facet normal 0.735637 0.387087 -0.555879
    outer loop
      vertex 11.6751 -19.3742 0.195619
      vertex 12.3592 -20.5962 0.25
      vertex 12.327 -20.6131 0.195619
    endloop
  endfacet
  facet normal -0.837982 -0.440972 -0.321449
    outer loop
      vertex 11.5672 -21.013 0.308658
      vertex 10.8966 -19.7838 0.37059
      vertex 10.9152 -19.774 0.308658
    endloop
  endfacet
  facet normal -0.837982 -0.440972 -0.321449
    outer loop
      vertex 10.8966 -19.7838 0.37059
      vertex 11.5672 -21.013 0.308658
      vertex 11.5486 -21.0228 0.37059
    endloop
  endfacet
  facet normal 0.861259 0.452887 -0.23049
    outer loop
      vertex 12.2326 -19.1392 2.4978
      vertex 12.209 -19.0932 2.5
      vertex 12.2324 -19.1377 2.5
    endloop
  endfacet
  facet normal 0.859343 0.452294 -0.238663
    outer loop
      vertex 12.2373 -19.1611 2.47322
      vertex 12.209 -19.0932 2.5
      vertex 12.2326 -19.1392 2.4978
    endloop
  endfacet
  facet normal 0.860639 0.451544 -0.235391
    outer loop
      vertex 12.2441 -19.1853 2.45166
      vertex 12.209 -19.0932 2.5
      vertex 12.2373 -19.1611 2.47322
    endloop
  endfacet
  facet normal 0.866526 0.446906 -0.22228
    outer loop
      vertex 12.2529 -19.2114 2.43349
      vertex 12.209 -19.0932 2.5
      vertex 12.2441 -19.1853 2.45166
    endloop
  endfacet
  facet normal 0.860117 0.452232 -0.235975
    outer loop
      vertex 12.2529 -19.2114 2.43349
      vertex 11.7514 -19.334 0.37059
      vertex 12.209 -19.0932 2.5
    endloop
  endfacet
  facet normal 0.860654 0.451174 -0.236043
    outer loop
      vertex 12.2634 -19.239 2.41902
      vertex 11.7514 -19.334 0.37059
      vertex 12.2529 -19.2114 2.43349
    endloop
  endfacet
  facet normal 0.859561 0.453344 -0.23587
    outer loop
      vertex 12.2756 -19.2676 2.40851
      vertex 11.7514 -19.334 0.37059
      vertex 12.2634 -19.239 2.41902
    endloop
  endfacet
  facet normal 0.859526 0.453414 -0.235863
    outer loop
      vertex 12.2892 -19.2967 2.40213
      vertex 11.7514 -19.334 0.37059
      vertex 12.2756 -19.2676 2.40851
    endloop
  endfacet
  facet normal 0.860264 0.451924 -0.236031
    outer loop
      vertex 12.3039 -19.3258 2.39999
      vertex 11.7514 -19.334 0.37059
      vertex 12.2892 -19.2967 2.40213
    endloop
  endfacet
  facet normal 0.859958 0.452547 -0.23595
    outer loop
      vertex 12.723 -20.1222 2.39999
      vertex 11.7514 -19.334 0.37059
      vertex 12.3039 -19.3258 2.39999
    endloop
  endfacet
  facet normal 0.859834 0.452766 -0.235986
    outer loop
      vertex 12.4034 -20.573 0.37059
      vertex 12.723 -20.1222 2.39999
      vertex 12.7387 -20.1509 2.40213
    endloop
  endfacet
  facet normal 0.859634 0.453123 -0.236027
    outer loop
      vertex 12.4034 -20.573 0.37059
      vertex 12.7387 -20.1509 2.40213
      vertex 12.755 -20.1785 2.40851
    endloop
  endfacet
  facet normal 0.860268 0.451977 -0.235915
    outer loop
      vertex 12.4034 -20.573 0.37059
      vertex 12.755 -20.1785 2.40851
      vertex 12.7717 -20.2048 2.41902
    endloop
  endfacet
  facet normal 0.860746 0.451103 -0.235844
    outer loop
      vertex 12.4034 -20.573 0.37059
      vertex 12.7717 -20.2048 2.41902
      vertex 12.7884 -20.2291 2.43349
    endloop
  endfacet
  facet normal 0.860328 0.447378 -0.244311
    outer loop
      vertex 12.8609 -20.3322 2.5
      vertex 12.7884 -20.2291 2.43349
      vertex 12.805 -20.2511 2.45166
    endloop
  endfacet
  facet normal 0.860217 0.450311 -0.239263
    outer loop
      vertex 12.8609 -20.3322 2.5
      vertex 12.805 -20.2511 2.45166
      vertex 12.8211 -20.2704 2.47322
    endloop
  endfacet
  facet normal 0.860341 0.451855 -0.235882
    outer loop
      vertex 12.8609 -20.3322 2.5
      vertex 12.8211 -20.2704 2.47322
      vertex 12.8364 -20.2867 2.4978
    endloop
  endfacet
  facet normal 0.865912 0.456359 -0.204776
    outer loop
      vertex 12.8609 -20.3322 2.5
      vertex 12.8364 -20.2867 2.4978
      vertex 12.8375 -20.2878 2.5
    endloop
  endfacet
  facet normal 0.859972 0.452529 -0.235937
    outer loop
      vertex 12.7884 -20.2291 2.43349
      vertex 12.8609 -20.3322 2.5
      vertex 12.4034 -20.573 0.37059
    endloop
  endfacet
  facet normal 0.859962 0.452538 -0.235955
    outer loop
      vertex 12.723 -20.1222 2.39999
      vertex 12.4034 -20.573 0.37059
      vertex 11.7514 -19.334 0.37059
    endloop
  endfacet
  facet normal 0.793595 0.417648 -0.442468
    outer loop
      vertex 12.3848 -20.5827 0.308658
      vertex 11.7072 -19.3573 0.25
      vertex 11.7328 -19.3438 0.308658
    endloop
  endfacet
  facet normal 0.793595 0.417648 -0.442468
    outer loop
      vertex 11.7072 -19.3573 0.25
      vertex 12.3848 -20.5827 0.308658
      vertex 12.3592 -20.5962 0.25
    endloop
  endfacet
  facet normal -0.793845 -0.417779 -0.441895
    outer loop
      vertex 11.5928 -20.9995 0.25
      vertex 10.9152 -19.774 0.308658
      vertex 10.9408 -19.7606 0.25
    endloop
  endfacet
  facet normal -0.793609 -0.417621 -0.442468
    outer loop
      vertex 10.9152 -19.774 0.308658
      vertex 11.5928 -20.9995 0.25
      vertex 11.5672 -21.013 0.308658
    endloop
  endfacet
  facet normal 0.284579 0.149731 -0.946887
    outer loop
      vertex 12.0905 -20.7376 0.0170364
      vertex 11.4934 -19.4698 0.0380602
      vertex 12.1453 -20.7088 0.0380602
    endloop
  endfacet
  facet normal 0.284009 0.149466 -0.9471
    outer loop
      vertex 11.4934 -19.4698 0.0380602
      vertex 12.0905 -20.7376 0.0170364
      vertex 11.4385 -19.4987 0.0170364
    endloop
  endfacet
  facet normal 0.465658 -0.884965 0
    outer loop
      vertex 11.091 -21.2635 2.5
      vertex 12.8609 -20.3322 2.51
      vertex 11.091 -21.2635 2.51
    endloop
  endfacet
  facet normal 0.465658 -0.884965 0
    outer loop
      vertex 11.091 -21.2635 2.5
      vertex 12.8609 -20.3322 2.5
      vertex 12.8609 -20.3322 2.51
    endloop
  endfacet
  facet normal 0.465658 -0.884965 3.47403e-05
    outer loop
      vertex 11.5486 -21.0228 0.37059
      vertex 12.8609 -20.3322 2.5
      vertex 11.091 -21.2635 2.5
    endloop
  endfacet
  facet normal 0.46567 -0.884959 2.54468e-05
    outer loop
      vertex 11.5486 -21.0228 0.37059
      vertex 12.4034 -20.573 0.37059
      vertex 12.8609 -20.3322 2.5
    endloop
  endfacet
  facet normal 0.46567 -0.884959 -0.000179869
    outer loop
      vertex 11.5672 -21.013 0.308658
      vertex 12.4034 -20.573 0.37059
      vertex 11.5486 -21.0228 0.37059
    endloop
  endfacet
  facet normal 0.465733 -0.884925 -0.00127333
    outer loop
      vertex 11.5672 -21.013 0.308658
      vertex 12.3848 -20.5827 0.308658
      vertex 12.4034 -20.573 0.37059
    endloop
  endfacet
  facet normal 0.465733 -0.884925 -0.000404463
    outer loop
      vertex 11.5928 -20.9995 0.25
      vertex 12.3848 -20.5827 0.308658
      vertex 11.5672 -21.013 0.308658
    endloop
  endfacet
  facet normal 0.465685 -0.884951 0.000431496
    outer loop
      vertex 11.5928 -20.9995 0.25
      vertex 12.3592 -20.5962 0.25
      vertex 12.3848 -20.5827 0.308658
    endloop
  endfacet
  facet normal 0.465685 -0.884951 -0.000132283
    outer loop
      vertex 11.6249 -20.9826 0.195619
      vertex 12.3592 -20.5962 0.25
      vertex 11.5928 -20.9995 0.25
    endloop
  endfacet
  facet normal 0.46572 -0.884932 -0.000751178
    outer loop
      vertex 11.6249 -20.9826 0.195619
      vertex 12.327 -20.6131 0.195619
      vertex 12.3592 -20.5962 0.25
    endloop
  endfacet
  facet normal 0.46572 -0.884932 6.89503e-05
    outer loop
      vertex 11.6631 -20.9625 0.146446
      vertex 12.327 -20.6131 0.195619
      vertex 11.6249 -20.9826 0.195619
    endloop
  endfacet
  facet normal 0.46567 -0.884958 0.000927449
    outer loop
      vertex 11.6631 -20.9625 0.146446
      vertex 12.2889 -20.6332 0.146446
      vertex 12.327 -20.6131 0.195619
    endloop
  endfacet
  facet normal 0.465671 -0.884958 -0.000205611
    outer loop
      vertex 11.7066 -20.9396 0.103323
      vertex 12.2889 -20.6332 0.146446
      vertex 11.6631 -20.9625 0.146446
    endloop
  endfacet
  facet normal 0.465712 -0.884936 -0.000928349
    outer loop
      vertex 11.7066 -20.9396 0.103323
      vertex 12.2453 -20.6561 0.103323
      vertex 12.2889 -20.6332 0.146446
    endloop
  endfacet
  facet normal 0.465713 -0.884936 0.000327315
    outer loop
      vertex 11.7547 -20.9143 0.066987
      vertex 12.2453 -20.6561 0.103323
      vertex 11.7066 -20.9396 0.103323
    endloop
  endfacet
  facet normal 0.465755 -0.884914 -0.000398464
    outer loop
      vertex 11.7547 -20.9143 0.066987
      vertex 12.1972 -20.6814 0.066987
      vertex 12.2453 -20.6561 0.103323
    endloop
  endfacet
  facet normal 0.465755 -0.884914 0.000501908
    outer loop
      vertex 11.8066 -20.887 0.0380602
      vertex 12.1972 -20.6814 0.066987
      vertex 11.7547 -20.9143 0.066987
    endloop
  endfacet
  facet normal 0.465615 -0.884983 0.00287241
    outer loop
      vertex 11.8066 -20.887 0.0380602
      vertex 12.1453 -20.7088 0.0380602
      vertex 12.1972 -20.6814 0.066987
    endloop
  endfacet
  facet normal 0.465617 -0.884986 -0.000652483
    outer loop
      vertex 11.8615 -20.8581 0.0170364
      vertex 12.1453 -20.7088 0.0380602
      vertex 11.8066 -20.887 0.0380602
    endloop
  endfacet
  facet normal 0.465666 -0.884959 -0.00150727
    outer loop
      vertex 11.8615 -20.8581 0.0170364
      vertex 12.0905 -20.7376 0.0170364
      vertex 12.1453 -20.7088 0.0380602
    endloop
  endfacet
  facet normal 0.465665 -0.884957 0.00246844
    outer loop
      vertex 11.9182 -20.8283 0.00427723
      vertex 12.0905 -20.7376 0.0170364
      vertex 11.8615 -20.8581 0.0170364
    endloop
  endfacet
  facet normal 0.46581 -0.884885 6.00458e-06
    outer loop
      vertex 11.9182 -20.8283 0.00427723
      vertex 12.0337 -20.7675 0.00427723
      vertex 12.0905 -20.7376 0.0170364
    endloop
  endfacet
  facet normal 0.465803 -0.884872 0.00544514
    outer loop
      vertex 12.0337 -20.7675 0.00427723
      vertex 11.9182 -20.8283 0.00427723
      vertex 11.976 -20.7979 0
    endloop
  endfacet
  facet normal 0.58297 0.306802 -0.752342
    outer loop
      vertex 12.2453 -20.6561 0.103323
      vertex 11.6369 -19.3943 0.146446
      vertex 12.2889 -20.6332 0.146446
    endloop
  endfacet
  facet normal 0.583583 0.307077 -0.751755
    outer loop
      vertex 11.6369 -19.3943 0.146446
      vertex 12.2453 -20.6561 0.103323
      vertex 11.5934 -19.4172 0.103323
    endloop
  endfacet
  facet normal -0.491872 -0.258799 -0.831315
    outer loop
      vertex 11.7066 -20.9396 0.103323
      vertex 11.1028 -19.6753 0.066987
      vertex 11.7547 -20.9143 0.066987
    endloop
  endfacet
  facet normal -0.491573 -0.258662 -0.831535
    outer loop
      vertex 11.1028 -19.6753 0.066987
      vertex 11.7066 -20.9396 0.103323
      vertex 11.0547 -19.7007 0.103323
    endloop
  endfacet
  facet normal -0.284009 -0.149466 -0.9471
    outer loop
      vertex 11.8066 -20.887 0.0380602
      vertex 11.2095 -19.6192 0.0170364
      vertex 11.8615 -20.8581 0.0170364
    endloop
  endfacet
  facet normal -0.284579 -0.149731 -0.946887
    outer loop
      vertex 11.2095 -19.6192 0.0170364
      vertex 11.8066 -20.887 0.0380602
      vertex 11.1547 -19.648 0.0380602
    endloop
  endfacet
  facet normal 0.837982 0.440972 -0.321449
    outer loop
      vertex 12.4034 -20.573 0.37059
      vertex 11.7328 -19.3438 0.308658
      vertex 11.7514 -19.334 0.37059
    endloop
  endfacet
  facet normal 0.838159 0.441101 -0.320811
    outer loop
      vertex 11.7328 -19.3438 0.308658
      vertex 12.4034 -20.573 0.37059
      vertex 12.3848 -20.5827 0.308658
    endloop
  endfacet
  facet normal -0.3915 -0.205988 -0.896826
    outer loop
      vertex 11.7547 -20.9143 0.066987
      vertex 11.1547 -19.648 0.0380602
      vertex 11.8066 -20.887 0.0380602
    endloop
  endfacet
  facet normal -0.3915 -0.205988 -0.896826
    outer loop
      vertex 11.1547 -19.648 0.0380602
      vertex 11.7547 -20.9143 0.066987
      vertex 11.1028 -19.6753 0.066987
    endloop
  endfacet
  facet normal -0.0578352 -0.0304346 -0.997862
    outer loop
      vertex 11.9182 -20.8283 0.00427723
      vertex 11.324 -19.5589 0
      vertex 11.976 -20.7979 0
    endloop
  endfacet
  facet normal -0.0579152 -0.0304721 -0.997856
    outer loop
      vertex 11.324 -19.5589 0
      vertex 11.9182 -20.8283 0.00427723
      vertex 11.2663 -19.5893 0.00427723
    endloop
  endfacet
  facet normal 0.66507 0.349955 -0.659707
    outer loop
      vertex 12.327 -20.6131 0.195619
      vertex 11.6369 -19.3943 0.146446
      vertex 11.6751 -19.3742 0.195619
    endloop
  endfacet
  facet normal 0.665642 0.350309 -0.658942
    outer loop
      vertex 11.6369 -19.3943 0.146446
      vertex 12.327 -20.6131 0.195619
      vertex 12.2889 -20.6332 0.146446
    endloop
  endfacet
  facet normal 0.391243 0.205869 -0.896965
    outer loop
      vertex 12.1453 -20.7088 0.0380602
      vertex 11.5453 -19.4425 0.066987
      vertex 12.1972 -20.6814 0.066987
    endloop
  endfacet
  facet normal 0.3915 0.205988 -0.896826
    outer loop
      vertex 11.5453 -19.4425 0.066987
      vertex 12.1453 -20.7088 0.0380602
      vertex 11.4934 -19.4698 0.0380602
    endloop
  endfacet
  facet normal -0.583583 -0.307077 -0.751755
    outer loop
      vertex 11.6631 -20.9625 0.146446
      vertex 11.0547 -19.7007 0.103323
      vertex 11.7066 -20.9396 0.103323
    endloop
  endfacet
  facet normal -0.58297 -0.306802 -0.752342
    outer loop
      vertex 11.0547 -19.7007 0.103323
      vertex 11.6631 -20.9625 0.146446
      vertex 11.0111 -19.7236 0.146446
    endloop
  endfacet
  facet normal -0.665954 -0.350474 -0.658539
    outer loop
      vertex 11.6631 -20.9625 0.146446
      vertex 10.973 -19.7436 0.195619
      vertex 11.0111 -19.7236 0.146446
    endloop
  endfacet
  facet normal -0.665082 -0.349933 -0.659707
    outer loop
      vertex 10.973 -19.7436 0.195619
      vertex 11.6631 -20.9625 0.146446
      vertex 11.6249 -20.9826 0.195619
    endloop
  endfacet
  facet normal 0.172527 0.0907963 -0.980811
    outer loop
      vertex 12.0337 -20.7675 0.00427723
      vertex 11.4385 -19.4987 0.0170364
      vertex 12.0905 -20.7376 0.0170364
    endloop
  endfacet
  facet normal 0.172886 0.0909638 -0.980732
    outer loop
      vertex 11.4385 -19.4987 0.0170364
      vertex 12.0337 -20.7675 0.00427723
      vertex 11.3818 -19.5285 0.00427723
    endloop
  endfacet
  facet normal -0.172886 -0.0909638 -0.980732
    outer loop
      vertex 11.8615 -20.8581 0.0170364
      vertex 11.2663 -19.5893 0.00427723
      vertex 11.9182 -20.8283 0.00427723
    endloop
  endfacet
  facet normal -0.172527 -0.0907963 -0.980811
    outer loop
      vertex 11.2663 -19.5893 0.00427723
      vertex 11.8615 -20.8581 0.0170364
      vertex 11.2095 -19.6192 0.0170364
    endloop
  endfacet
  facet normal 0.491864 0.258815 -0.831315
    outer loop
      vertex 12.1972 -20.6814 0.066987
      vertex 11.5934 -19.4172 0.103323
      vertex 12.2453 -20.6561 0.103323
    endloop
  endfacet
  facet normal 0.491864 0.258815 -0.831315
    outer loop
      vertex 11.5934 -19.4172 0.103323
      vertex 12.1972 -20.6814 0.066987
      vertex 11.5453 -19.4425 0.066987
    endloop
  endfacet
  facet normal -0.465697 0.884944 0
    outer loop
      vertex 12.209 -19.0932 2.5
      vertex 10.4391 -20.0246 2.51
      vertex 12.209 -19.0932 2.51
    endloop
  endfacet
  facet normal -0.465697 0.884944 0
    outer loop
      vertex 12.209 -19.0932 2.5
      vertex 10.4391 -20.0246 2.5
      vertex 10.4391 -20.0246 2.51
    endloop
  endfacet
  facet normal -0.465697 0.884944 3.92594e-06
    outer loop
      vertex 11.7514 -19.334 0.37059
      vertex 10.4391 -20.0246 2.5
      vertex 12.209 -19.0932 2.5
    endloop
  endfacet
  facet normal -0.46567 0.884959 2.54468e-05
    outer loop
      vertex 11.7514 -19.334 0.37059
      vertex 10.8966 -19.7838 0.37059
      vertex 10.4391 -20.0246 2.5
    endloop
  endfacet
  facet normal -0.46567 0.884959 -0.000179869
    outer loop
      vertex 11.7328 -19.3438 0.308658
      vertex 10.8966 -19.7838 0.37059
      vertex 11.7514 -19.334 0.37059
    endloop
  endfacet
  facet normal -0.465648 0.88497 0.000188055
    outer loop
      vertex 11.7328 -19.3438 0.308658
      vertex 10.9152 -19.774 0.308658
      vertex 10.8966 -19.7838 0.37059
    endloop
  endfacet
  facet normal -0.465648 0.88497 -0.000451722
    outer loop
      vertex 11.7072 -19.3573 0.25
      vertex 10.9152 -19.774 0.308658
      vertex 11.7328 -19.3438 0.308658
    endloop
  endfacet
  facet normal -0.465684 0.88495 -0.00107716
    outer loop
      vertex 11.7072 -19.3573 0.25
      vertex 10.9408 -19.7606 0.25
      vertex 10.9152 -19.774 0.308658
    endloop
  endfacet
  facet normal -0.465685 0.884951 -0.000132283
    outer loop
      vertex 11.6751 -19.3742 0.195619
      vertex 10.9408 -19.7606 0.25
      vertex 11.7072 -19.3573 0.25
    endloop
  endfacet
  facet normal -0.465622 0.884983 0.00095079
    outer loop
      vertex 11.6751 -19.3742 0.195619
      vertex 10.973 -19.7436 0.195619
      vertex 10.9408 -19.7606 0.25
    endloop
  endfacet
  facet normal -0.465622 0.884984 -2.8966e-05
    outer loop
      vertex 11.6369 -19.3943 0.146446
      vertex 10.973 -19.7436 0.195619
      vertex 11.6751 -19.3742 0.195619
    endloop
  endfacet
  facet normal -0.46567 0.884958 -0.000872233
    outer loop
      vertex 11.6369 -19.3943 0.146446
      vertex 11.0111 -19.7236 0.146446
      vertex 10.973 -19.7436 0.195619
    endloop
  endfacet
  facet normal -0.465671 0.884958 -0.000205611
    outer loop
      vertex 11.5934 -19.4172 0.103323
      vertex 11.0111 -19.7236 0.146446
      vertex 11.6369 -19.3943 0.146446
    endloop
  endfacet
  facet normal -0.465712 0.884936 -0.000928349
    outer loop
      vertex 11.5934 -19.4172 0.103323
      vertex 11.0547 -19.7007 0.103323
      vertex 11.0111 -19.7236 0.146446
    endloop
  endfacet
  facet normal -0.465713 0.884936 0.000327315
    outer loop
      vertex 11.5453 -19.4425 0.066987
      vertex 11.0547 -19.7007 0.103323
      vertex 11.5934 -19.4172 0.103323
    endloop
  endfacet
  facet normal -0.465597 0.884994 0.00230183
    outer loop
      vertex 11.5453 -19.4425 0.066987
      vertex 11.1028 -19.6753 0.066987
      vertex 11.0547 -19.7007 0.103323
    endloop
  endfacet
  facet normal -0.465598 0.884996 0.000143119
    outer loop
      vertex 11.4934 -19.4698 0.0380602
      vertex 11.1028 -19.6753 0.066987
      vertex 11.5453 -19.4425 0.066987
    endloop
  endfacet
  facet normal -0.465617 0.884986 -0.000186978
    outer loop
      vertex 11.4934 -19.4698 0.0380602
      vertex 11.1547 -19.648 0.0380602
      vertex 11.1028 -19.6753 0.066987
    endloop
  endfacet
  facet normal -0.465617 0.884986 -0.000652483
    outer loop
      vertex 11.4385 -19.4987 0.0170364
      vertex 11.1547 -19.648 0.0380602
      vertex 11.4934 -19.4698 0.0380602
    endloop
  endfacet
  facet normal -0.465666 0.884959 -0.00150727
    outer loop
      vertex 11.4385 -19.4987 0.0170364
      vertex 11.2095 -19.6192 0.0170364
      vertex 11.1547 -19.648 0.0380602
    endloop
  endfacet
  facet normal -0.465665 0.884957 0.00246844
    outer loop
      vertex 11.3818 -19.5285 0.00427723
      vertex 11.2095 -19.6192 0.0170364
      vertex 11.4385 -19.4987 0.0170364
    endloop
  endfacet
  facet normal -0.46581 0.884885 6.00458e-06
    outer loop
      vertex 11.3818 -19.5285 0.00427723
      vertex 11.2663 -19.5893 0.00427723
      vertex 11.2095 -19.6192 0.0170364
    endloop
  endfacet
  facet normal -0.465803 0.884872 0.00544514
    outer loop
      vertex 11.2663 -19.5893 0.00427723
      vertex 11.3818 -19.5285 0.00427723
      vertex 11.324 -19.5589 0
    endloop
  endfacet
  facet normal 0.0579152 0.0304721 -0.997856
    outer loop
      vertex 11.976 -20.7979 0
      vertex 11.3818 -19.5285 0.00427723
      vertex 12.0337 -20.7675 0.00427723
    endloop
  endfacet
  facet normal 0.0578352 0.0304346 -0.997862
    outer loop
      vertex 11.3818 -19.5285 0.00427723
      vertex 11.976 -20.7979 0
      vertex 11.324 -19.5589 0
    endloop
  endfacet
  facet normal -0.199326 -0.176373 0.96393
    outer loop
      vertex 2.31523 -2.7531 12.1793
      vertex 2.27052 -2.66814 12.1856
      vertex 2.22982 -2.7943 12.1541
    endloop
  endfacet
  facet normal 0.0890181 -0.950002 0.299287
    outer loop
      vertex 2.4922 -3.29292 11.7218
      vertex 1.74788 -3.50815 11.26
      vertex 2.50611 -3.31934 11.6338
    endloop
  endfacet
  facet normal 0.111625 -0.762293 -0.637533
    outer loop
      vertex 2.54228 -3.18458 11.0022
      vertex 1.74788 -3.50815 11.25
      vertex 2.51273 -3.12844 10.9299
    endloop
  endfacet
  facet normal 0.748791 -0.527022 0.401945
    outer loop
      vertex 2.98295 -2.99548 11.7074
      vertex 3.51779 -2.5768 11.26
      vertex 2.96483 -2.96105 11.7863
    endloop
  endfacet
  facet normal 0.464631 -0.883084 0.0654216
    outer loop
      vertex 2.7051 -3.28514 11.45
      vertex 2.78894 -3.23379 11.5477
      vertex 2.70212 -3.27947 11.5477
    endloop
  endfacet
  facet normal 0.464714 -0.883048 0.0653316
    outer loop
      vertex 2.78894 -3.23379 11.5477
      vertex 2.7051 -3.28514 11.45
      vertex 2.79192 -3.23945 11.45
    endloop
  endfacet
  facet normal 0.0690576 -0.685139 -0.725131
    outer loop
      vertex 2.42051 -3.15668 10.9478
      vertex 2.48412 -3.12074 10.9199
      vertex 2.51273 -3.12844 10.9299
    endloop
  endfacet
  facet normal 0.0645533 -0.680714 -0.7297
    outer loop
      vertex 2.48412 -3.12074 10.9199
      vertex 2.42051 -3.15668 10.9478
      vertex 2.41949 -3.15474 10.9459
    endloop
  endfacet
  facet normal 0.529384 -0.726265 -0.438511
    outer loop
      vertex 2.76539 -3.18904 11.1636
      vertex 2.82614 -3.09561 11.0822
      vertex 2.84596 -3.13327 11.1685
    endloop
  endfacet
  facet normal -0.720359 -0.333629 0.60809
    outer loop
      vertex 1.84814 -2.8904 11.8667
      vertex 1.87093 -2.80546 11.9403
      vertex 1.82281 -2.84227 11.8631
    endloop
  endfacet
  facet normal -0.0296596 -0.498548 0.866354
    outer loop
      vertex 2.44179 -2.99362 12.087
      vertex 2.31322 -2.95278 12.1061
      vertex 2.35202 -3.02651 12.065
    endloop
  endfacet
  facet normal -0.220335 0.973374 0.0632179
    outer loop
      vertex 2.28262 -1.85924 11.45
      vertex 2.18987 -1.88647 11.546
      vertex 2.28545 -1.86462 11.5427
    endloop
  endfacet
  facet normal 0.207838 -0.878123 -0.430933
    outer loop
      vertex 2.58699 -3.26955 11.1685
      vertex 1.74788 -3.50815 11.25
      vertex 2.56717 -3.23189 11.0822
    endloop
  endfacet
  facet normal 0.584984 -0.605261 -0.539864
    outer loop
      vertex 2.80125 -3.04831 11.0022
      vertex 3.51779 -2.5768 11.25
      vertex 2.82614 -3.09561 11.0822
    endloop
  endfacet
  facet normal 0.19731 -0.978328 0.0628025
    outer loop
      vertex 2.51455 -3.33538 11.5427
      vertex 1.74788 -3.50815 11.26
      vertex 2.51738 -3.34076 11.45
    endloop
  endfacet
  facet normal -0.21256 0.977148 0
    outer loop
      vertex 3.05212 -1.69185 11.25
      vertex 2.28262 -1.85924 11.45
      vertex 3.05212 -1.69185 11.26
    endloop
  endfacet
  facet normal -0.231727 0.72021 0.653911
    outer loop
      vertex 2.25773 -2.01542 11.8978
      vertex 2.16692 -2.05172 11.9056
      vertex 2.28727 -2.07156 11.9701
    endloop
  endfacet
  facet normal 0.719858 0.334096 0.608428
    outer loop
      vertex 2.92907 -2.39453 11.9403
      vertex 2.95186 -2.3096 11.8667
      vertex 2.89901 -2.33741 11.9445
    endloop
  endfacet
  facet normal 0.677482 -0.73282 0.0631961
    outer loop
      vertex 2.87203 -3.18283 11.45
      vertex 2.94407 -3.11623 11.45
      vertex 2.8691 -3.17726 11.546
    endloop
  endfacet
  facet normal -0.756818 -0.264217 0.597842
    outer loop
      vertex 1.82281 -2.84227 11.8631
      vertex 1.84139 -2.74932 11.9277
      vertex 1.79792 -2.79496 11.8525
    endloop
  endfacet
  facet normal -0.0477685 0.911381 0.408783
    outer loop
      vertex 2.42228 -1.93001 11.7863
      vertex 2.3078 -1.90708 11.7218
      vertex 2.32693 -1.94344 11.8051
    endloop
  endfacet
  facet normal 0.743967 -0.107429 0.659524
    outer loop
      vertex 2.94552 -2.74191 11.9447
      vertex 2.96891 -2.61922 11.9383
      vertex 2.91394 -2.68189 11.9901
    endloop
  endfacet
  facet normal -0.427669 0.257889 0.866367
    outer loop
      vertex 2.06009 -2.47175 12.1061
      vertex 2.09924 -2.34266 12.087
      vertex 2.02129 -2.39802 12.065
    endloop
  endfacet
  facet normal -0.231461 0.921017 -0.313296
    outer loop
      vertex 2.21301 -1.93045 11.1685
      vertex 2.19861 -1.90308 11.2596
      vertex 3.05212 -1.69185 11.25
    endloop
  endfacet
  facet normal -0.189554 0.639718 -0.744869
    outer loop
      vertex 2.26979 -2.10352 10.9069
      vertex 2.28727 -2.07156 10.9299
      vertex 2.29665 -2.08939 10.9122
    endloop
  endfacet
  facet normal 0.226992 -0.971836 -0.0633147
    outer loop
      vertex 2.61306 -3.3191 11.45
      vertex 1.74788 -3.50815 11.25
      vertex 2.61013 -3.31353 11.354
    endloop
  endfacet
  facet normal 0.565059 -0.523616 -0.637601
    outer loop
      vertex 2.7717 -2.99216 10.9299
      vertex 3.51779 -2.5768 11.25
      vertex 2.80125 -3.04831 11.0022
    endloop
  endfacet
  facet normal 0.65041 -0.735511 -0.189712
    outer loop
      vertex 2.86036 -3.16064 11.2596
      vertex 3.51779 -2.5768 11.25
      vertex 2.8691 -3.17726 11.354
    endloop
  endfacet
  facet normal 0.337515 -0.921225 0.193464
    outer loop
      vertex 2.70212 -3.27947 11.5477
      vertex 2.69322 -3.26257 11.6437
      vertex 2.61013 -3.31353 11.546
    endloop
  endfacet
  facet normal 0.678466 -0.733884 -0.0331483
    outer loop
      vertex 2.87203 -3.18283 11.45
      vertex 3.51779 -2.5768 11.25
      vertex 2.94407 -3.11623 11.45
    endloop
  endfacet
  facet normal 0.298888 -0.84757 -0.43851
    outer loop
      vertex 2.58699 -3.26955 11.1685
      vertex 2.56717 -3.23189 11.0822
      vertex 2.67857 -3.23472 11.1636
    endloop
  endfacet
  facet normal 0.55241 -0.770231 0.318726
    outer loop
      vertex 2.86036 -3.16064 11.6404
      vertex 2.84596 -3.13327 11.7315
      vertex 2.78004 -3.21688 11.6437
    endloop
  endfacet
  facet normal 0.337638 -0.921204 0.193349
    outer loop
      vertex 2.69322 -3.26257 11.6437
      vertex 2.60139 -3.29692 11.6404
      vertex 2.61013 -3.31353 11.546
    endloop
  endfacet
  facet normal -0.332796 -0.673987 0.659537
    outer loop
      vertex 2.17646 -3.06997 11.9901
      vertex 2.09367 -3.07978 11.9383
      vertex 2.20804 -3.12999 11.9447
    endloop
  endfacet
  facet normal 0.0195438 -0.857781 0.513643
    outer loop
      vertex 2.47307 -3.25656 11.8051
      vertex 2.44903 -3.21088 11.8823
      vertex 2.37772 -3.26999 11.7863
    endloop
  endfacet
  facet normal 0.685 -0.728543 0
    outer loop
      vertex 2.94407 -3.11623 11.45
      vertex 3.51779 -2.5768 11.25
      vertex 3.51779 -2.5768 11.26
    endloop
  endfacet
  facet normal 0.695882 -0.501889 0.513669
    outer loop
      vertex 2.96483 -2.96105 11.7863
      vertex 2.87572 -2.98635 11.8823
      vertex 2.89976 -3.03203 11.8051
    endloop
  endfacet
  facet normal 0.0210629 -0.594942 0.803492
    outer loop
      vertex 2.44179 -2.99362 12.087
      vertex 2.35202 -3.02651 12.065
      vertex 2.47904 -3.06442 12.0336
    endloop
  endfacet
  facet normal 0.602804 -0.590193 0.536935
    outer loop
      vertex 2.89976 -3.03203 11.8051
      vertex 2.87572 -2.98635 11.8823
      vertex 2.80125 -3.04831 11.8978
    endloop
  endfacet
  facet normal -0.014248 -0.792497 0.60971
    outer loop
      vertex 2.44903 -3.21088 11.8823
      vertex 2.32794 -3.17539 11.9256
      vertex 2.35496 -3.22673 11.8595
    endloop
  endfacet
  facet normal 0.0201481 -0.857967 0.513309
    outer loop
      vertex 2.44903 -3.21088 11.8823
      vertex 2.35496 -3.22673 11.8595
      vertex 2.37772 -3.26999 11.7863
    endloop
  endfacet
  facet normal -0.145486 -0.00331173 0.989355
    outer loop
      vertex 2.35659 -2.62284 12.1984
      vertex 2.3111 -2.5364 12.192
      vertex 2.2258 -2.58317 12.1793
    endloop
  endfacet
  facet normal -0.603775 -0.369736 0.706223
    outer loop
      vertex 1.96238 -2.83028 12.0139
      vertex 1.90099 -2.86259 11.9445
      vertex 1.93105 -2.9197 11.9403
    endloop
  endfacet
  facet normal -0.731064 -0.127449 0.6703
    outer loop
      vertex 1.89442 -2.70113 11.9947
      vertex 1.81287 -2.69512 11.9069
      vertex 1.84139 -2.74932 11.9277
    endloop
  endfacet
  facet normal 0.283947 0.745766 0.602667
    outer loop
      vertex 2.95074 -1.77516 11.4108
      vertex 2.5634 -2.01574 11.891
      vertex 2.59196 -2.07001 11.9447
    endloop
  endfacet
  facet normal 0.288778 0.742196 0.604775
    outer loop
      vertex 2.95494 -1.76449 11.3957
      vertex 2.5634 -2.01574 11.891
      vertex 2.95074 -1.77516 11.4108
    endloop
  endfacet
  facet normal 0.281477 0.74749 0.601688
    outer loop
      vertex 2.5634 -2.01574 11.891
      vertex 2.95494 -1.76449 11.3957
      vertex 2.96699 -1.74826 11.3699
    endloop
  endfacet
  facet normal 0.311096 0.479461 0.820571
    outer loop
      vertex 2.69358 -2.26313 12.0524
      vertex 2.65761 -2.19478 12.0261
      vertex 2.61248 -2.29146 12.0997
    endloop
  endfacet
  facet normal 0.174981 0.73843 0.651232
    outer loop
      vertex 2.5634 -2.01574 11.891
      vertex 2.47206 -2.02461 11.9256
      vertex 2.50287 -2.08315 11.9837
    endloop
  endfacet
  facet normal 0.771225 0.0513488 0.634488
    outer loop
      vertex 2.96891 -2.61922 11.9383
      vertex 2.98713 -2.50488 11.9069
      vertex 2.93811 -2.56068 11.971
    endloop
  endfacet
  facet normal 0.560824 0.450938 0.694357
    outer loop
      vertex 2.83941 -2.22415 11.9277
      vertex 2.76966 -2.24057 11.9947
      vertex 2.86895 -2.28029 11.9403
    endloop
  endfacet
  facet normal -0.167549 0.824854 -0.539948
    outer loop
      vertex 2.25773 -2.01542 11.0022
      vertex 2.23283 -1.96811 11.0822
      vertex 3.05212 -1.69185 11.25
    endloop
  endfacet
  facet normal -0.268551 0.790193 -0.550887
    outer loop
      vertex 2.16692 -2.05172 10.9944
      vertex 2.23283 -1.96811 11.0822
      vertex 2.25773 -2.01542 11.0022
    endloop
  endfacet
  facet normal 0.167554 -0.824862 -0.539933
    outer loop
      vertex 2.56717 -3.23189 11.0822
      vertex 1.74788 -3.50815 11.25
      vertex 2.54228 -3.18458 11.0022
    endloop
  endfacet
  facet normal 0.307036 -0.583429 -0.751891
    outer loop
      vertex 2.60302 -3.09116 10.9208
      vertex 2.67625 -3.01963 10.8952
      vertex 2.68984 -3.04547 10.9208
    endloop
  endfacet
  facet normal 0.307036 -0.583429 -0.751891
    outer loop
      vertex 2.67625 -3.01963 10.8952
      vertex 2.60302 -3.09116 10.9208
      vertex 2.58943 -3.06532 10.8952
    endloop
  endfacet
  facet normal 0.462656 -0.598841 -0.653712
    outer loop
      vertex 2.68984 -3.04547 10.9208
      vertex 2.7717 -2.99216 10.9299
      vertex 2.7199 -3.10259 10.9944
    endloop
  endfacet
  facet normal 0.420197 -0.518058 -0.745017
    outer loop
      vertex 2.68984 -3.04547 10.9208
      vertex 2.73547 -2.98847 10.9069
      vertex 2.7717 -2.99216 10.9299
    endloop
  endfacet
  facet normal 0.419729 -0.517793 -0.745465
    outer loop
      vertex 2.73547 -2.98847 10.9069
      vertex 2.68984 -3.04547 10.9208
      vertex 2.67625 -3.01963 10.8952
    endloop
  endfacet
  facet normal 0.564236 -0.518149 -0.642775
    outer loop
      vertex 2.8472 -2.93215 10.9478
      vertex 3.51779 -2.5768 11.25
      vertex 2.7717 -2.99216 10.9299
    endloop
  endfacet
  facet normal 0.15065 -0.971133 0.184945
    outer loop
      vertex 2.50611 -3.31934 11.6338
      vertex 1.74788 -3.50815 11.26
      vertex 2.51455 -3.33538 11.5427
    endloop
  endfacet
  facet normal 0.212566 -0.958815 0.188387
    outer loop
      vertex 2.60139 -3.29692 11.6404
      vertex 2.50611 -3.31934 11.6338
      vertex 2.61013 -3.31353 11.546
    endloop
  endfacet
  facet normal 0.21256 -0.977148 0
    outer loop
      vertex 1.74788 -3.50815 11.26
      vertex 1.74788 -3.50815 11.25
      vertex 2.51738 -3.34076 11.45
    endloop
  endfacet
  facet normal 0.56806 -0.799933 -0.193429
    outer loop
      vertex 2.78004 -3.21688 11.2563
      vertex 2.86036 -3.16064 11.2596
      vertex 2.8691 -3.17726 11.354
    endloop
  endfacet
  facet normal 0.462656 -0.598841 0.653712
    outer loop
      vertex 2.7199 -3.10259 11.9056
      vertex 2.7717 -2.99216 11.9701
      vertex 2.68984 -3.04547 11.9792
    endloop
  endfacet
  facet normal 0.32201 -0.89147 0.318732
    outer loop
      vertex 2.69322 -3.26257 11.6437
      vertex 2.58699 -3.26955 11.7315
      vertex 2.60139 -3.29692 11.6404
    endloop
  endfacet
  facet normal -0.0797942 -0.868823 0.48865
    outer loop
      vertex 2.35496 -3.22673 11.8595
      vertex 1.74788 -3.50815 11.26
      vertex 2.37772 -3.26999 11.7863
    endloop
  endfacet
  facet normal 0.0102802 -0.915577 0.402012
    outer loop
      vertex 2.37772 -3.26999 11.7863
      vertex 1.74788 -3.50815 11.26
      vertex 2.39584 -3.30443 11.7074
    endloop
  endfacet
  facet normal 0.669795 -0.718219 0.18851
    outer loop
      vertex 2.94124 -3.11085 11.5427
      vertex 2.9328 -3.09481 11.6338
      vertex 2.8691 -3.17726 11.546
    endloop
  endfacet
  facet normal 0.575956 -0.814904 0.06486
    outer loop
      vertex 2.87203 -3.18283 11.45
      vertex 2.8691 -3.17726 11.546
      vertex 2.79192 -3.23945 11.45
    endloop
  endfacet
  facet normal 0.775455 -0.188237 0.602691
    outer loop
      vertex 2.97408 -2.79619 11.891
      vertex 3.39172 -2.61318 11.4108
      vertex 2.94552 -2.74191 11.9447
    endloop
  endfacet
  facet normal 0.775261 -0.182569 0.604681
    outer loop
      vertex 3.39172 -2.61318 11.4108
      vertex 2.97408 -2.79619 11.891
      vertex 3.40289 -2.61576 11.3957
    endloop
  endfacet
  facet normal 0.775483 -0.191356 0.601672
    outer loop
      vertex 3.40289 -2.61576 11.3957
      vertex 2.97408 -2.79619 11.891
      vertex 3.42309 -2.61502 11.3699
    endloop
  endfacet
  facet normal 0.14751 0.539664 0.828857
    outer loop
      vertex 2.53694 -2.14789 12.0325
      vertex 2.44798 -2.17349 12.065
      vertex 2.48678 -2.24722 12.1061
    endloop
  endfacet
  facet normal -0.661246 0.437082 0.609683
    outer loop
      vertex 1.88495 -2.33355 11.9256
      vertex 1.92428 -2.21365 11.8823
      vertex 1.85794 -2.28221 11.8595
    endloop
  endfacet
  facet normal 0.205508 -0.110771 0.972366
    outer loop
      vertex 2.61814 -2.70034 12.1605
      vertex 2.5742 -2.61683 12.1793
      vertex 2.4889 -2.6636 12.192
    endloop
  endfacet
  facet normal 0.0678184 -0.68438 0.725965
    outer loop
      vertex 2.47904 -3.06442 12.0336
      vertex 2.38799 -3.09487 12.0134
      vertex 2.51273 -3.12844 11.9701
    endloop
  endfacet
  facet normal -0.217885 -0.659106 0.719796
    outer loop
      vertex 2.29713 -3.11685 11.9837
      vertex 2.17646 -3.06997 11.9901
      vertex 2.20804 -3.12999 11.9447
    endloop
  endfacet
  facet normal -0.283947 -0.745766 0.602667
    outer loop
      vertex 1.84926 -3.42484 11.4108
      vertex 2.2366 -3.18426 11.891
      vertex 2.20804 -3.12999 11.9447
    endloop
  endfacet
  facet normal -0.288778 -0.742196 0.604775
    outer loop
      vertex 1.84506 -3.43551 11.3957
      vertex 2.2366 -3.18426 11.891
      vertex 1.84926 -3.42484 11.4108
    endloop
  endfacet
  facet normal -0.281477 -0.74749 0.601688
    outer loop
      vertex 2.2366 -3.18426 11.891
      vertex 1.84506 -3.43551 11.3957
      vertex 1.83301 -3.45174 11.3699
    endloop
  endfacet
  facet normal -0.414961 -0.282872 0.864749
    outer loop
      vertex 2.14733 -2.83217 12.1169
      vertex 2.10645 -2.75447 12.1227
      vertex 2.06916 -2.86607 12.0683
    endloop
  endfacet
  facet normal -0.7523 -0.393568 0.528346
    outer loop
      vertex 1.55784 -2.76065 11.55
      vertex 1.84814 -2.8904 11.8667
      vertex 1.55201 -2.75058 11.5492
    endloop
  endfacet
  facet normal -0.751991 -0.395709 0.527185
    outer loop
      vertex 1.79068 -3.20313 11.55
      vertex 1.84814 -2.8904 11.8667
      vertex 1.55784 -2.76065 11.55
    endloop
  endfacet
  facet normal -0.750376 -0.3972 0.528364
    outer loop
      vertex 1.84814 -2.8904 11.8667
      vertex 1.79068 -3.20313 11.55
      vertex 1.79568 -3.21364 11.5492
    endloop
  endfacet
  facet normal -0.316025 0.0464206 0.947615
    outer loop
      vertex 2.14349 -2.63023 12.1541
      vertex 2.18186 -2.49966 12.1605
      vertex 2.10106 -2.5496 12.136
    endloop
  endfacet
  facet normal -0.646626 -0.288315 0.706222
    outer loop
      vertex 1.96238 -2.83028 12.0139
      vertex 1.87093 -2.80546 11.9403
      vertex 1.90099 -2.86259 11.9445
    endloop
  endfacet
  facet normal -0.64663 -0.288192 0.706269
    outer loop
      vertex 1.96238 -2.83028 12.0139
      vertex 1.92811 -2.76515 12.0091
      vertex 1.87093 -2.80546 11.9403
    endloop
  endfacet
  facet normal -0.765525 0.380778 0.518633
    outer loop
      vertex 1.85794 -2.28221 11.8595
      vertex 1.3246 -2.60138 11.3066
      vertex 1.80087 -2.35622 11.8296
    endloop
  endfacet
  facet normal -0.764726 0.39209 0.511332
    outer loop
      vertex 1.85794 -2.28221 11.8595
      vertex 1.3189 -2.60389 11.3
      vertex 1.3246 -2.60138 11.3066
    endloop
  endfacet
  facet normal -0.765361 0.383392 0.516945
    outer loop
      vertex 1.3189 -2.60389 11.3
      vertex 1.85794 -2.28221 11.8595
      vertex 1.28221 -2.6232 11.26
    endloop
  endfacet
  facet normal -0.566953 0.522127 0.63714
    outer loop
      vertex 2.0283 -2.20784 11.9701
      vertex 1.99876 -2.15169 11.8978
      vertex 1.92428 -2.21365 11.8823
    endloop
  endfacet
  facet normal -0.756927 -0.264126 0.597744
    outer loop
      vertex 1.87093 -2.80546 11.9403
      vertex 1.84139 -2.74932 11.9277
      vertex 1.82281 -2.84227 11.8631
    endloop
  endfacet
  facet normal -0.68928 -0.206852 0.694339
    outer loop
      vertex 1.87093 -2.80546 11.9403
      vertex 1.89442 -2.70113 11.9947
      vertex 1.84139 -2.74932 11.9277
    endloop
  endfacet
  facet normal -0.189746 0.639286 0.745191
    outer loop
      vertex 2.32096 -2.13558 12.0336
      vertex 2.28727 -2.07156 11.9701
      vertex 2.23125 -2.17398 12.0437
    endloop
  endfacet
  facet normal 0.621628 -0.36213 0.69458
    outer loop
      vertex 2.91505 -2.86645 11.9256
      vertex 2.88424 -2.8079 11.9837
      vertex 2.81468 -2.87034 12.0134
    endloop
  endfacet
  facet normal 0.731047 0.127742 0.670263
    outer loop
      vertex 2.98713 -2.50488 11.9069
      vertex 2.90558 -2.49887 11.9947
      vertex 2.93811 -2.56068 11.971
    endloop
  endfacet
  facet normal -0.32201 0.89147 -0.318732
    outer loop
      vertex 2.21301 -1.93045 11.1685
      vertex 2.10678 -1.93743 11.2563
      vertex 2.19861 -1.90308 11.2596
    endloop
  endfacet
  facet normal 0.138042 0.808738 0.571741
    outer loop
      vertex 2.5634 -2.01574 11.891
      vertex 2.44505 -1.97327 11.8595
      vertex 2.47206 -2.02461 11.9256
    endloop
  endfacet
  facet normal 0.720377 0.33364 0.608064
    outer loop
      vertex 2.97719 -2.35773 11.8631
      vertex 2.95186 -2.3096 11.8667
      vertex 2.92907 -2.39453 11.9403
    endloop
  endfacet
  facet normal 0.646612 0.288181 0.706289
    outer loop
      vertex 2.92907 -2.39453 11.9403
      vertex 2.83762 -2.36972 12.0139
      vertex 2.87189 -2.43485 12.0091
    endloop
  endfacet
  facet normal -0.0102802 0.915577 0.402012
    outer loop
      vertex 3.05212 -1.69185 11.26
      vertex 2.40416 -1.89557 11.7074
      vertex 2.42228 -1.93001 11.7863
    endloop
  endfacet
  facet normal -0.0696549 0.684109 -0.726046
    outer loop
      vertex 2.29665 -2.08939 10.9122
      vertex 2.28727 -2.07156 10.9299
      vertex 2.31588 -2.07926 10.9199
    endloop
  endfacet
  facet normal -0.65041 0.735511 -0.189712
    outer loop
      vertex 1.28221 -2.6232 11.25
      vertex 1.9309 -2.02274 11.354
      vertex 1.93964 -2.03936 11.2596
    endloop
  endfacet
  facet normal -0.568126 0.799886 0.193427
    outer loop
      vertex 2.01996 -1.98311 11.6437
      vertex 1.9309 -2.02274 11.546
      vertex 1.93964 -2.03936 11.6404
    endloop
  endfacet
  facet normal 0.568158 -0.799832 -0.19356
    outer loop
      vertex 2.78894 -3.23379 11.3523
      vertex 2.78004 -3.21688 11.2563
      vertex 2.8691 -3.17726 11.354
    endloop
  endfacet
  facet normal 0.32201 -0.89147 -0.318732
    outer loop
      vertex 2.60139 -3.29692 11.2596
      vertex 2.58699 -3.26955 11.1685
      vertex 2.69322 -3.26257 11.2563
    endloop
  endfacet
  facet normal 0.350135 -0.665325 -0.659354
    outer loop
      vertex 2.68984 -3.04547 10.9208
      vertex 2.63308 -3.14828 10.9944
      vertex 2.60302 -3.09116 10.9208
    endloop
  endfacet
  facet normal 0.350135 -0.665325 -0.659354
    outer loop
      vertex 2.63308 -3.14828 10.9944
      vertex 2.68984 -3.04547 10.9208
      vertex 2.7199 -3.10259 10.9944
    endloop
  endfacet
  facet normal 0.29885 -0.84761 -0.438459
    outer loop
      vertex 2.67857 -3.23472 11.1636
      vertex 2.56717 -3.23189 11.0822
      vertex 2.65841 -3.19641 11.0758
    endloop
  endfacet
  facet normal 0.107459 -0.758401 -0.642869
    outer loop
      vertex 2.51273 -3.12844 10.9299
      vertex 1.74788 -3.50815 11.25
      vertex 2.42051 -3.15668 10.9478
    endloop
  endfacet
  facet normal 0.0354466 -0.689689 -0.723238
    outer loop
      vertex 1.74788 -3.50815 11.25
      vertex 2.41949 -3.15474 10.9459
      vertex 2.42051 -3.15668 10.9478
    endloop
  endfacet
  facet normal 0.55241 -0.770231 -0.318726
    outer loop
      vertex 2.78004 -3.21688 11.2563
      vertex 2.84596 -3.13327 11.1685
      vertex 2.86036 -3.16064 11.2596
    endloop
  endfacet
  facet normal 0.62803 -0.712341 -0.313287
    outer loop
      vertex 2.84596 -3.13327 11.1685
      vertex 3.51779 -2.5768 11.25
      vertex 2.86036 -3.16064 11.2596
    endloop
  endfacet
  facet normal 0.189554 -0.639718 -0.744869
    outer loop
      vertex 2.50335 -3.11061 10.9122
      vertex 2.53021 -3.09648 10.9069
      vertex 2.51273 -3.12844 10.9299
    endloop
  endfacet
  facet normal 0.0696549 -0.684109 -0.726046
    outer loop
      vertex 2.48412 -3.12074 10.9199
      vertex 2.50335 -3.11061 10.9122
      vertex 2.51273 -3.12844 10.9299
    endloop
  endfacet
  facet normal 0.268583 -0.790196 -0.550865
    outer loop
      vertex 2.56717 -3.23189 11.0822
      vertex 2.54228 -3.18458 11.0022
      vertex 2.63308 -3.14828 10.9944
    endloop
  endfacet
  facet normal 0.189021 -0.639154 -0.745489
    outer loop
      vertex 2.60302 -3.09116 10.9208
      vertex 2.53021 -3.09648 10.9069
      vertex 2.58943 -3.06532 10.8952
    endloop
  endfacet
  facet normal 0.188983 -0.63959 -0.745125
    outer loop
      vertex 2.53021 -3.09648 10.9069
      vertex 2.60302 -3.09116 10.9208
      vertex 2.51273 -3.12844 10.9299
    endloop
  endfacet
  facet normal 0.524509 -0.438802 -0.729619
    outer loop
      vertex 2.8472 -2.93215 10.9478
      vertex 2.78156 -2.96422 10.9199
      vertex 2.84618 -2.93021 10.9459
    endloop
  endfacet
  facet normal 0.5256 -0.444993 -0.72507
    outer loop
      vertex 2.78156 -2.96422 10.9199
      vertex 2.8472 -2.93215 10.9478
      vertex 2.7717 -2.99216 10.9299
    endloop
  endfacet
  facet normal 0.548395 -0.419905 -0.723147
    outer loop
      vertex 2.8472 -2.93215 10.9478
      vertex 2.84618 -2.93021 10.9459
      vertex 3.51779 -2.5768 11.25
    endloop
  endfacet
  facet normal 0.220335 -0.973374 0.0632179
    outer loop
      vertex 2.61013 -3.31353 11.546
      vertex 2.51455 -3.33538 11.5427
      vertex 2.51738 -3.34076 11.45
    endloop
  endfacet
  facet normal 0.21267 -0.958767 0.188513
    outer loop
      vertex 2.61013 -3.31353 11.546
      vertex 2.50611 -3.31934 11.6338
      vertex 2.51455 -3.33538 11.5427
    endloop
  endfacet
  facet normal -0.0547941 -0.716944 0.694974
    outer loop
      vertex 2.42051 -3.15668 11.9522
      vertex 2.38799 -3.09487 12.0134
      vertex 2.32794 -3.17539 11.9256
    endloop
  endfacet
  facet normal 0.23158 -0.720442 0.653708
    outer loop
      vertex 2.60302 -3.09116 11.9792
      vertex 2.51273 -3.12844 11.9701
      vertex 2.63308 -3.14828 11.9056
    endloop
  endfacet
  facet normal 0.739046 -0.58251 0.338369
    outer loop
      vertex 2.91889 -3.06839 11.7218
      vertex 3.51779 -2.5768 11.26
      vertex 2.98295 -2.99548 11.7074
    endloop
  endfacet
  facet normal 0.345436 -0.936198 0.0648684
    outer loop
      vertex 2.70212 -3.27947 11.5477
      vertex 2.61013 -3.31353 11.546
      vertex 2.7051 -3.28514 11.45
    endloop
  endfacet
  facet normal 0.661935 -0.437047 0.60896
    outer loop
      vertex 2.87572 -2.98635 11.8823
      vertex 2.91505 -2.86645 11.9256
      vertex 2.8472 -2.93215 11.9522
    endloop
  endfacet
  facet normal 0.529368 -0.726267 0.438526
    outer loop
      vertex 2.76539 -3.18904 11.7364
      vertex 2.82614 -3.09561 11.8178
      vertex 2.74523 -3.15072 11.8242
    endloop
  endfacet
  facet normal 0.0477685 -0.911381 0.408783
    outer loop
      vertex 2.47307 -3.25656 11.8051
      vertex 2.37772 -3.26999 11.7863
      vertex 2.4922 -3.29292 11.7218
    endloop
  endfacet
  facet normal 0.602634 -0.590595 0.536684
    outer loop
      vertex 2.89976 -3.03203 11.8051
      vertex 2.80125 -3.04831 11.8978
      vertex 2.82614 -3.09561 11.8178
    endloop
  endfacet
  facet normal 0.0615979 -0.939 0.338355
    outer loop
      vertex 2.39584 -3.30443 11.7074
      vertex 1.74788 -3.50815 11.26
      vertex 2.4922 -3.29292 11.7218
    endloop
  endfacet
  facet normal 0.0477728 -0.911378 0.408789
    outer loop
      vertex 2.4922 -3.29292 11.7218
      vertex 2.37772 -3.26999 11.7863
      vertex 2.39584 -3.30443 11.7074
    endloop
  endfacet
  facet normal 0.732592 -0.611317 0.299333
    outer loop
      vertex 2.9328 -3.09481 11.6338
      vertex 3.51779 -2.5768 11.26
      vertex 2.91889 -3.06839 11.7218
    endloop
  endfacet
  facet normal 0.669833 -0.718196 0.188461
    outer loop
      vertex 2.8691 -3.17726 11.546
      vertex 2.9328 -3.09481 11.6338
      vertex 2.86036 -3.16064 11.6404
    endloop
  endfacet
  facet normal 0.141761 -0.548009 0.824372
    outer loop
      vertex 2.56875 -3.02602 12.0437
      vertex 2.53085 -2.95399 12.0981
      vertex 2.47904 -3.06442 12.0336
    endloop
  endfacet
  facet normal 0.478404 -0.354316 0.803486
    outer loop
      vertex 2.73801 -2.92814 12.0336
      vertex 2.77871 -2.80198 12.065
      vertex 2.70076 -2.85734 12.087
    endloop
  endfacet
  facet normal 0.475407 -0.0847335 0.875676
    outer loop
      vertex 2.81343 -2.67333 12.0715
      vertex 2.77463 -2.59959 12.0997
      vertex 2.73991 -2.72825 12.1061
    endloop
  endfacet
  facet normal 0.468119 0.181799 0.864762
    outer loop
      vertex 2.80665 -2.47799 12.0683
      vertex 2.69355 -2.44553 12.1227
      vertex 2.73444 -2.52323 12.1169
    endloop
  endfacet
  facet normal -0.419518 0.518365 0.745186
    outer loop
      vertex 2.14443 -2.21966 12.0437
      vertex 2.0283 -2.20784 11.9701
      vertex 2.06199 -2.27186 12.0336
    endloop
  endfacet
  facet normal -0.524727 0.443419 0.726664
    outer loop
      vertex 1.98532 -2.32966 12.0134
      vertex 2.0283 -2.20784 11.9701
      vertex 1.9528 -2.26785 11.9522
    endloop
  endfacet
  facet normal 0.110124 -0.763199 0.636711
    outer loop
      vertex 2.51273 -3.12844 11.9701
      vertex 2.42051 -3.15668 11.9522
      vertex 2.44903 -3.21088 11.8823
    endloop
  endfacet
  facet normal -0.0146882 -0.793072 0.60895
    outer loop
      vertex 2.42051 -3.15668 11.9522
      vertex 2.32794 -3.17539 11.9256
      vertex 2.44903 -3.21088 11.8823
    endloop
  endfacet
  facet normal -0.0534678 -0.717462 0.694542
    outer loop
      vertex 2.38799 -3.09487 12.0134
      vertex 2.29713 -3.11685 11.9837
      vertex 2.32794 -3.17539 11.9256
    endloop
  endfacet
  facet normal -0.560854 -0.450877 0.694372
    outer loop
      vertex 2.03034 -2.95943 11.9947
      vertex 1.93105 -2.9197 11.9403
      vertex 1.96059 -2.97585 11.9277
    endloop
  endfacet
  facet normal -0.38929 -0.676154 0.625515
    outer loop
      vertex 1.85513 -3.3753 11.4704
      vertex 2.12223 -3.13406 11.8974
      vertex 2.09367 -3.07978 11.9383
    endloop
  endfacet
  facet normal -0.388903 -0.676447 0.625438
    outer loop
      vertex 1.85623 -3.39276 11.4522
      vertex 2.12223 -3.13406 11.8974
      vertex 1.85513 -3.3753 11.4704
    endloop
  endfacet
  facet normal -0.381876 -0.681563 0.624213
    outer loop
      vertex 2.12223 -3.13406 11.8974
      vertex 1.85623 -3.39276 11.4522
      vertex 1.85463 -3.40148 11.4417
    endloop
  endfacet
  facet normal -0.468284 -0.182829 0.864456
    outer loop
      vertex 2.10645 -2.75447 12.1227
      vertex 1.99335 -2.722 12.0683
      vertex 2.03126 -2.79404 12.0736
    endloop
  endfacet
  facet normal -0.205508 0.110771 0.972366
    outer loop
      vertex 2.3111 -2.5364 12.192
      vertex 2.18186 -2.49966 12.1605
      vertex 2.2258 -2.58317 12.1793
    endloop
  endfacet
  facet normal -0.719881 -0.334049 0.608427
    outer loop
      vertex 1.90099 -2.86259 11.9445
      vertex 1.87093 -2.80546 11.9403
      vertex 1.84814 -2.8904 11.8667
    endloop
  endfacet
  facet normal -0.264225 -0.571126 0.777175
    outer loop
      vertex 2.22632 -2.98227 12.0715
      vertex 2.14239 -3.00522 12.0261
      vertex 2.17646 -3.06997 11.9901
    endloop
  endfacet
  facet normal -0.147523 -0.539668 0.828852
    outer loop
      vertex 2.35202 -3.02651 12.065
      vertex 2.31322 -2.95278 12.1061
      vertex 2.26307 -3.05211 12.0325
    endloop
  endfacet
  facet normal 0.566978 -0.522057 0.637175
    outer loop
      vertex 2.87572 -2.98635 11.8823
      vertex 2.7717 -2.99216 11.9701
      vertex 2.80125 -3.04831 11.8978
    endloop
  endfacet
  facet normal -0.62803 0.712341 -0.313287
    outer loop
      vertex 1.28221 -2.6232 11.25
      vertex 1.93964 -2.03936 11.2596
      vertex 1.95404 -2.06673 11.1685
    endloop
  endfacet
  facet normal -0.689503 -0.206708 0.69416
    outer loop
      vertex 1.92811 -2.76515 12.0091
      vertex 1.89442 -2.70113 11.9947
      vertex 1.87093 -2.80546 11.9403
    endloop
  endfacet
  facet normal -0.5619 -0.237394 0.792409
    outer loop
      vertex 2.03126 -2.79404 12.0736
      vertex 1.99335 -2.722 12.0683
      vertex 1.96238 -2.83028 12.0139
    endloop
  endfacet
  facet normal -0.682877 -0.404869 0.608079
    outer loop
      vertex 1.93105 -2.9197 11.9403
      vertex 1.84814 -2.8904 11.8667
      vertex 1.87347 -2.93853 11.8631
    endloop
  endfacet
  facet normal -0.479065 -0.606506 0.634545
    outer loop
      vertex 2.06287 -3.02124 11.971
      vertex 1.98912 -3.03005 11.9069
      vertex 2.09367 -3.07978 11.9383
    endloop
  endfacet
  facet normal -0.646383 -0.474195 0.59777
    outer loop
      vertex 1.93105 -2.9197 11.9403
      vertex 1.87347 -2.93853 11.8631
      vertex 1.96059 -2.97585 11.9277
    endloop
  endfacet
  facet normal -0.669833 0.718196 0.188461
    outer loop
      vertex 1.93964 -2.03936 11.6404
      vertex 1.9309 -2.02274 11.546
      vertex 1.8672 -2.10519 11.6338
    endloop
  endfacet
  facet normal -0.610137 -0.145917 0.778744
    outer loop
      vertex 1.99335 -2.722 12.0683
      vertex 1.89442 -2.70113 11.9947
      vertex 1.92811 -2.76515 12.0091
    endloop
  endfacet
  facet normal -0.743967 0.107429 0.659524
    outer loop
      vertex 1.88606 -2.51811 11.9901
      vertex 1.85448 -2.45809 11.9447
      vertex 1.83109 -2.58078 11.9383
    endloop
  endfacet
  facet normal -0.654548 0.68935 0.310425
    outer loop
      vertex 1.95404 -2.06673 11.7315
      vertex 1.8672 -2.10519 11.6338
      vertex 1.88111 -2.13161 11.7218
    endloop
  endfacet
  facet normal -0.732592 0.611317 0.299333
    outer loop
      vertex 1.88111 -2.13161 11.7218
      vertex 1.8672 -2.10519 11.6338
      vertex 1.28221 -2.6232 11.26
    endloop
  endfacet
  facet normal -0.566642 0.522984 0.636714
    outer loop
      vertex 2.0283 -2.20784 11.9701
      vertex 1.92428 -2.21365 11.8823
      vertex 1.9528 -2.26785 11.9522
    endloop
  endfacet
  facet normal -0.141756 0.547999 0.82438
    outer loop
      vertex 2.32096 -2.13558 12.0336
      vertex 2.23125 -2.17398 12.0437
      vertex 2.26916 -2.24601 12.0981
    endloop
  endfacet
  facet normal 0.721346 0.422169 0.549029
    outer loop
      vertex 2.92653 -2.26147 11.8631
      vertex 2.99454 -1.96776 11.5479
      vertex 2.99241 -1.96269 11.5468
    endloop
  endfacet
  facet normal 0.7246 0.41923 0.546993
    outer loop
      vertex 2.92653 -2.26147 11.8631
      vertex 3.00432 -1.98636 11.5492
      vertex 2.99454 -1.96776 11.5479
    endloop
  endfacet
  facet normal 0.722492 0.421242 0.548234
    outer loop
      vertex 3.00432 -1.98636 11.5492
      vertex 2.92653 -2.26147 11.8631
      vertex 2.95186 -2.3096 11.8667
    endloop
  endfacet
  facet normal -0.0254631 -0.231977 0.972388
    outer loop
      vertex 2.44679 -2.79426 12.1729
      vertex 2.40208 -2.70929 12.192
      vertex 2.35917 -2.83662 12.1605
    endloop
  endfacet
  facet normal 0.462268 -0.598827 0.653999
    outer loop
      vertex 2.80125 -3.04831 11.8978
      vertex 2.7717 -2.99216 11.9701
      vertex 2.7199 -3.10259 11.9056
    endloop
  endfacet
  facet normal 0.695704 -0.502458 0.513354
    outer loop
      vertex 2.96483 -2.96105 11.7863
      vertex 2.94206 -2.91779 11.8595
      vertex 2.87572 -2.98635 11.8823
    endloop
  endfacet
  facet normal -0.220351 0.973371 0.0632011
    outer loop
      vertex 2.28262 -1.85924 11.45
      vertex 2.18694 -1.8809 11.45
      vertex 2.18987 -1.88647 11.546
    endloop
  endfacet
  facet normal -0.462322 0.598829 0.653959
    outer loop
      vertex 2.0283 -2.20784 11.9701
      vertex 2.0801 -2.09741 11.9056
      vertex 1.99876 -2.15169 11.8978
    endloop
  endfacet
  facet normal -0.19731 0.978328 0.0628025
    outer loop
      vertex 3.05212 -1.69185 11.26
      vertex 2.28262 -1.85924 11.45
      vertex 2.28545 -1.86462 11.5427
    endloop
  endfacet
  facet normal 0.0146882 0.793072 0.60895
    outer loop
      vertex 2.47206 -2.02461 11.9256
      vertex 2.35097 -1.98912 11.8823
      vertex 2.37949 -2.04332 11.9522
    endloop
  endfacet
  facet normal 0.465818 0.420221 0.778735
    outer loop
      vertex 2.80334 -2.30459 12.0091
      vertex 2.76966 -2.24057 11.9947
      vertex 2.73084 -2.33393 12.0683
    endloop
  endfacet
  facet normal 0.77106 0.170263 0.613577
    outer loop
      vertex 2.98713 -2.50488 11.9069
      vertex 3.29276 -2.52605 11.5287
      vertex 2.95861 -2.45068 11.9277
    endloop
  endfacet
  facet normal 0.771067 0.170197 0.613586
    outer loop
      vertex 2.98713 -2.50488 11.9069
      vertex 3.30698 -2.54649 11.5165
      vertex 3.29276 -2.52605 11.5287
    endloop
  endfacet
  facet normal 0.772389 0.15261 0.616543
    outer loop
      vertex 3.30698 -2.54649 11.5165
      vertex 2.98713 -2.50488 11.9069
      vertex 3.30881 -2.54848 11.5147
    endloop
  endfacet
  facet normal 0.765083 0.249444 0.593654
    outer loop
      vertex 3.2898 -2.52238 11.531
      vertex 3.00208 -2.40504 11.8525
      vertex 2.95861 -2.45068 11.9277
    endloop
  endfacet
  facet normal 0.764321 0.261455 0.589453
    outer loop
      vertex 3.00208 -2.40504 11.8525
      vertex 3.2731 -2.49617 11.5415
      vertex 3.27259 -2.49513 11.5417
    endloop
  endfacet
  facet normal 0.765077 0.249692 0.593559
    outer loop
      vertex 3.00208 -2.40504 11.8525
      vertex 3.2898 -2.52238 11.531
      vertex 3.2731 -2.49617 11.5415
    endloop
  endfacet
  facet normal 0.765616 0.24463 0.594969
    outer loop
      vertex 3.2898 -2.52238 11.531
      vertex 2.95861 -2.45068 11.9277
      vertex 3.29276 -2.52605 11.5287
    endloop
  endfacet
  facet normal 0.689491 0.206699 0.694174
    outer loop
      vertex 2.90558 -2.49887 11.9947
      vertex 2.92907 -2.39453 11.9403
      vertex 2.87189 -2.43485 12.0091
    endloop
  endfacet
  facet normal 0.750376 0.3972 0.528364
    outer loop
      vertex 2.95186 -2.3096 11.8667
      vertex 3.00932 -1.99687 11.55
      vertex 3.00432 -1.98636 11.5492
    endloop
  endfacet
  facet normal 0.751991 0.395709 0.527185
    outer loop
      vertex 2.95186 -2.3096 11.8667
      vertex 3.24216 -2.43935 11.55
      vertex 3.00932 -1.99687 11.55
    endloop
  endfacet
  facet normal 0.7523 0.393568 0.528346
    outer loop
      vertex 3.24216 -2.43935 11.55
      vertex 2.95186 -2.3096 11.8667
      vertex 3.24799 -2.44942 11.5492
    endloop
  endfacet
  facet normal 0.654135 0.477233 0.586818
    outer loop
      vertex 2.90164 -2.21417 11.8525
      vertex 2.99241 -1.96269 11.5468
      vertex 2.98057 -1.94019 11.5417
    endloop
  endfacet
  facet normal 0.655299 0.476227 0.586337
    outer loop
      vertex 2.99241 -1.96269 11.5468
      vertex 2.90164 -2.21417 11.8525
      vertex 2.92653 -2.26147 11.8631
    endloop
  endfacet
  facet normal -0.499181 0.668883 0.55083
    outer loop
      vertex 2.0801 -2.09741 11.9056
      vertex 2.05477 -2.04928 11.8242
      vertex 1.99876 -2.15169 11.8978
    endloop
  endfacet
  facet normal -0.32201 0.89147 0.318732
    outer loop
      vertex 2.19861 -1.90308 11.6404
      vertex 2.10678 -1.93743 11.6437
      vertex 2.21301 -1.93045 11.7315
    endloop
  endfacet
  facet normal -0.321998 0.89148 -0.318716
    outer loop
      vertex 2.12143 -1.96528 11.1636
      vertex 2.10678 -1.93743 11.2563
      vertex 2.21301 -1.93045 11.1685
    endloop
  endfacet
  facet normal -0.231727 0.72021 -0.653911
    outer loop
      vertex 2.28727 -2.07156 10.9299
      vertex 2.16692 -2.05172 10.9944
      vertex 2.25773 -2.01542 11.0022
    endloop
  endfacet
  facet normal -0.207838 0.878123 -0.430933
    outer loop
      vertex 2.23283 -1.96811 11.0822
      vertex 2.21301 -1.93045 11.1685
      vertex 3.05212 -1.69185 11.25
    endloop
  endfacet
  facet normal -0.0354466 0.689689 -0.723238
    outer loop
      vertex 2.38051 -2.04526 10.9459
      vertex 2.37949 -2.04332 10.9478
      vertex 3.05212 -1.69185 11.25
    endloop
  endfacet
  facet normal -0.189021 0.639154 -0.745489
    outer loop
      vertex 2.19698 -2.10884 10.9208
      vertex 2.26979 -2.10352 10.9069
      vertex 2.21057 -2.13468 10.8952
    endloop
  endfacet
  facet normal -0.188983 0.63959 -0.745125
    outer loop
      vertex 2.26979 -2.10352 10.9069
      vertex 2.19698 -2.10884 10.9208
      vertex 2.28727 -2.07156 10.9299
    endloop
  endfacet
  facet normal -0.565066 0.523659 -0.637559
    outer loop
      vertex 1.28221 -2.6232 11.25
      vertex 1.99876 -2.15169 11.0022
      vertex 2.0283 -2.20784 10.9299
    endloop
  endfacet
  facet normal -0.584972 0.605228 -0.539914
    outer loop
      vertex 1.28221 -2.6232 11.25
      vertex 1.97386 -2.10439 11.0822
      vertex 1.99876 -2.15169 11.0022
    endloop
  endfacet
  facet normal 0.321998 -0.89148 -0.318716
    outer loop
      vertex 2.69322 -3.26257 11.2563
      vertex 2.58699 -3.26955 11.1685
      vertex 2.67857 -3.23472 11.1636
    endloop
  endfacet
  facet normal 0.34543 -0.9362 -0.0648619
    outer loop
      vertex 2.61306 -3.3191 11.45
      vertex 2.61013 -3.31353 11.354
      vertex 2.7051 -3.28514 11.45
    endloop
  endfacet
  facet normal 0.462268 -0.598827 -0.653999
    outer loop
      vertex 2.7199 -3.10259 10.9944
      vertex 2.7717 -2.99216 10.9299
      vertex 2.80125 -3.04831 11.0022
    endloop
  endfacet
  facet normal 0.268644 -0.790203 -0.550826
    outer loop
      vertex 2.56717 -3.23189 11.0822
      vertex 2.63308 -3.14828 10.9944
      vertex 2.65841 -3.19641 11.0758
    endloop
  endfacet
  facet normal 0.456756 -0.867926 -0.195136
    outer loop
      vertex 2.78004 -3.21688 11.2563
      vertex 2.70212 -3.27947 11.3523
      vertex 2.69322 -3.26257 11.2563
    endloop
  endfacet
  facet normal 0.45667 -0.867952 -0.195223
    outer loop
      vertex 2.70212 -3.27947 11.3523
      vertex 2.78004 -3.21688 11.2563
      vertex 2.78894 -3.23379 11.3523
    endloop
  endfacet
  facet normal 0.524527 -0.444911 -0.725897
    outer loop
      vertex 2.7717 -2.99216 10.9299
      vertex 2.76232 -2.97434 10.9122
      vertex 2.78156 -2.96422 10.9199
    endloop
  endfacet
  facet normal 0.419955 -0.518663 -0.744732
    outer loop
      vertex 2.7717 -2.99216 10.9299
      vertex 2.73547 -2.98847 10.9069
      vertex 2.76232 -2.97434 10.9122
    endloop
  endfacet
  facet normal 0.440917 -0.838012 0.321446
    outer loop
      vertex 2.69322 -3.26257 11.6437
      vertex 2.76539 -3.18904 11.7364
      vertex 2.67857 -3.23472 11.7364
    endloop
  endfacet
  facet normal 0.441005 -0.837997 0.321365
    outer loop
      vertex 2.76539 -3.18904 11.7364
      vertex 2.69322 -3.26257 11.6437
      vertex 2.78004 -3.21688 11.6437
    endloop
  endfacet
  facet normal 0.309377 0.231617 0.922301
    outer loop
      vertex 2.69355 -2.44553 12.1227
      vertex 2.65267 -2.36783 12.1169
      vertex 2.61335 -2.48773 12.1602
    endloop
  endfacet
  facet normal 0.29885 -0.84761 0.438459
    outer loop
      vertex 2.65841 -3.19641 11.8242
      vertex 2.56717 -3.23189 11.8178
      vertex 2.67857 -3.23472 11.7364
    endloop
  endfacet
  facet normal 0.677493 -0.732808 0.0632126
    outer loop
      vertex 2.94407 -3.11623 11.45
      vertex 2.94124 -3.11085 11.5427
      vertex 2.8691 -3.17726 11.546
    endloop
  endfacet
  facet normal 0.56806 -0.799933 0.193429
    outer loop
      vertex 2.8691 -3.17726 11.546
      vertex 2.86036 -3.16064 11.6404
      vertex 2.78004 -3.21688 11.6437
    endloop
  endfacet
  facet normal 0.724129 -0.55551 0.408713
    outer loop
      vertex 2.98295 -2.99548 11.7074
      vertex 2.96483 -2.96105 11.7863
      vertex 2.91889 -3.06839 11.7218
    endloop
  endfacet
  facet normal 0.724084 -0.555526 0.408771
    outer loop
      vertex 2.91889 -3.06839 11.7218
      vertex 2.96483 -2.96105 11.7863
      vertex 2.89976 -3.03203 11.8051
    endloop
  endfacet
  facet normal 0.761281 -0.426194 0.488682
    outer loop
      vertex 2.96483 -2.96105 11.7863
      vertex 3.51779 -2.5768 11.26
      vertex 2.94206 -2.91779 11.8595
    endloop
  endfacet
  facet normal 0.745419 -0.344168 0.570875
    outer loop
      vertex 2.99913 -2.84378 11.8296
      vertex 2.97408 -2.79619 11.891
      vertex 2.94206 -2.91779 11.8595
    endloop
  endfacet
  facet normal 0.777742 -0.0621028 0.625508
    outer loop
      vertex 2.99747 -2.6735 11.8974
      vertex 3.34756 -2.58996 11.4704
      vertex 2.96891 -2.61922 11.9383
    endloop
  endfacet
  facet normal 0.777781 -0.0629271 0.625378
    outer loop
      vertex 3.34756 -2.58996 11.4704
      vertex 2.99747 -2.6735 11.8974
      vertex 3.36132 -2.60076 11.4522
    endloop
  endfacet
  facet normal 0.777984 -0.0703205 0.624336
    outer loop
      vertex 3.36132 -2.60076 11.4522
      vertex 2.99747 -2.6735 11.8974
      vertex 3.36942 -2.60437 11.4417
    endloop
  endfacet
  facet normal 0.775958 -0.169081 0.607701
    outer loop
      vertex 2.94552 -2.74191 11.9447
      vertex 3.36942 -2.60437 11.4417
      vertex 2.99747 -2.6735 11.8974
    endloop
  endfacet
  facet normal 0.775961 -0.165195 0.608765
    outer loop
      vertex 3.36942 -2.60437 11.4417
      vertex 2.94552 -2.74191 11.9447
      vertex 3.38114 -2.61086 11.425
    endloop
  endfacet
  facet normal 0.77585 -0.173906 0.606476
    outer loop
      vertex 3.38114 -2.61086 11.425
      vertex 2.94552 -2.74191 11.9447
      vertex 3.39172 -2.61318 11.4108
    endloop
  endfacet
  facet normal -0.700956 0.0274148 0.712678
    outer loop
      vertex 1.92013 -2.58285 12.0261
      vertex 1.88606 -2.51811 11.9901
      vertex 1.8619 -2.63932 11.971
    endloop
  endfacet
  facet normal -0.528201 0.184875 0.828749
    outer loop
      vertex 2.06009 -2.47175 12.1061
      vertex 1.94983 -2.45684 12.0325
      vertex 1.98658 -2.52667 12.0715
    endloop
  endfacet
  facet normal -0.577057 0.276443 0.768495
    outer loop
      vertex 2.02129 -2.39802 12.065
      vertex 1.98532 -2.32966 12.0134
      vertex 1.94983 -2.45684 12.0325
    endloop
  endfacet
  facet normal 0.654548 -0.68935 0.310425
    outer loop
      vertex 2.9328 -3.09481 11.6338
      vertex 2.91889 -3.06839 11.7218
      vertex 2.84596 -3.13327 11.7315
    endloop
  endfacet
  facet normal 0.17497 -0.887031 0.427271
    outer loop
      vertex 2.58699 -3.26955 11.7315
      vertex 2.56717 -3.23189 11.8178
      vertex 2.4922 -3.29292 11.7218
    endloop
  endfacet
  facet normal 0.231741 -0.720187 0.653932
    outer loop
      vertex 2.63308 -3.14828 11.9056
      vertex 2.51273 -3.12844 11.9701
      vertex 2.54228 -3.18458 11.8978
    endloop
  endfacet
  facet normal 0.298888 -0.84757 0.43851
    outer loop
      vertex 2.67857 -3.23472 11.7364
      vertex 2.56717 -3.23189 11.8178
      vertex 2.58699 -3.26955 11.7315
    endloop
  endfacet
  facet normal 0.0682802 -0.68358 0.726675
    outer loop
      vertex 2.51273 -3.12844 11.9701
      vertex 2.38799 -3.09487 12.0134
      vertex 2.42051 -3.15668 11.9522
    endloop
  endfacet
  facet normal -0.138444 -0.809266 0.570896
    outer loop
      vertex 2.35496 -3.22673 11.8595
      vertex 2.2366 -3.18426 11.891
      vertex 2.26165 -3.23186 11.8296
    endloop
  endfacet
  facet normal -0.138036 -0.808747 0.571729
    outer loop
      vertex 2.32794 -3.17539 11.9256
      vertex 2.2366 -3.18426 11.891
      vertex 2.35496 -3.22673 11.8595
    endloop
  endfacet
  facet normal -0.17647 -0.737691 0.651667
    outer loop
      vertex 2.29713 -3.11685 11.9837
      vertex 2.20804 -3.12999 11.9447
      vertex 2.2366 -3.18426 11.891
    endloop
  endfacet
  facet normal -0.174981 -0.73843 0.651232
    outer loop
      vertex 2.32794 -3.17539 11.9256
      vertex 2.29713 -3.11685 11.9837
      vertex 2.2366 -3.18426 11.891
    endloop
  endfacet
  facet normal -0.300108 -0.735269 0.607712
    outer loop
      vertex 1.85463 -3.40148 11.4417
      vertex 2.20804 -3.12999 11.9447
      vertex 2.12223 -3.13406 11.8974
    endloop
  endfacet
  facet normal -0.303053 -0.733249 0.608691
    outer loop
      vertex 1.85334 -3.41481 11.425
      vertex 2.20804 -3.12999 11.9447
      vertex 1.85463 -3.40148 11.4417
    endloop
  endfacet
  facet normal -0.295676 -0.738177 0.606358
    outer loop
      vertex 2.20804 -3.12999 11.9447
      vertex 1.85334 -3.41481 11.425
      vertex 1.84926 -3.42484 11.4108
    endloop
  endfacet
  facet normal -0.33238 -0.672866 0.66089
    outer loop
      vertex 2.20804 -3.12999 11.9447
      vertex 2.09367 -3.07978 11.9383
      vertex 2.12223 -3.13406 11.8974
    endloop
  endfacet
  facet normal -0.0251152 -0.23209 0.97237
    outer loop
      vertex 2.40208 -2.70929 12.192
      vertex 2.31523 -2.7531 12.1793
      vertex 2.35917 -2.83662 12.1605
    endloop
  endfacet
  facet normal -0.0851298 -0.118038 0.989353
    outer loop
      vertex 2.40208 -2.70929 12.192
      vertex 2.35659 -2.62284 12.1984
      vertex 2.31523 -2.7531 12.1793
    endloop
  endfacet
  facet normal -0.562019 -0.237328 0.792345
    outer loop
      vertex 1.96238 -2.83028 12.0139
      vertex 1.99335 -2.722 12.0683
      vertex 1.92811 -2.76515 12.0091
    endloop
  endfacet
  facet normal -0.518996 -0.530425 0.670292
    outer loop
      vertex 2.03034 -2.95943 11.9947
      vertex 1.96059 -2.97585 11.9277
      vertex 1.98912 -3.03005 11.9069
    endloop
  endfacet
  facet normal -0.374334 -0.593224 0.712713
    outer loop
      vertex 2.14239 -3.00522 12.0261
      vertex 2.06287 -3.02124 11.971
      vertex 2.17646 -3.06997 11.9901
    endloop
  endfacet
  facet normal -0.374682 -0.594536 0.711435
    outer loop
      vertex 2.17646 -3.06997 11.9901
      vertex 2.06287 -3.02124 11.971
      vertex 2.09367 -3.07978 11.9383
    endloop
  endfacet
  facet normal -0.0844397 -0.395011 0.914788
    outer loop
      vertex 2.4016 -2.91725 12.1296
      vertex 2.35917 -2.83662 12.1605
      vertex 2.31322 -2.95278 12.1061
    endloop
  endfacet
  facet normal -0.262462 -0.572051 0.777091
    outer loop
      vertex 2.26307 -3.05211 12.0325
      vertex 2.22632 -2.98227 12.0715
      vertex 2.17646 -3.06997 11.9901
    endloop
  endfacet
  facet normal -0.362525 -0.381724 0.850213
    outer loop
      vertex 2.18752 -2.90854 12.0997
      vertex 2.06916 -2.86607 12.0683
      vertex 2.10642 -2.93687 12.0524
    endloop
  endfacet
  facet normal -0.199817 -0.441179 0.874891
    outer loop
      vertex 2.27225 -2.87493 12.136
      vertex 2.18752 -2.90854 12.0997
      vertex 2.31322 -2.95278 12.1061
    endloop
  endfacet
  facet normal -0.682954 -0.404219 0.608425
    outer loop
      vertex 1.90099 -2.86259 11.9445
      vertex 1.84814 -2.8904 11.8667
      vertex 1.93105 -2.9197 11.9403
    endloop
  endfacet
  facet normal -0.311096 -0.479461 0.820571
    outer loop
      vertex 2.18752 -2.90854 12.0997
      vertex 2.10642 -2.93687 12.0524
      vertex 2.14239 -3.00522 12.0261
    endloop
  endfacet
  facet normal -0.722492 -0.421242 0.548234
    outer loop
      vertex 1.79568 -3.21364 11.5492
      vertex 1.87347 -2.93853 11.8631
      vertex 1.84814 -2.8904 11.8667
    endloop
  endfacet
  facet normal -0.7246 -0.41923 0.546993
    outer loop
      vertex 1.80546 -3.23224 11.5479
      vertex 1.87347 -2.93853 11.8631
      vertex 1.79568 -3.21364 11.5492
    endloop
  endfacet
  facet normal -0.721346 -0.422169 0.549029
    outer loop
      vertex 1.87347 -2.93853 11.8631
      vertex 1.80546 -3.23224 11.5479
      vertex 1.80759 -3.23731 11.5468
    endloop
  endfacet
  facet normal -0.64639 -0.474114 0.597826
    outer loop
      vertex 1.96059 -2.97585 11.9277
      vertex 1.87347 -2.93853 11.8631
      vertex 1.89836 -2.98583 11.8525
    endloop
  endfacet
  facet normal -0.576898 -0.539148 0.613602
    outer loop
      vertex 1.83348 -3.29394 11.5287
      vertex 1.98912 -3.03005 11.9069
      vertex 1.96059 -2.97585 11.9277
    endloop
  endfacet
  facet normal -0.565245 -0.548543 0.616115
    outer loop
      vertex 1.98912 -3.03005 11.9069
      vertex 1.84228 -3.31723 11.5165
      vertex 1.84288 -3.31987 11.5147
    endloop
  endfacet
  facet normal -0.576676 -0.539339 0.613644
    outer loop
      vertex 1.98912 -3.03005 11.9069
      vertex 1.83348 -3.29394 11.5287
      vertex 1.84228 -3.31723 11.5165
    endloop
  endfacet
  facet normal -0.478965 -0.605857 0.63524
    outer loop
      vertex 2.09367 -3.07978 11.9383
      vertex 1.98912 -3.03005 11.9069
      vertex 2.01613 -3.08139 11.8783
    endloop
  endfacet
  facet normal -0.34543 0.9362 -0.0648619
    outer loop
      vertex 2.18987 -1.88647 11.354
      vertex 2.0949 -1.91486 11.45
      vertex 2.18694 -1.8809 11.45
    endloop
  endfacet
  facet normal -0.731054 -0.127621 0.670278
    outer loop
      vertex 1.89442 -2.70113 11.9947
      vertex 1.8619 -2.63932 11.971
      vertex 1.81287 -2.69512 11.9069
    endloop
  endfacet
  facet normal -0.756329 -0.356473 0.548537
    outer loop
      vertex 1.54223 -2.73199 11.5479
      vertex 1.82281 -2.84227 11.8631
      vertex 1.53925 -2.72736 11.5468
    endloop
  endfacet
  facet normal -0.755934 -0.359427 0.547153
    outer loop
      vertex 1.55201 -2.75058 11.5492
      vertex 1.82281 -2.84227 11.8631
      vertex 1.54223 -2.73199 11.5479
    endloop
  endfacet
  facet normal -0.75632 -0.357036 0.548184
    outer loop
      vertex 1.82281 -2.84227 11.8631
      vertex 1.55201 -2.75058 11.5492
      vertex 1.84814 -2.8904 11.8667
    endloop
  endfacet
  facet normal -0.763759 -0.269025 0.586769
    outer loop
      vertex 1.53925 -2.72736 11.5468
      vertex 1.79792 -2.79496 11.8525
      vertex 1.52741 -2.70487 11.5417
    endloop
  endfacet
  facet normal -0.76361 -0.270365 0.586347
    outer loop
      vertex 1.79792 -2.79496 11.8525
      vertex 1.53925 -2.72736 11.5468
      vertex 1.82281 -2.84227 11.8631
    endloop
  endfacet
  facet normal -0.772389 -0.15261 0.616543
    outer loop
      vertex 1.49302 -2.65351 11.5165
      vertex 1.81287 -2.69512 11.9069
      vertex 1.49119 -2.65152 11.5147
    endloop
  endfacet
  facet normal -0.771067 -0.170197 0.613586
    outer loop
      vertex 1.50724 -2.67395 11.5287
      vertex 1.81287 -2.69512 11.9069
      vertex 1.49302 -2.65351 11.5165
    endloop
  endfacet
  facet normal -0.77106 -0.170263 0.613577
    outer loop
      vertex 1.81287 -2.69512 11.9069
      vertex 1.50724 -2.67395 11.5287
      vertex 1.84139 -2.74932 11.9277
    endloop
  endfacet
  facet normal -0.765616 -0.24463 0.594969
    outer loop
      vertex 1.5102 -2.67762 11.531
      vertex 1.84139 -2.74932 11.9277
      vertex 1.50724 -2.67395 11.5287
    endloop
  endfacet
  facet normal -0.765077 -0.249692 0.593559
    outer loop
      vertex 1.79792 -2.79496 11.8525
      vertex 1.5102 -2.67762 11.531
      vertex 1.5269 -2.70383 11.5415
    endloop
  endfacet
  facet normal -0.764321 -0.261455 0.589453
    outer loop
      vertex 1.79792 -2.79496 11.8525
      vertex 1.5269 -2.70383 11.5415
      vertex 1.52741 -2.70487 11.5417
    endloop
  endfacet
  facet normal -0.765083 -0.249444 0.593654
    outer loop
      vertex 1.5102 -2.67762 11.531
      vertex 1.79792 -2.79496 11.8525
      vertex 1.84139 -2.74932 11.9277
    endloop
  endfacet
  facet normal -0.602617 0.590565 0.536736
    outer loop
      vertex 1.99876 -2.15169 11.8978
      vertex 1.97386 -2.10439 11.8178
      vertex 1.90024 -2.16797 11.8051
    endloop
  endfacet
  facet normal -0.745419 0.344168 0.570875
    outer loop
      vertex 1.82592 -2.40381 11.891
      vertex 1.85794 -2.28221 11.8595
      vertex 1.80087 -2.35622 11.8296
    endloop
  endfacet
  facet normal -0.631999 0.646533 0.427285
    outer loop
      vertex 1.97386 -2.10439 11.8178
      vertex 1.95404 -2.06673 11.7315
      vertex 1.88111 -2.13161 11.7218
    endloop
  endfacet
  facet normal -0.661935 0.437047 0.60896
    outer loop
      vertex 1.9528 -2.26785 11.9522
      vertex 1.92428 -2.21365 11.8823
      vertex 1.88495 -2.33355 11.9256
    endloop
  endfacet
  facet normal 0.479102 0.606441 0.634579
    outer loop
      vertex 2.81088 -2.16995 11.9069
      vertex 2.70633 -2.12021 11.9383
      vertex 2.73713 -2.17876 11.971
    endloop
  endfacet
  facet normal 0.646377 0.474265 0.597721
    outer loop
      vertex 2.92653 -2.26147 11.8631
      vertex 2.83941 -2.22415 11.9277
      vertex 2.86895 -2.28029 11.9403
    endloop
  endfacet
  facet normal 0.0844397 0.395011 0.914788
    outer loop
      vertex 2.48678 -2.24722 12.1061
      vertex 2.3984 -2.28275 12.1296
      vertex 2.44083 -2.36338 12.1605
    endloop
  endfacet
  facet normal 0.374663 0.594464 0.711506
    outer loop
      vertex 2.70633 -2.12021 11.9383
      vertex 2.62354 -2.13003 11.9901
      vertex 2.73713 -2.17876 11.971
    endloop
  endfacet
  facet normal -0.188707 0.639051 0.745656
    outer loop
      vertex 2.28727 -2.07156 11.9701
      vertex 2.19698 -2.10884 11.9792
      vertex 2.23125 -2.17398 12.0437
    endloop
  endfacet
  facet normal -0.268624 0.790164 0.550892
    outer loop
      vertex 2.23283 -1.96811 11.8178
      vertex 2.14159 -2.00359 11.8242
      vertex 2.25773 -2.01542 11.8978
    endloop
  endfacet
  facet normal 0.0254631 0.231977 0.972388
    outer loop
      vertex 2.44083 -2.36338 12.1605
      vertex 2.35321 -2.40574 12.1729
      vertex 2.39792 -2.49071 12.192
    endloop
  endfacet
  facet normal 0.25374 0.337674 0.906417
    outer loop
      vertex 2.65267 -2.36783 12.1169
      vertex 2.61248 -2.29146 12.0997
      vertex 2.57018 -2.4057 12.1541
    endloop
  endfacet
  facet normal -0.0332933 0.342331 0.938989
    outer loop
      vertex 2.3984 -2.28275 12.1296
      vertex 2.31004 -2.32371 12.1414
      vertex 2.44083 -2.36338 12.1605
    endloop
  endfacet
  facet normal 0.217351 0.657904 0.721056
    outer loop
      vertex 2.62354 -2.13003 11.9901
      vertex 2.50287 -2.08315 11.9837
      vertex 2.53694 -2.14789 12.0325
    endloop
  endfacet
  facet normal 0.656405 0.0570216 0.752251
    outer loop
      vertex 2.93811 -2.56068 11.971
      vertex 2.90558 -2.49887 11.9947
      vertex 2.87987 -2.61715 12.0261
    endloop
  endfacet
  facet normal 0.0892037 -0.448616 0.889262
    outer loop
      vertex 2.48996 -2.87629 12.1414
      vertex 2.4016 -2.91725 12.1296
      vertex 2.53085 -2.95399 12.0981
    endloop
  endfacet
  facet normal -0.552496 0.77018 0.318701
    outer loop
      vertex 2.03461 -2.01096 11.7364
      vertex 2.01996 -1.98311 11.6437
      vertex 1.95404 -2.06673 11.7315
    endloop
  endfacet
  facet normal -0.0195438 0.857781 0.513643
    outer loop
      vertex 2.42228 -1.93001 11.7863
      vertex 2.32693 -1.94344 11.8051
      vertex 2.35097 -1.98912 11.8823
    endloop
  endfacet
  facet normal -0.145151 0.831042 0.536936
    outer loop
      vertex 2.35097 -1.98912 11.8823
      vertex 2.32693 -1.94344 11.8051
      vertex 2.25773 -2.01542 11.8978
    endloop
  endfacet
  facet normal -0.197492 0.929869 0.310389
    outer loop
      vertex 2.3078 -1.90708 11.7218
      vertex 2.29389 -1.88066 11.6338
      vertex 2.21301 -1.93045 11.7315
    endloop
  endfacet
  facet normal -0.15065 0.971133 0.184945
    outer loop
      vertex 3.05212 -1.69185 11.26
      vertex 2.28545 -1.86462 11.5427
      vertex 2.29389 -1.88066 11.6338
    endloop
  endfacet
  facet normal -0.0477728 0.911378 0.408789
    outer loop
      vertex 2.40416 -1.89557 11.7074
      vertex 2.3078 -1.90708 11.7218
      vertex 2.42228 -1.93001 11.7863
    endloop
  endfacet
  facet normal 0.254467 0.337363 0.906329
    outer loop
      vertex 2.61248 -2.29146 12.0997
      vertex 2.52775 -2.32507 12.136
      vertex 2.57018 -2.4057 12.1541
    endloop
  endfacet
  facet normal 0.646606 0.288355 0.706224
    outer loop
      vertex 2.92907 -2.39453 11.9403
      vertex 2.89901 -2.33741 11.9445
      vertex 2.83762 -2.36972 12.0139
    endloop
  endfacet
  facet normal 0.742806 -0.107137 0.660879
    outer loop
      vertex 2.99747 -2.6735 11.8974
      vertex 2.96891 -2.61922 11.9383
      vertex 2.94552 -2.74191 11.9447
    endloop
  endfacet
  facet normal 0.775038 0.0573299 0.629308
    outer loop
      vertex 3.01415 -2.55622 11.8783
      vertex 3.30881 -2.54848 11.5147
      vertex 2.98713 -2.50488 11.9069
    endloop
  endfacet
  facet normal 0.775004 0.0579564 0.629294
    outer loop
      vertex 3.01415 -2.55622 11.8783
      vertex 3.32362 -2.56845 11.4983
      vertex 3.30881 -2.54848 11.5147
    endloop
  endfacet
  facet normal 0.773305 0.096324 0.626675
    outer loop
      vertex 3.32362 -2.56845 11.4983
      vertex 3.01415 -2.55622 11.8783
      vertex 3.32408 -2.56889 11.4978
    endloop
  endfacet
  facet normal 0.756958 0.264101 0.597717
    outer loop
      vertex 2.95861 -2.45068 11.9277
      vertex 2.97719 -2.35773 11.8631
      vertex 2.92907 -2.39453 11.9403
    endloop
  endfacet
  facet normal 0.75632 0.357036 0.548184
    outer loop
      vertex 2.97719 -2.35773 11.8631
      vertex 3.24799 -2.44942 11.5492
      vertex 2.95186 -2.3096 11.8667
    endloop
  endfacet
  facet normal 0.755934 0.359427 0.547153
    outer loop
      vertex 2.97719 -2.35773 11.8631
      vertex 3.25777 -2.46801 11.5479
      vertex 3.24799 -2.44942 11.5492
    endloop
  endfacet
  facet normal 0.756329 0.356473 0.548537
    outer loop
      vertex 3.25777 -2.46801 11.5479
      vertex 2.97719 -2.35773 11.8631
      vertex 3.26075 -2.47264 11.5468
    endloop
  endfacet
  facet normal 0.603671 0.369784 0.706287
    outer loop
      vertex 2.86895 -2.28029 11.9403
      vertex 2.80334 -2.30459 12.0091
      vertex 2.83762 -2.36972 12.0139
    endloop
  endfacet
  facet normal 0.576676 0.539339 0.613644
    outer loop
      vertex 2.81088 -2.16995 11.9069
      vertex 2.96652 -1.90606 11.5287
      vertex 2.95772 -1.88277 11.5165
    endloop
  endfacet
  facet normal 0.565245 0.548543 0.616115
    outer loop
      vertex 2.81088 -2.16995 11.9069
      vertex 2.95772 -1.88277 11.5165
      vertex 2.95712 -1.88013 11.5147
    endloop
  endfacet
  facet normal 0.576898 0.539148 0.613602
    outer loop
      vertex 2.96652 -1.90606 11.5287
      vertex 2.81088 -2.16995 11.9069
      vertex 2.83941 -2.22415 11.9277
    endloop
  endfacet
  facet normal -0.0890181 0.950002 0.299287
    outer loop
      vertex 3.05212 -1.69185 11.26
      vertex 2.29389 -1.88066 11.6338
      vertex 2.3078 -1.90708 11.7218
    endloop
  endfacet
  facet normal -0.0615979 0.939 0.338355
    outer loop
      vertex 3.05212 -1.69185 11.26
      vertex 2.3078 -1.90708 11.7218
      vertex 2.40416 -1.89557 11.7074
    endloop
  endfacet
  facet normal -0.220671 0.974784 -0.033187
    outer loop
      vertex 3.05212 -1.69185 11.25
      vertex 2.18694 -1.8809 11.45
      vertex 2.28262 -1.85924 11.45
    endloop
  endfacet
  facet normal -0.464631 0.883084 -0.0654216
    outer loop
      vertex 2.01106 -1.96621 11.3523
      vertex 2.0949 -1.91486 11.45
      vertex 2.09788 -1.92053 11.3523
    endloop
  endfacet
  facet normal -0.464714 0.883048 -0.0653316
    outer loop
      vertex 2.0949 -1.91486 11.45
      vertex 2.01106 -1.96621 11.3523
      vertex 2.00808 -1.96055 11.45
    endloop
  endfacet
  facet normal -0.226992 0.971836 -0.0633147
    outer loop
      vertex 2.18987 -1.88647 11.354
      vertex 2.18694 -1.8809 11.45
      vertex 3.05212 -1.69185 11.25
    endloop
  endfacet
  facet normal -0.237886 0.9526 -0.189638
    outer loop
      vertex 2.19861 -1.90308 11.2596
      vertex 2.18987 -1.88647 11.354
      vertex 3.05212 -1.69185 11.25
    endloop
  endfacet
  facet normal -0.564236 0.518149 -0.642775
    outer loop
      vertex 1.28221 -2.6232 11.25
      vertex 2.0283 -2.20784 10.9299
      vertex 1.9528 -2.26785 10.9478
    endloop
  endfacet
  facet normal -0.298888 0.84757 -0.43851
    outer loop
      vertex 2.23283 -1.96811 11.0822
      vertex 2.12143 -1.96528 11.1636
      vertex 2.21301 -1.93045 11.1685
    endloop
  endfacet
  facet normal -0.529368 0.726267 -0.438526
    outer loop
      vertex 1.97386 -2.10439 11.0822
      vertex 2.03461 -2.01096 11.1636
      vertex 2.05477 -2.04928 11.0758
    endloop
  endfacet
  facet normal -0.29885 0.84761 -0.438459
    outer loop
      vertex 2.14159 -2.00359 11.0758
      vertex 2.12143 -1.96528 11.1636
      vertex 2.23283 -1.96811 11.0822
    endloop
  endfacet
  facet normal -0.0645533 0.680714 -0.7297
    outer loop
      vertex 2.31588 -2.07926 10.9199
      vertex 2.37949 -2.04332 10.9478
      vertex 2.38051 -2.04526 10.9459
    endloop
  endfacet
  facet normal -0.0690576 0.685139 -0.725131
    outer loop
      vertex 2.37949 -2.04332 10.9478
      vertex 2.31588 -2.07926 10.9199
      vertex 2.28727 -2.07156 10.9299
    endloop
  endfacet
  facet normal 0.337638 -0.921204 -0.193349
    outer loop
      vertex 2.61013 -3.31353 11.354
      vertex 2.60139 -3.29692 11.2596
      vertex 2.69322 -3.26257 11.2563
    endloop
  endfacet
  facet normal 0.337515 -0.921225 -0.193464
    outer loop
      vertex 2.61013 -3.31353 11.354
      vertex 2.69322 -3.26257 11.2563
      vertex 2.70212 -3.27947 11.3523
    endloop
  endfacet
  facet normal 0.220671 -0.974784 -0.033187
    outer loop
      vertex 2.51738 -3.34076 11.45
      vertex 1.74788 -3.50815 11.25
      vertex 2.61306 -3.3191 11.45
    endloop
  endfacet
  facet normal 0.345436 -0.936198 -0.0648684
    outer loop
      vertex 2.7051 -3.28514 11.45
      vertex 2.61013 -3.31353 11.354
      vertex 2.70212 -3.27947 11.3523
    endloop
  endfacet
  facet normal 0.231741 -0.720187 -0.653932
    outer loop
      vertex 2.54228 -3.18458 11.0022
      vertex 2.51273 -3.12844 10.9299
      vertex 2.63308 -3.14828 10.9944
    endloop
  endfacet
  facet normal 0.23158 -0.720442 -0.653708
    outer loop
      vertex 2.63308 -3.14828 10.9944
      vertex 2.51273 -3.12844 10.9299
      vertex 2.60302 -3.09116 10.9208
    endloop
  endfacet
  facet normal 0.606051 -0.668574 -0.430943
    outer loop
      vertex 2.82614 -3.09561 11.0822
      vertex 3.51779 -2.5768 11.25
      vertex 2.84596 -3.13327 11.1685
    endloop
  endfacet
  facet normal 0.49917 -0.66889 -0.550831
    outer loop
      vertex 2.74523 -3.15072 11.0758
      vertex 2.7199 -3.10259 10.9944
      vertex 2.82614 -3.09561 11.0822
    endloop
  endfacet
  facet normal 0.576026 -0.814861 -0.0647766
    outer loop
      vertex 2.78894 -3.23379 11.3523
      vertex 2.8691 -3.17726 11.354
      vertex 2.79192 -3.23945 11.45
    endloop
  endfacet
  facet normal 0.464631 -0.883084 -0.0654216
    outer loop
      vertex 2.78894 -3.23379 11.3523
      vertex 2.7051 -3.28514 11.45
      vertex 2.70212 -3.27947 11.3523
    endloop
  endfacet
  facet normal 0.464714 -0.883048 -0.0653316
    outer loop
      vertex 2.7051 -3.28514 11.45
      vertex 2.78894 -3.23379 11.3523
      vertex 2.79192 -3.23945 11.45
    endloop
  endfacet
  facet normal 0.174873 -0.887018 0.427339
    outer loop
      vertex 2.56717 -3.23189 11.8178
      vertex 2.47307 -3.25656 11.8051
      vertex 2.4922 -3.29292 11.7218
    endloop
  endfacet
  facet normal 0.321998 -0.89148 0.318716
    outer loop
      vertex 2.67857 -3.23472 11.7364
      vertex 2.58699 -3.26955 11.7315
      vertex 2.69322 -3.26257 11.6437
    endloop
  endfacet
  facet normal 0.575956 -0.814904 -0.06486
    outer loop
      vertex 2.79192 -3.23945 11.45
      vertex 2.8691 -3.17726 11.354
      vertex 2.87203 -3.18283 11.45
    endloop
  endfacet
  facet normal 0.672451 -0.737429 -0.06331
    outer loop
      vertex 2.8691 -3.17726 11.354
      vertex 3.51779 -2.5768 11.25
      vertex 2.87203 -3.18283 11.45
    endloop
  endfacet
  facet normal 0.694607 -0.716643 0.062797
    outer loop
      vertex 2.94407 -3.11623 11.45
      vertex 3.51779 -2.5768 11.26
      vertex 2.94124 -3.11085 11.5427
    endloop
  endfacet
  facet normal 0.715102 -0.674111 0.184942
    outer loop
      vertex 2.94124 -3.11085 11.5427
      vertex 3.51779 -2.5768 11.26
      vertex 2.9328 -3.09481 11.6338
    endloop
  endfacet
  facet normal 0.654626 -0.689222 0.310545
    outer loop
      vertex 2.9328 -3.09481 11.6338
      vertex 2.84596 -3.13327 11.7315
      vertex 2.86036 -3.16064 11.6404
    endloop
  endfacet
  facet normal 0.529384 -0.726265 0.438511
    outer loop
      vertex 2.84596 -3.13327 11.7315
      vertex 2.82614 -3.09561 11.8178
      vertex 2.76539 -3.18904 11.7364
    endloop
  endfacet
  facet normal 0.417696 -0.793704 0.442227
    outer loop
      vertex 2.67857 -3.23472 11.7364
      vertex 2.74523 -3.15072 11.8242
      vertex 2.65841 -3.19641 11.8242
    endloop
  endfacet
  facet normal 0.417607 -0.79371 0.4423
    outer loop
      vertex 2.74523 -3.15072 11.8242
      vertex 2.67857 -3.23472 11.7364
      vertex 2.76539 -3.18904 11.7364
    endloop
  endfacet
  facet normal 0.552507 -0.770203 0.318627
    outer loop
      vertex 2.78004 -3.21688 11.6437
      vertex 2.84596 -3.13327 11.7315
      vertex 2.76539 -3.18904 11.7364
    endloop
  endfacet
  facet normal 0.661246 -0.437082 0.609683
    outer loop
      vertex 2.94206 -2.91779 11.8595
      vertex 2.91505 -2.86645 11.9256
      vertex 2.87572 -2.98635 11.8823
    endloop
  endfacet
  facet normal 0.744781 -0.34421 0.571683
    outer loop
      vertex 2.94206 -2.91779 11.8595
      vertex 2.97408 -2.79619 11.891
      vertex 2.91505 -2.86645 11.9256
    endloop
  endfacet
  facet normal 0.765525 -0.380778 0.518633
    outer loop
      vertex 2.94206 -2.91779 11.8595
      vertex 3.4754 -2.59862 11.3066
      vertex 2.99913 -2.84378 11.8296
    endloop
  endfacet
  facet normal 0.765361 -0.383392 0.516945
    outer loop
      vertex 3.4811 -2.59611 11.3
      vertex 2.94206 -2.91779 11.8595
      vertex 3.51779 -2.5768 11.26
    endloop
  endfacet
  facet normal 0.764726 -0.39209 0.511332
    outer loop
      vertex 3.4754 -2.59862 11.3066
      vertex 2.94206 -2.91779 11.8595
      vertex 3.4811 -2.59611 11.3
    endloop
  endfacet
  facet normal 0.770744 -0.31144 0.55584
    outer loop
      vertex 2.99913 -2.84378 11.8296
      vertex 3.42309 -2.61502 11.3699
      vertex 2.97408 -2.79619 11.891
    endloop
  endfacet
  facet normal 0.770805 -0.309106 0.557058
    outer loop
      vertex 3.42309 -2.61502 11.3699
      vertex 2.99913 -2.84378 11.8296
      vertex 3.42684 -2.61504 11.3647
    endloop
  endfacet
  facet normal 0.77128 -0.293527 0.564773
    outer loop
      vertex 3.45251 -2.60874 11.3326
      vertex 2.99913 -2.84378 11.8296
      vertex 3.4754 -2.59862 11.3066
    endloop
  endfacet
  facet normal 0.770675 -0.313514 0.554769
    outer loop
      vertex 3.42684 -2.61504 11.3647
      vertex 2.99913 -2.84378 11.8296
      vertex 3.45251 -2.60874 11.3326
    endloop
  endfacet
  facet normal 0.707932 -0.27225 0.6517
    outer loop
      vertex 2.97408 -2.79619 11.891
      vertex 2.94552 -2.74191 11.9447
      vertex 2.88424 -2.8079 11.9837
    endloop
  endfacet
  facet normal 0.702221 -0.0279247 0.711411
    outer loop
      vertex 2.96891 -2.61922 11.9383
      vertex 2.93811 -2.56068 11.971
      vertex 2.91394 -2.68189 11.9901
    endloop
  endfacet
  facet normal -0.309331 -0.231595 0.922322
    outer loop
      vertex 2.18666 -2.71226 12.1602
      vertex 2.10645 -2.75447 12.1227
      vertex 2.14733 -2.83217 12.1169
    endloop
  endfacet
  facet normal -0.316711 0.0466338 0.947375
    outer loop
      vertex 2.2258 -2.58317 12.1793
      vertex 2.18186 -2.49966 12.1605
      vertex 2.14349 -2.63023 12.1541
    endloop
  endfacet
  facet normal -0.770805 0.309106 0.557058
    outer loop
      vertex 1.37691 -2.58498 11.3699
      vertex 1.80087 -2.35622 11.8296
      vertex 1.37316 -2.58496 11.3647
    endloop
  endfacet
  facet normal -0.770675 0.313514 0.554769
    outer loop
      vertex 1.80087 -2.35622 11.8296
      vertex 1.34749 -2.59126 11.3326
      vertex 1.37316 -2.58496 11.3647
    endloop
  endfacet
  facet normal -0.77128 0.293527 0.564773
    outer loop
      vertex 1.34749 -2.59126 11.3326
      vertex 1.80087 -2.35622 11.8296
      vertex 1.3246 -2.60138 11.3066
    endloop
  endfacet
  facet normal -0.770744 0.31144 0.55584
    outer loop
      vertex 1.80087 -2.35622 11.8296
      vertex 1.37691 -2.58498 11.3699
      vertex 1.82592 -2.40381 11.891
    endloop
  endfacet
  facet normal -0.52561 0.443489 0.725983
    outer loop
      vertex 2.06199 -2.27186 12.0336
      vertex 2.0283 -2.20784 11.9701
      vertex 1.98532 -2.32966 12.0134
    endloop
  endfacet
  facet normal -0.422131 -0.0186805 0.906342
    outer loop
      vertex 2.14349 -2.63023 12.1541
      vertex 2.10106 -2.5496 12.136
      vertex 2.02537 -2.60041 12.0997
    endloop
  endfacet
  facet normal -0.742806 0.107137 0.660879
    outer loop
      vertex 1.83109 -2.58078 11.9383
      vertex 1.85448 -2.45809 11.9447
      vertex 1.80253 -2.5265 11.8974
    endloop
  endfacet
  facet normal 0.419877 -0.517466 0.745609
    outer loop
      vertex 2.7717 -2.99216 11.9701
      vertex 2.65557 -2.98034 12.0437
      vertex 2.68984 -3.04547 11.9792
    endloop
  endfacet
  facet normal 0.419518 -0.518365 0.745186
    outer loop
      vertex 2.7717 -2.99216 11.9701
      vertex 2.73801 -2.92814 12.0336
      vertex 2.65557 -2.98034 12.0437
    endloop
  endfacet
  facet normal 0.49918 -0.668909 0.5508
    outer loop
      vertex 2.82614 -3.09561 11.8178
      vertex 2.80125 -3.04831 11.8978
      vertex 2.74523 -3.15072 11.8242
    endloop
  endfacet
  facet normal 0.499139 -0.668911 0.550834
    outer loop
      vertex 2.74523 -3.15072 11.8242
      vertex 2.80125 -3.04831 11.8978
      vertex 2.7199 -3.10259 11.9056
    endloop
  endfacet
  facet normal 0.188707 -0.639051 0.745656
    outer loop
      vertex 2.60302 -3.09116 11.9792
      vertex 2.56875 -3.02602 12.0437
      vertex 2.51273 -3.12844 11.9701
    endloop
  endfacet
  facet normal 0.189746 -0.639286 0.745191
    outer loop
      vertex 2.56875 -3.02602 12.0437
      vertex 2.47904 -3.06442 12.0336
      vertex 2.51273 -3.12844 11.9701
    endloop
  endfacet
  facet normal -0.17979 -0.81161 0.555845
    outer loop
      vertex 1.83301 -3.45174 11.3699
      vertex 2.26165 -3.23186 11.8296
      vertex 2.2366 -3.18426 11.891
    endloop
  endfacet
  facet normal -0.180793 -0.81096 0.556469
    outer loop
      vertex 1.83091 -3.45484 11.3647
      vertex 2.26165 -3.23186 11.8296
      vertex 1.83301 -3.45174 11.3699
    endloop
  endfacet
  facet normal -0.17825 -0.812598 0.554898
    outer loop
      vertex 1.81117 -3.47243 11.3326
      vertex 2.26165 -3.23186 11.8296
      vertex 1.83091 -3.45484 11.3647
    endloop
  endfacet
  facet normal -0.195377 -0.801566 0.565083
    outer loop
      vertex 2.26165 -3.23186 11.8296
      vertex 1.81117 -3.47243 11.3326
      vertex 1.78988 -3.48557 11.3066
    endloop
  endfacet
  facet normal -0.119637 -0.8466 0.518608
    outer loop
      vertex 1.78988 -3.48557 11.3066
      vertex 2.35496 -3.22673 11.8595
      vertex 2.26165 -3.23186 11.8296
    endloop
  endfacet
  facet normal -0.112004 -0.851102 0.512914
    outer loop
      vertex 1.78458 -3.48885 11.3
      vertex 2.35496 -3.22673 11.8595
      vertex 1.78988 -3.48557 11.3066
    endloop
  endfacet
  facet normal -0.116596 -0.848412 0.516336
    outer loop
      vertex 2.35496 -3.22673 11.8595
      vertex 1.78458 -3.48885 11.3
      vertex 1.74788 -3.50815 11.26
    endloop
  endfacet
  facet normal -0.217342 -0.657882 0.721078
    outer loop
      vertex 2.26307 -3.05211 12.0325
      vertex 2.17646 -3.06997 11.9901
      vertex 2.29713 -3.11685 11.9837
    endloop
  endfacet
  facet normal 0.0208885 -0.595307 0.803227
    outer loop
      vertex 2.47904 -3.06442 12.0336
      vertex 2.35202 -3.02651 12.065
      vertex 2.38799 -3.09487 12.0134
    endloop
  endfacet
  facet normal -0.362641 -0.38226 0.849923
    outer loop
      vertex 2.14733 -2.83217 12.1169
      vertex 2.06916 -2.86607 12.0683
      vertex 2.18752 -2.90854 12.0997
    endloop
  endfacet
  facet normal -0.0849834 -0.118086 0.98936
    outer loop
      vertex 2.35659 -2.62284 12.1984
      vertex 2.27052 -2.66814 12.1856
      vertex 2.31523 -2.7531 12.1793
    endloop
  endfacet
  facet normal -0.258194 -0.0641972 0.963958
    outer loop
      vertex 2.27052 -2.66814 12.1856
      vertex 2.14349 -2.63023 12.1541
      vertex 2.18666 -2.71226 12.1602
    endloop
  endfacet
  facet normal -0.0835977 -0.395318 0.914732
    outer loop
      vertex 2.35917 -2.83662 12.1605
      vertex 2.27225 -2.87493 12.136
      vertex 2.31322 -2.95278 12.1061
    endloop
  endfacet
  facet normal -0.254467 -0.337363 0.906329
    outer loop
      vertex 2.27225 -2.87493 12.136
      vertex 2.22982 -2.7943 12.1541
      vertex 2.18752 -2.90854 12.0997
    endloop
  endfacet
  facet normal -0.0297766 -0.498837 0.866184
    outer loop
      vertex 2.4016 -2.91725 12.1296
      vertex 2.31322 -2.95278 12.1061
      vertex 2.44179 -2.99362 12.087
    endloop
  endfacet
  facet normal 0.468274 0.182849 0.864457
    outer loop
      vertex 2.80665 -2.47799 12.0683
      vertex 2.76874 -2.40596 12.0736
      vertex 2.69355 -2.44553 12.1227
    endloop
  endfacet
  facet normal 0.373364 -0.154085 0.914799
    outer loop
      vertex 2.73991 -2.72825 12.1061
      vertex 2.61814 -2.70034 12.1605
      vertex 2.66057 -2.78098 12.1296
    endloop
  endfacet
  facet normal -0.610148 -0.146163 0.778689
    outer loop
      vertex 1.99335 -2.722 12.0683
      vertex 1.9561 -2.65121 12.0524
      vertex 1.89442 -2.70113 11.9947
    endloop
  endfacet
  facet normal -0.468133 -0.181807 0.864753
    outer loop
      vertex 2.10645 -2.75447 12.1227
      vertex 2.06556 -2.67677 12.1169
      vertex 1.99335 -2.722 12.0683
    endloop
  endfacet
  facet normal -0.513866 -0.328686 0.792406
    outer loop
      vertex 2.03126 -2.79404 12.0736
      vertex 1.96238 -2.83028 12.0139
      vertex 2.06916 -2.86607 12.0683
    endloop
  endfacet
  facet normal -0.41587 -0.282426 0.864458
    outer loop
      vertex 2.10645 -2.75447 12.1227
      vertex 2.03126 -2.79404 12.0736
      vertex 2.06916 -2.86607 12.0683
    endloop
  endfacet
  facet normal -0.465818 -0.420221 0.778735
    outer loop
      vertex 2.06916 -2.86607 12.0683
      vertex 1.99666 -2.89541 12.0091
      vertex 2.03034 -2.95943 11.9947
    endloop
  endfacet
  facet normal -0.513882 -0.328866 0.792321
    outer loop
      vertex 2.06916 -2.86607 12.0683
      vertex 1.96238 -2.83028 12.0139
      vertex 1.99666 -2.89541 12.0091
    endloop
  endfacet
  facet normal -0.560864 -0.451199 0.694155
    outer loop
      vertex 1.99666 -2.89541 12.0091
      vertex 1.93105 -2.9197 11.9403
      vertex 2.03034 -2.95943 11.9947
    endloop
  endfacet
  facet normal -0.603695 -0.369795 0.706261
    outer loop
      vertex 1.99666 -2.89541 12.0091
      vertex 1.96238 -2.83028 12.0139
      vertex 1.93105 -2.9197 11.9403
    endloop
  endfacet
  facet normal -0.655299 -0.476227 0.586337
    outer loop
      vertex 1.80759 -3.23731 11.5468
      vertex 1.89836 -2.98583 11.8525
      vertex 1.87347 -2.93853 11.8631
    endloop
  endfacet
  facet normal -0.654135 -0.477233 0.586818
    outer loop
      vertex 1.89836 -2.98583 11.8525
      vertex 1.80759 -3.23731 11.5468
      vertex 1.81943 -3.25981 11.5417
    endloop
  endfacet
  facet normal -0.65283 -0.478285 0.587415
    outer loop
      vertex 1.81999 -3.26082 11.5415
      vertex 1.89836 -2.98583 11.8525
      vertex 1.81943 -3.25981 11.5417
    endloop
  endfacet
  facet normal -0.638894 -0.489295 0.593637
    outer loop
      vertex 1.89836 -2.98583 11.8525
      vertex 1.81999 -3.26082 11.5415
      vertex 1.96059 -2.97585 11.9277
    endloop
  endfacet
  facet normal -0.638978 -0.489217 0.593611
    outer loop
      vertex 1.83214 -3.28943 11.531
      vertex 1.96059 -2.97585 11.9277
      vertex 1.81999 -3.26082 11.5415
    endloop
  endfacet
  facet normal -0.635539 -0.492188 0.594846
    outer loop
      vertex 1.96059 -2.97585 11.9277
      vertex 1.83214 -3.28943 11.531
      vertex 1.83348 -3.29394 11.5287
    endloop
  endfacet
  facet normal -0.486133 -0.606329 0.629317
    outer loop
      vertex 1.84288 -3.31987 11.5147
      vertex 2.01613 -3.08139 11.8783
      vertex 1.98912 -3.03005 11.9069
    endloop
  endfacet
  facet normal -0.510267 -0.588246 0.627371
    outer loop
      vertex 2.01613 -3.08139 11.8783
      vertex 1.85096 -3.34339 11.4983
      vertex 1.85106 -3.34401 11.4978
    endloop
  endfacet
  facet normal -0.486603 -0.605966 0.629303
    outer loop
      vertex 2.01613 -3.08139 11.8783
      vertex 1.84288 -3.31987 11.5147
      vertex 1.85096 -3.34339 11.4983
    endloop
  endfacet
  facet normal -0.476217 -0.613287 0.630156
    outer loop
      vertex 2.09367 -3.07978 11.9383
      vertex 1.85106 -3.34401 11.4978
      vertex 1.8553 -3.36888 11.4768
    endloop
  endfacet
  facet normal -0.474794 -0.614467 0.63008
    outer loop
      vertex 1.85106 -3.34401 11.4978
      vertex 2.09367 -3.07978 11.9383
      vertex 2.01613 -3.08139 11.8783
    endloop
  endfacet
  facet normal -0.473296 -0.615603 0.630098
    outer loop
      vertex 2.09367 -3.07978 11.9383
      vertex 1.8553 -3.36888 11.4768
      vertex 1.85513 -3.3753 11.4704
    endloop
  endfacet
  facet normal -0.669795 0.718219 0.18851
    outer loop
      vertex 1.8672 -2.10519 11.6338
      vertex 1.9309 -2.02274 11.546
      vertex 1.85876 -2.08915 11.5427
    endloop
  endfacet
  facet normal -0.568126 0.799886 -0.193427
    outer loop
      vertex 1.93964 -2.03936 11.2596
      vertex 1.9309 -2.02274 11.354
      vertex 2.01996 -1.98311 11.2563
    endloop
  endfacet
  facet normal -0.777984 0.0703205 0.624336
    outer loop
      vertex 1.43868 -2.59924 11.4522
      vertex 1.80253 -2.5265 11.8974
      vertex 1.43058 -2.59563 11.4417
    endloop
  endfacet
  facet normal -0.777781 0.0629271 0.625378
    outer loop
      vertex 1.45244 -2.61004 11.4704
      vertex 1.80253 -2.5265 11.8974
      vertex 1.43868 -2.59924 11.4522
    endloop
  endfacet
  facet normal -0.777742 0.0621028 0.625508
    outer loop
      vertex 1.80253 -2.5265 11.8974
      vertex 1.45244 -2.61004 11.4704
      vertex 1.83109 -2.58078 11.9383
    endloop
  endfacet
  facet normal -0.773305 -0.096324 0.626675
    outer loop
      vertex 1.47638 -2.63155 11.4983
      vertex 1.78585 -2.64378 11.8783
      vertex 1.47592 -2.63111 11.4978
    endloop
  endfacet
  facet normal -0.775004 -0.0579564 0.629294
    outer loop
      vertex 1.49119 -2.65152 11.5147
      vertex 1.78585 -2.64378 11.8783
      vertex 1.47638 -2.63155 11.4983
    endloop
  endfacet
  facet normal -0.775038 -0.0573299 0.629308
    outer loop
      vertex 1.78585 -2.64378 11.8783
      vertex 1.49119 -2.65152 11.5147
      vertex 1.81287 -2.69512 11.9069
    endloop
  endfacet
  facet normal -0.666647 0.193683 0.71977
    outer loop
      vertex 1.88606 -2.51811 11.9901
      vertex 1.91576 -2.3921 11.9837
      vertex 1.85448 -2.45809 11.9447
    endloop
  endfacet
  facet normal -0.707932 0.27225 0.6517
    outer loop
      vertex 1.91576 -2.3921 11.9837
      vertex 1.82592 -2.40381 11.891
      vertex 1.85448 -2.45809 11.9447
    endloop
  endfacet
  facet normal -0.739046 0.58251 0.338369
    outer loop
      vertex 1.81705 -2.20452 11.7074
      vertex 1.88111 -2.13161 11.7218
      vertex 1.28221 -2.6232 11.26
    endloop
  endfacet
  facet normal -0.761281 0.426194 0.488682
    outer loop
      vertex 1.85794 -2.28221 11.8595
      vertex 1.83517 -2.23895 11.7863
      vertex 1.28221 -2.6232 11.26
    endloop
  endfacet
  facet normal -0.552475 0.770187 0.318723
    outer loop
      vertex 1.95404 -2.06673 11.7315
      vertex 2.01996 -1.98311 11.6437
      vertex 1.93964 -2.03936 11.6404
    endloop
  endfacet
  facet normal -0.654626 0.689222 0.310545
    outer loop
      vertex 1.95404 -2.06673 11.7315
      vertex 1.93964 -2.03936 11.6404
      vertex 1.8672 -2.10519 11.6338
    endloop
  endfacet
  facet normal 0.6829 0.404879 0.608047
    outer loop
      vertex 2.92653 -2.26147 11.8631
      vertex 2.86895 -2.28029 11.9403
      vertex 2.95186 -2.3096 11.8667
    endloop
  endfacet
  facet normal 0.465991 0.420113 0.778689
    outer loop
      vertex 2.76966 -2.24057 11.9947
      vertex 2.69358 -2.26313 12.0524
      vertex 2.73084 -2.33393 12.0683
    endloop
  endfacet
  facet normal -0.0201455 0.857966 0.513311
    outer loop
      vertex 2.44505 -1.97327 11.8595
      vertex 2.42228 -1.93001 11.7863
      vertex 2.35097 -1.98912 11.8823
    endloop
  endfacet
  facet normal 0.473317 0.615594 0.630091
    outer loop
      vertex 2.70633 -2.12021 11.9383
      vertex 2.9447 -1.83112 11.4768
      vertex 2.94487 -1.8247 11.4704
    endloop
  endfacet
  facet normal 0.474909 0.614334 0.630123
    outer loop
      vertex 2.9447 -1.83112 11.4768
      vertex 2.70633 -2.12021 11.9383
      vertex 2.78387 -2.11861 11.8783
    endloop
  endfacet
  facet normal 0.476575 0.613195 0.629975
    outer loop
      vertex 2.94894 -1.85599 11.4978
      vertex 2.9447 -1.83112 11.4768
      vertex 2.78387 -2.11861 11.8783
    endloop
  endfacet
  facet normal -0.149842 0.284729 0.946825
    outer loop
      vertex 2.31004 -2.32371 12.1414
      vertex 2.26639 -2.45143 12.1729
      vertex 2.35321 -2.40574 12.1729
    endloop
  endfacet
  facet normal -0.149803 0.284718 0.946834
    outer loop
      vertex 2.26639 -2.45143 12.1729
      vertex 2.31004 -2.32371 12.1414
      vertex 2.22322 -2.36939 12.1414
    endloop
  endfacet
  facet normal -0.319743 0.32769 0.889035
    outer loop
      vertex 2.13943 -2.41902 12.1296
      vertex 2.18234 -2.29169 12.0981
      vertex 2.09924 -2.34266 12.087
    endloop
  endfacet
  facet normal 0.199817 0.441179 0.874891
    outer loop
      vertex 2.61248 -2.29146 12.0997
      vertex 2.48678 -2.24722 12.1061
      vertex 2.52775 -2.32507 12.136
    endloop
  endfacet
  facet normal -0.0330221 0.343095 0.93872
    outer loop
      vertex 2.44083 -2.36338 12.1605
      vertex 2.31004 -2.32371 12.1414
      vertex 2.35321 -2.40574 12.1729
    endloop
  endfacet
  facet normal -0.419877 0.517466 0.745609
    outer loop
      vertex 2.14443 -2.21966 12.0437
      vertex 2.11016 -2.15453 11.9792
      vertex 2.0283 -2.20784 11.9701
    endloop
  endfacet
  facet normal -0.25873 0.491745 0.831412
    outer loop
      vertex 2.23125 -2.17398 12.0437
      vertex 2.18234 -2.29169 12.0981
      vertex 2.26916 -2.24601 12.0981
    endloop
  endfacet
  facet normal -0.25873 0.491745 0.831412
    outer loop
      vertex 2.18234 -2.29169 12.0981
      vertex 2.23125 -2.17398 12.0437
      vertex 2.14443 -2.21966 12.0437
    endloop
  endfacet
  facet normal 0.0908618 -0.172655 0.980782
    outer loop
      vertex 2.4889 -2.6636 12.192
      vertex 2.44679 -2.79426 12.1729
      vertex 2.53361 -2.74857 12.1729
    endloop
  endfacet
  facet normal 0.0908618 -0.172655 0.980782
    outer loop
      vertex 2.44679 -2.79426 12.1729
      vertex 2.4889 -2.6636 12.192
      vertex 2.40208 -2.70929 12.192
    endloop
  endfacet
  facet normal 0.476745 -0.0851326 0.87491
    outer loop
      vertex 2.73991 -2.72825 12.1061
      vertex 2.77463 -2.59959 12.0997
      vertex 2.69894 -2.6504 12.136
    endloop
  endfacet
  facet normal -0.0908618 0.172655 0.980782
    outer loop
      vertex 2.35321 -2.40574 12.1729
      vertex 2.3111 -2.5364 12.192
      vertex 2.39792 -2.49071 12.192
    endloop
  endfacet
  facet normal -0.0908618 0.172655 0.980782
    outer loop
      vertex 2.3111 -2.5364 12.192
      vertex 2.35321 -2.40574 12.1729
      vertex 2.26639 -2.45143 12.1729
    endloop
  endfacet
  facet normal 0.146734 0.539997 0.828778
    outer loop
      vertex 2.57368 -2.21773 12.0715
      vertex 2.53694 -2.14789 12.0325
      vertex 2.48678 -2.24722 12.1061
    endloop
  endfacet
  facet normal 0.17647 0.737691 0.651667
    outer loop
      vertex 2.59196 -2.07001 11.9447
      vertex 2.5634 -2.01574 11.891
      vertex 2.50287 -2.08315 11.9837
    endloop
  endfacet
  facet normal 0.362641 0.38226 0.849923
    outer loop
      vertex 2.73084 -2.33393 12.0683
      vertex 2.61248 -2.29146 12.0997
      vertex 2.65267 -2.36783 12.1169
    endloop
  endfacet
  facet normal 0.362525 0.381724 0.850213
    outer loop
      vertex 2.69358 -2.26313 12.0524
      vertex 2.61248 -2.29146 12.0997
      vertex 2.73084 -2.33393 12.0683
    endloop
  endfacet
  facet normal 0.0890221 -0.449073 0.889049
    outer loop
      vertex 2.53085 -2.95399 12.0981
      vertex 2.4016 -2.91725 12.1296
      vertex 2.44179 -2.99362 12.087
    endloop
  endfacet
  facet normal 0.140982 -0.547802 0.824644
    outer loop
      vertex 2.53085 -2.95399 12.0981
      vertex 2.44179 -2.99362 12.087
      vertex 2.47904 -3.06442 12.0336
    endloop
  endfacet
  facet normal -0.417696 0.793704 0.442227
    outer loop
      vertex 2.12143 -1.96528 11.7364
      vertex 2.05477 -2.04928 11.8242
      vertex 2.14159 -2.00359 11.8242
    endloop
  endfacet
  facet normal -0.417607 0.79371 0.4423
    outer loop
      vertex 2.05477 -2.04928 11.8242
      vertex 2.12143 -1.96528 11.7364
      vertex 2.03461 -2.01096 11.7364
    endloop
  endfacet
  facet normal -0.29885 0.84761 0.438459
    outer loop
      vertex 2.23283 -1.96811 11.8178
      vertex 2.12143 -1.96528 11.7364
      vertex 2.14159 -2.00359 11.8242
    endloop
  endfacet
  facet normal 0.217885 0.659106 0.719796
    outer loop
      vertex 2.59196 -2.07001 11.9447
      vertex 2.50287 -2.08315 11.9837
      vertex 2.62354 -2.13003 11.9901
    endloop
  endfacet
  facet normal 0.014247 0.792496 0.609711
    outer loop
      vertex 2.44505 -1.97327 11.8595
      vertex 2.35097 -1.98912 11.8823
      vertex 2.47206 -2.02461 11.9256
    endloop
  endfacet
  facet normal -0.174873 0.887018 0.427339
    outer loop
      vertex 2.32693 -1.94344 11.8051
      vertex 2.3078 -1.90708 11.7218
      vertex 2.23283 -1.96811 11.8178
    endloop
  endfacet
  facet normal -0.145445 0.831102 0.536763
    outer loop
      vertex 2.32693 -1.94344 11.8051
      vertex 2.23283 -1.96811 11.8178
      vertex 2.25773 -2.01542 11.8978
    endloop
  endfacet
  facet normal 0.689295 0.206825 0.694331
    outer loop
      vertex 2.95861 -2.45068 11.9277
      vertex 2.92907 -2.39453 11.9403
      vertex 2.90558 -2.49887 11.9947
    endloop
  endfacet
  facet normal 0.731064 0.127449 0.6703
    outer loop
      vertex 2.98713 -2.50488 11.9069
      vertex 2.95861 -2.45068 11.9277
      vertex 2.90558 -2.49887 11.9947
    endloop
  endfacet
  facet normal 0.77532 0.043324 0.630081
    outer loop
      vertex 2.96891 -2.61922 11.9383
      vertex 3.32408 -2.56889 11.4978
      vertex 3.01415 -2.55622 11.8783
    endloop
  endfacet
  facet normal 0.775139 0.0453127 0.630163
    outer loop
      vertex 3.32408 -2.56889 11.4978
      vertex 2.96891 -2.61922 11.9383
      vertex 3.34218 -2.58647 11.4768
    endloop
  endfacet
  facet normal 0.775499 0.0400234 0.630079
    outer loop
      vertex 3.34218 -2.58647 11.4768
      vertex 2.96891 -2.61922 11.9383
      vertex 3.34756 -2.58996 11.4704
    endloop
  endfacet
  facet normal 0.77057 0.0516643 0.635258
    outer loop
      vertex 3.01415 -2.55622 11.8783
      vertex 2.98713 -2.50488 11.9069
      vertex 2.96891 -2.61922 11.9383
    endloop
  endfacet
  facet normal -0.440917 0.838012 0.321446
    outer loop
      vertex 2.10678 -1.93743 11.6437
      vertex 2.03461 -2.01096 11.7364
      vertex 2.12143 -1.96528 11.7364
    endloop
  endfacet
  facet normal -0.440917 0.838012 0.321446
    outer loop
      vertex 2.03461 -2.01096 11.7364
      vertex 2.10678 -1.93743 11.6437
      vertex 2.01996 -1.98311 11.6437
    endloop
  endfacet
  facet normal -0.21267 0.958767 0.188513
    outer loop
      vertex 2.28545 -1.86462 11.5427
      vertex 2.18987 -1.88647 11.546
      vertex 2.29389 -1.88066 11.6338
    endloop
  endfacet
  facet normal -0.337515 0.921225 0.193464
    outer loop
      vertex 2.18987 -1.88647 11.546
      vertex 2.09788 -1.92053 11.5477
      vertex 2.10678 -1.93743 11.6437
    endloop
  endfacet
  facet normal -0.337638 0.921204 -0.193349
    outer loop
      vertex 2.10678 -1.93743 11.2563
      vertex 2.18987 -1.88647 11.354
      vertex 2.19861 -1.90308 11.2596
    endloop
  endfacet
  facet normal -0.499178 0.668876 -0.550842
    outer loop
      vertex 1.99876 -2.15169 11.0022
      vertex 1.97386 -2.10439 11.0822
      vertex 2.0801 -2.09741 10.9944
    endloop
  endfacet
  facet normal -0.49917 0.66889 -0.550831
    outer loop
      vertex 1.97386 -2.10439 11.0822
      vertex 2.05477 -2.04928 11.0758
      vertex 2.0801 -2.09741 10.9944
    endloop
  endfacet
  facet normal -0.23158 0.720442 -0.653708
    outer loop
      vertex 2.19698 -2.10884 10.9208
      vertex 2.16692 -2.05172 10.9944
      vertex 2.28727 -2.07156 10.9299
    endloop
  endfacet
  facet normal -0.387225 0.735804 -0.555561
    outer loop
      vertex 2.0801 -2.09741 10.9944
      vertex 2.14159 -2.00359 11.0758
      vertex 2.16692 -2.05172 10.9944
    endloop
  endfacet
  facet normal -0.387225 0.735804 -0.555561
    outer loop
      vertex 2.14159 -2.00359 11.0758
      vertex 2.0801 -2.09741 10.9944
      vertex 2.05477 -2.04928 11.0758
    endloop
  endfacet
  facet normal -0.268644 0.790203 -0.550826
    outer loop
      vertex 2.16692 -2.05172 10.9944
      vertex 2.14159 -2.00359 11.0758
      vertex 2.23283 -1.96811 11.0822
    endloop
  endfacet
  facet normal -0.111631 0.762299 -0.637525
    outer loop
      vertex 2.28727 -2.07156 10.9299
      vertex 2.25773 -2.01542 11.0022
      vertex 3.05212 -1.69185 11.25
    endloop
  endfacet
  facet normal -0.107459 0.758401 -0.642869
    outer loop
      vertex 2.37949 -2.04332 10.9478
      vertex 2.28727 -2.07156 10.9299
      vertex 3.05212 -1.69185 11.25
    endloop
  endfacet
  facet normal 0.237886 -0.9526 -0.189638
    outer loop
      vertex 2.61013 -3.31353 11.354
      vertex 1.74788 -3.50815 11.25
      vertex 2.60139 -3.29692 11.2596
    endloop
  endfacet
  facet normal 0.231461 -0.921017 -0.313296
    outer loop
      vertex 2.60139 -3.29692 11.2596
      vertex 1.74788 -3.50815 11.25
      vertex 2.58699 -3.26955 11.1685
    endloop
  endfacet
  facet normal 0.456756 -0.867926 0.195136
    outer loop
      vertex 2.70212 -3.27947 11.5477
      vertex 2.78004 -3.21688 11.6437
      vertex 2.69322 -3.26257 11.6437
    endloop
  endfacet
  facet normal 0.45667 -0.867952 0.195223
    outer loop
      vertex 2.78004 -3.21688 11.6437
      vertex 2.70212 -3.27947 11.5477
      vertex 2.78894 -3.23379 11.5477
    endloop
  endfacet
  facet normal 0.34543 -0.9362 0.0648619
    outer loop
      vertex 2.7051 -3.28514 11.45
      vertex 2.61013 -3.31353 11.546
      vertex 2.61306 -3.3191 11.45
    endloop
  endfacet
  facet normal 0.220351 -0.973371 0.0632011
    outer loop
      vertex 2.61013 -3.31353 11.546
      vertex 2.51738 -3.34076 11.45
      vertex 2.61306 -3.3191 11.45
    endloop
  endfacet
  facet normal 0.499149 -0.66893 -0.550802
    outer loop
      vertex 2.7199 -3.10259 10.9944
      vertex 2.80125 -3.04831 11.0022
      vertex 2.82614 -3.09561 11.0822
    endloop
  endfacet
  facet normal 0.387225 -0.735804 -0.555561
    outer loop
      vertex 2.7199 -3.10259 10.9944
      vertex 2.65841 -3.19641 11.0758
      vertex 2.63308 -3.14828 10.9944
    endloop
  endfacet
  facet normal 0.387225 -0.735804 -0.555561
    outer loop
      vertex 2.65841 -3.19641 11.0758
      vertex 2.7199 -3.10259 10.9944
      vertex 2.74523 -3.15072 11.0758
    endloop
  endfacet
  facet normal 0.552507 -0.770203 -0.318627
    outer loop
      vertex 2.76539 -3.18904 11.1636
      vertex 2.84596 -3.13327 11.1685
      vertex 2.78004 -3.21688 11.2563
    endloop
  endfacet
  facet normal 0.440917 -0.838012 -0.321446
    outer loop
      vertex 2.76539 -3.18904 11.1636
      vertex 2.69322 -3.26257 11.2563
      vertex 2.67857 -3.23472 11.1636
    endloop
  endfacet
  facet normal 0.441005 -0.837997 -0.321365
    outer loop
      vertex 2.69322 -3.26257 11.2563
      vertex 2.76539 -3.18904 11.1636
      vertex 2.78004 -3.21688 11.2563
    endloop
  endfacet
  facet normal 0.197492 -0.929869 0.310389
    outer loop
      vertex 2.58699 -3.26955 11.7315
      vertex 2.4922 -3.29292 11.7218
      vertex 2.50611 -3.31934 11.6338
    endloop
  endfacet
  facet normal 0.19729 -0.929858 0.310551
    outer loop
      vertex 2.60139 -3.29692 11.6404
      vertex 2.58699 -3.26955 11.7315
      vertex 2.50611 -3.31934 11.6338
    endloop
  endfacet
  facet normal 0.566642 -0.522984 0.636714
    outer loop
      vertex 2.87572 -2.98635 11.8823
      vertex 2.8472 -2.93215 11.9522
      vertex 2.7717 -2.99216 11.9701
    endloop
  endfacet
  facet normal 0.707702 -0.273863 0.651273
    outer loop
      vertex 2.97408 -2.79619 11.891
      vertex 2.88424 -2.8079 11.9837
      vertex 2.91505 -2.86645 11.9256
    endloop
  endfacet
  facet normal -0.621916 0.360897 0.694963
    outer loop
      vertex 1.98532 -2.32966 12.0134
      vertex 1.9528 -2.26785 11.9522
      vertex 1.88495 -2.33355 11.9256
    endloop
  endfacet
  facet normal -0.632029 0.646475 0.427329
    outer loop
      vertex 1.97386 -2.10439 11.8178
      vertex 1.88111 -2.13161 11.7218
      vertex 1.90024 -2.16797 11.8051
    endloop
  endfacet
  facet normal -0.657214 -0.0566654 0.751571
    outer loop
      vertex 1.9561 -2.65121 12.0524
      vertex 1.92013 -2.58285 12.0261
      vertex 1.89442 -2.70113 11.9947
    endloop
  endfacet
  facet normal -0.528382 0.183968 0.828836
    outer loop
      vertex 2.06009 -2.47175 12.1061
      vertex 2.02129 -2.39802 12.065
      vertex 1.94983 -2.45684 12.0325
    endloop
  endfacet
  facet normal -0.656487 -0.0569853 0.752182
    outer loop
      vertex 1.89442 -2.70113 11.9947
      vertex 1.92013 -2.58285 12.0261
      vertex 1.8619 -2.63932 11.971
    endloop
  endfacet
  facet normal -0.707702 0.273863 0.651273
    outer loop
      vertex 1.91576 -2.3921 11.9837
      vertex 1.88495 -2.33355 11.9256
      vertex 1.82592 -2.40381 11.891
    endloop
  endfacet
  facet normal 0.621916 -0.360897 0.694963
    outer loop
      vertex 2.91505 -2.86645 11.9256
      vertex 2.81468 -2.87034 12.0134
      vertex 2.8472 -2.93215 11.9522
    endloop
  endfacet
  facet normal 0.524727 -0.443419 0.726664
    outer loop
      vertex 2.8472 -2.93215 11.9522
      vertex 2.81468 -2.87034 12.0134
      vertex 2.7717 -2.99216 11.9701
    endloop
  endfacet
  facet normal 0.30695 -0.583266 0.752052
    outer loop
      vertex 2.65557 -2.98034 12.0437
      vertex 2.60302 -3.09116 11.9792
      vertex 2.68984 -3.04547 11.9792
    endloop
  endfacet
  facet normal 0.306877 -0.583254 0.752091
    outer loop
      vertex 2.60302 -3.09116 11.9792
      vertex 2.65557 -2.98034 12.0437
      vertex 2.56875 -3.02602 12.0437
    endloop
  endfacet
  facet normal 0.371655 -0.426434 0.824638
    outer loop
      vertex 2.73801 -2.92814 12.0336
      vertex 2.70076 -2.85734 12.087
      vertex 2.61766 -2.9083 12.0981
    endloop
  endfacet
  facet normal 0.350135 -0.665325 0.659354
    outer loop
      vertex 2.63308 -3.14828 11.9056
      vertex 2.68984 -3.04547 11.9792
      vertex 2.60302 -3.09116 11.9792
    endloop
  endfacet
  facet normal 0.350135 -0.665325 0.659354
    outer loop
      vertex 2.68984 -3.04547 11.9792
      vertex 2.63308 -3.14828 11.9056
      vertex 2.7199 -3.10259 11.9056
    endloop
  endfacet
  facet normal 0.631999 -0.646533 0.427285
    outer loop
      vertex 2.91889 -3.06839 11.7218
      vertex 2.82614 -3.09561 11.8178
      vertex 2.84596 -3.13327 11.7315
    endloop
  endfacet
  facet normal 0.632029 -0.646475 0.427329
    outer loop
      vertex 2.91889 -3.06839 11.7218
      vertex 2.89976 -3.03203 11.8051
      vertex 2.82614 -3.09561 11.8178
    endloop
  endfacet
  facet normal 0.109289 -0.762982 0.637114
    outer loop
      vertex 2.54228 -3.18458 11.8978
      vertex 2.51273 -3.12844 11.9701
      vertex 2.44903 -3.21088 11.8823
    endloop
  endfacet
  facet normal 0.145137 -0.831046 0.536934
    outer loop
      vertex 2.54228 -3.18458 11.8978
      vertex 2.44903 -3.21088 11.8823
      vertex 2.47307 -3.25656 11.8051
    endloop
  endfacet
  facet normal -0.140709 -0.286767 0.947611
    outer loop
      vertex 2.35917 -2.83662 12.1605
      vertex 2.22982 -2.7943 12.1541
      vertex 2.27225 -2.87493 12.136
    endloop
  endfacet
  facet normal -0.146727 -0.54001 0.828771
    outer loop
      vertex 2.31322 -2.95278 12.1061
      vertex 2.22632 -2.98227 12.0715
      vertex 2.26307 -3.05211 12.0325
    endloop
  endfacet
  facet normal -0.258262 -0.0644554 0.963922
    outer loop
      vertex 2.27052 -2.66814 12.1856
      vertex 2.2258 -2.58317 12.1793
      vertex 2.14349 -2.63023 12.1541
    endloop
  endfacet
  facet normal -0.145451 -0.00319663 0.98936
    outer loop
      vertex 2.35659 -2.62284 12.1984
      vertex 2.2258 -2.58317 12.1793
      vertex 2.27052 -2.66814 12.1856
    endloop
  endfacet
  facet normal -0.366126 -0.1241 0.922253
    outer loop
      vertex 2.18666 -2.71226 12.1602
      vertex 2.14349 -2.63023 12.1541
      vertex 2.06556 -2.67677 12.1169
    endloop
  endfacet
  facet normal -0.36606 -0.123793 0.92232
    outer loop
      vertex 2.18666 -2.71226 12.1602
      vertex 2.06556 -2.67677 12.1169
      vertex 2.10645 -2.75447 12.1227
    endloop
  endfacet
  facet normal -0.140899 -0.287382 0.947396
    outer loop
      vertex 2.31523 -2.7531 12.1793
      vertex 2.22982 -2.7943 12.1541
      vertex 2.35917 -2.83662 12.1605
    endloop
  endfacet
  facet normal -0.199141 -0.176439 0.963956
    outer loop
      vertex 2.27052 -2.66814 12.1856
      vertex 2.18666 -2.71226 12.1602
      vertex 2.22982 -2.7943 12.1541
    endloop
  endfacet
  facet normal -0.571354 0.015057 0.820566
    outer loop
      vertex 2.02537 -2.60041 12.0997
      vertex 1.92013 -2.58285 12.0261
      vertex 1.9561 -2.65121 12.0524
    endloop
  endfacet
  facet normal -0.519942 -0.082635 0.850195
    outer loop
      vertex 1.99335 -2.722 12.0683
      vertex 2.02537 -2.60041 12.0997
      vertex 1.9561 -2.65121 12.0524
    endloop
  endfacet
  facet normal -0.519213 -0.530256 0.670258
    outer loop
      vertex 2.06287 -3.02124 11.971
      vertex 2.03034 -2.95943 11.9947
      vertex 1.98912 -3.03005 11.9069
    endloop
  endfacet
  facet normal -0.418712 -0.508786 0.752209
    outer loop
      vertex 2.14239 -3.00522 12.0261
      vertex 2.03034 -2.95943 11.9947
      vertex 2.06287 -3.02124 11.971
    endloop
  endfacet
  facet normal -0.685 0.728543 0
    outer loop
      vertex 1.28221 -2.6232 11.26
      vertex 1.85593 -2.08377 11.45
      vertex 1.28221 -2.6232 11.25
    endloop
  endfacet
  facet normal -0.715102 0.674111 0.184942
    outer loop
      vertex 1.8672 -2.10519 11.6338
      vertex 1.85876 -2.08915 11.5427
      vertex 1.28221 -2.6232 11.26
    endloop
  endfacet
  facet normal -0.775499 -0.0400234 0.630079
    outer loop
      vertex 1.45782 -2.61353 11.4768
      vertex 1.83109 -2.58078 11.9383
      vertex 1.45244 -2.61004 11.4704
    endloop
  endfacet
  facet normal -0.775139 -0.0453127 0.630163
    outer loop
      vertex 1.47592 -2.63111 11.4978
      vertex 1.83109 -2.58078 11.9383
      vertex 1.45782 -2.61353 11.4768
    endloop
  endfacet
  facet normal -0.77532 -0.043324 0.630081
    outer loop
      vertex 1.83109 -2.58078 11.9383
      vertex 1.47592 -2.63111 11.4978
      vertex 1.78585 -2.64378 11.8783
    endloop
  endfacet
  facet normal -0.77057 -0.0516643 0.635258
    outer loop
      vertex 1.81287 -2.69512 11.9069
      vertex 1.83109 -2.58078 11.9383
      vertex 1.78585 -2.64378 11.8783
    endloop
  endfacet
  facet normal -0.724084 0.555526 0.408771
    outer loop
      vertex 1.90024 -2.16797 11.8051
      vertex 1.88111 -2.13161 11.7218
      vertex 1.83517 -2.23895 11.7863
    endloop
  endfacet
  facet normal -0.695704 0.502458 0.513354
    outer loop
      vertex 1.92428 -2.21365 11.8823
      vertex 1.83517 -2.23895 11.7863
      vertex 1.85794 -2.28221 11.8595
    endloop
  endfacet
  facet normal -0.748791 0.527022 0.401945
    outer loop
      vertex 1.83517 -2.23895 11.7863
      vertex 1.81705 -2.20452 11.7074
      vertex 1.28221 -2.6232 11.26
    endloop
  endfacet
  facet normal -0.724129 0.55551 0.408713
    outer loop
      vertex 1.83517 -2.23895 11.7863
      vertex 1.88111 -2.13161 11.7218
      vertex 1.81705 -2.20452 11.7074
    endloop
  endfacet
  facet normal -0.529384 0.726265 0.438511
    outer loop
      vertex 1.97386 -2.10439 11.8178
      vertex 2.03461 -2.01096 11.7364
      vertex 1.95404 -2.06673 11.7315
    endloop
  endfacet
  facet normal 0.518996 0.530425 0.670292
    outer loop
      vertex 2.83941 -2.22415 11.9277
      vertex 2.81088 -2.16995 11.9069
      vertex 2.76966 -2.24057 11.9947
    endloop
  endfacet
  facet normal 0.519213 0.530256 0.670258
    outer loop
      vertex 2.81088 -2.16995 11.9069
      vertex 2.73713 -2.17876 11.971
      vertex 2.76966 -2.24057 11.9947
    endloop
  endfacet
  facet normal 0.41587 0.282426 0.864458
    outer loop
      vertex 2.76874 -2.40596 12.0736
      vertex 2.73084 -2.33393 12.0683
      vertex 2.69355 -2.44553 12.1227
    endloop
  endfacet
  facet normal 0.666647 -0.193683 0.71977
    outer loop
      vertex 2.94552 -2.74191 11.9447
      vertex 2.91394 -2.68189 11.9901
      vertex 2.88424 -2.8079 11.9837
    endloop
  endfacet
  facet normal 0.560832 0.451189 0.694187
    outer loop
      vertex 2.86895 -2.28029 11.9403
      vertex 2.76966 -2.24057 11.9947
      vertex 2.80334 -2.30459 12.0091
    endloop
  endfacet
  facet normal 0.603803 0.369686 0.706225
    outer loop
      vertex 2.89901 -2.33741 11.9445
      vertex 2.86895 -2.28029 11.9403
      vertex 2.83762 -2.36972 12.0139
    endloop
  endfacet
  facet normal -0.0682802 0.68358 0.726675
    outer loop
      vertex 2.37949 -2.04332 11.9522
      vertex 2.28727 -2.07156 11.9701
      vertex 2.41201 -2.10513 12.0134
    endloop
  endfacet
  facet normal 0.262497 0.572033 0.777093
    outer loop
      vertex 2.62354 -2.13003 11.9901
      vertex 2.53694 -2.14789 12.0325
      vertex 2.57368 -2.21773 12.0715
    endloop
  endfacet
  facet normal 0.119654 0.846592 0.518619
    outer loop
      vertex 3.01012 -1.71443 11.3066
      vertex 2.44505 -1.97327 11.8595
      vertex 2.53835 -1.96814 11.8296
    endloop
  endfacet
  facet normal 0.112012 0.851098 0.512919
    outer loop
      vertex 3.01542 -1.71115 11.3
      vertex 2.44505 -1.97327 11.8595
      vertex 3.01012 -1.71443 11.3066
    endloop
  endfacet
  facet normal 0.116615 0.848402 0.516348
    outer loop
      vertex 2.44505 -1.97327 11.8595
      vertex 3.01542 -1.71115 11.3
      vertex 3.05212 -1.69185 11.26
    endloop
  endfacet
  facet normal 0.0797873 0.868828 0.488644
    outer loop
      vertex 3.05212 -1.69185 11.26
      vertex 2.42228 -1.93001 11.7863
      vertex 2.44505 -1.97327 11.8595
    endloop
  endfacet
  facet normal -0.263299 0.22127 0.938996
    outer loop
      vertex 2.18186 -2.49966 12.1605
      vertex 2.22322 -2.36939 12.1414
      vertex 2.13943 -2.41902 12.1296
    endloop
  endfacet
  facet normal -0.319262 0.327581 0.889248
    outer loop
      vertex 2.22322 -2.36939 12.1414
      vertex 2.18234 -2.29169 12.0981
      vertex 2.13943 -2.41902 12.1296
    endloop
  endfacet
  facet normal -0.264073 0.221477 0.93873
    outer loop
      vertex 2.26639 -2.45143 12.1729
      vertex 2.22322 -2.36939 12.1414
      vertex 2.18186 -2.49966 12.1605
    endloop
  endfacet
  facet normal -0.205623 0.110382 0.972386
    outer loop
      vertex 2.3111 -2.5364 12.192
      vertex 2.26639 -2.45143 12.1729
      vertex 2.18186 -2.49966 12.1605
    endloop
  endfacet
  facet normal -0.0892076 0.448624 0.889258
    outer loop
      vertex 2.3984 -2.28275 12.1296
      vertex 2.26916 -2.24601 12.0981
      vertex 2.31004 -2.32371 12.1414
    endloop
  endfacet
  facet normal -0.205953 0.391438 0.896861
    outer loop
      vertex 2.26916 -2.24601 12.0981
      vertex 2.22322 -2.36939 12.1414
      vertex 2.31004 -2.32371 12.1414
    endloop
  endfacet
  facet normal -0.205953 0.391438 0.896861
    outer loop
      vertex 2.22322 -2.36939 12.1414
      vertex 2.26916 -2.24601 12.0981
      vertex 2.18234 -2.29169 12.0981
    endloop
  endfacet
  facet normal -0.371692 0.426411 0.824633
    outer loop
      vertex 2.18234 -2.29169 12.0981
      vertex 2.06199 -2.27186 12.0336
      vertex 2.09924 -2.34266 12.087
    endloop
  endfacet
  facet normal -0.140995 0.547796 0.824645
    outer loop
      vertex 2.35821 -2.20638 12.087
      vertex 2.32096 -2.13558 12.0336
      vertex 2.26916 -2.24601 12.0981
    endloop
  endfacet
  facet normal 0.0534678 0.717462 0.694542
    outer loop
      vertex 2.50287 -2.08315 11.9837
      vertex 2.47206 -2.02461 11.9256
      vertex 2.41201 -2.10513 12.0134
    endloop
  endfacet
  facet normal -0.462656 0.598841 0.653712
    outer loop
      vertex 2.11016 -2.15453 11.9792
      vertex 2.0801 -2.09741 11.9056
      vertex 2.0283 -2.20784 11.9701
    endloop
  endfacet
  facet normal -0.0678184 0.68438 0.725965
    outer loop
      vertex 2.41201 -2.10513 12.0134
      vertex 2.28727 -2.07156 11.9701
      vertex 2.32096 -2.13558 12.0336
    endloop
  endfacet
  facet normal 0.700914 -0.0274582 0.712717
    outer loop
      vertex 2.91394 -2.68189 11.9901
      vertex 2.93811 -2.56068 11.971
      vertex 2.87987 -2.61715 12.0261
    endloop
  endfacet
  facet normal 0.519947 0.0826264 0.850193
    outer loop
      vertex 2.8439 -2.54879 12.0524
      vertex 2.80665 -2.47799 12.0683
      vertex 2.77463 -2.59959 12.0997
    endloop
  endfacet
  facet normal 0.0304482 -0.0578577 0.99786
    outer loop
      vertex 2.44341 -2.57716 12.1984
      vertex 2.40208 -2.70929 12.192
      vertex 2.4889 -2.6636 12.192
    endloop
  endfacet
  facet normal 0.0304403 -0.0578552 0.997861
    outer loop
      vertex 2.40208 -2.70929 12.192
      vertex 2.44341 -2.57716 12.1984
      vertex 2.35659 -2.62284 12.1984
    endloop
  endfacet
  facet normal 0.140709 0.286767 0.947611
    outer loop
      vertex 2.52775 -2.32507 12.136
      vertex 2.44083 -2.36338 12.1605
      vertex 2.57018 -2.4057 12.1541
    endloop
  endfacet
  facet normal 0.0835977 0.395318 0.914732
    outer loop
      vertex 2.52775 -2.32507 12.136
      vertex 2.48678 -2.24722 12.1061
      vertex 2.44083 -2.36338 12.1605
    endloop
  endfacet
  facet normal 0.0330221 -0.343095 0.93872
    outer loop
      vertex 2.44679 -2.79426 12.1729
      vertex 2.35917 -2.83662 12.1605
      vertex 2.48996 -2.87629 12.1414
    endloop
  endfacet
  facet normal 0.0332933 -0.342331 0.938989
    outer loop
      vertex 2.48996 -2.87629 12.1414
      vertex 2.35917 -2.83662 12.1605
      vertex 2.4016 -2.91725 12.1296
    endloop
  endfacet
  facet normal -0.298888 0.84757 0.43851
    outer loop
      vertex 2.21301 -1.93045 11.7315
      vertex 2.12143 -1.96528 11.7364
      vertex 2.23283 -1.96811 11.8178
    endloop
  endfacet
  facet normal -0.17497 0.887031 0.427271
    outer loop
      vertex 2.3078 -1.90708 11.7218
      vertex 2.21301 -1.93045 11.7315
      vertex 2.23283 -1.96811 11.8178
    endloop
  endfacet
  facet normal 0.0547941 0.716944 0.694974
    outer loop
      vertex 2.47206 -2.02461 11.9256
      vertex 2.37949 -2.04332 11.9522
      vertex 2.41201 -2.10513 12.0134
    endloop
  endfacet
  facet normal 0.0985942 0.631567 0.769027
    outer loop
      vertex 2.50287 -2.08315 11.9837
      vertex 2.41201 -2.10513 12.0134
      vertex 2.53694 -2.14789 12.0325
    endloop
  endfacet
  facet normal 0.76361 0.270365 0.586347
    outer loop
      vertex 3.00208 -2.40504 11.8525
      vertex 3.26075 -2.47264 11.5468
      vertex 2.97719 -2.35773 11.8631
    endloop
  endfacet
  facet normal 0.763759 0.269025 0.586769
    outer loop
      vertex 3.26075 -2.47264 11.5468
      vertex 3.00208 -2.40504 11.8525
      vertex 3.27259 -2.49513 11.5417
    endloop
  endfacet
  facet normal 0.756818 0.264217 0.597842
    outer loop
      vertex 3.00208 -2.40504 11.8525
      vertex 2.97719 -2.35773 11.8631
      vertex 2.95861 -2.45068 11.9277
    endloop
  endfacet
  facet normal 0.528185 -0.184955 0.828741
    outer loop
      vertex 2.85017 -2.74316 12.0325
      vertex 2.81343 -2.67333 12.0715
      vertex 2.73991 -2.72825 12.1061
    endloop
  endfacet
  facet normal 0.665292 -0.19343 0.72109
    outer loop
      vertex 2.88424 -2.8079 11.9837
      vertex 2.91394 -2.68189 11.9901
      vertex 2.85017 -2.74316 12.0325
    endloop
  endfacet
  facet normal -0.456678 0.867967 0.195136
    outer loop
      vertex 2.09788 -1.92053 11.5477
      vertex 2.01996 -1.98311 11.6437
      vertex 2.10678 -1.93743 11.6437
    endloop
  endfacet
  facet normal -0.456678 0.867967 0.195136
    outer loop
      vertex 2.01996 -1.98311 11.6437
      vertex 2.09788 -1.92053 11.5477
      vertex 2.01106 -1.96621 11.5477
    endloop
  endfacet
  facet normal -0.568166 0.799846 0.19348
    outer loop
      vertex 2.01996 -1.98311 11.6437
      vertex 2.01106 -1.96621 11.5477
      vertex 1.9309 -2.02274 11.546
    endloop
  endfacet
  facet normal -0.440917 0.838012 -0.321446
    outer loop
      vertex 2.03461 -2.01096 11.1636
      vertex 2.10678 -1.93743 11.2563
      vertex 2.12143 -1.96528 11.1636
    endloop
  endfacet
  facet normal -0.440917 0.838012 -0.321446
    outer loop
      vertex 2.10678 -1.93743 11.2563
      vertex 2.03461 -2.01096 11.1636
      vertex 2.01996 -1.98311 11.2563
    endloop
  endfacet
  facet normal -0.529384 0.726265 -0.438511
    outer loop
      vertex 1.95404 -2.06673 11.1685
      vertex 2.03461 -2.01096 11.1636
      vertex 1.97386 -2.10439 11.0822
    endloop
  endfacet
  facet normal -0.419955 0.518663 -0.744732
    outer loop
      vertex 2.03768 -2.22566 10.9122
      vertex 2.0283 -2.20784 10.9299
      vertex 2.06453 -2.21153 10.9069
    endloop
  endfacet
  facet normal -0.524527 0.444911 -0.725897
    outer loop
      vertex 2.01844 -2.23578 10.9199
      vertex 2.0283 -2.20784 10.9299
      vertex 2.03768 -2.22566 10.9122
    endloop
  endfacet
  facet normal -0.606051 0.668574 -0.430943
    outer loop
      vertex 1.28221 -2.6232 11.25
      vertex 1.95404 -2.06673 11.1685
      vertex 1.97386 -2.10439 11.0822
    endloop
  endfacet
  facet normal -0.552496 0.77018 -0.318701
    outer loop
      vertex 1.95404 -2.06673 11.1685
      vertex 2.01996 -1.98311 11.2563
      vertex 2.03461 -2.01096 11.1636
    endloop
  endfacet
  facet normal -0.350135 0.665325 -0.659354
    outer loop
      vertex 2.11016 -2.15453 10.9208
      vertex 2.16692 -2.05172 10.9944
      vertex 2.19698 -2.10884 10.9208
    endloop
  endfacet
  facet normal -0.350135 0.665325 -0.659354
    outer loop
      vertex 2.16692 -2.05172 10.9944
      vertex 2.11016 -2.15453 10.9208
      vertex 2.0801 -2.09741 10.9944
    endloop
  endfacet
  facet normal -0.462656 0.598841 -0.653712
    outer loop
      vertex 2.0283 -2.20784 10.9299
      vertex 2.0801 -2.09741 10.9944
      vertex 2.11016 -2.15453 10.9208
    endloop
  endfacet
  facet normal 0.576026 -0.814861 0.0647766
    outer loop
      vertex 2.79192 -3.23945 11.45
      vertex 2.8691 -3.17726 11.546
      vertex 2.78894 -3.23379 11.5477
    endloop
  endfacet
  facet normal 0.568158 -0.799832 0.19356
    outer loop
      vertex 2.8691 -3.17726 11.546
      vertex 2.78004 -3.21688 11.6437
      vertex 2.78894 -3.23379 11.5477
    endloop
  endfacet
  facet normal 0.529368 -0.726267 -0.438526
    outer loop
      vertex 2.74523 -3.15072 11.0758
      vertex 2.82614 -3.09561 11.0822
      vertex 2.76539 -3.18904 11.1636
    endloop
  endfacet
  facet normal 0.417696 -0.793704 -0.442227
    outer loop
      vertex 2.74523 -3.15072 11.0758
      vertex 2.67857 -3.23472 11.1636
      vertex 2.65841 -3.19641 11.0758
    endloop
  endfacet
  facet normal 0.417607 -0.79371 -0.4423
    outer loop
      vertex 2.67857 -3.23472 11.1636
      vertex 2.74523 -3.15072 11.0758
      vertex 2.76539 -3.18904 11.1636
    endloop
  endfacet
  facet normal 0.268631 -0.790177 0.550869
    outer loop
      vertex 2.65841 -3.19641 11.8242
      vertex 2.54228 -3.18458 11.8978
      vertex 2.56717 -3.23189 11.8178
    endloop
  endfacet
  facet normal 0.145449 -0.83111 0.53675
    outer loop
      vertex 2.56717 -3.23189 11.8178
      vertex 2.54228 -3.18458 11.8978
      vertex 2.47307 -3.25656 11.8051
    endloop
  endfacet
  facet normal -0.621628 0.36213 0.69458
    outer loop
      vertex 1.98532 -2.32966 12.0134
      vertex 1.88495 -2.33355 11.9256
      vertex 1.91576 -2.3921 11.9837
    endloop
  endfacet
  facet normal -0.744781 0.34421 0.571683
    outer loop
      vertex 1.88495 -2.33355 11.9256
      vertex 1.85794 -2.28221 11.8595
      vertex 1.82592 -2.40381 11.891
    endloop
  endfacet
  facet normal -0.476745 0.0851326 0.87491
    outer loop
      vertex 2.10106 -2.5496 12.136
      vertex 2.06009 -2.47175 12.1061
      vertex 2.02537 -2.60041 12.0997
    endloop
  endfacet
  facet normal -0.475469 0.084752 0.87564
    outer loop
      vertex 2.02537 -2.60041 12.0997
      vertex 2.06009 -2.47175 12.1061
      vertex 1.98658 -2.52667 12.0715
    endloop
  endfacet
  facet normal 0.478782 -0.354375 0.803234
    outer loop
      vertex 2.81468 -2.87034 12.0134
      vertex 2.77871 -2.80198 12.065
      vertex 2.73801 -2.92814 12.0336
    endloop
  endfacet
  facet normal 0.52561 -0.443489 0.725983
    outer loop
      vertex 2.7717 -2.99216 11.9701
      vertex 2.81468 -2.87034 12.0134
      vertex 2.73801 -2.92814 12.0336
    endloop
  endfacet
  facet normal 0.268597 -0.790222 0.550822
    outer loop
      vertex 2.63308 -3.14828 11.9056
      vertex 2.54228 -3.18458 11.8978
      vertex 2.65841 -3.19641 11.8242
    endloop
  endfacet
  facet normal 0.387225 -0.735804 0.555561
    outer loop
      vertex 2.65841 -3.19641 11.8242
      vertex 2.7199 -3.10259 11.9056
      vertex 2.63308 -3.14828 11.9056
    endloop
  endfacet
  facet normal 0.387225 -0.735804 0.555561
    outer loop
      vertex 2.7199 -3.10259 11.9056
      vertex 2.65841 -3.19641 11.8242
      vertex 2.74523 -3.15072 11.8242
    endloop
  endfacet
  facet normal -0.199387 -0.439846 0.87566
    outer loop
      vertex 2.31322 -2.95278 12.1061
      vertex 2.18752 -2.90854 12.0997
      vertex 2.22632 -2.98227 12.0715
    endloop
  endfacet
  facet normal -0.312955 -0.478487 0.820432
    outer loop
      vertex 2.22632 -2.98227 12.0715
      vertex 2.18752 -2.90854 12.0997
      vertex 2.14239 -3.00522 12.0261
    endloop
  endfacet
  facet normal -0.309638 -0.231469 0.922251
    outer loop
      vertex 2.22982 -2.7943 12.1541
      vertex 2.18666 -2.71226 12.1602
      vertex 2.14733 -2.83217 12.1169
    endloop
  endfacet
  facet normal -0.25374 -0.337674 0.906417
    outer loop
      vertex 2.22982 -2.7943 12.1541
      vertex 2.14733 -2.83217 12.1169
      vertex 2.18752 -2.90854 12.0997
    endloop
  endfacet
  facet normal -0.37314 0.154956 0.914743
    outer loop
      vertex 2.18186 -2.49966 12.1605
      vertex 2.06009 -2.47175 12.1061
      vertex 2.10106 -2.5496 12.136
    endloop
  endfacet
  facet normal -0.620113 0.107653 0.777091
    outer loop
      vertex 1.98658 -2.52667 12.0715
      vertex 1.94983 -2.45684 12.0325
      vertex 1.88606 -2.51811 11.9901
    endloop
  endfacet
  facet normal -0.465991 -0.420113 0.778689
    outer loop
      vertex 2.10642 -2.93687 12.0524
      vertex 2.06916 -2.86607 12.0683
      vertex 2.03034 -2.95943 11.9947
    endloop
  endfacet
  facet normal -0.41887 -0.509622 0.751554
    outer loop
      vertex 2.10642 -2.93687 12.0524
      vertex 2.03034 -2.95943 11.9947
      vertex 2.14239 -3.00522 12.0261
    endloop
  endfacet
  facet normal -0.70218 0.0278514 0.711455
    outer loop
      vertex 1.8619 -2.63932 11.971
      vertex 1.88606 -2.51811 11.9901
      vertex 1.83109 -2.58078 11.9383
    endloop
  endfacet
  facet normal -0.771146 -0.0513869 0.634581
    outer loop
      vertex 1.8619 -2.63932 11.971
      vertex 1.83109 -2.58078 11.9383
      vertex 1.81287 -2.69512 11.9069
    endloop
  endfacet
  facet normal -0.695882 0.501889 0.513669
    outer loop
      vertex 1.92428 -2.21365 11.8823
      vertex 1.90024 -2.16797 11.8051
      vertex 1.83517 -2.23895 11.7863
    endloop
  endfacet
  facet normal -0.602758 0.590232 0.536944
    outer loop
      vertex 1.99876 -2.15169 11.8978
      vertex 1.90024 -2.16797 11.8051
      vertex 1.92428 -2.21365 11.8823
    endloop
  endfacet
  facet normal -0.529368 0.726267 0.438526
    outer loop
      vertex 2.05477 -2.04928 11.8242
      vertex 2.03461 -2.01096 11.7364
      vertex 1.97386 -2.10439 11.8178
    endloop
  endfacet
  facet normal -0.499166 0.668883 0.550843
    outer loop
      vertex 1.99876 -2.15169 11.8978
      vertex 2.05477 -2.04928 11.8242
      vertex 1.97386 -2.10439 11.8178
    endloop
  endfacet
  facet normal 0.562036 0.237337 0.79233
    outer loop
      vertex 2.87189 -2.43485 12.0091
      vertex 2.83762 -2.36972 12.0139
      vertex 2.80665 -2.47799 12.0683
    endloop
  endfacet
  facet normal 0.561887 0.23742 0.79241
    outer loop
      vertex 2.80665 -2.47799 12.0683
      vertex 2.83762 -2.36972 12.0139
      vertex 2.76874 -2.40596 12.0736
    endloop
  endfacet
  facet normal 0.312955 0.478487 0.820432
    outer loop
      vertex 2.65761 -2.19478 12.0261
      vertex 2.57368 -2.21773 12.0715
      vertex 2.61248 -2.29146 12.0997
    endloop
  endfacet
  facet normal 0.199387 0.439846 0.87566
    outer loop
      vertex 2.57368 -2.21773 12.0715
      vertex 2.48678 -2.24722 12.1061
      vertex 2.61248 -2.29146 12.0997
    endloop
  endfacet
  facet normal 0.513882 0.328866 0.792321
    outer loop
      vertex 2.80334 -2.30459 12.0091
      vertex 2.73084 -2.33393 12.0683
      vertex 2.83762 -2.36972 12.0139
    endloop
  endfacet
  facet normal 0.682985 0.404165 0.608426
    outer loop
      vertex 2.95186 -2.3096 11.8667
      vertex 2.86895 -2.28029 11.9403
      vertex 2.89901 -2.33741 11.9445
    endloop
  endfacet
  facet normal 0.479013 0.60586 0.635201
    outer loop
      vertex 2.78387 -2.11861 11.8783
      vertex 2.70633 -2.12021 11.9383
      vertex 2.81088 -2.16995 11.9069
    endloop
  endfacet
  facet normal 0.486603 0.605966 0.629303
    outer loop
      vertex 2.78387 -2.11861 11.8783
      vertex 2.95712 -1.88013 11.5147
      vertex 2.94904 -1.85661 11.4983
    endloop
  endfacet
  facet normal 0.510267 0.588246 0.627371
    outer loop
      vertex 2.78387 -2.11861 11.8783
      vertex 2.94904 -1.85661 11.4983
      vertex 2.94894 -1.85599 11.4978
    endloop
  endfacet
  facet normal 0.486133 0.606329 0.629317
    outer loop
      vertex 2.95712 -1.88013 11.5147
      vertex 2.78387 -2.11861 11.8783
      vertex 2.81088 -2.16995 11.9069
    endloop
  endfacet
  facet normal 0.332737 0.673982 0.659572
    outer loop
      vertex 2.70633 -2.12021 11.9383
      vertex 2.59196 -2.07001 11.9447
      vertex 2.62354 -2.13003 11.9901
    endloop
  endfacet
  facet normal 0.389203 0.67622 0.625498
    outer loop
      vertex 2.94487 -1.8247 11.4704
      vertex 2.67777 -2.06594 11.8974
      vertex 2.70633 -2.12021 11.9383
    endloop
  endfacet
  facet normal 0.388903 0.676447 0.625438
    outer loop
      vertex 2.94377 -1.80724 11.4522
      vertex 2.67777 -2.06594 11.8974
      vertex 2.94487 -1.8247 11.4704
    endloop
  endfacet
  facet normal 0.381876 0.681563 0.624213
    outer loop
      vertex 2.67777 -2.06594 11.8974
      vertex 2.94377 -1.80724 11.4522
      vertex 2.94537 -1.79852 11.4417
    endloop
  endfacet
  facet normal 0.41887 0.509622 0.751554
    outer loop
      vertex 2.76966 -2.24057 11.9947
      vertex 2.65761 -2.19478 12.0261
      vertex 2.69358 -2.26313 12.0524
    endloop
  endfacet
  facet normal 0.418712 0.508786 0.752209
    outer loop
      vertex 2.73713 -2.17876 11.971
      vertex 2.65761 -2.19478 12.0261
      vertex 2.76966 -2.24057 11.9947
    endloop
  endfacet
  facet normal 0.138458 0.809267 0.570891
    outer loop
      vertex 2.53835 -1.96814 11.8296
      vertex 2.44505 -1.97327 11.8595
      vertex 2.5634 -2.01574 11.891
    endloop
  endfacet
  facet normal 0.17979 0.81161 0.555845
    outer loop
      vertex 2.96699 -1.74826 11.3699
      vertex 2.53835 -1.96814 11.8296
      vertex 2.5634 -2.01574 11.891
    endloop
  endfacet
  facet normal 0.180793 0.81096 0.556469
    outer loop
      vertex 2.96909 -1.74516 11.3647
      vertex 2.53835 -1.96814 11.8296
      vertex 2.96699 -1.74826 11.3699
    endloop
  endfacet
  facet normal 0.17825 0.812598 0.554898
    outer loop
      vertex 2.98883 -1.72757 11.3326
      vertex 2.53835 -1.96814 11.8296
      vertex 2.96909 -1.74516 11.3647
    endloop
  endfacet
  facet normal 0.195377 0.801566 0.565083
    outer loop
      vertex 2.53835 -1.96814 11.8296
      vertex 2.98883 -1.72757 11.3326
      vertex 3.01012 -1.71443 11.3066
    endloop
  endfacet
  facet normal -0.373364 0.154085 0.914799
    outer loop
      vertex 2.18186 -2.49966 12.1605
      vertex 2.13943 -2.41902 12.1296
      vertex 2.06009 -2.47175 12.1061
    endloop
  endfacet
  facet normal -0.428001 0.257962 0.866182
    outer loop
      vertex 2.13943 -2.41902 12.1296
      vertex 2.09924 -2.34266 12.087
      vertex 2.06009 -2.47175 12.1061
    endloop
  endfacet
  facet normal -0.371441 0.427114 0.824382
    outer loop
      vertex 2.18234 -2.29169 12.0981
      vertex 2.14443 -2.21966 12.0437
      vertex 2.06199 -2.27186 12.0336
    endloop
  endfacet
  facet normal 0.0296596 0.498548 0.866354
    outer loop
      vertex 2.44798 -2.17349 12.065
      vertex 2.35821 -2.20638 12.087
      vertex 2.48678 -2.24722 12.1061
    endloop
  endfacet
  facet normal -0.0210629 0.594942 0.803492
    outer loop
      vertex 2.44798 -2.17349 12.065
      vertex 2.32096 -2.13558 12.0336
      vertex 2.35821 -2.20638 12.087
    endloop
  endfacet
  facet normal -0.110124 0.763199 0.636711
    outer loop
      vertex 2.37949 -2.04332 11.9522
      vertex 2.35097 -1.98912 11.8823
      vertex 2.28727 -2.07156 11.9701
    endloop
  endfacet
  facet normal -0.109303 0.762986 0.637107
    outer loop
      vertex 2.35097 -1.98912 11.8823
      vertex 2.25773 -2.01542 11.8978
      vertex 2.28727 -2.07156 11.9701
    endloop
  endfacet
  facet normal -0.387225 0.735804 0.555561
    outer loop
      vertex 2.14159 -2.00359 11.8242
      vertex 2.0801 -2.09741 11.9056
      vertex 2.16692 -2.05172 11.9056
    endloop
  endfacet
  facet normal -0.387225 0.735804 0.555561
    outer loop
      vertex 2.0801 -2.09741 11.9056
      vertex 2.14159 -2.00359 11.8242
      vertex 2.05477 -2.04928 11.8242
    endloop
  endfacet
  facet normal -0.268572 0.790232 0.55082
    outer loop
      vertex 2.25773 -2.01542 11.8978
      vertex 2.14159 -2.00359 11.8242
      vertex 2.16692 -2.05172 11.9056
    endloop
  endfacet
  facet normal -0.23158 0.720442 0.653708
    outer loop
      vertex 2.28727 -2.07156 11.9701
      vertex 2.16692 -2.05172 11.9056
      vertex 2.19698 -2.10884 11.9792
    endloop
  endfacet
  facet normal 0.145486 0.00331173 0.989355
    outer loop
      vertex 2.5742 -2.61683 12.1793
      vertex 2.44341 -2.57716 12.1984
      vertex 2.4889 -2.6636 12.192
    endloop
  endfacet
  facet normal 0.145445 0.00317627 0.989361
    outer loop
      vertex 2.5742 -2.61683 12.1793
      vertex 2.52949 -2.53186 12.1856
      vertex 2.44341 -2.57716 12.1984
    endloop
  endfacet
  facet normal 0.149803 -0.284718 0.946834
    outer loop
      vertex 2.53361 -2.74857 12.1729
      vertex 2.48996 -2.87629 12.1414
      vertex 2.57678 -2.83061 12.1414
    endloop
  endfacet
  facet normal 0.149842 -0.284729 0.946825
    outer loop
      vertex 2.48996 -2.87629 12.1414
      vertex 2.53361 -2.74857 12.1729
      vertex 2.44679 -2.79426 12.1729
    endloop
  endfacet
  facet normal 0.319276 -0.327607 0.889234
    outer loop
      vertex 2.61766 -2.9083 12.0981
      vertex 2.66057 -2.78098 12.1296
      vertex 2.57678 -2.83061 12.1414
    endloop
  endfacet
  facet normal 0.0851298 0.118038 0.989353
    outer loop
      vertex 2.48477 -2.4469 12.1793
      vertex 2.39792 -2.49071 12.192
      vertex 2.44341 -2.57716 12.1984
    endloop
  endfacet
  facet normal 0.0849716 0.11809 0.989361
    outer loop
      vertex 2.52949 -2.53186 12.1856
      vertex 2.48477 -2.4469 12.1793
      vertex 2.44341 -2.57716 12.1984
    endloop
  endfacet
  facet normal 0.206024 -0.391441 0.896843
    outer loop
      vertex 2.57678 -2.83061 12.1414
      vertex 2.53085 -2.95399 12.0981
      vertex 2.61766 -2.9083 12.0981
    endloop
  endfacet
  facet normal 0.205945 -0.391421 0.89687
    outer loop
      vertex 2.53085 -2.95399 12.0981
      vertex 2.57678 -2.83061 12.1414
      vertex 2.48996 -2.87629 12.1414
    endloop
  endfacet
  facet normal 0.264225 0.571126 0.777175
    outer loop
      vertex 2.65761 -2.19478 12.0261
      vertex 2.62354 -2.13003 11.9901
      vertex 2.57368 -2.21773 12.0715
    endloop
  endfacet
  facet normal 0.374334 0.593224 0.712713
    outer loop
      vertex 2.73713 -2.17876 11.971
      vertex 2.62354 -2.13003 11.9901
      vertex 2.65761 -2.19478 12.0261
    endloop
  endfacet
  facet normal 0.528382 -0.183968 0.828836
    outer loop
      vertex 2.85017 -2.74316 12.0325
      vertex 2.73991 -2.72825 12.1061
      vertex 2.77871 -2.80198 12.065
    endloop
  endfacet
  facet normal 0.620144 -0.107708 0.777059
    outer loop
      vertex 2.91394 -2.68189 11.9901
      vertex 2.81343 -2.67333 12.0715
      vertex 2.85017 -2.74316 12.0325
    endloop
  endfacet
  facet normal 0.657214 0.0566654 0.751571
    outer loop
      vertex 2.87987 -2.61715 12.0261
      vertex 2.90558 -2.49887 11.9947
      vertex 2.8439 -2.54879 12.0524
    endloop
  endfacet
  facet normal 0.571354 -0.015057 0.820566
    outer loop
      vertex 2.87987 -2.61715 12.0261
      vertex 2.8439 -2.54879 12.0524
      vertex 2.77463 -2.59959 12.0997
    endloop
  endfacet
  facet normal -0.321998 0.89148 0.318716
    outer loop
      vertex 2.21301 -1.93045 11.7315
      vertex 2.10678 -1.93743 11.6437
      vertex 2.12143 -1.96528 11.7364
    endloop
  endfacet
  facet normal -0.337638 0.921204 0.193349
    outer loop
      vertex 2.19861 -1.90308 11.6404
      vertex 2.18987 -1.88647 11.546
      vertex 2.10678 -1.93743 11.6437
    endloop
  endfacet
  facet normal -0.417696 0.793704 -0.442227
    outer loop
      vertex 2.05477 -2.04928 11.0758
      vertex 2.12143 -1.96528 11.1636
      vertex 2.14159 -2.00359 11.0758
    endloop
  endfacet
  facet normal -0.417607 0.79371 -0.4423
    outer loop
      vertex 2.12143 -1.96528 11.1636
      vertex 2.05477 -2.04928 11.0758
      vertex 2.03461 -2.01096 11.1636
    endloop
  endfacet
  facet normal -0.568166 0.799846 -0.19348
    outer loop
      vertex 1.9309 -2.02274 11.354
      vertex 2.01106 -1.96621 11.3523
      vertex 2.01996 -1.98311 11.2563
    endloop
  endfacet
  facet normal -0.552475 0.770187 -0.318723
    outer loop
      vertex 1.93964 -2.03936 11.2596
      vertex 2.01996 -1.98311 11.2563
      vertex 1.95404 -2.06673 11.1685
    endloop
  endfacet
  facet normal -0.345436 0.936198 0.0648684
    outer loop
      vertex 2.18987 -1.88647 11.546
      vertex 2.0949 -1.91486 11.45
      vertex 2.09788 -1.92053 11.5477
    endloop
  endfacet
  facet normal -0.34543 0.9362 0.0648619
    outer loop
      vertex 2.18694 -1.8809 11.45
      vertex 2.0949 -1.91486 11.45
      vertex 2.18987 -1.88647 11.546
    endloop
  endfacet
  facet normal -0.548395 0.419905 -0.723147
    outer loop
      vertex 1.28221 -2.6232 11.25
      vertex 1.9528 -2.26785 10.9478
      vertex 1.95382 -2.26979 10.9459
    endloop
  endfacet
  facet normal -0.524509 0.438802 -0.729619
    outer loop
      vertex 1.9528 -2.26785 10.9478
      vertex 2.01844 -2.23578 10.9199
      vertex 1.95382 -2.26979 10.9459
    endloop
  endfacet
  facet normal -0.5256 0.444993 -0.72507
    outer loop
      vertex 2.01844 -2.23578 10.9199
      vertex 1.9528 -2.26785 10.9478
      vertex 2.0283 -2.20784 10.9299
    endloop
  endfacet
  facet normal -0.462322 0.598829 -0.653959
    outer loop
      vertex 1.99876 -2.15169 11.0022
      vertex 2.0801 -2.09741 10.9944
      vertex 2.0283 -2.20784 10.9299
    endloop
  endfacet
  facet normal -0.419827 0.517849 -0.745371
    outer loop
      vertex 2.06453 -2.21153 10.9069
      vertex 2.11016 -2.15453 10.9208
      vertex 2.12375 -2.18036 10.8952
    endloop
  endfacet
  facet normal -0.420197 0.518058 -0.745017
    outer loop
      vertex 2.11016 -2.15453 10.9208
      vertex 2.06453 -2.21153 10.9069
      vertex 2.0283 -2.20784 10.9299
    endloop
  endfacet
  facet normal -0.775261 0.182569 0.604681
    outer loop
      vertex 1.40828 -2.58682 11.4108
      vertex 1.82592 -2.40381 11.891
      vertex 1.39711 -2.58424 11.3957
    endloop
  endfacet
  facet normal -0.775483 0.191356 0.601672
    outer loop
      vertex 1.39711 -2.58424 11.3957
      vertex 1.82592 -2.40381 11.891
      vertex 1.37691 -2.58498 11.3699
    endloop
  endfacet
  facet normal -0.775455 0.188237 0.602691
    outer loop
      vertex 1.82592 -2.40381 11.891
      vertex 1.40828 -2.58682 11.4108
      vertex 1.85448 -2.45809 11.9447
    endloop
  endfacet
  facet normal -0.77585 0.173906 0.606476
    outer loop
      vertex 1.41886 -2.58914 11.425
      vertex 1.85448 -2.45809 11.9447
      vertex 1.40828 -2.58682 11.4108
    endloop
  endfacet
  facet normal -0.775961 0.165195 0.608765
    outer loop
      vertex 1.43058 -2.59563 11.4417
      vertex 1.85448 -2.45809 11.9447
      vertex 1.41886 -2.58914 11.425
    endloop
  endfacet
  facet normal -0.775958 0.169081 0.607701
    outer loop
      vertex 1.85448 -2.45809 11.9447
      vertex 1.43058 -2.59563 11.4417
      vertex 1.80253 -2.5265 11.8974
    endloop
  endfacet
  facet normal -0.520395 -0.0824487 0.849936
    outer loop
      vertex 2.06556 -2.67677 12.1169
      vertex 2.02537 -2.60041 12.0997
      vertex 1.99335 -2.722 12.0683
    endloop
  endfacet
  facet normal -0.42198 -0.0179256 0.906428
    outer loop
      vertex 2.14349 -2.63023 12.1541
      vertex 2.02537 -2.60041 12.0997
      vertex 2.06556 -2.67677 12.1169
    endloop
  endfacet
  facet normal 0.371424 -0.427082 0.824406
    outer loop
      vertex 2.73801 -2.92814 12.0336
      vertex 2.61766 -2.9083 12.0981
      vertex 2.65557 -2.98034 12.0437
    endloop
  endfacet
  facet normal 0.25871 -0.491708 0.83144
    outer loop
      vertex 2.61766 -2.9083 12.0981
      vertex 2.56875 -3.02602 12.0437
      vertex 2.65557 -2.98034 12.0437
    endloop
  endfacet
  facet normal 0.258808 -0.491729 0.831397
    outer loop
      vertex 2.56875 -3.02602 12.0437
      vertex 2.61766 -2.9083 12.0981
      vertex 2.53085 -2.95399 12.0981
    endloop
  endfacet
  facet normal 0.576403 -0.27634 0.769022
    outer loop
      vertex 2.88424 -2.8079 11.9837
      vertex 2.85017 -2.74316 12.0325
      vertex 2.81468 -2.87034 12.0134
    endloop
  endfacet
  facet normal 0.577057 -0.276443 0.768495
    outer loop
      vertex 2.81468 -2.87034 12.0134
      vertex 2.85017 -2.74316 12.0325
      vertex 2.77871 -2.80198 12.065
    endloop
  endfacet
  facet normal -0.0985983 -0.631558 0.769033
    outer loop
      vertex 2.38799 -3.09487 12.0134
      vertex 2.26307 -3.05211 12.0325
      vertex 2.29713 -3.11685 11.9837
    endloop
  endfacet
  facet normal -0.0988715 -0.632131 0.768528
    outer loop
      vertex 2.35202 -3.02651 12.065
      vertex 2.26307 -3.05211 12.0325
      vertex 2.38799 -3.09487 12.0134
    endloop
  endfacet
  facet normal -0.571592 0.0130755 0.820434
    outer loop
      vertex 2.02537 -2.60041 12.0997
      vertex 1.98658 -2.52667 12.0715
      vertex 1.92013 -2.58285 12.0261
    endloop
  endfacet
  facet normal -0.620345 0.105701 0.777174
    outer loop
      vertex 1.98658 -2.52667 12.0715
      vertex 1.88606 -2.51811 11.9901
      vertex 1.92013 -2.58285 12.0261
    endloop
  endfacet
  facet normal 0.513866 0.328686 0.792406
    outer loop
      vertex 2.83762 -2.36972 12.0139
      vertex 2.73084 -2.33393 12.0683
      vertex 2.76874 -2.40596 12.0736
    endloop
  endfacet
  facet normal 0.520389 0.0824446 0.84994
    outer loop
      vertex 2.77463 -2.59959 12.0997
      vertex 2.80665 -2.47799 12.0683
      vertex 2.73444 -2.52323 12.1169
    endloop
  endfacet
  facet normal 0.199106 0.176467 0.963959
    outer loop
      vertex 2.61335 -2.48773 12.1602
      vertex 2.57018 -2.4057 12.1541
      vertex 2.52949 -2.53186 12.1856
    endloop
  endfacet
  facet normal 0.258275 0.0644319 0.96392
    outer loop
      vertex 2.65651 -2.56977 12.1541
      vertex 2.52949 -2.53186 12.1856
      vertex 2.5742 -2.61683 12.1793
    endloop
  endfacet
  facet normal 0.610156 0.146147 0.778685
    outer loop
      vertex 2.90558 -2.49887 11.9947
      vertex 2.80665 -2.47799 12.0683
      vertex 2.8439 -2.54879 12.0524
    endloop
  endfacet
  facet normal 0.610146 0.145924 0.778735
    outer loop
      vertex 2.90558 -2.49887 11.9947
      vertex 2.87189 -2.43485 12.0091
      vertex 2.80665 -2.47799 12.0683
    endloop
  endfacet
  facet normal 0.64639 0.474114 0.597826
    outer loop
      vertex 2.90164 -2.21417 11.8525
      vertex 2.83941 -2.22415 11.9277
      vertex 2.92653 -2.26147 11.8631
    endloop
  endfacet
  facet normal 0.65283 0.478285 0.587415
    outer loop
      vertex 2.98001 -1.93918 11.5415
      vertex 2.90164 -2.21417 11.8525
      vertex 2.98057 -1.94019 11.5417
    endloop
  endfacet
  facet normal 0.638978 0.489217 0.593611
    outer loop
      vertex 2.83941 -2.22415 11.9277
      vertex 2.98001 -1.93918 11.5415
      vertex 2.96786 -1.91057 11.531
    endloop
  endfacet
  facet normal 0.635539 0.492188 0.594846
    outer loop
      vertex 2.83941 -2.22415 11.9277
      vertex 2.96786 -1.91057 11.531
      vertex 2.96652 -1.90606 11.5287
    endloop
  endfacet
  facet normal 0.638894 0.489295 0.593637
    outer loop
      vertex 2.98001 -1.93918 11.5415
      vertex 2.83941 -2.22415 11.9277
      vertex 2.90164 -2.21417 11.8525
    endloop
  endfacet
  facet normal 0.332348 0.672933 0.660837
    outer loop
      vertex 2.67777 -2.06594 11.8974
      vertex 2.59196 -2.07001 11.9447
      vertex 2.70633 -2.12021 11.9383
    endloop
  endfacet
  facet normal 0.300108 0.735269 0.607712
    outer loop
      vertex 2.94537 -1.79852 11.4417
      vertex 2.59196 -2.07001 11.9447
      vertex 2.67777 -2.06594 11.8974
    endloop
  endfacet
  facet normal 0.303053 0.733249 0.608691
    outer loop
      vertex 2.94666 -1.78519 11.425
      vertex 2.59196 -2.07001 11.9447
      vertex 2.94537 -1.79852 11.4417
    endloop
  endfacet
  facet normal 0.295676 0.738177 0.606358
    outer loop
      vertex 2.59196 -2.07001 11.9447
      vertex 2.94666 -1.78519 11.425
      vertex 2.95074 -1.77516 11.4108
    endloop
  endfacet
  facet normal -0.478782 0.354375 0.803234
    outer loop
      vertex 2.02129 -2.39802 12.065
      vertex 2.06199 -2.27186 12.0336
      vertex 1.98532 -2.32966 12.0134
    endloop
  endfacet
  facet normal -0.478404 0.354316 0.803486
    outer loop
      vertex 2.09924 -2.34266 12.087
      vertex 2.06199 -2.27186 12.0336
      vertex 2.02129 -2.39802 12.065
    endloop
  endfacet
  facet normal -0.0208885 0.595307 0.803227
    outer loop
      vertex 2.41201 -2.10513 12.0134
      vertex 2.32096 -2.13558 12.0336
      vertex 2.44798 -2.17349 12.065
    endloop
  endfacet
  facet normal 0.0988622 0.632128 0.768531
    outer loop
      vertex 2.53694 -2.14789 12.0325
      vertex 2.41201 -2.10513 12.0134
      vertex 2.44798 -2.17349 12.065
    endloop
  endfacet
  facet normal -0.0890304 0.449069 0.88905
    outer loop
      vertex 2.35821 -2.20638 12.087
      vertex 2.26916 -2.24601 12.0981
      vertex 2.3984 -2.28275 12.1296
    endloop
  endfacet
  facet normal 0.0297766 0.498837 0.866184
    outer loop
      vertex 2.48678 -2.24722 12.1061
      vertex 2.35821 -2.20638 12.087
      vertex 2.3984 -2.28275 12.1296
    endloop
  endfacet
  facet normal -0.350135 0.665325 0.659354
    outer loop
      vertex 2.16692 -2.05172 11.9056
      vertex 2.11016 -2.15453 11.9792
      vertex 2.19698 -2.10884 11.9792
    endloop
  endfacet
  facet normal -0.350135 0.665325 0.659354
    outer loop
      vertex 2.11016 -2.15453 11.9792
      vertex 2.16692 -2.05172 11.9056
      vertex 2.0801 -2.09741 11.9056
    endloop
  endfacet
  facet normal -0.306877 0.583254 0.752091
    outer loop
      vertex 2.19698 -2.10884 11.9792
      vertex 2.14443 -2.21966 12.0437
      vertex 2.23125 -2.17398 12.0437
    endloop
  endfacet
  facet normal -0.30695 0.583266 0.752052
    outer loop
      vertex 2.14443 -2.21966 12.0437
      vertex 2.19698 -2.10884 11.9792
      vertex 2.11016 -2.15453 11.9792
    endloop
  endfacet
  facet normal 0.199317 0.176391 0.963929
    outer loop
      vertex 2.57018 -2.4057 12.1541
      vertex 2.48477 -2.4469 12.1793
      vertex 2.52949 -2.53186 12.1856
    endloop
  endfacet
  facet normal -0.0304403 0.0578552 0.997861
    outer loop
      vertex 2.39792 -2.49071 12.192
      vertex 2.35659 -2.62284 12.1984
      vertex 2.44341 -2.57716 12.1984
    endloop
  endfacet
  facet normal -0.0304482 0.0578577 0.99786
    outer loop
      vertex 2.35659 -2.62284 12.1984
      vertex 2.39792 -2.49071 12.192
      vertex 2.3111 -2.5364 12.192
    endloop
  endfacet
  facet normal 0.140899 0.287382 0.947396
    outer loop
      vertex 2.57018 -2.4057 12.1541
      vertex 2.44083 -2.36338 12.1605
      vertex 2.48477 -2.4469 12.1793
    endloop
  endfacet
  facet normal 0.0251152 0.23209 0.97237
    outer loop
      vertex 2.48477 -2.4469 12.1793
      vertex 2.44083 -2.36338 12.1605
      vertex 2.39792 -2.49071 12.192
    endloop
  endfacet
  facet normal 0.319715 -0.327707 0.889039
    outer loop
      vertex 2.70076 -2.85734 12.087
      vertex 2.66057 -2.78098 12.1296
      vertex 2.61766 -2.9083 12.0981
    endloop
  endfacet
  facet normal 0.263299 -0.22127 0.938996
    outer loop
      vertex 2.66057 -2.78098 12.1296
      vertex 2.61814 -2.70034 12.1605
      vertex 2.57678 -2.83061 12.1414
    endloop
  endfacet
  facet normal 0.428001 -0.257962 0.866182
    outer loop
      vertex 2.70076 -2.85734 12.087
      vertex 2.73991 -2.72825 12.1061
      vertex 2.66057 -2.78098 12.1296
    endloop
  endfacet
  facet normal 0.427669 -0.257889 0.866367
    outer loop
      vertex 2.77871 -2.80198 12.065
      vertex 2.73991 -2.72825 12.1061
      vertex 2.70076 -2.85734 12.087
    endloop
  endfacet
  facet normal 0.620387 -0.105663 0.777145
    outer loop
      vertex 2.91394 -2.68189 11.9901
      vertex 2.87987 -2.61715 12.0261
      vertex 2.81343 -2.67333 12.0715
    endloop
  endfacet
  facet normal 0.571602 -0.0129904 0.820428
    outer loop
      vertex 2.87987 -2.61715 12.0261
      vertex 2.77463 -2.59959 12.0997
      vertex 2.81343 -2.67333 12.0715
    endloop
  endfacet
  facet normal -0.19729 0.929858 0.310551
    outer loop
      vertex 2.29389 -1.88066 11.6338
      vertex 2.19861 -1.90308 11.6404
      vertex 2.21301 -1.93045 11.7315
    endloop
  endfacet
  facet normal -0.212566 0.958815 0.188387
    outer loop
      vertex 2.29389 -1.88066 11.6338
      vertex 2.18987 -1.88647 11.546
      vertex 2.19861 -1.90308 11.6404
    endloop
  endfacet
  facet normal -0.575956 0.814904 -0.06486
    outer loop
      vertex 1.92797 -2.01717 11.45
      vertex 2.00808 -1.96055 11.45
      vertex 1.9309 -2.02274 11.354
    endloop
  endfacet
  facet normal -0.672451 0.737429 -0.06331
    outer loop
      vertex 1.28221 -2.6232 11.25
      vertex 1.92797 -2.01717 11.45
      vertex 1.9309 -2.02274 11.354
    endloop
  endfacet
  facet normal -0.345436 0.936198 -0.0648684
    outer loop
      vertex 2.09788 -1.92053 11.3523
      vertex 2.0949 -1.91486 11.45
      vertex 2.18987 -1.88647 11.354
    endloop
  endfacet
  facet normal -0.337515 0.921225 -0.193464
    outer loop
      vertex 2.10678 -1.93743 11.2563
      vertex 2.09788 -1.92053 11.3523
      vertex 2.18987 -1.88647 11.354
    endloop
  endfacet
  facet normal -0.576026 0.814861 0.0647766
    outer loop
      vertex 2.01106 -1.96621 11.5477
      vertex 2.00808 -1.96055 11.45
      vertex 1.9309 -2.02274 11.546
    endloop
  endfacet
  facet normal -0.464631 0.883084 0.0654216
    outer loop
      vertex 2.0949 -1.91486 11.45
      vertex 2.01106 -1.96621 11.5477
      vertex 2.09788 -1.92053 11.5477
    endloop
  endfacet
  facet normal -0.464714 0.883048 0.0653316
    outer loop
      vertex 2.01106 -1.96621 11.5477
      vertex 2.0949 -1.91486 11.45
      vertex 2.00808 -1.96055 11.45
    endloop
  endfacet
  facet normal -0.306983 0.583456 -0.751891
    outer loop
      vertex 2.12375 -2.18036 10.8952
      vertex 2.19698 -2.10884 10.9208
      vertex 2.21057 -2.13468 10.8952
    endloop
  endfacet
  facet normal -0.307088 0.583529 -0.751792
    outer loop
      vertex 2.19698 -2.10884 10.9208
      vertex 2.12375 -2.18036 10.8952
      vertex 2.11016 -2.15453 10.9208
    endloop
  endfacet
  facet normal -0.665292 0.19343 0.72109
    outer loop
      vertex 1.94983 -2.45684 12.0325
      vertex 1.91576 -2.3921 11.9837
      vertex 1.88606 -2.51811 11.9901
    endloop
  endfacet
  facet normal -0.576403 0.27634 0.769022
    outer loop
      vertex 1.94983 -2.45684 12.0325
      vertex 1.98532 -2.32966 12.0134
      vertex 1.91576 -2.3921 11.9837
    endloop
  endfacet
  facet normal 0.309612 0.231521 0.922247
    outer loop
      vertex 2.65267 -2.36783 12.1169
      vertex 2.57018 -2.4057 12.1541
      vertex 2.61335 -2.48773 12.1602
    endloop
  endfacet
  facet normal 0.414961 0.282872 0.864749
    outer loop
      vertex 2.73084 -2.33393 12.0683
      vertex 2.65267 -2.36783 12.1169
      vertex 2.69355 -2.44553 12.1227
    endloop
  endfacet
  facet normal 0.258204 0.0641632 0.963957
    outer loop
      vertex 2.65651 -2.56977 12.1541
      vertex 2.61335 -2.48773 12.1602
      vertex 2.52949 -2.53186 12.1856
    endloop
  endfacet
  facet normal 0.366101 0.123816 0.922301
    outer loop
      vertex 2.73444 -2.52323 12.1169
      vertex 2.69355 -2.44553 12.1227
      vertex 2.61335 -2.48773 12.1602
    endloop
  endfacet
  facet normal 0.42198 0.0179256 0.906428
    outer loop
      vertex 2.77463 -2.59959 12.0997
      vertex 2.73444 -2.52323 12.1169
      vertex 2.65651 -2.56977 12.1541
    endloop
  endfacet
  facet normal 0.366152 0.124054 0.922249
    outer loop
      vertex 2.73444 -2.52323 12.1169
      vertex 2.61335 -2.48773 12.1602
      vertex 2.65651 -2.56977 12.1541
    endloop
  endfacet
  facet normal 0.37314 -0.154956 0.914743
    outer loop
      vertex 2.73991 -2.72825 12.1061
      vertex 2.69894 -2.6504 12.136
      vertex 2.61814 -2.70034 12.1605
    endloop
  endfacet
  facet normal 0.316711 -0.0466338 0.947375
    outer loop
      vertex 2.61814 -2.70034 12.1605
      vertex 2.65651 -2.56977 12.1541
      vertex 2.5742 -2.61683 12.1793
    endloop
  endfacet
  facet normal -0.694607 0.716643 0.062797
    outer loop
      vertex 1.85876 -2.08915 11.5427
      vertex 1.85593 -2.08377 11.45
      vertex 1.28221 -2.6232 11.26
    endloop
  endfacet
  facet normal -0.677493 0.732808 0.0632126
    outer loop
      vertex 1.85876 -2.08915 11.5427
      vertex 1.9309 -2.02274 11.546
      vertex 1.85593 -2.08377 11.45
    endloop
  endfacet
  facet normal -0.576026 0.814861 -0.0647766
    outer loop
      vertex 1.9309 -2.02274 11.354
      vertex 2.00808 -1.96055 11.45
      vertex 2.01106 -1.96621 11.3523
    endloop
  endfacet
  facet normal -0.575956 0.814904 0.06486
    outer loop
      vertex 1.9309 -2.02274 11.546
      vertex 2.00808 -1.96055 11.45
      vertex 1.92797 -2.01717 11.45
    endloop
  endfacet
  facet normal 0.316025 -0.0464206 0.947615
    outer loop
      vertex 2.69894 -2.6504 12.136
      vertex 2.65651 -2.56977 12.1541
      vertex 2.61814 -2.70034 12.1605
    endloop
  endfacet
  facet normal 0.422131 0.0186805 0.906342
    outer loop
      vertex 2.77463 -2.59959 12.0997
      vertex 2.65651 -2.56977 12.1541
      vertex 2.69894 -2.6504 12.136
    endloop
  endfacet
  facet normal 0.264073 -0.221477 0.93873
    outer loop
      vertex 2.57678 -2.83061 12.1414
      vertex 2.61814 -2.70034 12.1605
      vertex 2.53361 -2.74857 12.1729
    endloop
  endfacet
  facet normal 0.205623 -0.110382 0.972386
    outer loop
      vertex 2.61814 -2.70034 12.1605
      vertex 2.4889 -2.6636 12.192
      vertex 2.53361 -2.74857 12.1729
    endloop
  endfacet
  facet normal -0.456678 0.867967 -0.195136
    outer loop
      vertex 2.01996 -1.98311 11.2563
      vertex 2.09788 -1.92053 11.3523
      vertex 2.10678 -1.93743 11.2563
    endloop
  endfacet
  facet normal -0.456678 0.867967 -0.195136
    outer loop
      vertex 2.09788 -1.92053 11.3523
      vertex 2.01996 -1.98311 11.2563
      vertex 2.01106 -1.96621 11.3523
    endloop
  endfacet
  facet normal -0.678466 0.733884 -0.0331483
    outer loop
      vertex 1.85593 -2.08377 11.45
      vertex 1.92797 -2.01717 11.45
      vertex 1.28221 -2.6232 11.25
    endloop
  endfacet
  facet normal -0.677482 0.73282 0.0631961
    outer loop
      vertex 1.9309 -2.02274 11.546
      vertex 1.92797 -2.01717 11.45
      vertex 1.85593 -2.08377 11.45
    endloop
  endfacet
  facet normal 0.489398 -0.798538 -0.350466
    outer loop
      vertex 2.77254 -3.30796 7.2
      vertex 2.86176 -3.25328 7.2
      vertex 2.91224 -3.57345 8
    endloop
  endfacet
  facet normal 0.335535 0.874409 -0.350465
    outer loop
      vertex 2.74381 -1.85408 7.25691
      vertex 2.72612 -1.54946 8
      vertex 2.86046 -1.60101 8
    endloop
  endfacet
  facet normal 0.335427 0.874444 -0.350482
    outer loop
      vertex 2.72612 -1.54946 8
      vertex 2.74381 -1.85408 7.25691
      vertex 2.73449 -1.85899 7.23574
    endloop
  endfacet
  facet normal 0.87441 -0.335535 -0.350462
    outer loop
      vertex 3.39899 -3.06046 8
      vertex 3.12654 -2.93488 7.2
      vertex 3.45054 -2.92612 8
    endloop
  endfacet
  facet normal -0.335543 -0.874448 -0.35036
    outer loop
      vertex 2.16282 -3.36403 7.2
      vertex 2.06551 -3.34101 7.23574
      vertex 2.08125 -3.33273 7.2
    endloop
  endfacet
  facet normal -0.335568 -0.874398 -0.350461
    outer loop
      vertex 2.06551 -3.34101 7.23574
      vertex 2.16282 -3.36403 7.2
      vertex 2.07388 -3.65054 8
    endloop
  endfacet
  facet normal -0.679445 0.64462 -0.350457
    outer loop
      vertex 1.55423 -1.89668 8
      vertex 1.65326 -1.7923 8
      vertex 1.78489 -2.08849 7.2
    endloop
  endfacet
  facet normal 0.679445 -0.64462 -0.350457
    outer loop
      vertex 3.14674 -3.4077 8
      vertex 3.01511 -3.11151 7.2
      vertex 3.24577 -3.30332 8
    endloop
  endfacet
  facet normal -0.218552 -0.910721 -0.350461
    outer loop
      vertex 2.07388 -3.65054 8
      vertex 2.16282 -3.36403 7.2
      vertex 2.26458 -3.38845 7.2
    endloop
  endfacet
  facet normal -0.898042 -0.265866 -0.350479
    outer loop
      vertex 1.40195 -2.85076 7.81432
      vertex 1.32714 -2.84284 8
      vertex 1.39027 -2.82855 7.8274
    endloop
  endfacet
  facet normal -0.489398 0.798538 -0.350466
    outer loop
      vertex 1.93824 -1.94672 7.2
      vertex 1.88776 -1.62655 8
      vertex 2.02746 -1.89204 7.2
    endloop
  endfacet
  facet normal 0.87441 -0.335534 -0.350462
    outer loop
      vertex 3.12654 -2.93488 7.2
      vertex 3.16403 -2.83718 7.2
      vertex 3.45054 -2.92612 8
    endloop
  endfacet
  facet normal 0.931455 -0.0978167 -0.350463
    outer loop
      vertex 3.49915 -2.64311 8
      vertex 3.25253 -2.71639 7.36499
      vertex 3.39923 -2.63919 7.73334
    endloop
  endfacet
  facet normal -0.218581 -0.910712 -0.350465
    outer loop
      vertex 2.07388 -3.65054 8
      vertex 2.26458 -3.38845 7.2
      vertex 2.21379 -3.68412 8
    endloop
  endfacet
  facet normal 0.146608 -0.925029 -0.350467
    outer loop
      vertex 2.64284 -3.67286 8
      vertex 2.47326 -3.39664 7.2
      vertex 2.57661 -3.38026 7.2
    endloop
  endfacet
  facet normal 0.146589 -0.925033 -0.350464
    outer loop
      vertex 2.50073 -3.69538 8
      vertex 2.47326 -3.39664 7.2
      vertex 2.64284 -3.67286 8
    endloop
  endfacet
  facet normal -0.757729 0.550478 -0.350456
    outer loop
      vertex 1.46966 -2.01309 8
      vertex 1.55423 -1.89668 8
      vertex 1.78489 -2.08849 7.2
    endloop
  endfacet
  facet normal -0.266067 0.897988 -0.350466
    outer loop
      vertex 2.12305 -1.84947 7.2
      vertex 2.15716 -1.52714 8
      vertex 2.22339 -1.81974 7.2
    endloop
  endfacet
  facet normal -0.0245389 0.936255 -0.350464
    outer loop
      vertex 2.32674 -1.80336 7.2
      vertex 2.29927 -1.50462 8
      vertex 2.44311 -1.50085 8
    endloop
  endfacet
  facet normal 0.446742 0.823171 -0.350444
    outer loop
      vertex 2.78686 -1.83143 7.36499
      vertex 2.98691 -1.66966 8
      vertex 2.93356 -1.75423 7.73334
    endloop
  endfacet
  facet normal 0.550633 0.757693 -0.350292
    outer loop
      vertex 3.09207 -1.76776 7.95305
      vertex 3.07357 -1.73261 8
      vertex 3.10332 -1.75423 8
    endloop
  endfacet
  facet normal 0.550348 0.757821 -0.350462
    outer loop
      vertex 2.97145 -1.73429 7.83597
      vertex 2.98691 -1.66966 8
      vertex 3.03202 -1.70242 8
    endloop
  endfacet
  facet normal 0.897982 0.266102 -0.350455
    outer loop
      vertex 3.43198 -2.2192 8
      vertex 3.39805 -2.34924 7.81432
      vertex 3.34626 -2.25083 7.75634
    endloop
  endfacet
  facet normal 0.897988 0.26609 -0.350447
    outer loop
      vertex 3.39805 -2.34924 7.81432
      vertex 3.43198 -2.2192 8
      vertex 3.47286 -2.35716 8
    endloop
  endfacet
  facet normal 0.936266 0.024528 -0.350436
    outer loop
      vertex 3.49915 -2.64311 8
      vertex 3.43713 -2.61925 7.83597
      vertex 3.49769 -2.58738 8
    endloop
  endfacet
  facet normal 0.936208 0.0244427 -0.350595
    outer loop
      vertex 3.49634 -2.53604 8
      vertex 3.47784 -2.50088 7.95305
      vertex 3.49538 -2.49927 8
    endloop
  endfacet
  facet normal 0.589452 -0.72782 -0.350465
    outer loop
      vertex 2.86176 -3.25328 7.2
      vertex 2.94308 -3.18742 7.2
      vertex 3.14674 -3.4077 8
    endloop
  endfacet
  facet normal 0.489415 -0.798529 -0.350463
    outer loop
      vertex 2.91224 -3.57345 8
      vertex 2.86176 -3.25328 7.2
      vertex 3.03492 -3.49826 8
    endloop
  endfacet
  facet normal 0.589446 -0.727825 -0.350464
    outer loop
      vertex 3.03492 -3.49826 8
      vertex 2.86176 -3.25328 7.2
      vertex 3.14674 -3.4077 8
    endloop
  endfacet
  facet normal 0.381019 -0.855569 -0.350467
    outer loop
      vertex 2.91224 -3.57345 8
      vertex 2.67695 -3.35053 7.2
      vertex 2.77254 -3.30796 7.2
    endloop
  endfacet
  facet normal -0.0978318 -0.931452 -0.350464
    outer loop
      vertex 2.21379 -3.68412 8
      vertex 2.26458 -3.38845 7.2
      vertex 2.35689 -3.69915 8
    endloop
  endfacet
  facet normal -0.335535 -0.874409 -0.350465
    outer loop
      vertex 2.05619 -3.34592 7.25691
      vertex 2.07388 -3.65054 8
      vertex 1.93954 -3.59899 8
    endloop
  endfacet
  facet normal -0.335427 -0.874444 -0.350482
    outer loop
      vertex 2.07388 -3.65054 8
      vertex 2.05619 -3.34592 7.25691
      vertex 2.06551 -3.34101 7.23574
    endloop
  endfacet
  facet normal -0.644664 -0.679491 -0.350287
    outer loop
      vertex 1.5923 -3.34674 8
      vertex 1.70793 -3.43224 7.95305
      vertex 1.69668 -3.44577 8
    endloop
  endfacet
  facet normal -0.644666 -0.679391 -0.350476
    outer loop
      vertex 1.70793 -3.43224 7.95305
      vertex 1.5923 -3.34674 8
      vertex 1.64955 -3.32129 7.84536
    endloop
  endfacet
  facet normal 0.38099 -0.855583 -0.350462
    outer loop
      vertex 2.7808 -3.63198 8
      vertex 2.67695 -3.35053 7.2
      vertex 2.91224 -3.57345 8
    endloop
  endfacet
  facet normal 0.266088 -0.897983 -0.350463
    outer loop
      vertex 2.64284 -3.67286 8
      vertex 2.67695 -3.35053 7.2
      vertex 2.7808 -3.63198 8
    endloop
  endfacet
  facet normal -0.589446 0.727825 -0.350464
    outer loop
      vertex 1.65326 -1.7923 8
      vertex 1.76508 -1.70174 8
      vertex 1.93824 -1.94672 7.2
    endloop
  endfacet
  facet normal -0.489415 0.798529 -0.350463
    outer loop
      vertex 1.76508 -1.70174 8
      vertex 1.88776 -1.62655 8
      vertex 1.93824 -1.94672 7.2
    endloop
  endfacet
  facet normal -0.823079 0.446893 -0.350468
    outer loop
      vertex 1.67346 -2.26512 7.2
      vertex 1.46966 -2.01309 8
      vertex 1.72339 -2.17316 7.2
    endloop
  endfacet
  facet normal -0.910738 0.218599 -0.350387
    outer loop
      vertex 1.59984 -2.45606 7.23574
      vertex 1.63597 -2.36282 7.2
      vertex 1.61558 -2.44777 7.2
    endloop
  endfacet
  facet normal -0.910718 0.218563 -0.350461
    outer loop
      vertex 1.63597 -2.36282 7.2
      vertex 1.59984 -2.45606 7.23574
      vertex 1.34946 -2.27388 8
    endloop
  endfacet
  facet normal -0.757775 0.550409 -0.350468
    outer loop
      vertex 1.72339 -2.17316 7.2
      vertex 1.46966 -2.01309 8
      vertex 1.78489 -2.08849 7.2
    endloop
  endfacet
  facet normal -0.925065 -0.146374 -0.35047
    outer loop
      vertex 1.32714 -2.84284 8
      vertex 1.38054 -2.81006 7.84536
      vertex 1.39027 -2.82855 7.8274
    endloop
  endfacet
  facet normal -0.931468 0.0977203 -0.350454
    outer loop
      vertex 1.54747 -2.48361 7.36499
      vertex 1.31588 -2.41379 8
      vertex 1.59051 -2.46096 7.25691
    endloop
  endfacet
  facet normal -0.931454 0.0978319 -0.350461
    outer loop
      vertex 1.31588 -2.41379 8
      vertex 1.54747 -2.48361 7.36499
      vertex 1.30085 -2.55689 8
    endloop
  endfacet
  facet normal -0.381019 0.855569 -0.350467
    outer loop
      vertex 2.02746 -1.89204 7.2
      vertex 1.88776 -1.62655 8
      vertex 2.12305 -1.84947 7.2
    endloop
  endfacet
  facet normal 0 0 1
    outer loop
      vertex 3.49769 -2.58738 8
      vertex 3.48412 -2.78621 8
      vertex 3.49915 -2.64311 8
    endloop
  endfacet
  facet normal 0 0 1
    outer loop
      vertex 3.49769 -2.58738 8
      vertex 3.45054 -2.92612 8
      vertex 3.48412 -2.78621 8
    endloop
  endfacet
  facet normal 0 0 1
    outer loop
      vertex 3.49769 -2.58738 8
      vertex 3.39899 -3.06046 8
      vertex 3.45054 -2.92612 8
    endloop
  endfacet
  facet normal 0 0 1
    outer loop
      vertex 3.49769 -2.58738 8
      vertex 3.33034 -3.18691 8
      vertex 3.39899 -3.06046 8
    endloop
  endfacet
  facet normal 0 0 1
    outer loop
      vertex 3.49769 -2.58738 8
      vertex 3.24577 -3.30332 8
      vertex 3.33034 -3.18691 8
    endloop
  endfacet
  facet normal 0 0 1
    outer loop
      vertex 3.49769 -2.58738 8
      vertex 3.14674 -3.4077 8
      vertex 3.24577 -3.30332 8
    endloop
  endfacet
  facet normal 0 0 1
    outer loop
      vertex 3.49769 -2.58738 8
      vertex 3.03492 -3.49826 8
      vertex 3.14674 -3.4077 8
    endloop
  endfacet
  facet normal 0 0 1
    outer loop
      vertex 3.49769 -2.58738 8
      vertex 2.91224 -3.57345 8
      vertex 3.03492 -3.49826 8
    endloop
  endfacet
  facet normal 0 0 1
    outer loop
      vertex 3.49769 -2.58738 8
      vertex 2.7808 -3.63198 8
      vertex 2.91224 -3.57345 8
    endloop
  endfacet
  facet normal 0 0 1
    outer loop
      vertex 3.49769 -2.58738 8
      vertex 2.64284 -3.67286 8
      vertex 2.7808 -3.63198 8
    endloop
  endfacet
  facet normal 0 0 1
    outer loop
      vertex 3.49769 -2.58738 8
      vertex 2.50073 -3.69538 8
      vertex 2.64284 -3.67286 8
    endloop
  endfacet
  facet normal 0 0 1
    outer loop
      vertex 3.49769 -2.58738 8
      vertex 2.35689 -3.69915 8
      vertex 2.50073 -3.69538 8
    endloop
  endfacet
  facet normal 0 0 1
    outer loop
      vertex 3.49769 -2.58738 8
      vertex 2.21379 -3.68412 8
      vertex 2.35689 -3.69915 8
    endloop
  endfacet
  facet normal 0 0 1
    outer loop
      vertex 3.49769 -2.58738 8
      vertex 2.07388 -3.65054 8
      vertex 2.21379 -3.68412 8
    endloop
  endfacet
  facet normal -0 0 1
    outer loop
      vertex 1.76799 -3.49758 8
      vertex 2.07388 -3.65054 8
      vertex 3.49769 -2.58738 8
    endloop
  endfacet
  facet normal 0 0 1
    outer loop
      vertex 2.07388 -3.65054 8
      vertex 1.76799 -3.49758 8
      vertex 1.93954 -3.59899 8
    endloop
  endfacet
  facet normal 0 0 1
    outer loop
      vertex 1.93954 -3.59899 8
      vertex 1.76799 -3.49758 8
      vertex 1.81309 -3.53034 8
    endloop
  endfacet
  facet normal 0 0 1
    outer loop
      vertex 3.47286 -2.35716 8
      vertex 3.49634 -2.53604 8
      vertex 3.49538 -2.49927 8
    endloop
  endfacet
  facet normal 0 0 1
    outer loop
      vertex 3.43198 -2.2192 8
      vertex 3.49634 -2.53604 8
      vertex 3.47286 -2.35716 8
    endloop
  endfacet
  facet normal 0 0 1
    outer loop
      vertex 3.37345 -2.08776 8
      vertex 3.49634 -2.53604 8
      vertex 3.43198 -2.2192 8
    endloop
  endfacet
  facet normal 0 0 1
    outer loop
      vertex 3.29826 -1.96508 8
      vertex 3.49634 -2.53604 8
      vertex 3.37345 -2.08776 8
    endloop
  endfacet
  facet normal 0 0 1
    outer loop
      vertex 3.2077 -1.85326 8
      vertex 3.49634 -2.53604 8
      vertex 3.29826 -1.96508 8
    endloop
  endfacet
  facet normal 0 0 1
    outer loop
      vertex 3.07357 -1.73261 8
      vertex 3.2077 -1.85326 8
      vertex 3.10332 -1.75423 8
    endloop
  endfacet
  facet normal 0 0 1
    outer loop
      vertex 3.2077 -1.85326 8
      vertex 3.07357 -1.73261 8
      vertex 3.49634 -2.53604 8
    endloop
  endfacet
  facet normal 0 0 1
    outer loop
      vertex 1.72643 -3.46739 8
      vertex 1.5923 -3.34674 8
      vertex 1.69668 -3.44577 8
    endloop
  endfacet
  facet normal 0 0 1
    outer loop
      vertex 1.72643 -3.46739 8
      vertex 1.50174 -3.23492 8
      vertex 1.5923 -3.34674 8
    endloop
  endfacet
  facet normal 0 0 1
    outer loop
      vertex 1.72643 -3.46739 8
      vertex 1.42655 -3.11224 8
      vertex 1.50174 -3.23492 8
    endloop
  endfacet
  facet normal 0 0 1
    outer loop
      vertex 1.72643 -3.46739 8
      vertex 1.36802 -2.9808 8
      vertex 1.42655 -3.11224 8
    endloop
  endfacet
  facet normal 0 0 1
    outer loop
      vertex 1.72643 -3.46739 8
      vertex 1.32714 -2.84284 8
      vertex 1.36802 -2.9808 8
    endloop
  endfacet
  facet normal 0 0 1
    outer loop
      vertex 1.30366 -2.66396 8
      vertex 1.32714 -2.84284 8
      vertex 1.72643 -3.46739 8
    endloop
  endfacet
  facet normal 0 0 1
    outer loop
      vertex 1.32714 -2.84284 8
      vertex 1.30366 -2.66396 8
      vertex 1.30462 -2.70073 8
    endloop
  endfacet
  facet normal 0 0 1
    outer loop
      vertex 2.86046 -1.60101 8
      vertex 3.03202 -1.70242 8
      vertex 2.98691 -1.66966 8
    endloop
  endfacet
  facet normal 0 0 1
    outer loop
      vertex 2.72612 -1.54946 8
      vertex 3.03202 -1.70242 8
      vertex 2.86046 -1.60101 8
    endloop
  endfacet
  facet normal 0 0 1
    outer loop
      vertex 2.58621 -1.51588 8
      vertex 3.03202 -1.70242 8
      vertex 2.72612 -1.54946 8
    endloop
  endfacet
  facet normal 0 0 1
    outer loop
      vertex 2.44311 -1.50085 8
      vertex 3.03202 -1.70242 8
      vertex 2.58621 -1.51588 8
    endloop
  endfacet
  facet normal -0 0 1
    outer loop
      vertex 2.29927 -1.50462 8
      vertex 3.03202 -1.70242 8
      vertex 2.44311 -1.50085 8
    endloop
  endfacet
  facet normal -0 0 1
    outer loop
      vertex 2.15716 -1.52714 8
      vertex 3.03202 -1.70242 8
      vertex 2.29927 -1.50462 8
    endloop
  endfacet
  facet normal -0 0 1
    outer loop
      vertex 2.0192 -1.56802 8
      vertex 3.03202 -1.70242 8
      vertex 2.15716 -1.52714 8
    endloop
  endfacet
  facet normal -0 0 1
    outer loop
      vertex 1.88776 -1.62655 8
      vertex 3.03202 -1.70242 8
      vertex 2.0192 -1.56802 8
    endloop
  endfacet
  facet normal -0 0 1
    outer loop
      vertex 1.76508 -1.70174 8
      vertex 3.03202 -1.70242 8
      vertex 1.88776 -1.62655 8
    endloop
  endfacet
  facet normal 0 0 1
    outer loop
      vertex 1.65326 -1.7923 8
      vertex 3.03202 -1.70242 8
      vertex 1.76508 -1.70174 8
    endloop
  endfacet
  facet normal 0 0 1
    outer loop
      vertex 1.55423 -1.89668 8
      vertex 3.03202 -1.70242 8
      vertex 1.65326 -1.7923 8
    endloop
  endfacet
  facet normal 0 0 1
    outer loop
      vertex 1.46966 -2.01309 8
      vertex 3.03202 -1.70242 8
      vertex 1.55423 -1.89668 8
    endloop
  endfacet
  facet normal 0 0 1
    outer loop
      vertex 1.40101 -2.13954 8
      vertex 3.03202 -1.70242 8
      vertex 1.46966 -2.01309 8
    endloop
  endfacet
  facet normal 0 0 1
    outer loop
      vertex 1.34946 -2.27388 8
      vertex 3.03202 -1.70242 8
      vertex 1.40101 -2.13954 8
    endloop
  endfacet
  facet normal 0 0 1
    outer loop
      vertex 1.30231 -2.61262 8
      vertex 1.34946 -2.27388 8
      vertex 1.31588 -2.41379 8
    endloop
  endfacet
  facet normal -0 0 1
    outer loop
      vertex 1.34946 -2.27388 8
      vertex 1.30231 -2.61262 8
      vertex 3.03202 -1.70242 8
    endloop
  endfacet
  facet normal 0 -0 1
    outer loop
      vertex 1.30231 -2.61262 8
      vertex 1.31588 -2.41379 8
      vertex 1.30085 -2.55689 8
    endloop
  endfacet
  facet normal 0.218582 0.910713 -0.350463
    outer loop
      vertex 2.53543 -1.81155 7.2
      vertex 2.58621 -1.51588 8
      vertex 2.72612 -1.54946 8
    endloop
  endfacet
  facet normal 0.218572 0.910716 -0.350461
    outer loop
      vertex 2.53543 -1.81155 7.2
      vertex 2.72612 -1.54946 8
      vertex 2.63718 -1.83597 7.2
    endloop
  endfacet
  facet normal 0.335543 0.874448 -0.35036
    outer loop
      vertex 2.63718 -1.83597 7.2
      vertex 2.73449 -1.85899 7.23574
      vertex 2.71875 -1.86727 7.2
    endloop
  endfacet
  facet normal 0.335568 0.874398 -0.350461
    outer loop
      vertex 2.73449 -1.85899 7.23574
      vertex 2.63718 -1.83597 7.2
      vertex 2.72612 -1.54946 8
    endloop
  endfacet
  facet normal 0.728008 0.589234 -0.35044
    outer loop
      vertex 3.16018 -1.8972 7.8274
      vertex 3.2077 -1.85326 8
      vertex 3.17186 -1.91941 7.81432
    endloop
  endfacet
  facet normal 0.855584 0.38099 -0.350462
    outer loop
      vertex 3.43198 -2.2192 8
      vertex 3.3008 -2.16444 7.73928
      vertex 3.37345 -2.08776 8
    endloop
  endfacet
  facet normal 0.855576 0.381014 -0.350453
    outer loop
      vertex 3.3008 -2.16444 7.73928
      vertex 3.43198 -2.2192 8
      vertex 3.34626 -2.25083 7.75634
    endloop
  endfacet
  facet normal 0.931454 -0.0978319 -0.350461
    outer loop
      vertex 3.48412 -2.78621 8
      vertex 3.25253 -2.71639 7.36499
      vertex 3.49915 -2.64311 8
    endloop
  endfacet
  facet normal 0.931468 -0.0977203 -0.350454
    outer loop
      vertex 3.25253 -2.71639 7.36499
      vertex 3.48412 -2.78621 8
      vertex 3.20949 -2.73904 7.25691
    endloop
  endfacet
  facet normal 0.925037 0.146545 -0.350473
    outer loop
      vertex 3.41946 -2.38994 7.84535
      vertex 3.40973 -2.37145 7.8274
      vertex 3.47286 -2.35716 8
    endloop
  endfacet
  facet normal 0.924986 0.146581 -0.350591
    outer loop
      vertex 3.47784 -2.50088 7.95305
      vertex 3.47286 -2.35716 8
      vertex 3.49538 -2.49927 8
    endloop
  endfacet
  facet normal 0.925037 0.146545 -0.350473
    outer loop
      vertex 3.47286 -2.35716 8
      vertex 3.47784 -2.50088 7.95305
      vertex 3.41946 -2.38994 7.84535
    endloop
  endfacet
  facet normal 0.757729 -0.550478 -0.350456
    outer loop
      vertex 3.24577 -3.30332 8
      vertex 3.01511 -3.11151 7.2
      vertex 3.33034 -3.18691 8
    endloop
  endfacet
  facet normal 0.679394 -0.644668 -0.350466
    outer loop
      vertex 2.94308 -3.18742 7.2
      vertex 3.01511 -3.11151 7.2
      vertex 3.14674 -3.4077 8
    endloop
  endfacet
  facet normal 0.0245229 -0.936254 -0.350466
    outer loop
      vertex 2.35689 -3.69915 8
      vertex 2.36865 -3.39938 7.2
      vertex 2.47326 -3.39664 7.2
    endloop
  endfacet
  facet normal 0.0245389 -0.936255 -0.350464
    outer loop
      vertex 2.35689 -3.69915 8
      vertex 2.47326 -3.39664 7.2
      vertex 2.50073 -3.69538 8
    endloop
  endfacet
  facet normal -0.798504 -0.489469 -0.350444
    outer loop
      vertex 1.42655 -3.11224 8
      vertex 1.51504 -3.06568 7.73334
      vertex 1.53089 -3.09579 7.73928
    endloop
  endfacet
  facet normal -0.727808 -0.589467 -0.350463
    outer loop
      vertex 1.62814 -3.28059 7.81432
      vertex 1.50174 -3.23492 8
      vertex 1.57635 -3.18218 7.75635
    endloop
  endfacet
  facet normal -0.727821 -0.589442 -0.350478
    outer loop
      vertex 1.50174 -3.23492 8
      vertex 1.62814 -3.28059 7.81432
      vertex 1.5923 -3.34674 8
    endloop
  endfacet
  facet normal -0.798519 -0.489441 -0.350448
    outer loop
      vertex 1.57635 -3.18218 7.75635
      vertex 1.42655 -3.11224 8
      vertex 1.53089 -3.09579 7.73928
    endloop
  endfacet
  facet normal -0.79853 -0.489415 -0.350462
    outer loop
      vertex 1.42655 -3.11224 8
      vertex 1.57635 -3.18218 7.75635
      vertex 1.50174 -3.23492 8
    endloop
  endfacet
  facet normal 0.266067 -0.897988 -0.350466
    outer loop
      vertex 2.64284 -3.67286 8
      vertex 2.57661 -3.38026 7.2
      vertex 2.67695 -3.35053 7.2
    endloop
  endfacet
  facet normal 0 0 -1
    outer loop
      vertex 3.12654 -2.93488 7.2
      vertex 3.18442 -2.75223 7.2
      vertex 3.16403 -2.83718 7.2
    endloop
  endfacet
  facet normal 0 0 -1
    outer loop
      vertex 3.07661 -3.02684 7.2
      vertex 3.18442 -2.75223 7.2
      vertex 3.12654 -2.93488 7.2
    endloop
  endfacet
  facet normal 0 0 -1
    outer loop
      vertex 3.01511 -3.11151 7.2
      vertex 3.18442 -2.75223 7.2
      vertex 3.07661 -3.02684 7.2
    endloop
  endfacet
  facet normal 0 0 -1
    outer loop
      vertex 2.94308 -3.18742 7.2
      vertex 3.18442 -2.75223 7.2
      vertex 3.01511 -3.11151 7.2
    endloop
  endfacet
  facet normal 0 0 -1
    outer loop
      vertex 2.86176 -3.25328 7.2
      vertex 3.18442 -2.75223 7.2
      vertex 2.94308 -3.18742 7.2
    endloop
  endfacet
  facet normal 0 0 -1
    outer loop
      vertex 2.77254 -3.30796 7.2
      vertex 3.18442 -2.75223 7.2
      vertex 2.86176 -3.25328 7.2
    endloop
  endfacet
  facet normal 0 0 -1
    outer loop
      vertex 2.67695 -3.35053 7.2
      vertex 3.18442 -2.75223 7.2
      vertex 2.77254 -3.30796 7.2
    endloop
  endfacet
  facet normal 0 0 -1
    outer loop
      vertex 2.57661 -3.38026 7.2
      vertex 3.18442 -2.75223 7.2
      vertex 2.67695 -3.35053 7.2
    endloop
  endfacet
  facet normal 0 0 -1
    outer loop
      vertex 2.47326 -3.39664 7.2
      vertex 3.18442 -2.75223 7.2
      vertex 2.57661 -3.38026 7.2
    endloop
  endfacet
  facet normal 0 0 -1
    outer loop
      vertex 2.36865 -3.39938 7.2
      vertex 3.18442 -2.75223 7.2
      vertex 2.47326 -3.39664 7.2
    endloop
  endfacet
  facet normal 0 0 -1
    outer loop
      vertex 2.26458 -3.38845 7.2
      vertex 3.18442 -2.75223 7.2
      vertex 2.36865 -3.39938 7.2
    endloop
  endfacet
  facet normal 0 0 -1
    outer loop
      vertex 2.08125 -3.33273 7.2
      vertex 2.26458 -3.38845 7.2
      vertex 2.16282 -3.36403 7.2
    endloop
  endfacet
  facet normal 0 0 -1
    outer loop
      vertex 2.26458 -3.38845 7.2
      vertex 2.08125 -3.33273 7.2
      vertex 3.18442 -2.75223 7.2
    endloop
  endfacet
  facet normal 0 0 -1
    outer loop
      vertex 2.71875 -1.86727 7.2
      vertex 2.53543 -1.81155 7.2
      vertex 2.63718 -1.83597 7.2
    endloop
  endfacet
  facet normal 0 0 -1
    outer loop
      vertex 2.71875 -1.86727 7.2
      vertex 2.43135 -1.80061 7.2
      vertex 2.53543 -1.81155 7.2
    endloop
  endfacet
  facet normal 0 0 -1
    outer loop
      vertex 2.71875 -1.86727 7.2
      vertex 2.32674 -1.80336 7.2
      vertex 2.43135 -1.80061 7.2
    endloop
  endfacet
  facet normal 0 0 -1
    outer loop
      vertex 2.71875 -1.86727 7.2
      vertex 2.22339 -1.81974 7.2
      vertex 2.32674 -1.80336 7.2
    endloop
  endfacet
  facet normal 0 0 -1
    outer loop
      vertex 2.71875 -1.86727 7.2
      vertex 2.12305 -1.84947 7.2
      vertex 2.22339 -1.81974 7.2
    endloop
  endfacet
  facet normal -0 0 -1
    outer loop
      vertex 2.71875 -1.86727 7.2
      vertex 2.02746 -1.89204 7.2
      vertex 2.12305 -1.84947 7.2
    endloop
  endfacet
  facet normal 0 0 -1
    outer loop
      vertex 2.71875 -1.86727 7.2
      vertex 1.93824 -1.94672 7.2
      vertex 2.02746 -1.89204 7.2
    endloop
  endfacet
  facet normal 0 0 -1
    outer loop
      vertex 2.71875 -1.86727 7.2
      vertex 1.85692 -2.01258 7.2
      vertex 1.93824 -1.94672 7.2
    endloop
  endfacet
  facet normal 0 0 -1
    outer loop
      vertex 2.71875 -1.86727 7.2
      vertex 1.78489 -2.08849 7.2
      vertex 1.85692 -2.01258 7.2
    endloop
  endfacet
  facet normal 0 0 -1
    outer loop
      vertex 2.71875 -1.86727 7.2
      vertex 1.72339 -2.17316 7.2
      vertex 1.78489 -2.08849 7.2
    endloop
  endfacet
  facet normal 0 0 -1
    outer loop
      vertex 2.71875 -1.86727 7.2
      vertex 1.67346 -2.26512 7.2
      vertex 1.72339 -2.17316 7.2
    endloop
  endfacet
  facet normal 0 0 -1
    outer loop
      vertex 1.61558 -2.44777 7.2
      vertex 1.67346 -2.26512 7.2
      vertex 2.71875 -1.86727 7.2
    endloop
  endfacet
  facet normal 0 0 -1
    outer loop
      vertex 1.67346 -2.26512 7.2
      vertex 1.61558 -2.44777 7.2
      vertex 1.63597 -2.36282 7.2
    endloop
  endfacet
  facet normal -0.589452 0.72782 -0.350465
    outer loop
      vertex 1.85692 -2.01258 7.2
      vertex 1.65326 -1.7923 8
      vertex 1.93824 -1.94672 7.2
    endloop
  endfacet
  facet normal -0.87441 0.335535 -0.350462
    outer loop
      vertex 1.34946 -2.27388 8
      vertex 1.40101 -2.13954 8
      vertex 1.67346 -2.26512 7.2
    endloop
  endfacet
  facet normal -0.87441 0.335534 -0.350462
    outer loop
      vertex 1.63597 -2.36282 7.2
      vertex 1.34946 -2.27388 8
      vertex 1.67346 -2.26512 7.2
    endloop
  endfacet
  facet normal -0.855645 -0.380869 -0.350444
    outer loop
      vertex 1.42655 -3.11224 8
      vertex 1.4992 -3.03556 7.73928
      vertex 1.51504 -3.06568 7.73334
    endloop
  endfacet
  facet normal -0.91053 0.219199 -0.350551
    outer loop
      vertex 1.59051 -2.46096 7.25691
      vertex 1.34946 -2.27388 8
      vertex 1.59984 -2.45606 7.23574
    endloop
  endfacet
  facet normal -0.910715 0.218582 -0.350456
    outer loop
      vertex 1.34946 -2.27388 8
      vertex 1.59051 -2.46096 7.25691
      vertex 1.31588 -2.41379 8
    endloop
  endfacet
  facet normal 0.0978318 0.931453 -0.350463
    outer loop
      vertex 2.53543 -1.81155 7.2
      vertex 2.44311 -1.50085 8
      vertex 2.58621 -1.51588 8
    endloop
  endfacet
  facet normal -0.146608 0.925029 -0.350467
    outer loop
      vertex 2.22339 -1.81974 7.2
      vertex 2.15716 -1.52714 8
      vertex 2.32674 -1.80336 7.2
    endloop
  endfacet
  facet normal -0.146589 0.925033 -0.350464
    outer loop
      vertex 2.32674 -1.80336 7.2
      vertex 2.15716 -1.52714 8
      vertex 2.29927 -1.50462 8
    endloop
  endfacet
  facet normal -0.38099 0.855583 -0.350462
    outer loop
      vertex 2.12305 -1.84947 7.2
      vertex 1.88776 -1.62655 8
      vertex 2.0192 -1.56802 8
    endloop
  endfacet
  facet normal -0.266088 0.897983 -0.350463
    outer loop
      vertex 2.12305 -1.84947 7.2
      vertex 2.0192 -1.56802 8
      vertex 2.15716 -1.52714 8
    endloop
  endfacet
  facet normal 0.446862 0.823098 -0.350463
    outer loop
      vertex 2.78686 -1.83143 7.36499
      vertex 2.86046 -1.60101 8
      vertex 2.98691 -1.66966 8
    endloop
  endfacet
  facet normal 0.446796 0.823132 -0.350467
    outer loop
      vertex 2.86046 -1.60101 8
      vertex 2.78686 -1.83143 7.36499
      vertex 2.74381 -1.85408 7.25691
    endloop
  endfacet
  facet normal 0.644631 0.679438 -0.350448
    outer loop
      vertex 3.16018 -1.8972 7.8274
      vertex 3.15045 -1.87871 7.84535
      vertex 3.2077 -1.85326 8
    endloop
  endfacet
  facet normal 0.644664 0.679491 -0.350287
    outer loop
      vertex 3.2077 -1.85326 8
      vertex 3.09207 -1.76776 7.95305
      vertex 3.10332 -1.75423 8
    endloop
  endfacet
  facet normal 0.644666 0.679402 -0.350455
    outer loop
      vertex 3.09207 -1.76776 7.95305
      vertex 3.2077 -1.85326 8
      vertex 3.15045 -1.87871 7.84535
    endloop
  endfacet
  facet normal 0.798456 0.489558 -0.35043
    outer loop
      vertex 3.28496 -2.13432 7.73333
      vertex 3.26911 -2.10421 7.73928
      vertex 3.37345 -2.08776 8
    endloop
  endfacet
  facet normal 0.910715 -0.218582 -0.350456
    outer loop
      vertex 3.45054 -2.92612 8
      vertex 3.20949 -2.73904 7.25691
      vertex 3.48412 -2.78621 8
    endloop
  endfacet
  facet normal 0.91053 -0.219199 -0.350551
    outer loop
      vertex 3.20949 -2.73904 7.25691
      vertex 3.45054 -2.92612 8
      vertex 3.20016 -2.74394 7.23574
    endloop
  endfacet
  facet normal 0.910738 -0.218599 -0.350387
    outer loop
      vertex 3.20016 -2.74394 7.23574
      vertex 3.16403 -2.83718 7.2
      vertex 3.18442 -2.75223 7.2
    endloop
  endfacet
  facet normal 0.910718 -0.218563 -0.350461
    outer loop
      vertex 3.16403 -2.83718 7.2
      vertex 3.20016 -2.74394 7.23574
      vertex 3.45054 -2.92612 8
    endloop
  endfacet
  facet normal 0.898042 0.265866 -0.350479
    outer loop
      vertex 3.40973 -2.37145 7.8274
      vertex 3.39805 -2.34924 7.81432
      vertex 3.47286 -2.35716 8
    endloop
  endfacet
  facet normal 0.823098 -0.446862 -0.350462
    outer loop
      vertex 3.33034 -3.18691 8
      vertex 3.12654 -2.93488 7.2
      vertex 3.39899 -3.06046 8
    endloop
  endfacet
  facet normal -0.0978263 -0.931453 -0.350465
    outer loop
      vertex 2.35689 -3.69915 8
      vertex 2.26458 -3.38845 7.2
      vertex 2.36865 -3.39938 7.2
    endloop
  endfacet
  facet normal -0.446862 -0.823098 -0.350463
    outer loop
      vertex 2.01314 -3.36857 7.36499
      vertex 1.93954 -3.59899 8
      vertex 1.81309 -3.53034 8
    endloop
  endfacet
  facet normal -0.446796 -0.823132 -0.350467
    outer loop
      vertex 1.93954 -3.59899 8
      vertex 2.01314 -3.36857 7.36499
      vertex 2.05619 -3.34592 7.25691
    endloop
  endfacet
  facet normal -0.446742 -0.823171 -0.350444
    outer loop
      vertex 1.86644 -3.44577 7.73334
      vertex 2.01314 -3.36857 7.36499
      vertex 1.81309 -3.53034 8
    endloop
  endfacet
  facet normal -0.550633 -0.757693 -0.350292
    outer loop
      vertex 1.69668 -3.44577 8
      vertex 1.70793 -3.43224 7.95305
      vertex 1.72643 -3.46739 8
    endloop
  endfacet
  facet normal -0.550431 -0.757767 -0.350449
    outer loop
      vertex 1.76799 -3.49758 8
      vertex 1.82855 -3.46571 7.83597
      vertex 1.81309 -3.53034 8
    endloop
  endfacet
  facet normal -0.728008 -0.589234 -0.35044
    outer loop
      vertex 1.5923 -3.34674 8
      vertex 1.62814 -3.28059 7.81432
      vertex 1.63982 -3.3028 7.8274
    endloop
  endfacet
  facet normal -0.679394 0.644668 -0.350466
    outer loop
      vertex 1.78489 -2.08849 7.2
      vertex 1.65326 -1.7923 8
      vertex 1.85692 -2.01258 7.2
    endloop
  endfacet
  facet normal -0.823098 0.446862 -0.350462
    outer loop
      vertex 1.40101 -2.13954 8
      vertex 1.46966 -2.01309 8
      vertex 1.67346 -2.26512 7.2
    endloop
  endfacet
  facet normal -0.855588 -0.380976 -0.350467
    outer loop
      vertex 1.4992 -3.03556 7.73928
      vertex 1.36802 -2.9808 8
      vertex 1.45374 -2.94917 7.75635
    endloop
  endfacet
  facet normal -0.855584 -0.38099 -0.350462
    outer loop
      vertex 1.36802 -2.9808 8
      vertex 1.4992 -3.03556 7.73928
      vertex 1.42655 -3.11224 8
    endloop
  endfacet
  facet normal -0.89797 -0.266124 -0.350468
    outer loop
      vertex 1.36802 -2.9808 8
      vertex 1.40195 -2.85076 7.81432
      vertex 1.45374 -2.94917 7.75635
    endloop
  endfacet
  facet normal -0.897988 -0.26609 -0.350447
    outer loop
      vertex 1.40195 -2.85076 7.81432
      vertex 1.36802 -2.9808 8
      vertex 1.32714 -2.84284 8
    endloop
  endfacet
  facet normal -0.936208 -0.0244427 -0.350595
    outer loop
      vertex 1.30462 -2.70073 8
      vertex 1.30366 -2.66396 8
      vertex 1.32216 -2.69912 7.95305
    endloop
  endfacet
  facet normal -0.936266 -0.024528 -0.350436
    outer loop
      vertex 1.30231 -2.61262 8
      vertex 1.30085 -2.55689 8
      vertex 1.36287 -2.58075 7.83597
    endloop
  endfacet
  facet normal -0.925028 -0.146551 -0.350494
    outer loop
      vertex 1.32714 -2.84284 8
      vertex 1.32216 -2.69912 7.95305
      vertex 1.38054 -2.81006 7.84536
    endloop
  endfacet
  facet normal -0.924986 -0.146581 -0.350591
    outer loop
      vertex 1.32216 -2.69912 7.95305
      vertex 1.32714 -2.84284 8
      vertex 1.30462 -2.70073 8
    endloop
  endfacet
  facet normal -0.93626 -0.0242885 -0.350468
    outer loop
      vertex 1.36287 -2.58075 7.83597
      vertex 1.30085 -2.55689 8
      vertex 1.40077 -2.56081 7.73334
    endloop
  endfacet
  facet normal -0.931455 0.0978167 -0.350463
    outer loop
      vertex 1.40077 -2.56081 7.73334
      vertex 1.30085 -2.55689 8
      vertex 1.54747 -2.48361 7.36499
    endloop
  endfacet
  facet normal -0.0246124 0.936257 -0.350454
    outer loop
      vertex 2.32674 -1.80336 7.2
      vertex 2.44311 -1.50085 8
      vertex 2.43135 -1.80061 7.2
    endloop
  endfacet
  facet normal 0.0979059 0.931449 -0.350453
    outer loop
      vertex 2.43135 -1.80061 7.2
      vertex 2.44311 -1.50085 8
      vertex 2.53543 -1.81155 7.2
    endloop
  endfacet
  facet normal 0.550452 0.757753 -0.350446
    outer loop
      vertex 2.93356 -1.75423 7.73334
      vertex 2.98691 -1.66966 8
      vertex 2.97145 -1.73429 7.83597
    endloop
  endfacet
  facet normal 0.798534 0.489417 -0.350449
    outer loop
      vertex 3.37345 -2.08776 8
      vertex 3.22365 -2.01782 7.75634
      vertex 3.29826 -1.96508 8
    endloop
  endfacet
  facet normal 0.798536 0.489411 -0.350453
    outer loop
      vertex 3.22365 -2.01782 7.75634
      vertex 3.37345 -2.08776 8
      vertex 3.26911 -2.10421 7.73928
    endloop
  endfacet
  facet normal 0.727821 0.589442 -0.350478
    outer loop
      vertex 3.29826 -1.96508 8
      vertex 3.17186 -1.91941 7.81432
      vertex 3.2077 -1.85326 8
    endloop
  endfacet
  facet normal 0.727796 0.589489 -0.35045
    outer loop
      vertex 3.17186 -1.91941 7.81432
      vertex 3.29826 -1.96508 8
      vertex 3.22365 -2.01782 7.75634
    endloop
  endfacet
  facet normal 0.85569 0.380779 -0.35043
    outer loop
      vertex 3.3008 -2.16444 7.73928
      vertex 3.28496 -2.13432 7.73333
      vertex 3.37345 -2.08776 8
    endloop
  endfacet
  facet normal 0.93626 0.0242885 -0.350468
    outer loop
      vertex 3.49915 -2.64311 8
      vertex 3.39923 -2.63919 7.73334
      vertex 3.43713 -2.61925 7.83597
    endloop
  endfacet
  facet normal 0.823079 -0.446893 -0.350468
    outer loop
      vertex 3.07661 -3.02684 7.2
      vertex 3.12654 -2.93488 7.2
      vertex 3.33034 -3.18691 8
    endloop
  endfacet
  facet normal 0.757775 -0.550409 -0.350468
    outer loop
      vertex 3.01511 -3.11151 7.2
      vertex 3.07661 -3.02684 7.2
      vertex 3.33034 -3.18691 8
    endloop
  endfacet
  facet normal -0.550452 -0.757753 -0.350446
    outer loop
      vertex 1.82855 -3.46571 7.83597
      vertex 1.86644 -3.44577 7.73334
      vertex 1.81309 -3.53034 8
    endloop
  endfacet
  facet normal -0.644507 -0.679558 -0.350445
    outer loop
      vertex 1.5923 -3.34674 8
      vertex 1.63982 -3.3028 7.8274
      vertex 1.64955 -3.32129 7.84536
    endloop
  endfacet
endsolid OpenSCAD_Model
