solid OpenSCAD_Model
  facet normal 0.980779 -0.195124 0
    outer loop
      vertex 4.47716 -0.114804 3.5
      vertex 4.5 0 3.15
      vertex 4.5 0 3.5
    endloop
  endfacet
  facet normal 0.980779 -0.195124 0
    outer loop
      vertex 4.5 0 3.15
      vertex 4.47716 -0.114804 3.5
      vertex 4.47716 -0.114804 3.15
    endloop
  endfacet
  facet normal 0.831479 -0.555556 0
    outer loop
      vertex 4.41213 -0.212132 3.5
      vertex 4.47716 -0.114804 3.15
      vertex 4.47716 -0.114804 3.5
    endloop
  endfacet
  facet normal 0.831479 -0.555556 0
    outer loop
      vertex 4.47716 -0.114804 3.15
      vertex 4.41213 -0.212132 3.5
      vertex 4.41213 -0.212132 3.15
    endloop
  endfacet
  facet normal -0.195089 -0.980786 0
    outer loop
      vertex 4.0852 -0.277164 3.15
      vertex 4.2 -0.299999 3.5
      vertex 4.0852 -0.277164 3.5
    endloop
  endfacet
  facet normal -0.195089 -0.980786 -0
    outer loop
      vertex 4.2 -0.299999 3.5
      vertex 4.0852 -0.277164 3.15
      vertex 4.2 -0.299999 3.15
    endloop
  endfacet
  facet normal 0.555559 -0.831477 0
    outer loop
      vertex 4.3148 -0.277164 3.15
      vertex 4.41213 -0.212132 3.5
      vertex 4.3148 -0.277164 3.5
    endloop
  endfacet
  facet normal 0.555559 -0.831477 0
    outer loop
      vertex 4.41213 -0.212132 3.5
      vertex 4.3148 -0.277164 3.15
      vertex 4.41213 -0.212132 3.15
    endloop
  endfacet
  facet normal -0.831479 -0.555556 0
    outer loop
      vertex 3.98787 -0.212132 3.15
      vertex 3.92284 -0.114804 3.5
      vertex 3.92284 -0.114804 3.15
    endloop
  endfacet
  facet normal -0.831479 -0.555556 0
    outer loop
      vertex 3.92284 -0.114804 3.5
      vertex 3.98787 -0.212132 3.15
      vertex 3.98787 -0.212132 3.5
    endloop
  endfacet
  facet normal 0 0 -1
    outer loop
      vertex 4.47716 -0.114804 3.15
      vertex 4.47716 0.114805 3.15
      vertex 4.5 0 3.15
    endloop
  endfacet
  facet normal 0 0 -1
    outer loop
      vertex 4.41213 -0.212132 3.15
      vertex 4.47716 0.114805 3.15
      vertex 4.47716 -0.114804 3.15
    endloop
  endfacet
  facet normal 0 0 -1
    outer loop
      vertex 4.41213 -0.212132 3.15
      vertex 4.41213 0.212132 3.15
      vertex 4.47716 0.114805 3.15
    endloop
  endfacet
  facet normal 0 0 -1
    outer loop
      vertex 4.3148 -0.277164 3.15
      vertex 4.41213 0.212132 3.15
      vertex 4.41213 -0.212132 3.15
    endloop
  endfacet
  facet normal 0 0 -1
    outer loop
      vertex 4.3148 -0.277164 3.15
      vertex 4.3148 0.277164 3.15
      vertex 4.41213 0.212132 3.15
    endloop
  endfacet
  facet normal 0 0 -1
    outer loop
      vertex 4.2 -0.299999 3.15
      vertex 4.3148 0.277164 3.15
      vertex 4.3148 -0.277164 3.15
    endloop
  endfacet
  facet normal 0 0 -1
    outer loop
      vertex 4.2 -0.299999 3.15
      vertex 4.2 0.3 3.15
      vertex 4.3148 0.277164 3.15
    endloop
  endfacet
  facet normal 0 0 -1
    outer loop
      vertex 4.0852 -0.277164 3.15
      vertex 4.2 0.3 3.15
      vertex 4.2 -0.299999 3.15
    endloop
  endfacet
  facet normal 0 0 -1
    outer loop
      vertex 4.0852 -0.277164 3.15
      vertex 4.0852 0.277164 3.15
      vertex 4.2 0.3 3.15
    endloop
  endfacet
  facet normal 0 0 -1
    outer loop
      vertex 3.98787 -0.212132 3.15
      vertex 4.0852 0.277164 3.15
      vertex 4.0852 -0.277164 3.15
    endloop
  endfacet
  facet normal 0 0 -1
    outer loop
      vertex 3.98787 -0.212132 3.15
      vertex 3.98787 0.212132 3.15
      vertex 4.0852 0.277164 3.15
    endloop
  endfacet
  facet normal 0 0 -1
    outer loop
      vertex 3.92284 -0.114804 3.15
      vertex 3.98787 0.212132 3.15
      vertex 3.98787 -0.212132 3.15
    endloop
  endfacet
  facet normal 0 0 -1
    outer loop
      vertex 3.92284 -0.114804 3.15
      vertex 3.92284 0.114805 3.15
      vertex 3.98787 0.212132 3.15
    endloop
  endfacet
  facet normal 0 -0 -1
    outer loop
      vertex 3.92284 0.114805 3.15
      vertex 3.92284 -0.114804 3.15
      vertex 3.9 0 3.15
    endloop
  endfacet
  facet normal -0.555559 -0.831477 0
    outer loop
      vertex 3.98787 -0.212132 3.15
      vertex 4.0852 -0.277164 3.5
      vertex 3.98787 -0.212132 3.5
    endloop
  endfacet
  facet normal -0.555559 -0.831477 -0
    outer loop
      vertex 4.0852 -0.277164 3.5
      vertex 3.98787 -0.212132 3.15
      vertex 4.0852 -0.277164 3.15
    endloop
  endfacet
  facet normal 0.555559 0.831477 -0
    outer loop
      vertex 4.41213 0.212132 3.15
      vertex 4.3148 0.277164 3.5
      vertex 4.41213 0.212132 3.5
    endloop
  endfacet
  facet normal 0.555559 0.831477 0
    outer loop
      vertex 4.3148 0.277164 3.5
      vertex 4.41213 0.212132 3.15
      vertex 4.3148 0.277164 3.15
    endloop
  endfacet
  facet normal 0.980779 0.195122 0
    outer loop
      vertex 4.5 0 3.5
      vertex 4.47716 0.114805 3.15
      vertex 4.47716 0.114805 3.5
    endloop
  endfacet
  facet normal 0.980779 0.195122 0
    outer loop
      vertex 4.47716 0.114805 3.15
      vertex 4.5 0 3.5
      vertex 4.5 0 3.15
    endloop
  endfacet
  facet normal -0.831477 0.555559 0
    outer loop
      vertex 3.92284 0.114805 3.15
      vertex 3.98787 0.212132 3.5
      vertex 3.98787 0.212132 3.15
    endloop
  endfacet
  facet normal -0.831477 0.555559 0
    outer loop
      vertex 3.98787 0.212132 3.5
      vertex 3.92284 0.114805 3.15
      vertex 3.92284 0.114805 3.5
    endloop
  endfacet
  facet normal 0.195089 -0.980786 0
    outer loop
      vertex 4.2 -0.299999 3.15
      vertex 4.3148 -0.277164 3.5
      vertex 4.2 -0.299999 3.5
    endloop
  endfacet
  facet normal 0.195089 -0.980786 0
    outer loop
      vertex 4.3148 -0.277164 3.5
      vertex 4.2 -0.299999 3.15
      vertex 4.3148 -0.277164 3.15
    endloop
  endfacet
  facet normal -0.980779 -0.195124 0
    outer loop
      vertex 3.92284 -0.114804 3.15
      vertex 3.9 0 3.5
      vertex 3.9 0 3.15
    endloop
  endfacet
  facet normal -0.980779 -0.195124 0
    outer loop
      vertex 3.9 0 3.5
      vertex 3.92284 -0.114804 3.15
      vertex 3.92284 -0.114804 3.5
    endloop
  endfacet
  facet normal -0.980779 0.195122 0
    outer loop
      vertex 3.9 0 3.15
      vertex 3.92284 0.114805 3.5
      vertex 3.92284 0.114805 3.15
    endloop
  endfacet
  facet normal -0.980779 0.195122 0
    outer loop
      vertex 3.92284 0.114805 3.5
      vertex 3.9 0 3.15
      vertex 3.9 0 3.5
    endloop
  endfacet
  facet normal 0.831477 0.555559 0
    outer loop
      vertex 4.47716 0.114805 3.5
      vertex 4.41213 0.212132 3.15
      vertex 4.41213 0.212132 3.5
    endloop
  endfacet
  facet normal 0.831477 0.555559 0
    outer loop
      vertex 4.41213 0.212132 3.15
      vertex 4.47716 0.114805 3.5
      vertex 4.47716 0.114805 3.15
    endloop
  endfacet
  facet normal -0.195097 0.980784 0
    outer loop
      vertex 4.2 0.3 3.15
      vertex 4.0852 0.277164 3.5
      vertex 4.2 0.3 3.5
    endloop
  endfacet
  facet normal -0.195097 0.980784 0
    outer loop
      vertex 4.0852 0.277164 3.5
      vertex 4.2 0.3 3.15
      vertex 4.0852 0.277164 3.15
    endloop
  endfacet
  facet normal 0.195097 0.980784 -0
    outer loop
      vertex 4.3148 0.277164 3.15
      vertex 4.2 0.3 3.5
      vertex 4.3148 0.277164 3.5
    endloop
  endfacet
  facet normal 0.195097 0.980784 0
    outer loop
      vertex 4.2 0.3 3.5
      vertex 4.3148 0.277164 3.15
      vertex 4.2 0.3 3.15
    endloop
  endfacet
  facet normal -0.555559 0.831477 0
    outer loop
      vertex 4.0852 0.277164 3.15
      vertex 3.98787 0.212132 3.5
      vertex 4.0852 0.277164 3.5
    endloop
  endfacet
  facet normal -0.555559 0.831477 0
    outer loop
      vertex 3.98787 0.212132 3.5
      vertex 4.0852 0.277164 3.15
      vertex 3.98787 0.212132 3.15
    endloop
  endfacet
  facet normal 0.980779 -0.195124 0
    outer loop
      vertex 5.47716 -0.114804 3.5
      vertex 5.5 0 3.15
      vertex 5.5 0 3.5
    endloop
  endfacet
  facet normal 0.980779 -0.195124 0
    outer loop
      vertex 5.5 0 3.15
      vertex 5.47716 -0.114804 3.5
      vertex 5.47716 -0.114804 3.15
    endloop
  endfacet
  facet normal 0.831479 -0.555556 0
    outer loop
      vertex 5.41213 -0.212132 3.5
      vertex 5.47716 -0.114804 3.15
      vertex 5.47716 -0.114804 3.5
    endloop
  endfacet
  facet normal 0.831479 -0.555556 0
    outer loop
      vertex 5.47716 -0.114804 3.15
      vertex 5.41213 -0.212132 3.5
      vertex 5.41213 -0.212132 3.15
    endloop
  endfacet
  facet normal -0.195089 -0.980786 0
    outer loop
      vertex 5.0852 -0.277164 3.15
      vertex 5.2 -0.299999 3.5
      vertex 5.0852 -0.277164 3.5
    endloop
  endfacet
  facet normal -0.195089 -0.980786 -0
    outer loop
      vertex 5.2 -0.299999 3.5
      vertex 5.0852 -0.277164 3.15
      vertex 5.2 -0.299999 3.15
    endloop
  endfacet
  facet normal 0.555559 -0.831477 0
    outer loop
      vertex 5.3148 -0.277164 3.15
      vertex 5.41213 -0.212132 3.5
      vertex 5.3148 -0.277164 3.5
    endloop
  endfacet
  facet normal 0.555559 -0.831477 0
    outer loop
      vertex 5.41213 -0.212132 3.5
      vertex 5.3148 -0.277164 3.15
      vertex 5.41213 -0.212132 3.15
    endloop
  endfacet
  facet normal -0.831479 -0.555556 0
    outer loop
      vertex 4.98787 -0.212132 3.15
      vertex 4.92284 -0.114804 3.5
      vertex 4.92284 -0.114804 3.15
    endloop
  endfacet
  facet normal -0.831479 -0.555556 0
    outer loop
      vertex 4.92284 -0.114804 3.5
      vertex 4.98787 -0.212132 3.15
      vertex 4.98787 -0.212132 3.5
    endloop
  endfacet
  facet normal 0 0 -1
    outer loop
      vertex 5.47716 -0.114804 3.15
      vertex 5.47716 0.114805 3.15
      vertex 5.5 0 3.15
    endloop
  endfacet
  facet normal 0 0 -1
    outer loop
      vertex 5.41213 -0.212132 3.15
      vertex 5.47716 0.114805 3.15
      vertex 5.47716 -0.114804 3.15
    endloop
  endfacet
  facet normal 0 0 -1
    outer loop
      vertex 5.41213 -0.212132 3.15
      vertex 5.41213 0.212132 3.15
      vertex 5.47716 0.114805 3.15
    endloop
  endfacet
  facet normal 0 0 -1
    outer loop
      vertex 5.3148 -0.277164 3.15
      vertex 5.41213 0.212132 3.15
      vertex 5.41213 -0.212132 3.15
    endloop
  endfacet
  facet normal 0 0 -1
    outer loop
      vertex 5.3148 -0.277164 3.15
      vertex 5.3148 0.277164 3.15
      vertex 5.41213 0.212132 3.15
    endloop
  endfacet
  facet normal 0 0 -1
    outer loop
      vertex 5.2 -0.299999 3.15
      vertex 5.3148 0.277164 3.15
      vertex 5.3148 -0.277164 3.15
    endloop
  endfacet
  facet normal 0 0 -1
    outer loop
      vertex 5.2 -0.299999 3.15
      vertex 5.2 0.3 3.15
      vertex 5.3148 0.277164 3.15
    endloop
  endfacet
  facet normal 0 0 -1
    outer loop
      vertex 5.0852 -0.277164 3.15
      vertex 5.2 0.3 3.15
      vertex 5.2 -0.299999 3.15
    endloop
  endfacet
  facet normal 0 0 -1
    outer loop
      vertex 5.0852 -0.277164 3.15
      vertex 5.0852 0.277164 3.15
      vertex 5.2 0.3 3.15
    endloop
  endfacet
  facet normal 0 0 -1
    outer loop
      vertex 4.98787 -0.212132 3.15
      vertex 5.0852 0.277164 3.15
      vertex 5.0852 -0.277164 3.15
    endloop
  endfacet
  facet normal 0 0 -1
    outer loop
      vertex 4.98787 -0.212132 3.15
      vertex 4.98787 0.212132 3.15
      vertex 5.0852 0.277164 3.15
    endloop
  endfacet
  facet normal 0 0 -1
    outer loop
      vertex 4.92284 -0.114804 3.15
      vertex 4.98787 0.212132 3.15
      vertex 4.98787 -0.212132 3.15
    endloop
  endfacet
  facet normal 0 0 -1
    outer loop
      vertex 4.92284 -0.114804 3.15
      vertex 4.92284 0.114805 3.15
      vertex 4.98787 0.212132 3.15
    endloop
  endfacet
  facet normal 0 -0 -1
    outer loop
      vertex 4.92284 0.114805 3.15
      vertex 4.92284 -0.114804 3.15
      vertex 4.9 0 3.15
    endloop
  endfacet
  facet normal -0.555559 -0.831477 0
    outer loop
      vertex 4.98787 -0.212132 3.15
      vertex 5.0852 -0.277164 3.5
      vertex 4.98787 -0.212132 3.5
    endloop
  endfacet
  facet normal -0.555559 -0.831477 -0
    outer loop
      vertex 5.0852 -0.277164 3.5
      vertex 4.98787 -0.212132 3.15
      vertex 5.0852 -0.277164 3.15
    endloop
  endfacet
  facet normal 0.555559 0.831477 -0
    outer loop
      vertex 5.41213 0.212132 3.15
      vertex 5.3148 0.277164 3.5
      vertex 5.41213 0.212132 3.5
    endloop
  endfacet
  facet normal 0.555559 0.831477 0
    outer loop
      vertex 5.3148 0.277164 3.5
      vertex 5.41213 0.212132 3.15
      vertex 5.3148 0.277164 3.15
    endloop
  endfacet
  facet normal 0.980779 0.195122 0
    outer loop
      vertex 5.5 0 3.5
      vertex 5.47716 0.114805 3.15
      vertex 5.47716 0.114805 3.5
    endloop
  endfacet
  facet normal 0.980779 0.195122 0
    outer loop
      vertex 5.47716 0.114805 3.15
      vertex 5.5 0 3.5
      vertex 5.5 0 3.15
    endloop
  endfacet
  facet normal -0.831477 0.555559 0
    outer loop
      vertex 4.92284 0.114805 3.15
      vertex 4.98787 0.212132 3.5
      vertex 4.98787 0.212132 3.15
    endloop
  endfacet
  facet normal -0.831477 0.555559 0
    outer loop
      vertex 4.98787 0.212132 3.5
      vertex 4.92284 0.114805 3.15
      vertex 4.92284 0.114805 3.5
    endloop
  endfacet
  facet normal 0.195089 -0.980786 0
    outer loop
      vertex 5.2 -0.299999 3.15
      vertex 5.3148 -0.277164 3.5
      vertex 5.2 -0.299999 3.5
    endloop
  endfacet
  facet normal 0.195089 -0.980786 0
    outer loop
      vertex 5.3148 -0.277164 3.5
      vertex 5.2 -0.299999 3.15
      vertex 5.3148 -0.277164 3.15
    endloop
  endfacet
  facet normal -0.980779 -0.195124 0
    outer loop
      vertex 4.92284 -0.114804 3.15
      vertex 4.9 0 3.5
      vertex 4.9 0 3.15
    endloop
  endfacet
  facet normal -0.980779 -0.195124 0
    outer loop
      vertex 4.9 0 3.5
      vertex 4.92284 -0.114804 3.15
      vertex 4.92284 -0.114804 3.5
    endloop
  endfacet
  facet normal -0.980779 0.195122 0
    outer loop
      vertex 4.9 0 3.15
      vertex 4.92284 0.114805 3.5
      vertex 4.92284 0.114805 3.15
    endloop
  endfacet
  facet normal -0.980779 0.195122 0
    outer loop
      vertex 4.92284 0.114805 3.5
      vertex 4.9 0 3.15
      vertex 4.9 0 3.5
    endloop
  endfacet
  facet normal 0.831477 0.555559 0
    outer loop
      vertex 5.47716 0.114805 3.5
      vertex 5.41213 0.212132 3.15
      vertex 5.41213 0.212132 3.5
    endloop
  endfacet
  facet normal 0.831477 0.555559 0
    outer loop
      vertex 5.41213 0.212132 3.15
      vertex 5.47716 0.114805 3.5
      vertex 5.47716 0.114805 3.15
    endloop
  endfacet
  facet normal -0.195097 0.980784 0
    outer loop
      vertex 5.2 0.3 3.15
      vertex 5.0852 0.277164 3.5
      vertex 5.2 0.3 3.5
    endloop
  endfacet
  facet normal -0.195097 0.980784 0
    outer loop
      vertex 5.0852 0.277164 3.5
      vertex 5.2 0.3 3.15
      vertex 5.0852 0.277164 3.15
    endloop
  endfacet
  facet normal 0.195097 0.980784 -0
    outer loop
      vertex 5.3148 0.277164 3.15
      vertex 5.2 0.3 3.5
      vertex 5.3148 0.277164 3.5
    endloop
  endfacet
  facet normal 0.195097 0.980784 0
    outer loop
      vertex 5.2 0.3 3.5
      vertex 5.3148 0.277164 3.15
      vertex 5.2 0.3 3.15
    endloop
  endfacet
  facet normal -0.555559 0.831477 0
    outer loop
      vertex 5.0852 0.277164 3.15
      vertex 4.98787 0.212132 3.5
      vertex 5.0852 0.277164 3.5
    endloop
  endfacet
  facet normal -0.555559 0.831477 0
    outer loop
      vertex 4.98787 0.212132 3.5
      vertex 5.0852 0.277164 3.15
      vertex 4.98787 0.212132 3.15
    endloop
  endfacet
  facet normal 0.980779 -0.195124 0
    outer loop
      vertex 6.47716 -0.114804 3.5
      vertex 6.5 0 3.15
      vertex 6.5 0 3.5
    endloop
  endfacet
  facet normal 0.980779 -0.195124 0
    outer loop
      vertex 6.5 0 3.15
      vertex 6.47716 -0.114804 3.5
      vertex 6.47716 -0.114804 3.15
    endloop
  endfacet
  facet normal 0.831479 -0.555556 0
    outer loop
      vertex 6.41213 -0.212132 3.5
      vertex 6.47716 -0.114804 3.15
      vertex 6.47716 -0.114804 3.5
    endloop
  endfacet
  facet normal 0.831479 -0.555556 0
    outer loop
      vertex 6.47716 -0.114804 3.15
      vertex 6.41213 -0.212132 3.5
      vertex 6.41213 -0.212132 3.15
    endloop
  endfacet
  facet normal -0.195089 -0.980786 0
    outer loop
      vertex 6.0852 -0.277164 3.15
      vertex 6.2 -0.299999 3.5
      vertex 6.0852 -0.277164 3.5
    endloop
  endfacet
  facet normal -0.195089 -0.980786 -0
    outer loop
      vertex 6.2 -0.299999 3.5
      vertex 6.0852 -0.277164 3.15
      vertex 6.2 -0.299999 3.15
    endloop
  endfacet
  facet normal 0.555559 -0.831477 0
    outer loop
      vertex 6.3148 -0.277164 3.15
      vertex 6.41213 -0.212132 3.5
      vertex 6.3148 -0.277164 3.5
    endloop
  endfacet
  facet normal 0.555559 -0.831477 0
    outer loop
      vertex 6.41213 -0.212132 3.5
      vertex 6.3148 -0.277164 3.15
      vertex 6.41213 -0.212132 3.15
    endloop
  endfacet
  facet normal -0.831479 -0.555556 0
    outer loop
      vertex 5.98787 -0.212132 3.15
      vertex 5.92284 -0.114804 3.5
      vertex 5.92284 -0.114804 3.15
    endloop
  endfacet
  facet normal -0.831479 -0.555556 0
    outer loop
      vertex 5.92284 -0.114804 3.5
      vertex 5.98787 -0.212132 3.15
      vertex 5.98787 -0.212132 3.5
    endloop
  endfacet
  facet normal 0 0 -1
    outer loop
      vertex 6.47716 -0.114804 3.15
      vertex 6.47716 0.114805 3.15
      vertex 6.5 0 3.15
    endloop
  endfacet
  facet normal 0 0 -1
    outer loop
      vertex 6.41213 -0.212132 3.15
      vertex 6.47716 0.114805 3.15
      vertex 6.47716 -0.114804 3.15
    endloop
  endfacet
  facet normal 0 0 -1
    outer loop
      vertex 6.41213 -0.212132 3.15
      vertex 6.41213 0.212132 3.15
      vertex 6.47716 0.114805 3.15
    endloop
  endfacet
  facet normal 0 0 -1
    outer loop
      vertex 6.3148 -0.277164 3.15
      vertex 6.41213 0.212132 3.15
      vertex 6.41213 -0.212132 3.15
    endloop
  endfacet
  facet normal 0 0 -1
    outer loop
      vertex 6.3148 -0.277164 3.15
      vertex 6.3148 0.277164 3.15
      vertex 6.41213 0.212132 3.15
    endloop
  endfacet
  facet normal 0 0 -1
    outer loop
      vertex 6.2 -0.299999 3.15
      vertex 6.3148 0.277164 3.15
      vertex 6.3148 -0.277164 3.15
    endloop
  endfacet
  facet normal 0 0 -1
    outer loop
      vertex 6.2 -0.299999 3.15
      vertex 6.2 0.3 3.15
      vertex 6.3148 0.277164 3.15
    endloop
  endfacet
  facet normal 0 0 -1
    outer loop
      vertex 6.0852 -0.277164 3.15
      vertex 6.2 0.3 3.15
      vertex 6.2 -0.299999 3.15
    endloop
  endfacet
  facet normal 0 0 -1
    outer loop
      vertex 6.0852 -0.277164 3.15
      vertex 6.0852 0.277164 3.15
      vertex 6.2 0.3 3.15
    endloop
  endfacet
  facet normal 0 0 -1
    outer loop
      vertex 5.98787 -0.212132 3.15
      vertex 6.0852 0.277164 3.15
      vertex 6.0852 -0.277164 3.15
    endloop
  endfacet
  facet normal 0 0 -1
    outer loop
      vertex 5.98787 -0.212132 3.15
      vertex 5.98787 0.212132 3.15
      vertex 6.0852 0.277164 3.15
    endloop
  endfacet
  facet normal 0 0 -1
    outer loop
      vertex 5.92284 -0.114804 3.15
      vertex 5.98787 0.212132 3.15
      vertex 5.98787 -0.212132 3.15
    endloop
  endfacet
  facet normal 0 0 -1
    outer loop
      vertex 5.92284 -0.114804 3.15
      vertex 5.92284 0.114805 3.15
      vertex 5.98787 0.212132 3.15
    endloop
  endfacet
  facet normal 0 -0 -1
    outer loop
      vertex 5.92284 0.114805 3.15
      vertex 5.92284 -0.114804 3.15
      vertex 5.9 0 3.15
    endloop
  endfacet
  facet normal -0.555559 -0.831477 0
    outer loop
      vertex 5.98787 -0.212132 3.15
      vertex 6.0852 -0.277164 3.5
      vertex 5.98787 -0.212132 3.5
    endloop
  endfacet
  facet normal -0.555559 -0.831477 -0
    outer loop
      vertex 6.0852 -0.277164 3.5
      vertex 5.98787 -0.212132 3.15
      vertex 6.0852 -0.277164 3.15
    endloop
  endfacet
  facet normal 0.555559 0.831477 -0
    outer loop
      vertex 6.41213 0.212132 3.15
      vertex 6.3148 0.277164 3.5
      vertex 6.41213 0.212132 3.5
    endloop
  endfacet
  facet normal 0.555559 0.831477 0
    outer loop
      vertex 6.3148 0.277164 3.5
      vertex 6.41213 0.212132 3.15
      vertex 6.3148 0.277164 3.15
    endloop
  endfacet
  facet normal 0.980779 0.195122 0
    outer loop
      vertex 6.5 0 3.5
      vertex 6.47716 0.114805 3.15
      vertex 6.47716 0.114805 3.5
    endloop
  endfacet
  facet normal 0.980779 0.195122 0
    outer loop
      vertex 6.47716 0.114805 3.15
      vertex 6.5 0 3.5
      vertex 6.5 0 3.15
    endloop
  endfacet
  facet normal -0.831477 0.555559 0
    outer loop
      vertex 5.92284 0.114805 3.15
      vertex 5.98787 0.212132 3.5
      vertex 5.98787 0.212132 3.15
    endloop
  endfacet
  facet normal -0.831477 0.555559 0
    outer loop
      vertex 5.98787 0.212132 3.5
      vertex 5.92284 0.114805 3.15
      vertex 5.92284 0.114805 3.5
    endloop
  endfacet
  facet normal 0.195089 -0.980786 0
    outer loop
      vertex 6.2 -0.299999 3.15
      vertex 6.3148 -0.277164 3.5
      vertex 6.2 -0.299999 3.5
    endloop
  endfacet
  facet normal 0.195089 -0.980786 0
    outer loop
      vertex 6.3148 -0.277164 3.5
      vertex 6.2 -0.299999 3.15
      vertex 6.3148 -0.277164 3.15
    endloop
  endfacet
  facet normal -0.980779 -0.195124 0
    outer loop
      vertex 5.92284 -0.114804 3.15
      vertex 5.9 0 3.5
      vertex 5.9 0 3.15
    endloop
  endfacet
  facet normal -0.980779 -0.195124 0
    outer loop
      vertex 5.9 0 3.5
      vertex 5.92284 -0.114804 3.15
      vertex 5.92284 -0.114804 3.5
    endloop
  endfacet
  facet normal -0.980779 0.195122 0
    outer loop
      vertex 5.9 0 3.15
      vertex 5.92284 0.114805 3.5
      vertex 5.92284 0.114805 3.15
    endloop
  endfacet
  facet normal -0.980779 0.195122 0
    outer loop
      vertex 5.92284 0.114805 3.5
      vertex 5.9 0 3.15
      vertex 5.9 0 3.5
    endloop
  endfacet
  facet normal 0.831477 0.555559 0
    outer loop
      vertex 6.47716 0.114805 3.5
      vertex 6.41213 0.212132 3.15
      vertex 6.41213 0.212132 3.5
    endloop
  endfacet
  facet normal 0.831477 0.555559 0
    outer loop
      vertex 6.41213 0.212132 3.15
      vertex 6.47716 0.114805 3.5
      vertex 6.47716 0.114805 3.15
    endloop
  endfacet
  facet normal -0.195097 0.980784 0
    outer loop
      vertex 6.2 0.3 3.15
      vertex 6.0852 0.277164 3.5
      vertex 6.2 0.3 3.5
    endloop
  endfacet
  facet normal -0.195097 0.980784 0
    outer loop
      vertex 6.0852 0.277164 3.5
      vertex 6.2 0.3 3.15
      vertex 6.0852 0.277164 3.15
    endloop
  endfacet
  facet normal 0.195097 0.980784 -0
    outer loop
      vertex 6.3148 0.277164 3.15
      vertex 6.2 0.3 3.5
      vertex 6.3148 0.277164 3.5
    endloop
  endfacet
  facet normal 0.195097 0.980784 0
    outer loop
      vertex 6.2 0.3 3.5
      vertex 6.3148 0.277164 3.15
      vertex 6.2 0.3 3.15
    endloop
  endfacet
  facet normal -0.555559 0.831477 0
    outer loop
      vertex 6.0852 0.277164 3.15
      vertex 5.98787 0.212132 3.5
      vertex 6.0852 0.277164 3.5
    endloop
  endfacet
  facet normal -0.555559 0.831477 0
    outer loop
      vertex 5.98787 0.212132 3.5
      vertex 6.0852 0.277164 3.15
      vertex 5.98787 0.212132 3.15
    endloop
  endfacet
  facet normal 0.980779 -0.195124 0
    outer loop
      vertex 7.47716 -0.114804 3.5
      vertex 7.5 0 3.15
      vertex 7.5 0 3.5
    endloop
  endfacet
  facet normal 0.980779 -0.195124 0
    outer loop
      vertex 7.5 0 3.15
      vertex 7.47716 -0.114804 3.5
      vertex 7.47716 -0.114804 3.15
    endloop
  endfacet
  facet normal -0.980779 0.195122 0
    outer loop
      vertex 6.9 0 3.15
      vertex 6.92284 0.114805 3.5
      vertex 6.92284 0.114805 3.15
    endloop
  endfacet
  facet normal -0.980779 0.195122 0
    outer loop
      vertex 6.92284 0.114805 3.5
      vertex 6.9 0 3.15
      vertex 6.9 0 3.5
    endloop
  endfacet
  facet normal 0.195097 0.980784 -0
    outer loop
      vertex 7.3148 0.277164 3.15
      vertex 7.2 0.3 3.5
      vertex 7.3148 0.277164 3.5
    endloop
  endfacet
  facet normal 0.195097 0.980784 0
    outer loop
      vertex 7.2 0.3 3.5
      vertex 7.3148 0.277164 3.15
      vertex 7.2 0.3 3.15
    endloop
  endfacet
  facet normal 0.555559 -0.831477 0
    outer loop
      vertex 7.3148 -0.277164 3.15
      vertex 7.41213 -0.212132 3.5
      vertex 7.3148 -0.277164 3.5
    endloop
  endfacet
  facet normal 0.555559 -0.831477 0
    outer loop
      vertex 7.41213 -0.212132 3.5
      vertex 7.3148 -0.277164 3.15
      vertex 7.41213 -0.212132 3.15
    endloop
  endfacet
  facet normal -0.195089 -0.980786 0
    outer loop
      vertex 7.0852 -0.277164 3.15
      vertex 7.2 -0.299999 3.5
      vertex 7.0852 -0.277164 3.5
    endloop
  endfacet
  facet normal -0.195089 -0.980786 -0
    outer loop
      vertex 7.2 -0.299999 3.5
      vertex 7.0852 -0.277164 3.15
      vertex 7.2 -0.299999 3.15
    endloop
  endfacet
  facet normal 0.195089 -0.980786 0
    outer loop
      vertex 7.2 -0.299999 3.15
      vertex 7.3148 -0.277164 3.5
      vertex 7.2 -0.299999 3.5
    endloop
  endfacet
  facet normal 0.195089 -0.980786 0
    outer loop
      vertex 7.3148 -0.277164 3.5
      vertex 7.2 -0.299999 3.15
      vertex 7.3148 -0.277164 3.15
    endloop
  endfacet
  facet normal -0.831479 -0.555556 0
    outer loop
      vertex 6.98787 -0.212132 3.15
      vertex 6.92284 -0.114804 3.5
      vertex 6.92284 -0.114804 3.15
    endloop
  endfacet
  facet normal -0.831479 -0.555556 0
    outer loop
      vertex 6.92284 -0.114804 3.5
      vertex 6.98787 -0.212132 3.15
      vertex 6.98787 -0.212132 3.5
    endloop
  endfacet
  facet normal 0.980779 0.195122 0
    outer loop
      vertex 7.5 0 3.5
      vertex 7.47716 0.114805 3.15
      vertex 7.47716 0.114805 3.5
    endloop
  endfacet
  facet normal 0.980779 0.195122 0
    outer loop
      vertex 7.47716 0.114805 3.15
      vertex 7.5 0 3.5
      vertex 7.5 0 3.15
    endloop
  endfacet
  facet normal 0.555559 0.831477 -0
    outer loop
      vertex 7.41213 0.212132 3.15
      vertex 7.3148 0.277164 3.5
      vertex 7.41213 0.212132 3.5
    endloop
  endfacet
  facet normal 0.555559 0.831477 0
    outer loop
      vertex 7.3148 0.277164 3.5
      vertex 7.41213 0.212132 3.15
      vertex 7.3148 0.277164 3.15
    endloop
  endfacet
  facet normal 0.831477 0.555559 0
    outer loop
      vertex 7.47716 0.114805 3.5
      vertex 7.41213 0.212132 3.15
      vertex 7.41213 0.212132 3.5
    endloop
  endfacet
  facet normal 0.831477 0.555559 0
    outer loop
      vertex 7.41213 0.212132 3.15
      vertex 7.47716 0.114805 3.5
      vertex 7.47716 0.114805 3.15
    endloop
  endfacet
  facet normal -0.195097 0.980784 0
    outer loop
      vertex 7.2 0.3 3.15
      vertex 7.0852 0.277164 3.5
      vertex 7.2 0.3 3.5
    endloop
  endfacet
  facet normal -0.195097 0.980784 0
    outer loop
      vertex 7.0852 0.277164 3.5
      vertex 7.2 0.3 3.15
      vertex 7.0852 0.277164 3.15
    endloop
  endfacet
  facet normal 0.831479 -0.555556 0
    outer loop
      vertex 7.41213 -0.212132 3.5
      vertex 7.47716 -0.114804 3.15
      vertex 7.47716 -0.114804 3.5
    endloop
  endfacet
  facet normal 0.831479 -0.555556 0
    outer loop
      vertex 7.47716 -0.114804 3.15
      vertex 7.41213 -0.212132 3.5
      vertex 7.41213 -0.212132 3.15
    endloop
  endfacet
  facet normal 0 0 -1
    outer loop
      vertex 7.47716 -0.114804 3.15
      vertex 7.47716 0.114805 3.15
      vertex 7.5 0 3.15
    endloop
  endfacet
  facet normal 0 0 -1
    outer loop
      vertex 7.41213 -0.212132 3.15
      vertex 7.47716 0.114805 3.15
      vertex 7.47716 -0.114804 3.15
    endloop
  endfacet
  facet normal 0 0 -1
    outer loop
      vertex 7.41213 -0.212132 3.15
      vertex 7.41213 0.212132 3.15
      vertex 7.47716 0.114805 3.15
    endloop
  endfacet
  facet normal 0 0 -1
    outer loop
      vertex 7.3148 -0.277164 3.15
      vertex 7.41213 0.212132 3.15
      vertex 7.41213 -0.212132 3.15
    endloop
  endfacet
  facet normal 0 0 -1
    outer loop
      vertex 7.3148 -0.277164 3.15
      vertex 7.3148 0.277164 3.15
      vertex 7.41213 0.212132 3.15
    endloop
  endfacet
  facet normal 0 0 -1
    outer loop
      vertex 7.2 -0.299999 3.15
      vertex 7.3148 0.277164 3.15
      vertex 7.3148 -0.277164 3.15
    endloop
  endfacet
  facet normal 0 0 -1
    outer loop
      vertex 7.2 -0.299999 3.15
      vertex 7.2 0.3 3.15
      vertex 7.3148 0.277164 3.15
    endloop
  endfacet
  facet normal 0 0 -1
    outer loop
      vertex 7.0852 -0.277164 3.15
      vertex 7.2 0.3 3.15
      vertex 7.2 -0.299999 3.15
    endloop
  endfacet
  facet normal 0 0 -1
    outer loop
      vertex 7.0852 -0.277164 3.15
      vertex 7.0852 0.277164 3.15
      vertex 7.2 0.3 3.15
    endloop
  endfacet
  facet normal 0 0 -1
    outer loop
      vertex 6.98787 -0.212132 3.15
      vertex 7.0852 0.277164 3.15
      vertex 7.0852 -0.277164 3.15
    endloop
  endfacet
  facet normal 0 0 -1
    outer loop
      vertex 6.98787 -0.212132 3.15
      vertex 6.98787 0.212132 3.15
      vertex 7.0852 0.277164 3.15
    endloop
  endfacet
  facet normal 0 0 -1
    outer loop
      vertex 6.92284 -0.114804 3.15
      vertex 6.98787 0.212132 3.15
      vertex 6.98787 -0.212132 3.15
    endloop
  endfacet
  facet normal 0 0 -1
    outer loop
      vertex 6.92284 -0.114804 3.15
      vertex 6.92284 0.114805 3.15
      vertex 6.98787 0.212132 3.15
    endloop
  endfacet
  facet normal 0 -0 -1
    outer loop
      vertex 6.92284 0.114805 3.15
      vertex 6.92284 -0.114804 3.15
      vertex 6.9 0 3.15
    endloop
  endfacet
  facet normal -0.980779 -0.195124 0
    outer loop
      vertex 6.92284 -0.114804 3.15
      vertex 6.9 0 3.5
      vertex 6.9 0 3.15
    endloop
  endfacet
  facet normal -0.980779 -0.195124 0
    outer loop
      vertex 6.9 0 3.5
      vertex 6.92284 -0.114804 3.15
      vertex 6.92284 -0.114804 3.5
    endloop
  endfacet
  facet normal -0.555559 -0.831477 0
    outer loop
      vertex 6.98787 -0.212132 3.15
      vertex 7.0852 -0.277164 3.5
      vertex 6.98787 -0.212132 3.5
    endloop
  endfacet
  facet normal -0.555559 -0.831477 -0
    outer loop
      vertex 7.0852 -0.277164 3.5
      vertex 6.98787 -0.212132 3.15
      vertex 7.0852 -0.277164 3.15
    endloop
  endfacet
  facet normal -0.831477 0.555559 0
    outer loop
      vertex 6.92284 0.114805 3.15
      vertex 6.98787 0.212132 3.5
      vertex 6.98787 0.212132 3.15
    endloop
  endfacet
  facet normal -0.831477 0.555559 0
    outer loop
      vertex 6.98787 0.212132 3.5
      vertex 6.92284 0.114805 3.15
      vertex 6.92284 0.114805 3.5
    endloop
  endfacet
  facet normal -0.555559 0.831477 0
    outer loop
      vertex 7.0852 0.277164 3.15
      vertex 6.98787 0.212132 3.5
      vertex 7.0852 0.277164 3.5
    endloop
  endfacet
  facet normal -0.555559 0.831477 0
    outer loop
      vertex 6.98787 0.212132 3.5
      vertex 7.0852 0.277164 3.15
      vertex 6.98787 0.212132 3.15
    endloop
  endfacet
  facet normal 0.980779 -0.195124 0
    outer loop
      vertex 8.47716 -0.114804 3.5
      vertex 8.5 0 3.15
      vertex 8.5 0 3.5
    endloop
  endfacet
  facet normal 0.980779 -0.195124 0
    outer loop
      vertex 8.5 0 3.15
      vertex 8.47716 -0.114804 3.5
      vertex 8.47716 -0.114804 3.15
    endloop
  endfacet
  facet normal 0.831479 -0.555556 0
    outer loop
      vertex 8.41213 -0.212132 3.5
      vertex 8.47716 -0.114804 3.15
      vertex 8.47716 -0.114804 3.5
    endloop
  endfacet
  facet normal 0.831479 -0.555556 0
    outer loop
      vertex 8.47716 -0.114804 3.15
      vertex 8.41213 -0.212132 3.5
      vertex 8.41213 -0.212132 3.15
    endloop
  endfacet
  facet normal -0.195073 -0.980789 0
    outer loop
      vertex 8.08519 -0.277164 3.15
      vertex 8.2 -0.299999 3.5
      vertex 8.08519 -0.277164 3.5
    endloop
  endfacet
  facet normal -0.195073 -0.980789 -0
    outer loop
      vertex 8.2 -0.299999 3.5
      vertex 8.08519 -0.277164 3.15
      vertex 8.2 -0.299999 3.15
    endloop
  endfacet
  facet normal 0.555559 -0.831477 0
    outer loop
      vertex 8.3148 -0.277164 3.15
      vertex 8.41213 -0.212132 3.5
      vertex 8.3148 -0.277164 3.5
    endloop
  endfacet
  facet normal 0.555559 -0.831477 0
    outer loop
      vertex 8.41213 -0.212132 3.5
      vertex 8.3148 -0.277164 3.15
      vertex 8.41213 -0.212132 3.15
    endloop
  endfacet
  facet normal -0.831479 -0.555556 0
    outer loop
      vertex 7.98787 -0.212132 3.15
      vertex 7.92284 -0.114804 3.5
      vertex 7.92284 -0.114804 3.15
    endloop
  endfacet
  facet normal -0.831479 -0.555556 0
    outer loop
      vertex 7.92284 -0.114804 3.5
      vertex 7.98787 -0.212132 3.15
      vertex 7.98787 -0.212132 3.5
    endloop
  endfacet
  facet normal 0 0 -1
    outer loop
      vertex 8.47716 -0.114804 3.15
      vertex 8.47716 0.114805 3.15
      vertex 8.5 0 3.15
    endloop
  endfacet
  facet normal 0 0 -1
    outer loop
      vertex 8.41213 -0.212132 3.15
      vertex 8.47716 0.114805 3.15
      vertex 8.47716 -0.114804 3.15
    endloop
  endfacet
  facet normal 0 0 -1
    outer loop
      vertex 8.41213 -0.212132 3.15
      vertex 8.41213 0.212132 3.15
      vertex 8.47716 0.114805 3.15
    endloop
  endfacet
  facet normal 0 0 -1
    outer loop
      vertex 8.3148 -0.277164 3.15
      vertex 8.41213 0.212132 3.15
      vertex 8.41213 -0.212132 3.15
    endloop
  endfacet
  facet normal 0 0 -1
    outer loop
      vertex 8.3148 -0.277164 3.15
      vertex 8.3148 0.277164 3.15
      vertex 8.41213 0.212132 3.15
    endloop
  endfacet
  facet normal 0 0 -1
    outer loop
      vertex 8.2 -0.299999 3.15
      vertex 8.3148 0.277164 3.15
      vertex 8.3148 -0.277164 3.15
    endloop
  endfacet
  facet normal 0 0 -1
    outer loop
      vertex 8.2 -0.299999 3.15
      vertex 8.2 0.3 3.15
      vertex 8.3148 0.277164 3.15
    endloop
  endfacet
  facet normal 0 0 -1
    outer loop
      vertex 8.08519 -0.277164 3.15
      vertex 8.2 0.3 3.15
      vertex 8.2 -0.299999 3.15
    endloop
  endfacet
  facet normal 0 0 -1
    outer loop
      vertex 8.08519 -0.277164 3.15
      vertex 8.08519 0.277164 3.15
      vertex 8.2 0.3 3.15
    endloop
  endfacet
  facet normal 0 0 -1
    outer loop
      vertex 7.98787 -0.212132 3.15
      vertex 8.08519 0.277164 3.15
      vertex 8.08519 -0.277164 3.15
    endloop
  endfacet
  facet normal 0 0 -1
    outer loop
      vertex 7.98787 -0.212132 3.15
      vertex 7.98787 0.212132 3.15
      vertex 8.08519 0.277164 3.15
    endloop
  endfacet
  facet normal 0 0 -1
    outer loop
      vertex 7.92284 -0.114804 3.15
      vertex 7.98787 0.212132 3.15
      vertex 7.98787 -0.212132 3.15
    endloop
  endfacet
  facet normal 0 0 -1
    outer loop
      vertex 7.92284 -0.114804 3.15
      vertex 7.92284 0.114805 3.15
      vertex 7.98787 0.212132 3.15
    endloop
  endfacet
  facet normal 0 -0 -1
    outer loop
      vertex 7.92284 0.114805 3.15
      vertex 7.92284 -0.114804 3.15
      vertex 7.9 0 3.15
    endloop
  endfacet
  facet normal -0.555599 -0.83145 0
    outer loop
      vertex 7.98787 -0.212132 3.15
      vertex 8.08519 -0.277164 3.5
      vertex 7.98787 -0.212132 3.5
    endloop
  endfacet
  facet normal -0.555599 -0.83145 -0
    outer loop
      vertex 8.08519 -0.277164 3.5
      vertex 7.98787 -0.212132 3.15
      vertex 8.08519 -0.277164 3.15
    endloop
  endfacet
  facet normal 0.555559 0.831477 -0
    outer loop
      vertex 8.41213 0.212132 3.15
      vertex 8.3148 0.277164 3.5
      vertex 8.41213 0.212132 3.5
    endloop
  endfacet
  facet normal 0.555559 0.831477 0
    outer loop
      vertex 8.3148 0.277164 3.5
      vertex 8.41213 0.212132 3.15
      vertex 8.3148 0.277164 3.15
    endloop
  endfacet
  facet normal 0.980779 0.195122 0
    outer loop
      vertex 8.5 0 3.5
      vertex 8.47716 0.114805 3.15
      vertex 8.47716 0.114805 3.5
    endloop
  endfacet
  facet normal 0.980779 0.195122 0
    outer loop
      vertex 8.47716 0.114805 3.15
      vertex 8.5 0 3.5
      vertex 8.5 0 3.15
    endloop
  endfacet
  facet normal -0.831477 0.555559 0
    outer loop
      vertex 7.92284 0.114805 3.15
      vertex 7.98787 0.212132 3.5
      vertex 7.98787 0.212132 3.15
    endloop
  endfacet
  facet normal -0.831477 0.555559 0
    outer loop
      vertex 7.98787 0.212132 3.5
      vertex 7.92284 0.114805 3.15
      vertex 7.92284 0.114805 3.5
    endloop
  endfacet
  facet normal 0.195089 -0.980786 0
    outer loop
      vertex 8.2 -0.299999 3.15
      vertex 8.3148 -0.277164 3.5
      vertex 8.2 -0.299999 3.5
    endloop
  endfacet
  facet normal 0.195089 -0.980786 0
    outer loop
      vertex 8.3148 -0.277164 3.5
      vertex 8.2 -0.299999 3.15
      vertex 8.3148 -0.277164 3.15
    endloop
  endfacet
  facet normal -0.980779 -0.195124 0
    outer loop
      vertex 7.92284 -0.114804 3.15
      vertex 7.9 0 3.5
      vertex 7.9 0 3.15
    endloop
  endfacet
  facet normal -0.980779 -0.195124 0
    outer loop
      vertex 7.9 0 3.5
      vertex 7.92284 -0.114804 3.15
      vertex 7.92284 -0.114804 3.5
    endloop
  endfacet
  facet normal -0.980779 0.195122 0
    outer loop
      vertex 7.9 0 3.15
      vertex 7.92284 0.114805 3.5
      vertex 7.92284 0.114805 3.15
    endloop
  endfacet
  facet normal -0.980779 0.195122 0
    outer loop
      vertex 7.92284 0.114805 3.5
      vertex 7.9 0 3.15
      vertex 7.9 0 3.5
    endloop
  endfacet
  facet normal 0.831477 0.555559 0
    outer loop
      vertex 8.47716 0.114805 3.5
      vertex 8.41213 0.212132 3.15
      vertex 8.41213 0.212132 3.5
    endloop
  endfacet
  facet normal 0.831477 0.555559 0
    outer loop
      vertex 8.41213 0.212132 3.15
      vertex 8.47716 0.114805 3.5
      vertex 8.47716 0.114805 3.15
    endloop
  endfacet
  facet normal -0.195081 0.980787 0
    outer loop
      vertex 8.2 0.3 3.15
      vertex 8.08519 0.277164 3.5
      vertex 8.2 0.3 3.5
    endloop
  endfacet
  facet normal -0.195081 0.980787 0
    outer loop
      vertex 8.08519 0.277164 3.5
      vertex 8.2 0.3 3.15
      vertex 8.08519 0.277164 3.15
    endloop
  endfacet
  facet normal 0.195097 0.980784 -0
    outer loop
      vertex 8.3148 0.277164 3.15
      vertex 8.2 0.3 3.5
      vertex 8.3148 0.277164 3.5
    endloop
  endfacet
  facet normal 0.195097 0.980784 0
    outer loop
      vertex 8.2 0.3 3.5
      vertex 8.3148 0.277164 3.15
      vertex 8.2 0.3 3.15
    endloop
  endfacet
  facet normal -0.555599 0.83145 0
    outer loop
      vertex 8.08519 0.277164 3.15
      vertex 7.98787 0.212132 3.5
      vertex 8.08519 0.277164 3.5
    endloop
  endfacet
  facet normal -0.555599 0.83145 0
    outer loop
      vertex 7.98787 0.212132 3.5
      vertex 8.08519 0.277164 3.15
      vertex 7.98787 0.212132 3.15
    endloop
  endfacet
  facet normal 0 1 0
    outer loop
      vertex 14.8 1 6.25
      vertex 14.55 1 6.5
      vertex 14.5826 1 6.49786
    endloop
  endfacet
  facet normal 0 1 0
    outer loop
      vertex 15.4268 1 2.47322
      vertex 15.4498 1 2.5
      vertex 15.4483 1 2.4978
    endloop
  endfacet
  facet normal 0 1 0
    outer loop
      vertex 15.4498 1 2.5
      vertex 15.25 1 2.39999
      vertex 14.1502 1 2.5
    endloop
  endfacet
  facet normal 0 1 0
    outer loop
      vertex 15.4498 1 2.5
      vertex 15.4268 1 2.47322
      vertex 15.25 1 2.39999
    endloop
  endfacet
  facet normal 0 1 -0
    outer loop
      vertex 14.35 1 2.39999
      vertex 14.1502 1 2.5
      vertex 15.25 1 2.39999
    endloop
  endfacet
  facet normal 0 1 0
    outer loop
      vertex 15.25 1 2.39999
      vertex 15.4268 1 2.47322
      vertex 15.4022 1 2.45166
    endloop
  endfacet
  facet normal -0 1 -0
    outer loop
      vertex 14.1732 1 2.47322
      vertex 14.1502 1 2.5
      vertex 14.35 1 2.39999
    endloop
  endfacet
  facet normal 0 1 0
    outer loop
      vertex 15.25 1 2.39999
      vertex 15.4022 1 2.45166
      vertex 15.375 1 2.43349
    endloop
  endfacet
  facet normal 0 1 0
    outer loop
      vertex 14.1502 1 2.5
      vertex 14.1732 1 2.47322
      vertex 14.1517 1 2.4978
    endloop
  endfacet
  facet normal 0 1 0
    outer loop
      vertex 15.25 1 2.39999
      vertex 15.375 1 2.43349
      vertex 15.3457 1 2.41902
    endloop
  endfacet
  facet normal 0 1 0
    outer loop
      vertex 14.1732 1 2.47322
      vertex 14.35 1 2.39999
      vertex 14.1978 1 2.45166
    endloop
  endfacet
  facet normal 0 1 0
    outer loop
      vertex 15.25 1 2.39999
      vertex 15.3457 1 2.41902
      vertex 15.3147 1 2.40851
    endloop
  endfacet
  facet normal 0 1 0
    outer loop
      vertex 14.1978 1 2.45166
      vertex 14.35 1 2.39999
      vertex 14.225 1 2.43349
    endloop
  endfacet
  facet normal 0 1 0
    outer loop
      vertex 15.25 1 2.39999
      vertex 15.3147 1 2.40851
      vertex 15.2826 1 2.40213
    endloop
  endfacet
  facet normal 0 1 0
    outer loop
      vertex 14.225 1 2.43349
      vertex 14.35 1 2.39999
      vertex 14.2543 1 2.41902
    endloop
  endfacet
  facet normal 0 1 0
    outer loop
      vertex 14.2543 1 2.41902
      vertex 14.35 1 2.39999
      vertex 14.2853 1 2.40851
    endloop
  endfacet
  facet normal 0 1 0
    outer loop
      vertex 14.2853 1 2.40851
      vertex 14.35 1 2.39999
      vertex 14.3174 1 2.40213
    endloop
  endfacet
  facet normal 0 1 -0
    outer loop
      vertex 15.5 1 2.5
      vertex 15.4565 1 2.51
      vertex 15.5 1 2.51
    endloop
  endfacet
  facet normal 0 1 0
    outer loop
      vertex 15.4565 1 2.51
      vertex 15.4498 1 2.5
      vertex 14.1435 1 2.51
    endloop
  endfacet
  facet normal 0 1 0
    outer loop
      vertex 15.4565 1 2.51
      vertex 15.5 1 2.5
      vertex 15.4498 1 2.5
    endloop
  endfacet
  facet normal 0 1 -0
    outer loop
      vertex 14.1502 1 2.5
      vertex 14.1435 1 2.51
      vertex 15.4498 1 2.5
    endloop
  endfacet
  facet normal 0 1 0
    outer loop
      vertex 14.1 1 2.5
      vertex 14.1435 1 2.51
      vertex 14.1502 1 2.5
    endloop
  endfacet
  facet normal 0 1 0
    outer loop
      vertex 14.1435 1 2.51
      vertex 14.1 1 2.5
      vertex 14.1 1 2.51
    endloop
  endfacet
  facet normal 0 1 0
    outer loop
      vertex 2.4 1 3.75
      vertex 2.65 1 3.5
      vertex 2.61736 1 3.50214
    endloop
  endfacet
  facet normal 0 1 0
    outer loop
      vertex 2.9 1 11.3
      vertex 2.65 1 11.55
      vertex 2.68264 1 11.5479
    endloop
  endfacet
  facet normal 0 1 0
    outer loop
      vertex 2.65 1 11.55
      vertex 2.9 1 11.25
      vertex 2.15 1 11.55
    endloop
  endfacet
  facet normal 0 1 0
    outer loop
      vertex 2.9 1 11.3
      vertex 2.68264 1 11.5479
      vertex 2.7147 1 11.5415
    endloop
  endfacet
  facet normal 0 1 0
    outer loop
      vertex 1.9 1 11.25
      vertex 2.15 1 11.55
      vertex 2.9 1 11.25
    endloop
  endfacet
  facet normal 0 1 0
    outer loop
      vertex 2.9 1 11.3
      vertex 2.7147 1 11.5415
      vertex 2.74567 1 11.531
    endloop
  endfacet
  facet normal -0 1 0
    outer loop
      vertex 1.9 1 11.26
      vertex 2.15 1 11.55
      vertex 1.9 1 11.25
    endloop
  endfacet
  facet normal 0 1 0
    outer loop
      vertex 2.9 1 11.3
      vertex 2.74567 1 11.531
      vertex 2.775 1 11.5165
    endloop
  endfacet
  facet normal -0 1 0
    outer loop
      vertex 1.9 1 11.3
      vertex 2.15 1 11.55
      vertex 1.9 1 11.26
    endloop
  endfacet
  facet normal 0 1 0
    outer loop
      vertex 2.9 1 11.3
      vertex 2.775 1 11.5165
      vertex 2.80219 1 11.4983
    endloop
  endfacet
  facet normal 0 1 0
    outer loop
      vertex 2.15 1 11.55
      vertex 1.9 1 11.3
      vertex 2.11736 1 11.5479
    endloop
  endfacet
  facet normal 0 1 0
    outer loop
      vertex 2.9 1 11.3
      vertex 2.80219 1 11.4983
      vertex 2.82677 1 11.4768
    endloop
  endfacet
  facet normal 0 1 0
    outer loop
      vertex 2.11736 1 11.5479
      vertex 1.9 1 11.3
      vertex 2.0853 1 11.5415
    endloop
  endfacet
  facet normal 0 1 0
    outer loop
      vertex 2.9 1 11.3
      vertex 2.82677 1 11.4768
      vertex 2.84833 1 11.4522
    endloop
  endfacet
  facet normal 0 1 0
    outer loop
      vertex 2.0853 1 11.5415
      vertex 1.9 1 11.3
      vertex 2.05433 1 11.531
    endloop
  endfacet
  facet normal 0 1 0
    outer loop
      vertex 2.9 1 11.3
      vertex 2.84833 1 11.4522
      vertex 2.86651 1 11.425
    endloop
  endfacet
  facet normal 0 1 0
    outer loop
      vertex 2.05433 1 11.531
      vertex 1.9 1 11.3
      vertex 2.025 1 11.5165
    endloop
  endfacet
  facet normal 0 1 0
    outer loop
      vertex 2.9 1 11.3
      vertex 2.86651 1 11.425
      vertex 2.88097 1 11.3957
    endloop
  endfacet
  facet normal 0 1 0
    outer loop
      vertex 2.65 1 11.55
      vertex 2.9 1 11.26
      vertex 2.9 1 11.25
    endloop
  endfacet
  facet normal 0 1 0
    outer loop
      vertex 2.9 1 11.3
      vertex 2.88097 1 11.3957
      vertex 2.89149 1 11.3647
    endloop
  endfacet
  facet normal 0 1 0
    outer loop
      vertex 2.025 1 11.5165
      vertex 1.9 1 11.3
      vertex 1.99781 1 11.4983
    endloop
  endfacet
  facet normal 0 1 0
    outer loop
      vertex 2.9 1 11.3
      vertex 2.89149 1 11.3647
      vertex 2.89786 1 11.3326
    endloop
  endfacet
  facet normal 0 1 0
    outer loop
      vertex 2.65 1 11.55
      vertex 2.9 1 11.3
      vertex 2.9 1 11.26
    endloop
  endfacet
  facet normal 0 1 0
    outer loop
      vertex 1.95167 1 11.4522
      vertex 1.9 1 11.3
      vertex 1.93349 1 11.425
    endloop
  endfacet
  facet normal 0 1 0
    outer loop
      vertex 1.90851 1 11.3647
      vertex 1.9 1 11.3
      vertex 1.90214 1 11.3326
    endloop
  endfacet
  facet normal 0 1 0
    outer loop
      vertex 1.93349 1 11.425
      vertex 1.9 1 11.3
      vertex 1.91903 1 11.3957
    endloop
  endfacet
  facet normal 0 1 0
    outer loop
      vertex 1.91903 1 11.3957
      vertex 1.9 1 11.3
      vertex 1.90851 1 11.3647
    endloop
  endfacet
  facet normal 0 1 0
    outer loop
      vertex 1.99781 1 11.4983
      vertex 1.9 1 11.3
      vertex 1.97323 1 11.4768
    endloop
  endfacet
  facet normal 0 1 0
    outer loop
      vertex 1.97323 1 11.4768
      vertex 1.9 1 11.3
      vertex 1.95167 1 11.4522
    endloop
  endfacet
  facet normal 0 1 0
    outer loop
      vertex 2.9 1 11.25
      vertex 2.85394 1 8
      vertex 1.9 1 11.25
    endloop
  endfacet
  facet normal 0 1 0
    outer loop
      vertex 2.43403 1 7.73928
      vertex 2.9 1 7.10394
      vertex 2.4 1 7.73333
    endloop
  endfacet
  facet normal 0 1 0
    outer loop
      vertex 2.53165 1 7.75634
      vertex 2.9 1 7.10394
      vertex 2.43403 1 7.73928
    endloop
  endfacet
  facet normal 0 1 0
    outer loop
      vertex 2.64286 1 7.81432
      vertex 2.9 1 7.10394
      vertex 2.53165 1 7.75634
    endloop
  endfacet
  facet normal 0 1 0
    outer loop
      vertex 2.66795 1 7.8274
      vertex 2.9 1 7.10394
      vertex 2.64286 1 7.81432
    endloop
  endfacet
  facet normal 0 1 0
    outer loop
      vertex 2.68885 1 7.84535
      vertex 2.9 1 7.10394
      vertex 2.66795 1 7.8274
    endloop
  endfacet
  facet normal 0 1 0
    outer loop
      vertex 2.81421 1 7.95305
      vertex 2.9 1 7.10394
      vertex 2.68885 1 7.84535
    endloop
  endfacet
  facet normal 0 1 0
    outer loop
      vertex 2.85394 1 8
      vertex 2.9 1 7.10394
      vertex 2.81421 1 7.95305
    endloop
  endfacet
  facet normal 0 1 -0
    outer loop
      vertex 2.9 1 7.10394
      vertex 2.85394 1 8
      vertex 2.9 1 11.25
    endloop
  endfacet
  facet normal 0 1 -0
    outer loop
      vertex 1.94606 1 8
      vertex 1.9 1 11.25
      vertex 2.85394 1 8
    endloop
  endfacet
  facet normal 0 1 0
    outer loop
      vertex 1.9 1 6.68312
      vertex 2.4 1 7.73333
      vertex 2.9 1 7.10394
    endloop
  endfacet
  facet normal 0 1 0
    outer loop
      vertex 2.4 1 7.73333
      vertex 1.9 1 6.68312
      vertex 2.36597 1 7.73928
    endloop
  endfacet
  facet normal 0 1 0
    outer loop
      vertex 2.36597 1 7.73928
      vertex 1.9 1 6.68312
      vertex 2.26835 1 7.75634
    endloop
  endfacet
  facet normal 0 1 0
    outer loop
      vertex 2.26835 1 7.75634
      vertex 1.9 1 6.68312
      vertex 2.15714 1 7.81432
    endloop
  endfacet
  facet normal 0 1 0
    outer loop
      vertex 2.15714 1 7.81432
      vertex 1.9 1 6.68312
      vertex 2.13205 1 7.8274
    endloop
  endfacet
  facet normal 0 1 0
    outer loop
      vertex 2.13205 1 7.8274
      vertex 1.9 1 6.68312
      vertex 2.11115 1 7.84535
    endloop
  endfacet
  facet normal 0 1 0
    outer loop
      vertex 1.9 1 6.68312
      vertex 2.9 1 7.10394
      vertex 2.90026 1 7.09613
    endloop
  endfacet
  facet normal 0 1 0
    outer loop
      vertex 1.9 1 6.68312
      vertex 2.90026 1 7.09613
      vertex 2.90461 1 7.0298
    endloop
  endfacet
  facet normal 0 1 0
    outer loop
      vertex 1.9 1 6.68312
      vertex 2.90461 1 7.0298
      vertex 2.90674 1 7.01364
    endloop
  endfacet
  facet normal 0 1 0
    outer loop
      vertex 1.9 1 6.68312
      vertex 2.90674 1 7.01364
      vertex 2.91881 1 6.9529
    endloop
  endfacet
  facet normal 0 1 0
    outer loop
      vertex 2.1397 1 6.40344
      vertex 2.91881 1 6.9529
      vertex 2.92312 1 6.93686
    endloop
  endfacet
  facet normal 0 1 0
    outer loop
      vertex 2.18912 1 6.36554
      vertex 2.92312 1 6.93686
      vertex 2.94309 1 6.87804
    endloop
  endfacet
  facet normal 0 1 0
    outer loop
      vertex 2.20124 1 6.3549
      vertex 2.94309 1 6.87804
      vertex 2.94929 1 6.8631
    endloop
  endfacet
  facet normal 0 1 0
    outer loop
      vertex 2.24514 1 6.31104
      vertex 2.94929 1 6.8631
      vertex 2.97671 1 6.80746
    endloop
  endfacet
  facet normal 0 1 0
    outer loop
      vertex 2.25606 1 6.29858
      vertex 2.97671 1 6.80746
      vertex 2.98495 1 6.79317
    endloop
  endfacet
  facet normal 0 1 0
    outer loop
      vertex 2.29383 1 6.24939
      vertex 2.98495 1 6.79317
      vertex 3.01948 1 6.7415
    endloop
  endfacet
  facet normal 0 1 0
    outer loop
      vertex 2.30294 1 6.23576
      vertex 3.01948 1 6.7415
      vertex 3.02933 1 6.72865
    endloop
  endfacet
  facet normal 0 1 0
    outer loop
      vertex 1.94606 1 8
      vertex 1.9 1 6.68312
      vertex 1.9 1 11.25
    endloop
  endfacet
  facet normal 0 1 0
    outer loop
      vertex 1.98579 1 7.95305
      vertex 1.9 1 6.68312
      vertex 1.94606 1 8
    endloop
  endfacet
  facet normal 0 1 0
    outer loop
      vertex 2.11115 1 7.84535
      vertex 1.9 1 6.68312
      vertex 1.98579 1 7.95305
    endloop
  endfacet
  facet normal 0 1 0
    outer loop
      vertex 2.33401 1 6.18195
      vertex 3.02933 1 6.72865
      vertex 3.07043 1 6.68179
    endloop
  endfacet
  facet normal 0 1 0
    outer loop
      vertex 2.34116 1 6.16745
      vertex 3.07043 1 6.68179
      vertex 3.08179 1 6.67043
    endloop
  endfacet
  facet normal 0 1 0
    outer loop
      vertex 2.91881 1 6.9529
      vertex 2.12614 1 6.41251
      vertex 1.9 1 6.68312
    endloop
  endfacet
  facet normal 0 1 0
    outer loop
      vertex 2.36501 1 6.10994
      vertex 3.08179 1 6.67043
      vertex 3.12865 1 6.62933
    endloop
  endfacet
  facet normal 0 1 0
    outer loop
      vertex 2.37023 1 6.09456
      vertex 3.12865 1 6.62933
      vertex 3.1415 1 6.61948
    endloop
  endfacet
  facet normal -0 1 -0
    outer loop
      vertex 2.07236 1 6.44354
      vertex 1.9 1 6.68312
      vertex 2.12614 1 6.41251
    endloop
  endfacet
  facet normal -0 1 -0
    outer loop
      vertex 2.05776 1 6.45073
      vertex 1.9 1 6.68312
      vertex 2.07236 1 6.44354
    endloop
  endfacet
  facet normal 0 1 0
    outer loop
      vertex 2.38633 1 6.03453
      vertex 3.1415 1 6.61948
      vertex 3.19317 1 6.58495
    endloop
  endfacet
  facet normal 0 1 0
    outer loop
      vertex 2.38952 1 6.01855
      vertex 3.19317 1 6.58495
      vertex 3.20746 1 6.57671
    endloop
  endfacet
  facet normal 0 1 0
    outer loop
      vertex 1.9 1 6.68312
      vertex 2.05776 1 6.45073
      vertex 1.90214 1 6.65048
    endloop
  endfacet
  facet normal 0 1 0
    outer loop
      vertex 2.39794 1 5.95465
      vertex 3.20746 1 6.57671
      vertex 3.2631 1 6.54929
    endloop
  endfacet
  facet normal 0 1 0
    outer loop
      vertex 2.3989 1 5.94283
      vertex 3.2631 1 6.54929
      vertex 3.27804 1 6.54309
    endloop
  endfacet
  facet normal 0 1 0
    outer loop
      vertex 1.90214 1 6.65048
      vertex 2.05776 1 6.45073
      vertex 1.90851 1 6.61842
    endloop
  endfacet
  facet normal 0 1 0
    outer loop
      vertex 2.4 1 5.90712
      vertex 3.27804 1 6.54309
      vertex 3.33686 1 6.52312
    endloop
  endfacet
  facet normal 0 1 0
    outer loop
      vertex 2.4 1 5.90712
      vertex 3.33686 1 6.52312
      vertex 3.3529 1 6.51881
    endloop
  endfacet
  facet normal 0 1 0
    outer loop
      vertex 2.4 1 5.90712
      vertex 3.3529 1 6.51881
      vertex 3.41364 1 6.50674
    endloop
  endfacet
  facet normal 0 1 0
    outer loop
      vertex 1.90851 1 6.61842
      vertex 2.05776 1 6.45073
      vertex 1.91903 1 6.58745
    endloop
  endfacet
  facet normal 0 1 0
    outer loop
      vertex 2.4 1 5.90712
      vertex 3.41364 1 6.50674
      vertex 3.4298 1 6.50461
    endloop
  endfacet
  facet normal 0 1 0
    outer loop
      vertex 2.4 1 5.90712
      vertex 3.4298 1 6.50461
      vertex 3.49613 1 6.50026
    endloop
  endfacet
  facet normal 0 1 0
    outer loop
      vertex 2.4 1 5.90712
      vertex 3.49613 1 6.50026
      vertex 3.50394 1 6.5
    endloop
  endfacet
  facet normal 0 1 0
    outer loop
      vertex 14.8 1 6.25
      vertex 14.5826 1 6.49786
      vertex 14.6147 1 6.49149
    endloop
  endfacet
  facet normal 0 1 0
    outer loop
      vertex 1.93349 1 6.55812
      vertex 2.05776 1 6.45073
      vertex 1.95167 1 6.53093
    endloop
  endfacet
  facet normal 0 1 0
    outer loop
      vertex 14.55 1 6.5
      vertex 13.4961 1 3.5
      vertex 3.50394 1 6.5
    endloop
  endfacet
  facet normal 0 1 0
    outer loop
      vertex 14.8 1 6.25
      vertex 14.6147 1 6.49149
      vertex 14.6457 1 6.48097
    endloop
  endfacet
  facet normal 0 1 0
    outer loop
      vertex 1.95167 1 6.53093
      vertex 2.05776 1 6.45073
      vertex 1.97323 1 6.50635
    endloop
  endfacet
  facet normal 0 1 0
    outer loop
      vertex 14.8 1 6.25
      vertex 14.6457 1 6.48097
      vertex 14.675 1 6.46651
    endloop
  endfacet
  facet normal 0 1 0
    outer loop
      vertex 1.99781 1 6.48479
      vertex 2.05776 1 6.45073
      vertex 2.025 1 6.46661
    endloop
  endfacet
  facet normal 0 1 0
    outer loop
      vertex 2.025 1 6.46661
      vertex 2.05776 1 6.45073
      vertex 2.05442 1 6.45212
    endloop
  endfacet
  facet normal 0 1 0
    outer loop
      vertex 14.8 1 6.25
      vertex 14.675 1 6.46651
      vertex 14.7022 1 6.44833
    endloop
  endfacet
  facet normal 0 1 0
    outer loop
      vertex 1.97323 1 6.50635
      vertex 2.05776 1 6.45073
      vertex 1.99781 1 6.48479
    endloop
  endfacet
  facet normal 0 1 0
    outer loop
      vertex 14.8 1 6.25
      vertex 14.7022 1 6.44833
      vertex 14.7268 1 6.42677
    endloop
  endfacet
  facet normal 0 1 0
    outer loop
      vertex 1.91903 1 6.58745
      vertex 2.05776 1 6.45073
      vertex 1.93349 1 6.55812
    endloop
  endfacet
  facet normal 0 1 0
    outer loop
      vertex 2.91881 1 6.9529
      vertex 2.1397 1 6.40344
      vertex 2.12614 1 6.41251
    endloop
  endfacet
  facet normal 0 1 0
    outer loop
      vertex 14.8 1 6.25
      vertex 14.7268 1 6.42677
      vertex 14.7483 1 6.40219
    endloop
  endfacet
  facet normal 0 1 0
    outer loop
      vertex 14.8 1 6.25
      vertex 14.7483 1 6.40219
      vertex 14.7665 1 6.375
    endloop
  endfacet
  facet normal 0 1 0
    outer loop
      vertex 2.92312 1 6.93686
      vertex 2.18912 1 6.36554
      vertex 2.1397 1 6.40344
    endloop
  endfacet
  facet normal 0 1 0
    outer loop
      vertex 2.94309 1 6.87804
      vertex 2.20124 1 6.3549
      vertex 2.18912 1 6.36554
    endloop
  endfacet
  facet normal 0 1 0
    outer loop
      vertex 14.8 1 6.25
      vertex 14.7665 1 6.375
      vertex 14.781 1 6.34567
    endloop
  endfacet
  facet normal 0 1 0
    outer loop
      vertex 14.8 1 6.25
      vertex 14.781 1 6.34567
      vertex 14.7915 1 6.3147
    endloop
  endfacet
  facet normal 0 1 0
    outer loop
      vertex 2.94929 1 6.8631
      vertex 2.24514 1 6.31104
      vertex 2.20124 1 6.3549
    endloop
  endfacet
  facet normal 0 1 0
    outer loop
      vertex 2.97671 1 6.80746
      vertex 2.25606 1 6.29858
      vertex 2.24514 1 6.31104
    endloop
  endfacet
  facet normal 0 1 0
    outer loop
      vertex 14.8 1 6.25
      vertex 14.7915 1 6.3147
      vertex 14.7979 1 6.28264
    endloop
  endfacet
  facet normal 0 1 0
    outer loop
      vertex 14.55 1 6.5
      vertex 14.8 1 6.25
      vertex 13.4961 1 3.5
    endloop
  endfacet
  facet normal 0 1 0
    outer loop
      vertex 2.98495 1 6.79317
      vertex 2.29383 1 6.24939
      vertex 2.25606 1 6.29858
    endloop
  endfacet
  facet normal 0 1 0
    outer loop
      vertex 3.01948 1 6.7415
      vertex 2.30294 1 6.23576
      vertex 2.29383 1 6.24939
    endloop
  endfacet
  facet normal 0 1 0
    outer loop
      vertex 3.02933 1 6.72865
      vertex 2.33401 1 6.18195
      vertex 2.30294 1 6.23576
    endloop
  endfacet
  facet normal 0 1 0
    outer loop
      vertex 3.07043 1 6.68179
      vertex 2.34116 1 6.16745
      vertex 2.33401 1 6.18195
    endloop
  endfacet
  facet normal 0 1 0
    outer loop
      vertex 3.08179 1 6.67043
      vertex 2.36501 1 6.10994
      vertex 2.34116 1 6.16745
    endloop
  endfacet
  facet normal 0 1 0
    outer loop
      vertex 3.12865 1 6.62933
      vertex 2.37023 1 6.09456
      vertex 2.36501 1 6.10994
    endloop
  endfacet
  facet normal 0 1 0
    outer loop
      vertex 3.1415 1 6.61948
      vertex 2.38633 1 6.03453
      vertex 2.37023 1 6.09456
    endloop
  endfacet
  facet normal 0 1 0
    outer loop
      vertex 2.65 1 3.5
      vertex 3.50394 1 6.5
      vertex 13.4961 1 3.5
    endloop
  endfacet
  facet normal 0 1 0
    outer loop
      vertex 3.19317 1 6.58495
      vertex 2.38952 1 6.01855
      vertex 2.38633 1 6.03453
    endloop
  endfacet
  facet normal 0 1 0
    outer loop
      vertex 3.20746 1 6.57671
      vertex 2.39794 1 5.95465
      vertex 2.38952 1 6.01855
    endloop
  endfacet
  facet normal 0 1 0
    outer loop
      vertex 3.2631 1 6.54929
      vertex 2.3989 1 5.94283
      vertex 2.39794 1 5.95465
    endloop
  endfacet
  facet normal 0 1 0
    outer loop
      vertex 3.27804 1 6.54309
      vertex 2.39992 1 5.91185
      vertex 2.3989 1 5.94283
    endloop
  endfacet
  facet normal 0 1 0
    outer loop
      vertex 13.4961 1 3.5
      vertex 14.8 1 6.25
      vertex 14.8 1 4.10394
    endloop
  endfacet
  facet normal 0 1 0
    outer loop
      vertex 13.7369 1 3.45071
      vertex 14.8 1 4.10394
      vertex 14.8003 1 4.09613
    endloop
  endfacet
  facet normal 0 1 0
    outer loop
      vertex 13.7925 1 3.42329
      vertex 14.8003 1 4.09613
      vertex 14.8046 1 4.0298
    endloop
  endfacet
  facet normal 0 1 0
    outer loop
      vertex 13.8068 1 3.41505
      vertex 14.8046 1 4.0298
      vertex 14.8067 1 4.01364
    endloop
  endfacet
  facet normal 0 1 0
    outer loop
      vertex 13.8585 1 3.38052
      vertex 14.8067 1 4.01364
      vertex 14.8188 1 3.9529
    endloop
  endfacet
  facet normal 0 1 0
    outer loop
      vertex 13.8713 1 3.37067
      vertex 14.8188 1 3.9529
      vertex 14.8231 1 3.93686
    endloop
  endfacet
  facet normal 0 1 0
    outer loop
      vertex 13.9182 1 3.32957
      vertex 14.8231 1 3.93686
      vertex 14.8431 1 3.87804
    endloop
  endfacet
  facet normal 0 1 0
    outer loop
      vertex 13.9296 1 3.31821
      vertex 14.8431 1 3.87804
      vertex 14.8493 1 3.8631
    endloop
  endfacet
  facet normal 0 1 0
    outer loop
      vertex 13.9707 1 3.27135
      vertex 14.8493 1 3.8631
      vertex 14.8767 1 3.80746
    endloop
  endfacet
  facet normal 0 1 0
    outer loop
      vertex 13.9805 1 3.2585
      vertex 14.8767 1 3.80746
      vertex 14.8849 1 3.79317
    endloop
  endfacet
  facet normal 0 1 0
    outer loop
      vertex 3.27804 1 6.54309
      vertex 2.4 1 5.90712
      vertex 2.39992 1 5.91185
    endloop
  endfacet
  facet normal 0 1 0
    outer loop
      vertex 14.0151 1 3.20683
      vertex 14.8849 1 3.79317
      vertex 14.9195 1 3.7415
    endloop
  endfacet
  facet normal 0 1 0
    outer loop
      vertex 14.0233 1 3.19254
      vertex 14.9195 1 3.7415
      vertex 14.9293 1 3.72865
    endloop
  endfacet
  facet normal 0 1 -0
    outer loop
      vertex 2.65 1 3.5
      vertex 2.4 1 3.75
      vertex 3.50394 1 6.5
    endloop
  endfacet
  facet normal 0 1 0
    outer loop
      vertex 3.50394 1 6.5
      vertex 2.4 1 3.75
      vertex 2.4 1 5.90712
    endloop
  endfacet
  facet normal 0 1 0
    outer loop
      vertex 14.0507 1 3.1369
      vertex 14.9293 1 3.72865
      vertex 14.9704 1 3.68179
    endloop
  endfacet
  facet normal 0 1 0
    outer loop
      vertex 14.0569 1 3.12196
      vertex 14.9704 1 3.68179
      vertex 14.9818 1 3.67043
    endloop
  endfacet
  facet normal 0 1 0
    outer loop
      vertex 2.4 1 3.75
      vertex 2.61736 1 3.50214
      vertex 2.40214 1 3.71736
    endloop
  endfacet
  facet normal 0 1 0
    outer loop
      vertex 14.0769 1 3.06314
      vertex 14.9818 1 3.67043
      vertex 15.0286 1 3.62933
    endloop
  endfacet
  facet normal 0 1 0
    outer loop
      vertex 2.40214 1 3.71736
      vertex 2.61736 1 3.50214
      vertex 2.40851 1 3.6853
    endloop
  endfacet
  facet normal 0 1 0
    outer loop
      vertex 14.0812 1 3.0471
      vertex 15.0286 1 3.62933
      vertex 15.0415 1 3.61948
    endloop
  endfacet
  facet normal 0 1 0
    outer loop
      vertex 2.40851 1 3.6853
      vertex 2.61736 1 3.50214
      vertex 2.41903 1 3.65433
    endloop
  endfacet
  facet normal 0 1 0
    outer loop
      vertex 14.0933 1 2.98636
      vertex 15.0415 1 3.61948
      vertex 15.0932 1 3.58495
    endloop
  endfacet
  facet normal 0 1 0
    outer loop
      vertex 14.0954 1 2.9702
      vertex 15.0932 1 3.58495
      vertex 15.1075 1 3.57671
    endloop
  endfacet
  facet normal 0 1 0
    outer loop
      vertex 2.41903 1 3.65433
      vertex 2.61736 1 3.50214
      vertex 2.43349 1 3.625
    endloop
  endfacet
  facet normal 0 1 0
    outer loop
      vertex 2.43349 1 3.625
      vertex 2.61736 1 3.50214
      vertex 2.45167 1 3.59781
    endloop
  endfacet
  facet normal 0 1 0
    outer loop
      vertex 14.0997 1 2.90387
      vertex 15.1075 1 3.57671
      vertex 15.1631 1 3.54929
    endloop
  endfacet
  facet normal 0 1 0
    outer loop
      vertex 15.5 1 2.64999
      vertex 15.1631 1 3.54929
      vertex 15.178 1 3.54309
    endloop
  endfacet
  facet normal 0 1 0
    outer loop
      vertex 2.45167 1 3.59781
      vertex 2.61736 1 3.50214
      vertex 2.47323 1 3.57323
    endloop
  endfacet
  facet normal 0 1 0
    outer loop
      vertex 15.5 1 3.26451
      vertex 15.178 1 3.54309
      vertex 15.2369 1 3.52312
    endloop
  endfacet
  facet normal 0 1 0
    outer loop
      vertex 2.47323 1 3.57323
      vertex 2.61736 1 3.50214
      vertex 2.49781 1 3.55167
    endloop
  endfacet
  facet normal 0 1 0
    outer loop
      vertex 15.5 1 3.26451
      vertex 15.2369 1 3.52312
      vertex 15.2529 1 3.51881
    endloop
  endfacet
  facet normal 0 1 0
    outer loop
      vertex 15.5 1 3.26451
      vertex 15.2529 1 3.51881
      vertex 15.2987 1 3.5097
    endloop
  endfacet
  facet normal 0 1 0
    outer loop
      vertex 2.49781 1 3.55167
      vertex 2.61736 1 3.50214
      vertex 2.525 1 3.53349
    endloop
  endfacet
  facet normal 0 1 0
    outer loop
      vertex 15.5 1 3.26451
      vertex 15.2987 1 3.5097
      vertex 15.3147 1 3.506
    endloop
  endfacet
  facet normal 0 1 0
    outer loop
      vertex 2.525 1 3.53349
      vertex 2.61736 1 3.50214
      vertex 2.55433 1 3.51903
    endloop
  endfacet
  facet normal 0 1 0
    outer loop
      vertex 2.55433 1 3.51903
      vertex 2.61736 1 3.50214
      vertex 2.5853 1 3.50851
    endloop
  endfacet
  facet normal 0 1 0
    outer loop
      vertex 14.8 1 4.10394
      vertex 13.5039 1 3.49974
      vertex 13.4961 1 3.5
    endloop
  endfacet
  facet normal 0 1 0
    outer loop
      vertex 15.5 1 3.26451
      vertex 15.3147 1 3.506
      vertex 15.3457 1 3.49548
    endloop
  endfacet
  facet normal 0 1 0
    outer loop
      vertex 14.8 1 4.10394
      vertex 13.5702 1 3.49539
      vertex 13.5039 1 3.49974
    endloop
  endfacet
  facet normal 0 1 0
    outer loop
      vertex 14.8 1 4.10394
      vertex 13.5864 1 3.49326
      vertex 13.5702 1 3.49539
    endloop
  endfacet
  facet normal 0 1 0
    outer loop
      vertex 14.8 1 4.10394
      vertex 13.6471 1 3.48119
      vertex 13.5864 1 3.49326
    endloop
  endfacet
  facet normal 0 1 0
    outer loop
      vertex 15.5 1 3.26451
      vertex 15.3457 1 3.49548
      vertex 15.375 1 3.48102
    endloop
  endfacet
  facet normal 0 1 0
    outer loop
      vertex 14.8 1 4.10394
      vertex 13.6631 1 3.47688
      vertex 13.6471 1 3.48119
    endloop
  endfacet
  facet normal 0 1 0
    outer loop
      vertex 15.5 1 3.26451
      vertex 15.375 1 3.48102
      vertex 15.4022 1 3.46284
    endloop
  endfacet
  facet normal 0 1 0
    outer loop
      vertex 14.8 1 4.10394
      vertex 13.722 1 3.45691
      vertex 13.6631 1 3.47688
    endloop
  endfacet
  facet normal 0 1 0
    outer loop
      vertex 14.8 1 4.10394
      vertex 13.7369 1 3.45071
      vertex 13.722 1 3.45691
    endloop
  endfacet
  facet normal 0 1 0
    outer loop
      vertex 15.5 1 3.26451
      vertex 15.4022 1 3.46284
      vertex 15.4268 1 3.44128
    endloop
  endfacet
  facet normal 0 1 0
    outer loop
      vertex 14.8003 1 4.09613
      vertex 13.7925 1 3.42329
      vertex 13.7369 1 3.45071
    endloop
  endfacet
  facet normal 0 1 0
    outer loop
      vertex 15.5 1 3.26451
      vertex 15.4268 1 3.44128
      vertex 15.4483 1 3.4167
    endloop
  endfacet
  facet normal 0 1 0
    outer loop
      vertex 14.8046 1 4.0298
      vertex 13.8068 1 3.41505
      vertex 13.7925 1 3.42329
    endloop
  endfacet
  facet normal 0 1 0
    outer loop
      vertex 15.5 1 3.26451
      vertex 15.4483 1 3.4167
      vertex 15.4665 1 3.38951
    endloop
  endfacet
  facet normal 0 1 0
    outer loop
      vertex 14.8067 1 4.01364
      vertex 13.8585 1 3.38052
      vertex 13.8068 1 3.41505
    endloop
  endfacet
  facet normal 0 1 0
    outer loop
      vertex 14.8188 1 3.9529
      vertex 13.8713 1 3.37067
      vertex 13.8585 1 3.38052
    endloop
  endfacet
  facet normal 0 1 0
    outer loop
      vertex 15.5 1 3.26451
      vertex 15.4665 1 3.38951
      vertex 15.481 1 3.36018
    endloop
  endfacet
  facet normal 0 1 0
    outer loop
      vertex 14.8231 1 3.93686
      vertex 13.9182 1 3.32957
      vertex 13.8713 1 3.37067
    endloop
  endfacet
  facet normal 0 1 0
    outer loop
      vertex 15.5 1 3.26451
      vertex 15.481 1 3.36018
      vertex 15.4915 1 3.32921
    endloop
  endfacet
  facet normal 0 1 0
    outer loop
      vertex 14.8431 1 3.87804
      vertex 13.9296 1 3.31821
      vertex 13.9182 1 3.32957
    endloop
  endfacet
  facet normal 0 1 0
    outer loop
      vertex 15.5 1 3.26451
      vertex 15.4915 1 3.32921
      vertex 15.4979 1 3.29715
    endloop
  endfacet
  facet normal 0 1 0
    outer loop
      vertex 14.8493 1 3.8631
      vertex 13.9707 1 3.27135
      vertex 13.9296 1 3.31821
    endloop
  endfacet
  facet normal 0 1 0
    outer loop
      vertex 15.178 1 3.54309
      vertex 15.5 1 3.26451
      vertex 15.5 1 2.64999
    endloop
  endfacet
  facet normal 0 1 0
    outer loop
      vertex 14.8767 1 3.80746
      vertex 13.9805 1 3.2585
      vertex 13.9707 1 3.27135
    endloop
  endfacet
  facet normal 0 1 0
    outer loop
      vertex 14.8849 1 3.79317
      vertex 14.0151 1 3.20683
      vertex 13.9805 1 3.2585
    endloop
  endfacet
  facet normal 0 1 0
    outer loop
      vertex 14.9195 1 3.7415
      vertex 14.0233 1 3.19254
      vertex 14.0151 1 3.20683
    endloop
  endfacet
  facet normal 0 1 0
    outer loop
      vertex 14.9293 1 3.72865
      vertex 14.0507 1 3.1369
      vertex 14.0233 1 3.19254
    endloop
  endfacet
  facet normal 0 1 0
    outer loop
      vertex 14.9704 1 3.68179
      vertex 14.0569 1 3.12196
      vertex 14.0507 1 3.1369
    endloop
  endfacet
  facet normal 0 1 0
    outer loop
      vertex 14.9818 1 3.67043
      vertex 14.0769 1 3.06314
      vertex 14.0569 1 3.12196
    endloop
  endfacet
  facet normal 0 1 0
    outer loop
      vertex 15.0286 1 3.62933
      vertex 14.0812 1 3.0471
      vertex 14.0769 1 3.06314
    endloop
  endfacet
  facet normal 0 1 0
    outer loop
      vertex 15.0415 1 3.61948
      vertex 14.0933 1 2.98636
      vertex 14.0812 1 3.0471
    endloop
  endfacet
  facet normal 0 1 0
    outer loop
      vertex 15.0932 1 3.58495
      vertex 14.0954 1 2.9702
      vertex 14.0933 1 2.98636
    endloop
  endfacet
  facet normal 0 1 0
    outer loop
      vertex 15.1075 1 3.57671
      vertex 14.0997 1 2.90387
      vertex 14.0954 1 2.9702
    endloop
  endfacet
  facet normal 0 1 0
    outer loop
      vertex 15.1631 1 3.54929
      vertex 15.5 1 2.64999
      vertex 14.1 1 2.89606
    endloop
  endfacet
  facet normal 0 1 0
    outer loop
      vertex 15.1631 1 3.54929
      vertex 14.1 1 2.89606
      vertex 14.0997 1 2.90387
    endloop
  endfacet
  facet normal 0 1 -0
    outer loop
      vertex 15.4565 1 2.51
      vertex 14.1 1 2.89606
      vertex 15.5 1 2.64999
    endloop
  endfacet
  facet normal 0 1 0
    outer loop
      vertex 15.4565 1 2.51
      vertex 15.5 1 2.64999
      vertex 15.4979 1 2.61736
    endloop
  endfacet
  facet normal 0 1 -0
    outer loop
      vertex 14.1435 1 2.51
      vertex 14.1 1 2.89606
      vertex 15.4565 1 2.51
    endloop
  endfacet
  facet normal 0 1 0
    outer loop
      vertex 15.4565 1 2.51
      vertex 15.4979 1 2.61736
      vertex 15.4915 1 2.5853
    endloop
  endfacet
  facet normal 0 1 0
    outer loop
      vertex 14.1 1 2.89606
      vertex 14.1435 1 2.51
      vertex 14.1 1 2.64999
    endloop
  endfacet
  facet normal 0 1 0
    outer loop
      vertex 15.4565 1 2.51
      vertex 15.4915 1 2.5853
      vertex 15.481 1 2.55432
    endloop
  endfacet
  facet normal 0 1 0
    outer loop
      vertex 14.1 1 2.64999
      vertex 14.1435 1 2.51
      vertex 14.1021 1 2.61736
    endloop
  endfacet
  facet normal 0 1 0
    outer loop
      vertex 15.4565 1 2.51
      vertex 15.481 1 2.55432
      vertex 15.4665 1 2.52499
    endloop
  endfacet
  facet normal 0 1 0
    outer loop
      vertex 14.1021 1 2.61736
      vertex 14.1435 1 2.51
      vertex 14.1085 1 2.5853
    endloop
  endfacet
  facet normal 0 1 0
    outer loop
      vertex 14.1085 1 2.5853
      vertex 14.1435 1 2.51
      vertex 14.119 1 2.55432
    endloop
  endfacet
  facet normal 0 1 0
    outer loop
      vertex 14.119 1 2.55432
      vertex 14.1435 1 2.51
      vertex 14.1335 1 2.52499
    endloop
  endfacet
  facet normal 0 -1 0
    outer loop
      vertex 14.1732 -1 2.47322
      vertex 14.1502 -1 2.5
      vertex 14.1517 -1 2.4978
    endloop
  endfacet
  facet normal 0 -1 0
    outer loop
      vertex 14.1502 -1 2.5
      vertex 14.35 -1 2.39999
      vertex 15.4498 -1 2.5
    endloop
  endfacet
  facet normal 0 -1 0
    outer loop
      vertex 14.1502 -1 2.5
      vertex 14.1732 -1 2.47322
      vertex 14.35 -1 2.39999
    endloop
  endfacet
  facet normal 0 -1 0
    outer loop
      vertex 15.25 -1 2.39999
      vertex 15.4498 -1 2.5
      vertex 14.35 -1 2.39999
    endloop
  endfacet
  facet normal 0 -1 0
    outer loop
      vertex 14.35 -1 2.39999
      vertex 14.1732 -1 2.47322
      vertex 14.1978 -1 2.45166
    endloop
  endfacet
  facet normal -0 -1 0
    outer loop
      vertex 15.4268 -1 2.47322
      vertex 15.4498 -1 2.5
      vertex 15.25 -1 2.39999
    endloop
  endfacet
  facet normal 0 -1 0
    outer loop
      vertex 14.35 -1 2.39999
      vertex 14.1978 -1 2.45166
      vertex 14.225 -1 2.43349
    endloop
  endfacet
  facet normal 0 -1 0
    outer loop
      vertex 15.4498 -1 2.5
      vertex 15.4268 -1 2.47322
      vertex 15.4483 -1 2.4978
    endloop
  endfacet
  facet normal 0 -1 0
    outer loop
      vertex 14.35 -1 2.39999
      vertex 14.225 -1 2.43349
      vertex 14.2543 -1 2.41902
    endloop
  endfacet
  facet normal 0 -1 0
    outer loop
      vertex 15.4268 -1 2.47322
      vertex 15.25 -1 2.39999
      vertex 15.4022 -1 2.45166
    endloop
  endfacet
  facet normal 0 -1 0
    outer loop
      vertex 14.35 -1 2.39999
      vertex 14.2543 -1 2.41902
      vertex 14.2853 -1 2.40851
    endloop
  endfacet
  facet normal 0 -1 0
    outer loop
      vertex 15.4022 -1 2.45166
      vertex 15.25 -1 2.39999
      vertex 15.375 -1 2.43349
    endloop
  endfacet
  facet normal 0 -1 0
    outer loop
      vertex 14.35 -1 2.39999
      vertex 14.2853 -1 2.40851
      vertex 14.3174 -1 2.40213
    endloop
  endfacet
  facet normal 0 -1 0
    outer loop
      vertex 15.375 -1 2.43349
      vertex 15.25 -1 2.39999
      vertex 15.3457 -1 2.41902
    endloop
  endfacet
  facet normal 0 -1 0
    outer loop
      vertex 15.3457 -1 2.41902
      vertex 15.25 -1 2.39999
      vertex 15.3147 -1 2.40851
    endloop
  endfacet
  facet normal 0 -1 0
    outer loop
      vertex 15.3147 -1 2.40851
      vertex 15.25 -1 2.39999
      vertex 15.2826 -1 2.40213
    endloop
  endfacet
  facet normal 0 -1 0
    outer loop
      vertex 14.1 -1 2.5
      vertex 14.1435 -1 2.51
      vertex 14.1 -1 2.51
    endloop
  endfacet
  facet normal 0 -1 0
    outer loop
      vertex 14.1435 -1 2.51
      vertex 14.1502 -1 2.5
      vertex 15.4565 -1 2.51
    endloop
  endfacet
  facet normal 0 -1 -0
    outer loop
      vertex 14.1435 -1 2.51
      vertex 14.1 -1 2.5
      vertex 14.1502 -1 2.5
    endloop
  endfacet
  facet normal 0 -1 0
    outer loop
      vertex 15.4498 -1 2.5
      vertex 15.4565 -1 2.51
      vertex 14.1502 -1 2.5
    endloop
  endfacet
  facet normal 0 -1 0
    outer loop
      vertex 15.5 -1 2.5
      vertex 15.4565 -1 2.51
      vertex 15.4498 -1 2.5
    endloop
  endfacet
  facet normal 0 -1 0
    outer loop
      vertex 15.4565 -1 2.51
      vertex 15.5 -1 2.5
      vertex 15.5 -1 2.51
    endloop
  endfacet
  facet normal 0 -1 0
    outer loop
      vertex 1.9 -1 11.3
      vertex 2.15 -1 11.55
      vertex 2.11736 -1 11.5479
    endloop
  endfacet
  facet normal 0 -1 -0
    outer loop
      vertex 2.15 -1 11.55
      vertex 1.9 -1 11.25
      vertex 2.65 -1 11.55
    endloop
  endfacet
  facet normal 0 -1 0
    outer loop
      vertex 1.9 -1 11.3
      vertex 2.11736 -1 11.5479
      vertex 2.0853 -1 11.5415
    endloop
  endfacet
  facet normal 0 -1 0
    outer loop
      vertex 2.9 -1 11.25
      vertex 2.65 -1 11.55
      vertex 1.9 -1 11.25
    endloop
  endfacet
  facet normal 0 -1 0
    outer loop
      vertex 1.9 -1 11.3
      vertex 2.0853 -1 11.5415
      vertex 2.05433 -1 11.531
    endloop
  endfacet
  facet normal -0 -1 -0
    outer loop
      vertex 2.9 -1 11.26
      vertex 2.65 -1 11.55
      vertex 2.9 -1 11.25
    endloop
  endfacet
  facet normal 0 -1 0
    outer loop
      vertex 1.9 -1 11.3
      vertex 2.05433 -1 11.531
      vertex 2.025 -1 11.5165
    endloop
  endfacet
  facet normal -0 -1 -0
    outer loop
      vertex 2.9 -1 11.3
      vertex 2.65 -1 11.55
      vertex 2.9 -1 11.26
    endloop
  endfacet
  facet normal 0 -1 0
    outer loop
      vertex 1.9 -1 11.3
      vertex 2.025 -1 11.5165
      vertex 1.99781 -1 11.4983
    endloop
  endfacet
  facet normal 0 -1 0
    outer loop
      vertex 2.65 -1 11.55
      vertex 2.9 -1 11.3
      vertex 2.68264 -1 11.5479
    endloop
  endfacet
  facet normal 0 -1 0
    outer loop
      vertex 1.9 -1 11.3
      vertex 1.99781 -1 11.4983
      vertex 1.97323 -1 11.4768
    endloop
  endfacet
  facet normal 0 -1 0
    outer loop
      vertex 2.68264 -1 11.5479
      vertex 2.9 -1 11.3
      vertex 2.7147 -1 11.5415
    endloop
  endfacet
  facet normal 0 -1 0
    outer loop
      vertex 1.9 -1 11.3
      vertex 1.97323 -1 11.4768
      vertex 1.95167 -1 11.4522
    endloop
  endfacet
  facet normal 0 -1 0
    outer loop
      vertex 2.7147 -1 11.5415
      vertex 2.9 -1 11.3
      vertex 2.74567 -1 11.531
    endloop
  endfacet
  facet normal 0 -1 0
    outer loop
      vertex 1.9 -1 11.3
      vertex 1.95167 -1 11.4522
      vertex 1.93349 -1 11.425
    endloop
  endfacet
  facet normal 0 -1 0
    outer loop
      vertex 2.74567 -1 11.531
      vertex 2.9 -1 11.3
      vertex 2.775 -1 11.5165
    endloop
  endfacet
  facet normal 0 -1 0
    outer loop
      vertex 1.9 -1 11.3
      vertex 1.93349 -1 11.425
      vertex 1.91903 -1 11.3957
    endloop
  endfacet
  facet normal 0 -1 0
    outer loop
      vertex 2.15 -1 11.55
      vertex 1.9 -1 11.26
      vertex 1.9 -1 11.25
    endloop
  endfacet
  facet normal 0 -1 0
    outer loop
      vertex 1.9 -1 11.3
      vertex 1.91903 -1 11.3957
      vertex 1.90851 -1 11.3647
    endloop
  endfacet
  facet normal 0 -1 0
    outer loop
      vertex 2.775 -1 11.5165
      vertex 2.9 -1 11.3
      vertex 2.80219 -1 11.4983
    endloop
  endfacet
  facet normal 0 -1 0
    outer loop
      vertex 1.9 -1 11.3
      vertex 1.90851 -1 11.3647
      vertex 1.90214 -1 11.3326
    endloop
  endfacet
  facet normal 0 -1 0
    outer loop
      vertex 2.15 -1 11.55
      vertex 1.9 -1 11.3
      vertex 1.9 -1 11.26
    endloop
  endfacet
  facet normal 0 -1 0
    outer loop
      vertex 2.84833 -1 11.4522
      vertex 2.9 -1 11.3
      vertex 2.86651 -1 11.425
    endloop
  endfacet
  facet normal 0 -1 0
    outer loop
      vertex 2.89149 -1 11.3647
      vertex 2.9 -1 11.3
      vertex 2.89786 -1 11.3326
    endloop
  endfacet
  facet normal 0 -1 0
    outer loop
      vertex 2.86651 -1 11.425
      vertex 2.9 -1 11.3
      vertex 2.88097 -1 11.3957
    endloop
  endfacet
  facet normal 0 -1 0
    outer loop
      vertex 2.88097 -1 11.3957
      vertex 2.9 -1 11.3
      vertex 2.89149 -1 11.3647
    endloop
  endfacet
  facet normal 0 -1 0
    outer loop
      vertex 2.80219 -1 11.4983
      vertex 2.9 -1 11.3
      vertex 2.82677 -1 11.4768
    endloop
  endfacet
  facet normal 0 -1 0
    outer loop
      vertex 2.82677 -1 11.4768
      vertex 2.9 -1 11.3
      vertex 2.84833 -1 11.4522
    endloop
  endfacet
  facet normal 0 -1 0
    outer loop
      vertex 1.9 -1 11.25
      vertex 1.94606 -1 8
      vertex 2.9 -1 11.25
    endloop
  endfacet
  facet normal 0 -1 0
    outer loop
      vertex 1.9 -1 6.68312
      vertex 2.4 -1 7.73334
      vertex 2.36597 -1 7.73928
    endloop
  endfacet
  facet normal 0 -1 0
    outer loop
      vertex 1.9 -1 6.68312
      vertex 2.36597 -1 7.73928
      vertex 2.26835 -1 7.75635
    endloop
  endfacet
  facet normal 0 -1 0
    outer loop
      vertex 1.9 -1 6.68312
      vertex 2.26835 -1 7.75635
      vertex 2.15714 -1 7.81432
    endloop
  endfacet
  facet normal 0 -1 0
    outer loop
      vertex 1.9 -1 6.68312
      vertex 2.15714 -1 7.81432
      vertex 2.13205 -1 7.8274
    endloop
  endfacet
  facet normal 0 -1 0
    outer loop
      vertex 1.9 -1 6.68312
      vertex 2.13205 -1 7.8274
      vertex 2.11115 -1 7.84536
    endloop
  endfacet
  facet normal 0 -1 0
    outer loop
      vertex 1.9 -1 6.68312
      vertex 2.11115 -1 7.84536
      vertex 1.98579 -1 7.95305
    endloop
  endfacet
  facet normal 0 -1 -0
    outer loop
      vertex 2.4 -1 7.73334
      vertex 1.9 -1 6.68312
      vertex 2.9 -1 7.10394
    endloop
  endfacet
  facet normal 0 -1 -0
    outer loop
      vertex 2.9 -1 7.10394
      vertex 1.9 -1 6.68312
      vertex 2.90026 -1 7.09613
    endloop
  endfacet
  facet normal 0 -1 -0
    outer loop
      vertex 2.90026 -1 7.09613
      vertex 1.9 -1 6.68312
      vertex 2.90461 -1 7.0298
    endloop
  endfacet
  facet normal 0 -1 -0
    outer loop
      vertex 2.90461 -1 7.0298
      vertex 1.9 -1 6.68312
      vertex 2.90674 -1 7.01364
    endloop
  endfacet
  facet normal 0 -1 -0
    outer loop
      vertex 2.90674 -1 7.01364
      vertex 1.9 -1 6.68312
      vertex 2.91881 -1 6.9529
    endloop
  endfacet
  facet normal 0 -1 0
    outer loop
      vertex 2.12614 -1 6.41251
      vertex 2.91881 -1 6.9529
      vertex 1.9 -1 6.68312
    endloop
  endfacet
  facet normal 0 -1 0
    outer loop
      vertex 2.1397 -1 6.40344
      vertex 2.91881 -1 6.9529
      vertex 2.12614 -1 6.41251
    endloop
  endfacet
  facet normal 0 -1 -0
    outer loop
      vertex 2.91881 -1 6.9529
      vertex 2.1397 -1 6.40344
      vertex 2.92312 -1 6.93686
    endloop
  endfacet
  facet normal 0 -1 0
    outer loop
      vertex 2.18912 -1 6.36554
      vertex 2.92312 -1 6.93686
      vertex 2.1397 -1 6.40344
    endloop
  endfacet
  facet normal 0 -1 -0
    outer loop
      vertex 2.92312 -1 6.93686
      vertex 2.18912 -1 6.36554
      vertex 2.94309 -1 6.87804
    endloop
  endfacet
  facet normal 0 -1 0
    outer loop
      vertex 2.20124 -1 6.3549
      vertex 2.94309 -1 6.87804
      vertex 2.18912 -1 6.36554
    endloop
  endfacet
  facet normal 0 -1 0
    outer loop
      vertex 1.9 -1 6.68312
      vertex 1.94606 -1 8
      vertex 1.9 -1 11.25
    endloop
  endfacet
  facet normal 0 -1 0
    outer loop
      vertex 1.9 -1 6.68312
      vertex 1.98579 -1 7.95305
      vertex 1.94606 -1 8
    endloop
  endfacet
  facet normal 0 -1 -0
    outer loop
      vertex 2.94309 -1 6.87804
      vertex 2.20124 -1 6.3549
      vertex 2.94929 -1 6.8631
    endloop
  endfacet
  facet normal 0 -1 0
    outer loop
      vertex 2.24514 -1 6.31104
      vertex 2.94929 -1 6.8631
      vertex 2.20124 -1 6.3549
    endloop
  endfacet
  facet normal 0 -1 -0
    outer loop
      vertex 2.94929 -1 6.8631
      vertex 2.24514 -1 6.31104
      vertex 2.97671 -1 6.80746
    endloop
  endfacet
  facet normal 0 -1 0
    outer loop
      vertex 2.05776 -1 6.45073
      vertex 1.9 -1 6.68312
      vertex 1.90214 -1 6.65048
    endloop
  endfacet
  facet normal 0 -1 0
    outer loop
      vertex 2.25606 -1 6.29858
      vertex 2.97671 -1 6.80746
      vertex 2.24514 -1 6.31104
    endloop
  endfacet
  facet normal 0 -1 -0
    outer loop
      vertex 2.97671 -1 6.80746
      vertex 2.25606 -1 6.29858
      vertex 2.98495 -1 6.79317
    endloop
  endfacet
  facet normal 0 -1 0
    outer loop
      vertex 2.05776 -1 6.45073
      vertex 1.90214 -1 6.65048
      vertex 1.90851 -1 6.61842
    endloop
  endfacet
  facet normal 0 -1 0
    outer loop
      vertex 2.05776 -1 6.45073
      vertex 1.90851 -1 6.61842
      vertex 1.91903 -1 6.58745
    endloop
  endfacet
  facet normal 0 -1 0
    outer loop
      vertex 2.29383 -1 6.24939
      vertex 2.98495 -1 6.79317
      vertex 2.25606 -1 6.29858
    endloop
  endfacet
  facet normal 0 -1 -0
    outer loop
      vertex 2.98495 -1 6.79317
      vertex 2.29383 -1 6.24939
      vertex 3.01948 -1 6.7415
    endloop
  endfacet
  facet normal 0 -1 0
    outer loop
      vertex 2.05776 -1 6.45073
      vertex 1.91903 -1 6.58745
      vertex 1.93349 -1 6.55812
    endloop
  endfacet
  facet normal 0 -1 0
    outer loop
      vertex 2.30294 -1 6.23576
      vertex 3.01948 -1 6.7415
      vertex 2.29383 -1 6.24939
    endloop
  endfacet
  facet normal 0 -1 -0
    outer loop
      vertex 3.01948 -1 6.7415
      vertex 2.30294 -1 6.23576
      vertex 3.02933 -1 6.72865
    endloop
  endfacet
  facet normal 0 -1 0
    outer loop
      vertex 2.05776 -1 6.45073
      vertex 1.93349 -1 6.55812
      vertex 1.95167 -1 6.53093
    endloop
  endfacet
  facet normal 0 -1 0
    outer loop
      vertex 2.33401 -1 6.18195
      vertex 3.02933 -1 6.72865
      vertex 2.30294 -1 6.23576
    endloop
  endfacet
  facet normal 0 -1 -0
    outer loop
      vertex 3.02933 -1 6.72865
      vertex 2.33401 -1 6.18195
      vertex 3.07043 -1 6.68179
    endloop
  endfacet
  facet normal 0 -1 0
    outer loop
      vertex 2.34116 -1 6.16745
      vertex 3.07043 -1 6.68179
      vertex 2.33401 -1 6.18195
    endloop
  endfacet
  facet normal 0 -1 0
    outer loop
      vertex 2.05776 -1 6.45073
      vertex 1.95167 -1 6.53093
      vertex 1.97323 -1 6.50635
    endloop
  endfacet
  facet normal 0 -1 0
    outer loop
      vertex 1.9 -1 6.68312
      vertex 2.07236 -1 6.44354
      vertex 2.12614 -1 6.41251
    endloop
  endfacet
  facet normal 0 -1 -0
    outer loop
      vertex 3.07043 -1 6.68179
      vertex 2.34116 -1 6.16745
      vertex 3.08179 -1 6.67043
    endloop
  endfacet
  facet normal 0 -1 0
    outer loop
      vertex 2.36501 -1 6.10994
      vertex 3.08179 -1 6.67043
      vertex 2.34116 -1 6.16745
    endloop
  endfacet
  facet normal 0 -1 0
    outer loop
      vertex 13.4961 -1 3.5
      vertex 14.55 -1 6.5
      vertex 3.50394 -1 6.5
    endloop
  endfacet
  facet normal -0 -1 0
    outer loop
      vertex 14.8 -1 6.25
      vertex 14.55 -1 6.5
      vertex 13.4961 -1 3.5
    endloop
  endfacet
  facet normal 0 -1 0
    outer loop
      vertex 2.05776 -1 6.45073
      vertex 1.97323 -1 6.50635
      vertex 1.99781 -1 6.48479
    endloop
  endfacet
  facet normal 0 -1 -0
    outer loop
      vertex 3.08179 -1 6.67043
      vertex 2.36501 -1 6.10994
      vertex 3.12865 -1 6.62933
    endloop
  endfacet
  facet normal 0 -1 0
    outer loop
      vertex 2.37023 -1 6.09456
      vertex 3.12865 -1 6.62933
      vertex 2.36501 -1 6.10994
    endloop
  endfacet
  facet normal 0 -1 0
    outer loop
      vertex 2.05776 -1 6.45073
      vertex 1.99781 -1 6.48479
      vertex 2.025 -1 6.46661
    endloop
  endfacet
  facet normal 0 -1 0
    outer loop
      vertex 1.9 -1 6.68312
      vertex 2.05776 -1 6.45073
      vertex 2.07236 -1 6.44354
    endloop
  endfacet
  facet normal 0 -1 0
    outer loop
      vertex 2.05776 -1 6.45073
      vertex 2.025 -1 6.46661
      vertex 2.05442 -1 6.45212
    endloop
  endfacet
  facet normal 0 -1 -0
    outer loop
      vertex 3.12865 -1 6.62933
      vertex 2.37023 -1 6.09456
      vertex 3.1415 -1 6.61948
    endloop
  endfacet
  facet normal 0 -1 0
    outer loop
      vertex 2.38633 -1 6.03453
      vertex 3.1415 -1 6.61948
      vertex 2.37023 -1 6.09456
    endloop
  endfacet
  facet normal 0 -1 -0
    outer loop
      vertex 3.1415 -1 6.61948
      vertex 2.38633 -1 6.03453
      vertex 3.19317 -1 6.58495
    endloop
  endfacet
  facet normal 0 -1 0
    outer loop
      vertex 2.38952 -1 6.01855
      vertex 3.19317 -1 6.58495
      vertex 2.38633 -1 6.03453
    endloop
  endfacet
  facet normal 0 -1 -0
    outer loop
      vertex 3.19317 -1 6.58495
      vertex 2.38952 -1 6.01855
      vertex 3.20746 -1 6.57671
    endloop
  endfacet
  facet normal 0 -1 0
    outer loop
      vertex 2.39794 -1 5.95465
      vertex 3.20746 -1 6.57671
      vertex 2.38952 -1 6.01855
    endloop
  endfacet
  facet normal 0 -1 -0
    outer loop
      vertex 3.20746 -1 6.57671
      vertex 2.39794 -1 5.95465
      vertex 3.2631 -1 6.54929
    endloop
  endfacet
  facet normal 0 -1 0
    outer loop
      vertex 2.3989 -1 5.94283
      vertex 3.2631 -1 6.54929
      vertex 2.39794 -1 5.95465
    endloop
  endfacet
  facet normal 0 -1 -0
    outer loop
      vertex 3.2631 -1 6.54929
      vertex 2.3989 -1 5.94283
      vertex 3.27804 -1 6.54309
    endloop
  endfacet
  facet normal 0 -1 0
    outer loop
      vertex 2.39992 -1 5.91185
      vertex 3.27804 -1 6.54309
      vertex 2.3989 -1 5.94283
    endloop
  endfacet
  facet normal 0 -1 0
    outer loop
      vertex 2.4 -1 5.90712
      vertex 3.27804 -1 6.54309
      vertex 2.39992 -1 5.91185
    endloop
  endfacet
  facet normal 0 -1 -0
    outer loop
      vertex 3.27804 -1 6.54309
      vertex 2.4 -1 5.90712
      vertex 3.33686 -1 6.52312
    endloop
  endfacet
  facet normal 0 -1 -0
    outer loop
      vertex 3.33686 -1 6.52312
      vertex 2.4 -1 5.90712
      vertex 3.3529 -1 6.51881
    endloop
  endfacet
  facet normal 0 -1 -0
    outer loop
      vertex 3.3529 -1 6.51881
      vertex 2.4 -1 5.90712
      vertex 3.41364 -1 6.50674
    endloop
  endfacet
  facet normal 0 -1 0
    outer loop
      vertex 14.55 -1 6.5
      vertex 14.8 -1 6.25
      vertex 14.5826 -1 6.49786
    endloop
  endfacet
  facet normal 0 -1 0
    outer loop
      vertex 14.6147 -1 6.49149
      vertex 14.8 -1 6.25
      vertex 14.6457 -1 6.48097
    endloop
  endfacet
  facet normal 0 -1 0
    outer loop
      vertex 14.6457 -1 6.48097
      vertex 14.8 -1 6.25
      vertex 14.675 -1 6.46651
    endloop
  endfacet
  facet normal 0 -1 0
    outer loop
      vertex 14.675 -1 6.46651
      vertex 14.8 -1 6.25
      vertex 14.7022 -1 6.44833
    endloop
  endfacet
  facet normal 0 -1 0
    outer loop
      vertex 14.7022 -1 6.44833
      vertex 14.8 -1 6.25
      vertex 14.7268 -1 6.42677
    endloop
  endfacet
  facet normal 0 -1 0
    outer loop
      vertex 14.7268 -1 6.42677
      vertex 14.8 -1 6.25
      vertex 14.7483 -1 6.40219
    endloop
  endfacet
  facet normal 0 -1 0
    outer loop
      vertex 14.7483 -1 6.40219
      vertex 14.8 -1 6.25
      vertex 14.7665 -1 6.375
    endloop
  endfacet
  facet normal 0 -1 0
    outer loop
      vertex 14.7665 -1 6.375
      vertex 14.8 -1 6.25
      vertex 14.781 -1 6.34567
    endloop
  endfacet
  facet normal 0 -1 0
    outer loop
      vertex 14.781 -1 6.34567
      vertex 14.8 -1 6.25
      vertex 14.7915 -1 6.3147
    endloop
  endfacet
  facet normal 0 -1 0
    outer loop
      vertex 14.5826 -1 6.49786
      vertex 14.8 -1 6.25
      vertex 14.6147 -1 6.49149
    endloop
  endfacet
  facet normal 0 -1 -0
    outer loop
      vertex 3.41364 -1 6.50674
      vertex 2.4 -1 5.90712
      vertex 3.4298 -1 6.50461
    endloop
  endfacet
  facet normal 0 -1 -0
    outer loop
      vertex 3.4298 -1 6.50461
      vertex 2.4 -1 5.90712
      vertex 3.49613 -1 6.50026
    endloop
  endfacet
  facet normal 0 -1 -0
    outer loop
      vertex 3.49613 -1 6.50026
      vertex 2.4 -1 5.90712
      vertex 3.50394 -1 6.5
    endloop
  endfacet
  facet normal 0 -1 0
    outer loop
      vertex 2.4 -1 3.75
      vertex 3.50394 -1 6.5
      vertex 2.4 -1 5.90712
    endloop
  endfacet
  facet normal 0 -1 0
    outer loop
      vertex 14.7915 -1 6.3147
      vertex 14.8 -1 6.25
      vertex 14.7979 -1 6.28264
    endloop
  endfacet
  facet normal 0 -1 -0
    outer loop
      vertex 14.8 -1 6.25
      vertex 13.4961 -1 3.5
      vertex 14.8 -1 4.10394
    endloop
  endfacet
  facet normal 0 -1 0
    outer loop
      vertex 13.5039 -1 3.49974
      vertex 14.8 -1 4.10394
      vertex 13.4961 -1 3.5
    endloop
  endfacet
  facet normal 0 -1 0
    outer loop
      vertex 13.5702 -1 3.49539
      vertex 14.8 -1 4.10394
      vertex 13.5039 -1 3.49974
    endloop
  endfacet
  facet normal 0 -1 0
    outer loop
      vertex 13.5864 -1 3.49326
      vertex 14.8 -1 4.10394
      vertex 13.5702 -1 3.49539
    endloop
  endfacet
  facet normal 0 -1 0
    outer loop
      vertex 13.6471 -1 3.48119
      vertex 14.8 -1 4.10394
      vertex 13.5864 -1 3.49326
    endloop
  endfacet
  facet normal 0 -1 0
    outer loop
      vertex 13.6631 -1 3.47688
      vertex 14.8 -1 4.10394
      vertex 13.6471 -1 3.48119
    endloop
  endfacet
  facet normal 0 -1 0
    outer loop
      vertex 13.722 -1 3.45691
      vertex 14.8 -1 4.10394
      vertex 13.6631 -1 3.47688
    endloop
  endfacet
  facet normal 0 -1 0
    outer loop
      vertex 13.7369 -1 3.45071
      vertex 14.8 -1 4.10394
      vertex 13.722 -1 3.45691
    endloop
  endfacet
  facet normal 0 -1 -0
    outer loop
      vertex 14.8 -1 4.10394
      vertex 13.7369 -1 3.45071
      vertex 14.8003 -1 4.09613
    endloop
  endfacet
  facet normal 0 -1 0
    outer loop
      vertex 3.50394 -1 6.5
      vertex 2.4 -1 3.75
      vertex 2.65 -1 3.5
    endloop
  endfacet
  facet normal 0 -1 0
    outer loop
      vertex 13.7925 -1 3.42329
      vertex 14.8003 -1 4.09613
      vertex 13.7369 -1 3.45071
    endloop
  endfacet
  facet normal 0 -1 -0
    outer loop
      vertex 14.8003 -1 4.09613
      vertex 13.7925 -1 3.42329
      vertex 14.8046 -1 4.0298
    endloop
  endfacet
  facet normal 0 -1 0
    outer loop
      vertex 2.65 -1 3.5
      vertex 2.4 -1 3.75
      vertex 2.40214 -1 3.71736
    endloop
  endfacet
  facet normal 0 -1 0
    outer loop
      vertex 2.65 -1 3.5
      vertex 2.40214 -1 3.71736
      vertex 2.40851 -1 3.6853
    endloop
  endfacet
  facet normal 0 -1 0
    outer loop
      vertex 13.8068 -1 3.41505
      vertex 14.8046 -1 4.0298
      vertex 13.7925 -1 3.42329
    endloop
  endfacet
  facet normal 0 -1 -0
    outer loop
      vertex 14.8046 -1 4.0298
      vertex 13.8068 -1 3.41505
      vertex 14.8067 -1 4.01364
    endloop
  endfacet
  facet normal 0 -1 0
    outer loop
      vertex 2.65 -1 3.5
      vertex 2.40851 -1 3.6853
      vertex 2.41903 -1 3.65433
    endloop
  endfacet
  facet normal 0 -1 0
    outer loop
      vertex 13.8585 -1 3.38052
      vertex 14.8067 -1 4.01364
      vertex 13.8068 -1 3.41505
    endloop
  endfacet
  facet normal 0 -1 0
    outer loop
      vertex 2.65 -1 3.5
      vertex 2.41903 -1 3.65433
      vertex 2.43349 -1 3.625
    endloop
  endfacet
  facet normal 0 -1 -0
    outer loop
      vertex 14.8067 -1 4.01364
      vertex 13.8585 -1 3.38052
      vertex 14.8188 -1 3.9529
    endloop
  endfacet
  facet normal 0 -1 0
    outer loop
      vertex 2.65 -1 3.5
      vertex 2.43349 -1 3.625
      vertex 2.45167 -1 3.59781
    endloop
  endfacet
  facet normal 0 -1 0
    outer loop
      vertex 13.8713 -1 3.37067
      vertex 14.8188 -1 3.9529
      vertex 13.8585 -1 3.38052
    endloop
  endfacet
  facet normal 0 -1 -0
    outer loop
      vertex 14.8188 -1 3.9529
      vertex 13.8713 -1 3.37067
      vertex 14.8231 -1 3.93686
    endloop
  endfacet
  facet normal 0 -1 0
    outer loop
      vertex 2.65 -1 3.5
      vertex 2.45167 -1 3.59781
      vertex 2.47323 -1 3.57323
    endloop
  endfacet
  facet normal 0 -1 0
    outer loop
      vertex 2.65 -1 3.5
      vertex 2.47323 -1 3.57323
      vertex 2.49781 -1 3.55167
    endloop
  endfacet
  facet normal 0 -1 0
    outer loop
      vertex 13.9182 -1 3.32957
      vertex 14.8231 -1 3.93686
      vertex 13.8713 -1 3.37067
    endloop
  endfacet
  facet normal 0 -1 -0
    outer loop
      vertex 14.8231 -1 3.93686
      vertex 13.9182 -1 3.32957
      vertex 14.8431 -1 3.87804
    endloop
  endfacet
  facet normal 0 -1 0
    outer loop
      vertex 2.65 -1 3.5
      vertex 2.49781 -1 3.55167
      vertex 2.525 -1 3.53349
    endloop
  endfacet
  facet normal 0 -1 0
    outer loop
      vertex 13.9296 -1 3.31821
      vertex 14.8431 -1 3.87804
      vertex 13.9182 -1 3.32957
    endloop
  endfacet
  facet normal 0 -1 0
    outer loop
      vertex 2.65 -1 3.5
      vertex 2.525 -1 3.53349
      vertex 2.55433 -1 3.51903
    endloop
  endfacet
  facet normal 0 -1 -0
    outer loop
      vertex 14.8431 -1 3.87804
      vertex 13.9296 -1 3.31821
      vertex 14.8493 -1 3.8631
    endloop
  endfacet
  facet normal 0 -1 0
    outer loop
      vertex 13.9707 -1 3.27135
      vertex 14.8493 -1 3.8631
      vertex 13.9296 -1 3.31821
    endloop
  endfacet
  facet normal 0 -1 0
    outer loop
      vertex 2.65 -1 3.5
      vertex 2.55433 -1 3.51903
      vertex 2.5853 -1 3.50851
    endloop
  endfacet
  facet normal 0 -1 -0
    outer loop
      vertex 14.8493 -1 3.8631
      vertex 13.9707 -1 3.27135
      vertex 14.8767 -1 3.80746
    endloop
  endfacet
  facet normal 0 -1 0
    outer loop
      vertex 2.65 -1 3.5
      vertex 2.5853 -1 3.50851
      vertex 2.61736 -1 3.50214
    endloop
  endfacet
  facet normal 0 -1 -0
    outer loop
      vertex 3.50394 -1 6.5
      vertex 2.65 -1 3.5
      vertex 13.4961 -1 3.5
    endloop
  endfacet
  facet normal 0 -1 0
    outer loop
      vertex 13.9805 -1 3.2585
      vertex 14.8767 -1 3.80746
      vertex 13.9707 -1 3.27135
    endloop
  endfacet
  facet normal 0 -1 -0
    outer loop
      vertex 14.8767 -1 3.80746
      vertex 13.9805 -1 3.2585
      vertex 14.8849 -1 3.79317
    endloop
  endfacet
  facet normal 0 -1 0
    outer loop
      vertex 14.0151 -1 3.20683
      vertex 14.8849 -1 3.79317
      vertex 13.9805 -1 3.2585
    endloop
  endfacet
  facet normal 0 -1 -0
    outer loop
      vertex 14.8849 -1 3.79317
      vertex 14.0151 -1 3.20683
      vertex 14.9195 -1 3.7415
    endloop
  endfacet
  facet normal 0 -1 0
    outer loop
      vertex 14.0233 -1 3.19254
      vertex 14.9195 -1 3.7415
      vertex 14.0151 -1 3.20683
    endloop
  endfacet
  facet normal 0 -1 -0
    outer loop
      vertex 14.9195 -1 3.7415
      vertex 14.0233 -1 3.19254
      vertex 14.9293 -1 3.72865
    endloop
  endfacet
  facet normal 0 -1 0
    outer loop
      vertex 14.0507 -1 3.1369
      vertex 14.9293 -1 3.72865
      vertex 14.0233 -1 3.19254
    endloop
  endfacet
  facet normal 0 -1 -0
    outer loop
      vertex 14.9293 -1 3.72865
      vertex 14.0507 -1 3.1369
      vertex 14.9704 -1 3.68179
    endloop
  endfacet
  facet normal 0 -1 0
    outer loop
      vertex 14.0569 -1 3.12196
      vertex 14.9704 -1 3.68179
      vertex 14.0507 -1 3.1369
    endloop
  endfacet
  facet normal 0 -1 -0
    outer loop
      vertex 14.9704 -1 3.68179
      vertex 14.0569 -1 3.12196
      vertex 14.9818 -1 3.67043
    endloop
  endfacet
  facet normal 0 -1 0
    outer loop
      vertex 14.0769 -1 3.06314
      vertex 14.9818 -1 3.67043
      vertex 14.0569 -1 3.12196
    endloop
  endfacet
  facet normal 0 -1 -0
    outer loop
      vertex 14.9818 -1 3.67043
      vertex 14.0769 -1 3.06314
      vertex 15.0286 -1 3.62933
    endloop
  endfacet
  facet normal 0 -1 0
    outer loop
      vertex 14.0812 -1 3.0471
      vertex 15.0286 -1 3.62933
      vertex 14.0769 -1 3.06314
    endloop
  endfacet
  facet normal 0 -1 -0
    outer loop
      vertex 15.0286 -1 3.62933
      vertex 14.0812 -1 3.0471
      vertex 15.0415 -1 3.61948
    endloop
  endfacet
  facet normal 0 -1 0
    outer loop
      vertex 14.0933 -1 2.98636
      vertex 15.0415 -1 3.61948
      vertex 14.0812 -1 3.0471
    endloop
  endfacet
  facet normal 0 -1 -0
    outer loop
      vertex 15.0415 -1 3.61948
      vertex 14.0933 -1 2.98636
      vertex 15.0932 -1 3.58495
    endloop
  endfacet
  facet normal 0 -1 0
    outer loop
      vertex 14.0954 -1 2.9702
      vertex 15.0932 -1 3.58495
      vertex 14.0933 -1 2.98636
    endloop
  endfacet
  facet normal 0 -1 -0
    outer loop
      vertex 15.0932 -1 3.58495
      vertex 14.0954 -1 2.9702
      vertex 15.1075 -1 3.57671
    endloop
  endfacet
  facet normal 0 -1 0
    outer loop
      vertex 14.0997 -1 2.90387
      vertex 15.1075 -1 3.57671
      vertex 14.0954 -1 2.9702
    endloop
  endfacet
  facet normal 0 -1 -0
    outer loop
      vertex 15.1075 -1 3.57671
      vertex 14.0997 -1 2.90387
      vertex 15.1631 -1 3.54929
    endloop
  endfacet
  facet normal 0 -1 0
    outer loop
      vertex 14.1 -1 2.89606
      vertex 15.1631 -1 3.54929
      vertex 14.0997 -1 2.90387
    endloop
  endfacet
  facet normal 0 -1 0
    outer loop
      vertex 15.5 -1 2.64999
      vertex 15.1631 -1 3.54929
      vertex 14.1 -1 2.89606
    endloop
  endfacet
  facet normal -0 -1 -0
    outer loop
      vertex 15.5 -1 3.26451
      vertex 15.178 -1 3.54309
      vertex 15.5 -1 2.64999
    endloop
  endfacet
  facet normal 0 -1 0
    outer loop
      vertex 15.178 -1 3.54309
      vertex 15.5 -1 3.26451
      vertex 15.2369 -1 3.52312
    endloop
  endfacet
  facet normal 0 -1 0
    outer loop
      vertex 15.2369 -1 3.52312
      vertex 15.5 -1 3.26451
      vertex 15.2529 -1 3.51881
    endloop
  endfacet
  facet normal 0 -1 0
    outer loop
      vertex 15.3147 -1 3.506
      vertex 15.5 -1 3.26451
      vertex 15.3457 -1 3.49548
    endloop
  endfacet
  facet normal 0 -1 0
    outer loop
      vertex 15.3457 -1 3.49548
      vertex 15.5 -1 3.26451
      vertex 15.375 -1 3.48102
    endloop
  endfacet
  facet normal 0 -1 0
    outer loop
      vertex 15.4022 -1 3.46284
      vertex 15.5 -1 3.26451
      vertex 15.4268 -1 3.44128
    endloop
  endfacet
  facet normal 0 -1 0
    outer loop
      vertex 15.4268 -1 3.44128
      vertex 15.5 -1 3.26451
      vertex 15.4483 -1 3.4167
    endloop
  endfacet
  facet normal 0 -1 0
    outer loop
      vertex 15.4665 -1 3.38951
      vertex 15.5 -1 3.26451
      vertex 15.481 -1 3.36018
    endloop
  endfacet
  facet normal 0 -1 0
    outer loop
      vertex 15.481 -1 3.36018
      vertex 15.5 -1 3.26451
      vertex 15.4915 -1 3.32921
    endloop
  endfacet
  facet normal 0 -1 0
    outer loop
      vertex 15.4915 -1 3.32921
      vertex 15.5 -1 3.26451
      vertex 15.4979 -1 3.29715
    endloop
  endfacet
  facet normal 0 -1 0
    outer loop
      vertex 15.4483 -1 3.4167
      vertex 15.5 -1 3.26451
      vertex 15.4665 -1 3.38951
    endloop
  endfacet
  facet normal 0 -1 0
    outer loop
      vertex 15.375 -1 3.48102
      vertex 15.5 -1 3.26451
      vertex 15.4022 -1 3.46284
    endloop
  endfacet
  facet normal 0 -1 0
    outer loop
      vertex 15.2529 -1 3.51881
      vertex 15.5 -1 3.26451
      vertex 15.2987 -1 3.5097
    endloop
  endfacet
  facet normal 0 -1 0
    outer loop
      vertex 15.1631 -1 3.54929
      vertex 15.5 -1 2.64999
      vertex 15.178 -1 3.54309
    endloop
  endfacet
  facet normal 0 -1 0
    outer loop
      vertex 14.1435 -1 2.51
      vertex 14.1 -1 2.89606
      vertex 14.1 -1 2.64999
    endloop
  endfacet
  facet normal 0 -1 0
    outer loop
      vertex 15.2987 -1 3.5097
      vertex 15.5 -1 3.26451
      vertex 15.3147 -1 3.506
    endloop
  endfacet
  facet normal 0 -1 0
    outer loop
      vertex 14.1435 -1 2.51
      vertex 14.1 -1 2.64999
      vertex 14.1021 -1 2.61736
    endloop
  endfacet
  facet normal 0 -1 0
    outer loop
      vertex 15.4565 -1 2.51
      vertex 14.1 -1 2.89606
      vertex 14.1435 -1 2.51
    endloop
  endfacet
  facet normal 0 -1 0
    outer loop
      vertex 14.1435 -1 2.51
      vertex 14.1021 -1 2.61736
      vertex 14.1085 -1 2.5853
    endloop
  endfacet
  facet normal 0 -1 0
    outer loop
      vertex 14.1 -1 2.89606
      vertex 15.4565 -1 2.51
      vertex 15.5 -1 2.64999
    endloop
  endfacet
  facet normal 0 -1 0
    outer loop
      vertex 14.1435 -1 2.51
      vertex 14.1085 -1 2.5853
      vertex 14.119 -1 2.55432
    endloop
  endfacet
  facet normal 0 -1 0
    outer loop
      vertex 15.5 -1 2.64999
      vertex 15.4565 -1 2.51
      vertex 15.4979 -1 2.61736
    endloop
  endfacet
  facet normal 0 -1 0
    outer loop
      vertex 14.1435 -1 2.51
      vertex 14.119 -1 2.55432
      vertex 14.1335 -1 2.52499
    endloop
  endfacet
  facet normal 0 -1 0
    outer loop
      vertex 15.4979 -1 2.61736
      vertex 15.4565 -1 2.51
      vertex 15.4915 -1 2.5853
    endloop
  endfacet
  facet normal 0 -1 0
    outer loop
      vertex 15.4915 -1 2.5853
      vertex 15.4565 -1 2.51
      vertex 15.481 -1 2.55432
    endloop
  endfacet
  facet normal 0 -1 0
    outer loop
      vertex 15.481 -1 2.55432
      vertex 15.4565 -1 2.51
      vertex 15.4665 -1 2.52499
    endloop
  endfacet
  facet normal 0 -1 0
    outer loop
      vertex 2.85394 -1 8
      vertex 2.9 -1 11.25
      vertex 1.94606 -1 8
    endloop
  endfacet
  facet normal 0 -1 0
    outer loop
      vertex 2.85394 -1 8
      vertex 2.9 -1 7.10394
      vertex 2.9 -1 11.25
    endloop
  endfacet
  facet normal 0 -1 0
    outer loop
      vertex 2.81421 -1 7.95305
      vertex 2.9 -1 7.10394
      vertex 2.85394 -1 8
    endloop
  endfacet
  facet normal 0 -1 0
    outer loop
      vertex 2.68885 -1 7.84536
      vertex 2.9 -1 7.10394
      vertex 2.81421 -1 7.95305
    endloop
  endfacet
  facet normal 0 -1 0
    outer loop
      vertex 2.66795 -1 7.8274
      vertex 2.9 -1 7.10394
      vertex 2.68885 -1 7.84536
    endloop
  endfacet
  facet normal 0 -1 0
    outer loop
      vertex 2.64286 -1 7.81432
      vertex 2.9 -1 7.10394
      vertex 2.66795 -1 7.8274
    endloop
  endfacet
  facet normal 0 -1 0
    outer loop
      vertex 2.53165 -1 7.75635
      vertex 2.9 -1 7.10394
      vertex 2.64286 -1 7.81432
    endloop
  endfacet
  facet normal 0 -1 0
    outer loop
      vertex 2.43403 -1 7.73928
      vertex 2.9 -1 7.10394
      vertex 2.53165 -1 7.75635
    endloop
  endfacet
  facet normal 0 -1 0
    outer loop
      vertex 2.9 -1 7.10394
      vertex 2.43403 -1 7.73928
      vertex 2.4 -1 7.73334
    endloop
  endfacet
  facet normal 0.194941 0 -0.980815
    outer loop
      vertex 15.2826 1 2.40213
      vertex 15.3147 0.977785 2.40851
      vertex 15.2826 0.976236 2.40213
    endloop
  endfacet
  facet normal 0.194941 0 -0.980815
    outer loop
      vertex 15.3147 0.977785 2.40851
      vertex 15.2826 1 2.40213
      vertex 15.3147 1 2.40851
    endloop
  endfacet
  facet normal 0.194941 0 -0.980815
    outer loop
      vertex 15.2826 -1 2.40213
      vertex 15.3147 -0.977785 2.40851
      vertex 15.3147 -1 2.40851
    endloop
  endfacet
  facet normal 0.194941 0 -0.980815
    outer loop
      vertex 15.3147 -0.977785 2.40851
      vertex 15.2826 -1 2.40213
      vertex 15.2826 -0.976236 2.40213
    endloop
  endfacet
  facet normal 0.321081 0 -0.947052
    outer loop
      vertex 15.3147 1 2.40851
      vertex 15.3457 0.980338 2.41902
      vertex 15.3147 0.977785 2.40851
    endloop
  endfacet
  facet normal 0.321081 0 -0.947052
    outer loop
      vertex 15.3457 0.980338 2.41902
      vertex 15.3147 1 2.40851
      vertex 15.3457 1 2.41902
    endloop
  endfacet
  facet normal 0.321081 0 -0.947052
    outer loop
      vertex 15.3147 -1 2.40851
      vertex 15.3457 -0.980338 2.41902
      vertex 15.3457 -1 2.41902
    endloop
  endfacet
  facet normal 0.321081 0 -0.947052
    outer loop
      vertex 15.3457 -0.980338 2.41902
      vertex 15.3147 -1 2.40851
      vertex 15.3147 -0.977785 2.40851
    endloop
  endfacet
  facet normal 0.442802 0 -0.89662
    outer loop
      vertex 15.3457 1 2.41902
      vertex 15.375 0.98385 2.43349
      vertex 15.3457 0.980338 2.41902
    endloop
  endfacet
  facet normal 0.442802 0 -0.89662
    outer loop
      vertex 15.375 0.98385 2.43349
      vertex 15.3457 1 2.41902
      vertex 15.375 1 2.43349
    endloop
  endfacet
  facet normal 0.442802 0 -0.89662
    outer loop
      vertex 15.3457 -1 2.41902
      vertex 15.375 -0.98385 2.43349
      vertex 15.375 -1 2.43349
    endloop
  endfacet
  facet normal 0.442802 0 -0.89662
    outer loop
      vertex 15.375 -0.98385 2.43349
      vertex 15.3457 -1 2.41902
      vertex 15.3457 -0.980338 2.41902
    endloop
  endfacet
  facet normal 0.555476 0 -0.831533
    outer loop
      vertex 15.375 1 2.43349
      vertex 15.4022 0.988263 2.45166
      vertex 15.375 0.98385 2.43349
    endloop
  endfacet
  facet normal 0.555476 0 -0.831533
    outer loop
      vertex 15.4022 0.988263 2.45166
      vertex 15.375 1 2.43349
      vertex 15.4022 1 2.45166
    endloop
  endfacet
  facet normal 0.555476 0 -0.831533
    outer loop
      vertex 15.375 -1 2.43349
      vertex 15.4022 -0.988263 2.45166
      vertex 15.4022 -1 2.45166
    endloop
  endfacet
  facet normal 0.555476 0 -0.831533
    outer loop
      vertex 15.4022 -0.988263 2.45166
      vertex 15.375 -1 2.43349
      vertex 15.375 -0.98385 2.43349
    endloop
  endfacet
  facet normal 0.65911 0 -0.752046
    outer loop
      vertex 15.4022 1 2.45166
      vertex 15.4268 0.993498 2.47322
      vertex 15.4022 0.988263 2.45166
    endloop
  endfacet
  facet normal 0.65911 0 -0.752046
    outer loop
      vertex 15.4268 0.993498 2.47322
      vertex 15.4022 1 2.45166
      vertex 15.4268 1 2.47322
    endloop
  endfacet
  facet normal 0.65911 0 -0.752046
    outer loop
      vertex 15.4022 -1 2.45166
      vertex 15.4268 -0.993498 2.47322
      vertex 15.4268 -1 2.47322
    endloop
  endfacet
  facet normal 0.65911 0 -0.752046
    outer loop
      vertex 15.4268 -0.993498 2.47322
      vertex 15.4022 -1 2.45166
      vertex 15.4022 -0.988263 2.45166
    endloop
  endfacet
  facet normal 0.752691 0 -0.658375
    outer loop
      vertex 15.4483 0.999466 2.4978
      vertex 15.4268 1 2.47322
      vertex 15.4483 1 2.4978
    endloop
  endfacet
  facet normal 0.752691 0 -0.658375
    outer loop
      vertex 15.4268 1 2.47322
      vertex 15.4483 0.999466 2.4978
      vertex 15.4268 0.993498 2.47322
    endloop
  endfacet
  facet normal 0.752691 0 -0.658375
    outer loop
      vertex 15.4268 -1 2.47322
      vertex 15.4483 -0.999466 2.4978
      vertex 15.4483 -1 2.4978
    endloop
  endfacet
  facet normal 0.752691 0 -0.658375
    outer loop
      vertex 15.4483 -0.999466 2.4978
      vertex 15.4268 -1 2.47322
      vertex 15.4268 -0.993498 2.47322
    endloop
  endfacet
  facet normal 0.826227 0 -0.563337
    outer loop
      vertex 15.4498 1 2.5
      vertex 15.4483 0.999466 2.4978
      vertex 15.4483 1 2.4978
    endloop
  endfacet
  facet normal 0.831879 0 -0.554956
    outer loop
      vertex 15.4665 -1 2.52499
      vertex 15.4565 1 2.51
      vertex 15.4665 1 2.52499
    endloop
  endfacet
  facet normal 0.831879 0 -0.554956
    outer loop
      vertex 15.4565 1 2.51
      vertex 15.4665 -1 2.52499
      vertex 15.4565 -1 2.51
    endloop
  endfacet
  facet normal 0.826227 0 -0.563337
    outer loop
      vertex 15.4498 -1 2.5
      vertex 15.4483 -1 2.4978
      vertex 15.4483 -0.999466 2.4978
    endloop
  endfacet
  facet normal 0.896435 0 -0.443175
    outer loop
      vertex 15.481 -1 2.55432
      vertex 15.4665 1 2.52499
      vertex 15.481 1 2.55432
    endloop
  endfacet
  facet normal 0.896435 0 -0.443175
    outer loop
      vertex 15.4665 1 2.52499
      vertex 15.481 -1 2.55432
      vertex 15.4665 -1 2.52499
    endloop
  endfacet
  facet normal 0.947082 0 -0.320993
    outer loop
      vertex 15.4915 -1 2.5853
      vertex 15.481 1 2.55432
      vertex 15.4915 1 2.5853
    endloop
  endfacet
  facet normal 0.947082 0 -0.320993
    outer loop
      vertex 15.481 1 2.55432
      vertex 15.4915 -1 2.5853
      vertex 15.481 -1 2.55432
    endloop
  endfacet
  facet normal 0.980651 0 -0.195763
    outer loop
      vertex 15.4979 -1 2.61736
      vertex 15.4915 1 2.5853
      vertex 15.4979 1 2.61736
    endloop
  endfacet
  facet normal 0.980651 0 -0.195763
    outer loop
      vertex 15.4915 1 2.5853
      vertex 15.4979 -1 2.61736
      vertex 15.4915 -1 2.5853
    endloop
  endfacet
  facet normal 0.997935 0 -0.0642251
    outer loop
      vertex 15.5 -1 2.64999
      vertex 15.4979 1 2.61736
      vertex 15.5 1 2.64999
    endloop
  endfacet
  facet normal 0.997935 0 -0.0642251
    outer loop
      vertex 15.4979 1 2.61736
      vertex 15.5 -1 2.64999
      vertex 15.4979 -1 2.61736
    endloop
  endfacet
  facet normal 1 -0 0
    outer loop
      vertex 15.5 -1 3.26451
      vertex 15.5 1 2.64999
      vertex 15.5 1 3.26451
    endloop
  endfacet
  facet normal 1 0 0
    outer loop
      vertex 15.5 1 2.64999
      vertex 15.5 -1 3.26451
      vertex 15.5 -1 2.64999
    endloop
  endfacet
  facet normal 0.997937 -0 0.0642055
    outer loop
      vertex 15.4979 -1 3.29715
      vertex 15.5 1 3.26451
      vertex 15.4979 1 3.29715
    endloop
  endfacet
  facet normal 0.997937 0 0.0642055
    outer loop
      vertex 15.5 1 3.26451
      vertex 15.4979 -1 3.29715
      vertex 15.5 -1 3.26451
    endloop
  endfacet
  facet normal 0.980651 -0 0.195763
    outer loop
      vertex 15.4915 -1 3.32921
      vertex 15.4979 1 3.29715
      vertex 15.4915 1 3.32921
    endloop
  endfacet
  facet normal 0.980651 0 0.195763
    outer loop
      vertex 15.4979 1 3.29715
      vertex 15.4915 -1 3.32921
      vertex 15.4979 -1 3.29715
    endloop
  endfacet
  facet normal 0.94705 -0 0.321086
    outer loop
      vertex 15.481 -1 3.36018
      vertex 15.4915 1 3.32921
      vertex 15.481 1 3.36018
    endloop
  endfacet
  facet normal 0.94705 0 0.321086
    outer loop
      vertex 15.4915 1 3.32921
      vertex 15.481 -1 3.36018
      vertex 15.4915 -1 3.32921
    endloop
  endfacet
  facet normal 0.896435 -0 0.443175
    outer loop
      vertex 15.4665 -1 3.38951
      vertex 15.481 1 3.36018
      vertex 15.4665 1 3.38951
    endloop
  endfacet
  facet normal 0.896435 0 0.443175
    outer loop
      vertex 15.481 1 3.36018
      vertex 15.4665 -1 3.38951
      vertex 15.481 -1 3.36018
    endloop
  endfacet
  facet normal 0.831014 -0 0.556251
    outer loop
      vertex 15.4483 -1 3.4167
      vertex 15.4665 1 3.38951
      vertex 15.4483 1 3.4167
    endloop
  endfacet
  facet normal 0.831014 0 0.556251
    outer loop
      vertex 15.4665 1 3.38951
      vertex 15.4483 -1 3.4167
      vertex 15.4665 -1 3.38951
    endloop
  endfacet
  facet normal 0.752691 -0 0.658375
    outer loop
      vertex 15.4268 -1 3.44128
      vertex 15.4483 1 3.4167
      vertex 15.4268 1 3.44128
    endloop
  endfacet
  facet normal 0.752691 0 0.658375
    outer loop
      vertex 15.4483 1 3.4167
      vertex 15.4268 -1 3.44128
      vertex 15.4483 -1 3.4167
    endloop
  endfacet
  facet normal 0.65911 0 0.752046
    outer loop
      vertex 15.4022 1 3.46284
      vertex 15.4268 -1 3.44128
      vertex 15.4268 1 3.44128
    endloop
  endfacet
  facet normal 0.65911 0 0.752046
    outer loop
      vertex 15.4268 -1 3.44128
      vertex 15.4022 1 3.46284
      vertex 15.4022 -1 3.46284
    endloop
  endfacet
  facet normal 0.555687 0 0.831391
    outer loop
      vertex 15.375 1 3.48102
      vertex 15.4022 -1 3.46284
      vertex 15.4022 1 3.46284
    endloop
  endfacet
  facet normal 0.555687 0 0.831391
    outer loop
      vertex 15.4022 -1 3.46284
      vertex 15.375 1 3.48102
      vertex 15.375 -1 3.48102
    endloop
  endfacet
  facet normal 0.442556 0 0.896741
    outer loop
      vertex 15.3457 1 3.49548
      vertex 15.375 -1 3.48102
      vertex 15.375 1 3.48102
    endloop
  endfacet
  facet normal 0.442556 0 0.896741
    outer loop
      vertex 15.375 -1 3.48102
      vertex 15.3457 1 3.49548
      vertex 15.3457 -1 3.49548
    endloop
  endfacet
  facet normal 0.321355 0 0.946959
    outer loop
      vertex 15.3147 1 3.506
      vertex 15.3457 -1 3.49548
      vertex 15.3457 1 3.49548
    endloop
  endfacet
  facet normal 0.321355 0 0.946959
    outer loop
      vertex 15.3457 -1 3.49548
      vertex 15.3147 1 3.506
      vertex 15.3147 -1 3.506
    endloop
  endfacet
  facet normal 0.225304 0 0.974288
    outer loop
      vertex 15.2987 1 3.5097
      vertex 15.3147 -1 3.506
      vertex 15.3147 1 3.506
    endloop
  endfacet
  facet normal 0.225304 0 0.974288
    outer loop
      vertex 15.3147 -1 3.506
      vertex 15.2987 1 3.5097
      vertex 15.2987 -1 3.5097
    endloop
  endfacet
  facet normal 0.195086 0 0.980786
    outer loop
      vertex 15.2529 1 3.51881
      vertex 15.2987 -1 3.5097
      vertex 15.2987 1 3.5097
    endloop
  endfacet
  facet normal 0.195086 0 0.980786
    outer loop
      vertex 15.2987 -1 3.5097
      vertex 15.2529 1 3.51881
      vertex 15.2529 -1 3.51881
    endloop
  endfacet
  facet normal 0.260103 0 0.965581
    outer loop
      vertex 15.2369 1 3.52312
      vertex 15.2529 -1 3.51881
      vertex 15.2529 1 3.51881
    endloop
  endfacet
  facet normal 0.260103 0 0.965581
    outer loop
      vertex 15.2529 -1 3.51881
      vertex 15.2369 1 3.52312
      vertex 15.2369 -1 3.52312
    endloop
  endfacet
  facet normal 0.321096 0 0.947047
    outer loop
      vertex 15.178 1 3.54309
      vertex 15.2369 -1 3.52312
      vertex 15.2369 1 3.52312
    endloop
  endfacet
  facet normal 0.321096 0 0.947047
    outer loop
      vertex 15.2369 -1 3.52312
      vertex 15.178 1 3.54309
      vertex 15.178 -1 3.54309
    endloop
  endfacet
  facet normal 0.384175 0 0.92326
    outer loop
      vertex 15.1631 1 3.54929
      vertex 15.178 -1 3.54309
      vertex 15.178 1 3.54309
    endloop
  endfacet
  facet normal 0.384175 0 0.92326
    outer loop
      vertex 15.178 -1 3.54309
      vertex 15.1631 1 3.54929
      vertex 15.1631 -1 3.54929
    endloop
  endfacet
  facet normal 0.442303 0 0.896866
    outer loop
      vertex 15.1075 1 3.57671
      vertex 15.1631 -1 3.54929
      vertex 15.1631 1 3.54929
    endloop
  endfacet
  facet normal 0.442303 0 0.896866
    outer loop
      vertex 15.1631 -1 3.54929
      vertex 15.1075 1 3.57671
      vertex 15.1075 -1 3.57671
    endloop
  endfacet
  facet normal 0.499268 0 0.866448
    outer loop
      vertex 15.0932 1 3.58495
      vertex 15.1075 -1 3.57671
      vertex 15.1075 1 3.57671
    endloop
  endfacet
  facet normal 0.499268 0 0.866448
    outer loop
      vertex 15.1075 -1 3.57671
      vertex 15.0932 1 3.58495
      vertex 15.0932 -1 3.58495
    endloop
  endfacet
  facet normal 0.555405 0 0.83158
    outer loop
      vertex 15.0415 1 3.61948
      vertex 15.0932 -1 3.58495
      vertex 15.0932 1 3.58495
    endloop
  endfacet
  facet normal 0.555405 0 0.83158
    outer loop
      vertex 15.0932 -1 3.58495
      vertex 15.0415 1 3.61948
      vertex 15.0415 -1 3.61948
    endloop
  endfacet
  facet normal 0.606878 0 0.794795
    outer loop
      vertex 15.0286 1 3.62933
      vertex 15.0415 -1 3.61948
      vertex 15.0415 1 3.61948
    endloop
  endfacet
  facet normal 0.606878 0 0.794795
    outer loop
      vertex 15.0415 -1 3.61948
      vertex 15.0286 1 3.62933
      vertex 15.0286 -1 3.62933
    endloop
  endfacet
  facet normal 0.659868 0 0.751382
    outer loop
      vertex 14.9818 1 3.67043
      vertex 15.0286 -1 3.62933
      vertex 15.0286 1 3.62933
    endloop
  endfacet
  facet normal 0.659868 0 0.751382
    outer loop
      vertex 15.0286 -1 3.62933
      vertex 14.9818 1 3.67043
      vertex 14.9818 -1 3.67043
    endloop
  endfacet
  facet normal 0.705863 -0 0.708348
    outer loop
      vertex 14.9704 -1 3.68179
      vertex 14.9818 1 3.67043
      vertex 14.9704 1 3.68179
    endloop
  endfacet
  facet normal 0.705863 0 0.708348
    outer loop
      vertex 14.9818 1 3.67043
      vertex 14.9704 -1 3.68179
      vertex 14.9818 -1 3.67043
    endloop
  endfacet
  facet normal 0.751801 -0 0.65939
    outer loop
      vertex 14.9293 -1 3.72865
      vertex 14.9704 1 3.68179
      vertex 14.9293 1 3.72865
    endloop
  endfacet
  facet normal 0.751801 0 0.65939
    outer loop
      vertex 14.9704 1 3.68179
      vertex 14.9293 -1 3.72865
      vertex 14.9704 -1 3.68179
    endloop
  endfacet
  facet normal 0.795148 -0 0.606416
    outer loop
      vertex 14.9195 -1 3.7415
      vertex 14.9293 1 3.72865
      vertex 14.9195 1 3.7415
    endloop
  endfacet
  facet normal 0.795148 0 0.606416
    outer loop
      vertex 14.9293 1 3.72865
      vertex 14.9195 -1 3.7415
      vertex 14.9293 -1 3.72865
    endloop
  endfacet
  facet normal 0.83091 -0 0.556406
    outer loop
      vertex 14.8849 -1 3.79317
      vertex 14.9195 1 3.7415
      vertex 14.8849 1 3.79317
    endloop
  endfacet
  facet normal 0.83091 0 0.556406
    outer loop
      vertex 14.9195 1 3.7415
      vertex 14.8849 -1 3.79317
      vertex 14.9195 -1 3.7415
    endloop
  endfacet
  facet normal 0.867345 -0 0.497707
    outer loop
      vertex 14.8767 -1 3.80746
      vertex 14.8849 1 3.79317
      vertex 14.8767 1 3.80746
    endloop
  endfacet
  facet normal 0.867345 0 0.497707
    outer loop
      vertex 14.8849 1 3.79317
      vertex 14.8767 -1 3.80746
      vertex 14.8849 -1 3.79317
    endloop
  endfacet
  facet normal 0.89712 -0 0.441788
    outer loop
      vertex 14.8493 -1 3.8631
      vertex 14.8767 1 3.80746
      vertex 14.8493 1 3.8631
    endloop
  endfacet
  facet normal 0.89712 0 0.441788
    outer loop
      vertex 14.8767 1 3.80746
      vertex 14.8493 -1 3.8631
      vertex 14.8767 -1 3.80746
    endloop
  endfacet
  facet normal 0.923625 -0 0.383298
    outer loop
      vertex 14.8431 -1 3.87804
      vertex 14.8493 1 3.8631
      vertex 14.8431 1 3.87804
    endloop
  endfacet
  facet normal 0.923625 0 0.383298
    outer loop
      vertex 14.8493 1 3.8631
      vertex 14.8431 -1 3.87804
      vertex 14.8493 -1 3.8631
    endloop
  endfacet
  facet normal 0.946767 -0 0.32192
    outer loop
      vertex 14.8231 -1 3.93686
      vertex 14.8431 1 3.87804
      vertex 14.8231 1 3.93686
    endloop
  endfacet
  facet normal 0.946767 0 0.32192
    outer loop
      vertex 14.8431 1 3.87804
      vertex 14.8231 -1 3.93686
      vertex 14.8431 -1 3.87804
    endloop
  endfacet
  facet normal 0.965894 -0 0.258937
    outer loop
      vertex 14.8188 -1 3.9529
      vertex 14.8231 1 3.93686
      vertex 14.8188 1 3.9529
    endloop
  endfacet
  facet normal 0.965894 0 0.258937
    outer loop
      vertex 14.8231 1 3.93686
      vertex 14.8188 -1 3.9529
      vertex 14.8231 -1 3.93686
    endloop
  endfacet
  facet normal 0.980729 -0 0.195371
    outer loop
      vertex 14.8067 -1 4.01364
      vertex 14.8188 1 3.9529
      vertex 14.8067 1 4.01364
    endloop
  endfacet
  facet normal 0.980729 0 0.195371
    outer loop
      vertex 14.8188 1 3.9529
      vertex 14.8067 -1 4.01364
      vertex 14.8188 -1 3.9529
    endloop
  endfacet
  facet normal 0.991662 -0 0.128867
    outer loop
      vertex 14.8046 -1 4.0298
      vertex 14.8067 1 4.01364
      vertex 14.8046 1 4.0298
    endloop
  endfacet
  facet normal 0.991662 0 0.128867
    outer loop
      vertex 14.8067 1 4.01364
      vertex 14.8046 -1 4.0298
      vertex 14.8067 -1 4.01364
    endloop
  endfacet
  facet normal 0.997905 -0 0.0646916
    outer loop
      vertex 14.8003 -1 4.09613
      vertex 14.8046 1 4.0298
      vertex 14.8003 1 4.09613
    endloop
  endfacet
  facet normal 0.997905 0 0.0646916
    outer loop
      vertex 14.8046 1 4.0298
      vertex 14.8003 -1 4.09613
      vertex 14.8046 -1 4.0298
    endloop
  endfacet
  facet normal 0.999263 -0 0.038384
    outer loop
      vertex 14.8 -1 4.10394
      vertex 14.8003 1 4.09613
      vertex 14.8 1 4.10394
    endloop
  endfacet
  facet normal 0.999263 0 0.038384
    outer loop
      vertex 14.8003 1 4.09613
      vertex 14.8 -1 4.10394
      vertex 14.8003 -1 4.09613
    endloop
  endfacet
  facet normal 1 -0 0
    outer loop
      vertex 14.8 -1 6.25
      vertex 14.8 1 4.10394
      vertex 14.8 1 6.25
    endloop
  endfacet
  facet normal 1 0 0
    outer loop
      vertex 14.8 1 4.10394
      vertex 14.8 -1 6.25
      vertex 14.8 -1 4.10394
    endloop
  endfacet
  facet normal 0.997937 -0 0.0642055
    outer loop
      vertex 14.7979 -1 6.28264
      vertex 14.8 1 6.25
      vertex 14.7979 1 6.28264
    endloop
  endfacet
  facet normal 0.997937 0 0.0642055
    outer loop
      vertex 14.8 1 6.25
      vertex 14.7979 -1 6.28264
      vertex 14.8 -1 6.25
    endloop
  endfacet
  facet normal 0.980651 -0 0.195763
    outer loop
      vertex 14.7915 -1 6.3147
      vertex 14.7979 1 6.28264
      vertex 14.7915 1 6.3147
    endloop
  endfacet
  facet normal 0.980651 0 0.195763
    outer loop
      vertex 14.7979 1 6.28264
      vertex 14.7915 -1 6.3147
      vertex 14.7979 -1 6.28264
    endloop
  endfacet
  facet normal 0.94705 -0 0.321086
    outer loop
      vertex 14.781 -1 6.34567
      vertex 14.7915 1 6.3147
      vertex 14.781 1 6.34567
    endloop
  endfacet
  facet normal 0.94705 0 0.321086
    outer loop
      vertex 14.7915 1 6.3147
      vertex 14.781 -1 6.34567
      vertex 14.7915 -1 6.3147
    endloop
  endfacet
  facet normal 0.896435 -0 0.443175
    outer loop
      vertex 14.7665 -1 6.375
      vertex 14.781 1 6.34567
      vertex 14.7665 1 6.375
    endloop
  endfacet
  facet normal 0.896435 0 0.443175
    outer loop
      vertex 14.781 1 6.34567
      vertex 14.7665 -1 6.375
      vertex 14.781 -1 6.34567
    endloop
  endfacet
  facet normal 0.831014 -0 0.556251
    outer loop
      vertex 14.7483 -1 6.40219
      vertex 14.7665 1 6.375
      vertex 14.7483 1 6.40219
    endloop
  endfacet
  facet normal 0.831014 0 0.556251
    outer loop
      vertex 14.7665 1 6.375
      vertex 14.7483 -1 6.40219
      vertex 14.7665 -1 6.375
    endloop
  endfacet
  facet normal 0.752691 -0 0.658375
    outer loop
      vertex 14.7268 -1 6.42677
      vertex 14.7483 1 6.40219
      vertex 14.7268 1 6.42677
    endloop
  endfacet
  facet normal 0.752691 0 0.658375
    outer loop
      vertex 14.7483 1 6.40219
      vertex 14.7268 -1 6.42677
      vertex 14.7483 -1 6.40219
    endloop
  endfacet
  facet normal 0.65911 0 0.752046
    outer loop
      vertex 14.7022 1 6.44833
      vertex 14.7268 -1 6.42677
      vertex 14.7268 1 6.42677
    endloop
  endfacet
  facet normal 0.65911 0 0.752046
    outer loop
      vertex 14.7268 -1 6.42677
      vertex 14.7022 1 6.44833
      vertex 14.7022 -1 6.44833
    endloop
  endfacet
  facet normal 0.555687 0 0.831391
    outer loop
      vertex 14.675 1 6.46651
      vertex 14.7022 -1 6.44833
      vertex 14.7022 1 6.44833
    endloop
  endfacet
  facet normal 0.555687 0 0.831391
    outer loop
      vertex 14.7022 -1 6.44833
      vertex 14.675 1 6.46651
      vertex 14.675 -1 6.46651
    endloop
  endfacet
  facet normal 0.442556 0 0.896741
    outer loop
      vertex 14.6457 1 6.48097
      vertex 14.675 -1 6.46651
      vertex 14.675 1 6.46651
    endloop
  endfacet
  facet normal 0.442556 0 0.896741
    outer loop
      vertex 14.675 -1 6.46651
      vertex 14.6457 1 6.48097
      vertex 14.6457 -1 6.48097
    endloop
  endfacet
  facet normal 0.321355 0 0.946959
    outer loop
      vertex 14.6147 1 6.49149
      vertex 14.6457 -1 6.48097
      vertex 14.6457 1 6.48097
    endloop
  endfacet
  facet normal 0.321355 0 0.946959
    outer loop
      vertex 14.6457 -1 6.48097
      vertex 14.6147 1 6.49149
      vertex 14.6147 -1 6.49149
    endloop
  endfacet
  facet normal 0.194647 0 0.980873
    outer loop
      vertex 14.5826 1 6.49786
      vertex 14.6147 -1 6.49149
      vertex 14.6147 1 6.49149
    endloop
  endfacet
  facet normal 0.194647 0 0.980873
    outer loop
      vertex 14.6147 -1 6.49149
      vertex 14.5826 1 6.49786
      vertex 14.5826 -1 6.49786
    endloop
  endfacet
  facet normal 0.0655032 0 0.997852
    outer loop
      vertex 14.55 1 6.5
      vertex 14.5826 -1 6.49786
      vertex 14.5826 1 6.49786
    endloop
  endfacet
  facet normal 0.0655032 0 0.997852
    outer loop
      vertex 14.5826 -1 6.49786
      vertex 14.55 1 6.5
      vertex 14.55 -1 6.5
    endloop
  endfacet
  facet normal -0 0 1
    outer loop
      vertex 3.50394 1 6.5
      vertex 14.55 -1 6.5
      vertex 14.55 1 6.5
    endloop
  endfacet
  facet normal 0 0 1
    outer loop
      vertex 14.55 -1 6.5
      vertex 3.50394 1 6.5
      vertex 3.50394 -1 6.5
    endloop
  endfacet
  facet normal 0.0332722 0 0.999446
    outer loop
      vertex 3.49613 1 6.50026
      vertex 3.50394 -1 6.5
      vertex 3.50394 1 6.5
    endloop
  endfacet
  facet normal 0.0332722 0 0.999446
    outer loop
      vertex 3.50394 -1 6.5
      vertex 3.49613 1 6.50026
      vertex 3.49613 -1 6.50026
    endloop
  endfacet
  facet normal 0.0654406 0 0.997856
    outer loop
      vertex 3.4298 1 6.50461
      vertex 3.49613 -1 6.50026
      vertex 3.49613 1 6.50026
    endloop
  endfacet
  facet normal 0.0654406 0 0.997856
    outer loop
      vertex 3.49613 -1 6.50026
      vertex 3.4298 1 6.50461
      vertex 3.4298 -1 6.50461
    endloop
  endfacet
  facet normal 0.130677 0 0.991425
    outer loop
      vertex 3.41364 1 6.50674
      vertex 3.4298 -1 6.50461
      vertex 3.4298 1 6.50461
    endloop
  endfacet
  facet normal 0.130677 0 0.991425
    outer loop
      vertex 3.4298 -1 6.50461
      vertex 3.41364 1 6.50674
      vertex 3.41364 -1 6.50674
    endloop
  endfacet
  facet normal 0.194905 0 0.980822
    outer loop
      vertex 3.3529 1 6.51881
      vertex 3.41364 -1 6.50674
      vertex 3.41364 1 6.50674
    endloop
  endfacet
  facet normal 0.194905 0 0.980822
    outer loop
      vertex 3.41364 -1 6.50674
      vertex 3.3529 1 6.51881
      vertex 3.3529 -1 6.51881
    endloop
  endfacet
  facet normal 0.259498 0 0.965744
    outer loop
      vertex 3.33686 1 6.52312
      vertex 3.3529 -1 6.51881
      vertex 3.3529 1 6.51881
    endloop
  endfacet
  facet normal 0.259498 0 0.965744
    outer loop
      vertex 3.3529 -1 6.51881
      vertex 3.33686 1 6.52312
      vertex 3.33686 -1 6.52312
    endloop
  endfacet
  facet normal 0.321487 0 0.946914
    outer loop
      vertex 3.27804 1 6.54309
      vertex 3.33686 -1 6.52312
      vertex 3.33686 1 6.52312
    endloop
  endfacet
  facet normal 0.321487 0 0.946914
    outer loop
      vertex 3.33686 -1 6.52312
      vertex 3.27804 1 6.54309
      vertex 3.27804 -1 6.54309
    endloop
  endfacet
  facet normal 0.383298 0 0.923625
    outer loop
      vertex 3.2631 1 6.54929
      vertex 3.27804 -1 6.54309
      vertex 3.27804 1 6.54309
    endloop
  endfacet
  facet normal 0.383298 0 0.923625
    outer loop
      vertex 3.27804 -1 6.54309
      vertex 3.2631 1 6.54929
      vertex 3.2631 -1 6.54929
    endloop
  endfacet
  facet normal 0.442047 0 0.896992
    outer loop
      vertex 3.20746 1 6.57671
      vertex 3.2631 -1 6.54929
      vertex 3.2631 1 6.54929
    endloop
  endfacet
  facet normal 0.442047 0 0.896992
    outer loop
      vertex 3.2631 -1 6.54929
      vertex 3.20746 1 6.57671
      vertex 3.20746 -1 6.57671
    endloop
  endfacet
  facet normal 0.49953 0 0.866297
    outer loop
      vertex 3.19317 1 6.58495
      vertex 3.20746 -1 6.57671
      vertex 3.20746 1 6.57671
    endloop
  endfacet
  facet normal 0.49953 0 0.866297
    outer loop
      vertex 3.20746 -1 6.57671
      vertex 3.19317 1 6.58495
      vertex 3.19317 -1 6.58495
    endloop
  endfacet
  facet normal 0.555628 0 0.831431
    outer loop
      vertex 3.1415 1 6.61948
      vertex 3.19317 -1 6.58495
      vertex 3.19317 1 6.58495
    endloop
  endfacet
  facet normal 0.555628 0 0.831431
    outer loop
      vertex 3.19317 -1 6.58495
      vertex 3.1415 1 6.61948
      vertex 3.1415 -1 6.61948
    endloop
  endfacet
  facet normal 0.608367 0 0.793656
    outer loop
      vertex 3.12865 1 6.62933
      vertex 3.1415 -1 6.61948
      vertex 3.1415 1 6.61948
    endloop
  endfacet
  facet normal 0.608367 0 0.793656
    outer loop
      vertex 3.1415 -1 6.61948
      vertex 3.12865 1 6.62933
      vertex 3.12865 -1 6.62933
    endloop
  endfacet
  facet normal 0.65939 0 0.751801
    outer loop
      vertex 3.08179 1 6.67043
      vertex 3.12865 -1 6.62933
      vertex 3.12865 1 6.62933
    endloop
  endfacet
  facet normal 0.65939 0 0.751801
    outer loop
      vertex 3.12865 -1 6.62933
      vertex 3.08179 1 6.67043
      vertex 3.08179 -1 6.67043
    endloop
  endfacet
  facet normal 0.707107 -0 0.707107
    outer loop
      vertex 3.07043 -1 6.68179
      vertex 3.08179 1 6.67043
      vertex 3.07043 1 6.68179
    endloop
  endfacet
  facet normal 0.707107 0 0.707107
    outer loop
      vertex 3.08179 1 6.67043
      vertex 3.07043 -1 6.68179
      vertex 3.08179 -1 6.67043
    endloop
  endfacet
  facet normal 0.751801 -0 0.65939
    outer loop
      vertex 3.02933 -1 6.72865
      vertex 3.07043 1 6.68179
      vertex 3.02933 1 6.72865
    endloop
  endfacet
  facet normal 0.751801 0 0.65939
    outer loop
      vertex 3.07043 1 6.68179
      vertex 3.02933 -1 6.72865
      vertex 3.07043 -1 6.68179
    endloop
  endfacet
  facet normal 0.793656 -0 0.608367
    outer loop
      vertex 3.01948 -1 6.7415
      vertex 3.02933 1 6.72865
      vertex 3.01948 1 6.7415
    endloop
  endfacet
  facet normal 0.793656 0 0.608367
    outer loop
      vertex 3.02933 1 6.72865
      vertex 3.01948 -1 6.7415
      vertex 3.02933 -1 6.72865
    endloop
  endfacet
  facet normal 0.831431 -0 0.555628
    outer loop
      vertex 2.98495 -1 6.79317
      vertex 3.01948 1 6.7415
      vertex 2.98495 1 6.79317
    endloop
  endfacet
  facet normal 0.831431 0 0.555628
    outer loop
      vertex 3.01948 1 6.7415
      vertex 2.98495 -1 6.79317
      vertex 3.01948 -1 6.7415
    endloop
  endfacet
  facet normal 0.866297 -0 0.49953
    outer loop
      vertex 2.97671 -1 6.80746
      vertex 2.98495 1 6.79317
      vertex 2.97671 1 6.80746
    endloop
  endfacet
  facet normal 0.866297 0 0.49953
    outer loop
      vertex 2.98495 1 6.79317
      vertex 2.97671 -1 6.80746
      vertex 2.98495 -1 6.79317
    endloop
  endfacet
  facet normal 0.896992 -0 0.442047
    outer loop
      vertex 2.94929 -1 6.8631
      vertex 2.97671 1 6.80746
      vertex 2.94929 1 6.8631
    endloop
  endfacet
  facet normal 0.896992 0 0.442047
    outer loop
      vertex 2.97671 1 6.80746
      vertex 2.94929 -1 6.8631
      vertex 2.97671 -1 6.80746
    endloop
  endfacet
  facet normal 0.923625 -0 0.383298
    outer loop
      vertex 2.94309 -1 6.87804
      vertex 2.94929 1 6.8631
      vertex 2.94309 1 6.87804
    endloop
  endfacet
  facet normal 0.923625 0 0.383298
    outer loop
      vertex 2.94929 1 6.8631
      vertex 2.94309 -1 6.87804
      vertex 2.94929 -1 6.8631
    endloop
  endfacet
  facet normal 0.946914 -0 0.321487
    outer loop
      vertex 2.92312 -1 6.93686
      vertex 2.94309 1 6.87804
      vertex 2.92312 1 6.93686
    endloop
  endfacet
  facet normal 0.946914 0 0.321487
    outer loop
      vertex 2.94309 1 6.87804
      vertex 2.92312 -1 6.93686
      vertex 2.94309 -1 6.87804
    endloop
  endfacet
  facet normal 0.965744 -0 0.259498
    outer loop
      vertex 2.91881 -1 6.9529
      vertex 2.92312 1 6.93686
      vertex 2.91881 1 6.9529
    endloop
  endfacet
  facet normal 0.965744 0 0.259498
    outer loop
      vertex 2.92312 1 6.93686
      vertex 2.91881 -1 6.9529
      vertex 2.92312 -1 6.93686
    endloop
  endfacet
  facet normal 0.980822 -0 0.194905
    outer loop
      vertex 2.90674 -1 7.01364
      vertex 2.91881 1 6.9529
      vertex 2.90674 1 7.01364
    endloop
  endfacet
  facet normal 0.980822 0 0.194905
    outer loop
      vertex 2.91881 1 6.9529
      vertex 2.90674 -1 7.01364
      vertex 2.91881 -1 6.9529
    endloop
  endfacet
  facet normal 0.991425 -0 0.130677
    outer loop
      vertex 2.90461 -1 7.0298
      vertex 2.90674 1 7.01364
      vertex 2.90461 1 7.0298
    endloop
  endfacet
  facet normal 0.991425 0 0.130677
    outer loop
      vertex 2.90674 1 7.01364
      vertex 2.90461 -1 7.0298
      vertex 2.90674 -1 7.01364
    endloop
  endfacet
  facet normal 0.997856 -0 0.0654406
    outer loop
      vertex 2.90026 -1 7.09613
      vertex 2.90461 1 7.0298
      vertex 2.90026 1 7.09613
    endloop
  endfacet
  facet normal 0.997856 0 0.0654406
    outer loop
      vertex 2.90461 1 7.0298
      vertex 2.90026 -1 7.09613
      vertex 2.90461 -1 7.0298
    endloop
  endfacet
  facet normal 0.999446 -0 0.0332722
    outer loop
      vertex 2.9 -1 7.10394
      vertex 2.90026 1 7.09613
      vertex 2.9 1 7.10394
    endloop
  endfacet
  facet normal 0.999446 0 0.0332722
    outer loop
      vertex 2.90026 1 7.09613
      vertex 2.9 -1 7.10394
      vertex 2.90026 -1 7.09613
    endloop
  endfacet
  facet normal 1 0 0
    outer loop
      vertex 2.9 1 11.3
      vertex 2.9 0.958537 11.3
      vertex 2.9 1 11.26
    endloop
  endfacet
  facet normal 1 0 0
    outer loop
      vertex 2.9 1 11.25
      vertex 2.9 0.977285 8
      vertex 2.9 1 7.10394
    endloop
  endfacet
  facet normal 1 -0 0
    outer loop
      vertex 2.9 0.24108 10.9459
      vertex 2.9 0.977285 8
      vertex 2.9 1 11.25
    endloop
  endfacet
  facet normal 1 -0 0
    outer loop
      vertex 2.9 0.168055 10.9199
      vertex 2.9 0.977285 8
      vertex 2.9 0.24108 10.9459
    endloop
  endfacet
  facet normal 1 -0 0
    outer loop
      vertex 2.9 0.146318 10.9122
      vertex 2.9 0.977285 8
      vertex 2.9 0.168055 10.9199
    endloop
  endfacet
  facet normal 1 -0 0
    outer loop
      vertex 2.9 0.11597 10.9069
      vertex 2.9 0.977285 8
      vertex 2.9 0.146318 10.9122
    endloop
  endfacet
  facet normal 1 -0 0
    outer loop
      vertex 2.9 0.0490532 10.8952
      vertex 2.9 0.977285 8
      vertex 2.9 0.11597 10.9069
    endloop
  endfacet
  facet normal 1 -0 0
    outer loop
      vertex 2.9 -0.0490522 10.8952
      vertex 2.9 0.977285 8
      vertex 2.9 0.0490532 10.8952
    endloop
  endfacet
  facet normal 1 0 0
    outer loop
      vertex 2.9 -0.977284 8
      vertex 2.9 -0.0490522 10.8952
      vertex 2.9 -0.115969 10.9069
    endloop
  endfacet
  facet normal 1 0 0
    outer loop
      vertex 2.9 -0.977284 8
      vertex 2.9 -0.115969 10.9069
      vertex 2.9 -0.146317 10.9122
    endloop
  endfacet
  facet normal 1 0 0
    outer loop
      vertex 2.9 -0.977284 8
      vertex 2.9 -0.146317 10.9122
      vertex 2.9 -0.168054 10.9199
    endloop
  endfacet
  facet normal 1 0 0
    outer loop
      vertex 2.9 -0.977284 8
      vertex 2.9 -0.168054 10.9199
      vertex 2.9 -0.241079 10.9459
    endloop
  endfacet
  facet normal 1 0 0
    outer loop
      vertex 2.9 -0.0490522 10.8952
      vertex 2.9 -0.977284 8
      vertex 2.9 0.977285 8
    endloop
  endfacet
  facet normal 1 0 -0
    outer loop
      vertex 2.9 -0.977284 8
      vertex 2.9 -0.241079 10.9459
      vertex 2.9 -1 11.25
    endloop
  endfacet
  facet normal 1 -0 0
    outer loop
      vertex 2.9 0.908847 7.83597
      vertex 2.9 1 7.10394
      vertex 2.9 0.977285 8
    endloop
  endfacet
  facet normal 1 -0 0
    outer loop
      vertex 2.9 0.866027 7.73334
      vertex 2.9 1 7.10394
      vertex 2.9 0.908847 7.83597
    endloop
  endfacet
  facet normal 1 -0 0
    outer loop
      vertex 2.9 0.700256 7.36499
      vertex 2.9 1 7.10394
      vertex 2.9 0.866027 7.73334
    endloop
  endfacet
  facet normal 1 -0 0
    outer loop
      vertex 2.9 0.651614 7.25691
      vertex 2.9 1 7.10394
      vertex 2.9 0.700256 7.36499
    endloop
  endfacet
  facet normal 1 -0 0
    outer loop
      vertex 2.9 0.641078 7.23574
      vertex 2.9 1 7.10394
      vertex 2.9 0.651614 7.25691
    endloop
  endfacet
  facet normal 1 -0 0
    outer loop
      vertex 2.9 0.623291 7.2
      vertex 2.9 1 7.10394
      vertex 2.9 0.641078 7.23574
    endloop
  endfacet
  facet normal 1 -0 0
    outer loop
      vertex 2.9 -0.62329 7.2
      vertex 2.9 1 7.10394
      vertex 2.9 0.623291 7.2
    endloop
  endfacet
  facet normal 1 0 0
    outer loop
      vertex 2.9 -1 7.10394
      vertex 2.9 -0.700255 7.36499
      vertex 2.9 -0.866026 7.73334
    endloop
  endfacet
  facet normal 1 0 0
    outer loop
      vertex 2.9 -0.62329 7.2
      vertex 2.9 -1 7.10394
      vertex 2.9 1 7.10394
    endloop
  endfacet
  facet normal 1 0 0
    outer loop
      vertex 2.9 -0.641077 7.23574
      vertex 2.9 -1 7.10394
      vertex 2.9 -0.62329 7.2
    endloop
  endfacet
  facet normal 1 0 0
    outer loop
      vertex 2.9 -0.651613 7.25691
      vertex 2.9 -1 7.10394
      vertex 2.9 -0.641077 7.23574
    endloop
  endfacet
  facet normal 1 0 0
    outer loop
      vertex 2.9 -0.700255 7.36499
      vertex 2.9 -1 7.10394
      vertex 2.9 -0.651613 7.25691
    endloop
  endfacet
  facet normal 1 0 0
    outer loop
      vertex 2.9 -0.908846 7.83597
      vertex 2.9 -1 7.10394
      vertex 2.9 -0.866026 7.73334
    endloop
  endfacet
  facet normal 1 0 0
    outer loop
      vertex 2.9 -0.977284 8
      vertex 2.9 -1 7.10394
      vertex 2.9 -0.908846 7.83597
    endloop
  endfacet
  facet normal 1 0 0
    outer loop
      vertex 2.9 -1 7.10394
      vertex 2.9 -0.977284 8
      vertex 2.9 -1 11.25
    endloop
  endfacet
  facet normal 1 0 0
    outer loop
      vertex 2.9 -0.958537 11.3
      vertex 2.9 -1 11.3
      vertex 2.9 -1 11.26
    endloop
  endfacet
  facet normal 0.997852 0 0.0655032
    outer loop
      vertex 2.89786 1 11.3326
      vertex 2.9 0.958537 11.3
      vertex 2.9 1 11.3
    endloop
  endfacet
  facet normal 0.997871 0.000222046 0.065222
    outer loop
      vertex 2.89786 1 11.3326
      vertex 2.89957 0.952319 11.3066
      vertex 2.9 0.958537 11.3
    endloop
  endfacet
  facet normal 0.997844 0 0.0656274
    outer loop
      vertex 2.89957 0.952319 11.3066
      vertex 2.89786 1 11.3326
      vertex 2.89786 0.927356 11.3326
    endloop
  endfacet
  facet normal 0.997844 -0 0.0656274
    outer loop
      vertex 2.89786 -1 11.3326
      vertex 2.89957 -0.952318 11.3066
      vertex 2.89786 -0.927356 11.3326
    endloop
  endfacet
  facet normal 0.997871 -0.000222031 0.065222
    outer loop
      vertex 2.89786 -1 11.3326
      vertex 2.9 -0.958537 11.3
      vertex 2.89957 -0.952318 11.3066
    endloop
  endfacet
  facet normal 0.997852 0 0.0655032
    outer loop
      vertex 2.9 -0.958537 11.3
      vertex 2.89786 -1 11.3326
      vertex 2.9 -1 11.3
    endloop
  endfacet
  facet normal 0.980873 0 0.194647
    outer loop
      vertex 2.89149 1 11.3647
      vertex 2.89786 0.927356 11.3326
      vertex 2.89786 1 11.3326
    endloop
  endfacet
  facet normal 0.980873 0 0.194647
    outer loop
      vertex 2.89786 0.927356 11.3326
      vertex 2.89149 1 11.3647
      vertex 2.89149 0.901704 11.3647
    endloop
  endfacet
  facet normal 0.980873 -0 0.194647
    outer loop
      vertex 2.89149 -1 11.3647
      vertex 2.89786 -0.927356 11.3326
      vertex 2.89149 -0.901704 11.3647
    endloop
  endfacet
  facet normal 0.980873 0 0.194647
    outer loop
      vertex 2.89786 -0.927356 11.3326
      vertex 2.89149 -1 11.3647
      vertex 2.89786 -1 11.3326
    endloop
  endfacet
  facet normal 0.946959 0 0.321355
    outer loop
      vertex 2.88097 1 11.3957
      vertex 2.89149 0.901704 11.3647
      vertex 2.89149 1 11.3647
    endloop
  endfacet
  facet normal 0.946248 -0.000733873 0.323441
    outer loop
      vertex 2.88097 1 11.3957
      vertex 2.88971 0.898394 11.3699
      vertex 2.89149 0.901704 11.3647
    endloop
  endfacet
  facet normal 0.94713 0 0.32085
    outer loop
      vertex 2.88971 0.898394 11.3699
      vertex 2.88097 1 11.3957
      vertex 2.88097 0.880173 11.3957
    endloop
  endfacet
  facet normal 0.94713 -0 0.32085
    outer loop
      vertex 2.88097 -1 11.3957
      vertex 2.88971 -0.898394 11.3699
      vertex 2.88097 -0.880173 11.3957
    endloop
  endfacet
  facet normal 0.946248 0.000733873 0.323441
    outer loop
      vertex 2.88097 -1 11.3957
      vertex 2.89149 -0.901704 11.3647
      vertex 2.88971 -0.898394 11.3699
    endloop
  endfacet
  facet normal 0.946959 0 0.321355
    outer loop
      vertex 2.89149 -0.901704 11.3647
      vertex 2.88097 -1 11.3957
      vertex 2.89149 -1 11.3647
    endloop
  endfacet
  facet normal 0.896741 0 0.442556
    outer loop
      vertex 2.86651 1 11.425
      vertex 2.88097 0.880173 11.3957
      vertex 2.88097 1 11.3957
    endloop
  endfacet
  facet normal 0.895957 -0.000482339 0.444141
    outer loop
      vertex 2.86651 1 11.425
      vertex 2.87348 0.871493 11.4108
      vertex 2.88097 0.880173 11.3957
    endloop
  endfacet
  facet normal 0.89769 0 0.440627
    outer loop
      vertex 2.87348 0.871493 11.4108
      vertex 2.86651 1 11.425
      vertex 2.86651 0.863211 11.425
    endloop
  endfacet
  facet normal 0.89769 -0 0.440627
    outer loop
      vertex 2.86651 -1 11.425
      vertex 2.87348 -0.871493 11.4108
      vertex 2.86651 -0.863211 11.425
    endloop
  endfacet
  facet normal 0.895957 0.000482339 0.444141
    outer loop
      vertex 2.86651 -1 11.425
      vertex 2.88097 -0.880173 11.3957
      vertex 2.87348 -0.871493 11.4108
    endloop
  endfacet
  facet normal 0.896741 0 0.442556
    outer loop
      vertex 2.88097 -0.880173 11.3957
      vertex 2.86651 -1 11.425
      vertex 2.88097 -1 11.3957
    endloop
  endfacet
  facet normal 0.831391 0 0.555687
    outer loop
      vertex 2.84833 1 11.4522
      vertex 2.86651 0.863211 11.425
      vertex 2.86651 1 11.425
    endloop
  endfacet
  facet normal 0.830587 -0.000345684 0.556888
    outer loop
      vertex 2.84833 1 11.4522
      vertex 2.85531 0.855856 11.4417
      vertex 2.86651 0.863211 11.425
    endloop
  endfacet
  facet normal 0.832782 0 0.553602
    outer loop
      vertex 2.85531 0.855856 11.4417
      vertex 2.84833 1 11.4522
      vertex 2.84833 0.850376 11.4522
    endloop
  endfacet
  facet normal 0.832782 -0 0.553602
    outer loop
      vertex 2.84833 -1 11.4522
      vertex 2.85531 -0.855855 11.4417
      vertex 2.84833 -0.850376 11.4522
    endloop
  endfacet
  facet normal 0.830587 0.00034568 0.556888
    outer loop
      vertex 2.84833 -1 11.4522
      vertex 2.86651 -0.863211 11.425
      vertex 2.85531 -0.855855 11.4417
    endloop
  endfacet
  facet normal 0.831391 0 0.555687
    outer loop
      vertex 2.86651 -0.863211 11.425
      vertex 2.84833 -1 11.4522
      vertex 2.86651 -1 11.425
    endloop
  endfacet
  facet normal 0.752046 0 0.65911
    outer loop
      vertex 2.82677 1 11.4768
      vertex 2.84833 0.850376 11.4522
      vertex 2.84833 1 11.4522
    endloop
  endfacet
  facet normal 0.751871 -5.80946e-05 0.65931
    outer loop
      vertex 2.82677 1 11.4768
      vertex 2.83237 0.843226 11.4704
      vertex 2.84833 0.850376 11.4522
    endloop
  endfacet
  facet normal 0.752577 0 0.658505
    outer loop
      vertex 2.83237 0.843226 11.4704
      vertex 2.82677 1 11.4768
      vertex 2.82677 0.840086 11.4768
    endloop
  endfacet
  facet normal 0.752577 -0 0.658505
    outer loop
      vertex 2.82677 -1 11.4768
      vertex 2.83237 -0.843226 11.4704
      vertex 2.82677 -0.840086 11.4768
    endloop
  endfacet
  facet normal 0.751871 5.80946e-05 0.65931
    outer loop
      vertex 2.82677 -1 11.4768
      vertex 2.84833 -0.850376 11.4522
      vertex 2.83237 -0.843226 11.4704
    endloop
  endfacet
  facet normal 0.752046 0 0.65911
    outer loop
      vertex 2.84833 -0.850376 11.4522
      vertex 2.82677 -1 11.4768
      vertex 2.84833 -1 11.4522
    endloop
  endfacet
  facet normal 0.658375 0 0.752691
    outer loop
      vertex 2.80219 1 11.4983
      vertex 2.82677 0.840086 11.4768
      vertex 2.82677 1 11.4768
    endloop
  endfacet
  facet normal 0.658794 0.000113954 0.752323
    outer loop
      vertex 2.82677 0.840086 11.4768
      vertex 2.80219 1 11.4983
      vertex 2.80279 0.832255 11.4978
    endloop
  endfacet
  facet normal 0.640184 0 0.768221
    outer loop
      vertex 2.80279 0.832255 11.4978
      vertex 2.80219 1 11.4983
      vertex 2.80219 0.832053 11.4983
    endloop
  endfacet
  facet normal 0.658794 -0.000113954 0.752323
    outer loop
      vertex 2.80219 -1 11.4983
      vertex 2.82677 -0.840086 11.4768
      vertex 2.80279 -0.832255 11.4978
    endloop
  endfacet
  facet normal 0.640184 -0 0.768221
    outer loop
      vertex 2.80219 -1 11.4983
      vertex 2.80279 -0.832255 11.4978
      vertex 2.80219 -0.832053 11.4983
    endloop
  endfacet
  facet normal 0.658375 0 0.752691
    outer loop
      vertex 2.82677 -0.840086 11.4768
      vertex 2.80219 -1 11.4983
      vertex 2.82677 -1 11.4768
    endloop
  endfacet
  facet normal 0.556251 0 0.831014
    outer loop
      vertex 2.775 1 11.5165
      vertex 2.80219 0.832053 11.4983
      vertex 2.80219 1 11.4983
    endloop
  endfacet
  facet normal 0.555195 -0.000247361 0.83172
    outer loop
      vertex 2.80219 0.832053 11.4983
      vertex 2.775 1 11.5165
      vertex 2.77762 0.82825 11.5147
    endloop
  endfacet
  facet normal 0.566262 0 0.824225
    outer loop
      vertex 2.77762 0.82825 11.5147
      vertex 2.775 1 11.5165
      vertex 2.775 0.827556 11.5165
    endloop
  endfacet
  facet normal 0.555195 0.000247361 0.83172
    outer loop
      vertex 2.775 -1 11.5165
      vertex 2.80219 -0.832053 11.4983
      vertex 2.77762 -0.82825 11.5147
    endloop
  endfacet
  facet normal 0.566262 -0 0.824225
    outer loop
      vertex 2.775 -1 11.5165
      vertex 2.77762 -0.82825 11.5147
      vertex 2.775 -0.827556 11.5165
    endloop
  endfacet
  facet normal 0.556251 0 0.831014
    outer loop
      vertex 2.80219 -0.832053 11.4983
      vertex 2.775 -1 11.5165
      vertex 2.80219 -1 11.4983
    endloop
  endfacet
  facet normal 0.443175 0 0.896435
    outer loop
      vertex 2.74567 1 11.531
      vertex 2.775 0.827556 11.5165
      vertex 2.775 1 11.5165
    endloop
  endfacet
  facet normal 0.442718 -9.66551e-05 0.896661
    outer loop
      vertex 2.775 0.827556 11.5165
      vertex 2.74567 1 11.531
      vertex 2.75029 0.824495 11.5287
    endloop
  endfacet
  facet normal 0.445663 0 0.895201
    outer loop
      vertex 2.75029 0.824495 11.5287
      vertex 2.74567 1 11.531
      vertex 2.74567 0.82358 11.531
    endloop
  endfacet
  facet normal 0.442718 9.66551e-05 0.896661
    outer loop
      vertex 2.74567 -1 11.531
      vertex 2.775 -0.827556 11.5165
      vertex 2.75029 -0.824495 11.5287
    endloop
  endfacet
  facet normal 0.445663 -0 0.895201
    outer loop
      vertex 2.74567 -1 11.531
      vertex 2.75029 -0.824495 11.5287
      vertex 2.74567 -0.82358 11.531
    endloop
  endfacet
  facet normal 0.443175 0 0.896435
    outer loop
      vertex 2.775 -0.827556 11.5165
      vertex 2.74567 -1 11.531
      vertex 2.775 -1 11.5165
    endloop
  endfacet
  facet normal 0.321086 0 0.94705
    outer loop
      vertex 2.7147 1 11.5415
      vertex 2.74567 0.82358 11.531
      vertex 2.74567 1 11.531
    endloop
  endfacet
  facet normal 0.321086 0 0.94705
    outer loop
      vertex 2.74567 0.82358 11.531
      vertex 2.7147 1 11.5415
      vertex 2.7147 0.82101 11.5415
    endloop
  endfacet
  facet normal 0.321086 -0 0.94705
    outer loop
      vertex 2.7147 -1 11.5415
      vertex 2.74567 -0.82358 11.531
      vertex 2.7147 -0.82101 11.5415
    endloop
  endfacet
  facet normal 0.321086 0 0.94705
    outer loop
      vertex 2.74567 -0.82358 11.531
      vertex 2.7147 -1 11.5415
      vertex 2.74567 -1 11.531
    endloop
  endfacet
  facet normal 0.169907 0 0.98546
    outer loop
      vertex 2.7147 1 11.5415
      vertex 2.71354 0.821036 11.5417
      vertex 2.7147 0.82101 11.5415
    endloop
  endfacet
  facet normal 0.196784 -0.000179813 0.980447
    outer loop
      vertex 2.7147 1 11.5415
      vertex 2.68813 0.821035 11.5468
      vertex 2.71354 0.821036 11.5417
    endloop
  endfacet
  facet normal 0.195763 -2.22191e-05 0.980651
    outer loop
      vertex 2.68264 1 11.5479
      vertex 2.68813 0.821035 11.5468
      vertex 2.7147 1 11.5415
    endloop
  endfacet
  facet normal 0.19646 0 0.980512
    outer loop
      vertex 2.68813 0.821035 11.5468
      vertex 2.68264 1 11.5479
      vertex 2.68264 0.820555 11.5479
    endloop
  endfacet
  facet normal 0.169907 0 0.98546
    outer loop
      vertex 2.71354 -0.821036 11.5417
      vertex 2.7147 -1 11.5415
      vertex 2.7147 -0.82101 11.5415
    endloop
  endfacet
  facet normal 0.196784 0.000179813 0.980447
    outer loop
      vertex 2.68813 -0.821035 11.5468
      vertex 2.7147 -1 11.5415
      vertex 2.71354 -0.821036 11.5417
    endloop
  endfacet
  facet normal 0.19646 -0 0.980512
    outer loop
      vertex 2.68264 -1 11.5479
      vertex 2.68813 -0.821035 11.5468
      vertex 2.68264 -0.820555 11.5479
    endloop
  endfacet
  facet normal 0.195763 2.22191e-05 0.980651
    outer loop
      vertex 2.68813 -0.821035 11.5468
      vertex 2.68264 -1 11.5479
      vertex 2.7147 -1 11.5415
    endloop
  endfacet
  facet normal 0.0617572 0 0.998091
    outer loop
      vertex 2.68264 1 11.5479
      vertex 2.66163 0.820557 11.5492
      vertex 2.68264 0.820555 11.5479
    endloop
  endfacet
  facet normal 0.0642055 -0.000287777 0.997937
    outer loop
      vertex 2.65 1 11.55
      vertex 2.66163 0.820557 11.5492
      vertex 2.68264 1 11.5479
    endloop
  endfacet
  facet normal 0.0686255 0 0.997642
    outer loop
      vertex 2.66163 0.820557 11.5492
      vertex 2.65 1 11.55
      vertex 2.65 0.820084 11.55
    endloop
  endfacet
  facet normal 0.0617572 0 0.998091
    outer loop
      vertex 2.66163 -0.820556 11.5492
      vertex 2.68264 -1 11.5479
      vertex 2.68264 -0.820555 11.5479
    endloop
  endfacet
  facet normal 0.0686255 -0 0.997642
    outer loop
      vertex 2.65 -1 11.55
      vertex 2.66163 -0.820556 11.5492
      vertex 2.65 -0.820084 11.55
    endloop
  endfacet
  facet normal 0.0642055 0.000287775 0.997937
    outer loop
      vertex 2.66163 -0.820556 11.5492
      vertex 2.65 -1 11.55
      vertex 2.68264 -1 11.5479
    endloop
  endfacet
  facet normal -0 0 1
    outer loop
      vertex 2.15 1 11.55
      vertex 2.65 0.820084 11.55
      vertex 2.65 1 11.55
    endloop
  endfacet
  facet normal 0 0 1
    outer loop
      vertex 2.65 0.820084 11.55
      vertex 2.15 1 11.55
      vertex 2.15 0.820084 11.55
    endloop
  endfacet
  facet normal -0 0 1
    outer loop
      vertex 2.15 -0.820084 11.55
      vertex 2.65 -1 11.55
      vertex 2.65 -0.820084 11.55
    endloop
  endfacet
  facet normal 0 0 1
    outer loop
      vertex 2.65 -1 11.55
      vertex 2.15 -0.820084 11.55
      vertex 2.15 -1 11.55
    endloop
  endfacet
  facet normal -0.0686255 0 0.997642
    outer loop
      vertex 2.15 1 11.55
      vertex 2.13837 0.820557 11.5492
      vertex 2.15 0.820084 11.55
    endloop
  endfacet
  facet normal -0.0642055 -0.000287777 0.997937
    outer loop
      vertex 2.11736 1 11.5479
      vertex 2.13837 0.820557 11.5492
      vertex 2.15 1 11.55
    endloop
  endfacet
  facet normal -0.0617572 0 0.998091
    outer loop
      vertex 2.13837 0.820557 11.5492
      vertex 2.11736 1 11.5479
      vertex 2.11736 0.820555 11.5479
    endloop
  endfacet
  facet normal -0.0686255 0 0.997642
    outer loop
      vertex 2.13837 -0.820556 11.5492
      vertex 2.15 -1 11.55
      vertex 2.15 -0.820084 11.55
    endloop
  endfacet
  facet normal -0.0617572 0 0.998091
    outer loop
      vertex 2.11736 -1 11.5479
      vertex 2.13837 -0.820556 11.5492
      vertex 2.11736 -0.820555 11.5479
    endloop
  endfacet
  facet normal -0.0642055 0.000287775 0.997937
    outer loop
      vertex 2.13837 -0.820556 11.5492
      vertex 2.11736 -1 11.5479
      vertex 2.15 -1 11.55
    endloop
  endfacet
  facet normal -0.19646 0 0.980512
    outer loop
      vertex 2.11736 1 11.5479
      vertex 2.11187 0.821035 11.5468
      vertex 2.11736 0.820555 11.5479
    endloop
  endfacet
  facet normal -0.195763 -2.22191e-05 0.980651
    outer loop
      vertex 2.0853 1 11.5415
      vertex 2.11187 0.821035 11.5468
      vertex 2.11736 1 11.5479
    endloop
  endfacet
  facet normal -0.196784 -0.000179813 0.980447
    outer loop
      vertex 2.11187 0.821035 11.5468
      vertex 2.0853 1 11.5415
      vertex 2.08646 0.821036 11.5417
    endloop
  endfacet
  facet normal -0.169907 0 0.98546
    outer loop
      vertex 2.08646 0.821036 11.5417
      vertex 2.0853 1 11.5415
      vertex 2.0853 0.82101 11.5415
    endloop
  endfacet
  facet normal -0.19646 0 0.980512
    outer loop
      vertex 2.11187 -0.821035 11.5468
      vertex 2.11736 -1 11.5479
      vertex 2.11736 -0.820555 11.5479
    endloop
  endfacet
  facet normal -0.196784 0.000179813 0.980447
    outer loop
      vertex 2.0853 -1 11.5415
      vertex 2.11187 -0.821035 11.5468
      vertex 2.08646 -0.821036 11.5417
    endloop
  endfacet
  facet normal -0.169907 0 0.98546
    outer loop
      vertex 2.0853 -1 11.5415
      vertex 2.08646 -0.821036 11.5417
      vertex 2.0853 -0.82101 11.5415
    endloop
  endfacet
  facet normal -0.195763 2.22191e-05 0.980651
    outer loop
      vertex 2.11187 -0.821035 11.5468
      vertex 2.0853 -1 11.5415
      vertex 2.11736 -1 11.5479
    endloop
  endfacet
  facet normal -0.321086 0 0.94705
    outer loop
      vertex 2.05433 0.82358 11.531
      vertex 2.0853 1 11.5415
      vertex 2.05433 1 11.531
    endloop
  endfacet
  facet normal -0.321086 0 0.94705
    outer loop
      vertex 2.0853 1 11.5415
      vertex 2.05433 0.82358 11.531
      vertex 2.0853 0.82101 11.5415
    endloop
  endfacet
  facet normal -0.321086 0 0.94705
    outer loop
      vertex 2.05433 -0.82358 11.531
      vertex 2.0853 -1 11.5415
      vertex 2.0853 -0.82101 11.5415
    endloop
  endfacet
  facet normal -0.321086 0 0.94705
    outer loop
      vertex 2.0853 -1 11.5415
      vertex 2.05433 -0.82358 11.531
      vertex 2.05433 -1 11.531
    endloop
  endfacet
  facet normal -0.445663 0 0.895201
    outer loop
      vertex 2.05433 1 11.531
      vertex 2.04971 0.824495 11.5287
      vertex 2.05433 0.82358 11.531
    endloop
  endfacet
  facet normal -0.443175 0 0.896435
    outer loop
      vertex 2.025 0.827556 11.5165
      vertex 2.05433 1 11.531
      vertex 2.025 1 11.5165
    endloop
  endfacet
  facet normal -0.442718 -9.66551e-05 0.896661
    outer loop
      vertex 2.05433 1 11.531
      vertex 2.025 0.827556 11.5165
      vertex 2.04971 0.824495 11.5287
    endloop
  endfacet
  facet normal -0.445663 0 0.895201
    outer loop
      vertex 2.04971 -0.824495 11.5287
      vertex 2.05433 -1 11.531
      vertex 2.05433 -0.82358 11.531
    endloop
  endfacet
  facet normal -0.442718 9.66551e-05 0.896661
    outer loop
      vertex 2.025 -0.827556 11.5165
      vertex 2.05433 -1 11.531
      vertex 2.04971 -0.824495 11.5287
    endloop
  endfacet
  facet normal -0.443175 0 0.896435
    outer loop
      vertex 2.05433 -1 11.531
      vertex 2.025 -0.827556 11.5165
      vertex 2.025 -1 11.5165
    endloop
  endfacet
  facet normal -0.566262 0 0.824225
    outer loop
      vertex 2.025 1 11.5165
      vertex 2.02238 0.82825 11.5147
      vertex 2.025 0.827556 11.5165
    endloop
  endfacet
  facet normal -0.556251 0 0.831014
    outer loop
      vertex 1.99781 0.832053 11.4983
      vertex 2.025 1 11.5165
      vertex 1.99781 1 11.4983
    endloop
  endfacet
  facet normal -0.555195 -0.000247361 0.83172
    outer loop
      vertex 2.025 1 11.5165
      vertex 1.99781 0.832053 11.4983
      vertex 2.02238 0.82825 11.5147
    endloop
  endfacet
  facet normal -0.566262 0 0.824225
    outer loop
      vertex 2.02238 -0.82825 11.5147
      vertex 2.025 -1 11.5165
      vertex 2.025 -0.827556 11.5165
    endloop
  endfacet
  facet normal -0.555195 0.000247361 0.83172
    outer loop
      vertex 1.99781 -0.832053 11.4983
      vertex 2.025 -1 11.5165
      vertex 2.02238 -0.82825 11.5147
    endloop
  endfacet
  facet normal -0.556251 0 0.831014
    outer loop
      vertex 2.025 -1 11.5165
      vertex 1.99781 -0.832053 11.4983
      vertex 1.99781 -1 11.4983
    endloop
  endfacet
  facet normal -0.640184 0 0.768221
    outer loop
      vertex 1.99781 1 11.4983
      vertex 1.99721 0.832255 11.4978
      vertex 1.99781 0.832053 11.4983
    endloop
  endfacet
  facet normal -0.658375 0 0.752691
    outer loop
      vertex 1.97323 0.840086 11.4768
      vertex 1.99781 1 11.4983
      vertex 1.97323 1 11.4768
    endloop
  endfacet
  facet normal -0.658794 0.000113954 0.752323
    outer loop
      vertex 1.99781 1 11.4983
      vertex 1.97323 0.840086 11.4768
      vertex 1.99721 0.832255 11.4978
    endloop
  endfacet
  facet normal -0.640184 0 0.768221
    outer loop
      vertex 1.99721 -0.832255 11.4978
      vertex 1.99781 -1 11.4983
      vertex 1.99781 -0.832053 11.4983
    endloop
  endfacet
  facet normal -0.658794 -0.000113954 0.752323
    outer loop
      vertex 1.97323 -0.840086 11.4768
      vertex 1.99781 -1 11.4983
      vertex 1.99721 -0.832255 11.4978
    endloop
  endfacet
  facet normal -0.658375 0 0.752691
    outer loop
      vertex 1.99781 -1 11.4983
      vertex 1.97323 -0.840086 11.4768
      vertex 1.97323 -1 11.4768
    endloop
  endfacet
  facet normal -0.752046 0 0.65911
    outer loop
      vertex 1.95167 0.850376 11.4522
      vertex 1.97323 1 11.4768
      vertex 1.95167 1 11.4522
    endloop
  endfacet
  facet normal -0.751871 -5.80946e-05 0.65931
    outer loop
      vertex 1.96763 0.843226 11.4704
      vertex 1.97323 1 11.4768
      vertex 1.95167 0.850376 11.4522
    endloop
  endfacet
  facet normal -0.752577 0 0.658505
    outer loop
      vertex 1.97323 1 11.4768
      vertex 1.96763 0.843226 11.4704
      vertex 1.97323 0.840086 11.4768
    endloop
  endfacet
  facet normal -0.752046 0 0.65911
    outer loop
      vertex 1.97323 -1 11.4768
      vertex 1.95167 -0.850376 11.4522
      vertex 1.95167 -1 11.4522
    endloop
  endfacet
  facet normal -0.751871 5.80946e-05 0.65931
    outer loop
      vertex 1.95167 -0.850376 11.4522
      vertex 1.97323 -1 11.4768
      vertex 1.96763 -0.843226 11.4704
    endloop
  endfacet
  facet normal -0.752577 0 0.658505
    outer loop
      vertex 1.96763 -0.843226 11.4704
      vertex 1.97323 -1 11.4768
      vertex 1.97323 -0.840086 11.4768
    endloop
  endfacet
  facet normal -0.831391 0 0.555687
    outer loop
      vertex 1.93349 0.863211 11.425
      vertex 1.95167 1 11.4522
      vertex 1.93349 1 11.425
    endloop
  endfacet
  facet normal -0.830587 -0.000345684 0.556888
    outer loop
      vertex 1.94469 0.855856 11.4417
      vertex 1.95167 1 11.4522
      vertex 1.93349 0.863211 11.425
    endloop
  endfacet
  facet normal -0.832782 0 0.553602
    outer loop
      vertex 1.95167 1 11.4522
      vertex 1.94469 0.855856 11.4417
      vertex 1.95167 0.850376 11.4522
    endloop
  endfacet
  facet normal -0.831391 0 0.555687
    outer loop
      vertex 1.95167 -1 11.4522
      vertex 1.93349 -0.863211 11.425
      vertex 1.93349 -1 11.425
    endloop
  endfacet
  facet normal -0.830587 0.00034568 0.556888
    outer loop
      vertex 1.93349 -0.863211 11.425
      vertex 1.95167 -1 11.4522
      vertex 1.94469 -0.855855 11.4417
    endloop
  endfacet
  facet normal -0.832782 0 0.553602
    outer loop
      vertex 1.94469 -0.855855 11.4417
      vertex 1.95167 -1 11.4522
      vertex 1.95167 -0.850376 11.4522
    endloop
  endfacet
  facet normal -0.896741 0 0.442556
    outer loop
      vertex 1.91903 0.880173 11.3957
      vertex 1.93349 1 11.425
      vertex 1.91903 1 11.3957
    endloop
  endfacet
  facet normal -0.895957 -0.000482339 0.444141
    outer loop
      vertex 1.92652 0.871493 11.4108
      vertex 1.93349 1 11.425
      vertex 1.91903 0.880173 11.3957
    endloop
  endfacet
  facet normal -0.89769 0 0.440627
    outer loop
      vertex 1.93349 1 11.425
      vertex 1.92652 0.871493 11.4108
      vertex 1.93349 0.863211 11.425
    endloop
  endfacet
  facet normal -0.896741 0 0.442556
    outer loop
      vertex 1.93349 -1 11.425
      vertex 1.91903 -0.880173 11.3957
      vertex 1.91903 -1 11.3957
    endloop
  endfacet
  facet normal -0.895957 0.000482339 0.444141
    outer loop
      vertex 1.91903 -0.880173 11.3957
      vertex 1.93349 -1 11.425
      vertex 1.92652 -0.871493 11.4108
    endloop
  endfacet
  facet normal -0.89769 0 0.440627
    outer loop
      vertex 1.92652 -0.871493 11.4108
      vertex 1.93349 -1 11.425
      vertex 1.93349 -0.863211 11.425
    endloop
  endfacet
  facet normal -0.946959 0 0.321355
    outer loop
      vertex 1.90851 0.901704 11.3647
      vertex 1.91903 1 11.3957
      vertex 1.90851 1 11.3647
    endloop
  endfacet
  facet normal -0.946711 -0.000256056 0.322083
    outer loop
      vertex 1.91028 0.898394 11.3699
      vertex 1.91903 1 11.3957
      vertex 1.90851 0.901704 11.3647
    endloop
  endfacet
  facet normal -0.947019 0 0.321179
    outer loop
      vertex 1.91903 1 11.3957
      vertex 1.91028 0.898394 11.3699
      vertex 1.91903 0.880173 11.3957
    endloop
  endfacet
  facet normal -0.946959 0 0.321355
    outer loop
      vertex 1.91903 -1 11.3957
      vertex 1.90851 -0.901704 11.3647
      vertex 1.90851 -1 11.3647
    endloop
  endfacet
  facet normal -0.946711 0.000256056 0.322083
    outer loop
      vertex 1.90851 -0.901704 11.3647
      vertex 1.91903 -1 11.3957
      vertex 1.91028 -0.898394 11.3699
    endloop
  endfacet
  facet normal -0.947019 0 0.321179
    outer loop
      vertex 1.91028 -0.898394 11.3699
      vertex 1.91903 -1 11.3957
      vertex 1.91903 -0.880173 11.3957
    endloop
  endfacet
  facet normal -0.980873 0 0.194647
    outer loop
      vertex 1.90214 0.927356 11.3326
      vertex 1.90851 1 11.3647
      vertex 1.90214 1 11.3326
    endloop
  endfacet
  facet normal -0.980873 0 0.194647
    outer loop
      vertex 1.90851 1 11.3647
      vertex 1.90214 0.927356 11.3326
      vertex 1.90851 0.901704 11.3647
    endloop
  endfacet
  facet normal -0.980873 0 0.194647
    outer loop
      vertex 1.90851 -1 11.3647
      vertex 1.90214 -0.927356 11.3326
      vertex 1.90214 -1 11.3326
    endloop
  endfacet
  facet normal -0.980873 0 0.194647
    outer loop
      vertex 1.90214 -0.927356 11.3326
      vertex 1.90851 -1 11.3647
      vertex 1.90851 -0.901704 11.3647
    endloop
  endfacet
  facet normal -0.997852 0 0.0655032
    outer loop
      vertex 1.9 0.958537 11.3
      vertex 1.90214 1 11.3326
      vertex 1.9 1 11.3
    endloop
  endfacet
  facet normal -0.997871 0.000222046 0.065222
    outer loop
      vertex 1.90043 0.952319 11.3066
      vertex 1.90214 1 11.3326
      vertex 1.9 0.958537 11.3
    endloop
  endfacet
  facet normal -0.997844 0 0.0656274
    outer loop
      vertex 1.90214 1 11.3326
      vertex 1.90043 0.952319 11.3066
      vertex 1.90214 0.927356 11.3326
    endloop
  endfacet
  facet normal -0.997852 0 0.0655032
    outer loop
      vertex 1.90214 -1 11.3326
      vertex 1.9 -0.958537 11.3
      vertex 1.9 -1 11.3
    endloop
  endfacet
  facet normal -0.997871 -0.000222031 0.065222
    outer loop
      vertex 1.9 -0.958537 11.3
      vertex 1.90214 -1 11.3326
      vertex 1.90043 -0.952318 11.3066
    endloop
  endfacet
  facet normal -0.997844 0 0.0656274
    outer loop
      vertex 1.90043 -0.952318 11.3066
      vertex 1.90214 -1 11.3326
      vertex 1.90214 -0.927356 11.3326
    endloop
  endfacet
  facet normal -1 0 0
    outer loop
      vertex 1.9 1 6.68312
      vertex 1.9 0.977285 8
      vertex 1.9 1 11.25
    endloop
  endfacet
  facet normal -1 0 0
    outer loop
      vertex 1.9 1 6.68312
      vertex 1.9 0.908847 7.83597
      vertex 1.9 0.977285 8
    endloop
  endfacet
  facet normal -1 0 0
    outer loop
      vertex 1.9 1 6.68312
      vertex 1.9 0.866027 7.73334
      vertex 1.9 0.908847 7.83597
    endloop
  endfacet
  facet normal -1 0 0
    outer loop
      vertex 1.9 1 6.68312
      vertex 1.9 0.700256 7.36499
      vertex 1.9 0.866027 7.73334
    endloop
  endfacet
  facet normal -1 0 0
    outer loop
      vertex 1.9 1 6.68312
      vertex 1.9 0.651614 7.25691
      vertex 1.9 0.700256 7.36499
    endloop
  endfacet
  facet normal -1 0 0
    outer loop
      vertex 1.9 1 6.68312
      vertex 1.9 0.641078 7.23574
      vertex 1.9 0.651614 7.25691
    endloop
  endfacet
  facet normal -1 0 0
    outer loop
      vertex 1.9 1 6.68312
      vertex 1.9 0.623291 7.2
      vertex 1.9 0.641078 7.23574
    endloop
  endfacet
  facet normal -1 0 0
    outer loop
      vertex 1.9 1 6.68312
      vertex 1.9 -0.62329 7.2
      vertex 1.9 0.623291 7.2
    endloop
  endfacet
  facet normal -1 0 0
    outer loop
      vertex 1.9 -1 6.68312
      vertex 1.9 -0.700255 7.36499
      vertex 1.9 -0.651613 7.25691
    endloop
  endfacet
  facet normal -1 -0 0
    outer loop
      vertex 1.9 -0.908846 7.83597
      vertex 1.9 -1 6.68312
      vertex 1.9 -0.977284 8
    endloop
  endfacet
  facet normal -1 -0 0
    outer loop
      vertex 1.9 -0.866026 7.73334
      vertex 1.9 -1 6.68312
      vertex 1.9 -0.908846 7.83597
    endloop
  endfacet
  facet normal -1 -0 0
    outer loop
      vertex 1.9 -0.700255 7.36499
      vertex 1.9 -1 6.68312
      vertex 1.9 -0.866026 7.73334
    endloop
  endfacet
  facet normal -1 -0 0
    outer loop
      vertex 1.9 -0.641077 7.23574
      vertex 1.9 -1 6.68312
      vertex 1.9 -0.651613 7.25691
    endloop
  endfacet
  facet normal -1 -0 0
    outer loop
      vertex 1.9 -0.62329 7.2
      vertex 1.9 -1 6.68312
      vertex 1.9 -0.641077 7.23574
    endloop
  endfacet
  facet normal -1 0 0
    outer loop
      vertex 1.9 -1 6.68312
      vertex 1.9 -0.62329 7.2
      vertex 1.9 1 6.68312
    endloop
  endfacet
  facet normal -1 0 0
    outer loop
      vertex 1.9 0.977285 8
      vertex 1.9 0.24108 10.9459
      vertex 1.9 1 11.25
    endloop
  endfacet
  facet normal -1 0 0
    outer loop
      vertex 1.9 0.977285 8
      vertex 1.9 0.168055 10.9199
      vertex 1.9 0.24108 10.9459
    endloop
  endfacet
  facet normal -1 0 0
    outer loop
      vertex 1.9 0.977285 8
      vertex 1.9 0.146318 10.9122
      vertex 1.9 0.168055 10.9199
    endloop
  endfacet
  facet normal -1 0 0
    outer loop
      vertex 1.9 0.977285 8
      vertex 1.9 0.11597 10.9069
      vertex 1.9 0.146318 10.9122
    endloop
  endfacet
  facet normal -1 0 0
    outer loop
      vertex 1.9 0.977285 8
      vertex 1.9 0.0490532 10.8952
      vertex 1.9 0.11597 10.9069
    endloop
  endfacet
  facet normal -1 0 0
    outer loop
      vertex 1.9 0.977285 8
      vertex 1.9 -0.0490522 10.8952
      vertex 1.9 0.0490532 10.8952
    endloop
  endfacet
  facet normal -1 0 0
    outer loop
      vertex 1.9 -0.977284 8
      vertex 1.9 -0.0490522 10.8952
      vertex 1.9 0.977285 8
    endloop
  endfacet
  facet normal -1 -0 0
    outer loop
      vertex 1.9 -0.0490522 10.8952
      vertex 1.9 -0.977284 8
      vertex 1.9 -0.115969 10.9069
    endloop
  endfacet
  facet normal -1 -0 0
    outer loop
      vertex 1.9 -0.115969 10.9069
      vertex 1.9 -0.977284 8
      vertex 1.9 -0.146317 10.9122
    endloop
  endfacet
  facet normal -1 -0 0
    outer loop
      vertex 1.9 -0.146317 10.9122
      vertex 1.9 -0.977284 8
      vertex 1.9 -0.168054 10.9199
    endloop
  endfacet
  facet normal -1 -0 0
    outer loop
      vertex 1.9 -0.168054 10.9199
      vertex 1.9 -0.977284 8
      vertex 1.9 -0.241079 10.9459
    endloop
  endfacet
  facet normal -1 0 0
    outer loop
      vertex 1.9 -0.977284 8
      vertex 1.9 -1 11.25
      vertex 1.9 -0.241079 10.9459
    endloop
  endfacet
  facet normal -1 0 0
    outer loop
      vertex 1.9 -1 11.25
      vertex 1.9 -0.977284 8
      vertex 1.9 -1 6.68312
    endloop
  endfacet
  facet normal -1 0 0
    outer loop
      vertex 1.9 0.958537 11.3
      vertex 1.9 1 11.3
      vertex 1.9 1 11.26
    endloop
  endfacet
  facet normal -1 0 0
    outer loop
      vertex 1.9 -1 11.3
      vertex 1.9 -0.958537 11.3
      vertex 1.9 -1 11.26
    endloop
  endfacet
  facet normal -0.997858 0 -0.0654233
    outer loop
      vertex 1.90214 -1 6.65048
      vertex 1.9 1 6.68312
      vertex 1.90214 1 6.65048
    endloop
  endfacet
  facet normal -0.997858 -0 -0.0654233
    outer loop
      vertex 1.9 1 6.68312
      vertex 1.90214 -1 6.65048
      vertex 1.9 -1 6.68312
    endloop
  endfacet
  facet normal -0.980827 0 -0.19488
    outer loop
      vertex 1.90851 -1 6.61842
      vertex 1.90214 1 6.65048
      vertex 1.90851 1 6.61842
    endloop
  endfacet
  facet normal -0.980827 -0 -0.19488
    outer loop
      vertex 1.90214 1 6.65048
      vertex 1.90851 -1 6.61842
      vertex 1.90214 -1 6.65048
    endloop
  endfacet
  facet normal -0.946864 0 -0.321634
    outer loop
      vertex 1.91903 -1 6.58745
      vertex 1.90851 1 6.61842
      vertex 1.91903 1 6.58745
    endloop
  endfacet
  facet normal -0.946864 -0 -0.321634
    outer loop
      vertex 1.90851 1 6.61842
      vertex 1.91903 -1 6.58745
      vertex 1.90851 -1 6.61842
    endloop
  endfacet
  facet normal -0.896921 0 -0.442191
    outer loop
      vertex 1.93349 -1 6.55812
      vertex 1.91903 1 6.58745
      vertex 1.93349 1 6.55812
    endloop
  endfacet
  facet normal -0.896921 -0 -0.442191
    outer loop
      vertex 1.91903 1 6.58745
      vertex 1.93349 -1 6.55812
      vertex 1.91903 -1 6.58745
    endloop
  endfacet
  facet normal -0.831297 0 -0.555829
    outer loop
      vertex 1.95167 -1 6.53093
      vertex 1.93349 1 6.55812
      vertex 1.95167 1 6.53093
    endloop
  endfacet
  facet normal -0.831297 -0 -0.555829
    outer loop
      vertex 1.93349 1 6.55812
      vertex 1.95167 -1 6.53093
      vertex 1.93349 -1 6.55812
    endloop
  endfacet
  facet normal -0.75178 0 -0.659414
    outer loop
      vertex 1.97323 -1 6.50635
      vertex 1.95167 1 6.53093
      vertex 1.97323 1 6.50635
    endloop
  endfacet
  facet normal -0.75178 -0 -0.659414
    outer loop
      vertex 1.95167 1 6.53093
      vertex 1.97323 -1 6.50635
      vertex 1.95167 -1 6.53093
    endloop
  endfacet
  facet normal -0.659414 0 -0.75178
    outer loop
      vertex 1.97323 -1 6.50635
      vertex 1.99781 1 6.48479
      vertex 1.99781 -1 6.48479
    endloop
  endfacet
  facet normal -0.659414 0 -0.75178
    outer loop
      vertex 1.99781 1 6.48479
      vertex 1.97323 -1 6.50635
      vertex 1.97323 1 6.50635
    endloop
  endfacet
  facet normal -0.555829 0 -0.831297
    outer loop
      vertex 1.99781 -1 6.48479
      vertex 2.025 1 6.46661
      vertex 2.025 -1 6.46661
    endloop
  endfacet
  facet normal -0.555829 0 -0.831297
    outer loop
      vertex 2.025 1 6.46661
      vertex 1.99781 -1 6.48479
      vertex 1.99781 1 6.48479
    endloop
  endfacet
  facet normal -0.441839 0 -0.897094
    outer loop
      vertex 2.025 -1 6.46661
      vertex 2.05442 1 6.45212
      vertex 2.05442 -1 6.45212
    endloop
  endfacet
  facet normal -0.441839 0 -0.897094
    outer loop
      vertex 2.05442 1 6.45212
      vertex 2.025 -1 6.46661
      vertex 2.025 1 6.46661
    endloop
  endfacet
  facet normal -0.384223 0 -0.92324
    outer loop
      vertex 2.05442 -1 6.45212
      vertex 2.05776 1 6.45073
      vertex 2.05776 -1 6.45073
    endloop
  endfacet
  facet normal -0.384223 0 -0.92324
    outer loop
      vertex 2.05776 1 6.45073
      vertex 2.05442 -1 6.45212
      vertex 2.05442 1 6.45212
    endloop
  endfacet
  facet normal -0.441798 0 -0.897114
    outer loop
      vertex 2.05776 -1 6.45073
      vertex 2.07236 1 6.44354
      vertex 2.07236 -1 6.44354
    endloop
  endfacet
  facet normal -0.441798 0 -0.897114
    outer loop
      vertex 2.07236 1 6.44354
      vertex 2.05776 -1 6.45073
      vertex 2.05776 1 6.45073
    endloop
  endfacet
  facet normal -0.49976 0 -0.866164
    outer loop
      vertex 2.07236 -1 6.44354
      vertex 2.12614 1 6.41251
      vertex 2.12614 -1 6.41251
    endloop
  endfacet
  facet normal -0.49976 0 -0.866164
    outer loop
      vertex 2.12614 1 6.41251
      vertex 2.07236 -1 6.44354
      vertex 2.07236 1 6.44354
    endloop
  endfacet
  facet normal -0.555973 0 -0.831201
    outer loop
      vertex 2.12614 -1 6.41251
      vertex 2.1397 1 6.40344
      vertex 2.1397 -1 6.40344
    endloop
  endfacet
  facet normal -0.555973 0 -0.831201
    outer loop
      vertex 2.1397 1 6.40344
      vertex 2.12614 -1 6.41251
      vertex 2.12614 1 6.41251
    endloop
  endfacet
  facet normal -0.608546 0 -0.793518
    outer loop
      vertex 2.1397 -1 6.40344
      vertex 2.18912 1 6.36554
      vertex 2.18912 -1 6.36554
    endloop
  endfacet
  facet normal -0.608546 0 -0.793518
    outer loop
      vertex 2.18912 1 6.36554
      vertex 2.1397 -1 6.40344
      vertex 2.1397 1 6.40344
    endloop
  endfacet
  facet normal -0.659733 0 -0.7515
    outer loop
      vertex 2.18912 -1 6.36554
      vertex 2.20124 1 6.3549
      vertex 2.20124 -1 6.3549
    endloop
  endfacet
  facet normal -0.659733 0 -0.7515
    outer loop
      vertex 2.20124 1 6.3549
      vertex 2.18912 -1 6.36554
      vertex 2.18912 1 6.36554
    endloop
  endfacet
  facet normal -0.706784 0 -0.707429
    outer loop
      vertex 2.20124 -1 6.3549
      vertex 2.24514 1 6.31104
      vertex 2.24514 -1 6.31104
    endloop
  endfacet
  facet normal -0.706784 0 -0.707429
    outer loop
      vertex 2.24514 1 6.31104
      vertex 2.20124 -1 6.3549
      vertex 2.20124 1 6.3549
    endloop
  endfacet
  facet normal -0.752053 0 -0.659103
    outer loop
      vertex 2.25606 -1 6.29858
      vertex 2.24514 1 6.31104
      vertex 2.25606 1 6.29858
    endloop
  endfacet
  facet normal -0.752053 -0 -0.659103
    outer loop
      vertex 2.24514 1 6.31104
      vertex 2.25606 -1 6.29858
      vertex 2.24514 -1 6.31104
    endloop
  endfacet
  facet normal -0.793157 0 -0.609017
    outer loop
      vertex 2.29383 -1 6.24939
      vertex 2.25606 1 6.29858
      vertex 2.29383 1 6.24939
    endloop
  endfacet
  facet normal -0.793157 -0 -0.609017
    outer loop
      vertex 2.25606 1 6.29858
      vertex 2.29383 -1 6.24939
      vertex 2.25606 -1 6.29858
    endloop
  endfacet
  facet normal -0.831393 0 -0.555685
    outer loop
      vertex 2.30294 -1 6.23576
      vertex 2.29383 1 6.24939
      vertex 2.30294 1 6.23576
    endloop
  endfacet
  facet normal -0.831393 -0 -0.555685
    outer loop
      vertex 2.29383 1 6.24939
      vertex 2.30294 -1 6.23576
      vertex 2.29383 -1 6.24939
    endloop
  endfacet
  facet normal -0.866006 0 -0.500034
    outer loop
      vertex 2.33401 -1 6.18195
      vertex 2.30294 1 6.23576
      vertex 2.33401 1 6.18195
    endloop
  endfacet
  facet normal -0.866006 -0 -0.500034
    outer loop
      vertex 2.30294 1 6.23576
      vertex 2.33401 -1 6.18195
      vertex 2.30294 -1 6.23576
    endloop
  endfacet
  facet normal -0.896888 0 -0.442258
    outer loop
      vertex 2.34116 -1 6.16745
      vertex 2.33401 1 6.18195
      vertex 2.34116 1 6.16745
    endloop
  endfacet
  facet normal -0.896888 -0 -0.442258
    outer loop
      vertex 2.33401 1 6.18195
      vertex 2.34116 -1 6.16745
      vertex 2.33401 -1 6.18195
    endloop
  endfacet
  facet normal -0.923717 0 -0.383075
    outer loop
      vertex 2.36501 -1 6.10994
      vertex 2.34116 1 6.16745
      vertex 2.36501 1 6.10994
    endloop
  endfacet
  facet normal -0.923717 -0 -0.383075
    outer loop
      vertex 2.34116 1 6.16745
      vertex 2.36501 -1 6.10994
      vertex 2.34116 -1 6.16745
    endloop
  endfacet
  facet normal -0.946945 0 -0.321395
    outer loop
      vertex 2.37023 -1 6.09456
      vertex 2.36501 1 6.10994
      vertex 2.37023 1 6.09456
    endloop
  endfacet
  facet normal -0.946945 -0 -0.321395
    outer loop
      vertex 2.36501 1 6.10994
      vertex 2.37023 -1 6.09456
      vertex 2.36501 -1 6.10994
    endloop
  endfacet
  facet normal -0.965865 0 -0.259044
    outer loop
      vertex 2.38633 -1 6.03453
      vertex 2.37023 1 6.09456
      vertex 2.38633 1 6.03453
    endloop
  endfacet
  facet normal -0.965865 -0 -0.259044
    outer loop
      vertex 2.37023 1 6.09456
      vertex 2.38633 -1 6.03453
      vertex 2.37023 -1 6.09456
    endloop
  endfacet
  facet normal -0.980651 0 -0.195762
    outer loop
      vertex 2.38952 -1 6.01855
      vertex 2.38633 1 6.03453
      vertex 2.38952 1 6.01855
    endloop
  endfacet
  facet normal -0.980651 -0 -0.195762
    outer loop
      vertex 2.38633 1 6.03453
      vertex 2.38952 -1 6.01855
      vertex 2.38633 -1 6.03453
    endloop
  endfacet
  facet normal -0.99143 0 -0.130639
    outer loop
      vertex 2.39794 -1 5.95465
      vertex 2.38952 1 6.01855
      vertex 2.39794 1 5.95465
    endloop
  endfacet
  facet normal -0.99143 -0 -0.130639
    outer loop
      vertex 2.38952 1 6.01855
      vertex 2.39794 -1 5.95465
      vertex 2.38952 -1 6.01855
    endloop
  endfacet
  facet normal -0.996718 0 -0.0809517
    outer loop
      vertex 2.3989 -1 5.94283
      vertex 2.39794 1 5.95465
      vertex 2.3989 1 5.94283
    endloop
  endfacet
  facet normal -0.996718 -0 -0.0809517
    outer loop
      vertex 2.39794 1 5.95465
      vertex 2.3989 -1 5.94283
      vertex 2.39794 -1 5.95465
    endloop
  endfacet
  facet normal -0.999458 0 -0.0329066
    outer loop
      vertex 2.39992 -1 5.91185
      vertex 2.3989 1 5.94283
      vertex 2.39992 1 5.91185
    endloop
  endfacet
  facet normal -0.999458 -0 -0.0329066
    outer loop
      vertex 2.3989 1 5.94283
      vertex 2.39992 -1 5.91185
      vertex 2.3989 -1 5.94283
    endloop
  endfacet
  facet normal -0.999857 0 -0.0169109
    outer loop
      vertex 2.4 -1 5.90712
      vertex 2.39992 1 5.91185
      vertex 2.4 1 5.90712
    endloop
  endfacet
  facet normal -0.999857 -0 -0.0169109
    outer loop
      vertex 2.39992 1 5.91185
      vertex 2.4 -1 5.90712
      vertex 2.39992 -1 5.91185
    endloop
  endfacet
  facet normal -1 0 0
    outer loop
      vertex 2.4 -1 3.75
      vertex 2.4 1 5.90712
      vertex 2.4 1 3.75
    endloop
  endfacet
  facet normal -1 -0 0
    outer loop
      vertex 2.4 1 5.90712
      vertex 2.4 -1 3.75
      vertex 2.4 -1 5.90712
    endloop
  endfacet
  facet normal -0.997858 0 -0.0654233
    outer loop
      vertex 2.40214 -1 3.71736
      vertex 2.4 1 3.75
      vertex 2.40214 1 3.71736
    endloop
  endfacet
  facet normal -0.997858 -0 -0.0654233
    outer loop
      vertex 2.4 1 3.75
      vertex 2.40214 -1 3.71736
      vertex 2.4 -1 3.75
    endloop
  endfacet
  facet normal -0.980827 0 -0.19488
    outer loop
      vertex 2.40851 -1 3.6853
      vertex 2.40214 1 3.71736
      vertex 2.40851 1 3.6853
    endloop
  endfacet
  facet normal -0.980827 -0 -0.19488
    outer loop
      vertex 2.40214 1 3.71736
      vertex 2.40851 -1 3.6853
      vertex 2.40214 -1 3.71736
    endloop
  endfacet
  facet normal -0.946864 0 -0.321634
    outer loop
      vertex 2.41903 -1 3.65433
      vertex 2.40851 1 3.6853
      vertex 2.41903 1 3.65433
    endloop
  endfacet
  facet normal -0.946864 -0 -0.321634
    outer loop
      vertex 2.40851 1 3.6853
      vertex 2.41903 -1 3.65433
      vertex 2.40851 -1 3.6853
    endloop
  endfacet
  facet normal -0.896921 0 -0.442191
    outer loop
      vertex 2.43349 -1 3.625
      vertex 2.41903 1 3.65433
      vertex 2.43349 1 3.625
    endloop
  endfacet
  facet normal -0.896921 -0 -0.442191
    outer loop
      vertex 2.41903 1 3.65433
      vertex 2.43349 -1 3.625
      vertex 2.41903 -1 3.65433
    endloop
  endfacet
  facet normal -0.831297 0 -0.555829
    outer loop
      vertex 2.45167 -1 3.59781
      vertex 2.43349 1 3.625
      vertex 2.45167 1 3.59781
    endloop
  endfacet
  facet normal -0.831297 -0 -0.555829
    outer loop
      vertex 2.43349 1 3.625
      vertex 2.45167 -1 3.59781
      vertex 2.43349 -1 3.625
    endloop
  endfacet
  facet normal -0.75178 0 -0.659414
    outer loop
      vertex 2.47323 -1 3.57323
      vertex 2.45167 1 3.59781
      vertex 2.47323 1 3.57323
    endloop
  endfacet
  facet normal -0.75178 -0 -0.659414
    outer loop
      vertex 2.45167 1 3.59781
      vertex 2.47323 -1 3.57323
      vertex 2.45167 -1 3.59781
    endloop
  endfacet
  facet normal -0.659414 0 -0.75178
    outer loop
      vertex 2.47323 -1 3.57323
      vertex 2.49781 1 3.55167
      vertex 2.49781 -1 3.55167
    endloop
  endfacet
  facet normal -0.659414 0 -0.75178
    outer loop
      vertex 2.49781 1 3.55167
      vertex 2.47323 -1 3.57323
      vertex 2.47323 1 3.57323
    endloop
  endfacet
  facet normal -0.555829 0 -0.831297
    outer loop
      vertex 2.49781 -1 3.55167
      vertex 2.525 1 3.53349
      vertex 2.525 -1 3.53349
    endloop
  endfacet
  facet normal -0.555829 0 -0.831297
    outer loop
      vertex 2.525 1 3.53349
      vertex 2.49781 -1 3.55167
      vertex 2.49781 1 3.55167
    endloop
  endfacet
  facet normal -0.442191 0 -0.896921
    outer loop
      vertex 2.525 -1 3.53349
      vertex 2.55433 1 3.51903
      vertex 2.55433 -1 3.51903
    endloop
  endfacet
  facet normal -0.442191 0 -0.896921
    outer loop
      vertex 2.55433 1 3.51903
      vertex 2.525 -1 3.53349
      vertex 2.525 1 3.53349
    endloop
  endfacet
  facet normal -0.321634 0 -0.946864
    outer loop
      vertex 2.55433 -1 3.51903
      vertex 2.5853 1 3.50851
      vertex 2.5853 -1 3.50851
    endloop
  endfacet
  facet normal -0.321634 0 -0.946864
    outer loop
      vertex 2.5853 1 3.50851
      vertex 2.55433 -1 3.51903
      vertex 2.55433 1 3.51903
    endloop
  endfacet
  facet normal -0.19488 0 -0.980827
    outer loop
      vertex 2.5853 -1 3.50851
      vertex 2.61736 1 3.50214
      vertex 2.61736 -1 3.50214
    endloop
  endfacet
  facet normal -0.19488 0 -0.980827
    outer loop
      vertex 2.61736 1 3.50214
      vertex 2.5853 -1 3.50851
      vertex 2.5853 1 3.50851
    endloop
  endfacet
  facet normal -0.0654233 0 -0.997858
    outer loop
      vertex 2.61736 -1 3.50214
      vertex 2.65 1 3.5
      vertex 2.65 -1 3.5
    endloop
  endfacet
  facet normal -0.0654233 0 -0.997858
    outer loop
      vertex 2.65 1 3.5
      vertex 2.61736 -1 3.50214
      vertex 2.61736 1 3.50214
    endloop
  endfacet
  facet normal 0 0 -1
    outer loop
      vertex 13.4961 -1 3.5
      vertex 8.5 0 3.5
      vertex 13.4961 1 3.5
    endloop
  endfacet
  facet normal 0 0 -1
    outer loop
      vertex 13.4961 -1 3.5
      vertex 8.47716 -0.114804 3.5
      vertex 8.5 0 3.5
    endloop
  endfacet
  facet normal 0 0 -1
    outer loop
      vertex 13.4961 -1 3.5
      vertex 8.41213 -0.212132 3.5
      vertex 8.47716 -0.114804 3.5
    endloop
  endfacet
  facet normal 0 0 -1
    outer loop
      vertex 13.4961 -1 3.5
      vertex 8.3148 -0.277164 3.5
      vertex 8.41213 -0.212132 3.5
    endloop
  endfacet
  facet normal 0 0 -1
    outer loop
      vertex 13.4961 -1 3.5
      vertex 8.2 -0.299999 3.5
      vertex 8.3148 -0.277164 3.5
    endloop
  endfacet
  facet normal 0 0 -1
    outer loop
      vertex 7.92284 -0.114804 3.5
      vertex 7.5 0 3.5
      vertex 7.9 0 3.5
    endloop
  endfacet
  facet normal 0 0 -1
    outer loop
      vertex 7.47716 -0.114804 3.5
      vertex 7.92284 -0.114804 3.5
      vertex 7.98787 -0.212132 3.5
    endloop
  endfacet
  facet normal 0 0 -1
    outer loop
      vertex 7.41213 -0.212132 3.5
      vertex 7.98787 -0.212132 3.5
      vertex 8.08519 -0.277164 3.5
    endloop
  endfacet
  facet normal 0 0 -1
    outer loop
      vertex 7.92284 -0.114804 3.5
      vertex 7.47716 -0.114804 3.5
      vertex 7.5 0 3.5
    endloop
  endfacet
  facet normal 0 0 -1
    outer loop
      vertex 7.98787 -0.212132 3.5
      vertex 7.41213 -0.212132 3.5
      vertex 7.47716 -0.114804 3.5
    endloop
  endfacet
  facet normal 0 0 -1
    outer loop
      vertex 7.3148 -0.277164 3.5
      vertex 8.08519 -0.277164 3.5
      vertex 8.2 -0.299999 3.5
    endloop
  endfacet
  facet normal 0 0 -1
    outer loop
      vertex 2.65 -1 3.5
      vertex 8.2 -0.299999 3.5
      vertex 13.4961 -1 3.5
    endloop
  endfacet
  facet normal 0 0 -1
    outer loop
      vertex 8.08519 -0.277164 3.5
      vertex 7.3148 -0.277164 3.5
      vertex 7.41213 -0.212132 3.5
    endloop
  endfacet
  facet normal 0 0 -1
    outer loop
      vertex 8.2 -0.299999 3.5
      vertex 7.2 -0.299999 3.5
      vertex 7.3148 -0.277164 3.5
    endloop
  endfacet
  facet normal 0 0 -1
    outer loop
      vertex 6.92284 -0.114804 3.5
      vertex 6.5 0 3.5
      vertex 6.9 0 3.5
    endloop
  endfacet
  facet normal 0 0 -1
    outer loop
      vertex 6.47716 -0.114804 3.5
      vertex 6.92284 -0.114804 3.5
      vertex 6.98787 -0.212132 3.5
    endloop
  endfacet
  facet normal 0 0 -1
    outer loop
      vertex 6.41213 -0.212132 3.5
      vertex 6.98787 -0.212132 3.5
      vertex 7.0852 -0.277164 3.5
    endloop
  endfacet
  facet normal 0 0 -1
    outer loop
      vertex 6.92284 -0.114804 3.5
      vertex 6.47716 -0.114804 3.5
      vertex 6.5 0 3.5
    endloop
  endfacet
  facet normal 0 0 -1
    outer loop
      vertex 6.98787 -0.212132 3.5
      vertex 6.41213 -0.212132 3.5
      vertex 6.47716 -0.114804 3.5
    endloop
  endfacet
  facet normal 0 0 -1
    outer loop
      vertex 6.3148 -0.277164 3.5
      vertex 7.0852 -0.277164 3.5
      vertex 7.2 -0.299999 3.5
    endloop
  endfacet
  facet normal 0 0 -1
    outer loop
      vertex 7.0852 -0.277164 3.5
      vertex 6.3148 -0.277164 3.5
      vertex 6.41213 -0.212132 3.5
    endloop
  endfacet
  facet normal -0 0 -1
    outer loop
      vertex 8.2 -0.299999 3.5
      vertex 2.65 -1 3.5
      vertex 7.2 -0.299999 3.5
    endloop
  endfacet
  facet normal 0 0 -1
    outer loop
      vertex 7.2 -0.299999 3.5
      vertex 6.2 -0.299999 3.5
      vertex 6.3148 -0.277164 3.5
    endloop
  endfacet
  facet normal 0 0 -1
    outer loop
      vertex 5.92284 -0.114804 3.5
      vertex 5.5 0 3.5
      vertex 5.9 0 3.5
    endloop
  endfacet
  facet normal 0 0 -1
    outer loop
      vertex 5.47716 -0.114804 3.5
      vertex 5.92284 -0.114804 3.5
      vertex 5.98787 -0.212132 3.5
    endloop
  endfacet
  facet normal 0 0 -1
    outer loop
      vertex 5.41213 -0.212132 3.5
      vertex 5.98787 -0.212132 3.5
      vertex 6.0852 -0.277164 3.5
    endloop
  endfacet
  facet normal 0 0 -1
    outer loop
      vertex 5.92284 -0.114804 3.5
      vertex 5.47716 -0.114804 3.5
      vertex 5.5 0 3.5
    endloop
  endfacet
  facet normal 0 0 -1
    outer loop
      vertex 5.98787 -0.212132 3.5
      vertex 5.41213 -0.212132 3.5
      vertex 5.47716 -0.114804 3.5
    endloop
  endfacet
  facet normal 0 0 -1
    outer loop
      vertex 5.3148 -0.277164 3.5
      vertex 6.0852 -0.277164 3.5
      vertex 6.2 -0.299999 3.5
    endloop
  endfacet
  facet normal 0 0 -1
    outer loop
      vertex 6.0852 -0.277164 3.5
      vertex 5.3148 -0.277164 3.5
      vertex 5.41213 -0.212132 3.5
    endloop
  endfacet
  facet normal -0 0 -1
    outer loop
      vertex 7.2 -0.299999 3.5
      vertex 2.65 -1 3.5
      vertex 6.2 -0.299999 3.5
    endloop
  endfacet
  facet normal 0 0 -1
    outer loop
      vertex 6.2 -0.299999 3.5
      vertex 5.2 -0.299999 3.5
      vertex 5.3148 -0.277164 3.5
    endloop
  endfacet
  facet normal 0 0 -1
    outer loop
      vertex 4.92284 -0.114804 3.5
      vertex 4.5 0 3.5
      vertex 4.9 0 3.5
    endloop
  endfacet
  facet normal 0 0 -1
    outer loop
      vertex 4.47716 -0.114804 3.5
      vertex 4.92284 -0.114804 3.5
      vertex 4.98787 -0.212132 3.5
    endloop
  endfacet
  facet normal 0 0 -1
    outer loop
      vertex 4.41213 -0.212132 3.5
      vertex 4.98787 -0.212132 3.5
      vertex 5.0852 -0.277164 3.5
    endloop
  endfacet
  facet normal 0 0 -1
    outer loop
      vertex 4.92284 -0.114804 3.5
      vertex 4.47716 -0.114804 3.5
      vertex 4.5 0 3.5
    endloop
  endfacet
  facet normal 0 0 -1
    outer loop
      vertex 4.98787 -0.212132 3.5
      vertex 4.41213 -0.212132 3.5
      vertex 4.47716 -0.114804 3.5
    endloop
  endfacet
  facet normal 0 0 -1
    outer loop
      vertex 4.3148 -0.277164 3.5
      vertex 5.0852 -0.277164 3.5
      vertex 5.2 -0.299999 3.5
    endloop
  endfacet
  facet normal 0 0 -1
    outer loop
      vertex 5.0852 -0.277164 3.5
      vertex 4.3148 -0.277164 3.5
      vertex 4.41213 -0.212132 3.5
    endloop
  endfacet
  facet normal -0 0 -1
    outer loop
      vertex 6.2 -0.299999 3.5
      vertex 2.65 -1 3.5
      vertex 5.2 -0.299999 3.5
    endloop
  endfacet
  facet normal 0 -0 -1
    outer loop
      vertex 4.2 -0.299999 3.5
      vertex 5.2 -0.299999 3.5
      vertex 2.65 -1 3.5
    endloop
  endfacet
  facet normal -0 0 -1
    outer loop
      vertex 3.92284 -0.114804 3.5
      vertex 2.65 -1 3.5
      vertex 3.9 0 3.5
    endloop
  endfacet
  facet normal -0 0 -1
    outer loop
      vertex 3.98787 -0.212132 3.5
      vertex 2.65 -1 3.5
      vertex 3.92284 -0.114804 3.5
    endloop
  endfacet
  facet normal -0 0 -1
    outer loop
      vertex 4.0852 -0.277164 3.5
      vertex 2.65 -1 3.5
      vertex 3.98787 -0.212132 3.5
    endloop
  endfacet
  facet normal -0 0 -1
    outer loop
      vertex 4.2 -0.299999 3.5
      vertex 2.65 -1 3.5
      vertex 4.0852 -0.277164 3.5
    endloop
  endfacet
  facet normal 0 0 -1
    outer loop
      vertex 5.2 -0.299999 3.5
      vertex 4.2 -0.299999 3.5
      vertex 4.3148 -0.277164 3.5
    endloop
  endfacet
  facet normal 0 0 -1
    outer loop
      vertex 8.47716 0.114805 3.5
      vertex 13.4961 1 3.5
      vertex 8.5 0 3.5
    endloop
  endfacet
  facet normal 0 0 -1
    outer loop
      vertex 8.41213 0.212132 3.5
      vertex 13.4961 1 3.5
      vertex 8.47716 0.114805 3.5
    endloop
  endfacet
  facet normal 0 0 -1
    outer loop
      vertex 8.3148 0.277164 3.5
      vertex 13.4961 1 3.5
      vertex 8.41213 0.212132 3.5
    endloop
  endfacet
  facet normal 0 0 -1
    outer loop
      vertex 8.2 0.3 3.5
      vertex 13.4961 1 3.5
      vertex 8.3148 0.277164 3.5
    endloop
  endfacet
  facet normal 0 0 -1
    outer loop
      vertex 7.5 0 3.5
      vertex 7.92284 0.114805 3.5
      vertex 7.9 0 3.5
    endloop
  endfacet
  facet normal 0 0 -1
    outer loop
      vertex 7.47716 0.114805 3.5
      vertex 7.92284 0.114805 3.5
      vertex 7.5 0 3.5
    endloop
  endfacet
  facet normal 0 0 -1
    outer loop
      vertex 7.92284 0.114805 3.5
      vertex 7.47716 0.114805 3.5
      vertex 7.98787 0.212132 3.5
    endloop
  endfacet
  facet normal 0 0 -1
    outer loop
      vertex 7.41213 0.212132 3.5
      vertex 7.98787 0.212132 3.5
      vertex 7.47716 0.114805 3.5
    endloop
  endfacet
  facet normal 0 0 -1
    outer loop
      vertex 7.98787 0.212132 3.5
      vertex 7.41213 0.212132 3.5
      vertex 8.08519 0.277164 3.5
    endloop
  endfacet
  facet normal 0 0 -1
    outer loop
      vertex 7.3148 0.277164 3.5
      vertex 8.08519 0.277164 3.5
      vertex 7.41213 0.212132 3.5
    endloop
  endfacet
  facet normal 0 0 -1
    outer loop
      vertex 8.08519 0.277164 3.5
      vertex 7.3148 0.277164 3.5
      vertex 8.2 0.3 3.5
    endloop
  endfacet
  facet normal 0 0 -1
    outer loop
      vertex 7.2 0.3 3.5
      vertex 8.2 0.3 3.5
      vertex 7.3148 0.277164 3.5
    endloop
  endfacet
  facet normal 0 0 -1
    outer loop
      vertex 2.65 1 3.5
      vertex 8.2 0.3 3.5
      vertex 7.2 0.3 3.5
    endloop
  endfacet
  facet normal 0 0 -1
    outer loop
      vertex 6.5 0 3.5
      vertex 6.92284 0.114805 3.5
      vertex 6.9 0 3.5
    endloop
  endfacet
  facet normal 0 0 -1
    outer loop
      vertex 6.47716 0.114805 3.5
      vertex 6.92284 0.114805 3.5
      vertex 6.5 0 3.5
    endloop
  endfacet
  facet normal 0 0 -1
    outer loop
      vertex 6.92284 0.114805 3.5
      vertex 6.47716 0.114805 3.5
      vertex 6.98787 0.212132 3.5
    endloop
  endfacet
  facet normal 0 0 -1
    outer loop
      vertex 6.41213 0.212132 3.5
      vertex 6.98787 0.212132 3.5
      vertex 6.47716 0.114805 3.5
    endloop
  endfacet
  facet normal 0 0 -1
    outer loop
      vertex 6.98787 0.212132 3.5
      vertex 6.41213 0.212132 3.5
      vertex 7.0852 0.277164 3.5
    endloop
  endfacet
  facet normal 0 0 -1
    outer loop
      vertex 6.3148 0.277164 3.5
      vertex 7.0852 0.277164 3.5
      vertex 6.41213 0.212132 3.5
    endloop
  endfacet
  facet normal 0 0 -1
    outer loop
      vertex 7.0852 0.277164 3.5
      vertex 6.3148 0.277164 3.5
      vertex 7.2 0.3 3.5
    endloop
  endfacet
  facet normal 0 0 -1
    outer loop
      vertex 6.2 0.3 3.5
      vertex 7.2 0.3 3.5
      vertex 6.3148 0.277164 3.5
    endloop
  endfacet
  facet normal 0 0 -1
    outer loop
      vertex 2.65 1 3.5
      vertex 7.2 0.3 3.5
      vertex 6.2 0.3 3.5
    endloop
  endfacet
  facet normal 0 0 -1
    outer loop
      vertex 5.5 0 3.5
      vertex 5.92284 0.114805 3.5
      vertex 5.9 0 3.5
    endloop
  endfacet
  facet normal 0 0 -1
    outer loop
      vertex 5.47716 0.114805 3.5
      vertex 5.92284 0.114805 3.5
      vertex 5.5 0 3.5
    endloop
  endfacet
  facet normal 0 0 -1
    outer loop
      vertex 5.92284 0.114805 3.5
      vertex 5.47716 0.114805 3.5
      vertex 5.98787 0.212132 3.5
    endloop
  endfacet
  facet normal 0 0 -1
    outer loop
      vertex 5.41213 0.212132 3.5
      vertex 5.98787 0.212132 3.5
      vertex 5.47716 0.114805 3.5
    endloop
  endfacet
  facet normal 0 0 -1
    outer loop
      vertex 5.98787 0.212132 3.5
      vertex 5.41213 0.212132 3.5
      vertex 6.0852 0.277164 3.5
    endloop
  endfacet
  facet normal 0 0 -1
    outer loop
      vertex 5.3148 0.277164 3.5
      vertex 6.0852 0.277164 3.5
      vertex 5.41213 0.212132 3.5
    endloop
  endfacet
  facet normal 0 0 -1
    outer loop
      vertex 6.0852 0.277164 3.5
      vertex 5.3148 0.277164 3.5
      vertex 6.2 0.3 3.5
    endloop
  endfacet
  facet normal 0 0 -1
    outer loop
      vertex 5.2 0.3 3.5
      vertex 6.2 0.3 3.5
      vertex 5.3148 0.277164 3.5
    endloop
  endfacet
  facet normal 0 0 -1
    outer loop
      vertex 2.65 1 3.5
      vertex 6.2 0.3 3.5
      vertex 5.2 0.3 3.5
    endloop
  endfacet
  facet normal 0 0 -1
    outer loop
      vertex 4.5 0 3.5
      vertex 4.92284 0.114805 3.5
      vertex 4.9 0 3.5
    endloop
  endfacet
  facet normal 0 0 -1
    outer loop
      vertex 4.47716 0.114805 3.5
      vertex 4.92284 0.114805 3.5
      vertex 4.5 0 3.5
    endloop
  endfacet
  facet normal 0 0 -1
    outer loop
      vertex 4.92284 0.114805 3.5
      vertex 4.47716 0.114805 3.5
      vertex 4.98787 0.212132 3.5
    endloop
  endfacet
  facet normal 0 0 -1
    outer loop
      vertex 4.41213 0.212132 3.5
      vertex 4.98787 0.212132 3.5
      vertex 4.47716 0.114805 3.5
    endloop
  endfacet
  facet normal 0 0 -1
    outer loop
      vertex 4.98787 0.212132 3.5
      vertex 4.41213 0.212132 3.5
      vertex 5.0852 0.277164 3.5
    endloop
  endfacet
  facet normal 0 0 -1
    outer loop
      vertex 4.3148 0.277164 3.5
      vertex 5.0852 0.277164 3.5
      vertex 4.41213 0.212132 3.5
    endloop
  endfacet
  facet normal 0 0 -1
    outer loop
      vertex 5.0852 0.277164 3.5
      vertex 4.3148 0.277164 3.5
      vertex 5.2 0.3 3.5
    endloop
  endfacet
  facet normal 0 0 -1
    outer loop
      vertex 4.2 0.3 3.5
      vertex 5.2 0.3 3.5
      vertex 4.3148 0.277164 3.5
    endloop
  endfacet
  facet normal 0 0 -1
    outer loop
      vertex 5.2 0.3 3.5
      vertex 4.2 0.3 3.5
      vertex 2.65 1 3.5
    endloop
  endfacet
  facet normal 0 0 -1
    outer loop
      vertex 2.65 1 3.5
      vertex 3.9 0 3.5
      vertex 2.65 -1 3.5
    endloop
  endfacet
  facet normal 0 0 -1
    outer loop
      vertex 3.9 0 3.5
      vertex 2.65 1 3.5
      vertex 3.92284 0.114805 3.5
    endloop
  endfacet
  facet normal 0 0 -1
    outer loop
      vertex 8.2 0.3 3.5
      vertex 2.65 1 3.5
      vertex 13.4961 1 3.5
    endloop
  endfacet
  facet normal 0 0 -1
    outer loop
      vertex 4.0852 0.277164 3.5
      vertex 2.65 1 3.5
      vertex 4.2 0.3 3.5
    endloop
  endfacet
  facet normal 0 0 -1
    outer loop
      vertex 3.98787 0.212132 3.5
      vertex 2.65 1 3.5
      vertex 4.0852 0.277164 3.5
    endloop
  endfacet
  facet normal 0 0 -1
    outer loop
      vertex 3.92284 0.114805 3.5
      vertex 2.65 1 3.5
      vertex 3.98787 0.212132 3.5
    endloop
  endfacet
  facet normal -0.0333148 0 -0.999445
    outer loop
      vertex 13.4961 -1 3.5
      vertex 13.5039 1 3.49974
      vertex 13.5039 -1 3.49974
    endloop
  endfacet
  facet normal -0.0333148 0 -0.999445
    outer loop
      vertex 13.5039 1 3.49974
      vertex 13.4961 -1 3.5
      vertex 13.4961 1 3.5
    endloop
  endfacet
  facet normal -0.0654701 0 -0.997855
    outer loop
      vertex 13.5039 -1 3.49974
      vertex 13.5702 1 3.49539
      vertex 13.5702 -1 3.49539
    endloop
  endfacet
  facet normal -0.0654701 0 -0.997855
    outer loop
      vertex 13.5702 1 3.49539
      vertex 13.5039 -1 3.49974
      vertex 13.5039 1 3.49974
    endloop
  endfacet
  facet normal -0.13036 0 -0.991467
    outer loop
      vertex 13.5702 -1 3.49539
      vertex 13.5864 1 3.49326
      vertex 13.5864 -1 3.49326
    endloop
  endfacet
  facet normal -0.13036 0 -0.991467
    outer loop
      vertex 13.5864 1 3.49326
      vertex 13.5702 -1 3.49539
      vertex 13.5702 1 3.49539
    endloop
  endfacet
  facet normal -0.195028 0 -0.980798
    outer loop
      vertex 13.5864 -1 3.49326
      vertex 13.6471 1 3.48119
      vertex 13.6471 -1 3.48119
    endloop
  endfacet
  facet normal -0.195028 0 -0.980798
    outer loop
      vertex 13.6471 1 3.48119
      vertex 13.5864 -1 3.49326
      vertex 13.5864 1 3.49326
    endloop
  endfacet
  facet normal -0.260103 0 -0.965581
    outer loop
      vertex 13.6471 -1 3.48119
      vertex 13.6631 1 3.47688
      vertex 13.6631 -1 3.47688
    endloop
  endfacet
  facet normal -0.260103 0 -0.965581
    outer loop
      vertex 13.6631 1 3.47688
      vertex 13.6471 -1 3.48119
      vertex 13.6471 1 3.48119
    endloop
  endfacet
  facet normal -0.321096 0 -0.947047
    outer loop
      vertex 13.6631 -1 3.47688
      vertex 13.722 1 3.45691
      vertex 13.722 -1 3.45691
    endloop
  endfacet
  facet normal -0.321096 0 -0.947047
    outer loop
      vertex 13.722 1 3.45691
      vertex 13.6631 -1 3.47688
      vertex 13.6631 1 3.47688
    endloop
  endfacet
  facet normal -0.384175 0 -0.92326
    outer loop
      vertex 13.722 -1 3.45691
      vertex 13.7369 1 3.45071
      vertex 13.7369 -1 3.45071
    endloop
  endfacet
  facet normal -0.384175 0 -0.92326
    outer loop
      vertex 13.7369 1 3.45071
      vertex 13.722 -1 3.45691
      vertex 13.722 1 3.45691
    endloop
  endfacet
  facet normal -0.442303 0 -0.896866
    outer loop
      vertex 13.7369 -1 3.45071
      vertex 13.7925 1 3.42329
      vertex 13.7925 -1 3.42329
    endloop
  endfacet
  facet normal -0.442303 0 -0.896866
    outer loop
      vertex 13.7925 1 3.42329
      vertex 13.7369 -1 3.45071
      vertex 13.7369 1 3.45071
    endloop
  endfacet
  facet normal -0.499268 0 -0.866448
    outer loop
      vertex 13.7925 -1 3.42329
      vertex 13.8068 1 3.41505
      vertex 13.8068 -1 3.41505
    endloop
  endfacet
  facet normal -0.499268 0 -0.866448
    outer loop
      vertex 13.8068 1 3.41505
      vertex 13.7925 -1 3.42329
      vertex 13.7925 1 3.42329
    endloop
  endfacet
  facet normal -0.555405 0 -0.83158
    outer loop
      vertex 13.8068 -1 3.41505
      vertex 13.8585 1 3.38052
      vertex 13.8585 -1 3.38052
    endloop
  endfacet
  facet normal -0.555405 0 -0.83158
    outer loop
      vertex 13.8585 1 3.38052
      vertex 13.8068 -1 3.41505
      vertex 13.8068 1 3.41505
    endloop
  endfacet
  facet normal -0.60986 0 -0.792509
    outer loop
      vertex 13.8585 -1 3.38052
      vertex 13.8713 1 3.37067
      vertex 13.8713 -1 3.37067
    endloop
  endfacet
  facet normal -0.60986 0 -0.792509
    outer loop
      vertex 13.8713 1 3.37067
      vertex 13.8585 -1 3.38052
      vertex 13.8585 1 3.38052
    endloop
  endfacet
  facet normal -0.659072 0 -0.75208
    outer loop
      vertex 13.8713 -1 3.37067
      vertex 13.9182 1 3.32957
      vertex 13.9182 -1 3.32957
    endloop
  endfacet
  facet normal -0.659072 0 -0.75208
    outer loop
      vertex 13.9182 1 3.32957
      vertex 13.8713 -1 3.37067
      vertex 13.8713 1 3.37067
    endloop
  endfacet
  facet normal -0.705863 0 -0.708348
    outer loop
      vertex 13.9296 -1 3.31821
      vertex 13.9182 1 3.32957
      vertex 13.9296 1 3.31821
    endloop
  endfacet
  facet normal -0.705863 -0 -0.708348
    outer loop
      vertex 13.9182 1 3.32957
      vertex 13.9296 -1 3.31821
      vertex 13.9182 -1 3.32957
    endloop
  endfacet
  facet normal -0.751801 0 -0.65939
    outer loop
      vertex 13.9707 -1 3.27135
      vertex 13.9296 1 3.31821
      vertex 13.9707 1 3.27135
    endloop
  endfacet
  facet normal -0.751801 -0 -0.65939
    outer loop
      vertex 13.9296 1 3.31821
      vertex 13.9707 -1 3.27135
      vertex 13.9296 -1 3.31821
    endloop
  endfacet
  facet normal -0.795148 0 -0.606416
    outer loop
      vertex 13.9805 -1 3.2585
      vertex 13.9707 1 3.27135
      vertex 13.9805 1 3.2585
    endloop
  endfacet
  facet normal -0.795148 -0 -0.606416
    outer loop
      vertex 13.9707 1 3.27135
      vertex 13.9805 -1 3.2585
      vertex 13.9707 -1 3.27135
    endloop
  endfacet
  facet normal -0.83091 0 -0.556406
    outer loop
      vertex 14.0151 -1 3.20683
      vertex 13.9805 1 3.2585
      vertex 14.0151 1 3.20683
    endloop
  endfacet
  facet normal -0.83091 -0 -0.556406
    outer loop
      vertex 13.9805 1 3.2585
      vertex 14.0151 -1 3.20683
      vertex 13.9805 -1 3.2585
    endloop
  endfacet
  facet normal -0.867345 0 -0.497707
    outer loop
      vertex 14.0233 -1 3.19254
      vertex 14.0151 1 3.20683
      vertex 14.0233 1 3.19254
    endloop
  endfacet
  facet normal -0.867345 -0 -0.497707
    outer loop
      vertex 14.0151 1 3.20683
      vertex 14.0233 -1 3.19254
      vertex 14.0151 -1 3.20683
    endloop
  endfacet
  facet normal -0.89712 0 -0.441788
    outer loop
      vertex 14.0507 -1 3.1369
      vertex 14.0233 1 3.19254
      vertex 14.0507 1 3.1369
    endloop
  endfacet
  facet normal -0.89712 -0 -0.441788
    outer loop
      vertex 14.0233 1 3.19254
      vertex 14.0507 -1 3.1369
      vertex 14.0233 -1 3.19254
    endloop
  endfacet
  facet normal -0.923625 0 -0.383298
    outer loop
      vertex 14.0569 -1 3.12196
      vertex 14.0507 1 3.1369
      vertex 14.0569 1 3.12196
    endloop
  endfacet
  facet normal -0.923625 -0 -0.383298
    outer loop
      vertex 14.0507 1 3.1369
      vertex 14.0569 -1 3.12196
      vertex 14.0507 -1 3.1369
    endloop
  endfacet
  facet normal -0.946767 0 -0.32192
    outer loop
      vertex 14.0769 -1 3.06314
      vertex 14.0569 1 3.12196
      vertex 14.0769 1 3.06314
    endloop
  endfacet
  facet normal -0.946767 -0 -0.32192
    outer loop
      vertex 14.0569 1 3.12196
      vertex 14.0769 -1 3.06314
      vertex 14.0569 -1 3.12196
    endloop
  endfacet
  facet normal -0.965894 0 -0.258937
    outer loop
      vertex 14.0812 -1 3.0471
      vertex 14.0769 1 3.06314
      vertex 14.0812 1 3.0471
    endloop
  endfacet
  facet normal -0.965894 -0 -0.258937
    outer loop
      vertex 14.0769 1 3.06314
      vertex 14.0812 -1 3.0471
      vertex 14.0769 -1 3.06314
    endloop
  endfacet
  facet normal -0.980729 0 -0.195371
    outer loop
      vertex 14.0933 -1 2.98636
      vertex 14.0812 1 3.0471
      vertex 14.0933 1 2.98636
    endloop
  endfacet
  facet normal -0.980729 -0 -0.195371
    outer loop
      vertex 14.0812 1 3.0471
      vertex 14.0933 -1 2.98636
      vertex 14.0812 -1 3.0471
    endloop
  endfacet
  facet normal -0.991662 0 -0.128867
    outer loop
      vertex 14.0954 -1 2.9702
      vertex 14.0933 1 2.98636
      vertex 14.0954 1 2.9702
    endloop
  endfacet
  facet normal -0.991662 -0 -0.128867
    outer loop
      vertex 14.0933 1 2.98636
      vertex 14.0954 -1 2.9702
      vertex 14.0933 -1 2.98636
    endloop
  endfacet
  facet normal -0.997905 0 -0.0646916
    outer loop
      vertex 14.0997 -1 2.90387
      vertex 14.0954 1 2.9702
      vertex 14.0997 1 2.90387
    endloop
  endfacet
  facet normal -0.997905 -0 -0.0646916
    outer loop
      vertex 14.0954 1 2.9702
      vertex 14.0997 -1 2.90387
      vertex 14.0954 -1 2.9702
    endloop
  endfacet
  facet normal -0.999263 0 -0.038384
    outer loop
      vertex 14.1 -1 2.89606
      vertex 14.0997 1 2.90387
      vertex 14.1 1 2.89606
    endloop
  endfacet
  facet normal -0.999263 -0 -0.038384
    outer loop
      vertex 14.0997 1 2.90387
      vertex 14.1 -1 2.89606
      vertex 14.0997 -1 2.90387
    endloop
  endfacet
  facet normal -1 0 0
    outer loop
      vertex 14.1 -1 2.64999
      vertex 14.1 1 2.89606
      vertex 14.1 1 2.64999
    endloop
  endfacet
  facet normal -1 -0 0
    outer loop
      vertex 14.1 1 2.89606
      vertex 14.1 -1 2.64999
      vertex 14.1 -1 2.89606
    endloop
  endfacet
  facet normal -0.997935 0 -0.0642251
    outer loop
      vertex 14.1021 -1 2.61736
      vertex 14.1 1 2.64999
      vertex 14.1021 1 2.61736
    endloop
  endfacet
  facet normal -0.997935 -0 -0.0642251
    outer loop
      vertex 14.1 1 2.64999
      vertex 14.1021 -1 2.61736
      vertex 14.1 -1 2.64999
    endloop
  endfacet
  facet normal -0.980651 0 -0.195763
    outer loop
      vertex 14.1085 -1 2.5853
      vertex 14.1021 1 2.61736
      vertex 14.1085 1 2.5853
    endloop
  endfacet
  facet normal -0.980651 -0 -0.195763
    outer loop
      vertex 14.1021 1 2.61736
      vertex 14.1085 -1 2.5853
      vertex 14.1021 -1 2.61736
    endloop
  endfacet
  facet normal -0.947082 0 -0.320993
    outer loop
      vertex 14.119 -1 2.55432
      vertex 14.1085 1 2.5853
      vertex 14.119 1 2.55432
    endloop
  endfacet
  facet normal -0.947082 -0 -0.320993
    outer loop
      vertex 14.1085 1 2.5853
      vertex 14.119 -1 2.55432
      vertex 14.1085 -1 2.5853
    endloop
  endfacet
  facet normal -0.896435 0 -0.443175
    outer loop
      vertex 14.1335 -1 2.52499
      vertex 14.119 1 2.55432
      vertex 14.1335 1 2.52499
    endloop
  endfacet
  facet normal -0.896435 -0 -0.443175
    outer loop
      vertex 14.119 1 2.55432
      vertex 14.1335 -1 2.52499
      vertex 14.119 -1 2.55432
    endloop
  endfacet
  facet normal -0.826227 -0 -0.563337
    outer loop
      vertex 14.1517 1 2.4978
      vertex 14.1517 0.999466 2.4978
      vertex 14.1502 1 2.5
    endloop
  endfacet
  facet normal -0.831879 0 -0.554956
    outer loop
      vertex 14.1435 -1 2.51
      vertex 14.1335 1 2.52499
      vertex 14.1435 1 2.51
    endloop
  endfacet
  facet normal -0.831879 -0 -0.554956
    outer loop
      vertex 14.1335 1 2.52499
      vertex 14.1435 -1 2.51
      vertex 14.1335 -1 2.52499
    endloop
  endfacet
  facet normal -0.826227 -0 -0.563337
    outer loop
      vertex 14.1517 -0.999466 2.4978
      vertex 14.1517 -1 2.4978
      vertex 14.1502 -1 2.5
    endloop
  endfacet
  facet normal -0.752691 0 -0.658375
    outer loop
      vertex 14.1732 1 2.47322
      vertex 14.1517 0.999466 2.4978
      vertex 14.1517 1 2.4978
    endloop
  endfacet
  facet normal -0.752691 0 -0.658375
    outer loop
      vertex 14.1517 0.999466 2.4978
      vertex 14.1732 1 2.47322
      vertex 14.1732 0.993498 2.47322
    endloop
  endfacet
  facet normal -0.752691 0 -0.658375
    outer loop
      vertex 14.1732 -1 2.47322
      vertex 14.1517 -0.999466 2.4978
      vertex 14.1732 -0.993498 2.47322
    endloop
  endfacet
  facet normal -0.752691 -0 -0.658375
    outer loop
      vertex 14.1517 -0.999466 2.4978
      vertex 14.1732 -1 2.47322
      vertex 14.1517 -1 2.4978
    endloop
  endfacet
  facet normal -0.65911 0 -0.752046
    outer loop
      vertex 14.1732 0.993498 2.47322
      vertex 14.1978 1 2.45166
      vertex 14.1978 0.988263 2.45166
    endloop
  endfacet
  facet normal -0.65911 0 -0.752046
    outer loop
      vertex 14.1978 1 2.45166
      vertex 14.1732 0.993498 2.47322
      vertex 14.1732 1 2.47322
    endloop
  endfacet
  facet normal -0.65911 -0 -0.752046
    outer loop
      vertex 14.1732 -0.993498 2.47322
      vertex 14.1978 -1 2.45166
      vertex 14.1732 -1 2.47322
    endloop
  endfacet
  facet normal -0.65911 0 -0.752046
    outer loop
      vertex 14.1978 -1 2.45166
      vertex 14.1732 -0.993498 2.47322
      vertex 14.1978 -0.988263 2.45166
    endloop
  endfacet
  facet normal -0.555476 0 -0.831533
    outer loop
      vertex 14.1978 0.988263 2.45166
      vertex 14.225 1 2.43349
      vertex 14.225 0.98385 2.43349
    endloop
  endfacet
  facet normal -0.555476 0 -0.831533
    outer loop
      vertex 14.225 1 2.43349
      vertex 14.1978 0.988263 2.45166
      vertex 14.1978 1 2.45166
    endloop
  endfacet
  facet normal -0.555476 -0 -0.831533
    outer loop
      vertex 14.1978 -0.988263 2.45166
      vertex 14.225 -1 2.43349
      vertex 14.1978 -1 2.45166
    endloop
  endfacet
  facet normal -0.555476 0 -0.831533
    outer loop
      vertex 14.225 -1 2.43349
      vertex 14.1978 -0.988263 2.45166
      vertex 14.225 -0.98385 2.43349
    endloop
  endfacet
  facet normal -0.442802 0 -0.89662
    outer loop
      vertex 14.225 0.98385 2.43349
      vertex 14.2543 1 2.41902
      vertex 14.2543 0.980338 2.41902
    endloop
  endfacet
  facet normal -0.442802 0 -0.89662
    outer loop
      vertex 14.2543 1 2.41902
      vertex 14.225 0.98385 2.43349
      vertex 14.225 1 2.43349
    endloop
  endfacet
  facet normal -0.442802 -0 -0.89662
    outer loop
      vertex 14.225 -0.98385 2.43349
      vertex 14.2543 -1 2.41902
      vertex 14.225 -1 2.43349
    endloop
  endfacet
  facet normal -0.442802 0 -0.89662
    outer loop
      vertex 14.2543 -1 2.41902
      vertex 14.225 -0.98385 2.43349
      vertex 14.2543 -0.980338 2.41902
    endloop
  endfacet
  facet normal -0.321081 0 -0.947052
    outer loop
      vertex 14.2543 0.980338 2.41902
      vertex 14.2853 1 2.40851
      vertex 14.2853 0.977785 2.40851
    endloop
  endfacet
  facet normal -0.321081 0 -0.947052
    outer loop
      vertex 14.2853 1 2.40851
      vertex 14.2543 0.980338 2.41902
      vertex 14.2543 1 2.41902
    endloop
  endfacet
  facet normal -0.321081 -0 -0.947052
    outer loop
      vertex 14.2543 -0.980338 2.41902
      vertex 14.2853 -1 2.40851
      vertex 14.2543 -1 2.41902
    endloop
  endfacet
  facet normal -0.321081 0 -0.947052
    outer loop
      vertex 14.2853 -1 2.40851
      vertex 14.2543 -0.980338 2.41902
      vertex 14.2853 -0.977785 2.40851
    endloop
  endfacet
  facet normal -0.194941 0 -0.980815
    outer loop
      vertex 14.2853 0.977785 2.40851
      vertex 14.3174 1 2.40213
      vertex 14.3174 0.976236 2.40213
    endloop
  endfacet
  facet normal -0.194941 0 -0.980815
    outer loop
      vertex 14.3174 1 2.40213
      vertex 14.2853 0.977785 2.40851
      vertex 14.2853 1 2.40851
    endloop
  endfacet
  facet normal -0.194941 -0 -0.980815
    outer loop
      vertex 14.2853 -0.977785 2.40851
      vertex 14.3174 -1 2.40213
      vertex 14.2853 -1 2.40851
    endloop
  endfacet
  facet normal -0.194941 0 -0.980815
    outer loop
      vertex 14.3174 -1 2.40213
      vertex 14.2853 -0.977785 2.40851
      vertex 14.3174 -0.976236 2.40213
    endloop
  endfacet
  facet normal -0.0655032 0 -0.997852
    outer loop
      vertex 14.3174 0.976236 2.40213
      vertex 14.35 1 2.39999
      vertex 14.35 0.975718 2.39999
    endloop
  endfacet
  facet normal -0.0655032 0 -0.997852
    outer loop
      vertex 14.35 1 2.39999
      vertex 14.3174 0.976236 2.40213
      vertex 14.3174 1 2.40213
    endloop
  endfacet
  facet normal -0.0655032 -0 -0.997852
    outer loop
      vertex 14.3174 -0.976236 2.40213
      vertex 14.35 -1 2.39999
      vertex 14.3174 -1 2.40213
    endloop
  endfacet
  facet normal -0.0655032 0 -0.997852
    outer loop
      vertex 14.35 -1 2.39999
      vertex 14.3174 -0.976236 2.40213
      vertex 14.35 -0.975718 2.39999
    endloop
  endfacet
  facet normal 0 0 -1
    outer loop
      vertex 14.35 0.975718 2.39999
      vertex 15.25 1 2.39999
      vertex 15.25 0.975718 2.39999
    endloop
  endfacet
  facet normal -0 0 -1
    outer loop
      vertex 15.25 1 2.39999
      vertex 14.35 0.975718 2.39999
      vertex 14.35 1 2.39999
    endloop
  endfacet
  facet normal 0 0 -1
    outer loop
      vertex 14.35 -1 2.39999
      vertex 15.25 -0.975718 2.39999
      vertex 15.25 -1 2.39999
    endloop
  endfacet
  facet normal -0 0 -1
    outer loop
      vertex 15.25 -0.975718 2.39999
      vertex 14.35 -1 2.39999
      vertex 14.35 -0.975718 2.39999
    endloop
  endfacet
  facet normal 0.0655032 0 -0.997852
    outer loop
      vertex 15.25 1 2.39999
      vertex 15.2826 0.976236 2.40213
      vertex 15.25 0.975718 2.39999
    endloop
  endfacet
  facet normal 0.0655032 0 -0.997852
    outer loop
      vertex 15.2826 0.976236 2.40213
      vertex 15.25 1 2.39999
      vertex 15.2826 1 2.40213
    endloop
  endfacet
  facet normal 0.0655032 0 -0.997852
    outer loop
      vertex 15.25 -1 2.39999
      vertex 15.2826 -0.976236 2.40213
      vertex 15.2826 -1 2.40213
    endloop
  endfacet
  facet normal 0.0655032 0 -0.997852
    outer loop
      vertex 15.2826 -0.976236 2.40213
      vertex 15.25 -1 2.39999
      vertex 15.25 -0.975718 2.39999
    endloop
  endfacet
  facet normal -0 0 1
    outer loop
      vertex 14.1 1 2.51
      vertex 14.1435 -1 2.51
      vertex 14.1435 1 2.51
    endloop
  endfacet
  facet normal 0 0 1
    outer loop
      vertex 14.1435 -1 2.51
      vertex 14.1 1 2.51
      vertex 14.1 -1 2.51
    endloop
  endfacet
  facet normal -0 0 1
    outer loop
      vertex 15.4565 1 2.51
      vertex 15.5 -1 2.51
      vertex 15.5 1 2.51
    endloop
  endfacet
  facet normal 0 0 1
    outer loop
      vertex 15.5 -1 2.51
      vertex 15.4565 1 2.51
      vertex 15.4565 -1 2.51
    endloop
  endfacet
  facet normal 0 -0.831471 -0.555568
    outer loop
      vertex 14.1 -0.396676 0.195619
      vertex 15.5 -0.433012 0.25
      vertex 14.1 -0.433012 0.25
    endloop
  endfacet
  facet normal 0 -0.831471 -0.555568
    outer loop
      vertex 15.5 -0.433012 0.25
      vertex 14.1 -0.396676 0.195619
      vertex 15.5 -0.396676 0.195619
    endloop
  endfacet
  facet normal 0 -0.971783 -0.235878
    outer loop
      vertex 14.1 -1 2.5
      vertex 14.1517 -0.999466 2.4978
      vertex 14.1502 -1 2.5
    endloop
  endfacet
  facet normal -3.08173e-06 -0.971766 -0.235947
    outer loop
      vertex 14.1 -1 2.5
      vertex 14.1732 -0.993498 2.47322
      vertex 14.1517 -0.999466 2.4978
    endloop
  endfacet
  facet normal -1.07597e-05 -0.971761 -0.235966
    outer loop
      vertex 14.1 -1 2.5
      vertex 14.1978 -0.988263 2.45166
      vertex 14.1732 -0.993498 2.47322
    endloop
  endfacet
  facet normal -0.000132727 -0.971705 -0.236199
    outer loop
      vertex 14.1 -1 2.5
      vertex 14.225 -0.98385 2.43349
      vertex 14.1978 -0.988263 2.45166
    endloop
  endfacet
  facet normal 0 -0.971765 -0.235952
    outer loop
      vertex 14.35 -0.975718 2.39999
      vertex 14.1 -0.482963 0.37059
      vertex 15.25 -0.975718 2.39999
    endloop
  endfacet
  facet normal -4.7595e-05 -0.971766 -0.235947
    outer loop
      vertex 14.3174 -0.976236 2.40213
      vertex 14.1 -0.482963 0.37059
      vertex 14.35 -0.975718 2.39999
    endloop
  endfacet
  facet normal -3.30169e-06 -0.971765 -0.235951
    outer loop
      vertex 14.2853 -0.977785 2.40851
      vertex 14.1 -0.482963 0.37059
      vertex 14.3174 -0.976236 2.40213
    endloop
  endfacet
  facet normal 3.32841e-05 -0.971764 -0.235955
    outer loop
      vertex 14.2543 -0.980338 2.41902
      vertex 14.1 -0.482963 0.37059
      vertex 14.2853 -0.977785 2.40851
    endloop
  endfacet
  facet normal -4.57395e-05 -0.971765 -0.235949
    outer loop
      vertex 14.225 -0.98385 2.43349
      vertex 14.1 -0.482963 0.37059
      vertex 14.2543 -0.980338 2.41902
    endloop
  endfacet
  facet normal 6.71983e-06 -0.971765 -0.235952
    outer loop
      vertex 14.1 -0.482963 0.37059
      vertex 14.225 -0.98385 2.43349
      vertex 14.1 -1 2.5
    endloop
  endfacet
  facet normal 0 -0.971783 -0.235878
    outer loop
      vertex 15.4483 -0.999466 2.4978
      vertex 15.5 -1 2.5
      vertex 15.4498 -1 2.5
    endloop
  endfacet
  facet normal 3.08173e-06 -0.971766 -0.235947
    outer loop
      vertex 15.4268 -0.993498 2.47322
      vertex 15.5 -1 2.5
      vertex 15.4483 -0.999466 2.4978
    endloop
  endfacet
  facet normal 1.07597e-05 -0.971761 -0.235966
    outer loop
      vertex 15.4022 -0.988263 2.45166
      vertex 15.5 -1 2.5
      vertex 15.4268 -0.993498 2.47322
    endloop
  endfacet
  facet normal 0.000132727 -0.971705 -0.236199
    outer loop
      vertex 15.375 -0.98385 2.43349
      vertex 15.5 -1 2.5
      vertex 15.4022 -0.988263 2.45166
    endloop
  endfacet
  facet normal -0 -0.971765 -0.235952
    outer loop
      vertex 15.5 -0.482963 0.37059
      vertex 15.25 -0.975718 2.39999
      vertex 14.1 -0.482963 0.37059
    endloop
  endfacet
  facet normal 4.7595e-05 -0.971766 -0.235947
    outer loop
      vertex 15.25 -0.975718 2.39999
      vertex 15.5 -0.482963 0.37059
      vertex 15.2826 -0.976236 2.40213
    endloop
  endfacet
  facet normal 3.30169e-06 -0.971765 -0.235951
    outer loop
      vertex 15.2826 -0.976236 2.40213
      vertex 15.5 -0.482963 0.37059
      vertex 15.3147 -0.977785 2.40851
    endloop
  endfacet
  facet normal -3.32841e-05 -0.971764 -0.235955
    outer loop
      vertex 15.3147 -0.977785 2.40851
      vertex 15.5 -0.482963 0.37059
      vertex 15.3457 -0.980338 2.41902
    endloop
  endfacet
  facet normal 4.57395e-05 -0.971765 -0.235949
    outer loop
      vertex 15.3457 -0.980338 2.41902
      vertex 15.5 -0.482963 0.37059
      vertex 15.375 -0.98385 2.43349
    endloop
  endfacet
  facet normal -6.71983e-06 -0.971765 -0.235952
    outer loop
      vertex 15.375 -0.98385 2.43349
      vertex 15.5 -0.482963 0.37059
      vertex 15.5 -1 2.5
    endloop
  endfacet
  facet normal 0 0.831471 -0.555568
    outer loop
      vertex 15.5 0.396677 0.195619
      vertex 14.1 0.433013 0.25
      vertex 15.5 0.433013 0.25
    endloop
  endfacet
  facet normal 0 0.831471 -0.555568
    outer loop
      vertex 14.1 0.433013 0.25
      vertex 15.5 0.396677 0.195619
      vertex 14.1 0.396677 0.195619
    endloop
  endfacet
  facet normal 0 -0.946926 -0.321452
    outer loop
      vertex 14.1 -0.461939 0.308658
      vertex 15.5 -0.482963 0.37059
      vertex 14.1 -0.482963 0.37059
    endloop
  endfacet
  facet normal 0 -0.946926 -0.321452
    outer loop
      vertex 15.5 -0.482963 0.37059
      vertex 14.1 -0.461939 0.308658
      vertex 15.5 -0.461939 0.308658
    endloop
  endfacet
  facet normal 0 0.971783 -0.235878
    outer loop
      vertex 15.5 1 2.5
      vertex 15.4483 0.999466 2.4978
      vertex 15.4498 1 2.5
    endloop
  endfacet
  facet normal 3.08173e-06 0.971766 -0.235947
    outer loop
      vertex 15.5 1 2.5
      vertex 15.4268 0.993498 2.47322
      vertex 15.4483 0.999466 2.4978
    endloop
  endfacet
  facet normal 1.07597e-05 0.971761 -0.235966
    outer loop
      vertex 15.5 1 2.5
      vertex 15.4022 0.988263 2.45166
      vertex 15.4268 0.993498 2.47322
    endloop
  endfacet
  facet normal 0.000132727 0.971705 -0.236199
    outer loop
      vertex 15.5 1 2.5
      vertex 15.375 0.98385 2.43349
      vertex 15.4022 0.988263 2.45166
    endloop
  endfacet
  facet normal 0 0.971765 -0.235952
    outer loop
      vertex 15.25 0.975718 2.39999
      vertex 15.5 0.482964 0.37059
      vertex 14.35 0.975718 2.39999
    endloop
  endfacet
  facet normal 4.75638e-05 0.971766 -0.235946
    outer loop
      vertex 15.2826 0.976236 2.40213
      vertex 15.5 0.482964 0.37059
      vertex 15.25 0.975718 2.39999
    endloop
  endfacet
  facet normal 3.2086e-06 0.971765 -0.235951
    outer loop
      vertex 15.3147 0.977785 2.40851
      vertex 15.5 0.482964 0.37059
      vertex 15.2826 0.976236 2.40213
    endloop
  endfacet
  facet normal -3.34409e-05 0.971764 -0.235954
    outer loop
      vertex 15.3457 0.980338 2.41902
      vertex 15.5 0.482964 0.37059
      vertex 15.3147 0.977785 2.40851
    endloop
  endfacet
  facet normal 4.55136e-05 0.971766 -0.235948
    outer loop
      vertex 15.375 0.98385 2.43349
      vertex 15.5 0.482964 0.37059
      vertex 15.3457 0.980338 2.41902
    endloop
  endfacet
  facet normal -6.96265e-06 0.971765 -0.235951
    outer loop
      vertex 15.5 0.482964 0.37059
      vertex 15.375 0.98385 2.43349
      vertex 15.5 1 2.5
    endloop
  endfacet
  facet normal 0 0.971783 -0.235878
    outer loop
      vertex 14.1517 0.999466 2.4978
      vertex 14.1 1 2.5
      vertex 14.1502 1 2.5
    endloop
  endfacet
  facet normal -3.08173e-06 0.971766 -0.235947
    outer loop
      vertex 14.1732 0.993498 2.47322
      vertex 14.1 1 2.5
      vertex 14.1517 0.999466 2.4978
    endloop
  endfacet
  facet normal -1.07597e-05 0.971761 -0.235966
    outer loop
      vertex 14.1978 0.988263 2.45166
      vertex 14.1 1 2.5
      vertex 14.1732 0.993498 2.47322
    endloop
  endfacet
  facet normal -0.000132727 0.971705 -0.236199
    outer loop
      vertex 14.225 0.98385 2.43349
      vertex 14.1 1 2.5
      vertex 14.1978 0.988263 2.45166
    endloop
  endfacet
  facet normal 0 0.971765 -0.235952
    outer loop
      vertex 14.1 0.482964 0.37059
      vertex 14.35 0.975718 2.39999
      vertex 15.5 0.482964 0.37059
    endloop
  endfacet
  facet normal -4.75638e-05 0.971766 -0.235946
    outer loop
      vertex 14.35 0.975718 2.39999
      vertex 14.1 0.482964 0.37059
      vertex 14.3174 0.976236 2.40213
    endloop
  endfacet
  facet normal -3.2086e-06 0.971765 -0.235951
    outer loop
      vertex 14.3174 0.976236 2.40213
      vertex 14.1 0.482964 0.37059
      vertex 14.2853 0.977785 2.40851
    endloop
  endfacet
  facet normal 3.34409e-05 0.971764 -0.235954
    outer loop
      vertex 14.2853 0.977785 2.40851
      vertex 14.1 0.482964 0.37059
      vertex 14.2543 0.980338 2.41902
    endloop
  endfacet
  facet normal -4.55136e-05 0.971766 -0.235948
    outer loop
      vertex 14.2543 0.980338 2.41902
      vertex 14.1 0.482964 0.37059
      vertex 14.225 0.98385 2.43349
    endloop
  endfacet
  facet normal 6.96265e-06 0.971765 -0.235951
    outer loop
      vertex 14.225 0.98385 2.43349
      vertex 14.1 0.482964 0.37059
      vertex 14.1 1 2.5
    endloop
  endfacet
  facet normal 0 0.896872 -0.44229
    outer loop
      vertex 15.5 0.433013 0.25
      vertex 14.1 0.46194 0.308658
      vertex 15.5 0.46194 0.308658
    endloop
  endfacet
  facet normal 0 0.896872 -0.44229
    outer loop
      vertex 14.1 0.46194 0.308658
      vertex 15.5 0.433013 0.25
      vertex 14.1 0.433013 0.25
    endloop
  endfacet
  facet normal 0 -0.896872 -0.44229
    outer loop
      vertex 14.1 -0.433012 0.25
      vertex 15.5 -0.461939 0.308658
      vertex 14.1 -0.461939 0.308658
    endloop
  endfacet
  facet normal 0 -0.896872 -0.44229
    outer loop
      vertex 15.5 -0.461939 0.308658
      vertex 14.1 -0.433012 0.25
      vertex 15.5 -0.433012 0.25
    endloop
  endfacet
  facet normal 0 0.946926 -0.321452
    outer loop
      vertex 15.5 0.46194 0.308658
      vertex 14.1 0.482964 0.37059
      vertex 15.5 0.482964 0.37059
    endloop
  endfacet
  facet normal 0 0.946926 -0.321452
    outer loop
      vertex 14.1 0.482964 0.37059
      vertex 15.5 0.46194 0.308658
      vertex 14.1 0.46194 0.308658
    endloop
  endfacet
  facet normal 0 0.321449 -0.946927
    outer loop
      vertex 14.1 0.12941 0.0170364
      vertex 15.5 0.191342 0.0380602
      vertex 15.5 0.12941 0.0170364
    endloop
  endfacet
  facet normal 0 0.321449 -0.946927
    outer loop
      vertex 15.5 0.191342 0.0380602
      vertex 14.1 0.12941 0.0170364
      vertex 14.1 0.191342 0.0380602
    endloop
  endfacet
  facet normal 1 0 0
    outer loop
      vertex 15.5 -1 2.5
      vertex 15.5 1 2.5
      vertex 15.5 1 2.51
    endloop
  endfacet
  facet normal 1 0 0
    outer loop
      vertex 15.5 1 2.5
      vertex 15.5 -0.482963 0.37059
      vertex 15.5 0.482964 0.37059
    endloop
  endfacet
  facet normal 1 0 0
    outer loop
      vertex 15.5 0.482964 0.37059
      vertex 15.5 -0.482963 0.37059
      vertex 15.5 0.46194 0.308658
    endloop
  endfacet
  facet normal 1 0 0
    outer loop
      vertex 15.5 0.46194 0.308658
      vertex 15.5 -0.482963 0.37059
      vertex 15.5 0.433013 0.25
    endloop
  endfacet
  facet normal 1 0 0
    outer loop
      vertex 15.5 0.433013 0.25
      vertex 15.5 -0.482963 0.37059
      vertex 15.5 0.396677 0.195619
    endloop
  endfacet
  facet normal 1 0 0
    outer loop
      vertex 15.5 0.396677 0.195619
      vertex 15.5 -0.482963 0.37059
      vertex 15.5 0.353554 0.146446
    endloop
  endfacet
  facet normal 1 0 0
    outer loop
      vertex 15.5 0.353554 0.146446
      vertex 15.5 -0.482963 0.37059
      vertex 15.5 0.304381 0.103323
    endloop
  endfacet
  facet normal 1 0 0
    outer loop
      vertex 15.5 0.304381 0.103323
      vertex 15.5 -0.482963 0.37059
      vertex 15.5 0.25 0.066987
    endloop
  endfacet
  facet normal 1 0 0
    outer loop
      vertex 15.5 0.25 0.066987
      vertex 15.5 -0.482963 0.37059
      vertex 15.5 0.191342 0.0380602
    endloop
  endfacet
  facet normal 1 0 0
    outer loop
      vertex 15.5 0.191342 0.0380602
      vertex 15.5 -0.482963 0.37059
      vertex 15.5 0.12941 0.0170364
    endloop
  endfacet
  facet normal 1 0 0
    outer loop
      vertex 15.5 0.12941 0.0170364
      vertex 15.5 -0.482963 0.37059
      vertex 15.5 0.0652637 0.00427723
    endloop
  endfacet
  facet normal 1 0 0
    outer loop
      vertex 15.5 0.0652637 0.00427723
      vertex 15.5 -0.482963 0.37059
      vertex 15.5 0 0
    endloop
  endfacet
  facet normal 1 0 0
    outer loop
      vertex 15.5 0 0
      vertex 15.5 -0.482963 0.37059
      vertex 15.5 -0.0652628 0.00427723
    endloop
  endfacet
  facet normal 1 0 0
    outer loop
      vertex 15.5 -0.0652628 0.00427723
      vertex 15.5 -0.482963 0.37059
      vertex 15.5 -0.129409 0.0170364
    endloop
  endfacet
  facet normal 1 0 0
    outer loop
      vertex 15.5 -0.129409 0.0170364
      vertex 15.5 -0.482963 0.37059
      vertex 15.5 -0.191341 0.0380602
    endloop
  endfacet
  facet normal 1 0 0
    outer loop
      vertex 15.5 -0.191341 0.0380602
      vertex 15.5 -0.482963 0.37059
      vertex 15.5 -0.25 0.066987
    endloop
  endfacet
  facet normal 1 0 0
    outer loop
      vertex 15.5 -0.25 0.066987
      vertex 15.5 -0.482963 0.37059
      vertex 15.5 -0.30438 0.103323
    endloop
  endfacet
  facet normal 1 0 0
    outer loop
      vertex 15.5 -0.30438 0.103323
      vertex 15.5 -0.482963 0.37059
      vertex 15.5 -0.353553 0.146446
    endloop
  endfacet
  facet normal 1 0 0
    outer loop
      vertex 15.5 -0.353553 0.146446
      vertex 15.5 -0.482963 0.37059
      vertex 15.5 -0.396676 0.195619
    endloop
  endfacet
  facet normal 1 0 0
    outer loop
      vertex 15.5 -0.396676 0.195619
      vertex 15.5 -0.482963 0.37059
      vertex 15.5 -0.433012 0.25
    endloop
  endfacet
  facet normal 1 0 0
    outer loop
      vertex 15.5 -0.433012 0.25
      vertex 15.5 -0.482963 0.37059
      vertex 15.5 -0.461939 0.308658
    endloop
  endfacet
  facet normal 1 0 0
    outer loop
      vertex 15.5 -1 2.5
      vertex 15.5 1 2.51
      vertex 15.5 -1 2.51
    endloop
  endfacet
  facet normal 1 0 0
    outer loop
      vertex 15.5 1 2.5
      vertex 15.5 -1 2.5
      vertex 15.5 -0.482963 0.37059
    endloop
  endfacet
  facet normal 0 0.659341 -0.751844
    outer loop
      vertex 14.1 0.304381 0.103323
      vertex 15.5 0.353554 0.146446
      vertex 15.5 0.304381 0.103323
    endloop
  endfacet
  facet normal 0 0.659341 -0.751844
    outer loop
      vertex 15.5 0.353554 0.146446
      vertex 14.1 0.304381 0.103323
      vertex 14.1 0.353554 0.146446
    endloop
  endfacet
  facet normal 0 -0.555575 -0.831466
    outer loop
      vertex 14.1 -0.30438 0.103323
      vertex 15.5 -0.25 0.066987
      vertex 15.5 -0.30438 0.103323
    endloop
  endfacet
  facet normal -0 -0.555575 -0.831466
    outer loop
      vertex 15.5 -0.25 0.066987
      vertex 14.1 -0.30438 0.103323
      vertex 14.1 -0.25 0.066987
    endloop
  endfacet
  facet normal 0 -0.321449 -0.946927
    outer loop
      vertex 14.1 -0.191341 0.0380602
      vertex 15.5 -0.129409 0.0170364
      vertex 15.5 -0.191341 0.0380602
    endloop
  endfacet
  facet normal -0 -0.321449 -0.946927
    outer loop
      vertex 15.5 -0.129409 0.0170364
      vertex 14.1 -0.191341 0.0380602
      vertex 14.1 -0.129409 0.0170364
    endloop
  endfacet
  facet normal 0 -0.442281 -0.896876
    outer loop
      vertex 14.1 -0.25 0.066987
      vertex 15.5 -0.191341 0.0380602
      vertex 15.5 -0.25 0.066987
    endloop
  endfacet
  facet normal -0 -0.442281 -0.896876
    outer loop
      vertex 15.5 -0.191341 0.0380602
      vertex 14.1 -0.25 0.066987
      vertex 14.1 -0.191341 0.0380602
    endloop
  endfacet
  facet normal -1 0 0
    outer loop
      vertex 14.1 -0.482963 0.37059
      vertex 14.1 1 2.5
      vertex 14.1 0.482964 0.37059
    endloop
  endfacet
  facet normal -1 0 0
    outer loop
      vertex 14.1 -0.482963 0.37059
      vertex 14.1 0.482964 0.37059
      vertex 14.1 0.46194 0.308658
    endloop
  endfacet
  facet normal -1 0 0
    outer loop
      vertex 14.1 -0.482963 0.37059
      vertex 14.1 0.46194 0.308658
      vertex 14.1 0.433013 0.25
    endloop
  endfacet
  facet normal -1 0 0
    outer loop
      vertex 14.1 -0.482963 0.37059
      vertex 14.1 0.433013 0.25
      vertex 14.1 0.396677 0.195619
    endloop
  endfacet
  facet normal -1 0 0
    outer loop
      vertex 14.1 -0.482963 0.37059
      vertex 14.1 0.396677 0.195619
      vertex 14.1 0.353554 0.146446
    endloop
  endfacet
  facet normal -1 0 0
    outer loop
      vertex 14.1 -0.482963 0.37059
      vertex 14.1 0.353554 0.146446
      vertex 14.1 0.304381 0.103323
    endloop
  endfacet
  facet normal -1 0 0
    outer loop
      vertex 14.1 -0.482963 0.37059
      vertex 14.1 0.304381 0.103323
      vertex 14.1 0.25 0.066987
    endloop
  endfacet
  facet normal -1 0 0
    outer loop
      vertex 14.1 -0.482963 0.37059
      vertex 14.1 0.25 0.066987
      vertex 14.1 0.191342 0.0380602
    endloop
  endfacet
  facet normal -1 0 0
    outer loop
      vertex 14.1 -0.482963 0.37059
      vertex 14.1 0.191342 0.0380602
      vertex 14.1 0.12941 0.0170364
    endloop
  endfacet
  facet normal -1 0 0
    outer loop
      vertex 14.1 -0.482963 0.37059
      vertex 14.1 0.12941 0.0170364
      vertex 14.1 0.0652637 0.00427723
    endloop
  endfacet
  facet normal -1 0 0
    outer loop
      vertex 14.1 -0.482963 0.37059
      vertex 14.1 0.0652637 0.00427723
      vertex 14.1 0 0
    endloop
  endfacet
  facet normal -1 0 0
    outer loop
      vertex 14.1 -0.482963 0.37059
      vertex 14.1 0 0
      vertex 14.1 -0.0652628 0.00427723
    endloop
  endfacet
  facet normal -1 0 0
    outer loop
      vertex 14.1 -0.482963 0.37059
      vertex 14.1 -0.0652628 0.00427723
      vertex 14.1 -0.129409 0.0170364
    endloop
  endfacet
  facet normal -1 0 0
    outer loop
      vertex 14.1 -0.482963 0.37059
      vertex 14.1 -0.129409 0.0170364
      vertex 14.1 -0.191341 0.0380602
    endloop
  endfacet
  facet normal -1 0 0
    outer loop
      vertex 14.1 -0.482963 0.37059
      vertex 14.1 -0.191341 0.0380602
      vertex 14.1 -0.25 0.066987
    endloop
  endfacet
  facet normal -1 0 0
    outer loop
      vertex 14.1 -0.482963 0.37059
      vertex 14.1 -0.25 0.066987
      vertex 14.1 -0.30438 0.103323
    endloop
  endfacet
  facet normal -1 0 0
    outer loop
      vertex 14.1 -0.482963 0.37059
      vertex 14.1 -0.30438 0.103323
      vertex 14.1 -0.353553 0.146446
    endloop
  endfacet
  facet normal -1 0 0
    outer loop
      vertex 14.1 -0.482963 0.37059
      vertex 14.1 -0.353553 0.146446
      vertex 14.1 -0.396676 0.195619
    endloop
  endfacet
  facet normal -1 0 0
    outer loop
      vertex 14.1 -0.482963 0.37059
      vertex 14.1 -0.396676 0.195619
      vertex 14.1 -0.433012 0.25
    endloop
  endfacet
  facet normal -1 0 0
    outer loop
      vertex 14.1 -0.482963 0.37059
      vertex 14.1 -0.433012 0.25
      vertex 14.1 -0.461939 0.308658
    endloop
  endfacet
  facet normal -1 0 0
    outer loop
      vertex 14.1 -1 2.5
      vertex 14.1 1 2.5
      vertex 14.1 -0.482963 0.37059
    endloop
  endfacet
  facet normal -1 0 0
    outer loop
      vertex 14.1 1 2.5
      vertex 14.1 -1 2.5
      vertex 14.1 1 2.51
    endloop
  endfacet
  facet normal -1 -0 0
    outer loop
      vertex 14.1 1 2.51
      vertex 14.1 -1 2.5
      vertex 14.1 -1 2.51
    endloop
  endfacet
  facet normal 0 0.751844 -0.659341
    outer loop
      vertex 15.5 0.353554 0.146446
      vertex 14.1 0.396677 0.195619
      vertex 15.5 0.396677 0.195619
    endloop
  endfacet
  facet normal 0 0.751844 -0.659341
    outer loop
      vertex 14.1 0.396677 0.195619
      vertex 15.5 0.353554 0.146446
      vertex 14.1 0.353554 0.146446
    endloop
  endfacet
  facet normal 0 0.442287 -0.896873
    outer loop
      vertex 14.1 0.191342 0.0380602
      vertex 15.5 0.25 0.066987
      vertex 15.5 0.191342 0.0380602
    endloop
  endfacet
  facet normal 0 0.442287 -0.896873
    outer loop
      vertex 15.5 0.25 0.066987
      vertex 14.1 0.191342 0.0380602
      vertex 14.1 0.25 0.066987
    endloop
  endfacet
  facet normal 0 -0.659341 -0.751844
    outer loop
      vertex 14.1 -0.353553 0.146446
      vertex 15.5 -0.30438 0.103323
      vertex 15.5 -0.353553 0.146446
    endloop
  endfacet
  facet normal -0 -0.659341 -0.751844
    outer loop
      vertex 15.5 -0.30438 0.103323
      vertex 14.1 -0.353553 0.146446
      vertex 14.1 -0.30438 0.103323
    endloop
  endfacet
  facet normal 0 -0.751844 -0.659341
    outer loop
      vertex 14.1 -0.353553 0.146446
      vertex 15.5 -0.396676 0.195619
      vertex 14.1 -0.396676 0.195619
    endloop
  endfacet
  facet normal 0 -0.751844 -0.659341
    outer loop
      vertex 15.5 -0.396676 0.195619
      vertex 14.1 -0.353553 0.146446
      vertex 15.5 -0.353553 0.146446
    endloop
  endfacet
  facet normal 0 0.195086 -0.980786
    outer loop
      vertex 14.1 0.0652637 0.00427723
      vertex 15.5 0.12941 0.0170364
      vertex 15.5 0.0652637 0.00427723
    endloop
  endfacet
  facet normal 0 0.195086 -0.980786
    outer loop
      vertex 15.5 0.12941 0.0170364
      vertex 14.1 0.0652637 0.00427723
      vertex 14.1 0.12941 0.0170364
    endloop
  endfacet
  facet normal 0 -0.195086 -0.980786
    outer loop
      vertex 14.1 -0.129409 0.0170364
      vertex 15.5 -0.0652628 0.00427723
      vertex 15.5 -0.129409 0.0170364
    endloop
  endfacet
  facet normal -0 -0.195086 -0.980786
    outer loop
      vertex 15.5 -0.0652628 0.00427723
      vertex 14.1 -0.129409 0.0170364
      vertex 14.1 -0.0652628 0.00427723
    endloop
  endfacet
  facet normal 0 0.555568 -0.831471
    outer loop
      vertex 14.1 0.25 0.066987
      vertex 15.5 0.304381 0.103323
      vertex 15.5 0.25 0.066987
    endloop
  endfacet
  facet normal 0 0.555568 -0.831471
    outer loop
      vertex 15.5 0.304381 0.103323
      vertex 14.1 0.25 0.066987
      vertex 14.1 0.304381 0.103323
    endloop
  endfacet
  facet normal 0 0.0653974 -0.997859
    outer loop
      vertex 14.1 0 0
      vertex 15.5 0.0652637 0.00427723
      vertex 15.5 0 0
    endloop
  endfacet
  facet normal 0 0.0653974 -0.997859
    outer loop
      vertex 15.5 0.0652637 0.00427723
      vertex 14.1 0 0
      vertex 14.1 0.0652637 0.00427723
    endloop
  endfacet
  facet normal 0 -0.0653983 -0.997859
    outer loop
      vertex 14.1 -0.0652628 0.00427723
      vertex 15.5 0 0
      vertex 15.5 -0.0652628 0.00427723
    endloop
  endfacet
  facet normal -0 -0.0653983 -0.997859
    outer loop
      vertex 15.5 0 0
      vertex 14.1 -0.0652628 0.00427723
      vertex 14.1 0 0
    endloop
  endfacet
  facet normal -0.0402474 -0.792861 0.608072
    outer loop
      vertex 2.4 -0.623602 11.8667
      vertex 2.33545 -0.563879 11.9403
      vertex 2.34561 -0.623602 11.8631
    endloop
  endfacet
  facet normal 0.873872 -0.224991 -0.430961
    outer loop
      vertex 3.0796 -0.146317 11.1685
      vertex 2.9 -1 11.25
      vertex 3.03704 -0.146317 11.0822
    endloop
  endfacet
  facet normal -0.889227 -0.130246 -0.438534
    outer loop
      vertex 1.7204 -0.146317 11.1685
      vertex 1.70857 -0.0490522 11.1636
      vertex 1.76296 -0.146317 11.0822
    endloop
  endfacet
  facet normal 0.427612 -0.258661 0.866165
    outer loop
      vertex 2.6815 -0.146317 12.1296
      vertex 2.67178 -0.241079 12.1061
      vertex 2.76779 -0.146317 12.087
    endloop
  endfacet
  facet normal -0.116279 0.801682 0.586332
    outer loop
      vertex 2.11187 0.821035 11.5468
      vertex 2.29216 0.623603 11.8525
      vertex 2.34561 0.623603 11.8631
    endloop
  endfacet
  facet normal -0.117749 0.801105 0.586827
    outer loop
      vertex 2.29216 0.623603 11.8525
      vertex 2.11187 0.821035 11.5468
      vertex 2.08646 0.821036 11.5417
    endloop
  endfacet
  facet normal -0.310909 0.258054 0.914737
    outer loop
      vertex 2.21619 0.24108 12.136
      vertex 2.12822 0.24108 12.1061
      vertex 2.20962 0.146318 12.1605
    endloop
  endfacet
  facet normal 0.227425 -0.706401 0.67028
    outer loop
      vertex 2.61579 -0.494509 11.971
      vertex 2.54594 -0.494509 11.9947
      vertex 2.58924 -0.563879 11.9069
    endloop
  endfacet
  facet normal 0.896865 0 -0.442304
    outer loop
      vertex 3.09143 -0.0490522 11.1636
      vertex 3.04813 0.0490532 11.0758
      vertex 3.09143 0.0490532 11.1636
    endloop
  endfacet
  facet normal 0.896865 0 -0.442304
    outer loop
      vertex 3.04813 0.0490532 11.0758
      vertex 3.09143 -0.0490522 11.1636
      vertex 3.04813 -0.0490522 11.0758
    endloop
  endfacet
  facet normal 0.745386 0.130517 -0.653732
    outer loop
      vertex 2.92919 0.0490532 10.9208
      vertex 2.92014 0.146318 10.9299
      vertex 2.99374 0.0490532 10.9944
    endloop
  endfacet
  facet normal 0.963718 0.266923 0
    outer loop
      vertex 3.1102 0.24108 11.45
      vertex 2.9 1 11.25
      vertex 2.9 1 11.26
    endloop
  endfacet
  facet normal 0.693494 -0.500114 0.518606
    outer loop
      vertex 2.89957 -0.952318 11.3066
      vertex 2.93365 -0.331716 11.8595
      vertex 2.89474 -0.416677 11.8296
    endloop
  endfacet
  facet normal 0.702639 -0.494448 0.511683
    outer loop
      vertex 2.9 -0.958537 11.3
      vertex 2.93365 -0.331716 11.8595
      vertex 2.89957 -0.952318 11.3066
    endloop
  endfacet
  facet normal 0.695072 -0.499157 0.517414
    outer loop
      vertex 2.93365 -0.331716 11.8595
      vertex 2.9 -0.958537 11.3
      vertex 2.9 -1 11.26
    endloop
  endfacet
  facet normal 0.745254 -0.130288 0.653927
    outer loop
      vertex 2.99374 -0.0490522 11.9056
      vertex 2.92014 -0.146317 11.9701
      vertex 2.98358 -0.146317 11.8978
    endloop
  endfacet
  facet normal 0.828787 0.38207 0.408822
    outer loop
      vertex 3.05614 0.24108 11.7218
      vertex 2.98254 0.331717 11.7863
      vertex 3.01505 0.24108 11.8051
    endloop
  endfacet
  facet normal 0.824355 -0.130286 -0.550875
    outer loop
      vertex 3.03704 -0.146317 11.0822
      vertex 2.98358 -0.146317 11.0022
      vertex 2.99374 -0.0490522 10.9944
    endloop
  endfacet
  facet normal 0.828798 0.382147 0.408727
    outer loop
      vertex 3.02145 0.331717 11.7074
      vertex 2.98254 0.331717 11.7863
      vertex 3.05614 0.24108 11.7218
    endloop
  endfacet
  facet normal 0.859633 -0.382775 0.3384
    outer loop
      vertex 3.02145 -0.331716 11.7074
      vertex 2.9 -1 11.26
      vertex 3.05614 -0.241079 11.7218
    endloop
  endfacet
  facet normal 0.828787 -0.38207 0.408822
    outer loop
      vertex 3.01505 -0.241079 11.8051
      vertex 2.98254 -0.331716 11.7863
      vertex 3.05614 -0.241079 11.7218
    endloop
  endfacet
  facet normal 0.694949 0.382235 0.60905
    outer loop
      vertex 2.96344 0.24108 11.8823
      vertex 2.87564 0.331717 11.9256
      vertex 2.90218 0.24108 11.9522
    endloop
  endfacet
  facet normal 0.15502 -0.607869 0.778758
    outer loop
      vertex 2.4814 -0.416677 12.0683
      vertex 2.4736 -0.494509 12.0091
      vertex 2.54594 -0.494509 11.9947
    endloop
  endfacet
  facet normal 0.322653 -0.706324 0.630081
    outer loop
      vertex 2.80279 -0.832255 11.4978
      vertex 2.68194 -0.494509 11.9383
      vertex 2.64725 -0.563879 11.8783
    endloop
  endfacet
  facet normal 0.320956 -0.707029 0.630156
    outer loop
      vertex 2.82677 -0.840086 11.4768
      vertex 2.68194 -0.494509 11.9383
      vertex 2.80279 -0.832255 11.4978
    endloop
  endfacet
  facet normal 0.32456 -0.705437 0.630095
    outer loop
      vertex 2.68194 -0.494509 11.9383
      vertex 2.82677 -0.840086 11.4768
      vertex 2.83237 -0.843226 11.4704
    endloop
  endfacet
  facet normal -0.824381 -0.130286 0.550837
    outer loop
      vertex 1.80626 -0.0490522 11.9056
      vertex 1.75187 -0.0490522 11.8242
      vertex 1.81642 -0.146317 11.8978
    endloop
  endfacet
  facet normal 0.768259 -0.382093 0.513599
    outer loop
      vertex 3.01505 -0.241079 11.8051
      vertex 2.96344 -0.241079 11.8823
      vertex 2.98254 -0.331716 11.7863
    endloop
  endfacet
  facet normal -0.38242 0.499773 0.777163
    outer loop
      vertex 2.16136 0.416678 12.0261
      vertex 2.0882 0.416678 11.9901
      vertex 2.14259 0.331717 12.0715
    endloop
  endfacet
  facet normal -0.9654 -0.258664 -0.0331082
    outer loop
      vertex 1.6898 -0.241079 11.45
      vertex 1.66441 -0.146317 11.45
      vertex 1.9 -1 11.25
    endloop
  endfacet
  facet normal 0.745254 0.130288 -0.653927
    outer loop
      vertex 2.99374 0.0490532 10.9944
      vertex 2.92014 0.146318 10.9299
      vertex 2.98358 0.146318 11.0022
    endloop
  endfacet
  facet normal 0.726575 -0.256194 -0.637537
    outer loop
      vertex 2.98358 -0.146317 11.0022
      vertex 2.9 -1 11.25
      vertex 2.92014 -0.146317 10.9299
    endloop
  endfacet
  facet normal 0.637943 0.257134 -0.725886
    outer loop
      vertex 2.92014 0.146318 10.9299
      vertex 2.9 0.146318 10.9122
      vertex 2.9 0.168055 10.9199
    endloop
  endfacet
  facet normal 0.873871 0.224991 -0.430961
    outer loop
      vertex 3.03704 0.146318 11.0822
      vertex 2.9 1 11.25
      vertex 3.0796 0.146318 11.1685
    endloop
  endfacet
  facet normal 0.824355 0.130286 -0.550875
    outer loop
      vertex 2.99374 0.0490532 10.9944
      vertex 2.98358 0.146318 11.0022
      vertex 3.03704 0.146318 11.0822
    endloop
  endfacet
  facet normal 0.922868 0.224059 -0.313228
    outer loop
      vertex 3.0796 0.146318 11.1685
      vertex 2.9 1 11.25
      vertex 3.11052 0.146318 11.2596
    endloop
  endfacet
  facet normal 0.9654 -0.258664 -0.0331082
    outer loop
      vertex 3.1102 -0.241079 11.45
      vertex 2.9 -1 11.25
      vertex 3.13559 -0.146317 11.45
    endloop
  endfacet
  facet normal 0.889227 -0.130246 0.438534
    outer loop
      vertex 3.09143 -0.0490522 11.7364
      vertex 3.03704 -0.146317 11.8178
      vertex 3.0796 -0.146317 11.7315
    endloop
  endfacet
  facet normal 0.384012 -0.498677 0.777082
    outer loop
      vertex 2.73633 -0.331716 12.0325
      vertex 2.65741 -0.331716 12.0715
      vertex 2.7118 -0.416677 11.9901
    endloop
  endfacet
  facet normal 0.637236 -0.258709 0.725947
    outer loop
      vertex 2.8478 -0.146317 12.0336
      vertex 2.83234 -0.241079 12.0134
      vertex 2.92014 -0.146317 11.9701
    endloop
  endfacet
  facet normal 0.0609276 0.381598 0.922318
    outer loop
      vertex 2.4878 0.331717 12.1169
      vertex 2.4 0.331717 12.1227
      vertex 2.4 0.24108 12.1602
    endloop
  endfacet
  facet normal -0.882143 0.363631 0.299327
    outer loop
      vertex 1.9 1 11.26
      vertex 1.714 0.24108 11.6338
      vertex 1.74386 0.24108 11.7218
    endloop
  endfacet
  facet normal 0.803221 -0.258327 0.536752
    outer loop
      vertex 3.03704 -0.146317 11.8178
      vertex 2.98358 -0.146317 11.8978
      vertex 3.01505 -0.241079 11.8051
    endloop
  endfacet
  facet normal 0.55569 0 0.83139
    outer loop
      vertex 2.7742 0.0490532 12.0981
      vertex 2.85559 -0.0490522 12.0437
      vertex 2.85559 0.0490532 12.0437
    endloop
  endfacet
  facet normal 0.55569 0 0.83139
    outer loop
      vertex 2.85559 -0.0490522 12.0437
      vertex 2.7742 0.0490532 12.0981
      vertex 2.7742 -0.0490522 12.0981
    endloop
  endfacet
  facet normal 0.824381 0.130286 0.550837
    outer loop
      vertex 3.04813 0.0490532 11.8242
      vertex 2.98358 0.146318 11.8978
      vertex 2.99374 0.0490532 11.9056
    endloop
  endfacet
  facet normal 0.859633 0.382775 0.338399
    outer loop
      vertex 3.05614 0.24108 11.7218
      vertex 2.9 1 11.26
      vertex 3.02145 0.331717 11.7074
    endloop
  endfacet
  facet normal -0.0516758 -0.607859 0.792362
    outer loop
      vertex 2.4 -0.494509 12.0139
      vertex 2.3186 -0.416677 12.0683
      vertex 2.3264 -0.494509 12.0091
    endloop
  endfacet
  facet normal 0.04595 -0.706513 0.706207
    outer loop
      vertex 2.4 -0.494509 12.0139
      vertex 2.4 -0.563879 11.9445
      vertex 2.46455 -0.563879 11.9403
    endloop
  endfacet
  facet normal -0.118564 -0.792788 0.597854
    outer loop
      vertex 2.34561 -0.623602 11.8631
      vertex 2.27201 -0.563879 11.9277
      vertex 2.29216 -0.623602 11.8525
    endloop
  endfacet
  facet normal -0.384012 -0.498677 0.777082
    outer loop
      vertex 2.14259 -0.331716 12.0715
      vertex 2.06367 -0.331716 12.0325
      vertex 2.0882 -0.416677 11.9901
    endloop
  endfacet
  facet normal 0.318984 0.130563 0.938724
    outer loop
      vertex 2.6864 0.0490532 12.1414
      vertex 2.59038 0.146318 12.1605
      vertex 2.5937 0.0490532 12.1729
    endloop
  endfacet
  facet normal -0.608995 -0.382283 0.694971
    outer loop
      vertex 1.96766 -0.241079 12.0134
      vertex 1.89782 -0.241079 11.9522
      vertex 1.92436 -0.331716 11.9256
    endloop
  endfacet
  facet normal -0.277713 -0.499763 0.820434
    outer loop
      vertex 2.2259 -0.331716 12.0997
      vertex 2.14259 -0.331716 12.0715
      vertex 2.16136 -0.416677 12.0261
    endloop
  endfacet
  facet normal -0.659083 0 0.75207
    outer loop
      vertex 1.87081 0.0490532 11.9792
      vertex 1.94441 -0.0490522 12.0437
      vertex 1.94441 0.0490532 12.0437
    endloop
  endfacet
  facet normal -0.659083 0 0.75207
    outer loop
      vertex 1.94441 -0.0490522 12.0437
      vertex 1.87081 0.0490532 11.9792
      vertex 1.87081 -0.0490522 11.9792
    endloop
  endfacet
  facet normal 0.0362856 0.83555 0.548215
    outer loop
      vertex 2.45439 0.623603 11.8631
      vertex 2.66163 0.820557 11.5492
      vertex 2.4 0.623603 11.8667
    endloop
  endfacet
  facet normal 0.0339353 0.83634 0.547159
    outer loop
      vertex 2.45439 0.623603 11.8631
      vertex 2.68264 0.820555 11.5479
      vertex 2.66163 0.820557 11.5492
    endloop
  endfacet
  facet normal 0.0368973 0.835254 0.548625
    outer loop
      vertex 2.68264 0.820555 11.5479
      vertex 2.45439 0.623603 11.8631
      vertex 2.68813 0.821035 11.5468
    endloop
  endfacet
  facet normal -0.938887 -0.130246 -0.318634
    outer loop
      vertex 1.7204 -0.146317 11.1685
      vertex 1.67711 -0.0490522 11.2563
      vertex 1.70857 -0.0490522 11.1636
    endloop
  endfacet
  facet normal 0.628965 -0.289167 -0.721655
    outer loop
      vertex 2.9 -1 11.25
      vertex 2.9 -0.241079 10.9459
      vertex 2.90218 -0.241079 10.9478
    endloop
  endfacet
  facet normal 0.989365 -0.130214 -0.06481
    outer loop
      vertex 3.14839 -0.0490522 11.45
      vertex 3.1293 -0.146317 11.354
      vertex 3.14199 -0.0490522 11.3523
    endloop
  endfacet
  facet normal 0.989365 -0.130214 0.06481
    outer loop
      vertex 3.14199 -0.0490522 11.5477
      vertex 3.1293 -0.146317 11.546
      vertex 3.14839 -0.0490522 11.45
    endloop
  endfacet
  facet normal 0.638475 0.257979 -0.725119
    outer loop
      vertex 2.9 0.168055 10.9199
      vertex 2.90218 0.24108 10.9478
      vertex 2.92014 0.146318 10.9299
    endloop
  endfacet
  facet normal 0.634574 0.259231 -0.72809
    outer loop
      vertex 2.90218 0.24108 10.9478
      vertex 2.9 0.168055 10.9199
      vertex 2.9 0.24108 10.9459
    endloop
  endfacet
  facet normal 0.659361 0 -0.751826
    outer loop
      vertex 2.9 -0.0490522 10.8952
      vertex 2.92919 0.0490532 10.9208
      vertex 2.92919 -0.0490522 10.9208
    endloop
  endfacet
  facet normal 0.659361 0 -0.751826
    outer loop
      vertex 2.92919 0.0490532 10.9208
      vertex 2.9 -0.0490522 10.8952
      vertex 2.9 0.0490532 10.8952
    endloop
  endfacet
  facet normal 0.938887 0.130246 -0.318634
    outer loop
      vertex 3.09143 0.0490532 11.1636
      vertex 3.0796 0.146318 11.1685
      vertex 3.12289 0.0490532 11.2563
    endloop
  endfacet
  facet normal 0.9654 0.258664 -0.0331095
    outer loop
      vertex 3.13559 0.146318 11.45
      vertex 2.9 1 11.25
      vertex 3.1102 0.24108 11.45
    endloop
  endfacet
  facet normal 0.726575 0.256195 -0.637537
    outer loop
      vertex 2.92014 0.146318 10.9299
      vertex 2.9 1 11.25
      vertex 2.98358 0.146318 11.0022
    endloop
  endfacet
  facet normal 0.914844 0.258261 0.310423
    outer loop
      vertex 3.086 0.24108 11.6338
      vertex 3.05614 0.24108 11.7218
      vertex 3.0796 0.146318 11.7315
    endloop
  endfacet
  facet normal 0.882143 -0.363631 0.299327
    outer loop
      vertex 3.05614 -0.241079 11.7218
      vertex 2.9 -1 11.26
      vertex 3.086 -0.241079 11.6338
    endloop
  endfacet
  facet normal 0.866386 0.258325 0.427368
    outer loop
      vertex 3.05614 0.24108 11.7218
      vertex 3.01505 0.24108 11.8051
      vertex 3.03704 0.146318 11.8178
    endloop
  endfacet
  facet normal 0.731675 -0.475227 0.488683
    outer loop
      vertex 2.93365 -0.331716 11.8595
      vertex 2.9 -1 11.26
      vertex 2.98254 -0.331716 11.7863
    endloop
  endfacet
  facet normal -0.0562843 -0.499572 0.864442
    outer loop
      vertex 2.4 -0.331716 12.1227
      vertex 2.3186 -0.416677 12.0683
      vertex 2.4 -0.416677 12.0736
    endloop
  endfacet
  facet normal -0.310219 -0.25868 0.914795
    outer loop
      vertex 2.20962 -0.146317 12.1605
      vertex 2.1185 -0.146317 12.1296
      vertex 2.12822 -0.241079 12.1061
    endloop
  endfacet
  facet normal 0.947498 -0.258297 0.188496
    outer loop
      vertex 3.11052 -0.146317 11.6404
      vertex 3.086 -0.241079 11.6338
      vertex 3.1293 -0.146317 11.546
    endloop
  endfacet
  facet normal 0.866386 -0.258325 0.427368
    outer loop
      vertex 3.03704 -0.146317 11.8178
      vertex 3.01505 -0.241079 11.8051
      vertex 3.05614 -0.241079 11.7218
    endloop
  endfacet
  facet normal 0.745254 0.130288 0.653927
    outer loop
      vertex 2.98358 0.146318 11.8978
      vertex 2.92014 0.146318 11.9701
      vertex 2.99374 0.0490532 11.9056
    endloop
  endfacet
  facet normal 0.768259 0.382093 0.513599
    outer loop
      vertex 2.98254 0.331717 11.7863
      vertex 2.96344 0.24108 11.8823
      vertex 3.01505 0.24108 11.8051
    endloop
  endfacet
  facet normal 0.815076 0.41723 0.401959
    outer loop
      vertex 3.02145 0.331717 11.7074
      vertex 2.9 1 11.26
      vertex 2.98254 0.331717 11.7863
    endloop
  endfacet
  facet normal 0.938887 0.130246 0.318634
    outer loop
      vertex 3.12289 0.0490532 11.6437
      vertex 3.0796 0.146318 11.7315
      vertex 3.09143 0.0490532 11.7364
    endloop
  endfacet
  facet normal 0.989366 0.1302 -0.0648241
    outer loop
      vertex 3.14839 0.0490532 11.45
      vertex 3.1293 0.146318 11.354
      vertex 3.13559 0.146318 11.45
    endloop
  endfacet
  facet normal 0.80799 0.235836 -0.539939
    outer loop
      vertex 2.98358 0.146318 11.0022
      vertex 2.9 1 11.25
      vertex 3.03704 0.146318 11.0822
    endloop
  endfacet
  facet normal -0.427364 -0.258368 0.866375
    outer loop
      vertex 2.12822 -0.241079 12.1061
      vertex 2.03221 -0.146317 12.087
      vertex 2.0449 -0.241079 12.065
    endloop
  endfacet
  facet normal 0.510971 -0.607952 0.607703
    outer loop
      vertex 2.85531 -0.855855 11.4417
      vertex 2.77962 -0.416677 11.9447
      vertex 2.74327 -0.494509 11.8974
    endloop
  endfacet
  facet normal 0.507263 -0.609906 0.608851
    outer loop
      vertex 2.86651 -0.863211 11.425
      vertex 2.77962 -0.416677 11.9447
      vertex 2.85531 -0.855855 11.4417
    endloop
  endfacet
  facet normal 0.516011 -0.605156 0.606233
    outer loop
      vertex 2.77962 -0.416677 11.9447
      vertex 2.86651 -0.863211 11.425
      vertex 2.87348 -0.871493 11.4108
    endloop
  endfacet
  facet normal 0.193424 -0.130569 0.972388
    outer loop
      vertex 2.5937 -0.0490522 12.1729
      vertex 2.49768 -0.0490522 12.192
      vertex 2.59038 -0.146317 12.1605
    endloop
  endfacet
  facet normal -0.04606 -0.706459 0.706253
    outer loop
      vertex 2.4 -0.494509 12.0139
      vertex 2.3264 -0.494509 12.0091
      vertex 2.33545 -0.563879 11.9403
    endloop
  endfacet
  facet normal 0.119217 -0.80047 0.587397
    outer loop
      vertex 2.7147 -0.82101 11.5415
      vertex 2.50784 -0.623602 11.8525
      vertex 2.71354 -0.821036 11.5417
    endloop
  endfacet
  facet normal 0.135537 -0.793225 0.593653
    outer loop
      vertex 2.50784 -0.623602 11.8525
      vertex 2.7147 -0.82101 11.5415
      vertex 2.52799 -0.563879 11.9277
    endloop
  endfacet
  facet normal 0.135435 -0.793261 0.593628
    outer loop
      vertex 2.74567 -0.82358 11.531
      vertex 2.52799 -0.563879 11.9277
      vertex 2.7147 -0.82101 11.5415
    endloop
  endfacet
  facet normal 0.13928 -0.791753 0.59475
    outer loop
      vertex 2.52799 -0.563879 11.9277
      vertex 2.74567 -0.82358 11.531
      vertex 2.75029 -0.824495 11.5287
    endloop
  endfacet
  facet normal 0.227631 -0.706308 0.670308
    outer loop
      vertex 2.54594 -0.494509 11.9947
      vertex 2.52799 -0.563879 11.9277
      vertex 2.58924 -0.563879 11.9069
    endloop
  endfacet
  facet normal -0.0395889 -0.792609 0.608444
    outer loop
      vertex 2.4 -0.563879 11.9445
      vertex 2.33545 -0.563879 11.9403
      vertex 2.4 -0.623602 11.8667
    endloop
  endfacet
  facet normal -0.188254 -0.25805 0.947613
    outer loop
      vertex 2.3073 -0.241079 12.1541
      vertex 2.20962 -0.146317 12.1605
      vertex 2.21619 -0.241079 12.136
    endloop
  endfacet
  facet normal -0.653442 -0.13056 0.745633
    outer loop
      vertex 1.94441 -0.0490522 12.0437
      vertex 1.87081 -0.0490522 11.9792
      vertex 1.87986 -0.146317 11.9701
    endloop
  endfacet
  facet normal -0.322653 -0.706324 0.630081
    outer loop
      vertex 2.11806 -0.494509 11.9383
      vertex 1.99721 -0.832255 11.4978
      vertex 2.15275 -0.563879 11.8783
    endloop
  endfacet
  facet normal -0.320956 -0.707029 0.630156
    outer loop
      vertex 2.11806 -0.494509 11.9383
      vertex 1.97323 -0.840086 11.4768
      vertex 1.99721 -0.832255 11.4978
    endloop
  endfacet
  facet normal -0.32456 -0.705437 0.630095
    outer loop
      vertex 1.97323 -0.840086 11.4768
      vertex 2.11806 -0.494509 11.9383
      vertex 1.96763 -0.843226 11.4704
    endloop
  endfacet
  facet normal -0.731675 -0.475227 0.488683
    outer loop
      vertex 1.86635 -0.331716 11.8595
      vertex 1.81746 -0.331716 11.7863
      vertex 1.9 -1 11.26
    endloop
  endfacet
  facet normal -0.938881 -0.130217 0.318663
    outer loop
      vertex 1.7204 -0.146317 11.7315
      vertex 1.67711 -0.0490522 11.6437
      vertex 1.68948 -0.146317 11.6404
    endloop
  endfacet
  facet normal -0.255906 0.607997 0.751566
    outer loop
      vertex 2.25406 0.49451 11.9947
      vertex 2.16136 0.416678 12.0261
      vertex 2.2386 0.416678 12.0524
    endloop
  endfacet
  facet normal 0.427364 0.258368 0.866375
    outer loop
      vertex 2.7551 0.24108 12.065
      vertex 2.67178 0.24108 12.1061
      vertex 2.76779 0.146318 12.087
    endloop
  endfacet
  facet normal -0.828787 -0.38207 0.408822
    outer loop
      vertex 1.78495 -0.241079 11.8051
      vertex 1.74386 -0.241079 11.7218
      vertex 1.81746 -0.331716 11.7863
    endloop
  endfacet
  facet normal -0.859633 0.382775 0.338399
    outer loop
      vertex 1.9 1 11.26
      vertex 1.74386 0.24108 11.7218
      vertex 1.77855 0.331717 11.7074
    endloop
  endfacet
  facet normal -0.384012 0.498677 0.777082
    outer loop
      vertex 2.0882 0.416678 11.9901
      vertex 2.06367 0.331717 12.0325
      vertex 2.14259 0.331717 12.0715
    endloop
  endfacet
  facet normal -0.227631 0.706308 0.670308
    outer loop
      vertex 2.27201 0.56388 11.9277
      vertex 2.21076 0.56388 11.9069
      vertex 2.25406 0.49451 11.9947
    endloop
  endfacet
  facet normal -0.964001 -0.258289 0.0631621
    outer loop
      vertex 1.6707 -0.146317 11.546
      vertex 1.66441 -0.146317 11.45
      vertex 1.6898 -0.241079 11.45
    endloop
  endfacet
  facet normal -0.95377 -0.233068 -0.189744
    outer loop
      vertex 1.9 -1 11.25
      vertex 1.6707 -0.146317 11.354
      vertex 1.68948 -0.146317 11.2596
    endloop
  endfacet
  facet normal -0.889226 -0.130244 -0.438536
    outer loop
      vertex 1.76296 -0.146317 11.0822
      vertex 1.70857 -0.0490522 11.1636
      vertex 1.75187 -0.0490522 11.0758
    endloop
  endfacet
  facet normal -0.80799 0.235836 -0.539939
    outer loop
      vertex 1.81642 0.146318 11.0022
      vertex 1.76296 0.146318 11.0822
      vertex 1.9 1 11.25
    endloop
  endfacet
  facet normal -0.654532 0.130066 -0.744762
    outer loop
      vertex 1.9 0.11597 10.9069
      vertex 1.87986 0.146318 10.9299
      vertex 1.9 0.146318 10.9122
    endloop
  endfacet
  facet normal 0.634574 -0.259231 -0.72809
    outer loop
      vertex 2.9 -0.168054 10.9199
      vertex 2.90218 -0.241079 10.9478
      vertex 2.9 -0.241079 10.9459
    endloop
  endfacet
  facet normal 0.638475 -0.257979 -0.725119
    outer loop
      vertex 2.90218 -0.241079 10.9478
      vertex 2.9 -0.168054 10.9199
      vertex 2.92014 -0.146317 10.9299
    endloop
  endfacet
  facet normal 0.721041 -0.25812 -0.64302
    outer loop
      vertex 2.92014 -0.146317 10.9299
      vertex 2.9 -1 11.25
      vertex 2.90218 -0.241079 10.9478
    endloop
  endfacet
  facet normal 0.745254 -0.130288 -0.653927
    outer loop
      vertex 2.98358 -0.146317 11.0022
      vertex 2.92014 -0.146317 10.9299
      vertex 2.99374 -0.0490522 10.9944
    endloop
  endfacet
  facet normal 0.889227 -0.130246 -0.438534
    outer loop
      vertex 3.0796 -0.146317 11.1685
      vertex 3.03704 -0.146317 11.0822
      vertex 3.09143 -0.0490522 11.1636
    endloop
  endfacet
  facet normal 0.938881 0.130217 -0.318663
    outer loop
      vertex 3.12289 0.0490532 11.2563
      vertex 3.0796 0.146318 11.1685
      vertex 3.11052 0.146318 11.2596
    endloop
  endfacet
  facet normal 0.964001 -0.258289 0.0631621
    outer loop
      vertex 3.1293 -0.146317 11.546
      vertex 3.1102 -0.241079 11.45
      vertex 3.13559 -0.146317 11.45
    endloop
  endfacet
  facet normal 0.96398 -0.258349 0.0632255
    outer loop
      vertex 3.1293 -0.146317 11.546
      vertex 3.10412 -0.241079 11.5427
      vertex 3.1102 -0.241079 11.45
    endloop
  endfacet
  facet normal 0.654532 -0.130066 -0.744762
    outer loop
      vertex 2.9 -0.146317 10.9122
      vertex 2.9 -0.115969 10.9069
      vertex 2.92014 -0.146317 10.9299
    endloop
  endfacet
  facet normal 0.654105 -0.130567 -0.745049
    outer loop
      vertex 2.9 -0.115969 10.9069
      vertex 2.92919 -0.0490522 10.9208
      vertex 2.92014 -0.146317 10.9299
    endloop
  endfacet
  facet normal 0.653737 -0.130331 -0.745414
    outer loop
      vertex 2.92919 -0.0490522 10.9208
      vertex 2.9 -0.115969 10.9069
      vertex 2.9 -0.0490522 10.8952
    endloop
  endfacet
  facet normal 0.637943 -0.257134 -0.725886
    outer loop
      vertex 2.9 -0.168054 10.9199
      vertex 2.9 -0.146317 10.9122
      vertex 2.92014 -0.146317 10.9299
    endloop
  endfacet
  facet normal 0.653737 0.130331 -0.745414
    outer loop
      vertex 2.9 0.11597 10.9069
      vertex 2.92919 0.0490532 10.9208
      vertex 2.9 0.0490532 10.8952
    endloop
  endfacet
  facet normal 0.654105 0.130567 -0.745049
    outer loop
      vertex 2.92919 0.0490532 10.9208
      vertex 2.9 0.11597 10.9069
      vertex 2.92014 0.146318 10.9299
    endloop
  endfacet
  facet normal 0.947496 -0.25833 0.188459
    outer loop
      vertex 3.1293 -0.146317 11.546
      vertex 3.086 -0.241079 11.6338
      vertex 3.10412 -0.241079 11.5427
    endloop
  endfacet
  facet normal 0.92958 -0.318895 0.184896
    outer loop
      vertex 3.086 -0.241079 11.6338
      vertex 2.9 -1 11.26
      vertex 3.10412 -0.241079 11.5427
    endloop
  endfacet
  facet normal 0.828798 -0.382147 0.408727
    outer loop
      vertex 3.05614 -0.241079 11.7218
      vertex 2.98254 -0.331716 11.7863
      vertex 3.02145 -0.331716 11.7074
    endloop
  endfacet
  facet normal 0.815076 -0.417229 0.401959
    outer loop
      vertex 2.98254 -0.331716 11.7863
      vertex 2.9 -1 11.26
      vertex 3.02145 -0.331716 11.7074
    endloop
  endfacet
  facet normal -0.351688 -0.608414 0.711441
    outer loop
      vertex 2.18421 -0.494509 11.971
      vertex 2.0882 -0.416677 11.9901
      vertex 2.11806 -0.494509 11.9383
    endloop
  endfacet
  facet normal -0.866386 -0.258325 0.427368
    outer loop
      vertex 1.76296 -0.146317 11.8178
      vertex 1.74386 -0.241079 11.7218
      vertex 1.78495 -0.241079 11.8051
    endloop
  endfacet
  facet normal -0.0653799 0 0.99786
    outer loop
      vertex 2.30232 0.0490532 12.192
      vertex 2.4 -0.0490522 12.1984
      vertex 2.4 0.0490532 12.1984
    endloop
  endfacet
  facet normal -0.0653799 0 0.99786
    outer loop
      vertex 2.4 -0.0490522 12.1984
      vertex 2.30232 0.0490532 12.192
      vertex 2.30232 -0.0490522 12.192
    endloop
  endfacet
  facet normal 0.637236 0.258709 0.725947
    outer loop
      vertex 2.92014 0.146318 11.9701
      vertex 2.83234 0.24108 12.0134
      vertex 2.8478 0.146318 12.0336
    endloop
  endfacet
  facet normal 0.318426 0.129959 0.938997
    outer loop
      vertex 2.6815 0.146318 12.1296
      vertex 2.59038 0.146318 12.1605
      vertex 2.6864 0.0490532 12.1414
    endloop
  endfacet
  facet normal 0.654117 -0.129768 0.745178
    outer loop
      vertex 2.85559 -0.0490522 12.0437
      vertex 2.8478 -0.146317 12.0336
      vertex 2.92014 -0.146317 11.9701
    endloop
  endfacet
  facet normal 0.063432 0.258379 0.963959
    outer loop
      vertex 2.4927 0.24108 12.1541
      vertex 2.4 0.24108 12.1602
      vertex 2.4 0.146318 12.1856
    endloop
  endfacet
  facet normal 0.636751 -0.257941 0.726646
    outer loop
      vertex 2.92014 -0.146317 11.9701
      vertex 2.83234 -0.241079 12.0134
      vertex 2.90218 -0.241079 11.9522
    endloop
  endfacet
  facet normal 0.726107 -0.258534 0.637126
    outer loop
      vertex 2.98358 -0.146317 11.8978
      vertex 2.92014 -0.146317 11.9701
      vertex 2.96344 -0.241079 11.8823
    endloop
  endfacet
  facet normal 0.803082 -0.258497 0.536879
    outer loop
      vertex 2.98358 -0.146317 11.8978
      vertex 2.96344 -0.241079 11.8823
      vertex 3.01505 -0.241079 11.8051
    endloop
  endfacet
  facet normal 0.726597 -0.257995 0.636786
    outer loop
      vertex 2.92014 -0.146317 11.9701
      vertex 2.90218 -0.241079 11.9522
      vertex 2.96344 -0.241079 11.8823
    endloop
  endfacet
  facet normal 0.92958 0.318895 0.184896
    outer loop
      vertex 3.10412 0.24108 11.5427
      vertex 2.9 1 11.26
      vertex 3.086 0.24108 11.6338
    endloop
  endfacet
  facet normal 0.972427 0.130235 0.193455
    outer loop
      vertex 3.1293 0.146318 11.546
      vertex 3.11052 0.146318 11.6404
      vertex 3.12289 0.0490532 11.6437
    endloop
  endfacet
  facet normal 0.803082 0.258497 0.536879
    outer loop
      vertex 3.01505 0.24108 11.8051
      vertex 2.96344 0.24108 11.8823
      vertex 2.98358 0.146318 11.8978
    endloop
  endfacet
  facet normal 0.322655 0.706324 0.63008
    outer loop
      vertex 2.68194 0.49451 11.9383
      vertex 2.80279 0.832255 11.4978
      vertex 2.64725 0.56388 11.8783
    endloop
  endfacet
  facet normal 0.320955 0.70703 0.630155
    outer loop
      vertex 2.68194 0.49451 11.9383
      vertex 2.82677 0.840086 11.4768
      vertex 2.80279 0.832255 11.4978
    endloop
  endfacet
  facet normal 0.324558 0.705439 0.630094
    outer loop
      vertex 2.82677 0.840086 11.4768
      vertex 2.68194 0.49451 11.9383
      vertex 2.83237 0.843226 11.4704
    endloop
  endfacet
  facet normal 0.803221 0.258327 0.536752
    outer loop
      vertex 3.01505 0.24108 11.8051
      vertex 2.98358 0.146318 11.8978
      vertex 3.03704 0.146318 11.8178
    endloop
  endfacet
  facet normal 0.824381 -0.130286 0.550837
    outer loop
      vertex 2.99374 -0.0490522 11.9056
      vertex 2.98358 -0.146317 11.8978
      vertex 3.04813 -0.0490522 11.8242
    endloop
  endfacet
  facet normal 0.989366 -0.1302 0.0648241
    outer loop
      vertex 3.14839 -0.0490522 11.45
      vertex 3.1293 -0.146317 11.546
      vertex 3.13559 -0.146317 11.45
    endloop
  endfacet
  facet normal 0.95377 -0.233068 -0.189744
    outer loop
      vertex 3.1293 -0.146317 11.354
      vertex 2.9 -1 11.25
      vertex 3.11052 -0.146317 11.2596
    endloop
  endfacet
  facet normal 0.947498 0.258297 0.188496
    outer loop
      vertex 3.1293 0.146318 11.546
      vertex 3.086 0.24108 11.6338
      vertex 3.11052 0.146318 11.6404
    endloop
  endfacet
  facet normal 0.972427 -0.130235 0.193455
    outer loop
      vertex 3.12289 -0.0490522 11.6437
      vertex 3.11052 -0.146317 11.6404
      vertex 3.1293 -0.146317 11.546
    endloop
  endfacet
  facet normal 0.694699 -0.381695 0.609674
    outer loop
      vertex 2.96344 -0.241079 11.8823
      vertex 2.87564 -0.331716 11.9256
      vertex 2.93365 -0.331716 11.8595
    endloop
  endfacet
  facet normal 0.531102 -0.596838 0.601427
    outer loop
      vertex 2.84095 -0.416677 11.891
      vertex 2.88097 -0.880173 11.3957
      vertex 2.88971 -0.898394 11.3699
    endloop
  endfacet
  facet normal 0.522519 -0.601085 0.604707
    outer loop
      vertex 2.84095 -0.416677 11.891
      vertex 2.87348 -0.871493 11.4108
      vertex 2.88097 -0.880173 11.3957
    endloop
  endfacet
  facet normal 0.527706 -0.598579 0.602685
    outer loop
      vertex 2.87348 -0.871493 11.4108
      vertex 2.84095 -0.416677 11.891
      vertex 2.77962 -0.416677 11.9447
    endloop
  endfacet
  facet normal 0.350701 -0.607506 0.712703
    outer loop
      vertex 2.63864 -0.416677 12.0261
      vertex 2.61579 -0.494509 11.971
      vertex 2.7118 -0.416677 11.9901
    endloop
  endfacet
  facet normal 0.313671 -0.706382 0.634536
    outer loop
      vertex 2.61579 -0.494509 11.971
      vertex 2.58924 -0.563879 11.9069
      vertex 2.68194 -0.494509 11.9383
    endloop
  endfacet
  facet normal 0.409556 -0.381311 0.828774
    outer loop
      vertex 2.67178 -0.241079 12.1061
      vertex 2.65741 -0.331716 12.0715
      vertex 2.73633 -0.331716 12.0325
    endloop
  endfacet
  facet normal 0.536576 -0.258755 0.803201
    outer loop
      vertex 2.8478 -0.146317 12.0336
      vertex 2.7551 -0.241079 12.065
      vertex 2.83234 -0.241079 12.0134
    endloop
  endfacet
  facet normal 0.180654 -0.381788 0.906423
    outer loop
      vertex 2.4927 -0.241079 12.1541
      vertex 2.4878 -0.331716 12.1169
      vertex 2.5741 -0.331716 12.0997
    endloop
  endfacet
  facet normal 0.296406 -0.381269 0.875658
    outer loop
      vertex 2.67178 -0.241079 12.1061
      vertex 2.5741 -0.331716 12.0997
      vertex 2.65741 -0.331716 12.0715
    endloop
  endfacet
  facet normal 0.38242 -0.499773 0.777163
    outer loop
      vertex 2.65741 -0.331716 12.0715
      vertex 2.63864 -0.416677 12.0261
      vertex 2.7118 -0.416677 11.9901
    endloop
  endfacet
  facet normal 0.277713 -0.499763 0.820434
    outer loop
      vertex 2.65741 -0.331716 12.0715
      vertex 2.5741 -0.331716 12.0997
      vertex 2.63864 -0.416677 12.0261
    endloop
  endfacet
  facet normal 0.255906 -0.607997 0.751566
    outer loop
      vertex 2.5614 -0.416677 12.0524
      vertex 2.54594 -0.494509 11.9947
      vertex 2.63864 -0.416677 12.0261
    endloop
  endfacet
  facet normal 0.208366 -0.761648 0.613577
    outer loop
      vertex 2.75029 -0.824495 11.5287
      vertex 2.58924 -0.563879 11.9069
      vertex 2.52799 -0.563879 11.9277
    endloop
  endfacet
  facet normal 0.208621 -0.761546 0.613616
    outer loop
      vertex 2.775 -0.827556 11.5165
      vertex 2.58924 -0.563879 11.9069
      vertex 2.75029 -0.824495 11.5287
    endloop
  endfacet
  facet normal 0.223402 -0.755141 0.616323
    outer loop
      vertex 2.58924 -0.563879 11.9069
      vertex 2.775 -0.827556 11.5165
      vertex 2.77762 -0.82825 11.5147
    endloop
  endfacet
  facet normal 0.0516758 -0.607859 0.792362
    outer loop
      vertex 2.4814 -0.416677 12.0683
      vertex 2.4 -0.494509 12.0139
      vertex 2.4736 -0.494509 12.0091
    endloop
  endfacet
  facet normal 0.25523 -0.60746 0.75223
    outer loop
      vertex 2.63864 -0.416677 12.0261
      vertex 2.54594 -0.494509 11.9947
      vertex 2.61579 -0.494509 11.971
    endloop
  endfacet
  facet normal -0.313671 -0.706382 0.634536
    outer loop
      vertex 2.18421 -0.494509 11.971
      vertex 2.11806 -0.494509 11.9383
      vertex 2.21076 -0.563879 11.9069
    endloop
  endfacet
  facet normal -0.116279 -0.801681 0.586334
    outer loop
      vertex 2.29216 -0.623602 11.8525
      vertex 2.11187 -0.821035 11.5468
      vertex 2.34561 -0.623602 11.8631
    endloop
  endfacet
  facet normal -0.11775 -0.801104 0.586828
    outer loop
      vertex 2.11187 -0.821035 11.5468
      vertex 2.29216 -0.623602 11.8525
      vertex 2.08646 -0.821036 11.5417
    endloop
  endfacet
  facet normal -0.310909 -0.258054 0.914737
    outer loop
      vertex 2.20962 -0.146317 12.1605
      vertex 2.12822 -0.241079 12.1061
      vertex 2.21619 -0.241079 12.136
    endloop
  endfacet
  facet normal -0.296406 -0.381269 0.875658
    outer loop
      vertex 2.2259 -0.331716 12.0997
      vertex 2.12822 -0.241079 12.1061
      vertex 2.14259 -0.331716 12.0715
    endloop
  endfacet
  facet normal -0.25523 -0.60746 0.75223
    outer loop
      vertex 2.25406 -0.494509 11.9947
      vertex 2.16136 -0.416677 12.0261
      vertex 2.18421 -0.494509 11.971
    endloop
  endfacet
  facet normal -0.694949 -0.382235 0.60905
    outer loop
      vertex 1.89782 -0.241079 11.9522
      vertex 1.83656 -0.241079 11.8823
      vertex 1.92436 -0.331716 11.9256
    endloop
  endfacet
  facet normal -0.947498 0.258297 0.188496
    outer loop
      vertex 1.714 0.24108 11.6338
      vertex 1.6707 0.146318 11.546
      vertex 1.68948 0.146318 11.6404
    endloop
  endfacet
  facet normal -0.859633 -0.382775 0.3384
    outer loop
      vertex 1.77855 -0.331716 11.7074
      vertex 1.74386 -0.241079 11.7218
      vertex 1.9 -1 11.26
    endloop
  endfacet
  facet normal -0.636751 -0.257941 0.726646
    outer loop
      vertex 1.96766 -0.241079 12.0134
      vertex 1.87986 -0.146317 11.9701
      vertex 1.89782 -0.241079 11.9522
    endloop
  endfacet
  facet normal -0.963718 -0.266923 -0
    outer loop
      vertex 1.9 -1 11.26
      vertex 1.6898 -0.241079 11.45
      vertex 1.9 -1 11.25
    endloop
  endfacet
  facet normal -0.279402 0.498598 0.82057
    outer loop
      vertex 2.2386 0.416678 12.0524
      vertex 2.16136 0.416678 12.0261
      vertex 2.2259 0.331717 12.0997
    endloop
  endfacet
  facet normal -0.208365 0.761649 0.613576
    outer loop
      vertex 2.04971 0.824495 11.5287
      vertex 2.21076 0.56388 11.9069
      vertex 2.27201 0.56388 11.9277
    endloop
  endfacet
  facet normal -0.20862 0.761548 0.613615
    outer loop
      vertex 2.025 0.827556 11.5165
      vertex 2.21076 0.56388 11.9069
      vertex 2.04971 0.824495 11.5287
    endloop
  endfacet
  facet normal -0.223401 0.755143 0.616321
    outer loop
      vertex 2.21076 0.56388 11.9069
      vertex 2.025 0.827556 11.5165
      vertex 2.02238 0.82825 11.5147
    endloop
  endfacet
  facet normal -0.180054 0.382276 0.906336
    outer loop
      vertex 2.2259 0.331717 12.0997
      vertex 2.21619 0.24108 12.136
      vertex 2.3073 0.24108 12.1541
    endloop
  endfacet
  facet normal -0.408858 0.381877 0.828858
    outer loop
      vertex 2.06367 0.331717 12.0325
      vertex 2.0449 0.24108 12.065
      vertex 2.12822 0.24108 12.1061
    endloop
  endfacet
  facet normal -0.914801 0.258333 0.31049
    outer loop
      vertex 1.714 0.24108 11.6338
      vertex 1.68948 0.146318 11.6404
      vertex 1.7204 0.146318 11.7315
    endloop
  endfacet
  facet normal -0.310265 0.712527 0.629318
    outer loop
      vertex 2.02238 0.82825 11.5147
      vertex 2.15275 0.56388 11.8783
      vertex 2.21076 0.56388 11.9069
    endloop
  endfacet
  facet normal -0.309723 0.712775 0.629304
    outer loop
      vertex 1.99781 0.832053 11.4983
      vertex 2.15275 0.56388 11.8783
      vertex 2.02238 0.82825 11.5147
    endloop
  endfacet
  facet normal -0.277282 0.728097 0.626889
    outer loop
      vertex 2.15275 0.56388 11.8783
      vertex 1.99781 0.832053 11.4983
      vertex 1.99721 0.832255 11.4978
    endloop
  endfacet
  facet normal -0.938887 0.130246 0.318634
    outer loop
      vertex 1.7204 0.146318 11.7315
      vertex 1.67711 0.0490532 11.6437
      vertex 1.70857 0.0490532 11.7364
    endloop
  endfacet
  facet normal -0.610032 -0.381384 0.694555
    outer loop
      vertex 1.96766 -0.241079 12.0134
      vertex 1.92436 -0.331716 11.9256
      vertex 1.99051 -0.331716 11.9837
    endloop
  endfacet
  facet normal -0.550393 0.130384 0.824662
    outer loop
      vertex 2.03221 0.146318 12.087
      vertex 1.9522 0.146318 12.0336
      vertex 2.0258 0.0490532 12.0981
    endloop
  endfacet
  facet normal -0.512981 0.381328 0.769051
    outer loop
      vertex 1.99051 0.331717 11.9837
      vertex 1.96766 0.24108 12.0134
      vertex 2.06367 0.331717 12.0325
    endloop
  endfacet
  facet normal -0.118564 0.792788 0.597854
    outer loop
      vertex 2.29216 0.623603 11.8525
      vertex 2.27201 0.56388 11.9277
      vertex 2.34561 0.623603 11.8631
    endloop
  endfacet
  facet normal -0.313671 0.706382 0.634536
    outer loop
      vertex 2.21076 0.56388 11.9069
      vertex 2.11806 0.49451 11.9383
      vertex 2.18421 0.49451 11.971
    endloop
  endfacet
  facet normal -0.889227 0.130246 -0.438534
    outer loop
      vertex 1.76296 0.146318 11.0822
      vertex 1.70857 0.0490532 11.1636
      vertex 1.7204 0.146318 11.1685
    endloop
  endfacet
  facet normal -0.922868 -0.224059 -0.313228
    outer loop
      vertex 1.9 -1 11.25
      vertex 1.68948 -0.146317 11.2596
      vertex 1.7204 -0.146317 11.1685
    endloop
  endfacet
  facet normal -0.659361 0 -0.751826
    outer loop
      vertex 1.87081 -0.0490522 10.9208
      vertex 1.9 0.0490532 10.8952
      vertex 1.9 -0.0490522 10.8952
    endloop
  endfacet
  facet normal -0.659361 0 -0.751826
    outer loop
      vertex 1.9 0.0490532 10.8952
      vertex 1.87081 -0.0490522 10.9208
      vertex 1.87081 0.0490532 10.9208
    endloop
  endfacet
  facet normal -0.745254 0.130288 -0.653927
    outer loop
      vertex 1.87986 0.146318 10.9299
      vertex 1.80626 0.0490532 10.9944
      vertex 1.81642 0.146318 11.0022
    endloop
  endfacet
  facet normal -0.824386 -0.130241 -0.55084
    outer loop
      vertex 1.76296 -0.146317 11.0822
      vertex 1.75187 -0.0490522 11.0758
      vertex 1.80626 -0.0490522 10.9944
    endloop
  endfacet
  facet normal -0.873871 0.224991 -0.430961
    outer loop
      vertex 1.76296 0.146318 11.0822
      vertex 1.7204 0.146318 11.1685
      vertex 1.9 1 11.25
    endloop
  endfacet
  facet normal -0.946953 0 -0.321372
    outer loop
      vertex 1.70857 -0.0490522 11.1636
      vertex 1.67711 0.0490532 11.2563
      vertex 1.70857 0.0490532 11.1636
    endloop
  endfacet
  facet normal -0.946953 -0 -0.321372
    outer loop
      vertex 1.67711 0.0490532 11.2563
      vertex 1.70857 -0.0490522 11.1636
      vertex 1.67711 -0.0490522 11.2563
    endloop
  endfacet
  facet normal 0.946953 0 -0.321372
    outer loop
      vertex 3.12289 -0.0490522 11.2563
      vertex 3.09143 0.0490532 11.1636
      vertex 3.12289 0.0490532 11.2563
    endloop
  endfacet
  facet normal 0.946953 0 -0.321372
    outer loop
      vertex 3.09143 0.0490532 11.1636
      vertex 3.12289 -0.0490522 11.2563
      vertex 3.09143 -0.0490522 11.1636
    endloop
  endfacet
  facet normal 0.80799 -0.235835 -0.539939
    outer loop
      vertex 3.03704 -0.146317 11.0822
      vertex 2.9 -1 11.25
      vertex 2.98358 -0.146317 11.0022
    endloop
  endfacet
  facet normal 0.889227 0.130246 -0.438534
    outer loop
      vertex 3.09143 0.0490532 11.1636
      vertex 3.03704 0.146318 11.0822
      vertex 3.0796 0.146318 11.1685
    endloop
  endfacet
  facet normal 0.997861 0 -0.0653666
    outer loop
      vertex 3.14839 -0.0490522 11.45
      vertex 3.14199 0.0490532 11.3523
      vertex 3.14839 0.0490532 11.45
    endloop
  endfacet
  facet normal 0.997861 0 -0.0653666
    outer loop
      vertex 3.14199 0.0490532 11.3523
      vertex 3.14839 -0.0490522 11.45
      vertex 3.14199 -0.0490522 11.3523
    endloop
  endfacet
  facet normal 0.938881 -0.130217 -0.318663
    outer loop
      vertex 3.11052 -0.146317 11.2596
      vertex 3.0796 -0.146317 11.1685
      vertex 3.12289 -0.0490522 11.2563
    endloop
  endfacet
  facet normal 0.938887 -0.130246 -0.318634
    outer loop
      vertex 3.12289 -0.0490522 11.2563
      vertex 3.0796 -0.146317 11.1685
      vertex 3.09143 -0.0490522 11.1636
    endloop
  endfacet
  facet normal 0.95377 0.233068 -0.189744
    outer loop
      vertex 3.11052 0.146318 11.2596
      vertex 2.9 1 11.25
      vertex 3.1293 0.146318 11.354
    endloop
  endfacet
  facet normal 0.972427 0.130235 -0.193455
    outer loop
      vertex 3.12289 0.0490532 11.2563
      vertex 3.11052 0.146318 11.2596
      vertex 3.1293 0.146318 11.354
    endloop
  endfacet
  facet normal 0.745386 -0.130517 -0.653732
    outer loop
      vertex 2.99374 -0.0490522 10.9944
      vertex 2.92014 -0.146317 10.9299
      vertex 2.92919 -0.0490522 10.9208
    endloop
  endfacet
  facet normal 0.751817 0 -0.659372
    outer loop
      vertex 2.99374 -0.0490522 10.9944
      vertex 2.92919 0.0490532 10.9208
      vertex 2.99374 0.0490532 10.9944
    endloop
  endfacet
  facet normal 0.751817 0 -0.659372
    outer loop
      vertex 2.92919 0.0490532 10.9208
      vertex 2.99374 -0.0490522 10.9944
      vertex 2.92919 -0.0490522 10.9208
    endloop
  endfacet
  facet normal 0.628965 0.289168 -0.721654
    outer loop
      vertex 2.90218 0.24108 10.9478
      vertex 2.9 0.24108 10.9459
      vertex 2.9 1 11.25
    endloop
  endfacet
  facet normal 0.721041 0.25812 -0.643019
    outer loop
      vertex 2.90218 0.24108 10.9478
      vertex 2.9 1 11.25
      vertex 2.92014 0.146318 10.9299
    endloop
  endfacet
  facet normal 0.654532 0.130066 -0.744762
    outer loop
      vertex 2.92014 0.146318 10.9299
      vertex 2.9 0.11597 10.9069
      vertex 2.9 0.146318 10.9122
    endloop
  endfacet
  facet normal 0.957659 -0.28097 0.0628109
    outer loop
      vertex 3.10412 -0.241079 11.5427
      vertex 2.9 -1 11.26
      vertex 3.1102 -0.241079 11.45
    endloop
  endfacet
  facet normal 0.963718 -0.266923 0
    outer loop
      vertex 2.9 -1 11.26
      vertex 2.9 -1 11.25
      vertex 3.1102 -0.241079 11.45
    endloop
  endfacet
  facet normal -0.0648225 -0.130294 0.989354
    outer loop
      vertex 2.4 -0.0490522 12.1984
      vertex 2.30232 -0.0490522 12.192
      vertex 2.30399 -0.146317 12.1793
    endloop
  endfacet
  facet normal -0.188734 -0.25853 0.947387
    outer loop
      vertex 2.30399 -0.146317 12.1793
      vertex 2.20962 -0.146317 12.1605
      vertex 2.3073 -0.241079 12.1541
    endloop
  endfacet
  facet normal 0.321738 0 0.946829
    outer loop
      vertex 2.5937 0.0490532 12.1729
      vertex 2.6864 -0.0490522 12.1414
      vertex 2.6864 0.0490532 12.1414
    endloop
  endfacet
  facet normal 0.321738 0 0.946829
    outer loop
      vertex 2.6864 -0.0490522 12.1414
      vertex 2.5937 0.0490532 12.1729
      vertex 2.5937 -0.0490522 12.1729
    endloop
  endfacet
  facet normal 0.0609276 -0.381598 0.922318
    outer loop
      vertex 2.4 -0.241079 12.1602
      vertex 2.4 -0.331716 12.1227
      vertex 2.4878 -0.331716 12.1169
    endloop
  endfacet
  facet normal 0.570597 0.499745 0.65167
    outer loop
      vertex 2.84095 0.416678 11.891
      vertex 2.77962 0.416678 11.9447
      vertex 2.80949 0.331717 11.9837
    endloop
  endfacet
  facet normal 0.634492 0.537073 0.555852
    outer loop
      vertex 2.89474 0.416678 11.8296
      vertex 2.88971 0.898394 11.3699
      vertex 2.84095 0.416678 11.891
    endloop
  endfacet
  facet normal 0.628986 0.540141 0.559128
    outer loop
      vertex 2.88971 0.898394 11.3699
      vertex 2.89474 0.416678 11.8296
      vertex 2.89149 0.901704 11.3647
    endloop
  endfacet
  facet normal 0.618651 0.546014 0.564925
    outer loop
      vertex 2.89786 0.927356 11.3326
      vertex 2.89474 0.416678 11.8296
      vertex 2.89957 0.952319 11.3066
    endloop
  endfacet
  facet normal 0.636772 0.535765 0.554507
    outer loop
      vertex 2.89149 0.901704 11.3647
      vertex 2.89474 0.416678 11.8296
      vertex 2.89786 0.927356 11.3326
    endloop
  endfacet
  facet normal -0.193424 0.130569 0.972388
    outer loop
      vertex 2.20962 0.146318 12.1605
      vertex 2.2063 0.0490532 12.1729
      vertex 2.30232 0.0490532 12.192
    endloop
  endfacet
  facet normal -0.06492 0.130199 0.98936
    outer loop
      vertex 2.4 0.146318 12.1856
      vertex 2.30399 0.146318 12.1793
      vertex 2.4 0.0490532 12.1984
    endloop
  endfacet
  facet normal 0.550393 -0.130384 0.824662
    outer loop
      vertex 2.7742 -0.0490522 12.0981
      vertex 2.76779 -0.146317 12.087
      vertex 2.8478 -0.146317 12.0336
    endloop
  endfacet
  facet normal 0.438898 -0.130382 0.889027
    outer loop
      vertex 2.7742 -0.0490522 12.0981
      vertex 2.6815 -0.146317 12.1296
      vertex 2.76779 -0.146317 12.087
    endloop
  endfacet
  facet normal 0.310909 0.258054 0.914737
    outer loop
      vertex 2.67178 0.24108 12.1061
      vertex 2.58381 0.24108 12.136
      vertex 2.59038 0.146318 12.1605
    endloop
  endfacet
  facet normal 0.310219 0.25868 0.914795
    outer loop
      vertex 2.67178 0.24108 12.1061
      vertex 2.59038 0.146318 12.1605
      vertex 2.6815 0.146318 12.1296
    endloop
  endfacet
  facet normal 0.831468 -0 0.555572
    outer loop
      vertex 2.99374 -0.0490522 11.9056
      vertex 3.04813 0.0490532 11.8242
      vertex 2.99374 0.0490532 11.9056
    endloop
  endfacet
  facet normal 0.831468 0 0.555572
    outer loop
      vertex 3.04813 0.0490532 11.8242
      vertex 2.99374 -0.0490522 11.9056
      vertex 3.04813 -0.0490522 11.8242
    endloop
  endfacet
  facet normal 0.442304 0 0.896865
    outer loop
      vertex 2.6864 0.0490532 12.1414
      vertex 2.7742 -0.0490522 12.0981
      vertex 2.7742 0.0490532 12.0981
    endloop
  endfacet
  facet normal 0.442304 0 0.896865
    outer loop
      vertex 2.7742 -0.0490522 12.0981
      vertex 2.6864 0.0490532 12.1414
      vertex 2.6864 -0.0490522 12.1414
    endloop
  endfacet
  facet normal 0.651427 -0.498803 0.571698
    outer loop
      vertex 2.87564 -0.331716 11.9256
      vertex 2.84095 -0.416677 11.891
      vertex 2.93365 -0.331716 11.8595
    endloop
  endfacet
  facet normal 0.768599 -0.381751 0.513344
    outer loop
      vertex 2.96344 -0.241079 11.8823
      vertex 2.93365 -0.331716 11.8595
      vertex 2.98254 -0.331716 11.7863
    endloop
  endfacet
  facet normal 0.550994 0.129732 0.824364
    outer loop
      vertex 2.8478 0.146318 12.0336
      vertex 2.7742 0.0490532 12.0981
      vertex 2.85559 0.0490532 12.0437
    endloop
  endfacet
  facet normal 0.726107 0.258534 0.637126
    outer loop
      vertex 2.96344 0.24108 11.8823
      vertex 2.92014 0.146318 11.9701
      vertex 2.98358 0.146318 11.8978
    endloop
  endfacet
  facet normal 0.972421 -0.130252 0.193471
    outer loop
      vertex 3.14199 -0.0490522 11.5477
      vertex 3.12289 -0.0490522 11.6437
      vertex 3.1293 -0.146317 11.546
    endloop
  endfacet
  facet normal 0.82436 -0.13024 0.550879
    outer loop
      vertex 3.04813 -0.0490522 11.8242
      vertex 2.98358 -0.146317 11.8978
      vertex 3.03704 -0.146317 11.8178
    endloop
  endfacet
  facet normal 0.896865 -0 0.442304
    outer loop
      vertex 3.04813 -0.0490522 11.8242
      vertex 3.09143 0.0490532 11.7364
      vertex 3.04813 0.0490532 11.8242
    endloop
  endfacet
  facet normal 0.896865 0 0.442304
    outer loop
      vertex 3.09143 0.0490532 11.7364
      vertex 3.04813 -0.0490522 11.8242
      vertex 3.09143 -0.0490522 11.7364
    endloop
  endfacet
  facet normal 0.989365 0.130214 0.06481
    outer loop
      vertex 3.14839 0.0490532 11.45
      vertex 3.1293 0.146318 11.546
      vertex 3.14199 0.0490532 11.5477
    endloop
  endfacet
  facet normal 0.882143 0.363631 0.299327
    outer loop
      vertex 3.086 0.24108 11.6338
      vertex 2.9 1 11.26
      vertex 3.05614 0.24108 11.7218
    endloop
  endfacet
  facet normal 0.965737 0.25169 -0.0632759
    outer loop
      vertex 3.1293 0.146318 11.354
      vertex 2.9 1 11.25
      vertex 3.13559 0.146318 11.45
    endloop
  endfacet
  facet normal 0.947496 0.25833 0.188459
    outer loop
      vertex 3.10412 0.24108 11.5427
      vertex 3.086 0.24108 11.6338
      vertex 3.1293 0.146318 11.546
    endloop
  endfacet
  facet normal 0.651681 -0.499372 0.570911
    outer loop
      vertex 2.93365 -0.331716 11.8595
      vertex 2.84095 -0.416677 11.891
      vertex 2.89474 -0.416677 11.8296
    endloop
  endfacet
  facet normal 0.634493 -0.537073 0.555853
    outer loop
      vertex 2.88971 -0.898394 11.3699
      vertex 2.89474 -0.416677 11.8296
      vertex 2.84095 -0.416677 11.891
    endloop
  endfacet
  facet normal 0.628988 -0.54014 0.559127
    outer loop
      vertex 2.89149 -0.901704 11.3647
      vertex 2.89474 -0.416677 11.8296
      vertex 2.88971 -0.898394 11.3699
    endloop
  endfacet
  facet normal 0.636775 -0.535762 0.554506
    outer loop
      vertex 2.89786 -0.927356 11.3326
      vertex 2.89474 -0.416677 11.8296
      vertex 2.89149 -0.901704 11.3647
    endloop
  endfacet
  facet normal 0.618879 -0.545888 0.564797
    outer loop
      vertex 2.89474 -0.416677 11.8296
      vertex 2.89786 -0.927356 11.3326
      vertex 2.89957 -0.952318 11.3066
    endloop
  endfacet
  facet normal 0.694949 -0.382235 0.60905
    outer loop
      vertex 2.90218 -0.241079 11.9522
      vertex 2.87564 -0.331716 11.9256
      vertex 2.96344 -0.241079 11.8823
    endloop
  endfacet
  facet normal 0.608995 -0.382283 0.694971
    outer loop
      vertex 2.90218 -0.241079 11.9522
      vertex 2.83234 -0.241079 12.0134
      vertex 2.87564 -0.331716 11.9256
    endloop
  endfacet
  facet normal 0.440726 -0.607459 0.660874
    outer loop
      vertex 2.77962 -0.416677 11.9447
      vertex 2.68194 -0.494509 11.9383
      vertex 2.74327 -0.494509 11.8974
    endloop
  endfacet
  facet normal 0.417141 -0.659344 0.625507
    outer loop
      vertex 2.83237 -0.843226 11.4704
      vertex 2.74327 -0.494509 11.8974
      vertex 2.68194 -0.494509 11.9383
    endloop
  endfacet
  facet normal 0.417924 -0.658977 0.625371
    outer loop
      vertex 2.84833 -0.850376 11.4522
      vertex 2.74327 -0.494509 11.8974
      vertex 2.83237 -0.843226 11.4704
    endloop
  endfacet
  facet normal 0.424454 -0.655767 0.624346
    outer loop
      vertex 2.74327 -0.494509 11.8974
      vertex 2.84833 -0.850376 11.4522
      vertex 2.85531 -0.855855 11.4417
    endloop
  endfacet
  facet normal 0.318984 -0.130563 0.938724
    outer loop
      vertex 2.5937 -0.0490522 12.1729
      vertex 2.59038 -0.146317 12.1605
      vertex 2.6864 -0.0490522 12.1414
    endloop
  endfacet
  facet normal 0.536284 -0.258362 0.803522
    outer loop
      vertex 2.76779 -0.146317 12.087
      vertex 2.7551 -0.241079 12.065
      vertex 2.8478 -0.146317 12.0336
    endloop
  endfacet
  facet normal 0.481822 -0.499791 0.719762
    outer loop
      vertex 2.80949 -0.331716 11.9837
      vertex 2.7118 -0.416677 11.9901
      vertex 2.77962 -0.416677 11.9447
    endloop
  endfacet
  facet normal 0.570597 -0.499745 0.65167
    outer loop
      vertex 2.80949 -0.331716 11.9837
      vertex 2.77962 -0.416677 11.9447
      vertex 2.84095 -0.416677 11.891
    endloop
  endfacet
  facet normal 0.0562843 -0.499572 0.864442
    outer loop
      vertex 2.4 -0.331716 12.1227
      vertex 2.4 -0.416677 12.0736
      vertex 2.4814 -0.416677 12.0683
    endloop
  endfacet
  facet normal 0.279402 -0.498598 0.82057
    outer loop
      vertex 2.5741 -0.331716 12.0997
      vertex 2.5614 -0.416677 12.0524
      vertex 2.63864 -0.416677 12.0261
    endloop
  endfacet
  facet normal 0.313166 -0.706008 0.635201
    outer loop
      vertex 2.68194 -0.494509 11.9383
      vertex 2.58924 -0.563879 11.9069
      vertex 2.64725 -0.563879 11.8783
    endloop
  endfacet
  facet normal 0.310266 -0.712525 0.629319
    outer loop
      vertex 2.77762 -0.82825 11.5147
      vertex 2.64725 -0.563879 11.8783
      vertex 2.58924 -0.563879 11.9069
    endloop
  endfacet
  facet normal 0.309724 -0.712773 0.629305
    outer loop
      vertex 2.80219 -0.832053 11.4983
      vertex 2.64725 -0.563879 11.8783
      vertex 2.77762 -0.82825 11.5147
    endloop
  endfacet
  facet normal 0.277284 -0.728095 0.626891
    outer loop
      vertex 2.64725 -0.563879 11.8783
      vertex 2.80219 -0.832053 11.4983
      vertex 2.80279 -0.832255 11.4978
    endloop
  endfacet
  facet normal 0.0362856 -0.83555 0.548215
    outer loop
      vertex 2.66163 -0.820556 11.5492
      vertex 2.45439 -0.623602 11.8631
      vertex 2.4 -0.623602 11.8667
    endloop
  endfacet
  facet normal 0.0338943 -0.836354 0.547141
    outer loop
      vertex 2.68264 -0.820555 11.5479
      vertex 2.45439 -0.623602 11.8631
      vertex 2.66163 -0.820556 11.5492
    endloop
  endfacet
  facet normal 0.0368978 -0.835252 0.548627
    outer loop
      vertex 2.45439 -0.623602 11.8631
      vertex 2.68264 -0.820555 11.5479
      vertex 2.68813 -0.821035 11.5468
    endloop
  endfacet
  facet normal 0.0402474 -0.792861 0.608072
    outer loop
      vertex 2.46455 -0.563879 11.9403
      vertex 2.4 -0.623602 11.8667
      vertex 2.45439 -0.623602 11.8631
    endloop
  endfacet
  facet normal -0.04595 -0.706513 0.706207
    outer loop
      vertex 2.4 -0.494509 12.0139
      vertex 2.33545 -0.563879 11.9403
      vertex 2.4 -0.563879 11.9445
    endloop
  endfacet
  facet normal 0.04606 -0.706459 0.706253
    outer loop
      vertex 2.4736 -0.494509 12.0091
      vertex 2.4 -0.494509 12.0139
      vertex 2.46455 -0.563879 11.9403
    endloop
  endfacet
  facet normal -0.957659 -0.28097 0.0628109
    outer loop
      vertex 1.69588 -0.241079 11.5427
      vertex 1.6898 -0.241079 11.45
      vertex 1.9 -1 11.26
    endloop
  endfacet
  facet normal -0.0515941 -0.607806 0.792408
    outer loop
      vertex 2.4 -0.416677 12.0736
      vertex 2.3186 -0.416677 12.0683
      vertex 2.4 -0.494509 12.0139
    endloop
  endfacet
  facet normal -0.118718 -0.792853 0.597738
    outer loop
      vertex 2.33545 -0.563879 11.9403
      vertex 2.27201 -0.563879 11.9277
      vertex 2.34561 -0.623602 11.8631
    endloop
  endfacet
  facet normal -0.227425 -0.706401 0.67028
    outer loop
      vertex 2.25406 -0.494509 11.9947
      vertex 2.18421 -0.494509 11.971
      vertex 2.21076 -0.563879 11.9069
    endloop
  endfacet
  facet normal -0.571975 -0.498749 0.651225
    outer loop
      vertex 1.99051 -0.331716 11.9837
      vertex 1.92436 -0.331716 11.9256
      vertex 1.95905 -0.416677 11.891
    endloop
  endfacet
  facet normal -0.480976 -0.498719 0.72107
    outer loop
      vertex 2.06367 -0.331716 12.0325
      vertex 1.99051 -0.331716 11.9837
      vertex 2.0882 -0.416677 11.9901
    endloop
  endfacet
  facet normal -0.441511 -0.608334 0.659543
    outer loop
      vertex 2.0882 -0.416677 11.9901
      vertex 2.02038 -0.416677 11.9447
      vertex 2.11806 -0.494509 11.9383
    endloop
  endfacet
  facet normal -0.0606875 -0.381799 0.922251
    outer loop
      vertex 2.4 -0.241079 12.1602
      vertex 2.3073 -0.241079 12.1541
      vertex 2.3122 -0.331716 12.1169
    endloop
  endfacet
  facet normal -0.169393 -0.498938 0.849921
    outer loop
      vertex 2.3122 -0.331716 12.1169
      vertex 2.2259 -0.331716 12.0997
      vertex 2.3186 -0.416677 12.0683
    endloop
  endfacet
  facet normal -0.972427 -0.130235 0.193455
    outer loop
      vertex 1.67711 -0.0490522 11.6437
      vertex 1.6707 -0.146317 11.546
      vertex 1.68948 -0.146317 11.6404
    endloop
  endfacet
  facet normal -0.947498 -0.258297 0.188496
    outer loop
      vertex 1.68948 -0.146317 11.6404
      vertex 1.6707 -0.146317 11.546
      vertex 1.714 -0.241079 11.6338
    endloop
  endfacet
  facet normal -0.96398 -0.258349 0.0632255
    outer loop
      vertex 1.69588 -0.241079 11.5427
      vertex 1.6707 -0.146317 11.546
      vertex 1.6898 -0.241079 11.45
    endloop
  endfacet
  facet normal -0.513395 0.381882 0.7685
    outer loop
      vertex 2.06367 0.331717 12.0325
      vertex 1.96766 0.24108 12.0134
      vertex 2.0449 0.24108 12.065
    endloop
  endfacet
  facet normal -0.989366 0.1302 -0.0648241
    outer loop
      vertex 1.6707 0.146318 11.354
      vertex 1.65161 0.0490532 11.45
      vertex 1.66441 0.146318 11.45
    endloop
  endfacet
  facet normal -0.726107 -0.258534 0.637126
    outer loop
      vertex 1.87986 -0.146317 11.9701
      vertex 1.81642 -0.146317 11.8978
      vertex 1.83656 -0.241079 11.8823
    endloop
  endfacet
  facet normal -0.441511 0.608334 0.659543
    outer loop
      vertex 2.11806 0.49451 11.9383
      vertex 2.02038 0.416678 11.9447
      vertex 2.0882 0.416678 11.9901
    endloop
  endfacet
  facet normal -0.438552 0.129977 0.889257
    outer loop
      vertex 2.1185 0.146318 12.1296
      vertex 2.0258 0.0490532 12.0981
      vertex 2.1136 0.0490532 12.1414
    endloop
  endfacet
  facet normal -0.989365 -0.130214 -0.06481
    outer loop
      vertex 1.6707 -0.146317 11.354
      vertex 1.65161 -0.0490522 11.45
      vertex 1.65801 -0.0490522 11.3523
    endloop
  endfacet
  facet normal -0.947496 -0.25833 0.188459
    outer loop
      vertex 1.714 -0.241079 11.6338
      vertex 1.6707 -0.146317 11.546
      vertex 1.69588 -0.241079 11.5427
    endloop
  endfacet
  facet normal -0.82436 0.13024 0.550879
    outer loop
      vertex 1.76296 0.146318 11.8178
      vertex 1.75187 0.0490532 11.8242
      vertex 1.81642 0.146318 11.8978
    endloop
  endfacet
  facet normal -0.831468 0 0.555572
    outer loop
      vertex 1.75187 -0.0490522 11.8242
      vertex 1.80626 0.0490532 11.9056
      vertex 1.75187 0.0490532 11.8242
    endloop
  endfacet
  facet normal -0.831468 0 0.555572
    outer loop
      vertex 1.80626 0.0490532 11.9056
      vertex 1.75187 -0.0490522 11.8242
      vertex 1.80626 -0.0490522 11.9056
    endloop
  endfacet
  facet normal -0.914844 0.258261 0.310423
    outer loop
      vertex 1.74386 0.24108 11.7218
      vertex 1.714 0.24108 11.6338
      vertex 1.7204 0.146318 11.7315
    endloop
  endfacet
  facet normal -0.803082 0.258497 0.536879
    outer loop
      vertex 1.83656 0.24108 11.8823
      vertex 1.78495 0.24108 11.8051
      vertex 1.81642 0.146318 11.8978
    endloop
  endfacet
  facet normal -0.803221 -0.258327 0.536752
    outer loop
      vertex 1.81642 -0.146317 11.8978
      vertex 1.76296 -0.146317 11.8178
      vertex 1.78495 -0.241079 11.8051
    endloop
  endfacet
  facet normal -0.889227 0.130246 0.438534
    outer loop
      vertex 1.7204 0.146318 11.7315
      vertex 1.70857 0.0490532 11.7364
      vertex 1.76296 0.146318 11.8178
    endloop
  endfacet
  facet normal -0.828798 0.382147 0.408727
    outer loop
      vertex 1.77855 0.331717 11.7074
      vertex 1.74386 0.24108 11.7218
      vertex 1.81746 0.331717 11.7863
    endloop
  endfacet
  facet normal -0.947496 0.25833 0.188459
    outer loop
      vertex 1.69588 0.24108 11.5427
      vertex 1.6707 0.146318 11.546
      vertex 1.714 0.24108 11.6338
    endloop
  endfacet
  facet normal -0.119217 0.800471 0.587395
    outer loop
      vertex 2.0853 0.82101 11.5415
      vertex 2.29216 0.623603 11.8525
      vertex 2.08646 0.821036 11.5417
    endloop
  endfacet
  facet normal -0.13554 0.793225 0.593652
    outer loop
      vertex 2.29216 0.623603 11.8525
      vertex 2.0853 0.82101 11.5415
      vertex 2.27201 0.56388 11.9277
    endloop
  endfacet
  facet normal -0.135434 0.793263 0.593626
    outer loop
      vertex 2.05433 0.82358 11.531
      vertex 2.27201 0.56388 11.9277
      vertex 2.0853 0.82101 11.5415
    endloop
  endfacet
  facet normal -0.139278 0.791755 0.594749
    outer loop
      vertex 2.27201 0.56388 11.9277
      vertex 2.05433 0.82358 11.531
      vertex 2.04971 0.824495 11.5287
    endloop
  endfacet
  facet normal -0.815076 0.41723 0.401959
    outer loop
      vertex 1.9 1 11.26
      vertex 1.77855 0.331717 11.7074
      vertex 1.81746 0.331717 11.7863
    endloop
  endfacet
  facet normal -0.873872 -0.224991 -0.430961
    outer loop
      vertex 1.9 -1 11.25
      vertex 1.7204 -0.146317 11.1685
      vertex 1.76296 -0.146317 11.0822
    endloop
  endfacet
  facet normal -0.721041 0.25812 -0.643019
    outer loop
      vertex 1.89782 0.24108 10.9478
      vertex 1.87986 0.146318 10.9299
      vertex 1.9 1 11.25
    endloop
  endfacet
  facet normal -0.628965 0.289168 -0.721654
    outer loop
      vertex 1.9 0.24108 10.9459
      vertex 1.89782 0.24108 10.9478
      vertex 1.9 1 11.25
    endloop
  endfacet
  facet normal -0.972421 -0.130252 -0.193471
    outer loop
      vertex 1.6707 -0.146317 11.354
      vertex 1.65801 -0.0490522 11.3523
      vertex 1.67711 -0.0490522 11.2563
    endloop
  endfacet
  facet normal -0.965737 0.25169 -0.0632759
    outer loop
      vertex 1.6707 0.146318 11.354
      vertex 1.66441 0.146318 11.45
      vertex 1.9 1 11.25
    endloop
  endfacet
  facet normal -0.989365 0.130214 -0.06481
    outer loop
      vertex 1.65801 0.0490532 11.3523
      vertex 1.65161 0.0490532 11.45
      vertex 1.6707 0.146318 11.354
    endloop
  endfacet
  facet normal 0.980777 0 -0.195134
    outer loop
      vertex 3.14199 -0.0490522 11.3523
      vertex 3.12289 0.0490532 11.2563
      vertex 3.14199 0.0490532 11.3523
    endloop
  endfacet
  facet normal 0.980777 0 -0.195134
    outer loop
      vertex 3.12289 0.0490532 11.2563
      vertex 3.14199 -0.0490522 11.3523
      vertex 3.12289 -0.0490522 11.2563
    endloop
  endfacet
  facet normal 0.989366 -0.1302 -0.0648241
    outer loop
      vertex 3.13559 -0.146317 11.45
      vertex 3.1293 -0.146317 11.354
      vertex 3.14839 -0.0490522 11.45
    endloop
  endfacet
  facet normal 0.965737 -0.251689 -0.0632759
    outer loop
      vertex 3.13559 -0.146317 11.45
      vertex 2.9 -1 11.25
      vertex 3.1293 -0.146317 11.354
    endloop
  endfacet
  facet normal 0.972421 0.130252 -0.193471
    outer loop
      vertex 3.14199 0.0490532 11.3523
      vertex 3.12289 0.0490532 11.2563
      vertex 3.1293 0.146318 11.354
    endloop
  endfacet
  facet normal 0.989365 0.130214 -0.06481
    outer loop
      vertex 3.14199 0.0490532 11.3523
      vertex 3.1293 0.146318 11.354
      vertex 3.14839 0.0490532 11.45
    endloop
  endfacet
  facet normal 0.922868 -0.224059 -0.313228
    outer loop
      vertex 3.11052 -0.146317 11.2596
      vertex 2.9 -1 11.25
      vertex 3.0796 -0.146317 11.1685
    endloop
  endfacet
  facet normal 0.824386 -0.130241 -0.55084
    outer loop
      vertex 3.03704 -0.146317 11.0822
      vertex 2.99374 -0.0490522 10.9944
      vertex 3.04813 -0.0490522 11.0758
    endloop
  endfacet
  facet normal 0.889226 0.130244 -0.438536
    outer loop
      vertex 3.04813 0.0490532 11.0758
      vertex 3.03704 0.146318 11.0822
      vertex 3.09143 0.0490532 11.1636
    endloop
  endfacet
  facet normal 0.972421 -0.130252 -0.193471
    outer loop
      vertex 3.1293 -0.146317 11.354
      vertex 3.12289 -0.0490522 11.2563
      vertex 3.14199 -0.0490522 11.3523
    endloop
  endfacet
  facet normal 0.972427 -0.130235 -0.193455
    outer loop
      vertex 3.1293 -0.146317 11.354
      vertex 3.11052 -0.146317 11.2596
      vertex 3.12289 -0.0490522 11.2563
    endloop
  endfacet
  facet normal 0.831468 0 -0.555572
    outer loop
      vertex 3.04813 -0.0490522 11.0758
      vertex 2.99374 0.0490532 10.9944
      vertex 3.04813 0.0490532 11.0758
    endloop
  endfacet
  facet normal 0.831468 0 -0.555572
    outer loop
      vertex 2.99374 0.0490532 10.9944
      vertex 3.04813 -0.0490522 11.0758
      vertex 2.99374 -0.0490522 10.9944
    endloop
  endfacet
  facet normal -0.409556 -0.381311 0.828774
    outer loop
      vertex 2.12822 -0.241079 12.1061
      vertex 2.06367 -0.331716 12.0325
      vertex 2.14259 -0.331716 12.0715
    endloop
  endfacet
  facet normal -0.0571241 -0.498959 0.864741
    outer loop
      vertex 2.4 -0.331716 12.1227
      vertex 2.3122 -0.331716 12.1169
      vertex 2.3186 -0.416677 12.0683
    endloop
  endfacet
  facet normal 0.310909 -0.258054 0.914737
    outer loop
      vertex 2.59038 -0.146317 12.1605
      vertex 2.58381 -0.241079 12.136
      vertex 2.67178 -0.241079 12.1061
    endloop
  endfacet
  facet normal -0.318984 -0.130563 0.938724
    outer loop
      vertex 2.2063 -0.0490522 12.1729
      vertex 2.1136 -0.0490522 12.1414
      vertex 2.20962 -0.146317 12.1605
    endloop
  endfacet
  facet normal 0.188734 -0.25853 0.947387
    outer loop
      vertex 2.49601 -0.146317 12.1793
      vertex 2.4927 -0.241079 12.1541
      vertex 2.59038 -0.146317 12.1605
    endloop
  endfacet
  facet normal 0.180054 -0.382276 0.906336
    outer loop
      vertex 2.58381 -0.241079 12.136
      vertex 2.4927 -0.241079 12.1541
      vertex 2.5741 -0.331716 12.0997
    endloop
  endfacet
  facet normal 0.0648225 -0.130294 0.989354
    outer loop
      vertex 2.49768 -0.0490522 12.192
      vertex 2.4 -0.0490522 12.1984
      vertex 2.49601 -0.146317 12.1793
    endloop
  endfacet
  facet normal 0.188254 -0.25805 0.947613
    outer loop
      vertex 2.59038 -0.146317 12.1605
      vertex 2.4927 -0.241079 12.1541
      vertex 2.58381 -0.241079 12.136
    endloop
  endfacet
  facet normal -0.180654 0.381788 0.906423
    outer loop
      vertex 2.3122 0.331717 12.1169
      vertex 2.2259 0.331717 12.0997
      vertex 2.3073 0.24108 12.1541
    endloop
  endfacet
  facet normal 0.208365 0.761649 0.613576
    outer loop
      vertex 2.58924 0.56388 11.9069
      vertex 2.75029 0.824495 11.5287
      vertex 2.52799 0.56388 11.9277
    endloop
  endfacet
  facet normal 0.20862 0.761548 0.613615
    outer loop
      vertex 2.58924 0.56388 11.9069
      vertex 2.775 0.827556 11.5165
      vertex 2.75029 0.824495 11.5287
    endloop
  endfacet
  facet normal 0.223401 0.755143 0.616321
    outer loop
      vertex 2.775 0.827556 11.5165
      vertex 2.58924 0.56388 11.9069
      vertex 2.77762 0.82825 11.5147
    endloop
  endfacet
  facet normal -0.0516758 0.607859 0.792362
    outer loop
      vertex 2.3264 0.49451 12.0091
      vertex 2.3186 0.416678 12.0683
      vertex 2.4 0.49451 12.0139
    endloop
  endfacet
  facet normal 0.296406 0.381269 0.875658
    outer loop
      vertex 2.65741 0.331717 12.0715
      vertex 2.5741 0.331717 12.0997
      vertex 2.67178 0.24108 12.1061
    endloop
  endfacet
  facet normal 0.0648225 0.130294 0.989354
    outer loop
      vertex 2.49601 0.146318 12.1793
      vertex 2.4 0.0490532 12.1984
      vertex 2.49768 0.0490532 12.192
    endloop
  endfacet
  facet normal 0.154765 0.608018 0.778693
    outer loop
      vertex 2.54594 0.49451 11.9947
      vertex 2.4814 0.416678 12.0683
      vertex 2.5614 0.416678 12.0524
    endloop
  endfacet
  facet normal -0.296406 0.381269 0.875658
    outer loop
      vertex 2.14259 0.331717 12.0715
      vertex 2.12822 0.24108 12.1061
      vertex 2.2259 0.331717 12.0997
    endloop
  endfacet
  facet normal -0.653442 0.13056 0.745633
    outer loop
      vertex 1.87986 0.146318 11.9701
      vertex 1.87081 0.0490532 11.9792
      vertex 1.94441 0.0490532 12.0437
    endloop
  endfacet
  facet normal -0.0606875 0.381799 0.922251
    outer loop
      vertex 2.3122 0.331717 12.1169
      vertex 2.3073 0.24108 12.1541
      vertex 2.4 0.24108 12.1602
    endloop
  endfacet
  facet normal 0.438552 0.129977 0.889257
    outer loop
      vertex 2.7742 0.0490532 12.0981
      vertex 2.6815 0.146318 12.1296
      vertex 2.6864 0.0490532 12.1414
    endloop
  endfacet
  facet normal 0.408858 0.381877 0.828858
    outer loop
      vertex 2.73633 0.331717 12.0325
      vertex 2.67178 0.24108 12.1061
      vertex 2.7551 0.24108 12.065
    endloop
  endfacet
  facet normal 0.694699 0.381695 0.609674
    outer loop
      vertex 2.93365 0.331717 11.8595
      vertex 2.87564 0.331717 11.9256
      vertex 2.96344 0.24108 11.8823
    endloop
  endfacet
  facet normal 0.653442 -0.13056 0.745633
    outer loop
      vertex 2.92919 -0.0490522 11.9792
      vertex 2.85559 -0.0490522 12.0437
      vertex 2.92014 -0.146317 11.9701
    endloop
  endfacet
  facet normal 0.745386 -0.130517 0.653732
    outer loop
      vertex 2.92919 -0.0490522 11.9792
      vertex 2.92014 -0.146317 11.9701
      vertex 2.99374 -0.0490522 11.9056
    endloop
  endfacet
  facet normal 0.550393 0.130384 0.824662
    outer loop
      vertex 2.8478 0.146318 12.0336
      vertex 2.76779 0.146318 12.087
      vertex 2.7742 0.0490532 12.0981
    endloop
  endfacet
  facet normal 0.536284 0.258362 0.803522
    outer loop
      vertex 2.8478 0.146318 12.0336
      vertex 2.7551 0.24108 12.065
      vertex 2.76779 0.146318 12.087
    endloop
  endfacet
  facet normal 0.866445 -0.258243 0.427299
    outer loop
      vertex 3.0796 -0.146317 11.7315
      vertex 3.03704 -0.146317 11.8178
      vertex 3.05614 -0.241079 11.7218
    endloop
  endfacet
  facet normal 0.914844 -0.258261 0.310423
    outer loop
      vertex 3.0796 -0.146317 11.7315
      vertex 3.05614 -0.241079 11.7218
      vertex 3.086 -0.241079 11.6338
    endloop
  endfacet
  facet normal 0.82436 0.13024 0.550879
    outer loop
      vertex 3.03704 0.146318 11.8178
      vertex 2.98358 0.146318 11.8978
      vertex 3.04813 0.0490532 11.8242
    endloop
  endfacet
  facet normal 0.889226 0.130244 0.438536
    outer loop
      vertex 3.09143 0.0490532 11.7364
      vertex 3.03704 0.146318 11.8178
      vertex 3.04813 0.0490532 11.8242
    endloop
  endfacet
  facet normal 0.938881 0.130217 0.318663
    outer loop
      vertex 3.11052 0.146318 11.6404
      vertex 3.0796 0.146318 11.7315
      vertex 3.12289 0.0490532 11.6437
    endloop
  endfacet
  facet normal 0.914801 0.258333 0.31049
    outer loop
      vertex 3.086 0.24108 11.6338
      vertex 3.0796 0.146318 11.7315
      vertex 3.11052 0.146318 11.6404
    endloop
  endfacet
  facet normal 0.96398 0.258349 0.0632255
    outer loop
      vertex 3.1102 0.24108 11.45
      vertex 3.10412 0.24108 11.5427
      vertex 3.1293 0.146318 11.546
    endloop
  endfacet
  facet normal 0.957659 0.28097 0.0628109
    outer loop
      vertex 3.1102 0.24108 11.45
      vertex 2.9 1 11.26
      vertex 3.10412 0.24108 11.5427
    endloop
  endfacet
  facet normal 0.964001 0.258289 0.0631621
    outer loop
      vertex 3.13559 0.146318 11.45
      vertex 3.1102 0.24108 11.45
      vertex 3.1293 0.146318 11.546
    endloop
  endfacet
  facet normal 0.989366 0.1302 0.0648241
    outer loop
      vertex 3.13559 0.146318 11.45
      vertex 3.1293 0.146318 11.546
      vertex 3.14839 0.0490532 11.45
    endloop
  endfacet
  facet normal 0.571975 -0.498749 0.651225
    outer loop
      vertex 2.87564 -0.331716 11.9256
      vertex 2.80949 -0.331716 11.9837
      vertex 2.84095 -0.416677 11.891
    endloop
  endfacet
  facet normal 0.610032 -0.381384 0.694555
    outer loop
      vertex 2.83234 -0.241079 12.0134
      vertex 2.80949 -0.331716 11.9837
      vertex 2.87564 -0.331716 11.9256
    endloop
  endfacet
  facet normal 0.318426 -0.129959 0.938997
    outer loop
      vertex 2.6864 -0.0490522 12.1414
      vertex 2.59038 -0.146317 12.1605
      vertex 2.6815 -0.146317 12.1296
    endloop
  endfacet
  facet normal 0.427364 -0.258368 0.866375
    outer loop
      vertex 2.76779 -0.146317 12.087
      vertex 2.67178 -0.241079 12.1061
      vertex 2.7551 -0.241079 12.065
    endloop
  endfacet
  facet normal 0.550994 -0.129732 0.824364
    outer loop
      vertex 2.85559 -0.0490522 12.0437
      vertex 2.7742 -0.0490522 12.0981
      vertex 2.8478 -0.146317 12.0336
    endloop
  endfacet
  facet normal 0.513395 -0.381882 0.7685
    outer loop
      vertex 2.7551 -0.241079 12.065
      vertex 2.73633 -0.331716 12.0325
      vertex 2.83234 -0.241079 12.0134
    endloop
  endfacet
  facet normal 0.408858 -0.381877 0.828858
    outer loop
      vertex 2.7551 -0.241079 12.065
      vertex 2.67178 -0.241079 12.1061
      vertex 2.73633 -0.331716 12.0325
    endloop
  endfacet
  facet normal 0.351688 -0.608414 0.711441
    outer loop
      vertex 2.7118 -0.416677 11.9901
      vertex 2.61579 -0.494509 11.971
      vertex 2.68194 -0.494509 11.9383
    endloop
  endfacet
  facet normal 0.441511 -0.608334 0.659543
    outer loop
      vertex 2.7118 -0.416677 11.9901
      vertex 2.68194 -0.494509 11.9383
      vertex 2.77962 -0.416677 11.9447
    endloop
  endfacet
  facet normal 0.118564 -0.792788 0.597854
    outer loop
      vertex 2.52799 -0.563879 11.9277
      vertex 2.45439 -0.623602 11.8631
      vertex 2.50784 -0.623602 11.8525
    endloop
  endfacet
  facet normal 0.116279 -0.801681 0.586334
    outer loop
      vertex 2.68813 -0.821035 11.5468
      vertex 2.50784 -0.623602 11.8525
      vertex 2.45439 -0.623602 11.8631
    endloop
  endfacet
  facet normal 0.11775 -0.801104 0.586828
    outer loop
      vertex 2.50784 -0.623602 11.8525
      vertex 2.68813 -0.821035 11.5468
      vertex 2.71354 -0.821036 11.5417
    endloop
  endfacet
  facet normal 0.0395889 -0.792609 0.608444
    outer loop
      vertex 2.4 -0.563879 11.9445
      vertex 2.4 -0.623602 11.8667
      vertex 2.46455 -0.563879 11.9403
    endloop
  endfacet
  facet normal 0.118718 -0.792853 0.597738
    outer loop
      vertex 2.46455 -0.563879 11.9403
      vertex 2.45439 -0.623602 11.8631
      vertex 2.52799 -0.563879 11.9277
    endloop
  endfacet
  facet normal -0.0362856 -0.83555 0.548215
    outer loop
      vertex 2.34561 -0.623602 11.8631
      vertex 2.13837 -0.820556 11.5492
      vertex 2.4 -0.623602 11.8667
    endloop
  endfacet
  facet normal -0.0338943 -0.836354 0.547141
    outer loop
      vertex 2.34561 -0.623602 11.8631
      vertex 2.11736 -0.820555 11.5479
      vertex 2.13837 -0.820556 11.5492
    endloop
  endfacet
  facet normal -0.0368978 -0.835252 0.548627
    outer loop
      vertex 2.11736 -0.820555 11.5479
      vertex 2.34561 -0.623602 11.8631
      vertex 2.11187 -0.821035 11.5468
    endloop
  endfacet
  facet normal -0.00187776 -0.849083 0.528257
    outer loop
      vertex 2.4 -0.623602 11.8667
      vertex 2.13837 -0.820556 11.5492
      vertex 2.15 -0.820084 11.55
    endloop
  endfacet
  facet normal 0 -0.849749 0.527188
    outer loop
      vertex 2.65 -0.820084 11.55
      vertex 2.4 -0.623602 11.8667
      vertex 2.15 -0.820084 11.55
    endloop
  endfacet
  facet normal 0.00187776 -0.849083 0.528257
    outer loop
      vertex 2.4 -0.623602 11.8667
      vertex 2.65 -0.820084 11.55
      vertex 2.66163 -0.820556 11.5492
    endloop
  endfacet
  facet normal 0.138175 -0.706458 0.694136
    outer loop
      vertex 2.4736 -0.494509 12.0091
      vertex 2.46455 -0.563879 11.9403
      vertex 2.54594 -0.494509 11.9947
    endloop
  endfacet
  facet normal 0.137906 -0.706306 0.694344
    outer loop
      vertex 2.54594 -0.494509 11.9947
      vertex 2.46455 -0.563879 11.9403
      vertex 2.52799 -0.563879 11.9277
    endloop
  endfacet
  facet normal 0.154765 -0.608018 0.778693
    outer loop
      vertex 2.5614 -0.416677 12.0524
      vertex 2.4814 -0.416677 12.0683
      vertex 2.54594 -0.494509 11.9947
    endloop
  endfacet
  facet normal 0.168979 -0.498592 0.850207
    outer loop
      vertex 2.5741 -0.331716 12.0997
      vertex 2.4814 -0.416677 12.0683
      vertex 2.5614 -0.416677 12.0524
    endloop
  endfacet
  facet normal 0.0515941 -0.607806 0.792408
    outer loop
      vertex 2.4 -0.416677 12.0736
      vertex 2.4 -0.494509 12.0139
      vertex 2.4814 -0.416677 12.0683
    endloop
  endfacet
  facet normal -0.168979 -0.498592 0.850207
    outer loop
      vertex 2.3186 -0.416677 12.0683
      vertex 2.2259 -0.331716 12.0997
      vertex 2.2386 -0.416677 12.0524
    endloop
  endfacet
  facet normal -0.208366 -0.761648 0.613577
    outer loop
      vertex 2.21076 -0.563879 11.9069
      vertex 2.04971 -0.824495 11.5287
      vertex 2.27201 -0.563879 11.9277
    endloop
  endfacet
  facet normal -0.208621 -0.761546 0.613616
    outer loop
      vertex 2.21076 -0.563879 11.9069
      vertex 2.025 -0.827556 11.5165
      vertex 2.04971 -0.824495 11.5287
    endloop
  endfacet
  facet normal -0.223402 -0.755141 0.616323
    outer loop
      vertex 2.025 -0.827556 11.5165
      vertex 2.21076 -0.563879 11.9069
      vertex 2.02238 -0.82825 11.5147
    endloop
  endfacet
  facet normal -0.135537 -0.793225 0.593653
    outer loop
      vertex 2.0853 -0.82101 11.5415
      vertex 2.29216 -0.623602 11.8525
      vertex 2.27201 -0.563879 11.9277
    endloop
  endfacet
  facet normal -0.119217 -0.80047 0.587397
    outer loop
      vertex 2.29216 -0.623602 11.8525
      vertex 2.0853 -0.82101 11.5415
      vertex 2.08646 -0.821036 11.5417
    endloop
  endfacet
  facet normal -0.135435 -0.793261 0.593628
    outer loop
      vertex 2.27201 -0.563879 11.9277
      vertex 2.05433 -0.82358 11.531
      vertex 2.0853 -0.82101 11.5415
    endloop
  endfacet
  facet normal -0.13928 -0.791753 0.59475
    outer loop
      vertex 2.05433 -0.82358 11.531
      vertex 2.27201 -0.563879 11.9277
      vertex 2.04971 -0.824495 11.5287
    endloop
  endfacet
  facet normal -0.310266 -0.712525 0.629319
    outer loop
      vertex 2.15275 -0.563879 11.8783
      vertex 2.02238 -0.82825 11.5147
      vertex 2.21076 -0.563879 11.9069
    endloop
  endfacet
  facet normal -0.309724 -0.712773 0.629305
    outer loop
      vertex 2.15275 -0.563879 11.8783
      vertex 1.99781 -0.832053 11.4983
      vertex 2.02238 -0.82825 11.5147
    endloop
  endfacet
  facet normal -0.277284 -0.728095 0.626891
    outer loop
      vertex 1.99781 -0.832053 11.4983
      vertex 2.15275 -0.563879 11.8783
      vertex 1.99721 -0.832255 11.4978
    endloop
  endfacet
  facet normal -0.313166 -0.706008 0.635201
    outer loop
      vertex 2.21076 -0.563879 11.9069
      vertex 2.11806 -0.494509 11.9383
      vertex 2.15275 -0.563879 11.8783
    endloop
  endfacet
  facet normal -0.527706 -0.598579 0.602685
    outer loop
      vertex 1.95905 -0.416677 11.891
      vertex 1.92652 -0.871493 11.4108
      vertex 2.02038 -0.416677 11.9447
    endloop
  endfacet
  facet normal -0.522519 -0.601085 0.604707
    outer loop
      vertex 1.95905 -0.416677 11.891
      vertex 1.91903 -0.880173 11.3957
      vertex 1.92652 -0.871493 11.4108
    endloop
  endfacet
  facet normal -0.53055 -0.597114 0.601641
    outer loop
      vertex 1.91903 -0.880173 11.3957
      vertex 1.95905 -0.416677 11.891
      vertex 1.91028 -0.898394 11.3699
    endloop
  endfacet
  facet normal -0.417141 -0.659344 0.625507
    outer loop
      vertex 2.05673 -0.494509 11.8974
      vertex 1.96763 -0.843226 11.4704
      vertex 2.11806 -0.494509 11.9383
    endloop
  endfacet
  facet normal -0.417924 -0.658977 0.625371
    outer loop
      vertex 2.05673 -0.494509 11.8974
      vertex 1.95167 -0.850376 11.4522
      vertex 1.96763 -0.843226 11.4704
    endloop
  endfacet
  facet normal -0.424454 -0.655767 0.624346
    outer loop
      vertex 1.95167 -0.850376 11.4522
      vertex 2.05673 -0.494509 11.8974
      vertex 1.94469 -0.855855 11.4417
    endloop
  endfacet
  facet normal -0.634497 -0.537063 0.555857
    outer loop
      vertex 1.90526 -0.416677 11.8296
      vertex 1.91028 -0.898394 11.3699
      vertex 1.95905 -0.416677 11.891
    endloop
  endfacet
  facet normal -0.631094 -0.538965 0.557887
    outer loop
      vertex 1.90526 -0.416677 11.8296
      vertex 1.90851 -0.901704 11.3647
      vertex 1.91028 -0.898394 11.3699
    endloop
  endfacet
  facet normal -0.636775 -0.535762 0.554506
    outer loop
      vertex 1.90526 -0.416677 11.8296
      vertex 1.90214 -0.927356 11.3326
      vertex 1.90851 -0.901704 11.3647
    endloop
  endfacet
  facet normal -0.618879 -0.545888 0.564797
    outer loop
      vertex 1.90214 -0.927356 11.3326
      vertex 1.90526 -0.416677 11.8296
      vertex 1.90043 -0.952318 11.3066
    endloop
  endfacet
  facet normal -0.651427 -0.498803 0.571698
    outer loop
      vertex 1.92436 -0.331716 11.9256
      vertex 1.86635 -0.331716 11.8595
      vertex 1.95905 -0.416677 11.891
    endloop
  endfacet
  facet normal -0.815076 -0.417229 0.401959
    outer loop
      vertex 1.81746 -0.331716 11.7863
      vertex 1.77855 -0.331716 11.7074
      vertex 1.9 -1 11.26
    endloop
  endfacet
  facet normal -0.828798 -0.382147 0.408727
    outer loop
      vertex 1.81746 -0.331716 11.7863
      vertex 1.74386 -0.241079 11.7218
      vertex 1.77855 -0.331716 11.7074
    endloop
  endfacet
  facet normal -0.92958 -0.318895 0.184896
    outer loop
      vertex 1.714 -0.241079 11.6338
      vertex 1.69588 -0.241079 11.5427
      vertex 1.9 -1 11.26
    endloop
  endfacet
  facet normal -0.882143 -0.363631 0.299327
    outer loop
      vertex 1.74386 -0.241079 11.7218
      vertex 1.714 -0.241079 11.6338
      vertex 1.9 -1 11.26
    endloop
  endfacet
  facet normal -0.481822 -0.499791 0.719762
    outer loop
      vertex 2.0882 -0.416677 11.9901
      vertex 1.99051 -0.331716 11.9837
      vertex 2.02038 -0.416677 11.9447
    endloop
  endfacet
  facet normal -0.570597 -0.499745 0.65167
    outer loop
      vertex 1.99051 -0.331716 11.9837
      vertex 1.95905 -0.416677 11.891
      vertex 2.02038 -0.416677 11.9447
    endloop
  endfacet
  facet normal -0.408858 -0.381877 0.828858
    outer loop
      vertex 2.12822 -0.241079 12.1061
      vertex 2.0449 -0.241079 12.065
      vertex 2.06367 -0.331716 12.0325
    endloop
  endfacet
  facet normal -0.512981 -0.381328 0.769051
    outer loop
      vertex 2.06367 -0.331716 12.0325
      vertex 1.96766 -0.241079 12.0134
      vertex 1.99051 -0.331716 11.9837
    endloop
  endfacet
  facet normal -0.227631 -0.706308 0.670308
    outer loop
      vertex 2.25406 -0.494509 11.9947
      vertex 2.21076 -0.563879 11.9069
      vertex 2.27201 -0.563879 11.9277
    endloop
  endfacet
  facet normal -0.180654 -0.381788 0.906423
    outer loop
      vertex 2.3073 -0.241079 12.1541
      vertex 2.2259 -0.331716 12.0997
      vertex 2.3122 -0.331716 12.1169
    endloop
  endfacet
  facet normal 0.0606875 -0.381799 0.922251
    outer loop
      vertex 2.4927 -0.241079 12.1541
      vertex 2.4 -0.241079 12.1602
      vertex 2.4878 -0.331716 12.1169
    endloop
  endfacet
  facet normal -0.0609276 -0.381598 0.922318
    outer loop
      vertex 2.4 -0.241079 12.1602
      vertex 2.3122 -0.331716 12.1169
      vertex 2.4 -0.331716 12.1227
    endloop
  endfacet
  facet normal -0.0362856 0.83555 0.548215
    outer loop
      vertex 2.13837 0.820557 11.5492
      vertex 2.34561 0.623603 11.8631
      vertex 2.4 0.623603 11.8667
    endloop
  endfacet
  facet normal -0.0339353 0.83634 0.547159
    outer loop
      vertex 2.11736 0.820555 11.5479
      vertex 2.34561 0.623603 11.8631
      vertex 2.13837 0.820557 11.5492
    endloop
  endfacet
  facet normal -0.0368973 0.835254 0.548625
    outer loop
      vertex 2.34561 0.623603 11.8631
      vertex 2.11736 0.820555 11.5479
      vertex 2.11187 0.821035 11.5468
    endloop
  endfacet
  facet normal 0.00180043 0.849111 0.528211
    outer loop
      vertex 2.4 0.623603 11.8667
      vertex 2.66163 0.820557 11.5492
      vertex 2.65 0.820084 11.55
    endloop
  endfacet
  facet normal -0 0.84975 0.527186
    outer loop
      vertex 2.15 0.820084 11.55
      vertex 2.4 0.623603 11.8667
      vertex 2.65 0.820084 11.55
    endloop
  endfacet
  facet normal -0.00180043 0.849111 0.528211
    outer loop
      vertex 2.4 0.623603 11.8667
      vertex 2.15 0.820084 11.55
      vertex 2.13837 0.820557 11.5492
    endloop
  endfacet
  facet normal -0.651427 0.498803 0.571698
    outer loop
      vertex 1.95905 0.416678 11.891
      vertex 1.86635 0.331717 11.8595
      vertex 1.92436 0.331717 11.9256
    endloop
  endfacet
  facet normal -0.618651 0.546014 0.564925
    outer loop
      vertex 1.90526 0.416678 11.8296
      vertex 1.90214 0.927356 11.3326
      vertex 1.90043 0.952319 11.3066
    endloop
  endfacet
  facet normal -0.636772 0.535765 0.554507
    outer loop
      vertex 1.90526 0.416678 11.8296
      vertex 1.90851 0.901704 11.3647
      vertex 1.90214 0.927356 11.3326
    endloop
  endfacet
  facet normal -0.631092 0.538966 0.557887
    outer loop
      vertex 1.90526 0.416678 11.8296
      vertex 1.91028 0.898394 11.3699
      vertex 1.90851 0.901704 11.3647
    endloop
  endfacet
  facet normal -0.634497 0.537064 0.555856
    outer loop
      vertex 1.91028 0.898394 11.3699
      vertex 1.90526 0.416678 11.8296
      vertex 1.95905 0.416678 11.891
    endloop
  endfacet
  facet normal -0.351688 0.608414 0.711441
    outer loop
      vertex 2.11806 0.49451 11.9383
      vertex 2.0882 0.416678 11.9901
      vertex 2.18421 0.49451 11.971
    endloop
  endfacet
  facet normal -0.409556 0.381311 0.828774
    outer loop
      vertex 2.14259 0.331717 12.0715
      vertex 2.06367 0.331717 12.0325
      vertex 2.12822 0.24108 12.1061
    endloop
  endfacet
  facet normal -0.510971 0.607952 0.607703
    outer loop
      vertex 1.94469 0.855856 11.4417
      vertex 2.02038 0.416678 11.9447
      vertex 2.05673 0.49451 11.8974
    endloop
  endfacet
  facet normal -0.507311 0.60988 0.608836
    outer loop
      vertex 1.93349 0.863211 11.425
      vertex 2.02038 0.416678 11.9447
      vertex 1.94469 0.855856 11.4417
    endloop
  endfacet
  facet normal -0.516009 0.605158 0.606233
    outer loop
      vertex 2.02038 0.416678 11.9447
      vertex 1.93349 0.863211 11.425
      vertex 1.92652 0.871493 11.4108
    endloop
  endfacet
  facet normal -0.527706 0.59858 0.602685
    outer loop
      vertex 1.92652 0.871493 11.4108
      vertex 1.95905 0.416678 11.891
      vertex 2.02038 0.416678 11.9447
    endloop
  endfacet
  facet normal -0.522517 0.601086 0.604707
    outer loop
      vertex 1.91903 0.880173 11.3957
      vertex 1.95905 0.416678 11.891
      vertex 1.92652 0.871493 11.4108
    endloop
  endfacet
  facet normal -0.530547 0.597116 0.601641
    outer loop
      vertex 1.95905 0.416678 11.891
      vertex 1.91903 0.880173 11.3957
      vertex 1.91028 0.898394 11.3699
    endloop
  endfacet
  facet normal -0.350701 0.607506 0.712703
    outer loop
      vertex 2.18421 0.49451 11.971
      vertex 2.0882 0.416678 11.9901
      vertex 2.16136 0.416678 12.0261
    endloop
  endfacet
  facet normal -0.570597 0.499745 0.65167
    outer loop
      vertex 2.02038 0.416678 11.9447
      vertex 1.95905 0.416678 11.891
      vertex 1.99051 0.331717 11.9837
    endloop
  endfacet
  facet normal -0.550994 0.129732 0.824364
    outer loop
      vertex 1.9522 0.146318 12.0336
      vertex 1.94441 0.0490532 12.0437
      vertex 2.0258 0.0490532 12.0981
    endloop
  endfacet
  facet normal -0.318984 0.130563 0.938724
    outer loop
      vertex 2.20962 0.146318 12.1605
      vertex 2.1136 0.0490532 12.1414
      vertex 2.2063 0.0490532 12.1729
    endloop
  endfacet
  facet normal -0.438898 0.130382 0.889027
    outer loop
      vertex 2.03221 0.146318 12.087
      vertex 2.0258 0.0490532 12.0981
      vertex 2.1185 0.146318 12.1296
    endloop
  endfacet
  facet normal -0.427612 0.258661 0.866165
    outer loop
      vertex 2.12822 0.24108 12.1061
      vertex 2.03221 0.146318 12.087
      vertex 2.1185 0.146318 12.1296
    endloop
  endfacet
  facet normal -0.438898 -0.130382 0.889027
    outer loop
      vertex 2.1185 -0.146317 12.1296
      vertex 2.0258 -0.0490522 12.0981
      vertex 2.03221 -0.146317 12.087
    endloop
  endfacet
  facet normal -0.193711 -0.130289 0.972369
    outer loop
      vertex 2.30232 -0.0490522 12.192
      vertex 2.20962 -0.146317 12.1605
      vertex 2.30399 -0.146317 12.1793
    endloop
  endfacet
  facet normal -0.972421 0.130252 -0.193471
    outer loop
      vertex 1.67711 0.0490532 11.2563
      vertex 1.65801 0.0490532 11.3523
      vertex 1.6707 0.146318 11.354
    endloop
  endfacet
  facet normal -0.989365 0.130214 0.06481
    outer loop
      vertex 1.6707 0.146318 11.546
      vertex 1.65161 0.0490532 11.45
      vertex 1.65801 0.0490532 11.5477
    endloop
  endfacet
  facet normal -0.972421 0.130252 0.193471
    outer loop
      vertex 1.6707 0.146318 11.546
      vertex 1.65801 0.0490532 11.5477
      vertex 1.67711 0.0490532 11.6437
    endloop
  endfacet
  facet normal -0.980777 0 0.195134
    outer loop
      vertex 1.65801 -0.0490522 11.5477
      vertex 1.67711 0.0490532 11.6437
      vertex 1.65801 0.0490532 11.5477
    endloop
  endfacet
  facet normal -0.980777 0 0.195134
    outer loop
      vertex 1.67711 0.0490532 11.6437
      vertex 1.65801 -0.0490522 11.5477
      vertex 1.67711 -0.0490522 11.6437
    endloop
  endfacet
  facet normal -0.731675 0.475227 0.488683
    outer loop
      vertex 1.9 1 11.26
      vertex 1.81746 0.331717 11.7863
      vertex 1.86635 0.331717 11.8595
    endloop
  endfacet
  facet normal -0.889226 0.130244 0.438536
    outer loop
      vertex 1.76296 0.146318 11.8178
      vertex 1.70857 0.0490532 11.7364
      vertex 1.75187 0.0490532 11.8242
    endloop
  endfacet
  facet normal -0.972427 0.130235 0.193455
    outer loop
      vertex 1.68948 0.146318 11.6404
      vertex 1.6707 0.146318 11.546
      vertex 1.67711 0.0490532 11.6437
    endloop
  endfacet
  facet normal -0.938881 0.130217 0.318663
    outer loop
      vertex 1.68948 0.146318 11.6404
      vertex 1.67711 0.0490532 11.6437
      vertex 1.7204 0.146318 11.7315
    endloop
  endfacet
  facet normal -0.636751 0.257941 0.726646
    outer loop
      vertex 1.89782 0.24108 11.9522
      vertex 1.87986 0.146318 11.9701
      vertex 1.96766 0.24108 12.0134
    endloop
  endfacet
  facet normal -0.946953 0 0.321372
    outer loop
      vertex 1.67711 -0.0490522 11.6437
      vertex 1.70857 0.0490532 11.7364
      vertex 1.67711 0.0490532 11.6437
    endloop
  endfacet
  facet normal -0.946953 0 0.321372
    outer loop
      vertex 1.70857 0.0490532 11.7364
      vertex 1.67711 -0.0490522 11.6437
      vertex 1.70857 -0.0490522 11.7364
    endloop
  endfacet
  facet normal -0.427612 -0.258661 0.866165
    outer loop
      vertex 2.1185 -0.146317 12.1296
      vertex 2.03221 -0.146317 12.087
      vertex 2.12822 -0.241079 12.1061
    endloop
  endfacet
  facet normal -0.768259 -0.382093 0.513599
    outer loop
      vertex 1.83656 -0.241079 11.8823
      vertex 1.78495 -0.241079 11.8051
      vertex 1.81746 -0.331716 11.7863
    endloop
  endfacet
  facet normal -0.866445 -0.258243 0.427299
    outer loop
      vertex 1.76296 -0.146317 11.8178
      vertex 1.7204 -0.146317 11.7315
      vertex 1.74386 -0.241079 11.7218
    endloop
  endfacet
  facet normal -0.82436 -0.13024 0.550879
    outer loop
      vertex 1.81642 -0.146317 11.8978
      vertex 1.75187 -0.0490522 11.8242
      vertex 1.76296 -0.146317 11.8178
    endloop
  endfacet
  facet normal -0.25523 0.60746 0.75223
    outer loop
      vertex 2.18421 0.49451 11.971
      vertex 2.16136 0.416678 12.0261
      vertex 2.25406 0.49451 11.9947
    endloop
  endfacet
  facet normal -0.227425 0.706401 0.67028
    outer loop
      vertex 2.21076 0.56388 11.9069
      vertex 2.18421 0.49451 11.971
      vertex 2.25406 0.49451 11.9947
    endloop
  endfacet
  facet normal -0.137906 0.706306 0.694344
    outer loop
      vertex 2.27201 0.56388 11.9277
      vertex 2.25406 0.49451 11.9947
      vertex 2.33545 0.56388 11.9403
    endloop
  endfacet
  facet normal -0.15502 0.607869 0.778758
    outer loop
      vertex 2.3264 0.49451 12.0091
      vertex 2.25406 0.49451 11.9947
      vertex 2.3186 0.416678 12.0683
    endloop
  endfacet
  facet normal -0.824355 -0.130286 -0.550875
    outer loop
      vertex 1.81642 -0.146317 11.0022
      vertex 1.76296 -0.146317 11.0822
      vertex 1.80626 -0.0490522 10.9944
    endloop
  endfacet
  facet normal -0.637943 -0.257134 -0.725886
    outer loop
      vertex 1.9 -0.168054 10.9199
      vertex 1.87986 -0.146317 10.9299
      vertex 1.9 -0.146317 10.9122
    endloop
  endfacet
  facet normal -0.989366 0.1302 0.0648241
    outer loop
      vertex 1.66441 0.146318 11.45
      vertex 1.65161 0.0490532 11.45
      vertex 1.6707 0.146318 11.546
    endloop
  endfacet
  facet normal -0.938881 0.130217 -0.318663
    outer loop
      vertex 1.7204 0.146318 11.1685
      vertex 1.67711 0.0490532 11.2563
      vertex 1.68948 0.146318 11.2596
    endloop
  endfacet
  facet normal -0.980777 0 -0.195134
    outer loop
      vertex 1.67711 -0.0490522 11.2563
      vertex 1.65801 0.0490532 11.3523
      vertex 1.67711 0.0490532 11.2563
    endloop
  endfacet
  facet normal -0.980777 -0 -0.195134
    outer loop
      vertex 1.65801 0.0490532 11.3523
      vertex 1.67711 -0.0490522 11.2563
      vertex 1.65801 -0.0490522 11.3523
    endloop
  endfacet
  facet normal -0.9654 0.258664 -0.0331095
    outer loop
      vertex 1.9 1 11.25
      vertex 1.66441 0.146318 11.45
      vertex 1.6898 0.24108 11.45
    endloop
  endfacet
  facet normal -0.964001 0.258289 0.0631621
    outer loop
      vertex 1.6898 0.24108 11.45
      vertex 1.66441 0.146318 11.45
      vertex 1.6707 0.146318 11.546
    endloop
  endfacet
  facet normal 0.889226 -0.130244 -0.438536
    outer loop
      vertex 3.09143 -0.0490522 11.1636
      vertex 3.03704 -0.146317 11.0822
      vertex 3.04813 -0.0490522 11.0758
    endloop
  endfacet
  facet normal 0.824386 0.130241 -0.55084
    outer loop
      vertex 3.04813 0.0490532 11.0758
      vertex 2.99374 0.0490532 10.9944
      vertex 3.03704 0.146318 11.0822
    endloop
  endfacet
  facet normal -0.297369 -0.382254 0.874902
    outer loop
      vertex 2.21619 -0.241079 12.136
      vertex 2.12822 -0.241079 12.1061
      vertex 2.2259 -0.331716 12.0997
    endloop
  endfacet
  facet normal -0.180054 -0.382276 0.906336
    outer loop
      vertex 2.3073 -0.241079 12.1541
      vertex 2.21619 -0.241079 12.136
      vertex 2.2259 -0.331716 12.0997
    endloop
  endfacet
  facet normal -0.06492 -0.130199 0.98936
    outer loop
      vertex 2.4 -0.0490522 12.1984
      vertex 2.30399 -0.146317 12.1793
      vertex 2.4 -0.146317 12.1856
    endloop
  endfacet
  facet normal -0.0632511 -0.258546 0.963926
    outer loop
      vertex 2.4 -0.146317 12.1856
      vertex 2.30399 -0.146317 12.1793
      vertex 2.3073 -0.241079 12.1541
    endloop
  endfacet
  facet normal 0.193711 -0.130289 0.972369
    outer loop
      vertex 2.49768 -0.0490522 12.192
      vertex 2.49601 -0.146317 12.1793
      vertex 2.59038 -0.146317 12.1605
    endloop
  endfacet
  facet normal 0.297369 -0.382254 0.874902
    outer loop
      vertex 2.58381 -0.241079 12.136
      vertex 2.5741 -0.331716 12.0997
      vertex 2.67178 -0.241079 12.1061
    endloop
  endfacet
  facet normal 0.310219 -0.25868 0.914795
    outer loop
      vertex 2.6815 -0.146317 12.1296
      vertex 2.59038 -0.146317 12.1605
      vertex 2.67178 -0.241079 12.1061
    endloop
  endfacet
  facet normal 0.438552 -0.129977 0.889257
    outer loop
      vertex 2.6864 -0.0490522 12.1414
      vertex 2.6815 -0.146317 12.1296
      vertex 2.7742 -0.0490522 12.0981
    endloop
  endfacet
  facet normal 0.195095 0 0.980784
    outer loop
      vertex 2.49768 0.0490532 12.192
      vertex 2.5937 -0.0490522 12.1729
      vertex 2.5937 0.0490532 12.1729
    endloop
  endfacet
  facet normal 0.195095 0 0.980784
    outer loop
      vertex 2.5937 -0.0490522 12.1729
      vertex 2.49768 0.0490532 12.192
      vertex 2.49768 -0.0490522 12.192
    endloop
  endfacet
  facet normal -0.118718 0.792853 0.597738
    outer loop
      vertex 2.34561 0.623603 11.8631
      vertex 2.27201 0.56388 11.9277
      vertex 2.33545 0.56388 11.9403
    endloop
  endfacet
  facet normal 0.116279 0.801682 0.586332
    outer loop
      vertex 2.50784 0.623603 11.8525
      vertex 2.68813 0.821035 11.5468
      vertex 2.45439 0.623603 11.8631
    endloop
  endfacet
  facet normal 0.117749 0.801105 0.586827
    outer loop
      vertex 2.68813 0.821035 11.5468
      vertex 2.50784 0.623603 11.8525
      vertex 2.71354 0.821036 11.5417
    endloop
  endfacet
  facet normal 0.0606875 0.381799 0.922251
    outer loop
      vertex 2.4878 0.331717 12.1169
      vertex 2.4 0.24108 12.1602
      vertex 2.4927 0.24108 12.1541
    endloop
  endfacet
  facet normal 0.0562843 0.499572 0.864442
    outer loop
      vertex 2.4814 0.416678 12.0683
      vertex 2.4 0.416678 12.0736
      vertex 2.4 0.331717 12.1227
    endloop
  endfacet
  facet normal 0.227425 0.706401 0.67028
    outer loop
      vertex 2.58924 0.56388 11.9069
      vertex 2.54594 0.49451 11.9947
      vertex 2.61579 0.49451 11.971
    endloop
  endfacet
  facet normal 0.310265 0.712527 0.629318
    outer loop
      vertex 2.64725 0.56388 11.8783
      vertex 2.77762 0.82825 11.5147
      vertex 2.58924 0.56388 11.9069
    endloop
  endfacet
  facet normal 0.309723 0.712775 0.629304
    outer loop
      vertex 2.64725 0.56388 11.8783
      vertex 2.80219 0.832053 11.4983
      vertex 2.77762 0.82825 11.5147
    endloop
  endfacet
  facet normal 0.277282 0.728097 0.626889
    outer loop
      vertex 2.80219 0.832053 11.4983
      vertex 2.64725 0.56388 11.8783
      vertex 2.80279 0.832255 11.4978
    endloop
  endfacet
  facet normal 0.409556 0.381311 0.828774
    outer loop
      vertex 2.73633 0.331717 12.0325
      vertex 2.65741 0.331717 12.0715
      vertex 2.67178 0.24108 12.1061
    endloop
  endfacet
  facet normal 0.510971 0.607952 0.607703
    outer loop
      vertex 2.77962 0.416678 11.9447
      vertex 2.85531 0.855856 11.4417
      vertex 2.74327 0.49451 11.8974
    endloop
  endfacet
  facet normal 0.507311 0.60988 0.608836
    outer loop
      vertex 2.77962 0.416678 11.9447
      vertex 2.86651 0.863211 11.425
      vertex 2.85531 0.855856 11.4417
    endloop
  endfacet
  facet normal 0.516009 0.605158 0.606233
    outer loop
      vertex 2.86651 0.863211 11.425
      vertex 2.77962 0.416678 11.9447
      vertex 2.87348 0.871493 11.4108
    endloop
  endfacet
  facet normal -0.195095 0 0.980784
    outer loop
      vertex 2.2063 0.0490532 12.1729
      vertex 2.30232 -0.0490522 12.192
      vertex 2.30232 0.0490532 12.192
    endloop
  endfacet
  facet normal -0.195095 0 0.980784
    outer loop
      vertex 2.30232 -0.0490522 12.192
      vertex 2.2063 0.0490532 12.1729
      vertex 2.2063 -0.0490522 12.1729
    endloop
  endfacet
  facet normal -0.310219 0.25868 0.914795
    outer loop
      vertex 2.12822 0.24108 12.1061
      vertex 2.1185 0.146318 12.1296
      vertex 2.20962 0.146318 12.1605
    endloop
  endfacet
  facet normal -0.318426 0.129959 0.938997
    outer loop
      vertex 2.1185 0.146318 12.1296
      vertex 2.1136 0.0490532 12.1414
      vertex 2.20962 0.146318 12.1605
    endloop
  endfacet
  facet normal 0.0515941 0.607806 0.792408
    outer loop
      vertex 2.4814 0.416678 12.0683
      vertex 2.4 0.49451 12.0139
      vertex 2.4 0.416678 12.0736
    endloop
  endfacet
  facet normal -0.277713 0.499763 0.820434
    outer loop
      vertex 2.16136 0.416678 12.0261
      vertex 2.14259 0.331717 12.0715
      vertex 2.2259 0.331717 12.0997
    endloop
  endfacet
  facet normal 0.297369 0.382254 0.874902
    outer loop
      vertex 2.67178 0.24108 12.1061
      vertex 2.5741 0.331717 12.0997
      vertex 2.58381 0.24108 12.136
    endloop
  endfacet
  facet normal 0.0571241 0.498959 0.864741
    outer loop
      vertex 2.4814 0.416678 12.0683
      vertex 2.4 0.331717 12.1227
      vertex 2.4878 0.331717 12.1169
    endloop
  endfacet
  facet normal 0.513395 0.381882 0.7685
    outer loop
      vertex 2.83234 0.24108 12.0134
      vertex 2.73633 0.331717 12.0325
      vertex 2.7551 0.24108 12.065
    endloop
  endfacet
  facet normal 0.441511 0.608334 0.659543
    outer loop
      vertex 2.77962 0.416678 11.9447
      vertex 2.68194 0.49451 11.9383
      vertex 2.7118 0.416678 11.9901
    endloop
  endfacet
  facet normal 0.536576 0.258755 0.803201
    outer loop
      vertex 2.83234 0.24108 12.0134
      vertex 2.7551 0.24108 12.065
      vertex 2.8478 0.146318 12.0336
    endloop
  endfacet
  facet normal 0.651427 0.498803 0.571698
    outer loop
      vertex 2.93365 0.331717 11.8595
      vertex 2.84095 0.416678 11.891
      vertex 2.87564 0.331717 11.9256
    endloop
  endfacet
  facet normal 0.659083 0 0.75207
    outer loop
      vertex 2.85559 0.0490532 12.0437
      vertex 2.92919 -0.0490522 11.9792
      vertex 2.92919 0.0490532 11.9792
    endloop
  endfacet
  facet normal 0.659083 0 0.75207
    outer loop
      vertex 2.92919 -0.0490522 11.9792
      vertex 2.85559 0.0490532 12.0437
      vertex 2.85559 -0.0490522 12.0437
    endloop
  endfacet
  facet normal 0.751817 -0 0.659372
    outer loop
      vertex 2.92919 -0.0490522 11.9792
      vertex 2.99374 0.0490532 11.9056
      vertex 2.92919 0.0490532 11.9792
    endloop
  endfacet
  facet normal 0.751817 0 0.659372
    outer loop
      vertex 2.99374 0.0490532 11.9056
      vertex 2.92919 -0.0490522 11.9792
      vertex 2.99374 -0.0490522 11.9056
    endloop
  endfacet
  facet normal 0.636751 0.257941 0.726646
    outer loop
      vertex 2.90218 0.24108 11.9522
      vertex 2.83234 0.24108 12.0134
      vertex 2.92014 0.146318 11.9701
    endloop
  endfacet
  facet normal 0.654117 0.129768 0.745178
    outer loop
      vertex 2.92014 0.146318 11.9701
      vertex 2.8478 0.146318 12.0336
      vertex 2.85559 0.0490532 12.0437
    endloop
  endfacet
  facet normal 0.427612 0.258661 0.866165
    outer loop
      vertex 2.76779 0.146318 12.087
      vertex 2.67178 0.24108 12.1061
      vertex 2.6815 0.146318 12.1296
    endloop
  endfacet
  facet normal 0.438898 0.130382 0.889027
    outer loop
      vertex 2.76779 0.146318 12.087
      vertex 2.6815 0.146318 12.1296
      vertex 2.7742 0.0490532 12.0981
    endloop
  endfacet
  facet normal 0.938881 -0.130217 0.318663
    outer loop
      vertex 3.12289 -0.0490522 11.6437
      vertex 3.0796 -0.146317 11.7315
      vertex 3.11052 -0.146317 11.6404
    endloop
  endfacet
  facet normal 0.914801 -0.258333 0.31049
    outer loop
      vertex 3.11052 -0.146317 11.6404
      vertex 3.0796 -0.146317 11.7315
      vertex 3.086 -0.241079 11.6338
    endloop
  endfacet
  facet normal 0.889226 -0.130244 0.438536
    outer loop
      vertex 3.04813 -0.0490522 11.8242
      vertex 3.03704 -0.146317 11.8178
      vertex 3.09143 -0.0490522 11.7364
    endloop
  endfacet
  facet normal 0.972421 0.130252 0.193471
    outer loop
      vertex 3.1293 0.146318 11.546
      vertex 3.12289 0.0490532 11.6437
      vertex 3.14199 0.0490532 11.5477
    endloop
  endfacet
  facet normal 0.866445 0.258243 0.427299
    outer loop
      vertex 3.05614 0.24108 11.7218
      vertex 3.03704 0.146318 11.8178
      vertex 3.0796 0.146318 11.7315
    endloop
  endfacet
  facet normal 0.889227 0.130246 0.438534
    outer loop
      vertex 3.0796 0.146318 11.7315
      vertex 3.03704 0.146318 11.8178
      vertex 3.09143 0.0490532 11.7364
    endloop
  endfacet
  facet normal 0.480976 -0.498719 0.72107
    outer loop
      vertex 2.73633 -0.331716 12.0325
      vertex 2.7118 -0.416677 11.9901
      vertex 2.80949 -0.331716 11.9837
    endloop
  endfacet
  facet normal 0.512981 -0.381328 0.769051
    outer loop
      vertex 2.83234 -0.241079 12.0134
      vertex 2.73633 -0.331716 12.0325
      vertex 2.80949 -0.331716 11.9837
    endloop
  endfacet
  facet normal -0.137906 -0.706306 0.694344
    outer loop
      vertex 2.33545 -0.563879 11.9403
      vertex 2.25406 -0.494509 11.9947
      vertex 2.27201 -0.563879 11.9277
    endloop
  endfacet
  facet normal -0.138175 -0.706458 0.694136
    outer loop
      vertex 2.3264 -0.494509 12.0091
      vertex 2.25406 -0.494509 11.9947
      vertex 2.33545 -0.563879 11.9403
    endloop
  endfacet
  facet normal -0.726597 -0.257995 0.636786
    outer loop
      vertex 1.87986 -0.146317 11.9701
      vertex 1.83656 -0.241079 11.8823
      vertex 1.89782 -0.241079 11.9522
    endloop
  endfacet
  facet normal -0.803082 -0.258497 0.536879
    outer loop
      vertex 1.81642 -0.146317 11.8978
      vertex 1.78495 -0.241079 11.8051
      vertex 1.83656 -0.241079 11.8823
    endloop
  endfacet
  facet normal -0.651681 -0.499372 0.570911
    outer loop
      vertex 1.95905 -0.416677 11.891
      vertex 1.86635 -0.331716 11.8595
      vertex 1.90526 -0.416677 11.8296
    endloop
  endfacet
  facet normal -0.693494 -0.500114 0.518606
    outer loop
      vertex 1.86635 -0.331716 11.8595
      vertex 1.90043 -0.952318 11.3066
      vertex 1.90526 -0.416677 11.8296
    endloop
  endfacet
  facet normal -0.702639 -0.494448 0.511683
    outer loop
      vertex 1.86635 -0.331716 11.8595
      vertex 1.9 -0.958537 11.3
      vertex 1.90043 -0.952318 11.3066
    endloop
  endfacet
  facet normal -0.695072 -0.499157 0.517414
    outer loop
      vertex 1.9 -0.958537 11.3
      vertex 1.86635 -0.331716 11.8595
      vertex 1.9 -1 11.26
    endloop
  endfacet
  facet normal -0.38242 -0.499773 0.777163
    outer loop
      vertex 2.14259 -0.331716 12.0715
      vertex 2.0882 -0.416677 11.9901
      vertex 2.16136 -0.416677 12.0261
    endloop
  endfacet
  facet normal -0.350701 -0.607506 0.712703
    outer loop
      vertex 2.16136 -0.416677 12.0261
      vertex 2.0882 -0.416677 11.9901
      vertex 2.18421 -0.494509 11.971
    endloop
  endfacet
  facet normal -0.510971 -0.607952 0.607703
    outer loop
      vertex 2.02038 -0.416677 11.9447
      vertex 1.94469 -0.855855 11.4417
      vertex 2.05673 -0.494509 11.8974
    endloop
  endfacet
  facet normal -0.507263 -0.609906 0.608851
    outer loop
      vertex 2.02038 -0.416677 11.9447
      vertex 1.93349 -0.863211 11.425
      vertex 1.94469 -0.855855 11.4417
    endloop
  endfacet
  facet normal -0.516011 -0.605156 0.606233
    outer loop
      vertex 1.93349 -0.863211 11.425
      vertex 2.02038 -0.416677 11.9447
      vertex 1.92652 -0.871493 11.4108
    endloop
  endfacet
  facet normal -0.440726 -0.607459 0.660874
    outer loop
      vertex 2.11806 -0.494509 11.9383
      vertex 2.02038 -0.416677 11.9447
      vertex 2.05673 -0.494509 11.8974
    endloop
  endfacet
  facet normal 0.063432 -0.258379 0.963959
    outer loop
      vertex 2.4 -0.146317 12.1856
      vertex 2.4 -0.241079 12.1602
      vertex 2.4927 -0.241079 12.1541
    endloop
  endfacet
  facet normal -0.063432 -0.258379 0.963959
    outer loop
      vertex 2.4 -0.146317 12.1856
      vertex 2.3073 -0.241079 12.1541
      vertex 2.4 -0.241079 12.1602
    endloop
  endfacet
  facet normal 0.0571241 -0.498959 0.864741
    outer loop
      vertex 2.4878 -0.331716 12.1169
      vertex 2.4 -0.331716 12.1227
      vertex 2.4814 -0.416677 12.0683
    endloop
  endfacet
  facet normal 0.169393 -0.498938 0.849921
    outer loop
      vertex 2.4878 -0.331716 12.1169
      vertex 2.4814 -0.416677 12.0683
      vertex 2.5741 -0.331716 12.0997
    endloop
  endfacet
  facet normal -0.694699 0.381695 0.609674
    outer loop
      vertex 1.86635 0.331717 11.8595
      vertex 1.83656 0.24108 11.8823
      vertex 1.92436 0.331717 11.9256
    endloop
  endfacet
  facet normal -0.726107 0.258534 0.637126
    outer loop
      vertex 1.83656 0.24108 11.8823
      vertex 1.81642 0.146318 11.8978
      vertex 1.87986 0.146318 11.9701
    endloop
  endfacet
  facet normal -0.322655 0.706324 0.63008
    outer loop
      vertex 1.99721 0.832255 11.4978
      vertex 2.11806 0.49451 11.9383
      vertex 2.15275 0.56388 11.8783
    endloop
  endfacet
  facet normal -0.320955 0.70703 0.630155
    outer loop
      vertex 1.97323 0.840086 11.4768
      vertex 2.11806 0.49451 11.9383
      vertex 1.99721 0.832255 11.4978
    endloop
  endfacet
  facet normal -0.324558 0.705439 0.630094
    outer loop
      vertex 2.11806 0.49451 11.9383
      vertex 1.97323 0.840086 11.4768
      vertex 1.96763 0.843226 11.4704
    endloop
  endfacet
  facet normal -0.313166 0.706008 0.635201
    outer loop
      vertex 2.15275 0.56388 11.8783
      vertex 2.11806 0.49451 11.9383
      vertex 2.21076 0.56388 11.9069
    endloop
  endfacet
  facet normal -0.297369 0.382254 0.874902
    outer loop
      vertex 2.2259 0.331717 12.0997
      vertex 2.12822 0.24108 12.1061
      vertex 2.21619 0.24108 12.136
    endloop
  endfacet
  facet normal -0.0632511 0.258546 0.963926
    outer loop
      vertex 2.3073 0.24108 12.1541
      vertex 2.30399 0.146318 12.1793
      vertex 2.4 0.146318 12.1856
    endloop
  endfacet
  facet normal -0.571975 0.498749 0.651225
    outer loop
      vertex 1.95905 0.416678 11.891
      vertex 1.92436 0.331717 11.9256
      vertex 1.99051 0.331717 11.9837
    endloop
  endfacet
  facet normal -0.610032 0.381384 0.694555
    outer loop
      vertex 1.99051 0.331717 11.9837
      vertex 1.92436 0.331717 11.9256
      vertex 1.96766 0.24108 12.0134
    endloop
  endfacet
  facet normal -0.481822 0.499791 0.719762
    outer loop
      vertex 2.02038 0.416678 11.9447
      vertex 1.99051 0.331717 11.9837
      vertex 2.0882 0.416678 11.9901
    endloop
  endfacet
  facet normal -0.480976 0.498719 0.72107
    outer loop
      vertex 2.0882 0.416678 11.9901
      vertex 1.99051 0.331717 11.9837
      vertex 2.06367 0.331717 12.0325
    endloop
  endfacet
  facet normal -0.440726 0.607459 0.660874
    outer loop
      vertex 2.05673 0.49451 11.8974
      vertex 2.02038 0.416678 11.9447
      vertex 2.11806 0.49451 11.9383
    endloop
  endfacet
  facet normal -0.41714 0.659345 0.625507
    outer loop
      vertex 1.96763 0.843226 11.4704
      vertex 2.05673 0.49451 11.8974
      vertex 2.11806 0.49451 11.9383
    endloop
  endfacet
  facet normal -0.417923 0.658978 0.62537
    outer loop
      vertex 1.95167 0.850376 11.4522
      vertex 2.05673 0.49451 11.8974
      vertex 1.96763 0.843226 11.4704
    endloop
  endfacet
  facet normal -0.424341 0.655824 0.624363
    outer loop
      vertex 2.05673 0.49451 11.8974
      vertex 1.95167 0.850376 11.4522
      vertex 1.94469 0.855856 11.4417
    endloop
  endfacet
  facet normal -0.427364 0.258368 0.866375
    outer loop
      vertex 2.0449 0.24108 12.065
      vertex 2.03221 0.146318 12.087
      vertex 2.12822 0.24108 12.1061
    endloop
  endfacet
  facet normal -0.637236 0.258709 0.725947
    outer loop
      vertex 1.96766 0.24108 12.0134
      vertex 1.87986 0.146318 11.9701
      vertex 1.9522 0.146318 12.0336
    endloop
  endfacet
  facet normal -0.442304 0 0.896865
    outer loop
      vertex 2.0258 0.0490532 12.0981
      vertex 2.1136 -0.0490522 12.1414
      vertex 2.1136 0.0490532 12.1414
    endloop
  endfacet
  facet normal -0.442304 0 0.896865
    outer loop
      vertex 2.1136 -0.0490522 12.1414
      vertex 2.0258 0.0490532 12.0981
      vertex 2.0258 -0.0490522 12.0981
    endloop
  endfacet
  facet normal -0.321738 0 0.946829
    outer loop
      vertex 2.1136 0.0490532 12.1414
      vertex 2.2063 -0.0490522 12.1729
      vertex 2.2063 0.0490532 12.1729
    endloop
  endfacet
  facet normal -0.321738 0 0.946829
    outer loop
      vertex 2.2063 -0.0490522 12.1729
      vertex 2.1136 0.0490532 12.1414
      vertex 2.1136 -0.0490522 12.1414
    endloop
  endfacet
  facet normal -0.55569 0 0.83139
    outer loop
      vertex 1.94441 0.0490532 12.0437
      vertex 2.0258 -0.0490522 12.0981
      vertex 2.0258 0.0490532 12.0981
    endloop
  endfacet
  facet normal -0.55569 0 0.83139
    outer loop
      vertex 2.0258 -0.0490522 12.0981
      vertex 1.94441 0.0490532 12.0437
      vertex 1.94441 -0.0490522 12.0437
    endloop
  endfacet
  facet normal -0.550994 -0.129732 0.824364
    outer loop
      vertex 2.0258 -0.0490522 12.0981
      vertex 1.94441 -0.0490522 12.0437
      vertex 1.9522 -0.146317 12.0336
    endloop
  endfacet
  facet normal -0.318426 -0.129959 0.938997
    outer loop
      vertex 2.20962 -0.146317 12.1605
      vertex 2.1136 -0.0490522 12.1414
      vertex 2.1185 -0.146317 12.1296
    endloop
  endfacet
  facet normal -0.438552 -0.129977 0.889257
    outer loop
      vertex 2.1136 -0.0490522 12.1414
      vertex 2.0258 -0.0490522 12.0981
      vertex 2.1185 -0.146317 12.1296
    endloop
  endfacet
  facet normal -0.989366 -0.1302 -0.0648241
    outer loop
      vertex 1.66441 -0.146317 11.45
      vertex 1.65161 -0.0490522 11.45
      vertex 1.6707 -0.146317 11.354
    endloop
  endfacet
  facet normal -0.965737 -0.251689 -0.0632759
    outer loop
      vertex 1.9 -1 11.25
      vertex 1.66441 -0.146317 11.45
      vertex 1.6707 -0.146317 11.354
    endloop
  endfacet
  facet normal -0.694949 0.382235 0.60905
    outer loop
      vertex 1.92436 0.331717 11.9256
      vertex 1.83656 0.24108 11.8823
      vertex 1.89782 0.24108 11.9522
    endloop
  endfacet
  facet normal -0.828787 0.38207 0.408822
    outer loop
      vertex 1.81746 0.331717 11.7863
      vertex 1.74386 0.24108 11.7218
      vertex 1.78495 0.24108 11.8051
    endloop
  endfacet
  facet normal -0.726597 0.257995 0.636786
    outer loop
      vertex 1.89782 0.24108 11.9522
      vertex 1.83656 0.24108 11.8823
      vertex 1.87986 0.146318 11.9701
    endloop
  endfacet
  facet normal -0.751817 0 0.659372
    outer loop
      vertex 1.80626 -0.0490522 11.9056
      vertex 1.87081 0.0490532 11.9792
      vertex 1.80626 0.0490532 11.9056
    endloop
  endfacet
  facet normal -0.751817 0 0.659372
    outer loop
      vertex 1.87081 0.0490532 11.9792
      vertex 1.80626 -0.0490522 11.9056
      vertex 1.87081 -0.0490522 11.9792
    endloop
  endfacet
  facet normal -0.768599 -0.381751 0.513344
    outer loop
      vertex 1.83656 -0.241079 11.8823
      vertex 1.81746 -0.331716 11.7863
      vertex 1.86635 -0.331716 11.8595
    endloop
  endfacet
  facet normal -0.694699 -0.381695 0.609674
    outer loop
      vertex 1.92436 -0.331716 11.9256
      vertex 1.83656 -0.241079 11.8823
      vertex 1.86635 -0.331716 11.8595
    endloop
  endfacet
  facet normal -0.536576 -0.258755 0.803201
    outer loop
      vertex 2.0449 -0.241079 12.065
      vertex 1.9522 -0.146317 12.0336
      vertex 1.96766 -0.241079 12.0134
    endloop
  endfacet
  facet normal -0.513395 -0.381882 0.7685
    outer loop
      vertex 2.0449 -0.241079 12.065
      vertex 1.96766 -0.241079 12.0134
      vertex 2.06367 -0.331716 12.0325
    endloop
  endfacet
  facet normal -0.896865 0 0.442304
    outer loop
      vertex 1.70857 -0.0490522 11.7364
      vertex 1.75187 0.0490532 11.8242
      vertex 1.70857 0.0490532 11.7364
    endloop
  endfacet
  facet normal -0.896865 0 0.442304
    outer loop
      vertex 1.75187 0.0490532 11.8242
      vertex 1.70857 -0.0490522 11.7364
      vertex 1.75187 -0.0490522 11.8242
    endloop
  endfacet
  facet normal -0.824381 0.130286 0.550837
    outer loop
      vertex 1.81642 0.146318 11.8978
      vertex 1.75187 0.0490532 11.8242
      vertex 1.80626 0.0490532 11.9056
    endloop
  endfacet
  facet normal -0.866445 0.258243 0.427299
    outer loop
      vertex 1.74386 0.24108 11.7218
      vertex 1.7204 0.146318 11.7315
      vertex 1.76296 0.146318 11.8178
    endloop
  endfacet
  facet normal -0.634574 0.259231 -0.72809
    outer loop
      vertex 1.9 0.168055 10.9199
      vertex 1.89782 0.24108 10.9478
      vertex 1.9 0.24108 10.9459
    endloop
  endfacet
  facet normal -0.638475 0.257979 -0.725119
    outer loop
      vertex 1.89782 0.24108 10.9478
      vertex 1.9 0.168055 10.9199
      vertex 1.87986 0.146318 10.9299
    endloop
  endfacet
  facet normal -0.751817 0 -0.659372
    outer loop
      vertex 1.87081 -0.0490522 10.9208
      vertex 1.80626 0.0490532 10.9944
      vertex 1.87081 0.0490532 10.9208
    endloop
  endfacet
  facet normal -0.751817 -0 -0.659372
    outer loop
      vertex 1.80626 0.0490532 10.9944
      vertex 1.87081 -0.0490522 10.9208
      vertex 1.80626 -0.0490522 10.9944
    endloop
  endfacet
  facet normal -0.654532 -0.130066 -0.744762
    outer loop
      vertex 1.9 -0.146317 10.9122
      vertex 1.87986 -0.146317 10.9299
      vertex 1.9 -0.115969 10.9069
    endloop
  endfacet
  facet normal -0.628965 -0.289167 -0.721655
    outer loop
      vertex 1.9 -1 11.25
      vertex 1.89782 -0.241079 10.9478
      vertex 1.9 -0.241079 10.9459
    endloop
  endfacet
  facet normal -0.889226 0.130244 -0.438536
    outer loop
      vertex 1.75187 0.0490532 11.0758
      vertex 1.70857 0.0490532 11.1636
      vertex 1.76296 0.146318 11.0822
    endloop
  endfacet
  facet normal -0.896865 0 -0.442304
    outer loop
      vertex 1.75187 -0.0490522 11.0758
      vertex 1.70857 0.0490532 11.1636
      vertex 1.75187 0.0490532 11.0758
    endloop
  endfacet
  facet normal -0.896865 -0 -0.442304
    outer loop
      vertex 1.70857 0.0490532 11.1636
      vertex 1.75187 -0.0490522 11.0758
      vertex 1.70857 -0.0490522 11.1636
    endloop
  endfacet
  facet normal -0.997861 0 -0.0653666
    outer loop
      vertex 1.65801 -0.0490522 11.3523
      vertex 1.65161 0.0490532 11.45
      vertex 1.65801 0.0490532 11.3523
    endloop
  endfacet
  facet normal -0.997861 -0 -0.0653666
    outer loop
      vertex 1.65161 0.0490532 11.45
      vertex 1.65801 -0.0490522 11.3523
      vertex 1.65161 -0.0490522 11.45
    endloop
  endfacet
  facet normal -0.997861 0 0.0653666
    outer loop
      vertex 1.65161 -0.0490522 11.45
      vertex 1.65801 0.0490532 11.5477
      vertex 1.65161 0.0490532 11.45
    endloop
  endfacet
  facet normal -0.997861 0 0.0653666
    outer loop
      vertex 1.65801 0.0490532 11.5477
      vertex 1.65161 -0.0490522 11.45
      vertex 1.65801 -0.0490522 11.5477
    endloop
  endfacet
  facet normal -0.96398 0.258349 0.0632255
    outer loop
      vertex 1.6898 0.24108 11.45
      vertex 1.6707 0.146318 11.546
      vertex 1.69588 0.24108 11.5427
    endloop
  endfacet
  facet normal -0.963718 0.266923 0
    outer loop
      vertex 1.9 1 11.25
      vertex 1.6898 0.24108 11.45
      vertex 1.9 1 11.26
    endloop
  endfacet
  facet normal 0.06492 -0.130199 0.98936
    outer loop
      vertex 2.4 -0.0490522 12.1984
      vertex 2.4 -0.146317 12.1856
      vertex 2.49601 -0.146317 12.1793
    endloop
  endfacet
  facet normal 0.0632511 -0.258546 0.963926
    outer loop
      vertex 2.49601 -0.146317 12.1793
      vertex 2.4 -0.146317 12.1856
      vertex 2.4927 -0.241079 12.1541
    endloop
  endfacet
  facet normal 0.188254 0.25805 0.947613
    outer loop
      vertex 2.58381 0.24108 12.136
      vertex 2.4927 0.24108 12.1541
      vertex 2.59038 0.146318 12.1605
    endloop
  endfacet
  facet normal 0.0653799 0 0.99786
    outer loop
      vertex 2.4 0.0490532 12.1984
      vertex 2.49768 -0.0490522 12.192
      vertex 2.49768 0.0490532 12.192
    endloop
  endfacet
  facet normal 0.0653799 0 0.99786
    outer loop
      vertex 2.49768 -0.0490522 12.192
      vertex 2.4 0.0490532 12.1984
      vertex 2.4 -0.0490522 12.1984
    endloop
  endfacet
  facet normal 0.188734 0.25853 0.947387
    outer loop
      vertex 2.59038 0.146318 12.1605
      vertex 2.4927 0.24108 12.1541
      vertex 2.49601 0.146318 12.1793
    endloop
  endfacet
  facet normal 0.118718 0.792853 0.597738
    outer loop
      vertex 2.52799 0.56388 11.9277
      vertex 2.45439 0.623603 11.8631
      vertex 2.46455 0.56388 11.9403
    endloop
  endfacet
  facet normal 0.0402474 0.792861 0.608072
    outer loop
      vertex 2.45439 0.623603 11.8631
      vertex 2.4 0.623603 11.8667
      vertex 2.46455 0.56388 11.9403
    endloop
  endfacet
  facet normal 0.118564 0.792788 0.597854
    outer loop
      vertex 2.50784 0.623603 11.8525
      vertex 2.45439 0.623603 11.8631
      vertex 2.52799 0.56388 11.9277
    endloop
  endfacet
  facet normal 0.13554 0.793225 0.593652
    outer loop
      vertex 2.7147 0.82101 11.5415
      vertex 2.50784 0.623603 11.8525
      vertex 2.52799 0.56388 11.9277
    endloop
  endfacet
  facet normal 0.119217 0.800471 0.587395
    outer loop
      vertex 2.50784 0.623603 11.8525
      vertex 2.7147 0.82101 11.5415
      vertex 2.71354 0.821036 11.5417
    endloop
  endfacet
  facet normal 0.135434 0.793263 0.593626
    outer loop
      vertex 2.52799 0.56388 11.9277
      vertex 2.74567 0.82358 11.531
      vertex 2.7147 0.82101 11.5415
    endloop
  endfacet
  facet normal 0.139278 0.791755 0.594749
    outer loop
      vertex 2.74567 0.82358 11.531
      vertex 2.52799 0.56388 11.9277
      vertex 2.75029 0.824495 11.5287
    endloop
  endfacet
  facet normal 0.313166 0.706008 0.635201
    outer loop
      vertex 2.64725 0.56388 11.8783
      vertex 2.58924 0.56388 11.9069
      vertex 2.68194 0.49451 11.9383
    endloop
  endfacet
  facet normal 0.313671 0.706382 0.634536
    outer loop
      vertex 2.68194 0.49451 11.9383
      vertex 2.58924 0.56388 11.9069
      vertex 2.61579 0.49451 11.971
    endloop
  endfacet
  facet normal 0.138175 0.706458 0.694136
    outer loop
      vertex 2.54594 0.49451 11.9947
      vertex 2.46455 0.56388 11.9403
      vertex 2.4736 0.49451 12.0091
    endloop
  endfacet
  facet normal -0.0515941 0.607806 0.792408
    outer loop
      vertex 2.4 0.49451 12.0139
      vertex 2.3186 0.416678 12.0683
      vertex 2.4 0.416678 12.0736
    endloop
  endfacet
  facet normal 0.440726 0.607459 0.660874
    outer loop
      vertex 2.74327 0.49451 11.8974
      vertex 2.68194 0.49451 11.9383
      vertex 2.77962 0.416678 11.9447
    endloop
  endfacet
  facet normal 0.610032 0.381384 0.694555
    outer loop
      vertex 2.87564 0.331717 11.9256
      vertex 2.80949 0.331717 11.9837
      vertex 2.83234 0.24108 12.0134
    endloop
  endfacet
  facet normal -0.193424 -0.130569 0.972388
    outer loop
      vertex 2.30232 -0.0490522 12.192
      vertex 2.2063 -0.0490522 12.1729
      vertex 2.20962 -0.146317 12.1605
    endloop
  endfacet
  facet normal -0.193711 0.130289 0.972369
    outer loop
      vertex 2.30399 0.146318 12.1793
      vertex 2.20962 0.146318 12.1605
      vertex 2.30232 0.0490532 12.192
    endloop
  endfacet
  facet normal -0.0648225 0.130294 0.989354
    outer loop
      vertex 2.30399 0.146318 12.1793
      vertex 2.30232 0.0490532 12.192
      vertex 2.4 0.0490532 12.1984
    endloop
  endfacet
  facet normal -0.0609276 0.381598 0.922318
    outer loop
      vertex 2.4 0.331717 12.1227
      vertex 2.3122 0.331717 12.1169
      vertex 2.4 0.24108 12.1602
    endloop
  endfacet
  facet normal -0.168979 0.498592 0.850207
    outer loop
      vertex 2.2386 0.416678 12.0524
      vertex 2.2259 0.331717 12.0997
      vertex 2.3186 0.416678 12.0683
    endloop
  endfacet
  facet normal 0.180654 0.381788 0.906423
    outer loop
      vertex 2.5741 0.331717 12.0997
      vertex 2.4878 0.331717 12.1169
      vertex 2.4927 0.24108 12.1541
    endloop
  endfacet
  facet normal 0.180054 0.382276 0.906336
    outer loop
      vertex 2.5741 0.331717 12.0997
      vertex 2.4927 0.24108 12.1541
      vertex 2.58381 0.24108 12.136
    endloop
  endfacet
  facet normal 0.768599 0.381751 0.513344
    outer loop
      vertex 2.98254 0.331717 11.7863
      vertex 2.93365 0.331717 11.8595
      vertex 2.96344 0.24108 11.8823
    endloop
  endfacet
  facet normal 0.731675 0.475227 0.488683
    outer loop
      vertex 2.98254 0.331717 11.7863
      vertex 2.9 1 11.26
      vertex 2.93365 0.331717 11.8595
    endloop
  endfacet
  facet normal 0.726597 0.257995 0.636786
    outer loop
      vertex 2.96344 0.24108 11.8823
      vertex 2.90218 0.24108 11.9522
      vertex 2.92014 0.146318 11.9701
    endloop
  endfacet
  facet normal 0.653442 0.13056 0.745633
    outer loop
      vertex 2.92014 0.146318 11.9701
      vertex 2.85559 0.0490532 12.0437
      vertex 2.92919 0.0490532 11.9792
    endloop
  endfacet
  facet normal 0.745386 0.130517 0.653732
    outer loop
      vertex 2.99374 0.0490532 11.9056
      vertex 2.92014 0.146318 11.9701
      vertex 2.92919 0.0490532 11.9792
    endloop
  endfacet
  facet normal 0.980777 -0 0.195134
    outer loop
      vertex 3.12289 -0.0490522 11.6437
      vertex 3.14199 0.0490532 11.5477
      vertex 3.12289 0.0490532 11.6437
    endloop
  endfacet
  facet normal 0.980777 0 0.195134
    outer loop
      vertex 3.14199 0.0490532 11.5477
      vertex 3.12289 -0.0490522 11.6437
      vertex 3.14199 -0.0490522 11.5477
    endloop
  endfacet
  facet normal 0.997861 -0 0.0653666
    outer loop
      vertex 3.14199 -0.0490522 11.5477
      vertex 3.14839 0.0490532 11.45
      vertex 3.14199 0.0490532 11.5477
    endloop
  endfacet
  facet normal 0.997861 0 0.0653666
    outer loop
      vertex 3.14839 0.0490532 11.45
      vertex 3.14199 -0.0490522 11.5477
      vertex 3.14839 -0.0490522 11.45
    endloop
  endfacet
  facet normal -0.279402 -0.498598 0.82057
    outer loop
      vertex 2.2259 -0.331716 12.0997
      vertex 2.16136 -0.416677 12.0261
      vertex 2.2386 -0.416677 12.0524
    endloop
  endfacet
  facet normal -0.15502 -0.607869 0.778758
    outer loop
      vertex 2.3186 -0.416677 12.0683
      vertex 2.25406 -0.494509 11.9947
      vertex 2.3264 -0.494509 12.0091
    endloop
  endfacet
  facet normal -0.768599 0.381751 0.513344
    outer loop
      vertex 1.86635 0.331717 11.8595
      vertex 1.81746 0.331717 11.7863
      vertex 1.83656 0.24108 11.8823
    endloop
  endfacet
  facet normal -0.768259 0.382093 0.513599
    outer loop
      vertex 1.81746 0.331717 11.7863
      vertex 1.78495 0.24108 11.8051
      vertex 1.83656 0.24108 11.8823
    endloop
  endfacet
  facet normal -0.702951 0.494252 0.511444
    outer loop
      vertex 1.86635 0.331717 11.8595
      vertex 1.90043 0.952319 11.3066
      vertex 1.9 0.958537 11.3
    endloop
  endfacet
  facet normal -0.693494 0.500114 0.518606
    outer loop
      vertex 1.90043 0.952319 11.3066
      vertex 1.86635 0.331717 11.8595
      vertex 1.90526 0.416678 11.8296
    endloop
  endfacet
  facet normal -0.695064 0.499163 0.517419
    outer loop
      vertex 1.86635 0.331717 11.8595
      vertex 1.9 0.958537 11.3
      vertex 1.9 1 11.26
    endloop
  endfacet
  facet normal -0.651681 0.499372 0.570911
    outer loop
      vertex 1.90526 0.416678 11.8296
      vertex 1.86635 0.331717 11.8595
      vertex 1.95905 0.416678 11.891
    endloop
  endfacet
  facet normal -0.608995 0.382283 0.694971
    outer loop
      vertex 1.92436 0.331717 11.9256
      vertex 1.89782 0.24108 11.9522
      vertex 1.96766 0.24108 12.0134
    endloop
  endfacet
  facet normal -0.654117 0.129768 0.745178
    outer loop
      vertex 1.9522 0.146318 12.0336
      vertex 1.87986 0.146318 11.9701
      vertex 1.94441 0.0490532 12.0437
    endloop
  endfacet
  facet normal -0.637236 -0.258709 0.725947
    outer loop
      vertex 1.9522 -0.146317 12.0336
      vertex 1.87986 -0.146317 11.9701
      vertex 1.96766 -0.241079 12.0134
    endloop
  endfacet
  facet normal -0.536284 -0.258362 0.803522
    outer loop
      vertex 2.03221 -0.146317 12.087
      vertex 1.9522 -0.146317 12.0336
      vertex 2.0449 -0.241079 12.065
    endloop
  endfacet
  facet normal -0.745254 -0.130288 0.653927
    outer loop
      vertex 1.87986 -0.146317 11.9701
      vertex 1.80626 -0.0490522 11.9056
      vertex 1.81642 -0.146317 11.8978
    endloop
  endfacet
  facet normal -0.745386 -0.130517 0.653732
    outer loop
      vertex 1.87081 -0.0490522 11.9792
      vertex 1.80626 -0.0490522 11.9056
      vertex 1.87986 -0.146317 11.9701
    endloop
  endfacet
  facet normal -0.972421 -0.130252 0.193471
    outer loop
      vertex 1.67711 -0.0490522 11.6437
      vertex 1.65801 -0.0490522 11.5477
      vertex 1.6707 -0.146317 11.546
    endloop
  endfacet
  facet normal -0.989366 -0.1302 0.0648241
    outer loop
      vertex 1.6707 -0.146317 11.546
      vertex 1.65161 -0.0490522 11.45
      vertex 1.66441 -0.146317 11.45
    endloop
  endfacet
  facet normal -0.914801 -0.258333 0.31049
    outer loop
      vertex 1.7204 -0.146317 11.7315
      vertex 1.68948 -0.146317 11.6404
      vertex 1.714 -0.241079 11.6338
    endloop
  endfacet
  facet normal -0.914844 -0.258261 0.310423
    outer loop
      vertex 1.7204 -0.146317 11.7315
      vertex 1.714 -0.241079 11.6338
      vertex 1.74386 -0.241079 11.7218
    endloop
  endfacet
  facet normal -0.889226 -0.130244 0.438536
    outer loop
      vertex 1.75187 -0.0490522 11.8242
      vertex 1.70857 -0.0490522 11.7364
      vertex 1.76296 -0.146317 11.8178
    endloop
  endfacet
  facet normal -0.803221 0.258327 0.536752
    outer loop
      vertex 1.78495 0.24108 11.8051
      vertex 1.76296 0.146318 11.8178
      vertex 1.81642 0.146318 11.8978
    endloop
  endfacet
  facet normal -0.866386 0.258325 0.427368
    outer loop
      vertex 1.78495 0.24108 11.8051
      vertex 1.74386 0.24108 11.7218
      vertex 1.76296 0.146318 11.8178
    endloop
  endfacet
  facet normal -0.637943 0.257134 -0.725886
    outer loop
      vertex 1.9 0.146318 10.9122
      vertex 1.87986 0.146318 10.9299
      vertex 1.9 0.168055 10.9199
    endloop
  endfacet
  facet normal -0.80799 -0.235835 -0.539939
    outer loop
      vertex 1.9 -1 11.25
      vertex 1.76296 -0.146317 11.0822
      vertex 1.81642 -0.146317 11.0022
    endloop
  endfacet
  facet normal -0.726575 0.256195 -0.637537
    outer loop
      vertex 1.87986 0.146318 10.9299
      vertex 1.81642 0.146318 11.0022
      vertex 1.9 1 11.25
    endloop
  endfacet
  facet normal -0.831468 0 -0.555572
    outer loop
      vertex 1.80626 -0.0490522 10.9944
      vertex 1.75187 0.0490532 11.0758
      vertex 1.80626 0.0490532 10.9944
    endloop
  endfacet
  facet normal -0.831468 -0 -0.555572
    outer loop
      vertex 1.75187 0.0490532 11.0758
      vertex 1.80626 -0.0490522 10.9944
      vertex 1.75187 -0.0490522 11.0758
    endloop
  endfacet
  facet normal -0.922868 0.224059 -0.313228
    outer loop
      vertex 1.7204 0.146318 11.1685
      vertex 1.68948 0.146318 11.2596
      vertex 1.9 1 11.25
    endloop
  endfacet
  facet normal -0.938887 0.130246 -0.318634
    outer loop
      vertex 1.70857 0.0490532 11.1636
      vertex 1.67711 0.0490532 11.2563
      vertex 1.7204 0.146318 11.1685
    endloop
  endfacet
  facet normal -0.92958 0.318895 0.184896
    outer loop
      vertex 1.9 1 11.26
      vertex 1.69588 0.24108 11.5427
      vertex 1.714 0.24108 11.6338
    endloop
  endfacet
  facet normal -0.957659 0.28097 0.0628109
    outer loop
      vertex 1.9 1 11.26
      vertex 1.6898 0.24108 11.45
      vertex 1.69588 0.24108 11.5427
    endloop
  endfacet
  facet normal 0.193711 0.130289 0.972369
    outer loop
      vertex 2.59038 0.146318 12.1605
      vertex 2.49601 0.146318 12.1793
      vertex 2.49768 0.0490532 12.192
    endloop
  endfacet
  facet normal 0.193424 0.130569 0.972388
    outer loop
      vertex 2.59038 0.146318 12.1605
      vertex 2.49768 0.0490532 12.192
      vertex 2.5937 0.0490532 12.1729
    endloop
  endfacet
  facet normal 0.0395889 0.792609 0.608444
    outer loop
      vertex 2.46455 0.56388 11.9403
      vertex 2.4 0.623603 11.8667
      vertex 2.4 0.56388 11.9445
    endloop
  endfacet
  facet normal 0.04595 0.706513 0.706207
    outer loop
      vertex 2.46455 0.56388 11.9403
      vertex 2.4 0.56388 11.9445
      vertex 2.4 0.49451 12.0139
    endloop
  endfacet
  facet normal 0.351688 0.608414 0.711441
    outer loop
      vertex 2.68194 0.49451 11.9383
      vertex 2.61579 0.49451 11.971
      vertex 2.7118 0.416678 11.9901
    endloop
  endfacet
  facet normal 0.41714 0.659345 0.625507
    outer loop
      vertex 2.74327 0.49451 11.8974
      vertex 2.83237 0.843226 11.4704
      vertex 2.68194 0.49451 11.9383
    endloop
  endfacet
  facet normal 0.417923 0.658978 0.62537
    outer loop
      vertex 2.74327 0.49451 11.8974
      vertex 2.84833 0.850376 11.4522
      vertex 2.83237 0.843226 11.4704
    endloop
  endfacet
  facet normal 0.424341 0.655824 0.624363
    outer loop
      vertex 2.84833 0.850376 11.4522
      vertex 2.74327 0.49451 11.8974
      vertex 2.85531 0.855856 11.4417
    endloop
  endfacet
  facet normal 0.15502 0.607869 0.778758
    outer loop
      vertex 2.54594 0.49451 11.9947
      vertex 2.4736 0.49451 12.0091
      vertex 2.4814 0.416678 12.0683
    endloop
  endfacet
  facet normal 0.25523 0.60746 0.75223
    outer loop
      vertex 2.61579 0.49451 11.971
      vertex 2.54594 0.49451 11.9947
      vertex 2.63864 0.416678 12.0261
    endloop
  endfacet
  facet normal 0.350701 0.607506 0.712703
    outer loop
      vertex 2.7118 0.416678 11.9901
      vertex 2.61579 0.49451 11.971
      vertex 2.63864 0.416678 12.0261
    endloop
  endfacet
  facet normal 0.255906 0.607997 0.751566
    outer loop
      vertex 2.63864 0.416678 12.0261
      vertex 2.54594 0.49451 11.9947
      vertex 2.5614 0.416678 12.0524
    endloop
  endfacet
  facet normal 0.608995 0.382283 0.694971
    outer loop
      vertex 2.87564 0.331717 11.9256
      vertex 2.83234 0.24108 12.0134
      vertex 2.90218 0.24108 11.9522
    endloop
  endfacet
  facet normal 0.512981 0.381328 0.769051
    outer loop
      vertex 2.80949 0.331717 11.9837
      vertex 2.73633 0.331717 12.0325
      vertex 2.83234 0.24108 12.0134
    endloop
  endfacet
  facet normal 0.571975 0.498749 0.651225
    outer loop
      vertex 2.84095 0.416678 11.891
      vertex 2.80949 0.331717 11.9837
      vertex 2.87564 0.331717 11.9256
    endloop
  endfacet
  facet normal 0.531099 0.59684 0.601428
    outer loop
      vertex 2.88097 0.880173 11.3957
      vertex 2.84095 0.416678 11.891
      vertex 2.88971 0.898394 11.3699
    endloop
  endfacet
  facet normal 0.522517 0.601086 0.604707
    outer loop
      vertex 2.87348 0.871493 11.4108
      vertex 2.84095 0.416678 11.891
      vertex 2.88097 0.880173 11.3957
    endloop
  endfacet
  facet normal 0.527706 0.59858 0.602685
    outer loop
      vertex 2.84095 0.416678 11.891
      vertex 2.87348 0.871493 11.4108
      vertex 2.77962 0.416678 11.9447
    endloop
  endfacet
  facet normal -0.063432 0.258379 0.963959
    outer loop
      vertex 2.4 0.24108 12.1602
      vertex 2.3073 0.24108 12.1541
      vertex 2.4 0.146318 12.1856
    endloop
  endfacet
  facet normal -0.169393 0.498938 0.849921
    outer loop
      vertex 2.3186 0.416678 12.0683
      vertex 2.2259 0.331717 12.0997
      vertex 2.3122 0.331717 12.1169
    endloop
  endfacet
  facet normal -0.188254 0.25805 0.947613
    outer loop
      vertex 2.21619 0.24108 12.136
      vertex 2.20962 0.146318 12.1605
      vertex 2.3073 0.24108 12.1541
    endloop
  endfacet
  facet normal -0.188734 0.25853 0.947387
    outer loop
      vertex 2.3073 0.24108 12.1541
      vertex 2.20962 0.146318 12.1605
      vertex 2.30399 0.146318 12.1793
    endloop
  endfacet
  facet normal -0.138175 0.706458 0.694136
    outer loop
      vertex 2.33545 0.56388 11.9403
      vertex 2.25406 0.49451 11.9947
      vertex 2.3264 0.49451 12.0091
    endloop
  endfacet
  facet normal -0.154765 0.608018 0.778693
    outer loop
      vertex 2.25406 0.49451 11.9947
      vertex 2.2386 0.416678 12.0524
      vertex 2.3186 0.416678 12.0683
    endloop
  endfacet
  facet normal -0.0562843 0.499572 0.864442
    outer loop
      vertex 2.4 0.416678 12.0736
      vertex 2.3186 0.416678 12.0683
      vertex 2.4 0.331717 12.1227
    endloop
  endfacet
  facet normal -0.0571241 0.498959 0.864741
    outer loop
      vertex 2.3186 0.416678 12.0683
      vertex 2.3122 0.331717 12.1169
      vertex 2.4 0.331717 12.1227
    endloop
  endfacet
  facet normal 0.277713 0.499763 0.820434
    outer loop
      vertex 2.63864 0.416678 12.0261
      vertex 2.5741 0.331717 12.0997
      vertex 2.65741 0.331717 12.0715
    endloop
  endfacet
  facet normal 0.279402 0.498598 0.82057
    outer loop
      vertex 2.63864 0.416678 12.0261
      vertex 2.5614 0.416678 12.0524
      vertex 2.5741 0.331717 12.0997
    endloop
  endfacet
  facet normal 0.651681 0.499372 0.570911
    outer loop
      vertex 2.89474 0.416678 11.8296
      vertex 2.84095 0.416678 11.891
      vertex 2.93365 0.331717 11.8595
    endloop
  endfacet
  facet normal 0.693494 0.500114 0.518606
    outer loop
      vertex 2.93365 0.331717 11.8595
      vertex 2.89957 0.952319 11.3066
      vertex 2.89474 0.416678 11.8296
    endloop
  endfacet
  facet normal 0.695064 0.499163 0.517419
    outer loop
      vertex 2.9 0.958537 11.3
      vertex 2.93365 0.331717 11.8595
      vertex 2.9 1 11.26
    endloop
  endfacet
  facet normal 0.702951 0.494252 0.511444
    outer loop
      vertex 2.89957 0.952319 11.3066
      vertex 2.93365 0.331717 11.8595
      vertex 2.9 0.958537 11.3
    endloop
  endfacet
  facet normal 0.938887 -0.130246 0.318634
    outer loop
      vertex 3.09143 -0.0490522 11.7364
      vertex 3.0796 -0.146317 11.7315
      vertex 3.12289 -0.0490522 11.6437
    endloop
  endfacet
  facet normal 0.946953 -0 0.321372
    outer loop
      vertex 3.09143 -0.0490522 11.7364
      vertex 3.12289 0.0490532 11.6437
      vertex 3.09143 0.0490532 11.7364
    endloop
  endfacet
  facet normal 0.946953 0 0.321372
    outer loop
      vertex 3.12289 0.0490532 11.6437
      vertex 3.09143 -0.0490522 11.7364
      vertex 3.12289 -0.0490522 11.6437
    endloop
  endfacet
  facet normal -0.255906 -0.607997 0.751566
    outer loop
      vertex 2.2386 -0.416677 12.0524
      vertex 2.16136 -0.416677 12.0261
      vertex 2.25406 -0.494509 11.9947
    endloop
  endfacet
  facet normal -0.154765 -0.608018 0.778693
    outer loop
      vertex 2.3186 -0.416677 12.0683
      vertex 2.2386 -0.416677 12.0524
      vertex 2.25406 -0.494509 11.9947
    endloop
  endfacet
  facet normal -0.745254 0.130288 0.653927
    outer loop
      vertex 1.81642 0.146318 11.8978
      vertex 1.80626 0.0490532 11.9056
      vertex 1.87986 0.146318 11.9701
    endloop
  endfacet
  facet normal -0.745386 0.130517 0.653732
    outer loop
      vertex 1.87986 0.146318 11.9701
      vertex 1.80626 0.0490532 11.9056
      vertex 1.87081 0.0490532 11.9792
    endloop
  endfacet
  facet normal -0.550393 -0.130384 0.824662
    outer loop
      vertex 2.0258 -0.0490522 12.0981
      vertex 1.9522 -0.146317 12.0336
      vertex 2.03221 -0.146317 12.087
    endloop
  endfacet
  facet normal -0.654117 -0.129768 0.745178
    outer loop
      vertex 1.94441 -0.0490522 12.0437
      vertex 1.87986 -0.146317 11.9701
      vertex 1.9522 -0.146317 12.0336
    endloop
  endfacet
  facet normal -0.989365 -0.130214 0.06481
    outer loop
      vertex 1.65801 -0.0490522 11.5477
      vertex 1.65161 -0.0490522 11.45
      vertex 1.6707 -0.146317 11.546
    endloop
  endfacet
  facet normal -0.938887 -0.130246 0.318634
    outer loop
      vertex 1.70857 -0.0490522 11.7364
      vertex 1.67711 -0.0490522 11.6437
      vertex 1.7204 -0.146317 11.7315
    endloop
  endfacet
  facet normal -0.889227 -0.130246 0.438534
    outer loop
      vertex 1.76296 -0.146317 11.8178
      vertex 1.70857 -0.0490522 11.7364
      vertex 1.7204 -0.146317 11.7315
    endloop
  endfacet
  facet normal -0.824386 0.130241 -0.55084
    outer loop
      vertex 1.80626 0.0490532 10.9944
      vertex 1.75187 0.0490532 11.0758
      vertex 1.76296 0.146318 11.0822
    endloop
  endfacet
  facet normal -0.824355 0.130286 -0.550875
    outer loop
      vertex 1.80626 0.0490532 10.9944
      vertex 1.76296 0.146318 11.0822
      vertex 1.81642 0.146318 11.0022
    endloop
  endfacet
  facet normal -0.634574 -0.259231 -0.72809
    outer loop
      vertex 1.89782 -0.241079 10.9478
      vertex 1.9 -0.168054 10.9199
      vertex 1.9 -0.241079 10.9459
    endloop
  endfacet
  facet normal -0.638475 -0.257979 -0.725119
    outer loop
      vertex 1.9 -0.168054 10.9199
      vertex 1.89782 -0.241079 10.9478
      vertex 1.87986 -0.146317 10.9299
    endloop
  endfacet
  facet normal -0.721041 -0.25812 -0.64302
    outer loop
      vertex 1.9 -1 11.25
      vertex 1.87986 -0.146317 10.9299
      vertex 1.89782 -0.241079 10.9478
    endloop
  endfacet
  facet normal -0.938881 -0.130217 -0.318663
    outer loop
      vertex 1.68948 -0.146317 11.2596
      vertex 1.67711 -0.0490522 11.2563
      vertex 1.7204 -0.146317 11.1685
    endloop
  endfacet
  facet normal -0.972427 -0.130235 -0.193455
    outer loop
      vertex 1.68948 -0.146317 11.2596
      vertex 1.6707 -0.146317 11.354
      vertex 1.67711 -0.0490522 11.2563
    endloop
  endfacet
  facet normal -0.972427 0.130235 -0.193455
    outer loop
      vertex 1.67711 0.0490532 11.2563
      vertex 1.6707 0.146318 11.354
      vertex 1.68948 0.146318 11.2596
    endloop
  endfacet
  facet normal -0.95377 0.233068 -0.189744
    outer loop
      vertex 1.68948 0.146318 11.2596
      vertex 1.6707 0.146318 11.354
      vertex 1.9 1 11.25
    endloop
  endfacet
  facet normal 0.0632511 0.258546 0.963926
    outer loop
      vertex 2.4927 0.24108 12.1541
      vertex 2.4 0.146318 12.1856
      vertex 2.49601 0.146318 12.1793
    endloop
  endfacet
  facet normal 0.06492 0.130199 0.98936
    outer loop
      vertex 2.49601 0.146318 12.1793
      vertex 2.4 0.146318 12.1856
      vertex 2.4 0.0490532 12.1984
    endloop
  endfacet
  facet normal -0.0395889 0.792609 0.608444
    outer loop
      vertex 2.4 0.623603 11.8667
      vertex 2.33545 0.56388 11.9403
      vertex 2.4 0.56388 11.9445
    endloop
  endfacet
  facet normal -0.0402474 0.792861 0.608072
    outer loop
      vertex 2.34561 0.623603 11.8631
      vertex 2.33545 0.56388 11.9403
      vertex 2.4 0.623603 11.8667
    endloop
  endfacet
  facet normal 0.169393 0.498938 0.849921
    outer loop
      vertex 2.5741 0.331717 12.0997
      vertex 2.4814 0.416678 12.0683
      vertex 2.4878 0.331717 12.1169
    endloop
  endfacet
  facet normal 0.168979 0.498592 0.850207
    outer loop
      vertex 2.5614 0.416678 12.0524
      vertex 2.4814 0.416678 12.0683
      vertex 2.5741 0.331717 12.0997
    endloop
  endfacet
  facet normal 0.227631 0.706308 0.670308
    outer loop
      vertex 2.58924 0.56388 11.9069
      vertex 2.52799 0.56388 11.9277
      vertex 2.54594 0.49451 11.9947
    endloop
  endfacet
  facet normal 0.137906 0.706306 0.694344
    outer loop
      vertex 2.52799 0.56388 11.9277
      vertex 2.46455 0.56388 11.9403
      vertex 2.54594 0.49451 11.9947
    endloop
  endfacet
  facet normal 0.38242 0.499773 0.777163
    outer loop
      vertex 2.7118 0.416678 11.9901
      vertex 2.63864 0.416678 12.0261
      vertex 2.65741 0.331717 12.0715
    endloop
  endfacet
  facet normal 0.384012 0.498677 0.777082
    outer loop
      vertex 2.7118 0.416678 11.9901
      vertex 2.65741 0.331717 12.0715
      vertex 2.73633 0.331717 12.0325
    endloop
  endfacet
  facet normal 0.481822 0.499791 0.719762
    outer loop
      vertex 2.77962 0.416678 11.9447
      vertex 2.7118 0.416678 11.9901
      vertex 2.80949 0.331717 11.9837
    endloop
  endfacet
  facet normal 0.480976 0.498719 0.72107
    outer loop
      vertex 2.80949 0.331717 11.9837
      vertex 2.7118 0.416678 11.9901
      vertex 2.73633 0.331717 12.0325
    endloop
  endfacet
  facet normal -0.536284 0.258362 0.803522
    outer loop
      vertex 2.0449 0.24108 12.065
      vertex 1.9522 0.146318 12.0336
      vertex 2.03221 0.146318 12.087
    endloop
  endfacet
  facet normal -0.536576 0.258755 0.803201
    outer loop
      vertex 1.96766 0.24108 12.0134
      vertex 1.9522 0.146318 12.0336
      vertex 2.0449 0.24108 12.065
    endloop
  endfacet
  facet normal -0.745386 0.130517 -0.653732
    outer loop
      vertex 1.87081 0.0490532 10.9208
      vertex 1.80626 0.0490532 10.9944
      vertex 1.87986 0.146318 10.9299
    endloop
  endfacet
  facet normal -0.653737 0.130331 -0.745414
    outer loop
      vertex 1.87081 0.0490532 10.9208
      vertex 1.9 0.11597 10.9069
      vertex 1.9 0.0490532 10.8952
    endloop
  endfacet
  facet normal -0.654105 0.130567 -0.745049
    outer loop
      vertex 1.9 0.11597 10.9069
      vertex 1.87081 0.0490532 10.9208
      vertex 1.87986 0.146318 10.9299
    endloop
  endfacet
  facet normal -0.745254 -0.130288 -0.653927
    outer loop
      vertex 1.81642 -0.146317 11.0022
      vertex 1.80626 -0.0490522 10.9944
      vertex 1.87986 -0.146317 10.9299
    endloop
  endfacet
  facet normal -0.726575 -0.256194 -0.637537
    outer loop
      vertex 1.9 -1 11.25
      vertex 1.81642 -0.146317 11.0022
      vertex 1.87986 -0.146317 10.9299
    endloop
  endfacet
  facet normal -0.04606 0.706459 0.706253
    outer loop
      vertex 2.33545 0.56388 11.9403
      vertex 2.3264 0.49451 12.0091
      vertex 2.4 0.49451 12.0139
    endloop
  endfacet
  facet normal -0.04595 0.706513 0.706207
    outer loop
      vertex 2.4 0.56388 11.9445
      vertex 2.33545 0.56388 11.9403
      vertex 2.4 0.49451 12.0139
    endloop
  endfacet
  facet normal -0.654105 -0.130567 -0.745049
    outer loop
      vertex 1.87081 -0.0490522 10.9208
      vertex 1.9 -0.115969 10.9069
      vertex 1.87986 -0.146317 10.9299
    endloop
  endfacet
  facet normal -0.653737 -0.130331 -0.745414
    outer loop
      vertex 1.9 -0.115969 10.9069
      vertex 1.87081 -0.0490522 10.9208
      vertex 1.9 -0.0490522 10.8952
    endloop
  endfacet
  facet normal -0.745386 -0.130517 -0.653732
    outer loop
      vertex 1.87986 -0.146317 10.9299
      vertex 1.80626 -0.0490522 10.9944
      vertex 1.87081 -0.0490522 10.9208
    endloop
  endfacet
  facet normal 0.0516758 0.607859 0.792362
    outer loop
      vertex 2.4736 0.49451 12.0091
      vertex 2.4 0.49451 12.0139
      vertex 2.4814 0.416678 12.0683
    endloop
  endfacet
  facet normal 0.04606 0.706459 0.706253
    outer loop
      vertex 2.46455 0.56388 11.9403
      vertex 2.4 0.49451 12.0139
      vertex 2.4736 0.49451 12.0091
    endloop
  endfacet
  facet normal 0.934573 0.0612177 -0.350465
    outer loop
      vertex 3.2 0 7.2
      vertex 3.19316 0.104422 7.2
      vertex 3.5 0 8
    endloop
  endfacet
  facet normal -0.520325 0.77874 -0.350465
    outer loop
      vertex 1.9 0.700256 7.36499
      vertex 1.73036 0.872689 8
      vertex 1.85 0.952628 8
    endloop
  endfacet
  facet normal -0.520355 0.778719 -0.350467
    outer loop
      vertex 1.73036 0.872689 8
      vertex 1.9 0.700256 7.36499
      vertex 1.9 0.651614 7.25691
    endloop
  endfacet
  facet normal 0.704159 0.617522 -0.350467
    outer loop
      vertex 3.27269 0.669638 8
      vertex 3.03468 0.48701 7.2
      vertex 3.17782 0.777818 8
    endloop
  endfacet
  facet normal 0.617509 -0.704177 -0.350453
    outer loop
      vertex 2.96569 -0.565685 7.2
      vertex 2.9 -0.641077 7.23574
      vertex 2.9 -0.62329 7.2
    endloop
  endfacet
  facet normal 0.617504 -0.704177 -0.350462
    outer loop
      vertex 2.9 -0.641077 7.23574
      vertex 2.96569 -0.565685 7.2
      vertex 3.17782 -0.777817 8
    endloop
  endfacet
  facet normal -0.886872 -0.301046 -0.35047
    outer loop
      vertex 1.38373 -0.420951 8
      vertex 1.33748 -0.2847 8
      vertex 1.6609 -0.306147 7.2
    endloop
  endfacet
  facet normal 0.886872 0.301046 -0.35047
    outer loop
      vertex 3.46252 0.284701 8
      vertex 3.1391 0.306148 7.2
      vertex 3.41627 0.420952 8
    endloop
  endfacet
  facet normal 0.704187 -0.617493 -0.350461
    outer loop
      vertex 3.17782 -0.777817 8
      vertex 2.96569 -0.565685 7.2
      vertex 3.03468 -0.487009 7.2
    endloop
  endfacet
  facet normal -0.934573 -0.0612508 -0.35046
    outer loop
      vertex 1.30941 -0.143579 8
      vertex 1.3 0 8
      vertex 1.60684 -0.104421 7.2
    endloop
  endfacet
  facet normal 0.704187 0.617493 -0.350461
    outer loop
      vertex 3.03468 0.48701 7.2
      vertex 2.96569 0.565686 7.2
      vertex 3.17782 0.777818 8
    endloop
  endfacet
  facet normal 0.301039 0.886846 -0.350543
    outer loop
      vertex 2.81421 1 7.95305
      vertex 2.6847 1.06252 8
      vertex 2.82095 1.01627 8
    endloop
  endfacet
  facet normal 0.301082 0.886867 -0.350452
    outer loop
      vertex 2.6847 1.06252 8
      vertex 2.81421 1 7.95305
      vertex 2.68885 1 7.84535
    endloop
  endfacet
  facet normal 0.704159 -0.617522 -0.350467
    outer loop
      vertex 3.17782 -0.777817 8
      vertex 3.03468 -0.487009 7.2
      vertex 3.27269 -0.669637 8
    endloop
  endfacet
  facet normal 0.520325 -0.77874 -0.350465
    outer loop
      vertex 2.9 -0.700255 7.36499
      vertex 3.06964 -0.872688 8
      vertex 2.95 -0.952627 8
    endloop
  endfacet
  facet normal 0.520355 -0.778719 -0.350467
    outer loop
      vertex 3.06964 -0.872688 8
      vertex 2.9 -0.700255 7.36499
      vertex 2.9 -0.651613 7.25691
    endloop
  endfacet
  facet normal 0.886864 -0.301075 -0.350466
    outer loop
      vertex 3.46252 -0.2847 8
      vertex 3.1391 -0.306147 7.2
      vertex 3.17274 -0.207055 7.2
    endloop
  endfacet
  facet normal 0.886872 -0.301046 -0.35047
    outer loop
      vertex 3.41627 -0.420951 8
      vertex 3.1391 -0.306147 7.2
      vertex 3.46252 -0.2847 8
    endloop
  endfacet
  facet normal -0.840001 -0.414214 -0.350465
    outer loop
      vertex 1.70718 -0.4 7.2
      vertex 1.44737 -0.549999 8
      vertex 1.6609 -0.306147 7.2
    endloop
  endfacet
  facet normal -0.301161 -0.886837 -0.35046
    outer loop
      vertex 2.1153 -1.06252 8
      vertex 2.11115 -1 7.84536
      vertex 2.13205 -1 7.8274
    endloop
  endfacet
  facet normal -0.886872 0.301046 -0.35047
    outer loop
      vertex 1.6609 0.306148 7.2
      vertex 1.33748 0.284701 8
      vertex 1.38373 0.420952 8
    endloop
  endfacet
  facet normal -0.918583 0.182711 -0.350461
    outer loop
      vertex 1.60684 0.104422 7.2
      vertex 1.30941 0.143579 8
      vertex 1.33748 0.284701 8
    endloop
  endfacet
  facet normal -0.886864 0.301075 -0.350466
    outer loop
      vertex 1.62726 0.207056 7.2
      vertex 1.33748 0.284701 8
      vertex 1.6609 0.306148 7.2
    endloop
  endfacet
  facet normal -0.414233 0.83999 -0.350468
    outer loop
      vertex 1.9 0.908847 7.83597
      vertex 1.85 0.952628 8
      vertex 1.9 0.977285 8
    endloop
  endfacet
  facet normal -0.414247 0.839951 -0.350544
    outer loop
      vertex 1.98579 1 7.95305
      vertex 1.94606 1 8
      vertex 1.97905 1.01627 8
    endloop
  endfacet
  facet normal -0.300997 0.886891 -0.350464
    outer loop
      vertex 2.13205 1 7.8274
      vertex 2.11115 1 7.84535
      vertex 2.1153 1.06252 8
    endloop
  endfacet
  facet normal 0.182714 0.91858 -0.350465
    outer loop
      vertex 2.64286 1 7.81432
      vertex 2.54358 1.09059 8
      vertex 2.6847 1.06252 8
    endloop
  endfacet
  facet normal 0.182716 0.91858 -0.350464
    outer loop
      vertex 2.54358 1.09059 8
      vertex 2.64286 1 7.81432
      vertex 2.53165 1 7.75634
    endloop
  endfacet
  facet normal 0.617526 0.704156 -0.350467
    outer loop
      vertex 3.17782 0.777818 8
      vertex 2.9 0.651614 7.25691
      vertex 3.06964 0.872689 8
    endloop
  endfacet
  facet normal 0.617499 0.704182 -0.350461
    outer loop
      vertex 2.9 0.651614 7.25691
      vertex 3.17782 0.777818 8
      vertex 2.9 0.641078 7.23574
    endloop
  endfacet
  facet normal 0.778732 0.520335 -0.350467
    outer loop
      vertex 3.35263 0.55 8
      vertex 3.03468 0.48701 7.2
      vertex 3.27269 0.669638 8
    endloop
  endfacet
  facet normal 0.918571 0.182758 -0.350467
    outer loop
      vertex 3.19316 0.104422 7.2
      vertex 3.17274 0.207056 7.2
      vertex 3.46252 0.284701 8
    endloop
  endfacet
  facet normal 0.934573 0.0612508 -0.35046
    outer loop
      vertex 3.5 0 8
      vertex 3.19316 0.104422 7.2
      vertex 3.49059 0.143579 8
    endloop
  endfacet
  facet normal 0.918583 0.182711 -0.350461
    outer loop
      vertex 3.49059 0.143579 8
      vertex 3.19316 0.104422 7.2
      vertex 3.46252 0.284701 8
    endloop
  endfacet
  facet normal 0.934573 -0.0612183 -0.350465
    outer loop
      vertex 3.5 0 8
      vertex 3.19316 -0.104421 7.2
      vertex 3.2 0 7.2
    endloop
  endfacet
  facet normal 0.778732 -0.520335 -0.350467
    outer loop
      vertex 3.27269 -0.669637 8
      vertex 3.03468 -0.487009 7.2
      vertex 3.35263 -0.549999 8
    endloop
  endfacet
  facet normal 0.617526 -0.704156 -0.350467
    outer loop
      vertex 2.9 -0.651613 7.25691
      vertex 3.17782 -0.777817 8
      vertex 3.06964 -0.872688 8
    endloop
  endfacet
  facet normal 0.617499 -0.704182 -0.350461
    outer loop
      vertex 3.17782 -0.777817 8
      vertex 2.9 -0.651613 7.25691
      vertex 2.9 -0.641077 7.23574
    endloop
  endfacet
  facet normal 0.520299 -0.778756 -0.350469
    outer loop
      vertex 2.9 -0.866026 7.73334
      vertex 2.9 -0.700255 7.36499
      vertex 2.95 -0.952627 8
    endloop
  endfacet
  facet normal 0.934573 -0.0612508 -0.35046
    outer loop
      vertex 3.49059 -0.143579 8
      vertex 3.19316 -0.104421 7.2
      vertex 3.5 0 8
    endloop
  endfacet
  facet normal 0.918582 -0.182713 -0.350461
    outer loop
      vertex 3.46252 -0.2847 8
      vertex 3.19316 -0.104421 7.2
      vertex 3.49059 -0.143579 8
    endloop
  endfacet
  facet normal -0.886864 -0.301075 -0.350466
    outer loop
      vertex 1.6609 -0.306147 7.2
      vertex 1.33748 -0.2847 8
      vertex 1.62726 -0.207055 7.2
    endloop
  endfacet
  facet normal -0.918582 -0.182713 -0.350461
    outer loop
      vertex 1.33748 -0.2847 8
      vertex 1.30941 -0.143579 8
      vertex 1.60684 -0.104421 7.2
    endloop
  endfacet
  facet normal -0.704159 -0.617522 -0.350467
    outer loop
      vertex 1.62218 -0.777817 8
      vertex 1.52731 -0.669637 8
      vertex 1.76532 -0.487009 7.2
    endloop
  endfacet
  facet normal -0.778724 -0.520349 -0.350465
    outer loop
      vertex 1.76532 -0.487009 7.2
      vertex 1.44737 -0.549999 8
      vertex 1.70718 -0.4 7.2
    endloop
  endfacet
  facet normal -0.0611758 -0.934573 -0.350473
    outer loop
      vertex 2.4 -1.1 8
      vertex 2.36597 -1 7.73928
      vertex 2.4 -1 7.73334
    endloop
  endfacet
  facet normal 0 0 1
    outer loop
      vertex 1.73036 0.872689 8
      vertex 1.9 0.977285 8
      vertex 1.85 0.952628 8
    endloop
  endfacet
  facet normal 0 0 1
    outer loop
      vertex 1.62218 0.777818 8
      vertex 1.9 0.977285 8
      vertex 1.73036 0.872689 8
    endloop
  endfacet
  facet normal 0 0 1
    outer loop
      vertex 1.9 0.977285 8
      vertex 1.62218 0.777818 8
      vertex 1.9 -0.977284 8
    endloop
  endfacet
  facet normal 0 0 1
    outer loop
      vertex 1.9 -0.977284 8
      vertex 1.73036 -0.872688 8
      vertex 1.85 -0.952627 8
    endloop
  endfacet
  facet normal -0 0 1
    outer loop
      vertex 1.62218 -0.777817 8
      vertex 1.9 -0.977284 8
      vertex 1.62218 0.777818 8
    endloop
  endfacet
  facet normal 0 0 1
    outer loop
      vertex 1.9 -0.977284 8
      vertex 1.62218 -0.777817 8
      vertex 1.73036 -0.872688 8
    endloop
  endfacet
  facet normal -0 0 1
    outer loop
      vertex 1.52731 0.669638 8
      vertex 1.62218 -0.777817 8
      vertex 1.62218 0.777818 8
    endloop
  endfacet
  facet normal 0 0 1
    outer loop
      vertex 1.52731 0.669638 8
      vertex 1.52731 -0.669637 8
      vertex 1.62218 -0.777817 8
    endloop
  endfacet
  facet normal -0 0 1
    outer loop
      vertex 1.44737 0.55 8
      vertex 1.52731 -0.669637 8
      vertex 1.52731 0.669638 8
    endloop
  endfacet
  facet normal 0 0 1
    outer loop
      vertex 1.44737 0.55 8
      vertex 1.44737 -0.549999 8
      vertex 1.52731 -0.669637 8
    endloop
  endfacet
  facet normal -0 0 1
    outer loop
      vertex 1.38373 0.420952 8
      vertex 1.44737 -0.549999 8
      vertex 1.44737 0.55 8
    endloop
  endfacet
  facet normal 0 0 1
    outer loop
      vertex 1.38373 0.420952 8
      vertex 1.38373 -0.420951 8
      vertex 1.44737 -0.549999 8
    endloop
  endfacet
  facet normal -0 0 1
    outer loop
      vertex 1.33748 0.284701 8
      vertex 1.38373 -0.420951 8
      vertex 1.38373 0.420952 8
    endloop
  endfacet
  facet normal 0 0 1
    outer loop
      vertex 1.33748 0.284701 8
      vertex 1.33748 -0.2847 8
      vertex 1.38373 -0.420951 8
    endloop
  endfacet
  facet normal -0 0 1
    outer loop
      vertex 1.30941 0.143579 8
      vertex 1.33748 -0.2847 8
      vertex 1.33748 0.284701 8
    endloop
  endfacet
  facet normal 0 0 1
    outer loop
      vertex 1.30941 0.143579 8
      vertex 1.30941 -0.143579 8
      vertex 1.33748 -0.2847 8
    endloop
  endfacet
  facet normal 0 -0 1
    outer loop
      vertex 1.30941 -0.143579 8
      vertex 1.30941 0.143579 8
      vertex 1.3 0 8
    endloop
  endfacet
  facet normal 0 0 1
    outer loop
      vertex 3.49059 0.143579 8
      vertex 3.49059 -0.143579 8
      vertex 3.5 0 8
    endloop
  endfacet
  facet normal 0 0 1
    outer loop
      vertex 3.46252 0.284701 8
      vertex 3.49059 -0.143579 8
      vertex 3.49059 0.143579 8
    endloop
  endfacet
  facet normal 0 0 1
    outer loop
      vertex 3.46252 0.284701 8
      vertex 3.46252 -0.2847 8
      vertex 3.49059 -0.143579 8
    endloop
  endfacet
  facet normal 0 0 1
    outer loop
      vertex 3.41627 0.420952 8
      vertex 3.46252 -0.2847 8
      vertex 3.46252 0.284701 8
    endloop
  endfacet
  facet normal 0 0 1
    outer loop
      vertex 3.41627 0.420952 8
      vertex 3.41627 -0.420951 8
      vertex 3.46252 -0.2847 8
    endloop
  endfacet
  facet normal 0 0 1
    outer loop
      vertex 3.35263 0.55 8
      vertex 3.41627 -0.420951 8
      vertex 3.41627 0.420952 8
    endloop
  endfacet
  facet normal 0 0 1
    outer loop
      vertex 3.35263 0.55 8
      vertex 3.35263 -0.549999 8
      vertex 3.41627 -0.420951 8
    endloop
  endfacet
  facet normal 0 0 1
    outer loop
      vertex 3.27269 0.669638 8
      vertex 3.35263 -0.549999 8
      vertex 3.35263 0.55 8
    endloop
  endfacet
  facet normal 0 0 1
    outer loop
      vertex 3.27269 0.669638 8
      vertex 3.27269 -0.669637 8
      vertex 3.35263 -0.549999 8
    endloop
  endfacet
  facet normal 0 0 1
    outer loop
      vertex 3.17782 0.777818 8
      vertex 3.27269 -0.669637 8
      vertex 3.27269 0.669638 8
    endloop
  endfacet
  facet normal 0 0 1
    outer loop
      vertex 3.17782 0.777818 8
      vertex 3.17782 -0.777817 8
      vertex 3.27269 -0.669637 8
    endloop
  endfacet
  facet normal 0 0 1
    outer loop
      vertex 2.9 0.977285 8
      vertex 3.17782 0.777818 8
      vertex 3.06964 0.872689 8
    endloop
  endfacet
  facet normal 0 0 1
    outer loop
      vertex 3.17782 0.777818 8
      vertex 2.9 0.977285 8
      vertex 3.17782 -0.777817 8
    endloop
  endfacet
  facet normal 0 0 1
    outer loop
      vertex 2.9 0.977285 8
      vertex 3.06964 0.872689 8
      vertex 2.95 0.952628 8
    endloop
  endfacet
  facet normal 0 0 1
    outer loop
      vertex 2.9 -0.977284 8
      vertex 3.17782 -0.777817 8
      vertex 2.9 0.977285 8
    endloop
  endfacet
  facet normal 0 0 1
    outer loop
      vertex 3.17782 -0.777817 8
      vertex 2.9 -0.977284 8
      vertex 3.06964 -0.872688 8
    endloop
  endfacet
  facet normal 0 0 1
    outer loop
      vertex 3.06964 -0.872688 8
      vertex 2.9 -0.977284 8
      vertex 2.95 -0.952627 8
    endloop
  endfacet
  facet normal 0 0 1
    outer loop
      vertex 2.85394 -1 8
      vertex 2.6847 -1.06252 8
      vertex 2.82095 -1.01627 8
    endloop
  endfacet
  facet normal 0 0 1
    outer loop
      vertex 2.85394 -1 8
      vertex 2.54358 -1.09059 8
      vertex 2.6847 -1.06252 8
    endloop
  endfacet
  facet normal 0 0 1
    outer loop
      vertex 2.85394 -1 8
      vertex 2.4 -1.1 8
      vertex 2.54358 -1.09059 8
    endloop
  endfacet
  facet normal 0 0 1
    outer loop
      vertex 2.85394 -1 8
      vertex 2.25642 -1.09059 8
      vertex 2.4 -1.1 8
    endloop
  endfacet
  facet normal 0 0 1
    outer loop
      vertex 2.85394 -1 8
      vertex 2.1153 -1.06252 8
      vertex 2.25642 -1.09059 8
    endloop
  endfacet
  facet normal -0 0 1
    outer loop
      vertex 1.94606 -1 8
      vertex 2.1153 -1.06252 8
      vertex 2.85394 -1 8
    endloop
  endfacet
  facet normal 0 0 1
    outer loop
      vertex 2.1153 -1.06252 8
      vertex 1.94606 -1 8
      vertex 1.97905 -1.01627 8
    endloop
  endfacet
  facet normal 0 0 1
    outer loop
      vertex 2.6847 1.06252 8
      vertex 2.85394 1 8
      vertex 2.82095 1.01627 8
    endloop
  endfacet
  facet normal 0 0 1
    outer loop
      vertex 2.54358 1.09059 8
      vertex 2.85394 1 8
      vertex 2.6847 1.06252 8
    endloop
  endfacet
  facet normal 0 0 1
    outer loop
      vertex 2.4 1.1 8
      vertex 2.85394 1 8
      vertex 2.54358 1.09059 8
    endloop
  endfacet
  facet normal -0 0 1
    outer loop
      vertex 2.25642 1.09059 8
      vertex 2.85394 1 8
      vertex 2.4 1.1 8
    endloop
  endfacet
  facet normal -0 0 1
    outer loop
      vertex 2.1153 1.06252 8
      vertex 2.85394 1 8
      vertex 2.25642 1.09059 8
    endloop
  endfacet
  facet normal 0 0 1
    outer loop
      vertex 1.94606 1 8
      vertex 2.1153 1.06252 8
      vertex 1.97905 1.01627 8
    endloop
  endfacet
  facet normal 0 0 1
    outer loop
      vertex 2.1153 1.06252 8
      vertex 1.94606 1 8
      vertex 2.85394 1 8
    endloop
  endfacet
  facet normal -0.704159 0.617522 -0.350467
    outer loop
      vertex 1.76532 0.48701 7.2
      vertex 1.52731 0.669638 8
      vertex 1.62218 0.777818 8
    endloop
  endfacet
  facet normal -0.778732 0.520335 -0.350467
    outer loop
      vertex 1.76532 0.48701 7.2
      vertex 1.44737 0.55 8
      vertex 1.52731 0.669638 8
    endloop
  endfacet
  facet normal -0.704187 0.617493 -0.350461
    outer loop
      vertex 1.76532 0.48701 7.2
      vertex 1.62218 0.777818 8
      vertex 1.83431 0.565686 7.2
    endloop
  endfacet
  facet normal -0.617509 0.704177 -0.350453
    outer loop
      vertex 1.83431 0.565686 7.2
      vertex 1.9 0.641078 7.23574
      vertex 1.9 0.623291 7.2
    endloop
  endfacet
  facet normal -0.617504 0.704177 -0.350462
    outer loop
      vertex 1.9 0.641078 7.23574
      vertex 1.83431 0.565686 7.2
      vertex 1.62218 0.777818 8
    endloop
  endfacet
  facet normal -0.918571 0.182758 -0.350467
    outer loop
      vertex 1.60684 0.104422 7.2
      vertex 1.33748 0.284701 8
      vertex 1.62726 0.207056 7.2
    endloop
  endfacet
  facet normal -0.182705 0.918583 -0.350464
    outer loop
      vertex 2.13205 1 7.8274
      vertex 2.1153 1.06252 8
      vertex 2.15714 1 7.81432
    endloop
  endfacet
  facet normal -0.301039 0.886846 -0.350543
    outer loop
      vertex 2.1153 1.06252 8
      vertex 1.98579 1 7.95305
      vertex 1.97905 1.01627 8
    endloop
  endfacet
  facet normal -0.301082 0.886867 -0.350452
    outer loop
      vertex 1.98579 1 7.95305
      vertex 2.1153 1.06252 8
      vertex 2.11115 1 7.84535
    endloop
  endfacet
  facet normal 0.0612503 0.934572 -0.350462
    outer loop
      vertex 2.53165 1 7.75634
      vertex 2.4 1.1 8
      vertex 2.54358 1.09059 8
    endloop
  endfacet
  facet normal 0.0612468 0.934572 -0.350464
    outer loop
      vertex 2.4 1.1 8
      vertex 2.53165 1 7.75634
      vertex 2.43403 1 7.73928
    endloop
  endfacet
  facet normal 0.414247 0.839951 -0.350544
    outer loop
      vertex 2.85394 1 8
      vertex 2.81421 1 7.95305
      vertex 2.82095 1.01627 8
    endloop
  endfacet
  facet normal 0.414233 0.83999 -0.350468
    outer loop
      vertex 2.95 0.952628 8
      vertex 2.9 0.908847 7.83597
      vertex 2.9 0.977285 8
    endloop
  endfacet
  facet normal 0.617504 0.704177 -0.350462
    outer loop
      vertex 2.96569 0.565686 7.2
      vertex 2.9 0.641078 7.23574
      vertex 3.17782 0.777818 8
    endloop
  endfacet
  facet normal 0.617509 0.704177 -0.350453
    outer loop
      vertex 2.9 0.641078 7.23574
      vertex 2.96569 0.565686 7.2
      vertex 2.9 0.623291 7.2
    endloop
  endfacet
  facet normal 0.886864 0.301075 -0.350466
    outer loop
      vertex 3.17274 0.207056 7.2
      vertex 3.1391 0.306148 7.2
      vertex 3.46252 0.284701 8
    endloop
  endfacet
  facet normal 0.778724 -0.520349 -0.350465
    outer loop
      vertex 3.35263 -0.549999 8
      vertex 3.03468 -0.487009 7.2
      vertex 3.09282 -0.4 7.2
    endloop
  endfacet
  facet normal 0.839986 -0.414239 -0.350469
    outer loop
      vertex 3.35263 -0.549999 8
      vertex 3.1391 -0.306147 7.2
      vertex 3.41627 -0.420951 8
    endloop
  endfacet
  facet normal 0.414247 -0.839951 -0.350544
    outer loop
      vertex 2.82095 -1.01627 8
      vertex 2.81421 -1 7.95305
      vertex 2.85394 -1 8
    endloop
  endfacet
  facet normal 0.414233 -0.83999 -0.350468
    outer loop
      vertex 2.9 -0.977284 8
      vertex 2.9 -0.908846 7.83597
      vertex 2.95 -0.952627 8
    endloop
  endfacet
  facet normal 0.06125 -0.934567 -0.350475
    outer loop
      vertex 2.4 -1.1 8
      vertex 2.53165 -1 7.75635
      vertex 2.54358 -1.09059 8
    endloop
  endfacet
  facet normal 0.0612819 -0.934571 -0.350459
    outer loop
      vertex 2.53165 -1 7.75635
      vertex 2.4 -1.1 8
      vertex 2.43403 -1 7.73928
    endloop
  endfacet
  facet normal 0.0611758 -0.934573 -0.350473
    outer loop
      vertex 2.4 -1.1 8
      vertex 2.4 -1 7.73334
      vertex 2.43403 -1 7.73928
    endloop
  endfacet
  facet normal 0.918571 -0.182758 -0.350467
    outer loop
      vertex 3.46252 -0.2847 8
      vertex 3.17274 -0.207055 7.2
      vertex 3.19316 -0.104421 7.2
    endloop
  endfacet
  facet normal -0.934573 -0.0612183 -0.350465
    outer loop
      vertex 1.60684 -0.104421 7.2
      vertex 1.3 0 8
      vertex 1.6 0 7.2
    endloop
  endfacet
  facet normal 0 0 -1
    outer loop
      vertex 3.19316 -0.104421 7.2
      vertex 3.19316 0.104422 7.2
      vertex 3.2 0 7.2
    endloop
  endfacet
  facet normal 0 0 -1
    outer loop
      vertex 3.17274 -0.207055 7.2
      vertex 3.19316 0.104422 7.2
      vertex 3.19316 -0.104421 7.2
    endloop
  endfacet
  facet normal 0 0 -1
    outer loop
      vertex 3.17274 -0.207055 7.2
      vertex 3.17274 0.207056 7.2
      vertex 3.19316 0.104422 7.2
    endloop
  endfacet
  facet normal 0 0 -1
    outer loop
      vertex 3.1391 -0.306147 7.2
      vertex 3.17274 0.207056 7.2
      vertex 3.17274 -0.207055 7.2
    endloop
  endfacet
  facet normal 0 0 -1
    outer loop
      vertex 3.1391 -0.306147 7.2
      vertex 3.1391 0.306148 7.2
      vertex 3.17274 0.207056 7.2
    endloop
  endfacet
  facet normal 0 0 -1
    outer loop
      vertex 3.09282 -0.4 7.2
      vertex 3.1391 0.306148 7.2
      vertex 3.1391 -0.306147 7.2
    endloop
  endfacet
  facet normal 0 0 -1
    outer loop
      vertex 3.09282 -0.4 7.2
      vertex 3.09282 0.400001 7.2
      vertex 3.1391 0.306148 7.2
    endloop
  endfacet
  facet normal 0 0 -1
    outer loop
      vertex 3.03468 -0.487009 7.2
      vertex 3.09282 0.400001 7.2
      vertex 3.09282 -0.4 7.2
    endloop
  endfacet
  facet normal 0 0 -1
    outer loop
      vertex 3.03468 -0.487009 7.2
      vertex 3.03468 0.48701 7.2
      vertex 3.09282 0.400001 7.2
    endloop
  endfacet
  facet normal 0 0 -1
    outer loop
      vertex 2.9 -0.62329 7.2
      vertex 3.03468 -0.487009 7.2
      vertex 2.96569 -0.565685 7.2
    endloop
  endfacet
  facet normal -0 0 -1
    outer loop
      vertex 3.03468 -0.487009 7.2
      vertex 2.9 -0.62329 7.2
      vertex 3.03468 0.48701 7.2
    endloop
  endfacet
  facet normal 0 0 -1
    outer loop
      vertex 2.9 0.623291 7.2
      vertex 3.03468 0.48701 7.2
      vertex 2.9 -0.62329 7.2
    endloop
  endfacet
  facet normal 0 0 -1
    outer loop
      vertex 3.03468 0.48701 7.2
      vertex 2.9 0.623291 7.2
      vertex 2.96569 0.565686 7.2
    endloop
  endfacet
  facet normal 0 0 -1
    outer loop
      vertex 1.76532 -0.487009 7.2
      vertex 1.9 -0.62329 7.2
      vertex 1.83431 -0.565685 7.2
    endloop
  endfacet
  facet normal 0 0 -1
    outer loop
      vertex 1.9 -0.62329 7.2
      vertex 1.76532 -0.487009 7.2
      vertex 1.9 0.623291 7.2
    endloop
  endfacet
  facet normal 0 0 -1
    outer loop
      vertex 1.76532 0.48701 7.2
      vertex 1.9 0.623291 7.2
      vertex 1.76532 -0.487009 7.2
    endloop
  endfacet
  facet normal 0 0 -1
    outer loop
      vertex 1.9 0.623291 7.2
      vertex 1.76532 0.48701 7.2
      vertex 1.83431 0.565686 7.2
    endloop
  endfacet
  facet normal 0 0 -1
    outer loop
      vertex 1.70718 -0.4 7.2
      vertex 1.76532 0.48701 7.2
      vertex 1.76532 -0.487009 7.2
    endloop
  endfacet
  facet normal 0 0 -1
    outer loop
      vertex 1.70718 -0.4 7.2
      vertex 1.70718 0.400001 7.2
      vertex 1.76532 0.48701 7.2
    endloop
  endfacet
  facet normal 0 0 -1
    outer loop
      vertex 1.6609 -0.306147 7.2
      vertex 1.70718 0.400001 7.2
      vertex 1.70718 -0.4 7.2
    endloop
  endfacet
  facet normal 0 0 -1
    outer loop
      vertex 1.6609 -0.306147 7.2
      vertex 1.6609 0.306148 7.2
      vertex 1.70718 0.400001 7.2
    endloop
  endfacet
  facet normal 0 0 -1
    outer loop
      vertex 1.62726 -0.207055 7.2
      vertex 1.6609 0.306148 7.2
      vertex 1.6609 -0.306147 7.2
    endloop
  endfacet
  facet normal 0 0 -1
    outer loop
      vertex 1.62726 -0.207055 7.2
      vertex 1.62726 0.207056 7.2
      vertex 1.6609 0.306148 7.2
    endloop
  endfacet
  facet normal 0 0 -1
    outer loop
      vertex 1.60684 -0.104421 7.2
      vertex 1.62726 0.207056 7.2
      vertex 1.62726 -0.207055 7.2
    endloop
  endfacet
  facet normal 0 0 -1
    outer loop
      vertex 1.60684 -0.104421 7.2
      vertex 1.60684 0.104422 7.2
      vertex 1.62726 0.207056 7.2
    endloop
  endfacet
  facet normal 0 -0 -1
    outer loop
      vertex 1.60684 0.104422 7.2
      vertex 1.60684 -0.104421 7.2
      vertex 1.6 0 7.2
    endloop
  endfacet
  facet normal -0.839986 -0.414239 -0.350469
    outer loop
      vertex 1.44737 -0.549999 8
      vertex 1.38373 -0.420951 8
      vertex 1.6609 -0.306147 7.2
    endloop
  endfacet
  facet normal -0.617504 -0.704177 -0.350462
    outer loop
      vertex 1.83431 -0.565685 7.2
      vertex 1.9 -0.641077 7.23574
      vertex 1.62218 -0.777817 8
    endloop
  endfacet
  facet normal -0.617509 -0.704177 -0.350453
    outer loop
      vertex 1.9 -0.641077 7.23574
      vertex 1.83431 -0.565685 7.2
      vertex 1.9 -0.62329 7.2
    endloop
  endfacet
  facet normal -0.704187 -0.617493 -0.350461
    outer loop
      vertex 1.83431 -0.565685 7.2
      vertex 1.62218 -0.777817 8
      vertex 1.76532 -0.487009 7.2
    endloop
  endfacet
  facet normal -0.06125 -0.934567 -0.350475
    outer loop
      vertex 2.26835 -1 7.75635
      vertex 2.4 -1.1 8
      vertex 2.25642 -1.09059 8
    endloop
  endfacet
  facet normal -0.0612819 -0.934571 -0.350459
    outer loop
      vertex 2.4 -1.1 8
      vertex 2.26835 -1 7.75635
      vertex 2.36597 -1 7.73928
    endloop
  endfacet
  facet normal -0.414247 -0.839951 -0.350544
    outer loop
      vertex 1.97905 -1.01627 8
      vertex 1.94606 -1 8
      vertex 1.98579 -1 7.95305
    endloop
  endfacet
  facet normal -0.414233 -0.83999 -0.350468
    outer loop
      vertex 1.9 -0.977284 8
      vertex 1.85 -0.952627 8
      vertex 1.9 -0.908846 7.83597
    endloop
  endfacet
  facet normal -0.301039 -0.886846 -0.350543
    outer loop
      vertex 1.98579 -1 7.95305
      vertex 2.1153 -1.06252 8
      vertex 1.97905 -1.01627 8
    endloop
  endfacet
  facet normal -0.301072 -0.886862 -0.350473
    outer loop
      vertex 2.1153 -1.06252 8
      vertex 1.98579 -1 7.95305
      vertex 2.11115 -1 7.84536
    endloop
  endfacet
  facet normal -0.617526 -0.704156 -0.350467
    outer loop
      vertex 1.62218 -0.777817 8
      vertex 1.9 -0.651613 7.25691
      vertex 1.73036 -0.872688 8
    endloop
  endfacet
  facet normal -0.617499 -0.704182 -0.350461
    outer loop
      vertex 1.9 -0.651613 7.25691
      vertex 1.62218 -0.777817 8
      vertex 1.9 -0.641077 7.23574
    endloop
  endfacet
  facet normal -0.520325 -0.77874 -0.350465
    outer loop
      vertex 1.73036 -0.872688 8
      vertex 1.9 -0.700255 7.36499
      vertex 1.85 -0.952627 8
    endloop
  endfacet
  facet normal -0.520355 -0.778719 -0.350467
    outer loop
      vertex 1.9 -0.700255 7.36499
      vertex 1.73036 -0.872688 8
      vertex 1.9 -0.651613 7.25691
    endloop
  endfacet
  facet normal -0.839986 0.414239 -0.350469
    outer loop
      vertex 1.6609 0.306148 7.2
      vertex 1.38373 0.420952 8
      vertex 1.44737 0.55 8
    endloop
  endfacet
  facet normal -0.934573 0.0612177 -0.350465
    outer loop
      vertex 1.6 0 7.2
      vertex 1.3 0 8
      vertex 1.60684 0.104422 7.2
    endloop
  endfacet
  facet normal -0.934573 0.0612508 -0.35046
    outer loop
      vertex 1.60684 0.104422 7.2
      vertex 1.3 0 8
      vertex 1.30941 0.143579 8
    endloop
  endfacet
  facet normal -0.778724 0.520349 -0.350465
    outer loop
      vertex 1.70718 0.400001 7.2
      vertex 1.44737 0.55 8
      vertex 1.76532 0.48701 7.2
    endloop
  endfacet
  facet normal -0.617526 0.704156 -0.350467
    outer loop
      vertex 1.9 0.651614 7.25691
      vertex 1.62218 0.777818 8
      vertex 1.73036 0.872689 8
    endloop
  endfacet
  facet normal -0.617499 0.704182 -0.350461
    outer loop
      vertex 1.62218 0.777818 8
      vertex 1.9 0.651614 7.25691
      vertex 1.9 0.641078 7.23574
    endloop
  endfacet
  facet normal -0.414229 0.839992 -0.350467
    outer loop
      vertex 1.9 0.866027 7.73334
      vertex 1.85 0.952628 8
      vertex 1.9 0.908847 7.83597
    endloop
  endfacet
  facet normal -0.0612764 0.934571 -0.35046
    outer loop
      vertex 2.4 1 7.73333
      vertex 2.36597 1 7.73928
      vertex 2.4 1.1 8
    endloop
  endfacet
  facet normal 0.414229 0.839992 -0.350467
    outer loop
      vertex 2.95 0.952628 8
      vertex 2.9 0.866027 7.73334
      vertex 2.9 0.908847 7.83597
    endloop
  endfacet
  facet normal 0.520325 0.77874 -0.350465
    outer loop
      vertex 3.06964 0.872689 8
      vertex 2.9 0.700256 7.36499
      vertex 2.95 0.952628 8
    endloop
  endfacet
  facet normal 0.520355 0.778719 -0.350467
    outer loop
      vertex 2.9 0.700256 7.36499
      vertex 3.06964 0.872689 8
      vertex 2.9 0.651614 7.25691
    endloop
  endfacet
  facet normal 0.182705 0.918583 -0.350464
    outer loop
      vertex 2.66795 1 7.8274
      vertex 2.64286 1 7.81432
      vertex 2.6847 1.06252 8
    endloop
  endfacet
  facet normal 0.300997 0.886891 -0.350464
    outer loop
      vertex 2.68885 1 7.84535
      vertex 2.66795 1 7.8274
      vertex 2.6847 1.06252 8
    endloop
  endfacet
  facet normal 0.839986 0.414239 -0.350469
    outer loop
      vertex 3.41627 0.420952 8
      vertex 3.1391 0.306148 7.2
      vertex 3.35263 0.55 8
    endloop
  endfacet
  facet normal 0.778724 0.520349 -0.350465
    outer loop
      vertex 3.09282 0.400001 7.2
      vertex 3.03468 0.48701 7.2
      vertex 3.35263 0.55 8
    endloop
  endfacet
  facet normal 0.840001 -0.414214 -0.350465
    outer loop
      vertex 3.35263 -0.549999 8
      vertex 3.09282 -0.4 7.2
      vertex 3.1391 -0.306147 7.2
    endloop
  endfacet
  facet normal 0.301039 -0.886846 -0.350543
    outer loop
      vertex 2.6847 -1.06252 8
      vertex 2.81421 -1 7.95305
      vertex 2.82095 -1.01627 8
    endloop
  endfacet
  facet normal 0.301072 -0.886862 -0.350473
    outer loop
      vertex 2.81421 -1 7.95305
      vertex 2.6847 -1.06252 8
      vertex 2.68885 -1 7.84536
    endloop
  endfacet
  facet normal 0.301161 -0.886837 -0.35046
    outer loop
      vertex 2.6847 -1.06252 8
      vertex 2.66795 -1 7.8274
      vertex 2.68885 -1 7.84536
    endloop
  endfacet
  facet normal 0.182714 -0.91858 -0.350465
    outer loop
      vertex 2.54358 -1.09059 8
      vertex 2.64286 -1 7.81432
      vertex 2.6847 -1.06252 8
    endloop
  endfacet
  facet normal 0.182692 -0.91858 -0.350477
    outer loop
      vertex 2.64286 -1 7.81432
      vertex 2.54358 -1.09059 8
      vertex 2.53165 -1 7.75635
    endloop
  endfacet
  facet normal -0.918571 -0.182758 -0.350467
    outer loop
      vertex 1.62726 -0.207055 7.2
      vertex 1.33748 -0.2847 8
      vertex 1.60684 -0.104421 7.2
    endloop
  endfacet
  facet normal -0.778732 -0.520335 -0.350467
    outer loop
      vertex 1.52731 -0.669637 8
      vertex 1.44737 -0.549999 8
      vertex 1.76532 -0.487009 7.2
    endloop
  endfacet
  facet normal -0.182714 -0.91858 -0.350465
    outer loop
      vertex 2.15714 -1 7.81432
      vertex 2.25642 -1.09059 8
      vertex 2.1153 -1.06252 8
    endloop
  endfacet
  facet normal -0.182692 -0.91858 -0.350477
    outer loop
      vertex 2.25642 -1.09059 8
      vertex 2.15714 -1 7.81432
      vertex 2.26835 -1 7.75635
    endloop
  endfacet
  facet normal -0.182705 -0.918583 -0.350464
    outer loop
      vertex 2.15714 -1 7.81432
      vertex 2.1153 -1.06252 8
      vertex 2.13205 -1 7.8274
    endloop
  endfacet
  facet normal -0.520299 -0.778756 -0.350469
    outer loop
      vertex 1.9 -0.866026 7.73334
      vertex 1.85 -0.952627 8
      vertex 1.9 -0.700255 7.36499
    endloop
  endfacet
  facet normal -0.840001 0.414214 -0.350465
    outer loop
      vertex 1.6609 0.306148 7.2
      vertex 1.44737 0.55 8
      vertex 1.70718 0.400001 7.2
    endloop
  endfacet
  facet normal -0.520299 0.778756 -0.350469
    outer loop
      vertex 1.9 0.700256 7.36499
      vertex 1.85 0.952628 8
      vertex 1.9 0.866027 7.73334
    endloop
  endfacet
  facet normal -0.0612503 0.934572 -0.350462
    outer loop
      vertex 2.4 1.1 8
      vertex 2.26835 1 7.75634
      vertex 2.25642 1.09059 8
    endloop
  endfacet
  facet normal -0.0612468 0.934572 -0.350464
    outer loop
      vertex 2.26835 1 7.75634
      vertex 2.4 1.1 8
      vertex 2.36597 1 7.73928
    endloop
  endfacet
  facet normal -0.182714 0.91858 -0.350465
    outer loop
      vertex 2.25642 1.09059 8
      vertex 2.15714 1 7.81432
      vertex 2.1153 1.06252 8
    endloop
  endfacet
  facet normal -0.182716 0.91858 -0.350464
    outer loop
      vertex 2.15714 1 7.81432
      vertex 2.25642 1.09059 8
      vertex 2.26835 1 7.75634
    endloop
  endfacet
  facet normal 0.0612764 0.934571 -0.35046
    outer loop
      vertex 2.43403 1 7.73928
      vertex 2.4 1 7.73333
      vertex 2.4 1.1 8
    endloop
  endfacet
  facet normal 0.520299 0.778756 -0.350469
    outer loop
      vertex 2.95 0.952628 8
      vertex 2.9 0.700256 7.36499
      vertex 2.9 0.866027 7.73334
    endloop
  endfacet
  facet normal 0.840001 0.414214 -0.350465
    outer loop
      vertex 3.1391 0.306148 7.2
      vertex 3.09282 0.400001 7.2
      vertex 3.35263 0.55 8
    endloop
  endfacet
  facet normal 0.414229 -0.839992 -0.350467
    outer loop
      vertex 2.9 -0.908846 7.83597
      vertex 2.9 -0.866026 7.73334
      vertex 2.95 -0.952627 8
    endloop
  endfacet
  facet normal 0.182705 -0.918583 -0.350464
    outer loop
      vertex 2.6847 -1.06252 8
      vertex 2.64286 -1 7.81432
      vertex 2.66795 -1 7.8274
    endloop
  endfacet
  facet normal -0.414229 -0.839992 -0.350467
    outer loop
      vertex 1.9 -0.908846 7.83597
      vertex 1.85 -0.952627 8
      vertex 1.9 -0.866026 7.73334
    endloop
  endfacet
endsolid OpenSCAD_Model
