solid OpenSCAD_Model
  facet normal -0.626548 -0.779383 0
    outer loop
      vertex -3.46233 -4.38864 3.15
      vertex -3.3711 -4.46198 3.5
      vertex -3.46233 -4.38864 3.5
    endloop
  endfacet
  facet normal -0.626548 -0.779383 -0
    outer loop
      vertex -3.3711 -4.46198 3.5
      vertex -3.46233 -4.38864 3.15
      vertex -3.3711 -4.46198 3.15
    endloop
  endfacet
  facet normal -0.877091 -0.480324 0
    outer loop
      vertex -3.46233 -4.38864 3.15
      vertex -3.51855 -4.28598 3.5
      vertex -3.51855 -4.28598 3.15
    endloop
  endfacet
  facet normal -0.877091 -0.480324 0
    outer loop
      vertex -3.51855 -4.28598 3.5
      vertex -3.46233 -4.38864 3.15
      vertex -3.46233 -4.38864 3.5
    endloop
  endfacet
  facet normal -0.779383 0.626548 0
    outer loop
      vertex -3.49837 -4.05725 3.15
      vertex -3.42503 -3.96602 3.5
      vertex -3.42503 -3.96602 3.15
    endloop
  endfacet
  facet normal -0.779383 0.626548 0
    outer loop
      vertex -3.42503 -3.96602 3.5
      vertex -3.49837 -4.05725 3.15
      vertex -3.49837 -4.05725 3.5
    endloop
  endfacet
  facet normal -0.994134 -0.108153 0
    outer loop
      vertex -3.51855 -4.28598 3.15
      vertex -3.53121 -4.16961 3.5
      vertex -3.53121 -4.16961 3.15
    endloop
  endfacet
  facet normal -0.994134 -0.108153 0
    outer loop
      vertex -3.53121 -4.16961 3.5
      vertex -3.51855 -4.28598 3.15
      vertex -3.51855 -4.28598 3.5
    endloop
  endfacet
  facet normal -0.108153 0.994134 0
    outer loop
      vertex -3.20599 -3.89714 3.15
      vertex -3.32236 -3.9098 3.5
      vertex -3.20599 -3.89714 3.5
    endloop
  endfacet
  facet normal -0.108153 0.994134 0
    outer loop
      vertex -3.32236 -3.9098 3.5
      vertex -3.20599 -3.89714 3.15
      vertex -3.32236 -3.9098 3.15
    endloop
  endfacet
  facet normal 0 0 -1
    outer loop
      vertex -2.96637 -4.33471 3.15
      vertex -2.94618 -4.10599 3.15
      vertex -2.93353 -4.22236 3.15
    endloop
  endfacet
  facet normal 0 0 -1
    outer loop
      vertex -2.96637 -4.33471 3.15
      vertex -3.00241 -4.00332 3.15
      vertex -2.94618 -4.10599 3.15
    endloop
  endfacet
  facet normal 0 0 -1
    outer loop
      vertex -3.03971 -4.42594 3.15
      vertex -3.00241 -4.00332 3.15
      vertex -2.96637 -4.33471 3.15
    endloop
  endfacet
  facet normal 0 0 -1
    outer loop
      vertex -3.03971 -4.42594 3.15
      vertex -3.09364 -3.92999 3.15
      vertex -3.00241 -4.00332 3.15
    endloop
  endfacet
  facet normal 0 0 -1
    outer loop
      vertex -3.14238 -4.48217 3.15
      vertex -3.09364 -3.92999 3.15
      vertex -3.03971 -4.42594 3.15
    endloop
  endfacet
  facet normal 0 0 -1
    outer loop
      vertex -3.14238 -4.48217 3.15
      vertex -3.20599 -3.89714 3.15
      vertex -3.09364 -3.92999 3.15
    endloop
  endfacet
  facet normal 0 0 -1
    outer loop
      vertex -3.25874 -4.49482 3.15
      vertex -3.20599 -3.89714 3.15
      vertex -3.14238 -4.48217 3.15
    endloop
  endfacet
  facet normal 0 0 -1
    outer loop
      vertex -3.25874 -4.49482 3.15
      vertex -3.32236 -3.9098 3.15
      vertex -3.20599 -3.89714 3.15
    endloop
  endfacet
  facet normal 0 0 -1
    outer loop
      vertex -3.3711 -4.46198 3.15
      vertex -3.32236 -3.9098 3.15
      vertex -3.25874 -4.49482 3.15
    endloop
  endfacet
  facet normal 0 0 -1
    outer loop
      vertex -3.3711 -4.46198 3.15
      vertex -3.42503 -3.96602 3.15
      vertex -3.32236 -3.9098 3.15
    endloop
  endfacet
  facet normal 0 0 -1
    outer loop
      vertex -3.46233 -4.38864 3.15
      vertex -3.42503 -3.96602 3.15
      vertex -3.3711 -4.46198 3.15
    endloop
  endfacet
  facet normal 0 0 -1
    outer loop
      vertex -3.46233 -4.38864 3.15
      vertex -3.49837 -4.05725 3.15
      vertex -3.42503 -3.96602 3.15
    endloop
  endfacet
  facet normal 0 0 -1
    outer loop
      vertex -3.51855 -4.28598 3.15
      vertex -3.49837 -4.05725 3.15
      vertex -3.46233 -4.38864 3.15
    endloop
  endfacet
  facet normal 0 0 -1
    outer loop
      vertex -3.49837 -4.05725 3.15
      vertex -3.51855 -4.28598 3.15
      vertex -3.53121 -4.16961 3.15
    endloop
  endfacet
  facet normal -0.480288 0.877111 0
    outer loop
      vertex -3.32236 -3.9098 3.15
      vertex -3.42503 -3.96602 3.5
      vertex -3.32236 -3.9098 3.5
    endloop
  endfacet
  facet normal -0.480288 0.877111 0
    outer loop
      vertex -3.42503 -3.96602 3.5
      vertex -3.32236 -3.9098 3.15
      vertex -3.42503 -3.96602 3.15
    endloop
  endfacet
  facet normal 0.480354 -0.877075 0
    outer loop
      vertex -3.14238 -4.48217 3.15
      vertex -3.03971 -4.42594 3.5
      vertex -3.14238 -4.48217 3.5
    endloop
  endfacet
  facet normal 0.480354 -0.877075 0
    outer loop
      vertex -3.03971 -4.42594 3.5
      vertex -3.14238 -4.48217 3.15
      vertex -3.03971 -4.42594 3.15
    endloop
  endfacet
  facet normal -0.280538 -0.959843 0
    outer loop
      vertex -3.3711 -4.46198 3.15
      vertex -3.25874 -4.49482 3.5
      vertex -3.3711 -4.46198 3.5
    endloop
  endfacet
  facet normal -0.280538 -0.959843 -0
    outer loop
      vertex -3.25874 -4.49482 3.5
      vertex -3.3711 -4.46198 3.15
      vertex -3.25874 -4.49482 3.15
    endloop
  endfacet
  facet normal 0.877075 0.480354 0
    outer loop
      vertex -2.94618 -4.10599 3.5
      vertex -3.00241 -4.00332 3.15
      vertex -3.00241 -4.00332 3.5
    endloop
  endfacet
  facet normal 0.877075 0.480354 0
    outer loop
      vertex -3.00241 -4.00332 3.15
      vertex -2.94618 -4.10599 3.5
      vertex -2.94618 -4.10599 3.15
    endloop
  endfacet
  facet normal -0.959843 0.280538 0
    outer loop
      vertex -3.53121 -4.16961 3.15
      vertex -3.49837 -4.05725 3.5
      vertex -3.49837 -4.05725 3.15
    endloop
  endfacet
  facet normal -0.959843 0.280538 0
    outer loop
      vertex -3.49837 -4.05725 3.5
      vertex -3.53121 -4.16961 3.15
      vertex -3.53121 -4.16961 3.5
    endloop
  endfacet
  facet normal 0.28064 0.959813 -0
    outer loop
      vertex -3.09364 -3.92999 3.15
      vertex -3.20599 -3.89714 3.5
      vertex -3.09364 -3.92999 3.5
    endloop
  endfacet
  facet normal 0.28064 0.959813 0
    outer loop
      vertex -3.20599 -3.89714 3.5
      vertex -3.09364 -3.92999 3.15
      vertex -3.20599 -3.89714 3.15
    endloop
  endfacet
  facet normal 0.626496 0.779425 -0
    outer loop
      vertex -3.00241 -4.00332 3.15
      vertex -3.09364 -3.92999 3.5
      vertex -3.00241 -4.00332 3.5
    endloop
  endfacet
  facet normal 0.626496 0.779425 0
    outer loop
      vertex -3.09364 -3.92999 3.5
      vertex -3.00241 -4.00332 3.15
      vertex -3.09364 -3.92999 3.15
    endloop
  endfacet
  facet normal 0.108078 -0.994142 0
    outer loop
      vertex -3.25874 -4.49482 3.15
      vertex -3.14238 -4.48217 3.5
      vertex -3.25874 -4.49482 3.5
    endloop
  endfacet
  facet normal 0.108078 -0.994142 0
    outer loop
      vertex -3.14238 -4.48217 3.5
      vertex -3.25874 -4.49482 3.15
      vertex -3.14238 -4.48217 3.15
    endloop
  endfacet
  facet normal 0.959836 -0.280561 0
    outer loop
      vertex -2.96637 -4.33471 3.5
      vertex -2.93353 -4.22236 3.15
      vertex -2.93353 -4.22236 3.5
    endloop
  endfacet
  facet normal 0.959836 -0.280561 0
    outer loop
      vertex -2.93353 -4.22236 3.15
      vertex -2.96637 -4.33471 3.5
      vertex -2.96637 -4.33471 3.15
    endloop
  endfacet
  facet normal 0.779383 -0.626548 0
    outer loop
      vertex -3.03971 -4.42594 3.5
      vertex -2.96637 -4.33471 3.15
      vertex -2.96637 -4.33471 3.5
    endloop
  endfacet
  facet normal 0.779383 -0.626548 0
    outer loop
      vertex -2.96637 -4.33471 3.15
      vertex -3.03971 -4.42594 3.5
      vertex -3.03971 -4.42594 3.15
    endloop
  endfacet
  facet normal 0.994143 0.108068 0
    outer loop
      vertex -2.93353 -4.22236 3.5
      vertex -2.94618 -4.10599 3.15
      vertex -2.94618 -4.10599 3.5
    endloop
  endfacet
  facet normal 0.994143 0.108068 0
    outer loop
      vertex -2.94618 -4.10599 3.15
      vertex -2.93353 -4.22236 3.5
      vertex -2.93353 -4.22236 3.15
    endloop
  endfacet
  facet normal -0.626506 -0.779417 0
    outer loop
      vertex -3.92476 -5.2753 3.15
      vertex -3.83352 -5.34864 3.5
      vertex -3.92476 -5.2753 3.5
    endloop
  endfacet
  facet normal -0.626506 -0.779417 -0
    outer loop
      vertex -3.83352 -5.34864 3.5
      vertex -3.92476 -5.2753 3.15
      vertex -3.83352 -5.34864 3.15
    endloop
  endfacet
  facet normal -0.877111 -0.480288 0
    outer loop
      vertex -3.92476 -5.2753 3.15
      vertex -3.98098 -5.17263 3.5
      vertex -3.98098 -5.17263 3.15
    endloop
  endfacet
  facet normal -0.877111 -0.480288 0
    outer loop
      vertex -3.98098 -5.17263 3.5
      vertex -3.92476 -5.2753 3.15
      vertex -3.92476 -5.2753 3.5
    endloop
  endfacet
  facet normal -0.779425 0.626496 0
    outer loop
      vertex -3.96079 -4.94391 3.15
      vertex -3.88746 -4.85268 3.5
      vertex -3.88746 -4.85268 3.15
    endloop
  endfacet
  facet normal -0.779425 0.626496 0
    outer loop
      vertex -3.88746 -4.85268 3.5
      vertex -3.96079 -4.94391 3.15
      vertex -3.96079 -4.94391 3.5
    endloop
  endfacet
  facet normal -0.994143 -0.108068 0
    outer loop
      vertex -3.98098 -5.17263 3.15
      vertex -3.99363 -5.05626 3.5
      vertex -3.99363 -5.05626 3.15
    endloop
  endfacet
  facet normal -0.994143 -0.108068 0
    outer loop
      vertex -3.99363 -5.05626 3.5
      vertex -3.98098 -5.17263 3.15
      vertex -3.98098 -5.17263 3.5
    endloop
  endfacet
  facet normal -0.108153 0.994134 0
    outer loop
      vertex -3.66842 -4.7838 3.15
      vertex -3.78479 -4.79646 3.5
      vertex -3.66842 -4.7838 3.5
    endloop
  endfacet
  facet normal -0.108153 0.994134 0
    outer loop
      vertex -3.78479 -4.79646 3.5
      vertex -3.66842 -4.7838 3.15
      vertex -3.78479 -4.79646 3.15
    endloop
  endfacet
  facet normal 0 0 -1
    outer loop
      vertex -3.4288 -5.22137 3.15
      vertex -3.40861 -4.99265 3.15
      vertex -3.39596 -5.10902 3.15
    endloop
  endfacet
  facet normal 0 0 -1
    outer loop
      vertex -3.4288 -5.22137 3.15
      vertex -3.46483 -4.88998 3.15
      vertex -3.40861 -4.99265 3.15
    endloop
  endfacet
  facet normal 0 0 -1
    outer loop
      vertex -3.50214 -5.3126 3.15
      vertex -3.46483 -4.88998 3.15
      vertex -3.4288 -5.22137 3.15
    endloop
  endfacet
  facet normal 0 0 -1
    outer loop
      vertex -3.50214 -5.3126 3.15
      vertex -3.55607 -4.81664 3.15
      vertex -3.46483 -4.88998 3.15
    endloop
  endfacet
  facet normal 0 0 -1
    outer loop
      vertex -3.6048 -5.36882 3.15
      vertex -3.55607 -4.81664 3.15
      vertex -3.50214 -5.3126 3.15
    endloop
  endfacet
  facet normal 0 0 -1
    outer loop
      vertex -3.6048 -5.36882 3.15
      vertex -3.66842 -4.7838 3.15
      vertex -3.55607 -4.81664 3.15
    endloop
  endfacet
  facet normal 0 0 -1
    outer loop
      vertex -3.72117 -5.38148 3.15
      vertex -3.66842 -4.7838 3.15
      vertex -3.6048 -5.36882 3.15
    endloop
  endfacet
  facet normal 0 0 -1
    outer loop
      vertex -3.72117 -5.38148 3.15
      vertex -3.78479 -4.79646 3.15
      vertex -3.66842 -4.7838 3.15
    endloop
  endfacet
  facet normal 0 0 -1
    outer loop
      vertex -3.83352 -5.34864 3.15
      vertex -3.78479 -4.79646 3.15
      vertex -3.72117 -5.38148 3.15
    endloop
  endfacet
  facet normal 0 0 -1
    outer loop
      vertex -3.83352 -5.34864 3.15
      vertex -3.88746 -4.85268 3.15
      vertex -3.78479 -4.79646 3.15
    endloop
  endfacet
  facet normal 0 0 -1
    outer loop
      vertex -3.92476 -5.2753 3.15
      vertex -3.88746 -4.85268 3.15
      vertex -3.83352 -5.34864 3.15
    endloop
  endfacet
  facet normal 0 0 -1
    outer loop
      vertex -3.92476 -5.2753 3.15
      vertex -3.96079 -4.94391 3.15
      vertex -3.88746 -4.85268 3.15
    endloop
  endfacet
  facet normal 0 0 -1
    outer loop
      vertex -3.98098 -5.17263 3.15
      vertex -3.96079 -4.94391 3.15
      vertex -3.92476 -5.2753 3.15
    endloop
  endfacet
  facet normal 0 0 -1
    outer loop
      vertex -3.96079 -4.94391 3.15
      vertex -3.98098 -5.17263 3.15
      vertex -3.99363 -5.05626 3.15
    endloop
  endfacet
  facet normal -0.480288 0.877111 0
    outer loop
      vertex -3.78479 -4.79646 3.15
      vertex -3.88746 -4.85268 3.5
      vertex -3.78479 -4.79646 3.5
    endloop
  endfacet
  facet normal -0.480288 0.877111 0
    outer loop
      vertex -3.88746 -4.85268 3.5
      vertex -3.78479 -4.79646 3.15
      vertex -3.88746 -4.85268 3.15
    endloop
  endfacet
  facet normal 0.480324 -0.877091 0
    outer loop
      vertex -3.6048 -5.36882 3.15
      vertex -3.50214 -5.3126 3.5
      vertex -3.6048 -5.36882 3.5
    endloop
  endfacet
  facet normal 0.480324 -0.877091 0
    outer loop
      vertex -3.50214 -5.3126 3.5
      vertex -3.6048 -5.36882 3.15
      vertex -3.50214 -5.3126 3.15
    endloop
  endfacet
  facet normal -0.280561 -0.959836 0
    outer loop
      vertex -3.83352 -5.34864 3.15
      vertex -3.72117 -5.38148 3.5
      vertex -3.83352 -5.34864 3.5
    endloop
  endfacet
  facet normal -0.280561 -0.959836 -0
    outer loop
      vertex -3.72117 -5.38148 3.5
      vertex -3.83352 -5.34864 3.15
      vertex -3.72117 -5.38148 3.15
    endloop
  endfacet
  facet normal 0.877111 0.480288 0
    outer loop
      vertex -3.40861 -4.99265 3.5
      vertex -3.46483 -4.88998 3.15
      vertex -3.46483 -4.88998 3.5
    endloop
  endfacet
  facet normal 0.877111 0.480288 0
    outer loop
      vertex -3.46483 -4.88998 3.15
      vertex -3.40861 -4.99265 3.5
      vertex -3.40861 -4.99265 3.15
    endloop
  endfacet
  facet normal -0.959836 0.280561 0
    outer loop
      vertex -3.99363 -5.05626 3.15
      vertex -3.96079 -4.94391 3.5
      vertex -3.96079 -4.94391 3.15
    endloop
  endfacet
  facet normal -0.959836 0.280561 0
    outer loop
      vertex -3.96079 -4.94391 3.5
      vertex -3.99363 -5.05626 3.15
      vertex -3.99363 -5.05626 3.5
    endloop
  endfacet
  facet normal 0.280561 0.959836 -0
    outer loop
      vertex -3.55607 -4.81664 3.15
      vertex -3.66842 -4.7838 3.5
      vertex -3.55607 -4.81664 3.5
    endloop
  endfacet
  facet normal 0.280561 0.959836 0
    outer loop
      vertex -3.66842 -4.7838 3.5
      vertex -3.55607 -4.81664 3.15
      vertex -3.66842 -4.7838 3.15
    endloop
  endfacet
  facet normal 0.626506 0.779417 -0
    outer loop
      vertex -3.46483 -4.88998 3.15
      vertex -3.55607 -4.81664 3.5
      vertex -3.46483 -4.88998 3.5
    endloop
  endfacet
  facet normal 0.626506 0.779417 0
    outer loop
      vertex -3.55607 -4.81664 3.5
      vertex -3.46483 -4.88998 3.15
      vertex -3.55607 -4.81664 3.15
    endloop
  endfacet
  facet normal 0.108153 -0.994134 0
    outer loop
      vertex -3.72117 -5.38148 3.15
      vertex -3.6048 -5.36882 3.5
      vertex -3.72117 -5.38148 3.5
    endloop
  endfacet
  facet normal 0.108153 -0.994134 0
    outer loop
      vertex -3.6048 -5.36882 3.5
      vertex -3.72117 -5.38148 3.15
      vertex -3.6048 -5.36882 3.15
    endloop
  endfacet
  facet normal 0.959836 -0.280561 0
    outer loop
      vertex -3.4288 -5.22137 3.5
      vertex -3.39596 -5.10902 3.15
      vertex -3.39596 -5.10902 3.5
    endloop
  endfacet
  facet normal 0.959836 -0.280561 0
    outer loop
      vertex -3.39596 -5.10902 3.15
      vertex -3.4288 -5.22137 3.5
      vertex -3.4288 -5.22137 3.15
    endloop
  endfacet
  facet normal 0.779383 -0.626548 0
    outer loop
      vertex -3.50214 -5.3126 3.5
      vertex -3.4288 -5.22137 3.15
      vertex -3.4288 -5.22137 3.5
    endloop
  endfacet
  facet normal 0.779383 -0.626548 0
    outer loop
      vertex -3.4288 -5.22137 3.15
      vertex -3.50214 -5.3126 3.5
      vertex -3.50214 -5.3126 3.15
    endloop
  endfacet
  facet normal 0.994143 0.108068 0
    outer loop
      vertex -3.39596 -5.10902 3.5
      vertex -3.40861 -4.99265 3.15
      vertex -3.40861 -4.99265 3.5
    endloop
  endfacet
  facet normal 0.994143 0.108068 0
    outer loop
      vertex -3.40861 -4.99265 3.15
      vertex -3.39596 -5.10902 3.5
      vertex -3.39596 -5.10902 3.15
    endloop
  endfacet
  facet normal -0.626496 -0.779425 0
    outer loop
      vertex -4.38718 -6.16196 3.15
      vertex -4.29595 -6.23529 3.5
      vertex -4.38718 -6.16196 3.5
    endloop
  endfacet
  facet normal -0.626496 -0.779425 -0
    outer loop
      vertex -4.29595 -6.23529 3.5
      vertex -4.38718 -6.16196 3.15
      vertex -4.29595 -6.23529 3.15
    endloop
  endfacet
  facet normal -0.877075 -0.480354 0
    outer loop
      vertex -4.38718 -6.16196 3.15
      vertex -4.44341 -6.05929 3.5
      vertex -4.44341 -6.05929 3.15
    endloop
  endfacet
  facet normal -0.877075 -0.480354 0
    outer loop
      vertex -4.44341 -6.05929 3.5
      vertex -4.38718 -6.16196 3.15
      vertex -4.38718 -6.16196 3.5
    endloop
  endfacet
  facet normal -0.779383 0.626548 0
    outer loop
      vertex -4.42322 -5.83057 3.15
      vertex -4.34988 -5.73934 3.5
      vertex -4.34988 -5.73934 3.15
    endloop
  endfacet
  facet normal -0.779383 0.626548 0
    outer loop
      vertex -4.34988 -5.73934 3.5
      vertex -4.42322 -5.83057 3.15
      vertex -4.42322 -5.83057 3.5
    endloop
  endfacet
  facet normal -0.994143 -0.108068 0
    outer loop
      vertex -4.44341 -6.05929 3.15
      vertex -4.45606 -5.94292 3.5
      vertex -4.45606 -5.94292 3.15
    endloop
  endfacet
  facet normal -0.994143 -0.108068 0
    outer loop
      vertex -4.45606 -5.94292 3.5
      vertex -4.44341 -6.05929 3.15
      vertex -4.44341 -6.05929 3.5
    endloop
  endfacet
  facet normal -0.108068 0.994143 0
    outer loop
      vertex -4.13085 -5.67046 3.15
      vertex -4.24722 -5.68311 3.5
      vertex -4.13085 -5.67046 3.5
    endloop
  endfacet
  facet normal -0.108068 0.994143 0
    outer loop
      vertex -4.24722 -5.68311 3.5
      vertex -4.13085 -5.67046 3.15
      vertex -4.24722 -5.68311 3.15
    endloop
  endfacet
  facet normal 0 0 -1
    outer loop
      vertex -3.89123 -6.10803 3.15
      vertex -3.87104 -5.8793 3.15
      vertex -3.85838 -5.99567 3.15
    endloop
  endfacet
  facet normal 0 0 -1
    outer loop
      vertex -3.89123 -6.10803 3.15
      vertex -3.92726 -5.77664 3.15
      vertex -3.87104 -5.8793 3.15
    endloop
  endfacet
  facet normal 0 0 -1
    outer loop
      vertex -3.96456 -6.19926 3.15
      vertex -3.92726 -5.77664 3.15
      vertex -3.89123 -6.10803 3.15
    endloop
  endfacet
  facet normal 0 0 -1
    outer loop
      vertex -3.96456 -6.19926 3.15
      vertex -4.0185 -5.7033 3.15
      vertex -3.92726 -5.77664 3.15
    endloop
  endfacet
  facet normal 0 0 -1
    outer loop
      vertex -4.06723 -6.25548 3.15
      vertex -4.0185 -5.7033 3.15
      vertex -3.96456 -6.19926 3.15
    endloop
  endfacet
  facet normal 0 0 -1
    outer loop
      vertex -4.06723 -6.25548 3.15
      vertex -4.13085 -5.67046 3.15
      vertex -4.0185 -5.7033 3.15
    endloop
  endfacet
  facet normal 0 0 -1
    outer loop
      vertex -4.1836 -6.26814 3.15
      vertex -4.13085 -5.67046 3.15
      vertex -4.06723 -6.25548 3.15
    endloop
  endfacet
  facet normal 0 0 -1
    outer loop
      vertex -4.1836 -6.26814 3.15
      vertex -4.24722 -5.68311 3.15
      vertex -4.13085 -5.67046 3.15
    endloop
  endfacet
  facet normal 0 0 -1
    outer loop
      vertex -4.29595 -6.23529 3.15
      vertex -4.24722 -5.68311 3.15
      vertex -4.1836 -6.26814 3.15
    endloop
  endfacet
  facet normal 0 0 -1
    outer loop
      vertex -4.29595 -6.23529 3.15
      vertex -4.34988 -5.73934 3.15
      vertex -4.24722 -5.68311 3.15
    endloop
  endfacet
  facet normal 0 0 -1
    outer loop
      vertex -4.38718 -6.16196 3.15
      vertex -4.34988 -5.73934 3.15
      vertex -4.29595 -6.23529 3.15
    endloop
  endfacet
  facet normal 0 0 -1
    outer loop
      vertex -4.38718 -6.16196 3.15
      vertex -4.42322 -5.83057 3.15
      vertex -4.34988 -5.73934 3.15
    endloop
  endfacet
  facet normal 0 0 -1
    outer loop
      vertex -4.44341 -6.05929 3.15
      vertex -4.42322 -5.83057 3.15
      vertex -4.38718 -6.16196 3.15
    endloop
  endfacet
  facet normal 0 0 -1
    outer loop
      vertex -4.42322 -5.83057 3.15
      vertex -4.44341 -6.05929 3.15
      vertex -4.45606 -5.94292 3.15
    endloop
  endfacet
  facet normal -0.48039 0.877055 0
    outer loop
      vertex -4.24722 -5.68311 3.15
      vertex -4.34988 -5.73934 3.5
      vertex -4.24722 -5.68311 3.5
    endloop
  endfacet
  facet normal -0.48039 0.877055 0
    outer loop
      vertex -4.34988 -5.73934 3.5
      vertex -4.24722 -5.68311 3.15
      vertex -4.34988 -5.73934 3.15
    endloop
  endfacet
  facet normal 0.480288 -0.877111 0
    outer loop
      vertex -4.06723 -6.25548 3.15
      vertex -3.96456 -6.19926 3.5
      vertex -4.06723 -6.25548 3.5
    endloop
  endfacet
  facet normal 0.480288 -0.877111 0
    outer loop
      vertex -3.96456 -6.19926 3.5
      vertex -4.06723 -6.25548 3.15
      vertex -3.96456 -6.19926 3.15
    endloop
  endfacet
  facet normal -0.28064 -0.959813 0
    outer loop
      vertex -4.29595 -6.23529 3.15
      vertex -4.1836 -6.26814 3.5
      vertex -4.29595 -6.23529 3.5
    endloop
  endfacet
  facet normal -0.28064 -0.959813 -0
    outer loop
      vertex -4.1836 -6.26814 3.5
      vertex -4.29595 -6.23529 3.15
      vertex -4.1836 -6.26814 3.15
    endloop
  endfacet
  facet normal 0.877091 0.480324 0
    outer loop
      vertex -3.87104 -5.8793 3.5
      vertex -3.92726 -5.77664 3.15
      vertex -3.92726 -5.77664 3.5
    endloop
  endfacet
  facet normal 0.877091 0.480324 0
    outer loop
      vertex -3.92726 -5.77664 3.15
      vertex -3.87104 -5.8793 3.5
      vertex -3.87104 -5.8793 3.15
    endloop
  endfacet
  facet normal -0.959836 0.280561 0
    outer loop
      vertex -4.45606 -5.94292 3.15
      vertex -4.42322 -5.83057 3.5
      vertex -4.42322 -5.83057 3.15
    endloop
  endfacet
  facet normal -0.959836 0.280561 0
    outer loop
      vertex -4.42322 -5.83057 3.5
      vertex -4.45606 -5.94292 3.15
      vertex -4.45606 -5.94292 3.5
    endloop
  endfacet
  facet normal 0.280561 0.959836 -0
    outer loop
      vertex -4.0185 -5.7033 3.15
      vertex -4.13085 -5.67046 3.5
      vertex -4.0185 -5.7033 3.5
    endloop
  endfacet
  facet normal 0.280561 0.959836 0
    outer loop
      vertex -4.13085 -5.67046 3.5
      vertex -4.0185 -5.7033 3.15
      vertex -4.13085 -5.67046 3.15
    endloop
  endfacet
  facet normal 0.626506 0.779417 -0
    outer loop
      vertex -3.92726 -5.77664 3.15
      vertex -4.0185 -5.7033 3.5
      vertex -3.92726 -5.77664 3.5
    endloop
  endfacet
  facet normal 0.626506 0.779417 0
    outer loop
      vertex -4.0185 -5.7033 3.5
      vertex -3.92726 -5.77664 3.15
      vertex -4.0185 -5.7033 3.15
    endloop
  endfacet
  facet normal 0.108153 -0.994134 0
    outer loop
      vertex -4.1836 -6.26814 3.15
      vertex -4.06723 -6.25548 3.5
      vertex -4.1836 -6.26814 3.5
    endloop
  endfacet
  facet normal 0.108153 -0.994134 0
    outer loop
      vertex -4.06723 -6.25548 3.5
      vertex -4.1836 -6.26814 3.15
      vertex -4.06723 -6.25548 3.15
    endloop
  endfacet
  facet normal 0.95982 -0.280617 0
    outer loop
      vertex -3.89123 -6.10803 3.5
      vertex -3.85838 -5.99567 3.15
      vertex -3.85838 -5.99567 3.5
    endloop
  endfacet
  facet normal 0.95982 -0.280617 0
    outer loop
      vertex -3.85838 -5.99567 3.15
      vertex -3.89123 -6.10803 3.5
      vertex -3.89123 -6.10803 3.15
    endloop
  endfacet
  facet normal 0.779425 -0.626496 0
    outer loop
      vertex -3.96456 -6.19926 3.5
      vertex -3.89123 -6.10803 3.15
      vertex -3.89123 -6.10803 3.5
    endloop
  endfacet
  facet normal 0.779425 -0.626496 0
    outer loop
      vertex -3.89123 -6.10803 3.15
      vertex -3.96456 -6.19926 3.5
      vertex -3.96456 -6.19926 3.15
    endloop
  endfacet
  facet normal 0.994134 0.108153 0
    outer loop
      vertex -3.85838 -5.99567 3.5
      vertex -3.87104 -5.8793 3.15
      vertex -3.87104 -5.8793 3.5
    endloop
  endfacet
  facet normal 0.994134 0.108153 0
    outer loop
      vertex -3.87104 -5.8793 3.15
      vertex -3.85838 -5.99567 3.5
      vertex -3.85838 -5.99567 3.15
    endloop
  endfacet
  facet normal 0.886765 -0.462221 0
    outer loop
      vertex -9.60976 -18.5865 2.51
      vertex -9.58964 -18.5479 2.5
      vertex -9.58964 -18.5479 2.51
    endloop
  endfacet
  facet normal 0.886645 -0.46245 -0.00112773
    outer loop
      vertex -9.58964 -18.5479 2.5
      vertex -9.60976 -18.5865 2.51
      vertex -9.61285 -18.5924 2.5
    endloop
  endfacet
  facet normal 0.886462 -0.462802 0
    outer loop
      vertex -10.237 -19.7892 2.5
      vertex -10.2169 -19.7507 2.51
      vertex -10.237 -19.7892 2.51
    endloop
  endfacet
  facet normal 0.886724 -0.462292 -0.0024908
    outer loop
      vertex -10.2169 -19.7507 2.51
      vertex -10.237 -19.7892 2.5
      vertex -10.2138 -19.7447 2.5
    endloop
  endfacet
  facet normal 0.886648 -0.462444 0
    outer loop
      vertex -1.39774 -2.84076 11.55
      vertex -1.28213 -2.6191 11.26
      vertex -1.28213 -2.6191 11.3
    endloop
  endfacet
  facet normal 0.886648 -0.462444 0
    outer loop
      vertex -1.28213 -2.6191 11.26
      vertex -1.39774 -2.84076 11.55
      vertex -1.28213 -2.6191 11.25
    endloop
  endfacet
  facet normal 0.886705 -0.462335 0.000123481
    outer loop
      vertex -1.39774 -2.84076 11.55
      vertex -1.28213 -2.6191 11.3
      vertex -1.28312 -2.62099 11.3326
    endloop
  endfacet
  facet normal 0.886655 -0.462432 0
    outer loop
      vertex -1.28213 -2.6191 11.25
      vertex -1.30343 -2.65994 8
      vertex -1.28213 -2.6191 6.68312
    endloop
  endfacet
  facet normal 0.886629 -0.462482 -6.51103e-05
    outer loop
      vertex -1.39774 -2.84076 11.55
      vertex -1.28312 -2.62099 11.3326
      vertex -1.28607 -2.62665 11.3647
    endloop
  endfacet
  facet normal 0.886644 -0.462453 -8.22429e-07
    outer loop
      vertex -1.3218 -2.69516 7.95305
      vertex -1.28213 -2.6191 6.68312
      vertex -1.30343 -2.65994 8
    endloop
  endfacet
  facet normal 0.88664 -0.462461 -3.42709e-05
    outer loop
      vertex -1.39774 -2.84076 11.55
      vertex -1.28607 -2.62665 11.3647
      vertex -1.29093 -2.63597 11.3957
    endloop
  endfacet
  facet normal 0.88667 -0.462402 3.08109e-06
    outer loop
      vertex -1.37977 -2.80632 7.84535
      vertex -1.28213 -2.6191 6.68312
      vertex -1.3218 -2.69516 7.95305
    endloop
  endfacet
  facet normal 0.886628 -0.462483 -7.21532e-05
    outer loop
      vertex -1.39774 -2.84076 11.55
      vertex -1.29093 -2.63597 11.3957
      vertex -1.29762 -2.6488 11.425
    endloop
  endfacet
  facet normal 0.886558 -0.462617 -4.08868e-05
    outer loop
      vertex -1.38944 -2.82485 7.8274
      vertex -1.28213 -2.6191 6.68312
      vertex -1.37977 -2.80632 7.84535
    endloop
  endfacet
  facet normal 0.88672 -0.462307 2.98445e-05
    outer loop
      vertex -1.40104 -2.8471 7.81432
      vertex -1.28213 -2.6191 6.68312
      vertex -1.38944 -2.82485 7.8274
    endloop
  endfacet
  facet normal 0.886613 -0.462512 -0.000129693
    outer loop
      vertex -1.39774 -2.84076 11.55
      vertex -1.29762 -2.6488 11.425
      vertex -1.30602 -2.66491 11.4522
    endloop
  endfacet
  facet normal 0.886604 -0.462529 -0.000166745
    outer loop
      vertex -1.39774 -2.84076 11.55
      vertex -1.30602 -2.66491 11.4522
      vertex -1.31599 -2.68403 11.4768
    endloop
  endfacet
  facet normal 0.886702 -0.462341 0.000343555
    outer loop
      vertex -1.39774 -2.84076 11.55
      vertex -1.31599 -2.68403 11.4768
      vertex -1.32736 -2.70582 11.4983
    endloop
  endfacet
  facet normal 0.886571 -0.462592 -0.000488214
    outer loop
      vertex -1.39774 -2.84076 11.55
      vertex -1.32736 -2.70582 11.4983
      vertex -1.33993 -2.72993 11.5165
    endloop
  endfacet
  facet normal 0.886601 -0.462534 -0.000247177
    outer loop
      vertex -1.39774 -2.84076 11.55
      vertex -1.33993 -2.72993 11.5165
      vertex -1.35349 -2.75593 11.531
    endloop
  endfacet
  facet normal 0.886639 -0.462463 0.00015964
    outer loop
      vertex -1.39774 -2.84076 11.55
      vertex -1.35349 -2.75593 11.531
      vertex -1.36782 -2.7834 11.5415
    endloop
  endfacet
  facet normal 0.88652 -0.462687 -0.00177397
    outer loop
      vertex -1.39774 -2.84076 11.55
      vertex -1.36782 -2.7834 11.5415
      vertex -1.38264 -2.81182 11.5479
    endloop
  endfacet
  facet normal 0.886657 -0.462428 1.50959e-05
    outer loop
      vertex -1.28213 -2.6191 11.25
      vertex -1.39774 -2.84076 11.55
      vertex -1.74456 -3.50576 11.25
    endloop
  endfacet
  facet normal 0.886661 -0.46242 -7.07067e-06
    outer loop
      vertex -1.74456 -3.50576 11.25
      vertex -1.39774 -2.84076 11.55
      vertex -1.62895 -3.28409 11.55
    endloop
  endfacet
  facet normal 0.886711 -0.462323 -0.000404013
    outer loop
      vertex -1.69933 -3.41903 11.4983
      vertex -1.62895 -3.28409 11.55
      vertex -1.64404 -3.31303 11.5479
    endloop
  endfacet
  facet normal 0.886614 -0.46251 0.000103356
    outer loop
      vertex -1.69933 -3.41903 11.4983
      vertex -1.64404 -3.31303 11.5479
      vertex -1.65887 -3.34146 11.5415
    endloop
  endfacet
  facet normal 0.886719 -0.462309 -0.000266363
    outer loop
      vertex -1.68675 -3.39492 11.5165
      vertex -1.65887 -3.34146 11.5415
      vertex -1.67319 -3.36892 11.531
    endloop
  endfacet
  facet normal 0.886823 -0.462108 -0.00081443
    outer loop
      vertex -1.69933 -3.41903 11.4983
      vertex -1.65887 -3.34146 11.5415
      vertex -1.68675 -3.39492 11.5165
    endloop
  endfacet
  facet normal 0.886541 -0.46265 0.000682389
    outer loop
      vertex -1.62895 -3.28409 11.55
      vertex -1.69933 -3.41903 11.4983
      vertex -1.71069 -3.44083 11.4768
    endloop
  endfacet
  facet normal 0.88666 -0.462422 6.17285e-05
    outer loop
      vertex -1.62895 -3.28409 11.55
      vertex -1.71069 -3.44083 11.4768
      vertex -1.72066 -3.45995 11.4522
    endloop
  endfacet
  facet normal 0.88677 -0.46221 -0.000424196
    outer loop
      vertex -1.62895 -3.28409 11.55
      vertex -1.72066 -3.45995 11.4522
      vertex -1.72907 -3.47606 11.425
    endloop
  endfacet
  facet normal 0.886657 -0.462428 -6.67074e-08
    outer loop
      vertex -1.28213 -2.6191 11.25
      vertex -1.74456 -3.50576 11.25
      vertex -1.30343 -2.65994 8
    endloop
  endfacet
  facet normal 0.886701 -0.462343 -0.000163332
    outer loop
      vertex -1.62895 -3.28409 11.55
      vertex -1.72907 -3.47606 11.425
      vertex -1.73576 -3.48888 11.3957
    endloop
  endfacet
  facet normal 0.88667 -0.462403 5.44415e-06
    outer loop
      vertex -1.45246 -2.9457 7.75634
      vertex -1.28213 -2.6191 6.68312
      vertex -1.40104 -2.8471 7.81432
    endloop
  endfacet
  facet normal 0.886615 -0.462508 -3.53758e-05
    outer loop
      vertex -1.49761 -3.03225 7.73928
      vertex -1.28213 -2.6191 6.68312
      vertex -1.45246 -2.9457 7.75634
    endloop
  endfacet
  facet normal 0.886658 -0.462426 5.28128e-06
    outer loop
      vertex -1.74456 -3.50576 7.10394
      vertex -1.28213 -2.6191 6.68312
      vertex -1.49761 -3.03225 7.73928
    endloop
  endfacet
  facet normal 0.886656 -0.46243 -5.0889e-06
    outer loop
      vertex -1.74468 -3.50599 7.09613
      vertex -1.28213 -2.6191 6.68312
      vertex -1.74456 -3.50576 7.10394
    endloop
  endfacet
  facet normal 0.886652 -0.462438 -2.68765e-05
    outer loop
      vertex -1.74669 -3.50984 7.0298
      vertex -1.28213 -2.6191 6.68312
      vertex -1.74468 -3.50599 7.09613
    endloop
  endfacet
  facet normal 0.886664 -0.462415 4.89716e-05
    outer loop
      vertex -1.74768 -3.51174 7.01364
      vertex -1.28213 -2.6191 6.68312
      vertex -1.74669 -3.50984 7.0298
    endloop
  endfacet
  facet normal 0.886657 -0.462427 6.96669e-06
    outer loop
      vertex -1.75326 -3.52244 6.9529
      vertex -1.28213 -2.6191 6.68312
      vertex -1.74768 -3.51174 7.01364
    endloop
  endfacet
  facet normal 0.886655 -0.462431 -3.45556e-07
    outer loop
      vertex -1.3867 -2.8196 6.41251
      vertex -1.28213 -2.6191 6.68312
      vertex -1.75525 -3.52625 6.93686
    endloop
  endfacet
  facet normal 0.886754 -0.462242 -0.000130161
    outer loop
      vertex -1.28213 -2.6191 6.68312
      vertex -1.35508 -2.75898 6.45073
      vertex -1.28312 -2.62099 6.65048
    endloop
  endfacet
  facet normal 0.886641 -0.462459 6.00629e-05
    outer loop
      vertex -1.28312 -2.62099 6.65048
      vertex -1.35508 -2.75898 6.45073
      vertex -1.28607 -2.62665 6.61842
    endloop
  endfacet
  facet normal 0.886663 -0.462416 1.72759e-05
    outer loop
      vertex -1.28607 -2.62665 6.61842
      vertex -1.35508 -2.75898 6.45073
      vertex -1.29093 -2.63597 6.58745
    endloop
  endfacet
  facet normal 0.886647 -0.462446 5.14646e-05
    outer loop
      vertex -1.29093 -2.63597 6.58745
      vertex -1.35508 -2.75898 6.45073
      vertex -1.29762 -2.6488 6.55812
    endloop
  endfacet
  facet normal 0.886928 -0.461907 -0.000901063
    outer loop
      vertex -1.31599 -2.68403 6.50635
      vertex -1.35508 -2.75898 6.45073
      vertex -1.32736 -2.70582 6.48479
    endloop
  endfacet
  facet normal 0.886519 -0.462693 0.000659112
    outer loop
      vertex -1.32736 -2.70582 6.48479
      vertex -1.35508 -2.75898 6.45073
      vertex -1.33993 -2.72993 6.46661
    endloop
  endfacet
  facet normal 0.886603 -0.462532 0.000169963
    outer loop
      vertex -1.30602 -2.66491 6.53093
      vertex -1.35508 -2.75898 6.45073
      vertex -1.31599 -2.68403 6.50635
    endloop
  endfacet
  facet normal 0.886621 -0.462497 0.0001181
    outer loop
      vertex -1.29762 -2.6488 6.55812
      vertex -1.35508 -2.75898 6.45073
      vertex -1.30602 -2.66491 6.53093
    endloop
  endfacet
  facet normal 0.88682 -0.462116 -0.000226826
    outer loop
      vertex -1.35508 -2.75898 6.45073
      vertex -1.28213 -2.6191 6.68312
      vertex -1.36183 -2.77193 6.44354
    endloop
  endfacet
  facet normal 0.886539 -0.462654 0.00021015
    outer loop
      vertex -1.36183 -2.77193 6.44354
      vertex -1.28213 -2.6191 6.68312
      vertex -1.3867 -2.8196 6.41251
    endloop
  endfacet
  facet normal 0.886718 -0.46231 0.000206458
    outer loop
      vertex -1.3867 -2.8196 6.41251
      vertex -1.75525 -3.52625 6.93686
      vertex -1.39297 -2.83163 6.40344
    endloop
  endfacet
  facet normal 0.886637 -0.462467 -7.23961e-05
    outer loop
      vertex -1.76735 -3.54946 6.8631
      vertex -1.39297 -2.83163 6.40344
      vertex -1.76448 -3.54396 6.87804
    endloop
  endfacet
  facet normal 0.886635 -0.46247 -7.98135e-05
    outer loop
      vertex -1.39297 -2.83163 6.40344
      vertex -1.76735 -3.54946 6.8631
      vertex -1.41583 -2.87545 6.36554
    endloop
  endfacet
  facet normal 0.886654 -0.462434 -1.77983e-05
    outer loop
      vertex -1.78003 -3.57377 6.80746
      vertex -1.41583 -2.87545 6.36554
      vertex -1.76735 -3.54946 6.8631
    endloop
  endfacet
  facet normal 0.886675 -0.462392 6.67027e-05
    outer loop
      vertex -1.41583 -2.87545 6.36554
      vertex -1.78003 -3.57377 6.80746
      vertex -1.42143 -2.88619 6.3549
    endloop
  endfacet
  facet normal 0.886638 -0.462464 -0.000150919
    outer loop
      vertex -1.75525 -3.52625 6.93686
      vertex -1.28213 -2.6191 6.68312
      vertex -1.75326 -3.52244 6.9529
    endloop
  endfacet
  facet normal 0.886623 -0.462493 -0.000128295
    outer loop
      vertex -1.78384 -3.58107 6.79317
      vertex -1.42143 -2.88619 6.3549
      vertex -1.78003 -3.57377 6.80746
    endloop
  endfacet
  facet normal 0.886653 -0.462435 -2.06466e-06
    outer loop
      vertex -1.79981 -3.61169 6.7415
      vertex -1.44173 -2.92512 6.31104
      vertex -1.78384 -3.58107 6.79317
    endloop
  endfacet
  facet normal 0.886701 -0.462344 0.000182325
    outer loop
      vertex -1.44173 -2.92512 6.31104
      vertex -1.79981 -3.61169 6.7415
      vertex -1.44678 -2.93481 6.29858
    endloop
  endfacet
  facet normal 0.886759 -0.462231 0.000400603
    outer loop
      vertex -1.80436 -3.62043 6.72865
      vertex -1.44678 -2.93481 6.29858
      vertex -1.79981 -3.61169 6.7415
    endloop
  endfacet
  facet normal 0.886628 -0.462484 -0.000110597
    outer loop
      vertex -1.44678 -2.93481 6.29858
      vertex -1.80436 -3.62043 6.72865
      vertex -1.46425 -2.96829 6.24939
    endloop
  endfacet
  facet normal 0.886622 -0.462494 -0.00012877
    outer loop
      vertex -1.82337 -3.65686 6.68179
      vertex -1.46425 -2.96829 6.24939
      vertex -1.80436 -3.62043 6.72865
    endloop
  endfacet
  facet normal 0.886799 -0.462155 -0.000251486
    outer loop
      vertex -1.74456 -3.50576 7.10394
      vertex -1.49761 -3.03225 7.73928
      vertex -1.51334 -3.06243 7.73333
    endloop
  endfacet
  facet normal 0.886705 -0.462335 0.000193459
    outer loop
      vertex -1.46425 -2.96829 6.24939
      vertex -1.82337 -3.65686 6.68179
      vertex -1.46846 -2.97637 6.23576
    endloop
  endfacet
  facet normal 0.886749 -0.462251 0.000356858
    outer loop
      vertex -1.82862 -3.66694 6.67043
      vertex -1.46846 -2.97637 6.23576
      vertex -1.82337 -3.65686 6.68179
    endloop
  endfacet
  facet normal 0.88664 -0.46246 -5.62374e-05
    outer loop
      vertex -1.48613 -3.01026 6.16745
      vertex -1.85623 -3.71988 6.61948
      vertex -1.49716 -3.0314 6.10994
    endloop
  endfacet
  facet normal 0.886664 -0.462414 2.27616e-05
    outer loop
      vertex -1.88012 -3.76569 6.58495
      vertex -1.49716 -3.0314 6.10994
      vertex -1.85623 -3.71988 6.61948
    endloop
  endfacet
  facet normal 0.88659 -0.462555 -0.000254754
    outer loop
      vertex -1.49716 -3.0314 6.10994
      vertex -1.88012 -3.76569 6.58495
      vertex -1.49958 -3.03603 6.09456
    endloop
  endfacet
  facet normal 0.886669 -0.462406 2.85448e-05
    outer loop
      vertex -1.49958 -3.03603 6.09456
      vertex -1.88012 -3.76569 6.58495
      vertex -1.50702 -3.0503 6.03453
    endloop
  endfacet
  facet normal 0.886602 -0.462533 8.63706e-05
    outer loop
      vertex -1.74456 -3.50576 7.10394
      vertex -1.51334 -3.06243 7.73333
      vertex -1.52908 -3.0926 7.73928
    endloop
  endfacet
  facet normal 0.88666 -0.462421 2.16362e-05
    outer loop
      vertex -1.85623 -3.71988 6.61948
      vertex -1.48613 -3.01026 6.16745
      vertex -1.85029 -3.70849 6.62933
    endloop
  endfacet
  facet normal 0.886551 -0.46263 -0.000342511
    outer loop
      vertex -1.88674 -3.77837 6.57671
      vertex -1.50702 -3.0503 6.03453
      vertex -1.88012 -3.76569 6.58495
    endloop
  endfacet
  facet normal 0.886596 -0.462545 -0.000197666
    outer loop
      vertex -1.50702 -3.0503 6.03453
      vertex -1.88674 -3.77837 6.57671
      vertex -1.5085 -3.05313 6.01855
    endloop
  endfacet
  facet normal 0.88669 -0.462364 0.000101092
    outer loop
      vertex -1.91246 -3.8277 6.54929
      vertex -1.5085 -3.05313 6.01855
      vertex -1.88674 -3.77837 6.57671
    endloop
  endfacet
  facet normal 0.886674 -0.462395 -2.72447e-05
    outer loop
      vertex -1.74456 -3.50576 7.10394
      vertex -1.52908 -3.0926 7.73928
      vertex -1.57422 -3.17916 7.75634
    endloop
  endfacet
  facet normal 0.886806 -0.462141 0.000560788
    outer loop
      vertex -1.48283 -3.00391 6.18195
      vertex -1.85029 -3.70849 6.62933
      vertex -1.48613 -3.01026 6.16745
    endloop
  endfacet
  facet normal 0.886683 -0.462379 7.47018e-05
    outer loop
      vertex -1.5085 -3.05313 6.01855
      vertex -1.91246 -3.8277 6.54929
      vertex -1.51239 -3.0606 5.95465
    endloop
  endfacet
  facet normal 0.886575 -0.462584 -0.000262146
    outer loop
      vertex -1.91937 -3.84094 6.54309
      vertex -1.51239 -3.0606 5.95465
      vertex -1.91246 -3.8277 6.54929
    endloop
  endfacet
  facet normal 0.886638 -0.462463 1.61221e-05
    outer loop
      vertex -1.74456 -3.50576 7.10394
      vertex -1.57422 -3.17916 7.75634
      vertex -1.62565 -3.27776 7.81432
    endloop
  endfacet
  facet normal 0.886659 -0.462423 -5.3259e-06
    outer loop
      vertex -1.85029 -3.70849 6.62933
      vertex -1.48283 -3.00391 6.18195
      vertex -1.82862 -3.66694 6.67043
    endloop
  endfacet
  facet normal 0.886716 -0.462314 -4.47176e-05
    outer loop
      vertex -1.74456 -3.50576 7.10394
      vertex -1.62565 -3.27776 7.81432
      vertex -1.63725 -3.30001 7.8274
    endloop
  endfacet
  facet normal 0.886639 -0.462461 8.4972e-06
    outer loop
      vertex -1.74456 -3.50576 7.10394
      vertex -1.63725 -3.30001 7.8274
      vertex -1.64691 -3.31853 7.84535
    endloop
  endfacet
  facet normal 0.886642 -0.462457 7.09972e-06
    outer loop
      vertex -1.74456 -3.50576 7.10394
      vertex -1.64691 -3.31853 7.84535
      vertex -1.70489 -3.42969 7.95305
    endloop
  endfacet
  facet normal 0.886647 -0.462448 6.05185e-06
    outer loop
      vertex -1.74456 -3.50576 7.10394
      vertex -1.70489 -3.42969 7.95305
      vertex -1.72326 -3.46491 8
    endloop
  endfacet
  facet normal 0.88658 -0.462575 0.000227187
    outer loop
      vertex -1.62895 -3.28409 11.55
      vertex -1.73576 -3.48888 11.3957
      vertex -1.74062 -3.49821 11.3647
    endloop
  endfacet
  facet normal 0.8867 -0.462346 -0.000109348
    outer loop
      vertex -1.62895 -3.28409 11.55
      vertex -1.74062 -3.49821 11.3647
      vertex -1.74357 -3.50386 11.3326
    endloop
  endfacet
  facet normal 0.886644 -0.462452 2.70139e-05
    outer loop
      vertex -1.62895 -3.28409 11.55
      vertex -1.74357 -3.50386 11.3326
      vertex -1.74456 -3.50576 11.3
    endloop
  endfacet
  facet normal 0.886657 -0.462428 0
    outer loop
      vertex -1.62895 -3.28409 11.55
      vertex -1.74456 -3.50576 11.3
      vertex -1.74456 -3.50576 11.26
    endloop
  endfacet
  facet normal 0.886657 -0.462428 0
    outer loop
      vertex -1.62895 -3.28409 11.55
      vertex -1.74456 -3.50576 11.26
      vertex -1.74456 -3.50576 11.25
    endloop
  endfacet
  facet normal 0.886655 -0.462432 -1.42158e-06
    outer loop
      vertex -1.30343 -2.65994 8
      vertex -1.74456 -3.50576 11.25
      vertex -1.72326 -3.46491 8
    endloop
  endfacet
  facet normal 0.886701 -0.462343 0
    outer loop
      vertex -1.74456 -3.50576 7.10394
      vertex -1.72326 -3.46491 8
      vertex -1.74456 -3.50576 11.25
    endloop
  endfacet
  facet normal 0.889774 -0.456175 -0.01437
    outer loop
      vertex -1.33993 -2.72993 6.46661
      vertex -1.35508 -2.75898 6.45073
      vertex -1.35354 -2.75602 6.45212
    endloop
  endfacet
  facet normal 0.886679 -0.462386 8.17189e-05
    outer loop
      vertex -1.76448 -3.54396 6.87804
      vertex -1.39297 -2.83163 6.40344
      vertex -1.75525 -3.52625 6.93686
    endloop
  endfacet
  facet normal 0.886668 -0.462406 4.76969e-05
    outer loop
      vertex -1.42143 -2.88619 6.3549
      vertex -1.78384 -3.58107 6.79317
      vertex -1.44173 -2.92512 6.31104
    endloop
  endfacet
  facet normal 0.886635 -0.462469 -8.45392e-05
    outer loop
      vertex -1.46846 -2.97637 6.23576
      vertex -1.82862 -3.66694 6.67043
      vertex -1.48283 -3.00391 6.18195
    endloop
  endfacet
  facet normal 0.886729 -0.462289 0.000235585
    outer loop
      vertex -1.51239 -3.0606 5.95465
      vertex -1.91937 -3.84094 6.54309
      vertex -1.51283 -3.06145 5.94283
    endloop
  endfacet
  facet normal 0.886673 -0.462397 5.67156e-05
    outer loop
      vertex -1.94657 -3.8931 6.52312
      vertex -1.51283 -3.06145 5.94283
      vertex -1.91937 -3.84094 6.54309
    endloop
  endfacet
  facet normal 0.886613 -0.462511 -0.00015136
    outer loop
      vertex -1.51283 -3.06145 5.94283
      vertex -1.94657 -3.8931 6.52312
      vertex -1.51331 -3.06236 5.91185
    endloop
  endfacet
  facet normal 0.887022 -0.461725 0.0012072
    outer loop
      vertex -1.51331 -3.06236 5.91185
      vertex -1.94657 -3.8931 6.52312
      vertex -1.51334 -3.06243 5.90712
    endloop
  endfacet
  facet normal 0.88659 -0.462557 -0.000218477
    outer loop
      vertex -1.95399 -3.90732 6.51881
      vertex -1.51334 -3.06243 5.90712
      vertex -1.94657 -3.8931 6.52312
    endloop
  endfacet
  facet normal 0.886657 -0.462427 9.22551e-06
    outer loop
      vertex -1.98208 -3.96118 6.50674
      vertex -1.51334 -3.06243 5.90712
      vertex -1.95399 -3.90732 6.51881
    endloop
  endfacet
  facet normal 0.886733 -0.462282 0.0002854
    outer loop
      vertex -1.98955 -3.97551 6.50461
      vertex -1.51334 -3.06243 5.90712
      vertex -1.98208 -3.96118 6.50674
    endloop
  endfacet
  facet normal 0.886667 -0.462409 3.95948e-05
    outer loop
      vertex -2.02022 -4.03432 6.50026
      vertex -1.51334 -3.06243 5.90712
      vertex -1.98955 -3.97551 6.50461
    endloop
  endfacet
  facet normal 0.886374 -0.462969 -0.0011302
    outer loop
      vertex -2.02384 -4.04125 6.5
      vertex -1.51334 -3.06243 5.90712
      vertex -2.02022 -4.03432 6.50026
    endloop
  endfacet
  facet normal 0.886655 -0.462432 0
    outer loop
      vertex -1.51334 -3.06243 5.90712
      vertex -2.02384 -4.04125 6.5
      vertex -1.51334 -3.06243 3.75
    endloop
  endfacet
  facet normal 0.88665 -0.462441 -4.09993e-06
    outer loop
      vertex -1.62895 -3.28409 3.5
      vertex -1.51334 -3.06243 3.75
      vertex -2.02384 -4.04125 6.5
    endloop
  endfacet
  facet normal 0.886705 -0.462335 -0.00012332
    outer loop
      vertex -1.51334 -3.06243 3.75
      vertex -1.62895 -3.28409 3.5
      vertex -1.51433 -3.06432 3.71736
    endloop
  endfacet
  facet normal 0.886629 -0.462482 6.52062e-05
    outer loop
      vertex -1.51433 -3.06432 3.71736
      vertex -1.62895 -3.28409 3.5
      vertex -1.51728 -3.06998 3.6853
    endloop
  endfacet
  facet normal 0.88664 -0.462461 3.43158e-05
    outer loop
      vertex -1.51728 -3.06998 3.6853
      vertex -1.62895 -3.28409 3.5
      vertex -1.52214 -3.0793 3.65433
    endloop
  endfacet
  facet normal 0.88668 -0.462384 -0.00016456
    outer loop
      vertex -1.53723 -3.10824 3.59781
      vertex -1.62895 -3.28409 3.5
      vertex -1.5472 -3.12735 3.57323
    endloop
  endfacet
  facet normal 0.886673 -0.462397 -6.63919e-05
    outer loop
      vertex -1.57115 -3.17326 3.53349
      vertex -1.62895 -3.28409 3.5
      vertex -1.58471 -3.19926 3.51903
    endloop
  endfacet
  facet normal 0.886767 -0.46221 -0.00231439
    outer loop
      vertex -1.59903 -3.22673 3.50851
      vertex -1.62895 -3.28409 3.5
      vertex -1.61386 -3.25515 3.50214
    endloop
  endfacet
  facet normal 0.886554 -0.462623 0.00121642
    outer loop
      vertex -1.58471 -3.19926 3.51903
      vertex -1.62895 -3.28409 3.5
      vertex -1.59903 -3.22673 3.50851
    endloop
  endfacet
  facet normal 0.886727 -0.462294 -0.000501877
    outer loop
      vertex -1.55857 -3.14915 3.55167
      vertex -1.62895 -3.28409 3.5
      vertex -1.57115 -3.17326 3.53349
    endloop
  endfacet
  facet normal 0.886647 -0.462447 8.05636e-06
    outer loop
      vertex -1.5472 -3.12735 3.57323
      vertex -1.62895 -3.28409 3.5
      vertex -1.55857 -3.14915 3.55167
    endloop
  endfacet
  facet normal 0.886555 -0.462623 0.000383541
    outer loop
      vertex -1.52883 -3.09212 3.625
      vertex -1.62895 -3.28409 3.5
      vertex -1.53723 -3.10824 3.59781
    endloop
  endfacet
  facet normal 0.886701 -0.462344 -0.000163098
    outer loop
      vertex -1.52214 -3.0793 3.65433
      vertex -1.62895 -3.28409 3.5
      vertex -1.52883 -3.09212 3.625
    endloop
  endfacet
  facet normal 0.886657 -0.462428 1.19204e-07
    outer loop
      vertex -2.02384 -4.04125 6.5
      vertex -9.31036 -18.0124 3.5
      vertex -1.62895 -3.28409 3.5
    endloop
  endfacet
  facet normal 0.886657 -0.462427 -2.64835e-06
    outer loop
      vertex -9.79773 -18.9469 6.5
      vertex -9.31036 -18.0124 3.5
      vertex -2.02384 -4.04125 6.5
    endloop
  endfacet
  facet normal 0.886677 -0.46239 1.2218e-05
    outer loop
      vertex -9.91334 -19.1686 6.25
      vertex -9.31036 -18.0124 3.5
      vertex -9.79773 -18.9469 6.5
    endloop
  endfacet
  facet normal 0.886665 -0.462412 0
    outer loop
      vertex -9.91334 -19.1686 4.10394
      vertex -9.31036 -18.0124 3.5
      vertex -9.91334 -19.1686 6.25
    endloop
  endfacet
  facet normal 0.886683 -0.462379 0
    outer loop
      vertex -9.70525 -18.7696 2.39999
      vertex -9.58964 -18.5479 2.64999
      vertex -9.58964 -18.5479 2.89606
    endloop
  endfacet
  facet normal 0.886672 -0.462399 2.30881e-05
    outer loop
      vertex -9.58964 -18.5479 2.64999
      vertex -9.70525 -18.7696 2.39999
      vertex -9.59063 -18.5498 2.61736
    endloop
  endfacet
  facet normal 0.886376 -0.462965 0.000751495
    outer loop
      vertex -9.59063 -18.5498 2.61736
      vertex -9.70525 -18.7696 2.39999
      vertex -9.59358 -18.5555 2.5853
    endloop
  endfacet
  facet normal 0.887035 -0.461698 -0.00180596
    outer loop
      vertex -10.1214 -19.5676 2.39999
      vertex -9.58964 -18.5479 2.89606
      vertex -9.58952 -18.5477 2.90387
    endloop
  endfacet
  facet normal 0.886771 -0.462209 -0.000360349
    outer loop
      vertex -9.59358 -18.5555 2.5853
      vertex -9.70525 -18.7696 2.39999
      vertex -9.59844 -18.5648 2.55432
    endloop
  endfacet
  facet normal 0.886754 -0.462241 0.00030703
    outer loop
      vertex -10.0812 -19.4905 3.54929
      vertex -9.58952 -18.5477 2.90387
      vertex -9.58751 -18.5438 2.9702
    endloop
  endfacet
  facet normal 0.886686 -0.462371 -8.65358e-05
    outer loop
      vertex -9.60976 -18.5865 2.51
      vertex -9.59844 -18.5648 2.55432
      vertex -9.70525 -18.7696 2.39999
    endloop
  endfacet
  facet normal 0.889574 -0.456778 -0.00356267
    outer loop
      vertex -9.59844 -18.5648 2.55432
      vertex -9.60976 -18.5865 2.51
      vertex -9.60513 -18.5776 2.52499
    endloop
  endfacet
  facet normal 0.886915 -0.461931 -0.00101757
    outer loop
      vertex -9.6235 -18.6128 2.47322
      vertex -9.60976 -18.5865 2.51
      vertex -9.70525 -18.7696 2.39999
    endloop
  endfacet
  facet normal 0.888544 -0.458775 -0.00388272
    outer loop
      vertex -9.60976 -18.5865 2.51
      vertex -9.6235 -18.6128 2.47322
      vertex -9.61285 -18.5924 2.5
    endloop
  endfacet
  facet normal 0.886685 -0.462373 4.27643e-05
    outer loop
      vertex -10.0555 -19.4412 3.57671
      vertex -9.58751 -18.5438 2.9702
      vertex -9.58652 -18.5419 2.98636
    endloop
  endfacet
  facet normal 0.887745 -0.460329 -0.0023812
    outer loop
      vertex -9.61285 -18.5924 2.5
      vertex -9.6235 -18.6128 2.47322
      vertex -9.61353 -18.5937 2.4978
    endloop
  endfacet
  facet normal 0.886784 -0.462183 -0.000331017
    outer loop
      vertex -9.6235 -18.6128 2.47322
      vertex -9.70525 -18.7696 2.39999
      vertex -9.63487 -18.6346 2.45166
    endloop
  endfacet
  facet normal 0.886665 -0.462412 3.50211e-06
    outer loop
      vertex -10.0489 -19.4285 3.58495
      vertex -9.58652 -18.5419 2.98636
      vertex -9.58094 -18.5312 3.0471
    endloop
  endfacet
  facet normal 0.886823 -0.462108 -0.00058157
    outer loop
      vertex -9.63487 -18.6346 2.45166
      vertex -9.70525 -18.7696 2.39999
      vertex -9.64744 -18.6587 2.43349
    endloop
  endfacet
  facet normal 0.886562 -0.46261 -0.000395151
    outer loop
      vertex -10.025 -19.3827 3.61948
      vertex -9.58094 -18.5312 3.0471
      vertex -9.57895 -18.5274 3.06314
    endloop
  endfacet
  facet normal 0.886863 -0.462032 -0.000899285
    outer loop
      vertex -9.64744 -18.6587 2.43349
      vertex -9.70525 -18.7696 2.39999
      vertex -9.661 -18.6847 2.41902
    endloop
  endfacet
  facet normal 0.886723 -0.4623 0.000620029
    outer loop
      vertex -9.661 -18.6847 2.41902
      vertex -9.70525 -18.7696 2.39999
      vertex -9.67533 -18.7122 2.40851
    endloop
  endfacet
  facet normal 0.886619 -0.4625 -0.000103746
    outer loop
      vertex -10.0191 -19.3713 3.62933
      vertex -9.57895 -18.5274 3.06314
      vertex -9.56971 -18.5097 3.12196
    endloop
  endfacet
  facet normal 0.887149 -0.461434 -0.00671196
    outer loop
      vertex -9.67533 -18.7122 2.40851
      vertex -9.70525 -18.7696 2.39999
      vertex -9.69015 -18.7406 2.40213
    endloop
  endfacet
  facet normal 0.886095 -0.463495 -0.00264175
    outer loop
      vertex -9.31036 -18.0124 3.5
      vertex -9.91334 -19.1686 4.10394
      vertex -9.31397 -18.0193 3.49974
    endloop
  endfacet
  facet normal 0.886922 -0.461919 0.00117702
    outer loop
      vertex -9.31397 -18.0193 3.49974
      vertex -9.91334 -19.1686 4.10394
      vertex -9.34464 -18.0782 3.49539
    endloop
  endfacet
  facet normal 0.886214 -0.463273 -0.00191168
    outer loop
      vertex -9.34464 -18.0782 3.49539
      vertex -9.91334 -19.1686 4.10394
      vertex -9.35212 -18.0925 3.49326
    endloop
  endfacet
  facet normal 0.886507 -0.462715 -0.000657738
    outer loop
      vertex -9.35212 -18.0925 3.49326
      vertex -9.91334 -19.1686 4.10394
      vertex -9.38021 -18.1463 3.48119
    endloop
  endfacet
  facet normal 0.887473 -0.460847 0.00323456
    outer loop
      vertex -9.38021 -18.1463 3.48119
      vertex -9.91334 -19.1686 4.10394
      vertex -9.38762 -18.1606 3.47688
    endloop
  endfacet
  facet normal 0.886177 -0.463343 -0.00175066
    outer loop
      vertex -9.91346 -19.1688 4.09613
      vertex -9.41482 -18.2127 3.45691
      vertex -9.91334 -19.1686 4.10394
    endloop
  endfacet
  facet normal 0.887083 -0.461607 0.00155298
    outer loop
      vertex -9.41482 -18.2127 3.45691
      vertex -9.91346 -19.1688 4.09613
      vertex -9.42173 -18.226 3.45071
    endloop
  endfacet
  facet normal 0.886547 -0.462638 -0.000360875
    outer loop
      vertex -9.91547 -19.1726 4.0298
      vertex -9.42173 -18.226 3.45071
      vertex -9.91346 -19.1688 4.09613
    endloop
  endfacet
  facet normal 0.886578 -0.462579 -0.00023807
    outer loop
      vertex -9.42173 -18.226 3.45071
      vertex -9.91547 -19.1726 4.0298
      vertex -9.44746 -18.2753 3.42329
    endloop
  endfacet
  facet normal 0.886658 -0.462425 5.05278e-05
    outer loop
      vertex -9.91646 -19.1745 4.01364
      vertex -9.44746 -18.2753 3.42329
      vertex -9.91547 -19.1726 4.0298
    endloop
  endfacet
  facet normal 0.886846 -0.462065 0.000748892
    outer loop
      vertex -9.44746 -18.2753 3.42329
      vertex -9.91646 -19.1745 4.01364
      vertex -9.45407 -18.288 3.41505
    endloop
  endfacet
  facet normal 0.886643 -0.462455 1.32884e-05
    outer loop
      vertex -9.92204 -19.1852 3.9529
      vertex -9.45407 -18.288 3.41505
      vertex -9.91646 -19.1745 4.01364
    endloop
  endfacet
  facet normal 0.886635 -0.46247 -1.725e-05
    outer loop
      vertex -9.45407 -18.288 3.41505
      vertex -9.92204 -19.1852 3.9529
      vertex -9.47796 -18.3338 3.38052
    endloop
  endfacet
  facet normal 0.887216 -0.461349 0.00210101
    outer loop
      vertex -9.92403 -19.1891 3.93686
      vertex -9.47796 -18.3338 3.38052
      vertex -9.92204 -19.1852 3.9529
    endloop
  endfacet
  facet normal 0.886734 -0.46228 0.000283188
    outer loop
      vertex -9.47796 -18.3338 3.38052
      vertex -9.92403 -19.1891 3.93686
      vertex -9.4839 -18.3452 3.37067
    endloop
  endfacet
  facet normal 0.886661 -0.462421 1.64076e-05
    outer loop
      vertex -9.93326 -19.2068 3.87804
      vertex -9.4839 -18.3452 3.37067
      vertex -9.92403 -19.1891 3.93686
    endloop
  endfacet
  facet normal 0.886572 -0.462591 -0.000352194
    outer loop
      vertex -9.4839 -18.3452 3.37067
      vertex -9.93326 -19.2068 3.87804
      vertex -9.50557 -18.3867 3.32957
    endloop
  endfacet
  facet normal 0.886646 -0.462449 -8.08318e-05
    outer loop
      vertex -9.93613 -19.2123 3.8631
      vertex -9.50557 -18.3867 3.32957
      vertex -9.93326 -19.2068 3.87804
    endloop
  endfacet
  facet normal 0.886393 -0.462931 0.00141517
    outer loop
      vertex -9.88944 -19.1228 6.40219
      vertex -9.79773 -18.9469 6.5
      vertex -9.81282 -18.9758 6.49786
    endloop
  endfacet
  facet normal 0.887254 -0.461278 -0.00181395
    outer loop
      vertex -9.88944 -19.1228 6.40219
      vertex -9.81282 -18.9758 6.49786
      vertex -9.82765 -19.0043 6.49149
    endloop
  endfacet
  facet normal 0.885807 -0.464045 0.0028592
    outer loop
      vertex -9.88944 -19.1228 6.40219
      vertex -9.82765 -19.0043 6.49149
      vertex -9.84197 -19.0317 6.48097
    endloop
  endfacet
  facet normal 0.886354 -0.463007 0.00132897
    outer loop
      vertex -9.88944 -19.1228 6.40219
      vertex -9.84197 -19.0317 6.48097
      vertex -9.85553 -19.0577 6.46651
    endloop
  endfacet
  facet normal 0.885446 -0.464731 0.00336158
    outer loop
      vertex -9.87947 -19.1036 6.42677
      vertex -9.85553 -19.0577 6.46651
      vertex -9.86811 -19.0818 6.44833
    endloop
  endfacet
  facet normal 0.884888 -0.465778 0.00490643
    outer loop
      vertex -9.88944 -19.1228 6.40219
      vertex -9.85553 -19.0577 6.46651
      vertex -9.87947 -19.1036 6.42677
    endloop
  endfacet
  facet normal 0.886892 -0.461976 -0.000770783
    outer loop
      vertex -9.79773 -18.9469 6.5
      vertex -9.88944 -19.1228 6.40219
      vertex -9.89785 -19.1389 6.375
    endloop
  endfacet
  facet normal 0.88686 -0.462039 -0.000647651
    outer loop
      vertex -9.79773 -18.9469 6.5
      vertex -9.89785 -19.1389 6.375
      vertex -9.90454 -19.1517 6.34567
    endloop
  endfacet
  facet normal 0.886771 -0.462209 -0.000360499
    outer loop
      vertex -9.79773 -18.9469 6.5
      vertex -9.90454 -19.1517 6.34567
      vertex -9.9094 -19.161 6.3147
    endloop
  endfacet
  facet normal 0.886376 -0.462965 0.000751487
    outer loop
      vertex -9.79773 -18.9469 6.5
      vertex -9.9094 -19.161 6.3147
      vertex -9.91235 -19.1667 6.28264
    endloop
  endfacet
  facet normal 0.886672 -0.462399 2.30806e-05
    outer loop
      vertex -9.79773 -18.9469 6.5
      vertex -9.91235 -19.1667 6.28264
      vertex -9.91334 -19.1686 6.25
    endloop
  endfacet
  facet normal 0.886536 -0.462659 -0.000463219
    outer loop
      vertex -9.38762 -18.1606 3.47688
      vertex -9.91334 -19.1686 4.10394
      vertex -9.41482 -18.2127 3.45691
    endloop
  endfacet
  facet normal 0.886763 -0.462224 0.00036029
    outer loop
      vertex -9.50557 -18.3867 3.32957
      vertex -9.93613 -19.2123 3.8631
      vertex -9.51083 -18.3968 3.31821
    endloop
  endfacet
  facet normal 0.88664 -0.462459 -8.69771e-05
    outer loop
      vertex -9.94881 -19.2366 3.80746
      vertex -9.51083 -18.3968 3.31821
      vertex -9.93613 -19.2123 3.8631
    endloop
  endfacet
  facet normal 0.88661 -0.462517 -0.000212929
    outer loop
      vertex -9.51083 -18.3968 3.31821
      vertex -9.94881 -19.2366 3.80746
      vertex -9.52983 -18.4332 3.27135
    endloop
  endfacet
  facet normal 0.886631 -0.462478 -0.000138228
    outer loop
      vertex -9.95262 -19.2439 3.79317
      vertex -9.52983 -18.4332 3.27135
      vertex -9.94881 -19.2366 3.80746
    endloop
  endfacet
  facet normal 0.887037 -0.461697 0.00140418
    outer loop
      vertex -9.52983 -18.4332 3.27135
      vertex -9.95262 -19.2439 3.79317
      vertex -9.53439 -18.442 3.2585
    endloop
  endfacet
  facet normal 0.886618 -0.462502 -0.000130473
    outer loop
      vertex -9.96859 -19.2745 3.7415
      vertex -9.53439 -18.442 3.2585
      vertex -9.95262 -19.2439 3.79317
    endloop
  endfacet
  facet normal 0.886618 -0.462502 -0.000130473
    outer loop
      vertex -9.53439 -18.442 3.2585
      vertex -9.96859 -19.2745 3.7415
      vertex -9.55036 -18.4726 3.20683
    endloop
  endfacet
  facet normal 0.886491 -0.462745 -0.000595339
    outer loop
      vertex -9.97314 -19.2832 3.72865
      vertex -9.55036 -18.4726 3.20683
      vertex -9.96859 -19.2745 3.7415
    endloop
  endfacet
  facet normal 0.886617 -0.462505 -0.000120498
    outer loop
      vertex -9.55036 -18.4726 3.20683
      vertex -9.97314 -19.2832 3.72865
      vertex -9.55417 -18.4799 3.19254
    endloop
  endfacet
  facet normal 0.886741 -0.462266 0.000335907
    outer loop
      vertex -9.99215 -19.3197 3.68179
      vertex -9.55417 -18.4799 3.19254
      vertex -9.97314 -19.2832 3.72865
    endloop
  endfacet
  facet normal 0.88664 -0.462459 -8.69771e-05
    outer loop
      vertex -9.55417 -18.4799 3.19254
      vertex -9.99215 -19.3197 3.68179
      vertex -9.56685 -18.5042 3.1369
    endloop
  endfacet
  facet normal 0.886897 -0.461967 0.000850113
    outer loop
      vertex -9.9974 -19.3298 3.67043
      vertex -9.56685 -18.5042 3.1369
      vertex -9.99215 -19.3197 3.68179
    endloop
  endfacet
  facet normal 0.886777 -0.462198 0.000395449
    outer loop
      vertex -9.56685 -18.5042 3.1369
      vertex -9.9974 -19.3298 3.67043
      vertex -9.56971 -18.5097 3.12196
    endloop
  endfacet
  facet normal 0.886466 -0.462794 -0.000738386
    outer loop
      vertex -10.0191 -19.3713 3.62933
      vertex -9.56971 -18.5097 3.12196
      vertex -9.9974 -19.3298 3.67043
    endloop
  endfacet
  facet normal 0.887284 -0.461218 0.00232532
    outer loop
      vertex -9.57895 -18.5274 3.06314
      vertex -10.0191 -19.3713 3.62933
      vertex -10.025 -19.3827 3.61948
    endloop
  endfacet
  facet normal 0.886614 -0.46251 -0.000205675
    outer loop
      vertex -9.58094 -18.5312 3.0471
      vertex -10.025 -19.3827 3.61948
      vertex -10.0489 -19.4285 3.58495
    endloop
  endfacet
  facet normal 0.887004 -0.46176 0.00122962
    outer loop
      vertex -9.58652 -18.5419 2.98636
      vertex -10.0489 -19.4285 3.58495
      vertex -10.0555 -19.4412 3.57671
    endloop
  endfacet
  facet normal 0.886713 -0.462321 0.000141968
    outer loop
      vertex -9.58751 -18.5438 2.9702
      vertex -10.0555 -19.4412 3.57671
      vertex -10.0812 -19.4905 3.54929
    endloop
  endfacet
  facet normal 0.886662 -0.462417 -1.99579e-05
    outer loop
      vertex -9.58952 -18.5477 2.90387
      vertex -10.0812 -19.4905 3.54929
      vertex -10.237 -19.7892 2.64999
    endloop
  endfacet
  facet normal 0.883236 -0.468851 0.00856024
    outer loop
      vertex -10.237 -19.7892 3.26451
      vertex -10.0812 -19.4905 3.54929
      vertex -10.0882 -19.5038 3.54309
    endloop
  endfacet
  facet normal 0.886298 -0.463113 0.00104571
    outer loop
      vertex -10.237 -19.7892 3.26451
      vertex -10.0882 -19.5038 3.54309
      vertex -10.1154 -19.5559 3.52312
    endloop
  endfacet
  facet normal 0.886675 -0.462393 8.23144e-06
    outer loop
      vertex -9.58964 -18.5479 2.89606
      vertex -10.1214 -19.5676 2.39999
      vertex -9.70525 -18.7696 2.39999
    endloop
  endfacet
  facet normal 0.888504 -0.458852 -0.00383528
    outer loop
      vertex -10.237 -19.7892 3.26451
      vertex -10.1154 -19.5559 3.52312
      vertex -10.1227 -19.57 3.51888
    endloop
  endfacet
  facet normal 0.886638 -0.462465 0
    outer loop
      vertex -10.0812 -19.4905 3.54929
      vertex -10.237 -19.7892 3.26451
      vertex -10.237 -19.7892 2.64999
    endloop
  endfacet
  facet normal 0.886415 -0.462892 0.000584559
    outer loop
      vertex -10.237 -19.7892 3.26451
      vertex -10.1227 -19.57 3.51888
      vertex -10.144 -19.6108 3.50972
    endloop
  endfacet
  facet normal 0.884623 -0.466247 0.00749158
    outer loop
      vertex -10.2131 -19.7434 3.4167
      vertex -10.144 -19.6108 3.50972
      vertex -10.1514 -19.6249 3.506
    endloop
  endfacet
  facet normal 0.886653 -0.462434 8.66545e-05
    outer loop
      vertex -9.58952 -18.5477 2.90387
      vertex -10.237 -19.7892 2.64999
      vertex -10.1214 -19.5676 2.39999
    endloop
  endfacet
  facet normal 0.887468 -0.460866 -0.00161474
    outer loop
      vertex -10.2131 -19.7434 3.4167
      vertex -10.1514 -19.6249 3.506
      vertex -10.1657 -19.6524 3.49548
    endloop
  endfacet
  facet normal 0.885382 -0.464856 -0.00264731
    outer loop
      vertex -10.2361 -19.7873 2.61736
      vertex -10.1214 -19.5676 2.39999
      vertex -10.237 -19.7892 2.64999
    endloop
  endfacet
  facet normal 0.88856 -0.458736 -0.00473142
    outer loop
      vertex -10.2131 -19.7434 3.4167
      vertex -10.1657 -19.6524 3.49548
      vertex -10.1792 -19.6784 3.48102
    endloop
  endfacet
  facet normal 0.887495 -0.46081 0.00255602
    outer loop
      vertex -10.2331 -19.7817 2.5853
      vertex -10.1214 -19.5676 2.39999
      vertex -10.2361 -19.7873 2.61736
    endloop
  endfacet
  facet normal 0.886325 -0.463064 -0.000431399
    outer loop
      vertex -10.2032 -19.7243 3.44128
      vertex -10.1792 -19.6784 3.48102
      vertex -10.1918 -19.7025 3.46284
    endloop
  endfacet
  facet normal 0.886766 -0.462219 0.000488796
    outer loop
      vertex -10.2169 -19.7507 2.51
      vertex -10.1214 -19.5676 2.39999
      vertex -10.2331 -19.7817 2.5853
    endloop
  endfacet
  facet normal 0.882716 -0.46981 0.00953995
    outer loop
      vertex -10.2131 -19.7434 3.4167
      vertex -10.1792 -19.6784 3.48102
      vertex -10.2032 -19.7243 3.44128
    endloop
  endfacet
  facet normal 0.88495 -0.465647 -0.00605083
    outer loop
      vertex -10.1365 -19.5965 2.40213
      vertex -10.2169 -19.7507 2.51
      vertex -10.1514 -19.6249 2.40851
    endloop
  endfacet
  facet normal 0.888556 -0.458726 -0.00615059
    outer loop
      vertex -10.144 -19.6108 3.50972
      vertex -10.2131 -19.7434 3.4167
      vertex -10.2216 -19.7595 3.38951
    endloop
  endfacet
  facet normal 0.888377 -0.459097 0.00390929
    outer loop
      vertex -10.1657 -19.6524 2.41902
      vertex -10.2169 -19.7507 2.51
      vertex -10.1792 -19.6784 2.43349
    endloop
  endfacet
  facet normal 0.882546 -0.470145 -0.00872606
    outer loop
      vertex -10.1918 -19.7025 2.45166
      vertex -10.2169 -19.7507 2.51
      vertex -10.2032 -19.7243 2.47322
    endloop
  endfacet
  facet normal 0.909487 -0.413272 0.0451762
    outer loop
      vertex -10.2032 -19.7243 2.47322
      vertex -10.2138 -19.7447 2.5
      vertex -10.2131 -19.7434 2.4978
    endloop
  endfacet
  facet normal 0.88447 -0.466557 0.00617409
    outer loop
      vertex -10.144 -19.6108 3.50972
      vertex -10.2216 -19.7595 3.38951
      vertex -10.2282 -19.7724 3.36018
    endloop
  endfacet
  facet normal 0.884936 -0.465696 -0.00402243
    outer loop
      vertex -10.1792 -19.6784 2.43349
      vertex -10.2169 -19.7507 2.51
      vertex -10.1918 -19.7025 2.45166
    endloop
  endfacet
  facet normal 0.887653 -0.460507 -0.00215648
    outer loop
      vertex -10.144 -19.6108 3.50972
      vertex -10.2282 -19.7724 3.36018
      vertex -10.2331 -19.7817 3.32921
    endloop
  endfacet
  facet normal 0.88336 -0.468638 -0.00734094
    outer loop
      vertex -10.2032 -19.7243 2.47322
      vertex -10.2169 -19.7507 2.51
      vertex -10.2138 -19.7447 2.5
    endloop
  endfacet
  facet normal 0.8879 -0.460029 -0.00273035
    outer loop
      vertex -10.144 -19.6108 3.50972
      vertex -10.2331 -19.7817 3.32921
      vertex -10.2361 -19.7873 3.29715
    endloop
  endfacet
  facet normal 0.887434 -0.460932 0.00139566
    outer loop
      vertex -10.1514 -19.6249 2.40851
      vertex -10.2169 -19.7507 2.51
      vertex -10.1657 -19.6524 2.41902
    endloop
  endfacet
  facet normal 0.885234 -0.465139 0.00266707
    outer loop
      vertex -10.144 -19.6108 3.50972
      vertex -10.2361 -19.7873 3.29715
      vertex -10.237 -19.7892 3.26451
    endloop
  endfacet
  facet normal 0.856554 -0.514954 -0.0337419
    outer loop
      vertex -10.2169 -19.7507 2.51
      vertex -10.2282 -19.7724 2.55432
      vertex -10.2216 -19.7595 2.52499
    endloop
  endfacet
  facet normal 0.890467 -0.455029 0.00424537
    outer loop
      vertex -10.2169 -19.7507 2.51
      vertex -10.2331 -19.7817 2.5853
      vertex -10.2282 -19.7724 2.55432
    endloop
  endfacet
  facet normal 0.886263 -0.463179 -0.00154522
    outer loop
      vertex -10.1214 -19.5676 2.39999
      vertex -10.2169 -19.7507 2.51
      vertex -10.1365 -19.5965 2.40213
    endloop
  endfacet
  facet normal -0.886462 0.462802 0
    outer loop
      vertex -11.363 -17.6231 2.5
      vertex -11.3831 -17.6616 2.51
      vertex -11.363 -17.6231 2.51
    endloop
  endfacet
  facet normal -0.886724 0.462292 -0.0024908
    outer loop
      vertex -11.3831 -17.6616 2.51
      vertex -11.363 -17.6231 2.5
      vertex -11.3862 -17.6676 2.5
    endloop
  endfacet
  facet normal -0.88609 0.463512 -0.00112904
    outer loop
      vertex -11.4786 -17.8447 2.39999
      vertex -11.363 -17.6231 2.64999
      vertex -11.3639 -17.6249 2.61736
    endloop
  endfacet
  facet normal -0.886659 0.462425 0
    outer loop
      vertex -3.79715 -3.11639 6.5
      vertex -3.28666 -2.13757 5.90712
      vertex -3.28666 -2.13757 3.75
    endloop
  endfacet
  facet normal -0.886662 0.462418 -2.4487e-05
    outer loop
      vertex -3.40226 -2.35924 3.5
      vertex -3.28666 -2.13757 3.75
      vertex -3.28765 -2.13947 3.71736
    endloop
  endfacet
  facet normal -0.886584 0.462568 -0.00021681
    outer loop
      vertex -3.40226 -2.35924 3.5
      vertex -3.28765 -2.13947 3.71736
      vertex -3.29059 -2.14512 3.6853
    endloop
  endfacet
  facet normal -0.886789 0.462174 0.000361637
    outer loop
      vertex -3.40226 -2.35924 3.5
      vertex -3.29059 -2.14512 3.6853
      vertex -3.29546 -2.15444 3.65433
    endloop
  endfacet
  facet normal -0.886668 0.462406 -2.90658e-05
    outer loop
      vertex -3.40226 -2.35924 3.5
      vertex -3.29546 -2.15444 3.65433
      vertex -3.30215 -2.16727 3.625
    endloop
  endfacet
  facet normal -0.88675 0.462249 -0.000110039
    outer loop
      vertex -3.5378 -2.61911 6.87804
      vertex -3.28666 -2.13757 5.90712
      vertex -3.54066 -2.6246 6.8631
    endloop
  endfacet
  facet normal -0.88666 0.462423 -6.19793e-05
    outer loop
      vertex -3.40226 -2.35924 3.5
      vertex -3.30215 -2.16727 3.625
      vertex -3.31055 -2.18338 3.59781
    endloop
  endfacet
  facet normal -0.88666 0.462422 -6.18219e-05
    outer loop
      vertex -3.40226 -2.35924 3.5
      vertex -3.31055 -2.18338 3.59781
      vertex -3.32052 -2.2025 3.57323
    endloop
  endfacet
  facet normal -0.886691 0.462363 0.000100361
    outer loop
      vertex -3.40226 -2.35924 3.5
      vertex -3.32052 -2.2025 3.57323
      vertex -3.33189 -2.2243 3.55167
    endloop
  endfacet
  facet normal -0.886707 0.462331 0.000204654
    outer loop
      vertex -3.40226 -2.35924 3.5
      vertex -3.33189 -2.2243 3.55167
      vertex -3.34446 -2.2484 3.53349
    endloop
  endfacet
  facet normal -0.886735 0.462277 -8.07956e-05
    outer loop
      vertex -3.52657 -2.59758 6.9529
      vertex -3.28666 -2.13757 5.90712
      vertex -3.52856 -2.6014 6.93686
    endloop
  endfacet
  facet normal -0.886624 0.462492 -0.000469685
    outer loop
      vertex -3.40226 -2.35924 3.5
      vertex -3.34446 -2.2484 3.53349
      vertex -3.35802 -2.27441 3.51903
    endloop
  endfacet
  facet normal -0.886838 0.462077 0.00187871
    outer loop
      vertex -3.40226 -2.35924 3.5
      vertex -3.35802 -2.27441 3.51903
      vertex -3.37235 -2.30187 3.50851
    endloop
  endfacet
  facet normal -0.886674 0.462395 -0.000846416
    outer loop
      vertex -3.40226 -2.35924 3.5
      vertex -3.37235 -2.30187 3.50851
      vertex -3.38717 -2.3303 3.50214
    endloop
  endfacet
  facet normal -0.88666 0.462422 0
    outer loop
      vertex -3.28666 -2.13757 5.90712
      vertex -3.52099 -2.58688 7.01364
      vertex -3.28666 -2.13757 7.73334
    endloop
  endfacet
  facet normal -0.886669 0.462405 -9.05696e-06
    outer loop
      vertex -3.28666 -2.13757 3.75
      vertex -3.40226 -2.35924 3.5
      vertex -3.79715 -3.11639 6.5
    endloop
  endfacet
  facet normal -0.886634 0.462472 -4.5322e-05
    outer loop
      vertex -3.51799 -2.58113 7.09613
      vertex -3.28666 -2.13757 7.73334
      vertex -3.52 -2.58499 7.0298
    endloop
  endfacet
  facet normal -0.886664 0.462414 5.69258e-06
    outer loop
      vertex -3.51787 -2.5809 7.10394
      vertex -3.28666 -2.13757 7.73334
      vertex -3.51799 -2.58113 7.09613
    endloop
  endfacet
  facet normal -0.886617 0.462505 -5.61414e-05
    outer loop
      vertex -3.30239 -2.16775 7.73928
      vertex -3.51787 -2.5809 7.10394
      vertex -3.34754 -2.2543 7.75635
    endloop
  endfacet
  facet normal -0.886566 0.462602 -5.95261e-05
    outer loop
      vertex -3.41056 -2.37515 7.8274
      vertex -3.51787 -2.5809 7.10394
      vertex -3.42023 -2.39368 7.84536
    endloop
  endfacet
  facet normal -0.886628 0.462483 -7.21532e-05
    outer loop
      vertex -3.40226 -2.35924 11.55
      vertex -3.50907 -2.56403 11.3957
      vertex -3.50238 -2.5512 11.425
    endloop
  endfacet
  facet normal -0.886657 0.462428 0
    outer loop
      vertex -3.51787 -2.5809 11.26
      vertex -3.05544 -1.69424 11.25
      vertex -3.51787 -2.5809 11.25
    endloop
  endfacet
  facet normal -0.886657 0.462428 1.04047e-05
    outer loop
      vertex -3.05544 -1.69424 11.25
      vertex -3.51787 -2.5809 11.26
      vertex -3.50907 -2.56403 11.3957
    endloop
  endfacet
  facet normal -0.886655 0.462432 0
    outer loop
      vertex -3.51787 -2.5809 11.25
      vertex -3.49657 -2.54006 8
      vertex -3.51787 -2.5809 7.10394
    endloop
  endfacet
  facet normal -0.886644 0.462453 -1.18655e-06
    outer loop
      vertex -3.4782 -2.50484 7.95305
      vertex -3.51787 -2.5809 7.10394
      vertex -3.49657 -2.54006 8
    endloop
  endfacet
  facet normal -0.88667 0.462403 4.48616e-06
    outer loop
      vertex -3.42023 -2.39368 7.84536
      vertex -3.51787 -2.5809 7.10394
      vertex -3.4782 -2.50484 7.95305
    endloop
  endfacet
  facet normal -0.886716 0.462314 4.47176e-05
    outer loop
      vertex -3.39896 -2.3529 7.81432
      vertex -3.51787 -2.5809 7.10394
      vertex -3.41056 -2.37515 7.8274
    endloop
  endfacet
  facet normal -0.886669 0.462404 8.15738e-06
    outer loop
      vertex -3.34754 -2.2543 7.75635
      vertex -3.51787 -2.5809 7.10394
      vertex -3.39896 -2.3529 7.81432
    endloop
  endfacet
  facet normal -0.886764 0.462222 0.000177811
    outer loop
      vertex -3.28666 -2.13757 7.73334
      vertex -3.51787 -2.5809 7.10394
      vertex -3.30239 -2.16775 7.73928
    endloop
  endfacet
  facet normal -0.88685 0.462056 0.000290556
    outer loop
      vertex -3.52 -2.58499 7.0298
      vertex -3.28666 -2.13757 7.73334
      vertex -3.52099 -2.58688 7.01364
    endloop
  endfacet
  facet normal -0.886664 0.462414 -4.1058e-06
    outer loop
      vertex -3.52099 -2.58688 7.01364
      vertex -3.28666 -2.13757 5.90712
      vertex -3.52657 -2.59758 6.9529
    endloop
  endfacet
  facet normal -0.886631 0.462478 3.38959e-05
    outer loop
      vertex -3.52856 -2.6014 6.93686
      vertex -3.28666 -2.13757 5.90712
      vertex -3.5378 -2.61911 6.87804
    endloop
  endfacet
  facet normal -0.88665 0.462441 1.40981e-05
    outer loop
      vertex -3.28666 -2.13757 5.90712
      vertex -3.55334 -2.64891 6.80746
      vertex -3.54066 -2.6246 6.8631
    endloop
  endfacet
  facet normal -0.886717 0.462313 -7.8236e-05
    outer loop
      vertex -3.28666 -2.13757 5.90712
      vertex -3.55715 -2.65622 6.79317
      vertex -3.55334 -2.64891 6.80746
    endloop
  endfacet
  facet normal -0.886657 0.462428 7.1798e-06
    outer loop
      vertex -3.28666 -2.13757 5.90712
      vertex -3.57312 -2.68684 6.7415
      vertex -3.55715 -2.65622 6.79317
    endloop
  endfacet
  facet normal -0.886622 0.462494 6.24502e-05
    outer loop
      vertex -3.28666 -2.13757 5.90712
      vertex -3.57768 -2.69558 6.72865
      vertex -3.57312 -2.68684 6.7415
    endloop
  endfacet
  facet normal -0.886657 0.462428 5.23993e-06
    outer loop
      vertex -3.28666 -2.13757 5.90712
      vertex -3.59668 -2.73201 6.68179
      vertex -3.57768 -2.69558 6.72865
    endloop
  endfacet
  facet normal -0.886603 0.462532 0.000106722
    outer loop
      vertex -3.28666 -2.13757 5.90712
      vertex -3.60194 -2.74209 6.67043
      vertex -3.59668 -2.73201 6.68179
    endloop
  endfacet
  facet normal -0.886658 0.462427 1.00954e-06
    outer loop
      vertex -3.28666 -2.13757 5.90712
      vertex -3.62361 -2.78364 6.62933
      vertex -3.60194 -2.74209 6.67043
    endloop
  endfacet
  facet normal -0.886664 0.462415 -1.24402e-05
    outer loop
      vertex -3.28666 -2.13757 5.90712
      vertex -3.62955 -2.79503 6.61948
      vertex -3.62361 -2.78364 6.62933
    endloop
  endfacet
  facet normal -0.886666 0.462411 -1.71692e-05
    outer loop
      vertex -3.28666 -2.13757 5.90712
      vertex -3.65344 -2.84084 6.58495
      vertex -3.62955 -2.79503 6.61948
    endloop
  endfacet
  facet normal -0.886712 0.462323 -0.000132836
    outer loop
      vertex -3.28666 -2.13757 5.90712
      vertex -3.66005 -2.85352 6.57671
      vertex -3.65344 -2.84084 6.58495
    endloop
  endfacet
  facet normal -0.886647 0.462446 3.4764e-05
    outer loop
      vertex -3.28666 -2.13757 5.90712
      vertex -3.68578 -2.90285 6.54929
      vertex -3.66005 -2.85352 6.57671
    endloop
  endfacet
  facet normal -0.886573 0.462588 0.000250036
    outer loop
      vertex -3.28666 -2.13757 5.90712
      vertex -3.69269 -2.91609 6.54309
      vertex -3.68578 -2.90285 6.54929
    endloop
  endfacet
  facet normal -0.886674 0.462395 -5.06096e-05
    outer loop
      vertex -3.28666 -2.13757 5.90712
      vertex -3.71989 -2.96825 6.52312
      vertex -3.69269 -2.91609 6.54309
    endloop
  endfacet
  facet normal -0.886772 0.462207 -0.000373098
    outer loop
      vertex -3.28666 -2.13757 5.90712
      vertex -3.7273 -2.98247 6.51881
      vertex -3.71989 -2.96825 6.52312
    endloop
  endfacet
  facet normal -0.886659 0.462424 7.61633e-06
    outer loop
      vertex -3.28666 -2.13757 5.90712
      vertex -3.75539 -3.03633 6.50674
      vertex -3.7273 -2.98247 6.51881
    endloop
  endfacet
  facet normal -0.886418 0.462885 0.000887286
    outer loop
      vertex -3.28666 -2.13757 5.90712
      vertex -3.76287 -3.05065 6.50461
      vertex -3.75539 -3.03633 6.50674
    endloop
  endfacet
  facet normal -0.886667 0.462409 -3.95948e-05
    outer loop
      vertex -3.28666 -2.13757 5.90712
      vertex -3.79354 -3.10946 6.50026
      vertex -3.76287 -3.05065 6.50461
    endloop
  endfacet
  facet normal -0.886868 0.462022 -0.00084466
    outer loop
      vertex -3.28666 -2.13757 5.90712
      vertex -3.79715 -3.11639 6.5
      vertex -3.79354 -3.10946 6.50026
    endloop
  endfacet
  facet normal -0.886657 0.462428 -1.60102e-06
    outer loop
      vertex -11.0837 -17.0876 3.5
      vertex -3.79715 -3.11639 6.5
      vertex -3.40226 -2.35924 3.5
    endloop
  endfacet
  facet normal -0.886589 0.462559 0.000250036
    outer loop
      vertex -11.6867 -18.2437 4.10394
      vertex -11.0837 -17.0876 3.5
      vertex -11.0873 -17.0945 3.49974
    endloop
  endfacet
  facet normal -0.886474 0.462778 0.000781347
    outer loop
      vertex -11.6867 -18.2437 4.10394
      vertex -11.0873 -17.0945 3.49974
      vertex -11.118 -17.1533 3.49539
    endloop
  endfacet
  facet normal -0.887808 0.460186 -0.00510951
    outer loop
      vertex -11.6867 -18.2437 4.10394
      vertex -11.118 -17.1533 3.49539
      vertex -11.1254 -17.1676 3.49326
    endloop
  endfacet
  facet normal -0.886896 0.461969 0.000856693
    outer loop
      vertex -11.4786 -17.8447 2.39999
      vertex -11.3639 -17.6249 2.61736
      vertex -11.3669 -17.6306 2.5853
    endloop
  endfacet
  facet normal -0.887249 0.461287 0.00185784
    outer loop
      vertex -11.4786 -17.8447 2.39999
      vertex -11.3669 -17.6306 2.5853
      vertex -11.3718 -17.6399 2.55432
    endloop
  endfacet
  facet normal -0.886613 0.462511 0
    outer loop
      vertex -11.363 -17.6231 2.64999
      vertex -11.4786 -17.8447 2.39999
      vertex -11.363 -17.6231 2.89606
    endloop
  endfacet
  facet normal -0.871373 0.490295 -0.0178898
    outer loop
      vertex -11.3831 -17.6616 2.51
      vertex -11.3718 -17.6399 2.55432
      vertex -11.3784 -17.6527 2.52499
    endloop
  endfacet
  facet normal -0.886698 0.46235 9.19257e-05
    outer loop
      vertex -11.8947 -18.6427 2.39999
      vertex -11.363 -17.6231 2.89606
      vertex -11.4786 -17.8447 2.39999
    endloop
  endfacet
  facet normal -0.886519 0.462693 -0.000513854
    outer loop
      vertex -11.3718 -17.6399 2.55432
      vertex -11.3831 -17.6616 2.51
      vertex -11.4786 -17.8447 2.39999
    endloop
  endfacet
  facet normal -0.88336 0.468638 -0.00734094
    outer loop
      vertex -11.3968 -17.688 2.47322
      vertex -11.3831 -17.6616 2.51
      vertex -11.3862 -17.6676 2.5
    endloop
  endfacet
  facet normal -0.805183 0.58009 -0.123185
    outer loop
      vertex -11.3968 -17.688 2.47322
      vertex -11.3862 -17.6676 2.5
      vertex -11.3868 -17.6689 2.4978
    endloop
  endfacet
  facet normal -0.885915 0.463838 -0.00294445
    outer loop
      vertex -11.3831 -17.6616 2.51
      vertex -11.3968 -17.688 2.47322
      vertex -11.4786 -17.8447 2.39999
    endloop
  endfacet
  facet normal -0.887672 0.460448 0.00504482
    outer loop
      vertex -11.363 -17.6231 2.89606
      vertex -11.8947 -18.6427 2.39999
      vertex -11.3628 -17.6228 2.90387
    endloop
  endfacet
  facet normal -0.886782 0.462185 0.00156253
    outer loop
      vertex -11.4786 -17.8447 2.39999
      vertex -11.3968 -17.688 2.47322
      vertex -11.4082 -17.7098 2.45166
    endloop
  endfacet
  facet normal -0.886894 0.461968 0.00227996
    outer loop
      vertex -11.4786 -17.8447 2.39999
      vertex -11.4082 -17.7098 2.45166
      vertex -11.4208 -17.7339 2.43349
    endloop
  endfacet
  facet normal -0.886625 0.46249 -0.000193919
    outer loop
      vertex -12.0104 -18.8644 2.64999
      vertex -11.3628 -17.6228 2.90387
      vertex -11.8947 -18.6427 2.39999
    endloop
  endfacet
  facet normal -0.88553 0.464505 -0.00846499
    outer loop
      vertex -11.4786 -17.8447 2.39999
      vertex -11.4208 -17.7339 2.43349
      vertex -11.4343 -17.7599 2.41902
    endloop
  endfacet
  facet normal -0.886641 0.462458 2.69212e-06
    outer loop
      vertex -11.8546 -18.5657 3.54929
      vertex -11.3628 -17.6228 2.90387
      vertex -12.0104 -18.8644 2.64999
    endloop
  endfacet
  facet normal -0.885016 0.465366 -0.0134945
    outer loop
      vertex -11.4786 -17.8447 2.39999
      vertex -11.4343 -17.7599 2.41902
      vertex -11.4486 -17.7874 2.40851
    endloop
  endfacet
  facet normal -0.886625 0.462314 0.0126962
    outer loop
      vertex -11.4786 -17.8447 2.39999
      vertex -11.4486 -17.7874 2.40851
      vertex -11.4635 -17.8158 2.40213
    endloop
  endfacet
  facet normal -0.886508 0.462713 0.000505921
    outer loop
      vertex -11.8288 -18.5163 3.57671
      vertex -11.3608 -17.619 2.9702
      vertex -11.8546 -18.5657 3.54929
    endloop
  endfacet
  facet normal -0.886521 0.462688 0.000458758
    outer loop
      vertex -11.3608 -17.619 2.9702
      vertex -11.8288 -18.5163 3.57671
      vertex -11.3598 -17.6171 2.98636
    endloop
  endfacet
  facet normal -0.886658 0.462426 7.5682e-06
    outer loop
      vertex -11.0837 -17.0876 3.5
      vertex -11.571 -18.022 6.5
      vertex -3.79715 -3.11639 6.5
    endloop
  endfacet
  facet normal -0.886704 0.462338 -0.000302495
    outer loop
      vertex -11.6867 -18.2437 4.10394
      vertex -11.1254 -17.1676 3.49326
      vertex -11.1535 -17.2215 3.48119
    endloop
  endfacet
  facet normal -0.886748 0.462253 -0.000479224
    outer loop
      vertex -11.6867 -18.2437 4.10394
      vertex -11.1535 -17.2215 3.48119
      vertex -11.1609 -17.2357 3.47688
    endloop
  endfacet
  facet normal -0.88675 0.462249 -0.000489151
    outer loop
      vertex -11.6867 -18.2437 4.10394
      vertex -11.1609 -17.2357 3.47688
      vertex -11.1881 -17.2879 3.45691
    endloop
  endfacet
  facet normal -0.886386 0.462945 0.00083672
    outer loop
      vertex -11.6868 -18.2439 4.09613
      vertex -11.1881 -17.2879 3.45691
      vertex -11.195 -17.3011 3.45071
    endloop
  endfacet
  facet normal -0.886306 0.463099 0.00130927
    outer loop
      vertex -11.6888 -18.2478 4.0298
      vertex -11.195 -17.3011 3.45071
      vertex -11.2208 -17.3504 3.42329
    endloop
  endfacet
  facet normal -0.887 0.461768 -0.00124473
    outer loop
      vertex -11.6898 -18.2497 4.01364
      vertex -11.2208 -17.3504 3.42329
      vertex -11.2274 -17.3631 3.41505
    endloop
  endfacet
  facet normal -0.886605 0.462528 0.000176469
    outer loop
      vertex -11.6954 -18.2604 3.9529
      vertex -11.2274 -17.3631 3.41505
      vertex -11.2513 -17.4089 3.38052
    endloop
  endfacet
  facet normal -0.887296 0.461194 -0.0022911
    outer loop
      vertex -11.6973 -18.2642 3.93686
      vertex -11.2513 -17.4089 3.38052
      vertex -11.2572 -17.4203 3.37067
    endloop
  endfacet
  facet normal -0.886634 0.462473 2.63551e-05
    outer loop
      vertex -11.7066 -18.2819 3.87804
      vertex -11.2572 -17.4203 3.37067
      vertex -11.2789 -17.4619 3.32957
    endloop
  endfacet
  facet normal -0.886869 0.462021 -0.000747447
    outer loop
      vertex -11.7094 -18.2874 3.8631
      vertex -11.2789 -17.4619 3.32957
      vertex -11.2841 -17.4719 3.31821
    endloop
  endfacet
  facet normal -0.886767 0.462217 -0.000477401
    outer loop
      vertex -11.7221 -18.3117 3.80746
      vertex -11.2841 -17.4719 3.31821
      vertex -11.3031 -17.5084 3.27135
    endloop
  endfacet
  facet normal -0.885846 0.463969 0.00298519
    outer loop
      vertex -11.7259 -18.319 3.79317
      vertex -11.3031 -17.5084 3.27135
      vertex -11.3077 -17.5171 3.2585
    endloop
  endfacet
  facet normal -0.886527 0.462676 0.000513555
    outer loop
      vertex -11.7419 -18.3496 3.7415
      vertex -11.3077 -17.5171 3.2585
      vertex -11.3237 -17.5477 3.20683
    endloop
  endfacet
  facet normal -0.886751 0.462248 -0.000332945
    outer loop
      vertex -11.7465 -18.3584 3.72865
      vertex -11.3237 -17.5477 3.20683
      vertex -11.3275 -17.555 3.19254
    endloop
  endfacet
  facet normal -0.886731 0.462286 -0.000328608
    outer loop
      vertex -11.7655 -18.3948 3.68179
      vertex -11.3275 -17.555 3.19254
      vertex -11.3402 -17.5794 3.1369
    endloop
  endfacet
  facet normal -0.886876 0.462007 -0.000775301
    outer loop
      vertex -11.7707 -18.4049 3.67043
      vertex -11.3402 -17.5794 3.1369
      vertex -11.343 -17.5848 3.12196
    endloop
  endfacet
  facet normal -0.886927 0.461908 -0.00105885
    outer loop
      vertex -11.3598 -17.6171 2.98636
      vertex -11.8222 -18.5036 3.58495
      vertex -11.3543 -17.6064 3.0471
    endloop
  endfacet
  facet normal -0.886642 0.462456 0
    outer loop
      vertex -11.0837 -17.0876 3.5
      vertex -11.6867 -18.2437 4.10394
      vertex -11.6867 -18.2437 6.25
    endloop
  endfacet
  facet normal -0.886569 0.462596 7.46486e-05
    outer loop
      vertex -11.0837 -17.0876 3.5
      vertex -11.6867 -18.2437 6.25
      vertex -11.571 -18.022 6.5
    endloop
  endfacet
  facet normal -0.886648 0.462444 0.000245224
    outer loop
      vertex -11.6857 -18.2418 6.28264
      vertex -11.571 -18.022 6.5
      vertex -11.6867 -18.2437 6.25
    endloop
  endfacet
  facet normal -0.887598 0.460611 0.00260056
    outer loop
      vertex -11.6827 -18.2362 6.3147
      vertex -11.571 -18.022 6.5
      vertex -11.6857 -18.2418 6.28264
    endloop
  endfacet
  facet normal -0.885269 0.465062 -0.00394864
    outer loop
      vertex -11.6779 -18.2268 6.34567
      vertex -11.571 -18.022 6.5
      vertex -11.6827 -18.2362 6.3147
    endloop
  endfacet
  facet normal -0.886504 0.46272 -0.000116064
    outer loop
      vertex -11.6628 -18.1979 6.40219
      vertex -11.571 -18.022 6.5
      vertex -11.6712 -18.214 6.375
    endloop
  endfacet
  facet normal -0.887031 0.461705 0.0022031
    outer loop
      vertex -11.571 -18.022 6.5
      vertex -11.6628 -18.1979 6.40219
      vertex -11.5861 -18.051 6.49786
    endloop
  endfacet
  facet normal -0.886325 0.463064 0.000431399
    outer loop
      vertex -11.6288 -18.1329 6.46651
      vertex -11.6528 -18.1788 6.42677
      vertex -11.6414 -18.157 6.44833
    endloop
  endfacet
  facet normal -0.886682 0.462377 0.00144103
    outer loop
      vertex -11.6288 -18.1329 6.46651
      vertex -11.6628 -18.1979 6.40219
      vertex -11.6528 -18.1788 6.42677
    endloop
  endfacet
  facet normal -0.889257 0.45734 0.00789188
    outer loop
      vertex -11.6153 -18.1069 6.48097
      vertex -11.6628 -18.1979 6.40219
      vertex -11.6288 -18.1329 6.46651
    endloop
  endfacet
  facet normal -0.885031 0.465503 -0.00523186
    outer loop
      vertex -11.5861 -18.051 6.49786
      vertex -11.6628 -18.1979 6.40219
      vertex -11.601 -18.0794 6.49149
    endloop
  endfacet
  facet normal -0.887779 0.460255 0.00363444
    outer loop
      vertex -11.601 -18.0794 6.49149
      vertex -11.6628 -18.1979 6.40219
      vertex -11.6153 -18.1069 6.48097
    endloop
  endfacet
  facet normal -0.886749 0.462252 -0.000483413
    outer loop
      vertex -11.1881 -17.2879 3.45691
      vertex -11.6868 -18.2439 4.09613
      vertex -11.6867 -18.2437 4.10394
    endloop
  endfacet
  facet normal -0.886746 0.462257 -0.000441921
    outer loop
      vertex -11.195 -17.3011 3.45071
      vertex -11.6888 -18.2478 4.0298
      vertex -11.6868 -18.2439 4.09613
    endloop
  endfacet
  facet normal -0.886541 0.462651 0.000464384
    outer loop
      vertex -11.2208 -17.3504 3.42329
      vertex -11.6898 -18.2497 4.01364
      vertex -11.6888 -18.2478 4.0298
    endloop
  endfacet
  facet normal -0.886586 0.462564 0.000254248
    outer loop
      vertex -11.2274 -17.3631 3.41505
      vertex -11.6954 -18.2604 3.9529
      vertex -11.6898 -18.2497 4.01364
    endloop
  endfacet
  facet normal -0.887722 0.460364 -0.00390958
    outer loop
      vertex -11.2513 -17.4089 3.38052
      vertex -11.6973 -18.2642 3.93686
      vertex -11.6954 -18.2604 3.9529
    endloop
  endfacet
  facet normal -0.88643 0.462863 0.000869198
    outer loop
      vertex -11.2572 -17.4203 3.37067
      vertex -11.7066 -18.2819 3.87804
      vertex -11.6973 -18.2642 3.93686
    endloop
  endfacet
  facet normal -0.887533 0.460733 -0.00327577
    outer loop
      vertex -11.2789 -17.4619 3.32957
      vertex -11.7094 -18.2874 3.8631
      vertex -11.7066 -18.2819 3.87804
    endloop
  endfacet
  facet normal -0.886573 0.462589 0.000333664
    outer loop
      vertex -11.2841 -17.4719 3.31821
      vertex -11.7221 -18.3117 3.80746
      vertex -11.7094 -18.2874 3.8631
    endloop
  endfacet
  facet normal -0.886733 0.462282 -0.00035486
    outer loop
      vertex -11.3031 -17.5084 3.27135
      vertex -11.7259 -18.319 3.79317
      vertex -11.7221 -18.3117 3.80746
    endloop
  endfacet
  facet normal -0.886527 0.462676 0.000513555
    outer loop
      vertex -11.3077 -17.5171 3.2585
      vertex -11.7419 -18.3496 3.7415
      vertex -11.7259 -18.319 3.79317
    endloop
  endfacet
  facet normal -0.886529 0.462673 0.000506773
    outer loop
      vertex -11.3237 -17.5477 3.20683
      vertex -11.7465 -18.3584 3.72865
      vertex -11.7419 -18.3496 3.7415
    endloop
  endfacet
  facet normal -0.886604 0.462528 0.000201636
    outer loop
      vertex -11.3275 -17.555 3.19254
      vertex -11.7655 -18.3948 3.68179
      vertex -11.7465 -18.3584 3.72865
    endloop
  endfacet
  facet normal -0.887548 0.460704 -0.00333289
    outer loop
      vertex -11.3402 -17.5794 3.1369
      vertex -11.7707 -18.4049 3.67043
      vertex -11.7655 -18.3948 3.68179
    endloop
  endfacet
  facet normal -0.886463 0.462799 0.000731869
    outer loop
      vertex -11.343 -17.5848 3.12196
      vertex -11.7924 -18.4464 3.62933
      vertex -11.7707 -18.4049 3.67043
    endloop
  endfacet
  facet normal -0.886591 0.462554 0.000201341
    outer loop
      vertex -11.3523 -17.6026 3.06314
      vertex -11.7924 -18.4464 3.62933
      vertex -11.343 -17.5848 3.12196
    endloop
  endfacet
  facet normal -0.887284 0.461218 -0.00232667
    outer loop
      vertex -11.7924 -18.4464 3.62933
      vertex -11.3523 -17.6026 3.06314
      vertex -11.7983 -18.4578 3.61948
    endloop
  endfacet
  facet normal -0.886433 0.462857 0.000873471
    outer loop
      vertex -11.3543 -17.6064 3.0471
      vertex -11.7983 -18.4578 3.61948
      vertex -11.3523 -17.6026 3.06314
    endloop
  endfacet
  facet normal -0.886616 0.462507 0.000211396
    outer loop
      vertex -11.7983 -18.4578 3.61948
      vertex -11.3543 -17.6064 3.0471
      vertex -11.8222 -18.5036 3.58495
    endloop
  endfacet
  facet normal -0.886989 0.461788 -0.00128406
    outer loop
      vertex -11.8222 -18.5036 3.58495
      vertex -11.3598 -17.6171 2.98636
      vertex -11.8288 -18.5163 3.57671
    endloop
  endfacet
  facet normal -0.886577 0.462581 0.000231346
    outer loop
      vertex -11.3628 -17.6228 2.90387
      vertex -11.8546 -18.5657 3.54929
      vertex -11.3608 -17.619 2.9702
    endloop
  endfacet
  facet normal -0.886638 0.462465 0
    outer loop
      vertex -12.0104 -18.8644 3.26451
      vertex -11.8546 -18.5657 3.54929
      vertex -12.0104 -18.8644 2.64999
    endloop
  endfacet
  facet normal -0.886937 0.461891 0.000700284
    outer loop
      vertex -11.8615 -18.5789 3.54309
      vertex -12.0104 -18.8644 3.26451
      vertex -11.8887 -18.6311 3.52312
    endloop
  endfacet
  facet normal -0.88701 0.461747 -0.00148656
    outer loop
      vertex -11.9902 -18.8258 2.51
      vertex -11.8947 -18.6427 2.39999
      vertex -11.9098 -18.6717 2.40213
    endloop
  endfacet
  facet normal -0.885823 0.464019 -0.0020762
    outer loop
      vertex -11.8546 -18.5657 3.54929
      vertex -12.0104 -18.8644 3.26451
      vertex -11.8615 -18.5789 3.54309
    endloop
  endfacet
  facet normal -0.885012 0.465536 0.00541553
    outer loop
      vertex -11.9902 -18.8258 2.51
      vertex -11.9098 -18.6717 2.40213
      vertex -11.9247 -18.7001 2.40851
    endloop
  endfacet
  facet normal -0.886727 0.462293 0.00023926
    outer loop
      vertex -11.8887 -18.6311 3.52312
      vertex -12.0104 -18.8644 3.26451
      vertex -11.896 -18.6451 3.51888
    endloop
  endfacet
  facet normal -0.886257 0.46319 0.00170607
    outer loop
      vertex -11.9902 -18.8258 2.51
      vertex -11.9247 -18.7001 2.40851
      vertex -11.939 -18.7275 2.41902
    endloop
  endfacet
  facet normal -0.886434 0.462855 -0.000378107
    outer loop
      vertex -11.896 -18.6451 3.51888
      vertex -12.0104 -18.8644 3.26451
      vertex -11.9173 -18.6859 3.50972
    endloop
  endfacet
  facet normal -0.884864 0.465818 0.00532938
    outer loop
      vertex -11.9902 -18.8258 2.51
      vertex -11.939 -18.7275 2.41902
      vertex -11.9526 -18.7535 2.43349
    endloop
  endfacet
  facet normal -0.886797 0.462159 0.000266353
    outer loop
      vertex -12.0094 -18.8625 3.29715
      vertex -11.9173 -18.6859 3.50972
      vertex -12.0104 -18.8644 3.26451
    endloop
  endfacet
  facet normal -0.89154 0.452827 -0.0102274
    outer loop
      vertex -11.9902 -18.8258 2.51
      vertex -11.9526 -18.7535 2.43349
      vertex -11.9651 -18.7777 2.45166
    endloop
  endfacet
  facet normal -0.88714 0.4615 0.000962864
    outer loop
      vertex -12.0064 -18.8568 3.32921
      vertex -11.9173 -18.6859 3.50972
      vertex -12.0094 -18.8625 3.29715
    endloop
  endfacet
  facet normal -0.88436 0.466785 0.00436952
    outer loop
      vertex -11.9902 -18.8258 2.51
      vertex -11.9651 -18.7777 2.45166
      vertex -11.9765 -18.7995 2.47322
    endloop
  endfacet
  facet normal -0.887052 0.461669 0.00115527
    outer loop
      vertex -11.9949 -18.8347 3.38951
      vertex -11.9173 -18.6859 3.50972
      vertex -12.0016 -18.8475 3.36018
    endloop
  endfacet
  facet normal -0.805183 0.58009 0.123185
    outer loop
      vertex -11.9871 -18.8199 2.5
      vertex -11.9765 -18.7995 2.47322
      vertex -11.9865 -18.8186 2.4978
    endloop
  endfacet
  facet normal -0.886748 0.462254 0.000235291
    outer loop
      vertex -11.9865 -18.8186 3.4167
      vertex -11.9173 -18.6859 3.50972
      vertex -11.9949 -18.8347 3.38951
    endloop
  endfacet
  facet normal -0.894477 0.446908 -0.0136122
    outer loop
      vertex -11.9902 -18.8258 2.51
      vertex -11.9765 -18.7995 2.47322
      vertex -11.9871 -18.8199 2.5
    endloop
  endfacet
  facet normal -0.886766 0.462219 -0.000488796
    outer loop
      vertex -11.8947 -18.6427 2.39999
      vertex -11.9902 -18.8258 2.51
      vertex -12.0064 -18.8568 2.5853
    endloop
  endfacet
  facet normal -0.879519 0.475816 0.00673961
    outer loop
      vertex -12.0016 -18.8475 2.55432
      vertex -11.9902 -18.8258 2.51
      vertex -11.9949 -18.8347 2.52499
    endloop
  endfacet
  facet normal -0.895494 0.44442 0.0241315
    outer loop
      vertex -11.9526 -18.7535 3.48102
      vertex -11.9765 -18.7995 3.44128
      vertex -11.9651 -18.7777 3.46284
    endloop
  endfacet
  facet normal -0.879906 0.475107 0.00629253
    outer loop
      vertex -12.0064 -18.8568 2.5853
      vertex -11.9902 -18.8258 2.51
      vertex -12.0016 -18.8475 2.55432
    endloop
  endfacet
  facet normal -0.890297 0.455303 0.00840838
    outer loop
      vertex -11.9526 -18.7535 3.48102
      vertex -11.9865 -18.8186 3.4167
      vertex -11.9765 -18.7995 3.44128
    endloop
  endfacet
  facet normal -0.886896 0.461969 -0.000856693
    outer loop
      vertex -11.8947 -18.6427 2.39999
      vertex -12.0064 -18.8568 2.5853
      vertex -12.0094 -18.8625 2.61736
    endloop
  endfacet
  facet normal -0.88499 0.465584 -0.00479437
    outer loop
      vertex -11.939 -18.7275 3.49548
      vertex -11.9865 -18.8186 3.4167
      vertex -11.9526 -18.7535 3.48102
    endloop
  endfacet
  facet normal -0.886648 0.462444 -0.000245305
    outer loop
      vertex -11.8947 -18.6427 2.39999
      vertex -12.0094 -18.8625 2.61736
      vertex -12.0104 -18.8644 2.64999
    endloop
  endfacet
  facet normal -0.886384 0.46295 -0.000908392
    outer loop
      vertex -11.9247 -18.7001 3.506
      vertex -11.9865 -18.8186 3.4167
      vertex -11.939 -18.7275 3.49548
    endloop
  endfacet
  facet normal -0.886883 0.461993 0.000707585
    outer loop
      vertex -11.9173 -18.6859 3.50972
      vertex -11.9865 -18.8186 3.4167
      vertex -11.9247 -18.7001 3.506
    endloop
  endfacet
  facet normal -0.885838 0.46399 -0.00203687
    outer loop
      vertex -12.0016 -18.8475 3.36018
      vertex -11.9173 -18.6859 3.50972
      vertex -12.0064 -18.8568 3.32921
    endloop
  endfacet
  facet normal -0.886701 0.462343 0
    outer loop
      vertex -3.07674 -1.73509 8
      vertex -3.05544 -1.69424 11.25
      vertex -3.05544 -1.69424 6.68312
    endloop
  endfacet
  facet normal -0.886655 0.462432 -1.42158e-06
    outer loop
      vertex -3.49657 -2.54006 8
      vertex -3.05544 -1.69424 11.25
      vertex -3.07674 -1.73509 8
    endloop
  endfacet
  facet normal -0.886618 0.462502 -3.06995e-05
    outer loop
      vertex -3.1284 -1.83412 6.45073
      vertex -3.05544 -1.69424 6.68312
      vertex -3.05643 -1.69614 6.65048
    endloop
  endfacet
  facet normal -0.886657 0.462428 -6.67074e-08
    outer loop
      vertex -3.51787 -2.5809 11.25
      vertex -3.05544 -1.69424 11.25
      vertex -3.49657 -2.54006 8
    endloop
  endfacet
  facet normal -0.886702 0.462341 0.000110466
    outer loop
      vertex -3.1284 -1.83412 6.45073
      vertex -3.05643 -1.69614 6.65048
      vertex -3.05938 -1.70179 6.61842
    endloop
  endfacet
  facet normal -0.886656 0.462429 1.82805e-05
    outer loop
      vertex -3.50907 -2.56403 11.3957
      vertex -3.40226 -2.35924 11.55
      vertex -3.05544 -1.69424 11.25
    endloop
  endfacet
  facet normal -0.886493 0.462742 -0.000291379
    outer loop
      vertex -3.1284 -1.83412 6.45073
      vertex -3.05938 -1.70179 6.61842
      vertex -3.06424 -1.71112 6.58745
    endloop
  endfacet
  facet normal -0.886661 0.46242 -7.07067e-06
    outer loop
      vertex -3.17105 -1.91591 11.55
      vertex -3.05544 -1.69424 11.25
      vertex -3.40226 -2.35924 11.55
    endloop
  endfacet
  facet normal -0.8867 0.462346 0.000161962
    outer loop
      vertex -3.1284 -1.83412 6.45073
      vertex -3.06424 -1.71112 6.58745
      vertex -3.07093 -1.72394 6.55812
    endloop
  endfacet
  facet normal -0.886657 0.462428 0
    outer loop
      vertex -3.05544 -1.69424 11.25
      vertex -3.17105 -1.91591 11.55
      vertex -3.05544 -1.69424 11.26
    endloop
  endfacet
  facet normal -0.886657 0.462428 0
    outer loop
      vertex -3.05544 -1.69424 11.26
      vertex -3.17105 -1.91591 11.55
      vertex -3.05544 -1.69424 11.3
    endloop
  endfacet
  facet normal -0.886851 0.462055 0.000540978
    outer loop
      vertex -3.1284 -1.83412 6.45073
      vertex -3.07093 -1.72394 6.55812
      vertex -3.07934 -1.74005 6.53093
    endloop
  endfacet
  facet normal -0.886603 0.462532 -0.000169963
    outer loop
      vertex -3.1284 -1.83412 6.45073
      vertex -3.07934 -1.74005 6.53093
      vertex -3.08931 -1.75917 6.50635
    endloop
  endfacet
  facet normal -0.886645 0.46245 4.19472e-06
    outer loop
      vertex -3.05544 -1.69424 6.68312
      vertex -3.09511 -1.77031 7.95305
      vertex -3.07674 -1.73509 8
    endloop
  endfacet
  facet normal -0.886165 0.463367 -0.0016036
    outer loop
      vertex -3.1284 -1.83412 6.45073
      vertex -3.08931 -1.75917 6.50635
      vertex -3.10067 -1.78097 6.48479
    endloop
  endfacet
  facet normal -0.886679 0.462386 0.00034653
    outer loop
      vertex -3.1284 -1.83412 6.45073
      vertex -3.10067 -1.78097 6.48479
      vertex -3.11325 -1.80508 6.46661
    endloop
  endfacet
  facet normal -0.881328 0.471979 -0.0223013
    outer loop
      vertex -3.1284 -1.83412 6.45073
      vertex -3.11325 -1.80508 6.46661
      vertex -3.12685 -1.83116 6.45212
    endloop
  endfacet
  facet normal -0.886833 0.462091 0.000284146
    outer loop
      vertex -3.05544 -1.69424 6.68312
      vertex -3.1284 -1.83412 6.45073
      vertex -3.13515 -1.84707 6.44354
    endloop
  endfacet
  facet normal -0.886754 0.462242 0.000161799
    outer loop
      vertex -3.05544 -1.69424 6.68312
      vertex -3.13515 -1.84707 6.44354
      vertex -3.16001 -1.89475 6.41251
    endloop
  endfacet
  facet normal -0.886641 0.462459 4.87613e-06
    outer loop
      vertex -3.05544 -1.69424 6.68312
      vertex -3.15309 -1.88147 7.84536
      vertex -3.09511 -1.77031 7.95305
    endloop
  endfacet
  facet normal -0.886246 0.463215 -0.000756028
    outer loop
      vertex -3.05544 -1.69424 6.68312
      vertex -3.16001 -1.89475 6.41251
      vertex -3.16629 -1.90678 6.40344
    endloop
  endfacet
  facet normal -0.886638 0.462463 5.83555e-06
    outer loop
      vertex -3.05544 -1.69424 6.68312
      vertex -3.16275 -1.89999 7.8274
      vertex -3.15309 -1.88147 7.84536
    endloop
  endfacet
  facet normal -0.886654 0.462434 -9.40525e-07
    outer loop
      vertex -3.05544 -1.69424 6.68312
      vertex -3.16629 -1.90678 6.40344
      vertex -3.28666 -2.13757 7.73334
    endloop
  endfacet
  facet normal -0.88672 0.462307 -2.98445e-05
    outer loop
      vertex -3.05544 -1.69424 6.68312
      vertex -3.17435 -1.92224 7.81432
      vertex -3.16275 -1.89999 7.8274
    endloop
  endfacet
  facet normal -0.886684 0.462375 -1.40484e-05
    outer loop
      vertex -3.28666 -2.13757 7.73334
      vertex -3.16629 -1.90678 6.40344
      vertex -3.18914 -1.9506 6.36554
    endloop
  endfacet
  facet normal -0.886695 0.462354 -1.76919e-05
    outer loop
      vertex -3.28666 -2.13757 7.73334
      vertex -3.18914 -1.9506 6.36554
      vertex -3.19474 -1.96134 6.3549
    endloop
  endfacet
  facet normal -0.88656 0.462614 2.46259e-05
    outer loop
      vertex -3.28666 -2.13757 7.73334
      vertex -3.19474 -1.96134 6.3549
      vertex -3.21505 -2.00026 6.31104
    endloop
  endfacet
  facet normal -0.886782 0.462187 -2.77832e-05
    outer loop
      vertex -3.28666 -2.13757 7.73334
      vertex -3.21505 -2.00026 6.31104
      vertex -3.2201 -2.00995 6.29858
    endloop
  endfacet
  facet normal -0.886637 0.462466 1.07602e-05
    outer loop
      vertex -3.05544 -1.69424 6.68312
      vertex -3.22578 -2.02084 7.75635
      vertex -3.17435 -1.92224 7.81432
    endloop
  endfacet
  facet normal -0.886718 0.462311 -1.38603e-05
    outer loop
      vertex -3.28666 -2.13757 7.73334
      vertex -3.2201 -2.00995 6.29858
      vertex -3.23756 -2.04344 6.24939
    endloop
  endfacet
  facet normal -0.886607 0.462524 3.36361e-06
    outer loop
      vertex -3.28666 -2.13757 7.73334
      vertex -3.23756 -2.04344 6.24939
      vertex -3.24177 -2.05151 6.23576
    endloop
  endfacet
  facet normal -0.886636 0.462468 -7.20682e-07
    outer loop
      vertex -3.28666 -2.13757 7.73334
      vertex -3.24177 -2.05151 6.23576
      vertex -3.25614 -2.07906 6.18195
    endloop
  endfacet
  facet normal -0.886473 0.462779 1.42128e-05
    outer loop
      vertex -3.28666 -2.13757 7.73334
      vertex -3.25614 -2.07906 6.18195
      vertex -3.25945 -2.0854 6.16745
    endloop
  endfacet
  facet normal -0.886666 0.462411 -1.38454e-06
    outer loop
      vertex -3.28666 -2.13757 7.73334
      vertex -3.25945 -2.0854 6.16745
      vertex -3.27048 -2.10655 6.10994
    endloop
  endfacet
  facet normal -0.886675 0.462394 -1.71655e-05
    outer loop
      vertex -3.05544 -1.69424 6.68312
      vertex -3.27092 -2.1074 7.73928
      vertex -3.22578 -2.02084 7.75635
    endloop
  endfacet
  facet normal -0.887005 0.46176 -1.7222e-05
    outer loop
      vertex -3.28666 -2.13757 7.73334
      vertex -3.27048 -2.10655 6.10994
      vertex -3.27289 -2.11118 6.09456
    endloop
  endfacet
  facet normal -0.886708 0.46233 -5.55045e-06
    outer loop
      vertex -3.28666 -2.13757 7.73334
      vertex -3.27289 -2.11118 6.09456
      vertex -3.28033 -2.12545 6.03453
    endloop
  endfacet
  facet normal -0.886148 0.463403 4.19924e-06
    outer loop
      vertex -3.28666 -2.13757 7.73334
      vertex -3.28033 -2.12545 6.03453
      vertex -3.28181 -2.12828 6.01855
    endloop
  endfacet
  facet normal -0.886923 0.461917 -6.04821e-06
    outer loop
      vertex -3.28666 -2.13757 7.73334
      vertex -3.28181 -2.12828 6.01855
      vertex -3.2857 -2.13575 5.95465
    endloop
  endfacet
  facet normal -0.883798 0.467869 1.7291e-06
    outer loop
      vertex -3.28666 -2.13757 7.73334
      vertex -3.2857 -2.13575 5.95465
      vertex -3.28615 -2.1366 5.94283
    endloop
  endfacet
  facet normal -0.888431 0.45901 -4.39018e-06
    outer loop
      vertex -3.28666 -2.13757 7.73334
      vertex -3.28615 -2.1366 5.94283
      vertex -3.28662 -2.13751 5.91185
    endloop
  endfacet
  facet normal -0.8866 0.462537 5.4428e-05
    outer loop
      vertex -3.05544 -1.69424 6.68312
      vertex -3.28666 -2.13757 7.73334
      vertex -3.27092 -2.1074 7.73928
    endloop
  endfacet
  facet normal -0.83205 0.5547 0
    outer loop
      vertex -3.28666 -2.13757 7.73334
      vertex -3.28662 -2.13751 5.91185
      vertex -3.28666 -2.13757 5.90712
    endloop
  endfacet
  facet normal -0.8867 0.462346 -0.000109348
    outer loop
      vertex -3.05643 -1.69614 11.3326
      vertex -3.17105 -1.91591 11.55
      vertex -3.05938 -1.70179 11.3647
    endloop
  endfacet
  facet normal -0.886701 0.462343 -0.000163332
    outer loop
      vertex -3.06424 -1.71112 11.3957
      vertex -3.17105 -1.91591 11.55
      vertex -3.07093 -1.72394 11.425
    endloop
  endfacet
  facet normal -0.88677 0.46221 -0.000424196
    outer loop
      vertex -3.07093 -1.72394 11.425
      vertex -3.17105 -1.91591 11.55
      vertex -3.07934 -1.74005 11.4522
    endloop
  endfacet
  facet normal -0.88666 0.462422 6.17285e-05
    outer loop
      vertex -3.07934 -1.74005 11.4522
      vertex -3.17105 -1.91591 11.55
      vertex -3.08931 -1.75917 11.4768
    endloop
  endfacet
  facet normal -0.886541 0.46265 0.000682389
    outer loop
      vertex -3.08931 -1.75917 11.4768
      vertex -3.17105 -1.91591 11.55
      vertex -3.10067 -1.78097 11.4983
    endloop
  endfacet
  facet normal -0.886727 0.462294 -0.000501057
    outer loop
      vertex -3.10067 -1.78097 11.4983
      vertex -3.17105 -1.91591 11.55
      vertex -3.11325 -1.80508 11.5165
    endloop
  endfacet
  facet normal -0.886673 0.462397 -6.60154e-05
    outer loop
      vertex -3.11325 -1.80508 11.5165
      vertex -3.17105 -1.91591 11.55
      vertex -3.12681 -1.83108 11.531
    endloop
  endfacet
  facet normal -0.886653 0.462436 0.000155715
    outer loop
      vertex -3.12681 -1.83108 11.531
      vertex -3.17105 -1.91591 11.55
      vertex -3.14113 -1.85854 11.5415
    endloop
  endfacet
  facet normal -0.886735 0.462277 -0.00121163
    outer loop
      vertex -3.14113 -1.85854 11.5415
      vertex -3.17105 -1.91591 11.55
      vertex -3.15596 -1.88697 11.5479
    endloop
  endfacet
  facet normal -0.88658 0.462575 0.000227187
    outer loop
      vertex -3.05938 -1.70179 11.3647
      vertex -3.17105 -1.91591 11.55
      vertex -3.06424 -1.71112 11.3957
    endloop
  endfacet
  facet normal -0.886613 0.462512 -0.000129693
    outer loop
      vertex -3.49398 -2.53509 11.4522
      vertex -3.40226 -2.35924 11.55
      vertex -3.50238 -2.5512 11.425
    endloop
  endfacet
  facet normal -0.886604 0.462529 -0.000166745
    outer loop
      vertex -3.48401 -2.51597 11.4768
      vertex -3.40226 -2.35924 11.55
      vertex -3.49398 -2.53509 11.4522
    endloop
  endfacet
  facet normal -0.886702 0.462341 0.000343555
    outer loop
      vertex -3.47264 -2.49418 11.4983
      vertex -3.40226 -2.35924 11.55
      vertex -3.48401 -2.51597 11.4768
    endloop
  endfacet
  facet normal -0.886517 0.462695 -0.00061405
    outer loop
      vertex -3.43218 -2.4166 11.5415
      vertex -3.46007 -2.47007 11.5165
      vertex -3.44651 -2.44407 11.531
    endloop
  endfacet
  facet normal -0.886493 0.462742 -0.000741927
    outer loop
      vertex -3.43218 -2.4166 11.5415
      vertex -3.47264 -2.49418 11.4983
      vertex -3.46007 -2.47007 11.5165
    endloop
  endfacet
  facet normal -0.8867 0.462345 0.000166855
    outer loop
      vertex -3.41736 -2.38818 11.5479
      vertex -3.47264 -2.49418 11.4983
      vertex -3.43218 -2.4166 11.5415
    endloop
  endfacet
  facet normal -0.886644 0.462452 2.70139e-05
    outer loop
      vertex -3.05544 -1.69424 11.3
      vertex -3.17105 -1.91591 11.55
      vertex -3.05643 -1.69614 11.3326
    endloop
  endfacet
  facet normal -0.886556 0.46262 -0.000582449
    outer loop
      vertex -3.40226 -2.35924 11.55
      vertex -3.47264 -2.49418 11.4983
      vertex -3.41736 -2.38818 11.5479
    endloop
  endfacet
  facet normal -0.886622 0.462494 0
    outer loop
      vertex -3.51787 -2.5809 11.3
      vertex -3.50907 -2.56403 11.3957
      vertex -3.51787 -2.5809 11.26
    endloop
  endfacet
  facet normal -0.886778 0.462196 6.68171e-05
    outer loop
      vertex -3.50907 -2.56403 11.3957
      vertex -3.51787 -2.5809 11.3
      vertex -3.51393 -2.57335 11.3647
    endloop
  endfacet
  facet normal -0.887244 0.461299 0.000199877
    outer loop
      vertex -3.51393 -2.57335 11.3647
      vertex -3.51787 -2.5809 11.3
      vertex -3.51688 -2.57901 11.3326
    endloop
  endfacet
  facet normal -0.885909 0.463858 -0.000955587
    outer loop
      vertex -12.0104 -18.8644 2.5
      vertex -11.9902 -18.8258 2.51
      vertex -11.9871 -18.8199 2.5
    endloop
  endfacet
  facet normal -0.886011 0.463664 0
    outer loop
      vertex -11.9902 -18.8258 2.51
      vertex -12.0104 -18.8644 2.5
      vertex -12.0104 -18.8644 2.51
    endloop
  endfacet
  facet normal -0.886761 0.462228 0.000844668
    outer loop
      vertex -11.6712 -18.214 6.375
      vertex -11.571 -18.022 6.5
      vertex -11.6779 -18.2268 6.34567
    endloop
  endfacet
  facet normal -0.0900699 -0.173075 -0.980781
    outer loop
      vertex -10.171 -19.6147 2.40851
      vertex -10.1365 -19.5965 2.40213
      vertex -10.1514 -19.6249 2.40851
    endloop
  endfacet
  facet normal -0.0901516 -0.172927 -0.9808
    outer loop
      vertex -10.1365 -19.5965 2.40213
      vertex -10.171 -19.6147 2.40851
      vertex -10.1576 -19.5855 2.40213
    endloop
  endfacet
  facet normal -0.0897063 -0.172829 -0.980858
    outer loop
      vertex -11.905 -18.7104 2.40851
      vertex -11.9098 -18.6717 2.40213
      vertex -11.8888 -18.6826 2.40213
    endloop
  endfacet
  facet normal -0.0904006 -0.172902 -0.980782
    outer loop
      vertex -11.9098 -18.6717 2.40213
      vertex -11.905 -18.7104 2.40851
      vertex -11.9247 -18.7001 2.40851
    endloop
  endfacet
  facet normal -0.148819 -0.284555 -0.947038
    outer loop
      vertex -10.1831 -19.6433 2.41902
      vertex -10.1514 -19.6249 2.40851
      vertex -10.1657 -19.6524 2.41902
    endloop
  endfacet
  facet normal -0.148412 -0.285184 -0.946913
    outer loop
      vertex -10.1514 -19.6249 2.40851
      vertex -10.1831 -19.6433 2.41902
      vertex -10.171 -19.6147 2.40851
    endloop
  endfacet
  facet normal -0.149159 -0.285285 -0.946765
    outer loop
      vertex -11.9216 -18.7366 2.41902
      vertex -11.9247 -18.7001 2.40851
      vertex -11.905 -18.7104 2.40851
    endloop
  endfacet
  facet normal -0.149201 -0.285286 -0.946758
    outer loop
      vertex -11.9247 -18.7001 2.40851
      vertex -11.9216 -18.7366 2.41902
      vertex -11.939 -18.7275 2.41902
    endloop
  endfacet
  facet normal -0.204568 -0.392771 -0.896595
    outer loop
      vertex -10.1936 -19.6709 2.43349
      vertex -10.1657 -19.6524 2.41902
      vertex -10.1792 -19.6784 2.43349
    endloop
  endfacet
  facet normal -0.205079 -0.392129 -0.896759
    outer loop
      vertex -10.1657 -19.6524 2.41902
      vertex -10.1936 -19.6709 2.43349
      vertex -10.1831 -19.6433 2.41902
    endloop
  endfacet
  facet normal -0.205128 -0.392223 -0.896707
    outer loop
      vertex -11.9382 -18.761 2.43349
      vertex -11.939 -18.7275 2.41902
      vertex -11.9216 -18.7366 2.41902
    endloop
  endfacet
  facet normal -0.204309 -0.392274 -0.896872
    outer loop
      vertex -11.939 -18.7275 2.41902
      vertex -11.9382 -18.761 2.43349
      vertex -11.9526 -18.7535 2.43349
    endloop
  endfacet
  facet normal -0.256005 -0.493046 -0.831485
    outer loop
      vertex -10.2022 -19.6971 2.45166
      vertex -10.1792 -19.6784 2.43349
      vertex -10.1918 -19.7025 2.45166
    endloop
  endfacet
  facet normal -0.25653 -0.492537 -0.831625
    outer loop
      vertex -10.1792 -19.6784 2.43349
      vertex -10.2022 -19.6971 2.45166
      vertex -10.1936 -19.6709 2.43349
    endloop
  endfacet
  facet normal -0.256445 -0.492375 -0.831747
    outer loop
      vertex -11.9547 -18.7831 2.45166
      vertex -11.9526 -18.7535 2.43349
      vertex -11.9382 -18.761 2.43349
    endloop
  endfacet
  facet normal -0.255727 -0.492512 -0.831887
    outer loop
      vertex -11.9526 -18.7535 2.43349
      vertex -11.9547 -18.7831 2.45166
      vertex -11.9651 -18.7777 2.45166
    endloop
  endfacet
  facet normal -0.306973 -0.583249 -0.752056
    outer loop
      vertex -10.2089 -19.7213 2.47322
      vertex -10.1918 -19.7025 2.45166
      vertex -10.2032 -19.7243 2.47322
    endloop
  endfacet
  facet normal -0.303974 -0.585431 -0.751579
    outer loop
      vertex -10.1918 -19.7025 2.45166
      vertex -10.2089 -19.7213 2.47322
      vertex -10.2022 -19.6971 2.45166
    endloop
  endfacet
  facet normal -0.303795 -0.585086 -0.75192
    outer loop
      vertex -11.9707 -18.8025 2.47322
      vertex -11.9651 -18.7777 2.45166
      vertex -11.9547 -18.7831 2.45166
    endloop
  endfacet
  facet normal -0.302806 -0.585426 -0.752054
    outer loop
      vertex -11.9651 -18.7777 2.45166
      vertex -11.9707 -18.8025 2.47322
      vertex -11.9765 -18.7995 2.47322
    endloop
  endfacet
  facet normal -0.276292 -0.690729 -0.668248
    outer loop
      vertex -10.2089 -19.7213 2.47322
      vertex -10.2131 -19.7434 2.4978
      vertex -10.2136 -19.7432 2.4978
    endloop
  endfacet
  facet normal -0.350472 -0.665897 -0.658597
    outer loop
      vertex -10.2131 -19.7434 2.4978
      vertex -10.2089 -19.7213 2.47322
      vertex -10.2032 -19.7243 2.47322
    endloop
  endfacet
  facet normal -0.279836 -0.699591 -0.657468
    outer loop
      vertex -11.9765 -18.7995 2.47322
      vertex -11.986 -18.8188 2.4978
      vertex -11.9865 -18.8186 2.4978
    endloop
  endfacet
  facet normal -0.345754 -0.668457 -0.658498
    outer loop
      vertex -11.986 -18.8188 2.4978
      vertex -11.9765 -18.7995 2.47322
      vertex -11.9707 -18.8025 2.47322
    endloop
  endfacet
  facet normal -0.308995 -0.772486 -0.554786
    outer loop
      vertex -10.2138 -19.7447 2.5
      vertex -10.2136 -19.7432 2.4978
      vertex -10.2131 -19.7434 2.4978
    endloop
  endfacet
  facet normal -0.383902 -0.736131 -0.557432
    outer loop
      vertex -11.9902 -18.8258 2.51
      vertex -10.2216 -19.7595 2.52499
      vertex -11.9949 -18.8347 2.52499
    endloop
  endfacet
  facet normal -0.384985 -0.738128 -0.554033
    outer loop
      vertex -10.2216 -19.7595 2.52499
      vertex -11.9902 -18.8258 2.51
      vertex -10.2169 -19.7507 2.51
    endloop
  endfacet
  facet normal -0.3114 -0.778499 -0.544949
    outer loop
      vertex -11.9871 -18.8199 2.5
      vertex -11.9865 -18.8186 2.4978
      vertex -11.986 -18.8188 2.4978
    endloop
  endfacet
  facet normal -0.414831 -0.795396 -0.441883
    outer loop
      vertex -11.9949 -18.8347 2.52499
      vertex -10.2282 -19.7724 2.55432
      vertex -12.0016 -18.8475 2.55432
    endloop
  endfacet
  facet normal -0.414576 -0.794948 -0.442927
    outer loop
      vertex -10.2282 -19.7724 2.55432
      vertex -11.9949 -18.8347 2.52499
      vertex -10.2216 -19.7595 2.52499
    endloop
  endfacet
  facet normal -0.438124 -0.84001 -0.320048
    outer loop
      vertex -12.0016 -18.8475 2.55432
      vertex -10.2331 -19.7817 2.5853
      vertex -12.0064 -18.8568 2.5853
    endloop
  endfacet
  facet normal -0.437906 -0.839639 -0.321316
    outer loop
      vertex -10.2331 -19.7817 2.5853
      vertex -12.0016 -18.8475 2.55432
      vertex -10.2282 -19.7724 2.55432
    endloop
  endfacet
  facet normal -0.453349 -0.869296 -0.196975
    outer loop
      vertex -12.0064 -18.8568 2.5853
      vertex -10.2361 -19.7873 2.61736
      vertex -12.0094 -18.8625 2.61736
    endloop
  endfacet
  facet normal -0.453629 -0.869737 -0.194367
    outer loop
      vertex -10.2361 -19.7873 2.61736
      vertex -12.0064 -18.8568 2.5853
      vertex -10.2331 -19.7817 2.5853
    endloop
  endfacet
  facet normal -0.461391 -0.884764 -0.0656587
    outer loop
      vertex -12.0094 -18.8625 2.61736
      vertex -10.237 -19.7892 2.64999
      vertex -12.0104 -18.8644 2.64999
    endloop
  endfacet
  facet normal -0.461453 -0.884835 -0.0642505
    outer loop
      vertex -10.237 -19.7892 2.64999
      vertex -12.0094 -18.8625 2.61736
      vertex -10.2361 -19.7873 2.61736
    endloop
  endfacet
  facet normal -0.462388 -0.886678 0
    outer loop
      vertex -12.0104 -18.8644 2.64999
      vertex -10.237 -19.7892 3.26451
      vertex -12.0104 -18.8644 3.26451
    endloop
  endfacet
  facet normal -0.462388 -0.886678 -0
    outer loop
      vertex -10.237 -19.7892 3.26451
      vertex -12.0104 -18.8644 2.64999
      vertex -10.237 -19.7892 2.64999
    endloop
  endfacet
  facet normal -0.461391 -0.884765 0.0656386
    outer loop
      vertex -10.237 -19.7892 3.26451
      vertex -12.0094 -18.8625 3.29715
      vertex -12.0104 -18.8644 3.26451
    endloop
  endfacet
  facet normal -0.461454 -0.884836 0.0642309
    outer loop
      vertex -12.0094 -18.8625 3.29715
      vertex -10.237 -19.7892 3.26451
      vertex -10.2361 -19.7873 3.29715
    endloop
  endfacet
  facet normal -0.453349 -0.869296 0.196975
    outer loop
      vertex -10.2361 -19.7873 3.29715
      vertex -12.0064 -18.8568 3.32921
      vertex -12.0094 -18.8625 3.29715
    endloop
  endfacet
  facet normal -0.453629 -0.869737 0.194367
    outer loop
      vertex -12.0064 -18.8568 3.32921
      vertex -10.2361 -19.7873 3.29715
      vertex -10.2331 -19.7817 3.32921
    endloop
  endfacet
  facet normal -0.438109 -0.839982 0.320141
    outer loop
      vertex -10.2331 -19.7817 3.32921
      vertex -12.0016 -18.8475 3.36018
      vertex -12.0064 -18.8568 3.32921
    endloop
  endfacet
  facet normal -0.437891 -0.839611 0.32141
    outer loop
      vertex -12.0016 -18.8475 3.36018
      vertex -10.2331 -19.7817 3.32921
      vertex -10.2282 -19.7724 3.36018
    endloop
  endfacet
  facet normal -0.414831 -0.795396 0.441883
    outer loop
      vertex -10.2282 -19.7724 3.36018
      vertex -11.9949 -18.8347 3.38951
      vertex -12.0016 -18.8475 3.36018
    endloop
  endfacet
  facet normal -0.414576 -0.794948 0.442927
    outer loop
      vertex -11.9949 -18.8347 3.38951
      vertex -10.2282 -19.7724 3.36018
      vertex -10.2216 -19.7595 3.38951
    endloop
  endfacet
  facet normal -0.384532 -0.737339 0.555397
    outer loop
      vertex -10.2216 -19.7595 3.38951
      vertex -11.9865 -18.8186 3.4167
      vertex -11.9949 -18.8347 3.38951
    endloop
  endfacet
  facet normal -0.384213 -0.736769 0.556373
    outer loop
      vertex -11.9865 -18.8186 3.4167
      vertex -10.2216 -19.7595 3.38951
      vertex -10.2131 -19.7434 3.4167
    endloop
  endfacet
  facet normal -0.347618 -0.666595 0.659404
    outer loop
      vertex -10.2131 -19.7434 3.4167
      vertex -11.9765 -18.7995 3.44128
      vertex -11.9865 -18.8186 3.4167
    endloop
  endfacet
  facet normal -0.347958 -0.667208 0.658603
    outer loop
      vertex -11.9765 -18.7995 3.44128
      vertex -10.2131 -19.7434 3.4167
      vertex -10.2032 -19.7243 3.44128
    endloop
  endfacet
  facet normal -0.304773 -0.584401 0.752057
    outer loop
      vertex -11.9651 -18.7777 3.46284
      vertex -10.2032 -19.7243 3.44128
      vertex -10.1918 -19.7025 3.46284
    endloop
  endfacet
  facet normal -0.304773 -0.584401 0.752057
    outer loop
      vertex -10.2032 -19.7243 3.44128
      vertex -11.9651 -18.7777 3.46284
      vertex -11.9765 -18.7995 3.44128
    endloop
  endfacet
  facet normal -0.256998 -0.492766 0.831344
    outer loop
      vertex -11.9526 -18.7535 3.48102
      vertex -10.1918 -19.7025 3.46284
      vertex -10.1792 -19.6784 3.48102
    endloop
  endfacet
  facet normal -0.25671 -0.492241 0.831744
    outer loop
      vertex -10.1918 -19.7025 3.46284
      vertex -11.9526 -18.7535 3.48102
      vertex -11.9651 -18.7777 3.46284
    endloop
  endfacet
  facet normal -0.204682 -0.392435 0.896716
    outer loop
      vertex -11.939 -18.7275 3.49548
      vertex -10.1792 -19.6784 3.48102
      vertex -10.1657 -19.6524 3.49548
    endloop
  endfacet
  facet normal -0.204414 -0.391942 0.896993
    outer loop
      vertex -10.1792 -19.6784 3.48102
      vertex -11.939 -18.7275 3.49548
      vertex -11.9526 -18.7535 3.48102
    endloop
  endfacet
  facet normal -0.148616 -0.28497 0.946945
    outer loop
      vertex -11.9247 -18.7001 3.506
      vertex -10.1657 -19.6524 3.49548
      vertex -10.1514 -19.6249 3.506
    endloop
  endfacet
  facet normal -0.14901 -0.285696 0.946665
    outer loop
      vertex -10.1657 -19.6524 3.49548
      vertex -11.9247 -18.7001 3.506
      vertex -11.939 -18.7275 3.49548
    endloop
  endfacet
  facet normal -0.105201 -0.201701 0.973781
    outer loop
      vertex -11.9173 -18.6859 3.50972
      vertex -10.1514 -19.6249 3.506
      vertex -10.144 -19.6108 3.50972
    endloop
  endfacet
  facet normal -0.104639 -0.200646 0.974059
    outer loop
      vertex -10.1514 -19.6249 3.506
      vertex -11.9173 -18.6859 3.50972
      vertex -11.9247 -18.7001 3.506
    endloop
  endfacet
  facet normal -0.0902665 -0.173067 0.980765
    outer loop
      vertex -11.896 -18.6451 3.51888
      vertex -10.144 -19.6108 3.50972
      vertex -10.1227 -19.57 3.51888
    endloop
  endfacet
  facet normal -0.0902665 -0.173067 0.980765
    outer loop
      vertex -10.144 -19.6108 3.50972
      vertex -11.896 -18.6451 3.51888
      vertex -11.9173 -18.6859 3.50972
    endloop
  endfacet
  facet normal -0.119302 -0.228762 0.966144
    outer loop
      vertex -11.8887 -18.6311 3.52312
      vertex -10.1227 -19.57 3.51888
      vertex -10.1154 -19.5559 3.52312
    endloop
  endfacet
  facet normal -0.119938 -0.229955 0.965782
    outer loop
      vertex -10.1227 -19.57 3.51888
      vertex -11.8887 -18.6311 3.52312
      vertex -11.896 -18.6451 3.51888
    endloop
  endfacet
  facet normal -0.148778 -0.28525 0.946835
    outer loop
      vertex -11.8615 -18.5789 3.54309
      vertex -10.1154 -19.5559 3.52312
      vertex -10.0882 -19.5038 3.54309
    endloop
  endfacet
  facet normal -0.148564 -0.284872 0.946983
    outer loop
      vertex -10.1154 -19.5559 3.52312
      vertex -11.8615 -18.5789 3.54309
      vertex -11.8887 -18.6311 3.52312
    endloop
  endfacet
  facet normal -0.176331 -0.338132 0.924432
    outer loop
      vertex -11.8546 -18.5657 3.54929
      vertex -10.0882 -19.5038 3.54309
      vertex -10.0812 -19.4905 3.54929
    endloop
  endfacet
  facet normal -0.177716 -0.340732 0.923211
    outer loop
      vertex -10.0882 -19.5038 3.54309
      vertex -11.8546 -18.5657 3.54929
      vertex -11.8615 -18.5789 3.54309
    endloop
  endfacet
  facet normal -0.204552 -0.392186 0.896855
    outer loop
      vertex -11.8288 -18.5163 3.57671
      vertex -10.0812 -19.4905 3.54929
      vertex -10.0555 -19.4412 3.57671
    endloop
  endfacet
  facet normal -0.204127 -0.391435 0.897279
    outer loop
      vertex -10.0812 -19.4905 3.54929
      vertex -11.8288 -18.5163 3.57671
      vertex -11.8546 -18.5657 3.54929
    endloop
  endfacet
  facet normal -0.230733 -0.442382 0.866637
    outer loop
      vertex -11.8222 -18.5036 3.58495
      vertex -10.0555 -19.4412 3.57671
      vertex -10.0489 -19.4285 3.58495
    endloop
  endfacet
  facet normal -0.230733 -0.442382 0.866637
    outer loop
      vertex -10.0555 -19.4412 3.57671
      vertex -11.8222 -18.5036 3.58495
      vertex -11.8288 -18.5163 3.57671
    endloop
  endfacet
  facet normal -0.25698 -0.492706 0.831386
    outer loop
      vertex -11.7983 -18.4578 3.61948
      vertex -10.0489 -19.4285 3.58495
      vertex -10.025 -19.3827 3.61948
    endloop
  endfacet
  facet normal -0.25698 -0.492706 0.831386
    outer loop
      vertex -10.0489 -19.4285 3.58495
      vertex -11.7983 -18.4578 3.61948
      vertex -11.8222 -18.5036 3.58495
    endloop
  endfacet
  facet normal -0.281528 -0.539771 0.793341
    outer loop
      vertex -11.7924 -18.4464 3.62933
      vertex -10.025 -19.3827 3.61948
      vertex -10.0191 -19.3713 3.62933
    endloop
  endfacet
  facet normal -0.281528 -0.539771 0.793341
    outer loop
      vertex -10.025 -19.3827 3.61948
      vertex -11.7924 -18.4464 3.62933
      vertex -11.7983 -18.4578 3.61948
    endloop
  endfacet
  facet normal -0.305041 -0.584851 0.751598
    outer loop
      vertex -11.7707 -18.4049 3.67043
      vertex -10.0191 -19.3713 3.62933
      vertex -9.9974 -19.3298 3.67043
    endloop
  endfacet
  facet normal -0.305041 -0.584851 0.751598
    outer loop
      vertex -10.0191 -19.3713 3.62933
      vertex -11.7707 -18.4049 3.67043
      vertex -11.7924 -18.4464 3.62933
    endloop
  endfacet
  facet normal -0.326662 -0.626324 0.707821
    outer loop
      vertex -11.7655 -18.3948 3.68179
      vertex -9.9974 -19.3298 3.67043
      vertex -9.99215 -19.3197 3.68179
    endloop
  endfacet
  facet normal -0.327002 -0.626958 0.707102
    outer loop
      vertex -9.9974 -19.3298 3.67043
      vertex -11.7655 -18.3948 3.68179
      vertex -11.7707 -18.4049 3.67043
    endloop
  endfacet
  facet normal -0.347807 -0.666865 0.659031
    outer loop
      vertex -9.99215 -19.3197 3.68179
      vertex -11.7465 -18.3584 3.72865
      vertex -11.7655 -18.3948 3.68179
    endloop
  endfacet
  facet normal -0.347433 -0.666223 0.659877
    outer loop
      vertex -11.7465 -18.3584 3.72865
      vertex -9.99215 -19.3197 3.68179
      vertex -9.97314 -19.2832 3.72865
    endloop
  endfacet
  facet normal -0.365885 -0.701606 0.611455
    outer loop
      vertex -9.97314 -19.2832 3.72865
      vertex -11.7419 -18.3496 3.7415
      vertex -11.7465 -18.3584 3.72865
    endloop
  endfacet
  facet normal -0.367465 -0.70454 0.607118
    outer loop
      vertex -11.7419 -18.3496 3.7415
      vertex -9.97314 -19.2832 3.72865
      vertex -9.96859 -19.2745 3.7415
    endloop
  endfacet
  facet normal -0.38449 -0.737182 0.555634
    outer loop
      vertex -9.96859 -19.2745 3.7415
      vertex -11.7259 -18.319 3.79317
      vertex -11.7419 -18.3496 3.7415
    endloop
  endfacet
  facet normal -0.384543 -0.737271 0.55548
    outer loop
      vertex -11.7259 -18.319 3.79317
      vertex -9.96859 -19.2745 3.7415
      vertex -9.95262 -19.2439 3.79317
    endloop
  endfacet
  facet normal -0.400744 -0.768334 0.499067
    outer loop
      vertex -9.95262 -19.2439 3.79317
      vertex -11.7221 -18.3117 3.80746
      vertex -11.7259 -18.319 3.79317
    endloop
  endfacet
  facet normal -0.400686 -0.768227 0.499277
    outer loop
      vertex -11.7221 -18.3117 3.80746
      vertex -9.95262 -19.2439 3.79317
      vertex -9.94881 -19.2366 3.80746
    endloop
  endfacet
  facet normal -0.414818 -0.795321 0.442029
    outer loop
      vertex -9.94881 -19.2366 3.80746
      vertex -11.7094 -18.2874 3.8631
      vertex -11.7221 -18.3117 3.80746
    endloop
  endfacet
  facet normal -0.414849 -0.795372 0.441909
    outer loop
      vertex -11.7094 -18.2874 3.8631
      vertex -9.94881 -19.2366 3.80746
      vertex -9.93613 -19.2123 3.8631
    endloop
  endfacet
  facet normal -0.427423 -0.81948 0.381789
    outer loop
      vertex -9.93613 -19.2123 3.8631
      vertex -11.7066 -18.2819 3.87804
      vertex -11.7094 -18.2874 3.8631
    endloop
  endfacet
  facet normal -0.427083 -0.818859 0.383497
    outer loop
      vertex -11.7066 -18.2819 3.87804
      vertex -9.93613 -19.2123 3.8631
      vertex -9.93326 -19.2068 3.87804
    endloop
  endfacet
  facet normal -0.437835 -0.839476 0.321839
    outer loop
      vertex -9.93326 -19.2068 3.87804
      vertex -11.6973 -18.2642 3.93686
      vertex -11.7066 -18.2819 3.87804
    endloop
  endfacet
  facet normal -0.437922 -0.839609 0.321372
    outer loop
      vertex -11.6973 -18.2642 3.93686
      vertex -9.93326 -19.2068 3.87804
      vertex -9.92403 -19.1891 3.93686
    endloop
  endfacet
  facet normal -0.447043 -0.857096 0.256007
    outer loop
      vertex -9.92403 -19.1891 3.93686
      vertex -11.6954 -18.2604 3.9529
      vertex -11.6973 -18.2642 3.93686
    endloop
  endfacet
  facet normal -0.446078 -0.855381 0.263322
    outer loop
      vertex -11.6954 -18.2604 3.9529
      vertex -9.92403 -19.1891 3.93686
      vertex -9.92204 -19.1852 3.9529
    endloop
  endfacet
  facet normal -0.453519 -0.86965 0.195011
    outer loop
      vertex -9.92204 -19.1852 3.9529
      vertex -11.6898 -18.2497 4.01364
      vertex -11.6954 -18.2604 3.9529
    endloop
  endfacet
  facet normal -0.453536 -0.869673 0.194867
    outer loop
      vertex -11.6898 -18.2497 4.01364
      vertex -9.92204 -19.1852 3.9529
      vertex -9.91646 -19.1745 4.01364
    endloop
  endfacet
  facet normal -0.458373 -0.878947 0.131706
    outer loop
      vertex -9.91646 -19.1745 4.01364
      vertex -11.6888 -18.2478 4.0298
      vertex -11.6898 -18.2497 4.01364
    endloop
  endfacet
  facet normal -0.458392 -0.878979 0.131427
    outer loop
      vertex -11.6888 -18.2478 4.0298
      vertex -9.91646 -19.1745 4.01364
      vertex -9.91547 -19.1726 4.0298
    endloop
  endfacet
  facet normal -0.461397 -0.884741 0.0659322
    outer loop
      vertex -9.91547 -19.1726 4.0298
      vertex -11.6868 -18.2439 4.09613
      vertex -11.6888 -18.2478 4.0298
    endloop
  endfacet
  facet normal -0.461472 -0.884794 0.0646733
    outer loop
      vertex -11.6868 -18.2439 4.09613
      vertex -9.91547 -19.1726 4.0298
      vertex -9.91346 -19.1688 4.09613
    endloop
  endfacet
  facet normal -0.462251 -0.886288 0.0286149
    outer loop
      vertex -9.91346 -19.1688 4.09613
      vertex -11.6867 -18.2437 4.10394
      vertex -11.6868 -18.2439 4.09613
    endloop
  endfacet
  facet normal -0.46223 -0.886259 0.0297976
    outer loop
      vertex -11.6867 -18.2437 4.10394
      vertex -9.91346 -19.1688 4.09613
      vertex -9.91334 -19.1686 4.10394
    endloop
  endfacet
  facet normal -0.462436 -0.886653 0
    outer loop
      vertex -11.6867 -18.2437 4.10394
      vertex -9.91334 -19.1686 6.25
      vertex -11.6867 -18.2437 6.25
    endloop
  endfacet
  facet normal -0.462436 -0.886653 -0
    outer loop
      vertex -9.91334 -19.1686 6.25
      vertex -11.6867 -18.2437 4.10394
      vertex -9.91334 -19.1686 4.10394
    endloop
  endfacet
  facet normal -0.461439 -0.884741 0.0656387
    outer loop
      vertex -9.91334 -19.1686 6.25
      vertex -11.6857 -18.2418 6.28264
      vertex -11.6867 -18.2437 6.25
    endloop
  endfacet
  facet normal -0.461445 -0.884748 0.0654979
    outer loop
      vertex -11.6857 -18.2418 6.28264
      vertex -9.91334 -19.1686 6.25
      vertex -9.91235 -19.1667 6.28264
    endloop
  endfacet
  facet normal -0.453619 -0.869742 0.194367
    outer loop
      vertex -9.91235 -19.1667 6.28264
      vertex -11.6827 -18.2362 6.3147
      vertex -11.6857 -18.2418 6.28264
    endloop
  endfacet
  facet normal -0.453413 -0.869417 0.196296
    outer loop
      vertex -11.6827 -18.2362 6.3147
      vertex -9.91235 -19.1667 6.28264
      vertex -9.9094 -19.161 6.3147
    endloop
  endfacet
  facet normal -0.437691 -0.83927 0.322572
    outer loop
      vertex -9.9094 -19.161 6.3147
      vertex -11.6779 -18.2268 6.34567
      vertex -11.6827 -18.2362 6.3147
    endloop
  endfacet
  facet normal -0.437979 -0.83976 0.320902
    outer loop
      vertex -11.6779 -18.2268 6.34567
      vertex -9.9094 -19.161 6.3147
      vertex -9.90454 -19.1517 6.34567
    endloop
  endfacet
  facet normal -0.414838 -0.795392 0.441883
    outer loop
      vertex -9.90454 -19.1517 6.34567
      vertex -11.6712 -18.214 6.375
      vertex -11.6779 -18.2268 6.34567
    endloop
  endfacet
  facet normal -0.414866 -0.795441 0.441769
    outer loop
      vertex -11.6712 -18.214 6.375
      vertex -9.90454 -19.1517 6.34567
      vertex -9.89785 -19.1389 6.375
    endloop
  endfacet
  facet normal -0.384557 -0.737327 0.555397
    outer loop
      vertex -9.89785 -19.1389 6.375
      vertex -11.6628 -18.1979 6.40219
      vertex -11.6712 -18.214 6.375
    endloop
  endfacet
  facet normal -0.384525 -0.73727 0.555494
    outer loop
      vertex -11.6628 -18.1979 6.40219
      vertex -9.89785 -19.1389 6.375
      vertex -9.88944 -19.1228 6.40219
    endloop
  endfacet
  facet normal -0.347654 -0.666576 0.659404
    outer loop
      vertex -9.88944 -19.1228 6.40219
      vertex -11.6528 -18.1788 6.42677
      vertex -11.6628 -18.1979 6.40219
    endloop
  endfacet
  facet normal -0.347105 -0.665584 0.660694
    outer loop
      vertex -11.6528 -18.1788 6.42677
      vertex -9.88944 -19.1228 6.40219
      vertex -9.87947 -19.1036 6.42677
    endloop
  endfacet
  facet normal -0.304904 -0.584649 0.751811
    outer loop
      vertex -11.6414 -18.157 6.44833
      vertex -9.87947 -19.1036 6.42677
      vertex -9.86811 -19.0818 6.44833
    endloop
  endfacet
  facet normal -0.304769 -0.584403 0.752057
    outer loop
      vertex -9.87947 -19.1036 6.42677
      vertex -11.6414 -18.157 6.44833
      vertex -11.6528 -18.1788 6.42677
    endloop
  endfacet
  facet normal -0.257051 -0.492886 0.831257
    outer loop
      vertex -11.6288 -18.1329 6.46651
      vertex -9.86811 -19.0818 6.44833
      vertex -9.85553 -19.0577 6.46651
    endloop
  endfacet
  facet normal -0.256988 -0.492771 0.831344
    outer loop
      vertex -9.86811 -19.0818 6.44833
      vertex -11.6288 -18.1329 6.46651
      vertex -11.6414 -18.157 6.44833
    endloop
  endfacet
  facet normal -0.204506 -0.392147 0.896882
    outer loop
      vertex -11.6153 -18.1069 6.48097
      vertex -9.85553 -19.0577 6.46651
      vertex -9.84197 -19.0317 6.48097
    endloop
  endfacet
  facet normal -0.204668 -0.392443 0.896716
    outer loop
      vertex -9.85553 -19.0577 6.46651
      vertex -11.6153 -18.1069 6.48097
      vertex -11.6288 -18.1329 6.46651
    endloop
  endfacet
  facet normal -0.148967 -0.285621 0.946694
    outer loop
      vertex -11.601 -18.0794 6.49149
      vertex -9.84197 -19.0317 6.48097
      vertex -9.82765 -19.0043 6.49149
    endloop
  endfacet
  facet normal -0.148614 -0.284971 0.946945
    outer loop
      vertex -9.84197 -19.0317 6.48097
      vertex -11.601 -18.0794 6.49149
      vertex -11.6153 -18.1069 6.48097
    endloop
  endfacet
  facet normal -0.089933 -0.172444 0.980905
    outer loop
      vertex -11.5861 -18.051 6.49786
      vertex -9.82765 -19.0043 6.49149
      vertex -9.81282 -18.9758 6.49786
    endloop
  endfacet
  facet normal -0.0900897 -0.172733 0.98084
    outer loop
      vertex -9.82765 -19.0043 6.49149
      vertex -11.5861 -18.051 6.49786
      vertex -11.601 -18.0794 6.49149
    endloop
  endfacet
  facet normal -0.03029 -0.0580737 0.997853
    outer loop
      vertex -11.571 -18.022 6.5
      vertex -9.81282 -18.9758 6.49786
      vertex -9.79773 -18.9469 6.5
    endloop
  endfacet
  facet normal -0.0302012 -0.0579101 0.997865
    outer loop
      vertex -9.81282 -18.9758 6.49786
      vertex -11.571 -18.022 6.5
      vertex -11.5861 -18.051 6.49786
    endloop
  endfacet
  facet normal 0 0 1
    outer loop
      vertex -3.79715 -3.11639 6.5
      vertex -9.79773 -18.9469 6.5
      vertex -2.02384 -4.04125 6.5
    endloop
  endfacet
  facet normal 0 -0 1
    outer loop
      vertex -9.79773 -18.9469 6.5
      vertex -3.79715 -3.11639 6.5
      vertex -11.571 -18.022 6.5
    endloop
  endfacet
  facet normal -0.0153693 -0.0294689 0.999448
    outer loop
      vertex -3.79354 -3.10946 6.50026
      vertex -2.02384 -4.04125 6.5
      vertex -2.02022 -4.03432 6.50026
    endloop
  endfacet
  facet normal -0.0153784 -0.0294863 0.999447
    outer loop
      vertex -2.02384 -4.04125 6.5
      vertex -3.79354 -3.10946 6.50026
      vertex -3.79715 -3.11639 6.5
    endloop
  endfacet
  facet normal -0.030263 -0.058026 0.997856
    outer loop
      vertex -3.76287 -3.05065 6.50461
      vertex -2.02022 -4.03432 6.50026
      vertex -1.98955 -3.97551 6.50461
    endloop
  endfacet
  facet normal -0.030263 -0.058026 0.997856
    outer loop
      vertex -2.02022 -4.03432 6.50026
      vertex -3.76287 -3.05065 6.50461
      vertex -3.79354 -3.10946 6.50026
    endloop
  endfacet
  facet normal -0.0604279 -0.115865 0.991425
    outer loop
      vertex -3.75539 -3.03633 6.50674
      vertex -1.98955 -3.97551 6.50461
      vertex -1.98208 -3.96118 6.50674
    endloop
  endfacet
  facet normal -0.0604437 -0.115894 0.991421
    outer loop
      vertex -1.98955 -3.97551 6.50461
      vertex -3.75539 -3.03633 6.50674
      vertex -3.76287 -3.05065 6.50461
    endloop
  endfacet
  facet normal -0.0901221 -0.1728 0.980825
    outer loop
      vertex -3.7273 -2.98247 6.51881
      vertex -1.98208 -3.96118 6.50674
      vertex -1.95399 -3.90732 6.51881
    endloop
  endfacet
  facet normal -0.0901221 -0.1728 0.980825
    outer loop
      vertex -1.98208 -3.96118 6.50674
      vertex -3.7273 -2.98247 6.51881
      vertex -3.75539 -3.03633 6.50674
    endloop
  endfacet
  facet normal -0.120002 -0.230094 0.965741
    outer loop
      vertex -3.71989 -2.96825 6.52312
      vertex -1.95399 -3.90732 6.51881
      vertex -1.94657 -3.8931 6.52312
    endloop
  endfacet
  facet normal -0.120035 -0.230155 0.965723
    outer loop
      vertex -1.95399 -3.90732 6.51881
      vertex -3.71989 -2.96825 6.52312
      vertex -3.7273 -2.98247 6.51881
    endloop
  endfacet
  facet normal -0.14865 -0.285023 0.946924
    outer loop
      vertex -3.69269 -2.91609 6.54309
      vertex -1.94657 -3.8931 6.52312
      vertex -1.91937 -3.84094 6.54309
    endloop
  endfacet
  facet normal -0.14865 -0.285023 0.946924
    outer loop
      vertex -1.94657 -3.8931 6.52312
      vertex -3.69269 -2.91609 6.54309
      vertex -3.71989 -2.96825 6.52312
    endloop
  endfacet
  facet normal -0.1773 -0.339957 0.923577
    outer loop
      vertex -3.68578 -2.90285 6.54929
      vertex -1.91937 -3.84094 6.54309
      vertex -1.91246 -3.8277 6.54929
    endloop
  endfacet
  facet normal -0.1773 -0.339957 0.923577
    outer loop
      vertex -1.91937 -3.84094 6.54309
      vertex -3.68578 -2.90285 6.54929
      vertex -3.69269 -2.91609 6.54309
    endloop
  endfacet
  facet normal -0.204437 -0.391988 0.896968
    outer loop
      vertex -3.66005 -2.85352 6.57671
      vertex -1.91246 -3.8277 6.54929
      vertex -1.88674 -3.77837 6.57671
    endloop
  endfacet
  facet normal -0.204422 -0.391962 0.896982
    outer loop
      vertex -1.91246 -3.8277 6.54929
      vertex -3.66005 -2.85352 6.57671
      vertex -3.68578 -2.90285 6.54929
    endloop
  endfacet
  facet normal -0.230824 -0.442585 0.866509
    outer loop
      vertex -3.65344 -2.84084 6.58495
      vertex -1.88674 -3.77837 6.57671
      vertex -1.88012 -3.76569 6.58495
    endloop
  endfacet
  facet normal -0.230881 -0.442692 0.86644
    outer loop
      vertex -1.88674 -3.77837 6.57671
      vertex -3.65344 -2.84084 6.58495
      vertex -3.66005 -2.85352 6.57671
    endloop
  endfacet
  facet normal -0.256953 -0.492685 0.831407
    outer loop
      vertex -3.62955 -2.79503 6.61948
      vertex -1.88012 -3.76569 6.58495
      vertex -1.85623 -3.71988 6.61948
    endloop
  endfacet
  facet normal -0.256953 -0.492685 0.831407
    outer loop
      vertex -1.88012 -3.76569 6.58495
      vertex -3.62955 -2.79503 6.61948
      vertex -3.65344 -2.84084 6.58495
    endloop
  endfacet
  facet normal -0.281381 -0.539524 0.793561
    outer loop
      vertex -3.62361 -2.78364 6.62933
      vertex -1.85623 -3.71988 6.61948
      vertex -1.85029 -3.70849 6.62933
    endloop
  endfacet
  facet normal -0.281381 -0.539524 0.793561
    outer loop
      vertex -1.85623 -3.71988 6.61948
      vertex -3.62361 -2.78364 6.62933
      vertex -3.62955 -2.79503 6.61948
    endloop
  endfacet
  facet normal -0.304913 -0.584644 0.751811
    outer loop
      vertex -3.60194 -2.74209 6.67043
      vertex -1.85029 -3.70849 6.62933
      vertex -1.82862 -3.66694 6.67043
    endloop
  endfacet
  facet normal -0.304913 -0.584644 0.751811
    outer loop
      vertex -1.85029 -3.70849 6.62933
      vertex -3.60194 -2.74209 6.67043
      vertex -3.62361 -2.78364 6.62933
    endloop
  endfacet
  facet normal -0.326909 -0.626817 0.70727
    outer loop
      vertex -3.59668 -2.73201 6.68179
      vertex -1.82862 -3.66694 6.67043
      vertex -1.82337 -3.65686 6.68179
    endloop
  endfacet
  facet normal -0.326841 -0.62669 0.707414
    outer loop
      vertex -1.82862 -3.66694 6.67043
      vertex -3.59668 -2.73201 6.68179
      vertex -3.60194 -2.74209 6.67043
    endloop
  endfacet
  facet normal -0.3477 -0.666681 0.659273
    outer loop
      vertex -1.82337 -3.65686 6.68179
      vertex -3.57768 -2.69558 6.72865
      vertex -3.59668 -2.73201 6.68179
    endloop
  endfacet
  facet normal -0.347682 -0.66665 0.659315
    outer loop
      vertex -3.57768 -2.69558 6.72865
      vertex -1.82337 -3.65686 6.68179
      vertex -1.80436 -3.62043 6.72865
    endloop
  endfacet
  facet normal -0.366895 -0.703489 0.60868
    outer loop
      vertex -1.80436 -3.62043 6.72865
      vertex -3.57312 -2.68684 6.7415
      vertex -3.57768 -2.69558 6.72865
    endloop
  endfacet
  facet normal -0.36696 -0.703611 0.6085
    outer loop
      vertex -3.57312 -2.68684 6.7415
      vertex -1.80436 -3.62043 6.72865
      vertex -1.79981 -3.61169 6.7415
    endloop
  endfacet
  facet normal -0.38446 -0.737166 0.555677
    outer loop
      vertex -1.79981 -3.61169 6.7415
      vertex -3.55715 -2.65622 6.79317
      vertex -3.57312 -2.68684 6.7415
    endloop
  endfacet
  facet normal -0.38446 -0.737166 0.555677
    outer loop
      vertex -3.55715 -2.65622 6.79317
      vertex -1.79981 -3.61169 6.7415
      vertex -1.78384 -3.58107 6.79317
    endloop
  endfacet
  facet normal -0.400558 -0.768031 0.499681
    outer loop
      vertex -1.78384 -3.58107 6.79317
      vertex -3.55334 -2.64891 6.80746
      vertex -3.55715 -2.65622 6.79317
    endloop
  endfacet
  facet normal -0.400669 -0.768236 0.499277
    outer loop
      vertex -3.55334 -2.64891 6.80746
      vertex -1.78384 -3.58107 6.79317
      vertex -1.78003 -3.57377 6.80746
    endloop
  endfacet
  facet normal -0.414801 -0.795333 0.442024
    outer loop
      vertex -1.78003 -3.57377 6.80746
      vertex -3.54066 -2.6246 6.8631
      vertex -3.55334 -2.64891 6.80746
    endloop
  endfacet
  facet normal -0.414801 -0.795333 0.442024
    outer loop
      vertex -3.54066 -2.6246 6.8631
      vertex -1.78003 -3.57377 6.80746
      vertex -1.76735 -3.54946 6.8631
    endloop
  endfacet
  facet normal -0.42721 -0.819125 0.382786
    outer loop
      vertex -1.76735 -3.54946 6.8631
      vertex -3.5378 -2.61911 6.87804
      vertex -3.54066 -2.6246 6.8631
    endloop
  endfacet
  facet normal -0.427068 -0.818867 0.383497
    outer loop
      vertex -3.5378 -2.61911 6.87804
      vertex -1.76735 -3.54946 6.8631
      vertex -1.76448 -3.54396 6.87804
    endloop
  endfacet
  facet normal -0.437864 -0.839566 0.321567
    outer loop
      vertex -1.76448 -3.54396 6.87804
      vertex -3.52856 -2.6014 6.93686
      vertex -3.5378 -2.61911 6.87804
    endloop
  endfacet
  facet normal -0.437876 -0.839585 0.3215
    outer loop
      vertex -3.52856 -2.6014 6.93686
      vertex -1.76448 -3.54396 6.87804
      vertex -1.75525 -3.52625 6.93686
    endloop
  endfacet
  facet normal -0.446604 -0.856321 0.259345
    outer loop
      vertex -1.75525 -3.52625 6.93686
      vertex -3.52657 -2.59758 6.9529
      vertex -3.52856 -2.6014 6.93686
    endloop
  endfacet
  facet normal -0.44667 -0.856437 0.258847
    outer loop
      vertex -3.52657 -2.59758 6.9529
      vertex -1.75525 -3.52625 6.93686
      vertex -1.75326 -3.52244 6.9529
    endloop
  endfacet
  facet normal -0.453565 -0.869658 0.194867
    outer loop
      vertex -1.75326 -3.52244 6.9529
      vertex -3.52099 -2.58688 7.01364
      vertex -3.52657 -2.59758 6.9529
    endloop
  endfacet
  facet normal -0.453565 -0.869658 0.194867
    outer loop
      vertex -3.52099 -2.58688 7.01364
      vertex -1.75326 -3.52244 6.9529
      vertex -1.74768 -3.51174 7.01364
    endloop
  endfacet
  facet normal -0.458452 -0.879027 0.130893
    outer loop
      vertex -1.74768 -3.51174 7.01364
      vertex -3.52 -2.58499 7.0298
      vertex -3.52099 -2.58688 7.01364
    endloop
  endfacet
  facet normal -0.458415 -0.878967 0.131427
    outer loop
      vertex -3.52 -2.58499 7.0298
      vertex -1.74768 -3.51174 7.01364
      vertex -1.74669 -3.50984 7.0298
    endloop
  endfacet
  facet normal -0.461434 -0.884755 0.0654702
    outer loop
      vertex -1.74669 -3.50984 7.0298
      vertex -3.51799 -2.58113 7.09613
      vertex -3.52 -2.58499 7.0298
    endloop
  endfacet
  facet normal -0.461442 -0.884761 0.0653374
    outer loop
      vertex -3.51799 -2.58113 7.09613
      vertex -1.74669 -3.50984 7.0298
      vertex -1.74468 -3.50599 7.09613
    endloop
  endfacet
  facet normal -0.462175 -0.886167 0.0331984
    outer loop
      vertex -1.74468 -3.50599 7.09613
      vertex -3.51787 -2.5809 7.10394
      vertex -3.51799 -2.58113 7.09613
    endloop
  endfacet
  facet normal -0.462175 -0.886167 0.0331984
    outer loop
      vertex -3.51787 -2.5809 7.10394
      vertex -1.74468 -3.50599 7.09613
      vertex -1.74456 -3.50576 7.10394
    endloop
  endfacet
  facet normal -0.462582 -0.886576 -0
    outer loop
      vertex -1.74456 -3.50576 11.3
      vertex -1.78132 -3.48658 11.3
      vertex -1.74456 -3.50576 11.26
    endloop
  endfacet
  facet normal -0.462313 -0.886717 -3.67869e-05
    outer loop
      vertex -3.49773 -2.59141 8
      vertex -2.73404 -2.9897 10.9069
      vertex -2.76095 -2.97567 10.9122
    endloop
  endfacet
  facet normal -0.462357 -0.886694 -2.60544e-05
    outer loop
      vertex -2.67471 -3.02065 10.8952
      vertex -3.49773 -2.59141 8
      vertex -2.58772 -3.06601 10.8952
    endloop
  endfacet
  facet normal -0.462506 -0.886616 2.76628e-05
    outer loop
      vertex -2.73404 -2.9897 10.9069
      vertex -3.49773 -2.59141 8
      vertex -2.67471 -3.02065 10.8952
    endloop
  endfacet
  facet normal -0.462425 -0.886659 -7.34681e-07
    outer loop
      vertex -2.78022 -2.96562 10.9199
      vertex -3.49773 -2.59141 8
      vertex -2.76095 -2.97567 10.9122
    endloop
  endfacet
  facet normal -0.46243 -0.886656 9.1859e-07
    outer loop
      vertex -2.84497 -2.93185 10.9459
      vertex -3.49773 -2.59141 8
      vertex -2.78022 -2.96562 10.9199
    endloop
  endfacet
  facet normal -0.462433 -0.886654 1.64499e-06
    outer loop
      vertex -3.51787 -2.5809 11.25
      vertex -3.49773 -2.59141 8
      vertex -2.84497 -2.93185 10.9459
    endloop
  endfacet
  facet normal -0.462363 -0.886691 -7.95119e-06
    outer loop
      vertex -3.51787 -2.5809 7.10394
      vertex -3.43705 -2.62305 7.83597
      vertex -3.49773 -2.59141 8
    endloop
  endfacet
  facet normal -0.462433 -0.886654 6.70462e-06
    outer loop
      vertex -3.51787 -2.5809 7.10394
      vertex -3.2521 -2.71951 7.36499
      vertex -3.39908 -2.64285 7.73334
    endloop
  endfacet
  facet normal -0.462423 -0.886659 -4.72253e-05
    outer loop
      vertex -3.51787 -2.5809 7.10394
      vertex -3.19963 -2.74688 7.23574
      vertex -3.20897 -2.74201 7.25691
    endloop
  endfacet
  facet normal -0.462432 -0.886655 1.57549e-05
    outer loop
      vertex -3.18386 -2.7551 7.2
      vertex -3.51787 -2.5809 7.10394
      vertex -2.07857 -3.33156 7.2
    endloop
  endfacet
  facet normal -0.462405 -0.886669 -0.0001036
    outer loop
      vertex -3.19963 -2.74688 7.23574
      vertex -3.51787 -2.5809 7.10394
      vertex -3.18386 -2.7551 7.2
    endloop
  endfacet
  facet normal -0.462455 -0.886643 3.49415e-05
    outer loop
      vertex -3.2521 -2.71951 7.36499
      vertex -3.51787 -2.5809 7.10394
      vertex -3.20897 -2.74201 7.25691
    endloop
  endfacet
  facet normal -0.462385 -0.886679 -4.90146e-06
    outer loop
      vertex -3.43705 -2.62305 7.83597
      vertex -3.51787 -2.5809 7.10394
      vertex -3.39908 -2.64285 7.73334
    endloop
  endfacet
  facet normal -0.462641 -0.886546 0
    outer loop
      vertex -3.51787 -2.5809 7.10394
      vertex -3.49773 -2.59141 8
      vertex -3.51787 -2.5809 11.25
    endloop
  endfacet
  facet normal -0.462506 -0.886616 -2.76628e-05
    outer loop
      vertex -1.7647 -3.49525 8
      vertex -2.52839 -3.09696 10.9069
      vertex -2.58772 -3.06601 10.8952
    endloop
  endfacet
  facet normal -0.462425 -0.886658 1.30776e-06
    outer loop
      vertex -1.7647 -3.49525 8
      vertex -2.58772 -3.06601 10.8952
      vertex -3.49773 -2.59141 8
    endloop
  endfacet
  facet normal -0.462313 -0.886717 3.67869e-05
    outer loop
      vertex -2.52839 -3.09696 10.9069
      vertex -1.7647 -3.49525 8
      vertex -2.50148 -3.11099 10.9122
    endloop
  endfacet
  facet normal -0.462425 -0.886659 7.34681e-07
    outer loop
      vertex -2.50148 -3.11099 10.9122
      vertex -1.7647 -3.49525 8
      vertex -2.48221 -3.12104 10.9199
    endloop
  endfacet
  facet normal -0.46243 -0.886656 -9.1859e-07
    outer loop
      vertex -2.48221 -3.12104 10.9199
      vertex -1.7647 -3.49525 8
      vertex -2.41746 -3.15481 10.9459
    endloop
  endfacet
  facet normal -0.462433 -0.886654 -1.64499e-06
    outer loop
      vertex -2.41746 -3.15481 10.9459
      vertex -1.7647 -3.49525 8
      vertex -1.74456 -3.50576 11.25
    endloop
  endfacet
  facet normal -0.462641 -0.886546 0
    outer loop
      vertex -1.7647 -3.49525 8
      vertex -1.74456 -3.50576 7.10394
      vertex -1.74456 -3.50576 11.25
    endloop
  endfacet
  facet normal -0.462471 -0.886634 4.85465e-06
    outer loop
      vertex -1.82538 -3.4636 7.83597
      vertex -1.74456 -3.50576 7.10394
      vertex -1.7647 -3.49525 8
    endloop
  endfacet
  facet normal -0.462478 -0.886631 3.87261e-06
    outer loop
      vertex -1.86334 -3.4438 7.73334
      vertex -1.74456 -3.50576 7.10394
      vertex -1.82538 -3.4636 7.83597
    endloop
  endfacet
  facet normal -0.462413 -0.886665 1.96075e-05
    outer loop
      vertex -2.01033 -3.36715 7.36499
      vertex -1.74456 -3.50576 7.10394
      vertex -1.86334 -3.4438 7.73334
    endloop
  endfacet
  facet normal -0.462455 -0.886643 -3.49415e-05
    outer loop
      vertex -2.05346 -3.34465 7.25691
      vertex -1.74456 -3.50576 7.10394
      vertex -2.01033 -3.36715 7.36499
    endloop
  endfacet
  facet normal -0.462423 -0.886659 4.72253e-05
    outer loop
      vertex -2.0628 -3.33978 7.23574
      vertex -1.74456 -3.50576 7.10394
      vertex -2.05346 -3.34465 7.25691
    endloop
  endfacet
  facet normal -0.462405 -0.886669 0.0001036
    outer loop
      vertex -2.07857 -3.33156 7.2
      vertex -1.74456 -3.50576 7.10394
      vertex -2.0628 -3.33978 7.23574
    endloop
  endfacet
  facet normal -0.46243 -0.886656 -9.81991e-06
    outer loop
      vertex -1.74456 -3.50576 7.10394
      vertex -2.07857 -3.33156 7.2
      vertex -3.51787 -2.5809 7.10394
    endloop
  endfacet
  facet normal -0.462582 -0.886576 0
    outer loop
      vertex -3.48111 -2.60008 11.3
      vertex -3.51787 -2.5809 11.3
      vertex -3.51787 -2.5809 11.26
    endloop
  endfacet
  facet normal -0.461407 -0.884764 0.0655377
    outer loop
      vertex -1.78663 -3.48333 11.3066
      vertex -1.74357 -3.50386 11.3326
      vertex -1.80798 -3.47027 11.3326
    endloop
  endfacet
  facet normal -0.461083 -0.884986 0.0648262
    outer loop
      vertex -1.78132 -3.48658 11.3
      vertex -1.74357 -3.50386 11.3326
      vertex -1.78663 -3.48333 11.3066
    endloop
  endfacet
  facet normal -0.461587 -0.884668 0.0655779
    outer loop
      vertex -1.74357 -3.50386 11.3326
      vertex -1.78132 -3.48658 11.3
      vertex -1.74456 -3.50576 11.3
    endloop
  endfacet
  facet normal -0.46141 -0.884771 0.0654337
    outer loop
      vertex -3.51688 -2.57901 11.3326
      vertex -3.47539 -2.60257 11.3066
      vertex -3.45247 -2.6126 11.3326
    endloop
  endfacet
  facet normal -0.461595 -0.884684 0.0653077
    outer loop
      vertex -3.48111 -2.60008 11.3
      vertex -3.51688 -2.57901 11.3326
      vertex -3.51787 -2.5809 11.3
    endloop
  endfacet
  facet normal -0.461188 -0.884855 0.0658648
    outer loop
      vertex -3.51688 -2.57901 11.3326
      vertex -3.48111 -2.60008 11.3
      vertex -3.47539 -2.60257 11.3066
    endloop
  endfacet
  facet normal -0.453614 -0.86961 0.19497
    outer loop
      vertex -1.80798 -3.47027 11.3326
      vertex -1.74062 -3.49821 11.3647
      vertex -1.82777 -3.45275 11.3647
    endloop
  endfacet
  facet normal -0.453547 -0.869692 0.194758
    outer loop
      vertex -1.74062 -3.49821 11.3647
      vertex -1.80798 -3.47027 11.3326
      vertex -1.74357 -3.50386 11.3326
    endloop
  endfacet
  facet normal -0.453523 -0.869646 0.195018
    outer loop
      vertex -3.45247 -2.6126 11.3326
      vertex -3.51393 -2.57335 11.3647
      vertex -3.51688 -2.57901 11.3326
    endloop
  endfacet
  facet normal -0.453629 -0.869639 0.194806
    outer loop
      vertex -3.51393 -2.57335 11.3647
      vertex -3.45247 -2.6126 11.3326
      vertex -3.42678 -2.61881 11.3647
    endloop
  endfacet
  facet normal -0.437958 -0.839716 0.321044
    outer loop
      vertex -1.82989 -3.44965 11.3699
      vertex -1.73576 -3.48888 11.3957
      vertex -1.842 -3.43347 11.3957
    endloop
  endfacet
  facet normal -0.437871 -0.839429 0.321912
    outer loop
      vertex -1.74062 -3.49821 11.3647
      vertex -1.82989 -3.44965 11.3699
      vertex -1.82777 -3.45275 11.3647
    endloop
  endfacet
  facet normal -0.437987 -0.839583 0.321353
    outer loop
      vertex -1.82989 -3.44965 11.3699
      vertex -1.74062 -3.49821 11.3647
      vertex -1.73576 -3.48888 11.3957
    endloop
  endfacet
  facet normal -0.437952 -0.839704 0.321086
    outer loop
      vertex -3.50907 -2.56403 11.3957
      vertex -3.42303 -2.61877 11.3699
      vertex -3.40283 -2.61944 11.3957
    endloop
  endfacet
  facet normal -0.437997 -0.839671 0.32111
    outer loop
      vertex -3.42678 -2.61881 11.3647
      vertex -3.50907 -2.56403 11.3957
      vertex -3.51393 -2.57335 11.3647
    endloop
  endfacet
  facet normal -0.437572 -0.839546 0.322015
    outer loop
      vertex -3.50907 -2.56403 11.3957
      vertex -3.42678 -2.61881 11.3647
      vertex -3.42303 -2.61877 11.3699
    endloop
  endfacet
  facet normal -0.415002 -0.795628 0.441305
    outer loop
      vertex -1.84624 -3.42282 11.4108
      vertex -1.72907 -3.47606 11.425
      vertex -1.85035 -3.4128 11.425
    endloop
  endfacet
  facet normal -0.414359 -0.794469 0.443988
    outer loop
      vertex -1.73576 -3.48888 11.3957
      vertex -1.84624 -3.42282 11.4108
      vertex -1.842 -3.43347 11.3957
    endloop
  endfacet
  facet normal -0.414867 -0.794995 0.44257
    outer loop
      vertex -1.84624 -3.42282 11.4108
      vertex -1.73576 -3.48888 11.3957
      vertex -1.72907 -3.47606 11.425
    endloop
  endfacet
  facet normal -0.415134 -0.795881 0.440724
    outer loop
      vertex -3.50238 -2.5512 11.425
      vertex -3.39167 -2.61681 11.4108
      vertex -3.3811 -2.61446 11.425
    endloop
  endfacet
  facet normal -0.414634 -0.794995 0.442788
    outer loop
      vertex -3.40283 -2.61944 11.3957
      vertex -3.50238 -2.5512 11.425
      vertex -3.50907 -2.56403 11.3957
    endloop
  endfacet
  facet normal -0.413889 -0.79455 0.444282
    outer loop
      vertex -3.50238 -2.5512 11.425
      vertex -3.40283 -2.61944 11.3957
      vertex -3.39167 -2.61681 11.4108
    endloop
  endfacet
  facet normal -0.385273 -0.738751 0.553002
    outer loop
      vertex -1.8517 -3.39947 11.4417
      vertex -1.72066 -3.45995 11.4522
      vertex -1.85333 -3.39076 11.4522
    endloop
  endfacet
  facet normal -0.384149 -0.736477 0.556805
    outer loop
      vertex -1.72907 -3.47606 11.425
      vertex -1.8517 -3.39947 11.4417
      vertex -1.85035 -3.4128 11.425
    endloop
  endfacet
  facet normal -0.384728 -0.737129 0.555541
    outer loop
      vertex -1.8517 -3.39947 11.4417
      vertex -1.72907 -3.47606 11.425
      vertex -1.72066 -3.45995 11.4522
    endloop
  endfacet
  facet normal -0.385136 -0.738487 0.55345
    outer loop
      vertex -3.49398 -2.53509 11.4522
      vertex -3.3694 -2.60793 11.4417
      vertex -3.36131 -2.60428 11.4522
    endloop
  endfacet
  facet normal -0.38457 -0.737285 0.555443
    outer loop
      vertex -3.3811 -2.61446 11.425
      vertex -3.49398 -2.53509 11.4522
      vertex -3.50238 -2.5512 11.425
    endloop
  endfacet
  facet normal -0.383754 -0.736619 0.556889
    outer loop
      vertex -3.49398 -2.53509 11.4522
      vertex -3.3811 -2.61446 11.425
      vertex -3.3694 -2.60793 11.4417
    endloop
  endfacet
  facet normal -0.348414 -0.667434 0.658133
    outer loop
      vertex -1.72066 -3.45995 11.4522
      vertex -1.85248 -3.36688 11.4768
      vertex -1.85229 -3.37329 11.4704
    endloop
  endfacet
  facet normal -0.347566 -0.666449 0.659579
    outer loop
      vertex -1.72066 -3.45995 11.4522
      vertex -1.85229 -3.37329 11.4704
      vertex -1.85333 -3.39076 11.4522
    endloop
  endfacet
  facet normal -0.347747 -0.666761 0.659167
    outer loop
      vertex -1.85248 -3.36688 11.4768
      vertex -1.72066 -3.45995 11.4522
      vertex -1.71069 -3.44083 11.4768
    endloop
  endfacet
  facet normal -0.348139 -0.667513 0.658199
    outer loop
      vertex -3.48401 -2.51597 11.4768
      vertex -3.34759 -2.59343 11.4704
      vertex -3.34222 -2.58992 11.4768
    endloop
  endfacet
  facet normal -0.347733 -0.666769 0.659167
    outer loop
      vertex -3.36131 -2.60428 11.4522
      vertex -3.48401 -2.51597 11.4768
      vertex -3.49398 -2.53509 11.4522
    endloop
  endfacet
  facet normal -0.347569 -0.666609 0.659415
    outer loop
      vertex -3.48401 -2.51597 11.4768
      vertex -3.36131 -2.60428 11.4522
      vertex -3.34759 -2.59343 11.4704
    endloop
  endfacet
  facet normal -0.298564 -0.572485 0.763623
    outer loop
      vertex -1.84833 -3.34199 11.4978
      vertex -1.69933 -3.41903 11.4983
      vertex -1.84824 -3.34137 11.4983
    endloop
  endfacet
  facet normal -0.304511 -0.58406 0.752427
    outer loop
      vertex -1.85248 -3.36688 11.4768
      vertex -1.69933 -3.41903 11.4983
      vertex -1.84833 -3.34199 11.4978
    endloop
  endfacet
  facet normal -0.304437 -0.58372 0.752721
    outer loop
      vertex -1.69933 -3.41903 11.4983
      vertex -1.85248 -3.36688 11.4768
      vertex -1.71069 -3.44083 11.4768
    endloop
  endfacet
  facet normal -0.29655 -0.568624 0.767284
    outer loop
      vertex -3.47264 -2.49418 11.4983
      vertex -3.32418 -2.57228 11.4978
      vertex -3.32373 -2.57184 11.4983
    endloop
  endfacet
  facet normal -0.304712 -0.584043 0.752359
    outer loop
      vertex -3.47264 -2.49418 11.4983
      vertex -3.34222 -2.58992 11.4768
      vertex -3.32418 -2.57228 11.4978
    endloop
  endfacet
  facet normal -0.304467 -0.583777 0.752665
    outer loop
      vertex -3.34222 -2.58992 11.4768
      vertex -3.47264 -2.49418 11.4983
      vertex -3.48401 -2.51597 11.4768
    endloop
  endfacet
  facet normal -0.261965 -0.502313 0.824048
    outer loop
      vertex -1.84025 -3.31782 11.5147
      vertex -1.68675 -3.39492 11.5165
      vertex -1.83965 -3.31518 11.5165
    endloop
  endfacet
  facet normal -0.256914 -0.492077 0.831778
    outer loop
      vertex -1.84824 -3.34137 11.4983
      vertex -1.68675 -3.39492 11.5165
      vertex -1.84025 -3.31782 11.5147
    endloop
  endfacet
  facet normal -0.257189 -0.493149 0.831058
    outer loop
      vertex -1.68675 -3.39492 11.5165
      vertex -1.84824 -3.34137 11.4983
      vertex -1.69933 -3.41903 11.4983
    endloop
  endfacet
  facet normal -0.262191 -0.502747 0.823712
    outer loop
      vertex -3.46007 -2.47007 11.5165
      vertex -3.30899 -2.55181 11.5147
      vertex -3.30717 -2.54981 11.5165
    endloop
  endfacet
  facet normal -0.256452 -0.492316 0.83178
    outer loop
      vertex -3.46007 -2.47007 11.5165
      vertex -3.32373 -2.57184 11.4983
      vertex -3.30899 -2.55181 11.5147
    endloop
  endfacet
  facet normal -0.257219 -0.493207 0.831015
    outer loop
      vertex -3.32373 -2.57184 11.4983
      vertex -3.46007 -2.47007 11.5165
      vertex -3.47264 -2.49418 11.4983
    endloop
  endfacet
  facet normal -0.206145 -0.395284 0.895128
    outer loop
      vertex -1.83094 -3.29186 11.5287
      vertex -1.67319 -3.36892 11.531
      vertex -1.82962 -3.28734 11.531
    endloop
  endfacet
  facet normal -0.204839 -0.392566 0.896623
    outer loop
      vertex -1.83965 -3.31518 11.5165
      vertex -1.67319 -3.36892 11.531
      vertex -1.83094 -3.29186 11.5287
    endloop
  endfacet
  facet normal -0.204965 -0.393017 0.896397
    outer loop
      vertex -1.67319 -3.36892 11.531
      vertex -1.83965 -3.31518 11.5165
      vertex -1.68675 -3.39492 11.5165
    endloop
  endfacet
  facet normal -0.206143 -0.39528 0.895131
    outer loop
      vertex -3.44651 -2.44407 11.531
      vertex -3.29303 -2.52932 11.5287
      vertex -3.29008 -2.52565 11.531
    endloop
  endfacet
  facet normal -0.204653 -0.392638 0.896634
    outer loop
      vertex -3.44651 -2.44407 11.531
      vertex -3.30717 -2.54981 11.5165
      vertex -3.29303 -2.52932 11.5287
    endloop
  endfacet
  facet normal -0.204965 -0.393017 0.896397
    outer loop
      vertex -3.30717 -2.54981 11.5165
      vertex -3.44651 -2.44407 11.531
      vertex -3.46007 -2.47007 11.5165
    endloop
  endfacet
  facet normal -0.14846 -0.284651 0.947066
    outer loop
      vertex -1.82962 -3.28734 11.531
      vertex -1.65887 -3.34146 11.5415
      vertex -1.81757 -3.25869 11.5415
    endloop
  endfacet
  facet normal -0.148474 -0.2847 0.947049
    outer loop
      vertex -1.65887 -3.34146 11.5415
      vertex -1.82962 -3.28734 11.531
      vertex -1.67319 -3.36892 11.531
    endloop
  endfacet
  facet normal -0.148448 -0.284629 0.947074
    outer loop
      vertex -3.43218 -2.4166 11.5415
      vertex -3.29008 -2.52565 11.531
      vertex -3.27348 -2.49937 11.5415
    endloop
  endfacet
  facet normal -0.148416 -0.284589 0.947091
    outer loop
      vertex -3.29008 -2.52565 11.531
      vertex -3.43218 -2.4166 11.5415
      vertex -3.44651 -2.44407 11.531
    endloop
  endfacet
  facet normal -0.0908652 -0.17423 0.980504
    outer loop
      vertex -1.80526 -3.23514 11.5468
      vertex -1.64404 -3.31303 11.5479
      vertex -1.80315 -3.23005 11.5479
    endloop
  endfacet
  facet normal -0.0905312 -0.173536 0.980658
    outer loop
      vertex -1.64404 -3.31303 11.5479
      vertex -1.80526 -3.23514 11.5468
      vertex -1.65887 -3.34146 11.5415
    endloop
  endfacet
  facet normal -0.0911626 -0.174395 0.980447
    outer loop
      vertex -1.81701 -3.25767 11.5417
      vertex -1.65887 -3.34146 11.5415
      vertex -1.80526 -3.23514 11.5468
    endloop
  endfacet
  facet normal -0.078351 -0.150227 0.985542
    outer loop
      vertex -1.65887 -3.34146 11.5415
      vertex -1.81701 -3.25767 11.5417
      vertex -1.81757 -3.25869 11.5415
    endloop
  endfacet
  facet normal -0.0909599 -0.174411 0.980463
    outer loop
      vertex -3.41736 -2.38818 11.5479
      vertex -3.26121 -2.4758 11.5468
      vertex -3.25825 -2.47116 11.5479
    endloop
  endfacet
  facet normal -0.0905208 -0.173631 0.980642
    outer loop
      vertex -3.43218 -2.4166 11.5415
      vertex -3.26121 -2.4758 11.5468
      vertex -3.41736 -2.38818 11.5479
    endloop
  endfacet
  facet normal -0.0908053 -0.174468 0.980467
    outer loop
      vertex -3.26121 -2.4758 11.5468
      vertex -3.43218 -2.4166 11.5415
      vertex -3.27297 -2.49834 11.5417
    endloop
  endfacet
  facet normal -0.0792946 -0.152036 0.985189
    outer loop
      vertex -3.27297 -2.49834 11.5417
      vertex -3.43218 -2.4166 11.5415
      vertex -3.27348 -2.49937 11.5415
    endloop
  endfacet
  facet normal -0.0317351 -0.060846 0.997643
    outer loop
      vertex -1.79343 -3.21142 11.5492
      vertex -1.62895 -3.28409 11.55
      vertex -1.78847 -3.20089 11.55
    endloop
  endfacet
  facet normal -0.0299483 -0.0567984 0.997936
    outer loop
      vertex -1.62895 -3.28409 11.55
      vertex -1.79343 -3.21142 11.5492
      vertex -1.64404 -3.31303 11.5479
    endloop
  endfacet
  facet normal -0.0285532 -0.0547494 0.998092
    outer loop
      vertex -1.64404 -3.31303 11.5479
      vertex -1.79343 -3.21142 11.5492
      vertex -1.80315 -3.23005 11.5479
    endloop
  endfacet
  facet normal -0.0317396 -0.0608547 0.997642
    outer loop
      vertex -3.40226 -2.35924 11.55
      vertex -3.24854 -2.45253 11.5492
      vertex -3.24274 -2.44244 11.55
    endloop
  endfacet
  facet normal -0.0294333 -0.0570568 0.997937
    outer loop
      vertex -3.41736 -2.38818 11.5479
      vertex -3.24854 -2.45253 11.5492
      vertex -3.40226 -2.35924 11.55
    endloop
  endfacet
  facet normal -0.0285595 -0.0547614 0.998091
    outer loop
      vertex -3.24854 -2.45253 11.5492
      vertex -3.41736 -2.38818 11.5479
      vertex -3.25825 -2.47116 11.5479
    endloop
  endfacet
  facet normal 0 0 1
    outer loop
      vertex -1.55726 -2.75757 11.55
      vertex -1.62895 -3.28409 11.55
      vertex -1.39774 -2.84076 11.55
    endloop
  endfacet
  facet normal 0 -0 1
    outer loop
      vertex -1.62895 -3.28409 11.55
      vertex -1.55726 -2.75757 11.55
      vertex -1.78847 -3.20089 11.55
    endloop
  endfacet
  facet normal 0 0 1
    outer loop
      vertex -3.17105 -1.91591 11.55
      vertex -3.24274 -2.44244 11.55
      vertex -3.01153 -1.99911 11.55
    endloop
  endfacet
  facet normal 0 -0 1
    outer loop
      vertex -3.24274 -2.44244 11.55
      vertex -3.17105 -1.91591 11.55
      vertex -3.40226 -2.35924 11.55
    endloop
  endfacet
  facet normal 0.0285595 0.0547614 0.998091
    outer loop
      vertex -1.55146 -2.74747 11.5492
      vertex -1.38264 -2.81182 11.5479
      vertex -1.54175 -2.72884 11.5479
    endloop
  endfacet
  facet normal 0.0294333 0.0570568 0.997937
    outer loop
      vertex -1.38264 -2.81182 11.5479
      vertex -1.55146 -2.74747 11.5492
      vertex -1.39774 -2.84076 11.55
    endloop
  endfacet
  facet normal 0.0317126 0.0608102 0.997645
    outer loop
      vertex -1.39774 -2.84076 11.55
      vertex -1.55146 -2.74747 11.5492
      vertex -1.55726 -2.75757 11.55
    endloop
  endfacet
  facet normal 0.0285532 0.0547494 0.998092
    outer loop
      vertex -3.15596 -1.88697 11.5479
      vertex -3.00657 -1.98858 11.5492
      vertex -2.99685 -1.96995 11.5479
    endloop
  endfacet
  facet normal 0.0299483 0.0567984 0.997936
    outer loop
      vertex -3.17105 -1.91591 11.55
      vertex -3.00657 -1.98858 11.5492
      vertex -3.15596 -1.88697 11.5479
    endloop
  endfacet
  facet normal 0.0317351 0.060846 0.997643
    outer loop
      vertex -3.00657 -1.98858 11.5492
      vertex -3.17105 -1.91591 11.55
      vertex -3.01153 -1.99911 11.55
    endloop
  endfacet
  facet normal 0.0792946 0.152036 0.985189
    outer loop
      vertex -1.52703 -2.70166 11.5417
      vertex -1.36782 -2.7834 11.5415
      vertex -1.52652 -2.70063 11.5415
    endloop
  endfacet
  facet normal 0.0908053 0.174468 0.980467
    outer loop
      vertex -1.53879 -2.7242 11.5468
      vertex -1.36782 -2.7834 11.5415
      vertex -1.52703 -2.70166 11.5417
    endloop
  endfacet
  facet normal 0.0905208 0.173631 0.980642
    outer loop
      vertex -1.36782 -2.7834 11.5415
      vertex -1.53879 -2.7242 11.5468
      vertex -1.38264 -2.81182 11.5479
    endloop
  endfacet
  facet normal 0.0909599 0.174411 0.980463
    outer loop
      vertex -1.38264 -2.81182 11.5479
      vertex -1.53879 -2.7242 11.5468
      vertex -1.54175 -2.72884 11.5479
    endloop
  endfacet
  facet normal 0.078351 0.150227 0.985542
    outer loop
      vertex -3.14113 -1.85854 11.5415
      vertex -2.98299 -1.94233 11.5417
      vertex -2.98243 -1.94131 11.5415
    endloop
  endfacet
  facet normal 0.0911626 0.174395 0.980447
    outer loop
      vertex -3.14113 -1.85854 11.5415
      vertex -2.99474 -1.96486 11.5468
      vertex -2.98299 -1.94233 11.5417
    endloop
  endfacet
  facet normal 0.0905312 0.173536 0.980658
    outer loop
      vertex -3.15596 -1.88697 11.5479
      vertex -2.99474 -1.96486 11.5468
      vertex -3.14113 -1.85854 11.5415
    endloop
  endfacet
  facet normal 0.0908652 0.17423 0.980504
    outer loop
      vertex -2.99474 -1.96486 11.5468
      vertex -3.15596 -1.88697 11.5479
      vertex -2.99685 -1.96995 11.5479
    endloop
  endfacet
  facet normal 0.148416 0.284589 0.947091
    outer loop
      vertex -1.50992 -2.67435 11.531
      vertex -1.36782 -2.7834 11.5415
      vertex -1.35349 -2.75593 11.531
    endloop
  endfacet
  facet normal 0.148448 0.284629 0.947074
    outer loop
      vertex -1.36782 -2.7834 11.5415
      vertex -1.50992 -2.67435 11.531
      vertex -1.52652 -2.70063 11.5415
    endloop
  endfacet
  facet normal 0.148474 0.2847 0.947049
    outer loop
      vertex -3.14113 -1.85854 11.5415
      vertex -2.97038 -1.91266 11.531
      vertex -3.12681 -1.83108 11.531
    endloop
  endfacet
  facet normal 0.14846 0.284651 0.947066
    outer loop
      vertex -2.97038 -1.91266 11.531
      vertex -3.14113 -1.85854 11.5415
      vertex -2.98243 -1.94131 11.5415
    endloop
  endfacet
  facet normal 0.204965 0.393017 0.896397
    outer loop
      vertex -1.49283 -2.65019 11.5165
      vertex -1.35349 -2.75593 11.531
      vertex -1.33993 -2.72993 11.5165
    endloop
  endfacet
  facet normal 0.204653 0.392638 0.896634
    outer loop
      vertex -1.50697 -2.67068 11.5287
      vertex -1.35349 -2.75593 11.531
      vertex -1.49283 -2.65019 11.5165
    endloop
  endfacet
  facet normal 0.206143 0.39528 0.895131
    outer loop
      vertex -1.35349 -2.75593 11.531
      vertex -1.50697 -2.67068 11.5287
      vertex -1.50992 -2.67435 11.531
    endloop
  endfacet
  facet normal 0.204965 0.393017 0.896397
    outer loop
      vertex -3.12681 -1.83108 11.531
      vertex -2.96035 -1.88482 11.5165
      vertex -3.11325 -1.80508 11.5165
    endloop
  endfacet
  facet normal 0.204839 0.392566 0.896623
    outer loop
      vertex -2.96035 -1.88482 11.5165
      vertex -3.12681 -1.83108 11.531
      vertex -2.96906 -1.90814 11.5287
    endloop
  endfacet
  facet normal 0.206145 0.395284 0.895128
    outer loop
      vertex -2.96906 -1.90814 11.5287
      vertex -3.12681 -1.83108 11.531
      vertex -2.97038 -1.91266 11.531
    endloop
  endfacet
  facet normal 0.257219 0.493207 0.831015
    outer loop
      vertex -1.47627 -2.62816 11.4983
      vertex -1.33993 -2.72993 11.5165
      vertex -1.32736 -2.70582 11.4983
    endloop
  endfacet
  facet normal 0.256499 0.492371 0.831733
    outer loop
      vertex -1.491 -2.64819 11.5147
      vertex -1.33993 -2.72993 11.5165
      vertex -1.47627 -2.62816 11.4983
    endloop
  endfacet
  facet normal 0.261877 0.502144 0.824179
    outer loop
      vertex -1.33993 -2.72993 11.5165
      vertex -1.491 -2.64819 11.5147
      vertex -1.49283 -2.65019 11.5165
    endloop
  endfacet
  facet normal 0.257189 0.493149 0.831058
    outer loop
      vertex -3.11325 -1.80508 11.5165
      vertex -2.95176 -1.85863 11.4983
      vertex -3.10067 -1.78097 11.4983
    endloop
  endfacet
  facet normal 0.256914 0.492077 0.831778
    outer loop
      vertex -2.95176 -1.85863 11.4983
      vertex -3.11325 -1.80508 11.5165
      vertex -2.95975 -1.88218 11.5147
    endloop
  endfacet
  facet normal 0.261965 0.502313 0.824048
    outer loop
      vertex -2.95975 -1.88218 11.5147
      vertex -3.11325 -1.80508 11.5165
      vertex -2.96035 -1.88482 11.5165
    endloop
  endfacet
  facet normal 0.304467 0.583777 0.752665
    outer loop
      vertex -1.45778 -2.61008 11.4768
      vertex -1.32736 -2.70582 11.4983
      vertex -1.31599 -2.68403 11.4768
    endloop
  endfacet
  facet normal 0.304712 0.584043 0.752359
    outer loop
      vertex -1.47582 -2.62772 11.4978
      vertex -1.32736 -2.70582 11.4983
      vertex -1.45778 -2.61008 11.4768
    endloop
  endfacet
  facet normal 0.29655 0.568624 0.767284
    outer loop
      vertex -1.32736 -2.70582 11.4983
      vertex -1.47582 -2.62772 11.4978
      vertex -1.47627 -2.62816 11.4983
    endloop
  endfacet
  facet normal 0.304437 0.58372 0.752721
    outer loop
      vertex -3.10067 -1.78097 11.4983
      vertex -2.94752 -1.83312 11.4768
      vertex -3.08931 -1.75917 11.4768
    endloop
  endfacet
  facet normal 0.304511 0.58406 0.752427
    outer loop
      vertex -2.94752 -1.83312 11.4768
      vertex -3.10067 -1.78097 11.4983
      vertex -2.95167 -1.85801 11.4978
    endloop
  endfacet
  facet normal 0.298564 0.572485 0.763623
    outer loop
      vertex -2.95167 -1.85801 11.4978
      vertex -3.10067 -1.78097 11.4983
      vertex -2.95176 -1.85863 11.4983
    endloop
  endfacet
  facet normal 0.348139 0.667513 0.658199
    outer loop
      vertex -1.31599 -2.68403 11.4768
      vertex -1.45241 -2.60657 11.4704
      vertex -1.45778 -2.61008 11.4768
    endloop
  endfacet
  facet normal 0.347733 0.666769 0.659167
    outer loop
      vertex -1.43869 -2.59572 11.4522
      vertex -1.31599 -2.68403 11.4768
      vertex -1.30602 -2.66491 11.4522
    endloop
  endfacet
  facet normal 0.347569 0.666609 0.659415
    outer loop
      vertex -1.31599 -2.68403 11.4768
      vertex -1.43869 -2.59572 11.4522
      vertex -1.45241 -2.60657 11.4704
    endloop
  endfacet
  facet normal 0.348414 0.667434 0.658133
    outer loop
      vertex -3.07934 -1.74005 11.4522
      vertex -2.94752 -1.83312 11.4768
      vertex -2.94771 -1.82671 11.4704
    endloop
  endfacet
  facet normal 0.347566 0.666449 0.659579
    outer loop
      vertex -3.07934 -1.74005 11.4522
      vertex -2.94771 -1.82671 11.4704
      vertex -2.94667 -1.80924 11.4522
    endloop
  endfacet
  facet normal 0.347747 0.666761 0.659167
    outer loop
      vertex -2.94752 -1.83312 11.4768
      vertex -3.07934 -1.74005 11.4522
      vertex -3.08931 -1.75917 11.4768
    endloop
  endfacet
  facet normal 0.385136 0.738487 0.55345
    outer loop
      vertex -1.30602 -2.66491 11.4522
      vertex -1.4306 -2.59207 11.4417
      vertex -1.43869 -2.59572 11.4522
    endloop
  endfacet
  facet normal 0.38457 0.737285 0.555443
    outer loop
      vertex -1.4189 -2.58554 11.425
      vertex -1.30602 -2.66491 11.4522
      vertex -1.29762 -2.6488 11.425
    endloop
  endfacet
  facet normal 0.383754 0.736619 0.556889
    outer loop
      vertex -1.30602 -2.66491 11.4522
      vertex -1.4189 -2.58554 11.425
      vertex -1.4306 -2.59207 11.4417
    endloop
  endfacet
  facet normal 0.385273 0.738751 0.553002
    outer loop
      vertex -2.9483 -1.80053 11.4417
      vertex -3.07934 -1.74005 11.4522
      vertex -2.94667 -1.80924 11.4522
    endloop
  endfacet
  facet normal 0.384149 0.736477 0.556805
    outer loop
      vertex -3.07093 -1.72394 11.425
      vertex -2.9483 -1.80053 11.4417
      vertex -2.94965 -1.7872 11.425
    endloop
  endfacet
  facet normal 0.384728 0.737129 0.555541
    outer loop
      vertex -2.9483 -1.80053 11.4417
      vertex -3.07093 -1.72394 11.425
      vertex -3.07934 -1.74005 11.4522
    endloop
  endfacet
  facet normal 0.415134 0.795881 0.440724
    outer loop
      vertex -1.29762 -2.6488 11.425
      vertex -1.40833 -2.58319 11.4108
      vertex -1.4189 -2.58554 11.425
    endloop
  endfacet
  facet normal 0.414634 0.794995 0.442788
    outer loop
      vertex -1.39717 -2.58056 11.3957
      vertex -1.29762 -2.6488 11.425
      vertex -1.29093 -2.63597 11.3957
    endloop
  endfacet
  facet normal 0.413889 0.79455 0.444282
    outer loop
      vertex -1.29762 -2.6488 11.425
      vertex -1.39717 -2.58056 11.3957
      vertex -1.40833 -2.58319 11.4108
    endloop
  endfacet
  facet normal 0.415002 0.795628 0.441305
    outer loop
      vertex -2.95376 -1.77718 11.4108
      vertex -3.07093 -1.72394 11.425
      vertex -2.94965 -1.7872 11.425
    endloop
  endfacet
  facet normal 0.414359 0.794469 0.443988
    outer loop
      vertex -3.06424 -1.71112 11.3957
      vertex -2.95376 -1.77718 11.4108
      vertex -2.958 -1.76653 11.3957
    endloop
  endfacet
  facet normal 0.414867 0.794995 0.44257
    outer loop
      vertex -2.95376 -1.77718 11.4108
      vertex -3.06424 -1.71112 11.3957
      vertex -3.07093 -1.72394 11.425
    endloop
  endfacet
  facet normal 0.437952 0.839704 0.321086
    outer loop
      vertex -1.29093 -2.63597 11.3957
      vertex -1.37697 -2.58123 11.3699
      vertex -1.39717 -2.58056 11.3957
    endloop
  endfacet
  facet normal 0.437997 0.839671 0.32111
    outer loop
      vertex -1.37322 -2.58119 11.3647
      vertex -1.29093 -2.63597 11.3957
      vertex -1.28607 -2.62665 11.3647
    endloop
  endfacet
  facet normal 0.437572 0.839546 0.322015
    outer loop
      vertex -1.29093 -2.63597 11.3957
      vertex -1.37322 -2.58119 11.3647
      vertex -1.37697 -2.58123 11.3699
    endloop
  endfacet
  facet normal 0.437958 0.839716 0.321044
    outer loop
      vertex -2.97011 -1.75035 11.3699
      vertex -3.06424 -1.71112 11.3957
      vertex -2.958 -1.76653 11.3957
    endloop
  endfacet
  facet normal 0.437871 0.839429 0.321912
    outer loop
      vertex -3.05938 -1.70179 11.3647
      vertex -2.97011 -1.75035 11.3699
      vertex -2.97223 -1.74725 11.3647
    endloop
  endfacet
  facet normal 0.437987 0.839583 0.321353
    outer loop
      vertex -2.97011 -1.75035 11.3699
      vertex -3.05938 -1.70179 11.3647
      vertex -3.06424 -1.71112 11.3957
    endloop
  endfacet
  facet normal 0.453523 0.869646 0.195018
    outer loop
      vertex -1.34753 -2.5874 11.3326
      vertex -1.28607 -2.62665 11.3647
      vertex -1.28312 -2.62099 11.3326
    endloop
  endfacet
  facet normal 0.453629 0.869639 0.194806
    outer loop
      vertex -1.28607 -2.62665 11.3647
      vertex -1.34753 -2.5874 11.3326
      vertex -1.37322 -2.58119 11.3647
    endloop
  endfacet
  facet normal 0.453614 0.86961 0.19497
    outer loop
      vertex -2.99202 -1.72973 11.3326
      vertex -3.05938 -1.70179 11.3647
      vertex -2.97223 -1.74725 11.3647
    endloop
  endfacet
  facet normal 0.453547 0.869692 0.194758
    outer loop
      vertex -3.05938 -1.70179 11.3647
      vertex -2.99202 -1.72973 11.3326
      vertex -3.05643 -1.69614 11.3326
    endloop
  endfacet
  facet normal 0.46141 0.884771 0.0654337
    outer loop
      vertex -1.28312 -2.62099 11.3326
      vertex -1.32461 -2.59743 11.3066
      vertex -1.34753 -2.5874 11.3326
    endloop
  endfacet
  facet normal 0.461406 0.884782 0.0653077
    outer loop
      vertex -1.31889 -2.59993 11.3
      vertex -1.28312 -2.62099 11.3326
      vertex -1.28213 -2.6191 11.3
    endloop
  endfacet
  facet normal 0.461643 0.884683 0.0649833
    outer loop
      vertex -1.28312 -2.62099 11.3326
      vertex -1.31889 -2.59993 11.3
      vertex -1.32461 -2.59743 11.3066
    endloop
  endfacet
  facet normal 0.461407 0.884764 0.0655377
    outer loop
      vertex -3.01337 -1.71667 11.3066
      vertex -3.05643 -1.69614 11.3326
      vertex -2.99202 -1.72973 11.3326
    endloop
  endfacet
  facet normal 0.461083 0.884986 0.0648262
    outer loop
      vertex -3.01868 -1.71342 11.3
      vertex -3.05643 -1.69614 11.3326
      vertex -3.01337 -1.71667 11.3066
    endloop
  endfacet
  facet normal 0.461587 0.884668 0.0655779
    outer loop
      vertex -3.05643 -1.69614 11.3326
      vertex -3.01868 -1.71342 11.3
      vertex -3.05544 -1.69424 11.3
    endloop
  endfacet
  facet normal 0.46243 0.886656 9.1859e-07
    outer loop
      vertex -1.30227 -2.60859 8
      vertex -2.01978 -2.23438 10.9199
      vertex -1.95503 -2.26815 10.9459
    endloop
  endfacet
  facet normal 0.462313 0.886717 -3.67869e-05
    outer loop
      vertex -1.30227 -2.60859 8
      vertex -2.06596 -2.2103 10.9069
      vertex -2.03905 -2.22433 10.9122
    endloop
  endfacet
  facet normal 0.462357 0.886694 -2.60544e-05
    outer loop
      vertex -2.12529 -2.17935 10.8952
      vertex -1.30227 -2.60859 8
      vertex -2.21228 -2.13399 10.8952
    endloop
  endfacet
  facet normal 0.462506 0.886616 2.76628e-05
    outer loop
      vertex -2.06596 -2.2103 10.9069
      vertex -1.30227 -2.60859 8
      vertex -2.12529 -2.17935 10.8952
    endloop
  endfacet
  facet normal 0.462425 0.886659 -7.34681e-07
    outer loop
      vertex -2.01978 -2.23438 10.9199
      vertex -1.30227 -2.60859 8
      vertex -2.03905 -2.22433 10.9122
    endloop
  endfacet
  facet normal 0.462433 0.886654 1.64499e-06
    outer loop
      vertex -1.28213 -2.6191 11.25
      vertex -1.30227 -2.60859 8
      vertex -1.95503 -2.26815 10.9459
    endloop
  endfacet
  facet normal 0.462437 0.886652 4.61143e-06
    outer loop
      vertex -1.28213 -2.6191 6.68312
      vertex -1.5479 -2.48049 7.36499
      vertex -1.40092 -2.55715 7.73334
    endloop
  endfacet
  facet normal 0.462425 0.886658 -2.25582e-06
    outer loop
      vertex -1.61614 -2.4449 7.2
      vertex -1.28213 -2.6191 6.68312
      vertex -2.72143 -1.86845 7.2
    endloop
  endfacet
  facet normal 0.462344 0.886701 -6.93781e-05
    outer loop
      vertex -1.60037 -2.45312 7.23574
      vertex -1.28213 -2.6191 6.68312
      vertex -1.61614 -2.4449 7.2
    endloop
  endfacet
  facet normal 0.462719 0.886505 0.000205485
    outer loop
      vertex -1.59103 -2.458 7.25691
      vertex -1.28213 -2.6191 6.68312
      vertex -1.60037 -2.45312 7.23574
    endloop
  endfacet
  facet normal 0.462395 0.886674 -1.65031e-05
    outer loop
      vertex -1.5479 -2.48049 7.36499
      vertex -1.28213 -2.6191 6.68312
      vertex -1.59103 -2.458 7.25691
    endloop
  endfacet
  facet normal 0.462382 0.886681 -3.39733e-06
    outer loop
      vertex -1.36295 -2.57695 7.83597
      vertex -1.28213 -2.6191 6.68312
      vertex -1.40092 -2.55715 7.73334
    endloop
  endfacet
  facet normal 0.462358 0.886693 -5.51121e-06
    outer loop
      vertex -1.30227 -2.60859 8
      vertex -1.28213 -2.6191 6.68312
      vertex -1.36295 -2.57695 7.83597
    endloop
  endfacet
  facet normal 0.462641 0.886546 -0
    outer loop
      vertex -1.28213 -2.6191 6.68312
      vertex -1.30227 -2.60859 8
      vertex -1.28213 -2.6191 11.25
    endloop
  endfacet
  facet normal 0.462425 0.886659 7.34681e-07
    outer loop
      vertex -3.0353 -1.70475 8
      vertex -2.31779 -2.07896 10.9199
      vertex -2.29852 -2.08901 10.9122
    endloop
  endfacet
  facet normal 0.462506 0.886616 -2.76628e-05
    outer loop
      vertex -3.0353 -1.70475 8
      vertex -2.27161 -2.10304 10.9069
      vertex -2.21228 -2.13399 10.8952
    endloop
  endfacet
  facet normal 0.462425 0.886658 1.30776e-06
    outer loop
      vertex -3.0353 -1.70475 8
      vertex -2.21228 -2.13399 10.8952
      vertex -1.30227 -2.60859 8
    endloop
  endfacet
  facet normal 0.462313 0.886717 3.67869e-05
    outer loop
      vertex -2.27161 -2.10304 10.9069
      vertex -3.0353 -1.70475 8
      vertex -2.29852 -2.08901 10.9122
    endloop
  endfacet
  facet normal 0.46243 0.886656 -9.1859e-07
    outer loop
      vertex -2.31779 -2.07896 10.9199
      vertex -3.0353 -1.70475 8
      vertex -2.38254 -2.04519 10.9459
    endloop
  endfacet
  facet normal 0.462433 0.886654 -1.64499e-06
    outer loop
      vertex -2.38254 -2.04519 10.9459
      vertex -3.0353 -1.70475 8
      vertex -3.05544 -1.69424 11.25
    endloop
  endfacet
  facet normal 0.462477 0.886632 -2.4032e-05
    outer loop
      vertex -3.05544 -1.69424 6.68312
      vertex -2.78967 -1.83285 7.36499
      vertex -2.74654 -1.85535 7.25691
    endloop
  endfacet
  facet normal 0.462535 0.886601 -7.10827e-05
    outer loop
      vertex -3.05544 -1.69424 6.68312
      vertex -2.7372 -1.86022 7.23574
      vertex -2.72143 -1.86845 7.2
    endloop
  endfacet
  facet normal 0.462641 0.886546 0
    outer loop
      vertex -3.0353 -1.70475 8
      vertex -3.05544 -1.69424 6.68312
      vertex -3.05544 -1.69424 11.25
    endloop
  endfacet
  facet normal 0.462468 0.886636 3.3649e-06
    outer loop
      vertex -2.97462 -1.7364 7.83597
      vertex -3.05544 -1.69424 6.68312
      vertex -3.0353 -1.70475 8
    endloop
  endfacet
  facet normal 0.462395 0.886674 9.86323e-06
    outer loop
      vertex -2.93665 -1.7562 7.73334
      vertex -3.05544 -1.69424 6.68312
      vertex -2.97462 -1.7364 7.83597
    endloop
  endfacet
  facet normal 0.462413 0.886664 7.28289e-06
    outer loop
      vertex -2.78967 -1.83285 7.36499
      vertex -3.05544 -1.69424 6.68312
      vertex -2.93665 -1.7562 7.73334
    endloop
  endfacet
  facet normal 0.462395 0.886674 3.16259e-05
    outer loop
      vertex -2.7372 -1.86022 7.23574
      vertex -3.05544 -1.69424 6.68312
      vertex -2.74654 -1.85535 7.25691
    endloop
  endfacet
  facet normal 0.46243 0.886656 1.5329e-05
    outer loop
      vertex -3.05544 -1.69424 6.68312
      vertex -2.72143 -1.86845 7.2
      vertex -1.28213 -2.6191 6.68312
    endloop
  endfacet
  facet normal 0.462393 0.886675 0
    outer loop
      vertex -1.31889 -2.59993 11.3
      vertex -1.28213 -2.6191 11.3
      vertex -1.28213 -2.6191 11.26
    endloop
  endfacet
  facet normal 0.462582 0.886576 0
    outer loop
      vertex -3.05544 -1.69424 11.3
      vertex -3.01868 -1.71342 11.3
      vertex -3.05544 -1.69424 11.26
    endloop
  endfacet
  facet normal 0.461446 0.884767 -0.065228
    outer loop
      vertex -1.28312 -2.62099 6.65048
      vertex -3.05544 -1.69424 6.68312
      vertex -1.28213 -2.6191 6.68312
    endloop
  endfacet
  facet normal 0.461433 0.884754 -0.0654979
    outer loop
      vertex -3.05544 -1.69424 6.68312
      vertex -1.28312 -2.62099 6.65048
      vertex -3.05643 -1.69614 6.65048
    endloop
  endfacet
  facet normal 0.453526 0.869592 -0.195252
    outer loop
      vertex -1.28607 -2.62665 6.61842
      vertex -3.05643 -1.69614 6.65048
      vertex -1.28312 -2.62099 6.65048
    endloop
  endfacet
  facet normal 0.453554 0.869636 -0.194992
    outer loop
      vertex -3.05643 -1.69614 6.65048
      vertex -1.28607 -2.62665 6.61842
      vertex -3.05938 -1.70179 6.61842
    endloop
  endfacet
  facet normal 0.437897 0.839616 -0.321389
    outer loop
      vertex -1.29093 -2.63597 6.58745
      vertex -3.05938 -1.70179 6.61842
      vertex -1.28607 -2.62665 6.61842
    endloop
  endfacet
  facet normal 0.437855 0.839545 -0.321632
    outer loop
      vertex -3.05938 -1.70179 6.61842
      vertex -1.29093 -2.63597 6.58745
      vertex -3.06424 -1.71112 6.58745
    endloop
  endfacet
  facet normal 0.414707 0.79516 -0.442424
    outer loop
      vertex -1.29762 -2.6488 6.55812
      vertex -3.06424 -1.71112 6.58745
      vertex -1.29093 -2.63597 6.58745
    endloop
  endfacet
  facet normal 0.41476 0.795254 -0.442206
    outer loop
      vertex -3.06424 -1.71112 6.58745
      vertex -1.29762 -2.6488 6.55812
      vertex -3.07093 -1.72394 6.55812
    endloop
  endfacet
  facet normal 0.384492 0.737219 -0.555584
    outer loop
      vertex -1.30602 -2.66491 6.53093
      vertex -3.07093 -1.72394 6.55812
      vertex -1.29762 -2.6488 6.55812
    endloop
  endfacet
  facet normal 0.384461 0.737162 -0.555682
    outer loop
      vertex -3.07093 -1.72394 6.55812
      vertex -1.30602 -2.66491 6.53093
      vertex -3.07934 -1.74005 6.53093
    endloop
  endfacet
  facet normal 0.347621 0.666527 -0.65947
    outer loop
      vertex -1.31599 -2.68403 6.50635
      vertex -3.07934 -1.74005 6.53093
      vertex -1.30602 -2.66491 6.53093
    endloop
  endfacet
  facet normal 0.347621 0.666527 -0.65947
    outer loop
      vertex -3.07934 -1.74005 6.53093
      vertex -1.31599 -2.68403 6.50635
      vertex -3.08931 -1.75917 6.50635
    endloop
  endfacet
  facet normal 0.304945 0.5847 -0.751755
    outer loop
      vertex -1.32736 -2.70582 6.48479
      vertex -3.08931 -1.75917 6.50635
      vertex -1.31599 -2.68403 6.50635
    endloop
  endfacet
  facet normal 0.304914 0.584643 -0.751811
    outer loop
      vertex -3.08931 -1.75917 6.50635
      vertex -1.32736 -2.70582 6.48479
      vertex -3.10067 -1.78097 6.48479
    endloop
  endfacet
  facet normal 0.25703 0.492829 -0.831297
    outer loop
      vertex -1.33993 -2.72993 6.46661
      vertex -3.10067 -1.78097 6.48479
      vertex -1.32736 -2.70582 6.48479
    endloop
  endfacet
  facet normal 0.256998 0.492772 -0.831341
    outer loop
      vertex -3.10067 -1.78097 6.48479
      vertex -1.33993 -2.72993 6.46661
      vertex -3.11325 -1.80508 6.46661
    endloop
  endfacet
  facet normal 0.204281 0.39169 -0.897133
    outer loop
      vertex -1.35354 -2.75602 6.45212
      vertex -3.11325 -1.80508 6.46661
      vertex -1.33993 -2.72993 6.46661
    endloop
  endfacet
  facet normal 0.204359 0.391834 -0.897053
    outer loop
      vertex -3.11325 -1.80508 6.46661
      vertex -1.35354 -2.75602 6.45212
      vertex -3.12685 -1.83116 6.45212
    endloop
  endfacet
  facet normal 0.177829 0.340965 -0.923103
    outer loop
      vertex -1.35508 -2.75898 6.45073
      vertex -3.12685 -1.83116 6.45212
      vertex -1.35354 -2.75602 6.45212
    endloop
  endfacet
  facet normal 0.177618 0.340564 -0.923292
    outer loop
      vertex -3.12685 -1.83116 6.45212
      vertex -1.35508 -2.75898 6.45073
      vertex -3.1284 -1.83412 6.45073
    endloop
  endfacet
  facet normal 0.204259 0.391646 -0.897158
    outer loop
      vertex -1.36183 -2.77193 6.44354
      vertex -3.1284 -1.83412 6.45073
      vertex -1.35508 -2.75898 6.45073
    endloop
  endfacet
  facet normal 0.204259 0.391646 -0.897158
    outer loop
      vertex -3.1284 -1.83412 6.45073
      vertex -1.36183 -2.77193 6.44354
      vertex -3.13515 -1.84707 6.44354
    endloop
  endfacet
  facet normal 0.231143 0.443192 -0.866114
    outer loop
      vertex -1.3867 -2.8196 6.41251
      vertex -3.13515 -1.84707 6.44354
      vertex -1.36183 -2.77193 6.44354
    endloop
  endfacet
  facet normal 0.231129 0.443167 -0.866131
    outer loop
      vertex -3.13515 -1.84707 6.44354
      vertex -1.3867 -2.8196 6.41251
      vertex -3.16001 -1.89475 6.41251
    endloop
  endfacet
  facet normal 0.257019 0.492809 -0.831312
    outer loop
      vertex -1.39297 -2.83163 6.40344
      vertex -3.16001 -1.89475 6.41251
      vertex -1.3867 -2.8196 6.41251
    endloop
  endfacet
  facet normal 0.256957 0.492694 -0.8314
    outer loop
      vertex -3.16001 -1.89475 6.41251
      vertex -1.39297 -2.83163 6.40344
      vertex -3.16629 -1.90678 6.40344
    endloop
  endfacet
  facet normal 0.281391 0.539542 -0.793545
    outer loop
      vertex -1.41583 -2.87545 6.36554
      vertex -3.16629 -1.90678 6.40344
      vertex -1.39297 -2.83163 6.40344
    endloop
  endfacet
  facet normal 0.281409 0.539574 -0.793517
    outer loop
      vertex -3.16629 -1.90678 6.40344
      vertex -1.41583 -2.87545 6.36554
      vertex -3.18914 -1.9506 6.36554
    endloop
  endfacet
  facet normal 0.305187 0.585167 -0.751292
    outer loop
      vertex -1.42143 -2.88619 6.3549
      vertex -3.18914 -1.9506 6.36554
      vertex -1.41583 -2.87545 6.36554
    endloop
  endfacet
  facet normal 0.305187 0.585167 -0.751292
    outer loop
      vertex -3.18914 -1.9506 6.36554
      vertex -1.42143 -2.88619 6.3549
      vertex -3.19474 -1.96134 6.3549
    endloop
  endfacet
  facet normal 0.326818 0.626641 -0.707468
    outer loop
      vertex -1.44173 -2.92512 6.31104
      vertex -3.19474 -1.96134 6.3549
      vertex -1.42143 -2.88619 6.3549
    endloop
  endfacet
  facet normal 0.326835 0.626671 -0.707434
    outer loop
      vertex -3.19474 -1.96134 6.3549
      vertex -1.44173 -2.92512 6.31104
      vertex -3.21505 -2.00026 6.31104
    endloop
  endfacet
  facet normal 0.347674 0.666628 -0.65934
    outer loop
      vertex -1.44678 -2.93481 6.29858
      vertex -3.21505 -2.00026 6.31104
      vertex -1.44173 -2.92512 6.31104
    endloop
  endfacet
  facet normal 0.347674 0.666628 -0.65934
    outer loop
      vertex -3.21505 -2.00026 6.31104
      vertex -1.44678 -2.93481 6.29858
      vertex -3.2201 -2.00995 6.29858
    endloop
  endfacet
  facet normal 0.3668 0.7033 -0.608955
    outer loop
      vertex -1.46425 -2.96829 6.24939
      vertex -3.2201 -2.00995 6.29858
      vertex -1.44678 -2.93481 6.29858
    endloop
  endfacet
  facet normal 0.366784 0.703272 -0.608998
    outer loop
      vertex -3.2201 -2.00995 6.29858
      vertex -1.46425 -2.96829 6.24939
      vertex -3.23756 -2.04344 6.24939
    endloop
  endfacet
  facet normal 0.384445 0.737136 -0.555728
    outer loop
      vertex -1.46846 -2.97637 6.23576
      vertex -3.23756 -2.04344 6.24939
      vertex -1.46425 -2.96829 6.24939
    endloop
  endfacet
  facet normal 0.384564 0.737355 -0.555354
    outer loop
      vertex -3.23756 -2.04344 6.24939
      vertex -1.46846 -2.97637 6.23576
      vertex -3.24177 -2.05151 6.23576
    endloop
  endfacet
  facet normal 0.400488 0.767889 -0.499957
    outer loop
      vertex -1.48283 -3.00391 6.18195
      vertex -3.24177 -2.05151 6.23576
      vertex -1.46846 -2.97637 6.23576
    endloop
  endfacet
  facet normal 0.400456 0.767836 -0.500064
    outer loop
      vertex -3.24177 -2.05151 6.23576
      vertex -1.48283 -3.00391 6.18195
      vertex -3.25614 -2.07906 6.18195
    endloop
  endfacet
  facet normal 0.414673 0.795096 -0.442571
    outer loop
      vertex -1.48613 -3.01026 6.16745
      vertex -3.25614 -2.07906 6.18195
      vertex -1.48283 -3.00391 6.18195
    endloop
  endfacet
  facet normal 0.414723 0.795187 -0.44236
    outer loop
      vertex -3.25614 -2.07906 6.18195
      vertex -1.48613 -3.01026 6.16745
      vertex -3.25945 -2.0854 6.16745
    endloop
  endfacet
  facet normal 0.427167 0.819048 -0.383
    outer loop
      vertex -1.49716 -3.0314 6.10994
      vertex -3.25945 -2.0854 6.16745
      vertex -1.48613 -3.01026 6.16745
    endloop
  endfacet
  facet normal 0.42714 0.819005 -0.383121
    outer loop
      vertex -3.25945 -2.0854 6.16745
      vertex -1.49716 -3.0314 6.10994
      vertex -3.27048 -2.10655 6.10994
    endloop
  endfacet
  facet normal 0.437853 0.839546 -0.321632
    outer loop
      vertex -1.49958 -3.03603 6.09456
      vertex -3.27048 -2.10655 6.10994
      vertex -1.49716 -3.0314 6.10994
    endloop
  endfacet
  facet normal 0.437895 0.839622 -0.321377
    outer loop
      vertex -3.27048 -2.10655 6.10994
      vertex -1.49958 -3.03603 6.09456
      vertex -3.27289 -2.11118 6.09456
    endloop
  endfacet
  facet normal 0.446655 0.856417 -0.25894
    outer loop
      vertex -1.50702 -3.0503 6.03453
      vertex -3.27289 -2.11118 6.09456
      vertex -1.49958 -3.03603 6.09456
    endloop
  endfacet
  facet normal 0.446655 0.856417 -0.25894
    outer loop
      vertex -3.27289 -2.11118 6.09456
      vertex -1.50702 -3.0503 6.03453
      vertex -3.28033 -2.12545 6.03453
    endloop
  endfacet
  facet normal 0.453459 0.869464 -0.195976
    outer loop
      vertex -1.5085 -3.05313 6.01855
      vertex -3.28033 -2.12545 6.03453
      vertex -1.50702 -3.0503 6.03453
    endloop
  endfacet
  facet normal 0.453459 0.869464 -0.195976
    outer loop
      vertex -3.28033 -2.12545 6.03453
      vertex -1.5085 -3.05313 6.01855
      vertex -3.28181 -2.12828 6.01855
    endloop
  endfacet
  facet normal 0.458461 0.879055 -0.130672
    outer loop
      vertex -1.51239 -3.0606 5.95465
      vertex -3.28181 -2.12828 6.01855
      vertex -1.5085 -3.05313 6.01855
    endloop
  endfacet
  facet normal 0.458461 0.879055 -0.130672
    outer loop
      vertex -3.28181 -2.12828 6.01855
      vertex -1.51239 -3.0606 5.95465
      vertex -3.2857 -2.13575 5.95465
    endloop
  endfacet
  facet normal 0.460918 0.883765 -0.080711
    outer loop
      vertex -1.51283 -3.06145 5.94283
      vertex -3.2857 -2.13575 5.95465
      vertex -1.51239 -3.0606 5.95465
    endloop
  endfacet
  facet normal 0.460901 0.883738 -0.0810984
    outer loop
      vertex -3.2857 -2.13575 5.95465
      vertex -1.51283 -3.06145 5.94283
      vertex -3.28615 -2.1366 5.94283
    endloop
  endfacet
  facet normal 0.46217 0.88617 -0.033191
    outer loop
      vertex -1.51331 -3.06236 5.91185
      vertex -3.28615 -2.1366 5.94283
      vertex -1.51283 -3.06145 5.94283
    endloop
  endfacet
  facet normal 0.462174 0.886174 -0.033042
    outer loop
      vertex -3.28615 -2.1366 5.94283
      vertex -1.51331 -3.06236 5.91185
      vertex -3.28662 -2.13751 5.91185
    endloop
  endfacet
  facet normal 0.462367 0.886543 -0.0160527
    outer loop
      vertex -1.51334 -3.06243 5.90712
      vertex -3.28662 -2.13751 5.91185
      vertex -1.51331 -3.06236 5.91185
    endloop
  endfacet
  facet normal 0.462375 0.886555 -0.0151561
    outer loop
      vertex -3.28662 -2.13751 5.91185
      vertex -1.51334 -3.06243 5.90712
      vertex -3.28666 -2.13757 5.90712
    endloop
  endfacet
  facet normal 0.462428 0.886657 -0
    outer loop
      vertex -1.51334 -3.06243 3.75
      vertex -3.28666 -2.13757 5.90712
      vertex -1.51334 -3.06243 5.90712
    endloop
  endfacet
  facet normal 0.462428 0.886657 0
    outer loop
      vertex -3.28666 -2.13757 5.90712
      vertex -1.51334 -3.06243 3.75
      vertex -3.28666 -2.13757 3.75
    endloop
  endfacet
  facet normal 0.461443 0.884768 -0.065228
    outer loop
      vertex -1.51433 -3.06432 3.71736
      vertex -3.28666 -2.13757 3.75
      vertex -1.51334 -3.06243 3.75
    endloop
  endfacet
  facet normal 0.461431 0.884755 -0.0654979
    outer loop
      vertex -3.28666 -2.13757 3.75
      vertex -1.51433 -3.06432 3.71736
      vertex -3.28765 -2.13947 3.71736
    endloop
  endfacet
  facet normal 0.453524 0.869593 -0.195252
    outer loop
      vertex -1.51728 -3.06998 3.6853
      vertex -3.28765 -2.13947 3.71736
      vertex -1.51433 -3.06432 3.71736
    endloop
  endfacet
  facet normal 0.453566 0.86966 -0.194855
    outer loop
      vertex -3.28765 -2.13947 3.71736
      vertex -1.51728 -3.06998 3.6853
      vertex -3.29059 -2.14512 3.6853
    endloop
  endfacet
  facet normal 0.437897 0.839616 -0.321389
    outer loop
      vertex -1.52214 -3.0793 3.65433
      vertex -3.29059 -2.14512 3.6853
      vertex -1.51728 -3.06998 3.6853
    endloop
  endfacet
  facet normal 0.437875 0.839579 -0.321515
    outer loop
      vertex -3.29059 -2.14512 3.6853
      vertex -1.52214 -3.0793 3.65433
      vertex -3.29546 -2.15444 3.65433
    endloop
  endfacet
  facet normal 0.414758 0.795254 -0.442206
    outer loop
      vertex -1.52883 -3.09212 3.625
      vertex -3.29546 -2.15444 3.65433
      vertex -1.52214 -3.0793 3.65433
    endloop
  endfacet
  facet normal 0.414705 0.795161 -0.442424
    outer loop
      vertex -3.29546 -2.15444 3.65433
      vertex -1.52883 -3.09212 3.625
      vertex -3.30215 -2.16727 3.625
    endloop
  endfacet
  facet normal 0.38443 0.73711 -0.555772
    outer loop
      vertex -1.53723 -3.10824 3.59781
      vertex -3.30215 -2.16727 3.625
      vertex -1.52883 -3.09212 3.625
    endloop
  endfacet
  facet normal 0.384491 0.73722 -0.555584
    outer loop
      vertex -3.30215 -2.16727 3.625
      vertex -1.53723 -3.10824 3.59781
      vertex -3.31055 -2.18338 3.59781
    endloop
  endfacet
  facet normal 0.347684 0.666646 -0.659317
    outer loop
      vertex -1.5472 -3.12735 3.57323
      vertex -3.31055 -2.18338 3.59781
      vertex -1.53723 -3.10824 3.59781
    endloop
  endfacet
  facet normal 0.347619 0.666528 -0.65947
    outer loop
      vertex -3.31055 -2.18338 3.59781
      vertex -1.5472 -3.12735 3.57323
      vertex -3.32052 -2.2025 3.57323
    endloop
  endfacet
  facet normal 0.30488 0.584582 -0.751872
    outer loop
      vertex -1.55857 -3.14915 3.55167
      vertex -3.32052 -2.2025 3.57323
      vertex -1.5472 -3.12735 3.57323
    endloop
  endfacet
  facet normal 0.30488 0.584582 -0.751872
    outer loop
      vertex -3.32052 -2.2025 3.57323
      vertex -1.55857 -3.14915 3.55167
      vertex -3.33189 -2.2243 3.55167
    endloop
  endfacet
  facet normal 0.256998 0.492772 -0.831341
    outer loop
      vertex -1.57115 -3.17326 3.53349
      vertex -3.33189 -2.2243 3.55167
      vertex -1.55857 -3.14915 3.55167
    endloop
  endfacet
  facet normal 0.25709 0.492939 -0.831213
    outer loop
      vertex -3.33189 -2.2243 3.55167
      vertex -1.57115 -3.17326 3.53349
      vertex -3.34446 -2.2484 3.53349
    endloop
  endfacet
  facet normal 0.204519 0.39214 -0.896882
    outer loop
      vertex -1.58471 -3.19926 3.51903
      vertex -3.34446 -2.2484 3.53349
      vertex -1.57115 -3.17326 3.53349
    endloop
  endfacet
  facet normal 0.204467 0.392046 -0.896935
    outer loop
      vertex -3.34446 -2.2484 3.53349
      vertex -1.58471 -3.19926 3.51903
      vertex -3.35802 -2.27441 3.51903
    endloop
  endfacet
  facet normal 0.148696 0.28511 -0.946891
    outer loop
      vertex -1.59903 -3.22673 3.50851
      vertex -3.35802 -2.27441 3.51903
      vertex -1.58471 -3.19926 3.51903
    endloop
  endfacet
  facet normal 0.148715 0.285144 -0.946877
    outer loop
      vertex -3.35802 -2.27441 3.51903
      vertex -1.59903 -3.22673 3.50851
      vertex -3.37235 -2.30187 3.50851
    endloop
  endfacet
  facet normal 0.0901275 0.17281 -0.980823
    outer loop
      vertex -1.61386 -3.25515 3.50214
      vertex -3.37235 -2.30187 3.50851
      vertex -1.59903 -3.22673 3.50851
    endloop
  endfacet
  facet normal 0.0901156 0.172788 -0.980828
    outer loop
      vertex -3.37235 -2.30187 3.50851
      vertex -1.61386 -3.25515 3.50214
      vertex -3.38717 -2.3303 3.50214
    endloop
  endfacet
  facet normal 0.0302554 0.0580118 -0.997857
    outer loop
      vertex -1.62895 -3.28409 3.5
      vertex -3.38717 -2.3303 3.50214
      vertex -1.61386 -3.25515 3.50214
    endloop
  endfacet
  facet normal 0.0302554 0.0580118 -0.997857
    outer loop
      vertex -3.38717 -2.3303 3.50214
      vertex -1.62895 -3.28409 3.5
      vertex -3.40226 -2.35924 3.5
    endloop
  endfacet
  facet normal 0 0 -1
    outer loop
      vertex -1.62895 -3.28409 3.5
      vertex -2.96637 -4.33471 3.5
      vertex -2.93353 -4.22236 3.5
    endloop
  endfacet
  facet normal 0 0 -1
    outer loop
      vertex -3.4288 -5.22137 3.5
      vertex -2.96637 -4.33471 3.5
      vertex -1.62895 -3.28409 3.5
    endloop
  endfacet
  facet normal 0 0 -1
    outer loop
      vertex -3.14238 -4.48217 3.5
      vertex -3.40861 -4.99265 3.5
      vertex -3.25874 -4.49482 3.5
    endloop
  endfacet
  facet normal 0 0 -1
    outer loop
      vertex -3.40861 -4.99265 3.5
      vertex -3.14238 -4.48217 3.5
      vertex -3.39596 -5.10902 3.5
    endloop
  endfacet
  facet normal 0 0 -1
    outer loop
      vertex -3.03971 -4.42594 3.5
      vertex -3.39596 -5.10902 3.5
      vertex -3.14238 -4.48217 3.5
    endloop
  endfacet
  facet normal 0 0 -1
    outer loop
      vertex -2.96637 -4.33471 3.5
      vertex -3.4288 -5.22137 3.5
      vertex -3.03971 -4.42594 3.5
    endloop
  endfacet
  facet normal 0 0 -1
    outer loop
      vertex -3.03971 -4.42594 3.5
      vertex -3.4288 -5.22137 3.5
      vertex -3.39596 -5.10902 3.5
    endloop
  endfacet
  facet normal 0 0 -1
    outer loop
      vertex -3.89123 -6.10803 3.5
      vertex -3.4288 -5.22137 3.5
      vertex -1.62895 -3.28409 3.5
    endloop
  endfacet
  facet normal 0 0 -1
    outer loop
      vertex -3.6048 -5.36882 3.5
      vertex -3.87104 -5.8793 3.5
      vertex -3.72117 -5.38148 3.5
    endloop
  endfacet
  facet normal 0 0 -1
    outer loop
      vertex -3.87104 -5.8793 3.5
      vertex -3.6048 -5.36882 3.5
      vertex -3.85838 -5.99567 3.5
    endloop
  endfacet
  facet normal 0 0 -1
    outer loop
      vertex -3.50214 -5.3126 3.5
      vertex -3.85838 -5.99567 3.5
      vertex -3.6048 -5.36882 3.5
    endloop
  endfacet
  facet normal 0 0 -1
    outer loop
      vertex -3.4288 -5.22137 3.5
      vertex -3.89123 -6.10803 3.5
      vertex -3.50214 -5.3126 3.5
    endloop
  endfacet
  facet normal 0 0 -1
    outer loop
      vertex -3.50214 -5.3126 3.5
      vertex -3.89123 -6.10803 3.5
      vertex -3.85838 -5.99567 3.5
    endloop
  endfacet
  facet normal -0 0 -1
    outer loop
      vertex -4.38718 -6.16196 3.5
      vertex -11.0837 -17.0876 3.5
      vertex -4.44341 -6.05929 3.5
    endloop
  endfacet
  facet normal -0 0 -1
    outer loop
      vertex -4.29595 -6.23529 3.5
      vertex -11.0837 -17.0876 3.5
      vertex -4.38718 -6.16196 3.5
    endloop
  endfacet
  facet normal 0 0 -1
    outer loop
      vertex -11.0837 -17.0876 3.5
      vertex -4.29595 -6.23529 3.5
      vertex -9.31036 -18.0124 3.5
    endloop
  endfacet
  facet normal -0 0 -1
    outer loop
      vertex -4.1836 -6.26814 3.5
      vertex -9.31036 -18.0124 3.5
      vertex -4.29595 -6.23529 3.5
    endloop
  endfacet
  facet normal 0 0 -1
    outer loop
      vertex -4.06723 -6.25548 3.5
      vertex -9.31036 -18.0124 3.5
      vertex -4.1836 -6.26814 3.5
    endloop
  endfacet
  facet normal 0 0 -1
    outer loop
      vertex -3.96456 -6.19926 3.5
      vertex -9.31036 -18.0124 3.5
      vertex -4.06723 -6.25548 3.5
    endloop
  endfacet
  facet normal 0 0 -1
    outer loop
      vertex -3.89123 -6.10803 3.5
      vertex -9.31036 -18.0124 3.5
      vertex -3.96456 -6.19926 3.5
    endloop
  endfacet
  facet normal 0 0 -1
    outer loop
      vertex -9.31036 -18.0124 3.5
      vertex -3.89123 -6.10803 3.5
      vertex -1.62895 -3.28409 3.5
    endloop
  endfacet
  facet normal 0 0 -1
    outer loop
      vertex -2.94618 -4.10599 3.5
      vertex -1.62895 -3.28409 3.5
      vertex -2.93353 -4.22236 3.5
    endloop
  endfacet
  facet normal 0 0 -1
    outer loop
      vertex -3.00241 -4.00332 3.5
      vertex -1.62895 -3.28409 3.5
      vertex -2.94618 -4.10599 3.5
    endloop
  endfacet
  facet normal 0 0 -1
    outer loop
      vertex -3.09364 -3.92999 3.5
      vertex -1.62895 -3.28409 3.5
      vertex -3.00241 -4.00332 3.5
    endloop
  endfacet
  facet normal 0 0 -1
    outer loop
      vertex -3.40226 -2.35924 3.5
      vertex -3.09364 -3.92999 3.5
      vertex -3.20599 -3.89714 3.5
    endloop
  endfacet
  facet normal 0 0 -1
    outer loop
      vertex -3.40226 -2.35924 3.5
      vertex -3.20599 -3.89714 3.5
      vertex -3.32236 -3.9098 3.5
    endloop
  endfacet
  facet normal 0 0 -1
    outer loop
      vertex -3.09364 -3.92999 3.5
      vertex -3.40226 -2.35924 3.5
      vertex -1.62895 -3.28409 3.5
    endloop
  endfacet
  facet normal 0 0 -1
    outer loop
      vertex -3.42503 -3.96602 3.5
      vertex -3.40226 -2.35924 3.5
      vertex -3.32236 -3.9098 3.5
    endloop
  endfacet
  facet normal 0 0 -1
    outer loop
      vertex -3.49837 -4.05725 3.5
      vertex -3.40226 -2.35924 3.5
      vertex -3.42503 -3.96602 3.5
    endloop
  endfacet
  facet normal 0 0 -1
    outer loop
      vertex -3.96079 -4.94391 3.5
      vertex -3.49837 -4.05725 3.5
      vertex -3.53121 -4.16961 3.5
    endloop
  endfacet
  facet normal 0 0 -1
    outer loop
      vertex -3.78479 -4.79646 3.5
      vertex -3.51855 -4.28598 3.5
      vertex -3.66842 -4.7838 3.5
    endloop
  endfacet
  facet normal -0 0 -1
    outer loop
      vertex -3.51855 -4.28598 3.5
      vertex -3.78479 -4.79646 3.5
      vertex -3.53121 -4.16961 3.5
    endloop
  endfacet
  facet normal 0 0 -1
    outer loop
      vertex -3.88746 -4.85268 3.5
      vertex -3.53121 -4.16961 3.5
      vertex -3.78479 -4.79646 3.5
    endloop
  endfacet
  facet normal 0 0 -1
    outer loop
      vertex -3.96079 -4.94391 3.5
      vertex -3.53121 -4.16961 3.5
      vertex -3.88746 -4.85268 3.5
    endloop
  endfacet
  facet normal -0 0 -1
    outer loop
      vertex -3.49837 -4.05725 3.5
      vertex -3.96079 -4.94391 3.5
      vertex -3.40226 -2.35924 3.5
    endloop
  endfacet
  facet normal 0 0 -1
    outer loop
      vertex -4.42322 -5.83057 3.5
      vertex -3.96079 -4.94391 3.5
      vertex -3.99363 -5.05626 3.5
    endloop
  endfacet
  facet normal 0 0 -1
    outer loop
      vertex -4.24722 -5.68311 3.5
      vertex -3.98098 -5.17263 3.5
      vertex -4.13085 -5.67046 3.5
    endloop
  endfacet
  facet normal -0 0 -1
    outer loop
      vertex -3.98098 -5.17263 3.5
      vertex -4.24722 -5.68311 3.5
      vertex -3.99363 -5.05626 3.5
    endloop
  endfacet
  facet normal 0 0 -1
    outer loop
      vertex -4.34988 -5.73934 3.5
      vertex -3.99363 -5.05626 3.5
      vertex -4.24722 -5.68311 3.5
    endloop
  endfacet
  facet normal 0 0 -1
    outer loop
      vertex -4.42322 -5.83057 3.5
      vertex -3.99363 -5.05626 3.5
      vertex -4.34988 -5.73934 3.5
    endloop
  endfacet
  facet normal -0 0 -1
    outer loop
      vertex -3.96079 -4.94391 3.5
      vertex -4.42322 -5.83057 3.5
      vertex -3.40226 -2.35924 3.5
    endloop
  endfacet
  facet normal -0 0 -1
    outer loop
      vertex -4.44341 -6.05929 3.5
      vertex -11.0837 -17.0876 3.5
      vertex -4.45606 -5.94292 3.5
    endloop
  endfacet
  facet normal -0 0 -1
    outer loop
      vertex -4.45606 -5.94292 3.5
      vertex -11.0837 -17.0876 3.5
      vertex -4.42322 -5.83057 3.5
    endloop
  endfacet
  facet normal -0 0 -1
    outer loop
      vertex -4.42322 -5.83057 3.5
      vertex -11.0837 -17.0876 3.5
      vertex -3.40226 -2.35924 3.5
    endloop
  endfacet
  facet normal 0 0 -1
    outer loop
      vertex -3.46483 -4.88998 3.5
      vertex -3.25874 -4.49482 3.5
      vertex -3.40861 -4.99265 3.5
    endloop
  endfacet
  facet normal -0 0 -1
    outer loop
      vertex -3.25874 -4.49482 3.5
      vertex -3.46483 -4.88998 3.5
      vertex -3.3711 -4.46198 3.5
    endloop
  endfacet
  facet normal 0 0 -1
    outer loop
      vertex -3.55607 -4.81664 3.5
      vertex -3.3711 -4.46198 3.5
      vertex -3.46483 -4.88998 3.5
    endloop
  endfacet
  facet normal -0 0 -1
    outer loop
      vertex -3.3711 -4.46198 3.5
      vertex -3.55607 -4.81664 3.5
      vertex -3.46233 -4.38864 3.5
    endloop
  endfacet
  facet normal 0 0 -1
    outer loop
      vertex -3.66842 -4.7838 3.5
      vertex -3.46233 -4.38864 3.5
      vertex -3.55607 -4.81664 3.5
    endloop
  endfacet
  facet normal -0 0 -1
    outer loop
      vertex -3.46233 -4.38864 3.5
      vertex -3.66842 -4.7838 3.5
      vertex -3.51855 -4.28598 3.5
    endloop
  endfacet
  facet normal 0 0 -1
    outer loop
      vertex -3.92726 -5.77664 3.5
      vertex -3.72117 -5.38148 3.5
      vertex -3.87104 -5.8793 3.5
    endloop
  endfacet
  facet normal -0 0 -1
    outer loop
      vertex -3.72117 -5.38148 3.5
      vertex -3.92726 -5.77664 3.5
      vertex -3.83352 -5.34864 3.5
    endloop
  endfacet
  facet normal 0 0 -1
    outer loop
      vertex -4.0185 -5.7033 3.5
      vertex -3.83352 -5.34864 3.5
      vertex -3.92726 -5.77664 3.5
    endloop
  endfacet
  facet normal -0 0 -1
    outer loop
      vertex -3.83352 -5.34864 3.5
      vertex -4.0185 -5.7033 3.5
      vertex -3.92476 -5.2753 3.5
    endloop
  endfacet
  facet normal 0 0 -1
    outer loop
      vertex -4.13085 -5.67046 3.5
      vertex -3.92476 -5.2753 3.5
      vertex -4.0185 -5.7033 3.5
    endloop
  endfacet
  facet normal -0 0 -1
    outer loop
      vertex -3.92476 -5.2753 3.5
      vertex -4.13085 -5.67046 3.5
      vertex -3.98098 -5.17263 3.5
    endloop
  endfacet
  facet normal 0.0154299 0.0295874 -0.999443
    outer loop
      vertex -9.31397 -18.0193 3.49974
      vertex -11.0837 -17.0876 3.5
      vertex -9.31036 -18.0124 3.5
    endloop
  endfacet
  facet normal 0.0154391 0.029605 -0.999442
    outer loop
      vertex -11.0837 -17.0876 3.5
      vertex -9.31397 -18.0193 3.49974
      vertex -11.0873 -17.0945 3.49974
    endloop
  endfacet
  facet normal 0.0302251 0.0579574 -0.997861
    outer loop
      vertex -9.34464 -18.0782 3.49539
      vertex -11.0873 -17.0945 3.49974
      vertex -9.31397 -18.0193 3.49974
    endloop
  endfacet
  facet normal 0.0302612 0.0580214 -0.997857
    outer loop
      vertex -11.0873 -17.0945 3.49974
      vertex -9.34464 -18.0782 3.49539
      vertex -11.118 -17.1533 3.49539
    endloop
  endfacet
  facet normal 0.06051 0.116019 -0.991402
    outer loop
      vertex -9.35212 -18.0925 3.49326
      vertex -11.118 -17.1533 3.49539
      vertex -9.34464 -18.0782 3.49539
    endloop
  endfacet
  facet normal 0.0606488 0.11628 -0.991363
    outer loop
      vertex -11.118 -17.1533 3.49539
      vertex -9.35212 -18.0925 3.49326
      vertex -11.1254 -17.1676 3.49326
    endloop
  endfacet
  facet normal 0.0902031 0.172943 -0.980793
    outer loop
      vertex -9.38021 -18.1463 3.48119
      vertex -11.1254 -17.1676 3.49326
      vertex -9.35212 -18.0925 3.49326
    endloop
  endfacet
  facet normal 0.0900619 0.172692 -0.98085
    outer loop
      vertex -11.1254 -17.1676 3.49326
      vertex -9.38021 -18.1463 3.48119
      vertex -11.1535 -17.2215 3.48119
    endloop
  endfacet
  facet normal 0.119538 0.229211 -0.966009
    outer loop
      vertex -9.38762 -18.1606 3.47688
      vertex -11.1535 -17.2215 3.48119
      vertex -9.38021 -18.1463 3.48119
    endloop
  endfacet
  facet normal 0.120198 0.230451 -0.965632
    outer loop
      vertex -11.1535 -17.2215 3.48119
      vertex -9.38762 -18.1606 3.47688
      vertex -11.1609 -17.2357 3.47688
    endloop
  endfacet
  facet normal 0.148779 0.28525 -0.946835
    outer loop
      vertex -9.41482 -18.2127 3.45691
      vertex -11.1609 -17.2357 3.47688
      vertex -9.38762 -18.1606 3.47688
    endloop
  endfacet
  facet normal 0.148566 0.284871 -0.946983
    outer loop
      vertex -11.1609 -17.2357 3.47688
      vertex -9.41482 -18.2127 3.45691
      vertex -11.1881 -17.2879 3.45691
    endloop
  endfacet
  facet normal 0.176758 0.338929 -0.924058
    outer loop
      vertex -9.42173 -18.226 3.45071
      vertex -11.1881 -17.2879 3.45691
      vertex -9.41482 -18.2127 3.45691
    endloop
  endfacet
  facet normal 0.177718 0.340731 -0.923211
    outer loop
      vertex -11.1881 -17.2879 3.45691
      vertex -9.42173 -18.226 3.45071
      vertex -11.195 -17.3011 3.45071
    endloop
  endfacet
  facet normal 0.204514 0.392106 -0.896899
    outer loop
      vertex -9.44746 -18.2753 3.42329
      vertex -11.195 -17.3011 3.45071
      vertex -9.42173 -18.226 3.45071
    endloop
  endfacet
  facet normal 0.204412 0.391926 -0.897001
    outer loop
      vertex -11.195 -17.3011 3.45071
      vertex -9.44746 -18.2753 3.42329
      vertex -11.2208 -17.3504 3.42329
    endloop
  endfacet
  facet normal 0.230673 0.442277 -0.866707
    outer loop
      vertex -9.45407 -18.288 3.41505
      vertex -11.2208 -17.3504 3.42329
      vertex -9.44746 -18.2753 3.42329
    endloop
  endfacet
  facet normal 0.23073 0.442384 -0.866637
    outer loop
      vertex -11.2208 -17.3504 3.42329
      vertex -9.45407 -18.288 3.41505
      vertex -11.2274 -17.3631 3.41505
    endloop
  endfacet
  facet normal 0.256993 0.492738 -0.831363
    outer loop
      vertex -9.47796 -18.3338 3.38052
      vertex -11.2274 -17.3631 3.41505
      vertex -9.45407 -18.288 3.41505
    endloop
  endfacet
  facet normal 0.256976 0.492708 -0.831386
    outer loop
      vertex -11.2274 -17.3631 3.41505
      vertex -9.47796 -18.3338 3.38052
      vertex -11.2513 -17.4089 3.38052
    endloop
  endfacet
  facet normal 0.281268 0.539284 -0.793764
    outer loop
      vertex -9.4839 -18.3452 3.37067
      vertex -11.2513 -17.4089 3.38052
      vertex -9.47796 -18.3338 3.38052
    endloop
  endfacet
  facet normal 0.281528 0.539771 -0.793341
    outer loop
      vertex -11.2513 -17.4089 3.38052
      vertex -9.4839 -18.3452 3.37067
      vertex -11.2572 -17.4203 3.37067
    endloop
  endfacet
  facet normal 0.305092 0.584949 -0.751501
    outer loop
      vertex -9.50557 -18.3867 3.32957
      vertex -11.2572 -17.4203 3.37067
      vertex -9.4839 -18.3452 3.37067
    endloop
  endfacet
  facet normal 0.304685 0.584241 -0.752216
    outer loop
      vertex -11.2572 -17.4203 3.37067
      vertex -9.50557 -18.3867 3.32957
      vertex -11.2789 -17.4619 3.32957
    endloop
  endfacet
  facet normal 0.326571 0.626209 -0.707964
    outer loop
      vertex -9.51083 -18.3968 3.31821
      vertex -11.2789 -17.4619 3.32957
      vertex -9.50557 -18.3867 3.32957
    endloop
  endfacet
  facet normal 0.328285 0.629407 -0.704327
    outer loop
      vertex -11.2789 -17.4619 3.32957
      vertex -9.51083 -18.3968 3.31821
      vertex -11.2841 -17.4719 3.31821
    endloop
  endfacet
  facet normal 0.347819 0.666858 -0.659031
    outer loop
      vertex -9.52983 -18.4332 3.27135
      vertex -11.2841 -17.4719 3.31821
      vertex -9.51083 -18.3968 3.31821
    endloop
  endfacet
  facet normal 0.347463 0.666248 -0.659835
    outer loop
      vertex -11.2841 -17.4719 3.31821
      vertex -9.52983 -18.4332 3.27135
      vertex -11.3031 -17.5084 3.27135
    endloop
  endfacet
  facet normal 0.366154 0.702087 -0.610741
    outer loop
      vertex -9.53439 -18.442 3.2585
      vertex -11.3031 -17.5084 3.27135
      vertex -9.52983 -18.4332 3.27135
    endloop
  endfacet
  facet normal 0.367146 0.703929 -0.60802
    outer loop
      vertex -11.3031 -17.5084 3.27135
      vertex -9.53439 -18.442 3.2585
      vertex -11.3077 -17.5171 3.2585
    endloop
  endfacet
  facet normal 0.384538 0.737274 -0.55548
    outer loop
      vertex -9.55036 -18.4726 3.20683
      vertex -11.3077 -17.5171 3.2585
      vertex -9.53439 -18.442 3.2585
    endloop
  endfacet
  facet normal 0.384485 0.737185 -0.555634
    outer loop
      vertex -11.3077 -17.5171 3.2585
      vertex -9.55036 -18.4726 3.20683
      vertex -11.3237 -17.5477 3.20683
    endloop
  endfacet
  facet normal 0.400677 0.768232 -0.499277
    outer loop
      vertex -9.55417 -18.4799 3.19254
      vertex -11.3237 -17.5477 3.20683
      vertex -9.55036 -18.4726 3.20683
    endloop
  endfacet
  facet normal 0.400735 0.768338 -0.499067
    outer loop
      vertex -11.3237 -17.5477 3.20683
      vertex -9.55417 -18.4799 3.19254
      vertex -11.3275 -17.555 3.19254
    endloop
  endfacet
  facet normal 0.414838 0.795378 -0.441909
    outer loop
      vertex -9.56685 -18.5042 3.1369
      vertex -11.3275 -17.555 3.19254
      vertex -9.55417 -18.4799 3.19254
    endloop
  endfacet
  facet normal 0.41451 0.794843 -0.443178
    outer loop
      vertex -11.3275 -17.555 3.19254
      vertex -9.56685 -18.5042 3.1369
      vertex -11.3402 -17.5794 3.1369
    endloop
  endfacet
  facet normal 0.427091 0.818969 -0.383254
    outer loop
      vertex -9.56971 -18.5097 3.12196
      vertex -11.3402 -17.5794 3.1369
      vertex -9.56685 -18.5042 3.1369
    endloop
  endfacet
  facet normal 0.428311 0.821191 -0.377088
    outer loop
      vertex -11.3402 -17.5794 3.1369
      vertex -9.56971 -18.5097 3.12196
      vertex -11.343 -17.5848 3.12196
    endloop
  endfacet
  facet normal 0.437908 0.839591 -0.321439
    outer loop
      vertex -9.57895 -18.5274 3.06314
      vertex -11.343 -17.5848 3.12196
      vertex -9.56971 -18.5097 3.12196
    endloop
  endfacet
  facet normal 0.437595 0.83911 -0.323118
    outer loop
      vertex -11.343 -17.5848 3.12196
      vertex -9.57895 -18.5274 3.06314
      vertex -11.3523 -17.6026 3.06314
    endloop
  endfacet
  facet normal 0.446701 0.856571 -0.258348
    outer loop
      vertex -9.58094 -18.5312 3.0471
      vertex -11.3523 -17.6026 3.06314
      vertex -9.57895 -18.5274 3.06314
    endloop
  endfacet
  facet normal 0.446667 0.856511 -0.258608
    outer loop
      vertex -11.3523 -17.6026 3.06314
      vertex -9.58094 -18.5312 3.0471
      vertex -11.3543 -17.6064 3.0471
    endloop
  endfacet
  facet normal 0.453532 0.869675 -0.194867
    outer loop
      vertex -9.58652 -18.5419 2.98636
      vertex -11.3543 -17.6064 3.0471
      vertex -9.58094 -18.5312 3.0471
    endloop
  endfacet
  facet normal 0.453601 0.869768 -0.194292
    outer loop
      vertex -11.3543 -17.6064 3.0471
      vertex -9.58652 -18.5419 2.98636
      vertex -11.3598 -17.6171 2.98636
    endloop
  endfacet
  facet normal 0.458402 0.878974 -0.131427
    outer loop
      vertex -9.58751 -18.5438 2.9702
      vertex -11.3598 -17.6171 2.98636
      vertex -9.58652 -18.5419 2.98636
    endloop
  endfacet
  facet normal 0.458383 0.878942 -0.131706
    outer loop
      vertex -11.3598 -17.6171 2.98636
      vertex -9.58751 -18.5438 2.9702
      vertex -11.3608 -17.619 2.9702
    endloop
  endfacet
  facet normal 0.461403 0.884732 -0.0660014
    outer loop
      vertex -9.58952 -18.5477 2.90387
      vertex -11.3608 -17.619 2.9702
      vertex -9.58751 -18.5438 2.9702
    endloop
  endfacet
  facet normal 0.461486 0.884792 -0.064604
    outer loop
      vertex -11.3608 -17.619 2.9702
      vertex -9.58952 -18.5477 2.90387
      vertex -11.3628 -17.6228 2.90387
    endloop
  endfacet
  facet normal 0.462247 0.886251 -0.0297977
    outer loop
      vertex -9.58964 -18.5479 2.89606
      vertex -11.3628 -17.6228 2.90387
      vertex -9.58952 -18.5477 2.90387
    endloop
  endfacet
  facet normal 0.46191 0.885741 -0.045852
    outer loop
      vertex -11.3628 -17.6228 2.90387
      vertex -9.58964 -18.5479 2.89606
      vertex -11.363 -17.6231 2.89606
    endloop
  endfacet
  facet normal 0.462396 0.886673 -0
    outer loop
      vertex -9.58964 -18.5479 2.64999
      vertex -11.363 -17.6231 2.89606
      vertex -9.58964 -18.5479 2.89606
    endloop
  endfacet
  facet normal 0.462396 0.886673 0
    outer loop
      vertex -11.363 -17.6231 2.89606
      vertex -9.58964 -18.5479 2.64999
      vertex -11.363 -17.6231 2.64999
    endloop
  endfacet
  facet normal 0.461403 0.884768 -0.0655179
    outer loop
      vertex -9.59063 -18.5498 2.61736
      vertex -11.363 -17.6231 2.64999
      vertex -9.58964 -18.5479 2.64999
    endloop
  endfacet
  facet normal 0.461577 0.884962 -0.0615492
    outer loop
      vertex -11.363 -17.6231 2.64999
      vertex -9.59063 -18.5498 2.61736
      vertex -11.3639 -17.6249 2.61736
    endloop
  endfacet
  facet normal 0.453457 0.869393 -0.196296
    outer loop
      vertex -9.59358 -18.5555 2.5853
      vertex -11.3639 -17.6249 2.61736
      vertex -9.59063 -18.5498 2.61736
    endloop
  endfacet
  facet normal 0.453384 0.869278 -0.196975
    outer loop
      vertex -11.3639 -17.6249 2.61736
      vertex -9.59358 -18.5555 2.5853
      vertex -11.3669 -17.6306 2.5853
    endloop
  endfacet
  facet normal 0.438001 0.839784 -0.320809
    outer loop
      vertex -9.59844 -18.5648 2.55432
      vertex -11.3669 -17.6306 2.5853
      vertex -9.59358 -18.5555 2.5853
    endloop
  endfacet
  facet normal 0.437914 0.839635 -0.321316
    outer loop
      vertex -11.3669 -17.6306 2.5853
      vertex -9.59844 -18.5648 2.55432
      vertex -11.3718 -17.6399 2.55432
    endloop
  endfacet
  facet normal 0.414864 0.795442 -0.441769
    outer loop
      vertex -9.60513 -18.5776 2.52499
      vertex -11.3718 -17.6399 2.55432
      vertex -9.59844 -18.5648 2.55432
    endloop
  endfacet
  facet normal 0.415114 0.79588 -0.440744
    outer loop
      vertex -11.3718 -17.6399 2.55432
      vertex -9.60513 -18.5776 2.52499
      vertex -11.3784 -17.6527 2.52499
    endloop
  endfacet
  facet normal 0.326081 0.766291 -0.553597
    outer loop
      vertex -9.61353 -18.5937 2.4978
      vertex -9.614 -18.5935 2.4978
      vertex -9.61285 -18.5924 2.5
    endloop
  endfacet
  facet normal 0.384324 0.736847 -0.556194
    outer loop
      vertex -9.60976 -18.5865 2.51
      vertex -11.3784 -17.6527 2.52499
      vertex -9.60513 -18.5776 2.52499
    endloop
  endfacet
  facet normal 0.383928 0.736117 -0.557432
    outer loop
      vertex -11.3784 -17.6527 2.52499
      vertex -9.60976 -18.5865 2.51
      vertex -11.3831 -17.6616 2.51
    endloop
  endfacet
  facet normal 0.374879 0.749758 -0.545279
    outer loop
      vertex -11.3864 -17.6691 2.4978
      vertex -11.3868 -17.6689 2.4978
      vertex -11.3862 -17.6676 2.5
    endloop
  endfacet
  facet normal 0.294846 0.692888 -0.658006
    outer loop
      vertex -9.6235 -18.6128 2.47322
      vertex -9.614 -18.5935 2.4978
      vertex -9.61353 -18.5937 2.4978
    endloop
  endfacet
  facet normal 0.347176 0.667736 -0.658481
    outer loop
      vertex -9.614 -18.5935 2.4978
      vertex -9.6235 -18.6128 2.47322
      vertex -9.62927 -18.6098 2.47322
    endloop
  endfacet
  facet normal 0.335327 0.670653 -0.661649
    outer loop
      vertex -11.3911 -17.691 2.47322
      vertex -11.3868 -17.6689 2.4978
      vertex -11.3864 -17.6691 2.4978
    endloop
  endfacet
  facet normal 0.350143 0.665272 -0.659403
    outer loop
      vertex -11.3868 -17.6689 2.4978
      vertex -11.3911 -17.691 2.47322
      vertex -11.3968 -17.688 2.47322
    endloop
  endfacet
  facet normal 0.304142 0.584967 -0.751872
    outer loop
      vertex -9.63487 -18.6346 2.45166
      vertex -9.62927 -18.6098 2.47322
      vertex -9.6235 -18.6128 2.47322
    endloop
  endfacet
  facet normal 0.303547 0.585171 -0.751953
    outer loop
      vertex -9.62927 -18.6098 2.47322
      vertex -9.63487 -18.6346 2.45166
      vertex -9.64528 -18.6292 2.45166
    endloop
  endfacet
  facet normal 0.303974 0.585431 -0.751579
    outer loop
      vertex -11.4082 -17.7098 2.45166
      vertex -11.3911 -17.691 2.47322
      vertex -11.3978 -17.7152 2.45166
    endloop
  endfacet
  facet normal 0.306973 0.583249 -0.752056
    outer loop
      vertex -11.3911 -17.691 2.47322
      vertex -11.4082 -17.7098 2.45166
      vertex -11.3968 -17.688 2.47322
    endloop
  endfacet
  facet normal 0.255901 0.493321 -0.831354
    outer loop
      vertex -9.64744 -18.6587 2.43349
      vertex -9.64528 -18.6292 2.45166
      vertex -9.63487 -18.6346 2.45166
    endloop
  endfacet
  facet normal 0.255016 0.493491 -0.831525
    outer loop
      vertex -9.64528 -18.6292 2.45166
      vertex -9.64744 -18.6587 2.43349
      vertex -9.66176 -18.6513 2.43349
    endloop
  endfacet
  facet normal 0.25653 0.492537 -0.831625
    outer loop
      vertex -11.4208 -17.7339 2.43349
      vertex -11.3978 -17.7152 2.45166
      vertex -11.4064 -17.7414 2.43349
    endloop
  endfacet
  facet normal 0.256005 0.493046 -0.831485
    outer loop
      vertex -11.3978 -17.7152 2.45166
      vertex -11.4208 -17.7339 2.43349
      vertex -11.4082 -17.7098 2.45166
    endloop
  endfacet
  facet normal 0.203153 0.393129 -0.89676
    outer loop
      vertex -9.661 -18.6847 2.41902
      vertex -9.66176 -18.6513 2.43349
      vertex -9.64744 -18.6587 2.43349
    endloop
  endfacet
  facet normal 0.205067 0.393007 -0.896378
    outer loop
      vertex -9.66176 -18.6513 2.43349
      vertex -9.661 -18.6847 2.41902
      vertex -9.67844 -18.6756 2.41902
    endloop
  endfacet
  facet normal 0.205079 0.392129 -0.896759
    outer loop
      vertex -11.4343 -17.7599 2.41902
      vertex -11.4064 -17.7414 2.43349
      vertex -11.4169 -17.769 2.41902
    endloop
  endfacet
  facet normal 0.204568 0.392771 -0.896595
    outer loop
      vertex -11.4064 -17.7414 2.43349
      vertex -11.4343 -17.7599 2.41902
      vertex -11.4208 -17.7339 2.43349
    endloop
  endfacet
  facet normal 0.148491 0.28458 -0.947082
    outer loop
      vertex -9.67533 -18.7122 2.40851
      vertex -9.67844 -18.6756 2.41902
      vertex -9.661 -18.6847 2.41902
    endloop
  endfacet
  facet normal 0.148874 0.284594 -0.947018
    outer loop
      vertex -9.67844 -18.6756 2.41902
      vertex -9.67533 -18.7122 2.40851
      vertex -9.69502 -18.7019 2.40851
    endloop
  endfacet
  facet normal 0.147994 0.285831 -0.946783
    outer loop
      vertex -11.4486 -17.7874 2.40851
      vertex -11.4169 -17.769 2.41902
      vertex -11.4289 -17.7976 2.40851
    endloop
  endfacet
  facet normal 0.148819 0.284555 -0.947038
    outer loop
      vertex -11.4169 -17.769 2.41902
      vertex -11.4486 -17.7874 2.40851
      vertex -11.4343 -17.7599 2.41902
    endloop
  endfacet
  facet normal 0.0905373 0.173076 -0.980738
    outer loop
      vertex -9.69015 -18.7406 2.40213
      vertex -9.69502 -18.7019 2.40851
      vertex -9.67533 -18.7122 2.40851
    endloop
  endfacet
  facet normal 0.0903468 0.173055 -0.98076
    outer loop
      vertex -9.69502 -18.7019 2.40851
      vertex -9.69015 -18.7406 2.40213
      vertex -9.71122 -18.7296 2.40213
    endloop
  endfacet
  facet normal 0.0900268 0.172688 -0.980854
    outer loop
      vertex -11.4635 -17.8158 2.40213
      vertex -11.4289 -17.7976 2.40851
      vertex -11.4424 -17.8268 2.40213
    endloop
  endfacet
  facet normal 0.0897103 0.173264 -0.980781
    outer loop
      vertex -11.4289 -17.7976 2.40851
      vertex -11.4635 -17.8158 2.40213
      vertex -11.4486 -17.7874 2.40851
    endloop
  endfacet
  facet normal 0.0302263 0.057897 -0.997865
    outer loop
      vertex -9.70525 -18.7696 2.39999
      vertex -9.71122 -18.7296 2.40213
      vertex -9.69015 -18.7406 2.40213
    endloop
  endfacet
  facet normal 0.0304007 0.0579227 -0.997858
    outer loop
      vertex -9.71122 -18.7296 2.40213
      vertex -9.70525 -18.7696 2.39999
      vertex -9.72678 -18.7583 2.39999
    endloop
  endfacet
  facet normal 0.0301944 0.0582321 -0.997846
    outer loop
      vertex -11.4786 -17.8447 2.39999
      vertex -11.4424 -17.8268 2.40213
      vertex -11.457 -17.8559 2.39999
    endloop
  endfacet
  facet normal 0.0302742 0.0580715 -0.997853
    outer loop
      vertex -11.4424 -17.8268 2.40213
      vertex -11.4786 -17.8447 2.39999
      vertex -11.4635 -17.8158 2.40213
    endloop
  endfacet
  facet normal 0 0 -1
    outer loop
      vertex -10.1214 -19.5676 2.39999
      vertex -9.72678 -18.7583 2.39999
      vertex -9.70525 -18.7696 2.39999
    endloop
  endfacet
  facet normal 0 0 -1
    outer loop
      vertex -9.72678 -18.7583 2.39999
      vertex -10.1214 -19.5676 2.39999
      vertex -10.143 -19.5563 2.39999
    endloop
  endfacet
  facet normal 0 0 -1
    outer loop
      vertex -11.8732 -18.6539 2.39999
      vertex -11.4786 -17.8447 2.39999
      vertex -11.457 -17.8559 2.39999
    endloop
  endfacet
  facet normal 0 0 -1
    outer loop
      vertex -11.4786 -17.8447 2.39999
      vertex -11.8732 -18.6539 2.39999
      vertex -11.8947 -18.6427 2.39999
    endloop
  endfacet
  facet normal -0.0302742 -0.0580715 -0.997853
    outer loop
      vertex -10.1576 -19.5855 2.40213
      vertex -10.1214 -19.5676 2.39999
      vertex -10.1365 -19.5965 2.40213
    endloop
  endfacet
  facet normal -0.0303257 -0.0579678 -0.997858
    outer loop
      vertex -10.1214 -19.5676 2.39999
      vertex -10.1576 -19.5855 2.40213
      vertex -10.143 -19.5563 2.39999
    endloop
  endfacet
  facet normal -0.0302066 -0.057986 -0.99786
    outer loop
      vertex -11.8888 -18.6826 2.40213
      vertex -11.8947 -18.6427 2.39999
      vertex -11.8732 -18.6539 2.39999
    endloop
  endfacet
  facet normal -0.0300885 -0.0579688 -0.997865
    outer loop
      vertex -11.8947 -18.6427 2.39999
      vertex -11.8888 -18.6826 2.40213
      vertex -11.9098 -18.6717 2.40213
    endloop
  endfacet
  facet normal 0 0 1
    outer loop
      vertex -11.363 -17.6231 2.51
      vertex -9.60976 -18.5865 2.51
      vertex -9.58964 -18.5479 2.51
    endloop
  endfacet
  facet normal 0 0 1
    outer loop
      vertex -9.60976 -18.5865 2.51
      vertex -11.363 -17.6231 2.51
      vertex -11.3831 -17.6616 2.51
    endloop
  endfacet
  facet normal 0 0 1
    outer loop
      vertex -11.9902 -18.8258 2.51
      vertex -10.237 -19.7892 2.51
      vertex -10.2169 -19.7507 2.51
    endloop
  endfacet
  facet normal 0 0 1
    outer loop
      vertex -10.237 -19.7892 2.51
      vertex -11.9902 -18.8258 2.51
      vertex -12.0104 -18.8644 2.51
    endloop
  endfacet
  facet normal -0.737333 0.384556 -0.55539
    outer loop
      vertex -10.828 -17.9021 0.195619
      vertex -11.5076 -19.1266 0.25
      vertex -10.8602 -17.8853 0.25
    endloop
  endfacet
  facet normal -0.737333 0.384556 -0.55539
    outer loop
      vertex -11.5076 -19.1266 0.25
      vertex -10.828 -17.9021 0.195619
      vertex -11.4754 -19.1434 0.195619
    endloop
  endfacet
  facet normal -0.863291 0.450075 -0.228388
    outer loop
      vertex -11.363 -17.6231 2.5
      vertex -11.3864 -17.6691 2.4978
      vertex -11.3862 -17.6676 2.5
    endloop
  endfacet
  facet normal -0.861569 0.449554 -0.235795
    outer loop
      vertex -11.363 -17.6231 2.5
      vertex -11.3911 -17.691 2.47322
      vertex -11.3864 -17.6691 2.4978
    endloop
  endfacet
  facet normal -0.860889 0.449951 -0.237517
    outer loop
      vertex -11.363 -17.6231 2.5
      vertex -11.3978 -17.7152 2.45166
      vertex -11.3911 -17.691 2.47322
    endloop
  endfacet
  facet normal -0.854423 0.454753 -0.25132
    outer loop
      vertex -11.363 -17.6231 2.5
      vertex -11.4064 -17.7414 2.43349
      vertex -11.3978 -17.7152 2.45166
    endloop
  endfacet
  facet normal -0.861879 0.448863 -0.235978
    outer loop
      vertex -10.9045 -17.8622 0.37059
      vertex -11.4064 -17.7414 2.43349
      vertex -11.363 -17.6231 2.5
    endloop
  endfacet
  facet normal -0.860749 0.451101 -0.235835
    outer loop
      vertex -10.9045 -17.8622 0.37059
      vertex -11.4169 -17.769 2.41902
      vertex -11.4064 -17.7414 2.43349
    endloop
  endfacet
  facet normal -0.862075 0.448452 -0.236046
    outer loop
      vertex -10.9045 -17.8622 0.37059
      vertex -11.4289 -17.7976 2.40851
      vertex -11.4169 -17.769 2.41902
    endloop
  endfacet
  facet normal -0.861408 0.4498 -0.235917
    outer loop
      vertex -10.9045 -17.8622 0.37059
      vertex -11.4424 -17.8268 2.40213
      vertex -11.4289 -17.7976 2.40851
    endloop
  endfacet
  facet normal -0.861512 0.449587 -0.235941
    outer loop
      vertex -10.9045 -17.8622 0.37059
      vertex -11.457 -17.8559 2.39999
      vertex -11.4424 -17.8268 2.40213
    endloop
  endfacet
  facet normal -0.861614 0.449378 -0.235968
    outer loop
      vertex -10.9045 -17.8622 0.37059
      vertex -11.8732 -18.6539 2.39999
      vertex -11.457 -17.8559 2.39999
    endloop
  endfacet
  facet normal -0.861615 0.449375 -0.235969
    outer loop
      vertex -11.5519 -19.1035 0.37059
      vertex -11.8732 -18.6539 2.39999
      vertex -10.9045 -17.8622 0.37059
    endloop
  endfacet
  facet normal -0.861035 0.450414 -0.236107
    outer loop
      vertex -11.8732 -18.6539 2.39999
      vertex -11.5519 -19.1035 0.37059
      vertex -11.8888 -18.6826 2.40213
    endloop
  endfacet
  facet normal -0.862202 0.448304 -0.235864
    outer loop
      vertex -11.8888 -18.6826 2.40213
      vertex -11.5519 -19.1035 0.37059
      vertex -11.905 -18.7104 2.40851
    endloop
  endfacet
  facet normal -0.860872 0.450727 -0.236101
    outer loop
      vertex -11.905 -18.7104 2.40851
      vertex -11.5519 -19.1035 0.37059
      vertex -11.9216 -18.7366 2.41902
    endloop
  endfacet
  facet normal -0.862814 0.447153 -0.235811
    outer loop
      vertex -11.9216 -18.7366 2.41902
      vertex -11.5519 -19.1035 0.37059
      vertex -11.9382 -18.761 2.43349
    endloop
  endfacet
  facet normal -0.861435 0.449716 -0.235978
    outer loop
      vertex -12.0104 -18.8644 2.5
      vertex -11.9382 -18.761 2.43349
      vertex -11.5519 -19.1035 0.37059
    endloop
  endfacet
  facet normal -0.86128 0.451714 -0.232704
    outer loop
      vertex -11.9382 -18.761 2.43349
      vertex -12.0104 -18.8644 2.5
      vertex -11.9547 -18.7831 2.45166
    endloop
  endfacet
  facet normal -0.86128 0.451707 -0.232716
    outer loop
      vertex -11.9547 -18.7831 2.45166
      vertex -12.0104 -18.8644 2.5
      vertex -11.9707 -18.8025 2.47322
    endloop
  endfacet
  facet normal -0.861092 0.449274 -0.238061
    outer loop
      vertex -11.9707 -18.8025 2.47322
      vertex -12.0104 -18.8644 2.5
      vertex -11.986 -18.8188 2.4978
    endloop
  endfacet
  facet normal -0.866819 0.453863 -0.206478
    outer loop
      vertex -11.986 -18.8188 2.4978
      vertex -12.0104 -18.8644 2.5
      vertex -11.9871 -18.8199 2.5
    endloop
  endfacet
  facet normal 0.737333 -0.384556 -0.55539
    outer loop
      vertex -10.0924 -18.2857 0.25
      vertex -10.772 -19.5102 0.195619
      vertex -10.1246 -18.2689 0.195619
    endloop
  endfacet
  facet normal 0.737333 -0.384556 -0.55539
    outer loop
      vertex -10.772 -19.5102 0.195619
      vertex -10.0924 -18.2857 0.25
      vertex -10.7398 -19.527 0.25
    endloop
  endfacet
  facet normal -0.839788 0.437991 -0.320813
    outer loop
      vertex -10.8859 -17.8719 0.308658
      vertex -11.5519 -19.1035 0.37059
      vertex -10.9045 -17.8622 0.37059
    endloop
  endfacet
  facet normal -0.839788 0.437991 -0.320813
    outer loop
      vertex -11.5519 -19.1035 0.37059
      vertex -10.8859 -17.8719 0.308658
      vertex -11.5333 -19.1132 0.308658
    endloop
  endfacet
  facet normal 0.863659 -0.450461 -0.226227
    outer loop
      vertex -9.614 -18.5935 2.4978
      vertex -9.58964 -18.5479 2.5
      vertex -9.61285 -18.5924 2.5
    endloop
  endfacet
  facet normal 0.86149 -0.448754 -0.237602
    outer loop
      vertex -9.62927 -18.6098 2.47322
      vertex -9.58964 -18.5479 2.5
      vertex -9.614 -18.5935 2.4978
    endloop
  endfacet
  facet normal 0.861589 -0.449991 -0.234889
    outer loop
      vertex -9.64528 -18.6292 2.45166
      vertex -9.58964 -18.5479 2.5
      vertex -9.62927 -18.6098 2.47322
    endloop
  endfacet
  facet normal 0.861508 -0.451574 -0.232133
    outer loop
      vertex -9.66176 -18.6513 2.43349
      vertex -9.58964 -18.5479 2.5
      vertex -9.64528 -18.6292 2.45166
    endloop
  endfacet
  facet normal 0.861689 -0.449237 -0.235963
    outer loop
      vertex -9.58964 -18.5479 2.5
      vertex -9.66176 -18.6513 2.43349
      vertex -10.0481 -18.3088 0.37059
    endloop
  endfacet
  facet normal 0.861025 -0.450467 -0.236043
    outer loop
      vertex -9.67844 -18.6756 2.41902
      vertex -10.0481 -18.3088 0.37059
      vertex -9.66176 -18.6513 2.43349
    endloop
  endfacet
  facet normal 0.861811 -0.449021 -0.235926
    outer loop
      vertex -9.69502 -18.7019 2.40851
      vertex -10.0481 -18.3088 0.37059
      vertex -9.67844 -18.6756 2.41902
    endloop
  endfacet
  facet normal 0.861542 -0.449512 -0.235974
    outer loop
      vertex -9.71122 -18.7296 2.40213
      vertex -10.0481 -18.3088 0.37059
      vertex -9.69502 -18.7019 2.40851
    endloop
  endfacet
  facet normal 0.861548 -0.449502 -0.235973
    outer loop
      vertex -9.72678 -18.7583 2.39999
      vertex -10.0481 -18.3088 0.37059
      vertex -9.71122 -18.7296 2.40213
    endloop
  endfacet
  facet normal 0.861618 -0.449377 -0.235956
    outer loop
      vertex -9.72678 -18.7583 2.39999
      vertex -10.6955 -19.5501 0.37059
      vertex -10.0481 -18.3088 0.37059
    endloop
  endfacet
  facet normal 0.86161 -0.449398 -0.235945
    outer loop
      vertex -10.143 -19.5563 2.39999
      vertex -10.6955 -19.5501 0.37059
      vertex -9.72678 -18.7583 2.39999
    endloop
  endfacet
  facet normal 0.862114 -0.448359 -0.236079
    outer loop
      vertex -10.1576 -19.5855 2.40213
      vertex -10.6955 -19.5501 0.37059
      vertex -10.143 -19.5563 2.39999
    endloop
  endfacet
  facet normal 0.862564 -0.447438 -0.236182
    outer loop
      vertex -10.171 -19.6147 2.40851
      vertex -10.6955 -19.5501 0.37059
      vertex -10.1576 -19.5855 2.40213
    endloop
  endfacet
  facet normal 0.86086 -0.450881 -0.235852
    outer loop
      vertex -10.1831 -19.6433 2.41902
      vertex -10.6955 -19.5501 0.37059
      vertex -10.171 -19.6147 2.40851
    endloop
  endfacet
  facet normal 0.860749 -0.451101 -0.235835
    outer loop
      vertex -10.1936 -19.6709 2.43349
      vertex -10.6955 -19.5501 0.37059
      vertex -10.1831 -19.6433 2.41902
    endloop
  endfacet
  facet normal 0.854423 -0.454753 -0.25132
    outer loop
      vertex -10.237 -19.7892 2.5
      vertex -10.1936 -19.6709 2.43349
      vertex -10.2022 -19.6971 2.45166
    endloop
  endfacet
  facet normal 0.860889 -0.449951 -0.237517
    outer loop
      vertex -10.237 -19.7892 2.5
      vertex -10.2022 -19.6971 2.45166
      vertex -10.2089 -19.7213 2.47322
    endloop
  endfacet
  facet normal 0.861569 -0.449554 -0.235795
    outer loop
      vertex -10.237 -19.7892 2.5
      vertex -10.2089 -19.7213 2.47322
      vertex -10.2136 -19.7432 2.4978
    endloop
  endfacet
  facet normal 0.863291 -0.450075 -0.228388
    outer loop
      vertex -10.237 -19.7892 2.5
      vertex -10.2136 -19.7432 2.4978
      vertex -10.2138 -19.7447 2.5
    endloop
  endfacet
  facet normal 0.861879 -0.448863 -0.235978
    outer loop
      vertex -10.1936 -19.6709 2.43349
      vertex -10.237 -19.7892 2.5
      vertex -10.6955 -19.5501 0.37059
    endloop
  endfacet
  facet normal 0.79491 -0.414586 -0.442986
    outer loop
      vertex -10.0667 -18.2991 0.308658
      vertex -10.7398 -19.527 0.25
      vertex -10.0924 -18.2857 0.25
    endloop
  endfacet
  facet normal 0.79491 -0.414586 -0.442986
    outer loop
      vertex -10.7398 -19.527 0.25
      vertex -10.0667 -18.2991 0.308658
      vertex -10.7141 -19.5404 0.308658
    endloop
  endfacet
  facet normal -0.79491 0.414586 -0.442986
    outer loop
      vertex -10.8602 -17.8853 0.25
      vertex -11.5333 -19.1132 0.308658
      vertex -10.8859 -17.8719 0.308658
    endloop
  endfacet
  facet normal -0.79491 0.414586 -0.442986
    outer loop
      vertex -11.5333 -19.1132 0.308658
      vertex -10.8602 -17.8853 0.25
      vertex -11.5076 -19.1266 0.25
    endloop
  endfacet
  facet normal 0.839788 -0.437991 -0.320813
    outer loop
      vertex -10.0481 -18.3088 0.37059
      vertex -10.7141 -19.5404 0.308658
      vertex -10.0667 -18.2991 0.308658
    endloop
  endfacet
  facet normal 0.839788 -0.437991 -0.320813
    outer loop
      vertex -10.7141 -19.5404 0.308658
      vertex -10.0481 -18.3088 0.37059
      vertex -10.6955 -19.5501 0.37059
    endloop
  endfacet
  facet normal 0.284578 -0.148422 -0.947094
    outer loop
      vertex -10.954 -19.4153 0.0380602
      vertex -10.3616 -18.1453 0.0170364
      vertex -10.3066 -18.174 0.0380602
    endloop
  endfacet
  facet normal 0.284773 -0.148512 -0.947021
    outer loop
      vertex -10.3616 -18.1453 0.0170364
      vertex -10.954 -19.4153 0.0380602
      vertex -11.009 -19.3867 0.0170364
    endloop
  endfacet
  facet normal -0.462388 -0.886678 0
    outer loop
      vertex -12.0104 -18.8644 2.5
      vertex -10.237 -19.7892 2.51
      vertex -12.0104 -18.8644 2.51
    endloop
  endfacet
  facet normal -0.462388 -0.886678 0
    outer loop
      vertex -12.0104 -18.8644 2.5
      vertex -10.237 -19.7892 2.5
      vertex -10.237 -19.7892 2.51
    endloop
  endfacet
  facet normal -0.462388 -0.886678 -2.01929e-07
    outer loop
      vertex -11.5519 -19.1035 0.37059
      vertex -10.237 -19.7892 2.5
      vertex -12.0104 -18.8644 2.5
    endloop
  endfacet
  facet normal -0.462389 -0.886677 4.18146e-07
    outer loop
      vertex -11.5519 -19.1035 0.37059
      vertex -10.6955 -19.5501 0.37059
      vertex -10.237 -19.7892 2.5
    endloop
  endfacet
  facet normal -0.462389 -0.886677 5.34963e-06
    outer loop
      vertex -11.5333 -19.1132 0.308658
      vertex -10.6955 -19.5501 0.37059
      vertex -11.5519 -19.1035 0.37059
    endloop
  endfacet
  facet normal -0.462388 -0.886677 -5.59256e-06
    outer loop
      vertex -11.5333 -19.1132 0.308658
      vertex -10.7141 -19.5404 0.308658
      vertex -10.6955 -19.5501 0.37059
    endloop
  endfacet
  facet normal -0.462388 -0.886677 -3.24759e-05
    outer loop
      vertex -11.5076 -19.1266 0.25
      vertex -10.7141 -19.5404 0.308658
      vertex -11.5333 -19.1132 0.308658
    endloop
  endfacet
  facet normal -0.462392 -0.886675 3.46499e-05
    outer loop
      vertex -11.5076 -19.1266 0.25
      vertex -10.7398 -19.527 0.25
      vertex -10.7141 -19.5404 0.308658
    endloop
  endfacet
  facet normal -0.462392 -0.886675 0.000130813
    outer loop
      vertex -11.4754 -19.1434 0.195619
      vertex -10.7398 -19.527 0.25
      vertex -11.5076 -19.1266 0.25
    endloop
  endfacet
  facet normal -0.462376 -0.886684 -0.000142791
    outer loop
      vertex -11.4754 -19.1434 0.195619
      vertex -10.772 -19.5102 0.195619
      vertex -10.7398 -19.527 0.25
    endloop
  endfacet
  facet normal -0.462376 -0.886684 -0.000361459
    outer loop
      vertex -11.4372 -19.1633 0.146446
      vertex -10.772 -19.5102 0.195619
      vertex -11.4754 -19.1434 0.195619
    endloop
  endfacet
  facet normal -0.462421 -0.88666 0.000405492
    outer loop
      vertex -11.4372 -19.1633 0.146446
      vertex -10.8102 -19.4903 0.146446
      vertex -10.772 -19.5102 0.195619
    endloop
  endfacet
  facet normal -0.462421 -0.88666 0.00125925
    outer loop
      vertex -11.3936 -19.1861 0.103323
      vertex -10.8102 -19.4903 0.146446
      vertex -11.4372 -19.1633 0.146446
    endloop
  endfacet
  facet normal -0.462392 -0.886675 0.000759535
    outer loop
      vertex -11.3936 -19.1861 0.103323
      vertex -10.8538 -19.4676 0.103323
      vertex -10.8102 -19.4903 0.146446
    endloop
  endfacet
  facet normal -0.462392 -0.886675 -0.000873377
    outer loop
      vertex -11.3454 -19.2112 0.066987
      vertex -10.8538 -19.4676 0.103323
      vertex -11.3936 -19.1861 0.103323
    endloop
  endfacet
  facet normal -0.462347 -0.886698 -0.00164226
    outer loop
      vertex -11.3454 -19.2112 0.066987
      vertex -10.902 -19.4424 0.066987
      vertex -10.8538 -19.4676 0.103323
    endloop
  endfacet
  facet normal -0.462347 -0.886699 -0.000432767
    outer loop
      vertex -11.2934 -19.2383 0.0380602
      vertex -10.902 -19.4424 0.066987
      vertex -11.3454 -19.2112 0.066987
    endloop
  endfacet
  facet normal -0.462405 -0.886669 0.000565358
    outer loop
      vertex -11.2934 -19.2383 0.0380602
      vertex -10.954 -19.4153 0.0380602
      vertex -10.902 -19.4424 0.066987
    endloop
  endfacet
  facet normal -0.462405 -0.886668 0.000718234
    outer loop
      vertex -11.2384 -19.267 0.0170364
      vertex -10.954 -19.4153 0.0380602
      vertex -11.2934 -19.2383 0.0380602
    endloop
  endfacet
  facet normal -0.462602 -0.886556 0.00416545
    outer loop
      vertex -11.2384 -19.267 0.0170364
      vertex -11.009 -19.3867 0.0170364
      vertex -10.954 -19.4153 0.0380602
    endloop
  endfacet
  facet normal -0.462604 -0.886561 -0.00264125
    outer loop
      vertex -11.1816 -19.2966 0.00427723
      vertex -11.009 -19.3867 0.0170364
      vertex -11.2384 -19.267 0.0170364
    endloop
  endfacet
  facet normal -0.462455 -0.886628 -0.0051247
    outer loop
      vertex -11.1816 -19.2966 0.00427723
      vertex -11.0658 -19.357 0.00427723
      vertex -11.009 -19.3867 0.0170364
    endloop
  endfacet
  facet normal -0.462461 -0.886639 -3.68757e-13
    outer loop
      vertex -11.0658 -19.357 0.00427723
      vertex -11.1816 -19.2966 0.00427723
      vertex -11.1237 -19.3268 0
    endloop
  endfacet
  facet normal 0.584415 -0.304802 -0.752034
    outer loop
      vertex -10.8102 -19.4903 0.146446
      vertex -10.2064 -18.2262 0.103323
      vertex -10.1628 -18.249 0.146446
    endloop
  endfacet
  facet normal 0.584736 -0.304944 -0.751727
    outer loop
      vertex -10.2064 -18.2262 0.103323
      vertex -10.8102 -19.4903 0.146446
      vertex -10.8538 -19.4676 0.103323
    endloop
  endfacet
  facet normal -0.49254 0.256884 -0.831514
    outer loop
      vertex -11.3454 -19.2112 0.066987
      vertex -10.7462 -17.9447 0.103323
      vertex -10.698 -17.9699 0.066987
    endloop
  endfacet
  facet normal -0.492838 0.257019 -0.831296
    outer loop
      vertex -10.7462 -17.9447 0.103323
      vertex -11.3454 -19.2112 0.066987
      vertex -11.3936 -19.1861 0.103323
    endloop
  endfacet
  facet normal -0.284773 0.148512 -0.947021
    outer loop
      vertex -11.2384 -19.267 0.0170364
      vertex -10.646 -17.997 0.0380602
      vertex -10.591 -18.0256 0.0170364
    endloop
  endfacet
  facet normal -0.284578 0.148422 -0.947094
    outer loop
      vertex -10.646 -17.997 0.0380602
      vertex -11.2384 -19.267 0.0170364
      vertex -11.2934 -19.2383 0.0380602
    endloop
  endfacet
  facet normal -0.392263 0.204585 -0.896814
    outer loop
      vertex -11.2934 -19.2383 0.0380602
      vertex -10.698 -17.9699 0.066987
      vertex -10.646 -17.997 0.0380602
    endloop
  endfacet
  facet normal -0.392263 0.204585 -0.896814
    outer loop
      vertex -10.698 -17.9699 0.066987
      vertex -11.2934 -19.2383 0.0380602
      vertex -11.3454 -19.2112 0.066987
    endloop
  endfacet
  facet normal 0.462396 0.886673 -0
    outer loop
      vertex -9.58964 -18.5479 2.5
      vertex -11.363 -17.6231 2.51
      vertex -9.58964 -18.5479 2.51
    endloop
  endfacet
  facet normal 0.462396 0.886673 0
    outer loop
      vertex -9.58964 -18.5479 2.5
      vertex -11.363 -17.6231 2.5
      vertex -11.363 -17.6231 2.51
    endloop
  endfacet
  facet normal 0.462396 0.886673 6.2383e-06
    outer loop
      vertex -10.0481 -18.3088 0.37059
      vertex -11.363 -17.6231 2.5
      vertex -9.58964 -18.5479 2.5
    endloop
  endfacet
  facet normal 0.462389 0.886677 4.18146e-07
    outer loop
      vertex -10.0481 -18.3088 0.37059
      vertex -10.9045 -17.8622 0.37059
      vertex -11.363 -17.6231 2.5
    endloop
  endfacet
  facet normal 0.462389 0.886677 5.34963e-06
    outer loop
      vertex -10.0667 -18.2991 0.308658
      vertex -10.9045 -17.8622 0.37059
      vertex -10.0481 -18.3088 0.37059
    endloop
  endfacet
  facet normal 0.462388 0.886677 -5.59256e-06
    outer loop
      vertex -10.0667 -18.2991 0.308658
      vertex -10.8859 -17.8719 0.308658
      vertex -10.9045 -17.8622 0.37059
    endloop
  endfacet
  facet normal 0.462388 0.886677 -3.24759e-05
    outer loop
      vertex -10.0924 -18.2857 0.25
      vertex -10.8859 -17.8719 0.308658
      vertex -10.0667 -18.2991 0.308658
    endloop
  endfacet
  facet normal 0.462392 0.886675 3.46499e-05
    outer loop
      vertex -10.0924 -18.2857 0.25
      vertex -10.8602 -17.8853 0.25
      vertex -10.8859 -17.8719 0.308658
    endloop
  endfacet
  facet normal 0.462392 0.886675 0.000130813
    outer loop
      vertex -10.1246 -18.2689 0.195619
      vertex -10.8602 -17.8853 0.25
      vertex -10.0924 -18.2857 0.25
    endloop
  endfacet
  facet normal 0.462376 0.886684 -0.000142791
    outer loop
      vertex -10.1246 -18.2689 0.195619
      vertex -10.828 -17.9021 0.195619
      vertex -10.8602 -17.8853 0.25
    endloop
  endfacet
  facet normal 0.462376 0.886684 -0.000361459
    outer loop
      vertex -10.1628 -18.249 0.146446
      vertex -10.828 -17.9021 0.195619
      vertex -10.1246 -18.2689 0.195619
    endloop
  endfacet
  facet normal 0.462421 0.88666 0.000405492
    outer loop
      vertex -10.1628 -18.249 0.146446
      vertex -10.7898 -17.922 0.146446
      vertex -10.828 -17.9021 0.195619
    endloop
  endfacet
  facet normal 0.462421 0.88666 0.00125925
    outer loop
      vertex -10.2064 -18.2262 0.103323
      vertex -10.7898 -17.922 0.146446
      vertex -10.1628 -18.249 0.146446
    endloop
  endfacet
  facet normal 0.462392 0.886675 0.000759535
    outer loop
      vertex -10.2064 -18.2262 0.103323
      vertex -10.7462 -17.9447 0.103323
      vertex -10.7898 -17.922 0.146446
    endloop
  endfacet
  facet normal 0.462392 0.886675 -0.000873377
    outer loop
      vertex -10.2546 -18.2011 0.066987
      vertex -10.7462 -17.9447 0.103323
      vertex -10.2064 -18.2262 0.103323
    endloop
  endfacet
  facet normal 0.462347 0.886698 -0.00164226
    outer loop
      vertex -10.2546 -18.2011 0.066987
      vertex -10.698 -17.9699 0.066987
      vertex -10.7462 -17.9447 0.103323
    endloop
  endfacet
  facet normal 0.462347 0.886699 -0.000432767
    outer loop
      vertex -10.3066 -18.174 0.0380602
      vertex -10.698 -17.9699 0.066987
      vertex -10.2546 -18.2011 0.066987
    endloop
  endfacet
  facet normal 0.462405 0.886669 0.000565358
    outer loop
      vertex -10.3066 -18.174 0.0380602
      vertex -10.646 -17.997 0.0380602
      vertex -10.698 -17.9699 0.066987
    endloop
  endfacet
  facet normal 0.462405 0.886668 0.000718234
    outer loop
      vertex -10.3616 -18.1453 0.0170364
      vertex -10.646 -17.997 0.0380602
      vertex -10.3066 -18.174 0.0380602
    endloop
  endfacet
  facet normal 0.462602 0.886556 0.00416545
    outer loop
      vertex -10.3616 -18.1453 0.0170364
      vertex -10.591 -18.0256 0.0170364
      vertex -10.646 -17.997 0.0380602
    endloop
  endfacet
  facet normal 0.462604 0.886561 -0.00264125
    outer loop
      vertex -10.4184 -18.1157 0.00427723
      vertex -10.591 -18.0256 0.0170364
      vertex -10.3616 -18.1453 0.0170364
    endloop
  endfacet
  facet normal 0.462455 0.886628 -0.0051247
    outer loop
      vertex -10.4184 -18.1157 0.00427723
      vertex -10.5342 -18.0553 0.00427723
      vertex -10.591 -18.0256 0.0170364
    endloop
  endfacet
  facet normal 0.462461 0.886639 0
    outer loop
      vertex -10.5342 -18.0553 0.00427723
      vertex -10.4184 -18.1157 0.00427723
      vertex -10.4763 -18.0855 0
    endloop
  endfacet
  facet normal 0.666964 -0.347855 -0.658905
    outer loop
      vertex -10.1246 -18.2689 0.195619
      vertex -10.8102 -19.4903 0.146446
      vertex -10.1628 -18.249 0.146446
    endloop
  endfacet
  facet normal 0.666964 -0.347855 -0.658905
    outer loop
      vertex -10.8102 -19.4903 0.146446
      vertex -10.1246 -18.2689 0.195619
      vertex -10.772 -19.5102 0.195619
    endloop
  endfacet
  facet normal 0.392263 -0.204585 -0.896814
    outer loop
      vertex -10.902 -19.4424 0.066987
      vertex -10.3066 -18.174 0.0380602
      vertex -10.2546 -18.2011 0.066987
    endloop
  endfacet
  facet normal 0.392263 -0.204585 -0.896814
    outer loop
      vertex -10.3066 -18.174 0.0380602
      vertex -10.902 -19.4424 0.066987
      vertex -10.954 -19.4153 0.0380602
    endloop
  endfacet
  facet normal -0.584736 0.304944 -0.751727
    outer loop
      vertex -11.3936 -19.1861 0.103323
      vertex -10.7898 -17.922 0.146446
      vertex -10.7462 -17.9447 0.103323
    endloop
  endfacet
  facet normal -0.584415 0.304802 -0.752034
    outer loop
      vertex -10.7898 -17.922 0.146446
      vertex -11.3936 -19.1861 0.103323
      vertex -11.4372 -19.1633 0.146446
    endloop
  endfacet
  facet normal -0.666964 0.347855 -0.658905
    outer loop
      vertex -10.7898 -17.922 0.146446
      vertex -11.4754 -19.1434 0.195619
      vertex -10.828 -17.9021 0.195619
    endloop
  endfacet
  facet normal -0.666964 0.347855 -0.658905
    outer loop
      vertex -11.4754 -19.1434 0.195619
      vertex -10.7898 -17.922 0.146446
      vertex -11.4372 -19.1633 0.146446
    endloop
  endfacet
  facet normal 0.173227 -0.090339 -0.98073
    outer loop
      vertex -11.009 -19.3867 0.0170364
      vertex -10.4184 -18.1157 0.00427723
      vertex -10.3616 -18.1453 0.0170364
    endloop
  endfacet
  facet normal 0.173103 -0.090282 -0.980757
    outer loop
      vertex -10.4184 -18.1157 0.00427723
      vertex -11.009 -19.3867 0.0170364
      vertex -11.0658 -19.357 0.00427723
    endloop
  endfacet
  facet normal -0.173103 0.090282 -0.980757
    outer loop
      vertex -11.1816 -19.2966 0.00427723
      vertex -10.591 -18.0256 0.0170364
      vertex -10.5342 -18.0553 0.00427723
    endloop
  endfacet
  facet normal -0.173227 0.090339 -0.98073
    outer loop
      vertex -10.591 -18.0256 0.0170364
      vertex -11.1816 -19.2966 0.00427723
      vertex -11.2384 -19.267 0.0170364
    endloop
  endfacet
  facet normal 0.492838 -0.257019 -0.831296
    outer loop
      vertex -10.8538 -19.4676 0.103323
      vertex -10.2546 -18.2011 0.066987
      vertex -10.2064 -18.2262 0.103323
    endloop
  endfacet
  facet normal 0.49254 -0.256884 -0.831514
    outer loop
      vertex -10.2546 -18.2011 0.066987
      vertex -10.8538 -19.4676 0.103323
      vertex -10.902 -19.4424 0.066987
    endloop
  endfacet
  facet normal 0.0579503 -0.030224 -0.997862
    outer loop
      vertex -11.0658 -19.357 0.00427723
      vertex -10.4763 -18.0855 0
      vertex -10.4184 -18.1157 0.00427723
    endloop
  endfacet
  facet normal 0.0579503 -0.030224 -0.997862
    outer loop
      vertex -10.4763 -18.0855 0
      vertex -11.0658 -19.357 0.00427723
      vertex -11.1237 -19.3268 0
    endloop
  endfacet
  facet normal -0.0579503 0.030224 -0.997862
    outer loop
      vertex -11.1237 -19.3268 0
      vertex -10.5342 -18.0553 0.00427723
      vertex -10.4763 -18.0855 0
    endloop
  endfacet
  facet normal -0.0579503 0.030224 -0.997862
    outer loop
      vertex -10.5342 -18.0553 0.00427723
      vertex -11.1237 -19.3268 0
      vertex -11.1816 -19.2966 0.00427723
    endloop
  endfacet
  facet normal 0.682318 0.731055 -0
    outer loop
      vertex -1.28213 -2.6191 11.25
      vertex -1.85783 -2.08178 11.45
      vertex -1.28213 -2.6191 11.26
    endloop
  endfacet
  facet normal -0.265689 -0.791173 -0.550868
    outer loop
      vertex -2.63107 -3.14913 10.9944
      vertex -2.54013 -3.1851 11.0022
      vertex -2.56485 -3.2325 11.0822
    endloop
  endfacet
  facet normal 0.453466 0.869643 0.195165
    outer loop
      vertex -2.10038 -1.91943 11.5477
      vertex -2.02222 -1.98173 11.6437
      vertex -2.01339 -1.96479 11.5477
    endloop
  endfacet
  facet normal 0.453553 0.869617 0.195078
    outer loop
      vertex -2.02222 -1.98173 11.6437
      vertex -2.10038 -1.91943 11.5477
      vertex -2.10921 -1.93636 11.6437
    endloop
  endfacet
  facet normal -0.263257 -0.222461 0.938726
    outer loop
      vertex -2.53306 -2.74906 12.1729
      vertex -2.61777 -2.70114 12.1605
      vertex -2.57593 -2.83125 12.1414
    endloop
  endfacet
  facet normal -0.562502 0.448925 0.694304
    outer loop
      vertex -2.87012 -2.28202 11.9403
      vertex -2.77097 -2.24192 11.9947
      vertex -2.84078 -2.22577 11.9277
    endloop
  endfacet
  facet normal -0.619947 -0.107905 0.777189
    outer loop
      vertex -2.81315 -2.67484 12.0715
      vertex -2.8798 -2.61891 12.0261
      vertex -2.91364 -2.68378 11.9901
    endloop
  endfacet
  facet normal -0.620584 -0.363168 0.694971
    outer loop
      vertex -2.84598 -2.93378 11.9522
      vertex -2.81368 -2.87186 12.0134
      vertex -2.91407 -2.86833 11.9256
    endloop
  endfacet
  facet normal -0.31802 -0.328752 0.889261
    outer loop
      vertex -2.57593 -2.83125 12.1414
      vertex -2.65991 -2.78193 12.1296
      vertex -2.61653 -2.9091 12.0981
    endloop
  endfacet
  facet normal -0.347718 -0.666619 -0.659327
    outer loop
      vertex -2.68821 -3.04653 10.9208
      vertex -2.63107 -3.14913 10.9944
      vertex -2.71805 -3.10376 10.9944
    endloop
  endfacet
  facet normal -0.347675 -0.666614 -0.659354
    outer loop
      vertex -2.63107 -3.14913 10.9944
      vertex -2.68821 -3.04653 10.9208
      vertex -2.60122 -3.0919 10.9208
    endloop
  endfacet
  facet normal -0.629664 -0.648765 0.427349
    outer loop
      vertex -2.82432 -3.09717 11.8178
      vertex -2.89817 -3.03386 11.8051
      vertex -2.91717 -3.07029 11.7218
    endloop
  endfacet
  facet normal -0.74685 -0.529774 0.401939
    outer loop
      vertex -2.9635 -2.96312 11.7863
      vertex -3.51787 -2.5809 11.26
      vertex -2.98149 -2.99762 11.7074
    endloop
  endfacet
  facet normal -0.414742 -0.795203 0.442314
    outer loop
      vertex -2.67624 -3.23574 11.7364
      vertex -2.7432 -3.15198 11.8242
      vertex -2.76323 -3.19037 11.7364
    endloop
  endfacet
  facet normal -0.414788 -0.7952 0.442276
    outer loop
      vertex -2.7432 -3.15198 11.8242
      vertex -2.67624 -3.23574 11.7364
      vertex -2.65622 -3.19735 11.8242
    endloop
  endfacet
  facet normal 0.149519 -0.539139 0.828838
    outer loop
      vertex -2.26141 -3.0516 12.0325
      vertex -2.31192 -2.95246 12.1061
      vertex -2.35045 -3.02633 12.065
    endloop
  endfacet
  facet normal 0.264551 -0.571098 0.777084
    outer loop
      vertex -2.17473 -3.06914 11.9901
      vertex -2.22492 -2.98163 12.0715
      vertex -2.26141 -3.0516 12.0325
    endloop
  endfacet
  facet normal -0.771371 0.048534 0.634533
    outer loop
      vertex -2.93825 -2.56265 11.971
      vertex -2.98748 -2.50704 11.9069
      vertex -2.96884 -2.62131 11.9383
    endloop
  endfacet
  facet normal 0.193973 0.93056 0.310535
    outer loop
      vertex -2.21547 -1.92977 11.7315
      vertex -2.20117 -1.90235 11.6404
      vertex -2.29653 -1.88027 11.6338
    endloop
  endfacet
  facet normal -0.600637 -0.592399 0.536934
    outer loop
      vertex -2.7996 -3.04978 11.8978
      vertex -2.8743 -2.98809 11.8823
      vertex -2.89817 -3.03386 11.8051
    endloop
  endfacet
  facet normal 0.14097 -0.808224 0.571753
    outer loop
      vertex -2.35266 -3.22656 11.8595
      vertex -2.23446 -3.18366 11.891
      vertex -2.32583 -3.17512 11.9256
    endloop
  endfacet
  facet normal 0.582757 0.607394 -0.539877
    outer loop
      vertex -2.0004 -2.15022 11.0022
      vertex -1.97568 -2.10283 11.0822
      vertex -1.28213 -2.6191 11.25
    endloop
  endfacet
  facet normal 0.769687 0.311167 0.557456
    outer loop
      vertex -1.80177 -2.35402 11.8296
      vertex -1.37697 -2.58123 11.3699
      vertex -1.37322 -2.58119 11.3647
    endloop
  endfacet
  facet normal 0.769595 0.314284 0.555831
    outer loop
      vertex -1.37697 -2.58123 11.3699
      vertex -1.80177 -2.35402 11.8296
      vertex -1.82664 -2.40171 11.891
    endloop
  endfacet
  facet normal 0.769503 0.316732 0.554568
    outer loop
      vertex -1.34753 -2.5874 11.3326
      vertex -1.80177 -2.35402 11.8296
      vertex -1.37322 -2.58119 11.3647
    endloop
  endfacet
  facet normal 0.770158 0.297973 0.563975
    outer loop
      vertex -1.80177 -2.35402 11.8296
      vertex -1.34753 -2.5874 11.3326
      vertex -1.32461 -2.59743 11.3066
    endloop
  endfacet
  facet normal -0.496676 -0.670759 -0.550814
    outer loop
      vertex -2.82432 -3.09717 11.0822
      vertex -2.7996 -3.04978 11.0022
      vertex -2.71805 -3.10376 10.9944
    endloop
  endfacet
  facet normal -0.625418 -0.714642 -0.313271
    outer loop
      vertex -2.8583 -3.16233 11.2596
      vertex -3.51787 -2.5809 11.25
      vertex -2.844 -3.13491 11.1685
    endloop
  endfacet
  facet normal -0.603588 -0.670773 -0.43098
    outer loop
      vertex -2.844 -3.13491 11.1685
      vertex -3.51787 -2.5809 11.25
      vertex -2.82432 -3.09717 11.0822
    endloop
  endfacet
  facet normal -0.712619 -0.676739 0.184928
    outer loop
      vertex -2.93098 -3.09676 11.6338
      vertex -3.51787 -2.5809 11.26
      vertex -2.93936 -3.11283 11.5427
    endloop
  endfacet
  facet normal -0.691969 -0.719191 0.0627926
    outer loop
      vertex -2.93936 -3.11283 11.5427
      vertex -3.51787 -2.5809 11.26
      vertex -2.94217 -3.11822 11.45
    endloop
  endfacet
  facet normal -0.722032 -0.558171 0.408797
    outer loop
      vertex -2.89817 -3.03386 11.8051
      vertex -2.9635 -2.96312 11.7863
      vertex -2.91717 -3.07029 11.7218
    endloop
  endfacet
  facet normal -0.141964 0.286881 0.947389
    outer loop
      vertex -2.48533 -2.44721 12.1793
      vertex -2.44169 -2.36353 12.1605
      vertex -2.57089 -2.40633 12.1541
    endloop
  endfacet
  facet normal 0.684462 -0.401653 0.60843
    outer loop
      vertex -1.92988 -2.91798 11.9403
      vertex -1.84708 -2.88837 11.8667
      vertex -1.90003 -2.86075 11.9445
    endloop
  endfacet
  facet normal 0.757746 -0.261477 0.597872
    outer loop
      vertex -1.79721 -2.79275 11.8525
      vertex -1.84085 -2.74727 11.9277
      vertex -1.82193 -2.84015 11.8631
    endloop
  endfacet
  facet normal -0.217008 -0.97562 -0.0327524
    outer loop
      vertex -2.61042 -3.31988 11.45
      vertex -1.74456 -3.50576 11.25
      vertex -2.51466 -3.34118 11.45
    endloop
  endfacet
  facet normal -0.295765 -0.848664 0.438513
    outer loop
      vertex -2.67624 -3.23574 11.7364
      vertex -2.56485 -3.2325 11.8178
      vertex -2.65622 -3.19735 11.8242
    endloop
  endfacet
  facet normal -0.526638 -0.72823 0.438559
    outer loop
      vertex -2.76323 -3.19037 11.7364
      vertex -2.82432 -3.09717 11.8178
      vertex -2.844 -3.13491 11.7315
    endloop
  endfacet
  facet normal -0.437809 -0.839616 0.321508
    outer loop
      vertex -2.69079 -3.26364 11.6437
      vertex -2.76323 -3.19037 11.7364
      vertex -2.77778 -3.21828 11.6437
    endloop
  endfacet
  facet normal -0.437898 -0.839601 0.321427
    outer loop
      vertex -2.76323 -3.19037 11.7364
      vertex -2.69079 -3.26364 11.6437
      vertex -2.67624 -3.23574 11.7364
    endloop
  endfacet
  facet normal -0.731502 0.125031 0.670278
    outer loop
      vertex -2.93825 -2.56265 11.971
      vertex -2.90595 -2.50073 11.9947
      vertex -2.98748 -2.50704 11.9069
    endloop
  endfacet
  facet normal -0.519581 0.580798 0.626665
    outer loop
      vertex -2.95176 -1.85863 11.4983
      vertex -2.78563 -2.12002 11.8783
      vertex -2.95167 -1.85801 11.4978
    endloop
  endfacet
  facet normal -0.488913 0.604113 0.629295
    outer loop
      vertex -2.95975 -1.88218 11.5147
      vertex -2.78563 -2.12002 11.8783
      vertex -2.95176 -1.85863 11.4983
    endloop
  endfacet
  facet normal -0.488309 0.604582 0.629313
    outer loop
      vertex -2.78563 -2.12002 11.8783
      vertex -2.95975 -1.88218 11.5147
      vertex -2.81246 -2.17146 11.9069
    endloop
  endfacet
  facet normal -0.478547 0.611465 0.630162
    outer loop
      vertex -2.95167 -1.85801 11.4978
      vertex -2.70808 -2.12134 11.9383
      vertex -2.94752 -1.83312 11.4768
    endloop
  endfacet
  facet normal -0.474072 0.615035 0.63007
    outer loop
      vertex -2.94752 -1.83312 11.4768
      vertex -2.70808 -2.12134 11.9383
      vertex -2.94771 -1.82671 11.4704
    endloop
  endfacet
  facet normal -0.477062 0.612705 0.630082
    outer loop
      vertex -2.70808 -2.12134 11.9383
      vertex -2.95167 -1.85801 11.4978
      vertex -2.78563 -2.12002 11.8783
    endloop
  endfacet
  facet normal 0.757682 -0.353257 0.548751
    outer loop
      vertex -1.82193 -2.84015 11.8631
      vertex -1.54175 -2.72884 11.5479
      vertex -1.53879 -2.7242 11.5468
    endloop
  endfacet
  facet normal 0.757261 -0.356501 0.547232
    outer loop
      vertex -1.82193 -2.84015 11.8631
      vertex -1.55146 -2.74747 11.5492
      vertex -1.54175 -2.72884 11.5479
    endloop
  endfacet
  facet normal 0.75762 -0.354222 0.548214
    outer loop
      vertex -1.55146 -2.74747 11.5492
      vertex -1.82193 -2.84015 11.8631
      vertex -1.84708 -2.88837 11.8667
    endloop
  endfacet
  facet normal -0.14097 0.808224 0.571753
    outer loop
      vertex -2.47417 -2.02488 11.9256
      vertex -2.44734 -1.97344 11.8595
      vertex -2.56554 -2.01634 11.891
    endloop
  endfacet
  facet normal 0.256982 0.492667 0.831408
    outer loop
      vertex -2.23281 -2.17336 12.0437
      vertex -2.18347 -2.2909 12.0981
      vertex -2.14583 -2.21873 12.0437
    endloop
  endfacet
  facet normal 0.256982 0.492667 0.831408
    outer loop
      vertex -2.18347 -2.2909 12.0981
      vertex -2.23281 -2.17336 12.0437
      vertex -2.27045 -2.24553 12.0981
    endloop
  endfacet
  facet normal 0.384514 0.737246 0.555534
    outer loop
      vertex -2.14378 -2.00265 11.8242
      vertex -2.08194 -2.09624 11.9056
      vertex -2.05679 -2.04802 11.8242
    endloop
  endfacet
  facet normal 0.384514 0.737246 0.555534
    outer loop
      vertex -2.08194 -2.09624 11.9056
      vertex -2.14378 -2.00265 11.8242
      vertex -2.16893 -2.05087 11.9056
    endloop
  endfacet
  facet normal -0.205099 -0.11151 0.972368
    outer loop
      vertex -2.48866 -2.66393 12.192
      vertex -2.57413 -2.61747 12.1793
      vertex -2.61777 -2.70114 12.1605
    endloop
  endfacet
  facet normal 0.0259649 -0.231999 0.972369
    outer loop
      vertex -2.3583 -2.83647 12.1605
      vertex -2.31466 -2.75279 12.1793
      vertex -2.40168 -2.7093 12.192
    endloop
  endfacet
  facet normal 0.384514 0.737246 -0.555534
    outer loop
      vertex -2.08194 -2.09624 10.9944
      vertex -2.14378 -2.00265 11.0758
      vertex -2.05679 -2.04802 11.0758
    endloop
  endfacet
  facet normal 0.384514 0.737246 -0.555534
    outer loop
      vertex -2.14378 -2.00265 11.0758
      vertex -2.08194 -2.09624 10.9944
      vertex -2.16893 -2.05087 10.9944
    endloop
  endfacet
  facet normal -0.524006 -0.446932 -0.72503
    outer loop
      vertex -2.84598 -2.93378 10.9478
      vertex -2.78022 -2.96562 10.9199
      vertex -2.77026 -2.99352 10.9299
    endloop
  endfacet
  facet normal -0.523306 -0.442858 -0.728029
    outer loop
      vertex -2.78022 -2.96562 10.9199
      vertex -2.84598 -2.93378 10.9478
      vertex -2.84497 -2.93185 10.9459
    endloop
  endfacet
  facet normal -0.341996 -0.937467 -0.0647671
    outer loop
      vertex -2.69962 -3.28058 11.3523
      vertex -2.60751 -3.3143 11.354
      vertex -2.70258 -3.28625 11.45
    endloop
  endfacet
  facet normal -0.565249 -0.801925 0.193414
    outer loop
      vertex -2.78661 -3.23521 11.5477
      vertex -2.77778 -3.21828 11.6437
      vertex -2.86698 -3.17897 11.546
    endloop
  endfacet
  facet normal -0.229103 -0.721026 -0.653936
    outer loop
      vertex -2.63107 -3.14913 10.9944
      vertex -2.51079 -3.12885 10.9299
      vertex -2.54013 -3.1851 11.0022
    endloop
  endfacet
  facet normal -0.334208 -0.922437 -0.193427
    outer loop
      vertex -2.69079 -3.26364 11.2563
      vertex -2.59883 -3.29765 11.2596
      vertex -2.60751 -3.3143 11.354
    endloop
  endfacet
  facet normal -0.582757 -0.607394 -0.539877
    outer loop
      vertex -2.82432 -3.09717 11.0822
      vertex -3.51787 -2.5809 11.25
      vertex -2.7996 -3.04978 11.0022
    endloop
  endfacet
  facet normal -0.186685 -0.64037 -0.745033
    outer loop
      vertex -2.60122 -3.0919 10.9208
      vertex -2.52839 -3.09696 10.9069
      vertex -2.51079 -3.12885 10.9299
    endloop
  endfacet
  facet normal -0.186737 -0.639794 -0.745516
    outer loop
      vertex -2.52839 -3.09696 10.9069
      vertex -2.60122 -3.0919 10.9208
      vertex -2.58772 -3.06601 10.8952
    endloop
  endfacet
  facet normal -0.0669368 -0.684519 -0.725915
    outer loop
      vertex -2.51079 -3.12885 10.9299
      vertex -2.50148 -3.11099 10.9122
      vertex -2.48221 -3.12104 10.9199
    endloop
  endfacet
  facet normal 0.286725 -0.744684 0.602689
    outer loop
      vertex -2.23446 -3.18366 11.891
      vertex -1.84624 -3.42282 11.4108
      vertex -2.2061 -3.12928 11.9447
    endloop
  endfacet
  facet normal 0.291192 -0.741359 0.604644
    outer loop
      vertex -2.23446 -3.18366 11.891
      vertex -1.842 -3.43347 11.3957
      vertex -1.84624 -3.42282 11.4108
    endloop
  endfacet
  facet normal 0.283838 -0.746728 0.601525
    outer loop
      vertex -1.842 -3.43347 11.3957
      vertex -2.23446 -3.18366 11.891
      vertex -1.82989 -3.44965 11.3699
    endloop
  endfacet
  facet normal -0.73034 -0.614019 0.299308
    outer loop
      vertex -2.91717 -3.07029 11.7218
      vertex -3.51787 -2.5809 11.26
      vertex -2.93098 -3.09676 11.6338
    endloop
  endfacet
  facet normal -0.743497 -0.346967 0.571688
    outer loop
      vertex -2.91407 -2.86833 11.9256
      vertex -2.97336 -2.79829 11.891
      vertex -2.94089 -2.91977 11.8595
    endloop
  endfacet
  facet normal -0.759712 -0.428966 0.488699
    outer loop
      vertex -2.94089 -2.91977 11.8595
      vertex -3.51787 -2.5809 11.26
      vertex -2.9635 -2.96312 11.7863
    endloop
  endfacet
  facet normal -0.468979 0.181112 0.864441
    outer loop
      vertex -2.69412 -2.44661 12.1227
      vertex -2.76945 -2.40732 12.0736
      vertex -2.80709 -2.47949 12.0683
    endloop
  endfacet
  facet normal -0.416919 0.280925 0.864442
    outer loop
      vertex -2.69412 -2.44661 12.1227
      vertex -2.73181 -2.33515 12.0683
      vertex -2.76945 -2.40732 12.0736
    endloop
  endfacet
  facet normal -0.266206 0.57024 0.777149
    outer loop
      vertex -2.57508 -2.21837 12.0715
      vertex -2.62526 -2.13086 11.9901
      vertex -2.6591 -2.19572 12.0261
    endloop
  endfacet
  facet normal -0.706705 -0.276528 0.65123
    outer loop
      vertex -2.91407 -2.86833 11.9256
      vertex -2.88348 -2.80968 11.9837
      vertex -2.97336 -2.79829 11.891
    endloop
  endfacet
  facet normal -0.527679 -0.185901 0.828852
    outer loop
      vertex -2.77796 -2.80337 12.065
      vertex -2.73943 -2.72949 12.1061
      vertex -2.84964 -2.74481 12.0325
    endloop
  endfacet
  facet normal -0.667239 -0.720629 0.188378
    outer loop
      vertex -2.8583 -3.16233 11.6404
      vertex -2.93098 -3.09676 11.6338
      vertex -2.86698 -3.17897 11.546
    endloop
  endfacet
  facet normal -0.0164128 -0.857884 0.513582
    outer loop
      vertex -2.37526 -3.2699 11.7863
      vertex -2.44679 -3.21106 11.8823
      vertex -2.47066 -3.25682 11.8051
    endloop
  endfacet
  facet normal -0.00690519 -0.915593 0.402046
    outer loop
      vertex -2.39326 -3.30441 11.7074
      vertex -1.74456 -3.50576 11.26
      vertex -2.37526 -3.2699 11.7863
    endloop
  endfacet
  facet normal -0.460493 -0.600547 0.653674
    outer loop
      vertex -2.68821 -3.04653 11.9792
      vertex -2.77026 -2.99352 11.9701
      vertex -2.71805 -3.10376 11.9056
    endloop
  endfacet
  facet normal -0.629642 -0.648808 0.427316
    outer loop
      vertex -2.844 -3.13491 11.7315
      vertex -2.82432 -3.09717 11.8178
      vertex -2.91717 -3.07029 11.7218
    endloop
  endfacet
  facet normal -0.295743 -0.848686 0.438484
    outer loop
      vertex -2.58453 -3.27023 11.7315
      vertex -2.56485 -3.2325 11.8178
      vertex -2.67624 -3.23574 11.7364
    endloop
  endfacet
  facet normal -0.56519 -0.801986 0.193336
    outer loop
      vertex -2.77778 -3.21828 11.6437
      vertex -2.8583 -3.16233 11.6404
      vertex -2.86698 -3.17897 11.546
    endloop
  endfacet
  facet normal -0.743569 -0.110161 0.659522
    outer loop
      vertex -2.91364 -2.68378 11.9901
      vertex -2.96884 -2.62131 11.9383
      vertex -2.945 -2.74391 11.9447
    endloop
  endfacet
  facet normal -0.571264 -0.0172513 0.820585
    outer loop
      vertex -2.77462 -2.60097 12.0997
      vertex -2.84409 -2.55042 12.0524
      vertex -2.8798 -2.61891 12.0261
    endloop
  endfacet
  facet normal -0.262459 -0.222244 0.939001
    outer loop
      vertex -2.57593 -2.83125 12.1414
      vertex -2.61777 -2.70114 12.1605
      vertex -2.65991 -2.78193 12.1296
    endloop
  endfacet
  facet normal -0.515059 0.32682 0.792403
    outer loop
      vertex -2.76945 -2.40732 12.0736
      vertex -2.73181 -2.33515 12.0683
      vertex -2.83846 -2.37133 12.0139
    endloop
  endfacet
  facet normal -0.481174 0.604138 0.635208
    outer loop
      vertex -2.81246 -2.17146 11.9069
      vertex -2.70808 -2.12134 11.9383
      vertex -2.78563 -2.12002 11.8783
    endloop
  endfacet
  facet normal -0.64808 0.471929 0.597725
    outer loop
      vertex -2.87012 -2.28202 11.9403
      vertex -2.84078 -2.22577 11.9277
      vertex -2.92777 -2.26341 11.8631
    endloop
  endfacet
  facet normal -0.605053 0.367547 0.706272
    outer loop
      vertex -2.83846 -2.37133 12.0139
      vertex -2.80442 -2.30607 12.0091
      vertex -2.87012 -2.28202 11.9403
    endloop
  endfacet
  facet normal -0.0314864 0.498445 0.866349
    outer loop
      vertex -2.48808 -2.24754 12.1061
      vertex -2.35966 -2.20623 12.087
      vertex -2.44955 -2.17367 12.065
    endloop
  endfacet
  facet normal -0.286725 0.744684 0.602689
    outer loop
      vertex -2.56554 -2.01634 11.891
      vertex -2.95376 -1.77718 11.4108
      vertex -2.5939 -2.07072 11.9447
    endloop
  endfacet
  facet normal -0.291192 0.741359 0.604644
    outer loop
      vertex -2.56554 -2.01634 11.891
      vertex -2.958 -1.76653 11.3957
      vertex -2.95376 -1.77718 11.4108
    endloop
  endfacet
  facet normal -0.283838 0.746728 0.601525
    outer loop
      vertex -2.958 -1.76653 11.3957
      vertex -2.56554 -2.01634 11.891
      vertex -2.97011 -1.75035 11.3699
    endloop
  endfacet
  facet normal 0.304775 0.584358 0.752089
    outer loop
      vertex -2.19878 -2.1081 11.9792
      vertex -2.14583 -2.21873 12.0437
      vertex -2.11179 -2.15347 11.9792
    endloop
  endfacet
  facet normal 0.304813 0.584365 0.752069
    outer loop
      vertex -2.14583 -2.21873 12.0437
      vertex -2.19878 -2.1081 11.9792
      vertex -2.23281 -2.17336 12.0437
    endloop
  endfacet
  facet normal 0.147096 0.97168 0.184935
    outer loop
      vertex -2.29653 -1.88027 11.6338
      vertex -2.28815 -1.8642 11.5427
      vertex -3.05544 -1.69424 11.26
    endloop
  endfacet
  facet normal -0.0169683 -0.858057 0.513274
    outer loop
      vertex -2.37526 -3.2699 11.7863
      vertex -2.35266 -3.22656 11.8595
      vertex -2.44679 -3.21106 11.8823
    endloop
  endfacet
  facet normal -0.106508 -0.763365 0.637126
    outer loop
      vertex -2.44679 -3.21106 11.8823
      vertex -2.51079 -3.12885 11.9701
      vertex -2.54013 -3.1851 11.8978
    endloop
  endfacet
  facet normal 0.706705 0.276528 0.65123
    outer loop
      vertex -1.82664 -2.40171 11.891
      vertex -1.88593 -2.33167 11.9256
      vertex -1.91652 -2.39032 11.9837
    endloop
  endfacet
  facet normal 0.417562 0.519968 0.745168
    outer loop
      vertex -2.06319 -2.27062 12.0336
      vertex -2.02974 -2.20648 11.9701
      vertex -2.14583 -2.21873 12.0437
    endloop
  endfacet
  facet normal 0.766339 -0.243391 0.594546
    outer loop
      vertex -1.84085 -2.74727 11.9277
      vertex -1.50992 -2.67435 11.531
      vertex -1.50697 -2.67068 11.5287
    endloop
  endfacet
  facet normal 0.765993 -0.246609 0.593666
    outer loop
      vertex -1.79721 -2.79275 11.8525
      vertex -1.50992 -2.67435 11.531
      vertex -1.84085 -2.74727 11.9277
    endloop
  endfacet
  facet normal 0.765992 -0.246658 0.593647
    outer loop
      vertex -1.50992 -2.67435 11.531
      vertex -1.79721 -2.79275 11.8525
      vertex -1.52652 -2.70063 11.5415
    endloop
  endfacet
  facet normal 0.764855 -0.264671 0.587321
    outer loop
      vertex -1.52652 -2.70063 11.5415
      vertex -1.79721 -2.79275 11.8525
      vertex -1.52703 -2.70166 11.5417
    endloop
  endfacet
  facet normal 0.77458 0.185254 0.604737
    outer loop
      vertex -1.82664 -2.40171 11.891
      vertex -1.40833 -2.58319 11.4108
      vertex -1.39717 -2.58056 11.3957
    endloop
  endfacet
  facet normal 0.77476 0.191099 0.602684
    outer loop
      vertex -1.40833 -2.58319 11.4108
      vertex -1.82664 -2.40171 11.891
      vertex -1.855 -2.45609 11.9447
    endloop
  endfacet
  facet normal 0.77478 0.194535 0.601558
    outer loop
      vertex -1.82664 -2.40171 11.891
      vertex -1.39717 -2.58056 11.3957
      vertex -1.37697 -2.58123 11.3699
    endloop
  endfacet
  facet normal 0.41475 0.79522 -0.442276
    outer loop
      vertex -2.05679 -2.04802 11.0758
      vertex -2.12376 -1.96426 11.1636
      vertex -2.03677 -2.00963 11.1636
    endloop
  endfacet
  facet normal 0.41475 0.79522 -0.442276
    outer loop
      vertex -2.12376 -1.96426 11.1636
      vertex -2.05679 -2.04802 11.0758
      vertex -2.14378 -2.00265 11.0758
    endloop
  endfacet
  facet normal 0.461408 0.884773 -0.0654174
    outer loop
      vertex -2.01339 -1.96479 11.3523
      vertex -2.09741 -1.91375 11.45
      vertex -2.01043 -1.95911 11.45
    endloop
  endfacet
  facet normal 0.461365 0.884792 -0.0654644
    outer loop
      vertex -2.09741 -1.91375 11.45
      vertex -2.01339 -1.96479 11.3523
      vertex -2.10038 -1.91943 11.3523
    endloop
  endfacet
  facet normal 0.496718 0.670731 -0.55081
    outer loop
      vertex -2.08194 -2.09624 10.9944
      vertex -1.97568 -2.10283 11.0822
      vertex -2.0004 -2.15022 11.0022
    endloop
  endfacet
  facet normal -0.562313 -0.520098 -0.642886
    outer loop
      vertex -2.77026 -2.99352 10.9299
      vertex -3.51787 -2.5809 11.25
      vertex -2.84598 -2.93378 10.9478
    endloop
  endfacet
  facet normal -0.547256 -0.424009 -0.721614
    outer loop
      vertex -3.51787 -2.5809 11.25
      vertex -2.84497 -2.93185 10.9459
      vertex -2.84598 -2.93378 10.9478
    endloop
  endfacet
  facet normal -0.234403 -0.953447 -0.189719
    outer loop
      vertex -2.59883 -3.29765 11.2596
      vertex -1.74456 -3.50576 11.25
      vertex -2.60751 -3.3143 11.354
    endloop
  endfacet
  facet normal -0.265787 -0.791184 -0.550804
    outer loop
      vertex -2.65622 -3.19735 11.0758
      vertex -2.63107 -3.14913 10.9944
      vertex -2.56485 -3.2325 11.0822
    endloop
  endfacet
  facet normal -0.461367 -0.884795 -0.0654174
    outer loop
      vertex -2.78661 -3.23521 11.3523
      vertex -2.70258 -3.28625 11.45
      vertex -2.78957 -3.24089 11.45
    endloop
  endfacet
  facet normal -0.461449 -0.884758 -0.0653272
    outer loop
      vertex -2.70258 -3.28625 11.45
      vertex -2.78661 -3.23521 11.3523
      vertex -2.69962 -3.28058 11.3523
    endloop
  endfacet
  facet normal -0.334123 -0.922451 -0.193507
    outer loop
      vertex -2.69962 -3.28058 11.3523
      vertex -2.69079 -3.26364 11.2563
      vertex -2.60751 -3.3143 11.354
    endloop
  endfacet
  facet normal -0.675759 -0.736376 -0.0331771
    outer loop
      vertex -2.94217 -3.11822 11.45
      vertex -3.51787 -2.5809 11.25
      vertex -2.86989 -3.18455 11.45
    endloop
  endfacet
  facet normal -0.669737 -0.739895 -0.0633078
    outer loop
      vertex -2.86989 -3.18455 11.45
      vertex -3.51787 -2.5809 11.25
      vertex -2.86698 -3.17897 11.354
    endloop
  endfacet
  facet normal -0.208993 -0.977917 0
    outer loop
      vertex -2.51466 -3.34118 11.45
      vertex -1.74456 -3.50576 11.25
      vertex -1.74456 -3.50576 11.26
    endloop
  endfacet
  facet normal -0.187249 -0.6405 -0.74478
    outer loop
      vertex -2.51079 -3.12885 10.9299
      vertex -2.52839 -3.09696 10.9069
      vertex -2.50148 -3.11099 10.9122
    endloop
  endfacet
  facet normal -0.417973 -0.520386 -0.744645
    outer loop
      vertex -2.76095 -2.97567 10.9122
      vertex -2.73404 -2.9897 10.9069
      vertex -2.77026 -2.99352 10.9299
    endloop
  endfacet
  facet normal -0.523055 -0.446856 -0.725764
    outer loop
      vertex -2.78022 -2.96562 10.9199
      vertex -2.76095 -2.97567 10.9122
      vertex -2.77026 -2.99352 10.9299
    endloop
  endfacet
  facet normal -0.228937 -0.721286 -0.653709
    outer loop
      vertex -2.60122 -3.0919 10.9208
      vertex -2.51079 -3.12885 10.9299
      vertex -2.63107 -3.14913 10.9944
    endloop
  endfacet
  facet normal -0.417915 -0.519342 -0.745407
    outer loop
      vertex -2.68821 -3.04653 10.9208
      vertex -2.73404 -2.9897 10.9069
      vertex -2.67471 -3.02065 10.8952
    endloop
  endfacet
  facet normal -0.418305 -0.519565 -0.745032
    outer loop
      vertex -2.73404 -2.9897 10.9069
      vertex -2.68821 -3.04653 10.9208
      vertex -2.77026 -2.99352 10.9299
    endloop
  endfacet
  facet normal -0.108829 -0.76269 -0.637543
    outer loop
      vertex -2.51079 -3.12885 10.9299
      vertex -1.74456 -3.50576 11.25
      vertex -2.54013 -3.1851 11.0022
    endloop
  endfacet
  facet normal -0.164536 -0.82547 -0.539933
    outer loop
      vertex -2.54013 -3.1851 11.0022
      vertex -1.74456 -3.50576 11.25
      vertex -2.56485 -3.2325 11.0822
    endloop
  endfacet
  facet normal -0.204632 -0.878887 -0.43091
    outer loop
      vertex -2.56485 -3.2325 11.0822
      vertex -1.74456 -3.50576 11.25
      vertex -2.58453 -3.27023 11.1685
    endloop
  endfacet
  facet normal -0.342077 -0.937431 0.0648574
    outer loop
      vertex -2.61042 -3.31988 11.45
      vertex -2.60751 -3.3143 11.546
      vertex -2.70258 -3.28625 11.45
    endloop
  endfacet
  facet normal -0.104646 -0.758752 -0.642918
    outer loop
      vertex -2.41847 -3.15675 10.9478
      vertex -1.74456 -3.50576 11.25
      vertex -2.51079 -3.12885 10.9299
    endloop
  endfacet
  facet normal -0.304811 -0.584557 -0.751919
    outer loop
      vertex -2.60122 -3.0919 10.9208
      vertex -2.67471 -3.02065 10.8952
      vertex -2.58772 -3.06601 10.8952
    endloop
  endfacet
  facet normal -0.304916 -0.58463 -0.75182
    outer loop
      vertex -2.67471 -3.02065 10.8952
      vertex -2.60122 -3.0919 10.9208
      vertex -2.68821 -3.04653 10.9208
    endloop
  endfacet
  facet normal -0.682318 -0.731055 -0
    outer loop
      vertex -3.51787 -2.5809 11.26
      vertex -3.51787 -2.5809 11.25
      vertex -2.94217 -3.11822 11.45
    endloop
  endfacet
  facet normal -0.667146 -0.720684 0.188497
    outer loop
      vertex -2.86698 -3.17897 11.546
      vertex -2.93098 -3.09676 11.6338
      vertex -2.93936 -3.11283 11.5427
    endloop
  endfacet
  facet normal -0.736911 -0.585178 0.33842
    outer loop
      vertex -2.98149 -2.99762 11.7074
      vertex -3.51787 -2.5809 11.26
      vertex -2.91717 -3.07029 11.7218
    endloop
  endfacet
  facet normal -0.722105 -0.558146 0.408703
    outer loop
      vertex -2.91717 -3.07029 11.7218
      vertex -2.9635 -2.96312 11.7863
      vertex -2.98149 -2.99762 11.7074
    endloop
  endfacet
  facet normal -0.100914 0.631167 0.769054
    outer loop
      vertex -2.53859 -2.1484 12.0325
      vertex -2.41383 -2.10518 12.0134
      vertex -2.50476 -2.08353 11.9837
    endloop
  endfacet
  facet normal -0.310166 0.230472 0.922323
    outer loop
      vertex -2.61375 -2.48852 12.1602
      vertex -2.65352 -2.36876 12.1169
      vertex -2.69412 -2.44661 12.1227
    endloop
  endfacet
  facet normal 0.610662 -0.143991 0.778691
    outer loop
      vertex -1.89405 -2.69927 11.9947
      vertex -1.95591 -2.64958 12.0524
      vertex -1.99291 -2.72051 12.0683
    endloop
  endfacet
  facet normal 0.148799 0.285266 0.946827
    outer loop
      vertex -2.31105 -2.32338 12.1414
      vertex -2.26694 -2.45094 12.1729
      vertex -2.22407 -2.36875 12.1414
    endloop
  endfacet
  facet normal 0.148799 0.285266 0.946827
    outer loop
      vertex -2.26694 -2.45094 12.1729
      vertex -2.31105 -2.32338 12.1414
      vertex -2.35392 -2.40557 12.1729
    endloop
  endfacet
  facet normal -0.318688 -0.892678 0.318691
    outer loop
      vertex -2.69079 -3.26364 11.6437
      vertex -2.58453 -3.27023 11.7315
      vertex -2.67624 -3.23574 11.7364
    endloop
  endfacet
  facet normal -0.142134 -0.831602 0.536876
    outer loop
      vertex -2.47066 -3.25682 11.8051
      vertex -2.44679 -3.21106 11.8823
      vertex -2.54013 -3.1851 11.8978
    endloop
  endfacet
  facet normal 0.302768 -0.73419 0.607697
    outer loop
      vertex -2.2061 -3.12928 11.9447
      vertex -1.8517 -3.39947 11.4417
      vertex -2.12028 -3.13304 11.8974
    endloop
  endfacet
  facet normal 0.306263 -0.731773 0.608861
    outer loop
      vertex -2.2061 -3.12928 11.9447
      vertex -1.85035 -3.4128 11.425
      vertex -1.8517 -3.39947 11.4417
    endloop
  endfacet
  facet normal 0.298601 -0.736937 0.606434
    outer loop
      vertex -1.85035 -3.4128 11.425
      vertex -2.2061 -3.12928 11.9447
      vertex -1.84624 -3.42282 11.4108
    endloop
  endfacet
  facet normal 0.141771 -0.286231 0.947614
    outer loop
      vertex -2.27124 -2.87446 12.136
      vertex -2.22911 -2.79367 12.1541
      vertex -2.3583 -2.83647 12.1605
    endloop
  endfacet
  facet normal -0.77478 -0.194535 0.601558
    outer loop
      vertex -2.97336 -2.79829 11.891
      vertex -3.40283 -2.61944 11.3957
      vertex -3.42303 -2.61877 11.3699
    endloop
  endfacet
  facet normal -0.774716 -0.191159 0.602722
    outer loop
      vertex -3.40283 -2.61944 11.3957
      vertex -2.97336 -2.79829 11.891
      vertex -2.945 -2.74391 11.9447
    endloop
  endfacet
  facet normal -0.775022 -0.18339 0.604739
    outer loop
      vertex -3.39167 -2.61681 11.4108
      vertex -3.40283 -2.61944 11.3957
      vertex -2.945 -2.74391 11.9447
    endloop
  endfacet
  facet normal -0.56474 -0.52502 0.636728
    outer loop
      vertex -2.77026 -2.99352 11.9701
      vertex -2.84598 -2.93378 11.9522
      vertex -2.8743 -2.98809 11.8823
    endloop
  endfacet
  facet normal -0.565064 -0.52414 0.637166
    outer loop
      vertex -2.7996 -3.04978 11.8978
      vertex -2.77026 -2.99352 11.9701
      vertex -2.8743 -2.98809 11.8823
    endloop
  endfacet
  facet normal -0.523122 -0.445325 0.726656
    outer loop
      vertex -2.77026 -2.99352 11.9701
      vertex -2.81368 -2.87186 12.0134
      vertex -2.84598 -2.93378 11.9522
    endloop
  endfacet
  facet normal -0.573047 -0.816952 0.0648558
    outer loop
      vertex -2.78957 -3.24089 11.45
      vertex -2.86698 -3.17897 11.546
      vertex -2.86989 -3.18455 11.45
    endloop
  endfacet
  facet normal -0.0581957 -0.939231 0.338316
    outer loop
      vertex -2.48966 -3.29325 11.7218
      vertex -1.74456 -3.50576 11.26
      vertex -2.39326 -3.30441 11.7074
    endloop
  endfacet
  facet normal -0.652048 -0.691728 0.310396
    outer loop
      vertex -2.844 -3.13491 11.7315
      vertex -2.91717 -3.07029 11.7218
      vertex -2.93098 -3.09676 11.6338
    endloop
  endfacet
  facet normal -0.334123 -0.922451 0.193507
    outer loop
      vertex -2.60751 -3.3143 11.546
      vertex -2.69079 -3.26364 11.6437
      vertex -2.69962 -3.28058 11.5477
    endloop
  endfacet
  facet normal -0.142362 -0.831649 0.536742
    outer loop
      vertex -2.47066 -3.25682 11.8051
      vertex -2.54013 -3.1851 11.8978
      vertex -2.56485 -3.2325 11.8178
    endloop
  endfacet
  facet normal -0.13969 -0.548538 0.824374
    outer loop
      vertex -2.47734 -3.0647 12.0336
      vertex -2.52955 -2.95447 12.0981
      vertex -2.56719 -3.02664 12.0437
    endloop
  endfacet
  facet normal -0.265766 -0.791142 0.550874
    outer loop
      vertex -2.56485 -3.2325 11.8178
      vertex -2.54013 -3.1851 11.8978
      vertex -2.65622 -3.19735 11.8242
    endloop
  endfacet
  facet normal -0.769503 -0.316732 0.554568
    outer loop
      vertex -2.99823 -2.84598 11.8296
      vertex -3.42678 -2.61881 11.3647
      vertex -3.45247 -2.6126 11.3326
    endloop
  endfacet
  facet normal -0.769587 -0.314295 0.555836
    outer loop
      vertex -3.42678 -2.61881 11.3647
      vertex -2.99823 -2.84598 11.8296
      vertex -2.97336 -2.79829 11.891
    endloop
  endfacet
  facet normal -0.770158 -0.297973 0.563975
    outer loop
      vertex -2.99823 -2.84598 11.8296
      vertex -3.45247 -2.6126 11.3326
      vertex -3.47539 -2.60257 11.3066
    endloop
  endfacet
  facet normal -0.770012 -0.309957 0.557681
    outer loop
      vertex -3.42303 -2.61877 11.3699
      vertex -3.42678 -2.61881 11.3647
      vertex -2.97336 -2.79829 11.891
    endloop
  endfacet
  facet normal -0.620262 -0.364526 0.694548
    outer loop
      vertex -2.81368 -2.87186 12.0134
      vertex -2.88348 -2.80968 11.9837
      vertex -2.91407 -2.86833 11.9256
    endloop
  endfacet
  facet normal -0.731511 0.124867 0.670298
    outer loop
      vertex -2.90595 -2.50073 11.9947
      vertex -2.95915 -2.45273 11.9277
      vertex -2.98748 -2.50704 11.9069
    endloop
  endfacet
  facet normal -0.777549 -0.0657874 0.625372
    outer loop
      vertex -2.9972 -2.67569 11.8974
      vertex -3.34759 -2.59343 11.4704
      vertex -3.36131 -2.60428 11.4522
    endloop
  endfacet
  facet normal -0.777712 -0.0725341 0.624423
    outer loop
      vertex -2.9972 -2.67569 11.8974
      vertex -3.36131 -2.60428 11.4522
      vertex -3.3694 -2.60793 11.4417
    endloop
  endfacet
  facet normal -0.777514 -0.0649636 0.625501
    outer loop
      vertex -3.34759 -2.59343 11.4704
      vertex -2.9972 -2.67569 11.8974
      vertex -2.96884 -2.62131 11.9383
    endloop
  endfacet
  facet normal -0.564393 0.548754 0.616708
    outer loop
      vertex -2.96035 -1.88482 11.5165
      vertex -2.81246 -2.17146 11.9069
      vertex -2.95975 -1.88218 11.5147
    endloop
  endfacet
  facet normal -0.578711 0.537172 0.613628
    outer loop
      vertex -2.96906 -1.90814 11.5287
      vertex -2.81246 -2.17146 11.9069
      vertex -2.96035 -1.88482 11.5165
    endloop
  endfacet
  facet normal -0.579009 0.536915 0.613573
    outer loop
      vertex -2.81246 -2.17146 11.9069
      vertex -2.96906 -1.90814 11.5287
      vertex -2.84078 -2.22577 11.9277
    endloop
  endfacet
  facet normal -0.520156 0.0807397 0.850246
    outer loop
      vertex -2.77462 -2.60097 12.0997
      vertex -2.80709 -2.47949 12.0683
      vertex -2.84409 -2.55042 12.0524
    endloop
  endfacet
  facet normal -0.477528 -0.356094 0.803221
    outer loop
      vertex -2.73681 -2.92938 12.0336
      vertex -2.77796 -2.80337 12.065
      vertex -2.81368 -2.87186 12.0134
    endloop
  endfacet
  facet normal -0.721615 0.330976 0.608051
    outer loop
      vertex -2.92982 -2.39648 11.9403
      vertex -2.95292 -2.31163 11.8667
      vertex -2.97807 -2.35985 11.8631
    endloop
  endfacet
  facet normal -0.656604 0.0545836 0.752258
    outer loop
      vertex -2.8798 -2.61891 12.0261
      vertex -2.90595 -2.50073 11.9947
      vertex -2.93825 -2.56265 11.971
    endloop
  endfacet
  facet normal -0.664521 -0.195848 0.721149
    outer loop
      vertex -2.84964 -2.74481 12.0325
      vertex -2.91364 -2.68378 11.9901
      vertex -2.88348 -2.80968 11.9837
    endloop
  endfacet
  facet normal -0.576023 -0.278569 0.768503
    outer loop
      vertex -2.77796 -2.80337 12.065
      vertex -2.84964 -2.74481 12.0325
      vertex -2.81368 -2.87186 12.0134
    endloop
  endfacet
  facet normal -0.771666 0.167542 0.613564
    outer loop
      vertex -3.29303 -2.52932 11.5287
      vertex -2.98748 -2.50704 11.9069
      vertex -2.95915 -2.45273 11.9277
    endloop
  endfacet
  facet normal -0.771703 0.167193 0.613614
    outer loop
      vertex -3.30717 -2.54981 11.5165
      vertex -2.98748 -2.50704 11.9069
      vertex -3.29303 -2.52932 11.5287
    endloop
  endfacet
  facet normal -0.773036 0.148372 0.616767
    outer loop
      vertex -2.98748 -2.50704 11.9069
      vertex -3.30717 -2.54981 11.5165
      vertex -3.30899 -2.55181 11.5147
    endloop
  endfacet
  facet normal -0.770857 0.048784 0.635138
    outer loop
      vertex -2.96884 -2.62131 11.9383
      vertex -2.98748 -2.50704 11.9069
      vertex -3.0143 -2.55848 11.8783
    endloop
  endfacet
  facet normal -0.723913 0.418601 0.548383
    outer loop
      vertex -2.99685 -1.96995 11.5479
      vertex -2.92777 -2.26341 11.8631
      vertex -2.99474 -1.96486 11.5468
    endloop
  endfacet
  facet normal -0.725814 0.416868 0.547187
    outer loop
      vertex -3.00657 -1.98858 11.5492
      vertex -2.92777 -2.26341 11.8631
      vertex -2.99685 -1.96995 11.5479
    endloop
  endfacet
  facet normal -0.724046 0.418569 0.548232
    outer loop
      vertex -2.92777 -2.26341 11.8631
      vertex -3.00657 -1.98858 11.5492
      vertex -2.95292 -2.31163 11.8667
    endloop
  endfacet
  facet normal -0.72108 0.331449 0.608429
    outer loop
      vertex -2.89997 -2.33925 11.9445
      vertex -2.95292 -2.31163 11.8667
      vertex -2.92982 -2.39648 11.9403
    endloop
  endfacet
  facet normal 0.194056 0.930565 0.310469
    outer loop
      vertex -2.21547 -1.92977 11.7315
      vertex -2.29653 -1.88027 11.6338
      vertex -2.31034 -1.90675 11.7218
    endloop
  endfacet
  facet normal 0.342044 0.937443 -0.0648571
    outer loop
      vertex -2.18958 -1.88012 11.45
      vertex -2.09741 -1.91375 11.45
      vertex -2.19249 -1.8857 11.354
    endloop
  endfacet
  facet normal -0.655628 0.475038 0.586934
    outer loop
      vertex -2.90305 -2.21601 11.8525
      vertex -2.98243 -1.94131 11.5415
      vertex -2.98299 -1.94233 11.5417
    endloop
  endfacet
  facet normal -0.640611 0.487003 0.593671
    outer loop
      vertex -2.84078 -2.22577 11.9277
      vertex -2.98243 -1.94131 11.5415
      vertex -2.90305 -2.21601 11.8525
    endloop
  endfacet
  facet normal -0.640604 0.48701 0.593673
    outer loop
      vertex -2.98243 -1.94131 11.5415
      vertex -2.84078 -2.22577 11.9277
      vertex -2.97038 -1.91266 11.531
    endloop
  endfacet
  facet normal -0.6384 0.48893 0.594468
    outer loop
      vertex -2.97038 -1.91266 11.531
      vertex -2.84078 -2.22577 11.9277
      vertex -2.96906 -1.90814 11.5287
    endloop
  endfacet
  facet normal -0.219785 0.657068 0.72108
    outer loop
      vertex -2.53859 -2.1484 12.0325
      vertex -2.50476 -2.08353 11.9837
      vertex -2.62526 -2.13086 11.9901
    endloop
  endfacet
  facet normal -0.149519 0.539139 0.828838
    outer loop
      vertex -2.48808 -2.24754 12.1061
      vertex -2.44955 -2.17367 12.065
      vertex -2.53859 -2.1484 12.0325
    endloop
  endfacet
  facet normal -0.521057 0.528415 0.670282
    outer loop
      vertex -2.77097 -2.24192 11.9947
      vertex -2.81246 -2.17146 11.9069
      vertex -2.84078 -2.22577 11.9277
    endloop
  endfacet
  facet normal -0.14144 0.808818 0.570795
    outer loop
      vertex -2.56554 -2.01634 11.891
      vertex -2.44734 -1.97344 11.8595
      vertex -2.54067 -1.96866 11.8296
    endloop
  endfacet
  facet normal 0.526638 0.72823 0.438559
    outer loop
      vertex -1.956 -2.06509 11.7315
      vertex -2.03677 -2.00963 11.7364
      vertex -1.97568 -2.10283 11.8178
    endloop
  endfacet
  facet normal 0.647721 0.737901 -0.189628
    outer loop
      vertex -1.9417 -2.03767 11.2596
      vertex -1.93302 -2.02103 11.354
      vertex -1.28213 -2.6191 11.25
    endloop
  endfacet
  facet normal 0.0444547 0.911526 0.408833
    outer loop
      vertex -2.42474 -1.9301 11.7863
      vertex -2.31034 -1.90675 11.7218
      vertex -2.40674 -1.89559 11.7074
    endloop
  endfacet
  facet normal 0.753709 -0.390981 0.528259
    outer loop
      vertex -1.84708 -2.88837 11.8667
      vertex -1.55726 -2.75757 11.55
      vertex -1.55146 -2.74747 11.5492
    endloop
  endfacet
  facet normal 0.753432 -0.392946 0.527194
    outer loop
      vertex -1.84708 -2.88837 11.8667
      vertex -1.78847 -3.20089 11.55
      vertex -1.55726 -2.75757 11.55
    endloop
  endfacet
  facet normal 0.751946 -0.394328 0.528282
    outer loop
      vertex -1.78847 -3.20089 11.55
      vertex -1.84708 -2.88837 11.8667
      vertex -1.79343 -3.21142 11.5492
    endloop
  endfacet
  facet normal 0.335228 -0.672762 0.659555
    outer loop
      vertex -2.2061 -3.12928 11.9447
      vertex -2.09192 -3.07866 11.9383
      vertex -2.17473 -3.06914 11.9901
    endloop
  endfacet
  facet normal 0.72207 0.558129 0.408787
    outer loop
      vertex -1.8365 -2.23689 11.7863
      vertex -1.88283 -2.12971 11.7218
      vertex -1.90183 -2.16614 11.8051
    endloop
  endfacet
  facet normal -0.0263076 0.231888 0.972387
    outer loop
      vertex -2.39832 -2.4907 12.192
      vertex -2.35392 -2.40557 12.1729
      vertex -2.44169 -2.36353 12.1605
    endloop
  endfacet
  facet normal 0.334208 0.922437 -0.193427
    outer loop
      vertex -2.20117 -1.90235 11.2596
      vertex -2.19249 -1.8857 11.354
      vertex -2.10921 -1.93636 11.2563
    endloop
  endfacet
  facet normal 0.565241 0.801912 0.193494
    outer loop
      vertex -1.93302 -2.02103 11.546
      vertex -2.01339 -1.96479 11.5477
      vertex -2.02222 -1.98173 11.6437
    endloop
  endfacet
  facet normal 0.0169683 0.858057 0.513274
    outer loop
      vertex -2.35321 -1.98894 11.8823
      vertex -2.42474 -1.9301 11.7863
      vertex -2.44734 -1.97344 11.8595
    endloop
  endfacet
  facet normal -0.0171948 0.792439 0.609709
    outer loop
      vertex -2.47417 -2.02488 11.9256
      vertex -2.35321 -1.98894 11.8823
      vertex -2.44734 -1.97344 11.8595
    endloop
  endfacet
  facet normal 0.600474 0.592781 0.536695
    outer loop
      vertex -1.90183 -2.16614 11.8051
      vertex -1.97568 -2.10283 11.8178
      vertex -2.0004 -2.15022 11.8978
    endloop
  endfacet
  facet normal 0.736911 0.585178 0.33842
    outer loop
      vertex -1.28213 -2.6191 11.26
      vertex -1.88283 -2.12971 11.7218
      vertex -1.81851 -2.20238 11.7074
    endloop
  endfacet
  facet normal 0.656645 -0.0546198 0.752219
    outer loop
      vertex -1.86175 -2.63735 11.971
      vertex -1.92019 -2.58109 12.0261
      vertex -1.89405 -2.69927 11.9947
    endloop
  endfacet
  facet normal 0.315821 0.0475721 0.947626
    outer loop
      vertex -2.10124 -2.5485 12.136
      vertex -2.18223 -2.49886 12.1605
      vertex -2.14338 -2.62929 12.1541
    endloop
  endfacet
  facet normal 0.234403 0.953447 -0.189719
    outer loop
      vertex -3.05544 -1.69424 11.25
      vertex -2.19249 -1.8857 11.354
      vertex -2.20117 -1.90235 11.2596
    endloop
  endfacet
  facet normal 0.460097 0.600504 -0.653992
    outer loop
      vertex -2.02974 -2.20648 10.9299
      vertex -2.08194 -2.09624 10.9944
      vertex -2.0004 -2.15022 11.0022
    endloop
  endfacet
  facet normal 0.295743 0.848686 -0.438484
    outer loop
      vertex -2.21547 -1.92977 11.1685
      vertex -2.12376 -1.96426 11.1636
      vertex -2.23515 -1.9675 11.0822
    endloop
  endfacet
  facet normal 0.526695 0.728221 -0.438506
    outer loop
      vertex -2.05679 -2.04802 11.0758
      vertex -2.03677 -2.00963 11.1636
      vertex -1.97568 -2.10283 11.0822
    endloop
  endfacet
  facet normal 0.547256 0.424009 -0.721614
    outer loop
      vertex -1.95503 -2.26815 10.9459
      vertex -1.95402 -2.26622 10.9478
      vertex -1.28213 -2.6191 11.25
    endloop
  endfacet
  facet normal 0.417973 0.520386 -0.744645
    outer loop
      vertex -2.06596 -2.2103 10.9069
      vertex -2.02974 -2.20648 10.9299
      vertex -2.03905 -2.22433 10.9122
    endloop
  endfacet
  facet normal -0.526638 -0.72823 -0.438559
    outer loop
      vertex -2.844 -3.13491 11.1685
      vertex -2.82432 -3.09717 11.0822
      vertex -2.76323 -3.19037 11.1636
    endloop
  endfacet
  facet normal -0.384548 -0.737227 -0.555534
    outer loop
      vertex -2.71805 -3.10376 10.9944
      vertex -2.65622 -3.19735 11.0758
      vertex -2.7432 -3.15198 11.0758
    endloop
  endfacet
  facet normal -0.384548 -0.737227 -0.555534
    outer loop
      vertex -2.65622 -3.19735 11.0758
      vertex -2.71805 -3.10376 10.9944
      vertex -2.63107 -3.14913 10.9944
    endloop
  endfacet
  facet normal -0.563135 -0.525694 -0.637593
    outer loop
      vertex -2.7996 -3.04978 11.0022
      vertex -3.51787 -2.5809 11.25
      vertex -2.77026 -2.99352 10.9299
    endloop
  endfacet
  facet normal -0.318702 -0.892667 -0.318709
    outer loop
      vertex -2.69079 -3.26364 11.2563
      vertex -2.58453 -3.27023 11.1685
      vertex -2.59883 -3.29765 11.2596
    endloop
  endfacet
  facet normal -0.228097 -0.921863 -0.313274
    outer loop
      vertex -2.58453 -3.27023 11.1685
      vertex -1.74456 -3.50576 11.25
      vertex -2.59883 -3.29765 11.2596
    endloop
  endfacet
  facet normal -0.549586 -0.772234 -0.318765
    outer loop
      vertex -2.77778 -3.21828 11.2563
      vertex -2.844 -3.13491 11.1685
      vertex -2.76323 -3.19037 11.1636
    endloop
  endfacet
  facet normal -0.460058 -0.60053 -0.653996
    outer loop
      vertex -2.7996 -3.04978 11.0022
      vertex -2.77026 -2.99352 10.9299
      vertex -2.71805 -3.10376 10.9944
    endloop
  endfacet
  facet normal -0.460493 -0.600547 -0.653674
    outer loop
      vertex -2.71805 -3.10376 10.9944
      vertex -2.77026 -2.99352 10.9299
      vertex -2.68821 -3.04653 10.9208
    endloop
  endfacet
  facet normal -0.062646 -0.681491 -0.72914
    outer loop
      vertex -2.41847 -3.15675 10.9478
      vertex -2.48221 -3.12104 10.9199
      vertex -2.41746 -3.15481 10.9459
    endloop
  endfacet
  facet normal -0.0664861 -0.68529 -0.725229
    outer loop
      vertex -2.48221 -3.12104 10.9199
      vertex -2.41847 -3.15675 10.9478
      vertex -2.51079 -3.12885 10.9299
    endloop
  endfacet
  facet normal -0.0334596 -0.690366 -0.722686
    outer loop
      vertex -2.41847 -3.15675 10.9478
      vertex -2.41746 -3.15481 10.9459
      vertex -1.74456 -3.50576 11.25
    endloop
  endfacet
  facet normal -0.674779 -0.735309 0.0631941
    outer loop
      vertex -2.86698 -3.17897 11.546
      vertex -2.94217 -3.11822 11.45
      vertex -2.86989 -3.18455 11.45
    endloop
  endfacet
  facet normal -0.674789 -0.735299 0.0632084
    outer loop
      vertex -2.86698 -3.17897 11.546
      vertex -2.93936 -3.11283 11.5427
      vertex -2.94217 -3.11822 11.45
    endloop
  endfacet
  facet normal 0.527639 0.185932 0.82887
    outer loop
      vertex -1.95035 -2.45519 12.0325
      vertex -2.02204 -2.39663 12.065
      vertex -2.06057 -2.47051 12.1061
    endloop
  endfacet
  facet normal -0.264575 0.571104 0.777072
    outer loop
      vertex -2.57508 -2.21837 12.0715
      vertex -2.53859 -2.1484 12.0325
      vertex -2.62526 -2.13086 11.9901
    endloop
  endfacet
  facet normal -0.179212 0.737006 0.651694
    outer loop
      vertex -2.50476 -2.08353 11.9837
      vertex -2.56554 -2.01634 11.891
      vertex -2.5939 -2.07072 11.9447
    endloop
  endfacet
  facet normal -0.0302285 -0.0579646 0.997861
    outer loop
      vertex -2.44349 -2.57732 12.1984
      vertex -2.40168 -2.7093 12.192
      vertex -2.35651 -2.62268 12.1984
    endloop
  endfacet
  facet normal -0.0302364 -0.0579671 0.997861
    outer loop
      vertex -2.40168 -2.7093 12.192
      vertex -2.44349 -2.57732 12.1984
      vertex -2.48866 -2.66393 12.192
    endloop
  endfacet
  facet normal 0.0855589 -0.117716 0.989355
    outer loop
      vertex -2.31466 -2.75279 12.1793
      vertex -2.35651 -2.62268 12.1984
      vertex -2.40168 -2.7093 12.192
    endloop
  endfacet
  facet normal -0.186376 -0.639763 0.745632
    outer loop
      vertex -2.51079 -3.12885 11.9701
      vertex -2.56719 -3.02664 12.0437
      vertex -2.60122 -3.0919 11.9792
    endloop
  endfacet
  facet normal 0.640611 -0.487003 0.593671
    outer loop
      vertex -1.81757 -3.25869 11.5415
      vertex -1.89695 -2.98399 11.8525
      vertex -1.95922 -2.97423 11.9277
    endloop
  endfacet
  facet normal 0.655628 -0.475038 0.586934
    outer loop
      vertex -1.89695 -2.98399 11.8525
      vertex -1.81757 -3.25869 11.5415
      vertex -1.81701 -3.25767 11.5417
    endloop
  endfacet
  facet normal 0.640604 -0.48701 0.593673
    outer loop
      vertex -1.95922 -2.97423 11.9277
      vertex -1.82962 -3.28734 11.531
      vertex -1.81757 -3.25869 11.5415
    endloop
  endfacet
  facet normal 0.6384 -0.48893 0.594468
    outer loop
      vertex -1.82962 -3.28734 11.531
      vertex -1.95922 -2.97423 11.9277
      vertex -1.83094 -3.29186 11.5287
    endloop
  endfacet
  facet normal 0.372831 0.155415 0.914791
    outer loop
      vertex -2.06057 -2.47051 12.1061
      vertex -2.14009 -2.41807 12.1296
      vertex -2.18223 -2.49886 12.1605
    endloop
  endfacet
  facet normal 0.684382 -0.402348 0.608061
    outer loop
      vertex -1.87223 -2.93659 11.8631
      vertex -1.84708 -2.88837 11.8667
      vertex -1.92988 -2.91798 11.9403
    endloop
  endfacet
  facet normal -0.460058 -0.60053 0.653996
    outer loop
      vertex -2.71805 -3.10376 11.9056
      vertex -2.77026 -2.99352 11.9701
      vertex -2.7996 -3.04978 11.8978
    endloop
  endfacet
  facet normal -0.417974 -0.518947 0.745648
    outer loop
      vertex -2.68821 -3.04653 11.9792
      vertex -2.65417 -2.98127 12.0437
      vertex -2.77026 -2.99352 11.9701
    endloop
  endfacet
  facet normal -0.693867 -0.504972 0.513373
    outer loop
      vertex -2.8743 -2.98809 11.8823
      vertex -2.94089 -2.91977 11.8595
      vertex -2.9635 -2.96312 11.7863
    endloop
  endfacet
  facet normal -0.694034 -0.504444 0.513666
    outer loop
      vertex -2.89817 -3.03386 11.8051
      vertex -2.8743 -2.98809 11.8823
      vertex -2.9635 -2.96312 11.7863
    endloop
  endfacet
  facet normal -0.600474 -0.592781 0.536695
    outer loop
      vertex -2.82432 -3.09717 11.8178
      vertex -2.7996 -3.04978 11.8978
      vertex -2.89817 -3.03386 11.8051
    endloop
  endfacet
  facet normal -0.549586 -0.772234 0.318765
    outer loop
      vertex -2.76323 -3.19037 11.7364
      vertex -2.844 -3.13491 11.7315
      vertex -2.77778 -3.21828 11.6437
    endloop
  endfacet
  facet normal -0.549643 -0.772217 0.318706
    outer loop
      vertex -2.77778 -3.21828 11.6437
      vertex -2.844 -3.13491 11.7315
      vertex -2.8583 -3.16233 11.6404
    endloop
  endfacet
  facet normal -0.334208 -0.922437 0.193427
    outer loop
      vertex -2.60751 -3.3143 11.546
      vertex -2.59883 -3.29765 11.6404
      vertex -2.69079 -3.26364 11.6437
    endloop
  endfacet
  facet normal -0.216774 -0.97418 0.0631092
    outer loop
      vertex -2.51466 -3.34118 11.45
      vertex -2.51185 -3.3358 11.5427
      vertex -2.60751 -3.3143 11.546
    endloop
  endfacet
  facet normal -0.341996 -0.937467 0.0647671
    outer loop
      vertex -2.70258 -3.28625 11.45
      vertex -2.60751 -3.3143 11.546
      vertex -2.69962 -3.28058 11.5477
    endloop
  endfacet
  facet normal -0.216691 -0.974193 0.0631934
    outer loop
      vertex -2.61042 -3.31988 11.45
      vertex -2.51466 -3.34118 11.45
      vertex -2.60751 -3.3143 11.546
    endloop
  endfacet
  facet normal -0.087539 -0.448942 0.889263
    outer loop
      vertex -2.52955 -2.95447 12.0981
      vertex -2.40044 -2.91725 12.1296
      vertex -2.48894 -2.87662 12.1414
    endloop
  endfacet
  facet normal -0.0188921 -0.595043 0.803472
    outer loop
      vertex -2.47734 -3.0647 12.0336
      vertex -2.35045 -3.02633 12.065
      vertex -2.44034 -2.99377 12.087
    endloop
  endfacet
  facet normal -0.347718 -0.666619 0.659327
    outer loop
      vertex -2.63107 -3.14913 11.9056
      vertex -2.68821 -3.04653 11.9792
      vertex -2.71805 -3.10376 11.9056
    endloop
  endfacet
  facet normal -0.347675 -0.666614 0.659354
    outer loop
      vertex -2.68821 -3.04653 11.9792
      vertex -2.63107 -3.14913 11.9056
      vertex -2.60122 -3.0919 11.9792
    endloop
  endfacet
  facet normal -0.496678 -0.670763 0.550807
    outer loop
      vertex -2.71805 -3.10376 11.9056
      vertex -2.7996 -3.04978 11.8978
      vertex -2.7432 -3.15198 11.8242
    endloop
  endfacet
  facet normal -0.659657 -0.439491 0.609673
    outer loop
      vertex -2.8743 -2.98809 11.8823
      vertex -2.91407 -2.86833 11.9256
      vertex -2.94089 -2.91977 11.8595
    endloop
  endfacet
  facet normal -0.660322 -0.439459 0.608975
    outer loop
      vertex -2.84598 -2.93378 11.9522
      vertex -2.91407 -2.86833 11.9256
      vertex -2.8743 -2.98809 11.8823
    endloop
  endfacet
  facet normal -0.763737 -0.389021 0.515139
    outer loop
      vertex -2.94089 -2.91977 11.8595
      vertex -3.47539 -2.60257 11.3066
      vertex -3.48111 -2.60008 11.3
    endloop
  endfacet
  facet normal -0.76412 -0.383637 0.518597
    outer loop
      vertex -3.47539 -2.60257 11.3066
      vertex -2.94089 -2.91977 11.8595
      vertex -2.99823 -2.84598 11.8296
    endloop
  endfacet
  facet normal -0.763893 -0.386919 0.51649
    outer loop
      vertex -2.94089 -2.91977 11.8595
      vertex -3.48111 -2.60008 11.3
      vertex -3.51787 -2.5809 11.26
    endloop
  endfacet
  facet normal -0.744139 -0.346928 0.570875
    outer loop
      vertex -2.94089 -2.91977 11.8595
      vertex -2.97336 -2.79829 11.891
      vertex -2.99823 -2.84598 11.8296
    endloop
  endfacet
  facet normal -0.775351 -0.167811 0.608827
    outer loop
      vertex -2.945 -2.74391 11.9447
      vertex -3.3694 -2.60793 11.4417
      vertex -3.3811 -2.61446 11.425
    endloop
  endfacet
  facet normal -0.775196 -0.177208 0.606357
    outer loop
      vertex -2.945 -2.74391 11.9447
      vertex -3.3811 -2.61446 11.425
      vertex -3.39167 -2.61681 11.4108
    endloop
  endfacet
  facet normal -0.775334 -0.171915 0.607703
    outer loop
      vertex -3.3694 -2.60793 11.4417
      vertex -2.945 -2.74391 11.9447
      vertex -2.9972 -2.67569 11.8974
    endloop
  endfacet
  facet normal -0.742417 -0.109867 0.660868
    outer loop
      vertex -2.945 -2.74391 11.9447
      vertex -2.96884 -2.62131 11.9383
      vertex -2.9972 -2.67569 11.8974
    endloop
  endfacet
  facet normal -0.20521 -0.111139 0.972387
    outer loop
      vertex -2.53306 -2.74906 12.1729
      vertex -2.48866 -2.66393 12.192
      vertex -2.61777 -2.70114 12.1605
    endloop
  endfacet
  facet normal -0.1455 0.00277517 0.989354
    outer loop
      vertex -2.48866 -2.66393 12.192
      vertex -2.44349 -2.57732 12.1984
      vertex -2.57413 -2.61747 12.1793
    endloop
  endfacet
  facet normal -0.700769 -0.0299865 0.712757
    outer loop
      vertex -2.8798 -2.61891 12.0261
      vertex -2.93825 -2.56265 11.971
      vertex -2.91364 -2.68378 11.9901
    endloop
  endfacet
  facet normal -0.702091 -0.0304634 0.711436
    outer loop
      vertex -2.91364 -2.68378 11.9901
      vertex -2.93825 -2.56265 11.971
      vertex -2.96884 -2.62131 11.9383
    endloop
  endfacet
  facet normal -0.369822 -0.428519 0.824381
    outer loop
      vertex -2.65417 -2.98127 12.0437
      vertex -2.61653 -2.9091 12.0981
      vertex -2.73681 -2.92938 12.0336
    endloop
  endfacet
  facet normal -0.318509 -0.328865 0.889044
    outer loop
      vertex -2.61653 -2.9091 12.0981
      vertex -2.65991 -2.78193 12.1296
      vertex -2.69981 -2.85845 12.087
    endloop
  endfacet
  facet normal -0.775248 0.0543089 0.629318
    outer loop
      vertex -3.30899 -2.55181 11.5147
      vertex -3.0143 -2.55848 11.8783
      vertex -2.98748 -2.50704 11.9069
    endloop
  endfacet
  facet normal -0.775201 0.055217 0.629297
    outer loop
      vertex -3.32373 -2.57184 11.4983
      vertex -3.0143 -2.55848 11.8783
      vertex -3.30899 -2.55181 11.5147
    endloop
  endfacet
  facet normal -0.774388 0.0785629 0.627814
    outer loop
      vertex -3.0143 -2.55848 11.8783
      vertex -3.32373 -2.57184 11.4983
      vertex -3.32418 -2.57228 11.4978
    endloop
  endfacet
  facet normal -0.775292 0.0426831 0.630159
    outer loop
      vertex -2.96884 -2.62131 11.9383
      vertex -3.32418 -2.57228 11.4978
      vertex -3.34222 -2.58992 11.4768
    endloop
  endfacet
  facet normal -0.775611 0.0377518 0.630081
    outer loop
      vertex -2.96884 -2.62131 11.9383
      vertex -3.34222 -2.58992 11.4768
      vertex -3.34759 -2.59343 11.4704
    endloop
  endfacet
  facet normal -0.775473 0.0406086 0.630074
    outer loop
      vertex -3.32418 -2.57228 11.4978
      vertex -2.96884 -2.62131 11.9383
      vertex -3.0143 -2.55848 11.8783
    endloop
  endfacet
  facet normal -0.76459 0.267629 0.586325
    outer loop
      vertex -3.26121 -2.4758 11.5468
      vertex -3.00279 -2.40725 11.8525
      vertex -2.97807 -2.35985 11.8631
    endloop
  endfacet
  facet normal -0.76474 0.266231 0.586765
    outer loop
      vertex -3.00279 -2.40725 11.8525
      vertex -3.26121 -2.4758 11.5468
      vertex -3.27297 -2.49834 11.5417
    endloop
  endfacet
  facet normal -0.60516 0.367467 0.706221
    outer loop
      vertex -2.83846 -2.37133 12.0139
      vertex -2.87012 -2.28202 11.9403
      vertex -2.89997 -2.33925 11.9445
    endloop
  endfacet
  facet normal -0.46733 0.418493 0.77876
    outer loop
      vertex -2.73181 -2.33515 12.0683
      vertex -2.77097 -2.24192 11.9947
      vertex -2.80442 -2.30607 12.0091
    endloop
  endfacet
  facet normal -0.302877 0.734115 0.607734
    outer loop
      vertex -2.5939 -2.07072 11.9447
      vertex -2.9483 -1.80053 11.4417
      vertex -2.67972 -2.06697 11.8974
    endloop
  endfacet
  facet normal -0.306263 0.731773 0.608861
    outer loop
      vertex -2.5939 -2.07072 11.9447
      vertex -2.94965 -1.7872 11.425
      vertex -2.9483 -1.80053 11.4417
    endloop
  endfacet
  facet normal -0.298601 0.736937 0.606434
    outer loop
      vertex -2.94965 -1.7872 11.425
      vertex -2.5939 -2.07072 11.9447
      vertex -2.95376 -1.77718 11.4108
    endloop
  endfacet
  facet normal -0.648099 0.4717 0.597885
    outer loop
      vertex -2.92777 -2.26341 11.8631
      vertex -2.84078 -2.22577 11.9277
      vertex -2.90305 -2.21601 11.8525
    endloop
  endfacet
  facet normal -0.363948 0.380383 0.850206
    outer loop
      vertex -2.73181 -2.33515 12.0683
      vertex -2.61361 -2.29224 12.0997
      vertex -2.69481 -2.26421 12.0524
    endloop
  endfacet
  facet normal -0.751946 0.394328 0.528282
    outer loop
      vertex -3.01153 -1.99911 11.55
      vertex -2.95292 -2.31163 11.8667
      vertex -3.00657 -1.98858 11.5492
    endloop
  endfacet
  facet normal -0.753438 0.392941 0.527189
    outer loop
      vertex -3.24274 -2.44244 11.55
      vertex -2.95292 -2.31163 11.8667
      vertex -3.01153 -1.99911 11.55
    endloop
  endfacet
  facet normal -0.753661 0.391357 0.528047
    outer loop
      vertex -2.95292 -2.31163 11.8667
      vertex -3.24274 -2.44244 11.55
      vertex -3.24854 -2.45253 11.5492
    endloop
  endfacet
  facet normal -0.65583 0.474873 0.586841
    outer loop
      vertex -2.99474 -1.96486 11.5468
      vertex -2.90305 -2.21601 11.8525
      vertex -2.98299 -1.94233 11.5417
    endloop
  endfacet
  facet normal -0.65707 0.473794 0.586327
    outer loop
      vertex -2.90305 -2.21601 11.8525
      vertex -2.99474 -1.96486 11.5468
      vertex -2.92777 -2.26341 11.8631
    endloop
  endfacet
  facet normal -0.657459 0.0542034 0.751538
    outer loop
      vertex -2.84409 -2.55042 12.0524
      vertex -2.90595 -2.50073 11.9947
      vertex -2.8798 -2.61891 12.0261
    endloop
  endfacet
  facet normal -0.610647 0.143697 0.778756
    outer loop
      vertex -2.80709 -2.47949 12.0683
      vertex -2.87249 -2.43658 12.0091
      vertex -2.90595 -2.50073 11.9947
    endloop
  endfacet
  facet normal -0.0829455 0.868538 0.488632
    outer loop
      vertex -2.44734 -1.97344 11.8595
      vertex -2.42474 -1.9301 11.7863
      vertex -3.05544 -1.69424 11.26
    endloop
  endfacet
  facet normal 0.0854907 0.950299 0.29937
    outer loop
      vertex -2.31034 -1.90675 11.7218
      vertex -2.29653 -1.88027 11.6338
      vertex -3.05544 -1.69424 11.26
    endloop
  endfacet
  facet normal -0.39164 0.674814 0.625495
    outer loop
      vertex -2.67972 -2.06697 11.8974
      vertex -2.94771 -1.82671 11.4704
      vertex -2.70808 -2.12134 11.9383
    endloop
  endfacet
  facet normal -0.391511 0.674912 0.62547
    outer loop
      vertex -2.67972 -2.06697 11.8974
      vertex -2.94667 -1.80924 11.4522
      vertex -2.94771 -1.82671 11.4704
    endloop
  endfacet
  facet normal -0.383812 0.680559 0.624122
    outer loop
      vertex -2.94667 -1.80924 11.4522
      vertex -2.67972 -2.06697 11.8974
      vertex -2.9483 -1.80053 11.4417
    endloop
  endfacet
  facet normal -0.334845 0.67174 0.66079
    outer loop
      vertex -2.70808 -2.12134 11.9383
      vertex -2.5939 -2.07072 11.9447
      vertex -2.67972 -2.06697 11.8974
    endloop
  endfacet
  facet normal 0.209158 0.959541 0.188502
    outer loop
      vertex -2.29653 -1.88027 11.6338
      vertex -2.19249 -1.8857 11.546
      vertex -2.28815 -1.8642 11.5427
    endloop
  endfacet
  facet normal 0.208993 0.977917 0
    outer loop
      vertex -3.05544 -1.69424 11.26
      vertex -2.28534 -1.85882 11.45
      vertex -3.05544 -1.69424 11.25
    endloop
  endfacet
  facet normal 0.193766 0.979043 0.062694
    outer loop
      vertex -2.28815 -1.8642 11.5427
      vertex -2.28534 -1.85882 11.45
      vertex -3.05544 -1.69424 11.26
    endloop
  endfacet
  facet normal 0.460479 0.600519 0.653709
    outer loop
      vertex -2.02974 -2.20648 11.9701
      vertex -2.08194 -2.09624 11.9056
      vertex -2.11179 -2.15347 11.9792
    endloop
  endfacet
  facet normal 0.523122 0.445325 0.726656
    outer loop
      vertex -1.95402 -2.26622 11.9522
      vertex -2.02974 -2.20648 11.9701
      vertex -1.98632 -2.32814 12.0134
    endloop
  endfacet
  facet normal 0.369822 0.428519 0.824381
    outer loop
      vertex -2.06319 -2.27062 12.0336
      vertex -2.14583 -2.21873 12.0437
      vertex -2.18347 -2.2909 12.0981
    endloop
  endfacet
  facet normal 0.771371 -0.048534 0.634533
    outer loop
      vertex -1.81252 -2.69296 11.9069
      vertex -1.83116 -2.57869 11.9383
      vertex -1.86175 -2.63735 11.971
    endloop
  endfacet
  facet normal 0.527463 0.186799 0.828788
    outer loop
      vertex -1.98685 -2.52516 12.0715
      vertex -1.95035 -2.45519 12.0325
      vertex -2.06057 -2.47051 12.1061
    endloop
  endfacet
  facet normal 0.743497 0.346967 0.571688
    outer loop
      vertex -1.82664 -2.40171 11.891
      vertex -1.85911 -2.28023 11.8595
      vertex -1.88593 -2.33167 11.9256
    endloop
  endfacet
  facet normal 0.667146 0.720684 0.188497
    outer loop
      vertex -1.86064 -2.08717 11.5427
      vertex -1.93302 -2.02103 11.546
      vertex -1.86902 -2.10324 11.6338
    endloop
  endfacet
  facet normal 0.209134 0.959553 0.188473
    outer loop
      vertex -2.20117 -1.90235 11.6404
      vertex -2.19249 -1.8857 11.546
      vertex -2.29653 -1.88027 11.6338
    endloop
  endfacet
  facet normal 0.49672 0.670735 0.550803
    outer loop
      vertex -2.0004 -2.15022 11.8978
      vertex -2.05679 -2.04802 11.8242
      vertex -2.08194 -2.09624 11.9056
    endloop
  endfacet
  facet normal 0.652048 0.691728 0.310396
    outer loop
      vertex -1.88283 -2.12971 11.7218
      vertex -1.86902 -2.10324 11.6338
      vertex -1.956 -2.06509 11.7315
    endloop
  endfacet
  facet normal 0.549578 0.772262 0.318709
    outer loop
      vertex -1.9417 -2.03767 11.6404
      vertex -2.02222 -1.98173 11.6437
      vertex -1.956 -2.06509 11.7315
    endloop
  endfacet
  facet normal 0.142362 0.831649 0.536742
    outer loop
      vertex -2.25987 -2.0149 11.8978
      vertex -2.23515 -1.9675 11.8178
      vertex -2.32934 -1.94318 11.8051
    endloop
  endfacet
  facet normal 0.56474 0.52502 0.636728
    outer loop
      vertex -1.95402 -2.26622 11.9522
      vertex -1.9257 -2.21191 11.8823
      vertex -2.02974 -2.20648 11.9701
    endloop
  endfacet
  facet normal 0.746855 0.529729 0.401988
    outer loop
      vertex -1.28213 -2.6191 11.26
      vertex -1.81851 -2.20238 11.7074
      vertex -1.8365 -2.23689 11.7863
    endloop
  endfacet
  facet normal 0.722091 0.558122 0.40876
    outer loop
      vertex -1.81851 -2.20238 11.7074
      vertex -1.88283 -2.12971 11.7218
      vertex -1.8365 -2.23689 11.7863
    endloop
  endfacet
  facet normal 0.731511 -0.124867 0.670298
    outer loop
      vertex -1.84085 -2.74727 11.9277
      vertex -1.81252 -2.69296 11.9069
      vertex -1.89405 -2.69927 11.9947
    endloop
  endfacet
  facet normal 0.619705 0.109874 0.777106
    outer loop
      vertex -1.88636 -2.51622 11.9901
      vertex -1.95035 -2.45519 12.0325
      vertex -1.98685 -2.52516 12.0715
    endloop
  endfacet
  facet normal 0.0664861 0.68529 -0.725229
    outer loop
      vertex -2.31779 -2.07896 10.9199
      vertex -2.38153 -2.04325 10.9478
      vertex -2.28921 -2.07115 10.9299
    endloop
  endfacet
  facet normal 0.062646 0.681491 -0.72914
    outer loop
      vertex -2.38153 -2.04325 10.9478
      vertex -2.31779 -2.07896 10.9199
      vertex -2.38254 -2.04519 10.9459
    endloop
  endfacet
  facet normal 0.228097 0.921863 -0.313274
    outer loop
      vertex -3.05544 -1.69424 11.25
      vertex -2.20117 -1.90235 11.2596
      vertex -2.21547 -1.92977 11.1685
    endloop
  endfacet
  facet normal 0.453466 0.869643 -0.195165
    outer loop
      vertex -2.02222 -1.98173 11.2563
      vertex -2.10038 -1.91943 11.3523
      vertex -2.01339 -1.96479 11.3523
    endloop
  endfacet
  facet normal 0.453553 0.869617 -0.195078
    outer loop
      vertex -2.10038 -1.91943 11.3523
      vertex -2.02222 -1.98173 11.2563
      vertex -2.10921 -1.93636 11.2563
    endloop
  endfacet
  facet normal 0.104646 0.758752 -0.642918
    outer loop
      vertex -3.05544 -1.69424 11.25
      vertex -2.28921 -2.07115 10.9299
      vertex -2.38153 -2.04325 10.9478
    endloop
  endfacet
  facet normal 0.496713 0.67074 -0.550803
    outer loop
      vertex -2.08194 -2.09624 10.9944
      vertex -2.05679 -2.04802 11.0758
      vertex -1.97568 -2.10283 11.0822
    endloop
  endfacet
  facet normal 0.265787 0.791184 -0.550804
    outer loop
      vertex -2.23515 -1.9675 11.0822
      vertex -2.14378 -2.00265 11.0758
      vertex -2.16893 -2.05087 10.9944
    endloop
  endfacet
  facet normal 0.573047 0.816952 0.0648558
    outer loop
      vertex -1.93011 -2.01545 11.45
      vertex -2.01043 -1.95911 11.45
      vertex -1.93302 -2.02103 11.546
    endloop
  endfacet
  facet normal 0.669737 0.739895 -0.0633078
    outer loop
      vertex -1.93302 -2.02103 11.354
      vertex -1.93011 -2.01545 11.45
      vertex -1.28213 -2.6191 11.25
    endloop
  endfacet
  facet normal 0.523055 0.446856 -0.725764
    outer loop
      vertex -2.03905 -2.22433 10.9122
      vertex -2.02974 -2.20648 10.9299
      vertex -2.01978 -2.23438 10.9199
    endloop
  endfacet
  facet normal -0.573046 -0.816953 -0.0648568
    outer loop
      vertex -2.78957 -3.24089 11.45
      vertex -2.86698 -3.17897 11.354
      vertex -2.78661 -3.23521 11.3523
    endloop
  endfacet
  facet normal -0.565249 -0.801925 -0.193414
    outer loop
      vertex -2.86698 -3.17897 11.354
      vertex -2.77778 -3.21828 11.2563
      vertex -2.78661 -3.23521 11.3523
    endloop
  endfacet
  facet normal -0.414742 -0.795203 -0.442314
    outer loop
      vertex -2.7432 -3.15198 11.0758
      vertex -2.67624 -3.23574 11.1636
      vertex -2.76323 -3.19037 11.1636
    endloop
  endfacet
  facet normal -0.414788 -0.7952 -0.442276
    outer loop
      vertex -2.67624 -3.23574 11.1636
      vertex -2.7432 -3.15198 11.0758
      vertex -2.65622 -3.19735 11.0758
    endloop
  endfacet
  facet normal -0.0854198 0.117768 0.98936
    outer loop
      vertex -2.44349 -2.57732 12.1984
      vertex -2.48533 -2.44721 12.1793
      vertex -2.52973 -2.53234 12.1856
    endloop
  endfacet
  facet normal -0.199987 0.175639 0.963928
    outer loop
      vertex -2.52973 -2.53234 12.1856
      vertex -2.48533 -2.44721 12.1793
      vertex -2.57089 -2.40633 12.1541
    endloop
  endfacet
  facet normal -0.0850568 0.394998 0.914736
    outer loop
      vertex -2.44169 -2.36353 12.1605
      vertex -2.48808 -2.24754 12.1061
      vertex -2.52875 -2.32554 12.136
    endloop
  endfacet
  facet normal -0.201432 0.44041 0.874908
    outer loop
      vertex -2.52875 -2.32554 12.136
      vertex -2.48808 -2.24754 12.1061
      vertex -2.61361 -2.29224 12.0997
    endloop
  endfacet
  facet normal 0.187324 0.63998 0.745208
    outer loop
      vertex -2.23281 -2.17336 12.0437
      vertex -2.28921 -2.07115 11.9701
      vertex -2.32266 -2.1353 12.0336
    endloop
  endfacet
  facet normal 0.1073 0.763573 0.636744
    outer loop
      vertex -2.28921 -2.07115 11.9701
      vertex -2.35321 -1.98894 11.8823
      vertex -2.38153 -2.04325 11.9522
    endloop
  endfacet
  facet normal -0.220328 0.658278 0.71981
    outer loop
      vertex -2.62526 -2.13086 11.9901
      vertex -2.50476 -2.08353 11.9837
      vertex -2.5939 -2.07072 11.9447
    endloop
  endfacet
  facet normal -0.562509 0.449133 0.694164
    outer loop
      vertex -2.80442 -2.30607 12.0091
      vertex -2.77097 -2.24192 11.9947
      vertex -2.87012 -2.28202 11.9403
    endloop
  endfacet
  facet normal -0.148806 -0.285279 0.946822
    outer loop
      vertex -2.53306 -2.74906 12.1729
      vertex -2.48894 -2.87662 12.1414
      vertex -2.44608 -2.79443 12.1729
    endloop
  endfacet
  facet normal -0.148786 -0.285273 0.946827
    outer loop
      vertex -2.48894 -2.87662 12.1414
      vertex -2.53306 -2.74906 12.1729
      vertex -2.57593 -2.83125 12.1414
    endloop
  endfacet
  facet normal 0.262459 0.222244 0.939001
    outer loop
      vertex -2.14009 -2.41807 12.1296
      vertex -2.22407 -2.36875 12.1414
      vertex -2.18223 -2.49886 12.1605
    endloop
  endfacet
  facet normal -0.204527 -0.39215 0.896876
    outer loop
      vertex -2.57593 -2.83125 12.1414
      vertex -2.52955 -2.95447 12.0981
      vertex -2.48894 -2.87662 12.1414
    endloop
  endfacet
  facet normal -0.204555 -0.392157 0.896867
    outer loop
      vertex -2.52955 -2.95447 12.0981
      vertex -2.57593 -2.83125 12.1414
      vertex -2.61653 -2.9091 12.0981
    endloop
  endfacet
  facet normal -0.304813 -0.584365 0.752069
    outer loop
      vertex -2.65417 -2.98127 12.0437
      vertex -2.60122 -3.0919 11.9792
      vertex -2.56719 -3.02664 12.0437
    endloop
  endfacet
  facet normal -0.304775 -0.584358 0.752089
    outer loop
      vertex -2.60122 -3.0919 11.9792
      vertex -2.65417 -2.98127 12.0437
      vertex -2.68821 -3.04653 11.9792
    endloop
  endfacet
  facet normal 0.141977 -0.286887 0.947385
    outer loop
      vertex -2.3583 -2.83647 12.1605
      vertex -2.22911 -2.79367 12.1541
      vertex -2.31466 -2.75279 12.1793
    endloop
  endfacet
  facet normal -0.0902336 -0.172989 0.980782
    outer loop
      vertex -2.48866 -2.66393 12.192
      vertex -2.44608 -2.79443 12.1729
      vertex -2.40168 -2.7093 12.192
    endloop
  endfacet
  facet normal -0.0902336 -0.172989 0.980782
    outer loop
      vertex -2.44608 -2.79443 12.1729
      vertex -2.48866 -2.66393 12.192
      vertex -2.53306 -2.74906 12.1729
    endloop
  endfacet
  facet normal 0.0902377 0.172997 0.98078
    outer loop
      vertex -2.35392 -2.40557 12.1729
      vertex -2.31133 -2.53607 12.192
      vertex -2.26694 -2.45094 12.1729
    endloop
  endfacet
  facet normal 0.0902254 0.172993 0.980782
    outer loop
      vertex -2.31133 -2.53607 12.192
      vertex -2.35392 -2.40557 12.1729
      vertex -2.39832 -2.4907 12.192
    endloop
  endfacet
  facet normal -0.138957 -0.54834 0.824629
    outer loop
      vertex -2.47734 -3.0647 12.0336
      vertex -2.44034 -2.99377 12.087
      vertex -2.52955 -2.95447 12.0981
    endloop
  endfacet
  facet normal 0.0314864 -0.498445 0.866349
    outer loop
      vertex -2.35045 -3.02633 12.065
      vertex -2.31192 -2.95246 12.1061
      vertex -2.44034 -2.99377 12.087
    endloop
  endfacet
  facet normal 0.515063 -0.326862 0.792383
    outer loop
      vertex -1.99557 -2.89393 12.0091
      vertex -1.96154 -2.82867 12.0139
      vertex -2.06819 -2.86485 12.0683
    endloop
  endfacet
  facet normal 0.0171948 -0.792439 0.609709
    outer loop
      vertex -2.35266 -3.22656 11.8595
      vertex -2.32583 -3.17512 11.9256
      vertex -2.44679 -3.21106 11.8823
    endloop
  endfacet
  facet normal 0.724046 -0.418569 0.548232
    outer loop
      vertex -1.87223 -2.93659 11.8631
      vertex -1.79343 -3.21142 11.5492
      vertex -1.84708 -2.88837 11.8667
    endloop
  endfacet
  facet normal 0.725814 -0.416868 0.547187
    outer loop
      vertex -1.87223 -2.93659 11.8631
      vertex -1.80315 -3.23005 11.5479
      vertex -1.79343 -3.21142 11.5492
    endloop
  endfacet
  facet normal 0.723913 -0.418601 0.548383
    outer loop
      vertex -1.80315 -3.23005 11.5479
      vertex -1.87223 -2.93659 11.8631
      vertex -1.80526 -3.23514 11.5468
    endloop
  endfacet
  facet normal 0.64808 -0.471929 0.597725
    outer loop
      vertex -1.95922 -2.97423 11.9277
      vertex -1.87223 -2.93659 11.8631
      vertex -1.92988 -2.91798 11.9403
    endloop
  endfacet
  facet normal -0.496669 -0.670764 0.550814
    outer loop
      vertex -2.7432 -3.15198 11.8242
      vertex -2.7996 -3.04978 11.8978
      vertex -2.82432 -3.09717 11.8178
    endloop
  endfacet
  facet normal -0.52664 -0.728229 0.438557
    outer loop
      vertex -2.7432 -3.15198 11.8242
      vertex -2.82432 -3.09717 11.8178
      vertex -2.76323 -3.19037 11.7364
    endloop
  endfacet
  facet normal -0.652133 -0.69159 0.310526
    outer loop
      vertex -2.8583 -3.16233 11.6404
      vertex -2.844 -3.13491 11.7315
      vertex -2.93098 -3.09676 11.6338
    endloop
  endfacet
  facet normal -0.573047 -0.816952 -0.0648558
    outer loop
      vertex -2.86989 -3.18455 11.45
      vertex -2.86698 -3.17897 11.354
      vertex -2.78957 -3.24089 11.45
    endloop
  endfacet
  facet normal -0.453553 -0.869617 0.195078
    outer loop
      vertex -2.69962 -3.28058 11.5477
      vertex -2.77778 -3.21828 11.6437
      vertex -2.78661 -3.23521 11.5477
    endloop
  endfacet
  facet normal -0.453466 -0.869643 0.195165
    outer loop
      vertex -2.77778 -3.21828 11.6437
      vertex -2.69962 -3.28058 11.5477
      vertex -2.69079 -3.26364 11.6437
    endloop
  endfacet
  facet normal -0.0444547 -0.911526 0.408833
    outer loop
      vertex -2.39326 -3.30441 11.7074
      vertex -2.37526 -3.2699 11.7863
      vertex -2.48966 -3.29325 11.7218
    endloop
  endfacet
  facet normal -0.0444225 -0.911549 0.408785
    outer loop
      vertex -2.48966 -3.29325 11.7218
      vertex -2.37526 -3.2699 11.7863
      vertex -2.47066 -3.25682 11.8051
    endloop
  endfacet
  facet normal -0.193973 -0.93056 0.310535
    outer loop
      vertex -2.50347 -3.31973 11.6338
      vertex -2.58453 -3.27023 11.7315
      vertex -2.59883 -3.29765 11.6404
    endloop
  endfacet
  facet normal -0.209134 -0.959553 0.188473
    outer loop
      vertex -2.60751 -3.3143 11.546
      vertex -2.50347 -3.31973 11.6338
      vertex -2.59883 -3.29765 11.6404
    endloop
  endfacet
  facet normal -0.17171 -0.88768 0.427247
    outer loop
      vertex -2.48966 -3.29325 11.7218
      vertex -2.56485 -3.2325 11.8178
      vertex -2.58453 -3.27023 11.7315
    endloop
  endfacet
  facet normal -0.171576 -0.887661 0.42734
    outer loop
      vertex -2.48966 -3.29325 11.7218
      vertex -2.47066 -3.25682 11.8051
      vertex -2.56485 -3.2325 11.8178
    endloop
  endfacet
  facet normal -0.384548 -0.737227 0.555534
    outer loop
      vertex -2.65622 -3.19735 11.8242
      vertex -2.71805 -3.10376 11.9056
      vertex -2.7432 -3.15198 11.8242
    endloop
  endfacet
  facet normal -0.384548 -0.737227 0.555534
    outer loop
      vertex -2.71805 -3.10376 11.9056
      vertex -2.65622 -3.19735 11.8242
      vertex -2.63107 -3.14913 11.9056
    endloop
  endfacet
  facet normal -0.265711 -0.791214 0.550798
    outer loop
      vertex -2.65622 -3.19735 11.8242
      vertex -2.54013 -3.1851 11.8978
      vertex -2.63107 -3.14913 11.9056
    endloop
  endfacet
  facet normal -0.66595 -0.19612 0.719755
    outer loop
      vertex -2.88348 -2.80968 11.9837
      vertex -2.91364 -2.68378 11.9901
      vertex -2.945 -2.74391 11.9447
    endloop
  endfacet
  facet normal -0.706952 -0.274841 0.651676
    outer loop
      vertex -2.88348 -2.80968 11.9837
      vertex -2.945 -2.74391 11.9447
      vertex -2.97336 -2.79829 11.891
    endloop
  endfacet
  facet normal -0.366503 0.122438 0.922326
    outer loop
      vertex -2.61375 -2.48852 12.1602
      vertex -2.69412 -2.44661 12.1227
      vertex -2.73472 -2.52445 12.1169
    endloop
  endfacet
  facet normal -0.366572 0.122755 0.922256
    outer loop
      vertex -2.65662 -2.57071 12.1541
      vertex -2.61375 -2.48852 12.1602
      vertex -2.73472 -2.52445 12.1169
    endloop
  endfacet
  facet normal -0.477119 -0.356028 0.803493
    outer loop
      vertex -2.69981 -2.85845 12.087
      vertex -2.77796 -2.80337 12.065
      vertex -2.73681 -2.92938 12.0336
    endloop
  endfacet
  facet normal -0.370087 -0.427784 0.824643
    outer loop
      vertex -2.61653 -2.9091 12.0981
      vertex -2.69981 -2.85845 12.087
      vertex -2.73681 -2.92938 12.0336
    endloop
  endfacet
  facet normal -0.75762 0.354222 0.548214
    outer loop
      vertex -3.24854 -2.45253 11.5492
      vertex -2.97807 -2.35985 11.8631
      vertex -2.95292 -2.31163 11.8667
    endloop
  endfacet
  facet normal -0.757261 0.356501 0.547232
    outer loop
      vertex -3.25825 -2.47116 11.5479
      vertex -2.97807 -2.35985 11.8631
      vertex -3.24854 -2.45253 11.5492
    endloop
  endfacet
  facet normal -0.757682 0.353257 0.548751
    outer loop
      vertex -2.97807 -2.35985 11.8631
      vertex -3.25825 -2.47116 11.5479
      vertex -3.26121 -2.4758 11.5468
    endloop
  endfacet
  facet normal -0.515071 0.326943 0.792345
    outer loop
      vertex -2.83846 -2.37133 12.0139
      vertex -2.73181 -2.33515 12.0683
      vertex -2.80442 -2.30607 12.0091
    endloop
  endfacet
  facet normal -0.764855 0.264671 0.587321
    outer loop
      vertex -3.27348 -2.49937 11.5415
      vertex -3.00279 -2.40725 11.8525
      vertex -3.27297 -2.49834 11.5417
    endloop
  endfacet
  facet normal -0.765992 0.246658 0.593647
    outer loop
      vertex -3.29008 -2.52565 11.531
      vertex -3.00279 -2.40725 11.8525
      vertex -3.27348 -2.49937 11.5415
    endloop
  endfacet
  facet normal -0.765993 0.246609 0.593666
    outer loop
      vertex -3.00279 -2.40725 11.8525
      vertex -3.29008 -2.52565 11.531
      vertex -2.95915 -2.45273 11.9277
    endloop
  endfacet
  facet normal -0.766339 0.243391 0.594546
    outer loop
      vertex -2.95915 -2.45273 11.9277
      vertex -3.29008 -2.52565 11.531
      vertex -3.29303 -2.52932 11.5287
    endloop
  endfacet
  facet normal -0.757746 0.261477 0.597872
    outer loop
      vertex -2.95915 -2.45273 11.9277
      vertex -2.97807 -2.35985 11.8631
      vertex -3.00279 -2.40725 11.8525
    endloop
  endfacet
  facet normal -0.757935 0.261319 0.597701
    outer loop
      vertex -2.92982 -2.39648 11.9403
      vertex -2.97807 -2.35985 11.8631
      vertex -2.95915 -2.45273 11.9277
    endloop
  endfacet
  facet normal -0.690076 0.204297 0.694303
    outer loop
      vertex -2.90595 -2.50073 11.9947
      vertex -2.92982 -2.39648 11.9403
      vertex -2.95915 -2.45273 11.9277
    endloop
  endfacet
  facet normal -0.684382 0.402348 0.608061
    outer loop
      vertex -2.95292 -2.31163 11.8667
      vertex -2.87012 -2.28202 11.9403
      vertex -2.92777 -2.26341 11.8631
    endloop
  endfacet
  facet normal -0.684462 0.401653 0.60843
    outer loop
      vertex -2.89997 -2.33925 11.9445
      vertex -2.87012 -2.28202 11.9403
      vertex -2.95292 -2.31163 11.8667
    endloop
  endfacet
  facet normal -0.647662 0.285979 0.706223
    outer loop
      vertex -2.83846 -2.37133 12.0139
      vertex -2.89997 -2.33925 11.9445
      vertex -2.92982 -2.39648 11.9403
    endloop
  endfacet
  facet normal -0.562873 0.235269 0.792353
    outer loop
      vertex -2.80709 -2.47949 12.0683
      vertex -2.83846 -2.37133 12.0139
      vertex -2.87249 -2.43658 12.0091
    endloop
  endfacet
  facet normal -0.610662 0.143991 0.778691
    outer loop
      vertex -2.84409 -2.55042 12.0524
      vertex -2.80709 -2.47949 12.0683
      vertex -2.90595 -2.50073 11.9947
    endloop
  endfacet
  facet normal -0.562778 0.235322 0.792404
    outer loop
      vertex -2.76945 -2.40732 12.0736
      vertex -2.83846 -2.37133 12.0139
      vertex -2.80709 -2.47949 12.0683
    endloop
  endfacet
  facet normal -0.122837 0.846095 0.518685
    outer loop
      vertex -2.44734 -1.97344 11.8595
      vertex -3.01337 -1.71667 11.3066
      vertex -2.54067 -1.96866 11.8296
    endloop
  endfacet
  facet normal -0.109177 0.854148 0.508441
    outer loop
      vertex -2.44734 -1.97344 11.8595
      vertex -3.01868 -1.71342 11.3
      vertex -3.01337 -1.71667 11.3066
    endloop
  endfacet
  facet normal -0.122319 0.846424 0.518271
    outer loop
      vertex -3.01868 -1.71342 11.3
      vertex -2.44734 -1.97344 11.8595
      vertex -3.05544 -1.69424 11.26
    endloop
  endfacet
  facet normal -0.182673 0.811004 0.555791
    outer loop
      vertex -2.54067 -1.96866 11.8296
      vertex -2.97011 -1.75035 11.3699
      vertex -2.56554 -2.01634 11.891
    endloop
  endfacet
  facet normal -0.186247 0.808659 0.558017
    outer loop
      vertex -2.54067 -1.96866 11.8296
      vertex -2.97223 -1.74725 11.3647
      vertex -2.97011 -1.75035 11.3699
    endloop
  endfacet
  facet normal -0.181117 0.812 0.554845
    outer loop
      vertex -2.54067 -1.96866 11.8296
      vertex -2.99202 -1.72973 11.3326
      vertex -2.97223 -1.74725 11.3647
    endloop
  endfacet
  facet normal -0.198475 0.800729 0.565191
    outer loop
      vertex -2.99202 -1.72973 11.3326
      vertex -2.54067 -1.96866 11.8296
      vertex -3.01337 -1.71667 11.3066
    endloop
  endfacet
  facet normal 0.0581957 0.939231 0.338316
    outer loop
      vertex -2.40674 -1.89559 11.7074
      vertex -2.31034 -1.90675 11.7218
      vertex -3.05544 -1.69424 11.26
    endloop
  endfacet
  facet normal 0.00690519 0.915593 0.402046
    outer loop
      vertex -2.42474 -1.9301 11.7863
      vertex -2.40674 -1.89559 11.7074
      vertex -3.05544 -1.69424 11.26
    endloop
  endfacet
  facet normal 0.17171 0.88768 0.427247
    outer loop
      vertex -2.23515 -1.9675 11.8178
      vertex -2.21547 -1.92977 11.7315
      vertex -2.31034 -1.90675 11.7218
    endloop
  endfacet
  facet normal 0.334219 0.922436 0.193417
    outer loop
      vertex -2.10921 -1.93636 11.6437
      vertex -2.10038 -1.91943 11.5477
      vertex -2.19249 -1.8857 11.546
    endloop
  endfacet
  facet normal 0.660322 0.439459 0.608975
    outer loop
      vertex -1.88593 -2.33167 11.9256
      vertex -1.9257 -2.21191 11.8823
      vertex -1.95402 -2.26622 11.9522
    endloop
  endfacet
  facet normal 0.775334 0.171915 0.607703
    outer loop
      vertex -1.4306 -2.59207 11.4417
      vertex -1.855 -2.45609 11.9447
      vertex -1.8028 -2.52431 11.8974
    endloop
  endfacet
  facet normal 0.775196 0.177208 0.606357
    outer loop
      vertex -1.855 -2.45609 11.9447
      vertex -1.4189 -2.58554 11.425
      vertex -1.40833 -2.58319 11.4108
    endloop
  endfacet
  facet normal 0.775351 0.167811 0.608827
    outer loop
      vertex -1.855 -2.45609 11.9447
      vertex -1.4306 -2.59207 11.4417
      vertex -1.4189 -2.58554 11.425
    endloop
  endfacet
  facet normal 0.712619 0.676739 0.184928
    outer loop
      vertex -1.28213 -2.6191 11.26
      vertex -1.86064 -2.08717 11.5427
      vertex -1.86902 -2.10324 11.6338
    endloop
  endfacet
  facet normal 0.73034 0.614019 0.299308
    outer loop
      vertex -1.28213 -2.6191 11.26
      vertex -1.86902 -2.10324 11.6338
      vertex -1.88283 -2.12971 11.7218
    endloop
  endfacet
  facet normal 0.204555 0.392157 0.896867
    outer loop
      vertex -2.27045 -2.24553 12.0981
      vertex -2.22407 -2.36875 12.1414
      vertex -2.18347 -2.2909 12.0981
    endloop
  endfacet
  facet normal 0.204555 0.392157 0.896867
    outer loop
      vertex -2.22407 -2.36875 12.1414
      vertex -2.27045 -2.24553 12.0981
      vertex -2.31105 -2.32338 12.1414
    endloop
  endfacet
  facet normal 0.0873551 0.449399 0.88905
    outer loop
      vertex -2.39956 -2.28275 12.1296
      vertex -2.27045 -2.24553 12.0981
      vertex -2.35966 -2.20623 12.087
    endloop
  endfacet
  facet normal 0.364067 -0.380925 0.849912
    outer loop
      vertex -2.18639 -2.90776 12.0997
      vertex -2.06819 -2.86485 12.0683
      vertex -2.14648 -2.83124 12.1169
    endloop
  endfacet
  facet normal 0.200013 -0.175629 0.963924
    outer loop
      vertex -2.22911 -2.79367 12.1541
      vertex -2.27027 -2.66766 12.1856
      vertex -2.31466 -2.75279 12.1793
    endloop
  endfacet
  facet normal 0.744139 0.346928 0.570875
    outer loop
      vertex -1.80177 -2.35402 11.8296
      vertex -1.85911 -2.28023 11.8595
      vertex -1.82664 -2.40171 11.891
    endloop
  endfacet
  facet normal 0.263257 0.222461 0.938726
    outer loop
      vertex -2.18223 -2.49886 12.1605
      vertex -2.22407 -2.36875 12.1414
      vertex -2.26694 -2.45094 12.1729
    endloop
  endfacet
  facet normal 0.619935 0.108004 0.777185
    outer loop
      vertex -1.92019 -2.58109 12.0261
      vertex -1.88636 -2.51622 11.9901
      vertex -1.98685 -2.52516 12.0715
    endloop
  endfacet
  facet normal 0.674789 0.735299 0.0632084
    outer loop
      vertex -1.85783 -2.08178 11.45
      vertex -1.93302 -2.02103 11.546
      vertex -1.86064 -2.08717 11.5427
    endloop
  endfacet
  facet normal 0.691969 0.719191 0.0627926
    outer loop
      vertex -1.28213 -2.6191 11.26
      vertex -1.85783 -2.08178 11.45
      vertex -1.86064 -2.08717 11.5427
    endloop
  endfacet
  facet normal 0.216691 0.974193 0.0631934
    outer loop
      vertex -2.19249 -1.8857 11.546
      vertex -2.18958 -1.88012 11.45
      vertex -2.28534 -1.85882 11.45
    endloop
  endfacet
  facet normal 0.334208 0.922437 0.193427
    outer loop
      vertex -2.10921 -1.93636 11.6437
      vertex -2.19249 -1.8857 11.546
      vertex -2.20117 -1.90235 11.6404
    endloop
  endfacet
  facet normal 0.437898 0.839601 0.321427
    outer loop
      vertex -2.10921 -1.93636 11.6437
      vertex -2.03677 -2.00963 11.7364
      vertex -2.02222 -1.98173 11.6437
    endloop
  endfacet
  facet normal 0.437898 0.839601 0.321427
    outer loop
      vertex -2.03677 -2.00963 11.7364
      vertex -2.10921 -1.93636 11.6437
      vertex -2.12376 -1.96426 11.7364
    endloop
  endfacet
  facet normal 0.565123 0.802033 0.193338
    outer loop
      vertex -1.9417 -2.03767 11.6404
      vertex -1.93302 -2.02103 11.546
      vertex -2.02222 -1.98173 11.6437
    endloop
  endfacet
  facet normal 0.496711 0.670736 0.550811
    outer loop
      vertex -1.97568 -2.10283 11.8178
      vertex -2.05679 -2.04802 11.8242
      vertex -2.0004 -2.15022 11.8978
    endloop
  endfacet
  facet normal 0.186376 0.639763 0.745632
    outer loop
      vertex -2.23281 -2.17336 12.0437
      vertex -2.19878 -2.1081 11.9792
      vertex -2.28921 -2.07115 11.9701
    endloop
  endfacet
  facet normal -0.335216 0.67273 0.659594
    outer loop
      vertex -2.62526 -2.13086 11.9901
      vertex -2.5939 -2.07072 11.9447
      vertex -2.70808 -2.12134 11.9383
    endloop
  endfacet
  facet normal -0.0560743 0.717269 0.694536
    outer loop
      vertex -2.41383 -2.10518 12.0134
      vertex -2.47417 -2.02488 11.9256
      vertex -2.50476 -2.08353 11.9837
    endloop
  endfacet
  facet normal 0.549597 0.772256 0.31869
    outer loop
      vertex -1.956 -2.06509 11.7315
      vertex -2.02222 -1.98173 11.6437
      vertex -2.03677 -2.00963 11.7364
    endloop
  endfacet
  facet normal 0.318702 0.892667 0.318709
    outer loop
      vertex -2.21547 -1.92977 11.7315
      vertex -2.10921 -1.93636 11.6437
      vertex -2.20117 -1.90235 11.6404
    endloop
  endfacet
  facet normal 0.171576 0.887661 0.42734
    outer loop
      vertex -2.23515 -1.9675 11.8178
      vertex -2.31034 -1.90675 11.7218
      vertex -2.32934 -1.94318 11.8051
    endloop
  endfacet
  facet normal 0.0444225 0.911549 0.408785
    outer loop
      vertex -2.32934 -1.94318 11.8051
      vertex -2.31034 -1.90675 11.7218
      vertex -2.42474 -1.9301 11.7863
    endloop
  endfacet
  facet normal 0.731502 -0.125031 0.670278
    outer loop
      vertex -1.81252 -2.69296 11.9069
      vertex -1.86175 -2.63735 11.971
      vertex -1.89405 -2.69927 11.9947
    endloop
  endfacet
  facet normal 0.76474 -0.266231 0.586765
    outer loop
      vertex -1.79721 -2.79275 11.8525
      vertex -1.53879 -2.7242 11.5468
      vertex -1.52703 -2.70166 11.5417
    endloop
  endfacet
  facet normal 0.76459 -0.267629 0.586325
    outer loop
      vertex -1.53879 -2.7242 11.5468
      vertex -1.79721 -2.79275 11.8525
      vertex -1.82193 -2.84015 11.8631
    endloop
  endfacet
  facet normal 0.690314 -0.204143 0.694112
    outer loop
      vertex -1.87018 -2.80352 11.9403
      vertex -1.89405 -2.69927 11.9947
      vertex -1.9275 -2.76342 12.0091
    endloop
  endfacet
  facet normal 0.562796 -0.235312 0.792394
    outer loop
      vertex -1.9275 -2.76342 12.0091
      vertex -1.99291 -2.72051 12.0683
      vertex -1.96154 -2.82867 12.0139
    endloop
  endfacet
  facet normal 0.742417 0.109867 0.660868
    outer loop
      vertex -1.8028 -2.52431 11.8974
      vertex -1.855 -2.45609 11.9447
      vertex -1.83116 -2.57869 11.9383
    endloop
  endfacet
  facet normal 0.777514 0.0649636 0.625501
    outer loop
      vertex -1.45241 -2.60657 11.4704
      vertex -1.8028 -2.52431 11.8974
      vertex -1.83116 -2.57869 11.9383
    endloop
  endfacet
  facet normal 0.777712 0.0725341 0.624423
    outer loop
      vertex -1.8028 -2.52431 11.8974
      vertex -1.43869 -2.59572 11.4522
      vertex -1.4306 -2.59207 11.4417
    endloop
  endfacet
  facet normal 0.777549 0.0657874 0.625372
    outer loop
      vertex -1.8028 -2.52431 11.8974
      vertex -1.45241 -2.60657 11.4704
      vertex -1.43869 -2.59572 11.4522
    endloop
  endfacet
  facet normal 0.108829 0.76269 -0.637543
    outer loop
      vertex -3.05544 -1.69424 11.25
      vertex -2.25987 -2.0149 11.0022
      vertex -2.28921 -2.07115 10.9299
    endloop
  endfacet
  facet normal 0.347675 0.666614 -0.659354
    outer loop
      vertex -2.11179 -2.15347 10.9208
      vertex -2.16893 -2.05087 10.9944
      vertex -2.08194 -2.09624 10.9944
    endloop
  endfacet
  facet normal 0.347675 0.666614 -0.659354
    outer loop
      vertex -2.16893 -2.05087 10.9944
      vertex -2.11179 -2.15347 10.9208
      vertex -2.19878 -2.1081 10.9208
    endloop
  endfacet
  facet normal 0.437898 0.839601 -0.321427
    outer loop
      vertex -2.03677 -2.00963 11.1636
      vertex -2.10921 -1.93636 11.2563
      vertex -2.02222 -1.98173 11.2563
    endloop
  endfacet
  facet normal 0.437898 0.839601 -0.321427
    outer loop
      vertex -2.10921 -1.93636 11.2563
      vertex -2.03677 -2.00963 11.1636
      vertex -2.12376 -1.96426 11.1636
    endloop
  endfacet
  facet normal 0.603588 0.670773 -0.43098
    outer loop
      vertex -1.97568 -2.10283 11.0822
      vertex -1.956 -2.06509 11.1685
      vertex -1.28213 -2.6191 11.25
    endloop
  endfacet
  facet normal 0.565123 0.802033 -0.193338
    outer loop
      vertex -2.02222 -1.98173 11.2563
      vertex -1.93302 -2.02103 11.354
      vertex -1.9417 -2.03767 11.2596
    endloop
  endfacet
  facet normal 0.334219 0.922436 -0.193417
    outer loop
      vertex -2.19249 -1.8857 11.354
      vertex -2.10038 -1.91943 11.3523
      vertex -2.10921 -1.93636 11.2563
    endloop
  endfacet
  facet normal -0.52664 -0.728229 -0.438557
    outer loop
      vertex -2.76323 -3.19037 11.1636
      vertex -2.82432 -3.09717 11.0822
      vertex -2.7432 -3.15198 11.0758
    endloop
  endfacet
  facet normal -0.496671 -0.670768 -0.550807
    outer loop
      vertex -2.82432 -3.09717 11.0822
      vertex -2.71805 -3.10376 10.9944
      vertex -2.7432 -3.15198 11.0758
    endloop
  endfacet
  facet normal -0.461367 -0.884795 0.0654174
    outer loop
      vertex -2.70258 -3.28625 11.45
      vertex -2.78661 -3.23521 11.5477
      vertex -2.78957 -3.24089 11.45
    endloop
  endfacet
  facet normal -0.461449 -0.884758 0.0653272
    outer loop
      vertex -2.78661 -3.23521 11.5477
      vertex -2.70258 -3.28625 11.45
      vertex -2.69962 -3.28058 11.5477
    endloop
  endfacet
  facet normal -0.647721 -0.737901 -0.189628
    outer loop
      vertex -2.86698 -3.17897 11.354
      vertex -3.51787 -2.5809 11.25
      vertex -2.8583 -3.16233 11.2596
    endloop
  endfacet
  facet normal -0.453553 -0.869617 -0.195078
    outer loop
      vertex -2.77778 -3.21828 11.2563
      vertex -2.69962 -3.28058 11.3523
      vertex -2.78661 -3.23521 11.3523
    endloop
  endfacet
  facet normal -0.453466 -0.869643 -0.195165
    outer loop
      vertex -2.69962 -3.28058 11.3523
      vertex -2.77778 -3.21828 11.2563
      vertex -2.69079 -3.26364 11.2563
    endloop
  endfacet
  facet normal -0.56519 -0.801986 -0.193336
    outer loop
      vertex -2.86698 -3.17897 11.354
      vertex -2.8583 -3.16233 11.2596
      vertex -2.77778 -3.21828 11.2563
    endloop
  endfacet
  facet normal -0.549643 -0.772217 -0.318706
    outer loop
      vertex -2.8583 -3.16233 11.2596
      vertex -2.844 -3.13491 11.1685
      vertex -2.77778 -3.21828 11.2563
    endloop
  endfacet
  facet normal -0.258487 0.0634805 0.963927
    outer loop
      vertex -2.57413 -2.61747 12.1793
      vertex -2.52973 -2.53234 12.1856
      vertex -2.65662 -2.57071 12.1541
    endloop
  endfacet
  facet normal -0.145462 0.00264939 0.98936
    outer loop
      vertex -2.44349 -2.57732 12.1984
      vertex -2.52973 -2.53234 12.1856
      vertex -2.57413 -2.61747 12.1793
    endloop
  endfacet
  facet normal -0.0176155 0.792985 0.608986
    outer loop
      vertex -2.38153 -2.04325 11.9522
      vertex -2.35321 -1.98894 11.8823
      vertex -2.47417 -2.02488 11.9256
    endloop
  endfacet
  facet normal -0.177652 0.737787 0.651237
    outer loop
      vertex -2.50476 -2.08353 11.9837
      vertex -2.47417 -2.02488 11.9256
      vertex -2.56554 -2.01634 11.891
    endloop
  endfacet
  facet normal 0.0320281 0.342475 0.938981
    outer loop
      vertex -2.44169 -2.36353 12.1605
      vertex -2.31105 -2.32338 12.1414
      vertex -2.39956 -2.28275 12.1296
    endloop
  endfacet
  facet normal 0.0875347 0.448952 0.889258
    outer loop
      vertex -2.31105 -2.32338 12.1414
      vertex -2.27045 -2.24553 12.0981
      vertex -2.39956 -2.28275 12.1296
    endloop
  endfacet
  facet normal -0.521104 0.528378 0.670274
    outer loop
      vertex -2.77097 -2.24192 11.9947
      vertex -2.73867 -2.18 11.971
      vertex -2.81246 -2.17146 11.9069
    endloop
  endfacet
  facet normal -0.420619 0.507299 0.752149
    outer loop
      vertex -2.77097 -2.24192 11.9947
      vertex -2.6591 -2.19572 12.0261
      vertex -2.73867 -2.18 11.971
    endloop
  endfacet
  facet normal -0.312911 0.478252 0.820586
    outer loop
      vertex -2.61361 -2.29224 12.0997
      vertex -2.6591 -2.19572 12.0261
      vertex -2.69481 -2.26421 12.0524
    endloop
  endfacet
  facet normal -0.310465 0.230347 0.922254
    outer loop
      vertex -2.61375 -2.48852 12.1602
      vertex -2.57089 -2.40633 12.1541
      vertex -2.65352 -2.36876 12.1169
    endloop
  endfacet
  facet normal -0.376512 0.591969 0.712609
    outer loop
      vertex -2.6591 -2.19572 12.0261
      vertex -2.62526 -2.13086 11.9901
      vertex -2.73867 -2.18 11.971
    endloop
  endfacet
  facet normal -0.314653 0.477331 0.820456
    outer loop
      vertex -2.61361 -2.29224 12.0997
      vertex -2.57508 -2.21837 12.0715
      vertex -2.6591 -2.19572 12.0261
    endloop
  endfacet
  facet normal 0.085853 -0.394711 0.914786
    outer loop
      vertex -2.31192 -2.95246 12.1061
      vertex -2.3583 -2.83647 12.1605
      vertex -2.40044 -2.91725 12.1296
    endloop
  endfacet
  facet normal -0.0320296 -0.342471 0.938982
    outer loop
      vertex -2.40044 -2.91725 12.1296
      vertex -2.3583 -2.83647 12.1605
      vertex -2.48894 -2.87662 12.1414
    endloop
  endfacet
  facet normal -0.316507 -0.0477885 0.947385
    outer loop
      vertex -2.57413 -2.61747 12.1793
      vertex -2.65662 -2.57071 12.1541
      vertex -2.61777 -2.70114 12.1605
    endloop
  endfacet
  facet normal 0.366591 -0.12272 0.922253
    outer loop
      vertex -2.06528 -2.67555 12.1169
      vertex -2.14338 -2.62929 12.1541
      vertex -2.18624 -2.71148 12.1602
    endloop
  endfacet
  facet normal 0.520195 -0.0807655 0.85022
    outer loop
      vertex -1.95591 -2.64958 12.0524
      vertex -2.02537 -2.59903 12.0997
      vertex -1.99291 -2.72051 12.0683
    endloop
  endfacet
  facet normal 0.310192 -0.230484 0.922311
    outer loop
      vertex -2.14648 -2.83124 12.1169
      vertex -2.10588 -2.75339 12.1227
      vertex -2.18624 -2.71148 12.1602
    endloop
  endfacet
  facet normal 0.0302323 0.0579658 0.997861
    outer loop
      vertex -2.39832 -2.4907 12.192
      vertex -2.35651 -2.62268 12.1984
      vertex -2.31133 -2.53607 12.192
    endloop
  endfacet
  facet normal 0.0302285 0.0579646 0.997861
    outer loop
      vertex -2.35651 -2.62268 12.1984
      vertex -2.39832 -2.4907 12.192
      vertex -2.44349 -2.57732 12.1984
    endloop
  endfacet
  facet normal -0.0259673 0.232 0.972369
    outer loop
      vertex -2.39832 -2.4907 12.192
      vertex -2.44169 -2.36353 12.1605
      vertex -2.48533 -2.44721 12.1793
    endloop
  endfacet
  facet normal -0.0855666 0.11772 0.989354
    outer loop
      vertex -2.44349 -2.57732 12.1984
      vertex -2.39832 -2.4907 12.192
      vertex -2.48533 -2.44721 12.1793
    endloop
  endfacet
  facet normal -0.187324 -0.63998 0.745208
    outer loop
      vertex -2.51079 -3.12885 11.9701
      vertex -2.47734 -3.0647 12.0336
      vertex -2.56719 -3.02664 12.0437
    endloop
  endfacet
  facet normal -0.256982 -0.492667 0.831408
    outer loop
      vertex -2.61653 -2.9091 12.0981
      vertex -2.56719 -3.02664 12.0437
      vertex -2.52955 -2.95447 12.0981
    endloop
  endfacet
  facet normal -0.256982 -0.492667 0.831408
    outer loop
      vertex -2.56719 -3.02664 12.0437
      vertex -2.61653 -2.9091 12.0981
      vertex -2.65417 -2.98127 12.0437
    endloop
  endfacet
  facet normal 0.148713 -0.539489 0.828756
    outer loop
      vertex -2.26141 -3.0516 12.0325
      vertex -2.22492 -2.98163 12.0715
      vertex -2.31192 -2.95246 12.1061
    endloop
  endfacet
  facet normal -0.1073 -0.763573 0.636744
    outer loop
      vertex -2.44679 -3.21106 11.8823
      vertex -2.41847 -3.15675 11.9522
      vertex -2.51079 -3.12885 11.9701
    endloop
  endfacet
  facet normal 0.0176155 -0.792985 0.608986
    outer loop
      vertex -2.44679 -3.21106 11.8823
      vertex -2.32583 -3.17512 11.9256
      vertex -2.41847 -3.15675 11.9522
    endloop
  endfacet
  facet normal 0.177652 -0.737787 0.651237
    outer loop
      vertex -2.23446 -3.18366 11.891
      vertex -2.29524 -3.11647 11.9837
      vertex -2.32583 -3.17512 11.9256
    endloop
  endfacet
  facet normal 0.65707 -0.473794 0.586327
    outer loop
      vertex -1.89695 -2.98399 11.8525
      vertex -1.80526 -3.23514 11.5468
      vertex -1.87223 -2.93659 11.8631
    endloop
  endfacet
  facet normal 0.65583 -0.474873 0.586841
    outer loop
      vertex -1.80526 -3.23514 11.5468
      vertex -1.89695 -2.98399 11.8525
      vertex -1.81701 -3.25767 11.5417
    endloop
  endfacet
  facet normal 0.648099 -0.4717 0.597885
    outer loop
      vertex -1.89695 -2.98399 11.8525
      vertex -1.87223 -2.93659 11.8631
      vertex -1.95922 -2.97423 11.9277
    endloop
  endfacet
  facet normal 0.60516 -0.367467 0.706221
    outer loop
      vertex -1.92988 -2.91798 11.9403
      vertex -1.90003 -2.86075 11.9445
      vertex -1.96154 -2.82867 12.0139
    endloop
  endfacet
  facet normal 0.605129 -0.367491 0.706236
    outer loop
      vertex -1.92988 -2.91798 11.9403
      vertex -1.96154 -2.82867 12.0139
      vertex -1.99557 -2.89393 12.0091
    endloop
  endfacet
  facet normal -0.342077 -0.937431 -0.0648574
    outer loop
      vertex -2.70258 -3.28625 11.45
      vertex -2.60751 -3.3143 11.354
      vertex -2.61042 -3.31988 11.45
    endloop
  endfacet
  facet normal -0.223431 -0.972662 -0.0633087
    outer loop
      vertex -2.60751 -3.3143 11.354
      vertex -1.74456 -3.50576 11.25
      vertex -2.61042 -3.31988 11.45
    endloop
  endfacet
  facet normal -0.193766 -0.979043 0.062694
    outer loop
      vertex -2.51466 -3.34118 11.45
      vertex -1.74456 -3.50576 11.26
      vertex -2.51185 -3.3358 11.5427
    endloop
  endfacet
  facet normal -0.147096 -0.97168 0.184935
    outer loop
      vertex -2.51185 -3.3358 11.5427
      vertex -1.74456 -3.50576 11.26
      vertex -2.50347 -3.31973 11.6338
    endloop
  endfacet
  facet normal -0.422225 0.0171284 0.906329
    outer loop
      vertex -2.69875 -2.6515 12.136
      vertex -2.65662 -2.57071 12.1541
      vertex -2.77462 -2.60097 12.0997
    endloop
  endfacet
  facet normal -0.575301 -0.278452 0.769086
    outer loop
      vertex -2.81368 -2.87186 12.0134
      vertex -2.84964 -2.74481 12.0325
      vertex -2.88348 -2.80968 11.9837
    endloop
  endfacet
  facet normal -0.422063 0.0163346 0.906419
    outer loop
      vertex -2.65662 -2.57071 12.1541
      vertex -2.73472 -2.52445 12.1169
      vertex -2.77462 -2.60097 12.0997
    endloop
  endfacet
  facet normal -0.258425 0.0632504 0.963958
    outer loop
      vertex -2.52973 -2.53234 12.1856
      vertex -2.61375 -2.48852 12.1602
      vertex -2.65662 -2.57071 12.1541
    endloop
  endfacet
  facet normal -0.372831 -0.155415 0.914791
    outer loop
      vertex -2.65991 -2.78193 12.1296
      vertex -2.61777 -2.70114 12.1605
      vertex -2.73943 -2.72949 12.1061
    endloop
  endfacet
  facet normal -0.4751 -0.0864806 0.875672
    outer loop
      vertex -2.73943 -2.72949 12.1061
      vertex -2.77462 -2.60097 12.0997
      vertex -2.81315 -2.67484 12.0715
    endloop
  endfacet
  facet normal -0.524047 -0.445401 0.725943
    outer loop
      vertex -2.73681 -2.92938 12.0336
      vertex -2.81368 -2.87186 12.0134
      vertex -2.77026 -2.99352 11.9701
    endloop
  endfacet
  facet normal -0.417562 -0.519968 0.745168
    outer loop
      vertex -2.65417 -2.98127 12.0437
      vertex -2.73681 -2.92938 12.0336
      vertex -2.77026 -2.99352 11.9701
    endloop
  endfacet
  facet normal -0.520747 0.0804941 0.849908
    outer loop
      vertex -2.73472 -2.52445 12.1169
      vertex -2.80709 -2.47949 12.0683
      vertex -2.77462 -2.60097 12.0997
    endloop
  endfacet
  facet normal -0.468826 0.180098 0.864735
    outer loop
      vertex -2.73472 -2.52445 12.1169
      vertex -2.69412 -2.44661 12.1227
      vertex -2.80709 -2.47949 12.0683
    endloop
  endfacet
  facet normal 0.700845 0.0300137 0.712682
    outer loop
      vertex -1.86175 -2.63735 11.971
      vertex -1.88636 -2.51622 11.9901
      vertex -1.92019 -2.58109 12.0261
    endloop
  endfacet
  facet normal 0.702091 0.0304634 0.711436
    outer loop
      vertex -1.83116 -2.57869 11.9383
      vertex -1.88636 -2.51622 11.9901
      vertex -1.86175 -2.63735 11.971
    endloop
  endfacet
  facet normal 0.76412 0.383637 0.518597
    outer loop
      vertex -1.32461 -2.59743 11.3066
      vertex -1.85911 -2.28023 11.8595
      vertex -1.80177 -2.35402 11.8296
    endloop
  endfacet
  facet normal 0.763517 0.391932 0.513256
    outer loop
      vertex -1.31889 -2.59993 11.3
      vertex -1.85911 -2.28023 11.8595
      vertex -1.32461 -2.59743 11.3066
    endloop
  endfacet
  facet normal 0.763974 0.385835 0.517181
    outer loop
      vertex -1.85911 -2.28023 11.8595
      vertex -1.31889 -2.59993 11.3
      vertex -1.28213 -2.6191 11.26
    endloop
  endfacet
  facet normal 0.759706 0.429013 0.488666
    outer loop
      vertex -1.28213 -2.6191 11.26
      vertex -1.8365 -2.23689 11.7863
      vertex -1.85911 -2.28023 11.8595
    endloop
  endfacet
  facet normal 0.20522 0.111157 0.972383
    outer loop
      vertex -2.18223 -2.49886 12.1605
      vertex -2.26694 -2.45094 12.1729
      vertex -2.31133 -2.53607 12.192
    endloop
  endfacet
  facet normal 0.31802 0.328752 0.889261
    outer loop
      vertex -2.14009 -2.41807 12.1296
      vertex -2.18347 -2.2909 12.0981
      vertex -2.22407 -2.36875 12.1414
    endloop
  endfacet
  facet normal 0.138957 0.54834 0.824629
    outer loop
      vertex -2.27045 -2.24553 12.0981
      vertex -2.32266 -2.1353 12.0336
      vertex -2.35966 -2.20623 12.087
    endloop
  endfacet
  facet normal 0.370087 0.427784 0.824643
    outer loop
      vertex -2.10019 -2.34155 12.087
      vertex -2.06319 -2.27062 12.0336
      vertex -2.18347 -2.2909 12.0981
    endloop
  endfacet
  facet normal 0.620584 0.363168 0.694971
    outer loop
      vertex -1.88593 -2.33167 11.9256
      vertex -1.95402 -2.26622 11.9522
      vertex -1.98632 -2.32814 12.0134
    endloop
  endfacet
  facet normal 0.674779 0.735309 0.0631941
    outer loop
      vertex -1.85783 -2.08178 11.45
      vertex -1.93011 -2.01545 11.45
      vertex -1.93302 -2.02103 11.546
    endloop
  endfacet
  facet normal 0.675759 0.736376 -0.0331771
    outer loop
      vertex -1.28213 -2.6191 11.25
      vertex -1.93011 -2.01545 11.45
      vertex -1.85783 -2.08178 11.45
    endloop
  endfacet
  facet normal 0.342044 0.937443 0.0648571
    outer loop
      vertex -2.19249 -1.8857 11.546
      vertex -2.09741 -1.91375 11.45
      vertex -2.18958 -1.88012 11.45
    endloop
  endfacet
  facet normal 0.216774 0.97418 0.0631092
    outer loop
      vertex -2.28815 -1.8642 11.5427
      vertex -2.19249 -1.8857 11.546
      vertex -2.28534 -1.85882 11.45
    endloop
  endfacet
  facet normal 0.41475 0.79522 0.442276
    outer loop
      vertex -2.12376 -1.96426 11.7364
      vertex -2.05679 -2.04802 11.8242
      vertex -2.03677 -2.00963 11.7364
    endloop
  endfacet
  facet normal 0.41475 0.79522 0.442276
    outer loop
      vertex -2.05679 -2.04802 11.8242
      vertex -2.12376 -1.96426 11.7364
      vertex -2.14378 -2.00265 11.8242
    endloop
  endfacet
  facet normal 0.526695 0.728221 0.438506
    outer loop
      vertex -1.97568 -2.10283 11.8178
      vertex -2.03677 -2.00963 11.7364
      vertex -2.05679 -2.04802 11.8242
    endloop
  endfacet
  facet normal 0.652133 0.69159 0.310526
    outer loop
      vertex -1.86902 -2.10324 11.6338
      vertex -1.9417 -2.03767 11.6404
      vertex -1.956 -2.06509 11.7315
    endloop
  endfacet
  facet normal 0.667239 0.720629 0.188378
    outer loop
      vertex -1.86902 -2.10324 11.6338
      vertex -1.93302 -2.02103 11.546
      vertex -1.9417 -2.03767 11.6404
    endloop
  endfacet
  facet normal 0.417974 0.518947 0.745648
    outer loop
      vertex -2.02974 -2.20648 11.9701
      vertex -2.11179 -2.15347 11.9792
      vertex -2.14583 -2.21873 12.0437
    endloop
  endfacet
  facet normal 0.524047 0.445401 0.725943
    outer loop
      vertex -1.98632 -2.32814 12.0134
      vertex -2.02974 -2.20648 11.9701
      vertex -2.06319 -2.27062 12.0336
    endloop
  endfacet
  facet normal 0.106508 0.763365 0.637126
    outer loop
      vertex -2.28921 -2.07115 11.9701
      vertex -2.25987 -2.0149 11.8978
      vertex -2.35321 -1.98894 11.8823
    endloop
  endfacet
  facet normal 0.265711 0.791214 0.550798
    outer loop
      vertex -2.16893 -2.05087 11.9056
      vertex -2.14378 -2.00265 11.8242
      vertex -2.25987 -2.0149 11.8978
    endloop
  endfacet
  facet normal 0.142134 0.831602 0.536876
    outer loop
      vertex -2.25987 -2.0149 11.8978
      vertex -2.32934 -1.94318 11.8051
      vertex -2.35321 -1.98894 11.8823
    endloop
  endfacet
  facet normal 0.0164128 0.857884 0.513582
    outer loop
      vertex -2.35321 -1.98894 11.8823
      vertex -2.32934 -1.94318 11.8051
      vertex -2.42474 -1.9301 11.7863
    endloop
  endfacet
  facet normal 0.772761 -0.152606 0.616078
    outer loop
      vertex -1.81252 -2.69296 11.9069
      vertex -1.49283 -2.65019 11.5165
      vertex -1.491 -2.64819 11.5147
    endloop
  endfacet
  facet normal 0.771703 -0.167193 0.613614
    outer loop
      vertex -1.81252 -2.69296 11.9069
      vertex -1.50697 -2.67068 11.5287
      vertex -1.49283 -2.65019 11.5165
    endloop
  endfacet
  facet normal 0.771666 -0.167542 0.613564
    outer loop
      vertex -1.50697 -2.67068 11.5287
      vertex -1.81252 -2.69296 11.9069
      vertex -1.84085 -2.74727 11.9277
    endloop
  endfacet
  facet normal 0.770767 -0.0488278 0.635244
    outer loop
      vertex -1.78569 -2.64152 11.8783
      vertex -1.83116 -2.57869 11.9383
      vertex -1.81252 -2.69296 11.9069
    endloop
  endfacet
  facet normal 0.363937 -0.380332 0.850234
    outer loop
      vertex -2.10518 -2.93579 12.0524
      vertex -2.06819 -2.86485 12.0683
      vertex -2.18639 -2.90776 12.0997
    endloop
  endfacet
  facet normal 0.610642 -0.143594 0.778779
    outer loop
      vertex -1.9275 -2.76342 12.0091
      vertex -1.89405 -2.69927 11.9947
      vertex -1.99291 -2.72051 12.0683
    endloop
  endfacet
  facet normal 0.664592 0.195862 0.72108
    outer loop
      vertex -1.88636 -2.51622 11.9901
      vertex -1.91652 -2.39032 11.9837
      vertex -1.95035 -2.45519 12.0325
    endloop
  endfacet
  facet normal 0.743569 0.110161 0.659522
    outer loop
      vertex -1.83116 -2.57869 11.9383
      vertex -1.855 -2.45609 11.9447
      vertex -1.88636 -2.51622 11.9901
    endloop
  endfacet
  facet normal 0.187249 0.6405 -0.74478
    outer loop
      vertex -2.29852 -2.08901 10.9122
      vertex -2.28921 -2.07115 10.9299
      vertex -2.27161 -2.10304 10.9069
    endloop
  endfacet
  facet normal 0.0669368 0.684519 -0.725915
    outer loop
      vertex -2.31779 -2.07896 10.9199
      vertex -2.28921 -2.07115 10.9299
      vertex -2.29852 -2.08901 10.9122
    endloop
  endfacet
  facet normal 0.164536 0.82547 -0.539933
    outer loop
      vertex -3.05544 -1.69424 11.25
      vertex -2.23515 -1.9675 11.0822
      vertex -2.25987 -2.0149 11.0022
    endloop
  endfacet
  facet normal 0.204632 0.878887 -0.43091
    outer loop
      vertex -3.05544 -1.69424 11.25
      vertex -2.21547 -1.92977 11.1685
      vertex -2.23515 -1.9675 11.0822
    endloop
  endfacet
  facet normal 0.523306 0.442858 -0.728029
    outer loop
      vertex -2.01978 -2.23438 10.9199
      vertex -1.95402 -2.26622 10.9478
      vertex -1.95503 -2.26815 10.9459
    endloop
  endfacet
  facet normal 0.524006 0.446932 -0.72503
    outer loop
      vertex -1.95402 -2.26622 10.9478
      vertex -2.01978 -2.23438 10.9199
      vertex -2.02974 -2.20648 10.9299
    endloop
  endfacet
  facet normal 0.625418 0.714642 -0.313271
    outer loop
      vertex -1.956 -2.06509 11.1685
      vertex -1.9417 -2.03767 11.2596
      vertex -1.28213 -2.6191 11.25
    endloop
  endfacet
  facet normal 0.526638 0.72823 -0.438559
    outer loop
      vertex -1.97568 -2.10283 11.0822
      vertex -2.03677 -2.00963 11.1636
      vertex -1.956 -2.06509 11.1685
    endloop
  endfacet
  facet normal 0.318688 0.892678 -0.318691
    outer loop
      vertex -2.21547 -1.92977 11.1685
      vertex -2.10921 -1.93636 11.2563
      vertex -2.12376 -1.96426 11.1636
    endloop
  endfacet
  facet normal 0.318702 0.892667 -0.318709
    outer loop
      vertex -2.20117 -1.90235 11.2596
      vertex -2.10921 -1.93636 11.2563
      vertex -2.21547 -1.92977 11.1685
    endloop
  endfacet
  facet normal 0.342081 0.937427 0.0648983
    outer loop
      vertex -2.10038 -1.91943 11.5477
      vertex -2.09741 -1.91375 11.45
      vertex -2.19249 -1.8857 11.546
    endloop
  endfacet
  facet normal -0.295765 -0.848664 -0.438513
    outer loop
      vertex -2.65622 -3.19735 11.0758
      vertex -2.56485 -3.2325 11.0822
      vertex -2.67624 -3.23574 11.1636
    endloop
  endfacet
  facet normal -0.295743 -0.848686 -0.438484
    outer loop
      vertex -2.67624 -3.23574 11.1636
      vertex -2.56485 -3.2325 11.0822
      vertex -2.58453 -3.27023 11.1685
    endloop
  endfacet
  facet normal -0.573046 -0.816953 0.0648568
    outer loop
      vertex -2.78661 -3.23521 11.5477
      vertex -2.86698 -3.17897 11.546
      vertex -2.78957 -3.24089 11.45
    endloop
  endfacet
  facet normal -0.199769 0.175718 0.963958
    outer loop
      vertex -2.52973 -2.53234 12.1856
      vertex -2.57089 -2.40633 12.1541
      vertex -2.61375 -2.48852 12.1602
    endloop
  endfacet
  facet normal -0.25497 0.336727 0.906424
    outer loop
      vertex -2.57089 -2.40633 12.1541
      vertex -2.61361 -2.29224 12.0997
      vertex -2.65352 -2.36876 12.1169
    endloop
  endfacet
  facet normal -0.101209 0.631778 0.768514
    outer loop
      vertex -2.44955 -2.17367 12.065
      vertex -2.41383 -2.10518 12.0134
      vertex -2.53859 -2.1484 12.0325
    endloop
  endfacet
  facet normal 0.0653128 0.684587 0.725999
    outer loop
      vertex -2.32266 -2.1353 12.0336
      vertex -2.28921 -2.07115 11.9701
      vertex -2.41383 -2.10518 12.0134
    endloop
  endfacet
  facet normal -0.420753 0.507991 0.751606
    outer loop
      vertex -2.69481 -2.26421 12.0524
      vertex -2.6591 -2.19572 12.0261
      vertex -2.77097 -2.24192 11.9947
    endloop
  endfacet
  facet normal -0.467516 0.418376 0.778711
    outer loop
      vertex -2.73181 -2.33515 12.0683
      vertex -2.69481 -2.26421 12.0524
      vertex -2.77097 -2.24192 11.9947
    endloop
  endfacet
  facet normal -0.376822 0.593122 0.711485
    outer loop
      vertex -2.73867 -2.18 11.971
      vertex -2.62526 -2.13086 11.9901
      vertex -2.70808 -2.12134 11.9383
    endloop
  endfacet
  facet normal -0.481266 0.604719 0.634585
    outer loop
      vertex -2.73867 -2.18 11.971
      vertex -2.70808 -2.12134 11.9383
      vertex -2.81246 -2.17146 11.9069
    endloop
  endfacet
  facet normal -0.364067 0.380925 0.849912
    outer loop
      vertex -2.65352 -2.36876 12.1169
      vertex -2.61361 -2.29224 12.0997
      vertex -2.73181 -2.33515 12.0683
    endloop
  endfacet
  facet normal -0.416005 0.281378 0.864735
    outer loop
      vertex -2.69412 -2.44661 12.1227
      vertex -2.65352 -2.36876 12.1169
      vertex -2.73181 -2.33515 12.0683
    endloop
  endfacet
  facet normal -0.255684 0.336418 0.906338
    outer loop
      vertex -2.57089 -2.40633 12.1541
      vertex -2.52875 -2.32554 12.136
      vertex -2.61361 -2.29224 12.0997
    endloop
  endfacet
  facet normal -0.141765 0.286245 0.947611
    outer loop
      vertex -2.57089 -2.40633 12.1541
      vertex -2.44169 -2.36353 12.1605
      vertex -2.52875 -2.32554 12.136
    endloop
  endfacet
  facet normal 0.25497 -0.336727 0.906424
    outer loop
      vertex -2.18639 -2.90776 12.0997
      vertex -2.14648 -2.83124 12.1169
      vertex -2.22911 -2.79367 12.1541
    endloop
  endfacet
  facet normal 0.0850527 -0.395006 0.914733
    outer loop
      vertex -2.31192 -2.95246 12.1061
      vertex -2.27124 -2.87446 12.136
      vertex -2.3583 -2.83647 12.1605
    endloop
  endfacet
  facet normal -0.031765 -0.343208 0.938722
    outer loop
      vertex -2.48894 -2.87662 12.1414
      vertex -2.3583 -2.83647 12.1605
      vertex -2.44608 -2.79443 12.1729
    endloop
  endfacet
  facet normal 0.0263052 -0.231887 0.972387
    outer loop
      vertex -2.3583 -2.83647 12.1605
      vertex -2.40168 -2.7093 12.192
      vertex -2.44608 -2.79443 12.1729
    endloop
  endfacet
  facet normal -0.0873551 -0.449399 0.88905
    outer loop
      vertex -2.44034 -2.99377 12.087
      vertex -2.40044 -2.91725 12.1296
      vertex -2.52955 -2.95447 12.0981
    endloop
  endfacet
  facet normal 0.031591 -0.4987 0.866199
    outer loop
      vertex -2.44034 -2.99377 12.087
      vertex -2.31192 -2.95246 12.1061
      vertex -2.40044 -2.91725 12.1296
    endloop
  endfacet
  facet normal 0.145462 -0.00264939 0.98936
    outer loop
      vertex -2.27027 -2.66766 12.1856
      vertex -2.22587 -2.58253 12.1793
      vertex -2.35651 -2.62268 12.1984
    endloop
  endfacet
  facet normal 0.372573 0.156403 0.914728
    outer loop
      vertex -2.10124 -2.5485 12.136
      vertex -2.06057 -2.47051 12.1061
      vertex -2.18223 -2.49886 12.1605
    endloop
  endfacet
  facet normal 0.366533 -0.122454 0.922311
    outer loop
      vertex -2.10588 -2.75339 12.1227
      vertex -2.06528 -2.67555 12.1169
      vertex -2.18624 -2.71148 12.1602
    endloop
  endfacet
  facet normal 0.145506 -0.00279517 0.989353
    outer loop
      vertex -2.22587 -2.58253 12.1793
      vertex -2.31133 -2.53607 12.192
      vertex -2.35651 -2.62268 12.1984
    endloop
  endfacet
  facet normal 0.258487 -0.0634805 0.963927
    outer loop
      vertex -2.14338 -2.62929 12.1541
      vertex -2.22587 -2.58253 12.1793
      vertex -2.27027 -2.66766 12.1856
    endloop
  endfacet
  facet normal 0.0854239 -0.11776 0.989361
    outer loop
      vertex -2.31466 -2.75279 12.1793
      vertex -2.27027 -2.66766 12.1856
      vertex -2.35651 -2.62268 12.1984
    endloop
  endfacet
  facet normal 0.0317664 0.343204 0.938723
    outer loop
      vertex -2.35392 -2.40557 12.1729
      vertex -2.31105 -2.32338 12.1414
      vertex -2.44169 -2.36353 12.1605
    endloop
  endfacet
  facet normal -0.228937 -0.721286 0.653709
    outer loop
      vertex -2.63107 -3.14913 11.9056
      vertex -2.51079 -3.12885 11.9701
      vertex -2.60122 -3.0919 11.9792
    endloop
  endfacet
  facet normal -0.229103 -0.721026 0.653936
    outer loop
      vertex -2.54013 -3.1851 11.8978
      vertex -2.51079 -3.12885 11.9701
      vertex -2.63107 -3.14913 11.9056
    endloop
  endfacet
  facet normal 0.562502 -0.448925 0.694304
    outer loop
      vertex -1.95922 -2.97423 11.9277
      vertex -1.92988 -2.91798 11.9403
      vertex -2.02903 -2.95808 11.9947
    endloop
  endfacet
  facet normal 0.562778 -0.235322 0.792404
    outer loop
      vertex -1.96154 -2.82867 12.0139
      vertex -1.99291 -2.72051 12.0683
      vertex -2.03055 -2.79268 12.0736
    endloop
  endfacet
  facet normal 0.391738 -0.674748 0.625504
    outer loop
      vertex -2.12028 -3.13304 11.8974
      vertex -1.85229 -3.37329 11.4704
      vertex -2.09192 -3.07866 11.9383
    endloop
  endfacet
  facet normal 0.391531 -0.674907 0.625463
    outer loop
      vertex -2.12028 -3.13304 11.8974
      vertex -1.85333 -3.39076 11.4522
      vertex -1.85229 -3.37329 11.4704
    endloop
  endfacet
  facet normal 0.38384 -0.680547 0.624117
    outer loop
      vertex -1.85333 -3.39076 11.4522
      vertex -2.12028 -3.13304 11.8974
      vertex -1.8517 -3.39947 11.4417
    endloop
  endfacet
  facet normal 0.420619 -0.507299 0.752149
    outer loop
      vertex -2.06133 -3.02 11.971
      vertex -2.02903 -2.95808 11.9947
      vertex -2.1409 -3.00428 12.0261
    endloop
  endfacet
  facet normal 0.201013 -0.439127 0.875649
    outer loop
      vertex -2.22492 -2.98163 12.0715
      vertex -2.18639 -2.90776 12.0997
      vertex -2.31192 -2.95246 12.1061
    endloop
  endfacet
  facet normal 0.376532 -0.591932 0.712629
    outer loop
      vertex -2.17473 -3.06914 11.9901
      vertex -2.06133 -3.02 11.971
      vertex -2.1409 -3.00428 12.0261
    endloop
  endfacet
  facet normal 0.0829455 -0.868538 0.488632
    outer loop
      vertex -2.37526 -3.2699 11.7863
      vertex -1.74456 -3.50576 11.26
      vertex -2.35266 -3.22656 11.8595
    endloop
  endfacet
  facet normal 0.14139 -0.808755 0.570898
    outer loop
      vertex -2.25933 -3.23135 11.8296
      vertex -2.23446 -3.18366 11.891
      vertex -2.35266 -3.22656 11.8595
    endloop
  endfacet
  facet normal 0.219765 -0.657065 0.721089
    outer loop
      vertex -2.29524 -3.11647 11.9837
      vertex -2.17473 -3.06914 11.9901
      vertex -2.26141 -3.0516 12.0325
    endloop
  endfacet
  facet normal 0.0560743 -0.717269 0.694536
    outer loop
      vertex -2.32583 -3.17512 11.9256
      vertex -2.29524 -3.11647 11.9837
      vertex -2.38617 -3.09482 12.0134
    endloop
  endfacet
  facet normal 0.721615 -0.330976 0.608051
    outer loop
      vertex -1.82193 -2.84015 11.8631
      vertex -1.87018 -2.80352 11.9403
      vertex -1.84708 -2.88837 11.8667
    endloop
  endfacet
  facet normal 0.72108 -0.331449 0.608429
    outer loop
      vertex -1.84708 -2.88837 11.8667
      vertex -1.87018 -2.80352 11.9403
      vertex -1.90003 -2.86075 11.9445
    endloop
  endfacet
  facet normal -0.209158 -0.959541 0.188502
    outer loop
      vertex -2.51185 -3.3358 11.5427
      vertex -2.50347 -3.31973 11.6338
      vertex -2.60751 -3.3143 11.546
    endloop
  endfacet
  facet normal -0.318702 -0.892667 0.318709
    outer loop
      vertex -2.59883 -3.29765 11.6404
      vertex -2.58453 -3.27023 11.7315
      vertex -2.69079 -3.26364 11.6437
    endloop
  endfacet
  facet normal -0.372587 -0.156349 0.914732
    outer loop
      vertex -2.61777 -2.70114 12.1605
      vertex -2.69875 -2.6515 12.136
      vertex -2.73943 -2.72949 12.1061
    endloop
  endfacet
  facet normal -0.571531 -0.015099 0.820442
    outer loop
      vertex -2.81315 -2.67484 12.0715
      vertex -2.77462 -2.60097 12.0997
      vertex -2.8798 -2.61891 12.0261
    endloop
  endfacet
  facet normal -0.315863 -0.0475855 0.947611
    outer loop
      vertex -2.61777 -2.70114 12.1605
      vertex -2.65662 -2.57071 12.1541
      vertex -2.69875 -2.6515 12.136
    endloop
  endfacet
  facet normal -0.527487 -0.186847 0.828761
    outer loop
      vertex -2.73943 -2.72949 12.1061
      vertex -2.81315 -2.67484 12.0715
      vertex -2.84964 -2.74481 12.0325
    endloop
  endfacet
  facet normal -0.647666 0.285823 0.706282
    outer loop
      vertex -2.87249 -2.43658 12.0091
      vertex -2.83846 -2.37133 12.0139
      vertex -2.92982 -2.39648 11.9403
    endloop
  endfacet
  facet normal -0.690234 0.204195 0.694177
    outer loop
      vertex -2.87249 -2.43658 12.0091
      vertex -2.92982 -2.39648 11.9403
      vertex -2.90595 -2.50073 11.9947
    endloop
  endfacet
  facet normal 0.571276 0.0171596 0.820579
    outer loop
      vertex -1.95591 -2.64958 12.0524
      vertex -1.92019 -2.58109 12.0261
      vertex -2.02537 -2.59903 12.0997
    endloop
  endfacet
  facet normal 0.657425 -0.0542728 0.751563
    outer loop
      vertex -1.89405 -2.69927 11.9947
      vertex -1.92019 -2.58109 12.0261
      vertex -1.95591 -2.64958 12.0524
    endloop
  endfacet
  facet normal 0.659657 0.439491 0.609673
    outer loop
      vertex -1.85911 -2.28023 11.8595
      vertex -1.9257 -2.21191 11.8823
      vertex -1.88593 -2.33167 11.9256
    endloop
  endfacet
  facet normal 0.693881 0.505002 0.513325
    outer loop
      vertex -1.85911 -2.28023 11.8595
      vertex -1.8365 -2.23689 11.7863
      vertex -1.9257 -2.21191 11.8823
    endloop
  endfacet
  facet normal 0.620262 0.364526 0.694548
    outer loop
      vertex -1.91652 -2.39032 11.9837
      vertex -1.88593 -2.33167 11.9256
      vertex -1.98632 -2.32814 12.0134
    endloop
  endfacet
  facet normal 0.575327 0.2785 0.769049
    outer loop
      vertex -1.91652 -2.39032 11.9837
      vertex -1.98632 -2.32814 12.0134
      vertex -1.95035 -2.45519 12.0325
    endloop
  endfacet
  facet normal 0.265766 0.791142 0.550874
    outer loop
      vertex -2.25987 -2.0149 11.8978
      vertex -2.14378 -2.00265 11.8242
      vertex -2.23515 -1.9675 11.8178
    endloop
  endfacet
  facet normal 0.13969 0.548538 0.824374
    outer loop
      vertex -2.27045 -2.24553 12.0981
      vertex -2.23281 -2.17336 12.0437
      vertex -2.32266 -2.1353 12.0336
    endloop
  endfacet
  facet normal 0.426731 0.25942 0.866373
    outer loop
      vertex -2.02204 -2.39663 12.065
      vertex -2.10019 -2.34155 12.087
      vertex -2.06057 -2.47051 12.1061
    endloop
  endfacet
  facet normal 0.477119 0.356028 0.803493
    outer loop
      vertex -2.02204 -2.39663 12.065
      vertex -2.06319 -2.27062 12.0336
      vertex -2.10019 -2.34155 12.087
    endloop
  endfacet
  facet normal 0.565064 0.52414 0.637166
    outer loop
      vertex -1.9257 -2.21191 11.8823
      vertex -2.0004 -2.15022 11.8978
      vertex -2.02974 -2.20648 11.9701
    endloop
  endfacet
  facet normal 0.460097 0.600504 0.653992
    outer loop
      vertex -2.0004 -2.15022 11.8978
      vertex -2.08194 -2.09624 11.9056
      vertex -2.02974 -2.20648 11.9701
    endloop
  endfacet
  facet normal 0.573047 0.816952 -0.0648558
    outer loop
      vertex -1.93302 -2.02103 11.354
      vertex -2.01043 -1.95911 11.45
      vertex -1.93011 -2.01545 11.45
    endloop
  endfacet
  facet normal 0.573046 0.816953 -0.0648568
    outer loop
      vertex -2.01339 -1.96479 11.3523
      vertex -2.01043 -1.95911 11.45
      vertex -1.93302 -2.02103 11.354
    endloop
  endfacet
  facet normal 0.229103 0.721026 0.653936
    outer loop
      vertex -2.28921 -2.07115 11.9701
      vertex -2.16893 -2.05087 11.9056
      vertex -2.25987 -2.0149 11.8978
    endloop
  endfacet
  facet normal 0.318688 0.892678 0.318691
    outer loop
      vertex -2.12376 -1.96426 11.7364
      vertex -2.10921 -1.93636 11.6437
      vertex -2.21547 -1.92977 11.7315
    endloop
  endfacet
  facet normal 0.295743 0.848686 0.438484
    outer loop
      vertex -2.23515 -1.9675 11.8178
      vertex -2.12376 -1.96426 11.7364
      vertex -2.21547 -1.92977 11.7315
    endloop
  endfacet
  facet normal 0.347675 0.666614 0.659354
    outer loop
      vertex -2.16893 -2.05087 11.9056
      vertex -2.11179 -2.15347 11.9792
      vertex -2.08194 -2.09624 11.9056
    endloop
  endfacet
  facet normal 0.347675 0.666614 0.659354
    outer loop
      vertex -2.11179 -2.15347 11.9792
      vertex -2.16893 -2.05087 11.9056
      vertex -2.19878 -2.1081 11.9792
    endloop
  endfacet
  facet normal 0.774397 -0.0785879 0.6278
    outer loop
      vertex -1.78569 -2.64152 11.8783
      vertex -1.47627 -2.62816 11.4983
      vertex -1.47582 -2.62772 11.4978
    endloop
  endfacet
  facet normal 0.775221 -0.0548371 0.629306
    outer loop
      vertex -1.78569 -2.64152 11.8783
      vertex -1.491 -2.64819 11.5147
      vertex -1.47627 -2.62816 11.4983
    endloop
  endfacet
  facet normal 0.77524 -0.0544576 0.629315
    outer loop
      vertex -1.491 -2.64819 11.5147
      vertex -1.78569 -2.64152 11.8783
      vertex -1.81252 -2.69296 11.9069
    endloop
  endfacet
  facet normal 0.775611 -0.0377518 0.630081
    outer loop
      vertex -1.83116 -2.57869 11.9383
      vertex -1.45778 -2.61008 11.4768
      vertex -1.45241 -2.60657 11.4704
    endloop
  endfacet
  facet normal 0.775292 -0.0426831 0.630159
    outer loop
      vertex -1.83116 -2.57869 11.9383
      vertex -1.47582 -2.62772 11.4978
      vertex -1.45778 -2.61008 11.4768
    endloop
  endfacet
  facet normal 0.775485 -0.0404711 0.630068
    outer loop
      vertex -1.47582 -2.62772 11.4978
      vertex -1.83116 -2.57869 11.9383
      vertex -1.78569 -2.64152 11.8783
    endloop
  endfacet
  facet normal 0.57152 0.0151841 0.820447
    outer loop
      vertex -1.92019 -2.58109 12.0261
      vertex -1.98685 -2.52516 12.0715
      vertex -2.02537 -2.59903 12.0997
    endloop
  endfacet
  facet normal 0.475125 0.0865252 0.875654
    outer loop
      vertex -1.98685 -2.52516 12.0715
      vertex -2.06057 -2.47051 12.1061
      vertex -2.02537 -2.59903 12.0997
    endloop
  endfacet
  facet normal 0.468826 -0.180098 0.864735
    outer loop
      vertex -1.99291 -2.72051 12.0683
      vertex -2.06528 -2.67555 12.1169
      vertex -2.10588 -2.75339 12.1227
    endloop
  endfacet
  facet normal 0.258416 -0.0632134 0.963963
    outer loop
      vertex -2.18624 -2.71148 12.1602
      vertex -2.14338 -2.62929 12.1541
      vertex -2.27027 -2.66766 12.1856
    endloop
  endfacet
  facet normal 0.647663 -0.285923 0.706244
    outer loop
      vertex -1.87018 -2.80352 11.9403
      vertex -1.9275 -2.76342 12.0091
      vertex -1.96154 -2.82867 12.0139
    endloop
  endfacet
  facet normal 0.647662 -0.285979 0.706223
    outer loop
      vertex -1.90003 -2.86075 11.9445
      vertex -1.87018 -2.80352 11.9403
      vertex -1.96154 -2.82867 12.0139
    endloop
  endfacet
  facet normal 0.0334596 0.690366 -0.722686
    outer loop
      vertex -3.05544 -1.69424 11.25
      vertex -2.38153 -2.04325 10.9478
      vertex -2.38254 -2.04519 10.9459
    endloop
  endfacet
  facet normal 0.186737 0.639794 -0.745516
    outer loop
      vertex -2.27161 -2.10304 10.9069
      vertex -2.19878 -2.1081 10.9208
      vertex -2.21228 -2.13399 10.8952
    endloop
  endfacet
  facet normal 0.186685 0.64037 -0.745033
    outer loop
      vertex -2.19878 -2.1081 10.9208
      vertex -2.27161 -2.10304 10.9069
      vertex -2.28921 -2.07115 10.9299
    endloop
  endfacet
  facet normal 0.265689 0.791173 -0.550868
    outer loop
      vertex -2.25987 -2.0149 11.0022
      vertex -2.23515 -1.9675 11.0822
      vertex -2.16893 -2.05087 10.9944
    endloop
  endfacet
  facet normal 0.295765 0.848664 -0.438513
    outer loop
      vertex -2.23515 -1.9675 11.0822
      vertex -2.12376 -1.96426 11.1636
      vertex -2.14378 -2.00265 11.0758
    endloop
  endfacet
  facet normal 0.563135 0.525694 -0.637593
    outer loop
      vertex -2.02974 -2.20648 10.9299
      vertex -2.0004 -2.15022 11.0022
      vertex -1.28213 -2.6191 11.25
    endloop
  endfacet
  facet normal 0.562313 0.520098 -0.642886
    outer loop
      vertex -1.95402 -2.26622 10.9478
      vertex -2.02974 -2.20648 10.9299
      vertex -1.28213 -2.6191 11.25
    endloop
  endfacet
  facet normal 0.549578 0.772262 -0.318709
    outer loop
      vertex -1.956 -2.06509 11.1685
      vertex -2.02222 -1.98173 11.2563
      vertex -1.9417 -2.03767 11.2596
    endloop
  endfacet
  facet normal 0.549597 0.772256 -0.31869
    outer loop
      vertex -2.03677 -2.00963 11.1636
      vertex -2.02222 -1.98173 11.2563
      vertex -1.956 -2.06509 11.1685
    endloop
  endfacet
  facet normal 0.565241 0.801912 -0.193494
    outer loop
      vertex -2.02222 -1.98173 11.2563
      vertex -2.01339 -1.96479 11.3523
      vertex -1.93302 -2.02103 11.354
    endloop
  endfacet
  facet normal 0.461408 0.884773 0.0654174
    outer loop
      vertex -2.09741 -1.91375 11.45
      vertex -2.01339 -1.96479 11.5477
      vertex -2.01043 -1.95911 11.45
    endloop
  endfacet
  facet normal 0.461365 0.884792 0.0654644
    outer loop
      vertex -2.01339 -1.96479 11.5477
      vertex -2.09741 -1.91375 11.45
      vertex -2.10038 -1.91943 11.5477
    endloop
  endfacet
  facet normal 0.573046 0.816953 0.0648568
    outer loop
      vertex -1.93302 -2.02103 11.546
      vertex -2.01043 -1.95911 11.45
      vertex -2.01339 -1.96479 11.5477
    endloop
  endfacet
  facet normal 0.342081 0.937427 -0.0648983
    outer loop
      vertex -2.19249 -1.8857 11.354
      vertex -2.09741 -1.91375 11.45
      vertex -2.10038 -1.91943 11.3523
    endloop
  endfacet
  facet normal 0.223431 0.972662 -0.0633087
    outer loop
      vertex -3.05544 -1.69424 11.25
      vertex -2.18958 -1.88012 11.45
      vertex -2.19249 -1.8857 11.354
    endloop
  endfacet
  facet normal 0.217008 0.97562 -0.0327524
    outer loop
      vertex -2.28534 -1.85882 11.45
      vertex -2.18958 -1.88012 11.45
      vertex -3.05544 -1.69424 11.25
    endloop
  endfacet
  facet normal -0.318688 -0.892678 -0.318691
    outer loop
      vertex -2.67624 -3.23574 11.1636
      vertex -2.58453 -3.27023 11.1685
      vertex -2.69079 -3.26364 11.2563
    endloop
  endfacet
  facet normal -0.437809 -0.839616 -0.321508
    outer loop
      vertex -2.76323 -3.19037 11.1636
      vertex -2.69079 -3.26364 11.2563
      vertex -2.77778 -3.21828 11.2563
    endloop
  endfacet
  facet normal -0.437898 -0.839601 -0.321427
    outer loop
      vertex -2.69079 -3.26364 11.2563
      vertex -2.76323 -3.19037 11.1636
      vertex -2.67624 -3.23574 11.1636
    endloop
  endfacet
  facet normal -0.057426 0.716735 0.694977
    outer loop
      vertex -2.41383 -2.10518 12.0134
      vertex -2.38153 -2.04325 11.9522
      vertex -2.47417 -2.02488 11.9256
    endloop
  endfacet
  facet normal 0.0657597 0.683819 0.726682
    outer loop
      vertex -2.41383 -2.10518 12.0134
      vertex -2.28921 -2.07115 11.9701
      vertex -2.38153 -2.04325 11.9522
    endloop
  endfacet
  facet normal -0.0858567 0.394703 0.914789
    outer loop
      vertex -2.44169 -2.36353 12.1605
      vertex -2.39956 -2.28275 12.1296
      vertex -2.48808 -2.24754 12.1061
    endloop
  endfacet
  facet normal -0.031591 0.4987 0.866199
    outer loop
      vertex -2.39956 -2.28275 12.1296
      vertex -2.35966 -2.20623 12.087
      vertex -2.48808 -2.24754 12.1061
    endloop
  endfacet
  facet normal 0.422204 -0.0171674 0.906338
    outer loop
      vertex -2.02537 -2.59903 12.0997
      vertex -2.10124 -2.5485 12.136
      vertex -2.14338 -2.62929 12.1541
    endloop
  endfacet
  facet normal 0.476484 0.0869361 0.874874
    outer loop
      vertex -2.02537 -2.59903 12.0997
      vertex -2.06057 -2.47051 12.1061
      vertex -2.10124 -2.5485 12.136
    endloop
  endfacet
  facet normal 0.199741 -0.175728 0.963962
    outer loop
      vertex -2.22911 -2.79367 12.1541
      vertex -2.18624 -2.71148 12.1602
      vertex -2.27027 -2.66766 12.1856
    endloop
  endfacet
  facet normal 0.31045 -0.230377 0.922251
    outer loop
      vertex -2.14648 -2.83124 12.1169
      vertex -2.18624 -2.71148 12.1602
      vertex -2.22911 -2.79367 12.1541
    endloop
  endfacet
  facet normal 0.316507 0.0477885 0.947385
    outer loop
      vertex -2.14338 -2.62929 12.1541
      vertex -2.18223 -2.49886 12.1605
      vertex -2.22587 -2.58253 12.1793
    endloop
  endfacet
  facet normal 0.205117 0.111499 0.972366
    outer loop
      vertex -2.22587 -2.58253 12.1793
      vertex -2.18223 -2.49886 12.1605
      vertex -2.31133 -2.53607 12.192
    endloop
  endfacet
  facet normal 0.057426 -0.716735 0.694977
    outer loop
      vertex -2.32583 -3.17512 11.9256
      vertex -2.38617 -3.09482 12.0134
      vertex -2.41847 -3.15675 11.9522
    endloop
  endfacet
  facet normal -0.0657597 -0.683819 0.726682
    outer loop
      vertex -2.41847 -3.15675 11.9522
      vertex -2.38617 -3.09482 12.0134
      vertex -2.51079 -3.12885 11.9701
    endloop
  endfacet
  facet normal 0.334817 -0.671668 0.660878
    outer loop
      vertex -2.12028 -3.13304 11.8974
      vertex -2.09192 -3.07866 11.9383
      vertex -2.2061 -3.12928 11.9447
    endloop
  endfacet
  facet normal 0.420763 -0.508043 0.751566
    outer loop
      vertex -2.1409 -3.00428 12.0261
      vertex -2.02903 -2.95808 11.9947
      vertex -2.10518 -2.93579 12.0524
    endloop
  endfacet
  facet normal 0.314653 -0.477331 0.820456
    outer loop
      vertex -2.1409 -3.00428 12.0261
      vertex -2.18639 -2.90776 12.0997
      vertex -2.22492 -2.98163 12.0715
    endloop
  endfacet
  facet normal 0.467263 -0.418535 0.778777
    outer loop
      vertex -2.02903 -2.95808 11.9947
      vertex -1.99557 -2.89393 12.0091
      vertex -2.06819 -2.86485 12.0683
    endloop
  endfacet
  facet normal 0.515059 -0.32682 0.792403
    outer loop
      vertex -2.06819 -2.86485 12.0683
      vertex -1.96154 -2.82867 12.0139
      vertex -2.03055 -2.79268 12.0736
    endloop
  endfacet
  facet normal 0.562511 -0.44921 0.694112
    outer loop
      vertex -2.02903 -2.95808 11.9947
      vertex -1.92988 -2.91798 11.9403
      vertex -1.99557 -2.89393 12.0091
    endloop
  endfacet
  facet normal 0.122713 -0.84617 0.518593
    outer loop
      vertex -2.35266 -3.22656 11.8595
      vertex -1.78663 -3.48333 11.3066
      vertex -2.25933 -3.23135 11.8296
    endloop
  endfacet
  facet normal 0.109177 -0.854148 0.508441
    outer loop
      vertex -2.35266 -3.22656 11.8595
      vertex -1.78132 -3.48658 11.3
      vertex -1.78663 -3.48333 11.3066
    endloop
  endfacet
  facet normal 0.122319 -0.846424 0.518271
    outer loop
      vertex -1.78132 -3.48658 11.3
      vertex -2.35266 -3.22656 11.8595
      vertex -1.74456 -3.50576 11.26
    endloop
  endfacet
  facet normal 0.182772 -0.810948 0.55584
    outer loop
      vertex -2.25933 -3.23135 11.8296
      vertex -1.82989 -3.44965 11.3699
      vertex -2.23446 -3.18366 11.891
    endloop
  endfacet
  facet normal 0.186278 -0.808648 0.558023
    outer loop
      vertex -2.25933 -3.23135 11.8296
      vertex -1.82777 -3.45275 11.3647
      vertex -1.82989 -3.44965 11.3699
    endloop
  endfacet
  facet normal 0.181167 -0.811976 0.554864
    outer loop
      vertex -2.25933 -3.23135 11.8296
      vertex -1.80798 -3.47027 11.3326
      vertex -1.82777 -3.45275 11.3647
    endloop
  endfacet
  facet normal 0.198635 -0.800631 0.565273
    outer loop
      vertex -1.80798 -3.47027 11.3326
      vertex -2.25933 -3.23135 11.8296
      vertex -1.78663 -3.48333 11.3066
    endloop
  endfacet
  facet normal 0.220318 -0.658298 0.719794
    outer loop
      vertex -2.2061 -3.12928 11.9447
      vertex -2.17473 -3.06914 11.9901
      vertex -2.29524 -3.11647 11.9837
    endloop
  endfacet
  facet normal 0.179212 -0.737006 0.651694
    outer loop
      vertex -2.23446 -3.18366 11.891
      vertex -2.2061 -3.12928 11.9447
      vertex -2.29524 -3.11647 11.9837
    endloop
  endfacet
  facet normal -0.0854907 -0.950299 0.29937
    outer loop
      vertex -2.50347 -3.31973 11.6338
      vertex -1.74456 -3.50576 11.26
      vertex -2.48966 -3.29325 11.7218
    endloop
  endfacet
  facet normal -0.194056 -0.930565 0.310469
    outer loop
      vertex -2.50347 -3.31973 11.6338
      vertex -2.48966 -3.29325 11.7218
      vertex -2.58453 -3.27023 11.7315
    endloop
  endfacet
  facet normal -0.476462 -0.0868924 0.87489
    outer loop
      vertex -2.69875 -2.6515 12.136
      vertex -2.77462 -2.60097 12.0997
      vertex -2.73943 -2.72949 12.1061
    endloop
  endfacet
  facet normal -0.619693 -0.109967 0.777102
    outer loop
      vertex -2.84964 -2.74481 12.0325
      vertex -2.81315 -2.67484 12.0715
      vertex -2.91364 -2.68378 11.9901
    endloop
  endfacet
  facet normal -0.426731 -0.25942 0.866373
    outer loop
      vertex -2.69981 -2.85845 12.087
      vertex -2.73943 -2.72949 12.1061
      vertex -2.77796 -2.80337 12.065
    endloop
  endfacet
  facet normal -0.427103 -0.259503 0.866165
    outer loop
      vertex -2.65991 -2.78193 12.1296
      vertex -2.73943 -2.72949 12.1061
      vertex -2.69981 -2.85845 12.087
    endloop
  endfacet
  facet normal 0.600637 0.592399 0.536934
    outer loop
      vertex -1.9257 -2.21191 11.8823
      vertex -1.90183 -2.16614 11.8051
      vertex -2.0004 -2.15022 11.8978
    endloop
  endfacet
  facet normal 0.694069 0.504407 0.513655
    outer loop
      vertex -1.8365 -2.23689 11.7863
      vertex -1.90183 -2.16614 11.8051
      vertex -1.9257 -2.21191 11.8823
    endloop
  endfacet
  facet normal 0.01873 0.595379 0.803227
    outer loop
      vertex -2.44955 -2.17367 12.065
      vertex -2.32266 -2.1353 12.0336
      vertex -2.41383 -2.10518 12.0134
    endloop
  endfacet
  facet normal 0.0188921 0.595043 0.803472
    outer loop
      vertex -2.35966 -2.20623 12.087
      vertex -2.32266 -2.1353 12.0336
      vertex -2.44955 -2.17367 12.065
    endloop
  endfacet
  facet normal 0.477528 0.356094 0.803221
    outer loop
      vertex -1.98632 -2.32814 12.0134
      vertex -2.06319 -2.27062 12.0336
      vertex -2.02204 -2.39663 12.065
    endloop
  endfacet
  facet normal 0.575981 0.278605 0.768521
    outer loop
      vertex -1.95035 -2.45519 12.0325
      vertex -1.98632 -2.32814 12.0134
      vertex -2.02204 -2.39663 12.065
    endloop
  endfacet
  facet normal 0.318509 0.328865 0.889044
    outer loop
      vertex -2.10019 -2.34155 12.087
      vertex -2.18347 -2.2909 12.0981
      vertex -2.14009 -2.41807 12.1296
    endloop
  endfacet
  facet normal 0.427103 0.259503 0.866165
    outer loop
      vertex -2.06057 -2.47051 12.1061
      vertex -2.10019 -2.34155 12.087
      vertex -2.14009 -2.41807 12.1296
    endloop
  endfacet
  facet normal 0.629664 0.648765 0.427349
    outer loop
      vertex -1.90183 -2.16614 11.8051
      vertex -1.88283 -2.12971 11.7218
      vertex -1.97568 -2.10283 11.8178
    endloop
  endfacet
  facet normal 0.629642 0.648808 0.427316
    outer loop
      vertex -1.88283 -2.12971 11.7218
      vertex -1.956 -2.06509 11.7315
      vertex -1.97568 -2.10283 11.8178
    endloop
  endfacet
  facet normal 0.295765 0.848664 0.438513
    outer loop
      vertex -2.14378 -2.00265 11.8242
      vertex -2.12376 -1.96426 11.7364
      vertex -2.23515 -1.9675 11.8178
    endloop
  endfacet
  facet normal 0.228937 0.721286 0.653709
    outer loop
      vertex -2.19878 -2.1081 11.9792
      vertex -2.16893 -2.05087 11.9056
      vertex -2.28921 -2.07115 11.9701
    endloop
  endfacet
  facet normal 0.468979 -0.181112 0.864441
    outer loop
      vertex -2.03055 -2.79268 12.0736
      vertex -1.99291 -2.72051 12.0683
      vertex -2.10588 -2.75339 12.1227
    endloop
  endfacet
  facet normal 0.467576 -0.418338 0.778695
    outer loop
      vertex -2.02903 -2.95808 11.9947
      vertex -2.06819 -2.86485 12.0683
      vertex -2.10518 -2.93579 12.0524
    endloop
  endfacet
  facet normal 0.520722 -0.0805465 0.849918
    outer loop
      vertex -1.99291 -2.72051 12.0683
      vertex -2.02537 -2.59903 12.0997
      vertex -2.06528 -2.67555 12.1169
    endloop
  endfacet
  facet normal 0.422043 -0.0163769 0.906428
    outer loop
      vertex -2.06528 -2.67555 12.1169
      vertex -2.02537 -2.59903 12.0997
      vertex -2.14338 -2.62929 12.1541
    endloop
  endfacet
  facet normal 0.757935 -0.261319 0.597701
    outer loop
      vertex -1.82193 -2.84015 11.8631
      vertex -1.84085 -2.74727 11.9277
      vertex -1.87018 -2.80352 11.9403
    endloop
  endfacet
  facet normal 0.690076 -0.204297 0.694303
    outer loop
      vertex -1.84085 -2.74727 11.9277
      vertex -1.89405 -2.69927 11.9947
      vertex -1.87018 -2.80352 11.9403
    endloop
  endfacet
  facet normal 0.304916 0.58463 -0.75182
    outer loop
      vertex -2.12529 -2.17935 10.8952
      vertex -2.19878 -2.1081 10.9208
      vertex -2.11179 -2.15347 10.9208
    endloop
  endfacet
  facet normal 0.304811 0.584557 -0.751919
    outer loop
      vertex -2.19878 -2.1081 10.9208
      vertex -2.12529 -2.17935 10.8952
      vertex -2.21228 -2.13399 10.8952
    endloop
  endfacet
  facet normal -0.201013 0.439127 0.875649
    outer loop
      vertex -2.61361 -2.29224 12.0997
      vertex -2.48808 -2.24754 12.1061
      vertex -2.57508 -2.21837 12.0715
    endloop
  endfacet
  facet normal -0.148713 0.539489 0.828756
    outer loop
      vertex -2.48808 -2.24754 12.1061
      vertex -2.53859 -2.1484 12.0325
      vertex -2.57508 -2.21837 12.0715
    endloop
  endfacet
  facet normal -0.01873 -0.595379 0.803227
    outer loop
      vertex -2.38617 -3.09482 12.0134
      vertex -2.35045 -3.02633 12.065
      vertex -2.47734 -3.0647 12.0336
    endloop
  endfacet
  facet normal -0.0653128 -0.684587 0.725999
    outer loop
      vertex -2.51079 -3.12885 11.9701
      vertex -2.38617 -3.09482 12.0134
      vertex -2.47734 -3.0647 12.0336
    endloop
  endfacet
  facet normal 0.481266 -0.604719 0.634585
    outer loop
      vertex -2.09192 -3.07866 11.9383
      vertex -1.98754 -3.02854 11.9069
      vertex -2.06133 -3.02 11.971
    endloop
  endfacet
  facet normal 0.376854 -0.593127 0.711464
    outer loop
      vertex -2.09192 -3.07866 11.9383
      vertex -2.06133 -3.02 11.971
      vertex -2.17473 -3.06914 11.9901
    endloop
  endfacet
  facet normal 0.477062 -0.612705 0.630082
    outer loop
      vertex -2.09192 -3.07866 11.9383
      vertex -1.84833 -3.34199 11.4978
      vertex -2.01437 -3.07998 11.8783
    endloop
  endfacet
  facet normal 0.478547 -0.611465 0.630162
    outer loop
      vertex -1.84833 -3.34199 11.4978
      vertex -2.09192 -3.07866 11.9383
      vertex -1.85248 -3.36688 11.4768
    endloop
  endfacet
  facet normal 0.474072 -0.615035 0.63007
    outer loop
      vertex -1.85248 -3.36688 11.4768
      vertex -2.09192 -3.07866 11.9383
      vertex -1.85229 -3.37329 11.4704
    endloop
  endfacet
  facet normal 0.579009 -0.536915 0.613573
    outer loop
      vertex -1.98754 -3.02854 11.9069
      vertex -1.83094 -3.29186 11.5287
      vertex -1.95922 -2.97423 11.9277
    endloop
  endfacet
  facet normal 0.578711 -0.537172 0.613628
    outer loop
      vertex -1.83094 -3.29186 11.5287
      vertex -1.98754 -3.02854 11.9069
      vertex -1.83965 -3.31518 11.5165
    endloop
  endfacet
  facet normal 0.564393 -0.548754 0.616708
    outer loop
      vertex -1.83965 -3.31518 11.5165
      vertex -1.98754 -3.02854 11.9069
      vertex -1.84025 -3.31782 11.5147
    endloop
  endfacet
  facet normal 0.312866 -0.478275 0.82059
    outer loop
      vertex -2.1409 -3.00428 12.0261
      vertex -2.10518 -2.93579 12.0524
      vertex -2.18639 -2.90776 12.0997
    endloop
  endfacet
  facet normal 0.26622 -0.570214 0.777163
    outer loop
      vertex -2.17473 -3.06914 11.9901
      vertex -2.1409 -3.00428 12.0261
      vertex -2.22492 -2.98163 12.0715
    endloop
  endfacet
  facet normal 0.255718 -0.336404 0.906334
    outer loop
      vertex -2.18639 -2.90776 12.0997
      vertex -2.22911 -2.79367 12.1541
      vertex -2.27124 -2.87446 12.136
    endloop
  endfacet
  facet normal 0.20144 -0.440435 0.874894
    outer loop
      vertex -2.31192 -2.95246 12.1061
      vertex -2.18639 -2.90776 12.0997
      vertex -2.27124 -2.87446 12.136
    endloop
  endfacet
  facet normal 0.521104 -0.528378 0.670274
    outer loop
      vertex -1.98754 -3.02854 11.9069
      vertex -2.02903 -2.95808 11.9947
      vertex -2.06133 -3.02 11.971
    endloop
  endfacet
  facet normal 0.521057 -0.528415 0.670282
    outer loop
      vertex -1.98754 -3.02854 11.9069
      vertex -1.95922 -2.97423 11.9277
      vertex -2.02903 -2.95808 11.9947
    endloop
  endfacet
  facet normal 0.66595 0.19612 0.719755
    outer loop
      vertex -1.855 -2.45609 11.9447
      vertex -1.91652 -2.39032 11.9837
      vertex -1.88636 -2.51622 11.9901
    endloop
  endfacet
  facet normal 0.706952 0.274841 0.651676
    outer loop
      vertex -1.855 -2.45609 11.9447
      vertex -1.82664 -2.40171 11.891
      vertex -1.91652 -2.39032 11.9837
    endloop
  endfacet
  facet normal 0.416919 -0.280925 0.864442
    outer loop
      vertex -2.06819 -2.86485 12.0683
      vertex -2.03055 -2.79268 12.0736
      vertex -2.10588 -2.75339 12.1227
    endloop
  endfacet
  facet normal 0.416005 -0.281378 0.864735
    outer loop
      vertex -2.06819 -2.86485 12.0683
      vertex -2.10588 -2.75339 12.1227
      vertex -2.14648 -2.83124 12.1169
    endloop
  endfacet
  facet normal 0.228937 0.721286 -0.653709
    outer loop
      vertex -2.28921 -2.07115 10.9299
      vertex -2.16893 -2.05087 10.9944
      vertex -2.19878 -2.1081 10.9208
    endloop
  endfacet
  facet normal 0.229103 0.721026 -0.653936
    outer loop
      vertex -2.25987 -2.0149 11.0022
      vertex -2.16893 -2.05087 10.9944
      vertex -2.28921 -2.07115 10.9299
    endloop
  endfacet
  facet normal 0.460479 0.600519 -0.653709
    outer loop
      vertex -2.11179 -2.15347 10.9208
      vertex -2.08194 -2.09624 10.9944
      vertex -2.02974 -2.20648 10.9299
    endloop
  endfacet
  facet normal 0.418305 0.519565 -0.745032
    outer loop
      vertex -2.06596 -2.2103 10.9069
      vertex -2.11179 -2.15347 10.9208
      vertex -2.02974 -2.20648 10.9299
    endloop
  endfacet
  facet normal 0.417915 0.519342 -0.745407
    outer loop
      vertex -2.11179 -2.15347 10.9208
      vertex -2.06596 -2.2103 10.9069
      vertex -2.12529 -2.17935 10.8952
    endloop
  endfacet
  facet normal 0.100914 -0.631167 0.769054
    outer loop
      vertex -2.29524 -3.11647 11.9837
      vertex -2.26141 -3.0516 12.0325
      vertex -2.38617 -3.09482 12.0134
    endloop
  endfacet
  facet normal 0.101209 -0.631778 0.768514
    outer loop
      vertex -2.38617 -3.09482 12.0134
      vertex -2.26141 -3.0516 12.0325
      vertex -2.35045 -3.02633 12.065
    endloop
  endfacet
  facet normal 0.488309 -0.604582 0.629313
    outer loop
      vertex -2.01437 -3.07998 11.8783
      vertex -1.84025 -3.31782 11.5147
      vertex -1.98754 -3.02854 11.9069
    endloop
  endfacet
  facet normal 0.488913 -0.604113 0.629295
    outer loop
      vertex -1.84025 -3.31782 11.5147
      vertex -2.01437 -3.07998 11.8783
      vertex -1.84824 -3.34137 11.4983
    endloop
  endfacet
  facet normal 0.519581 -0.580798 0.626665
    outer loop
      vertex -1.84824 -3.34137 11.4983
      vertex -2.01437 -3.07998 11.8783
      vertex -1.84833 -3.34199 11.4978
    endloop
  endfacet
  facet normal 0.481174 -0.604138 0.635208
    outer loop
      vertex -2.01437 -3.07998 11.8783
      vertex -1.98754 -3.02854 11.9069
      vertex -2.09192 -3.07866 11.9383
    endloop
  endfacet
  facet normal -0.377796 -0.857001 -0.350457
    outer loop
      vertex -2.76994 -3.30933 7.2
      vertex -2.67419 -3.35154 7.2
      vertex -2.90867 -3.57532 8
    endloop
  endfacet
  facet normal 0.931077 0.101344 -0.350464
    outer loop
      vertex -1.31657 -2.40982 8
      vertex -1.5479 -2.48049 7.36499
      vertex -1.59103 -2.458 7.25691
    endloop
  endfacet
  facet normal 0.931085 0.101284 -0.35046
    outer loop
      vertex -1.5479 -2.48049 7.36499
      vertex -1.31657 -2.40982 8
      vertex -1.30101 -2.55286 8
    endloop
  endfacet
  facet normal 0.221896 -0.909912 -0.35046
    outer loop
      vertex -2.20982 -3.68343 8
      vertex -2.26168 -3.38795 7.2
      vertex -2.07003 -3.64934 8
    endloop
  endfacet
  facet normal -0.909912 -0.221904 -0.350455
    outer loop
      vertex -3.16316 -2.83998 7.2
      vertex -3.19963 -2.74688 7.23574
      vertex -3.18386 -2.7551 7.2
    endloop
  endfacet
  facet normal -0.909911 -0.221902 -0.350459
    outer loop
      vertex -3.19963 -2.74688 7.23574
      vertex -3.16316 -2.83998 7.2
      vertex -3.44934 -2.92997 8
    endloop
  endfacet
  facet normal 0.143196 0.925564 -0.350466
    outer loop
      vertex -2.30329 -1.50426 8
      vertex -2.16109 -1.52626 8
      vertex -2.32967 -1.8031 7.2
    endloop
  endfacet
  facet normal -0.143205 -0.925562 -0.350466
    outer loop
      vertex -2.6389 -3.67374 8
      vertex -2.47033 -3.3969 7.2
      vertex -2.49671 -3.69574 8
    endloop
  endfacet
  facet normal -0.873137 -0.338837 -0.350458
    outer loop
      vertex -3.44934 -2.92997 8
      vertex -3.16316 -2.83998 7.2
      vertex -3.1253 -2.93754 7.2
    endloop
  endfacet
  facet normal 0.377847 0.856975 -0.350464
    outer loop
      vertex -2.02299 -1.56663 8
      vertex -1.89133 -1.62468 8
      vertex -2.12581 -1.84846 7.2
    endloop
  endfacet
  facet normal 0.221885 -0.909915 -0.350459
    outer loop
      vertex -2.26168 -3.38795 7.2
      vertex -2.16002 -3.36316 7.2
      vertex -2.07003 -3.64934 8
    endloop
  endfacet
  facet normal 0.647096 -0.677036 -0.350557
    outer loop
      vertex -1.70489 -3.42969 7.95305
      vertex -1.58956 -3.34377 8
      vertex -1.69358 -3.44319 8
    endloop
  endfacet
  facet normal 0.647095 -0.677081 -0.350471
    outer loop
      vertex -1.58956 -3.34377 8
      vertex -1.70489 -3.42969 7.95305
      vertex -1.64691 -3.31853 7.84535
    endloop
  endfacet
  facet normal -0.873155 -0.338783 -0.350466
    outer loop
      vertex -3.44934 -2.92997 8
      vertex -3.1253 -2.93754 7.2
      vertex -3.39729 -3.06412 8
    endloop
  endfacet
  facet normal -0.931081 -0.101315 -0.350462
    outer loop
      vertex -3.48343 -2.79018 8
      vertex -3.2521 -2.71951 7.36499
      vertex -3.20897 -2.74201 7.25691
    endloop
  endfacet
  facet normal -0.931085 -0.101284 -0.35046
    outer loop
      vertex -3.2521 -2.71951 7.36499
      vertex -3.48343 -2.79018 8
      vertex -3.49899 -2.64714 8
    endloop
  endfacet
  facet normal -0.677035 -0.647144 -0.350468
    outer loop
      vertex -3.14377 -3.41044 8
      vertex -3.01323 -3.11376 7.2
      vertex -2.94092 -3.18941 7.2
    endloop
  endfacet
  facet normal -0.677061 -0.64712 -0.350464
    outer loop
      vertex -3.24319 -3.30642 8
      vertex -3.01323 -3.11376 7.2
      vertex -3.14377 -3.41044 8
    endloop
  endfacet
  facet normal 0.0211237 0.936336 -0.35047
    outer loop
      vertex -2.43428 -1.80074 7.2
      vertex -2.44714 -1.50101 8
      vertex -2.32967 -1.8031 7.2
    endloop
  endfacet
  facet normal -0.646898 0.677278 -0.350453
    outer loop
      vertex -3.21044 -1.85623 8
      vertex -3.15309 -1.88147 7.84536
      vertex -3.16275 -1.89999 7.8274
    endloop
  endfacet
  facet normal 0.677061 0.64712 -0.350464
    outer loop
      vertex -1.78677 -2.08624 7.2
      vertex -1.65623 -1.78956 8
      vertex -1.55681 -1.89358 8
    endloop
  endfacet
  facet normal 0.586741 0.730008 -0.350462
    outer loop
      vertex -1.94064 -1.94503 7.2
      vertex -1.76838 -1.69942 8
      vertex -1.65623 -1.78956 8
    endloop
  endfacet
  facet normal 0.677035 0.647144 -0.350468
    outer loop
      vertex -1.85908 -2.01059 7.2
      vertex -1.65623 -1.78956 8
      vertex -1.78677 -2.08624 7.2
    endloop
  endfacet
  facet normal 0.936337 -0.0211696 -0.350465
    outer loop
      vertex -1.36295 -2.57695 7.83597
      vertex -1.30101 -2.55286 8
      vertex -1.30227 -2.60859 8
    endloop
  endfacet
  facet normal 0.936325 -0.0211354 -0.350498
    outer loop
      vertex -1.3218 -2.69516 7.95305
      vertex -1.30343 -2.65994 8
      vertex -1.30426 -2.69671 8
    endloop
  endfacet
  facet normal 0.925517 -0.143484 -0.350472
    outer loop
      vertex -1.38944 -2.82485 7.8274
      vertex -1.37977 -2.80632 7.84535
      vertex -1.32626 -2.83891 8
    endloop
  endfacet
  facet normal 0.729964 -0.586815 -0.350429
    outer loop
      vertex -1.49942 -3.23162 8
      vertex -1.62565 -3.27776 7.81432
      vertex -1.57422 -3.17916 7.75634
    endloop
  endfacet
  facet normal 0.730004 -0.586737 -0.350476
    outer loop
      vertex -1.62565 -3.27776 7.81432
      vertex -1.49942 -3.23162 8
      vertex -1.58956 -3.34377 8
    endloop
  endfacet
  facet normal 0.338783 -0.873155 -0.350466
    outer loop
      vertex -2.07003 -3.64934 8
      vertex -2.05346 -3.34465 7.25691
      vertex -1.93588 -3.59729 8
    endloop
  endfacet
  facet normal 0.339043 -0.87307 -0.350426
    outer loop
      vertex -2.05346 -3.34465 7.25691
      vertex -2.07003 -3.64934 8
      vertex -2.0628 -3.33978 7.23574
    endloop
  endfacet
  facet normal 0.101284 -0.931084 -0.350462
    outer loop
      vertex -2.35286 -3.69899 8
      vertex -2.26168 -3.38795 7.2
      vertex -2.20982 -3.68343 8
    endloop
  endfacet
  facet normal -0.262778 -0.898957 -0.350463
    outer loop
      vertex -2.67419 -3.35154 7.2
      vertex -2.57375 -3.3809 7.2
      vertex -2.6389 -3.67374 8
    endloop
  endfacet
  facet normal -0.377847 -0.856975 -0.350464
    outer loop
      vertex -2.90867 -3.57532 8
      vertex -2.67419 -3.35154 7.2
      vertex -2.77701 -3.63337 8
    endloop
  endfacet
  facet normal -0.262769 -0.898959 -0.350464
    outer loop
      vertex -2.77701 -3.63337 8
      vertex -2.67419 -3.35154 7.2
      vertex -2.6389 -3.67374 8
    endloop
  endfacet
  facet normal -0.486517 -0.8003 -0.350458
    outer loop
      vertex -2.90867 -3.57532 8
      vertex -2.85936 -3.25497 7.2
      vertex -2.76994 -3.30933 7.2
    endloop
  endfacet
  facet normal -0.821466 -0.449853 -0.350466
    outer loop
      vertex -3.39729 -3.06412 8
      vertex -3.1253 -2.93754 7.2
      vertex -3.32818 -3.19032 8
    endloop
  endfacet
  facet normal -0.909948 -0.221779 -0.350442
    outer loop
      vertex -3.44934 -2.92997 8
      vertex -3.20897 -2.74201 7.25691
      vertex -3.19963 -2.74688 7.23574
    endloop
  endfacet
  facet normal -0.909912 -0.221896 -0.35046
    outer loop
      vertex -3.20897 -2.74201 7.25691
      vertex -3.44934 -2.92997 8
      vertex -3.48343 -2.79018 8
    endloop
  endfacet
  facet normal -0.931094 -0.101126 -0.350482
    outer loop
      vertex -3.39908 -2.64285 7.73334
      vertex -3.2521 -2.71951 7.36499
      vertex -3.49899 -2.64714 8
    endloop
  endfacet
  facet normal -0.4865 -0.80031 -0.350461
    outer loop
      vertex -3.03162 -3.50058 8
      vertex -2.85936 -3.25497 7.2
      vertex -2.90867 -3.57532 8
    endloop
  endfacet
  facet normal -0.586741 -0.730008 -0.350462
    outer loop
      vertex -3.14377 -3.41044 8
      vertex -2.85936 -3.25497 7.2
      vertex -3.03162 -3.50058 8
    endloop
  endfacet
  facet normal 0.143193 0.925564 -0.350466
    outer loop
      vertex -2.32967 -1.8031 7.2
      vertex -2.16109 -1.52626 8
      vertex -2.22625 -1.8191 7.2
    endloop
  endfacet
  facet normal 0.262786 0.898954 -0.350465
    outer loop
      vertex -2.16109 -1.52626 8
      vertex -2.02299 -1.56663 8
      vertex -2.12581 -1.84846 7.2
    endloop
  endfacet
  facet normal -0.221896 0.909912 -0.35046
    outer loop
      vertex -2.72997 -1.55066 8
      vertex -2.59018 -1.51657 8
      vertex -2.53832 -1.81205 7.2
    endloop
  endfacet
  facet normal -0.101217 0.931088 -0.350471
    outer loop
      vertex -2.53832 -1.81205 7.2
      vertex -2.44714 -1.50101 8
      vertex -2.43428 -1.80074 7.2
    endloop
  endfacet
  facet normal -0.8003 0.486523 -0.350451
    outer loop
      vertex -3.37532 -2.09133 8
      vertex -3.27092 -2.1074 7.73928
      vertex -3.28666 -2.13757 7.73334
    endloop
  endfacet
  facet normal 0 0 1
    outer loop
      vertex -1.7647 -3.49525 8
      vertex -1.93588 -3.59729 8
      vertex -1.80968 -3.52818 8
    endloop
  endfacet
  facet normal 0 0 1
    outer loop
      vertex -1.7647 -3.49525 8
      vertex -2.07003 -3.64934 8
      vertex -1.93588 -3.59729 8
    endloop
  endfacet
  facet normal 0 0 1
    outer loop
      vertex -1.7647 -3.49525 8
      vertex -2.20982 -3.68343 8
      vertex -2.07003 -3.64934 8
    endloop
  endfacet
  facet normal 0 0 1
    outer loop
      vertex -1.7647 -3.49525 8
      vertex -2.35286 -3.69899 8
      vertex -2.20982 -3.68343 8
    endloop
  endfacet
  facet normal 0 0 1
    outer loop
      vertex -1.7647 -3.49525 8
      vertex -2.49671 -3.69574 8
      vertex -2.35286 -3.69899 8
    endloop
  endfacet
  facet normal 0 0 1
    outer loop
      vertex -1.7647 -3.49525 8
      vertex -2.6389 -3.67374 8
      vertex -2.49671 -3.69574 8
    endloop
  endfacet
  facet normal 0 0 1
    outer loop
      vertex -1.7647 -3.49525 8
      vertex -2.77701 -3.63337 8
      vertex -2.6389 -3.67374 8
    endloop
  endfacet
  facet normal 0 0 1
    outer loop
      vertex -1.7647 -3.49525 8
      vertex -2.90867 -3.57532 8
      vertex -2.77701 -3.63337 8
    endloop
  endfacet
  facet normal 0 0 1
    outer loop
      vertex -1.7647 -3.49525 8
      vertex -3.03162 -3.50058 8
      vertex -2.90867 -3.57532 8
    endloop
  endfacet
  facet normal 0 0 1
    outer loop
      vertex -1.7647 -3.49525 8
      vertex -3.14377 -3.41044 8
      vertex -3.03162 -3.50058 8
    endloop
  endfacet
  facet normal 0 0 1
    outer loop
      vertex -1.7647 -3.49525 8
      vertex -3.24319 -3.30642 8
      vertex -3.14377 -3.41044 8
    endloop
  endfacet
  facet normal 0 0 1
    outer loop
      vertex -1.7647 -3.49525 8
      vertex -3.32818 -3.19032 8
      vertex -3.24319 -3.30642 8
    endloop
  endfacet
  facet normal 0 0 1
    outer loop
      vertex -1.7647 -3.49525 8
      vertex -3.39729 -3.06412 8
      vertex -3.32818 -3.19032 8
    endloop
  endfacet
  facet normal 0 0 1
    outer loop
      vertex -1.7647 -3.49525 8
      vertex -3.44934 -2.92997 8
      vertex -3.39729 -3.06412 8
    endloop
  endfacet
  facet normal 0 0 1
    outer loop
      vertex -3.49773 -2.59141 8
      vertex -3.44934 -2.92997 8
      vertex -1.7647 -3.49525 8
    endloop
  endfacet
  facet normal 0 0 1
    outer loop
      vertex -3.44934 -2.92997 8
      vertex -3.49773 -2.59141 8
      vertex -3.48343 -2.79018 8
    endloop
  endfacet
  facet normal 0 0 1
    outer loop
      vertex -3.48343 -2.79018 8
      vertex -3.49773 -2.59141 8
      vertex -3.49899 -2.64714 8
    endloop
  endfacet
  facet normal 0 0 1
    outer loop
      vertex -1.31657 -2.40982 8
      vertex -1.30227 -2.60859 8
      vertex -1.30101 -2.55286 8
    endloop
  endfacet
  facet normal 0 0 1
    outer loop
      vertex -1.35066 -2.27003 8
      vertex -1.30227 -2.60859 8
      vertex -1.31657 -2.40982 8
    endloop
  endfacet
  facet normal 0 0 1
    outer loop
      vertex -1.40271 -2.13588 8
      vertex -1.30227 -2.60859 8
      vertex -1.35066 -2.27003 8
    endloop
  endfacet
  facet normal 0 0 1
    outer loop
      vertex -1.47182 -2.00968 8
      vertex -1.30227 -2.60859 8
      vertex -1.40271 -2.13588 8
    endloop
  endfacet
  facet normal 0 0 1
    outer loop
      vertex -1.55681 -1.89358 8
      vertex -1.30227 -2.60859 8
      vertex -1.47182 -2.00968 8
    endloop
  endfacet
  facet normal 0 0 1
    outer loop
      vertex -1.65623 -1.78956 8
      vertex -1.30227 -2.60859 8
      vertex -1.55681 -1.89358 8
    endloop
  endfacet
  facet normal 0 0 1
    outer loop
      vertex -1.76838 -1.69942 8
      vertex -1.30227 -2.60859 8
      vertex -1.65623 -1.78956 8
    endloop
  endfacet
  facet normal 0 0 1
    outer loop
      vertex -1.89133 -1.62468 8
      vertex -1.30227 -2.60859 8
      vertex -1.76838 -1.69942 8
    endloop
  endfacet
  facet normal 0 0 1
    outer loop
      vertex -2.02299 -1.56663 8
      vertex -1.30227 -2.60859 8
      vertex -1.89133 -1.62468 8
    endloop
  endfacet
  facet normal 0 0 1
    outer loop
      vertex -2.16109 -1.52626 8
      vertex -1.30227 -2.60859 8
      vertex -2.02299 -1.56663 8
    endloop
  endfacet
  facet normal 0 0 1
    outer loop
      vertex -2.30329 -1.50426 8
      vertex -1.30227 -2.60859 8
      vertex -2.16109 -1.52626 8
    endloop
  endfacet
  facet normal 0 0 1
    outer loop
      vertex -2.44714 -1.50101 8
      vertex -1.30227 -2.60859 8
      vertex -2.30329 -1.50426 8
    endloop
  endfacet
  facet normal -0 0 1
    outer loop
      vertex -2.59018 -1.51657 8
      vertex -1.30227 -2.60859 8
      vertex -2.44714 -1.50101 8
    endloop
  endfacet
  facet normal -0 0 1
    outer loop
      vertex -2.72997 -1.55066 8
      vertex -1.30227 -2.60859 8
      vertex -2.59018 -1.51657 8
    endloop
  endfacet
  facet normal 0 0 1
    outer loop
      vertex -3.0353 -1.70475 8
      vertex -2.72997 -1.55066 8
      vertex -2.86412 -1.60271 8
    endloop
  endfacet
  facet normal 0 0 1
    outer loop
      vertex -3.0353 -1.70475 8
      vertex -2.86412 -1.60271 8
      vertex -2.99032 -1.67182 8
    endloop
  endfacet
  facet normal 0 0 1
    outer loop
      vertex -2.72997 -1.55066 8
      vertex -3.0353 -1.70475 8
      vertex -1.30227 -2.60859 8
    endloop
  endfacet
  facet normal 0 0 1
    outer loop
      vertex -3.21044 -1.85623 8
      vertex -3.07674 -1.73509 8
      vertex -3.10642 -1.75681 8
    endloop
  endfacet
  facet normal 0 0 1
    outer loop
      vertex -3.30058 -1.96838 8
      vertex -3.07674 -1.73509 8
      vertex -3.21044 -1.85623 8
    endloop
  endfacet
  facet normal 0 0 1
    outer loop
      vertex -3.37532 -2.09133 8
      vertex -3.07674 -1.73509 8
      vertex -3.30058 -1.96838 8
    endloop
  endfacet
  facet normal 0 0 1
    outer loop
      vertex -3.43337 -2.22299 8
      vertex -3.07674 -1.73509 8
      vertex -3.37532 -2.09133 8
    endloop
  endfacet
  facet normal 0 0 1
    outer loop
      vertex -3.47374 -2.36109 8
      vertex -3.07674 -1.73509 8
      vertex -3.43337 -2.22299 8
    endloop
  endfacet
  facet normal 0 0 1
    outer loop
      vertex -3.49657 -2.54006 8
      vertex -3.47374 -2.36109 8
      vertex -3.49574 -2.50329 8
    endloop
  endfacet
  facet normal -0 0 1
    outer loop
      vertex -3.47374 -2.36109 8
      vertex -3.49657 -2.54006 8
      vertex -3.07674 -1.73509 8
    endloop
  endfacet
  facet normal 0 0 1
    outer loop
      vertex -1.30343 -2.65994 8
      vertex -1.32626 -2.83891 8
      vertex -1.30426 -2.69671 8
    endloop
  endfacet
  facet normal 0 0 1
    outer loop
      vertex -1.30343 -2.65994 8
      vertex -1.36663 -2.97701 8
      vertex -1.32626 -2.83891 8
    endloop
  endfacet
  facet normal 0 0 1
    outer loop
      vertex -1.30343 -2.65994 8
      vertex -1.42468 -3.10867 8
      vertex -1.36663 -2.97701 8
    endloop
  endfacet
  facet normal 0 0 1
    outer loop
      vertex -1.30343 -2.65994 8
      vertex -1.49942 -3.23162 8
      vertex -1.42468 -3.10867 8
    endloop
  endfacet
  facet normal 0 0 1
    outer loop
      vertex -1.30343 -2.65994 8
      vertex -1.58956 -3.34377 8
      vertex -1.49942 -3.23162 8
    endloop
  endfacet
  facet normal 0 0 1
    outer loop
      vertex -1.72326 -3.46491 8
      vertex -1.58956 -3.34377 8
      vertex -1.30343 -2.65994 8
    endloop
  endfacet
  facet normal 0 0 1
    outer loop
      vertex -1.58956 -3.34377 8
      vertex -1.72326 -3.46491 8
      vertex -1.69358 -3.44319 8
    endloop
  endfacet
  facet normal 0.873158 0.338784 -0.350456
    outer loop
      vertex -1.67469 -2.26246 7.2
      vertex -1.40271 -2.13588 8
      vertex -1.35066 -2.27003 8
    endloop
  endfacet
  facet normal 0.821468 0.449855 -0.350457
    outer loop
      vertex -1.67469 -2.26246 7.2
      vertex -1.47182 -2.00968 8
      vertex -1.40271 -2.13588 8
    endloop
  endfacet
  facet normal 0.873167 0.338759 -0.35046
    outer loop
      vertex -1.67469 -2.26246 7.2
      vertex -1.35066 -2.27003 8
      vertex -1.63684 -2.36002 7.2
    endloop
  endfacet
  facet normal 0.909911 0.221902 -0.350459
    outer loop
      vertex -1.60037 -2.45312 7.23574
      vertex -1.63684 -2.36002 7.2
      vertex -1.35066 -2.27003 8
    endloop
  endfacet
  facet normal 0.909912 0.221904 -0.350455
    outer loop
      vertex -1.63684 -2.36002 7.2
      vertex -1.60037 -2.45312 7.23574
      vertex -1.61614 -2.4449 7.2
    endloop
  endfacet
  facet normal 0.586775 0.729978 -0.350468
    outer loop
      vertex -1.94064 -1.94503 7.2
      vertex -1.65623 -1.78956 8
      vertex -1.85908 -2.01059 7.2
    endloop
  endfacet
  facet normal 0.898989 -0.262658 -0.35047
    outer loop
      vertex -1.38944 -2.82485 7.8274
      vertex -1.32626 -2.83891 8
      vertex -1.40104 -2.8471 7.81432
    endloop
  endfacet
  facet normal 0.92555 -0.143193 -0.350503
    outer loop
      vertex -1.32626 -2.83891 8
      vertex -1.3218 -2.69516 7.95305
      vertex -1.30426 -2.69671 8
    endloop
  endfacet
  facet normal 0.925582 -0.14317 -0.350429
    outer loop
      vertex -1.3218 -2.69516 7.95305
      vertex -1.32626 -2.83891 8
      vertex -1.37977 -2.80632 7.84535
    endloop
  endfacet
  facet normal 0.800343 -0.486442 -0.350464
    outer loop
      vertex -1.42468 -3.10867 8
      vertex -1.57422 -3.17916 7.75634
      vertex -1.52908 -3.0926 7.73928
    endloop
  endfacet
  facet normal 0.800319 -0.486506 -0.350431
    outer loop
      vertex -1.57422 -3.17916 7.75634
      vertex -1.42468 -3.10867 8
      vertex -1.49942 -3.23162 8
    endloop
  endfacet
  facet normal 0.553086 -0.755783 -0.350553
    outer loop
      vertex -1.72326 -3.46491 8
      vertex -1.70489 -3.42969 7.95305
      vertex -1.69358 -3.44319 8
    endloop
  endfacet
  facet normal 0.553249 -0.755698 -0.350479
    outer loop
      vertex -1.80968 -3.52818 8
      vertex -1.82538 -3.4636 7.83597
      vertex -1.7647 -3.49525 8
    endloop
  endfacet
  facet normal 0.338814 -0.873146 -0.350458
    outer loop
      vertex -2.16002 -3.36316 7.2
      vertex -2.0628 -3.33978 7.23574
      vertex -2.07003 -3.64934 8
    endloop
  endfacet
  facet normal 0.33878 -0.873215 -0.350319
    outer loop
      vertex -2.0628 -3.33978 7.23574
      vertex -2.16002 -3.36316 7.2
      vertex -2.07857 -3.33156 7.2
    endloop
  endfacet
  facet normal -0.143193 -0.925565 -0.350464
    outer loop
      vertex -2.57375 -3.3809 7.2
      vertex -2.47033 -3.3969 7.2
      vertex -2.6389 -3.67374 8
    endloop
  endfacet
  facet normal -0.821469 -0.449848 -0.350465
    outer loop
      vertex -3.32818 -3.19032 8
      vertex -3.1253 -2.93754 7.2
      vertex -3.07504 -3.02932 7.2
    endloop
  endfacet
  facet normal -0.755725 -0.553222 -0.350463
    outer loop
      vertex -3.32818 -3.19032 8
      vertex -3.01323 -3.11376 7.2
      vertex -3.24319 -3.30642 8
    endloop
  endfacet
  facet normal -0.936325 0.0211354 -0.350498
    outer loop
      vertex -3.49574 -2.50329 8
      vertex -3.4782 -2.50484 7.95305
      vertex -3.49657 -2.54006 8
    endloop
  endfacet
  facet normal -0.936337 0.0211696 -0.350465
    outer loop
      vertex -3.49773 -2.59141 8
      vertex -3.43705 -2.62305 7.83597
      vertex -3.49899 -2.64714 8
    endloop
  endfacet
  facet normal -0.856974 0.377847 -0.350468
    outer loop
      vertex -3.30239 -2.16775 7.73928
      vertex -3.43337 -2.22299 8
      vertex -3.37532 -2.09133 8
    endloop
  endfacet
  facet normal -0.856951 0.377924 -0.350441
    outer loop
      vertex -3.43337 -2.22299 8
      vertex -3.30239 -2.16775 7.73928
      vertex -3.34754 -2.2543 7.75635
    endloop
  endfacet
  facet normal -0.857038 0.377718 -0.350449
    outer loop
      vertex -3.37532 -2.09133 8
      vertex -3.28666 -2.13757 7.73334
      vertex -3.30239 -2.16775 7.73928
    endloop
  endfacet
  facet normal -0.586775 -0.729978 -0.350468
    outer loop
      vertex -3.14377 -3.41044 8
      vertex -2.94092 -3.18941 7.2
      vertex -2.85936 -3.25497 7.2
    endloop
  endfacet
  facet normal 0.377796 0.857001 -0.350457
    outer loop
      vertex -2.12581 -1.84846 7.2
      vertex -1.89133 -1.62468 8
      vertex -2.03006 -1.89067 7.2
    endloop
  endfacet
  facet normal 0 0 -1
    outer loop
      vertex -1.61614 -2.4449 7.2
      vertex -1.67469 -2.26246 7.2
      vertex -1.63684 -2.36002 7.2
    endloop
  endfacet
  facet normal 0 0 -1
    outer loop
      vertex -1.61614 -2.4449 7.2
      vertex -1.72496 -2.17068 7.2
      vertex -1.67469 -2.26246 7.2
    endloop
  endfacet
  facet normal 0 0 -1
    outer loop
      vertex -1.61614 -2.4449 7.2
      vertex -1.78677 -2.08624 7.2
      vertex -1.72496 -2.17068 7.2
    endloop
  endfacet
  facet normal 0 0 -1
    outer loop
      vertex -1.61614 -2.4449 7.2
      vertex -1.85908 -2.01059 7.2
      vertex -1.78677 -2.08624 7.2
    endloop
  endfacet
  facet normal 0 0 -1
    outer loop
      vertex -1.61614 -2.4449 7.2
      vertex -1.94064 -1.94503 7.2
      vertex -1.85908 -2.01059 7.2
    endloop
  endfacet
  facet normal 0 0 -1
    outer loop
      vertex -1.61614 -2.4449 7.2
      vertex -2.03006 -1.89067 7.2
      vertex -1.94064 -1.94503 7.2
    endloop
  endfacet
  facet normal 0 0 -1
    outer loop
      vertex -1.61614 -2.4449 7.2
      vertex -2.12581 -1.84846 7.2
      vertex -2.03006 -1.89067 7.2
    endloop
  endfacet
  facet normal 0 0 -1
    outer loop
      vertex -1.61614 -2.4449 7.2
      vertex -2.22625 -1.8191 7.2
      vertex -2.12581 -1.84846 7.2
    endloop
  endfacet
  facet normal 0 0 -1
    outer loop
      vertex -1.61614 -2.4449 7.2
      vertex -2.32967 -1.8031 7.2
      vertex -2.22625 -1.8191 7.2
    endloop
  endfacet
  facet normal 0 0 -1
    outer loop
      vertex -1.61614 -2.4449 7.2
      vertex -2.43428 -1.80074 7.2
      vertex -2.32967 -1.8031 7.2
    endloop
  endfacet
  facet normal 0 0 -1
    outer loop
      vertex -1.61614 -2.4449 7.2
      vertex -2.53832 -1.81205 7.2
      vertex -2.43428 -1.80074 7.2
    endloop
  endfacet
  facet normal 0 0 -1
    outer loop
      vertex -2.72143 -1.86845 7.2
      vertex -2.53832 -1.81205 7.2
      vertex -1.61614 -2.4449 7.2
    endloop
  endfacet
  facet normal 0 0 -1
    outer loop
      vertex -2.53832 -1.81205 7.2
      vertex -2.72143 -1.86845 7.2
      vertex -2.63998 -1.83684 7.2
    endloop
  endfacet
  facet normal 0 0 -1
    outer loop
      vertex -2.26168 -3.38795 7.2
      vertex -2.07857 -3.33156 7.2
      vertex -2.16002 -3.36316 7.2
    endloop
  endfacet
  facet normal 0 0 -1
    outer loop
      vertex -2.36572 -3.39926 7.2
      vertex -2.07857 -3.33156 7.2
      vertex -2.26168 -3.38795 7.2
    endloop
  endfacet
  facet normal 0 0 -1
    outer loop
      vertex -2.47033 -3.3969 7.2
      vertex -2.07857 -3.33156 7.2
      vertex -2.36572 -3.39926 7.2
    endloop
  endfacet
  facet normal 0 0 -1
    outer loop
      vertex -2.57375 -3.3809 7.2
      vertex -2.07857 -3.33156 7.2
      vertex -2.47033 -3.3969 7.2
    endloop
  endfacet
  facet normal 0 0 -1
    outer loop
      vertex -2.67419 -3.35154 7.2
      vertex -2.07857 -3.33156 7.2
      vertex -2.57375 -3.3809 7.2
    endloop
  endfacet
  facet normal 0 0 -1
    outer loop
      vertex -2.76994 -3.30933 7.2
      vertex -2.07857 -3.33156 7.2
      vertex -2.67419 -3.35154 7.2
    endloop
  endfacet
  facet normal 0 0 -1
    outer loop
      vertex -2.85936 -3.25497 7.2
      vertex -2.07857 -3.33156 7.2
      vertex -2.76994 -3.30933 7.2
    endloop
  endfacet
  facet normal 0 0 -1
    outer loop
      vertex -2.94092 -3.18941 7.2
      vertex -2.07857 -3.33156 7.2
      vertex -2.85936 -3.25497 7.2
    endloop
  endfacet
  facet normal 0 0 -1
    outer loop
      vertex -3.01323 -3.11376 7.2
      vertex -2.07857 -3.33156 7.2
      vertex -2.94092 -3.18941 7.2
    endloop
  endfacet
  facet normal 0 0 -1
    outer loop
      vertex -3.07504 -3.02932 7.2
      vertex -2.07857 -3.33156 7.2
      vertex -3.01323 -3.11376 7.2
    endloop
  endfacet
  facet normal 0 0 -1
    outer loop
      vertex -3.1253 -2.93754 7.2
      vertex -2.07857 -3.33156 7.2
      vertex -3.07504 -3.02932 7.2
    endloop
  endfacet
  facet normal 0 0 -1
    outer loop
      vertex -3.18386 -2.7551 7.2
      vertex -3.1253 -2.93754 7.2
      vertex -3.16316 -2.83998 7.2
    endloop
  endfacet
  facet normal 0 0 -1
    outer loop
      vertex -3.1253 -2.93754 7.2
      vertex -3.18386 -2.7551 7.2
      vertex -2.07857 -3.33156 7.2
    endloop
  endfacet
  facet normal 0.0211546 0.936336 -0.350466
    outer loop
      vertex -2.44714 -1.50101 8
      vertex -2.30329 -1.50426 8
      vertex -2.32967 -1.8031 7.2
    endloop
  endfacet
  facet normal -0.338814 0.873146 -0.350458
    outer loop
      vertex -2.63998 -1.83684 7.2
      vertex -2.7372 -1.86022 7.23574
      vertex -2.72997 -1.55066 8
    endloop
  endfacet
  facet normal -0.33884 0.873094 -0.350562
    outer loop
      vertex -2.7372 -1.86022 7.23574
      vertex -2.63998 -1.83684 7.2
      vertex -2.72143 -1.86845 7.2
    endloop
  endfacet
  facet normal -0.221885 0.909915 -0.350459
    outer loop
      vertex -2.63998 -1.83684 7.2
      vertex -2.72997 -1.55066 8
      vertex -2.53832 -1.81205 7.2
    endloop
  endfacet
  facet normal -0.800315 0.486503 -0.350443
    outer loop
      vertex -3.22578 -2.02084 7.75635
      vertex -3.37532 -2.09133 8
      vertex -3.30058 -1.96838 8
    endloop
  endfacet
  facet normal -0.800327 0.486473 -0.350459
    outer loop
      vertex -3.37532 -2.09133 8
      vertex -3.22578 -2.02084 7.75635
      vertex -3.27092 -2.1074 7.73928
    endloop
  endfacet
  facet normal -0.553086 0.755783 -0.350553
    outer loop
      vertex -3.10642 -1.75681 8
      vertex -3.07674 -1.73509 8
      vertex -3.09511 -1.77031 7.95305
    endloop
  endfacet
  facet normal -0.553249 0.755698 -0.350479
    outer loop
      vertex -3.0353 -1.70475 8
      vertex -2.99032 -1.67182 8
      vertex -2.97462 -1.7364 7.83597
    endloop
  endfacet
  facet normal -0.647096 0.677036 -0.350557
    outer loop
      vertex -3.09511 -1.77031 7.95305
      vertex -3.21044 -1.85623 8
      vertex -3.10642 -1.75681 8
    endloop
  endfacet
  facet normal -0.647095 0.67707 -0.350492
    outer loop
      vertex -3.21044 -1.85623 8
      vertex -3.09511 -1.77031 7.95305
      vertex -3.15309 -1.88147 7.84536
    endloop
  endfacet
  facet normal -0.338783 0.873155 -0.350466
    outer loop
      vertex -2.72997 -1.55066 8
      vertex -2.74654 -1.85535 7.25691
      vertex -2.86412 -1.60271 8
    endloop
  endfacet
  facet normal -0.339043 0.87307 -0.350426
    outer loop
      vertex -2.74654 -1.85535 7.25691
      vertex -2.72997 -1.55066 8
      vertex -2.7372 -1.86022 7.23574
    endloop
  endfacet
  facet normal -0.449855 0.821468 -0.350458
    outer loop
      vertex -2.86412 -1.60271 8
      vertex -2.78967 -1.83285 7.36499
      vertex -2.99032 -1.67182 8
    endloop
  endfacet
  facet normal -0.449656 0.821571 -0.350472
    outer loop
      vertex -2.78967 -1.83285 7.36499
      vertex -2.86412 -1.60271 8
      vertex -2.74654 -1.85535 7.25691
    endloop
  endfacet
  facet normal 0.755725 0.553222 -0.350463
    outer loop
      vertex -1.78677 -2.08624 7.2
      vertex -1.55681 -1.89358 8
      vertex -1.47182 -2.00968 8
    endloop
  endfacet
  facet normal 0.486517 0.8003 -0.350458
    outer loop
      vertex -2.03006 -1.89067 7.2
      vertex -1.89133 -1.62468 8
      vertex -1.94064 -1.94503 7.2
    endloop
  endfacet
  facet normal 0.4865 0.80031 -0.350461
    outer loop
      vertex -1.94064 -1.94503 7.2
      vertex -1.89133 -1.62468 8
      vertex -1.76838 -1.69942 8
    endloop
  endfacet
  facet normal 0.821431 0.449916 -0.350467
    outer loop
      vertex -1.72496 -2.17068 7.2
      vertex -1.47182 -2.00968 8
      vertex -1.67469 -2.26246 7.2
    endloop
  endfacet
  facet normal 0.909911 0.221896 -0.350462
    outer loop
      vertex -1.59103 -2.458 7.25691
      vertex -1.35066 -2.27003 8
      vertex -1.31657 -2.40982 8
    endloop
  endfacet
  facet normal 0.91001 0.221571 -0.350412
    outer loop
      vertex -1.35066 -2.27003 8
      vertex -1.59103 -2.458 7.25691
      vertex -1.60037 -2.45312 7.23574
    endloop
  endfacet
  facet normal 0.936334 -0.0210642 -0.350479
    outer loop
      vertex -1.40092 -2.55715 7.73334
      vertex -1.30101 -2.55286 8
      vertex -1.36295 -2.57695 7.83597
    endloop
  endfacet
  facet normal 0.857083 -0.377629 -0.350435
    outer loop
      vertex -1.51334 -3.06243 7.73333
      vertex -1.49761 -3.03225 7.73928
      vertex -1.42468 -3.10867 8
    endloop
  endfacet
  facet normal 0.55338 -0.755612 -0.350457
    outer loop
      vertex -1.80968 -3.52818 8
      vertex -1.86334 -3.4438 7.73334
      vertex -1.82538 -3.4636 7.83597
    endloop
  endfacet
  facet normal 0.449855 -0.821468 -0.350458
    outer loop
      vertex -1.93588 -3.59729 8
      vertex -2.01033 -3.36715 7.36499
      vertex -1.80968 -3.52818 8
    endloop
  endfacet
  facet normal 0.449656 -0.821571 -0.350472
    outer loop
      vertex -2.01033 -3.36715 7.36499
      vertex -1.93588 -3.59729 8
      vertex -2.05346 -3.34465 7.25691
    endloop
  endfacet
  facet normal 0.730082 -0.58665 -0.35046
    outer loop
      vertex -1.63725 -3.30001 7.8274
      vertex -1.62565 -3.27776 7.81432
      vertex -1.58956 -3.34377 8
    endloop
  endfacet
  facet normal 0.647023 -0.677157 -0.350457
    outer loop
      vertex -1.64691 -3.31853 7.84535
      vertex -1.63725 -3.30001 7.8274
      vertex -1.58956 -3.34377 8
    endloop
  endfacet
  facet normal -0.0211546 -0.936336 -0.350466
    outer loop
      vertex -2.49671 -3.69574 8
      vertex -2.47033 -3.3969 7.2
      vertex -2.35286 -3.69899 8
    endloop
  endfacet
  facet normal 0.101217 -0.931088 -0.350471
    outer loop
      vertex -2.36572 -3.39926 7.2
      vertex -2.26168 -3.38795 7.2
      vertex -2.35286 -3.69899 8
    endloop
  endfacet
  facet normal -0.75574 -0.553201 -0.350467
    outer loop
      vertex -3.32818 -3.19032 8
      vertex -3.07504 -3.02932 7.2
      vertex -3.01323 -3.11376 7.2
    endloop
  endfacet
  facet normal -0.925573 0.143177 -0.35045
    outer loop
      vertex -3.4782 -2.50484 7.95305
      vertex -3.47374 -2.36109 8
      vertex -3.42023 -2.39368 7.84536
    endloop
  endfacet
  facet normal -0.92555 0.143193 -0.350503
    outer loop
      vertex -3.47374 -2.36109 8
      vertex -3.4782 -2.50484 7.95305
      vertex -3.49574 -2.50329 8
    endloop
  endfacet
  facet normal -0.925545 0.143313 -0.350469
    outer loop
      vertex -3.47374 -2.36109 8
      vertex -3.41056 -2.37515 7.8274
      vertex -3.42023 -2.39368 7.84536
    endloop
  endfacet
  facet normal -0.898965 0.262774 -0.350444
    outer loop
      vertex -3.39896 -2.3529 7.81432
      vertex -3.43337 -2.22299 8
      vertex -3.34754 -2.2543 7.75635
    endloop
  endfacet
  facet normal -0.898958 0.262787 -0.350452
    outer loop
      vertex -3.43337 -2.22299 8
      vertex -3.39896 -2.3529 7.81432
      vertex -3.47374 -2.36109 8
    endloop
  endfacet
  facet normal 0.262777 0.898956 -0.350466
    outer loop
      vertex -2.22625 -1.8191 7.2
      vertex -2.16109 -1.52626 8
      vertex -2.12581 -1.84846 7.2
    endloop
  endfacet
  facet normal -0.101284 0.931084 -0.350462
    outer loop
      vertex -2.59018 -1.51657 8
      vertex -2.44714 -1.50101 8
      vertex -2.53832 -1.81205 7.2
    endloop
  endfacet
  facet normal -0.730004 0.586737 -0.350476
    outer loop
      vertex -3.17435 -1.92224 7.81432
      vertex -3.30058 -1.96838 8
      vertex -3.21044 -1.85623 8
    endloop
  endfacet
  facet normal -0.729975 0.586793 -0.350443
    outer loop
      vertex -3.30058 -1.96838 8
      vertex -3.17435 -1.92224 7.81432
      vertex -3.22578 -2.02084 7.75635
    endloop
  endfacet
  facet normal -0.730082 0.58665 -0.35046
    outer loop
      vertex -3.17435 -1.92224 7.81432
      vertex -3.21044 -1.85623 8
      vertex -3.16275 -1.89999 7.8274
    endloop
  endfacet
  facet normal -0.450002 0.821377 -0.350482
    outer loop
      vertex -2.93665 -1.7562 7.73334
      vertex -2.99032 -1.67182 8
      vertex -2.78967 -1.83285 7.36499
    endloop
  endfacet
  facet normal 0.75574 0.553201 -0.350467
    outer loop
      vertex -1.78677 -2.08624 7.2
      vertex -1.47182 -2.00968 8
      vertex -1.72496 -2.17068 7.2
    endloop
  endfacet
  facet normal 0.931094 0.101126 -0.350482
    outer loop
      vertex -1.5479 -2.48049 7.36499
      vertex -1.30101 -2.55286 8
      vertex -1.40092 -2.55715 7.73334
    endloop
  endfacet
  facet normal 0.85694 -0.377961 -0.350427
    outer loop
      vertex -1.36663 -2.97701 8
      vertex -1.49761 -3.03225 7.73928
      vertex -1.45246 -2.9457 7.75634
    endloop
  endfacet
  facet normal 0.856974 -0.377847 -0.350468
    outer loop
      vertex -1.49761 -3.03225 7.73928
      vertex -1.36663 -2.97701 8
      vertex -1.42468 -3.10867 8
    endloop
  endfacet
  facet normal 0.898958 -0.262787 -0.350452
    outer loop
      vertex -1.36663 -2.97701 8
      vertex -1.40104 -2.8471 7.81432
      vertex -1.32626 -2.83891 8
    endloop
  endfacet
  facet normal 0.898977 -0.262753 -0.350431
    outer loop
      vertex -1.40104 -2.8471 7.81432
      vertex -1.36663 -2.97701 8
      vertex -1.45246 -2.9457 7.75634
    endloop
  endfacet
  facet normal 0.800252 -0.486611 -0.350438
    outer loop
      vertex -1.52908 -3.0926 7.73928
      vertex -1.51334 -3.06243 7.73333
      vertex -1.42468 -3.10867 8
    endloop
  endfacet
  facet normal 0.449892 -0.821445 -0.350464
    outer loop
      vertex -1.80968 -3.52818 8
      vertex -2.01033 -3.36715 7.36499
      vertex -1.86334 -3.4438 7.73334
    endloop
  endfacet
  facet normal -0.0211237 -0.936336 -0.35047
    outer loop
      vertex -2.47033 -3.3969 7.2
      vertex -2.36572 -3.39926 7.2
      vertex -2.35286 -3.69899 8
    endloop
  endfacet
  facet normal -0.936334 0.0210642 -0.350479
    outer loop
      vertex -3.43705 -2.62305 7.83597
      vertex -3.39908 -2.64285 7.73334
      vertex -3.49899 -2.64714 8
    endloop
  endfacet
  facet normal -0.898989 0.262658 -0.35047
    outer loop
      vertex -3.47374 -2.36109 8
      vertex -3.39896 -2.3529 7.81432
      vertex -3.41056 -2.37515 7.8274
    endloop
  endfacet
  facet normal -0.553247 0.7557 -0.350479
    outer loop
      vertex -2.97462 -1.7364 7.83597
      vertex -2.99032 -1.67182 8
      vertex -2.93665 -1.7562 7.73334
    endloop
  endfacet
endsolid OpenSCAD_Model
