solid OpenSCAD_Model
  facet normal -0.5555703969669501 0.8314695027564062 0
    outer loop
      vertex -3.2148044109344482 0.2771635055541992 3.1499996185302734
      vertex -3.312131643295288 0.21213150024414062 3.5
      vertex -3.2148044109344482 0.2771635055541992 3.5
    endloop
  endfacet
  facet normal -0.5555703969669501 0.8314695027564062 0
    outer loop
      vertex -3.312131643295288 0.21213150024414062 3.5
      vertex -3.2148044109344482 0.2771635055541992 3.1499996185302734
      vertex -3.312131643295288 0.21213150024414062 3.1499996185302734
    endloop
  endfacet
  facet normal 0.8314695027564062 0.5555703969669501 0
    outer loop
      vertex -2.822835683822632 0.11480426788330078 3.5
      vertex -2.8878676891326904 0.21213150024414062 3.1499996185302734
      vertex -2.8878676891326904 0.21213150024414062 3.5
    endloop
  endfacet
  facet normal 0.8314695027564062 0.5555703969669501 0
    outer loop
      vertex -2.8878676891326904 0.21213150024414062 3.1499996185302734
      vertex -2.822835683822632 0.11480426788330078 3.5
      vertex -2.822835683822632 0.11480426788330078 3.1499996185302734
    endloop
  endfacet
  facet normal -0.9807860109192483 -0.19508664942816537 0
    outer loop
      vertex -3.3771636486053467 -0.11480522155761719 3.1499996185302734
      vertex -3.3999993801116943 0 3.5
      vertex -3.3999993801116943 0 3.1499996185302734
    endloop
  endfacet
  facet normal -0.9807860109192483 -0.19508664942816537 0
    outer loop
      vertex -3.3999993801116943 0 3.5
      vertex -3.3771636486053467 -0.11480522155761719 3.1499996185302734
      vertex -3.3771636486053467 -0.11480522155761719 3.5
    endloop
  endfacet
  facet normal -0.9807857008397779 0.1950882083269659 0
    outer loop
      vertex -3.3999993801116943 0 3.1499996185302734
      vertex -3.3771636486053467 0.11480426788330078 3.5
      vertex -3.3771636486053467 0.11480426788330078 3.1499996185302734
    endloop
  endfacet
  facet normal -0.9807857008397779 0.1950882083269659 0
    outer loop
      vertex -3.3771636486053467 0.11480426788330078 3.5
      vertex -3.3999993801116943 0 3.1499996185302734
      vertex -3.3999993801116943 0 3.5
    endloop
  endfacet
  facet normal 0.1950882083269659 0.9807857008397779 0
    outer loop
      vertex -2.9851949214935303 0.2771635055541992 3.1499996185302734
      vertex -3.099999189376831 0.2999992370605469 3.5
      vertex -2.9851949214935303 0.2771635055541992 3.5
    endloop
  endfacet
  facet normal 0.1950882083269659 0.9807857008397779 0
    outer loop
      vertex -3.099999189376831 0.2999992370605469 3.5
      vertex -2.9851949214935303 0.2771635055541992 3.1499996185302734
      vertex -3.099999189376831 0.2999992370605469 3.1499996185302734
    endloop
  endfacet
  facet normal -0.19508664942816537 -0.9807860109192483 0
    outer loop
      vertex -3.2148044109344482 -0.2771644592285156 3.1499996185302734
      vertex -3.099999189376831 -0.3000001907348633 3.5
      vertex -3.2148044109344482 -0.2771644592285156 3.5
    endloop
  endfacet
  facet normal -0.19508664942816537 -0.9807860109192483 0
    outer loop
      vertex -3.099999189376831 -0.3000001907348633 3.5
      vertex -3.2148044109344482 -0.2771644592285156 3.1499996185302734
      vertex -3.099999189376831 -0.3000001907348633 3.1499996185302734
    endloop
  endfacet
  facet normal -0.19508664942816537 0.9807860109192483 0
    outer loop
      vertex -3.099999189376831 0.2999992370605469 3.1499996185302734
      vertex -3.2148044109344482 0.2771635055541992 3.5
      vertex -3.099999189376831 0.2999992370605469 3.5
    endloop
  endfacet
  facet normal -0.19508664942816537 0.9807860109192483 0
    outer loop
      vertex -3.2148044109344482 0.2771635055541992 3.5
      vertex -3.099999189376831 0.2999992370605469 3.1499996185302734
      vertex -3.2148044109344482 0.2771635055541992 3.1499996185302734
    endloop
  endfacet
  facet normal 0 0 -1
    outer loop
      vertex -2.822835683822632 -0.11480522155761719 3.1499996185302734
      vertex -2.822835683822632 0.11480426788330078 3.1499996185302734
      vertex -2.799999952316284 0 3.1499996185302734
    endloop
  endfacet
  facet normal 0 0 -1
    outer loop
      vertex -2.8878676891326904 -0.21213245391845703 3.1499996185302734
      vertex -2.822835683822632 0.11480426788330078 3.1499996185302734
      vertex -2.822835683822632 -0.11480522155761719 3.1499996185302734
    endloop
  endfacet
  facet normal 0 0 -1
    outer loop
      vertex -2.8878676891326904 -0.21213245391845703 3.1499996185302734
      vertex -2.8878676891326904 0.21213150024414062 3.1499996185302734
      vertex -2.822835683822632 0.11480426788330078 3.1499996185302734
    endloop
  endfacet
  facet normal 0 0 -1
    outer loop
      vertex -2.9851949214935303 -0.2771644592285156 3.1499996185302734
      vertex -2.8878676891326904 0.21213150024414062 3.1499996185302734
      vertex -2.8878676891326904 -0.21213245391845703 3.1499996185302734
    endloop
  endfacet
  facet normal 0 0 -1
    outer loop
      vertex -2.9851949214935303 -0.2771644592285156 3.1499996185302734
      vertex -2.9851949214935303 0.2771635055541992 3.1499996185302734
      vertex -2.8878676891326904 0.21213150024414062 3.1499996185302734
    endloop
  endfacet
  facet normal 0 0 -1
    outer loop
      vertex -3.099999189376831 -0.3000001907348633 3.1499996185302734
      vertex -2.9851949214935303 0.2771635055541992 3.1499996185302734
      vertex -2.9851949214935303 -0.2771644592285156 3.1499996185302734
    endloop
  endfacet
  facet normal 0 0 -1
    outer loop
      vertex -3.099999189376831 -0.3000001907348633 3.1499996185302734
      vertex -3.099999189376831 0.2999992370605469 3.1499996185302734
      vertex -2.9851949214935303 0.2771635055541992 3.1499996185302734
    endloop
  endfacet
  facet normal 0 0 -1
    outer loop
      vertex -3.2148044109344482 -0.2771644592285156 3.1499996185302734
      vertex -3.099999189376831 0.2999992370605469 3.1499996185302734
      vertex -3.099999189376831 -0.3000001907348633 3.1499996185302734
    endloop
  endfacet
  facet normal 0 0 -1
    outer loop
      vertex -3.2148044109344482 -0.2771644592285156 3.1499996185302734
      vertex -3.2148044109344482 0.2771635055541992 3.1499996185302734
      vertex -3.099999189376831 0.2999992370605469 3.1499996185302734
    endloop
  endfacet
  facet normal 0 0 -1
    outer loop
      vertex -3.312131643295288 -0.21213245391845703 3.1499996185302734
      vertex -3.2148044109344482 0.2771635055541992 3.1499996185302734
      vertex -3.2148044109344482 -0.2771644592285156 3.1499996185302734
    endloop
  endfacet
  facet normal 0 0 -1
    outer loop
      vertex -3.312131643295288 -0.21213245391845703 3.1499996185302734
      vertex -3.312131643295288 0.21213150024414062 3.1499996185302734
      vertex -3.2148044109344482 0.2771635055541992 3.1499996185302734
    endloop
  endfacet
  facet normal 0 0 -1
    outer loop
      vertex -3.3771636486053467 -0.11480522155761719 3.1499996185302734
      vertex -3.312131643295288 0.21213150024414062 3.1499996185302734
      vertex -3.312131643295288 -0.21213245391845703 3.1499996185302734
    endloop
  endfacet
  facet normal 0 0 -1
    outer loop
      vertex -3.3771636486053467 -0.11480522155761719 3.1499996185302734
      vertex -3.3771636486053467 0.11480426788330078 3.1499996185302734
      vertex -3.312131643295288 0.21213150024414062 3.1499996185302734
    endloop
  endfacet
  facet normal 0 0 -1
    outer loop
      vertex -3.3771636486053467 0.11480426788330078 3.1499996185302734
      vertex -3.3771636486053467 -0.11480522155761719 3.1499996185302734
      vertex -3.3999993801116943 0 3.1499996185302734
    endloop
  endfacet
  facet normal -0.8314695027564062 -0.5555703969669501 0
    outer loop
      vertex -3.312131643295288 -0.21213245391845703 3.1499996185302734
      vertex -3.3771636486053467 -0.11480522155761719 3.5
      vertex -3.3771636486053467 -0.11480522155761719 3.1499996185302734
    endloop
  endfacet
  facet normal -0.8314695027564062 -0.5555703969669501 0
    outer loop
      vertex -3.3771636486053467 -0.11480522155761719 3.5
      vertex -3.312131643295288 -0.21213245391845703 3.1499996185302734
      vertex -3.312131643295288 -0.21213245391845703 3.5
    endloop
  endfacet
  facet normal 0.1950882083269659 -0.9807857008397779 0
    outer loop
      vertex -3.099999189376831 -0.3000001907348633 3.1499996185302734
      vertex -2.9851949214935303 -0.2771644592285156 3.5
      vertex -3.099999189376831 -0.3000001907348633 3.5
    endloop
  endfacet
  facet normal 0.1950882083269659 -0.9807857008397779 0
    outer loop
      vertex -2.9851949214935303 -0.2771644592285156 3.5
      vertex -3.099999189376831 -0.3000001907348633 3.1499996185302734
      vertex -2.9851949214935303 -0.2771644592285156 3.1499996185302734
    endloop
  endfacet
  facet normal 0.5555703969669501 0.8314695027564062 0
    outer loop
      vertex -2.8878676891326904 0.21213150024414062 3.1499996185302734
      vertex -2.9851949214935303 0.2771635055541992 3.5
      vertex -2.8878676891326904 0.21213150024414062 3.5
    endloop
  endfacet
  facet normal 0.5555703969669501 0.8314695027564062 0
    outer loop
      vertex -2.9851949214935303 0.2771635055541992 3.5
      vertex -2.8878676891326904 0.21213150024414062 3.1499996185302734
      vertex -2.9851949214935303 0.2771635055541992 3.1499996185302734
    endloop
  endfacet
  facet normal 0.9807857008397779 0.1950882083269659 0
    outer loop
      vertex -2.799999952316284 0 3.5
      vertex -2.822835683822632 0.11480426788330078 3.1499996185302734
      vertex -2.822835683822632 0.11480426788330078 3.5
    endloop
  endfacet
  facet normal 0.9807857008397779 0.1950882083269659 0
    outer loop
      vertex -2.822835683822632 0.11480426788330078 3.1499996185302734
      vertex -2.799999952316284 0 3.5
      vertex -2.799999952316284 0 3.1499996185302734
    endloop
  endfacet
  facet normal -0.8314695027564062 0.5555703969669501 0
    outer loop
      vertex -3.3771636486053467 0.11480426788330078 3.1499996185302734
      vertex -3.312131643295288 0.21213150024414062 3.5
      vertex -3.312131643295288 0.21213150024414062 3.1499996185302734
    endloop
  endfacet
  facet normal -0.8314695027564062 0.5555703969669501 0
    outer loop
      vertex -3.312131643295288 0.21213150024414062 3.5
      vertex -3.3771636486053467 0.11480426788330078 3.1499996185302734
      vertex -3.3771636486053467 0.11480426788330078 3.5
    endloop
  endfacet
  facet normal 0.9807860109192483 -0.19508664942816537 0
    outer loop
      vertex -2.822835683822632 -0.11480522155761719 3.5
      vertex -2.799999952316284 0 3.1499996185302734
      vertex -2.799999952316284 0 3.5
    endloop
  endfacet
  facet normal 0.9807860109192483 -0.19508664942816537 0
    outer loop
      vertex -2.799999952316284 0 3.1499996185302734
      vertex -2.822835683822632 -0.11480522155761719 3.5
      vertex -2.822835683822632 -0.11480522155761719 3.1499996185302734
    endloop
  endfacet
  facet normal 0.8314695027564062 -0.5555703969669501 0
    outer loop
      vertex -2.8878676891326904 -0.21213245391845703 3.5
      vertex -2.822835683822632 -0.11480522155761719 3.1499996185302734
      vertex -2.822835683822632 -0.11480522155761719 3.5
    endloop
  endfacet
  facet normal 0.8314695027564062 -0.5555703969669501 0
    outer loop
      vertex -2.822835683822632 -0.11480522155761719 3.1499996185302734
      vertex -2.8878676891326904 -0.21213245391845703 3.5
      vertex -2.8878676891326904 -0.21213245391845703 3.1499996185302734
    endloop
  endfacet
  facet normal 0.5555703969669501 -0.8314695027564062 0
    outer loop
      vertex -2.9851949214935303 -0.2771644592285156 3.1499996185302734
      vertex -2.8878676891326904 -0.21213245391845703 3.5
      vertex -2.9851949214935303 -0.2771644592285156 3.5
    endloop
  endfacet
  facet normal 0.5555703969669501 -0.8314695027564062 0
    outer loop
      vertex -2.8878676891326904 -0.21213245391845703 3.5
      vertex -2.9851949214935303 -0.2771644592285156 3.1499996185302734
      vertex -2.8878676891326904 -0.21213245391845703 3.1499996185302734
    endloop
  endfacet
  facet normal -0.5555703969669501 -0.8314695027564062 0
    outer loop
      vertex -3.312131643295288 -0.21213245391845703 3.1499996185302734
      vertex -3.2148044109344482 -0.2771644592285156 3.5
      vertex -3.312131643295288 -0.21213245391845703 3.5
    endloop
  endfacet
  facet normal -0.5555703969669501 -0.8314695027564062 0
    outer loop
      vertex -3.2148044109344482 -0.2771644592285156 3.5
      vertex -3.312131643295288 -0.21213245391845703 3.1499996185302734
      vertex -3.2148044109344482 -0.2771644592285156 3.1499996185302734
    endloop
  endfacet
  facet normal -0.8314695027564062 0.5555703969669501 0
    outer loop
      vertex -4.377163887023926 0.11480426788330078 3.1499996185302734
      vertex -4.312131881713867 0.21213150024414062 3.5
      vertex -4.312131881713867 0.21213150024414062 3.1499996185302734
    endloop
  endfacet
  facet normal -0.8314695027564062 0.5555703969669501 0
    outer loop
      vertex -4.312131881713867 0.21213150024414062 3.5
      vertex -4.377163887023926 0.11480426788330078 3.1499996185302734
      vertex -4.377163887023926 0.11480426788330078 3.5
    endloop
  endfacet
  facet normal 0.19508781859997631 -0.9807857783603424 0
    outer loop
      vertex -4.09999942779541 -0.3000001907348633 3.1499996185302734
      vertex -3.9851949214935303 -0.2771644592285156 3.5
      vertex -4.09999942779541 -0.3000001907348633 3.5
    endloop
  endfacet
  facet normal 0.19508781859997631 -0.9807857783603424 0
    outer loop
      vertex -3.9851949214935303 -0.2771644592285156 3.5
      vertex -4.09999942779541 -0.3000001907348633 3.1499996185302734
      vertex -3.9851949214935303 -0.2771644592285156 3.1499996185302734
    endloop
  endfacet
  facet normal -0.5555703969669501 0.8314695027564062 0
    outer loop
      vertex -4.214804649353027 0.2771635055541992 3.1499996185302734
      vertex -4.312131881713867 0.21213150024414062 3.5
      vertex -4.214804649353027 0.2771635055541992 3.5
    endloop
  endfacet
  facet normal -0.5555703969669501 0.8314695027564062 0
    outer loop
      vertex -4.312131881713867 0.21213150024414062 3.5
      vertex -4.214804649353027 0.2771635055541992 3.1499996185302734
      vertex -4.312131881713867 0.21213150024414062 3.1499996185302734
    endloop
  endfacet
  facet normal 0.8314695027564062 0.5555703969669501 0
    outer loop
      vertex -3.822835683822632 0.11480426788330078 3.5
      vertex -3.8878676891326904 0.21213150024414062 3.1499996185302734
      vertex -3.8878676891326904 0.21213150024414062 3.5
    endloop
  endfacet
  facet normal 0.8314695027564062 0.5555703969669501 0
    outer loop
      vertex -3.8878676891326904 0.21213150024414062 3.1499996185302734
      vertex -3.822835683822632 0.11480426788330078 3.5
      vertex -3.822835683822632 0.11480426788330078 3.1499996185302734
    endloop
  endfacet
  facet normal -0.5555703969669501 -0.8314695027564062 0
    outer loop
      vertex -4.312131881713867 -0.21213245391845703 3.1499996185302734
      vertex -4.214804649353027 -0.2771644592285156 3.5
      vertex -4.312131881713867 -0.21213245391845703 3.5
    endloop
  endfacet
  facet normal -0.5555703969669501 -0.8314695027564062 0
    outer loop
      vertex -4.214804649353027 -0.2771644592285156 3.5
      vertex -4.312131881713867 -0.21213245391845703 3.1499996185302734
      vertex -4.214804649353027 -0.2771644592285156 3.1499996185302734
    endloop
  endfacet
  facet normal -0.9807860109192483 -0.19508664942816537 0
    outer loop
      vertex -4.377163887023926 -0.11480522155761719 3.1499996185302734
      vertex -4.399999618530273 0 3.5
      vertex -4.399999618530273 0 3.1499996185302734
    endloop
  endfacet
  facet normal -0.9807860109192483 -0.19508664942816537 0
    outer loop
      vertex -4.399999618530273 0 3.5
      vertex -4.377163887023926 -0.11480522155761719 3.1499996185302734
      vertex -4.377163887023926 -0.11480522155761719 3.5
    endloop
  endfacet
  facet normal -0.9807857008397779 0.1950882083269659 0
    outer loop
      vertex -4.399999618530273 0 3.1499996185302734
      vertex -4.377163887023926 0.11480426788330078 3.5
      vertex -4.377163887023926 0.11480426788330078 3.1499996185302734
    endloop
  endfacet
  facet normal -0.9807857008397779 0.1950882083269659 0
    outer loop
      vertex -4.377163887023926 0.11480426788330078 3.5
      vertex -4.399999618530273 0 3.1499996185302734
      vertex -4.399999618530273 0 3.5
    endloop
  endfacet
  facet normal 0.5555703969669501 0.8314695027564062 0
    outer loop
      vertex -3.8878676891326904 0.21213150024414062 3.1499996185302734
      vertex -3.9851949214935303 0.2771635055541992 3.5
      vertex -3.8878676891326904 0.21213150024414062 3.5
    endloop
  endfacet
  facet normal 0.5555703969669501 0.8314695027564062 0
    outer loop
      vertex -3.9851949214935303 0.2771635055541992 3.5
      vertex -3.8878676891326904 0.21213150024414062 3.1499996185302734
      vertex -3.9851949214935303 0.2771635055541992 3.1499996185302734
    endloop
  endfacet
  facet normal 0.8314695027564062 -0.5555703969669501 0
    outer loop
      vertex -3.8878676891326904 -0.21213245391845703 3.5
      vertex -3.822835683822632 -0.11480522155761719 3.1499996185302734
      vertex -3.822835683822632 -0.11480522155761719 3.5
    endloop
  endfacet
  facet normal 0.8314695027564062 -0.5555703969669501 0
    outer loop
      vertex -3.822835683822632 -0.11480522155761719 3.1499996185302734
      vertex -3.8878676891326904 -0.21213245391845703 3.5
      vertex -3.8878676891326904 -0.21213245391845703 3.1499996185302734
    endloop
  endfacet
  facet normal -0.19508664942816537 -0.9807860109192483 0
    outer loop
      vertex -4.214804649353027 -0.2771644592285156 3.1499996185302734
      vertex -4.09999942779541 -0.3000001907348633 3.5
      vertex -4.214804649353027 -0.2771644592285156 3.5
    endloop
  endfacet
  facet normal -0.19508664942816537 -0.9807860109192483 0
    outer loop
      vertex -4.09999942779541 -0.3000001907348633 3.5
      vertex -4.214804649353027 -0.2771644592285156 3.1499996185302734
      vertex -4.09999942779541 -0.3000001907348633 3.1499996185302734
    endloop
  endfacet
  facet normal 0 0 -1
    outer loop
      vertex -3.822835683822632 -0.11480522155761719 3.1499996185302734
      vertex -3.822835683822632 0.11480426788330078 3.1499996185302734
      vertex -3.799999952316284 0 3.1499996185302734
    endloop
  endfacet
  facet normal 0 0 -1
    outer loop
      vertex -3.8878676891326904 -0.21213245391845703 3.1499996185302734
      vertex -3.822835683822632 0.11480426788330078 3.1499996185302734
      vertex -3.822835683822632 -0.11480522155761719 3.1499996185302734
    endloop
  endfacet
  facet normal 0 0 -1
    outer loop
      vertex -3.8878676891326904 -0.21213245391845703 3.1499996185302734
      vertex -3.8878676891326904 0.21213150024414062 3.1499996185302734
      vertex -3.822835683822632 0.11480426788330078 3.1499996185302734
    endloop
  endfacet
  facet normal 0 0 -1
    outer loop
      vertex -3.9851949214935303 -0.2771644592285156 3.1499996185302734
      vertex -3.8878676891326904 0.21213150024414062 3.1499996185302734
      vertex -3.8878676891326904 -0.21213245391845703 3.1499996185302734
    endloop
  endfacet
  facet normal 0 0 -1
    outer loop
      vertex -3.9851949214935303 -0.2771644592285156 3.1499996185302734
      vertex -3.9851949214935303 0.2771635055541992 3.1499996185302734
      vertex -3.8878676891326904 0.21213150024414062 3.1499996185302734
    endloop
  endfacet
  facet normal 0 0 -1
    outer loop
      vertex -4.09999942779541 -0.3000001907348633 3.1499996185302734
      vertex -3.9851949214935303 0.2771635055541992 3.1499996185302734
      vertex -3.9851949214935303 -0.2771644592285156 3.1499996185302734
    endloop
  endfacet
  facet normal 0 0 -1
    outer loop
      vertex -4.09999942779541 -0.3000001907348633 3.1499996185302734
      vertex -4.09999942779541 0.2999992370605469 3.1499996185302734
      vertex -3.9851949214935303 0.2771635055541992 3.1499996185302734
    endloop
  endfacet
  facet normal 0 0 -1
    outer loop
      vertex -4.214804649353027 -0.2771644592285156 3.1499996185302734
      vertex -4.09999942779541 0.2999992370605469 3.1499996185302734
      vertex -4.09999942779541 -0.3000001907348633 3.1499996185302734
    endloop
  endfacet
  facet normal 0 0 -1
    outer loop
      vertex -4.214804649353027 -0.2771644592285156 3.1499996185302734
      vertex -4.214804649353027 0.2771635055541992 3.1499996185302734
      vertex -4.09999942779541 0.2999992370605469 3.1499996185302734
    endloop
  endfacet
  facet normal 0 0 -1
    outer loop
      vertex -4.312131881713867 -0.21213245391845703 3.1499996185302734
      vertex -4.214804649353027 0.2771635055541992 3.1499996185302734
      vertex -4.214804649353027 -0.2771644592285156 3.1499996185302734
    endloop
  endfacet
  facet normal 0 0 -1
    outer loop
      vertex -4.312131881713867 -0.21213245391845703 3.1499996185302734
      vertex -4.312131881713867 0.21213150024414062 3.1499996185302734
      vertex -4.214804649353027 0.2771635055541992 3.1499996185302734
    endloop
  endfacet
  facet normal 0 0 -1
    outer loop
      vertex -4.377163887023926 -0.11480522155761719 3.1499996185302734
      vertex -4.312131881713867 0.21213150024414062 3.1499996185302734
      vertex -4.312131881713867 -0.21213245391845703 3.1499996185302734
    endloop
  endfacet
  facet normal 0 0 -1
    outer loop
      vertex -4.377163887023926 -0.11480522155761719 3.1499996185302734
      vertex -4.377163887023926 0.11480426788330078 3.1499996185302734
      vertex -4.312131881713867 0.21213150024414062 3.1499996185302734
    endloop
  endfacet
  facet normal 0 0 -1
    outer loop
      vertex -4.377163887023926 0.11480426788330078 3.1499996185302734
      vertex -4.377163887023926 -0.11480522155761719 3.1499996185302734
      vertex -4.399999618530273 0 3.1499996185302734
    endloop
  endfacet
  facet normal 0.19508781859997631 0.9807857783603424 0
    outer loop
      vertex -3.9851949214935303 0.2771635055541992 3.1499996185302734
      vertex -4.09999942779541 0.2999992370605469 3.5
      vertex -3.9851949214935303 0.2771635055541992 3.5
    endloop
  endfacet
  facet normal 0.19508781859997631 0.9807857783603424 0
    outer loop
      vertex -4.09999942779541 0.2999992370605469 3.5
      vertex -3.9851949214935303 0.2771635055541992 3.1499996185302734
      vertex -4.09999942779541 0.2999992370605469 3.1499996185302734
    endloop
  endfacet
  facet normal -0.19508664942816537 0.9807860109192483 0
    outer loop
      vertex -4.09999942779541 0.2999992370605469 3.1499996185302734
      vertex -4.214804649353027 0.2771635055541992 3.5
      vertex -4.09999942779541 0.2999992370605469 3.5
    endloop
  endfacet
  facet normal -0.19508664942816537 0.9807860109192483 0
    outer loop
      vertex -4.214804649353027 0.2771635055541992 3.5
      vertex -4.09999942779541 0.2999992370605469 3.1499996185302734
      vertex -4.214804649353027 0.2771635055541992 3.1499996185302734
    endloop
  endfacet
  facet normal 0.5555703969669501 -0.8314695027564062 0
    outer loop
      vertex -3.9851949214935303 -0.2771644592285156 3.1499996185302734
      vertex -3.8878676891326904 -0.21213245391845703 3.5
      vertex -3.9851949214935303 -0.2771644592285156 3.5
    endloop
  endfacet
  facet normal 0.5555703969669501 -0.8314695027564062 0
    outer loop
      vertex -3.8878676891326904 -0.21213245391845703 3.5
      vertex -3.9851949214935303 -0.2771644592285156 3.1499996185302734
      vertex -3.8878676891326904 -0.21213245391845703 3.1499996185302734
    endloop
  endfacet
  facet normal 0.9807857008397779 0.1950882083269659 0
    outer loop
      vertex -3.799999952316284 0 3.5
      vertex -3.822835683822632 0.11480426788330078 3.1499996185302734
      vertex -3.822835683822632 0.11480426788330078 3.5
    endloop
  endfacet
  facet normal 0.9807857008397779 0.1950882083269659 0
    outer loop
      vertex -3.822835683822632 0.11480426788330078 3.1499996185302734
      vertex -3.799999952316284 0 3.5
      vertex -3.799999952316284 0 3.1499996185302734
    endloop
  endfacet
  facet normal -0.8314695027564062 -0.5555703969669501 0
    outer loop
      vertex -4.312131881713867 -0.21213245391845703 3.1499996185302734
      vertex -4.377163887023926 -0.11480522155761719 3.5
      vertex -4.377163887023926 -0.11480522155761719 3.1499996185302734
    endloop
  endfacet
  facet normal -0.8314695027564062 -0.5555703969669501 0
    outer loop
      vertex -4.377163887023926 -0.11480522155761719 3.5
      vertex -4.312131881713867 -0.21213245391845703 3.1499996185302734
      vertex -4.312131881713867 -0.21213245391845703 3.5
    endloop
  endfacet
  facet normal 0.9807860109192483 -0.19508664942816537 0
    outer loop
      vertex -3.822835683822632 -0.11480522155761719 3.5
      vertex -3.799999952316284 0 3.1499996185302734
      vertex -3.799999952316284 0 3.5
    endloop
  endfacet
  facet normal 0.9807860109192483 -0.19508664942816537 0
    outer loop
      vertex -3.799999952316284 0 3.1499996185302734
      vertex -3.822835683822632 -0.11480522155761719 3.5
      vertex -3.822835683822632 -0.11480522155761719 3.1499996185302734
    endloop
  endfacet
  facet normal -0.5877756363086655 0 -0.8090239807088189
    outer loop
      vertex -20.496946334838867 0.4986165463924408 2.4667673110961914
      vertex -20.47076416015625 0.5 2.4477453231811523
      vertex -20.47076416015625 0.49782469868659973 2.4477453231811523
    endloop
  endfacet
  facet normal -0.5877756363086655 0 -0.8090239807088189
    outer loop
      vertex -20.47076416015625 0.5 2.4477453231811523
      vertex -20.496946334838867 0.4986165463924408 2.4667673110961914
      vertex -20.496946334838867 0.5 2.4667673110961914
    endloop
  endfacet
  facet normal -0.8910006632188223 0 -0.4540020023563982
    outer loop
      vertex -20.513879776000977 0.5 2.5
      vertex -20.496946334838867 0.5 2.4667673110961914
      vertex -20.496946334838867 0.4986165463924408 2.4667673110961914
    endloop
  endfacet
  facet normal -0.891010501562735 0 -0.45398269361829574
    outer loop
      vertex -20.51897430419922 -0.5 2.5099992752075195
      vertex -20.599998474121094 0.5 2.6690216064453125
      vertex -20.51897430419922 0.5 2.5099992752075195
    endloop
  endfacet
  facet normal -0.891010501562735 0 -0.45398269361829574
    outer loop
      vertex -20.599998474121094 0.5 2.6690216064453125
      vertex -20.51897430419922 -0.5 2.5099992752075195
      vertex -20.599998474121094 -0.5 2.6690216064453125
    endloop
  endfacet
  facet normal -1 0 0
    outer loop
      vertex -20.599998474121094 -0.5 2.6690216064453125
      vertex -20.599998474121094 0.5 3.223817825317383
      vertex -20.599998474121094 0.5 2.6690216064453125
    endloop
  endfacet
  facet normal -1 0 0
    outer loop
      vertex -20.599998474121094 0.5 3.223817825317383
      vertex -20.599998474121094 -0.5 2.6690216064453125
      vertex -20.599998474121094 -0.5 3.223817825317383
    endloop
  endfacet
  facet normal -0.9510581969092596 0 0.30901182192872184
    outer loop
      vertex -20.599998474121094 -0.5 3.223817825317383
      vertex -20.55225372314453 0.5 3.3707637786865234
      vertex -20.599998474121094 0.5 3.223817825317383
    endloop
  endfacet
  facet normal -0.9510581969092596 0 0.30901182192872184
    outer loop
      vertex -20.55225372314453 0.5 3.3707637786865234
      vertex -20.599998474121094 -0.5 3.223817825317383
      vertex -20.55225372314453 -0.5 3.3707637786865234
    endloop
  endfacet
  facet normal -0.8090152646366167 0 0.5877876330656718
    outer loop
      vertex -20.55225372314453 -0.5 3.3707637786865234
      vertex -20.435075759887695 0.5 3.5320444107055664
      vertex -20.55225372314453 0.5 3.3707637786865234
    endloop
  endfacet
  facet normal -0.8090152646366167 0 0.5877876330656718
    outer loop
      vertex -20.435075759887695 0.5 3.5320444107055664
      vertex -20.55225372314453 -0.5 3.3707637786865234
      vertex -20.435075759887695 -0.5 3.5320444107055664
    endloop
  endfacet
  facet normal -0.7071067811865475 0 0.7071067811865475
    outer loop
      vertex -20.435075759887695 -0.5 3.5320444107055664
      vertex -20.37976837158203 0.5 3.5873517990112305
      vertex -20.435075759887695 0.5 3.5320444107055664
    endloop
  endfacet
  facet normal -0.7071067811865475 0 0.7071067811865475
    outer loop
      vertex -20.37976837158203 0.5 3.5873517990112305
      vertex -20.435075759887695 -0.5 3.5320444107055664
      vertex -20.37976837158203 -0.5 3.5873517990112305
    endloop
  endfacet
  facet normal -0.5877864401870292 0 0.8090161313177011
    outer loop
      vertex -20.37976837158203 0.5 3.5873517990112305
      vertex -19.96959686279297 -0.5 3.885359764099121
      vertex -19.96959686279297 0.5 3.885359764099121
    endloop
  endfacet
  facet normal -0.5877864401870292 0 0.8090161313177011
    outer loop
      vertex -19.96959686279297 -0.5 3.885359764099121
      vertex -20.37976837158203 0.5 3.5873517990112305
      vertex -20.37976837158203 -0.5 3.5873517990112305
    endloop
  endfacet
  facet normal -0.852641077779252 0 0.5224970741386362
    outer loop
      vertex -19.96959686279297 -0.5 3.885359764099121
      vertex -19.921586990356445 0.5 3.963705062866211
      vertex -19.96959686279297 0.5 3.885359764099121
    endloop
  endfacet
  facet normal -0.852641077779252 0 0.5224970741386362
    outer loop
      vertex -19.921586990356445 0.5 3.963705062866211
      vertex -19.96959686279297 -0.5 3.885359764099121
      vertex -19.921586990356445 -0.5 3.963705062866211
    endloop
  endfacet
  facet normal -0.9876863486175181 0 0.15644704137373203
    outer loop
      vertex -19.921586990356445 -0.5 3.963705062866211
      vertex -19.901535034179688 0.5 4.090297698974609
      vertex -19.921586990356445 0.5 3.963705062866211
    endloop
  endfacet
  facet normal -0.9876863486175181 0 0.15644704137373203
    outer loop
      vertex -19.901535034179688 0.5 4.090297698974609
      vertex -19.921586990356445 -0.5 3.963705062866211
      vertex -19.901535034179688 -0.5 4.090297698974609
    endloop
  endfacet
  facet normal -0.996922131057039 0 0.07839811610422667
    outer loop
      vertex -19.901535034179688 -0.5 4.090297698974609
      vertex -19.899999618530273 0.5 4.1098222732543945
      vertex -19.901535034179688 0.5 4.090297698974609
    endloop
  endfacet
  facet normal -0.996922131057039 0 0.07839811610422667
    outer loop
      vertex -19.899999618530273 0.5 4.1098222732543945
      vertex -19.901535034179688 -0.5 4.090297698974609
      vertex -19.899999618530273 -0.5 4.1098222732543945
    endloop
  endfacet
  facet normal -1 0 0
    outer loop
      vertex -19.899999618530273 -0.5 4.1098222732543945
      vertex -19.899999618530273 0.5 6.223817825317383
      vertex -19.899999618530273 0.5 4.1098222732543945
    endloop
  endfacet
  facet normal -1 0 0
    outer loop
      vertex -19.899999618530273 0.5 6.223817825317383
      vertex -19.899999618530273 -0.5 4.1098222732543945
      vertex -19.899999618530273 -0.5 6.223817825317383
    endloop
  endfacet
  facet normal -0.951054568903885 0 0.3090229877647381
    outer loop
      vertex -19.899999618530273 -0.5 6.223817825317383
      vertex -19.852252960205078 0.5 6.370763778686523
      vertex -19.899999618530273 0.5 6.223817825317383
    endloop
  endfacet
  facet normal -0.951054568903885 0 0.3090229877647381
    outer loop
      vertex -19.852252960205078 0.5 6.370763778686523
      vertex -19.899999618530273 -0.5 6.223817825317383
      vertex -19.852252960205078 -0.5 6.370763778686523
    endloop
  endfacet
  facet normal -0.809023980708819 0 0.5877756363086656
    outer loop
      vertex -19.852252960205078 -0.5 6.370763778686523
      vertex -19.83323097229004 0.5 6.396945953369141
      vertex -19.852252960205078 0.5 6.370763778686523
    endloop
  endfacet
  facet normal -0.809023980708819 0 0.5877756363086656
    outer loop
      vertex -19.83323097229004 0.5 6.396945953369141
      vertex -19.852252960205078 -0.5 6.370763778686523
      vertex -19.83323097229004 -0.5 6.396945953369141
    endloop
  endfacet
  facet normal -0.45399337391452255 0 0.8910050597172322
    outer loop
      vertex -19.83323097229004 0.5 6.396945953369141
      vertex -19.630977630615234 -0.5 6.5
      vertex -19.630977630615234 0.5 6.5
    endloop
  endfacet
  facet normal -0.45399337391452255 0 0.8910050597172322
    outer loop
      vertex -19.630977630615234 -0.5 6.5
      vertex -19.83323097229004 0.5 6.396945953369141
      vertex -19.83323097229004 -0.5 6.396945953369141
    endloop
  endfacet
  facet normal 0 0 1
    outer loop
      vertex -19.630977630615234 0.5 6.5
      vertex -2.439595937728882 -0.5 6.5
      vertex -2.439595937728882 0.5 6.5
    endloop
  endfacet
  facet normal 0 0 1
    outer loop
      vertex -2.439595937728882 -0.5 6.5
      vertex -19.630977630615234 0.5 6.5
      vertex -19.630977630615234 -0.5 6.5
    endloop
  endfacet
  facet normal -0.30900876665067367 0 0.9510591896054785
    outer loop
      vertex -2.439595937728882 0.5 6.5
      vertex -2.3679654598236084 -0.5 6.523273468017578
      vertex -2.3679654598236084 0.5 6.523273468017578
    endloop
  endfacet
  facet normal -0.30900876665067367 0 0.9510591896054785
    outer loop
      vertex -2.3679654598236084 -0.5 6.523273468017578
      vertex -2.439595937728882 0.5 6.5
      vertex -2.439595937728882 -0.5 6.5
    endloop
  endfacet
  facet normal -0.5877851092198476 0 0.8090170983232752
    outer loop
      vertex -2.3679654598236084 0.5 6.523273468017578
      vertex -1.869596242904663 -0.5 6.885359764099121
      vertex -1.869596242904663 0.5 6.885359764099121
    endloop
  endfacet
  facet normal -0.5877851092198476 0 0.8090170983232752
    outer loop
      vertex -1.869596242904663 -0.5 6.885359764099121
      vertex -2.3679654598236084 0.5 6.523273468017578
      vertex -2.3679654598236084 -0.5 6.523273468017578
    endloop
  endfacet
  facet normal -0.852641077779252 0 0.5224970741386362
    outer loop
      vertex -1.869596242904663 -0.5 6.885359764099121
      vertex -1.8215863704681396 0.5 6.963705062866211
      vertex -1.869596242904663 0.5 6.885359764099121
    endloop
  endfacet
  facet normal -0.852641077779252 0 0.5224970741386362
    outer loop
      vertex -1.8215863704681396 0.5 6.963705062866211
      vertex -1.869596242904663 -0.5 6.885359764099121
      vertex -1.8215863704681396 -0.5 6.963705062866211
    endloop
  endfacet
  facet normal -0.9876886479827313 0 0.15643252425900575
    outer loop
      vertex -1.8215863704681396 -0.5 6.963705062866211
      vertex -1.8015363216400146 0.5 7.090297698974609
      vertex -1.8215863704681396 0.5 6.963705062866211
    endloop
  endfacet
  facet normal -0.9876886479827313 0 0.15643252425900575
    outer loop
      vertex -1.8015363216400146 0.5 7.090297698974609
      vertex -1.8215863704681396 -0.5 6.963705062866211
      vertex -1.8015363216400146 -0.5 7.090297698974609
    endloop
  endfacet
  facet normal -0.996918324091197 0 0.0784465110199247
    outer loop
      vertex -1.8015363216400146 -0.5 7.090297698974609
      vertex -1.7999999523162842 0.5 7.1098222732543945
      vertex -1.8015363216400146 0.5 7.090297698974609
    endloop
  endfacet
  facet normal -0.996918324091197 0 0.0784465110199247
    outer loop
      vertex -1.7999999523162842 0.5 7.1098222732543945
      vertex -1.8015363216400146 -0.5 7.090297698974609
      vertex -1.7999999523162842 -0.5 7.1098222732543945
    endloop
  endfacet
  facet normal -1 0 0
    outer loop
      vertex -1.7999999523162842 0.5 7.1098222732543945
      vertex -1.7999999523162842 0.4129139184951782 7.199999809265137
      vertex -1.7999999523162842 0.5 7.368724346160889
    endloop
  endfacet
  facet normal -1 0 0
    outer loop
      vertex -1.7999999523162842 0.5 7.1098222732543945
      vertex -1.7999999523162842 -0.4129139184951782 7.199999809265137
      vertex -1.7999999523162842 0.4129139184951782 7.199999809265137
    endloop
  endfacet
  facet normal -1 0 0
    outer loop
      vertex -1.7999999523162842 -0.5 7.1098222732543945
      vertex -1.7999999523162842 -0.4129139184951782 7.199999809265137
      vertex -1.7999999523162842 0.5 7.1098222732543945
    endloop
  endfacet
  facet normal -1 0 0
    outer loop
      vertex -1.7999999523162842 -0.4129139184951782 7.199999809265137
      vertex -1.7999999523162842 -0.5 7.1098222732543945
      vertex -1.7999999523162842 -0.5 7.368724346160889
    endloop
  endfacet
  facet normal -1 0 0
    outer loop
      vertex -1.7999999523162842 -0.5 11.273818016052246
      vertex -1.7999999523162842 -0.49512800574302673 11.273818016052246
      vertex -1.7999999523162842 -0.5 11.25999927520752
    endloop
  endfacet
  facet normal -1 0 0
    outer loop
      vertex -1.7999999523162842 0.49512800574302673 11.273818016052246
      vertex -1.7999999523162842 0.5 11.273818016052246
      vertex -1.7999999523162842 0.5 11.25999927520752
    endloop
  endfacet
  facet normal -1 0 0
    outer loop
      vertex -1.7999999523162842 0.5 8
      vertex -1.7999999523162842 0 11.105904579162598
      vertex -1.7999999523162842 0.5 11.25
    endloop
  endfacet
  facet normal -1 0 0
    outer loop
      vertex -1.7999999523162842 -0.5 8
      vertex -1.7999999523162842 0 11.105904579162598
      vertex -1.7999999523162842 0.5 8
    endloop
  endfacet
  facet normal -1 0 0
    outer loop
      vertex -1.7999999523162842 0 11.105904579162598
      vertex -1.7999999523162842 -0.5 8
      vertex -1.7999999523162842 -0.5 11.25
    endloop
  endfacet
  facet normal -0.9510550617310625 0 0.30902147102705524
    outer loop
      vertex -1.7999999523162842 -0.49512800574302673 11.273818016052246
      vertex -1.7999999523162842 -0.5 11.273818016052246
      vertex -1.7924697399139404 -0.5 11.296993255615234
    endloop
  endfacet
  facet normal -0.9510550617310625 0 0.30902147102705524
    outer loop
      vertex -1.7999999523162842 0.5 11.273818016052246
      vertex -1.7999999523162842 0.49512800574302673 11.273818016052246
      vertex -1.7924697399139404 0.5 11.296993255615234
    endloop
  endfacet
  facet normal 0.8910042937390276 0 0.45399487721627074
    outer loop
      vertex -0.800000011920929 -0.48970842361450195 11.280977249145508
      vertex -0.8125252723693848 -0.5 11.305559158325195
      vertex -0.800000011920929 -0.5 11.280977249145508
    endloop
  endfacet
  facet normal 0.8910042937390276 0 0.45399487721627074
    outer loop
      vertex -0.800000011920929 0.5 11.280977249145508
      vertex -0.8125252723693848 0.5 11.305559158325195
      vertex -0.800000011920929 0.48970842361450195 11.280977249145508
    endloop
  endfacet
  facet normal 1 0 0
    outer loop
      vertex -0.800000011920929 -0.48970842361450195 11.280977249145508
      vertex -0.800000011920929 -0.5 11.280977249145508
      vertex -0.800000011920929 -0.5 11.25999927520752
    endloop
  endfacet
  facet normal 1 0 0
    outer loop
      vertex -0.800000011920929 0.5 11.280977249145508
      vertex -0.800000011920929 0.48970842361450195 11.280977249145508
      vertex -0.800000011920929 0.5 11.25999927520752
    endloop
  endfacet
  facet normal 1 0 0
    outer loop
      vertex -0.800000011920929 -0.5 7.199999809265137
      vertex -0.800000011920929 0.5 6.776181221008301
      vertex -0.800000011920929 0.5 7.199999809265137
    endloop
  endfacet
  facet normal 1 0 0
    outer loop
      vertex -0.800000011920929 0.5 6.776181221008301
      vertex -0.800000011920929 -0.5 7.199999809265137
      vertex -0.800000011920929 -0.5 6.776181221008301
    endloop
  endfacet
  facet normal 1 0 0
    outer loop
      vertex -0.800000011920929 0.2285703718662262 11.0867280960083
      vertex -0.800000011920929 0.5 8
      vertex -0.800000011920929 0.5 11.25
    endloop
  endfacet
  facet normal 1 0 0
    outer loop
      vertex -0.800000011920929 0 10.974472045898438
      vertex -0.800000011920929 0.5 8
      vertex -0.800000011920929 0.2285703718662262 11.0867280960083
    endloop
  endfacet
  facet normal 1 0 0
    outer loop
      vertex -0.800000011920929 -0.5 8
      vertex -0.800000011920929 0 10.974472045898438
      vertex -0.800000011920929 -0.2285703718662262 11.0867280960083
    endloop
  endfacet
  facet normal 1 0 0
    outer loop
      vertex -0.800000011920929 -0.5 8
      vertex -0.800000011920929 -0.2285703718662262 11.0867280960083
      vertex -0.800000011920929 -0.5 11.25
    endloop
  endfacet
  facet normal 1 0 0
    outer loop
      vertex -0.800000011920929 0 10.974472045898438
      vertex -0.800000011920929 -0.5 8
      vertex -0.800000011920929 0.5 8
    endloop
  endfacet
  facet normal 0.951054568903885 0 -0.3090229877647381
    outer loop
      vertex -0.800000011920929 -0.5 6.776181221008301
      vertex -0.8477466702461243 0.5 6.62923526763916
      vertex -0.800000011920929 0.5 6.776181221008301
    endloop
  endfacet
  facet normal 0.951054568903885 0 -0.3090229877647381
    outer loop
      vertex -0.8477466702461243 0.5 6.62923526763916
      vertex -0.800000011920929 -0.5 6.776181221008301
      vertex -0.8477466702461243 -0.5 6.62923526763916
    endloop
  endfacet
  facet normal 0.8090171691449835 0 -0.5877850117420801
    outer loop
      vertex -0.8477466702461243 -0.5 6.62923526763916
      vertex -1.0578992366790771 0.5 6.339984893798828
      vertex -0.8477466702461243 0.5 6.62923526763916
    endloop
  endfacet
  facet normal 0.8090171691449835 0 -0.5877850117420801
    outer loop
      vertex -1.0578992366790771 0.5 6.339984893798828
      vertex -0.8477466702461243 -0.5 6.62923526763916
      vertex -1.0578992366790771 -0.5 6.339984893798828
    endloop
  endfacet
  facet normal 0.9238814406827184 0 -0.38267882559925476
    outer loop
      vertex -1.0578992366790771 -0.5 6.339984893798828
      vertex -1.1254775524139404 0.5 6.1768341064453125
      vertex -1.0578992366790771 0.5 6.339984893798828
    endloop
  endfacet
  facet normal 0.9238814406827184 0 -0.38267882559925476
    outer loop
      vertex -1.1254775524139404 0.5 6.1768341064453125
      vertex -1.0578992366790771 -0.5 6.339984893798828
      vertex -1.1254775524139404 -0.5 6.1768341064453125
    endloop
  endfacet
  facet normal 0.7071042940406136 0 -0.7071092683237333
    outer loop
      vertex -1.261045217514038 -0.5 6.041267395019531
      vertex -1.1254775524139404 0.5 6.1768341064453125
      vertex -1.1254775524139404 -0.5 6.1768341064453125
    endloop
  endfacet
  facet normal 0.7071042940406136 0 -0.7071092683237333
    outer loop
      vertex -1.1254775524139404 0.5 6.1768341064453125
      vertex -1.261045217514038 -0.5 6.041267395019531
      vertex -1.261045217514038 0.5 6.041267395019531
    endloop
  endfacet
  facet normal 0.9081428912175359 0 -0.41866035056003914
    outer loop
      vertex -1.261045217514038 -0.5 6.041267395019531
      vertex -1.296116590499878 0.5 5.965191841125488
      vertex -1.261045217514038 0.5 6.041267395019531
    endloop
  endfacet
  facet normal 0.9081428912175359 0 -0.41866035056003914
    outer loop
      vertex -1.296116590499878 0.5 5.965191841125488
      vertex -1.261045217514038 -0.5 6.041267395019531
      vertex -1.296116590499878 -0.5 5.965191841125488
    endloop
  endfacet
  facet normal 0.9969173251533189 0 -0.07845920474457897
    outer loop
      vertex -1.296116590499878 -0.5 5.965191841125488
      vertex -1.2996156215667725 0.5 5.920732498168945
      vertex -1.296116590499878 0.5 5.965191841125488
    endloop
  endfacet
  facet normal 0.9969173251533189 0 -0.07845920474457897
    outer loop
      vertex -1.2996156215667725 0.5 5.920732498168945
      vertex -1.296116590499878 -0.5 5.965191841125488
      vertex -1.2996156215667725 -0.5 5.920732498168945
    endloop
  endfacet
  facet normal 0.9992324730314014 0 -0.039172245781289375
    outer loop
      vertex -1.2996156215667725 -0.5 5.920732498168945
      vertex -1.2999999523162842 0.5 5.910928726196289
      vertex -1.2996156215667725 0.5 5.920732498168945
    endloop
  endfacet
  facet normal 0.9992324730314014 0 -0.039172245781289375
    outer loop
      vertex -1.2999999523162842 0.5 5.910928726196289
      vertex -1.2996156215667725 -0.5 5.920732498168945
      vertex -1.2999999523162842 -0.5 5.910928726196289
    endloop
  endfacet
  facet normal 1 0 0
    outer loop
      vertex -1.2999999523162842 -0.5 5.910928726196289
      vertex -1.2999999523162842 0.5 3.776181221008301
      vertex -1.2999999523162842 0.5 5.910928726196289
    endloop
  endfacet
  facet normal 1 0 0
    outer loop
      vertex -1.2999999523162842 0.5 3.776181221008301
      vertex -1.2999999523162842 -0.5 5.910928726196289
      vertex -1.2999999523162842 -0.5 3.776181221008301
    endloop
  endfacet
  facet normal 0.9510563829194988 0 -0.30901740486270285
    outer loop
      vertex -1.2999999523162842 -0.5 3.776181221008301
      vertex -1.347745656967163 0.5 3.62923526763916
      vertex -1.2999999523162842 0.5 3.776181221008301
    endloop
  endfacet
  facet normal 0.9510563829194988 0 -0.30901740486270285
    outer loop
      vertex -1.347745656967163 0.5 3.62923526763916
      vertex -1.2999999523162842 -0.5 3.776181221008301
      vertex -1.347745656967163 -0.5 3.62923526763916
    endloop
  endfacet
  facet normal 0.809023980708819 0 -0.5877756363086656
    outer loop
      vertex -1.347745656967163 -0.5 3.62923526763916
      vertex -1.3667676448822021 0.5 3.603053092956543
      vertex -1.347745656967163 0.5 3.62923526763916
    endloop
  endfacet
  facet normal 0.809023980708819 0 -0.5877756363086656
    outer loop
      vertex -1.3667676448822021 0.5 3.603053092956543
      vertex -1.347745656967163 -0.5 3.62923526763916
      vertex -1.3667676448822021 -0.5 3.603053092956543
    endloop
  endfacet
  facet normal 0.45398833906694147 0 -0.8910076251027483
    outer loop
      vertex -1.5690219402313232 -0.5 3.5
      vertex -1.3667676448822021 0.5 3.603053092956543
      vertex -1.3667676448822021 -0.5 3.603053092956543
    endloop
  endfacet
  facet normal 0.45398833906694147 0 -0.8910076251027483
    outer loop
      vertex -1.3667676448822021 0.5 3.603053092956543
      vertex -1.5690219402313232 -0.5 3.5
      vertex -1.5690219402313232 0.5 3.5
    endloop
  endfacet
  facet normal 0 0 -1
    outer loop
      vertex -1.5690219402313232 -0.5 3.5
      vertex -2.799999952316284 0 3.5
      vertex -1.5690219402313232 0.5 3.5
    endloop
  endfacet
  facet normal 0 0 -1
    outer loop
      vertex -1.5690219402313232 -0.5 3.5
      vertex -2.822835683822632 -0.11480522155761719 3.5
      vertex -2.799999952316284 0 3.5
    endloop
  endfacet
  facet normal 0 0 -1
    outer loop
      vertex -1.5690219402313232 -0.5 3.5
      vertex -2.8878676891326904 -0.21213245391845703 3.5
      vertex -2.822835683822632 -0.11480522155761719 3.5
    endloop
  endfacet
  facet normal 0 0 -1
    outer loop
      vertex -1.5690219402313232 -0.5 3.5
      vertex -2.9851949214935303 -0.2771644592285156 3.5
      vertex -2.8878676891326904 -0.21213245391845703 3.5
    endloop
  endfacet
  facet normal 0 0 -1
    outer loop
      vertex -1.5690219402313232 -0.5 3.5
      vertex -3.099999189376831 -0.3000001907348633 3.5
      vertex -2.9851949214935303 -0.2771644592285156 3.5
    endloop
  endfacet
  facet normal 0 0 -1
    outer loop
      vertex -3.3771636486053467 -0.11480522155761719 3.5
      vertex -3.799999952316284 0 3.5
      vertex -3.3999993801116943 0 3.5
    endloop
  endfacet
  facet normal 0 0 -1
    outer loop
      vertex -3.822835683822632 -0.11480522155761719 3.5
      vertex -3.3771636486053467 -0.11480522155761719 3.5
      vertex -3.312131643295288 -0.21213245391845703 3.5
    endloop
  endfacet
  facet normal 0 0 -1
    outer loop
      vertex -3.8878676891326904 -0.21213245391845703 3.5
      vertex -3.312131643295288 -0.21213245391845703 3.5
      vertex -3.2148044109344482 -0.2771644592285156 3.5
    endloop
  endfacet
  facet normal 0 0 -1
    outer loop
      vertex -3.3771636486053467 -0.11480522155761719 3.5
      vertex -3.822835683822632 -0.11480522155761719 3.5
      vertex -3.799999952316284 0 3.5
    endloop
  endfacet
  facet normal 0 0 -1
    outer loop
      vertex -3.312131643295288 -0.21213245391845703 3.5
      vertex -3.8878676891326904 -0.21213245391845703 3.5
      vertex -3.822835683822632 -0.11480522155761719 3.5
    endloop
  endfacet
  facet normal 0 0 -1
    outer loop
      vertex -3.9851949214935303 -0.2771644592285156 3.5
      vertex -3.2148044109344482 -0.2771644592285156 3.5
      vertex -3.099999189376831 -0.3000001907348633 3.5
    endloop
  endfacet
  facet normal 0 0 -1
    outer loop
      vertex -4.09999942779541 -0.3000001907348633 3.5
      vertex -3.099999189376831 -0.3000001907348633 3.5
      vertex -1.5690219402313232 -0.5 3.5
    endloop
  endfacet
  facet normal 0 0 -1
    outer loop
      vertex -3.2148044109344482 -0.2771644592285156 3.5
      vertex -3.9851949214935303 -0.2771644592285156 3.5
      vertex -3.8878676891326904 -0.21213245391845703 3.5
    endloop
  endfacet
  facet normal 0 0 -1
    outer loop
      vertex -3.099999189376831 -0.3000001907348633 3.5
      vertex -4.09999942779541 -0.3000001907348633 3.5
      vertex -3.9851949214935303 -0.2771644592285156 3.5
    endloop
  endfacet
  facet normal 0 0 -1
    outer loop
      vertex -4.377163887023926 -0.11480522155761719 3.5
      vertex -18.56040382385254 -0.5 3.5
      vertex -4.399999618530273 0 3.5
    endloop
  endfacet
  facet normal 0 0 -1
    outer loop
      vertex -4.312131881713867 -0.21213245391845703 3.5
      vertex -18.56040382385254 -0.5 3.5
      vertex -4.377163887023926 -0.11480522155761719 3.5
    endloop
  endfacet
  facet normal 0 0 -1
    outer loop
      vertex -4.214804649353027 -0.2771644592285156 3.5
      vertex -18.56040382385254 -0.5 3.5
      vertex -4.312131881713867 -0.21213245391845703 3.5
    endloop
  endfacet
  facet normal 0 0 -1
    outer loop
      vertex -4.09999942779541 -0.3000001907348633 3.5
      vertex -18.56040382385254 -0.5 3.5
      vertex -4.214804649353027 -0.2771644592285156 3.5
    endloop
  endfacet
  facet normal 0 0 -1
    outer loop
      vertex -18.56040382385254 -0.5 3.5
      vertex -4.09999942779541 -0.3000001907348633 3.5
      vertex -1.5690219402313232 -0.5 3.5
    endloop
  endfacet
  facet normal 0 0 -1
    outer loop
      vertex -2.822835683822632 0.11480426788330078 3.5
      vertex -1.5690219402313232 0.5 3.5
      vertex -2.799999952316284 0 3.5
    endloop
  endfacet
  facet normal 0 0 -1
    outer loop
      vertex -2.8878676891326904 0.21213150024414062 3.5
      vertex -1.5690219402313232 0.5 3.5
      vertex -2.822835683822632 0.11480426788330078 3.5
    endloop
  endfacet
  facet normal 0 0 -1
    outer loop
      vertex -2.9851949214935303 0.2771635055541992 3.5
      vertex -1.5690219402313232 0.5 3.5
      vertex -2.8878676891326904 0.21213150024414062 3.5
    endloop
  endfacet
  facet normal 0 0 -1
    outer loop
      vertex -3.099999189376831 0.2999992370605469 3.5
      vertex -1.5690219402313232 0.5 3.5
      vertex -2.9851949214935303 0.2771635055541992 3.5
    endloop
  endfacet
  facet normal 0 0 -1
    outer loop
      vertex -3.799999952316284 0 3.5
      vertex -3.3771636486053467 0.11480426788330078 3.5
      vertex -3.3999993801116943 0 3.5
    endloop
  endfacet
  facet normal 0 0 -1
    outer loop
      vertex -3.822835683822632 0.11480426788330078 3.5
      vertex -3.3771636486053467 0.11480426788330078 3.5
      vertex -3.799999952316284 0 3.5
    endloop
  endfacet
  facet normal 0 0 -1
    outer loop
      vertex -3.3771636486053467 0.11480426788330078 3.5
      vertex -3.822835683822632 0.11480426788330078 3.5
      vertex -3.312131643295288 0.21213150024414062 3.5
    endloop
  endfacet
  facet normal 0 0 -1
    outer loop
      vertex -3.8878676891326904 0.21213150024414062 3.5
      vertex -3.312131643295288 0.21213150024414062 3.5
      vertex -3.822835683822632 0.11480426788330078 3.5
    endloop
  endfacet
  facet normal 0 0 -1
    outer loop
      vertex -3.312131643295288 0.21213150024414062 3.5
      vertex -3.8878676891326904 0.21213150024414062 3.5
      vertex -3.2148044109344482 0.2771635055541992 3.5
    endloop
  endfacet
  facet normal 0 0 -1
    outer loop
      vertex -3.9851949214935303 0.2771635055541992 3.5
      vertex -3.2148044109344482 0.2771635055541992 3.5
      vertex -3.8878676891326904 0.21213150024414062 3.5
    endloop
  endfacet
  facet normal 0 0 -1
    outer loop
      vertex -3.2148044109344482 0.2771635055541992 3.5
      vertex -3.9851949214935303 0.2771635055541992 3.5
      vertex -3.099999189376831 0.2999992370605469 3.5
    endloop
  endfacet
  facet normal 0 0 -1
    outer loop
      vertex -4.09999942779541 0.2999992370605469 3.5
      vertex -3.099999189376831 0.2999992370605469 3.5
      vertex -3.9851949214935303 0.2771635055541992 3.5
    endloop
  endfacet
  facet normal 0 0 -1
    outer loop
      vertex -3.099999189376831 0.2999992370605469 3.5
      vertex -4.09999942779541 0.2999992370605469 3.5
      vertex -1.5690219402313232 0.5 3.5
    endloop
  endfacet
  facet normal 0 0 -1
    outer loop
      vertex -18.56040382385254 0.5 3.5
      vertex -4.399999618530273 0 3.5
      vertex -18.56040382385254 -0.5 3.5
    endloop
  endfacet
  facet normal 0 0 -1
    outer loop
      vertex -4.399999618530273 0 3.5
      vertex -18.56040382385254 0.5 3.5
      vertex -4.377163887023926 0.11480426788330078 3.5
    endloop
  endfacet
  facet normal 0 0 -1
    outer loop
      vertex -4.377163887023926 0.11480426788330078 3.5
      vertex -18.56040382385254 0.5 3.5
      vertex -4.312131881713867 0.21213150024414062 3.5
    endloop
  endfacet
  facet normal 0 0 -1
    outer loop
      vertex -4.312131881713867 0.21213150024414062 3.5
      vertex -18.56040382385254 0.5 3.5
      vertex -4.214804649353027 0.2771635055541992 3.5
    endloop
  endfacet
  facet normal 0 0 -1
    outer loop
      vertex -4.214804649353027 0.2771635055541992 3.5
      vertex -18.56040382385254 0.5 3.5
      vertex -4.09999942779541 0.2999992370605469 3.5
    endloop
  endfacet
  facet normal 0 0 -1
    outer loop
      vertex -4.09999942779541 0.2999992370605469 3.5
      vertex -18.56040382385254 0.5 3.5
      vertex -1.5690219402313232 0.5 3.5
    endloop
  endfacet
  facet normal 0.3090276626066861 0 -0.9510530499103864
    outer loop
      vertex -18.63203239440918 -0.5 3.4767255783081055
      vertex -18.56040382385254 0.5 3.5
      vertex -18.56040382385254 -0.5 3.5
    endloop
  endfacet
  facet normal 0.3090276626066861 0 -0.9510530499103864
    outer loop
      vertex -18.56040382385254 0.5 3.5
      vertex -18.63203239440918 -0.5 3.4767255783081055
      vertex -18.63203239440918 0.5 3.4767255783081055
    endloop
  endfacet
  facet normal 0.5877851092198476 0 -0.8090170983232752
    outer loop
      vertex -19.130401611328125 -0.5 3.1146392822265625
      vertex -18.63203239440918 0.5 3.4767255783081055
      vertex -18.63203239440918 -0.5 3.4767255783081055
    endloop
  endfacet
  facet normal 0.5877851092198476 0 -0.8090170983232752
    outer loop
      vertex -18.63203239440918 0.5 3.4767255783081055
      vertex -19.130401611328125 -0.5 3.1146392822265625
      vertex -19.130401611328125 0.5 3.1146392822265625
    endloop
  endfacet
  facet normal 0.852641077779252 0 -0.5224970741386362
    outer loop
      vertex -19.130401611328125 -0.5 3.1146392822265625
      vertex -19.17841148376465 0.5 3.0362939834594727
      vertex -19.130401611328125 0.5 3.1146392822265625
    endloop
  endfacet
  facet normal 0.852641077779252 0 -0.5224970741386362
    outer loop
      vertex -19.17841148376465 0.5 3.0362939834594727
      vertex -19.130401611328125 -0.5 3.1146392822265625
      vertex -19.17841148376465 -0.5 3.0362939834594727
    endloop
  endfacet
  facet normal 0.9876863486175181 0 -0.15644704137373203
    outer loop
      vertex -19.17841148376465 -0.5 3.0362939834594727
      vertex -19.198463439941406 0.5 2.909701347351074
      vertex -19.17841148376465 0.5 3.0362939834594727
    endloop
  endfacet
  facet normal 0.9876863486175181 0 -0.15644704137373203
    outer loop
      vertex -19.198463439941406 0.5 2.909701347351074
      vertex -19.17841148376465 -0.5 3.0362939834594727
      vertex -19.198463439941406 -0.5 2.909701347351074
    endloop
  endfacet
  facet normal 0.996922131057039 0 -0.07839811610422667
    outer loop
      vertex -19.198463439941406 -0.5 2.909701347351074
      vertex -19.19999885559082 0.5 2.890176773071289
      vertex -19.198463439941406 0.5 2.909701347351074
    endloop
  endfacet
  facet normal 0.996922131057039 0 -0.07839811610422667
    outer loop
      vertex -19.19999885559082 0.5 2.890176773071289
      vertex -19.198463439941406 -0.5 2.909701347351074
      vertex -19.19999885559082 -0.5 2.890176773071289
    endloop
  endfacet
  facet normal 1 0 0
    outer loop
      vertex -19.19999885559082 -0.5 2.890176773071289
      vertex -19.19999885559082 0.5 2.676180839538574
      vertex -19.19999885559082 0.5 2.890176773071289
    endloop
  endfacet
  facet normal 1 0 0
    outer loop
      vertex -19.19999885559082 0.5 2.676180839538574
      vertex -19.19999885559082 -0.5 2.890176773071289
      vertex -19.19999885559082 -0.5 2.676180839538574
    endloop
  endfacet
  facet normal 0.951054568903885 0 -0.3090229877647381
    outer loop
      vertex -19.19999885559082 -0.5 2.676180839538574
      vertex -19.247745513916016 0.5 2.5292348861694336
      vertex -19.19999885559082 0.5 2.676180839538574
    endloop
  endfacet
  facet normal 0.951054568903885 0 -0.3090229877647381
    outer loop
      vertex -19.247745513916016 0.5 2.5292348861694336
      vertex -19.19999885559082 -0.5 2.676180839538574
      vertex -19.247745513916016 -0.5 2.5292348861694336
    endloop
  endfacet
  facet normal 0.8090239140136964 0 -0.5877757281089097
    outer loop
      vertex -19.247745513916016 -0.5 2.5292348861694336
      vertex -19.261720657348633 0.5 2.5099992752075195
      vertex -19.247745513916016 0.5 2.5292348861694336
    endloop
  endfacet
  facet normal 0.8090239140136964 0 -0.5877757281089097
    outer loop
      vertex -19.261720657348633 0.5 2.5099992752075195
      vertex -19.247745513916016 -0.5 2.5292348861694336
      vertex -19.261720657348633 -0.5 2.5099992752075195
    endloop
  endfacet
  facet normal 0.4539894706244955 0 -0.8910070485479283
    outer loop
      vertex -19.46902084350586 0.49583709239959717 2.3999996185302734
      vertex -19.46902084350586 0.5 2.3999996185302734
      vertex -19.27275848388672 0.5 2.5
    endloop
  endfacet
  facet normal 0 0 -1
    outer loop
      vertex -20.32381820678711 0.49583709239959717 2.3999996185302734
      vertex -19.46902084350586 0.5 2.3999996185302734
      vertex -19.46902084350586 0.49583709239959717 2.3999996185302734
    endloop
  endfacet
  facet normal 0 0 -1
    outer loop
      vertex -19.46902084350586 0.5 2.3999996185302734
      vertex -20.32381820678711 0.49583709239959717 2.3999996185302734
      vertex -20.32381820678711 0.5 2.3999996185302734
    endloop
  endfacet
  facet normal -0.30901740486270285 0 -0.9510563829194988
    outer loop
      vertex -20.47076416015625 0.49782469868659973 2.4477453231811523
      vertex -20.32381820678711 0.5 2.3999996185302734
      vertex -20.32381820678711 0.49583709239959717 2.3999996185302734
    endloop
  endfacet
  facet normal -0.3090174048627029 0 -0.9510563829194989
    outer loop
      vertex -20.32381820678711 0.5 2.3999996185302734
      vertex -20.47076416015625 0.49782469868659973 2.4477453231811523
      vertex -20.47076416015625 0.5 2.4477453231811523
    endloop
  endfacet
  facet normal 0 -1 0
    outer loop
      vertex -19.852252960205078 -0.5 6.370763778686523
      vertex -19.630977630615234 -0.5 6.5
      vertex -19.83323097229004 -0.5 6.396945953369141
    endloop
  endfacet
  facet normal 0 -1 0
    outer loop
      vertex -1.7999999523162842 -0.5 7.1098222732543945
      vertex -1.736728310585022 -0.5 7.199999809265137
      vertex -1.7999999523162842 -0.5 7.368724346160889
    endloop
  endfacet
  facet normal 0 -1 0
    outer loop
      vertex -1.8015363216400146 -0.5 7.090297698974609
      vertex -1.736728310585022 -0.5 7.199999809265137
      vertex -1.7999999523162842 -0.5 7.1098222732543945
    endloop
  endfacet
  facet normal 0 -1 0
    outer loop
      vertex -1.8215863704681396 -0.5 6.963705062866211
      vertex -1.736728310585022 -0.5 7.199999809265137
      vertex -1.8015363216400146 -0.5 7.090297698974609
    endloop
  endfacet
  facet normal 0 -1 0
    outer loop
      vertex -1.736728310585022 -0.5 7.199999809265137
      vertex -1.8215863704681396 -0.5 6.963705062866211
      vertex -0.800000011920929 -0.5 6.776181221008301
    endloop
  endfacet
  facet normal 0 -1 0
    outer loop
      vertex -1.0578992366790771 -0.5 6.339984893798828
      vertex -1.8215863704681396 -0.5 6.963705062866211
      vertex -1.869596242904663 -0.5 6.885359764099121
    endloop
  endfacet
  facet normal 0 -1 0
    outer loop
      vertex -1.736728310585022 -0.5 7.199999809265137
      vertex -0.800000011920929 -0.5 6.776181221008301
      vertex -0.800000011920929 -0.5 7.199999809265137
    endloop
  endfacet
  facet normal 0 -1 0
    outer loop
      vertex -1.8215863704681396 -0.5 6.963705062866211
      vertex -0.8477466702461243 -0.5 6.62923526763916
      vertex -0.800000011920929 -0.5 6.776181221008301
    endloop
  endfacet
  facet normal 0 -1 0
    outer loop
      vertex -1.261045217514038 -0.5 6.041267395019531
      vertex -1.869596242904663 -0.5 6.885359764099121
      vertex -2.3679654598236084 -0.5 6.523273468017578
    endloop
  endfacet
  facet normal 0 -1 0
    outer loop
      vertex -1.2999999523162842 -0.5 5.910928726196289
      vertex -2.3679654598236084 -0.5 6.523273468017578
      vertex -2.439595937728882 -0.5 6.5
    endloop
  endfacet
  facet normal 0 -1 0
    outer loop
      vertex -19.630977630615234 -0.5 6.5
      vertex -19.852252960205078 -0.5 6.370763778686523
      vertex -19.899999618530273 -0.5 6.223817825317383
    endloop
  endfacet
  facet normal 0 -1 0
    outer loop
      vertex -1.8215863704681396 -0.5 6.963705062866211
      vertex -1.0578992366790771 -0.5 6.339984893798828
      vertex -0.8477466702461243 -0.5 6.62923526763916
    endloop
  endfacet
  facet normal 0 -1 0
    outer loop
      vertex -19.630977630615234 -0.5 6.5
      vertex -18.56040382385254 -0.5 3.5
      vertex -2.439595937728882 -0.5 6.5
    endloop
  endfacet
  facet normal 0 -1 0
    outer loop
      vertex -19.630977630615234 -0.5 6.5
      vertex -19.899999618530273 -0.5 6.223817825317383
      vertex -18.56040382385254 -0.5 3.5
    endloop
  endfacet
  facet normal 0 -1 0
    outer loop
      vertex -1.869596242904663 -0.5 6.885359764099121
      vertex -1.261045217514038 -0.5 6.041267395019531
      vertex -1.0578992366790771 -0.5 6.339984893798828
    endloop
  endfacet
  facet normal 0 -1 0
    outer loop
      vertex -1.0578992366790771 -0.5 6.339984893798828
      vertex -1.261045217514038 -0.5 6.041267395019531
      vertex -1.1254775524139404 -0.5 6.1768341064453125
    endloop
  endfacet
  facet normal 0 -1 0
    outer loop
      vertex -2.3679654598236084 -0.5 6.523273468017578
      vertex -1.296116590499878 -0.5 5.965191841125488
      vertex -1.261045217514038 -0.5 6.041267395019531
    endloop
  endfacet
  facet normal 0 -1 0
    outer loop
      vertex -1.5690219402313232 -0.5 3.5
      vertex -2.439595937728882 -0.5 6.5
      vertex -18.56040382385254 -0.5 3.5
    endloop
  endfacet
  facet normal 0 -1 0
    outer loop
      vertex -2.3679654598236084 -0.5 6.523273468017578
      vertex -1.2996156215667725 -0.5 5.920732498168945
      vertex -1.296116590499878 -0.5 5.965191841125488
    endloop
  endfacet
  facet normal 0 -1 0
    outer loop
      vertex -18.56040382385254 -0.5 3.5
      vertex -19.899999618530273 -0.5 6.223817825317383
      vertex -19.899999618530273 -0.5 4.1098222732543945
    endloop
  endfacet
  facet normal 0 -1 0
    outer loop
      vertex -18.63203239440918 -0.5 3.4767255783081055
      vertex -19.899999618530273 -0.5 4.1098222732543945
      vertex -19.901535034179688 -0.5 4.090297698974609
    endloop
  endfacet
  facet normal 0 -1 0
    outer loop
      vertex -18.63203239440918 -0.5 3.4767255783081055
      vertex -19.901535034179688 -0.5 4.090297698974609
      vertex -19.921586990356445 -0.5 3.963705062866211
    endloop
  endfacet
  facet normal 0 -1 0
    outer loop
      vertex -19.130401611328125 -0.5 3.1146392822265625
      vertex -19.921586990356445 -0.5 3.963705062866211
      vertex -19.96959686279297 -0.5 3.885359764099121
    endloop
  endfacet
  facet normal 0 -1 0
    outer loop
      vertex -2.3679654598236084 -0.5 6.523273468017578
      vertex -1.2999999523162842 -0.5 5.910928726196289
      vertex -1.2996156215667725 -0.5 5.920732498168945
    endloop
  endfacet
  facet normal 0 -1 0
    outer loop
      vertex -1.2999999523162842 -0.5 3.776181221008301
      vertex -2.439595937728882 -0.5 6.5
      vertex -1.5690219402313232 -0.5 3.5
    endloop
  endfacet
  facet normal 0 -1 0
    outer loop
      vertex -2.439595937728882 -0.5 6.5
      vertex -1.2999999523162842 -0.5 3.776181221008301
      vertex -1.2999999523162842 -0.5 5.910928726196289
    endloop
  endfacet
  facet normal 0 -1 0
    outer loop
      vertex -19.17841148376465 -0.5 3.0362939834594727
      vertex -19.96959686279297 -0.5 3.885359764099121
      vertex -20.37976837158203 -0.5 3.5873517990112305
    endloop
  endfacet
  facet normal 0 -1 0
    outer loop
      vertex -19.198463439941406 -0.5 2.909701347351074
      vertex -20.37976837158203 -0.5 3.5873517990112305
      vertex -20.435075759887695 -0.5 3.5320444107055664
    endloop
  endfacet
  facet normal 0 -1 0
    outer loop
      vertex -1.2999999523162842 -0.5 3.776181221008301
      vertex -1.5690219402313232 -0.5 3.5
      vertex -1.347745656967163 -0.5 3.62923526763916
    endloop
  endfacet
  facet normal 0 -1 0
    outer loop
      vertex -1.347745656967163 -0.5 3.62923526763916
      vertex -1.5690219402313232 -0.5 3.5
      vertex -1.3667676448822021 -0.5 3.603053092956543
    endloop
  endfacet
  facet normal 0 -1 0
    outer loop
      vertex -20.599998474121094 -0.5 0.5
      vertex -20.51897430419922 -0.5 2.5099992752075195
      vertex -20.599998474121094 -0.5 2.5099992752075195
    endloop
  endfacet
  facet normal 0 -1 0
    outer loop
      vertex -20.51897430419922 -0.5 2.5099992752075195
      vertex -20.599998474121094 -0.5 0.5
      vertex -19.261720657348633 -0.5 2.5099992752075195
    endloop
  endfacet
  facet normal 0 -1 0
    outer loop
      vertex -19.19999885559082 -0.5 0.5
      vertex -19.261720657348633 -0.5 2.5099992752075195
      vertex -20.599998474121094 -0.5 0.5
    endloop
  endfacet
  facet normal 0 -1 0
    outer loop
      vertex -19.261720657348633 -0.5 2.5099992752075195
      vertex -19.19999885559082 -0.5 0.5
      vertex -19.19999885559082 -0.5 2.5099992752075195
    endloop
  endfacet
  facet normal 0 -1 0
    outer loop
      vertex -19.899999618530273 -0.5 4.1098222732543945
      vertex -18.63203239440918 -0.5 3.4767255783081055
      vertex -18.56040382385254 -0.5 3.5
    endloop
  endfacet
  facet normal 0 -1 0
    outer loop
      vertex -20.599998474121094 -0.5 3.223817825317383
      vertex -20.435075759887695 -0.5 3.5320444107055664
      vertex -20.55225372314453 -0.5 3.3707637786865234
    endloop
  endfacet
  facet normal 0 -1 0
    outer loop
      vertex -20.435075759887695 -0.5 3.5320444107055664
      vertex -20.599998474121094 -0.5 3.223817825317383
      vertex -19.198463439941406 -0.5 2.909701347351074
    endloop
  endfacet
  facet normal 0 -1 0
    outer loop
      vertex -19.921586990356445 -0.5 3.963705062866211
      vertex -19.130401611328125 -0.5 3.1146392822265625
      vertex -18.63203239440918 -0.5 3.4767255783081055
    endloop
  endfacet
  facet normal 0 -1 0
    outer loop
      vertex -19.96959686279297 -0.5 3.885359764099121
      vertex -19.17841148376465 -0.5 3.0362939834594727
      vertex -19.130401611328125 -0.5 3.1146392822265625
    endloop
  endfacet
  facet normal 0 -1 0
    outer loop
      vertex -20.37976837158203 -0.5 3.5873517990112305
      vertex -19.198463439941406 -0.5 2.909701347351074
      vertex -19.17841148376465 -0.5 3.0362939834594727
    endloop
  endfacet
  facet normal 0 -1 0
    outer loop
      vertex -20.599998474121094 -0.5 3.223817825317383
      vertex -19.19999885559082 -0.5 2.890176773071289
      vertex -19.198463439941406 -0.5 2.909701347351074
    endloop
  endfacet
  facet normal 0 -1 0
    outer loop
      vertex -20.599998474121094 -0.5 2.6690216064453125
      vertex -19.19999885559082 -0.5 2.890176773071289
      vertex -20.599998474121094 -0.5 3.223817825317383
    endloop
  endfacet
  facet normal 0 -1 0
    outer loop
      vertex -20.51897430419922 -0.5 2.5099992752075195
      vertex -19.19999885559082 -0.5 2.890176773071289
      vertex -20.599998474121094 -0.5 2.6690216064453125
    endloop
  endfacet
  facet normal 0 -1 0
    outer loop
      vertex -19.261720657348633 -0.5 2.5099992752075195
      vertex -19.19999885559082 -0.5 2.890176773071289
      vertex -20.51897430419922 -0.5 2.5099992752075195
    endloop
  endfacet
  facet normal 0 -1 0
    outer loop
      vertex -19.19999885559082 -0.5 2.890176773071289
      vertex -19.261720657348633 -0.5 2.5099992752075195
      vertex -19.19999885559082 -0.5 2.676180839538574
    endloop
  endfacet
  facet normal 0 -1 0
    outer loop
      vertex -19.19999885559082 -0.5 2.676180839538574
      vertex -19.261720657348633 -0.5 2.5099992752075195
      vertex -19.247745513916016 -0.5 2.5292348861694336
    endloop
  endfacet
  facet normal 0 -1 0
    outer loop
      vertex -1.7999999523162842 -0.5 11.273818016052246
      vertex -1.7999999523162842 -0.5 11.25999927520752
      vertex -1.7924697399139404 -0.5 11.296993255615234
    endloop
  endfacet
  facet normal 0 -1 0
    outer loop
      vertex -0.800000011920929 -0.5 11.280977249145508
      vertex -0.8125252723693848 -0.5 11.305559158325195
      vertex -0.800000011920929 -0.5 11.25999927520752
    endloop
  endfacet
  facet normal 0 -1 0
    outer loop
      vertex -1.7999999523162842 -0.5 11.25
      vertex -1.7999999523162842 -0.5 8
      vertex -1.4425567388534546 -0.5 11.011253356933594
    endloop
  endfacet
  facet normal 0 -1 0
    outer loop
      vertex -0.800000011920929 -0.5 8
      vertex -1.4425567388534546 -0.5 11.011253356933594
      vertex -1.7999999523162842 -0.5 8
    endloop
  endfacet
  facet normal 0 -1 0
    outer loop
      vertex -1.4425567388534546 -0.5 11.011253356933594
      vertex -0.800000011920929 -0.5 8
      vertex -1.1198086738586426 -0.5 11.116120338439941
    endloop
  endfacet
  facet normal 0 -1 0
    outer loop
      vertex -1.1198086738586426 -0.5 11.116120338439941
      vertex -0.800000011920929 -0.5 8
      vertex -0.9267808794975281 -0.5 11.178839683532715
    endloop
  endfacet
  facet normal 0 -1 0
    outer loop
      vertex -0.9267808794975281 -0.5 11.178839683532715
      vertex -0.800000011920929 -0.5 8
      vertex -0.800000011920929 -0.5 11.25
    endloop
  endfacet
  facet normal 0 1 0
    outer loop
      vertex -20.599998474121094 0.5 2.6690216064453125
      vertex -20.32381820678711 0.5 2.3999996185302734
      vertex -20.51897430419922 0.5 2.5099992752075195
    endloop
  endfacet
  facet normal 0 1 0
    outer loop
      vertex -20.51897430419922 0.5 2.5099992752075195
      vertex -20.47076416015625 0.5 2.4477453231811523
      vertex -20.513879776000977 0.5 2.5
    endloop
  endfacet
  facet normal 0 1 0
    outer loop
      vertex -20.47076416015625 0.5 2.4477453231811523
      vertex -20.51897430419922 0.5 2.5099992752075195
      vertex -20.32381820678711 0.5 2.3999996185302734
    endloop
  endfacet
  facet normal 0 1 0
    outer loop
      vertex -20.513879776000977 0.5 2.5
      vertex -20.47076416015625 0.5 2.4477453231811523
      vertex -20.496946334838867 0.5 2.4667673110961914
    endloop
  endfacet
  facet normal 0 1 0
    outer loop
      vertex -19.19999885559082 0.5 2.5
      vertex -19.261720657348633 0.5 2.5099992752075195
      vertex -19.19999885559082 0.5 2.5099992752075195
    endloop
  endfacet
  facet normal 0 1 0
    outer loop
      vertex -19.46902084350586 0.5 2.3999996185302734
      vertex -19.261720657348633 0.5 2.5099992752075195
      vertex -19.27275848388672 0.5 2.5
    endloop
  endfacet
  facet normal 0 1 0
    outer loop
      vertex -19.261720657348633 0.5 2.5099992752075195
      vertex -19.19999885559082 0.5 2.5
      vertex -19.27275848388672 0.5 2.5
    endloop
  endfacet
  facet normal 0 1 0
    outer loop
      vertex -20.599998474121094 0.5 3.223817825317383
      vertex -20.32381820678711 0.5 2.3999996185302734
      vertex -20.599998474121094 0.5 2.6690216064453125
    endloop
  endfacet
  facet normal 0 1 0
    outer loop
      vertex -20.599998474121094 0.5 2.5
      vertex -20.51897430419922 0.5 2.5099992752075195
      vertex -20.513879776000977 0.5 2.5
    endloop
  endfacet
  facet normal 0 1 0
    outer loop
      vertex -20.51897430419922 0.5 2.5099992752075195
      vertex -20.599998474121094 0.5 2.5
      vertex -20.599998474121094 0.5 2.5099992752075195
    endloop
  endfacet
  facet normal 0 1 0
    outer loop
      vertex -0.800000011920929 0.5 6.776181221008301
      vertex -1.736728310585022 0.5 7.199999809265137
      vertex -0.800000011920929 0.5 7.199999809265137
    endloop
  endfacet
  facet normal 0 1 0
    outer loop
      vertex -1.736728310585022 0.5 7.199999809265137
      vertex -1.8015363216400146 0.5 7.090297698974609
      vertex -1.7999999523162842 0.5 7.1098222732543945
    endloop
  endfacet
  facet normal 0 1 0
    outer loop
      vertex -1.8215863704681396 0.5 6.963705062866211
      vertex -1.736728310585022 0.5 7.199999809265137
      vertex -0.800000011920929 0.5 6.776181221008301
    endloop
  endfacet
  facet normal 0 1 0
    outer loop
      vertex -1.736728310585022 0.5 7.199999809265137
      vertex -1.8215863704681396 0.5 6.963705062866211
      vertex -1.8015363216400146 0.5 7.090297698974609
    endloop
  endfacet
  facet normal 0 1 0
    outer loop
      vertex -0.8477466702461243 0.5 6.62923526763916
      vertex -1.8215863704681396 0.5 6.963705062866211
      vertex -0.800000011920929 0.5 6.776181221008301
    endloop
  endfacet
  facet normal 0 1 0
    outer loop
      vertex -1.0578992366790771 0.5 6.339984893798828
      vertex -1.8215863704681396 0.5 6.963705062866211
      vertex -0.8477466702461243 0.5 6.62923526763916
    endloop
  endfacet
  facet normal 0 1 0
    outer loop
      vertex -1.8215863704681396 0.5 6.963705062866211
      vertex -1.0578992366790771 0.5 6.339984893798828
      vertex -1.869596242904663 0.5 6.885359764099121
    endloop
  endfacet
  facet normal 0 1 0
    outer loop
      vertex -1.261045217514038 0.5 6.041267395019531
      vertex -1.869596242904663 0.5 6.885359764099121
      vertex -1.0578992366790771 0.5 6.339984893798828
    endloop
  endfacet
  facet normal 0 1 0
    outer loop
      vertex -18.56040382385254 0.5 3.5
      vertex -19.630977630615234 0.5 6.5
      vertex -2.439595937728882 0.5 6.5
    endloop
  endfacet
  facet normal 0 1 0
    outer loop
      vertex -19.899999618530273 0.5 6.223817825317383
      vertex -19.630977630615234 0.5 6.5
      vertex -18.56040382385254 0.5 3.5
    endloop
  endfacet
  facet normal 0 1 0
    outer loop
      vertex -1.869596242904663 0.5 6.885359764099121
      vertex -1.261045217514038 0.5 6.041267395019531
      vertex -2.3679654598236084 0.5 6.523273468017578
    endloop
  endfacet
  facet normal 0 1 0
    outer loop
      vertex -1.296116590499878 0.5 5.965191841125488
      vertex -2.3679654598236084 0.5 6.523273468017578
      vertex -1.261045217514038 0.5 6.041267395019531
    endloop
  endfacet
  facet normal 0 1 0
    outer loop
      vertex -1.2996156215667725 0.5 5.920732498168945
      vertex -2.3679654598236084 0.5 6.523273468017578
      vertex -1.296116590499878 0.5 5.965191841125488
    endloop
  endfacet
  facet normal 0 1 0
    outer loop
      vertex -1.261045217514038 0.5 6.041267395019531
      vertex -1.0578992366790771 0.5 6.339984893798828
      vertex -1.1254775524139404 0.5 6.1768341064453125
    endloop
  endfacet
  facet normal 0 1 0
    outer loop
      vertex -1.2999999523162842 0.5 5.910928726196289
      vertex -2.3679654598236084 0.5 6.523273468017578
      vertex -1.2996156215667725 0.5 5.920732498168945
    endloop
  endfacet
  facet normal 0 1 0
    outer loop
      vertex -19.852252960205078 0.5 6.370763778686523
      vertex -19.630977630615234 0.5 6.5
      vertex -19.899999618530273 0.5 6.223817825317383
    endloop
  endfacet
  facet normal 0 1 0
    outer loop
      vertex -2.3679654598236084 0.5 6.523273468017578
      vertex -1.2999999523162842 0.5 5.910928726196289
      vertex -2.439595937728882 0.5 6.5
    endloop
  endfacet
  facet normal 0 1 0
    outer loop
      vertex -1.2999999523162842 0.5 3.776181221008301
      vertex -2.439595937728882 0.5 6.5
      vertex -1.2999999523162842 0.5 5.910928726196289
    endloop
  endfacet
  facet normal 0 1 0
    outer loop
      vertex -19.630977630615234 0.5 6.5
      vertex -19.852252960205078 0.5 6.370763778686523
      vertex -19.83323097229004 0.5 6.396945953369141
    endloop
  endfacet
  facet normal 0 1 0
    outer loop
      vertex -19.899999618530273 0.5 6.223817825317383
      vertex -18.56040382385254 0.5 3.5
      vertex -19.899999618530273 0.5 4.1098222732543945
    endloop
  endfacet
  facet normal 0 1 0
    outer loop
      vertex -18.63203239440918 0.5 3.4767255783081055
      vertex -19.899999618530273 0.5 4.1098222732543945
      vertex -18.56040382385254 0.5 3.5
    endloop
  endfacet
  facet normal 0 1 0
    outer loop
      vertex -19.899999618530273 0.5 4.1098222732543945
      vertex -18.63203239440918 0.5 3.4767255783081055
      vertex -19.901535034179688 0.5 4.090297698974609
    endloop
  endfacet
  facet normal 0 1 0
    outer loop
      vertex -2.439595937728882 0.5 6.5
      vertex -1.2999999523162842 0.5 3.776181221008301
      vertex -1.5690219402313232 0.5 3.5
    endloop
  endfacet
  facet normal 0 1 0
    outer loop
      vertex -1.5690219402313232 0.5 3.5
      vertex -1.2999999523162842 0.5 3.776181221008301
      vertex -1.347745656967163 0.5 3.62923526763916
    endloop
  endfacet
  facet normal 0 1 0
    outer loop
      vertex -1.5690219402313232 0.5 3.5
      vertex -1.347745656967163 0.5 3.62923526763916
      vertex -1.3667676448822021 0.5 3.603053092956543
    endloop
  endfacet
  facet normal 0 1 0
    outer loop
      vertex -19.901535034179688 0.5 4.090297698974609
      vertex -18.63203239440918 0.5 3.4767255783081055
      vertex -19.921586990356445 0.5 3.963705062866211
    endloop
  endfacet
  facet normal 0 1 0
    outer loop
      vertex -19.130401611328125 0.5 3.1146392822265625
      vertex -19.921586990356445 0.5 3.963705062866211
      vertex -18.63203239440918 0.5 3.4767255783081055
    endloop
  endfacet
  facet normal 0 1 0
    outer loop
      vertex -2.439595937728882 0.5 6.5
      vertex -1.5690219402313232 0.5 3.5
      vertex -18.56040382385254 0.5 3.5
    endloop
  endfacet
  facet normal 0 1 0
    outer loop
      vertex -19.921586990356445 0.5 3.963705062866211
      vertex -19.130401611328125 0.5 3.1146392822265625
      vertex -19.96959686279297 0.5 3.885359764099121
    endloop
  endfacet
  facet normal 0 1 0
    outer loop
      vertex -19.17841148376465 0.5 3.0362939834594727
      vertex -19.96959686279297 0.5 3.885359764099121
      vertex -19.130401611328125 0.5 3.1146392822265625
    endloop
  endfacet
  facet normal 0 1 0
    outer loop
      vertex -19.96959686279297 0.5 3.885359764099121
      vertex -19.17841148376465 0.5 3.0362939834594727
      vertex -20.37976837158203 0.5 3.5873517990112305
    endloop
  endfacet
  facet normal 0 1 0
    outer loop
      vertex -19.198463439941406 0.5 2.909701347351074
      vertex -20.37976837158203 0.5 3.5873517990112305
      vertex -19.17841148376465 0.5 3.0362939834594727
    endloop
  endfacet
  facet normal 0 1 0
    outer loop
      vertex -20.37976837158203 0.5 3.5873517990112305
      vertex -19.198463439941406 0.5 2.909701347351074
      vertex -20.435075759887695 0.5 3.5320444107055664
    endloop
  endfacet
  facet normal 0 1 0
    outer loop
      vertex -20.599998474121094 0.5 3.223817825317383
      vertex -20.435075759887695 0.5 3.5320444107055664
      vertex -19.198463439941406 0.5 2.909701347351074
    endloop
  endfacet
  facet normal 0 1 0
    outer loop
      vertex -20.435075759887695 0.5 3.5320444107055664
      vertex -20.599998474121094 0.5 3.223817825317383
      vertex -20.55225372314453 0.5 3.3707637786865234
    endloop
  endfacet
  facet normal 0 1 0
    outer loop
      vertex -19.46902084350586 0.5 2.3999996185302734
      vertex -19.198463439941406 0.5 2.909701347351074
      vertex -19.19999885559082 0.5 2.890176773071289
    endloop
  endfacet
  facet normal 0 1 0
    outer loop
      vertex -19.46902084350586 0.5 2.3999996185302734
      vertex -19.19999885559082 0.5 2.676180839538574
      vertex -19.261720657348633 0.5 2.5099992752075195
    endloop
  endfacet
  facet normal 0 1 0
    outer loop
      vertex -20.32381820678711 0.5 2.3999996185302734
      vertex -19.198463439941406 0.5 2.909701347351074
      vertex -19.46902084350586 0.5 2.3999996185302734
    endloop
  endfacet
  facet normal 0 1 0
    outer loop
      vertex -19.261720657348633 0.5 2.5099992752075195
      vertex -19.19999885559082 0.5 2.676180839538574
      vertex -19.247745513916016 0.5 2.5292348861694336
    endloop
  endfacet
  facet normal 0 1 0
    outer loop
      vertex -19.19999885559082 0.5 2.676180839538574
      vertex -19.46902084350586 0.5 2.3999996185302734
      vertex -19.19999885559082 0.5 2.890176773071289
    endloop
  endfacet
  facet normal 0 1 0
    outer loop
      vertex -19.198463439941406 0.5 2.909701347351074
      vertex -20.32381820678711 0.5 2.3999996185302734
      vertex -20.599998474121094 0.5 3.223817825317383
    endloop
  endfacet
  facet normal 0 1 0
    outer loop
      vertex -1.7999999523162842 0.5 7.368724346160889
      vertex -1.736728310585022 0.5 7.199999809265137
      vertex -1.7999999523162842 0.5 7.1098222732543945
    endloop
  endfacet
  facet normal 0 1 0
    outer loop
      vertex -1.7999999523162842 0.5 11.25999927520752
      vertex -1.7999999523162842 0.5 11.273818016052246
      vertex -1.7924697399139404 0.5 11.296993255615234
    endloop
  endfacet
  facet normal 0 1 0
    outer loop
      vertex -0.8125252723693848 0.5 11.305559158325195
      vertex -0.800000011920929 0.5 11.280977249145508
      vertex -0.800000011920929 0.5 11.25999927520752
    endloop
  endfacet
  facet normal 0 1 0
    outer loop
      vertex -1.1198086738586426 0.5 11.116120338439941
      vertex -0.800000011920929 0.5 8
      vertex -1.4425567388534546 0.5 11.011253356933594
    endloop
  endfacet
  facet normal 0 1 0
    outer loop
      vertex -0.9267808794975281 0.5 11.178839683532715
      vertex -0.800000011920929 0.5 8
      vertex -1.1198086738586426 0.5 11.116120338439941
    endloop
  endfacet
  facet normal 0 1 0
    outer loop
      vertex -0.800000011920929 0.5 8
      vertex -0.9267808794975281 0.5 11.178839683532715
      vertex -0.800000011920929 0.5 11.25
    endloop
  endfacet
  facet normal 0 1 0
    outer loop
      vertex -1.7999999523162842 0.5 8
      vertex -1.4425567388534546 0.5 11.011253356933594
      vertex -0.800000011920929 0.5 8
    endloop
  endfacet
  facet normal 0 1 0
    outer loop
      vertex -1.4425567388534546 0.5 11.011253356933594
      vertex -1.7999999523162842 0.5 8
      vertex -1.7999999523162842 0.5 11.25
    endloop
  endfacet
  facet normal 0 0 1
    outer loop
      vertex -19.261720657348633 0.5 2.5099992752075195
      vertex -19.19999885559082 -0.5 2.5099992752075195
      vertex -19.19999885559082 0.5 2.5099992752075195
    endloop
  endfacet
  facet normal 0 0 1
    outer loop
      vertex -19.19999885559082 -0.5 2.5099992752075195
      vertex -19.261720657348633 0.5 2.5099992752075195
      vertex -19.261720657348633 -0.5 2.5099992752075195
    endloop
  endfacet
  facet normal 0 0 1
    outer loop
      vertex -20.599998474121094 0.5 2.5099992752075195
      vertex -20.51897430419922 -0.5 2.5099992752075195
      vertex -20.51897430419922 0.5 2.5099992752075195
    endloop
  endfacet
  facet normal 0 0 1
    outer loop
      vertex -20.51897430419922 -0.5 2.5099992752075195
      vertex -20.599998474121094 0.5 2.5099992752075195
      vertex -20.599998474121094 -0.5 2.5099992752075195
    endloop
  endfacet
  facet normal 0 -0.8090173397572186 -0.5877847769142659
    outer loop
      vertex -20.599998474121094 -0.1545085906982422 0.024471282958984375
      vertex -19.19999885559082 -0.5 0.5
      vertex -20.599998474121094 -0.5 0.5
    endloop
  endfacet
  facet normal 0 -0.8090173397572186 -0.5877847769142659
    outer loop
      vertex -19.19999885559082 -0.5 0.5
      vertex -20.599998474121094 -0.1545085906982422 0.024471282958984375
      vertex -19.19999885559082 -0.1545085906982422 0.024471282958984375
    endloop
  endfacet
  facet normal -1 0 0
    outer loop
      vertex -20.599998474121094 -0.5 0.5
      vertex -20.599998474121094 0.5 2.5
      vertex -20.599998474121094 0.4045076370239258 0.20610713958740234
    endloop
  endfacet
  facet normal -1 0 0
    outer loop
      vertex -20.599998474121094 -0.5 0.5
      vertex -20.599998474121094 0.4045076370239258 0.20610713958740234
      vertex -20.599998474121094 -0.1545085906982422 0.024471282958984375
    endloop
  endfacet
  facet normal -1 0 0
    outer loop
      vertex -20.599998474121094 -0.5 2.5099992752075195
      vertex -20.599998474121094 0.5 2.5
      vertex -20.599998474121094 -0.5 0.5
    endloop
  endfacet
  facet normal -1 0 0
    outer loop
      vertex -20.599998474121094 0.5 2.5
      vertex -20.599998474121094 -0.5 2.5099992752075195
      vertex -20.599998474121094 0.5 2.5099992752075195
    endloop
  endfacet
  facet normal 0 0.30901772336759414 -0.9510562794307753
    outer loop
      vertex -20.599998474121094 -0.1545085906982422 0.024471282958984375
      vertex -19.19999885559082 0.4045076370239258 0.20610713958740234
      vertex -19.19999885559082 -0.1545085906982422 0.024471282958984375
    endloop
  endfacet
  facet normal 0 0.30901772336759414 -0.9510562794307753
    outer loop
      vertex -19.19999885559082 0.4045076370239258 0.20610713958740234
      vertex -20.599998474121094 -0.1545085906982422 0.024471282958984375
      vertex -20.599998474121094 0.4045076370239258 0.20610713958740234
    endloop
  endfacet
  facet normal 1 0 0
    outer loop
      vertex -19.19999885559082 -0.5 2.5099992752075195
      vertex -19.19999885559082 0.5 2.5
      vertex -19.19999885559082 0.5 2.5099992752075195
    endloop
  endfacet
  facet normal 1 0 0
    outer loop
      vertex -19.19999885559082 0.5 2.5
      vertex -19.19999885559082 -0.5 0.5
      vertex -19.19999885559082 0.4045076370239258 0.20610713958740234
    endloop
  endfacet
  facet normal 1 0 0
    outer loop
      vertex -19.19999885559082 0.5 2.5
      vertex -19.19999885559082 -0.5 2.5099992752075195
      vertex -19.19999885559082 -0.5 0.5
    endloop
  endfacet
  facet normal 1 0 0
    outer loop
      vertex -19.19999885559082 0.4045076370239258 0.20610713958740234
      vertex -19.19999885559082 -0.5 0.5
      vertex -19.19999885559082 -0.1545085906982422 0.024471282958984375
    endloop
  endfacet
  facet normal 0 0.9991346411925242 -0.041592893252164996
    outer loop
      vertex -19.19999885559082 0.5 2.5
      vertex -19.46902084350586 0.49583709239959717 2.3999996185302734
      vertex -19.27275848388672 0.5 2.5
    endloop
  endfacet
  facet normal 0 0.9991346395456286 -0.04159293281348004
    outer loop
      vertex -19.46902084350586 0.49583709239959717 2.3999996185302734
      vertex -19.19999885559082 0.4045076370239258 0.20610713958740234
      vertex -20.32381820678711 0.49583709239959717 2.3999996185302734
    endloop
  endfacet
  facet normal 1.408895477562152e-8 0.9991346396174237 -0.041592931088836896
    outer loop
      vertex -19.19999885559082 0.4045076370239258 0.20610713958740234
      vertex -19.46902084350586 0.49583709239959717 2.3999996185302734
      vertex -19.19999885559082 0.5 2.5
    endloop
  endfacet
  facet normal 0 0.9991346252591307 -0.04159327599861009
    outer loop
      vertex -20.496946334838867 0.4986165463924408 2.4667673110961914
      vertex -20.599998474121094 0.5 2.5
      vertex -20.513879776000977 0.5 2.5
    endloop
  endfacet
  facet normal 7.417643944397147e-7 0.999134720844498 -0.041590979820591206
    outer loop
      vertex -20.47076416015625 0.49782469868659973 2.4477453231811523
      vertex -20.599998474121094 0.5 2.5
      vertex -20.496946334838867 0.4986165463924408 2.4667673110961914
    endloop
  endfacet
  facet normal 0 0.9991346395456286 -0.04159293281348004
    outer loop
      vertex -20.599998474121094 0.4045076370239258 0.20610713958740234
      vertex -20.32381820678711 0.49583709239959717 2.3999996185302734
      vertex -19.19999885559082 0.4045076370239258 0.20610713958740234
    endloop
  endfacet
  facet normal 1.5726348188479084e-8 0.9991346394633571 -0.04159293478978165
    outer loop
      vertex -20.32381820678711 0.49583709239959717 2.3999996185302734
      vertex -20.599998474121094 0.4045076370239258 0.20610713958740234
      vertex -20.47076416015625 0.49782469868659973 2.4477453231811523
    endloop
  endfacet
  facet normal -4.857976256456742e-8 0.9991346396174225 -0.04159293108883685
    outer loop
      vertex -20.47076416015625 0.49782469868659973 2.4477453231811523
      vertex -20.599998474121094 0.4045076370239258 0.20610713958740234
      vertex -20.599998474121094 0.5 2.5
    endloop
  endfacet
  facet normal 0.27998028229762856 -0.4231969662864562 -0.861693315078213
    outer loop
      vertex -0.800000011920929 0 10.974472045898438
      vertex -0.6932380795478821 0 11.009160995483398
      vertex -0.800000011920929 -0.2285703718662262 11.0867280960083
    endloop
  endfacet
  facet normal 0.27998426787724423 -0.4231974041291252 -0.8616918050437833
    outer loop
      vertex -1.1198086738586426 -0.5 11.116120338439941
      vertex -0.9267808794975281 -0.5 11.178839683532715
      vertex -0.9966190457344055 -0.6495189666748047 11.22957992553711
    endloop
  endfacet
  facet normal 0.8483090221646631 0.4753763750646985 0.2332147185414767
    outer loop
      vertex -0.6932380795478821 0 11.890838623046875
      vertex -0.8125252723693848 0.5 11.305559158325195
      vertex -0.9966190457344055 0.6495189666748047 11.670418739318848
    endloop
  endfacet
  facet normal 0.8483079955043739 0.47537759373007915 0.2332159688845322
    outer loop
      vertex -0.8125252723693848 0.5 11.305559158325195
      vertex -0.6932380795478821 0 11.890838623046875
      vertex -0.800000011920929 0.48970842361450195 11.280977249145508
    endloop
  endfacet
  facet normal 0.8483099907089967 0.4753739116997231 0.23321621671445936
    outer loop
      vertex -0.9966190457344055 0.6495189666748047 11.670418739318848
      vertex -0.8125252723693848 0.5 11.305559158325195
      vertex -0.800000011920929 0.5 11.25999927520752
    endloop
  endfacet
  facet normal 0.8483091705899549 0.4753761618008063 0.23321461335970364
    outer loop
      vertex -0.800000011920929 0.5 11.25999927520752
      vertex -0.800000011920929 0.48970842361450195 11.280977249145508
      vertex -0.6932380795478821 0 11.890838623046875
    endloop
  endfacet
  facet normal 0.27998426787724423 0.4231974041291252 -0.8616918050437833
    outer loop
      vertex -0.9966190457344055 0.6495189666748047 11.22957992553711
      vertex -0.9267808794975281 0.5 11.178839683532715
      vertex -1.1198086738586426 0.5 11.116120338439941
    endloop
  endfacet
  facet normal 0.27998028229762856 0.4231969662864562 -0.861693315078213
    outer loop
      vertex -0.800000011920929 0.2285703718662262 11.0867280960083
      vertex -0.6932380795478821 0 11.009160995483398
      vertex -0.800000011920929 0 10.974472045898438
    endloop
  endfacet
  facet normal 0.27998101743665754 -0.4231999389423594 -0.8616916162725021
    outer loop
      vertex -1.4158809185028076 -0.6495189666748047 11.093353271484375
      vertex -1.1198086738586426 -0.5 11.116120338439941
      vertex -0.9966190457344055 -0.6495189666748047 11.22957992553711
    endloop
  endfacet
  facet normal 0.2799803090008346 -0.42319838485287375 -0.861692609710514
    outer loop
      vertex -1.1198086738586426 -0.5 11.116120338439941
      vertex -1.4158809185028076 -0.6495189666748047 11.093353271484375
      vertex -1.4425567388534546 -0.5 11.011253356933594
    endloop
  endfacet
  facet normal -0.45661621590261575 -0.8254954306745249 -0.33175130038969897
    outer loop
      vertex -1.7999999523162842 -0.5 11.25
      vertex -1.4158809185028076 -0.6495189666748047 11.093353271484375
      vertex -1.6749999523162842 -0.6495189666748047 11.449999809265137
    endloop
  endfacet
  facet normal -0.7329992570928845 -0.42319737453864603 0.5325561672583246
    outer loop
      vertex -1.6749999523162842 -0.6495189666748047 11.449999809265137
      vertex -1.531761884689331 0 12.163291931152344
      vertex -2.049999952316284 0 11.449999809265137
    endloop
  endfacet
  facet normal -0.48550014238970507 -0.48574044297519986 -0.7268740150795273
    outer loop
      vertex -1.4425567388534546 -0.5 11.011253356933594
      vertex -1.4158809185028076 -0.6495189666748047 11.093353271484375
      vertex -1.7999999523162842 -0.5 11.25
    endloop
  endfacet
  facet normal -0.767208735037107 -0.6413975030219264 0
    outer loop
      vertex -1.7999999523162842 -0.5 11.25
      vertex -1.6749999523162842 -0.6495189666748047 11.449999809265137
      vertex -1.7999999523162842 -0.5 11.25999927520752
    endloop
  endfacet
  facet normal -0.8528748609733163 -0.4924082450528096 0.17360469960159072
    outer loop
      vertex -1.7999999523162842 -0.5 11.25999927520752
      vertex -1.6749999523162842 -0.6495189666748047 11.449999809265137
      vertex -1.7924697399139404 -0.5 11.296993255615234
    endloop
  endfacet
  facet normal -0.8528750176831237 -0.49240773611375016 0.1736053732674852
    outer loop
      vertex -2.049999952316284 0 11.449999809265137
      vertex -1.7999999523162842 -0.5 11.25999927520752
      vertex -1.7999999523162842 -0.49512800574302673 11.273818016052246
    endloop
  endfacet
  facet normal -0.8528753012401094 -0.4924075606701242 0.17360447784976826
    outer loop
      vertex -1.7924697399139404 -0.5 11.296993255615234
      vertex -2.049999952316284 0 11.449999809265137
      vertex -1.7999999523162842 -0.49512800574302673 11.273818016052246
    endloop
  endfacet
  facet normal -0.8528750396710766 -0.4924076990607457 0.17360537034251464
    outer loop
      vertex -2.049999952316284 0 11.449999809265137
      vertex -1.7924697399139404 -0.5 11.296993255615234
      vertex -1.6749999523162842 -0.6495189666748047 11.449999809265137
    endloop
  endfacet
  facet normal 0 -1 0
    outer loop
      vertex -1.6749999523162842 -0.6495189666748047 11.449999809265137
      vertex -0.9966190457344055 -0.6495189666748047 11.670418739318848
      vertex -1.4158809185028076 -0.6495189666748047 11.806645393371582
    endloop
  endfacet
  facet normal 0 -1 0
    outer loop
      vertex -1.6749999523162842 -0.6495189666748047 11.449999809265137
      vertex -0.9966190457344055 -0.6495189666748047 11.22957992553711
      vertex -0.9966190457344055 -0.6495189666748047 11.670418739318848
    endloop
  endfacet
  facet normal 0 -1 0
    outer loop
      vertex -0.9966190457344055 -0.6495189666748047 11.22957992553711
      vertex -1.6749999523162842 -0.6495189666748047 11.449999809265137
      vertex -1.4158809185028076 -0.6495189666748047 11.093353271484375
    endloop
  endfacet
  facet normal 0.27998127558106073 -0.4231980257586634 0.8616924720095748
    outer loop
      vertex -1.531761884689331 0 12.163291931152344
      vertex -0.9966190457344055 -0.6495189666748047 11.670418739318848
      vertex -0.6932380795478821 0 11.890838623046875
    endloop
  endfacet
  facet normal 0.2799812958656982 -0.4231980099399638 0.8616924731876325
    outer loop
      vertex -0.9966190457344055 -0.6495189666748047 11.670418739318848
      vertex -1.531761884689331 0 12.163291931152344
      vertex -1.4158809185028076 -0.6495189666748047 11.806645393371582
    endloop
  endfacet
  facet normal 0.9779547998947045 -0.20881668842051007 0
    outer loop
      vertex -0.800000011920929 -0.5 11.25999927520752
      vertex -0.6932380795478821 0 11.009160995483398
      vertex -0.6932380795478821 0 11.890838623046875
    endloop
  endfacet
  facet normal 0.9779547998947046 -0.20881668842051007 0
    outer loop
      vertex -0.6932380795478821 0 11.009160995483398
      vertex -0.800000011920929 -0.5 11.25999927520752
      vertex -0.800000011920929 -0.5 11.25
    endloop
  endfacet
  facet normal -0.48550014238970507 0.48574044297519986 -0.7268740150795273
    outer loop
      vertex -1.7999999523162842 0.5 11.25
      vertex -1.4158809185028076 0.6495189666748047 11.093353271484375
      vertex -1.4425567388534546 0.5 11.011253356933594
    endloop
  endfacet
  facet normal 0.4334448845145498 0.46451905535441634 -0.7722354429193271
    outer loop
      vertex -0.9966190457344055 0.6495189666748047 11.22957992553711
      vertex -0.800000011920929 0.5 11.25
      vertex -0.9267808794975281 0.5 11.178839683532715
    endloop
  endfacet
  facet normal 0.4334441420154317 0.4645195549829737 -0.7722355591339513
    outer loop
      vertex -0.800000011920929 0.5 11.25
      vertex -0.6932380795478821 0 11.009160995483398
      vertex -0.800000011920929 0.2285703718662262 11.0867280960083
    endloop
  endfacet
  facet normal -0.8944271909999159 -0.4472135954999579 0
    outer loop
      vertex -2.049999952316284 0 11.449999809265137
      vertex -1.7999999523162842 -0.5 11.25
      vertex -1.7999999523162842 -0.5 11.25999927520752
    endloop
  endfacet
  facet normal -0.7976536080510405 -0.1670151491206895 -0.5795296899446577
    outer loop
      vertex -2.049999952316284 0 11.449999809265137
      vertex -1.7999999523162842 0 11.105904579162598
      vertex -1.7999999523162842 -0.5 11.25
    endloop
  endfacet
  facet normal 0.4334441420154317 -0.4645195549829737 -0.7722355591339513
    outer loop
      vertex -0.800000011920929 -0.2285703718662262 11.0867280960083
      vertex -0.6932380795478821 0 11.009160995483398
      vertex -0.800000011920929 -0.5 11.25
    endloop
  endfacet
  facet normal 0.4334448845145498 -0.46451905535441634 -0.7722354429193271
    outer loop
      vertex -0.9267808794975281 -0.5 11.178839683532715
      vertex -0.800000011920929 -0.5 11.25
      vertex -0.9966190457344055 -0.6495189666748047 11.22957992553711
    endloop
  endfacet
  facet normal 0.605310351201518 -0.795989559434227 0
    outer loop
      vertex -0.9966190457344055 -0.6495189666748047 11.22957992553711
      vertex -0.800000011920929 -0.5 11.25999927520752
      vertex -0.9966190457344055 -0.6495189666748047 11.670418739318848
    endloop
  endfacet
  facet normal 0.6053103512015181 -0.795989559434227 0
    outer loop
      vertex -0.800000011920929 -0.5 11.25999927520752
      vertex -0.9966190457344055 -0.6495189666748047 11.22957992553711
      vertex -0.800000011920929 -0.5 11.25
    endloop
  endfacet
  facet normal -0.7329987365815587 -0.42319785596217024 0.5325565011140706
    outer loop
      vertex -1.6749999523162842 -0.6495189666748047 11.449999809265137
      vertex -1.4158809185028076 -0.6495189666748047 11.806645393371582
      vertex -1.531761884689331 0 12.163291931152344
    endloop
  endfacet
  facet normal 0.8483079955043739 -0.47537759373007915 0.2332159688845322
    outer loop
      vertex -0.6932380795478821 0 11.890838623046875
      vertex -0.8125252723693848 -0.5 11.305559158325195
      vertex -0.800000011920929 -0.48970842361450195 11.280977249145508
    endloop
  endfacet
  facet normal 0.8483099907089967 -0.4753739116997231 0.23321621671445936
    outer loop
      vertex -0.8125252723693848 -0.5 11.305559158325195
      vertex -0.9966190457344055 -0.6495189666748047 11.670418739318848
      vertex -0.800000011920929 -0.5 11.25999927520752
    endloop
  endfacet
  facet normal 0.8483090221646631 -0.4753763750646985 0.2332147185414767
    outer loop
      vertex -0.9966190457344055 -0.6495189666748047 11.670418739318848
      vertex -0.8125252723693848 -0.5 11.305559158325195
      vertex -0.6932380795478821 0 11.890838623046875
    endloop
  endfacet
  facet normal 0.8483091705899549 -0.4753761618008063 0.23321461335970364
    outer loop
      vertex -0.6932380795478821 0 11.890838623046875
      vertex -0.800000011920929 -0.48970842361450195 11.280977249145508
      vertex -0.800000011920929 -0.5 11.25999927520752
    endloop
  endfacet
  facet normal 0.27998101743665754 0.4231999389423594 -0.8616916162725021
    outer loop
      vertex -1.1198086738586426 0.5 11.116120338439941
      vertex -1.4158809185028076 0.6495189666748047 11.093353271484375
      vertex -0.9966190457344055 0.6495189666748047 11.22957992553711
    endloop
  endfacet
  facet normal 0.2799803090008346 0.42319838485287375 -0.861692609710514
    outer loop
      vertex -1.4158809185028076 0.6495189666748047 11.093353271484375
      vertex -1.1198086738586426 0.5 11.116120338439941
      vertex -1.4425567388534546 0.5 11.011253356933594
    endloop
  endfacet
  facet normal -0.8944271909999159 0.4472135954999579 0
    outer loop
      vertex -1.7999999523162842 0.5 11.25999927520752
      vertex -1.7999999523162842 0.5 11.25
      vertex -2.049999952316284 0 11.449999809265137
    endloop
  endfacet
  facet normal 0.2799812958656982 0.4231980099399638 0.8616924731876325
    outer loop
      vertex -1.531761884689331 0 12.163291931152344
      vertex -0.9966190457344055 0.6495189666748047 11.670418739318848
      vertex -1.4158809185028076 0.6495189666748047 11.806645393371582
    endloop
  endfacet
  facet normal 0.27998127558106073 0.4231980257586634 0.8616924720095748
    outer loop
      vertex -0.9966190457344055 0.6495189666748047 11.670418739318848
      vertex -1.531761884689331 0 12.163291931152344
      vertex -0.6932380795478821 0 11.890838623046875
    endloop
  endfacet
  facet normal -0.7976536080510405 0.1670151491206895 -0.5795296899446577
    outer loop
      vertex -1.7999999523162842 0.5 11.25
      vertex -1.7999999523162842 0 11.105904579162598
      vertex -2.049999952316284 0 11.449999809265137
    endloop
  endfacet
  facet normal 0 1 0
    outer loop
      vertex -0.9966190457344055 0.6495189666748047 11.670418739318848
      vertex -1.6749999523162842 0.6495189666748047 11.449999809265137
      vertex -1.4158809185028076 0.6495189666748047 11.806645393371582
    endloop
  endfacet
  facet normal 0 1 0
    outer loop
      vertex -0.9966190457344055 0.6495189666748047 11.22957992553711
      vertex -1.6749999523162842 0.6495189666748047 11.449999809265137
      vertex -0.9966190457344055 0.6495189666748047 11.670418739318848
    endloop
  endfacet
  facet normal 0 1 0
    outer loop
      vertex -1.6749999523162842 0.6495189666748047 11.449999809265137
      vertex -0.9966190457344055 0.6495189666748047 11.22957992553711
      vertex -1.4158809185028076 0.6495189666748047 11.093353271484375
    endloop
  endfacet
  facet normal 0.9779547998947045 0.20881668842051007 0
    outer loop
      vertex -0.6932380795478821 0 11.009160995483398
      vertex -0.800000011920929 0.5 11.25999927520752
      vertex -0.6932380795478821 0 11.890838623046875
    endloop
  endfacet
  facet normal 0.9779547998947046 0.20881668842051007 0
    outer loop
      vertex -0.800000011920929 0.5 11.25999927520752
      vertex -0.6932380795478821 0 11.009160995483398
      vertex -0.800000011920929 0.5 11.25
    endloop
  endfacet
  facet normal 0.6053103512015181 0.795989559434227 0
    outer loop
      vertex -0.9966190457344055 0.6495189666748047 11.22957992553711
      vertex -0.800000011920929 0.5 11.25999927520752
      vertex -0.800000011920929 0.5 11.25
    endloop
  endfacet
  facet normal 0.605310351201518 0.795989559434227 0
    outer loop
      vertex -0.800000011920929 0.5 11.25999927520752
      vertex -0.9966190457344055 0.6495189666748047 11.22957992553711
      vertex -0.9966190457344055 0.6495189666748047 11.670418739318848
    endloop
  endfacet
  facet normal -0.7329992570928845 0.42319737453864603 0.5325561672583246
    outer loop
      vertex -2.049999952316284 0 11.449999809265137
      vertex -1.531761884689331 0 12.163291931152344
      vertex -1.6749999523162842 0.6495189666748047 11.449999809265137
    endloop
  endfacet
  facet normal -0.7329987365815587 0.42319785596217024 0.5325565011140706
    outer loop
      vertex -1.531761884689331 0 12.163291931152344
      vertex -1.4158809185028076 0.6495189666748047 11.806645393371582
      vertex -1.6749999523162842 0.6495189666748047 11.449999809265137
    endloop
  endfacet
  facet normal -0.45661621590261575 0.8254954306745249 -0.33175130038969897
    outer loop
      vertex -1.6749999523162842 0.6495189666748047 11.449999809265137
      vertex -1.4158809185028076 0.6495189666748047 11.093353271484375
      vertex -1.7999999523162842 0.5 11.25
    endloop
  endfacet
  facet normal -0.8528750176831237 0.49240773611375016 0.1736053732674852
    outer loop
      vertex -1.7999999523162842 0.5 11.25999927520752
      vertex -2.049999952316284 0 11.449999809265137
      vertex -1.7999999523162842 0.49512800574302673 11.273818016052246
    endloop
  endfacet
  facet normal -0.8528748609733163 0.4924082450528096 0.17360469960159072
    outer loop
      vertex -1.7924697399139404 0.5 11.296993255615234
      vertex -1.6749999523162842 0.6495189666748047 11.449999809265137
      vertex -1.7999999523162842 0.5 11.25999927520752
    endloop
  endfacet
  facet normal -0.8528750396710766 0.4924076990607457 0.17360537034251464
    outer loop
      vertex -1.7924697399139404 0.5 11.296993255615234
      vertex -2.049999952316284 0 11.449999809265137
      vertex -1.6749999523162842 0.6495189666748047 11.449999809265137
    endloop
  endfacet
  facet normal -0.8528753012401094 0.4924075606701242 0.17360447784976826
    outer loop
      vertex -2.049999952316284 0 11.449999809265137
      vertex -1.7924697399139404 0.5 11.296993255615234
      vertex -1.7999999523162842 0.49512800574302673 11.273818016052246
    endloop
  endfacet
  facet normal -0.767208735037107 0.6413975030219264 0
    outer loop
      vertex -1.7999999523162842 0.5 11.25999927520752
      vertex -1.6749999523162842 0.6495189666748047 11.449999809265137
      vertex -1.7999999523162842 0.5 11.25
    endloop
  endfacet
  facet normal -0.7741737567930301 -0.5624697873321785 -0.29031488530810834
    outer loop
      vertex -1.736728310585022 -0.5 7.199999809265137
      vertex -1.5472133159637451 -0.7608451843261719 7.199999809265137
      vertex -1.7999999523162842 -0.5 7.368724346160889
    endloop
  endfacet
  facet normal -0.7741737868190155 -0.5624696455968249 -0.2903150798434142
    outer loop
      vertex -1.7999999523162842 -0.5 7.368724346160889
      vertex -2.099999189376831 0 7.199999809265137
      vertex -1.7999999523162842 -0.4129139184951782 7.199999809265137
    endloop
  endfacet
  facet normal -0.774173710407706 -0.5624696594517541 -0.29031525676373476
    outer loop
      vertex -2.099999189376831 0 7.199999809265137
      vertex -1.7999999523162842 -0.5 7.368724346160889
      vertex -2.3999993801116943 0 8
    endloop
  endfacet
  facet normal -0.7741737934660324 -0.5624693971564908 -0.29031554345716076
    outer loop
      vertex -2.3999993801116943 0 8
      vertex -1.7999999523162842 -0.5 7.368724346160889
      vertex -1.5472133159637451 -0.7608451843261719 7.199999809265137
    endloop
  endfacet
  facet normal -0.7741737567930301 0.5624697873321785 -0.29031488530810834
    outer loop
      vertex -1.7999999523162842 0.5 7.368724346160889
      vertex -1.5472133159637451 0.7608451843261719 7.199999809265137
      vertex -1.736728310585022 0.5 7.199999809265137
    endloop
  endfacet
  facet normal -0.7741737868190155 0.5624696455968249 -0.2903150798434142
    outer loop
      vertex -2.099999189376831 0 7.199999809265137
      vertex -1.7999999523162842 0.5 7.368724346160889
      vertex -1.7999999523162842 0.4129139184951782 7.199999809265137
    endloop
  endfacet
  facet normal -0.7741737934660324 0.5624693971564908 -0.29031554345716076
    outer loop
      vertex -1.7999999523162842 0.5 7.368724346160889
      vertex -2.3999993801116943 0 8
      vertex -1.5472133159637451 0.7608451843261719 7.199999809265137
    endloop
  endfacet
  facet normal -0.774173710407706 0.5624696594517541 -0.29031525676373476
    outer loop
      vertex -2.3999993801116943 0 8
      vertex -1.7999999523162842 0.5 7.368724346160889
      vertex -2.099999189376831 0 7.199999809265137
    endloop
  endfacet
  facet normal 0.29570824361896136 0.9100955416662551 -0.29031489747340716
    outer loop
      vertex -1.5472133159637451 0.7608451843261719 7.199999809265137
      vertex -0.410081684589386 0.6465635299682617 8
      vertex -0.6527870297431946 0.4702281951904297 7.199999809265137
    endloop
  endfacet
  facet normal -0.7741735597174073 -0.5624702816965239 -0.2903144530379276
    outer loop
      vertex -2.3999993801116943 0 8
      vertex -1.5472133159637451 -0.7608451843261719 7.199999809265137
      vertex -1.6399180889129639 -1.0461616516113281 8
    endloop
  endfacet
  facet normal 0 0 1
    outer loop
      vertex -0.410081684589386 0.6465635299682617 8
      vertex -0.800000011920929 0.5 8
      vertex -0.410081684589386 -0.6465635299682617 8
    endloop
  endfacet
  facet normal 0 0 1
    outer loop
      vertex -1.6399180889129639 1.0461616516113281 8
      vertex -0.800000011920929 0.5 8
      vertex -0.410081684589386 0.6465635299682617 8
    endloop
  endfacet
  facet normal 0 0 1
    outer loop
      vertex -1.6399180889129639 1.0461616516113281 8
      vertex -1.7999999523162842 0.5 8
      vertex -0.800000011920929 0.5 8
    endloop
  endfacet
  facet normal 0 0 1
    outer loop
      vertex -1.7999999523162842 0.5 8
      vertex -2.3999993801116943 0 8
      vertex -1.7999999523162842 -0.5 8
    endloop
  endfacet
  facet normal 0 0 1
    outer loop
      vertex -2.3999993801116943 0 8
      vertex -1.7999999523162842 0.5 8
      vertex -1.6399180889129639 1.0461616516113281 8
    endloop
  endfacet
  facet normal 0 0 1
    outer loop
      vertex -0.800000011920929 -0.5 8
      vertex -0.410081684589386 -0.6465635299682617 8
      vertex -0.800000011920929 0.5 8
    endloop
  endfacet
  facet normal 0 0 1
    outer loop
      vertex -0.800000011920929 -0.5 8
      vertex -1.6399180889129639 -1.0461616516113281 8
      vertex -0.410081684589386 -0.6465635299682617 8
    endloop
  endfacet
  facet normal 0 0 1
    outer loop
      vertex -1.7999999523162842 -0.5 8
      vertex -1.6399180889129639 -1.0461616516113281 8
      vertex -0.800000011920929 -0.5 8
    endloop
  endfacet
  facet normal 0 0 1
    outer loop
      vertex -1.6399180889129639 -1.0461616516113281 8
      vertex -1.7999999523162842 -0.5 8
      vertex -2.3999993801116943 0 8
    endloop
  endfacet
  facet normal 0.29570812476228775 -0.910095911841557 -0.290313858089579
    outer loop
      vertex -0.6527870297431946 -0.4702291488647461 7.199999809265137
      vertex -0.410081684589386 -0.6465635299682617 8
      vertex -1.6399180889129639 -1.0461616516113281 8
    endloop
  endfacet
  facet normal 0.9569310513035294 0 -0.29031528215221797
    outer loop
      vertex -0.410081684589386 0.6465635299682617 8
      vertex -0.6527870297431946 -0.4702291488647461 7.199999809265137
      vertex -0.6527870297431946 0.4702281951904297 7.199999809265137
    endloop
  endfacet
  facet normal 0.9569310513035295 0 -0.29031528215221797
    outer loop
      vertex -0.6527870297431946 -0.4702291488647461 7.199999809265137
      vertex -0.410081684589386 0.6465635299682617 8
      vertex -0.410081684589386 -0.6465635299682617 8
    endloop
  endfacet
  facet normal 0.2957080545762753 0.9100956958312493 -0.2903146067426657
    outer loop
      vertex -1.6399180889129639 1.0461616516113281 8
      vertex -0.410081684589386 0.6465635299682617 8
      vertex -1.5472133159637451 0.7608451843261719 7.199999809265137
    endloop
  endfacet
  facet normal -0.7741735597174073 0.5624702816965239 -0.2903144530379276
    outer loop
      vertex -1.6399180889129639 1.0461616516113281 8
      vertex -1.5472133159637451 0.7608451843261719 7.199999809265137
      vertex -2.3999993801116943 0 8
    endloop
  endfacet
  facet normal 0.29570737999644653 -0.9100958702374736 -0.2903147471148043
    outer loop
      vertex -1.5472133159637451 -0.7608451843261719 7.199999809265137
      vertex -0.6527870297431946 -0.4702291488647461 7.199999809265137
      vertex -1.6399180889129639 -1.0461616516113281 8
    endloop
  endfacet
  facet normal 0 0 -1
    outer loop
      vertex -1.7999999523162842 0.4129139184951782 7.199999809265137
      vertex -1.7999999523162842 -0.4129139184951782 7.199999809265137
      vertex -2.099999189376831 0 7.199999809265137
    endloop
  endfacet
  facet normal 0 0 -1
    outer loop
      vertex -0.6527870297431946 -0.4702291488647461 7.199999809265137
      vertex -0.800000011920929 -0.5 7.199999809265137
      vertex -0.6527870297431946 0.4702281951904297 7.199999809265137
    endloop
  endfacet
  facet normal 0 0 -1
    outer loop
      vertex -1.5472133159637451 -0.7608451843261719 7.199999809265137
      vertex -0.800000011920929 -0.5 7.199999809265137
      vertex -0.6527870297431946 -0.4702291488647461 7.199999809265137
    endloop
  endfacet
  facet normal 0 0 -1
    outer loop
      vertex -0.800000011920929 -0.5 7.199999809265137
      vertex -1.5472133159637451 -0.7608451843261719 7.199999809265137
      vertex -1.736728310585022 -0.5 7.199999809265137
    endloop
  endfacet
  facet normal 0 0 -1
    outer loop
      vertex -0.800000011920929 0.5 7.199999809265137
      vertex -0.6527870297431946 0.4702281951904297 7.199999809265137
      vertex -0.800000011920929 -0.5 7.199999809265137
    endloop
  endfacet
  facet normal 0 0 -1
    outer loop
      vertex -0.800000011920929 0.5 7.199999809265137
      vertex -1.5472133159637451 0.7608451843261719 7.199999809265137
      vertex -0.6527870297431946 0.4702281951904297 7.199999809265137
    endloop
  endfacet
  facet normal 0 0 -1
    outer loop
      vertex -1.5472133159637451 0.7608451843261719 7.199999809265137
      vertex -0.800000011920929 0.5 7.199999809265137
      vertex -1.736728310585022 0.5 7.199999809265137
    endloop
  endfacet
endsolid OpenSCAD_Model
