solid OpenSCAD_Model
  facet normal -0.2997899548372728 0.5055736094034077 -0.809024912134031
    outer loop
      vertex -8.975390434265137 16.529409408569336 2.4667673110961914
      vertex -8.960851669311523 16.507591247558594 2.4477453231811523
      vertex -8.962723731994629 16.506481170654297 2.4477453231811523
    endloop
  endfacet
  facet normal -0.2991944499852773 0.5059548422515259 -0.8090070325406578
    outer loop
      vertex -8.960851669311523 16.507591247558594 2.4477453231811523
      vertex -8.975390434265137 16.529409408569336 2.4667673110961914
      vertex -8.974200248718262 16.530113220214844 2.4667673110961914
    endloop
  endfacet
  facet normal -0.45352374989883343 0.766934471373637 -0.45401291269802047
    outer loop
      vertex -8.982832908630371 16.544681549072266 2.5
      vertex -8.974200248718262 16.530113220214844 2.4667673110961914
      vertex -8.975390434265137 16.529409408569336 2.4667673110961914
    endloop
  endfacet
  facet normal -0.454260018254094 0.7665144963381374 -0.45398608207662233
    outer loop
      vertex -9.845707893371582 16.03923797607422 2.5099992752075195
      vertex -9.026739120483398 16.6187686920166 2.6690216064453125
      vertex -8.985430717468262 16.54906463623047 2.5099992752075195
    endloop
  endfacet
  facet normal -0.45425908375327556 0.7665137691998123 -0.4539882448420131
    outer loop
      vertex -9.026739120483398 16.6187686920166 2.6690216064453125
      vertex -9.845707893371582 16.03923797607422 2.5099992752075195
      vertex -9.887017250061035 16.10894203186035 2.6690216064453125
    endloop
  endfacet
  facet normal -0.5098262309756157 0.860277405381077 0
    outer loop
      vertex -9.026739120483398 16.6187686920166 2.6690216064453125
      vertex -9.887017250061035 16.10894203186035 3.223817825317383
      vertex -9.026739120483398 16.6187686920166 3.223817825317383
    endloop
  endfacet
  facet normal -0.5098262309756157 0.860277405381077 0
    outer loop
      vertex -9.887017250061035 16.10894203186035 3.223817825317383
      vertex -9.026739120483398 16.6187686920166 2.6690216064453125
      vertex -9.887017250061035 16.10894203186035 2.6690216064453125
    endloop
  endfacet
  facet normal -0.4848725903174898 0.8181729513409094 0.3090171400633199
    outer loop
      vertex -9.026739120483398 16.6187686920166 3.223817825317383
      vertex -9.862674713134766 16.067869186401367 3.3707637786865234
      vertex -9.002397537231445 16.577693939208984 3.3707637786865234
    endloop
  endfacet
  facet normal -0.4848746547174312 0.8181742808665093 0.30901038063667385
    outer loop
      vertex -9.862674713134766 16.067869186401367 3.3707637786865234
      vertex -9.026739120483398 16.6187686920166 3.223817825317383
      vertex -9.887017250061035 16.10894203186035 3.223817825317383
    endloop
  endfacet
  facet normal -0.4124600275313738 0.695981547039829 0.5877809216611787
    outer loop
      vertex -9.002397537231445 16.577693939208984 3.3707637786865234
      vertex -9.802934646606445 15.967063903808594 3.5320444107055664
      vertex -8.942657470703125 16.476890563964844 3.5320444107055664
    endloop
  endfacet
  facet normal -0.4124568900756853 0.6959788566995514 0.5877863088370462
    outer loop
      vertex -9.802934646606445 15.967063903808594 3.5320444107055664
      vertex -9.002397537231445 16.577693939208984 3.3707637786865234
      vertex -9.862674713134766 16.067869186401367 3.3707637786865234
    endloop
  endfacet
  facet normal -0.36049829713499926 0.6083029024120874 0.7071128316469701
    outer loop
      vertex -8.942657470703125 16.476890563964844 3.5320444107055664
      vertex -9.774737358093262 15.91948413848877 3.5873517990112305
      vertex -8.914460182189941 16.429309844970703 3.5873517990112305
    endloop
  endfacet
  facet normal -0.36050147001399413 0.6083071184186138 0.7071075871456846
    outer loop
      vertex -9.774737358093262 15.91948413848877 3.5873517990112305
      vertex -8.942657470703125 16.476890563964844 3.5320444107055664
      vertex -9.802934646606445 15.967063903808594 3.5320444107055664
    endloop
  endfacet
  facet normal -0.29966871405708273 0.5056590032834956 0.8090164610276581
    outer loop
      vertex -8.914460182189941 16.429309844970703 3.5873517990112305
      vertex -9.565621376037598 15.566621780395508 3.885359764099121
      vertex -8.705343246459961 16.076448440551758 3.885359764099121
    endloop
  endfacet
  facet normal -0.2996683852424929 0.5056588337666639 0.8090166887771192
    outer loop
      vertex -9.565621376037598 15.566621780395508 3.885359764099121
      vertex -8.914460182189941 16.429309844970703 3.5873517990112305
      vertex -9.774737358093262 15.91948413848877 3.5873517990112305
    endloop
  endfacet
  facet normal -0.434694264536873 0.7335007817821828 0.5225107649643914
    outer loop
      vertex -8.705343246459961 16.076448440551758 3.885359764099121
      vertex -9.541143417358398 15.52531909942627 3.963705062866211
      vertex -8.680866241455078 16.035144805908203 3.963705062866211
    endloop
  endfacet
  facet normal -0.4346953358294364 0.7335020305310447 0.5225081207167674
    outer loop
      vertex -9.541143417358398 15.52531909942627 3.963705062866211
      vertex -8.705343246459961 16.076448440551758 3.885359764099121
      vertex -9.565621376037598 15.566621780395508 3.885359764099121
    endloop
  endfacet
  facet normal -0.5035497101793255 0.8496870932406707 0.15642740475548644
    outer loop
      vertex -8.680866241455078 16.035144805908203 3.963705062866211
      vertex -9.530921936035156 15.508070945739746 4.090297698974609
      vertex -8.670644760131836 16.01789665222168 4.090297698974609
    endloop
  endfacet
  facet normal -0.5035497101793255 0.8496870932406707 0.15642740475548644
    outer loop
      vertex -9.530921936035156 15.508070945739746 4.090297698974609
      vertex -8.680866241455078 16.035144805908203 3.963705062866211
      vertex -9.541143417358398 15.52531909942627 3.963705062866211
    endloop
  endfacet
  facet normal -0.508254006406971 0.857625097585838 0.07846691635424714
    outer loop
      vertex -8.670644760131836 16.01789665222168 4.090297698974609
      vertex -9.53013801574707 15.506749153137207 4.1098222732543945
      vertex -8.66986083984375 16.01657485961914 4.1098222732543945
    endloop
  endfacet
  facet normal -0.508254006406971 0.857625097585838 0.07846691635424714
    outer loop
      vertex -9.53013801574707 15.506749153137207 4.1098222732543945
      vertex -8.670644760131836 16.01789665222168 4.090297698974609
      vertex -9.530921936035156 15.508070945739746 4.090297698974609
    endloop
  endfacet
  facet normal -0.5098259434567358 0.8602775757733367 0
    outer loop
      vertex -8.66986083984375 16.01657485961914 4.1098222732543945
      vertex -9.53013801574707 15.506749153137207 6.223817825317383
      vertex -8.66986083984375 16.01657485961914 6.223817825317383
    endloop
  endfacet
  facet normal -0.5098259434567358 0.8602775757733367 0
    outer loop
      vertex -9.53013801574707 15.506749153137207 6.223817825317383
      vertex -8.66986083984375 16.01657485961914 4.1098222732543945
      vertex -9.53013801574707 15.506749153137207 4.1098222732543945
    endloop
  endfacet
  facet normal -0.4848747284187191 0.8181734982299778 0.3090123371889768
    outer loop
      vertex -8.66986083984375 16.01657485961914 6.223817825317383
      vertex -9.505796432495117 15.46567440032959 6.370763778686523
      vertex -8.645519256591797 15.97550106048584 6.370763778686523
    endloop
  endfacet
  facet normal -0.48487326156755256 0.8181725535394271 0.30901714006122205
    outer loop
      vertex -9.505796432495117 15.46567440032959 6.370763778686523
      vertex -8.66986083984375 16.01657485961914 6.223817825317383
      vertex -9.53013801574707 15.506749153137207 6.223817825317383
    endloop
  endfacet
  facet normal -0.4124625357638845 0.6959857794100627 0.5877741500357035
    outer loop
      vertex -8.645519256591797 15.97550106048584 6.370763778686523
      vertex -9.496098518371582 15.449310302734375 6.396945953369141
      vertex -8.635821342468262 15.959136962890625 6.396945953369141
    endloop
  endfacet
  facet normal -0.4124625357638845 0.6959857794100627 0.5877741500357035
    outer loop
      vertex -9.496098518371582 15.449310302734375 6.396945953369141
      vertex -8.645519256591797 15.97550106048584 6.370763778686523
      vertex -9.505796432495117 15.46567440032959 6.370763778686523
    endloop
  endfacet
  facet normal -0.23145644563873946 0.3905580733493969 0.8910063440368359
    outer loop
      vertex -8.635821342468262 15.959136962890625 6.396945953369141
      vertex -9.392984390258789 15.275315284729004 6.5
      vertex -8.532706260681152 15.785141944885254 6.5
    endloop
  endfacet
  facet normal -0.23145707726001827 0.3905587061827256 0.8910059025680611
    outer loop
      vertex -9.392984390258789 15.275315284729004 6.5
      vertex -8.635821342468262 15.959136962890625 6.396945953369141
      vertex -9.496098518371582 15.449310302734375 6.396945953369141
    endloop
  endfacet
  facet normal 0 0 1
    outer loop
      vertex -8.532706260681152 15.785141944885254 6.5
      vertex -2.3111348152160645 3.3254554271698 6.5
      vertex -1.4508575201034546 3.8352818489074707 6.5
    endloop
  endfacet
  facet normal 0 0 1
    outer loop
      vertex -2.3111348152160645 3.3254554271698 6.5
      vertex -8.532706260681152 15.785141944885254 6.5
      vertex -9.392984390258789 15.275315284729004 6.5
    endloop
  endfacet
  facet normal -0.15754063838988877 0.2658329330652278 0.9510593035944942
    outer loop
      vertex -1.4508575201034546 3.8352818489074707 6.5
      vertex -2.27461576461792 3.2638332843780518 6.523273468017578
      vertex -1.4143383502960205 3.7736597061157227 6.523273468017578
    endloop
  endfacet
  facet normal -0.15754077545058562 0.2658331275037538 0.9510592265427013
    outer loop
      vertex -2.27461576461792 3.2638332843780518 6.523273468017578
      vertex -1.4508575201034546 3.8352818489074707 6.5
      vertex -2.3111348152160645 3.3254554271698 6.5
    endloop
  endfacet
  facet normal -0.2996684185021434 0.5056581804798792 0.8090170847801685
    outer loop
      vertex -1.4143383502960205 3.7736597061157227 6.523273468017578
      vertex -2.020533800125122 2.835097551345825 6.885359764099121
      vertex -1.1602566242218018 3.344923973083496 6.885359764099121
    endloop
  endfacet
  facet normal -0.29966830920094506 0.5056581361847372 0.8090171529521637
    outer loop
      vertex -2.020533800125122 2.835097551345825 6.885359764099121
      vertex -1.4143383502960205 3.7736597061157227 6.523273468017578
      vertex -2.27461576461792 3.2638332843780518 6.523273468017578
    endloop
  endfacet
  facet normal -0.4346990277360605 0.7335078917531661 0.5224968210631996
    outer loop
      vertex -1.1602566242218018 3.344923973083496 6.885359764099121
      vertex -1.996057152748108 2.7937958240509033 6.963705062866211
      vertex -1.135779857635498 3.303622245788574 6.963705062866211
    endloop
  endfacet
  facet normal -0.4346992225462852 0.7335081188316829 0.5224963402031262
    outer loop
      vertex -1.996057152748108 2.7937958240509033 6.963705062866211
      vertex -1.1602566242218018 3.344923973083496 6.885359764099121
      vertex -2.020533800125122 2.835097551345825 6.885359764099121
    endloop
  endfacet
  facet normal -0.5035497425037353 0.849686073466514 0.15643283984342715
    outer loop
      vertex -1.135779857635498 3.303622245788574 6.963705062866211
      vertex -1.985835075378418 2.7765471935272217 7.090297698974609
      vertex -1.125557780265808 3.2863736152648926 7.090297698974609
    endloop
  endfacet
  facet normal -0.5035497425037353 0.849686073466514 0.15643283984342715
    outer loop
      vertex -1.985835075378418 2.7765471935272217 7.090297698974609
      vertex -1.135779857635498 3.303622245788574 6.963705062866211
      vertex -1.996057152748108 2.7937958240509033 6.963705062866211
    endloop
  endfacet
  facet normal -0.5082552244646921 0.8576260685726443 0.07844841176834433
    outer loop
      vertex -1.125557780265808 3.2863736152648926 7.090297698974609
      vertex -1.9850518703460693 2.7752254009246826 7.1098222732543945
      vertex -1.1247745752334595 3.2850518226623535 7.1098222732543945
    endloop
  endfacet
  facet normal -0.5082552244646921 0.8576260685726443 0.07844841176834433
    outer loop
      vertex -1.9850518703460693 2.7752254009246826 7.1098222732543945
      vertex -1.125557780265808 3.2863736152648926 7.090297698974609
      vertex -1.985835075378418 2.7765471935272217 7.090297698974609
    endloop
  endfacet
  facet normal -0.5098263922726148 0.8602773097915908 1.8204007586858844e-7
    outer loop
      vertex -1.199692726135254 3.2406530380249023 7.199999809265137
      vertex -1.1247745752334595 3.2850518226623535 7.1098222732543945
      vertex -1.910133719444275 2.819624185562134 7.199999809265137
    endloop
  endfacet
  facet normal -0.5098265544368991 0.8602772136881226 0
    outer loop
      vertex -1.1247745752334595 3.2850518226623535 7.1098222732543945
      vertex -1.199692726135254 3.2406530380249023 7.199999809265137
      vertex -1.1247745752334595 3.2850518226623535 7.368724346160889
    endloop
  endfacet
  facet normal -0.5098265544368991 0.8602772136881226 0
    outer loop
      vertex -1.910133719444275 2.819624185562134 7.199999809265137
      vertex -1.9850518703460693 2.7752254009246826 7.1098222732543945
      vertex -1.9850518703460693 2.7752254009246826 7.368724346160889
    endloop
  endfacet
  facet normal -0.5098264205171138 0.8602772930530509 -1.5033377091375242e-7
    outer loop
      vertex -1.9850518703460693 2.7752254009246826 7.1098222732543945
      vertex -1.910133719444275 2.819624185562134 7.199999809265137
      vertex -1.1247745752334595 3.2850518226623535 7.1098222732543945
    endloop
  endfacet
  facet normal -0.5098211698989118 0.8602804047070379 0
    outer loop
      vertex -1.9850518703460693 2.7752254009246826 11.273818016052246
      vertex -1.9808605909347534 2.7777092456817627 11.273818016052246
      vertex -1.9850518703460693 2.7752254009246826 11.25999927520752
    endloop
  endfacet
  facet normal -0.5098211698989118 0.8602804047070379 0
    outer loop
      vertex -1.1289658546447754 3.2825679779052734 11.273818016052246
      vertex -1.1247745752334595 3.2850518226623535 11.273818016052246
      vertex -1.1247745752334595 3.2850518226623535 11.25999927520752
    endloop
  endfacet
  facet normal -0.5098262963532266 0.8602773666363378 0
    outer loop
      vertex -1.1247745752334595 3.2850518226623535 11.25
      vertex -1.1247745752334595 3.2850518226623535 8
      vertex -1.5549131631851196 3.0301387310028076 11.105904579162598
    endloop
  endfacet
  facet normal -0.5098264205171193 0.8602772930530602 -2.3234784066981734e-8
    outer loop
      vertex -1.9850518703460693 2.7752254009246826 8
      vertex -1.5549131631851196 3.0301387310028076 11.105904579162598
      vertex -1.1247745752334595 3.2850518226623535 8
    endloop
  endfacet
  facet normal -0.509826544680946 0.8602772194697983 0
    outer loop
      vertex -1.5549131631851196 3.0301387310028076 11.105904579162598
      vertex -1.9850518703460693 2.7752254009246826 8
      vertex -1.9850518703460693 2.7752254009246826 11.25
    endloop
  endfacet
  facet normal -0.4848678953380947 0.8181738496924588 0.3090221282527002
    outer loop
      vertex -1.9808605909347534 2.7777092456817627 11.273818016052246
      vertex -1.9850518703460693 2.7752254009246826 11.273818016052246
      vertex -1.9812127351760864 2.768747329711914 11.296993255615234
    endloop
  endfacet
  facet normal -0.4848678953380947 0.8181738496924588 0.3090221282527002
    outer loop
      vertex -1.1247745752334595 3.2850518226623535 11.273818016052246
      vertex -1.1289658546447754 3.2825679779052734 11.273818016052246
      vertex -1.1209354400634766 3.278573751449585 11.296993255615234
    endloop
  endfacet
  facet normal 0.45426471278504227 -0.7665065535347564 0.4539947952417436
    outer loop
      vertex -1.4663718938827515 1.9201951026916504 11.280977249145508
      vertex -1.4816111326217651 1.9257233142852783 11.305559158325195
      vertex -1.4752254486083984 1.9149481058120728 11.280977249145508
    endloop
  endfacet
  facet normal 0.45427085403825157 -0.7665046618046603 0.45399184420326394
    outer loop
      vertex -0.6149481534957886 2.424774646759033 11.280977249145508
      vertex -0.6213338375091553 2.435549736022949 11.305559158325195
      vertex -0.6238017678260803 2.419527530670166 11.280977249145508
    endloop
  endfacet
  facet normal 0.5098344583544938 -0.8602725295360649 0
    outer loop
      vertex -1.4663718938827515 1.9201951026916504 11.280977249145508
      vertex -1.4752254486083984 1.9149481058120728 11.280977249145508
      vertex -1.4752254486083984 1.9149481058120728 11.25999927520752
    endloop
  endfacet
  facet normal 0.5098404904644896 -0.8602689546199658 0
    outer loop
      vertex -0.6149481534957886 2.424774646759033 11.280977249145508
      vertex -0.6238017678260803 2.419527530670166 11.280977249145508
      vertex -0.6149481534957886 2.424774646759033 11.25999927520752
    endloop
  endfacet
  facet normal 0.5098265087411671 -0.8602772407688075 0
    outer loop
      vertex -1.4752254486083984 1.9149481058120728 6.776181221008301
      vertex -0.6149481534957886 2.424774646759033 7.199999809265137
      vertex -1.4752254486083984 1.9149481058120728 7.199999809265137
    endloop
  endfacet
  facet normal 0.5098265087411671 -0.8602772407688075 0
    outer loop
      vertex -0.6149481534957886 2.424774646759033 7.199999809265137
      vertex -1.4752254486083984 1.9149481058120728 6.776181221008301
      vertex -0.6149481534957886 2.424774646759033 6.776181221008301
    endloop
  endfacet
  facet normal 0.5098261140354584 -0.8602774746833147 4.9669841167625775e-8
    outer loop
      vertex -1.2417206764221191 2.053330183029175 11.0867280960083
      vertex -1.4752254486083984 1.9149481058120728 8
      vertex -1.0450867414474487 2.169861316680908 10.974472045898438
    endloop
  endfacet
  facet normal 0.5098265999638462 -0.8602771867074613 0
    outer loop
      vertex -1.4752254486083984 1.9149481058120728 8
      vertex -1.2417206764221191 2.053330183029175 11.0867280960083
      vertex -1.4752254486083984 1.9149481058120728 11.25
    endloop
  endfacet
  facet normal 0.5098265087411669 -0.8602772407688071 -2.745514028534299e-8
    outer loop
      vertex -0.6149481534957886 2.424774646759033 8
      vertex -1.0450867414474487 2.169861316680908 10.974472045898438
      vertex -1.4752254486083984 1.9149481058120728 8
    endloop
  endfacet
  facet normal 0.5098263467664098 -0.860277336759962 -5.9104796684043645e-8
    outer loop
      vertex -1.0450867414474487 2.169861316680908 10.974472045898438
      vertex -0.6149481534957886 2.424774646759033 8
      vertex -0.8484529256820679 2.2863924503326416 11.0867280960083
    endloop
  endfacet
  facet normal 0.5098269249983096 -0.8602769940820038 0
    outer loop
      vertex -0.8484529256820679 2.2863924503326416 11.0867280960083
      vertex -0.6149481534957886 2.424774646759033 8
      vertex -0.6149481534957886 2.424774646759033 11.25
    endloop
  endfacet
  facet normal 0.484872721654502 -0.8181706647093325 -0.309022988148851
    outer loop
      vertex -0.6392906308174133 2.4658498764038086 6.62923526763916
      vertex -1.4752254486083984 1.9149481058120728 6.776181221008301
      vertex -1.499567985534668 1.9560234546661377 6.62923526763916
    endloop
  endfacet
  facet normal 0.48487295934441516 -0.8181708177908598 -0.30902220990088175
    outer loop
      vertex -1.4752254486083984 1.9149481058120728 6.776181221008301
      vertex -0.6392906308174133 2.4658498764038086 6.62923526763916
      vertex -0.6149481534957886 2.424774646759033 6.776181221008301
    endloop
  endfacet
  facet normal 0.4124580150169564 -0.6959789467474952 -0.5877854128272659
    outer loop
      vertex -0.7464320063591003 2.646639347076416 6.339984893798828
      vertex -1.499567985534668 1.9560234546661377 6.62923526763916
      vertex -1.606709361076355 2.136813163757324 6.339984893798828
    endloop
  endfacet
  facet normal 0.4124582968452843 -0.6959790968303736 -0.5877850373552095
    outer loop
      vertex -1.499567985534668 1.9560234546661377 6.62923526763916
      vertex -0.7464320063591003 2.646639347076416 6.339984893798828
      vertex -0.6392906308174133 2.4658498764038086 6.62923526763916
    endloop
  endfacet
  facet normal 0.4710192891521666 -0.794794429517009 -0.3826782513487275
    outer loop
      vertex -0.7808852195739746 2.70477557182312 6.1768341064453125
      vertex -1.606709361076355 2.136813163757324 6.339984893798828
      vertex -1.6411625146865845 2.194949150085449 6.1768341064453125
    endloop
  endfacet
  facet normal 0.47101886161288603 -0.7947941348407638 -0.382679389603912
    outer loop
      vertex -1.606709361076355 2.136813163757324 6.339984893798828
      vertex -0.7808852195739746 2.70477557182312 6.1768341064453125
      vertex -0.7464320063591003 2.646639347076416 6.339984893798828
    endloop
  endfacet
  facet normal 0.3605004361956731 -0.6083057427276807 -0.7071092976812383
    outer loop
      vertex -1.6411625146865845 2.194949150085449 6.1768341064453125
      vertex -0.8500012159347534 2.821401357650757 6.041267395019531
      vertex -0.7808852195739746 2.70477557182312 6.1768341064453125
    endloop
  endfacet
  facet normal 0.3605004361956731 -0.6083057427276807 -0.7071092976812383
    outer loop
      vertex -0.8500012159347534 2.821401357650757 6.041267395019531
      vertex -1.6411625146865845 2.194949150085449 6.1768341064453125
      vertex -1.7102785110473633 2.311574935913086 6.041267395019531
    endloop
  endfacet
  facet normal 0.4629951303567546 -0.7812545239143468 -0.4186608151347571
    outer loop
      vertex -0.8678815364837646 2.8515725135803223 5.965191841125488
      vertex -1.7102785110473633 2.311574935913086 6.041267395019531
      vertex -1.7281588315963745 2.3417460918426514 5.965191841125488
    endloop
  endfacet
  facet normal 0.4629951303567546 -0.7812545239143468 -0.4186608151347571
    outer loop
      vertex -1.7102785110473633 2.311574935913086 6.041267395019531
      vertex -0.8678815364837646 2.8515725135803223 5.965191841125488
      vertex -0.8500012159347534 2.821401357650757 6.041267395019531
    endloop
  endfacet
  facet normal 0.508254893314398 -0.8576255097921122 -0.07845666559183885
    outer loop
      vertex -0.8696653842926025 2.8545825481414795 5.920732498168945
      vertex -1.7281588315963745 2.3417460918426514 5.965191841125488
      vertex -1.7299426794052124 2.3447561264038086 5.920732498168945
    endloop
  endfacet
  facet normal 0.508254893314398 -0.8576255097921122 -0.07845666559183885
    outer loop
      vertex -1.7281588315963745 2.3417460918426514 5.965191841125488
      vertex -0.8696653842926025 2.8545825481414795 5.920732498168945
      vertex -0.8678815364837646 2.8515725135803223 5.965191841125488
    endloop
  endfacet
  facet normal 0.5094349782646411 -0.8596167763207045 -0.0391790861111467
    outer loop
      vertex -0.869861364364624 2.8549132347106934 5.910928726196289
      vertex -1.7299426794052124 2.3447561264038086 5.920732498168945
      vertex -1.7301386594772339 2.3450868129730225 5.910928726196289
    endloop
  endfacet
  facet normal 0.5094349782646411 -0.8596167763207045 -0.0391790861111467
    outer loop
      vertex -1.7299426794052124 2.3447561264038086 5.920732498168945
      vertex -0.869861364364624 2.8549132347106934 5.910928726196289
      vertex -0.8696653842926025 2.8545825481414795 5.920732498168945
    endloop
  endfacet
  facet normal 0.5098264205171195 -0.8602772930530604 0
    outer loop
      vertex -1.7301386594772339 2.3450868129730225 3.776181221008301
      vertex -0.869861364364624 2.8549132347106934 5.910928726196289
      vertex -1.7301386594772339 2.3450868129730225 5.910928726196289
    endloop
  endfacet
  facet normal 0.5098264205171195 -0.8602772930530604 0
    outer loop
      vertex -0.869861364364624 2.8549132347106934 5.910928726196289
      vertex -1.7301386594772339 2.3450868129730225 3.776181221008301
      vertex -0.869861364364624 2.8549132347106934 3.776181221008301
    endloop
  endfacet
  facet normal 0.48487365356786755 -0.8181722372130921 -0.30901736250487793
    outer loop
      vertex -0.8942033648490906 2.8959877490997314 3.62923526763916
      vertex -1.7301386594772339 2.3450868129730225 3.776181221008301
      vertex -1.7544807195663452 2.3861613273620605 3.62923526763916
    endloop
  endfacet
  facet normal 0.48487370789930256 -0.8181722722041741 -0.30901718460991884
    outer loop
      vertex -1.7301386594772339 2.3450868129730225 3.776181221008301
      vertex -0.8942033648490906 2.8959877490997314 3.62923526763916
      vertex -0.869861364364624 2.8549132347106934 3.776181221008301
    endloop
  endfacet
  facet normal 0.41246232956415185 -0.6959859016105336 -0.5877741500354413
    outer loop
      vertex -0.9039012789726257 2.9123518466949463 3.603053092956543
      vertex -1.7544807195663452 2.3861613273620605 3.62923526763916
      vertex -1.7641786336898804 2.4025254249572754 3.603053092956543
    endloop
  endfacet
  facet normal 0.41246232956415185 -0.6959859016105336 -0.5877741500354413
    outer loop
      vertex -1.7544807195663452 2.3861613273620605 3.62923526763916
      vertex -0.9039012789726257 2.9123518466949463 3.603053092956543
      vertex -0.8942033648490906 2.8959877490997314 3.62923526763916
    endloop
  endfacet
  facet normal 0.2314552541701597 -0.39055589373782784 -0.8910076089370245
    outer loop
      vertex -1.7641786336898804 2.4025254249572754 3.603053092956543
      vertex -1.0070158243179321 3.0863466262817383 3.5
      vertex -0.9039012789726257 2.9123518466949463 3.603053092956543
    endloop
  endfacet
  facet normal 0.23145529364636316 -0.39055593328986454 -0.8910075813455005
    outer loop
      vertex -1.0070158243179321 3.0863466262817383 3.5
      vertex -1.7641786336898804 2.4025254249572754 3.603053092956543
      vertex -1.867293119430542 2.5765202045440674 3.5
    endloop
  endfacet
  facet normal 0 0 -1
    outer loop
      vertex -1.0070158243179321 3.0863466262817383 3.5
      vertex -1.9270449876785278 4.074156761169434 3.5
      vertex -1.9207193851470947 4.1910400390625 3.5
    endloop
  endfacet
  facet normal 0 0 -1
    outer loop
      vertex -1.0070158243179321 3.0863466262817383 3.5
      vertex -1.9776183366775513 3.9685912132263184 3.5
      vertex -1.9270449876785278 4.074156761169434 3.5
    endloop
  endfacet
  facet normal 0 0 -1
    outer loop
      vertex -1.0070158243179321 3.0863466262817383 3.5
      vertex -2.06473970413208 3.890415906906128 3.5
      vertex -1.9776183366775513 3.9685912132263184 3.5
    endloop
  endfacet
  facet normal 0 0 -1
    outer loop
      vertex -1.867293119430542 2.5765202045440674 3.5
      vertex -2.1751461029052734 3.8515303134918213 3.5
      vertex -2.06473970413208 3.890415906906128 3.5
    endloop
  endfacet
  facet normal 0 0 -1
    outer loop
      vertex -1.867293119430542 2.5765202045440674 3.5
      vertex -2.292029619216919 3.857855796813965 3.5
      vertex -2.1751461029052734 3.8515303134918213 3.5
    endloop
  endfacet
  facet normal 0 0 -1
    outer loop
      vertex -1.867293119430542 2.5765202045440674 3.5
      vertex -2.397595167160034 3.9084291458129883 3.5
      vertex -2.292029619216919 3.857855796813965 3.5
    endloop
  endfacet
  facet normal 0 0 -1
    outer loop
      vertex -1.867293119430542 2.5765202045440674 3.5
      vertex -2.4757704734802246 3.9955503940582275 3.5
      vertex -2.397595167160034 3.9084291458129883 3.5
    endloop
  endfacet
  facet normal 0 0 -1
    outer loop
      vertex -8.847177505493164 14.354325294494629 3.5
      vertex -2.5146560668945312 4.10595703125 3.5
      vertex -2.4757704734802246 3.9955503940582275 3.5
    endloop
  endfacet
  facet normal 0 0 -1
    outer loop
      vertex -8.847177505493164 14.354325294494629 3.5
      vertex -2.4757704734802246 3.9955503940582275 3.5
      vertex -1.867293119430542 2.5765202045440674 3.5
    endloop
  endfacet
  facet normal 0 0 -1
    outer loop
      vertex -2.5146560668945312 4.10595703125 3.5
      vertex -8.847177505493164 14.354325294494629 3.5
      vertex -7.9868998527526855 14.864151000976562 3.5
    endloop
  endfacet
  facet normal 0 0 -1
    outer loop
      vertex -2.06473970413208 3.890415906906128 3.5
      vertex -1.0070158243179321 3.0863466262817383 3.5
      vertex -1.867293119430542 2.5765202045440674 3.5
    endloop
  endfacet
  facet normal 0 0 -1
    outer loop
      vertex -1.9596046209335327 4.301445960998535 3.5
      vertex -1.0070158243179321 3.0863466262817383 3.5
      vertex -1.9207193851470947 4.1910400390625 3.5
    endloop
  endfacet
  facet normal 0 0 -1
    outer loop
      vertex -1.9596046209335327 4.301445960998535 3.5
      vertex -7.9868998527526855 14.864151000976562 3.5
      vertex -1.0070158243179321 3.0863466262817383 3.5
    endloop
  endfacet
  facet normal 0 0 -1
    outer loop
      vertex -2.037780284881592 4.388567924499512 3.5
      vertex -7.9868998527526855 14.864151000976562 3.5
      vertex -1.9596046209335327 4.301445960998535 3.5
    endloop
  endfacet
  facet normal 0 0 -1
    outer loop
      vertex -2.143345832824707 4.439141273498535 3.5
      vertex -7.9868998527526855 14.864151000976562 3.5
      vertex -2.037780284881592 4.388567924499512 3.5
    endloop
  endfacet
  facet normal 0 0 -1
    outer loop
      vertex -2.2602293491363525 4.445466995239258 3.5
      vertex -7.9868998527526855 14.864151000976562 3.5
      vertex -2.143345832824707 4.439141273498535 3.5
    endloop
  endfacet
  facet normal 0 0 -1
    outer loop
      vertex -2.3706352710723877 4.406581878662109 3.5
      vertex -7.9868998527526855 14.864151000976562 3.5
      vertex -2.2602293491363525 4.445466995239258 3.5
    endloop
  endfacet
  facet normal 0 0 -1
    outer loop
      vertex -2.4577572345733643 4.328405857086182 3.5
      vertex -7.9868998527526855 14.864151000976562 3.5
      vertex -2.3706352710723877 4.406581878662109 3.5
    endloop
  endfacet
  facet normal 0 0 -1
    outer loop
      vertex -2.5083305835723877 4.222840309143066 3.5
      vertex -7.9868998527526855 14.864151000976562 3.5
      vertex -2.4577572345733643 4.328405857086182 3.5
    endloop
  endfacet
  facet normal 0 0 -1
    outer loop
      vertex -7.9868998527526855 14.864151000976562 3.5
      vertex -2.5083305835723877 4.222840309143066 3.5
      vertex -2.5146560668945312 4.10595703125 3.5
    endloop
  endfacet
  facet normal 0.15754770220097047 -0.26584529913049737 -0.9510546769042307
    outer loop
      vertex -8.847177505493164 14.354325294494629 3.5
      vertex -8.023418426513672 14.925772666931152 3.4767255783081055
      vertex -7.9868998527526855 14.864151000976562 3.5
    endloop
  endfacet
  facet normal 0.1575501007832557 -0.2658487018383147 -0.9510533284070188
    outer loop
      vertex -8.023418426513672 14.925772666931152 3.4767255783081055
      vertex -8.847177505493164 14.354325294494629 3.5
      vertex -8.883695602416992 14.415946006774902 3.4767255783081055
    endloop
  endfacet
  facet normal 0.29966852221571505 -0.5056581190160744 -0.8090170847801517
    outer loop
      vertex -8.883695602416992 14.415946006774902 3.4767255783081055
      vertex -8.27750015258789 15.354508399963379 3.1146392822265625
      vertex -8.023418426513672 14.925772666931152 3.4767255783081055
    endloop
  endfacet
  facet normal 0.29966852221571505 -0.5056581190160744 -0.8090170847801517
    outer loop
      vertex -8.27750015258789 15.354508399963379 3.1146392822265625
      vertex -8.883695602416992 14.415946006774902 3.4767255783081055
      vertex -9.137777328491211 14.844681739807129 3.1146392822265625
    endloop
  endfacet
  facet normal 0.43469892230126395 -0.7335072691783864 -0.5224977827824592
    outer loop
      vertex -8.301977157592773 15.3958101272583 3.0362939834594727
      vertex -9.137777328491211 14.844681739807129 3.1146392822265625
      vertex -9.162254333496094 14.88598346710205 3.0362939834594727
    endloop
  endfacet
  facet normal 0.43469892230126395 -0.7335072691783864 -0.5224977827824592
    outer loop
      vertex -9.137777328491211 14.844681739807129 3.1146392822265625
      vertex -8.301977157592773 15.3958101272583 3.0362939834594727
      vertex -8.27750015258789 15.354508399963379 3.1146392822265625
    endloop
  endfacet
  facet normal 0.5035491911245671 -0.8496855699115677 -0.15643734976612347
    outer loop
      vertex -8.312198638916016 15.41305923461914 2.909701347351074
      vertex -9.162254333496094 14.88598346710205 3.0362939834594727
      vertex -9.172476768493652 14.90323257446289 2.909701347351074
    endloop
  endfacet
  facet normal 0.5035499030699767 -0.8496858293104304 -0.15643364915280591
    outer loop
      vertex -9.162254333496094 14.88598346710205 3.0362939834594727
      vertex -8.312198638916016 15.41305923461914 2.909701347351074
      vertex -8.301977157592773 15.3958101272583 3.0362939834594727
    endloop
  endfacet
  facet normal 0.5082533257642153 -0.8576239490728851 -0.07848387621826369
    outer loop
      vertex -8.312982559204102 15.41438102722168 2.890176773071289
      vertex -9.172476768493652 14.90323257446289 2.909701347351074
      vertex -9.173259735107422 14.904555320739746 2.890176773071289
    endloop
  endfacet
  facet normal 0.5082542930390058 -0.8576249277183662 -0.07846691636280556
    outer loop
      vertex -9.172476768493652 14.90323257446289 2.909701347351074
      vertex -8.312982559204102 15.41438102722168 2.890176773071289
      vertex -8.312198638916016 15.41305923461914 2.909701347351074
    endloop
  endfacet
  facet normal 0.5098259434567358 -0.8602775757733367 0
    outer loop
      vertex -9.173259735107422 14.904555320739746 2.676180839538574
      vertex -8.312982559204102 15.41438102722168 2.890176773071289
      vertex -9.173259735107422 14.904555320739746 2.890176773071289
    endloop
  endfacet
  facet normal 0.5098259434567358 -0.8602775757733367 0
    outer loop
      vertex -8.312982559204102 15.41438102722168 2.890176773071289
      vertex -9.173259735107422 14.904555320739746 2.676180839538574
      vertex -8.312982559204102 15.41438102722168 2.676180839538574
    endloop
  endfacet
  facet normal 0.4848742569217002 -0.8181727026299129 -0.30901518351998986
    outer loop
      vertex -8.337325096130371 15.455455780029297 2.5292348861694336
      vertex -9.173259735107422 14.904555320739746 2.676180839538574
      vertex -9.197602272033691 14.945629119873047 2.5292348861694336
    endloop
  endfacet
  facet normal 0.4848727900660582 -0.8181717579303222 -0.3090199863742836
    outer loop
      vertex -9.173259735107422 14.904555320739746 2.676180839538574
      vertex -8.337325096130371 15.455455780029297 2.5292348861694336
      vertex -8.312982559204102 15.41438102722168 2.676180839538574
    endloop
  endfacet
  facet normal 0.4124577793868579 -0.6959777535398685 -0.5877869910102299
    outer loop
      vertex -8.344449996948242 15.46747875213623 2.5099992752075195
      vertex -9.197602272033691 14.945629119873047 2.5292348861694336
      vertex -9.204727172851562 14.95765209197998 2.5099992752075195
    endloop
  endfacet
  facet normal 0.4124577793868579 -0.6959777535398685 -0.5877869910102299
    outer loop
      vertex -9.197602272033691 14.945629119873047 2.5292348861694336
      vertex -8.344449996948242 15.46747875213623 2.5099992752075195
      vertex -8.337325096130371 15.455455780029297 2.5292348861694336
    endloop
  endfacet
  facet normal 0.23150745459739658 -0.3905258274992022 -0.8910072258527972
    outer loop
      vertex -8.453718185424805 15.643692016601562 2.3999996185302734
      vertex -8.4501371383667 15.645814895629883 2.3999996185302734
      vertex -8.350077629089355 15.476974487304688 2.5
    endloop
  endfacet
  facet normal 0 0 -1
    outer loop
      vertex -8.453718185424805 15.643692016601562 2.3999996185302734
      vertex -8.885934829711914 16.381175994873047 2.3999996185302734
      vertex -8.4501371383667 15.645814895629883 2.3999996185302734
    endloop
  endfacet
  facet normal 0 0 -1
    outer loop
      vertex -8.885934829711914 16.381175994873047 2.3999996185302734
      vertex -8.453718185424805 15.643692016601562 2.3999996185302734
      vertex -8.88951587677002 16.37905502319336 2.3999996185302734
    endloop
  endfacet
  facet normal -0.1574760072197771 0.26588237729778014 -0.9510561858232129
    outer loop
      vertex -8.962723731994629 16.506481170654297 2.4477453231811523
      vertex -8.885934829711914 16.381175994873047 2.3999996185302734
      vertex -8.88951587677002 16.37905502319336 2.3999996185302734
    endloop
  endfacet
  facet normal -0.15761126437655112 0.26579975255255145 -0.9510568757359504
    outer loop
      vertex -8.885934829711914 16.381175994873047 2.3999996185302734
      vertex -8.962723731994629 16.506481170654297 2.4477453231811523
      vertex -8.960851669311523 16.507591247558594 2.4477453231811523
    endloop
  endfacet
  facet normal -0.8602739437479888 -0.5098320720671484 0
    outer loop
      vertex -9.887017250061035 16.10894203186035 0.5
      vertex -9.845707893371582 16.03923797607422 2.5099992752075195
      vertex -9.887017250061035 16.10894203186035 2.5099992752075195
    endloop
  endfacet
  facet normal -0.8602772527541984 -0.5098264885170449 2.616364155900384e-7
    outer loop
      vertex -9.204727172851562 14.95765209197998 2.5099992752075195
      vertex -9.845707893371582 16.03923797607422 2.5099992752075195
      vertex -9.887017250061035 16.10894203186035 0.5
    endloop
  endfacet
  facet normal -0.8602772527489799 -0.5098264885139523 0.0000034929310232989713
    outer loop
      vertex -9.173259735107422 14.904555320739746 2.676180839538574
      vertex -9.845707893371582 16.03923797607422 2.5099992752075195
      vertex -9.204727172851562 14.95765209197998 2.5099992752075195
    endloop
  endfacet
  facet normal -0.860270840405926 -0.5098373067700901 -0.000042103478574202836
    outer loop
      vertex -9.172476768493652 14.90323257446289 2.909701347351074
      vertex -9.845707893371582 16.03923797607422 2.5099992752075195
      vertex -9.173259735107422 14.904555320739746 2.890176773071289
    endloop
  endfacet
  facet normal -0.8602774332501496 -0.5098261839491551 6.135694121040787e-7
    outer loop
      vertex -9.845707893371582 16.03923797607422 2.5099992752075195
      vertex -9.172476768493652 14.90323257446289 2.909701347351074
      vertex -9.802934646606445 15.967063903808594 3.5320444107055664
    endloop
  endfacet
  facet normal -0.8602775639312801 -0.5098259634389585 0
    outer loop
      vertex -8.847177505493164 14.354325294494629 3.5
      vertex -9.53013801574707 15.506749153137207 6.223817825317383
      vertex -9.53013801574707 15.506749153137207 4.1098222732543945
    endloop
  endfacet
  facet normal -0.8602774168732815 -0.5098262115736593 -0.0000032069793350850854
    outer loop
      vertex -9.53013801574707 15.506749153137207 6.223817825317383
      vertex -9.392984390258789 15.275315284729004 6.5
      vertex -9.505796432495117 15.46567440032959 6.370763778686523
    endloop
  endfacet
  facet normal -0.8602800758282012 -0.5098217248217982 0.0000057228411067049435
    outer loop
      vertex -9.505796432495117 15.46567440032959 6.370763778686523
      vertex -9.392984390258789 15.275315284729004 6.5
      vertex -9.496098518371582 15.449310302734375 6.396945953369141
    endloop
  endfacet
  facet normal -0.8602711764135891 -0.509836740941071 0.000024871004134511357
    outer loop
      vertex -8.883695602416992 14.415946006774902 3.4767255783081055
      vertex -9.53013801574707 15.506749153137207 4.1098222732543945
      vertex -9.530921936035156 15.508070945739746 4.090297698974609
    endloop
  endfacet
  facet normal -0.8602778730104701 -0.5098254418986555 -0.0000011925485158074724
    outer loop
      vertex -9.774737358093262 15.91948413848877 3.5873517990112305
      vertex -9.162254333496094 14.88598346710205 3.0362939834594727
      vertex -9.565621376037598 15.566621780395508 3.885359764099121
    endloop
  endfacet
  facet normal -0.8602773093238918 -0.5098263930603846 0.0000012178605348665365
    outer loop
      vertex -9.802934646606445 15.967063903808594 3.5320444107055664
      vertex -9.162254333496094 14.88598346710205 3.0362939834594727
      vertex -9.774737358093262 15.91948413848877 3.5873517990112305
    endloop
  endfacet
  facet normal -0.860277422201913 -0.5098262025918251 6.566294312532834e-7
    outer loop
      vertex -9.162254333496094 14.88598346710205 3.0362939834594727
      vertex -9.802934646606445 15.967063903808594 3.5320444107055664
      vertex -9.172476768493652 14.90323257446289 2.909701347351074
    endloop
  endfacet
  facet normal -0.8602768498633447 -0.509827168351325 -2.6452039063164245e-7
    outer loop
      vertex -9.173259735107422 14.904555320739746 0.5
      vertex -9.204727172851562 14.95765209197998 2.5099992752075195
      vertex -9.887017250061035 16.10894203186035 0.5
    endloop
  endfacet
  facet normal -0.8602724579972454 -0.509834579065973 0
    outer loop
      vertex -9.204727172851562 14.95765209197998 2.5099992752075195
      vertex -9.173259735107422 14.904555320739746 0.5
      vertex -9.173259735107422 14.904555320739746 2.5099992752075195
    endloop
  endfacet
  facet normal -0.8602739437479888 -0.5098320720671485 0
    outer loop
      vertex -9.845707893371582 16.03923797607422 2.5099992752075195
      vertex -9.887017250061035 16.10894203186035 3.223817825317383
      vertex -9.887017250061035 16.10894203186035 2.6690216064453125
    endloop
  endfacet
  facet normal -0.8602738089153243 -0.5098322995793022 3.0019352225343744e-8
    outer loop
      vertex -9.887017250061035 16.10894203186035 3.223817825317383
      vertex -9.845707893371582 16.03923797607422 2.5099992752075195
      vertex -9.802934646606445 15.967063903808594 3.5320444107055664
    endloop
  endfacet
  facet normal -0.8602899758918365 -0.5098050186994024 0.00001699780180462619
    outer loop
      vertex -9.887017250061035 16.10894203186035 3.223817825317383
      vertex -9.802934646606445 15.967063903808594 3.5320444107055664
      vertex -9.862674713134766 16.067869186401367 3.3707637786865234
    endloop
  endfacet
  facet normal -0.8603001437578489 -0.5097878600392604 0.00002016968269377462
    outer loop
      vertex -9.173259735107422 14.904555320739746 2.676180839538574
      vertex -9.204727172851562 14.95765209197998 2.5099992752075195
      vertex -9.197602272033691 14.945629119873047 2.5292348861694336
    endloop
  endfacet
  facet normal -0.8602770283870531 -0.5098268671122987 0
    outer loop
      vertex -9.845707893371582 16.03923797607422 2.5099992752075195
      vertex -9.173259735107422 14.904555320739746 2.676180839538574
      vertex -9.173259735107422 14.904555320739746 2.890176773071289
    endloop
  endfacet
  facet normal -0.8602759861810069 -0.509828625711823 0.000002256077151723138
    outer loop
      vertex -9.137777328491211 14.844681739807129 3.1146392822265625
      vertex -9.565621376037598 15.566621780395508 3.885359764099121
      vertex -9.162254333496094 14.88598346710205 3.0362939834594727
    endloop
  endfacet
  facet normal -0.860274708080605 -0.5098307823307382 0.000004985701244656661
    outer loop
      vertex -9.565621376037598 15.566621780395508 3.885359764099121
      vertex -9.137777328491211 14.844681739807129 3.1146392822265625
      vertex -9.541143417358398 15.52531909942627 3.963705062866211
    endloop
  endfacet
  facet normal -0.8602773901272791 -0.5098262567147657 8.366646929617366e-8
    outer loop
      vertex -8.883695602416992 14.415946006774902 3.4767255783081055
      vertex -9.541143417358398 15.52531909942627 3.963705062866211
      vertex -9.137777328491211 14.844681739807129 3.1146392822265625
    endloop
  endfacet
  facet normal -0.8602777674564993 -0.5098256200079994 -0.0000018762099856559364
    outer loop
      vertex -9.541143417358398 15.52531909942627 3.963705062866211
      vertex -8.883695602416992 14.415946006774902 3.4767255783081055
      vertex -9.530921936035156 15.508070945739746 4.090297698974609
    endloop
  endfacet
  facet normal -0.8602781434832717 -0.5098249854986902 -0.000002497142017036036
    outer loop
      vertex -9.53013801574707 15.506749153137207 4.1098222732543945
      vertex -8.883695602416992 14.415946006774902 3.4767255783081055
      vertex -8.847177505493164 14.354325294494629 3.5
    endloop
  endfacet
  facet normal -0.8602785815829856 -0.5098242462541407 -9.816885171171538e-7
    outer loop
      vertex -9.53013801574707 15.506749153137207 6.223817825317383
      vertex -8.847177505493164 14.354325294494629 3.5
      vertex -9.392984390258789 15.275315284729004 6.5
    endloop
  endfacet
  facet normal -0.8602772891858378 -0.509826427042636 -7.706063839065608e-8
    outer loop
      vertex -8.847177505493164 14.354325294494629 3.5
      vertex -2.3111348152160645 3.3254554271698 6.5
      vertex -9.392984390258789 15.275315284729004 6.5
    endloop
  endfacet
  facet normal -0.860277455262224 -0.5098261468064896 0
    outer loop
      vertex -1.9850518703460693 2.7752254009246826 7.1098222732543945
      vertex -1.9527943134307861 2.720794200897217 7.199999809265137
      vertex -1.9850518703460693 2.7752254009246826 7.368724346160889
    endloop
  endfacet
  facet normal -0.8602728109039408 -0.5098339835461931 -0.000006391600652681841
    outer loop
      vertex -1.985835075378418 2.7765471935272217 7.090297698974609
      vertex -1.9527943134307861 2.720794200897217 7.199999809265137
      vertex -1.9850518703460693 2.7752254009246826 7.1098222732543945
    endloop
  endfacet
  facet normal -0.8602788312107028 -0.5098238250321433 5.844099227017743e-7
    outer loop
      vertex -1.996057152748108 2.7937958240509033 6.963705062866211
      vertex -1.9527943134307861 2.720794200897217 7.199999809265137
      vertex -1.985835075378418 2.7765471935272217 7.090297698974609
    endloop
  endfacet
  facet normal -0.8602772992009188 -0.509826410143269 6.886000672798807e-9
    outer loop
      vertex -1.867293119430542 2.5765202045440674 3.5
      vertex -2.3111348152160645 3.3254554271698 6.5
      vertex -8.847177505493164 14.354325294494629 3.5
    endloop
  endfacet
  facet normal -0.8602772827478956 -0.5098264379059771 1.6251003265817546e-8
    outer loop
      vertex -1.7301386594772339 2.3450868129730225 3.776181221008301
      vertex -2.3111348152160645 3.3254554271698 6.5
      vertex -1.867293119430542 2.5765202045440674 3.5
    endloop
  endfacet
  facet normal -0.8602773025508411 -0.509826404490635 0
    outer loop
      vertex -1.7301386594772339 2.3450868129730225 5.910928726196289
      vertex -2.3111348152160645 3.3254554271698 6.5
      vertex -1.7301386594772339 2.3450868129730225 3.776181221008301
    endloop
  endfacet
  facet normal -0.8602771326406341 -0.5098266911955603 4.421775865547864e-7
    outer loop
      vertex -1.7299426794052124 2.3447561264038086 5.920732498168945
      vertex -2.27461576461792 3.2638332843780518 6.523273468017578
      vertex -1.7301386594772339 2.3450868129730225 5.910928726196289
    endloop
  endfacet
  facet normal -0.8602772078283389 -0.5098265643246186 1.8069013342917192e-7
    outer loop
      vertex -1.7281588315963745 2.3417460918426514 5.965191841125488
      vertex -2.27461576461792 3.2638332843780518 6.523273468017578
      vertex -1.7299426794052124 2.3447561264038086 5.920732498168945
    endloop
  endfacet
  facet normal -0.8602783580031838 -0.5098246235134405 0.0000032748476451538914
    outer loop
      vertex -1.7544807195663452 2.3861613273620605 3.62923526763916
      vertex -1.867293119430542 2.5765202045440674 3.5
      vertex -1.7641786336898804 2.4025254249572754 3.603053092956543
    endloop
  endfacet
  facet normal -0.8602775262594838 -0.5098260270059103 4.815060122529558e-7
    outer loop
      vertex -1.867293119430542 2.5765202045440674 3.5
      vertex -1.7544807195663452 2.3861613273620605 3.62923526763916
      vertex -1.7301386594772339 2.3450868129730225 3.776181221008301
    endloop
  endfacet
  facet normal -0.8602776747161982 -0.5098257764990867 -0.0000014122057596991876
    outer loop
      vertex -2.3111348152160645 3.3254554271698 6.5
      vertex -1.7301386594772339 2.3450868129730225 5.910928726196289
      vertex -2.27461576461792 3.2638332843780518 6.523273468017578
    endloop
  endfacet
  facet normal -0.8602773155397231 -0.5098263825732412 -2.2507533015254063e-7
    outer loop
      vertex -1.7102785110473633 2.311574935913086 6.041267395019531
      vertex -2.27461576461792 3.2638332843780518 6.523273468017578
      vertex -1.7281588315963745 2.3417460918426514 5.965191841125488
    endloop
  endfacet
  facet normal -0.860277222005707 -0.5098265404018364 1.9624369163209917e-7
    outer loop
      vertex -2.27461576461792 3.2638332843780518 6.523273468017578
      vertex -1.7102785110473633 2.311574935913086 6.041267395019531
      vertex -2.020533800125122 2.835097551345825 6.885359764099121
    endloop
  endfacet
  facet normal -0.8602773044677229 -0.5098264012560968 7.963297264799876e-8
    outer loop
      vertex -1.606709361076355 2.136813163757324 6.339984893798828
      vertex -2.020533800125122 2.835097551345825 6.885359764099121
      vertex -1.7102785110473633 2.311574935913086 6.041267395019531
    endloop
  endfacet
  facet normal -0.8602773447407379 -0.5098263332997073 -3.7935414286968133e-8
    outer loop
      vertex -2.020533800125122 2.835097551345825 6.885359764099121
      vertex -1.606709361076355 2.136813163757324 6.339984893798828
      vertex -1.996057152748108 2.7937958240509033 6.963705062866211
    endloop
  endfacet
  facet normal -0.8602772155228333 -0.5098265513410214 -3.9011077820085334e-8
    outer loop
      vertex -1.606709361076355 2.136813163757324 6.339984893798828
      vertex -1.7102785110473633 2.311574935913086 6.041267395019531
      vertex -1.6411625146865845 2.194949150085449 6.1768341064453125
    endloop
  endfacet
  facet normal -0.8602773858010737 -0.5098262640147642 -1.3654655492968828e-7
    outer loop
      vertex -1.499567985534668 1.9560234546661377 6.62923526763916
      vertex -1.996057152748108 2.7937958240509033 6.963705062866211
      vertex -1.606709361076355 2.136813163757324 6.339984893798828
    endloop
  endfacet
  facet normal -0.8602773188599252 -0.5098263769707468 2.457509145593219e-7
    outer loop
      vertex -1.4752254486083984 1.9149481058120728 6.776181221008301
      vertex -1.996057152748108 2.7937958240509033 6.963705062866211
      vertex -1.499567985534668 1.9560234546661377 6.62923526763916
    endloop
  endfacet
  facet normal -0.8602773826564314 -0.5098262693208442 -4.3594967895489045e-7
    outer loop
      vertex -1.996057152748108 2.7937958240509033 6.963705062866211
      vertex -1.4752254486083984 1.9149481058120728 6.776181221008301
      vertex -1.9527943134307861 2.720794200897217 7.199999809265137
    endloop
  endfacet
  facet normal -0.8602772820965761 -0.5098264390050089 0
    outer loop
      vertex -1.9527943134307861 2.720794200897217 7.199999809265137
      vertex -1.4752254486083984 1.9149481058120728 6.776181221008301
      vertex -1.4752254486083984 1.9149481058120728 7.199999809265137
    endloop
  endfacet
  facet normal -0.8602753327842807 -0.5098297282455146 0
    outer loop
      vertex -1.9850518703460693 2.7752254009246826 11.273818016052246
      vertex -1.9850518703460693 2.7752254009246826 11.25999927520752
      vertex -1.9812127351760864 2.768747329711914 11.296993255615234
    endloop
  endfacet
  facet normal -0.860278392418095 -0.5098245654522131 0
    outer loop
      vertex -1.4752254486083984 1.9149481058120728 11.280977249145508
      vertex -1.4816111326217651 1.9257233142852783 11.305559158325195
      vertex -1.4752254486083984 1.9149481058120728 11.25999927520752
    endloop
  endfacet
  facet normal -0.86027728567489 -0.5098264329669888 0
    outer loop
      vertex -1.9850518703460693 2.7752254009246826 8
      vertex -1.8028178215026855 2.4677250385284424 11.011253356933594
      vertex -1.9850518703460693 2.7752254009246826 11.25
    endloop
  endfacet
  facet normal -0.8602772930530604 -0.5098264205171195 1.7178538632711195e-9
    outer loop
      vertex -1.4752254486083984 1.9149481058120728 8
      vertex -1.8028178215026855 2.4677250385284424 11.011253356933594
      vertex -1.9850518703460693 2.7752254009246826 8
    endloop
  endfacet
  facet normal -0.8602773185035079 -0.5098263775722222 -8.934295670948824e-9
    outer loop
      vertex -1.8028178215026855 2.4677250385284424 11.011253356933594
      vertex -1.4752254486083984 1.9149481058120728 8
      vertex -1.6382724046707153 2.1900722980499268 11.116120338439941
    endloop
  endfacet
  facet normal -0.8602770645476615 -0.5098268060952239 4.2188175587789474e-8
    outer loop
      vertex -1.6382724046707153 2.1900722980499268 11.116120338439941
      vertex -1.4752254486083984 1.9149481058120728 8
      vertex -1.5398616790771484 2.024014949798584 11.178839683532715
    endloop
  endfacet
  facet normal -0.8602776038440607 -0.509825896090343 0
    outer loop
      vertex -1.5398616790771484 2.024014949798584 11.178839683532715
      vertex -1.4752254486083984 1.9149481058120728 8
      vertex -1.4752254486083984 1.9149481058120728 11.25
    endloop
  endfacet
  facet normal 0.860277455262224 0.5098261468064896 0
    outer loop
      vertex -1.1247745752334595 3.2850518226623535 7.368724346160889
      vertex -1.0925170183181763 3.2306206226348877 7.199999809265137
      vertex -1.1247745752334595 3.2850518226623535 7.1098222732543945
    endloop
  endfacet
  facet normal 0.86027629985221 0.5098280964327274 6.101076901703362e-7
    outer loop
      vertex -8.532706260681152 15.785141944885254 6.5
      vertex -8.66986083984375 16.01657485961914 6.223817825317383
      vertex -8.645519256591797 15.97550106048584 6.370763778686523
    endloop
  endfacet
  facet normal 0.8602776177355664 0.5098258726405894 0.000003078966976387784
    outer loop
      vertex -8.301977157592773 15.3958101272583 3.0362939834594727
      vertex -9.026739120483398 16.6187686920166 3.223817825317383
      vertex -9.002397537231445 16.577693939208984 3.3707637786865234
    endloop
  endfacet
  facet normal 0.8602771423057851 0.50982667488686 0
    outer loop
      vertex -9.026739120483398 16.6187686920166 3.223817825317383
      vertex -8.312198638916016 15.41305923461914 2.909701347351074
      vertex -9.026739120483398 16.6187686920166 2.6690216064453125
    endloop
  endfacet
  facet normal 0.860276606874627 0.5098275783615871 -0.000002497650176195295
    outer loop
      vertex -9.026739120483398 16.6187686920166 2.6690216064453125
      vertex -8.885934829711914 16.381175994873047 2.3999996185302734
      vertex -8.985430717468262 16.54906463623047 2.5099992752075195
    endloop
  endfacet
  facet normal 0.860286300178689 0.5098112206975867 0.000031236181272337104
    outer loop
      vertex -8.985430717468262 16.54906463623047 2.5099992752075195
      vertex -8.885934829711914 16.381175994873047 2.3999996185302734
      vertex -8.982832908630371 16.544681549072266 2.5
    endloop
  endfacet
  facet normal 0.8602815373662543 0.5098192584485901 0.00001347900593561349
    outer loop
      vertex -8.960851669311523 16.507591247558594 2.4477453231811523
      vertex -8.982832908630371 16.544681549072266 2.5
      vertex -8.885934829711914 16.381175994873047 2.3999996185302734
    endloop
  endfacet
  facet normal 0.8602767218887843 0.5098273842774234 -0.000004138570993538854
    outer loop
      vertex -8.301977157592773 15.3958101272583 3.0362939834594727
      vertex -9.002397537231445 16.577693939208984 3.3707637786865234
      vertex -8.942657470703125 16.476890563964844 3.5320444107055664
    endloop
  endfacet
  facet normal 0.8602785772123877 0.5098242536046719 0.00000508618832330189
    outer loop
      vertex -8.301977157592773 15.3958101272583 3.0362939834594727
      vertex -8.942657470703125 16.476890563964844 3.5320444107055664
      vertex -8.914460182189941 16.429309844970703 3.5873517990112305
    endloop
  endfacet
  facet normal 0.8602258787252521 0.5099131609460106 -0.0000765860013853639
    outer loop
      vertex -8.982832908630371 16.544681549072266 2.5
      vertex -8.960851669311523 16.507591247558594 2.4477453231811523
      vertex -8.974200248718262 16.530113220214844 2.4667673110961914
    endloop
  endfacet
  facet normal 0.8602771179955518 0.5098267159064306 -0.0000011536899920729166
    outer loop
      vertex -8.301977157592773 15.3958101272583 3.0362939834594727
      vertex -8.914460182189941 16.429309844970703 3.5873517990112305
      vertex -8.705343246459961 16.076448440551758 3.885359764099121
    endloop
  endfacet
  facet normal 0.8602800237754957 0.5098218126607716 0.00000530262706656379
    outer loop
      vertex -8.27750015258789 15.354508399963379 3.1146392822265625
      vertex -8.705343246459961 16.076448440551758 3.885359764099121
      vertex -8.680866241455078 16.035144805908203 3.963705062866211
    endloop
  endfacet
  facet normal 0.8602767922697437 0.5098272655331324 -0.000001043611422918759
    outer loop
      vertex -8.532706260681152 15.785141944885254 6.5
      vertex -8.645519256591797 15.97550106048584 6.370763778686523
      vertex -8.635821342468262 15.959136962890625 6.396945953369141
    endloop
  endfacet
  facet normal 0.8602768837698997 0.5098271111375844 -5.055208336704345e-7
    outer loop
      vertex -7.9868998527526855 14.864151000976562 3.5
      vertex -8.66986083984375 16.01657485961914 6.223817825317383
      vertex -8.532706260681152 15.785141944885254 6.5
    endloop
  endfacet
  facet normal 0.8602774078118255 0.5098262268739869 0
    outer loop
      vertex -8.66986083984375 16.01657485961914 6.223817825317383
      vertex -7.9868998527526855 14.864151000976562 3.5
      vertex -8.66986083984375 16.01657485961914 4.1098222732543945
    endloop
  endfacet
  facet normal 0.8602777945675423 0.5098255742324215 0.000005708509491262891
    outer loop
      vertex -9.026739120483398 16.6187686920166 3.223817825317383
      vertex -8.301977157592773 15.3958101272583 3.0362939834594727
      vertex -8.312198638916016 15.41305923461914 2.909701347351074
    endloop
  endfacet
  facet normal 0.8602775860814929 0.5098259260591453 0.0000019325540089985074
    outer loop
      vertex -8.023418426513672 14.925772666931152 3.4767255783081055
      vertex -8.680866241455078 16.035144805908203 3.963705062866211
      vertex -8.670644760131836 16.01789665222168 4.090297698974609
    endloop
  endfacet
  facet normal 0.8602783940709154 0.5098245626455321 0.000004249554620971482
    outer loop
      vertex -8.023418426513672 14.925772666931152 3.4767255783081055
      vertex -8.66986083984375 16.01657485961914 4.1098222732543945
      vertex -7.9868998527526855 14.864151000976562 3.5
    endloop
  endfacet
  facet normal 0.8602794310408303 0.5098228122048718 -0.000026145391472194194
    outer loop
      vertex -8.312982559204102 15.41438102722168 2.890176773071289
      vertex -9.026739120483398 16.6187686920166 2.6690216064453125
      vertex -8.312198638916016 15.41305923461914 2.909701347351074
    endloop
  endfacet
  facet normal 0.8602770895420279 0.5098267639197281 4.855644842588932e-7
    outer loop
      vertex -8.885934829711914 16.381175994873047 2.3999996185302734
      vertex -8.312982559204102 15.41438102722168 2.890176773071289
      vertex -8.4501371383667 15.645814895629883 2.3999996185302734
    endloop
  endfacet
  facet normal 0.8602775406017563 0.5098260028050684 0
    outer loop
      vertex -8.312982559204102 15.41438102722168 2.676180839538574
      vertex -8.4501371383667 15.645814895629883 2.3999996185302734
      vertex -8.312982559204102 15.41438102722168 2.890176773071289
    endloop
  endfacet
  facet normal 0.8602789946242468 0.5098235492801185 -0.0000027780839347952776
    outer loop
      vertex -8.4501371383667 15.645814895629883 2.3999996185302734
      vertex -8.312982559204102 15.41438102722168 2.676180839538574
      vertex -8.350077629089355 15.476974487304688 2.5
    endloop
  endfacet
  facet normal 0.8602824893837968 0.5098176521347181 -0.000005609044930709201
    outer loop
      vertex -8.337325096130371 15.455455780029297 2.5292348861694336
      vertex -8.350077629089355 15.476974487304688 2.5
      vertex -8.312982559204102 15.41438102722168 2.676180839538574
    endloop
  endfacet
  facet normal 0.8602773984671435 0.5098262426413405 -9.036652301677421e-7
    outer loop
      vertex -9.026739120483398 16.6187686920166 2.6690216064453125
      vertex -8.312982559204102 15.41438102722168 2.890176773071289
      vertex -8.885934829711914 16.381175994873047 2.3999996185302734
    endloop
  endfacet
  facet normal 0.8602763051109535 0.5098280875527349 -0.000002639423061091998
    outer loop
      vertex -8.705343246459961 16.076448440551758 3.885359764099121
      vertex -8.27750015258789 15.354508399963379 3.1146392822265625
      vertex -8.301977157592773 15.3958101272583 3.0362939834594727
    endloop
  endfacet
  facet normal 0.860277263645474 0.5098264701391929 2.5779741643842964e-7
    outer loop
      vertex -8.680866241455078 16.035144805908203 3.963705062866211
      vertex -8.023418426513672 14.925772666931152 3.4767255783081055
      vertex -8.27750015258789 15.354508399963379 3.1146392822265625
    endloop
  endfacet
  facet normal 0.8602709883032461 0.5098370583496584 -0.000024841963202352016
    outer loop
      vertex -8.66986083984375 16.01657485961914 4.1098222732543945
      vertex -8.023418426513672 14.925772666931152 3.4767255783081055
      vertex -8.670644760131836 16.01789665222168 4.090297698974609
    endloop
  endfacet
  facet normal 0.8602773199949257 0.5098263750555753 -2.001810740608007e-7
    outer loop
      vertex -1.4508575201034546 3.8352818489074707 6.5
      vertex -7.9868998527526855 14.864151000976562 3.5
      vertex -8.532706260681152 15.785141944885254 6.5
    endloop
  endfacet
  facet normal 0.8602728109039408 0.5098339835461931 0.000006391600652681841
    outer loop
      vertex -1.0925170183181763 3.2306206226348877 7.199999809265137
      vertex -1.125557780265808 3.2863736152648926 7.090297698974609
      vertex -1.1247745752334595 3.2850518226623535 7.1098222732543945
    endloop
  endfacet
  facet normal 0.8602788312107028 0.5098238250321433 -5.844099227017743e-7
    outer loop
      vertex -1.0925170183181763 3.2306206226348877 7.199999809265137
      vertex -1.135779857635498 3.303622245788574 6.963705062866211
      vertex -1.125557780265808 3.2863736152648926 7.090297698974609
    endloop
  endfacet
  facet normal 0.8602772970784105 0.509826413724774 -8.094125000702652e-9
    outer loop
      vertex -1.4508575201034546 3.8352818489074707 6.5
      vertex -1.0070158243179321 3.0863466262817383 3.5
      vertex -7.9868998527526855 14.864151000976562 3.5
    endloop
  endfacet
  facet normal 0.860277226519892 0.5098265327845927 -2.885033885145778e-7
    outer loop
      vertex -0.869861364364624 2.8549132347106934 5.910928726196289
      vertex -1.4508575201034546 3.8352818489074707 6.5
      vertex -1.4143383502960205 3.7736597061157227 6.523273468017578
    endloop
  endfacet
  facet normal 0.8602773301682128 0.5098263578892774 7.82055268836275e-8
    outer loop
      vertex -0.8500012159347534 2.821401357650757 6.041267395019531
      vertex -1.4143383502960205 3.7736597061157227 6.523273468017578
      vertex -1.1602566242218018 3.344923973083496 6.885359764099121
    endloop
  endfacet
  facet normal 0.860277012761157 0.509826893478541 -8.720223248943742e-7
    outer loop
      vertex -0.7464320063591003 2.646639347076416 6.339984893798828
      vertex -1.1602566242218018 3.344923973083496 6.885359764099121
      vertex -1.135779857635498 3.303622245788574 6.963705062866211
    endloop
  endfacet
  facet normal 0.8602773542016857 0.5098263173351679 4.559931066159459e-7
    outer loop
      vertex -0.6149481534957886 2.424774646759033 6.776181221008301
      vertex -1.135779857635498 3.303622245788574 6.963705062866211
      vertex -1.0925170183181763 3.2306206226348877 7.199999809265137
    endloop
  endfacet
  facet normal 0.8602773025508411 0.509826404490635 0
    outer loop
      vertex -1.4508575201034546 3.8352818489074707 6.5
      vertex -0.869861364364624 2.8549132347106934 5.910928726196289
      vertex -0.869861364364624 2.8549132347106934 3.776181221008301
    endloop
  endfacet
  facet normal 0.8602772827478956 0.5098264379059771 -1.6251003265817546e-8
    outer loop
      vertex -1.4508575201034546 3.8352818489074707 6.5
      vertex -0.869861364364624 2.8549132347106934 3.776181221008301
      vertex -1.0070158243179321 3.0863466262817383 3.5
    endloop
  endfacet
  facet normal 0.8602772522074112 0.5098264894397547 4.2099816135432734e-8
    outer loop
      vertex -0.8942033648490906 2.8959877490997314 3.62923526763916
      vertex -1.0070158243179321 3.0863466262817383 3.5
      vertex -0.869861364364624 2.8549132347106934 3.776181221008301
    endloop
  endfacet
  facet normal 0.8602771805210921 0.5098266104024793 -4.4585992458293807e-7
    outer loop
      vertex -1.4143383502960205 3.7736597061157227 6.523273468017578
      vertex -0.8696653842926025 2.8545825481414795 5.920732498168945
      vertex -0.869861364364624 2.8549132347106934 5.910928726196289
    endloop
  endfacet
  facet normal 0.8602772546877131 0.5098264852544798 -1.879235701203956e-7
    outer loop
      vertex -1.4143383502960205 3.7736597061157227 6.523273468017578
      vertex -0.8678815364837646 2.8515725135803223 5.965191841125488
      vertex -0.8696653842926025 2.8545825481414795 5.920732498168945
    endloop
  endfacet
  facet normal 0.8602773548769613 0.5098263161958813 1.8950484837618494e-7
    outer loop
      vertex -1.4143383502960205 3.7736597061157227 6.523273468017578
      vertex -0.8500012159347534 2.821401357650757 6.041267395019531
      vertex -0.8678815364837646 2.8515725135803223 5.965191841125488
    endloop
  endfacet
  facet normal 0.8602773458656983 0.5098263314014486 1.0040357992328595e-7
    outer loop
      vertex -1.1602566242218018 3.344923973083496 6.885359764099121
      vertex -0.7464320063591003 2.646639347076416 6.339984893798828
      vertex -0.8500012159347534 2.821401357650757 6.041267395019531
    endloop
  endfacet
  facet normal 0.8602768406447591 0.5098271839061471 7.743204722914038e-7
    outer loop
      vertex -0.8500012159347534 2.821401357650757 6.041267395019531
      vertex -0.7464320063591003 2.646639347076416 6.339984893798828
      vertex -0.7808852195739746 2.70477557182312 6.1768341064453125
    endloop
  endfacet
  facet normal 0.8602773054288828 0.5098263996342208 -1.691481115984866e-7
    outer loop
      vertex -1.135779857635498 3.303622245788574 6.963705062866211
      vertex -0.6392906308174133 2.4658498764038086 6.62923526763916
      vertex -0.7464320063591003 2.646639347076416 6.339984893798828
    endloop
  endfacet
  facet normal 0.860277249018425 0.5098264948208272 0
    outer loop
      vertex -0.6149481534957886 2.424774646759033 6.776181221008301
      vertex -1.0925170183181763 3.2306206226348877 7.199999809265137
      vertex -0.6149481534957886 2.424774646759033 7.199999809265137
    endloop
  endfacet
  facet normal 0.8602772845272518 0.5098264349034233 -2.885161335984932e-7
    outer loop
      vertex -1.135779857635498 3.303622245788574 6.963705062866211
      vertex -0.6149481534957886 2.424774646759033 6.776181221008301
      vertex -0.6392906308174133 2.4658498764038086 6.62923526763916
    endloop
  endfacet
  facet normal 0.8602791060287925 0.509823361303012 0
    outer loop
      vertex -8.985430717468262 16.54906463623047 2.5099992752075195
      vertex -9.026739120483398 16.6187686920166 2.5
      vertex -9.026739120483398 16.6187686920166 2.5099992752075195
    endloop
  endfacet
  facet normal 0.8602776824395595 0.5098257629667492 0.000022622829774026502
    outer loop
      vertex -9.026739120483398 16.6187686920166 2.5
      vertex -8.985430717468262 16.54906463623047 2.5099992752075195
      vertex -8.982832908630371 16.544681549072266 2.5
    endloop
  endfacet
  facet normal 0.8602764742210798 0.5098278022055561 0
    outer loop
      vertex -8.312982559204102 15.41438102722168 2.5
      vertex -8.344449996948242 15.46747875213623 2.5099992752075195
      vertex -8.312982559204102 15.41438102722168 2.5099992752075195
    endloop
  endfacet
  facet normal 0.8602755650421602 0.509829336219717 -0.000011007017078227323
    outer loop
      vertex -8.344449996948242 15.46747875213623 2.5099992752075195
      vertex -8.312982559204102 15.41438102722168 2.5
      vertex -8.350077629089355 15.476974487304688 2.5
    endloop
  endfacet
  facet normal 0.8602406142696912 0.5098883028467197 0.00006466062368528755
    outer loop
      vertex -8.350077629089355 15.476974487304688 2.5
      vertex -8.337325096130371 15.455455780029297 2.5292348861694336
      vertex -8.344449996948242 15.46747875213623 2.5099992752075195
    endloop
  endfacet
  facet normal 0.8602781527813498 0.509824969806515 -0.0000029823968658128268
    outer loop
      vertex -1.0070158243179321 3.0863466262817383 3.5
      vertex -0.8942033648490906 2.8959877490997314 3.62923526763916
      vertex -0.9039012789726257 2.9123518466949463 3.603053092956543
    endloop
  endfacet
  facet normal 0.8602753327842807 0.5098297282455146 0
    outer loop
      vertex -1.1247745752334595 3.2850518226623535 11.25999927520752
      vertex -1.1247745752334595 3.2850518226623535 11.273818016052246
      vertex -1.1209354400634766 3.278573751449585 11.296993255615234
    endloop
  endfacet
  facet normal 0.8602759185856421 0.5098287397760443 0
    outer loop
      vertex -0.6213338375091553 2.435549736022949 11.305559158325195
      vertex -0.6149481534957886 2.424774646759033 11.280977249145508
      vertex -0.6149481534957886 2.424774646759033 11.25999927520752
    endloop
  endfacet
  facet normal 0.86027728567489 0.5098264329669888 0
    outer loop
      vertex -0.9425405263900757 2.9775514602661133 11.011253356933594
      vertex -1.1247745752334595 3.2850518226623535 8
      vertex -1.1247745752334595 3.2850518226623535 11.25
    endloop
  endfacet
  facet normal 0.8602772396300937 0.5098265106626237 -3.894773213972839e-9
    outer loop
      vertex -0.6149481534957886 2.424774646759033 8
      vertex -0.9425405263900757 2.9775514602661133 11.011253356933594
      vertex -0.7779950499534607 2.6998987197875977 11.116120338439941
    endloop
  endfacet
  facet normal 0.8602771951204502 0.5098265857678381 -1.2854764709078517e-8
    outer loop
      vertex -0.6149481534957886 2.424774646759033 8
      vertex -0.7779950499534607 2.6998987197875977 11.116120338439941
      vertex -0.6795843839645386 2.533841371536255 11.178839683532715
    endloop
  endfacet
  facet normal 0.8602773594445796 0.5098263084885494 0
    outer loop
      vertex -0.6149481534957886 2.424774646759033 8
      vertex -0.6795843839645386 2.533841371536255 11.178839683532715
      vertex -0.6149481534957886 2.424774646759033 11.25
    endloop
  endfacet
  facet normal 0.8602772620678221 0.5098264728013755 5.496415600279203e-9
    outer loop
      vertex -0.9425405263900757 2.9775514602661133 11.011253356933594
      vertex -0.6149481534957886 2.424774646759033 8
      vertex -1.1247745752334595 3.2850518226623535 8
    endloop
  endfacet
  facet normal 0 0 1
    outer loop
      vertex -9.026739120483398 16.6187686920166 2.5099992752075195
      vertex -9.845707893371582 16.03923797607422 2.5099992752075195
      vertex -8.985430717468262 16.54906463623047 2.5099992752075195
    endloop
  endfacet
  facet normal 0 0 1
    outer loop
      vertex -9.845707893371582 16.03923797607422 2.5099992752075195
      vertex -9.026739120483398 16.6187686920166 2.5099992752075195
      vertex -9.887017250061035 16.10894203186035 2.5099992752075195
    endloop
  endfacet
  facet normal 0 0 1
    outer loop
      vertex -8.344449996948242 15.46747875213623 2.5099992752075195
      vertex -9.173259735107422 14.904555320739746 2.5099992752075195
      vertex -8.312982559204102 15.41438102722168 2.5099992752075195
    endloop
  endfacet
  facet normal 0 0 1
    outer loop
      vertex -9.173259735107422 14.904555320739746 2.5099992752075195
      vertex -8.344449996948242 15.46747875213623 2.5099992752075195
      vertex -9.204727172851562 14.95765209197998 2.5099992752075195
    endloop
  endfacet
  facet normal -0.6959785136874816 -0.41245759303606444 -0.5877862217101216
    outer loop
      vertex -8.876041412353516 15.080695152282715 0.024471282958984375
      vertex -9.887017250061035 16.10894203186035 0.5
      vertex -9.589797973632812 16.285083770751953 0.024471282958984375
    endloop
  endfacet
  facet normal -0.6959792332712894 -0.412459223779406 -0.5877842253534863
    outer loop
      vertex -9.887017250061035 16.10894203186035 0.5
      vertex -8.876041412353516 15.080695152282715 0.024471282958984375
      vertex -9.173259735107422 14.904555320739746 0.5
    endloop
  endfacet
  facet normal -0.5098262309756157 0.8602774053810771 0
    outer loop
      vertex -9.026739120483398 16.6187686920166 2.5
      vertex -9.887017250061035 16.10894203186035 2.5099992752075195
      vertex -9.026739120483398 16.6187686920166 2.5099992752075195
    endloop
  endfacet
  facet normal -0.5098262309756157 0.8602774053810771 0
    outer loop
      vertex -9.026739120483398 16.6187686920166 2.5
      vertex -9.887017250061035 16.10894203186035 0.5
      vertex -9.887017250061035 16.10894203186035 2.5099992752075195
    endloop
  endfacet
  facet normal -0.509827401678547 0.8602767115860098 6.804226750166457e-7
    outer loop
      vertex -9.10888957977295 16.570085525512695 0.20610713958740234
      vertex -9.887017250061035 16.10894203186035 0.5
      vertex -9.026739120483398 16.6187686920166 2.5
    endloop
  endfacet
  facet normal -0.5098275702539953 0.8602766116830688 7.733619062199432e-8
    outer loop
      vertex -9.887017250061035 16.10894203186035 0.5
      vertex -9.10888957977295 16.570085525512695 0.20610713958740234
      vertex -9.589797973632812 16.285083770751953 0.024471282958984375
    endloop
  endfacet
  facet normal 0.26584109514556475 0.1575453495724537 -0.951056241743831
    outer loop
      vertex -8.876041412353516 15.080695152282715 0.024471282958984375
      vertex -9.10888957977295 16.570085525512695 0.20610713958740234
      vertex -8.395133018493652 15.365696907043457 0.20610713958740234
    endloop
  endfacet
  facet normal 0.26584109514556475 0.1575453495724537 -0.951056241743831
    outer loop
      vertex -9.10888957977295 16.570085525512695 0.20610713958740234
      vertex -8.876041412353516 15.080695152282715 0.024471282958984375
      vertex -9.589797973632812 16.285083770751953 0.024471282958984375
    endloop
  endfacet
  facet normal 0.5098259434567358 -0.8602775757733367 0
    outer loop
      vertex -9.173259735107422 14.904555320739746 2.5099992752075195
      vertex -8.312982559204102 15.41438102722168 2.5
      vertex -8.312982559204102 15.41438102722168 2.5099992752075195
    endloop
  endfacet
  facet normal 0.5098259434567359 -0.8602775757733369 0
    outer loop
      vertex -9.173259735107422 14.904555320739746 0.5
      vertex -8.312982559204102 15.41438102722168 2.5
      vertex -9.173259735107422 14.904555320739746 2.5099992752075195
    endloop
  endfacet
  facet normal 0.5098264167957044 -0.8602772952584399 -2.7510820829049995e-7
    outer loop
      vertex -9.173259735107422 14.904555320739746 0.5
      vertex -8.395133018493652 15.365696907043457 0.20610713958740234
      vertex -8.312982559204102 15.41438102722168 2.5
    endloop
  endfacet
  facet normal 0.5098270211647168 -0.8602769370887206 0.0000018870492083616126
    outer loop
      vertex -8.395133018493652 15.365696907043457 0.20610713958740234
      vertex -9.173259735107422 14.904555320739746 0.5
      vertex -8.876041412353516 15.080695152282715 0.024471282958984375
    endloop
  endfacet
  facet normal 0.8595331314292903 0.5093845202208004 -0.04159575140303944
    outer loop
      vertex -8.975390434265137 16.529409408569336 2.4667673110961914
      vertex -9.026739120483398 16.6187686920166 2.5
      vertex -8.982832908630371 16.544681549072266 2.5
    endloop
  endfacet
  facet normal 0.8595216763171459 0.5093991814545679 -0.041652873542885216
    outer loop
      vertex -8.962723731994629 16.506481170654297 2.4477453231811523
      vertex -9.026739120483398 16.6187686920166 2.5
      vertex -8.975390434265137 16.529409408569336 2.4667673110961914
    endloop
  endfacet
  facet normal 0.8595362263456694 0.5093795360774281 -0.04159283381774111
    outer loop
      vertex -9.026739120483398 16.6187686920166 2.5
      vertex -8.962723731994629 16.506481170654297 2.4477453231811523
      vertex -9.10888957977295 16.570085525512695 0.20610713958740234
    endloop
  endfacet
  facet normal 0.8595280487075179 0.5093934106011638 -0.04159190691902943
    outer loop
      vertex -8.88951587677002 16.37905502319336 2.3999996185302734
      vertex -9.10888957977295 16.570085525512695 0.20610713958740234
      vertex -8.962723731994629 16.506481170654297 2.4477453231811523
    endloop
  endfacet
  facet normal 0.8595332100181452 0.5093845967266365 -0.041593190470857994
    outer loop
      vertex -8.453718185424805 15.643692016601562 2.3999996185302734
      vertex -9.10888957977295 16.570085525512695 0.20610713958740234
      vertex -8.88951587677002 16.37905502319336 2.3999996185302734
    endloop
  endfacet
  facet normal 0.8595314597572666 0.509388353447579 -0.041583350748907864
    outer loop
      vertex -8.312982559204102 15.41438102722168 2.5
      vertex -8.453718185424805 15.643692016601562 2.3999996185302734
      vertex -8.350077629089355 15.476974487304688 2.5
    endloop
  endfacet
  facet normal 0.8595329530207637 0.5093850422426295 -0.041593045222490306
    outer loop
      vertex -8.453718185424805 15.643692016601562 2.3999996185302734
      vertex -8.312982559204102 15.41438102722168 2.5
      vertex -8.395133018493652 15.365696907043457 0.20610713958740234
    endloop
  endfacet
  facet normal 0.8595330494135132 0.5093848814637953 -0.041593022275643356
    outer loop
      vertex -8.453718185424805 15.643692016601562 2.3999996185302734
      vertex -8.395133018493652 15.365696907043457 0.20610713958740234
      vertex -9.10888957977295 16.570085525512695 0.20610713958740234
    endloop
  endfacet
  facet normal -0.26298541404686315 0.7713520870461609 -0.5795296625783118
    outer loop
      vertex -1.1247745752334595 3.2850518226623535 11.25
      vertex -1.5549131631851196 3.0301387310028076 11.105904579162598
      vertex -1.6823698282241821 3.2452080249786377 11.449999809265137
    endloop
  endfacet
  facet normal -0.009635097439834097 0.8463398558876489 0.5325561127556407
    outer loop
      vertex -1.6823698282241821 3.2452080249786377 11.449999809265137
      vertex -1.4181582927703857 2.799379587173462 12.163291931152344
      vertex -0.9324184656143188 3.2537457942962646 11.449999809265137
    endloop
  endfacet
  facet normal 0.6205967821906357 -0.13605877387612386 -0.7722354848010771
    outer loop
      vertex -0.5865619778633118 2.6701500415802 11.22957992553711
      vertex -0.6149481534957886 2.424774646759033 11.25
      vertex -0.6795843839645386 2.533841371536255 11.178839683532715
    endloop
  endfacet
  facet normal 0.620596935657555 -0.1360578279472644 -0.772235528130327
    outer loop
      vertex -0.6149481534957886 2.424774646759033 11.25
      vertex -0.9906567335128784 2.078016519546509 11.009160995483398
      vertex -0.8484529256820679 2.2863924503326416 11.0867280960083
    endloop
  endfacet
  facet normal 0.17035077433468596 0.6653079974369691 -0.726874048394894
    outer loop
      vertex -1.1247745752334595 3.2850518226623535 11.25
      vertex -0.8003127574920654 3.0308315753936768 11.093353271484375
      vertex -0.9425405263900757 2.9775514602661133 11.011253356933594
    endloop
  endfacet
  facet normal 0.5068082878576532 -0.025103791130090775 -0.8616931930969925
    outer loop
      vertex -0.8484529256820679 2.2863924503326416 11.0867280960083
      vertex -0.9906567335128784 2.078016519546509 11.009160995483398
      vertex -1.0450867414474487 2.169861316680908 10.974472045898438
    endloop
  endfacet
  facet normal 0.506810533048753 -0.02510688162079914 -0.8616917825337075
    outer loop
      vertex -0.5865619778633118 2.6701500415802 11.22957992553711
      vertex -0.6795843839645386 2.533841371536255 11.178839683532715
      vertex -0.7779950499534607 2.6998987197875977 11.116120338439941
    endloop
  endfacet
  facet normal 0.5068110603332976 -0.025102763344359028 -0.8616915923904072
    outer loop
      vertex -0.7779950499534607 2.6998987197875977 11.116120338439941
      vertex -0.8003127574920654 3.0308315753936768 11.093353271484375
      vertex -0.5865619778633118 2.6701500415802 11.22957992553711
    endloop
  endfacet
  facet normal 0.5068094167300357 -0.02510294033771404 -0.861692553931019
    outer loop
      vertex -0.8003127574920654 3.0308315753936768 11.093353271484375
      vertex -0.7779950499534607 2.6998987197875977 11.116120338439941
      vertex -0.9425405263900757 2.9775514602661133 11.011253356933594
    endloop
  endfacet
  facet normal -0.6653919883123618 0.170021612295705 -0.7268742348178883
    outer loop
      vertex -1.8028178215026855 2.4677250385284424 11.011253356933594
      vertex -1.917845606803894 2.3685479164123535 11.093353271484375
      vertex -1.9850518703460693 2.7752254009246826 11.25
    endloop
  endfacet
  facet normal -0.37616894688718583 -0.9265510905491319 0
    outer loop
      vertex -1.7040947675704956 2.007866382598877 11.22957992553711
      vertex -1.4752254486083984 1.9149481058120728 11.25999927520752
      vertex -1.7040947675704956 2.007866382598877 11.670418739318848
    endloop
  endfacet
  facet normal -0.37616894688718583 -0.9265510905491319 0
    outer loop
      vertex -1.4752254486083984 1.9149481058120728 11.25999927520752
      vertex -1.7040947675704956 2.007866382598877 11.22957992553711
      vertex -1.4752254486083984 1.9149481058120728 11.25
    endloop
  endfacet
  facet normal -0.8584251090256981 0.4826670036816112 0.1736055752308484
    outer loop
      vertex -1.9850518703460693 2.7752254009246826 11.25999927520752
      vertex -2.0499513149261475 2.5914621353149414 11.449999809265137
      vertex -1.9812127351760864 2.768747329711914 11.296993255615234
    endloop
  endfacet
  facet normal -0.8584254851127653 0.482665712485783 0.1736073054324184
    outer loop
      vertex -1.6823698282241821 3.2452080249786377 11.449999809265137
      vertex -1.9850518703460693 2.7752254009246826 11.25999927520752
      vertex -1.9808605909347534 2.7777092456817627 11.273818016052246
    endloop
  endfacet
  facet normal -0.8584254660993118 0.4826667084684355 0.17360463037726162
    outer loop
      vertex -1.9812127351760864 2.768747329711914 11.296993255615234
      vertex -1.6823698282241821 3.2452080249786377 11.449999809265137
      vertex -1.9808605909347534 2.7777092456817627 11.273818016052246
    endloop
  endfacet
  facet normal -0.8584254609499471 0.48266660203572986 0.1736049517500959
    outer loop
      vertex -1.6823698282241821 3.2452080249786377 11.449999809265137
      vertex -1.9812127351760864 2.768747329711914 11.296993255615234
      vertex -2.0499513149261475 2.5914621353149414 11.449999809265137
    endloop
  endfacet
  facet normal -0.009634419448490113 0.8463396540035217 0.5325564458562958
    outer loop
      vertex -1.4181582927703857 2.799379587173462 12.163291931152344
      vertex -0.8003127574920654 3.0308315753936768 11.806645393371582
      vertex -0.9324184656143188 3.2537457942962646 11.449999809265137
    endloop
  endfacet
  facet normal -0.7377694553529328 0.4148253893901155 0.5325562196290414
    outer loop
      vertex -2.0499513149261475 2.5914621353149414 11.449999809265137
      vertex -1.4181582927703857 2.799379587173462 12.163291931152344
      vertex -1.6823698282241821 3.2452080249786377 11.449999809265137
    endloop
  endfacet
  facet normal 0.023537412698968415 -0.9721399531612744 0.23321642667495257
    outer loop
      vertex -1.7040947675704956 2.007866382598877 11.670418739318848
      vertex -1.4752254486083984 1.9149481058120728 11.25999927520752
      vertex -1.4816111326217651 1.9257233142852783 11.305559158325195
    endloop
  endfacet
  facet normal 0.02353474312759095 -0.9721403849895682 0.23321489604708404
    outer loop
      vertex -1.4816111326217651 1.9257233142852783 11.305559158325195
      vertex -0.9906567335128784 2.078016519546509 11.890838623046875
      vertex -1.7040947675704956 2.007866382598877 11.670418739318848
    endloop
  endfacet
  facet normal 0.023535249300309254 -0.9721404693305504 0.23321449339642147
    outer loop
      vertex -1.4663718938827515 1.9201951026916504 11.280977249145508
      vertex -0.9906567335128784 2.078016519546509 11.890838623046875
      vertex -1.4816111326217651 1.9257233142852783 11.305559158325195
    endloop
  endfacet
  facet normal 0.023524580361610342 -0.9721388326633937 0.23322239203529366
    outer loop
      vertex -0.9906567335128784 2.078016519546509 11.890838623046875
      vertex -1.4663718938827515 1.9201951026916504 11.280977249145508
      vertex -1.4752254486083984 1.9149481058120728 11.25999927520752
    endloop
  endfacet
  facet normal 0.4773601414025908 0.8136758732847177 -0.3317512149705718
    outer loop
      vertex -0.9324184656143188 3.2537457942962646 11.449999809265137
      vertex -0.8003127574920654 3.0308315753936768 11.093353271484375
      vertex -1.1247745752334595 3.2850518226623535 11.25
    endloop
  endfacet
  facet normal -0.011210834548746183 0.9847514418628955 0.17360563048953453
    outer loop
      vertex -0.9324184656143188 3.2537457942962646 11.449999809265137
      vertex -1.1209354400634766 3.278573751449585 11.296993255615234
      vertex -1.6823698282241821 3.2452080249786377 11.449999809265137
    endloop
  endfacet
  facet normal -0.011210035992083908 0.9847516193300624 0.17360467539751268
    outer loop
      vertex -1.1209354400634766 3.278573751449585 11.296993255615234
      vertex -0.9324184656143188 3.2537457942962646 11.449999809265137
      vertex -1.1247745752334595 3.2850518226623535 11.25999927520752
    endloop
  endfacet
  facet normal -0.011210879619962064 0.9847514694452295 0.1736054711223354
    outer loop
      vertex -1.1289658546447754 3.2825679779052734 11.273818016052246
      vertex -1.6823698282241821 3.2452080249786377 11.449999809265137
      vertex -1.1209354400634766 3.278573751449585 11.296993255615234
    endloop
  endfacet
  facet normal -0.011211576600215982 0.9847518338420196 0.17360335911184718
    outer loop
      vertex -1.6823698282241821 3.2452080249786377 11.449999809265137
      vertex -1.1289658546447754 3.2825679779052734 11.273818016052246
      vertex -1.1247745752334595 3.2850518226623535 11.25999927520752
    endloop
  endfacet
  facet normal -0.942950011451702 -0.0280428688007696 -0.3317512221720636
    outer loop
      vertex -1.9850518703460693 2.7752254009246826 11.25
      vertex -1.917845606803894 2.3685479164123535 11.093353271484375
      vertex -2.0499513149261475 2.5914621353149414 11.449999809265137
    endloop
  endfacet
  facet normal -0.5503442792265983 0.6010544805018329 -0.5795297108787673
    outer loop
      vertex -1.6823698282241821 3.2452080249786377 11.449999809265137
      vertex -1.5549131631851196 3.0301387310028076 11.105904579162598
      vertex -1.9850518703460693 2.7752254009246826 11.25
    endloop
  endfacet
  facet normal -0.22132583532576383 -0.45661903367040285 0.8616924815195154
    outer loop
      vertex -1.4181582927703857 2.799379587173462 12.163291931152344
      vertex -1.7040947675704956 2.007866382598877 11.670418739318848
      vertex -0.9906567335128784 2.078016519546509 11.890838623046875
    endloop
  endfacet
  facet normal -0.22132579746053693 -0.45661904850911106 0.861692483382031
    outer loop
      vertex -1.7040947675704956 2.007866382598877 11.670418739318848
      vertex -1.4181582927703857 2.799379587173462 12.163291931152344
      vertex -1.917845606803894 2.3685479164123535 11.806645393371582
    endloop
  endfacet
  facet normal -0.22132782097606535 -0.45661988415441723 -0.861691520822152
    outer loop
      vertex -1.917845606803894 2.3685479164123535 11.093353271484375
      vertex -1.6382724046707153 2.1900722980499268 11.116120338439941
      vertex -1.7040947675704956 2.007866382598877 11.22957992553711
    endloop
  endfacet
  facet normal -0.22132695652597587 -0.45661864230582827 -0.8616924009260676
    outer loop
      vertex -1.6382724046707153 2.1900722980499268 11.116120338439941
      vertex -1.917845606803894 2.3685479164123535 11.093353271484375
      vertex -1.8028178215026855 2.4677250385284424 11.011253356933594
    endloop
  endfacet
  facet normal -0.17863449727124833 -0.6097061420670091 -0.7722358038257567
    outer loop
      vertex -1.2417206764221191 2.053330183029175 11.0867280960083
      vertex -0.9906567335128784 2.078016519546509 11.009160995483398
      vertex -1.4752254486083984 1.9149481058120728 11.25
    endloop
  endfacet
  facet normal -0.17863360589097557 -0.6097063666104594 -0.7722358327357386
    outer loop
      vertex -1.5398616790771484 2.024014949798584 11.178839683532715
      vertex -1.4752254486083984 1.9149481058120728 11.25
      vertex -1.7040947675704956 2.007866382598877 11.22957992553711
    endloop
  endfacet
  facet normal 0.8602773322675525 0.5098263543468726 -7.305687027663531e-9
    outer loop
      vertex -0.5865619778633118 2.6701500415802 11.670418739318848
      vertex -0.9324184656143188 3.2537457942962646 11.449999809265137
      vertex -0.8003127574920654 3.0308315753936768 11.806645393371582
    endloop
  endfacet
  facet normal 0.8602773310573485 0.5098263563889621 0
    outer loop
      vertex -0.5865619778633118 2.6701500415802 11.22957992553711
      vertex -0.9324184656143188 3.2537457942962646 11.449999809265137
      vertex -0.5865619778633118 2.6701500415802 11.670418739318848
    endloop
  endfacet
  facet normal 0.8602773322675552 0.5098263543468682 7.305671223168764e-9
    outer loop
      vertex -0.9324184656143188 3.2537457942962646 11.449999809265137
      vertex -0.5865619778633118 2.6701500415802 11.22957992553711
      vertex -0.8003127574920654 3.0308315753936768 11.093353271484375
    endloop
  endfacet
  facet normal 0.8414458153754096 -0.4874216186631515 0.23321471961907855
    outer loop
      vertex -0.9906567335128784 2.078016519546509 11.890838623046875
      vertex -0.6213338375091553 2.435549736022949 11.305559158325195
      vertex -0.5865619778633118 2.6701500415802 11.670418739318848
    endloop
  endfacet
  facet normal 0.8414465314517745 -0.4874195664518109 0.23321642512418933
    outer loop
      vertex -0.6213338375091553 2.435549736022949 11.305559158325195
      vertex -0.9906567335128784 2.078016519546509 11.890838623046875
      vertex -0.6238017678260803 2.419527530670166 11.280977249145508
    endloop
  endfacet
  facet normal 0.8414463026400795 -0.487420992380626 0.23321427048966245
    outer loop
      vertex -0.5865619778633118 2.6701500415802 11.670418739318848
      vertex -0.6213338375091553 2.435549736022949 11.305559158325195
      vertex -0.6149481534957886 2.424774646759033 11.25999927520752
    endloop
  endfacet
  facet normal 0.8414413548164373 -0.4874338085623757 0.23320533586317374
    outer loop
      vertex -0.6149481534957886 2.424774646759033 11.25999927520752
      vertex -0.6238017678260803 2.419527530670166 11.280977249145508
      vertex -0.9906567335128784 2.078016519546509 11.890838623046875
    endloop
  endfacet
  facet normal -0.22132537945940872 -0.45661786114038955 -0.8616932199424134
    outer loop
      vertex -1.0450867414474487 2.169861316680908 10.974472045898438
      vertex -0.9906567335128784 2.078016519546509 11.009160995483398
      vertex -1.2417206764221191 2.053330183029175 11.0867280960083
    endloop
  endfacet
  facet normal -0.22132363026253055 -0.456621526418164 -0.8616917269528359
    outer loop
      vertex -1.6382724046707153 2.1900722980499268 11.116120338439941
      vertex -1.5398616790771484 2.024014949798584 11.178839683532715
      vertex -1.7040947675704956 2.007866382598877 11.22957992553711
    endloop
  endfacet
  facet normal 0.3189470532707595 -0.9477725345302528 0
    outer loop
      vertex -0.9906567335128784 2.078016519546509 11.009160995483398
      vertex -1.4752254486083984 1.9149481058120728 11.25999927520752
      vertex -1.4752254486083984 1.9149481058120728 11.25
    endloop
  endfacet
  facet normal 0.31894705327075956 -0.9477725345302529 0
    outer loop
      vertex -1.4752254486083984 1.9149481058120728 11.25999927520752
      vertex -0.9906567335128784 2.078016519546509 11.009160995483398
      vertex -0.9906567335128784 2.078016519546509 11.890838623046875
    endloop
  endfacet
  facet normal -0.8602772818231571 -0.5098264394663697 6.458158238880986e-8
    outer loop
      vertex -1.7040947675704956 2.007866382598877 11.22957992553711
      vertex -2.0499513149261475 2.5914621353149414 11.449999809265137
      vertex -1.917845606803894 2.3685479164123535 11.093353271484375
    endloop
  endfacet
  facet normal -0.8602772925212955 -0.5098264214144157 0
    outer loop
      vertex -1.7040947675704956 2.007866382598877 11.670418739318848
      vertex -2.0499513149261475 2.5914621353149414 11.449999809265137
      vertex -1.7040947675704956 2.007866382598877 11.22957992553711
    endloop
  endfacet
  facet normal -0.8602772818231803 -0.5098264394663307 -6.458172209935309e-8
    outer loop
      vertex -2.0499513149261475 2.5914621353149414 11.449999809265137
      vertex -1.7040947675704956 2.007866382598877 11.670418739318848
      vertex -1.917845606803894 2.3685479164123535 11.806645393371582
    endloop
  endfacet
  facet normal 0.16063682736890897 0.987013581311246 0
    outer loop
      vertex -1.1247745752334595 3.2850518226623535 11.25999927520752
      vertex -0.9324184656143188 3.2537457942962646 11.449999809265137
      vertex -1.1247745752334595 3.2850518226623535 11.25
    endloop
  endfacet
  facet normal -0.07127475272388473 0.9974567206772177 0
    outer loop
      vertex -1.1247745752334595 3.2850518226623535 11.25999927520752
      vertex -1.1247745752334595 3.2850518226623535 11.25
      vertex -1.6823698282241821 3.2452080249786377 11.449999809265137
    endloop
  endfacet
  facet normal -0.8407303614427458 0.5414540233005475 0
    outer loop
      vertex -1.6823698282241821 3.2452080249786377 11.449999809265137
      vertex -1.9850518703460693 2.7752254009246826 11.25
      vertex -1.9850518703460693 2.7752254009246826 11.25999927520752
    endloop
  endfacet
  facet normal -0.9429229649675764 0.3330109339597644 0
    outer loop
      vertex -1.9850518703460693 2.7752254009246826 11.25
      vertex -2.0499513149261475 2.5914621353149414 11.449999809265137
      vertex -1.9850518703460693 2.7752254009246826 11.25999927520752
    endloop
  endfacet
  facet normal -0.7377695783752067 0.4148248162075376 0.5325564956720107
    outer loop
      vertex -2.0499513149261475 2.5914621353149414 11.449999809265137
      vertex -1.917845606803894 2.3685479164123535 11.806645393371582
      vertex -1.4181582927703857 2.799379587173462 12.163291931152344
    endloop
  endfacet
  facet normal 0.5068095258690907 -0.025103999976957593 0.8616924588700452
    outer loop
      vertex -1.4181582927703857 2.799379587173462 12.163291931152344
      vertex -0.5865619778633118 2.6701500415802 11.670418739318848
      vertex -0.8003127574920654 3.0308315753936768 11.806645393371582
    endloop
  endfacet
  facet normal 0.5068095258690907 -0.025103999976957593 0.8616924588700452
    outer loop
      vertex -0.5865619778633118 2.6701500415802 11.670418739318848
      vertex -1.4181582927703857 2.799379587173462 12.163291931152344
      vertex -0.9906567335128784 2.078016519546509 11.890838623046875
    endloop
  endfacet
  facet normal 0.9933749500009154 -0.11491826969929088 0
    outer loop
      vertex -0.6149481534957886 2.424774646759033 11.25999927520752
      vertex -0.5865619778633118 2.6701500415802 11.22957992553711
      vertex -0.5865619778633118 2.6701500415802 11.670418739318848
    endloop
  endfacet
  facet normal 0.9933749500009154 -0.11491826969929088 0
    outer loop
      vertex -0.5865619778633118 2.6701500415802 11.22957992553711
      vertex -0.6149481534957886 2.424774646759033 11.25999927520752
      vertex -0.6149481534957886 2.424774646759033 11.25
    endloop
  endfacet
  facet normal 0.6782275165020426 -0.7348519822790651 0
    outer loop
      vertex -0.9906567335128784 2.078016519546509 11.009160995483398
      vertex -0.6149481534957886 2.424774646759033 11.25999927520752
      vertex -0.9906567335128784 2.078016519546509 11.890838623046875
    endloop
  endfacet
  facet normal 0.6782275165020426 -0.7348519822790651 0
    outer loop
      vertex -0.6149481534957886 2.424774646759033 11.25999927520752
      vertex -0.9906567335128784 2.078016519546509 11.009160995483398
      vertex -0.6149481534957886 2.424774646759033 11.25
    endloop
  endfacet
  facet normal -0.8785741063318921 0.37924240787773134 -0.2903148906794442
    outer loop
      vertex -1.9850518703460693 2.7752254009246826 7.368724346160889
      vertex -1.7078607082366943 3.2882211208343506 7.199999809265137
      vertex -1.910133719444275 2.819624185562134 7.199999809265137
    endloop
  endfacet
  facet normal -0.8785740484044603 0.3792422519074383 -0.2903152697299473
    outer loop
      vertex -1.7078607082366943 3.2882211208343506 7.199999809265137
      vertex -1.9850518703460693 2.7752254009246826 7.368724346160889
      vertex -1.8608087301254272 3.54630446434021 8
    endloop
  endfacet
  facet normal -0.8785739174211298 0.3792423985235544 -0.2903154745951231
    outer loop
      vertex -1.9850518703460693 2.7752254009246826 7.368724346160889
      vertex -2.080573797225952 2.4247729778289795 7.199999809265137
      vertex -1.8608087301254272 3.54630446434021 8
    endloop
  endfacet
  facet normal -0.8785741419139999 0.3792422352895737 -0.2903150084522785
    outer loop
      vertex -2.080573797225952 2.4247729778289795 7.199999809265137
      vertex -1.9850518703460693 2.7752254009246826 7.368724346160889
      vertex -1.9527943134307861 2.720794200897217 7.199999809265137
    endloop
  endfacet
  facet normal 0.08918498306612949 0.9527658096723471 -0.29031594981139247
    outer loop
      vertex -0.7714980840682983 3.200571060180664 7.199999809265137
      vertex -1.1247745752334595 3.2850518226623535 7.368724346160889
      vertex -1.8608087301254272 3.54630446434021 8
    endloop
  endfacet
  facet normal 0.0891853985693153 0.9527660059272528 -0.29031517809350316
    outer loop
      vertex -1.1247745752334595 3.2850518226623535 7.368724346160889
      vertex -0.7714980840682983 3.200571060180664 7.199999809265137
      vertex -1.0925170183181763 3.2306206226348877 7.199999809265137
    endloop
  endfacet
  facet normal 0.08918557438630288 0.9527660290618962 -0.2903150481580501
    outer loop
      vertex -1.7078607082366943 3.2882211208343506 7.199999809265137
      vertex -1.1247745752334595 3.2850518226623535 7.368724346160889
      vertex -1.199692726135254 3.2406530380249023 7.199999809265137
    endloop
  endfacet
  facet normal 0.08918563355753409 0.9527659608238093 -0.2903152539265285
    outer loop
      vertex -1.1247745752334595 3.2850518226623535 7.368724346160889
      vertex -1.7078607082366943 3.2882211208343506 7.199999809265137
      vertex -1.8608087301254272 3.54630446434021 8
    endloop
  endfacet
  facet normal 0.9336943907966586 0.20959964372708306 -0.29031495645993954
    outer loop
      vertex -0.7714980840682983 3.200571060180664 7.199999809265137
      vertex -0.2900722026824951 2.1640586853027344 8
      vertex -0.5655071139335632 2.282952070236206 7.199999809265137
    endloop
  endfacet
  facet normal -0.8785745397643131 0.3792417662193989 -0.2903144171974866
    outer loop
      vertex -1.8608087301254272 3.54630446434021 8
      vertex -2.080573797225952 2.4247729778289795 7.199999809265137
      vertex -2.37328839302063 2.359062910079956 8
    endloop
  endfacet
  facet normal 0 0 1
    outer loop
      vertex -0.573310136795044 3.4257845878601074 8
      vertex -1.1247745752334595 3.2850518226623535 8
      vertex -0.6149481534957886 2.424774646759033 8
    endloop
  endfacet
  facet normal 0 0 1
    outer loop
      vertex -1.8608087301254272 3.54630446434021 8
      vertex -1.1247745752334595 3.2850518226623535 8
      vertex -0.573310136795044 3.4257845878601074 8
    endloop
  endfacet
  facet normal 0 0 1
    outer loop
      vertex -1.8608087301254272 3.54630446434021 8
      vertex -1.9850518703460693 2.7752254009246826 8
      vertex -1.1247745752334595 3.2850518226623535 8
    endloop
  endfacet
  facet normal 0 0 1
    outer loop
      vertex -1.9850518703460693 2.7752254009246826 8
      vertex -1.8608087301254272 3.54630446434021 8
      vertex -2.37328839302063 2.359062910079956 8
    endloop
  endfacet
  facet normal 0 0 1
    outer loop
      vertex -0.6149481534957886 2.424774646759033 8
      vertex -0.2900722026824951 2.1640586853027344 8
      vertex -0.573310136795044 3.4257845878601074 8
    endloop
  endfacet
  facet normal 0 0 1
    outer loop
      vertex -0.6149481534957886 2.424774646759033 8
      vertex -1.4025200605392456 1.5047882795333862 8
      vertex -0.2900722026824951 2.1640586853027344 8
    endloop
  endfacet
  facet normal 0 0 1
    outer loop
      vertex -1.4752254486083984 1.9149481058120728 8
      vertex -1.4025200605392456 1.5047882795333862 8
      vertex -0.6149481534957886 2.424774646759033 8
    endloop
  endfacet
  facet normal 0 0 1
    outer loop
      vertex -2.37328839302063 2.359062910079956 8
      vertex -1.4752254486083984 1.9149481058120728 8
      vertex -1.9850518703460693 2.7752254009246826 8
    endloop
  endfacet
  facet normal 0 0 1
    outer loop
      vertex -1.4752254486083984 1.9149481058120728 8
      vertex -2.37328839302063 2.359062910079956 8
      vertex -1.4025200605392456 1.5047882795333862 8
    endloop
  endfacet
  facet normal -0.6321749911913875 -0.7183819349085098 -0.29031392682624607
    outer loop
      vertex -1.3745611906051636 1.803482174873352 7.199999809265137
      vertex -1.4025200605392456 1.5047882795333862 8
      vertex -2.37328839302063 2.359062910079956 8
    endloop
  endfacet
  facet normal 0.4878686496238886 -0.8232260746209411 -0.29031536435118305
    outer loop
      vertex -0.5655071139335632 2.282952070236206 7.199999809265137
      vertex -1.4025200605392456 1.5047882795333862 8
      vertex -1.3745611906051636 1.803482174873352 7.199999809265137
    endloop
  endfacet
  facet normal 0.4878687756759983 -0.823226053629106 -0.2903152120483021
    outer loop
      vertex -1.4025200605392456 1.5047882795333862 8
      vertex -0.5655071139335632 2.282952070236206 7.199999809265137
      vertex -0.2900722026824951 2.1640586853027344 8
    endloop
  endfacet
  facet normal 0.9336944364815188 0.20959994777421986 -0.29031459001659465
    outer loop
      vertex -0.573310136795044 3.4257845878601074 8
      vertex -0.2900722026824951 2.1640586853027344 8
      vertex -0.7714980840682983 3.200571060180664 7.199999809265137
    endloop
  endfacet
  facet normal 0.08918632151375579 0.9527661896685524 -0.2903142915519542
    outer loop
      vertex -0.573310136795044 3.4257845878601074 8
      vertex -0.7714980840682983 3.200571060180664 7.199999809265137
      vertex -1.8608087301254272 3.54630446434021 8
    endloop
  endfacet
  facet normal -0.6321752939560076 -0.7183813521846396 -0.29031470948783206
    outer loop
      vertex -2.080573797225952 2.4247729778289795 7.199999809265137
      vertex -1.3745611906051636 1.803482174873352 7.199999809265137
      vertex -2.37328839302063 2.359062910079956 8
    endloop
  endfacet
  facet normal 0 0 -1
    outer loop
      vertex -1.199692726135254 3.2406530380249023 7.199999809265137
      vertex -1.910133719444275 2.819624185562134 7.199999809265137
      vertex -1.7078607082366943 3.2882211208343506 7.199999809265137
    endloop
  endfacet
  facet normal 0 0 -1
    outer loop
      vertex -1.3745611906051636 1.803482174873352 7.199999809265137
      vertex -0.6149481534957886 2.424774646759033 7.199999809265137
      vertex -0.5655071139335632 2.282952070236206 7.199999809265137
    endloop
  endfacet
  facet normal 0 0 -1
    outer loop
      vertex -1.3745611906051636 1.803482174873352 7.199999809265137
      vertex -1.4752254486083984 1.9149481058120728 7.199999809265137
      vertex -0.6149481534957886 2.424774646759033 7.199999809265137
    endloop
  endfacet
  facet normal 0 0 -1
    outer loop
      vertex -1.4752254486083984 1.9149481058120728 7.199999809265137
      vertex -2.080573797225952 2.4247729778289795 7.199999809265137
      vertex -1.9527943134307861 2.720794200897217 7.199999809265137
    endloop
  endfacet
  facet normal 0 0 -1
    outer loop
      vertex -2.080573797225952 2.4247729778289795 7.199999809265137
      vertex -1.4752254486083984 1.9149481058120728 7.199999809265137
      vertex -1.3745611906051636 1.803482174873352 7.199999809265137
    endloop
  endfacet
  facet normal 0 0 -1
    outer loop
      vertex -0.6149481534957886 2.424774646759033 7.199999809265137
      vertex -0.7714980840682983 3.200571060180664 7.199999809265137
      vertex -0.5655071139335632 2.282952070236206 7.199999809265137
    endloop
  endfacet
  facet normal 0 0 -1
    outer loop
      vertex -0.7714980840682983 3.200571060180664 7.199999809265137
      vertex -0.6149481534957886 2.424774646759033 7.199999809265137
      vertex -1.0925170183181763 3.2306206226348877 7.199999809265137
    endloop
  endfacet
  facet normal 0.4320497093987787 0.9018497927085368 0
    outer loop
      vertex -2.037780284881592 4.388567924499512 3.1499996185302734
      vertex -2.143345832824707 4.439141273498535 3.5
      vertex -2.037780284881592 4.388567924499512 3.5
    endloop
  endfacet
  facet normal 0.4320497093987787 0.9018497927085368 0
    outer loop
      vertex -2.143345832824707 4.439141273498535 3.5
      vertex -2.037780284881592 4.388567924499512 3.1499996185302734
      vertex -2.143345832824707 4.439141273498535 3.1499996185302734
    endloop
  endfacet
  facet normal 0.9018497927085368 -0.4320497093987787 0
    outer loop
      vertex -1.9776183366775513 3.9685912132263184 3.5
      vertex -1.9270449876785278 4.074156761169434 3.1499996185302734
      vertex -1.9270449876785278 4.074156761169434 3.5
    endloop
  endfacet
  facet normal 0.9018497927085368 -0.4320497093987787 0
    outer loop
      vertex -1.9270449876785278 4.074156761169434 3.1499996185302734
      vertex -1.9776183366775513 3.9685912132263184 3.5
      vertex -1.9776183366775513 3.9685912132263184 3.1499996185302734
    endloop
  endfacet
  facet normal -0.6678607365109478 0.7442862598671659 0
    outer loop
      vertex -2.3706352710723877 4.406581878662109 3.1499996185302734
      vertex -2.4577572345733643 4.328405857086182 3.5
      vertex -2.3706352710723877 4.406581878662109 3.5
    endloop
  endfacet
  facet normal -0.6678607365109478 0.7442862598671659 0
    outer loop
      vertex -2.4577572345733643 4.328405857086182 3.5
      vertex -2.3706352710723877 4.406581878662109 3.1499996185302734
      vertex -2.4577572345733643 4.328405857086182 3.1499996185302734
    endloop
  endfacet
  facet normal -0.3321995444486508 0.9432091298689326 0
    outer loop
      vertex -2.2602293491363525 4.445466995239258 3.1499996185302734
      vertex -2.3706352710723877 4.406581878662109 3.5
      vertex -2.2602293491363525 4.445466995239258 3.5
    endloop
  endfacet
  facet normal -0.3321995444486508 0.9432091298689326 0
    outer loop
      vertex -2.3706352710723877 4.406581878662109 3.5
      vertex -2.2602293491363525 4.445466995239258 3.1499996185302734
      vertex -2.3706352710723877 4.406581878662109 3.1499996185302734
    endloop
  endfacet
  facet normal 0.9432088107642326 0.3322004504763984 0
    outer loop
      vertex -1.9207193851470947 4.1910400390625 3.5
      vertex -1.9596046209335327 4.301445960998535 3.1499996185302734
      vertex -1.9596046209335327 4.301445960998535 3.5
    endloop
  endfacet
  facet normal 0.9432088107642326 0.3322004504763984 0
    outer loop
      vertex -1.9596046209335327 4.301445960998535 3.1499996185302734
      vertex -1.9207193851470947 4.1910400390625 3.5
      vertex -1.9207193851470947 4.1910400390625 3.1499996185302734
    endloop
  endfacet
  facet normal -0.9432085277881542 -0.3322012539225324 0
    outer loop
      vertex -2.4757704734802246 3.9955503940582275 3.1499996185302734
      vertex -2.5146560668945312 4.10595703125 3.5
      vertex -2.5146560668945312 4.10595703125 3.1499996185302734
    endloop
  endfacet
  facet normal -0.9432085277881542 -0.3322012539225324 0
    outer loop
      vertex -2.5146560668945312 4.10595703125 3.5
      vertex -2.4757704734802246 3.9955503940582275 3.1499996185302734
      vertex -2.4757704734802246 3.9955503940582275 3.5
    endloop
  endfacet
  facet normal 0.7442877785600251 0.6678590440251468 0
    outer loop
      vertex -1.9596046209335327 4.301445960998535 3.5
      vertex -2.037780284881592 4.388567924499512 3.1499996185302734
      vertex -2.037780284881592 4.388567924499512 3.5
    endloop
  endfacet
  facet normal 0.7442877785600251 0.6678590440251468 0
    outer loop
      vertex -2.037780284881592 4.388567924499512 3.1499996185302734
      vertex -1.9596046209335327 4.301445960998535 3.5
      vertex -1.9596046209335327 4.301445960998535 3.1499996185302734
    endloop
  endfacet
  facet normal 0 0 -1
    outer loop
      vertex -1.9270449876785278 4.074156761169434 3.1499996185302734
      vertex -1.9596046209335327 4.301445960998535 3.1499996185302734
      vertex -1.9207193851470947 4.1910400390625 3.1499996185302734
    endloop
  endfacet
  facet normal 0 0 -1
    outer loop
      vertex -1.9776183366775513 3.9685912132263184 3.1499996185302734
      vertex -1.9596046209335327 4.301445960998535 3.1499996185302734
      vertex -1.9270449876785278 4.074156761169434 3.1499996185302734
    endloop
  endfacet
  facet normal 0 0 -1
    outer loop
      vertex -1.9776183366775513 3.9685912132263184 3.1499996185302734
      vertex -2.037780284881592 4.388567924499512 3.1499996185302734
      vertex -1.9596046209335327 4.301445960998535 3.1499996185302734
    endloop
  endfacet
  facet normal 0 0 -1
    outer loop
      vertex -2.06473970413208 3.890415906906128 3.1499996185302734
      vertex -2.037780284881592 4.388567924499512 3.1499996185302734
      vertex -1.9776183366775513 3.9685912132263184 3.1499996185302734
    endloop
  endfacet
  facet normal 0 0 -1
    outer loop
      vertex -2.06473970413208 3.890415906906128 3.1499996185302734
      vertex -2.143345832824707 4.439141273498535 3.1499996185302734
      vertex -2.037780284881592 4.388567924499512 3.1499996185302734
    endloop
  endfacet
  facet normal 0 0 -1
    outer loop
      vertex -2.1751461029052734 3.8515303134918213 3.1499996185302734
      vertex -2.143345832824707 4.439141273498535 3.1499996185302734
      vertex -2.06473970413208 3.890415906906128 3.1499996185302734
    endloop
  endfacet
  facet normal 0 0 -1
    outer loop
      vertex -2.1751461029052734 3.8515303134918213 3.1499996185302734
      vertex -2.2602293491363525 4.445466995239258 3.1499996185302734
      vertex -2.143345832824707 4.439141273498535 3.1499996185302734
    endloop
  endfacet
  facet normal 0 0 -1
    outer loop
      vertex -2.292029619216919 3.857855796813965 3.1499996185302734
      vertex -2.2602293491363525 4.445466995239258 3.1499996185302734
      vertex -2.1751461029052734 3.8515303134918213 3.1499996185302734
    endloop
  endfacet
  facet normal 0 0 -1
    outer loop
      vertex -2.292029619216919 3.857855796813965 3.1499996185302734
      vertex -2.3706352710723877 4.406581878662109 3.1499996185302734
      vertex -2.2602293491363525 4.445466995239258 3.1499996185302734
    endloop
  endfacet
  facet normal 0 0 -1
    outer loop
      vertex -2.397595167160034 3.9084291458129883 3.1499996185302734
      vertex -2.3706352710723877 4.406581878662109 3.1499996185302734
      vertex -2.292029619216919 3.857855796813965 3.1499996185302734
    endloop
  endfacet
  facet normal 0 0 -1
    outer loop
      vertex -2.397595167160034 3.9084291458129883 3.1499996185302734
      vertex -2.4577572345733643 4.328405857086182 3.1499996185302734
      vertex -2.3706352710723877 4.406581878662109 3.1499996185302734
    endloop
  endfacet
  facet normal 0 0 -1
    outer loop
      vertex -2.4757704734802246 3.9955503940582275 3.1499996185302734
      vertex -2.4577572345733643 4.328405857086182 3.1499996185302734
      vertex -2.397595167160034 3.9084291458129883 3.1499996185302734
    endloop
  endfacet
  facet normal 0 0 -1
    outer loop
      vertex -2.4757704734802246 3.9955503940582275 3.1499996185302734
      vertex -2.5083305835723877 4.222840309143066 3.1499996185302734
      vertex -2.4577572345733643 4.328405857086182 3.1499996185302734
    endloop
  endfacet
  facet normal 0 0 -1
    outer loop
      vertex -2.5083305835723877 4.222840309143066 3.1499996185302734
      vertex -2.4757704734802246 3.9955503940582275 3.1499996185302734
      vertex -2.5146560668945312 4.10595703125 3.1499996185302734
    endloop
  endfacet
  facet normal -0.9018497927085368 0.4320497093987787 0
    outer loop
      vertex -2.5083305835723877 4.222840309143066 3.1499996185302734
      vertex -2.4577572345733643 4.328405857086182 3.5
      vertex -2.4577572345733643 4.328405857086182 3.1499996185302734
    endloop
  endfacet
  facet normal -0.9018497927085368 0.4320497093987787 0
    outer loop
      vertex -2.4577572345733643 4.328405857086182 3.5
      vertex -2.5083305835723877 4.222840309143066 3.1499996185302734
      vertex -2.5083305835723877 4.222840309143066 3.5
    endloop
  endfacet
  facet normal -0.7442865717573199 -0.6678603889300037 0
    outer loop
      vertex -2.397595167160034 3.9084291458129883 3.1499996185302734
      vertex -2.4757704734802246 3.9955503940582275 3.5
      vertex -2.4757704734802246 3.9955503940582275 3.1499996185302734
    endloop
  endfacet
  facet normal -0.7442865717573199 -0.6678603889300037 0
    outer loop
      vertex -2.4757704734802246 3.9955503940582275 3.5
      vertex -2.397595167160034 3.9084291458129883 3.1499996185302734
      vertex -2.397595167160034 3.9084291458129883 3.5
    endloop
  endfacet
  facet normal 0.9985387775870999 -0.054039889478610936 0
    outer loop
      vertex -1.9270449876785278 4.074156761169434 3.5
      vertex -1.9207193851470947 4.1910400390625 3.1499996185302734
      vertex -1.9207193851470947 4.1910400390625 3.5
    endloop
  endfacet
  facet normal 0.9985387775870999 -0.054039889478610936 0
    outer loop
      vertex -1.9207193851470947 4.1910400390625 3.1499996185302734
      vertex -1.9270449876785278 4.074156761169434 3.5
      vertex -1.9270449876785278 4.074156761169434 3.1499996185302734
    endloop
  endfacet
  facet normal 0.6678598826953543 -0.7442870260095545 0
    outer loop
      vertex -2.06473970413208 3.890415906906128 3.1499996185302734
      vertex -1.9776183366775513 3.9685912132263184 3.5
      vertex -2.06473970413208 3.890415906906128 3.5
    endloop
  endfacet
  facet normal 0.6678598826953543 -0.7442870260095545 0
    outer loop
      vertex -1.9776183366775513 3.9685912132263184 3.5
      vertex -2.06473970413208 3.890415906906128 3.1499996185302734
      vertex -1.9776183366775513 3.9685912132263184 3.1499996185302734
    endloop
  endfacet
  facet normal 0.054040795003927104 0.9985387285805911 0
    outer loop
      vertex -2.143345832824707 4.439141273498535 3.1499996185302734
      vertex -2.2602293491363525 4.445466995239258 3.5
      vertex -2.143345832824707 4.439141273498535 3.5
    endloop
  endfacet
  facet normal 0.054040795003927104 0.9985387285805911 0
    outer loop
      vertex -2.2602293491363525 4.445466995239258 3.5
      vertex -2.143345832824707 4.439141273498535 3.1499996185302734
      vertex -2.2602293491363525 4.445466995239258 3.1499996185302734
    endloop
  endfacet
  facet normal 0.3322018921307627 -0.9432083030088004 0
    outer loop
      vertex -2.1751461029052734 3.8515303134918213 3.1499996185302734
      vertex -2.06473970413208 3.890415906906128 3.5
      vertex -2.1751461029052734 3.8515303134918213 3.5
    endloop
  endfacet
  facet normal 0.3322018921307627 -0.9432083030088004 0
    outer loop
      vertex -2.06473970413208 3.890415906906128 3.5
      vertex -2.1751461029052734 3.8515303134918213 3.1499996185302734
      vertex -2.06473970413208 3.890415906906128 3.1499996185302734
    endloop
  endfacet
  facet normal -0.05403876413619169 -0.9985388384888356 0
    outer loop
      vertex -2.292029619216919 3.857855796813965 3.1499996185302734
      vertex -2.1751461029052734 3.8515303134918213 3.5
      vertex -2.292029619216919 3.857855796813965 3.5
    endloop
  endfacet
  facet normal -0.05403876413619169 -0.9985388384888356 0
    outer loop
      vertex -2.1751461029052734 3.8515303134918213 3.5
      vertex -2.292029619216919 3.857855796813965 3.1499996185302734
      vertex -2.1751461029052734 3.8515303134918213 3.1499996185302734
    endloop
  endfacet
  facet normal -0.4320497093987787 -0.9018497927085368 0
    outer loop
      vertex -2.397595167160034 3.9084291458129883 3.1499996185302734
      vertex -2.292029619216919 3.857855796813965 3.5
      vertex -2.397595167160034 3.9084291458129883 3.5
    endloop
  endfacet
  facet normal -0.4320497093987787 -0.9018497927085368 0
    outer loop
      vertex -2.292029619216919 3.857855796813965 3.5
      vertex -2.397595167160034 3.9084291458129883 3.1499996185302734
      vertex -2.292029619216919 3.857855796813965 3.1499996185302734
    endloop
  endfacet
  facet normal -0.998538832540932 0.054038874042606266 0
    outer loop
      vertex -2.5146560668945312 4.10595703125 3.1499996185302734
      vertex -2.5083305835723877 4.222840309143066 3.5
      vertex -2.5083305835723877 4.222840309143066 3.1499996185302734
    endloop
  endfacet
  facet normal -0.998538832540932 0.054038874042606266 0
    outer loop
      vertex -2.5083305835723877 4.222840309143066 3.5
      vertex -2.5146560668945312 4.10595703125 3.1499996185302734
      vertex -2.5146560668945312 4.10595703125 3.5
    endloop
  endfacet
endsolid OpenSCAD_Model
