solid OpenSCAD_Model
  facet normal -0.998624 -0.0524363 0
    outer loop
      vertex -21.5 -21 0
      vertex -21.5247 -20.5296 2
      vertex -21.5247 -20.5296 0
    endloop
  endfacet
  facet normal -0.998624 -0.0524363 0
    outer loop
      vertex -21.5247 -20.5296 2
      vertex -21.5 -21 0
      vertex -21.5 -21 2
    endloop
  endfacet
  facet normal 0.0524363 -0.998624 0
    outer loop
      vertex -26.4704 -16.5247 0
      vertex -26 -16.5 2
      vertex -26.4704 -16.5247 2
    endloop
  endfacet
  facet normal 0.0524363 -0.998624 0
    outer loop
      vertex -26 -16.5 2
      vertex -26.4704 -16.5247 0
      vertex -26 -16.5 0
    endloop
  endfacet
  facet normal -0.0524363 0.998624 0
    outer loop
      vertex -25.5296 -25.4753 0
      vertex -26 -25.5 2
      vertex -25.5296 -25.4753 2
    endloop
  endfacet
  facet normal -0.0524363 0.998624 0
    outer loop
      vertex -26 -25.5 2
      vertex -25.5296 -25.4753 0
      vertex -26 -25.5 0
    endloop
  endfacet
  facet normal -0.707107 -0.707107 0
    outer loop
      vertex -22.6558 -17.9889 0
      vertex -22.9889 -17.6558 2
      vertex -22.9889 -17.6558 0
    endloop
  endfacet
  facet normal -0.707107 -0.707107 0
    outer loop
      vertex -22.9889 -17.6558 2
      vertex -22.6558 -17.9889 0
      vertex -22.6558 -17.9889 2
    endloop
  endfacet
  facet normal 0.707107 -0.707107 0
    outer loop
      vertex -29.3442 -17.9889 2
      vertex -29.0111 -17.6558 0
      vertex -29.0111 -17.6558 2
    endloop
  endfacet
  facet normal 0.707107 -0.707107 0
    outer loop
      vertex -29.0111 -17.6558 0
      vertex -29.3442 -17.9889 2
      vertex -29.3442 -17.9889 0
    endloop
  endfacet
  facet normal 0.358396 -0.93357 0
    outer loop
      vertex -27.8303 -16.889 0
      vertex -27.3906 -16.7202 2
      vertex -27.8303 -16.889 2
    endloop
  endfacet
  facet normal 0.358396 -0.93357 0
    outer loop
      vertex -27.3906 -16.7202 2
      vertex -27.8303 -16.889 0
      vertex -27.3906 -16.7202 0
    endloop
  endfacet
  facet normal -0.93357 -0.358396 0
    outer loop
      vertex -21.7202 -19.6094 0
      vertex -21.889 -19.1697 2
      vertex -21.889 -19.1697 0
    endloop
  endfacet
  facet normal -0.93357 -0.358396 0
    outer loop
      vertex -21.889 -19.1697 2
      vertex -21.7202 -19.6094 0
      vertex -21.7202 -19.6094 2
    endloop
  endfacet
  facet normal -0.987715 -0.156268 0
    outer loop
      vertex -21.5247 -20.5296 0
      vertex -21.5983 -20.0644 2
      vertex -21.5983 -20.0644 0
    endloop
  endfacet
  facet normal -0.987715 -0.156268 0
    outer loop
      vertex -21.5983 -20.0644 2
      vertex -21.5247 -20.5296 0
      vertex -21.5247 -20.5296 2
    endloop
  endfacet
  facet normal -0.358396 -0.93357 0
    outer loop
      vertex -24.6094 -16.7202 0
      vertex -24.1697 -16.889 2
      vertex -24.6094 -16.7202 2
    endloop
  endfacet
  facet normal -0.358396 -0.93357 -0
    outer loop
      vertex -24.1697 -16.889 2
      vertex -24.6094 -16.7202 0
      vertex -24.1697 -16.889 0
    endloop
  endfacet
  facet normal -0.544615 -0.838686 0
    outer loop
      vertex -23.75 -17.1029 0
      vertex -23.355 -17.3594 2
      vertex -23.75 -17.1029 2
    endloop
  endfacet
  facet normal -0.544615 -0.838686 -0
    outer loop
      vertex -23.355 -17.3594 2
      vertex -23.75 -17.1029 0
      vertex -23.355 -17.3594 0
    endloop
  endfacet
  facet normal 0.777311 -0.629117 0
    outer loop
      vertex -29.5 -18.1814 2
      vertex -29.3442 -17.9889 0
      vertex -29.3442 -17.9889 2
    endloop
  endfacet
  facet normal 0.777311 -0.629117 0
    outer loop
      vertex -29.3442 -17.9889 0
      vertex -29.5 -18.1814 2
      vertex -29.5 -18.1814 0
    endloop
  endfacet
  facet normal 0.156268 -0.987715 0
    outer loop
      vertex -26.9356 -16.5983 0
      vertex -26.4704 -16.5247 2
      vertex -26.9356 -16.5983 2
    endloop
  endfacet
  facet normal 0.156268 -0.987715 0
    outer loop
      vertex -26.4704 -16.5247 2
      vertex -26.9356 -16.5983 0
      vertex -26.4704 -16.5247 0
    endloop
  endfacet
  facet normal -0.965935 0.258786 0
    outer loop
      vertex -21.7202 -22.3906 0
      vertex -21.5983 -21.9356 2
      vertex -21.5983 -21.9356 0
    endloop
  endfacet
  facet normal -0.965935 0.258786 0
    outer loop
      vertex -21.5983 -21.9356 2
      vertex -21.7202 -22.3906 0
      vertex -21.7202 -22.3906 2
    endloop
  endfacet
  facet normal 0.777311 0.629117 0
    outer loop
      vertex -29.3442 -24.0111 2
      vertex -29.5 -23.8186 0
      vertex -29.5 -23.8186 2
    endloop
  endfacet
  facet normal 0.777311 0.629117 0
    outer loop
      vertex -29.5 -23.8186 0
      vertex -29.3442 -24.0111 2
      vertex -29.3442 -24.0111 0
    endloop
  endfacet
  facet normal -0.156268 0.987715 0
    outer loop
      vertex -25.0644 -25.4017 0
      vertex -25.5296 -25.4753 2
      vertex -25.0644 -25.4017 2
    endloop
  endfacet
  facet normal -0.156268 0.987715 0
    outer loop
      vertex -25.5296 -25.4753 2
      vertex -25.0644 -25.4017 0
      vertex -25.5296 -25.4753 0
    endloop
  endfacet
  facet normal -0.965935 -0.258786 0
    outer loop
      vertex -21.5983 -20.0644 0
      vertex -21.7202 -19.6094 2
      vertex -21.7202 -19.6094 0
    endloop
  endfacet
  facet normal -0.965935 -0.258786 0
    outer loop
      vertex -21.7202 -19.6094 2
      vertex -21.5983 -20.0644 0
      vertex -21.5983 -20.0644 2
    endloop
  endfacet
  facet normal -0.838686 -0.544615 0
    outer loop
      vertex -22.1029 -18.75 0
      vertex -22.3594 -18.355 2
      vertex -22.3594 -18.355 0
    endloop
  endfacet
  facet normal -0.838686 -0.544615 0
    outer loop
      vertex -22.3594 -18.355 2
      vertex -22.1029 -18.75 0
      vertex -22.1029 -18.75 2
    endloop
  endfacet
  facet normal -0.77721 -0.629241 0
    outer loop
      vertex -22.3594 -18.355 0
      vertex -22.6558 -17.9889 2
      vertex -22.6558 -17.9889 0
    endloop
  endfacet
  facet normal -0.77721 -0.629241 0
    outer loop
      vertex -22.6558 -17.9889 2
      vertex -22.3594 -18.355 0
      vertex -22.3594 -18.355 2
    endloop
  endfacet
  facet normal -0.890962 -0.454078 0
    outer loop
      vertex -21.889 -19.1697 0
      vertex -22.1029 -18.75 2
      vertex -22.1029 -18.75 0
    endloop
  endfacet
  facet normal -0.890962 -0.454078 0
    outer loop
      vertex -22.1029 -18.75 2
      vertex -21.889 -19.1697 0
      vertex -21.889 -19.1697 2
    endloop
  endfacet
  facet normal -0.156268 -0.987715 0
    outer loop
      vertex -25.5296 -16.5247 0
      vertex -25.0644 -16.5983 2
      vertex -25.5296 -16.5247 2
    endloop
  endfacet
  facet normal -0.156268 -0.987715 -0
    outer loop
      vertex -25.0644 -16.5983 2
      vertex -25.5296 -16.5247 0
      vertex -25.0644 -16.5983 0
    endloop
  endfacet
  facet normal -0.258786 -0.965935 0
    outer loop
      vertex -25.0644 -16.5983 0
      vertex -24.6094 -16.7202 2
      vertex -25.0644 -16.5983 2
    endloop
  endfacet
  facet normal -0.258786 -0.965935 -0
    outer loop
      vertex -24.6094 -16.7202 2
      vertex -25.0644 -16.5983 0
      vertex -24.6094 -16.7202 0
    endloop
  endfacet
  facet normal -0.0524363 -0.998624 0
    outer loop
      vertex -26 -16.5 0
      vertex -25.5296 -16.5247 2
      vertex -26 -16.5 2
    endloop
  endfacet
  facet normal -0.0524363 -0.998624 -0
    outer loop
      vertex -25.5296 -16.5247 2
      vertex -26 -16.5 0
      vertex -25.5296 -16.5247 0
    endloop
  endfacet
  facet normal -0.454078 -0.890962 0
    outer loop
      vertex -24.1697 -16.889 0
      vertex -23.75 -17.1029 2
      vertex -24.1697 -16.889 2
    endloop
  endfacet
  facet normal -0.454078 -0.890962 -0
    outer loop
      vertex -23.75 -17.1029 2
      vertex -24.1697 -16.889 0
      vertex -23.75 -17.1029 0
    endloop
  endfacet
  facet normal -0.629241 -0.77721 0
    outer loop
      vertex -23.355 -17.3594 0
      vertex -22.9889 -17.6558 2
      vertex -23.355 -17.3594 2
    endloop
  endfacet
  facet normal -0.629241 -0.77721 -0
    outer loop
      vertex -22.9889 -17.6558 2
      vertex -23.355 -17.3594 0
      vertex -22.9889 -17.6558 0
    endloop
  endfacet
  facet normal 0.544615 -0.838686 0
    outer loop
      vertex -28.645 -17.3594 0
      vertex -28.25 -17.1029 2
      vertex -28.645 -17.3594 2
    endloop
  endfacet
  facet normal 0.544615 -0.838686 0
    outer loop
      vertex -28.25 -17.1029 2
      vertex -28.645 -17.3594 0
      vertex -28.25 -17.1029 0
    endloop
  endfacet
  facet normal 0.454078 -0.890962 0
    outer loop
      vertex -28.25 -17.1029 0
      vertex -27.8303 -16.889 2
      vertex -28.25 -17.1029 2
    endloop
  endfacet
  facet normal 0.454078 -0.890962 0
    outer loop
      vertex -27.8303 -16.889 2
      vertex -28.25 -17.1029 0
      vertex -27.8303 -16.889 0
    endloop
  endfacet
  facet normal 0.629241 -0.77721 0
    outer loop
      vertex -29.0111 -17.6558 0
      vertex -28.645 -17.3594 2
      vertex -29.0111 -17.6558 2
    endloop
  endfacet
  facet normal 0.629241 -0.77721 0
    outer loop
      vertex -28.645 -17.3594 2
      vertex -29.0111 -17.6558 0
      vertex -28.645 -17.3594 0
    endloop
  endfacet
  facet normal 0.258786 -0.965935 0
    outer loop
      vertex -27.3906 -16.7202 0
      vertex -26.9356 -16.5983 2
      vertex -27.3906 -16.7202 2
    endloop
  endfacet
  facet normal 0.258786 -0.965935 0
    outer loop
      vertex -26.9356 -16.5983 2
      vertex -27.3906 -16.7202 0
      vertex -26.9356 -16.5983 0
    endloop
  endfacet
  facet normal -0.998624 0.0524363 0
    outer loop
      vertex -21.5247 -21.4704 0
      vertex -21.5 -21 2
      vertex -21.5 -21 0
    endloop
  endfacet
  facet normal -0.998624 0.0524363 0
    outer loop
      vertex -21.5 -21 2
      vertex -21.5247 -21.4704 0
      vertex -21.5247 -21.4704 2
    endloop
  endfacet
  facet normal -0.890962 0.454078 0
    outer loop
      vertex -22.1029 -23.25 0
      vertex -21.889 -22.8303 2
      vertex -21.889 -22.8303 0
    endloop
  endfacet
  facet normal -0.890962 0.454078 0
    outer loop
      vertex -21.889 -22.8303 2
      vertex -22.1029 -23.25 0
      vertex -22.1029 -23.25 2
    endloop
  endfacet
  facet normal -0.93357 0.358396 0
    outer loop
      vertex -21.889 -22.8303 0
      vertex -21.7202 -22.3906 2
      vertex -21.7202 -22.3906 0
    endloop
  endfacet
  facet normal -0.93357 0.358396 0
    outer loop
      vertex -21.7202 -22.3906 2
      vertex -21.889 -22.8303 0
      vertex -21.889 -22.8303 2
    endloop
  endfacet
  facet normal -0.987715 0.156268 0
    outer loop
      vertex -21.5983 -21.9356 0
      vertex -21.5247 -21.4704 2
      vertex -21.5247 -21.4704 0
    endloop
  endfacet
  facet normal -0.987715 0.156268 0
    outer loop
      vertex -21.5247 -21.4704 2
      vertex -21.5983 -21.9356 0
      vertex -21.5983 -21.9356 2
    endloop
  endfacet
  facet normal -0.629241 0.77721 0
    outer loop
      vertex -22.9889 -24.3442 0
      vertex -23.355 -24.6406 2
      vertex -22.9889 -24.3442 2
    endloop
  endfacet
  facet normal -0.629241 0.77721 0
    outer loop
      vertex -23.355 -24.6406 2
      vertex -22.9889 -24.3442 0
      vertex -23.355 -24.6406 0
    endloop
  endfacet
  facet normal -0.77721 0.629241 0
    outer loop
      vertex -22.6558 -24.0111 0
      vertex -22.3594 -23.645 2
      vertex -22.3594 -23.645 0
    endloop
  endfacet
  facet normal -0.77721 0.629241 0
    outer loop
      vertex -22.3594 -23.645 2
      vertex -22.6558 -24.0111 0
      vertex -22.6558 -24.0111 2
    endloop
  endfacet
  facet normal -0.358396 0.93357 0
    outer loop
      vertex -24.1697 -25.111 0
      vertex -24.6094 -25.2798 2
      vertex -24.1697 -25.111 2
    endloop
  endfacet
  facet normal -0.358396 0.93357 0
    outer loop
      vertex -24.6094 -25.2798 2
      vertex -24.1697 -25.111 0
      vertex -24.6094 -25.2798 0
    endloop
  endfacet
  facet normal -0.258786 0.965935 0
    outer loop
      vertex -24.6094 -25.2798 0
      vertex -25.0644 -25.4017 2
      vertex -24.6094 -25.2798 2
    endloop
  endfacet
  facet normal -0.258786 0.965935 0
    outer loop
      vertex -25.0644 -25.4017 2
      vertex -24.6094 -25.2798 0
      vertex -25.0644 -25.4017 0
    endloop
  endfacet
  facet normal -0.454078 0.890962 0
    outer loop
      vertex -23.75 -24.8971 0
      vertex -24.1697 -25.111 2
      vertex -23.75 -24.8971 2
    endloop
  endfacet
  facet normal -0.454078 0.890962 0
    outer loop
      vertex -24.1697 -25.111 2
      vertex -23.75 -24.8971 0
      vertex -24.1697 -25.111 0
    endloop
  endfacet
  facet normal -0.544615 0.838686 0
    outer loop
      vertex -23.355 -24.6406 0
      vertex -23.75 -24.8971 2
      vertex -23.355 -24.6406 2
    endloop
  endfacet
  facet normal -0.544615 0.838686 0
    outer loop
      vertex -23.75 -24.8971 2
      vertex -23.355 -24.6406 0
      vertex -23.75 -24.8971 0
    endloop
  endfacet
  facet normal -0.838686 0.544615 0
    outer loop
      vertex -22.3594 -23.645 0
      vertex -22.1029 -23.25 2
      vertex -22.1029 -23.25 0
    endloop
  endfacet
  facet normal -0.838686 0.544615 0
    outer loop
      vertex -22.1029 -23.25 2
      vertex -22.3594 -23.645 0
      vertex -22.3594 -23.645 2
    endloop
  endfacet
  facet normal 0.707107 0.707107 0
    outer loop
      vertex -29.0111 -24.3442 2
      vertex -29.3442 -24.0111 0
      vertex -29.3442 -24.0111 2
    endloop
  endfacet
  facet normal 0.707107 0.707107 0
    outer loop
      vertex -29.3442 -24.0111 0
      vertex -29.0111 -24.3442 2
      vertex -29.0111 -24.3442 0
    endloop
  endfacet
  facet normal -0.707107 0.707107 0
    outer loop
      vertex -22.9889 -24.3442 0
      vertex -22.6558 -24.0111 2
      vertex -22.6558 -24.0111 0
    endloop
  endfacet
  facet normal -0.707107 0.707107 0
    outer loop
      vertex -22.6558 -24.0111 2
      vertex -22.9889 -24.3442 0
      vertex -22.9889 -24.3442 2
    endloop
  endfacet
  facet normal 0.629241 0.77721 -0
    outer loop
      vertex -28.645 -24.6406 0
      vertex -29.0111 -24.3442 2
      vertex -28.645 -24.6406 2
    endloop
  endfacet
  facet normal 0.629241 0.77721 0
    outer loop
      vertex -29.0111 -24.3442 2
      vertex -28.645 -24.6406 0
      vertex -29.0111 -24.3442 0
    endloop
  endfacet
  facet normal 0.544615 0.838686 -0
    outer loop
      vertex -28.25 -24.8971 0
      vertex -28.645 -24.6406 2
      vertex -28.25 -24.8971 2
    endloop
  endfacet
  facet normal 0.544615 0.838686 0
    outer loop
      vertex -28.645 -24.6406 2
      vertex -28.25 -24.8971 0
      vertex -28.645 -24.6406 0
    endloop
  endfacet
  facet normal 0.358396 0.93357 -0
    outer loop
      vertex -27.3906 -25.2798 0
      vertex -27.8303 -25.111 2
      vertex -27.3906 -25.2798 2
    endloop
  endfacet
  facet normal 0.358396 0.93357 0
    outer loop
      vertex -27.8303 -25.111 2
      vertex -27.3906 -25.2798 0
      vertex -27.8303 -25.111 0
    endloop
  endfacet
  facet normal 0.454078 0.890962 -0
    outer loop
      vertex -27.8303 -25.111 0
      vertex -28.25 -24.8971 2
      vertex -27.8303 -25.111 2
    endloop
  endfacet
  facet normal 0.454078 0.890962 0
    outer loop
      vertex -28.25 -24.8971 2
      vertex -27.8303 -25.111 0
      vertex -28.25 -24.8971 0
    endloop
  endfacet
  facet normal 0.258786 0.965935 -0
    outer loop
      vertex -26.9356 -25.4017 0
      vertex -27.3906 -25.2798 2
      vertex -26.9356 -25.4017 2
    endloop
  endfacet
  facet normal 0.258786 0.965935 0
    outer loop
      vertex -27.3906 -25.2798 2
      vertex -26.9356 -25.4017 0
      vertex -27.3906 -25.2798 0
    endloop
  endfacet
  facet normal 0.156268 0.987715 -0
    outer loop
      vertex -26.4704 -25.4753 0
      vertex -26.9356 -25.4017 2
      vertex -26.4704 -25.4753 2
    endloop
  endfacet
  facet normal 0.156268 0.987715 0
    outer loop
      vertex -26.9356 -25.4017 2
      vertex -26.4704 -25.4753 0
      vertex -26.9356 -25.4017 0
    endloop
  endfacet
  facet normal 0.0524363 0.998624 -0
    outer loop
      vertex -26 -25.5 0
      vertex -26.4704 -25.4753 2
      vertex -26 -25.5 2
    endloop
  endfacet
  facet normal 0.0524363 0.998624 0
    outer loop
      vertex -26.4704 -25.4753 2
      vertex -26 -25.5 0
      vertex -26.4704 -25.4753 0
    endloop
  endfacet
  facet normal -0.998624 -0.0524363 0
    outer loop
      vertex -21.5 21 0
      vertex -21.5247 21.4704 2
      vertex -21.5247 21.4704 0
    endloop
  endfacet
  facet normal -0.998624 -0.0524363 0
    outer loop
      vertex -21.5247 21.4704 2
      vertex -21.5 21 0
      vertex -21.5 21 2
    endloop
  endfacet
  facet normal -0.0524363 -0.998624 0
    outer loop
      vertex -26 25.5 0
      vertex -25.5296 25.4753 2
      vertex -26 25.5 2
    endloop
  endfacet
  facet normal -0.0524363 -0.998624 -0
    outer loop
      vertex -25.5296 25.4753 2
      vertex -26 25.5 0
      vertex -25.5296 25.4753 0
    endloop
  endfacet
  facet normal -0.0524363 0.998624 0
    outer loop
      vertex -25.5296 16.5247 0
      vertex -26 16.5 2
      vertex -25.5296 16.5247 2
    endloop
  endfacet
  facet normal -0.0524363 0.998624 0
    outer loop
      vertex -26 16.5 2
      vertex -25.5296 16.5247 0
      vertex -26 16.5 0
    endloop
  endfacet
  facet normal -0.707107 -0.707107 0
    outer loop
      vertex -22.6558 24.0111 0
      vertex -22.9889 24.3442 2
      vertex -22.9889 24.3442 0
    endloop
  endfacet
  facet normal -0.707107 -0.707107 0
    outer loop
      vertex -22.9889 24.3442 2
      vertex -22.6558 24.0111 0
      vertex -22.6558 24.0111 2
    endloop
  endfacet
  facet normal 0.629241 -0.77721 0
    outer loop
      vertex -29.0111 24.3442 0
      vertex -28.645 24.6406 2
      vertex -29.0111 24.3442 2
    endloop
  endfacet
  facet normal 0.629241 -0.77721 0
    outer loop
      vertex -28.645 24.6406 2
      vertex -29.0111 24.3442 0
      vertex -28.645 24.6406 0
    endloop
  endfacet
  facet normal 0.358396 -0.93357 0
    outer loop
      vertex -27.8303 25.111 0
      vertex -27.3906 25.2798 2
      vertex -27.8303 25.111 2
    endloop
  endfacet
  facet normal 0.358396 -0.93357 0
    outer loop
      vertex -27.3906 25.2798 2
      vertex -27.8303 25.111 0
      vertex -27.3906 25.2798 0
    endloop
  endfacet
  facet normal -0.93357 -0.358396 0
    outer loop
      vertex -21.7202 22.3906 0
      vertex -21.889 22.8303 2
      vertex -21.889 22.8303 0
    endloop
  endfacet
  facet normal -0.93357 -0.358396 0
    outer loop
      vertex -21.889 22.8303 2
      vertex -21.7202 22.3906 0
      vertex -21.7202 22.3906 2
    endloop
  endfacet
  facet normal -0.987715 -0.156268 0
    outer loop
      vertex -21.5247 21.4704 0
      vertex -21.5983 21.9356 2
      vertex -21.5983 21.9356 0
    endloop
  endfacet
  facet normal -0.987715 -0.156268 0
    outer loop
      vertex -21.5983 21.9356 2
      vertex -21.5247 21.4704 0
      vertex -21.5247 21.4704 2
    endloop
  endfacet
  facet normal -0.454078 -0.890962 0
    outer loop
      vertex -24.1697 25.111 0
      vertex -23.75 24.8971 2
      vertex -24.1697 25.111 2
    endloop
  endfacet
  facet normal -0.454078 -0.890962 -0
    outer loop
      vertex -23.75 24.8971 2
      vertex -24.1697 25.111 0
      vertex -23.75 24.8971 0
    endloop
  endfacet
  facet normal -0.629241 -0.77721 0
    outer loop
      vertex -23.355 24.6406 0
      vertex -22.9889 24.3442 2
      vertex -23.355 24.6406 2
    endloop
  endfacet
  facet normal -0.629241 -0.77721 -0
    outer loop
      vertex -22.9889 24.3442 2
      vertex -23.355 24.6406 0
      vertex -22.9889 24.3442 0
    endloop
  endfacet
  facet normal 0.454078 -0.890962 0
    outer loop
      vertex -28.25 24.8971 0
      vertex -27.8303 25.111 2
      vertex -28.25 24.8971 2
    endloop
  endfacet
  facet normal 0.454078 -0.890962 0
    outer loop
      vertex -27.8303 25.111 2
      vertex -28.25 24.8971 0
      vertex -27.8303 25.111 0
    endloop
  endfacet
  facet normal 0.156268 -0.987715 0
    outer loop
      vertex -26.9356 25.4017 0
      vertex -26.4704 25.4753 2
      vertex -26.9356 25.4017 2
    endloop
  endfacet
  facet normal 0.156268 -0.987715 0
    outer loop
      vertex -26.4704 25.4753 2
      vertex -26.9356 25.4017 0
      vertex -26.4704 25.4753 0
    endloop
  endfacet
  facet normal -0.965935 0.258786 0
    outer loop
      vertex -21.7202 19.6094 0
      vertex -21.5983 20.0644 2
      vertex -21.5983 20.0644 0
    endloop
  endfacet
  facet normal -0.965935 0.258786 0
    outer loop
      vertex -21.5983 20.0644 2
      vertex -21.7202 19.6094 0
      vertex -21.7202 19.6094 2
    endloop
  endfacet
  facet normal -0.156268 0.987715 0
    outer loop
      vertex -25.0644 16.5983 0
      vertex -25.5296 16.5247 2
      vertex -25.0644 16.5983 2
    endloop
  endfacet
  facet normal -0.156268 0.987715 0
    outer loop
      vertex -25.5296 16.5247 2
      vertex -25.0644 16.5983 0
      vertex -25.5296 16.5247 0
    endloop
  endfacet
  facet normal -0.965935 -0.258786 0
    outer loop
      vertex -21.5983 21.9356 0
      vertex -21.7202 22.3906 2
      vertex -21.7202 22.3906 0
    endloop
  endfacet
  facet normal -0.965935 -0.258786 0
    outer loop
      vertex -21.7202 22.3906 2
      vertex -21.5983 21.9356 0
      vertex -21.5983 21.9356 2
    endloop
  endfacet
  facet normal -0.838686 -0.544615 0
    outer loop
      vertex -22.1029 23.25 0
      vertex -22.3594 23.645 2
      vertex -22.3594 23.645 0
    endloop
  endfacet
  facet normal -0.838686 -0.544615 0
    outer loop
      vertex -22.3594 23.645 2
      vertex -22.1029 23.25 0
      vertex -22.1029 23.25 2
    endloop
  endfacet
  facet normal -0.77721 -0.629241 0
    outer loop
      vertex -22.3594 23.645 0
      vertex -22.6558 24.0111 2
      vertex -22.6558 24.0111 0
    endloop
  endfacet
  facet normal -0.77721 -0.629241 0
    outer loop
      vertex -22.6558 24.0111 2
      vertex -22.3594 23.645 0
      vertex -22.3594 23.645 2
    endloop
  endfacet
  facet normal -0.890962 -0.454078 0
    outer loop
      vertex -21.889 22.8303 0
      vertex -22.1029 23.25 2
      vertex -22.1029 23.25 0
    endloop
  endfacet
  facet normal -0.890962 -0.454078 0
    outer loop
      vertex -22.1029 23.25 2
      vertex -21.889 22.8303 0
      vertex -21.889 22.8303 2
    endloop
  endfacet
  facet normal -0.258786 -0.965935 0
    outer loop
      vertex -25.0644 25.4017 0
      vertex -24.6094 25.2798 2
      vertex -25.0644 25.4017 2
    endloop
  endfacet
  facet normal -0.258786 -0.965935 -0
    outer loop
      vertex -24.6094 25.2798 2
      vertex -25.0644 25.4017 0
      vertex -24.6094 25.2798 0
    endloop
  endfacet
  facet normal -0.358396 -0.93357 0
    outer loop
      vertex -24.6094 25.2798 0
      vertex -24.1697 25.111 2
      vertex -24.6094 25.2798 2
    endloop
  endfacet
  facet normal -0.358396 -0.93357 -0
    outer loop
      vertex -24.1697 25.111 2
      vertex -24.6094 25.2798 0
      vertex -24.1697 25.111 0
    endloop
  endfacet
  facet normal -0.156268 -0.987715 0
    outer loop
      vertex -25.5296 25.4753 0
      vertex -25.0644 25.4017 2
      vertex -25.5296 25.4753 2
    endloop
  endfacet
  facet normal -0.156268 -0.987715 -0
    outer loop
      vertex -25.0644 25.4017 2
      vertex -25.5296 25.4753 0
      vertex -25.0644 25.4017 0
    endloop
  endfacet
  facet normal -0.544615 -0.838686 0
    outer loop
      vertex -23.75 24.8971 0
      vertex -23.355 24.6406 2
      vertex -23.75 24.8971 2
    endloop
  endfacet
  facet normal -0.544615 -0.838686 -0
    outer loop
      vertex -23.355 24.6406 2
      vertex -23.75 24.8971 0
      vertex -23.355 24.6406 0
    endloop
  endfacet
  facet normal 0.777311 -0.629117 0
    outer loop
      vertex -29.5 23.8186 2
      vertex -29.3442 24.0111 0
      vertex -29.3442 24.0111 2
    endloop
  endfacet
  facet normal 0.777311 -0.629117 0
    outer loop
      vertex -29.3442 24.0111 0
      vertex -29.5 23.8186 2
      vertex -29.5 23.8186 0
    endloop
  endfacet
  facet normal 0.707107 -0.707107 0
    outer loop
      vertex -29.3442 24.0111 2
      vertex -29.0111 24.3442 0
      vertex -29.0111 24.3442 2
    endloop
  endfacet
  facet normal 0.707107 -0.707107 0
    outer loop
      vertex -29.0111 24.3442 0
      vertex -29.3442 24.0111 2
      vertex -29.3442 24.0111 0
    endloop
  endfacet
  facet normal 0.544615 -0.838686 0
    outer loop
      vertex -28.645 24.6406 0
      vertex -28.25 24.8971 2
      vertex -28.645 24.6406 2
    endloop
  endfacet
  facet normal 0.544615 -0.838686 0
    outer loop
      vertex -28.25 24.8971 2
      vertex -28.645 24.6406 0
      vertex -28.25 24.8971 0
    endloop
  endfacet
  facet normal 0.258786 -0.965935 0
    outer loop
      vertex -27.3906 25.2798 0
      vertex -26.9356 25.4017 2
      vertex -27.3906 25.2798 2
    endloop
  endfacet
  facet normal 0.258786 -0.965935 0
    outer loop
      vertex -26.9356 25.4017 2
      vertex -27.3906 25.2798 0
      vertex -26.9356 25.4017 0
    endloop
  endfacet
  facet normal 0.0524363 -0.998624 0
    outer loop
      vertex -26.4704 25.4753 0
      vertex -26 25.5 2
      vertex -26.4704 25.4753 2
    endloop
  endfacet
  facet normal 0.0524363 -0.998624 0
    outer loop
      vertex -26 25.5 2
      vertex -26.4704 25.4753 0
      vertex -26 25.5 0
    endloop
  endfacet
  facet normal -0.998624 0.0524363 0
    outer loop
      vertex -21.5247 20.5296 0
      vertex -21.5 21 2
      vertex -21.5 21 0
    endloop
  endfacet
  facet normal -0.998624 0.0524363 0
    outer loop
      vertex -21.5 21 2
      vertex -21.5247 20.5296 0
      vertex -21.5247 20.5296 2
    endloop
  endfacet
  facet normal -0.707107 0.707107 0
    outer loop
      vertex -22.9889 17.6558 0
      vertex -22.6558 17.9889 2
      vertex -22.6558 17.9889 0
    endloop
  endfacet
  facet normal -0.707107 0.707107 0
    outer loop
      vertex -22.6558 17.9889 2
      vertex -22.9889 17.6558 0
      vertex -22.9889 17.6558 2
    endloop
  endfacet
  facet normal -0.890962 0.454078 0
    outer loop
      vertex -22.1029 18.75 0
      vertex -21.889 19.1697 2
      vertex -21.889 19.1697 0
    endloop
  endfacet
  facet normal -0.890962 0.454078 0
    outer loop
      vertex -21.889 19.1697 2
      vertex -22.1029 18.75 0
      vertex -22.1029 18.75 2
    endloop
  endfacet
  facet normal -0.93357 0.358396 0
    outer loop
      vertex -21.889 19.1697 0
      vertex -21.7202 19.6094 2
      vertex -21.7202 19.6094 0
    endloop
  endfacet
  facet normal -0.93357 0.358396 0
    outer loop
      vertex -21.7202 19.6094 2
      vertex -21.889 19.1697 0
      vertex -21.889 19.1697 2
    endloop
  endfacet
  facet normal -0.987715 0.156268 0
    outer loop
      vertex -21.5983 20.0644 0
      vertex -21.5247 20.5296 2
      vertex -21.5247 20.5296 0
    endloop
  endfacet
  facet normal -0.987715 0.156268 0
    outer loop
      vertex -21.5247 20.5296 2
      vertex -21.5983 20.0644 0
      vertex -21.5983 20.0644 2
    endloop
  endfacet
  facet normal -0.77721 0.629241 0
    outer loop
      vertex -22.6558 17.9889 0
      vertex -22.3594 18.355 2
      vertex -22.3594 18.355 0
    endloop
  endfacet
  facet normal -0.77721 0.629241 0
    outer loop
      vertex -22.3594 18.355 2
      vertex -22.6558 17.9889 0
      vertex -22.6558 17.9889 2
    endloop
  endfacet
  facet normal -0.629241 0.77721 0
    outer loop
      vertex -22.9889 17.6558 0
      vertex -23.355 17.3594 2
      vertex -22.9889 17.6558 2
    endloop
  endfacet
  facet normal -0.629241 0.77721 0
    outer loop
      vertex -23.355 17.3594 2
      vertex -22.9889 17.6558 0
      vertex -23.355 17.3594 0
    endloop
  endfacet
  facet normal -0.358396 0.93357 0
    outer loop
      vertex -24.1697 16.889 0
      vertex -24.6094 16.7202 2
      vertex -24.1697 16.889 2
    endloop
  endfacet
  facet normal -0.358396 0.93357 0
    outer loop
      vertex -24.6094 16.7202 2
      vertex -24.1697 16.889 0
      vertex -24.6094 16.7202 0
    endloop
  endfacet
  facet normal -0.258786 0.965935 0
    outer loop
      vertex -24.6094 16.7202 0
      vertex -25.0644 16.5983 2
      vertex -24.6094 16.7202 2
    endloop
  endfacet
  facet normal -0.258786 0.965935 0
    outer loop
      vertex -25.0644 16.5983 2
      vertex -24.6094 16.7202 0
      vertex -25.0644 16.5983 0
    endloop
  endfacet
  facet normal -0.838686 0.544615 0
    outer loop
      vertex -22.3594 18.355 0
      vertex -22.1029 18.75 2
      vertex -22.1029 18.75 0
    endloop
  endfacet
  facet normal -0.838686 0.544615 0
    outer loop
      vertex -22.1029 18.75 2
      vertex -22.3594 18.355 0
      vertex -22.3594 18.355 2
    endloop
  endfacet
  facet normal 0.777311 0.629117 0
    outer loop
      vertex -29.3442 17.9889 2
      vertex -29.5 18.1814 0
      vertex -29.5 18.1814 2
    endloop
  endfacet
  facet normal 0.777311 0.629117 0
    outer loop
      vertex -29.5 18.1814 0
      vertex -29.3442 17.9889 2
      vertex -29.3442 17.9889 0
    endloop
  endfacet
  facet normal 0.707107 0.707107 0
    outer loop
      vertex -29.0111 17.6558 2
      vertex -29.3442 17.9889 0
      vertex -29.3442 17.9889 2
    endloop
  endfacet
  facet normal 0.707107 0.707107 0
    outer loop
      vertex -29.3442 17.9889 0
      vertex -29.0111 17.6558 2
      vertex -29.0111 17.6558 0
    endloop
  endfacet
  facet normal -0.544615 0.838686 0
    outer loop
      vertex -23.355 17.3594 0
      vertex -23.75 17.1029 2
      vertex -23.355 17.3594 2
    endloop
  endfacet
  facet normal -0.544615 0.838686 0
    outer loop
      vertex -23.75 17.1029 2
      vertex -23.355 17.3594 0
      vertex -23.75 17.1029 0
    endloop
  endfacet
  facet normal -0.454078 0.890962 0
    outer loop
      vertex -23.75 17.1029 0
      vertex -24.1697 16.889 2
      vertex -23.75 17.1029 2
    endloop
  endfacet
  facet normal -0.454078 0.890962 0
    outer loop
      vertex -24.1697 16.889 2
      vertex -23.75 17.1029 0
      vertex -24.1697 16.889 0
    endloop
  endfacet
  facet normal 0.629241 0.77721 -0
    outer loop
      vertex -28.645 17.3594 0
      vertex -29.0111 17.6558 2
      vertex -28.645 17.3594 2
    endloop
  endfacet
  facet normal 0.629241 0.77721 0
    outer loop
      vertex -29.0111 17.6558 2
      vertex -28.645 17.3594 0
      vertex -29.0111 17.6558 0
    endloop
  endfacet
  facet normal 0.358396 0.93357 -0
    outer loop
      vertex -27.3906 16.7202 0
      vertex -27.8303 16.889 2
      vertex -27.3906 16.7202 2
    endloop
  endfacet
  facet normal 0.358396 0.93357 0
    outer loop
      vertex -27.8303 16.889 2
      vertex -27.3906 16.7202 0
      vertex -27.8303 16.889 0
    endloop
  endfacet
  facet normal 0.454078 0.890962 -0
    outer loop
      vertex -27.8303 16.889 0
      vertex -28.25 17.1029 2
      vertex -27.8303 16.889 2
    endloop
  endfacet
  facet normal 0.454078 0.890962 0
    outer loop
      vertex -28.25 17.1029 2
      vertex -27.8303 16.889 0
      vertex -28.25 17.1029 0
    endloop
  endfacet
  facet normal 0.544615 0.838686 -0
    outer loop
      vertex -28.25 17.1029 0
      vertex -28.645 17.3594 2
      vertex -28.25 17.1029 2
    endloop
  endfacet
  facet normal 0.544615 0.838686 0
    outer loop
      vertex -28.645 17.3594 2
      vertex -28.25 17.1029 0
      vertex -28.645 17.3594 0
    endloop
  endfacet
  facet normal 0.258786 0.965935 -0
    outer loop
      vertex -26.9356 16.5983 0
      vertex -27.3906 16.7202 2
      vertex -26.9356 16.5983 2
    endloop
  endfacet
  facet normal 0.258786 0.965935 0
    outer loop
      vertex -27.3906 16.7202 2
      vertex -26.9356 16.5983 0
      vertex -27.3906 16.7202 0
    endloop
  endfacet
  facet normal 0.156268 0.987715 -0
    outer loop
      vertex -26.4704 16.5247 0
      vertex -26.9356 16.5983 2
      vertex -26.4704 16.5247 2
    endloop
  endfacet
  facet normal 0.156268 0.987715 0
    outer loop
      vertex -26.9356 16.5983 2
      vertex -26.4704 16.5247 0
      vertex -26.9356 16.5983 0
    endloop
  endfacet
  facet normal 0.0524363 0.998624 -0
    outer loop
      vertex -26 16.5 0
      vertex -26.4704 16.5247 2
      vertex -26 16.5 2
    endloop
  endfacet
  facet normal 0.0524363 0.998624 0
    outer loop
      vertex -26.4704 16.5247 2
      vertex -26 16.5 0
      vertex -26.4704 16.5247 0
    endloop
  endfacet
  facet normal 0.0524363 -0.998624 0
    outer loop
      vertex 25.5296 -16.5247 0
      vertex 26 -16.5 2
      vertex 25.5296 -16.5247 2
    endloop
  endfacet
  facet normal 0.0524363 -0.998624 0
    outer loop
      vertex 26 -16.5 2
      vertex 25.5296 -16.5247 0
      vertex 26 -16.5 0
    endloop
  endfacet
  facet normal -0.0524363 0.998624 0
    outer loop
      vertex 26.4704 -25.4753 0
      vertex 26 -25.5 2
      vertex 26.4704 -25.4753 2
    endloop
  endfacet
  facet normal -0.0524363 0.998624 0
    outer loop
      vertex 26 -25.5 2
      vertex 26.4704 -25.4753 0
      vertex 26 -25.5 0
    endloop
  endfacet
  facet normal -0.707107 -0.707107 0
    outer loop
      vertex 29.3442 -17.9889 0
      vertex 29.0111 -17.6558 2
      vertex 29.0111 -17.6558 0
    endloop
  endfacet
  facet normal -0.707107 -0.707107 0
    outer loop
      vertex 29.0111 -17.6558 2
      vertex 29.3442 -17.9889 0
      vertex 29.3442 -17.9889 2
    endloop
  endfacet
  facet normal 0.707107 -0.707107 0
    outer loop
      vertex 22.6558 -17.9889 2
      vertex 22.9889 -17.6558 0
      vertex 22.9889 -17.6558 2
    endloop
  endfacet
  facet normal 0.707107 -0.707107 0
    outer loop
      vertex 22.9889 -17.6558 0
      vertex 22.6558 -17.9889 2
      vertex 22.6558 -17.9889 0
    endloop
  endfacet
  facet normal 0.358396 -0.93357 0
    outer loop
      vertex 24.1697 -16.889 0
      vertex 24.6094 -16.7202 2
      vertex 24.1697 -16.889 2
    endloop
  endfacet
  facet normal 0.358396 -0.93357 0
    outer loop
      vertex 24.6094 -16.7202 2
      vertex 24.1697 -16.889 0
      vertex 24.6094 -16.7202 0
    endloop
  endfacet
  facet normal -0.358396 -0.93357 0
    outer loop
      vertex 27.3906 -16.7202 0
      vertex 27.8303 -16.889 2
      vertex 27.3906 -16.7202 2
    endloop
  endfacet
  facet normal -0.358396 -0.93357 -0
    outer loop
      vertex 27.8303 -16.889 2
      vertex 27.3906 -16.7202 0
      vertex 27.8303 -16.889 0
    endloop
  endfacet
  facet normal -0.544615 -0.838686 0
    outer loop
      vertex 28.25 -17.1029 0
      vertex 28.645 -17.3594 2
      vertex 28.25 -17.1029 2
    endloop
  endfacet
  facet normal -0.544615 -0.838686 -0
    outer loop
      vertex 28.645 -17.3594 2
      vertex 28.25 -17.1029 0
      vertex 28.645 -17.3594 0
    endloop
  endfacet
  facet normal 0.93357 -0.358396 0
    outer loop
      vertex 21.7202 -19.6094 2
      vertex 21.889 -19.1697 0
      vertex 21.889 -19.1697 2
    endloop
  endfacet
  facet normal 0.93357 -0.358396 0
    outer loop
      vertex 21.889 -19.1697 0
      vertex 21.7202 -19.6094 2
      vertex 21.7202 -19.6094 0
    endloop
  endfacet
  facet normal 0.156268 -0.987715 0
    outer loop
      vertex 25.0644 -16.5983 0
      vertex 25.5296 -16.5247 2
      vertex 25.0644 -16.5983 2
    endloop
  endfacet
  facet normal 0.156268 -0.987715 0
    outer loop
      vertex 25.5296 -16.5247 2
      vertex 25.0644 -16.5983 0
      vertex 25.5296 -16.5247 0
    endloop
  endfacet
  facet normal -0.156268 0.987715 0
    outer loop
      vertex 26.9356 -25.4017 0
      vertex 26.4704 -25.4753 2
      vertex 26.9356 -25.4017 2
    endloop
  endfacet
  facet normal -0.156268 0.987715 0
    outer loop
      vertex 26.4704 -25.4753 2
      vertex 26.9356 -25.4017 0
      vertex 26.4704 -25.4753 0
    endloop
  endfacet
  facet normal -0.777311 -0.629117 0
    outer loop
      vertex 29.5 -18.1814 0
      vertex 29.3442 -17.9889 2
      vertex 29.3442 -17.9889 0
    endloop
  endfacet
  facet normal -0.777311 -0.629117 0
    outer loop
      vertex 29.3442 -17.9889 2
      vertex 29.5 -18.1814 0
      vertex 29.5 -18.1814 2
    endloop
  endfacet
  facet normal -0.156268 -0.987715 0
    outer loop
      vertex 26.4704 -16.5247 0
      vertex 26.9356 -16.5983 2
      vertex 26.4704 -16.5247 2
    endloop
  endfacet
  facet normal -0.156268 -0.987715 -0
    outer loop
      vertex 26.9356 -16.5983 2
      vertex 26.4704 -16.5247 0
      vertex 26.9356 -16.5983 0
    endloop
  endfacet
  facet normal -0.258786 -0.965935 0
    outer loop
      vertex 26.9356 -16.5983 0
      vertex 27.3906 -16.7202 2
      vertex 26.9356 -16.5983 2
    endloop
  endfacet
  facet normal -0.258786 -0.965935 -0
    outer loop
      vertex 27.3906 -16.7202 2
      vertex 26.9356 -16.5983 0
      vertex 27.3906 -16.7202 0
    endloop
  endfacet
  facet normal -0.0524363 -0.998624 0
    outer loop
      vertex 26 -16.5 0
      vertex 26.4704 -16.5247 2
      vertex 26 -16.5 2
    endloop
  endfacet
  facet normal -0.0524363 -0.998624 -0
    outer loop
      vertex 26.4704 -16.5247 2
      vertex 26 -16.5 0
      vertex 26.4704 -16.5247 0
    endloop
  endfacet
  facet normal -0.454078 -0.890962 0
    outer loop
      vertex 27.8303 -16.889 0
      vertex 28.25 -17.1029 2
      vertex 27.8303 -16.889 2
    endloop
  endfacet
  facet normal -0.454078 -0.890962 -0
    outer loop
      vertex 28.25 -17.1029 2
      vertex 27.8303 -16.889 0
      vertex 28.25 -17.1029 0
    endloop
  endfacet
  facet normal -0.629241 -0.77721 0
    outer loop
      vertex 28.645 -17.3594 0
      vertex 29.0111 -17.6558 2
      vertex 28.645 -17.3594 2
    endloop
  endfacet
  facet normal -0.629241 -0.77721 -0
    outer loop
      vertex 29.0111 -17.6558 2
      vertex 28.645 -17.3594 0
      vertex 29.0111 -17.6558 0
    endloop
  endfacet
  facet normal 0.987715 -0.156268 0
    outer loop
      vertex 21.5247 -20.5296 2
      vertex 21.5983 -20.0644 0
      vertex 21.5983 -20.0644 2
    endloop
  endfacet
  facet normal 0.987715 -0.156268 0
    outer loop
      vertex 21.5983 -20.0644 0
      vertex 21.5247 -20.5296 2
      vertex 21.5247 -20.5296 0
    endloop
  endfacet
  facet normal 0.838686 -0.544615 0
    outer loop
      vertex 22.1029 -18.75 2
      vertex 22.3594 -18.355 0
      vertex 22.3594 -18.355 2
    endloop
  endfacet
  facet normal 0.838686 -0.544615 0
    outer loop
      vertex 22.3594 -18.355 0
      vertex 22.1029 -18.75 2
      vertex 22.1029 -18.75 0
    endloop
  endfacet
  facet normal 0.77721 -0.629241 0
    outer loop
      vertex 22.3594 -18.355 2
      vertex 22.6558 -17.9889 0
      vertex 22.6558 -17.9889 2
    endloop
  endfacet
  facet normal 0.77721 -0.629241 0
    outer loop
      vertex 22.6558 -17.9889 0
      vertex 22.3594 -18.355 2
      vertex 22.3594 -18.355 0
    endloop
  endfacet
  facet normal 0.890962 -0.454078 0
    outer loop
      vertex 21.889 -19.1697 2
      vertex 22.1029 -18.75 0
      vertex 22.1029 -18.75 2
    endloop
  endfacet
  facet normal 0.890962 -0.454078 0
    outer loop
      vertex 22.1029 -18.75 0
      vertex 21.889 -19.1697 2
      vertex 21.889 -19.1697 0
    endloop
  endfacet
  facet normal 0.965935 -0.258786 0
    outer loop
      vertex 21.5983 -20.0644 2
      vertex 21.7202 -19.6094 0
      vertex 21.7202 -19.6094 2
    endloop
  endfacet
  facet normal 0.965935 -0.258786 0
    outer loop
      vertex 21.7202 -19.6094 0
      vertex 21.5983 -20.0644 2
      vertex 21.5983 -20.0644 0
    endloop
  endfacet
  facet normal 0.998624 -0.0524363 0
    outer loop
      vertex 21.5 -21 2
      vertex 21.5247 -20.5296 0
      vertex 21.5247 -20.5296 2
    endloop
  endfacet
  facet normal 0.998624 -0.0524363 0
    outer loop
      vertex 21.5247 -20.5296 0
      vertex 21.5 -21 2
      vertex 21.5 -21 0
    endloop
  endfacet
  facet normal 0.544615 -0.838686 0
    outer loop
      vertex 23.355 -17.3594 0
      vertex 23.75 -17.1029 2
      vertex 23.355 -17.3594 2
    endloop
  endfacet
  facet normal 0.544615 -0.838686 0
    outer loop
      vertex 23.75 -17.1029 2
      vertex 23.355 -17.3594 0
      vertex 23.75 -17.1029 0
    endloop
  endfacet
  facet normal 0.454078 -0.890962 0
    outer loop
      vertex 23.75 -17.1029 0
      vertex 24.1697 -16.889 2
      vertex 23.75 -17.1029 2
    endloop
  endfacet
  facet normal 0.454078 -0.890962 0
    outer loop
      vertex 24.1697 -16.889 2
      vertex 23.75 -17.1029 0
      vertex 24.1697 -16.889 0
    endloop
  endfacet
  facet normal 0.629241 -0.77721 0
    outer loop
      vertex 22.9889 -17.6558 0
      vertex 23.355 -17.3594 2
      vertex 22.9889 -17.6558 2
    endloop
  endfacet
  facet normal 0.629241 -0.77721 0
    outer loop
      vertex 23.355 -17.3594 2
      vertex 22.9889 -17.6558 0
      vertex 23.355 -17.3594 0
    endloop
  endfacet
  facet normal 0.258786 -0.965935 0
    outer loop
      vertex 24.6094 -16.7202 0
      vertex 25.0644 -16.5983 2
      vertex 24.6094 -16.7202 2
    endloop
  endfacet
  facet normal 0.258786 -0.965935 0
    outer loop
      vertex 25.0644 -16.5983 2
      vertex 24.6094 -16.7202 0
      vertex 25.0644 -16.5983 0
    endloop
  endfacet
  facet normal -0.454078 0.890962 0
    outer loop
      vertex 28.25 -24.8971 0
      vertex 27.8303 -25.111 2
      vertex 28.25 -24.8971 2
    endloop
  endfacet
  facet normal -0.454078 0.890962 0
    outer loop
      vertex 27.8303 -25.111 2
      vertex 28.25 -24.8971 0
      vertex 27.8303 -25.111 0
    endloop
  endfacet
  facet normal -0.707107 0.707107 0
    outer loop
      vertex 29.0111 -24.3442 0
      vertex 29.3442 -24.0111 2
      vertex 29.3442 -24.0111 0
    endloop
  endfacet
  facet normal -0.707107 0.707107 0
    outer loop
      vertex 29.3442 -24.0111 2
      vertex 29.0111 -24.3442 0
      vertex 29.0111 -24.3442 2
    endloop
  endfacet
  facet normal 0.629241 0.77721 -0
    outer loop
      vertex 23.355 -24.6406 0
      vertex 22.9889 -24.3442 2
      vertex 23.355 -24.6406 2
    endloop
  endfacet
  facet normal 0.629241 0.77721 0
    outer loop
      vertex 22.9889 -24.3442 2
      vertex 23.355 -24.6406 0
      vertex 22.9889 -24.3442 0
    endloop
  endfacet
  facet normal 0.890962 0.454078 0
    outer loop
      vertex 22.1029 -23.25 2
      vertex 21.889 -22.8303 0
      vertex 21.889 -22.8303 2
    endloop
  endfacet
  facet normal 0.890962 0.454078 0
    outer loop
      vertex 21.889 -22.8303 0
      vertex 22.1029 -23.25 2
      vertex 22.1029 -23.25 0
    endloop
  endfacet
  facet normal 0.77721 0.629241 0
    outer loop
      vertex 22.6558 -24.0111 2
      vertex 22.3594 -23.645 0
      vertex 22.3594 -23.645 2
    endloop
  endfacet
  facet normal 0.77721 0.629241 0
    outer loop
      vertex 22.3594 -23.645 0
      vertex 22.6558 -24.0111 2
      vertex 22.6558 -24.0111 0
    endloop
  endfacet
  facet normal 0.987715 0.156268 0
    outer loop
      vertex 21.5983 -21.9356 2
      vertex 21.5247 -21.4704 0
      vertex 21.5247 -21.4704 2
    endloop
  endfacet
  facet normal 0.987715 0.156268 0
    outer loop
      vertex 21.5247 -21.4704 0
      vertex 21.5983 -21.9356 2
      vertex 21.5983 -21.9356 0
    endloop
  endfacet
  facet normal 0.998624 0.0524363 0
    outer loop
      vertex 21.5247 -21.4704 2
      vertex 21.5 -21 0
      vertex 21.5 -21 2
    endloop
  endfacet
  facet normal 0.998624 0.0524363 0
    outer loop
      vertex 21.5 -21 0
      vertex 21.5247 -21.4704 2
      vertex 21.5247 -21.4704 0
    endloop
  endfacet
  facet normal -0.777311 0.629117 0
    outer loop
      vertex 29.3442 -24.0111 0
      vertex 29.5 -23.8186 2
      vertex 29.5 -23.8186 0
    endloop
  endfacet
  facet normal -0.777311 0.629117 0
    outer loop
      vertex 29.5 -23.8186 2
      vertex 29.3442 -24.0111 0
      vertex 29.3442 -24.0111 2
    endloop
  endfacet
  facet normal 0.707107 0.707107 0
    outer loop
      vertex 22.9889 -24.3442 2
      vertex 22.6558 -24.0111 0
      vertex 22.6558 -24.0111 2
    endloop
  endfacet
  facet normal 0.707107 0.707107 0
    outer loop
      vertex 22.6558 -24.0111 0
      vertex 22.9889 -24.3442 2
      vertex 22.9889 -24.3442 0
    endloop
  endfacet
  facet normal 0.965935 0.258786 0
    outer loop
      vertex 21.7202 -22.3906 2
      vertex 21.5983 -21.9356 0
      vertex 21.5983 -21.9356 2
    endloop
  endfacet
  facet normal 0.965935 0.258786 0
    outer loop
      vertex 21.5983 -21.9356 0
      vertex 21.7202 -22.3906 2
      vertex 21.7202 -22.3906 0
    endloop
  endfacet
  facet normal 0.93357 0.358396 0
    outer loop
      vertex 21.889 -22.8303 2
      vertex 21.7202 -22.3906 0
      vertex 21.7202 -22.3906 2
    endloop
  endfacet
  facet normal 0.93357 0.358396 0
    outer loop
      vertex 21.7202 -22.3906 0
      vertex 21.889 -22.8303 2
      vertex 21.889 -22.8303 0
    endloop
  endfacet
  facet normal -0.358396 0.93357 0
    outer loop
      vertex 27.8303 -25.111 0
      vertex 27.3906 -25.2798 2
      vertex 27.8303 -25.111 2
    endloop
  endfacet
  facet normal -0.358396 0.93357 0
    outer loop
      vertex 27.3906 -25.2798 2
      vertex 27.8303 -25.111 0
      vertex 27.3906 -25.2798 0
    endloop
  endfacet
  facet normal -0.258786 0.965935 0
    outer loop
      vertex 27.3906 -25.2798 0
      vertex 26.9356 -25.4017 2
      vertex 27.3906 -25.2798 2
    endloop
  endfacet
  facet normal -0.258786 0.965935 0
    outer loop
      vertex 26.9356 -25.4017 2
      vertex 27.3906 -25.2798 0
      vertex 26.9356 -25.4017 0
    endloop
  endfacet
  facet normal -0.629241 0.77721 0
    outer loop
      vertex 29.0111 -24.3442 0
      vertex 28.645 -24.6406 2
      vertex 29.0111 -24.3442 2
    endloop
  endfacet
  facet normal -0.629241 0.77721 0
    outer loop
      vertex 28.645 -24.6406 2
      vertex 29.0111 -24.3442 0
      vertex 28.645 -24.6406 0
    endloop
  endfacet
  facet normal -0.544615 0.838686 0
    outer loop
      vertex 28.645 -24.6406 0
      vertex 28.25 -24.8971 2
      vertex 28.645 -24.6406 2
    endloop
  endfacet
  facet normal -0.544615 0.838686 0
    outer loop
      vertex 28.25 -24.8971 2
      vertex 28.645 -24.6406 0
      vertex 28.25 -24.8971 0
    endloop
  endfacet
  facet normal 0.0524363 0.998624 -0
    outer loop
      vertex 26 -25.5 0
      vertex 25.5296 -25.4753 2
      vertex 26 -25.5 2
    endloop
  endfacet
  facet normal 0.0524363 0.998624 0
    outer loop
      vertex 25.5296 -25.4753 2
      vertex 26 -25.5 0
      vertex 25.5296 -25.4753 0
    endloop
  endfacet
  facet normal 0.358396 0.93357 -0
    outer loop
      vertex 24.6094 -25.2798 0
      vertex 24.1697 -25.111 2
      vertex 24.6094 -25.2798 2
    endloop
  endfacet
  facet normal 0.358396 0.93357 0
    outer loop
      vertex 24.1697 -25.111 2
      vertex 24.6094 -25.2798 0
      vertex 24.1697 -25.111 0
    endloop
  endfacet
  facet normal 0.838686 0.544615 0
    outer loop
      vertex 22.3594 -23.645 2
      vertex 22.1029 -23.25 0
      vertex 22.1029 -23.25 2
    endloop
  endfacet
  facet normal 0.838686 0.544615 0
    outer loop
      vertex 22.1029 -23.25 0
      vertex 22.3594 -23.645 2
      vertex 22.3594 -23.645 0
    endloop
  endfacet
  facet normal 0.454078 0.890962 -0
    outer loop
      vertex 24.1697 -25.111 0
      vertex 23.75 -24.8971 2
      vertex 24.1697 -25.111 2
    endloop
  endfacet
  facet normal 0.454078 0.890962 0
    outer loop
      vertex 23.75 -24.8971 2
      vertex 24.1697 -25.111 0
      vertex 23.75 -24.8971 0
    endloop
  endfacet
  facet normal 0.544615 0.838686 -0
    outer loop
      vertex 23.75 -24.8971 0
      vertex 23.355 -24.6406 2
      vertex 23.75 -24.8971 2
    endloop
  endfacet
  facet normal 0.544615 0.838686 0
    outer loop
      vertex 23.355 -24.6406 2
      vertex 23.75 -24.8971 0
      vertex 23.355 -24.6406 0
    endloop
  endfacet
  facet normal 0.156268 0.987715 -0
    outer loop
      vertex 25.5296 -25.4753 0
      vertex 25.0644 -25.4017 2
      vertex 25.5296 -25.4753 2
    endloop
  endfacet
  facet normal 0.156268 0.987715 0
    outer loop
      vertex 25.0644 -25.4017 2
      vertex 25.5296 -25.4753 0
      vertex 25.0644 -25.4017 0
    endloop
  endfacet
  facet normal 0.258786 0.965935 -0
    outer loop
      vertex 25.0644 -25.4017 0
      vertex 24.6094 -25.2798 2
      vertex 25.0644 -25.4017 2
    endloop
  endfacet
  facet normal 0.258786 0.965935 0
    outer loop
      vertex 24.6094 -25.2798 2
      vertex 25.0644 -25.4017 0
      vertex 24.6094 -25.2798 0
    endloop
  endfacet
  facet normal 0.0524363 -0.998624 0
    outer loop
      vertex 25.5296 25.4753 0
      vertex 26 25.5 2
      vertex 25.5296 25.4753 2
    endloop
  endfacet
  facet normal 0.0524363 -0.998624 0
    outer loop
      vertex 26 25.5 2
      vertex 25.5296 25.4753 0
      vertex 26 25.5 0
    endloop
  endfacet
  facet normal -0.707107 -0.707107 0
    outer loop
      vertex 29.3442 24.0111 0
      vertex 29.0111 24.3442 2
      vertex 29.0111 24.3442 0
    endloop
  endfacet
  facet normal -0.707107 -0.707107 0
    outer loop
      vertex 29.0111 24.3442 2
      vertex 29.3442 24.0111 0
      vertex 29.3442 24.0111 2
    endloop
  endfacet
  facet normal 0.707107 -0.707107 0
    outer loop
      vertex 22.6558 24.0111 2
      vertex 22.9889 24.3442 0
      vertex 22.9889 24.3442 2
    endloop
  endfacet
  facet normal 0.707107 -0.707107 0
    outer loop
      vertex 22.9889 24.3442 0
      vertex 22.6558 24.0111 2
      vertex 22.6558 24.0111 0
    endloop
  endfacet
  facet normal 0.358396 -0.93357 0
    outer loop
      vertex 24.1697 25.111 0
      vertex 24.6094 25.2798 2
      vertex 24.1697 25.111 2
    endloop
  endfacet
  facet normal 0.358396 -0.93357 0
    outer loop
      vertex 24.6094 25.2798 2
      vertex 24.1697 25.111 0
      vertex 24.6094 25.2798 0
    endloop
  endfacet
  facet normal -0.358396 -0.93357 0
    outer loop
      vertex 27.3906 25.2798 0
      vertex 27.8303 25.111 2
      vertex 27.3906 25.2798 2
    endloop
  endfacet
  facet normal -0.358396 -0.93357 -0
    outer loop
      vertex 27.8303 25.111 2
      vertex 27.3906 25.2798 0
      vertex 27.8303 25.111 0
    endloop
  endfacet
  facet normal -0.544615 -0.838686 0
    outer loop
      vertex 28.25 24.8971 0
      vertex 28.645 24.6406 2
      vertex 28.25 24.8971 2
    endloop
  endfacet
  facet normal -0.544615 -0.838686 -0
    outer loop
      vertex 28.645 24.6406 2
      vertex 28.25 24.8971 0
      vertex 28.645 24.6406 0
    endloop
  endfacet
  facet normal 0.93357 -0.358396 0
    outer loop
      vertex 21.7202 22.3906 2
      vertex 21.889 22.8303 0
      vertex 21.889 22.8303 2
    endloop
  endfacet
  facet normal 0.93357 -0.358396 0
    outer loop
      vertex 21.889 22.8303 0
      vertex 21.7202 22.3906 2
      vertex 21.7202 22.3906 0
    endloop
  endfacet
  facet normal 0.156268 -0.987715 0
    outer loop
      vertex 25.0644 25.4017 0
      vertex 25.5296 25.4753 2
      vertex 25.0644 25.4017 2
    endloop
  endfacet
  facet normal 0.156268 -0.987715 0
    outer loop
      vertex 25.5296 25.4753 2
      vertex 25.0644 25.4017 0
      vertex 25.5296 25.4753 0
    endloop
  endfacet
  facet normal -0.156268 0.987715 0
    outer loop
      vertex 26.9356 16.5983 0
      vertex 26.4704 16.5247 2
      vertex 26.9356 16.5983 2
    endloop
  endfacet
  facet normal -0.156268 0.987715 0
    outer loop
      vertex 26.4704 16.5247 2
      vertex 26.9356 16.5983 0
      vertex 26.4704 16.5247 0
    endloop
  endfacet
  facet normal 0.987715 0.156268 0
    outer loop
      vertex 21.5983 20.0644 2
      vertex 21.5247 20.5296 0
      vertex 21.5247 20.5296 2
    endloop
  endfacet
  facet normal 0.987715 0.156268 0
    outer loop
      vertex 21.5247 20.5296 0
      vertex 21.5983 20.0644 2
      vertex 21.5983 20.0644 0
    endloop
  endfacet
  facet normal -0.777311 -0.629117 0
    outer loop
      vertex 29.5 23.8186 0
      vertex 29.3442 24.0111 2
      vertex 29.3442 24.0111 0
    endloop
  endfacet
  facet normal -0.777311 -0.629117 0
    outer loop
      vertex 29.3442 24.0111 2
      vertex 29.5 23.8186 0
      vertex 29.5 23.8186 2
    endloop
  endfacet
  facet normal -0.156268 -0.987715 0
    outer loop
      vertex 26.4704 25.4753 0
      vertex 26.9356 25.4017 2
      vertex 26.4704 25.4753 2
    endloop
  endfacet
  facet normal -0.156268 -0.987715 -0
    outer loop
      vertex 26.9356 25.4017 2
      vertex 26.4704 25.4753 0
      vertex 26.9356 25.4017 0
    endloop
  endfacet
  facet normal -0.258786 -0.965935 0
    outer loop
      vertex 26.9356 25.4017 0
      vertex 27.3906 25.2798 2
      vertex 26.9356 25.4017 2
    endloop
  endfacet
  facet normal -0.258786 -0.965935 -0
    outer loop
      vertex 27.3906 25.2798 2
      vertex 26.9356 25.4017 0
      vertex 27.3906 25.2798 0
    endloop
  endfacet
  facet normal -0.0524363 -0.998624 0
    outer loop
      vertex 26 25.5 0
      vertex 26.4704 25.4753 2
      vertex 26 25.5 2
    endloop
  endfacet
  facet normal -0.0524363 -0.998624 -0
    outer loop
      vertex 26.4704 25.4753 2
      vertex 26 25.5 0
      vertex 26.4704 25.4753 0
    endloop
  endfacet
  facet normal -0.454078 -0.890962 0
    outer loop
      vertex 27.8303 25.111 0
      vertex 28.25 24.8971 2
      vertex 27.8303 25.111 2
    endloop
  endfacet
  facet normal -0.454078 -0.890962 -0
    outer loop
      vertex 28.25 24.8971 2
      vertex 27.8303 25.111 0
      vertex 28.25 24.8971 0
    endloop
  endfacet
  facet normal -0.629241 -0.77721 0
    outer loop
      vertex 28.645 24.6406 0
      vertex 29.0111 24.3442 2
      vertex 28.645 24.6406 2
    endloop
  endfacet
  facet normal -0.629241 -0.77721 -0
    outer loop
      vertex 29.0111 24.3442 2
      vertex 28.645 24.6406 0
      vertex 29.0111 24.3442 0
    endloop
  endfacet
  facet normal 0.987715 -0.156268 0
    outer loop
      vertex 21.5247 21.4704 2
      vertex 21.5983 21.9356 0
      vertex 21.5983 21.9356 2
    endloop
  endfacet
  facet normal 0.987715 -0.156268 0
    outer loop
      vertex 21.5983 21.9356 0
      vertex 21.5247 21.4704 2
      vertex 21.5247 21.4704 0
    endloop
  endfacet
  facet normal 0.838686 -0.544615 0
    outer loop
      vertex 22.1029 23.25 2
      vertex 22.3594 23.645 0
      vertex 22.3594 23.645 2
    endloop
  endfacet
  facet normal 0.838686 -0.544615 0
    outer loop
      vertex 22.3594 23.645 0
      vertex 22.1029 23.25 2
      vertex 22.1029 23.25 0
    endloop
  endfacet
  facet normal 0.77721 -0.629241 0
    outer loop
      vertex 22.3594 23.645 2
      vertex 22.6558 24.0111 0
      vertex 22.6558 24.0111 2
    endloop
  endfacet
  facet normal 0.77721 -0.629241 0
    outer loop
      vertex 22.6558 24.0111 0
      vertex 22.3594 23.645 2
      vertex 22.3594 23.645 0
    endloop
  endfacet
  facet normal 0.890962 -0.454078 0
    outer loop
      vertex 21.889 22.8303 2
      vertex 22.1029 23.25 0
      vertex 22.1029 23.25 2
    endloop
  endfacet
  facet normal 0.890962 -0.454078 0
    outer loop
      vertex 22.1029 23.25 0
      vertex 21.889 22.8303 2
      vertex 21.889 22.8303 0
    endloop
  endfacet
  facet normal 0.965935 -0.258786 0
    outer loop
      vertex 21.5983 21.9356 2
      vertex 21.7202 22.3906 0
      vertex 21.7202 22.3906 2
    endloop
  endfacet
  facet normal 0.965935 -0.258786 0
    outer loop
      vertex 21.7202 22.3906 0
      vertex 21.5983 21.9356 2
      vertex 21.5983 21.9356 0
    endloop
  endfacet
  facet normal 0.998624 -0.0524363 0
    outer loop
      vertex 21.5 21 2
      vertex 21.5247 21.4704 0
      vertex 21.5247 21.4704 2
    endloop
  endfacet
  facet normal 0.998624 -0.0524363 0
    outer loop
      vertex 21.5247 21.4704 0
      vertex 21.5 21 2
      vertex 21.5 21 0
    endloop
  endfacet
  facet normal 0.544615 -0.838686 0
    outer loop
      vertex 23.355 24.6406 0
      vertex 23.75 24.8971 2
      vertex 23.355 24.6406 2
    endloop
  endfacet
  facet normal 0.544615 -0.838686 0
    outer loop
      vertex 23.75 24.8971 2
      vertex 23.355 24.6406 0
      vertex 23.75 24.8971 0
    endloop
  endfacet
  facet normal 0.454078 -0.890962 0
    outer loop
      vertex 23.75 24.8971 0
      vertex 24.1697 25.111 2
      vertex 23.75 24.8971 2
    endloop
  endfacet
  facet normal 0.454078 -0.890962 0
    outer loop
      vertex 24.1697 25.111 2
      vertex 23.75 24.8971 0
      vertex 24.1697 25.111 0
    endloop
  endfacet
  facet normal 0.629241 -0.77721 0
    outer loop
      vertex 22.9889 24.3442 0
      vertex 23.355 24.6406 2
      vertex 22.9889 24.3442 2
    endloop
  endfacet
  facet normal 0.629241 -0.77721 0
    outer loop
      vertex 23.355 24.6406 2
      vertex 22.9889 24.3442 0
      vertex 23.355 24.6406 0
    endloop
  endfacet
  facet normal 0.258786 -0.965935 0
    outer loop
      vertex 24.6094 25.2798 0
      vertex 25.0644 25.4017 2
      vertex 24.6094 25.2798 2
    endloop
  endfacet
  facet normal 0.258786 -0.965935 0
    outer loop
      vertex 25.0644 25.4017 2
      vertex 24.6094 25.2798 0
      vertex 25.0644 25.4017 0
    endloop
  endfacet
  facet normal -0.258786 0.965935 0
    outer loop
      vertex 27.3906 16.7202 0
      vertex 26.9356 16.5983 2
      vertex 27.3906 16.7202 2
    endloop
  endfacet
  facet normal -0.258786 0.965935 0
    outer loop
      vertex 26.9356 16.5983 2
      vertex 27.3906 16.7202 0
      vertex 26.9356 16.5983 0
    endloop
  endfacet
  facet normal -0.629241 0.77721 0
    outer loop
      vertex 29.0111 17.6558 0
      vertex 28.645 17.3594 2
      vertex 29.0111 17.6558 2
    endloop
  endfacet
  facet normal -0.629241 0.77721 0
    outer loop
      vertex 28.645 17.3594 2
      vertex 29.0111 17.6558 0
      vertex 28.645 17.3594 0
    endloop
  endfacet
  facet normal -0.454078 0.890962 0
    outer loop
      vertex 28.25 17.1029 0
      vertex 27.8303 16.889 2
      vertex 28.25 17.1029 2
    endloop
  endfacet
  facet normal -0.454078 0.890962 0
    outer loop
      vertex 27.8303 16.889 2
      vertex 28.25 17.1029 0
      vertex 27.8303 16.889 0
    endloop
  endfacet
  facet normal -0.777311 0.629117 0
    outer loop
      vertex 29.3442 17.9889 0
      vertex 29.5 18.1814 2
      vertex 29.5 18.1814 0
    endloop
  endfacet
  facet normal -0.777311 0.629117 0
    outer loop
      vertex 29.5 18.1814 2
      vertex 29.3442 17.9889 0
      vertex 29.3442 17.9889 2
    endloop
  endfacet
  facet normal 0.629241 0.77721 -0
    outer loop
      vertex 23.355 17.3594 0
      vertex 22.9889 17.6558 2
      vertex 23.355 17.3594 2
    endloop
  endfacet
  facet normal 0.629241 0.77721 0
    outer loop
      vertex 22.9889 17.6558 2
      vertex 23.355 17.3594 0
      vertex 22.9889 17.6558 0
    endloop
  endfacet
  facet normal 0.454078 0.890962 -0
    outer loop
      vertex 24.1697 16.889 0
      vertex 23.75 17.1029 2
      vertex 24.1697 16.889 2
    endloop
  endfacet
  facet normal 0.454078 0.890962 0
    outer loop
      vertex 23.75 17.1029 2
      vertex 24.1697 16.889 0
      vertex 23.75 17.1029 0
    endloop
  endfacet
  facet normal 0.258786 0.965935 -0
    outer loop
      vertex 25.0644 16.5983 0
      vertex 24.6094 16.7202 2
      vertex 25.0644 16.5983 2
    endloop
  endfacet
  facet normal 0.258786 0.965935 0
    outer loop
      vertex 24.6094 16.7202 2
      vertex 25.0644 16.5983 0
      vertex 24.6094 16.7202 0
    endloop
  endfacet
  facet normal 0.0524363 0.998624 -0
    outer loop
      vertex 26 16.5 0
      vertex 25.5296 16.5247 2
      vertex 26 16.5 2
    endloop
  endfacet
  facet normal 0.0524363 0.998624 0
    outer loop
      vertex 25.5296 16.5247 2
      vertex 26 16.5 0
      vertex 25.5296 16.5247 0
    endloop
  endfacet
  facet normal 0.890962 0.454078 0
    outer loop
      vertex 22.1029 18.75 2
      vertex 21.889 19.1697 0
      vertex 21.889 19.1697 2
    endloop
  endfacet
  facet normal 0.890962 0.454078 0
    outer loop
      vertex 21.889 19.1697 0
      vertex 22.1029 18.75 2
      vertex 22.1029 18.75 0
    endloop
  endfacet
  facet normal 0.77721 0.629241 0
    outer loop
      vertex 22.6558 17.9889 2
      vertex 22.3594 18.355 0
      vertex 22.3594 18.355 2
    endloop
  endfacet
  facet normal 0.77721 0.629241 0
    outer loop
      vertex 22.3594 18.355 0
      vertex 22.6558 17.9889 2
      vertex 22.6558 17.9889 0
    endloop
  endfacet
  facet normal 0.965935 0.258786 0
    outer loop
      vertex 21.7202 19.6094 2
      vertex 21.5983 20.0644 0
      vertex 21.5983 20.0644 2
    endloop
  endfacet
  facet normal 0.965935 0.258786 0
    outer loop
      vertex 21.5983 20.0644 0
      vertex 21.7202 19.6094 2
      vertex 21.7202 19.6094 0
    endloop
  endfacet
  facet normal 0.93357 0.358396 0
    outer loop
      vertex 21.889 19.1697 2
      vertex 21.7202 19.6094 0
      vertex 21.7202 19.6094 2
    endloop
  endfacet
  facet normal 0.93357 0.358396 0
    outer loop
      vertex 21.7202 19.6094 0
      vertex 21.889 19.1697 2
      vertex 21.889 19.1697 0
    endloop
  endfacet
  facet normal 0.998624 0.0524363 0
    outer loop
      vertex 21.5247 20.5296 2
      vertex 21.5 21 0
      vertex 21.5 21 2
    endloop
  endfacet
  facet normal 0.998624 0.0524363 0
    outer loop
      vertex 21.5 21 0
      vertex 21.5247 20.5296 2
      vertex 21.5247 20.5296 0
    endloop
  endfacet
  facet normal -0.358396 0.93357 0
    outer loop
      vertex 27.8303 16.889 0
      vertex 27.3906 16.7202 2
      vertex 27.8303 16.889 2
    endloop
  endfacet
  facet normal -0.358396 0.93357 0
    outer loop
      vertex 27.3906 16.7202 2
      vertex 27.8303 16.889 0
      vertex 27.3906 16.7202 0
    endloop
  endfacet
  facet normal -0.707107 0.707107 0
    outer loop
      vertex 29.0111 17.6558 0
      vertex 29.3442 17.9889 2
      vertex 29.3442 17.9889 0
    endloop
  endfacet
  facet normal -0.707107 0.707107 0
    outer loop
      vertex 29.3442 17.9889 2
      vertex 29.0111 17.6558 0
      vertex 29.0111 17.6558 2
    endloop
  endfacet
  facet normal -0.544615 0.838686 0
    outer loop
      vertex 28.645 17.3594 0
      vertex 28.25 17.1029 2
      vertex 28.645 17.3594 2
    endloop
  endfacet
  facet normal -0.544615 0.838686 0
    outer loop
      vertex 28.25 17.1029 2
      vertex 28.645 17.3594 0
      vertex 28.25 17.1029 0
    endloop
  endfacet
  facet normal 0.544615 0.838686 -0
    outer loop
      vertex 23.75 17.1029 0
      vertex 23.355 17.3594 2
      vertex 23.75 17.1029 2
    endloop
  endfacet
  facet normal 0.544615 0.838686 0
    outer loop
      vertex 23.355 17.3594 2
      vertex 23.75 17.1029 0
      vertex 23.355 17.3594 0
    endloop
  endfacet
  facet normal 0.358396 0.93357 -0
    outer loop
      vertex 24.6094 16.7202 0
      vertex 24.1697 16.889 2
      vertex 24.6094 16.7202 2
    endloop
  endfacet
  facet normal 0.358396 0.93357 0
    outer loop
      vertex 24.1697 16.889 2
      vertex 24.6094 16.7202 0
      vertex 24.1697 16.889 0
    endloop
  endfacet
  facet normal 0.156268 0.987715 -0
    outer loop
      vertex 25.5296 16.5247 0
      vertex 25.0644 16.5983 2
      vertex 25.5296 16.5247 2
    endloop
  endfacet
  facet normal 0.156268 0.987715 0
    outer loop
      vertex 25.0644 16.5983 2
      vertex 25.5296 16.5247 0
      vertex 25.0644 16.5983 0
    endloop
  endfacet
  facet normal -0.0524363 0.998624 0
    outer loop
      vertex 26.4704 16.5247 0
      vertex 26 16.5 2
      vertex 26.4704 16.5247 2
    endloop
  endfacet
  facet normal -0.0524363 0.998624 0
    outer loop
      vertex 26 16.5 2
      vertex 26.4704 16.5247 0
      vertex 26 16.5 0
    endloop
  endfacet
  facet normal 0.838686 0.544615 0
    outer loop
      vertex 22.3594 18.355 2
      vertex 22.1029 18.75 0
      vertex 22.1029 18.75 2
    endloop
  endfacet
  facet normal 0.838686 0.544615 0
    outer loop
      vertex 22.1029 18.75 0
      vertex 22.3594 18.355 2
      vertex 22.3594 18.355 0
    endloop
  endfacet
  facet normal 0.707107 0.707107 0
    outer loop
      vertex 22.9889 17.6558 2
      vertex 22.6558 17.9889 0
      vertex 22.6558 17.9889 2
    endloop
  endfacet
  facet normal 0.707107 0.707107 0
    outer loop
      vertex 22.6558 17.9889 0
      vertex 22.9889 17.6558 2
      vertex 22.9889 17.6558 0
    endloop
  endfacet
  facet normal -1 0 0
    outer loop
      vertex -29.5 -28.5 0
      vertex -29.5 -23.8186 2
      vertex -29.5 -23.8186 0
    endloop
  endfacet
  facet normal -1 -0 0
    outer loop
      vertex -29.5 -23.8186 2
      vertex -29.5 -28.5 0
      vertex -29.5 -28.5 2
    endloop
  endfacet
  facet normal -1 0 0
    outer loop
      vertex -29.5 23.8186 0
      vertex -29.5 28.5 2
      vertex -29.5 28.5 0
    endloop
  endfacet
  facet normal -1 -0 0
    outer loop
      vertex -29.5 28.5 2
      vertex -29.5 23.8186 0
      vertex -29.5 23.8186 2
    endloop
  endfacet
  facet normal -1 0 0
    outer loop
      vertex -29.5 -18.1814 0
      vertex -29.5 -3 2
      vertex -29.5 -3 0
    endloop
  endfacet
  facet normal -1 -0 0
    outer loop
      vertex -29.5 -3 2
      vertex -29.5 -18.1814 0
      vertex -29.5 -18.1814 2
    endloop
  endfacet
  facet normal -1 0 0
    outer loop
      vertex -29.5 3 0
      vertex -29.5 18.1814 2
      vertex -29.5 18.1814 0
    endloop
  endfacet
  facet normal -1 -0 0
    outer loop
      vertex -29.5 18.1814 2
      vertex -29.5 3 0
      vertex -29.5 3 2
    endloop
  endfacet
  facet normal 0.544518 0.838749 -0
    outer loop
      vertex 29.0878 29.309 0
      vertex 29 29.366 2
      vertex 29.0878 29.309 2
    endloop
  endfacet
  facet normal 0.544518 0.838749 0
    outer loop
      vertex 29 29.366 2
      vertex 29.0878 29.309 0
      vertex 29 29.366 0
    endloop
  endfacet
  facet normal 0.998618 -0.0525588 0
    outer loop
      vertex 29.4945 -28.6045 2
      vertex 29.5 -28.5 0
      vertex 29.5 -28.5 2
    endloop
  endfacet
  facet normal 0.998618 -0.0525588 0
    outer loop
      vertex 29.5 -28.5 0
      vertex 29.4945 -28.6045 2
      vertex 29.4945 -28.6045 0
    endloop
  endfacet
  facet normal 0.998618 0.0525588 0
    outer loop
      vertex 29.5 28.5 2
      vertex 29.4945 28.6045 0
      vertex 29.4945 28.6045 2
    endloop
  endfacet
  facet normal 0.998618 0.0525588 0
    outer loop
      vertex 29.4945 28.6045 0
      vertex 29.5 28.5 2
      vertex 29.5 28.5 0
    endloop
  endfacet
  facet normal -0.707107 0.707107 0
    outer loop
      vertex -29.2431 29.1691 0
      vertex -29.1691 29.2431 2
      vertex -29.1691 29.2431 0
    endloop
  endfacet
  facet normal -0.707107 0.707107 0
    outer loop
      vertex -29.1691 29.2431 2
      vertex -29.2431 29.1691 0
      vertex -29.2431 29.1691 2
    endloop
  endfacet
  facet normal 1 -0 0
    outer loop
      vertex 29.5 23.8186 2
      vertex 29.5 28.5 0
      vertex 29.5 28.5 2
    endloop
  endfacet
  facet normal 1 0 0
    outer loop
      vertex 29.5 28.5 0
      vertex 29.5 23.8186 2
      vertex 29.5 23.8186 0
    endloop
  endfacet
  facet normal 1 -0 0
    outer loop
      vertex 29.5 -28.5 2
      vertex 29.5 -23.8186 0
      vertex 29.5 -23.8186 2
    endloop
  endfacet
  facet normal 1 0 0
    outer loop
      vertex 29.5 -23.8186 0
      vertex 29.5 -28.5 2
      vertex 29.5 -28.5 0
    endloop
  endfacet
  facet normal 1 -0 0
    outer loop
      vertex 29.5 -18.1814 2
      vertex 29.5 -3 0
      vertex 29.5 -3 2
    endloop
  endfacet
  facet normal 1 0 0
    outer loop
      vertex 29.5 -3 0
      vertex 29.5 -18.1814 2
      vertex 29.5 -18.1814 0
    endloop
  endfacet
  facet normal 1 -0 0
    outer loop
      vertex 29.5 3 2
      vertex 29.5 18.1814 0
      vertex 29.5 18.1814 2
    endloop
  endfacet
  facet normal 1 0 0
    outer loop
      vertex 29.5 18.1814 0
      vertex 29.5 3 2
      vertex 29.5 3 0
    endloop
  endfacet
  facet normal 0 -1 0
    outer loop
      vertex -28.5 -29.5 0
      vertex 28.5 -29.5 2
      vertex -28.5 -29.5 2
    endloop
  endfacet
  facet normal 0 -1 -0
    outer loop
      vertex 28.5 -29.5 2
      vertex -28.5 -29.5 0
      vertex 28.5 -29.5 0
    endloop
  endfacet
  facet normal 0 0 1
    outer loop
      vertex -14.5162 -15.7587 2
      vertex -21.5247 -20.5296 2
      vertex -21.5 -21 2
    endloop
  endfacet
  facet normal 0 0 1
    outer loop
      vertex -20.3192 -11.5425 2
      vertex -21.5983 -20.0644 2
      vertex -21.5247 -20.5296 2
    endloop
  endfacet
  facet normal 0 0 1
    outer loop
      vertex -20.3192 -11.5425 2
      vertex -21.7202 -19.6094 2
      vertex -21.5983 -20.0644 2
    endloop
  endfacet
  facet normal 0 0 1
    outer loop
      vertex -20.3192 -11.5425 2
      vertex -21.889 -19.1697 2
      vertex -21.7202 -19.6094 2
    endloop
  endfacet
  facet normal 0 0 1
    outer loop
      vertex -20.3192 -11.5425 2
      vertex -22.1029 -18.75 2
      vertex -21.889 -19.1697 2
    endloop
  endfacet
  facet normal 0 0 1
    outer loop
      vertex -20.3192 -11.5425 2
      vertex -22.3594 -18.355 2
      vertex -22.1029 -18.75 2
    endloop
  endfacet
  facet normal 0 0 1
    outer loop
      vertex -26 -16.5 2
      vertex -21.4555 -10.1393 2
      vertex -22.4389 -8.625 2
    endloop
  endfacet
  facet normal 0 0 1
    outer loop
      vertex -20.3192 -11.5425 2
      vertex -22.6558 -17.9889 2
      vertex -22.3594 -18.355 2
    endloop
  endfacet
  facet normal 0 0 1
    outer loop
      vertex -20.3192 -11.5425 2
      vertex -22.9889 -17.6558 2
      vertex -22.6558 -17.9889 2
    endloop
  endfacet
  facet normal 0 0 1
    outer loop
      vertex -26.9356 -16.5983 2
      vertex -22.4389 -8.625 2
      vertex -23.2587 -7.01621 2
    endloop
  endfacet
  facet normal 0 0 1
    outer loop
      vertex -20.3192 -11.5425 2
      vertex -23.355 -17.3594 2
      vertex -22.9889 -17.6558 2
    endloop
  endfacet
  facet normal 0 0 1
    outer loop
      vertex -20.3192 -11.5425 2
      vertex -23.75 -17.1029 2
      vertex -23.355 -17.3594 2
    endloop
  endfacet
  facet normal 0 0 1
    outer loop
      vertex -29.5 -3 2
      vertex -23.2587 -7.01621 2
      vertex -23.9057 -5.33054 2
    endloop
  endfacet
  facet normal 0 0 1
    outer loop
      vertex -20.3192 -11.5425 2
      vertex -24.1697 -16.889 2
      vertex -23.75 -17.1029 2
    endloop
  endfacet
  facet normal 0 0 1
    outer loop
      vertex -29.5 -3 2
      vertex -23.9057 -5.33054 2
      vertex -24.373 -3.58648 2
    endloop
  endfacet
  facet normal -0 0 1
    outer loop
      vertex -29.5 -3 2
      vertex -24.373 -3.58648 2
      vertex -24.4659 -3 2
    endloop
  endfacet
  facet normal 0 0 1
    outer loop
      vertex -20.3192 -11.5425 2
      vertex -24.6094 -16.7202 2
      vertex -24.1697 -16.889 2
    endloop
  endfacet
  facet normal 0 0 1
    outer loop
      vertex -21.4555 -10.1393 2
      vertex -25.0644 -16.5983 2
      vertex -24.6094 -16.7202 2
    endloop
  endfacet
  facet normal 0 0 1
    outer loop
      vertex -21.4555 -10.1393 2
      vertex -25.5296 -16.5247 2
      vertex -25.0644 -16.5983 2
    endloop
  endfacet
  facet normal 0 0 1
    outer loop
      vertex -21.4555 -10.1393 2
      vertex -26 -16.5 2
      vertex -25.5296 -16.5247 2
    endloop
  endfacet
  facet normal 0 0 1
    outer loop
      vertex -22.4389 -8.625 2
      vertex -26.4704 -16.5247 2
      vertex -26 -16.5 2
    endloop
  endfacet
  facet normal 0 0 1
    outer loop
      vertex -23.2587 -7.01621 2
      vertex -29.5 -3 2
      vertex -27.3906 -16.7202 2
    endloop
  endfacet
  facet normal 0 0 1
    outer loop
      vertex -22.4389 -8.625 2
      vertex -26.9356 -16.5983 2
      vertex -26.4704 -16.5247 2
    endloop
  endfacet
  facet normal 0 0 1
    outer loop
      vertex -23.2587 -7.01621 2
      vertex -27.3906 -16.7202 2
      vertex -26.9356 -16.5983 2
    endloop
  endfacet
  facet normal 0 0 1
    outer loop
      vertex -27.3906 -16.7202 2
      vertex -29.5 -3 2
      vertex -27.8303 -16.889 2
    endloop
  endfacet
  facet normal 0 0 1
    outer loop
      vertex -27.8303 -16.889 2
      vertex -29.5 -3 2
      vertex -28.25 -17.1029 2
    endloop
  endfacet
  facet normal 0 0 1
    outer loop
      vertex -28.25 -17.1029 2
      vertex -29.5 -3 2
      vertex -28.645 -17.3594 2
    endloop
  endfacet
  facet normal 0 0 1
    outer loop
      vertex -28.645 -17.3594 2
      vertex -29.5 -3 2
      vertex -29.0111 -17.6558 2
    endloop
  endfacet
  facet normal 0 0 1
    outer loop
      vertex -29.0111 -17.6558 2
      vertex -29.5 -3 2
      vertex -29.3442 -17.9889 2
    endloop
  endfacet
  facet normal 0 0 1
    outer loop
      vertex -29.3442 -17.9889 2
      vertex -29.5 -3 2
      vertex -29.5 -18.1814 2
    endloop
  endfacet
  facet normal 0 0 1
    outer loop
      vertex 28.5 29.5 2
      vertex 29.5 28.5 2
      vertex 29.4945 28.6045 2
    endloop
  endfacet
  facet normal 0 0 1
    outer loop
      vertex 28.5 29.5 2
      vertex 29.4945 28.6045 2
      vertex 29.4781 28.7079 2
    endloop
  endfacet
  facet normal 0 0 1
    outer loop
      vertex 28.5 29.5 2
      vertex 29.4781 28.7079 2
      vertex 29.4511 28.809 2
    endloop
  endfacet
  facet normal 0 0 1
    outer loop
      vertex 28.5 29.5 2
      vertex 29.4511 28.809 2
      vertex 29.4135 28.9067 2
    endloop
  endfacet
  facet normal 0 0 1
    outer loop
      vertex 28.5 29.5 2
      vertex 29.4135 28.9067 2
      vertex 29.366 29 2
    endloop
  endfacet
  facet normal 0 0 1
    outer loop
      vertex 29.5 28.5 2
      vertex 29.3442 24.0111 2
      vertex 29.5 23.8186 2
    endloop
  endfacet
  facet normal 0 0 1
    outer loop
      vertex 28.5 29.5 2
      vertex 29.366 29 2
      vertex 29.309 29.0878 2
    endloop
  endfacet
  facet normal 0 0 1
    outer loop
      vertex 28.5 29.5 2
      vertex 29.309 29.0878 2
      vertex 29.2431 29.1691 2
    endloop
  endfacet
  facet normal 0 0 1
    outer loop
      vertex 28.5 29.5 2
      vertex 29.2431 29.1691 2
      vertex 29.1691 29.2431 2
    endloop
  endfacet
  facet normal 0 0 1
    outer loop
      vertex 28.5 29.5 2
      vertex 29.1691 29.2431 2
      vertex 29.0878 29.309 2
    endloop
  endfacet
  facet normal 0 0 1
    outer loop
      vertex 29.5 28.5 2
      vertex 29.0111 24.3442 2
      vertex 29.3442 24.0111 2
    endloop
  endfacet
  facet normal 0 0 1
    outer loop
      vertex 28.5 29.5 2
      vertex 29.0878 29.309 2
      vertex 29 29.366 2
    endloop
  endfacet
  facet normal 0 0 1
    outer loop
      vertex 28.5 29.5 2
      vertex 29 29.366 2
      vertex 28.9067 29.4135 2
    endloop
  endfacet
  facet normal 0 0 1
    outer loop
      vertex 28.5 29.5 2
      vertex 28.9067 29.4135 2
      vertex 28.809 29.4511 2
    endloop
  endfacet
  facet normal 0 0 1
    outer loop
      vertex 28.5 29.5 2
      vertex 28.809 29.4511 2
      vertex 28.7079 29.4781 2
    endloop
  endfacet
  facet normal 0 0 1
    outer loop
      vertex 29.5 28.5 2
      vertex 28.645 24.6406 2
      vertex 29.0111 24.3442 2
    endloop
  endfacet
  facet normal 0 0 1
    outer loop
      vertex 28.5 29.5 2
      vertex 28.7079 29.4781 2
      vertex 28.6045 29.4945 2
    endloop
  endfacet
  facet normal 0 0 1
    outer loop
      vertex 29.5 28.5 2
      vertex 28.5 29.5 2
      vertex 26.9356 25.4017 2
    endloop
  endfacet
  facet normal 0 0 1
    outer loop
      vertex 29.5 28.5 2
      vertex 28.25 24.8971 2
      vertex 28.645 24.6406 2
    endloop
  endfacet
  facet normal 0 0 1
    outer loop
      vertex 29.5 28.5 2
      vertex 27.8303 25.111 2
      vertex 28.25 24.8971 2
    endloop
  endfacet
  facet normal 0 0 1
    outer loop
      vertex 29.5 28.5 2
      vertex 27.3906 25.2798 2
      vertex 27.8303 25.111 2
    endloop
  endfacet
  facet normal 0 0 1
    outer loop
      vertex 29.5 28.5 2
      vertex 26.9356 25.4017 2
      vertex 27.3906 25.2798 2
    endloop
  endfacet
  facet normal 0 0 1
    outer loop
      vertex 28.5 29.5 2
      vertex 26.4704 25.4753 2
      vertex 26.9356 25.4017 2
    endloop
  endfacet
  facet normal 0 0 1
    outer loop
      vertex 28.5 29.5 2
      vertex 26 25.5 2
      vertex 26.4704 25.4753 2
    endloop
  endfacet
  facet normal 0 0 1
    outer loop
      vertex 28.5 29.5 2
      vertex 25.5296 25.4753 2
      vertex 26 25.5 2
    endloop
  endfacet
  facet normal 0 0 1
    outer loop
      vertex 28.5 29.5 2
      vertex 25.0644 25.4017 2
      vertex 25.5296 25.4753 2
    endloop
  endfacet
  facet normal 0 0 1
    outer loop
      vertex 28.5 29.5 2
      vertex 24.6094 25.2798 2
      vertex 25.0644 25.4017 2
    endloop
  endfacet
  facet normal 0 0 1
    outer loop
      vertex 28.5 29.5 2
      vertex 24.1697 25.111 2
      vertex 24.6094 25.2798 2
    endloop
  endfacet
  facet normal 0 0 1
    outer loop
      vertex 28.5 29.5 2
      vertex 23.75 24.8971 2
      vertex 24.1697 25.111 2
    endloop
  endfacet
  facet normal -0 0 1
    outer loop
      vertex 3 29.5 2
      vertex 23.75 24.8971 2
      vertex 28.5 29.5 2
    endloop
  endfacet
  facet normal 0 0 1
    outer loop
      vertex 23.75 24.8971 2
      vertex 3 29.5 2
      vertex 23.355 24.6406 2
    endloop
  endfacet
  facet normal 0 0 1
    outer loop
      vertex 21.5983 -20.0644 2
      vertex 20 -23 2
      vertex 21.5247 -20.5296 2
    endloop
  endfacet
  facet normal 0 0 1
    outer loop
      vertex 21.5247 20.5296 2
      vertex 9.6555 1.80312 2
      vertex 20 -15 2
    endloop
  endfacet
  facet normal 0 0 1
    outer loop
      vertex 3 23.5 2
      vertex 21.5 21 2
      vertex 21.5247 21.4704 2
    endloop
  endfacet
  facet normal 0 0 1
    outer loop
      vertex 3 23.5 2
      vertex 21.5247 21.4704 2
      vertex 21.5983 21.9356 2
    endloop
  endfacet
  facet normal 0 0 1
    outer loop
      vertex 3 23.5 2
      vertex 21.5983 21.9356 2
      vertex 21.7202 22.3906 2
    endloop
  endfacet
  facet normal 0 0 1
    outer loop
      vertex 3 23.5 2
      vertex 21.7202 22.3906 2
      vertex 21.889 22.8303 2
    endloop
  endfacet
  facet normal 0 0 1
    outer loop
      vertex 3 29.5 2
      vertex 21.889 22.8303 2
      vertex 22.1029 23.25 2
    endloop
  endfacet
  facet normal 0 0 1
    outer loop
      vertex 20 -15 2
      vertex 9.6555 1.80312 2
      vertex 9.75 0 2
    endloop
  endfacet
  facet normal 0 0 1
    outer loop
      vertex 21.5247 20.5296 2
      vertex 9.37305 3.58648 2
      vertex 9.6555 1.80312 2
    endloop
  endfacet
  facet normal 0 0 1
    outer loop
      vertex 21.5247 20.5296 2
      vertex 8.90572 5.33054 2
      vertex 9.37305 3.58648 2
    endloop
  endfacet
  facet normal 0 0 1
    outer loop
      vertex 3 29.5 2
      vertex 22.1029 23.25 2
      vertex 22.3594 23.645 2
    endloop
  endfacet
  facet normal 0 0 1
    outer loop
      vertex 21.5247 20.5296 2
      vertex 8.25866 7.01621 2
      vertex 8.90572 5.33054 2
    endloop
  endfacet
  facet normal 0 0 1
    outer loop
      vertex 3 29.5 2
      vertex 22.3594 23.645 2
      vertex 22.6558 24.0111 2
    endloop
  endfacet
  facet normal 0 0 1
    outer loop
      vertex 21.5247 20.5296 2
      vertex 7.43894 8.625 2
      vertex 8.25866 7.01621 2
    endloop
  endfacet
  facet normal 0 0 1
    outer loop
      vertex 21.5247 20.5296 2
      vertex 6.45554 10.1393 2
      vertex 7.43894 8.625 2
    endloop
  endfacet
  facet normal 0 0 1
    outer loop
      vertex 3 29.5 2
      vertex 22.6558 24.0111 2
      vertex 22.9889 24.3442 2
    endloop
  endfacet
  facet normal 0 0 1
    outer loop
      vertex 23.355 24.6406 2
      vertex 3 29.5 2
      vertex 22.9889 24.3442 2
    endloop
  endfacet
  facet normal 0 0 1
    outer loop
      vertex 21.5247 20.5296 2
      vertex 5.31925 11.5425 2
      vertex 6.45554 10.1393 2
    endloop
  endfacet
  facet normal 0 0 1
    outer loop
      vertex 21.5247 20.5296 2
      vertex 3 23.5 2
      vertex 5.31925 11.5425 2
    endloop
  endfacet
  facet normal 0 0 1
    outer loop
      vertex 21.889 22.8303 2
      vertex 3 29.5 2
      vertex 3 23.5 2
    endloop
  endfacet
  facet normal 0 0 1
    outer loop
      vertex 5.31925 11.5425 2
      vertex 3 23.5 2
      vertex 4.0425 12.8192 2
    endloop
  endfacet
  facet normal 0 0 1
    outer loop
      vertex 3 23.5 2
      vertex 2.6393 13.9555 2
      vertex 4.0425 12.8192 2
    endloop
  endfacet
  facet normal 0 0 1
    outer loop
      vertex 1.5 14.6954 2
      vertex 3 23.5 2
      vertex 1.5 23.5 2
    endloop
  endfacet
  facet normal 0 0 1
    outer loop
      vertex 3 23.5 2
      vertex 1.5 14.6954 2
      vertex 2.6393 13.9555 2
    endloop
  endfacet
  facet normal -0 0 1
    outer loop
      vertex 29.3442 17.9889 2
      vertex 29.5 3 2
      vertex 29.5 18.1814 2
    endloop
  endfacet
  facet normal -0 0 1
    outer loop
      vertex 29.0111 17.6558 2
      vertex 29.5 3 2
      vertex 29.3442 17.9889 2
    endloop
  endfacet
  facet normal -0 0 1
    outer loop
      vertex 28.645 17.3594 2
      vertex 29.5 3 2
      vertex 29.0111 17.6558 2
    endloop
  endfacet
  facet normal -0 0 1
    outer loop
      vertex 28.25 17.1029 2
      vertex 29.5 3 2
      vertex 28.645 17.3594 2
    endloop
  endfacet
  facet normal -0 0 1
    outer loop
      vertex 27.8303 16.889 2
      vertex 29.5 3 2
      vertex 28.25 17.1029 2
    endloop
  endfacet
  facet normal -0 0 1
    outer loop
      vertex 27.3906 16.7202 2
      vertex 29.5 3 2
      vertex 27.8303 16.889 2
    endloop
  endfacet
  facet normal -0 0 1
    outer loop
      vertex 26.9356 16.5983 2
      vertex 29.5 3 2
      vertex 27.3906 16.7202 2
    endloop
  endfacet
  facet normal -0 0 1
    outer loop
      vertex 26.4704 16.5247 2
      vertex 29.5 3 2
      vertex 26.9356 16.5983 2
    endloop
  endfacet
  facet normal -0 0 1
    outer loop
      vertex 26 16.5 2
      vertex 29.5 3 2
      vertex 26.4704 16.5247 2
    endloop
  endfacet
  facet normal 0 0 1
    outer loop
      vertex 23.5 3 2
      vertex 26 16.5 2
      vertex 25.5296 16.5247 2
    endloop
  endfacet
  facet normal 0 0 1
    outer loop
      vertex 23.5 3 2
      vertex 25.5296 16.5247 2
      vertex 25.0644 16.5983 2
    endloop
  endfacet
  facet normal 0 0 1
    outer loop
      vertex 23.5 3 2
      vertex 25.0644 16.5983 2
      vertex 24.6094 16.7202 2
    endloop
  endfacet
  facet normal 0 0 1
    outer loop
      vertex 23.5 3 2
      vertex 24.6094 16.7202 2
      vertex 24.1697 16.889 2
    endloop
  endfacet
  facet normal 0 0 1
    outer loop
      vertex 23.5 3 2
      vertex 24.1697 16.889 2
      vertex 23.75 17.1029 2
    endloop
  endfacet
  facet normal 0 0 1
    outer loop
      vertex 26 16.5 2
      vertex 23.5 3 2
      vertex 29.5 3 2
    endloop
  endfacet
  facet normal 0 0 1
    outer loop
      vertex 22.9889 17.6558 2
      vertex 23.5 3 2
      vertex 23.355 17.3594 2
    endloop
  endfacet
  facet normal 0 0 1
    outer loop
      vertex 23.355 17.3594 2
      vertex 23.5 3 2
      vertex 23.75 17.1029 2
    endloop
  endfacet
  facet normal 0 0 1
    outer loop
      vertex 29.5 -3 2
      vertex 29.3442 -17.9889 2
      vertex 29.5 -18.1814 2
    endloop
  endfacet
  facet normal 0 0 1
    outer loop
      vertex 29.5 -3 2
      vertex 29.0111 -17.6558 2
      vertex 29.3442 -17.9889 2
    endloop
  endfacet
  facet normal 0 0 1
    outer loop
      vertex 29.5 -3 2
      vertex 28.645 -17.3594 2
      vertex 29.0111 -17.6558 2
    endloop
  endfacet
  facet normal 0 0 1
    outer loop
      vertex 29.5 -3 2
      vertex 28.25 -17.1029 2
      vertex 28.645 -17.3594 2
    endloop
  endfacet
  facet normal 0 0 1
    outer loop
      vertex 29.5 -3 2
      vertex 27.8303 -16.889 2
      vertex 28.25 -17.1029 2
    endloop
  endfacet
  facet normal 0 0 1
    outer loop
      vertex 29.5 -3 2
      vertex 27.3906 -16.7202 2
      vertex 27.8303 -16.889 2
    endloop
  endfacet
  facet normal 0 0 1
    outer loop
      vertex 29.5 -3 2
      vertex 26.9356 -16.5983 2
      vertex 27.3906 -16.7202 2
    endloop
  endfacet
  facet normal 0 0 1
    outer loop
      vertex 29.5 -3 2
      vertex 26.4704 -16.5247 2
      vertex 26.9356 -16.5983 2
    endloop
  endfacet
  facet normal 0 0 1
    outer loop
      vertex 29.5 -3 2
      vertex 26 -16.5 2
      vertex 26.4704 -16.5247 2
    endloop
  endfacet
  facet normal -0 0 1
    outer loop
      vertex 23.5 -3 2
      vertex 26 -16.5 2
      vertex 29.5 -3 2
    endloop
  endfacet
  facet normal 0 0 1
    outer loop
      vertex 26 -16.5 2
      vertex 23.5 -3 2
      vertex 25.5296 -16.5247 2
    endloop
  endfacet
  facet normal -0 0 1
    outer loop
      vertex 20 -15 2
      vertex 25.5296 -16.5247 2
      vertex 23.5 -3 2
    endloop
  endfacet
  facet normal 0 0 1
    outer loop
      vertex 25.5296 -16.5247 2
      vertex 20 -15 2
      vertex 25.0644 -16.5983 2
    endloop
  endfacet
  facet normal 0 0 1
    outer loop
      vertex 25.0644 -16.5983 2
      vertex 20 -15 2
      vertex 24.6094 -16.7202 2
    endloop
  endfacet
  facet normal 0 0 1
    outer loop
      vertex 24.6094 -16.7202 2
      vertex 20 -15 2
      vertex 24.1697 -16.889 2
    endloop
  endfacet
  facet normal 0 0 1
    outer loop
      vertex 24.1697 -16.889 2
      vertex 20 -15 2
      vertex 23.75 -17.1029 2
    endloop
  endfacet
  facet normal 0 0 1
    outer loop
      vertex 22.6558 17.9889 2
      vertex 23.5 3 2
      vertex 22.9889 17.6558 2
    endloop
  endfacet
  facet normal 0 0 1
    outer loop
      vertex 22.3594 18.355 2
      vertex 23.5 3 2
      vertex 22.6558 17.9889 2
    endloop
  endfacet
  facet normal 0 0 1
    outer loop
      vertex 23.75 -17.1029 2
      vertex 20 -15 2
      vertex 23.355 -17.3594 2
    endloop
  endfacet
  facet normal 0 0 1
    outer loop
      vertex 22.1029 18.75 2
      vertex 23.5 3 2
      vertex 22.3594 18.355 2
    endloop
  endfacet
  facet normal 0 0 1
    outer loop
      vertex 23.355 -17.3594 2
      vertex 20 -15 2
      vertex 22.9889 -17.6558 2
    endloop
  endfacet
  facet normal 0 0 1
    outer loop
      vertex 21.889 19.1697 2
      vertex 23.5 3 2
      vertex 22.1029 18.75 2
    endloop
  endfacet
  facet normal 0 0 1
    outer loop
      vertex 22.9889 -17.6558 2
      vertex 20 -15 2
      vertex 22.6558 -17.9889 2
    endloop
  endfacet
  facet normal 0 0 1
    outer loop
      vertex 21.7202 19.6094 2
      vertex 23.5 3 2
      vertex 21.889 19.1697 2
    endloop
  endfacet
  facet normal 0 0 1
    outer loop
      vertex 22.6558 -17.9889 2
      vertex 20 -15 2
      vertex 22.3594 -18.355 2
    endloop
  endfacet
  facet normal 0 0 1
    outer loop
      vertex 21.5983 20.0644 2
      vertex 23.5 3 2
      vertex 21.7202 19.6094 2
    endloop
  endfacet
  facet normal 0 0 1
    outer loop
      vertex 22.3594 -18.355 2
      vertex 20 -15 2
      vertex 22.1029 -18.75 2
    endloop
  endfacet
  facet normal 0 0 1
    outer loop
      vertex 20 -15 2
      vertex 23.5 3 2
      vertex 21.5983 20.0644 2
    endloop
  endfacet
  facet normal 0 0 1
    outer loop
      vertex 22.1029 -18.75 2
      vertex 20 -15 2
      vertex 21.889 -19.1697 2
    endloop
  endfacet
  facet normal 0 0 1
    outer loop
      vertex 23.5 3 2
      vertex 20 -15 2
      vertex 23.5 -3 2
    endloop
  endfacet
  facet normal 0 0 1
    outer loop
      vertex 21.889 -19.1697 2
      vertex 20 -15 2
      vertex 21.7202 -19.6094 2
    endloop
  endfacet
  facet normal 0 0 1
    outer loop
      vertex 20 -15 2
      vertex 21.5983 20.0644 2
      vertex 21.5247 20.5296 2
    endloop
  endfacet
  facet normal 0 0 1
    outer loop
      vertex 21.7202 -19.6094 2
      vertex 20 -15 2
      vertex 21.5983 -20.0644 2
    endloop
  endfacet
  facet normal 0 0 1
    outer loop
      vertex 3 23.5 2
      vertex 21.5247 20.5296 2
      vertex 21.5 21 2
    endloop
  endfacet
  facet normal 0 0 1
    outer loop
      vertex 20 -23 2
      vertex 21.5983 -20.0644 2
      vertex 20 -15 2
    endloop
  endfacet
  facet normal -0 0 1
    outer loop
      vertex 29.3442 -24.0111 2
      vertex 29.5 -28.5 2
      vertex 29.5 -23.8186 2
    endloop
  endfacet
  facet normal -0 0 1
    outer loop
      vertex 29.0111 -24.3442 2
      vertex 29.5 -28.5 2
      vertex 29.3442 -24.0111 2
    endloop
  endfacet
  facet normal -0 0 1
    outer loop
      vertex 28.645 -24.6406 2
      vertex 29.5 -28.5 2
      vertex 29.0111 -24.3442 2
    endloop
  endfacet
  facet normal -0 0 1
    outer loop
      vertex 28.25 -24.8971 2
      vertex 29.5 -28.5 2
      vertex 28.645 -24.6406 2
    endloop
  endfacet
  facet normal -0 0 1
    outer loop
      vertex 27.8303 -25.111 2
      vertex 29.5 -28.5 2
      vertex 28.25 -24.8971 2
    endloop
  endfacet
  facet normal -0 0 1
    outer loop
      vertex 27.3906 -25.2798 2
      vertex 29.5 -28.5 2
      vertex 27.8303 -25.111 2
    endloop
  endfacet
  facet normal -0 0 1
    outer loop
      vertex 26.9356 -25.4017 2
      vertex 29.5 -28.5 2
      vertex 27.3906 -25.2798 2
    endloop
  endfacet
  facet normal 0 -0 1
    outer loop
      vertex 28.5 -29.5 2
      vertex 29.5 -28.5 2
      vertex 26.9356 -25.4017 2
    endloop
  endfacet
  facet normal 0 0 1
    outer loop
      vertex 29.5 -28.5 2
      vertex 28.5 -29.5 2
      vertex 29.4945 -28.6045 2
    endloop
  endfacet
  facet normal 0 0 1
    outer loop
      vertex 29.4781 -28.7079 2
      vertex 28.5 -29.5 2
      vertex 29.4511 -28.809 2
    endloop
  endfacet
  facet normal 0 0 1
    outer loop
      vertex 29.4511 -28.809 2
      vertex 28.5 -29.5 2
      vertex 29.4135 -28.9067 2
    endloop
  endfacet
  facet normal 0 0 1
    outer loop
      vertex 29.4135 -28.9067 2
      vertex 28.5 -29.5 2
      vertex 29.366 -29 2
    endloop
  endfacet
  facet normal 0 0 1
    outer loop
      vertex 29.366 -29 2
      vertex 28.5 -29.5 2
      vertex 29.309 -29.0878 2
    endloop
  endfacet
  facet normal 0 0 1
    outer loop
      vertex 29.309 -29.0878 2
      vertex 28.5 -29.5 2
      vertex 29.2431 -29.1691 2
    endloop
  endfacet
  facet normal 0 0 1
    outer loop
      vertex 29.2431 -29.1691 2
      vertex 28.5 -29.5 2
      vertex 29.1691 -29.2431 2
    endloop
  endfacet
  facet normal 0 0 1
    outer loop
      vertex 29.1691 -29.2431 2
      vertex 28.5 -29.5 2
      vertex 29.0878 -29.309 2
    endloop
  endfacet
  facet normal 0 0 1
    outer loop
      vertex 29.0878 -29.309 2
      vertex 28.5 -29.5 2
      vertex 29 -29.366 2
    endloop
  endfacet
  facet normal 0 0 1
    outer loop
      vertex 29 -29.366 2
      vertex 28.5 -29.5 2
      vertex 28.9067 -29.4135 2
    endloop
  endfacet
  facet normal 0 0 1
    outer loop
      vertex 28.9067 -29.4135 2
      vertex 28.5 -29.5 2
      vertex 28.809 -29.4511 2
    endloop
  endfacet
  facet normal 0 0 1
    outer loop
      vertex 28.7079 -29.4781 2
      vertex 28.5 -29.5 2
      vertex 28.6045 -29.4945 2
    endloop
  endfacet
  facet normal 0 0 1
    outer loop
      vertex 28.809 -29.4511 2
      vertex 28.5 -29.5 2
      vertex 28.7079 -29.4781 2
    endloop
  endfacet
  facet normal 0 0 1
    outer loop
      vertex 29.4945 -28.6045 2
      vertex 28.5 -29.5 2
      vertex 29.4781 -28.7079 2
    endloop
  endfacet
  facet normal -0 0 1
    outer loop
      vertex 26.4704 -25.4753 2
      vertex 28.5 -29.5 2
      vertex 26.9356 -25.4017 2
    endloop
  endfacet
  facet normal -0 0 1
    outer loop
      vertex 26 -25.5 2
      vertex 28.5 -29.5 2
      vertex 26.4704 -25.4753 2
    endloop
  endfacet
  facet normal 0 0 1
    outer loop
      vertex 25.5296 -25.4753 2
      vertex 28.5 -29.5 2
      vertex 26 -25.5 2
    endloop
  endfacet
  facet normal 0 0 1
    outer loop
      vertex 25.0644 -25.4017 2
      vertex 28.5 -29.5 2
      vertex 25.5296 -25.4753 2
    endloop
  endfacet
  facet normal 0 0 1
    outer loop
      vertex 24.6094 -25.2798 2
      vertex 28.5 -29.5 2
      vertex 25.0644 -25.4017 2
    endloop
  endfacet
  facet normal 0 0 1
    outer loop
      vertex 24.1697 -25.111 2
      vertex 28.5 -29.5 2
      vertex 24.6094 -25.2798 2
    endloop
  endfacet
  facet normal 0 0 1
    outer loop
      vertex 23.75 -24.8971 2
      vertex 28.5 -29.5 2
      vertex 24.1697 -25.111 2
    endloop
  endfacet
  facet normal 0 0 1
    outer loop
      vertex 23.355 -24.6406 2
      vertex 28.5 -29.5 2
      vertex 23.75 -24.8971 2
    endloop
  endfacet
  facet normal 0 0 1
    outer loop
      vertex 20 -23 2
      vertex 23.355 -24.6406 2
      vertex 22.9889 -24.3442 2
    endloop
  endfacet
  facet normal 0 0 1
    outer loop
      vertex 21.5247 -20.5296 2
      vertex 20 -23 2
      vertex 21.5 -21 2
    endloop
  endfacet
  facet normal 0 0 1
    outer loop
      vertex 21.5 -21 2
      vertex 20 -23 2
      vertex 21.5247 -21.4704 2
    endloop
  endfacet
  facet normal 0 0 1
    outer loop
      vertex 21.5247 -21.4704 2
      vertex 20 -23 2
      vertex 21.5983 -21.9356 2
    endloop
  endfacet
  facet normal 0 0 1
    outer loop
      vertex 20 -23 2
      vertex 21.7202 -22.3906 2
      vertex 21.5983 -21.9356 2
    endloop
  endfacet
  facet normal 0 0 1
    outer loop
      vertex 20 -23 2
      vertex 21.889 -22.8303 2
      vertex 21.7202 -22.3906 2
    endloop
  endfacet
  facet normal -0 0 1
    outer loop
      vertex 20 -23 2
      vertex 22.1029 -23.25 2
      vertex 21.889 -22.8303 2
    endloop
  endfacet
  facet normal 0 0 1
    outer loop
      vertex 20 -23 2
      vertex 22.3594 -23.645 2
      vertex 22.1029 -23.25 2
    endloop
  endfacet
  facet normal 0 0 1
    outer loop
      vertex 20 -23 2
      vertex 22.6558 -24.0111 2
      vertex 22.3594 -23.645 2
    endloop
  endfacet
  facet normal 0 0 1
    outer loop
      vertex 20 -23 2
      vertex 22.9889 -24.3442 2
      vertex 22.6558 -24.0111 2
    endloop
  endfacet
  facet normal 0 0 1
    outer loop
      vertex 23.355 -24.6406 2
      vertex 20 -23 2
      vertex 28.5 -29.5 2
    endloop
  endfacet
  facet normal -0 0 1
    outer loop
      vertex 3 -23 2
      vertex 28.5 -29.5 2
      vertex 20 -23 2
    endloop
  endfacet
  facet normal 0 0 1
    outer loop
      vertex -0.483793 -15.7587 2
      vertex 3 -15 2
      vertex 1.125 -14.9389 2
    endloop
  endfacet
  facet normal 0 0 1
    outer loop
      vertex 3 -15 2
      vertex -0.483793 -15.7587 2
      vertex 3 -23 2
    endloop
  endfacet
  facet normal -0 0 1
    outer loop
      vertex -2.16946 -16.4057 2
      vertex 3 -23 2
      vertex -0.483793 -15.7587 2
    endloop
  endfacet
  facet normal -0 0 1
    outer loop
      vertex -3.91352 -16.873 2
      vertex 3 -23 2
      vertex -2.16946 -16.4057 2
    endloop
  endfacet
  facet normal -0 0 1
    outer loop
      vertex -5.69688 -17.1555 2
      vertex 3 -23 2
      vertex -3.91352 -16.873 2
    endloop
  endfacet
  facet normal -0 0 1
    outer loop
      vertex -7.5 -17.25 2
      vertex 3 -23 2
      vertex -5.69688 -17.1555 2
    endloop
  endfacet
  facet normal 0 0 1
    outer loop
      vertex -9.30312 -17.1555 2
      vertex 3 -23 2
      vertex -7.5 -17.25 2
    endloop
  endfacet
  facet normal 0 0 1
    outer loop
      vertex -22.1029 -23.25 2
      vertex -9.30312 -17.1555 2
      vertex -11.0865 -16.873 2
    endloop
  endfacet
  facet normal 0 0 1
    outer loop
      vertex -21.7202 -22.3906 2
      vertex -11.0865 -16.873 2
      vertex -12.8305 -16.4057 2
    endloop
  endfacet
  facet normal 0 0 1
    outer loop
      vertex -21.5 -21 2
      vertex -12.8305 -16.4057 2
      vertex -14.5162 -15.7587 2
    endloop
  endfacet
  facet normal 0 0 1
    outer loop
      vertex -24.6094 -16.7202 2
      vertex -20.3192 -11.5425 2
      vertex -21.4555 -10.1393 2
    endloop
  endfacet
  facet normal 0 0 1
    outer loop
      vertex -21.5247 -20.5296 2
      vertex -19.0425 -12.8192 2
      vertex -20.3192 -11.5425 2
    endloop
  endfacet
  facet normal 0 0 1
    outer loop
      vertex -21.5247 -20.5296 2
      vertex -17.6393 -13.9555 2
      vertex -19.0425 -12.8192 2
    endloop
  endfacet
  facet normal 0 0 1
    outer loop
      vertex -21.5247 -20.5296 2
      vertex -16.125 -14.9389 2
      vertex -17.6393 -13.9555 2
    endloop
  endfacet
  facet normal 0 0 1
    outer loop
      vertex -21.5247 -20.5296 2
      vertex -14.5162 -15.7587 2
      vertex -16.125 -14.9389 2
    endloop
  endfacet
  facet normal 0 0 1
    outer loop
      vertex -12.8305 -16.4057 2
      vertex -21.5 -21 2
      vertex -21.5247 -21.4704 2
    endloop
  endfacet
  facet normal 0 0 1
    outer loop
      vertex -12.8305 -16.4057 2
      vertex -21.5247 -21.4704 2
      vertex -21.5983 -21.9356 2
    endloop
  endfacet
  facet normal 0 0 1
    outer loop
      vertex -12.8305 -16.4057 2
      vertex -21.5983 -21.9356 2
      vertex -21.7202 -22.3906 2
    endloop
  endfacet
  facet normal 0 0 1
    outer loop
      vertex -11.0865 -16.873 2
      vertex -21.7202 -22.3906 2
      vertex -21.889 -22.8303 2
    endloop
  endfacet
  facet normal 0 0 1
    outer loop
      vertex -11.0865 -16.873 2
      vertex -21.889 -22.8303 2
      vertex -22.1029 -23.25 2
    endloop
  endfacet
  facet normal 0 0 1
    outer loop
      vertex -9.30312 -17.1555 2
      vertex -22.1029 -23.25 2
      vertex -22.3594 -23.645 2
    endloop
  endfacet
  facet normal 0 0 1
    outer loop
      vertex -9.30312 -17.1555 2
      vertex -22.3594 -23.645 2
      vertex 3 -23 2
    endloop
  endfacet
  facet normal 0 0 1
    outer loop
      vertex -22.6558 -24.0111 2
      vertex 3 -23 2
      vertex -22.3594 -23.645 2
    endloop
  endfacet
  facet normal 0 0 1
    outer loop
      vertex -22.9889 -24.3442 2
      vertex 3 -23 2
      vertex -22.6558 -24.0111 2
    endloop
  endfacet
  facet normal 0 0 1
    outer loop
      vertex -23.355 -24.6406 2
      vertex 3 -23 2
      vertex -22.9889 -24.3442 2
    endloop
  endfacet
  facet normal 0 0 1
    outer loop
      vertex -28.5 -29.5 2
      vertex 3 -23 2
      vertex -23.355 -24.6406 2
    endloop
  endfacet
  facet normal 0 0 1
    outer loop
      vertex -28.5 -29.5 2
      vertex -23.355 -24.6406 2
      vertex -23.75 -24.8971 2
    endloop
  endfacet
  facet normal 0 0 1
    outer loop
      vertex -28.5 -29.5 2
      vertex -23.75 -24.8971 2
      vertex -24.1697 -25.111 2
    endloop
  endfacet
  facet normal 0 0 1
    outer loop
      vertex -28.5 -29.5 2
      vertex -24.1697 -25.111 2
      vertex -24.6094 -25.2798 2
    endloop
  endfacet
  facet normal 0 0 1
    outer loop
      vertex -28.5 -29.5 2
      vertex -24.6094 -25.2798 2
      vertex -25.0644 -25.4017 2
    endloop
  endfacet
  facet normal 0 0 1
    outer loop
      vertex -28.5 -29.5 2
      vertex -25.0644 -25.4017 2
      vertex -25.5296 -25.4753 2
    endloop
  endfacet
  facet normal 0 0 1
    outer loop
      vertex -28.5 -29.5 2
      vertex -25.5296 -25.4753 2
      vertex -26 -25.5 2
    endloop
  endfacet
  facet normal 0 0 1
    outer loop
      vertex -28.5 -29.5 2
      vertex -26 -25.5 2
      vertex -26.4704 -25.4753 2
    endloop
  endfacet
  facet normal 0 0 1
    outer loop
      vertex 3 -23 2
      vertex -28.5 -29.5 2
      vertex 28.5 -29.5 2
    endloop
  endfacet
  facet normal 0 0 1
    outer loop
      vertex -26.9356 -25.4017 2
      vertex -28.5 -29.5 2
      vertex -26.4704 -25.4753 2
    endloop
  endfacet
  facet normal 0 0 1
    outer loop
      vertex -29.5 -28.5 2
      vertex -26.9356 -25.4017 2
      vertex -27.3906 -25.2798 2
    endloop
  endfacet
  facet normal 0 0 1
    outer loop
      vertex -29.5 -28.5 2
      vertex -27.3906 -25.2798 2
      vertex -27.8303 -25.111 2
    endloop
  endfacet
  facet normal 0 0 1
    outer loop
      vertex -29.5 -28.5 2
      vertex -27.8303 -25.111 2
      vertex -28.25 -24.8971 2
    endloop
  endfacet
  facet normal 0 0 1
    outer loop
      vertex -26.9356 -25.4017 2
      vertex -29.5 -28.5 2
      vertex -28.5 -29.5 2
    endloop
  endfacet
  facet normal 0 0 1
    outer loop
      vertex -29.5 -28.5 2
      vertex -28.25 -24.8971 2
      vertex -28.645 -24.6406 2
    endloop
  endfacet
  facet normal 0 0 1
    outer loop
      vertex -28.5 -29.5 2
      vertex -29.5 -28.5 2
      vertex -28.6045 -29.4945 2
    endloop
  endfacet
  facet normal 0 0 1
    outer loop
      vertex -28.6045 -29.4945 2
      vertex -29.5 -28.5 2
      vertex -28.7079 -29.4781 2
    endloop
  endfacet
  facet normal 0 0 1
    outer loop
      vertex -28.7079 -29.4781 2
      vertex -29.5 -28.5 2
      vertex -28.809 -29.4511 2
    endloop
  endfacet
  facet normal 0 0 1
    outer loop
      vertex -28.809 -29.4511 2
      vertex -29.5 -28.5 2
      vertex -28.9067 -29.4135 2
    endloop
  endfacet
  facet normal 0 0 1
    outer loop
      vertex -29.5 -28.5 2
      vertex -28.645 -24.6406 2
      vertex -29.0111 -24.3442 2
    endloop
  endfacet
  facet normal 0 0 1
    outer loop
      vertex -28.9067 -29.4135 2
      vertex -29.5 -28.5 2
      vertex -29 -29.366 2
    endloop
  endfacet
  facet normal 0 0 1
    outer loop
      vertex -29 -29.366 2
      vertex -29.5 -28.5 2
      vertex -29.0878 -29.309 2
    endloop
  endfacet
  facet normal 0 0 1
    outer loop
      vertex -29.0878 -29.309 2
      vertex -29.5 -28.5 2
      vertex -29.1691 -29.2431 2
    endloop
  endfacet
  facet normal 0 0 1
    outer loop
      vertex -29.1691 -29.2431 2
      vertex -29.5 -28.5 2
      vertex -29.2431 -29.1691 2
    endloop
  endfacet
  facet normal 0 0 1
    outer loop
      vertex -29.5 -28.5 2
      vertex -29.0111 -24.3442 2
      vertex -29.3442 -24.0111 2
    endloop
  endfacet
  facet normal 0 0 1
    outer loop
      vertex -29.2431 -29.1691 2
      vertex -29.5 -28.5 2
      vertex -29.309 -29.0878 2
    endloop
  endfacet
  facet normal 0 0 1
    outer loop
      vertex -29.309 -29.0878 2
      vertex -29.5 -28.5 2
      vertex -29.366 -29 2
    endloop
  endfacet
  facet normal 0 0 1
    outer loop
      vertex -29.366 -29 2
      vertex -29.5 -28.5 2
      vertex -29.4135 -28.9067 2
    endloop
  endfacet
  facet normal 0 0 1
    outer loop
      vertex -29.4135 -28.9067 2
      vertex -29.5 -28.5 2
      vertex -29.4511 -28.809 2
    endloop
  endfacet
  facet normal 0 0 1
    outer loop
      vertex -29.4511 -28.809 2
      vertex -29.5 -28.5 2
      vertex -29.4781 -28.7079 2
    endloop
  endfacet
  facet normal 0 0 1
    outer loop
      vertex -29.5 -28.5 2
      vertex -29.3442 -24.0111 2
      vertex -29.5 -23.8186 2
    endloop
  endfacet
  facet normal 0 0 1
    outer loop
      vertex -29.4781 -28.7079 2
      vertex -29.5 -28.5 2
      vertex -29.4945 -28.6045 2
    endloop
  endfacet
  facet normal -0 0 1
    outer loop
      vertex 9.6555 -1.80312 2
      vertex 20 -15 2
      vertex 9.75 0 2
    endloop
  endfacet
  facet normal -0 0 1
    outer loop
      vertex 9.37305 -3.58648 2
      vertex 20 -15 2
      vertex 9.6555 -1.80312 2
    endloop
  endfacet
  facet normal -0 0 1
    outer loop
      vertex 8.90572 -5.33054 2
      vertex 20 -15 2
      vertex 9.37305 -3.58648 2
    endloop
  endfacet
  facet normal -0 0 1
    outer loop
      vertex 8.25866 -7.01621 2
      vertex 20 -15 2
      vertex 8.90572 -5.33054 2
    endloop
  endfacet
  facet normal -0 0 1
    outer loop
      vertex 7.43894 -8.625 2
      vertex 20 -15 2
      vertex 8.25866 -7.01621 2
    endloop
  endfacet
  facet normal -0 0 1
    outer loop
      vertex 6.45554 -10.1393 2
      vertex 20 -15 2
      vertex 7.43894 -8.625 2
    endloop
  endfacet
  facet normal -0 0 1
    outer loop
      vertex 5.31925 -11.5425 2
      vertex 20 -15 2
      vertex 6.45554 -10.1393 2
    endloop
  endfacet
  facet normal 0 0 1
    outer loop
      vertex 3 -15 2
      vertex 5.31925 -11.5425 2
      vertex 4.0425 -12.8192 2
    endloop
  endfacet
  facet normal 0 0 1
    outer loop
      vertex 5.31925 -11.5425 2
      vertex 3 -15 2
      vertex 20 -15 2
    endloop
  endfacet
  facet normal -0 0 1
    outer loop
      vertex 1.125 -14.9389 2
      vertex 3 -15 2
      vertex 2.6393 -13.9555 2
    endloop
  endfacet
  facet normal -0 0 1
    outer loop
      vertex 2.6393 -13.9555 2
      vertex 3 -15 2
      vertex 4.0425 -12.8192 2
    endloop
  endfacet
  facet normal 0 0 1
    outer loop
      vertex -3 29.5 2
      vertex -16.5 28 2
      vertex -3 28 2
    endloop
  endfacet
  facet normal -0 0 1
    outer loop
      vertex -21.5 21 2
      vertex -16.5 14.6954 2
      vertex -16.5 28 2
    endloop
  endfacet
  facet normal -0 0 1
    outer loop
      vertex -21.5247 20.5296 2
      vertex -16.5 14.6954 2
      vertex -21.5 21 2
    endloop
  endfacet
  facet normal -0 0 1
    outer loop
      vertex -21.7202 19.6094 2
      vertex -16.5 14.6954 2
      vertex -21.5983 20.0644 2
    endloop
  endfacet
  facet normal -0 0 1
    outer loop
      vertex -22.1029 18.75 2
      vertex -16.5 14.6954 2
      vertex -21.889 19.1697 2
    endloop
  endfacet
  facet normal -0 0 1
    outer loop
      vertex -21.5983 20.0644 2
      vertex -16.5 14.6954 2
      vertex -21.5247 20.5296 2
    endloop
  endfacet
  facet normal 0 0 1
    outer loop
      vertex -16.5 28 2
      vertex -21.5247 21.4704 2
      vertex -21.5 21 2
    endloop
  endfacet
  facet normal 0 0 1
    outer loop
      vertex -16.5 28 2
      vertex -21.5983 21.9356 2
      vertex -21.5247 21.4704 2
    endloop
  endfacet
  facet normal 0 0 1
    outer loop
      vertex -16.5 28 2
      vertex -21.7202 22.3906 2
      vertex -21.5983 21.9356 2
    endloop
  endfacet
  facet normal 0 0 1
    outer loop
      vertex -16.5 28 2
      vertex -21.889 22.8303 2
      vertex -21.7202 22.3906 2
    endloop
  endfacet
  facet normal 0 0 1
    outer loop
      vertex -16.5 28 2
      vertex -22.1029 23.25 2
      vertex -21.889 22.8303 2
    endloop
  endfacet
  facet normal 0 0 1
    outer loop
      vertex -16.5 28 2
      vertex -22.3594 23.645 2
      vertex -22.1029 23.25 2
    endloop
  endfacet
  facet normal 0 0 1
    outer loop
      vertex -16.5 28 2
      vertex -22.6558 24.0111 2
      vertex -22.3594 23.645 2
    endloop
  endfacet
  facet normal 0 0 1
    outer loop
      vertex -16.5 28 2
      vertex -22.9889 24.3442 2
      vertex -22.6558 24.0111 2
    endloop
  endfacet
  facet normal 0 0 1
    outer loop
      vertex -16.5 28 2
      vertex -23.355 24.6406 2
      vertex -22.9889 24.3442 2
    endloop
  endfacet
  facet normal 0 0 1
    outer loop
      vertex -16.5 28 2
      vertex -23.75 24.8971 2
      vertex -23.355 24.6406 2
    endloop
  endfacet
  facet normal 0 0 1
    outer loop
      vertex -16.5 28 2
      vertex -24.1697 25.111 2
      vertex -23.75 24.8971 2
    endloop
  endfacet
  facet normal 0 0 1
    outer loop
      vertex -16.5 28 2
      vertex -24.6094 25.2798 2
      vertex -24.1697 25.111 2
    endloop
  endfacet
  facet normal 0 0 1
    outer loop
      vertex -28.5 29.5 2
      vertex -24.6094 25.2798 2
      vertex -16.5 28 2
    endloop
  endfacet
  facet normal 0 0 1
    outer loop
      vertex -24.6094 25.2798 2
      vertex -28.5 29.5 2
      vertex -25.0644 25.4017 2
    endloop
  endfacet
  facet normal 0 0 1
    outer loop
      vertex -25.0644 25.4017 2
      vertex -28.5 29.5 2
      vertex -25.5296 25.4753 2
    endloop
  endfacet
  facet normal 0 0 1
    outer loop
      vertex -25.5296 25.4753 2
      vertex -28.5 29.5 2
      vertex -26 25.5 2
    endloop
  endfacet
  facet normal 0 0 1
    outer loop
      vertex -26 25.5 2
      vertex -28.5 29.5 2
      vertex -26.4704 25.4753 2
    endloop
  endfacet
  facet normal -0 0 1
    outer loop
      vertex -28.5 29.5 2
      vertex -16.5 28 2
      vertex -3 29.5 2
    endloop
  endfacet
  facet normal 0 0 1
    outer loop
      vertex -26.4704 25.4753 2
      vertex -28.5 29.5 2
      vertex -26.9356 25.4017 2
    endloop
  endfacet
  facet normal -0 0 1
    outer loop
      vertex -29.5 28.5 2
      vertex -26.9356 25.4017 2
      vertex -28.5 29.5 2
    endloop
  endfacet
  facet normal 0 0 1
    outer loop
      vertex -26.9356 25.4017 2
      vertex -29.5 28.5 2
      vertex -27.3906 25.2798 2
    endloop
  endfacet
  facet normal 0 0 1
    outer loop
      vertex -27.3906 25.2798 2
      vertex -29.5 28.5 2
      vertex -27.8303 25.111 2
    endloop
  endfacet
  facet normal 0 0 1
    outer loop
      vertex -29.5 28.5 2
      vertex -28.5 29.5 2
      vertex -28.6045 29.4945 2
    endloop
  endfacet
  facet normal 0 0 1
    outer loop
      vertex -27.8303 25.111 2
      vertex -29.5 28.5 2
      vertex -28.25 24.8971 2
    endloop
  endfacet
  facet normal 0 0 1
    outer loop
      vertex -29.5 28.5 2
      vertex -28.6045 29.4945 2
      vertex -28.7079 29.4781 2
    endloop
  endfacet
  facet normal 0 0 1
    outer loop
      vertex -29.5 28.5 2
      vertex -28.7079 29.4781 2
      vertex -28.809 29.4511 2
    endloop
  endfacet
  facet normal 0 0 1
    outer loop
      vertex -29.5 28.5 2
      vertex -28.809 29.4511 2
      vertex -28.9067 29.4135 2
    endloop
  endfacet
  facet normal 0 0 1
    outer loop
      vertex -29.5 28.5 2
      vertex -28.9067 29.4135 2
      vertex -29 29.366 2
    endloop
  endfacet
  facet normal 0 0 1
    outer loop
      vertex -28.25 24.8971 2
      vertex -29.5 28.5 2
      vertex -28.645 24.6406 2
    endloop
  endfacet
  facet normal 0 0 1
    outer loop
      vertex -29.5 28.5 2
      vertex -29 29.366 2
      vertex -29.0878 29.309 2
    endloop
  endfacet
  facet normal 0 0 1
    outer loop
      vertex -29.5 28.5 2
      vertex -29.0878 29.309 2
      vertex -29.1691 29.2431 2
    endloop
  endfacet
  facet normal 0 0 1
    outer loop
      vertex -29.5 28.5 2
      vertex -29.1691 29.2431 2
      vertex -29.2431 29.1691 2
    endloop
  endfacet
  facet normal 0 0 1
    outer loop
      vertex -29.5 28.5 2
      vertex -29.2431 29.1691 2
      vertex -29.309 29.0878 2
    endloop
  endfacet
  facet normal 0 0 1
    outer loop
      vertex -28.645 24.6406 2
      vertex -29.5 28.5 2
      vertex -29.0111 24.3442 2
    endloop
  endfacet
  facet normal 0 0 1
    outer loop
      vertex -29.5 28.5 2
      vertex -29.309 29.0878 2
      vertex -29.366 29 2
    endloop
  endfacet
  facet normal 0 0 1
    outer loop
      vertex -29.5 28.5 2
      vertex -29.366 29 2
      vertex -29.4135 28.9067 2
    endloop
  endfacet
  facet normal 0 0 1
    outer loop
      vertex -29.5 28.5 2
      vertex -29.4135 28.9067 2
      vertex -29.4511 28.809 2
    endloop
  endfacet
  facet normal 0 0 1
    outer loop
      vertex -29.5 28.5 2
      vertex -29.4511 28.809 2
      vertex -29.4781 28.7079 2
    endloop
  endfacet
  facet normal 0 0 1
    outer loop
      vertex -29.5 28.5 2
      vertex -29.4781 28.7079 2
      vertex -29.4945 28.6045 2
    endloop
  endfacet
  facet normal 0 0 1
    outer loop
      vertex -29.0111 24.3442 2
      vertex -29.5 28.5 2
      vertex -29.3442 24.0111 2
    endloop
  endfacet
  facet normal 0 0 1
    outer loop
      vertex -29.3442 24.0111 2
      vertex -29.5 28.5 2
      vertex -29.5 23.8186 2
    endloop
  endfacet
  facet normal -0 0 1
    outer loop
      vertex -21.889 19.1697 2
      vertex -16.5 14.6954 2
      vertex -21.7202 19.6094 2
    endloop
  endfacet
  facet normal 0 0 1
    outer loop
      vertex -16.5 14.6954 2
      vertex -22.1029 18.75 2
      vertex -17.6393 13.9555 2
    endloop
  endfacet
  facet normal -0 0 1
    outer loop
      vertex -22.3594 18.355 2
      vertex -17.6393 13.9555 2
      vertex -22.1029 18.75 2
    endloop
  endfacet
  facet normal -0 0 1
    outer loop
      vertex -22.6558 17.9889 2
      vertex -17.6393 13.9555 2
      vertex -22.3594 18.355 2
    endloop
  endfacet
  facet normal 0 0 1
    outer loop
      vertex -17.6393 13.9555 2
      vertex -22.6558 17.9889 2
      vertex -19.0425 12.8192 2
    endloop
  endfacet
  facet normal -0 0 1
    outer loop
      vertex -22.9889 17.6558 2
      vertex -19.0425 12.8192 2
      vertex -22.6558 17.9889 2
    endloop
  endfacet
  facet normal -0 0 1
    outer loop
      vertex -23.355 17.3594 2
      vertex -19.0425 12.8192 2
      vertex -22.9889 17.6558 2
    endloop
  endfacet
  facet normal -0 0 1
    outer loop
      vertex -23.75 17.1029 2
      vertex -19.0425 12.8192 2
      vertex -23.355 17.3594 2
    endloop
  endfacet
  facet normal 0 0 1
    outer loop
      vertex -19.0425 12.8192 2
      vertex -23.75 17.1029 2
      vertex -20.3192 11.5425 2
    endloop
  endfacet
  facet normal -0 0 1
    outer loop
      vertex -24.1697 16.889 2
      vertex -20.3192 11.5425 2
      vertex -23.75 17.1029 2
    endloop
  endfacet
  facet normal -0 0 1
    outer loop
      vertex -24.6094 16.7202 2
      vertex -20.3192 11.5425 2
      vertex -24.1697 16.889 2
    endloop
  endfacet
  facet normal 0 0 1
    outer loop
      vertex -20.3192 11.5425 2
      vertex -24.6094 16.7202 2
      vertex -21.4555 10.1393 2
    endloop
  endfacet
  facet normal -0 0 1
    outer loop
      vertex -25.0644 16.5983 2
      vertex -21.4555 10.1393 2
      vertex -24.6094 16.7202 2
    endloop
  endfacet
  facet normal -0 0 1
    outer loop
      vertex -25.5296 16.5247 2
      vertex -21.4555 10.1393 2
      vertex -25.0644 16.5983 2
    endloop
  endfacet
  facet normal -0 0 1
    outer loop
      vertex -26 16.5 2
      vertex -21.4555 10.1393 2
      vertex -25.5296 16.5247 2
    endloop
  endfacet
  facet normal 0 0 1
    outer loop
      vertex -21.4555 10.1393 2
      vertex -26 16.5 2
      vertex -22.4389 8.625 2
    endloop
  endfacet
  facet normal 0 0 1
    outer loop
      vertex -26.4704 16.5247 2
      vertex -22.4389 8.625 2
      vertex -26 16.5 2
    endloop
  endfacet
  facet normal 0 0 1
    outer loop
      vertex -26.9356 16.5983 2
      vertex -22.4389 8.625 2
      vertex -26.4704 16.5247 2
    endloop
  endfacet
  facet normal 0 0 1
    outer loop
      vertex -22.4389 8.625 2
      vertex -26.9356 16.5983 2
      vertex -23.2587 7.01621 2
    endloop
  endfacet
  facet normal 0 0 1
    outer loop
      vertex -27.3906 16.7202 2
      vertex -23.2587 7.01621 2
      vertex -26.9356 16.5983 2
    endloop
  endfacet
  facet normal 0 0 1
    outer loop
      vertex -23.9057 5.33054 2
      vertex -29.5 3 2
      vertex -24.373 3.58648 2
    endloop
  endfacet
  facet normal 0 0 1
    outer loop
      vertex -29.5 3 2
      vertex -23.2587 7.01621 2
      vertex -27.3906 16.7202 2
    endloop
  endfacet
  facet normal 0 0 1
    outer loop
      vertex -23.2587 7.01621 2
      vertex -29.5 3 2
      vertex -23.9057 5.33054 2
    endloop
  endfacet
  facet normal 0 0 1
    outer loop
      vertex -29.5 3 2
      vertex -27.3906 16.7202 2
      vertex -27.8303 16.889 2
    endloop
  endfacet
  facet normal 0 0 1
    outer loop
      vertex -29.5 3 2
      vertex -27.8303 16.889 2
      vertex -28.25 17.1029 2
    endloop
  endfacet
  facet normal 0 0 1
    outer loop
      vertex -29.5 3 2
      vertex -28.25 17.1029 2
      vertex -28.645 17.3594 2
    endloop
  endfacet
  facet normal 0 0 1
    outer loop
      vertex -29.5 3 2
      vertex -28.645 17.3594 2
      vertex -29.0111 17.6558 2
    endloop
  endfacet
  facet normal 0 0 1
    outer loop
      vertex -29.5 3 2
      vertex -29.0111 17.6558 2
      vertex -29.3442 17.9889 2
    endloop
  endfacet
  facet normal 0 0 1
    outer loop
      vertex -29.5 3 2
      vertex -29.3442 17.9889 2
      vertex -29.5 18.1814 2
    endloop
  endfacet
  facet normal 0 0 1
    outer loop
      vertex -24.373 3.58648 2
      vertex -29.5 3 2
      vertex -24.4659 3 2
    endloop
  endfacet
  facet normal 0 0 -1
    outer loop
      vertex -24.6555 -1.80312 2
      vertex -23.5 -3 2
      vertex -24.4659 -3 2
    endloop
  endfacet
  facet normal 0 0 -1
    outer loop
      vertex -24.75 0 2
      vertex -23.5 -3 2
      vertex -24.6555 -1.80312 2
    endloop
  endfacet
  facet normal 0 0 -1
    outer loop
      vertex -23.5 -3 2
      vertex -24.75 0 2
      vertex -23.5 3 2
    endloop
  endfacet
  facet normal 0 -0 -1
    outer loop
      vertex -24.6555 1.80312 2
      vertex -23.5 3 2
      vertex -24.75 0 2
    endloop
  endfacet
  facet normal -0 0 -1
    outer loop
      vertex -23.5 3 2
      vertex -24.6555 1.80312 2
      vertex -24.4659 3 2
    endloop
  endfacet
  facet normal -0 0 1
    outer loop
      vertex 4.97261 0.522642 2
      vertex 7.25 0 2
      vertex 7.1692 1.54179 2
    endloop
  endfacet
  facet normal -0 0 1
    outer loop
      vertex 4.75528 1.54508 2
      vertex 7.1692 1.54179 2
      vertex 6.92768 3.0667 2
    endloop
  endfacet
  facet normal 0 0 1
    outer loop
      vertex 7.25 0 2
      vertex 4.97261 0.522642 2
      vertex 5 0 2
    endloop
  endfacet
  facet normal 0 0 1
    outer loop
      vertex 4.33013 2.5 2
      vertex 6.92768 3.0667 2
      vertex 6.52808 4.558 2
    endloop
  endfacet
  facet normal 0 0 1
    outer loop
      vertex 4.97261 -0.522642 2
      vertex 7.25 0 2
      vertex 5 0 2
    endloop
  endfacet
  facet normal 0 0 1
    outer loop
      vertex 3.71572 3.34565 2
      vertex 6.52808 4.558 2
      vertex 5.9748 5.99936 2
    endloop
  endfacet
  facet normal 0 0 1
    outer loop
      vertex 7.25 0 2
      vertex 4.97261 -0.522642 2
      vertex 7.1692 -1.54179 2
    endloop
  endfacet
  facet normal 0 0 1
    outer loop
      vertex 2.93893 4.04508 2
      vertex 5.9748 5.99936 2
      vertex 5.27387 7.375 2
    endloop
  endfacet
  facet normal -0 0 1
    outer loop
      vertex 4.89074 -1.03956 2
      vertex 7.1692 -1.54179 2
      vertex 4.97261 -0.522642 2
    endloop
  endfacet
  facet normal 0 0 1
    outer loop
      vertex 7.1692 -1.54179 2
      vertex 4.75528 -1.54508 2
      vertex 6.92768 -3.0667 2
    endloop
  endfacet
  facet normal 0 0 1
    outer loop
      vertex 4.75528 -1.54508 2
      vertex 7.1692 -1.54179 2
      vertex 4.89074 -1.03956 2
    endloop
  endfacet
  facet normal 0 0 1
    outer loop
      vertex 7.1692 1.54179 2
      vertex 4.89074 1.03956 2
      vertex 4.97261 0.522642 2
    endloop
  endfacet
  facet normal 0 0 1
    outer loop
      vertex 7.1692 1.54179 2
      vertex 4.75528 1.54508 2
      vertex 4.89074 1.03956 2
    endloop
  endfacet
  facet normal 0 0 1
    outer loop
      vertex 6.92768 3.0667 2
      vertex 4.56773 2.03368 2
      vertex 4.75528 1.54508 2
    endloop
  endfacet
  facet normal 0 0 1
    outer loop
      vertex 2.03368 4.56773 2
      vertex 5.27387 7.375 2
      vertex 4.433 8.66983 2
    endloop
  endfacet
  facet normal 0 0 1
    outer loop
      vertex 6.92768 3.0667 2
      vertex 4.33013 2.5 2
      vertex 4.56773 2.03368 2
    endloop
  endfacet
  facet normal 0 0 1
    outer loop
      vertex 6.52808 4.558 2
      vertex 4.04508 2.93893 2
      vertex 4.33013 2.5 2
    endloop
  endfacet
  facet normal 0 0 1
    outer loop
      vertex 6.52808 4.558 2
      vertex 3.71572 3.34565 2
      vertex 4.04508 2.93893 2
    endloop
  endfacet
  facet normal 0 0 1
    outer loop
      vertex 1.03956 4.89074 2
      vertex 4.433 8.66983 2
      vertex 3.46139 9.86968 2
    endloop
  endfacet
  facet normal 0 0 1
    outer loop
      vertex 5.9748 5.99936 2
      vertex 3.34565 3.71572 2
      vertex 3.71572 3.34565 2
    endloop
  endfacet
  facet normal 0 0 1
    outer loop
      vertex 5.9748 5.99936 2
      vertex 2.93893 4.04508 2
      vertex 3.34565 3.71572 2
    endloop
  endfacet
  facet normal 0 0 1
    outer loop
      vertex 5.27387 7.375 2
      vertex 2.5 4.33013 2
      vertex 2.93893 4.04508 2
    endloop
  endfacet
  facet normal 0 0 1
    outer loop
      vertex 0.522642 4.97261 2
      vertex 3.46139 9.86968 2
      vertex 2.36968 10.9614 2
    endloop
  endfacet
  facet normal 0 0 1
    outer loop
      vertex 5.27387 7.375 2
      vertex 2.03368 4.56773 2
      vertex 2.5 4.33013 2
    endloop
  endfacet
  facet normal 0 0 1
    outer loop
      vertex 4.433 8.66983 2
      vertex 1.54508 4.75528 2
      vertex 2.03368 4.56773 2
    endloop
  endfacet
  facet normal 0 0 1
    outer loop
      vertex -0.522642 4.97261 2
      vertex 2.36968 10.9614 2
      vertex 1.16983 11.933 2
    endloop
  endfacet
  facet normal 0 0 1
    outer loop
      vertex -0.522642 4.97261 2
      vertex 1.16983 11.933 2
      vertex 1.06666 12 2
    endloop
  endfacet
  facet normal 0 0 1
    outer loop
      vertex 4.433 8.66983 2
      vertex 1.03956 4.89074 2
      vertex 1.54508 4.75528 2
    endloop
  endfacet
  facet normal 0 0 1
    outer loop
      vertex 3.46139 9.86968 2
      vertex 0.522642 4.97261 2
      vertex 1.03956 4.89074 2
    endloop
  endfacet
  facet normal 0 0 1
    outer loop
      vertex 2.36968 10.9614 2
      vertex 0 5 2
      vertex 0.522642 4.97261 2
    endloop
  endfacet
  facet normal 0 0 1
    outer loop
      vertex 2.36968 10.9614 2
      vertex -0.522642 4.97261 2
      vertex 0 5 2
    endloop
  endfacet
  facet normal 0 0 1
    outer loop
      vertex 1.06666 12 2
      vertex -1.03956 4.89074 2
      vertex -0.522642 4.97261 2
    endloop
  endfacet
  facet normal 0 0 1
    outer loop
      vertex 1.06666 12 2
      vertex -1.54508 4.75528 2
      vertex -1.03956 4.89074 2
    endloop
  endfacet
  facet normal 0 0 1
    outer loop
      vertex 1.06666 12 2
      vertex -2.03368 4.56773 2
      vertex -1.54508 4.75528 2
    endloop
  endfacet
  facet normal 0 0 1
    outer loop
      vertex 1.06666 12 2
      vertex -2.5 4.33013 2
      vertex -2.03368 4.56773 2
    endloop
  endfacet
  facet normal 0 0 1
    outer loop
      vertex 1.06666 12 2
      vertex -2.93893 4.04508 2
      vertex -2.5 4.33013 2
    endloop
  endfacet
  facet normal -0 0 1
    outer loop
      vertex -16.0667 12 2
      vertex -2.93893 4.04508 2
      vertex 1.06666 12 2
    endloop
  endfacet
  facet normal 0 0 1
    outer loop
      vertex -2.93893 4.04508 2
      vertex -16.0667 12 2
      vertex -3.34565 3.71572 2
    endloop
  endfacet
  facet normal 0 0 1
    outer loop
      vertex -3.34565 3.71572 2
      vertex -16.0667 12 2
      vertex -3.71572 3.34565 2
    endloop
  endfacet
  facet normal 0 0 1
    outer loop
      vertex -3.71572 3.34565 2
      vertex -16.0667 12 2
      vertex -4.04508 2.93893 2
    endloop
  endfacet
  facet normal 0 0 1
    outer loop
      vertex -22.1692 1.54179 2
      vertex -5 0 2
      vertex -4.97261 0.522642 2
    endloop
  endfacet
  facet normal 0 0 1
    outer loop
      vertex -5 0 2
      vertex -7.5 -14.75 2
      vertex -5.95821 -14.6692 2
    endloop
  endfacet
  facet normal 0 0 1
    outer loop
      vertex -21.5281 4.558 2
      vertex -4.97261 0.522642 2
      vertex -4.89074 1.03956 2
    endloop
  endfacet
  facet normal 0 0 1
    outer loop
      vertex -5 0 2
      vertex -9.04179 -14.6692 2
      vertex -7.5 -14.75 2
    endloop
  endfacet
  facet normal 0 0 1
    outer loop
      vertex -5 0 2
      vertex -10.5667 -14.4277 2
      vertex -9.04179 -14.6692 2
    endloop
  endfacet
  facet normal 0 0 1
    outer loop
      vertex -20.2739 7.375 2
      vertex -4.89074 1.03956 2
      vertex -4.75528 1.54508 2
    endloop
  endfacet
  facet normal 0 0 1
    outer loop
      vertex -5 0 2
      vertex -12.058 -14.0281 2
      vertex -10.5667 -14.4277 2
    endloop
  endfacet
  facet normal 0 0 1
    outer loop
      vertex -18.4614 9.86968 2
      vertex -4.75528 1.54508 2
      vertex -4.56773 2.03368 2
    endloop
  endfacet
  facet normal 0 0 1
    outer loop
      vertex -5 0 2
      vertex -13.4994 -13.4748 2
      vertex -12.058 -14.0281 2
    endloop
  endfacet
  facet normal 0 0 1
    outer loop
      vertex -16.0667 12 2
      vertex -4.56773 2.03368 2
      vertex -4.33013 2.5 2
    endloop
  endfacet
  facet normal 0 0 1
    outer loop
      vertex -4.04508 2.93893 2
      vertex -16.0667 12 2
      vertex -4.33013 2.5 2
    endloop
  endfacet
  facet normal 0 0 1
    outer loop
      vertex -5 0 2
      vertex -14.875 -12.7739 2
      vertex -13.4994 -13.4748 2
    endloop
  endfacet
  facet normal 0 0 1
    outer loop
      vertex -4.56773 2.03368 2
      vertex -16.0667 12 2
      vertex -17.3697 10.9614 2
    endloop
  endfacet
  facet normal 0 0 1
    outer loop
      vertex -17.3697 10.9614 2
      vertex -16.0667 12 2
      vertex -16.1698 11.933 2
    endloop
  endfacet
  facet normal 0 0 1
    outer loop
      vertex -5 0 2
      vertex -16.1698 -11.933 2
      vertex -14.875 -12.7739 2
    endloop
  endfacet
  facet normal 0 0 1
    outer loop
      vertex -4.56773 2.03368 2
      vertex -17.3697 10.9614 2
      vertex -18.4614 9.86968 2
    endloop
  endfacet
  facet normal 0 0 1
    outer loop
      vertex -5 0 2
      vertex -17.3697 -10.9614 2
      vertex -16.1698 -11.933 2
    endloop
  endfacet
  facet normal 0 0 1
    outer loop
      vertex -4.75528 1.54508 2
      vertex -18.4614 9.86968 2
      vertex -19.433 8.66983 2
    endloop
  endfacet
  facet normal 0 0 1
    outer loop
      vertex -5 0 2
      vertex -18.4614 -9.86968 2
      vertex -17.3697 -10.9614 2
    endloop
  endfacet
  facet normal 0 0 1
    outer loop
      vertex -4.75528 1.54508 2
      vertex -19.433 8.66983 2
      vertex -20.2739 7.375 2
    endloop
  endfacet
  facet normal 0 0 1
    outer loop
      vertex -5 0 2
      vertex -19.433 -8.66983 2
      vertex -18.4614 -9.86968 2
    endloop
  endfacet
  facet normal 0 0 1
    outer loop
      vertex -4.89074 1.03956 2
      vertex -20.2739 7.375 2
      vertex -20.9748 5.99936 2
    endloop
  endfacet
  facet normal 0 0 1
    outer loop
      vertex -5 0 2
      vertex -20.2739 -7.375 2
      vertex -19.433 -8.66983 2
    endloop
  endfacet
  facet normal 0 0 1
    outer loop
      vertex -4.89074 1.03956 2
      vertex -20.9748 5.99936 2
      vertex -21.5281 4.558 2
    endloop
  endfacet
  facet normal 0 0 1
    outer loop
      vertex -5 0 2
      vertex -20.9748 -5.99936 2
      vertex -20.2739 -7.375 2
    endloop
  endfacet
  facet normal 0 0 1
    outer loop
      vertex -4.97261 0.522642 2
      vertex -21.5281 4.558 2
      vertex -21.9277 3.0667 2
    endloop
  endfacet
  facet normal 0 0 1
    outer loop
      vertex -5 0 2
      vertex -21.5281 -4.558 2
      vertex -20.9748 -5.99936 2
    endloop
  endfacet
  facet normal 0 0 1
    outer loop
      vertex -4.97261 0.522642 2
      vertex -21.9277 3.0667 2
      vertex -22.1692 1.54179 2
    endloop
  endfacet
  facet normal 0 0 1
    outer loop
      vertex -5 0 2
      vertex -21.9277 -3.0667 2
      vertex -21.5281 -4.558 2
    endloop
  endfacet
  facet normal 0 0 1
    outer loop
      vertex -5 0 2
      vertex -22.1692 1.54179 2
      vertex -22.25 0 2
    endloop
  endfacet
  facet normal 0 0 1
    outer loop
      vertex -5 0 2
      vertex -22.1692 -1.54179 2
      vertex -21.9277 -3.0667 2
    endloop
  endfacet
  facet normal 0 0 1
    outer loop
      vertex -5 0 2
      vertex -22.25 0 2
      vertex -22.1692 -1.54179 2
    endloop
  endfacet
  facet normal -0 0 1
    outer loop
      vertex 4.56773 -2.03368 2
      vertex 6.92768 -3.0667 2
      vertex 4.75528 -1.54508 2
    endloop
  endfacet
  facet normal -0 0 1
    outer loop
      vertex 4.33013 -2.5 2
      vertex 6.92768 -3.0667 2
      vertex 4.56773 -2.03368 2
    endloop
  endfacet
  facet normal 0 0 1
    outer loop
      vertex 6.92768 -3.0667 2
      vertex 4.33013 -2.5 2
      vertex 6.52808 -4.558 2
    endloop
  endfacet
  facet normal -0 0 1
    outer loop
      vertex 4.04508 -2.93893 2
      vertex 6.52808 -4.558 2
      vertex 4.33013 -2.5 2
    endloop
  endfacet
  facet normal -0 0 1
    outer loop
      vertex 3.71572 -3.34565 2
      vertex 6.52808 -4.558 2
      vertex 4.04508 -2.93893 2
    endloop
  endfacet
  facet normal 0 0 1
    outer loop
      vertex 6.52808 -4.558 2
      vertex 3.71572 -3.34565 2
      vertex 5.9748 -5.99936 2
    endloop
  endfacet
  facet normal -0 0 1
    outer loop
      vertex 3.34565 -3.71572 2
      vertex 5.9748 -5.99936 2
      vertex 3.71572 -3.34565 2
    endloop
  endfacet
  facet normal -0 0 1
    outer loop
      vertex 2.93893 -4.04508 2
      vertex 5.9748 -5.99936 2
      vertex 3.34565 -3.71572 2
    endloop
  endfacet
  facet normal 0 0 1
    outer loop
      vertex 5.9748 -5.99936 2
      vertex 2.93893 -4.04508 2
      vertex 5.27387 -7.375 2
    endloop
  endfacet
  facet normal -0 0 1
    outer loop
      vertex 2.5 -4.33013 2
      vertex 5.27387 -7.375 2
      vertex 2.93893 -4.04508 2
    endloop
  endfacet
  facet normal -0 0 1
    outer loop
      vertex 2.03368 -4.56773 2
      vertex 5.27387 -7.375 2
      vertex 2.5 -4.33013 2
    endloop
  endfacet
  facet normal 0 0 1
    outer loop
      vertex 5.27387 -7.375 2
      vertex 2.03368 -4.56773 2
      vertex 4.433 -8.66983 2
    endloop
  endfacet
  facet normal -0 0 1
    outer loop
      vertex 1.54508 -4.75528 2
      vertex 4.433 -8.66983 2
      vertex 2.03368 -4.56773 2
    endloop
  endfacet
  facet normal -0 0 1
    outer loop
      vertex 1.03956 -4.89074 2
      vertex 4.433 -8.66983 2
      vertex 1.54508 -4.75528 2
    endloop
  endfacet
  facet normal 0 0 1
    outer loop
      vertex 4.433 -8.66983 2
      vertex 1.03956 -4.89074 2
      vertex 3.46139 -9.86968 2
    endloop
  endfacet
  facet normal -0 0 1
    outer loop
      vertex 0.522642 -4.97261 2
      vertex 3.46139 -9.86968 2
      vertex 1.03956 -4.89074 2
    endloop
  endfacet
  facet normal 0 0 1
    outer loop
      vertex 3.46139 -9.86968 2
      vertex 0.522642 -4.97261 2
      vertex 2.36968 -10.9614 2
    endloop
  endfacet
  facet normal -0 0 1
    outer loop
      vertex 0 -5 2
      vertex 2.36968 -10.9614 2
      vertex 0.522642 -4.97261 2
    endloop
  endfacet
  facet normal 0 0 1
    outer loop
      vertex -0.522642 -4.97261 2
      vertex 2.36968 -10.9614 2
      vertex 0 -5 2
    endloop
  endfacet
  facet normal 0 0 1
    outer loop
      vertex 2.36968 -10.9614 2
      vertex -0.522642 -4.97261 2
      vertex 1.16983 -11.933 2
    endloop
  endfacet
  facet normal 0 0 1
    outer loop
      vertex -1.03956 -4.89074 2
      vertex 1.16983 -11.933 2
      vertex -0.522642 -4.97261 2
    endloop
  endfacet
  facet normal 0 0 1
    outer loop
      vertex 1.16983 -11.933 2
      vertex -1.03956 -4.89074 2
      vertex -0.125 -12.7739 2
    endloop
  endfacet
  facet normal 0 0 1
    outer loop
      vertex -1.54508 -4.75528 2
      vertex -0.125 -12.7739 2
      vertex -1.03956 -4.89074 2
    endloop
  endfacet
  facet normal 0 0 1
    outer loop
      vertex -0.125 -12.7739 2
      vertex -1.54508 -4.75528 2
      vertex -1.50064 -13.4748 2
    endloop
  endfacet
  facet normal 0 0 1
    outer loop
      vertex -2.03368 -4.56773 2
      vertex -1.50064 -13.4748 2
      vertex -1.54508 -4.75528 2
    endloop
  endfacet
  facet normal 0 0 1
    outer loop
      vertex -2.942 -14.0281 2
      vertex -2.03368 -4.56773 2
      vertex -2.5 -4.33013 2
    endloop
  endfacet
  facet normal 0 0 1
    outer loop
      vertex -4.4333 -14.4277 2
      vertex -2.5 -4.33013 2
      vertex -2.93893 -4.04508 2
    endloop
  endfacet
  facet normal 0 0 1
    outer loop
      vertex -2.03368 -4.56773 2
      vertex -2.942 -14.0281 2
      vertex -1.50064 -13.4748 2
    endloop
  endfacet
  facet normal 0 0 1
    outer loop
      vertex -5.95821 -14.6692 2
      vertex -2.93893 -4.04508 2
      vertex -3.34565 -3.71572 2
    endloop
  endfacet
  facet normal 0 0 1
    outer loop
      vertex -5.95821 -14.6692 2
      vertex -3.34565 -3.71572 2
      vertex -3.71572 -3.34565 2
    endloop
  endfacet
  facet normal 0 0 1
    outer loop
      vertex -5.95821 -14.6692 2
      vertex -3.71572 -3.34565 2
      vertex -4.04508 -2.93893 2
    endloop
  endfacet
  facet normal 0 0 1
    outer loop
      vertex -5.95821 -14.6692 2
      vertex -4.04508 -2.93893 2
      vertex -4.33013 -2.5 2
    endloop
  endfacet
  facet normal 0 0 1
    outer loop
      vertex -2.5 -4.33013 2
      vertex -4.4333 -14.4277 2
      vertex -2.942 -14.0281 2
    endloop
  endfacet
  facet normal 0 0 1
    outer loop
      vertex -5.95821 -14.6692 2
      vertex -4.33013 -2.5 2
      vertex -4.56773 -2.03368 2
    endloop
  endfacet
  facet normal 0 0 1
    outer loop
      vertex -5.95821 -14.6692 2
      vertex -4.56773 -2.03368 2
      vertex -4.75528 -1.54508 2
    endloop
  endfacet
  facet normal 0 0 1
    outer loop
      vertex -5.95821 -14.6692 2
      vertex -4.75528 -1.54508 2
      vertex -4.89074 -1.03956 2
    endloop
  endfacet
  facet normal 0 0 1
    outer loop
      vertex -5.95821 -14.6692 2
      vertex -4.89074 -1.03956 2
      vertex -4.97261 -0.522642 2
    endloop
  endfacet
  facet normal 0 0 1
    outer loop
      vertex -5.95821 -14.6692 2
      vertex -4.97261 -0.522642 2
      vertex -5 0 2
    endloop
  endfacet
  facet normal 0 0 1
    outer loop
      vertex -2.93893 -4.04508 2
      vertex -5.95821 -14.6692 2
      vertex -4.4333 -14.4277 2
    endloop
  endfacet
  facet normal -0.998618 0.0525588 0
    outer loop
      vertex -29.5 28.5 0
      vertex -29.4945 28.6045 2
      vertex -29.4945 28.6045 0
    endloop
  endfacet
  facet normal -0.998618 0.0525588 0
    outer loop
      vertex -29.4945 28.6045 2
      vertex -29.5 28.5 0
      vertex -29.5 28.5 2
    endloop
  endfacet
  facet normal 0 1 -0
    outer loop
      vertex -3 29.5 0
      vertex -28.5 29.5 2
      vertex -3 29.5 2
    endloop
  endfacet
  facet normal 0 1 0
    outer loop
      vertex -28.5 29.5 2
      vertex -3 29.5 0
      vertex -28.5 29.5 0
    endloop
  endfacet
  facet normal 0 1 -0
    outer loop
      vertex 28.5 29.5 0
      vertex 3 29.5 2
      vertex 28.5 29.5 2
    endloop
  endfacet
  facet normal 0 1 0
    outer loop
      vertex 3 29.5 2
      vertex 28.5 29.5 0
      vertex 3 29.5 0
    endloop
  endfacet
  facet normal 0.707107 -0.707107 0
    outer loop
      vertex 29.1691 -29.2431 2
      vertex 29.2431 -29.1691 0
      vertex 29.2431 -29.1691 2
    endloop
  endfacet
  facet normal 0.707107 -0.707107 0
    outer loop
      vertex 29.2431 -29.1691 0
      vertex 29.1691 -29.2431 2
      vertex 29.1691 -29.2431 0
    endloop
  endfacet
  facet normal -0.838749 0.544518 0
    outer loop
      vertex -29.366 29 0
      vertex -29.309 29.0878 2
      vertex -29.309 29.0878 0
    endloop
  endfacet
  facet normal -0.838749 0.544518 0
    outer loop
      vertex -29.309 29.0878 2
      vertex -29.366 29 0
      vertex -29.366 29 2
    endloop
  endfacet
  facet normal 0.0525588 -0.998618 0
    outer loop
      vertex 28.5 -29.5 0
      vertex 28.6045 -29.4945 2
      vertex 28.5 -29.5 2
    endloop
  endfacet
  facet normal 0.0525588 -0.998618 0
    outer loop
      vertex 28.6045 -29.4945 2
      vertex 28.5 -29.5 0
      vertex 28.6045 -29.4945 0
    endloop
  endfacet
  facet normal -0.0525588 -0.998618 0
    outer loop
      vertex -28.6045 -29.4945 0
      vertex -28.5 -29.5 2
      vertex -28.6045 -29.4945 2
    endloop
  endfacet
  facet normal -0.0525588 -0.998618 -0
    outer loop
      vertex -28.5 -29.5 2
      vertex -28.6045 -29.4945 0
      vertex -28.5 -29.5 0
    endloop
  endfacet
  facet normal -0.156649 -0.987654 0
    outer loop
      vertex -28.7079 -29.4781 0
      vertex -28.6045 -29.4945 2
      vertex -28.7079 -29.4781 2
    endloop
  endfacet
  facet normal -0.156649 -0.987654 -0
    outer loop
      vertex -28.6045 -29.4945 2
      vertex -28.7079 -29.4781 0
      vertex -28.6045 -29.4945 0
    endloop
  endfacet
  facet normal -0.838749 -0.544518 0
    outer loop
      vertex -29.309 -29.0878 0
      vertex -29.366 -29 2
      vertex -29.366 -29 0
    endloop
  endfacet
  facet normal -0.838749 -0.544518 0
    outer loop
      vertex -29.366 -29 2
      vertex -29.309 -29.0878 0
      vertex -29.309 -29.0878 2
    endloop
  endfacet
  facet normal -0.776844 0.629693 0
    outer loop
      vertex -29.309 29.0878 0
      vertex -29.2431 29.1691 2
      vertex -29.2431 29.1691 0
    endloop
  endfacet
  facet normal -0.776844 0.629693 0
    outer loop
      vertex -29.2431 29.1691 2
      vertex -29.309 29.0878 0
      vertex -29.309 29.0878 2
    endloop
  endfacet
  facet normal -0.891156 0.453697 0
    outer loop
      vertex -29.4135 28.9067 0
      vertex -29.366 29 2
      vertex -29.366 29 0
    endloop
  endfacet
  facet normal -0.891156 0.453697 0
    outer loop
      vertex -29.366 29 2
      vertex -29.4135 28.9067 0
      vertex -29.4135 28.9067 2
    endloop
  endfacet
  facet normal -0.96614 0.25802 0
    outer loop
      vertex -29.4781 28.7079 0
      vertex -29.4511 28.809 2
      vertex -29.4511 28.809 0
    endloop
  endfacet
  facet normal -0.96614 0.25802 0
    outer loop
      vertex -29.4511 28.809 2
      vertex -29.4781 28.7079 0
      vertex -29.4781 28.7079 2
    endloop
  endfacet
  facet normal -0.453697 0.891156 0
    outer loop
      vertex -28.9067 29.4135 0
      vertex -29 29.366 2
      vertex -28.9067 29.4135 2
    endloop
  endfacet
  facet normal -0.453697 0.891156 0
    outer loop
      vertex -29 29.366 2
      vertex -28.9067 29.4135 0
      vertex -29 29.366 0
    endloop
  endfacet
  facet normal 0.707107 0.707107 0
    outer loop
      vertex 29.2431 29.1691 2
      vertex 29.1691 29.2431 0
      vertex 29.1691 29.2431 2
    endloop
  endfacet
  facet normal 0.707107 0.707107 0
    outer loop
      vertex 29.1691 29.2431 0
      vertex 29.2431 29.1691 2
      vertex 29.2431 29.1691 0
    endloop
  endfacet
  facet normal 0.776844 0.629693 0
    outer loop
      vertex 29.309 29.0878 2
      vertex 29.2431 29.1691 0
      vertex 29.2431 29.1691 2
    endloop
  endfacet
  facet normal 0.776844 0.629693 0
    outer loop
      vertex 29.2431 29.1691 0
      vertex 29.309 29.0878 2
      vertex 29.309 29.0878 0
    endloop
  endfacet
  facet normal 0.987654 -0.156649 0
    outer loop
      vertex 29.4781 -28.7079 2
      vertex 29.4945 -28.6045 0
      vertex 29.4945 -28.6045 2
    endloop
  endfacet
  facet normal 0.987654 -0.156649 0
    outer loop
      vertex 29.4945 -28.6045 0
      vertex 29.4781 -28.7079 2
      vertex 29.4781 -28.7079 0
    endloop
  endfacet
  facet normal 0.96614 -0.25802 0
    outer loop
      vertex 29.4511 -28.809 2
      vertex 29.4781 -28.7079 0
      vertex 29.4781 -28.7079 2
    endloop
  endfacet
  facet normal 0.96614 -0.25802 0
    outer loop
      vertex 29.4781 -28.7079 0
      vertex 29.4511 -28.809 2
      vertex 29.4511 -28.809 0
    endloop
  endfacet
  facet normal -0.629693 -0.776844 0
    outer loop
      vertex -29.1691 -29.2431 0
      vertex -29.0878 -29.309 2
      vertex -29.1691 -29.2431 2
    endloop
  endfacet
  facet normal -0.629693 -0.776844 -0
    outer loop
      vertex -29.0878 -29.309 2
      vertex -29.1691 -29.2431 0
      vertex -29.0878 -29.309 0
    endloop
  endfacet
  facet normal -0.359171 -0.933272 0
    outer loop
      vertex -28.9067 -29.4135 0
      vertex -28.809 -29.4511 2
      vertex -28.9067 -29.4135 2
    endloop
  endfacet
  facet normal -0.359171 -0.933272 -0
    outer loop
      vertex -28.809 -29.4511 2
      vertex -28.9067 -29.4135 0
      vertex -28.809 -29.4511 0
    endloop
  endfacet
  facet normal 0 0 -1
    outer loop
      vertex -22.6558 -17.9889 0
      vertex -4.04508 -2.93893 0
      vertex -22.3594 -18.355 0
    endloop
  endfacet
  facet normal 0 0 -1
    outer loop
      vertex -16.5 12 0
      vertex -21.5247 20.5296 0
      vertex -21.5 21 0
    endloop
  endfacet
  facet normal 0 0 -1
    outer loop
      vertex -23.5 -3 0
      vertex -4.04508 -2.93893 0
      vertex -22.6558 -17.9889 0
    endloop
  endfacet
  facet normal 0 0 -1
    outer loop
      vertex -16.5 12 0
      vertex -21.5983 20.0644 0
      vertex -21.5247 20.5296 0
    endloop
  endfacet
  facet normal 0 0 -1
    outer loop
      vertex -23.5 3 0
      vertex -4.89074 -1.03956 0
      vertex -23.5 -3 0
    endloop
  endfacet
  facet normal 0 0 -1
    outer loop
      vertex -4.89074 -1.03956 0
      vertex -23.5 3 0
      vertex -16.5 12 0
    endloop
  endfacet
  facet normal -0 0 -1
    outer loop
      vertex -4.04508 -2.93893 0
      vertex -23.5 -3 0
      vertex -4.33013 -2.5 0
    endloop
  endfacet
  facet normal 0 0 -1
    outer loop
      vertex -25.0644 16.5983 0
      vertex -16.5 12 0
      vertex -23.5 3 0
    endloop
  endfacet
  facet normal -0 0 -1
    outer loop
      vertex -4.33013 -2.5 0
      vertex -23.5 -3 0
      vertex -4.56773 -2.03368 0
    endloop
  endfacet
  facet normal 0 0 -1
    outer loop
      vertex -16.5 12 0
      vertex -21.7202 19.6094 0
      vertex -21.5983 20.0644 0
    endloop
  endfacet
  facet normal -0 0 -1
    outer loop
      vertex -4.56773 -2.03368 0
      vertex -23.5 -3 0
      vertex -4.75528 -1.54508 0
    endloop
  endfacet
  facet normal 0 0 -1
    outer loop
      vertex -16.5 12 0
      vertex -21.889 19.1697 0
      vertex -21.7202 19.6094 0
    endloop
  endfacet
  facet normal -0 0 -1
    outer loop
      vertex -4.75528 -1.54508 0
      vertex -23.5 -3 0
      vertex -4.89074 -1.03956 0
    endloop
  endfacet
  facet normal 0 0 -1
    outer loop
      vertex -16.5 12 0
      vertex -22.1029 18.75 0
      vertex -21.889 19.1697 0
    endloop
  endfacet
  facet normal 0 0 -1
    outer loop
      vertex -23.5 -3 0
      vertex -22.6558 -17.9889 0
      vertex -22.9889 -17.6558 0
    endloop
  endfacet
  facet normal 0 0 -1
    outer loop
      vertex -16.5 12 0
      vertex -22.3594 18.355 0
      vertex -22.1029 18.75 0
    endloop
  endfacet
  facet normal 0 0 -1
    outer loop
      vertex -23.5 -3 0
      vertex -22.9889 -17.6558 0
      vertex -23.355 -17.3594 0
    endloop
  endfacet
  facet normal 0 0 -1
    outer loop
      vertex -16.5 12 0
      vertex -22.6558 17.9889 0
      vertex -22.3594 18.355 0
    endloop
  endfacet
  facet normal 0 0 -1
    outer loop
      vertex -16.5 12 0
      vertex -22.9889 17.6558 0
      vertex -22.6558 17.9889 0
    endloop
  endfacet
  facet normal 0 0 -1
    outer loop
      vertex -23.75 -17.1029 0
      vertex -23.5 -3 0
      vertex -23.355 -17.3594 0
    endloop
  endfacet
  facet normal 0 0 -1
    outer loop
      vertex -24.1697 -16.889 0
      vertex -23.5 -3 0
      vertex -23.75 -17.1029 0
    endloop
  endfacet
  facet normal 0 0 -1
    outer loop
      vertex -24.6094 -16.7202 0
      vertex -23.5 -3 0
      vertex -24.1697 -16.889 0
    endloop
  endfacet
  facet normal 0 0 -1
    outer loop
      vertex -25.0644 -16.5983 0
      vertex -23.5 -3 0
      vertex -24.6094 -16.7202 0
    endloop
  endfacet
  facet normal 0 0 -1
    outer loop
      vertex -25.5296 -16.5247 0
      vertex -23.5 -3 0
      vertex -25.0644 -16.5983 0
    endloop
  endfacet
  facet normal 0 0 -1
    outer loop
      vertex -26 -16.5 0
      vertex -23.5 -3 0
      vertex -25.5296 -16.5247 0
    endloop
  endfacet
  facet normal 0 0 -1
    outer loop
      vertex -29.5 -3 0
      vertex -26 -16.5 0
      vertex -26.4704 -16.5247 0
    endloop
  endfacet
  facet normal 0 0 -1
    outer loop
      vertex -29.5 -3 0
      vertex -26.4704 -16.5247 0
      vertex -26.9356 -16.5983 0
    endloop
  endfacet
  facet normal 0 0 -1
    outer loop
      vertex -29.5 -3 0
      vertex -26.9356 -16.5983 0
      vertex -27.3906 -16.7202 0
    endloop
  endfacet
  facet normal 0 0 -1
    outer loop
      vertex -29.5 -3 0
      vertex -27.3906 -16.7202 0
      vertex -27.8303 -16.889 0
    endloop
  endfacet
  facet normal 0 0 -1
    outer loop
      vertex -29.5 -3 0
      vertex -27.8303 -16.889 0
      vertex -28.25 -17.1029 0
    endloop
  endfacet
  facet normal 0 0 -1
    outer loop
      vertex -29.5 -3 0
      vertex -28.25 -17.1029 0
      vertex -28.645 -17.3594 0
    endloop
  endfacet
  facet normal 0 0 -1
    outer loop
      vertex -29.5 -3 0
      vertex -28.645 -17.3594 0
      vertex -29.0111 -17.6558 0
    endloop
  endfacet
  facet normal 0 0 -1
    outer loop
      vertex -29.5 -3 0
      vertex -29.0111 -17.6558 0
      vertex -29.3442 -17.9889 0
    endloop
  endfacet
  facet normal 0 0 -1
    outer loop
      vertex -29.5 -3 0
      vertex -29.3442 -17.9889 0
      vertex -29.5 -18.1814 0
    endloop
  endfacet
  facet normal 0 0 -1
    outer loop
      vertex -26 -16.5 0
      vertex -29.5 -3 0
      vertex -23.5 -3 0
    endloop
  endfacet
  facet normal 0 0 -1
    outer loop
      vertex 1.03956 4.89074 0
      vertex 1.5 12 0
      vertex 1.54508 4.75528 0
    endloop
  endfacet
  facet normal 0 0 -1
    outer loop
      vertex 0.522642 4.97261 0
      vertex 1.5 12 0
      vertex 1.03956 4.89074 0
    endloop
  endfacet
  facet normal 0 0 -1
    outer loop
      vertex 0 5 0
      vertex 1.5 12 0
      vertex 0.522642 4.97261 0
    endloop
  endfacet
  facet normal 0 0 -1
    outer loop
      vertex -0.522642 4.97261 0
      vertex 1.5 12 0
      vertex 0 5 0
    endloop
  endfacet
  facet normal 0 0 -1
    outer loop
      vertex -1.03956 4.89074 0
      vertex 1.5 12 0
      vertex -0.522642 4.97261 0
    endloop
  endfacet
  facet normal 0 0 -1
    outer loop
      vertex -1.54508 4.75528 0
      vertex 1.5 12 0
      vertex -1.03956 4.89074 0
    endloop
  endfacet
  facet normal 0 0 -1
    outer loop
      vertex -2.03368 4.56773 0
      vertex 1.5 12 0
      vertex -1.54508 4.75528 0
    endloop
  endfacet
  facet normal 0 0 -1
    outer loop
      vertex -2.5 4.33013 0
      vertex 1.5 12 0
      vertex -2.03368 4.56773 0
    endloop
  endfacet
  facet normal 0 0 -1
    outer loop
      vertex -16.5 12 0
      vertex -2.5 4.33013 0
      vertex -2.93893 4.04508 0
    endloop
  endfacet
  facet normal 0 0 -1
    outer loop
      vertex -16.5 12 0
      vertex -2.93893 4.04508 0
      vertex -3.34565 3.71572 0
    endloop
  endfacet
  facet normal 0 0 -1
    outer loop
      vertex -16.5 12 0
      vertex -3.34565 3.71572 0
      vertex -3.71572 3.34565 0
    endloop
  endfacet
  facet normal 0 0 -1
    outer loop
      vertex -16.5 12 0
      vertex -3.71572 3.34565 0
      vertex -4.04508 2.93893 0
    endloop
  endfacet
  facet normal 0 0 -1
    outer loop
      vertex -16.5 12 0
      vertex -4.04508 2.93893 0
      vertex -4.33013 2.5 0
    endloop
  endfacet
  facet normal 0 0 -1
    outer loop
      vertex -2.5 4.33013 0
      vertex -16.5 12 0
      vertex 1.5 12 0
    endloop
  endfacet
  facet normal 0 0 -1
    outer loop
      vertex -4.56773 2.03368 0
      vertex -16.5 12 0
      vertex -4.33013 2.5 0
    endloop
  endfacet
  facet normal 0 0 -1
    outer loop
      vertex -4.75528 1.54508 0
      vertex -16.5 12 0
      vertex -4.56773 2.03368 0
    endloop
  endfacet
  facet normal 0 0 -1
    outer loop
      vertex -4.89074 1.03956 0
      vertex -16.5 12 0
      vertex -4.75528 1.54508 0
    endloop
  endfacet
  facet normal 0 0 -1
    outer loop
      vertex -4.97261 0.522642 0
      vertex -16.5 12 0
      vertex -4.89074 1.03956 0
    endloop
  endfacet
  facet normal 0 0 -1
    outer loop
      vertex -16.5 12 0
      vertex -4.97261 0.522642 0
      vertex -5 0 0
    endloop
  endfacet
  facet normal -0 0 -1
    outer loop
      vertex 22.1029 18.75 0
      vertex 1.5 12 0
      vertex 21.889 19.1697 0
    endloop
  endfacet
  facet normal 0 0 -1
    outer loop
      vertex 1.5 12 0
      vertex 2.93893 4.04508 0
      vertex 2.5 4.33013 0
    endloop
  endfacet
  facet normal 0 0 -1
    outer loop
      vertex 1.5 12 0
      vertex 2.5 4.33013 0
      vertex 2.03368 4.56773 0
    endloop
  endfacet
  facet normal 0 0 -1
    outer loop
      vertex 1.5 12 0
      vertex 2.03368 4.56773 0
      vertex 1.54508 4.75528 0
    endloop
  endfacet
  facet normal -0 0 -1
    outer loop
      vertex 21.889 19.1697 0
      vertex 1.5 12 0
      vertex 3 23.5 0
    endloop
  endfacet
  facet normal -0 0 -1
    outer loop
      vertex 3 23.5 0
      vertex 1.5 12 0
      vertex 1.5 23.5 0
    endloop
  endfacet
  facet normal 0 0 -1
    outer loop
      vertex 20 -15 0
      vertex 4.97261 -0.522642 0
      vertex 5 0 0
    endloop
  endfacet
  facet normal 0 0 -1
    outer loop
      vertex 20 -15 0
      vertex 4.89074 -1.03956 0
      vertex 4.97261 -0.522642 0
    endloop
  endfacet
  facet normal 0 0 -1
    outer loop
      vertex 20 -15 0
      vertex 4.75528 -1.54508 0
      vertex 4.89074 -1.03956 0
    endloop
  endfacet
  facet normal 0 0 -1
    outer loop
      vertex 20 -15 0
      vertex 4.56773 -2.03368 0
      vertex 4.75528 -1.54508 0
    endloop
  endfacet
  facet normal 0 0 -1
    outer loop
      vertex 20 -15 0
      vertex 4.33013 -2.5 0
      vertex 4.56773 -2.03368 0
    endloop
  endfacet
  facet normal 0 0 -1
    outer loop
      vertex 20 -15 0
      vertex 4.04508 -2.93893 0
      vertex 4.33013 -2.5 0
    endloop
  endfacet
  facet normal 0 0 -1
    outer loop
      vertex 20 -15 0
      vertex 3.71572 -3.34565 0
      vertex 4.04508 -2.93893 0
    endloop
  endfacet
  facet normal 0 0 -1
    outer loop
      vertex 3 -15 0
      vertex 3.71572 -3.34565 0
      vertex 20 -15 0
    endloop
  endfacet
  facet normal 0 0 -1
    outer loop
      vertex 3.71572 -3.34565 0
      vertex 3 -15 0
      vertex 3.34565 -3.71572 0
    endloop
  endfacet
  facet normal 0 0 -1
    outer loop
      vertex 3.34565 -3.71572 0
      vertex 3 -15 0
      vertex 2.93893 -4.04508 0
    endloop
  endfacet
  facet normal 0 0 -1
    outer loop
      vertex 28.5 -29.5 0
      vertex 29.5 -28.5 0
      vertex 29.4945 -28.6045 0
    endloop
  endfacet
  facet normal 0 0 -1
    outer loop
      vertex 28.5 -29.5 0
      vertex 29.4945 -28.6045 0
      vertex 29.4781 -28.7079 0
    endloop
  endfacet
  facet normal 0 0 -1
    outer loop
      vertex 28.5 -29.5 0
      vertex 29.4781 -28.7079 0
      vertex 29.4511 -28.809 0
    endloop
  endfacet
  facet normal 0 0 -1
    outer loop
      vertex 28.5 -29.5 0
      vertex 29.4511 -28.809 0
      vertex 29.4135 -28.9067 0
    endloop
  endfacet
  facet normal 0 0 -1
    outer loop
      vertex 28.5 -29.5 0
      vertex 29.4135 -28.9067 0
      vertex 29.366 -29 0
    endloop
  endfacet
  facet normal 0 0 -1
    outer loop
      vertex 29.5 -28.5 0
      vertex 29.3442 -24.0111 0
      vertex 29.5 -23.8186 0
    endloop
  endfacet
  facet normal 0 0 -1
    outer loop
      vertex 28.5 -29.5 0
      vertex 29.366 -29 0
      vertex 29.309 -29.0878 0
    endloop
  endfacet
  facet normal 0 0 -1
    outer loop
      vertex 28.5 -29.5 0
      vertex 29.309 -29.0878 0
      vertex 29.2431 -29.1691 0
    endloop
  endfacet
  facet normal 0 0 -1
    outer loop
      vertex 28.5 -29.5 0
      vertex 29.2431 -29.1691 0
      vertex 29.1691 -29.2431 0
    endloop
  endfacet
  facet normal 0 0 -1
    outer loop
      vertex 28.5 -29.5 0
      vertex 29.1691 -29.2431 0
      vertex 29.0878 -29.309 0
    endloop
  endfacet
  facet normal 0 0 -1
    outer loop
      vertex 29.5 -28.5 0
      vertex 29.0111 -24.3442 0
      vertex 29.3442 -24.0111 0
    endloop
  endfacet
  facet normal 0 0 -1
    outer loop
      vertex 28.5 -29.5 0
      vertex 29.0878 -29.309 0
      vertex 29 -29.366 0
    endloop
  endfacet
  facet normal 0 0 -1
    outer loop
      vertex 28.5 -29.5 0
      vertex 29 -29.366 0
      vertex 28.9067 -29.4135 0
    endloop
  endfacet
  facet normal 0 0 -1
    outer loop
      vertex 28.5 -29.5 0
      vertex 28.9067 -29.4135 0
      vertex 28.809 -29.4511 0
    endloop
  endfacet
  facet normal 0 0 -1
    outer loop
      vertex 28.5 -29.5 0
      vertex 28.809 -29.4511 0
      vertex 28.7079 -29.4781 0
    endloop
  endfacet
  facet normal 0 0 -1
    outer loop
      vertex 29.5 -28.5 0
      vertex 28.645 -24.6406 0
      vertex 29.0111 -24.3442 0
    endloop
  endfacet
  facet normal 0 0 -1
    outer loop
      vertex 28.5 -29.5 0
      vertex 28.7079 -29.4781 0
      vertex 28.6045 -29.4945 0
    endloop
  endfacet
  facet normal -0 0 -1
    outer loop
      vertex 29.5 -28.5 0
      vertex 28.5 -29.5 0
      vertex 26.9356 -25.4017 0
    endloop
  endfacet
  facet normal 0 0 -1
    outer loop
      vertex 29.5 -28.5 0
      vertex 28.25 -24.8971 0
      vertex 28.645 -24.6406 0
    endloop
  endfacet
  facet normal 0 0 -1
    outer loop
      vertex 29.5 -28.5 0
      vertex 27.8303 -25.111 0
      vertex 28.25 -24.8971 0
    endloop
  endfacet
  facet normal 0 0 -1
    outer loop
      vertex 29.5 -28.5 0
      vertex 27.3906 -25.2798 0
      vertex 27.8303 -25.111 0
    endloop
  endfacet
  facet normal 0 0 -1
    outer loop
      vertex 29.5 -28.5 0
      vertex 26.9356 -25.4017 0
      vertex 27.3906 -25.2798 0
    endloop
  endfacet
  facet normal 0 0 -1
    outer loop
      vertex 28.5 -29.5 0
      vertex 26.4704 -25.4753 0
      vertex 26.9356 -25.4017 0
    endloop
  endfacet
  facet normal 0 0 -1
    outer loop
      vertex 28.5 -29.5 0
      vertex 26 -25.5 0
      vertex 26.4704 -25.4753 0
    endloop
  endfacet
  facet normal 0 0 -1
    outer loop
      vertex 28.5 -29.5 0
      vertex 25.5296 -25.4753 0
      vertex 26 -25.5 0
    endloop
  endfacet
  facet normal 0 0 -1
    outer loop
      vertex 28.5 -29.5 0
      vertex 25.0644 -25.4017 0
      vertex 25.5296 -25.4753 0
    endloop
  endfacet
  facet normal 0 0 -1
    outer loop
      vertex 28.5 -29.5 0
      vertex 24.6094 -25.2798 0
      vertex 25.0644 -25.4017 0
    endloop
  endfacet
  facet normal 0 0 -1
    outer loop
      vertex 28.5 -29.5 0
      vertex 24.1697 -25.111 0
      vertex 24.6094 -25.2798 0
    endloop
  endfacet
  facet normal 0 0 -1
    outer loop
      vertex 28.5 -29.5 0
      vertex 23.75 -24.8971 0
      vertex 24.1697 -25.111 0
    endloop
  endfacet
  facet normal 0 0 -1
    outer loop
      vertex 28.5 -29.5 0
      vertex 23.355 -24.6406 0
      vertex 23.75 -24.8971 0
    endloop
  endfacet
  facet normal 0 0 -1
    outer loop
      vertex 20 -23 0
      vertex 23.355 -24.6406 0
      vertex 28.5 -29.5 0
    endloop
  endfacet
  facet normal -0 0 -1
    outer loop
      vertex 23.5 3 0
      vertex 4.04508 2.93893 0
      vertex 22.6558 17.9889 0
    endloop
  endfacet
  facet normal -0 0 -1
    outer loop
      vertex 21.5247 -21.4704 0
      vertex 20 -23 0
      vertex 21.5 -21 0
    endloop
  endfacet
  facet normal -0 0 -1
    outer loop
      vertex 21.5983 -21.9356 0
      vertex 20 -23 0
      vertex 21.5247 -21.4704 0
    endloop
  endfacet
  facet normal -0 0 -1
    outer loop
      vertex 21.7202 -22.3906 0
      vertex 20 -23 0
      vertex 21.5983 -21.9356 0
    endloop
  endfacet
  facet normal -0 0 -1
    outer loop
      vertex 21.889 -22.8303 0
      vertex 20 -23 0
      vertex 21.7202 -22.3906 0
    endloop
  endfacet
  facet normal 0 0 -1
    outer loop
      vertex 22.1029 -23.25 0
      vertex 20 -23 0
      vertex 21.889 -22.8303 0
    endloop
  endfacet
  facet normal 0 0 -1
    outer loop
      vertex 22.3594 -23.645 0
      vertex 20 -23 0
      vertex 22.1029 -23.25 0
    endloop
  endfacet
  facet normal 0 0 -1
    outer loop
      vertex 22.6558 -24.0111 0
      vertex 20 -23 0
      vertex 22.3594 -23.645 0
    endloop
  endfacet
  facet normal 0 0 -1
    outer loop
      vertex 22.9889 -24.3442 0
      vertex 20 -23 0
      vertex 22.6558 -24.0111 0
    endloop
  endfacet
  facet normal 0 0 -1
    outer loop
      vertex 23.355 -24.6406 0
      vertex 20 -23 0
      vertex 22.9889 -24.3442 0
    endloop
  endfacet
  facet normal 0 0 -1
    outer loop
      vertex 28.5 -29.5 0
      vertex 3 -23 0
      vertex 20 -23 0
    endloop
  endfacet
  facet normal 0 0 -1
    outer loop
      vertex -21.5247 -20.5296 0
      vertex 3 -23 0
      vertex -21.5 -21 0
    endloop
  endfacet
  facet normal 0 0 -1
    outer loop
      vertex 3 -15 0
      vertex 2.5 -4.33013 0
      vertex 2.93893 -4.04508 0
    endloop
  endfacet
  facet normal 0 0 -1
    outer loop
      vertex 3 -15 0
      vertex 2.03368 -4.56773 0
      vertex 2.5 -4.33013 0
    endloop
  endfacet
  facet normal 0 0 -1
    outer loop
      vertex 3 -15 0
      vertex 1.54508 -4.75528 0
      vertex 2.03368 -4.56773 0
    endloop
  endfacet
  facet normal 0 0 -1
    outer loop
      vertex 3 -15 0
      vertex 1.03956 -4.89074 0
      vertex 1.54508 -4.75528 0
    endloop
  endfacet
  facet normal 0 0 -1
    outer loop
      vertex 3 -15 0
      vertex 0.522642 -4.97261 0
      vertex 1.03956 -4.89074 0
    endloop
  endfacet
  facet normal 0 0 -1
    outer loop
      vertex 3 -15 0
      vertex 0 -5 0
      vertex 0.522642 -4.97261 0
    endloop
  endfacet
  facet normal 0 0 -1
    outer loop
      vertex 3 -15 0
      vertex -0.522642 -4.97261 0
      vertex 0 -5 0
    endloop
  endfacet
  facet normal 0 0 -1
    outer loop
      vertex 3 -15 0
      vertex -1.03956 -4.89074 0
      vertex -0.522642 -4.97261 0
    endloop
  endfacet
  facet normal 0 0 -1
    outer loop
      vertex 3 -15 0
      vertex -1.54508 -4.75528 0
      vertex -1.03956 -4.89074 0
    endloop
  endfacet
  facet normal 0 0 -1
    outer loop
      vertex 3 -15 0
      vertex -2.03368 -4.56773 0
      vertex -1.54508 -4.75528 0
    endloop
  endfacet
  facet normal 0 0 -1
    outer loop
      vertex 3 -15 0
      vertex -2.5 -4.33013 0
      vertex -2.03368 -4.56773 0
    endloop
  endfacet
  facet normal 0 0 -1
    outer loop
      vertex 3 -23 0
      vertex -21.5247 -20.5296 0
      vertex 3 -15 0
    endloop
  endfacet
  facet normal 0 0 -1
    outer loop
      vertex 3 -15 0
      vertex -2.93893 -4.04508 0
      vertex -2.5 -4.33013 0
    endloop
  endfacet
  facet normal 0 0 -1
    outer loop
      vertex -21.5983 -20.0644 0
      vertex 3 -15 0
      vertex -21.5247 -20.5296 0
    endloop
  endfacet
  facet normal 0 0 -1
    outer loop
      vertex -21.7202 -19.6094 0
      vertex 3 -15 0
      vertex -21.5983 -20.0644 0
    endloop
  endfacet
  facet normal -0 0 -1
    outer loop
      vertex 3 -15 0
      vertex -21.7202 -19.6094 0
      vertex -2.93893 -4.04508 0
    endloop
  endfacet
  facet normal 0 0 -1
    outer loop
      vertex -21.889 -19.1697 0
      vertex -2.93893 -4.04508 0
      vertex -21.7202 -19.6094 0
    endloop
  endfacet
  facet normal -0 0 -1
    outer loop
      vertex -2.93893 -4.04508 0
      vertex -21.889 -19.1697 0
      vertex -3.34565 -3.71572 0
    endloop
  endfacet
  facet normal 0 0 -1
    outer loop
      vertex -4.97261 -0.522642 0
      vertex -16.5 12 0
      vertex -5 0 0
    endloop
  endfacet
  facet normal 0 0 -1
    outer loop
      vertex -4.89074 -1.03956 0
      vertex -16.5 12 0
      vertex -4.97261 -0.522642 0
    endloop
  endfacet
  facet normal -0 0 -1
    outer loop
      vertex -3.34565 -3.71572 0
      vertex -22.1029 -18.75 0
      vertex -3.71572 -3.34565 0
    endloop
  endfacet
  facet normal 0 0 -1
    outer loop
      vertex -22.1029 -18.75 0
      vertex -3.34565 -3.71572 0
      vertex -21.889 -19.1697 0
    endloop
  endfacet
  facet normal -0 0 -1
    outer loop
      vertex -3.71572 -3.34565 0
      vertex -22.3594 -18.355 0
      vertex -4.04508 -2.93893 0
    endloop
  endfacet
  facet normal 0 0 -1
    outer loop
      vertex -22.3594 -18.355 0
      vertex -3.71572 -3.34565 0
      vertex -22.1029 -18.75 0
    endloop
  endfacet
  facet normal 0 0 -1
    outer loop
      vertex -28.5 -29.5 0
      vertex 3 -23 0
      vertex 28.5 -29.5 0
    endloop
  endfacet
  facet normal 0 0 -1
    outer loop
      vertex 3 -23 0
      vertex -21.5247 -21.4704 0
      vertex -21.5 -21 0
    endloop
  endfacet
  facet normal 0 0 -1
    outer loop
      vertex 3 -23 0
      vertex -21.5983 -21.9356 0
      vertex -21.5247 -21.4704 0
    endloop
  endfacet
  facet normal 0 0 -1
    outer loop
      vertex 3 -23 0
      vertex -21.7202 -22.3906 0
      vertex -21.5983 -21.9356 0
    endloop
  endfacet
  facet normal 0 0 -1
    outer loop
      vertex 3 -23 0
      vertex -21.889 -22.8303 0
      vertex -21.7202 -22.3906 0
    endloop
  endfacet
  facet normal -0 0 -1
    outer loop
      vertex 3 -23 0
      vertex -22.1029 -23.25 0
      vertex -21.889 -22.8303 0
    endloop
  endfacet
  facet normal 0 0 -1
    outer loop
      vertex 3 -23 0
      vertex -22.3594 -23.645 0
      vertex -22.1029 -23.25 0
    endloop
  endfacet
  facet normal 0 0 -1
    outer loop
      vertex 3 -23 0
      vertex -22.6558 -24.0111 0
      vertex -22.3594 -23.645 0
    endloop
  endfacet
  facet normal 0 0 -1
    outer loop
      vertex 3 -23 0
      vertex -22.9889 -24.3442 0
      vertex -22.6558 -24.0111 0
    endloop
  endfacet
  facet normal 0 0 -1
    outer loop
      vertex 3 -23 0
      vertex -23.355 -24.6406 0
      vertex -22.9889 -24.3442 0
    endloop
  endfacet
  facet normal 0 0 -1
    outer loop
      vertex 3 -23 0
      vertex -28.5 -29.5 0
      vertex -23.355 -24.6406 0
    endloop
  endfacet
  facet normal 0 0 -1
    outer loop
      vertex -23.355 -24.6406 0
      vertex -28.5 -29.5 0
      vertex -23.75 -24.8971 0
    endloop
  endfacet
  facet normal 0 0 -1
    outer loop
      vertex -23.75 -24.8971 0
      vertex -28.5 -29.5 0
      vertex -24.1697 -25.111 0
    endloop
  endfacet
  facet normal 0 0 -1
    outer loop
      vertex -24.1697 -25.111 0
      vertex -28.5 -29.5 0
      vertex -24.6094 -25.2798 0
    endloop
  endfacet
  facet normal 0 0 -1
    outer loop
      vertex -24.6094 -25.2798 0
      vertex -28.5 -29.5 0
      vertex -25.0644 -25.4017 0
    endloop
  endfacet
  facet normal 0 0 -1
    outer loop
      vertex -25.0644 -25.4017 0
      vertex -28.5 -29.5 0
      vertex -25.5296 -25.4753 0
    endloop
  endfacet
  facet normal 0 0 -1
    outer loop
      vertex -25.5296 -25.4753 0
      vertex -28.5 -29.5 0
      vertex -26 -25.5 0
    endloop
  endfacet
  facet normal -0 0 -1
    outer loop
      vertex -26 -25.5 0
      vertex -28.5 -29.5 0
      vertex -26.4704 -25.4753 0
    endloop
  endfacet
  facet normal 0 0 -1
    outer loop
      vertex -28.5 -29.5 0
      vertex -26.9356 -25.4017 0
      vertex -26.4704 -25.4753 0
    endloop
  endfacet
  facet normal 0 0 -1
    outer loop
      vertex -29.5 -28.5 0
      vertex -26.9356 -25.4017 0
      vertex -28.5 -29.5 0
    endloop
  endfacet
  facet normal -0 0 -1
    outer loop
      vertex -26.9356 -25.4017 0
      vertex -29.5 -28.5 0
      vertex -27.3906 -25.2798 0
    endloop
  endfacet
  facet normal -0 0 -1
    outer loop
      vertex -27.3906 -25.2798 0
      vertex -29.5 -28.5 0
      vertex -27.8303 -25.111 0
    endloop
  endfacet
  facet normal 0 0 -1
    outer loop
      vertex -29.5 -28.5 0
      vertex -28.5 -29.5 0
      vertex -28.6045 -29.4945 0
    endloop
  endfacet
  facet normal -0 0 -1
    outer loop
      vertex -27.8303 -25.111 0
      vertex -29.5 -28.5 0
      vertex -28.25 -24.8971 0
    endloop
  endfacet
  facet normal 0 0 -1
    outer loop
      vertex -29.5 -28.5 0
      vertex -28.6045 -29.4945 0
      vertex -28.7079 -29.4781 0
    endloop
  endfacet
  facet normal 0 0 -1
    outer loop
      vertex -29.5 -28.5 0
      vertex -28.7079 -29.4781 0
      vertex -28.809 -29.4511 0
    endloop
  endfacet
  facet normal 0 0 -1
    outer loop
      vertex -29.5 -28.5 0
      vertex -28.809 -29.4511 0
      vertex -28.9067 -29.4135 0
    endloop
  endfacet
  facet normal 0 0 -1
    outer loop
      vertex -29.5 -28.5 0
      vertex -28.9067 -29.4135 0
      vertex -29 -29.366 0
    endloop
  endfacet
  facet normal -0 0 -1
    outer loop
      vertex -28.25 -24.8971 0
      vertex -29.5 -28.5 0
      vertex -28.645 -24.6406 0
    endloop
  endfacet
  facet normal 0 0 -1
    outer loop
      vertex -29.5 -28.5 0
      vertex -29 -29.366 0
      vertex -29.0878 -29.309 0
    endloop
  endfacet
  facet normal 0 0 -1
    outer loop
      vertex -29.5 -28.5 0
      vertex -29.0878 -29.309 0
      vertex -29.1691 -29.2431 0
    endloop
  endfacet
  facet normal 0 0 -1
    outer loop
      vertex -29.5 -28.5 0
      vertex -29.1691 -29.2431 0
      vertex -29.2431 -29.1691 0
    endloop
  endfacet
  facet normal 0 0 -1
    outer loop
      vertex -29.5 -28.5 0
      vertex -29.2431 -29.1691 0
      vertex -29.309 -29.0878 0
    endloop
  endfacet
  facet normal -0 0 -1
    outer loop
      vertex -28.645 -24.6406 0
      vertex -29.5 -28.5 0
      vertex -29.0111 -24.3442 0
    endloop
  endfacet
  facet normal 0 0 -1
    outer loop
      vertex -29.5 -28.5 0
      vertex -29.309 -29.0878 0
      vertex -29.366 -29 0
    endloop
  endfacet
  facet normal 0 0 -1
    outer loop
      vertex -29.5 -28.5 0
      vertex -29.366 -29 0
      vertex -29.4135 -28.9067 0
    endloop
  endfacet
  facet normal 0 0 -1
    outer loop
      vertex -29.5 -28.5 0
      vertex -29.4135 -28.9067 0
      vertex -29.4511 -28.809 0
    endloop
  endfacet
  facet normal 0 0 -1
    outer loop
      vertex -29.5 -28.5 0
      vertex -29.4511 -28.809 0
      vertex -29.4781 -28.7079 0
    endloop
  endfacet
  facet normal 0 0 -1
    outer loop
      vertex -29.5 -28.5 0
      vertex -29.4781 -28.7079 0
      vertex -29.4945 -28.6045 0
    endloop
  endfacet
  facet normal -0 0 -1
    outer loop
      vertex -29.0111 -24.3442 0
      vertex -29.5 -28.5 0
      vertex -29.3442 -24.0111 0
    endloop
  endfacet
  facet normal -0 0 -1
    outer loop
      vertex -29.3442 -24.0111 0
      vertex -29.5 -28.5 0
      vertex -29.5 -23.8186 0
    endloop
  endfacet
  facet normal 0 0 -1
    outer loop
      vertex 29.3442 -17.9889 0
      vertex 29.5 -3 0
      vertex 29.5 -18.1814 0
    endloop
  endfacet
  facet normal 0 0 -1
    outer loop
      vertex 29.0111 -17.6558 0
      vertex 29.5 -3 0
      vertex 29.3442 -17.9889 0
    endloop
  endfacet
  facet normal 0 0 -1
    outer loop
      vertex 28.645 -17.3594 0
      vertex 29.5 -3 0
      vertex 29.0111 -17.6558 0
    endloop
  endfacet
  facet normal 0 0 -1
    outer loop
      vertex 28.25 -17.1029 0
      vertex 29.5 -3 0
      vertex 28.645 -17.3594 0
    endloop
  endfacet
  facet normal 0 0 -1
    outer loop
      vertex 27.8303 -16.889 0
      vertex 29.5 -3 0
      vertex 28.25 -17.1029 0
    endloop
  endfacet
  facet normal 0 0 -1
    outer loop
      vertex 27.3906 -16.7202 0
      vertex 29.5 -3 0
      vertex 27.8303 -16.889 0
    endloop
  endfacet
  facet normal 0 0 -1
    outer loop
      vertex 26.9356 -16.5983 0
      vertex 29.5 -3 0
      vertex 27.3906 -16.7202 0
    endloop
  endfacet
  facet normal 0 0 -1
    outer loop
      vertex 26.4704 -16.5247 0
      vertex 29.5 -3 0
      vertex 26.9356 -16.5983 0
    endloop
  endfacet
  facet normal 0 0 -1
    outer loop
      vertex 26 -16.5 0
      vertex 29.5 -3 0
      vertex 26.4704 -16.5247 0
    endloop
  endfacet
  facet normal 0 0 -1
    outer loop
      vertex 23.5 -3 0
      vertex 26 -16.5 0
      vertex 25.5296 -16.5247 0
    endloop
  endfacet
  facet normal 0 0 -1
    outer loop
      vertex 20 -15 0
      vertex 25.5296 -16.5247 0
      vertex 25.0644 -16.5983 0
    endloop
  endfacet
  facet normal 0 0 -1
    outer loop
      vertex 20 -15 0
      vertex 25.0644 -16.5983 0
      vertex 24.6094 -16.7202 0
    endloop
  endfacet
  facet normal 0 0 -1
    outer loop
      vertex 20 -15 0
      vertex 24.6094 -16.7202 0
      vertex 24.1697 -16.889 0
    endloop
  endfacet
  facet normal 0 0 -1
    outer loop
      vertex 20 -15 0
      vertex 24.1697 -16.889 0
      vertex 23.75 -17.1029 0
    endloop
  endfacet
  facet normal 0 0 -1
    outer loop
      vertex 26 -16.5 0
      vertex 23.5 -3 0
      vertex 29.5 -3 0
    endloop
  endfacet
  facet normal 0 0 -1
    outer loop
      vertex 20 -15 0
      vertex 23.355 -17.3594 0
      vertex 22.9889 -17.6558 0
    endloop
  endfacet
  facet normal 0 0 -1
    outer loop
      vertex 20 -15 0
      vertex 23.75 -17.1029 0
      vertex 23.355 -17.3594 0
    endloop
  endfacet
  facet normal 0 0 -1
    outer loop
      vertex 29.5 3 0
      vertex 29.3442 17.9889 0
      vertex 29.5 18.1814 0
    endloop
  endfacet
  facet normal 0 0 -1
    outer loop
      vertex 29.5 3 0
      vertex 29.0111 17.6558 0
      vertex 29.3442 17.9889 0
    endloop
  endfacet
  facet normal 0 0 -1
    outer loop
      vertex 29.5 3 0
      vertex 28.645 17.3594 0
      vertex 29.0111 17.6558 0
    endloop
  endfacet
  facet normal 0 0 -1
    outer loop
      vertex 29.5 3 0
      vertex 28.25 17.1029 0
      vertex 28.645 17.3594 0
    endloop
  endfacet
  facet normal 0 0 -1
    outer loop
      vertex 29.5 3 0
      vertex 27.8303 16.889 0
      vertex 28.25 17.1029 0
    endloop
  endfacet
  facet normal 0 0 -1
    outer loop
      vertex 29.5 3 0
      vertex 27.3906 16.7202 0
      vertex 27.8303 16.889 0
    endloop
  endfacet
  facet normal 0 0 -1
    outer loop
      vertex 29.5 3 0
      vertex 26.9356 16.5983 0
      vertex 27.3906 16.7202 0
    endloop
  endfacet
  facet normal 0 0 -1
    outer loop
      vertex 29.5 3 0
      vertex 26.4704 16.5247 0
      vertex 26.9356 16.5983 0
    endloop
  endfacet
  facet normal 0 0 -1
    outer loop
      vertex 29.5 3 0
      vertex 26 16.5 0
      vertex 26.4704 16.5247 0
    endloop
  endfacet
  facet normal 0 0 -1
    outer loop
      vertex 23.5 3 0
      vertex 26 16.5 0
      vertex 29.5 3 0
    endloop
  endfacet
  facet normal -0 0 -1
    outer loop
      vertex 26 16.5 0
      vertex 23.5 3 0
      vertex 25.5296 16.5247 0
    endloop
  endfacet
  facet normal -0 0 -1
    outer loop
      vertex 25.5296 16.5247 0
      vertex 23.5 3 0
      vertex 25.0644 16.5983 0
    endloop
  endfacet
  facet normal -0 0 -1
    outer loop
      vertex 25.0644 16.5983 0
      vertex 23.5 3 0
      vertex 24.6094 16.7202 0
    endloop
  endfacet
  facet normal -0 0 -1
    outer loop
      vertex 24.6094 16.7202 0
      vertex 23.5 3 0
      vertex 24.1697 16.889 0
    endloop
  endfacet
  facet normal -0 0 -1
    outer loop
      vertex 24.1697 16.889 0
      vertex 23.5 3 0
      vertex 23.75 17.1029 0
    endloop
  endfacet
  facet normal 0 0 -1
    outer loop
      vertex 23.5 3 0
      vertex 23.355 17.3594 0
      vertex 23.75 17.1029 0
    endloop
  endfacet
  facet normal 0 0 -1
    outer loop
      vertex 20 -15 0
      vertex 22.9889 -17.6558 0
      vertex 22.6558 -17.9889 0
    endloop
  endfacet
  facet normal 0 0 -1
    outer loop
      vertex 20 -15 0
      vertex 22.6558 -17.9889 0
      vertex 22.3594 -18.355 0
    endloop
  endfacet
  facet normal 0 0 -1
    outer loop
      vertex 23.5 3 0
      vertex 22.9889 17.6558 0
      vertex 23.355 17.3594 0
    endloop
  endfacet
  facet normal 0 0 -1
    outer loop
      vertex 20 -15 0
      vertex 22.3594 -18.355 0
      vertex 22.1029 -18.75 0
    endloop
  endfacet
  facet normal 0 0 -1
    outer loop
      vertex 23.5 3 0
      vertex 22.6558 17.9889 0
      vertex 22.9889 17.6558 0
    endloop
  endfacet
  facet normal 0 0 -1
    outer loop
      vertex 20 -15 0
      vertex 22.1029 -18.75 0
      vertex 21.889 -19.1697 0
    endloop
  endfacet
  facet normal 0 0 -1
    outer loop
      vertex 4.89074 1.03956 0
      vertex 23.5 3 0
      vertex 4.97261 0.522642 0
    endloop
  endfacet
  facet normal 0 0 -1
    outer loop
      vertex 21.5983 -20.0644 0
      vertex 20 -15 0
      vertex 21.7202 -19.6094 0
    endloop
  endfacet
  facet normal 0 0 -1
    outer loop
      vertex 4.75528 1.54508 0
      vertex 23.5 3 0
      vertex 4.89074 1.03956 0
    endloop
  endfacet
  facet normal 0 0 -1
    outer loop
      vertex 20 -15 0
      vertex 21.5983 -20.0644 0
      vertex 20 -23 0
    endloop
  endfacet
  facet normal 0 0 -1
    outer loop
      vertex 4.56773 2.03368 0
      vertex 23.5 3 0
      vertex 4.75528 1.54508 0
    endloop
  endfacet
  facet normal 0 0 -1
    outer loop
      vertex 21.7202 -19.6094 0
      vertex 20 -15 0
      vertex 21.889 -19.1697 0
    endloop
  endfacet
  facet normal 0 0 -1
    outer loop
      vertex 4.33013 2.5 0
      vertex 23.5 3 0
      vertex 4.56773 2.03368 0
    endloop
  endfacet
  facet normal 0 0 -1
    outer loop
      vertex 25.5296 -16.5247 0
      vertex 20 -15 0
      vertex 23.5 -3 0
    endloop
  endfacet
  facet normal 0 0 -1
    outer loop
      vertex 4.04508 2.93893 0
      vertex 23.5 3 0
      vertex 4.33013 2.5 0
    endloop
  endfacet
  facet normal 0 0 -1
    outer loop
      vertex 20 -23 0
      vertex 21.5983 -20.0644 0
      vertex 21.5247 -20.5296 0
    endloop
  endfacet
  facet normal 0 0 -1
    outer loop
      vertex 4.97261 0.522642 0
      vertex 23.5 -3 0
      vertex 20 -15 0
    endloop
  endfacet
  facet normal 0 0 -1
    outer loop
      vertex 20 -23 0
      vertex 21.5247 -20.5296 0
      vertex 21.5 -21 0
    endloop
  endfacet
  facet normal 0 0 -1
    outer loop
      vertex 23.5 -3 0
      vertex 4.97261 0.522642 0
      vertex 23.5 3 0
    endloop
  endfacet
  facet normal 0 0 -1
    outer loop
      vertex 29.3442 24.0111 0
      vertex 29.5 28.5 0
      vertex 29.5 23.8186 0
    endloop
  endfacet
  facet normal 0 0 -1
    outer loop
      vertex 29.0111 24.3442 0
      vertex 29.5 28.5 0
      vertex 29.3442 24.0111 0
    endloop
  endfacet
  facet normal 0 0 -1
    outer loop
      vertex 28.645 24.6406 0
      vertex 29.5 28.5 0
      vertex 29.0111 24.3442 0
    endloop
  endfacet
  facet normal 0 0 -1
    outer loop
      vertex 28.25 24.8971 0
      vertex 29.5 28.5 0
      vertex 28.645 24.6406 0
    endloop
  endfacet
  facet normal 0 0 -1
    outer loop
      vertex 27.8303 25.111 0
      vertex 29.5 28.5 0
      vertex 28.25 24.8971 0
    endloop
  endfacet
  facet normal 0 0 -1
    outer loop
      vertex 27.3906 25.2798 0
      vertex 29.5 28.5 0
      vertex 27.8303 25.111 0
    endloop
  endfacet
  facet normal 0 0 -1
    outer loop
      vertex 26.9356 25.4017 0
      vertex 29.5 28.5 0
      vertex 27.3906 25.2798 0
    endloop
  endfacet
  facet normal 0 -0 -1
    outer loop
      vertex 28.5 29.5 0
      vertex 29.5 28.5 0
      vertex 26.9356 25.4017 0
    endloop
  endfacet
  facet normal 0 0 -1
    outer loop
      vertex 29.5 28.5 0
      vertex 28.5 29.5 0
      vertex 29.4945 28.6045 0
    endloop
  endfacet
  facet normal 0 0 -1
    outer loop
      vertex 29.4781 28.7079 0
      vertex 28.5 29.5 0
      vertex 29.4511 28.809 0
    endloop
  endfacet
  facet normal 0 0 -1
    outer loop
      vertex 29.4511 28.809 0
      vertex 28.5 29.5 0
      vertex 29.4135 28.9067 0
    endloop
  endfacet
  facet normal 0 0 -1
    outer loop
      vertex 29.4135 28.9067 0
      vertex 28.5 29.5 0
      vertex 29.366 29 0
    endloop
  endfacet
  facet normal 0 0 -1
    outer loop
      vertex 29.366 29 0
      vertex 28.5 29.5 0
      vertex 29.309 29.0878 0
    endloop
  endfacet
  facet normal 0 0 -1
    outer loop
      vertex 29.309 29.0878 0
      vertex 28.5 29.5 0
      vertex 29.2431 29.1691 0
    endloop
  endfacet
  facet normal 0 0 -1
    outer loop
      vertex 29.2431 29.1691 0
      vertex 28.5 29.5 0
      vertex 29.1691 29.2431 0
    endloop
  endfacet
  facet normal 0 0 -1
    outer loop
      vertex 29.1691 29.2431 0
      vertex 28.5 29.5 0
      vertex 29.0878 29.309 0
    endloop
  endfacet
  facet normal 0 0 -1
    outer loop
      vertex 29.0878 29.309 0
      vertex 28.5 29.5 0
      vertex 29 29.366 0
    endloop
  endfacet
  facet normal 0 0 -1
    outer loop
      vertex 29 29.366 0
      vertex 28.5 29.5 0
      vertex 28.9067 29.4135 0
    endloop
  endfacet
  facet normal 0 0 -1
    outer loop
      vertex 28.9067 29.4135 0
      vertex 28.5 29.5 0
      vertex 28.809 29.4511 0
    endloop
  endfacet
  facet normal 0 0 -1
    outer loop
      vertex 28.7079 29.4781 0
      vertex 28.5 29.5 0
      vertex 28.6045 29.4945 0
    endloop
  endfacet
  facet normal 0 0 -1
    outer loop
      vertex 28.809 29.4511 0
      vertex 28.5 29.5 0
      vertex 28.7079 29.4781 0
    endloop
  endfacet
  facet normal 0 0 -1
    outer loop
      vertex 29.4945 28.6045 0
      vertex 28.5 29.5 0
      vertex 29.4781 28.7079 0
    endloop
  endfacet
  facet normal 0 0 -1
    outer loop
      vertex 26.4704 25.4753 0
      vertex 28.5 29.5 0
      vertex 26.9356 25.4017 0
    endloop
  endfacet
  facet normal 0 0 -1
    outer loop
      vertex 26 25.5 0
      vertex 28.5 29.5 0
      vertex 26.4704 25.4753 0
    endloop
  endfacet
  facet normal 0 0 -1
    outer loop
      vertex 25.5296 25.4753 0
      vertex 28.5 29.5 0
      vertex 26 25.5 0
    endloop
  endfacet
  facet normal 0 0 -1
    outer loop
      vertex 25.0644 25.4017 0
      vertex 28.5 29.5 0
      vertex 25.5296 25.4753 0
    endloop
  endfacet
  facet normal 0 0 -1
    outer loop
      vertex 24.6094 25.2798 0
      vertex 28.5 29.5 0
      vertex 25.0644 25.4017 0
    endloop
  endfacet
  facet normal 0 0 -1
    outer loop
      vertex 24.1697 25.111 0
      vertex 28.5 29.5 0
      vertex 24.6094 25.2798 0
    endloop
  endfacet
  facet normal 0 0 -1
    outer loop
      vertex 23.75 24.8971 0
      vertex 28.5 29.5 0
      vertex 24.1697 25.111 0
    endloop
  endfacet
  facet normal 0 0 -1
    outer loop
      vertex 3 29.5 0
      vertex 23.75 24.8971 0
      vertex 23.355 24.6406 0
    endloop
  endfacet
  facet normal 0 0 -1
    outer loop
      vertex 3 29.5 0
      vertex 23.355 24.6406 0
      vertex 22.9889 24.3442 0
    endloop
  endfacet
  facet normal 0 0 -1
    outer loop
      vertex 1.5 12 0
      vertex 22.6558 17.9889 0
      vertex 4.04508 2.93893 0
    endloop
  endfacet
  facet normal 0 0 -1
    outer loop
      vertex 4.97261 0.522642 0
      vertex 20 -15 0
      vertex 5 0 0
    endloop
  endfacet
  facet normal 0 0 -1
    outer loop
      vertex 1.5 12 0
      vertex 4.04508 2.93893 0
      vertex 3.71572 3.34565 0
    endloop
  endfacet
  facet normal -0 0 -1
    outer loop
      vertex 22.6558 17.9889 0
      vertex 1.5 12 0
      vertex 22.3594 18.355 0
    endloop
  endfacet
  facet normal 0 0 -1
    outer loop
      vertex 1.5 12 0
      vertex 3.71572 3.34565 0
      vertex 3.34565 3.71572 0
    endloop
  endfacet
  facet normal -0 0 -1
    outer loop
      vertex 22.3594 18.355 0
      vertex 1.5 12 0
      vertex 22.1029 18.75 0
    endloop
  endfacet
  facet normal 0 0 -1
    outer loop
      vertex 1.5 12 0
      vertex 3.34565 3.71572 0
      vertex 2.93893 4.04508 0
    endloop
  endfacet
  facet normal 0 0 -1
    outer loop
      vertex 21.889 19.1697 0
      vertex 3 23.5 0
      vertex 21.7202 19.6094 0
    endloop
  endfacet
  facet normal 0 0 -1
    outer loop
      vertex 21.7202 19.6094 0
      vertex 3 23.5 0
      vertex 21.5983 20.0644 0
    endloop
  endfacet
  facet normal 0 0 -1
    outer loop
      vertex 21.5983 20.0644 0
      vertex 3 23.5 0
      vertex 21.5247 20.5296 0
    endloop
  endfacet
  facet normal 0 0 -1
    outer loop
      vertex 21.5247 20.5296 0
      vertex 3 23.5 0
      vertex 21.5 21 0
    endloop
  endfacet
  facet normal 0 0 -1
    outer loop
      vertex 21.5 21 0
      vertex 3 23.5 0
      vertex 21.5247 21.4704 0
    endloop
  endfacet
  facet normal 0 0 -1
    outer loop
      vertex 21.5247 21.4704 0
      vertex 3 23.5 0
      vertex 21.5983 21.9356 0
    endloop
  endfacet
  facet normal 0 0 -1
    outer loop
      vertex 21.5983 21.9356 0
      vertex 3 23.5 0
      vertex 21.7202 22.3906 0
    endloop
  endfacet
  facet normal 0 0 -1
    outer loop
      vertex 21.7202 22.3906 0
      vertex 3 23.5 0
      vertex 21.889 22.8303 0
    endloop
  endfacet
  facet normal 0 0 -1
    outer loop
      vertex 3 29.5 0
      vertex 21.889 22.8303 0
      vertex 3 23.5 0
    endloop
  endfacet
  facet normal 0 0 -1
    outer loop
      vertex 21.889 22.8303 0
      vertex 3 29.5 0
      vertex 22.1029 23.25 0
    endloop
  endfacet
  facet normal 0 0 -1
    outer loop
      vertex 22.1029 23.25 0
      vertex 3 29.5 0
      vertex 22.3594 23.645 0
    endloop
  endfacet
  facet normal 0 0 -1
    outer loop
      vertex 22.3594 23.645 0
      vertex 3 29.5 0
      vertex 22.6558 24.0111 0
    endloop
  endfacet
  facet normal 0 0 -1
    outer loop
      vertex 22.6558 24.0111 0
      vertex 3 29.5 0
      vertex 22.9889 24.3442 0
    endloop
  endfacet
  facet normal 0 0 -1
    outer loop
      vertex 23.75 24.8971 0
      vertex 3 29.5 0
      vertex 28.5 29.5 0
    endloop
  endfacet
  facet normal 0 0 -1
    outer loop
      vertex -16.5 28 0
      vertex -3 29.5 0
      vertex -3 28 0
    endloop
  endfacet
  facet normal 0 0 -1
    outer loop
      vertex -16.5 12 0
      vertex -21.5 21 0
      vertex -16.5 28 0
    endloop
  endfacet
  facet normal 0 0 -1
    outer loop
      vertex -21.5247 21.4704 0
      vertex -16.5 28 0
      vertex -21.5 21 0
    endloop
  endfacet
  facet normal 0 0 -1
    outer loop
      vertex -21.5983 21.9356 0
      vertex -16.5 28 0
      vertex -21.5247 21.4704 0
    endloop
  endfacet
  facet normal 0 0 -1
    outer loop
      vertex -21.7202 22.3906 0
      vertex -16.5 28 0
      vertex -21.5983 21.9356 0
    endloop
  endfacet
  facet normal 0 0 -1
    outer loop
      vertex -21.889 22.8303 0
      vertex -16.5 28 0
      vertex -21.7202 22.3906 0
    endloop
  endfacet
  facet normal 0 0 -1
    outer loop
      vertex -22.1029 23.25 0
      vertex -16.5 28 0
      vertex -21.889 22.8303 0
    endloop
  endfacet
  facet normal 0 0 -1
    outer loop
      vertex -22.3594 23.645 0
      vertex -16.5 28 0
      vertex -22.1029 23.25 0
    endloop
  endfacet
  facet normal 0 0 -1
    outer loop
      vertex -22.6558 24.0111 0
      vertex -16.5 28 0
      vertex -22.3594 23.645 0
    endloop
  endfacet
  facet normal 0 0 -1
    outer loop
      vertex -22.9889 24.3442 0
      vertex -16.5 28 0
      vertex -22.6558 24.0111 0
    endloop
  endfacet
  facet normal 0 0 -1
    outer loop
      vertex -23.355 24.6406 0
      vertex -16.5 28 0
      vertex -22.9889 24.3442 0
    endloop
  endfacet
  facet normal 0 0 -1
    outer loop
      vertex -23.75 24.8971 0
      vertex -16.5 28 0
      vertex -23.355 24.6406 0
    endloop
  endfacet
  facet normal 0 0 -1
    outer loop
      vertex -24.1697 25.111 0
      vertex -16.5 28 0
      vertex -23.75 24.8971 0
    endloop
  endfacet
  facet normal 0 0 -1
    outer loop
      vertex -24.6094 25.2798 0
      vertex -16.5 28 0
      vertex -24.1697 25.111 0
    endloop
  endfacet
  facet normal 0 0 -1
    outer loop
      vertex -28.5 29.5 0
      vertex -24.6094 25.2798 0
      vertex -25.0644 25.4017 0
    endloop
  endfacet
  facet normal 0 0 -1
    outer loop
      vertex -28.5 29.5 0
      vertex -25.0644 25.4017 0
      vertex -25.5296 25.4753 0
    endloop
  endfacet
  facet normal 0 0 -1
    outer loop
      vertex -28.5 29.5 0
      vertex -25.5296 25.4753 0
      vertex -26 25.5 0
    endloop
  endfacet
  facet normal 0 0 -1
    outer loop
      vertex -28.5 29.5 0
      vertex -26 25.5 0
      vertex -26.4704 25.4753 0
    endloop
  endfacet
  facet normal 0 0 -1
    outer loop
      vertex -28.5 29.5 0
      vertex -26.4704 25.4753 0
      vertex -26.9356 25.4017 0
    endloop
  endfacet
  facet normal 0 0 -1
    outer loop
      vertex -16.5 28 0
      vertex -28.5 29.5 0
      vertex -3 29.5 0
    endloop
  endfacet
  facet normal 0 0 -1
    outer loop
      vertex -24.6094 25.2798 0
      vertex -28.5 29.5 0
      vertex -16.5 28 0
    endloop
  endfacet
  facet normal 0 0 -1
    outer loop
      vertex -29.5 28.5 0
      vertex -26.9356 25.4017 0
      vertex -27.3906 25.2798 0
    endloop
  endfacet
  facet normal 0 0 -1
    outer loop
      vertex -29.5 28.5 0
      vertex -27.3906 25.2798 0
      vertex -27.8303 25.111 0
    endloop
  endfacet
  facet normal 0 0 -1
    outer loop
      vertex -29.5 28.5 0
      vertex -27.8303 25.111 0
      vertex -28.25 24.8971 0
    endloop
  endfacet
  facet normal 0 0 -1
    outer loop
      vertex -26.9356 25.4017 0
      vertex -29.5 28.5 0
      vertex -28.5 29.5 0
    endloop
  endfacet
  facet normal 0 0 -1
    outer loop
      vertex -29.5 28.5 0
      vertex -28.25 24.8971 0
      vertex -28.645 24.6406 0
    endloop
  endfacet
  facet normal 0 0 -1
    outer loop
      vertex -28.5 29.5 0
      vertex -29.5 28.5 0
      vertex -28.6045 29.4945 0
    endloop
  endfacet
  facet normal 0 0 -1
    outer loop
      vertex -28.6045 29.4945 0
      vertex -29.5 28.5 0
      vertex -28.7079 29.4781 0
    endloop
  endfacet
  facet normal 0 0 -1
    outer loop
      vertex -28.7079 29.4781 0
      vertex -29.5 28.5 0
      vertex -28.809 29.4511 0
    endloop
  endfacet
  facet normal 0 0 -1
    outer loop
      vertex -28.809 29.4511 0
      vertex -29.5 28.5 0
      vertex -28.9067 29.4135 0
    endloop
  endfacet
  facet normal 0 0 -1
    outer loop
      vertex -29.5 28.5 0
      vertex -28.645 24.6406 0
      vertex -29.0111 24.3442 0
    endloop
  endfacet
  facet normal 0 0 -1
    outer loop
      vertex -28.9067 29.4135 0
      vertex -29.5 28.5 0
      vertex -29 29.366 0
    endloop
  endfacet
  facet normal 0 0 -1
    outer loop
      vertex -29 29.366 0
      vertex -29.5 28.5 0
      vertex -29.0878 29.309 0
    endloop
  endfacet
  facet normal 0 0 -1
    outer loop
      vertex -29.0878 29.309 0
      vertex -29.5 28.5 0
      vertex -29.1691 29.2431 0
    endloop
  endfacet
  facet normal 0 0 -1
    outer loop
      vertex -29.1691 29.2431 0
      vertex -29.5 28.5 0
      vertex -29.2431 29.1691 0
    endloop
  endfacet
  facet normal 0 0 -1
    outer loop
      vertex -29.5 28.5 0
      vertex -29.0111 24.3442 0
      vertex -29.3442 24.0111 0
    endloop
  endfacet
  facet normal 0 0 -1
    outer loop
      vertex -29.2431 29.1691 0
      vertex -29.5 28.5 0
      vertex -29.309 29.0878 0
    endloop
  endfacet
  facet normal 0 0 -1
    outer loop
      vertex -29.309 29.0878 0
      vertex -29.5 28.5 0
      vertex -29.366 29 0
    endloop
  endfacet
  facet normal 0 0 -1
    outer loop
      vertex -29.366 29 0
      vertex -29.5 28.5 0
      vertex -29.4135 28.9067 0
    endloop
  endfacet
  facet normal 0 0 -1
    outer loop
      vertex -29.4135 28.9067 0
      vertex -29.5 28.5 0
      vertex -29.4511 28.809 0
    endloop
  endfacet
  facet normal 0 0 -1
    outer loop
      vertex -29.4511 28.809 0
      vertex -29.5 28.5 0
      vertex -29.4781 28.7079 0
    endloop
  endfacet
  facet normal 0 0 -1
    outer loop
      vertex -29.5 28.5 0
      vertex -29.3442 24.0111 0
      vertex -29.5 23.8186 0
    endloop
  endfacet
  facet normal 0 0 -1
    outer loop
      vertex -29.4781 28.7079 0
      vertex -29.5 28.5 0
      vertex -29.4945 28.6045 0
    endloop
  endfacet
  facet normal 0 0 -1
    outer loop
      vertex -16.5 12 0
      vertex -23.355 17.3594 0
      vertex -22.9889 17.6558 0
    endloop
  endfacet
  facet normal 0 0 -1
    outer loop
      vertex -16.5 12 0
      vertex -23.75 17.1029 0
      vertex -23.355 17.3594 0
    endloop
  endfacet
  facet normal 0 0 -1
    outer loop
      vertex -16.5 12 0
      vertex -24.1697 16.889 0
      vertex -23.75 17.1029 0
    endloop
  endfacet
  facet normal 0 0 -1
    outer loop
      vertex -16.5 12 0
      vertex -24.6094 16.7202 0
      vertex -24.1697 16.889 0
    endloop
  endfacet
  facet normal 0 0 -1
    outer loop
      vertex -16.5 12 0
      vertex -25.0644 16.5983 0
      vertex -24.6094 16.7202 0
    endloop
  endfacet
  facet normal 0 0 -1
    outer loop
      vertex -23.5 3 0
      vertex -25.5296 16.5247 0
      vertex -25.0644 16.5983 0
    endloop
  endfacet
  facet normal 0 0 -1
    outer loop
      vertex -23.5 3 0
      vertex -26 16.5 0
      vertex -25.5296 16.5247 0
    endloop
  endfacet
  facet normal 0 0 -1
    outer loop
      vertex -29.5 3 0
      vertex -26 16.5 0
      vertex -23.5 3 0
    endloop
  endfacet
  facet normal -0 0 -1
    outer loop
      vertex -26 16.5 0
      vertex -29.5 3 0
      vertex -26.4704 16.5247 0
    endloop
  endfacet
  facet normal -0 0 -1
    outer loop
      vertex -26.4704 16.5247 0
      vertex -29.5 3 0
      vertex -26.9356 16.5983 0
    endloop
  endfacet
  facet normal -0 0 -1
    outer loop
      vertex -26.9356 16.5983 0
      vertex -29.5 3 0
      vertex -27.3906 16.7202 0
    endloop
  endfacet
  facet normal -0 0 -1
    outer loop
      vertex -27.3906 16.7202 0
      vertex -29.5 3 0
      vertex -27.8303 16.889 0
    endloop
  endfacet
  facet normal -0 0 -1
    outer loop
      vertex -27.8303 16.889 0
      vertex -29.5 3 0
      vertex -28.25 17.1029 0
    endloop
  endfacet
  facet normal -0 0 -1
    outer loop
      vertex -28.25 17.1029 0
      vertex -29.5 3 0
      vertex -28.645 17.3594 0
    endloop
  endfacet
  facet normal -0 0 -1
    outer loop
      vertex -28.645 17.3594 0
      vertex -29.5 3 0
      vertex -29.0111 17.6558 0
    endloop
  endfacet
  facet normal -0 0 -1
    outer loop
      vertex -29.0111 17.6558 0
      vertex -29.5 3 0
      vertex -29.3442 17.9889 0
    endloop
  endfacet
  facet normal -0 0 -1
    outer loop
      vertex -29.3442 17.9889 0
      vertex -29.5 3 0
      vertex -29.5 18.1814 0
    endloop
  endfacet
  facet normal -0.707107 -0.707107 0
    outer loop
      vertex -29.1691 -29.2431 0
      vertex -29.2431 -29.1691 2
      vertex -29.2431 -29.1691 0
    endloop
  endfacet
  facet normal -0.707107 -0.707107 0
    outer loop
      vertex -29.2431 -29.1691 2
      vertex -29.1691 -29.2431 0
      vertex -29.1691 -29.2431 2
    endloop
  endfacet
  facet normal -0.987654 0.156649 0
    outer loop
      vertex -29.4945 28.6045 0
      vertex -29.4781 28.7079 2
      vertex -29.4781 28.7079 0
    endloop
  endfacet
  facet normal -0.987654 0.156649 0
    outer loop
      vertex -29.4781 28.7079 2
      vertex -29.4945 28.6045 0
      vertex -29.4945 28.6045 2
    endloop
  endfacet
  facet normal -0.933272 0.359171 0
    outer loop
      vertex -29.4511 28.809 0
      vertex -29.4135 28.9067 2
      vertex -29.4135 28.9067 0
    endloop
  endfacet
  facet normal -0.933272 0.359171 0
    outer loop
      vertex -29.4135 28.9067 2
      vertex -29.4511 28.809 0
      vertex -29.4511 28.809 2
    endloop
  endfacet
  facet normal -0.629693 0.776844 0
    outer loop
      vertex -29.0878 29.309 0
      vertex -29.1691 29.2431 2
      vertex -29.0878 29.309 2
    endloop
  endfacet
  facet normal -0.629693 0.776844 0
    outer loop
      vertex -29.1691 29.2431 2
      vertex -29.0878 29.309 0
      vertex -29.1691 29.2431 0
    endloop
  endfacet
  facet normal 0.629693 0.776844 -0
    outer loop
      vertex 29.1691 29.2431 0
      vertex 29.0878 29.309 2
      vertex 29.1691 29.2431 2
    endloop
  endfacet
  facet normal 0.629693 0.776844 0
    outer loop
      vertex 29.0878 29.309 2
      vertex 29.1691 29.2431 0
      vertex 29.0878 29.309 0
    endloop
  endfacet
  facet normal 0.359171 0.933272 -0
    outer loop
      vertex 28.9067 29.4135 0
      vertex 28.809 29.4511 2
      vertex 28.9067 29.4135 2
    endloop
  endfacet
  facet normal 0.359171 0.933272 0
    outer loop
      vertex 28.809 29.4511 2
      vertex 28.9067 29.4135 0
      vertex 28.809 29.4511 0
    endloop
  endfacet
  facet normal 0.25802 0.96614 -0
    outer loop
      vertex 28.809 29.4511 0
      vertex 28.7079 29.4781 2
      vertex 28.809 29.4511 2
    endloop
  endfacet
  facet normal 0.25802 0.96614 0
    outer loop
      vertex 28.7079 29.4781 2
      vertex 28.809 29.4511 0
      vertex 28.7079 29.4781 0
    endloop
  endfacet
  facet normal -0.0525588 0.998618 0
    outer loop
      vertex -28.5 29.5 0
      vertex -28.6045 29.4945 2
      vertex -28.5 29.5 2
    endloop
  endfacet
  facet normal -0.0525588 0.998618 0
    outer loop
      vertex -28.6045 29.4945 2
      vertex -28.5 29.5 0
      vertex -28.6045 29.4945 0
    endloop
  endfacet
  facet normal -0.25802 0.96614 0
    outer loop
      vertex -28.7079 29.4781 0
      vertex -28.809 29.4511 2
      vertex -28.7079 29.4781 2
    endloop
  endfacet
  facet normal -0.25802 0.96614 0
    outer loop
      vertex -28.809 29.4511 2
      vertex -28.7079 29.4781 0
      vertex -28.809 29.4511 0
    endloop
  endfacet
  facet normal -0.359171 0.933272 0
    outer loop
      vertex -28.809 29.4511 0
      vertex -28.9067 29.4135 2
      vertex -28.809 29.4511 2
    endloop
  endfacet
  facet normal -0.359171 0.933272 0
    outer loop
      vertex -28.9067 29.4135 2
      vertex -28.809 29.4511 0
      vertex -28.9067 29.4135 0
    endloop
  endfacet
  facet normal 0.891156 0.453697 0
    outer loop
      vertex 29.4135 28.9067 2
      vertex 29.366 29 0
      vertex 29.366 29 2
    endloop
  endfacet
  facet normal 0.891156 0.453697 0
    outer loop
      vertex 29.366 29 0
      vertex 29.4135 28.9067 2
      vertex 29.4135 28.9067 0
    endloop
  endfacet
  facet normal 0.838749 0.544518 0
    outer loop
      vertex 29.366 29 2
      vertex 29.309 29.0878 0
      vertex 29.309 29.0878 2
    endloop
  endfacet
  facet normal 0.838749 0.544518 0
    outer loop
      vertex 29.309 29.0878 0
      vertex 29.366 29 2
      vertex 29.366 29 0
    endloop
  endfacet
  facet normal 0.891156 -0.453697 0
    outer loop
      vertex 29.366 -29 2
      vertex 29.4135 -28.9067 0
      vertex 29.4135 -28.9067 2
    endloop
  endfacet
  facet normal 0.891156 -0.453697 0
    outer loop
      vertex 29.4135 -28.9067 0
      vertex 29.366 -29 2
      vertex 29.366 -29 0
    endloop
  endfacet
  facet normal 0.933272 -0.359171 0
    outer loop
      vertex 29.4135 -28.9067 2
      vertex 29.4511 -28.809 0
      vertex 29.4511 -28.809 2
    endloop
  endfacet
  facet normal 0.933272 -0.359171 0
    outer loop
      vertex 29.4511 -28.809 0
      vertex 29.4135 -28.9067 2
      vertex 29.4135 -28.9067 0
    endloop
  endfacet
  facet normal 0.838749 -0.544518 0
    outer loop
      vertex 29.309 -29.0878 2
      vertex 29.366 -29 0
      vertex 29.366 -29 2
    endloop
  endfacet
  facet normal 0.838749 -0.544518 0
    outer loop
      vertex 29.366 -29 0
      vertex 29.309 -29.0878 2
      vertex 29.309 -29.0878 0
    endloop
  endfacet
  facet normal 0.776844 -0.629693 0
    outer loop
      vertex 29.2431 -29.1691 2
      vertex 29.309 -29.0878 0
      vertex 29.309 -29.0878 2
    endloop
  endfacet
  facet normal 0.776844 -0.629693 0
    outer loop
      vertex 29.309 -29.0878 0
      vertex 29.2431 -29.1691 2
      vertex 29.2431 -29.1691 0
    endloop
  endfacet
  facet normal -0.544518 -0.838749 0
    outer loop
      vertex -29.0878 -29.309 0
      vertex -29 -29.366 2
      vertex -29.0878 -29.309 2
    endloop
  endfacet
  facet normal -0.544518 -0.838749 -0
    outer loop
      vertex -29 -29.366 2
      vertex -29.0878 -29.309 0
      vertex -29 -29.366 0
    endloop
  endfacet
  facet normal -0.453697 -0.891156 0
    outer loop
      vertex -29 -29.366 0
      vertex -28.9067 -29.4135 2
      vertex -29 -29.366 2
    endloop
  endfacet
  facet normal -0.453697 -0.891156 -0
    outer loop
      vertex -28.9067 -29.4135 2
      vertex -29 -29.366 0
      vertex -28.9067 -29.4135 0
    endloop
  endfacet
  facet normal -0.25802 -0.96614 0
    outer loop
      vertex -28.809 -29.4511 0
      vertex -28.7079 -29.4781 2
      vertex -28.809 -29.4511 2
    endloop
  endfacet
  facet normal -0.25802 -0.96614 -0
    outer loop
      vertex -28.7079 -29.4781 2
      vertex -28.809 -29.4511 0
      vertex -28.7079 -29.4781 0
    endloop
  endfacet
  facet normal -0.96614 -0.25802 0
    outer loop
      vertex -29.4511 -28.809 0
      vertex -29.4781 -28.7079 2
      vertex -29.4781 -28.7079 0
    endloop
  endfacet
  facet normal -0.96614 -0.25802 0
    outer loop
      vertex -29.4781 -28.7079 2
      vertex -29.4511 -28.809 0
      vertex -29.4511 -28.809 2
    endloop
  endfacet
  facet normal -0.776844 -0.629693 0
    outer loop
      vertex -29.2431 -29.1691 0
      vertex -29.309 -29.0878 2
      vertex -29.309 -29.0878 0
    endloop
  endfacet
  facet normal -0.776844 -0.629693 0
    outer loop
      vertex -29.309 -29.0878 2
      vertex -29.2431 -29.1691 0
      vertex -29.2431 -29.1691 2
    endloop
  endfacet
  facet normal -0.891156 -0.453697 0
    outer loop
      vertex -29.366 -29 0
      vertex -29.4135 -28.9067 2
      vertex -29.4135 -28.9067 0
    endloop
  endfacet
  facet normal -0.891156 -0.453697 0
    outer loop
      vertex -29.4135 -28.9067 2
      vertex -29.366 -29 0
      vertex -29.366 -29 2
    endloop
  endfacet
  facet normal -0.933272 -0.359171 0
    outer loop
      vertex -29.4135 -28.9067 0
      vertex -29.4511 -28.809 2
      vertex -29.4511 -28.809 0
    endloop
  endfacet
  facet normal -0.933272 -0.359171 0
    outer loop
      vertex -29.4511 -28.809 2
      vertex -29.4135 -28.9067 0
      vertex -29.4135 -28.9067 2
    endloop
  endfacet
  facet normal 0.96614 0.25802 0
    outer loop
      vertex 29.4781 28.7079 2
      vertex 29.4511 28.809 0
      vertex 29.4511 28.809 2
    endloop
  endfacet
  facet normal 0.96614 0.25802 0
    outer loop
      vertex 29.4511 28.809 0
      vertex 29.4781 28.7079 2
      vertex 29.4781 28.7079 0
    endloop
  endfacet
  facet normal 0.987654 0.156649 0
    outer loop
      vertex 29.4945 28.6045 2
      vertex 29.4781 28.7079 0
      vertex 29.4781 28.7079 2
    endloop
  endfacet
  facet normal 0.987654 0.156649 0
    outer loop
      vertex 29.4781 28.7079 0
      vertex 29.4945 28.6045 2
      vertex 29.4945 28.6045 0
    endloop
  endfacet
  facet normal 0.453697 0.891156 -0
    outer loop
      vertex 29 29.366 0
      vertex 28.9067 29.4135 2
      vertex 29 29.366 2
    endloop
  endfacet
  facet normal 0.453697 0.891156 0
    outer loop
      vertex 28.9067 29.4135 2
      vertex 29 29.366 0
      vertex 28.9067 29.4135 0
    endloop
  endfacet
  facet normal 0.0525588 0.998618 -0
    outer loop
      vertex 28.6045 29.4945 0
      vertex 28.5 29.5 2
      vertex 28.6045 29.4945 2
    endloop
  endfacet
  facet normal 0.0525588 0.998618 0
    outer loop
      vertex 28.5 29.5 2
      vertex 28.6045 29.4945 0
      vertex 28.5 29.5 0
    endloop
  endfacet
  facet normal 0.156649 0.987654 -0
    outer loop
      vertex 28.7079 29.4781 0
      vertex 28.6045 29.4945 2
      vertex 28.7079 29.4781 2
    endloop
  endfacet
  facet normal 0.156649 0.987654 0
    outer loop
      vertex 28.6045 29.4945 2
      vertex 28.7079 29.4781 0
      vertex 28.6045 29.4945 0
    endloop
  endfacet
  facet normal -0.156649 0.987654 0
    outer loop
      vertex -28.6045 29.4945 0
      vertex -28.7079 29.4781 2
      vertex -28.6045 29.4945 2
    endloop
  endfacet
  facet normal -0.156649 0.987654 0
    outer loop
      vertex -28.7079 29.4781 2
      vertex -28.6045 29.4945 0
      vertex -28.7079 29.4781 0
    endloop
  endfacet
  facet normal -0.544518 0.838749 0
    outer loop
      vertex -29 29.366 0
      vertex -29.0878 29.309 2
      vertex -29 29.366 2
    endloop
  endfacet
  facet normal -0.544518 0.838749 0
    outer loop
      vertex -29.0878 29.309 2
      vertex -29 29.366 0
      vertex -29.0878 29.309 0
    endloop
  endfacet
  facet normal 0.544518 -0.838749 0
    outer loop
      vertex 29 -29.366 0
      vertex 29.0878 -29.309 2
      vertex 29 -29.366 2
    endloop
  endfacet
  facet normal 0.544518 -0.838749 0
    outer loop
      vertex 29.0878 -29.309 2
      vertex 29 -29.366 0
      vertex 29.0878 -29.309 0
    endloop
  endfacet
  facet normal 0.156649 -0.987654 0
    outer loop
      vertex 28.6045 -29.4945 0
      vertex 28.7079 -29.4781 2
      vertex 28.6045 -29.4945 2
    endloop
  endfacet
  facet normal 0.156649 -0.987654 0
    outer loop
      vertex 28.7079 -29.4781 2
      vertex 28.6045 -29.4945 0
      vertex 28.7079 -29.4781 0
    endloop
  endfacet
  facet normal 0.359171 -0.933272 0
    outer loop
      vertex 28.809 -29.4511 0
      vertex 28.9067 -29.4135 2
      vertex 28.809 -29.4511 2
    endloop
  endfacet
  facet normal 0.359171 -0.933272 0
    outer loop
      vertex 28.9067 -29.4135 2
      vertex 28.809 -29.4511 0
      vertex 28.9067 -29.4135 0
    endloop
  endfacet
  facet normal 0.25802 -0.96614 0
    outer loop
      vertex 28.7079 -29.4781 0
      vertex 28.809 -29.4511 2
      vertex 28.7079 -29.4781 2
    endloop
  endfacet
  facet normal 0.25802 -0.96614 0
    outer loop
      vertex 28.809 -29.4511 2
      vertex 28.7079 -29.4781 0
      vertex 28.809 -29.4511 0
    endloop
  endfacet
  facet normal -0.987654 -0.156649 0
    outer loop
      vertex -29.4781 -28.7079 0
      vertex -29.4945 -28.6045 2
      vertex -29.4945 -28.6045 0
    endloop
  endfacet
  facet normal -0.987654 -0.156649 0
    outer loop
      vertex -29.4945 -28.6045 2
      vertex -29.4781 -28.7079 0
      vertex -29.4781 -28.7079 2
    endloop
  endfacet
  facet normal -0.998618 -0.0525588 0
    outer loop
      vertex -29.4945 -28.6045 0
      vertex -29.5 -28.5 2
      vertex -29.5 -28.5 0
    endloop
  endfacet
  facet normal -0.998618 -0.0525588 0
    outer loop
      vertex -29.5 -28.5 2
      vertex -29.4945 -28.6045 0
      vertex -29.4945 -28.6045 2
    endloop
  endfacet
  facet normal 0.933272 0.359171 0
    outer loop
      vertex 29.4511 28.809 2
      vertex 29.4135 28.9067 0
      vertex 29.4135 28.9067 2
    endloop
  endfacet
  facet normal 0.933272 0.359171 0
    outer loop
      vertex 29.4135 28.9067 0
      vertex 29.4511 28.809 2
      vertex 29.4511 28.809 0
    endloop
  endfacet
  facet normal 0.629693 -0.776844 0
    outer loop
      vertex 29.0878 -29.309 0
      vertex 29.1691 -29.2431 2
      vertex 29.0878 -29.309 2
    endloop
  endfacet
  facet normal 0.629693 -0.776844 0
    outer loop
      vertex 29.1691 -29.2431 2
      vertex 29.0878 -29.309 0
      vertex 29.1691 -29.2431 0
    endloop
  endfacet
  facet normal 0.453697 -0.891156 0
    outer loop
      vertex 28.9067 -29.4135 0
      vertex 29 -29.366 2
      vertex 28.9067 -29.4135 2
    endloop
  endfacet
  facet normal 0.453697 -0.891156 0
    outer loop
      vertex 29 -29.366 2
      vertex 28.9067 -29.4135 0
      vertex 29 -29.366 0
    endloop
  endfacet
  facet normal -0.629326 -0.777142 0
    outer loop
      vertex 2.93893 4.04508 0
      vertex 3.34565 3.71572 2
      vertex 2.93893 4.04508 2
    endloop
  endfacet
  facet normal -0.629326 -0.777142 -0
    outer loop
      vertex 3.34565 3.71572 2
      vertex 2.93893 4.04508 0
      vertex 3.34565 3.71572 0
    endloop
  endfacet
  facet normal 0.358358 0.933584 -0
    outer loop
      vertex -1.54508 -4.75528 0
      vertex -2.03368 -4.56773 2
      vertex -1.54508 -4.75528 2
    endloop
  endfacet
  facet normal 0.358358 0.933584 0
    outer loop
      vertex -2.03368 -4.56773 2
      vertex -1.54508 -4.75528 0
      vertex -2.03368 -4.56773 0
    endloop
  endfacet
  facet normal -0.544646 -0.838666 0
    outer loop
      vertex 2.5 4.33013 0
      vertex 2.93893 4.04508 2
      vertex 2.5 4.33013 2
    endloop
  endfacet
  facet normal -0.544646 -0.838666 -0
    outer loop
      vertex 2.93893 4.04508 2
      vertex 2.5 4.33013 0
      vertex 2.93893 4.04508 0
    endloop
  endfacet
  facet normal 0.25883 -0.965923 0
    outer loop
      vertex -1.54508 4.75528 0
      vertex -1.03956 4.89074 2
      vertex -1.54508 4.75528 2
    endloop
  endfacet
  facet normal 0.25883 -0.965923 0
    outer loop
      vertex -1.03956 4.89074 2
      vertex -1.54508 4.75528 0
      vertex -1.03956 4.89074 0
    endloop
  endfacet
  facet normal 0.891008 -0.453988 0
    outer loop
      vertex -4.56773 2.03368 2
      vertex -4.33013 2.5 0
      vertex -4.33013 2.5 2
    endloop
  endfacet
  facet normal 0.891008 -0.453988 0
    outer loop
      vertex -4.33013 2.5 0
      vertex -4.56773 2.03368 2
      vertex -4.56773 2.03368 0
    endloop
  endfacet
  facet normal 0.933584 0.358358 0
    outer loop
      vertex -4.56773 -2.03368 2
      vertex -4.75528 -1.54508 0
      vertex -4.75528 -1.54508 2
    endloop
  endfacet
  facet normal 0.933584 0.358358 0
    outer loop
      vertex -4.75528 -1.54508 0
      vertex -4.56773 -2.03368 2
      vertex -4.56773 -2.03368 0
    endloop
  endfacet
  facet normal -0.965923 -0.25883 0
    outer loop
      vertex 4.89074 1.03956 0
      vertex 4.75528 1.54508 2
      vertex 4.75528 1.54508 0
    endloop
  endfacet
  facet normal -0.965923 -0.25883 0
    outer loop
      vertex 4.75528 1.54508 2
      vertex 4.89074 1.03956 0
      vertex 4.89074 1.03956 2
    endloop
  endfacet
  facet normal -0.933584 -0.358358 0
    outer loop
      vertex 4.75528 1.54508 0
      vertex 4.56773 2.03368 2
      vertex 4.56773 2.03368 0
    endloop
  endfacet
  facet normal -0.933584 -0.358358 0
    outer loop
      vertex 4.56773 2.03368 2
      vertex 4.75528 1.54508 0
      vertex 4.75528 1.54508 2
    endloop
  endfacet
  facet normal -0.707107 -0.707107 0
    outer loop
      vertex 3.71572 3.34565 0
      vertex 3.34565 3.71572 2
      vertex 3.34565 3.71572 0
    endloop
  endfacet
  facet normal -0.707107 -0.707107 0
    outer loop
      vertex 3.34565 3.71572 2
      vertex 3.71572 3.34565 0
      vertex 3.71572 3.34565 2
    endloop
  endfacet
  facet normal -0.453988 -0.891008 0
    outer loop
      vertex 2.03368 4.56773 0
      vertex 2.5 4.33013 2
      vertex 2.03368 4.56773 2
    endloop
  endfacet
  facet normal -0.453988 -0.891008 -0
    outer loop
      vertex 2.5 4.33013 2
      vertex 2.03368 4.56773 0
      vertex 2.5 4.33013 0
    endloop
  endfacet
  facet normal -0.25883 -0.965923 0
    outer loop
      vertex 1.03956 4.89074 0
      vertex 1.54508 4.75528 2
      vertex 1.03956 4.89074 2
    endloop
  endfacet
  facet normal -0.25883 -0.965923 -0
    outer loop
      vertex 1.54508 4.75528 2
      vertex 1.03956 4.89074 0
      vertex 1.54508 4.75528 0
    endloop
  endfacet
  facet normal 0.544646 -0.838666 0
    outer loop
      vertex -2.93893 4.04508 0
      vertex -2.5 4.33013 2
      vertex -2.93893 4.04508 2
    endloop
  endfacet
  facet normal 0.544646 -0.838666 0
    outer loop
      vertex -2.5 4.33013 2
      vertex -2.93893 4.04508 0
      vertex -2.5 4.33013 0
    endloop
  endfacet
  facet normal -0.933584 0.358358 0
    outer loop
      vertex 4.56773 -2.03368 0
      vertex 4.75528 -1.54508 2
      vertex 4.75528 -1.54508 0
    endloop
  endfacet
  facet normal -0.933584 0.358358 0
    outer loop
      vertex 4.75528 -1.54508 2
      vertex 4.56773 -2.03368 0
      vertex 4.56773 -2.03368 2
    endloop
  endfacet
  facet normal -0.25883 0.965923 0
    outer loop
      vertex 1.54508 -4.75528 0
      vertex 1.03956 -4.89074 2
      vertex 1.54508 -4.75528 2
    endloop
  endfacet
  facet normal -0.25883 0.965923 0
    outer loop
      vertex 1.03956 -4.89074 2
      vertex 1.54508 -4.75528 0
      vertex 1.03956 -4.89074 0
    endloop
  endfacet
  facet normal -0.707107 0.707107 0
    outer loop
      vertex 3.34565 -3.71572 0
      vertex 3.71572 -3.34565 2
      vertex 3.71572 -3.34565 0
    endloop
  endfacet
  facet normal -0.707107 0.707107 0
    outer loop
      vertex 3.71572 -3.34565 2
      vertex 3.34565 -3.71572 0
      vertex 3.34565 -3.71572 2
    endloop
  endfacet
  facet normal -0.987689 -0.156431 0
    outer loop
      vertex 4.97261 0.522642 0
      vertex 4.89074 1.03956 2
      vertex 4.89074 1.03956 0
    endloop
  endfacet
  facet normal -0.987689 -0.156431 0
    outer loop
      vertex 4.89074 1.03956 2
      vertex 4.97261 0.522642 0
      vertex 4.97261 0.522642 2
    endloop
  endfacet
  facet normal -0.891008 -0.453988 0
    outer loop
      vertex 4.56773 2.03368 0
      vertex 4.33013 2.5 2
      vertex 4.33013 2.5 0
    endloop
  endfacet
  facet normal -0.891008 -0.453988 0
    outer loop
      vertex 4.33013 2.5 2
      vertex 4.56773 2.03368 0
      vertex 4.56773 2.03368 2
    endloop
  endfacet
  facet normal -0.838666 -0.544646 0
    outer loop
      vertex 4.33013 2.5 0
      vertex 4.04508 2.93893 2
      vertex 4.04508 2.93893 0
    endloop
  endfacet
  facet normal -0.838666 -0.544646 0
    outer loop
      vertex 4.04508 2.93893 2
      vertex 4.33013 2.5 0
      vertex 4.33013 2.5 2
    endloop
  endfacet
  facet normal -0.777142 -0.629326 0
    outer loop
      vertex 4.04508 2.93893 0
      vertex 3.71572 3.34565 2
      vertex 3.71572 3.34565 0
    endloop
  endfacet
  facet normal -0.777142 -0.629326 0
    outer loop
      vertex 3.71572 3.34565 2
      vertex 4.04508 2.93893 0
      vertex 4.04508 2.93893 2
    endloop
  endfacet
  facet normal -0.052335 -0.99863 0
    outer loop
      vertex 0 5 0
      vertex 0.522642 4.97261 2
      vertex 0 5 2
    endloop
  endfacet
  facet normal -0.052335 -0.99863 -0
    outer loop
      vertex 0.522642 4.97261 2
      vertex 0 5 0
      vertex 0.522642 4.97261 0
    endloop
  endfacet
  facet normal -0.358358 -0.933584 0
    outer loop
      vertex 1.54508 4.75528 0
      vertex 2.03368 4.56773 2
      vertex 1.54508 4.75528 2
    endloop
  endfacet
  facet normal -0.358358 -0.933584 -0
    outer loop
      vertex 2.03368 4.56773 2
      vertex 1.54508 4.75528 0
      vertex 2.03368 4.56773 0
    endloop
  endfacet
  facet normal -0.156431 -0.987689 0
    outer loop
      vertex 0.522642 4.97261 0
      vertex 1.03956 4.89074 2
      vertex 0.522642 4.97261 2
    endloop
  endfacet
  facet normal -0.156431 -0.987689 -0
    outer loop
      vertex 1.03956 4.89074 2
      vertex 0.522642 4.97261 0
      vertex 1.03956 4.89074 0
    endloop
  endfacet
  facet normal 0.99863 -0.052335 0
    outer loop
      vertex -5 0 2
      vertex -4.97261 0.522642 0
      vertex -4.97261 0.522642 2
    endloop
  endfacet
  facet normal 0.99863 -0.052335 0
    outer loop
      vertex -4.97261 0.522642 0
      vertex -5 0 2
      vertex -5 0 0
    endloop
  endfacet
  facet normal 0.933584 -0.358358 0
    outer loop
      vertex -4.75528 1.54508 2
      vertex -4.56773 2.03368 0
      vertex -4.56773 2.03368 2
    endloop
  endfacet
  facet normal 0.933584 -0.358358 0
    outer loop
      vertex -4.56773 2.03368 0
      vertex -4.75528 1.54508 2
      vertex -4.75528 1.54508 0
    endloop
  endfacet
  facet normal 0.965923 -0.25883 0
    outer loop
      vertex -4.89074 1.03956 2
      vertex -4.75528 1.54508 0
      vertex -4.75528 1.54508 2
    endloop
  endfacet
  facet normal 0.965923 -0.25883 0
    outer loop
      vertex -4.75528 1.54508 0
      vertex -4.89074 1.03956 2
      vertex -4.89074 1.03956 0
    endloop
  endfacet
  facet normal 0.987689 -0.156431 0
    outer loop
      vertex -4.97261 0.522642 2
      vertex -4.89074 1.03956 0
      vertex -4.89074 1.03956 2
    endloop
  endfacet
  facet normal 0.987689 -0.156431 0
    outer loop
      vertex -4.89074 1.03956 0
      vertex -4.97261 0.522642 2
      vertex -4.97261 0.522642 0
    endloop
  endfacet
  facet normal 0.707107 -0.707107 0
    outer loop
      vertex -3.71572 3.34565 2
      vertex -3.34565 3.71572 0
      vertex -3.34565 3.71572 2
    endloop
  endfacet
  facet normal 0.707107 -0.707107 0
    outer loop
      vertex -3.34565 3.71572 0
      vertex -3.71572 3.34565 2
      vertex -3.71572 3.34565 0
    endloop
  endfacet
  facet normal 0.838666 -0.544646 0
    outer loop
      vertex -4.33013 2.5 2
      vertex -4.04508 2.93893 0
      vertex -4.04508 2.93893 2
    endloop
  endfacet
  facet normal 0.838666 -0.544646 0
    outer loop
      vertex -4.04508 2.93893 0
      vertex -4.33013 2.5 2
      vertex -4.33013 2.5 0
    endloop
  endfacet
  facet normal 0.777142 -0.629326 0
    outer loop
      vertex -4.04508 2.93893 2
      vertex -3.71572 3.34565 0
      vertex -3.71572 3.34565 2
    endloop
  endfacet
  facet normal 0.777142 -0.629326 0
    outer loop
      vertex -3.71572 3.34565 0
      vertex -4.04508 2.93893 2
      vertex -4.04508 2.93893 0
    endloop
  endfacet
  facet normal 0.052335 -0.99863 0
    outer loop
      vertex -0.522642 4.97261 0
      vertex 0 5 2
      vertex -0.522642 4.97261 2
    endloop
  endfacet
  facet normal 0.052335 -0.99863 0
    outer loop
      vertex 0 5 2
      vertex -0.522642 4.97261 0
      vertex 0 5 0
    endloop
  endfacet
  facet normal 0.156431 -0.987689 0
    outer loop
      vertex -1.03956 4.89074 0
      vertex -0.522642 4.97261 2
      vertex -1.03956 4.89074 2
    endloop
  endfacet
  facet normal 0.156431 -0.987689 0
    outer loop
      vertex -0.522642 4.97261 2
      vertex -1.03956 4.89074 0
      vertex -0.522642 4.97261 0
    endloop
  endfacet
  facet normal 0.358358 -0.933584 0
    outer loop
      vertex -2.03368 4.56773 0
      vertex -1.54508 4.75528 2
      vertex -2.03368 4.56773 2
    endloop
  endfacet
  facet normal 0.358358 -0.933584 0
    outer loop
      vertex -1.54508 4.75528 2
      vertex -2.03368 4.56773 0
      vertex -1.54508 4.75528 0
    endloop
  endfacet
  facet normal 0.453988 -0.891008 0
    outer loop
      vertex -2.5 4.33013 0
      vertex -2.03368 4.56773 2
      vertex -2.5 4.33013 2
    endloop
  endfacet
  facet normal 0.453988 -0.891008 0
    outer loop
      vertex -2.03368 4.56773 2
      vertex -2.5 4.33013 0
      vertex -2.03368 4.56773 0
    endloop
  endfacet
  facet normal 0.629326 -0.777142 0
    outer loop
      vertex -3.34565 3.71572 0
      vertex -2.93893 4.04508 2
      vertex -3.34565 3.71572 2
    endloop
  endfacet
  facet normal 0.629326 -0.777142 0
    outer loop
      vertex -2.93893 4.04508 2
      vertex -3.34565 3.71572 0
      vertex -2.93893 4.04508 0
    endloop
  endfacet
  facet normal -0.99863 -0.052335 0
    outer loop
      vertex 5 0 0
      vertex 4.97261 0.522642 2
      vertex 4.97261 0.522642 0
    endloop
  endfacet
  facet normal -0.99863 -0.052335 0
    outer loop
      vertex 4.97261 0.522642 2
      vertex 5 0 0
      vertex 5 0 2
    endloop
  endfacet
  facet normal -0.052335 0.99863 0
    outer loop
      vertex 0.522642 -4.97261 0
      vertex 0 -5 2
      vertex 0.522642 -4.97261 2
    endloop
  endfacet
  facet normal -0.052335 0.99863 0
    outer loop
      vertex 0 -5 2
      vertex 0.522642 -4.97261 0
      vertex 0 -5 0
    endloop
  endfacet
  facet normal -0.965923 0.25883 0
    outer loop
      vertex 4.75528 -1.54508 0
      vertex 4.89074 -1.03956 2
      vertex 4.89074 -1.03956 0
    endloop
  endfacet
  facet normal -0.965923 0.25883 0
    outer loop
      vertex 4.89074 -1.03956 2
      vertex 4.75528 -1.54508 0
      vertex 4.75528 -1.54508 2
    endloop
  endfacet
  facet normal -0.156431 0.987689 0
    outer loop
      vertex 1.03956 -4.89074 0
      vertex 0.522642 -4.97261 2
      vertex 1.03956 -4.89074 2
    endloop
  endfacet
  facet normal -0.156431 0.987689 0
    outer loop
      vertex 0.522642 -4.97261 2
      vertex 1.03956 -4.89074 0
      vertex 0.522642 -4.97261 0
    endloop
  endfacet
  facet normal -0.453988 0.891008 0
    outer loop
      vertex 2.5 -4.33013 0
      vertex 2.03368 -4.56773 2
      vertex 2.5 -4.33013 2
    endloop
  endfacet
  facet normal -0.453988 0.891008 0
    outer loop
      vertex 2.03368 -4.56773 2
      vertex 2.5 -4.33013 0
      vertex 2.03368 -4.56773 0
    endloop
  endfacet
  facet normal -0.629326 0.777142 0
    outer loop
      vertex 3.34565 -3.71572 0
      vertex 2.93893 -4.04508 2
      vertex 3.34565 -3.71572 2
    endloop
  endfacet
  facet normal -0.629326 0.777142 0
    outer loop
      vertex 2.93893 -4.04508 2
      vertex 3.34565 -3.71572 0
      vertex 2.93893 -4.04508 0
    endloop
  endfacet
  facet normal -0.777142 0.629326 0
    outer loop
      vertex 3.71572 -3.34565 0
      vertex 4.04508 -2.93893 2
      vertex 4.04508 -2.93893 0
    endloop
  endfacet
  facet normal -0.777142 0.629326 0
    outer loop
      vertex 4.04508 -2.93893 2
      vertex 3.71572 -3.34565 0
      vertex 3.71572 -3.34565 2
    endloop
  endfacet
  facet normal -0.891008 0.453988 0
    outer loop
      vertex 4.33013 -2.5 0
      vertex 4.56773 -2.03368 2
      vertex 4.56773 -2.03368 0
    endloop
  endfacet
  facet normal -0.891008 0.453988 0
    outer loop
      vertex 4.56773 -2.03368 2
      vertex 4.33013 -2.5 0
      vertex 4.33013 -2.5 2
    endloop
  endfacet
  facet normal -0.838666 0.544646 0
    outer loop
      vertex 4.04508 -2.93893 0
      vertex 4.33013 -2.5 2
      vertex 4.33013 -2.5 0
    endloop
  endfacet
  facet normal -0.838666 0.544646 0
    outer loop
      vertex 4.33013 -2.5 2
      vertex 4.04508 -2.93893 0
      vertex 4.04508 -2.93893 2
    endloop
  endfacet
  facet normal 0.156431 0.987689 -0
    outer loop
      vertex -0.522642 -4.97261 0
      vertex -1.03956 -4.89074 2
      vertex -0.522642 -4.97261 2
    endloop
  endfacet
  facet normal 0.156431 0.987689 0
    outer loop
      vertex -1.03956 -4.89074 2
      vertex -0.522642 -4.97261 0
      vertex -1.03956 -4.89074 0
    endloop
  endfacet
  facet normal 0.052335 0.99863 -0
    outer loop
      vertex 0 -5 0
      vertex -0.522642 -4.97261 2
      vertex 0 -5 2
    endloop
  endfacet
  facet normal 0.052335 0.99863 0
    outer loop
      vertex -0.522642 -4.97261 2
      vertex 0 -5 0
      vertex -0.522642 -4.97261 0
    endloop
  endfacet
  facet normal 0.544646 0.838666 -0
    outer loop
      vertex -2.5 -4.33013 0
      vertex -2.93893 -4.04508 2
      vertex -2.5 -4.33013 2
    endloop
  endfacet
  facet normal 0.544646 0.838666 0
    outer loop
      vertex -2.93893 -4.04508 2
      vertex -2.5 -4.33013 0
      vertex -2.93893 -4.04508 0
    endloop
  endfacet
  facet normal 0.707107 0.707107 0
    outer loop
      vertex -3.34565 -3.71572 2
      vertex -3.71572 -3.34565 0
      vertex -3.71572 -3.34565 2
    endloop
  endfacet
  facet normal 0.707107 0.707107 0
    outer loop
      vertex -3.71572 -3.34565 0
      vertex -3.34565 -3.71572 2
      vertex -3.34565 -3.71572 0
    endloop
  endfacet
  facet normal 0.965923 0.25883 0
    outer loop
      vertex -4.75528 -1.54508 2
      vertex -4.89074 -1.03956 0
      vertex -4.89074 -1.03956 2
    endloop
  endfacet
  facet normal 0.965923 0.25883 0
    outer loop
      vertex -4.89074 -1.03956 0
      vertex -4.75528 -1.54508 2
      vertex -4.75528 -1.54508 0
    endloop
  endfacet
  facet normal 0.99863 0.052335 0
    outer loop
      vertex -4.97261 -0.522642 2
      vertex -5 0 0
      vertex -5 0 2
    endloop
  endfacet
  facet normal 0.99863 0.052335 0
    outer loop
      vertex -5 0 0
      vertex -4.97261 -0.522642 2
      vertex -4.97261 -0.522642 0
    endloop
  endfacet
  facet normal 0.838666 0.544646 0
    outer loop
      vertex -4.04508 -2.93893 2
      vertex -4.33013 -2.5 0
      vertex -4.33013 -2.5 2
    endloop
  endfacet
  facet normal 0.838666 0.544646 0
    outer loop
      vertex -4.33013 -2.5 0
      vertex -4.04508 -2.93893 2
      vertex -4.04508 -2.93893 0
    endloop
  endfacet
  facet normal 0.777142 0.629326 0
    outer loop
      vertex -3.71572 -3.34565 2
      vertex -4.04508 -2.93893 0
      vertex -4.04508 -2.93893 2
    endloop
  endfacet
  facet normal 0.777142 0.629326 0
    outer loop
      vertex -4.04508 -2.93893 0
      vertex -3.71572 -3.34565 2
      vertex -3.71572 -3.34565 0
    endloop
  endfacet
  facet normal -0.987689 0.156431 0
    outer loop
      vertex 4.89074 -1.03956 0
      vertex 4.97261 -0.522642 2
      vertex 4.97261 -0.522642 0
    endloop
  endfacet
  facet normal -0.987689 0.156431 0
    outer loop
      vertex 4.97261 -0.522642 2
      vertex 4.89074 -1.03956 0
      vertex 4.89074 -1.03956 2
    endloop
  endfacet
  facet normal -0.99863 0.052335 0
    outer loop
      vertex 4.97261 -0.522642 0
      vertex 5 0 2
      vertex 5 0 0
    endloop
  endfacet
  facet normal -0.99863 0.052335 0
    outer loop
      vertex 5 0 2
      vertex 4.97261 -0.522642 0
      vertex 4.97261 -0.522642 2
    endloop
  endfacet
  facet normal -0.358358 0.933584 0
    outer loop
      vertex 2.03368 -4.56773 0
      vertex 1.54508 -4.75528 2
      vertex 2.03368 -4.56773 2
    endloop
  endfacet
  facet normal -0.358358 0.933584 0
    outer loop
      vertex 1.54508 -4.75528 2
      vertex 2.03368 -4.56773 0
      vertex 1.54508 -4.75528 0
    endloop
  endfacet
  facet normal -0.544646 0.838666 0
    outer loop
      vertex 2.93893 -4.04508 0
      vertex 2.5 -4.33013 2
      vertex 2.93893 -4.04508 2
    endloop
  endfacet
  facet normal -0.544646 0.838666 0
    outer loop
      vertex 2.5 -4.33013 2
      vertex 2.93893 -4.04508 0
      vertex 2.5 -4.33013 0
    endloop
  endfacet
  facet normal 0.25883 0.965923 -0
    outer loop
      vertex -1.03956 -4.89074 0
      vertex -1.54508 -4.75528 2
      vertex -1.03956 -4.89074 2
    endloop
  endfacet
  facet normal 0.25883 0.965923 0
    outer loop
      vertex -1.54508 -4.75528 2
      vertex -1.03956 -4.89074 0
      vertex -1.54508 -4.75528 0
    endloop
  endfacet
  facet normal 0.629326 0.777142 -0
    outer loop
      vertex -2.93893 -4.04508 0
      vertex -3.34565 -3.71572 2
      vertex -2.93893 -4.04508 2
    endloop
  endfacet
  facet normal 0.629326 0.777142 0
    outer loop
      vertex -3.34565 -3.71572 2
      vertex -2.93893 -4.04508 0
      vertex -3.34565 -3.71572 0
    endloop
  endfacet
  facet normal 0.453988 0.891008 -0
    outer loop
      vertex -2.03368 -4.56773 0
      vertex -2.5 -4.33013 2
      vertex -2.03368 -4.56773 2
    endloop
  endfacet
  facet normal 0.453988 0.891008 0
    outer loop
      vertex -2.5 -4.33013 2
      vertex -2.03368 -4.56773 0
      vertex -2.5 -4.33013 0
    endloop
  endfacet
  facet normal 0.987689 0.156431 0
    outer loop
      vertex -4.89074 -1.03956 2
      vertex -4.97261 -0.522642 0
      vertex -4.97261 -0.522642 2
    endloop
  endfacet
  facet normal 0.987689 0.156431 0
    outer loop
      vertex -4.97261 -0.522642 0
      vertex -4.89074 -1.03956 2
      vertex -4.89074 -1.03956 0
    endloop
  endfacet
  facet normal 0.891008 0.453988 0
    outer loop
      vertex -4.33013 -2.5 2
      vertex -4.56773 -2.03368 0
      vertex -4.56773 -2.03368 2
    endloop
  endfacet
  facet normal 0.891008 0.453988 0
    outer loop
      vertex -4.56773 -2.03368 0
      vertex -4.33013 -2.5 2
      vertex -4.33013 -2.5 0
    endloop
  endfacet
  facet normal 1 0 0
    outer loop
      vertex -16.5 14.6954 10
      vertex -16.5 12 10
      vertex -16.5 14.6954 2
    endloop
  endfacet
  facet normal 1 -0 0
    outer loop
      vertex -16.5 14.6954 2
      vertex -16.5 28 0
      vertex -16.5 28 2
    endloop
  endfacet
  facet normal 1 0 0
    outer loop
      vertex -16.5 14.6954 2
      vertex -16.5 12 0
      vertex -16.5 28 0
    endloop
  endfacet
  facet normal 1 0 0
    outer loop
      vertex -16.5 12 0
      vertex -16.5 14.6954 2
      vertex -16.5 12 10
    endloop
  endfacet
  facet normal -1 0 0
    outer loop
      vertex 1.5 23.5 0
      vertex 1.5 14.6954 2
      vertex 1.5 23.5 2
    endloop
  endfacet
  facet normal -1 0 0
    outer loop
      vertex 1.5 12 0
      vertex 1.5 14.6954 2
      vertex 1.5 23.5 0
    endloop
  endfacet
  facet normal -1 0 0
    outer loop
      vertex 1.5 12 10
      vertex 1.5 14.6954 2
      vertex 1.5 12 0
    endloop
  endfacet
  facet normal -1 0 0
    outer loop
      vertex 1.5 14.6954 2
      vertex 1.5 12 10
      vertex 1.5 14.6954 10
    endloop
  endfacet
  facet normal 0 -1 0
    outer loop
      vertex -16.5 28 0
      vertex -3 28 2
      vertex -16.5 28 2
    endloop
  endfacet
  facet normal 0 -1 -0
    outer loop
      vertex -3 28 2
      vertex -16.5 28 0
      vertex -3 28 0
    endloop
  endfacet
  facet normal 0 1 0
    outer loop
      vertex 1.5 12 10
      vertex 1.06666 12 2
      vertex 1.06666 12 10
    endloop
  endfacet
  facet normal 0 1 0
    outer loop
      vertex 1.06666 12 2
      vertex 1.5 12 0
      vertex -16.0667 12 2
    endloop
  endfacet
  facet normal 0 1 -0
    outer loop
      vertex 1.5 12 0
      vertex 1.06666 12 2
      vertex 1.5 12 10
    endloop
  endfacet
  facet normal 0 1 -0
    outer loop
      vertex -16.0667 12 2
      vertex -16.5 12 10
      vertex -16.0667 12 10
    endloop
  endfacet
  facet normal 0 1 0
    outer loop
      vertex -16.0667 12 2
      vertex -16.5 12 0
      vertex -16.5 12 10
    endloop
  endfacet
  facet normal 0 1 0
    outer loop
      vertex -16.5 12 0
      vertex -16.0667 12 2
      vertex 1.5 12 0
    endloop
  endfacet
  facet normal 1 -0 0
    outer loop
      vertex 3 -23 2
      vertex 3 -15 0
      vertex 3 -15 2
    endloop
  endfacet
  facet normal 1 0 0
    outer loop
      vertex 3 -15 0
      vertex 3 -23 2
      vertex 3 -23 0
    endloop
  endfacet
  facet normal -1 0 0
    outer loop
      vertex 20 -23 0
      vertex 20 -15 2
      vertex 20 -15 0
    endloop
  endfacet
  facet normal -1 -0 0
    outer loop
      vertex 20 -15 2
      vertex 20 -23 0
      vertex 20 -23 2
    endloop
  endfacet
  facet normal 0 -1 0
    outer loop
      vertex 3 -15 0
      vertex 20 -15 2
      vertex 3 -15 2
    endloop
  endfacet
  facet normal 0 -1 -0
    outer loop
      vertex 20 -15 2
      vertex 3 -15 0
      vertex 20 -15 0
    endloop
  endfacet
  facet normal 0 1 -0
    outer loop
      vertex 20 -23 0
      vertex 3 -23 2
      vertex 20 -23 2
    endloop
  endfacet
  facet normal 0 1 0
    outer loop
      vertex 3 -23 2
      vertex 20 -23 0
      vertex 3 -23 0
    endloop
  endfacet
  facet normal -1 0 0
    outer loop
      vertex -23.5 -3 0
      vertex -23.5 3 2
      vertex -23.5 3 0
    endloop
  endfacet
  facet normal -1 -0 0
    outer loop
      vertex -23.5 3 2
      vertex -23.5 -3 0
      vertex -23.5 -3 2
    endloop
  endfacet
  facet normal 0 1 -0
    outer loop
      vertex -23.5 -3 0
      vertex -24.4659 -3 2
      vertex -23.5 -3 2
    endloop
  endfacet
  facet normal 0 1 0
    outer loop
      vertex -29.5 -3 0
      vertex -24.4659 -3 2
      vertex -23.5 -3 0
    endloop
  endfacet
  facet normal 0 1 0
    outer loop
      vertex -24.4659 -3 2
      vertex -29.5 -3 0
      vertex -29.5 -3 2
    endloop
  endfacet
  facet normal 0 -1 0
    outer loop
      vertex -29.5 3 0
      vertex -24.4659 3 2
      vertex -29.5 3 2
    endloop
  endfacet
  facet normal 0 -1 0
    outer loop
      vertex -23.5 3 0
      vertex -24.4659 3 2
      vertex -29.5 3 0
    endloop
  endfacet
  facet normal 0 -1 0
    outer loop
      vertex -24.4659 3 2
      vertex -23.5 3 0
      vertex -23.5 3 2
    endloop
  endfacet
  facet normal 1 -0 0
    outer loop
      vertex 23.5 -3 2
      vertex 23.5 3 0
      vertex 23.5 3 2
    endloop
  endfacet
  facet normal 1 0 0
    outer loop
      vertex 23.5 3 0
      vertex 23.5 -3 2
      vertex 23.5 -3 0
    endloop
  endfacet
  facet normal 0 -1 0
    outer loop
      vertex 23.5 3 0
      vertex 29.5 3 2
      vertex 23.5 3 2
    endloop
  endfacet
  facet normal 0 -1 -0
    outer loop
      vertex 29.5 3 2
      vertex 23.5 3 0
      vertex 29.5 3 0
    endloop
  endfacet
  facet normal 0 1 -0
    outer loop
      vertex 29.5 -3 0
      vertex 23.5 -3 2
      vertex 29.5 -3 2
    endloop
  endfacet
  facet normal 0 1 0
    outer loop
      vertex 23.5 -3 2
      vertex 29.5 -3 0
      vertex 23.5 -3 0
    endloop
  endfacet
  facet normal 1 -0 0
    outer loop
      vertex -3 28 2
      vertex -3 29.5 0
      vertex -3 29.5 2
    endloop
  endfacet
  facet normal 1 0 0
    outer loop
      vertex -3 29.5 0
      vertex -3 28 2
      vertex -3 28 0
    endloop
  endfacet
  facet normal -1 0 0
    outer loop
      vertex 3 23.5 0
      vertex 3 29.5 2
      vertex 3 29.5 0
    endloop
  endfacet
  facet normal -1 -0 0
    outer loop
      vertex 3 29.5 2
      vertex 3 23.5 0
      vertex 3 23.5 2
    endloop
  endfacet
  facet normal 0 1 -0
    outer loop
      vertex 3 23.5 0
      vertex 1.5 23.5 2
      vertex 3 23.5 2
    endloop
  endfacet
  facet normal 0 1 0
    outer loop
      vertex 1.5 23.5 2
      vertex 3 23.5 0
      vertex 1.5 23.5 0
    endloop
  endfacet
  facet normal 0.629324 0.777143 -0
    outer loop
      vertex 4.0425 12.8192 2
      vertex 2.6393 13.9555 10
      vertex 4.0425 12.8192 10
    endloop
  endfacet
  facet normal 0.629324 0.777143 0
    outer loop
      vertex 2.6393 13.9555 10
      vertex 4.0425 12.8192 2
      vertex 2.6393 13.9555 2
    endloop
  endfacet
  facet normal -0.890988 0.454026 0
    outer loop
      vertex -23.2587 7.01621 2
      vertex -22.4389 8.625 10
      vertex -22.4389 8.625 2
    endloop
  endfacet
  facet normal -0.890988 0.454026 0
    outer loop
      vertex -22.4389 8.625 10
      vertex -23.2587 7.01621 2
      vertex -23.2587 7.01621 10
    endloop
  endfacet
  facet normal 0.891006 0.453991 0
    outer loop
      vertex 8.25866 7.01621 10
      vertex 7.43894 8.625 2
      vertex 7.43894 8.625 10
    endloop
  endfacet
  facet normal 0.891006 0.453991 0
    outer loop
      vertex 7.43894 8.625 2
      vertex 8.25866 7.01621 10
      vertex 8.25866 7.01621 2
    endloop
  endfacet
  facet normal 0.83867 0.54464 0
    outer loop
      vertex 7.43894 8.625 10
      vertex 6.45554 10.1393 2
      vertex 6.45554 10.1393 10
    endloop
  endfacet
  facet normal 0.83867 0.54464 0
    outer loop
      vertex 6.45554 10.1393 2
      vertex 7.43894 8.625 10
      vertex 7.43894 8.625 2
    endloop
  endfacet
  facet normal 0.707093 0.707121 0
    outer loop
      vertex 5.31925 11.5425 10
      vertex 4.0425 12.8192 2
      vertex 4.0425 12.8192 10
    endloop
  endfacet
  facet normal 0.707093 0.707121 0
    outer loop
      vertex 4.0425 12.8192 2
      vertex 5.31925 11.5425 10
      vertex 5.31925 11.5425 2
    endloop
  endfacet
  facet normal -0.987686 0.156452 0
    outer loop
      vertex -24.4659 3 2
      vertex -24.373 3.58648 10
      vertex -24.373 3.58648 2
    endloop
  endfacet
  facet normal -0.987684 0.156461 0
    outer loop
      vertex -24.6555 1.80312 10
      vertex -24.4659 3 2
      vertex -24.6555 1.80312 2
    endloop
  endfacet
  facet normal -0.987685 0.156458 -4.46944e-07
    outer loop
      vertex -24.4659 3 2
      vertex -24.6555 1.80312 10
      vertex -24.373 3.58648 10
    endloop
  endfacet
  facet normal -0.707107 0.707107 0
    outer loop
      vertex -20.3192 11.5425 2
      vertex -19.0425 12.8192 10
      vertex -19.0425 12.8192 2
    endloop
  endfacet
  facet normal -0.707107 0.707107 0
    outer loop
      vertex -19.0425 12.8192 10
      vertex -20.3192 11.5425 2
      vertex -20.3192 11.5425 10
    endloop
  endfacet
  facet normal 0.998629 -0.0523373 0
    outer loop
      vertex 9.6555 -1.80312 10
      vertex 9.75 0 2
      vertex 9.75 0 10
    endloop
  endfacet
  facet normal 0.998629 -0.0523373 0
    outer loop
      vertex 9.75 0 2
      vertex 9.6555 -1.80312 10
      vertex 9.6555 -1.80312 2
    endloop
  endfacet
  facet normal 0.777146 -0.629321 0
    outer loop
      vertex 5.31925 -11.5425 10
      vertex 6.45554 -10.1393 2
      vertex 6.45554 -10.1393 10
    endloop
  endfacet
  facet normal 0.777146 -0.629321 0
    outer loop
      vertex 6.45554 -10.1393 2
      vertex 5.31925 -11.5425 10
      vertex 5.31925 -11.5425 2
    endloop
  endfacet
  facet normal -0.156456 -0.987685 0
    outer loop
      vertex -11.0865 -16.873 2
      vertex -9.30312 -17.1555 10
      vertex -11.0865 -16.873 10
    endloop
  endfacet
  facet normal -0.156456 -0.987685 -0
    outer loop
      vertex -9.30312 -17.1555 10
      vertex -11.0865 -16.873 2
      vertex -9.30312 -17.1555 2
    endloop
  endfacet
  facet normal -0.707107 -0.707107 0
    outer loop
      vertex -19.0425 -12.8192 2
      vertex -20.3192 -11.5425 10
      vertex -20.3192 -11.5425 2
    endloop
  endfacet
  facet normal -0.707107 -0.707107 0
    outer loop
      vertex -20.3192 -11.5425 10
      vertex -19.0425 -12.8192 2
      vertex -19.0425 -12.8192 10
    endloop
  endfacet
  facet normal 0.965924 0.258824 0
    outer loop
      vertex 9.37305 3.58648 10
      vertex 8.90572 5.33054 2
      vertex 8.90572 5.33054 10
    endloop
  endfacet
  facet normal 0.965924 0.258824 0
    outer loop
      vertex 8.90572 5.33054 2
      vertex 9.37305 3.58648 10
      vertex 9.37305 3.58648 2
    endloop
  endfacet
  facet normal 0.933582 0.358364 0
    outer loop
      vertex 8.90572 5.33054 10
      vertex 8.25866 7.01621 2
      vertex 8.25866 7.01621 10
    endloop
  endfacet
  facet normal 0.933582 0.358364 0
    outer loop
      vertex 8.25866 7.01621 2
      vertex 8.90572 5.33054 10
      vertex 8.90572 5.33054 2
    endloop
  endfacet
  facet normal 0.777146 0.629321 0
    outer loop
      vertex 6.45554 10.1393 10
      vertex 5.31925 11.5425 2
      vertex 5.31925 11.5425 10
    endloop
  endfacet
  facet normal 0.777146 0.629321 0
    outer loop
      vertex 5.31925 11.5425 2
      vertex 6.45554 10.1393 10
      vertex 6.45554 10.1393 2
    endloop
  endfacet
  facet normal 0.544655 0.838661 -0
    outer loop
      vertex 2.6393 13.9555 2
      vertex 1.5 14.6954 10
      vertex 2.6393 13.9555 10
    endloop
  endfacet
  facet normal 0.544655 0.838661 0
    outer loop
      vertex 1.5 14.6954 10
      vertex 2.6393 13.9555 2
      vertex 1.5 14.6954 2
    endloop
  endfacet
  facet normal -0.998629 0.0523373 0
    outer loop
      vertex -24.75 0 2
      vertex -24.6555 1.80312 10
      vertex -24.6555 1.80312 2
    endloop
  endfacet
  facet normal -0.998629 0.0523373 0
    outer loop
      vertex -24.6555 1.80312 10
      vertex -24.75 0 2
      vertex -24.75 0 10
    endloop
  endfacet
  facet normal -0.933593 0.358335 0
    outer loop
      vertex -23.9057 5.33054 2
      vertex -23.2587 7.01621 10
      vertex -23.2587 7.01621 2
    endloop
  endfacet
  facet normal -0.933593 0.358335 0
    outer loop
      vertex -23.2587 7.01621 10
      vertex -23.9057 5.33054 2
      vertex -23.9057 5.33054 10
    endloop
  endfacet
  facet normal -0.965929 0.258809 0
    outer loop
      vertex -24.373 3.58648 2
      vertex -23.9057 5.33054 10
      vertex -23.9057 5.33054 2
    endloop
  endfacet
  facet normal -0.965929 0.258809 0
    outer loop
      vertex -23.9057 5.33054 10
      vertex -24.373 3.58648 2
      vertex -24.373 3.58648 10
    endloop
  endfacet
  facet normal -0.83867 0.54464 0
    outer loop
      vertex -22.4389 8.625 2
      vertex -21.4555 10.1393 10
      vertex -21.4555 10.1393 2
    endloop
  endfacet
  facet normal -0.83867 0.54464 0
    outer loop
      vertex -21.4555 10.1393 10
      vertex -22.4389 8.625 2
      vertex -22.4389 8.625 10
    endloop
  endfacet
  facet normal -0.777143 0.629324 0
    outer loop
      vertex -21.4555 10.1393 2
      vertex -20.3192 11.5425 10
      vertex -20.3192 11.5425 2
    endloop
  endfacet
  facet normal -0.777143 0.629324 0
    outer loop
      vertex -20.3192 11.5425 10
      vertex -21.4555 10.1393 2
      vertex -21.4555 10.1393 10
    endloop
  endfacet
  facet normal -0.544655 0.838661 0
    outer loop
      vertex -16.5 14.6954 2
      vertex -17.6393 13.9555 10
      vertex -16.5 14.6954 10
    endloop
  endfacet
  facet normal -0.544655 0.838661 0
    outer loop
      vertex -17.6393 13.9555 10
      vertex -16.5 14.6954 2
      vertex -17.6393 13.9555 2
    endloop
  endfacet
  facet normal -0.629324 0.777143 0
    outer loop
      vertex -17.6393 13.9555 2
      vertex -19.0425 12.8192 10
      vertex -17.6393 13.9555 10
    endloop
  endfacet
  facet normal -0.629324 0.777143 0
    outer loop
      vertex -19.0425 12.8192 10
      vertex -17.6393 13.9555 2
      vertex -19.0425 12.8192 2
    endloop
  endfacet
  facet normal 0.998629 0.0523373 0
    outer loop
      vertex 9.75 0 10
      vertex 9.6555 1.80312 2
      vertex 9.6555 1.80312 10
    endloop
  endfacet
  facet normal 0.998629 0.0523373 0
    outer loop
      vertex 9.6555 1.80312 2
      vertex 9.75 0 10
      vertex 9.75 0 2
    endloop
  endfacet
  facet normal 0.0523373 -0.998629 0
    outer loop
      vertex -7.5 -17.25 2
      vertex -5.69688 -17.1555 10
      vertex -7.5 -17.25 10
    endloop
  endfacet
  facet normal 0.0523373 -0.998629 0
    outer loop
      vertex -5.69688 -17.1555 10
      vertex -7.5 -17.25 2
      vertex -5.69688 -17.1555 2
    endloop
  endfacet
  facet normal 0.965924 -0.258824 0
    outer loop
      vertex 8.90572 -5.33054 10
      vertex 9.37305 -3.58648 2
      vertex 9.37305 -3.58648 10
    endloop
  endfacet
  facet normal 0.965924 -0.258824 0
    outer loop
      vertex 9.37305 -3.58648 2
      vertex 8.90572 -5.33054 10
      vertex 8.90572 -5.33054 2
    endloop
  endfacet
  facet normal 0.156458 -0.987685 0
    outer loop
      vertex -5.69688 -17.1555 2
      vertex -3.91352 -16.873 10
      vertex -5.69688 -17.1555 10
    endloop
  endfacet
  facet normal 0.156458 -0.987685 0
    outer loop
      vertex -3.91352 -16.873 10
      vertex -5.69688 -17.1555 2
      vertex -3.91352 -16.873 2
    endloop
  endfacet
  facet normal 0.258809 -0.965929 0
    outer loop
      vertex -3.91352 -16.873 2
      vertex -2.16946 -16.4057 10
      vertex -3.91352 -16.873 10
    endloop
  endfacet
  facet normal 0.258809 -0.965929 0
    outer loop
      vertex -2.16946 -16.4057 10
      vertex -3.91352 -16.873 2
      vertex -2.16946 -16.4057 2
    endloop
  endfacet
  facet normal 0.629324 -0.777143 0
    outer loop
      vertex 2.6393 -13.9555 2
      vertex 4.0425 -12.8192 10
      vertex 2.6393 -13.9555 10
    endloop
  endfacet
  facet normal 0.629324 -0.777143 0
    outer loop
      vertex 4.0425 -12.8192 10
      vertex 2.6393 -13.9555 2
      vertex 4.0425 -12.8192 2
    endloop
  endfacet
  facet normal 0.454025 -0.890989 0
    outer loop
      vertex -0.483793 -15.7587 2
      vertex 1.125 -14.9389 10
      vertex -0.483793 -15.7587 10
    endloop
  endfacet
  facet normal 0.454025 -0.890989 0
    outer loop
      vertex 1.125 -14.9389 10
      vertex -0.483793 -15.7587 2
      vertex 1.125 -14.9389 2
    endloop
  endfacet
  facet normal 0.891006 -0.453991 0
    outer loop
      vertex 7.43894 -8.625 10
      vertex 8.25866 -7.01621 2
      vertex 8.25866 -7.01621 10
    endloop
  endfacet
  facet normal 0.891006 -0.453991 0
    outer loop
      vertex 8.25866 -7.01621 2
      vertex 7.43894 -8.625 10
      vertex 7.43894 -8.625 2
    endloop
  endfacet
  facet normal -0.0523373 -0.998629 0
    outer loop
      vertex -9.30312 -17.1555 2
      vertex -7.5 -17.25 10
      vertex -9.30312 -17.1555 10
    endloop
  endfacet
  facet normal -0.0523373 -0.998629 -0
    outer loop
      vertex -7.5 -17.25 10
      vertex -9.30312 -17.1555 2
      vertex -7.5 -17.25 2
    endloop
  endfacet
  facet normal -0.35833 -0.933595 0
    outer loop
      vertex -14.5162 -15.7587 2
      vertex -12.8305 -16.4057 10
      vertex -14.5162 -15.7587 10
    endloop
  endfacet
  facet normal -0.35833 -0.933595 -0
    outer loop
      vertex -12.8305 -16.4057 10
      vertex -14.5162 -15.7587 2
      vertex -12.8305 -16.4057 2
    endloop
  endfacet
  facet normal -0.54464 -0.83867 0
    outer loop
      vertex -17.6393 -13.9555 2
      vertex -16.125 -14.9389 10
      vertex -17.6393 -13.9555 10
    endloop
  endfacet
  facet normal -0.54464 -0.83867 -0
    outer loop
      vertex -16.125 -14.9389 10
      vertex -17.6393 -13.9555 2
      vertex -16.125 -14.9389 2
    endloop
  endfacet
  facet normal -0.965929 -0.258809 0
    outer loop
      vertex -23.9057 -5.33054 2
      vertex -24.373 -3.58648 10
      vertex -24.373 -3.58648 2
    endloop
  endfacet
  facet normal -0.965929 -0.258809 0
    outer loop
      vertex -24.373 -3.58648 10
      vertex -23.9057 -5.33054 2
      vertex -23.9057 -5.33054 10
    endloop
  endfacet
  facet normal -0.998629 -0.0523373 0
    outer loop
      vertex -24.6555 -1.80312 2
      vertex -24.75 0 10
      vertex -24.75 0 2
    endloop
  endfacet
  facet normal -0.998629 -0.0523373 0
    outer loop
      vertex -24.75 0 10
      vertex -24.6555 -1.80312 2
      vertex -24.6555 -1.80312 10
    endloop
  endfacet
  facet normal -0.83867 -0.54464 0
    outer loop
      vertex -21.4555 -10.1393 2
      vertex -22.4389 -8.625 10
      vertex -22.4389 -8.625 2
    endloop
  endfacet
  facet normal -0.83867 -0.54464 0
    outer loop
      vertex -22.4389 -8.625 10
      vertex -21.4555 -10.1393 2
      vertex -21.4555 -10.1393 10
    endloop
  endfacet
  facet normal -0.933593 -0.358335 0
    outer loop
      vertex -23.2587 -7.01621 2
      vertex -23.9057 -5.33054 10
      vertex -23.9057 -5.33054 2
    endloop
  endfacet
  facet normal -0.933593 -0.358335 0
    outer loop
      vertex -23.9057 -5.33054 10
      vertex -23.2587 -7.01621 2
      vertex -23.2587 -7.01621 10
    endloop
  endfacet
  facet normal -0.777143 -0.629324 0
    outer loop
      vertex -20.3192 -11.5425 2
      vertex -21.4555 -10.1393 10
      vertex -21.4555 -10.1393 2
    endloop
  endfacet
  facet normal -0.777143 -0.629324 0
    outer loop
      vertex -21.4555 -10.1393 10
      vertex -20.3192 -11.5425 2
      vertex -20.3192 -11.5425 10
    endloop
  endfacet
  facet normal 0.987689 0.156431 0
    outer loop
      vertex 9.6555 1.80312 10
      vertex 9.37305 3.58648 2
      vertex 9.37305 3.58648 10
    endloop
  endfacet
  facet normal 0.987689 0.156431 0
    outer loop
      vertex 9.37305 3.58648 2
      vertex 9.6555 1.80312 10
      vertex 9.6555 1.80312 2
    endloop
  endfacet
  facet normal -0 0 1
    outer loop
      vertex -17.6393 13.9555 10
      vertex -16.5 12 10
      vertex -16.5 14.6954 10
    endloop
  endfacet
  facet normal -0 0 1
    outer loop
      vertex -19.0425 12.8192 10
      vertex -16.5 12 10
      vertex -17.6393 13.9555 10
    endloop
  endfacet
  facet normal 0 0 1
    outer loop
      vertex -16.5 12 10
      vertex -19.0425 12.8192 10
      vertex -17.3697 10.9614 10
    endloop
  endfacet
  facet normal 0 0 1
    outer loop
      vertex -17.3697 10.9614 10
      vertex -19.0425 12.8192 10
      vertex -18.4614 9.86968 10
    endloop
  endfacet
  facet normal -0 0 1
    outer loop
      vertex -20.3192 11.5425 10
      vertex -18.4614 9.86968 10
      vertex -19.0425 12.8192 10
    endloop
  endfacet
  facet normal 0 0 1
    outer loop
      vertex -18.4614 9.86968 10
      vertex -20.3192 11.5425 10
      vertex -19.433 8.66983 10
    endloop
  endfacet
  facet normal -0 0 1
    outer loop
      vertex -21.4555 10.1393 10
      vertex -19.433 8.66983 10
      vertex -20.3192 11.5425 10
    endloop
  endfacet
  facet normal 0 0 1
    outer loop
      vertex -19.433 8.66983 10
      vertex -21.4555 10.1393 10
      vertex -20.2739 7.375 10
    endloop
  endfacet
  facet normal -0 0 1
    outer loop
      vertex -22.4389 8.625 10
      vertex -20.2739 7.375 10
      vertex -21.4555 10.1393 10
    endloop
  endfacet
  facet normal 0 0 1
    outer loop
      vertex -20.2739 7.375 10
      vertex -22.4389 8.625 10
      vertex -20.9748 5.99936 10
    endloop
  endfacet
  facet normal -0 0 1
    outer loop
      vertex -23.2587 7.01621 10
      vertex -20.9748 5.99936 10
      vertex -22.4389 8.625 10
    endloop
  endfacet
  facet normal 0 0 1
    outer loop
      vertex -20.9748 5.99936 10
      vertex -23.2587 7.01621 10
      vertex -21.5281 4.558 10
    endloop
  endfacet
  facet normal 0 0 1
    outer loop
      vertex -21.5281 4.558 10
      vertex -23.9057 5.33054 10
      vertex -21.9277 3.0667 10
    endloop
  endfacet
  facet normal -0 0 1
    outer loop
      vertex -23.9057 5.33054 10
      vertex -21.5281 4.558 10
      vertex -23.2587 7.01621 10
    endloop
  endfacet
  facet normal -0 0 1
    outer loop
      vertex -16.5 12 10
      vertex -16.1698 11.933 10
      vertex -16.0667 12 10
    endloop
  endfacet
  facet normal 0 0 1
    outer loop
      vertex -16.1698 11.933 10
      vertex -16.5 12 10
      vertex -17.3697 10.9614 10
    endloop
  endfacet
  facet normal 0 0 1
    outer loop
      vertex 7.25 0 10
      vertex 9.75 0 10
      vertex 9.6555 1.80312 10
    endloop
  endfacet
  facet normal 0 0 1
    outer loop
      vertex 7.1692 1.54179 10
      vertex 9.6555 1.80312 10
      vertex 9.37305 3.58648 10
    endloop
  endfacet
  facet normal 0 0 1
    outer loop
      vertex 9.75 0 10
      vertex 7.25 0 10
      vertex 9.6555 -1.80312 10
    endloop
  endfacet
  facet normal 0 0 1
    outer loop
      vertex 6.92768 3.0667 10
      vertex 9.37305 3.58648 10
      vertex 8.90572 5.33054 10
    endloop
  endfacet
  facet normal -0 0 1
    outer loop
      vertex 7.1692 -1.54179 10
      vertex 9.6555 -1.80312 10
      vertex 7.25 0 10
    endloop
  endfacet
  facet normal 0 0 1
    outer loop
      vertex 6.52808 4.558 10
      vertex 8.90572 5.33054 10
      vertex 8.25866 7.01621 10
    endloop
  endfacet
  facet normal 0 0 1
    outer loop
      vertex 9.6555 -1.80312 10
      vertex 7.1692 -1.54179 10
      vertex 9.37305 -3.58648 10
    endloop
  endfacet
  facet normal 0 0 1
    outer loop
      vertex 5.9748 5.99936 10
      vertex 8.25866 7.01621 10
      vertex 7.43894 8.625 10
    endloop
  endfacet
  facet normal -0 0 1
    outer loop
      vertex 6.92768 -3.0667 10
      vertex 9.37305 -3.58648 10
      vertex 7.1692 -1.54179 10
    endloop
  endfacet
  facet normal 0 0 1
    outer loop
      vertex 9.37305 -3.58648 10
      vertex 6.92768 -3.0667 10
      vertex 8.90572 -5.33054 10
    endloop
  endfacet
  facet normal 0 0 1
    outer loop
      vertex 9.6555 1.80312 10
      vertex 7.1692 1.54179 10
      vertex 7.25 0 10
    endloop
  endfacet
  facet normal 0 0 1
    outer loop
      vertex 9.37305 3.58648 10
      vertex 6.92768 3.0667 10
      vertex 7.1692 1.54179 10
    endloop
  endfacet
  facet normal 0 0 1
    outer loop
      vertex 8.90572 5.33054 10
      vertex 6.52808 4.558 10
      vertex 6.92768 3.0667 10
    endloop
  endfacet
  facet normal 0 0 1
    outer loop
      vertex 5.27387 7.375 10
      vertex 7.43894 8.625 10
      vertex 6.45554 10.1393 10
    endloop
  endfacet
  facet normal 0 0 1
    outer loop
      vertex 8.25866 7.01621 10
      vertex 5.9748 5.99936 10
      vertex 6.52808 4.558 10
    endloop
  endfacet
  facet normal 0 0 1
    outer loop
      vertex 4.433 8.66983 10
      vertex 6.45554 10.1393 10
      vertex 5.31925 11.5425 10
    endloop
  endfacet
  facet normal 0 0 1
    outer loop
      vertex 7.43894 8.625 10
      vertex 5.27387 7.375 10
      vertex 5.9748 5.99936 10
    endloop
  endfacet
  facet normal 0 0 1
    outer loop
      vertex 6.45554 10.1393 10
      vertex 4.433 8.66983 10
      vertex 5.27387 7.375 10
    endloop
  endfacet
  facet normal 0 0 1
    outer loop
      vertex 3.46139 9.86968 10
      vertex 5.31925 11.5425 10
      vertex 4.0425 12.8192 10
    endloop
  endfacet
  facet normal 0 0 1
    outer loop
      vertex 5.31925 11.5425 10
      vertex 3.46139 9.86968 10
      vertex 4.433 8.66983 10
    endloop
  endfacet
  facet normal 0 0 1
    outer loop
      vertex 1.5 12 10
      vertex 4.0425 12.8192 10
      vertex 2.6393 13.9555 10
    endloop
  endfacet
  facet normal 0 0 1
    outer loop
      vertex 4.0425 12.8192 10
      vertex 2.36968 10.9614 10
      vertex 3.46139 9.86968 10
    endloop
  endfacet
  facet normal 0 0 1
    outer loop
      vertex 1.5 12 10
      vertex 2.6393 13.9555 10
      vertex 1.5 14.6954 10
    endloop
  endfacet
  facet normal 0 0 1
    outer loop
      vertex 4.0425 12.8192 10
      vertex 1.5 12 10
      vertex 2.36968 10.9614 10
    endloop
  endfacet
  facet normal 0 0 1
    outer loop
      vertex 1.5 12 10
      vertex 1.16983 11.933 10
      vertex 2.36968 10.9614 10
    endloop
  endfacet
  facet normal 0 -0 1
    outer loop
      vertex 1.16983 11.933 10
      vertex 1.5 12 10
      vertex 1.06666 12 10
    endloop
  endfacet
  facet normal -0 0 1
    outer loop
      vertex 6.52808 -4.558 10
      vertex 8.90572 -5.33054 10
      vertex 6.92768 -3.0667 10
    endloop
  endfacet
  facet normal 0 0 1
    outer loop
      vertex 8.90572 -5.33054 10
      vertex 6.52808 -4.558 10
      vertex 8.25866 -7.01621 10
    endloop
  endfacet
  facet normal -0 0 1
    outer loop
      vertex 5.9748 -5.99936 10
      vertex 8.25866 -7.01621 10
      vertex 6.52808 -4.558 10
    endloop
  endfacet
  facet normal 0 0 1
    outer loop
      vertex 8.25866 -7.01621 10
      vertex 5.9748 -5.99936 10
      vertex 7.43894 -8.625 10
    endloop
  endfacet
  facet normal -0 0 1
    outer loop
      vertex 5.27387 -7.375 10
      vertex 7.43894 -8.625 10
      vertex 5.9748 -5.99936 10
    endloop
  endfacet
  facet normal 0 0 1
    outer loop
      vertex 7.43894 -8.625 10
      vertex 5.27387 -7.375 10
      vertex 6.45554 -10.1393 10
    endloop
  endfacet
  facet normal -0 0 1
    outer loop
      vertex 4.433 -8.66983 10
      vertex 6.45554 -10.1393 10
      vertex 5.27387 -7.375 10
    endloop
  endfacet
  facet normal 0 0 1
    outer loop
      vertex 6.45554 -10.1393 10
      vertex 4.433 -8.66983 10
      vertex 5.31925 -11.5425 10
    endloop
  endfacet
  facet normal -0 0 1
    outer loop
      vertex 3.46139 -9.86968 10
      vertex 5.31925 -11.5425 10
      vertex 4.433 -8.66983 10
    endloop
  endfacet
  facet normal 0 0 1
    outer loop
      vertex 5.31925 -11.5425 10
      vertex 3.46139 -9.86968 10
      vertex 4.0425 -12.8192 10
    endloop
  endfacet
  facet normal -0 0 1
    outer loop
      vertex 2.36968 -10.9614 10
      vertex 4.0425 -12.8192 10
      vertex 3.46139 -9.86968 10
    endloop
  endfacet
  facet normal 0 0 1
    outer loop
      vertex 4.0425 -12.8192 10
      vertex 2.36968 -10.9614 10
      vertex 2.6393 -13.9555 10
    endloop
  endfacet
  facet normal -0 0 1
    outer loop
      vertex 1.16983 -11.933 10
      vertex 2.6393 -13.9555 10
      vertex 2.36968 -10.9614 10
    endloop
  endfacet
  facet normal 0 0 1
    outer loop
      vertex 1.16983 -11.933 10
      vertex 1.125 -14.9389 10
      vertex 2.6393 -13.9555 10
    endloop
  endfacet
  facet normal -0 0 1
    outer loop
      vertex -0.125 -12.7739 10
      vertex 1.125 -14.9389 10
      vertex 1.16983 -11.933 10
    endloop
  endfacet
  facet normal 0 0 1
    outer loop
      vertex -0.125 -12.7739 10
      vertex -0.483793 -15.7587 10
      vertex 1.125 -14.9389 10
    endloop
  endfacet
  facet normal -0 0 1
    outer loop
      vertex -1.50064 -13.4748 10
      vertex -0.483793 -15.7587 10
      vertex -0.125 -12.7739 10
    endloop
  endfacet
  facet normal 0 0 1
    outer loop
      vertex -1.50064 -13.4748 10
      vertex -2.16946 -16.4057 10
      vertex -0.483793 -15.7587 10
    endloop
  endfacet
  facet normal -0 0 1
    outer loop
      vertex -2.942 -14.0281 10
      vertex -2.16946 -16.4057 10
      vertex -1.50064 -13.4748 10
    endloop
  endfacet
  facet normal 0 0 1
    outer loop
      vertex -2.942 -14.0281 10
      vertex -3.91352 -16.873 10
      vertex -2.16946 -16.4057 10
    endloop
  endfacet
  facet normal -0 0 1
    outer loop
      vertex -4.4333 -14.4277 10
      vertex -3.91352 -16.873 10
      vertex -2.942 -14.0281 10
    endloop
  endfacet
  facet normal 0 0 1
    outer loop
      vertex -4.4333 -14.4277 10
      vertex -5.69688 -17.1555 10
      vertex -3.91352 -16.873 10
    endloop
  endfacet
  facet normal -0 0 1
    outer loop
      vertex -5.95821 -14.6692 10
      vertex -5.69688 -17.1555 10
      vertex -4.4333 -14.4277 10
    endloop
  endfacet
  facet normal -0 0 1
    outer loop
      vertex -7.5 -14.75 10
      vertex -5.69688 -17.1555 10
      vertex -5.95821 -14.6692 10
    endloop
  endfacet
  facet normal 0 0 1
    outer loop
      vertex -7.5 -14.75 10
      vertex -7.5 -17.25 10
      vertex -5.69688 -17.1555 10
    endloop
  endfacet
  facet normal 0 0 1
    outer loop
      vertex -9.04179 -14.6692 10
      vertex -7.5 -17.25 10
      vertex -7.5 -14.75 10
    endloop
  endfacet
  facet normal 0 0 1
    outer loop
      vertex -9.04179 -14.6692 10
      vertex -9.30312 -17.1555 10
      vertex -7.5 -17.25 10
    endloop
  endfacet
  facet normal 0 0 1
    outer loop
      vertex -10.5667 -14.4277 10
      vertex -9.30312 -17.1555 10
      vertex -9.04179 -14.6692 10
    endloop
  endfacet
  facet normal 0 0 1
    outer loop
      vertex -10.5667 -14.4277 10
      vertex -11.0865 -16.873 10
      vertex -9.30312 -17.1555 10
    endloop
  endfacet
  facet normal 0 0 1
    outer loop
      vertex -12.058 -14.0281 10
      vertex -11.0865 -16.873 10
      vertex -10.5667 -14.4277 10
    endloop
  endfacet
  facet normal 0 0 1
    outer loop
      vertex -12.058 -14.0281 10
      vertex -12.8305 -16.4057 10
      vertex -11.0865 -16.873 10
    endloop
  endfacet
  facet normal 0 0 1
    outer loop
      vertex -13.4994 -13.4748 10
      vertex -12.8305 -16.4057 10
      vertex -12.058 -14.0281 10
    endloop
  endfacet
  facet normal 0 0 1
    outer loop
      vertex -13.4994 -13.4748 10
      vertex -14.5162 -15.7587 10
      vertex -12.8305 -16.4057 10
    endloop
  endfacet
  facet normal 0 0 1
    outer loop
      vertex -14.875 -12.7739 10
      vertex -14.5162 -15.7587 10
      vertex -13.4994 -13.4748 10
    endloop
  endfacet
  facet normal 0 0 1
    outer loop
      vertex -14.875 -12.7739 10
      vertex -16.125 -14.9389 10
      vertex -14.5162 -15.7587 10
    endloop
  endfacet
  facet normal 0 0 1
    outer loop
      vertex -16.1698 -11.933 10
      vertex -16.125 -14.9389 10
      vertex -14.875 -12.7739 10
    endloop
  endfacet
  facet normal 0 0 1
    outer loop
      vertex -17.6393 -13.9555 10
      vertex -16.1698 -11.933 10
      vertex -17.3697 -10.9614 10
    endloop
  endfacet
  facet normal 0 0 1
    outer loop
      vertex -16.1698 -11.933 10
      vertex -17.6393 -13.9555 10
      vertex -16.125 -14.9389 10
    endloop
  endfacet
  facet normal 0 0 1
    outer loop
      vertex -19.0425 -12.8192 10
      vertex -17.3697 -10.9614 10
      vertex -18.4614 -9.86968 10
    endloop
  endfacet
  facet normal 0 0 1
    outer loop
      vertex -17.3697 -10.9614 10
      vertex -19.0425 -12.8192 10
      vertex -17.6393 -13.9555 10
    endloop
  endfacet
  facet normal 0 0 1
    outer loop
      vertex -20.3192 -11.5425 10
      vertex -18.4614 -9.86968 10
      vertex -19.433 -8.66983 10
    endloop
  endfacet
  facet normal 0 0 1
    outer loop
      vertex -21.4555 -10.1393 10
      vertex -19.433 -8.66983 10
      vertex -20.2739 -7.375 10
    endloop
  endfacet
  facet normal 0 0 1
    outer loop
      vertex -18.4614 -9.86968 10
      vertex -20.3192 -11.5425 10
      vertex -19.0425 -12.8192 10
    endloop
  endfacet
  facet normal 0 0 1
    outer loop
      vertex -22.4389 -8.625 10
      vertex -20.2739 -7.375 10
      vertex -20.9748 -5.99936 10
    endloop
  endfacet
  facet normal 0 0 1
    outer loop
      vertex -19.433 -8.66983 10
      vertex -21.4555 -10.1393 10
      vertex -20.3192 -11.5425 10
    endloop
  endfacet
  facet normal 0 0 1
    outer loop
      vertex -23.2587 -7.01621 10
      vertex -20.9748 -5.99936 10
      vertex -21.5281 -4.558 10
    endloop
  endfacet
  facet normal 0 0 1
    outer loop
      vertex -23.9057 -5.33054 10
      vertex -21.5281 -4.558 10
      vertex -21.9277 -3.0667 10
    endloop
  endfacet
  facet normal 0 0 1
    outer loop
      vertex -24.373 -3.58648 10
      vertex -21.9277 -3.0667 10
      vertex -22.1692 -1.54179 10
    endloop
  endfacet
  facet normal 0 0 1
    outer loop
      vertex -20.2739 -7.375 10
      vertex -22.4389 -8.625 10
      vertex -21.4555 -10.1393 10
    endloop
  endfacet
  facet normal 0 0 1
    outer loop
      vertex -24.6555 -1.80312 10
      vertex -22.1692 -1.54179 10
      vertex -22.25 0 10
    endloop
  endfacet
  facet normal -0 0 1
    outer loop
      vertex -24.373 3.58648 10
      vertex -21.9277 3.0667 10
      vertex -23.9057 5.33054 10
    endloop
  endfacet
  facet normal 0 0 1
    outer loop
      vertex -21.9277 3.0667 10
      vertex -24.373 3.58648 10
      vertex -22.1692 1.54179 10
    endloop
  endfacet
  facet normal 0 0 1
    outer loop
      vertex -20.9748 -5.99936 10
      vertex -23.2587 -7.01621 10
      vertex -22.4389 -8.625 10
    endloop
  endfacet
  facet normal -0 0 1
    outer loop
      vertex -24.6555 1.80312 10
      vertex -22.1692 1.54179 10
      vertex -24.373 3.58648 10
    endloop
  endfacet
  facet normal 0 0 1
    outer loop
      vertex -21.5281 -4.558 10
      vertex -23.9057 -5.33054 10
      vertex -23.2587 -7.01621 10
    endloop
  endfacet
  facet normal 0 0 1
    outer loop
      vertex -22.1692 1.54179 10
      vertex -24.6555 1.80312 10
      vertex -22.25 0 10
    endloop
  endfacet
  facet normal 0 0 1
    outer loop
      vertex -21.9277 -3.0667 10
      vertex -24.373 -3.58648 10
      vertex -23.9057 -5.33054 10
    endloop
  endfacet
  facet normal 0 0 1
    outer loop
      vertex -24.75 0 10
      vertex -22.25 0 10
      vertex -24.6555 1.80312 10
    endloop
  endfacet
  facet normal 0 0 1
    outer loop
      vertex -22.1692 -1.54179 10
      vertex -24.6555 -1.80312 10
      vertex -24.373 -3.58648 10
    endloop
  endfacet
  facet normal 0 0 1
    outer loop
      vertex -22.25 0 10
      vertex -24.75 0 10
      vertex -24.6555 -1.80312 10
    endloop
  endfacet
  facet normal 0.987689 -0.156431 0
    outer loop
      vertex 9.37305 -3.58648 10
      vertex 9.6555 -1.80312 2
      vertex 9.6555 -1.80312 10
    endloop
  endfacet
  facet normal 0.987689 -0.156431 0
    outer loop
      vertex 9.6555 -1.80312 2
      vertex 9.37305 -3.58648 10
      vertex 9.37305 -3.58648 2
    endloop
  endfacet
  facet normal 0.358336 -0.933593 0
    outer loop
      vertex -2.16946 -16.4057 2
      vertex -0.483793 -15.7587 10
      vertex -2.16946 -16.4057 10
    endloop
  endfacet
  facet normal 0.358336 -0.933593 0
    outer loop
      vertex -0.483793 -15.7587 10
      vertex -2.16946 -16.4057 2
      vertex -0.483793 -15.7587 2
    endloop
  endfacet
  facet normal 0.707093 -0.707121 0
    outer loop
      vertex 4.0425 -12.8192 10
      vertex 5.31925 -11.5425 2
      vertex 5.31925 -11.5425 10
    endloop
  endfacet
  facet normal 0.707093 -0.707121 0
    outer loop
      vertex 5.31925 -11.5425 2
      vertex 4.0425 -12.8192 10
      vertex 4.0425 -12.8192 2
    endloop
  endfacet
  facet normal 0.54464 -0.83867 0
    outer loop
      vertex 1.125 -14.9389 2
      vertex 2.6393 -13.9555 10
      vertex 1.125 -14.9389 10
    endloop
  endfacet
  facet normal 0.54464 -0.83867 0
    outer loop
      vertex 2.6393 -13.9555 10
      vertex 1.125 -14.9389 2
      vertex 2.6393 -13.9555 2
    endloop
  endfacet
  facet normal 0.933582 -0.358364 0
    outer loop
      vertex 8.25866 -7.01621 10
      vertex 8.90572 -5.33054 2
      vertex 8.90572 -5.33054 10
    endloop
  endfacet
  facet normal 0.933582 -0.358364 0
    outer loop
      vertex 8.90572 -5.33054 2
      vertex 8.25866 -7.01621 10
      vertex 8.25866 -7.01621 2
    endloop
  endfacet
  facet normal 0.83867 -0.54464 0
    outer loop
      vertex 6.45554 -10.1393 10
      vertex 7.43894 -8.625 2
      vertex 7.43894 -8.625 10
    endloop
  endfacet
  facet normal 0.83867 -0.54464 0
    outer loop
      vertex 7.43894 -8.625 2
      vertex 6.45554 -10.1393 10
      vertex 6.45554 -10.1393 2
    endloop
  endfacet
  facet normal -0.258817 -0.965926 0
    outer loop
      vertex -12.8305 -16.4057 2
      vertex -11.0865 -16.873 10
      vertex -12.8305 -16.4057 10
    endloop
  endfacet
  facet normal -0.258817 -0.965926 -0
    outer loop
      vertex -11.0865 -16.873 10
      vertex -12.8305 -16.4057 2
      vertex -11.0865 -16.873 2
    endloop
  endfacet
  facet normal -0.454024 -0.89099 0
    outer loop
      vertex -16.125 -14.9389 2
      vertex -14.5162 -15.7587 10
      vertex -16.125 -14.9389 10
    endloop
  endfacet
  facet normal -0.454024 -0.89099 -0
    outer loop
      vertex -14.5162 -15.7587 10
      vertex -16.125 -14.9389 2
      vertex -14.5162 -15.7587 2
    endloop
  endfacet
  facet normal -0.629324 -0.777143 0
    outer loop
      vertex -19.0425 -12.8192 2
      vertex -17.6393 -13.9555 10
      vertex -19.0425 -12.8192 10
    endloop
  endfacet
  facet normal -0.629324 -0.777143 -0
    outer loop
      vertex -17.6393 -13.9555 10
      vertex -19.0425 -12.8192 2
      vertex -17.6393 -13.9555 2
    endloop
  endfacet
  facet normal -0.987684 -0.156461 0
    outer loop
      vertex -24.4659 -3 2
      vertex -24.6555 -1.80312 10
      vertex -24.6555 -1.80312 2
    endloop
  endfacet
  facet normal -0.987686 -0.156452 -0
    outer loop
      vertex -24.373 -3.58648 10
      vertex -24.4659 -3 2
      vertex -24.373 -3.58648 2
    endloop
  endfacet
  facet normal -0.987685 -0.156458 -4.46944e-07
    outer loop
      vertex -24.4659 -3 2
      vertex -24.373 -3.58648 10
      vertex -24.6555 -1.80312 10
    endloop
  endfacet
  facet normal -0.890988 -0.454026 0
    outer loop
      vertex -22.4389 -8.625 2
      vertex -23.2587 -7.01621 10
      vertex -23.2587 -7.01621 2
    endloop
  endfacet
  facet normal -0.890988 -0.454026 0
    outer loop
      vertex -23.2587 -7.01621 10
      vertex -22.4389 -8.625 2
      vertex -22.4389 -8.625 10
    endloop
  endfacet
  facet normal -0.629313 -0.777152 0
    outer loop
      vertex 1.16983 11.933 2
      vertex 2.36968 10.9614 10
      vertex 1.16983 11.933 10
    endloop
  endfacet
  facet normal -0.629313 -0.777152 -0
    outer loop
      vertex 2.36968 10.9614 10
      vertex 1.16983 11.933 2
      vertex 2.36968 10.9614 2
    endloop
  endfacet
  facet normal -0.99863 0.0523348 0
    outer loop
      vertex 7.1692 -1.54179 2
      vertex 7.25 0 10
      vertex 7.25 0 2
    endloop
  endfacet
  facet normal -0.99863 0.0523348 0
    outer loop
      vertex 7.25 0 10
      vertex 7.1692 -1.54179 2
      vertex 7.1692 -1.54179 10
    endloop
  endfacet
  facet normal 0.891013 -0.453978 0
    outer loop
      vertex -20.9748 5.99936 10
      vertex -20.2739 7.375 2
      vertex -20.2739 7.375 10
    endloop
  endfacet
  facet normal 0.891013 -0.453978 0
    outer loop
      vertex -20.2739 7.375 2
      vertex -20.9748 5.99936 10
      vertex -20.9748 5.99936 2
    endloop
  endfacet
  facet normal -0.891005 -0.453994 0
    outer loop
      vertex 5.9748 5.99936 2
      vertex 5.27387 7.375 10
      vertex 5.27387 7.375 2
    endloop
  endfacet
  facet normal -0.891005 -0.453994 0
    outer loop
      vertex 5.27387 7.375 10
      vertex 5.9748 5.99936 2
      vertex 5.9748 5.99936 10
    endloop
  endfacet
  facet normal -0.838671 -0.544638 0
    outer loop
      vertex 5.27387 7.375 2
      vertex 4.433 8.66983 10
      vertex 4.433 8.66983 2
    endloop
  endfacet
  facet normal -0.838671 -0.544638 0
    outer loop
      vertex 4.433 8.66983 10
      vertex 5.27387 7.375 2
      vertex 5.27387 7.375 10
    endloop
  endfacet
  facet normal 0.707113 -0.7071 0
    outer loop
      vertex -18.4614 9.86968 2
      vertex -17.3697 10.9614 10
      vertex -18.4614 9.86968 10
    endloop
  endfacet
  facet normal 0.707113 -0.7071 0
    outer loop
      vertex -17.3697 10.9614 10
      vertex -18.4614 9.86968 2
      vertex -17.3697 10.9614 2
    endloop
  endfacet
  facet normal 0.629297 -0.777165 0
    outer loop
      vertex -17.3697 10.9614 2
      vertex -16.1698 11.933 10
      vertex -17.3697 10.9614 10
    endloop
  endfacet
  facet normal 0.629297 -0.777165 0
    outer loop
      vertex -16.1698 11.933 10
      vertex -17.3697 10.9614 2
      vertex -16.1698 11.933 2
    endloop
  endfacet
  facet normal -0.933582 0.358364 0
    outer loop
      vertex 5.9748 -5.99936 2
      vertex 6.52808 -4.558 10
      vertex 6.52808 -4.558 2
    endloop
  endfacet
  facet normal -0.933582 0.358364 0
    outer loop
      vertex 6.52808 -4.558 10
      vertex 5.9748 -5.99936 2
      vertex 5.9748 -5.99936 10
    endloop
  endfacet
  facet normal 0.156421 0.987691 -0
    outer loop
      vertex -9.04179 -14.6692 2
      vertex -10.5667 -14.4277 10
      vertex -9.04179 -14.6692 10
    endloop
  endfacet
  facet normal 0.156421 0.987691 0
    outer loop
      vertex -10.5667 -14.4277 10
      vertex -9.04179 -14.6692 2
      vertex -10.5667 -14.4277 2
    endloop
  endfacet
  facet normal 0.707113 0.7071 -0
    outer loop
      vertex -17.3697 -10.9614 2
      vertex -18.4614 -9.86968 10
      vertex -17.3697 -10.9614 10
    endloop
  endfacet
  facet normal 0.707113 0.7071 0
    outer loop
      vertex -18.4614 -9.86968 10
      vertex -17.3697 -10.9614 2
      vertex -18.4614 -9.86968 2
    endloop
  endfacet
  facet normal 0.987691 0.156421 0
    outer loop
      vertex -21.9277 -3.0667 10
      vertex -22.1692 -1.54179 2
      vertex -22.1692 -1.54179 10
    endloop
  endfacet
  facet normal 0.987691 0.156421 0
    outer loop
      vertex -22.1692 -1.54179 2
      vertex -21.9277 -3.0667 10
      vertex -21.9277 -3.0667 2
    endloop
  endfacet
  facet normal -0.987689 -0.156433 0
    outer loop
      vertex 7.1692 1.54179 2
      vertex 6.92768 3.0667 10
      vertex 6.92768 3.0667 2
    endloop
  endfacet
  facet normal -0.987689 -0.156433 0
    outer loop
      vertex 6.92768 3.0667 10
      vertex 7.1692 1.54179 2
      vertex 7.1692 1.54179 10
    endloop
  endfacet
  facet normal -0.965925 -0.258823 0
    outer loop
      vertex 6.92768 3.0667 2
      vertex 6.52808 4.558 10
      vertex 6.52808 4.558 2
    endloop
  endfacet
  facet normal -0.965925 -0.258823 0
    outer loop
      vertex 6.52808 4.558 10
      vertex 6.92768 3.0667 2
      vertex 6.92768 3.0667 10
    endloop
  endfacet
  facet normal -0.933582 -0.358364 0
    outer loop
      vertex 6.52808 4.558 2
      vertex 5.9748 5.99936 10
      vertex 5.9748 5.99936 2
    endloop
  endfacet
  facet normal -0.933582 -0.358364 0
    outer loop
      vertex 5.9748 5.99936 10
      vertex 6.52808 4.558 2
      vertex 6.52808 4.558 10
    endloop
  endfacet
  facet normal -0.777149 -0.629317 0
    outer loop
      vertex 4.433 8.66983 2
      vertex 3.46139 9.86968 10
      vertex 3.46139 9.86968 2
    endloop
  endfacet
  facet normal -0.777149 -0.629317 0
    outer loop
      vertex 3.46139 9.86968 10
      vertex 4.433 8.66983 2
      vertex 4.433 8.66983 10
    endloop
  endfacet
  facet normal -0.70711 -0.707104 0
    outer loop
      vertex 3.46139 9.86968 2
      vertex 2.36968 10.9614 10
      vertex 2.36968 10.9614 2
    endloop
  endfacet
  facet normal -0.70711 -0.707104 0
    outer loop
      vertex 2.36968 10.9614 10
      vertex 3.46139 9.86968 2
      vertex 3.46139 9.86968 10
    endloop
  endfacet
  facet normal -0.544643 -0.838668 0
    outer loop
      vertex 1.06666 12 2
      vertex 1.16983 11.933 10
      vertex 1.06666 12 10
    endloop
  endfacet
  facet normal -0.544643 -0.838668 -0
    outer loop
      vertex 1.16983 11.933 10
      vertex 1.06666 12 2
      vertex 1.16983 11.933 2
    endloop
  endfacet
  facet normal 0.99863 -0.0523348 0
    outer loop
      vertex -22.25 0 10
      vertex -22.1692 1.54179 2
      vertex -22.1692 1.54179 10
    endloop
  endfacet
  facet normal 0.99863 -0.0523348 0
    outer loop
      vertex -22.1692 1.54179 2
      vertex -22.25 0 10
      vertex -22.25 0 2
    endloop
  endfacet
  facet normal 0.933577 -0.358376 0
    outer loop
      vertex -21.5281 4.558 10
      vertex -20.9748 5.99936 2
      vertex -20.9748 5.99936 10
    endloop
  endfacet
  facet normal 0.933577 -0.358376 0
    outer loop
      vertex -20.9748 5.99936 2
      vertex -21.5281 4.558 10
      vertex -21.5281 4.558 2
    endloop
  endfacet
  facet normal 0.965925 -0.258823 0
    outer loop
      vertex -21.9277 3.0667 10
      vertex -21.5281 4.558 2
      vertex -21.5281 4.558 10
    endloop
  endfacet
  facet normal 0.965925 -0.258823 0
    outer loop
      vertex -21.5281 4.558 2
      vertex -21.9277 3.0667 10
      vertex -21.9277 3.0667 2
    endloop
  endfacet
  facet normal 0.838662 -0.544652 0
    outer loop
      vertex -20.2739 7.375 10
      vertex -19.433 8.66983 2
      vertex -19.433 8.66983 10
    endloop
  endfacet
  facet normal 0.838662 -0.544652 0
    outer loop
      vertex -19.433 8.66983 2
      vertex -20.2739 7.375 10
      vertex -20.2739 7.375 2
    endloop
  endfacet
  facet normal 0.777152 -0.629313 0
    outer loop
      vertex -19.433 8.66983 10
      vertex -18.4614 9.86968 2
      vertex -18.4614 9.86968 10
    endloop
  endfacet
  facet normal 0.777152 -0.629313 0
    outer loop
      vertex -18.4614 9.86968 2
      vertex -19.433 8.66983 10
      vertex -19.433 8.66983 2
    endloop
  endfacet
  facet normal 0.544903 -0.838499 0
    outer loop
      vertex -16.1698 11.933 2
      vertex -16.0667 12 10
      vertex -16.1698 11.933 10
    endloop
  endfacet
  facet normal 0.544903 -0.838499 0
    outer loop
      vertex -16.0667 12 10
      vertex -16.1698 11.933 2
      vertex -16.0667 12 2
    endloop
  endfacet
  facet normal -0.99863 -0.0523348 0
    outer loop
      vertex 7.25 0 2
      vertex 7.1692 1.54179 10
      vertex 7.1692 1.54179 2
    endloop
  endfacet
  facet normal -0.99863 -0.0523348 0
    outer loop
      vertex 7.1692 1.54179 10
      vertex 7.25 0 2
      vertex 7.25 0 10
    endloop
  endfacet
  facet normal -0.965925 0.258823 0
    outer loop
      vertex 6.52808 -4.558 2
      vertex 6.92768 -3.0667 10
      vertex 6.92768 -3.0667 2
    endloop
  endfacet
  facet normal -0.965925 0.258823 0
    outer loop
      vertex 6.92768 -3.0667 10
      vertex 6.52808 -4.558 2
      vertex 6.52808 -4.558 10
    endloop
  endfacet
  facet normal -0.0523348 0.99863 0
    outer loop
      vertex -5.95821 -14.6692 2
      vertex -7.5 -14.75 10
      vertex -5.95821 -14.6692 10
    endloop
  endfacet
  facet normal -0.0523348 0.99863 0
    outer loop
      vertex -7.5 -14.75 10
      vertex -5.95821 -14.6692 2
      vertex -7.5 -14.75 2
    endloop
  endfacet
  facet normal -0.777149 0.629317 0
    outer loop
      vertex 3.46139 -9.86968 2
      vertex 4.433 -8.66983 10
      vertex 4.433 -8.66983 2
    endloop
  endfacet
  facet normal -0.777149 0.629317 0
    outer loop
      vertex 4.433 -8.66983 10
      vertex 3.46139 -9.86968 2
      vertex 3.46139 -9.86968 10
    endloop
  endfacet
  facet normal -0.156421 0.987691 0
    outer loop
      vertex -4.4333 -14.4277 2
      vertex -5.95821 -14.6692 10
      vertex -4.4333 -14.4277 10
    endloop
  endfacet
  facet normal -0.156421 0.987691 0
    outer loop
      vertex -5.95821 -14.6692 10
      vertex -4.4333 -14.4277 2
      vertex -5.95821 -14.6692 2
    endloop
  endfacet
  facet normal -0.258823 0.965925 0
    outer loop
      vertex -2.942 -14.0281 2
      vertex -4.4333 -14.4277 10
      vertex -2.942 -14.0281 10
    endloop
  endfacet
  facet normal -0.258823 0.965925 0
    outer loop
      vertex -4.4333 -14.4277 10
      vertex -2.942 -14.0281 2
      vertex -4.4333 -14.4277 2
    endloop
  endfacet
  facet normal -0.70711 0.707104 0
    outer loop
      vertex 2.36968 -10.9614 2
      vertex 3.46139 -9.86968 10
      vertex 3.46139 -9.86968 2
    endloop
  endfacet
  facet normal -0.70711 0.707104 0
    outer loop
      vertex 3.46139 -9.86968 10
      vertex 2.36968 -10.9614 2
      vertex 2.36968 -10.9614 10
    endloop
  endfacet
  facet normal -0.629313 0.777152 0
    outer loop
      vertex 2.36968 -10.9614 2
      vertex 1.16983 -11.933 10
      vertex 2.36968 -10.9614 10
    endloop
  endfacet
  facet normal -0.629313 0.777152 0
    outer loop
      vertex 1.16983 -11.933 10
      vertex 2.36968 -10.9614 2
      vertex 1.16983 -11.933 2
    endloop
  endfacet
  facet normal -0.453978 0.891013 0
    outer loop
      vertex -0.125 -12.7739 2
      vertex -1.50064 -13.4748 10
      vertex -0.125 -12.7739 10
    endloop
  endfacet
  facet normal -0.453978 0.891013 0
    outer loop
      vertex -1.50064 -13.4748 10
      vertex -0.125 -12.7739 2
      vertex -1.50064 -13.4748 2
    endloop
  endfacet
  facet normal 0.0523348 0.99863 -0
    outer loop
      vertex -7.5 -14.75 2
      vertex -9.04179 -14.6692 10
      vertex -7.5 -14.75 10
    endloop
  endfacet
  facet normal 0.0523348 0.99863 0
    outer loop
      vertex -9.04179 -14.6692 10
      vertex -7.5 -14.75 2
      vertex -9.04179 -14.6692 2
    endloop
  endfacet
  facet normal 0.358367 0.933581 -0
    outer loop
      vertex -12.058 -14.0281 2
      vertex -13.4994 -13.4748 10
      vertex -12.058 -14.0281 10
    endloop
  endfacet
  facet normal 0.358367 0.933581 0
    outer loop
      vertex -13.4994 -13.4748 10
      vertex -12.058 -14.0281 2
      vertex -13.4994 -13.4748 2
    endloop
  endfacet
  facet normal 0.54466 0.838657 -0
    outer loop
      vertex -14.875 -12.7739 2
      vertex -16.1698 -11.933 10
      vertex -14.875 -12.7739 10
    endloop
  endfacet
  facet normal 0.54466 0.838657 0
    outer loop
      vertex -16.1698 -11.933 10
      vertex -14.875 -12.7739 2
      vertex -16.1698 -11.933 2
    endloop
  endfacet
  facet normal 0.965925 0.258823 0
    outer loop
      vertex -21.5281 -4.558 10
      vertex -21.9277 -3.0667 2
      vertex -21.9277 -3.0667 10
    endloop
  endfacet
  facet normal 0.965925 0.258823 0
    outer loop
      vertex -21.9277 -3.0667 2
      vertex -21.5281 -4.558 10
      vertex -21.5281 -4.558 2
    endloop
  endfacet
  facet normal 0.99863 0.0523348 0
    outer loop
      vertex -22.1692 -1.54179 10
      vertex -22.25 0 2
      vertex -22.25 0 10
    endloop
  endfacet
  facet normal 0.99863 0.0523348 0
    outer loop
      vertex -22.25 0 2
      vertex -22.1692 -1.54179 10
      vertex -22.1692 -1.54179 2
    endloop
  endfacet
  facet normal 0.777152 0.629313 0
    outer loop
      vertex -18.4614 -9.86968 10
      vertex -19.433 -8.66983 2
      vertex -19.433 -8.66983 10
    endloop
  endfacet
  facet normal 0.777152 0.629313 0
    outer loop
      vertex -19.433 -8.66983 2
      vertex -18.4614 -9.86968 10
      vertex -18.4614 -9.86968 2
    endloop
  endfacet
  facet normal 0.891013 0.453978 0
    outer loop
      vertex -20.2739 -7.375 10
      vertex -20.9748 -5.99936 2
      vertex -20.9748 -5.99936 10
    endloop
  endfacet
  facet normal 0.891013 0.453978 0
    outer loop
      vertex -20.9748 -5.99936 2
      vertex -20.2739 -7.375 10
      vertex -20.2739 -7.375 2
    endloop
  endfacet
  facet normal 0.987691 -0.156421 0
    outer loop
      vertex -22.1692 1.54179 10
      vertex -21.9277 3.0667 2
      vertex -21.9277 3.0667 10
    endloop
  endfacet
  facet normal 0.987691 -0.156421 0
    outer loop
      vertex -21.9277 3.0667 2
      vertex -22.1692 1.54179 10
      vertex -22.1692 1.54179 2
    endloop
  endfacet
  facet normal -0.358376 0.933577 0
    outer loop
      vertex -1.50064 -13.4748 2
      vertex -2.942 -14.0281 10
      vertex -1.50064 -13.4748 10
    endloop
  endfacet
  facet normal -0.358376 0.933577 0
    outer loop
      vertex -2.942 -14.0281 10
      vertex -1.50064 -13.4748 2
      vertex -2.942 -14.0281 2
    endloop
  endfacet
  facet normal -0.544652 0.838662 0
    outer loop
      vertex 1.16983 -11.933 2
      vertex -0.125 -12.7739 10
      vertex 1.16983 -11.933 10
    endloop
  endfacet
  facet normal -0.544652 0.838662 0
    outer loop
      vertex -0.125 -12.7739 10
      vertex 1.16983 -11.933 2
      vertex -0.125 -12.7739 2
    endloop
  endfacet
  facet normal 0.258823 0.965925 -0
    outer loop
      vertex -10.5667 -14.4277 2
      vertex -12.058 -14.0281 10
      vertex -10.5667 -14.4277 10
    endloop
  endfacet
  facet normal 0.258823 0.965925 0
    outer loop
      vertex -12.058 -14.0281 10
      vertex -10.5667 -14.4277 2
      vertex -12.058 -14.0281 2
    endloop
  endfacet
  facet normal 0.453989 0.891007 -0
    outer loop
      vertex -13.4994 -13.4748 2
      vertex -14.875 -12.7739 10
      vertex -13.4994 -13.4748 10
    endloop
  endfacet
  facet normal 0.453989 0.891007 0
    outer loop
      vertex -14.875 -12.7739 10
      vertex -13.4994 -13.4748 2
      vertex -14.875 -12.7739 2
    endloop
  endfacet
  facet normal 0.629297 0.777165 -0
    outer loop
      vertex -16.1698 -11.933 2
      vertex -17.3697 -10.9614 10
      vertex -16.1698 -11.933 10
    endloop
  endfacet
  facet normal 0.629297 0.777165 0
    outer loop
      vertex -17.3697 -10.9614 10
      vertex -16.1698 -11.933 2
      vertex -17.3697 -10.9614 2
    endloop
  endfacet
  facet normal 0.933577 0.358376 0
    outer loop
      vertex -20.9748 -5.99936 10
      vertex -21.5281 -4.558 2
      vertex -21.5281 -4.558 10
    endloop
  endfacet
  facet normal 0.933577 0.358376 0
    outer loop
      vertex -21.5281 -4.558 2
      vertex -20.9748 -5.99936 10
      vertex -20.9748 -5.99936 2
    endloop
  endfacet
  facet normal 0.838662 0.544652 0
    outer loop
      vertex -19.433 -8.66983 10
      vertex -20.2739 -7.375 2
      vertex -20.2739 -7.375 10
    endloop
  endfacet
  facet normal 0.838662 0.544652 0
    outer loop
      vertex -20.2739 -7.375 2
      vertex -19.433 -8.66983 10
      vertex -19.433 -8.66983 2
    endloop
  endfacet
  facet normal -0.987689 0.156433 0
    outer loop
      vertex 6.92768 -3.0667 2
      vertex 7.1692 -1.54179 10
      vertex 7.1692 -1.54179 2
    endloop
  endfacet
  facet normal -0.987689 0.156433 0
    outer loop
      vertex 7.1692 -1.54179 10
      vertex 6.92768 -3.0667 2
      vertex 6.92768 -3.0667 10
    endloop
  endfacet
  facet normal -0.891005 0.453994 0
    outer loop
      vertex 5.27387 -7.375 2
      vertex 5.9748 -5.99936 10
      vertex 5.9748 -5.99936 2
    endloop
  endfacet
  facet normal -0.891005 0.453994 0
    outer loop
      vertex 5.9748 -5.99936 10
      vertex 5.27387 -7.375 2
      vertex 5.27387 -7.375 10
    endloop
  endfacet
  facet normal -0.838671 0.544638 0
    outer loop
      vertex 4.433 -8.66983 2
      vertex 5.27387 -7.375 10
      vertex 5.27387 -7.375 2
    endloop
  endfacet
  facet normal -0.838671 0.544638 0
    outer loop
      vertex 5.27387 -7.375 10
      vertex 4.433 -8.66983 2
      vertex 4.433 -8.66983 10
    endloop
  endfacet
endsolid OpenSCAD_Model
