solid OpenSCAD_Model
  facet normal 0.23344727397590948 -0.972369461816452 0
    outer loop
      vertex -21.463523864746094 1.426584243774414 0
      vertex -21.234651565551758 1.481532096862793 4
      vertex -21.463523864746094 1.426584243774414 4
    endloop
  endfacet
  facet normal 0.23344727397590948 -0.972369461816452 0
    outer loop
      vertex -21.234651565551758 1.481532096862793 4
      vertex -21.463523864746094 1.426584243774414 0
      vertex -21.234651565551758 1.481532096862793 0
    endloop
  endfacet
  facet normal 0.6494493445178161 0.7604048585492987 0
    outer loop
      vertex -21.881677627563477 -1.2135248184204102 0
      vertex -22.060659408569336 -1.060659408569336 4
      vertex -21.881677627563477 -1.2135248184204102 4
    endloop
  endfacet
  facet normal 0.6494493445178161 0.7604048585492987 0
    outer loop
      vertex -22.060659408569336 -1.060659408569336 4
      vertex -21.881677627563477 -1.2135248184204102 0
      vertex -22.060659408569336 -1.060659408569336 0
    endloop
  endfacet
  facet normal 0.07846088777292828 0.9969171926945006 0
    outer loop
      vertex -21 -1.5 0
      vertex -21.234651565551758 -1.481532096862793 4
      vertex -21 -1.5 4
    endloop
  endfacet
  facet normal 0.07846088777292828 0.9969171926945006 0
    outer loop
      vertex -21.234651565551758 -1.481532096862793 4
      vertex -21 -1.5 0
      vertex -21.234651565551758 -1.481532096862793 0
    endloop
  endfacet
  facet normal 0.5224984956202194 0.8526402066960058 0
    outer loop
      vertex -21.680984497070312 -1.3365097045898438 0
      vertex -21.881677627563477 -1.2135248184204102 4
      vertex -21.680984497070312 -1.3365097045898438 4
    endloop
  endfacet
  facet normal 0.5224984956202194 0.8526402066960058 0
    outer loop
      vertex -21.881677627563477 -1.2135248184204102 4
      vertex -21.680984497070312 -1.3365097045898438 0
      vertex -21.881677627563477 -1.2135248184204102 0
    endloop
  endfacet
  facet normal 0.6494493445178161 -0.7604048585492987 0
    outer loop
      vertex -22.060659408569336 1.060659408569336 0
      vertex -21.881677627563477 1.2135248184204102 4
      vertex -22.060659408569336 1.060659408569336 4
    endloop
  endfacet
  facet normal 0.6494493445178161 -0.7604048585492987 0
    outer loop
      vertex -21.881677627563477 1.2135248184204102 4
      vertex -22.060659408569336 1.060659408569336 0
      vertex -21.881677627563477 1.2135248184204102 0
    endloop
  endfacet
  facet normal -0.9238804397684254 0.3826812420452574 0
    outer loop
      vertex -17.663490295410156 -0.6809854507446289 0
      vertex -17.573415756225586 -0.46352481842041016 4
      vertex -17.573415756225586 -0.46352481842041016 0
    endloop
  endfacet
  facet normal -0.9238804397684254 0.3826812420452574 0
    outer loop
      vertex -17.573415756225586 -0.46352481842041016 4
      vertex -17.663490295410156 -0.6809854507446289 0
      vertex -17.663490295410156 -0.6809854507446289 4
    endloop
  endfacet
  facet normal -0.9723687628983874 -0.23345018513477292 0
    outer loop
      vertex -17.51846694946289 0.2346515655517578 0
      vertex -17.573415756225586 0.46352481842041016 4
      vertex -17.573415756225586 0.46352481842041016 0
    endloop
  endfacet
  facet normal -0.9723687628983874 -0.23345018513477292 0
    outer loop
      vertex -17.573415756225586 0.46352481842041016 4
      vertex -17.51846694946289 0.2346515655517578 0
      vertex -17.51846694946289 0.2346515655517578 4
    endloop
  endfacet
  facet normal 0.9969175096052816 0.07845686102823277 0
    outer loop
      vertex -22.48153305053711 -0.2346515655517578 4
      vertex -22.5 0 0
      vertex -22.5 0 4
    endloop
  endfacet
  facet normal 0.9969175096052816 0.07845686102823277 0
    outer loop
      vertex -22.5 0 0
      vertex -22.48153305053711 -0.2346515655517578 4
      vertex -22.48153305053711 -0.2346515655517578 0
    endloop
  endfacet
  facet normal 0.9238804397684254 -0.3826812420452574 0
    outer loop
      vertex -22.426584243774414 0.46352481842041016 4
      vertex -22.336509704589844 0.6809854507446289 0
      vertex -22.336509704589844 0.6809854507446289 4
    endloop
  endfacet
  facet normal 0.9238804397684254 -0.3826812420452574 0
    outer loop
      vertex -22.336509704589844 0.6809854507446289 0
      vertex -22.426584243774414 0.46352481842041016 4
      vertex -22.426584243774414 0.46352481842041016 0
    endloop
  endfacet
  facet normal 0.3826812420452574 -0.9238804397684254 0
    outer loop
      vertex -21.680984497070312 1.3365097045898438 0
      vertex -21.463523864746094 1.426584243774414 4
      vertex -21.680984497070312 1.3365097045898438 4
    endloop
  endfacet
  facet normal 0.3826812420452574 -0.9238804397684254 0
    outer loop
      vertex -21.463523864746094 1.426584243774414 4
      vertex -21.680984497070312 1.3365097045898438 0
      vertex -21.463523864746094 1.426584243774414 0
    endloop
  endfacet
  facet normal 0.9238804397684254 0.3826812420452574 0
    outer loop
      vertex -22.336509704589844 -0.6809854507446289 4
      vertex -22.426584243774414 -0.46352481842041016 0
      vertex -22.426584243774414 -0.46352481842041016 4
    endloop
  endfacet
  facet normal 0.9238804397684254 0.3826812420452574 0
    outer loop
      vertex -22.426584243774414 -0.46352481842041016 0
      vertex -22.336509704589844 -0.6809854507446289 4
      vertex -22.336509704589844 -0.6809854507446289 0
    endloop
  endfacet
  facet normal -0.9238804397684254 -0.3826812420452574 0
    outer loop
      vertex -17.573415756225586 0.46352481842041016 0
      vertex -17.663490295410156 0.6809854507446289 4
      vertex -17.663490295410156 0.6809854507446289 0
    endloop
  endfacet
  facet normal -0.9238804397684254 -0.3826812420452574 0
    outer loop
      vertex -17.663490295410156 0.6809854507446289 4
      vertex -17.573415756225586 0.46352481842041016 0
      vertex -17.573415756225586 0.46352481842041016 4
    endloop
  endfacet
  facet normal 0.23344727397590948 0.972369461816452 0
    outer loop
      vertex -21.234651565551758 -1.481532096862793 0
      vertex -21.463523864746094 -1.426584243774414 4
      vertex -21.234651565551758 -1.481532096862793 4
    endloop
  endfacet
  facet normal 0.23344727397590948 0.972369461816452 0
    outer loop
      vertex -21.463523864746094 -1.426584243774414 4
      vertex -21.234651565551758 -1.481532096862793 0
      vertex -21.463523864746094 -1.426584243774414 0
    endloop
  endfacet
  facet normal -0.23344727397590948 0.972369461816452 0
    outer loop
      vertex -18.536476135253906 -1.426584243774414 0
      vertex -18.765348434448242 -1.481532096862793 4
      vertex -18.536476135253906 -1.426584243774414 4
    endloop
  endfacet
  facet normal -0.23344727397590948 0.972369461816452 0
    outer loop
      vertex -18.765348434448242 -1.481532096862793 4
      vertex -18.536476135253906 -1.426584243774414 0
      vertex -18.765348434448242 -1.481532096862793 0
    endloop
  endfacet
  facet normal -0.3826812420452574 -0.9238804397684254 0
    outer loop
      vertex -18.536476135253906 1.426584243774414 0
      vertex -18.319015502929688 1.3365097045898438 4
      vertex -18.536476135253906 1.426584243774414 4
    endloop
  endfacet
  facet normal -0.3826812420452574 -0.9238804397684254 0
    outer loop
      vertex -18.319015502929688 1.3365097045898438 4
      vertex -18.536476135253906 1.426584243774414 0
      vertex -18.319015502929688 1.3365097045898438 0
    endloop
  endfacet
  facet normal -0.8526372955265074 -0.5225032461882351 0
    outer loop
      vertex -17.663490295410156 0.6809854507446289 0
      vertex -17.786476135253906 0.8816776275634766 4
      vertex -17.786476135253906 0.8816776275634766 0
    endloop
  endfacet
  facet normal -0.8526372955265074 -0.5225032461882351 0
    outer loop
      vertex -17.786476135253906 0.8816776275634766 4
      vertex -17.663490295410156 0.6809854507446289 0
      vertex -17.663490295410156 0.6809854507446289 4
    endloop
  endfacet
  facet normal -0.9969175096052816 0.07845686102823277 0
    outer loop
      vertex -17.51846694946289 -0.2346515655517578 0
      vertex -17.5 0 4
      vertex -17.5 0 0
    endloop
  endfacet
  facet normal -0.9969175096052816 0.07845686102823277 0
    outer loop
      vertex -17.5 0 4
      vertex -17.51846694946289 -0.2346515655517578 0
      vertex -17.51846694946289 -0.2346515655517578 4
    endloop
  endfacet
  facet normal 0.760406859455222 0.6494470017587627 0
    outer loop
      vertex -22.060659408569336 -1.060659408569336 4
      vertex -22.213523864746094 -0.8816776275634766 0
      vertex -22.213523864746094 -0.8816776275634766 4
    endloop
  endfacet
  facet normal 0.760406859455222 0.6494470017587627 0
    outer loop
      vertex -22.213523864746094 -0.8816776275634766 0
      vertex -22.060659408569336 -1.060659408569336 4
      vertex -22.060659408569336 -1.060659408569336 0
    endloop
  endfacet
  facet normal -0.8526372955265074 0.5225032461882351 0
    outer loop
      vertex -17.786476135253906 -0.8816776275634766 0
      vertex -17.663490295410156 -0.6809854507446289 4
      vertex -17.663490295410156 -0.6809854507446289 0
    endloop
  endfacet
  facet normal -0.8526372955265074 0.5225032461882351 0
    outer loop
      vertex -17.663490295410156 -0.6809854507446289 4
      vertex -17.786476135253906 -0.8816776275634766 0
      vertex -17.786476135253906 -0.8816776275634766 4
    endloop
  endfacet
  facet normal 0.9969175096052816 -0.07845686102823277 0
    outer loop
      vertex -22.5 0 4
      vertex -22.48153305053711 0.2346515655517578 0
      vertex -22.48153305053711 0.2346515655517578 4
    endloop
  endfacet
  facet normal 0.9969175096052816 -0.07845686102823277 0
    outer loop
      vertex -22.48153305053711 0.2346515655517578 0
      vertex -22.5 0 4
      vertex -22.5 0 0
    endloop
  endfacet
  facet normal 0 -1 0
    outer loop
      vertex -21 1.5 0
      vertex -19 1.5 4
      vertex -21 1.5 4
    endloop
  endfacet
  facet normal 0 -1 0
    outer loop
      vertex -19 1.5 4
      vertex -21 1.5 0
      vertex -19 1.5 0
    endloop
  endfacet
  facet normal 0.9723687628983874 0.23345018513477292 0
    outer loop
      vertex -22.426584243774414 -0.46352481842041016 4
      vertex -22.48153305053711 -0.2346515655517578 0
      vertex -22.48153305053711 -0.2346515655517578 4
    endloop
  endfacet
  facet normal 0.9723687628983874 0.23345018513477292 0
    outer loop
      vertex -22.48153305053711 -0.2346515655517578 0
      vertex -22.426584243774414 -0.46352481842041016 4
      vertex -22.426584243774414 -0.46352481842041016 0
    endloop
  endfacet
  facet normal -0.9723687628983874 0.23345018513477292 0
    outer loop
      vertex -17.573415756225586 -0.46352481842041016 0
      vertex -17.51846694946289 -0.2346515655517578 4
      vertex -17.51846694946289 -0.2346515655517578 0
    endloop
  endfacet
  facet normal -0.9723687628983874 0.23345018513477292 0
    outer loop
      vertex -17.51846694946289 -0.2346515655517578 4
      vertex -17.573415756225586 -0.46352481842041016 0
      vertex -17.573415756225586 -0.46352481842041016 4
    endloop
  endfacet
  facet normal 0.3826812420452574 0.9238804397684254 0
    outer loop
      vertex -21.463523864746094 -1.426584243774414 0
      vertex -21.680984497070312 -1.3365097045898438 4
      vertex -21.463523864746094 -1.426584243774414 4
    endloop
  endfacet
  facet normal 0.3826812420452574 0.9238804397684254 0
    outer loop
      vertex -21.680984497070312 -1.3365097045898438 4
      vertex -21.463523864746094 -1.426584243774414 0
      vertex -21.680984497070312 -1.3365097045898438 0
    endloop
  endfacet
  facet normal 0.760406859455222 -0.6494470017587627 0
    outer loop
      vertex -22.213523864746094 0.8816776275634766 4
      vertex -22.060659408569336 1.060659408569336 0
      vertex -22.060659408569336 1.060659408569336 4
    endloop
  endfacet
  facet normal 0.760406859455222 -0.6494470017587627 0
    outer loop
      vertex -22.060659408569336 1.060659408569336 0
      vertex -22.213523864746094 0.8816776275634766 4
      vertex -22.213523864746094 0.8816776275634766 0
    endloop
  endfacet
  facet normal -0.07846088777292828 0.9969171926945006 0
    outer loop
      vertex -18.765348434448242 -1.481532096862793 0
      vertex -19 -1.5 4
      vertex -18.765348434448242 -1.481532096862793 4
    endloop
  endfacet
  facet normal -0.07846088777292828 0.9969171926945006 0
    outer loop
      vertex -19 -1.5 4
      vertex -18.765348434448242 -1.481532096862793 0
      vertex -19 -1.5 0
    endloop
  endfacet
  facet normal 0.9723687628983874 -0.23345018513477292 0
    outer loop
      vertex -22.48153305053711 0.2346515655517578 4
      vertex -22.426584243774414 0.46352481842041016 0
      vertex -22.426584243774414 0.46352481842041016 4
    endloop
  endfacet
  facet normal 0.9723687628983874 -0.23345018513477292 0
    outer loop
      vertex -22.426584243774414 0.46352481842041016 0
      vertex -22.48153305053711 0.2346515655517578 4
      vertex -22.48153305053711 0.2346515655517578 0
    endloop
  endfacet
  facet normal -0.07846088777292828 -0.9969171926945006 0
    outer loop
      vertex -19 1.5 0
      vertex -18.765348434448242 1.481532096862793 4
      vertex -19 1.5 4
    endloop
  endfacet
  facet normal -0.07846088777292828 -0.9969171926945006 0
    outer loop
      vertex -18.765348434448242 1.481532096862793 4
      vertex -19 1.5 0
      vertex -18.765348434448242 1.481532096862793 0
    endloop
  endfacet
  facet normal 0.8526372955265074 0.5225032461882351 0
    outer loop
      vertex -22.213523864746094 -0.8816776275634766 4
      vertex -22.336509704589844 -0.6809854507446289 0
      vertex -22.336509704589844 -0.6809854507446289 4
    endloop
  endfacet
  facet normal 0.8526372955265074 0.5225032461882351 0
    outer loop
      vertex -22.336509704589844 -0.6809854507446289 0
      vertex -22.213523864746094 -0.8816776275634766 4
      vertex -22.213523864746094 -0.8816776275634766 0
    endloop
  endfacet
  facet normal -0.760406859455222 -0.6494470017587627 0
    outer loop
      vertex -17.786476135253906 0.8816776275634766 0
      vertex -17.939340591430664 1.060659408569336 4
      vertex -17.939340591430664 1.060659408569336 0
    endloop
  endfacet
  facet normal -0.760406859455222 -0.6494470017587627 0
    outer loop
      vertex -17.939340591430664 1.060659408569336 4
      vertex -17.786476135253906 0.8816776275634766 0
      vertex -17.786476135253906 0.8816776275634766 4
    endloop
  endfacet
  facet normal -0.23344727397590948 -0.972369461816452 0
    outer loop
      vertex -18.765348434448242 1.481532096862793 0
      vertex -18.536476135253906 1.426584243774414 4
      vertex -18.765348434448242 1.481532096862793 4
    endloop
  endfacet
  facet normal -0.23344727397590948 -0.972369461816452 0
    outer loop
      vertex -18.536476135253906 1.426584243774414 4
      vertex -18.765348434448242 1.481532096862793 0
      vertex -18.536476135253906 1.426584243774414 0
    endloop
  endfacet
  facet normal 0.5224984956202194 -0.8526402066960058 0
    outer loop
      vertex -21.881677627563477 1.2135248184204102 0
      vertex -21.680984497070312 1.3365097045898438 4
      vertex -21.881677627563477 1.2135248184204102 4
    endloop
  endfacet
  facet normal 0.5224984956202194 -0.8526402066960058 0
    outer loop
      vertex -21.680984497070312 1.3365097045898438 4
      vertex -21.881677627563477 1.2135248184204102 0
      vertex -21.680984497070312 1.3365097045898438 0
    endloop
  endfacet
  facet normal 0 1 0
    outer loop
      vertex -19 -1.5 0
      vertex -21 -1.5 4
      vertex -19 -1.5 4
    endloop
  endfacet
  facet normal 0 1 0
    outer loop
      vertex -21 -1.5 4
      vertex -19 -1.5 0
      vertex -21 -1.5 0
    endloop
  endfacet
  facet normal 0.8526372955265074 -0.5225032461882351 0
    outer loop
      vertex -22.336509704589844 0.6809854507446289 4
      vertex -22.213523864746094 0.8816776275634766 0
      vertex -22.213523864746094 0.8816776275634766 4
    endloop
  endfacet
  facet normal 0.8526372955265074 -0.5225032461882351 0
    outer loop
      vertex -22.213523864746094 0.8816776275634766 0
      vertex -22.336509704589844 0.6809854507446289 4
      vertex -22.336509704589844 0.6809854507446289 0
    endloop
  endfacet
  facet normal 0.07846088777292828 -0.9969171926945006 0
    outer loop
      vertex -21.234651565551758 1.481532096862793 0
      vertex -21 1.5 4
      vertex -21.234651565551758 1.481532096862793 4
    endloop
  endfacet
  facet normal 0.07846088777292828 -0.9969171926945006 0
    outer loop
      vertex -21 1.5 4
      vertex -21.234651565551758 1.481532096862793 0
      vertex -21 1.5 0
    endloop
  endfacet
  facet normal -0.5224984956202194 -0.8526402066960058 0
    outer loop
      vertex -18.319015502929688 1.3365097045898438 0
      vertex -18.118322372436523 1.2135248184204102 4
      vertex -18.319015502929688 1.3365097045898438 4
    endloop
  endfacet
  facet normal -0.5224984956202194 -0.8526402066960058 0
    outer loop
      vertex -18.118322372436523 1.2135248184204102 4
      vertex -18.319015502929688 1.3365097045898438 0
      vertex -18.118322372436523 1.2135248184204102 0
    endloop
  endfacet
  facet normal -0.5224984956202194 0.8526402066960058 0
    outer loop
      vertex -18.118322372436523 -1.2135248184204102 0
      vertex -18.319015502929688 -1.3365097045898438 4
      vertex -18.118322372436523 -1.2135248184204102 4
    endloop
  endfacet
  facet normal -0.5224984956202194 0.8526402066960058 0
    outer loop
      vertex -18.319015502929688 -1.3365097045898438 4
      vertex -18.118322372436523 -1.2135248184204102 0
      vertex -18.319015502929688 -1.3365097045898438 0
    endloop
  endfacet
  facet normal -0.3826812420452574 0.9238804397684254 0
    outer loop
      vertex -18.319015502929688 -1.3365097045898438 0
      vertex -18.536476135253906 -1.426584243774414 4
      vertex -18.319015502929688 -1.3365097045898438 4
    endloop
  endfacet
  facet normal -0.3826812420452574 0.9238804397684254 0
    outer loop
      vertex -18.536476135253906 -1.426584243774414 4
      vertex -18.319015502929688 -1.3365097045898438 0
      vertex -18.536476135253906 -1.426584243774414 0
    endloop
  endfacet
  facet normal -0.9969175096052816 -0.07845686102823277 0
    outer loop
      vertex -17.5 0 0
      vertex -17.51846694946289 0.2346515655517578 4
      vertex -17.51846694946289 0.2346515655517578 0
    endloop
  endfacet
  facet normal -0.9969175096052816 -0.07845686102823277 0
    outer loop
      vertex -17.51846694946289 0.2346515655517578 4
      vertex -17.5 0 0
      vertex -17.5 0 4
    endloop
  endfacet
  facet normal -0.6494493445178161 -0.7604048585492987 0
    outer loop
      vertex -18.118322372436523 1.2135248184204102 0
      vertex -17.939340591430664 1.060659408569336 4
      vertex -18.118322372436523 1.2135248184204102 4
    endloop
  endfacet
  facet normal -0.6494493445178161 -0.7604048585492987 0
    outer loop
      vertex -17.939340591430664 1.060659408569336 4
      vertex -18.118322372436523 1.2135248184204102 0
      vertex -17.939340591430664 1.060659408569336 0
    endloop
  endfacet
  facet normal -0.760406859455222 0.6494470017587627 0
    outer loop
      vertex -17.939340591430664 -1.060659408569336 0
      vertex -17.786476135253906 -0.8816776275634766 4
      vertex -17.786476135253906 -0.8816776275634766 0
    endloop
  endfacet
  facet normal -0.760406859455222 0.6494470017587627 0
    outer loop
      vertex -17.786476135253906 -0.8816776275634766 4
      vertex -17.939340591430664 -1.060659408569336 0
      vertex -17.939340591430664 -1.060659408569336 4
    endloop
  endfacet
  facet normal -0.6494493445178161 0.7604048585492987 0
    outer loop
      vertex -17.939340591430664 -1.060659408569336 0
      vertex -18.118322372436523 -1.2135248184204102 4
      vertex -17.939340591430664 -1.060659408569336 4
    endloop
  endfacet
  facet normal -0.6494493445178161 0.7604048585492987 0
    outer loop
      vertex -18.118322372436523 -1.2135248184204102 4
      vertex -17.939340591430664 -1.060659408569336 0
      vertex -18.118322372436523 -1.2135248184204102 0
    endloop
  endfacet
  facet normal 0.3826829712095419 0.9238797235280342 0
    outer loop
      vertex -1.6180334091186523 -1.9021129608154297 0
      vertex -1.9079809188842773 -1.782012939453125 4
      vertex -1.6180334091186523 -1.9021129608154297 4
    endloop
  endfacet
  facet normal 0.3826829712095419 0.9238797235280342 0
    outer loop
      vertex -1.9079809188842773 -1.782012939453125 4
      vertex -1.6180334091186523 -1.9021129608154297 0
      vertex -1.9079809188842773 -1.782012939453125 0
    endloop
  endfacet
  facet normal 0.6494482586037575 0.7604057860093826 0
    outer loop
      vertex -2.175570487976074 -1.6180334091186523 0
      vertex -2.414213180541992 -1.4142131805419922 4
      vertex -2.175570487976074 -1.6180334091186523 4
    endloop
  endfacet
  facet normal 0.6494482586037575 0.7604057860093826 0
    outer loop
      vertex -2.414213180541992 -1.4142131805419922 4
      vertex -2.175570487976074 -1.6180334091186523 0
      vertex -2.414213180541992 -1.4142131805419922 0
    endloop
  endfacet
  facet normal 0.23344374902730658 0.9723703080823046 0
    outer loop
      vertex -1.3128681182861328 -1.9753761291503906 0
      vertex -1.6180334091186523 -1.9021129608154297 4
      vertex -1.3128681182861328 -1.9753761291503906 4
    endloop
  endfacet
  facet normal 0.23344374902730658 0.9723703080823046 0
    outer loop
      vertex -1.6180334091186523 -1.9021129608154297 4
      vertex -1.3128681182861328 -1.9753761291503906 0
      vertex -1.6180334091186523 -1.9021129608154297 0
    endloop
  endfacet
  facet normal -0.7604057860093826 -0.6494482586037575 0
    outer loop
      vertex 2.6180334091186523 1.1755704879760742 0
      vertex 2.414213180541992 1.4142131805419922 4
      vertex 2.414213180541992 1.4142131805419922 0
    endloop
  endfacet
  facet normal -0.7604057860093826 -0.6494482586037575 0
    outer loop
      vertex 2.414213180541992 1.4142131805419922 4
      vertex 2.6180334091186523 1.1755704879760742 0
      vertex 2.6180334091186523 1.1755704879760742 4
    endloop
  endfacet
  facet normal -0.6494482586037575 0.7604057860093826 0
    outer loop
      vertex 2.414213180541992 -1.4142131805419922 0
      vertex 2.175570487976074 -1.6180334091186523 4
      vertex 2.414213180541992 -1.4142131805419922 4
    endloop
  endfacet
  facet normal -0.6494482586037575 0.7604057860093826 0
    outer loop
      vertex 2.175570487976074 -1.6180334091186523 4
      vertex 2.414213180541992 -1.4142131805419922 0
      vertex 2.175570487976074 -1.6180334091186523 0
    endloop
  endfacet
  facet normal -0.5224995642681663 0.8526395518268997 0
    outer loop
      vertex 2.175570487976074 -1.6180334091186523 0
      vertex 1.9079809188842773 -1.782012939453125 4
      vertex 2.175570487976074 -1.6180334091186523 4
    endloop
  endfacet
  facet normal -0.5224995642681663 0.8526395518268997 0
    outer loop
      vertex 1.9079809188842773 -1.782012939453125 4
      vertex 2.175570487976074 -1.6180334091186523 0
      vertex 1.9079809188842773 -1.782012939453125 0
    endloop
  endfacet
  facet normal 0.5224995642681663 0.8526395518268997 0
    outer loop
      vertex -1.9079809188842773 -1.782012939453125 0
      vertex -2.175570487976074 -1.6180334091186523 4
      vertex -1.9079809188842773 -1.782012939453125 4
    endloop
  endfacet
  facet normal 0.5224995642681663 0.8526395518268997 0
    outer loop
      vertex -2.175570487976074 -1.6180334091186523 4
      vertex -1.9079809188842773 -1.782012939453125 0
      vertex -2.175570487976074 -1.6180334091186523 0
    endloop
  endfacet
  facet normal 0.9723703080823046 -0.23344374902730658 0
    outer loop
      vertex -2.9753761291503906 0.3128681182861328 4
      vertex -2.9021129608154297 0.6180334091186523 0
      vertex -2.9021129608154297 0.6180334091186523 4
    endloop
  endfacet
  facet normal 0.9723703080823046 -0.23344374902730658 0
    outer loop
      vertex -2.9021129608154297 0.6180334091186523 0
      vertex -2.9753761291503906 0.3128681182861328 4
      vertex -2.9753761291503906 0.3128681182861328 0
    endloop
  endfacet
  facet normal 0.07846104623265363 0.9969171802231505 0
    outer loop
      vertex -1 -2 0
      vertex -1.3128681182861328 -1.9753761291503906 4
      vertex -1 -2 4
    endloop
  endfacet
  facet normal 0.07846104623265363 0.9969171802231505 0
    outer loop
      vertex -1.3128681182861328 -1.9753761291503906 4
      vertex -1 -2 0
      vertex -1.3128681182861328 -1.9753761291503906 0
    endloop
  endfacet
  facet normal 0.7604057860093826 0.6494482586037575 0
    outer loop
      vertex -2.414213180541992 -1.4142131805419922 4
      vertex -2.6180334091186523 -1.1755704879760742 0
      vertex -2.6180334091186523 -1.1755704879760742 4
    endloop
  endfacet
  facet normal 0.7604057860093826 0.6494482586037575 0
    outer loop
      vertex -2.6180334091186523 -1.1755704879760742 0
      vertex -2.414213180541992 -1.4142131805419922 4
      vertex -2.414213180541992 -1.4142131805419922 0
    endloop
  endfacet
  facet normal -0.9238797235280342 0.3826829712095419 0
    outer loop
      vertex 2.782012939453125 -0.9079809188842773 0
      vertex 2.9021129608154297 -0.6180334091186523 4
      vertex 2.9021129608154297 -0.6180334091186523 0
    endloop
  endfacet
  facet normal -0.9238797235280342 0.3826829712095419 0
    outer loop
      vertex 2.9021129608154297 -0.6180334091186523 4
      vertex 2.782012939453125 -0.9079809188842773 0
      vertex 2.782012939453125 -0.9079809188842773 4
    endloop
  endfacet
  facet normal -0.3826829712095419 0.9238797235280342 0
    outer loop
      vertex 1.9079809188842773 -1.782012939453125 0
      vertex 1.6180334091186523 -1.9021129608154297 4
      vertex 1.9079809188842773 -1.782012939453125 4
    endloop
  endfacet
  facet normal -0.3826829712095419 0.9238797235280342 0
    outer loop
      vertex 1.6180334091186523 -1.9021129608154297 4
      vertex 1.9079809188842773 -1.782012939453125 0
      vertex 1.6180334091186523 -1.9021129608154297 0
    endloop
  endfacet
  facet normal 0.23344374902730658 -0.9723703080823046 0
    outer loop
      vertex -1.6180334091186523 1.9021129608154297 0
      vertex -1.3128681182861328 1.9753761291503906 4
      vertex -1.6180334091186523 1.9021129608154297 4
    endloop
  endfacet
  facet normal 0.23344374902730658 -0.9723703080823046 0
    outer loop
      vertex -1.3128681182861328 1.9753761291503906 4
      vertex -1.6180334091186523 1.9021129608154297 0
      vertex -1.3128681182861328 1.9753761291503906 0
    endloop
  endfacet
  facet normal 0 1 0
    outer loop
      vertex 1 -2 0
      vertex -1 -2 4
      vertex 1 -2 4
    endloop
  endfacet
  facet normal 0 1 0
    outer loop
      vertex -1 -2 4
      vertex 1 -2 0
      vertex -1 -2 0
    endloop
  endfacet
  facet normal -0.9723703080823046 0.23344374902730658 0
    outer loop
      vertex 2.9021129608154297 -0.6180334091186523 0
      vertex 2.9753761291503906 -0.3128681182861328 4
      vertex 2.9753761291503906 -0.3128681182861328 0
    endloop
  endfacet
  facet normal -0.9723703080823046 0.23344374902730658 0
    outer loop
      vertex 2.9753761291503906 -0.3128681182861328 4
      vertex 2.9021129608154297 -0.6180334091186523 0
      vertex 2.9021129608154297 -0.6180334091186523 4
    endloop
  endfacet
  facet normal -0.23344374902730658 0.9723703080823046 0
    outer loop
      vertex 1.6180334091186523 -1.9021129608154297 0
      vertex 1.3128681182861328 -1.9753761291503906 4
      vertex 1.6180334091186523 -1.9021129608154297 4
    endloop
  endfacet
  facet normal -0.23344374902730658 0.9723703080823046 0
    outer loop
      vertex 1.3128681182861328 -1.9753761291503906 4
      vertex 1.6180334091186523 -1.9021129608154297 0
      vertex 1.3128681182861328 -1.9753761291503906 0
    endloop
  endfacet
  facet normal 0.8526395518268997 0.5224995642681663 0
    outer loop
      vertex -2.6180334091186523 -1.1755704879760742 4
      vertex -2.782012939453125 -0.9079809188842773 0
      vertex -2.782012939453125 -0.9079809188842773 4
    endloop
  endfacet
  facet normal 0.8526395518268997 0.5224995642681663 0
    outer loop
      vertex -2.782012939453125 -0.9079809188842773 0
      vertex -2.6180334091186523 -1.1755704879760742 4
      vertex -2.6180334091186523 -1.1755704879760742 0
    endloop
  endfacet
  facet normal 0.9238797235280342 0.3826829712095419 0
    outer loop
      vertex -2.782012939453125 -0.9079809188842773 4
      vertex -2.9021129608154297 -0.6180334091186523 0
      vertex -2.9021129608154297 -0.6180334091186523 4
    endloop
  endfacet
  facet normal 0.9238797235280342 0.3826829712095419 0
    outer loop
      vertex -2.9021129608154297 -0.6180334091186523 0
      vertex -2.782012939453125 -0.9079809188842773 4
      vertex -2.782012939453125 -0.9079809188842773 0
    endloop
  endfacet
  facet normal -0.6494482586037575 -0.7604057860093826 0
    outer loop
      vertex 2.175570487976074 1.6180334091186523 0
      vertex 2.414213180541992 1.4142131805419922 4
      vertex 2.175570487976074 1.6180334091186523 4
    endloop
  endfacet
  facet normal -0.6494482586037575 -0.7604057860093826 0
    outer loop
      vertex 2.414213180541992 1.4142131805419922 4
      vertex 2.175570487976074 1.6180334091186523 0
      vertex 2.414213180541992 1.4142131805419922 0
    endloop
  endfacet
  facet normal 0.8526395518268997 -0.5224995642681663 0
    outer loop
      vertex -2.782012939453125 0.9079809188842773 4
      vertex -2.6180334091186523 1.1755704879760742 0
      vertex -2.6180334091186523 1.1755704879760742 4
    endloop
  endfacet
  facet normal 0.8526395518268997 -0.5224995642681663 0
    outer loop
      vertex -2.6180334091186523 1.1755704879760742 0
      vertex -2.782012939453125 0.9079809188842773 4
      vertex -2.782012939453125 0.9079809188842773 0
    endloop
  endfacet
  facet normal 0.07846104623265363 -0.9969171802231505 0
    outer loop
      vertex -1.3128681182861328 1.9753761291503906 0
      vertex -1 2 4
      vertex -1.3128681182861328 1.9753761291503906 4
    endloop
  endfacet
  facet normal 0.07846104623265363 -0.9969171802231505 0
    outer loop
      vertex -1 2 4
      vertex -1.3128681182861328 1.9753761291503906 0
      vertex -1 2 0
    endloop
  endfacet
  facet normal -0.8526395518268997 0.5224995642681663 0
    outer loop
      vertex 2.6180334091186523 -1.1755704879760742 0
      vertex 2.782012939453125 -0.9079809188842773 4
      vertex 2.782012939453125 -0.9079809188842773 0
    endloop
  endfacet
  facet normal -0.8526395518268997 0.5224995642681663 0
    outer loop
      vertex 2.782012939453125 -0.9079809188842773 4
      vertex 2.6180334091186523 -1.1755704879760742 0
      vertex 2.6180334091186523 -1.1755704879760742 4
    endloop
  endfacet
  facet normal -0.5224995642681663 -0.8526395518268997 0
    outer loop
      vertex 1.9079809188842773 1.782012939453125 0
      vertex 2.175570487976074 1.6180334091186523 4
      vertex 1.9079809188842773 1.782012939453125 4
    endloop
  endfacet
  facet normal -0.5224995642681663 -0.8526395518268997 0
    outer loop
      vertex 2.175570487976074 1.6180334091186523 4
      vertex 1.9079809188842773 1.782012939453125 0
      vertex 2.175570487976074 1.6180334091186523 0
    endloop
  endfacet
  facet normal 0 -1 0
    outer loop
      vertex -1 2 0
      vertex 1 2 4
      vertex -1 2 4
    endloop
  endfacet
  facet normal 0 -1 0
    outer loop
      vertex 1 2 4
      vertex -1 2 0
      vertex 1 2 0
    endloop
  endfacet
  facet normal 0.6494482586037575 -0.7604057860093826 0
    outer loop
      vertex -2.414213180541992 1.4142131805419922 0
      vertex -2.175570487976074 1.6180334091186523 4
      vertex -2.414213180541992 1.4142131805419922 4
    endloop
  endfacet
  facet normal 0.6494482586037575 -0.7604057860093826 0
    outer loop
      vertex -2.175570487976074 1.6180334091186523 4
      vertex -2.414213180541992 1.4142131805419922 0
      vertex -2.175570487976074 1.6180334091186523 0
    endloop
  endfacet
  facet normal 0.9969171802231505 0.07846104623265363 0
    outer loop
      vertex -2.9753761291503906 -0.3128681182861328 4
      vertex -3 0 0
      vertex -3 0 4
    endloop
  endfacet
  facet normal 0.9969171802231505 0.07846104623265363 0
    outer loop
      vertex -3 0 0
      vertex -2.9753761291503906 -0.3128681182861328 4
      vertex -2.9753761291503906 -0.3128681182861328 0
    endloop
  endfacet
  facet normal -0.9723703080823046 -0.23344374902730658 0
    outer loop
      vertex 2.9753761291503906 0.3128681182861328 0
      vertex 2.9021129608154297 0.6180334091186523 4
      vertex 2.9021129608154297 0.6180334091186523 0
    endloop
  endfacet
  facet normal -0.9723703080823046 -0.23344374902730658 0
    outer loop
      vertex 2.9021129608154297 0.6180334091186523 4
      vertex 2.9753761291503906 0.3128681182861328 0
      vertex 2.9753761291503906 0.3128681182861328 4
    endloop
  endfacet
  facet normal -0.07846104623265363 -0.9969171802231505 0
    outer loop
      vertex 1 2 0
      vertex 1.3128681182861328 1.9753761291503906 4
      vertex 1 2 4
    endloop
  endfacet
  facet normal -0.07846104623265363 -0.9969171802231505 0
    outer loop
      vertex 1.3128681182861328 1.9753761291503906 4
      vertex 1 2 0
      vertex 1.3128681182861328 1.9753761291503906 0
    endloop
  endfacet
  facet normal -0.7604057860093826 0.6494482586037575 0
    outer loop
      vertex 2.414213180541992 -1.4142131805419922 0
      vertex 2.6180334091186523 -1.1755704879760742 4
      vertex 2.6180334091186523 -1.1755704879760742 0
    endloop
  endfacet
  facet normal -0.7604057860093826 0.6494482586037575 0
    outer loop
      vertex 2.6180334091186523 -1.1755704879760742 4
      vertex 2.414213180541992 -1.4142131805419922 0
      vertex 2.414213180541992 -1.4142131805419922 4
    endloop
  endfacet
  facet normal -0.9969171802231505 -0.07846104623265363 0
    outer loop
      vertex 3 0 0
      vertex 2.9753761291503906 0.3128681182861328 4
      vertex 2.9753761291503906 0.3128681182861328 0
    endloop
  endfacet
  facet normal -0.9969171802231505 -0.07846104623265363 0
    outer loop
      vertex 2.9753761291503906 0.3128681182861328 4
      vertex 3 0 0
      vertex 3 0 4
    endloop
  endfacet
  facet normal 0.9238797235280342 -0.3826829712095419 0
    outer loop
      vertex -2.9021129608154297 0.6180334091186523 4
      vertex -2.782012939453125 0.9079809188842773 0
      vertex -2.782012939453125 0.9079809188842773 4
    endloop
  endfacet
  facet normal 0.9238797235280342 -0.3826829712095419 0
    outer loop
      vertex -2.782012939453125 0.9079809188842773 0
      vertex -2.9021129608154297 0.6180334091186523 4
      vertex -2.9021129608154297 0.6180334091186523 0
    endloop
  endfacet
  facet normal 0.5224995642681663 -0.8526395518268997 0
    outer loop
      vertex -2.175570487976074 1.6180334091186523 0
      vertex -1.9079809188842773 1.782012939453125 4
      vertex -2.175570487976074 1.6180334091186523 4
    endloop
  endfacet
  facet normal 0.5224995642681663 -0.8526395518268997 0
    outer loop
      vertex -1.9079809188842773 1.782012939453125 4
      vertex -2.175570487976074 1.6180334091186523 0
      vertex -1.9079809188842773 1.782012939453125 0
    endloop
  endfacet
  facet normal -0.9969171802231505 0.07846104623265363 0
    outer loop
      vertex 2.9753761291503906 -0.3128681182861328 0
      vertex 3 0 4
      vertex 3 0 0
    endloop
  endfacet
  facet normal -0.9969171802231505 0.07846104623265363 0
    outer loop
      vertex 3 0 4
      vertex 2.9753761291503906 -0.3128681182861328 0
      vertex 2.9753761291503906 -0.3128681182861328 4
    endloop
  endfacet
  facet normal -0.23344374902730658 -0.9723703080823046 0
    outer loop
      vertex 1.3128681182861328 1.9753761291503906 0
      vertex 1.6180334091186523 1.9021129608154297 4
      vertex 1.3128681182861328 1.9753761291503906 4
    endloop
  endfacet
  facet normal -0.23344374902730658 -0.9723703080823046 0
    outer loop
      vertex 1.6180334091186523 1.9021129608154297 4
      vertex 1.3128681182861328 1.9753761291503906 0
      vertex 1.6180334091186523 1.9021129608154297 0
    endloop
  endfacet
  facet normal -0.8526395518268997 -0.5224995642681663 0
    outer loop
      vertex 2.782012939453125 0.9079809188842773 0
      vertex 2.6180334091186523 1.1755704879760742 4
      vertex 2.6180334091186523 1.1755704879760742 0
    endloop
  endfacet
  facet normal -0.8526395518268997 -0.5224995642681663 0
    outer loop
      vertex 2.6180334091186523 1.1755704879760742 4
      vertex 2.782012939453125 0.9079809188842773 0
      vertex 2.782012939453125 0.9079809188842773 4
    endloop
  endfacet
  facet normal -0.3826829712095419 -0.9238797235280342 0
    outer loop
      vertex 1.6180334091186523 1.9021129608154297 0
      vertex 1.9079809188842773 1.782012939453125 4
      vertex 1.6180334091186523 1.9021129608154297 4
    endloop
  endfacet
  facet normal -0.3826829712095419 -0.9238797235280342 0
    outer loop
      vertex 1.9079809188842773 1.782012939453125 4
      vertex 1.6180334091186523 1.9021129608154297 0
      vertex 1.9079809188842773 1.782012939453125 0
    endloop
  endfacet
  facet normal -0.07846104623265363 0.9969171802231505 0
    outer loop
      vertex 1.3128681182861328 -1.9753761291503906 0
      vertex 1 -2 4
      vertex 1.3128681182861328 -1.9753761291503906 4
    endloop
  endfacet
  facet normal -0.07846104623265363 0.9969171802231505 0
    outer loop
      vertex 1 -2 4
      vertex 1.3128681182861328 -1.9753761291503906 0
      vertex 1 -2 0
    endloop
  endfacet
  facet normal 0.3826829712095419 -0.9238797235280342 0
    outer loop
      vertex -1.9079809188842773 1.782012939453125 0
      vertex -1.6180334091186523 1.9021129608154297 4
      vertex -1.9079809188842773 1.782012939453125 4
    endloop
  endfacet
  facet normal 0.3826829712095419 -0.9238797235280342 0
    outer loop
      vertex -1.6180334091186523 1.9021129608154297 4
      vertex -1.9079809188842773 1.782012939453125 0
      vertex -1.6180334091186523 1.9021129608154297 0
    endloop
  endfacet
  facet normal 0.9969171802231505 -0.07846104623265363 0
    outer loop
      vertex -3 0 4
      vertex -2.9753761291503906 0.3128681182861328 0
      vertex -2.9753761291503906 0.3128681182861328 4
    endloop
  endfacet
  facet normal 0.9969171802231505 -0.07846104623265363 0
    outer loop
      vertex -2.9753761291503906 0.3128681182861328 0
      vertex -3 0 4
      vertex -3 0 0
    endloop
  endfacet
  facet normal 0.9723703080823046 0.23344374902730658 0
    outer loop
      vertex -2.9021129608154297 -0.6180334091186523 4
      vertex -2.9753761291503906 -0.3128681182861328 0
      vertex -2.9753761291503906 -0.3128681182861328 4
    endloop
  endfacet
  facet normal 0.9723703080823046 0.23344374902730658 0
    outer loop
      vertex -2.9753761291503906 -0.3128681182861328 0
      vertex -2.9021129608154297 -0.6180334091186523 4
      vertex -2.9021129608154297 -0.6180334091186523 0
    endloop
  endfacet
  facet normal -0.9238797235280342 -0.3826829712095419 0
    outer loop
      vertex 2.9021129608154297 0.6180334091186523 0
      vertex 2.782012939453125 0.9079809188842773 4
      vertex 2.782012939453125 0.9079809188842773 0
    endloop
  endfacet
  facet normal -0.9238797235280342 -0.3826829712095419 0
    outer loop
      vertex 2.782012939453125 0.9079809188842773 4
      vertex 2.9021129608154297 0.6180334091186523 0
      vertex 2.9021129608154297 0.6180334091186523 4
    endloop
  endfacet
  facet normal 0.7604057860093826 -0.6494482586037575 0
    outer loop
      vertex -2.6180334091186523 1.1755704879760742 4
      vertex -2.414213180541992 1.4142131805419922 0
      vertex -2.414213180541992 1.4142131805419922 4
    endloop
  endfacet
  facet normal 0.7604057860093826 -0.6494482586037575 0
    outer loop
      vertex -2.414213180541992 1.4142131805419922 0
      vertex -2.6180334091186523 1.1755704879760742 4
      vertex -2.6180334091186523 1.1755704879760742 0
    endloop
  endfacet
  facet normal 0.6494476070548038 0.7604063424845884 0
    outer loop
      vertex 17.530536651611328 -2.0225419998168945 0
      vertex 17.23223304748535 -1.7677669525146484 4
      vertex 17.530536651611328 -2.0225419998168945 4
    endloop
  endfacet
  facet normal 0.6494476070548038 0.7604063424845884 0
    outer loop
      vertex 17.23223304748535 -1.7677669525146484 4
      vertex 17.530536651611328 -2.0225419998168945 0
      vertex 17.23223304748535 -1.7677669525146484 0
    endloop
  endfacet
  facet normal -0.5224980394146068 -0.8526404862589461 0
    outer loop
      vertex 22.13497543334961 2.2275161743164062 0
      vertex 22.469463348388672 2.0225419998168945 4
      vertex 22.13497543334961 2.2275161743164062 4
    endloop
  endfacet
  facet normal -0.5224980394146068 -0.8526404862589461 0
    outer loop
      vertex 22.469463348388672 2.0225419998168945 4
      vertex 22.13497543334961 2.2275161743164062 0
      vertex 22.469463348388672 2.0225419998168945 0
    endloop
  endfacet
  facet normal -0.5224980394146068 0.8526404862589461 0
    outer loop
      vertex 22.469463348388672 -2.0225419998168945 0
      vertex 22.13497543334961 -2.2275161743164062 4
      vertex 22.469463348388672 -2.0225419998168945 4
    endloop
  endfacet
  facet normal -0.5224980394146068 0.8526404862589461 0
    outer loop
      vertex 22.13497543334961 -2.2275161743164062 4
      vertex 22.469463348388672 -2.0225419998168945 0
      vertex 22.13497543334961 -2.2275161743164062 0
    endloop
  endfacet
  facet normal 0 1 0
    outer loop
      vertex 21 -2.5 0
      vertex 19 -2.5 4
      vertex 21 -2.5 4
    endloop
  endfacet
  facet normal 0 1 0
    outer loop
      vertex 19 -2.5 4
      vertex 21 -2.5 0
      vertex 19 -2.5 0
    endloop
  endfacet
  facet normal -0.9723699990493089 -0.23344503624803625 0
    outer loop
      vertex 23.469219207763672 0.3910856246948242 0
      vertex 23.377639770507812 0.7725419998168945 4
      vertex 23.377639770507812 0.7725419998168945 0
    endloop
  endfacet
  facet normal -0.9723699990493089 -0.23344503624803625 0
    outer loop
      vertex 23.377639770507812 0.7725419998168945 4
      vertex 23.469219207763672 0.3910856246948242 0
      vertex 23.469219207763672 0.3910856246948242 4
    endloop
  endfacet
  facet normal 0.5224980394146068 -0.8526404862589461 0
    outer loop
      vertex 17.530536651611328 2.0225419998168945 0
      vertex 17.86502456665039 2.2275161743164062 4
      vertex 17.530536651611328 2.0225419998168945 4
    endloop
  endfacet
  facet normal 0.5224980394146068 -0.8526404862589461 0
    outer loop
      vertex 17.86502456665039 2.2275161743164062 4
      vertex 17.530536651611328 2.0225419998168945 0
      vertex 17.86502456665039 2.2275161743164062 0
    endloop
  endfacet
  facet normal 0.3826819337114538 0.923880153272524 0
    outer loop
      vertex 18.227458953857422 -2.377640724182129 0
      vertex 17.86502456665039 -2.2275161743164062 4
      vertex 18.227458953857422 -2.377640724182129 4
    endloop
  endfacet
  facet normal 0.3826819337114538 0.923880153272524 0
    outer loop
      vertex 17.86502456665039 -2.2275161743164062 4
      vertex 18.227458953857422 -2.377640724182129 0
      vertex 17.86502456665039 -2.2275161743164062 0
    endloop
  endfacet
  facet normal -0.6494476070548038 -0.7604063424845884 0
    outer loop
      vertex 22.469463348388672 2.0225419998168945 0
      vertex 22.76776695251465 1.7677669525146484 4
      vertex 22.469463348388672 2.0225419998168945 4
    endloop
  endfacet
  facet normal -0.6494476070548038 -0.7604063424845884 0
    outer loop
      vertex 22.76776695251465 1.7677669525146484 4
      vertex 22.469463348388672 2.0225419998168945 0
      vertex 22.76776695251465 1.7677669525146484 0
    endloop
  endfacet
  facet normal 0.9969169975514844 -0.07846336720364343 0
    outer loop
      vertex 16.5 0 4
      vertex 16.530780792236328 0.3910856246948242 0
      vertex 16.530780792236328 0.3910856246948242 4
    endloop
  endfacet
  facet normal 0.9969169975514844 -0.07846336720364343 0
    outer loop
      vertex 16.530780792236328 0.3910856246948242 0
      vertex 16.5 0 4
      vertex 16.5 0 0
    endloop
  endfacet
  facet normal 0.9969169975514844 0.07846336720364343 0
    outer loop
      vertex 16.530780792236328 -0.3910856246948242 4
      vertex 16.5 0 0
      vertex 16.5 0 4
    endloop
  endfacet
  facet normal 0.9969169975514844 0.07846336720364343 0
    outer loop
      vertex 16.5 0 0
      vertex 16.530780792236328 -0.3910856246948242 4
      vertex 16.530780792236328 -0.3910856246948242 0
    endloop
  endfacet
  facet normal 0.23344613990712657 0.972369734083935 0
    outer loop
      vertex 18.60891342163086 -2.4692201614379883 0
      vertex 18.227458953857422 -2.377640724182129 4
      vertex 18.60891342163086 -2.4692201614379883 4
    endloop
  endfacet
  facet normal 0.23344613990712657 0.972369734083935 0
    outer loop
      vertex 18.227458953857422 -2.377640724182129 4
      vertex 18.60891342163086 -2.4692201614379883 0
      vertex 18.227458953857422 -2.377640724182129 0
    endloop
  endfacet
  facet normal -0.8526387395592143 0.5225008897627583 0
    outer loop
      vertex 23.022541046142578 -1.4694623947143555 0
      vertex 23.227516174316406 -1.1349754333496094 4
      vertex 23.227516174316406 -1.1349754333496094 0
    endloop
  endfacet
  facet normal -0.8526387395592143 0.5225008897627583 0
    outer loop
      vertex 23.227516174316406 -1.1349754333496094 4
      vertex 23.022541046142578 -1.4694623947143555 0
      vertex 23.022541046142578 -1.4694623947143555 4
    endloop
  endfacet
  facet normal 0.9723699990493089 0.23344503624803625 0
    outer loop
      vertex 16.622360229492188 -0.7725419998168945 4
      vertex 16.530780792236328 -0.3910856246948242 0
      vertex 16.530780792236328 -0.3910856246948242 4
    endloop
  endfacet
  facet normal 0.9723699990493089 0.23344503624803625 0
    outer loop
      vertex 16.530780792236328 -0.3910856246948242 0
      vertex 16.622360229492188 -0.7725419998168945 4
      vertex 16.622360229492188 -0.7725419998168945 0
    endloop
  endfacet
  facet normal -0.23344613990712657 0.972369734083935 0
    outer loop
      vertex 21.772541046142578 -2.377640724182129 0
      vertex 21.39108657836914 -2.4692201614379883 4
      vertex 21.772541046142578 -2.377640724182129 4
    endloop
  endfacet
  facet normal -0.23344613990712657 0.972369734083935 0
    outer loop
      vertex 21.39108657836914 -2.4692201614379883 4
      vertex 21.772541046142578 -2.377640724182129 0
      vertex 21.39108657836914 -2.4692201614379883 0
    endloop
  endfacet
  facet normal 0.7604085683790787 -0.6494450008550995 0
    outer loop
      vertex 16.977458953857422 1.4694623947143555 4
      vertex 17.23223304748535 1.7677669525146484 0
      vertex 17.23223304748535 1.7677669525146484 4
    endloop
  endfacet
  facet normal 0.7604085683790787 -0.6494450008550995 0
    outer loop
      vertex 17.23223304748535 1.7677669525146484 0
      vertex 16.977458953857422 1.4694623947143555 4
      vertex 16.977458953857422 1.4694623947143555 0
    endloop
  endfacet
  facet normal 0.6494476070548038 -0.7604063424845884 0
    outer loop
      vertex 17.23223304748535 1.7677669525146484 0
      vertex 17.530536651611328 2.0225419998168945 4
      vertex 17.23223304748535 1.7677669525146484 4
    endloop
  endfacet
  facet normal 0.6494476070548038 -0.7604063424845884 0
    outer loop
      vertex 17.530536651611328 2.0225419998168945 4
      vertex 17.23223304748535 1.7677669525146484 0
      vertex 17.530536651611328 2.0225419998168945 0
    endloop
  endfacet
  facet normal 0.07846076100560742 -0.9969172026715263 0
    outer loop
      vertex 18.60891342163086 2.4692201614379883 0
      vertex 19 2.5 4
      vertex 18.60891342163086 2.4692201614379883 4
    endloop
  endfacet
  facet normal 0.07846076100560742 -0.9969172026715263 0
    outer loop
      vertex 19 2.5 4
      vertex 18.60891342163086 2.4692201614379883 0
      vertex 19 2.5 0
    endloop
  endfacet
  facet normal -0.8526387395592143 -0.5225008897627583 0
    outer loop
      vertex 23.227516174316406 1.1349754333496094 0
      vertex 23.022541046142578 1.4694623947143555 4
      vertex 23.022541046142578 1.4694623947143555 0
    endloop
  endfacet
  facet normal -0.8526387395592143 -0.5225008897627583 0
    outer loop
      vertex 23.022541046142578 1.4694623947143555 4
      vertex 23.227516174316406 1.1349754333496094 0
      vertex 23.227516174316406 1.1349754333496094 4
    endloop
  endfacet
  facet normal 0.9238806567514963 -0.38268071819785215 0
    outer loop
      vertex 16.622360229492188 0.7725419998168945 4
      vertex 16.772483825683594 1.1349754333496094 0
      vertex 16.772483825683594 1.1349754333496094 4
    endloop
  endfacet
  facet normal 0.9238806567514963 -0.38268071819785215 0
    outer loop
      vertex 16.772483825683594 1.1349754333496094 0
      vertex 16.622360229492188 0.7725419998168945 4
      vertex 16.622360229492188 0.7725419998168945 0
    endloop
  endfacet
  facet normal 0.8526387395592143 -0.5225008897627583 0
    outer loop
      vertex 16.772483825683594 1.1349754333496094 4
      vertex 16.977458953857422 1.4694623947143555 0
      vertex 16.977458953857422 1.4694623947143555 4
    endloop
  endfacet
  facet normal 0.8526387395592143 -0.5225008897627583 0
    outer loop
      vertex 16.977458953857422 1.4694623947143555 0
      vertex 16.772483825683594 1.1349754333496094 4
      vertex 16.772483825683594 1.1349754333496094 0
    endloop
  endfacet
  facet normal -0.9969169975514844 0.07846336720364343 0
    outer loop
      vertex 23.469219207763672 -0.3910856246948242 0
      vertex 23.5 0 4
      vertex 23.5 0 0
    endloop
  endfacet
  facet normal -0.9969169975514844 0.07846336720364343 0
    outer loop
      vertex 23.5 0 4
      vertex 23.469219207763672 -0.3910856246948242 0
      vertex 23.469219207763672 -0.3910856246948242 4
    endloop
  endfacet
  facet normal 0.23344613990712657 -0.972369734083935 0
    outer loop
      vertex 18.227458953857422 2.377640724182129 0
      vertex 18.60891342163086 2.4692201614379883 4
      vertex 18.227458953857422 2.377640724182129 4
    endloop
  endfacet
  facet normal 0.23344613990712657 -0.972369734083935 0
    outer loop
      vertex 18.60891342163086 2.4692201614379883 4
      vertex 18.227458953857422 2.377640724182129 0
      vertex 18.60891342163086 2.4692201614379883 0
    endloop
  endfacet
  facet normal -0.07846076100560742 0.9969172026715263 0
    outer loop
      vertex 21.39108657836914 -2.4692201614379883 0
      vertex 21 -2.5 4
      vertex 21.39108657836914 -2.4692201614379883 4
    endloop
  endfacet
  facet normal -0.07846076100560742 0.9969172026715263 0
    outer loop
      vertex 21 -2.5 4
      vertex 21.39108657836914 -2.4692201614379883 0
      vertex 21 -2.5 0
    endloop
  endfacet
  facet normal 0.9238806567514963 0.38268071819785215 0
    outer loop
      vertex 16.772483825683594 -1.1349754333496094 4
      vertex 16.622360229492188 -0.7725419998168945 0
      vertex 16.622360229492188 -0.7725419998168945 4
    endloop
  endfacet
  facet normal 0.9238806567514963 0.38268071819785215 0
    outer loop
      vertex 16.622360229492188 -0.7725419998168945 0
      vertex 16.772483825683594 -1.1349754333496094 4
      vertex 16.772483825683594 -1.1349754333496094 0
    endloop
  endfacet
  facet normal 0.07846076100560742 0.9969172026715263 0
    outer loop
      vertex 19 -2.5 0
      vertex 18.60891342163086 -2.4692201614379883 4
      vertex 19 -2.5 4
    endloop
  endfacet
  facet normal 0.07846076100560742 0.9969172026715263 0
    outer loop
      vertex 18.60891342163086 -2.4692201614379883 4
      vertex 19 -2.5 0
      vertex 18.60891342163086 -2.4692201614379883 0
    endloop
  endfacet
  facet normal 0.5224980394146068 0.8526404862589461 0
    outer loop
      vertex 17.86502456665039 -2.2275161743164062 0
      vertex 17.530536651611328 -2.0225419998168945 4
      vertex 17.86502456665039 -2.2275161743164062 4
    endloop
  endfacet
  facet normal 0.5224980394146068 0.8526404862589461 0
    outer loop
      vertex 17.530536651611328 -2.0225419998168945 4
      vertex 17.86502456665039 -2.2275161743164062 0
      vertex 17.530536651611328 -2.0225419998168945 0
    endloop
  endfacet
  facet normal 0.3826819337114538 -0.923880153272524 0
    outer loop
      vertex 17.86502456665039 2.2275161743164062 0
      vertex 18.227458953857422 2.377640724182129 4
      vertex 17.86502456665039 2.2275161743164062 4
    endloop
  endfacet
  facet normal 0.3826819337114538 -0.923880153272524 0
    outer loop
      vertex 18.227458953857422 2.377640724182129 4
      vertex 17.86502456665039 2.2275161743164062 0
      vertex 18.227458953857422 2.377640724182129 0
    endloop
  endfacet
  facet normal 0 -1 0
    outer loop
      vertex 19 2.5 0
      vertex 21 2.5 4
      vertex 19 2.5 4
    endloop
  endfacet
  facet normal 0 -1 0
    outer loop
      vertex 21 2.5 4
      vertex 19 2.5 0
      vertex 21 2.5 0
    endloop
  endfacet
  facet normal -0.7604085683790787 0.6494450008550995 0
    outer loop
      vertex 22.76776695251465 -1.7677669525146484 0
      vertex 23.022541046142578 -1.4694623947143555 4
      vertex 23.022541046142578 -1.4694623947143555 0
    endloop
  endfacet
  facet normal -0.7604085683790787 0.6494450008550995 0
    outer loop
      vertex 23.022541046142578 -1.4694623947143555 4
      vertex 22.76776695251465 -1.7677669525146484 0
      vertex 22.76776695251465 -1.7677669525146484 4
    endloop
  endfacet
  facet normal -0.6494476070548038 0.7604063424845884 0
    outer loop
      vertex 22.76776695251465 -1.7677669525146484 0
      vertex 22.469463348388672 -2.0225419998168945 4
      vertex 22.76776695251465 -1.7677669525146484 4
    endloop
  endfacet
  facet normal -0.6494476070548038 0.7604063424845884 0
    outer loop
      vertex 22.469463348388672 -2.0225419998168945 4
      vertex 22.76776695251465 -1.7677669525146484 0
      vertex 22.469463348388672 -2.0225419998168945 0
    endloop
  endfacet
  facet normal -0.3826819337114538 -0.923880153272524 0
    outer loop
      vertex 21.772541046142578 2.377640724182129 0
      vertex 22.13497543334961 2.2275161743164062 4
      vertex 21.772541046142578 2.377640724182129 4
    endloop
  endfacet
  facet normal -0.3826819337114538 -0.923880153272524 0
    outer loop
      vertex 22.13497543334961 2.2275161743164062 4
      vertex 21.772541046142578 2.377640724182129 0
      vertex 22.13497543334961 2.2275161743164062 0
    endloop
  endfacet
  facet normal 0.9723699990493089 -0.23344503624803625 0
    outer loop
      vertex 16.530780792236328 0.3910856246948242 4
      vertex 16.622360229492188 0.7725419998168945 0
      vertex 16.622360229492188 0.7725419998168945 4
    endloop
  endfacet
  facet normal 0.9723699990493089 -0.23344503624803625 0
    outer loop
      vertex 16.622360229492188 0.7725419998168945 0
      vertex 16.530780792236328 0.3910856246948242 4
      vertex 16.530780792236328 0.3910856246948242 0
    endloop
  endfacet
  facet normal -0.3826819337114538 0.923880153272524 0
    outer loop
      vertex 22.13497543334961 -2.2275161743164062 0
      vertex 21.772541046142578 -2.377640724182129 4
      vertex 22.13497543334961 -2.2275161743164062 4
    endloop
  endfacet
  facet normal -0.3826819337114538 0.923880153272524 0
    outer loop
      vertex 21.772541046142578 -2.377640724182129 4
      vertex 22.13497543334961 -2.2275161743164062 0
      vertex 21.772541046142578 -2.377640724182129 0
    endloop
  endfacet
  facet normal -0.23344613990712657 -0.972369734083935 0
    outer loop
      vertex 21.39108657836914 2.4692201614379883 0
      vertex 21.772541046142578 2.377640724182129 4
      vertex 21.39108657836914 2.4692201614379883 4
    endloop
  endfacet
  facet normal -0.23344613990712657 -0.972369734083935 0
    outer loop
      vertex 21.772541046142578 2.377640724182129 4
      vertex 21.39108657836914 2.4692201614379883 0
      vertex 21.772541046142578 2.377640724182129 0
    endloop
  endfacet
  facet normal -0.7604085683790787 -0.6494450008550995 0
    outer loop
      vertex 23.022541046142578 1.4694623947143555 0
      vertex 22.76776695251465 1.7677669525146484 4
      vertex 22.76776695251465 1.7677669525146484 0
    endloop
  endfacet
  facet normal -0.7604085683790787 -0.6494450008550995 0
    outer loop
      vertex 22.76776695251465 1.7677669525146484 4
      vertex 23.022541046142578 1.4694623947143555 0
      vertex 23.022541046142578 1.4694623947143555 4
    endloop
  endfacet
  facet normal 0.7604085683790787 0.6494450008550995 0
    outer loop
      vertex 17.23223304748535 -1.7677669525146484 4
      vertex 16.977458953857422 -1.4694623947143555 0
      vertex 16.977458953857422 -1.4694623947143555 4
    endloop
  endfacet
  facet normal 0.7604085683790787 0.6494450008550995 0
    outer loop
      vertex 16.977458953857422 -1.4694623947143555 0
      vertex 17.23223304748535 -1.7677669525146484 4
      vertex 17.23223304748535 -1.7677669525146484 0
    endloop
  endfacet
  facet normal -0.9723699990493089 0.23344503624803625 0
    outer loop
      vertex 23.377639770507812 -0.7725419998168945 0
      vertex 23.469219207763672 -0.3910856246948242 4
      vertex 23.469219207763672 -0.3910856246948242 0
    endloop
  endfacet
  facet normal -0.9723699990493089 0.23344503624803625 0
    outer loop
      vertex 23.469219207763672 -0.3910856246948242 4
      vertex 23.377639770507812 -0.7725419998168945 0
      vertex 23.377639770507812 -0.7725419998168945 4
    endloop
  endfacet
  facet normal -0.9238806567514963 0.38268071819785215 0
    outer loop
      vertex 23.227516174316406 -1.1349754333496094 0
      vertex 23.377639770507812 -0.7725419998168945 4
      vertex 23.377639770507812 -0.7725419998168945 0
    endloop
  endfacet
  facet normal -0.9238806567514963 0.38268071819785215 0
    outer loop
      vertex 23.377639770507812 -0.7725419998168945 4
      vertex 23.227516174316406 -1.1349754333496094 0
      vertex 23.227516174316406 -1.1349754333496094 4
    endloop
  endfacet
  facet normal -0.9238806567514963 -0.38268071819785215 0
    outer loop
      vertex 23.377639770507812 0.7725419998168945 0
      vertex 23.227516174316406 1.1349754333496094 4
      vertex 23.227516174316406 1.1349754333496094 0
    endloop
  endfacet
  facet normal -0.9238806567514963 -0.38268071819785215 0
    outer loop
      vertex 23.227516174316406 1.1349754333496094 4
      vertex 23.377639770507812 0.7725419998168945 0
      vertex 23.377639770507812 0.7725419998168945 4
    endloop
  endfacet
  facet normal -0.9969169975514844 -0.07846336720364343 0
    outer loop
      vertex 23.5 0 0
      vertex 23.469219207763672 0.3910856246948242 4
      vertex 23.469219207763672 0.3910856246948242 0
    endloop
  endfacet
  facet normal -0.9969169975514844 -0.07846336720364343 0
    outer loop
      vertex 23.469219207763672 0.3910856246948242 4
      vertex 23.5 0 0
      vertex 23.5 0 4
    endloop
  endfacet
  facet normal -0.07846076100560742 -0.9969172026715263 0
    outer loop
      vertex 21 2.5 0
      vertex 21.39108657836914 2.4692201614379883 4
      vertex 21 2.5 4
    endloop
  endfacet
  facet normal -0.07846076100560742 -0.9969172026715263 0
    outer loop
      vertex 21.39108657836914 2.4692201614379883 4
      vertex 21 2.5 0
      vertex 21.39108657836914 2.4692201614379883 0
    endloop
  endfacet
  facet normal 0.8526387395592143 0.5225008897627583 0
    outer loop
      vertex 16.977458953857422 -1.4694623947143555 4
      vertex 16.772483825683594 -1.1349754333496094 0
      vertex 16.772483825683594 -1.1349754333496094 4
    endloop
  endfacet
  facet normal 0.8526387395592143 0.5225008897627583 0
    outer loop
      vertex 16.772483825683594 -1.1349754333496094 0
      vertex 16.977458953857422 -1.4694623947143555 4
      vertex 16.977458953857422 -1.4694623947143555 0
    endloop
  endfacet
  facet normal 1 0 0
    outer loop
      vertex 32 -11 4
      vertex 32 11 0
      vertex 32 11 4
    endloop
  endfacet
  facet normal 1 0 0
    outer loop
      vertex 32 11 0
      vertex 32 -11 4
      vertex 32 -11 0
    endloop
  endfacet
  facet normal 0 0 1
    outer loop
      vertex 32 11 4
      vertex 23.5 0 4
      vertex 32 -11 4
    endloop
  endfacet
  facet normal 0 0 1
    outer loop
      vertex 32 11 4
      vertex 23.469219207763672 0.3910856246948242 4
      vertex 23.5 0 4
    endloop
  endfacet
  facet normal 0 0 1
    outer loop
      vertex 32 11 4
      vertex 23.377639770507812 0.7725419998168945 4
      vertex 23.469219207763672 0.3910856246948242 4
    endloop
  endfacet
  facet normal 0 0 1
    outer loop
      vertex 32 11 4
      vertex 23.227516174316406 1.1349754333496094 4
      vertex 23.377639770507812 0.7725419998168945 4
    endloop
  endfacet
  facet normal 0 0 1
    outer loop
      vertex 32 11 4
      vertex 23.022541046142578 1.4694623947143555 4
      vertex 23.227516174316406 1.1349754333496094 4
    endloop
  endfacet
  facet normal 0 0 1
    outer loop
      vertex 32 11 4
      vertex 22.76776695251465 1.7677669525146484 4
      vertex 23.022541046142578 1.4694623947143555 4
    endloop
  endfacet
  facet normal 0 0 1
    outer loop
      vertex 32 11 4
      vertex 22.469463348388672 2.0225419998168945 4
      vertex 22.76776695251465 1.7677669525146484 4
    endloop
  endfacet
  facet normal 0 0 1
    outer loop
      vertex 32 11 4
      vertex 22.13497543334961 2.2275161743164062 4
      vertex 22.469463348388672 2.0225419998168945 4
    endloop
  endfacet
  facet normal 0 0 1
    outer loop
      vertex 32 11 4
      vertex 21.772541046142578 2.377640724182129 4
      vertex 22.13497543334961 2.2275161743164062 4
    endloop
  endfacet
  facet normal 0 0 1
    outer loop
      vertex 32 11 4
      vertex 21.39108657836914 2.4692201614379883 4
      vertex 21.772541046142578 2.377640724182129 4
    endloop
  endfacet
  facet normal 0 0 1
    outer loop
      vertex 32 11 4
      vertex 21 2.5 4
      vertex 21.39108657836914 2.4692201614379883 4
    endloop
  endfacet
  facet normal 0 0 1
    outer loop
      vertex 32 11 4
      vertex 19 2.5 4
      vertex 21 2.5 4
    endloop
  endfacet
  facet normal 0 0 1
    outer loop
      vertex 32 11 4
      vertex 18.60891342163086 2.4692201614379883 4
      vertex 19 2.5 4
    endloop
  endfacet
  facet normal 0 0 1
    outer loop
      vertex 32 11 4
      vertex 18.227458953857422 2.377640724182129 4
      vertex 18.60891342163086 2.4692201614379883 4
    endloop
  endfacet
  facet normal 0 0 1
    outer loop
      vertex 1.6180334091186523 1.9021129608154297 4
      vertex 18.227458953857422 2.377640724182129 4
      vertex 32 11 4
    endloop
  endfacet
  facet normal 0 0 1
    outer loop
      vertex 18.227458953857422 2.377640724182129 4
      vertex 1.6180334091186523 1.9021129608154297 4
      vertex 17.86502456665039 2.2275161743164062 4
    endloop
  endfacet
  facet normal 0 0 1
    outer loop
      vertex 16.530780792236328 0.3910856246948242 4
      vertex 3 0 4
      vertex 16.5 0 4
    endloop
  endfacet
  facet normal 0 0 1
    outer loop
      vertex 2.9021129608154297 0.6180334091186523 4
      vertex 16.530780792236328 0.3910856246948242 4
      vertex 16.622360229492188 0.7725419998168945 4
    endloop
  endfacet
  facet normal 0 0 1
    outer loop
      vertex 2.782012939453125 0.9079809188842773 4
      vertex 16.622360229492188 0.7725419998168945 4
      vertex 16.772483825683594 1.1349754333496094 4
    endloop
  endfacet
  facet normal 0 0 1
    outer loop
      vertex 2.6180334091186523 1.1755704879760742 4
      vertex 16.772483825683594 1.1349754333496094 4
      vertex 16.977458953857422 1.4694623947143555 4
    endloop
  endfacet
  facet normal 0 0 1
    outer loop
      vertex 2.414213180541992 1.4142131805419922 4
      vertex 16.977458953857422 1.4694623947143555 4
      vertex 17.23223304748535 1.7677669525146484 4
    endloop
  endfacet
  facet normal 0 0 1
    outer loop
      vertex 2.175570487976074 1.6180334091186523 4
      vertex 17.23223304748535 1.7677669525146484 4
      vertex 17.530536651611328 2.0225419998168945 4
    endloop
  endfacet
  facet normal 0 0 1
    outer loop
      vertex 1.9079809188842773 1.782012939453125 4
      vertex 17.86502456665039 2.2275161743164062 4
      vertex 1.6180334091186523 1.9021129608154297 4
    endloop
  endfacet
  facet normal 0 0 1
    outer loop
      vertex 16.530780792236328 0.3910856246948242 4
      vertex 2.9753761291503906 0.3128681182861328 4
      vertex 3 0 4
    endloop
  endfacet
  facet normal 0 0 1
    outer loop
      vertex 16.530780792236328 0.3910856246948242 4
      vertex 2.9021129608154297 0.6180334091186523 4
      vertex 2.9753761291503906 0.3128681182861328 4
    endloop
  endfacet
  facet normal 0 0 1
    outer loop
      vertex 16.622360229492188 0.7725419998168945 4
      vertex 2.782012939453125 0.9079809188842773 4
      vertex 2.9021129608154297 0.6180334091186523 4
    endloop
  endfacet
  facet normal 0 0 1
    outer loop
      vertex 16.772483825683594 1.1349754333496094 4
      vertex 2.6180334091186523 1.1755704879760742 4
      vertex 2.782012939453125 0.9079809188842773 4
    endloop
  endfacet
  facet normal 0 0 1
    outer loop
      vertex 16.977458953857422 1.4694623947143555 4
      vertex 2.414213180541992 1.4142131805419922 4
      vertex 2.6180334091186523 1.1755704879760742 4
    endloop
  endfacet
  facet normal 0 0 1
    outer loop
      vertex 17.23223304748535 1.7677669525146484 4
      vertex 2.175570487976074 1.6180334091186523 4
      vertex 2.414213180541992 1.4142131805419922 4
    endloop
  endfacet
  facet normal 0 0 1
    outer loop
      vertex 17.530536651611328 2.0225419998168945 4
      vertex 1.9079809188842773 1.782012939453125 4
      vertex 2.175570487976074 1.6180334091186523 4
    endloop
  endfacet
  facet normal 0 0 1
    outer loop
      vertex 17.86502456665039 2.2275161743164062 4
      vertex 1.9079809188842773 1.782012939453125 4
      vertex 17.530536651611328 2.0225419998168945 4
    endloop
  endfacet
  facet normal 0 0 1
    outer loop
      vertex 32 11 4
      vertex 1.3128681182861328 1.9753761291503906 4
      vertex 1.6180334091186523 1.9021129608154297 4
    endloop
  endfacet
  facet normal 0 0 1
    outer loop
      vertex 32 11 4
      vertex 1 2 4
      vertex 1.3128681182861328 1.9753761291503906 4
    endloop
  endfacet
  facet normal 0 0 1
    outer loop
      vertex -28 11 4
      vertex 1 2 4
      vertex 32 11 4
    endloop
  endfacet
  facet normal 0 0 1
    outer loop
      vertex 1 2 4
      vertex -28 11 4
      vertex -1 2 4
    endloop
  endfacet
  facet normal 0 0 1
    outer loop
      vertex -1 2 4
      vertex -28 11 4
      vertex -1.3128681182861328 1.9753761291503906 4
    endloop
  endfacet
  facet normal 0 0 1
    outer loop
      vertex -2.9753761291503906 0.3128681182861328 4
      vertex -17.5 0 4
      vertex -3 0 4
    endloop
  endfacet
  facet normal 0 0 1
    outer loop
      vertex -17.573415756225586 0.46352481842041016 4
      vertex -2.9753761291503906 0.3128681182861328 4
      vertex -2.9021129608154297 0.6180334091186523 4
    endloop
  endfacet
  facet normal 0 0 1
    outer loop
      vertex -17.663490295410156 0.6809854507446289 4
      vertex -2.9021129608154297 0.6180334091186523 4
      vertex -2.782012939453125 0.9079809188842773 4
    endloop
  endfacet
  facet normal 0 0 1
    outer loop
      vertex -17.786476135253906 0.8816776275634766 4
      vertex -2.782012939453125 0.9079809188842773 4
      vertex -2.6180334091186523 1.1755704879760742 4
    endloop
  endfacet
  facet normal 0 0 1
    outer loop
      vertex -17.939340591430664 1.060659408569336 4
      vertex -2.6180334091186523 1.1755704879760742 4
      vertex -2.414213180541992 1.4142131805419922 4
    endloop
  endfacet
  facet normal 0 0 1
    outer loop
      vertex -18.118322372436523 1.2135248184204102 4
      vertex -2.414213180541992 1.4142131805419922 4
      vertex -2.175570487976074 1.6180334091186523 4
    endloop
  endfacet
  facet normal 0 0 1
    outer loop
      vertex -18.319015502929688 1.3365097045898438 4
      vertex -2.175570487976074 1.6180334091186523 4
      vertex -1.9079809188842773 1.782012939453125 4
    endloop
  endfacet
  facet normal 0 0 1
    outer loop
      vertex -28 11 4
      vertex -1.9079809188842773 1.782012939453125 4
      vertex -1.6180334091186523 1.9021129608154297 4
    endloop
  endfacet
  facet normal 0 0 1
    outer loop
      vertex -1.3128681182861328 1.9753761291503906 4
      vertex -28 11 4
      vertex -1.6180334091186523 1.9021129608154297 4
    endloop
  endfacet
  facet normal 0 0 1
    outer loop
      vertex -2.9753761291503906 0.3128681182861328 4
      vertex -17.51846694946289 0.2346515655517578 4
      vertex -17.5 0 4
    endloop
  endfacet
  facet normal 0 0 1
    outer loop
      vertex -2.9753761291503906 0.3128681182861328 4
      vertex -17.573415756225586 0.46352481842041016 4
      vertex -17.51846694946289 0.2346515655517578 4
    endloop
  endfacet
  facet normal 0 0 1
    outer loop
      vertex -2.9021129608154297 0.6180334091186523 4
      vertex -17.663490295410156 0.6809854507446289 4
      vertex -17.573415756225586 0.46352481842041016 4
    endloop
  endfacet
  facet normal 0 0 1
    outer loop
      vertex -2.782012939453125 0.9079809188842773 4
      vertex -17.786476135253906 0.8816776275634766 4
      vertex -17.663490295410156 0.6809854507446289 4
    endloop
  endfacet
  facet normal 0 0 1
    outer loop
      vertex -2.6180334091186523 1.1755704879760742 4
      vertex -17.939340591430664 1.060659408569336 4
      vertex -17.786476135253906 0.8816776275634766 4
    endloop
  endfacet
  facet normal 0 0 1
    outer loop
      vertex -2.414213180541992 1.4142131805419922 4
      vertex -18.118322372436523 1.2135248184204102 4
      vertex -17.939340591430664 1.060659408569336 4
    endloop
  endfacet
  facet normal 0 0 1
    outer loop
      vertex -1.9079809188842773 1.782012939453125 4
      vertex -28 11 4
      vertex -18.319015502929688 1.3365097045898438 4
    endloop
  endfacet
  facet normal 0 0 1
    outer loop
      vertex -2.175570487976074 1.6180334091186523 4
      vertex -18.319015502929688 1.3365097045898438 4
      vertex -18.118322372436523 1.2135248184204102 4
    endloop
  endfacet
  facet normal 0 0 1
    outer loop
      vertex -18.319015502929688 1.3365097045898438 4
      vertex -28 11 4
      vertex -18.536476135253906 1.426584243774414 4
    endloop
  endfacet
  facet normal 0 0 1
    outer loop
      vertex -18.536476135253906 1.426584243774414 4
      vertex -28 11 4
      vertex -18.765348434448242 1.481532096862793 4
    endloop
  endfacet
  facet normal 0 0 1
    outer loop
      vertex -18.765348434448242 1.481532096862793 4
      vertex -28 11 4
      vertex -19 1.5 4
    endloop
  endfacet
  facet normal 0 0 1
    outer loop
      vertex -19 1.5 4
      vertex -28 11 4
      vertex -21 1.5 4
    endloop
  endfacet
  facet normal 0 0 1
    outer loop
      vertex -22.426584243774414 0.46352481842041016 4
      vertex -32 7 4
      vertex -22.48153305053711 0.2346515655517578 4
    endloop
  endfacet
  facet normal 0 0 1
    outer loop
      vertex -22.336509704589844 0.6809854507446289 4
      vertex -32 7 4
      vertex -22.426584243774414 0.46352481842041016 4
    endloop
  endfacet
  facet normal 0 0 1
    outer loop
      vertex -22.213523864746094 0.8816776275634766 4
      vertex -32 7 4
      vertex -22.336509704589844 0.6809854507446289 4
    endloop
  endfacet
  facet normal 0 0 1
    outer loop
      vertex -22.060659408569336 1.060659408569336 4
      vertex -32 7 4
      vertex -22.213523864746094 0.8816776275634766 4
    endloop
  endfacet
  facet normal 0 0 1
    outer loop
      vertex -32 7 4
      vertex -22.060659408569336 1.060659408569336 4
      vertex -28 11 4
    endloop
  endfacet
  facet normal 0 0 1
    outer loop
      vertex -21.881677627563477 1.2135248184204102 4
      vertex -28 11 4
      vertex -22.060659408569336 1.060659408569336 4
    endloop
  endfacet
  facet normal 0 0 1
    outer loop
      vertex -21.680984497070312 1.3365097045898438 4
      vertex -28 11 4
      vertex -21.881677627563477 1.2135248184204102 4
    endloop
  endfacet
  facet normal 0 0 1
    outer loop
      vertex -21.463523864746094 1.426584243774414 4
      vertex -28 11 4
      vertex -21.680984497070312 1.3365097045898438 4
    endloop
  endfacet
  facet normal 0 0 1
    outer loop
      vertex -21.234651565551758 1.481532096862793 4
      vertex -28 11 4
      vertex -21.463523864746094 1.426584243774414 4
    endloop
  endfacet
  facet normal 0 0 1
    outer loop
      vertex -21 1.5 4
      vertex -28 11 4
      vertex -21.234651565551758 1.481532096862793 4
    endloop
  endfacet
  facet normal 0 0 1
    outer loop
      vertex 23.469219207763672 -0.3910856246948242 4
      vertex 32 -11 4
      vertex 23.5 0 4
    endloop
  endfacet
  facet normal 0 0 1
    outer loop
      vertex 23.377639770507812 -0.7725419998168945 4
      vertex 32 -11 4
      vertex 23.469219207763672 -0.3910856246948242 4
    endloop
  endfacet
  facet normal 0 0 1
    outer loop
      vertex 23.227516174316406 -1.1349754333496094 4
      vertex 32 -11 4
      vertex 23.377639770507812 -0.7725419998168945 4
    endloop
  endfacet
  facet normal 0 0 1
    outer loop
      vertex 23.022541046142578 -1.4694623947143555 4
      vertex 32 -11 4
      vertex 23.227516174316406 -1.1349754333496094 4
    endloop
  endfacet
  facet normal 0 0 1
    outer loop
      vertex 22.76776695251465 -1.7677669525146484 4
      vertex 32 -11 4
      vertex 23.022541046142578 -1.4694623947143555 4
    endloop
  endfacet
  facet normal 0 0 1
    outer loop
      vertex 22.469463348388672 -2.0225419998168945 4
      vertex 32 -11 4
      vertex 22.76776695251465 -1.7677669525146484 4
    endloop
  endfacet
  facet normal 0 0 1
    outer loop
      vertex 22.13497543334961 -2.2275161743164062 4
      vertex 32 -11 4
      vertex 22.469463348388672 -2.0225419998168945 4
    endloop
  endfacet
  facet normal 0 0 1
    outer loop
      vertex 21.772541046142578 -2.377640724182129 4
      vertex 32 -11 4
      vertex 22.13497543334961 -2.2275161743164062 4
    endloop
  endfacet
  facet normal 0 0 1
    outer loop
      vertex 21.39108657836914 -2.4692201614379883 4
      vertex 32 -11 4
      vertex 21.772541046142578 -2.377640724182129 4
    endloop
  endfacet
  facet normal 0 0 1
    outer loop
      vertex 21 -2.5 4
      vertex 32 -11 4
      vertex 21.39108657836914 -2.4692201614379883 4
    endloop
  endfacet
  facet normal 0 0 1
    outer loop
      vertex 19 -2.5 4
      vertex 32 -11 4
      vertex 21 -2.5 4
    endloop
  endfacet
  facet normal 0 0 1
    outer loop
      vertex 18.60891342163086 -2.4692201614379883 4
      vertex 32 -11 4
      vertex 19 -2.5 4
    endloop
  endfacet
  facet normal 0 0 1
    outer loop
      vertex 18.227458953857422 -2.377640724182129 4
      vertex 32 -11 4
      vertex 18.60891342163086 -2.4692201614379883 4
    endloop
  endfacet
  facet normal 0 0 1
    outer loop
      vertex 1.6180334091186523 -1.9021129608154297 4
      vertex 18.227458953857422 -2.377640724182129 4
      vertex 17.86502456665039 -2.2275161743164062 4
    endloop
  endfacet
  facet normal 0 0 1
    outer loop
      vertex 1.9079809188842773 -1.782012939453125 4
      vertex 17.86502456665039 -2.2275161743164062 4
      vertex 17.530536651611328 -2.0225419998168945 4
    endloop
  endfacet
  facet normal 0 0 1
    outer loop
      vertex 3 0 4
      vertex 16.530780792236328 -0.3910856246948242 4
      vertex 16.5 0 4
    endloop
  endfacet
  facet normal 0 0 1
    outer loop
      vertex 2.9753761291503906 -0.3128681182861328 4
      vertex 16.530780792236328 -0.3910856246948242 4
      vertex 3 0 4
    endloop
  endfacet
  facet normal 0 0 1
    outer loop
      vertex 2.9021129608154297 -0.6180334091186523 4
      vertex 16.530780792236328 -0.3910856246948242 4
      vertex 2.9753761291503906 -0.3128681182861328 4
    endloop
  endfacet
  facet normal 0 0 1
    outer loop
      vertex 16.530780792236328 -0.3910856246948242 4
      vertex 2.9021129608154297 -0.6180334091186523 4
      vertex 16.622360229492188 -0.7725419998168945 4
    endloop
  endfacet
  facet normal 0 0 1
    outer loop
      vertex 2.782012939453125 -0.9079809188842773 4
      vertex 16.622360229492188 -0.7725419998168945 4
      vertex 2.9021129608154297 -0.6180334091186523 4
    endloop
  endfacet
  facet normal 0 0 1
    outer loop
      vertex 16.622360229492188 -0.7725419998168945 4
      vertex 2.782012939453125 -0.9079809188842773 4
      vertex 16.772483825683594 -1.1349754333496094 4
    endloop
  endfacet
  facet normal 0 0 1
    outer loop
      vertex 2.6180334091186523 -1.1755704879760742 4
      vertex 16.772483825683594 -1.1349754333496094 4
      vertex 2.782012939453125 -0.9079809188842773 4
    endloop
  endfacet
  facet normal 0 0 1
    outer loop
      vertex 16.772483825683594 -1.1349754333496094 4
      vertex 2.6180334091186523 -1.1755704879760742 4
      vertex 16.977458953857422 -1.4694623947143555 4
    endloop
  endfacet
  facet normal 0 0 1
    outer loop
      vertex 2.414213180541992 -1.4142131805419922 4
      vertex 16.977458953857422 -1.4694623947143555 4
      vertex 2.6180334091186523 -1.1755704879760742 4
    endloop
  endfacet
  facet normal 0 0 1
    outer loop
      vertex 16.977458953857422 -1.4694623947143555 4
      vertex 2.414213180541992 -1.4142131805419922 4
      vertex 17.23223304748535 -1.7677669525146484 4
    endloop
  endfacet
  facet normal 0 0 1
    outer loop
      vertex 2.175570487976074 -1.6180334091186523 4
      vertex 17.23223304748535 -1.7677669525146484 4
      vertex 2.414213180541992 -1.4142131805419922 4
    endloop
  endfacet
  facet normal 0 0 1
    outer loop
      vertex 17.23223304748535 -1.7677669525146484 4
      vertex 2.175570487976074 -1.6180334091186523 4
      vertex 17.530536651611328 -2.0225419998168945 4
    endloop
  endfacet
  facet normal 0 0 1
    outer loop
      vertex 1.9079809188842773 -1.782012939453125 4
      vertex 17.530536651611328 -2.0225419998168945 4
      vertex 2.175570487976074 -1.6180334091186523 4
    endloop
  endfacet
  facet normal 0 0 1
    outer loop
      vertex 17.86502456665039 -2.2275161743164062 4
      vertex 1.9079809188842773 -1.782012939453125 4
      vertex 1.6180334091186523 -1.9021129608154297 4
    endloop
  endfacet
  facet normal 0 0 1
    outer loop
      vertex 18.227458953857422 -2.377640724182129 4
      vertex 1.6180334091186523 -1.9021129608154297 4
      vertex 32 -11 4
    endloop
  endfacet
  facet normal 0 0 1
    outer loop
      vertex 1.3128681182861328 -1.9753761291503906 4
      vertex 32 -11 4
      vertex 1.6180334091186523 -1.9021129608154297 4
    endloop
  endfacet
  facet normal 0 0 1
    outer loop
      vertex 1 -2 4
      vertex 32 -11 4
      vertex 1.3128681182861328 -1.9753761291503906 4
    endloop
  endfacet
  facet normal 0 0 1
    outer loop
      vertex -1 -2 4
      vertex 32 -11 4
      vertex 1 -2 4
    endloop
  endfacet
  facet normal 0 0 1
    outer loop
      vertex -32 -11 4
      vertex -1 -2 4
      vertex -1.3128681182861328 -1.9753761291503906 4
    endloop
  endfacet
  facet normal 0 0 1
    outer loop
      vertex -32 -11 4
      vertex -1.3128681182861328 -1.9753761291503906 4
      vertex -1.6180334091186523 -1.9021129608154297 4
    endloop
  endfacet
  facet normal 0 0 1
    outer loop
      vertex -17.5 0 4
      vertex -2.9753761291503906 -0.3128681182861328 4
      vertex -3 0 4
    endloop
  endfacet
  facet normal 0 0 1
    outer loop
      vertex -17.51846694946289 -0.2346515655517578 4
      vertex -2.9753761291503906 -0.3128681182861328 4
      vertex -17.5 0 4
    endloop
  endfacet
  facet normal 0 0 1
    outer loop
      vertex -17.573415756225586 -0.46352481842041016 4
      vertex -2.9753761291503906 -0.3128681182861328 4
      vertex -17.51846694946289 -0.2346515655517578 4
    endloop
  endfacet
  facet normal 0 0 1
    outer loop
      vertex -2.9753761291503906 -0.3128681182861328 4
      vertex -17.573415756225586 -0.46352481842041016 4
      vertex -2.9021129608154297 -0.6180334091186523 4
    endloop
  endfacet
  facet normal 0 0 1
    outer loop
      vertex -17.663490295410156 -0.6809854507446289 4
      vertex -2.9021129608154297 -0.6180334091186523 4
      vertex -17.573415756225586 -0.46352481842041016 4
    endloop
  endfacet
  facet normal 0 0 1
    outer loop
      vertex -2.9021129608154297 -0.6180334091186523 4
      vertex -17.663490295410156 -0.6809854507446289 4
      vertex -2.782012939453125 -0.9079809188842773 4
    endloop
  endfacet
  facet normal 0 0 1
    outer loop
      vertex -17.786476135253906 -0.8816776275634766 4
      vertex -2.782012939453125 -0.9079809188842773 4
      vertex -17.663490295410156 -0.6809854507446289 4
    endloop
  endfacet
  facet normal 0 0 1
    outer loop
      vertex -2.782012939453125 -0.9079809188842773 4
      vertex -17.786476135253906 -0.8816776275634766 4
      vertex -2.6180334091186523 -1.1755704879760742 4
    endloop
  endfacet
  facet normal 0 0 1
    outer loop
      vertex -17.939340591430664 -1.060659408569336 4
      vertex -2.6180334091186523 -1.1755704879760742 4
      vertex -17.786476135253906 -0.8816776275634766 4
    endloop
  endfacet
  facet normal 0 0 1
    outer loop
      vertex -2.6180334091186523 -1.1755704879760742 4
      vertex -17.939340591430664 -1.060659408569336 4
      vertex -2.414213180541992 -1.4142131805419922 4
    endloop
  endfacet
  facet normal 0 0 1
    outer loop
      vertex -18.118322372436523 -1.2135248184204102 4
      vertex -2.414213180541992 -1.4142131805419922 4
      vertex -17.939340591430664 -1.060659408569336 4
    endloop
  endfacet
  facet normal 0 0 1
    outer loop
      vertex -2.414213180541992 -1.4142131805419922 4
      vertex -18.118322372436523 -1.2135248184204102 4
      vertex -2.175570487976074 -1.6180334091186523 4
    endloop
  endfacet
  facet normal 0 0 1
    outer loop
      vertex -18.319015502929688 -1.3365097045898438 4
      vertex -2.175570487976074 -1.6180334091186523 4
      vertex -18.118322372436523 -1.2135248184204102 4
    endloop
  endfacet
  facet normal 0 0 1
    outer loop
      vertex -2.175570487976074 -1.6180334091186523 4
      vertex -18.319015502929688 -1.3365097045898438 4
      vertex -1.9079809188842773 -1.782012939453125 4
    endloop
  endfacet
  facet normal 0 0 1
    outer loop
      vertex -18.536476135253906 -1.426584243774414 4
      vertex -1.9079809188842773 -1.782012939453125 4
      vertex -18.319015502929688 -1.3365097045898438 4
    endloop
  endfacet
  facet normal 0 0 1
    outer loop
      vertex -1.9079809188842773 -1.782012939453125 4
      vertex -18.536476135253906 -1.426584243774414 4
      vertex -1.6180334091186523 -1.9021129608154297 4
    endloop
  endfacet
  facet normal 0 0 1
    outer loop
      vertex -1.6180334091186523 -1.9021129608154297 4
      vertex -18.536476135253906 -1.426584243774414 4
      vertex -32 -11 4
    endloop
  endfacet
  facet normal 0 0 1
    outer loop
      vertex -32 -11 4
      vertex -18.536476135253906 -1.426584243774414 4
      vertex -18.765348434448242 -1.481532096862793 4
    endloop
  endfacet
  facet normal 0 0 1
    outer loop
      vertex -32 -11 4
      vertex -18.765348434448242 -1.481532096862793 4
      vertex -19 -1.5 4
    endloop
  endfacet
  facet normal 0 0 1
    outer loop
      vertex -32 -11 4
      vertex -19 -1.5 4
      vertex -21 -1.5 4
    endloop
  endfacet
  facet normal 0 0 1
    outer loop
      vertex -32 -11 4
      vertex -21 -1.5 4
      vertex -21.234651565551758 -1.481532096862793 4
    endloop
  endfacet
  facet normal 0 0 1
    outer loop
      vertex -22.48153305053711 0.2346515655517578 4
      vertex -32 7 4
      vertex -22.5 0 4
    endloop
  endfacet
  facet normal 0 0 1
    outer loop
      vertex -22.5 0 4
      vertex -32 7 4
      vertex -22.48153305053711 -0.2346515655517578 4
    endloop
  endfacet
  facet normal 0 0 1
    outer loop
      vertex -32 -11 4
      vertex -22.48153305053711 -0.2346515655517578 4
      vertex -32 7 4
    endloop
  endfacet
  facet normal 0 0 1
    outer loop
      vertex -22.48153305053711 -0.2346515655517578 4
      vertex -32 -11 4
      vertex -22.426584243774414 -0.46352481842041016 4
    endloop
  endfacet
  facet normal 0 0 1
    outer loop
      vertex -22.426584243774414 -0.46352481842041016 4
      vertex -32 -11 4
      vertex -22.336509704589844 -0.6809854507446289 4
    endloop
  endfacet
  facet normal 0 0 1
    outer loop
      vertex -22.336509704589844 -0.6809854507446289 4
      vertex -32 -11 4
      vertex -22.213523864746094 -0.8816776275634766 4
    endloop
  endfacet
  facet normal 0 0 1
    outer loop
      vertex -22.213523864746094 -0.8816776275634766 4
      vertex -32 -11 4
      vertex -22.060659408569336 -1.060659408569336 4
    endloop
  endfacet
  facet normal 0 0 1
    outer loop
      vertex -1 -2 4
      vertex -32 -11 4
      vertex 32 -11 4
    endloop
  endfacet
  facet normal 0 0 1
    outer loop
      vertex -21.463523864746094 -1.426584243774414 4
      vertex -32 -11 4
      vertex -21.234651565551758 -1.481532096862793 4
    endloop
  endfacet
  facet normal 0 0 1
    outer loop
      vertex -21.680984497070312 -1.3365097045898438 4
      vertex -32 -11 4
      vertex -21.463523864746094 -1.426584243774414 4
    endloop
  endfacet
  facet normal 0 0 1
    outer loop
      vertex -21.881677627563477 -1.2135248184204102 4
      vertex -32 -11 4
      vertex -21.680984497070312 -1.3365097045898438 4
    endloop
  endfacet
  facet normal 0 0 1
    outer loop
      vertex -22.060659408569336 -1.060659408569336 4
      vertex -32 -11 4
      vertex -21.881677627563477 -1.2135248184204102 4
    endloop
  endfacet
  facet normal 0 0 -1
    outer loop
      vertex 32 -11 0
      vertex 23.5 0 0
      vertex 32 11 0
    endloop
  endfacet
  facet normal 0 0 -1
    outer loop
      vertex 32 -11 0
      vertex 23.469219207763672 -0.3910856246948242 0
      vertex 23.5 0 0
    endloop
  endfacet
  facet normal 0 0 -1
    outer loop
      vertex 32 -11 0
      vertex 23.377639770507812 -0.7725419998168945 0
      vertex 23.469219207763672 -0.3910856246948242 0
    endloop
  endfacet
  facet normal 0 0 -1
    outer loop
      vertex 32 -11 0
      vertex 23.227516174316406 -1.1349754333496094 0
      vertex 23.377639770507812 -0.7725419998168945 0
    endloop
  endfacet
  facet normal 0 0 -1
    outer loop
      vertex 32 -11 0
      vertex 23.022541046142578 -1.4694623947143555 0
      vertex 23.227516174316406 -1.1349754333496094 0
    endloop
  endfacet
  facet normal 0 0 -1
    outer loop
      vertex 32 -11 0
      vertex 22.76776695251465 -1.7677669525146484 0
      vertex 23.022541046142578 -1.4694623947143555 0
    endloop
  endfacet
  facet normal 0 0 -1
    outer loop
      vertex 32 -11 0
      vertex 22.469463348388672 -2.0225419998168945 0
      vertex 22.76776695251465 -1.7677669525146484 0
    endloop
  endfacet
  facet normal 0 0 -1
    outer loop
      vertex 32 -11 0
      vertex 22.13497543334961 -2.2275161743164062 0
      vertex 22.469463348388672 -2.0225419998168945 0
    endloop
  endfacet
  facet normal 0 0 -1
    outer loop
      vertex 32 -11 0
      vertex 21.772541046142578 -2.377640724182129 0
      vertex 22.13497543334961 -2.2275161743164062 0
    endloop
  endfacet
  facet normal 0 0 -1
    outer loop
      vertex 32 -11 0
      vertex 21.39108657836914 -2.4692201614379883 0
      vertex 21.772541046142578 -2.377640724182129 0
    endloop
  endfacet
  facet normal 0 0 -1
    outer loop
      vertex 32 -11 0
      vertex 21 -2.5 0
      vertex 21.39108657836914 -2.4692201614379883 0
    endloop
  endfacet
  facet normal 0 0 -1
    outer loop
      vertex 32 -11 0
      vertex 19 -2.5 0
      vertex 21 -2.5 0
    endloop
  endfacet
  facet normal 0 0 -1
    outer loop
      vertex 32 -11 0
      vertex 18.60891342163086 -2.4692201614379883 0
      vertex 19 -2.5 0
    endloop
  endfacet
  facet normal 0 0 -1
    outer loop
      vertex 32 -11 0
      vertex 18.227458953857422 -2.377640724182129 0
      vertex 18.60891342163086 -2.4692201614379883 0
    endloop
  endfacet
  facet normal 0 0 -1
    outer loop
      vertex 1.6180334091186523 -1.9021129608154297 0
      vertex 18.227458953857422 -2.377640724182129 0
      vertex 32 -11 0
    endloop
  endfacet
  facet normal 0 0 -1
    outer loop
      vertex 18.227458953857422 -2.377640724182129 0
      vertex 1.6180334091186523 -1.9021129608154297 0
      vertex 17.86502456665039 -2.2275161743164062 0
    endloop
  endfacet
  facet normal 0 0 -1
    outer loop
      vertex 16.530780792236328 -0.3910856246948242 0
      vertex 3 0 0
      vertex 16.5 0 0
    endloop
  endfacet
  facet normal 0 0 -1
    outer loop
      vertex 2.9021129608154297 -0.6180334091186523 0
      vertex 16.530780792236328 -0.3910856246948242 0
      vertex 16.622360229492188 -0.7725419998168945 0
    endloop
  endfacet
  facet normal 0 0 -1
    outer loop
      vertex 2.782012939453125 -0.9079809188842773 0
      vertex 16.622360229492188 -0.7725419998168945 0
      vertex 16.772483825683594 -1.1349754333496094 0
    endloop
  endfacet
  facet normal 0 0 -1
    outer loop
      vertex 2.6180334091186523 -1.1755704879760742 0
      vertex 16.772483825683594 -1.1349754333496094 0
      vertex 16.977458953857422 -1.4694623947143555 0
    endloop
  endfacet
  facet normal 0 0 -1
    outer loop
      vertex 2.414213180541992 -1.4142131805419922 0
      vertex 16.977458953857422 -1.4694623947143555 0
      vertex 17.23223304748535 -1.7677669525146484 0
    endloop
  endfacet
  facet normal 0 0 -1
    outer loop
      vertex 2.175570487976074 -1.6180334091186523 0
      vertex 17.23223304748535 -1.7677669525146484 0
      vertex 17.530536651611328 -2.0225419998168945 0
    endloop
  endfacet
  facet normal 0 0 -1
    outer loop
      vertex 1.9079809188842773 -1.782012939453125 0
      vertex 17.86502456665039 -2.2275161743164062 0
      vertex 1.6180334091186523 -1.9021129608154297 0
    endloop
  endfacet
  facet normal 0 0 -1
    outer loop
      vertex 16.530780792236328 -0.3910856246948242 0
      vertex 2.9753761291503906 -0.3128681182861328 0
      vertex 3 0 0
    endloop
  endfacet
  facet normal 0 0 -1
    outer loop
      vertex 16.530780792236328 -0.3910856246948242 0
      vertex 2.9021129608154297 -0.6180334091186523 0
      vertex 2.9753761291503906 -0.3128681182861328 0
    endloop
  endfacet
  facet normal 0 0 -1
    outer loop
      vertex 16.622360229492188 -0.7725419998168945 0
      vertex 2.782012939453125 -0.9079809188842773 0
      vertex 2.9021129608154297 -0.6180334091186523 0
    endloop
  endfacet
  facet normal 0 0 -1
    outer loop
      vertex 16.772483825683594 -1.1349754333496094 0
      vertex 2.6180334091186523 -1.1755704879760742 0
      vertex 2.782012939453125 -0.9079809188842773 0
    endloop
  endfacet
  facet normal 0 0 -1
    outer loop
      vertex 16.977458953857422 -1.4694623947143555 0
      vertex 2.414213180541992 -1.4142131805419922 0
      vertex 2.6180334091186523 -1.1755704879760742 0
    endloop
  endfacet
  facet normal 0 0 -1
    outer loop
      vertex 17.23223304748535 -1.7677669525146484 0
      vertex 2.175570487976074 -1.6180334091186523 0
      vertex 2.414213180541992 -1.4142131805419922 0
    endloop
  endfacet
  facet normal 0 0 -1
    outer loop
      vertex 17.530536651611328 -2.0225419998168945 0
      vertex 1.9079809188842773 -1.782012939453125 0
      vertex 2.175570487976074 -1.6180334091186523 0
    endloop
  endfacet
  facet normal 0 0 -1
    outer loop
      vertex 17.86502456665039 -2.2275161743164062 0
      vertex 1.9079809188842773 -1.782012939453125 0
      vertex 17.530536651611328 -2.0225419998168945 0
    endloop
  endfacet
  facet normal 0 0 -1
    outer loop
      vertex 32 -11 0
      vertex 1.3128681182861328 -1.9753761291503906 0
      vertex 1.6180334091186523 -1.9021129608154297 0
    endloop
  endfacet
  facet normal 0 0 -1
    outer loop
      vertex 32 -11 0
      vertex 1 -2 0
      vertex 1.3128681182861328 -1.9753761291503906 0
    endloop
  endfacet
  facet normal 0 0 -1
    outer loop
      vertex 32 -11 0
      vertex -1 -2 0
      vertex 1 -2 0
    endloop
  endfacet
  facet normal 0 0 -1
    outer loop
      vertex -32 -11 0
      vertex -1 -2 0
      vertex 32 -11 0
    endloop
  endfacet
  facet normal 0 0 -1
    outer loop
      vertex -1 -2 0
      vertex -32 -11 0
      vertex -1.3128681182861328 -1.9753761291503906 0
    endloop
  endfacet
  facet normal 0 0 -1
    outer loop
      vertex -2.9753761291503906 -0.3128681182861328 0
      vertex -17.5 0 0
      vertex -3 0 0
    endloop
  endfacet
  facet normal 0 0 -1
    outer loop
      vertex -17.573415756225586 -0.46352481842041016 0
      vertex -2.9753761291503906 -0.3128681182861328 0
      vertex -2.9021129608154297 -0.6180334091186523 0
    endloop
  endfacet
  facet normal 0 0 -1
    outer loop
      vertex -17.663490295410156 -0.6809854507446289 0
      vertex -2.9021129608154297 -0.6180334091186523 0
      vertex -2.782012939453125 -0.9079809188842773 0
    endloop
  endfacet
  facet normal 0 0 -1
    outer loop
      vertex -17.786476135253906 -0.8816776275634766 0
      vertex -2.782012939453125 -0.9079809188842773 0
      vertex -2.6180334091186523 -1.1755704879760742 0
    endloop
  endfacet
  facet normal 0 0 -1
    outer loop
      vertex -17.939340591430664 -1.060659408569336 0
      vertex -2.6180334091186523 -1.1755704879760742 0
      vertex -2.414213180541992 -1.4142131805419922 0
    endloop
  endfacet
  facet normal 0 0 -1
    outer loop
      vertex -18.118322372436523 -1.2135248184204102 0
      vertex -2.414213180541992 -1.4142131805419922 0
      vertex -2.175570487976074 -1.6180334091186523 0
    endloop
  endfacet
  facet normal 0 0 -1
    outer loop
      vertex -18.319015502929688 -1.3365097045898438 0
      vertex -2.175570487976074 -1.6180334091186523 0
      vertex -1.9079809188842773 -1.782012939453125 0
    endloop
  endfacet
  facet normal 0 0 -1
    outer loop
      vertex -18.536476135253906 -1.426584243774414 0
      vertex -1.9079809188842773 -1.782012939453125 0
      vertex -1.6180334091186523 -1.9021129608154297 0
    endloop
  endfacet
  facet normal 0 0 -1
    outer loop
      vertex -1.3128681182861328 -1.9753761291503906 0
      vertex -32 -11 0
      vertex -1.6180334091186523 -1.9021129608154297 0
    endloop
  endfacet
  facet normal 0 0 -1
    outer loop
      vertex -2.9753761291503906 -0.3128681182861328 0
      vertex -17.51846694946289 -0.2346515655517578 0
      vertex -17.5 0 0
    endloop
  endfacet
  facet normal 0 0 -1
    outer loop
      vertex -2.9753761291503906 -0.3128681182861328 0
      vertex -17.573415756225586 -0.46352481842041016 0
      vertex -17.51846694946289 -0.2346515655517578 0
    endloop
  endfacet
  facet normal 0 0 -1
    outer loop
      vertex -2.9021129608154297 -0.6180334091186523 0
      vertex -17.663490295410156 -0.6809854507446289 0
      vertex -17.573415756225586 -0.46352481842041016 0
    endloop
  endfacet
  facet normal 0 0 -1
    outer loop
      vertex -2.782012939453125 -0.9079809188842773 0
      vertex -17.786476135253906 -0.8816776275634766 0
      vertex -17.663490295410156 -0.6809854507446289 0
    endloop
  endfacet
  facet normal 0 0 -1
    outer loop
      vertex -2.6180334091186523 -1.1755704879760742 0
      vertex -17.939340591430664 -1.060659408569336 0
      vertex -17.786476135253906 -0.8816776275634766 0
    endloop
  endfacet
  facet normal 0 0 -1
    outer loop
      vertex -2.414213180541992 -1.4142131805419922 0
      vertex -18.118322372436523 -1.2135248184204102 0
      vertex -17.939340591430664 -1.060659408569336 0
    endloop
  endfacet
  facet normal 0 0 -1
    outer loop
      vertex -2.175570487976074 -1.6180334091186523 0
      vertex -18.319015502929688 -1.3365097045898438 0
      vertex -18.118322372436523 -1.2135248184204102 0
    endloop
  endfacet
  facet normal 0 0 -1
    outer loop
      vertex -18.536476135253906 -1.426584243774414 0
      vertex -1.6180334091186523 -1.9021129608154297 0
      vertex -32 -11 0
    endloop
  endfacet
  facet normal 0 0 -1
    outer loop
      vertex -1.9079809188842773 -1.782012939453125 0
      vertex -18.536476135253906 -1.426584243774414 0
      vertex -18.319015502929688 -1.3365097045898438 0
    endloop
  endfacet
  facet normal 0 0 -1
    outer loop
      vertex -18.536476135253906 -1.426584243774414 0
      vertex -32 -11 0
      vertex -18.765348434448242 -1.481532096862793 0
    endloop
  endfacet
  facet normal 0 0 -1
    outer loop
      vertex -18.765348434448242 -1.481532096862793 0
      vertex -32 -11 0
      vertex -19 -1.5 0
    endloop
  endfacet
  facet normal 0 0 -1
    outer loop
      vertex -19 -1.5 0
      vertex -32 -11 0
      vertex -21 -1.5 0
    endloop
  endfacet
  facet normal 0 0 -1
    outer loop
      vertex -32 7 0
      vertex -22.5 0 0
      vertex -22.48153305053711 -0.2346515655517578 0
    endloop
  endfacet
  facet normal 0 0 -1
    outer loop
      vertex -32 -11 0
      vertex -22.48153305053711 -0.2346515655517578 0
      vertex -22.426584243774414 -0.46352481842041016 0
    endloop
  endfacet
  facet normal 0 0 -1
    outer loop
      vertex -32 -11 0
      vertex -22.426584243774414 -0.46352481842041016 0
      vertex -22.336509704589844 -0.6809854507446289 0
    endloop
  endfacet
  facet normal 0 0 -1
    outer loop
      vertex -21 -1.5 0
      vertex -32 -11 0
      vertex -21.234651565551758 -1.481532096862793 0
    endloop
  endfacet
  facet normal 0 0 -1
    outer loop
      vertex -32 -11 0
      vertex -21.463523864746094 -1.426584243774414 0
      vertex -21.234651565551758 -1.481532096862793 0
    endloop
  endfacet
  facet normal 0 0 -1
    outer loop
      vertex -32 -11 0
      vertex -21.680984497070312 -1.3365097045898438 0
      vertex -21.463523864746094 -1.426584243774414 0
    endloop
  endfacet
  facet normal 0 0 -1
    outer loop
      vertex -32 -11 0
      vertex -21.881677627563477 -1.2135248184204102 0
      vertex -21.680984497070312 -1.3365097045898438 0
    endloop
  endfacet
  facet normal 0 0 -1
    outer loop
      vertex -32 -11 0
      vertex -22.060659408569336 -1.060659408569336 0
      vertex -21.881677627563477 -1.2135248184204102 0
    endloop
  endfacet
  facet normal 0 0 -1
    outer loop
      vertex -32 -11 0
      vertex -22.213523864746094 -0.8816776275634766 0
      vertex -22.060659408569336 -1.060659408569336 0
    endloop
  endfacet
  facet normal 0 0 -1
    outer loop
      vertex -32 -11 0
      vertex -22.336509704589844 -0.6809854507446289 0
      vertex -22.213523864746094 -0.8816776275634766 0
    endloop
  endfacet
  facet normal 0 0 -1
    outer loop
      vertex -22.48153305053711 -0.2346515655517578 0
      vertex -32 -11 0
      vertex -32 7 0
    endloop
  endfacet
  facet normal 0 0 -1
    outer loop
      vertex -22.5 0 0
      vertex -32 7 0
      vertex -28 11 0
    endloop
  endfacet
  facet normal 0 0 -1
    outer loop
      vertex 23.469219207763672 0.3910856246948242 0
      vertex 32 11 0
      vertex 23.5 0 0
    endloop
  endfacet
  facet normal 0 0 -1
    outer loop
      vertex 23.377639770507812 0.7725419998168945 0
      vertex 32 11 0
      vertex 23.469219207763672 0.3910856246948242 0
    endloop
  endfacet
  facet normal 0 0 -1
    outer loop
      vertex 23.227516174316406 1.1349754333496094 0
      vertex 32 11 0
      vertex 23.377639770507812 0.7725419998168945 0
    endloop
  endfacet
  facet normal 0 0 -1
    outer loop
      vertex 23.022541046142578 1.4694623947143555 0
      vertex 32 11 0
      vertex 23.227516174316406 1.1349754333496094 0
    endloop
  endfacet
  facet normal 0 0 -1
    outer loop
      vertex 22.76776695251465 1.7677669525146484 0
      vertex 32 11 0
      vertex 23.022541046142578 1.4694623947143555 0
    endloop
  endfacet
  facet normal 0 0 -1
    outer loop
      vertex 22.469463348388672 2.0225419998168945 0
      vertex 32 11 0
      vertex 22.76776695251465 1.7677669525146484 0
    endloop
  endfacet
  facet normal 0 0 -1
    outer loop
      vertex 22.13497543334961 2.2275161743164062 0
      vertex 32 11 0
      vertex 22.469463348388672 2.0225419998168945 0
    endloop
  endfacet
  facet normal 0 0 -1
    outer loop
      vertex 21.772541046142578 2.377640724182129 0
      vertex 32 11 0
      vertex 22.13497543334961 2.2275161743164062 0
    endloop
  endfacet
  facet normal 0 0 -1
    outer loop
      vertex 21.39108657836914 2.4692201614379883 0
      vertex 32 11 0
      vertex 21.772541046142578 2.377640724182129 0
    endloop
  endfacet
  facet normal 0 0 -1
    outer loop
      vertex 21 2.5 0
      vertex 32 11 0
      vertex 21.39108657836914 2.4692201614379883 0
    endloop
  endfacet
  facet normal 0 0 -1
    outer loop
      vertex 19 2.5 0
      vertex 32 11 0
      vertex 21 2.5 0
    endloop
  endfacet
  facet normal 0 0 -1
    outer loop
      vertex 18.60891342163086 2.4692201614379883 0
      vertex 32 11 0
      vertex 19 2.5 0
    endloop
  endfacet
  facet normal 0 0 -1
    outer loop
      vertex 18.227458953857422 2.377640724182129 0
      vertex 32 11 0
      vertex 18.60891342163086 2.4692201614379883 0
    endloop
  endfacet
  facet normal 0 0 -1
    outer loop
      vertex 1.6180334091186523 1.9021129608154297 0
      vertex 18.227458953857422 2.377640724182129 0
      vertex 17.86502456665039 2.2275161743164062 0
    endloop
  endfacet
  facet normal 0 0 -1
    outer loop
      vertex 1.9079809188842773 1.782012939453125 0
      vertex 17.86502456665039 2.2275161743164062 0
      vertex 17.530536651611328 2.0225419998168945 0
    endloop
  endfacet
  facet normal 0 0 -1
    outer loop
      vertex 3 0 0
      vertex 16.530780792236328 0.3910856246948242 0
      vertex 16.5 0 0
    endloop
  endfacet
  facet normal 0 0 -1
    outer loop
      vertex 2.9753761291503906 0.3128681182861328 0
      vertex 16.530780792236328 0.3910856246948242 0
      vertex 3 0 0
    endloop
  endfacet
  facet normal 0 0 -1
    outer loop
      vertex 2.9021129608154297 0.6180334091186523 0
      vertex 16.530780792236328 0.3910856246948242 0
      vertex 2.9753761291503906 0.3128681182861328 0
    endloop
  endfacet
  facet normal 0 0 -1
    outer loop
      vertex 16.530780792236328 0.3910856246948242 0
      vertex 2.9021129608154297 0.6180334091186523 0
      vertex 16.622360229492188 0.7725419998168945 0
    endloop
  endfacet
  facet normal 0 0 -1
    outer loop
      vertex 2.782012939453125 0.9079809188842773 0
      vertex 16.622360229492188 0.7725419998168945 0
      vertex 2.9021129608154297 0.6180334091186523 0
    endloop
  endfacet
  facet normal 0 0 -1
    outer loop
      vertex 16.622360229492188 0.7725419998168945 0
      vertex 2.782012939453125 0.9079809188842773 0
      vertex 16.772483825683594 1.1349754333496094 0
    endloop
  endfacet
  facet normal 0 0 -1
    outer loop
      vertex 2.6180334091186523 1.1755704879760742 0
      vertex 16.772483825683594 1.1349754333496094 0
      vertex 2.782012939453125 0.9079809188842773 0
    endloop
  endfacet
  facet normal 0 0 -1
    outer loop
      vertex 16.772483825683594 1.1349754333496094 0
      vertex 2.6180334091186523 1.1755704879760742 0
      vertex 16.977458953857422 1.4694623947143555 0
    endloop
  endfacet
  facet normal 0 0 -1
    outer loop
      vertex 2.414213180541992 1.4142131805419922 0
      vertex 16.977458953857422 1.4694623947143555 0
      vertex 2.6180334091186523 1.1755704879760742 0
    endloop
  endfacet
  facet normal 0 0 -1
    outer loop
      vertex 16.977458953857422 1.4694623947143555 0
      vertex 2.414213180541992 1.4142131805419922 0
      vertex 17.23223304748535 1.7677669525146484 0
    endloop
  endfacet
  facet normal 0 0 -1
    outer loop
      vertex 2.175570487976074 1.6180334091186523 0
      vertex 17.23223304748535 1.7677669525146484 0
      vertex 2.414213180541992 1.4142131805419922 0
    endloop
  endfacet
  facet normal 0 0 -1
    outer loop
      vertex 17.23223304748535 1.7677669525146484 0
      vertex 2.175570487976074 1.6180334091186523 0
      vertex 17.530536651611328 2.0225419998168945 0
    endloop
  endfacet
  facet normal 0 0 -1
    outer loop
      vertex 1.9079809188842773 1.782012939453125 0
      vertex 17.530536651611328 2.0225419998168945 0
      vertex 2.175570487976074 1.6180334091186523 0
    endloop
  endfacet
  facet normal 0 0 -1
    outer loop
      vertex 17.86502456665039 2.2275161743164062 0
      vertex 1.9079809188842773 1.782012939453125 0
      vertex 1.6180334091186523 1.9021129608154297 0
    endloop
  endfacet
  facet normal 0 0 -1
    outer loop
      vertex 18.227458953857422 2.377640724182129 0
      vertex 1.6180334091186523 1.9021129608154297 0
      vertex 32 11 0
    endloop
  endfacet
  facet normal 0 0 -1
    outer loop
      vertex 1.3128681182861328 1.9753761291503906 0
      vertex 32 11 0
      vertex 1.6180334091186523 1.9021129608154297 0
    endloop
  endfacet
  facet normal 0 0 -1
    outer loop
      vertex 1 2 0
      vertex 32 11 0
      vertex 1.3128681182861328 1.9753761291503906 0
    endloop
  endfacet
  facet normal 0 0 -1
    outer loop
      vertex -28 11 0
      vertex 1 2 0
      vertex -1 2 0
    endloop
  endfacet
  facet normal 0 0 -1
    outer loop
      vertex -28 11 0
      vertex -1 2 0
      vertex -1.3128681182861328 1.9753761291503906 0
    endloop
  endfacet
  facet normal 0 0 -1
    outer loop
      vertex -28 11 0
      vertex -1.3128681182861328 1.9753761291503906 0
      vertex -1.6180334091186523 1.9021129608154297 0
    endloop
  endfacet
  facet normal 0 0 -1
    outer loop
      vertex -17.5 0 0
      vertex -2.9753761291503906 0.3128681182861328 0
      vertex -3 0 0
    endloop
  endfacet
  facet normal 0 0 -1
    outer loop
      vertex -17.51846694946289 0.2346515655517578 0
      vertex -2.9753761291503906 0.3128681182861328 0
      vertex -17.5 0 0
    endloop
  endfacet
  facet normal 0 0 -1
    outer loop
      vertex -17.573415756225586 0.46352481842041016 0
      vertex -2.9753761291503906 0.3128681182861328 0
      vertex -17.51846694946289 0.2346515655517578 0
    endloop
  endfacet
  facet normal 0 0 -1
    outer loop
      vertex -2.9753761291503906 0.3128681182861328 0
      vertex -17.573415756225586 0.46352481842041016 0
      vertex -2.9021129608154297 0.6180334091186523 0
    endloop
  endfacet
  facet normal 0 0 -1
    outer loop
      vertex -17.663490295410156 0.6809854507446289 0
      vertex -2.9021129608154297 0.6180334091186523 0
      vertex -17.573415756225586 0.46352481842041016 0
    endloop
  endfacet
  facet normal 0 0 -1
    outer loop
      vertex -2.9021129608154297 0.6180334091186523 0
      vertex -17.663490295410156 0.6809854507446289 0
      vertex -2.782012939453125 0.9079809188842773 0
    endloop
  endfacet
  facet normal 0 0 -1
    outer loop
      vertex -17.786476135253906 0.8816776275634766 0
      vertex -2.782012939453125 0.9079809188842773 0
      vertex -17.663490295410156 0.6809854507446289 0
    endloop
  endfacet
  facet normal 0 0 -1
    outer loop
      vertex -2.782012939453125 0.9079809188842773 0
      vertex -17.786476135253906 0.8816776275634766 0
      vertex -2.6180334091186523 1.1755704879760742 0
    endloop
  endfacet
  facet normal 0 0 -1
    outer loop
      vertex -17.939340591430664 1.060659408569336 0
      vertex -2.6180334091186523 1.1755704879760742 0
      vertex -17.786476135253906 0.8816776275634766 0
    endloop
  endfacet
  facet normal 0 0 -1
    outer loop
      vertex -2.6180334091186523 1.1755704879760742 0
      vertex -17.939340591430664 1.060659408569336 0
      vertex -2.414213180541992 1.4142131805419922 0
    endloop
  endfacet
  facet normal 0 0 -1
    outer loop
      vertex -18.118322372436523 1.2135248184204102 0
      vertex -2.414213180541992 1.4142131805419922 0
      vertex -17.939340591430664 1.060659408569336 0
    endloop
  endfacet
  facet normal 0 0 -1
    outer loop
      vertex -2.414213180541992 1.4142131805419922 0
      vertex -18.118322372436523 1.2135248184204102 0
      vertex -2.175570487976074 1.6180334091186523 0
    endloop
  endfacet
  facet normal 0 0 -1
    outer loop
      vertex -18.319015502929688 1.3365097045898438 0
      vertex -2.175570487976074 1.6180334091186523 0
      vertex -18.118322372436523 1.2135248184204102 0
    endloop
  endfacet
  facet normal 0 0 -1
    outer loop
      vertex -2.175570487976074 1.6180334091186523 0
      vertex -18.319015502929688 1.3365097045898438 0
      vertex -1.9079809188842773 1.782012939453125 0
    endloop
  endfacet
  facet normal 0 0 -1
    outer loop
      vertex -28 11 0
      vertex -1.9079809188842773 1.782012939453125 0
      vertex -18.319015502929688 1.3365097045898438 0
    endloop
  endfacet
  facet normal 0 0 -1
    outer loop
      vertex -1.9079809188842773 1.782012939453125 0
      vertex -28 11 0
      vertex -1.6180334091186523 1.9021129608154297 0
    endloop
  endfacet
  facet normal 0 0 -1
    outer loop
      vertex -28 11 0
      vertex -18.319015502929688 1.3365097045898438 0
      vertex -18.536476135253906 1.426584243774414 0
    endloop
  endfacet
  facet normal 0 0 -1
    outer loop
      vertex -28 11 0
      vertex -18.536476135253906 1.426584243774414 0
      vertex -18.765348434448242 1.481532096862793 0
    endloop
  endfacet
  facet normal 0 0 -1
    outer loop
      vertex -28 11 0
      vertex -18.765348434448242 1.481532096862793 0
      vertex -19 1.5 0
    endloop
  endfacet
  facet normal 0 0 -1
    outer loop
      vertex -28 11 0
      vertex -19 1.5 0
      vertex -21 1.5 0
    endloop
  endfacet
  facet normal 0 0 -1
    outer loop
      vertex -28 11 0
      vertex -21 1.5 0
      vertex -21.234651565551758 1.481532096862793 0
    endloop
  endfacet
  facet normal 0 0 -1
    outer loop
      vertex 1 2 0
      vertex -28 11 0
      vertex 32 11 0
    endloop
  endfacet
  facet normal 0 0 -1
    outer loop
      vertex -21.463523864746094 1.426584243774414 0
      vertex -28 11 0
      vertex -21.234651565551758 1.481532096862793 0
    endloop
  endfacet
  facet normal 0 0 -1
    outer loop
      vertex -21.680984497070312 1.3365097045898438 0
      vertex -28 11 0
      vertex -21.463523864746094 1.426584243774414 0
    endloop
  endfacet
  facet normal 0 0 -1
    outer loop
      vertex -21.881677627563477 1.2135248184204102 0
      vertex -28 11 0
      vertex -21.680984497070312 1.3365097045898438 0
    endloop
  endfacet
  facet normal 0 0 -1
    outer loop
      vertex -22.060659408569336 1.060659408569336 0
      vertex -28 11 0
      vertex -21.881677627563477 1.2135248184204102 0
    endloop
  endfacet
  facet normal 0 0 -1
    outer loop
      vertex -22.213523864746094 0.8816776275634766 0
      vertex -28 11 0
      vertex -22.060659408569336 1.060659408569336 0
    endloop
  endfacet
  facet normal 0 0 -1
    outer loop
      vertex -22.336509704589844 0.6809854507446289 0
      vertex -28 11 0
      vertex -22.213523864746094 0.8816776275634766 0
    endloop
  endfacet
  facet normal 0 0 -1
    outer loop
      vertex -22.426584243774414 0.46352481842041016 0
      vertex -28 11 0
      vertex -22.336509704589844 0.6809854507446289 0
    endloop
  endfacet
  facet normal 0 0 -1
    outer loop
      vertex -22.48153305053711 0.2346515655517578 0
      vertex -28 11 0
      vertex -22.426584243774414 0.46352481842041016 0
    endloop
  endfacet
  facet normal 0 0 -1
    outer loop
      vertex -28 11 0
      vertex -22.48153305053711 0.2346515655517578 0
      vertex -22.5 0 0
    endloop
  endfacet
  facet normal -1 0 0
    outer loop
      vertex -32 -11 0
      vertex -32 7 4
      vertex -32 7 0
    endloop
  endfacet
  facet normal -1 0 0
    outer loop
      vertex -32 7 4
      vertex -32 -11 0
      vertex -32 -11 4
    endloop
  endfacet
  facet normal 0 1 0
    outer loop
      vertex 32 11 0
      vertex -28 11 4
      vertex 32 11 4
    endloop
  endfacet
  facet normal 0 1 0
    outer loop
      vertex -28 11 4
      vertex 32 11 0
      vertex -28 11 0
    endloop
  endfacet
  facet normal 0 -1 0
    outer loop
      vertex -32 -11 0
      vertex 32 -11 4
      vertex -32 -11 4
    endloop
  endfacet
  facet normal 0 -1 0
    outer loop
      vertex 32 -11 4
      vertex -32 -11 0
      vertex 32 -11 0
    endloop
  endfacet
  facet normal -0.7071067811865475 0.7071067811865475 0
    outer loop
      vertex -32 7 0
      vertex -28 11 4
      vertex -28 11 0
    endloop
  endfacet
  facet normal -0.7071067811865475 0.7071067811865475 0
    outer loop
      vertex -28 11 4
      vertex -32 7 0
      vertex -32 7 4
    endloop
  endfacet
endsolid OpenSCAD_Model
