solid OpenSCAD_Model
  facet normal 1 0 0
    outer loop
      vertex 38 2 28
      vertex 38 -2 28
      vertex 38 2 3
    endloop
  endfacet
  facet normal 1 0 0
    outer loop
      vertex 38 2 3
      vertex 38 9 0
      vertex 38 9 3
    endloop
  endfacet
  facet normal 1 0 0
    outer loop
      vertex 38 -2 3
      vertex 38 2 3
      vertex 38 -2 28
    endloop
  endfacet
  facet normal 1 0 0
    outer loop
      vertex 38 -2 3
      vertex 38 9 0
      vertex 38 2 3
    endloop
  endfacet
  facet normal 1 0 0
    outer loop
      vertex 38 -9 0
      vertex 38 -2 3
      vertex 38 -9 3
    endloop
  endfacet
  facet normal 1 0 0
    outer loop
      vertex 38 -2 3
      vertex 38 -9 0
      vertex 38 9 0
    endloop
  endfacet
  facet normal 0 0 1
    outer loop
      vertex -38 9 3
      vertex 38 2 3
      vertex 38 9 3
    endloop
  endfacet
  facet normal 0 0 1
    outer loop
      vertex 38 2 3
      vertex -38 9 3
      vertex -38 2 3
    endloop
  endfacet
  facet normal 0 0 1
    outer loop
      vertex 27.183914184570312 -6.785279273986816 3
      vertex 25.83307456970215 -6.785279273986816 3
      vertex 27.183914184570312 -7.434239387512207 3
    endloop
  endfacet
  facet normal 0 0 1
    outer loop
      vertex 38 -2 3
      vertex 27.93256378173828 -6.496379852294922 3
      vertex 38 -9 3
    endloop
  endfacet
  facet normal 0 0 1
    outer loop
      vertex 38 -2 3
      vertex 27.529754638671875 -4.5677995681762695 3
      vertex 27.93256378173828 -6.496379852294922 3
    endloop
  endfacet
  facet normal 0 0 1
    outer loop
      vertex 38 -2 3
      vertex 27.145244598388672 -4.5677995681762695 3
      vertex 27.529754638671875 -4.5677995681762695 3
    endloop
  endfacet
  facet normal 0 0 1
    outer loop
      vertex 25.83307456970215 -6.500459671020508 3
      vertex 25.356945037841797 -6.988709449768066 3
      vertex 25.83307456970215 -6.785279273986816 3
    endloop
  endfacet
  facet normal 0 0 1
    outer loop
      vertex 24.35665512084961 -5.359169960021973 3
      vertex 25.83307456970215 -6.500459671020508 3
      vertex 27.145244598388672 -4.5677995681762695 3
    endloop
  endfacet
  facet normal 0 0 1
    outer loop
      vertex 24.41692352294922 -6 3
      vertex 25.83307456970215 -6.500459671020508 3
      vertex 24.410228729248047 -5.766496658325195 3
    endloop
  endfacet
  facet normal 0 0 1
    outer loop
      vertex 25.83307456970215 -6.500459671020508 3
      vertex 24.960254669189453 -6.988709449768066 3
      vertex 25.356945037841797 -6.988709449768066 3
    endloop
  endfacet
  facet normal 0 0 1
    outer loop
      vertex 24.409889221191406 -6.229942321777344 3
      vertex 25.83307456970215 -6.500459671020508 3
      vertex 24.41692352294922 -6 3
    endloop
  endfacet
  facet normal 0 0 1
    outer loop
      vertex 24.960254669189453 -6.988709449768066 3
      vertex 25.83307456970215 -6.500459671020508 3
      vertex 24.409889221191406 -6.229942321777344 3
    endloop
  endfacet
  facet normal 0 0 1
    outer loop
      vertex 25.83307456970215 -6.500459671020508 3
      vertex 24.39013671875 -5.552886009216309 3
      vertex 24.410228729248047 -5.766496658325195 3
    endloop
  endfacet
  facet normal 0 0 1
    outer loop
      vertex 25.83307456970215 -6.500459671020508 3
      vertex 24.35665512084961 -5.359169960021973 3
      vertex 24.39013671875 -5.552886009216309 3
    endloop
  endfacet
  facet normal 0 0 1
    outer loop
      vertex 27.145244598388672 -4.5677995681762695 3
      vertex 24.309778213500977 -5.185346603393555 3
      vertex 24.35665512084961 -5.359169960021973 3
    endloop
  endfacet
  facet normal 0 0 1
    outer loop
      vertex 23.589719772338867 -4.535421371459961 3
      vertex 27.145244598388672 -4.5677995681762695 3
      vertex 38 -2 3
    endloop
  endfacet
  facet normal 0 0 1
    outer loop
      vertex 27.145244598388672 -4.5677995681762695 3
      vertex 24.249507904052734 -5.031415939331055 3
      vertex 24.309778213500977 -5.185346603393555 3
    endloop
  endfacet
  facet normal 0 0 1
    outer loop
      vertex 27.145244598388672 -4.5677995681762695 3
      vertex 24.175844192504883 -4.8973798751831055 3
      vertex 24.249507904052734 -5.031415939331055 3
    endloop
  endfacet
  facet normal 0 0 1
    outer loop
      vertex 27.145244598388672 -4.5677995681762695 3
      vertex 24.088119506835938 -4.783620834350586 3
      vertex 24.175844192504883 -4.8973798751831055 3
    endloop
  endfacet
  facet normal 0 0 1
    outer loop
      vertex 27.145244598388672 -4.5677995681762695 3
      vertex 23.985645294189453 -4.690546035766602 3
      vertex 24.088119506835938 -4.783620834350586 3
    endloop
  endfacet
  facet normal 0 0 1
    outer loop
      vertex 27.145244598388672 -4.5677995681762695 3
      vertex 23.868419647216797 -4.618154525756836 3
      vertex 23.985645294189453 -4.690546035766602 3
    endloop
  endfacet
  facet normal 0 0 1
    outer loop
      vertex 27.145244598388672 -4.5677995681762695 3
      vertex 23.7364444732666 -4.566446304321289 3
      vertex 23.868419647216797 -4.618154525756836 3
    endloop
  endfacet
  facet normal 0 0 1
    outer loop
      vertex 27.145244598388672 -4.5677995681762695 3
      vertex 23.589719772338867 -4.535421371459961 3
      vertex 23.7364444732666 -4.566446304321289 3
    endloop
  endfacet
  facet normal 0 0 1
    outer loop
      vertex 38 -2 3
      vertex 23.428245544433594 -4.525079727172852 3
      vertex 23.589719772338867 -4.535421371459961 3
    endloop
  endfacet
  facet normal 0 0 1
    outer loop
      vertex 21.361183166503906 -4.5677995681762695 3
      vertex 23.428245544433594 -4.525079727172852 3
      vertex 38 -2 3
    endloop
  endfacet
  facet normal 0 0 1
    outer loop
      vertex 21.361183166503906 -7.122989654541016 3
      vertex 22.42528533935547 -6 3
      vertex 22.43198013305664 -5.764124870300293 3
    endloop
  endfacet
  facet normal 0 0 1
    outer loop
      vertex 21.361183166503906 -4.5677995681762695 3
      vertex 22.43198013305664 -5.764124870300293 3
      vertex 22.452072143554688 -5.548819541931152 3
    endloop
  endfacet
  facet normal 0 0 1
    outer loop
      vertex 21.361183166503906 -4.5677995681762695 3
      vertex 22.452072143554688 -5.548819541931152 3
      vertex 22.485553741455078 -5.3540849685668945 3
    endloop
  endfacet
  facet normal 0 0 1
    outer loop
      vertex 22.43198013305664 -5.764124870300293 3
      vertex 21.361183166503906 -4.5677995681762695 3
      vertex 21.361183166503906 -7.122989654541016 3
    endloop
  endfacet
  facet normal 0 0 1
    outer loop
      vertex 22.532432556152344 -5.179919242858887 3
      vertex 21.361183166503906 -4.5677995681762695 3
      vertex 22.485553741455078 -5.3540849685668945 3
    endloop
  endfacet
  facet normal 0 0 1
    outer loop
      vertex 22.592700958251953 -5.026324272155762 3
      vertex 21.361183166503906 -4.5677995681762695 3
      vertex 22.532432556152344 -5.179919242858887 3
    endloop
  endfacet
  facet normal 0 0 1
    outer loop
      vertex 22.666364669799805 -4.893299102783203 3
      vertex 21.361183166503906 -4.5677995681762695 3
      vertex 22.592700958251953 -5.026324272155762 3
    endloop
  endfacet
  facet normal 0 0 1
    outer loop
      vertex 22.754493713378906 -4.780787467956543 3
      vertex 21.361183166503906 -4.5677995681762695 3
      vertex 22.666364669799805 -4.893299102783203 3
    endloop
  endfacet
  facet normal 0 0 1
    outer loop
      vertex 22.858165740966797 -4.688733100891113 3
      vertex 21.361183166503906 -4.5677995681762695 3
      vertex 22.754493713378906 -4.780787467956543 3
    endloop
  endfacet
  facet normal 0 0 1
    outer loop
      vertex 22.977375030517578 -4.617134094238281 3
      vertex 21.361183166503906 -4.5677995681762695 3
      vertex 22.858165740966797 -4.688733100891113 3
    endloop
  endfacet
  facet normal 0 0 1
    outer loop
      vertex 23.112125396728516 -4.565993309020996 3
      vertex 21.361183166503906 -4.5677995681762695 3
      vertex 22.977375030517578 -4.617134094238281 3
    endloop
  endfacet
  facet normal 0 0 1
    outer loop
      vertex 23.262414932250977 -4.535307884216309 3
      vertex 21.361183166503906 -4.5677995681762695 3
      vertex 23.112125396728516 -4.565993309020996 3
    endloop
  endfacet
  facet normal 0 0 1
    outer loop
      vertex 23.428245544433594 -4.525079727172852 3
      vertex 21.361183166503906 -4.5677995681762695 3
      vertex 23.262414932250977 -4.535307884216309 3
    endloop
  endfacet
  facet normal 0 0 1
    outer loop
      vertex 38 -2 3
      vertex 21.023475646972656 -4.5677995681762695 3
      vertex 21.361183166503906 -4.5677995681762695 3
    endloop
  endfacet
  facet normal 0 0 1
    outer loop
      vertex 3.8003244400024414 -5.310359954833984 3
      vertex 20.34601593017578 -5.379509925842285 3
      vertex 20.34601593017578 -5.033669471740723 3
    endloop
  endfacet
  facet normal 0 0 1
    outer loop
      vertex 20.262615203857422 -7.122989654541016 3
      vertex 3.8450841903686523 -7.122989654541016 3
      vertex 20.262615203857422 -7.434239387512207 3
    endloop
  endfacet
  facet normal 0 0 1
    outer loop
      vertex 20.34601593017578 -5.379509925842285 3
      vertex 3.7982053756713867 -5.365903854370117 3
      vertex 20.262615203857422 -7.122989654541016 3
    endloop
  endfacet
  facet normal 0 0 1
    outer loop
      vertex 3.48416805267334 -4.667058944702148 3
      vertex 20.34601593017578 -5.033669471740723 3
      vertex 21.023475646972656 -4.5677995681762695 3
    endloop
  endfacet
  facet normal 0 0 1
    outer loop
      vertex 3.0400075912475586 -4.530758857727051 3
      vertex 21.023475646972656 -4.5677995681762695 3
      vertex 38 -2 3
    endloop
  endfacet
  facet normal 0 0 1
    outer loop
      vertex 20.34601593017578 -5.379509925842285 3
      vertex 3.8003244400024414 -5.310359954833984 3
      vertex 3.7982053756713867 -5.365903854370117 3
    endloop
  endfacet
  facet normal 0 0 1
    outer loop
      vertex 20.34601593017578 -5.033669471740723 3
      vertex 3.793853759765625 -5.189675331115723 3
      vertex 3.8003244400024414 -5.310359954833984 3
    endloop
  endfacet
  facet normal 0 0 1
    outer loop
      vertex 20.34601593017578 -5.033669471740723 3
      vertex 3.7744407653808594 -5.078542709350586 3
      vertex 3.793853759765625 -5.189675331115723 3
    endloop
  endfacet
  facet normal 0 0 1
    outer loop
      vertex 20.34601593017578 -5.033669471740723 3
      vertex 3.7420873641967773 -4.976962089538574 3
      vertex 3.7744407653808594 -5.078542709350586 3
    endloop
  endfacet
  facet normal 0 0 1
    outer loop
      vertex 20.34601593017578 -5.033669471740723 3
      vertex 3.696791648864746 -4.884932518005371 3
      vertex 3.7420873641967773 -4.976962089538574 3
    endloop
  endfacet
  facet normal 0 0 1
    outer loop
      vertex 20.34601593017578 -5.033669471740723 3
      vertex 3.6385536193847656 -4.802454948425293 3
      vertex 3.696791648864746 -4.884932518005371 3
    endloop
  endfacet
  facet normal 0 0 1
    outer loop
      vertex 20.34601593017578 -5.033669471740723 3
      vertex 3.5673742294311523 -4.72952938079834 3
      vertex 3.6385536193847656 -4.802454948425293 3
    endloop
  endfacet
  facet normal 0 0 1
    outer loop
      vertex 20.34601593017578 -5.033669471740723 3
      vertex 3.48416805267334 -4.667058944702148 3
      vertex 3.5673742294311523 -4.72952938079834 3
    endloop
  endfacet
  facet normal 0 0 1
    outer loop
      vertex 21.023475646972656 -4.5677995681762695 3
      vertex 3.3898277282714844 -4.615945816040039 3
      vertex 3.48416805267334 -4.667058944702148 3
    endloop
  endfacet
  facet normal 0 0 1
    outer loop
      vertex 21.023475646972656 -4.5677995681762695 3
      vertex 3.2843542098999023 -4.5761919021606445 3
      vertex 3.3898277282714844 -4.615945816040039 3
    endloop
  endfacet
  facet normal 0 0 1
    outer loop
      vertex 21.023475646972656 -4.5677995681762695 3
      vertex 3.1677474975585938 -4.547796249389648 3
      vertex 3.2843542098999023 -4.5761919021606445 3
    endloop
  endfacet
  facet normal 0 0 1
    outer loop
      vertex 21.023475646972656 -4.5677995681762695 3
      vertex 3.0400075912475586 -4.530758857727051 3
      vertex 3.1677474975585938 -4.547796249389648 3
    endloop
  endfacet
  facet normal 0 0 1
    outer loop
      vertex 38 -2 3
      vertex 2.901134490966797 -4.525079727172852 3
      vertex 3.0400075912475586 -4.530758857727051 3
    endloop
  endfacet
  facet normal 0 0 1
    outer loop
      vertex -0.5717544555664062 -4.525079727172852 3
      vertex 2.901134490966797 -4.525079727172852 3
      vertex 38 -2 3
    endloop
  endfacet
  facet normal 0 0 1
    outer loop
      vertex 1.3569440841674805 -7.434239387512207 3
      vertex 1.9470148086547852 -7.17587947845459 3
      vertex 1.3569440841674805 -6.988709449768066 3
    endloop
  endfacet
  facet normal 0 0 1
    outer loop
      vertex 1.9828662872314453 -7.0980939865112305 3
      vertex 1.3569440841674805 -6.988709449768066 3
      vertex 1.9470148086547852 -7.17587947845459 3
    endloop
  endfacet
  facet normal 0 0 1
    outer loop
      vertex 0.35665416717529297 -5.359169960021973 3
      vertex 1.9632749557495117 -5.275769233703613 3
      vertex 1.9826841354370117 -5.165068626403809 3
    endloop
  endfacet
  facet normal 0 0 1
    outer loop
      vertex 0.30977821350097656 -5.185346603393555 3
      vertex 1.9826841354370117 -5.165068626403809 3
      vertex 2.013791084289551 -5.062166213989258 3
    endloop
  endfacet
  facet normal 0 0 1
    outer loop
      vertex 1.9632749557495117 -5.275769233703613 3
      vertex 0.41692447662353516 -6 3
      vertex 1.3569440841674805 -6.988709449768066 3
    endloop
  endfacet
  facet normal 0 0 1
    outer loop
      vertex 0.24950790405273438 -5.031415939331055 3
      vertex 2.013791084289551 -5.062166213989258 3
      vertex 2.0565967559814453 -4.967061996459961 3
    endloop
  endfacet
  facet normal 0 0 1
    outer loop
      vertex 1.3569440841674805 -6.988709449768066 3
      vertex 0.40988826751708984 -6.229942321777344 3
      vertex 0.9602546691894531 -6.988709449768066 3
    endloop
  endfacet
  facet normal 0 0 1
    outer loop
      vertex 0.40988826751708984 -6.229942321777344 3
      vertex 1.3569440841674805 -6.988709449768066 3
      vertex 0.41692447662353516 -6 3
    endloop
  endfacet
  facet normal 0 0 1
    outer loop
      vertex 0.1758441925048828 -4.8973798751831055 3
      vertex 2.0565967559814453 -4.967061996459961 3
      vertex 2.1111011505126953 -4.879755973815918 3
    endloop
  endfacet
  facet normal 0 0 1
    outer loop
      vertex 0.0881195068359375 -4.783620834350586 3
      vertex 2.1111011505126953 -4.879755973815918 3
      vertex 2.1773033142089844 -4.800249099731445 3
    endloop
  endfacet
  facet normal 0 0 1
    outer loop
      vertex 0.0881195068359375 -4.783620834350586 3
      vertex 2.1773033142089844 -4.800249099731445 3
      vertex 2.255204200744629 -4.72853946685791 3
    endloop
  endfacet
  facet normal 0 0 1
    outer loop
      vertex -0.014354705810546875 -4.690546035766602 3
      vertex 2.255204200744629 -4.72853946685791 3
      vertex 2.3429384231567383 -4.6663713455200195 3
    endloop
  endfacet
  facet normal 0 0 1
    outer loop
      vertex 1.9632749557495117 -5.275769233703613 3
      vertex 0.41022777557373047 -5.766496658325195 3
      vertex 0.41692447662353516 -6 3
    endloop
  endfacet
  facet normal 0 0 1
    outer loop
      vertex 1.9632749557495117 -5.275769233703613 3
      vertex 0.3901376724243164 -5.552886009216309 3
      vertex 0.41022777557373047 -5.766496658325195 3
    endloop
  endfacet
  facet normal 0 0 1
    outer loop
      vertex -0.13157939910888672 -4.618154525756836 3
      vertex 2.3429384231567383 -4.6663713455200195 3
      vertex 2.4386415481567383 -4.615506172180176 3
    endloop
  endfacet
  facet normal 0 0 1
    outer loop
      vertex 1.9632749557495117 -5.275769233703613 3
      vertex 0.35665416717529297 -5.359169960021973 3
      vertex 0.3901376724243164 -5.552886009216309 3
    endloop
  endfacet
  facet normal 0 0 1
    outer loop
      vertex -0.13157939910888672 -4.618154525756836 3
      vertex 2.4386415481567383 -4.615506172180176 3
      vertex 2.542311668395996 -4.575944900512695 3
    endloop
  endfacet
  facet normal 0 0 1
    outer loop
      vertex 1.9826841354370117 -5.165068626403809 3
      vertex 0.30977821350097656 -5.185346603393555 3
      vertex 0.35665416717529297 -5.359169960021973 3
    endloop
  endfacet
  facet normal 0 0 1
    outer loop
      vertex 2.013791084289551 -5.062166213989258 3
      vertex 0.24950790405273438 -5.031415939331055 3
      vertex 0.30977821350097656 -5.185346603393555 3
    endloop
  endfacet
  facet normal 0 0 1
    outer loop
      vertex -0.26355457305908203 -4.566446304321289 3
      vertex 2.542311668395996 -4.575944900512695 3
      vertex 2.653951644897461 -4.547686576843262 3
    endloop
  endfacet
  facet normal 0 0 1
    outer loop
      vertex 2.0565967559814453 -4.967061996459961 3
      vertex 0.1758441925048828 -4.8973798751831055 3
      vertex 0.24950790405273438 -5.031415939331055 3
    endloop
  endfacet
  facet normal 0 0 1
    outer loop
      vertex -0.4102792739868164 -4.535421371459961 3
      vertex 2.653951644897461 -4.547686576843262 3
      vertex 2.7735586166381836 -4.530731201171875 3
    endloop
  endfacet
  facet normal 0 0 1
    outer loop
      vertex 2.1111011505126953 -4.879755973815918 3
      vertex 0.0881195068359375 -4.783620834350586 3
      vertex 0.1758441925048828 -4.8973798751831055 3
    endloop
  endfacet
  facet normal 0 0 1
    outer loop
      vertex 2.255204200744629 -4.72853946685791 3
      vertex -0.014354705810546875 -4.690546035766602 3
      vertex 0.0881195068359375 -4.783620834350586 3
    endloop
  endfacet
  facet normal 0 0 1
    outer loop
      vertex 2.901134490966797 -4.525079727172852 3
      vertex -0.5717544555664062 -4.525079727172852 3
      vertex 2.7735586166381836 -4.530731201171875 3
    endloop
  endfacet
  facet normal 0 0 1
    outer loop
      vertex 2.3429384231567383 -4.6663713455200195 3
      vertex -0.13157939910888672 -4.618154525756836 3
      vertex -0.014354705810546875 -4.690546035766602 3
    endloop
  endfacet
  facet normal 0 0 1
    outer loop
      vertex 2.542311668395996 -4.575944900512695 3
      vertex -0.26355457305908203 -4.566446304321289 3
      vertex -0.13157939910888672 -4.618154525756836 3
    endloop
  endfacet
  facet normal 0 0 1
    outer loop
      vertex 2.653951644897461 -4.547686576843262 3
      vertex -0.4102792739868164 -4.535421371459961 3
      vertex -0.26355457305908203 -4.566446304321289 3
    endloop
  endfacet
  facet normal 0 0 1
    outer loop
      vertex 2.7735586166381836 -4.530731201171875 3
      vertex -0.5717544555664062 -4.525079727172852 3
      vertex -0.4102792739868164 -4.535421371459961 3
    endloop
  endfacet
  facet normal 0 0 1
    outer loop
      vertex -38 -2 3
      vertex -0.5717544555664062 -4.525079727172852 3
      vertex 38 -2 3
    endloop
  endfacet
  facet normal 0 0 1
    outer loop
      vertex -2.638814926147461 -7.122989654541016 3
      vertex -1.5747146606445312 -6 3
      vertex -1.5680179595947266 -5.764124870300293 3
    endloop
  endfacet
  facet normal 0 0 1
    outer loop
      vertex -2.638814926147461 -4.5677995681762695 3
      vertex -1.5680179595947266 -5.764124870300293 3
      vertex -1.5479278564453125 -5.548819541931152 3
    endloop
  endfacet
  facet normal 0 0 1
    outer loop
      vertex -2.638814926147461 -4.5677995681762695 3
      vertex -1.5479278564453125 -5.548819541931152 3
      vertex -1.514444351196289 -5.3540849685668945 3
    endloop
  endfacet
  facet normal 0 0 1
    outer loop
      vertex -1.5680179595947266 -5.764124870300293 3
      vertex -2.638814926147461 -4.5677995681762695 3
      vertex -2.638814926147461 -7.122989654541016 3
    endloop
  endfacet
  facet normal 0 0 1
    outer loop
      vertex -1.4675674438476562 -5.179919242858887 3
      vertex -2.638814926147461 -4.5677995681762695 3
      vertex -1.514444351196289 -5.3540849685668945 3
    endloop
  endfacet
  facet normal 0 0 1
    outer loop
      vertex -1.4072980880737305 -5.026324272155762 3
      vertex -2.638814926147461 -4.5677995681762695 3
      vertex -1.4675674438476562 -5.179919242858887 3
    endloop
  endfacet
  facet normal 0 0 1
    outer loop
      vertex -1.333634376525879 -4.893299102783203 3
      vertex -2.638814926147461 -4.5677995681762695 3
      vertex -1.4072980880737305 -5.026324272155762 3
    endloop
  endfacet
  facet normal 0 0 1
    outer loop
      vertex -1.245504379272461 -4.780787467956543 3
      vertex -2.638814926147461 -4.5677995681762695 3
      vertex -1.333634376525879 -4.893299102783203 3
    endloop
  endfacet
  facet normal 0 0 1
    outer loop
      vertex -1.1418342590332031 -4.688733100891113 3
      vertex -2.638814926147461 -4.5677995681762695 3
      vertex -1.245504379272461 -4.780787467956543 3
    endloop
  endfacet
  facet normal 0 0 1
    outer loop
      vertex -1.0226249694824219 -4.617134094238281 3
      vertex -2.638814926147461 -4.5677995681762695 3
      vertex -1.1418342590332031 -4.688733100891113 3
    endloop
  endfacet
  facet normal 0 0 1
    outer loop
      vertex -0.8878746032714844 -4.565993309020996 3
      vertex -2.638814926147461 -4.5677995681762695 3
      vertex -1.0226249694824219 -4.617134094238281 3
    endloop
  endfacet
  facet normal 0 0 1
    outer loop
      vertex -0.737584114074707 -4.535307884216309 3
      vertex -2.638814926147461 -4.5677995681762695 3
      vertex -0.8878746032714844 -4.565993309020996 3
    endloop
  endfacet
  facet normal 0 0 1
    outer loop
      vertex -2.9765243530273438 -4.5677995681762695 3
      vertex -0.5717544555664062 -4.525079727172852 3
      vertex -38 -2 3
    endloop
  endfacet
  facet normal 0 0 1
    outer loop
      vertex -2.638814926147461 -4.5677995681762695 3
      vertex -0.5717544555664062 -4.525079727172852 3
      vertex -2.9765243530273438 -4.5677995681762695 3
    endloop
  endfacet
  facet normal 0 0 1
    outer loop
      vertex -21.852306365966797 -5.766496658325195 3
      vertex -3.6539840698242188 -5.379509925842285 3
      vertex -3.6539840698242188 -5.033669471740723 3
    endloop
  endfacet
  facet normal 0 0 1
    outer loop
      vertex -21.852645874023438 -6.229942321777344 3
      vertex -3.737384796142578 -7.122989654541016 3
      vertex -21.845609664916992 -6 3
    endloop
  endfacet
  facet normal 0 0 1
    outer loop
      vertex -3.6539840698242188 -5.379509925842285 3
      vertex -21.845609664916992 -6 3
      vertex -3.737384796142578 -7.122989654541016 3
    endloop
  endfacet
  facet normal 0 0 1
    outer loop
      vertex -22.27688980102539 -4.690546035766602 3
      vertex -3.6539840698242188 -5.033669471740723 3
      vertex -2.9765243530273438 -4.5677995681762695 3
    endloop
  endfacet
  facet normal 0 0 1
    outer loop
      vertex -3.6539840698242188 -5.379509925842285 3
      vertex -21.852306365966797 -5.766496658325195 3
      vertex -21.845609664916992 -6 3
    endloop
  endfacet
  facet normal 0 0 1
    outer loop
      vertex -3.6539840698242188 -5.033669471740723 3
      vertex -21.87239646911621 -5.552886009216309 3
      vertex -21.852306365966797 -5.766496658325195 3
    endloop
  endfacet
  facet normal 0 0 1
    outer loop
      vertex -0.5717544555664062 -4.525079727172852 3
      vertex -2.638814926147461 -4.5677995681762695 3
      vertex -0.737584114074707 -4.535307884216309 3
    endloop
  endfacet
  facet normal 0 0 1
    outer loop
      vertex -3.6539840698242188 -5.033669471740723 3
      vertex -21.905879974365234 -5.359169960021973 3
      vertex -21.87239646911621 -5.552886009216309 3
    endloop
  endfacet
  facet normal 0 0 1
    outer loop
      vertex -3.6539840698242188 -5.033669471740723 3
      vertex -21.952754974365234 -5.185346603393555 3
      vertex -21.905879974365234 -5.359169960021973 3
    endloop
  endfacet
  facet normal 0 0 1
    outer loop
      vertex -3.6539840698242188 -5.033669471740723 3
      vertex -22.01302719116211 -5.031415939331055 3
      vertex -21.952754974365234 -5.185346603393555 3
    endloop
  endfacet
  facet normal 0 0 1
    outer loop
      vertex -3.6539840698242188 -5.033669471740723 3
      vertex -22.086688995361328 -4.8973798751831055 3
      vertex -22.01302719116211 -5.031415939331055 3
    endloop
  endfacet
  facet normal 0 0 1
    outer loop
      vertex -3.6539840698242188 -5.033669471740723 3
      vertex -22.174415588378906 -4.783620834350586 3
      vertex -22.086688995361328 -4.8973798751831055 3
    endloop
  endfacet
  facet normal 0 0 1
    outer loop
      vertex -3.6539840698242188 -5.033669471740723 3
      vertex -22.27688980102539 -4.690546035766602 3
      vertex -22.174415588378906 -4.783620834350586 3
    endloop
  endfacet
  facet normal 0 0 1
    outer loop
      vertex -2.9765243530273438 -4.5677995681762695 3
      vertex -22.394115447998047 -4.618154525756836 3
      vertex -22.27688980102539 -4.690546035766602 3
    endloop
  endfacet
  facet normal 0 0 1
    outer loop
      vertex -2.9765243530273438 -4.5677995681762695 3
      vertex -22.52608871459961 -4.566446304321289 3
      vertex -22.394115447998047 -4.618154525756836 3
    endloop
  endfacet
  facet normal 0 0 1
    outer loop
      vertex -2.9765243530273438 -4.5677995681762695 3
      vertex -22.672813415527344 -4.535421371459961 3
      vertex -22.52608871459961 -4.566446304321289 3
    endloop
  endfacet
  facet normal 0 0 1
    outer loop
      vertex -2.9765243530273438 -4.5677995681762695 3
      vertex -38 -2 3
      vertex -22.672813415527344 -4.535421371459961 3
    endloop
  endfacet
  facet normal 0 0 1
    outer loop
      vertex -24.901348114013672 -7.122989654541016 3
      vertex -23.837249755859375 -6 3
      vertex -23.83055305480957 -5.764124870300293 3
    endloop
  endfacet
  facet normal 0 0 1
    outer loop
      vertex -24.901348114013672 -4.5677995681762695 3
      vertex -23.83055305480957 -5.764124870300293 3
      vertex -23.810462951660156 -5.548819541931152 3
    endloop
  endfacet
  facet normal 0 0 1
    outer loop
      vertex -24.901348114013672 -4.5677995681762695 3
      vertex -23.810462951660156 -5.548819541931152 3
      vertex -23.776979446411133 -5.3540849685668945 3
    endloop
  endfacet
  facet normal 0 0 1
    outer loop
      vertex -23.83055305480957 -5.764124870300293 3
      vertex -24.901348114013672 -4.5677995681762695 3
      vertex -24.901348114013672 -7.122989654541016 3
    endloop
  endfacet
  facet normal 0 0 1
    outer loop
      vertex -23.7301025390625 -5.179919242858887 3
      vertex -24.901348114013672 -4.5677995681762695 3
      vertex -23.776979446411133 -5.3540849685668945 3
    endloop
  endfacet
  facet normal 0 0 1
    outer loop
      vertex -23.66983413696289 -5.026324272155762 3
      vertex -24.901348114013672 -4.5677995681762695 3
      vertex -23.7301025390625 -5.179919242858887 3
    endloop
  endfacet
  facet normal 0 0 1
    outer loop
      vertex -23.596168518066406 -4.893299102783203 3
      vertex -24.901348114013672 -4.5677995681762695 3
      vertex -23.66983413696289 -5.026324272155762 3
    endloop
  endfacet
  facet normal 0 0 1
    outer loop
      vertex -23.508039474487305 -4.780787467956543 3
      vertex -24.901348114013672 -4.5677995681762695 3
      vertex -23.596168518066406 -4.893299102783203 3
    endloop
  endfacet
  facet normal 0 0 1
    outer loop
      vertex -23.404369354248047 -4.688733100891113 3
      vertex -24.901348114013672 -4.5677995681762695 3
      vertex -23.508039474487305 -4.780787467956543 3
    endloop
  endfacet
  facet normal 0 0 1
    outer loop
      vertex -23.285160064697266 -4.617134094238281 3
      vertex -24.901348114013672 -4.5677995681762695 3
      vertex -23.404369354248047 -4.688733100891113 3
    endloop
  endfacet
  facet normal 0 0 1
    outer loop
      vertex -23.150409698486328 -4.565993309020996 3
      vertex -24.901348114013672 -4.5677995681762695 3
      vertex -23.285160064697266 -4.617134094238281 3
    endloop
  endfacet
  facet normal 0 0 1
    outer loop
      vertex -23.000118255615234 -4.535307884216309 3
      vertex -24.901348114013672 -4.5677995681762695 3
      vertex -23.150409698486328 -4.565993309020996 3
    endloop
  endfacet
  facet normal 0 0 1
    outer loop
      vertex -22.83428955078125 -4.525079727172852 3
      vertex -24.901348114013672 -4.5677995681762695 3
      vertex -23.000118255615234 -4.535307884216309 3
    endloop
  endfacet
  facet normal 0 0 1
    outer loop
      vertex -22.672813415527344 -4.535421371459961 3
      vertex -38 -2 3
      vertex -22.83428955078125 -4.525079727172852 3
    endloop
  endfacet
  facet normal 0 0 1
    outer loop
      vertex -22.83428955078125 -4.525079727172852 3
      vertex -38 -2 3
      vertex -24.901348114013672 -4.5677995681762695 3
    endloop
  endfacet
  facet normal 0 0 1
    outer loop
      vertex -38 -2 3
      vertex -25.916519165039062 -5.379509925842285 3
      vertex -25.916519165039062 -5.033669471740723 3
    endloop
  endfacet
  facet normal 0 0 1
    outer loop
      vertex -25.916519165039062 -5.379509925842285 3
      vertex -38 -9 3
      vertex -25.999919891357422 -7.122989654541016 3
    endloop
  endfacet
  facet normal 0 0 1
    outer loop
      vertex -25.916519165039062 -5.379509925842285 3
      vertex -38 -2 3
      vertex -38 -9 3
    endloop
  endfacet
  facet normal 0 0 1
    outer loop
      vertex -25.239059448242188 -4.5677995681762695 3
      vertex -38 -2 3
      vertex -25.916519165039062 -5.033669471740723 3
    endloop
  endfacet
  facet normal 0 0 1
    outer loop
      vertex -24.901348114013672 -4.5677995681762695 3
      vertex -38 -2 3
      vertex -25.239059448242188 -4.5677995681762695 3
    endloop
  endfacet
  facet normal 0 0 1
    outer loop
      vertex 27.93256378173828 -6.785279273986816 3
      vertex 38 -9 3
      vertex 27.93256378173828 -6.496379852294922 3
    endloop
  endfacet
  facet normal 0 0 1
    outer loop
      vertex 27.529754638671875 -7.434239387512207 3
      vertex 27.93256378173828 -6.785279273986816 3
      vertex 27.529754638671875 -6.785279273986816 3
    endloop
  endfacet
  facet normal 0 0 1
    outer loop
      vertex 27.93256378173828 -6.785279273986816 3
      vertex 27.529754638671875 -7.434239387512207 3
      vertex 38 -9 3
    endloop
  endfacet
  facet normal 0 0 1
    outer loop
      vertex 27.183914184570312 -7.434239387512207 3
      vertex 38 -9 3
      vertex 27.529754638671875 -7.434239387512207 3
    endloop
  endfacet
  facet normal 0 0 1
    outer loop
      vertex 25.356945037841797 -7.434239387512207 3
      vertex 25.83307456970215 -6.785279273986816 3
      vertex 25.356945037841797 -6.988709449768066 3
    endloop
  endfacet
  facet normal 0 0 1
    outer loop
      vertex 25.83307456970215 -6.785279273986816 3
      vertex 25.356945037841797 -7.434239387512207 3
      vertex 27.183914184570312 -7.434239387512207 3
    endloop
  endfacet
  facet normal 0 0 1
    outer loop
      vertex 25.356945037841797 -7.434239387512207 3
      vertex 38 -9 3
      vertex 27.183914184570312 -7.434239387512207 3
    endloop
  endfacet
  facet normal 0 0 1
    outer loop
      vertex 24.960254669189453 -7.434239387512207 3
      vertex 38 -9 3
      vertex 25.356945037841797 -7.434239387512207 3
    endloop
  endfacet
  facet normal 0 0 1
    outer loop
      vertex 24.388782501220703 -6.441009521484375 3
      vertex 24.960254669189453 -6.988709449768066 3
      vertex 24.409889221191406 -6.229942321777344 3
    endloop
  endfacet
  facet normal 0 0 1
    outer loop
      vertex 24.35360336303711 -6.633201599121094 3
      vertex 24.960254669189453 -6.988709449768066 3
      vertex 24.388782501220703 -6.441009521484375 3
    endloop
  endfacet
  facet normal 0 0 1
    outer loop
      vertex 24.304351806640625 -6.806519508361816 3
      vertex 24.960254669189453 -6.988709449768066 3
      vertex 24.35360336303711 -6.633201599121094 3
    endloop
  endfacet
  facet normal 0 0 1
    outer loop
      vertex 24.24102783203125 -6.960962295532227 3
      vertex 24.960254669189453 -6.988709449768066 3
      vertex 24.304351806640625 -6.806519508361816 3
    endloop
  endfacet
  facet normal 0 0 1
    outer loop
      vertex 24.960254669189453 -6.988709449768066 3
      vertex 24.24102783203125 -6.960962295532227 3
      vertex 24.960254669189453 -7.434239387512207 3
    endloop
  endfacet
  facet normal 0 0 1
    outer loop
      vertex 24.16363525390625 -7.096529960632324 3
      vertex 24.960254669189453 -7.434239387512207 3
      vertex 24.24102783203125 -6.960962295532227 3
    endloop
  endfacet
  facet normal 0 0 1
    outer loop
      vertex 24.07251739501953 -7.212148666381836 3
      vertex 24.960254669189453 -7.434239387512207 3
      vertex 24.16363525390625 -7.096529960632324 3
    endloop
  endfacet
  facet normal 0 0 1
    outer loop
      vertex 23.968008041381836 -7.306746482849121 3
      vertex 24.960254669189453 -7.434239387512207 3
      vertex 24.07251739501953 -7.212148666381836 3
    endloop
  endfacet
  facet normal 0 0 1
    outer loop
      vertex 23.85010528564453 -7.380322456359863 3
      vertex 24.960254669189453 -7.434239387512207 3
      vertex 23.968008041381836 -7.306746482849121 3
    endloop
  endfacet
  facet normal 0 0 1
    outer loop
      vertex 23.718807220458984 -7.4328765869140625 3
      vertex 24.960254669189453 -7.434239387512207 3
      vertex 23.85010528564453 -7.380322456359863 3
    endloop
  endfacet
  facet normal 0 0 1
    outer loop
      vertex 23.57411766052246 -7.464408874511719 3
      vertex 24.960254669189453 -7.434239387512207 3
      vertex 23.718807220458984 -7.4328765869140625 3
    endloop
  endfacet
  facet normal 0 0 1
    outer loop
      vertex 23.416034698486328 -7.474919319152832 3
      vertex 24.960254669189453 -7.434239387512207 3
      vertex 23.57411766052246 -7.464408874511719 3
    endloop
  endfacet
  facet normal 0 0 1
    outer loop
      vertex 24.960254669189453 -7.434239387512207 3
      vertex 23.416034698486328 -7.474919319152832 3
      vertex 38 -9 3
    endloop
  endfacet
  facet normal 0 0 1
    outer loop
      vertex 22.0589542388916 -7.434239387512207 3
      vertex 23.416034698486328 -7.474919319152832 3
      vertex 23.25808334350586 -7.464465141296387 3
    endloop
  endfacet
  facet normal 0 0 1
    outer loop
      vertex 22.0589542388916 -7.122989654541016 3
      vertex 22.432178497314453 -6.231131553649902 3
      vertex 22.42528533935547 -6 3
    endloop
  endfacet
  facet normal 0 0 1
    outer loop
      vertex 22.0589542388916 -7.122989654541016 3
      vertex 22.452861785888672 -6.443049430847168 3
      vertex 22.432178497314453 -6.231131553649902 3
    endloop
  endfacet
  facet normal 0 0 1
    outer loop
      vertex 22.0589542388916 -7.122989654541016 3
      vertex 22.48733139038086 -6.635751724243164 3
      vertex 22.452861785888672 -6.443049430847168 3
    endloop
  endfacet
  facet normal 0 0 1
    outer loop
      vertex 22.0589542388916 -7.122989654541016 3
      vertex 22.53559112548828 -6.809239387512207 3
      vertex 22.48733139038086 -6.635751724243164 3
    endloop
  endfacet
  facet normal 0 0 1
    outer loop
      vertex 22.0589542388916 -7.122989654541016 3
      vertex 22.597639083862305 -6.963512420654297 3
      vertex 22.53559112548828 -6.809239387512207 3
    endloop
  endfacet
  facet normal 0 0 1
    outer loop
      vertex 22.0589542388916 -7.122989654541016 3
      vertex 22.673473358154297 -7.098569869995117 3
      vertex 22.597639083862305 -6.963512420654297 3
    endloop
  endfacet
  facet normal 0 0 1
    outer loop
      vertex 22.0589542388916 -7.434239387512207 3
      vertex 22.673473358154297 -7.098569869995117 3
      vertex 22.0589542388916 -7.122989654541016 3
    endloop
  endfacet
  facet normal 0 0 1
    outer loop
      vertex 22.673473358154297 -7.098569869995117 3
      vertex 22.0589542388916 -7.434239387512207 3
      vertex 22.763042449951172 -7.213565826416016 3
    endloop
  endfacet
  facet normal 0 0 1
    outer loop
      vertex 22.763042449951172 -7.213565826416016 3
      vertex 22.0589542388916 -7.434239387512207 3
      vertex 22.866287231445312 -7.307652473449707 3
    endloop
  endfacet
  facet normal 0 0 1
    outer loop
      vertex 22.866287231445312 -7.307652473449707 3
      vertex 22.0589542388916 -7.434239387512207 3
      vertex 22.98320960998535 -7.380831718444824 3
    endloop
  endfacet
  facet normal 0 0 1
    outer loop
      vertex 22.98320960998535 -7.380831718444824 3
      vertex 22.0589542388916 -7.434239387512207 3
      vertex 23.113807678222656 -7.433102607727051 3
    endloop
  endfacet
  facet normal 0 0 1
    outer loop
      vertex 22.0589542388916 -7.434239387512207 3
      vertex 23.25808334350586 -7.464465141296387 3
      vertex 23.113807678222656 -7.433102607727051 3
    endloop
  endfacet
  facet normal 0 0 1
    outer loop
      vertex 20.262615203857422 -7.434239387512207 3
      vertex 23.416034698486328 -7.474919319152832 3
      vertex 22.0589542388916 -7.434239387512207 3
    endloop
  endfacet
  facet normal 0 0 1
    outer loop
      vertex 23.416034698486328 -7.474919319152832 3
      vertex 20.262615203857422 -7.434239387512207 3
      vertex 38 -9 3
    endloop
  endfacet
  facet normal 0 0 1
    outer loop
      vertex 3.8450841903686523 -7.434239387512207 3
      vertex 20.262615203857422 -7.434239387512207 3
      vertex 3.8450841903686523 -7.122989654541016 3
    endloop
  endfacet
  facet normal 0 0 1
    outer loop
      vertex 20.262615203857422 -7.434239387512207 3
      vertex 3.8450841903686523 -7.434239387512207 3
      vertex 38 -9 3
    endloop
  endfacet
  facet normal 0 0 1
    outer loop
      vertex 1.9470148086547852 -7.434239387512207 3
      vertex 38 -9 3
      vertex 3.8450841903686523 -7.434239387512207 3
    endloop
  endfacet
  facet normal 0 0 1
    outer loop
      vertex 1.9470148086547852 -7.17587947845459 3
      vertex 1.3569440841674805 -7.434239387512207 3
      vertex 1.9470148086547852 -7.434239387512207 3
    endloop
  endfacet
  facet normal 0 0 1
    outer loop
      vertex -0.5839643478393555 -7.474919319152832 3
      vertex 1.9470148086547852 -7.434239387512207 3
      vertex 1.3569440841674805 -7.434239387512207 3
    endloop
  endfacet
  facet normal 0 0 1
    outer loop
      vertex -0.5839643478393555 -7.474919319152832 3
      vertex 1.3569440841674805 -7.434239387512207 3
      vertex 0.9602546691894531 -7.434239387512207 3
    endloop
  endfacet
  facet normal 0 0 1
    outer loop
      vertex 0.3887815475463867 -6.441009521484375 3
      vertex 0.9602546691894531 -6.988709449768066 3
      vertex 0.40988826751708984 -6.229942321777344 3
    endloop
  endfacet
  facet normal 0 0 1
    outer loop
      vertex 0.35360240936279297 -6.633201599121094 3
      vertex 0.9602546691894531 -6.988709449768066 3
      vertex 0.3887815475463867 -6.441009521484375 3
    endloop
  endfacet
  facet normal 0 0 1
    outer loop
      vertex 0.3043508529663086 -6.806519508361816 3
      vertex 0.9602546691894531 -6.988709449768066 3
      vertex 0.35360240936279297 -6.633201599121094 3
    endloop
  endfacet
  facet normal 0 0 1
    outer loop
      vertex 0.2410287857055664 -6.960962295532227 3
      vertex 0.9602546691894531 -6.988709449768066 3
      vertex 0.3043508529663086 -6.806519508361816 3
    endloop
  endfacet
  facet normal 0 0 1
    outer loop
      vertex 0.9602546691894531 -6.988709449768066 3
      vertex 0.2410287857055664 -6.960962295532227 3
      vertex 0.9602546691894531 -7.434239387512207 3
    endloop
  endfacet
  facet normal 0 0 1
    outer loop
      vertex 0.1636343002319336 -7.096529960632324 3
      vertex 0.9602546691894531 -7.434239387512207 3
      vertex 0.2410287857055664 -6.960962295532227 3
    endloop
  endfacet
  facet normal 0 0 1
    outer loop
      vertex 0.07251739501953125 -7.212148666381836 3
      vertex 0.9602546691894531 -7.434239387512207 3
      vertex 0.1636343002319336 -7.096529960632324 3
    endloop
  endfacet
  facet normal 0 0 1
    outer loop
      vertex -0.031991004943847656 -7.306746482849121 3
      vertex 0.9602546691894531 -7.434239387512207 3
      vertex 0.07251739501953125 -7.212148666381836 3
    endloop
  endfacet
  facet normal 0 0 1
    outer loop
      vertex -0.14989471435546875 -7.380322456359863 3
      vertex 0.9602546691894531 -7.434239387512207 3
      vertex -0.031991004943847656 -7.306746482849121 3
    endloop
  endfacet
  facet normal 0 0 1
    outer loop
      vertex -0.2811908721923828 -7.4328765869140625 3
      vertex 0.9602546691894531 -7.434239387512207 3
      vertex -0.14989471435546875 -7.380322456359863 3
    endloop
  endfacet
  facet normal 0 0 1
    outer loop
      vertex -0.42588138580322266 -7.464408874511719 3
      vertex 0.9602546691894531 -7.434239387512207 3
      vertex -0.2811908721923828 -7.4328765869140625 3
    endloop
  endfacet
  facet normal 0 0 1
    outer loop
      vertex -0.5839643478393555 -7.474919319152832 3
      vertex 0.9602546691894531 -7.434239387512207 3
      vertex -0.42588138580322266 -7.464408874511719 3
    endloop
  endfacet
  facet normal 0 0 1
    outer loop
      vertex 1.9470148086547852 -7.434239387512207 3
      vertex -0.5839643478393555 -7.474919319152832 3
      vertex 38 -9 3
    endloop
  endfacet
  facet normal 0 0 1
    outer loop
      vertex -1.941044807434082 -7.122989654541016 3
      vertex -1.5678205490112305 -6.231131553649902 3
      vertex -1.5747146606445312 -6 3
    endloop
  endfacet
  facet normal 0 0 1
    outer loop
      vertex -1.941044807434082 -7.122989654541016 3
      vertex -1.5471382141113281 -6.443049430847168 3
      vertex -1.5678205490112305 -6.231131553649902 3
    endloop
  endfacet
  facet normal 0 0 1
    outer loop
      vertex -1.941044807434082 -7.122989654541016 3
      vertex -1.5126667022705078 -6.635751724243164 3
      vertex -1.5471382141113281 -6.443049430847168 3
    endloop
  endfacet
  facet normal 0 0 1
    outer loop
      vertex -1.941044807434082 -7.122989654541016 3
      vertex -1.4644079208374023 -6.809239387512207 3
      vertex -1.5126667022705078 -6.635751724243164 3
    endloop
  endfacet
  facet normal 0 0 1
    outer loop
      vertex -1.941044807434082 -7.122989654541016 3
      vertex -1.402359962463379 -6.963512420654297 3
      vertex -1.4644079208374023 -6.809239387512207 3
    endloop
  endfacet
  facet normal 0 0 1
    outer loop
      vertex -1.941044807434082 -7.122989654541016 3
      vertex -1.3265247344970703 -7.098569869995117 3
      vertex -1.402359962463379 -6.963512420654297 3
    endloop
  endfacet
  facet normal 0 0 1
    outer loop
      vertex -1.941044807434082 -7.434239387512207 3
      vertex -1.3265247344970703 -7.098569869995117 3
      vertex -1.941044807434082 -7.122989654541016 3
    endloop
  endfacet
  facet normal 0 0 1
    outer loop
      vertex -1.3265247344970703 -7.098569869995117 3
      vertex -1.941044807434082 -7.434239387512207 3
      vertex -1.2369565963745117 -7.213565826416016 3
    endloop
  endfacet
  facet normal 0 0 1
    outer loop
      vertex -1.2369565963745117 -7.213565826416016 3
      vertex -1.941044807434082 -7.434239387512207 3
      vertex -1.1337108612060547 -7.307652473449707 3
    endloop
  endfacet
  facet normal 0 0 1
    outer loop
      vertex -1.1337108612060547 -7.307652473449707 3
      vertex -1.941044807434082 -7.434239387512207 3
      vertex -1.016789436340332 -7.380831718444824 3
    endloop
  endfacet
  facet normal 0 0 1
    outer loop
      vertex -1.016789436340332 -7.380831718444824 3
      vertex -1.941044807434082 -7.434239387512207 3
      vertex -0.8861913681030273 -7.433102607727051 3
    endloop
  endfacet
  facet normal 0 0 1
    outer loop
      vertex -1.941044807434082 -7.434239387512207 3
      vertex -0.7419166564941406 -7.464465141296387 3
      vertex -0.8861913681030273 -7.433102607727051 3
    endloop
  endfacet
  facet normal 0 0 1
    outer loop
      vertex -1.941044807434082 -7.434239387512207 3
      vertex -0.5839643478393555 -7.474919319152832 3
      vertex -0.7419166564941406 -7.464465141296387 3
    endloop
  endfacet
  facet normal 0 0 1
    outer loop
      vertex -3.737384796142578 -7.434239387512207 3
      vertex -0.5839643478393555 -7.474919319152832 3
      vertex -1.941044807434082 -7.434239387512207 3
    endloop
  endfacet
  facet normal 0 0 1
    outer loop
      vertex -38 -9 3
      vertex -0.5839643478393555 -7.474919319152832 3
      vertex -3.737384796142578 -7.434239387512207 3
    endloop
  endfacet
  facet normal 0 0 1
    outer loop
      vertex -3.737384796142578 -7.122989654541016 3
      vertex -21.852645874023438 -6.229942321777344 3
      vertex -3.737384796142578 -7.434239387512207 3
    endloop
  endfacet
  facet normal 0 0 1
    outer loop
      vertex -21.87375259399414 -6.441009521484375 3
      vertex -3.737384796142578 -7.434239387512207 3
      vertex -21.852645874023438 -6.229942321777344 3
    endloop
  endfacet
  facet normal 0 0 1
    outer loop
      vertex -21.908931732177734 -6.633201599121094 3
      vertex -3.737384796142578 -7.434239387512207 3
      vertex -21.87375259399414 -6.441009521484375 3
    endloop
  endfacet
  facet normal 0 0 1
    outer loop
      vertex -21.95818328857422 -6.806519508361816 3
      vertex -3.737384796142578 -7.434239387512207 3
      vertex -21.908931732177734 -6.633201599121094 3
    endloop
  endfacet
  facet normal 0 0 1
    outer loop
      vertex -22.02150535583496 -6.960962295532227 3
      vertex -3.737384796142578 -7.434239387512207 3
      vertex -21.95818328857422 -6.806519508361816 3
    endloop
  endfacet
  facet normal 0 0 1
    outer loop
      vertex -22.098899841308594 -7.096529960632324 3
      vertex -3.737384796142578 -7.434239387512207 3
      vertex -22.02150535583496 -6.960962295532227 3
    endloop
  endfacet
  facet normal 0 0 1
    outer loop
      vertex -22.19001579284668 -7.212148666381836 3
      vertex -3.737384796142578 -7.434239387512207 3
      vertex -22.098899841308594 -7.096529960632324 3
    endloop
  endfacet
  facet normal 0 0 1
    outer loop
      vertex -22.294525146484375 -7.306746482849121 3
      vertex -3.737384796142578 -7.434239387512207 3
      vertex -22.19001579284668 -7.212148666381836 3
    endloop
  endfacet
  facet normal 0 0 1
    outer loop
      vertex -22.412429809570312 -7.380322456359863 3
      vertex -3.737384796142578 -7.434239387512207 3
      vertex -22.294525146484375 -7.306746482849121 3
    endloop
  endfacet
  facet normal 0 0 1
    outer loop
      vertex -22.543725967407227 -7.4328765869140625 3
      vertex -3.737384796142578 -7.434239387512207 3
      vertex -22.412429809570312 -7.380322456359863 3
    endloop
  endfacet
  facet normal 0 0 1
    outer loop
      vertex -22.68841552734375 -7.464408874511719 3
      vertex -3.737384796142578 -7.434239387512207 3
      vertex -22.543725967407227 -7.4328765869140625 3
    endloop
  endfacet
  facet normal 0 0 1
    outer loop
      vertex -22.846500396728516 -7.474919319152832 3
      vertex -3.737384796142578 -7.434239387512207 3
      vertex -22.68841552734375 -7.464408874511719 3
    endloop
  endfacet
  facet normal 0 0 1
    outer loop
      vertex -38 -9 3
      vertex -3.737384796142578 -7.434239387512207 3
      vertex -22.846500396728516 -7.474919319152832 3
    endloop
  endfacet
  facet normal 0 0 1
    outer loop
      vertex -24.20357894897461 -7.122989654541016 3
      vertex -23.83035659790039 -6.231131553649902 3
      vertex -23.837249755859375 -6 3
    endloop
  endfacet
  facet normal 0 0 1
    outer loop
      vertex -24.20357894897461 -7.122989654541016 3
      vertex -23.809673309326172 -6.443049430847168 3
      vertex -23.83035659790039 -6.231131553649902 3
    endloop
  endfacet
  facet normal 0 0 1
    outer loop
      vertex -24.20357894897461 -7.122989654541016 3
      vertex -23.77520179748535 -6.635751724243164 3
      vertex -23.809673309326172 -6.443049430847168 3
    endloop
  endfacet
  facet normal 0 0 1
    outer loop
      vertex -24.20357894897461 -7.122989654541016 3
      vertex -23.726943969726562 -6.809239387512207 3
      vertex -23.77520179748535 -6.635751724243164 3
    endloop
  endfacet
  facet normal 0 0 1
    outer loop
      vertex -24.20357894897461 -7.122989654541016 3
      vertex -23.664894104003906 -6.963512420654297 3
      vertex -23.726943969726562 -6.809239387512207 3
    endloop
  endfacet
  facet normal 0 0 1
    outer loop
      vertex -24.20357894897461 -7.122989654541016 3
      vertex -23.589059829711914 -7.098569869995117 3
      vertex -23.664894104003906 -6.963512420654297 3
    endloop
  endfacet
  facet normal 0 0 1
    outer loop
      vertex -24.20357894897461 -7.434239387512207 3
      vertex -23.589059829711914 -7.098569869995117 3
      vertex -24.20357894897461 -7.122989654541016 3
    endloop
  endfacet
  facet normal 0 0 1
    outer loop
      vertex -23.589059829711914 -7.098569869995117 3
      vertex -24.20357894897461 -7.434239387512207 3
      vertex -23.49949073791504 -7.213565826416016 3
    endloop
  endfacet
  facet normal 0 0 1
    outer loop
      vertex -23.49949073791504 -7.213565826416016 3
      vertex -24.20357894897461 -7.434239387512207 3
      vertex -23.3962459564209 -7.307652473449707 3
    endloop
  endfacet
  facet normal 0 0 1
    outer loop
      vertex -23.3962459564209 -7.307652473449707 3
      vertex -24.20357894897461 -7.434239387512207 3
      vertex -23.27932357788086 -7.380831718444824 3
    endloop
  endfacet
  facet normal 0 0 1
    outer loop
      vertex -23.27932357788086 -7.380831718444824 3
      vertex -24.20357894897461 -7.434239387512207 3
      vertex -23.148727416992188 -7.433102607727051 3
    endloop
  endfacet
  facet normal 0 0 1
    outer loop
      vertex -24.20357894897461 -7.434239387512207 3
      vertex -23.004451751708984 -7.464465141296387 3
      vertex -23.148727416992188 -7.433102607727051 3
    endloop
  endfacet
  facet normal 0 0 1
    outer loop
      vertex -24.20357894897461 -7.434239387512207 3
      vertex -22.846500396728516 -7.474919319152832 3
      vertex -23.004451751708984 -7.464465141296387 3
    endloop
  endfacet
  facet normal 0 0 1
    outer loop
      vertex -25.999919891357422 -7.434239387512207 3
      vertex -22.846500396728516 -7.474919319152832 3
      vertex -24.20357894897461 -7.434239387512207 3
    endloop
  endfacet
  facet normal 0 0 1
    outer loop
      vertex -38 -9 3
      vertex -22.846500396728516 -7.474919319152832 3
      vertex -25.999919891357422 -7.434239387512207 3
    endloop
  endfacet
  facet normal 0 0 1
    outer loop
      vertex -0.5839643478393555 -7.474919319152832 3
      vertex -38 -9 3
      vertex 38 -9 3
    endloop
  endfacet
  facet normal 0 0 1
    outer loop
      vertex -25.999919891357422 -7.122989654541016 3
      vertex -38 -9 3
      vertex -25.999919891357422 -7.434239387512207 3
    endloop
  endfacet
  facet normal 0 0 1
    outer loop
      vertex 27.93256378173828 -6.496379852294922 3
      vertex 27.529754638671875 -4.5677995681762695 3
      vertex 27.529754638671875 -6.496379852294922 3
    endloop
  endfacet
  facet normal 0 0 1
    outer loop
      vertex 22.42528533935547 -6 3
      vertex 21.361183166503906 -7.122989654541016 3
      vertex 22.0589542388916 -7.122989654541016 3
    endloop
  endfacet
  facet normal 0 0 1
    outer loop
      vertex 20.34601593017578 -5.379509925842285 3
      vertex 20.992935180664062 -7.122989654541016 3
      vertex 20.992935180664062 -4.917719841003418 3
    endloop
  endfacet
  facet normal 0 0 1
    outer loop
      vertex 20.992935180664062 -7.122989654541016 3
      vertex 20.34601593017578 -5.379509925842285 3
      vertex 20.262615203857422 -7.122989654541016 3
    endloop
  endfacet
  facet normal 0 0 1
    outer loop
      vertex 20.262615203857422 -7.122989654541016 3
      vertex 3.7982053756713867 -5.365903854370117 3
      vertex 3.8450841903686523 -7.122989654541016 3
    endloop
  endfacet
  facet normal 0 0 1
    outer loop
      vertex 3.7918481826782227 -5.4213361740112305 3
      vertex 3.8450841903686523 -7.122989654541016 3
      vertex 3.7982053756713867 -5.365903854370117 3
    endloop
  endfacet
  facet normal 0 0 1
    outer loop
      vertex 3.781251907348633 -5.476656913757324 3
      vertex 3.8450841903686523 -7.122989654541016 3
      vertex 3.7918481826782227 -5.4213361740112305 3
    endloop
  endfacet
  facet normal 0 0 1
    outer loop
      vertex 3.7664175033569336 -5.531866073608398 3
      vertex 3.8450841903686523 -7.122989654541016 3
      vertex 3.781251907348633 -5.476656913757324 3
    endloop
  endfacet
  facet normal 0 0 1
    outer loop
      vertex 3.747344970703125 -5.586963653564453 3
      vertex 3.8450841903686523 -7.122989654541016 3
      vertex 3.7664175033569336 -5.531866073608398 3
    endloop
  endfacet
  facet normal 0 0 1
    outer loop
      vertex 3.724034309387207 -5.641949653625488 3
      vertex 3.8450841903686523 -7.122989654541016 3
      vertex 3.747344970703125 -5.586963653564453 3
    endloop
  endfacet
  facet normal 0 0 1
    outer loop
      vertex 3.6965417861938477 -5.6968793869018555 3
      vertex 3.8450841903686523 -7.122989654541016 3
      vertex 3.724034309387207 -5.641949653625488 3
    endloop
  endfacet
  facet normal 0 0 1
    outer loop
      vertex 3.6649246215820312 -5.751809120178223 3
      vertex 3.8450841903686523 -7.122989654541016 3
      vertex 3.6965417861938477 -5.6968793869018555 3
    endloop
  endfacet
  facet normal 0 0 1
    outer loop
      vertex 3.6291818618774414 -5.806739807128906 3
      vertex 3.8450841903686523 -7.122989654541016 3
      vertex 3.6649246215820312 -5.751809120178223 3
    endloop
  endfacet
  facet normal 0 0 1
    outer loop
      vertex 3.5893144607543945 -5.861669540405273 3
      vertex 3.8450841903686523 -7.122989654541016 3
      vertex 3.6291818618774414 -5.806739807128906 3
    endloop
  endfacet
  facet normal 0 0 1
    outer loop
      vertex 3.5453224182128906 -5.916599273681641 3
      vertex 3.8450841903686523 -7.122989654541016 3
      vertex 3.5893144607543945 -5.861669540405273 3
    endloop
  endfacet
  facet normal 0 0 1
    outer loop
      vertex 3.4972047805786133 -5.971529960632324 3
      vertex 3.8450841903686523 -7.122989654541016 3
      vertex 3.5453224182128906 -5.916599273681641 3
    endloop
  endfacet
  facet normal 0 0 1
    outer loop
      vertex 3.439394950866699 -6.031488418579102 3
      vertex 3.8450841903686523 -7.122989654541016 3
      vertex 3.4972047805786133 -5.971529960632324 3
    endloop
  endfacet
  facet normal 0 0 1
    outer loop
      vertex 3.366328239440918 -6.101506233215332 3
      vertex 3.8450841903686523 -7.122989654541016 3
      vertex 3.439394950866699 -6.031488418579102 3
    endloop
  endfacet
  facet normal 0 0 1
    outer loop
      vertex 3.2780017852783203 -6.181582450866699 3
      vertex 3.8450841903686523 -7.122989654541016 3
      vertex 3.366328239440918 -6.101506233215332 3
    endloop
  endfacet
  facet normal 0 0 1
    outer loop
      vertex 3.174417495727539 -6.271716117858887 3
      vertex 3.8450841903686523 -7.122989654541016 3
      vertex 3.2780017852783203 -6.181582450866699 3
    endloop
  endfacet
  facet normal 0 0 1
    outer loop
      vertex 3.055575370788574 -6.371909141540527 3
      vertex 3.8450841903686523 -7.122989654541016 3
      vertex 3.174417495727539 -6.271716117858887 3
    endloop
  endfacet
  facet normal 0 0 1
    outer loop
      vertex 2.9214744567871094 -6.482159614562988 3
      vertex 3.8450841903686523 -7.122989654541016 3
      vertex 3.055575370788574 -6.371909141540527 3
    endloop
  endfacet
  facet normal 0 0 1
    outer loop
      vertex 2.8461408615112305 -6.544854164123535 3
      vertex 3.8450841903686523 -7.122989654541016 3
      vertex 2.9214744567871094 -6.482159614562988 3
    endloop
  endfacet
  facet normal 0 0 1
    outer loop
      vertex 2.776121139526367 -6.605459213256836 3
      vertex 3.8450841903686523 -7.122989654541016 3
      vertex 2.8461408615112305 -6.544854164123535 3
    endloop
  endfacet
  facet normal 0 0 1
    outer loop
      vertex 2.711414337158203 -6.663974761962891 3
      vertex 3.8450841903686523 -7.122989654541016 3
      vertex 2.776121139526367 -6.605459213256836 3
    endloop
  endfacet
  facet normal 0 0 1
    outer loop
      vertex 2.6520214080810547 -6.720399856567383 3
      vertex 3.8450841903686523 -7.122989654541016 3
      vertex 2.711414337158203 -6.663974761962891 3
    endloop
  endfacet
  facet normal 0 0 1
    outer loop
      vertex 2.5979413986206055 -6.7747344970703125 3
      vertex 3.8450841903686523 -7.122989654541016 3
      vertex 2.6520214080810547 -6.720399856567383 3
    endloop
  endfacet
  facet normal 0 0 1
    outer loop
      vertex 2.5491743087768555 -6.826979637145996 3
      vertex 3.8450841903686523 -7.122989654541016 3
      vertex 2.5979413986206055 -6.7747344970703125 3
    endloop
  endfacet
  facet normal 0 0 1
    outer loop
      vertex 2.50521183013916 -6.87786865234375 3
      vertex 3.8450841903686523 -7.122989654541016 3
      vertex 2.5491743087768555 -6.826979637145996 3
    endloop
  endfacet
  facet normal 0 0 1
    outer loop
      vertex 2.4655447006225586 -6.928135871887207 3
      vertex 3.8450841903686523 -7.122989654541016 3
      vertex 2.50521183013916 -6.87786865234375 3
    endloop
  endfacet
  facet normal 0 0 1
    outer loop
      vertex 2.4301719665527344 -6.977782249450684 3
      vertex 3.8450841903686523 -7.122989654541016 3
      vertex 2.4655447006225586 -6.928135871887207 3
    endloop
  endfacet
  facet normal 0 0 1
    outer loop
      vertex 2.399094581604004 -7.026805877685547 3
      vertex 3.8450841903686523 -7.122989654541016 3
      vertex 2.4301719665527344 -6.977782249450684 3
    endloop
  endfacet
  facet normal 0 0 1
    outer loop
      vertex 2.372311592102051 -7.07520866394043 3
      vertex 3.8450841903686523 -7.122989654541016 3
      vertex 2.399094581604004 -7.026805877685547 3
    endloop
  endfacet
  facet normal 0 0 1
    outer loop
      vertex 3.8450841903686523 -7.122989654541016 3
      vertex 2.372311592102051 -7.07520866394043 3
      vertex 2.349824905395508 -7.122989654541016 3
    endloop
  endfacet
  facet normal 0 0 1
    outer loop
      vertex 2.980189323425293 -4.829775810241699 3
      vertex 3.4239749908447266 -5.322569847106934 3
      vertex 3.420130729675293 -5.246838569641113 3
    endloop
  endfacet
  facet normal 0 0 1
    outer loop
      vertex 3.4239749908447266 -5.322569847106934 3
      vertex 2.980189323425293 -4.829775810241699 3
      vertex 3.4217424392700195 -5.379863739013672 3
    endloop
  endfacet
  facet normal 0 0 1
    outer loop
      vertex 3.0532541275024414 -4.840625762939453 3
      vertex 3.420130729675293 -5.246838569641113 3
      vertex 3.4086008071899414 -5.176985740661621 3
    endloop
  endfacet
  facet normal 0 0 1
    outer loop
      vertex 2.901134490966797 -4.826159477233887 3
      vertex 3.4217424392700195 -5.379863739013672 3
      vertex 2.980189323425293 -4.829775810241699 3
    endloop
  endfacet
  facet normal 0 0 1
    outer loop
      vertex 3.1203298568725586 -4.858709335327148 3
      vertex 3.4086008071899414 -5.176985740661621 3
      vertex 3.3893842697143555 -5.113012313842773 3
    endloop
  endfacet
  facet normal 0 0 1
    outer loop
      vertex 3.4217424392700195 -5.379863739013672 3
      vertex 2.901134490966797 -4.826159477233887 3
      vertex 3.4150447845458984 -5.435126304626465 3
    endloop
  endfacet
  facet normal 0 0 1
    outer loop
      vertex 3.4150447845458984 -5.435126304626465 3
      vertex 2.901134490966797 -4.826159477233887 3
      vertex 3.4038820266723633 -5.488356590270996 3
    endloop
  endfacet
  facet normal 0 0 1
    outer loop
      vertex 3.1203298568725586 -4.858709335327148 3
      vertex 3.3893842697143555 -5.113012313842773 3
      vertex 3.362481117248535 -5.0549163818359375 3
    endloop
  endfacet
  facet normal 0 0 1
    outer loop
      vertex 3.420130729675293 -5.246838569641113 3
      vertex 3.0532541275024414 -4.840625762939453 3
      vertex 2.980189323425293 -4.829775810241699 3
    endloop
  endfacet
  facet normal 0 0 1
    outer loop
      vertex 3.1203298568725586 -4.858709335327148 3
      vertex 3.362481117248535 -5.0549163818359375 3
      vertex 3.3278913497924805 -5.00269889831543 3
    endloop
  endfacet
  facet normal 0 0 1
    outer loop
      vertex 3.4038820266723633 -5.488356590270996 3
      vertex 2.901134490966797 -4.826159477233887 3
      vertex 3.388254165649414 -5.539556503295898 3
    endloop
  endfacet
  facet normal 0 0 1
    outer loop
      vertex 3.1203298568725586 -4.858709335327148 3
      vertex 3.3278913497924805 -5.00269889831543 3
      vertex 3.2856149673461914 -4.95635986328125 3
    endloop
  endfacet
  facet normal 0 0 1
    outer loop
      vertex 3.388254165649414 -5.539556503295898 3
      vertex 2.901134490966797 -4.826159477233887 3
      vertex 3.368162155151367 -5.588724136352539 3
    endloop
  endfacet
  facet normal 0 0 1
    outer loop
      vertex 2.8254337310791016 -4.8296918869018555 3
      vertex 3.368162155151367 -5.588724136352539 3
      vertex 2.901134490966797 -4.826159477233887 3
    endloop
  endfacet
  facet normal 0 0 1
    outer loop
      vertex 3.1203298568725586 -4.858709335327148 3
      vertex 3.2856149673461914 -4.95635986328125 3
      vertex 3.236509323120117 -4.916576385498047 3
    endloop
  endfacet
  facet normal 0 0 1
    outer loop
      vertex 3.368162155151367 -5.588724136352539 3
      vertex 2.8254337310791016 -4.8296918869018555 3
      vertex 3.34360408782959 -5.635859489440918 3
    endloop
  endfacet
  facet normal 0 0 1
    outer loop
      vertex 3.1203298568725586 -4.858709335327148 3
      vertex 3.236509323120117 -4.916576385498047 3
      vertex 3.1814146041870117 -4.884026527404785 3
    endloop
  endfacet
  facet normal 0 0 1
    outer loop
      vertex 3.4086008071899414 -5.176985740661621 3
      vertex 3.1203298568725586 -4.858709335327148 3
      vertex 3.0532541275024414 -4.840625762939453 3
    endloop
  endfacet
  facet normal 0 0 1
    outer loop
      vertex 2.337614059448242 -5.310359954833984 3
      vertex 3.34360408782959 -5.635859489440918 3
      vertex 2.8254337310791016 -4.8296918869018555 3
    endloop
  endfacet
  facet normal 0 0 1
    outer loop
      vertex 3.34360408782959 -5.635859489440918 3
      vertex 2.337614059448242 -5.310359954833984 3
      vertex 3.3154306411743164 -5.681631088256836 3
    endloop
  endfacet
  facet normal 0 0 1
    outer loop
      vertex 3.3154306411743164 -5.681631088256836 3
      vertex 2.337614059448242 -5.310359954833984 3
      vertex 3.284487724304199 -5.726726531982422 3
    endloop
  endfacet
  facet normal 0 0 1
    outer loop
      vertex 3.284487724304199 -5.726726531982422 3
      vertex 2.337614059448242 -5.310359954833984 3
      vertex 3.250777244567871 -5.771144866943359 3
    endloop
  endfacet
  facet normal 0 0 1
    outer loop
      vertex 3.2142982482910156 -5.814886093139648 3
      vertex 2.337614059448242 -5.310359954833984 3
      vertex 3.175050735473633 -5.8579511642456055 3
    endloop
  endfacet
  facet normal 0 0 1
    outer loop
      vertex 3.175050735473633 -5.8579511642456055 3
      vertex 2.337614059448242 -5.310359954833984 3
      vertex 3.1330347061157227 -5.900339126586914 3
    endloop
  endfacet
  facet normal 0 0 1
    outer loop
      vertex 3.0887584686279297 -5.942379951477051 3
      vertex 2.337614059448242 -5.310359954833984 3
      vertex 3.042731285095215 -5.984419822692871 3
    endloop
  endfacet
  facet normal 0 0 1
    outer loop
      vertex 3.042731285095215 -5.984419822692871 3
      vertex 2.337614059448242 -5.310359954833984 3
      vertex 2.9949522018432617 -6.026459693908691 3
    endloop
  endfacet
  facet normal 0 0 1
    outer loop
      vertex 3.1330347061157227 -5.900339126586914 3
      vertex 2.337614059448242 -5.310359954833984 3
      vertex 3.0887584686279297 -5.942379951477051 3
    endloop
  endfacet
  facet normal 0 0 1
    outer loop
      vertex 2.9949522018432617 -6.026459693908691 3
      vertex 2.337614059448242 -5.310359954833984 3
      vertex 2.9454212188720703 -6.068499565124512 3
    endloop
  endfacet
  facet normal 0 0 1
    outer loop
      vertex 2.9454212188720703 -6.068499565124512 3
      vertex 2.337614059448242 -5.310359954833984 3
      vertex 2.8941383361816406 -6.110539436340332 3
    endloop
  endfacet
  facet normal 0 0 1
    outer loop
      vertex 3.250777244567871 -5.771144866943359 3
      vertex 2.337614059448242 -5.310359954833984 3
      vertex 3.2142982482910156 -5.814886093139648 3
    endloop
  endfacet
  facet normal 0 0 1
    outer loop
      vertex 2.8941383361816406 -6.110539436340332 3
      vertex 2.337614059448242 -5.310359954833984 3
      vertex 2.841104507446289 -6.152579307556152 3
    endloop
  endfacet
  facet normal 0 0 1
    outer loop
      vertex 2.337614059448242 -5.310359954833984 3
      vertex 2.8254337310791016 -4.8296918869018555 3
      vertex 2.7543115615844727 -4.840289115905762 3
    endloop
  endfacet
  facet normal 0 0 1
    outer loop
      vertex 2.841104507446289 -6.152579307556152 3
      vertex 2.337614059448242 -5.310359954833984 3
      vertex 2.787109375 -6.195213317871094 3
    endloop
  endfacet
  facet normal 0 0 1
    outer loop
      vertex 2.349900245666504 -5.236583709716797 3
      vertex 2.7543115615844727 -4.840289115905762 3
      vertex 2.6877670288085938 -4.857952117919922 3
    endloop
  endfacet
  facet normal 0 0 1
    outer loop
      vertex 2.787109375 -6.195213317871094 3
      vertex 2.337614059448242 -5.310359954833984 3
      vertex 2.7329444885253906 -6.239036560058594 3
    endloop
  endfacet
  facet normal 0 0 1
    outer loop
      vertex 2.349900245666504 -5.236583709716797 3
      vertex 2.6877670288085938 -4.857952117919922 3
      vertex 2.6258010864257812 -4.8826799392700195 3
    endloop
  endfacet
  facet normal 0 0 1
    outer loop
      vertex 2.7329444885253906 -6.239036560058594 3
      vertex 2.337614059448242 -5.310359954833984 3
      vertex 2.678609848022461 -6.2840471267700195 3
    endloop
  endfacet
  facet normal 0 0 1
    outer loop
      vertex 2.678609848022461 -6.2840471267700195 3
      vertex 2.337614059448242 -5.310359954833984 3
      vertex 2.6241044998168945 -6.3302459716796875 3
    endloop
  endfacet
  facet normal 0 0 1
    outer loop
      vertex 2.369137763977051 -5.168516159057617 3
      vertex 2.6258010864257812 -4.8826799392700195 3
      vertex 2.568413734436035 -4.914471626281738 3
    endloop
  endfacet
  facet normal 0 0 1
    outer loop
      vertex 2.369137763977051 -5.168516159057617 3
      vertex 2.568413734436035 -4.914471626281738 3
      vertex 2.5156049728393555 -4.953329086303711 3
    endloop
  endfacet
  facet normal 0 0 1
    outer loop
      vertex 2.6241044998168945 -6.3302459716796875 3
      vertex 2.337614059448242 -5.310359954833984 3
      vertex 2.569429397583008 -6.377634048461914 3
    endloop
  endfacet
  facet normal 0 0 1
    outer loop
      vertex 2.369137763977051 -5.168516159057617 3
      vertex 2.5156049728393555 -4.953329086303711 3
      vertex 2.468560218811035 -4.998563766479492 3
    endloop
  endfacet
  facet normal 0 0 1
    outer loop
      vertex 2.569429397583008 -6.377634048461914 3
      vertex 2.337614059448242 -5.310359954833984 3
      vertex 2.514584541320801 -6.426209449768066 3
    endloop
  endfacet
  facet normal 0 0 1
    outer loop
      vertex 2.395326614379883 -5.106157302856445 3
      vertex 2.468560218811035 -4.998563766479492 3
      vertex 2.4284677505493164 -5.049506187438965 3
    endloop
  endfacet
  facet normal 0 0 1
    outer loop
      vertex 1.9632749557495117 -5.275769233703613 3
      vertex 2.514584541320801 -6.426209449768066 3
      vertex 2.337614059448242 -5.310359954833984 3
    endloop
  endfacet
  facet normal 0 0 1
    outer loop
      vertex 2.369137763977051 -5.168516159057617 3
      vertex 2.468560218811035 -4.998563766479492 3
      vertex 2.395326614379883 -5.106157302856445 3
    endloop
  endfacet
  facet normal 0 0 1
    outer loop
      vertex 2.6258010864257812 -4.8826799392700195 3
      vertex 2.369137763977051 -5.168516159057617 3
      vertex 2.349900245666504 -5.236583709716797 3
    endloop
  endfacet
  facet normal 0 0 1
    outer loop
      vertex 2.514584541320801 -6.426209449768066 3
      vertex 1.9632749557495117 -5.275769233703613 3
      vertex 2.4600868225097656 -6.476330757141113 3
    endloop
  endfacet
  facet normal 0 0 1
    outer loop
      vertex 2.7543115615844727 -4.840289115905762 3
      vertex 2.349900245666504 -5.236583709716797 3
      vertex 2.337614059448242 -5.310359954833984 3
    endloop
  endfacet
  facet normal 0 0 1
    outer loop
      vertex 2.4600868225097656 -6.476330757141113 3
      vertex 1.9632749557495117 -5.275769233703613 3
      vertex 2.4064340591430664 -6.528376579284668 3
    endloop
  endfacet
  facet normal 0 0 1
    outer loop
      vertex 2.4064340591430664 -6.528376579284668 3
      vertex 1.9632749557495117 -5.275769233703613 3
      vertex 2.3536272048950195 -6.582344055175781 3
    endloop
  endfacet
  facet normal 0 0 1
    outer loop
      vertex 2.3536272048950195 -6.582344055175781 3
      vertex 1.9632749557495117 -5.275769233703613 3
      vertex 2.301664352416992 -6.638236045837402 3
    endloop
  endfacet
  facet normal 0 0 1
    outer loop
      vertex 2.301664352416992 -6.638236045837402 3
      vertex 1.9632749557495117 -5.275769233703613 3
      vertex 2.250547409057617 -6.696051597595215 3
    endloop
  endfacet
  facet normal 0 0 1
    outer loop
      vertex 1.3569440841674805 -6.988709449768066 3
      vertex 2.250547409057617 -6.696051597595215 3
      vertex 1.9632749557495117 -5.275769233703613 3
    endloop
  endfacet
  facet normal 0 0 1
    outer loop
      vertex 2.250547409057617 -6.696051597595215 3
      vertex 1.3569440841674805 -6.988709449768066 3
      vertex 2.2002744674682617 -6.755789756774902 3
    endloop
  endfacet
  facet normal 0 0 1
    outer loop
      vertex 2.2002744674682617 -6.755789756774902 3
      vertex 1.3569440841674805 -6.988709449768066 3
      vertex 2.151705741882324 -6.818033218383789 3
    endloop
  endfacet
  facet normal 0 0 1
    outer loop
      vertex 2.151705741882324 -6.818033218383789 3
      vertex 1.3569440841674805 -6.988709449768066 3
      vertex 2.1056814193725586 -6.883386611938477 3
    endloop
  endfacet
  facet normal 0 0 1
    outer loop
      vertex 2.1056814193725586 -6.883386611938477 3
      vertex 1.3569440841674805 -6.988709449768066 3
      vertex 2.062199592590332 -6.951847076416016 3
    endloop
  endfacet
  facet normal 0 0 1
    outer loop
      vertex 2.062199592590332 -6.951847076416016 3
      vertex 1.3569440841674805 -6.988709449768066 3
      vertex 2.021261215209961 -7.023416519165039 3
    endloop
  endfacet
  facet normal 0 0 1
    outer loop
      vertex 2.021261215209961 -7.023416519165039 3
      vertex 1.3569440841674805 -6.988709449768066 3
      vertex 1.9828662872314453 -7.0980939865112305 3
    endloop
  endfacet
  facet normal 0 0 1
    outer loop
      vertex -1.5747146606445312 -6 3
      vertex -2.638814926147461 -7.122989654541016 3
      vertex -1.941044807434082 -7.122989654541016 3
    endloop
  endfacet
  facet normal 0 0 1
    outer loop
      vertex -3.6539840698242188 -5.379509925842285 3
      vertex -3.0070648193359375 -7.122989654541016 3
      vertex -3.0070648193359375 -4.917719841003418 3
    endloop
  endfacet
  facet normal 0 0 1
    outer loop
      vertex -3.0070648193359375 -7.122989654541016 3
      vertex -3.6539840698242188 -5.379509925842285 3
      vertex -3.737384796142578 -7.122989654541016 3
    endloop
  endfacet
  facet normal 0 0 1
    outer loop
      vertex -23.837249755859375 -6 3
      vertex -24.901348114013672 -7.122989654541016 3
      vertex -24.20357894897461 -7.122989654541016 3
    endloop
  endfacet
  facet normal 0 0 1
    outer loop
      vertex -25.916519165039062 -5.379509925842285 3
      vertex -25.26959991455078 -7.122989654541016 3
      vertex -25.26959991455078 -4.917719841003418 3
    endloop
  endfacet
  facet normal 0 0 1
    outer loop
      vertex -25.26959991455078 -7.122989654541016 3
      vertex -25.916519165039062 -5.379509925842285 3
      vertex -25.999919891357422 -7.122989654541016 3
    endloop
  endfacet
  facet normal 0 0 1
    outer loop
      vertex -23.466989517211914 -6 3
      vertex -22.217880249023438 -6 3
      vertex -22.22186279296875 -5.802663803100586 3
    endloop
  endfacet
  facet normal 0 0 1
    outer loop
      vertex -23.462892532348633 -5.80029296875 3
      vertex -22.22186279296875 -5.802663803100586 3
      vertex -22.233816146850586 -5.624316215515137 3
    endloop
  endfacet
  facet normal 0 0 1
    outer loop
      vertex -22.217880249023438 -6 3
      vertex -23.466989517211914 -6 3
      vertex -22.222061157226562 -6.1907806396484375 3
    endloop
  endfacet
  facet normal 0 0 1
    outer loop
      vertex -23.450603485107422 -5.62025260925293 3
      vertex -22.233816146850586 -5.624316215515137 3
      vertex -22.253738403320312 -5.464957237243652 3
    endloop
  endfacet
  facet normal 0 0 1
    outer loop
      vertex -23.46283721923828 -6.194341659545898 3
      vertex -22.222061157226562 -6.1907806396484375 3
      vertex -23.466989517211914 -6 3
    endloop
  endfacet
  facet normal 0 0 1
    outer loop
      vertex -23.430118560791016 -5.4598798751831055 3
      vertex -22.253738403320312 -5.464957237243652 3
      vertex -22.281625747680664 -5.324585914611816 3
    endloop
  endfacet
  facet normal 0 0 1
    outer loop
      vertex -22.222061157226562 -6.1907806396484375 3
      vertex -23.46283721923828 -6.194341659545898 3
      vertex -22.23460578918457 -6.364382743835449 3
    endloop
  endfacet
  facet normal 0 0 1
    outer loop
      vertex -23.401443481445312 -5.3191728591918945 3
      vertex -22.281625747680664 -5.324585914611816 3
      vertex -22.31748390197754 -5.203204154968262 3
    endloop
  endfacet
  facet normal 0 0 1
    outer loop
      vertex -23.450376510620117 -6.370486259460449 3
      vertex -22.23460578918457 -6.364382743835449 3
      vertex -23.46283721923828 -6.194341659545898 3
    endloop
  endfacet
  facet normal 0 0 1
    outer loop
      vertex -22.83428955078125 -4.822109222412109 3
      vertex -22.31748390197754 -5.203204154968262 3
      vertex -22.361309051513672 -5.100809097290039 3
    endloop
  endfacet
  facet normal 0 0 1
    outer loop
      vertex -22.23460578918457 -6.364382743835449 3
      vertex -23.450376510620117 -6.370486259460449 3
      vertex -22.25551414489746 -6.520807266235352 3
    endloop
  endfacet
  facet normal 0 0 1
    outer loop
      vertex -22.729610443115234 -4.829851150512695 3
      vertex -22.361309051513672 -5.100809097290039 3
      vertex -22.414289474487305 -5.015650749206543 3
    endloop
  endfacet
  facet normal 0 0 1
    outer loop
      vertex -23.429609298706055 -6.528434753417969 3
      vertex -22.25551414489746 -6.520807266235352 3
      vertex -23.450376510620117 -6.370486259460449 3
    endloop
  endfacet
  facet normal 0 0 1
    outer loop
      vertex -22.729610443115234 -4.829851150512695 3
      vertex -22.414289474487305 -5.015650749206543 3
      vertex -22.477609634399414 -4.945976257324219 3
    endloop
  endfacet
  facet normal 0 0 1
    outer loop
      vertex -22.25551414489746 -6.520807266235352 3
      vertex -23.429609298706055 -6.528434753417969 3
      vertex -22.284786224365234 -6.660053253173828 3
    endloop
  endfacet
  facet normal 0 0 1
    outer loop
      vertex -22.635269165039062 -4.853075981140137 3
      vertex -22.477609634399414 -4.945976257324219 3
      vertex -22.55126953125 -4.89178466796875 3
    endloop
  endfacet
  facet normal 0 0 1
    outer loop
      vertex -23.400535583496094 -6.668186187744141 3
      vertex -22.284786224365234 -6.660053253173828 3
      vertex -23.429609298706055 -6.528434753417969 3
    endloop
  endfacet
  facet normal 0 0 1
    outer loop
      vertex -22.477609634399414 -4.945976257324219 3
      vertex -22.635269165039062 -4.853075981140137 3
      vertex -22.729610443115234 -4.829851150512695 3
    endloop
  endfacet
  facet normal 0 0 1
    outer loop
      vertex -22.284786224365234 -6.660053253173828 3
      vertex -23.400535583496094 -6.668186187744141 3
      vertex -22.32242202758789 -6.782120704650879 3
    endloop
  endfacet
  facet normal 0 0 1
    outer loop
      vertex -22.361309051513672 -5.100809097290039 3
      vertex -22.729610443115234 -4.829851150512695 3
      vertex -22.83428955078125 -4.822109222412109 3
    endloop
  endfacet
  facet normal 0 0 1
    outer loop
      vertex -23.363155364990234 -6.789741516113281 3
      vertex -22.32242202758789 -6.782120704650879 3
      vertex -23.400535583496094 -6.668186187744141 3
    endloop
  endfacet
  facet normal 0 0 1
    outer loop
      vertex -22.31748390197754 -5.203204154968262 3
      vertex -22.83428955078125 -4.822109222412109 3
      vertex -23.364572525024414 -5.198132514953613 3
    endloop
  endfacet
  facet normal 0 0 1
    outer loop
      vertex -22.32242202758789 -6.782120704650879 3
      vertex -23.363155364990234 -6.789741516113281 3
      vertex -22.368419647216797 -6.887009620666504 3
    endloop
  endfacet
  facet normal 0 0 1
    outer loop
      vertex -23.364572525024414 -5.198132514953613 3
      vertex -22.83428955078125 -4.822109222412109 3
      vertex -22.94157600402832 -4.829738616943359 3
    endloop
  endfacet
  facet normal 0 0 1
    outer loop
      vertex -23.31747055053711 -6.893099784851074 3
      vertex -22.368419647216797 -6.887009620666504 3
      vertex -23.363155364990234 -6.789741516113281 3
    endloop
  endfacet
  facet normal 0 0 1
    outer loop
      vertex -23.319509506225586 -5.096759796142578 3
      vertex -22.94157600402832 -4.829738616943359 3
      vertex -23.03829574584961 -4.852625846862793 3
    endloop
  endfacet
  facet normal 0 0 1
    outer loop
      vertex -22.842449188232422 -7.17587947845459 3
      vertex -22.368419647216797 -6.887009620666504 3
      vertex -23.31747055053711 -6.893099784851074 3
    endloop
  endfacet
  facet normal 0 0 1
    outer loop
      vertex -22.368419647216797 -6.887009620666504 3
      vertex -22.842449188232422 -7.17587947845459 3
      vertex -22.423404693603516 -6.975275039672852 3
    endloop
  endfacet
  facet normal 0 0 1
    outer loop
      vertex -23.265056610107422 -5.012838363647461 3
      vertex -23.03829574584961 -4.852625846862793 3
      vertex -23.12445068359375 -4.890771865844727 3
    endloop
  endfacet
  facet normal 0 0 1
    outer loop
      vertex -22.487995147705078 -7.047492980957031 3
      vertex -22.739423751831055 -7.167855262756348 3
      vertex -22.562196731567383 -7.103662490844727 3
    endloop
  endfacet
  facet normal 0 0 1
    outer loop
      vertex -23.265056610107422 -5.012838363647461 3
      vertex -23.12445068359375 -4.890771865844727 3
      vertex -23.200035095214844 -4.944175720214844 3
    endloop
  endfacet
  facet normal 0 0 1
    outer loop
      vertex -22.562196731567383 -7.103662490844727 3
      vertex -22.739423751831055 -7.167855262756348 3
      vertex -22.646007537841797 -7.143782615661621 3
    endloop
  endfacet
  facet normal 0 0 1
    outer loop
      vertex -23.03829574584961 -4.852625846862793 3
      vertex -23.265056610107422 -5.012838363647461 3
      vertex -23.319509506225586 -5.096759796142578 3
    endloop
  endfacet
  facet normal 0 0 1
    outer loop
      vertex -22.423404693603516 -6.975275039672852 3
      vertex -22.739423751831055 -7.167855262756348 3
      vertex -22.487995147705078 -7.047492980957031 3
    endloop
  endfacet
  facet normal 0 0 1
    outer loop
      vertex -22.94157600402832 -4.829738616943359 3
      vertex -23.319509506225586 -5.096759796142578 3
      vertex -23.364572525024414 -5.198132514953613 3
    endloop
  endfacet
  facet normal 0 0 1
    outer loop
      vertex -22.739423751831055 -7.167855262756348 3
      vertex -22.423404693603516 -6.975275039672852 3
      vertex -22.842449188232422 -7.17587947845459 3
    endloop
  endfacet
  facet normal 0 0 1
    outer loop
      vertex -22.31748390197754 -5.203204154968262 3
      vertex -23.364572525024414 -5.198132514953613 3
      vertex -23.401443481445312 -5.3191728591918945 3
    endloop
  endfacet
  facet normal 0 0 1
    outer loop
      vertex -22.842449188232422 -7.17587947845459 3
      vertex -23.31747055053711 -6.893099784851074 3
      vertex -22.946060180664062 -7.168024063110352 3
    endloop
  endfacet
  facet normal 0 0 1
    outer loop
      vertex -22.281625747680664 -5.324585914611816 3
      vertex -23.401443481445312 -5.3191728591918945 3
      vertex -23.430118560791016 -5.4598798751831055 3
    endloop
  endfacet
  facet normal 0 0 1
    outer loop
      vertex -23.262741088867188 -6.979504585266113 3
      vertex -22.946060180664062 -7.168024063110352 3
      vertex -23.31747055053711 -6.893099784851074 3
    endloop
  endfacet
  facet normal 0 0 1
    outer loop
      vertex -22.253738403320312 -5.464957237243652 3
      vertex -23.430118560791016 -5.4598798751831055 3
      vertex -23.450603485107422 -5.62025260925293 3
    endloop
  endfacet
  facet normal 0 0 1
    outer loop
      vertex -23.03989601135254 -7.1444597244262695 3
      vertex -23.262741088867188 -6.979504585266113 3
      vertex -23.12395477294922 -7.105184555053711 3
    endloop
  endfacet
  facet normal 0 0 1
    outer loop
      vertex -22.233816146850586 -5.624316215515137 3
      vertex -23.450603485107422 -5.62025260925293 3
      vertex -23.462892532348633 -5.80029296875 3
    endloop
  endfacet
  facet normal 0 0 1
    outer loop
      vertex -23.12395477294922 -7.105184555053711 3
      vertex -23.262741088867188 -6.979504585266113 3
      vertex -23.1982364654541 -7.050199508666992 3
    endloop
  endfacet
  facet normal 0 0 1
    outer loop
      vertex -22.22186279296875 -5.802663803100586 3
      vertex -23.462892532348633 -5.80029296875 3
      vertex -23.466989517211914 -6 3
    endloop
  endfacet
  facet normal 0 0 1
    outer loop
      vertex -22.946060180664062 -7.168024063110352 3
      vertex -23.262741088867188 -6.979504585266113 3
      vertex -23.03989601135254 -7.1444597244262695 3
    endloop
  endfacet
  facet normal 0 0 1
    outer loop
      vertex -1.2044544219970703 -6 3
      vertex 0.04465484619140625 -6 3
      vertex 0.04067039489746094 -5.802663803100586 3
    endloop
  endfacet
  facet normal 0 0 1
    outer loop
      vertex -1.200357437133789 -5.80029296875 3
      vertex 0.04067039489746094 -5.802663803100586 3
      vertex 0.028717994689941406 -5.624316215515137 3
    endloop
  endfacet
  facet normal 0 0 1
    outer loop
      vertex 0.04465484619140625 -6 3
      vertex -1.2044544219970703 -6 3
      vertex 0.040472984313964844 -6.1907806396484375 3
    endloop
  endfacet
  facet normal 0 0 1
    outer loop
      vertex -1.1880674362182617 -5.62025260925293 3
      vertex 0.028717994689941406 -5.624316215515137 3
      vertex 0.00879669189453125 -5.464957237243652 3
    endloop
  endfacet
  facet normal 0 0 1
    outer loop
      vertex -1.200301170349121 -6.194341659545898 3
      vertex 0.040472984313964844 -6.1907806396484375 3
      vertex -1.2044544219970703 -6 3
    endloop
  endfacet
  facet normal 0 0 1
    outer loop
      vertex -1.1675844192504883 -5.4598798751831055 3
      vertex 0.00879669189453125 -5.464957237243652 3
      vertex -0.01909160614013672 -5.324585914611816 3
    endloop
  endfacet
  facet normal 0 0 1
    outer loop
      vertex 0.040472984313964844 -6.1907806396484375 3
      vertex -1.200301170349121 -6.194341659545898 3
      vertex 0.027927398681640625 -6.364382743835449 3
    endloop
  endfacet
  facet normal 0 0 1
    outer loop
      vertex -1.1389074325561523 -5.3191728591918945 3
      vertex -0.01909160614013672 -5.324585914611816 3
      vertex -0.05494880676269531 -5.203204154968262 3
    endloop
  endfacet
  facet normal 0 0 1
    outer loop
      vertex -1.1878414154052734 -6.370486259460449 3
      vertex 0.027927398681640625 -6.364382743835449 3
      vertex -1.200301170349121 -6.194341659545898 3
    endloop
  endfacet
  facet normal 0 0 1
    outer loop
      vertex -0.5717544555664062 -4.822109222412109 3
      vertex -0.05494880676269531 -5.203204154968262 3
      vertex -0.09877490997314453 -5.100809097290039 3
    endloop
  endfacet
  facet normal 0 0 1
    outer loop
      vertex 0.027927398681640625 -6.364382743835449 3
      vertex -1.1878414154052734 -6.370486259460449 3
      vertex 0.007019996643066406 -6.520807266235352 3
    endloop
  endfacet
  facet normal 0 0 1
    outer loop
      vertex -0.4670743942260742 -4.829851150512695 3
      vertex -0.09877490997314453 -5.100809097290039 3
      vertex -0.15175437927246094 -5.015650749206543 3
    endloop
  endfacet
  facet normal 0 0 1
    outer loop
      vertex -1.167074203491211 -6.528434753417969 3
      vertex 0.007019996643066406 -6.520807266235352 3
      vertex -1.1878414154052734 -6.370486259460449 3
    endloop
  endfacet
  facet normal 0 0 1
    outer loop
      vertex -0.4670743942260742 -4.829851150512695 3
      vertex -0.15175437927246094 -5.015650749206543 3
      vertex -0.2150745391845703 -4.945976257324219 3
    endloop
  endfacet
  facet normal 0 0 1
    outer loop
      vertex 0.007019996643066406 -6.520807266235352 3
      vertex -1.167074203491211 -6.528434753417969 3
      vertex -0.022251129150390625 -6.660053253173828 3
    endloop
  endfacet
  facet normal 0 0 1
    outer loop
      vertex -0.37273406982421875 -4.853075981140137 3
      vertex -0.2150745391845703 -4.945976257324219 3
      vertex -0.28873443603515625 -4.89178466796875 3
    endloop
  endfacet
  facet normal 0 0 1
    outer loop
      vertex -1.1380014419555664 -6.668186187744141 3
      vertex -0.022251129150390625 -6.660053253173828 3
      vertex -1.167074203491211 -6.528434753417969 3
    endloop
  endfacet
  facet normal 0 0 1
    outer loop
      vertex -0.2150745391845703 -4.945976257324219 3
      vertex -0.37273406982421875 -4.853075981140137 3
      vertex -0.4670743942260742 -4.829851150512695 3
    endloop
  endfacet
  facet normal 0 0 1
    outer loop
      vertex -0.022251129150390625 -6.660053253173828 3
      vertex -1.1380014419555664 -6.668186187744141 3
      vertex -0.05988597869873047 -6.782120704650879 3
    endloop
  endfacet
  facet normal 0 0 1
    outer loop
      vertex -0.09877490997314453 -5.100809097290039 3
      vertex -0.4670743942260742 -4.829851150512695 3
      vertex -0.5717544555664062 -4.822109222412109 3
    endloop
  endfacet
  facet normal 0 0 1
    outer loop
      vertex -1.100621223449707 -6.789741516113281 3
      vertex -0.05988597869873047 -6.782120704650879 3
      vertex -1.1380014419555664 -6.668186187744141 3
    endloop
  endfacet
  facet normal 0 0 1
    outer loop
      vertex -0.05494880676269531 -5.203204154968262 3
      vertex -0.5717544555664062 -4.822109222412109 3
      vertex -1.1020374298095703 -5.198132514953613 3
    endloop
  endfacet
  facet normal 0 0 1
    outer loop
      vertex -0.05988597869873047 -6.782120704650879 3
      vertex -1.100621223449707 -6.789741516113281 3
      vertex -0.10588455200195312 -6.887009620666504 3
    endloop
  endfacet
  facet normal 0 0 1
    outer loop
      vertex -1.1020374298095703 -5.198132514953613 3
      vertex -0.5717544555664062 -4.822109222412109 3
      vertex -0.6790409088134766 -4.829738616943359 3
    endloop
  endfacet
  facet normal 0 0 1
    outer loop
      vertex -1.0549345016479492 -6.893099784851074 3
      vertex -0.10588455200195312 -6.887009620666504 3
      vertex -1.100621223449707 -6.789741516113281 3
    endloop
  endfacet
  facet normal 0 0 1
    outer loop
      vertex -1.0569744110107422 -5.096759796142578 3
      vertex -0.6790409088134766 -4.829738616943359 3
      vertex -0.775761604309082 -4.852625846862793 3
    endloop
  endfacet
  facet normal 0 0 1
    outer loop
      vertex -0.5799140930175781 -7.17587947845459 3
      vertex -0.10588455200195312 -6.887009620666504 3
      vertex -1.0549345016479492 -6.893099784851074 3
    endloop
  endfacet
  facet normal 0 0 1
    outer loop
      vertex -0.10588455200195312 -6.887009620666504 3
      vertex -0.5799140930175781 -7.17587947845459 3
      vertex -0.16086864471435547 -6.975275039672852 3
    endloop
  endfacet
  facet normal 0 0 1
    outer loop
      vertex -1.0025215148925781 -5.012838363647461 3
      vertex -0.775761604309082 -4.852625846862793 3
      vertex -0.8619146347045898 -4.890771865844727 3
    endloop
  endfacet
  facet normal 0 0 1
    outer loop
      vertex -0.22546100616455078 -7.047492980957031 3
      vertex -0.47688865661621094 -7.167855262756348 3
      vertex -0.29966163635253906 -7.103662490844727 3
    endloop
  endfacet
  facet normal 0 0 1
    outer loop
      vertex -1.0025215148925781 -5.012838363647461 3
      vertex -0.8619146347045898 -4.890771865844727 3
      vertex -0.9375009536743164 -4.944175720214844 3
    endloop
  endfacet
  facet normal 0 0 1
    outer loop
      vertex -0.29966163635253906 -7.103662490844727 3
      vertex -0.47688865661621094 -7.167855262756348 3
      vertex -0.3834714889526367 -7.143782615661621 3
    endloop
  endfacet
  facet normal 0 0 1
    outer loop
      vertex -0.775761604309082 -4.852625846862793 3
      vertex -1.0025215148925781 -5.012838363647461 3
      vertex -1.0569744110107422 -5.096759796142578 3
    endloop
  endfacet
  facet normal 0 0 1
    outer loop
      vertex -0.16086864471435547 -6.975275039672852 3
      vertex -0.47688865661621094 -7.167855262756348 3
      vertex -0.22546100616455078 -7.047492980957031 3
    endloop
  endfacet
  facet normal 0 0 1
    outer loop
      vertex -0.6790409088134766 -4.829738616943359 3
      vertex -1.0569744110107422 -5.096759796142578 3
      vertex -1.1020374298095703 -5.198132514953613 3
    endloop
  endfacet
  facet normal 0 0 1
    outer loop
      vertex -0.47688865661621094 -7.167855262756348 3
      vertex -0.16086864471435547 -6.975275039672852 3
      vertex -0.5799140930175781 -7.17587947845459 3
    endloop
  endfacet
  facet normal 0 0 1
    outer loop
      vertex -0.05494880676269531 -5.203204154968262 3
      vertex -1.1020374298095703 -5.198132514953613 3
      vertex -1.1389074325561523 -5.3191728591918945 3
    endloop
  endfacet
  facet normal 0 0 1
    outer loop
      vertex -0.5799140930175781 -7.17587947845459 3
      vertex -1.0549345016479492 -6.893099784851074 3
      vertex -0.6835260391235352 -7.168024063110352 3
    endloop
  endfacet
  facet normal 0 0 1
    outer loop
      vertex -0.01909160614013672 -5.324585914611816 3
      vertex -1.1389074325561523 -5.3191728591918945 3
      vertex -1.1675844192504883 -5.4598798751831055 3
    endloop
  endfacet
  facet normal 0 0 1
    outer loop
      vertex -1.0002059936523438 -6.979504585266113 3
      vertex -0.6835260391235352 -7.168024063110352 3
      vertex -1.0549345016479492 -6.893099784851074 3
    endloop
  endfacet
  facet normal 0 0 1
    outer loop
      vertex 0.00879669189453125 -5.464957237243652 3
      vertex -1.1675844192504883 -5.4598798751831055 3
      vertex -1.1880674362182617 -5.62025260925293 3
    endloop
  endfacet
  facet normal 0 0 1
    outer loop
      vertex -0.7773609161376953 -7.1444597244262695 3
      vertex -1.0002059936523438 -6.979504585266113 3
      vertex -0.861419677734375 -7.105184555053711 3
    endloop
  endfacet
  facet normal 0 0 1
    outer loop
      vertex 0.028717994689941406 -5.624316215515137 3
      vertex -1.1880674362182617 -5.62025260925293 3
      vertex -1.200357437133789 -5.80029296875 3
    endloop
  endfacet
  facet normal 0 0 1
    outer loop
      vertex -0.861419677734375 -7.105184555053711 3
      vertex -1.0002059936523438 -6.979504585266113 3
      vertex -0.9357013702392578 -7.050199508666992 3
    endloop
  endfacet
  facet normal 0 0 1
    outer loop
      vertex 0.04067039489746094 -5.802663803100586 3
      vertex -1.200357437133789 -5.80029296875 3
      vertex -1.2044544219970703 -6 3
    endloop
  endfacet
  facet normal 0 0 1
    outer loop
      vertex -0.6835260391235352 -7.168024063110352 3
      vertex -1.0002059936523438 -6.979504585266113 3
      vertex -0.7773609161376953 -7.1444597244262695 3
    endloop
  endfacet
  facet normal 0 0 1
    outer loop
      vertex 22.795543670654297 -6 3
      vertex 24.044654846191406 -6 3
      vertex 24.04067039489746 -5.802663803100586 3
    endloop
  endfacet
  facet normal 0 0 1
    outer loop
      vertex 22.799640655517578 -5.80029296875 3
      vertex 24.04067039489746 -5.802663803100586 3
      vertex 24.028717041015625 -5.624316215515137 3
    endloop
  endfacet
  facet normal 0 0 1
    outer loop
      vertex 24.044654846191406 -6 3
      vertex 22.795543670654297 -6 3
      vertex 24.04047393798828 -6.1907806396484375 3
    endloop
  endfacet
  facet normal 0 0 1
    outer loop
      vertex 22.811931610107422 -5.62025260925293 3
      vertex 24.028717041015625 -5.624316215515137 3
      vertex 24.00879669189453 -5.464957237243652 3
    endloop
  endfacet
  facet normal 0 0 1
    outer loop
      vertex 22.799697875976562 -6.194341659545898 3
      vertex 24.04047393798828 -6.1907806396484375 3
      vertex 22.795543670654297 -6 3
    endloop
  endfacet
  facet normal 0 0 1
    outer loop
      vertex 22.832414627075195 -5.4598798751831055 3
      vertex 24.00879669189453 -5.464957237243652 3
      vertex 23.980907440185547 -5.324585914611816 3
    endloop
  endfacet
  facet normal 0 0 1
    outer loop
      vertex 24.04047393798828 -6.1907806396484375 3
      vertex 22.799697875976562 -6.194341659545898 3
      vertex 24.02792739868164 -6.364382743835449 3
    endloop
  endfacet
  facet normal 0 0 1
    outer loop
      vertex 22.86109161376953 -5.3191728591918945 3
      vertex 23.980907440185547 -5.324585914611816 3
      vertex 23.945049285888672 -5.203204154968262 3
    endloop
  endfacet
  facet normal 0 0 1
    outer loop
      vertex 22.812156677246094 -6.370486259460449 3
      vertex 24.02792739868164 -6.364382743835449 3
      vertex 22.799697875976562 -6.194341659545898 3
    endloop
  endfacet
  facet normal 0 0 1
    outer loop
      vertex 23.428245544433594 -4.822109222412109 3
      vertex 23.945049285888672 -5.203204154968262 3
      vertex 23.90122413635254 -5.100809097290039 3
    endloop
  endfacet
  facet normal 0 0 1
    outer loop
      vertex 24.02792739868164 -6.364382743835449 3
      vertex 22.812156677246094 -6.370486259460449 3
      vertex 24.00701904296875 -6.520807266235352 3
    endloop
  endfacet
  facet normal 0 0 1
    outer loop
      vertex 23.53292465209961 -4.829851150512695 3
      vertex 23.90122413635254 -5.100809097290039 3
      vertex 23.848243713378906 -5.015650749206543 3
    endloop
  endfacet
  facet normal 0 0 1
    outer loop
      vertex 22.832923889160156 -6.528434753417969 3
      vertex 24.00701904296875 -6.520807266235352 3
      vertex 22.812156677246094 -6.370486259460449 3
    endloop
  endfacet
  facet normal 0 0 1
    outer loop
      vertex 23.53292465209961 -4.829851150512695 3
      vertex 23.848243713378906 -5.015650749206543 3
      vertex 23.784923553466797 -4.945976257324219 3
    endloop
  endfacet
  facet normal 0 0 1
    outer loop
      vertex 24.00701904296875 -6.520807266235352 3
      vertex 22.832923889160156 -6.528434753417969 3
      vertex 23.97774887084961 -6.660053253173828 3
    endloop
  endfacet
  facet normal 0 0 1
    outer loop
      vertex 23.62726593017578 -4.853075981140137 3
      vertex 23.784923553466797 -4.945976257324219 3
      vertex 23.711265563964844 -4.89178466796875 3
    endloop
  endfacet
  facet normal 0 0 1
    outer loop
      vertex 22.861997604370117 -6.668186187744141 3
      vertex 23.97774887084961 -6.660053253173828 3
      vertex 22.832923889160156 -6.528434753417969 3
    endloop
  endfacet
  facet normal 0 0 1
    outer loop
      vertex 23.784923553466797 -4.945976257324219 3
      vertex 23.62726593017578 -4.853075981140137 3
      vertex 23.53292465209961 -4.829851150512695 3
    endloop
  endfacet
  facet normal 0 0 1
    outer loop
      vertex 23.97774887084961 -6.660053253173828 3
      vertex 22.861997604370117 -6.668186187744141 3
      vertex 23.940113067626953 -6.782120704650879 3
    endloop
  endfacet
  facet normal 0 0 1
    outer loop
      vertex 23.90122413635254 -5.100809097290039 3
      vertex 23.53292465209961 -4.829851150512695 3
      vertex 23.428245544433594 -4.822109222412109 3
    endloop
  endfacet
  facet normal 0 0 1
    outer loop
      vertex 22.899377822875977 -6.789741516113281 3
      vertex 23.940113067626953 -6.782120704650879 3
      vertex 22.861997604370117 -6.668186187744141 3
    endloop
  endfacet
  facet normal 0 0 1
    outer loop
      vertex 23.945049285888672 -5.203204154968262 3
      vertex 23.428245544433594 -4.822109222412109 3
      vertex 22.897960662841797 -5.198132514953613 3
    endloop
  endfacet
  facet normal 0 0 1
    outer loop
      vertex 23.940113067626953 -6.782120704650879 3
      vertex 22.899377822875977 -6.789741516113281 3
      vertex 23.894115447998047 -6.887009620666504 3
    endloop
  endfacet
  facet normal 0 0 1
    outer loop
      vertex 22.897960662841797 -5.198132514953613 3
      vertex 23.428245544433594 -4.822109222412109 3
      vertex 23.32095718383789 -4.829738616943359 3
    endloop
  endfacet
  facet normal 0 0 1
    outer loop
      vertex 22.945064544677734 -6.893099784851074 3
      vertex 23.894115447998047 -6.887009620666504 3
      vertex 22.899377822875977 -6.789741516113281 3
    endloop
  endfacet
  facet normal 0 0 1
    outer loop
      vertex 22.943023681640625 -5.096759796142578 3
      vertex 23.32095718383789 -4.829738616943359 3
      vertex 23.2242374420166 -4.852625846862793 3
    endloop
  endfacet
  facet normal 0 0 1
    outer loop
      vertex 23.420085906982422 -7.17587947845459 3
      vertex 23.894115447998047 -6.887009620666504 3
      vertex 22.945064544677734 -6.893099784851074 3
    endloop
  endfacet
  facet normal 0 0 1
    outer loop
      vertex 23.894115447998047 -6.887009620666504 3
      vertex 23.420085906982422 -7.17587947845459 3
      vertex 23.839130401611328 -6.975275039672852 3
    endloop
  endfacet
  facet normal 0 0 1
    outer loop
      vertex 22.997478485107422 -5.012838363647461 3
      vertex 23.2242374420166 -4.852625846862793 3
      vertex 23.138084411621094 -4.890771865844727 3
    endloop
  endfacet
  facet normal 0 0 1
    outer loop
      vertex 23.774538040161133 -7.047492980957031 3
      vertex 23.523109436035156 -7.167855262756348 3
      vertex 23.700336456298828 -7.103662490844727 3
    endloop
  endfacet
  facet normal 0 0 1
    outer loop
      vertex 22.997478485107422 -5.012838363647461 3
      vertex 23.138084411621094 -4.890771865844727 3
      vertex 23.062498092651367 -4.944175720214844 3
    endloop
  endfacet
  facet normal 0 0 1
    outer loop
      vertex 23.700336456298828 -7.103662490844727 3
      vertex 23.523109436035156 -7.167855262756348 3
      vertex 23.616527557373047 -7.143782615661621 3
    endloop
  endfacet
  facet normal 0 0 1
    outer loop
      vertex 23.2242374420166 -4.852625846862793 3
      vertex 22.997478485107422 -5.012838363647461 3
      vertex 22.943023681640625 -5.096759796142578 3
    endloop
  endfacet
  facet normal 0 0 1
    outer loop
      vertex 23.839130401611328 -6.975275039672852 3
      vertex 23.523109436035156 -7.167855262756348 3
      vertex 23.774538040161133 -7.047492980957031 3
    endloop
  endfacet
  facet normal 0 0 1
    outer loop
      vertex 23.32095718383789 -4.829738616943359 3
      vertex 22.943023681640625 -5.096759796142578 3
      vertex 22.897960662841797 -5.198132514953613 3
    endloop
  endfacet
  facet normal 0 0 1
    outer loop
      vertex 23.523109436035156 -7.167855262756348 3
      vertex 23.839130401611328 -6.975275039672852 3
      vertex 23.420085906982422 -7.17587947845459 3
    endloop
  endfacet
  facet normal 0 0 1
    outer loop
      vertex 23.945049285888672 -5.203204154968262 3
      vertex 22.897960662841797 -5.198132514953613 3
      vertex 22.86109161376953 -5.3191728591918945 3
    endloop
  endfacet
  facet normal 0 0 1
    outer loop
      vertex 23.420085906982422 -7.17587947845459 3
      vertex 22.945064544677734 -6.893099784851074 3
      vertex 23.31647300720215 -7.168024063110352 3
    endloop
  endfacet
  facet normal 0 0 1
    outer loop
      vertex 23.980907440185547 -5.324585914611816 3
      vertex 22.86109161376953 -5.3191728591918945 3
      vertex 22.832414627075195 -5.4598798751831055 3
    endloop
  endfacet
  facet normal 0 0 1
    outer loop
      vertex 22.999794006347656 -6.979504585266113 3
      vertex 23.31647300720215 -7.168024063110352 3
      vertex 22.945064544677734 -6.893099784851074 3
    endloop
  endfacet
  facet normal 0 0 1
    outer loop
      vertex 24.00879669189453 -5.464957237243652 3
      vertex 22.832414627075195 -5.4598798751831055 3
      vertex 22.811931610107422 -5.62025260925293 3
    endloop
  endfacet
  facet normal 0 0 1
    outer loop
      vertex 23.222637176513672 -7.1444597244262695 3
      vertex 22.999794006347656 -6.979504585266113 3
      vertex 23.138580322265625 -7.105184555053711 3
    endloop
  endfacet
  facet normal 0 0 1
    outer loop
      vertex 24.028717041015625 -5.624316215515137 3
      vertex 22.811931610107422 -5.62025260925293 3
      vertex 22.799640655517578 -5.80029296875 3
    endloop
  endfacet
  facet normal 0 0 1
    outer loop
      vertex 23.138580322265625 -7.105184555053711 3
      vertex 22.999794006347656 -6.979504585266113 3
      vertex 23.06429672241211 -7.050199508666992 3
    endloop
  endfacet
  facet normal 0 0 1
    outer loop
      vertex 24.04067039489746 -5.802663803100586 3
      vertex 22.799640655517578 -5.80029296875 3
      vertex 22.795543670654297 -6 3
    endloop
  endfacet
  facet normal 0 0 1
    outer loop
      vertex 23.31647300720215 -7.168024063110352 3
      vertex 22.999794006347656 -6.979504585266113 3
      vertex 23.222637176513672 -7.1444597244262695 3
    endloop
  endfacet
  facet normal 0 0 1
    outer loop
      vertex 27.181198120117188 -4.987166404724121 3
      vertex 27.183914184570312 -6.496379852294922 3
      vertex 27.183914184570312 -4.980779647827148 3
    endloop
  endfacet
  facet normal 0 0 1
    outer loop
      vertex 27.175769805908203 -4.998186111450195 3
      vertex 27.183914184570312 -6.496379852294922 3
      vertex 27.181198120117188 -4.987166404724121 3
    endloop
  endfacet
  facet normal 0 0 1
    outer loop
      vertex 27.167633056640625 -5.0138397216796875 3
      vertex 27.183914184570312 -6.496379852294922 3
      vertex 27.175769805908203 -4.998186111450195 3
    endloop
  endfacet
  facet normal 0 0 1
    outer loop
      vertex 27.156780242919922 -5.034126281738281 3
      vertex 27.183914184570312 -6.496379852294922 3
      vertex 27.167633056640625 -5.0138397216796875 3
    endloop
  endfacet
  facet normal 0 0 1
    outer loop
      vertex 27.143218994140625 -5.059045791625977 3
      vertex 27.183914184570312 -6.496379852294922 3
      vertex 27.156780242919922 -5.034126281738281 3
    endloop
  endfacet
  facet normal 0 0 1
    outer loop
      vertex 27.12694549560547 -5.08859920501709 3
      vertex 27.183914184570312 -6.496379852294922 3
      vertex 27.143218994140625 -5.059045791625977 3
    endloop
  endfacet
  facet normal 0 0 1
    outer loop
      vertex 27.110048294067383 -5.118887901306152 3
      vertex 27.183914184570312 -6.496379852294922 3
      vertex 27.12694549560547 -5.08859920501709 3
    endloop
  endfacet
  facet normal 0 0 1
    outer loop
      vertex 27.094621658325195 -5.146013259887695 3
      vertex 27.183914184570312 -6.496379852294922 3
      vertex 27.110048294067383 -5.118887901306152 3
    endloop
  endfacet
  facet normal 0 0 1
    outer loop
      vertex 27.08066177368164 -5.169974327087402 3
      vertex 27.183914184570312 -6.496379852294922 3
      vertex 27.094621658325195 -5.146013259887695 3
    endloop
  endfacet
  facet normal 0 0 1
    outer loop
      vertex 27.068172454833984 -5.190773010253906 3
      vertex 27.183914184570312 -6.496379852294922 3
      vertex 27.08066177368164 -5.169974327087402 3
    endloop
  endfacet
  facet normal 0 0 1
    outer loop
      vertex 27.057147979736328 -5.208407402038574 3
      vertex 27.183914184570312 -6.496379852294922 3
      vertex 27.068172454833984 -5.190773010253906 3
    endloop
  endfacet
  facet normal 0 0 1
    outer loop
      vertex 27.04759407043457 -5.222879409790039 3
      vertex 27.183914184570312 -6.496379852294922 3
      vertex 27.057147979736328 -5.208407402038574 3
    endloop
  endfacet
  facet normal 0 0 1
    outer loop
      vertex 26.313194274902344 -6.305159568786621 3
      vertex 27.183914184570312 -6.496379852294922 3
      vertex 27.04759407043457 -5.222879409790039 3
    endloop
  endfacet
  facet normal 0 0 1
    outer loop
      vertex 26.20333480834961 -6.455699920654297 3
      vertex 27.183914184570312 -6.496379852294922 3
      vertex 26.313194274902344 -6.305159568786621 3
    endloop
  endfacet
  facet normal 0 0 1
    outer loop
      vertex 27.183914184570312 -6.496379852294922 3
      vertex 26.20333480834961 -6.455699920654297 3
      vertex 26.17078399658203 -6.496379852294922 3
    endloop
  endfacet
  facet normal 0 0 -1
    outer loop
      vertex -38 -9 0
      vertex 38 9 0
      vertex 38 -9 0
    endloop
  endfacet
  facet normal 0 0 -1
    outer loop
      vertex 38 9 0
      vertex -38 -9 0
      vertex -38 9 0
    endloop
  endfacet
  facet normal -1 0 0
    outer loop
      vertex -38 9 0
      vertex -38 2 3
      vertex -38 9 3
    endloop
  endfacet
  facet normal -1 0 0
    outer loop
      vertex -38 2 3
      vertex -38 -2 3
      vertex -38 2 28
    endloop
  endfacet
  facet normal -1 0 0
    outer loop
      vertex -38 9 0
      vertex -38 -2 3
      vertex -38 2 3
    endloop
  endfacet
  facet normal -1 0 0
    outer loop
      vertex -38 -9 0
      vertex -38 -2 3
      vertex -38 9 0
    endloop
  endfacet
  facet normal -1 0 0
    outer loop
      vertex -38 -2 3
      vertex -38 -9 0
      vertex -38 -9 3
    endloop
  endfacet
  facet normal -1 0 0
    outer loop
      vertex -38 2 28
      vertex -38 -2 3
      vertex -38 -2 28
    endloop
  endfacet
  facet normal 0 1 0
    outer loop
      vertex 38 9 0
      vertex -38 9 3
      vertex 38 9 3
    endloop
  endfacet
  facet normal 0 1 0
    outer loop
      vertex -38 9 3
      vertex 38 9 0
      vertex -38 9 0
    endloop
  endfacet
  facet normal 0 -1 0
    outer loop
      vertex -38 -9 0
      vertex 38 -9 3
      vertex -38 -9 3
    endloop
  endfacet
  facet normal 0 -1 0
    outer loop
      vertex 38 -9 3
      vertex -38 -9 0
      vertex 38 -9 0
    endloop
  endfacet
  facet normal 0 0 1
    outer loop
      vertex -38 2 28
      vertex 38 -2 28
      vertex 38 2 28
    endloop
  endfacet
  facet normal 0 0 1
    outer loop
      vertex 38 -2 28
      vertex -38 2 28
      vertex -38 -2 28
    endloop
  endfacet
  facet normal 0 1 0
    outer loop
      vertex -5.09999942779541 2 19.099998474121094
      vertex -19 2 11
      vertex -19 2 19
    endloop
  endfacet
  facet normal 0 1 0
    outer loop
      vertex -38 2 3
      vertex -19 2 11
      vertex -5.09999942779541 2 10.899999618530273
    endloop
  endfacet
  facet normal 0 1 0
    outer loop
      vertex -5.09999942779541 2 10.899999618530273
      vertex -19 2 11
      vertex -5.09999942779541 2 19.099998474121094
    endloop
  endfacet
  facet normal 0 1 0
    outer loop
      vertex 18.799999237060547 2 19.200000762939453
      vertex 5.09999942779541 2 10.899999618530273
      vertex 5.09999942779541 2 19.099998474121094
    endloop
  endfacet
  facet normal 0 1 0
    outer loop
      vertex 38 2 3
      vertex 5.09999942779541 2 10.899999618530273
      vertex 18.799999237060547 2 10.799999237060547
    endloop
  endfacet
  facet normal 0 1 0
    outer loop
      vertex 18.799999237060547 2 10.799999237060547
      vertex 5.09999942779541 2 10.899999618530273
      vertex 18.799999237060547 2 19.200000762939453
    endloop
  endfacet
  facet normal 0 1 0
    outer loop
      vertex 18.799999237060547 2 19.200000762939453
      vertex 38 2 28
      vertex 29.200000762939453 2 19.200000762939453
    endloop
  endfacet
  facet normal 0 1 0
    outer loop
      vertex 38 2 3
      vertex 29.200000762939453 2 19.200000762939453
      vertex 38 2 28
    endloop
  endfacet
  facet normal 0 1 0
    outer loop
      vertex 29.200000762939453 2 10.799999237060547
      vertex 38 2 3
      vertex 18.799999237060547 2 10.799999237060547
    endloop
  endfacet
  facet normal 0 1 0
    outer loop
      vertex 29.200000762939453 2 19.200000762939453
      vertex 38 2 3
      vertex 29.200000762939453 2 10.799999237060547
    endloop
  endfacet
  facet normal 0 1 0
    outer loop
      vertex 5.09999942779541 2 19.099998474121094
      vertex 38 2 28
      vertex 18.799999237060547 2 19.200000762939453
    endloop
  endfacet
  facet normal 0 1 0
    outer loop
      vertex 38 2 28
      vertex 5.09999942779541 2 19.099998474121094
      vertex -38 2 28
    endloop
  endfacet
  facet normal 0 1 0
    outer loop
      vertex -5.09999942779541 2 19.099998474121094
      vertex -38 2 28
      vertex 5.09999942779541 2 19.099998474121094
    endloop
  endfacet
  facet normal 0 1 0
    outer loop
      vertex -19 2 19
      vertex -38 2 28
      vertex -5.09999942779541 2 19.099998474121094
    endloop
  endfacet
  facet normal 0 1 0
    outer loop
      vertex -29 2 19
      vertex -38 2 28
      vertex -19 2 19
    endloop
  endfacet
  facet normal 0 1 0
    outer loop
      vertex -38 2 3
      vertex -29 2 19
      vertex -29 2 11
    endloop
  endfacet
  facet normal 0 1 0
    outer loop
      vertex 5.09999942779541 2 10.899999618530273
      vertex 38 2 3
      vertex -5.09999942779541 2 10.899999618530273
    endloop
  endfacet
  facet normal 0 1 0
    outer loop
      vertex -5.09999942779541 2 10.899999618530273
      vertex 38 2 3
      vertex -38 2 3
    endloop
  endfacet
  facet normal 0 1 0
    outer loop
      vertex -29 2 19
      vertex -38 2 3
      vertex -38 2 28
    endloop
  endfacet
  facet normal 0 1 0
    outer loop
      vertex -19 2 11
      vertex -38 2 3
      vertex -29 2 11
    endloop
  endfacet
  facet normal 0 -1 0
    outer loop
      vertex 5.09999942779541 -2 19.099998474121094
      vertex 38 -2 28
      vertex -38 -2 28
    endloop
  endfacet
  facet normal 0 -1 0
    outer loop
      vertex 5.09999942779541 -2 19.099998474121094
      vertex -38 -2 28
      vertex -5.09999942779541 -2 19.099998474121094
    endloop
  endfacet
  facet normal 0 -1 0
    outer loop
      vertex -19 -2 19
      vertex -38 -2 28
      vertex -29 -2 19
    endloop
  endfacet
  facet normal 0 -1 0
    outer loop
      vertex -38 -2 3
      vertex -29 -2 19
      vertex -38 -2 28
    endloop
  endfacet
  facet normal 0 -1 0
    outer loop
      vertex -38 -2 3
      vertex -19 -2 11
      vertex -29 -2 11
    endloop
  endfacet
  facet normal 0 -1 0
    outer loop
      vertex 38 -2 3
      vertex 5.09999942779541 -2 10.899999618530273
      vertex -5.09999942779541 -2 10.899999618530273
    endloop
  endfacet
  facet normal 0 -1 0
    outer loop
      vertex -19 -2 11
      vertex -38 -2 3
      vertex -5.09999942779541 -2 10.899999618530273
    endloop
  endfacet
  facet normal 0 -1 0
    outer loop
      vertex 5.09999942779541 -2 10.899999618530273
      vertex 38 -2 3
      vertex 18.799999237060547 -2 10.799999237060547
    endloop
  endfacet
  facet normal 0 -1 0
    outer loop
      vertex 38 -2 3
      vertex -5.09999942779541 -2 10.899999618530273
      vertex -38 -2 3
    endloop
  endfacet
  facet normal 0 -1 0
    outer loop
      vertex -29 -2 19
      vertex -38 -2 3
      vertex -29 -2 11
    endloop
  endfacet
  facet normal 0 -1 0
    outer loop
      vertex 29.200000762939453 -2 19.200000762939453
      vertex 38 -2 28
      vertex 18.799999237060547 -2 19.200000762939453
    endloop
  endfacet
  facet normal 0 -1 0
    outer loop
      vertex 38 -2 3
      vertex 29.200000762939453 -2 19.200000762939453
      vertex 29.200000762939453 -2 10.799999237060547
    endloop
  endfacet
  facet normal 0 -1 0
    outer loop
      vertex 29.200000762939453 -2 19.200000762939453
      vertex 38 -2 3
      vertex 38 -2 28
    endloop
  endfacet
  facet normal 0 -1 0
    outer loop
      vertex 18.799999237060547 -2 10.799999237060547
      vertex 38 -2 3
      vertex 29.200000762939453 -2 10.799999237060547
    endloop
  endfacet
  facet normal 0 -1 0
    outer loop
      vertex 38 -2 28
      vertex 5.09999942779541 -2 19.099998474121094
      vertex 18.799999237060547 -2 19.200000762939453
    endloop
  endfacet
  facet normal 0 -1 0
    outer loop
      vertex 5.09999942779541 -2 10.899999618530273
      vertex 18.799999237060547 -2 19.200000762939453
      vertex 5.09999942779541 -2 19.099998474121094
    endloop
  endfacet
  facet normal 0 -1 0
    outer loop
      vertex 18.799999237060547 -2 19.200000762939453
      vertex 5.09999942779541 -2 10.899999618530273
      vertex 18.799999237060547 -2 10.799999237060547
    endloop
  endfacet
  facet normal 0 -1 0
    outer loop
      vertex -38 -2 28
      vertex -19 -2 19
      vertex -5.09999942779541 -2 19.099998474121094
    endloop
  endfacet
  facet normal 0 -1 0
    outer loop
      vertex -19 -2 11
      vertex -5.09999942779541 -2 19.099998474121094
      vertex -19 -2 19
    endloop
  endfacet
  facet normal 0 -1 0
    outer loop
      vertex -5.09999942779541 -2 19.099998474121094
      vertex -19 -2 11
      vertex -5.09999942779541 -2 10.899999618530273
    endloop
  endfacet
  facet normal -1 0 0
    outer loop
      vertex -19 -2 11
      vertex -19 2 19
      vertex -19 2 11
    endloop
  endfacet
  facet normal -1 0 0
    outer loop
      vertex -19 2 19
      vertex -19 -2 11
      vertex -19 -2 19
    endloop
  endfacet
  facet normal 0 0 -1
    outer loop
      vertex -29 -2 19
      vertex -19 2 19
      vertex -19 -2 19
    endloop
  endfacet
  facet normal 0 0 -1
    outer loop
      vertex -19 2 19
      vertex -29 -2 19
      vertex -29 2 19
    endloop
  endfacet
  facet normal 0 0 1
    outer loop
      vertex -29 2 11
      vertex -19 -2 11
      vertex -19 2 11
    endloop
  endfacet
  facet normal 0 0 1
    outer loop
      vertex -19 -2 11
      vertex -29 2 11
      vertex -29 -2 11
    endloop
  endfacet
  facet normal 1 0 0
    outer loop
      vertex -29 -2 19
      vertex -29 2 11
      vertex -29 2 19
    endloop
  endfacet
  facet normal 1 0 0
    outer loop
      vertex -29 2 11
      vertex -29 -2 19
      vertex -29 -2 11
    endloop
  endfacet
  facet normal -0.21293279789140032 0.9770668470386968 0
    outer loop
      vertex -22.543725967407227 -7.4328765869140625 2.719999313354492
      vertex -22.68841552734375 -7.464408874511719 3
      vertex -22.543725967407227 -7.4328765869140625 3
    endloop
  endfacet
  facet normal -0.21293279789140032 0.9770668470386968 0
    outer loop
      vertex -22.68841552734375 -7.464408874511719 3
      vertex -22.543725967407227 -7.4328765869140625 2.719999313354492
      vertex -22.68841552734375 -7.464408874511719 2.719999313354492
    endloop
  endfacet
  facet normal -0.3716080824191737 0.9283896989307586 0
    outer loop
      vertex -22.412429809570312 -7.380322456359863 2.719999313354492
      vertex -22.543725967407227 -7.4328765869140625 3
      vertex -22.412429809570312 -7.380322456359863 3
    endloop
  endfacet
  facet normal -0.3716080824191737 0.9283896989307586 0
    outer loop
      vertex -22.543725967407227 -7.4328765869140625 3
      vertex -22.412429809570312 -7.380322456359863 2.719999313354492
      vertex -22.543725967407227 -7.4328765869140625 2.719999313354492
    endloop
  endfacet
  facet normal -0.5294066703917056 0.8483681850144829 0
    outer loop
      vertex -22.294525146484375 -7.306746482849121 2.719999313354492
      vertex -22.412429809570312 -7.380322456359863 3
      vertex -22.294525146484375 -7.306746482849121 3
    endloop
  endfacet
  facet normal -0.5294066703917056 0.8483681850144829 0
    outer loop
      vertex -22.412429809570312 -7.380322456359863 3
      vertex -22.294525146484375 -7.306746482849121 2.719999313354492
      vertex -22.412429809570312 -7.380322456359863 2.719999313354492
    endloop
  endfacet
  facet normal -0.6710761065964702 0.7413884671043398 0
    outer loop
      vertex -22.19001579284668 -7.212148666381836 2.719999313354492
      vertex -22.294525146484375 -7.306746482849121 3
      vertex -22.19001579284668 -7.212148666381836 3
    endloop
  endfacet
  facet normal -0.6710761065964702 0.7413884671043398 0
    outer loop
      vertex -22.294525146484375 -7.306746482849121 3
      vertex -22.19001579284668 -7.212148666381836 2.719999313354492
      vertex -22.294525146484375 -7.306746482849121 2.719999313354492
    endloop
  endfacet
  facet normal -0.7854176101387359 0.6189662169165266 0
    outer loop
      vertex -22.19001579284668 -7.212148666381836 2.719999313354492
      vertex -22.098899841308594 -7.096529960632324 3
      vertex -22.098899841308594 -7.096529960632324 2.719999313354492
    endloop
  endfacet
  facet normal -0.7854176101387359 0.6189662169165266 0
    outer loop
      vertex -22.098899841308594 -7.096529960632324 3
      vertex -22.19001579284668 -7.212148666381836 2.719999313354492
      vertex -22.19001579284668 -7.212148666381836 3
    endloop
  endfacet
  facet normal -0.8684438293836823 0.4957875706443293 0
    outer loop
      vertex -22.098899841308594 -7.096529960632324 2.719999313354492
      vertex -22.02150535583496 -6.960962295532227 3
      vertex -22.02150535583496 -6.960962295532227 2.719999313354492
    endloop
  endfacet
  facet normal -0.8684438293836823 0.4957875706443293 0
    outer loop
      vertex -22.02150535583496 -6.960962295532227 3
      vertex -22.098899841308594 -7.096529960632324 2.719999313354492
      vertex -22.098899841308594 -7.096529960632324 3
    endloop
  endfacet
  facet normal -0.9252508022478253 0.3793559712720436 0
    outer loop
      vertex -22.02150535583496 -6.960962295532227 2.719999313354492
      vertex -21.95818328857422 -6.806519508361816 3
      vertex -21.95818328857422 -6.806519508361816 2.719999313354492
    endloop
  endfacet
  facet normal -0.9252508022478253 0.3793559712720436 0
    outer loop
      vertex -21.95818328857422 -6.806519508361816 3
      vertex -22.02150535583496 -6.960962295532227 2.719999313354492
      vertex -22.02150535583496 -6.960962295532227 3
    endloop
  endfacet
  facet normal -0.9619156386287258 0.2733464910356279 0
    outer loop
      vertex -21.95818328857422 -6.806519508361816 2.719999313354492
      vertex -21.908931732177734 -6.633201599121094 3
      vertex -21.908931732177734 -6.633201599121094 2.719999313354492
    endloop
  endfacet
  facet normal -0.9619156386287258 0.2733464910356279 0
    outer loop
      vertex -21.908931732177734 -6.633201599121094 3
      vertex -21.95818328857422 -6.806519508361816 2.719999313354492
      vertex -21.95818328857422 -6.806519508361816 3
    endloop
  endfacet
  facet normal -0.9836574243129594 0.1800501918743621 0
    outer loop
      vertex -21.908931732177734 -6.633201599121094 2.719999313354492
      vertex -21.87375259399414 -6.441009521484375 3
      vertex -21.87375259399414 -6.441009521484375 2.719999313354492
    endloop
  endfacet
  facet normal -0.9836574243129594 0.1800501918743621 0
    outer loop
      vertex -21.87375259399414 -6.441009521484375 3
      vertex -21.908931732177734 -6.633201599121094 2.719999313354492
      vertex -21.908931732177734 -6.633201599121094 3
    endloop
  endfacet
  facet normal -0.9950371902099892 0.09950371902099892 0
    outer loop
      vertex -21.87375259399414 -6.441009521484375 2.719999313354492
      vertex -21.852645874023438 -6.229942321777344 3
      vertex -21.852645874023438 -6.229942321777344 2.719999313354492
    endloop
  endfacet
  facet normal -0.9950371902099892 0.09950371902099892 0
    outer loop
      vertex -21.852645874023438 -6.229942321777344 3
      vertex -21.87375259399414 -6.441009521484375 2.719999313354492
      vertex -21.87375259399414 -6.441009521484375 3
    endloop
  endfacet
  facet normal -0.9995321519795813 0.03058557109270941 0
    outer loop
      vertex -21.852645874023438 -6.229942321777344 2.719999313354492
      vertex -21.845609664916992 -6 3
      vertex -21.845609664916992 -6 2.719999313354492
    endloop
  endfacet
  facet normal -0.9995321519795813 0.03058557109270941 0
    outer loop
      vertex -21.845609664916992 -6 3
      vertex -21.852645874023438 -6.229942321777344 2.719999313354492
      vertex -21.852645874023438 -6.229942321777344 3
    endloop
  endfacet
  facet normal -0.9995890037839505 -0.028667464384024656 0
    outer loop
      vertex -21.845609664916992 -6 2.719999313354492
      vertex -21.852306365966797 -5.766496658325195 3
      vertex -21.852306365966797 -5.766496658325195 2.719999313354492
    endloop
  endfacet
  facet normal -0.9995890037839505 -0.028667464384024656 0
    outer loop
      vertex -21.852306365966797 -5.766496658325195 3
      vertex -21.845609664916992 -6 2.719999313354492
      vertex -21.845609664916992 -6 3
    endloop
  endfacet
  facet normal -0.9956064151812226 -0.09363688402544629 0
    outer loop
      vertex -21.852306365966797 -5.766496658325195 2.719999313354492
      vertex -21.87239646911621 -5.552886009216309 3
      vertex -21.87239646911621 -5.552886009216309 2.719999313354492
    endloop
  endfacet
  facet normal -0.9956064151812226 -0.09363688402544629 0
    outer loop
      vertex -21.87239646911621 -5.552886009216309 3
      vertex -21.852306365966797 -5.766496658325195 2.719999313354492
      vertex -21.852306365966797 -5.766496658325195 3
    endloop
  endfacet
  facet normal -0.9853883255463153 -0.17032277556753508 0
    outer loop
      vertex -21.87239646911621 -5.552886009216309 2.719999313354492
      vertex -21.905879974365234 -5.359169960021973 3
      vertex -21.905879974365234 -5.359169960021973 2.719999313354492
    endloop
  endfacet
  facet normal -0.9853883255463153 -0.17032277556753508 0
    outer loop
      vertex -21.905879974365234 -5.359169960021973 3
      vertex -21.87239646911621 -5.552886009216309 2.719999313354492
      vertex -21.87239646911621 -5.552886009216309 3
    endloop
  endfacet
  facet normal -0.9655091411317058 -0.26036915791067833 0
    outer loop
      vertex -21.905879974365234 -5.359169960021973 2.719999313354492
      vertex -21.952754974365234 -5.185346603393555 3
      vertex -21.952754974365234 -5.185346603393555 2.719999313354492
    endloop
  endfacet
  facet normal -0.9655091411317058 -0.26036915791067833 0
    outer loop
      vertex -21.952754974365234 -5.185346603393555 3
      vertex -21.905879974365234 -5.359169960021973 2.719999313354492
      vertex -21.905879974365234 -5.359169960021973 3
    endloop
  endfacet
  facet normal -0.9311637697286372 -0.3646011984960465 0
    outer loop
      vertex -21.952754974365234 -5.185346603393555 2.719999313354492
      vertex -22.01302719116211 -5.031415939331055 3
      vertex -22.01302719116211 -5.031415939331055 2.719999313354492
    endloop
  endfacet
  facet normal -0.9311637697286372 -0.3646011984960465 0
    outer loop
      vertex -22.01302719116211 -5.031415939331055 3
      vertex -21.952754974365234 -5.185346603393555 2.719999313354492
      vertex -21.952754974365234 -5.185346603393555 3
    endloop
  endfacet
  facet normal -0.8763760794215569 -0.48162741555864624 0
    outer loop
      vertex -22.01302719116211 -5.031415939331055 2.719999313354492
      vertex -22.086688995361328 -4.8973798751831055 3
      vertex -22.086688995361328 -4.8973798751831055 2.719999313354492
    endloop
  endfacet
  facet normal -0.8763760794215569 -0.48162741555864624 0
    outer loop
      vertex -22.086688995361328 -4.8973798751831055 3
      vertex -22.01302719116211 -5.031415939331055 2.719999313354492
      vertex -22.01302719116211 -5.031415939331055 3
    endloop
  endfacet
  facet normal -0.7918845243151835 -0.6106708607344185 0
    outer loop
      vertex -22.086688995361328 -4.8973798751831055 2.719999313354492
      vertex -22.174415588378906 -4.783620834350586 3
      vertex -22.174415588378906 -4.783620834350586 2.719999313354492
    endloop
  endfacet
  facet normal -0.7918845243151835 -0.6106708607344185 0
    outer loop
      vertex -22.174415588378906 -4.783620834350586 3
      vertex -22.086688995361328 -4.8973798751831055 2.719999313354492
      vertex -22.086688995361328 -4.8973798751831055 3
    endloop
  endfacet
  facet normal -0.6723421779249474 -0.7402404986105112 0
    outer loop
      vertex -22.27688980102539 -4.690546035766602 2.719999313354492
      vertex -22.174415588378906 -4.783620834350586 3
      vertex -22.27688980102539 -4.690546035766602 3
    endloop
  endfacet
  facet normal -0.6723421779249474 -0.7402404986105112 0
    outer loop
      vertex -22.174415588378906 -4.783620834350586 3
      vertex -22.27688980102539 -4.690546035766602 2.719999313354492
      vertex -22.174415588378906 -4.783620834350586 2.719999313354492
    endloop
  endfacet
  facet normal -0.5254268589550388 -0.8508387719707193 0
    outer loop
      vertex -22.394115447998047 -4.618154525756836 2.719999313354492
      vertex -22.27688980102539 -4.690546035766602 3
      vertex -22.394115447998047 -4.618154525756836 3
    endloop
  endfacet
  facet normal -0.5254268589550388 -0.8508387719707193 0
    outer loop
      vertex -22.27688980102539 -4.690546035766602 3
      vertex -22.394115447998047 -4.618154525756836 2.719999313354492
      vertex -22.27688980102539 -4.690546035766602 2.719999313354492
    endloop
  endfacet
  facet normal -0.3648062301029383 -0.9310834626810219 0
    outer loop
      vertex -22.52608871459961 -4.566446304321289 2.719999313354492
      vertex -22.394115447998047 -4.618154525756836 3
      vertex -22.52608871459961 -4.566446304321289 3
    endloop
  endfacet
  facet normal -0.3648062301029383 -0.9310834626810219 0
    outer loop
      vertex -22.394115447998047 -4.618154525756836 3
      vertex -22.52608871459961 -4.566446304321289 2.719999313354492
      vertex -22.394115447998047 -4.618154525756836 2.719999313354492
    endloop
  endfacet
  facet normal -0.2068757165690537 -0.9783672305908659 0
    outer loop
      vertex -22.672813415527344 -4.535421371459961 2.719999313354492
      vertex -22.52608871459961 -4.566446304321289 3
      vertex -22.672813415527344 -4.535421371459961 3
    endloop
  endfacet
  facet normal -0.2068757165690537 -0.9783672305908659 0
    outer loop
      vertex -22.52608871459961 -4.566446304321289 3
      vertex -22.672813415527344 -4.535421371459961 2.719999313354492
      vertex -22.52608871459961 -4.566446304321289 2.719999313354492
    endloop
  endfacet
  facet normal -0.06391347055945043 -0.9979554440359781 0
    outer loop
      vertex -22.83428955078125 -4.525079727172852 2.719999313354492
      vertex -22.672813415527344 -4.535421371459961 3
      vertex -22.83428955078125 -4.525079727172852 3
    endloop
  endfacet
  facet normal -0.06391347055945043 -0.9979554440359781 0
    outer loop
      vertex -22.672813415527344 -4.535421371459961 3
      vertex -22.83428955078125 -4.525079727172852 2.719999313354492
      vertex -22.672813415527344 -4.535421371459961 2.719999313354492
    endloop
  endfacet
  facet normal 0.06156206112509671 -0.9981032574989572 0
    outer loop
      vertex -23.000118255615234 -4.535307884216309 2.719999313354492
      vertex -22.83428955078125 -4.525079727172852 3
      vertex -23.000118255615234 -4.535307884216309 3
    endloop
  endfacet
  facet normal 0.06156206112509671 -0.9981032574989572 0
    outer loop
      vertex -22.83428955078125 -4.525079727172852 3
      vertex -23.000118255615234 -4.535307884216309 2.719999313354492
      vertex -22.83428955078125 -4.525079727172852 2.719999313354492
    endloop
  endfacet
  facet normal 0.20004576482906186 -0.9797865542933092 0
    outer loop
      vertex -23.150409698486328 -4.565993309020996 2.719999313354492
      vertex -23.000118255615234 -4.535307884216309 3
      vertex -23.150409698486328 -4.565993309020996 3
    endloop
  endfacet
  facet normal 0.20004576482906186 -0.9797865542933092 0
    outer loop
      vertex -23.000118255615234 -4.535307884216309 3
      vertex -23.150409698486328 -4.565993309020996 2.719999313354492
      vertex -23.000118255615234 -4.535307884216309 2.719999313354492
    endloop
  endfacet
  facet normal 0.35482756561390844 -0.9349317615101689 0
    outer loop
      vertex -23.285160064697266 -4.617134094238281 2.719999313354492
      vertex -23.150409698486328 -4.565993309020996 3
      vertex -23.285160064697266 -4.617134094238281 3
    endloop
  endfacet
  facet normal 0.35482756561390844 -0.9349317615101689 0
    outer loop
      vertex -23.150409698486328 -4.565993309020996 3
      vertex -23.285160064697266 -4.617134094238281 2.719999313354492
      vertex -23.150409698486328 -4.565993309020996 2.719999313354492
    endloop
  endfacet
  facet normal 0.5148839909720524 -0.8572598648255331 0
    outer loop
      vertex -23.404369354248047 -4.688733100891113 2.719999313354492
      vertex -23.285160064697266 -4.617134094238281 3
      vertex -23.404369354248047 -4.688733100891113 3
    endloop
  endfacet
  facet normal 0.5148839909720524 -0.8572598648255331 0
    outer loop
      vertex -23.285160064697266 -4.617134094238281 3
      vertex -23.404369354248047 -4.688733100891113 2.719999313354492
      vertex -23.285160064697266 -4.617134094238281 2.719999313354492
    endloop
  endfacet
  facet normal 0.6639735124395257 -0.7477560931070498 0
    outer loop
      vertex -23.508039474487305 -4.780787467956543 2.719999313354492
      vertex -23.404369354248047 -4.688733100891113 3
      vertex -23.508039474487305 -4.780787467956543 3
    endloop
  endfacet
  facet normal 0.6639735124395257 -0.7477560931070498 0
    outer loop
      vertex -23.404369354248047 -4.688733100891113 3
      vertex -23.508039474487305 -4.780787467956543 2.719999313354492
      vertex -23.404369354248047 -4.688733100891113 2.719999313354492
    endloop
  endfacet
  facet normal 0.7872452758681293 -0.6166399886670608 0
    outer loop
      vertex -23.596168518066406 -4.893299102783203 3
      vertex -23.508039474487305 -4.780787467956543 2.719999313354492
      vertex -23.508039474487305 -4.780787467956543 3
    endloop
  endfacet
  facet normal 0.7872452758681293 -0.6166399886670608 0
    outer loop
      vertex -23.508039474487305 -4.780787467956543 2.719999313354492
      vertex -23.596168518066406 -4.893299102783203 3
      vertex -23.596168518066406 -4.893299102783203 2.719999313354492
    endloop
  endfacet
  facet normal 0.8748188360506512 -0.4844502080616581 0
    outer loop
      vertex -23.66983413696289 -5.026324272155762 3
      vertex -23.596168518066406 -4.893299102783203 2.719999313354492
      vertex -23.596168518066406 -4.893299102783203 3
    endloop
  endfacet
  facet normal 0.8748188360506512 -0.4844502080616581 0
    outer loop
      vertex -23.596168518066406 -4.893299102783203 2.719999313354492
      vertex -23.66983413696289 -5.026324272155762 3
      vertex -23.66983413696289 -5.026324272155762 2.719999313354492
    endloop
  endfacet
  facet normal 0.9309009160191659 -0.36527179545466926 0
    outer loop
      vertex -23.7301025390625 -5.179919242858887 3
      vertex -23.66983413696289 -5.026324272155762 2.719999313354492
      vertex -23.66983413696289 -5.026324272155762 3
    endloop
  endfacet
  facet normal 0.9309009160191659 -0.36527179545466926 0
    outer loop
      vertex -23.66983413696289 -5.026324272155762 2.719999313354492
      vertex -23.7301025390625 -5.179919242858887 3
      vertex -23.7301025390625 -5.179919242858887 2.719999313354492
    endloop
  endfacet
  facet normal 0.9656350534137211 -0.25990179610514413 0
    outer loop
      vertex -23.776979446411133 -5.3540849685668945 3
      vertex -23.7301025390625 -5.179919242858887 2.719999313354492
      vertex -23.7301025390625 -5.179919242858887 3
    endloop
  endfacet
  facet normal 0.9656350534137211 -0.25990179610514413 0
    outer loop
      vertex -23.7301025390625 -5.179919242858887 2.719999313354492
      vertex -23.776979446411133 -5.3540849685668945 3
      vertex -23.776979446411133 -5.3540849685668945 2.719999313354492
    endloop
  endfacet
  facet normal 0.9855374821554541 -0.16945757954924237 0
    outer loop
      vertex -23.810462951660156 -5.548819541931152 3
      vertex -23.776979446411133 -5.3540849685668945 2.719999313354492
      vertex -23.776979446411133 -5.3540849685668945 3
    endloop
  endfacet
  facet normal 0.9855374821554541 -0.16945757954924237 0
    outer loop
      vertex -23.776979446411133 -5.3540849685668945 2.719999313354492
      vertex -23.810462951660156 -5.548819541931152 3
      vertex -23.810462951660156 -5.548819541931152 2.719999313354492
    endloop
  endfacet
  facet normal 0.9956748609433365 -0.0929062499806538 0
    outer loop
      vertex -23.83055305480957 -5.764124870300293 3
      vertex -23.810462951660156 -5.548819541931152 2.719999313354492
      vertex -23.810462951660156 -5.548819541931152 3
    endloop
  endfacet
  facet normal 0.9956748609433365 -0.0929062499806538 0
    outer loop
      vertex -23.810462951660156 -5.548819541931152 2.719999313354492
      vertex -23.83055305480957 -5.764124870300293 3
      vertex -23.83055305480957 -5.764124870300293 2.719999313354492
    endloop
  endfacet
  facet normal 0.9995972226164214 -0.028379438640264383 0
    outer loop
      vertex -23.837249755859375 -6 3
      vertex -23.83055305480957 -5.764124870300293 2.719999313354492
      vertex -23.83055305480957 -5.764124870300293 3
    endloop
  endfacet
  facet normal 0.9995972226164214 -0.028379438640264383 0
    outer loop
      vertex -23.83055305480957 -5.764124870300293 2.719999313354492
      vertex -23.837249755859375 -6 3
      vertex -23.837249755859375 -6 2.719999313354492
    endloop
  endfacet
  facet normal 0.9995555750867267 0.02981027193843373 0
    outer loop
      vertex -23.83035659790039 -6.231131553649902 3
      vertex -23.837249755859375 -6 2.719999313354492
      vertex -23.837249755859375 -6 3
    endloop
  endfacet
  facet normal 0.9995555750867267 0.02981027193843373 0
    outer loop
      vertex -23.837249755859375 -6 2.719999313354492
      vertex -23.83035659790039 -6.231131553649902 3
      vertex -23.83035659790039 -6.231131553649902 2.719999313354492
    endloop
  endfacet
  facet normal 0.9952708325434865 0.09713892056326001 0
    outer loop
      vertex -23.809673309326172 -6.443049430847168 3
      vertex -23.83035659790039 -6.231131553649902 2.719999313354492
      vertex -23.83035659790039 -6.231131553649902 3
    endloop
  endfacet
  facet normal 0.9952708325434865 0.09713892056326001 0
    outer loop
      vertex -23.83035659790039 -6.231131553649902 2.719999313354492
      vertex -23.809673309326172 -6.443049430847168 3
      vertex -23.809673309326172 -6.443049430847168 2.719999313354492
    endloop
  endfacet
  facet normal 0.9843741470382955 0.1760895756216934 0
    outer loop
      vertex -23.77520179748535 -6.635751724243164 3
      vertex -23.809673309326172 -6.443049430847168 2.719999313354492
      vertex -23.809673309326172 -6.443049430847168 3
    endloop
  endfacet
  facet normal 0.9843741470382955 0.1760895756216934 0
    outer loop
      vertex -23.809673309326172 -6.443049430847168 2.719999313354492
      vertex -23.77520179748535 -6.635751724243164 3
      vertex -23.77520179748535 -6.635751724243164 2.719999313354492
    endloop
  endfacet
  facet normal 0.9634221710124468 0.2679882840753749 0
    outer loop
      vertex -23.726943969726562 -6.809239387512207 3
      vertex -23.77520179748535 -6.635751724243164 2.719999313354492
      vertex -23.77520179748535 -6.635751724243164 3
    endloop
  endfacet
  facet normal 0.9634221710124468 0.2679882840753749 0
    outer loop
      vertex -23.77520179748535 -6.635751724243164 2.719999313354492
      vertex -23.726943969726562 -6.809239387512207 3
      vertex -23.726943969726562 -6.809239387512207 2.719999313354492
    endloop
  endfacet
  facet normal 0.9277685909601159 0.3731560553279036 0
    outer loop
      vertex -23.664894104003906 -6.963512420654297 3
      vertex -23.726943969726562 -6.809239387512207 2.719999313354492
      vertex -23.726943969726562 -6.809239387512207 3
    endloop
  endfacet
  facet normal 0.9277685909601159 0.3731560553279036 0
    outer loop
      vertex -23.726943969726562 -6.809239387512207 2.719999313354492
      vertex -23.664894104003906 -6.963512420654297 3
      vertex -23.664894104003906 -6.963512420654297 2.719999313354492
    endloop
  endfacet
  facet normal 0.8719492011324868 0.48959635481120395 0
    outer loop
      vertex -23.589059829711914 -7.098569869995117 3
      vertex -23.664894104003906 -6.963512420654297 2.719999313354492
      vertex -23.664894104003906 -6.963512420654297 3
    endloop
  endfacet
  facet normal 0.8719492011324868 0.48959635481120395 0
    outer loop
      vertex -23.664894104003906 -6.963512420654297 2.719999313354492
      vertex -23.589059829711914 -7.098569869995117 3
      vertex -23.589059829711914 -7.098569869995117 2.719999313354492
    endloop
  endfacet
  facet normal 0.7889271580145449 0.6144867283734393 0
    outer loop
      vertex -23.49949073791504 -7.213565826416016 3
      vertex -23.589059829711914 -7.098569869995117 2.719999313354492
      vertex -23.589059829711914 -7.098569869995117 3
    endloop
  endfacet
  facet normal 0.7889271580145449 0.6144867283734393 0
    outer loop
      vertex -23.589059829711914 -7.098569869995117 2.719999313354492
      vertex -23.49949073791504 -7.213565826416016 3
      vertex -23.49949073791504 -7.213565826416016 2.719999313354492
    endloop
  endfacet
  facet normal 0.6735650179380439 0.7391279771528897 0
    outer loop
      vertex -23.3962459564209 -7.307652473449707 2.719999313354492
      vertex -23.49949073791504 -7.213565826416016 3
      vertex -23.3962459564209 -7.307652473449707 3
    endloop
  endfacet
  facet normal 0.6735650179380439 0.7391279771528897 0
    outer loop
      vertex -23.49949073791504 -7.213565826416016 3
      vertex -23.3962459564209 -7.307652473449707 2.719999313354492
      vertex -23.49949073791504 -7.213565826416016 2.719999313354492
    endloop
  endfacet
  facet normal 0.5305345483452344 0.847663313475414 0
    outer loop
      vertex -23.27932357788086 -7.380831718444824 2.719999313354492
      vertex -23.3962459564209 -7.307652473449707 3
      vertex -23.27932357788086 -7.380831718444824 3
    endloop
  endfacet
  facet normal 0.5305345483452344 0.847663313475414 0
    outer loop
      vertex -23.3962459564209 -7.307652473449707 3
      vertex -23.27932357788086 -7.380831718444824 2.719999313354492
      vertex -23.3962459564209 -7.307652473449707 2.719999313354492
    endloop
  endfacet
  facet normal 0.37158937999699654 0.9283971847616986 0
    outer loop
      vertex -23.148727416992188 -7.433102607727051 2.719999313354492
      vertex -23.27932357788086 -7.380831718444824 3
      vertex -23.148727416992188 -7.433102607727051 3
    endloop
  endfacet
  facet normal 0.37158937999699654 0.9283971847616986 0
    outer loop
      vertex -23.27932357788086 -7.380831718444824 3
      vertex -23.148727416992188 -7.433102607727051 2.719999313354492
      vertex -23.27932357788086 -7.380831718444824 2.719999313354492
    endloop
  endfacet
  facet normal 0.21241838146422473 0.9771788123041347 0
    outer loop
      vertex -23.004451751708984 -7.464465141296387 2.719999313354492
      vertex -23.148727416992188 -7.433102607727051 3
      vertex -23.004451751708984 -7.464465141296387 3
    endloop
  endfacet
  facet normal 0.21241838146422473 0.9771788123041347 0
    outer loop
      vertex -23.148727416992188 -7.433102607727051 3
      vertex -23.004451751708984 -7.464465141296387 2.719999313354492
      vertex -23.148727416992188 -7.433102607727051 2.719999313354492
    endloop
  endfacet
  facet normal 0.06604156739457934 0.9978168726655544 0
    outer loop
      vertex -22.846500396728516 -7.474919319152832 2.719999313354492
      vertex -23.004451751708984 -7.464465141296387 3
      vertex -22.846500396728516 -7.474919319152832 3
    endloop
  endfacet
  facet normal 0.06604156739457934 0.9978168726655544 0
    outer loop
      vertex -23.004451751708984 -7.464465141296387 3
      vertex -22.846500396728516 -7.474919319152832 2.719999313354492
      vertex -23.004451751708984 -7.464465141296387 2.719999313354492
    endloop
  endfacet
  facet normal -0.06633962649106158 0.9977971005956203 0
    outer loop
      vertex -22.68841552734375 -7.464408874511719 2.719999313354492
      vertex -22.846500396728516 -7.474919319152832 3
      vertex -22.68841552734375 -7.464408874511719 3
    endloop
  endfacet
  facet normal -0.06633962649106158 0.9977971005956203 0
    outer loop
      vertex -22.846500396728516 -7.474919319152832 3
      vertex -22.68841552734375 -7.464408874511719 2.719999313354492
      vertex -22.846500396728516 -7.474919319152832 2.719999313354492
    endloop
  endfacet
  facet normal -0.24356063455477386 -0.9698856722806435 0
    outer loop
      vertex -23.03989601135254 -7.1444597244262695 2.719999313354492
      vertex -22.946060180664062 -7.168024063110352 3
      vertex -23.03989601135254 -7.1444597244262695 3
    endloop
  endfacet
  facet normal -0.24356063455477386 -0.9698856722806435 0
    outer loop
      vertex -22.946060180664062 -7.168024063110352 3
      vertex -23.03989601135254 -7.1444597244262695 2.719999313354492
      vertex -22.946060180664062 -7.168024063110352 2.719999313354492
    endloop
  endfacet
  facet normal -0.4233080092731978 -0.905985832828065 0
    outer loop
      vertex -23.12395477294922 -7.105184555053711 2.719999313354492
      vertex -23.03989601135254 -7.1444597244262695 3
      vertex -23.12395477294922 -7.105184555053711 3
    endloop
  endfacet
  facet normal -0.4233080092731978 -0.905985832828065 0
    outer loop
      vertex -23.03989601135254 -7.1444597244262695 3
      vertex -23.12395477294922 -7.105184555053711 2.719999313354492
      vertex -23.03989601135254 -7.1444597244262695 2.719999313354492
    endloop
  endfacet
  facet normal -0.5949590192705015 -0.803756035988958 0
    outer loop
      vertex -23.1982364654541 -7.050199508666992 2.719999313354492
      vertex -23.12395477294922 -7.105184555053711 3
      vertex -23.1982364654541 -7.050199508666992 3
    endloop
  endfacet
  facet normal -0.5949590192705015 -0.803756035988958 0
    outer loop
      vertex -23.12395477294922 -7.105184555053711 3
      vertex -23.1982364654541 -7.050199508666992 2.719999313354492
      vertex -23.12395477294922 -7.105184555053711 2.719999313354492
    endloop
  endfacet
  facet normal -0.7387087453547042 -0.6740247692306854 0
    outer loop
      vertex -23.1982364654541 -7.050199508666992 2.719999313354492
      vertex -23.262741088867188 -6.979504585266113 3
      vertex -23.262741088867188 -6.979504585266113 2.719999313354492
    endloop
  endfacet
  facet normal -0.7387087453547042 -0.6740247692306854 0
    outer loop
      vertex -23.262741088867188 -6.979504585266113 3
      vertex -23.1982364654541 -7.050199508666992 2.719999313354492
      vertex -23.1982364654541 -7.050199508666992 3
    endloop
  endfacet
  facet normal -0.8447906950958157 -0.5350968898055084 0
    outer loop
      vertex -23.262741088867188 -6.979504585266113 2.719999313354492
      vertex -23.31747055053711 -6.893099784851074 3
      vertex -23.31747055053711 -6.893099784851074 2.719999313354492
    endloop
  endfacet
  facet normal -0.8447906950958157 -0.5350968898055084 0
    outer loop
      vertex -23.31747055053711 -6.893099784851074 3
      vertex -23.262741088867188 -6.979504585266113 2.719999313354492
      vertex -23.262741088867188 -6.979504585266113 3
    endloop
  endfacet
  facet normal -0.9146379132734176 -0.4042740253872964 0
    outer loop
      vertex -23.31747055053711 -6.893099784851074 2.719999313354492
      vertex -23.363155364990234 -6.789741516113281 3
      vertex -23.363155364990234 -6.789741516113281 2.719999313354492
    endloop
  endfacet
  facet normal -0.9146379132734176 -0.4042740253872964 0
    outer loop
      vertex -23.363155364990234 -6.789741516113281 3
      vertex -23.31747055053711 -6.893099784851074 2.719999313354492
      vertex -23.31747055053711 -6.893099784851074 3
    endloop
  endfacet
  facet normal -0.955826341562076 -0.2939319730414807 0
    outer loop
      vertex -23.363155364990234 -6.789741516113281 2.719999313354492
      vertex -23.400535583496094 -6.668186187744141 3
      vertex -23.400535583496094 -6.668186187744141 2.719999313354492
    endloop
  endfacet
  facet normal -0.955826341562076 -0.2939319730414807 0
    outer loop
      vertex -23.400535583496094 -6.668186187744141 3
      vertex -23.363155364990234 -6.789741516113281 2.719999313354492
      vertex -23.363155364990234 -6.789741516113281 3
    endloop
  endfacet
  facet normal -0.979037964294885 -0.2036778448170729 0
    outer loop
      vertex -23.400535583496094 -6.668186187744141 2.719999313354492
      vertex -23.429609298706055 -6.528434753417969 3
      vertex -23.429609298706055 -6.528434753417969 2.719999313354492
    endloop
  endfacet
  facet normal -0.979037964294885 -0.2036778448170729 0
    outer loop
      vertex -23.429609298706055 -6.528434753417969 3
      vertex -23.400535583496094 -6.668186187744141 2.719999313354492
      vertex -23.400535583496094 -6.668186187744141 3
    endloop
  endfacet
  facet normal -0.9914668627014044 -0.13035896656937093 0
    outer loop
      vertex -23.429609298706055 -6.528434753417969 2.719999313354492
      vertex -23.450376510620117 -6.370486259460449 3
      vertex -23.450376510620117 -6.370486259460449 2.719999313354492
    endloop
  endfacet
  facet normal -0.9914668627014044 -0.13035896656937093 0
    outer loop
      vertex -23.450376510620117 -6.370486259460449 3
      vertex -23.429609298706055 -6.528434753417969 2.719999313354492
      vertex -23.429609298706055 -6.528434753417969 3
    endloop
  endfacet
  facet normal -0.9975071822558768 -0.07056501504244853 0
    outer loop
      vertex -23.450376510620117 -6.370486259460449 2.719999313354492
      vertex -23.46283721923828 -6.194341659545898 3
      vertex -23.46283721923828 -6.194341659545898 2.719999313354492
    endloop
  endfacet
  facet normal -0.9975071822558768 -0.07056501504244853 0
    outer loop
      vertex -23.46283721923828 -6.194341659545898 3
      vertex -23.450376510620117 -6.370486259460449 2.719999313354492
      vertex -23.450376510620117 -6.370486259460449 3
    endloop
  endfacet
  facet normal -0.9997718257922807 -0.021361094353277474 0
    outer loop
      vertex -23.46283721923828 -6.194341659545898 2.719999313354492
      vertex -23.466989517211914 -6 3
      vertex -23.466989517211914 -6 2.719999313354492
    endloop
  endfacet
  facet normal -0.9997718257922807 -0.021361094353277474 0
    outer loop
      vertex -23.466989517211914 -6 3
      vertex -23.46283721923828 -6.194341659545898 2.719999313354492
      vertex -23.46283721923828 -6.194341659545898 3
    endloop
  endfacet
  facet normal -0.9997896342883117 0.02051065990269038 0
    outer loop
      vertex -23.466989517211914 -6 2.719999313354492
      vertex -23.462892532348633 -5.80029296875 3
      vertex -23.462892532348633 -5.80029296875 2.719999313354492
    endloop
  endfacet
  facet normal -0.9997896342883117 0.02051065990269038 0
    outer loop
      vertex -23.462892532348633 -5.80029296875 3
      vertex -23.466989517211914 -6 2.719999313354492
      vertex -23.466989517211914 -6 3
    endloop
  endfacet
  facet normal -0.9976785872120428 0.06809872699678146 0
    outer loop
      vertex -23.462892532348633 -5.80029296875 2.719999313354492
      vertex -23.450603485107422 -5.62025260925293 3
      vertex -23.450603485107422 -5.62025260925293 2.719999313354492
    endloop
  endfacet
  facet normal -0.9976785872120428 0.06809872699678146 0
    outer loop
      vertex -23.450603485107422 -5.62025260925293 3
      vertex -23.462892532348633 -5.80029296875 2.719999313354492
      vertex -23.462892532348633 -5.80029296875 3
    endloop
  endfacet
  facet normal -0.991940601851423 0.12670375842348533 0
    outer loop
      vertex -23.450603485107422 -5.62025260925293 2.719999313354492
      vertex -23.430118560791016 -5.4598798751831055 3
      vertex -23.430118560791016 -5.4598798751831055 2.719999313354492
    endloop
  endfacet
  facet normal -0.991940601851423 0.12670375842348533 0
    outer loop
      vertex -23.430118560791016 -5.4598798751831055 3
      vertex -23.450603485107422 -5.62025260925293 2.719999313354492
      vertex -23.450603485107422 -5.62025260925293 3
    endloop
  endfacet
  facet normal -0.9798594664385581 0.19968832221926344 0
    outer loop
      vertex -23.430118560791016 -5.4598798751831055 2.719999313354492
      vertex -23.401443481445312 -5.3191728591918945 3
      vertex -23.401443481445312 -5.3191728591918945 2.719999313354492
    endloop
  endfacet
  facet normal -0.9798594664385581 0.19968832221926344 0
    outer loop
      vertex -23.401443481445312 -5.3191728591918945 3
      vertex -23.430118560791016 -5.4598798751831055 2.719999313354492
      vertex -23.430118560791016 -5.4598798751831055 3
    endloop
  endfacet
  facet normal -0.9566021059923723 0.29139734180489363 0
    outer loop
      vertex -23.401443481445312 -5.3191728591918945 2.719999313354492
      vertex -23.364572525024414 -5.198132514953613 3
      vertex -23.364572525024414 -5.198132514953613 2.719999313354492
    endloop
  endfacet
  facet normal -0.9566021059923723 0.29139734180489363 0
    outer loop
      vertex -23.364572525024414 -5.198132514953613 3
      vertex -23.401443481445312 -5.3191728591918945 2.719999313354492
      vertex -23.401443481445312 -5.3191728591918945 3
    endloop
  endfacet
  facet normal -0.9137831867729621 0.40620227420713667 0
    outer loop
      vertex -23.364572525024414 -5.198132514953613 2.719999313354492
      vertex -23.319509506225586 -5.096759796142578 3
      vertex -23.319509506225586 -5.096759796142578 2.719999313354492
    endloop
  endfacet
  facet normal -0.9137831867729621 0.40620227420713667 0
    outer loop
      vertex -23.319509506225586 -5.096759796142578 3
      vertex -23.364572525024414 -5.198132514953613 2.719999313354492
      vertex -23.364572525024414 -5.198132514953613 3
    endloop
  endfacet
  facet normal -0.8388819952099769 0.5443133271494722 0
    outer loop
      vertex -23.319509506225586 -5.096759796142578 2.719999313354492
      vertex -23.265056610107422 -5.012838363647461 3
      vertex -23.265056610107422 -5.012838363647461 2.719999313354492
    endloop
  endfacet
  facet normal -0.8388819952099769 0.5443133271494722 0
    outer loop
      vertex -23.265056610107422 -5.012838363647461 3
      vertex -23.319509506225586 -5.096759796142578 2.719999313354492
      vertex -23.319509506225586 -5.096759796142578 3
    endloop
  endfacet
  facet normal -0.7260968313322456 0.6875924603493501 0
    outer loop
      vertex -23.265056610107422 -5.012838363647461 2.719999313354492
      vertex -23.200035095214844 -4.944175720214844 3
      vertex -23.200035095214844 -4.944175720214844 2.719999313354492
    endloop
  endfacet
  facet normal -0.7260968313322456 0.6875924603493501 0
    outer loop
      vertex -23.200035095214844 -4.944175720214844 3
      vertex -23.265056610107422 -5.012838363647461 2.719999313354492
      vertex -23.265056610107422 -5.012838363647461 3
    endloop
  endfacet
  facet normal -0.5770448303173596 0.8167124731531957 0
    outer loop
      vertex -23.12445068359375 -4.890771865844727 2.719999313354492
      vertex -23.200035095214844 -4.944175720214844 3
      vertex -23.12445068359375 -4.890771865844727 3
    endloop
  endfacet
  facet normal -0.5770448303173596 0.8167124731531957 0
    outer loop
      vertex -23.200035095214844 -4.944175720214844 3
      vertex -23.12445068359375 -4.890771865844727 2.719999313354492
      vertex -23.200035095214844 -4.944175720214844 2.719999313354492
    endloop
  endfacet
  facet normal -0.4048524168494786 0.9143820430056225 0
    outer loop
      vertex -23.03829574584961 -4.852625846862793 2.719999313354492
      vertex -23.12445068359375 -4.890771865844727 3
      vertex -23.03829574584961 -4.852625846862793 3
    endloop
  endfacet
  facet normal -0.4048524168494786 0.9143820430056225 0
    outer loop
      vertex -23.12445068359375 -4.890771865844727 3
      vertex -23.03829574584961 -4.852625846862793 2.719999313354492
      vertex -23.12445068359375 -4.890771865844727 2.719999313354492
    endloop
  endfacet
  facet normal -0.23027510470338647 0.9731255705991104 0
    outer loop
      vertex -22.94157600402832 -4.829738616943359 2.719999313354492
      vertex -23.03829574584961 -4.852625846862793 3
      vertex -22.94157600402832 -4.829738616943359 3
    endloop
  endfacet
  facet normal -0.23027510470338647 0.9731255705991104 0
    outer loop
      vertex -23.03829574584961 -4.852625846862793 3
      vertex -22.94157600402832 -4.829738616943359 2.719999313354492
      vertex -23.03829574584961 -4.852625846862793 2.719999313354492
    endloop
  endfacet
  facet normal -0.07093324785554941 0.9974810646566997 0
    outer loop
      vertex -22.83428955078125 -4.822109222412109 2.719999313354492
      vertex -22.94157600402832 -4.829738616943359 3
      vertex -22.83428955078125 -4.822109222412109 3
    endloop
  endfacet
  facet normal -0.07093324785554941 0.9974810646566997 0
    outer loop
      vertex -22.94157600402832 -4.829738616943359 3
      vertex -22.83428955078125 -4.822109222412109 2.719999313354492
      vertex -22.94157600402832 -4.829738616943359 2.719999313354492
    endloop
  endfacet
  facet normal 0.07375722827177197 0.9972762261668858 0
    outer loop
      vertex -22.729610443115234 -4.829851150512695 2.719999313354492
      vertex -22.83428955078125 -4.822109222412109 3
      vertex -22.729610443115234 -4.829851150512695 3
    endloop
  endfacet
  facet normal 0.07375722827177197 0.9972762261668858 0
    outer loop
      vertex -22.83428955078125 -4.822109222412109 3
      vertex -22.729610443115234 -4.829851150512695 2.719999313354492
      vertex -22.83428955078125 -4.822109222412109 2.719999313354492
    endloop
  endfacet
  facet normal 0.23904197082254203 0.9710092358908203 0
    outer loop
      vertex -22.635269165039062 -4.853075981140137 2.719999313354492
      vertex -22.729610443115234 -4.829851150512695 3
      vertex -22.635269165039062 -4.853075981140137 3
    endloop
  endfacet
  facet normal 0.23904197082254203 0.9710092358908203 0
    outer loop
      vertex -22.729610443115234 -4.829851150512695 3
      vertex -22.635269165039062 -4.853075981140137 2.719999313354492
      vertex -22.729610443115234 -4.829851150512695 2.719999313354492
    endloop
  endfacet
  facet normal 0.41851996153099225 0.9082075984047352 0
    outer loop
      vertex -22.55126953125 -4.89178466796875 2.719999313354492
      vertex -22.635269165039062 -4.853075981140137 3
      vertex -22.55126953125 -4.89178466796875 3
    endloop
  endfacet
  facet normal 0.41851996153099225 0.9082075984047352 0
    outer loop
      vertex -22.635269165039062 -4.853075981140137 3
      vertex -22.55126953125 -4.89178466796875 2.719999313354492
      vertex -22.635269165039062 -4.853075981140137 2.719999313354492
    endloop
  endfacet
  facet normal 0.5926026585661954 0.8054949342238455 0
    outer loop
      vertex -22.477609634399414 -4.945976257324219 2.719999313354492
      vertex -22.55126953125 -4.89178466796875 3
      vertex -22.477609634399414 -4.945976257324219 3
    endloop
  endfacet
  facet normal 0.5926026585661954 0.8054949342238455 0
    outer loop
      vertex -22.55126953125 -4.89178466796875 3
      vertex -22.477609634399414 -4.945976257324219 2.719999313354492
      vertex -22.55126953125 -4.89178466796875 2.719999313354492
    endloop
  endfacet
  facet normal 0.7400473169658158 0.6725548071731383 0
    outer loop
      vertex -22.414289474487305 -5.015650749206543 3
      vertex -22.477609634399414 -4.945976257324219 2.719999313354492
      vertex -22.477609634399414 -4.945976257324219 3
    endloop
  endfacet
  facet normal 0.7400473169658158 0.6725548071731383 0
    outer loop
      vertex -22.477609634399414 -4.945976257324219 2.719999313354492
      vertex -22.414289474487305 -5.015650749206543 3
      vertex -22.414289474487305 -5.015650749206543 2.719999313354492
    endloop
  endfacet
  facet normal 0.8490878807721411 0.5282516168700995 0
    outer loop
      vertex -22.361309051513672 -5.100809097290039 3
      vertex -22.414289474487305 -5.015650749206543 2.719999313354492
      vertex -22.414289474487305 -5.015650749206543 3
    endloop
  endfacet
  facet normal 0.8490878807721411 0.5282516168700995 0
    outer loop
      vertex -22.414289474487305 -5.015650749206543 2.719999313354492
      vertex -22.361309051513672 -5.100809097290039 3
      vertex -22.361309051513672 -5.100809097290039 2.719999313354492
    endloop
  endfacet
  facet normal 0.9193349195179534 0.39347592779599355 0
    outer loop
      vertex -22.31748390197754 -5.203204154968262 3
      vertex -22.361309051513672 -5.100809097290039 2.719999313354492
      vertex -22.361309051513672 -5.100809097290039 3
    endloop
  endfacet
  facet normal 0.9193349195179534 0.39347592779599355 0
    outer loop
      vertex -22.361309051513672 -5.100809097290039 2.719999313354492
      vertex -22.31748390197754 -5.203204154968262 3
      vertex -22.31748390197754 -5.203204154968262 2.719999313354492
    endloop
  endfacet
  facet normal 0.959027665711894 0.2833124360122505 0
    outer loop
      vertex -22.281625747680664 -5.324585914611816 3
      vertex -22.31748390197754 -5.203204154968262 2.719999313354492
      vertex -22.31748390197754 -5.203204154968262 3
    endloop
  endfacet
  facet normal 0.959027665711894 0.2833124360122505 0
    outer loop
      vertex -22.31748390197754 -5.203204154968262 2.719999313354492
      vertex -22.281625747680664 -5.324585914611816 3
      vertex -22.281625747680664 -5.324585914611816 2.719999313354492
    endloop
  endfacet
  facet normal 0.9808310419876762 0.19486012181400658 0
    outer loop
      vertex -22.253738403320312 -5.464957237243652 3
      vertex -22.281625747680664 -5.324585914611816 2.719999313354492
      vertex -22.281625747680664 -5.324585914611816 3
    endloop
  endfacet
  facet normal 0.9808310419876762 0.19486012181400658 0
    outer loop
      vertex -22.281625747680664 -5.324585914611816 2.719999313354492
      vertex -22.253738403320312 -5.464957237243652 3
      vertex -22.253738403320312 -5.464957237243652 2.719999313354492
    endloop
  endfacet
  facet normal 0.9922760494623342 0.12404935172512364 0
    outer loop
      vertex -22.233816146850586 -5.624316215515137 3
      vertex -22.253738403320312 -5.464957237243652 2.719999313354492
      vertex -22.253738403320312 -5.464957237243652 3
    endloop
  endfacet
  facet normal 0.9922760494623342 0.12404935172512364 0
    outer loop
      vertex -22.253738403320312 -5.464957237243652 2.719999313354492
      vertex -22.233816146850586 -5.624316215515137 3
      vertex -22.233816146850586 -5.624316215515137 2.719999313354492
    endloop
  endfacet
  facet normal 0.9977615111895533 0.06687276567287412 0
    outer loop
      vertex -22.22186279296875 -5.802663803100586 3
      vertex -22.233816146850586 -5.624316215515137 2.719999313354492
      vertex -22.233816146850586 -5.624316215515137 3
    endloop
  endfacet
  facet normal 0.9977615111895533 0.06687276567287412 0
    outer loop
      vertex -22.233816146850586 -5.624316215515137 2.719999313354492
      vertex -22.22186279296875 -5.802663803100586 3
      vertex -22.22186279296875 -5.802663803100586 2.719999313354492
    endloop
  endfacet
  facet normal 0.9997964153591398 0.02017740902629864 0
    outer loop
      vertex -22.217880249023438 -6 3
      vertex -22.22186279296875 -5.802663803100586 2.719999313354492
      vertex -22.22186279296875 -5.802663803100586 3
    endloop
  endfacet
  facet normal 0.9997964153591398 0.02017740902629864 0
    outer loop
      vertex -22.22186279296875 -5.802663803100586 2.719999313354492
      vertex -22.217880249023438 -6 3
      vertex -22.217880249023438 -6 2.719999313354492
    endloop
  endfacet
  facet normal 0.999759958532765 -0.02190948001583441 0
    outer loop
      vertex -22.222061157226562 -6.1907806396484375 3
      vertex -22.217880249023438 -6 2.719999313354492
      vertex -22.217880249023438 -6 3
    endloop
  endfacet
  facet normal 0.999759958532765 -0.02190948001583441 0
    outer loop
      vertex -22.217880249023438 -6 2.719999313354492
      vertex -22.222061157226562 -6.1907806396484375 3
      vertex -22.222061157226562 -6.1907806396484375 2.719999313354492
    endloop
  endfacet
  facet normal 0.9973993665329588 -0.07207290503131014 0
    outer loop
      vertex -22.23460578918457 -6.364382743835449 3
      vertex -22.222061157226562 -6.1907806396484375 2.719999313354492
      vertex -22.222061157226562 -6.1907806396484375 3
    endloop
  endfacet
  facet normal 0.9973993665329588 -0.07207290503131014 0
    outer loop
      vertex -22.222061157226562 -6.1907806396484375 2.719999313354492
      vertex -22.23460578918457 -6.364382743835449 3
      vertex -22.23460578918457 -6.364382743835449 2.719999313354492
    endloop
  endfacet
  facet normal 0.9911848878640356 -0.13248591649665667 0
    outer loop
      vertex -22.25551414489746 -6.520807266235352 3
      vertex -22.23460578918457 -6.364382743835449 2.719999313354492
      vertex -22.23460578918457 -6.364382743835449 3
    endloop
  endfacet
  facet normal 0.9911848878640356 -0.13248591649665667 0
    outer loop
      vertex -22.23460578918457 -6.364382743835449 2.719999313354492
      vertex -22.25551414489746 -6.520807266235352 3
      vertex -22.25551414489746 -6.520807266235352 2.719999313354492
    endloop
  endfacet
  facet normal 0.9786104725362106 -0.205722004273861 0
    outer loop
      vertex -22.284786224365234 -6.660053253173828 3
      vertex -22.25551414489746 -6.520807266235352 2.719999313354492
      vertex -22.25551414489746 -6.520807266235352 3
    endloop
  endfacet
  facet normal 0.9786104725362106 -0.205722004273861 0
    outer loop
      vertex -22.25551414489746 -6.520807266235352 2.719999313354492
      vertex -22.284786224365234 -6.660053253173828 3
      vertex -22.284786224365234 -6.660053253173828 2.719999313354492
    endloop
  endfacet
  facet normal 0.9556103246653115 -0.2946335136963511 0
    outer loop
      vertex -22.32242202758789 -6.782120704650879 3
      vertex -22.284786224365234 -6.660053253173828 2.719999313354492
      vertex -22.284786224365234 -6.660053253173828 3
    endloop
  endfacet
  facet normal 0.9556103246653115 -0.2946335136963511 0
    outer loop
      vertex -22.284786224365234 -6.660053253173828 2.719999313354492
      vertex -22.32242202758789 -6.782120704650879 3
      vertex -22.32242202758789 -6.782120704650879 2.719999313354492
    endloop
  endfacet
  facet normal 0.9158084119142634 -0.401615428820999 0
    outer loop
      vertex -22.368419647216797 -6.887009620666504 3
      vertex -22.32242202758789 -6.782120704650879 2.719999313354492
      vertex -22.32242202758789 -6.782120704650879 3
    endloop
  endfacet
  facet normal 0.9158084119142634 -0.401615428820999 0
    outer loop
      vertex -22.32242202758789 -6.782120704650879 2.719999313354492
      vertex -22.368419647216797 -6.887009620666504 3
      vertex -22.368419647216797 -6.887009620666504 2.719999313354492
    endloop
  endfacet
  facet normal 0.8487789551943496 -0.5287478465385824 0
    outer loop
      vertex -22.423404693603516 -6.975275039672852 3
      vertex -22.368419647216797 -6.887009620666504 2.719999313354492
      vertex -22.368419647216797 -6.887009620666504 3
    endloop
  endfacet
  facet normal 0.8487789551943496 -0.5287478465385824 0
    outer loop
      vertex -22.368419647216797 -6.887009620666504 2.719999313354492
      vertex -22.423404693603516 -6.975275039672852 3
      vertex -22.423404693603516 -6.975275039672852 2.719999313354492
    endloop
  endfacet
  facet normal 0.745372589832783 -0.6666481098195431 0
    outer loop
      vertex -22.487995147705078 -7.047492980957031 3
      vertex -22.423404693603516 -6.975275039672852 2.719999313354492
      vertex -22.423404693603516 -6.975275039672852 3
    endloop
  endfacet
  facet normal 0.745372589832783 -0.6666481098195431 0
    outer loop
      vertex -22.423404693603516 -6.975275039672852 2.719999313354492
      vertex -22.487995147705078 -7.047492980957031 3
      vertex -22.487995147705078 -7.047492980957031 2.719999313354492
    endloop
  endfacet
  facet normal 0.6035585422008299 -0.7973186854303673 0
    outer loop
      vertex -22.562196731567383 -7.103662490844727 2.719999313354492
      vertex -22.487995147705078 -7.047492980957031 3
      vertex -22.562196731567383 -7.103662490844727 3
    endloop
  endfacet
  facet normal 0.6035585422008299 -0.7973186854303673 0
    outer loop
      vertex -22.487995147705078 -7.047492980957031 3
      vertex -22.562196731567383 -7.103662490844727 2.719999313354492
      vertex -22.487995147705078 -7.047492980957031 2.719999313354492
    endloop
  endfacet
  facet normal 0.43177687663329944 -0.901980448127781 0
    outer loop
      vertex -22.646007537841797 -7.143782615661621 2.719999313354492
      vertex -22.562196731567383 -7.103662490844727 3
      vertex -22.646007537841797 -7.143782615661621 3
    endloop
  endfacet
  facet normal 0.43177687663329944 -0.901980448127781 0
    outer loop
      vertex -22.562196731567383 -7.103662490844727 3
      vertex -22.646007537841797 -7.143782615661621 2.719999313354492
      vertex -22.562196731567383 -7.103662490844727 2.719999313354492
    endloop
  endfacet
  facet normal 0.24954014679938477 -0.9683644536719331 0
    outer loop
      vertex -22.739423751831055 -7.167855262756348 2.719999313354492
      vertex -22.646007537841797 -7.143782615661621 3
      vertex -22.739423751831055 -7.167855262756348 3
    endloop
  endfacet
  facet normal 0.24954014679938477 -0.9683644536719331 0
    outer loop
      vertex -22.646007537841797 -7.143782615661621 3
      vertex -22.739423751831055 -7.167855262756348 2.719999313354492
      vertex -22.646007537841797 -7.143782615661621 2.719999313354492
    endloop
  endfacet
  facet normal 0.07765060676646188 -0.9969806333469072 0
    outer loop
      vertex -22.842449188232422 -7.17587947845459 2.719999313354492
      vertex -22.739423751831055 -7.167855262756348 3
      vertex -22.842449188232422 -7.17587947845459 3
    endloop
  endfacet
  facet normal 0.07765060676646188 -0.9969806333469072 0
    outer loop
      vertex -22.739423751831055 -7.167855262756348 3
      vertex -22.842449188232422 -7.17587947845459 2.719999313354492
      vertex -22.739423751831055 -7.167855262756348 2.719999313354492
    endloop
  endfacet
  facet normal -0.07559946151300087 -0.9971382659485816 0
    outer loop
      vertex -22.946060180664062 -7.168024063110352 2.719999313354492
      vertex -22.842449188232422 -7.17587947845459 3
      vertex -22.946060180664062 -7.168024063110352 3
    endloop
  endfacet
  facet normal -0.07559946151300087 -0.9971382659485816 0
    outer loop
      vertex -22.842449188232422 -7.17587947845459 3
      vertex -22.946060180664062 -7.168024063110352 2.719999313354492
      vertex -22.842449188232422 -7.17587947845459 2.719999313354492
    endloop
  endfacet
  facet normal -1 0 0
    outer loop
      vertex -24.20357894897461 -7.434239387512207 2.719999313354492
      vertex -24.20357894897461 -7.122989654541016 3
      vertex -24.20357894897461 -7.122989654541016 2.719999313354492
    endloop
  endfacet
  facet normal -1 0 0
    outer loop
      vertex -24.20357894897461 -7.122989654541016 3
      vertex -24.20357894897461 -7.434239387512207 2.719999313354492
      vertex -24.20357894897461 -7.434239387512207 3
    endloop
  endfacet
  facet normal 0 -1 0
    outer loop
      vertex -24.901348114013672 -7.122989654541016 2.719999313354492
      vertex -24.20357894897461 -7.122989654541016 3
      vertex -24.901348114013672 -7.122989654541016 3
    endloop
  endfacet
  facet normal 0 -1 0
    outer loop
      vertex -24.20357894897461 -7.122989654541016 3
      vertex -24.901348114013672 -7.122989654541016 2.719999313354492
      vertex -24.20357894897461 -7.122989654541016 2.719999313354492
    endloop
  endfacet
  facet normal -1 0 0
    outer loop
      vertex -24.901348114013672 -7.122989654541016 2.719999313354492
      vertex -24.901348114013672 -4.5677995681762695 3
      vertex -24.901348114013672 -4.5677995681762695 2.719999313354492
    endloop
  endfacet
  facet normal -1 0 0
    outer loop
      vertex -24.901348114013672 -4.5677995681762695 3
      vertex -24.901348114013672 -7.122989654541016 2.719999313354492
      vertex -24.901348114013672 -7.122989654541016 3
    endloop
  endfacet
  facet normal 0 -1 0
    outer loop
      vertex -25.239059448242188 -4.5677995681762695 2.719999313354492
      vertex -24.901348114013672 -4.5677995681762695 3
      vertex -25.239059448242188 -4.5677995681762695 3
    endloop
  endfacet
  facet normal 0 -1 0
    outer loop
      vertex -24.901348114013672 -4.5677995681762695 3
      vertex -25.239059448242188 -4.5677995681762695 2.719999313354492
      vertex -24.901348114013672 -4.5677995681762695 2.719999313354492
    endloop
  endfacet
  facet normal 0.5666249115461623 -0.8239758549953413 0
    outer loop
      vertex -25.916519165039062 -5.033669471740723 2.719999313354492
      vertex -25.239059448242188 -4.5677995681762695 3
      vertex -25.916519165039062 -5.033669471740723 3
    endloop
  endfacet
  facet normal 0.5666249115461623 -0.8239758549953413 0
    outer loop
      vertex -25.239059448242188 -4.5677995681762695 3
      vertex -25.916519165039062 -5.033669471740723 2.719999313354492
      vertex -25.239059448242188 -4.5677995681762695 2.719999313354492
    endloop
  endfacet
  facet normal 1 0 0
    outer loop
      vertex -25.916519165039062 -5.379509925842285 3
      vertex -25.916519165039062 -5.033669471740723 2.719999313354492
      vertex -25.916519165039062 -5.033669471740723 3
    endloop
  endfacet
  facet normal 1 0 0
    outer loop
      vertex -25.916519165039062 -5.033669471740723 2.719999313354492
      vertex -25.916519165039062 -5.379509925842285 3
      vertex -25.916519165039062 -5.379509925842285 2.719999313354492
    endloop
  endfacet
  facet normal -0.5809923282659146 0.8139090333054128 0
    outer loop
      vertex -25.26959991455078 -4.917719841003418 2.719999313354492
      vertex -25.916519165039062 -5.379509925842285 3
      vertex -25.26959991455078 -4.917719841003418 3
    endloop
  endfacet
  facet normal -0.5809923282659146 0.8139090333054128 0
    outer loop
      vertex -25.916519165039062 -5.379509925842285 3
      vertex -25.26959991455078 -4.917719841003418 2.719999313354492
      vertex -25.916519165039062 -5.379509925842285 2.719999313354492
    endloop
  endfacet
  facet normal 1 0 0
    outer loop
      vertex -25.26959991455078 -7.122989654541016 3
      vertex -25.26959991455078 -4.917719841003418 2.719999313354492
      vertex -25.26959991455078 -4.917719841003418 3
    endloop
  endfacet
  facet normal 1 0 0
    outer loop
      vertex -25.26959991455078 -4.917719841003418 2.719999313354492
      vertex -25.26959991455078 -7.122989654541016 3
      vertex -25.26959991455078 -7.122989654541016 2.719999313354492
    endloop
  endfacet
  facet normal 0 -1 0
    outer loop
      vertex -25.999919891357422 -7.122989654541016 2.719999313354492
      vertex -25.26959991455078 -7.122989654541016 3
      vertex -25.999919891357422 -7.122989654541016 3
    endloop
  endfacet
  facet normal 0 -1 0
    outer loop
      vertex -25.26959991455078 -7.122989654541016 3
      vertex -25.999919891357422 -7.122989654541016 2.719999313354492
      vertex -25.26959991455078 -7.122989654541016 2.719999313354492
    endloop
  endfacet
  facet normal 1 0 0
    outer loop
      vertex -25.999919891357422 -7.434239387512207 3
      vertex -25.999919891357422 -7.122989654541016 2.719999313354492
      vertex -25.999919891357422 -7.122989654541016 3
    endloop
  endfacet
  facet normal 1 0 0
    outer loop
      vertex -25.999919891357422 -7.122989654541016 2.719999313354492
      vertex -25.999919891357422 -7.434239387512207 3
      vertex -25.999919891357422 -7.434239387512207 2.719999313354492
    endloop
  endfacet
  facet normal 0 1 0
    outer loop
      vertex -24.20357894897461 -7.434239387512207 2.719999313354492
      vertex -25.999919891357422 -7.434239387512207 3
      vertex -24.20357894897461 -7.434239387512207 3
    endloop
  endfacet
  facet normal 0 1 0
    outer loop
      vertex -25.999919891357422 -7.434239387512207 3
      vertex -24.20357894897461 -7.434239387512207 2.719999313354492
      vertex -25.999919891357422 -7.434239387512207 2.719999313354492
    endloop
  endfacet
  facet normal 0 0 1
    outer loop
      vertex -22.22186279296875 -5.802663803100586 2.719999313354492
      vertex -21.845609664916992 -6 2.719999313354492
      vertex -21.852306365966797 -5.766496658325195 2.719999313354492
    endloop
  endfacet
  facet normal 0 0 1
    outer loop
      vertex -22.233816146850586 -5.624316215515137 2.719999313354492
      vertex -21.852306365966797 -5.766496658325195 2.719999313354492
      vertex -21.87239646911621 -5.552886009216309 2.719999313354492
    endloop
  endfacet
  facet normal 0 0 1
    outer loop
      vertex -22.222061157226562 -6.1907806396484375 2.719999313354492
      vertex -21.845609664916992 -6 2.719999313354492
      vertex -22.217880249023438 -6 2.719999313354492
    endloop
  endfacet
  facet normal 0 0 1
    outer loop
      vertex -22.253738403320312 -5.464957237243652 2.719999313354492
      vertex -21.87239646911621 -5.552886009216309 2.719999313354492
      vertex -21.905879974365234 -5.359169960021973 2.719999313354492
    endloop
  endfacet
  facet normal 0 0 1
    outer loop
      vertex -21.845609664916992 -6 2.719999313354492
      vertex -22.222061157226562 -6.1907806396484375 2.719999313354492
      vertex -21.852645874023438 -6.229942321777344 2.719999313354492
    endloop
  endfacet
  facet normal 0 0 1
    outer loop
      vertex -22.281625747680664 -5.324585914611816 2.719999313354492
      vertex -21.905879974365234 -5.359169960021973 2.719999313354492
      vertex -21.952754974365234 -5.185346603393555 2.719999313354492
    endloop
  endfacet
  facet normal 0 0 1
    outer loop
      vertex -22.23460578918457 -6.364382743835449 2.719999313354492
      vertex -21.852645874023438 -6.229942321777344 2.719999313354492
      vertex -22.222061157226562 -6.1907806396484375 2.719999313354492
    endloop
  endfacet
  facet normal 0 0 1
    outer loop
      vertex -22.31748390197754 -5.203204154968262 2.719999313354492
      vertex -21.952754974365234 -5.185346603393555 2.719999313354492
      vertex -22.01302719116211 -5.031415939331055 2.719999313354492
    endloop
  endfacet
  facet normal 0 0 1
    outer loop
      vertex -21.852645874023438 -6.229942321777344 2.719999313354492
      vertex -22.23460578918457 -6.364382743835449 2.719999313354492
      vertex -21.87375259399414 -6.441009521484375 2.719999313354492
    endloop
  endfacet
  facet normal 0 0 1
    outer loop
      vertex -22.361309051513672 -5.100809097290039 2.719999313354492
      vertex -22.01302719116211 -5.031415939331055 2.719999313354492
      vertex -22.086688995361328 -4.8973798751831055 2.719999313354492
    endloop
  endfacet
  facet normal 0 0 1
    outer loop
      vertex -22.25551414489746 -6.520807266235352 2.719999313354492
      vertex -21.87375259399414 -6.441009521484375 2.719999313354492
      vertex -22.23460578918457 -6.364382743835449 2.719999313354492
    endloop
  endfacet
  facet normal 0 0 1
    outer loop
      vertex -22.414289474487305 -5.015650749206543 2.719999313354492
      vertex -22.086688995361328 -4.8973798751831055 2.719999313354492
      vertex -22.174415588378906 -4.783620834350586 2.719999313354492
    endloop
  endfacet
  facet normal 0 0 1
    outer loop
      vertex -21.87375259399414 -6.441009521484375 2.719999313354492
      vertex -22.25551414489746 -6.520807266235352 2.719999313354492
      vertex -21.908931732177734 -6.633201599121094 2.719999313354492
    endloop
  endfacet
  facet normal 0 0 1
    outer loop
      vertex -22.284786224365234 -6.660053253173828 2.719999313354492
      vertex -21.908931732177734 -6.633201599121094 2.719999313354492
      vertex -22.25551414489746 -6.520807266235352 2.719999313354492
    endloop
  endfacet
  facet normal 0 0 1
    outer loop
      vertex -21.845609664916992 -6 2.719999313354492
      vertex -22.22186279296875 -5.802663803100586 2.719999313354492
      vertex -22.217880249023438 -6 2.719999313354492
    endloop
  endfacet
  facet normal 0 0 1
    outer loop
      vertex -21.852306365966797 -5.766496658325195 2.719999313354492
      vertex -22.233816146850586 -5.624316215515137 2.719999313354492
      vertex -22.22186279296875 -5.802663803100586 2.719999313354492
    endloop
  endfacet
  facet normal 0 0 1
    outer loop
      vertex -21.87239646911621 -5.552886009216309 2.719999313354492
      vertex -22.253738403320312 -5.464957237243652 2.719999313354492
      vertex -22.233816146850586 -5.624316215515137 2.719999313354492
    endloop
  endfacet
  facet normal 0 0 1
    outer loop
      vertex -22.477609634399414 -4.945976257324219 2.719999313354492
      vertex -22.174415588378906 -4.783620834350586 2.719999313354492
      vertex -22.27688980102539 -4.690546035766602 2.719999313354492
    endloop
  endfacet
  facet normal 0 0 1
    outer loop
      vertex -21.905879974365234 -5.359169960021973 2.719999313354492
      vertex -22.281625747680664 -5.324585914611816 2.719999313354492
      vertex -22.253738403320312 -5.464957237243652 2.719999313354492
    endloop
  endfacet
  facet normal 0 0 1
    outer loop
      vertex -21.952754974365234 -5.185346603393555 2.719999313354492
      vertex -22.31748390197754 -5.203204154968262 2.719999313354492
      vertex -22.281625747680664 -5.324585914611816 2.719999313354492
    endloop
  endfacet
  facet normal 0 0 1
    outer loop
      vertex -22.01302719116211 -5.031415939331055 2.719999313354492
      vertex -22.361309051513672 -5.100809097290039 2.719999313354492
      vertex -22.31748390197754 -5.203204154968262 2.719999313354492
    endloop
  endfacet
  facet normal 0 0 1
    outer loop
      vertex -22.477609634399414 -4.945976257324219 2.719999313354492
      vertex -22.27688980102539 -4.690546035766602 2.719999313354492
      vertex -22.394115447998047 -4.618154525756836 2.719999313354492
    endloop
  endfacet
  facet normal 0 0 1
    outer loop
      vertex -22.086688995361328 -4.8973798751831055 2.719999313354492
      vertex -22.414289474487305 -5.015650749206543 2.719999313354492
      vertex -22.361309051513672 -5.100809097290039 2.719999313354492
    endloop
  endfacet
  facet normal 0 0 1
    outer loop
      vertex -22.174415588378906 -4.783620834350586 2.719999313354492
      vertex -22.477609634399414 -4.945976257324219 2.719999313354492
      vertex -22.414289474487305 -5.015650749206543 2.719999313354492
    endloop
  endfacet
  facet normal 0 0 1
    outer loop
      vertex -22.55126953125 -4.89178466796875 2.719999313354492
      vertex -22.394115447998047 -4.618154525756836 2.719999313354492
      vertex -22.52608871459961 -4.566446304321289 2.719999313354492
    endloop
  endfacet
  facet normal 0 0 1
    outer loop
      vertex -22.394115447998047 -4.618154525756836 2.719999313354492
      vertex -22.55126953125 -4.89178466796875 2.719999313354492
      vertex -22.477609634399414 -4.945976257324219 2.719999313354492
    endloop
  endfacet
  facet normal 0 0 1
    outer loop
      vertex -22.52608871459961 -4.566446304321289 2.719999313354492
      vertex -22.635269165039062 -4.853075981140137 2.719999313354492
      vertex -22.55126953125 -4.89178466796875 2.719999313354492
    endloop
  endfacet
  facet normal 0 0 1
    outer loop
      vertex -22.672813415527344 -4.535421371459961 2.719999313354492
      vertex -22.635269165039062 -4.853075981140137 2.719999313354492
      vertex -22.52608871459961 -4.566446304321289 2.719999313354492
    endloop
  endfacet
  facet normal 0 0 1
    outer loop
      vertex -22.672813415527344 -4.535421371459961 2.719999313354492
      vertex -22.729610443115234 -4.829851150512695 2.719999313354492
      vertex -22.635269165039062 -4.853075981140137 2.719999313354492
    endloop
  endfacet
  facet normal 0 0 1
    outer loop
      vertex -22.83428955078125 -4.525079727172852 2.719999313354492
      vertex -22.729610443115234 -4.829851150512695 2.719999313354492
      vertex -22.672813415527344 -4.535421371459961 2.719999313354492
    endloop
  endfacet
  facet normal 0 0 1
    outer loop
      vertex -22.83428955078125 -4.525079727172852 2.719999313354492
      vertex -22.83428955078125 -4.822109222412109 2.719999313354492
      vertex -22.729610443115234 -4.829851150512695 2.719999313354492
    endloop
  endfacet
  facet normal 0 0 1
    outer loop
      vertex -22.83428955078125 -4.525079727172852 2.719999313354492
      vertex -22.94157600402832 -4.829738616943359 2.719999313354492
      vertex -22.83428955078125 -4.822109222412109 2.719999313354492
    endloop
  endfacet
  facet normal 0 0 1
    outer loop
      vertex -23.000118255615234 -4.535307884216309 2.719999313354492
      vertex -22.94157600402832 -4.829738616943359 2.719999313354492
      vertex -22.83428955078125 -4.525079727172852 2.719999313354492
    endloop
  endfacet
  facet normal 0 0 1
    outer loop
      vertex -23.000118255615234 -4.535307884216309 2.719999313354492
      vertex -23.03829574584961 -4.852625846862793 2.719999313354492
      vertex -22.94157600402832 -4.829738616943359 2.719999313354492
    endloop
  endfacet
  facet normal 0 0 1
    outer loop
      vertex -23.150409698486328 -4.565993309020996 2.719999313354492
      vertex -23.03829574584961 -4.852625846862793 2.719999313354492
      vertex -23.000118255615234 -4.535307884216309 2.719999313354492
    endloop
  endfacet
  facet normal 0 0 1
    outer loop
      vertex -23.03829574584961 -4.852625846862793 2.719999313354492
      vertex -23.150409698486328 -4.565993309020996 2.719999313354492
      vertex -23.12445068359375 -4.890771865844727 2.719999313354492
    endloop
  endfacet
  facet normal 0 0 1
    outer loop
      vertex -23.285160064697266 -4.617134094238281 2.719999313354492
      vertex -23.12445068359375 -4.890771865844727 2.719999313354492
      vertex -23.150409698486328 -4.565993309020996 2.719999313354492
    endloop
  endfacet
  facet normal 0 0 1
    outer loop
      vertex -23.12445068359375 -4.890771865844727 2.719999313354492
      vertex -23.285160064697266 -4.617134094238281 2.719999313354492
      vertex -23.200035095214844 -4.944175720214844 2.719999313354492
    endloop
  endfacet
  facet normal 0 0 1
    outer loop
      vertex -23.404369354248047 -4.688733100891113 2.719999313354492
      vertex -23.200035095214844 -4.944175720214844 2.719999313354492
      vertex -23.285160064697266 -4.617134094238281 2.719999313354492
    endloop
  endfacet
  facet normal 0 0 1
    outer loop
      vertex -23.508039474487305 -4.780787467956543 2.719999313354492
      vertex -23.200035095214844 -4.944175720214844 2.719999313354492
      vertex -23.404369354248047 -4.688733100891113 2.719999313354492
    endloop
  endfacet
  facet normal 0 0 1
    outer loop
      vertex -23.200035095214844 -4.944175720214844 2.719999313354492
      vertex -23.508039474487305 -4.780787467956543 2.719999313354492
      vertex -23.265056610107422 -5.012838363647461 2.719999313354492
    endloop
  endfacet
  facet normal 0 0 1
    outer loop
      vertex -23.596168518066406 -4.893299102783203 2.719999313354492
      vertex -23.265056610107422 -5.012838363647461 2.719999313354492
      vertex -23.508039474487305 -4.780787467956543 2.719999313354492
    endloop
  endfacet
  facet normal 0 0 1
    outer loop
      vertex -23.265056610107422 -5.012838363647461 2.719999313354492
      vertex -23.596168518066406 -4.893299102783203 2.719999313354492
      vertex -23.319509506225586 -5.096759796142578 2.719999313354492
    endloop
  endfacet
  facet normal 0 0 1
    outer loop
      vertex -23.66983413696289 -5.026324272155762 2.719999313354492
      vertex -23.319509506225586 -5.096759796142578 2.719999313354492
      vertex -23.596168518066406 -4.893299102783203 2.719999313354492
    endloop
  endfacet
  facet normal 0 0 1
    outer loop
      vertex -23.319509506225586 -5.096759796142578 2.719999313354492
      vertex -23.66983413696289 -5.026324272155762 2.719999313354492
      vertex -23.364572525024414 -5.198132514953613 2.719999313354492
    endloop
  endfacet
  facet normal 0 0 1
    outer loop
      vertex -23.7301025390625 -5.179919242858887 2.719999313354492
      vertex -23.364572525024414 -5.198132514953613 2.719999313354492
      vertex -23.66983413696289 -5.026324272155762 2.719999313354492
    endloop
  endfacet
  facet normal 0 0 1
    outer loop
      vertex -23.837249755859375 -6 2.719999313354492
      vertex -23.466989517211914 -6 2.719999313354492
      vertex -23.462892532348633 -5.80029296875 2.719999313354492
    endloop
  endfacet
  facet normal 0 0 1
    outer loop
      vertex -23.364572525024414 -5.198132514953613 2.719999313354492
      vertex -23.7301025390625 -5.179919242858887 2.719999313354492
      vertex -23.401443481445312 -5.3191728591918945 2.719999313354492
    endloop
  endfacet
  facet normal 0 0 1
    outer loop
      vertex -23.776979446411133 -5.3540849685668945 2.719999313354492
      vertex -23.401443481445312 -5.3191728591918945 2.719999313354492
      vertex -23.7301025390625 -5.179919242858887 2.719999313354492
    endloop
  endfacet
  facet normal 0 0 1
    outer loop
      vertex -23.466989517211914 -6 2.719999313354492
      vertex -23.837249755859375 -6 2.719999313354492
      vertex -23.83035659790039 -6.231131553649902 2.719999313354492
    endloop
  endfacet
  facet normal 0 0 1
    outer loop
      vertex -23.401443481445312 -5.3191728591918945 2.719999313354492
      vertex -23.776979446411133 -5.3540849685668945 2.719999313354492
      vertex -23.430118560791016 -5.4598798751831055 2.719999313354492
    endloop
  endfacet
  facet normal 0 0 1
    outer loop
      vertex -23.466989517211914 -6 2.719999313354492
      vertex -23.83035659790039 -6.231131553649902 2.719999313354492
      vertex -23.809673309326172 -6.443049430847168 2.719999313354492
    endloop
  endfacet
  facet normal 0 0 1
    outer loop
      vertex -23.810462951660156 -5.548819541931152 2.719999313354492
      vertex -23.430118560791016 -5.4598798751831055 2.719999313354492
      vertex -23.776979446411133 -5.3540849685668945 2.719999313354492
    endloop
  endfacet
  facet normal 0 0 1
    outer loop
      vertex -23.466989517211914 -6 2.719999313354492
      vertex -23.809673309326172 -6.443049430847168 2.719999313354492
      vertex -23.77520179748535 -6.635751724243164 2.719999313354492
    endloop
  endfacet
  facet normal 0 0 1
    outer loop
      vertex -23.430118560791016 -5.4598798751831055 2.719999313354492
      vertex -23.810462951660156 -5.548819541931152 2.719999313354492
      vertex -23.450603485107422 -5.62025260925293 2.719999313354492
    endloop
  endfacet
  facet normal 0 0 1
    outer loop
      vertex -23.466989517211914 -6 2.719999313354492
      vertex -23.77520179748535 -6.635751724243164 2.719999313354492
      vertex -23.726943969726562 -6.809239387512207 2.719999313354492
    endloop
  endfacet
  facet normal 0 0 1
    outer loop
      vertex -23.83055305480957 -5.764124870300293 2.719999313354492
      vertex -23.450603485107422 -5.62025260925293 2.719999313354492
      vertex -23.810462951660156 -5.548819541931152 2.719999313354492
    endloop
  endfacet
  facet normal 0 0 1
    outer loop
      vertex -23.466989517211914 -6 2.719999313354492
      vertex -23.726943969726562 -6.809239387512207 2.719999313354492
      vertex -23.664894104003906 -6.963512420654297 2.719999313354492
    endloop
  endfacet
  facet normal 0 0 1
    outer loop
      vertex -23.450603485107422 -5.62025260925293 2.719999313354492
      vertex -23.83055305480957 -5.764124870300293 2.719999313354492
      vertex -23.462892532348633 -5.80029296875 2.719999313354492
    endloop
  endfacet
  facet normal 0 0 1
    outer loop
      vertex -23.466989517211914 -6 2.719999313354492
      vertex -23.589059829711914 -7.098569869995117 2.719999313354492
      vertex -23.49949073791504 -7.213565826416016 2.719999313354492
    endloop
  endfacet
  facet normal 0 0 1
    outer loop
      vertex -23.462892532348633 -5.80029296875 2.719999313354492
      vertex -23.83055305480957 -5.764124870300293 2.719999313354492
      vertex -23.837249755859375 -6 2.719999313354492
    endloop
  endfacet
  facet normal 0 0 1
    outer loop
      vertex -23.589059829711914 -7.098569869995117 2.719999313354492
      vertex -23.466989517211914 -6 2.719999313354492
      vertex -23.664894104003906 -6.963512420654297 2.719999313354492
    endloop
  endfacet
  facet normal 0 0 1
    outer loop
      vertex -21.908931732177734 -6.633201599121094 2.719999313354492
      vertex -22.284786224365234 -6.660053253173828 2.719999313354492
      vertex -21.95818328857422 -6.806519508361816 2.719999313354492
    endloop
  endfacet
  facet normal 0 0 1
    outer loop
      vertex -22.32242202758789 -6.782120704650879 2.719999313354492
      vertex -21.95818328857422 -6.806519508361816 2.719999313354492
      vertex -22.284786224365234 -6.660053253173828 2.719999313354492
    endloop
  endfacet
  facet normal 0 0 1
    outer loop
      vertex -21.95818328857422 -6.806519508361816 2.719999313354492
      vertex -22.32242202758789 -6.782120704650879 2.719999313354492
      vertex -22.02150535583496 -6.960962295532227 2.719999313354492
    endloop
  endfacet
  facet normal 0 0 1
    outer loop
      vertex -22.368419647216797 -6.887009620666504 2.719999313354492
      vertex -22.02150535583496 -6.960962295532227 2.719999313354492
      vertex -22.32242202758789 -6.782120704650879 2.719999313354492
    endloop
  endfacet
  facet normal 0 0 1
    outer loop
      vertex -22.02150535583496 -6.960962295532227 2.719999313354492
      vertex -22.368419647216797 -6.887009620666504 2.719999313354492
      vertex -22.098899841308594 -7.096529960632324 2.719999313354492
    endloop
  endfacet
  facet normal 0 0 1
    outer loop
      vertex -22.423404693603516 -6.975275039672852 2.719999313354492
      vertex -22.098899841308594 -7.096529960632324 2.719999313354492
      vertex -22.368419647216797 -6.887009620666504 2.719999313354492
    endloop
  endfacet
  facet normal 0 0 1
    outer loop
      vertex -22.098899841308594 -7.096529960632324 2.719999313354492
      vertex -22.423404693603516 -6.975275039672852 2.719999313354492
      vertex -22.19001579284668 -7.212148666381836 2.719999313354492
    endloop
  endfacet
  facet normal 0 0 1
    outer loop
      vertex -22.487995147705078 -7.047492980957031 2.719999313354492
      vertex -22.19001579284668 -7.212148666381836 2.719999313354492
      vertex -22.423404693603516 -6.975275039672852 2.719999313354492
    endloop
  endfacet
  facet normal 0 0 1
    outer loop
      vertex -22.19001579284668 -7.212148666381836 2.719999313354492
      vertex -22.487995147705078 -7.047492980957031 2.719999313354492
      vertex -22.294525146484375 -7.306746482849121 2.719999313354492
    endloop
  endfacet
  facet normal 0 0 1
    outer loop
      vertex -22.562196731567383 -7.103662490844727 2.719999313354492
      vertex -22.294525146484375 -7.306746482849121 2.719999313354492
      vertex -22.487995147705078 -7.047492980957031 2.719999313354492
    endloop
  endfacet
  facet normal 0 0 1
    outer loop
      vertex -22.294525146484375 -7.306746482849121 2.719999313354492
      vertex -22.562196731567383 -7.103662490844727 2.719999313354492
      vertex -22.412429809570312 -7.380322456359863 2.719999313354492
    endloop
  endfacet
  facet normal 0 0 1
    outer loop
      vertex -22.412429809570312 -7.380322456359863 2.719999313354492
      vertex -22.562196731567383 -7.103662490844727 2.719999313354492
      vertex -22.543725967407227 -7.4328765869140625 2.719999313354492
    endloop
  endfacet
  facet normal 0 0 1
    outer loop
      vertex -22.646007537841797 -7.143782615661621 2.719999313354492
      vertex -22.543725967407227 -7.4328765869140625 2.719999313354492
      vertex -22.562196731567383 -7.103662490844727 2.719999313354492
    endloop
  endfacet
  facet normal 0 0 1
    outer loop
      vertex -22.646007537841797 -7.143782615661621 2.719999313354492
      vertex -22.68841552734375 -7.464408874511719 2.719999313354492
      vertex -22.543725967407227 -7.4328765869140625 2.719999313354492
    endloop
  endfacet
  facet normal 0 0 1
    outer loop
      vertex -22.739423751831055 -7.167855262756348 2.719999313354492
      vertex -22.68841552734375 -7.464408874511719 2.719999313354492
      vertex -22.646007537841797 -7.143782615661621 2.719999313354492
    endloop
  endfacet
  facet normal 0 0 1
    outer loop
      vertex -22.846500396728516 -7.474919319152832 2.719999313354492
      vertex -22.739423751831055 -7.167855262756348 2.719999313354492
      vertex -22.842449188232422 -7.17587947845459 2.719999313354492
    endloop
  endfacet
  facet normal 0 0 1
    outer loop
      vertex -22.739423751831055 -7.167855262756348 2.719999313354492
      vertex -22.846500396728516 -7.474919319152832 2.719999313354492
      vertex -22.68841552734375 -7.464408874511719 2.719999313354492
    endloop
  endfacet
  facet normal 0 0 1
    outer loop
      vertex -22.946060180664062 -7.168024063110352 2.719999313354492
      vertex -22.846500396728516 -7.474919319152832 2.719999313354492
      vertex -22.842449188232422 -7.17587947845459 2.719999313354492
    endloop
  endfacet
  facet normal 0 0 1
    outer loop
      vertex -22.946060180664062 -7.168024063110352 2.719999313354492
      vertex -23.004451751708984 -7.464465141296387 2.719999313354492
      vertex -22.846500396728516 -7.474919319152832 2.719999313354492
    endloop
  endfacet
  facet normal 0 0 1
    outer loop
      vertex -23.03989601135254 -7.1444597244262695 2.719999313354492
      vertex -23.004451751708984 -7.464465141296387 2.719999313354492
      vertex -22.946060180664062 -7.168024063110352 2.719999313354492
    endloop
  endfacet
  facet normal 0 0 1
    outer loop
      vertex -23.148727416992188 -7.433102607727051 2.719999313354492
      vertex -23.03989601135254 -7.1444597244262695 2.719999313354492
      vertex -23.12395477294922 -7.105184555053711 2.719999313354492
    endloop
  endfacet
  facet normal 0 0 1
    outer loop
      vertex -23.03989601135254 -7.1444597244262695 2.719999313354492
      vertex -23.148727416992188 -7.433102607727051 2.719999313354492
      vertex -23.004451751708984 -7.464465141296387 2.719999313354492
    endloop
  endfacet
  facet normal 0 0 1
    outer loop
      vertex -23.3962459564209 -7.307652473449707 2.719999313354492
      vertex -23.12395477294922 -7.105184555053711 2.719999313354492
      vertex -23.1982364654541 -7.050199508666992 2.719999313354492
    endloop
  endfacet
  facet normal 0 0 1
    outer loop
      vertex -23.49949073791504 -7.213565826416016 2.719999313354492
      vertex -23.1982364654541 -7.050199508666992 2.719999313354492
      vertex -23.262741088867188 -6.979504585266113 2.719999313354492
    endloop
  endfacet
  facet normal 0 0 1
    outer loop
      vertex -23.12395477294922 -7.105184555053711 2.719999313354492
      vertex -23.27932357788086 -7.380831718444824 2.719999313354492
      vertex -23.148727416992188 -7.433102607727051 2.719999313354492
    endloop
  endfacet
  facet normal 0 0 1
    outer loop
      vertex -23.49949073791504 -7.213565826416016 2.719999313354492
      vertex -23.262741088867188 -6.979504585266113 2.719999313354492
      vertex -23.31747055053711 -6.893099784851074 2.719999313354492
    endloop
  endfacet
  facet normal 0 0 1
    outer loop
      vertex -23.49949073791504 -7.213565826416016 2.719999313354492
      vertex -23.31747055053711 -6.893099784851074 2.719999313354492
      vertex -23.363155364990234 -6.789741516113281 2.719999313354492
    endloop
  endfacet
  facet normal 0 0 1
    outer loop
      vertex -23.12395477294922 -7.105184555053711 2.719999313354492
      vertex -23.3962459564209 -7.307652473449707 2.719999313354492
      vertex -23.27932357788086 -7.380831718444824 2.719999313354492
    endloop
  endfacet
  facet normal 0 0 1
    outer loop
      vertex -23.49949073791504 -7.213565826416016 2.719999313354492
      vertex -23.363155364990234 -6.789741516113281 2.719999313354492
      vertex -23.400535583496094 -6.668186187744141 2.719999313354492
    endloop
  endfacet
  facet normal 0 0 1
    outer loop
      vertex -23.49949073791504 -7.213565826416016 2.719999313354492
      vertex -23.400535583496094 -6.668186187744141 2.719999313354492
      vertex -23.429609298706055 -6.528434753417969 2.719999313354492
    endloop
  endfacet
  facet normal 0 0 1
    outer loop
      vertex -23.49949073791504 -7.213565826416016 2.719999313354492
      vertex -23.429609298706055 -6.528434753417969 2.719999313354492
      vertex -23.450376510620117 -6.370486259460449 2.719999313354492
    endloop
  endfacet
  facet normal 0 0 1
    outer loop
      vertex -23.49949073791504 -7.213565826416016 2.719999313354492
      vertex -23.450376510620117 -6.370486259460449 2.719999313354492
      vertex -23.46283721923828 -6.194341659545898 2.719999313354492
    endloop
  endfacet
  facet normal 0 0 1
    outer loop
      vertex -23.1982364654541 -7.050199508666992 2.719999313354492
      vertex -23.49949073791504 -7.213565826416016 2.719999313354492
      vertex -23.3962459564209 -7.307652473449707 2.719999313354492
    endloop
  endfacet
  facet normal 0 0 1
    outer loop
      vertex -23.49949073791504 -7.213565826416016 2.719999313354492
      vertex -23.46283721923828 -6.194341659545898 2.719999313354492
      vertex -23.466989517211914 -6 2.719999313354492
    endloop
  endfacet
  facet normal 0 0 1
    outer loop
      vertex -25.26959991455078 -4.917719841003418 2.719999313354492
      vertex -24.901348114013672 -4.5677995681762695 2.719999313354492
      vertex -25.239059448242188 -4.5677995681762695 2.719999313354492
    endloop
  endfacet
  facet normal 0 0 1
    outer loop
      vertex -24.901348114013672 -7.122989654541016 2.719999313354492
      vertex -24.20357894897461 -7.434239387512207 2.719999313354492
      vertex -24.20357894897461 -7.122989654541016 2.719999313354492
    endloop
  endfacet
  facet normal 0 0 1
    outer loop
      vertex -24.901348114013672 -4.5677995681762695 2.719999313354492
      vertex -25.26959991455078 -4.917719841003418 2.719999313354492
      vertex -24.901348114013672 -7.122989654541016 2.719999313354492
    endloop
  endfacet
  facet normal 0 0 1
    outer loop
      vertex -25.26959991455078 -7.122989654541016 2.719999313354492
      vertex -24.901348114013672 -7.122989654541016 2.719999313354492
      vertex -25.26959991455078 -4.917719841003418 2.719999313354492
    endloop
  endfacet
  facet normal 0 0 1
    outer loop
      vertex -25.26959991455078 -7.122989654541016 2.719999313354492
      vertex -24.20357894897461 -7.434239387512207 2.719999313354492
      vertex -24.901348114013672 -7.122989654541016 2.719999313354492
    endloop
  endfacet
  facet normal 0 0 1
    outer loop
      vertex -25.999919891357422 -7.434239387512207 2.719999313354492
      vertex -25.26959991455078 -7.122989654541016 2.719999313354492
      vertex -25.999919891357422 -7.122989654541016 2.719999313354492
    endloop
  endfacet
  facet normal 0 0 1
    outer loop
      vertex -25.26959991455078 -7.122989654541016 2.719999313354492
      vertex -25.999919891357422 -7.434239387512207 2.719999313354492
      vertex -24.20357894897461 -7.434239387512207 2.719999313354492
    endloop
  endfacet
  facet normal 0 0 1
    outer loop
      vertex -25.916519165039062 -5.033669471740723 2.719999313354492
      vertex -25.26959991455078 -4.917719841003418 2.719999313354492
      vertex -25.239059448242188 -4.5677995681762695 2.719999313354492
    endloop
  endfacet
  facet normal 0 0 1
    outer loop
      vertex -25.26959991455078 -4.917719841003418 2.719999313354492
      vertex -25.916519165039062 -5.033669471740723 2.719999313354492
      vertex -25.916519165039062 -5.379509925842285 2.719999313354492
    endloop
  endfacet
  facet normal -1 0 0
    outer loop
      vertex 5.09999942779541 -2 10.899999618530273
      vertex 5.09999942779541 2 19.099998474121094
      vertex 5.09999942779541 2 10.899999618530273
    endloop
  endfacet
  facet normal -1 0 0
    outer loop
      vertex 5.09999942779541 2 19.099998474121094
      vertex 5.09999942779541 -2 10.899999618530273
      vertex 5.09999942779541 -2 19.099998474121094
    endloop
  endfacet
  facet normal 0 0 -1
    outer loop
      vertex -5.09999942779541 -2 19.099998474121094
      vertex 5.09999942779541 2 19.099998474121094
      vertex 5.09999942779541 -2 19.099998474121094
    endloop
  endfacet
  facet normal 0 0 -1
    outer loop
      vertex 5.09999942779541 2 19.099998474121094
      vertex -5.09999942779541 -2 19.099998474121094
      vertex -5.09999942779541 2 19.099998474121094
    endloop
  endfacet
  facet normal 0 0 1
    outer loop
      vertex -5.09999942779541 2 10.899999618530273
      vertex 5.09999942779541 -2 10.899999618530273
      vertex 5.09999942779541 2 10.899999618530273
    endloop
  endfacet
  facet normal 0 0 1
    outer loop
      vertex 5.09999942779541 -2 10.899999618530273
      vertex -5.09999942779541 2 10.899999618530273
      vertex -5.09999942779541 -2 10.899999618530273
    endloop
  endfacet
  facet normal 1 0 0
    outer loop
      vertex -5.09999942779541 -2 19.099998474121094
      vertex -5.09999942779541 2 10.899999618530273
      vertex -5.09999942779541 2 19.099998474121094
    endloop
  endfacet
  facet normal 1 0 0
    outer loop
      vertex -5.09999942779541 2 10.899999618530273
      vertex -5.09999942779541 -2 19.099998474121094
      vertex -5.09999942779541 -2 10.899999618530273
    endloop
  endfacet
  facet normal -0.2129314580563381 0.9770671390288398 0
    outer loop
      vertex -0.2811908721923828 -7.4328765869140625 2.719999313354492
      vertex -0.42588138580322266 -7.464408874511719 3
      vertex -0.2811908721923828 -7.4328765869140625 3
    endloop
  endfacet
  facet normal -0.2129314580563381 0.9770671390288398 0
    outer loop
      vertex -0.42588138580322266 -7.464408874511719 3
      vertex -0.2811908721923828 -7.4328765869140625 2.719999313354492
      vertex -0.42588138580322266 -7.464408874511719 2.719999313354492
    endloop
  endfacet
  facet normal -0.3716080824191737 0.9283896989307586 0
    outer loop
      vertex -0.14989471435546875 -7.380322456359863 2.719999313354492
      vertex -0.2811908721923828 -7.4328765869140625 3
      vertex -0.14989471435546875 -7.380322456359863 3
    endloop
  endfacet
  facet normal -0.3716080824191737 0.9283896989307586 0
    outer loop
      vertex -0.2811908721923828 -7.4328765869140625 3
      vertex -0.14989471435546875 -7.380322456359863 2.719999313354492
      vertex -0.2811908721923828 -7.4328765869140625 2.719999313354492
    endloop
  endfacet
  facet normal -0.5294097523680226 0.8483662617629423 0
    outer loop
      vertex -0.031991004943847656 -7.306746482849121 2.719999313354492
      vertex -0.14989471435546875 -7.380322456359863 3
      vertex -0.031991004943847656 -7.306746482849121 3
    endloop
  endfacet
  facet normal -0.5294097523680226 0.8483662617629423 0
    outer loop
      vertex -0.14989471435546875 -7.380322456359863 3
      vertex -0.031991004943847656 -7.306746482849121 2.719999313354492
      vertex -0.14989471435546875 -7.380322456359863 2.719999313354492
    endloop
  endfacet
  facet normal -0.6710794725618052 0.7413854203490713 0
    outer loop
      vertex 0.07251739501953125 -7.212148666381836 2.719999313354492
      vertex -0.031991004943847656 -7.306746482849121 3
      vertex 0.07251739501953125 -7.212148666381836 3
    endloop
  endfacet
  facet normal -0.6710794725618052 0.7413854203490713 0
    outer loop
      vertex -0.031991004943847656 -7.306746482849121 3
      vertex 0.07251739501953125 -7.212148666381836 2.719999313354492
      vertex -0.031991004943847656 -7.306746482849121 2.719999313354492
    endloop
  endfacet
  facet normal -0.7854144606514556 0.6189702133379141 0
    outer loop
      vertex 0.07251739501953125 -7.212148666381836 2.719999313354492
      vertex 0.1636343002319336 -7.096529960632324 3
      vertex 0.1636343002319336 -7.096529960632324 2.719999313354492
    endloop
  endfacet
  facet normal -0.7854144606514556 0.6189702133379141 0
    outer loop
      vertex 0.1636343002319336 -7.096529960632324 3
      vertex 0.07251739501953125 -7.212148666381836 2.719999313354492
      vertex 0.07251739501953125 -7.212148666381836 3
    endloop
  endfacet
  facet normal -0.8684438293836823 0.4957875706443293 0
    outer loop
      vertex 0.1636343002319336 -7.096529960632324 2.719999313354492
      vertex 0.2410287857055664 -6.960962295532227 3
      vertex 0.2410287857055664 -6.960962295532227 2.719999313354492
    endloop
  endfacet
  facet normal -0.8684438293836823 0.4957875706443293 0
    outer loop
      vertex 0.2410287857055664 -6.960962295532227 3
      vertex 0.1636343002319336 -7.096529960632324 2.719999313354492
      vertex 0.1636343002319336 -7.096529960632324 3
    endloop
  endfacet
  facet normal -0.9252508022478253 0.3793559712720436 0
    outer loop
      vertex 0.2410287857055664 -6.960962295532227 2.719999313354492
      vertex 0.3043508529663086 -6.806519508361816 3
      vertex 0.3043508529663086 -6.806519508361816 2.719999313354492
    endloop
  endfacet
  facet normal -0.9252508022478253 0.3793559712720436 0
    outer loop
      vertex 0.3043508529663086 -6.806519508361816 3
      vertex 0.2410287857055664 -6.960962295532227 2.719999313354492
      vertex 0.2410287857055664 -6.960962295532227 3
    endloop
  endfacet
  facet normal -0.9619156386287258 0.2733464910356279 0
    outer loop
      vertex 0.3043508529663086 -6.806519508361816 2.719999313354492
      vertex 0.35360240936279297 -6.633201599121094 3
      vertex 0.35360240936279297 -6.633201599121094 2.719999313354492
    endloop
  endfacet
  facet normal -0.9619156386287258 0.2733464910356279 0
    outer loop
      vertex 0.35360240936279297 -6.633201599121094 3
      vertex 0.3043508529663086 -6.806519508361816 2.719999313354492
      vertex 0.3043508529663086 -6.806519508361816 3
    endloop
  endfacet
  facet normal -0.9836574243129594 0.1800501918743621 0
    outer loop
      vertex 0.35360240936279297 -6.633201599121094 2.719999313354492
      vertex 0.3887815475463867 -6.441009521484375 3
      vertex 0.3887815475463867 -6.441009521484375 2.719999313354492
    endloop
  endfacet
  facet normal -0.9836574243129594 0.1800501918743621 0
    outer loop
      vertex 0.3887815475463867 -6.441009521484375 3
      vertex 0.35360240936279297 -6.633201599121094 2.719999313354492
      vertex 0.35360240936279297 -6.633201599121094 3
    endloop
  endfacet
  facet normal -0.9950371902099892 0.09950371902099892 0
    outer loop
      vertex 0.3887815475463867 -6.441009521484375 2.719999313354492
      vertex 0.40988826751708984 -6.229942321777344 3
      vertex 0.40988826751708984 -6.229942321777344 2.719999313354492
    endloop
  endfacet
  facet normal -0.9950371902099892 0.09950371902099892 0
    outer loop
      vertex 0.40988826751708984 -6.229942321777344 3
      vertex 0.3887815475463867 -6.441009521484375 2.719999313354492
      vertex 0.3887815475463867 -6.441009521484375 3
    endloop
  endfacet
  facet normal -0.9995321519795813 0.03058557109270941 0
    outer loop
      vertex 0.40988826751708984 -6.229942321777344 2.719999313354492
      vertex 0.41692447662353516 -6 3
      vertex 0.41692447662353516 -6 2.719999313354492
    endloop
  endfacet
  facet normal -0.9995321519795813 0.03058557109270941 0
    outer loop
      vertex 0.41692447662353516 -6 3
      vertex 0.40988826751708984 -6.229942321777344 2.719999313354492
      vertex 0.40988826751708984 -6.229942321777344 3
    endloop
  endfacet
  facet normal -0.9995890037839505 -0.028667464384024656 0
    outer loop
      vertex 0.41692447662353516 -6 2.719999313354492
      vertex 0.41022777557373047 -5.766496658325195 3
      vertex 0.41022777557373047 -5.766496658325195 2.719999313354492
    endloop
  endfacet
  facet normal -0.9995890037839505 -0.028667464384024656 0
    outer loop
      vertex 0.41022777557373047 -5.766496658325195 3
      vertex 0.41692447662353516 -6 2.719999313354492
      vertex 0.41692447662353516 -6 3
    endloop
  endfacet
  facet normal -0.9956064151812226 -0.09363688402544629 0
    outer loop
      vertex 0.41022777557373047 -5.766496658325195 2.719999313354492
      vertex 0.3901376724243164 -5.552886009216309 3
      vertex 0.3901376724243164 -5.552886009216309 2.719999313354492
    endloop
  endfacet
  facet normal -0.9956064151812226 -0.09363688402544629 0
    outer loop
      vertex 0.3901376724243164 -5.552886009216309 3
      vertex 0.41022777557373047 -5.766496658325195 2.719999313354492
      vertex 0.41022777557373047 -5.766496658325195 3
    endloop
  endfacet
  facet normal -0.9853883255463153 -0.17032277556753508 0
    outer loop
      vertex 0.3901376724243164 -5.552886009216309 2.719999313354492
      vertex 0.35665416717529297 -5.359169960021973 3
      vertex 0.35665416717529297 -5.359169960021973 2.719999313354492
    endloop
  endfacet
  facet normal -0.9853883255463153 -0.17032277556753508 0
    outer loop
      vertex 0.35665416717529297 -5.359169960021973 3
      vertex 0.3901376724243164 -5.552886009216309 2.719999313354492
      vertex 0.3901376724243164 -5.552886009216309 3
    endloop
  endfacet
  facet normal -0.9655078094580993 -0.2603740960146047 0
    outer loop
      vertex 0.35665416717529297 -5.359169960021973 2.719999313354492
      vertex 0.30977821350097656 -5.185346603393555 3
      vertex 0.30977821350097656 -5.185346603393555 2.719999313354492
    endloop
  endfacet
  facet normal -0.9655078094580993 -0.2603740960146047 0
    outer loop
      vertex 0.30977821350097656 -5.185346603393555 3
      vertex 0.35665416717529297 -5.359169960021973 2.719999313354492
      vertex 0.35665416717529297 -5.359169960021973 3
    endloop
  endfacet
  facet normal -0.9311676868861893 -0.3645911942148679 0
    outer loop
      vertex 0.30977821350097656 -5.185346603393555 2.719999313354492
      vertex 0.24950790405273438 -5.031415939331055 3
      vertex 0.24950790405273438 -5.031415939331055 2.719999313354492
    endloop
  endfacet
  facet normal -0.9311676868861893 -0.3645911942148679 0
    outer loop
      vertex 0.24950790405273438 -5.031415939331055 3
      vertex 0.30977821350097656 -5.185346603393555 2.719999313354492
      vertex 0.30977821350097656 -5.185346603393555 3
    endloop
  endfacet
  facet normal -0.876370815585486 -0.4816369935854491 0
    outer loop
      vertex 0.24950790405273438 -5.031415939331055 2.719999313354492
      vertex 0.1758441925048828 -4.8973798751831055 3
      vertex 0.1758441925048828 -4.8973798751831055 2.719999313354492
    endloop
  endfacet
  facet normal -0.876370815585486 -0.4816369935854491 0
    outer loop
      vertex 0.1758441925048828 -4.8973798751831055 3
      vertex 0.24950790405273438 -5.031415939331055 2.719999313354492
      vertex 0.24950790405273438 -5.031415939331055 3
    endloop
  endfacet
  facet normal -0.7918909449154155 -0.6106625347611971 0
    outer loop
      vertex 0.1758441925048828 -4.8973798751831055 2.719999313354492
      vertex 0.0881195068359375 -4.783620834350586 3
      vertex 0.0881195068359375 -4.783620834350586 2.719999313354492
    endloop
  endfacet
  facet normal -0.7918909449154155 -0.6106625347611971 0
    outer loop
      vertex 0.0881195068359375 -4.783620834350586 3
      vertex 0.1758441925048828 -4.8973798751831055 2.719999313354492
      vertex 0.1758441925048828 -4.8973798751831055 3
    endloop
  endfacet
  facet normal -0.6723421779249474 -0.7402404986105112 0
    outer loop
      vertex -0.014354705810546875 -4.690546035766602 2.719999313354492
      vertex 0.0881195068359375 -4.783620834350586 3
      vertex -0.014354705810546875 -4.690546035766602 3
    endloop
  endfacet
  facet normal -0.6723421779249474 -0.7402404986105112 0
    outer loop
      vertex 0.0881195068359375 -4.783620834350586 3
      vertex -0.014354705810546875 -4.690546035766602 2.719999313354492
      vertex 0.0881195068359375 -4.783620834350586 2.719999313354492
    endloop
  endfacet
  facet normal -0.5254299534254334 -0.8508368610041215 0
    outer loop
      vertex -0.13157939910888672 -4.618154525756836 2.719999313354492
      vertex -0.014354705810546875 -4.690546035766602 3
      vertex -0.13157939910888672 -4.618154525756836 3
    endloop
  endfacet
  facet normal -0.5254299534254334 -0.8508368610041215 0
    outer loop
      vertex -0.014354705810546875 -4.690546035766602 3
      vertex -0.13157939910888672 -4.618154525756836 2.719999313354492
      vertex -0.014354705810546875 -4.690546035766602 2.719999313354492
    endloop
  endfacet
  facet normal -0.3648016594466379 -0.9310852534891633 0
    outer loop
      vertex -0.26355457305908203 -4.566446304321289 2.719999313354492
      vertex -0.13157939910888672 -4.618154525756836 3
      vertex -0.26355457305908203 -4.566446304321289 3
    endloop
  endfacet
  facet normal -0.3648016594466379 -0.9310852534891633 0
    outer loop
      vertex -0.13157939910888672 -4.618154525756836 3
      vertex -0.26355457305908203 -4.566446304321289 2.719999313354492
      vertex -0.13157939910888672 -4.618154525756836 2.719999313354492
    endloop
  endfacet
  facet normal -0.2068757165690537 -0.9783672305908659 0
    outer loop
      vertex -0.4102792739868164 -4.535421371459961 2.719999313354492
      vertex -0.26355457305908203 -4.566446304321289 3
      vertex -0.4102792739868164 -4.535421371459961 3
    endloop
  endfacet
  facet normal -0.2068757165690537 -0.9783672305908659 0
    outer loop
      vertex -0.26355457305908203 -4.566446304321289 3
      vertex -0.4102792739868164 -4.535421371459961 2.719999313354492
      vertex -0.26355457305908203 -4.566446304321289 2.719999313354492
    endloop
  endfacet
  facet normal -0.0639138464911893 -0.9979554199595796 0
    outer loop
      vertex -0.5717544555664062 -4.525079727172852 2.719999313354492
      vertex -0.4102792739868164 -4.535421371459961 3
      vertex -0.5717544555664062 -4.525079727172852 3
    endloop
  endfacet
  facet normal -0.0639138464911893 -0.9979554199595796 0
    outer loop
      vertex -0.4102792739868164 -4.535421371459961 3
      vertex -0.5717544555664062 -4.525079727172852 2.719999313354492
      vertex -0.4102792739868164 -4.535421371459961 2.719999313354492
    endloop
  endfacet
  facet normal 0.06156170842791264 -0.9981032792529221 0
    outer loop
      vertex -0.737584114074707 -4.535307884216309 2.719999313354492
      vertex -0.5717544555664062 -4.525079727172852 3
      vertex -0.737584114074707 -4.535307884216309 3
    endloop
  endfacet
  facet normal 0.06156170842791264 -0.9981032792529221 0
    outer loop
      vertex -0.5717544555664062 -4.525079727172852 3
      vertex -0.737584114074707 -4.535307884216309 2.719999313354492
      vertex -0.5717544555664062 -4.525079727172852 2.719999313354492
    endloop
  endfacet
  facet normal 0.2000469834278311 -0.9797863054877961 0
    outer loop
      vertex -0.8878746032714844 -4.565993309020996 2.719999313354492
      vertex -0.737584114074707 -4.535307884216309 3
      vertex -0.8878746032714844 -4.565993309020996 3
    endloop
  endfacet
  facet normal 0.2000469834278311 -0.9797863054877961 0
    outer loop
      vertex -0.737584114074707 -4.535307884216309 3
      vertex -0.8878746032714844 -4.565993309020996 2.719999313354492
      vertex -0.737584114074707 -4.535307884216309 2.719999313354492
    endloop
  endfacet
  facet normal 0.35482756561390844 -0.9349317615101689 0
    outer loop
      vertex -1.0226249694824219 -4.617134094238281 2.719999313354492
      vertex -0.8878746032714844 -4.565993309020996 3
      vertex -1.0226249694824219 -4.617134094238281 3
    endloop
  endfacet
  facet normal 0.35482756561390844 -0.9349317615101689 0
    outer loop
      vertex -0.8878746032714844 -4.565993309020996 3
      vertex -1.0226249694824219 -4.617134094238281 2.719999313354492
      vertex -0.8878746032714844 -4.565993309020996 2.719999313354492
    endloop
  endfacet
  facet normal 0.5148839909720524 -0.8572598648255331 0
    outer loop
      vertex -1.1418342590332031 -4.688733100891113 2.719999313354492
      vertex -1.0226249694824219 -4.617134094238281 3
      vertex -1.1418342590332031 -4.688733100891113 3
    endloop
  endfacet
  facet normal 0.5148839909720524 -0.8572598648255331 0
    outer loop
      vertex -1.0226249694824219 -4.617134094238281 3
      vertex -1.1418342590332031 -4.688733100891113 2.719999313354492
      vertex -1.0226249694824219 -4.617134094238281 2.719999313354492
    endloop
  endfacet
  facet normal 0.6639735124395257 -0.7477560931070498 0
    outer loop
      vertex -1.245504379272461 -4.780787467956543 2.719999313354492
      vertex -1.1418342590332031 -4.688733100891113 3
      vertex -1.245504379272461 -4.780787467956543 3
    endloop
  endfacet
  facet normal 0.6639735124395257 -0.7477560931070498 0
    outer loop
      vertex -1.1418342590332031 -4.688733100891113 3
      vertex -1.245504379272461 -4.780787467956543 2.719999313354492
      vertex -1.1418342590332031 -4.688733100891113 2.719999313354492
    endloop
  endfacet
  facet normal 0.7872420365460424 -0.6166441241873952 0
    outer loop
      vertex -1.333634376525879 -4.893299102783203 3
      vertex -1.245504379272461 -4.780787467956543 2.719999313354492
      vertex -1.245504379272461 -4.780787467956543 3
    endloop
  endfacet
  facet normal 0.7872420365460424 -0.6166441241873952 0
    outer loop
      vertex -1.245504379272461 -4.780787467956543 2.719999313354492
      vertex -1.333634376525879 -4.893299102783203 3
      vertex -1.333634376525879 -4.893299102783203 2.719999313354492
    endloop
  endfacet
  facet normal 0.8748241519897341 -0.4844406084293951 0
    outer loop
      vertex -1.4072980880737305 -5.026324272155762 3
      vertex -1.333634376525879 -4.893299102783203 2.719999313354492
      vertex -1.333634376525879 -4.893299102783203 3
    endloop
  endfacet
  facet normal 0.8748241519897341 -0.4844406084293951 0
    outer loop
      vertex -1.333634376525879 -4.893299102783203 2.719999313354492
      vertex -1.4072980880737305 -5.026324272155762 3
      vertex -1.4072980880737305 -5.026324272155762 2.719999313354492
    endloop
  endfacet
  facet normal 0.9308989506315887 -0.3652768042361943 0
    outer loop
      vertex -1.4675674438476562 -5.179919242858887 3
      vertex -1.4072980880737305 -5.026324272155762 2.719999313354492
      vertex -1.4072980880737305 -5.026324272155762 3
    endloop
  endfacet
  facet normal 0.9308989506315887 -0.3652768042361943 0
    outer loop
      vertex -1.4072980880737305 -5.026324272155762 2.719999313354492
      vertex -1.4675674438476562 -5.179919242858887 3
      vertex -1.4675674438476562 -5.179919242858887 2.719999313354492
    endloop
  endfacet
  facet normal 0.9656350534137211 -0.25990179610514413 0
    outer loop
      vertex -1.514444351196289 -5.3540849685668945 3
      vertex -1.4675674438476562 -5.179919242858887 2.719999313354492
      vertex -1.4675674438476562 -5.179919242858887 3
    endloop
  endfacet
  facet normal 0.9656350534137211 -0.25990179610514413 0
    outer loop
      vertex -1.4675674438476562 -5.179919242858887 2.719999313354492
      vertex -1.514444351196289 -5.3540849685668945 3
      vertex -1.514444351196289 -5.3540849685668945 2.719999313354492
    endloop
  endfacet
  facet normal 0.9855374821554541 -0.16945757954924237 0
    outer loop
      vertex -1.5479278564453125 -5.548819541931152 3
      vertex -1.514444351196289 -5.3540849685668945 2.719999313354492
      vertex -1.514444351196289 -5.3540849685668945 3
    endloop
  endfacet
  facet normal 0.9855374821554541 -0.16945757954924237 0
    outer loop
      vertex -1.514444351196289 -5.3540849685668945 2.719999313354492
      vertex -1.5479278564453125 -5.548819541931152 3
      vertex -1.5479278564453125 -5.548819541931152 2.719999313354492
    endloop
  endfacet
  facet normal 0.9956748609433365 -0.0929062499806538 0
    outer loop
      vertex -1.5680179595947266 -5.764124870300293 3
      vertex -1.5479278564453125 -5.548819541931152 2.719999313354492
      vertex -1.5479278564453125 -5.548819541931152 3
    endloop
  endfacet
  facet normal 0.9956748609433365 -0.0929062499806538 0
    outer loop
      vertex -1.5479278564453125 -5.548819541931152 2.719999313354492
      vertex -1.5680179595947266 -5.764124870300293 3
      vertex -1.5680179595947266 -5.764124870300293 2.719999313354492
    endloop
  endfacet
  facet normal 0.9995972226164214 -0.028379438640264383 0
    outer loop
      vertex -1.5747146606445312 -6 3
      vertex -1.5680179595947266 -5.764124870300293 2.719999313354492
      vertex -1.5680179595947266 -5.764124870300293 3
    endloop
  endfacet
  facet normal 0.9995972226164214 -0.028379438640264383 0
    outer loop
      vertex -1.5680179595947266 -5.764124870300293 2.719999313354492
      vertex -1.5747146606445312 -6 3
      vertex -1.5747146606445312 -6 2.719999313354492
    endloop
  endfacet
  facet normal 0.9995554521870786 0.02981439254931895 0
    outer loop
      vertex -1.5678205490112305 -6.231131553649902 3
      vertex -1.5747146606445312 -6 2.719999313354492
      vertex -1.5747146606445312 -6 3
    endloop
  endfacet
  facet normal 0.9995554521870786 0.02981439254931895 0
    outer loop
      vertex -1.5747146606445312 -6 2.719999313354492
      vertex -1.5678205490112305 -6.231131553649902 3
      vertex -1.5678205490112305 -6.231131553649902 2.719999313354492
    endloop
  endfacet
  facet normal 0.9952712655541478 0.09713448389858695 0
    outer loop
      vertex -1.5471382141113281 -6.443049430847168 3
      vertex -1.5678205490112305 -6.231131553649902 2.719999313354492
      vertex -1.5678205490112305 -6.231131553649902 3
    endloop
  endfacet
  facet normal 0.9952712655541478 0.09713448389858695 0
    outer loop
      vertex -1.5678205490112305 -6.231131553649902 2.719999313354492
      vertex -1.5471382141113281 -6.443049430847168 3
      vertex -1.5471382141113281 -6.443049430847168 2.719999313354492
    endloop
  endfacet
  facet normal 0.9843741470382955 0.1760895756216934 0
    outer loop
      vertex -1.5126667022705078 -6.635751724243164 3
      vertex -1.5471382141113281 -6.443049430847168 2.719999313354492
      vertex -1.5471382141113281 -6.443049430847168 3
    endloop
  endfacet
  facet normal 0.9843741470382955 0.1760895756216934 0
    outer loop
      vertex -1.5471382141113281 -6.443049430847168 2.719999313354492
      vertex -1.5126667022705078 -6.635751724243164 3
      vertex -1.5126667022705078 -6.635751724243164 2.719999313354492
    endloop
  endfacet
  facet normal 0.9634208036490919 0.2679931997199516 0
    outer loop
      vertex -1.4644079208374023 -6.809239387512207 3
      vertex -1.5126667022705078 -6.635751724243164 2.719999313354492
      vertex -1.5126667022705078 -6.635751724243164 3
    endloop
  endfacet
  facet normal 0.9634208036490919 0.2679931997199516 0
    outer loop
      vertex -1.5126667022705078 -6.635751724243164 2.719999313354492
      vertex -1.4644079208374023 -6.809239387512207 3
      vertex -1.4644079208374023 -6.809239387512207 2.719999313354492
    endloop
  endfacet
  facet normal 0.9277725620160313 0.3731461820389018 0
    outer loop
      vertex -1.402359962463379 -6.963512420654297 3
      vertex -1.4644079208374023 -6.809239387512207 2.719999313354492
      vertex -1.4644079208374023 -6.809239387512207 3
    endloop
  endfacet
  facet normal 0.9277725620160313 0.3731461820389018 0
    outer loop
      vertex -1.4644079208374023 -6.809239387512207 2.719999313354492
      vertex -1.402359962463379 -6.963512420654297 3
      vertex -1.402359962463379 -6.963512420654297 2.719999313354492
    endloop
  endfacet
  facet normal 0.8719465726635178 0.48960103596739313 0
    outer loop
      vertex -1.3265247344970703 -7.098569869995117 3
      vertex -1.402359962463379 -6.963512420654297 2.719999313354492
      vertex -1.402359962463379 -6.963512420654297 3
    endloop
  endfacet
  facet normal 0.8719465726635178 0.48960103596739313 0
    outer loop
      vertex -1.402359962463379 -6.963512420654297 2.719999313354492
      vertex -1.3265247344970703 -7.098569869995117 3
      vertex -1.3265247344970703 -7.098569869995117 2.719999313354492
    endloop
  endfacet
  facet normal 0.7889303298024924 0.6144826561569744 0
    outer loop
      vertex -1.2369565963745117 -7.213565826416016 3
      vertex -1.3265247344970703 -7.098569869995117 2.719999313354492
      vertex -1.3265247344970703 -7.098569869995117 3
    endloop
  endfacet
  facet normal 0.7889303298024924 0.6144826561569744 0
    outer loop
      vertex -1.3265247344970703 -7.098569869995117 2.719999313354492
      vertex -1.2369565963745117 -7.213565826416016 3
      vertex -1.2369565963745117 -7.213565826416016 2.719999313354492
    endloop
  endfacet
  facet normal 0.6735616189510559 0.739131074624814 0
    outer loop
      vertex -1.1337108612060547 -7.307652473449707 2.719999313354492
      vertex -1.2369565963745117 -7.213565826416016 3
      vertex -1.1337108612060547 -7.307652473449707 3
    endloop
  endfacet
  facet normal 0.6735616189510559 0.739131074624814 0
    outer loop
      vertex -1.2369565963745117 -7.213565826416016 3
      vertex -1.1337108612060547 -7.307652473449707 2.719999313354492
      vertex -1.2369565963745117 -7.213565826416016 2.719999313354492
    endloop
  endfacet
  facet normal 0.5305376576617752 0.8476613674119855 0
    outer loop
      vertex -1.016789436340332 -7.380831718444824 2.719999313354492
      vertex -1.1337108612060547 -7.307652473449707 3
      vertex -1.016789436340332 -7.380831718444824 3
    endloop
  endfacet
  facet normal 0.5305376576617752 0.8476613674119855 0
    outer loop
      vertex -1.1337108612060547 -7.307652473449707 3
      vertex -1.016789436340332 -7.380831718444824 2.719999313354492
      vertex -1.1337108612060547 -7.307652473449707 2.719999313354492
    endloop
  endfacet
  facet normal 0.37158470237022856 0.9283990569601138 0
    outer loop
      vertex -0.8861913681030273 -7.433102607727051 2.719999313354492
      vertex -1.016789436340332 -7.380831718444824 3
      vertex -0.8861913681030273 -7.433102607727051 3
    endloop
  endfacet
  facet normal 0.37158470237022856 0.9283990569601138 0
    outer loop
      vertex -1.016789436340332 -7.380831718444824 3
      vertex -0.8861913681030273 -7.433102607727051 2.719999313354492
      vertex -1.016789436340332 -7.380831718444824 2.719999313354492
    endloop
  endfacet
  facet normal 0.21241972222055627 0.9771785208505873 0
    outer loop
      vertex -0.7419166564941406 -7.464465141296387 2.719999313354492
      vertex -0.8861913681030273 -7.433102607727051 3
      vertex -0.7419166564941406 -7.464465141296387 3
    endloop
  endfacet
  facet normal 0.21241972222055627 0.9771785208505873 0
    outer loop
      vertex -0.8861913681030273 -7.433102607727051 3
      vertex -0.7419166564941406 -7.464465141296387 2.719999313354492
      vertex -0.8861913681030273 -7.433102607727051 2.719999313354492
    endloop
  endfacet
  facet normal 0.06604117039213135 0.9978168989415028 0
    outer loop
      vertex -0.5839643478393555 -7.474919319152832 2.719999313354492
      vertex -0.7419166564941406 -7.464465141296387 3
      vertex -0.5839643478393555 -7.474919319152832 3
    endloop
  endfacet
  facet normal 0.06604117039213135 0.9978168989415028 0
    outer loop
      vertex -0.7419166564941406 -7.464465141296387 3
      vertex -0.5839643478393555 -7.474919319152832 2.719999313354492
      vertex -0.7419166564941406 -7.464465141296387 2.719999313354492
    endloop
  endfacet
  facet normal -0.06634042338859074 0.9977970476127009 0
    outer loop
      vertex -0.42588138580322266 -7.464408874511719 2.719999313354492
      vertex -0.5839643478393555 -7.474919319152832 3
      vertex -0.42588138580322266 -7.464408874511719 3
    endloop
  endfacet
  facet normal -0.06634042338859074 0.9977970476127009 0
    outer loop
      vertex -0.5839643478393555 -7.474919319152832 3
      vertex -0.42588138580322266 -7.464408874511719 2.719999313354492
      vertex -0.5839643478393555 -7.474919319152832 2.719999313354492
    endloop
  endfacet
  facet normal -0.24356296309416506 -0.9698850875277908 0
    outer loop
      vertex -0.7773609161376953 -7.1444597244262695 2.719999313354492
      vertex -0.6835260391235352 -7.168024063110352 3
      vertex -0.7773609161376953 -7.1444597244262695 3
    endloop
  endfacet
  facet normal -0.24356296309416506 -0.9698850875277908 0
    outer loop
      vertex -0.6835260391235352 -7.168024063110352 3
      vertex -0.7773609161376953 -7.1444597244262695 2.719999313354492
      vertex -0.6835260391235352 -7.168024063110352 2.719999313354492
    endloop
  endfacet
  facet normal -0.4233080092731978 -0.905985832828065 0
    outer loop
      vertex -0.861419677734375 -7.105184555053711 2.719999313354492
      vertex -0.7773609161376953 -7.1444597244262695 3
      vertex -0.861419677734375 -7.105184555053711 3
    endloop
  endfacet
  facet normal -0.4233080092731978 -0.905985832828065 0
    outer loop
      vertex -0.7773609161376953 -7.1444597244262695 3
      vertex -0.861419677734375 -7.105184555053711 2.719999313354492
      vertex -0.7773609161376953 -7.1444597244262695 2.719999313354492
    endloop
  endfacet
  facet normal -0.5949590192705015 -0.803756035988958 0
    outer loop
      vertex -0.9357013702392578 -7.050199508666992 2.719999313354492
      vertex -0.861419677734375 -7.105184555053711 3
      vertex -0.9357013702392578 -7.050199508666992 3
    endloop
  endfacet
  facet normal -0.5949590192705015 -0.803756035988958 0
    outer loop
      vertex -0.861419677734375 -7.105184555053711 3
      vertex -0.9357013702392578 -7.050199508666992 2.719999313354492
      vertex -0.861419677734375 -7.105184555053711 2.719999313354492
    endloop
  endfacet
  facet normal -0.7387087453547042 -0.6740247692306854 0
    outer loop
      vertex -0.9357013702392578 -7.050199508666992 2.719999313354492
      vertex -1.0002059936523438 -6.979504585266113 3
      vertex -1.0002059936523438 -6.979504585266113 2.719999313354492
    endloop
  endfacet
  facet normal -0.7387087453547042 -0.6740247692306854 0
    outer loop
      vertex -1.0002059936523438 -6.979504585266113 3
      vertex -0.9357013702392578 -7.050199508666992 2.719999313354492
      vertex -0.9357013702392578 -7.050199508666992 3
    endloop
  endfacet
  facet normal -0.8447949100450848 -0.5350902353453266 0
    outer loop
      vertex -1.0002059936523438 -6.979504585266113 2.719999313354492
      vertex -1.0549345016479492 -6.893099784851074 3
      vertex -1.0549345016479492 -6.893099784851074 2.719999313354492
    endloop
  endfacet
  facet normal -0.8447949100450848 -0.5350902353453266 0
    outer loop
      vertex -1.0549345016479492 -6.893099784851074 3
      vertex -1.0002059936523438 -6.979504585266113 2.719999313354492
      vertex -1.0002059936523438 -6.979504585266113 3
    endloop
  endfacet
  facet normal -0.9146316721364327 -0.40428814516989403 0
    outer loop
      vertex -1.0549345016479492 -6.893099784851074 2.719999313354492
      vertex -1.100621223449707 -6.789741516113281 3
      vertex -1.100621223449707 -6.789741516113281 2.719999313354492
    endloop
  endfacet
  facet normal -0.9146316721364327 -0.40428814516989403 0
    outer loop
      vertex -1.100621223449707 -6.789741516113281 3
      vertex -1.0549345016479492 -6.893099784851074 2.719999313354492
      vertex -1.0549345016479492 -6.893099784851074 3
    endloop
  endfacet
  facet normal -0.955826341562076 -0.2939319730414807 0
    outer loop
      vertex -1.100621223449707 -6.789741516113281 2.719999313354492
      vertex -1.1380014419555664 -6.668186187744141 3
      vertex -1.1380014419555664 -6.668186187744141 2.719999313354492
    endloop
  endfacet
  facet normal -0.955826341562076 -0.2939319730414807 0
    outer loop
      vertex -1.1380014419555664 -6.668186187744141 3
      vertex -1.100621223449707 -6.789741516113281 2.719999313354492
      vertex -1.100621223449707 -6.789741516113281 3
    endloop
  endfacet
  facet normal -0.9790392965286389 -0.20367144093541392 0
    outer loop
      vertex -1.1380014419555664 -6.668186187744141 2.719999313354492
      vertex -1.167074203491211 -6.528434753417969 3
      vertex -1.167074203491211 -6.528434753417969 2.719999313354492
    endloop
  endfacet
  facet normal -0.9790392965286389 -0.20367144093541392 0
    outer loop
      vertex -1.167074203491211 -6.528434753417969 3
      vertex -1.1380014419555664 -6.668186187744141 2.719999313354492
      vertex -1.1380014419555664 -6.668186187744141 3
    endloop
  endfacet
  facet normal -0.9914668627014044 -0.13035896656937093 0
    outer loop
      vertex -1.167074203491211 -6.528434753417969 2.719999313354492
      vertex -1.1878414154052734 -6.370486259460449 3
      vertex -1.1878414154052734 -6.370486259460449 2.719999313354492
    endloop
  endfacet
  facet normal -0.9914668627014044 -0.13035896656937093 0
    outer loop
      vertex -1.1878414154052734 -6.370486259460449 3
      vertex -1.167074203491211 -6.528434753417969 2.719999313354492
      vertex -1.167074203491211 -6.528434753417969 3
    endloop
  endfacet
  facet normal -0.9975075623891482 -0.07055964127218706 0
    outer loop
      vertex -1.1878414154052734 -6.370486259460449 2.719999313354492
      vertex -1.200301170349121 -6.194341659545898 3
      vertex -1.200301170349121 -6.194341659545898 2.719999313354492
    endloop
  endfacet
  facet normal -0.9975075623891482 -0.07055964127218706 0
    outer loop
      vertex -1.200301170349121 -6.194341659545898 3
      vertex -1.1878414154052734 -6.370486259460449 2.719999313354492
      vertex -1.1878414154052734 -6.370486259460449 3
    endloop
  endfacet
  facet normal -0.9997717210048317 -0.021365998198938287 0
    outer loop
      vertex -1.200301170349121 -6.194341659545898 2.719999313354492
      vertex -1.2044544219970703 -6 3
      vertex -1.2044544219970703 -6 2.719999313354492
    endloop
  endfacet
  facet normal -0.9997717210048317 -0.021365998198938287 0
    outer loop
      vertex -1.2044544219970703 -6 3
      vertex -1.200301170349121 -6.194341659545898 2.719999313354492
      vertex -1.200301170349121 -6.194341659545898 3
    endloop
  endfacet
  facet normal -0.9997896342883117 0.02051065990269038 0
    outer loop
      vertex -1.2044544219970703 -6 2.719999313354492
      vertex -1.200357437133789 -5.80029296875 3
      vertex -1.200357437133789 -5.80029296875 2.719999313354492
    endloop
  endfacet
  facet normal -0.9997896342883117 0.02051065990269038 0
    outer loop
      vertex -1.200357437133789 -5.80029296875 3
      vertex -1.2044544219970703 -6 2.719999313354492
      vertex -1.2044544219970703 -6 3
    endloop
  endfacet
  facet normal -0.9976782281519592 0.06810398719287605 0
    outer loop
      vertex -1.200357437133789 -5.80029296875 2.719999313354492
      vertex -1.1880674362182617 -5.62025260925293 3
      vertex -1.1880674362182617 -5.62025260925293 2.719999313354492
    endloop
  endfacet
  facet normal -0.9976782281519592 0.06810398719287605 0
    outer loop
      vertex -1.1880674362182617 -5.62025260925293 3
      vertex -1.200357437133789 -5.80029296875 2.719999313354492
      vertex -1.200357437133789 -5.80029296875 3
    endloop
  endfacet
  facet normal -0.991942084509936 0.1266921504201543 0
    outer loop
      vertex -1.1880674362182617 -5.62025260925293 2.719999313354492
      vertex -1.1675844192504883 -5.4598798751831055 3
      vertex -1.1675844192504883 -5.4598798751831055 2.719999313354492
    endloop
  endfacet
  facet normal -0.991942084509936 0.1266921504201543 0
    outer loop
      vertex -1.1675844192504883 -5.4598798751831055 3
      vertex -1.1880674362182617 -5.62025260925293 2.719999313354492
      vertex -1.1880674362182617 -5.62025260925293 3
    endloop
  endfacet
  facet normal -0.9798568674324599 0.19970107497318776 0
    outer loop
      vertex -1.1675844192504883 -5.4598798751831055 2.719999313354492
      vertex -1.1389074325561523 -5.3191728591918945 3
      vertex -1.1389074325561523 -5.3191728591918945 2.719999313354492
    endloop
  endfacet
  facet normal -0.9798568674324599 0.19970107497318776 0
    outer loop
      vertex -1.1389074325561523 -5.3191728591918945 3
      vertex -1.1675844192504883 -5.4598798751831055 2.719999313354492
      vertex -1.1675844192504883 -5.4598798751831055 3
    endloop
  endfacet
  facet normal -0.9566042069340753 0.29139044472327674 0
    outer loop
      vertex -1.1389074325561523 -5.3191728591918945 2.719999313354492
      vertex -1.1020374298095703 -5.198132514953613 3
      vertex -1.1020374298095703 -5.198132514953613 2.719999313354492
    endloop
  endfacet
  facet normal -0.9566042069340753 0.29139044472327674 0
    outer loop
      vertex -1.1020374298095703 -5.198132514953613 3
      vertex -1.1389074325561523 -5.3191728591918945 2.719999313354492
      vertex -1.1389074325561523 -5.3191728591918945 3
    endloop
  endfacet
  facet normal -0.9137831867729621 0.40620227420713667 0
    outer loop
      vertex -1.1020374298095703 -5.198132514953613 2.719999313354492
      vertex -1.0569744110107422 -5.096759796142578 3
      vertex -1.0569744110107422 -5.096759796142578 2.719999313354492
    endloop
  endfacet
  facet normal -0.9137831867729621 0.40620227420713667 0
    outer loop
      vertex -1.0569744110107422 -5.096759796142578 3
      vertex -1.1020374298095703 -5.198132514953613 2.719999313354492
      vertex -1.1020374298095703 -5.198132514953613 3
    endloop
  endfacet
  facet normal -0.8388819952099769 0.5443133271494722 0
    outer loop
      vertex -1.0569744110107422 -5.096759796142578 2.719999313354492
      vertex -1.0025215148925781 -5.012838363647461 3
      vertex -1.0025215148925781 -5.012838363647461 2.719999313354492
    endloop
  endfacet
  facet normal -0.8388819952099769 0.5443133271494722 0
    outer loop
      vertex -1.0025215148925781 -5.012838363647461 3
      vertex -1.0569744110107422 -5.096759796142578 2.719999313354492
      vertex -1.0569744110107422 -5.096759796142578 3
    endloop
  endfacet
  facet normal -0.7261018663509561 0.6875871433365071 0
    outer loop
      vertex -1.0025215148925781 -5.012838363647461 2.719999313354492
      vertex -0.9375009536743164 -4.944175720214844 3
      vertex -0.9375009536743164 -4.944175720214844 2.719999313354492
    endloop
  endfacet
  facet normal -0.7261018663509561 0.6875871433365071 0
    outer loop
      vertex -0.9375009536743164 -4.944175720214844 3
      vertex -1.0025215148925781 -5.012838363647461 2.719999313354492
      vertex -1.0025215148925781 -5.012838363647461 3
    endloop
  endfacet
  facet normal -0.5770351176102744 0.8167193355397537 0
    outer loop
      vertex -0.8619146347045898 -4.890771865844727 2.719999313354492
      vertex -0.9375009536743164 -4.944175720214844 3
      vertex -0.8619146347045898 -4.890771865844727 3
    endloop
  endfacet
  facet normal -0.5770351176102744 0.8167193355397537 0
    outer loop
      vertex -0.9375009536743164 -4.944175720214844 3
      vertex -0.8619146347045898 -4.890771865844727 2.719999313354492
      vertex -0.9375009536743164 -4.944175720214844 2.719999313354492
    endloop
  endfacet
  facet normal -0.40485991077329603 0.9143787249540744 0
    outer loop
      vertex -0.775761604309082 -4.852625846862793 2.719999313354492
      vertex -0.8619146347045898 -4.890771865844727 3
      vertex -0.775761604309082 -4.852625846862793 3
    endloop
  endfacet
  facet normal -0.40485991077329603 0.9143787249540744 0
    outer loop
      vertex -0.8619146347045898 -4.890771865844727 3
      vertex -0.775761604309082 -4.852625846862793 2.719999313354492
      vertex -0.8619146347045898 -4.890771865844727 2.719999313354492
    endloop
  endfacet
  facet normal -0.2302729545681617 0.9731260793928243 0
    outer loop
      vertex -0.6790409088134766 -4.829738616943359 2.719999313354492
      vertex -0.775761604309082 -4.852625846862793 3
      vertex -0.6790409088134766 -4.829738616943359 3
    endloop
  endfacet
  facet normal -0.2302729545681617 0.9731260793928243 0
    outer loop
      vertex -0.775761604309082 -4.852625846862793 3
      vertex -0.6790409088134766 -4.829738616943359 2.719999313354492
      vertex -0.775761604309082 -4.852625846862793 2.719999313354492
    endloop
  endfacet
  facet normal -0.07093324785554941 0.9974810646566997 0
    outer loop
      vertex -0.5717544555664062 -4.822109222412109 2.719999313354492
      vertex -0.6790409088134766 -4.829738616943359 3
      vertex -0.5717544555664062 -4.822109222412109 3
    endloop
  endfacet
  facet normal -0.07093324785554941 0.9974810646566997 0
    outer loop
      vertex -0.6790409088134766 -4.829738616943359 3
      vertex -0.5717544555664062 -4.822109222412109 2.719999313354492
      vertex -0.6790409088134766 -4.829738616943359 2.719999313354492
    endloop
  endfacet
  facet normal 0.07375655997144939 0.997276275593267 0
    outer loop
      vertex -0.4670743942260742 -4.829851150512695 2.719999313354492
      vertex -0.5717544555664062 -4.822109222412109 3
      vertex -0.4670743942260742 -4.829851150512695 3
    endloop
  endfacet
  facet normal 0.07375655997144939 0.997276275593267 0
    outer loop
      vertex -0.5717544555664062 -4.822109222412109 3
      vertex -0.4670743942260742 -4.829851150512695 2.719999313354492
      vertex -0.5717544555664062 -4.822109222412109 2.719999313354492
    endloop
  endfacet
  facet normal 0.23904424918715927 0.9710086750027248 0
    outer loop
      vertex -0.37273406982421875 -4.853075981140137 2.719999313354492
      vertex -0.4670743942260742 -4.829851150512695 3
      vertex -0.37273406982421875 -4.853075981140137 3
    endloop
  endfacet
  facet normal 0.23904424918715927 0.9710086750027248 0
    outer loop
      vertex -0.4670743942260742 -4.829851150512695 3
      vertex -0.37273406982421875 -4.853075981140137 2.719999313354492
      vertex -0.4670743942260742 -4.829851150512695 2.719999313354492
    endloop
  endfacet
  facet normal 0.41851996153099225 0.9082075984047352 0
    outer loop
      vertex -0.28873443603515625 -4.89178466796875 2.719999313354492
      vertex -0.37273406982421875 -4.853075981140137 3
      vertex -0.28873443603515625 -4.89178466796875 3
    endloop
  endfacet
  facet normal 0.41851996153099225 0.9082075984047352 0
    outer loop
      vertex -0.37273406982421875 -4.853075981140137 3
      vertex -0.28873443603515625 -4.89178466796875 2.719999313354492
      vertex -0.37273406982421875 -4.853075981140137 2.719999313354492
    endloop
  endfacet
  facet normal 0.5926026585661954 0.8054949342238455 0
    outer loop
      vertex -0.2150745391845703 -4.945976257324219 2.719999313354492
      vertex -0.28873443603515625 -4.89178466796875 3
      vertex -0.2150745391845703 -4.945976257324219 3
    endloop
  endfacet
  facet normal 0.5926026585661954 0.8054949342238455 0
    outer loop
      vertex -0.28873443603515625 -4.89178466796875 3
      vertex -0.2150745391845703 -4.945976257324219 2.719999313354492
      vertex -0.28873443603515625 -4.89178466796875 2.719999313354492
    endloop
  endfacet
  facet normal 0.7400473169658158 0.6725548071731383 0
    outer loop
      vertex -0.15175437927246094 -5.015650749206543 3
      vertex -0.2150745391845703 -4.945976257324219 2.719999313354492
      vertex -0.2150745391845703 -4.945976257324219 3
    endloop
  endfacet
  facet normal 0.7400473169658158 0.6725548071731383 0
    outer loop
      vertex -0.2150745391845703 -4.945976257324219 2.719999313354492
      vertex -0.15175437927246094 -5.015650749206543 3
      vertex -0.15175437927246094 -5.015650749206543 2.719999313354492
    endloop
  endfacet
  facet normal 0.8490921457653218 0.5282447614502594 0
    outer loop
      vertex -0.09877490997314453 -5.100809097290039 3
      vertex -0.15175437927246094 -5.015650749206543 2.719999313354492
      vertex -0.15175437927246094 -5.015650749206543 3
    endloop
  endfacet
  facet normal 0.8490921457653218 0.5282447614502594 0
    outer loop
      vertex -0.15175437927246094 -5.015650749206543 2.719999313354492
      vertex -0.09877490997314453 -5.100809097290039 3
      vertex -0.09877490997314453 -5.100809097290039 2.719999313354492
    endloop
  endfacet
  facet normal 0.9193318221749436 0.3934831644892803 0
    outer loop
      vertex -0.05494880676269531 -5.203204154968262 3
      vertex -0.09877490997314453 -5.100809097290039 2.719999313354492
      vertex -0.09877490997314453 -5.100809097290039 3
    endloop
  endfacet
  facet normal 0.9193318221749436 0.3934831644892803 0
    outer loop
      vertex -0.09877490997314453 -5.100809097290039 2.719999313354492
      vertex -0.05494880676269531 -5.203204154968262 3
      vertex -0.05494880676269531 -5.203204154968262 2.719999313354492
    endloop
  endfacet
  facet normal 0.9590297129586087 0.28330550588106923 0
    outer loop
      vertex -0.01909160614013672 -5.324585914611816 3
      vertex -0.05494880676269531 -5.203204154968262 2.719999313354492
      vertex -0.05494880676269531 -5.203204154968262 3
    endloop
  endfacet
  facet normal 0.9590297129586087 0.28330550588106923 0
    outer loop
      vertex -0.05494880676269531 -5.203204154968262 2.719999313354492
      vertex -0.01909160614013672 -5.324585914611816 3
      vertex -0.01909160614013672 -5.324585914611816 2.719999313354492
    endloop
  endfacet
  facet normal 0.9808297683683258 0.1948665324845095 0
    outer loop
      vertex 0.00879669189453125 -5.464957237243652 3
      vertex -0.01909160614013672 -5.324585914611816 2.719999313354492
      vertex -0.01909160614013672 -5.324585914611816 3
    endloop
  endfacet
  facet normal 0.9808297683683258 0.1948665324845095 0
    outer loop
      vertex -0.01909160614013672 -5.324585914611816 2.719999313354492
      vertex 0.00879669189453125 -5.464957237243652 3
      vertex 0.00879669189453125 -5.464957237243652 2.719999313354492
    endloop
  endfacet
  facet normal 0.9922767803878988 0.12404350488044774 0
    outer loop
      vertex 0.028717994689941406 -5.624316215515137 3
      vertex 0.00879669189453125 -5.464957237243652 2.719999313354492
      vertex 0.00879669189453125 -5.464957237243652 3
    endloop
  endfacet
  facet normal 0.9922767803878988 0.12404350488044774 0
    outer loop
      vertex 0.00879669189453125 -5.464957237243652 2.719999313354492
      vertex 0.028717994689941406 -5.624316215515137 3
      vertex 0.028717994689941406 -5.624316215515137 2.719999313354492
    endloop
  endfacet
  facet normal 0.9977618671637621 0.06686745422014444 0
    outer loop
      vertex 0.04067039489746094 -5.802663803100586 3
      vertex 0.028717994689941406 -5.624316215515137 2.719999313354492
      vertex 0.028717994689941406 -5.624316215515137 3
    endloop
  endfacet
  facet normal 0.9977618671637621 0.06686745422014444 0
    outer loop
      vertex 0.028717994689941406 -5.624316215515137 2.719999313354492
      vertex 0.04067039489746094 -5.802663803100586 3
      vertex 0.04067039489746094 -5.802663803100586 2.719999313354492
    endloop
  endfacet
  facet normal 0.9997962203676151 0.02018706859925912 0
    outer loop
      vertex 0.04465484619140625 -6 3
      vertex 0.04067039489746094 -5.802663803100586 2.719999313354492
      vertex 0.04067039489746094 -5.802663803100586 3
    endloop
  endfacet
  facet normal 0.9997962203676151 0.02018706859925912 0
    outer loop
      vertex 0.04067039489746094 -5.802663803100586 2.719999313354492
      vertex 0.04465484619140625 -6 3
      vertex 0.04465484619140625 -6 2.719999313354492
    endloop
  endfacet
  facet normal 0.9997598490517559 -0.021914475216407808 0
    outer loop
      vertex 0.040472984313964844 -6.1907806396484375 3
      vertex 0.04465484619140625 -6 2.719999313354492
      vertex 0.04465484619140625 -6 3
    endloop
  endfacet
  facet normal 0.9997598490517559 -0.021914475216407808 0
    outer loop
      vertex 0.04465484619140625 -6 2.719999313354492
      vertex 0.040472984313964844 -6.1907806396484375 3
      vertex 0.040472984313964844 -6.1907806396484375 2.719999313354492
    endloop
  endfacet
  facet normal 0.9973989726460418 -0.07207835572916571 0
    outer loop
      vertex 0.027927398681640625 -6.364382743835449 3
      vertex 0.040472984313964844 -6.1907806396484375 2.719999313354492
      vertex 0.040472984313964844 -6.1907806396484375 3
    endloop
  endfacet
  facet normal 0.9973989726460418 -0.07207835572916571 0
    outer loop
      vertex 0.040472984313964844 -6.1907806396484375 2.719999313354492
      vertex 0.027927398681640625 -6.364382743835449 3
      vertex 0.027927398681640625 -6.364382743835449 2.719999313354492
    endloop
  endfacet
  facet normal 0.9911856813969115 -0.1324799795959377 0
    outer loop
      vertex 0.007019996643066406 -6.520807266235352 3
      vertex 0.027927398681640625 -6.364382743835449 2.719999313354492
      vertex 0.027927398681640625 -6.364382743835449 3
    endloop
  endfacet
  facet normal 0.9911856813969115 -0.1324799795959377 0
    outer loop
      vertex 0.027927398681640625 -6.364382743835449 2.719999313354492
      vertex 0.007019996643066406 -6.520807266235352 3
      vertex 0.007019996643066406 -6.520807266235352 2.719999313354492
    endloop
  endfacet
  facet normal 0.9786118218460506 -0.20571558556209046 0
    outer loop
      vertex -0.022251129150390625 -6.660053253173828 3
      vertex 0.007019996643066406 -6.520807266235352 2.719999313354492
      vertex 0.007019996643066406 -6.520807266235352 3
    endloop
  endfacet
  facet normal 0.9786118218460506 -0.20571558556209046 0
    outer loop
      vertex 0.007019996643066406 -6.520807266235352 2.719999313354492
      vertex -0.022251129150390625 -6.660053253173828 3
      vertex -0.022251129150390625 -6.660053253173828 2.719999313354492
    endloop
  endfacet
  facet normal 0.9556124267003525 -0.294626695898154 0
    outer loop
      vertex -0.05988597869873047 -6.782120704650879 3
      vertex -0.022251129150390625 -6.660053253173828 2.719999313354492
      vertex -0.022251129150390625 -6.660053253173828 3
    endloop
  endfacet
  facet normal 0.9556124267003525 -0.294626695898154 0
    outer loop
      vertex -0.022251129150390625 -6.660053253173828 2.719999313354492
      vertex -0.05988597869873047 -6.782120704650879 3
      vertex -0.05988597869873047 -6.782120704650879 2.719999313354492
    endloop
  endfacet
  facet normal 0.9158053492988885 -0.40162241246666136 0
    outer loop
      vertex -0.10588455200195312 -6.887009620666504 3
      vertex -0.05988597869873047 -6.782120704650879 2.719999313354492
      vertex -0.05988597869873047 -6.782120704650879 3
    endloop
  endfacet
  facet normal 0.9158053492988885 -0.40162241246666136 0
    outer loop
      vertex -0.05988597869873047 -6.782120704650879 2.719999313354492
      vertex -0.10588455200195312 -6.887009620666504 3
      vertex -0.10588455200195312 -6.887009620666504 2.719999313354492
    endloop
  endfacet
  facet normal 0.8487830709227699 -0.5287412396578426 0
    outer loop
      vertex -0.16086864471435547 -6.975275039672852 3
      vertex -0.10588455200195312 -6.887009620666504 2.719999313354492
      vertex -0.10588455200195312 -6.887009620666504 3
    endloop
  endfacet
  facet normal 0.8487830709227699 -0.5287412396578426 0
    outer loop
      vertex -0.10588455200195312 -6.887009620666504 2.719999313354492
      vertex -0.16086864471435547 -6.975275039672852 3
      vertex -0.16086864471435547 -6.975275039672852 2.719999313354492
    endloop
  endfacet
  facet normal 0.7453628078627124 -0.6666590467810463 0
    outer loop
      vertex -0.22546100616455078 -7.047492980957031 3
      vertex -0.16086864471435547 -6.975275039672852 2.719999313354492
      vertex -0.16086864471435547 -6.975275039672852 3
    endloop
  endfacet
  facet normal 0.7453628078627124 -0.6666590467810463 0
    outer loop
      vertex -0.16086864471435547 -6.975275039672852 2.719999313354492
      vertex -0.22546100616455078 -7.047492980957031 3
      vertex -0.22546100616455078 -7.047492980957031 2.719999313354492
    endloop
  endfacet
  facet normal 0.6035634736291842 -0.7973149523874948 0
    outer loop
      vertex -0.29966163635253906 -7.103662490844727 2.719999313354492
      vertex -0.22546100616455078 -7.047492980957031 3
      vertex -0.29966163635253906 -7.103662490844727 3
    endloop
  endfacet
  facet normal 0.6035634736291842 -0.7973149523874948 0
    outer loop
      vertex -0.22546100616455078 -7.047492980957031 3
      vertex -0.29966163635253906 -7.103662490844727 2.719999313354492
      vertex -0.22546100616455078 -7.047492980957031 2.719999313354492
    endloop
  endfacet
  facet normal 0.4317808738459715 -0.901978534656346 0
    outer loop
      vertex -0.3834714889526367 -7.143782615661621 2.719999313354492
      vertex -0.29966163635253906 -7.103662490844727 3
      vertex -0.3834714889526367 -7.143782615661621 3
    endloop
  endfacet
  facet normal 0.4317808738459715 -0.901978534656346 0
    outer loop
      vertex -0.29966163635253906 -7.103662490844727 3
      vertex -0.3834714889526367 -7.143782615661621 2.719999313354492
      vertex -0.29966163635253906 -7.103662490844727 2.719999313354492
    endloop
  endfacet
  facet normal 0.24953775793272245 -0.9683650692615414 0
    outer loop
      vertex -0.47688865661621094 -7.167855262756348 2.719999313354492
      vertex -0.3834714889526367 -7.143782615661621 3
      vertex -0.47688865661621094 -7.167855262756348 3
    endloop
  endfacet
  facet normal 0.24953775793272245 -0.9683650692615414 0
    outer loop
      vertex -0.3834714889526367 -7.143782615661621 3
      vertex -0.47688865661621094 -7.167855262756348 2.719999313354492
      vertex -0.3834714889526367 -7.143782615661621 2.719999313354492
    endloop
  endfacet
  facet normal 0.07765060676646188 -0.9969806333469072 0
    outer loop
      vertex -0.5799140930175781 -7.17587947845459 2.719999313354492
      vertex -0.47688865661621094 -7.167855262756348 3
      vertex -0.5799140930175781 -7.17587947845459 3
    endloop
  endfacet
  facet normal 0.07765060676646188 -0.9969806333469072 0
    outer loop
      vertex -0.47688865661621094 -7.167855262756348 3
      vertex -0.5799140930175781 -7.17587947845459 2.719999313354492
      vertex -0.47688865661621094 -7.167855262756348 2.719999313354492
    endloop
  endfacet
  facet normal -0.07559876965055473 -0.9971383184028795 0
    outer loop
      vertex -0.6835260391235352 -7.168024063110352 2.719999313354492
      vertex -0.5799140930175781 -7.17587947845459 3
      vertex -0.6835260391235352 -7.168024063110352 3
    endloop
  endfacet
  facet normal -0.07559876965055473 -0.9971383184028795 0
    outer loop
      vertex -0.5799140930175781 -7.17587947845459 3
      vertex -0.6835260391235352 -7.168024063110352 2.719999313354492
      vertex -0.5799140930175781 -7.17587947845459 2.719999313354492
    endloop
  endfacet
  facet normal -1 0 0
    outer loop
      vertex 3.8450841903686523 -7.434239387512207 2.719999313354492
      vertex 3.8450841903686523 -7.122989654541016 3
      vertex 3.8450841903686523 -7.122989654541016 2.719999313354492
    endloop
  endfacet
  facet normal -1 0 0
    outer loop
      vertex 3.8450841903686523 -7.122989654541016 3
      vertex 3.8450841903686523 -7.434239387512207 2.719999313354492
      vertex 3.8450841903686523 -7.434239387512207 3
    endloop
  endfacet
  facet normal 0 -1 0
    outer loop
      vertex 2.349824905395508 -7.122989654541016 2.719999313354492
      vertex 3.8450841903686523 -7.122989654541016 3
      vertex 2.349824905395508 -7.122989654541016 3
    endloop
  endfacet
  facet normal 0 -1 0
    outer loop
      vertex 3.8450841903686523 -7.122989654541016 3
      vertex 2.349824905395508 -7.122989654541016 2.719999313354492
      vertex 3.8450841903686523 -7.122989654541016 2.719999313354492
    endloop
  endfacet
  facet normal -0.9048076514390632 0.42582051840808094 0
    outer loop
      vertex 2.349824905395508 -7.122989654541016 2.719999313354492
      vertex 2.372311592102051 -7.07520866394043 3
      vertex 2.372311592102051 -7.07520866394043 2.719999313354492
    endloop
  endfacet
  facet normal -0.9048076514390632 0.42582051840808094 0
    outer loop
      vertex 2.372311592102051 -7.07520866394043 3
      vertex 2.349824905395508 -7.122989654541016 2.719999313354492
      vertex 2.349824905395508 -7.122989654541016 3
    endloop
  endfacet
  facet normal -0.8749805912182665 0.48415799589734404 0
    outer loop
      vertex 2.372311592102051 -7.07520866394043 2.719999313354492
      vertex 2.399094581604004 -7.026805877685547 3
      vertex 2.399094581604004 -7.026805877685547 2.719999313354492
    endloop
  endfacet
  facet normal -0.8749805912182665 0.48415799589734404 0
    outer loop
      vertex 2.399094581604004 -7.026805877685547 3
      vertex 2.372311592102051 -7.07520866394043 2.719999313354492
      vertex 2.372311592102051 -7.07520866394043 3
    endloop
  endfacet
  facet normal -0.8445924825039354 0.5354096921963961 0
    outer loop
      vertex 2.399094581604004 -7.026805877685547 2.719999313354492
      vertex 2.4301719665527344 -6.977782249450684 3
      vertex 2.4301719665527344 -6.977782249450684 2.719999313354492
    endloop
  endfacet
  facet normal -0.8445924825039354 0.5354096921963961 0
    outer loop
      vertex 2.4301719665527344 -6.977782249450684 3
      vertex 2.399094581604004 -7.026805877685547 2.719999313354492
      vertex 2.399094581604004 -7.026805877685547 3
    endloop
  endfacet
  facet normal -0.8144231596081792 0.5802714167472238 0
    outer loop
      vertex 2.4301719665527344 -6.977782249450684 2.719999313354492
      vertex 2.4655447006225586 -6.928135871887207 3
      vertex 2.4655447006225586 -6.928135871887207 2.719999313354492
    endloop
  endfacet
  facet normal -0.8144231596081792 0.5802714167472238 0
    outer loop
      vertex 2.4655447006225586 -6.928135871887207 3
      vertex 2.4301719665527344 -6.977782249450684 2.719999313354492
      vertex 2.4301719665527344 -6.977782249450684 3
    endloop
  endfacet
  facet normal -0.785015796769421 0.6194757451446109 0
    outer loop
      vertex 2.4655447006225586 -6.928135871887207 2.719999313354492
      vertex 2.50521183013916 -6.87786865234375 3
      vertex 2.50521183013916 -6.87786865234375 2.719999313354492
    endloop
  endfacet
  facet normal -0.785015796769421 0.6194757451446109 0
    outer loop
      vertex 2.50521183013916 -6.87786865234375 3
      vertex 2.4655447006225586 -6.928135871887207 2.719999313354492
      vertex 2.4655447006225586 -6.928135871887207 3
    endloop
  endfacet
  facet normal -0.7567282955998024 0.6537295210089707 0
    outer loop
      vertex 2.50521183013916 -6.87786865234375 2.719999313354492
      vertex 2.5491743087768555 -6.826979637145996 3
      vertex 2.5491743087768555 -6.826979637145996 2.719999313354492
    endloop
  endfacet
  facet normal -0.7567282955998024 0.6537295210089707 0
    outer loop
      vertex 2.5491743087768555 -6.826979637145996 3
      vertex 2.50521183013916 -6.87786865234375 2.719999313354492
      vertex 2.50521183013916 -6.87786865234375 3
    endloop
  endfacet
  facet normal -0.7310206554868115 0.6823553335701512 0
    outer loop
      vertex 2.5491743087768555 -6.826979637145996 2.719999313354492
      vertex 2.5979413986206055 -6.7747344970703125 3
      vertex 2.5979413986206055 -6.7747344970703125 2.719999313354492
    endloop
  endfacet
  facet normal -0.7310206554868115 0.6823553335701512 0
    outer loop
      vertex 2.5979413986206055 -6.7747344970703125 3
      vertex 2.5491743087768555 -6.826979637145996 2.719999313354492
      vertex 2.5491743087768555 -6.826979637145996 3
    endloop
  endfacet
  facet normal -0.7087655920567797 0.7054440697294171 0
    outer loop
      vertex 2.5979413986206055 -6.7747344970703125 2.719999313354492
      vertex 2.6520214080810547 -6.720399856567383 3
      vertex 2.6520214080810547 -6.720399856567383 2.719999313354492
    endloop
  endfacet
  facet normal -0.7087655920567797 0.7054440697294171 0
    outer loop
      vertex 2.6520214080810547 -6.720399856567383 3
      vertex 2.5979413986206055 -6.7747344970703125 2.719999313354492
      vertex 2.5979413986206055 -6.7747344970703125 3
    endloop
  endfacet
  facet normal -0.6887610876925828 0.7249883889280782 0
    outer loop
      vertex 2.711414337158203 -6.663974761962891 2.719999313354492
      vertex 2.6520214080810547 -6.720399856567383 3
      vertex 2.711414337158203 -6.663974761962891 3
    endloop
  endfacet
  facet normal -0.6887610876925828 0.7249883889280782 0
    outer loop
      vertex 2.6520214080810547 -6.720399856567383 3
      vertex 2.711414337158203 -6.663974761962891 2.719999313354492
      vertex 2.6520214080810547 -6.720399856567383 2.719999313354492
    endloop
  endfacet
  facet normal -0.6707324033673574 0.7416994290634505 0
    outer loop
      vertex 2.776121139526367 -6.605459213256836 2.719999313354492
      vertex 2.711414337158203 -6.663974761962891 3
      vertex 2.776121139526367 -6.605459213256836 3
    endloop
  endfacet
  facet normal -0.6707324033673574 0.7416994290634505 0
    outer loop
      vertex 2.711414337158203 -6.663974761962891 3
      vertex 2.776121139526367 -6.605459213256836 2.719999313354492
      vertex 2.711414337158203 -6.663974761962891 2.719999313354492
    endloop
  endfacet
  facet normal -0.6544450252737362 0.7561095878868744 0
    outer loop
      vertex 2.8461408615112305 -6.544854164123535 2.719999313354492
      vertex 2.776121139526367 -6.605459213256836 3
      vertex 2.8461408615112305 -6.544854164123535 3
    endloop
  endfacet
  facet normal -0.6544450252737362 0.7561095878868744 0
    outer loop
      vertex 2.776121139526367 -6.605459213256836 3
      vertex 2.8461408615112305 -6.544854164123535 2.719999313354492
      vertex 2.776121139526367 -6.605459213256836 2.719999313354492
    endloop
  endfacet
  facet normal -0.6396817870921905 0.7686398449615668 0
    outer loop
      vertex 2.9214744567871094 -6.482159614562988 2.719999313354492
      vertex 2.8461408615112305 -6.544854164123535 3
      vertex 2.9214744567871094 -6.482159614562988 3
    endloop
  endfacet
  facet normal -0.6396817870921905 0.7686398449615668 0
    outer loop
      vertex 2.8461408615112305 -6.544854164123535 3
      vertex 2.9214744567871094 -6.482159614562988 2.719999313354492
      vertex 2.8461408615112305 -6.544854164123535 2.719999313354492
    endloop
  endfacet
  facet normal -0.6350700738049982 0.7724545302846724 0
    outer loop
      vertex 3.055575370788574 -6.371909141540527 2.719999313354492
      vertex 2.9214744567871094 -6.482159614562988 3
      vertex 3.055575370788574 -6.371909141540527 3
    endloop
  endfacet
  facet normal -0.6350700738049982 0.7724545302846724 0
    outer loop
      vertex 2.9214744567871094 -6.482159614562988 3
      vertex 3.055575370788574 -6.371909141540527 2.719999313354492
      vertex 2.9214744567871094 -6.482159614562988 2.719999313354492
    endloop
  endfacet
  facet normal -0.6445701811691334 0.7645451468341097 0
    outer loop
      vertex 3.174417495727539 -6.271716117858887 2.719999313354492
      vertex 3.055575370788574 -6.371909141540527 3
      vertex 3.174417495727539 -6.271716117858887 3
    endloop
  endfacet
  facet normal -0.6445701811691334 0.7645451468341097 0
    outer loop
      vertex 3.055575370788574 -6.371909141540527 3
      vertex 3.174417495727539 -6.271716117858887 2.719999313354492
      vertex 3.055575370788574 -6.371909141540527 2.719999313354492
    endloop
  endfacet
  facet normal -0.6564290442213356 0.75438777157551 0
    outer loop
      vertex 3.2780017852783203 -6.181582450866699 2.719999313354492
      vertex 3.174417495727539 -6.271716117858887 3
      vertex 3.2780017852783203 -6.181582450866699 3
    endloop
  endfacet
  facet normal -0.6564290442213356 0.75438777157551 0
    outer loop
      vertex 3.174417495727539 -6.271716117858887 3
      vertex 3.2780017852783203 -6.181582450866699 2.719999313354492
      vertex 3.174417495727539 -6.271716117858887 2.719999313354492
    endloop
  endfacet
  facet normal -0.6716592719245061 0.7408601908847865 0
    outer loop
      vertex 3.366328239440918 -6.101506233215332 2.719999313354492
      vertex 3.2780017852783203 -6.181582450866699 3
      vertex 3.366328239440918 -6.101506233215332 3
    endloop
  endfacet
  facet normal -0.6716592719245061 0.7408601908847865 0
    outer loop
      vertex 3.2780017852783203 -6.181582450866699 3
      vertex 3.366328239440918 -6.101506233215332 2.719999313354492
      vertex 3.2780017852783203 -6.181582450866699 2.719999313354492
    endloop
  endfacet
  facet normal -0.6918824388641865 0.7220101736065394 0
    outer loop
      vertex 3.439394950866699 -6.031488418579102 2.719999313354492
      vertex 3.366328239440918 -6.101506233215332 3
      vertex 3.439394950866699 -6.031488418579102 3
    endloop
  endfacet
  facet normal -0.6918824388641865 0.7220101736065394 0
    outer loop
      vertex 3.366328239440918 -6.101506233215332 3
      vertex 3.439394950866699 -6.031488418579102 2.719999313354492
      vertex 3.366328239440918 -6.101506233215332 2.719999313354492
    endloop
  endfacet
  facet normal -0.7198878170129053 0.6940904342493087 0
    outer loop
      vertex 3.439394950866699 -6.031488418579102 2.719999313354492
      vertex 3.4972047805786133 -5.971529960632324 3
      vertex 3.4972047805786133 -5.971529960632324 2.719999313354492
    endloop
  endfacet
  facet normal -0.7198878170129053 0.6940904342493087 0
    outer loop
      vertex 3.4972047805786133 -5.971529960632324 3
      vertex 3.439394950866699 -6.031488418579102 2.719999313354492
      vertex 3.439394950866699 -6.031488418579102 3
    endloop
  endfacet
  facet normal -0.7522149598129337 0.6589177901936071 0
    outer loop
      vertex 3.4972047805786133 -5.971529960632324 2.719999313354492
      vertex 3.5453224182128906 -5.916599273681641 3
      vertex 3.5453224182128906 -5.916599273681641 2.719999313354492
    endloop
  endfacet
  facet normal -0.7522149598129337 0.6589177901936071 0
    outer loop
      vertex 3.5453224182128906 -5.916599273681641 3
      vertex 3.4972047805786133 -5.971529960632324 2.719999313354492
      vertex 3.4972047805786133 -5.971529960632324 3
    endloop
  endfacet
  facet normal -0.7805342090033198 0.6251130686328369 0
    outer loop
      vertex 3.5453224182128906 -5.916599273681641 2.719999313354492
      vertex 3.5893144607543945 -5.861669540405273 3
      vertex 3.5893144607543945 -5.861669540405273 2.719999313354492
    endloop
  endfacet
  facet normal -0.7805342090033198 0.6251130686328369 0
    outer loop
      vertex 3.5893144607543945 -5.861669540405273 3
      vertex 3.5453224182128906 -5.916599273681641 2.719999313354492
      vertex 3.5453224182128906 -5.916599273681641 3
    endloop
  endfacet
  facet normal -0.8093068552952811 0.5873860859537473 0
    outer loop
      vertex 3.5893144607543945 -5.861669540405273 2.719999313354492
      vertex 3.6291818618774414 -5.806739807128906 3
      vertex 3.6291818618774414 -5.806739807128906 2.719999313354492
    endloop
  endfacet
  facet normal -0.8093068552952811 0.5873860859537473 0
    outer loop
      vertex 3.6291818618774414 -5.806739807128906 3
      vertex 3.5893144607543945 -5.861669540405273 2.719999313354492
      vertex 3.5893144607543945 -5.861669540405273 3
    endloop
  endfacet
  facet normal -0.8381798689292015 0.5453939010676842 0
    outer loop
      vertex 3.6291818618774414 -5.806739807128906 2.719999313354492
      vertex 3.6649246215820312 -5.751809120178223 3
      vertex 3.6649246215820312 -5.751809120178223 2.719999313354492
    endloop
  endfacet
  facet normal -0.8381798689292015 0.5453939010676842 0
    outer loop
      vertex 3.6649246215820312 -5.751809120178223 3
      vertex 3.6291818618774414 -5.806739807128906 2.719999313354492
      vertex 3.6291818618774414 -5.806739807128906 3
    endloop
  endfacet
  facet normal -0.8666841642025577 0.4988572536512968 0
    outer loop
      vertex 3.6649246215820312 -5.751809120178223 2.719999313354492
      vertex 3.6965417861938477 -5.6968793869018555 3
      vertex 3.6965417861938477 -5.6968793869018555 2.719999313354492
    endloop
  endfacet
  facet normal -0.8666841642025577 0.4988572536512968 0
    outer loop
      vertex 3.6965417861938477 -5.6968793869018555 3
      vertex 3.6649246215820312 -5.751809120178223 2.719999313354492
      vertex 3.6649246215820312 -5.751809120178223 3
    endloop
  endfacet
  facet normal -0.894247020805365 0.447573754570941 0
    outer loop
      vertex 3.6965417861938477 -5.6968793869018555 2.719999313354492
      vertex 3.724034309387207 -5.641949653625488 3
      vertex 3.724034309387207 -5.641949653625488 2.719999313354492
    endloop
  endfacet
  facet normal -0.894247020805365 0.447573754570941 0
    outer loop
      vertex 3.724034309387207 -5.641949653625488 3
      vertex 3.6965417861938477 -5.6968793869018555 2.719999313354492
      vertex 3.6965417861938477 -5.6968793869018555 3
    endloop
  endfacet
  facet normal -0.9206824818297688 0.39031239751227154 0
    outer loop
      vertex 3.724034309387207 -5.641949653625488 2.719999313354492
      vertex 3.747344970703125 -5.586963653564453 3
      vertex 3.747344970703125 -5.586963653564453 2.719999313354492
    endloop
  endfacet
  facet normal -0.9206824818297688 0.39031239751227154 0
    outer loop
      vertex 3.747344970703125 -5.586963653564453 3
      vertex 3.724034309387207 -5.641949653625488 2.719999313354492
      vertex 3.724034309387207 -5.641949653625488 3
    endloop
  endfacet
  facet normal -0.9449845177187478 0.3271150581551777 0
    outer loop
      vertex 3.747344970703125 -5.586963653564453 2.719999313354492
      vertex 3.7664175033569336 -5.531866073608398 3
      vertex 3.7664175033569336 -5.531866073608398 2.719999313354492
    endloop
  endfacet
  facet normal -0.9449845177187478 0.3271150581551777 0
    outer loop
      vertex 3.7664175033569336 -5.531866073608398 3
      vertex 3.747344970703125 -5.586963653564453 2.719999313354492
      vertex 3.747344970703125 -5.586963653564453 3
    endloop
  endfacet
  facet normal -0.9657456204395695 0.259490648389862 0
    outer loop
      vertex 3.7664175033569336 -5.531866073608398 2.719999313354492
      vertex 3.781251907348633 -5.476656913757324 3
      vertex 3.781251907348633 -5.476656913757324 2.719999313354492
    endloop
  endfacet
  facet normal -0.9657456204395695 0.259490648389862 0
    outer loop
      vertex 3.781251907348633 -5.476656913757324 3
      vertex 3.7664175033569336 -5.531866073608398 2.719999313354492
      vertex 3.7664175033569336 -5.531866073608398 3
    endloop
  endfacet
  facet normal -0.9821455420288816 0.18812265752108165 0
    outer loop
      vertex 3.781251907348633 -5.476656913757324 2.719999313354492
      vertex 3.7918481826782227 -5.4213361740112305 3
      vertex 3.7918481826782227 -5.4213361740112305 2.719999313354492
    endloop
  endfacet
  facet normal -0.9821455420288816 0.18812265752108165 0
    outer loop
      vertex 3.7918481826782227 -5.4213361740112305 3
      vertex 3.781251907348633 -5.476656913757324 2.719999313354492
      vertex 3.781251907348633 -5.476656913757324 3
    endloop
  endfacet
  facet normal -0.9934879714791699 0.1139370463291208 0
    outer loop
      vertex 3.7918481826782227 -5.4213361740112305 2.719999313354492
      vertex 3.7982053756713867 -5.365903854370117 3
      vertex 3.7982053756713867 -5.365903854370117 2.719999313354492
    endloop
  endfacet
  facet normal -0.9934879714791699 0.1139370463291208 0
    outer loop
      vertex 3.7982053756713867 -5.365903854370117 3
      vertex 3.7918481826782227 -5.4213361740112305 2.719999313354492
      vertex 3.7918481826782227 -5.4213361740112305 3
    endloop
  endfacet
  facet normal -0.9992730378840294 0.0381234279416626 0
    outer loop
      vertex 3.7982053756713867 -5.365903854370117 2.719999313354492
      vertex 3.8003244400024414 -5.310359954833984 3
      vertex 3.8003244400024414 -5.310359954833984 2.719999313354492
    endloop
  endfacet
  facet normal -0.9992730378840294 0.0381234279416626 0
    outer loop
      vertex 3.8003244400024414 -5.310359954833984 3
      vertex 3.7982053756713867 -5.365903854370117 2.719999313354492
      vertex 3.7982053756713867 -5.365903854370117 3
    endloop
  endfacet
  facet normal -0.998565730131873 -0.053539542454145564 0
    outer loop
      vertex 3.8003244400024414 -5.310359954833984 2.719999313354492
      vertex 3.793853759765625 -5.189675331115723 3
      vertex 3.793853759765625 -5.189675331115723 2.719999313354492
    endloop
  endfacet
  facet normal -0.998565730131873 -0.053539542454145564 0
    outer loop
      vertex 3.793853759765625 -5.189675331115723 3
      vertex 3.8003244400024414 -5.310359954833984 2.719999313354492
      vertex 3.8003244400024414 -5.310359954833984 3
    endloop
  endfacet
  facet normal -0.98508342224791 -0.17207745701382857 0
    outer loop
      vertex 3.793853759765625 -5.189675331115723 2.719999313354492
      vertex 3.7744407653808594 -5.078542709350586 3
      vertex 3.7744407653808594 -5.078542709350586 2.719999313354492
    endloop
  endfacet
  facet normal -0.98508342224791 -0.17207745701382857 0
    outer loop
      vertex 3.7744407653808594 -5.078542709350586 3
      vertex 3.793853759765625 -5.189675331115723 2.719999313354492
      vertex 3.793853759765625 -5.189675331115723 3
    endloop
  endfacet
  facet normal -0.9528382146284992 -0.30347872535578874 0
    outer loop
      vertex 3.7744407653808594 -5.078542709350586 2.719999313354492
      vertex 3.7420873641967773 -4.976962089538574 3
      vertex 3.7420873641967773 -4.976962089538574 2.719999313354492
    endloop
  endfacet
  facet normal -0.9528382146284992 -0.30347872535578874 0
    outer loop
      vertex 3.7420873641967773 -4.976962089538574 3
      vertex 3.7744407653808594 -5.078542709350586 2.719999313354492
      vertex 3.7744407653808594 -5.078542709350586 3
    endloop
  endfacet
  facet normal -0.8972137497806867 -0.4415965208246994 0
    outer loop
      vertex 3.7420873641967773 -4.976962089538574 2.719999313354492
      vertex 3.696791648864746 -4.884932518005371 3
      vertex 3.696791648864746 -4.884932518005371 2.719999313354492
    endloop
  endfacet
  facet normal -0.8972137497806867 -0.4415965208246994 0
    outer loop
      vertex 3.696791648864746 -4.884932518005371 3
      vertex 3.7420873641967773 -4.976962089538574 2.719999313354492
      vertex 3.7420873641967773 -4.976962089538574 3
    endloop
  endfacet
  facet normal -0.8168812088489663 -0.5768059384484971 0
    outer loop
      vertex 3.696791648864746 -4.884932518005371 2.719999313354492
      vertex 3.6385536193847656 -4.802454948425293 3
      vertex 3.6385536193847656 -4.802454948425293 2.719999313354492
    endloop
  endfacet
  facet normal -0.8168812088489663 -0.5768059384484971 0
    outer loop
      vertex 3.6385536193847656 -4.802454948425293 3
      vertex 3.696791648864746 -4.884932518005371 2.719999313354492
      vertex 3.696791648864746 -4.884932518005371 3
    endloop
  endfacet
  facet normal -0.7156225421634674 -0.698487206144462 0
    outer loop
      vertex 3.6385536193847656 -4.802454948425293 2.719999313354492
      vertex 3.5673742294311523 -4.72952938079834 3
      vertex 3.5673742294311523 -4.72952938079834 2.719999313354492
    endloop
  endfacet
  facet normal -0.7156225421634674 -0.698487206144462 0
    outer loop
      vertex 3.5673742294311523 -4.72952938079834 3
      vertex 3.6385536193847656 -4.802454948425293 2.719999313354492
      vertex 3.6385536193847656 -4.802454948425293 3
    endloop
  endfacet
  facet normal -0.6004046842276558 -0.7996963268375622 0
    outer loop
      vertex 3.48416805267334 -4.667058944702148 2.719999313354492
      vertex 3.5673742294311523 -4.72952938079834 3
      vertex 3.48416805267334 -4.667058944702148 3
    endloop
  endfacet
  facet normal -0.6004046842276558 -0.7996963268375622 0
    outer loop
      vertex 3.5673742294311523 -4.72952938079834 3
      vertex 3.48416805267334 -4.667058944702148 2.719999313354492
      vertex 3.5673742294311523 -4.72952938079834 2.719999313354492
    endloop
  endfacet
  facet normal -0.47637047695736856 -0.8792446580351849 0
    outer loop
      vertex 3.3898277282714844 -4.615945816040039 2.719999313354492
      vertex 3.48416805267334 -4.667058944702148 3
      vertex 3.3898277282714844 -4.615945816040039 3
    endloop
  endfacet
  facet normal -0.47637047695736856 -0.8792446580351849 0
    outer loop
      vertex 3.48416805267334 -4.667058944702148 3
      vertex 3.3898277282714844 -4.615945816040039 2.719999313354492
      vertex 3.48416805267334 -4.667058944702148 2.719999313354492
    endloop
  endfacet
  facet normal -0.35268901227996197 -0.9357405947253677 0
    outer loop
      vertex 3.2843542098999023 -4.5761919021606445 2.719999313354492
      vertex 3.3898277282714844 -4.615945816040039 3
      vertex 3.2843542098999023 -4.5761919021606445 3
    endloop
  endfacet
  facet normal -0.35268901227996197 -0.9357405947253677 0
    outer loop
      vertex 3.3898277282714844 -4.615945816040039 3
      vertex 3.2843542098999023 -4.5761919021606445 2.719999313354492
      vertex 3.3898277282714844 -4.615945816040039 2.719999313354492
    endloop
  endfacet
  facet normal -0.2366021932839256 -0.9716066087327915 0
    outer loop
      vertex 3.1677474975585938 -4.547796249389648 2.719999313354492
      vertex 3.2843542098999023 -4.5761919021606445 3
      vertex 3.1677474975585938 -4.547796249389648 3
    endloop
  endfacet
  facet normal -0.2366021932839256 -0.9716066087327915 0
    outer loop
      vertex 3.2843542098999023 -4.5761919021606445 3
      vertex 3.1677474975585938 -4.547796249389648 2.719999313354492
      vertex 3.2843542098999023 -4.5761919021606445 2.719999313354492
    endloop
  endfacet
  facet normal -0.13220492207253137 -0.9912224062135581 0
    outer loop
      vertex 3.0400075912475586 -4.530758857727051 2.719999313354492
      vertex 3.1677474975585938 -4.547796249389648 3
      vertex 3.0400075912475586 -4.530758857727051 3
    endloop
  endfacet
  facet normal -0.13220492207253137 -0.9912224062135581 0
    outer loop
      vertex 3.1677474975585938 -4.547796249389648 3
      vertex 3.0400075912475586 -4.530758857727051 2.719999313354492
      vertex 3.1677474975585938 -4.547796249389648 2.719999313354492
    endloop
  endfacet
  facet normal -0.04086023672471145 -0.9991648718078516 0
    outer loop
      vertex 2.901134490966797 -4.525079727172852 2.719999313354492
      vertex 3.0400075912475586 -4.530758857727051 3
      vertex 2.901134490966797 -4.525079727172852 3
    endloop
  endfacet
  facet normal -0.04086023672471145 -0.9991648718078516 0
    outer loop
      vertex 3.0400075912475586 -4.530758857727051 3
      vertex 2.901134490966797 -4.525079727172852 2.719999313354492
      vertex 3.0400075912475586 -4.530758857727051 2.719999313354492
    endloop
  endfacet
  facet normal 0.0442555221787665 -0.9990202444178419 0
    outer loop
      vertex 2.7735586166381836 -4.530731201171875 2.719999313354492
      vertex 2.901134490966797 -4.525079727172852 3
      vertex 2.7735586166381836 -4.530731201171875 3
    endloop
  endfacet
  facet normal 0.0442555221787665 -0.9990202444178419 0
    outer loop
      vertex 2.901134490966797 -4.525079727172852 3
      vertex 2.7735586166381836 -4.530731201171875 2.719999313354492
      vertex 2.901134490966797 -4.525079727172852 2.719999313354492
    endloop
  endfacet
  facet normal 0.14035583624933481 -0.990101125759763 0
    outer loop
      vertex 2.653951644897461 -4.547686576843262 2.719999313354492
      vertex 2.7735586166381836 -4.530731201171875 3
      vertex 2.653951644897461 -4.547686576843262 3
    endloop
  endfacet
  facet normal 0.14035583624933481 -0.990101125759763 0
    outer loop
      vertex 2.7735586166381836 -4.530731201171875 3
      vertex 2.653951644897461 -4.547686576843262 2.719999313354492
      vertex 2.7735586166381836 -4.530731201171875 2.719999313354492
    endloop
  endfacet
  facet normal 0.24538137834596738 -0.9694266239179905 0
    outer loop
      vertex 2.542311668395996 -4.575944900512695 2.719999313354492
      vertex 2.653951644897461 -4.547686576843262 3
      vertex 2.542311668395996 -4.575944900512695 3
    endloop
  endfacet
  facet normal 0.24538137834596738 -0.9694266239179905 0
    outer loop
      vertex 2.653951644897461 -4.547686576843262 3
      vertex 2.542311668395996 -4.575944900512695 2.719999313354492
      vertex 2.653951644897461 -4.547686576843262 2.719999313354492
    endloop
  endfacet
  facet normal 0.3565295809007194 -0.9342840349394596 0
    outer loop
      vertex 2.4386415481567383 -4.615506172180176 2.719999313354492
      vertex 2.542311668395996 -4.575944900512695 3
      vertex 2.4386415481567383 -4.615506172180176 3
    endloop
  endfacet
  facet normal 0.3565295809007194 -0.9342840349394596 0
    outer loop
      vertex 2.542311668395996 -4.575944900512695 3
      vertex 2.4386415481567383 -4.615506172180176 2.719999313354492
      vertex 2.542311668395996 -4.575944900512695 2.719999313354492
    endloop
  endfacet
  facet normal 0.46931991834019904 -0.8830282069385715 0
    outer loop
      vertex 2.3429384231567383 -4.6663713455200195 2.719999313354492
      vertex 2.4386415481567383 -4.615506172180176 3
      vertex 2.3429384231567383 -4.6663713455200195 3
    endloop
  endfacet
  facet normal 0.46931991834019904 -0.8830282069385715 0
    outer loop
      vertex 2.4386415481567383 -4.615506172180176 3
      vertex 2.3429384231567383 -4.6663713455200195 2.719999313354492
      vertex 2.4386415481567383 -4.615506172180176 2.719999313354492
    endloop
  endfacet
  facet normal 0.5781600580908753 -0.8159233709291306 0
    outer loop
      vertex 2.255204200744629 -4.72853946685791 2.719999313354492
      vertex 2.3429384231567383 -4.6663713455200195 3
      vertex 2.255204200744629 -4.72853946685791 3
    endloop
  endfacet
  facet normal 0.5781600580908753 -0.8159233709291306 0
    outer loop
      vertex 2.3429384231567383 -4.6663713455200195 3
      vertex 2.255204200744629 -4.72853946685791 2.719999313354492
      vertex 2.3429384231567383 -4.6663713455200195 2.719999313354492
    endloop
  endfacet
  facet normal 0.6772652886165617 -0.7357388999061594 0
    outer loop
      vertex 2.1773033142089844 -4.800249099731445 2.719999313354492
      vertex 2.255204200744629 -4.72853946685791 3
      vertex 2.1773033142089844 -4.800249099731445 3
    endloop
  endfacet
  facet normal 0.6772652886165617 -0.7357388999061594 0
    outer loop
      vertex 2.255204200744629 -4.72853946685791 3
      vertex 2.1773033142089844 -4.800249099731445 2.719999313354492
      vertex 2.255204200744629 -4.72853946685791 2.719999313354492
    endloop
  endfacet
  facet normal 0.7684758407006912 -0.639878802789533 0
    outer loop
      vertex 2.1111011505126953 -4.879755973815918 3
      vertex 2.1773033142089844 -4.800249099731445 2.719999313354492
      vertex 2.1773033142089844 -4.800249099731445 3
    endloop
  endfacet
  facet normal 0.7684758407006912 -0.639878802789533 0
    outer loop
      vertex 2.1773033142089844 -4.800249099731445 2.719999313354492
      vertex 2.1111011505126953 -4.879755973815918 3
      vertex 2.1111011505126953 -4.879755973815918 2.719999313354492
    endloop
  endfacet
  facet normal 0.8482683634467589 -0.5295665997543247 0
    outer loop
      vertex 2.0565967559814453 -4.967061996459961 3
      vertex 2.1111011505126953 -4.879755973815918 2.719999313354492
      vertex 2.1111011505126953 -4.879755973815918 3
    endloop
  endfacet
  facet normal 0.8482683634467589 -0.5295665997543247 0
    outer loop
      vertex 2.1111011505126953 -4.879755973815918 2.719999313354492
      vertex 2.0565967559814453 -4.967061996459961 3
      vertex 2.0565967559814453 -4.967061996459961 2.719999313354492
    endloop
  endfacet
  facet normal 0.9118900208022469 -0.41043463543087777 0
    outer loop
      vertex 2.013791084289551 -5.062166213989258 3
      vertex 2.0565967559814453 -4.967061996459961 2.719999313354492
      vertex 2.0565967559814453 -4.967061996459961 3
    endloop
  endfacet
  facet normal 0.9118900208022469 -0.41043463543087777 0
    outer loop
      vertex 2.0565967559814453 -4.967061996459961 2.719999313354492
      vertex 2.013791084289551 -5.062166213989258 3
      vertex 2.013791084289551 -5.062166213989258 2.719999313354492
    endloop
  endfacet
  facet normal 0.957219370641005 -0.2893632258419135 0
    outer loop
      vertex 1.9826841354370117 -5.165068626403809 3
      vertex 2.013791084289551 -5.062166213989258 2.719999313354492
      vertex 2.013791084289551 -5.062166213989258 3
    endloop
  endfacet
  facet normal 0.957219370641005 -0.2893632258419135 0
    outer loop
      vertex 2.013791084289551 -5.062166213989258 2.719999313354492
      vertex 1.9826841354370117 -5.165068626403809 3
      vertex 1.9826841354370117 -5.165068626403809 2.719999313354492
    endloop
  endfacet
  facet normal 0.9849751607200161 -0.17269607049547517 0
    outer loop
      vertex 1.9632749557495117 -5.275769233703613 3
      vertex 1.9826841354370117 -5.165068626403809 2.719999313354492
      vertex 1.9826841354370117 -5.165068626403809 3
    endloop
  endfacet
  facet normal 0.9849751607200161 -0.17269607049547517 0
    outer loop
      vertex 1.9826841354370117 -5.165068626403809 2.719999313354492
      vertex 1.9632749557495117 -5.275769233703613 3
      vertex 1.9632749557495117 -5.275769233703613 2.719999313354492
    endloop
  endfacet
  facet normal 0.09201277916120024 0.9957578262163106 0
    outer loop
      vertex 2.337614059448242 -5.310359954833984 2.719999313354492
      vertex 1.9632749557495117 -5.275769233703613 3
      vertex 2.337614059448242 -5.310359954833984 3
    endloop
  endfacet
  facet normal 0.09201277916120024 0.9957578262163106 0
    outer loop
      vertex 1.9632749557495117 -5.275769233703613 3
      vertex 2.337614059448242 -5.310359954833984 2.719999313354492
      vertex 1.9632749557495117 -5.275769233703613 2.719999313354492
    endloop
  endfacet
  facet normal -0.9864152819968347 0.16427078694370761 0
    outer loop
      vertex 2.337614059448242 -5.310359954833984 2.719999313354492
      vertex 2.349900245666504 -5.236583709716797 3
      vertex 2.349900245666504 -5.236583709716797 2.719999313354492
    endloop
  endfacet
  facet normal -0.9864152819968347 0.16427078694370761 0
    outer loop
      vertex 2.349900245666504 -5.236583709716797 3
      vertex 2.337614059448242 -5.310359954833984 2.719999313354492
      vertex 2.337614059448242 -5.310359954833984 3
    endloop
  endfacet
  facet normal -0.9623055677046716 0.27197057628462235 0
    outer loop
      vertex 2.349900245666504 -5.236583709716797 2.719999313354492
      vertex 2.369137763977051 -5.168516159057617 3
      vertex 2.369137763977051 -5.168516159057617 2.719999313354492
    endloop
  endfacet
  facet normal -0.9623055677046716 0.27197057628462235 0
    outer loop
      vertex 2.369137763977051 -5.168516159057617 3
      vertex 2.349900245666504 -5.236583709716797 2.719999313354492
      vertex 2.349900245666504 -5.236583709716797 3
    endloop
  endfacet
  facet normal -0.9219919721786374 0.38720899168039336 0
    outer loop
      vertex 2.369137763977051 -5.168516159057617 2.719999313354492
      vertex 2.395326614379883 -5.106157302856445 3
      vertex 2.395326614379883 -5.106157302856445 2.719999313354492
    endloop
  endfacet
  facet normal -0.9219919721786374 0.38720899168039336 0
    outer loop
      vertex 2.395326614379883 -5.106157302856445 3
      vertex 2.369137763977051 -5.168516159057617 2.719999313354492
      vertex 2.369137763977051 -5.168516159057617 3
    endloop
  endfacet
  facet normal -0.863150561724411 0.504946638561773 0
    outer loop
      vertex 2.395326614379883 -5.106157302856445 2.719999313354492
      vertex 2.4284677505493164 -5.049506187438965 3
      vertex 2.4284677505493164 -5.049506187438965 2.719999313354492
    endloop
  endfacet
  facet normal -0.863150561724411 0.504946638561773 0
    outer loop
      vertex 2.4284677505493164 -5.049506187438965 3
      vertex 2.395326614379883 -5.106157302856445 2.719999313354492
      vertex 2.395326614379883 -5.106157302856445 3
    endloop
  endfacet
  facet normal -0.7858213887656499 0.6184535107495351 0
    outer loop
      vertex 2.4284677505493164 -5.049506187438965 2.719999313354492
      vertex 2.468560218811035 -4.998563766479492 3
      vertex 2.468560218811035 -4.998563766479492 2.719999313354492
    endloop
  endfacet
  facet normal -0.7858213887656499 0.6184535107495351 0
    outer loop
      vertex 2.468560218811035 -4.998563766479492 3
      vertex 2.4284677505493164 -5.049506187438965 2.719999313354492
      vertex 2.4284677505493164 -5.049506187438965 3
    endloop
  endfacet
  facet normal -0.6931034597513037 0.7208381191923556 0
    outer loop
      vertex 2.5156049728393555 -4.953329086303711 2.719999313354492
      vertex 2.468560218811035 -4.998563766479492 3
      vertex 2.5156049728393555 -4.953329086303711 3
    endloop
  endfacet
  facet normal -0.6931034597513037 0.7208381191923556 0
    outer loop
      vertex 2.468560218811035 -4.998563766479492 3
      vertex 2.5156049728393555 -4.953329086303711 2.719999313354492
      vertex 2.468560218811035 -4.998563766479492 2.719999313354492
    endloop
  endfacet
  facet normal -0.5926625453126357 0.8054508721104895 0
    outer loop
      vertex 2.568413734436035 -4.914471626281738 2.719999313354492
      vertex 2.5156049728393555 -4.953329086303711 3
      vertex 2.568413734436035 -4.914471626281738 3
    endloop
  endfacet
  facet normal -0.5926625453126357 0.8054508721104895 0
    outer loop
      vertex 2.5156049728393555 -4.953329086303711 3
      vertex 2.568413734436035 -4.914471626281738 2.719999313354492
      vertex 2.5156049728393555 -4.953329086303711 2.719999313354492
    endloop
  endfacet
  facet normal -0.4845922423826691 0.8747401663480056 0
    outer loop
      vertex 2.6258010864257812 -4.8826799392700195 2.719999313354492
      vertex 2.568413734436035 -4.914471626281738 3
      vertex 2.6258010864257812 -4.8826799392700195 3
    endloop
  endfacet
  facet normal -0.4845922423826691 0.8747401663480056 0
    outer loop
      vertex 2.568413734436035 -4.914471626281738 3
      vertex 2.6258010864257812 -4.8826799392700195 2.719999313354492
      vertex 2.568413734436035 -4.914471626281738 2.719999313354492
    endloop
  endfacet
  facet normal -0.37063394699559743 0.9287790250293471 0
    outer loop
      vertex 2.6877670288085938 -4.857952117919922 2.719999313354492
      vertex 2.6258010864257812 -4.8826799392700195 3
      vertex 2.6877670288085938 -4.857952117919922 3
    endloop
  endfacet
  facet normal -0.37063394699559743 0.9287790250293471 0
    outer loop
      vertex 2.6258010864257812 -4.8826799392700195 3
      vertex 2.6877670288085938 -4.857952117919922 2.719999313354492
      vertex 2.6258010864257812 -4.8826799392700195 2.719999313354492
    endloop
  endfacet
  facet normal -0.2565477316293002 0.9665315625450938 0
    outer loop
      vertex 2.7543115615844727 -4.840289115905762 2.719999313354492
      vertex 2.6877670288085938 -4.857952117919922 3
      vertex 2.7543115615844727 -4.840289115905762 3
    endloop
  endfacet
  facet normal -0.2565477316293002 0.9665315625450938 0
    outer loop
      vertex 2.6877670288085938 -4.857952117919922 3
      vertex 2.7543115615844727 -4.840289115905762 2.719999313354492
      vertex 2.6877670288085938 -4.857952117919922 2.719999313354492
    endloop
  endfacet
  facet normal -0.1473734159198737 0.9890809250410747 0
    outer loop
      vertex 2.8254337310791016 -4.8296918869018555 2.719999313354492
      vertex 2.7543115615844727 -4.840289115905762 3
      vertex 2.8254337310791016 -4.8296918869018555 3
    endloop
  endfacet
  facet normal -0.1473734159198737 0.9890809250410747 0
    outer loop
      vertex 2.7543115615844727 -4.840289115905762 3
      vertex 2.8254337310791016 -4.8296918869018555 2.719999313354492
      vertex 2.7543115615844727 -4.840289115905762 2.719999313354492
    endloop
  endfacet
  facet normal -0.04661208391303883 0.9989130661039948 0
    outer loop
      vertex 2.901134490966797 -4.826159477233887 2.719999313354492
      vertex 2.8254337310791016 -4.8296918869018555 3
      vertex 2.901134490966797 -4.826159477233887 3
    endloop
  endfacet
  facet normal -0.04661208391303883 0.9989130661039948 0
    outer loop
      vertex 2.8254337310791016 -4.8296918869018555 3
      vertex 2.901134490966797 -4.826159477233887 2.719999313354492
      vertex 2.8254337310791016 -4.8296918869018555 2.719999313354492
    endloop
  endfacet
  facet normal 0.04569682976354696 0.9989553542323908 0
    outer loop
      vertex 2.980189323425293 -4.829775810241699 2.719999313354492
      vertex 2.901134490966797 -4.826159477233887 3
      vertex 2.980189323425293 -4.829775810241699 3
    endloop
  endfacet
  facet normal 0.04569682976354696 0.9989553542323908 0
    outer loop
      vertex 2.901134490966797 -4.826159477233887 3
      vertex 2.980189323425293 -4.829775810241699 2.719999313354492
      vertex 2.901134490966797 -4.826159477233887 2.719999313354492
    endloop
  endfacet
  facet normal 0.1468869519364975 0.9891532860739053 0
    outer loop
      vertex 3.0532541275024414 -4.840625762939453 2.719999313354492
      vertex 2.980189323425293 -4.829775810241699 3
      vertex 3.0532541275024414 -4.840625762939453 3
    endloop
  endfacet
  facet normal 0.1468869519364975 0.9891532860739053 0
    outer loop
      vertex 2.980189323425293 -4.829775810241699 3
      vertex 3.0532541275024414 -4.840625762939453 2.719999313354492
      vertex 2.980189323425293 -4.829775810241699 2.719999313354492
    endloop
  endfacet
  facet normal 0.26030527160467765 0.9655263671049149 0
    outer loop
      vertex 3.1203298568725586 -4.858709335327148 2.719999313354492
      vertex 3.0532541275024414 -4.840625762939453 3
      vertex 3.1203298568725586 -4.858709335327148 3
    endloop
  endfacet
  facet normal 0.26030527160467765 0.9655263671049149 0
    outer loop
      vertex 3.0532541275024414 -4.840625762939453 3
      vertex 3.1203298568725586 -4.858709335327148 2.719999313354492
      vertex 3.0532541275024414 -4.840625762939453 2.719999313354492
    endloop
  endfacet
  facet normal 0.38287784232568167 0.9237989813027672 0
    outer loop
      vertex 3.1814146041870117 -4.884026527404785 2.719999313354492
      vertex 3.1203298568725586 -4.858709335327148 3
      vertex 3.1814146041870117 -4.884026527404785 3
    endloop
  endfacet
  facet normal 0.38287784232568167 0.9237989813027672 0
    outer loop
      vertex 3.1203298568725586 -4.858709335327148 3
      vertex 3.1814146041870117 -4.884026527404785 2.719999313354492
      vertex 3.1203298568725586 -4.858709335327148 2.719999313354492
    endloop
  endfacet
  facet normal 0.5086585148634172 0.8609683590335611 0
    outer loop
      vertex 3.236509323120117 -4.916576385498047 2.719999313354492
      vertex 3.1814146041870117 -4.884026527404785 3
      vertex 3.236509323120117 -4.916576385498047 3
    endloop
  endfacet
  facet normal 0.5086585148634172 0.8609683590335611 0
    outer loop
      vertex 3.1814146041870117 -4.884026527404785 3
      vertex 3.236509323120117 -4.916576385498047 2.719999313354492
      vertex 3.1814146041870117 -4.884026527404785 2.719999313354492
    endloop
  endfacet
  facet normal 0.6294972754976823 0.777002689918764 0
    outer loop
      vertex 3.2856149673461914 -4.95635986328125 2.719999313354492
      vertex 3.236509323120117 -4.916576385498047 3
      vertex 3.2856149673461914 -4.95635986328125 3
    endloop
  endfacet
  facet normal 0.6294972754976823 0.777002689918764 0
    outer loop
      vertex 3.236509323120117 -4.916576385498047 3
      vertex 3.2856149673461914 -4.95635986328125 2.719999313354492
      vertex 3.236509323120117 -4.916576385498047 2.719999313354492
    endloop
  endfacet
  facet normal 0.7387487597762595 0.6739809121399791 0
    outer loop
      vertex 3.3278913497924805 -5.00269889831543 3
      vertex 3.2856149673461914 -4.95635986328125 2.719999313354492
      vertex 3.2856149673461914 -4.95635986328125 3
    endloop
  endfacet
  facet normal 0.7387487597762595 0.6739809121399791 0
    outer loop
      vertex 3.2856149673461914 -4.95635986328125 2.719999313354492
      vertex 3.3278913497924805 -5.00269889831543 3
      vertex 3.3278913497924805 -5.00269889831543 2.719999313354492
    endloop
  endfacet
  facet normal 0.8336817126414613 0.5522452371973884 0
    outer loop
      vertex 3.362481117248535 -5.0549163818359375 3
      vertex 3.3278913497924805 -5.00269889831543 2.719999313354492
      vertex 3.3278913497924805 -5.00269889831543 3
    endloop
  endfacet
  facet normal 0.8336817126414613 0.5522452371973884 0
    outer loop
      vertex 3.3278913497924805 -5.00269889831543 2.719999313354492
      vertex 3.362481117248535 -5.0549163818359375 3
      vertex 3.362481117248535 -5.0549163818359375 2.719999313354492
    endloop
  endfacet
  facet normal 0.907425887653552 0.42021215881523855 0
    outer loop
      vertex 3.3893842697143555 -5.113012313842773 3
      vertex 3.362481117248535 -5.0549163818359375 2.719999313354492
      vertex 3.362481117248535 -5.0549163818359375 3
    endloop
  endfacet
  facet normal 0.907425887653552 0.42021215881523855 0
    outer loop
      vertex 3.362481117248535 -5.0549163818359375 2.719999313354492
      vertex 3.3893842697143555 -5.113012313842773 3
      vertex 3.3893842697143555 -5.113012313842773 2.719999313354492
    endloop
  endfacet
  facet normal 0.9577252381811018 0.28768449410934843 0
    outer loop
      vertex 3.4086008071899414 -5.176985740661621 3
      vertex 3.3893842697143555 -5.113012313842773 2.719999313354492
      vertex 3.3893842697143555 -5.113012313842773 3
    endloop
  endfacet
  facet normal 0.9577252381811018 0.28768449410934843 0
    outer loop
      vertex 3.3893842697143555 -5.113012313842773 2.719999313354492
      vertex 3.4086008071899414 -5.176985740661621 3
      vertex 3.4086008071899414 -5.176985740661621 2.719999313354492
    endloop
  endfacet
  facet normal 0.9866497472470189 0.16285661256882913 0
    outer loop
      vertex 3.420130729675293 -5.246838569641113 3
      vertex 3.4086008071899414 -5.176985740661621 2.719999313354492
      vertex 3.4086008071899414 -5.176985740661621 3
    endloop
  endfacet
  facet normal 0.9866497472470189 0.16285661256882913 0
    outer loop
      vertex 3.4086008071899414 -5.176985740661621 2.719999313354492
      vertex 3.420130729675293 -5.246838569641113 3
      vertex 3.420130729675293 -5.246838569641113 2.719999313354492
    endloop
  endfacet
  facet normal 0.9987141009030055 0.05069659414104036 0
    outer loop
      vertex 3.4239749908447266 -5.322569847106934 3
      vertex 3.420130729675293 -5.246838569641113 2.719999313354492
      vertex 3.420130729675293 -5.246838569641113 3
    endloop
  endfacet
  facet normal 0.9987141009030055 0.05069659414104036 0
    outer loop
      vertex 3.420130729675293 -5.246838569641113 2.719999313354492
      vertex 3.4239749908447266 -5.322569847106934 3
      vertex 3.4239749908447266 -5.322569847106934 2.719999313354492
    endloop
  endfacet
  facet normal 0.999241663210567 -0.03893710960227603 0
    outer loop
      vertex 3.4217424392700195 -5.379863739013672 3
      vertex 3.4239749908447266 -5.322569847106934 2.719999313354492
      vertex 3.4239749908447266 -5.322569847106934 3
    endloop
  endfacet
  facet normal 0.999241663210567 -0.03893710960227603 0
    outer loop
      vertex 3.4239749908447266 -5.322569847106934 2.719999313354492
      vertex 3.4217424392700195 -5.379863739013672 3
      vertex 3.4217424392700195 -5.379863739013672 2.719999313354492
    endloop
  endfacet
  facet normal 0.9927355803727227 -0.12031653029419351 0
    outer loop
      vertex 3.4150447845458984 -5.435126304626465 3
      vertex 3.4217424392700195 -5.379863739013672 2.719999313354492
      vertex 3.4217424392700195 -5.379863739013672 3
    endloop
  endfacet
  facet normal 0.9927355803727227 -0.12031653029419351 0
    outer loop
      vertex 3.4217424392700195 -5.379863739013672 2.719999313354492
      vertex 3.4150447845458984 -5.435126304626465 3
      vertex 3.4150447845458984 -5.435126304626465 2.719999313354492
    endloop
  endfacet
  facet normal 0.9787111554461548 -0.20524247661059986 0
    outer loop
      vertex 3.4038820266723633 -5.488356590270996 3
      vertex 3.4150447845458984 -5.435126304626465 2.719999313354492
      vertex 3.4150447845458984 -5.435126304626465 3
    endloop
  endfacet
  facet normal 0.9787111554461548 -0.20524247661059986 0
    outer loop
      vertex 3.4150447845458984 -5.435126304626465 2.719999313354492
      vertex 3.4038820266723633 -5.488356590270996 3
      vertex 3.4038820266723633 -5.488356590270996 2.719999313354492
    endloop
  endfacet
  facet normal 0.9564379643913655 -0.2919356440568724 0
    outer loop
      vertex 3.388254165649414 -5.539556503295898 3
      vertex 3.4038820266723633 -5.488356590270996 2.719999313354492
      vertex 3.4038820266723633 -5.488356590270996 3
    endloop
  endfacet
  facet normal 0.9564379643913655 -0.2919356440568724 0
    outer loop
      vertex 3.4038820266723633 -5.488356590270996 2.719999313354492
      vertex 3.388254165649414 -5.539556503295898 3
      vertex 3.388254165649414 -5.539556503295898 2.719999313354492
    endloop
  endfacet
  facet normal 0.9256921812175077 -0.3782776567982476 0
    outer loop
      vertex 3.368162155151367 -5.588724136352539 3
      vertex 3.388254165649414 -5.539556503295898 2.719999313354492
      vertex 3.388254165649414 -5.539556503295898 3
    endloop
  endfacet
  facet normal 0.9256921812175077 -0.3782776567982476 0
    outer loop
      vertex 3.388254165649414 -5.539556503295898 2.719999313354492
      vertex 3.368162155151367 -5.588724136352539 3
      vertex 3.368162155151367 -5.588724136352539 2.719999313354492
    endloop
  endfacet
  facet normal 0.8868492919833316 -0.4620587985404709 0
    outer loop
      vertex 3.34360408782959 -5.635859489440918 3
      vertex 3.368162155151367 -5.588724136352539 2.719999313354492
      vertex 3.368162155151367 -5.588724136352539 3
    endloop
  endfacet
  facet normal 0.8868492919833316 -0.4620587985404709 0
    outer loop
      vertex 3.368162155151367 -5.588724136352539 2.719999313354492
      vertex 3.34360408782959 -5.635859489440918 3
      vertex 3.34360408782959 -5.635859489440918 2.719999313354492
    endloop
  endfacet
  facet normal 0.8516059192165906 -0.5241825620480575 0
    outer loop
      vertex 3.3154306411743164 -5.681631088256836 3
      vertex 3.34360408782959 -5.635859489440918 2.719999313354492
      vertex 3.34360408782959 -5.635859489440918 3
    endloop
  endfacet
  facet normal 0.8516059192165906 -0.5241825620480575 0
    outer loop
      vertex 3.34360408782959 -5.635859489440918 2.719999313354492
      vertex 3.3154306411743164 -5.681631088256836 3
      vertex 3.3154306411743164 -5.681631088256836 2.719999313354492
    endloop
  endfacet
  facet normal 0.8245554631780595 -0.5657811309536717 0
    outer loop
      vertex 3.284487724304199 -5.726726531982422 3
      vertex 3.3154306411743164 -5.681631088256836 2.719999313354492
      vertex 3.3154306411743164 -5.681631088256836 3
    endloop
  endfacet
  facet normal 0.8245554631780595 -0.5657811309536717 0
    outer loop
      vertex 3.3154306411743164 -5.681631088256836 2.719999313354492
      vertex 3.284487724304199 -5.726726531982422 3
      vertex 3.284487724304199 -5.726726531982422 2.719999313354492
    endloop
  endfacet
  facet normal 0.7965719887638459 -0.6045436847050933 0
    outer loop
      vertex 3.250777244567871 -5.771144866943359 3
      vertex 3.284487724304199 -5.726726531982422 2.719999313354492
      vertex 3.284487724304199 -5.726726531982422 3
    endloop
  endfacet
  facet normal 0.7965719887638459 -0.6045436847050933 0
    outer loop
      vertex 3.284487724304199 -5.726726531982422 2.719999313354492
      vertex 3.250777244567871 -5.771144866943359 3
      vertex 3.250777244567871 -5.771144866943359 2.719999313354492
    endloop
  endfacet
  facet normal 0.7679796723240011 -0.6404742171993496 0
    outer loop
      vertex 3.2142982482910156 -5.814886093139648 3
      vertex 3.250777244567871 -5.771144866943359 2.719999313354492
      vertex 3.250777244567871 -5.771144866943359 3
    endloop
  endfacet
  facet normal 0.7679796723240011 -0.6404742171993496 0
    outer loop
      vertex 3.250777244567871 -5.771144866943359 2.719999313354492
      vertex 3.2142982482910156 -5.814886093139648 3
      vertex 3.2142982482910156 -5.814886093139648 2.719999313354492
    endloop
  endfacet
  facet normal 0.7391070603505553 -0.6735879700083433 0
    outer loop
      vertex 3.175050735473633 -5.8579511642456055 3
      vertex 3.2142982482910156 -5.814886093139648 2.719999313354492
      vertex 3.2142982482910156 -5.814886093139648 3
    endloop
  endfacet
  facet normal 0.7391070603505553 -0.6735879700083433 0
    outer loop
      vertex 3.2142982482910156 -5.814886093139648 2.719999313354492
      vertex 3.175050735473633 -5.8579511642456055 3
      vertex 3.175050735473633 -5.8579511642456055 2.719999313354492
    endloop
  endfacet
  facet normal 0.7102158087007298 -0.703984023307041 0
    outer loop
      vertex 3.1330347061157227 -5.900339126586914 3
      vertex 3.175050735473633 -5.8579511642456055 2.719999313354492
      vertex 3.175050735473633 -5.8579511642456055 3
    endloop
  endfacet
  facet normal 0.7102158087007298 -0.703984023307041 0
    outer loop
      vertex 3.175050735473633 -5.8579511642456055 2.719999313354492
      vertex 3.1330347061157227 -5.900339126586914 3
      vertex 3.1330347061157227 -5.900339126586914 2.719999313354492
    endloop
  endfacet
  facet normal 0.6885634806086603 -0.7251760704629512 0
    outer loop
      vertex 3.0887584686279297 -5.942379951477051 2.719999313354492
      vertex 3.1330347061157227 -5.900339126586914 3
      vertex 3.0887584686279297 -5.942379951477051 3
    endloop
  endfacet
  facet normal 0.6885634806086603 -0.7251760704629512 0
    outer loop
      vertex 3.1330347061157227 -5.900339126586914 3
      vertex 3.0887584686279297 -5.942379951477051 2.719999313354492
      vertex 3.1330347061157227 -5.900339126586914 2.719999313354492
    endloop
  endfacet
  facet normal 0.6744010332554339 -0.7383652526656459 0
    outer loop
      vertex 3.042731285095215 -5.984419822692871 2.719999313354492
      vertex 3.0887584686279297 -5.942379951477051 3
      vertex 3.042731285095215 -5.984419822692871 3
    endloop
  endfacet
  facet normal 0.6744010332554339 -0.7383652526656459 0
    outer loop
      vertex 3.0887584686279297 -5.942379951477051 3
      vertex 3.042731285095215 -5.984419822692871 2.719999313354492
      vertex 3.0887584686279297 -5.942379951477051 2.719999313354492
    endloop
  endfacet
  facet normal 0.6605772220895694 -0.7507581059545262 0
    outer loop
      vertex 2.9949522018432617 -6.026459693908691 2.719999313354492
      vertex 3.042731285095215 -5.984419822692871 3
      vertex 2.9949522018432617 -6.026459693908691 3
    endloop
  endfacet
  facet normal 0.6605772220895694 -0.7507581059545262 0
    outer loop
      vertex 3.042731285095215 -5.984419822692871 3
      vertex 2.9949522018432617 -6.026459693908691 2.719999313354492
      vertex 3.042731285095215 -5.984419822692871 2.719999313354492
    endloop
  endfacet
  facet normal 0.647098997949116 -0.7624059855833046 0
    outer loop
      vertex 2.9454212188720703 -6.068499565124512 2.719999313354492
      vertex 2.9949522018432617 -6.026459693908691 3
      vertex 2.9454212188720703 -6.068499565124512 3
    endloop
  endfacet
  facet normal 0.647098997949116 -0.7624059855833046 0
    outer loop
      vertex 2.9949522018432617 -6.026459693908691 3
      vertex 2.9454212188720703 -6.068499565124512 2.719999313354492
      vertex 2.9949522018432617 -6.026459693908691 2.719999313354492
    endloop
  endfacet
  facet normal 0.6339705416418022 -0.7733571958224734 0
    outer loop
      vertex 2.8941383361816406 -6.110539436340332 2.719999313354492
      vertex 2.9454212188720703 -6.068499565124512 3
      vertex 2.8941383361816406 -6.110539436340332 3
    endloop
  endfacet
  facet normal 0.6339705416418022 -0.7733571958224734 0
    outer loop
      vertex 2.9454212188720703 -6.068499565124512 3
      vertex 2.8941383361816406 -6.110539436340332 2.719999313354492
      vertex 2.9454212188720703 -6.068499565124512 2.719999313354492
    endloop
  endfacet
  facet normal 0.6212002027310001 -0.7836519049469379 0
    outer loop
      vertex 2.841104507446289 -6.152579307556152 2.719999313354492
      vertex 2.8941383361816406 -6.110539436340332 3
      vertex 2.841104507446289 -6.152579307556152 3
    endloop
  endfacet
  facet normal 0.6212002027310001 -0.7836519049469379 0
    outer loop
      vertex 2.8941383361816406 -6.110539436340332 3
      vertex 2.841104507446289 -6.152579307556152 2.719999313354492
      vertex 2.8941383361816406 -6.110539436340332 2.719999313354492
    endloop
  endfacet
  facet normal 0.6197004682837004 -0.7848384098710781 0
    outer loop
      vertex 2.787109375 -6.195213317871094 2.719999313354492
      vertex 2.841104507446289 -6.152579307556152 3
      vertex 2.787109375 -6.195213317871094 3
    endloop
  endfacet
  facet normal 0.6197004682837004 -0.7848384098710781 0
    outer loop
      vertex 2.841104507446289 -6.152579307556152 3
      vertex 2.787109375 -6.195213317871094 2.719999313354492
      vertex 2.841104507446289 -6.152579307556152 2.719999313354492
    endloop
  endfacet
  facet normal 0.6289855741821627 -0.7774169714321492 0
    outer loop
      vertex 2.7329444885253906 -6.239036560058594 2.719999313354492
      vertex 2.787109375 -6.195213317871094 3
      vertex 2.7329444885253906 -6.239036560058594 3
    endloop
  endfacet
  facet normal 0.6289855741821627 -0.7774169714321492 0
    outer loop
      vertex 2.787109375 -6.195213317871094 3
      vertex 2.7329444885253906 -6.239036560058594 2.719999313354492
      vertex 2.787109375 -6.195213317871094 2.719999313354492
    endloop
  endfacet
  facet normal 0.637937488571955 -0.7700881512362769 0
    outer loop
      vertex 2.678609848022461 -6.2840471267700195 2.719999313354492
      vertex 2.7329444885253906 -6.239036560058594 3
      vertex 2.678609848022461 -6.2840471267700195 3
    endloop
  endfacet
  facet normal 0.637937488571955 -0.7700881512362769 0
    outer loop
      vertex 2.7329444885253906 -6.239036560058594 3
      vertex 2.678609848022461 -6.2840471267700195 2.719999313354492
      vertex 2.7329444885253906 -6.239036560058594 2.719999313354492
    endloop
  endfacet
  facet normal 0.6465858144170263 -0.7628412577952708 0
    outer loop
      vertex 2.6241044998168945 -6.3302459716796875 2.719999313354492
      vertex 2.678609848022461 -6.2840471267700195 3
      vertex 2.6241044998168945 -6.3302459716796875 3
    endloop
  endfacet
  facet normal 0.6465858144170263 -0.7628412577952708 0
    outer loop
      vertex 2.678609848022461 -6.2840471267700195 3
      vertex 2.6241044998168945 -6.3302459716796875 2.719999313354492
      vertex 2.678609848022461 -6.2840471267700195 2.719999313354492
    endloop
  endfacet
  facet normal 0.6549541230390421 -0.7556686421402963 0
    outer loop
      vertex 2.569429397583008 -6.377634048461914 2.719999313354492
      vertex 2.6241044998168945 -6.3302459716796875 3
      vertex 2.569429397583008 -6.377634048461914 3
    endloop
  endfacet
  facet normal 0.6549541230390421 -0.7556686421402963 0
    outer loop
      vertex 2.6241044998168945 -6.3302459716796875 3
      vertex 2.569429397583008 -6.377634048461914 2.719999313354492
      vertex 2.6241044998168945 -6.3302459716796875 2.719999313354492
    endloop
  endfacet
  facet normal 0.6630239907634423 -0.7485981483226622 0
    outer loop
      vertex 2.514584541320801 -6.426209449768066 2.719999313354492
      vertex 2.569429397583008 -6.377634048461914 3
      vertex 2.514584541320801 -6.426209449768066 3
    endloop
  endfacet
  facet normal 0.6630239907634423 -0.7485981483226622 0
    outer loop
      vertex 2.569429397583008 -6.377634048461914 3
      vertex 2.514584541320801 -6.426209449768066 2.719999313354492
      vertex 2.569429397583008 -6.377634048461914 2.719999313354492
    endloop
  endfacet
  facet normal 0.6769351413100406 -0.7360426716295432 0
    outer loop
      vertex 2.4600868225097656 -6.476330757141113 2.719999313354492
      vertex 2.514584541320801 -6.426209449768066 3
      vertex 2.4600868225097656 -6.476330757141113 3
    endloop
  endfacet
  facet normal 0.6769351413100406 -0.7360426716295432 0
    outer loop
      vertex 2.514584541320801 -6.426209449768066 3
      vertex 2.4600868225097656 -6.476330757141113 2.719999313354492
      vertex 2.514584541320801 -6.426209449768066 2.719999313354492
    endloop
  endfacet
  facet normal 0.6962761376569122 -0.7177740174522708 0
    outer loop
      vertex 2.4064340591430664 -6.528376579284668 2.719999313354492
      vertex 2.4600868225097656 -6.476330757141113 3
      vertex 2.4064340591430664 -6.528376579284668 3
    endloop
  endfacet
  facet normal 0.6962761376569122 -0.7177740174522708 0
    outer loop
      vertex 2.4600868225097656 -6.476330757141113 3
      vertex 2.4064340591430664 -6.528376579284668 2.719999313354492
      vertex 2.4600868225097656 -6.476330757141113 2.719999313354492
    endloop
  endfacet
  facet normal 0.7147507064039742 -0.6993793160331665 0
    outer loop
      vertex 2.3536272048950195 -6.582344055175781 3
      vertex 2.4064340591430664 -6.528376579284668 2.719999313354492
      vertex 2.4064340591430664 -6.528376579284668 3
    endloop
  endfacet
  facet normal 0.7147507064039742 -0.6993793160331665 0
    outer loop
      vertex 2.4064340591430664 -6.528376579284668 2.719999313354492
      vertex 2.3536272048950195 -6.582344055175781 3
      vertex 2.3536272048950195 -6.582344055175781 2.719999313354492
    endloop
  endfacet
  facet normal 0.7323807679021062 -0.6808953009142604 0
    outer loop
      vertex 2.301664352416992 -6.638236045837402 3
      vertex 2.3536272048950195 -6.582344055175781 2.719999313354492
      vertex 2.3536272048950195 -6.582344055175781 3
    endloop
  endfacet
  facet normal 0.7323807679021062 -0.6808953009142604 0
    outer loop
      vertex 2.3536272048950195 -6.582344055175781 2.719999313354492
      vertex 2.301664352416992 -6.638236045837402 3
      vertex 2.301664352416992 -6.638236045837402 2.719999313354492
    endloop
  endfacet
  facet normal 0.7491739123986526 -0.6623733456150663 0
    outer loop
      vertex 2.250547409057617 -6.696051597595215 3
      vertex 2.301664352416992 -6.638236045837402 2.719999313354492
      vertex 2.301664352416992 -6.638236045837402 3
    endloop
  endfacet
  facet normal 0.7491739123986526 -0.6623733456150663 0
    outer loop
      vertex 2.301664352416992 -6.638236045837402 2.719999313354492
      vertex 2.250547409057617 -6.696051597595215 3
      vertex 2.250547409057617 -6.696051597595215 2.719999313354492
    endloop
  endfacet
  facet normal 0.7651186274077801 -0.6438893429725596 0
    outer loop
      vertex 2.2002744674682617 -6.755789756774902 3
      vertex 2.250547409057617 -6.696051597595215 2.719999313354492
      vertex 2.250547409057617 -6.696051597595215 3
    endloop
  endfacet
  facet normal 0.7651186274077801 -0.6438893429725596 0
    outer loop
      vertex 2.250547409057617 -6.696051597595215 2.719999313354492
      vertex 2.2002744674682617 -6.755789756774902 3
      vertex 2.2002744674682617 -6.755789756774902 2.719999313354492
    endloop
  endfacet
  facet normal 0.7883866560169664 -0.6151800391872165 0
    outer loop
      vertex 2.151705741882324 -6.818033218383789 3
      vertex 2.2002744674682617 -6.755789756774902 2.719999313354492
      vertex 2.2002744674682617 -6.755789756774902 3
    endloop
  endfacet
  facet normal 0.7883866560169664 -0.6151800391872165 0
    outer loop
      vertex 2.2002744674682617 -6.755789756774902 2.719999313354492
      vertex 2.151705741882324 -6.818033218383789 3
      vertex 2.151705741882324 -6.818033218383789 2.719999313354492
    endloop
  endfacet
  facet normal 0.8176008929513646 -0.5757853591792093 0
    outer loop
      vertex 2.1056814193725586 -6.883386611938477 3
      vertex 2.151705741882324 -6.818033218383789 2.719999313354492
      vertex 2.151705741882324 -6.818033218383789 3
    endloop
  endfacet
  facet normal 0.8176008929513646 -0.5757853591792093 0
    outer loop
      vertex 2.151705741882324 -6.818033218383789 2.719999313354492
      vertex 2.1056814193725586 -6.883386611938477 3
      vertex 2.1056814193725586 -6.883386611938477 2.719999313354492
    endloop
  endfacet
  facet normal 0.8441298651905512 -0.5361387606705763 0
    outer loop
      vertex 2.062199592590332 -6.951847076416016 3
      vertex 2.1056814193725586 -6.883386611938477 2.719999313354492
      vertex 2.1056814193725586 -6.883386611938477 3
    endloop
  endfacet
  facet normal 0.8441298651905512 -0.5361387606705763 0
    outer loop
      vertex 2.1056814193725586 -6.883386611938477 2.719999313354492
      vertex 2.062199592590332 -6.951847076416016 3
      vertex 2.062199592590332 -6.951847076416016 2.719999313354492
    endloop
  endfacet
  facet normal 0.8680259630946038 -0.4965188087008242 0
    outer loop
      vertex 2.021261215209961 -7.023416519165039 3
      vertex 2.062199592590332 -6.951847076416016 2.719999313354492
      vertex 2.062199592590332 -6.951847076416016 3
    endloop
  endfacet
  facet normal 0.8680259630946038 -0.4965188087008242 0
    outer loop
      vertex 2.062199592590332 -6.951847076416016 2.719999313354492
      vertex 2.021261215209961 -7.023416519165039 3
      vertex 2.021261215209961 -7.023416519165039 2.719999313354492
    endloop
  endfacet
  facet normal 0.8893392678123483 -0.45724792697944117 0
    outer loop
      vertex 1.9828662872314453 -7.0980939865112305 3
      vertex 2.021261215209961 -7.023416519165039 2.719999313354492
      vertex 2.021261215209961 -7.023416519165039 3
    endloop
  endfacet
  facet normal 0.8893392678123483 -0.45724792697944117 0
    outer loop
      vertex 2.021261215209961 -7.023416519165039 2.719999313354492
      vertex 1.9828662872314453 -7.0980939865112305 3
      vertex 1.9828662872314453 -7.0980939865112305 2.719999313354492
    endloop
  endfacet
  facet normal 0.9081792348560642 -0.41858150625207224 0
    outer loop
      vertex 1.9470148086547852 -7.17587947845459 3
      vertex 1.9828662872314453 -7.0980939865112305 2.719999313354492
      vertex 1.9828662872314453 -7.0980939865112305 3
    endloop
  endfacet
  facet normal 0.9081792348560642 -0.41858150625207224 0
    outer loop
      vertex 1.9828662872314453 -7.0980939865112305 2.719999313354492
      vertex 1.9470148086547852 -7.17587947845459 3
      vertex 1.9470148086547852 -7.17587947845459 2.719999313354492
    endloop
  endfacet
  facet normal 1 0 0
    outer loop
      vertex 1.9470148086547852 -7.434239387512207 3
      vertex 1.9470148086547852 -7.17587947845459 2.719999313354492
      vertex 1.9470148086547852 -7.17587947845459 3
    endloop
  endfacet
  facet normal 1 0 0
    outer loop
      vertex 1.9470148086547852 -7.17587947845459 2.719999313354492
      vertex 1.9470148086547852 -7.434239387512207 3
      vertex 1.9470148086547852 -7.434239387512207 2.719999313354492
    endloop
  endfacet
  facet normal 0 1 0
    outer loop
      vertex 3.8450841903686523 -7.434239387512207 2.719999313354492
      vertex 1.9470148086547852 -7.434239387512207 3
      vertex 3.8450841903686523 -7.434239387512207 3
    endloop
  endfacet
  facet normal 0 1 0
    outer loop
      vertex 1.9470148086547852 -7.434239387512207 3
      vertex 3.8450841903686523 -7.434239387512207 2.719999313354492
      vertex 1.9470148086547852 -7.434239387512207 2.719999313354492
    endloop
  endfacet
  facet normal -1 0 0
    outer loop
      vertex -1.941044807434082 -7.434239387512207 2.719999313354492
      vertex -1.941044807434082 -7.122989654541016 3
      vertex -1.941044807434082 -7.122989654541016 2.719999313354492
    endloop
  endfacet
  facet normal -1 0 0
    outer loop
      vertex -1.941044807434082 -7.122989654541016 3
      vertex -1.941044807434082 -7.434239387512207 2.719999313354492
      vertex -1.941044807434082 -7.434239387512207 3
    endloop
  endfacet
  facet normal 0 -1 0
    outer loop
      vertex -2.638814926147461 -7.122989654541016 2.719999313354492
      vertex -1.941044807434082 -7.122989654541016 3
      vertex -2.638814926147461 -7.122989654541016 3
    endloop
  endfacet
  facet normal 0 -1 0
    outer loop
      vertex -1.941044807434082 -7.122989654541016 3
      vertex -2.638814926147461 -7.122989654541016 2.719999313354492
      vertex -1.941044807434082 -7.122989654541016 2.719999313354492
    endloop
  endfacet
  facet normal -1 0 0
    outer loop
      vertex -2.638814926147461 -7.122989654541016 2.719999313354492
      vertex -2.638814926147461 -4.5677995681762695 3
      vertex -2.638814926147461 -4.5677995681762695 2.719999313354492
    endloop
  endfacet
  facet normal -1 0 0
    outer loop
      vertex -2.638814926147461 -4.5677995681762695 3
      vertex -2.638814926147461 -7.122989654541016 2.719999313354492
      vertex -2.638814926147461 -7.122989654541016 3
    endloop
  endfacet
  facet normal 0 -1 0
    outer loop
      vertex -2.9765243530273438 -4.5677995681762695 2.719999313354492
      vertex -2.638814926147461 -4.5677995681762695 3
      vertex -2.9765243530273438 -4.5677995681762695 3
    endloop
  endfacet
  facet normal 0 -1 0
    outer loop
      vertex -2.638814926147461 -4.5677995681762695 3
      vertex -2.9765243530273438 -4.5677995681762695 2.719999313354492
      vertex -2.638814926147461 -4.5677995681762695 2.719999313354492
    endloop
  endfacet
  facet normal 0.5666249115461623 -0.8239758549953413 0
    outer loop
      vertex -3.6539840698242188 -5.033669471740723 2.719999313354492
      vertex -2.9765243530273438 -4.5677995681762695 3
      vertex -3.6539840698242188 -5.033669471740723 3
    endloop
  endfacet
  facet normal 0.5666249115461623 -0.8239758549953413 0
    outer loop
      vertex -2.9765243530273438 -4.5677995681762695 3
      vertex -3.6539840698242188 -5.033669471740723 2.719999313354492
      vertex -2.9765243530273438 -4.5677995681762695 2.719999313354492
    endloop
  endfacet
  facet normal 1 0 0
    outer loop
      vertex -3.6539840698242188 -5.379509925842285 3
      vertex -3.6539840698242188 -5.033669471740723 2.719999313354492
      vertex -3.6539840698242188 -5.033669471740723 3
    endloop
  endfacet
  facet normal 1 0 0
    outer loop
      vertex -3.6539840698242188 -5.033669471740723 2.719999313354492
      vertex -3.6539840698242188 -5.379509925842285 3
      vertex -3.6539840698242188 -5.379509925842285 2.719999313354492
    endloop
  endfacet
  facet normal -0.5809923282659146 0.8139090333054128 0
    outer loop
      vertex -3.0070648193359375 -4.917719841003418 2.719999313354492
      vertex -3.6539840698242188 -5.379509925842285 3
      vertex -3.0070648193359375 -4.917719841003418 3
    endloop
  endfacet
  facet normal -0.5809923282659146 0.8139090333054128 0
    outer loop
      vertex -3.6539840698242188 -5.379509925842285 3
      vertex -3.0070648193359375 -4.917719841003418 2.719999313354492
      vertex -3.6539840698242188 -5.379509925842285 2.719999313354492
    endloop
  endfacet
  facet normal 1 0 0
    outer loop
      vertex -3.0070648193359375 -7.122989654541016 3
      vertex -3.0070648193359375 -4.917719841003418 2.719999313354492
      vertex -3.0070648193359375 -4.917719841003418 3
    endloop
  endfacet
  facet normal 1 0 0
    outer loop
      vertex -3.0070648193359375 -4.917719841003418 2.719999313354492
      vertex -3.0070648193359375 -7.122989654541016 3
      vertex -3.0070648193359375 -7.122989654541016 2.719999313354492
    endloop
  endfacet
  facet normal 0 -1 0
    outer loop
      vertex -3.737384796142578 -7.122989654541016 2.719999313354492
      vertex -3.0070648193359375 -7.122989654541016 3
      vertex -3.737384796142578 -7.122989654541016 3
    endloop
  endfacet
  facet normal 0 -1 0
    outer loop
      vertex -3.0070648193359375 -7.122989654541016 3
      vertex -3.737384796142578 -7.122989654541016 2.719999313354492
      vertex -3.0070648193359375 -7.122989654541016 2.719999313354492
    endloop
  endfacet
  facet normal 1 0 0
    outer loop
      vertex -3.737384796142578 -7.434239387512207 3
      vertex -3.737384796142578 -7.122989654541016 2.719999313354492
      vertex -3.737384796142578 -7.122989654541016 3
    endloop
  endfacet
  facet normal 1 0 0
    outer loop
      vertex -3.737384796142578 -7.122989654541016 2.719999313354492
      vertex -3.737384796142578 -7.434239387512207 3
      vertex -3.737384796142578 -7.434239387512207 2.719999313354492
    endloop
  endfacet
  facet normal 0 1 0
    outer loop
      vertex -1.941044807434082 -7.434239387512207 2.719999313354492
      vertex -3.737384796142578 -7.434239387512207 3
      vertex -1.941044807434082 -7.434239387512207 3
    endloop
  endfacet
  facet normal 0 1 0
    outer loop
      vertex -3.737384796142578 -7.434239387512207 3
      vertex -1.941044807434082 -7.434239387512207 2.719999313354492
      vertex -3.737384796142578 -7.434239387512207 2.719999313354492
    endloop
  endfacet
  facet normal -1 0 0
    outer loop
      vertex 1.3569440841674805 -7.434239387512207 2.719999313354492
      vertex 1.3569440841674805 -6.988709449768066 3
      vertex 1.3569440841674805 -6.988709449768066 2.719999313354492
    endloop
  endfacet
  facet normal -1 0 0
    outer loop
      vertex 1.3569440841674805 -6.988709449768066 3
      vertex 1.3569440841674805 -7.434239387512207 2.719999313354492
      vertex 1.3569440841674805 -7.434239387512207 3
    endloop
  endfacet
  facet normal 0 -1 0
    outer loop
      vertex 0.9602546691894531 -6.988709449768066 2.719999313354492
      vertex 1.3569440841674805 -6.988709449768066 3
      vertex 0.9602546691894531 -6.988709449768066 3
    endloop
  endfacet
  facet normal 0 -1 0
    outer loop
      vertex 1.3569440841674805 -6.988709449768066 3
      vertex 0.9602546691894531 -6.988709449768066 2.719999313354492
      vertex 1.3569440841674805 -6.988709449768066 2.719999313354492
    endloop
  endfacet
  facet normal 1 0 0
    outer loop
      vertex 0.9602546691894531 -7.434239387512207 3
      vertex 0.9602546691894531 -6.988709449768066 2.719999313354492
      vertex 0.9602546691894531 -6.988709449768066 3
    endloop
  endfacet
  facet normal 1 0 0
    outer loop
      vertex 0.9602546691894531 -6.988709449768066 2.719999313354492
      vertex 0.9602546691894531 -7.434239387512207 3
      vertex 0.9602546691894531 -7.434239387512207 2.719999313354492
    endloop
  endfacet
  facet normal 0 1 0
    outer loop
      vertex 1.3569440841674805 -7.434239387512207 2.719999313354492
      vertex 0.9602546691894531 -7.434239387512207 3
      vertex 1.3569440841674805 -7.434239387512207 3
    endloop
  endfacet
  facet normal 0 1 0
    outer loop
      vertex 0.9602546691894531 -7.434239387512207 3
      vertex 1.3569440841674805 -7.434239387512207 2.719999313354492
      vertex 0.9602546691894531 -7.434239387512207 2.719999313354492
    endloop
  endfacet
  facet normal 0 0 1
    outer loop
      vertex 3.420130729675293 -5.246838569641113 2.719999313354492
      vertex 3.8003244400024414 -5.310359954833984 2.719999313354492
      vertex 3.793853759765625 -5.189675331115723 2.719999313354492
    endloop
  endfacet
  facet normal 0 0 1
    outer loop
      vertex 3.8003244400024414 -5.310359954833984 2.719999313354492
      vertex 3.4239749908447266 -5.322569847106934 2.719999313354492
      vertex 3.7982053756713867 -5.365903854370117 2.719999313354492
    endloop
  endfacet
  facet normal 0 0 1
    outer loop
      vertex 3.4217424392700195 -5.379863739013672 2.719999313354492
      vertex 3.7982053756713867 -5.365903854370117 2.719999313354492
      vertex 3.4239749908447266 -5.322569847106934 2.719999313354492
    endloop
  endfacet
  facet normal 0 0 1
    outer loop
      vertex 3.4086008071899414 -5.176985740661621 2.719999313354492
      vertex 3.793853759765625 -5.189675331115723 2.719999313354492
      vertex 3.7744407653808594 -5.078542709350586 2.719999313354492
    endloop
  endfacet
  facet normal 0 0 1
    outer loop
      vertex 3.7982053756713867 -5.365903854370117 2.719999313354492
      vertex 3.4217424392700195 -5.379863739013672 2.719999313354492
      vertex 3.7918481826782227 -5.4213361740112305 2.719999313354492
    endloop
  endfacet
  facet normal 0 0 1
    outer loop
      vertex 3.7918481826782227 -5.4213361740112305 2.719999313354492
      vertex 3.4217424392700195 -5.379863739013672 2.719999313354492
      vertex 3.781251907348633 -5.476656913757324 2.719999313354492
    endloop
  endfacet
  facet normal 0 0 1
    outer loop
      vertex 3.3893842697143555 -5.113012313842773 2.719999313354492
      vertex 3.7744407653808594 -5.078542709350586 2.719999313354492
      vertex 3.7420873641967773 -4.976962089538574 2.719999313354492
    endloop
  endfacet
  facet normal 0 0 1
    outer loop
      vertex 3.4150447845458984 -5.435126304626465 2.719999313354492
      vertex 3.781251907348633 -5.476656913757324 2.719999313354492
      vertex 3.4217424392700195 -5.379863739013672 2.719999313354492
    endloop
  endfacet
  facet normal 0 0 1
    outer loop
      vertex 3.3893842697143555 -5.113012313842773 2.719999313354492
      vertex 3.7420873641967773 -4.976962089538574 2.719999313354492
      vertex 3.696791648864746 -4.884932518005371 2.719999313354492
    endloop
  endfacet
  facet normal 0 0 1
    outer loop
      vertex 3.8003244400024414 -5.310359954833984 2.719999313354492
      vertex 3.420130729675293 -5.246838569641113 2.719999313354492
      vertex 3.4239749908447266 -5.322569847106934 2.719999313354492
    endloop
  endfacet
  facet normal 0 0 1
    outer loop
      vertex 3.7664175033569336 -5.531866073608398 2.719999313354492
      vertex 3.4150447845458984 -5.435126304626465 2.719999313354492
      vertex 3.747344970703125 -5.586963653564453 2.719999313354492
    endloop
  endfacet
  facet normal 0 0 1
    outer loop
      vertex 3.362481117248535 -5.0549163818359375 2.719999313354492
      vertex 3.696791648864746 -4.884932518005371 2.719999313354492
      vertex 3.6385536193847656 -4.802454948425293 2.719999313354492
    endloop
  endfacet
  facet normal 0 0 1
    outer loop
      vertex 3.4038820266723633 -5.488356590270996 2.719999313354492
      vertex 3.747344970703125 -5.586963653564453 2.719999313354492
      vertex 3.4150447845458984 -5.435126304626465 2.719999313354492
    endloop
  endfacet
  facet normal 0 0 1
    outer loop
      vertex 3.747344970703125 -5.586963653564453 2.719999313354492
      vertex 3.4038820266723633 -5.488356590270996 2.719999313354492
      vertex 3.724034309387207 -5.641949653625488 2.719999313354492
    endloop
  endfacet
  facet normal 0 0 1
    outer loop
      vertex 3.3278913497924805 -5.00269889831543 2.719999313354492
      vertex 3.6385536193847656 -4.802454948425293 2.719999313354492
      vertex 3.5673742294311523 -4.72952938079834 2.719999313354492
    endloop
  endfacet
  facet normal 0 0 1
    outer loop
      vertex 3.388254165649414 -5.539556503295898 2.719999313354492
      vertex 3.724034309387207 -5.641949653625488 2.719999313354492
      vertex 3.4038820266723633 -5.488356590270996 2.719999313354492
    endloop
  endfacet
  facet normal 0 0 1
    outer loop
      vertex 3.724034309387207 -5.641949653625488 2.719999313354492
      vertex 3.388254165649414 -5.539556503295898 2.719999313354492
      vertex 3.6965417861938477 -5.6968793869018555 2.719999313354492
    endloop
  endfacet
  facet normal 0 0 1
    outer loop
      vertex 3.2856149673461914 -4.95635986328125 2.719999313354492
      vertex 3.5673742294311523 -4.72952938079834 2.719999313354492
      vertex 3.48416805267334 -4.667058944702148 2.719999313354492
    endloop
  endfacet
  facet normal 0 0 1
    outer loop
      vertex 3.368162155151367 -5.588724136352539 2.719999313354492
      vertex 3.6965417861938477 -5.6968793869018555 2.719999313354492
      vertex 3.388254165649414 -5.539556503295898 2.719999313354492
    endloop
  endfacet
  facet normal 0 0 1
    outer loop
      vertex 3.6965417861938477 -5.6968793869018555 2.719999313354492
      vertex 3.368162155151367 -5.588724136352539 2.719999313354492
      vertex 3.6649246215820312 -5.751809120178223 2.719999313354492
    endloop
  endfacet
  facet normal 0 0 1
    outer loop
      vertex 3.781251907348633 -5.476656913757324 2.719999313354492
      vertex 3.4150447845458984 -5.435126304626465 2.719999313354492
      vertex 3.7664175033569336 -5.531866073608398 2.719999313354492
    endloop
  endfacet
  facet normal 0 0 1
    outer loop
      vertex 3.793853759765625 -5.189675331115723 2.719999313354492
      vertex 3.4086008071899414 -5.176985740661621 2.719999313354492
      vertex 3.420130729675293 -5.246838569641113 2.719999313354492
    endloop
  endfacet
  facet normal 0 0 1
    outer loop
      vertex 3.236509323120117 -4.916576385498047 2.719999313354492
      vertex 3.48416805267334 -4.667058944702148 2.719999313354492
      vertex 3.3898277282714844 -4.615945816040039 2.719999313354492
    endloop
  endfacet
  facet normal 0 0 1
    outer loop
      vertex 3.7744407653808594 -5.078542709350586 2.719999313354492
      vertex 3.3893842697143555 -5.113012313842773 2.719999313354492
      vertex 3.4086008071899414 -5.176985740661621 2.719999313354492
    endloop
  endfacet
  facet normal 0 0 1
    outer loop
      vertex 3.696791648864746 -4.884932518005371 2.719999313354492
      vertex 3.362481117248535 -5.0549163818359375 2.719999313354492
      vertex 3.3893842697143555 -5.113012313842773 2.719999313354492
    endloop
  endfacet
  facet normal 0 0 1
    outer loop
      vertex 3.6385536193847656 -4.802454948425293 2.719999313354492
      vertex 3.3278913497924805 -5.00269889831543 2.719999313354492
      vertex 3.362481117248535 -5.0549163818359375 2.719999313354492
    endloop
  endfacet
  facet normal 0 0 1
    outer loop
      vertex 3.5673742294311523 -4.72952938079834 2.719999313354492
      vertex 3.2856149673461914 -4.95635986328125 2.719999313354492
      vertex 3.3278913497924805 -5.00269889831543 2.719999313354492
    endloop
  endfacet
  facet normal 0 0 1
    outer loop
      vertex 3.1814146041870117 -4.884026527404785 2.719999313354492
      vertex 3.3898277282714844 -4.615945816040039 2.719999313354492
      vertex 3.2843542098999023 -4.5761919021606445 2.719999313354492
    endloop
  endfacet
  facet normal 0 0 1
    outer loop
      vertex 3.48416805267334 -4.667058944702148 2.719999313354492
      vertex 3.236509323120117 -4.916576385498047 2.719999313354492
      vertex 3.2856149673461914 -4.95635986328125 2.719999313354492
    endloop
  endfacet
  facet normal 0 0 1
    outer loop
      vertex 3.3898277282714844 -4.615945816040039 2.719999313354492
      vertex 3.1814146041870117 -4.884026527404785 2.719999313354492
      vertex 3.236509323120117 -4.916576385498047 2.719999313354492
    endloop
  endfacet
  facet normal 0 0 1
    outer loop
      vertex 3.1203298568725586 -4.858709335327148 2.719999313354492
      vertex 3.2843542098999023 -4.5761919021606445 2.719999313354492
      vertex 3.1677474975585938 -4.547796249389648 2.719999313354492
    endloop
  endfacet
  facet normal 0 0 1
    outer loop
      vertex 3.2843542098999023 -4.5761919021606445 2.719999313354492
      vertex 3.1203298568725586 -4.858709335327148 2.719999313354492
      vertex 3.1814146041870117 -4.884026527404785 2.719999313354492
    endloop
  endfacet
  facet normal 0 0 1
    outer loop
      vertex 3.1677474975585938 -4.547796249389648 2.719999313354492
      vertex 3.0532541275024414 -4.840625762939453 2.719999313354492
      vertex 3.1203298568725586 -4.858709335327148 2.719999313354492
    endloop
  endfacet
  facet normal 0 0 1
    outer loop
      vertex 3.0400075912475586 -4.530758857727051 2.719999313354492
      vertex 3.0532541275024414 -4.840625762939453 2.719999313354492
      vertex 3.1677474975585938 -4.547796249389648 2.719999313354492
    endloop
  endfacet
  facet normal 0 0 1
    outer loop
      vertex 3.0400075912475586 -4.530758857727051 2.719999313354492
      vertex 2.980189323425293 -4.829775810241699 2.719999313354492
      vertex 3.0532541275024414 -4.840625762939453 2.719999313354492
    endloop
  endfacet
  facet normal 0 0 1
    outer loop
      vertex 2.901134490966797 -4.525079727172852 2.719999313354492
      vertex 2.980189323425293 -4.829775810241699 2.719999313354492
      vertex 3.0400075912475586 -4.530758857727051 2.719999313354492
    endloop
  endfacet
  facet normal 0 0 1
    outer loop
      vertex 2.901134490966797 -4.525079727172852 2.719999313354492
      vertex 2.901134490966797 -4.826159477233887 2.719999313354492
      vertex 2.980189323425293 -4.829775810241699 2.719999313354492
    endloop
  endfacet
  facet normal 0 0 1
    outer loop
      vertex 2.901134490966797 -4.525079727172852 2.719999313354492
      vertex 2.8254337310791016 -4.8296918869018555 2.719999313354492
      vertex 2.901134490966797 -4.826159477233887 2.719999313354492
    endloop
  endfacet
  facet normal 0 0 1
    outer loop
      vertex 2.7735586166381836 -4.530731201171875 2.719999313354492
      vertex 2.8254337310791016 -4.8296918869018555 2.719999313354492
      vertex 2.901134490966797 -4.525079727172852 2.719999313354492
    endloop
  endfacet
  facet normal 0 0 1
    outer loop
      vertex 2.7735586166381836 -4.530731201171875 2.719999313354492
      vertex 2.7543115615844727 -4.840289115905762 2.719999313354492
      vertex 2.8254337310791016 -4.8296918869018555 2.719999313354492
    endloop
  endfacet
  facet normal 0 0 1
    outer loop
      vertex 2.653951644897461 -4.547686576843262 2.719999313354492
      vertex 2.7543115615844727 -4.840289115905762 2.719999313354492
      vertex 2.7735586166381836 -4.530731201171875 2.719999313354492
    endloop
  endfacet
  facet normal 0 0 1
    outer loop
      vertex 2.7543115615844727 -4.840289115905762 2.719999313354492
      vertex 2.653951644897461 -4.547686576843262 2.719999313354492
      vertex 2.6877670288085938 -4.857952117919922 2.719999313354492
    endloop
  endfacet
  facet normal 0 0 1
    outer loop
      vertex 2.542311668395996 -4.575944900512695 2.719999313354492
      vertex 2.6877670288085938 -4.857952117919922 2.719999313354492
      vertex 2.653951644897461 -4.547686576843262 2.719999313354492
    endloop
  endfacet
  facet normal 0 0 1
    outer loop
      vertex 2.6877670288085938 -4.857952117919922 2.719999313354492
      vertex 2.542311668395996 -4.575944900512695 2.719999313354492
      vertex 2.6258010864257812 -4.8826799392700195 2.719999313354492
    endloop
  endfacet
  facet normal 0 0 1
    outer loop
      vertex 2.4386415481567383 -4.615506172180176 2.719999313354492
      vertex 2.6258010864257812 -4.8826799392700195 2.719999313354492
      vertex 2.542311668395996 -4.575944900512695 2.719999313354492
    endloop
  endfacet
  facet normal 0 0 1
    outer loop
      vertex 2.6258010864257812 -4.8826799392700195 2.719999313354492
      vertex 2.4386415481567383 -4.615506172180176 2.719999313354492
      vertex 2.568413734436035 -4.914471626281738 2.719999313354492
    endloop
  endfacet
  facet normal 0 0 1
    outer loop
      vertex 2.3429384231567383 -4.6663713455200195 2.719999313354492
      vertex 2.568413734436035 -4.914471626281738 2.719999313354492
      vertex 2.4386415481567383 -4.615506172180176 2.719999313354492
    endloop
  endfacet
  facet normal 0 0 1
    outer loop
      vertex 2.568413734436035 -4.914471626281738 2.719999313354492
      vertex 2.3429384231567383 -4.6663713455200195 2.719999313354492
      vertex 2.5156049728393555 -4.953329086303711 2.719999313354492
    endloop
  endfacet
  facet normal 0 0 1
    outer loop
      vertex 2.255204200744629 -4.72853946685791 2.719999313354492
      vertex 2.5156049728393555 -4.953329086303711 2.719999313354492
      vertex 2.3429384231567383 -4.6663713455200195 2.719999313354492
    endloop
  endfacet
  facet normal 0 0 1
    outer loop
      vertex 2.5156049728393555 -4.953329086303711 2.719999313354492
      vertex 2.255204200744629 -4.72853946685791 2.719999313354492
      vertex 2.468560218811035 -4.998563766479492 2.719999313354492
    endloop
  endfacet
  facet normal 0 0 1
    outer loop
      vertex 2.1773033142089844 -4.800249099731445 2.719999313354492
      vertex 2.468560218811035 -4.998563766479492 2.719999313354492
      vertex 2.255204200744629 -4.72853946685791 2.719999313354492
    endloop
  endfacet
  facet normal 0 0 1
    outer loop
      vertex 2.468560218811035 -4.998563766479492 2.719999313354492
      vertex 2.1773033142089844 -4.800249099731445 2.719999313354492
      vertex 2.4284677505493164 -5.049506187438965 2.719999313354492
    endloop
  endfacet
  facet normal 0 0 1
    outer loop
      vertex 2.1111011505126953 -4.879755973815918 2.719999313354492
      vertex 2.4284677505493164 -5.049506187438965 2.719999313354492
      vertex 2.1773033142089844 -4.800249099731445 2.719999313354492
    endloop
  endfacet
  facet normal 0 0 1
    outer loop
      vertex 2.4284677505493164 -5.049506187438965 2.719999313354492
      vertex 2.1111011505126953 -4.879755973815918 2.719999313354492
      vertex 2.395326614379883 -5.106157302856445 2.719999313354492
    endloop
  endfacet
  facet normal 0 0 1
    outer loop
      vertex 2.0565967559814453 -4.967061996459961 2.719999313354492
      vertex 2.395326614379883 -5.106157302856445 2.719999313354492
      vertex 2.1111011505126953 -4.879755973815918 2.719999313354492
    endloop
  endfacet
  facet normal 0 0 1
    outer loop
      vertex 2.395326614379883 -5.106157302856445 2.719999313354492
      vertex 2.0565967559814453 -4.967061996459961 2.719999313354492
      vertex 2.369137763977051 -5.168516159057617 2.719999313354492
    endloop
  endfacet
  facet normal 0 0 1
    outer loop
      vertex 2.013791084289551 -5.062166213989258 2.719999313354492
      vertex 2.369137763977051 -5.168516159057617 2.719999313354492
      vertex 2.0565967559814453 -4.967061996459961 2.719999313354492
    endloop
  endfacet
  facet normal 0 0 1
    outer loop
      vertex 2.369137763977051 -5.168516159057617 2.719999313354492
      vertex 2.013791084289551 -5.062166213989258 2.719999313354492
      vertex 2.349900245666504 -5.236583709716797 2.719999313354492
    endloop
  endfacet
  facet normal 0 0 1
    outer loop
      vertex 1.9826841354370117 -5.165068626403809 2.719999313354492
      vertex 2.349900245666504 -5.236583709716797 2.719999313354492
      vertex 2.013791084289551 -5.062166213989258 2.719999313354492
    endloop
  endfacet
  facet normal 0 0 1
    outer loop
      vertex 2.349900245666504 -5.236583709716797 2.719999313354492
      vertex 1.9826841354370117 -5.165068626403809 2.719999313354492
      vertex 2.337614059448242 -5.310359954833984 2.719999313354492
    endloop
  endfacet
  facet normal 0 0 1
    outer loop
      vertex 2.337614059448242 -5.310359954833984 2.719999313354492
      vertex 1.9826841354370117 -5.165068626403809 2.719999313354492
      vertex 1.9632749557495117 -5.275769233703613 2.719999313354492
    endloop
  endfacet
  facet normal 0 0 1
    outer loop
      vertex 3.6649246215820312 -5.751809120178223 2.719999313354492
      vertex 3.368162155151367 -5.588724136352539 2.719999313354492
      vertex 3.6291818618774414 -5.806739807128906 2.719999313354492
    endloop
  endfacet
  facet normal 0 0 1
    outer loop
      vertex 3.34360408782959 -5.635859489440918 2.719999313354492
      vertex 3.6291818618774414 -5.806739807128906 2.719999313354492
      vertex 3.368162155151367 -5.588724136352539 2.719999313354492
    endloop
  endfacet
  facet normal 0 0 1
    outer loop
      vertex 3.6291818618774414 -5.806739807128906 2.719999313354492
      vertex 3.34360408782959 -5.635859489440918 2.719999313354492
      vertex 3.5893144607543945 -5.861669540405273 2.719999313354492
    endloop
  endfacet
  facet normal 0 0 1
    outer loop
      vertex 3.3154306411743164 -5.681631088256836 2.719999313354492
      vertex 3.5893144607543945 -5.861669540405273 2.719999313354492
      vertex 3.34360408782959 -5.635859489440918 2.719999313354492
    endloop
  endfacet
  facet normal 0 0 1
    outer loop
      vertex 3.5893144607543945 -5.861669540405273 2.719999313354492
      vertex 3.3154306411743164 -5.681631088256836 2.719999313354492
      vertex 3.5453224182128906 -5.916599273681641 2.719999313354492
    endloop
  endfacet
  facet normal 0 0 1
    outer loop
      vertex 3.284487724304199 -5.726726531982422 2.719999313354492
      vertex 3.5453224182128906 -5.916599273681641 2.719999313354492
      vertex 3.3154306411743164 -5.681631088256836 2.719999313354492
    endloop
  endfacet
  facet normal 0 0 1
    outer loop
      vertex 3.5453224182128906 -5.916599273681641 2.719999313354492
      vertex 3.284487724304199 -5.726726531982422 2.719999313354492
      vertex 3.4972047805786133 -5.971529960632324 2.719999313354492
    endloop
  endfacet
  facet normal 0 0 1
    outer loop
      vertex 3.250777244567871 -5.771144866943359 2.719999313354492
      vertex 3.4972047805786133 -5.971529960632324 2.719999313354492
      vertex 3.284487724304199 -5.726726531982422 2.719999313354492
    endloop
  endfacet
  facet normal 0 0 1
    outer loop
      vertex 3.4972047805786133 -5.971529960632324 2.719999313354492
      vertex 3.250777244567871 -5.771144866943359 2.719999313354492
      vertex 3.439394950866699 -6.031488418579102 2.719999313354492
    endloop
  endfacet
  facet normal 0 0 1
    outer loop
      vertex 3.2142982482910156 -5.814886093139648 2.719999313354492
      vertex 3.439394950866699 -6.031488418579102 2.719999313354492
      vertex 3.250777244567871 -5.771144866943359 2.719999313354492
    endloop
  endfacet
  facet normal 0 0 1
    outer loop
      vertex 3.175050735473633 -5.8579511642456055 2.719999313354492
      vertex 3.439394950866699 -6.031488418579102 2.719999313354492
      vertex 3.2142982482910156 -5.814886093139648 2.719999313354492
    endloop
  endfacet
  facet normal 0 0 1
    outer loop
      vertex 3.439394950866699 -6.031488418579102 2.719999313354492
      vertex 3.175050735473633 -5.8579511642456055 2.719999313354492
      vertex 3.366328239440918 -6.101506233215332 2.719999313354492
    endloop
  endfacet
  facet normal 0 0 1
    outer loop
      vertex 3.1330347061157227 -5.900339126586914 2.719999313354492
      vertex 3.366328239440918 -6.101506233215332 2.719999313354492
      vertex 3.175050735473633 -5.8579511642456055 2.719999313354492
    endloop
  endfacet
  facet normal 0 0 1
    outer loop
      vertex 3.366328239440918 -6.101506233215332 2.719999313354492
      vertex 3.1330347061157227 -5.900339126586914 2.719999313354492
      vertex 3.2780017852783203 -6.181582450866699 2.719999313354492
    endloop
  endfacet
  facet normal 0 0 1
    outer loop
      vertex 3.0887584686279297 -5.942379951477051 2.719999313354492
      vertex 3.2780017852783203 -6.181582450866699 2.719999313354492
      vertex 3.1330347061157227 -5.900339126586914 2.719999313354492
    endloop
  endfacet
  facet normal 0 0 1
    outer loop
      vertex 3.042731285095215 -5.984419822692871 2.719999313354492
      vertex 3.2780017852783203 -6.181582450866699 2.719999313354492
      vertex 3.0887584686279297 -5.942379951477051 2.719999313354492
    endloop
  endfacet
  facet normal 0 0 1
    outer loop
      vertex 3.2780017852783203 -6.181582450866699 2.719999313354492
      vertex 3.042731285095215 -5.984419822692871 2.719999313354492
      vertex 3.174417495727539 -6.271716117858887 2.719999313354492
    endloop
  endfacet
  facet normal 0 0 1
    outer loop
      vertex 2.9949522018432617 -6.026459693908691 2.719999313354492
      vertex 3.174417495727539 -6.271716117858887 2.719999313354492
      vertex 3.042731285095215 -5.984419822692871 2.719999313354492
    endloop
  endfacet
  facet normal 0 0 1
    outer loop
      vertex 2.9454212188720703 -6.068499565124512 2.719999313354492
      vertex 3.174417495727539 -6.271716117858887 2.719999313354492
      vertex 2.9949522018432617 -6.026459693908691 2.719999313354492
    endloop
  endfacet
  facet normal 0 0 1
    outer loop
      vertex 3.174417495727539 -6.271716117858887 2.719999313354492
      vertex 2.9454212188720703 -6.068499565124512 2.719999313354492
      vertex 3.055575370788574 -6.371909141540527 2.719999313354492
    endloop
  endfacet
  facet normal 0 0 1
    outer loop
      vertex 2.8941383361816406 -6.110539436340332 2.719999313354492
      vertex 3.055575370788574 -6.371909141540527 2.719999313354492
      vertex 2.9454212188720703 -6.068499565124512 2.719999313354492
    endloop
  endfacet
  facet normal 0 0 1
    outer loop
      vertex 2.841104507446289 -6.152579307556152 2.719999313354492
      vertex 3.055575370788574 -6.371909141540527 2.719999313354492
      vertex 2.8941383361816406 -6.110539436340332 2.719999313354492
    endloop
  endfacet
  facet normal 0 0 1
    outer loop
      vertex 2.787109375 -6.195213317871094 2.719999313354492
      vertex 3.055575370788574 -6.371909141540527 2.719999313354492
      vertex 2.841104507446289 -6.152579307556152 2.719999313354492
    endloop
  endfacet
  facet normal 0 0 1
    outer loop
      vertex 3.055575370788574 -6.371909141540527 2.719999313354492
      vertex 2.787109375 -6.195213317871094 2.719999313354492
      vertex 2.9214744567871094 -6.482159614562988 2.719999313354492
    endloop
  endfacet
  facet normal 0 0 1
    outer loop
      vertex 2.7329444885253906 -6.239036560058594 2.719999313354492
      vertex 2.9214744567871094 -6.482159614562988 2.719999313354492
      vertex 2.787109375 -6.195213317871094 2.719999313354492
    endloop
  endfacet
  facet normal 0 0 1
    outer loop
      vertex 2.678609848022461 -6.2840471267700195 2.719999313354492
      vertex 2.9214744567871094 -6.482159614562988 2.719999313354492
      vertex 2.7329444885253906 -6.239036560058594 2.719999313354492
    endloop
  endfacet
  facet normal 0 0 1
    outer loop
      vertex 2.9214744567871094 -6.482159614562988 2.719999313354492
      vertex 2.678609848022461 -6.2840471267700195 2.719999313354492
      vertex 2.8461408615112305 -6.544854164123535 2.719999313354492
    endloop
  endfacet
  facet normal 0 0 1
    outer loop
      vertex 2.6241044998168945 -6.3302459716796875 2.719999313354492
      vertex 2.8461408615112305 -6.544854164123535 2.719999313354492
      vertex 2.678609848022461 -6.2840471267700195 2.719999313354492
    endloop
  endfacet
  facet normal 0 0 1
    outer loop
      vertex 2.8461408615112305 -6.544854164123535 2.719999313354492
      vertex 2.6241044998168945 -6.3302459716796875 2.719999313354492
      vertex 2.776121139526367 -6.605459213256836 2.719999313354492
    endloop
  endfacet
  facet normal 0 0 1
    outer loop
      vertex 2.569429397583008 -6.377634048461914 2.719999313354492
      vertex 2.776121139526367 -6.605459213256836 2.719999313354492
      vertex 2.6241044998168945 -6.3302459716796875 2.719999313354492
    endloop
  endfacet
  facet normal 0 0 1
    outer loop
      vertex 2.514584541320801 -6.426209449768066 2.719999313354492
      vertex 2.776121139526367 -6.605459213256836 2.719999313354492
      vertex 2.569429397583008 -6.377634048461914 2.719999313354492
    endloop
  endfacet
  facet normal 0 0 1
    outer loop
      vertex 2.776121139526367 -6.605459213256836 2.719999313354492
      vertex 2.514584541320801 -6.426209449768066 2.719999313354492
      vertex 2.711414337158203 -6.663974761962891 2.719999313354492
    endloop
  endfacet
  facet normal 0 0 1
    outer loop
      vertex 2.4600868225097656 -6.476330757141113 2.719999313354492
      vertex 2.711414337158203 -6.663974761962891 2.719999313354492
      vertex 2.514584541320801 -6.426209449768066 2.719999313354492
    endloop
  endfacet
  facet normal 0 0 1
    outer loop
      vertex 2.711414337158203 -6.663974761962891 2.719999313354492
      vertex 2.4600868225097656 -6.476330757141113 2.719999313354492
      vertex 2.6520214080810547 -6.720399856567383 2.719999313354492
    endloop
  endfacet
  facet normal 0 0 1
    outer loop
      vertex 2.4064340591430664 -6.528376579284668 2.719999313354492
      vertex 2.6520214080810547 -6.720399856567383 2.719999313354492
      vertex 2.4600868225097656 -6.476330757141113 2.719999313354492
    endloop
  endfacet
  facet normal 0 0 1
    outer loop
      vertex 2.6520214080810547 -6.720399856567383 2.719999313354492
      vertex 2.4064340591430664 -6.528376579284668 2.719999313354492
      vertex 2.5979413986206055 -6.7747344970703125 2.719999313354492
    endloop
  endfacet
  facet normal 0 0 1
    outer loop
      vertex 2.3536272048950195 -6.582344055175781 2.719999313354492
      vertex 2.5979413986206055 -6.7747344970703125 2.719999313354492
      vertex 2.4064340591430664 -6.528376579284668 2.719999313354492
    endloop
  endfacet
  facet normal 0 0 1
    outer loop
      vertex 2.5979413986206055 -6.7747344970703125 2.719999313354492
      vertex 2.3536272048950195 -6.582344055175781 2.719999313354492
      vertex 2.5491743087768555 -6.826979637145996 2.719999313354492
    endloop
  endfacet
  facet normal 0 0 1
    outer loop
      vertex 2.301664352416992 -6.638236045837402 2.719999313354492
      vertex 2.5491743087768555 -6.826979637145996 2.719999313354492
      vertex 2.3536272048950195 -6.582344055175781 2.719999313354492
    endloop
  endfacet
  facet normal 0 0 1
    outer loop
      vertex 2.5491743087768555 -6.826979637145996 2.719999313354492
      vertex 2.301664352416992 -6.638236045837402 2.719999313354492
      vertex 2.50521183013916 -6.87786865234375 2.719999313354492
    endloop
  endfacet
  facet normal 0 0 1
    outer loop
      vertex 2.250547409057617 -6.696051597595215 2.719999313354492
      vertex 2.50521183013916 -6.87786865234375 2.719999313354492
      vertex 2.301664352416992 -6.638236045837402 2.719999313354492
    endloop
  endfacet
  facet normal 0 0 1
    outer loop
      vertex 2.50521183013916 -6.87786865234375 2.719999313354492
      vertex 2.250547409057617 -6.696051597595215 2.719999313354492
      vertex 2.4655447006225586 -6.928135871887207 2.719999313354492
    endloop
  endfacet
  facet normal 0 0 1
    outer loop
      vertex 2.2002744674682617 -6.755789756774902 2.719999313354492
      vertex 2.4655447006225586 -6.928135871887207 2.719999313354492
      vertex 2.250547409057617 -6.696051597595215 2.719999313354492
    endloop
  endfacet
  facet normal 0 0 1
    outer loop
      vertex 2.4655447006225586 -6.928135871887207 2.719999313354492
      vertex 2.2002744674682617 -6.755789756774902 2.719999313354492
      vertex 2.4301719665527344 -6.977782249450684 2.719999313354492
    endloop
  endfacet
  facet normal 0 0 1
    outer loop
      vertex 2.151705741882324 -6.818033218383789 2.719999313354492
      vertex 2.4301719665527344 -6.977782249450684 2.719999313354492
      vertex 2.2002744674682617 -6.755789756774902 2.719999313354492
    endloop
  endfacet
  facet normal 0 0 1
    outer loop
      vertex 2.349824905395508 -7.122989654541016 2.719999313354492
      vertex 3.8450841903686523 -7.434239387512207 2.719999313354492
      vertex 3.8450841903686523 -7.122989654541016 2.719999313354492
    endloop
  endfacet
  facet normal 0 0 1
    outer loop
      vertex 2.4301719665527344 -6.977782249450684 2.719999313354492
      vertex 2.151705741882324 -6.818033218383789 2.719999313354492
      vertex 2.399094581604004 -7.026805877685547 2.719999313354492
    endloop
  endfacet
  facet normal 0 0 1
    outer loop
      vertex 2.1056814193725586 -6.883386611938477 2.719999313354492
      vertex 2.399094581604004 -7.026805877685547 2.719999313354492
      vertex 2.151705741882324 -6.818033218383789 2.719999313354492
    endloop
  endfacet
  facet normal 0 0 1
    outer loop
      vertex 2.399094581604004 -7.026805877685547 2.719999313354492
      vertex 2.1056814193725586 -6.883386611938477 2.719999313354492
      vertex 2.372311592102051 -7.07520866394043 2.719999313354492
    endloop
  endfacet
  facet normal 0 0 1
    outer loop
      vertex 2.062199592590332 -6.951847076416016 2.719999313354492
      vertex 2.372311592102051 -7.07520866394043 2.719999313354492
      vertex 2.1056814193725586 -6.883386611938477 2.719999313354492
    endloop
  endfacet
  facet normal 0 0 1
    outer loop
      vertex 2.372311592102051 -7.07520866394043 2.719999313354492
      vertex 2.062199592590332 -6.951847076416016 2.719999313354492
      vertex 2.349824905395508 -7.122989654541016 2.719999313354492
    endloop
  endfacet
  facet normal 0 0 1
    outer loop
      vertex 2.021261215209961 -7.023416519165039 2.719999313354492
      vertex 2.349824905395508 -7.122989654541016 2.719999313354492
      vertex 2.062199592590332 -6.951847076416016 2.719999313354492
    endloop
  endfacet
  facet normal 0 0 1
    outer loop
      vertex 1.9828662872314453 -7.0980939865112305 2.719999313354492
      vertex 2.349824905395508 -7.122989654541016 2.719999313354492
      vertex 2.021261215209961 -7.023416519165039 2.719999313354492
    endloop
  endfacet
  facet normal 0 0 1
    outer loop
      vertex 1.9470148086547852 -7.17587947845459 2.719999313354492
      vertex 2.349824905395508 -7.122989654541016 2.719999313354492
      vertex 1.9828662872314453 -7.0980939865112305 2.719999313354492
    endloop
  endfacet
  facet normal 0 0 1
    outer loop
      vertex 2.349824905395508 -7.122989654541016 2.719999313354492
      vertex 1.9470148086547852 -7.17587947845459 2.719999313354492
      vertex 1.9470148086547852 -7.434239387512207 2.719999313354492
    endloop
  endfacet
  facet normal 0 0 1
    outer loop
      vertex 2.349824905395508 -7.122989654541016 2.719999313354492
      vertex 1.9470148086547852 -7.434239387512207 2.719999313354492
      vertex 3.8450841903686523 -7.434239387512207 2.719999313354492
    endloop
  endfacet
  facet normal 0 0 1
    outer loop
      vertex 0.04067039489746094 -5.802663803100586 2.719999313354492
      vertex 0.41692447662353516 -6 2.719999313354492
      vertex 0.41022777557373047 -5.766496658325195 2.719999313354492
    endloop
  endfacet
  facet normal 0 0 1
    outer loop
      vertex 0.028717994689941406 -5.624316215515137 2.719999313354492
      vertex 0.41022777557373047 -5.766496658325195 2.719999313354492
      vertex 0.3901376724243164 -5.552886009216309 2.719999313354492
    endloop
  endfacet
  facet normal 0 0 1
    outer loop
      vertex 0.040472984313964844 -6.1907806396484375 2.719999313354492
      vertex 0.41692447662353516 -6 2.719999313354492
      vertex 0.04465484619140625 -6 2.719999313354492
    endloop
  endfacet
  facet normal 0 0 1
    outer loop
      vertex 0.00879669189453125 -5.464957237243652 2.719999313354492
      vertex 0.3901376724243164 -5.552886009216309 2.719999313354492
      vertex 0.35665416717529297 -5.359169960021973 2.719999313354492
    endloop
  endfacet
  facet normal 0 0 1
    outer loop
      vertex 0.41692447662353516 -6 2.719999313354492
      vertex 0.040472984313964844 -6.1907806396484375 2.719999313354492
      vertex 0.40988826751708984 -6.229942321777344 2.719999313354492
    endloop
  endfacet
  facet normal 0 0 1
    outer loop
      vertex -0.01909160614013672 -5.324585914611816 2.719999313354492
      vertex 0.35665416717529297 -5.359169960021973 2.719999313354492
      vertex 0.30977821350097656 -5.185346603393555 2.719999313354492
    endloop
  endfacet
  facet normal 0 0 1
    outer loop
      vertex 0.027927398681640625 -6.364382743835449 2.719999313354492
      vertex 0.40988826751708984 -6.229942321777344 2.719999313354492
      vertex 0.040472984313964844 -6.1907806396484375 2.719999313354492
    endloop
  endfacet
  facet normal 0 0 1
    outer loop
      vertex -0.05494880676269531 -5.203204154968262 2.719999313354492
      vertex 0.30977821350097656 -5.185346603393555 2.719999313354492
      vertex 0.24950790405273438 -5.031415939331055 2.719999313354492
    endloop
  endfacet
  facet normal 0 0 1
    outer loop
      vertex 0.40988826751708984 -6.229942321777344 2.719999313354492
      vertex 0.027927398681640625 -6.364382743835449 2.719999313354492
      vertex 0.3887815475463867 -6.441009521484375 2.719999313354492
    endloop
  endfacet
  facet normal 0 0 1
    outer loop
      vertex -0.09877490997314453 -5.100809097290039 2.719999313354492
      vertex 0.24950790405273438 -5.031415939331055 2.719999313354492
      vertex 0.1758441925048828 -4.8973798751831055 2.719999313354492
    endloop
  endfacet
  facet normal 0 0 1
    outer loop
      vertex 0.007019996643066406 -6.520807266235352 2.719999313354492
      vertex 0.3887815475463867 -6.441009521484375 2.719999313354492
      vertex 0.027927398681640625 -6.364382743835449 2.719999313354492
    endloop
  endfacet
  facet normal 0 0 1
    outer loop
      vertex -0.15175437927246094 -5.015650749206543 2.719999313354492
      vertex 0.1758441925048828 -4.8973798751831055 2.719999313354492
      vertex 0.0881195068359375 -4.783620834350586 2.719999313354492
    endloop
  endfacet
  facet normal 0 0 1
    outer loop
      vertex 0.3887815475463867 -6.441009521484375 2.719999313354492
      vertex 0.007019996643066406 -6.520807266235352 2.719999313354492
      vertex 0.35360240936279297 -6.633201599121094 2.719999313354492
    endloop
  endfacet
  facet normal 0 0 1
    outer loop
      vertex -0.022251129150390625 -6.660053253173828 2.719999313354492
      vertex 0.35360240936279297 -6.633201599121094 2.719999313354492
      vertex 0.007019996643066406 -6.520807266235352 2.719999313354492
    endloop
  endfacet
  facet normal 0 0 1
    outer loop
      vertex 0.41692447662353516 -6 2.719999313354492
      vertex 0.04067039489746094 -5.802663803100586 2.719999313354492
      vertex 0.04465484619140625 -6 2.719999313354492
    endloop
  endfacet
  facet normal 0 0 1
    outer loop
      vertex 0.41022777557373047 -5.766496658325195 2.719999313354492
      vertex 0.028717994689941406 -5.624316215515137 2.719999313354492
      vertex 0.04067039489746094 -5.802663803100586 2.719999313354492
    endloop
  endfacet
  facet normal 0 0 1
    outer loop
      vertex 0.3901376724243164 -5.552886009216309 2.719999313354492
      vertex 0.00879669189453125 -5.464957237243652 2.719999313354492
      vertex 0.028717994689941406 -5.624316215515137 2.719999313354492
    endloop
  endfacet
  facet normal 0 0 1
    outer loop
      vertex -0.2150745391845703 -4.945976257324219 2.719999313354492
      vertex 0.0881195068359375 -4.783620834350586 2.719999313354492
      vertex -0.014354705810546875 -4.690546035766602 2.719999313354492
    endloop
  endfacet
  facet normal 0 0 1
    outer loop
      vertex 0.35665416717529297 -5.359169960021973 2.719999313354492
      vertex -0.01909160614013672 -5.324585914611816 2.719999313354492
      vertex 0.00879669189453125 -5.464957237243652 2.719999313354492
    endloop
  endfacet
  facet normal 0 0 1
    outer loop
      vertex 0.30977821350097656 -5.185346603393555 2.719999313354492
      vertex -0.05494880676269531 -5.203204154968262 2.719999313354492
      vertex -0.01909160614013672 -5.324585914611816 2.719999313354492
    endloop
  endfacet
  facet normal 0 0 1
    outer loop
      vertex 0.24950790405273438 -5.031415939331055 2.719999313354492
      vertex -0.09877490997314453 -5.100809097290039 2.719999313354492
      vertex -0.05494880676269531 -5.203204154968262 2.719999313354492
    endloop
  endfacet
  facet normal 0 0 1
    outer loop
      vertex -0.2150745391845703 -4.945976257324219 2.719999313354492
      vertex -0.014354705810546875 -4.690546035766602 2.719999313354492
      vertex -0.13157939910888672 -4.618154525756836 2.719999313354492
    endloop
  endfacet
  facet normal 0 0 1
    outer loop
      vertex 0.1758441925048828 -4.8973798751831055 2.719999313354492
      vertex -0.15175437927246094 -5.015650749206543 2.719999313354492
      vertex -0.09877490997314453 -5.100809097290039 2.719999313354492
    endloop
  endfacet
  facet normal 0 0 1
    outer loop
      vertex 0.0881195068359375 -4.783620834350586 2.719999313354492
      vertex -0.2150745391845703 -4.945976257324219 2.719999313354492
      vertex -0.15175437927246094 -5.015650749206543 2.719999313354492
    endloop
  endfacet
  facet normal 0 0 1
    outer loop
      vertex -0.28873443603515625 -4.89178466796875 2.719999313354492
      vertex -0.13157939910888672 -4.618154525756836 2.719999313354492
      vertex -0.26355457305908203 -4.566446304321289 2.719999313354492
    endloop
  endfacet
  facet normal 0 0 1
    outer loop
      vertex -0.13157939910888672 -4.618154525756836 2.719999313354492
      vertex -0.28873443603515625 -4.89178466796875 2.719999313354492
      vertex -0.2150745391845703 -4.945976257324219 2.719999313354492
    endloop
  endfacet
  facet normal 0 0 1
    outer loop
      vertex -0.26355457305908203 -4.566446304321289 2.719999313354492
      vertex -0.37273406982421875 -4.853075981140137 2.719999313354492
      vertex -0.28873443603515625 -4.89178466796875 2.719999313354492
    endloop
  endfacet
  facet normal 0 0 1
    outer loop
      vertex -0.4102792739868164 -4.535421371459961 2.719999313354492
      vertex -0.37273406982421875 -4.853075981140137 2.719999313354492
      vertex -0.26355457305908203 -4.566446304321289 2.719999313354492
    endloop
  endfacet
  facet normal 0 0 1
    outer loop
      vertex -0.4102792739868164 -4.535421371459961 2.719999313354492
      vertex -0.4670743942260742 -4.829851150512695 2.719999313354492
      vertex -0.37273406982421875 -4.853075981140137 2.719999313354492
    endloop
  endfacet
  facet normal 0 0 1
    outer loop
      vertex -0.5717544555664062 -4.525079727172852 2.719999313354492
      vertex -0.4670743942260742 -4.829851150512695 2.719999313354492
      vertex -0.4102792739868164 -4.535421371459961 2.719999313354492
    endloop
  endfacet
  facet normal 0 0 1
    outer loop
      vertex -0.5717544555664062 -4.525079727172852 2.719999313354492
      vertex -0.5717544555664062 -4.822109222412109 2.719999313354492
      vertex -0.4670743942260742 -4.829851150512695 2.719999313354492
    endloop
  endfacet
  facet normal 0 0 1
    outer loop
      vertex -0.5717544555664062 -4.525079727172852 2.719999313354492
      vertex -0.6790409088134766 -4.829738616943359 2.719999313354492
      vertex -0.5717544555664062 -4.822109222412109 2.719999313354492
    endloop
  endfacet
  facet normal 0 0 1
    outer loop
      vertex -0.737584114074707 -4.535307884216309 2.719999313354492
      vertex -0.6790409088134766 -4.829738616943359 2.719999313354492
      vertex -0.5717544555664062 -4.525079727172852 2.719999313354492
    endloop
  endfacet
  facet normal 0 0 1
    outer loop
      vertex -0.737584114074707 -4.535307884216309 2.719999313354492
      vertex -0.775761604309082 -4.852625846862793 2.719999313354492
      vertex -0.6790409088134766 -4.829738616943359 2.719999313354492
    endloop
  endfacet
  facet normal 0 0 1
    outer loop
      vertex -0.8878746032714844 -4.565993309020996 2.719999313354492
      vertex -0.775761604309082 -4.852625846862793 2.719999313354492
      vertex -0.737584114074707 -4.535307884216309 2.719999313354492
    endloop
  endfacet
  facet normal 0 0 1
    outer loop
      vertex -0.775761604309082 -4.852625846862793 2.719999313354492
      vertex -0.8878746032714844 -4.565993309020996 2.719999313354492
      vertex -0.8619146347045898 -4.890771865844727 2.719999313354492
    endloop
  endfacet
  facet normal 0 0 1
    outer loop
      vertex -1.0226249694824219 -4.617134094238281 2.719999313354492
      vertex -0.8619146347045898 -4.890771865844727 2.719999313354492
      vertex -0.8878746032714844 -4.565993309020996 2.719999313354492
    endloop
  endfacet
  facet normal 0 0 1
    outer loop
      vertex -0.8619146347045898 -4.890771865844727 2.719999313354492
      vertex -1.0226249694824219 -4.617134094238281 2.719999313354492
      vertex -0.9375009536743164 -4.944175720214844 2.719999313354492
    endloop
  endfacet
  facet normal 0 0 1
    outer loop
      vertex -1.1418342590332031 -4.688733100891113 2.719999313354492
      vertex -0.9375009536743164 -4.944175720214844 2.719999313354492
      vertex -1.0226249694824219 -4.617134094238281 2.719999313354492
    endloop
  endfacet
  facet normal 0 0 1
    outer loop
      vertex -1.245504379272461 -4.780787467956543 2.719999313354492
      vertex -0.9375009536743164 -4.944175720214844 2.719999313354492
      vertex -1.1418342590332031 -4.688733100891113 2.719999313354492
    endloop
  endfacet
  facet normal 0 0 1
    outer loop
      vertex -0.9375009536743164 -4.944175720214844 2.719999313354492
      vertex -1.245504379272461 -4.780787467956543 2.719999313354492
      vertex -1.0025215148925781 -5.012838363647461 2.719999313354492
    endloop
  endfacet
  facet normal 0 0 1
    outer loop
      vertex -1.333634376525879 -4.893299102783203 2.719999313354492
      vertex -1.0025215148925781 -5.012838363647461 2.719999313354492
      vertex -1.245504379272461 -4.780787467956543 2.719999313354492
    endloop
  endfacet
  facet normal 0 0 1
    outer loop
      vertex -1.0025215148925781 -5.012838363647461 2.719999313354492
      vertex -1.333634376525879 -4.893299102783203 2.719999313354492
      vertex -1.0569744110107422 -5.096759796142578 2.719999313354492
    endloop
  endfacet
  facet normal 0 0 1
    outer loop
      vertex -1.4072980880737305 -5.026324272155762 2.719999313354492
      vertex -1.0569744110107422 -5.096759796142578 2.719999313354492
      vertex -1.333634376525879 -4.893299102783203 2.719999313354492
    endloop
  endfacet
  facet normal 0 0 1
    outer loop
      vertex -1.0569744110107422 -5.096759796142578 2.719999313354492
      vertex -1.4072980880737305 -5.026324272155762 2.719999313354492
      vertex -1.1020374298095703 -5.198132514953613 2.719999313354492
    endloop
  endfacet
  facet normal 0 0 1
    outer loop
      vertex -1.4675674438476562 -5.179919242858887 2.719999313354492
      vertex -1.1020374298095703 -5.198132514953613 2.719999313354492
      vertex -1.4072980880737305 -5.026324272155762 2.719999313354492
    endloop
  endfacet
  facet normal 0 0 1
    outer loop
      vertex -1.5747146606445312 -6 2.719999313354492
      vertex -1.2044544219970703 -6 2.719999313354492
      vertex -1.200357437133789 -5.80029296875 2.719999313354492
    endloop
  endfacet
  facet normal 0 0 1
    outer loop
      vertex -1.1020374298095703 -5.198132514953613 2.719999313354492
      vertex -1.4675674438476562 -5.179919242858887 2.719999313354492
      vertex -1.1389074325561523 -5.3191728591918945 2.719999313354492
    endloop
  endfacet
  facet normal 0 0 1
    outer loop
      vertex -1.514444351196289 -5.3540849685668945 2.719999313354492
      vertex -1.1389074325561523 -5.3191728591918945 2.719999313354492
      vertex -1.4675674438476562 -5.179919242858887 2.719999313354492
    endloop
  endfacet
  facet normal 0 0 1
    outer loop
      vertex -1.2044544219970703 -6 2.719999313354492
      vertex -1.5747146606445312 -6 2.719999313354492
      vertex -1.5678205490112305 -6.231131553649902 2.719999313354492
    endloop
  endfacet
  facet normal 0 0 1
    outer loop
      vertex -1.1389074325561523 -5.3191728591918945 2.719999313354492
      vertex -1.514444351196289 -5.3540849685668945 2.719999313354492
      vertex -1.1675844192504883 -5.4598798751831055 2.719999313354492
    endloop
  endfacet
  facet normal 0 0 1
    outer loop
      vertex -1.2044544219970703 -6 2.719999313354492
      vertex -1.5678205490112305 -6.231131553649902 2.719999313354492
      vertex -1.5471382141113281 -6.443049430847168 2.719999313354492
    endloop
  endfacet
  facet normal 0 0 1
    outer loop
      vertex -1.5479278564453125 -5.548819541931152 2.719999313354492
      vertex -1.1675844192504883 -5.4598798751831055 2.719999313354492
      vertex -1.514444351196289 -5.3540849685668945 2.719999313354492
    endloop
  endfacet
  facet normal 0 0 1
    outer loop
      vertex -1.2044544219970703 -6 2.719999313354492
      vertex -1.5471382141113281 -6.443049430847168 2.719999313354492
      vertex -1.5126667022705078 -6.635751724243164 2.719999313354492
    endloop
  endfacet
  facet normal 0 0 1
    outer loop
      vertex -1.1675844192504883 -5.4598798751831055 2.719999313354492
      vertex -1.5479278564453125 -5.548819541931152 2.719999313354492
      vertex -1.1880674362182617 -5.62025260925293 2.719999313354492
    endloop
  endfacet
  facet normal 0 0 1
    outer loop
      vertex -1.2044544219970703 -6 2.719999313354492
      vertex -1.5126667022705078 -6.635751724243164 2.719999313354492
      vertex -1.4644079208374023 -6.809239387512207 2.719999313354492
    endloop
  endfacet
  facet normal 0 0 1
    outer loop
      vertex -1.5680179595947266 -5.764124870300293 2.719999313354492
      vertex -1.1880674362182617 -5.62025260925293 2.719999313354492
      vertex -1.5479278564453125 -5.548819541931152 2.719999313354492
    endloop
  endfacet
  facet normal 0 0 1
    outer loop
      vertex -1.2044544219970703 -6 2.719999313354492
      vertex -1.4644079208374023 -6.809239387512207 2.719999313354492
      vertex -1.402359962463379 -6.963512420654297 2.719999313354492
    endloop
  endfacet
  facet normal 0 0 1
    outer loop
      vertex -1.1880674362182617 -5.62025260925293 2.719999313354492
      vertex -1.5680179595947266 -5.764124870300293 2.719999313354492
      vertex -1.200357437133789 -5.80029296875 2.719999313354492
    endloop
  endfacet
  facet normal 0 0 1
    outer loop
      vertex -1.2044544219970703 -6 2.719999313354492
      vertex -1.3265247344970703 -7.098569869995117 2.719999313354492
      vertex -1.2369565963745117 -7.213565826416016 2.719999313354492
    endloop
  endfacet
  facet normal 0 0 1
    outer loop
      vertex -1.200357437133789 -5.80029296875 2.719999313354492
      vertex -1.5680179595947266 -5.764124870300293 2.719999313354492
      vertex -1.5747146606445312 -6 2.719999313354492
    endloop
  endfacet
  facet normal 0 0 1
    outer loop
      vertex -1.3265247344970703 -7.098569869995117 2.719999313354492
      vertex -1.2044544219970703 -6 2.719999313354492
      vertex -1.402359962463379 -6.963512420654297 2.719999313354492
    endloop
  endfacet
  facet normal 0 0 1
    outer loop
      vertex 0.35360240936279297 -6.633201599121094 2.719999313354492
      vertex -0.022251129150390625 -6.660053253173828 2.719999313354492
      vertex 0.3043508529663086 -6.806519508361816 2.719999313354492
    endloop
  endfacet
  facet normal 0 0 1
    outer loop
      vertex -0.05988597869873047 -6.782120704650879 2.719999313354492
      vertex 0.3043508529663086 -6.806519508361816 2.719999313354492
      vertex -0.022251129150390625 -6.660053253173828 2.719999313354492
    endloop
  endfacet
  facet normal 0 0 1
    outer loop
      vertex 0.3043508529663086 -6.806519508361816 2.719999313354492
      vertex -0.05988597869873047 -6.782120704650879 2.719999313354492
      vertex 0.2410287857055664 -6.960962295532227 2.719999313354492
    endloop
  endfacet
  facet normal 0 0 1
    outer loop
      vertex -0.10588455200195312 -6.887009620666504 2.719999313354492
      vertex 0.2410287857055664 -6.960962295532227 2.719999313354492
      vertex -0.05988597869873047 -6.782120704650879 2.719999313354492
    endloop
  endfacet
  facet normal 0 0 1
    outer loop
      vertex 0.2410287857055664 -6.960962295532227 2.719999313354492
      vertex -0.10588455200195312 -6.887009620666504 2.719999313354492
      vertex 0.1636343002319336 -7.096529960632324 2.719999313354492
    endloop
  endfacet
  facet normal 0 0 1
    outer loop
      vertex -0.16086864471435547 -6.975275039672852 2.719999313354492
      vertex 0.1636343002319336 -7.096529960632324 2.719999313354492
      vertex -0.10588455200195312 -6.887009620666504 2.719999313354492
    endloop
  endfacet
  facet normal 0 0 1
    outer loop
      vertex 0.1636343002319336 -7.096529960632324 2.719999313354492
      vertex -0.16086864471435547 -6.975275039672852 2.719999313354492
      vertex 0.07251739501953125 -7.212148666381836 2.719999313354492
    endloop
  endfacet
  facet normal 0 0 1
    outer loop
      vertex -0.22546100616455078 -7.047492980957031 2.719999313354492
      vertex 0.07251739501953125 -7.212148666381836 2.719999313354492
      vertex -0.16086864471435547 -6.975275039672852 2.719999313354492
    endloop
  endfacet
  facet normal 0 0 1
    outer loop
      vertex 0.07251739501953125 -7.212148666381836 2.719999313354492
      vertex -0.22546100616455078 -7.047492980957031 2.719999313354492
      vertex -0.031991004943847656 -7.306746482849121 2.719999313354492
    endloop
  endfacet
  facet normal 0 0 1
    outer loop
      vertex -0.29966163635253906 -7.103662490844727 2.719999313354492
      vertex -0.031991004943847656 -7.306746482849121 2.719999313354492
      vertex -0.22546100616455078 -7.047492980957031 2.719999313354492
    endloop
  endfacet
  facet normal 0 0 1
    outer loop
      vertex -0.031991004943847656 -7.306746482849121 2.719999313354492
      vertex -0.29966163635253906 -7.103662490844727 2.719999313354492
      vertex -0.14989471435546875 -7.380322456359863 2.719999313354492
    endloop
  endfacet
  facet normal 0 0 1
    outer loop
      vertex -0.14989471435546875 -7.380322456359863 2.719999313354492
      vertex -0.29966163635253906 -7.103662490844727 2.719999313354492
      vertex -0.2811908721923828 -7.4328765869140625 2.719999313354492
    endloop
  endfacet
  facet normal 0 0 1
    outer loop
      vertex -0.3834714889526367 -7.143782615661621 2.719999313354492
      vertex -0.2811908721923828 -7.4328765869140625 2.719999313354492
      vertex -0.29966163635253906 -7.103662490844727 2.719999313354492
    endloop
  endfacet
  facet normal 0 0 1
    outer loop
      vertex -0.3834714889526367 -7.143782615661621 2.719999313354492
      vertex -0.42588138580322266 -7.464408874511719 2.719999313354492
      vertex -0.2811908721923828 -7.4328765869140625 2.719999313354492
    endloop
  endfacet
  facet normal 0 0 1
    outer loop
      vertex -0.47688865661621094 -7.167855262756348 2.719999313354492
      vertex -0.42588138580322266 -7.464408874511719 2.719999313354492
      vertex -0.3834714889526367 -7.143782615661621 2.719999313354492
    endloop
  endfacet
  facet normal 0 0 1
    outer loop
      vertex -0.5839643478393555 -7.474919319152832 2.719999313354492
      vertex -0.47688865661621094 -7.167855262756348 2.719999313354492
      vertex -0.5799140930175781 -7.17587947845459 2.719999313354492
    endloop
  endfacet
  facet normal 0 0 1
    outer loop
      vertex -0.47688865661621094 -7.167855262756348 2.719999313354492
      vertex -0.5839643478393555 -7.474919319152832 2.719999313354492
      vertex -0.42588138580322266 -7.464408874511719 2.719999313354492
    endloop
  endfacet
  facet normal 0 0 1
    outer loop
      vertex -0.6835260391235352 -7.168024063110352 2.719999313354492
      vertex -0.5839643478393555 -7.474919319152832 2.719999313354492
      vertex -0.5799140930175781 -7.17587947845459 2.719999313354492
    endloop
  endfacet
  facet normal 0 0 1
    outer loop
      vertex -0.6835260391235352 -7.168024063110352 2.719999313354492
      vertex -0.7419166564941406 -7.464465141296387 2.719999313354492
      vertex -0.5839643478393555 -7.474919319152832 2.719999313354492
    endloop
  endfacet
  facet normal 0 0 1
    outer loop
      vertex -0.7773609161376953 -7.1444597244262695 2.719999313354492
      vertex -0.7419166564941406 -7.464465141296387 2.719999313354492
      vertex -0.6835260391235352 -7.168024063110352 2.719999313354492
    endloop
  endfacet
  facet normal 0 0 1
    outer loop
      vertex -0.8861913681030273 -7.433102607727051 2.719999313354492
      vertex -0.7773609161376953 -7.1444597244262695 2.719999313354492
      vertex -0.861419677734375 -7.105184555053711 2.719999313354492
    endloop
  endfacet
  facet normal 0 0 1
    outer loop
      vertex -0.7773609161376953 -7.1444597244262695 2.719999313354492
      vertex -0.8861913681030273 -7.433102607727051 2.719999313354492
      vertex -0.7419166564941406 -7.464465141296387 2.719999313354492
    endloop
  endfacet
  facet normal 0 0 1
    outer loop
      vertex -1.1337108612060547 -7.307652473449707 2.719999313354492
      vertex -0.861419677734375 -7.105184555053711 2.719999313354492
      vertex -0.9357013702392578 -7.050199508666992 2.719999313354492
    endloop
  endfacet
  facet normal 0 0 1
    outer loop
      vertex -1.2369565963745117 -7.213565826416016 2.719999313354492
      vertex -0.9357013702392578 -7.050199508666992 2.719999313354492
      vertex -1.0002059936523438 -6.979504585266113 2.719999313354492
    endloop
  endfacet
  facet normal 0 0 1
    outer loop
      vertex -0.861419677734375 -7.105184555053711 2.719999313354492
      vertex -1.016789436340332 -7.380831718444824 2.719999313354492
      vertex -0.8861913681030273 -7.433102607727051 2.719999313354492
    endloop
  endfacet
  facet normal 0 0 1
    outer loop
      vertex -1.2369565963745117 -7.213565826416016 2.719999313354492
      vertex -1.0002059936523438 -6.979504585266113 2.719999313354492
      vertex -1.0549345016479492 -6.893099784851074 2.719999313354492
    endloop
  endfacet
  facet normal 0 0 1
    outer loop
      vertex -1.2369565963745117 -7.213565826416016 2.719999313354492
      vertex -1.0549345016479492 -6.893099784851074 2.719999313354492
      vertex -1.100621223449707 -6.789741516113281 2.719999313354492
    endloop
  endfacet
  facet normal 0 0 1
    outer loop
      vertex -0.861419677734375 -7.105184555053711 2.719999313354492
      vertex -1.1337108612060547 -7.307652473449707 2.719999313354492
      vertex -1.016789436340332 -7.380831718444824 2.719999313354492
    endloop
  endfacet
  facet normal 0 0 1
    outer loop
      vertex -1.2369565963745117 -7.213565826416016 2.719999313354492
      vertex -1.100621223449707 -6.789741516113281 2.719999313354492
      vertex -1.1380014419555664 -6.668186187744141 2.719999313354492
    endloop
  endfacet
  facet normal 0 0 1
    outer loop
      vertex -1.2369565963745117 -7.213565826416016 2.719999313354492
      vertex -1.1380014419555664 -6.668186187744141 2.719999313354492
      vertex -1.167074203491211 -6.528434753417969 2.719999313354492
    endloop
  endfacet
  facet normal 0 0 1
    outer loop
      vertex -1.2369565963745117 -7.213565826416016 2.719999313354492
      vertex -1.167074203491211 -6.528434753417969 2.719999313354492
      vertex -1.1878414154052734 -6.370486259460449 2.719999313354492
    endloop
  endfacet
  facet normal 0 0 1
    outer loop
      vertex -1.2369565963745117 -7.213565826416016 2.719999313354492
      vertex -1.1878414154052734 -6.370486259460449 2.719999313354492
      vertex -1.200301170349121 -6.194341659545898 2.719999313354492
    endloop
  endfacet
  facet normal 0 0 1
    outer loop
      vertex -0.9357013702392578 -7.050199508666992 2.719999313354492
      vertex -1.2369565963745117 -7.213565826416016 2.719999313354492
      vertex -1.1337108612060547 -7.307652473449707 2.719999313354492
    endloop
  endfacet
  facet normal 0 0 1
    outer loop
      vertex -1.2369565963745117 -7.213565826416016 2.719999313354492
      vertex -1.200301170349121 -6.194341659545898 2.719999313354492
      vertex -1.2044544219970703 -6 2.719999313354492
    endloop
  endfacet
  facet normal 0 0 1
    outer loop
      vertex -3.0070648193359375 -4.917719841003418 2.719999313354492
      vertex -2.638814926147461 -4.5677995681762695 2.719999313354492
      vertex -2.9765243530273438 -4.5677995681762695 2.719999313354492
    endloop
  endfacet
  facet normal 0 0 1
    outer loop
      vertex -2.638814926147461 -7.122989654541016 2.719999313354492
      vertex -1.941044807434082 -7.434239387512207 2.719999313354492
      vertex -1.941044807434082 -7.122989654541016 2.719999313354492
    endloop
  endfacet
  facet normal 0 0 1
    outer loop
      vertex -2.638814926147461 -4.5677995681762695 2.719999313354492
      vertex -3.0070648193359375 -4.917719841003418 2.719999313354492
      vertex -2.638814926147461 -7.122989654541016 2.719999313354492
    endloop
  endfacet
  facet normal 0 0 1
    outer loop
      vertex -3.0070648193359375 -7.122989654541016 2.719999313354492
      vertex -2.638814926147461 -7.122989654541016 2.719999313354492
      vertex -3.0070648193359375 -4.917719841003418 2.719999313354492
    endloop
  endfacet
  facet normal 0 0 1
    outer loop
      vertex -3.0070648193359375 -7.122989654541016 2.719999313354492
      vertex -1.941044807434082 -7.434239387512207 2.719999313354492
      vertex -2.638814926147461 -7.122989654541016 2.719999313354492
    endloop
  endfacet
  facet normal 0 0 1
    outer loop
      vertex -3.737384796142578 -7.434239387512207 2.719999313354492
      vertex -3.0070648193359375 -7.122989654541016 2.719999313354492
      vertex -3.737384796142578 -7.122989654541016 2.719999313354492
    endloop
  endfacet
  facet normal 0 0 1
    outer loop
      vertex -3.0070648193359375 -7.122989654541016 2.719999313354492
      vertex -3.737384796142578 -7.434239387512207 2.719999313354492
      vertex -1.941044807434082 -7.434239387512207 2.719999313354492
    endloop
  endfacet
  facet normal 0 0 1
    outer loop
      vertex -3.6539840698242188 -5.033669471740723 2.719999313354492
      vertex -3.0070648193359375 -4.917719841003418 2.719999313354492
      vertex -2.9765243530273438 -4.5677995681762695 2.719999313354492
    endloop
  endfacet
  facet normal 0 0 1
    outer loop
      vertex -3.0070648193359375 -4.917719841003418 2.719999313354492
      vertex -3.6539840698242188 -5.033669471740723 2.719999313354492
      vertex -3.6539840698242188 -5.379509925842285 2.719999313354492
    endloop
  endfacet
  facet normal 0 0 1
    outer loop
      vertex 0.9602546691894531 -6.988709449768066 2.719999313354492
      vertex 1.3569440841674805 -7.434239387512207 2.719999313354492
      vertex 1.3569440841674805 -6.988709449768066 2.719999313354492
    endloop
  endfacet
  facet normal 0 0 1
    outer loop
      vertex 1.3569440841674805 -7.434239387512207 2.719999313354492
      vertex 0.9602546691894531 -6.988709449768066 2.719999313354492
      vertex 0.9602546691894531 -7.434239387512207 2.719999313354492
    endloop
  endfacet
  facet normal -1 0 0
    outer loop
      vertex 29.200000762939453 -2 10.799999237060547
      vertex 29.200000762939453 2 19.200000762939453
      vertex 29.200000762939453 2 10.799999237060547
    endloop
  endfacet
  facet normal -1 0 0
    outer loop
      vertex 29.200000762939453 2 19.200000762939453
      vertex 29.200000762939453 -2 10.799999237060547
      vertex 29.200000762939453 -2 19.200000762939453
    endloop
  endfacet
  facet normal 0 0 -1
    outer loop
      vertex 18.799999237060547 -2 19.200000762939453
      vertex 29.200000762939453 2 19.200000762939453
      vertex 29.200000762939453 -2 19.200000762939453
    endloop
  endfacet
  facet normal 0 0 -1
    outer loop
      vertex 29.200000762939453 2 19.200000762939453
      vertex 18.799999237060547 -2 19.200000762939453
      vertex 18.799999237060547 2 19.200000762939453
    endloop
  endfacet
  facet normal 0 0 1
    outer loop
      vertex 18.799999237060547 2 10.799999237060547
      vertex 29.200000762939453 -2 10.799999237060547
      vertex 29.200000762939453 2 10.799999237060547
    endloop
  endfacet
  facet normal 0 0 1
    outer loop
      vertex 29.200000762939453 -2 10.799999237060547
      vertex 18.799999237060547 2 10.799999237060547
      vertex 18.799999237060547 -2 10.799999237060547
    endloop
  endfacet
  facet normal 1 0 0
    outer loop
      vertex 18.799999237060547 -2 19.200000762939453
      vertex 18.799999237060547 2 10.799999237060547
      vertex 18.799999237060547 2 19.200000762939453
    endloop
  endfacet
  facet normal 1 0 0
    outer loop
      vertex 18.799999237060547 2 10.799999237060547
      vertex 18.799999237060547 -2 19.200000762939453
      vertex 18.799999237060547 -2 10.799999237060547
    endloop
  endfacet
  facet normal -0.21293279789140032 0.9770668470386968 0
    outer loop
      vertex 23.718807220458984 -7.4328765869140625 2.719999313354492
      vertex 23.57411766052246 -7.464408874511719 3
      vertex 23.718807220458984 -7.4328765869140625 3
    endloop
  endfacet
  facet normal -0.21293279789140032 0.9770668470386968 0
    outer loop
      vertex 23.57411766052246 -7.464408874511719 3
      vertex 23.718807220458984 -7.4328765869140625 2.719999313354492
      vertex 23.57411766052246 -7.464408874511719 2.719999313354492
    endloop
  endfacet
  facet normal -0.3716034295714411 0.9283915613202992 0
    outer loop
      vertex 23.85010528564453 -7.380322456359863 2.719999313354492
      vertex 23.718807220458984 -7.4328765869140625 3
      vertex 23.85010528564453 -7.380322456359863 3
    endloop
  endfacet
  facet normal -0.3716034295714411 0.9283915613202992 0
    outer loop
      vertex 23.718807220458984 -7.4328765869140625 3
      vertex 23.85010528564453 -7.380322456359863 2.719999313354492
      vertex 23.718807220458984 -7.4328765869140625 2.719999313354492
    endloop
  endfacet
  facet normal -0.5294128343732364 0.8483643384778122 0
    outer loop
      vertex 23.968008041381836 -7.306746482849121 2.719999313354492
      vertex 23.85010528564453 -7.380322456359863 3
      vertex 23.968008041381836 -7.306746482849121 3
    endloop
  endfacet
  facet normal -0.5294128343732364 0.8483643384778122 0
    outer loop
      vertex 23.85010528564453 -7.380322456359863 3
      vertex 23.968008041381836 -7.306746482849121 2.719999313354492
      vertex 23.85010528564453 -7.380322456359863 2.719999313354492
    endloop
  endfacet
  facet normal -0.6710761065964702 0.7413884671043398 0
    outer loop
      vertex 24.07251739501953 -7.212148666381836 2.719999313354492
      vertex 23.968008041381836 -7.306746482849121 3
      vertex 24.07251739501953 -7.212148666381836 3
    endloop
  endfacet
  facet normal -0.6710761065964702 0.7413884671043398 0
    outer loop
      vertex 23.968008041381836 -7.306746482849121 3
      vertex 24.07251739501953 -7.212148666381836 2.719999313354492
      vertex 23.968008041381836 -7.306746482849121 2.719999313354492
    endloop
  endfacet
  facet normal -0.7854113111690995 0.6189742097112256 0
    outer loop
      vertex 24.07251739501953 -7.212148666381836 2.719999313354492
      vertex 24.16363525390625 -7.096529960632324 3
      vertex 24.16363525390625 -7.096529960632324 2.719999313354492
    endloop
  endfacet
  facet normal -0.7854113111690995 0.6189742097112256 0
    outer loop
      vertex 24.16363525390625 -7.096529960632324 3
      vertex 24.07251739501953 -7.212148666381836 2.719999313354492
      vertex 24.07251739501953 -7.212148666381836 3
    endloop
  endfacet
  facet normal -0.8684490901821269 0.4957783554793776 0
    outer loop
      vertex 24.16363525390625 -7.096529960632324 2.719999313354492
      vertex 24.24102783203125 -6.960962295532227 3
      vertex 24.24102783203125 -6.960962295532227 2.719999313354492
    endloop
  endfacet
  facet normal -0.8684490901821269 0.4957783554793776 0
    outer loop
      vertex 24.24102783203125 -6.960962295532227 3
      vertex 24.16363525390625 -7.096529960632324 2.719999313354492
      vertex 24.16363525390625 -7.096529960632324 3
    endloop
  endfacet
  facet normal -0.925246791438336 0.3793657535058539 0
    outer loop
      vertex 24.24102783203125 -6.960962295532227 2.719999313354492
      vertex 24.304351806640625 -6.806519508361816 3
      vertex 24.304351806640625 -6.806519508361816 2.719999313354492
    endloop
  endfacet
  facet normal -0.925246791438336 0.3793657535058539 0
    outer loop
      vertex 24.304351806640625 -6.806519508361816 3
      vertex 24.24102783203125 -6.960962295532227 2.719999313354492
      vertex 24.24102783203125 -6.960962295532227 3
    endloop
  endfacet
  facet normal -0.9619156386287258 0.2733464910356279 0
    outer loop
      vertex 24.304351806640625 -6.806519508361816 2.719999313354492
      vertex 24.35360336303711 -6.633201599121094 3
      vertex 24.35360336303711 -6.633201599121094 2.719999313354492
    endloop
  endfacet
  facet normal -0.9619156386287258 0.2733464910356279 0
    outer loop
      vertex 24.35360336303711 -6.633201599121094 3
      vertex 24.304351806640625 -6.806519508361816 2.719999313354492
      vertex 24.304351806640625 -6.806519508361816 3
    endloop
  endfacet
  facet normal -0.9836574243129594 0.1800501918743621 0
    outer loop
      vertex 24.35360336303711 -6.633201599121094 2.719999313354492
      vertex 24.388782501220703 -6.441009521484375 3
      vertex 24.388782501220703 -6.441009521484375 2.719999313354492
    endloop
  endfacet
  facet normal -0.9836574243129594 0.1800501918743621 0
    outer loop
      vertex 24.388782501220703 -6.441009521484375 3
      vertex 24.35360336303711 -6.633201599121094 2.719999313354492
      vertex 24.35360336303711 -6.633201599121094 3
    endloop
  endfacet
  facet normal -0.9950371902099892 0.09950371902099892 0
    outer loop
      vertex 24.388782501220703 -6.441009521484375 2.719999313354492
      vertex 24.409889221191406 -6.229942321777344 3
      vertex 24.409889221191406 -6.229942321777344 2.719999313354492
    endloop
  endfacet
  facet normal -0.9950371902099892 0.09950371902099892 0
    outer loop
      vertex 24.409889221191406 -6.229942321777344 3
      vertex 24.388782501220703 -6.441009521484375 2.719999313354492
      vertex 24.388782501220703 -6.441009521484375 3
    endloop
  endfacet
  facet normal -0.9995324054122514 0.03057728782607571 0
    outer loop
      vertex 24.409889221191406 -6.229942321777344 2.719999313354492
      vertex 24.41692352294922 -6 3
      vertex 24.41692352294922 -6 2.719999313354492
    endloop
  endfacet
  facet normal -0.9995324054122514 0.03057728782607571 0
    outer loop
      vertex 24.41692352294922 -6 3
      vertex 24.409889221191406 -6.229942321777344 2.719999313354492
      vertex 24.409889221191406 -6.229942321777344 3
    endloop
  endfacet
  facet normal -0.9995892377255765 -0.028659306048837013 0
    outer loop
      vertex 24.41692352294922 -6 2.719999313354492
      vertex 24.410228729248047 -5.766496658325195 3
      vertex 24.410228729248047 -5.766496658325195 2.719999313354492
    endloop
  endfacet
  facet normal -0.9995892377255765 -0.028659306048837013 0
    outer loop
      vertex 24.410228729248047 -5.766496658325195 3
      vertex 24.41692352294922 -6 2.719999313354492
      vertex 24.41692352294922 -6 3
    endloop
  endfacet
  facet normal -0.9956055863815296 -0.09364569592827292 0
    outer loop
      vertex 24.410228729248047 -5.766496658325195 2.719999313354492
      vertex 24.39013671875 -5.552886009216309 3
      vertex 24.39013671875 -5.552886009216309 2.719999313354492
    endloop
  endfacet
  facet normal -0.9956055863815296 -0.09364569592827292 0
    outer loop
      vertex 24.39013671875 -5.552886009216309 3
      vertex 24.410228729248047 -5.766496658325195 2.719999313354492
      vertex 24.410228729248047 -5.766496658325195 3
    endloop
  endfacet
  facet normal -0.9853899538699892 -0.17031335476732462 0
    outer loop
      vertex 24.39013671875 -5.552886009216309 2.719999313354492
      vertex 24.35665512084961 -5.359169960021973 3
      vertex 24.35665512084961 -5.359169960021973 2.719999313354492
    endloop
  endfacet
  facet normal -0.9853899538699892 -0.17031335476732462 0
    outer loop
      vertex 24.35665512084961 -5.359169960021973 3
      vertex 24.39013671875 -5.552886009216309 2.719999313354492
      vertex 24.39013671875 -5.552886009216309 3
    endloop
  endfacet
  facet normal -0.9655064777629103 -0.26037903409809837 0
    outer loop
      vertex 24.35665512084961 -5.359169960021973 2.719999313354492
      vertex 24.309778213500977 -5.185346603393555 3
      vertex 24.309778213500977 -5.185346603393555 2.719999313354492
    endloop
  endfacet
  facet normal -0.9655064777629103 -0.26037903409809837 0
    outer loop
      vertex 24.309778213500977 -5.185346603393555 3
      vertex 24.35665512084961 -5.359169960021973 2.719999313354492
      vertex 24.35665512084961 -5.359169960021973 3
    endloop
  endfacet
  facet normal -0.9311676868861893 -0.3645911942148679 0
    outer loop
      vertex 24.309778213500977 -5.185346603393555 2.719999313354492
      vertex 24.249507904052734 -5.031415939331055 3
      vertex 24.249507904052734 -5.031415939331055 2.719999313354492
    endloop
  endfacet
  facet normal -0.9311676868861893 -0.3645911942148679 0
    outer loop
      vertex 24.249507904052734 -5.031415939331055 3
      vertex 24.309778213500977 -5.185346603393555 2.719999313354492
      vertex 24.309778213500977 -5.185346603393555 3
    endloop
  endfacet
  facet normal -0.876370815585486 -0.4816369935854491 0
    outer loop
      vertex 24.249507904052734 -5.031415939331055 2.719999313354492
      vertex 24.175844192504883 -4.8973798751831055 3
      vertex 24.175844192504883 -4.8973798751831055 2.719999313354492
    endloop
  endfacet
  facet normal -0.876370815585486 -0.4816369935854491 0
    outer loop
      vertex 24.175844192504883 -4.8973798751831055 3
      vertex 24.249507904052734 -5.031415939331055 2.719999313354492
      vertex 24.249507904052734 -5.031415939331055 3
    endloop
  endfacet
  facet normal -0.7918909449154155 -0.6106625347611971 0
    outer loop
      vertex 24.175844192504883 -4.8973798751831055 2.719999313354492
      vertex 24.088119506835938 -4.783620834350586 3
      vertex 24.088119506835938 -4.783620834350586 2.719999313354492
    endloop
  endfacet
  facet normal -0.7918909449154155 -0.6106625347611971 0
    outer loop
      vertex 24.088119506835938 -4.783620834350586 3
      vertex 24.175844192504883 -4.8973798751831055 2.719999313354492
      vertex 24.175844192504883 -4.8973798751831055 3
    endloop
  endfacet
  facet normal -0.6723421779249474 -0.7402404986105112 0
    outer loop
      vertex 23.985645294189453 -4.690546035766602 2.719999313354492
      vertex 24.088119506835938 -4.783620834350586 3
      vertex 23.985645294189453 -4.690546035766602 3
    endloop
  endfacet
  facet normal -0.6723421779249474 -0.7402404986105112 0
    outer loop
      vertex 24.088119506835938 -4.783620834350586 3
      vertex 23.985645294189453 -4.690546035766602 2.719999313354492
      vertex 24.088119506835938 -4.783620834350586 2.719999313354492
    endloop
  endfacet
  facet normal -0.5254268589550388 -0.8508387719707193 0
    outer loop
      vertex 23.868419647216797 -4.618154525756836 2.719999313354492
      vertex 23.985645294189453 -4.690546035766602 3
      vertex 23.868419647216797 -4.618154525756836 3
    endloop
  endfacet
  facet normal -0.5254268589550388 -0.8508387719707193 0
    outer loop
      vertex 23.985645294189453 -4.690546035766602 3
      vertex 23.868419647216797 -4.618154525756836 2.719999313354492
      vertex 23.985645294189453 -4.690546035766602 2.719999313354492
    endloop
  endfacet
  facet normal -0.3648016594466379 -0.9310852534891633 0
    outer loop
      vertex 23.7364444732666 -4.566446304321289 2.719999313354492
      vertex 23.868419647216797 -4.618154525756836 3
      vertex 23.7364444732666 -4.566446304321289 3
    endloop
  endfacet
  facet normal -0.3648016594466379 -0.9310852534891633 0
    outer loop
      vertex 23.868419647216797 -4.618154525756836 3
      vertex 23.7364444732666 -4.566446304321289 2.719999313354492
      vertex 23.868419647216797 -4.618154525756836 2.719999313354492
    endloop
  endfacet
  facet normal -0.2068757165690537 -0.9783672305908659 0
    outer loop
      vertex 23.589719772338867 -4.535421371459961 2.719999313354492
      vertex 23.7364444732666 -4.566446304321289 3
      vertex 23.589719772338867 -4.535421371459961 3
    endloop
  endfacet
  facet normal -0.2068757165690537 -0.9783672305908659 0
    outer loop
      vertex 23.7364444732666 -4.566446304321289 3
      vertex 23.589719772338867 -4.535421371459961 2.719999313354492
      vertex 23.7364444732666 -4.566446304321289 2.719999313354492
    endloop
  endfacet
  facet normal -0.06391422242734149 -0.9979553958827561 0
    outer loop
      vertex 23.428245544433594 -4.525079727172852 2.719999313354492
      vertex 23.589719772338867 -4.535421371459961 3
      vertex 23.428245544433594 -4.525079727172852 3
    endloop
  endfacet
  facet normal -0.06391422242734149 -0.9979553958827561 0
    outer loop
      vertex 23.589719772338867 -4.535421371459961 3
      vertex 23.428245544433594 -4.525079727172852 2.719999313354492
      vertex 23.589719772338867 -4.535421371459961 2.719999313354492
    endloop
  endfacet
  facet normal 0.06156135573476215 -0.998103301006513 0
    outer loop
      vertex 23.262414932250977 -4.535307884216309 2.719999313354492
      vertex 23.428245544433594 -4.525079727172852 3
      vertex 23.262414932250977 -4.535307884216309 3
    endloop
  endfacet
  facet normal 0.06156135573476215 -0.998103301006513 0
    outer loop
      vertex 23.428245544433594 -4.525079727172852 3
      vertex 23.262414932250977 -4.535307884216309 2.719999313354492
      vertex 23.428245544433594 -4.525079727172852 2.719999313354492
    endloop
  endfacet
  facet normal 0.2000482020411374 -0.9797860566777363 0
    outer loop
      vertex 23.112125396728516 -4.565993309020996 2.719999313354492
      vertex 23.262414932250977 -4.535307884216309 3
      vertex 23.112125396728516 -4.565993309020996 3
    endloop
  endfacet
  facet normal 0.2000482020411374 -0.9797860566777363 0
    outer loop
      vertex 23.262414932250977 -4.535307884216309 3
      vertex 23.112125396728516 -4.565993309020996 2.719999313354492
      vertex 23.262414932250977 -4.535307884216309 2.719999313354492
    endloop
  endfacet
  facet normal 0.35482756561390844 -0.9349317615101689 0
    outer loop
      vertex 22.977375030517578 -4.617134094238281 2.719999313354492
      vertex 23.112125396728516 -4.565993309020996 3
      vertex 22.977375030517578 -4.617134094238281 3
    endloop
  endfacet
  facet normal 0.35482756561390844 -0.9349317615101689 0
    outer loop
      vertex 23.112125396728516 -4.565993309020996 3
      vertex 22.977375030517578 -4.617134094238281 2.719999313354492
      vertex 23.112125396728516 -4.565993309020996 2.719999313354492
    endloop
  endfacet
  facet normal 0.5148839909720524 -0.8572598648255331 0
    outer loop
      vertex 22.858165740966797 -4.688733100891113 2.719999313354492
      vertex 22.977375030517578 -4.617134094238281 3
      vertex 22.858165740966797 -4.688733100891113 3
    endloop
  endfacet
  facet normal 0.5148839909720524 -0.8572598648255331 0
    outer loop
      vertex 22.977375030517578 -4.617134094238281 3
      vertex 22.858165740966797 -4.688733100891113 2.719999313354492
      vertex 22.977375030517578 -4.617134094238281 2.719999313354492
    endloop
  endfacet
  facet normal 0.6639666820660728 -0.7477621581132403 0
    outer loop
      vertex 22.754493713378906 -4.780787467956543 2.719999313354492
      vertex 22.858165740966797 -4.688733100891113 3
      vertex 22.754493713378906 -4.780787467956543 3
    endloop
  endfacet
  facet normal 0.6639666820660728 -0.7477621581132403 0
    outer loop
      vertex 22.858165740966797 -4.688733100891113 3
      vertex 22.754493713378906 -4.780787467956543 2.719999313354492
      vertex 22.858165740966797 -4.688733100891113 2.719999313354492
    endloop
  endfacet
  facet normal 0.7872452758681293 -0.6166399886670608 0
    outer loop
      vertex 22.666364669799805 -4.893299102783203 3
      vertex 22.754493713378906 -4.780787467956543 2.719999313354492
      vertex 22.754493713378906 -4.780787467956543 3
    endloop
  endfacet
  facet normal 0.7872452758681293 -0.6166399886670608 0
    outer loop
      vertex 22.754493713378906 -4.780787467956543 2.719999313354492
      vertex 22.666364669799805 -4.893299102783203 3
      vertex 22.666364669799805 -4.893299102783203 2.719999313354492
    endloop
  endfacet
  facet normal 0.8748241519897341 -0.4844406084293951 0
    outer loop
      vertex 22.592700958251953 -5.026324272155762 3
      vertex 22.666364669799805 -4.893299102783203 2.719999313354492
      vertex 22.666364669799805 -4.893299102783203 3
    endloop
  endfacet
  facet normal 0.8748241519897341 -0.4844406084293951 0
    outer loop
      vertex 22.666364669799805 -4.893299102783203 2.719999313354492
      vertex 22.592700958251953 -5.026324272155762 3
      vertex 22.592700958251953 -5.026324272155762 2.719999313354492
    endloop
  endfacet
  facet normal 0.9309009160191659 -0.36527179545466926 0
    outer loop
      vertex 22.532432556152344 -5.179919242858887 3
      vertex 22.592700958251953 -5.026324272155762 2.719999313354492
      vertex 22.592700958251953 -5.026324272155762 3
    endloop
  endfacet
  facet normal 0.9309009160191659 -0.36527179545466926 0
    outer loop
      vertex 22.592700958251953 -5.026324272155762 2.719999313354492
      vertex 22.532432556152344 -5.179919242858887 3
      vertex 22.532432556152344 -5.179919242858887 2.719999313354492
    endloop
  endfacet
  facet normal 0.9656323993596925 -0.2599116567352132 0
    outer loop
      vertex 22.485553741455078 -5.3540849685668945 3
      vertex 22.532432556152344 -5.179919242858887 2.719999313354492
      vertex 22.532432556152344 -5.179919242858887 3
    endloop
  endfacet
  facet normal 0.9656323993596925 -0.2599116567352132 0
    outer loop
      vertex 22.532432556152344 -5.179919242858887 2.719999313354492
      vertex 22.485553741455078 -5.3540849685668945 3
      vertex 22.485553741455078 -5.3540849685668945 2.719999313354492
    endloop
  endfacet
  facet normal 0.9855390942221502 -0.16944820376676714 0
    outer loop
      vertex 22.452072143554688 -5.548819541931152 3
      vertex 22.485553741455078 -5.3540849685668945 2.719999313354492
      vertex 22.485553741455078 -5.3540849685668945 3
    endloop
  endfacet
  facet normal 0.9855390942221502 -0.16944820376676714 0
    outer loop
      vertex 22.485553741455078 -5.3540849685668945 2.719999313354492
      vertex 22.452072143554688 -5.548819541931152 3
      vertex 22.452072143554688 -5.548819541931152 2.719999313354492
    endloop
  endfacet
  facet normal 0.9956740449710644 -0.09291499432792821 0
    outer loop
      vertex 22.43198013305664 -5.764124870300293 3
      vertex 22.452072143554688 -5.548819541931152 2.719999313354492
      vertex 22.452072143554688 -5.548819541931152 3
    endloop
  endfacet
  facet normal 0.9956740449710644 -0.09291499432792821 0
    outer loop
      vertex 22.452072143554688 -5.548819541931152 2.719999313354492
      vertex 22.43198013305664 -5.764124870300293 3
      vertex 22.43198013305664 -5.764124870300293 2.719999313354492
    endloop
  endfacet
  facet normal 0.999597451882662 -0.02837136214017655 0
    outer loop
      vertex 22.42528533935547 -6 3
      vertex 22.43198013305664 -5.764124870300293 2.719999313354492
      vertex 22.43198013305664 -5.764124870300293 3
    endloop
  endfacet
  facet normal 0.999597451882662 -0.02837136214017655 0
    outer loop
      vertex 22.43198013305664 -5.764124870300293 2.719999313354492
      vertex 22.42528533935547 -6 3
      vertex 22.42528533935547 -6 2.719999313354492
    endloop
  endfacet
  facet normal 0.9995555750867267 0.02981027193843373 0
    outer loop
      vertex 22.432178497314453 -6.231131553649902 3
      vertex 22.42528533935547 -6 2.719999313354492
      vertex 22.42528533935547 -6 3
    endloop
  endfacet
  facet normal 0.9995555750867267 0.02981027193843373 0
    outer loop
      vertex 22.42528533935547 -6 2.719999313354492
      vertex 22.432178497314453 -6.231131553649902 3
      vertex 22.432178497314453 -6.231131553649902 2.719999313354492
    endloop
  endfacet
  facet normal 0.9952708325434865 0.09713892056326001 0
    outer loop
      vertex 22.452861785888672 -6.443049430847168 3
      vertex 22.432178497314453 -6.231131553649902 2.719999313354492
      vertex 22.432178497314453 -6.231131553649902 3
    endloop
  endfacet
  facet normal 0.9952708325434865 0.09713892056326001 0
    outer loop
      vertex 22.432178497314453 -6.231131553649902 2.719999313354492
      vertex 22.452861785888672 -6.443049430847168 3
      vertex 22.452861785888672 -6.443049430847168 2.719999313354492
    endloop
  endfacet
  facet normal 0.984375835869896 0.17608013447133578 0
    outer loop
      vertex 22.48733139038086 -6.635751724243164 3
      vertex 22.452861785888672 -6.443049430847168 2.719999313354492
      vertex 22.452861785888672 -6.443049430847168 3
    endloop
  endfacet
  facet normal 0.984375835869896 0.17608013447133578 0
    outer loop
      vertex 22.452861785888672 -6.443049430847168 2.719999313354492
      vertex 22.48733139038086 -6.635751724243164 3
      vertex 22.48733139038086 -6.635751724243164 2.719999313354492
    endloop
  endfacet
  facet normal 0.9634194362645375 0.26799811534359813 0
    outer loop
      vertex 22.53559112548828 -6.809239387512207 3
      vertex 22.48733139038086 -6.635751724243164 2.719999313354492
      vertex 22.48733139038086 -6.635751724243164 3
    endloop
  endfacet
  facet normal 0.9634194362645375 0.26799811534359813 0
    outer loop
      vertex 22.48733139038086 -6.635751724243164 2.719999313354492
      vertex 22.53559112548828 -6.809239387512207 3
      vertex 22.53559112548828 -6.809239387512207 2.719999313354492
    endloop
  endfacet
  facet normal 0.9277725620160313 0.3731461820389018 0
    outer loop
      vertex 22.597639083862305 -6.963512420654297 3
      vertex 22.53559112548828 -6.809239387512207 2.719999313354492
      vertex 22.53559112548828 -6.809239387512207 3
    endloop
  endfacet
  facet normal 0.9277725620160313 0.3731461820389018 0
    outer loop
      vertex 22.53559112548828 -6.809239387512207 2.719999313354492
      vertex 22.597639083862305 -6.963512420654297 3
      vertex 22.597639083862305 -6.963512420654297 2.719999313354492
    endloop
  endfacet
  facet normal 0.8719492011324868 0.48959635481120395 0
    outer loop
      vertex 22.673473358154297 -7.098569869995117 3
      vertex 22.597639083862305 -6.963512420654297 2.719999313354492
      vertex 22.597639083862305 -6.963512420654297 3
    endloop
  endfacet
  facet normal 0.8719492011324868 0.48959635481120395 0
    outer loop
      vertex 22.597639083862305 -6.963512420654297 2.719999313354492
      vertex 22.673473358154297 -7.098569869995117 3
      vertex 22.673473358154297 -7.098569869995117 2.719999313354492
    endloop
  endfacet
  facet normal 0.7889271580145449 0.6144867283734393 0
    outer loop
      vertex 22.763042449951172 -7.213565826416016 3
      vertex 22.673473358154297 -7.098569869995117 2.719999313354492
      vertex 22.673473358154297 -7.098569869995117 3
    endloop
  endfacet
  facet normal 0.7889271580145449 0.6144867283734393 0
    outer loop
      vertex 22.673473358154297 -7.098569869995117 2.719999313354492
      vertex 22.763042449951172 -7.213565826416016 3
      vertex 22.763042449951172 -7.213565826416016 2.719999313354492
    endloop
  endfacet
  facet normal 0.6735650179380439 0.7391279771528897 0
    outer loop
      vertex 22.866287231445312 -7.307652473449707 2.719999313354492
      vertex 22.763042449951172 -7.213565826416016 3
      vertex 22.866287231445312 -7.307652473449707 3
    endloop
  endfacet
  facet normal 0.6735650179380439 0.7391279771528897 0
    outer loop
      vertex 22.763042449951172 -7.213565826416016 3
      vertex 22.866287231445312 -7.307652473449707 2.719999313354492
      vertex 22.763042449951172 -7.213565826416016 2.719999313354492
    endloop
  endfacet
  facet normal 0.5305345483452344 0.847663313475414 0
    outer loop
      vertex 22.98320960998535 -7.380831718444824 2.719999313354492
      vertex 22.866287231445312 -7.307652473449707 3
      vertex 22.98320960998535 -7.380831718444824 3
    endloop
  endfacet
  facet normal 0.5305345483452344 0.847663313475414 0
    outer loop
      vertex 22.866287231445312 -7.307652473449707 3
      vertex 22.98320960998535 -7.380831718444824 2.719999313354492
      vertex 22.866287231445312 -7.307652473449707 2.719999313354492
    endloop
  endfacet
  facet normal 0.37158470237022856 0.9283990569601138 0
    outer loop
      vertex 23.113807678222656 -7.433102607727051 2.719999313354492
      vertex 22.98320960998535 -7.380831718444824 3
      vertex 23.113807678222656 -7.433102607727051 3
    endloop
  endfacet
  facet normal 0.37158470237022856 0.9283990569601138 0
    outer loop
      vertex 22.98320960998535 -7.380831718444824 3
      vertex 23.113807678222656 -7.433102607727051 2.719999313354492
      vertex 22.98320960998535 -7.380831718444824 2.719999313354492
    endloop
  endfacet
  facet normal 0.21241838146422473 0.9771788123041347 0
    outer loop
      vertex 23.25808334350586 -7.464465141296387 2.719999313354492
      vertex 23.113807678222656 -7.433102607727051 3
      vertex 23.25808334350586 -7.464465141296387 3
    endloop
  endfacet
  facet normal 0.21241838146422473 0.9771788123041347 0
    outer loop
      vertex 23.113807678222656 -7.433102607727051 3
      vertex 23.25808334350586 -7.464465141296387 2.719999313354492
      vertex 23.113807678222656 -7.433102607727051 2.719999313354492
    endloop
  endfacet
  facet normal 0.06604156739457934 0.9978168726655544 0
    outer loop
      vertex 23.416034698486328 -7.474919319152832 2.719999313354492
      vertex 23.25808334350586 -7.464465141296387 3
      vertex 23.416034698486328 -7.474919319152832 3
    endloop
  endfacet
  facet normal 0.06604156739457934 0.9978168726655544 0
    outer loop
      vertex 23.25808334350586 -7.464465141296387 3
      vertex 23.416034698486328 -7.474919319152832 2.719999313354492
      vertex 23.25808334350586 -7.464465141296387 2.719999313354492
    endloop
  endfacet
  facet normal -0.06634042338859074 0.9977970476127009 0
    outer loop
      vertex 23.57411766052246 -7.464408874511719 2.719999313354492
      vertex 23.416034698486328 -7.474919319152832 3
      vertex 23.57411766052246 -7.464408874511719 3
    endloop
  endfacet
  facet normal -0.06634042338859074 0.9977970476127009 0
    outer loop
      vertex 23.416034698486328 -7.474919319152832 3
      vertex 23.57411766052246 -7.464408874511719 2.719999313354492
      vertex 23.416034698486328 -7.474919319152832 2.719999313354492
    endloop
  endfacet
  facet normal -0.24356063455477386 -0.9698856722806435 0
    outer loop
      vertex 23.222637176513672 -7.1444597244262695 2.719999313354492
      vertex 23.31647300720215 -7.168024063110352 3
      vertex 23.222637176513672 -7.1444597244262695 3
    endloop
  endfacet
  facet normal -0.24356063455477386 -0.9698856722806435 0
    outer loop
      vertex 23.31647300720215 -7.168024063110352 3
      vertex 23.222637176513672 -7.1444597244262695 2.719999313354492
      vertex 23.31647300720215 -7.168024063110352 2.719999313354492
    endloop
  endfacet
  facet normal -0.4233158933999809 -0.9059821490487414 0
    outer loop
      vertex 23.138580322265625 -7.105184555053711 2.719999313354492
      vertex 23.222637176513672 -7.1444597244262695 3
      vertex 23.138580322265625 -7.105184555053711 3
    endloop
  endfacet
  facet normal -0.4233158933999809 -0.9059821490487414 0
    outer loop
      vertex 23.222637176513672 -7.1444597244262695 3
      vertex 23.138580322265625 -7.105184555053711 2.719999313354492
      vertex 23.222637176513672 -7.1444597244262695 2.719999313354492
    endloop
  endfacet
  facet normal -0.5949491501464322 -0.8037633412516634 0
    outer loop
      vertex 23.06429672241211 -7.050199508666992 2.719999313354492
      vertex 23.138580322265625 -7.105184555053711 3
      vertex 23.06429672241211 -7.050199508666992 3
    endloop
  endfacet
  facet normal -0.5949491501464322 -0.8037633412516634 0
    outer loop
      vertex 23.138580322265625 -7.105184555053711 3
      vertex 23.06429672241211 -7.050199508666992 2.719999313354492
      vertex 23.138580322265625 -7.105184555053711 2.719999313354492
    endloop
  endfacet
  facet normal -0.7387186688923563 -0.6740138932024364 0
    outer loop
      vertex 23.06429672241211 -7.050199508666992 2.719999313354492
      vertex 22.999794006347656 -6.979504585266113 3
      vertex 22.999794006347656 -6.979504585266113 2.719999313354492
    endloop
  endfacet
  facet normal -0.7387186688923563 -0.6740138932024364 0
    outer loop
      vertex 22.999794006347656 -6.979504585266113 3
      vertex 23.06429672241211 -7.050199508666992 2.719999313354492
      vertex 23.06429672241211 -7.050199508666992 3
    endloop
  endfacet
  facet normal -0.8447906950958157 -0.5350968898055084 0
    outer loop
      vertex 22.999794006347656 -6.979504585266113 2.719999313354492
      vertex 22.945064544677734 -6.893099784851074 3
      vertex 22.945064544677734 -6.893099784851074 2.719999313354492
    endloop
  endfacet
  facet normal -0.8447906950958157 -0.5350968898055084 0
    outer loop
      vertex 22.945064544677734 -6.893099784851074 3
      vertex 22.999794006347656 -6.979504585266113 2.719999313354492
      vertex 22.999794006347656 -6.979504585266113 3
    endloop
  endfacet
  facet normal -0.9146316721364327 -0.40428814516989403 0
    outer loop
      vertex 22.945064544677734 -6.893099784851074 2.719999313354492
      vertex 22.899377822875977 -6.789741516113281 3
      vertex 22.899377822875977 -6.789741516113281 2.719999313354492
    endloop
  endfacet
  facet normal -0.9146316721364327 -0.40428814516989403 0
    outer loop
      vertex 22.899377822875977 -6.789741516113281 3
      vertex 22.945064544677734 -6.893099784851074 2.719999313354492
      vertex 22.945064544677734 -6.893099784851074 3
    endloop
  endfacet
  facet normal -0.955826341562076 -0.2939319730414807 0
    outer loop
      vertex 22.899377822875977 -6.789741516113281 2.719999313354492
      vertex 22.861997604370117 -6.668186187744141 3
      vertex 22.861997604370117 -6.668186187744141 2.719999313354492
    endloop
  endfacet
  facet normal -0.955826341562076 -0.2939319730414807 0
    outer loop
      vertex 22.861997604370117 -6.668186187744141 3
      vertex 22.899377822875977 -6.789741516113281 2.719999313354492
      vertex 22.899377822875977 -6.789741516113281 3
    endloop
  endfacet
  facet normal -0.979037964294885 -0.2036778448170729 0
    outer loop
      vertex 22.861997604370117 -6.668186187744141 2.719999313354492
      vertex 22.832923889160156 -6.528434753417969 3
      vertex 22.832923889160156 -6.528434753417969 2.719999313354492
    endloop
  endfacet
  facet normal -0.979037964294885 -0.2036778448170729 0
    outer loop
      vertex 22.832923889160156 -6.528434753417969 3
      vertex 22.861997604370117 -6.668186187744141 2.719999313354492
      vertex 22.861997604370117 -6.668186187744141 3
    endloop
  endfacet
  facet normal -0.9914668627014044 -0.13035896656937093 0
    outer loop
      vertex 22.832923889160156 -6.528434753417969 2.719999313354492
      vertex 22.812156677246094 -6.370486259460449 3
      vertex 22.812156677246094 -6.370486259460449 2.719999313354492
    endloop
  endfacet
  facet normal -0.9914668627014044 -0.13035896656937093 0
    outer loop
      vertex 22.812156677246094 -6.370486259460449 3
      vertex 22.832923889160156 -6.528434753417969 2.719999313354492
      vertex 22.832923889160156 -6.528434753417969 3
    endloop
  endfacet
  facet normal -0.9975079424937596 -0.07055426749578224 0
    outer loop
      vertex 22.812156677246094 -6.370486259460449 2.719999313354492
      vertex 22.799697875976562 -6.194341659545898 3
      vertex 22.799697875976562 -6.194341659545898 2.719999313354492
    endloop
  endfacet
  facet normal -0.9975079424937596 -0.07055426749578224 0
    outer loop
      vertex 22.799697875976562 -6.194341659545898 3
      vertex 22.812156677246094 -6.370486259460449 2.719999313354492
      vertex 22.812156677246094 -6.370486259460449 3
    endloop
  endfacet
  facet normal -0.9997716161933515 -0.02137090204305699 0
    outer loop
      vertex 22.799697875976562 -6.194341659545898 2.719999313354492
      vertex 22.795543670654297 -6 3
      vertex 22.795543670654297 -6 2.719999313354492
    endloop
  endfacet
  facet normal -0.9997716161933515 -0.02137090204305699 0
    outer loop
      vertex 22.795543670654297 -6 3
      vertex 22.799697875976562 -6.194341659545898 2.719999313354492
      vertex 22.799697875976562 -6.194341659545898 3
    endloop
  endfacet
  facet normal -0.9997896342883117 0.02051065990269038 0
    outer loop
      vertex 22.795543670654297 -6 2.719999313354492
      vertex 22.799640655517578 -5.80029296875 3
      vertex 22.799640655517578 -5.80029296875 2.719999313354492
    endloop
  endfacet
  facet normal -0.9997896342883117 0.02051065990269038 0
    outer loop
      vertex 22.799640655517578 -5.80029296875 3
      vertex 22.795543670654297 -6 2.719999313354492
      vertex 22.795543670654297 -6 3
    endloop
  endfacet
  facet normal -0.9976778690643998 0.06810924738329105 0
    outer loop
      vertex 22.799640655517578 -5.80029296875 2.719999313354492
      vertex 22.811931610107422 -5.62025260925293 3
      vertex 22.811931610107422 -5.62025260925293 2.719999313354492
    endloop
  endfacet
  facet normal -0.9976778690643998 0.06810924738329105 0
    outer loop
      vertex 22.811931610107422 -5.62025260925293 3
      vertex 22.799640655517578 -5.80029296875 2.719999313354492
      vertex 22.799640655517578 -5.80029296875 3
    endloop
  endfacet
  facet normal -0.991942084509936 0.1266921504201543 0
    outer loop
      vertex 22.811931610107422 -5.62025260925293 2.719999313354492
      vertex 22.832414627075195 -5.4598798751831055 3
      vertex 22.832414627075195 -5.4598798751831055 2.719999313354492
    endloop
  endfacet
  facet normal -0.991942084509936 0.1266921504201543 0
    outer loop
      vertex 22.832414627075195 -5.4598798751831055 3
      vertex 22.811931610107422 -5.62025260925293 2.719999313354492
      vertex 22.811931610107422 -5.62025260925293 3
    endloop
  endfacet
  facet normal -0.9798568674324599 0.19970107497318776 0
    outer loop
      vertex 22.832414627075195 -5.4598798751831055 2.719999313354492
      vertex 22.86109161376953 -5.3191728591918945 3
      vertex 22.86109161376953 -5.3191728591918945 2.719999313354492
    endloop
  endfacet
  facet normal -0.9798568674324599 0.19970107497318776 0
    outer loop
      vertex 22.86109161376953 -5.3191728591918945 3
      vertex 22.832414627075195 -5.4598798751831055 2.719999313354492
      vertex 22.832414627075195 -5.4598798751831055 3
    endloop
  endfacet
  facet normal -0.9566063078352783 0.291383547596217 0
    outer loop
      vertex 22.86109161376953 -5.3191728591918945 2.719999313354492
      vertex 22.897960662841797 -5.198132514953613 3
      vertex 22.897960662841797 -5.198132514953613 2.719999313354492
    endloop
  endfacet
  facet normal -0.9566063078352783 0.291383547596217 0
    outer loop
      vertex 22.897960662841797 -5.198132514953613 3
      vertex 22.86109161376953 -5.3191728591918945 2.719999313354492
      vertex 22.86109161376953 -5.3191728591918945 3
    endloop
  endfacet
  facet normal -0.9137831867729621 0.40620227420713667 0
    outer loop
      vertex 22.897960662841797 -5.198132514953613 2.719999313354492
      vertex 22.943023681640625 -5.096759796142578 3
      vertex 22.943023681640625 -5.096759796142578 2.719999313354492
    endloop
  endfacet
  facet normal -0.9137831867729621 0.40620227420713667 0
    outer loop
      vertex 22.943023681640625 -5.096759796142578 3
      vertex 22.897960662841797 -5.198132514953613 2.719999313354492
      vertex 22.897960662841797 -5.198132514953613 3
    endloop
  endfacet
  facet normal -0.8388732894086125 0.5443267440763628 0
    outer loop
      vertex 22.943023681640625 -5.096759796142578 2.719999313354492
      vertex 22.997478485107422 -5.012838363647461 3
      vertex 22.997478485107422 -5.012838363647461 2.719999313354492
    endloop
  endfacet
  facet normal -0.8388732894086125 0.5443267440763628 0
    outer loop
      vertex 22.997478485107422 -5.012838363647461 3
      vertex 22.943023681640625 -5.096759796142578 2.719999313354492
      vertex 22.943023681640625 -5.096759796142578 3
    endloop
  endfacet
  facet normal -0.7261069014005602 0.687581826213053 0
    outer loop
      vertex 22.997478485107422 -5.012838363647461 2.719999313354492
      vertex 23.062498092651367 -4.944175720214844 3
      vertex 23.062498092651367 -4.944175720214844 2.719999313354492
    endloop
  endfacet
  facet normal -0.7261069014005602 0.687581826213053 0
    outer loop
      vertex 23.062498092651367 -4.944175720214844 3
      vertex 22.997478485107422 -5.012838363647461 2.719999313354492
      vertex 22.997478485107422 -5.012838363647461 3
    endloop
  endfacet
  facet normal -0.5770351176102744 0.8167193355397537 0
    outer loop
      vertex 23.138084411621094 -4.890771865844727 2.719999313354492
      vertex 23.062498092651367 -4.944175720214844 3
      vertex 23.138084411621094 -4.890771865844727 3
    endloop
  endfacet
  facet normal -0.5770351176102744 0.8167193355397537 0
    outer loop
      vertex 23.062498092651367 -4.944175720214844 3
      vertex 23.138084411621094 -4.890771865844727 2.719999313354492
      vertex 23.062498092651367 -4.944175720214844 2.719999313354492
    endloop
  endfacet
  facet normal -0.40485991077329603 0.9143787249540744 0
    outer loop
      vertex 23.2242374420166 -4.852625846862793 2.719999313354492
      vertex 23.138084411621094 -4.890771865844727 3
      vertex 23.2242374420166 -4.852625846862793 3
    endloop
  endfacet
  facet normal -0.40485991077329603 0.9143787249540744 0
    outer loop
      vertex 23.138084411621094 -4.890771865844727 3
      vertex 23.2242374420166 -4.852625846862793 2.719999313354492
      vertex 23.138084411621094 -4.890771865844727 2.719999313354492
    endloop
  endfacet
  facet normal -0.23027510470338647 0.9731255705991104 0
    outer loop
      vertex 23.32095718383789 -4.829738616943359 2.719999313354492
      vertex 23.2242374420166 -4.852625846862793 3
      vertex 23.32095718383789 -4.829738616943359 3
    endloop
  endfacet
  facet normal -0.23027510470338647 0.9731255705991104 0
    outer loop
      vertex 23.2242374420166 -4.852625846862793 3
      vertex 23.32095718383789 -4.829738616943359 2.719999313354492
      vertex 23.2242374420166 -4.852625846862793 2.719999313354492
    endloop
  endfacet
  facet normal -0.07093199316479619 0.9974811538799464 0
    outer loop
      vertex 23.428245544433594 -4.822109222412109 2.719999313354492
      vertex 23.32095718383789 -4.829738616943359 3
      vertex 23.428245544433594 -4.822109222412109 3
    endloop
  endfacet
  facet normal -0.07093199316479619 0.9974811538799464 0
    outer loop
      vertex 23.32095718383789 -4.829738616943359 3
      vertex 23.428245544433594 -4.822109222412109 2.719999313354492
      vertex 23.32095718383789 -4.829738616943359 2.719999313354492
    endloop
  endfacet
  facet normal 0.07375722827177197 0.9972762261668858 0
    outer loop
      vertex 23.53292465209961 -4.829851150512695 2.719999313354492
      vertex 23.428245544433594 -4.822109222412109 3
      vertex 23.53292465209961 -4.829851150512695 3
    endloop
  endfacet
  facet normal 0.07375722827177197 0.9972762261668858 0
    outer loop
      vertex 23.428245544433594 -4.822109222412109 3
      vertex 23.53292465209961 -4.829851150512695 2.719999313354492
      vertex 23.428245544433594 -4.822109222412109 2.719999313354492
    endloop
  endfacet
  facet normal 0.23904197082254203 0.9710092358908203 0
    outer loop
      vertex 23.62726593017578 -4.853075981140137 2.719999313354492
      vertex 23.53292465209961 -4.829851150512695 3
      vertex 23.62726593017578 -4.853075981140137 3
    endloop
  endfacet
  facet normal 0.23904197082254203 0.9710092358908203 0
    outer loop
      vertex 23.53292465209961 -4.829851150512695 3
      vertex 23.62726593017578 -4.853075981140137 2.719999313354492
      vertex 23.53292465209961 -4.829851150512695 2.719999313354492
    endloop
  endfacet
  facet normal 0.41851996153099225 0.9082075984047352 0
    outer loop
      vertex 23.711265563964844 -4.89178466796875 2.719999313354492
      vertex 23.62726593017578 -4.853075981140137 3
      vertex 23.711265563964844 -4.89178466796875 3
    endloop
  endfacet
  facet normal 0.41851996153099225 0.9082075984047352 0
    outer loop
      vertex 23.62726593017578 -4.853075981140137 3
      vertex 23.711265563964844 -4.89178466796875 2.719999313354492
      vertex 23.62726593017578 -4.853075981140137 2.719999313354492
    endloop
  endfacet
  facet normal 0.5926126147640897 0.8054876093537805 0
    outer loop
      vertex 23.784923553466797 -4.945976257324219 2.719999313354492
      vertex 23.711265563964844 -4.89178466796875 3
      vertex 23.784923553466797 -4.945976257324219 3
    endloop
  endfacet
  facet normal 0.5926126147640897 0.8054876093537805 0
    outer loop
      vertex 23.711265563964844 -4.89178466796875 3
      vertex 23.784923553466797 -4.945976257324219 2.719999313354492
      vertex 23.711265563964844 -4.89178466796875 2.719999313354492
    endloop
  endfacet
  facet normal 0.7400473169658158 0.6725548071731383 0
    outer loop
      vertex 23.848243713378906 -5.015650749206543 3
      vertex 23.784923553466797 -4.945976257324219 2.719999313354492
      vertex 23.784923553466797 -4.945976257324219 3
    endloop
  endfacet
  facet normal 0.7400473169658158 0.6725548071731383 0
    outer loop
      vertex 23.784923553466797 -4.945976257324219 2.719999313354492
      vertex 23.848243713378906 -5.015650749206543 3
      vertex 23.848243713378906 -5.015650749206543 2.719999313354492
    endloop
  endfacet
  facet normal 0.8490878807721411 0.5282516168700995 0
    outer loop
      vertex 23.90122413635254 -5.100809097290039 3
      vertex 23.848243713378906 -5.015650749206543 2.719999313354492
      vertex 23.848243713378906 -5.015650749206543 3
    endloop
  endfacet
  facet normal 0.8490878807721411 0.5282516168700995 0
    outer loop
      vertex 23.848243713378906 -5.015650749206543 2.719999313354492
      vertex 23.90122413635254 -5.100809097290039 3
      vertex 23.90122413635254 -5.100809097290039 2.719999313354492
    endloop
  endfacet
  facet normal 0.9193349195179534 0.39347592779599355 0
    outer loop
      vertex 23.945049285888672 -5.203204154968262 3
      vertex 23.90122413635254 -5.100809097290039 2.719999313354492
      vertex 23.90122413635254 -5.100809097290039 3
    endloop
  endfacet
  facet normal 0.9193349195179534 0.39347592779599355 0
    outer loop
      vertex 23.90122413635254 -5.100809097290039 2.719999313354492
      vertex 23.945049285888672 -5.203204154968262 3
      vertex 23.945049285888672 -5.203204154968262 2.719999313354492
    endloop
  endfacet
  facet normal 0.959027665711894 0.2833124360122505 0
    outer loop
      vertex 23.980907440185547 -5.324585914611816 3
      vertex 23.945049285888672 -5.203204154968262 2.719999313354492
      vertex 23.945049285888672 -5.203204154968262 3
    endloop
  endfacet
  facet normal 0.959027665711894 0.2833124360122505 0
    outer loop
      vertex 23.945049285888672 -5.203204154968262 2.719999313354492
      vertex 23.980907440185547 -5.324585914611816 3
      vertex 23.980907440185547 -5.324585914611816 2.719999313354492
    endloop
  endfacet
  facet normal 0.9808284947103834 0.19487294313003908 0
    outer loop
      vertex 24.00879669189453 -5.464957237243652 3
      vertex 23.980907440185547 -5.324585914611816 2.719999313354492
      vertex 23.980907440185547 -5.324585914611816 3
    endloop
  endfacet
  facet normal 0.9808284947103834 0.19487294313003908 0
    outer loop
      vertex 23.980907440185547 -5.324585914611816 2.719999313354492
      vertex 24.00879669189453 -5.464957237243652 3
      vertex 24.00879669189453 -5.464957237243652 2.719999313354492
    endloop
  endfacet
  facet normal 0.9922775112800883 0.12403765802285151 0
    outer loop
      vertex 24.028717041015625 -5.624316215515137 3
      vertex 24.00879669189453 -5.464957237243652 2.719999313354492
      vertex 24.00879669189453 -5.464957237243652 3
    endloop
  endfacet
  facet normal 0.9922775112800883 0.12403765802285151 0
    outer loop
      vertex 24.00879669189453 -5.464957237243652 2.719999313354492
      vertex 24.028717041015625 -5.624316215515137 3
      vertex 24.028717041015625 -5.624316215515137 2.719999313354492
    endloop
  endfacet
  facet normal 0.9977615111895533 0.06687276567287412 0
    outer loop
      vertex 24.04067039489746 -5.802663803100586 3
      vertex 24.028717041015625 -5.624316215515137 2.719999313354492
      vertex 24.028717041015625 -5.624316215515137 3
    endloop
  endfacet
  facet normal 0.9977615111895533 0.06687276567287412 0
    outer loop
      vertex 24.028717041015625 -5.624316215515137 2.719999313354492
      vertex 24.04067039489746 -5.802663803100586 3
      vertex 24.04067039489746 -5.802663803100586 2.719999313354492
    endloop
  endfacet
  facet normal 0.9997962203676151 0.02018706859925912 0
    outer loop
      vertex 24.044654846191406 -6 3
      vertex 24.04067039489746 -5.802663803100586 2.719999313354492
      vertex 24.04067039489746 -5.802663803100586 3
    endloop
  endfacet
  facet normal 0.9997962203676151 0.02018706859925912 0
    outer loop
      vertex 24.04067039489746 -5.802663803100586 2.719999313354492
      vertex 24.044654846191406 -6 3
      vertex 24.044654846191406 -6 2.719999313354492
    endloop
  endfacet
  facet normal 0.999759958532765 -0.02190948001583441 0
    outer loop
      vertex 24.04047393798828 -6.1907806396484375 3
      vertex 24.044654846191406 -6 2.719999313354492
      vertex 24.044654846191406 -6 3
    endloop
  endfacet
  facet normal 0.999759958532765 -0.02190948001583441 0
    outer loop
      vertex 24.044654846191406 -6 2.719999313354492
      vertex 24.04047393798828 -6.1907806396484375 3
      vertex 24.04047393798828 -6.1907806396484375 2.719999313354492
    endloop
  endfacet
  facet normal 0.9973985787296483 -0.07208380642056338 0
    outer loop
      vertex 24.02792739868164 -6.364382743835449 3
      vertex 24.04047393798828 -6.1907806396484375 2.719999313354492
      vertex 24.04047393798828 -6.1907806396484375 3
    endloop
  endfacet
  facet normal 0.9973985787296483 -0.07208380642056338 0
    outer loop
      vertex 24.04047393798828 -6.1907806396484375 2.719999313354492
      vertex 24.02792739868164 -6.364382743835449 3
      vertex 24.02792739868164 -6.364382743835449 2.719999313354492
    endloop
  endfacet
  facet normal 0.9911848878640356 -0.13248591649665667 0
    outer loop
      vertex 24.00701904296875 -6.520807266235352 3
      vertex 24.02792739868164 -6.364382743835449 2.719999313354492
      vertex 24.02792739868164 -6.364382743835449 3
    endloop
  endfacet
  facet normal 0.9911848878640356 -0.13248591649665667 0
    outer loop
      vertex 24.02792739868164 -6.364382743835449 2.719999313354492
      vertex 24.00701904296875 -6.520807266235352 3
      vertex 24.00701904296875 -6.520807266235352 2.719999313354492
    endloop
  endfacet
  facet normal 0.9786131711175107 -0.20570916682376986 0
    outer loop
      vertex 23.97774887084961 -6.660053253173828 3
      vertex 24.00701904296875 -6.520807266235352 2.719999313354492
      vertex 24.00701904296875 -6.520807266235352 3
    endloop
  endfacet
  facet normal 0.9786131711175107 -0.20570916682376986 0
    outer loop
      vertex 24.00701904296875 -6.520807266235352 2.719999313354492
      vertex 23.97774887084961 -6.660053253173828 3
      vertex 23.97774887084961 -6.660053253173828 2.719999313354492
    endloop
  endfacet
  facet normal 0.9556103246653115 -0.2946335136963511 0
    outer loop
      vertex 23.940113067626953 -6.782120704650879 3
      vertex 23.97774887084961 -6.660053253173828 2.719999313354492
      vertex 23.97774887084961 -6.660053253173828 3
    endloop
  endfacet
  facet normal 0.9556103246653115 -0.2946335136963511 0
    outer loop
      vertex 23.97774887084961 -6.660053253173828 2.719999313354492
      vertex 23.940113067626953 -6.782120704650879 3
      vertex 23.940113067626953 -6.782120704650879 2.719999313354492
    endloop
  endfacet
  facet normal 0.9158084119142634 -0.401615428820999 0
    outer loop
      vertex 23.894115447998047 -6.887009620666504 3
      vertex 23.940113067626953 -6.782120704650879 2.719999313354492
      vertex 23.940113067626953 -6.782120704650879 3
    endloop
  endfacet
  facet normal 0.9158084119142634 -0.401615428820999 0
    outer loop
      vertex 23.940113067626953 -6.782120704650879 2.719999313354492
      vertex 23.894115447998047 -6.887009620666504 3
      vertex 23.894115447998047 -6.887009620666504 2.719999313354492
    endloop
  endfacet
  facet normal 0.8487789551943496 -0.5287478465385824 0
    outer loop
      vertex 23.839130401611328 -6.975275039672852 3
      vertex 23.894115447998047 -6.887009620666504 2.719999313354492
      vertex 23.894115447998047 -6.887009620666504 3
    endloop
  endfacet
  facet normal 0.8487789551943496 -0.5287478465385824 0
    outer loop
      vertex 23.894115447998047 -6.887009620666504 2.719999313354492
      vertex 23.839130401611328 -6.975275039672852 3
      vertex 23.839130401611328 -6.975275039672852 2.719999313354492
    endloop
  endfacet
  facet normal 0.7453628078627124 -0.6666590467810463 0
    outer loop
      vertex 23.774538040161133 -7.047492980957031 3
      vertex 23.839130401611328 -6.975275039672852 2.719999313354492
      vertex 23.839130401611328 -6.975275039672852 3
    endloop
  endfacet
  facet normal 0.7453628078627124 -0.6666590467810463 0
    outer loop
      vertex 23.839130401611328 -6.975275039672852 2.719999313354492
      vertex 23.774538040161133 -7.047492980957031 3
      vertex 23.774538040161133 -7.047492980957031 2.719999313354492
    endloop
  endfacet
  facet normal 0.6035585422008299 -0.7973186854303673 0
    outer loop
      vertex 23.700336456298828 -7.103662490844727 2.719999313354492
      vertex 23.774538040161133 -7.047492980957031 3
      vertex 23.700336456298828 -7.103662490844727 3
    endloop
  endfacet
  facet normal 0.6035585422008299 -0.7973186854303673 0
    outer loop
      vertex 23.774538040161133 -7.047492980957031 3
      vertex 23.700336456298828 -7.103662490844727 2.719999313354492
      vertex 23.774538040161133 -7.047492980957031 2.719999313354492
    endloop
  endfacet
  facet normal 0.4317848711241733 -0.901976621131768 0
    outer loop
      vertex 23.616527557373047 -7.143782615661621 2.719999313354492
      vertex 23.700336456298828 -7.103662490844727 3
      vertex 23.616527557373047 -7.143782615661621 3
    endloop
  endfacet
  facet normal 0.4317848711241733 -0.901976621131768 0
    outer loop
      vertex 23.700336456298828 -7.103662490844727 3
      vertex 23.616527557373047 -7.143782615661621 2.719999313354492
      vertex 23.700336456298828 -7.103662490844727 2.719999313354492
    endloop
  endfacet
  facet normal 0.2495353691102788 -0.9683656848334707 0
    outer loop
      vertex 23.523109436035156 -7.167855262756348 2.719999313354492
      vertex 23.616527557373047 -7.143782615661621 3
      vertex 23.523109436035156 -7.167855262756348 3
    endloop
  endfacet
  facet normal 0.2495353691102788 -0.9683656848334707 0
    outer loop
      vertex 23.616527557373047 -7.143782615661621 3
      vertex 23.523109436035156 -7.167855262756348 2.719999313354492
      vertex 23.616527557373047 -7.143782615661621 2.719999313354492
    endloop
  endfacet
  facet normal 0.07765203569952452 -0.9969805220523217 0
    outer loop
      vertex 23.420085906982422 -7.17587947845459 2.719999313354492
      vertex 23.523109436035156 -7.167855262756348 3
      vertex 23.420085906982422 -7.17587947845459 3
    endloop
  endfacet
  facet normal 0.07765203569952452 -0.9969805220523217 0
    outer loop
      vertex 23.523109436035156 -7.167855262756348 3
      vertex 23.420085906982422 -7.17587947845459 2.719999313354492
      vertex 23.523109436035156 -7.167855262756348 2.719999313354492
    endloop
  endfacet
  facet normal -0.0755980778007355 -0.9971383708557374 0
    outer loop
      vertex 23.31647300720215 -7.168024063110352 2.719999313354492
      vertex 23.420085906982422 -7.17587947845459 3
      vertex 23.31647300720215 -7.168024063110352 3
    endloop
  endfacet
  facet normal -0.0755980778007355 -0.9971383708557374 0
    outer loop
      vertex 23.420085906982422 -7.17587947845459 3
      vertex 23.31647300720215 -7.168024063110352 2.719999313354492
      vertex 23.420085906982422 -7.17587947845459 2.719999313354492
    endloop
  endfacet
  facet normal -1 0 0
    outer loop
      vertex 22.0589542388916 -7.434239387512207 2.719999313354492
      vertex 22.0589542388916 -7.122989654541016 3
      vertex 22.0589542388916 -7.122989654541016 2.719999313354492
    endloop
  endfacet
  facet normal -1 0 0
    outer loop
      vertex 22.0589542388916 -7.122989654541016 3
      vertex 22.0589542388916 -7.434239387512207 2.719999313354492
      vertex 22.0589542388916 -7.434239387512207 3
    endloop
  endfacet
  facet normal 0 -1 0
    outer loop
      vertex 21.361183166503906 -7.122989654541016 2.719999313354492
      vertex 22.0589542388916 -7.122989654541016 3
      vertex 21.361183166503906 -7.122989654541016 3
    endloop
  endfacet
  facet normal 0 -1 0
    outer loop
      vertex 22.0589542388916 -7.122989654541016 3
      vertex 21.361183166503906 -7.122989654541016 2.719999313354492
      vertex 22.0589542388916 -7.122989654541016 2.719999313354492
    endloop
  endfacet
  facet normal -1 0 0
    outer loop
      vertex 21.361183166503906 -7.122989654541016 2.719999313354492
      vertex 21.361183166503906 -4.5677995681762695 3
      vertex 21.361183166503906 -4.5677995681762695 2.719999313354492
    endloop
  endfacet
  facet normal -1 0 0
    outer loop
      vertex 21.361183166503906 -4.5677995681762695 3
      vertex 21.361183166503906 -7.122989654541016 2.719999313354492
      vertex 21.361183166503906 -7.122989654541016 3
    endloop
  endfacet
  facet normal 0 -1 0
    outer loop
      vertex 21.023475646972656 -4.5677995681762695 2.719999313354492
      vertex 21.361183166503906 -4.5677995681762695 3
      vertex 21.023475646972656 -4.5677995681762695 3
    endloop
  endfacet
  facet normal 0 -1 0
    outer loop
      vertex 21.361183166503906 -4.5677995681762695 3
      vertex 21.023475646972656 -4.5677995681762695 2.719999313354492
      vertex 21.361183166503906 -4.5677995681762695 2.719999313354492
    endloop
  endfacet
  facet normal 0.5666249115461623 -0.8239758549953413 0
    outer loop
      vertex 20.34601593017578 -5.033669471740723 2.719999313354492
      vertex 21.023475646972656 -4.5677995681762695 3
      vertex 20.34601593017578 -5.033669471740723 3
    endloop
  endfacet
  facet normal 0.5666249115461623 -0.8239758549953413 0
    outer loop
      vertex 21.023475646972656 -4.5677995681762695 3
      vertex 20.34601593017578 -5.033669471740723 2.719999313354492
      vertex 21.023475646972656 -4.5677995681762695 2.719999313354492
    endloop
  endfacet
  facet normal 1 0 0
    outer loop
      vertex 20.34601593017578 -5.379509925842285 3
      vertex 20.34601593017578 -5.033669471740723 2.719999313354492
      vertex 20.34601593017578 -5.033669471740723 3
    endloop
  endfacet
  facet normal 1 0 0
    outer loop
      vertex 20.34601593017578 -5.033669471740723 2.719999313354492
      vertex 20.34601593017578 -5.379509925842285 3
      vertex 20.34601593017578 -5.379509925842285 2.719999313354492
    endloop
  endfacet
  facet normal -0.5809923282659146 0.8139090333054128 0
    outer loop
      vertex 20.992935180664062 -4.917719841003418 2.719999313354492
      vertex 20.34601593017578 -5.379509925842285 3
      vertex 20.992935180664062 -4.917719841003418 3
    endloop
  endfacet
  facet normal -0.5809923282659146 0.8139090333054128 0
    outer loop
      vertex 20.34601593017578 -5.379509925842285 3
      vertex 20.992935180664062 -4.917719841003418 2.719999313354492
      vertex 20.34601593017578 -5.379509925842285 2.719999313354492
    endloop
  endfacet
  facet normal 1 0 0
    outer loop
      vertex 20.992935180664062 -7.122989654541016 3
      vertex 20.992935180664062 -4.917719841003418 2.719999313354492
      vertex 20.992935180664062 -4.917719841003418 3
    endloop
  endfacet
  facet normal 1 0 0
    outer loop
      vertex 20.992935180664062 -4.917719841003418 2.719999313354492
      vertex 20.992935180664062 -7.122989654541016 3
      vertex 20.992935180664062 -7.122989654541016 2.719999313354492
    endloop
  endfacet
  facet normal 0 -1 0
    outer loop
      vertex 20.262615203857422 -7.122989654541016 2.719999313354492
      vertex 20.992935180664062 -7.122989654541016 3
      vertex 20.262615203857422 -7.122989654541016 3
    endloop
  endfacet
  facet normal 0 -1 0
    outer loop
      vertex 20.992935180664062 -7.122989654541016 3
      vertex 20.262615203857422 -7.122989654541016 2.719999313354492
      vertex 20.992935180664062 -7.122989654541016 2.719999313354492
    endloop
  endfacet
  facet normal 1 0 0
    outer loop
      vertex 20.262615203857422 -7.434239387512207 3
      vertex 20.262615203857422 -7.122989654541016 2.719999313354492
      vertex 20.262615203857422 -7.122989654541016 3
    endloop
  endfacet
  facet normal 1 0 0
    outer loop
      vertex 20.262615203857422 -7.122989654541016 2.719999313354492
      vertex 20.262615203857422 -7.434239387512207 3
      vertex 20.262615203857422 -7.434239387512207 2.719999313354492
    endloop
  endfacet
  facet normal 0 1 0
    outer loop
      vertex 22.0589542388916 -7.434239387512207 2.719999313354492
      vertex 20.262615203857422 -7.434239387512207 3
      vertex 22.0589542388916 -7.434239387512207 3
    endloop
  endfacet
  facet normal 0 1 0
    outer loop
      vertex 20.262615203857422 -7.434239387512207 3
      vertex 22.0589542388916 -7.434239387512207 2.719999313354492
      vertex 20.262615203857422 -7.434239387512207 2.719999313354492
    endloop
  endfacet
  facet normal -1 0 0
    outer loop
      vertex 27.529754638671875 -7.434239387512207 2.719999313354492
      vertex 27.529754638671875 -6.785279273986816 3
      vertex 27.529754638671875 -6.785279273986816 2.719999313354492
    endloop
  endfacet
  facet normal -1 0 0
    outer loop
      vertex 27.529754638671875 -6.785279273986816 3
      vertex 27.529754638671875 -7.434239387512207 2.719999313354492
      vertex 27.529754638671875 -7.434239387512207 3
    endloop
  endfacet
  facet normal 0 1 0
    outer loop
      vertex 27.93256378173828 -6.785279273986816 2.719999313354492
      vertex 27.529754638671875 -6.785279273986816 3
      vertex 27.93256378173828 -6.785279273986816 3
    endloop
  endfacet
  facet normal 0 1 0
    outer loop
      vertex 27.529754638671875 -6.785279273986816 3
      vertex 27.93256378173828 -6.785279273986816 2.719999313354492
      vertex 27.529754638671875 -6.785279273986816 2.719999313354492
    endloop
  endfacet
  facet normal -1 0 0
    outer loop
      vertex 27.93256378173828 -6.785279273986816 2.719999313354492
      vertex 27.93256378173828 -6.496379852294922 3
      vertex 27.93256378173828 -6.496379852294922 2.719999313354492
    endloop
  endfacet
  facet normal -1 0 0
    outer loop
      vertex 27.93256378173828 -6.496379852294922 3
      vertex 27.93256378173828 -6.785279273986816 2.719999313354492
      vertex 27.93256378173828 -6.785279273986816 3
    endloop
  endfacet
  facet normal 0 -1 0
    outer loop
      vertex 27.529754638671875 -6.496379852294922 2.719999313354492
      vertex 27.93256378173828 -6.496379852294922 3
      vertex 27.529754638671875 -6.496379852294922 3
    endloop
  endfacet
  facet normal 0 -1 0
    outer loop
      vertex 27.93256378173828 -6.496379852294922 3
      vertex 27.529754638671875 -6.496379852294922 2.719999313354492
      vertex 27.93256378173828 -6.496379852294922 2.719999313354492
    endloop
  endfacet
  facet normal -1 0 0
    outer loop
      vertex 27.529754638671875 -6.496379852294922 2.719999313354492
      vertex 27.529754638671875 -4.5677995681762695 3
      vertex 27.529754638671875 -4.5677995681762695 2.719999313354492
    endloop
  endfacet
  facet normal -1 0 0
    outer loop
      vertex 27.529754638671875 -4.5677995681762695 3
      vertex 27.529754638671875 -6.496379852294922 2.719999313354492
      vertex 27.529754638671875 -6.496379852294922 3
    endloop
  endfacet
  facet normal 0 -1 0
    outer loop
      vertex 27.145244598388672 -4.5677995681762695 2.719999313354492
      vertex 27.529754638671875 -4.5677995681762695 3
      vertex 27.145244598388672 -4.5677995681762695 3
    endloop
  endfacet
  facet normal 0 -1 0
    outer loop
      vertex 27.529754638671875 -4.5677995681762695 3
      vertex 27.145244598388672 -4.5677995681762695 2.719999313354492
      vertex 27.529754638671875 -4.5677995681762695 2.719999313354492
    endloop
  endfacet
  facet normal 0.82733212268234 -0.561713057332597 0
    outer loop
      vertex 25.83307456970215 -6.500459671020508 3
      vertex 27.145244598388672 -4.5677995681762695 2.719999313354492
      vertex 27.145244598388672 -4.5677995681762695 3
    endloop
  endfacet
  facet normal 0.82733212268234 -0.561713057332597 0
    outer loop
      vertex 27.145244598388672 -4.5677995681762695 2.719999313354492
      vertex 25.83307456970215 -6.500459671020508 3
      vertex 25.83307456970215 -6.500459671020508 2.719999313354492
    endloop
  endfacet
  facet normal 1 0 0
    outer loop
      vertex 25.83307456970215 -6.785279273986816 3
      vertex 25.83307456970215 -6.500459671020508 2.719999313354492
      vertex 25.83307456970215 -6.500459671020508 3
    endloop
  endfacet
  facet normal 1 0 0
    outer loop
      vertex 25.83307456970215 -6.500459671020508 2.719999313354492
      vertex 25.83307456970215 -6.785279273986816 3
      vertex 25.83307456970215 -6.785279273986816 2.719999313354492
    endloop
  endfacet
  facet normal 0 1 0
    outer loop
      vertex 27.183914184570312 -6.785279273986816 2.719999313354492
      vertex 25.83307456970215 -6.785279273986816 3
      vertex 27.183914184570312 -6.785279273986816 3
    endloop
  endfacet
  facet normal 0 1 0
    outer loop
      vertex 25.83307456970215 -6.785279273986816 3
      vertex 27.183914184570312 -6.785279273986816 2.719999313354492
      vertex 25.83307456970215 -6.785279273986816 2.719999313354492
    endloop
  endfacet
  facet normal 1 0 0
    outer loop
      vertex 27.183914184570312 -7.434239387512207 3
      vertex 27.183914184570312 -6.785279273986816 2.719999313354492
      vertex 27.183914184570312 -6.785279273986816 3
    endloop
  endfacet
  facet normal 1 0 0
    outer loop
      vertex 27.183914184570312 -6.785279273986816 2.719999313354492
      vertex 27.183914184570312 -7.434239387512207 3
      vertex 27.183914184570312 -7.434239387512207 2.719999313354492
    endloop
  endfacet
  facet normal 0 1 0
    outer loop
      vertex 27.529754638671875 -7.434239387512207 2.719999313354492
      vertex 27.183914184570312 -7.434239387512207 3
      vertex 27.529754638671875 -7.434239387512207 3
    endloop
  endfacet
  facet normal 0 1 0
    outer loop
      vertex 27.183914184570312 -7.434239387512207 3
      vertex 27.529754638671875 -7.434239387512207 2.719999313354492
      vertex 27.183914184570312 -7.434239387512207 2.719999313354492
    endloop
  endfacet
  facet normal -0.780804515693004 0.6247754062648541 0
    outer loop
      vertex 26.17078399658203 -6.496379852294922 2.719999313354492
      vertex 26.20333480834961 -6.455699920654297 3
      vertex 26.20333480834961 -6.455699920654297 2.719999313354492
    endloop
  endfacet
  facet normal -0.780804515693004 0.6247754062648541 0
    outer loop
      vertex 26.20333480834961 -6.455699920654297 3
      vertex 26.17078399658203 -6.496379852294922 2.719999313354492
      vertex 26.17078399658203 -6.496379852294922 3
    endloop
  endfacet
  facet normal -0.8077763933951453 0.5894890145486443 0
    outer loop
      vertex 26.20333480834961 -6.455699920654297 2.719999313354492
      vertex 26.313194274902344 -6.305159568786621 3
      vertex 26.313194274902344 -6.305159568786621 2.719999313354492
    endloop
  endfacet
  facet normal -0.8077763933951453 0.5894890145486443 0
    outer loop
      vertex 26.313194274902344 -6.305159568786621 3
      vertex 26.20333480834961 -6.455699920654297 2.719999313354492
      vertex 26.20333480834961 -6.455699920654297 3
    endloop
  endfacet
  facet normal -0.8274774078103224 0.5614990111865821 0
    outer loop
      vertex 26.313194274902344 -6.305159568786621 2.719999313354492
      vertex 27.04759407043457 -5.222879409790039 3
      vertex 27.04759407043457 -5.222879409790039 2.719999313354492
    endloop
  endfacet
  facet normal -0.8274774078103224 0.5614990111865821 0
    outer loop
      vertex 27.04759407043457 -5.222879409790039 3
      vertex 26.313194274902344 -6.305159568786621 2.719999313354492
      vertex 26.313194274902344 -6.305159568786621 3
    endloop
  endfacet
  facet normal -0.8345461930486423 0.5509379744290807 0
    outer loop
      vertex 27.04759407043457 -5.222879409790039 2.719999313354492
      vertex 27.057147979736328 -5.208407402038574 3
      vertex 27.057147979736328 -5.208407402038574 2.719999313354492
    endloop
  endfacet
  facet normal -0.8345461930486423 0.5509379744290807 0
    outer loop
      vertex 27.057147979736328 -5.208407402038574 3
      vertex 27.04759407043457 -5.222879409790039 2.719999313354492
      vertex 27.04759407043457 -5.222879409790039 3
    endloop
  endfacet
  facet normal -0.847933892444638 0.5301019845687099 0
    outer loop
      vertex 27.057147979736328 -5.208407402038574 2.719999313354492
      vertex 27.068172454833984 -5.190773010253906 3
      vertex 27.068172454833984 -5.190773010253906 2.719999313354492
    endloop
  endfacet
  facet normal -0.847933892444638 0.5301019845687099 0
    outer loop
      vertex 27.068172454833984 -5.190773010253906 3
      vertex 27.057147979736328 -5.208407402038574 2.719999313354492
      vertex 27.057147979736328 -5.208407402038574 3
    endloop
  endfacet
  facet normal -0.8573090395070472 0.5148021083673845 0
    outer loop
      vertex 27.068172454833984 -5.190773010253906 2.719999313354492
      vertex 27.08066177368164 -5.169974327087402 3
      vertex 27.08066177368164 -5.169974327087402 2.719999313354492
    endloop
  endfacet
  facet normal -0.8573090395070472 0.5148021083673845 0
    outer loop
      vertex 27.08066177368164 -5.169974327087402 3
      vertex 27.068172454833984 -5.190773010253906 2.719999313354492
      vertex 27.068172454833984 -5.190773010253906 3
    endloop
  endfacet
  facet normal -0.8640519349215058 0.5034026755574528 0
    outer loop
      vertex 27.08066177368164 -5.169974327087402 2.719999313354492
      vertex 27.094621658325195 -5.146013259887695 3
      vertex 27.094621658325195 -5.146013259887695 2.719999313354492
    endloop
  endfacet
  facet normal -0.8640519349215058 0.5034026755574528 0
    outer loop
      vertex 27.094621658325195 -5.146013259887695 3
      vertex 27.08066177368164 -5.169974327087402 2.719999313354492
      vertex 27.08066177368164 -5.169974327087402 3
    endloop
  endfacet
  facet normal -0.8692569007927167 0.49436063802070757 0
    outer loop
      vertex 27.094621658325195 -5.146013259887695 2.719999313354492
      vertex 27.110048294067383 -5.118887901306152 3
      vertex 27.110048294067383 -5.118887901306152 2.719999313354492
    endloop
  endfacet
  facet normal -0.8692569007927167 0.49436063802070757 0
    outer loop
      vertex 27.110048294067383 -5.118887901306152 3
      vertex 27.094621658325195 -5.146013259887695 2.719999313354492
      vertex 27.094621658325195 -5.146013259887695 3
    endloop
  endfacet
  facet normal -0.8732972844366064 0.48718769791082467 0
    outer loop
      vertex 27.110048294067383 -5.118887901306152 2.719999313354492
      vertex 27.12694549560547 -5.08859920501709 3
      vertex 27.12694549560547 -5.08859920501709 2.719999313354492
    endloop
  endfacet
  facet normal -0.8732972844366064 0.48718769791082467 0
    outer loop
      vertex 27.12694549560547 -5.08859920501709 3
      vertex 27.110048294067383 -5.118887901306152 2.719999313354492
      vertex 27.110048294067383 -5.118887901306152 3
    endloop
  endfacet
  facet normal -0.8759764777543112 0.4823538228532565 0
    outer loop
      vertex 27.12694549560547 -5.08859920501709 2.719999313354492
      vertex 27.143218994140625 -5.059045791625977 3
      vertex 27.143218994140625 -5.059045791625977 2.719999313354492
    endloop
  endfacet
  facet normal -0.8759764777543112 0.4823538228532565 0
    outer loop
      vertex 27.143218994140625 -5.059045791625977 3
      vertex 27.12694549560547 -5.08859920501709 2.719999313354492
      vertex 27.12694549560547 -5.08859920501709 3
    endloop
  endfacet
  facet normal -0.8783576361489995 0.4780040407975038 0
    outer loop
      vertex 27.143218994140625 -5.059045791625977 2.719999313354492
      vertex 27.156780242919922 -5.034126281738281 3
      vertex 27.156780242919922 -5.034126281738281 2.719999313354492
    endloop
  endfacet
  facet normal -0.8783576361489995 0.4780040407975038 0
    outer loop
      vertex 27.156780242919922 -5.034126281738281 3
      vertex 27.143218994140625 -5.059045791625977 2.719999313354492
      vertex 27.143218994140625 -5.059045791625977 3
    endloop
  endfacet
  facet normal -0.8817509627262172 0.4717152104091929 0
    outer loop
      vertex 27.156780242919922 -5.034126281738281 2.719999313354492
      vertex 27.167633056640625 -5.0138397216796875 3
      vertex 27.167633056640625 -5.0138397216796875 2.719999313354492
    endloop
  endfacet
  facet normal -0.8817509627262172 0.4717152104091929 0
    outer loop
      vertex 27.167633056640625 -5.0138397216796875 3
      vertex 27.156780242919922 -5.034126281738281 2.719999313354492
      vertex 27.156780242919922 -5.034126281738281 3
    endloop
  endfacet
  facet normal -0.8872893653413473 0.4612131634636515 0
    outer loop
      vertex 27.167633056640625 -5.0138397216796875 2.719999313354492
      vertex 27.175769805908203 -4.998186111450195 3
      vertex 27.175769805908203 -4.998186111450195 2.719999313354492
    endloop
  endfacet
  facet normal -0.8872893653413473 0.4612131634636515 0
    outer loop
      vertex 27.175769805908203 -4.998186111450195 3
      vertex 27.167633056640625 -5.0138397216796875 2.719999313354492
      vertex 27.167633056640625 -5.0138397216796875 3
    endloop
  endfacet
  facet normal -0.8970665271236921 0.4418955147025578 0
    outer loop
      vertex 27.175769805908203 -4.998186111450195 2.719999313354492
      vertex 27.181198120117188 -4.987166404724121 3
      vertex 27.181198120117188 -4.987166404724121 2.719999313354492
    endloop
  endfacet
  facet normal -0.8970665271236921 0.4418955147025578 0
    outer loop
      vertex 27.181198120117188 -4.987166404724121 3
      vertex 27.175769805908203 -4.998186111450195 2.719999313354492
      vertex 27.175769805908203 -4.998186111450195 3
    endloop
  endfacet
  facet normal -0.9202430946519806 0.3913472201834912 0
    outer loop
      vertex 27.181198120117188 -4.987166404724121 2.719999313354492
      vertex 27.183914184570312 -4.980779647827148 3
      vertex 27.183914184570312 -4.980779647827148 2.719999313354492
    endloop
  endfacet
  facet normal -0.9202430946519806 0.3913472201834912 0
    outer loop
      vertex 27.183914184570312 -4.980779647827148 3
      vertex 27.181198120117188 -4.987166404724121 2.719999313354492
      vertex 27.181198120117188 -4.987166404724121 3
    endloop
  endfacet
  facet normal 1 0 0
    outer loop
      vertex 27.183914184570312 -6.496379852294922 3
      vertex 27.183914184570312 -4.980779647827148 2.719999313354492
      vertex 27.183914184570312 -4.980779647827148 3
    endloop
  endfacet
  facet normal 1 0 0
    outer loop
      vertex 27.183914184570312 -4.980779647827148 2.719999313354492
      vertex 27.183914184570312 -6.496379852294922 3
      vertex 27.183914184570312 -6.496379852294922 2.719999313354492
    endloop
  endfacet
  facet normal 0 -1 0
    outer loop
      vertex 26.17078399658203 -6.496379852294922 2.719999313354492
      vertex 27.183914184570312 -6.496379852294922 3
      vertex 26.17078399658203 -6.496379852294922 3
    endloop
  endfacet
  facet normal 0 -1 0
    outer loop
      vertex 27.183914184570312 -6.496379852294922 3
      vertex 26.17078399658203 -6.496379852294922 2.719999313354492
      vertex 27.183914184570312 -6.496379852294922 2.719999313354492
    endloop
  endfacet
  facet normal -1 0 0
    outer loop
      vertex 25.356945037841797 -7.434239387512207 2.719999313354492
      vertex 25.356945037841797 -6.988709449768066 3
      vertex 25.356945037841797 -6.988709449768066 2.719999313354492
    endloop
  endfacet
  facet normal -1 0 0
    outer loop
      vertex 25.356945037841797 -6.988709449768066 3
      vertex 25.356945037841797 -7.434239387512207 2.719999313354492
      vertex 25.356945037841797 -7.434239387512207 3
    endloop
  endfacet
  facet normal 0 -1 0
    outer loop
      vertex 24.960254669189453 -6.988709449768066 2.719999313354492
      vertex 25.356945037841797 -6.988709449768066 3
      vertex 24.960254669189453 -6.988709449768066 3
    endloop
  endfacet
  facet normal 0 -1 0
    outer loop
      vertex 25.356945037841797 -6.988709449768066 3
      vertex 24.960254669189453 -6.988709449768066 2.719999313354492
      vertex 25.356945037841797 -6.988709449768066 2.719999313354492
    endloop
  endfacet
  facet normal 1 0 0
    outer loop
      vertex 24.960254669189453 -7.434239387512207 3
      vertex 24.960254669189453 -6.988709449768066 2.719999313354492
      vertex 24.960254669189453 -6.988709449768066 3
    endloop
  endfacet
  facet normal 1 0 0
    outer loop
      vertex 24.960254669189453 -6.988709449768066 2.719999313354492
      vertex 24.960254669189453 -7.434239387512207 3
      vertex 24.960254669189453 -7.434239387512207 2.719999313354492
    endloop
  endfacet
  facet normal 0 1 0
    outer loop
      vertex 25.356945037841797 -7.434239387512207 2.719999313354492
      vertex 24.960254669189453 -7.434239387512207 3
      vertex 25.356945037841797 -7.434239387512207 3
    endloop
  endfacet
  facet normal 0 1 0
    outer loop
      vertex 24.960254669189453 -7.434239387512207 3
      vertex 25.356945037841797 -7.434239387512207 2.719999313354492
      vertex 24.960254669189453 -7.434239387512207 2.719999313354492
    endloop
  endfacet
  facet normal 0 0 1
    outer loop
      vertex 24.04067039489746 -5.802663803100586 2.719999313354492
      vertex 24.41692352294922 -6 2.719999313354492
      vertex 24.410228729248047 -5.766496658325195 2.719999313354492
    endloop
  endfacet
  facet normal 0 0 1
    outer loop
      vertex 24.028717041015625 -5.624316215515137 2.719999313354492
      vertex 24.410228729248047 -5.766496658325195 2.719999313354492
      vertex 24.39013671875 -5.552886009216309 2.719999313354492
    endloop
  endfacet
  facet normal 0 0 1
    outer loop
      vertex 24.04047393798828 -6.1907806396484375 2.719999313354492
      vertex 24.41692352294922 -6 2.719999313354492
      vertex 24.044654846191406 -6 2.719999313354492
    endloop
  endfacet
  facet normal 0 0 1
    outer loop
      vertex 24.00879669189453 -5.464957237243652 2.719999313354492
      vertex 24.39013671875 -5.552886009216309 2.719999313354492
      vertex 24.35665512084961 -5.359169960021973 2.719999313354492
    endloop
  endfacet
  facet normal 0 0 1
    outer loop
      vertex 24.41692352294922 -6 2.719999313354492
      vertex 24.04047393798828 -6.1907806396484375 2.719999313354492
      vertex 24.409889221191406 -6.229942321777344 2.719999313354492
    endloop
  endfacet
  facet normal 0 0 1
    outer loop
      vertex 23.980907440185547 -5.324585914611816 2.719999313354492
      vertex 24.35665512084961 -5.359169960021973 2.719999313354492
      vertex 24.309778213500977 -5.185346603393555 2.719999313354492
    endloop
  endfacet
  facet normal 0 0 1
    outer loop
      vertex 24.02792739868164 -6.364382743835449 2.719999313354492
      vertex 24.409889221191406 -6.229942321777344 2.719999313354492
      vertex 24.04047393798828 -6.1907806396484375 2.719999313354492
    endloop
  endfacet
  facet normal 0 0 1
    outer loop
      vertex 23.945049285888672 -5.203204154968262 2.719999313354492
      vertex 24.309778213500977 -5.185346603393555 2.719999313354492
      vertex 24.249507904052734 -5.031415939331055 2.719999313354492
    endloop
  endfacet
  facet normal 0 0 1
    outer loop
      vertex 24.409889221191406 -6.229942321777344 2.719999313354492
      vertex 24.02792739868164 -6.364382743835449 2.719999313354492
      vertex 24.388782501220703 -6.441009521484375 2.719999313354492
    endloop
  endfacet
  facet normal 0 0 1
    outer loop
      vertex 23.90122413635254 -5.100809097290039 2.719999313354492
      vertex 24.249507904052734 -5.031415939331055 2.719999313354492
      vertex 24.175844192504883 -4.8973798751831055 2.719999313354492
    endloop
  endfacet
  facet normal 0 0 1
    outer loop
      vertex 24.00701904296875 -6.520807266235352 2.719999313354492
      vertex 24.388782501220703 -6.441009521484375 2.719999313354492
      vertex 24.02792739868164 -6.364382743835449 2.719999313354492
    endloop
  endfacet
  facet normal 0 0 1
    outer loop
      vertex 23.848243713378906 -5.015650749206543 2.719999313354492
      vertex 24.175844192504883 -4.8973798751831055 2.719999313354492
      vertex 24.088119506835938 -4.783620834350586 2.719999313354492
    endloop
  endfacet
  facet normal 0 0 1
    outer loop
      vertex 24.388782501220703 -6.441009521484375 2.719999313354492
      vertex 24.00701904296875 -6.520807266235352 2.719999313354492
      vertex 24.35360336303711 -6.633201599121094 2.719999313354492
    endloop
  endfacet
  facet normal 0 0 1
    outer loop
      vertex 23.97774887084961 -6.660053253173828 2.719999313354492
      vertex 24.35360336303711 -6.633201599121094 2.719999313354492
      vertex 24.00701904296875 -6.520807266235352 2.719999313354492
    endloop
  endfacet
  facet normal 0 0 1
    outer loop
      vertex 24.41692352294922 -6 2.719999313354492
      vertex 24.04067039489746 -5.802663803100586 2.719999313354492
      vertex 24.044654846191406 -6 2.719999313354492
    endloop
  endfacet
  facet normal 0 0 1
    outer loop
      vertex 24.410228729248047 -5.766496658325195 2.719999313354492
      vertex 24.028717041015625 -5.624316215515137 2.719999313354492
      vertex 24.04067039489746 -5.802663803100586 2.719999313354492
    endloop
  endfacet
  facet normal 0 0 1
    outer loop
      vertex 24.39013671875 -5.552886009216309 2.719999313354492
      vertex 24.00879669189453 -5.464957237243652 2.719999313354492
      vertex 24.028717041015625 -5.624316215515137 2.719999313354492
    endloop
  endfacet
  facet normal 0 0 1
    outer loop
      vertex 23.784923553466797 -4.945976257324219 2.719999313354492
      vertex 24.088119506835938 -4.783620834350586 2.719999313354492
      vertex 23.985645294189453 -4.690546035766602 2.719999313354492
    endloop
  endfacet
  facet normal 0 0 1
    outer loop
      vertex 24.35665512084961 -5.359169960021973 2.719999313354492
      vertex 23.980907440185547 -5.324585914611816 2.719999313354492
      vertex 24.00879669189453 -5.464957237243652 2.719999313354492
    endloop
  endfacet
  facet normal 0 0 1
    outer loop
      vertex 24.309778213500977 -5.185346603393555 2.719999313354492
      vertex 23.945049285888672 -5.203204154968262 2.719999313354492
      vertex 23.980907440185547 -5.324585914611816 2.719999313354492
    endloop
  endfacet
  facet normal 0 0 1
    outer loop
      vertex 24.249507904052734 -5.031415939331055 2.719999313354492
      vertex 23.90122413635254 -5.100809097290039 2.719999313354492
      vertex 23.945049285888672 -5.203204154968262 2.719999313354492
    endloop
  endfacet
  facet normal 0 0 1
    outer loop
      vertex 23.784923553466797 -4.945976257324219 2.719999313354492
      vertex 23.985645294189453 -4.690546035766602 2.719999313354492
      vertex 23.868419647216797 -4.618154525756836 2.719999313354492
    endloop
  endfacet
  facet normal 0 0 1
    outer loop
      vertex 24.175844192504883 -4.8973798751831055 2.719999313354492
      vertex 23.848243713378906 -5.015650749206543 2.719999313354492
      vertex 23.90122413635254 -5.100809097290039 2.719999313354492
    endloop
  endfacet
  facet normal 0 0 1
    outer loop
      vertex 24.088119506835938 -4.783620834350586 2.719999313354492
      vertex 23.784923553466797 -4.945976257324219 2.719999313354492
      vertex 23.848243713378906 -5.015650749206543 2.719999313354492
    endloop
  endfacet
  facet normal 0 0 1
    outer loop
      vertex 23.711265563964844 -4.89178466796875 2.719999313354492
      vertex 23.868419647216797 -4.618154525756836 2.719999313354492
      vertex 23.7364444732666 -4.566446304321289 2.719999313354492
    endloop
  endfacet
  facet normal 0 0 1
    outer loop
      vertex 23.868419647216797 -4.618154525756836 2.719999313354492
      vertex 23.711265563964844 -4.89178466796875 2.719999313354492
      vertex 23.784923553466797 -4.945976257324219 2.719999313354492
    endloop
  endfacet
  facet normal 0 0 1
    outer loop
      vertex 23.7364444732666 -4.566446304321289 2.719999313354492
      vertex 23.62726593017578 -4.853075981140137 2.719999313354492
      vertex 23.711265563964844 -4.89178466796875 2.719999313354492
    endloop
  endfacet
  facet normal 0 0 1
    outer loop
      vertex 23.589719772338867 -4.535421371459961 2.719999313354492
      vertex 23.62726593017578 -4.853075981140137 2.719999313354492
      vertex 23.7364444732666 -4.566446304321289 2.719999313354492
    endloop
  endfacet
  facet normal 0 0 1
    outer loop
      vertex 23.589719772338867 -4.535421371459961 2.719999313354492
      vertex 23.53292465209961 -4.829851150512695 2.719999313354492
      vertex 23.62726593017578 -4.853075981140137 2.719999313354492
    endloop
  endfacet
  facet normal 0 0 1
    outer loop
      vertex 23.428245544433594 -4.525079727172852 2.719999313354492
      vertex 23.53292465209961 -4.829851150512695 2.719999313354492
      vertex 23.589719772338867 -4.535421371459961 2.719999313354492
    endloop
  endfacet
  facet normal 0 0 1
    outer loop
      vertex 23.428245544433594 -4.525079727172852 2.719999313354492
      vertex 23.428245544433594 -4.822109222412109 2.719999313354492
      vertex 23.53292465209961 -4.829851150512695 2.719999313354492
    endloop
  endfacet
  facet normal 0 0 1
    outer loop
      vertex 23.428245544433594 -4.525079727172852 2.719999313354492
      vertex 23.32095718383789 -4.829738616943359 2.719999313354492
      vertex 23.428245544433594 -4.822109222412109 2.719999313354492
    endloop
  endfacet
  facet normal 0 0 1
    outer loop
      vertex 23.262414932250977 -4.535307884216309 2.719999313354492
      vertex 23.32095718383789 -4.829738616943359 2.719999313354492
      vertex 23.428245544433594 -4.525079727172852 2.719999313354492
    endloop
  endfacet
  facet normal 0 0 1
    outer loop
      vertex 23.262414932250977 -4.535307884216309 2.719999313354492
      vertex 23.2242374420166 -4.852625846862793 2.719999313354492
      vertex 23.32095718383789 -4.829738616943359 2.719999313354492
    endloop
  endfacet
  facet normal 0 0 1
    outer loop
      vertex 23.112125396728516 -4.565993309020996 2.719999313354492
      vertex 23.2242374420166 -4.852625846862793 2.719999313354492
      vertex 23.262414932250977 -4.535307884216309 2.719999313354492
    endloop
  endfacet
  facet normal 0 0 1
    outer loop
      vertex 23.2242374420166 -4.852625846862793 2.719999313354492
      vertex 23.112125396728516 -4.565993309020996 2.719999313354492
      vertex 23.138084411621094 -4.890771865844727 2.719999313354492
    endloop
  endfacet
  facet normal 0 0 1
    outer loop
      vertex 22.977375030517578 -4.617134094238281 2.719999313354492
      vertex 23.138084411621094 -4.890771865844727 2.719999313354492
      vertex 23.112125396728516 -4.565993309020996 2.719999313354492
    endloop
  endfacet
  facet normal 0 0 1
    outer loop
      vertex 23.138084411621094 -4.890771865844727 2.719999313354492
      vertex 22.977375030517578 -4.617134094238281 2.719999313354492
      vertex 23.062498092651367 -4.944175720214844 2.719999313354492
    endloop
  endfacet
  facet normal 0 0 1
    outer loop
      vertex 22.858165740966797 -4.688733100891113 2.719999313354492
      vertex 23.062498092651367 -4.944175720214844 2.719999313354492
      vertex 22.977375030517578 -4.617134094238281 2.719999313354492
    endloop
  endfacet
  facet normal 0 0 1
    outer loop
      vertex 22.754493713378906 -4.780787467956543 2.719999313354492
      vertex 23.062498092651367 -4.944175720214844 2.719999313354492
      vertex 22.858165740966797 -4.688733100891113 2.719999313354492
    endloop
  endfacet
  facet normal 0 0 1
    outer loop
      vertex 23.062498092651367 -4.944175720214844 2.719999313354492
      vertex 22.754493713378906 -4.780787467956543 2.719999313354492
      vertex 22.997478485107422 -5.012838363647461 2.719999313354492
    endloop
  endfacet
  facet normal 0 0 1
    outer loop
      vertex 22.666364669799805 -4.893299102783203 2.719999313354492
      vertex 22.997478485107422 -5.012838363647461 2.719999313354492
      vertex 22.754493713378906 -4.780787467956543 2.719999313354492
    endloop
  endfacet
  facet normal 0 0 1
    outer loop
      vertex 22.997478485107422 -5.012838363647461 2.719999313354492
      vertex 22.666364669799805 -4.893299102783203 2.719999313354492
      vertex 22.943023681640625 -5.096759796142578 2.719999313354492
    endloop
  endfacet
  facet normal 0 0 1
    outer loop
      vertex 22.592700958251953 -5.026324272155762 2.719999313354492
      vertex 22.943023681640625 -5.096759796142578 2.719999313354492
      vertex 22.666364669799805 -4.893299102783203 2.719999313354492
    endloop
  endfacet
  facet normal 0 0 1
    outer loop
      vertex 22.943023681640625 -5.096759796142578 2.719999313354492
      vertex 22.592700958251953 -5.026324272155762 2.719999313354492
      vertex 22.897960662841797 -5.198132514953613 2.719999313354492
    endloop
  endfacet
  facet normal 0 0 1
    outer loop
      vertex 22.532432556152344 -5.179919242858887 2.719999313354492
      vertex 22.897960662841797 -5.198132514953613 2.719999313354492
      vertex 22.592700958251953 -5.026324272155762 2.719999313354492
    endloop
  endfacet
  facet normal 0 0 1
    outer loop
      vertex 22.42528533935547 -6 2.719999313354492
      vertex 22.795543670654297 -6 2.719999313354492
      vertex 22.799640655517578 -5.80029296875 2.719999313354492
    endloop
  endfacet
  facet normal 0 0 1
    outer loop
      vertex 22.897960662841797 -5.198132514953613 2.719999313354492
      vertex 22.532432556152344 -5.179919242858887 2.719999313354492
      vertex 22.86109161376953 -5.3191728591918945 2.719999313354492
    endloop
  endfacet
  facet normal 0 0 1
    outer loop
      vertex 22.485553741455078 -5.3540849685668945 2.719999313354492
      vertex 22.86109161376953 -5.3191728591918945 2.719999313354492
      vertex 22.532432556152344 -5.179919242858887 2.719999313354492
    endloop
  endfacet
  facet normal 0 0 1
    outer loop
      vertex 22.795543670654297 -6 2.719999313354492
      vertex 22.42528533935547 -6 2.719999313354492
      vertex 22.432178497314453 -6.231131553649902 2.719999313354492
    endloop
  endfacet
  facet normal 0 0 1
    outer loop
      vertex 22.86109161376953 -5.3191728591918945 2.719999313354492
      vertex 22.485553741455078 -5.3540849685668945 2.719999313354492
      vertex 22.832414627075195 -5.4598798751831055 2.719999313354492
    endloop
  endfacet
  facet normal 0 0 1
    outer loop
      vertex 22.795543670654297 -6 2.719999313354492
      vertex 22.432178497314453 -6.231131553649902 2.719999313354492
      vertex 22.452861785888672 -6.443049430847168 2.719999313354492
    endloop
  endfacet
  facet normal 0 0 1
    outer loop
      vertex 22.452072143554688 -5.548819541931152 2.719999313354492
      vertex 22.832414627075195 -5.4598798751831055 2.719999313354492
      vertex 22.485553741455078 -5.3540849685668945 2.719999313354492
    endloop
  endfacet
  facet normal 0 0 1
    outer loop
      vertex 22.795543670654297 -6 2.719999313354492
      vertex 22.452861785888672 -6.443049430847168 2.719999313354492
      vertex 22.48733139038086 -6.635751724243164 2.719999313354492
    endloop
  endfacet
  facet normal 0 0 1
    outer loop
      vertex 22.832414627075195 -5.4598798751831055 2.719999313354492
      vertex 22.452072143554688 -5.548819541931152 2.719999313354492
      vertex 22.811931610107422 -5.62025260925293 2.719999313354492
    endloop
  endfacet
  facet normal 0 0 1
    outer loop
      vertex 22.795543670654297 -6 2.719999313354492
      vertex 22.48733139038086 -6.635751724243164 2.719999313354492
      vertex 22.53559112548828 -6.809239387512207 2.719999313354492
    endloop
  endfacet
  facet normal 0 0 1
    outer loop
      vertex 22.43198013305664 -5.764124870300293 2.719999313354492
      vertex 22.811931610107422 -5.62025260925293 2.719999313354492
      vertex 22.452072143554688 -5.548819541931152 2.719999313354492
    endloop
  endfacet
  facet normal 0 0 1
    outer loop
      vertex 22.795543670654297 -6 2.719999313354492
      vertex 22.53559112548828 -6.809239387512207 2.719999313354492
      vertex 22.597639083862305 -6.963512420654297 2.719999313354492
    endloop
  endfacet
  facet normal 0 0 1
    outer loop
      vertex 22.811931610107422 -5.62025260925293 2.719999313354492
      vertex 22.43198013305664 -5.764124870300293 2.719999313354492
      vertex 22.799640655517578 -5.80029296875 2.719999313354492
    endloop
  endfacet
  facet normal 0 0 1
    outer loop
      vertex 22.795543670654297 -6 2.719999313354492
      vertex 22.673473358154297 -7.098569869995117 2.719999313354492
      vertex 22.763042449951172 -7.213565826416016 2.719999313354492
    endloop
  endfacet
  facet normal 0 0 1
    outer loop
      vertex 22.799640655517578 -5.80029296875 2.719999313354492
      vertex 22.43198013305664 -5.764124870300293 2.719999313354492
      vertex 22.42528533935547 -6 2.719999313354492
    endloop
  endfacet
  facet normal 0 0 1
    outer loop
      vertex 22.673473358154297 -7.098569869995117 2.719999313354492
      vertex 22.795543670654297 -6 2.719999313354492
      vertex 22.597639083862305 -6.963512420654297 2.719999313354492
    endloop
  endfacet
  facet normal 0 0 1
    outer loop
      vertex 24.35360336303711 -6.633201599121094 2.719999313354492
      vertex 23.97774887084961 -6.660053253173828 2.719999313354492
      vertex 24.304351806640625 -6.806519508361816 2.719999313354492
    endloop
  endfacet
  facet normal 0 0 1
    outer loop
      vertex 23.940113067626953 -6.782120704650879 2.719999313354492
      vertex 24.304351806640625 -6.806519508361816 2.719999313354492
      vertex 23.97774887084961 -6.660053253173828 2.719999313354492
    endloop
  endfacet
  facet normal 0 0 1
    outer loop
      vertex 24.304351806640625 -6.806519508361816 2.719999313354492
      vertex 23.940113067626953 -6.782120704650879 2.719999313354492
      vertex 24.24102783203125 -6.960962295532227 2.719999313354492
    endloop
  endfacet
  facet normal 0 0 1
    outer loop
      vertex 23.894115447998047 -6.887009620666504 2.719999313354492
      vertex 24.24102783203125 -6.960962295532227 2.719999313354492
      vertex 23.940113067626953 -6.782120704650879 2.719999313354492
    endloop
  endfacet
  facet normal 0 0 1
    outer loop
      vertex 24.24102783203125 -6.960962295532227 2.719999313354492
      vertex 23.894115447998047 -6.887009620666504 2.719999313354492
      vertex 24.16363525390625 -7.096529960632324 2.719999313354492
    endloop
  endfacet
  facet normal 0 0 1
    outer loop
      vertex 23.839130401611328 -6.975275039672852 2.719999313354492
      vertex 24.16363525390625 -7.096529960632324 2.719999313354492
      vertex 23.894115447998047 -6.887009620666504 2.719999313354492
    endloop
  endfacet
  facet normal 0 0 1
    outer loop
      vertex 24.16363525390625 -7.096529960632324 2.719999313354492
      vertex 23.839130401611328 -6.975275039672852 2.719999313354492
      vertex 24.07251739501953 -7.212148666381836 2.719999313354492
    endloop
  endfacet
  facet normal 0 0 1
    outer loop
      vertex 23.774538040161133 -7.047492980957031 2.719999313354492
      vertex 24.07251739501953 -7.212148666381836 2.719999313354492
      vertex 23.839130401611328 -6.975275039672852 2.719999313354492
    endloop
  endfacet
  facet normal 0 0 1
    outer loop
      vertex 24.07251739501953 -7.212148666381836 2.719999313354492
      vertex 23.774538040161133 -7.047492980957031 2.719999313354492
      vertex 23.968008041381836 -7.306746482849121 2.719999313354492
    endloop
  endfacet
  facet normal 0 0 1
    outer loop
      vertex 23.700336456298828 -7.103662490844727 2.719999313354492
      vertex 23.968008041381836 -7.306746482849121 2.719999313354492
      vertex 23.774538040161133 -7.047492980957031 2.719999313354492
    endloop
  endfacet
  facet normal 0 0 1
    outer loop
      vertex 23.968008041381836 -7.306746482849121 2.719999313354492
      vertex 23.700336456298828 -7.103662490844727 2.719999313354492
      vertex 23.85010528564453 -7.380322456359863 2.719999313354492
    endloop
  endfacet
  facet normal 0 0 1
    outer loop
      vertex 23.85010528564453 -7.380322456359863 2.719999313354492
      vertex 23.700336456298828 -7.103662490844727 2.719999313354492
      vertex 23.718807220458984 -7.4328765869140625 2.719999313354492
    endloop
  endfacet
  facet normal 0 0 1
    outer loop
      vertex 23.616527557373047 -7.143782615661621 2.719999313354492
      vertex 23.718807220458984 -7.4328765869140625 2.719999313354492
      vertex 23.700336456298828 -7.103662490844727 2.719999313354492
    endloop
  endfacet
  facet normal 0 0 1
    outer loop
      vertex 23.616527557373047 -7.143782615661621 2.719999313354492
      vertex 23.57411766052246 -7.464408874511719 2.719999313354492
      vertex 23.718807220458984 -7.4328765869140625 2.719999313354492
    endloop
  endfacet
  facet normal 0 0 1
    outer loop
      vertex 23.523109436035156 -7.167855262756348 2.719999313354492
      vertex 23.57411766052246 -7.464408874511719 2.719999313354492
      vertex 23.616527557373047 -7.143782615661621 2.719999313354492
    endloop
  endfacet
  facet normal 0 0 1
    outer loop
      vertex 23.416034698486328 -7.474919319152832 2.719999313354492
      vertex 23.523109436035156 -7.167855262756348 2.719999313354492
      vertex 23.420085906982422 -7.17587947845459 2.719999313354492
    endloop
  endfacet
  facet normal 0 0 1
    outer loop
      vertex 23.523109436035156 -7.167855262756348 2.719999313354492
      vertex 23.416034698486328 -7.474919319152832 2.719999313354492
      vertex 23.57411766052246 -7.464408874511719 2.719999313354492
    endloop
  endfacet
  facet normal 0 0 1
    outer loop
      vertex 23.31647300720215 -7.168024063110352 2.719999313354492
      vertex 23.416034698486328 -7.474919319152832 2.719999313354492
      vertex 23.420085906982422 -7.17587947845459 2.719999313354492
    endloop
  endfacet
  facet normal 0 0 1
    outer loop
      vertex 23.31647300720215 -7.168024063110352 2.719999313354492
      vertex 23.25808334350586 -7.464465141296387 2.719999313354492
      vertex 23.416034698486328 -7.474919319152832 2.719999313354492
    endloop
  endfacet
  facet normal 0 0 1
    outer loop
      vertex 23.222637176513672 -7.1444597244262695 2.719999313354492
      vertex 23.25808334350586 -7.464465141296387 2.719999313354492
      vertex 23.31647300720215 -7.168024063110352 2.719999313354492
    endloop
  endfacet
  facet normal 0 0 1
    outer loop
      vertex 23.113807678222656 -7.433102607727051 2.719999313354492
      vertex 23.222637176513672 -7.1444597244262695 2.719999313354492
      vertex 23.138580322265625 -7.105184555053711 2.719999313354492
    endloop
  endfacet
  facet normal 0 0 1
    outer loop
      vertex 23.222637176513672 -7.1444597244262695 2.719999313354492
      vertex 23.113807678222656 -7.433102607727051 2.719999313354492
      vertex 23.25808334350586 -7.464465141296387 2.719999313354492
    endloop
  endfacet
  facet normal 0 0 1
    outer loop
      vertex 22.866287231445312 -7.307652473449707 2.719999313354492
      vertex 23.138580322265625 -7.105184555053711 2.719999313354492
      vertex 23.06429672241211 -7.050199508666992 2.719999313354492
    endloop
  endfacet
  facet normal 0 0 1
    outer loop
      vertex 22.763042449951172 -7.213565826416016 2.719999313354492
      vertex 23.06429672241211 -7.050199508666992 2.719999313354492
      vertex 22.999794006347656 -6.979504585266113 2.719999313354492
    endloop
  endfacet
  facet normal 0 0 1
    outer loop
      vertex 23.138580322265625 -7.105184555053711 2.719999313354492
      vertex 22.98320960998535 -7.380831718444824 2.719999313354492
      vertex 23.113807678222656 -7.433102607727051 2.719999313354492
    endloop
  endfacet
  facet normal 0 0 1
    outer loop
      vertex 22.763042449951172 -7.213565826416016 2.719999313354492
      vertex 22.999794006347656 -6.979504585266113 2.719999313354492
      vertex 22.945064544677734 -6.893099784851074 2.719999313354492
    endloop
  endfacet
  facet normal 0 0 1
    outer loop
      vertex 22.763042449951172 -7.213565826416016 2.719999313354492
      vertex 22.945064544677734 -6.893099784851074 2.719999313354492
      vertex 22.899377822875977 -6.789741516113281 2.719999313354492
    endloop
  endfacet
  facet normal 0 0 1
    outer loop
      vertex 23.138580322265625 -7.105184555053711 2.719999313354492
      vertex 22.866287231445312 -7.307652473449707 2.719999313354492
      vertex 22.98320960998535 -7.380831718444824 2.719999313354492
    endloop
  endfacet
  facet normal 0 0 1
    outer loop
      vertex 22.763042449951172 -7.213565826416016 2.719999313354492
      vertex 22.899377822875977 -6.789741516113281 2.719999313354492
      vertex 22.861997604370117 -6.668186187744141 2.719999313354492
    endloop
  endfacet
  facet normal 0 0 1
    outer loop
      vertex 22.763042449951172 -7.213565826416016 2.719999313354492
      vertex 22.861997604370117 -6.668186187744141 2.719999313354492
      vertex 22.832923889160156 -6.528434753417969 2.719999313354492
    endloop
  endfacet
  facet normal 0 0 1
    outer loop
      vertex 22.763042449951172 -7.213565826416016 2.719999313354492
      vertex 22.832923889160156 -6.528434753417969 2.719999313354492
      vertex 22.812156677246094 -6.370486259460449 2.719999313354492
    endloop
  endfacet
  facet normal 0 0 1
    outer loop
      vertex 22.763042449951172 -7.213565826416016 2.719999313354492
      vertex 22.812156677246094 -6.370486259460449 2.719999313354492
      vertex 22.799697875976562 -6.194341659545898 2.719999313354492
    endloop
  endfacet
  facet normal 0 0 1
    outer loop
      vertex 23.06429672241211 -7.050199508666992 2.719999313354492
      vertex 22.763042449951172 -7.213565826416016 2.719999313354492
      vertex 22.866287231445312 -7.307652473449707 2.719999313354492
    endloop
  endfacet
  facet normal 0 0 1
    outer loop
      vertex 22.763042449951172 -7.213565826416016 2.719999313354492
      vertex 22.799697875976562 -6.194341659545898 2.719999313354492
      vertex 22.795543670654297 -6 2.719999313354492
    endloop
  endfacet
  facet normal 0 0 1
    outer loop
      vertex 20.992935180664062 -4.917719841003418 2.719999313354492
      vertex 21.361183166503906 -4.5677995681762695 2.719999313354492
      vertex 21.023475646972656 -4.5677995681762695 2.719999313354492
    endloop
  endfacet
  facet normal 0 0 1
    outer loop
      vertex 21.361183166503906 -7.122989654541016 2.719999313354492
      vertex 22.0589542388916 -7.434239387512207 2.719999313354492
      vertex 22.0589542388916 -7.122989654541016 2.719999313354492
    endloop
  endfacet
  facet normal 0 0 1
    outer loop
      vertex 21.361183166503906 -4.5677995681762695 2.719999313354492
      vertex 20.992935180664062 -4.917719841003418 2.719999313354492
      vertex 21.361183166503906 -7.122989654541016 2.719999313354492
    endloop
  endfacet
  facet normal 0 0 1
    outer loop
      vertex 20.992935180664062 -7.122989654541016 2.719999313354492
      vertex 21.361183166503906 -7.122989654541016 2.719999313354492
      vertex 20.992935180664062 -4.917719841003418 2.719999313354492
    endloop
  endfacet
  facet normal 0 0 1
    outer loop
      vertex 20.992935180664062 -7.122989654541016 2.719999313354492
      vertex 22.0589542388916 -7.434239387512207 2.719999313354492
      vertex 21.361183166503906 -7.122989654541016 2.719999313354492
    endloop
  endfacet
  facet normal 0 0 1
    outer loop
      vertex 20.262615203857422 -7.434239387512207 2.719999313354492
      vertex 20.992935180664062 -7.122989654541016 2.719999313354492
      vertex 20.262615203857422 -7.122989654541016 2.719999313354492
    endloop
  endfacet
  facet normal 0 0 1
    outer loop
      vertex 20.992935180664062 -7.122989654541016 2.719999313354492
      vertex 20.262615203857422 -7.434239387512207 2.719999313354492
      vertex 22.0589542388916 -7.434239387512207 2.719999313354492
    endloop
  endfacet
  facet normal 0 0 1
    outer loop
      vertex 20.34601593017578 -5.033669471740723 2.719999313354492
      vertex 20.992935180664062 -4.917719841003418 2.719999313354492
      vertex 21.023475646972656 -4.5677995681762695 2.719999313354492
    endloop
  endfacet
  facet normal 0 0 1
    outer loop
      vertex 20.992935180664062 -4.917719841003418 2.719999313354492
      vertex 20.34601593017578 -5.033669471740723 2.719999313354492
      vertex 20.34601593017578 -5.379509925842285 2.719999313354492
    endloop
  endfacet
  facet normal 0 0 1
    outer loop
      vertex 26.17078399658203 -6.496379852294922 2.719999313354492
      vertex 27.183914184570312 -6.785279273986816 2.719999313354492
      vertex 27.183914184570312 -6.496379852294922 2.719999313354492
    endloop
  endfacet
  facet normal 0 0 1
    outer loop
      vertex 25.83307456970215 -6.785279273986816 2.719999313354492
      vertex 26.17078399658203 -6.496379852294922 2.719999313354492
      vertex 25.83307456970215 -6.500459671020508 2.719999313354492
    endloop
  endfacet
  facet normal 0 0 1
    outer loop
      vertex 26.17078399658203 -6.496379852294922 2.719999313354492
      vertex 25.83307456970215 -6.785279273986816 2.719999313354492
      vertex 27.183914184570312 -6.785279273986816 2.719999313354492
    endloop
  endfacet
  facet normal 0 0 1
    outer loop
      vertex 27.183914184570312 -4.980779647827148 2.719999313354492
      vertex 27.529754638671875 -6.496379852294922 2.719999313354492
      vertex 27.529754638671875 -4.5677995681762695 2.719999313354492
    endloop
  endfacet
  facet normal 0 0 1
    outer loop
      vertex 27.183914184570312 -6.496379852294922 2.719999313354492
      vertex 27.529754638671875 -6.496379852294922 2.719999313354492
      vertex 27.183914184570312 -4.980779647827148 2.719999313354492
    endloop
  endfacet
  facet normal 0 0 1
    outer loop
      vertex 27.529754638671875 -6.496379852294922 2.719999313354492
      vertex 27.183914184570312 -6.496379852294922 2.719999313354492
      vertex 27.529754638671875 -6.785279273986816 2.719999313354492
    endloop
  endfacet
  facet normal 0 0 1
    outer loop
      vertex 27.183914184570312 -4.980779647827148 2.719999313354492
      vertex 27.175769805908203 -4.998186111450195 2.719999313354492
      vertex 27.181198120117188 -4.987166404724121 2.719999313354492
    endloop
  endfacet
  facet normal 0 0 1
    outer loop
      vertex 27.183914184570312 -4.980779647827148 2.719999313354492
      vertex 27.167633056640625 -5.0138397216796875 2.719999313354492
      vertex 27.175769805908203 -4.998186111450195 2.719999313354492
    endloop
  endfacet
  facet normal 0 0 1
    outer loop
      vertex 27.145244598388672 -4.5677995681762695 2.719999313354492
      vertex 27.167633056640625 -5.0138397216796875 2.719999313354492
      vertex 27.183914184570312 -4.980779647827148 2.719999313354492
    endloop
  endfacet
  facet normal 0 0 1
    outer loop
      vertex 27.145244598388672 -4.5677995681762695 2.719999313354492
      vertex 27.183914184570312 -4.980779647827148 2.719999313354492
      vertex 27.529754638671875 -4.5677995681762695 2.719999313354492
    endloop
  endfacet
  facet normal 0 0 1
    outer loop
      vertex 27.167633056640625 -5.0138397216796875 2.719999313354492
      vertex 27.145244598388672 -4.5677995681762695 2.719999313354492
      vertex 27.156780242919922 -5.034126281738281 2.719999313354492
    endloop
  endfacet
  facet normal 0 0 1
    outer loop
      vertex 27.145244598388672 -4.5677995681762695 2.719999313354492
      vertex 27.143218994140625 -5.059045791625977 2.719999313354492
      vertex 27.156780242919922 -5.034126281738281 2.719999313354492
    endloop
  endfacet
  facet normal 0 0 1
    outer loop
      vertex 27.145244598388672 -4.5677995681762695 2.719999313354492
      vertex 27.12694549560547 -5.08859920501709 2.719999313354492
      vertex 27.143218994140625 -5.059045791625977 2.719999313354492
    endloop
  endfacet
  facet normal 0 0 1
    outer loop
      vertex 27.145244598388672 -4.5677995681762695 2.719999313354492
      vertex 27.110048294067383 -5.118887901306152 2.719999313354492
      vertex 27.12694549560547 -5.08859920501709 2.719999313354492
    endloop
  endfacet
  facet normal 0 0 1
    outer loop
      vertex 27.145244598388672 -4.5677995681762695 2.719999313354492
      vertex 27.094621658325195 -5.146013259887695 2.719999313354492
      vertex 27.110048294067383 -5.118887901306152 2.719999313354492
    endloop
  endfacet
  facet normal 0 0 1
    outer loop
      vertex 27.145244598388672 -4.5677995681762695 2.719999313354492
      vertex 27.08066177368164 -5.169974327087402 2.719999313354492
      vertex 27.094621658325195 -5.146013259887695 2.719999313354492
    endloop
  endfacet
  facet normal 0 0 1
    outer loop
      vertex 27.145244598388672 -4.5677995681762695 2.719999313354492
      vertex 27.068172454833984 -5.190773010253906 2.719999313354492
      vertex 27.08066177368164 -5.169974327087402 2.719999313354492
    endloop
  endfacet
  facet normal 0 0 1
    outer loop
      vertex 27.145244598388672 -4.5677995681762695 2.719999313354492
      vertex 27.057147979736328 -5.208407402038574 2.719999313354492
      vertex 27.068172454833984 -5.190773010253906 2.719999313354492
    endloop
  endfacet
  facet normal 0 0 1
    outer loop
      vertex 27.145244598388672 -4.5677995681762695 2.719999313354492
      vertex 27.04759407043457 -5.222879409790039 2.719999313354492
      vertex 27.057147979736328 -5.208407402038574 2.719999313354492
    endloop
  endfacet
  facet normal 0 0 1
    outer loop
      vertex 25.83307456970215 -6.500459671020508 2.719999313354492
      vertex 27.04759407043457 -5.222879409790039 2.719999313354492
      vertex 27.145244598388672 -4.5677995681762695 2.719999313354492
    endloop
  endfacet
  facet normal 0 0 1
    outer loop
      vertex 27.04759407043457 -5.222879409790039 2.719999313354492
      vertex 25.83307456970215 -6.500459671020508 2.719999313354492
      vertex 26.313194274902344 -6.305159568786621 2.719999313354492
    endloop
  endfacet
  facet normal 0 0 1
    outer loop
      vertex 26.313194274902344 -6.305159568786621 2.719999313354492
      vertex 25.83307456970215 -6.500459671020508 2.719999313354492
      vertex 26.20333480834961 -6.455699920654297 2.719999313354492
    endloop
  endfacet
  facet normal 0 0 1
    outer loop
      vertex 26.20333480834961 -6.455699920654297 2.719999313354492
      vertex 25.83307456970215 -6.500459671020508 2.719999313354492
      vertex 26.17078399658203 -6.496379852294922 2.719999313354492
    endloop
  endfacet
  facet normal 0 0 1
    outer loop
      vertex 27.529754638671875 -6.496379852294922 2.719999313354492
      vertex 27.93256378173828 -6.785279273986816 2.719999313354492
      vertex 27.93256378173828 -6.496379852294922 2.719999313354492
    endloop
  endfacet
  facet normal 0 0 1
    outer loop
      vertex 27.93256378173828 -6.785279273986816 2.719999313354492
      vertex 27.529754638671875 -6.496379852294922 2.719999313354492
      vertex 27.529754638671875 -6.785279273986816 2.719999313354492
    endloop
  endfacet
  facet normal 0 0 1
    outer loop
      vertex 27.183914184570312 -6.785279273986816 2.719999313354492
      vertex 27.529754638671875 -6.785279273986816 2.719999313354492
      vertex 27.183914184570312 -6.496379852294922 2.719999313354492
    endloop
  endfacet
  facet normal 0 0 1
    outer loop
      vertex 27.529754638671875 -6.785279273986816 2.719999313354492
      vertex 27.183914184570312 -6.785279273986816 2.719999313354492
      vertex 27.529754638671875 -7.434239387512207 2.719999313354492
    endloop
  endfacet
  facet normal 0 0 1
    outer loop
      vertex 27.529754638671875 -7.434239387512207 2.719999313354492
      vertex 27.183914184570312 -6.785279273986816 2.719999313354492
      vertex 27.183914184570312 -7.434239387512207 2.719999313354492
    endloop
  endfacet
  facet normal 0 0 1
    outer loop
      vertex 24.960254669189453 -6.988709449768066 2.719999313354492
      vertex 25.356945037841797 -7.434239387512207 2.719999313354492
      vertex 25.356945037841797 -6.988709449768066 2.719999313354492
    endloop
  endfacet
  facet normal 0 0 1
    outer loop
      vertex 25.356945037841797 -7.434239387512207 2.719999313354492
      vertex 24.960254669189453 -6.988709449768066 2.719999313354492
      vertex 24.960254669189453 -7.434239387512207 2.719999313354492
    endloop
  endfacet
endsolid OpenSCAD_Model
