solid OpenSCAD_Model
  facet normal 0 -1 0
    outer loop
      vertex -5.59999942779541 5.59999942779541 0
      vertex 5.59999942779541 5.59999942779541 2
      vertex -5.59999942779541 5.59999942779541 2
    endloop
  endfacet
  facet normal 0 -1 0
    outer loop
      vertex 5.59999942779541 5.59999942779541 2
      vertex -5.59999942779541 5.59999942779541 0
      vertex 5.59999942779541 5.59999942779541 0
    endloop
  endfacet
  facet normal 0 1 0
    outer loop
      vertex 5.59999942779541 -5.59999942779541 0
      vertex -5.59999942779541 -5.59999942779541 2
      vertex 5.59999942779541 -5.59999942779541 2
    endloop
  endfacet
  facet normal 0 1 0
    outer loop
      vertex -5.59999942779541 -5.59999942779541 2
      vertex 5.59999942779541 -5.59999942779541 0
      vertex -5.59999942779541 -5.59999942779541 0
    endloop
  endfacet
  facet normal -1 0 0
    outer loop
      vertex 5.59999942779541 -5.59999942779541 0
      vertex 5.59999942779541 5.59999942779541 2
      vertex 5.59999942779541 5.59999942779541 0
    endloop
  endfacet
  facet normal -1 0 0
    outer loop
      vertex 5.59999942779541 5.59999942779541 2
      vertex 5.59999942779541 -5.59999942779541 0
      vertex 5.59999942779541 -5.59999942779541 2
    endloop
  endfacet
  facet normal 1 0 0
    outer loop
      vertex -5.59999942779541 -5.59999942779541 2
      vertex -5.59999942779541 5.59999942779541 0
      vertex -5.59999942779541 5.59999942779541 2
    endloop
  endfacet
  facet normal 1 0 0
    outer loop
      vertex -5.59999942779541 5.59999942779541 0
      vertex -5.59999942779541 -5.59999942779541 2
      vertex -5.59999942779541 -5.59999942779541 0
    endloop
  endfacet
  facet normal 0 -1 0
    outer loop
      vertex -7.59999942779541 7.59999942779541 2
      vertex 7.59999942779541 7.59999942779541 3.1999998092651367
      vertex -7.59999942779541 7.59999942779541 3.1999998092651367
    endloop
  endfacet
  facet normal 0 -1 0
    outer loop
      vertex 7.59999942779541 7.59999942779541 3.1999998092651367
      vertex -7.59999942779541 7.59999942779541 2
      vertex 7.59999942779541 7.59999942779541 2
    endloop
  endfacet
  facet normal 0 0 1
    outer loop
      vertex 7.59999942779541 7.59999942779541 2
      vertex 5.59999942779541 5.59999942779541 2
      vertex 7.59999942779541 -7.59999942779541 2
    endloop
  endfacet
  facet normal 0 0 1
    outer loop
      vertex 7.59999942779541 7.59999942779541 2
      vertex -5.59999942779541 5.59999942779541 2
      vertex 5.59999942779541 5.59999942779541 2
    endloop
  endfacet
  facet normal 0 0 1
    outer loop
      vertex -5.59999942779541 5.59999942779541 2
      vertex -7.59999942779541 7.59999942779541 2
      vertex -5.59999942779541 -5.59999942779541 2
    endloop
  endfacet
  facet normal 0 0 1
    outer loop
      vertex -7.59999942779541 7.59999942779541 2
      vertex -5.59999942779541 5.59999942779541 2
      vertex 7.59999942779541 7.59999942779541 2
    endloop
  endfacet
  facet normal 0 0 1
    outer loop
      vertex 5.59999942779541 -5.59999942779541 2
      vertex 7.59999942779541 -7.59999942779541 2
      vertex 5.59999942779541 5.59999942779541 2
    endloop
  endfacet
  facet normal 0 0 1
    outer loop
      vertex -5.59999942779541 -5.59999942779541 2
      vertex 7.59999942779541 -7.59999942779541 2
      vertex 5.59999942779541 -5.59999942779541 2
    endloop
  endfacet
  facet normal 0 0 1
    outer loop
      vertex -5.59999942779541 -5.59999942779541 2
      vertex -7.59999942779541 -7.59999942779541 2
      vertex 7.59999942779541 -7.59999942779541 2
    endloop
  endfacet
  facet normal 0 0 1
    outer loop
      vertex -7.59999942779541 -7.59999942779541 2
      vertex -5.59999942779541 -5.59999942779541 2
      vertex -7.59999942779541 7.59999942779541 2
    endloop
  endfacet
  facet normal 0 1 0
    outer loop
      vertex 7.59999942779541 -7.59999942779541 2
      vertex -7.59999942779541 -7.59999942779541 3.1999998092651367
      vertex 7.59999942779541 -7.59999942779541 3.1999998092651367
    endloop
  endfacet
  facet normal 0 1 0
    outer loop
      vertex -7.59999942779541 -7.59999942779541 3.1999998092651367
      vertex 7.59999942779541 -7.59999942779541 2
      vertex -7.59999942779541 -7.59999942779541 2
    endloop
  endfacet
  facet normal 1 0 0
    outer loop
      vertex -7.59999942779541 -7.59999942779541 3.1999998092651367
      vertex -7.59999942779541 7.59999942779541 2
      vertex -7.59999942779541 7.59999942779541 3.1999998092651367
    endloop
  endfacet
  facet normal 1 0 0
    outer loop
      vertex -7.59999942779541 7.59999942779541 2
      vertex -7.59999942779541 -7.59999942779541 3.1999998092651367
      vertex -7.59999942779541 -7.59999942779541 2
    endloop
  endfacet
  facet normal -1 0 0
    outer loop
      vertex 7.59999942779541 -7.59999942779541 2
      vertex 7.59999942779541 7.59999942779541 3.1999998092651367
      vertex 7.59999942779541 7.59999942779541 2
    endloop
  endfacet
  facet normal -1 0 0
    outer loop
      vertex 7.59999942779541 7.59999942779541 3.1999998092651367
      vertex 7.59999942779541 -7.59999942779541 2
      vertex 7.59999942779541 -7.59999942779541 3.1999998092651367
    endloop
  endfacet
  facet normal -0.9986297274365881 -0.05233227952159028 0
    outer loop
      vertex -24.400001525878906 -21 0
      vertex -24.40876579284668 -20.83275604248047 1.6999998092651367
      vertex -24.40876579284668 -20.83275604248047 0
    endloop
  endfacet
  facet normal -0.9986297274365881 -0.05233227952159028 0
    outer loop
      vertex -24.40876579284668 -20.83275604248047 1.6999998092651367
      vertex -24.400001525878906 -21 0
      vertex -24.400001525878906 -21 1.6999998092651367
    endloop
  endfacet
  facet normal 0.777147259680405 -0.6293187878740293 0
    outer loop
      vertex -27.29442596435547 -20.05954360961914 1.6999998092651367
      vertex -27.18903160095215 -19.929391860961914 0
      vertex -27.18903160095215 -19.929391860961914 1.6999998092651367
    endloop
  endfacet
  facet normal 0.777147259680405 -0.6293187878740293 0
    outer loop
      vertex -27.18903160095215 -19.929391860961914 0
      vertex -27.29442596435547 -20.05954360961914 1.6999998092651367
      vertex -27.29442596435547 -20.05954360961914 0
    endloop
  endfacet
  facet normal 0.05233227952159028 -0.9986297274365881 0
    outer loop
      vertex -26.16724395751953 -19.40876579284668 0
      vertex -26 -19.400001525878906 1.6999998092651367
      vertex -26.16724395751953 -19.40876579284668 1.6999998092651367
    endloop
  endfacet
  facet normal 0.05233227952159028 -0.9986297274365881 0
    outer loop
      vertex -26 -19.400001525878906 1.6999998092651367
      vertex -26.16724395751953 -19.40876579284668 0
      vertex -26 -19.400001525878906 0
    endloop
  endfacet
  facet normal 0.5446360297552559 0.8386725195762839 0
    outer loop
      vertex -26.799999237060547 -22.385639190673828 0
      vertex -26.94045639038086 -22.29442596435547 1.6999998092651367
      vertex -26.799999237060547 -22.385639190673828 1.6999998092651367
    endloop
  endfacet
  facet normal 0.5446360297552559 0.8386725195762839 0
    outer loop
      vertex -26.94045639038086 -22.29442596435547 1.6999998092651367
      vertex -26.799999237060547 -22.385639190673828 0
      vertex -26.94045639038086 -22.29442596435547 0
    endloop
  endfacet
  facet normal 0.25882071541257184 -0.9659253787292911 0
    outer loop
      vertex -26.494426727294922 -19.478309631347656 0
      vertex -26.332656860351562 -19.43496322631836 1.6999998092651367
      vertex -26.494426727294922 -19.478309631347656 1.6999998092651367
    endloop
  endfacet
  facet normal 0.25882071541257184 -0.9659253787292911 0
    outer loop
      vertex -26.332656860351562 -19.43496322631836 1.6999998092651367
      vertex -26.494426727294922 -19.478309631347656 0
      vertex -26.332656860351562 -19.43496322631836 0
    endloop
  endfacet
  facet normal 0.777147259680405 0.6293187878740293 0
    outer loop
      vertex -27.18903160095215 -22.070608139038086 1.6999998092651367
      vertex -27.29442596435547 -21.94045639038086 0
      vertex -27.29442596435547 -21.94045639038086 1.6999998092651367
    endloop
  endfacet
  facet normal 0.777147259680405 0.6293187878740293 0
    outer loop
      vertex -27.29442596435547 -21.94045639038086 0
      vertex -27.18903160095215 -22.070608139038086 1.6999998092651367
      vertex -27.18903160095215 -22.070608139038086 0
    endloop
  endfacet
  facet normal 0.9986297274365881 0.05233227952159028 0
    outer loop
      vertex -27.59123420715332 -21.16724395751953 1.6999998092651367
      vertex -27.599998474121094 -21 0
      vertex -27.599998474121094 -21 1.6999998092651367
    endloop
  endfacet
  facet normal 0.9986297274365881 0.05233227952159028 0
    outer loop
      vertex -27.599998474121094 -21 0
      vertex -27.59123420715332 -21.16724395751953 1.6999998092651367
      vertex -27.59123420715332 -21.16724395751953 0
    endloop
  endfacet
  facet normal 0.7071067811865476 0.7071067811865476 0
    outer loop
      vertex -27.070608139038086 -22.18903160095215 1.6999998092651367
      vertex -27.18903160095215 -22.070608139038086 0
      vertex -27.18903160095215 -22.070608139038086 1.6999998092651367
    endloop
  endfacet
  facet normal 0.7071067811865476 0.7071067811865476 0
    outer loop
      vertex -27.18903160095215 -22.070608139038086 0
      vertex -27.070608139038086 -22.18903160095215 1.6999998092651367
      vertex -27.070608139038086 -22.18903160095215 0
    endloop
  endfacet
  facet normal -0.6293187878740293 -0.777147259680405 0
    outer loop
      vertex -25.05954360961914 -19.70557403564453 0
      vertex -24.929391860961914 -19.81096839904785 1.6999998092651367
      vertex -25.05954360961914 -19.70557403564453 1.6999998092651367
    endloop
  endfacet
  facet normal -0.6293187878740293 -0.777147259680405 0
    outer loop
      vertex -24.929391860961914 -19.81096839904785 1.6999998092651367
      vertex -25.05954360961914 -19.70557403564453 0
      vertex -24.929391860961914 -19.81096839904785 0
    endloop
  endfacet
  facet normal -0.7071067811865476 0.7071067811865476 0
    outer loop
      vertex -24.929391860961914 -22.18903160095215 0
      vertex -24.81096839904785 -22.070608139038086 1.6999998092651367
      vertex -24.81096839904785 -22.070608139038086 0
    endloop
  endfacet
  facet normal -0.7071067811865476 0.7071067811865476 0
    outer loop
      vertex -24.81096839904785 -22.070608139038086 1.6999998092651367
      vertex -24.929391860961914 -22.18903160095215 0
      vertex -24.929391860961914 -22.18903160095215 1.6999998092651367
    endloop
  endfacet
  facet normal -0.6293187878740293 0.777147259680405 0
    outer loop
      vertex -24.929391860961914 -22.18903160095215 0
      vertex -25.05954360961914 -22.29442596435547 1.6999998092651367
      vertex -24.929391860961914 -22.18903160095215 1.6999998092651367
    endloop
  endfacet
  facet normal -0.6293187878740293 0.777147259680405 0
    outer loop
      vertex -25.05954360961914 -22.29442596435547 1.6999998092651367
      vertex -24.929391860961914 -22.18903160095215 0
      vertex -25.05954360961914 -22.29442596435547 0
    endloop
  endfacet
  facet normal 0.25882071541257184 0.9659253787292911 0
    outer loop
      vertex -26.332656860351562 -22.56503677368164 0
      vertex -26.494426727294922 -22.521690368652344 1.6999998092651367
      vertex -26.332656860351562 -22.56503677368164 1.6999998092651367
    endloop
  endfacet
  facet normal 0.25882071541257184 0.9659253787292911 0
    outer loop
      vertex -26.494426727294922 -22.521690368652344 1.6999998092651367
      vertex -26.332656860351562 -22.56503677368164 0
      vertex -26.494426727294922 -22.521690368652344 0
    endloop
  endfacet
  facet normal -0.9986297274365881 0.05233227952159028 0
    outer loop
      vertex -24.40876579284668 -21.16724395751953 0
      vertex -24.400001525878906 -21 1.6999998092651367
      vertex -24.400001525878906 -21 0
    endloop
  endfacet
  facet normal -0.9986297274365881 0.05233227952159028 0
    outer loop
      vertex -24.400001525878906 -21 1.6999998092651367
      vertex -24.40876579284668 -21.16724395751953 0
      vertex -24.40876579284668 -21.16724395751953 1.6999998092651367
    endloop
  endfacet
  facet normal -0.933578470053954 -0.35837304621262817 0
    outer loop
      vertex -24.478309631347656 -20.505573272705078 0
      vertex -24.538328170776367 -20.34922218322754 1.6999998092651367
      vertex -24.538328170776367 -20.34922218322754 0
    endloop
  endfacet
  facet normal -0.933578470053954 -0.35837304621262817 0
    outer loop
      vertex -24.538328170776367 -20.34922218322754 1.6999998092651367
      vertex -24.478309631347656 -20.505573272705078 0
      vertex -24.478309631347656 -20.505573272705078 1.6999998092651367
    endloop
  endfacet
  facet normal 0.9659253787292911 -0.25882071541257184 0
    outer loop
      vertex -27.56503677368164 -20.667343139648438 1.6999998092651367
      vertex -27.521690368652344 -20.505573272705078 0
      vertex -27.521690368652344 -20.505573272705078 1.6999998092651367
    endloop
  endfacet
  facet normal 0.9659253787292911 -0.25882071541257184 0
    outer loop
      vertex -27.521690368652344 -20.505573272705078 0
      vertex -27.56503677368164 -20.667343139648438 1.6999998092651367
      vertex -27.56503677368164 -20.667343139648438 0
    endloop
  endfacet
  facet normal 0.5446360297552559 -0.8386725195762839 0
    outer loop
      vertex -26.94045639038086 -19.70557403564453 0
      vertex -26.799999237060547 -19.614360809326172 1.6999998092651367
      vertex -26.94045639038086 -19.70557403564453 1.6999998092651367
    endloop
  endfacet
  facet normal 0.5446360297552559 -0.8386725195762839 0
    outer loop
      vertex -26.799999237060547 -19.614360809326172 1.6999998092651367
      vertex -26.94045639038086 -19.70557403564453 0
      vertex -26.799999237060547 -19.614360809326172 0
    endloop
  endfacet
  facet normal 0.9986297274365881 -0.05233227952159028 0
    outer loop
      vertex -27.599998474121094 -21 1.6999998092651367
      vertex -27.59123420715332 -20.83275604248047 0
      vertex -27.59123420715332 -20.83275604248047 1.6999998092651367
    endloop
  endfacet
  facet normal 0.9986297274365881 -0.05233227952159028 0
    outer loop
      vertex -27.59123420715332 -20.83275604248047 0
      vertex -27.599998474121094 -21 1.6999998092651367
      vertex -27.599998474121094 -21 0
    endloop
  endfacet
  facet normal 0.35837304621262817 0.933578470053954 0
    outer loop
      vertex -26.494426727294922 -22.521690368652344 0
      vertex -26.65077781677246 -22.461671829223633 1.6999998092651367
      vertex -26.494426727294922 -22.521690368652344 1.6999998092651367
    endloop
  endfacet
  facet normal 0.35837304621262817 0.933578470053954 0
    outer loop
      vertex -26.65077781677246 -22.461671829223633 1.6999998092651367
      vertex -26.494426727294922 -22.521690368652344 0
      vertex -26.65077781677246 -22.461671829223633 0
    endloop
  endfacet
  facet normal 0.35837304621262817 -0.933578470053954 0
    outer loop
      vertex -26.65077781677246 -19.538328170776367 0
      vertex -26.494426727294922 -19.478309631347656 1.6999998092651367
      vertex -26.65077781677246 -19.538328170776367 1.6999998092651367
    endloop
  endfacet
  facet normal 0.35837304621262817 -0.933578470053954 0
    outer loop
      vertex -26.494426727294922 -19.478309631347656 1.6999998092651367
      vertex -26.65077781677246 -19.538328170776367 0
      vertex -26.494426727294922 -19.478309631347656 0
    endloop
  endfacet
  facet normal -0.9876896290036873 -0.15642633013197782 0
    outer loop
      vertex -24.40876579284668 -20.83275604248047 0
      vertex -24.43496322631836 -20.667343139648438 1.6999998092651367
      vertex -24.43496322631836 -20.667343139648438 0
    endloop
  endfacet
  facet normal -0.9876896290036873 -0.15642633013197782 0
    outer loop
      vertex -24.43496322631836 -20.667343139648438 1.6999998092651367
      vertex -24.40876579284668 -20.83275604248047 0
      vertex -24.40876579284668 -20.83275604248047 1.6999998092651367
    endloop
  endfacet
  facet normal -0.9659253787292911 -0.25882071541257184 0
    outer loop
      vertex -24.43496322631836 -20.667343139648438 0
      vertex -24.478309631347656 -20.505573272705078 1.6999998092651367
      vertex -24.478309631347656 -20.505573272705078 0
    endloop
  endfacet
  facet normal -0.9659253787292911 -0.25882071541257184 0
    outer loop
      vertex -24.478309631347656 -20.505573272705078 1.6999998092651367
      vertex -24.43496322631836 -20.667343139648438 0
      vertex -24.43496322631836 -20.667343139648438 1.6999998092651367
    endloop
  endfacet
  facet normal 0.6293187878740293 0.777147259680405 0
    outer loop
      vertex -26.94045639038086 -22.29442596435547 0
      vertex -27.070608139038086 -22.18903160095215 1.6999998092651367
      vertex -26.94045639038086 -22.29442596435547 1.6999998092651367
    endloop
  endfacet
  facet normal 0.6293187878740293 0.777147259680405 0
    outer loop
      vertex -27.070608139038086 -22.18903160095215 1.6999998092651367
      vertex -26.94045639038086 -22.29442596435547 0
      vertex -27.070608139038086 -22.18903160095215 0
    endloop
  endfacet
  facet normal -0.25882071541257184 0.9659253787292911 0
    outer loop
      vertex -25.505573272705078 -22.521690368652344 0
      vertex -25.667343139648438 -22.56503677368164 1.6999998092651367
      vertex -25.505573272705078 -22.521690368652344 1.6999998092651367
    endloop
  endfacet
  facet normal -0.25882071541257184 0.9659253787292911 0
    outer loop
      vertex -25.667343139648438 -22.56503677368164 1.6999998092651367
      vertex -25.505573272705078 -22.521690368652344 0
      vertex -25.667343139648438 -22.56503677368164 0
    endloop
  endfacet
  facet normal -0.5446360297552559 -0.8386725195762839 0
    outer loop
      vertex -25.200000762939453 -19.614360809326172 0
      vertex -25.05954360961914 -19.70557403564453 1.6999998092651367
      vertex -25.200000762939453 -19.614360809326172 1.6999998092651367
    endloop
  endfacet
  facet normal -0.5446360297552559 -0.8386725195762839 0
    outer loop
      vertex -25.05954360961914 -19.70557403564453 1.6999998092651367
      vertex -25.200000762939453 -19.614360809326172 0
      vertex -25.05954360961914 -19.70557403564453 0
    endloop
  endfacet
  facet normal -0.8386725195762839 0.5446360297552559 0
    outer loop
      vertex -24.70557403564453 -21.94045639038086 0
      vertex -24.614360809326172 -21.799999237060547 1.6999998092651367
      vertex -24.614360809326172 -21.799999237060547 0
    endloop
  endfacet
  facet normal -0.8386725195762839 0.5446360297552559 0
    outer loop
      vertex -24.614360809326172 -21.799999237060547 1.6999998092651367
      vertex -24.70557403564453 -21.94045639038086 0
      vertex -24.70557403564453 -21.94045639038086 1.6999998092651367
    endloop
  endfacet
  facet normal -0.35837304621262817 0.933578470053954 0
    outer loop
      vertex -25.34922218322754 -22.461671829223633 0
      vertex -25.505573272705078 -22.521690368652344 1.6999998092651367
      vertex -25.34922218322754 -22.461671829223633 1.6999998092651367
    endloop
  endfacet
  facet normal -0.35837304621262817 0.933578470053954 0
    outer loop
      vertex -25.505573272705078 -22.521690368652344 1.6999998092651367
      vertex -25.34922218322754 -22.461671829223633 0
      vertex -25.505573272705078 -22.521690368652344 0
    endloop
  endfacet
  facet normal 0.45399299934266624 -0.8910052505725483 0
    outer loop
      vertex -26.799999237060547 -19.614360809326172 0
      vertex -26.65077781677246 -19.538328170776367 1.6999998092651367
      vertex -26.799999237060547 -19.614360809326172 1.6999998092651367
    endloop
  endfacet
  facet normal 0.45399299934266624 -0.8910052505725483 0
    outer loop
      vertex -26.65077781677246 -19.538328170776367 1.6999998092651367
      vertex -26.799999237060547 -19.614360809326172 0
      vertex -26.65077781677246 -19.538328170776367 0
    endloop
  endfacet
  facet normal 0.45399299934266624 0.8910052505725483 0
    outer loop
      vertex -26.65077781677246 -22.461671829223633 0
      vertex -26.799999237060547 -22.385639190673828 1.6999998092651367
      vertex -26.65077781677246 -22.461671829223633 1.6999998092651367
    endloop
  endfacet
  facet normal 0.45399299934266624 0.8910052505725483 0
    outer loop
      vertex -26.799999237060547 -22.385639190673828 1.6999998092651367
      vertex -26.65077781677246 -22.461671829223633 0
      vertex -26.799999237060547 -22.385639190673828 0
    endloop
  endfacet
  facet normal 0.8386725195762839 -0.5446360297552559 0
    outer loop
      vertex -27.385639190673828 -20.200000762939453 1.6999998092651367
      vertex -27.29442596435547 -20.05954360961914 0
      vertex -27.29442596435547 -20.05954360961914 1.6999998092651367
    endloop
  endfacet
  facet normal 0.8386725195762839 -0.5446360297552559 0
    outer loop
      vertex -27.29442596435547 -20.05954360961914 0
      vertex -27.385639190673828 -20.200000762939453 1.6999998092651367
      vertex -27.385639190673828 -20.200000762939453 0
    endloop
  endfacet
  facet normal -0.777147259680405 -0.6293187878740293 0
    outer loop
      vertex -24.70557403564453 -20.05954360961914 0
      vertex -24.81096839904785 -19.929391860961914 1.6999998092651367
      vertex -24.81096839904785 -19.929391860961914 0
    endloop
  endfacet
  facet normal -0.777147259680405 -0.6293187878740293 0
    outer loop
      vertex -24.81096839904785 -19.929391860961914 1.6999998092651367
      vertex -24.70557403564453 -20.05954360961914 0
      vertex -24.70557403564453 -20.05954360961914 1.6999998092651367
    endloop
  endfacet
  facet normal -0.8386725195762839 -0.5446360297552559 0
    outer loop
      vertex -24.614360809326172 -20.200000762939453 0
      vertex -24.70557403564453 -20.05954360961914 1.6999998092651367
      vertex -24.70557403564453 -20.05954360961914 0
    endloop
  endfacet
  facet normal -0.8386725195762839 -0.5446360297552559 0
    outer loop
      vertex -24.70557403564453 -20.05954360961914 1.6999998092651367
      vertex -24.614360809326172 -20.200000762939453 0
      vertex -24.614360809326172 -20.200000762939453 1.6999998092651367
    endloop
  endfacet
  facet normal -0.05233227952159028 -0.9986297274365881 0
    outer loop
      vertex -26 -19.400001525878906 0
      vertex -25.83275604248047 -19.40876579284668 1.6999998092651367
      vertex -26 -19.400001525878906 1.6999998092651367
    endloop
  endfacet
  facet normal -0.05233227952159028 -0.9986297274365881 0
    outer loop
      vertex -25.83275604248047 -19.40876579284668 1.6999998092651367
      vertex -26 -19.400001525878906 0
      vertex -25.83275604248047 -19.40876579284668 0
    endloop
  endfacet
  facet normal 0.933578470053954 -0.35837304621262817 0
    outer loop
      vertex -27.521690368652344 -20.505573272705078 1.6999998092651367
      vertex -27.461671829223633 -20.34922218322754 0
      vertex -27.461671829223633 -20.34922218322754 1.6999998092651367
    endloop
  endfacet
  facet normal 0.933578470053954 -0.35837304621262817 0
    outer loop
      vertex -27.461671829223633 -20.34922218322754 0
      vertex -27.521690368652344 -20.505573272705078 1.6999998092651367
      vertex -27.521690368652344 -20.505573272705078 0
    endloop
  endfacet
  facet normal -0.25882071541257184 -0.9659253787292911 0
    outer loop
      vertex -25.667343139648438 -19.43496322631836 0
      vertex -25.505573272705078 -19.478309631347656 1.6999998092651367
      vertex -25.667343139648438 -19.43496322631836 1.6999998092651367
    endloop
  endfacet
  facet normal -0.25882071541257184 -0.9659253787292911 0
    outer loop
      vertex -25.505573272705078 -19.478309631347656 1.6999998092651367
      vertex -25.667343139648438 -19.43496322631836 0
      vertex -25.505573272705078 -19.478309631347656 0
    endloop
  endfacet
  facet normal 0.9659253787292911 0.25882071541257184 0
    outer loop
      vertex -27.521690368652344 -21.494426727294922 1.6999998092651367
      vertex -27.56503677368164 -21.332656860351562 0
      vertex -27.56503677368164 -21.332656860351562 1.6999998092651367
    endloop
  endfacet
  facet normal 0.9659253787292911 0.25882071541257184 0
    outer loop
      vertex -27.56503677368164 -21.332656860351562 0
      vertex -27.521690368652344 -21.494426727294922 1.6999998092651367
      vertex -27.521690368652344 -21.494426727294922 0
    endloop
  endfacet
  facet normal 0.8910052505725483 0.45399299934266624 0
    outer loop
      vertex -27.385639190673828 -21.799999237060547 1.6999998092651367
      vertex -27.461671829223633 -21.65077781677246 0
      vertex -27.461671829223633 -21.65077781677246 1.6999998092651367
    endloop
  endfacet
  facet normal 0.8910052505725483 0.45399299934266624 0
    outer loop
      vertex -27.461671829223633 -21.65077781677246 0
      vertex -27.385639190673828 -21.799999237060547 1.6999998092651367
      vertex -27.385639190673828 -21.799999237060547 0
    endloop
  endfacet
  facet normal -0.8910052505725483 -0.45399299934266624 0
    outer loop
      vertex -24.538328170776367 -20.34922218322754 0
      vertex -24.614360809326172 -20.200000762939453 1.6999998092651367
      vertex -24.614360809326172 -20.200000762939453 0
    endloop
  endfacet
  facet normal -0.8910052505725483 -0.45399299934266624 0
    outer loop
      vertex -24.614360809326172 -20.200000762939453 1.6999998092651367
      vertex -24.538328170776367 -20.34922218322754 0
      vertex -24.538328170776367 -20.34922218322754 1.6999998092651367
    endloop
  endfacet
  facet normal 0.7071067811865476 -0.7071067811865476 0
    outer loop
      vertex -27.18903160095215 -19.929391860961914 1.6999998092651367
      vertex -27.070608139038086 -19.81096839904785 0
      vertex -27.070608139038086 -19.81096839904785 1.6999998092651367
    endloop
  endfacet
  facet normal 0.7071067811865476 -0.7071067811865476 0
    outer loop
      vertex -27.070608139038086 -19.81096839904785 0
      vertex -27.18903160095215 -19.929391860961914 1.6999998092651367
      vertex -27.18903160095215 -19.929391860961914 0
    endloop
  endfacet
  facet normal 0.9876896290036873 0.15642633013197782 0
    outer loop
      vertex -27.56503677368164 -21.332656860351562 1.6999998092651367
      vertex -27.59123420715332 -21.16724395751953 0
      vertex -27.59123420715332 -21.16724395751953 1.6999998092651367
    endloop
  endfacet
  facet normal 0.9876896290036873 0.15642633013197782 0
    outer loop
      vertex -27.59123420715332 -21.16724395751953 0
      vertex -27.56503677368164 -21.332656860351562 1.6999998092651367
      vertex -27.56503677368164 -21.332656860351562 0
    endloop
  endfacet
  facet normal -0.777147259680405 0.6293187878740293 0
    outer loop
      vertex -24.81096839904785 -22.070608139038086 0
      vertex -24.70557403564453 -21.94045639038086 1.6999998092651367
      vertex -24.70557403564453 -21.94045639038086 0
    endloop
  endfacet
  facet normal -0.777147259680405 0.6293187878740293 0
    outer loop
      vertex -24.70557403564453 -21.94045639038086 1.6999998092651367
      vertex -24.81096839904785 -22.070608139038086 0
      vertex -24.81096839904785 -22.070608139038086 1.6999998092651367
    endloop
  endfacet
  facet normal 0.8910052505725483 -0.45399299934266624 0
    outer loop
      vertex -27.461671829223633 -20.34922218322754 1.6999998092651367
      vertex -27.385639190673828 -20.200000762939453 0
      vertex -27.385639190673828 -20.200000762939453 1.6999998092651367
    endloop
  endfacet
  facet normal 0.8910052505725483 -0.45399299934266624 0
    outer loop
      vertex -27.385639190673828 -20.200000762939453 0
      vertex -27.461671829223633 -20.34922218322754 1.6999998092651367
      vertex -27.461671829223633 -20.34922218322754 0
    endloop
  endfacet
  facet normal 0.15642633013197782 -0.9876896290036873 0
    outer loop
      vertex -26.332656860351562 -19.43496322631836 0
      vertex -26.16724395751953 -19.40876579284668 1.6999998092651367
      vertex -26.332656860351562 -19.43496322631836 1.6999998092651367
    endloop
  endfacet
  facet normal 0.15642633013197782 -0.9876896290036873 0
    outer loop
      vertex -26.16724395751953 -19.40876579284668 1.6999998092651367
      vertex -26.332656860351562 -19.43496322631836 0
      vertex -26.16724395751953 -19.40876579284668 0
    endloop
  endfacet
  facet normal 0.9876896290036873 -0.15642633013197782 0
    outer loop
      vertex -27.59123420715332 -20.83275604248047 1.6999998092651367
      vertex -27.56503677368164 -20.667343139648438 0
      vertex -27.56503677368164 -20.667343139648438 1.6999998092651367
    endloop
  endfacet
  facet normal 0.9876896290036873 -0.15642633013197782 0
    outer loop
      vertex -27.56503677368164 -20.667343139648438 0
      vertex -27.59123420715332 -20.83275604248047 1.6999998092651367
      vertex -27.59123420715332 -20.83275604248047 0
    endloop
  endfacet
  facet normal -0.45399299934266624 0.8910052505725483 0
    outer loop
      vertex -25.200000762939453 -22.385639190673828 0
      vertex -25.34922218322754 -22.461671829223633 1.6999998092651367
      vertex -25.200000762939453 -22.385639190673828 1.6999998092651367
    endloop
  endfacet
  facet normal -0.45399299934266624 0.8910052505725483 0
    outer loop
      vertex -25.34922218322754 -22.461671829223633 1.6999998092651367
      vertex -25.200000762939453 -22.385639190673828 0
      vertex -25.34922218322754 -22.461671829223633 0
    endloop
  endfacet
  facet normal -0.15642633013197782 -0.9876896290036873 0
    outer loop
      vertex -25.83275604248047 -19.40876579284668 0
      vertex -25.667343139648438 -19.43496322631836 1.6999998092651367
      vertex -25.83275604248047 -19.40876579284668 1.6999998092651367
    endloop
  endfacet
  facet normal -0.15642633013197782 -0.9876896290036873 0
    outer loop
      vertex -25.667343139648438 -19.43496322631836 1.6999998092651367
      vertex -25.83275604248047 -19.40876579284668 0
      vertex -25.667343139648438 -19.43496322631836 0
    endloop
  endfacet
  facet normal -0.35837304621262817 -0.933578470053954 0
    outer loop
      vertex -25.505573272705078 -19.478309631347656 0
      vertex -25.34922218322754 -19.538328170776367 1.6999998092651367
      vertex -25.505573272705078 -19.478309631347656 1.6999998092651367
    endloop
  endfacet
  facet normal -0.35837304621262817 -0.933578470053954 0
    outer loop
      vertex -25.34922218322754 -19.538328170776367 1.6999998092651367
      vertex -25.505573272705078 -19.478309631347656 0
      vertex -25.34922218322754 -19.538328170776367 0
    endloop
  endfacet
  facet normal -0.45399299934266624 -0.8910052505725483 0
    outer loop
      vertex -25.34922218322754 -19.538328170776367 0
      vertex -25.200000762939453 -19.614360809326172 1.6999998092651367
      vertex -25.34922218322754 -19.538328170776367 1.6999998092651367
    endloop
  endfacet
  facet normal -0.45399299934266624 -0.8910052505725483 0
    outer loop
      vertex -25.200000762939453 -19.614360809326172 1.6999998092651367
      vertex -25.34922218322754 -19.538328170776367 0
      vertex -25.200000762939453 -19.614360809326172 0
    endloop
  endfacet
  facet normal 0.15642633013197782 0.9876896290036873 0
    outer loop
      vertex -26.16724395751953 -22.59123420715332 0
      vertex -26.332656860351562 -22.56503677368164 1.6999998092651367
      vertex -26.16724395751953 -22.59123420715332 1.6999998092651367
    endloop
  endfacet
  facet normal 0.15642633013197782 0.9876896290036873 0
    outer loop
      vertex -26.332656860351562 -22.56503677368164 1.6999998092651367
      vertex -26.16724395751953 -22.59123420715332 0
      vertex -26.332656860351562 -22.56503677368164 0
    endloop
  endfacet
  facet normal -0.5446360297552559 0.8386725195762839 0
    outer loop
      vertex -25.05954360961914 -22.29442596435547 0
      vertex -25.200000762939453 -22.385639190673828 1.6999998092651367
      vertex -25.05954360961914 -22.29442596435547 1.6999998092651367
    endloop
  endfacet
  facet normal -0.5446360297552559 0.8386725195762839 0
    outer loop
      vertex -25.200000762939453 -22.385639190673828 1.6999998092651367
      vertex -25.05954360961914 -22.29442596435547 0
      vertex -25.200000762939453 -22.385639190673828 0
    endloop
  endfacet
  facet normal -0.9876896290036873 0.15642633013197782 0
    outer loop
      vertex -24.43496322631836 -21.332656860351562 0
      vertex -24.40876579284668 -21.16724395751953 1.6999998092651367
      vertex -24.40876579284668 -21.16724395751953 0
    endloop
  endfacet
  facet normal -0.9876896290036873 0.15642633013197782 0
    outer loop
      vertex -24.40876579284668 -21.16724395751953 1.6999998092651367
      vertex -24.43496322631836 -21.332656860351562 0
      vertex -24.43496322631836 -21.332656860351562 1.6999998092651367
    endloop
  endfacet
  facet normal -0.9659253787292911 0.25882071541257184 0
    outer loop
      vertex -24.478309631347656 -21.494426727294922 0
      vertex -24.43496322631836 -21.332656860351562 1.6999998092651367
      vertex -24.43496322631836 -21.332656860351562 0
    endloop
  endfacet
  facet normal -0.9659253787292911 0.25882071541257184 0
    outer loop
      vertex -24.43496322631836 -21.332656860351562 1.6999998092651367
      vertex -24.478309631347656 -21.494426727294922 0
      vertex -24.478309631347656 -21.494426727294922 1.6999998092651367
    endloop
  endfacet
  facet normal 0.05233227952159028 0.9986297274365881 0
    outer loop
      vertex -26 -22.599998474121094 0
      vertex -26.16724395751953 -22.59123420715332 1.6999998092651367
      vertex -26 -22.599998474121094 1.6999998092651367
    endloop
  endfacet
  facet normal 0.05233227952159028 0.9986297274365881 0
    outer loop
      vertex -26.16724395751953 -22.59123420715332 1.6999998092651367
      vertex -26 -22.599998474121094 0
      vertex -26.16724395751953 -22.59123420715332 0
    endloop
  endfacet
  facet normal 0.6293187878740293 -0.777147259680405 0
    outer loop
      vertex -27.070608139038086 -19.81096839904785 0
      vertex -26.94045639038086 -19.70557403564453 1.6999998092651367
      vertex -27.070608139038086 -19.81096839904785 1.6999998092651367
    endloop
  endfacet
  facet normal 0.6293187878740293 -0.777147259680405 0
    outer loop
      vertex -26.94045639038086 -19.70557403564453 1.6999998092651367
      vertex -27.070608139038086 -19.81096839904785 0
      vertex -26.94045639038086 -19.70557403564453 0
    endloop
  endfacet
  facet normal -0.7071067811865476 -0.7071067811865476 0
    outer loop
      vertex -24.81096839904785 -19.929391860961914 0
      vertex -24.929391860961914 -19.81096839904785 1.6999998092651367
      vertex -24.929391860961914 -19.81096839904785 0
    endloop
  endfacet
  facet normal -0.7071067811865476 -0.7071067811865476 0
    outer loop
      vertex -24.929391860961914 -19.81096839904785 1.6999998092651367
      vertex -24.81096839904785 -19.929391860961914 0
      vertex -24.81096839904785 -19.929391860961914 1.6999998092651367
    endloop
  endfacet
  facet normal -0.8910052505725483 0.45399299934266624 0
    outer loop
      vertex -24.614360809326172 -21.799999237060547 0
      vertex -24.538328170776367 -21.65077781677246 1.6999998092651367
      vertex -24.538328170776367 -21.65077781677246 0
    endloop
  endfacet
  facet normal -0.8910052505725483 0.45399299934266624 0
    outer loop
      vertex -24.538328170776367 -21.65077781677246 1.6999998092651367
      vertex -24.614360809326172 -21.799999237060547 0
      vertex -24.614360809326172 -21.799999237060547 1.6999998092651367
    endloop
  endfacet
  facet normal 0.8386725195762839 0.5446360297552559 0
    outer loop
      vertex -27.29442596435547 -21.94045639038086 1.6999998092651367
      vertex -27.385639190673828 -21.799999237060547 0
      vertex -27.385639190673828 -21.799999237060547 1.6999998092651367
    endloop
  endfacet
  facet normal 0.8386725195762839 0.5446360297552559 0
    outer loop
      vertex -27.385639190673828 -21.799999237060547 0
      vertex -27.29442596435547 -21.94045639038086 1.6999998092651367
      vertex -27.29442596435547 -21.94045639038086 0
    endloop
  endfacet
  facet normal -0.15642633013197782 0.9876896290036873 0
    outer loop
      vertex -25.667343139648438 -22.56503677368164 0
      vertex -25.83275604248047 -22.59123420715332 1.6999998092651367
      vertex -25.667343139648438 -22.56503677368164 1.6999998092651367
    endloop
  endfacet
  facet normal -0.15642633013197782 0.9876896290036873 0
    outer loop
      vertex -25.83275604248047 -22.59123420715332 1.6999998092651367
      vertex -25.667343139648438 -22.56503677368164 0
      vertex -25.83275604248047 -22.59123420715332 0
    endloop
  endfacet
  facet normal -0.05233227952159028 0.9986297274365881 0
    outer loop
      vertex -25.83275604248047 -22.59123420715332 0
      vertex -26 -22.599998474121094 1.6999998092651367
      vertex -25.83275604248047 -22.59123420715332 1.6999998092651367
    endloop
  endfacet
  facet normal -0.05233227952159028 0.9986297274365881 0
    outer loop
      vertex -26 -22.599998474121094 1.6999998092651367
      vertex -25.83275604248047 -22.59123420715332 0
      vertex -26 -22.599998474121094 0
    endloop
  endfacet
  facet normal -0.933578470053954 0.35837304621262817 0
    outer loop
      vertex -24.538328170776367 -21.65077781677246 0
      vertex -24.478309631347656 -21.494426727294922 1.6999998092651367
      vertex -24.478309631347656 -21.494426727294922 0
    endloop
  endfacet
  facet normal -0.933578470053954 0.35837304621262817 0
    outer loop
      vertex -24.478309631347656 -21.494426727294922 1.6999998092651367
      vertex -24.538328170776367 -21.65077781677246 0
      vertex -24.538328170776367 -21.65077781677246 1.6999998092651367
    endloop
  endfacet
  facet normal 0.933578470053954 0.35837304621262817 0
    outer loop
      vertex -27.461671829223633 -21.65077781677246 1.6999998092651367
      vertex -27.521690368652344 -21.494426727294922 0
      vertex -27.521690368652344 -21.494426727294922 1.6999998092651367
    endloop
  endfacet
  facet normal 0.933578470053954 0.35837304621262817 0
    outer loop
      vertex -27.521690368652344 -21.494426727294922 0
      vertex -27.461671829223633 -21.65077781677246 1.6999998092651367
      vertex -27.461671829223633 -21.65077781677246 0
    endloop
  endfacet
  facet normal -0.9876880286188215 -0.15643643476845734 0
    outer loop
      vertex -23.21533966064453 -20.707321166992188 1.6999998092651367
      vertex -23.261188507080078 -20.4178466796875 3.1999998092651367
      vertex -23.261188507080078 -20.4178466796875 1.6999998092651367
    endloop
  endfacet
  facet normal -0.9876880286188215 -0.15643643476845734 0
    outer loop
      vertex -23.261188507080078 -20.4178466796875 3.1999998092651367
      vertex -23.21533966064453 -20.707321166992188 1.6999998092651367
      vertex -23.21533966064453 -20.707321166992188 3.1999998092651367
    endloop
  endfacet
  facet normal -0.9986294901681287 -0.05233680699606441 0
    outer loop
      vertex -23.200000762939453 -21 1.6999998092651367
      vertex -23.21533966064453 -20.707321166992188 3.1999998092651367
      vertex -23.21533966064453 -20.707321166992188 1.6999998092651367
    endloop
  endfacet
  facet normal -0.9986294901681287 -0.05233680699606441 0
    outer loop
      vertex -23.21533966064453 -20.707321166992188 3.1999998092651367
      vertex -23.200000762939453 -21 1.6999998092651367
      vertex -23.200000762939453 -21 3.1999998092651367
    endloop
  endfacet
  facet normal -0.8910055733658783 -0.45399236582892294 0
    outer loop
      vertex -23.442073822021484 -19.86113739013672 1.6999998092651367
      vertex -23.575130462646484 -19.600000381469727 3.1999998092651367
      vertex -23.575130462646484 -19.600000381469727 1.6999998092651367
    endloop
  endfacet
  facet normal -0.8910055733658783 -0.45399236582892294 0
    outer loop
      vertex -23.575130462646484 -19.600000381469727 3.1999998092651367
      vertex -23.442073822021484 -19.86113739013672 1.6999998092651367
      vertex -23.442073822021484 -19.86113739013672 3.1999998092651367
    endloop
  endfacet
  facet normal -0.9659267293282522 -0.2588156748908872 0
    outer loop
      vertex -23.261188507080078 -20.4178466796875 1.6999998092651367
      vertex -23.3370418548584 -20.134754180908203 3.1999998092651367
      vertex -23.3370418548584 -20.134754180908203 1.6999998092651367
    endloop
  endfacet
  facet normal -0.9659267293282522 -0.2588156748908872 0
    outer loop
      vertex -23.3370418548584 -20.134754180908203 3.1999998092651367
      vertex -23.261188507080078 -20.4178466796875 1.6999998092651367
      vertex -23.261188507080078 -20.4178466796875 3.1999998092651367
    endloop
  endfacet
  facet normal -0.45399236582892294 -0.8910055733658783 0
    outer loop
      vertex -24.86113739013672 -18.442073822021484 1.6999998092651367
      vertex -24.600000381469727 -18.575130462646484 3.1999998092651367
      vertex -24.86113739013672 -18.442073822021484 3.1999998092651367
    endloop
  endfacet
  facet normal -0.45399236582892294 -0.8910055733658783 0
    outer loop
      vertex -24.600000381469727 -18.575130462646484 3.1999998092651367
      vertex -24.86113739013672 -18.442073822021484 1.6999998092651367
      vertex -24.600000381469727 -18.575130462646484 1.6999998092651367
    endloop
  endfacet
  facet normal -0.7071067811865476 0.7071067811865476 0
    outer loop
      vertex -24.126434326171875 -23.0808048248291 1.6999998092651367
      vertex -23.9191951751709 -22.873565673828125 3.1999998092651367
      vertex -23.9191951751709 -22.873565673828125 1.6999998092651367
    endloop
  endfacet
  facet normal -0.7071067811865476 0.7071067811865476 0
    outer loop
      vertex -23.9191951751709 -22.873565673828125 3.1999998092651367
      vertex -24.126434326171875 -23.0808048248291 1.6999998092651367
      vertex -24.126434326171875 -23.0808048248291 3.1999998092651367
    endloop
  endfacet
  facet normal 0.9986294901681287 0.05233680699606441 0
    outer loop
      vertex -28.78466033935547 -21.292678833007812 3.1999998092651367
      vertex -28.799999237060547 -21 1.6999998092651367
      vertex -28.799999237060547 -21 3.1999998092651367
    endloop
  endfacet
  facet normal 0.9986294901681287 0.05233680699606441 0
    outer loop
      vertex -28.799999237060547 -21 1.6999998092651367
      vertex -28.78466033935547 -21.292678833007812 3.1999998092651367
      vertex -28.78466033935547 -21.292678833007812 1.6999998092651367
    endloop
  endfacet
  facet normal 0.8386720754559689 -0.544636713645323 0
    outer loop
      vertex -28.424869537353516 -19.600000381469727 3.1999998092651367
      vertex -28.265247344970703 -19.354202270507812 1.6999998092651367
      vertex -28.265247344970703 -19.354202270507812 3.1999998092651367
    endloop
  endfacet
  facet normal 0.8386720754559689 -0.544636713645323 0
    outer loop
      vertex -28.265247344970703 -19.354202270507812 1.6999998092651367
      vertex -28.424869537353516 -19.600000381469727 3.1999998092651367
      vertex -28.424869537353516 -19.600000381469727 1.6999998092651367
    endloop
  endfacet
  facet normal -0.9876880286188215 0.15643643476845734 0
    outer loop
      vertex -23.261188507080078 -21.5821533203125 1.6999998092651367
      vertex -23.21533966064453 -21.292678833007812 3.1999998092651367
      vertex -23.21533966064453 -21.292678833007812 1.6999998092651367
    endloop
  endfacet
  facet normal -0.9876880286188215 0.15643643476845734 0
    outer loop
      vertex -23.21533966064453 -21.292678833007812 3.1999998092651367
      vertex -23.261188507080078 -21.5821533203125 1.6999998092651367
      vertex -23.261188507080078 -21.5821533203125 3.1999998092651367
    endloop
  endfacet
  facet normal 0.8910055733658783 -0.45399236582892294 0
    outer loop
      vertex -28.557926177978516 -19.86113739013672 3.1999998092651367
      vertex -28.424869537353516 -19.600000381469727 1.6999998092651367
      vertex -28.424869537353516 -19.600000381469727 3.1999998092651367
    endloop
  endfacet
  facet normal 0.8910055733658783 -0.45399236582892294 0
    outer loop
      vertex -28.424869537353516 -19.600000381469727 1.6999998092651367
      vertex -28.557926177978516 -19.86113739013672 3.1999998092651367
      vertex -28.557926177978516 -19.86113739013672 1.6999998092651367
    endloop
  endfacet
  facet normal -0.544636713645323 -0.8386720754559689 0
    outer loop
      vertex -24.600000381469727 -18.575130462646484 1.6999998092651367
      vertex -24.354202270507812 -18.734752655029297 3.1999998092651367
      vertex -24.600000381469727 -18.575130462646484 3.1999998092651367
    endloop
  endfacet
  facet normal -0.544636713645323 -0.8386720754559689 0
    outer loop
      vertex -24.354202270507812 -18.734752655029297 3.1999998092651367
      vertex -24.600000381469727 -18.575130462646484 1.6999998092651367
      vertex -24.354202270507812 -18.734752655029297 1.6999998092651367
    endloop
  endfacet
  facet normal 0.9876880286188215 -0.15643643476845734 0
    outer loop
      vertex -28.78466033935547 -20.707321166992188 3.1999998092651367
      vertex -28.738811492919922 -20.4178466796875 1.6999998092651367
      vertex -28.738811492919922 -20.4178466796875 3.1999998092651367
    endloop
  endfacet
  facet normal 0.9876880286188215 -0.15643643476845734 0
    outer loop
      vertex -28.738811492919922 -20.4178466796875 1.6999998092651367
      vertex -28.78466033935547 -20.707321166992188 3.1999998092651367
      vertex -28.78466033935547 -20.707321166992188 1.6999998092651367
    endloop
  endfacet
  facet normal 0.9335800591456505 0.3583689065273435 0
    outer loop
      vertex -28.557926177978516 -22.13886260986328 3.1999998092651367
      vertex -28.6629581451416 -21.865245819091797 1.6999998092651367
      vertex -28.6629581451416 -21.865245819091797 3.1999998092651367
    endloop
  endfacet
  facet normal 0.9335800591456505 0.3583689065273435 0
    outer loop
      vertex -28.6629581451416 -21.865245819091797 1.6999998092651367
      vertex -28.557926177978516 -22.13886260986328 3.1999998092651367
      vertex -28.557926177978516 -22.13886260986328 1.6999998092651367
    endloop
  endfacet
  facet normal 0.45399236582892294 -0.8910055733658783 0
    outer loop
      vertex -27.399999618530273 -18.575130462646484 1.6999998092651367
      vertex -27.13886260986328 -18.442073822021484 3.1999998092651367
      vertex -27.399999618530273 -18.575130462646484 3.1999998092651367
    endloop
  endfacet
  facet normal 0.45399236582892294 -0.8910055733658783 0
    outer loop
      vertex -27.13886260986328 -18.442073822021484 3.1999998092651367
      vertex -27.399999618530273 -18.575130462646484 1.6999998092651367
      vertex -27.13886260986328 -18.442073822021484 1.6999998092651367
    endloop
  endfacet
  facet normal 0.15643643476845734 -0.9876880286188215 0
    outer loop
      vertex -26.5821533203125 -18.261188507080078 1.6999998092651367
      vertex -26.292678833007812 -18.21533966064453 3.1999998092651367
      vertex -26.5821533203125 -18.261188507080078 3.1999998092651367
    endloop
  endfacet
  facet normal 0.15643643476845734 -0.9876880286188215 0
    outer loop
      vertex -26.292678833007812 -18.21533966064453 3.1999998092651367
      vertex -26.5821533203125 -18.261188507080078 1.6999998092651367
      vertex -26.292678833007812 -18.21533966064453 1.6999998092651367
    endloop
  endfacet
  facet normal 0.6293197224434917 -0.777146502883238 0
    outer loop
      vertex -27.873565673828125 -18.9191951751709 1.6999998092651367
      vertex -27.645797729492188 -18.734752655029297 3.1999998092651367
      vertex -27.873565673828125 -18.9191951751709 3.1999998092651367
    endloop
  endfacet
  facet normal 0.6293197224434917 -0.777146502883238 0
    outer loop
      vertex -27.645797729492188 -18.734752655029297 3.1999998092651367
      vertex -27.873565673828125 -18.9191951751709 1.6999998092651367
      vertex -27.645797729492188 -18.734752655029297 1.6999998092651367
    endloop
  endfacet
  facet normal 0.6293197224434917 0.777146502883238 0
    outer loop
      vertex -27.645797729492188 -23.265247344970703 1.6999998092651367
      vertex -27.873565673828125 -23.0808048248291 3.1999998092651367
      vertex -27.645797729492188 -23.265247344970703 3.1999998092651367
    endloop
  endfacet
  facet normal 0.6293197224434917 0.777146502883238 0
    outer loop
      vertex -27.873565673828125 -23.0808048248291 3.1999998092651367
      vertex -27.645797729492188 -23.265247344970703 1.6999998092651367
      vertex -27.873565673828125 -23.0808048248291 1.6999998092651367
    endloop
  endfacet
  facet normal -0.9335800591456505 0.3583689065273435 0
    outer loop
      vertex -23.442073822021484 -22.13886260986328 1.6999998092651367
      vertex -23.3370418548584 -21.865245819091797 3.1999998092651367
      vertex -23.3370418548584 -21.865245819091797 1.6999998092651367
    endloop
  endfacet
  facet normal -0.9335800591456505 0.3583689065273435 0
    outer loop
      vertex -23.3370418548584 -21.865245819091797 3.1999998092651367
      vertex -23.442073822021484 -22.13886260986328 1.6999998092651367
      vertex -23.442073822021484 -22.13886260986328 3.1999998092651367
    endloop
  endfacet
  facet normal -0.8386720754559689 -0.544636713645323 0
    outer loop
      vertex -23.575130462646484 -19.600000381469727 1.6999998092651367
      vertex -23.734752655029297 -19.354202270507812 3.1999998092651367
      vertex -23.734752655029297 -19.354202270507812 1.6999998092651367
    endloop
  endfacet
  facet normal -0.8386720754559689 -0.544636713645323 0
    outer loop
      vertex -23.734752655029297 -19.354202270507812 3.1999998092651367
      vertex -23.575130462646484 -19.600000381469727 1.6999998092651367
      vertex -23.575130462646484 -19.600000381469727 3.1999998092651367
    endloop
  endfacet
  facet normal 0.2588156748908872 -0.9659267293282522 0
    outer loop
      vertex -26.865245819091797 -18.3370418548584 1.6999998092651367
      vertex -26.5821533203125 -18.261188507080078 3.1999998092651367
      vertex -26.865245819091797 -18.3370418548584 3.1999998092651367
    endloop
  endfacet
  facet normal 0.2588156748908872 -0.9659267293282522 0
    outer loop
      vertex -26.5821533203125 -18.261188507080078 3.1999998092651367
      vertex -26.865245819091797 -18.3370418548584 1.6999998092651367
      vertex -26.5821533203125 -18.261188507080078 1.6999998092651367
    endloop
  endfacet
  facet normal 0.2588156748908872 0.9659267293282522 0
    outer loop
      vertex -26.5821533203125 -23.738811492919922 1.6999998092651367
      vertex -26.865245819091797 -23.6629581451416 3.1999998092651367
      vertex -26.5821533203125 -23.738811492919922 3.1999998092651367
    endloop
  endfacet
  facet normal 0.2588156748908872 0.9659267293282522 0
    outer loop
      vertex -26.865245819091797 -23.6629581451416 3.1999998092651367
      vertex -26.5821533203125 -23.738811492919922 1.6999998092651367
      vertex -26.865245819091797 -23.6629581451416 1.6999998092651367
    endloop
  endfacet
  facet normal 0.3583689065273435 0.9335800591456505 0
    outer loop
      vertex -26.865245819091797 -23.6629581451416 1.6999998092651367
      vertex -27.13886260986328 -23.557926177978516 3.1999998092651367
      vertex -26.865245819091797 -23.6629581451416 3.1999998092651367
    endloop
  endfacet
  facet normal 0.3583689065273435 0.9335800591456505 0
    outer loop
      vertex -27.13886260986328 -23.557926177978516 3.1999998092651367
      vertex -26.865245819091797 -23.6629581451416 1.6999998092651367
      vertex -27.13886260986328 -23.557926177978516 1.6999998092651367
    endloop
  endfacet
  facet normal 0.05233680699606441 -0.9986294901681287 0
    outer loop
      vertex -26.292678833007812 -18.21533966064453 1.6999998092651367
      vertex -26 -18.200000762939453 3.1999998092651367
      vertex -26.292678833007812 -18.21533966064453 3.1999998092651367
    endloop
  endfacet
  facet normal 0.05233680699606441 -0.9986294901681287 0
    outer loop
      vertex -26 -18.200000762939453 3.1999998092651367
      vertex -26.292678833007812 -18.21533966064453 1.6999998092651367
      vertex -26 -18.200000762939453 1.6999998092651367
    endloop
  endfacet
  facet normal -0.9986294901681287 0.05233680699606441 0
    outer loop
      vertex -23.21533966064453 -21.292678833007812 1.6999998092651367
      vertex -23.200000762939453 -21 3.1999998092651367
      vertex -23.200000762939453 -21 1.6999998092651367
    endloop
  endfacet
  facet normal -0.9986294901681287 0.05233680699606441 0
    outer loop
      vertex -23.200000762939453 -21 3.1999998092651367
      vertex -23.21533966064453 -21.292678833007812 1.6999998092651367
      vertex -23.21533966064453 -21.292678833007812 3.1999998092651367
    endloop
  endfacet
  facet normal -0.3583689065273435 -0.9335800591456505 0
    outer loop
      vertex -25.134754180908203 -18.3370418548584 1.6999998092651367
      vertex -24.86113739013672 -18.442073822021484 3.1999998092651367
      vertex -25.134754180908203 -18.3370418548584 3.1999998092651367
    endloop
  endfacet
  facet normal -0.3583689065273435 -0.9335800591456505 0
    outer loop
      vertex -24.86113739013672 -18.442073822021484 3.1999998092651367
      vertex -25.134754180908203 -18.3370418548584 1.6999998092651367
      vertex -24.86113739013672 -18.442073822021484 1.6999998092651367
    endloop
  endfacet
  facet normal 0.9986294901681287 -0.05233680699606441 0
    outer loop
      vertex -28.799999237060547 -21 3.1999998092651367
      vertex -28.78466033935547 -20.707321166992188 1.6999998092651367
      vertex -28.78466033935547 -20.707321166992188 3.1999998092651367
    endloop
  endfacet
  facet normal 0.9986294901681287 -0.05233680699606441 0
    outer loop
      vertex -28.78466033935547 -20.707321166992188 1.6999998092651367
      vertex -28.799999237060547 -21 3.1999998092651367
      vertex -28.799999237060547 -21 1.6999998092651367
    endloop
  endfacet
  facet normal 0.3583689065273435 -0.9335800591456505 0
    outer loop
      vertex -27.13886260986328 -18.442073822021484 1.6999998092651367
      vertex -26.865245819091797 -18.3370418548584 3.1999998092651367
      vertex -27.13886260986328 -18.442073822021484 3.1999998092651367
    endloop
  endfacet
  facet normal 0.3583689065273435 -0.9335800591456505 0
    outer loop
      vertex -26.865245819091797 -18.3370418548584 3.1999998092651367
      vertex -27.13886260986328 -18.442073822021484 1.6999998092651367
      vertex -26.865245819091797 -18.3370418548584 1.6999998092651367
    endloop
  endfacet
  facet normal 0.8386720754559689 0.544636713645323 0
    outer loop
      vertex -28.265247344970703 -22.645797729492188 3.1999998092651367
      vertex -28.424869537353516 -22.399999618530273 1.6999998092651367
      vertex -28.424869537353516 -22.399999618530273 3.1999998092651367
    endloop
  endfacet
  facet normal 0.8386720754559689 0.544636713645323 0
    outer loop
      vertex -28.424869537353516 -22.399999618530273 1.6999998092651367
      vertex -28.265247344970703 -22.645797729492188 3.1999998092651367
      vertex -28.265247344970703 -22.645797729492188 1.6999998092651367
    endloop
  endfacet
  facet normal -0.15643643476845734 -0.9876880286188215 0
    outer loop
      vertex -25.707321166992188 -18.21533966064453 1.6999998092651367
      vertex -25.4178466796875 -18.261188507080078 3.1999998092651367
      vertex -25.707321166992188 -18.21533966064453 3.1999998092651367
    endloop
  endfacet
  facet normal -0.15643643476845734 -0.9876880286188215 0
    outer loop
      vertex -25.4178466796875 -18.261188507080078 3.1999998092651367
      vertex -25.707321166992188 -18.21533966064453 1.6999998092651367
      vertex -25.4178466796875 -18.261188507080078 1.6999998092651367
    endloop
  endfacet
  facet normal -0.9335800591456505 -0.3583689065273435 0
    outer loop
      vertex -23.3370418548584 -20.134754180908203 1.6999998092651367
      vertex -23.442073822021484 -19.86113739013672 3.1999998092651367
      vertex -23.442073822021484 -19.86113739013672 1.6999998092651367
    endloop
  endfacet
  facet normal -0.9335800591456505 -0.3583689065273435 0
    outer loop
      vertex -23.442073822021484 -19.86113739013672 3.1999998092651367
      vertex -23.3370418548584 -20.134754180908203 1.6999998092651367
      vertex -23.3370418548584 -20.134754180908203 3.1999998092651367
    endloop
  endfacet
  facet normal -0.05233680699606441 -0.9986294901681287 0
    outer loop
      vertex -26 -18.200000762939453 1.6999998092651367
      vertex -25.707321166992188 -18.21533966064453 3.1999998092651367
      vertex -26 -18.200000762939453 3.1999998092651367
    endloop
  endfacet
  facet normal -0.05233680699606441 -0.9986294901681287 0
    outer loop
      vertex -25.707321166992188 -18.21533966064453 3.1999998092651367
      vertex -26 -18.200000762939453 1.6999998092651367
      vertex -25.707321166992188 -18.21533966064453 1.6999998092651367
    endloop
  endfacet
  facet normal -0.7071067811865476 -0.7071067811865476 0
    outer loop
      vertex -23.9191951751709 -19.126434326171875 1.6999998092651367
      vertex -24.126434326171875 -18.9191951751709 3.1999998092651367
      vertex -24.126434326171875 -18.9191951751709 1.6999998092651367
    endloop
  endfacet
  facet normal -0.7071067811865476 -0.7071067811865476 0
    outer loop
      vertex -24.126434326171875 -18.9191951751709 3.1999998092651367
      vertex -23.9191951751709 -19.126434326171875 1.6999998092651367
      vertex -23.9191951751709 -19.126434326171875 3.1999998092651367
    endloop
  endfacet
  facet normal -0.9659267293282522 0.2588156748908872 0
    outer loop
      vertex -23.3370418548584 -21.865245819091797 1.6999998092651367
      vertex -23.261188507080078 -21.5821533203125 3.1999998092651367
      vertex -23.261188507080078 -21.5821533203125 1.6999998092651367
    endloop
  endfacet
  facet normal -0.9659267293282522 0.2588156748908872 0
    outer loop
      vertex -23.261188507080078 -21.5821533203125 3.1999998092651367
      vertex -23.3370418548584 -21.865245819091797 1.6999998092651367
      vertex -23.3370418548584 -21.865245819091797 3.1999998092651367
    endloop
  endfacet
  facet normal -0.6293197224434917 0.777146502883238 0
    outer loop
      vertex -24.126434326171875 -23.0808048248291 1.6999998092651367
      vertex -24.354202270507812 -23.265247344970703 3.1999998092651367
      vertex -24.126434326171875 -23.0808048248291 3.1999998092651367
    endloop
  endfacet
  facet normal -0.6293197224434917 0.777146502883238 0
    outer loop
      vertex -24.354202270507812 -23.265247344970703 3.1999998092651367
      vertex -24.126434326171875 -23.0808048248291 1.6999998092651367
      vertex -24.354202270507812 -23.265247344970703 1.6999998092651367
    endloop
  endfacet
  facet normal -0.8910055733658783 0.45399236582892294 0
    outer loop
      vertex -23.575130462646484 -22.399999618530273 1.6999998092651367
      vertex -23.442073822021484 -22.13886260986328 3.1999998092651367
      vertex -23.442073822021484 -22.13886260986328 1.6999998092651367
    endloop
  endfacet
  facet normal -0.8910055733658783 0.45399236582892294 0
    outer loop
      vertex -23.442073822021484 -22.13886260986328 3.1999998092651367
      vertex -23.575130462646484 -22.399999618530273 1.6999998092651367
      vertex -23.575130462646484 -22.399999618530273 3.1999998092651367
    endloop
  endfacet
  facet normal -0.2588156748908872 0.9659267293282522 0
    outer loop
      vertex -25.134754180908203 -23.6629581451416 1.6999998092651367
      vertex -25.4178466796875 -23.738811492919922 3.1999998092651367
      vertex -25.134754180908203 -23.6629581451416 3.1999998092651367
    endloop
  endfacet
  facet normal -0.2588156748908872 0.9659267293282522 0
    outer loop
      vertex -25.4178466796875 -23.738811492919922 3.1999998092651367
      vertex -25.134754180908203 -23.6629581451416 1.6999998092651367
      vertex -25.4178466796875 -23.738811492919922 1.6999998092651367
    endloop
  endfacet
  facet normal 0.8910055733658783 0.45399236582892294 0
    outer loop
      vertex -28.424869537353516 -22.399999618530273 3.1999998092651367
      vertex -28.557926177978516 -22.13886260986328 1.6999998092651367
      vertex -28.557926177978516 -22.13886260986328 3.1999998092651367
    endloop
  endfacet
  facet normal 0.8910055733658783 0.45399236582892294 0
    outer loop
      vertex -28.557926177978516 -22.13886260986328 1.6999998092651367
      vertex -28.424869537353516 -22.399999618530273 3.1999998092651367
      vertex -28.424869537353516 -22.399999618530273 1.6999998092651367
    endloop
  endfacet
  facet normal 0.777146502883238 -0.6293197224434917 0
    outer loop
      vertex -28.265247344970703 -19.354202270507812 3.1999998092651367
      vertex -28.0808048248291 -19.126434326171875 1.6999998092651367
      vertex -28.0808048248291 -19.126434326171875 3.1999998092651367
    endloop
  endfacet
  facet normal 0.777146502883238 -0.6293197224434917 0
    outer loop
      vertex -28.0808048248291 -19.126434326171875 1.6999998092651367
      vertex -28.265247344970703 -19.354202270507812 3.1999998092651367
      vertex -28.265247344970703 -19.354202270507812 1.6999998092651367
    endloop
  endfacet
  facet normal -0.6293197224434917 -0.777146502883238 0
    outer loop
      vertex -24.354202270507812 -18.734752655029297 1.6999998092651367
      vertex -24.126434326171875 -18.9191951751709 3.1999998092651367
      vertex -24.354202270507812 -18.734752655029297 3.1999998092651367
    endloop
  endfacet
  facet normal -0.6293197224434917 -0.777146502883238 0
    outer loop
      vertex -24.126434326171875 -18.9191951751709 3.1999998092651367
      vertex -24.354202270507812 -18.734752655029297 1.6999998092651367
      vertex -24.126434326171875 -18.9191951751709 1.6999998092651367
    endloop
  endfacet
  facet normal -0.544636713645323 0.8386720754559689 0
    outer loop
      vertex -24.354202270507812 -23.265247344970703 1.6999998092651367
      vertex -24.600000381469727 -23.424869537353516 3.1999998092651367
      vertex -24.354202270507812 -23.265247344970703 3.1999998092651367
    endloop
  endfacet
  facet normal -0.544636713645323 0.8386720754559689 0
    outer loop
      vertex -24.600000381469727 -23.424869537353516 3.1999998092651367
      vertex -24.354202270507812 -23.265247344970703 1.6999998092651367
      vertex -24.600000381469727 -23.424869537353516 1.6999998092651367
    endloop
  endfacet
  facet normal 0.05233680699606441 0.9986294901681287 0
    outer loop
      vertex -26 -23.799999237060547 1.6999998092651367
      vertex -26.292678833007812 -23.78466033935547 3.1999998092651367
      vertex -26 -23.799999237060547 3.1999998092651367
    endloop
  endfacet
  facet normal 0.05233680699606441 0.9986294901681287 0
    outer loop
      vertex -26.292678833007812 -23.78466033935547 3.1999998092651367
      vertex -26 -23.799999237060547 1.6999998092651367
      vertex -26.292678833007812 -23.78466033935547 1.6999998092651367
    endloop
  endfacet
  facet normal -0.777146502883238 -0.6293197224434917 0
    outer loop
      vertex -23.734752655029297 -19.354202270507812 1.6999998092651367
      vertex -23.9191951751709 -19.126434326171875 3.1999998092651367
      vertex -23.9191951751709 -19.126434326171875 1.6999998092651367
    endloop
  endfacet
  facet normal -0.777146502883238 -0.6293197224434917 0
    outer loop
      vertex -23.9191951751709 -19.126434326171875 3.1999998092651367
      vertex -23.734752655029297 -19.354202270507812 1.6999998092651367
      vertex -23.734752655029297 -19.354202270507812 3.1999998092651367
    endloop
  endfacet
  facet normal 0.9659267293282522 -0.2588156748908872 0
    outer loop
      vertex -28.738811492919922 -20.4178466796875 3.1999998092651367
      vertex -28.6629581451416 -20.134754180908203 1.6999998092651367
      vertex -28.6629581451416 -20.134754180908203 3.1999998092651367
    endloop
  endfacet
  facet normal 0.9659267293282522 -0.2588156748908872 0
    outer loop
      vertex -28.6629581451416 -20.134754180908203 1.6999998092651367
      vertex -28.738811492919922 -20.4178466796875 3.1999998092651367
      vertex -28.738811492919922 -20.4178466796875 1.6999998092651367
    endloop
  endfacet
  facet normal 0.7071067811865476 -0.7071067811865476 0
    outer loop
      vertex -28.0808048248291 -19.126434326171875 3.1999998092651367
      vertex -27.873565673828125 -18.9191951751709 1.6999998092651367
      vertex -27.873565673828125 -18.9191951751709 3.1999998092651367
    endloop
  endfacet
  facet normal 0.7071067811865476 -0.7071067811865476 0
    outer loop
      vertex -27.873565673828125 -18.9191951751709 1.6999998092651367
      vertex -28.0808048248291 -19.126434326171875 3.1999998092651367
      vertex -28.0808048248291 -19.126434326171875 1.6999998092651367
    endloop
  endfacet
  facet normal 0.9876880286188215 0.15643643476845734 0
    outer loop
      vertex -28.738811492919922 -21.5821533203125 3.1999998092651367
      vertex -28.78466033935547 -21.292678833007812 1.6999998092651367
      vertex -28.78466033935547 -21.292678833007812 3.1999998092651367
    endloop
  endfacet
  facet normal 0.9876880286188215 0.15643643476845734 0
    outer loop
      vertex -28.78466033935547 -21.292678833007812 1.6999998092651367
      vertex -28.738811492919922 -21.5821533203125 3.1999998092651367
      vertex -28.738811492919922 -21.5821533203125 1.6999998092651367
    endloop
  endfacet
  facet normal 0.9335800591456505 -0.3583689065273435 0
    outer loop
      vertex -28.6629581451416 -20.134754180908203 3.1999998092651367
      vertex -28.557926177978516 -19.86113739013672 1.6999998092651367
      vertex -28.557926177978516 -19.86113739013672 3.1999998092651367
    endloop
  endfacet
  facet normal 0.9335800591456505 -0.3583689065273435 0
    outer loop
      vertex -28.557926177978516 -19.86113739013672 1.6999998092651367
      vertex -28.6629581451416 -20.134754180908203 3.1999998092651367
      vertex -28.6629581451416 -20.134754180908203 1.6999998092651367
    endloop
  endfacet
  facet normal -0.05233680699606441 0.9986294901681287 0
    outer loop
      vertex -25.707321166992188 -23.78466033935547 1.6999998092651367
      vertex -26 -23.799999237060547 3.1999998092651367
      vertex -25.707321166992188 -23.78466033935547 3.1999998092651367
    endloop
  endfacet
  facet normal -0.05233680699606441 0.9986294901681287 0
    outer loop
      vertex -26 -23.799999237060547 3.1999998092651367
      vertex -25.707321166992188 -23.78466033935547 1.6999998092651367
      vertex -26 -23.799999237060547 1.6999998092651367
    endloop
  endfacet
  facet normal 0.15643643476845734 0.9876880286188215 0
    outer loop
      vertex -26.292678833007812 -23.78466033935547 1.6999998092651367
      vertex -26.5821533203125 -23.738811492919922 3.1999998092651367
      vertex -26.292678833007812 -23.78466033935547 3.1999998092651367
    endloop
  endfacet
  facet normal 0.15643643476845734 0.9876880286188215 0
    outer loop
      vertex -26.5821533203125 -23.738811492919922 3.1999998092651367
      vertex -26.292678833007812 -23.78466033935547 1.6999998092651367
      vertex -26.5821533203125 -23.738811492919922 1.6999998092651367
    endloop
  endfacet
  facet normal -0.777146502883238 0.6293197224434917 0
    outer loop
      vertex -23.9191951751709 -22.873565673828125 1.6999998092651367
      vertex -23.734752655029297 -22.645797729492188 3.1999998092651367
      vertex -23.734752655029297 -22.645797729492188 1.6999998092651367
    endloop
  endfacet
  facet normal -0.777146502883238 0.6293197224434917 0
    outer loop
      vertex -23.734752655029297 -22.645797729492188 3.1999998092651367
      vertex -23.9191951751709 -22.873565673828125 1.6999998092651367
      vertex -23.9191951751709 -22.873565673828125 3.1999998092651367
    endloop
  endfacet
  facet normal 0.9659267293282522 0.2588156748908872 0
    outer loop
      vertex -28.6629581451416 -21.865245819091797 3.1999998092651367
      vertex -28.738811492919922 -21.5821533203125 1.6999998092651367
      vertex -28.738811492919922 -21.5821533203125 3.1999998092651367
    endloop
  endfacet
  facet normal 0.9659267293282522 0.2588156748908872 0
    outer loop
      vertex -28.738811492919922 -21.5821533203125 1.6999998092651367
      vertex -28.6629581451416 -21.865245819091797 3.1999998092651367
      vertex -28.6629581451416 -21.865245819091797 1.6999998092651367
    endloop
  endfacet
  facet normal 0 0 1
    outer loop
      vertex -24.400001525878906 -21 1.6999998092651367
      vertex -23.200000762939453 -21 1.6999998092651367
      vertex -23.21533966064453 -20.707321166992188 1.6999998092651367
    endloop
  endfacet
  facet normal 0 0 1
    outer loop
      vertex -24.40876579284668 -20.83275604248047 1.6999998092651367
      vertex -23.21533966064453 -20.707321166992188 1.6999998092651367
      vertex -23.261188507080078 -20.4178466796875 1.6999998092651367
    endloop
  endfacet
  facet normal 0 0 1
    outer loop
      vertex -23.200000762939453 -21 1.6999998092651367
      vertex -24.400001525878906 -21 1.6999998092651367
      vertex -23.21533966064453 -21.292678833007812 1.6999998092651367
    endloop
  endfacet
  facet normal 0 0 1
    outer loop
      vertex -24.43496322631836 -20.667343139648438 1.6999998092651367
      vertex -23.261188507080078 -20.4178466796875 1.6999998092651367
      vertex -23.3370418548584 -20.134754180908203 1.6999998092651367
    endloop
  endfacet
  facet normal 0 0 1
    outer loop
      vertex -24.40876579284668 -21.16724395751953 1.6999998092651367
      vertex -23.21533966064453 -21.292678833007812 1.6999998092651367
      vertex -24.400001525878906 -21 1.6999998092651367
    endloop
  endfacet
  facet normal 0 0 1
    outer loop
      vertex -24.478309631347656 -20.505573272705078 1.6999998092651367
      vertex -23.3370418548584 -20.134754180908203 1.6999998092651367
      vertex -23.442073822021484 -19.86113739013672 1.6999998092651367
    endloop
  endfacet
  facet normal 0 0 1
    outer loop
      vertex -23.21533966064453 -21.292678833007812 1.6999998092651367
      vertex -24.40876579284668 -21.16724395751953 1.6999998092651367
      vertex -23.261188507080078 -21.5821533203125 1.6999998092651367
    endloop
  endfacet
  facet normal 0 0 1
    outer loop
      vertex -24.538328170776367 -20.34922218322754 1.6999998092651367
      vertex -23.442073822021484 -19.86113739013672 1.6999998092651367
      vertex -23.575130462646484 -19.600000381469727 1.6999998092651367
    endloop
  endfacet
  facet normal 0 0 1
    outer loop
      vertex -24.43496322631836 -21.332656860351562 1.6999998092651367
      vertex -23.261188507080078 -21.5821533203125 1.6999998092651367
      vertex -24.40876579284668 -21.16724395751953 1.6999998092651367
    endloop
  endfacet
  facet normal 0 0 1
    outer loop
      vertex -24.614360809326172 -20.200000762939453 1.6999998092651367
      vertex -23.575130462646484 -19.600000381469727 1.6999998092651367
      vertex -23.734752655029297 -19.354202270507812 1.6999998092651367
    endloop
  endfacet
  facet normal 0 0 1
    outer loop
      vertex -23.261188507080078 -21.5821533203125 1.6999998092651367
      vertex -24.43496322631836 -21.332656860351562 1.6999998092651367
      vertex -23.3370418548584 -21.865245819091797 1.6999998092651367
    endloop
  endfacet
  facet normal 0 0 1
    outer loop
      vertex -24.70557403564453 -20.05954360961914 1.6999998092651367
      vertex -23.734752655029297 -19.354202270507812 1.6999998092651367
      vertex -23.9191951751709 -19.126434326171875 1.6999998092651367
    endloop
  endfacet
  facet normal 0 0 1
    outer loop
      vertex -24.478309631347656 -21.494426727294922 1.6999998092651367
      vertex -23.3370418548584 -21.865245819091797 1.6999998092651367
      vertex -24.43496322631836 -21.332656860351562 1.6999998092651367
    endloop
  endfacet
  facet normal 0 0 1
    outer loop
      vertex -24.81096839904785 -19.929391860961914 1.6999998092651367
      vertex -23.9191951751709 -19.126434326171875 1.6999998092651367
      vertex -24.126434326171875 -18.9191951751709 1.6999998092651367
    endloop
  endfacet
  facet normal 0 0 1
    outer loop
      vertex -23.3370418548584 -21.865245819091797 1.6999998092651367
      vertex -24.478309631347656 -21.494426727294922 1.6999998092651367
      vertex -23.442073822021484 -22.13886260986328 1.6999998092651367
    endloop
  endfacet
  facet normal 0 0 1
    outer loop
      vertex -24.929391860961914 -19.81096839904785 1.6999998092651367
      vertex -24.126434326171875 -18.9191951751709 1.6999998092651367
      vertex -24.354202270507812 -18.734752655029297 1.6999998092651367
    endloop
  endfacet
  facet normal 0 0 1
    outer loop
      vertex -24.538328170776367 -21.65077781677246 1.6999998092651367
      vertex -23.442073822021484 -22.13886260986328 1.6999998092651367
      vertex -24.478309631347656 -21.494426727294922 1.6999998092651367
    endloop
  endfacet
  facet normal 0 0 1
    outer loop
      vertex -23.442073822021484 -22.13886260986328 1.6999998092651367
      vertex -24.538328170776367 -21.65077781677246 1.6999998092651367
      vertex -23.575130462646484 -22.399999618530273 1.6999998092651367
    endloop
  endfacet
  facet normal 0 0 1
    outer loop
      vertex -23.21533966064453 -20.707321166992188 1.6999998092651367
      vertex -24.40876579284668 -20.83275604248047 1.6999998092651367
      vertex -24.400001525878906 -21 1.6999998092651367
    endloop
  endfacet
  facet normal 0 0 1
    outer loop
      vertex -23.261188507080078 -20.4178466796875 1.6999998092651367
      vertex -24.43496322631836 -20.667343139648438 1.6999998092651367
      vertex -24.40876579284668 -20.83275604248047 1.6999998092651367
    endloop
  endfacet
  facet normal 0 0 1
    outer loop
      vertex -23.3370418548584 -20.134754180908203 1.6999998092651367
      vertex -24.478309631347656 -20.505573272705078 1.6999998092651367
      vertex -24.43496322631836 -20.667343139648438 1.6999998092651367
    endloop
  endfacet
  facet normal 0 0 1
    outer loop
      vertex -23.442073822021484 -19.86113739013672 1.6999998092651367
      vertex -24.538328170776367 -20.34922218322754 1.6999998092651367
      vertex -24.478309631347656 -20.505573272705078 1.6999998092651367
    endloop
  endfacet
  facet normal 0 0 1
    outer loop
      vertex -25.05954360961914 -19.70557403564453 1.6999998092651367
      vertex -24.354202270507812 -18.734752655029297 1.6999998092651367
      vertex -24.600000381469727 -18.575130462646484 1.6999998092651367
    endloop
  endfacet
  facet normal 0 0 1
    outer loop
      vertex -23.575130462646484 -19.600000381469727 1.6999998092651367
      vertex -24.614360809326172 -20.200000762939453 1.6999998092651367
      vertex -24.538328170776367 -20.34922218322754 1.6999998092651367
    endloop
  endfacet
  facet normal 0 0 1
    outer loop
      vertex -23.734752655029297 -19.354202270507812 1.6999998092651367
      vertex -24.70557403564453 -20.05954360961914 1.6999998092651367
      vertex -24.614360809326172 -20.200000762939453 1.6999998092651367
    endloop
  endfacet
  facet normal 0 0 1
    outer loop
      vertex -23.9191951751709 -19.126434326171875 1.6999998092651367
      vertex -24.81096839904785 -19.929391860961914 1.6999998092651367
      vertex -24.70557403564453 -20.05954360961914 1.6999998092651367
    endloop
  endfacet
  facet normal 0 0 1
    outer loop
      vertex -25.200000762939453 -19.614360809326172 1.6999998092651367
      vertex -24.600000381469727 -18.575130462646484 1.6999998092651367
      vertex -24.86113739013672 -18.442073822021484 1.6999998092651367
    endloop
  endfacet
  facet normal 0 0 1
    outer loop
      vertex -24.126434326171875 -18.9191951751709 1.6999998092651367
      vertex -24.929391860961914 -19.81096839904785 1.6999998092651367
      vertex -24.81096839904785 -19.929391860961914 1.6999998092651367
    endloop
  endfacet
  facet normal 0 0 1
    outer loop
      vertex -24.354202270507812 -18.734752655029297 1.6999998092651367
      vertex -25.05954360961914 -19.70557403564453 1.6999998092651367
      vertex -24.929391860961914 -19.81096839904785 1.6999998092651367
    endloop
  endfacet
  facet normal 0 0 1
    outer loop
      vertex -25.34922218322754 -19.538328170776367 1.6999998092651367
      vertex -24.86113739013672 -18.442073822021484 1.6999998092651367
      vertex -25.134754180908203 -18.3370418548584 1.6999998092651367
    endloop
  endfacet
  facet normal 0 0 1
    outer loop
      vertex -24.600000381469727 -18.575130462646484 1.6999998092651367
      vertex -25.200000762939453 -19.614360809326172 1.6999998092651367
      vertex -25.05954360961914 -19.70557403564453 1.6999998092651367
    endloop
  endfacet
  facet normal 0 0 1
    outer loop
      vertex -24.86113739013672 -18.442073822021484 1.6999998092651367
      vertex -25.34922218322754 -19.538328170776367 1.6999998092651367
      vertex -25.200000762939453 -19.614360809326172 1.6999998092651367
    endloop
  endfacet
  facet normal 0 0 1
    outer loop
      vertex -25.505573272705078 -19.478309631347656 1.6999998092651367
      vertex -25.134754180908203 -18.3370418548584 1.6999998092651367
      vertex -25.4178466796875 -18.261188507080078 1.6999998092651367
    endloop
  endfacet
  facet normal 0 0 1
    outer loop
      vertex -25.134754180908203 -18.3370418548584 1.6999998092651367
      vertex -25.505573272705078 -19.478309631347656 1.6999998092651367
      vertex -25.34922218322754 -19.538328170776367 1.6999998092651367
    endloop
  endfacet
  facet normal 0 0 1
    outer loop
      vertex -25.4178466796875 -18.261188507080078 1.6999998092651367
      vertex -25.667343139648438 -19.43496322631836 1.6999998092651367
      vertex -25.505573272705078 -19.478309631347656 1.6999998092651367
    endloop
  endfacet
  facet normal 0 0 1
    outer loop
      vertex -25.707321166992188 -18.21533966064453 1.6999998092651367
      vertex -25.667343139648438 -19.43496322631836 1.6999998092651367
      vertex -25.4178466796875 -18.261188507080078 1.6999998092651367
    endloop
  endfacet
  facet normal 0 0 1
    outer loop
      vertex -25.707321166992188 -18.21533966064453 1.6999998092651367
      vertex -25.83275604248047 -19.40876579284668 1.6999998092651367
      vertex -25.667343139648438 -19.43496322631836 1.6999998092651367
    endloop
  endfacet
  facet normal 0 0 1
    outer loop
      vertex -26 -18.200000762939453 1.6999998092651367
      vertex -25.83275604248047 -19.40876579284668 1.6999998092651367
      vertex -25.707321166992188 -18.21533966064453 1.6999998092651367
    endloop
  endfacet
  facet normal 0 0 1
    outer loop
      vertex -26 -18.200000762939453 1.6999998092651367
      vertex -26 -19.400001525878906 1.6999998092651367
      vertex -25.83275604248047 -19.40876579284668 1.6999998092651367
    endloop
  endfacet
  facet normal 0 0 1
    outer loop
      vertex -26 -18.200000762939453 1.6999998092651367
      vertex -26.16724395751953 -19.40876579284668 1.6999998092651367
      vertex -26 -19.400001525878906 1.6999998092651367
    endloop
  endfacet
  facet normal 0 0 1
    outer loop
      vertex -26.292678833007812 -18.21533966064453 1.6999998092651367
      vertex -26.16724395751953 -19.40876579284668 1.6999998092651367
      vertex -26 -18.200000762939453 1.6999998092651367
    endloop
  endfacet
  facet normal 0 0 1
    outer loop
      vertex -26.292678833007812 -18.21533966064453 1.6999998092651367
      vertex -26.332656860351562 -19.43496322631836 1.6999998092651367
      vertex -26.16724395751953 -19.40876579284668 1.6999998092651367
    endloop
  endfacet
  facet normal 0 0 1
    outer loop
      vertex -26.5821533203125 -18.261188507080078 1.6999998092651367
      vertex -26.332656860351562 -19.43496322631836 1.6999998092651367
      vertex -26.292678833007812 -18.21533966064453 1.6999998092651367
    endloop
  endfacet
  facet normal 0 0 1
    outer loop
      vertex -26.332656860351562 -19.43496322631836 1.6999998092651367
      vertex -26.5821533203125 -18.261188507080078 1.6999998092651367
      vertex -26.494426727294922 -19.478309631347656 1.6999998092651367
    endloop
  endfacet
  facet normal 0 0 1
    outer loop
      vertex -26.865245819091797 -18.3370418548584 1.6999998092651367
      vertex -26.494426727294922 -19.478309631347656 1.6999998092651367
      vertex -26.5821533203125 -18.261188507080078 1.6999998092651367
    endloop
  endfacet
  facet normal 0 0 1
    outer loop
      vertex -26.494426727294922 -19.478309631347656 1.6999998092651367
      vertex -26.865245819091797 -18.3370418548584 1.6999998092651367
      vertex -26.65077781677246 -19.538328170776367 1.6999998092651367
    endloop
  endfacet
  facet normal 0 0 1
    outer loop
      vertex -27.13886260986328 -18.442073822021484 1.6999998092651367
      vertex -26.65077781677246 -19.538328170776367 1.6999998092651367
      vertex -26.865245819091797 -18.3370418548584 1.6999998092651367
    endloop
  endfacet
  facet normal 0 0 1
    outer loop
      vertex -26.65077781677246 -19.538328170776367 1.6999998092651367
      vertex -27.13886260986328 -18.442073822021484 1.6999998092651367
      vertex -26.799999237060547 -19.614360809326172 1.6999998092651367
    endloop
  endfacet
  facet normal 0 0 1
    outer loop
      vertex -27.399999618530273 -18.575130462646484 1.6999998092651367
      vertex -26.799999237060547 -19.614360809326172 1.6999998092651367
      vertex -27.13886260986328 -18.442073822021484 1.6999998092651367
    endloop
  endfacet
  facet normal 0 0 1
    outer loop
      vertex -26.799999237060547 -19.614360809326172 1.6999998092651367
      vertex -27.399999618530273 -18.575130462646484 1.6999998092651367
      vertex -26.94045639038086 -19.70557403564453 1.6999998092651367
    endloop
  endfacet
  facet normal 0 0 1
    outer loop
      vertex -27.645797729492188 -18.734752655029297 1.6999998092651367
      vertex -26.94045639038086 -19.70557403564453 1.6999998092651367
      vertex -27.399999618530273 -18.575130462646484 1.6999998092651367
    endloop
  endfacet
  facet normal 0 0 1
    outer loop
      vertex -26.94045639038086 -19.70557403564453 1.6999998092651367
      vertex -27.645797729492188 -18.734752655029297 1.6999998092651367
      vertex -27.070608139038086 -19.81096839904785 1.6999998092651367
    endloop
  endfacet
  facet normal 0 0 1
    outer loop
      vertex -27.873565673828125 -18.9191951751709 1.6999998092651367
      vertex -27.070608139038086 -19.81096839904785 1.6999998092651367
      vertex -27.645797729492188 -18.734752655029297 1.6999998092651367
    endloop
  endfacet
  facet normal 0 0 1
    outer loop
      vertex -27.070608139038086 -19.81096839904785 1.6999998092651367
      vertex -27.873565673828125 -18.9191951751709 1.6999998092651367
      vertex -27.18903160095215 -19.929391860961914 1.6999998092651367
    endloop
  endfacet
  facet normal 0 0 1
    outer loop
      vertex -28.0808048248291 -19.126434326171875 1.6999998092651367
      vertex -27.18903160095215 -19.929391860961914 1.6999998092651367
      vertex -27.873565673828125 -18.9191951751709 1.6999998092651367
    endloop
  endfacet
  facet normal 0 0 1
    outer loop
      vertex -27.18903160095215 -19.929391860961914 1.6999998092651367
      vertex -28.0808048248291 -19.126434326171875 1.6999998092651367
      vertex -27.29442596435547 -20.05954360961914 1.6999998092651367
    endloop
  endfacet
  facet normal 0 0 1
    outer loop
      vertex -28.265247344970703 -19.354202270507812 1.6999998092651367
      vertex -27.29442596435547 -20.05954360961914 1.6999998092651367
      vertex -28.0808048248291 -19.126434326171875 1.6999998092651367
    endloop
  endfacet
  facet normal 0 0 1
    outer loop
      vertex -27.29442596435547 -20.05954360961914 1.6999998092651367
      vertex -28.265247344970703 -19.354202270507812 1.6999998092651367
      vertex -27.385639190673828 -20.200000762939453 1.6999998092651367
    endloop
  endfacet
  facet normal 0 0 1
    outer loop
      vertex -27.385639190673828 -20.200000762939453 1.6999998092651367
      vertex -28.424869537353516 -19.600000381469727 1.6999998092651367
      vertex -27.461671829223633 -20.34922218322754 1.6999998092651367
    endloop
  endfacet
  facet normal 0 0 1
    outer loop
      vertex -28.424869537353516 -19.600000381469727 1.6999998092651367
      vertex -27.385639190673828 -20.200000762939453 1.6999998092651367
      vertex -28.265247344970703 -19.354202270507812 1.6999998092651367
    endloop
  endfacet
  facet normal 0 0 1
    outer loop
      vertex -24.614360809326172 -21.799999237060547 1.6999998092651367
      vertex -23.575130462646484 -22.399999618530273 1.6999998092651367
      vertex -24.538328170776367 -21.65077781677246 1.6999998092651367
    endloop
  endfacet
  facet normal 0 0 1
    outer loop
      vertex -23.575130462646484 -22.399999618530273 1.6999998092651367
      vertex -24.614360809326172 -21.799999237060547 1.6999998092651367
      vertex -23.734752655029297 -22.645797729492188 1.6999998092651367
    endloop
  endfacet
  facet normal 0 0 1
    outer loop
      vertex -24.70557403564453 -21.94045639038086 1.6999998092651367
      vertex -23.734752655029297 -22.645797729492188 1.6999998092651367
      vertex -24.614360809326172 -21.799999237060547 1.6999998092651367
    endloop
  endfacet
  facet normal 0 0 1
    outer loop
      vertex -23.734752655029297 -22.645797729492188 1.6999998092651367
      vertex -24.70557403564453 -21.94045639038086 1.6999998092651367
      vertex -23.9191951751709 -22.873565673828125 1.6999998092651367
    endloop
  endfacet
  facet normal 0 0 1
    outer loop
      vertex -24.81096839904785 -22.070608139038086 1.6999998092651367
      vertex -23.9191951751709 -22.873565673828125 1.6999998092651367
      vertex -24.70557403564453 -21.94045639038086 1.6999998092651367
    endloop
  endfacet
  facet normal 0 0 1
    outer loop
      vertex -23.9191951751709 -22.873565673828125 1.6999998092651367
      vertex -24.81096839904785 -22.070608139038086 1.6999998092651367
      vertex -24.126434326171875 -23.0808048248291 1.6999998092651367
    endloop
  endfacet
  facet normal 0 0 1
    outer loop
      vertex -24.929391860961914 -22.18903160095215 1.6999998092651367
      vertex -24.126434326171875 -23.0808048248291 1.6999998092651367
      vertex -24.81096839904785 -22.070608139038086 1.6999998092651367
    endloop
  endfacet
  facet normal 0 0 1
    outer loop
      vertex -24.126434326171875 -23.0808048248291 1.6999998092651367
      vertex -24.929391860961914 -22.18903160095215 1.6999998092651367
      vertex -24.354202270507812 -23.265247344970703 1.6999998092651367
    endloop
  endfacet
  facet normal 0 0 1
    outer loop
      vertex -25.05954360961914 -22.29442596435547 1.6999998092651367
      vertex -24.354202270507812 -23.265247344970703 1.6999998092651367
      vertex -24.929391860961914 -22.18903160095215 1.6999998092651367
    endloop
  endfacet
  facet normal 0 0 1
    outer loop
      vertex -24.354202270507812 -23.265247344970703 1.6999998092651367
      vertex -25.05954360961914 -22.29442596435547 1.6999998092651367
      vertex -24.600000381469727 -23.424869537353516 1.6999998092651367
    endloop
  endfacet
  facet normal 0 0 1
    outer loop
      vertex -25.200000762939453 -22.385639190673828 1.6999998092651367
      vertex -24.600000381469727 -23.424869537353516 1.6999998092651367
      vertex -25.05954360961914 -22.29442596435547 1.6999998092651367
    endloop
  endfacet
  facet normal 0 0 1
    outer loop
      vertex -24.600000381469727 -23.424869537353516 1.6999998092651367
      vertex -25.200000762939453 -22.385639190673828 1.6999998092651367
      vertex -24.86113739013672 -23.557926177978516 1.6999998092651367
    endloop
  endfacet
  facet normal 0 0 1
    outer loop
      vertex -25.34922218322754 -22.461671829223633 1.6999998092651367
      vertex -24.86113739013672 -23.557926177978516 1.6999998092651367
      vertex -25.200000762939453 -22.385639190673828 1.6999998092651367
    endloop
  endfacet
  facet normal 0 0 1
    outer loop
      vertex -24.86113739013672 -23.557926177978516 1.6999998092651367
      vertex -25.34922218322754 -22.461671829223633 1.6999998092651367
      vertex -25.134754180908203 -23.6629581451416 1.6999998092651367
    endloop
  endfacet
  facet normal 0 0 1
    outer loop
      vertex -25.505573272705078 -22.521690368652344 1.6999998092651367
      vertex -25.134754180908203 -23.6629581451416 1.6999998092651367
      vertex -25.34922218322754 -22.461671829223633 1.6999998092651367
    endloop
  endfacet
  facet normal 0 0 1
    outer loop
      vertex -25.134754180908203 -23.6629581451416 1.6999998092651367
      vertex -25.505573272705078 -22.521690368652344 1.6999998092651367
      vertex -25.4178466796875 -23.738811492919922 1.6999998092651367
    endloop
  endfacet
  facet normal 0 0 1
    outer loop
      vertex -25.667343139648438 -22.56503677368164 1.6999998092651367
      vertex -25.4178466796875 -23.738811492919922 1.6999998092651367
      vertex -25.505573272705078 -22.521690368652344 1.6999998092651367
    endloop
  endfacet
  facet normal 0 0 1
    outer loop
      vertex -25.667343139648438 -22.56503677368164 1.6999998092651367
      vertex -25.707321166992188 -23.78466033935547 1.6999998092651367
      vertex -25.4178466796875 -23.738811492919922 1.6999998092651367
    endloop
  endfacet
  facet normal 0 0 1
    outer loop
      vertex -25.83275604248047 -22.59123420715332 1.6999998092651367
      vertex -25.707321166992188 -23.78466033935547 1.6999998092651367
      vertex -25.667343139648438 -22.56503677368164 1.6999998092651367
    endloop
  endfacet
  facet normal 0 0 1
    outer loop
      vertex -26 -22.599998474121094 1.6999998092651367
      vertex -25.707321166992188 -23.78466033935547 1.6999998092651367
      vertex -25.83275604248047 -22.59123420715332 1.6999998092651367
    endloop
  endfacet
  facet normal 0 0 1
    outer loop
      vertex -26 -22.599998474121094 1.6999998092651367
      vertex -26 -23.799999237060547 1.6999998092651367
      vertex -25.707321166992188 -23.78466033935547 1.6999998092651367
    endloop
  endfacet
  facet normal 0 0 1
    outer loop
      vertex -26.16724395751953 -22.59123420715332 1.6999998092651367
      vertex -26 -23.799999237060547 1.6999998092651367
      vertex -26 -22.599998474121094 1.6999998092651367
    endloop
  endfacet
  facet normal 0 0 1
    outer loop
      vertex -26.16724395751953 -22.59123420715332 1.6999998092651367
      vertex -26.292678833007812 -23.78466033935547 1.6999998092651367
      vertex -26 -23.799999237060547 1.6999998092651367
    endloop
  endfacet
  facet normal 0 0 1
    outer loop
      vertex -26.332656860351562 -22.56503677368164 1.6999998092651367
      vertex -26.292678833007812 -23.78466033935547 1.6999998092651367
      vertex -26.16724395751953 -22.59123420715332 1.6999998092651367
    endloop
  endfacet
  facet normal 0 0 1
    outer loop
      vertex -26.5821533203125 -23.738811492919922 1.6999998092651367
      vertex -26.332656860351562 -22.56503677368164 1.6999998092651367
      vertex -26.494426727294922 -22.521690368652344 1.6999998092651367
    endloop
  endfacet
  facet normal 0 0 1
    outer loop
      vertex -26.332656860351562 -22.56503677368164 1.6999998092651367
      vertex -26.5821533203125 -23.738811492919922 1.6999998092651367
      vertex -26.292678833007812 -23.78466033935547 1.6999998092651367
    endloop
  endfacet
  facet normal 0 0 1
    outer loop
      vertex -26.865245819091797 -23.6629581451416 1.6999998092651367
      vertex -26.494426727294922 -22.521690368652344 1.6999998092651367
      vertex -26.65077781677246 -22.461671829223633 1.6999998092651367
    endloop
  endfacet
  facet normal 0 0 1
    outer loop
      vertex -27.13886260986328 -23.557926177978516 1.6999998092651367
      vertex -26.65077781677246 -22.461671829223633 1.6999998092651367
      vertex -26.799999237060547 -22.385639190673828 1.6999998092651367
    endloop
  endfacet
  facet normal 0 0 1
    outer loop
      vertex -26.494426727294922 -22.521690368652344 1.6999998092651367
      vertex -26.865245819091797 -23.6629581451416 1.6999998092651367
      vertex -26.5821533203125 -23.738811492919922 1.6999998092651367
    endloop
  endfacet
  facet normal 0 0 1
    outer loop
      vertex -27.399999618530273 -23.424869537353516 1.6999998092651367
      vertex -26.799999237060547 -22.385639190673828 1.6999998092651367
      vertex -26.94045639038086 -22.29442596435547 1.6999998092651367
    endloop
  endfacet
  facet normal 0 0 1
    outer loop
      vertex -27.645797729492188 -23.265247344970703 1.6999998092651367
      vertex -26.94045639038086 -22.29442596435547 1.6999998092651367
      vertex -27.070608139038086 -22.18903160095215 1.6999998092651367
    endloop
  endfacet
  facet normal 0 0 1
    outer loop
      vertex -26.65077781677246 -22.461671829223633 1.6999998092651367
      vertex -27.13886260986328 -23.557926177978516 1.6999998092651367
      vertex -26.865245819091797 -23.6629581451416 1.6999998092651367
    endloop
  endfacet
  facet normal 0 0 1
    outer loop
      vertex -27.873565673828125 -23.0808048248291 1.6999998092651367
      vertex -27.070608139038086 -22.18903160095215 1.6999998092651367
      vertex -27.18903160095215 -22.070608139038086 1.6999998092651367
    endloop
  endfacet
  facet normal 0 0 1
    outer loop
      vertex -28.0808048248291 -22.873565673828125 1.6999998092651367
      vertex -27.18903160095215 -22.070608139038086 1.6999998092651367
      vertex -27.29442596435547 -21.94045639038086 1.6999998092651367
    endloop
  endfacet
  facet normal 0 0 1
    outer loop
      vertex -28.265247344970703 -22.645797729492188 1.6999998092651367
      vertex -27.29442596435547 -21.94045639038086 1.6999998092651367
      vertex -27.385639190673828 -21.799999237060547 1.6999998092651367
    endloop
  endfacet
  facet normal 0 0 1
    outer loop
      vertex -26.799999237060547 -22.385639190673828 1.6999998092651367
      vertex -27.399999618530273 -23.424869537353516 1.6999998092651367
      vertex -27.13886260986328 -23.557926177978516 1.6999998092651367
    endloop
  endfacet
  facet normal 0 0 1
    outer loop
      vertex -28.424869537353516 -22.399999618530273 1.6999998092651367
      vertex -27.385639190673828 -21.799999237060547 1.6999998092651367
      vertex -27.461671829223633 -21.65077781677246 1.6999998092651367
    endloop
  endfacet
  facet normal 0 0 1
    outer loop
      vertex -28.557926177978516 -22.13886260986328 1.6999998092651367
      vertex -27.461671829223633 -21.65077781677246 1.6999998092651367
      vertex -27.521690368652344 -21.494426727294922 1.6999998092651367
    endloop
  endfacet
  facet normal 0 0 1
    outer loop
      vertex -28.6629581451416 -21.865245819091797 1.6999998092651367
      vertex -27.521690368652344 -21.494426727294922 1.6999998092651367
      vertex -27.56503677368164 -21.332656860351562 1.6999998092651367
    endloop
  endfacet
  facet normal 0 0 1
    outer loop
      vertex -28.738811492919922 -21.5821533203125 1.6999998092651367
      vertex -27.56503677368164 -21.332656860351562 1.6999998092651367
      vertex -27.59123420715332 -21.16724395751953 1.6999998092651367
    endloop
  endfacet
  facet normal 0 0 1
    outer loop
      vertex -26.94045639038086 -22.29442596435547 1.6999998092651367
      vertex -27.645797729492188 -23.265247344970703 1.6999998092651367
      vertex -27.399999618530273 -23.424869537353516 1.6999998092651367
    endloop
  endfacet
  facet normal 0 0 1
    outer loop
      vertex -28.78466033935547 -21.292678833007812 1.6999998092651367
      vertex -27.59123420715332 -21.16724395751953 1.6999998092651367
      vertex -27.599998474121094 -21 1.6999998092651367
    endloop
  endfacet
  facet normal 0 0 1
    outer loop
      vertex -28.557926177978516 -19.86113739013672 1.6999998092651367
      vertex -27.461671829223633 -20.34922218322754 1.6999998092651367
      vertex -28.424869537353516 -19.600000381469727 1.6999998092651367
    endloop
  endfacet
  facet normal 0 0 1
    outer loop
      vertex -27.461671829223633 -20.34922218322754 1.6999998092651367
      vertex -28.557926177978516 -19.86113739013672 1.6999998092651367
      vertex -27.521690368652344 -20.505573272705078 1.6999998092651367
    endloop
  endfacet
  facet normal 0 0 1
    outer loop
      vertex -27.070608139038086 -22.18903160095215 1.6999998092651367
      vertex -27.873565673828125 -23.0808048248291 1.6999998092651367
      vertex -27.645797729492188 -23.265247344970703 1.6999998092651367
    endloop
  endfacet
  facet normal 0 0 1
    outer loop
      vertex -28.6629581451416 -20.134754180908203 1.6999998092651367
      vertex -27.521690368652344 -20.505573272705078 1.6999998092651367
      vertex -28.557926177978516 -19.86113739013672 1.6999998092651367
    endloop
  endfacet
  facet normal 0 0 1
    outer loop
      vertex -27.18903160095215 -22.070608139038086 1.6999998092651367
      vertex -28.0808048248291 -22.873565673828125 1.6999998092651367
      vertex -27.873565673828125 -23.0808048248291 1.6999998092651367
    endloop
  endfacet
  facet normal 0 0 1
    outer loop
      vertex -27.521690368652344 -20.505573272705078 1.6999998092651367
      vertex -28.6629581451416 -20.134754180908203 1.6999998092651367
      vertex -27.56503677368164 -20.667343139648438 1.6999998092651367
    endloop
  endfacet
  facet normal 0 0 1
    outer loop
      vertex -27.29442596435547 -21.94045639038086 1.6999998092651367
      vertex -28.265247344970703 -22.645797729492188 1.6999998092651367
      vertex -28.0808048248291 -22.873565673828125 1.6999998092651367
    endloop
  endfacet
  facet normal 0 0 1
    outer loop
      vertex -28.738811492919922 -20.4178466796875 1.6999998092651367
      vertex -27.56503677368164 -20.667343139648438 1.6999998092651367
      vertex -28.6629581451416 -20.134754180908203 1.6999998092651367
    endloop
  endfacet
  facet normal 0 0 1
    outer loop
      vertex -27.385639190673828 -21.799999237060547 1.6999998092651367
      vertex -28.424869537353516 -22.399999618530273 1.6999998092651367
      vertex -28.265247344970703 -22.645797729492188 1.6999998092651367
    endloop
  endfacet
  facet normal 0 0 1
    outer loop
      vertex -27.56503677368164 -20.667343139648438 1.6999998092651367
      vertex -28.738811492919922 -20.4178466796875 1.6999998092651367
      vertex -27.59123420715332 -20.83275604248047 1.6999998092651367
    endloop
  endfacet
  facet normal 0 0 1
    outer loop
      vertex -27.461671829223633 -21.65077781677246 1.6999998092651367
      vertex -28.557926177978516 -22.13886260986328 1.6999998092651367
      vertex -28.424869537353516 -22.399999618530273 1.6999998092651367
    endloop
  endfacet
  facet normal 0 0 1
    outer loop
      vertex -28.78466033935547 -20.707321166992188 1.6999998092651367
      vertex -27.59123420715332 -20.83275604248047 1.6999998092651367
      vertex -28.738811492919922 -20.4178466796875 1.6999998092651367
    endloop
  endfacet
  facet normal 0 0 1
    outer loop
      vertex -27.521690368652344 -21.494426727294922 1.6999998092651367
      vertex -28.6629581451416 -21.865245819091797 1.6999998092651367
      vertex -28.557926177978516 -22.13886260986328 1.6999998092651367
    endloop
  endfacet
  facet normal 0 0 1
    outer loop
      vertex -27.59123420715332 -20.83275604248047 1.6999998092651367
      vertex -28.78466033935547 -20.707321166992188 1.6999998092651367
      vertex -27.599998474121094 -21 1.6999998092651367
    endloop
  endfacet
  facet normal 0 0 1
    outer loop
      vertex -27.56503677368164 -21.332656860351562 1.6999998092651367
      vertex -28.738811492919922 -21.5821533203125 1.6999998092651367
      vertex -28.6629581451416 -21.865245819091797 1.6999998092651367
    endloop
  endfacet
  facet normal 0 0 1
    outer loop
      vertex -28.799999237060547 -21 1.6999998092651367
      vertex -27.599998474121094 -21 1.6999998092651367
      vertex -28.78466033935547 -20.707321166992188 1.6999998092651367
    endloop
  endfacet
  facet normal 0 0 1
    outer loop
      vertex -27.59123420715332 -21.16724395751953 1.6999998092651367
      vertex -28.78466033935547 -21.292678833007812 1.6999998092651367
      vertex -28.738811492919922 -21.5821533203125 1.6999998092651367
    endloop
  endfacet
  facet normal 0 0 1
    outer loop
      vertex -27.599998474121094 -21 1.6999998092651367
      vertex -28.799999237060547 -21 1.6999998092651367
      vertex -28.78466033935547 -21.292678833007812 1.6999998092651367
    endloop
  endfacet
  facet normal -0.8386720754559689 0.544636713645323 0
    outer loop
      vertex -23.734752655029297 -22.645797729492188 1.6999998092651367
      vertex -23.575130462646484 -22.399999618530273 3.1999998092651367
      vertex -23.575130462646484 -22.399999618530273 1.6999998092651367
    endloop
  endfacet
  facet normal -0.8386720754559689 0.544636713645323 0
    outer loop
      vertex -23.575130462646484 -22.399999618530273 3.1999998092651367
      vertex -23.734752655029297 -22.645797729492188 1.6999998092651367
      vertex -23.734752655029297 -22.645797729492188 3.1999998092651367
    endloop
  endfacet
  facet normal -0.2588156748908872 -0.9659267293282522 0
    outer loop
      vertex -25.4178466796875 -18.261188507080078 1.6999998092651367
      vertex -25.134754180908203 -18.3370418548584 3.1999998092651367
      vertex -25.4178466796875 -18.261188507080078 3.1999998092651367
    endloop
  endfacet
  facet normal -0.2588156748908872 -0.9659267293282522 0
    outer loop
      vertex -25.134754180908203 -18.3370418548584 3.1999998092651367
      vertex -25.4178466796875 -18.261188507080078 1.6999998092651367
      vertex -25.134754180908203 -18.3370418548584 1.6999998092651367
    endloop
  endfacet
  facet normal 0.777146502883238 0.6293197224434917 0
    outer loop
      vertex -28.0808048248291 -22.873565673828125 3.1999998092651367
      vertex -28.265247344970703 -22.645797729492188 1.6999998092651367
      vertex -28.265247344970703 -22.645797729492188 3.1999998092651367
    endloop
  endfacet
  facet normal 0.777146502883238 0.6293197224434917 0
    outer loop
      vertex -28.265247344970703 -22.645797729492188 1.6999998092651367
      vertex -28.0808048248291 -22.873565673828125 3.1999998092651367
      vertex -28.0808048248291 -22.873565673828125 1.6999998092651367
    endloop
  endfacet
  facet normal 0.45399236582892294 0.8910055733658783 0
    outer loop
      vertex -27.13886260986328 -23.557926177978516 1.6999998092651367
      vertex -27.399999618530273 -23.424869537353516 3.1999998092651367
      vertex -27.13886260986328 -23.557926177978516 3.1999998092651367
    endloop
  endfacet
  facet normal 0.45399236582892294 0.8910055733658783 0
    outer loop
      vertex -27.399999618530273 -23.424869537353516 3.1999998092651367
      vertex -27.13886260986328 -23.557926177978516 1.6999998092651367
      vertex -27.399999618530273 -23.424869537353516 1.6999998092651367
    endloop
  endfacet
  facet normal 0.544636713645323 -0.8386720754559689 0
    outer loop
      vertex -27.645797729492188 -18.734752655029297 1.6999998092651367
      vertex -27.399999618530273 -18.575130462646484 3.1999998092651367
      vertex -27.645797729492188 -18.734752655029297 3.1999998092651367
    endloop
  endfacet
  facet normal 0.544636713645323 -0.8386720754559689 0
    outer loop
      vertex -27.399999618530273 -18.575130462646484 3.1999998092651367
      vertex -27.645797729492188 -18.734752655029297 1.6999998092651367
      vertex -27.399999618530273 -18.575130462646484 1.6999998092651367
    endloop
  endfacet
  facet normal 0.544636713645323 0.8386720754559689 0
    outer loop
      vertex -27.399999618530273 -23.424869537353516 1.6999998092651367
      vertex -27.645797729492188 -23.265247344970703 3.1999998092651367
      vertex -27.399999618530273 -23.424869537353516 3.1999998092651367
    endloop
  endfacet
  facet normal 0.544636713645323 0.8386720754559689 0
    outer loop
      vertex -27.645797729492188 -23.265247344970703 3.1999998092651367
      vertex -27.399999618530273 -23.424869537353516 1.6999998092651367
      vertex -27.645797729492188 -23.265247344970703 1.6999998092651367
    endloop
  endfacet
  facet normal -0.45399236582892294 0.8910055733658783 0
    outer loop
      vertex -24.600000381469727 -23.424869537353516 1.6999998092651367
      vertex -24.86113739013672 -23.557926177978516 3.1999998092651367
      vertex -24.600000381469727 -23.424869537353516 3.1999998092651367
    endloop
  endfacet
  facet normal -0.45399236582892294 0.8910055733658783 0
    outer loop
      vertex -24.86113739013672 -23.557926177978516 3.1999998092651367
      vertex -24.600000381469727 -23.424869537353516 1.6999998092651367
      vertex -24.86113739013672 -23.557926177978516 1.6999998092651367
    endloop
  endfacet
  facet normal 0.7071067811865476 0.7071067811865476 0
    outer loop
      vertex -27.873565673828125 -23.0808048248291 3.1999998092651367
      vertex -28.0808048248291 -22.873565673828125 1.6999998092651367
      vertex -28.0808048248291 -22.873565673828125 3.1999998092651367
    endloop
  endfacet
  facet normal 0.7071067811865476 0.7071067811865476 0
    outer loop
      vertex -28.0808048248291 -22.873565673828125 1.6999998092651367
      vertex -27.873565673828125 -23.0808048248291 3.1999998092651367
      vertex -27.873565673828125 -23.0808048248291 1.6999998092651367
    endloop
  endfacet
  facet normal -0.15643643476845734 0.9876880286188215 0
    outer loop
      vertex -25.4178466796875 -23.738811492919922 1.6999998092651367
      vertex -25.707321166992188 -23.78466033935547 3.1999998092651367
      vertex -25.4178466796875 -23.738811492919922 3.1999998092651367
    endloop
  endfacet
  facet normal -0.15643643476845734 0.9876880286188215 0
    outer loop
      vertex -25.707321166992188 -23.78466033935547 3.1999998092651367
      vertex -25.4178466796875 -23.738811492919922 1.6999998092651367
      vertex -25.707321166992188 -23.78466033935547 1.6999998092651367
    endloop
  endfacet
  facet normal -0.3583689065273435 0.9335800591456505 0
    outer loop
      vertex -24.86113739013672 -23.557926177978516 1.6999998092651367
      vertex -25.134754180908203 -23.6629581451416 3.1999998092651367
      vertex -24.86113739013672 -23.557926177978516 3.1999998092651367
    endloop
  endfacet
  facet normal -0.3583689065273435 0.9335800591456505 0
    outer loop
      vertex -25.134754180908203 -23.6629581451416 3.1999998092651367
      vertex -24.86113739013672 -23.557926177978516 1.6999998092651367
      vertex -25.134754180908203 -23.6629581451416 1.6999998092651367
    endloop
  endfacet
  facet normal -0.7071067811865476 0.7071067811865476 0
    outer loop
      vertex -24.929391860961914 19.81096839904785 0
      vertex -24.81096839904785 19.929391860961914 1.6999998092651367
      vertex -24.81096839904785 19.929391860961914 0
    endloop
  endfacet
  facet normal -0.7071067811865476 0.7071067811865476 0
    outer loop
      vertex -24.81096839904785 19.929391860961914 1.6999998092651367
      vertex -24.929391860961914 19.81096839904785 0
      vertex -24.929391860961914 19.81096839904785 1.6999998092651367
    endloop
  endfacet
  facet normal -0.9986297274365881 -0.05233227952159028 0
    outer loop
      vertex -24.400001525878906 21 0
      vertex -24.40876579284668 21.16724395751953 1.6999998092651367
      vertex -24.40876579284668 21.16724395751953 0
    endloop
  endfacet
  facet normal -0.9986297274365881 -0.05233227952159028 0
    outer loop
      vertex -24.40876579284668 21.16724395751953 1.6999998092651367
      vertex -24.400001525878906 21 0
      vertex -24.400001525878906 21 1.6999998092651367
    endloop
  endfacet
  facet normal 0.8386725195762839 0.5446360297552559 0
    outer loop
      vertex -27.29442596435547 20.05954360961914 1.6999998092651367
      vertex -27.385639190673828 20.200000762939453 0
      vertex -27.385639190673828 20.200000762939453 1.6999998092651367
    endloop
  endfacet
  facet normal 0.8386725195762839 0.5446360297552559 0
    outer loop
      vertex -27.385639190673828 20.200000762939453 0
      vertex -27.29442596435547 20.05954360961914 1.6999998092651367
      vertex -27.29442596435547 20.05954360961914 0
    endloop
  endfacet
  facet normal 0.7071067811865476 -0.7071067811865476 0
    outer loop
      vertex -27.18903160095215 22.070608139038086 1.6999998092651367
      vertex -27.070608139038086 22.18903160095215 0
      vertex -27.070608139038086 22.18903160095215 1.6999998092651367
    endloop
  endfacet
  facet normal 0.7071067811865476 -0.7071067811865476 0
    outer loop
      vertex -27.070608139038086 22.18903160095215 0
      vertex -27.18903160095215 22.070608139038086 1.6999998092651367
      vertex -27.18903160095215 22.070608139038086 0
    endloop
  endfacet
  facet normal -0.8910052505725483 -0.45399299934266624 0
    outer loop
      vertex -24.538328170776367 21.65077781677246 0
      vertex -24.614360809326172 21.799999237060547 1.6999998092651367
      vertex -24.614360809326172 21.799999237060547 0
    endloop
  endfacet
  facet normal -0.8910052505725483 -0.45399299934266624 0
    outer loop
      vertex -24.614360809326172 21.799999237060547 1.6999998092651367
      vertex -24.538328170776367 21.65077781677246 0
      vertex -24.538328170776367 21.65077781677246 1.6999998092651367
    endloop
  endfacet
  facet normal 0.45399299934266624 0.8910052505725483 0
    outer loop
      vertex -26.65077781677246 19.538328170776367 0
      vertex -26.799999237060547 19.614360809326172 1.6999998092651367
      vertex -26.65077781677246 19.538328170776367 1.6999998092651367
    endloop
  endfacet
  facet normal 0.45399299934266624 0.8910052505725483 0
    outer loop
      vertex -26.799999237060547 19.614360809326172 1.6999998092651367
      vertex -26.65077781677246 19.538328170776367 0
      vertex -26.799999237060547 19.614360809326172 0
    endloop
  endfacet
  facet normal -0.6293187878740293 -0.777147259680405 0
    outer loop
      vertex -25.05954360961914 22.29442596435547 0
      vertex -24.929391860961914 22.18903160095215 1.6999998092651367
      vertex -25.05954360961914 22.29442596435547 1.6999998092651367
    endloop
  endfacet
  facet normal -0.6293187878740293 -0.777147259680405 0
    outer loop
      vertex -24.929391860961914 22.18903160095215 1.6999998092651367
      vertex -25.05954360961914 22.29442596435547 0
      vertex -24.929391860961914 22.18903160095215 0
    endloop
  endfacet
  facet normal 0.9986297274365881 -0.05233227952159028 0
    outer loop
      vertex -27.599998474121094 21 1.6999998092651367
      vertex -27.59123420715332 21.16724395751953 0
      vertex -27.59123420715332 21.16724395751953 1.6999998092651367
    endloop
  endfacet
  facet normal 0.9986297274365881 -0.05233227952159028 0
    outer loop
      vertex -27.59123420715332 21.16724395751953 0
      vertex -27.599998474121094 21 1.6999998092651367
      vertex -27.599998474121094 21 0
    endloop
  endfacet
  facet normal 0.9659253787292911 -0.25882071541257184 0
    outer loop
      vertex -27.56503677368164 21.332656860351562 1.6999998092651367
      vertex -27.521690368652344 21.494426727294922 0
      vertex -27.521690368652344 21.494426727294922 1.6999998092651367
    endloop
  endfacet
  facet normal 0.9659253787292911 -0.25882071541257184 0
    outer loop
      vertex -27.521690368652344 21.494426727294922 0
      vertex -27.56503677368164 21.332656860351562 1.6999998092651367
      vertex -27.56503677368164 21.332656860351562 0
    endloop
  endfacet
  facet normal -0.7071067811865476 -0.7071067811865476 0
    outer loop
      vertex -24.81096839904785 22.070608139038086 0
      vertex -24.929391860961914 22.18903160095215 1.6999998092651367
      vertex -24.929391860961914 22.18903160095215 0
    endloop
  endfacet
  facet normal -0.7071067811865476 -0.7071067811865476 0
    outer loop
      vertex -24.929391860961914 22.18903160095215 1.6999998092651367
      vertex -24.81096839904785 22.070608139038086 0
      vertex -24.81096839904785 22.070608139038086 1.6999998092651367
    endloop
  endfacet
  facet normal -0.8386725195762839 0.5446360297552559 0
    outer loop
      vertex -24.70557403564453 20.05954360961914 0
      vertex -24.614360809326172 20.200000762939453 1.6999998092651367
      vertex -24.614360809326172 20.200000762939453 0
    endloop
  endfacet
  facet normal -0.8386725195762839 0.5446360297552559 0
    outer loop
      vertex -24.614360809326172 20.200000762939453 1.6999998092651367
      vertex -24.70557403564453 20.05954360961914 0
      vertex -24.70557403564453 20.05954360961914 1.6999998092651367
    endloop
  endfacet
  facet normal 0.5446360297552559 -0.8386725195762839 0
    outer loop
      vertex -26.94045639038086 22.29442596435547 0
      vertex -26.799999237060547 22.385639190673828 1.6999998092651367
      vertex -26.94045639038086 22.29442596435547 1.6999998092651367
    endloop
  endfacet
  facet normal 0.5446360297552559 -0.8386725195762839 0
    outer loop
      vertex -26.799999237060547 22.385639190673828 1.6999998092651367
      vertex -26.94045639038086 22.29442596435547 0
      vertex -26.799999237060547 22.385639190673828 0
    endloop
  endfacet
  facet normal -0.6293187878740293 0.777147259680405 0
    outer loop
      vertex -24.929391860961914 19.81096839904785 0
      vertex -25.05954360961914 19.70557403564453 1.6999998092651367
      vertex -24.929391860961914 19.81096839904785 1.6999998092651367
    endloop
  endfacet
  facet normal -0.6293187878740293 0.777147259680405 0
    outer loop
      vertex -25.05954360961914 19.70557403564453 1.6999998092651367
      vertex -24.929391860961914 19.81096839904785 0
      vertex -25.05954360961914 19.70557403564453 0
    endloop
  endfacet
  facet normal 0.8910052505725483 0.45399299934266624 0
    outer loop
      vertex -27.385639190673828 20.200000762939453 1.6999998092651367
      vertex -27.461671829223633 20.34922218322754 0
      vertex -27.461671829223633 20.34922218322754 1.6999998092651367
    endloop
  endfacet
  facet normal 0.8910052505725483 0.45399299934266624 0
    outer loop
      vertex -27.461671829223633 20.34922218322754 0
      vertex -27.385639190673828 20.200000762939453 1.6999998092651367
      vertex -27.385639190673828 20.200000762939453 0
    endloop
  endfacet
  facet normal -0.8910052505725483 0.45399299934266624 0
    outer loop
      vertex -24.614360809326172 20.200000762939453 0
      vertex -24.538328170776367 20.34922218322754 1.6999998092651367
      vertex -24.538328170776367 20.34922218322754 0
    endloop
  endfacet
  facet normal -0.8910052505725483 0.45399299934266624 0
    outer loop
      vertex -24.538328170776367 20.34922218322754 1.6999998092651367
      vertex -24.614360809326172 20.200000762939453 0
      vertex -24.614360809326172 20.200000762939453 1.6999998092651367
    endloop
  endfacet
  facet normal 0.6293187878740293 -0.777147259680405 0
    outer loop
      vertex -27.070608139038086 22.18903160095215 0
      vertex -26.94045639038086 22.29442596435547 1.6999998092651367
      vertex -27.070608139038086 22.18903160095215 1.6999998092651367
    endloop
  endfacet
  facet normal 0.6293187878740293 -0.777147259680405 0
    outer loop
      vertex -26.94045639038086 22.29442596435547 1.6999998092651367
      vertex -27.070608139038086 22.18903160095215 0
      vertex -26.94045639038086 22.29442596435547 0
    endloop
  endfacet
  facet normal 0.35837304621262817 -0.933578470053954 0
    outer loop
      vertex -26.65077781677246 22.461671829223633 0
      vertex -26.494426727294922 22.521690368652344 1.6999998092651367
      vertex -26.65077781677246 22.461671829223633 1.6999998092651367
    endloop
  endfacet
  facet normal 0.35837304621262817 -0.933578470053954 0
    outer loop
      vertex -26.494426727294922 22.521690368652344 1.6999998092651367
      vertex -26.65077781677246 22.461671829223633 0
      vertex -26.494426727294922 22.521690368652344 0
    endloop
  endfacet
  facet normal -0.9876896290036873 -0.15642633013197782 0
    outer loop
      vertex -24.40876579284668 21.16724395751953 0
      vertex -24.43496322631836 21.332656860351562 1.6999998092651367
      vertex -24.43496322631836 21.332656860351562 0
    endloop
  endfacet
  facet normal -0.9876896290036873 -0.15642633013197782 0
    outer loop
      vertex -24.43496322631836 21.332656860351562 1.6999998092651367
      vertex -24.40876579284668 21.16724395751953 0
      vertex -24.40876579284668 21.16724395751953 1.6999998092651367
    endloop
  endfacet
  facet normal -0.9659253787292911 -0.25882071541257184 0
    outer loop
      vertex -24.43496322631836 21.332656860351562 0
      vertex -24.478309631347656 21.494426727294922 1.6999998092651367
      vertex -24.478309631347656 21.494426727294922 0
    endloop
  endfacet
  facet normal -0.9659253787292911 -0.25882071541257184 0
    outer loop
      vertex -24.478309631347656 21.494426727294922 1.6999998092651367
      vertex -24.43496322631836 21.332656860351562 0
      vertex -24.43496322631836 21.332656860351562 1.6999998092651367
    endloop
  endfacet
  facet normal 0.7071067811865476 0.7071067811865476 0
    outer loop
      vertex -27.070608139038086 19.81096839904785 1.6999998092651367
      vertex -27.18903160095215 19.929391860961914 0
      vertex -27.18903160095215 19.929391860961914 1.6999998092651367
    endloop
  endfacet
  facet normal 0.7071067811865476 0.7071067811865476 0
    outer loop
      vertex -27.18903160095215 19.929391860961914 0
      vertex -27.070608139038086 19.81096839904785 1.6999998092651367
      vertex -27.070608139038086 19.81096839904785 0
    endloop
  endfacet
  facet normal 0.9876896290036873 -0.15642633013197782 0
    outer loop
      vertex -27.59123420715332 21.16724395751953 1.6999998092651367
      vertex -27.56503677368164 21.332656860351562 0
      vertex -27.56503677368164 21.332656860351562 1.6999998092651367
    endloop
  endfacet
  facet normal 0.9876896290036873 -0.15642633013197782 0
    outer loop
      vertex -27.56503677368164 21.332656860351562 0
      vertex -27.59123420715332 21.16724395751953 1.6999998092651367
      vertex -27.59123420715332 21.16724395751953 0
    endloop
  endfacet
  facet normal 0.45399299934266624 -0.8910052505725483 0
    outer loop
      vertex -26.799999237060547 22.385639190673828 0
      vertex -26.65077781677246 22.461671829223633 1.6999998092651367
      vertex -26.799999237060547 22.385639190673828 1.6999998092651367
    endloop
  endfacet
  facet normal 0.45399299934266624 -0.8910052505725483 0
    outer loop
      vertex -26.65077781677246 22.461671829223633 1.6999998092651367
      vertex -26.799999237060547 22.385639190673828 0
      vertex -26.65077781677246 22.461671829223633 0
    endloop
  endfacet
  facet normal -0.777147259680405 0.6293187878740293 0
    outer loop
      vertex -24.81096839904785 19.929391860961914 0
      vertex -24.70557403564453 20.05954360961914 1.6999998092651367
      vertex -24.70557403564453 20.05954360961914 0
    endloop
  endfacet
  facet normal -0.777147259680405 0.6293187878740293 0
    outer loop
      vertex -24.70557403564453 20.05954360961914 1.6999998092651367
      vertex -24.81096839904785 19.929391860961914 0
      vertex -24.81096839904785 19.929391860961914 1.6999998092651367
    endloop
  endfacet
  facet normal 0.25882071541257184 -0.9659253787292911 0
    outer loop
      vertex -26.494426727294922 22.521690368652344 0
      vertex -26.332656860351562 22.56503677368164 1.6999998092651367
      vertex -26.494426727294922 22.521690368652344 1.6999998092651367
    endloop
  endfacet
  facet normal 0.25882071541257184 -0.9659253787292911 0
    outer loop
      vertex -26.332656860351562 22.56503677368164 1.6999998092651367
      vertex -26.494426727294922 22.521690368652344 0
      vertex -26.332656860351562 22.56503677368164 0
    endloop
  endfacet
  facet normal -0.25882071541257184 -0.9659253787292911 0
    outer loop
      vertex -25.667343139648438 22.56503677368164 0
      vertex -25.505573272705078 22.521690368652344 1.6999998092651367
      vertex -25.667343139648438 22.56503677368164 1.6999998092651367
    endloop
  endfacet
  facet normal -0.25882071541257184 -0.9659253787292911 0
    outer loop
      vertex -25.505573272705078 22.521690368652344 1.6999998092651367
      vertex -25.667343139648438 22.56503677368164 0
      vertex -25.505573272705078 22.521690368652344 0
    endloop
  endfacet
  facet normal 0.8386725195762839 -0.5446360297552559 0
    outer loop
      vertex -27.385639190673828 21.799999237060547 1.6999998092651367
      vertex -27.29442596435547 21.94045639038086 0
      vertex -27.29442596435547 21.94045639038086 1.6999998092651367
    endloop
  endfacet
  facet normal 0.8386725195762839 -0.5446360297552559 0
    outer loop
      vertex -27.29442596435547 21.94045639038086 0
      vertex -27.385639190673828 21.799999237060547 1.6999998092651367
      vertex -27.385639190673828 21.799999237060547 0
    endloop
  endfacet
  facet normal -0.9986297274365881 0.05233227952159028 0
    outer loop
      vertex -24.40876579284668 20.83275604248047 0
      vertex -24.400001525878906 21 1.6999998092651367
      vertex -24.400001525878906 21 0
    endloop
  endfacet
  facet normal -0.9986297274365881 0.05233227952159028 0
    outer loop
      vertex -24.400001525878906 21 1.6999998092651367
      vertex -24.40876579284668 20.83275604248047 0
      vertex -24.40876579284668 20.83275604248047 1.6999998092651367
    endloop
  endfacet
  facet normal -0.5446360297552559 -0.8386725195762839 0
    outer loop
      vertex -25.200000762939453 22.385639190673828 0
      vertex -25.05954360961914 22.29442596435547 1.6999998092651367
      vertex -25.200000762939453 22.385639190673828 1.6999998092651367
    endloop
  endfacet
  facet normal -0.5446360297552559 -0.8386725195762839 0
    outer loop
      vertex -25.05954360961914 22.29442596435547 1.6999998092651367
      vertex -25.200000762939453 22.385639190673828 0
      vertex -25.05954360961914 22.29442596435547 0
    endloop
  endfacet
  facet normal -0.9876896290036873 0.15642633013197782 0
    outer loop
      vertex -24.43496322631836 20.667343139648438 0
      vertex -24.40876579284668 20.83275604248047 1.6999998092651367
      vertex -24.40876579284668 20.83275604248047 0
    endloop
  endfacet
  facet normal -0.9876896290036873 0.15642633013197782 0
    outer loop
      vertex -24.40876579284668 20.83275604248047 1.6999998092651367
      vertex -24.43496322631836 20.667343139648438 0
      vertex -24.43496322631836 20.667343139648438 1.6999998092651367
    endloop
  endfacet
  facet normal -0.933578470053954 -0.35837304621262817 0
    outer loop
      vertex -24.478309631347656 21.494426727294922 0
      vertex -24.538328170776367 21.65077781677246 1.6999998092651367
      vertex -24.538328170776367 21.65077781677246 0
    endloop
  endfacet
  facet normal -0.933578470053954 -0.35837304621262817 0
    outer loop
      vertex -24.538328170776367 21.65077781677246 1.6999998092651367
      vertex -24.478309631347656 21.494426727294922 0
      vertex -24.478309631347656 21.494426727294922 1.6999998092651367
    endloop
  endfacet
  facet normal -0.35837304621262817 -0.933578470053954 0
    outer loop
      vertex -25.505573272705078 22.521690368652344 0
      vertex -25.34922218322754 22.461671829223633 1.6999998092651367
      vertex -25.505573272705078 22.521690368652344 1.6999998092651367
    endloop
  endfacet
  facet normal -0.35837304621262817 -0.933578470053954 0
    outer loop
      vertex -25.34922218322754 22.461671829223633 1.6999998092651367
      vertex -25.505573272705078 22.521690368652344 0
      vertex -25.34922218322754 22.461671829223633 0
    endloop
  endfacet
  facet normal 0.933578470053954 0.35837304621262817 0
    outer loop
      vertex -27.461671829223633 20.34922218322754 1.6999998092651367
      vertex -27.521690368652344 20.505573272705078 0
      vertex -27.521690368652344 20.505573272705078 1.6999998092651367
    endloop
  endfacet
  facet normal 0.933578470053954 0.35837304621262817 0
    outer loop
      vertex -27.521690368652344 20.505573272705078 0
      vertex -27.461671829223633 20.34922218322754 1.6999998092651367
      vertex -27.461671829223633 20.34922218322754 0
    endloop
  endfacet
  facet normal -0.05233227952159028 0.9986297274365881 0
    outer loop
      vertex -25.83275604248047 19.40876579284668 0
      vertex -26 19.400001525878906 1.6999998092651367
      vertex -25.83275604248047 19.40876579284668 1.6999998092651367
    endloop
  endfacet
  facet normal -0.05233227952159028 0.9986297274365881 0
    outer loop
      vertex -26 19.400001525878906 1.6999998092651367
      vertex -25.83275604248047 19.40876579284668 0
      vertex -26 19.400001525878906 0
    endloop
  endfacet
  facet normal 0.05233227952159028 0.9986297274365881 0
    outer loop
      vertex -26 19.400001525878906 0
      vertex -26.16724395751953 19.40876579284668 1.6999998092651367
      vertex -26 19.400001525878906 1.6999998092651367
    endloop
  endfacet
  facet normal 0.05233227952159028 0.9986297274365881 0
    outer loop
      vertex -26.16724395751953 19.40876579284668 1.6999998092651367
      vertex -26 19.400001525878906 0
      vertex -26.16724395751953 19.40876579284668 0
    endloop
  endfacet
  facet normal -0.8386725195762839 -0.5446360297552559 0
    outer loop
      vertex -24.614360809326172 21.799999237060547 0
      vertex -24.70557403564453 21.94045639038086 1.6999998092651367
      vertex -24.70557403564453 21.94045639038086 0
    endloop
  endfacet
  facet normal -0.8386725195762839 -0.5446360297552559 0
    outer loop
      vertex -24.70557403564453 21.94045639038086 1.6999998092651367
      vertex -24.614360809326172 21.799999237060547 0
      vertex -24.614360809326172 21.799999237060547 1.6999998092651367
    endloop
  endfacet
  facet normal -0.933578470053954 0.35837304621262817 0
    outer loop
      vertex -24.538328170776367 20.34922218322754 0
      vertex -24.478309631347656 20.505573272705078 1.6999998092651367
      vertex -24.478309631347656 20.505573272705078 0
    endloop
  endfacet
  facet normal -0.933578470053954 0.35837304621262817 0
    outer loop
      vertex -24.478309631347656 20.505573272705078 1.6999998092651367
      vertex -24.538328170776367 20.34922218322754 0
      vertex -24.538328170776367 20.34922218322754 1.6999998092651367
    endloop
  endfacet
  facet normal -0.15642633013197782 -0.9876896290036873 0
    outer loop
      vertex -25.83275604248047 22.59123420715332 0
      vertex -25.667343139648438 22.56503677368164 1.6999998092651367
      vertex -25.83275604248047 22.59123420715332 1.6999998092651367
    endloop
  endfacet
  facet normal -0.15642633013197782 -0.9876896290036873 0
    outer loop
      vertex -25.667343139648438 22.56503677368164 1.6999998092651367
      vertex -25.83275604248047 22.59123420715332 0
      vertex -25.667343139648438 22.56503677368164 0
    endloop
  endfacet
  facet normal 0.9659253787292911 0.25882071541257184 0
    outer loop
      vertex -27.521690368652344 20.505573272705078 1.6999998092651367
      vertex -27.56503677368164 20.667343139648438 0
      vertex -27.56503677368164 20.667343139648438 1.6999998092651367
    endloop
  endfacet
  facet normal 0.9659253787292911 0.25882071541257184 0
    outer loop
      vertex -27.56503677368164 20.667343139648438 0
      vertex -27.521690368652344 20.505573272705078 1.6999998092651367
      vertex -27.521690368652344 20.505573272705078 0
    endloop
  endfacet
  facet normal -0.5446360297552559 0.8386725195762839 0
    outer loop
      vertex -25.05954360961914 19.70557403564453 0
      vertex -25.200000762939453 19.614360809326172 1.6999998092651367
      vertex -25.05954360961914 19.70557403564453 1.6999998092651367
    endloop
  endfacet
  facet normal -0.5446360297552559 0.8386725195762839 0
    outer loop
      vertex -25.200000762939453 19.614360809326172 1.6999998092651367
      vertex -25.05954360961914 19.70557403564453 0
      vertex -25.200000762939453 19.614360809326172 0
    endloop
  endfacet
  facet normal 0.9876896290036873 0.15642633013197782 0
    outer loop
      vertex -27.56503677368164 20.667343139648438 1.6999998092651367
      vertex -27.59123420715332 20.83275604248047 0
      vertex -27.59123420715332 20.83275604248047 1.6999998092651367
    endloop
  endfacet
  facet normal 0.9876896290036873 0.15642633013197782 0
    outer loop
      vertex -27.59123420715332 20.83275604248047 0
      vertex -27.56503677368164 20.667343139648438 1.6999998092651367
      vertex -27.56503677368164 20.667343139648438 0
    endloop
  endfacet
  facet normal -0.15642633013197782 0.9876896290036873 0
    outer loop
      vertex -25.667343139648438 19.43496322631836 0
      vertex -25.83275604248047 19.40876579284668 1.6999998092651367
      vertex -25.667343139648438 19.43496322631836 1.6999998092651367
    endloop
  endfacet
  facet normal -0.15642633013197782 0.9876896290036873 0
    outer loop
      vertex -25.83275604248047 19.40876579284668 1.6999998092651367
      vertex -25.667343139648438 19.43496322631836 0
      vertex -25.83275604248047 19.40876579284668 0
    endloop
  endfacet
  facet normal 0.5446360297552559 0.8386725195762839 0
    outer loop
      vertex -26.799999237060547 19.614360809326172 0
      vertex -26.94045639038086 19.70557403564453 1.6999998092651367
      vertex -26.799999237060547 19.614360809326172 1.6999998092651367
    endloop
  endfacet
  facet normal 0.5446360297552559 0.8386725195762839 0
    outer loop
      vertex -26.94045639038086 19.70557403564453 1.6999998092651367
      vertex -26.799999237060547 19.614360809326172 0
      vertex -26.94045639038086 19.70557403564453 0
    endloop
  endfacet
  facet normal 0.777147259680405 0.6293187878740293 0
    outer loop
      vertex -27.18903160095215 19.929391860961914 1.6999998092651367
      vertex -27.29442596435547 20.05954360961914 0
      vertex -27.29442596435547 20.05954360961914 1.6999998092651367
    endloop
  endfacet
  facet normal 0.777147259680405 0.6293187878740293 0
    outer loop
      vertex -27.29442596435547 20.05954360961914 0
      vertex -27.18903160095215 19.929391860961914 1.6999998092651367
      vertex -27.18903160095215 19.929391860961914 0
    endloop
  endfacet
  facet normal -0.05233227952159028 -0.9986297274365881 0
    outer loop
      vertex -26 22.599998474121094 0
      vertex -25.83275604248047 22.59123420715332 1.6999998092651367
      vertex -26 22.599998474121094 1.6999998092651367
    endloop
  endfacet
  facet normal -0.05233227952159028 -0.9986297274365881 0
    outer loop
      vertex -25.83275604248047 22.59123420715332 1.6999998092651367
      vertex -26 22.599998474121094 0
      vertex -25.83275604248047 22.59123420715332 0
    endloop
  endfacet
  facet normal 0.777147259680405 -0.6293187878740293 0
    outer loop
      vertex -27.29442596435547 21.94045639038086 1.6999998092651367
      vertex -27.18903160095215 22.070608139038086 0
      vertex -27.18903160095215 22.070608139038086 1.6999998092651367
    endloop
  endfacet
  facet normal 0.777147259680405 -0.6293187878740293 0
    outer loop
      vertex -27.18903160095215 22.070608139038086 0
      vertex -27.29442596435547 21.94045639038086 1.6999998092651367
      vertex -27.29442596435547 21.94045639038086 0
    endloop
  endfacet
  facet normal 0.15642633013197782 -0.9876896290036873 0
    outer loop
      vertex -26.332656860351562 22.56503677368164 0
      vertex -26.16724395751953 22.59123420715332 1.6999998092651367
      vertex -26.332656860351562 22.56503677368164 1.6999998092651367
    endloop
  endfacet
  facet normal 0.15642633013197782 -0.9876896290036873 0
    outer loop
      vertex -26.16724395751953 22.59123420715332 1.6999998092651367
      vertex -26.332656860351562 22.56503677368164 0
      vertex -26.16724395751953 22.59123420715332 0
    endloop
  endfacet
  facet normal -0.9659253787292911 0.25882071541257184 0
    outer loop
      vertex -24.478309631347656 20.505573272705078 0
      vertex -24.43496322631836 20.667343139648438 1.6999998092651367
      vertex -24.43496322631836 20.667343139648438 0
    endloop
  endfacet
  facet normal -0.9659253787292911 0.25882071541257184 0
    outer loop
      vertex -24.43496322631836 20.667343139648438 1.6999998092651367
      vertex -24.478309631347656 20.505573272705078 0
      vertex -24.478309631347656 20.505573272705078 1.6999998092651367
    endloop
  endfacet
  facet normal -0.777147259680405 -0.6293187878740293 0
    outer loop
      vertex -24.70557403564453 21.94045639038086 0
      vertex -24.81096839904785 22.070608139038086 1.6999998092651367
      vertex -24.81096839904785 22.070608139038086 0
    endloop
  endfacet
  facet normal -0.777147259680405 -0.6293187878740293 0
    outer loop
      vertex -24.81096839904785 22.070608139038086 1.6999998092651367
      vertex -24.70557403564453 21.94045639038086 0
      vertex -24.70557403564453 21.94045639038086 1.6999998092651367
    endloop
  endfacet
  facet normal -0.45399299934266624 -0.8910052505725483 0
    outer loop
      vertex -25.34922218322754 22.461671829223633 0
      vertex -25.200000762939453 22.385639190673828 1.6999998092651367
      vertex -25.34922218322754 22.461671829223633 1.6999998092651367
    endloop
  endfacet
  facet normal -0.45399299934266624 -0.8910052505725483 0
    outer loop
      vertex -25.200000762939453 22.385639190673828 1.6999998092651367
      vertex -25.34922218322754 22.461671829223633 0
      vertex -25.200000762939453 22.385639190673828 0
    endloop
  endfacet
  facet normal 0.05233227952159028 -0.9986297274365881 0
    outer loop
      vertex -26.16724395751953 22.59123420715332 0
      vertex -26 22.599998474121094 1.6999998092651367
      vertex -26.16724395751953 22.59123420715332 1.6999998092651367
    endloop
  endfacet
  facet normal 0.05233227952159028 -0.9986297274365881 0
    outer loop
      vertex -26 22.599998474121094 1.6999998092651367
      vertex -26.16724395751953 22.59123420715332 0
      vertex -26 22.599998474121094 0
    endloop
  endfacet
  facet normal 0.8910052505725483 -0.45399299934266624 0
    outer loop
      vertex -27.461671829223633 21.65077781677246 1.6999998092651367
      vertex -27.385639190673828 21.799999237060547 0
      vertex -27.385639190673828 21.799999237060547 1.6999998092651367
    endloop
  endfacet
  facet normal 0.8910052505725483 -0.45399299934266624 0
    outer loop
      vertex -27.385639190673828 21.799999237060547 0
      vertex -27.461671829223633 21.65077781677246 1.6999998092651367
      vertex -27.461671829223633 21.65077781677246 0
    endloop
  endfacet
  facet normal 0.15642633013197782 0.9876896290036873 0
    outer loop
      vertex -26.16724395751953 19.40876579284668 0
      vertex -26.332656860351562 19.43496322631836 1.6999998092651367
      vertex -26.16724395751953 19.40876579284668 1.6999998092651367
    endloop
  endfacet
  facet normal 0.15642633013197782 0.9876896290036873 0
    outer loop
      vertex -26.332656860351562 19.43496322631836 1.6999998092651367
      vertex -26.16724395751953 19.40876579284668 0
      vertex -26.332656860351562 19.43496322631836 0
    endloop
  endfacet
  facet normal 0.25882071541257184 0.9659253787292911 0
    outer loop
      vertex -26.332656860351562 19.43496322631836 0
      vertex -26.494426727294922 19.478309631347656 1.6999998092651367
      vertex -26.332656860351562 19.43496322631836 1.6999998092651367
    endloop
  endfacet
  facet normal 0.25882071541257184 0.9659253787292911 0
    outer loop
      vertex -26.494426727294922 19.478309631347656 1.6999998092651367
      vertex -26.332656860351562 19.43496322631836 0
      vertex -26.494426727294922 19.478309631347656 0
    endloop
  endfacet
  facet normal -0.35837304621262817 0.933578470053954 0
    outer loop
      vertex -25.34922218322754 19.538328170776367 0
      vertex -25.505573272705078 19.478309631347656 1.6999998092651367
      vertex -25.34922218322754 19.538328170776367 1.6999998092651367
    endloop
  endfacet
  facet normal -0.35837304621262817 0.933578470053954 0
    outer loop
      vertex -25.505573272705078 19.478309631347656 1.6999998092651367
      vertex -25.34922218322754 19.538328170776367 0
      vertex -25.505573272705078 19.478309631347656 0
    endloop
  endfacet
  facet normal -0.45399299934266624 0.8910052505725483 0
    outer loop
      vertex -25.200000762939453 19.614360809326172 0
      vertex -25.34922218322754 19.538328170776367 1.6999998092651367
      vertex -25.200000762939453 19.614360809326172 1.6999998092651367
    endloop
  endfacet
  facet normal -0.45399299934266624 0.8910052505725483 0
    outer loop
      vertex -25.34922218322754 19.538328170776367 1.6999998092651367
      vertex -25.200000762939453 19.614360809326172 0
      vertex -25.34922218322754 19.538328170776367 0
    endloop
  endfacet
  facet normal -0.25882071541257184 0.9659253787292911 0
    outer loop
      vertex -25.505573272705078 19.478309631347656 0
      vertex -25.667343139648438 19.43496322631836 1.6999998092651367
      vertex -25.505573272705078 19.478309631347656 1.6999998092651367
    endloop
  endfacet
  facet normal -0.25882071541257184 0.9659253787292911 0
    outer loop
      vertex -25.667343139648438 19.43496322631836 1.6999998092651367
      vertex -25.505573272705078 19.478309631347656 0
      vertex -25.667343139648438 19.43496322631836 0
    endloop
  endfacet
  facet normal 0.35837304621262817 0.933578470053954 0
    outer loop
      vertex -26.494426727294922 19.478309631347656 0
      vertex -26.65077781677246 19.538328170776367 1.6999998092651367
      vertex -26.494426727294922 19.478309631347656 1.6999998092651367
    endloop
  endfacet
  facet normal 0.35837304621262817 0.933578470053954 0
    outer loop
      vertex -26.65077781677246 19.538328170776367 1.6999998092651367
      vertex -26.494426727294922 19.478309631347656 0
      vertex -26.65077781677246 19.538328170776367 0
    endloop
  endfacet
  facet normal 0.933578470053954 -0.35837304621262817 0
    outer loop
      vertex -27.521690368652344 21.494426727294922 1.6999998092651367
      vertex -27.461671829223633 21.65077781677246 0
      vertex -27.461671829223633 21.65077781677246 1.6999998092651367
    endloop
  endfacet
  facet normal 0.933578470053954 -0.35837304621262817 0
    outer loop
      vertex -27.461671829223633 21.65077781677246 0
      vertex -27.521690368652344 21.494426727294922 1.6999998092651367
      vertex -27.521690368652344 21.494426727294922 0
    endloop
  endfacet
  facet normal 0.9986297274365881 0.05233227952159028 0
    outer loop
      vertex -27.59123420715332 20.83275604248047 1.6999998092651367
      vertex -27.599998474121094 21 0
      vertex -27.599998474121094 21 1.6999998092651367
    endloop
  endfacet
  facet normal 0.9986297274365881 0.05233227952159028 0
    outer loop
      vertex -27.599998474121094 21 0
      vertex -27.59123420715332 20.83275604248047 1.6999998092651367
      vertex -27.59123420715332 20.83275604248047 0
    endloop
  endfacet
  facet normal 0.6293187878740293 0.777147259680405 0
    outer loop
      vertex -26.94045639038086 19.70557403564453 0
      vertex -27.070608139038086 19.81096839904785 1.6999998092651367
      vertex -26.94045639038086 19.70557403564453 1.6999998092651367
    endloop
  endfacet
  facet normal 0.6293187878740293 0.777147259680405 0
    outer loop
      vertex -27.070608139038086 19.81096839904785 1.6999998092651367
      vertex -26.94045639038086 19.70557403564453 0
      vertex -27.070608139038086 19.81096839904785 0
    endloop
  endfacet
  facet normal -0.9876880286188215 -0.15643643476845734 0
    outer loop
      vertex -23.21533966064453 21.292678833007812 1.6999998092651367
      vertex -23.261188507080078 21.5821533203125 3.1999998092651367
      vertex -23.261188507080078 21.5821533203125 1.6999998092651367
    endloop
  endfacet
  facet normal -0.9876880286188215 -0.15643643476845734 0
    outer loop
      vertex -23.261188507080078 21.5821533203125 3.1999998092651367
      vertex -23.21533966064453 21.292678833007812 1.6999998092651367
      vertex -23.21533966064453 21.292678833007812 3.1999998092651367
    endloop
  endfacet
  facet normal 0.8910055733658783 0.45399236582892294 0
    outer loop
      vertex -28.424869537353516 19.600000381469727 3.1999998092651367
      vertex -28.557926177978516 19.86113739013672 1.6999998092651367
      vertex -28.557926177978516 19.86113739013672 3.1999998092651367
    endloop
  endfacet
  facet normal 0.8910055733658783 0.45399236582892294 0
    outer loop
      vertex -28.557926177978516 19.86113739013672 1.6999998092651367
      vertex -28.424869537353516 19.600000381469727 3.1999998092651367
      vertex -28.424869537353516 19.600000381469727 1.6999998092651367
    endloop
  endfacet
  facet normal -0.9986294901681287 -0.05233680699606441 0
    outer loop
      vertex -23.200000762939453 21 1.6999998092651367
      vertex -23.21533966064453 21.292678833007812 3.1999998092651367
      vertex -23.21533966064453 21.292678833007812 1.6999998092651367
    endloop
  endfacet
  facet normal -0.9986294901681287 -0.05233680699606441 0
    outer loop
      vertex -23.21533966064453 21.292678833007812 3.1999998092651367
      vertex -23.200000762939453 21 1.6999998092651367
      vertex -23.200000762939453 21 3.1999998092651367
    endloop
  endfacet
  facet normal -0.8910055733658783 -0.45399236582892294 0
    outer loop
      vertex -23.442073822021484 22.13886260986328 1.6999998092651367
      vertex -23.575130462646484 22.399999618530273 3.1999998092651367
      vertex -23.575130462646484 22.399999618530273 1.6999998092651367
    endloop
  endfacet
  facet normal -0.8910055733658783 -0.45399236582892294 0
    outer loop
      vertex -23.575130462646484 22.399999618530273 3.1999998092651367
      vertex -23.442073822021484 22.13886260986328 1.6999998092651367
      vertex -23.442073822021484 22.13886260986328 3.1999998092651367
    endloop
  endfacet
  facet normal -0.9659267293282522 -0.2588156748908872 0
    outer loop
      vertex -23.261188507080078 21.5821533203125 1.6999998092651367
      vertex -23.3370418548584 21.865245819091797 3.1999998092651367
      vertex -23.3370418548584 21.865245819091797 1.6999998092651367
    endloop
  endfacet
  facet normal -0.9659267293282522 -0.2588156748908872 0
    outer loop
      vertex -23.3370418548584 21.865245819091797 3.1999998092651367
      vertex -23.261188507080078 21.5821533203125 1.6999998092651367
      vertex -23.261188507080078 21.5821533203125 3.1999998092651367
    endloop
  endfacet
  facet normal -0.45399236582892294 -0.8910055733658783 0
    outer loop
      vertex -24.86113739013672 23.557926177978516 1.6999998092651367
      vertex -24.600000381469727 23.424869537353516 3.1999998092651367
      vertex -24.86113739013672 23.557926177978516 3.1999998092651367
    endloop
  endfacet
  facet normal -0.45399236582892294 -0.8910055733658783 0
    outer loop
      vertex -24.600000381469727 23.424869537353516 3.1999998092651367
      vertex -24.86113739013672 23.557926177978516 1.6999998092651367
      vertex -24.600000381469727 23.424869537353516 1.6999998092651367
    endloop
  endfacet
  facet normal -0.7071067811865476 0.7071067811865476 0
    outer loop
      vertex -24.126434326171875 18.9191951751709 1.6999998092651367
      vertex -23.9191951751709 19.126434326171875 3.1999998092651367
      vertex -23.9191951751709 19.126434326171875 1.6999998092651367
    endloop
  endfacet
  facet normal -0.7071067811865476 0.7071067811865476 0
    outer loop
      vertex -23.9191951751709 19.126434326171875 3.1999998092651367
      vertex -24.126434326171875 18.9191951751709 1.6999998092651367
      vertex -24.126434326171875 18.9191951751709 3.1999998092651367
    endloop
  endfacet
  facet normal 0.9986294901681287 0.05233680699606441 0
    outer loop
      vertex -28.78466033935547 20.707321166992188 3.1999998092651367
      vertex -28.799999237060547 21 1.6999998092651367
      vertex -28.799999237060547 21 3.1999998092651367
    endloop
  endfacet
  facet normal 0.9986294901681287 0.05233680699606441 0
    outer loop
      vertex -28.799999237060547 21 1.6999998092651367
      vertex -28.78466033935547 20.707321166992188 3.1999998092651367
      vertex -28.78466033935547 20.707321166992188 1.6999998092651367
    endloop
  endfacet
  facet normal 0.2588156748908872 -0.9659267293282522 0
    outer loop
      vertex -26.865245819091797 23.6629581451416 1.6999998092651367
      vertex -26.5821533203125 23.738811492919922 3.1999998092651367
      vertex -26.865245819091797 23.6629581451416 3.1999998092651367
    endloop
  endfacet
  facet normal 0.2588156748908872 -0.9659267293282522 0
    outer loop
      vertex -26.5821533203125 23.738811492919922 3.1999998092651367
      vertex -26.865245819091797 23.6629581451416 1.6999998092651367
      vertex -26.5821533203125 23.738811492919922 1.6999998092651367
    endloop
  endfacet
  facet normal -0.9876880286188215 0.15643643476845734 0
    outer loop
      vertex -23.261188507080078 20.4178466796875 1.6999998092651367
      vertex -23.21533966064453 20.707321166992188 3.1999998092651367
      vertex -23.21533966064453 20.707321166992188 1.6999998092651367
    endloop
  endfacet
  facet normal -0.9876880286188215 0.15643643476845734 0
    outer loop
      vertex -23.21533966064453 20.707321166992188 3.1999998092651367
      vertex -23.261188507080078 20.4178466796875 1.6999998092651367
      vertex -23.261188507080078 20.4178466796875 3.1999998092651367
    endloop
  endfacet
  facet normal -0.2588156748908872 0.9659267293282522 0
    outer loop
      vertex -25.134754180908203 18.3370418548584 1.6999998092651367
      vertex -25.4178466796875 18.261188507080078 3.1999998092651367
      vertex -25.134754180908203 18.3370418548584 3.1999998092651367
    endloop
  endfacet
  facet normal -0.2588156748908872 0.9659267293282522 0
    outer loop
      vertex -25.4178466796875 18.261188507080078 3.1999998092651367
      vertex -25.134754180908203 18.3370418548584 1.6999998092651367
      vertex -25.4178466796875 18.261188507080078 1.6999998092651367
    endloop
  endfacet
  facet normal 0.6293197224434917 -0.777146502883238 0
    outer loop
      vertex -27.873565673828125 23.0808048248291 1.6999998092651367
      vertex -27.645797729492188 23.265247344970703 3.1999998092651367
      vertex -27.873565673828125 23.0808048248291 3.1999998092651367
    endloop
  endfacet
  facet normal 0.6293197224434917 -0.777146502883238 0
    outer loop
      vertex -27.645797729492188 23.265247344970703 3.1999998092651367
      vertex -27.873565673828125 23.0808048248291 1.6999998092651367
      vertex -27.645797729492188 23.265247344970703 1.6999998092651367
    endloop
  endfacet
  facet normal -0.544636713645323 -0.8386720754559689 0
    outer loop
      vertex -24.600000381469727 23.424869537353516 1.6999998092651367
      vertex -24.354202270507812 23.265247344970703 3.1999998092651367
      vertex -24.600000381469727 23.424869537353516 3.1999998092651367
    endloop
  endfacet
  facet normal -0.544636713645323 -0.8386720754559689 0
    outer loop
      vertex -24.354202270507812 23.265247344970703 3.1999998092651367
      vertex -24.600000381469727 23.424869537353516 1.6999998092651367
      vertex -24.354202270507812 23.265247344970703 1.6999998092651367
    endloop
  endfacet
  facet normal -0.2588156748908872 -0.9659267293282522 0
    outer loop
      vertex -25.4178466796875 23.738811492919922 1.6999998092651367
      vertex -25.134754180908203 23.6629581451416 3.1999998092651367
      vertex -25.4178466796875 23.738811492919922 3.1999998092651367
    endloop
  endfacet
  facet normal -0.2588156748908872 -0.9659267293282522 0
    outer loop
      vertex -25.134754180908203 23.6629581451416 3.1999998092651367
      vertex -25.4178466796875 23.738811492919922 1.6999998092651367
      vertex -25.134754180908203 23.6629581451416 1.6999998092651367
    endloop
  endfacet
  facet normal 0.9335800591456505 0.3583689065273435 0
    outer loop
      vertex -28.557926177978516 19.86113739013672 3.1999998092651367
      vertex -28.6629581451416 20.134754180908203 1.6999998092651367
      vertex -28.6629581451416 20.134754180908203 3.1999998092651367
    endloop
  endfacet
  facet normal 0.9335800591456505 0.3583689065273435 0
    outer loop
      vertex -28.6629581451416 20.134754180908203 1.6999998092651367
      vertex -28.557926177978516 19.86113739013672 3.1999998092651367
      vertex -28.557926177978516 19.86113739013672 1.6999998092651367
    endloop
  endfacet
  facet normal 0.45399236582892294 -0.8910055733658783 0
    outer loop
      vertex -27.399999618530273 23.424869537353516 1.6999998092651367
      vertex -27.13886260986328 23.557926177978516 3.1999998092651367
      vertex -27.399999618530273 23.424869537353516 3.1999998092651367
    endloop
  endfacet
  facet normal 0.45399236582892294 -0.8910055733658783 0
    outer loop
      vertex -27.13886260986328 23.557926177978516 3.1999998092651367
      vertex -27.399999618530273 23.424869537353516 1.6999998092651367
      vertex -27.13886260986328 23.557926177978516 1.6999998092651367
    endloop
  endfacet
  facet normal 0.15643643476845734 -0.9876880286188215 0
    outer loop
      vertex -26.5821533203125 23.738811492919922 1.6999998092651367
      vertex -26.292678833007812 23.78466033935547 3.1999998092651367
      vertex -26.5821533203125 23.738811492919922 3.1999998092651367
    endloop
  endfacet
  facet normal 0.15643643476845734 -0.9876880286188215 0
    outer loop
      vertex -26.292678833007812 23.78466033935547 3.1999998092651367
      vertex -26.5821533203125 23.738811492919922 1.6999998092651367
      vertex -26.292678833007812 23.78466033935547 1.6999998092651367
    endloop
  endfacet
  facet normal -0.9335800591456505 0.3583689065273435 0
    outer loop
      vertex -23.442073822021484 19.86113739013672 1.6999998092651367
      vertex -23.3370418548584 20.134754180908203 3.1999998092651367
      vertex -23.3370418548584 20.134754180908203 1.6999998092651367
    endloop
  endfacet
  facet normal -0.9335800591456505 0.3583689065273435 0
    outer loop
      vertex -23.3370418548584 20.134754180908203 3.1999998092651367
      vertex -23.442073822021484 19.86113739013672 1.6999998092651367
      vertex -23.442073822021484 19.86113739013672 3.1999998092651367
    endloop
  endfacet
  facet normal -0.8386720754559689 -0.544636713645323 0
    outer loop
      vertex -23.575130462646484 22.399999618530273 1.6999998092651367
      vertex -23.734752655029297 22.645797729492188 3.1999998092651367
      vertex -23.734752655029297 22.645797729492188 1.6999998092651367
    endloop
  endfacet
  facet normal -0.8386720754559689 -0.544636713645323 0
    outer loop
      vertex -23.734752655029297 22.645797729492188 3.1999998092651367
      vertex -23.575130462646484 22.399999618530273 1.6999998092651367
      vertex -23.575130462646484 22.399999618530273 3.1999998092651367
    endloop
  endfacet
  facet normal 0.3583689065273435 0.9335800591456505 0
    outer loop
      vertex -26.865245819091797 18.3370418548584 1.6999998092651367
      vertex -27.13886260986328 18.442073822021484 3.1999998092651367
      vertex -26.865245819091797 18.3370418548584 3.1999998092651367
    endloop
  endfacet
  facet normal 0.3583689065273435 0.9335800591456505 0
    outer loop
      vertex -27.13886260986328 18.442073822021484 3.1999998092651367
      vertex -26.865245819091797 18.3370418548584 1.6999998092651367
      vertex -27.13886260986328 18.442073822021484 1.6999998092651367
    endloop
  endfacet
  facet normal 0.05233680699606441 -0.9986294901681287 0
    outer loop
      vertex -26.292678833007812 23.78466033935547 1.6999998092651367
      vertex -26 23.799999237060547 3.1999998092651367
      vertex -26.292678833007812 23.78466033935547 3.1999998092651367
    endloop
  endfacet
  facet normal 0.05233680699606441 -0.9986294901681287 0
    outer loop
      vertex -26 23.799999237060547 3.1999998092651367
      vertex -26.292678833007812 23.78466033935547 1.6999998092651367
      vertex -26 23.799999237060547 1.6999998092651367
    endloop
  endfacet
  facet normal -0.9986294901681287 0.05233680699606441 0
    outer loop
      vertex -23.21533966064453 20.707321166992188 1.6999998092651367
      vertex -23.200000762939453 21 3.1999998092651367
      vertex -23.200000762939453 21 1.6999998092651367
    endloop
  endfacet
  facet normal -0.9986294901681287 0.05233680699606441 0
    outer loop
      vertex -23.200000762939453 21 3.1999998092651367
      vertex -23.21533966064453 20.707321166992188 1.6999998092651367
      vertex -23.21533966064453 20.707321166992188 3.1999998092651367
    endloop
  endfacet
  facet normal 0.8386720754559689 0.544636713645323 0
    outer loop
      vertex -28.265247344970703 19.354202270507812 3.1999998092651367
      vertex -28.424869537353516 19.600000381469727 1.6999998092651367
      vertex -28.424869537353516 19.600000381469727 3.1999998092651367
    endloop
  endfacet
  facet normal 0.8386720754559689 0.544636713645323 0
    outer loop
      vertex -28.424869537353516 19.600000381469727 1.6999998092651367
      vertex -28.265247344970703 19.354202270507812 3.1999998092651367
      vertex -28.265247344970703 19.354202270507812 1.6999998092651367
    endloop
  endfacet
  facet normal -0.3583689065273435 -0.9335800591456505 0
    outer loop
      vertex -25.134754180908203 23.6629581451416 1.6999998092651367
      vertex -24.86113739013672 23.557926177978516 3.1999998092651367
      vertex -25.134754180908203 23.6629581451416 3.1999998092651367
    endloop
  endfacet
  facet normal -0.3583689065273435 -0.9335800591456505 0
    outer loop
      vertex -24.86113739013672 23.557926177978516 3.1999998092651367
      vertex -25.134754180908203 23.6629581451416 1.6999998092651367
      vertex -24.86113739013672 23.557926177978516 1.6999998092651367
    endloop
  endfacet
  facet normal -0.544636713645323 0.8386720754559689 0
    outer loop
      vertex -24.354202270507812 18.734752655029297 1.6999998092651367
      vertex -24.600000381469727 18.575130462646484 3.1999998092651367
      vertex -24.354202270507812 18.734752655029297 3.1999998092651367
    endloop
  endfacet
  facet normal -0.544636713645323 0.8386720754559689 0
    outer loop
      vertex -24.600000381469727 18.575130462646484 3.1999998092651367
      vertex -24.354202270507812 18.734752655029297 1.6999998092651367
      vertex -24.600000381469727 18.575130462646484 1.6999998092651367
    endloop
  endfacet
  facet normal 0.9986294901681287 -0.05233680699606441 0
    outer loop
      vertex -28.799999237060547 21 3.1999998092651367
      vertex -28.78466033935547 21.292678833007812 1.6999998092651367
      vertex -28.78466033935547 21.292678833007812 3.1999998092651367
    endloop
  endfacet
  facet normal 0.9986294901681287 -0.05233680699606441 0
    outer loop
      vertex -28.78466033935547 21.292678833007812 1.6999998092651367
      vertex -28.799999237060547 21 3.1999998092651367
      vertex -28.799999237060547 21 1.6999998092651367
    endloop
  endfacet
  facet normal 0.3583689065273435 -0.9335800591456505 0
    outer loop
      vertex -27.13886260986328 23.557926177978516 1.6999998092651367
      vertex -26.865245819091797 23.6629581451416 3.1999998092651367
      vertex -27.13886260986328 23.557926177978516 3.1999998092651367
    endloop
  endfacet
  facet normal 0.3583689065273435 -0.9335800591456505 0
    outer loop
      vertex -26.865245819091797 23.6629581451416 3.1999998092651367
      vertex -27.13886260986328 23.557926177978516 1.6999998092651367
      vertex -26.865245819091797 23.6629581451416 1.6999998092651367
    endloop
  endfacet
  facet normal 0.544636713645323 0.8386720754559689 0
    outer loop
      vertex -27.399999618530273 18.575130462646484 1.6999998092651367
      vertex -27.645797729492188 18.734752655029297 3.1999998092651367
      vertex -27.399999618530273 18.575130462646484 3.1999998092651367
    endloop
  endfacet
  facet normal 0.544636713645323 0.8386720754559689 0
    outer loop
      vertex -27.645797729492188 18.734752655029297 3.1999998092651367
      vertex -27.399999618530273 18.575130462646484 1.6999998092651367
      vertex -27.645797729492188 18.734752655029297 1.6999998092651367
    endloop
  endfacet
  facet normal 0.8910055733658783 -0.45399236582892294 0
    outer loop
      vertex -28.557926177978516 22.13886260986328 3.1999998092651367
      vertex -28.424869537353516 22.399999618530273 1.6999998092651367
      vertex -28.424869537353516 22.399999618530273 3.1999998092651367
    endloop
  endfacet
  facet normal 0.8910055733658783 -0.45399236582892294 0
    outer loop
      vertex -28.424869537353516 22.399999618530273 1.6999998092651367
      vertex -28.557926177978516 22.13886260986328 3.1999998092651367
      vertex -28.557926177978516 22.13886260986328 1.6999998092651367
    endloop
  endfacet
  facet normal 0.2588156748908872 0.9659267293282522 0
    outer loop
      vertex -26.5821533203125 18.261188507080078 1.6999998092651367
      vertex -26.865245819091797 18.3370418548584 3.1999998092651367
      vertex -26.5821533203125 18.261188507080078 3.1999998092651367
    endloop
  endfacet
  facet normal 0.2588156748908872 0.9659267293282522 0
    outer loop
      vertex -26.865245819091797 18.3370418548584 3.1999998092651367
      vertex -26.5821533203125 18.261188507080078 1.6999998092651367
      vertex -26.865245819091797 18.3370418548584 1.6999998092651367
    endloop
  endfacet
  facet normal -0.9335800591456505 -0.3583689065273435 0
    outer loop
      vertex -23.3370418548584 21.865245819091797 1.6999998092651367
      vertex -23.442073822021484 22.13886260986328 3.1999998092651367
      vertex -23.442073822021484 22.13886260986328 1.6999998092651367
    endloop
  endfacet
  facet normal -0.9335800591456505 -0.3583689065273435 0
    outer loop
      vertex -23.442073822021484 22.13886260986328 3.1999998092651367
      vertex -23.3370418548584 21.865245819091797 1.6999998092651367
      vertex -23.3370418548584 21.865245819091797 3.1999998092651367
    endloop
  endfacet
  facet normal -0.05233680699606441 -0.9986294901681287 0
    outer loop
      vertex -26 23.799999237060547 1.6999998092651367
      vertex -25.707321166992188 23.78466033935547 3.1999998092651367
      vertex -26 23.799999237060547 3.1999998092651367
    endloop
  endfacet
  facet normal -0.05233680699606441 -0.9986294901681287 0
    outer loop
      vertex -25.707321166992188 23.78466033935547 3.1999998092651367
      vertex -26 23.799999237060547 1.6999998092651367
      vertex -25.707321166992188 23.78466033935547 1.6999998092651367
    endloop
  endfacet
  facet normal -0.7071067811865476 -0.7071067811865476 0
    outer loop
      vertex -23.9191951751709 22.873565673828125 1.6999998092651367
      vertex -24.126434326171875 23.0808048248291 3.1999998092651367
      vertex -24.126434326171875 23.0808048248291 1.6999998092651367
    endloop
  endfacet
  facet normal -0.7071067811865476 -0.7071067811865476 0
    outer loop
      vertex -24.126434326171875 23.0808048248291 3.1999998092651367
      vertex -23.9191951751709 22.873565673828125 1.6999998092651367
      vertex -23.9191951751709 22.873565673828125 3.1999998092651367
    endloop
  endfacet
  facet normal -0.9659267293282522 0.2588156748908872 0
    outer loop
      vertex -23.3370418548584 20.134754180908203 1.6999998092651367
      vertex -23.261188507080078 20.4178466796875 3.1999998092651367
      vertex -23.261188507080078 20.4178466796875 1.6999998092651367
    endloop
  endfacet
  facet normal -0.9659267293282522 0.2588156748908872 0
    outer loop
      vertex -23.261188507080078 20.4178466796875 3.1999998092651367
      vertex -23.3370418548584 20.134754180908203 1.6999998092651367
      vertex -23.3370418548584 20.134754180908203 3.1999998092651367
    endloop
  endfacet
  facet normal 0.8386720754559689 -0.544636713645323 0
    outer loop
      vertex -28.424869537353516 22.399999618530273 3.1999998092651367
      vertex -28.265247344970703 22.645797729492188 1.6999998092651367
      vertex -28.265247344970703 22.645797729492188 3.1999998092651367
    endloop
  endfacet
  facet normal 0.8386720754559689 -0.544636713645323 0
    outer loop
      vertex -28.265247344970703 22.645797729492188 1.6999998092651367
      vertex -28.424869537353516 22.399999618530273 3.1999998092651367
      vertex -28.424869537353516 22.399999618530273 1.6999998092651367
    endloop
  endfacet
  facet normal -0.6293197224434917 0.777146502883238 0
    outer loop
      vertex -24.126434326171875 18.9191951751709 1.6999998092651367
      vertex -24.354202270507812 18.734752655029297 3.1999998092651367
      vertex -24.126434326171875 18.9191951751709 3.1999998092651367
    endloop
  endfacet
  facet normal -0.6293197224434917 0.777146502883238 0
    outer loop
      vertex -24.354202270507812 18.734752655029297 3.1999998092651367
      vertex -24.126434326171875 18.9191951751709 1.6999998092651367
      vertex -24.354202270507812 18.734752655029297 1.6999998092651367
    endloop
  endfacet
  facet normal -0.8910055733658783 0.45399236582892294 0
    outer loop
      vertex -23.575130462646484 19.600000381469727 1.6999998092651367
      vertex -23.442073822021484 19.86113739013672 3.1999998092651367
      vertex -23.442073822021484 19.86113739013672 1.6999998092651367
    endloop
  endfacet
  facet normal -0.8910055733658783 0.45399236582892294 0
    outer loop
      vertex -23.442073822021484 19.86113739013672 3.1999998092651367
      vertex -23.575130462646484 19.600000381469727 1.6999998092651367
      vertex -23.575130462646484 19.600000381469727 3.1999998092651367
    endloop
  endfacet
  facet normal 0.777146502883238 -0.6293197224434917 0
    outer loop
      vertex -28.265247344970703 22.645797729492188 3.1999998092651367
      vertex -28.0808048248291 22.873565673828125 1.6999998092651367
      vertex -28.0808048248291 22.873565673828125 3.1999998092651367
    endloop
  endfacet
  facet normal 0.777146502883238 -0.6293197224434917 0
    outer loop
      vertex -28.0808048248291 22.873565673828125 1.6999998092651367
      vertex -28.265247344970703 22.645797729492188 3.1999998092651367
      vertex -28.265247344970703 22.645797729492188 1.6999998092651367
    endloop
  endfacet
  facet normal -0.6293197224434917 -0.777146502883238 0
    outer loop
      vertex -24.354202270507812 23.265247344970703 1.6999998092651367
      vertex -24.126434326171875 23.0808048248291 3.1999998092651367
      vertex -24.354202270507812 23.265247344970703 3.1999998092651367
    endloop
  endfacet
  facet normal -0.6293197224434917 -0.777146502883238 0
    outer loop
      vertex -24.126434326171875 23.0808048248291 3.1999998092651367
      vertex -24.354202270507812 23.265247344970703 1.6999998092651367
      vertex -24.126434326171875 23.0808048248291 1.6999998092651367
    endloop
  endfacet
  facet normal 0.15643643476845734 0.9876880286188215 0
    outer loop
      vertex -26.292678833007812 18.21533966064453 1.6999998092651367
      vertex -26.5821533203125 18.261188507080078 3.1999998092651367
      vertex -26.292678833007812 18.21533966064453 3.1999998092651367
    endloop
  endfacet
  facet normal 0.15643643476845734 0.9876880286188215 0
    outer loop
      vertex -26.5821533203125 18.261188507080078 3.1999998092651367
      vertex -26.292678833007812 18.21533966064453 1.6999998092651367
      vertex -26.5821533203125 18.261188507080078 1.6999998092651367
    endloop
  endfacet
  facet normal -0.777146502883238 -0.6293197224434917 0
    outer loop
      vertex -23.734752655029297 22.645797729492188 1.6999998092651367
      vertex -23.9191951751709 22.873565673828125 3.1999998092651367
      vertex -23.9191951751709 22.873565673828125 1.6999998092651367
    endloop
  endfacet
  facet normal -0.777146502883238 -0.6293197224434917 0
    outer loop
      vertex -23.9191951751709 22.873565673828125 3.1999998092651367
      vertex -23.734752655029297 22.645797729492188 1.6999998092651367
      vertex -23.734752655029297 22.645797729492188 3.1999998092651367
    endloop
  endfacet
  facet normal 0.9876880286188215 -0.15643643476845734 0
    outer loop
      vertex -28.78466033935547 21.292678833007812 3.1999998092651367
      vertex -28.738811492919922 21.5821533203125 1.6999998092651367
      vertex -28.738811492919922 21.5821533203125 3.1999998092651367
    endloop
  endfacet
  facet normal 0.9876880286188215 -0.15643643476845734 0
    outer loop
      vertex -28.738811492919922 21.5821533203125 1.6999998092651367
      vertex -28.78466033935547 21.292678833007812 3.1999998092651367
      vertex -28.78466033935547 21.292678833007812 1.6999998092651367
    endloop
  endfacet
  facet normal 0.9876880286188215 0.15643643476845734 0
    outer loop
      vertex -28.738811492919922 20.4178466796875 3.1999998092651367
      vertex -28.78466033935547 20.707321166992188 1.6999998092651367
      vertex -28.78466033935547 20.707321166992188 3.1999998092651367
    endloop
  endfacet
  facet normal 0.9876880286188215 0.15643643476845734 0
    outer loop
      vertex -28.78466033935547 20.707321166992188 1.6999998092651367
      vertex -28.738811492919922 20.4178466796875 3.1999998092651367
      vertex -28.738811492919922 20.4178466796875 1.6999998092651367
    endloop
  endfacet
  facet normal 0.9659267293282522 -0.2588156748908872 0
    outer loop
      vertex -28.738811492919922 21.5821533203125 3.1999998092651367
      vertex -28.6629581451416 21.865245819091797 1.6999998092651367
      vertex -28.6629581451416 21.865245819091797 3.1999998092651367
    endloop
  endfacet
  facet normal 0.9659267293282522 -0.2588156748908872 0
    outer loop
      vertex -28.6629581451416 21.865245819091797 1.6999998092651367
      vertex -28.738811492919922 21.5821533203125 3.1999998092651367
      vertex -28.738811492919922 21.5821533203125 1.6999998092651367
    endloop
  endfacet
  facet normal 0.9335800591456505 -0.3583689065273435 0
    outer loop
      vertex -28.6629581451416 21.865245819091797 3.1999998092651367
      vertex -28.557926177978516 22.13886260986328 1.6999998092651367
      vertex -28.557926177978516 22.13886260986328 3.1999998092651367
    endloop
  endfacet
  facet normal 0.9335800591456505 -0.3583689065273435 0
    outer loop
      vertex -28.557926177978516 22.13886260986328 1.6999998092651367
      vertex -28.6629581451416 21.865245819091797 3.1999998092651367
      vertex -28.6629581451416 21.865245819091797 1.6999998092651367
    endloop
  endfacet
  facet normal -0.3583689065273435 0.9335800591456505 0
    outer loop
      vertex -24.86113739013672 18.442073822021484 1.6999998092651367
      vertex -25.134754180908203 18.3370418548584 3.1999998092651367
      vertex -24.86113739013672 18.442073822021484 3.1999998092651367
    endloop
  endfacet
  facet normal -0.3583689065273435 0.9335800591456505 0
    outer loop
      vertex -25.134754180908203 18.3370418548584 3.1999998092651367
      vertex -24.86113739013672 18.442073822021484 1.6999998092651367
      vertex -25.134754180908203 18.3370418548584 1.6999998092651367
    endloop
  endfacet
  facet normal 0.7071067811865476 -0.7071067811865476 0
    outer loop
      vertex -28.0808048248291 22.873565673828125 3.1999998092651367
      vertex -27.873565673828125 23.0808048248291 1.6999998092651367
      vertex -27.873565673828125 23.0808048248291 3.1999998092651367
    endloop
  endfacet
  facet normal 0.7071067811865476 -0.7071067811865476 0
    outer loop
      vertex -27.873565673828125 23.0808048248291 1.6999998092651367
      vertex -28.0808048248291 22.873565673828125 3.1999998092651367
      vertex -28.0808048248291 22.873565673828125 1.6999998092651367
    endloop
  endfacet
  facet normal -0.777146502883238 0.6293197224434917 0
    outer loop
      vertex -23.9191951751709 19.126434326171875 1.6999998092651367
      vertex -23.734752655029297 19.354202270507812 3.1999998092651367
      vertex -23.734752655029297 19.354202270507812 1.6999998092651367
    endloop
  endfacet
  facet normal -0.777146502883238 0.6293197224434917 0
    outer loop
      vertex -23.734752655029297 19.354202270507812 3.1999998092651367
      vertex -23.9191951751709 19.126434326171875 1.6999998092651367
      vertex -23.9191951751709 19.126434326171875 3.1999998092651367
    endloop
  endfacet
  facet normal 0.45399236582892294 0.8910055733658783 0
    outer loop
      vertex -27.13886260986328 18.442073822021484 1.6999998092651367
      vertex -27.399999618530273 18.575130462646484 3.1999998092651367
      vertex -27.13886260986328 18.442073822021484 3.1999998092651367
    endloop
  endfacet
  facet normal 0.45399236582892294 0.8910055733658783 0
    outer loop
      vertex -27.399999618530273 18.575130462646484 3.1999998092651367
      vertex -27.13886260986328 18.442073822021484 1.6999998092651367
      vertex -27.399999618530273 18.575130462646484 1.6999998092651367
    endloop
  endfacet
  facet normal -0.8386720754559689 0.544636713645323 0
    outer loop
      vertex -23.734752655029297 19.354202270507812 1.6999998092651367
      vertex -23.575130462646484 19.600000381469727 3.1999998092651367
      vertex -23.575130462646484 19.600000381469727 1.6999998092651367
    endloop
  endfacet
  facet normal -0.8386720754559689 0.544636713645323 0
    outer loop
      vertex -23.575130462646484 19.600000381469727 3.1999998092651367
      vertex -23.734752655029297 19.354202270507812 1.6999998092651367
      vertex -23.734752655029297 19.354202270507812 3.1999998092651367
    endloop
  endfacet
  facet normal 0 0 1
    outer loop
      vertex -24.400001525878906 21 1.6999998092651367
      vertex -23.200000762939453 21 1.6999998092651367
      vertex -23.21533966064453 21.292678833007812 1.6999998092651367
    endloop
  endfacet
  facet normal 0 0 1
    outer loop
      vertex -24.40876579284668 21.16724395751953 1.6999998092651367
      vertex -23.21533966064453 21.292678833007812 1.6999998092651367
      vertex -23.261188507080078 21.5821533203125 1.6999998092651367
    endloop
  endfacet
  facet normal 0 0 1
    outer loop
      vertex -23.200000762939453 21 1.6999998092651367
      vertex -24.400001525878906 21 1.6999998092651367
      vertex -23.21533966064453 20.707321166992188 1.6999998092651367
    endloop
  endfacet
  facet normal 0 0 1
    outer loop
      vertex -24.43496322631836 21.332656860351562 1.6999998092651367
      vertex -23.261188507080078 21.5821533203125 1.6999998092651367
      vertex -23.3370418548584 21.865245819091797 1.6999998092651367
    endloop
  endfacet
  facet normal 0 0 1
    outer loop
      vertex -24.40876579284668 20.83275604248047 1.6999998092651367
      vertex -23.21533966064453 20.707321166992188 1.6999998092651367
      vertex -24.400001525878906 21 1.6999998092651367
    endloop
  endfacet
  facet normal 0 0 1
    outer loop
      vertex -24.478309631347656 21.494426727294922 1.6999998092651367
      vertex -23.3370418548584 21.865245819091797 1.6999998092651367
      vertex -23.442073822021484 22.13886260986328 1.6999998092651367
    endloop
  endfacet
  facet normal 0 0 1
    outer loop
      vertex -23.21533966064453 20.707321166992188 1.6999998092651367
      vertex -24.40876579284668 20.83275604248047 1.6999998092651367
      vertex -23.261188507080078 20.4178466796875 1.6999998092651367
    endloop
  endfacet
  facet normal 0 0 1
    outer loop
      vertex -24.538328170776367 21.65077781677246 1.6999998092651367
      vertex -23.442073822021484 22.13886260986328 1.6999998092651367
      vertex -23.575130462646484 22.399999618530273 1.6999998092651367
    endloop
  endfacet
  facet normal 0 0 1
    outer loop
      vertex -24.43496322631836 20.667343139648438 1.6999998092651367
      vertex -23.261188507080078 20.4178466796875 1.6999998092651367
      vertex -24.40876579284668 20.83275604248047 1.6999998092651367
    endloop
  endfacet
  facet normal 0 0 1
    outer loop
      vertex -24.614360809326172 21.799999237060547 1.6999998092651367
      vertex -23.575130462646484 22.399999618530273 1.6999998092651367
      vertex -23.734752655029297 22.645797729492188 1.6999998092651367
    endloop
  endfacet
  facet normal 0 0 1
    outer loop
      vertex -23.261188507080078 20.4178466796875 1.6999998092651367
      vertex -24.43496322631836 20.667343139648438 1.6999998092651367
      vertex -23.3370418548584 20.134754180908203 1.6999998092651367
    endloop
  endfacet
  facet normal 0 0 1
    outer loop
      vertex -24.70557403564453 21.94045639038086 1.6999998092651367
      vertex -23.734752655029297 22.645797729492188 1.6999998092651367
      vertex -23.9191951751709 22.873565673828125 1.6999998092651367
    endloop
  endfacet
  facet normal 0 0 1
    outer loop
      vertex -24.478309631347656 20.505573272705078 1.6999998092651367
      vertex -23.3370418548584 20.134754180908203 1.6999998092651367
      vertex -24.43496322631836 20.667343139648438 1.6999998092651367
    endloop
  endfacet
  facet normal 0 0 1
    outer loop
      vertex -24.81096839904785 22.070608139038086 1.6999998092651367
      vertex -23.9191951751709 22.873565673828125 1.6999998092651367
      vertex -24.126434326171875 23.0808048248291 1.6999998092651367
    endloop
  endfacet
  facet normal 0 0 1
    outer loop
      vertex -23.3370418548584 20.134754180908203 1.6999998092651367
      vertex -24.478309631347656 20.505573272705078 1.6999998092651367
      vertex -23.442073822021484 19.86113739013672 1.6999998092651367
    endloop
  endfacet
  facet normal 0 0 1
    outer loop
      vertex -24.929391860961914 22.18903160095215 1.6999998092651367
      vertex -24.126434326171875 23.0808048248291 1.6999998092651367
      vertex -24.354202270507812 23.265247344970703 1.6999998092651367
    endloop
  endfacet
  facet normal 0 0 1
    outer loop
      vertex -24.538328170776367 20.34922218322754 1.6999998092651367
      vertex -23.442073822021484 19.86113739013672 1.6999998092651367
      vertex -24.478309631347656 20.505573272705078 1.6999998092651367
    endloop
  endfacet
  facet normal 0 0 1
    outer loop
      vertex -23.442073822021484 19.86113739013672 1.6999998092651367
      vertex -24.538328170776367 20.34922218322754 1.6999998092651367
      vertex -23.575130462646484 19.600000381469727 1.6999998092651367
    endloop
  endfacet
  facet normal 0 0 1
    outer loop
      vertex -23.21533966064453 21.292678833007812 1.6999998092651367
      vertex -24.40876579284668 21.16724395751953 1.6999998092651367
      vertex -24.400001525878906 21 1.6999998092651367
    endloop
  endfacet
  facet normal 0 0 1
    outer loop
      vertex -23.261188507080078 21.5821533203125 1.6999998092651367
      vertex -24.43496322631836 21.332656860351562 1.6999998092651367
      vertex -24.40876579284668 21.16724395751953 1.6999998092651367
    endloop
  endfacet
  facet normal 0 0 1
    outer loop
      vertex -23.3370418548584 21.865245819091797 1.6999998092651367
      vertex -24.478309631347656 21.494426727294922 1.6999998092651367
      vertex -24.43496322631836 21.332656860351562 1.6999998092651367
    endloop
  endfacet
  facet normal 0 0 1
    outer loop
      vertex -23.442073822021484 22.13886260986328 1.6999998092651367
      vertex -24.538328170776367 21.65077781677246 1.6999998092651367
      vertex -24.478309631347656 21.494426727294922 1.6999998092651367
    endloop
  endfacet
  facet normal 0 0 1
    outer loop
      vertex -25.05954360961914 22.29442596435547 1.6999998092651367
      vertex -24.354202270507812 23.265247344970703 1.6999998092651367
      vertex -24.600000381469727 23.424869537353516 1.6999998092651367
    endloop
  endfacet
  facet normal 0 0 1
    outer loop
      vertex -23.575130462646484 22.399999618530273 1.6999998092651367
      vertex -24.614360809326172 21.799999237060547 1.6999998092651367
      vertex -24.538328170776367 21.65077781677246 1.6999998092651367
    endloop
  endfacet
  facet normal 0 0 1
    outer loop
      vertex -23.734752655029297 22.645797729492188 1.6999998092651367
      vertex -24.70557403564453 21.94045639038086 1.6999998092651367
      vertex -24.614360809326172 21.799999237060547 1.6999998092651367
    endloop
  endfacet
  facet normal 0 0 1
    outer loop
      vertex -23.9191951751709 22.873565673828125 1.6999998092651367
      vertex -24.81096839904785 22.070608139038086 1.6999998092651367
      vertex -24.70557403564453 21.94045639038086 1.6999998092651367
    endloop
  endfacet
  facet normal 0 0 1
    outer loop
      vertex -25.200000762939453 22.385639190673828 1.6999998092651367
      vertex -24.600000381469727 23.424869537353516 1.6999998092651367
      vertex -24.86113739013672 23.557926177978516 1.6999998092651367
    endloop
  endfacet
  facet normal 0 0 1
    outer loop
      vertex -24.126434326171875 23.0808048248291 1.6999998092651367
      vertex -24.929391860961914 22.18903160095215 1.6999998092651367
      vertex -24.81096839904785 22.070608139038086 1.6999998092651367
    endloop
  endfacet
  facet normal 0 0 1
    outer loop
      vertex -24.354202270507812 23.265247344970703 1.6999998092651367
      vertex -25.05954360961914 22.29442596435547 1.6999998092651367
      vertex -24.929391860961914 22.18903160095215 1.6999998092651367
    endloop
  endfacet
  facet normal 0 0 1
    outer loop
      vertex -25.34922218322754 22.461671829223633 1.6999998092651367
      vertex -24.86113739013672 23.557926177978516 1.6999998092651367
      vertex -25.134754180908203 23.6629581451416 1.6999998092651367
    endloop
  endfacet
  facet normal 0 0 1
    outer loop
      vertex -24.600000381469727 23.424869537353516 1.6999998092651367
      vertex -25.200000762939453 22.385639190673828 1.6999998092651367
      vertex -25.05954360961914 22.29442596435547 1.6999998092651367
    endloop
  endfacet
  facet normal 0 0 1
    outer loop
      vertex -24.86113739013672 23.557926177978516 1.6999998092651367
      vertex -25.34922218322754 22.461671829223633 1.6999998092651367
      vertex -25.200000762939453 22.385639190673828 1.6999998092651367
    endloop
  endfacet
  facet normal 0 0 1
    outer loop
      vertex -25.505573272705078 22.521690368652344 1.6999998092651367
      vertex -25.134754180908203 23.6629581451416 1.6999998092651367
      vertex -25.4178466796875 23.738811492919922 1.6999998092651367
    endloop
  endfacet
  facet normal 0 0 1
    outer loop
      vertex -25.134754180908203 23.6629581451416 1.6999998092651367
      vertex -25.505573272705078 22.521690368652344 1.6999998092651367
      vertex -25.34922218322754 22.461671829223633 1.6999998092651367
    endloop
  endfacet
  facet normal 0 0 1
    outer loop
      vertex -25.4178466796875 23.738811492919922 1.6999998092651367
      vertex -25.667343139648438 22.56503677368164 1.6999998092651367
      vertex -25.505573272705078 22.521690368652344 1.6999998092651367
    endloop
  endfacet
  facet normal 0 0 1
    outer loop
      vertex -25.707321166992188 23.78466033935547 1.6999998092651367
      vertex -25.667343139648438 22.56503677368164 1.6999998092651367
      vertex -25.4178466796875 23.738811492919922 1.6999998092651367
    endloop
  endfacet
  facet normal 0 0 1
    outer loop
      vertex -25.707321166992188 23.78466033935547 1.6999998092651367
      vertex -25.83275604248047 22.59123420715332 1.6999998092651367
      vertex -25.667343139648438 22.56503677368164 1.6999998092651367
    endloop
  endfacet
  facet normal 0 0 1
    outer loop
      vertex -26 23.799999237060547 1.6999998092651367
      vertex -25.83275604248047 22.59123420715332 1.6999998092651367
      vertex -25.707321166992188 23.78466033935547 1.6999998092651367
    endloop
  endfacet
  facet normal 0 0 1
    outer loop
      vertex -26 23.799999237060547 1.6999998092651367
      vertex -26 22.599998474121094 1.6999998092651367
      vertex -25.83275604248047 22.59123420715332 1.6999998092651367
    endloop
  endfacet
  facet normal 0 0 1
    outer loop
      vertex -26 23.799999237060547 1.6999998092651367
      vertex -26.16724395751953 22.59123420715332 1.6999998092651367
      vertex -26 22.599998474121094 1.6999998092651367
    endloop
  endfacet
  facet normal 0 0 1
    outer loop
      vertex -26.292678833007812 23.78466033935547 1.6999998092651367
      vertex -26.16724395751953 22.59123420715332 1.6999998092651367
      vertex -26 23.799999237060547 1.6999998092651367
    endloop
  endfacet
  facet normal 0 0 1
    outer loop
      vertex -26.292678833007812 23.78466033935547 1.6999998092651367
      vertex -26.332656860351562 22.56503677368164 1.6999998092651367
      vertex -26.16724395751953 22.59123420715332 1.6999998092651367
    endloop
  endfacet
  facet normal 0 0 1
    outer loop
      vertex -26.5821533203125 23.738811492919922 1.6999998092651367
      vertex -26.332656860351562 22.56503677368164 1.6999998092651367
      vertex -26.292678833007812 23.78466033935547 1.6999998092651367
    endloop
  endfacet
  facet normal 0 0 1
    outer loop
      vertex -26.332656860351562 22.56503677368164 1.6999998092651367
      vertex -26.5821533203125 23.738811492919922 1.6999998092651367
      vertex -26.494426727294922 22.521690368652344 1.6999998092651367
    endloop
  endfacet
  facet normal 0 0 1
    outer loop
      vertex -26.865245819091797 23.6629581451416 1.6999998092651367
      vertex -26.494426727294922 22.521690368652344 1.6999998092651367
      vertex -26.5821533203125 23.738811492919922 1.6999998092651367
    endloop
  endfacet
  facet normal 0 0 1
    outer loop
      vertex -26.494426727294922 22.521690368652344 1.6999998092651367
      vertex -26.865245819091797 23.6629581451416 1.6999998092651367
      vertex -26.65077781677246 22.461671829223633 1.6999998092651367
    endloop
  endfacet
  facet normal 0 0 1
    outer loop
      vertex -27.13886260986328 23.557926177978516 1.6999998092651367
      vertex -26.65077781677246 22.461671829223633 1.6999998092651367
      vertex -26.865245819091797 23.6629581451416 1.6999998092651367
    endloop
  endfacet
  facet normal 0 0 1
    outer loop
      vertex -26.65077781677246 22.461671829223633 1.6999998092651367
      vertex -27.13886260986328 23.557926177978516 1.6999998092651367
      vertex -26.799999237060547 22.385639190673828 1.6999998092651367
    endloop
  endfacet
  facet normal 0 0 1
    outer loop
      vertex -27.399999618530273 23.424869537353516 1.6999998092651367
      vertex -26.799999237060547 22.385639190673828 1.6999998092651367
      vertex -27.13886260986328 23.557926177978516 1.6999998092651367
    endloop
  endfacet
  facet normal 0 0 1
    outer loop
      vertex -26.799999237060547 22.385639190673828 1.6999998092651367
      vertex -27.399999618530273 23.424869537353516 1.6999998092651367
      vertex -26.94045639038086 22.29442596435547 1.6999998092651367
    endloop
  endfacet
  facet normal 0 0 1
    outer loop
      vertex -27.645797729492188 23.265247344970703 1.6999998092651367
      vertex -26.94045639038086 22.29442596435547 1.6999998092651367
      vertex -27.399999618530273 23.424869537353516 1.6999998092651367
    endloop
  endfacet
  facet normal 0 0 1
    outer loop
      vertex -26.94045639038086 22.29442596435547 1.6999998092651367
      vertex -27.645797729492188 23.265247344970703 1.6999998092651367
      vertex -27.070608139038086 22.18903160095215 1.6999998092651367
    endloop
  endfacet
  facet normal 0 0 1
    outer loop
      vertex -27.873565673828125 23.0808048248291 1.6999998092651367
      vertex -27.070608139038086 22.18903160095215 1.6999998092651367
      vertex -27.645797729492188 23.265247344970703 1.6999998092651367
    endloop
  endfacet
  facet normal 0 0 1
    outer loop
      vertex -27.070608139038086 22.18903160095215 1.6999998092651367
      vertex -27.873565673828125 23.0808048248291 1.6999998092651367
      vertex -27.18903160095215 22.070608139038086 1.6999998092651367
    endloop
  endfacet
  facet normal 0 0 1
    outer loop
      vertex -28.0808048248291 22.873565673828125 1.6999998092651367
      vertex -27.18903160095215 22.070608139038086 1.6999998092651367
      vertex -27.873565673828125 23.0808048248291 1.6999998092651367
    endloop
  endfacet
  facet normal 0 0 1
    outer loop
      vertex -27.18903160095215 22.070608139038086 1.6999998092651367
      vertex -28.0808048248291 22.873565673828125 1.6999998092651367
      vertex -27.29442596435547 21.94045639038086 1.6999998092651367
    endloop
  endfacet
  facet normal 0 0 1
    outer loop
      vertex -28.265247344970703 22.645797729492188 1.6999998092651367
      vertex -27.29442596435547 21.94045639038086 1.6999998092651367
      vertex -28.0808048248291 22.873565673828125 1.6999998092651367
    endloop
  endfacet
  facet normal 0 0 1
    outer loop
      vertex -27.29442596435547 21.94045639038086 1.6999998092651367
      vertex -28.265247344970703 22.645797729492188 1.6999998092651367
      vertex -27.385639190673828 21.799999237060547 1.6999998092651367
    endloop
  endfacet
  facet normal 0 0 1
    outer loop
      vertex -27.385639190673828 21.799999237060547 1.6999998092651367
      vertex -28.424869537353516 22.399999618530273 1.6999998092651367
      vertex -27.461671829223633 21.65077781677246 1.6999998092651367
    endloop
  endfacet
  facet normal 0 0 1
    outer loop
      vertex -28.424869537353516 22.399999618530273 1.6999998092651367
      vertex -27.385639190673828 21.799999237060547 1.6999998092651367
      vertex -28.265247344970703 22.645797729492188 1.6999998092651367
    endloop
  endfacet
  facet normal 0 0 1
    outer loop
      vertex -24.614360809326172 20.200000762939453 1.6999998092651367
      vertex -23.575130462646484 19.600000381469727 1.6999998092651367
      vertex -24.538328170776367 20.34922218322754 1.6999998092651367
    endloop
  endfacet
  facet normal 0 0 1
    outer loop
      vertex -23.575130462646484 19.600000381469727 1.6999998092651367
      vertex -24.614360809326172 20.200000762939453 1.6999998092651367
      vertex -23.734752655029297 19.354202270507812 1.6999998092651367
    endloop
  endfacet
  facet normal 0 0 1
    outer loop
      vertex -24.70557403564453 20.05954360961914 1.6999998092651367
      vertex -23.734752655029297 19.354202270507812 1.6999998092651367
      vertex -24.614360809326172 20.200000762939453 1.6999998092651367
    endloop
  endfacet
  facet normal 0 0 1
    outer loop
      vertex -23.734752655029297 19.354202270507812 1.6999998092651367
      vertex -24.70557403564453 20.05954360961914 1.6999998092651367
      vertex -23.9191951751709 19.126434326171875 1.6999998092651367
    endloop
  endfacet
  facet normal 0 0 1
    outer loop
      vertex -24.81096839904785 19.929391860961914 1.6999998092651367
      vertex -23.9191951751709 19.126434326171875 1.6999998092651367
      vertex -24.70557403564453 20.05954360961914 1.6999998092651367
    endloop
  endfacet
  facet normal 0 0 1
    outer loop
      vertex -23.9191951751709 19.126434326171875 1.6999998092651367
      vertex -24.81096839904785 19.929391860961914 1.6999998092651367
      vertex -24.126434326171875 18.9191951751709 1.6999998092651367
    endloop
  endfacet
  facet normal 0 0 1
    outer loop
      vertex -24.929391860961914 19.81096839904785 1.6999998092651367
      vertex -24.126434326171875 18.9191951751709 1.6999998092651367
      vertex -24.81096839904785 19.929391860961914 1.6999998092651367
    endloop
  endfacet
  facet normal 0 0 1
    outer loop
      vertex -24.126434326171875 18.9191951751709 1.6999998092651367
      vertex -24.929391860961914 19.81096839904785 1.6999998092651367
      vertex -24.354202270507812 18.734752655029297 1.6999998092651367
    endloop
  endfacet
  facet normal 0 0 1
    outer loop
      vertex -25.05954360961914 19.70557403564453 1.6999998092651367
      vertex -24.354202270507812 18.734752655029297 1.6999998092651367
      vertex -24.929391860961914 19.81096839904785 1.6999998092651367
    endloop
  endfacet
  facet normal 0 0 1
    outer loop
      vertex -24.354202270507812 18.734752655029297 1.6999998092651367
      vertex -25.05954360961914 19.70557403564453 1.6999998092651367
      vertex -24.600000381469727 18.575130462646484 1.6999998092651367
    endloop
  endfacet
  facet normal 0 0 1
    outer loop
      vertex -25.200000762939453 19.614360809326172 1.6999998092651367
      vertex -24.600000381469727 18.575130462646484 1.6999998092651367
      vertex -25.05954360961914 19.70557403564453 1.6999998092651367
    endloop
  endfacet
  facet normal 0 0 1
    outer loop
      vertex -24.600000381469727 18.575130462646484 1.6999998092651367
      vertex -25.200000762939453 19.614360809326172 1.6999998092651367
      vertex -24.86113739013672 18.442073822021484 1.6999998092651367
    endloop
  endfacet
  facet normal 0 0 1
    outer loop
      vertex -25.34922218322754 19.538328170776367 1.6999998092651367
      vertex -24.86113739013672 18.442073822021484 1.6999998092651367
      vertex -25.200000762939453 19.614360809326172 1.6999998092651367
    endloop
  endfacet
  facet normal 0 0 1
    outer loop
      vertex -24.86113739013672 18.442073822021484 1.6999998092651367
      vertex -25.34922218322754 19.538328170776367 1.6999998092651367
      vertex -25.134754180908203 18.3370418548584 1.6999998092651367
    endloop
  endfacet
  facet normal 0 0 1
    outer loop
      vertex -25.505573272705078 19.478309631347656 1.6999998092651367
      vertex -25.134754180908203 18.3370418548584 1.6999998092651367
      vertex -25.34922218322754 19.538328170776367 1.6999998092651367
    endloop
  endfacet
  facet normal 0 0 1
    outer loop
      vertex -25.134754180908203 18.3370418548584 1.6999998092651367
      vertex -25.505573272705078 19.478309631347656 1.6999998092651367
      vertex -25.4178466796875 18.261188507080078 1.6999998092651367
    endloop
  endfacet
  facet normal 0 0 1
    outer loop
      vertex -25.667343139648438 19.43496322631836 1.6999998092651367
      vertex -25.4178466796875 18.261188507080078 1.6999998092651367
      vertex -25.505573272705078 19.478309631347656 1.6999998092651367
    endloop
  endfacet
  facet normal 0 0 1
    outer loop
      vertex -25.667343139648438 19.43496322631836 1.6999998092651367
      vertex -25.707321166992188 18.21533966064453 1.6999998092651367
      vertex -25.4178466796875 18.261188507080078 1.6999998092651367
    endloop
  endfacet
  facet normal 0 0 1
    outer loop
      vertex -25.83275604248047 19.40876579284668 1.6999998092651367
      vertex -25.707321166992188 18.21533966064453 1.6999998092651367
      vertex -25.667343139648438 19.43496322631836 1.6999998092651367
    endloop
  endfacet
  facet normal 0 0 1
    outer loop
      vertex -26 19.400001525878906 1.6999998092651367
      vertex -25.707321166992188 18.21533966064453 1.6999998092651367
      vertex -25.83275604248047 19.40876579284668 1.6999998092651367
    endloop
  endfacet
  facet normal 0 0 1
    outer loop
      vertex -26 19.400001525878906 1.6999998092651367
      vertex -26 18.200000762939453 1.6999998092651367
      vertex -25.707321166992188 18.21533966064453 1.6999998092651367
    endloop
  endfacet
  facet normal 0 0 1
    outer loop
      vertex -26.16724395751953 19.40876579284668 1.6999998092651367
      vertex -26 18.200000762939453 1.6999998092651367
      vertex -26 19.400001525878906 1.6999998092651367
    endloop
  endfacet
  facet normal 0 0 1
    outer loop
      vertex -26.16724395751953 19.40876579284668 1.6999998092651367
      vertex -26.292678833007812 18.21533966064453 1.6999998092651367
      vertex -26 18.200000762939453 1.6999998092651367
    endloop
  endfacet
  facet normal 0 0 1
    outer loop
      vertex -26.332656860351562 19.43496322631836 1.6999998092651367
      vertex -26.292678833007812 18.21533966064453 1.6999998092651367
      vertex -26.16724395751953 19.40876579284668 1.6999998092651367
    endloop
  endfacet
  facet normal 0 0 1
    outer loop
      vertex -26.5821533203125 18.261188507080078 1.6999998092651367
      vertex -26.332656860351562 19.43496322631836 1.6999998092651367
      vertex -26.494426727294922 19.478309631347656 1.6999998092651367
    endloop
  endfacet
  facet normal 0 0 1
    outer loop
      vertex -26.332656860351562 19.43496322631836 1.6999998092651367
      vertex -26.5821533203125 18.261188507080078 1.6999998092651367
      vertex -26.292678833007812 18.21533966064453 1.6999998092651367
    endloop
  endfacet
  facet normal 0 0 1
    outer loop
      vertex -26.865245819091797 18.3370418548584 1.6999998092651367
      vertex -26.494426727294922 19.478309631347656 1.6999998092651367
      vertex -26.65077781677246 19.538328170776367 1.6999998092651367
    endloop
  endfacet
  facet normal 0 0 1
    outer loop
      vertex -27.13886260986328 18.442073822021484 1.6999998092651367
      vertex -26.65077781677246 19.538328170776367 1.6999998092651367
      vertex -26.799999237060547 19.614360809326172 1.6999998092651367
    endloop
  endfacet
  facet normal 0 0 1
    outer loop
      vertex -26.494426727294922 19.478309631347656 1.6999998092651367
      vertex -26.865245819091797 18.3370418548584 1.6999998092651367
      vertex -26.5821533203125 18.261188507080078 1.6999998092651367
    endloop
  endfacet
  facet normal 0 0 1
    outer loop
      vertex -27.399999618530273 18.575130462646484 1.6999998092651367
      vertex -26.799999237060547 19.614360809326172 1.6999998092651367
      vertex -26.94045639038086 19.70557403564453 1.6999998092651367
    endloop
  endfacet
  facet normal 0 0 1
    outer loop
      vertex -27.645797729492188 18.734752655029297 1.6999998092651367
      vertex -26.94045639038086 19.70557403564453 1.6999998092651367
      vertex -27.070608139038086 19.81096839904785 1.6999998092651367
    endloop
  endfacet
  facet normal 0 0 1
    outer loop
      vertex -26.65077781677246 19.538328170776367 1.6999998092651367
      vertex -27.13886260986328 18.442073822021484 1.6999998092651367
      vertex -26.865245819091797 18.3370418548584 1.6999998092651367
    endloop
  endfacet
  facet normal 0 0 1
    outer loop
      vertex -27.873565673828125 18.9191951751709 1.6999998092651367
      vertex -27.070608139038086 19.81096839904785 1.6999998092651367
      vertex -27.18903160095215 19.929391860961914 1.6999998092651367
    endloop
  endfacet
  facet normal 0 0 1
    outer loop
      vertex -28.0808048248291 19.126434326171875 1.6999998092651367
      vertex -27.18903160095215 19.929391860961914 1.6999998092651367
      vertex -27.29442596435547 20.05954360961914 1.6999998092651367
    endloop
  endfacet
  facet normal 0 0 1
    outer loop
      vertex -28.265247344970703 19.354202270507812 1.6999998092651367
      vertex -27.29442596435547 20.05954360961914 1.6999998092651367
      vertex -27.385639190673828 20.200000762939453 1.6999998092651367
    endloop
  endfacet
  facet normal 0 0 1
    outer loop
      vertex -26.799999237060547 19.614360809326172 1.6999998092651367
      vertex -27.399999618530273 18.575130462646484 1.6999998092651367
      vertex -27.13886260986328 18.442073822021484 1.6999998092651367
    endloop
  endfacet
  facet normal 0 0 1
    outer loop
      vertex -28.424869537353516 19.600000381469727 1.6999998092651367
      vertex -27.385639190673828 20.200000762939453 1.6999998092651367
      vertex -27.461671829223633 20.34922218322754 1.6999998092651367
    endloop
  endfacet
  facet normal 0 0 1
    outer loop
      vertex -28.557926177978516 19.86113739013672 1.6999998092651367
      vertex -27.461671829223633 20.34922218322754 1.6999998092651367
      vertex -27.521690368652344 20.505573272705078 1.6999998092651367
    endloop
  endfacet
  facet normal 0 0 1
    outer loop
      vertex -28.6629581451416 20.134754180908203 1.6999998092651367
      vertex -27.521690368652344 20.505573272705078 1.6999998092651367
      vertex -27.56503677368164 20.667343139648438 1.6999998092651367
    endloop
  endfacet
  facet normal 0 0 1
    outer loop
      vertex -28.738811492919922 20.4178466796875 1.6999998092651367
      vertex -27.56503677368164 20.667343139648438 1.6999998092651367
      vertex -27.59123420715332 20.83275604248047 1.6999998092651367
    endloop
  endfacet
  facet normal 0 0 1
    outer loop
      vertex -26.94045639038086 19.70557403564453 1.6999998092651367
      vertex -27.645797729492188 18.734752655029297 1.6999998092651367
      vertex -27.399999618530273 18.575130462646484 1.6999998092651367
    endloop
  endfacet
  facet normal 0 0 1
    outer loop
      vertex -28.78466033935547 20.707321166992188 1.6999998092651367
      vertex -27.59123420715332 20.83275604248047 1.6999998092651367
      vertex -27.599998474121094 21 1.6999998092651367
    endloop
  endfacet
  facet normal 0 0 1
    outer loop
      vertex -28.557926177978516 22.13886260986328 1.6999998092651367
      vertex -27.461671829223633 21.65077781677246 1.6999998092651367
      vertex -28.424869537353516 22.399999618530273 1.6999998092651367
    endloop
  endfacet
  facet normal 0 0 1
    outer loop
      vertex -27.461671829223633 21.65077781677246 1.6999998092651367
      vertex -28.557926177978516 22.13886260986328 1.6999998092651367
      vertex -27.521690368652344 21.494426727294922 1.6999998092651367
    endloop
  endfacet
  facet normal 0 0 1
    outer loop
      vertex -27.070608139038086 19.81096839904785 1.6999998092651367
      vertex -27.873565673828125 18.9191951751709 1.6999998092651367
      vertex -27.645797729492188 18.734752655029297 1.6999998092651367
    endloop
  endfacet
  facet normal 0 0 1
    outer loop
      vertex -28.6629581451416 21.865245819091797 1.6999998092651367
      vertex -27.521690368652344 21.494426727294922 1.6999998092651367
      vertex -28.557926177978516 22.13886260986328 1.6999998092651367
    endloop
  endfacet
  facet normal 0 0 1
    outer loop
      vertex -27.18903160095215 19.929391860961914 1.6999998092651367
      vertex -28.0808048248291 19.126434326171875 1.6999998092651367
      vertex -27.873565673828125 18.9191951751709 1.6999998092651367
    endloop
  endfacet
  facet normal 0 0 1
    outer loop
      vertex -27.521690368652344 21.494426727294922 1.6999998092651367
      vertex -28.6629581451416 21.865245819091797 1.6999998092651367
      vertex -27.56503677368164 21.332656860351562 1.6999998092651367
    endloop
  endfacet
  facet normal 0 0 1
    outer loop
      vertex -27.29442596435547 20.05954360961914 1.6999998092651367
      vertex -28.265247344970703 19.354202270507812 1.6999998092651367
      vertex -28.0808048248291 19.126434326171875 1.6999998092651367
    endloop
  endfacet
  facet normal 0 0 1
    outer loop
      vertex -28.738811492919922 21.5821533203125 1.6999998092651367
      vertex -27.56503677368164 21.332656860351562 1.6999998092651367
      vertex -28.6629581451416 21.865245819091797 1.6999998092651367
    endloop
  endfacet
  facet normal 0 0 1
    outer loop
      vertex -27.385639190673828 20.200000762939453 1.6999998092651367
      vertex -28.424869537353516 19.600000381469727 1.6999998092651367
      vertex -28.265247344970703 19.354202270507812 1.6999998092651367
    endloop
  endfacet
  facet normal 0 0 1
    outer loop
      vertex -27.56503677368164 21.332656860351562 1.6999998092651367
      vertex -28.738811492919922 21.5821533203125 1.6999998092651367
      vertex -27.59123420715332 21.16724395751953 1.6999998092651367
    endloop
  endfacet
  facet normal 0 0 1
    outer loop
      vertex -27.461671829223633 20.34922218322754 1.6999998092651367
      vertex -28.557926177978516 19.86113739013672 1.6999998092651367
      vertex -28.424869537353516 19.600000381469727 1.6999998092651367
    endloop
  endfacet
  facet normal 0 0 1
    outer loop
      vertex -28.78466033935547 21.292678833007812 1.6999998092651367
      vertex -27.59123420715332 21.16724395751953 1.6999998092651367
      vertex -28.738811492919922 21.5821533203125 1.6999998092651367
    endloop
  endfacet
  facet normal 0 0 1
    outer loop
      vertex -27.521690368652344 20.505573272705078 1.6999998092651367
      vertex -28.6629581451416 20.134754180908203 1.6999998092651367
      vertex -28.557926177978516 19.86113739013672 1.6999998092651367
    endloop
  endfacet
  facet normal 0 0 1
    outer loop
      vertex -27.59123420715332 21.16724395751953 1.6999998092651367
      vertex -28.78466033935547 21.292678833007812 1.6999998092651367
      vertex -27.599998474121094 21 1.6999998092651367
    endloop
  endfacet
  facet normal 0 0 1
    outer loop
      vertex -27.56503677368164 20.667343139648438 1.6999998092651367
      vertex -28.738811492919922 20.4178466796875 1.6999998092651367
      vertex -28.6629581451416 20.134754180908203 1.6999998092651367
    endloop
  endfacet
  facet normal 0 0 1
    outer loop
      vertex -28.799999237060547 21 1.6999998092651367
      vertex -27.599998474121094 21 1.6999998092651367
      vertex -28.78466033935547 21.292678833007812 1.6999998092651367
    endloop
  endfacet
  facet normal 0 0 1
    outer loop
      vertex -27.59123420715332 20.83275604248047 1.6999998092651367
      vertex -28.78466033935547 20.707321166992188 1.6999998092651367
      vertex -28.738811492919922 20.4178466796875 1.6999998092651367
    endloop
  endfacet
  facet normal 0 0 1
    outer loop
      vertex -27.599998474121094 21 1.6999998092651367
      vertex -28.799999237060547 21 1.6999998092651367
      vertex -28.78466033935547 20.707321166992188 1.6999998092651367
    endloop
  endfacet
  facet normal 0.05233680699606441 0.9986294901681287 0
    outer loop
      vertex -26 18.200000762939453 1.6999998092651367
      vertex -26.292678833007812 18.21533966064453 3.1999998092651367
      vertex -26 18.200000762939453 3.1999998092651367
    endloop
  endfacet
  facet normal 0.05233680699606441 0.9986294901681287 0
    outer loop
      vertex -26.292678833007812 18.21533966064453 3.1999998092651367
      vertex -26 18.200000762939453 1.6999998092651367
      vertex -26.292678833007812 18.21533966064453 1.6999998092651367
    endloop
  endfacet
  facet normal 0.544636713645323 -0.8386720754559689 0
    outer loop
      vertex -27.645797729492188 23.265247344970703 1.6999998092651367
      vertex -27.399999618530273 23.424869537353516 3.1999998092651367
      vertex -27.645797729492188 23.265247344970703 3.1999998092651367
    endloop
  endfacet
  facet normal 0.544636713645323 -0.8386720754559689 0
    outer loop
      vertex -27.399999618530273 23.424869537353516 3.1999998092651367
      vertex -27.645797729492188 23.265247344970703 1.6999998092651367
      vertex -27.399999618530273 23.424869537353516 1.6999998092651367
    endloop
  endfacet
  facet normal -0.15643643476845734 -0.9876880286188215 0
    outer loop
      vertex -25.707321166992188 23.78466033935547 1.6999998092651367
      vertex -25.4178466796875 23.738811492919922 3.1999998092651367
      vertex -25.707321166992188 23.78466033935547 3.1999998092651367
    endloop
  endfacet
  facet normal -0.15643643476845734 -0.9876880286188215 0
    outer loop
      vertex -25.4178466796875 23.738811492919922 3.1999998092651367
      vertex -25.707321166992188 23.78466033935547 1.6999998092651367
      vertex -25.4178466796875 23.738811492919922 1.6999998092651367
    endloop
  endfacet
  facet normal 0.7071067811865476 0.7071067811865476 0
    outer loop
      vertex -27.873565673828125 18.9191951751709 3.1999998092651367
      vertex -28.0808048248291 19.126434326171875 1.6999998092651367
      vertex -28.0808048248291 19.126434326171875 3.1999998092651367
    endloop
  endfacet
  facet normal 0.7071067811865476 0.7071067811865476 0
    outer loop
      vertex -28.0808048248291 19.126434326171875 1.6999998092651367
      vertex -27.873565673828125 18.9191951751709 3.1999998092651367
      vertex -27.873565673828125 18.9191951751709 1.6999998092651367
    endloop
  endfacet
  facet normal -0.05233680699606441 0.9986294901681287 0
    outer loop
      vertex -25.707321166992188 18.21533966064453 1.6999998092651367
      vertex -26 18.200000762939453 3.1999998092651367
      vertex -25.707321166992188 18.21533966064453 3.1999998092651367
    endloop
  endfacet
  facet normal -0.05233680699606441 0.9986294901681287 0
    outer loop
      vertex -26 18.200000762939453 3.1999998092651367
      vertex -25.707321166992188 18.21533966064453 1.6999998092651367
      vertex -26 18.200000762939453 1.6999998092651367
    endloop
  endfacet
  facet normal 0.777146502883238 0.6293197224434917 0
    outer loop
      vertex -28.0808048248291 19.126434326171875 3.1999998092651367
      vertex -28.265247344970703 19.354202270507812 1.6999998092651367
      vertex -28.265247344970703 19.354202270507812 3.1999998092651367
    endloop
  endfacet
  facet normal 0.777146502883238 0.6293197224434917 0
    outer loop
      vertex -28.265247344970703 19.354202270507812 1.6999998092651367
      vertex -28.0808048248291 19.126434326171875 3.1999998092651367
      vertex -28.0808048248291 19.126434326171875 1.6999998092651367
    endloop
  endfacet
  facet normal -0.15643643476845734 0.9876880286188215 0
    outer loop
      vertex -25.4178466796875 18.261188507080078 1.6999998092651367
      vertex -25.707321166992188 18.21533966064453 3.1999998092651367
      vertex -25.4178466796875 18.261188507080078 3.1999998092651367
    endloop
  endfacet
  facet normal -0.15643643476845734 0.9876880286188215 0
    outer loop
      vertex -25.707321166992188 18.21533966064453 3.1999998092651367
      vertex -25.4178466796875 18.261188507080078 1.6999998092651367
      vertex -25.707321166992188 18.21533966064453 1.6999998092651367
    endloop
  endfacet
  facet normal 0.6293197224434917 0.777146502883238 0
    outer loop
      vertex -27.645797729492188 18.734752655029297 1.6999998092651367
      vertex -27.873565673828125 18.9191951751709 3.1999998092651367
      vertex -27.645797729492188 18.734752655029297 3.1999998092651367
    endloop
  endfacet
  facet normal 0.6293197224434917 0.777146502883238 0
    outer loop
      vertex -27.873565673828125 18.9191951751709 3.1999998092651367
      vertex -27.645797729492188 18.734752655029297 1.6999998092651367
      vertex -27.873565673828125 18.9191951751709 1.6999998092651367
    endloop
  endfacet
  facet normal 0.9659267293282522 0.2588156748908872 0
    outer loop
      vertex -28.6629581451416 20.134754180908203 3.1999998092651367
      vertex -28.738811492919922 20.4178466796875 1.6999998092651367
      vertex -28.738811492919922 20.4178466796875 3.1999998092651367
    endloop
  endfacet
  facet normal 0.9659267293282522 0.2588156748908872 0
    outer loop
      vertex -28.738811492919922 20.4178466796875 1.6999998092651367
      vertex -28.6629581451416 20.134754180908203 3.1999998092651367
      vertex -28.6629581451416 20.134754180908203 1.6999998092651367
    endloop
  endfacet
  facet normal -0.45399236582892294 0.8910055733658783 0
    outer loop
      vertex -24.600000381469727 18.575130462646484 1.6999998092651367
      vertex -24.86113739013672 18.442073822021484 3.1999998092651367
      vertex -24.600000381469727 18.575130462646484 3.1999998092651367
    endloop
  endfacet
  facet normal -0.45399236582892294 0.8910055733658783 0
    outer loop
      vertex -24.86113739013672 18.442073822021484 3.1999998092651367
      vertex -24.600000381469727 18.575130462646484 1.6999998092651367
      vertex -24.86113739013672 18.442073822021484 1.6999998092651367
    endloop
  endfacet
  facet normal -0.9986297274365881 -0.05233227952159028 0
    outer loop
      vertex 27.599998474121094 -21 0
      vertex 27.59123420715332 -20.83275604248047 1.6999998092651367
      vertex 27.59123420715332 -20.83275604248047 0
    endloop
  endfacet
  facet normal -0.9986297274365881 -0.05233227952159028 0
    outer loop
      vertex 27.59123420715332 -20.83275604248047 1.6999998092651367
      vertex 27.599998474121094 -21 0
      vertex 27.599998474121094 -21 1.6999998092651367
    endloop
  endfacet
  facet normal -0.15642633013197782 0.9876896290036873 0
    outer loop
      vertex 26.332656860351562 -22.56503677368164 0
      vertex 26.16724395751953 -22.59123420715332 1.6999998092651367
      vertex 26.332656860351562 -22.56503677368164 1.6999998092651367
    endloop
  endfacet
  facet normal -0.15642633013197782 0.9876896290036873 0
    outer loop
      vertex 26.16724395751953 -22.59123420715332 1.6999998092651367
      vertex 26.332656860351562 -22.56503677368164 0
      vertex 26.16724395751953 -22.59123420715332 0
    endloop
  endfacet
  facet normal -0.8910052505725483 0.45399299934266624 0
    outer loop
      vertex 27.385639190673828 -21.799999237060547 0
      vertex 27.461671829223633 -21.65077781677246 1.6999998092651367
      vertex 27.461671829223633 -21.65077781677246 0
    endloop
  endfacet
  facet normal -0.8910052505725483 0.45399299934266624 0
    outer loop
      vertex 27.461671829223633 -21.65077781677246 1.6999998092651367
      vertex 27.385639190673828 -21.799999237060547 0
      vertex 27.385639190673828 -21.799999237060547 1.6999998092651367
    endloop
  endfacet
  facet normal 0.5446360297552559 -0.8386725195762839 0
    outer loop
      vertex 25.05954360961914 -19.70557403564453 0
      vertex 25.200000762939453 -19.614360809326172 1.6999998092651367
      vertex 25.05954360961914 -19.70557403564453 1.6999998092651367
    endloop
  endfacet
  facet normal 0.5446360297552559 -0.8386725195762839 0
    outer loop
      vertex 25.200000762939453 -19.614360809326172 1.6999998092651367
      vertex 25.05954360961914 -19.70557403564453 0
      vertex 25.200000762939453 -19.614360809326172 0
    endloop
  endfacet
  facet normal -0.8386725195762839 -0.5446360297552559 0
    outer loop
      vertex 27.385639190673828 -20.200000762939453 0
      vertex 27.29442596435547 -20.05954360961914 1.6999998092651367
      vertex 27.29442596435547 -20.05954360961914 0
    endloop
  endfacet
  facet normal -0.8386725195762839 -0.5446360297552559 0
    outer loop
      vertex 27.29442596435547 -20.05954360961914 1.6999998092651367
      vertex 27.385639190673828 -20.200000762939453 0
      vertex 27.385639190673828 -20.200000762939453 1.6999998092651367
    endloop
  endfacet
  facet normal 0.6293187878740293 0.777147259680405 0
    outer loop
      vertex 25.05954360961914 -22.29442596435547 0
      vertex 24.929391860961914 -22.18903160095215 1.6999998092651367
      vertex 25.05954360961914 -22.29442596435547 1.6999998092651367
    endloop
  endfacet
  facet normal 0.6293187878740293 0.777147259680405 0
    outer loop
      vertex 24.929391860961914 -22.18903160095215 1.6999998092651367
      vertex 25.05954360961914 -22.29442596435547 0
      vertex 24.929391860961914 -22.18903160095215 0
    endloop
  endfacet
  facet normal 0.9876896290036873 -0.15642633013197782 0
    outer loop
      vertex 24.40876579284668 -20.83275604248047 1.6999998092651367
      vertex 24.43496322631836 -20.667343139648438 0
      vertex 24.43496322631836 -20.667343139648438 1.6999998092651367
    endloop
  endfacet
  facet normal 0.9876896290036873 -0.15642633013197782 0
    outer loop
      vertex 24.43496322631836 -20.667343139648438 0
      vertex 24.40876579284668 -20.83275604248047 1.6999998092651367
      vertex 24.40876579284668 -20.83275604248047 0
    endloop
  endfacet
  facet normal 0.777147259680405 0.6293187878740293 0
    outer loop
      vertex 24.81096839904785 -22.070608139038086 1.6999998092651367
      vertex 24.70557403564453 -21.94045639038086 0
      vertex 24.70557403564453 -21.94045639038086 1.6999998092651367
    endloop
  endfacet
  facet normal 0.777147259680405 0.6293187878740293 0
    outer loop
      vertex 24.70557403564453 -21.94045639038086 0
      vertex 24.81096839904785 -22.070608139038086 1.6999998092651367
      vertex 24.81096839904785 -22.070608139038086 0
    endloop
  endfacet
  facet normal 0.05233227952159028 -0.9986297274365881 0
    outer loop
      vertex 25.83275604248047 -19.40876579284668 0
      vertex 26 -19.400001525878906 1.6999998092651367
      vertex 25.83275604248047 -19.40876579284668 1.6999998092651367
    endloop
  endfacet
  facet normal 0.05233227952159028 -0.9986297274365881 0
    outer loop
      vertex 26 -19.400001525878906 1.6999998092651367
      vertex 25.83275604248047 -19.40876579284668 0
      vertex 26 -19.400001525878906 0
    endloop
  endfacet
  facet normal -0.05233227952159028 -0.9986297274365881 0
    outer loop
      vertex 26 -19.400001525878906 0
      vertex 26.16724395751953 -19.40876579284668 1.6999998092651367
      vertex 26 -19.400001525878906 1.6999998092651367
    endloop
  endfacet
  facet normal -0.05233227952159028 -0.9986297274365881 0
    outer loop
      vertex 26.16724395751953 -19.40876579284668 1.6999998092651367
      vertex 26 -19.400001525878906 0
      vertex 26.16724395751953 -19.40876579284668 0
    endloop
  endfacet
  facet normal 0.933578470053954 0.35837304621262817 0
    outer loop
      vertex 24.538328170776367 -21.65077781677246 1.6999998092651367
      vertex 24.478309631347656 -21.494426727294922 0
      vertex 24.478309631347656 -21.494426727294922 1.6999998092651367
    endloop
  endfacet
  facet normal 0.933578470053954 0.35837304621262817 0
    outer loop
      vertex 24.478309631347656 -21.494426727294922 0
      vertex 24.538328170776367 -21.65077781677246 1.6999998092651367
      vertex 24.538328170776367 -21.65077781677246 0
    endloop
  endfacet
  facet normal -0.9876896290036873 0.15642633013197782 0
    outer loop
      vertex 27.56503677368164 -21.332656860351562 0
      vertex 27.59123420715332 -21.16724395751953 1.6999998092651367
      vertex 27.59123420715332 -21.16724395751953 0
    endloop
  endfacet
  facet normal -0.9876896290036873 0.15642633013197782 0
    outer loop
      vertex 27.59123420715332 -21.16724395751953 1.6999998092651367
      vertex 27.56503677368164 -21.332656860351562 0
      vertex 27.56503677368164 -21.332656860351562 1.6999998092651367
    endloop
  endfacet
  facet normal 0.25882071541257184 0.9659253787292911 0
    outer loop
      vertex 25.667343139648438 -22.56503677368164 0
      vertex 25.505573272705078 -22.521690368652344 1.6999998092651367
      vertex 25.667343139648438 -22.56503677368164 1.6999998092651367
    endloop
  endfacet
  facet normal 0.25882071541257184 0.9659253787292911 0
    outer loop
      vertex 25.505573272705078 -22.521690368652344 1.6999998092651367
      vertex 25.667343139648438 -22.56503677368164 0
      vertex 25.505573272705078 -22.521690368652344 0
    endloop
  endfacet
  facet normal -0.45399299934266624 -0.8910052505725483 0
    outer loop
      vertex 26.65077781677246 -19.538328170776367 0
      vertex 26.799999237060547 -19.614360809326172 1.6999998092651367
      vertex 26.65077781677246 -19.538328170776367 1.6999998092651367
    endloop
  endfacet
  facet normal -0.45399299934266624 -0.8910052505725483 0
    outer loop
      vertex 26.799999237060547 -19.614360809326172 1.6999998092651367
      vertex 26.65077781677246 -19.538328170776367 0
      vertex 26.799999237060547 -19.614360809326172 0
    endloop
  endfacet
  facet normal 0.777147259680405 -0.6293187878740293 0
    outer loop
      vertex 24.70557403564453 -20.05954360961914 1.6999998092651367
      vertex 24.81096839904785 -19.929391860961914 0
      vertex 24.81096839904785 -19.929391860961914 1.6999998092651367
    endloop
  endfacet
  facet normal 0.777147259680405 -0.6293187878740293 0
    outer loop
      vertex 24.81096839904785 -19.929391860961914 0
      vertex 24.70557403564453 -20.05954360961914 1.6999998092651367
      vertex 24.70557403564453 -20.05954360961914 0
    endloop
  endfacet
  facet normal 0.35837304621262817 -0.933578470053954 0
    outer loop
      vertex 25.34922218322754 -19.538328170776367 0
      vertex 25.505573272705078 -19.478309631347656 1.6999998092651367
      vertex 25.34922218322754 -19.538328170776367 1.6999998092651367
    endloop
  endfacet
  facet normal 0.35837304621262817 -0.933578470053954 0
    outer loop
      vertex 25.505573272705078 -19.478309631347656 1.6999998092651367
      vertex 25.34922218322754 -19.538328170776367 0
      vertex 25.505573272705078 -19.478309631347656 0
    endloop
  endfacet
  facet normal -0.933578470053954 -0.35837304621262817 0
    outer loop
      vertex 27.521690368652344 -20.505573272705078 0
      vertex 27.461671829223633 -20.34922218322754 1.6999998092651367
      vertex 27.461671829223633 -20.34922218322754 0
    endloop
  endfacet
  facet normal -0.933578470053954 -0.35837304621262817 0
    outer loop
      vertex 27.461671829223633 -20.34922218322754 1.6999998092651367
      vertex 27.521690368652344 -20.505573272705078 0
      vertex 27.521690368652344 -20.505573272705078 1.6999998092651367
    endloop
  endfacet
  facet normal -0.7071067811865476 0.7071067811865476 0
    outer loop
      vertex 27.070608139038086 -22.18903160095215 0
      vertex 27.18903160095215 -22.070608139038086 1.6999998092651367
      vertex 27.18903160095215 -22.070608139038086 0
    endloop
  endfacet
  facet normal -0.7071067811865476 0.7071067811865476 0
    outer loop
      vertex 27.18903160095215 -22.070608139038086 1.6999998092651367
      vertex 27.070608139038086 -22.18903160095215 0
      vertex 27.070608139038086 -22.18903160095215 1.6999998092651367
    endloop
  endfacet
  facet normal -0.35837304621262817 -0.933578470053954 0
    outer loop
      vertex 26.494426727294922 -19.478309631347656 0
      vertex 26.65077781677246 -19.538328170776367 1.6999998092651367
      vertex 26.494426727294922 -19.478309631347656 1.6999998092651367
    endloop
  endfacet
  facet normal -0.35837304621262817 -0.933578470053954 0
    outer loop
      vertex 26.65077781677246 -19.538328170776367 1.6999998092651367
      vertex 26.494426727294922 -19.478309631347656 0
      vertex 26.65077781677246 -19.538328170776367 0
    endloop
  endfacet
  facet normal 0.7071067811865476 0.7071067811865476 0
    outer loop
      vertex 24.929391860961914 -22.18903160095215 1.6999998092651367
      vertex 24.81096839904785 -22.070608139038086 0
      vertex 24.81096839904785 -22.070608139038086 1.6999998092651367
    endloop
  endfacet
  facet normal 0.7071067811865476 0.7071067811865476 0
    outer loop
      vertex 24.81096839904785 -22.070608139038086 0
      vertex 24.929391860961914 -22.18903160095215 1.6999998092651367
      vertex 24.929391860961914 -22.18903160095215 0
    endloop
  endfacet
  facet normal 0.15642633013197782 -0.9876896290036873 0
    outer loop
      vertex 25.667343139648438 -19.43496322631836 0
      vertex 25.83275604248047 -19.40876579284668 1.6999998092651367
      vertex 25.667343139648438 -19.43496322631836 1.6999998092651367
    endloop
  endfacet
  facet normal 0.15642633013197782 -0.9876896290036873 0
    outer loop
      vertex 25.83275604248047 -19.40876579284668 1.6999998092651367
      vertex 25.667343139648438 -19.43496322631836 0
      vertex 25.83275604248047 -19.40876579284668 0
    endloop
  endfacet
  facet normal -0.8386725195762839 0.5446360297552559 0
    outer loop
      vertex 27.29442596435547 -21.94045639038086 0
      vertex 27.385639190673828 -21.799999237060547 1.6999998092651367
      vertex 27.385639190673828 -21.799999237060547 0
    endloop
  endfacet
  facet normal -0.8386725195762839 0.5446360297552559 0
    outer loop
      vertex 27.385639190673828 -21.799999237060547 1.6999998092651367
      vertex 27.29442596435547 -21.94045639038086 0
      vertex 27.29442596435547 -21.94045639038086 1.6999998092651367
    endloop
  endfacet
  facet normal -0.9986297274365881 0.05233227952159028 0
    outer loop
      vertex 27.59123420715332 -21.16724395751953 0
      vertex 27.599998474121094 -21 1.6999998092651367
      vertex 27.599998474121094 -21 0
    endloop
  endfacet
  facet normal -0.9986297274365881 0.05233227952159028 0
    outer loop
      vertex 27.599998474121094 -21 1.6999998092651367
      vertex 27.59123420715332 -21.16724395751953 0
      vertex 27.59123420715332 -21.16724395751953 1.6999998092651367
    endloop
  endfacet
  facet normal -0.5446360297552559 0.8386725195762839 0
    outer loop
      vertex 26.94045639038086 -22.29442596435547 0
      vertex 26.799999237060547 -22.385639190673828 1.6999998092651367
      vertex 26.94045639038086 -22.29442596435547 1.6999998092651367
    endloop
  endfacet
  facet normal -0.5446360297552559 0.8386725195762839 0
    outer loop
      vertex 26.799999237060547 -22.385639190673828 1.6999998092651367
      vertex 26.94045639038086 -22.29442596435547 0
      vertex 26.799999237060547 -22.385639190673828 0
    endloop
  endfacet
  facet normal 0.35837304621262817 0.933578470053954 0
    outer loop
      vertex 25.505573272705078 -22.521690368652344 0
      vertex 25.34922218322754 -22.461671829223633 1.6999998092651367
      vertex 25.505573272705078 -22.521690368652344 1.6999998092651367
    endloop
  endfacet
  facet normal 0.35837304621262817 0.933578470053954 0
    outer loop
      vertex 25.34922218322754 -22.461671829223633 1.6999998092651367
      vertex 25.505573272705078 -22.521690368652344 0
      vertex 25.34922218322754 -22.461671829223633 0
    endloop
  endfacet
  facet normal -0.8910052505725483 -0.45399299934266624 0
    outer loop
      vertex 27.461671829223633 -20.34922218322754 0
      vertex 27.385639190673828 -20.200000762939453 1.6999998092651367
      vertex 27.385639190673828 -20.200000762939453 0
    endloop
  endfacet
  facet normal -0.8910052505725483 -0.45399299934266624 0
    outer loop
      vertex 27.385639190673828 -20.200000762939453 1.6999998092651367
      vertex 27.461671829223633 -20.34922218322754 0
      vertex 27.461671829223633 -20.34922218322754 1.6999998092651367
    endloop
  endfacet
  facet normal 0.9986297274365881 0.05233227952159028 0
    outer loop
      vertex 24.40876579284668 -21.16724395751953 1.6999998092651367
      vertex 24.400001525878906 -21 0
      vertex 24.400001525878906 -21 1.6999998092651367
    endloop
  endfacet
  facet normal 0.9986297274365881 0.05233227952159028 0
    outer loop
      vertex 24.400001525878906 -21 0
      vertex 24.40876579284668 -21.16724395751953 1.6999998092651367
      vertex 24.40876579284668 -21.16724395751953 0
    endloop
  endfacet
  facet normal 0.6293187878740293 -0.777147259680405 0
    outer loop
      vertex 24.929391860961914 -19.81096839904785 0
      vertex 25.05954360961914 -19.70557403564453 1.6999998092651367
      vertex 24.929391860961914 -19.81096839904785 1.6999998092651367
    endloop
  endfacet
  facet normal 0.6293187878740293 -0.777147259680405 0
    outer loop
      vertex 25.05954360961914 -19.70557403564453 1.6999998092651367
      vertex 24.929391860961914 -19.81096839904785 0
      vertex 25.05954360961914 -19.70557403564453 0
    endloop
  endfacet
  facet normal -0.933578470053954 0.35837304621262817 0
    outer loop
      vertex 27.461671829223633 -21.65077781677246 0
      vertex 27.521690368652344 -21.494426727294922 1.6999998092651367
      vertex 27.521690368652344 -21.494426727294922 0
    endloop
  endfacet
  facet normal -0.933578470053954 0.35837304621262817 0
    outer loop
      vertex 27.521690368652344 -21.494426727294922 1.6999998092651367
      vertex 27.461671829223633 -21.65077781677246 0
      vertex 27.461671829223633 -21.65077781677246 1.6999998092651367
    endloop
  endfacet
  facet normal 0.25882071541257184 -0.9659253787292911 0
    outer loop
      vertex 25.505573272705078 -19.478309631347656 0
      vertex 25.667343139648438 -19.43496322631836 1.6999998092651367
      vertex 25.505573272705078 -19.478309631347656 1.6999998092651367
    endloop
  endfacet
  facet normal 0.25882071541257184 -0.9659253787292911 0
    outer loop
      vertex 25.667343139648438 -19.43496322631836 1.6999998092651367
      vertex 25.505573272705078 -19.478309631347656 0
      vertex 25.667343139648438 -19.43496322631836 0
    endloop
  endfacet
  facet normal -0.5446360297552559 -0.8386725195762839 0
    outer loop
      vertex 26.799999237060547 -19.614360809326172 0
      vertex 26.94045639038086 -19.70557403564453 1.6999998092651367
      vertex 26.799999237060547 -19.614360809326172 1.6999998092651367
    endloop
  endfacet
  facet normal -0.5446360297552559 -0.8386725195762839 0
    outer loop
      vertex 26.94045639038086 -19.70557403564453 1.6999998092651367
      vertex 26.799999237060547 -19.614360809326172 0
      vertex 26.94045639038086 -19.70557403564453 0
    endloop
  endfacet
  facet normal -0.7071067811865476 -0.7071067811865476 0
    outer loop
      vertex 27.18903160095215 -19.929391860961914 0
      vertex 27.070608139038086 -19.81096839904785 1.6999998092651367
      vertex 27.070608139038086 -19.81096839904785 0
    endloop
  endfacet
  facet normal -0.7071067811865476 -0.7071067811865476 0
    outer loop
      vertex 27.070608139038086 -19.81096839904785 1.6999998092651367
      vertex 27.18903160095215 -19.929391860961914 0
      vertex 27.18903160095215 -19.929391860961914 1.6999998092651367
    endloop
  endfacet
  facet normal -0.35837304621262817 0.933578470053954 0
    outer loop
      vertex 26.65077781677246 -22.461671829223633 0
      vertex 26.494426727294922 -22.521690368652344 1.6999998092651367
      vertex 26.65077781677246 -22.461671829223633 1.6999998092651367
    endloop
  endfacet
  facet normal -0.35837304621262817 0.933578470053954 0
    outer loop
      vertex 26.494426727294922 -22.521690368652344 1.6999998092651367
      vertex 26.65077781677246 -22.461671829223633 0
      vertex 26.494426727294922 -22.521690368652344 0
    endloop
  endfacet
  facet normal -0.25882071541257184 0.9659253787292911 0
    outer loop
      vertex 26.494426727294922 -22.521690368652344 0
      vertex 26.332656860351562 -22.56503677368164 1.6999998092651367
      vertex 26.494426727294922 -22.521690368652344 1.6999998092651367
    endloop
  endfacet
  facet normal -0.25882071541257184 0.9659253787292911 0
    outer loop
      vertex 26.332656860351562 -22.56503677368164 1.6999998092651367
      vertex 26.494426727294922 -22.521690368652344 0
      vertex 26.332656860351562 -22.56503677368164 0
    endloop
  endfacet
  facet normal -0.15642633013197782 -0.9876896290036873 0
    outer loop
      vertex 26.16724395751953 -19.40876579284668 0
      vertex 26.332656860351562 -19.43496322631836 1.6999998092651367
      vertex 26.16724395751953 -19.40876579284668 1.6999998092651367
    endloop
  endfacet
  facet normal -0.15642633013197782 -0.9876896290036873 0
    outer loop
      vertex 26.332656860351562 -19.43496322631836 1.6999998092651367
      vertex 26.16724395751953 -19.40876579284668 0
      vertex 26.332656860351562 -19.43496322631836 0
    endloop
  endfacet
  facet normal 0.45399299934266624 -0.8910052505725483 0
    outer loop
      vertex 25.200000762939453 -19.614360809326172 0
      vertex 25.34922218322754 -19.538328170776367 1.6999998092651367
      vertex 25.200000762939453 -19.614360809326172 1.6999998092651367
    endloop
  endfacet
  facet normal 0.45399299934266624 -0.8910052505725483 0
    outer loop
      vertex 25.34922218322754 -19.538328170776367 1.6999998092651367
      vertex 25.200000762939453 -19.614360809326172 0
      vertex 25.34922218322754 -19.538328170776367 0
    endloop
  endfacet
  facet normal -0.05233227952159028 0.9986297274365881 0
    outer loop
      vertex 26.16724395751953 -22.59123420715332 0
      vertex 26 -22.599998474121094 1.6999998092651367
      vertex 26.16724395751953 -22.59123420715332 1.6999998092651367
    endloop
  endfacet
  facet normal -0.05233227952159028 0.9986297274365881 0
    outer loop
      vertex 26 -22.599998474121094 1.6999998092651367
      vertex 26.16724395751953 -22.59123420715332 0
      vertex 26 -22.599998474121094 0
    endloop
  endfacet
  facet normal 0.933578470053954 -0.35837304621262817 0
    outer loop
      vertex 24.478309631347656 -20.505573272705078 1.6999998092651367
      vertex 24.538328170776367 -20.34922218322754 0
      vertex 24.538328170776367 -20.34922218322754 1.6999998092651367
    endloop
  endfacet
  facet normal 0.933578470053954 -0.35837304621262817 0
    outer loop
      vertex 24.538328170776367 -20.34922218322754 0
      vertex 24.478309631347656 -20.505573272705078 1.6999998092651367
      vertex 24.478309631347656 -20.505573272705078 0
    endloop
  endfacet
  facet normal 0.8386725195762839 -0.5446360297552559 0
    outer loop
      vertex 24.614360809326172 -20.200000762939453 1.6999998092651367
      vertex 24.70557403564453 -20.05954360961914 0
      vertex 24.70557403564453 -20.05954360961914 1.6999998092651367
    endloop
  endfacet
  facet normal 0.8386725195762839 -0.5446360297552559 0
    outer loop
      vertex 24.70557403564453 -20.05954360961914 0
      vertex 24.614360809326172 -20.200000762939453 1.6999998092651367
      vertex 24.614360809326172 -20.200000762939453 0
    endloop
  endfacet
  facet normal 0.9659253787292911 -0.25882071541257184 0
    outer loop
      vertex 24.43496322631836 -20.667343139648438 1.6999998092651367
      vertex 24.478309631347656 -20.505573272705078 0
      vertex 24.478309631347656 -20.505573272705078 1.6999998092651367
    endloop
  endfacet
  facet normal 0.9659253787292911 -0.25882071541257184 0
    outer loop
      vertex 24.478309631347656 -20.505573272705078 0
      vertex 24.43496322631836 -20.667343139648438 1.6999998092651367
      vertex 24.43496322631836 -20.667343139648438 0
    endloop
  endfacet
  facet normal -0.25882071541257184 -0.9659253787292911 0
    outer loop
      vertex 26.332656860351562 -19.43496322631836 0
      vertex 26.494426727294922 -19.478309631347656 1.6999998092651367
      vertex 26.332656860351562 -19.43496322631836 1.6999998092651367
    endloop
  endfacet
  facet normal -0.25882071541257184 -0.9659253787292911 0
    outer loop
      vertex 26.494426727294922 -19.478309631347656 1.6999998092651367
      vertex 26.332656860351562 -19.43496322631836 0
      vertex 26.494426727294922 -19.478309631347656 0
    endloop
  endfacet
  facet normal -0.9876896290036873 -0.15642633013197782 0
    outer loop
      vertex 27.59123420715332 -20.83275604248047 0
      vertex 27.56503677368164 -20.667343139648438 1.6999998092651367
      vertex 27.56503677368164 -20.667343139648438 0
    endloop
  endfacet
  facet normal -0.9876896290036873 -0.15642633013197782 0
    outer loop
      vertex 27.56503677368164 -20.667343139648438 1.6999998092651367
      vertex 27.59123420715332 -20.83275604248047 0
      vertex 27.59123420715332 -20.83275604248047 1.6999998092651367
    endloop
  endfacet
  facet normal -0.45399299934266624 0.8910052505725483 0
    outer loop
      vertex 26.799999237060547 -22.385639190673828 0
      vertex 26.65077781677246 -22.461671829223633 1.6999998092651367
      vertex 26.799999237060547 -22.385639190673828 1.6999998092651367
    endloop
  endfacet
  facet normal -0.45399299934266624 0.8910052505725483 0
    outer loop
      vertex 26.65077781677246 -22.461671829223633 1.6999998092651367
      vertex 26.799999237060547 -22.385639190673828 0
      vertex 26.65077781677246 -22.461671829223633 0
    endloop
  endfacet
  facet normal -0.777147259680405 -0.6293187878740293 0
    outer loop
      vertex 27.29442596435547 -20.05954360961914 0
      vertex 27.18903160095215 -19.929391860961914 1.6999998092651367
      vertex 27.18903160095215 -19.929391860961914 0
    endloop
  endfacet
  facet normal -0.777147259680405 -0.6293187878740293 0
    outer loop
      vertex 27.18903160095215 -19.929391860961914 1.6999998092651367
      vertex 27.29442596435547 -20.05954360961914 0
      vertex 27.29442596435547 -20.05954360961914 1.6999998092651367
    endloop
  endfacet
  facet normal 0.8910052505725483 0.45399299934266624 0
    outer loop
      vertex 24.614360809326172 -21.799999237060547 1.6999998092651367
      vertex 24.538328170776367 -21.65077781677246 0
      vertex 24.538328170776367 -21.65077781677246 1.6999998092651367
    endloop
  endfacet
  facet normal 0.8910052505725483 0.45399299934266624 0
    outer loop
      vertex 24.538328170776367 -21.65077781677246 0
      vertex 24.614360809326172 -21.799999237060547 1.6999998092651367
      vertex 24.614360809326172 -21.799999237060547 0
    endloop
  endfacet
  facet normal -0.9659253787292911 -0.25882071541257184 0
    outer loop
      vertex 27.56503677368164 -20.667343139648438 0
      vertex 27.521690368652344 -20.505573272705078 1.6999998092651367
      vertex 27.521690368652344 -20.505573272705078 0
    endloop
  endfacet
  facet normal -0.9659253787292911 -0.25882071541257184 0
    outer loop
      vertex 27.521690368652344 -20.505573272705078 1.6999998092651367
      vertex 27.56503677368164 -20.667343139648438 0
      vertex 27.56503677368164 -20.667343139648438 1.6999998092651367
    endloop
  endfacet
  facet normal -0.9659253787292911 0.25882071541257184 0
    outer loop
      vertex 27.521690368652344 -21.494426727294922 0
      vertex 27.56503677368164 -21.332656860351562 1.6999998092651367
      vertex 27.56503677368164 -21.332656860351562 0
    endloop
  endfacet
  facet normal -0.9659253787292911 0.25882071541257184 0
    outer loop
      vertex 27.56503677368164 -21.332656860351562 1.6999998092651367
      vertex 27.521690368652344 -21.494426727294922 0
      vertex 27.521690368652344 -21.494426727294922 1.6999998092651367
    endloop
  endfacet
  facet normal -0.6293187878740293 0.777147259680405 0
    outer loop
      vertex 27.070608139038086 -22.18903160095215 0
      vertex 26.94045639038086 -22.29442596435547 1.6999998092651367
      vertex 27.070608139038086 -22.18903160095215 1.6999998092651367
    endloop
  endfacet
  facet normal -0.6293187878740293 0.777147259680405 0
    outer loop
      vertex 26.94045639038086 -22.29442596435547 1.6999998092651367
      vertex 27.070608139038086 -22.18903160095215 0
      vertex 26.94045639038086 -22.29442596435547 0
    endloop
  endfacet
  facet normal -0.777147259680405 0.6293187878740293 0
    outer loop
      vertex 27.18903160095215 -22.070608139038086 0
      vertex 27.29442596435547 -21.94045639038086 1.6999998092651367
      vertex 27.29442596435547 -21.94045639038086 0
    endloop
  endfacet
  facet normal -0.777147259680405 0.6293187878740293 0
    outer loop
      vertex 27.29442596435547 -21.94045639038086 1.6999998092651367
      vertex 27.18903160095215 -22.070608139038086 0
      vertex 27.18903160095215 -22.070608139038086 1.6999998092651367
    endloop
  endfacet
  facet normal 0.45399299934266624 0.8910052505725483 0
    outer loop
      vertex 25.34922218322754 -22.461671829223633 0
      vertex 25.200000762939453 -22.385639190673828 1.6999998092651367
      vertex 25.34922218322754 -22.461671829223633 1.6999998092651367
    endloop
  endfacet
  facet normal 0.45399299934266624 0.8910052505725483 0
    outer loop
      vertex 25.200000762939453 -22.385639190673828 1.6999998092651367
      vertex 25.34922218322754 -22.461671829223633 0
      vertex 25.200000762939453 -22.385639190673828 0
    endloop
  endfacet
  facet normal -0.6293187878740293 -0.777147259680405 0
    outer loop
      vertex 26.94045639038086 -19.70557403564453 0
      vertex 27.070608139038086 -19.81096839904785 1.6999998092651367
      vertex 26.94045639038086 -19.70557403564453 1.6999998092651367
    endloop
  endfacet
  facet normal -0.6293187878740293 -0.777147259680405 0
    outer loop
      vertex 27.070608139038086 -19.81096839904785 1.6999998092651367
      vertex 26.94045639038086 -19.70557403564453 0
      vertex 27.070608139038086 -19.81096839904785 0
    endloop
  endfacet
  facet normal 0.8910052505725483 -0.45399299934266624 0
    outer loop
      vertex 24.538328170776367 -20.34922218322754 1.6999998092651367
      vertex 24.614360809326172 -20.200000762939453 0
      vertex 24.614360809326172 -20.200000762939453 1.6999998092651367
    endloop
  endfacet
  facet normal 0.8910052505725483 -0.45399299934266624 0
    outer loop
      vertex 24.614360809326172 -20.200000762939453 0
      vertex 24.538328170776367 -20.34922218322754 1.6999998092651367
      vertex 24.538328170776367 -20.34922218322754 0
    endloop
  endfacet
  facet normal 0.9659253787292911 0.25882071541257184 0
    outer loop
      vertex 24.478309631347656 -21.494426727294922 1.6999998092651367
      vertex 24.43496322631836 -21.332656860351562 0
      vertex 24.43496322631836 -21.332656860351562 1.6999998092651367
    endloop
  endfacet
  facet normal 0.9659253787292911 0.25882071541257184 0
    outer loop
      vertex 24.43496322631836 -21.332656860351562 0
      vertex 24.478309631347656 -21.494426727294922 1.6999998092651367
      vertex 24.478309631347656 -21.494426727294922 0
    endloop
  endfacet
  facet normal 0.7071067811865476 -0.7071067811865476 0
    outer loop
      vertex 24.81096839904785 -19.929391860961914 1.6999998092651367
      vertex 24.929391860961914 -19.81096839904785 0
      vertex 24.929391860961914 -19.81096839904785 1.6999998092651367
    endloop
  endfacet
  facet normal 0.7071067811865476 -0.7071067811865476 0
    outer loop
      vertex 24.929391860961914 -19.81096839904785 0
      vertex 24.81096839904785 -19.929391860961914 1.6999998092651367
      vertex 24.81096839904785 -19.929391860961914 0
    endloop
  endfacet
  facet normal 0.9986297274365881 -0.05233227952159028 0
    outer loop
      vertex 24.400001525878906 -21 1.6999998092651367
      vertex 24.40876579284668 -20.83275604248047 0
      vertex 24.40876579284668 -20.83275604248047 1.6999998092651367
    endloop
  endfacet
  facet normal 0.9986297274365881 -0.05233227952159028 0
    outer loop
      vertex 24.40876579284668 -20.83275604248047 0
      vertex 24.400001525878906 -21 1.6999998092651367
      vertex 24.400001525878906 -21 0
    endloop
  endfacet
  facet normal 0.8386725195762839 0.5446360297552559 0
    outer loop
      vertex 24.70557403564453 -21.94045639038086 1.6999998092651367
      vertex 24.614360809326172 -21.799999237060547 0
      vertex 24.614360809326172 -21.799999237060547 1.6999998092651367
    endloop
  endfacet
  facet normal 0.8386725195762839 0.5446360297552559 0
    outer loop
      vertex 24.614360809326172 -21.799999237060547 0
      vertex 24.70557403564453 -21.94045639038086 1.6999998092651367
      vertex 24.70557403564453 -21.94045639038086 0
    endloop
  endfacet
  facet normal 0.15642633013197782 0.9876896290036873 0
    outer loop
      vertex 25.83275604248047 -22.59123420715332 0
      vertex 25.667343139648438 -22.56503677368164 1.6999998092651367
      vertex 25.83275604248047 -22.59123420715332 1.6999998092651367
    endloop
  endfacet
  facet normal 0.15642633013197782 0.9876896290036873 0
    outer loop
      vertex 25.667343139648438 -22.56503677368164 1.6999998092651367
      vertex 25.83275604248047 -22.59123420715332 0
      vertex 25.667343139648438 -22.56503677368164 0
    endloop
  endfacet
  facet normal 0.5446360297552559 0.8386725195762839 0
    outer loop
      vertex 25.200000762939453 -22.385639190673828 0
      vertex 25.05954360961914 -22.29442596435547 1.6999998092651367
      vertex 25.200000762939453 -22.385639190673828 1.6999998092651367
    endloop
  endfacet
  facet normal 0.5446360297552559 0.8386725195762839 0
    outer loop
      vertex 25.05954360961914 -22.29442596435547 1.6999998092651367
      vertex 25.200000762939453 -22.385639190673828 0
      vertex 25.05954360961914 -22.29442596435547 0
    endloop
  endfacet
  facet normal 0.05233227952159028 0.9986297274365881 0
    outer loop
      vertex 26 -22.599998474121094 0
      vertex 25.83275604248047 -22.59123420715332 1.6999998092651367
      vertex 26 -22.599998474121094 1.6999998092651367
    endloop
  endfacet
  facet normal 0.05233227952159028 0.9986297274365881 0
    outer loop
      vertex 25.83275604248047 -22.59123420715332 1.6999998092651367
      vertex 26 -22.599998474121094 0
      vertex 25.83275604248047 -22.59123420715332 0
    endloop
  endfacet
  facet normal 0.9876896290036873 0.15642633013197782 0
    outer loop
      vertex 24.43496322631836 -21.332656860351562 1.6999998092651367
      vertex 24.40876579284668 -21.16724395751953 0
      vertex 24.40876579284668 -21.16724395751953 1.6999998092651367
    endloop
  endfacet
  facet normal 0.9876896290036873 0.15642633013197782 0
    outer loop
      vertex 24.40876579284668 -21.16724395751953 0
      vertex 24.43496322631836 -21.332656860351562 1.6999998092651367
      vertex 24.43496322631836 -21.332656860351562 0
    endloop
  endfacet
  facet normal -0.9876880286188215 -0.15643643476845734 0
    outer loop
      vertex 28.78466033935547 -20.707321166992188 1.6999998092651367
      vertex 28.738811492919922 -20.4178466796875 3.1999998092651367
      vertex 28.738811492919922 -20.4178466796875 1.6999998092651367
    endloop
  endfacet
  facet normal -0.9876880286188215 -0.15643643476845734 0
    outer loop
      vertex 28.738811492919922 -20.4178466796875 3.1999998092651367
      vertex 28.78466033935547 -20.707321166992188 1.6999998092651367
      vertex 28.78466033935547 -20.707321166992188 3.1999998092651367
    endloop
  endfacet
  facet normal -0.9986294901681287 -0.05233680699606441 0
    outer loop
      vertex 28.799999237060547 -21 1.6999998092651367
      vertex 28.78466033935547 -20.707321166992188 3.1999998092651367
      vertex 28.78466033935547 -20.707321166992188 1.6999998092651367
    endloop
  endfacet
  facet normal -0.9986294901681287 -0.05233680699606441 0
    outer loop
      vertex 28.78466033935547 -20.707321166992188 3.1999998092651367
      vertex 28.799999237060547 -21 1.6999998092651367
      vertex 28.799999237060547 -21 3.1999998092651367
    endloop
  endfacet
  facet normal -0.777146502883238 0.6293197224434917 0
    outer loop
      vertex 28.0808048248291 -22.873565673828125 1.6999998092651367
      vertex 28.265247344970703 -22.645797729492188 3.1999998092651367
      vertex 28.265247344970703 -22.645797729492188 1.6999998092651367
    endloop
  endfacet
  facet normal -0.777146502883238 0.6293197224434917 0
    outer loop
      vertex 28.265247344970703 -22.645797729492188 3.1999998092651367
      vertex 28.0808048248291 -22.873565673828125 1.6999998092651367
      vertex 28.0808048248291 -22.873565673828125 3.1999998092651367
    endloop
  endfacet
  facet normal -0.9659267293282522 -0.2588156748908872 0
    outer loop
      vertex 28.738811492919922 -20.4178466796875 1.6999998092651367
      vertex 28.6629581451416 -20.134754180908203 3.1999998092651367
      vertex 28.6629581451416 -20.134754180908203 1.6999998092651367
    endloop
  endfacet
  facet normal -0.9659267293282522 -0.2588156748908872 0
    outer loop
      vertex 28.6629581451416 -20.134754180908203 3.1999998092651367
      vertex 28.738811492919922 -20.4178466796875 1.6999998092651367
      vertex 28.738811492919922 -20.4178466796875 3.1999998092651367
    endloop
  endfacet
  facet normal 0.3583689065273435 0.9335800591456505 0
    outer loop
      vertex 25.134754180908203 -23.6629581451416 1.6999998092651367
      vertex 24.86113739013672 -23.557926177978516 3.1999998092651367
      vertex 25.134754180908203 -23.6629581451416 3.1999998092651367
    endloop
  endfacet
  facet normal 0.3583689065273435 0.9335800591456505 0
    outer loop
      vertex 24.86113739013672 -23.557926177978516 3.1999998092651367
      vertex 25.134754180908203 -23.6629581451416 1.6999998092651367
      vertex 24.86113739013672 -23.557926177978516 1.6999998092651367
    endloop
  endfacet
  facet normal -0.9335800591456505 -0.3583689065273435 0
    outer loop
      vertex 28.6629581451416 -20.134754180908203 1.6999998092651367
      vertex 28.557926177978516 -19.86113739013672 3.1999998092651367
      vertex 28.557926177978516 -19.86113739013672 1.6999998092651367
    endloop
  endfacet
  facet normal -0.9335800591456505 -0.3583689065273435 0
    outer loop
      vertex 28.557926177978516 -19.86113739013672 3.1999998092651367
      vertex 28.6629581451416 -20.134754180908203 1.6999998092651367
      vertex 28.6629581451416 -20.134754180908203 3.1999998092651367
    endloop
  endfacet
  facet normal 0.777146502883238 -0.6293197224434917 0
    outer loop
      vertex 23.734752655029297 -19.354202270507812 3.1999998092651367
      vertex 23.9191951751709 -19.126434326171875 1.6999998092651367
      vertex 23.9191951751709 -19.126434326171875 3.1999998092651367
    endloop
  endfacet
  facet normal 0.777146502883238 -0.6293197224434917 0
    outer loop
      vertex 23.9191951751709 -19.126434326171875 1.6999998092651367
      vertex 23.734752655029297 -19.354202270507812 3.1999998092651367
      vertex 23.734752655029297 -19.354202270507812 1.6999998092651367
    endloop
  endfacet
  facet normal -0.7071067811865476 0.7071067811865476 0
    outer loop
      vertex 27.873565673828125 -23.0808048248291 1.6999998092651367
      vertex 28.0808048248291 -22.873565673828125 3.1999998092651367
      vertex 28.0808048248291 -22.873565673828125 1.6999998092651367
    endloop
  endfacet
  facet normal -0.7071067811865476 0.7071067811865476 0
    outer loop
      vertex 28.0808048248291 -22.873565673828125 3.1999998092651367
      vertex 27.873565673828125 -23.0808048248291 1.6999998092651367
      vertex 27.873565673828125 -23.0808048248291 3.1999998092651367
    endloop
  endfacet
  facet normal 0.9986294901681287 -0.05233680699606441 0
    outer loop
      vertex 23.200000762939453 -21 3.1999998092651367
      vertex 23.21533966064453 -20.707321166992188 1.6999998092651367
      vertex 23.21533966064453 -20.707321166992188 3.1999998092651367
    endloop
  endfacet
  facet normal 0.9986294901681287 -0.05233680699606441 0
    outer loop
      vertex 23.21533966064453 -20.707321166992188 1.6999998092651367
      vertex 23.200000762939453 -21 3.1999998092651367
      vertex 23.200000762939453 -21 1.6999998092651367
    endloop
  endfacet
  facet normal -0.15643643476845734 0.9876880286188215 0
    outer loop
      vertex 26.5821533203125 -23.738811492919922 1.6999998092651367
      vertex 26.292678833007812 -23.78466033935547 3.1999998092651367
      vertex 26.5821533203125 -23.738811492919922 3.1999998092651367
    endloop
  endfacet
  facet normal -0.15643643476845734 0.9876880286188215 0
    outer loop
      vertex 26.292678833007812 -23.78466033935547 3.1999998092651367
      vertex 26.5821533203125 -23.738811492919922 1.6999998092651367
      vertex 26.292678833007812 -23.78466033935547 1.6999998092651367
    endloop
  endfacet
  facet normal -0.9335800591456505 0.3583689065273435 0
    outer loop
      vertex 28.557926177978516 -22.13886260986328 1.6999998092651367
      vertex 28.6629581451416 -21.865245819091797 3.1999998092651367
      vertex 28.6629581451416 -21.865245819091797 1.6999998092651367
    endloop
  endfacet
  facet normal -0.9335800591456505 0.3583689065273435 0
    outer loop
      vertex 28.6629581451416 -21.865245819091797 3.1999998092651367
      vertex 28.557926177978516 -22.13886260986328 1.6999998092651367
      vertex 28.557926177978516 -22.13886260986328 3.1999998092651367
    endloop
  endfacet
  facet normal 0.6293197224434917 0.777146502883238 0
    outer loop
      vertex 24.354202270507812 -23.265247344970703 1.6999998092651367
      vertex 24.126434326171875 -23.0808048248291 3.1999998092651367
      vertex 24.354202270507812 -23.265247344970703 3.1999998092651367
    endloop
  endfacet
  facet normal 0.6293197224434917 0.777146502883238 0
    outer loop
      vertex 24.126434326171875 -23.0808048248291 3.1999998092651367
      vertex 24.354202270507812 -23.265247344970703 1.6999998092651367
      vertex 24.126434326171875 -23.0808048248291 1.6999998092651367
    endloop
  endfacet
  facet normal 0.544636713645323 -0.8386720754559689 0
    outer loop
      vertex 24.354202270507812 -18.734752655029297 1.6999998092651367
      vertex 24.600000381469727 -18.575130462646484 3.1999998092651367
      vertex 24.354202270507812 -18.734752655029297 3.1999998092651367
    endloop
  endfacet
  facet normal 0.544636713645323 -0.8386720754559689 0
    outer loop
      vertex 24.600000381469727 -18.575130462646484 3.1999998092651367
      vertex 24.354202270507812 -18.734752655029297 1.6999998092651367
      vertex 24.600000381469727 -18.575130462646484 1.6999998092651367
    endloop
  endfacet
  facet normal -0.544636713645323 0.8386720754559689 0
    outer loop
      vertex 27.645797729492188 -23.265247344970703 1.6999998092651367
      vertex 27.399999618530273 -23.424869537353516 3.1999998092651367
      vertex 27.645797729492188 -23.265247344970703 3.1999998092651367
    endloop
  endfacet
  facet normal -0.544636713645323 0.8386720754559689 0
    outer loop
      vertex 27.399999618530273 -23.424869537353516 3.1999998092651367
      vertex 27.645797729492188 -23.265247344970703 1.6999998092651367
      vertex 27.399999618530273 -23.424869537353516 1.6999998092651367
    endloop
  endfacet
  facet normal 0.2588156748908872 0.9659267293282522 0
    outer loop
      vertex 25.4178466796875 -23.738811492919922 1.6999998092651367
      vertex 25.134754180908203 -23.6629581451416 3.1999998092651367
      vertex 25.4178466796875 -23.738811492919922 3.1999998092651367
    endloop
  endfacet
  facet normal 0.2588156748908872 0.9659267293282522 0
    outer loop
      vertex 25.134754180908203 -23.6629581451416 3.1999998092651367
      vertex 25.4178466796875 -23.738811492919922 1.6999998092651367
      vertex 25.134754180908203 -23.6629581451416 1.6999998092651367
    endloop
  endfacet
  facet normal -0.7071067811865476 -0.7071067811865476 0
    outer loop
      vertex 28.0808048248291 -19.126434326171875 1.6999998092651367
      vertex 27.873565673828125 -18.9191951751709 3.1999998092651367
      vertex 27.873565673828125 -18.9191951751709 1.6999998092651367
    endloop
  endfacet
  facet normal -0.7071067811865476 -0.7071067811865476 0
    outer loop
      vertex 27.873565673828125 -18.9191951751709 3.1999998092651367
      vertex 28.0808048248291 -19.126434326171875 1.6999998092651367
      vertex 28.0808048248291 -19.126434326171875 3.1999998092651367
    endloop
  endfacet
  facet normal 0.05233680699606441 -0.9986294901681287 0
    outer loop
      vertex 25.707321166992188 -18.21533966064453 1.6999998092651367
      vertex 26 -18.200000762939453 3.1999998092651367
      vertex 25.707321166992188 -18.21533966064453 3.1999998092651367
    endloop
  endfacet
  facet normal 0.05233680699606441 -0.9986294901681287 0
    outer loop
      vertex 26 -18.200000762939453 3.1999998092651367
      vertex 25.707321166992188 -18.21533966064453 1.6999998092651367
      vertex 26 -18.200000762939453 1.6999998092651367
    endloop
  endfacet
  facet normal -0.05233680699606441 -0.9986294901681287 0
    outer loop
      vertex 26 -18.200000762939453 1.6999998092651367
      vertex 26.292678833007812 -18.21533966064453 3.1999998092651367
      vertex 26 -18.200000762939453 3.1999998092651367
    endloop
  endfacet
  facet normal -0.05233680699606441 -0.9986294901681287 0
    outer loop
      vertex 26.292678833007812 -18.21533966064453 3.1999998092651367
      vertex 26 -18.200000762939453 1.6999998092651367
      vertex 26.292678833007812 -18.21533966064453 1.6999998092651367
    endloop
  endfacet
  facet normal -0.2588156748908872 0.9659267293282522 0
    outer loop
      vertex 26.865245819091797 -23.6629581451416 1.6999998092651367
      vertex 26.5821533203125 -23.738811492919922 3.1999998092651367
      vertex 26.865245819091797 -23.6629581451416 3.1999998092651367
    endloop
  endfacet
  facet normal -0.2588156748908872 0.9659267293282522 0
    outer loop
      vertex 26.5821533203125 -23.738811492919922 3.1999998092651367
      vertex 26.865245819091797 -23.6629581451416 1.6999998092651367
      vertex 26.5821533203125 -23.738811492919922 1.6999998092651367
    endloop
  endfacet
  facet normal -0.9986294901681287 0.05233680699606441 0
    outer loop
      vertex 28.78466033935547 -21.292678833007812 1.6999998092651367
      vertex 28.799999237060547 -21 3.1999998092651367
      vertex 28.799999237060547 -21 1.6999998092651367
    endloop
  endfacet
  facet normal -0.9986294901681287 0.05233680699606441 0
    outer loop
      vertex 28.799999237060547 -21 3.1999998092651367
      vertex 28.78466033935547 -21.292678833007812 1.6999998092651367
      vertex 28.78466033935547 -21.292678833007812 3.1999998092651367
    endloop
  endfacet
  facet normal -0.544636713645323 -0.8386720754559689 0
    outer loop
      vertex 27.399999618530273 -18.575130462646484 1.6999998092651367
      vertex 27.645797729492188 -18.734752655029297 3.1999998092651367
      vertex 27.399999618530273 -18.575130462646484 3.1999998092651367
    endloop
  endfacet
  facet normal -0.544636713645323 -0.8386720754559689 0
    outer loop
      vertex 27.645797729492188 -18.734752655029297 3.1999998092651367
      vertex 27.399999618530273 -18.575130462646484 1.6999998092651367
      vertex 27.645797729492188 -18.734752655029297 1.6999998092651367
    endloop
  endfacet
  facet normal 0.9335800591456505 0.3583689065273435 0
    outer loop
      vertex 23.442073822021484 -22.13886260986328 3.1999998092651367
      vertex 23.3370418548584 -21.865245819091797 1.6999998092651367
      vertex 23.3370418548584 -21.865245819091797 3.1999998092651367
    endloop
  endfacet
  facet normal 0.9335800591456505 0.3583689065273435 0
    outer loop
      vertex 23.3370418548584 -21.865245819091797 1.6999998092651367
      vertex 23.442073822021484 -22.13886260986328 3.1999998092651367
      vertex 23.442073822021484 -22.13886260986328 1.6999998092651367
    endloop
  endfacet
  facet normal -0.05233680699606441 0.9986294901681287 0
    outer loop
      vertex 26.292678833007812 -23.78466033935547 1.6999998092651367
      vertex 26 -23.799999237060547 3.1999998092651367
      vertex 26.292678833007812 -23.78466033935547 3.1999998092651367
    endloop
  endfacet
  facet normal -0.05233680699606441 0.9986294901681287 0
    outer loop
      vertex 26 -23.799999237060547 3.1999998092651367
      vertex 26.292678833007812 -23.78466033935547 1.6999998092651367
      vertex 26 -23.799999237060547 1.6999998092651367
    endloop
  endfacet
  facet normal 0.8386720754559689 -0.544636713645323 0
    outer loop
      vertex 23.575130462646484 -19.600000381469727 3.1999998092651367
      vertex 23.734752655029297 -19.354202270507812 1.6999998092651367
      vertex 23.734752655029297 -19.354202270507812 3.1999998092651367
    endloop
  endfacet
  facet normal 0.8386720754559689 -0.544636713645323 0
    outer loop
      vertex 23.734752655029297 -19.354202270507812 1.6999998092651367
      vertex 23.575130462646484 -19.600000381469727 3.1999998092651367
      vertex 23.575130462646484 -19.600000381469727 1.6999998092651367
    endloop
  endfacet
  facet normal 0.8910055733658783 -0.45399236582892294 0
    outer loop
      vertex 23.442073822021484 -19.86113739013672 3.1999998092651367
      vertex 23.575130462646484 -19.600000381469727 1.6999998092651367
      vertex 23.575130462646484 -19.600000381469727 3.1999998092651367
    endloop
  endfacet
  facet normal 0.8910055733658783 -0.45399236582892294 0
    outer loop
      vertex 23.575130462646484 -19.600000381469727 1.6999998092651367
      vertex 23.442073822021484 -19.86113739013672 3.1999998092651367
      vertex 23.442073822021484 -19.86113739013672 1.6999998092651367
    endloop
  endfacet
  facet normal -0.6293197224434917 0.777146502883238 0
    outer loop
      vertex 27.873565673828125 -23.0808048248291 1.6999998092651367
      vertex 27.645797729492188 -23.265247344970703 3.1999998092651367
      vertex 27.873565673828125 -23.0808048248291 3.1999998092651367
    endloop
  endfacet
  facet normal -0.6293197224434917 0.777146502883238 0
    outer loop
      vertex 27.645797729492188 -23.265247344970703 3.1999998092651367
      vertex 27.873565673828125 -23.0808048248291 1.6999998092651367
      vertex 27.645797729492188 -23.265247344970703 1.6999998092651367
    endloop
  endfacet
  facet normal 0.777146502883238 0.6293197224434917 0
    outer loop
      vertex 23.9191951751709 -22.873565673828125 3.1999998092651367
      vertex 23.734752655029297 -22.645797729492188 1.6999998092651367
      vertex 23.734752655029297 -22.645797729492188 3.1999998092651367
    endloop
  endfacet
  facet normal 0.777146502883238 0.6293197224434917 0
    outer loop
      vertex 23.734752655029297 -22.645797729492188 1.6999998092651367
      vertex 23.9191951751709 -22.873565673828125 3.1999998092651367
      vertex 23.9191951751709 -22.873565673828125 1.6999998092651367
    endloop
  endfacet
  facet normal -0.8910055733658783 0.45399236582892294 0
    outer loop
      vertex 28.424869537353516 -22.399999618530273 1.6999998092651367
      vertex 28.557926177978516 -22.13886260986328 3.1999998092651367
      vertex 28.557926177978516 -22.13886260986328 1.6999998092651367
    endloop
  endfacet
  facet normal -0.8910055733658783 0.45399236582892294 0
    outer loop
      vertex 28.557926177978516 -22.13886260986328 3.1999998092651367
      vertex 28.424869537353516 -22.399999618530273 1.6999998092651367
      vertex 28.424869537353516 -22.399999618530273 3.1999998092651367
    endloop
  endfacet
  facet normal -0.9876880286188215 0.15643643476845734 0
    outer loop
      vertex 28.738811492919922 -21.5821533203125 1.6999998092651367
      vertex 28.78466033935547 -21.292678833007812 3.1999998092651367
      vertex 28.78466033935547 -21.292678833007812 1.6999998092651367
    endloop
  endfacet
  facet normal -0.9876880286188215 0.15643643476845734 0
    outer loop
      vertex 28.78466033935547 -21.292678833007812 3.1999998092651367
      vertex 28.738811492919922 -21.5821533203125 1.6999998092651367
      vertex 28.738811492919922 -21.5821533203125 3.1999998092651367
    endloop
  endfacet
  facet normal 0.05233680699606441 0.9986294901681287 0
    outer loop
      vertex 26 -23.799999237060547 1.6999998092651367
      vertex 25.707321166992188 -23.78466033935547 3.1999998092651367
      vertex 26 -23.799999237060547 3.1999998092651367
    endloop
  endfacet
  facet normal 0.05233680699606441 0.9986294901681287 0
    outer loop
      vertex 25.707321166992188 -23.78466033935547 3.1999998092651367
      vertex 26 -23.799999237060547 1.6999998092651367
      vertex 25.707321166992188 -23.78466033935547 1.6999998092651367
    endloop
  endfacet
  facet normal 0.9876880286188215 -0.15643643476845734 0
    outer loop
      vertex 23.21533966064453 -20.707321166992188 3.1999998092651367
      vertex 23.261188507080078 -20.4178466796875 1.6999998092651367
      vertex 23.261188507080078 -20.4178466796875 3.1999998092651367
    endloop
  endfacet
  facet normal 0.9876880286188215 -0.15643643476845734 0
    outer loop
      vertex 23.261188507080078 -20.4178466796875 1.6999998092651367
      vertex 23.21533966064453 -20.707321166992188 3.1999998092651367
      vertex 23.21533966064453 -20.707321166992188 1.6999998092651367
    endloop
  endfacet
  facet normal -0.2588156748908872 -0.9659267293282522 0
    outer loop
      vertex 26.5821533203125 -18.261188507080078 1.6999998092651367
      vertex 26.865245819091797 -18.3370418548584 3.1999998092651367
      vertex 26.5821533203125 -18.261188507080078 3.1999998092651367
    endloop
  endfacet
  facet normal -0.2588156748908872 -0.9659267293282522 0
    outer loop
      vertex 26.865245819091797 -18.3370418548584 3.1999998092651367
      vertex 26.5821533203125 -18.261188507080078 1.6999998092651367
      vertex 26.865245819091797 -18.3370418548584 1.6999998092651367
    endloop
  endfacet
  facet normal -0.9659267293282522 0.2588156748908872 0
    outer loop
      vertex 28.6629581451416 -21.865245819091797 1.6999998092651367
      vertex 28.738811492919922 -21.5821533203125 3.1999998092651367
      vertex 28.738811492919922 -21.5821533203125 1.6999998092651367
    endloop
  endfacet
  facet normal -0.9659267293282522 0.2588156748908872 0
    outer loop
      vertex 28.738811492919922 -21.5821533203125 3.1999998092651367
      vertex 28.6629581451416 -21.865245819091797 1.6999998092651367
      vertex 28.6629581451416 -21.865245819091797 3.1999998092651367
    endloop
  endfacet
  facet normal 0 0 1
    outer loop
      vertex 27.599998474121094 -21 1.6999998092651367
      vertex 28.799999237060547 -21 1.6999998092651367
      vertex 28.78466033935547 -20.707321166992188 1.6999998092651367
    endloop
  endfacet
  facet normal 0 0 1
    outer loop
      vertex 27.59123420715332 -20.83275604248047 1.6999998092651367
      vertex 28.78466033935547 -20.707321166992188 1.6999998092651367
      vertex 28.738811492919922 -20.4178466796875 1.6999998092651367
    endloop
  endfacet
  facet normal 0 0 1
    outer loop
      vertex 28.799999237060547 -21 1.6999998092651367
      vertex 27.599998474121094 -21 1.6999998092651367
      vertex 28.78466033935547 -21.292678833007812 1.6999998092651367
    endloop
  endfacet
  facet normal 0 0 1
    outer loop
      vertex 27.56503677368164 -20.667343139648438 1.6999998092651367
      vertex 28.738811492919922 -20.4178466796875 1.6999998092651367
      vertex 28.6629581451416 -20.134754180908203 1.6999998092651367
    endloop
  endfacet
  facet normal 0 0 1
    outer loop
      vertex 27.59123420715332 -21.16724395751953 1.6999998092651367
      vertex 28.78466033935547 -21.292678833007812 1.6999998092651367
      vertex 27.599998474121094 -21 1.6999998092651367
    endloop
  endfacet
  facet normal 0 0 1
    outer loop
      vertex 27.521690368652344 -20.505573272705078 1.6999998092651367
      vertex 28.6629581451416 -20.134754180908203 1.6999998092651367
      vertex 28.557926177978516 -19.86113739013672 1.6999998092651367
    endloop
  endfacet
  facet normal 0 0 1
    outer loop
      vertex 28.78466033935547 -21.292678833007812 1.6999998092651367
      vertex 27.59123420715332 -21.16724395751953 1.6999998092651367
      vertex 28.738811492919922 -21.5821533203125 1.6999998092651367
    endloop
  endfacet
  facet normal 0 0 1
    outer loop
      vertex 27.461671829223633 -20.34922218322754 1.6999998092651367
      vertex 28.557926177978516 -19.86113739013672 1.6999998092651367
      vertex 28.424869537353516 -19.600000381469727 1.6999998092651367
    endloop
  endfacet
  facet normal 0 0 1
    outer loop
      vertex 27.56503677368164 -21.332656860351562 1.6999998092651367
      vertex 28.738811492919922 -21.5821533203125 1.6999998092651367
      vertex 27.59123420715332 -21.16724395751953 1.6999998092651367
    endloop
  endfacet
  facet normal 0 0 1
    outer loop
      vertex 27.385639190673828 -20.200000762939453 1.6999998092651367
      vertex 28.424869537353516 -19.600000381469727 1.6999998092651367
      vertex 28.265247344970703 -19.354202270507812 1.6999998092651367
    endloop
  endfacet
  facet normal 0 0 1
    outer loop
      vertex 28.738811492919922 -21.5821533203125 1.6999998092651367
      vertex 27.56503677368164 -21.332656860351562 1.6999998092651367
      vertex 28.6629581451416 -21.865245819091797 1.6999998092651367
    endloop
  endfacet
  facet normal 0 0 1
    outer loop
      vertex 27.29442596435547 -20.05954360961914 1.6999998092651367
      vertex 28.265247344970703 -19.354202270507812 1.6999998092651367
      vertex 28.0808048248291 -19.126434326171875 1.6999998092651367
    endloop
  endfacet
  facet normal 0 0 1
    outer loop
      vertex 27.521690368652344 -21.494426727294922 1.6999998092651367
      vertex 28.6629581451416 -21.865245819091797 1.6999998092651367
      vertex 27.56503677368164 -21.332656860351562 1.6999998092651367
    endloop
  endfacet
  facet normal 0 0 1
    outer loop
      vertex 27.18903160095215 -19.929391860961914 1.6999998092651367
      vertex 28.0808048248291 -19.126434326171875 1.6999998092651367
      vertex 27.873565673828125 -18.9191951751709 1.6999998092651367
    endloop
  endfacet
  facet normal 0 0 1
    outer loop
      vertex 28.6629581451416 -21.865245819091797 1.6999998092651367
      vertex 27.521690368652344 -21.494426727294922 1.6999998092651367
      vertex 28.557926177978516 -22.13886260986328 1.6999998092651367
    endloop
  endfacet
  facet normal 0 0 1
    outer loop
      vertex 27.070608139038086 -19.81096839904785 1.6999998092651367
      vertex 27.873565673828125 -18.9191951751709 1.6999998092651367
      vertex 27.645797729492188 -18.734752655029297 1.6999998092651367
    endloop
  endfacet
  facet normal 0 0 1
    outer loop
      vertex 27.461671829223633 -21.65077781677246 1.6999998092651367
      vertex 28.557926177978516 -22.13886260986328 1.6999998092651367
      vertex 27.521690368652344 -21.494426727294922 1.6999998092651367
    endloop
  endfacet
  facet normal 0 0 1
    outer loop
      vertex 28.557926177978516 -22.13886260986328 1.6999998092651367
      vertex 27.461671829223633 -21.65077781677246 1.6999998092651367
      vertex 28.424869537353516 -22.399999618530273 1.6999998092651367
    endloop
  endfacet
  facet normal 0 0 1
    outer loop
      vertex 28.78466033935547 -20.707321166992188 1.6999998092651367
      vertex 27.59123420715332 -20.83275604248047 1.6999998092651367
      vertex 27.599998474121094 -21 1.6999998092651367
    endloop
  endfacet
  facet normal 0 0 1
    outer loop
      vertex 28.738811492919922 -20.4178466796875 1.6999998092651367
      vertex 27.56503677368164 -20.667343139648438 1.6999998092651367
      vertex 27.59123420715332 -20.83275604248047 1.6999998092651367
    endloop
  endfacet
  facet normal 0 0 1
    outer loop
      vertex 28.6629581451416 -20.134754180908203 1.6999998092651367
      vertex 27.521690368652344 -20.505573272705078 1.6999998092651367
      vertex 27.56503677368164 -20.667343139648438 1.6999998092651367
    endloop
  endfacet
  facet normal 0 0 1
    outer loop
      vertex 28.557926177978516 -19.86113739013672 1.6999998092651367
      vertex 27.461671829223633 -20.34922218322754 1.6999998092651367
      vertex 27.521690368652344 -20.505573272705078 1.6999998092651367
    endloop
  endfacet
  facet normal 0 0 1
    outer loop
      vertex 26.94045639038086 -19.70557403564453 1.6999998092651367
      vertex 27.645797729492188 -18.734752655029297 1.6999998092651367
      vertex 27.399999618530273 -18.575130462646484 1.6999998092651367
    endloop
  endfacet
  facet normal 0 0 1
    outer loop
      vertex 28.424869537353516 -19.600000381469727 1.6999998092651367
      vertex 27.385639190673828 -20.200000762939453 1.6999998092651367
      vertex 27.461671829223633 -20.34922218322754 1.6999998092651367
    endloop
  endfacet
  facet normal 0 0 1
    outer loop
      vertex 28.265247344970703 -19.354202270507812 1.6999998092651367
      vertex 27.29442596435547 -20.05954360961914 1.6999998092651367
      vertex 27.385639190673828 -20.200000762939453 1.6999998092651367
    endloop
  endfacet
  facet normal 0 0 1
    outer loop
      vertex 28.0808048248291 -19.126434326171875 1.6999998092651367
      vertex 27.18903160095215 -19.929391860961914 1.6999998092651367
      vertex 27.29442596435547 -20.05954360961914 1.6999998092651367
    endloop
  endfacet
  facet normal 0 0 1
    outer loop
      vertex 26.799999237060547 -19.614360809326172 1.6999998092651367
      vertex 27.399999618530273 -18.575130462646484 1.6999998092651367
      vertex 27.13886260986328 -18.442073822021484 1.6999998092651367
    endloop
  endfacet
  facet normal 0 0 1
    outer loop
      vertex 27.873565673828125 -18.9191951751709 1.6999998092651367
      vertex 27.070608139038086 -19.81096839904785 1.6999998092651367
      vertex 27.18903160095215 -19.929391860961914 1.6999998092651367
    endloop
  endfacet
  facet normal 0 0 1
    outer loop
      vertex 27.645797729492188 -18.734752655029297 1.6999998092651367
      vertex 26.94045639038086 -19.70557403564453 1.6999998092651367
      vertex 27.070608139038086 -19.81096839904785 1.6999998092651367
    endloop
  endfacet
  facet normal 0 0 1
    outer loop
      vertex 26.65077781677246 -19.538328170776367 1.6999998092651367
      vertex 27.13886260986328 -18.442073822021484 1.6999998092651367
      vertex 26.865245819091797 -18.3370418548584 1.6999998092651367
    endloop
  endfacet
  facet normal 0 0 1
    outer loop
      vertex 27.399999618530273 -18.575130462646484 1.6999998092651367
      vertex 26.799999237060547 -19.614360809326172 1.6999998092651367
      vertex 26.94045639038086 -19.70557403564453 1.6999998092651367
    endloop
  endfacet
  facet normal 0 0 1
    outer loop
      vertex 27.13886260986328 -18.442073822021484 1.6999998092651367
      vertex 26.65077781677246 -19.538328170776367 1.6999998092651367
      vertex 26.799999237060547 -19.614360809326172 1.6999998092651367
    endloop
  endfacet
  facet normal 0 0 1
    outer loop
      vertex 26.494426727294922 -19.478309631347656 1.6999998092651367
      vertex 26.865245819091797 -18.3370418548584 1.6999998092651367
      vertex 26.5821533203125 -18.261188507080078 1.6999998092651367
    endloop
  endfacet
  facet normal 0 0 1
    outer loop
      vertex 26.865245819091797 -18.3370418548584 1.6999998092651367
      vertex 26.494426727294922 -19.478309631347656 1.6999998092651367
      vertex 26.65077781677246 -19.538328170776367 1.6999998092651367
    endloop
  endfacet
  facet normal 0 0 1
    outer loop
      vertex 26.5821533203125 -18.261188507080078 1.6999998092651367
      vertex 26.332656860351562 -19.43496322631836 1.6999998092651367
      vertex 26.494426727294922 -19.478309631347656 1.6999998092651367
    endloop
  endfacet
  facet normal 0 0 1
    outer loop
      vertex 26.292678833007812 -18.21533966064453 1.6999998092651367
      vertex 26.332656860351562 -19.43496322631836 1.6999998092651367
      vertex 26.5821533203125 -18.261188507080078 1.6999998092651367
    endloop
  endfacet
  facet normal 0 0 1
    outer loop
      vertex 26.292678833007812 -18.21533966064453 1.6999998092651367
      vertex 26.16724395751953 -19.40876579284668 1.6999998092651367
      vertex 26.332656860351562 -19.43496322631836 1.6999998092651367
    endloop
  endfacet
  facet normal 0 0 1
    outer loop
      vertex 26 -18.200000762939453 1.6999998092651367
      vertex 26.16724395751953 -19.40876579284668 1.6999998092651367
      vertex 26.292678833007812 -18.21533966064453 1.6999998092651367
    endloop
  endfacet
  facet normal 0 0 1
    outer loop
      vertex 26 -18.200000762939453 1.6999998092651367
      vertex 26 -19.400001525878906 1.6999998092651367
      vertex 26.16724395751953 -19.40876579284668 1.6999998092651367
    endloop
  endfacet
  facet normal 0 0 1
    outer loop
      vertex 26 -18.200000762939453 1.6999998092651367
      vertex 25.83275604248047 -19.40876579284668 1.6999998092651367
      vertex 26 -19.400001525878906 1.6999998092651367
    endloop
  endfacet
  facet normal 0 0 1
    outer loop
      vertex 25.707321166992188 -18.21533966064453 1.6999998092651367
      vertex 25.83275604248047 -19.40876579284668 1.6999998092651367
      vertex 26 -18.200000762939453 1.6999998092651367
    endloop
  endfacet
  facet normal 0 0 1
    outer loop
      vertex 25.707321166992188 -18.21533966064453 1.6999998092651367
      vertex 25.667343139648438 -19.43496322631836 1.6999998092651367
      vertex 25.83275604248047 -19.40876579284668 1.6999998092651367
    endloop
  endfacet
  facet normal 0 0 1
    outer loop
      vertex 25.4178466796875 -18.261188507080078 1.6999998092651367
      vertex 25.667343139648438 -19.43496322631836 1.6999998092651367
      vertex 25.707321166992188 -18.21533966064453 1.6999998092651367
    endloop
  endfacet
  facet normal 0 0 1
    outer loop
      vertex 25.667343139648438 -19.43496322631836 1.6999998092651367
      vertex 25.4178466796875 -18.261188507080078 1.6999998092651367
      vertex 25.505573272705078 -19.478309631347656 1.6999998092651367
    endloop
  endfacet
  facet normal 0 0 1
    outer loop
      vertex 25.134754180908203 -18.3370418548584 1.6999998092651367
      vertex 25.505573272705078 -19.478309631347656 1.6999998092651367
      vertex 25.4178466796875 -18.261188507080078 1.6999998092651367
    endloop
  endfacet
  facet normal 0 0 1
    outer loop
      vertex 25.505573272705078 -19.478309631347656 1.6999998092651367
      vertex 25.134754180908203 -18.3370418548584 1.6999998092651367
      vertex 25.34922218322754 -19.538328170776367 1.6999998092651367
    endloop
  endfacet
  facet normal 0 0 1
    outer loop
      vertex 24.86113739013672 -18.442073822021484 1.6999998092651367
      vertex 25.34922218322754 -19.538328170776367 1.6999998092651367
      vertex 25.134754180908203 -18.3370418548584 1.6999998092651367
    endloop
  endfacet
  facet normal 0 0 1
    outer loop
      vertex 25.34922218322754 -19.538328170776367 1.6999998092651367
      vertex 24.86113739013672 -18.442073822021484 1.6999998092651367
      vertex 25.200000762939453 -19.614360809326172 1.6999998092651367
    endloop
  endfacet
  facet normal 0 0 1
    outer loop
      vertex 24.600000381469727 -18.575130462646484 1.6999998092651367
      vertex 25.200000762939453 -19.614360809326172 1.6999998092651367
      vertex 24.86113739013672 -18.442073822021484 1.6999998092651367
    endloop
  endfacet
  facet normal 0 0 1
    outer loop
      vertex 25.200000762939453 -19.614360809326172 1.6999998092651367
      vertex 24.600000381469727 -18.575130462646484 1.6999998092651367
      vertex 25.05954360961914 -19.70557403564453 1.6999998092651367
    endloop
  endfacet
  facet normal 0 0 1
    outer loop
      vertex 24.354202270507812 -18.734752655029297 1.6999998092651367
      vertex 25.05954360961914 -19.70557403564453 1.6999998092651367
      vertex 24.600000381469727 -18.575130462646484 1.6999998092651367
    endloop
  endfacet
  facet normal 0 0 1
    outer loop
      vertex 25.05954360961914 -19.70557403564453 1.6999998092651367
      vertex 24.354202270507812 -18.734752655029297 1.6999998092651367
      vertex 24.929391860961914 -19.81096839904785 1.6999998092651367
    endloop
  endfacet
  facet normal 0 0 1
    outer loop
      vertex 24.126434326171875 -18.9191951751709 1.6999998092651367
      vertex 24.929391860961914 -19.81096839904785 1.6999998092651367
      vertex 24.354202270507812 -18.734752655029297 1.6999998092651367
    endloop
  endfacet
  facet normal 0 0 1
    outer loop
      vertex 24.929391860961914 -19.81096839904785 1.6999998092651367
      vertex 24.126434326171875 -18.9191951751709 1.6999998092651367
      vertex 24.81096839904785 -19.929391860961914 1.6999998092651367
    endloop
  endfacet
  facet normal 0 0 1
    outer loop
      vertex 23.9191951751709 -19.126434326171875 1.6999998092651367
      vertex 24.81096839904785 -19.929391860961914 1.6999998092651367
      vertex 24.126434326171875 -18.9191951751709 1.6999998092651367
    endloop
  endfacet
  facet normal 0 0 1
    outer loop
      vertex 24.81096839904785 -19.929391860961914 1.6999998092651367
      vertex 23.9191951751709 -19.126434326171875 1.6999998092651367
      vertex 24.70557403564453 -20.05954360961914 1.6999998092651367
    endloop
  endfacet
  facet normal 0 0 1
    outer loop
      vertex 23.734752655029297 -19.354202270507812 1.6999998092651367
      vertex 24.70557403564453 -20.05954360961914 1.6999998092651367
      vertex 23.9191951751709 -19.126434326171875 1.6999998092651367
    endloop
  endfacet
  facet normal 0 0 1
    outer loop
      vertex 24.70557403564453 -20.05954360961914 1.6999998092651367
      vertex 23.734752655029297 -19.354202270507812 1.6999998092651367
      vertex 24.614360809326172 -20.200000762939453 1.6999998092651367
    endloop
  endfacet
  facet normal 0 0 1
    outer loop
      vertex 24.614360809326172 -20.200000762939453 1.6999998092651367
      vertex 23.575130462646484 -19.600000381469727 1.6999998092651367
      vertex 24.538328170776367 -20.34922218322754 1.6999998092651367
    endloop
  endfacet
  facet normal 0 0 1
    outer loop
      vertex 23.575130462646484 -19.600000381469727 1.6999998092651367
      vertex 24.614360809326172 -20.200000762939453 1.6999998092651367
      vertex 23.734752655029297 -19.354202270507812 1.6999998092651367
    endloop
  endfacet
  facet normal 0 0 1
    outer loop
      vertex 27.385639190673828 -21.799999237060547 1.6999998092651367
      vertex 28.424869537353516 -22.399999618530273 1.6999998092651367
      vertex 27.461671829223633 -21.65077781677246 1.6999998092651367
    endloop
  endfacet
  facet normal 0 0 1
    outer loop
      vertex 28.424869537353516 -22.399999618530273 1.6999998092651367
      vertex 27.385639190673828 -21.799999237060547 1.6999998092651367
      vertex 28.265247344970703 -22.645797729492188 1.6999998092651367
    endloop
  endfacet
  facet normal 0 0 1
    outer loop
      vertex 27.29442596435547 -21.94045639038086 1.6999998092651367
      vertex 28.265247344970703 -22.645797729492188 1.6999998092651367
      vertex 27.385639190673828 -21.799999237060547 1.6999998092651367
    endloop
  endfacet
  facet normal 0 0 1
    outer loop
      vertex 28.265247344970703 -22.645797729492188 1.6999998092651367
      vertex 27.29442596435547 -21.94045639038086 1.6999998092651367
      vertex 28.0808048248291 -22.873565673828125 1.6999998092651367
    endloop
  endfacet
  facet normal 0 0 1
    outer loop
      vertex 27.18903160095215 -22.070608139038086 1.6999998092651367
      vertex 28.0808048248291 -22.873565673828125 1.6999998092651367
      vertex 27.29442596435547 -21.94045639038086 1.6999998092651367
    endloop
  endfacet
  facet normal 0 0 1
    outer loop
      vertex 28.0808048248291 -22.873565673828125 1.6999998092651367
      vertex 27.18903160095215 -22.070608139038086 1.6999998092651367
      vertex 27.873565673828125 -23.0808048248291 1.6999998092651367
    endloop
  endfacet
  facet normal 0 0 1
    outer loop
      vertex 27.070608139038086 -22.18903160095215 1.6999998092651367
      vertex 27.873565673828125 -23.0808048248291 1.6999998092651367
      vertex 27.18903160095215 -22.070608139038086 1.6999998092651367
    endloop
  endfacet
  facet normal 0 0 1
    outer loop
      vertex 27.873565673828125 -23.0808048248291 1.6999998092651367
      vertex 27.070608139038086 -22.18903160095215 1.6999998092651367
      vertex 27.645797729492188 -23.265247344970703 1.6999998092651367
    endloop
  endfacet
  facet normal 0 0 1
    outer loop
      vertex 26.94045639038086 -22.29442596435547 1.6999998092651367
      vertex 27.645797729492188 -23.265247344970703 1.6999998092651367
      vertex 27.070608139038086 -22.18903160095215 1.6999998092651367
    endloop
  endfacet
  facet normal 0 0 1
    outer loop
      vertex 27.645797729492188 -23.265247344970703 1.6999998092651367
      vertex 26.94045639038086 -22.29442596435547 1.6999998092651367
      vertex 27.399999618530273 -23.424869537353516 1.6999998092651367
    endloop
  endfacet
  facet normal 0 0 1
    outer loop
      vertex 26.799999237060547 -22.385639190673828 1.6999998092651367
      vertex 27.399999618530273 -23.424869537353516 1.6999998092651367
      vertex 26.94045639038086 -22.29442596435547 1.6999998092651367
    endloop
  endfacet
  facet normal 0 0 1
    outer loop
      vertex 27.399999618530273 -23.424869537353516 1.6999998092651367
      vertex 26.799999237060547 -22.385639190673828 1.6999998092651367
      vertex 27.13886260986328 -23.557926177978516 1.6999998092651367
    endloop
  endfacet
  facet normal 0 0 1
    outer loop
      vertex 26.65077781677246 -22.461671829223633 1.6999998092651367
      vertex 27.13886260986328 -23.557926177978516 1.6999998092651367
      vertex 26.799999237060547 -22.385639190673828 1.6999998092651367
    endloop
  endfacet
  facet normal 0 0 1
    outer loop
      vertex 27.13886260986328 -23.557926177978516 1.6999998092651367
      vertex 26.65077781677246 -22.461671829223633 1.6999998092651367
      vertex 26.865245819091797 -23.6629581451416 1.6999998092651367
    endloop
  endfacet
  facet normal 0 0 1
    outer loop
      vertex 26.494426727294922 -22.521690368652344 1.6999998092651367
      vertex 26.865245819091797 -23.6629581451416 1.6999998092651367
      vertex 26.65077781677246 -22.461671829223633 1.6999998092651367
    endloop
  endfacet
  facet normal 0 0 1
    outer loop
      vertex 26.865245819091797 -23.6629581451416 1.6999998092651367
      vertex 26.494426727294922 -22.521690368652344 1.6999998092651367
      vertex 26.5821533203125 -23.738811492919922 1.6999998092651367
    endloop
  endfacet
  facet normal 0 0 1
    outer loop
      vertex 26.332656860351562 -22.56503677368164 1.6999998092651367
      vertex 26.5821533203125 -23.738811492919922 1.6999998092651367
      vertex 26.494426727294922 -22.521690368652344 1.6999998092651367
    endloop
  endfacet
  facet normal 0 0 1
    outer loop
      vertex 26.332656860351562 -22.56503677368164 1.6999998092651367
      vertex 26.292678833007812 -23.78466033935547 1.6999998092651367
      vertex 26.5821533203125 -23.738811492919922 1.6999998092651367
    endloop
  endfacet
  facet normal 0 0 1
    outer loop
      vertex 26.16724395751953 -22.59123420715332 1.6999998092651367
      vertex 26.292678833007812 -23.78466033935547 1.6999998092651367
      vertex 26.332656860351562 -22.56503677368164 1.6999998092651367
    endloop
  endfacet
  facet normal 0 0 1
    outer loop
      vertex 26 -22.599998474121094 1.6999998092651367
      vertex 26.292678833007812 -23.78466033935547 1.6999998092651367
      vertex 26.16724395751953 -22.59123420715332 1.6999998092651367
    endloop
  endfacet
  facet normal 0 0 1
    outer loop
      vertex 26 -22.599998474121094 1.6999998092651367
      vertex 26 -23.799999237060547 1.6999998092651367
      vertex 26.292678833007812 -23.78466033935547 1.6999998092651367
    endloop
  endfacet
  facet normal 0 0 1
    outer loop
      vertex 25.83275604248047 -22.59123420715332 1.6999998092651367
      vertex 26 -23.799999237060547 1.6999998092651367
      vertex 26 -22.599998474121094 1.6999998092651367
    endloop
  endfacet
  facet normal 0 0 1
    outer loop
      vertex 25.83275604248047 -22.59123420715332 1.6999998092651367
      vertex 25.707321166992188 -23.78466033935547 1.6999998092651367
      vertex 26 -23.799999237060547 1.6999998092651367
    endloop
  endfacet
  facet normal 0 0 1
    outer loop
      vertex 25.667343139648438 -22.56503677368164 1.6999998092651367
      vertex 25.707321166992188 -23.78466033935547 1.6999998092651367
      vertex 25.83275604248047 -22.59123420715332 1.6999998092651367
    endloop
  endfacet
  facet normal 0 0 1
    outer loop
      vertex 25.4178466796875 -23.738811492919922 1.6999998092651367
      vertex 25.667343139648438 -22.56503677368164 1.6999998092651367
      vertex 25.505573272705078 -22.521690368652344 1.6999998092651367
    endloop
  endfacet
  facet normal 0 0 1
    outer loop
      vertex 25.667343139648438 -22.56503677368164 1.6999998092651367
      vertex 25.4178466796875 -23.738811492919922 1.6999998092651367
      vertex 25.707321166992188 -23.78466033935547 1.6999998092651367
    endloop
  endfacet
  facet normal 0 0 1
    outer loop
      vertex 25.134754180908203 -23.6629581451416 1.6999998092651367
      vertex 25.505573272705078 -22.521690368652344 1.6999998092651367
      vertex 25.34922218322754 -22.461671829223633 1.6999998092651367
    endloop
  endfacet
  facet normal 0 0 1
    outer loop
      vertex 24.86113739013672 -23.557926177978516 1.6999998092651367
      vertex 25.34922218322754 -22.461671829223633 1.6999998092651367
      vertex 25.200000762939453 -22.385639190673828 1.6999998092651367
    endloop
  endfacet
  facet normal 0 0 1
    outer loop
      vertex 25.505573272705078 -22.521690368652344 1.6999998092651367
      vertex 25.134754180908203 -23.6629581451416 1.6999998092651367
      vertex 25.4178466796875 -23.738811492919922 1.6999998092651367
    endloop
  endfacet
  facet normal 0 0 1
    outer loop
      vertex 24.600000381469727 -23.424869537353516 1.6999998092651367
      vertex 25.200000762939453 -22.385639190673828 1.6999998092651367
      vertex 25.05954360961914 -22.29442596435547 1.6999998092651367
    endloop
  endfacet
  facet normal 0 0 1
    outer loop
      vertex 24.354202270507812 -23.265247344970703 1.6999998092651367
      vertex 25.05954360961914 -22.29442596435547 1.6999998092651367
      vertex 24.929391860961914 -22.18903160095215 1.6999998092651367
    endloop
  endfacet
  facet normal 0 0 1
    outer loop
      vertex 25.34922218322754 -22.461671829223633 1.6999998092651367
      vertex 24.86113739013672 -23.557926177978516 1.6999998092651367
      vertex 25.134754180908203 -23.6629581451416 1.6999998092651367
    endloop
  endfacet
  facet normal 0 0 1
    outer loop
      vertex 24.126434326171875 -23.0808048248291 1.6999998092651367
      vertex 24.929391860961914 -22.18903160095215 1.6999998092651367
      vertex 24.81096839904785 -22.070608139038086 1.6999998092651367
    endloop
  endfacet
  facet normal 0 0 1
    outer loop
      vertex 23.9191951751709 -22.873565673828125 1.6999998092651367
      vertex 24.81096839904785 -22.070608139038086 1.6999998092651367
      vertex 24.70557403564453 -21.94045639038086 1.6999998092651367
    endloop
  endfacet
  facet normal 0 0 1
    outer loop
      vertex 23.734752655029297 -22.645797729492188 1.6999998092651367
      vertex 24.70557403564453 -21.94045639038086 1.6999998092651367
      vertex 24.614360809326172 -21.799999237060547 1.6999998092651367
    endloop
  endfacet
  facet normal 0 0 1
    outer loop
      vertex 25.200000762939453 -22.385639190673828 1.6999998092651367
      vertex 24.600000381469727 -23.424869537353516 1.6999998092651367
      vertex 24.86113739013672 -23.557926177978516 1.6999998092651367
    endloop
  endfacet
  facet normal 0 0 1
    outer loop
      vertex 23.575130462646484 -22.399999618530273 1.6999998092651367
      vertex 24.614360809326172 -21.799999237060547 1.6999998092651367
      vertex 24.538328170776367 -21.65077781677246 1.6999998092651367
    endloop
  endfacet
  facet normal 0 0 1
    outer loop
      vertex 23.442073822021484 -22.13886260986328 1.6999998092651367
      vertex 24.538328170776367 -21.65077781677246 1.6999998092651367
      vertex 24.478309631347656 -21.494426727294922 1.6999998092651367
    endloop
  endfacet
  facet normal 0 0 1
    outer loop
      vertex 23.3370418548584 -21.865245819091797 1.6999998092651367
      vertex 24.478309631347656 -21.494426727294922 1.6999998092651367
      vertex 24.43496322631836 -21.332656860351562 1.6999998092651367
    endloop
  endfacet
  facet normal 0 0 1
    outer loop
      vertex 23.261188507080078 -21.5821533203125 1.6999998092651367
      vertex 24.43496322631836 -21.332656860351562 1.6999998092651367
      vertex 24.40876579284668 -21.16724395751953 1.6999998092651367
    endloop
  endfacet
  facet normal 0 0 1
    outer loop
      vertex 25.05954360961914 -22.29442596435547 1.6999998092651367
      vertex 24.354202270507812 -23.265247344970703 1.6999998092651367
      vertex 24.600000381469727 -23.424869537353516 1.6999998092651367
    endloop
  endfacet
  facet normal 0 0 1
    outer loop
      vertex 23.21533966064453 -21.292678833007812 1.6999998092651367
      vertex 24.40876579284668 -21.16724395751953 1.6999998092651367
      vertex 24.400001525878906 -21 1.6999998092651367
    endloop
  endfacet
  facet normal 0 0 1
    outer loop
      vertex 23.442073822021484 -19.86113739013672 1.6999998092651367
      vertex 24.538328170776367 -20.34922218322754 1.6999998092651367
      vertex 23.575130462646484 -19.600000381469727 1.6999998092651367
    endloop
  endfacet
  facet normal 0 0 1
    outer loop
      vertex 24.538328170776367 -20.34922218322754 1.6999998092651367
      vertex 23.442073822021484 -19.86113739013672 1.6999998092651367
      vertex 24.478309631347656 -20.505573272705078 1.6999998092651367
    endloop
  endfacet
  facet normal 0 0 1
    outer loop
      vertex 24.929391860961914 -22.18903160095215 1.6999998092651367
      vertex 24.126434326171875 -23.0808048248291 1.6999998092651367
      vertex 24.354202270507812 -23.265247344970703 1.6999998092651367
    endloop
  endfacet
  facet normal 0 0 1
    outer loop
      vertex 23.3370418548584 -20.134754180908203 1.6999998092651367
      vertex 24.478309631347656 -20.505573272705078 1.6999998092651367
      vertex 23.442073822021484 -19.86113739013672 1.6999998092651367
    endloop
  endfacet
  facet normal 0 0 1
    outer loop
      vertex 24.81096839904785 -22.070608139038086 1.6999998092651367
      vertex 23.9191951751709 -22.873565673828125 1.6999998092651367
      vertex 24.126434326171875 -23.0808048248291 1.6999998092651367
    endloop
  endfacet
  facet normal 0 0 1
    outer loop
      vertex 24.478309631347656 -20.505573272705078 1.6999998092651367
      vertex 23.3370418548584 -20.134754180908203 1.6999998092651367
      vertex 24.43496322631836 -20.667343139648438 1.6999998092651367
    endloop
  endfacet
  facet normal 0 0 1
    outer loop
      vertex 24.70557403564453 -21.94045639038086 1.6999998092651367
      vertex 23.734752655029297 -22.645797729492188 1.6999998092651367
      vertex 23.9191951751709 -22.873565673828125 1.6999998092651367
    endloop
  endfacet
  facet normal 0 0 1
    outer loop
      vertex 23.261188507080078 -20.4178466796875 1.6999998092651367
      vertex 24.43496322631836 -20.667343139648438 1.6999998092651367
      vertex 23.3370418548584 -20.134754180908203 1.6999998092651367
    endloop
  endfacet
  facet normal 0 0 1
    outer loop
      vertex 24.614360809326172 -21.799999237060547 1.6999998092651367
      vertex 23.575130462646484 -22.399999618530273 1.6999998092651367
      vertex 23.734752655029297 -22.645797729492188 1.6999998092651367
    endloop
  endfacet
  facet normal 0 0 1
    outer loop
      vertex 24.43496322631836 -20.667343139648438 1.6999998092651367
      vertex 23.261188507080078 -20.4178466796875 1.6999998092651367
      vertex 24.40876579284668 -20.83275604248047 1.6999998092651367
    endloop
  endfacet
  facet normal 0 0 1
    outer loop
      vertex 24.538328170776367 -21.65077781677246 1.6999998092651367
      vertex 23.442073822021484 -22.13886260986328 1.6999998092651367
      vertex 23.575130462646484 -22.399999618530273 1.6999998092651367
    endloop
  endfacet
  facet normal 0 0 1
    outer loop
      vertex 23.21533966064453 -20.707321166992188 1.6999998092651367
      vertex 24.40876579284668 -20.83275604248047 1.6999998092651367
      vertex 23.261188507080078 -20.4178466796875 1.6999998092651367
    endloop
  endfacet
  facet normal 0 0 1
    outer loop
      vertex 24.478309631347656 -21.494426727294922 1.6999998092651367
      vertex 23.3370418548584 -21.865245819091797 1.6999998092651367
      vertex 23.442073822021484 -22.13886260986328 1.6999998092651367
    endloop
  endfacet
  facet normal 0 0 1
    outer loop
      vertex 24.40876579284668 -20.83275604248047 1.6999998092651367
      vertex 23.21533966064453 -20.707321166992188 1.6999998092651367
      vertex 24.400001525878906 -21 1.6999998092651367
    endloop
  endfacet
  facet normal 0 0 1
    outer loop
      vertex 24.43496322631836 -21.332656860351562 1.6999998092651367
      vertex 23.261188507080078 -21.5821533203125 1.6999998092651367
      vertex 23.3370418548584 -21.865245819091797 1.6999998092651367
    endloop
  endfacet
  facet normal 0 0 1
    outer loop
      vertex 23.200000762939453 -21 1.6999998092651367
      vertex 24.400001525878906 -21 1.6999998092651367
      vertex 23.21533966064453 -20.707321166992188 1.6999998092651367
    endloop
  endfacet
  facet normal 0 0 1
    outer loop
      vertex 24.40876579284668 -21.16724395751953 1.6999998092651367
      vertex 23.21533966064453 -21.292678833007812 1.6999998092651367
      vertex 23.261188507080078 -21.5821533203125 1.6999998092651367
    endloop
  endfacet
  facet normal 0 0 1
    outer loop
      vertex 24.400001525878906 -21 1.6999998092651367
      vertex 23.200000762939453 -21 1.6999998092651367
      vertex 23.21533966064453 -21.292678833007812 1.6999998092651367
    endloop
  endfacet
  facet normal 0.8910055733658783 0.45399236582892294 0
    outer loop
      vertex 23.575130462646484 -22.399999618530273 3.1999998092651367
      vertex 23.442073822021484 -22.13886260986328 1.6999998092651367
      vertex 23.442073822021484 -22.13886260986328 3.1999998092651367
    endloop
  endfacet
  facet normal 0.8910055733658783 0.45399236582892294 0
    outer loop
      vertex 23.442073822021484 -22.13886260986328 1.6999998092651367
      vertex 23.575130462646484 -22.399999618530273 3.1999998092651367
      vertex 23.575130462646484 -22.399999618530273 1.6999998092651367
    endloop
  endfacet
  facet normal 0.3583689065273435 -0.9335800591456505 0
    outer loop
      vertex 24.86113739013672 -18.442073822021484 1.6999998092651367
      vertex 25.134754180908203 -18.3370418548584 3.1999998092651367
      vertex 24.86113739013672 -18.442073822021484 3.1999998092651367
    endloop
  endfacet
  facet normal 0.3583689065273435 -0.9335800591456505 0
    outer loop
      vertex 25.134754180908203 -18.3370418548584 3.1999998092651367
      vertex 24.86113739013672 -18.442073822021484 1.6999998092651367
      vertex 25.134754180908203 -18.3370418548584 1.6999998092651367
    endloop
  endfacet
  facet normal 0.9659267293282522 -0.2588156748908872 0
    outer loop
      vertex 23.261188507080078 -20.4178466796875 3.1999998092651367
      vertex 23.3370418548584 -20.134754180908203 1.6999998092651367
      vertex 23.3370418548584 -20.134754180908203 3.1999998092651367
    endloop
  endfacet
  facet normal 0.9659267293282522 -0.2588156748908872 0
    outer loop
      vertex 23.3370418548584 -20.134754180908203 1.6999998092651367
      vertex 23.261188507080078 -20.4178466796875 3.1999998092651367
      vertex 23.261188507080078 -20.4178466796875 1.6999998092651367
    endloop
  endfacet
  facet normal 0.8386720754559689 0.544636713645323 0
    outer loop
      vertex 23.734752655029297 -22.645797729492188 3.1999998092651367
      vertex 23.575130462646484 -22.399999618530273 1.6999998092651367
      vertex 23.575130462646484 -22.399999618530273 3.1999998092651367
    endloop
  endfacet
  facet normal 0.8386720754559689 0.544636713645323 0
    outer loop
      vertex 23.575130462646484 -22.399999618530273 1.6999998092651367
      vertex 23.734752655029297 -22.645797729492188 3.1999998092651367
      vertex 23.734752655029297 -22.645797729492188 1.6999998092651367
    endloop
  endfacet
  facet normal -0.8910055733658783 -0.45399236582892294 0
    outer loop
      vertex 28.557926177978516 -19.86113739013672 1.6999998092651367
      vertex 28.424869537353516 -19.600000381469727 3.1999998092651367
      vertex 28.424869537353516 -19.600000381469727 1.6999998092651367
    endloop
  endfacet
  facet normal -0.8910055733658783 -0.45399236582892294 0
    outer loop
      vertex 28.424869537353516 -19.600000381469727 3.1999998092651367
      vertex 28.557926177978516 -19.86113739013672 1.6999998092651367
      vertex 28.557926177978516 -19.86113739013672 3.1999998092651367
    endloop
  endfacet
  facet normal -0.8386720754559689 -0.544636713645323 0
    outer loop
      vertex 28.424869537353516 -19.600000381469727 1.6999998092651367
      vertex 28.265247344970703 -19.354202270507812 3.1999998092651367
      vertex 28.265247344970703 -19.354202270507812 1.6999998092651367
    endloop
  endfacet
  facet normal -0.8386720754559689 -0.544636713645323 0
    outer loop
      vertex 28.265247344970703 -19.354202270507812 3.1999998092651367
      vertex 28.424869537353516 -19.600000381469727 1.6999998092651367
      vertex 28.424869537353516 -19.600000381469727 3.1999998092651367
    endloop
  endfacet
  facet normal -0.777146502883238 -0.6293197224434917 0
    outer loop
      vertex 28.265247344970703 -19.354202270507812 1.6999998092651367
      vertex 28.0808048248291 -19.126434326171875 3.1999998092651367
      vertex 28.0808048248291 -19.126434326171875 1.6999998092651367
    endloop
  endfacet
  facet normal -0.777146502883238 -0.6293197224434917 0
    outer loop
      vertex 28.0808048248291 -19.126434326171875 3.1999998092651367
      vertex 28.265247344970703 -19.354202270507812 1.6999998092651367
      vertex 28.265247344970703 -19.354202270507812 3.1999998092651367
    endloop
  endfacet
  facet normal 0.7071067811865476 0.7071067811865476 0
    outer loop
      vertex 24.126434326171875 -23.0808048248291 3.1999998092651367
      vertex 23.9191951751709 -22.873565673828125 1.6999998092651367
      vertex 23.9191951751709 -22.873565673828125 3.1999998092651367
    endloop
  endfacet
  facet normal 0.7071067811865476 0.7071067811865476 0
    outer loop
      vertex 23.9191951751709 -22.873565673828125 1.6999998092651367
      vertex 24.126434326171875 -23.0808048248291 3.1999998092651367
      vertex 24.126434326171875 -23.0808048248291 1.6999998092651367
    endloop
  endfacet
  facet normal -0.6293197224434917 -0.777146502883238 0
    outer loop
      vertex 27.645797729492188 -18.734752655029297 1.6999998092651367
      vertex 27.873565673828125 -18.9191951751709 3.1999998092651367
      vertex 27.645797729492188 -18.734752655029297 3.1999998092651367
    endloop
  endfacet
  facet normal -0.6293197224434917 -0.777146502883238 0
    outer loop
      vertex 27.873565673828125 -18.9191951751709 3.1999998092651367
      vertex 27.645797729492188 -18.734752655029297 1.6999998092651367
      vertex 27.873565673828125 -18.9191951751709 1.6999998092651367
    endloop
  endfacet
  facet normal -0.3583689065273435 -0.9335800591456505 0
    outer loop
      vertex 26.865245819091797 -18.3370418548584 1.6999998092651367
      vertex 27.13886260986328 -18.442073822021484 3.1999998092651367
      vertex 26.865245819091797 -18.3370418548584 3.1999998092651367
    endloop
  endfacet
  facet normal -0.3583689065273435 -0.9335800591456505 0
    outer loop
      vertex 27.13886260986328 -18.442073822021484 3.1999998092651367
      vertex 26.865245819091797 -18.3370418548584 1.6999998092651367
      vertex 27.13886260986328 -18.442073822021484 1.6999998092651367
    endloop
  endfacet
  facet normal 0.9335800591456505 -0.3583689065273435 0
    outer loop
      vertex 23.3370418548584 -20.134754180908203 3.1999998092651367
      vertex 23.442073822021484 -19.86113739013672 1.6999998092651367
      vertex 23.442073822021484 -19.86113739013672 3.1999998092651367
    endloop
  endfacet
  facet normal 0.9335800591456505 -0.3583689065273435 0
    outer loop
      vertex 23.442073822021484 -19.86113739013672 1.6999998092651367
      vertex 23.3370418548584 -20.134754180908203 3.1999998092651367
      vertex 23.3370418548584 -20.134754180908203 1.6999998092651367
    endloop
  endfacet
  facet normal 0.15643643476845734 0.9876880286188215 0
    outer loop
      vertex 25.707321166992188 -23.78466033935547 1.6999998092651367
      vertex 25.4178466796875 -23.738811492919922 3.1999998092651367
      vertex 25.707321166992188 -23.78466033935547 3.1999998092651367
    endloop
  endfacet
  facet normal 0.15643643476845734 0.9876880286188215 0
    outer loop
      vertex 25.4178466796875 -23.738811492919922 3.1999998092651367
      vertex 25.707321166992188 -23.78466033935547 1.6999998092651367
      vertex 25.4178466796875 -23.738811492919922 1.6999998092651367
    endloop
  endfacet
  facet normal 0.9659267293282522 0.2588156748908872 0
    outer loop
      vertex 23.3370418548584 -21.865245819091797 3.1999998092651367
      vertex 23.261188507080078 -21.5821533203125 1.6999998092651367
      vertex 23.261188507080078 -21.5821533203125 3.1999998092651367
    endloop
  endfacet
  facet normal 0.9659267293282522 0.2588156748908872 0
    outer loop
      vertex 23.261188507080078 -21.5821533203125 1.6999998092651367
      vertex 23.3370418548584 -21.865245819091797 3.1999998092651367
      vertex 23.3370418548584 -21.865245819091797 1.6999998092651367
    endloop
  endfacet
  facet normal -0.8386720754559689 0.544636713645323 0
    outer loop
      vertex 28.265247344970703 -22.645797729492188 1.6999998092651367
      vertex 28.424869537353516 -22.399999618530273 3.1999998092651367
      vertex 28.424869537353516 -22.399999618530273 1.6999998092651367
    endloop
  endfacet
  facet normal -0.8386720754559689 0.544636713645323 0
    outer loop
      vertex 28.424869537353516 -22.399999618530273 3.1999998092651367
      vertex 28.265247344970703 -22.645797729492188 1.6999998092651367
      vertex 28.265247344970703 -22.645797729492188 3.1999998092651367
    endloop
  endfacet
  facet normal 0.9986294901681287 0.05233680699606441 0
    outer loop
      vertex 23.21533966064453 -21.292678833007812 3.1999998092651367
      vertex 23.200000762939453 -21 1.6999998092651367
      vertex 23.200000762939453 -21 3.1999998092651367
    endloop
  endfacet
  facet normal 0.9986294901681287 0.05233680699606441 0
    outer loop
      vertex 23.200000762939453 -21 1.6999998092651367
      vertex 23.21533966064453 -21.292678833007812 3.1999998092651367
      vertex 23.21533966064453 -21.292678833007812 1.6999998092651367
    endloop
  endfacet
  facet normal -0.45399236582892294 0.8910055733658783 0
    outer loop
      vertex 27.399999618530273 -23.424869537353516 1.6999998092651367
      vertex 27.13886260986328 -23.557926177978516 3.1999998092651367
      vertex 27.399999618530273 -23.424869537353516 3.1999998092651367
    endloop
  endfacet
  facet normal -0.45399236582892294 0.8910055733658783 0
    outer loop
      vertex 27.13886260986328 -23.557926177978516 3.1999998092651367
      vertex 27.399999618530273 -23.424869537353516 1.6999998092651367
      vertex 27.13886260986328 -23.557926177978516 1.6999998092651367
    endloop
  endfacet
  facet normal -0.3583689065273435 0.9335800591456505 0
    outer loop
      vertex 27.13886260986328 -23.557926177978516 1.6999998092651367
      vertex 26.865245819091797 -23.6629581451416 3.1999998092651367
      vertex 27.13886260986328 -23.557926177978516 3.1999998092651367
    endloop
  endfacet
  facet normal -0.3583689065273435 0.9335800591456505 0
    outer loop
      vertex 26.865245819091797 -23.6629581451416 3.1999998092651367
      vertex 27.13886260986328 -23.557926177978516 1.6999998092651367
      vertex 26.865245819091797 -23.6629581451416 1.6999998092651367
    endloop
  endfacet
  facet normal 0.7071067811865476 -0.7071067811865476 0
    outer loop
      vertex 23.9191951751709 -19.126434326171875 3.1999998092651367
      vertex 24.126434326171875 -18.9191951751709 1.6999998092651367
      vertex 24.126434326171875 -18.9191951751709 3.1999998092651367
    endloop
  endfacet
  facet normal 0.7071067811865476 -0.7071067811865476 0
    outer loop
      vertex 24.126434326171875 -18.9191951751709 1.6999998092651367
      vertex 23.9191951751709 -19.126434326171875 3.1999998092651367
      vertex 23.9191951751709 -19.126434326171875 1.6999998092651367
    endloop
  endfacet
  facet normal -0.15643643476845734 -0.9876880286188215 0
    outer loop
      vertex 26.292678833007812 -18.21533966064453 1.6999998092651367
      vertex 26.5821533203125 -18.261188507080078 3.1999998092651367
      vertex 26.292678833007812 -18.21533966064453 3.1999998092651367
    endloop
  endfacet
  facet normal -0.15643643476845734 -0.9876880286188215 0
    outer loop
      vertex 26.5821533203125 -18.261188507080078 3.1999998092651367
      vertex 26.292678833007812 -18.21533966064453 1.6999998092651367
      vertex 26.5821533203125 -18.261188507080078 1.6999998092651367
    endloop
  endfacet
  facet normal 0.45399236582892294 -0.8910055733658783 0
    outer loop
      vertex 24.600000381469727 -18.575130462646484 1.6999998092651367
      vertex 24.86113739013672 -18.442073822021484 3.1999998092651367
      vertex 24.600000381469727 -18.575130462646484 3.1999998092651367
    endloop
  endfacet
  facet normal 0.45399236582892294 -0.8910055733658783 0
    outer loop
      vertex 24.86113739013672 -18.442073822021484 3.1999998092651367
      vertex 24.600000381469727 -18.575130462646484 1.6999998092651367
      vertex 24.86113739013672 -18.442073822021484 1.6999998092651367
    endloop
  endfacet
  facet normal 0.544636713645323 0.8386720754559689 0
    outer loop
      vertex 24.600000381469727 -23.424869537353516 1.6999998092651367
      vertex 24.354202270507812 -23.265247344970703 3.1999998092651367
      vertex 24.600000381469727 -23.424869537353516 3.1999998092651367
    endloop
  endfacet
  facet normal 0.544636713645323 0.8386720754559689 0
    outer loop
      vertex 24.354202270507812 -23.265247344970703 3.1999998092651367
      vertex 24.600000381469727 -23.424869537353516 1.6999998092651367
      vertex 24.354202270507812 -23.265247344970703 1.6999998092651367
    endloop
  endfacet
  facet normal -0.45399236582892294 -0.8910055733658783 0
    outer loop
      vertex 27.13886260986328 -18.442073822021484 1.6999998092651367
      vertex 27.399999618530273 -18.575130462646484 3.1999998092651367
      vertex 27.13886260986328 -18.442073822021484 3.1999998092651367
    endloop
  endfacet
  facet normal -0.45399236582892294 -0.8910055733658783 0
    outer loop
      vertex 27.399999618530273 -18.575130462646484 3.1999998092651367
      vertex 27.13886260986328 -18.442073822021484 1.6999998092651367
      vertex 27.399999618530273 -18.575130462646484 1.6999998092651367
    endloop
  endfacet
  facet normal 0.6293197224434917 -0.777146502883238 0
    outer loop
      vertex 24.126434326171875 -18.9191951751709 1.6999998092651367
      vertex 24.354202270507812 -18.734752655029297 3.1999998092651367
      vertex 24.126434326171875 -18.9191951751709 3.1999998092651367
    endloop
  endfacet
  facet normal 0.6293197224434917 -0.777146502883238 0
    outer loop
      vertex 24.354202270507812 -18.734752655029297 3.1999998092651367
      vertex 24.126434326171875 -18.9191951751709 1.6999998092651367
      vertex 24.354202270507812 -18.734752655029297 1.6999998092651367
    endloop
  endfacet
  facet normal 0.9876880286188215 0.15643643476845734 0
    outer loop
      vertex 23.261188507080078 -21.5821533203125 3.1999998092651367
      vertex 23.21533966064453 -21.292678833007812 1.6999998092651367
      vertex 23.21533966064453 -21.292678833007812 3.1999998092651367
    endloop
  endfacet
  facet normal 0.9876880286188215 0.15643643476845734 0
    outer loop
      vertex 23.21533966064453 -21.292678833007812 1.6999998092651367
      vertex 23.261188507080078 -21.5821533203125 3.1999998092651367
      vertex 23.261188507080078 -21.5821533203125 1.6999998092651367
    endloop
  endfacet
  facet normal 0.2588156748908872 -0.9659267293282522 0
    outer loop
      vertex 25.134754180908203 -18.3370418548584 1.6999998092651367
      vertex 25.4178466796875 -18.261188507080078 3.1999998092651367
      vertex 25.134754180908203 -18.3370418548584 3.1999998092651367
    endloop
  endfacet
  facet normal 0.2588156748908872 -0.9659267293282522 0
    outer loop
      vertex 25.4178466796875 -18.261188507080078 3.1999998092651367
      vertex 25.134754180908203 -18.3370418548584 1.6999998092651367
      vertex 25.4178466796875 -18.261188507080078 1.6999998092651367
    endloop
  endfacet
  facet normal 0.15643643476845734 -0.9876880286188215 0
    outer loop
      vertex 25.4178466796875 -18.261188507080078 1.6999998092651367
      vertex 25.707321166992188 -18.21533966064453 3.1999998092651367
      vertex 25.4178466796875 -18.261188507080078 3.1999998092651367
    endloop
  endfacet
  facet normal 0.15643643476845734 -0.9876880286188215 0
    outer loop
      vertex 25.707321166992188 -18.21533966064453 3.1999998092651367
      vertex 25.4178466796875 -18.261188507080078 1.6999998092651367
      vertex 25.707321166992188 -18.21533966064453 1.6999998092651367
    endloop
  endfacet
  facet normal 0.45399236582892294 0.8910055733658783 0
    outer loop
      vertex 24.86113739013672 -23.557926177978516 1.6999998092651367
      vertex 24.600000381469727 -23.424869537353516 3.1999998092651367
      vertex 24.86113739013672 -23.557926177978516 3.1999998092651367
    endloop
  endfacet
  facet normal 0.45399236582892294 0.8910055733658783 0
    outer loop
      vertex 24.600000381469727 -23.424869537353516 3.1999998092651367
      vertex 24.86113739013672 -23.557926177978516 1.6999998092651367
      vertex 24.600000381469727 -23.424869537353516 1.6999998092651367
    endloop
  endfacet
  facet normal -0.9986297274365881 -0.05233227952159028 0
    outer loop
      vertex 27.599998474121094 21 0
      vertex 27.59123420715332 21.16724395751953 1.6999998092651367
      vertex 27.59123420715332 21.16724395751953 0
    endloop
  endfacet
  facet normal -0.9986297274365881 -0.05233227952159028 0
    outer loop
      vertex 27.59123420715332 21.16724395751953 1.6999998092651367
      vertex 27.599998474121094 21 0
      vertex 27.599998474121094 21 1.6999998092651367
    endloop
  endfacet
  facet normal -0.15642633013197782 0.9876896290036873 0
    outer loop
      vertex 26.332656860351562 19.43496322631836 0
      vertex 26.16724395751953 19.40876579284668 1.6999998092651367
      vertex 26.332656860351562 19.43496322631836 1.6999998092651367
    endloop
  endfacet
  facet normal -0.15642633013197782 0.9876896290036873 0
    outer loop
      vertex 26.16724395751953 19.40876579284668 1.6999998092651367
      vertex 26.332656860351562 19.43496322631836 0
      vertex 26.16724395751953 19.40876579284668 0
    endloop
  endfacet
  facet normal -0.8910052505725483 0.45399299934266624 0
    outer loop
      vertex 27.385639190673828 20.200000762939453 0
      vertex 27.461671829223633 20.34922218322754 1.6999998092651367
      vertex 27.461671829223633 20.34922218322754 0
    endloop
  endfacet
  facet normal -0.8910052505725483 0.45399299934266624 0
    outer loop
      vertex 27.461671829223633 20.34922218322754 1.6999998092651367
      vertex 27.385639190673828 20.200000762939453 0
      vertex 27.385639190673828 20.200000762939453 1.6999998092651367
    endloop
  endfacet
  facet normal 0.5446360297552559 -0.8386725195762839 0
    outer loop
      vertex 25.05954360961914 22.29442596435547 0
      vertex 25.200000762939453 22.385639190673828 1.6999998092651367
      vertex 25.05954360961914 22.29442596435547 1.6999998092651367
    endloop
  endfacet
  facet normal 0.5446360297552559 -0.8386725195762839 0
    outer loop
      vertex 25.200000762939453 22.385639190673828 1.6999998092651367
      vertex 25.05954360961914 22.29442596435547 0
      vertex 25.200000762939453 22.385639190673828 0
    endloop
  endfacet
  facet normal -0.8386725195762839 -0.5446360297552559 0
    outer loop
      vertex 27.385639190673828 21.799999237060547 0
      vertex 27.29442596435547 21.94045639038086 1.6999998092651367
      vertex 27.29442596435547 21.94045639038086 0
    endloop
  endfacet
  facet normal -0.8386725195762839 -0.5446360297552559 0
    outer loop
      vertex 27.29442596435547 21.94045639038086 1.6999998092651367
      vertex 27.385639190673828 21.799999237060547 0
      vertex 27.385639190673828 21.799999237060547 1.6999998092651367
    endloop
  endfacet
  facet normal 0.6293187878740293 0.777147259680405 0
    outer loop
      vertex 25.05954360961914 19.70557403564453 0
      vertex 24.929391860961914 19.81096839904785 1.6999998092651367
      vertex 25.05954360961914 19.70557403564453 1.6999998092651367
    endloop
  endfacet
  facet normal 0.6293187878740293 0.777147259680405 0
    outer loop
      vertex 24.929391860961914 19.81096839904785 1.6999998092651367
      vertex 25.05954360961914 19.70557403564453 0
      vertex 24.929391860961914 19.81096839904785 0
    endloop
  endfacet
  facet normal 0.9876896290036873 -0.15642633013197782 0
    outer loop
      vertex 24.40876579284668 21.16724395751953 1.6999998092651367
      vertex 24.43496322631836 21.332656860351562 0
      vertex 24.43496322631836 21.332656860351562 1.6999998092651367
    endloop
  endfacet
  facet normal 0.9876896290036873 -0.15642633013197782 0
    outer loop
      vertex 24.43496322631836 21.332656860351562 0
      vertex 24.40876579284668 21.16724395751953 1.6999998092651367
      vertex 24.40876579284668 21.16724395751953 0
    endloop
  endfacet
  facet normal 0.777147259680405 0.6293187878740293 0
    outer loop
      vertex 24.81096839904785 19.929391860961914 1.6999998092651367
      vertex 24.70557403564453 20.05954360961914 0
      vertex 24.70557403564453 20.05954360961914 1.6999998092651367
    endloop
  endfacet
  facet normal 0.777147259680405 0.6293187878740293 0
    outer loop
      vertex 24.70557403564453 20.05954360961914 0
      vertex 24.81096839904785 19.929391860961914 1.6999998092651367
      vertex 24.81096839904785 19.929391860961914 0
    endloop
  endfacet
  facet normal 0.05233227952159028 -0.9986297274365881 0
    outer loop
      vertex 25.83275604248047 22.59123420715332 0
      vertex 26 22.599998474121094 1.6999998092651367
      vertex 25.83275604248047 22.59123420715332 1.6999998092651367
    endloop
  endfacet
  facet normal 0.05233227952159028 -0.9986297274365881 0
    outer loop
      vertex 26 22.599998474121094 1.6999998092651367
      vertex 25.83275604248047 22.59123420715332 0
      vertex 26 22.599998474121094 0
    endloop
  endfacet
  facet normal -0.05233227952159028 -0.9986297274365881 0
    outer loop
      vertex 26 22.599998474121094 0
      vertex 26.16724395751953 22.59123420715332 1.6999998092651367
      vertex 26 22.599998474121094 1.6999998092651367
    endloop
  endfacet
  facet normal -0.05233227952159028 -0.9986297274365881 0
    outer loop
      vertex 26.16724395751953 22.59123420715332 1.6999998092651367
      vertex 26 22.599998474121094 0
      vertex 26.16724395751953 22.59123420715332 0
    endloop
  endfacet
  facet normal 0.9876896290036873 0.15642633013197782 0
    outer loop
      vertex 24.43496322631836 20.667343139648438 1.6999998092651367
      vertex 24.40876579284668 20.83275604248047 0
      vertex 24.40876579284668 20.83275604248047 1.6999998092651367
    endloop
  endfacet
  facet normal 0.9876896290036873 0.15642633013197782 0
    outer loop
      vertex 24.40876579284668 20.83275604248047 0
      vertex 24.43496322631836 20.667343139648438 1.6999998092651367
      vertex 24.43496322631836 20.667343139648438 0
    endloop
  endfacet
  facet normal 0.933578470053954 0.35837304621262817 0
    outer loop
      vertex 24.538328170776367 20.34922218322754 1.6999998092651367
      vertex 24.478309631347656 20.505573272705078 0
      vertex 24.478309631347656 20.505573272705078 1.6999998092651367
    endloop
  endfacet
  facet normal 0.933578470053954 0.35837304621262817 0
    outer loop
      vertex 24.478309631347656 20.505573272705078 0
      vertex 24.538328170776367 20.34922218322754 1.6999998092651367
      vertex 24.538328170776367 20.34922218322754 0
    endloop
  endfacet
  facet normal -0.9876896290036873 0.15642633013197782 0
    outer loop
      vertex 27.56503677368164 20.667343139648438 0
      vertex 27.59123420715332 20.83275604248047 1.6999998092651367
      vertex 27.59123420715332 20.83275604248047 0
    endloop
  endfacet
  facet normal -0.9876896290036873 0.15642633013197782 0
    outer loop
      vertex 27.59123420715332 20.83275604248047 1.6999998092651367
      vertex 27.56503677368164 20.667343139648438 0
      vertex 27.56503677368164 20.667343139648438 1.6999998092651367
    endloop
  endfacet
  facet normal 0.15642633013197782 0.9876896290036873 0
    outer loop
      vertex 25.83275604248047 19.40876579284668 0
      vertex 25.667343139648438 19.43496322631836 1.6999998092651367
      vertex 25.83275604248047 19.40876579284668 1.6999998092651367
    endloop
  endfacet
  facet normal 0.15642633013197782 0.9876896290036873 0
    outer loop
      vertex 25.667343139648438 19.43496322631836 1.6999998092651367
      vertex 25.83275604248047 19.40876579284668 0
      vertex 25.667343139648438 19.43496322631836 0
    endloop
  endfacet
  facet normal 0.25882071541257184 0.9659253787292911 0
    outer loop
      vertex 25.667343139648438 19.43496322631836 0
      vertex 25.505573272705078 19.478309631347656 1.6999998092651367
      vertex 25.667343139648438 19.43496322631836 1.6999998092651367
    endloop
  endfacet
  facet normal 0.25882071541257184 0.9659253787292911 0
    outer loop
      vertex 25.505573272705078 19.478309631347656 1.6999998092651367
      vertex 25.667343139648438 19.43496322631836 0
      vertex 25.505573272705078 19.478309631347656 0
    endloop
  endfacet
  facet normal -0.45399299934266624 -0.8910052505725483 0
    outer loop
      vertex 26.65077781677246 22.461671829223633 0
      vertex 26.799999237060547 22.385639190673828 1.6999998092651367
      vertex 26.65077781677246 22.461671829223633 1.6999998092651367
    endloop
  endfacet
  facet normal -0.45399299934266624 -0.8910052505725483 0
    outer loop
      vertex 26.799999237060547 22.385639190673828 1.6999998092651367
      vertex 26.65077781677246 22.461671829223633 0
      vertex 26.799999237060547 22.385639190673828 0
    endloop
  endfacet
  facet normal 0.777147259680405 -0.6293187878740293 0
    outer loop
      vertex 24.70557403564453 21.94045639038086 1.6999998092651367
      vertex 24.81096839904785 22.070608139038086 0
      vertex 24.81096839904785 22.070608139038086 1.6999998092651367
    endloop
  endfacet
  facet normal 0.777147259680405 -0.6293187878740293 0
    outer loop
      vertex 24.81096839904785 22.070608139038086 0
      vertex 24.70557403564453 21.94045639038086 1.6999998092651367
      vertex 24.70557403564453 21.94045639038086 0
    endloop
  endfacet
  facet normal 0.35837304621262817 -0.933578470053954 0
    outer loop
      vertex 25.34922218322754 22.461671829223633 0
      vertex 25.505573272705078 22.521690368652344 1.6999998092651367
      vertex 25.34922218322754 22.461671829223633 1.6999998092651367
    endloop
  endfacet
  facet normal 0.35837304621262817 -0.933578470053954 0
    outer loop
      vertex 25.505573272705078 22.521690368652344 1.6999998092651367
      vertex 25.34922218322754 22.461671829223633 0
      vertex 25.505573272705078 22.521690368652344 0
    endloop
  endfacet
  facet normal -0.933578470053954 -0.35837304621262817 0
    outer loop
      vertex 27.521690368652344 21.494426727294922 0
      vertex 27.461671829223633 21.65077781677246 1.6999998092651367
      vertex 27.461671829223633 21.65077781677246 0
    endloop
  endfacet
  facet normal -0.933578470053954 -0.35837304621262817 0
    outer loop
      vertex 27.461671829223633 21.65077781677246 1.6999998092651367
      vertex 27.521690368652344 21.494426727294922 0
      vertex 27.521690368652344 21.494426727294922 1.6999998092651367
    endloop
  endfacet
  facet normal -0.7071067811865476 0.7071067811865476 0
    outer loop
      vertex 27.070608139038086 19.81096839904785 0
      vertex 27.18903160095215 19.929391860961914 1.6999998092651367
      vertex 27.18903160095215 19.929391860961914 0
    endloop
  endfacet
  facet normal -0.7071067811865476 0.7071067811865476 0
    outer loop
      vertex 27.18903160095215 19.929391860961914 1.6999998092651367
      vertex 27.070608139038086 19.81096839904785 0
      vertex 27.070608139038086 19.81096839904785 1.6999998092651367
    endloop
  endfacet
  facet normal -0.35837304621262817 -0.933578470053954 0
    outer loop
      vertex 26.494426727294922 22.521690368652344 0
      vertex 26.65077781677246 22.461671829223633 1.6999998092651367
      vertex 26.494426727294922 22.521690368652344 1.6999998092651367
    endloop
  endfacet
  facet normal -0.35837304621262817 -0.933578470053954 0
    outer loop
      vertex 26.65077781677246 22.461671829223633 1.6999998092651367
      vertex 26.494426727294922 22.521690368652344 0
      vertex 26.65077781677246 22.461671829223633 0
    endloop
  endfacet
  facet normal 0.7071067811865476 0.7071067811865476 0
    outer loop
      vertex 24.929391860961914 19.81096839904785 1.6999998092651367
      vertex 24.81096839904785 19.929391860961914 0
      vertex 24.81096839904785 19.929391860961914 1.6999998092651367
    endloop
  endfacet
  facet normal 0.7071067811865476 0.7071067811865476 0
    outer loop
      vertex 24.81096839904785 19.929391860961914 0
      vertex 24.929391860961914 19.81096839904785 1.6999998092651367
      vertex 24.929391860961914 19.81096839904785 0
    endloop
  endfacet
  facet normal 0.15642633013197782 -0.9876896290036873 0
    outer loop
      vertex 25.667343139648438 22.56503677368164 0
      vertex 25.83275604248047 22.59123420715332 1.6999998092651367
      vertex 25.667343139648438 22.56503677368164 1.6999998092651367
    endloop
  endfacet
  facet normal 0.15642633013197782 -0.9876896290036873 0
    outer loop
      vertex 25.83275604248047 22.59123420715332 1.6999998092651367
      vertex 25.667343139648438 22.56503677368164 0
      vertex 25.83275604248047 22.59123420715332 0
    endloop
  endfacet
  facet normal -0.8386725195762839 0.5446360297552559 0
    outer loop
      vertex 27.29442596435547 20.05954360961914 0
      vertex 27.385639190673828 20.200000762939453 1.6999998092651367
      vertex 27.385639190673828 20.200000762939453 0
    endloop
  endfacet
  facet normal -0.8386725195762839 0.5446360297552559 0
    outer loop
      vertex 27.385639190673828 20.200000762939453 1.6999998092651367
      vertex 27.29442596435547 20.05954360961914 0
      vertex 27.29442596435547 20.05954360961914 1.6999998092651367
    endloop
  endfacet
  facet normal -0.9986297274365881 0.05233227952159028 0
    outer loop
      vertex 27.59123420715332 20.83275604248047 0
      vertex 27.599998474121094 21 1.6999998092651367
      vertex 27.599998474121094 21 0
    endloop
  endfacet
  facet normal -0.9986297274365881 0.05233227952159028 0
    outer loop
      vertex 27.599998474121094 21 1.6999998092651367
      vertex 27.59123420715332 20.83275604248047 0
      vertex 27.59123420715332 20.83275604248047 1.6999998092651367
    endloop
  endfacet
  facet normal -0.5446360297552559 0.8386725195762839 0
    outer loop
      vertex 26.94045639038086 19.70557403564453 0
      vertex 26.799999237060547 19.614360809326172 1.6999998092651367
      vertex 26.94045639038086 19.70557403564453 1.6999998092651367
    endloop
  endfacet
  facet normal -0.5446360297552559 0.8386725195762839 0
    outer loop
      vertex 26.799999237060547 19.614360809326172 1.6999998092651367
      vertex 26.94045639038086 19.70557403564453 0
      vertex 26.799999237060547 19.614360809326172 0
    endloop
  endfacet
  facet normal 0.35837304621262817 0.933578470053954 0
    outer loop
      vertex 25.505573272705078 19.478309631347656 0
      vertex 25.34922218322754 19.538328170776367 1.6999998092651367
      vertex 25.505573272705078 19.478309631347656 1.6999998092651367
    endloop
  endfacet
  facet normal 0.35837304621262817 0.933578470053954 0
    outer loop
      vertex 25.34922218322754 19.538328170776367 1.6999998092651367
      vertex 25.505573272705078 19.478309631347656 0
      vertex 25.34922218322754 19.538328170776367 0
    endloop
  endfacet
  facet normal -0.8910052505725483 -0.45399299934266624 0
    outer loop
      vertex 27.461671829223633 21.65077781677246 0
      vertex 27.385639190673828 21.799999237060547 1.6999998092651367
      vertex 27.385639190673828 21.799999237060547 0
    endloop
  endfacet
  facet normal -0.8910052505725483 -0.45399299934266624 0
    outer loop
      vertex 27.385639190673828 21.799999237060547 1.6999998092651367
      vertex 27.461671829223633 21.65077781677246 0
      vertex 27.461671829223633 21.65077781677246 1.6999998092651367
    endloop
  endfacet
  facet normal 0.9986297274365881 0.05233227952159028 0
    outer loop
      vertex 24.40876579284668 20.83275604248047 1.6999998092651367
      vertex 24.400001525878906 21 0
      vertex 24.400001525878906 21 1.6999998092651367
    endloop
  endfacet
  facet normal 0.9986297274365881 0.05233227952159028 0
    outer loop
      vertex 24.400001525878906 21 0
      vertex 24.40876579284668 20.83275604248047 1.6999998092651367
      vertex 24.40876579284668 20.83275604248047 0
    endloop
  endfacet
  facet normal 0.6293187878740293 -0.777147259680405 0
    outer loop
      vertex 24.929391860961914 22.18903160095215 0
      vertex 25.05954360961914 22.29442596435547 1.6999998092651367
      vertex 24.929391860961914 22.18903160095215 1.6999998092651367
    endloop
  endfacet
  facet normal 0.6293187878740293 -0.777147259680405 0
    outer loop
      vertex 25.05954360961914 22.29442596435547 1.6999998092651367
      vertex 24.929391860961914 22.18903160095215 0
      vertex 25.05954360961914 22.29442596435547 0
    endloop
  endfacet
  facet normal -0.933578470053954 0.35837304621262817 0
    outer loop
      vertex 27.461671829223633 20.34922218322754 0
      vertex 27.521690368652344 20.505573272705078 1.6999998092651367
      vertex 27.521690368652344 20.505573272705078 0
    endloop
  endfacet
  facet normal -0.933578470053954 0.35837304621262817 0
    outer loop
      vertex 27.521690368652344 20.505573272705078 1.6999998092651367
      vertex 27.461671829223633 20.34922218322754 0
      vertex 27.461671829223633 20.34922218322754 1.6999998092651367
    endloop
  endfacet
  facet normal 0.25882071541257184 -0.9659253787292911 0
    outer loop
      vertex 25.505573272705078 22.521690368652344 0
      vertex 25.667343139648438 22.56503677368164 1.6999998092651367
      vertex 25.505573272705078 22.521690368652344 1.6999998092651367
    endloop
  endfacet
  facet normal 0.25882071541257184 -0.9659253787292911 0
    outer loop
      vertex 25.667343139648438 22.56503677368164 1.6999998092651367
      vertex 25.505573272705078 22.521690368652344 0
      vertex 25.667343139648438 22.56503677368164 0
    endloop
  endfacet
  facet normal -0.5446360297552559 -0.8386725195762839 0
    outer loop
      vertex 26.799999237060547 22.385639190673828 0
      vertex 26.94045639038086 22.29442596435547 1.6999998092651367
      vertex 26.799999237060547 22.385639190673828 1.6999998092651367
    endloop
  endfacet
  facet normal -0.5446360297552559 -0.8386725195762839 0
    outer loop
      vertex 26.94045639038086 22.29442596435547 1.6999998092651367
      vertex 26.799999237060547 22.385639190673828 0
      vertex 26.94045639038086 22.29442596435547 0
    endloop
  endfacet
  facet normal -0.7071067811865476 -0.7071067811865476 0
    outer loop
      vertex 27.18903160095215 22.070608139038086 0
      vertex 27.070608139038086 22.18903160095215 1.6999998092651367
      vertex 27.070608139038086 22.18903160095215 0
    endloop
  endfacet
  facet normal -0.7071067811865476 -0.7071067811865476 0
    outer loop
      vertex 27.070608139038086 22.18903160095215 1.6999998092651367
      vertex 27.18903160095215 22.070608139038086 0
      vertex 27.18903160095215 22.070608139038086 1.6999998092651367
    endloop
  endfacet
  facet normal -0.35837304621262817 0.933578470053954 0
    outer loop
      vertex 26.65077781677246 19.538328170776367 0
      vertex 26.494426727294922 19.478309631347656 1.6999998092651367
      vertex 26.65077781677246 19.538328170776367 1.6999998092651367
    endloop
  endfacet
  facet normal -0.35837304621262817 0.933578470053954 0
    outer loop
      vertex 26.494426727294922 19.478309631347656 1.6999998092651367
      vertex 26.65077781677246 19.538328170776367 0
      vertex 26.494426727294922 19.478309631347656 0
    endloop
  endfacet
  facet normal -0.25882071541257184 0.9659253787292911 0
    outer loop
      vertex 26.494426727294922 19.478309631347656 0
      vertex 26.332656860351562 19.43496322631836 1.6999998092651367
      vertex 26.494426727294922 19.478309631347656 1.6999998092651367
    endloop
  endfacet
  facet normal -0.25882071541257184 0.9659253787292911 0
    outer loop
      vertex 26.332656860351562 19.43496322631836 1.6999998092651367
      vertex 26.494426727294922 19.478309631347656 0
      vertex 26.332656860351562 19.43496322631836 0
    endloop
  endfacet
  facet normal -0.15642633013197782 -0.9876896290036873 0
    outer loop
      vertex 26.16724395751953 22.59123420715332 0
      vertex 26.332656860351562 22.56503677368164 1.6999998092651367
      vertex 26.16724395751953 22.59123420715332 1.6999998092651367
    endloop
  endfacet
  facet normal -0.15642633013197782 -0.9876896290036873 0
    outer loop
      vertex 26.332656860351562 22.56503677368164 1.6999998092651367
      vertex 26.16724395751953 22.59123420715332 0
      vertex 26.332656860351562 22.56503677368164 0
    endloop
  endfacet
  facet normal 0.45399299934266624 -0.8910052505725483 0
    outer loop
      vertex 25.200000762939453 22.385639190673828 0
      vertex 25.34922218322754 22.461671829223633 1.6999998092651367
      vertex 25.200000762939453 22.385639190673828 1.6999998092651367
    endloop
  endfacet
  facet normal 0.45399299934266624 -0.8910052505725483 0
    outer loop
      vertex 25.34922218322754 22.461671829223633 1.6999998092651367
      vertex 25.200000762939453 22.385639190673828 0
      vertex 25.34922218322754 22.461671829223633 0
    endloop
  endfacet
  facet normal -0.05233227952159028 0.9986297274365881 0
    outer loop
      vertex 26.16724395751953 19.40876579284668 0
      vertex 26 19.400001525878906 1.6999998092651367
      vertex 26.16724395751953 19.40876579284668 1.6999998092651367
    endloop
  endfacet
  facet normal -0.05233227952159028 0.9986297274365881 0
    outer loop
      vertex 26 19.400001525878906 1.6999998092651367
      vertex 26.16724395751953 19.40876579284668 0
      vertex 26 19.400001525878906 0
    endloop
  endfacet
  facet normal 0.933578470053954 -0.35837304621262817 0
    outer loop
      vertex 24.478309631347656 21.494426727294922 1.6999998092651367
      vertex 24.538328170776367 21.65077781677246 0
      vertex 24.538328170776367 21.65077781677246 1.6999998092651367
    endloop
  endfacet
  facet normal 0.933578470053954 -0.35837304621262817 0
    outer loop
      vertex 24.538328170776367 21.65077781677246 0
      vertex 24.478309631347656 21.494426727294922 1.6999998092651367
      vertex 24.478309631347656 21.494426727294922 0
    endloop
  endfacet
  facet normal 0.8386725195762839 -0.5446360297552559 0
    outer loop
      vertex 24.614360809326172 21.799999237060547 1.6999998092651367
      vertex 24.70557403564453 21.94045639038086 0
      vertex 24.70557403564453 21.94045639038086 1.6999998092651367
    endloop
  endfacet
  facet normal 0.8386725195762839 -0.5446360297552559 0
    outer loop
      vertex 24.70557403564453 21.94045639038086 0
      vertex 24.614360809326172 21.799999237060547 1.6999998092651367
      vertex 24.614360809326172 21.799999237060547 0
    endloop
  endfacet
  facet normal 0.9659253787292911 -0.25882071541257184 0
    outer loop
      vertex 24.43496322631836 21.332656860351562 1.6999998092651367
      vertex 24.478309631347656 21.494426727294922 0
      vertex 24.478309631347656 21.494426727294922 1.6999998092651367
    endloop
  endfacet
  facet normal 0.9659253787292911 -0.25882071541257184 0
    outer loop
      vertex 24.478309631347656 21.494426727294922 0
      vertex 24.43496322631836 21.332656860351562 1.6999998092651367
      vertex 24.43496322631836 21.332656860351562 0
    endloop
  endfacet
  facet normal -0.25882071541257184 -0.9659253787292911 0
    outer loop
      vertex 26.332656860351562 22.56503677368164 0
      vertex 26.494426727294922 22.521690368652344 1.6999998092651367
      vertex 26.332656860351562 22.56503677368164 1.6999998092651367
    endloop
  endfacet
  facet normal -0.25882071541257184 -0.9659253787292911 0
    outer loop
      vertex 26.494426727294922 22.521690368652344 1.6999998092651367
      vertex 26.332656860351562 22.56503677368164 0
      vertex 26.494426727294922 22.521690368652344 0
    endloop
  endfacet
  facet normal -0.9876896290036873 -0.15642633013197782 0
    outer loop
      vertex 27.59123420715332 21.16724395751953 0
      vertex 27.56503677368164 21.332656860351562 1.6999998092651367
      vertex 27.56503677368164 21.332656860351562 0
    endloop
  endfacet
  facet normal -0.9876896290036873 -0.15642633013197782 0
    outer loop
      vertex 27.56503677368164 21.332656860351562 1.6999998092651367
      vertex 27.59123420715332 21.16724395751953 0
      vertex 27.59123420715332 21.16724395751953 1.6999998092651367
    endloop
  endfacet
  facet normal -0.45399299934266624 0.8910052505725483 0
    outer loop
      vertex 26.799999237060547 19.614360809326172 0
      vertex 26.65077781677246 19.538328170776367 1.6999998092651367
      vertex 26.799999237060547 19.614360809326172 1.6999998092651367
    endloop
  endfacet
  facet normal -0.45399299934266624 0.8910052505725483 0
    outer loop
      vertex 26.65077781677246 19.538328170776367 1.6999998092651367
      vertex 26.799999237060547 19.614360809326172 0
      vertex 26.65077781677246 19.538328170776367 0
    endloop
  endfacet
  facet normal -0.777147259680405 -0.6293187878740293 0
    outer loop
      vertex 27.29442596435547 21.94045639038086 0
      vertex 27.18903160095215 22.070608139038086 1.6999998092651367
      vertex 27.18903160095215 22.070608139038086 0
    endloop
  endfacet
  facet normal -0.777147259680405 -0.6293187878740293 0
    outer loop
      vertex 27.18903160095215 22.070608139038086 1.6999998092651367
      vertex 27.29442596435547 21.94045639038086 0
      vertex 27.29442596435547 21.94045639038086 1.6999998092651367
    endloop
  endfacet
  facet normal 0.8910052505725483 0.45399299934266624 0
    outer loop
      vertex 24.614360809326172 20.200000762939453 1.6999998092651367
      vertex 24.538328170776367 20.34922218322754 0
      vertex 24.538328170776367 20.34922218322754 1.6999998092651367
    endloop
  endfacet
  facet normal 0.8910052505725483 0.45399299934266624 0
    outer loop
      vertex 24.538328170776367 20.34922218322754 0
      vertex 24.614360809326172 20.200000762939453 1.6999998092651367
      vertex 24.614360809326172 20.200000762939453 0
    endloop
  endfacet
  facet normal -0.9659253787292911 -0.25882071541257184 0
    outer loop
      vertex 27.56503677368164 21.332656860351562 0
      vertex 27.521690368652344 21.494426727294922 1.6999998092651367
      vertex 27.521690368652344 21.494426727294922 0
    endloop
  endfacet
  facet normal -0.9659253787292911 -0.25882071541257184 0
    outer loop
      vertex 27.521690368652344 21.494426727294922 1.6999998092651367
      vertex 27.56503677368164 21.332656860351562 0
      vertex 27.56503677368164 21.332656860351562 1.6999998092651367
    endloop
  endfacet
  facet normal -0.9659253787292911 0.25882071541257184 0
    outer loop
      vertex 27.521690368652344 20.505573272705078 0
      vertex 27.56503677368164 20.667343139648438 1.6999998092651367
      vertex 27.56503677368164 20.667343139648438 0
    endloop
  endfacet
  facet normal -0.9659253787292911 0.25882071541257184 0
    outer loop
      vertex 27.56503677368164 20.667343139648438 1.6999998092651367
      vertex 27.521690368652344 20.505573272705078 0
      vertex 27.521690368652344 20.505573272705078 1.6999998092651367
    endloop
  endfacet
  facet normal -0.6293187878740293 0.777147259680405 0
    outer loop
      vertex 27.070608139038086 19.81096839904785 0
      vertex 26.94045639038086 19.70557403564453 1.6999998092651367
      vertex 27.070608139038086 19.81096839904785 1.6999998092651367
    endloop
  endfacet
  facet normal -0.6293187878740293 0.777147259680405 0
    outer loop
      vertex 26.94045639038086 19.70557403564453 1.6999998092651367
      vertex 27.070608139038086 19.81096839904785 0
      vertex 26.94045639038086 19.70557403564453 0
    endloop
  endfacet
  facet normal -0.777147259680405 0.6293187878740293 0
    outer loop
      vertex 27.18903160095215 19.929391860961914 0
      vertex 27.29442596435547 20.05954360961914 1.6999998092651367
      vertex 27.29442596435547 20.05954360961914 0
    endloop
  endfacet
  facet normal -0.777147259680405 0.6293187878740293 0
    outer loop
      vertex 27.29442596435547 20.05954360961914 1.6999998092651367
      vertex 27.18903160095215 19.929391860961914 0
      vertex 27.18903160095215 19.929391860961914 1.6999998092651367
    endloop
  endfacet
  facet normal 0.45399299934266624 0.8910052505725483 0
    outer loop
      vertex 25.34922218322754 19.538328170776367 0
      vertex 25.200000762939453 19.614360809326172 1.6999998092651367
      vertex 25.34922218322754 19.538328170776367 1.6999998092651367
    endloop
  endfacet
  facet normal 0.45399299934266624 0.8910052505725483 0
    outer loop
      vertex 25.200000762939453 19.614360809326172 1.6999998092651367
      vertex 25.34922218322754 19.538328170776367 0
      vertex 25.200000762939453 19.614360809326172 0
    endloop
  endfacet
  facet normal -0.6293187878740293 -0.777147259680405 0
    outer loop
      vertex 26.94045639038086 22.29442596435547 0
      vertex 27.070608139038086 22.18903160095215 1.6999998092651367
      vertex 26.94045639038086 22.29442596435547 1.6999998092651367
    endloop
  endfacet
  facet normal -0.6293187878740293 -0.777147259680405 0
    outer loop
      vertex 27.070608139038086 22.18903160095215 1.6999998092651367
      vertex 26.94045639038086 22.29442596435547 0
      vertex 27.070608139038086 22.18903160095215 0
    endloop
  endfacet
  facet normal 0.8910052505725483 -0.45399299934266624 0
    outer loop
      vertex 24.538328170776367 21.65077781677246 1.6999998092651367
      vertex 24.614360809326172 21.799999237060547 0
      vertex 24.614360809326172 21.799999237060547 1.6999998092651367
    endloop
  endfacet
  facet normal 0.8910052505725483 -0.45399299934266624 0
    outer loop
      vertex 24.614360809326172 21.799999237060547 0
      vertex 24.538328170776367 21.65077781677246 1.6999998092651367
      vertex 24.538328170776367 21.65077781677246 0
    endloop
  endfacet
  facet normal 0.9659253787292911 0.25882071541257184 0
    outer loop
      vertex 24.478309631347656 20.505573272705078 1.6999998092651367
      vertex 24.43496322631836 20.667343139648438 0
      vertex 24.43496322631836 20.667343139648438 1.6999998092651367
    endloop
  endfacet
  facet normal 0.9659253787292911 0.25882071541257184 0
    outer loop
      vertex 24.43496322631836 20.667343139648438 0
      vertex 24.478309631347656 20.505573272705078 1.6999998092651367
      vertex 24.478309631347656 20.505573272705078 0
    endloop
  endfacet
  facet normal 0.7071067811865476 -0.7071067811865476 0
    outer loop
      vertex 24.81096839904785 22.070608139038086 1.6999998092651367
      vertex 24.929391860961914 22.18903160095215 0
      vertex 24.929391860961914 22.18903160095215 1.6999998092651367
    endloop
  endfacet
  facet normal 0.7071067811865476 -0.7071067811865476 0
    outer loop
      vertex 24.929391860961914 22.18903160095215 0
      vertex 24.81096839904785 22.070608139038086 1.6999998092651367
      vertex 24.81096839904785 22.070608139038086 0
    endloop
  endfacet
  facet normal 0.9986297274365881 -0.05233227952159028 0
    outer loop
      vertex 24.400001525878906 21 1.6999998092651367
      vertex 24.40876579284668 21.16724395751953 0
      vertex 24.40876579284668 21.16724395751953 1.6999998092651367
    endloop
  endfacet
  facet normal 0.9986297274365881 -0.05233227952159028 0
    outer loop
      vertex 24.40876579284668 21.16724395751953 0
      vertex 24.400001525878906 21 1.6999998092651367
      vertex 24.400001525878906 21 0
    endloop
  endfacet
  facet normal 0.5446360297552559 0.8386725195762839 0
    outer loop
      vertex 25.200000762939453 19.614360809326172 0
      vertex 25.05954360961914 19.70557403564453 1.6999998092651367
      vertex 25.200000762939453 19.614360809326172 1.6999998092651367
    endloop
  endfacet
  facet normal 0.5446360297552559 0.8386725195762839 0
    outer loop
      vertex 25.05954360961914 19.70557403564453 1.6999998092651367
      vertex 25.200000762939453 19.614360809326172 0
      vertex 25.05954360961914 19.70557403564453 0
    endloop
  endfacet
  facet normal 0.05233227952159028 0.9986297274365881 0
    outer loop
      vertex 26 19.400001525878906 0
      vertex 25.83275604248047 19.40876579284668 1.6999998092651367
      vertex 26 19.400001525878906 1.6999998092651367
    endloop
  endfacet
  facet normal 0.05233227952159028 0.9986297274365881 0
    outer loop
      vertex 25.83275604248047 19.40876579284668 1.6999998092651367
      vertex 26 19.400001525878906 0
      vertex 25.83275604248047 19.40876579284668 0
    endloop
  endfacet
  facet normal 0.8386725195762839 0.5446360297552559 0
    outer loop
      vertex 24.70557403564453 20.05954360961914 1.6999998092651367
      vertex 24.614360809326172 20.200000762939453 0
      vertex 24.614360809326172 20.200000762939453 1.6999998092651367
    endloop
  endfacet
  facet normal 0.8386725195762839 0.5446360297552559 0
    outer loop
      vertex 24.614360809326172 20.200000762939453 0
      vertex 24.70557403564453 20.05954360961914 1.6999998092651367
      vertex 24.70557403564453 20.05954360961914 0
    endloop
  endfacet
  facet normal -0.9876880286188215 -0.15643643476845734 0
    outer loop
      vertex 28.78466033935547 21.292678833007812 1.6999998092651367
      vertex 28.738811492919922 21.5821533203125 3.1999998092651367
      vertex 28.738811492919922 21.5821533203125 1.6999998092651367
    endloop
  endfacet
  facet normal -0.9876880286188215 -0.15643643476845734 0
    outer loop
      vertex 28.738811492919922 21.5821533203125 3.1999998092651367
      vertex 28.78466033935547 21.292678833007812 1.6999998092651367
      vertex 28.78466033935547 21.292678833007812 3.1999998092651367
    endloop
  endfacet
  facet normal -0.9986294901681287 -0.05233680699606441 0
    outer loop
      vertex 28.799999237060547 21 1.6999998092651367
      vertex 28.78466033935547 21.292678833007812 3.1999998092651367
      vertex 28.78466033935547 21.292678833007812 1.6999998092651367
    endloop
  endfacet
  facet normal -0.9986294901681287 -0.05233680699606441 0
    outer loop
      vertex 28.78466033935547 21.292678833007812 3.1999998092651367
      vertex 28.799999237060547 21 1.6999998092651367
      vertex 28.799999237060547 21 3.1999998092651367
    endloop
  endfacet
  facet normal -0.8910055733658783 -0.45399236582892294 0
    outer loop
      vertex 28.557926177978516 22.13886260986328 1.6999998092651367
      vertex 28.424869537353516 22.399999618530273 3.1999998092651367
      vertex 28.424869537353516 22.399999618530273 1.6999998092651367
    endloop
  endfacet
  facet normal -0.8910055733658783 -0.45399236582892294 0
    outer loop
      vertex 28.424869537353516 22.399999618530273 3.1999998092651367
      vertex 28.557926177978516 22.13886260986328 1.6999998092651367
      vertex 28.557926177978516 22.13886260986328 3.1999998092651367
    endloop
  endfacet
  facet normal -0.9659267293282522 -0.2588156748908872 0
    outer loop
      vertex 28.738811492919922 21.5821533203125 1.6999998092651367
      vertex 28.6629581451416 21.865245819091797 3.1999998092651367
      vertex 28.6629581451416 21.865245819091797 1.6999998092651367
    endloop
  endfacet
  facet normal -0.9659267293282522 -0.2588156748908872 0
    outer loop
      vertex 28.6629581451416 21.865245819091797 3.1999998092651367
      vertex 28.738811492919922 21.5821533203125 1.6999998092651367
      vertex 28.738811492919922 21.5821533203125 3.1999998092651367
    endloop
  endfacet
  facet normal -0.45399236582892294 -0.8910055733658783 0
    outer loop
      vertex 27.13886260986328 23.557926177978516 1.6999998092651367
      vertex 27.399999618530273 23.424869537353516 3.1999998092651367
      vertex 27.13886260986328 23.557926177978516 3.1999998092651367
    endloop
  endfacet
  facet normal -0.45399236582892294 -0.8910055733658783 0
    outer loop
      vertex 27.399999618530273 23.424869537353516 3.1999998092651367
      vertex 27.13886260986328 23.557926177978516 1.6999998092651367
      vertex 27.399999618530273 23.424869537353516 1.6999998092651367
    endloop
  endfacet
  facet normal -0.7071067811865476 0.7071067811865476 0
    outer loop
      vertex 27.873565673828125 18.9191951751709 1.6999998092651367
      vertex 28.0808048248291 19.126434326171875 3.1999998092651367
      vertex 28.0808048248291 19.126434326171875 1.6999998092651367
    endloop
  endfacet
  facet normal -0.7071067811865476 0.7071067811865476 0
    outer loop
      vertex 28.0808048248291 19.126434326171875 3.1999998092651367
      vertex 27.873565673828125 18.9191951751709 1.6999998092651367
      vertex 27.873565673828125 18.9191951751709 3.1999998092651367
    endloop
  endfacet
  facet normal 0.9986294901681287 0.05233680699606441 0
    outer loop
      vertex 23.21533966064453 20.707321166992188 3.1999998092651367
      vertex 23.200000762939453 21 1.6999998092651367
      vertex 23.200000762939453 21 3.1999998092651367
    endloop
  endfacet
  facet normal 0.9986294901681287 0.05233680699606441 0
    outer loop
      vertex 23.200000762939453 21 1.6999998092651367
      vertex 23.21533966064453 20.707321166992188 3.1999998092651367
      vertex 23.21533966064453 20.707321166992188 1.6999998092651367
    endloop
  endfacet
  facet normal 0.8386720754559689 -0.544636713645323 0
    outer loop
      vertex 23.575130462646484 22.399999618530273 3.1999998092651367
      vertex 23.734752655029297 22.645797729492188 1.6999998092651367
      vertex 23.734752655029297 22.645797729492188 3.1999998092651367
    endloop
  endfacet
  facet normal 0.8386720754559689 -0.544636713645323 0
    outer loop
      vertex 23.734752655029297 22.645797729492188 1.6999998092651367
      vertex 23.575130462646484 22.399999618530273 3.1999998092651367
      vertex 23.575130462646484 22.399999618530273 1.6999998092651367
    endloop
  endfacet
  facet normal -0.9876880286188215 0.15643643476845734 0
    outer loop
      vertex 28.738811492919922 20.4178466796875 1.6999998092651367
      vertex 28.78466033935547 20.707321166992188 3.1999998092651367
      vertex 28.78466033935547 20.707321166992188 1.6999998092651367
    endloop
  endfacet
  facet normal -0.9876880286188215 0.15643643476845734 0
    outer loop
      vertex 28.78466033935547 20.707321166992188 3.1999998092651367
      vertex 28.738811492919922 20.4178466796875 1.6999998092651367
      vertex 28.738811492919922 20.4178466796875 3.1999998092651367
    endloop
  endfacet
  facet normal 0.8910055733658783 -0.45399236582892294 0
    outer loop
      vertex 23.442073822021484 22.13886260986328 3.1999998092651367
      vertex 23.575130462646484 22.399999618530273 1.6999998092651367
      vertex 23.575130462646484 22.399999618530273 3.1999998092651367
    endloop
  endfacet
  facet normal 0.8910055733658783 -0.45399236582892294 0
    outer loop
      vertex 23.575130462646484 22.399999618530273 1.6999998092651367
      vertex 23.442073822021484 22.13886260986328 3.1999998092651367
      vertex 23.442073822021484 22.13886260986328 1.6999998092651367
    endloop
  endfacet
  facet normal -0.544636713645323 -0.8386720754559689 0
    outer loop
      vertex 27.399999618530273 23.424869537353516 1.6999998092651367
      vertex 27.645797729492188 23.265247344970703 3.1999998092651367
      vertex 27.399999618530273 23.424869537353516 3.1999998092651367
    endloop
  endfacet
  facet normal -0.544636713645323 -0.8386720754559689 0
    outer loop
      vertex 27.645797729492188 23.265247344970703 3.1999998092651367
      vertex 27.399999618530273 23.424869537353516 1.6999998092651367
      vertex 27.645797729492188 23.265247344970703 1.6999998092651367
    endloop
  endfacet
  facet normal 0.9876880286188215 -0.15643643476845734 0
    outer loop
      vertex 23.21533966064453 21.292678833007812 3.1999998092651367
      vertex 23.261188507080078 21.5821533203125 1.6999998092651367
      vertex 23.261188507080078 21.5821533203125 3.1999998092651367
    endloop
  endfacet
  facet normal 0.9876880286188215 -0.15643643476845734 0
    outer loop
      vertex 23.261188507080078 21.5821533203125 1.6999998092651367
      vertex 23.21533966064453 21.292678833007812 3.1999998092651367
      vertex 23.21533966064453 21.292678833007812 1.6999998092651367
    endloop
  endfacet
  facet normal 0.9335800591456505 0.3583689065273435 0
    outer loop
      vertex 23.442073822021484 19.86113739013672 3.1999998092651367
      vertex 23.3370418548584 20.134754180908203 1.6999998092651367
      vertex 23.3370418548584 20.134754180908203 3.1999998092651367
    endloop
  endfacet
  facet normal 0.9335800591456505 0.3583689065273435 0
    outer loop
      vertex 23.3370418548584 20.134754180908203 1.6999998092651367
      vertex 23.442073822021484 19.86113739013672 3.1999998092651367
      vertex 23.442073822021484 19.86113739013672 1.6999998092651367
    endloop
  endfacet
  facet normal 0.45399236582892294 -0.8910055733658783 0
    outer loop
      vertex 24.600000381469727 23.424869537353516 1.6999998092651367
      vertex 24.86113739013672 23.557926177978516 3.1999998092651367
      vertex 24.600000381469727 23.424869537353516 3.1999998092651367
    endloop
  endfacet
  facet normal 0.45399236582892294 -0.8910055733658783 0
    outer loop
      vertex 24.86113739013672 23.557926177978516 3.1999998092651367
      vertex 24.600000381469727 23.424869537353516 1.6999998092651367
      vertex 24.86113739013672 23.557926177978516 1.6999998092651367
    endloop
  endfacet
  facet normal 0.15643643476845734 -0.9876880286188215 0
    outer loop
      vertex 25.4178466796875 23.738811492919922 1.6999998092651367
      vertex 25.707321166992188 23.78466033935547 3.1999998092651367
      vertex 25.4178466796875 23.738811492919922 3.1999998092651367
    endloop
  endfacet
  facet normal 0.15643643476845734 -0.9876880286188215 0
    outer loop
      vertex 25.707321166992188 23.78466033935547 3.1999998092651367
      vertex 25.4178466796875 23.738811492919922 1.6999998092651367
      vertex 25.707321166992188 23.78466033935547 1.6999998092651367
    endloop
  endfacet
  facet normal 0.6293197224434917 -0.777146502883238 0
    outer loop
      vertex 24.126434326171875 23.0808048248291 1.6999998092651367
      vertex 24.354202270507812 23.265247344970703 3.1999998092651367
      vertex 24.126434326171875 23.0808048248291 3.1999998092651367
    endloop
  endfacet
  facet normal 0.6293197224434917 -0.777146502883238 0
    outer loop
      vertex 24.354202270507812 23.265247344970703 3.1999998092651367
      vertex 24.126434326171875 23.0808048248291 1.6999998092651367
      vertex 24.354202270507812 23.265247344970703 1.6999998092651367
    endloop
  endfacet
  facet normal 0.6293197224434917 0.777146502883238 0
    outer loop
      vertex 24.354202270507812 18.734752655029297 1.6999998092651367
      vertex 24.126434326171875 18.9191951751709 3.1999998092651367
      vertex 24.354202270507812 18.734752655029297 3.1999998092651367
    endloop
  endfacet
  facet normal 0.6293197224434917 0.777146502883238 0
    outer loop
      vertex 24.126434326171875 18.9191951751709 3.1999998092651367
      vertex 24.354202270507812 18.734752655029297 1.6999998092651367
      vertex 24.126434326171875 18.9191951751709 1.6999998092651367
    endloop
  endfacet
  facet normal -0.9335800591456505 0.3583689065273435 0
    outer loop
      vertex 28.557926177978516 19.86113739013672 1.6999998092651367
      vertex 28.6629581451416 20.134754180908203 3.1999998092651367
      vertex 28.6629581451416 20.134754180908203 1.6999998092651367
    endloop
  endfacet
  facet normal -0.9335800591456505 0.3583689065273435 0
    outer loop
      vertex 28.6629581451416 20.134754180908203 3.1999998092651367
      vertex 28.557926177978516 19.86113739013672 1.6999998092651367
      vertex 28.557926177978516 19.86113739013672 3.1999998092651367
    endloop
  endfacet
  facet normal -0.8386720754559689 -0.544636713645323 0
    outer loop
      vertex 28.424869537353516 22.399999618530273 1.6999998092651367
      vertex 28.265247344970703 22.645797729492188 3.1999998092651367
      vertex 28.265247344970703 22.645797729492188 1.6999998092651367
    endloop
  endfacet
  facet normal -0.8386720754559689 -0.544636713645323 0
    outer loop
      vertex 28.265247344970703 22.645797729492188 3.1999998092651367
      vertex 28.424869537353516 22.399999618530273 1.6999998092651367
      vertex 28.424869537353516 22.399999618530273 3.1999998092651367
    endloop
  endfacet
  facet normal 0.2588156748908872 -0.9659267293282522 0
    outer loop
      vertex 25.134754180908203 23.6629581451416 1.6999998092651367
      vertex 25.4178466796875 23.738811492919922 3.1999998092651367
      vertex 25.134754180908203 23.6629581451416 3.1999998092651367
    endloop
  endfacet
  facet normal 0.2588156748908872 -0.9659267293282522 0
    outer loop
      vertex 25.4178466796875 23.738811492919922 3.1999998092651367
      vertex 25.134754180908203 23.6629581451416 1.6999998092651367
      vertex 25.4178466796875 23.738811492919922 1.6999998092651367
    endloop
  endfacet
  facet normal 0.2588156748908872 0.9659267293282522 0
    outer loop
      vertex 25.4178466796875 18.261188507080078 1.6999998092651367
      vertex 25.134754180908203 18.3370418548584 3.1999998092651367
      vertex 25.4178466796875 18.261188507080078 3.1999998092651367
    endloop
  endfacet
  facet normal 0.2588156748908872 0.9659267293282522 0
    outer loop
      vertex 25.134754180908203 18.3370418548584 3.1999998092651367
      vertex 25.4178466796875 18.261188507080078 1.6999998092651367
      vertex 25.134754180908203 18.3370418548584 1.6999998092651367
    endloop
  endfacet
  facet normal 0.3583689065273435 0.9335800591456505 0
    outer loop
      vertex 25.134754180908203 18.3370418548584 1.6999998092651367
      vertex 24.86113739013672 18.442073822021484 3.1999998092651367
      vertex 25.134754180908203 18.3370418548584 3.1999998092651367
    endloop
  endfacet
  facet normal 0.3583689065273435 0.9335800591456505 0
    outer loop
      vertex 24.86113739013672 18.442073822021484 3.1999998092651367
      vertex 25.134754180908203 18.3370418548584 1.6999998092651367
      vertex 24.86113739013672 18.442073822021484 1.6999998092651367
    endloop
  endfacet
  facet normal 0.05233680699606441 -0.9986294901681287 0
    outer loop
      vertex 25.707321166992188 23.78466033935547 1.6999998092651367
      vertex 26 23.799999237060547 3.1999998092651367
      vertex 25.707321166992188 23.78466033935547 3.1999998092651367
    endloop
  endfacet
  facet normal 0.05233680699606441 -0.9986294901681287 0
    outer loop
      vertex 26 23.799999237060547 3.1999998092651367
      vertex 25.707321166992188 23.78466033935547 1.6999998092651367
      vertex 26 23.799999237060547 1.6999998092651367
    endloop
  endfacet
  facet normal -0.9986294901681287 0.05233680699606441 0
    outer loop
      vertex 28.78466033935547 20.707321166992188 1.6999998092651367
      vertex 28.799999237060547 21 3.1999998092651367
      vertex 28.799999237060547 21 1.6999998092651367
    endloop
  endfacet
  facet normal -0.9986294901681287 0.05233680699606441 0
    outer loop
      vertex 28.799999237060547 21 3.1999998092651367
      vertex 28.78466033935547 20.707321166992188 1.6999998092651367
      vertex 28.78466033935547 20.707321166992188 3.1999998092651367
    endloop
  endfacet
  facet normal -0.3583689065273435 -0.9335800591456505 0
    outer loop
      vertex 26.865245819091797 23.6629581451416 1.6999998092651367
      vertex 27.13886260986328 23.557926177978516 3.1999998092651367
      vertex 26.865245819091797 23.6629581451416 3.1999998092651367
    endloop
  endfacet
  facet normal -0.3583689065273435 -0.9335800591456505 0
    outer loop
      vertex 27.13886260986328 23.557926177978516 3.1999998092651367
      vertex 26.865245819091797 23.6629581451416 1.6999998092651367
      vertex 27.13886260986328 23.557926177978516 1.6999998092651367
    endloop
  endfacet
  facet normal 0.9986294901681287 -0.05233680699606441 0
    outer loop
      vertex 23.200000762939453 21 3.1999998092651367
      vertex 23.21533966064453 21.292678833007812 1.6999998092651367
      vertex 23.21533966064453 21.292678833007812 3.1999998092651367
    endloop
  endfacet
  facet normal 0.9986294901681287 -0.05233680699606441 0
    outer loop
      vertex 23.21533966064453 21.292678833007812 1.6999998092651367
      vertex 23.200000762939453 21 3.1999998092651367
      vertex 23.200000762939453 21 1.6999998092651367
    endloop
  endfacet
  facet normal 0 0 1
    outer loop
      vertex 27.599998474121094 21 1.6999998092651367
      vertex 28.799999237060547 21 1.6999998092651367
      vertex 28.78466033935547 21.292678833007812 1.6999998092651367
    endloop
  endfacet
  facet normal 0 0 1
    outer loop
      vertex 27.59123420715332 21.16724395751953 1.6999998092651367
      vertex 28.78466033935547 21.292678833007812 1.6999998092651367
      vertex 28.738811492919922 21.5821533203125 1.6999998092651367
    endloop
  endfacet
  facet normal 0 0 1
    outer loop
      vertex 28.799999237060547 21 1.6999998092651367
      vertex 27.599998474121094 21 1.6999998092651367
      vertex 28.78466033935547 20.707321166992188 1.6999998092651367
    endloop
  endfacet
  facet normal 0 0 1
    outer loop
      vertex 27.56503677368164 21.332656860351562 1.6999998092651367
      vertex 28.738811492919922 21.5821533203125 1.6999998092651367
      vertex 28.6629581451416 21.865245819091797 1.6999998092651367
    endloop
  endfacet
  facet normal 0 0 1
    outer loop
      vertex 27.59123420715332 20.83275604248047 1.6999998092651367
      vertex 28.78466033935547 20.707321166992188 1.6999998092651367
      vertex 27.599998474121094 21 1.6999998092651367
    endloop
  endfacet
  facet normal 0 0 1
    outer loop
      vertex 27.521690368652344 21.494426727294922 1.6999998092651367
      vertex 28.6629581451416 21.865245819091797 1.6999998092651367
      vertex 28.557926177978516 22.13886260986328 1.6999998092651367
    endloop
  endfacet
  facet normal 0 0 1
    outer loop
      vertex 28.78466033935547 20.707321166992188 1.6999998092651367
      vertex 27.59123420715332 20.83275604248047 1.6999998092651367
      vertex 28.738811492919922 20.4178466796875 1.6999998092651367
    endloop
  endfacet
  facet normal 0 0 1
    outer loop
      vertex 27.461671829223633 21.65077781677246 1.6999998092651367
      vertex 28.557926177978516 22.13886260986328 1.6999998092651367
      vertex 28.424869537353516 22.399999618530273 1.6999998092651367
    endloop
  endfacet
  facet normal 0 0 1
    outer loop
      vertex 27.56503677368164 20.667343139648438 1.6999998092651367
      vertex 28.738811492919922 20.4178466796875 1.6999998092651367
      vertex 27.59123420715332 20.83275604248047 1.6999998092651367
    endloop
  endfacet
  facet normal 0 0 1
    outer loop
      vertex 27.385639190673828 21.799999237060547 1.6999998092651367
      vertex 28.424869537353516 22.399999618530273 1.6999998092651367
      vertex 28.265247344970703 22.645797729492188 1.6999998092651367
    endloop
  endfacet
  facet normal 0 0 1
    outer loop
      vertex 28.738811492919922 20.4178466796875 1.6999998092651367
      vertex 27.56503677368164 20.667343139648438 1.6999998092651367
      vertex 28.6629581451416 20.134754180908203 1.6999998092651367
    endloop
  endfacet
  facet normal 0 0 1
    outer loop
      vertex 27.29442596435547 21.94045639038086 1.6999998092651367
      vertex 28.265247344970703 22.645797729492188 1.6999998092651367
      vertex 28.0808048248291 22.873565673828125 1.6999998092651367
    endloop
  endfacet
  facet normal 0 0 1
    outer loop
      vertex 27.521690368652344 20.505573272705078 1.6999998092651367
      vertex 28.6629581451416 20.134754180908203 1.6999998092651367
      vertex 27.56503677368164 20.667343139648438 1.6999998092651367
    endloop
  endfacet
  facet normal 0 0 1
    outer loop
      vertex 27.18903160095215 22.070608139038086 1.6999998092651367
      vertex 28.0808048248291 22.873565673828125 1.6999998092651367
      vertex 27.873565673828125 23.0808048248291 1.6999998092651367
    endloop
  endfacet
  facet normal 0 0 1
    outer loop
      vertex 28.6629581451416 20.134754180908203 1.6999998092651367
      vertex 27.521690368652344 20.505573272705078 1.6999998092651367
      vertex 28.557926177978516 19.86113739013672 1.6999998092651367
    endloop
  endfacet
  facet normal 0 0 1
    outer loop
      vertex 27.070608139038086 22.18903160095215 1.6999998092651367
      vertex 27.873565673828125 23.0808048248291 1.6999998092651367
      vertex 27.645797729492188 23.265247344970703 1.6999998092651367
    endloop
  endfacet
  facet normal 0 0 1
    outer loop
      vertex 27.461671829223633 20.34922218322754 1.6999998092651367
      vertex 28.557926177978516 19.86113739013672 1.6999998092651367
      vertex 27.521690368652344 20.505573272705078 1.6999998092651367
    endloop
  endfacet
  facet normal 0 0 1
    outer loop
      vertex 28.557926177978516 19.86113739013672 1.6999998092651367
      vertex 27.461671829223633 20.34922218322754 1.6999998092651367
      vertex 28.424869537353516 19.600000381469727 1.6999998092651367
    endloop
  endfacet
  facet normal 0 0 1
    outer loop
      vertex 28.78466033935547 21.292678833007812 1.6999998092651367
      vertex 27.59123420715332 21.16724395751953 1.6999998092651367
      vertex 27.599998474121094 21 1.6999998092651367
    endloop
  endfacet
  facet normal 0 0 1
    outer loop
      vertex 28.738811492919922 21.5821533203125 1.6999998092651367
      vertex 27.56503677368164 21.332656860351562 1.6999998092651367
      vertex 27.59123420715332 21.16724395751953 1.6999998092651367
    endloop
  endfacet
  facet normal 0 0 1
    outer loop
      vertex 28.6629581451416 21.865245819091797 1.6999998092651367
      vertex 27.521690368652344 21.494426727294922 1.6999998092651367
      vertex 27.56503677368164 21.332656860351562 1.6999998092651367
    endloop
  endfacet
  facet normal 0 0 1
    outer loop
      vertex 28.557926177978516 22.13886260986328 1.6999998092651367
      vertex 27.461671829223633 21.65077781677246 1.6999998092651367
      vertex 27.521690368652344 21.494426727294922 1.6999998092651367
    endloop
  endfacet
  facet normal 0 0 1
    outer loop
      vertex 26.94045639038086 22.29442596435547 1.6999998092651367
      vertex 27.645797729492188 23.265247344970703 1.6999998092651367
      vertex 27.399999618530273 23.424869537353516 1.6999998092651367
    endloop
  endfacet
  facet normal 0 0 1
    outer loop
      vertex 28.424869537353516 22.399999618530273 1.6999998092651367
      vertex 27.385639190673828 21.799999237060547 1.6999998092651367
      vertex 27.461671829223633 21.65077781677246 1.6999998092651367
    endloop
  endfacet
  facet normal 0 0 1
    outer loop
      vertex 28.265247344970703 22.645797729492188 1.6999998092651367
      vertex 27.29442596435547 21.94045639038086 1.6999998092651367
      vertex 27.385639190673828 21.799999237060547 1.6999998092651367
    endloop
  endfacet
  facet normal 0 0 1
    outer loop
      vertex 28.0808048248291 22.873565673828125 1.6999998092651367
      vertex 27.18903160095215 22.070608139038086 1.6999998092651367
      vertex 27.29442596435547 21.94045639038086 1.6999998092651367
    endloop
  endfacet
  facet normal 0 0 1
    outer loop
      vertex 26.799999237060547 22.385639190673828 1.6999998092651367
      vertex 27.399999618530273 23.424869537353516 1.6999998092651367
      vertex 27.13886260986328 23.557926177978516 1.6999998092651367
    endloop
  endfacet
  facet normal 0 0 1
    outer loop
      vertex 27.873565673828125 23.0808048248291 1.6999998092651367
      vertex 27.070608139038086 22.18903160095215 1.6999998092651367
      vertex 27.18903160095215 22.070608139038086 1.6999998092651367
    endloop
  endfacet
  facet normal 0 0 1
    outer loop
      vertex 27.645797729492188 23.265247344970703 1.6999998092651367
      vertex 26.94045639038086 22.29442596435547 1.6999998092651367
      vertex 27.070608139038086 22.18903160095215 1.6999998092651367
    endloop
  endfacet
  facet normal 0 0 1
    outer loop
      vertex 26.65077781677246 22.461671829223633 1.6999998092651367
      vertex 27.13886260986328 23.557926177978516 1.6999998092651367
      vertex 26.865245819091797 23.6629581451416 1.6999998092651367
    endloop
  endfacet
  facet normal 0 0 1
    outer loop
      vertex 27.399999618530273 23.424869537353516 1.6999998092651367
      vertex 26.799999237060547 22.385639190673828 1.6999998092651367
      vertex 26.94045639038086 22.29442596435547 1.6999998092651367
    endloop
  endfacet
  facet normal 0 0 1
    outer loop
      vertex 27.13886260986328 23.557926177978516 1.6999998092651367
      vertex 26.65077781677246 22.461671829223633 1.6999998092651367
      vertex 26.799999237060547 22.385639190673828 1.6999998092651367
    endloop
  endfacet
  facet normal 0 0 1
    outer loop
      vertex 26.494426727294922 22.521690368652344 1.6999998092651367
      vertex 26.865245819091797 23.6629581451416 1.6999998092651367
      vertex 26.5821533203125 23.738811492919922 1.6999998092651367
    endloop
  endfacet
  facet normal 0 0 1
    outer loop
      vertex 26.865245819091797 23.6629581451416 1.6999998092651367
      vertex 26.494426727294922 22.521690368652344 1.6999998092651367
      vertex 26.65077781677246 22.461671829223633 1.6999998092651367
    endloop
  endfacet
  facet normal 0 0 1
    outer loop
      vertex 26.5821533203125 23.738811492919922 1.6999998092651367
      vertex 26.332656860351562 22.56503677368164 1.6999998092651367
      vertex 26.494426727294922 22.521690368652344 1.6999998092651367
    endloop
  endfacet
  facet normal 0 0 1
    outer loop
      vertex 26.292678833007812 23.78466033935547 1.6999998092651367
      vertex 26.332656860351562 22.56503677368164 1.6999998092651367
      vertex 26.5821533203125 23.738811492919922 1.6999998092651367
    endloop
  endfacet
  facet normal 0 0 1
    outer loop
      vertex 26.292678833007812 23.78466033935547 1.6999998092651367
      vertex 26.16724395751953 22.59123420715332 1.6999998092651367
      vertex 26.332656860351562 22.56503677368164 1.6999998092651367
    endloop
  endfacet
  facet normal 0 0 1
    outer loop
      vertex 26 23.799999237060547 1.6999998092651367
      vertex 26.16724395751953 22.59123420715332 1.6999998092651367
      vertex 26.292678833007812 23.78466033935547 1.6999998092651367
    endloop
  endfacet
  facet normal 0 0 1
    outer loop
      vertex 26 23.799999237060547 1.6999998092651367
      vertex 26 22.599998474121094 1.6999998092651367
      vertex 26.16724395751953 22.59123420715332 1.6999998092651367
    endloop
  endfacet
  facet normal 0 0 1
    outer loop
      vertex 26 23.799999237060547 1.6999998092651367
      vertex 25.83275604248047 22.59123420715332 1.6999998092651367
      vertex 26 22.599998474121094 1.6999998092651367
    endloop
  endfacet
  facet normal 0 0 1
    outer loop
      vertex 25.707321166992188 23.78466033935547 1.6999998092651367
      vertex 25.83275604248047 22.59123420715332 1.6999998092651367
      vertex 26 23.799999237060547 1.6999998092651367
    endloop
  endfacet
  facet normal 0 0 1
    outer loop
      vertex 25.707321166992188 23.78466033935547 1.6999998092651367
      vertex 25.667343139648438 22.56503677368164 1.6999998092651367
      vertex 25.83275604248047 22.59123420715332 1.6999998092651367
    endloop
  endfacet
  facet normal 0 0 1
    outer loop
      vertex 25.4178466796875 23.738811492919922 1.6999998092651367
      vertex 25.667343139648438 22.56503677368164 1.6999998092651367
      vertex 25.707321166992188 23.78466033935547 1.6999998092651367
    endloop
  endfacet
  facet normal 0 0 1
    outer loop
      vertex 25.667343139648438 22.56503677368164 1.6999998092651367
      vertex 25.4178466796875 23.738811492919922 1.6999998092651367
      vertex 25.505573272705078 22.521690368652344 1.6999998092651367
    endloop
  endfacet
  facet normal 0 0 1
    outer loop
      vertex 25.134754180908203 23.6629581451416 1.6999998092651367
      vertex 25.505573272705078 22.521690368652344 1.6999998092651367
      vertex 25.4178466796875 23.738811492919922 1.6999998092651367
    endloop
  endfacet
  facet normal 0 0 1
    outer loop
      vertex 25.505573272705078 22.521690368652344 1.6999998092651367
      vertex 25.134754180908203 23.6629581451416 1.6999998092651367
      vertex 25.34922218322754 22.461671829223633 1.6999998092651367
    endloop
  endfacet
  facet normal 0 0 1
    outer loop
      vertex 24.86113739013672 23.557926177978516 1.6999998092651367
      vertex 25.34922218322754 22.461671829223633 1.6999998092651367
      vertex 25.134754180908203 23.6629581451416 1.6999998092651367
    endloop
  endfacet
  facet normal 0 0 1
    outer loop
      vertex 25.34922218322754 22.461671829223633 1.6999998092651367
      vertex 24.86113739013672 23.557926177978516 1.6999998092651367
      vertex 25.200000762939453 22.385639190673828 1.6999998092651367
    endloop
  endfacet
  facet normal 0 0 1
    outer loop
      vertex 24.600000381469727 23.424869537353516 1.6999998092651367
      vertex 25.200000762939453 22.385639190673828 1.6999998092651367
      vertex 24.86113739013672 23.557926177978516 1.6999998092651367
    endloop
  endfacet
  facet normal 0 0 1
    outer loop
      vertex 25.200000762939453 22.385639190673828 1.6999998092651367
      vertex 24.600000381469727 23.424869537353516 1.6999998092651367
      vertex 25.05954360961914 22.29442596435547 1.6999998092651367
    endloop
  endfacet
  facet normal 0 0 1
    outer loop
      vertex 24.354202270507812 23.265247344970703 1.6999998092651367
      vertex 25.05954360961914 22.29442596435547 1.6999998092651367
      vertex 24.600000381469727 23.424869537353516 1.6999998092651367
    endloop
  endfacet
  facet normal 0 0 1
    outer loop
      vertex 25.05954360961914 22.29442596435547 1.6999998092651367
      vertex 24.354202270507812 23.265247344970703 1.6999998092651367
      vertex 24.929391860961914 22.18903160095215 1.6999998092651367
    endloop
  endfacet
  facet normal 0 0 1
    outer loop
      vertex 24.126434326171875 23.0808048248291 1.6999998092651367
      vertex 24.929391860961914 22.18903160095215 1.6999998092651367
      vertex 24.354202270507812 23.265247344970703 1.6999998092651367
    endloop
  endfacet
  facet normal 0 0 1
    outer loop
      vertex 24.929391860961914 22.18903160095215 1.6999998092651367
      vertex 24.126434326171875 23.0808048248291 1.6999998092651367
      vertex 24.81096839904785 22.070608139038086 1.6999998092651367
    endloop
  endfacet
  facet normal 0 0 1
    outer loop
      vertex 23.9191951751709 22.873565673828125 1.6999998092651367
      vertex 24.81096839904785 22.070608139038086 1.6999998092651367
      vertex 24.126434326171875 23.0808048248291 1.6999998092651367
    endloop
  endfacet
  facet normal 0 0 1
    outer loop
      vertex 24.81096839904785 22.070608139038086 1.6999998092651367
      vertex 23.9191951751709 22.873565673828125 1.6999998092651367
      vertex 24.70557403564453 21.94045639038086 1.6999998092651367
    endloop
  endfacet
  facet normal 0 0 1
    outer loop
      vertex 23.734752655029297 22.645797729492188 1.6999998092651367
      vertex 24.70557403564453 21.94045639038086 1.6999998092651367
      vertex 23.9191951751709 22.873565673828125 1.6999998092651367
    endloop
  endfacet
  facet normal 0 0 1
    outer loop
      vertex 24.70557403564453 21.94045639038086 1.6999998092651367
      vertex 23.734752655029297 22.645797729492188 1.6999998092651367
      vertex 24.614360809326172 21.799999237060547 1.6999998092651367
    endloop
  endfacet
  facet normal 0 0 1
    outer loop
      vertex 24.614360809326172 21.799999237060547 1.6999998092651367
      vertex 23.575130462646484 22.399999618530273 1.6999998092651367
      vertex 24.538328170776367 21.65077781677246 1.6999998092651367
    endloop
  endfacet
  facet normal 0 0 1
    outer loop
      vertex 23.575130462646484 22.399999618530273 1.6999998092651367
      vertex 24.614360809326172 21.799999237060547 1.6999998092651367
      vertex 23.734752655029297 22.645797729492188 1.6999998092651367
    endloop
  endfacet
  facet normal 0 0 1
    outer loop
      vertex 27.385639190673828 20.200000762939453 1.6999998092651367
      vertex 28.424869537353516 19.600000381469727 1.6999998092651367
      vertex 27.461671829223633 20.34922218322754 1.6999998092651367
    endloop
  endfacet
  facet normal 0 0 1
    outer loop
      vertex 28.424869537353516 19.600000381469727 1.6999998092651367
      vertex 27.385639190673828 20.200000762939453 1.6999998092651367
      vertex 28.265247344970703 19.354202270507812 1.6999998092651367
    endloop
  endfacet
  facet normal 0 0 1
    outer loop
      vertex 27.29442596435547 20.05954360961914 1.6999998092651367
      vertex 28.265247344970703 19.354202270507812 1.6999998092651367
      vertex 27.385639190673828 20.200000762939453 1.6999998092651367
    endloop
  endfacet
  facet normal 0 0 1
    outer loop
      vertex 28.265247344970703 19.354202270507812 1.6999998092651367
      vertex 27.29442596435547 20.05954360961914 1.6999998092651367
      vertex 28.0808048248291 19.126434326171875 1.6999998092651367
    endloop
  endfacet
  facet normal 0 0 1
    outer loop
      vertex 27.18903160095215 19.929391860961914 1.6999998092651367
      vertex 28.0808048248291 19.126434326171875 1.6999998092651367
      vertex 27.29442596435547 20.05954360961914 1.6999998092651367
    endloop
  endfacet
  facet normal 0 0 1
    outer loop
      vertex 28.0808048248291 19.126434326171875 1.6999998092651367
      vertex 27.18903160095215 19.929391860961914 1.6999998092651367
      vertex 27.873565673828125 18.9191951751709 1.6999998092651367
    endloop
  endfacet
  facet normal 0 0 1
    outer loop
      vertex 27.070608139038086 19.81096839904785 1.6999998092651367
      vertex 27.873565673828125 18.9191951751709 1.6999998092651367
      vertex 27.18903160095215 19.929391860961914 1.6999998092651367
    endloop
  endfacet
  facet normal 0 0 1
    outer loop
      vertex 27.873565673828125 18.9191951751709 1.6999998092651367
      vertex 27.070608139038086 19.81096839904785 1.6999998092651367
      vertex 27.645797729492188 18.734752655029297 1.6999998092651367
    endloop
  endfacet
  facet normal 0 0 1
    outer loop
      vertex 26.94045639038086 19.70557403564453 1.6999998092651367
      vertex 27.645797729492188 18.734752655029297 1.6999998092651367
      vertex 27.070608139038086 19.81096839904785 1.6999998092651367
    endloop
  endfacet
  facet normal 0 0 1
    outer loop
      vertex 27.645797729492188 18.734752655029297 1.6999998092651367
      vertex 26.94045639038086 19.70557403564453 1.6999998092651367
      vertex 27.399999618530273 18.575130462646484 1.6999998092651367
    endloop
  endfacet
  facet normal 0 0 1
    outer loop
      vertex 26.799999237060547 19.614360809326172 1.6999998092651367
      vertex 27.399999618530273 18.575130462646484 1.6999998092651367
      vertex 26.94045639038086 19.70557403564453 1.6999998092651367
    endloop
  endfacet
  facet normal 0 0 1
    outer loop
      vertex 27.399999618530273 18.575130462646484 1.6999998092651367
      vertex 26.799999237060547 19.614360809326172 1.6999998092651367
      vertex 27.13886260986328 18.442073822021484 1.6999998092651367
    endloop
  endfacet
  facet normal 0 0 1
    outer loop
      vertex 26.65077781677246 19.538328170776367 1.6999998092651367
      vertex 27.13886260986328 18.442073822021484 1.6999998092651367
      vertex 26.799999237060547 19.614360809326172 1.6999998092651367
    endloop
  endfacet
  facet normal 0 0 1
    outer loop
      vertex 27.13886260986328 18.442073822021484 1.6999998092651367
      vertex 26.65077781677246 19.538328170776367 1.6999998092651367
      vertex 26.865245819091797 18.3370418548584 1.6999998092651367
    endloop
  endfacet
  facet normal 0 0 1
    outer loop
      vertex 26.494426727294922 19.478309631347656 1.6999998092651367
      vertex 26.865245819091797 18.3370418548584 1.6999998092651367
      vertex 26.65077781677246 19.538328170776367 1.6999998092651367
    endloop
  endfacet
  facet normal 0 0 1
    outer loop
      vertex 26.865245819091797 18.3370418548584 1.6999998092651367
      vertex 26.494426727294922 19.478309631347656 1.6999998092651367
      vertex 26.5821533203125 18.261188507080078 1.6999998092651367
    endloop
  endfacet
  facet normal 0 0 1
    outer loop
      vertex 26.332656860351562 19.43496322631836 1.6999998092651367
      vertex 26.5821533203125 18.261188507080078 1.6999998092651367
      vertex 26.494426727294922 19.478309631347656 1.6999998092651367
    endloop
  endfacet
  facet normal 0 0 1
    outer loop
      vertex 26.332656860351562 19.43496322631836 1.6999998092651367
      vertex 26.292678833007812 18.21533966064453 1.6999998092651367
      vertex 26.5821533203125 18.261188507080078 1.6999998092651367
    endloop
  endfacet
  facet normal 0 0 1
    outer loop
      vertex 26.16724395751953 19.40876579284668 1.6999998092651367
      vertex 26.292678833007812 18.21533966064453 1.6999998092651367
      vertex 26.332656860351562 19.43496322631836 1.6999998092651367
    endloop
  endfacet
  facet normal 0 0 1
    outer loop
      vertex 26 19.400001525878906 1.6999998092651367
      vertex 26.292678833007812 18.21533966064453 1.6999998092651367
      vertex 26.16724395751953 19.40876579284668 1.6999998092651367
    endloop
  endfacet
  facet normal 0 0 1
    outer loop
      vertex 26 19.400001525878906 1.6999998092651367
      vertex 26 18.200000762939453 1.6999998092651367
      vertex 26.292678833007812 18.21533966064453 1.6999998092651367
    endloop
  endfacet
  facet normal 0 0 1
    outer loop
      vertex 25.83275604248047 19.40876579284668 1.6999998092651367
      vertex 26 18.200000762939453 1.6999998092651367
      vertex 26 19.400001525878906 1.6999998092651367
    endloop
  endfacet
  facet normal 0 0 1
    outer loop
      vertex 25.83275604248047 19.40876579284668 1.6999998092651367
      vertex 25.707321166992188 18.21533966064453 1.6999998092651367
      vertex 26 18.200000762939453 1.6999998092651367
    endloop
  endfacet
  facet normal 0 0 1
    outer loop
      vertex 25.667343139648438 19.43496322631836 1.6999998092651367
      vertex 25.707321166992188 18.21533966064453 1.6999998092651367
      vertex 25.83275604248047 19.40876579284668 1.6999998092651367
    endloop
  endfacet
  facet normal 0 0 1
    outer loop
      vertex 25.4178466796875 18.261188507080078 1.6999998092651367
      vertex 25.667343139648438 19.43496322631836 1.6999998092651367
      vertex 25.505573272705078 19.478309631347656 1.6999998092651367
    endloop
  endfacet
  facet normal 0 0 1
    outer loop
      vertex 25.667343139648438 19.43496322631836 1.6999998092651367
      vertex 25.4178466796875 18.261188507080078 1.6999998092651367
      vertex 25.707321166992188 18.21533966064453 1.6999998092651367
    endloop
  endfacet
  facet normal 0 0 1
    outer loop
      vertex 25.134754180908203 18.3370418548584 1.6999998092651367
      vertex 25.505573272705078 19.478309631347656 1.6999998092651367
      vertex 25.34922218322754 19.538328170776367 1.6999998092651367
    endloop
  endfacet
  facet normal 0 0 1
    outer loop
      vertex 24.86113739013672 18.442073822021484 1.6999998092651367
      vertex 25.34922218322754 19.538328170776367 1.6999998092651367
      vertex 25.200000762939453 19.614360809326172 1.6999998092651367
    endloop
  endfacet
  facet normal 0 0 1
    outer loop
      vertex 25.505573272705078 19.478309631347656 1.6999998092651367
      vertex 25.134754180908203 18.3370418548584 1.6999998092651367
      vertex 25.4178466796875 18.261188507080078 1.6999998092651367
    endloop
  endfacet
  facet normal 0 0 1
    outer loop
      vertex 24.600000381469727 18.575130462646484 1.6999998092651367
      vertex 25.200000762939453 19.614360809326172 1.6999998092651367
      vertex 25.05954360961914 19.70557403564453 1.6999998092651367
    endloop
  endfacet
  facet normal 0 0 1
    outer loop
      vertex 24.354202270507812 18.734752655029297 1.6999998092651367
      vertex 25.05954360961914 19.70557403564453 1.6999998092651367
      vertex 24.929391860961914 19.81096839904785 1.6999998092651367
    endloop
  endfacet
  facet normal 0 0 1
    outer loop
      vertex 25.34922218322754 19.538328170776367 1.6999998092651367
      vertex 24.86113739013672 18.442073822021484 1.6999998092651367
      vertex 25.134754180908203 18.3370418548584 1.6999998092651367
    endloop
  endfacet
  facet normal 0 0 1
    outer loop
      vertex 24.126434326171875 18.9191951751709 1.6999998092651367
      vertex 24.929391860961914 19.81096839904785 1.6999998092651367
      vertex 24.81096839904785 19.929391860961914 1.6999998092651367
    endloop
  endfacet
  facet normal 0 0 1
    outer loop
      vertex 23.9191951751709 19.126434326171875 1.6999998092651367
      vertex 24.81096839904785 19.929391860961914 1.6999998092651367
      vertex 24.70557403564453 20.05954360961914 1.6999998092651367
    endloop
  endfacet
  facet normal 0 0 1
    outer loop
      vertex 23.734752655029297 19.354202270507812 1.6999998092651367
      vertex 24.70557403564453 20.05954360961914 1.6999998092651367
      vertex 24.614360809326172 20.200000762939453 1.6999998092651367
    endloop
  endfacet
  facet normal 0 0 1
    outer loop
      vertex 25.200000762939453 19.614360809326172 1.6999998092651367
      vertex 24.600000381469727 18.575130462646484 1.6999998092651367
      vertex 24.86113739013672 18.442073822021484 1.6999998092651367
    endloop
  endfacet
  facet normal 0 0 1
    outer loop
      vertex 23.575130462646484 19.600000381469727 1.6999998092651367
      vertex 24.614360809326172 20.200000762939453 1.6999998092651367
      vertex 24.538328170776367 20.34922218322754 1.6999998092651367
    endloop
  endfacet
  facet normal 0 0 1
    outer loop
      vertex 23.442073822021484 19.86113739013672 1.6999998092651367
      vertex 24.538328170776367 20.34922218322754 1.6999998092651367
      vertex 24.478309631347656 20.505573272705078 1.6999998092651367
    endloop
  endfacet
  facet normal 0 0 1
    outer loop
      vertex 23.3370418548584 20.134754180908203 1.6999998092651367
      vertex 24.478309631347656 20.505573272705078 1.6999998092651367
      vertex 24.43496322631836 20.667343139648438 1.6999998092651367
    endloop
  endfacet
  facet normal 0 0 1
    outer loop
      vertex 23.261188507080078 20.4178466796875 1.6999998092651367
      vertex 24.43496322631836 20.667343139648438 1.6999998092651367
      vertex 24.40876579284668 20.83275604248047 1.6999998092651367
    endloop
  endfacet
  facet normal 0 0 1
    outer loop
      vertex 25.05954360961914 19.70557403564453 1.6999998092651367
      vertex 24.354202270507812 18.734752655029297 1.6999998092651367
      vertex 24.600000381469727 18.575130462646484 1.6999998092651367
    endloop
  endfacet
  facet normal 0 0 1
    outer loop
      vertex 23.21533966064453 20.707321166992188 1.6999998092651367
      vertex 24.40876579284668 20.83275604248047 1.6999998092651367
      vertex 24.400001525878906 21 1.6999998092651367
    endloop
  endfacet
  facet normal 0 0 1
    outer loop
      vertex 23.442073822021484 22.13886260986328 1.6999998092651367
      vertex 24.538328170776367 21.65077781677246 1.6999998092651367
      vertex 23.575130462646484 22.399999618530273 1.6999998092651367
    endloop
  endfacet
  facet normal 0 0 1
    outer loop
      vertex 24.538328170776367 21.65077781677246 1.6999998092651367
      vertex 23.442073822021484 22.13886260986328 1.6999998092651367
      vertex 24.478309631347656 21.494426727294922 1.6999998092651367
    endloop
  endfacet
  facet normal 0 0 1
    outer loop
      vertex 24.929391860961914 19.81096839904785 1.6999998092651367
      vertex 24.126434326171875 18.9191951751709 1.6999998092651367
      vertex 24.354202270507812 18.734752655029297 1.6999998092651367
    endloop
  endfacet
  facet normal 0 0 1
    outer loop
      vertex 23.3370418548584 21.865245819091797 1.6999998092651367
      vertex 24.478309631347656 21.494426727294922 1.6999998092651367
      vertex 23.442073822021484 22.13886260986328 1.6999998092651367
    endloop
  endfacet
  facet normal 0 0 1
    outer loop
      vertex 24.81096839904785 19.929391860961914 1.6999998092651367
      vertex 23.9191951751709 19.126434326171875 1.6999998092651367
      vertex 24.126434326171875 18.9191951751709 1.6999998092651367
    endloop
  endfacet
  facet normal 0 0 1
    outer loop
      vertex 24.478309631347656 21.494426727294922 1.6999998092651367
      vertex 23.3370418548584 21.865245819091797 1.6999998092651367
      vertex 24.43496322631836 21.332656860351562 1.6999998092651367
    endloop
  endfacet
  facet normal 0 0 1
    outer loop
      vertex 24.70557403564453 20.05954360961914 1.6999998092651367
      vertex 23.734752655029297 19.354202270507812 1.6999998092651367
      vertex 23.9191951751709 19.126434326171875 1.6999998092651367
    endloop
  endfacet
  facet normal 0 0 1
    outer loop
      vertex 23.261188507080078 21.5821533203125 1.6999998092651367
      vertex 24.43496322631836 21.332656860351562 1.6999998092651367
      vertex 23.3370418548584 21.865245819091797 1.6999998092651367
    endloop
  endfacet
  facet normal 0 0 1
    outer loop
      vertex 24.614360809326172 20.200000762939453 1.6999998092651367
      vertex 23.575130462646484 19.600000381469727 1.6999998092651367
      vertex 23.734752655029297 19.354202270507812 1.6999998092651367
    endloop
  endfacet
  facet normal 0 0 1
    outer loop
      vertex 24.43496322631836 21.332656860351562 1.6999998092651367
      vertex 23.261188507080078 21.5821533203125 1.6999998092651367
      vertex 24.40876579284668 21.16724395751953 1.6999998092651367
    endloop
  endfacet
  facet normal 0 0 1
    outer loop
      vertex 24.538328170776367 20.34922218322754 1.6999998092651367
      vertex 23.442073822021484 19.86113739013672 1.6999998092651367
      vertex 23.575130462646484 19.600000381469727 1.6999998092651367
    endloop
  endfacet
  facet normal 0 0 1
    outer loop
      vertex 23.21533966064453 21.292678833007812 1.6999998092651367
      vertex 24.40876579284668 21.16724395751953 1.6999998092651367
      vertex 23.261188507080078 21.5821533203125 1.6999998092651367
    endloop
  endfacet
  facet normal 0 0 1
    outer loop
      vertex 24.478309631347656 20.505573272705078 1.6999998092651367
      vertex 23.3370418548584 20.134754180908203 1.6999998092651367
      vertex 23.442073822021484 19.86113739013672 1.6999998092651367
    endloop
  endfacet
  facet normal 0 0 1
    outer loop
      vertex 24.40876579284668 21.16724395751953 1.6999998092651367
      vertex 23.21533966064453 21.292678833007812 1.6999998092651367
      vertex 24.400001525878906 21 1.6999998092651367
    endloop
  endfacet
  facet normal 0 0 1
    outer loop
      vertex 24.43496322631836 20.667343139648438 1.6999998092651367
      vertex 23.261188507080078 20.4178466796875 1.6999998092651367
      vertex 23.3370418548584 20.134754180908203 1.6999998092651367
    endloop
  endfacet
  facet normal 0 0 1
    outer loop
      vertex 23.200000762939453 21 1.6999998092651367
      vertex 24.400001525878906 21 1.6999998092651367
      vertex 23.21533966064453 21.292678833007812 1.6999998092651367
    endloop
  endfacet
  facet normal 0 0 1
    outer loop
      vertex 24.40876579284668 20.83275604248047 1.6999998092651367
      vertex 23.21533966064453 20.707321166992188 1.6999998092651367
      vertex 23.261188507080078 20.4178466796875 1.6999998092651367
    endloop
  endfacet
  facet normal 0 0 1
    outer loop
      vertex 24.400001525878906 21 1.6999998092651367
      vertex 23.200000762939453 21 1.6999998092651367
      vertex 23.21533966064453 20.707321166992188 1.6999998092651367
    endloop
  endfacet
  facet normal 0.3583689065273435 -0.9335800591456505 0
    outer loop
      vertex 24.86113739013672 23.557926177978516 1.6999998092651367
      vertex 25.134754180908203 23.6629581451416 3.1999998092651367
      vertex 24.86113739013672 23.557926177978516 3.1999998092651367
    endloop
  endfacet
  facet normal 0.3583689065273435 -0.9335800591456505 0
    outer loop
      vertex 25.134754180908203 23.6629581451416 3.1999998092651367
      vertex 24.86113739013672 23.557926177978516 1.6999998092651367
      vertex 25.134754180908203 23.6629581451416 1.6999998092651367
    endloop
  endfacet
  facet normal 0.8386720754559689 0.544636713645323 0
    outer loop
      vertex 23.734752655029297 19.354202270507812 3.1999998092651367
      vertex 23.575130462646484 19.600000381469727 1.6999998092651367
      vertex 23.575130462646484 19.600000381469727 3.1999998092651367
    endloop
  endfacet
  facet normal 0.8386720754559689 0.544636713645323 0
    outer loop
      vertex 23.575130462646484 19.600000381469727 1.6999998092651367
      vertex 23.734752655029297 19.354202270507812 3.1999998092651367
      vertex 23.734752655029297 19.354202270507812 1.6999998092651367
    endloop
  endfacet
  facet normal -0.15643643476845734 -0.9876880286188215 0
    outer loop
      vertex 26.292678833007812 23.78466033935547 1.6999998092651367
      vertex 26.5821533203125 23.738811492919922 3.1999998092651367
      vertex 26.292678833007812 23.78466033935547 3.1999998092651367
    endloop
  endfacet
  facet normal -0.15643643476845734 -0.9876880286188215 0
    outer loop
      vertex 26.5821533203125 23.738811492919922 3.1999998092651367
      vertex 26.292678833007812 23.78466033935547 1.6999998092651367
      vertex 26.5821533203125 23.738811492919922 1.6999998092651367
    endloop
  endfacet
  facet normal -0.9335800591456505 -0.3583689065273435 0
    outer loop
      vertex 28.6629581451416 21.865245819091797 1.6999998092651367
      vertex 28.557926177978516 22.13886260986328 3.1999998092651367
      vertex 28.557926177978516 22.13886260986328 1.6999998092651367
    endloop
  endfacet
  facet normal -0.9335800591456505 -0.3583689065273435 0
    outer loop
      vertex 28.557926177978516 22.13886260986328 3.1999998092651367
      vertex 28.6629581451416 21.865245819091797 1.6999998092651367
      vertex 28.6629581451416 21.865245819091797 3.1999998092651367
    endloop
  endfacet
  facet normal -0.05233680699606441 -0.9986294901681287 0
    outer loop
      vertex 26 23.799999237060547 1.6999998092651367
      vertex 26.292678833007812 23.78466033935547 3.1999998092651367
      vertex 26 23.799999237060547 3.1999998092651367
    endloop
  endfacet
  facet normal -0.05233680699606441 -0.9986294901681287 0
    outer loop
      vertex 26.292678833007812 23.78466033935547 3.1999998092651367
      vertex 26 23.799999237060547 1.6999998092651367
      vertex 26.292678833007812 23.78466033935547 1.6999998092651367
    endloop
  endfacet
  facet normal -0.7071067811865476 -0.7071067811865476 0
    outer loop
      vertex 28.0808048248291 22.873565673828125 1.6999998092651367
      vertex 27.873565673828125 23.0808048248291 3.1999998092651367
      vertex 27.873565673828125 23.0808048248291 1.6999998092651367
    endloop
  endfacet
  facet normal -0.7071067811865476 -0.7071067811865476 0
    outer loop
      vertex 27.873565673828125 23.0808048248291 3.1999998092651367
      vertex 28.0808048248291 22.873565673828125 1.6999998092651367
      vertex 28.0808048248291 22.873565673828125 3.1999998092651367
    endloop
  endfacet
  facet normal -0.9659267293282522 0.2588156748908872 0
    outer loop
      vertex 28.6629581451416 20.134754180908203 1.6999998092651367
      vertex 28.738811492919922 20.4178466796875 3.1999998092651367
      vertex 28.738811492919922 20.4178466796875 1.6999998092651367
    endloop
  endfacet
  facet normal -0.9659267293282522 0.2588156748908872 0
    outer loop
      vertex 28.738811492919922 20.4178466796875 3.1999998092651367
      vertex 28.6629581451416 20.134754180908203 1.6999998092651367
      vertex 28.6629581451416 20.134754180908203 3.1999998092651367
    endloop
  endfacet
  facet normal -0.6293197224434917 0.777146502883238 0
    outer loop
      vertex 27.873565673828125 18.9191951751709 1.6999998092651367
      vertex 27.645797729492188 18.734752655029297 3.1999998092651367
      vertex 27.873565673828125 18.9191951751709 3.1999998092651367
    endloop
  endfacet
  facet normal -0.6293197224434917 0.777146502883238 0
    outer loop
      vertex 27.645797729492188 18.734752655029297 3.1999998092651367
      vertex 27.873565673828125 18.9191951751709 1.6999998092651367
      vertex 27.645797729492188 18.734752655029297 1.6999998092651367
    endloop
  endfacet
  facet normal -0.8910055733658783 0.45399236582892294 0
    outer loop
      vertex 28.424869537353516 19.600000381469727 1.6999998092651367
      vertex 28.557926177978516 19.86113739013672 3.1999998092651367
      vertex 28.557926177978516 19.86113739013672 1.6999998092651367
    endloop
  endfacet
  facet normal -0.8910055733658783 0.45399236582892294 0
    outer loop
      vertex 28.557926177978516 19.86113739013672 3.1999998092651367
      vertex 28.424869537353516 19.600000381469727 1.6999998092651367
      vertex 28.424869537353516 19.600000381469727 3.1999998092651367
    endloop
  endfacet
  facet normal -0.2588156748908872 0.9659267293282522 0
    outer loop
      vertex 26.865245819091797 18.3370418548584 1.6999998092651367
      vertex 26.5821533203125 18.261188507080078 3.1999998092651367
      vertex 26.865245819091797 18.3370418548584 3.1999998092651367
    endloop
  endfacet
  facet normal -0.2588156748908872 0.9659267293282522 0
    outer loop
      vertex 26.5821533203125 18.261188507080078 3.1999998092651367
      vertex 26.865245819091797 18.3370418548584 1.6999998092651367
      vertex 26.5821533203125 18.261188507080078 1.6999998092651367
    endloop
  endfacet
  facet normal 0.777146502883238 -0.6293197224434917 0
    outer loop
      vertex 23.734752655029297 22.645797729492188 3.1999998092651367
      vertex 23.9191951751709 22.873565673828125 1.6999998092651367
      vertex 23.9191951751709 22.873565673828125 3.1999998092651367
    endloop
  endfacet
  facet normal 0.777146502883238 -0.6293197224434917 0
    outer loop
      vertex 23.9191951751709 22.873565673828125 1.6999998092651367
      vertex 23.734752655029297 22.645797729492188 3.1999998092651367
      vertex 23.734752655029297 22.645797729492188 1.6999998092651367
    endloop
  endfacet
  facet normal -0.6293197224434917 -0.777146502883238 0
    outer loop
      vertex 27.645797729492188 23.265247344970703 1.6999998092651367
      vertex 27.873565673828125 23.0808048248291 3.1999998092651367
      vertex 27.645797729492188 23.265247344970703 3.1999998092651367
    endloop
  endfacet
  facet normal -0.6293197224434917 -0.777146502883238 0
    outer loop
      vertex 27.873565673828125 23.0808048248291 3.1999998092651367
      vertex 27.645797729492188 23.265247344970703 1.6999998092651367
      vertex 27.873565673828125 23.0808048248291 1.6999998092651367
    endloop
  endfacet
  facet normal -0.544636713645323 0.8386720754559689 0
    outer loop
      vertex 27.645797729492188 18.734752655029297 1.6999998092651367
      vertex 27.399999618530273 18.575130462646484 3.1999998092651367
      vertex 27.645797729492188 18.734752655029297 3.1999998092651367
    endloop
  endfacet
  facet normal -0.544636713645323 0.8386720754559689 0
    outer loop
      vertex 27.399999618530273 18.575130462646484 3.1999998092651367
      vertex 27.645797729492188 18.734752655029297 1.6999998092651367
      vertex 27.399999618530273 18.575130462646484 1.6999998092651367
    endloop
  endfacet
  facet normal 0.05233680699606441 0.9986294901681287 0
    outer loop
      vertex 26 18.200000762939453 1.6999998092651367
      vertex 25.707321166992188 18.21533966064453 3.1999998092651367
      vertex 26 18.200000762939453 3.1999998092651367
    endloop
  endfacet
  facet normal 0.05233680699606441 0.9986294901681287 0
    outer loop
      vertex 25.707321166992188 18.21533966064453 3.1999998092651367
      vertex 26 18.200000762939453 1.6999998092651367
      vertex 25.707321166992188 18.21533966064453 1.6999998092651367
    endloop
  endfacet
  facet normal -0.777146502883238 -0.6293197224434917 0
    outer loop
      vertex 28.265247344970703 22.645797729492188 1.6999998092651367
      vertex 28.0808048248291 22.873565673828125 3.1999998092651367
      vertex 28.0808048248291 22.873565673828125 1.6999998092651367
    endloop
  endfacet
  facet normal -0.777146502883238 -0.6293197224434917 0
    outer loop
      vertex 28.0808048248291 22.873565673828125 3.1999998092651367
      vertex 28.265247344970703 22.645797729492188 1.6999998092651367
      vertex 28.265247344970703 22.645797729492188 3.1999998092651367
    endloop
  endfacet
  facet normal 0.9659267293282522 -0.2588156748908872 0
    outer loop
      vertex 23.261188507080078 21.5821533203125 3.1999998092651367
      vertex 23.3370418548584 21.865245819091797 1.6999998092651367
      vertex 23.3370418548584 21.865245819091797 3.1999998092651367
    endloop
  endfacet
  facet normal 0.9659267293282522 -0.2588156748908872 0
    outer loop
      vertex 23.3370418548584 21.865245819091797 1.6999998092651367
      vertex 23.261188507080078 21.5821533203125 3.1999998092651367
      vertex 23.261188507080078 21.5821533203125 1.6999998092651367
    endloop
  endfacet
  facet normal 0.7071067811865476 -0.7071067811865476 0
    outer loop
      vertex 23.9191951751709 22.873565673828125 3.1999998092651367
      vertex 24.126434326171875 23.0808048248291 1.6999998092651367
      vertex 24.126434326171875 23.0808048248291 3.1999998092651367
    endloop
  endfacet
  facet normal 0.7071067811865476 -0.7071067811865476 0
    outer loop
      vertex 24.126434326171875 23.0808048248291 1.6999998092651367
      vertex 23.9191951751709 22.873565673828125 3.1999998092651367
      vertex 23.9191951751709 22.873565673828125 1.6999998092651367
    endloop
  endfacet
  facet normal 0.9876880286188215 0.15643643476845734 0
    outer loop
      vertex 23.261188507080078 20.4178466796875 3.1999998092651367
      vertex 23.21533966064453 20.707321166992188 1.6999998092651367
      vertex 23.21533966064453 20.707321166992188 3.1999998092651367
    endloop
  endfacet
  facet normal 0.9876880286188215 0.15643643476845734 0
    outer loop
      vertex 23.21533966064453 20.707321166992188 1.6999998092651367
      vertex 23.261188507080078 20.4178466796875 3.1999998092651367
      vertex 23.261188507080078 20.4178466796875 1.6999998092651367
    endloop
  endfacet
  facet normal 0.9335800591456505 -0.3583689065273435 0
    outer loop
      vertex 23.3370418548584 21.865245819091797 3.1999998092651367
      vertex 23.442073822021484 22.13886260986328 1.6999998092651367
      vertex 23.442073822021484 22.13886260986328 3.1999998092651367
    endloop
  endfacet
  facet normal 0.9335800591456505 -0.3583689065273435 0
    outer loop
      vertex 23.442073822021484 22.13886260986328 1.6999998092651367
      vertex 23.3370418548584 21.865245819091797 3.1999998092651367
      vertex 23.3370418548584 21.865245819091797 1.6999998092651367
    endloop
  endfacet
  facet normal -0.05233680699606441 0.9986294901681287 0
    outer loop
      vertex 26.292678833007812 18.21533966064453 1.6999998092651367
      vertex 26 18.200000762939453 3.1999998092651367
      vertex 26.292678833007812 18.21533966064453 3.1999998092651367
    endloop
  endfacet
  facet normal -0.05233680699606441 0.9986294901681287 0
    outer loop
      vertex 26 18.200000762939453 3.1999998092651367
      vertex 26.292678833007812 18.21533966064453 1.6999998092651367
      vertex 26 18.200000762939453 1.6999998092651367
    endloop
  endfacet
  facet normal 0.15643643476845734 0.9876880286188215 0
    outer loop
      vertex 25.707321166992188 18.21533966064453 1.6999998092651367
      vertex 25.4178466796875 18.261188507080078 3.1999998092651367
      vertex 25.707321166992188 18.21533966064453 3.1999998092651367
    endloop
  endfacet
  facet normal 0.15643643476845734 0.9876880286188215 0
    outer loop
      vertex 25.4178466796875 18.261188507080078 3.1999998092651367
      vertex 25.707321166992188 18.21533966064453 1.6999998092651367
      vertex 25.4178466796875 18.261188507080078 1.6999998092651367
    endloop
  endfacet
  facet normal -0.777146502883238 0.6293197224434917 0
    outer loop
      vertex 28.0808048248291 19.126434326171875 1.6999998092651367
      vertex 28.265247344970703 19.354202270507812 3.1999998092651367
      vertex 28.265247344970703 19.354202270507812 1.6999998092651367
    endloop
  endfacet
  facet normal -0.777146502883238 0.6293197224434917 0
    outer loop
      vertex 28.265247344970703 19.354202270507812 3.1999998092651367
      vertex 28.0808048248291 19.126434326171875 1.6999998092651367
      vertex 28.0808048248291 19.126434326171875 3.1999998092651367
    endloop
  endfacet
  facet normal 0.9659267293282522 0.2588156748908872 0
    outer loop
      vertex 23.3370418548584 20.134754180908203 3.1999998092651367
      vertex 23.261188507080078 20.4178466796875 1.6999998092651367
      vertex 23.261188507080078 20.4178466796875 3.1999998092651367
    endloop
  endfacet
  facet normal 0.9659267293282522 0.2588156748908872 0
    outer loop
      vertex 23.261188507080078 20.4178466796875 1.6999998092651367
      vertex 23.3370418548584 20.134754180908203 3.1999998092651367
      vertex 23.3370418548584 20.134754180908203 1.6999998092651367
    endloop
  endfacet
  facet normal -0.8386720754559689 0.544636713645323 0
    outer loop
      vertex 28.265247344970703 19.354202270507812 1.6999998092651367
      vertex 28.424869537353516 19.600000381469727 3.1999998092651367
      vertex 28.424869537353516 19.600000381469727 1.6999998092651367
    endloop
  endfacet
  facet normal -0.8386720754559689 0.544636713645323 0
    outer loop
      vertex 28.424869537353516 19.600000381469727 3.1999998092651367
      vertex 28.265247344970703 19.354202270507812 1.6999998092651367
      vertex 28.265247344970703 19.354202270507812 3.1999998092651367
    endloop
  endfacet
  facet normal -0.2588156748908872 -0.9659267293282522 0
    outer loop
      vertex 26.5821533203125 23.738811492919922 1.6999998092651367
      vertex 26.865245819091797 23.6629581451416 3.1999998092651367
      vertex 26.5821533203125 23.738811492919922 3.1999998092651367
    endloop
  endfacet
  facet normal -0.2588156748908872 -0.9659267293282522 0
    outer loop
      vertex 26.865245819091797 23.6629581451416 3.1999998092651367
      vertex 26.5821533203125 23.738811492919922 1.6999998092651367
      vertex 26.865245819091797 23.6629581451416 1.6999998092651367
    endloop
  endfacet
  facet normal 0.777146502883238 0.6293197224434917 0
    outer loop
      vertex 23.9191951751709 19.126434326171875 3.1999998092651367
      vertex 23.734752655029297 19.354202270507812 1.6999998092651367
      vertex 23.734752655029297 19.354202270507812 3.1999998092651367
    endloop
  endfacet
  facet normal 0.777146502883238 0.6293197224434917 0
    outer loop
      vertex 23.734752655029297 19.354202270507812 1.6999998092651367
      vertex 23.9191951751709 19.126434326171875 3.1999998092651367
      vertex 23.9191951751709 19.126434326171875 1.6999998092651367
    endloop
  endfacet
  facet normal 0.45399236582892294 0.8910055733658783 0
    outer loop
      vertex 24.86113739013672 18.442073822021484 1.6999998092651367
      vertex 24.600000381469727 18.575130462646484 3.1999998092651367
      vertex 24.86113739013672 18.442073822021484 3.1999998092651367
    endloop
  endfacet
  facet normal 0.45399236582892294 0.8910055733658783 0
    outer loop
      vertex 24.600000381469727 18.575130462646484 3.1999998092651367
      vertex 24.86113739013672 18.442073822021484 1.6999998092651367
      vertex 24.600000381469727 18.575130462646484 1.6999998092651367
    endloop
  endfacet
  facet normal 0.544636713645323 -0.8386720754559689 0
    outer loop
      vertex 24.354202270507812 23.265247344970703 1.6999998092651367
      vertex 24.600000381469727 23.424869537353516 3.1999998092651367
      vertex 24.354202270507812 23.265247344970703 3.1999998092651367
    endloop
  endfacet
  facet normal 0.544636713645323 -0.8386720754559689 0
    outer loop
      vertex 24.600000381469727 23.424869537353516 3.1999998092651367
      vertex 24.354202270507812 23.265247344970703 1.6999998092651367
      vertex 24.600000381469727 23.424869537353516 1.6999998092651367
    endloop
  endfacet
  facet normal 0.544636713645323 0.8386720754559689 0
    outer loop
      vertex 24.600000381469727 18.575130462646484 1.6999998092651367
      vertex 24.354202270507812 18.734752655029297 3.1999998092651367
      vertex 24.600000381469727 18.575130462646484 3.1999998092651367
    endloop
  endfacet
  facet normal 0.544636713645323 0.8386720754559689 0
    outer loop
      vertex 24.354202270507812 18.734752655029297 3.1999998092651367
      vertex 24.600000381469727 18.575130462646484 1.6999998092651367
      vertex 24.354202270507812 18.734752655029297 1.6999998092651367
    endloop
  endfacet
  facet normal 0.8910055733658783 0.45399236582892294 0
    outer loop
      vertex 23.575130462646484 19.600000381469727 3.1999998092651367
      vertex 23.442073822021484 19.86113739013672 1.6999998092651367
      vertex 23.442073822021484 19.86113739013672 3.1999998092651367
    endloop
  endfacet
  facet normal 0.8910055733658783 0.45399236582892294 0
    outer loop
      vertex 23.442073822021484 19.86113739013672 1.6999998092651367
      vertex 23.575130462646484 19.600000381469727 3.1999998092651367
      vertex 23.575130462646484 19.600000381469727 1.6999998092651367
    endloop
  endfacet
  facet normal -0.45399236582892294 0.8910055733658783 0
    outer loop
      vertex 27.399999618530273 18.575130462646484 1.6999998092651367
      vertex 27.13886260986328 18.442073822021484 3.1999998092651367
      vertex 27.399999618530273 18.575130462646484 3.1999998092651367
    endloop
  endfacet
  facet normal -0.45399236582892294 0.8910055733658783 0
    outer loop
      vertex 27.13886260986328 18.442073822021484 3.1999998092651367
      vertex 27.399999618530273 18.575130462646484 1.6999998092651367
      vertex 27.13886260986328 18.442073822021484 1.6999998092651367
    endloop
  endfacet
  facet normal 0.7071067811865476 0.7071067811865476 0
    outer loop
      vertex 24.126434326171875 18.9191951751709 3.1999998092651367
      vertex 23.9191951751709 19.126434326171875 1.6999998092651367
      vertex 23.9191951751709 19.126434326171875 3.1999998092651367
    endloop
  endfacet
  facet normal 0.7071067811865476 0.7071067811865476 0
    outer loop
      vertex 23.9191951751709 19.126434326171875 1.6999998092651367
      vertex 24.126434326171875 18.9191951751709 3.1999998092651367
      vertex 24.126434326171875 18.9191951751709 1.6999998092651367
    endloop
  endfacet
  facet normal -0.15643643476845734 0.9876880286188215 0
    outer loop
      vertex 26.5821533203125 18.261188507080078 1.6999998092651367
      vertex 26.292678833007812 18.21533966064453 3.1999998092651367
      vertex 26.5821533203125 18.261188507080078 3.1999998092651367
    endloop
  endfacet
  facet normal -0.15643643476845734 0.9876880286188215 0
    outer loop
      vertex 26.292678833007812 18.21533966064453 3.1999998092651367
      vertex 26.5821533203125 18.261188507080078 1.6999998092651367
      vertex 26.292678833007812 18.21533966064453 1.6999998092651367
    endloop
  endfacet
  facet normal -0.3583689065273435 0.9335800591456505 0
    outer loop
      vertex 27.13886260986328 18.442073822021484 1.6999998092651367
      vertex 26.865245819091797 18.3370418548584 3.1999998092651367
      vertex 27.13886260986328 18.442073822021484 3.1999998092651367
    endloop
  endfacet
  facet normal -0.3583689065273435 0.9335800591456505 0
    outer loop
      vertex 26.865245819091797 18.3370418548584 3.1999998092651367
      vertex 27.13886260986328 18.442073822021484 1.6999998092651367
      vertex 26.865245819091797 18.3370418548584 1.6999998092651367
    endloop
  endfacet
  facet normal -0.9986296333495777 -0.05233407490429332 0
    outer loop
      vertex -33.98356628417969 -31.31358528137207 0
      vertex -34 -31 4
      vertex -34 -31 0
    endloop
  endfacet
  facet normal -0.9986296333495777 -0.05233407490429332 0
    outer loop
      vertex -34 -31 4
      vertex -33.98356628417969 -31.31358528137207 0
      vertex -33.98356628417969 -31.31358528137207 4
    endloop
  endfacet
  facet normal 0.9876868564956367 0.1564438349880486 0
    outer loop
      vertex 33.98356628417969 31.31358528137207 4
      vertex 33.93444061279297 31.623733520507812 0
      vertex 33.93444061279297 31.623733520507812 4
    endloop
  endfacet
  facet normal 0.9876868564956367 0.1564438349880486 0
    outer loop
      vertex 33.93444061279297 31.623733520507812 0
      vertex 33.98356628417969 31.31358528137207 4
      vertex 33.98356628417969 31.31358528137207 0
    endloop
  endfacet
  facet normal -0.25881401111867175 0.9659271751269161 0
    outer loop
      vertex -31.623733520507812 33.93444061279297 0
      vertex -31.927051544189453 33.85316848754883 4
      vertex -31.623733520507812 33.93444061279297 4
    endloop
  endfacet
  facet normal -0.25881401111867175 0.9659271751269161 0
    outer loop
      vertex -31.927051544189453 33.85316848754883 4
      vertex -31.623733520507812 33.93444061279297 0
      vertex -31.927051544189453 33.85316848754883 0
    endloop
  endfacet
  facet normal 0 1 0
    outer loop
      vertex 31 34 0
      vertex -31 34 4
      vertex 31 34 4
    endloop
  endfacet
  facet normal 0 1 0
    outer loop
      vertex -31 34 4
      vertex 31 34 0
      vertex -31 34 0
    endloop
  endfacet
  facet normal 0.7071067811865475 0.7071067811865475 0
    outer loop
      vertex 33.229434967041016 33.00739288330078 4
      vertex 33.00739288330078 33.229434967041016 0
      vertex 33.00739288330078 33.229434967041016 4
    endloop
  endfacet
  facet normal 0.7071067811865475 0.7071067811865475 0
    outer loop
      vertex 33.00739288330078 33.229434967041016 0
      vertex 33.229434967041016 33.00739288330078 4
      vertex 33.229434967041016 33.00739288330078 0
    endloop
  endfacet
  facet normal 0.6293180875889532 0.7771478267571637 0
    outer loop
      vertex 33.00739288330078 33.229434967041016 0
      vertex 32.76335525512695 33.42705154418945 4
      vertex 33.00739288330078 33.229434967041016 4
    endloop
  endfacet
  facet normal 0.6293180875889532 0.7771478267571637 0
    outer loop
      vertex 32.76335525512695 33.42705154418945 4
      vertex 33.00739288330078 33.229434967041016 0
      vertex 32.76335525512695 33.42705154418945 0
    endloop
  endfacet
  facet normal -0.8386714114476644 0.5446377361332784 0
    outer loop
      vertex -33.59807586669922 32.5 0
      vertex -33.42705154418945 32.76335525512695 4
      vertex -33.42705154418945 32.76335525512695 0
    endloop
  endfacet
  facet normal -0.8386714114476644 0.5446377361332784 0
    outer loop
      vertex -33.42705154418945 32.76335525512695 4
      vertex -33.59807586669922 32.5 0
      vertex -33.59807586669922 32.5 4
    endloop
  endfacet
  facet normal 0.9876868564956367 -0.1564438349880486 0
    outer loop
      vertex 33.93444061279297 -31.623733520507812 4
      vertex 33.98356628417969 -31.31358528137207 0
      vertex 33.98356628417969 -31.31358528137207 4
    endloop
  endfacet
  facet normal 0.9876868564956367 -0.1564438349880486 0
    outer loop
      vertex 33.98356628417969 -31.31358528137207 0
      vertex 33.93444061279297 -31.623733520507812 4
      vertex 33.93444061279297 -31.623733520507812 0
    endloop
  endfacet
  facet normal 0.8386714114476644 -0.5446377361332784 0
    outer loop
      vertex 33.42705154418945 -32.76335525512695 4
      vertex 33.59807586669922 -32.5 0
      vertex 33.59807586669922 -32.5 4
    endloop
  endfacet
  facet normal 0.8386714114476644 -0.5446377361332784 0
    outer loop
      vertex 33.59807586669922 -32.5 0
      vertex 33.42705154418945 -32.76335525512695 4
      vertex 33.42705154418945 -32.76335525512695 0
    endloop
  endfacet
  facet normal -0.1564438349880486 0.9876868564956367 0
    outer loop
      vertex -31.31358528137207 33.98356628417969 0
      vertex -31.623733520507812 33.93444061279297 4
      vertex -31.31358528137207 33.98356628417969 4
    endloop
  endfacet
  facet normal -0.1564438349880486 0.9876868564956367 0
    outer loop
      vertex -31.623733520507812 33.93444061279297 4
      vertex -31.31358528137207 33.98356628417969 0
      vertex -31.623733520507812 33.93444061279297 0
    endloop
  endfacet
  facet normal 0.7771478267571637 0.6293180875889532 0
    outer loop
      vertex 33.42705154418945 32.76335525512695 4
      vertex 33.229434967041016 33.00739288330078 0
      vertex 33.229434967041016 33.00739288330078 4
    endloop
  endfacet
  facet normal 0.7771478267571637 0.6293180875889532 0
    outer loop
      vertex 33.229434967041016 33.00739288330078 0
      vertex 33.42705154418945 32.76335525512695 4
      vertex 33.42705154418945 32.76335525512695 0
    endloop
  endfacet
  facet normal 0 -1 0
    outer loop
      vertex -31 -34 0
      vertex 31 -34 4
      vertex -31 -34 4
    endloop
  endfacet
  facet normal 0 -1 0
    outer loop
      vertex 31 -34 4
      vertex -31 -34 0
      vertex 31 -34 0
    endloop
  endfacet
  facet normal 0.6293180875889532 -0.7771478267571637 0
    outer loop
      vertex 32.76335525512695 -33.42705154418945 0
      vertex 33.00739288330078 -33.229434967041016 4
      vertex 32.76335525512695 -33.42705154418945 4
    endloop
  endfacet
  facet normal 0.6293180875889532 -0.7771478267571637 0
    outer loop
      vertex 33.00739288330078 -33.229434967041016 4
      vertex 32.76335525512695 -33.42705154418945 0
      vertex 33.00739288330078 -33.229434967041016 0
    endloop
  endfacet
  facet normal 0.25881401111867175 0.9659271751269161 0
    outer loop
      vertex 31.927051544189453 33.85316848754883 0
      vertex 31.623733520507812 33.93444061279297 4
      vertex 31.927051544189453 33.85316848754883 4
    endloop
  endfacet
  facet normal 0.25881401111867175 0.9659271751269161 0
    outer loop
      vertex 31.623733520507812 33.93444061279297 4
      vertex 31.927051544189453 33.85316848754883 0
      vertex 31.623733520507812 33.93444061279297 0
    endloop
  endfacet
  facet normal 0 0 -1
    outer loop
      vertex -24.478309631347656 -20.505573272705078 0
      vertex -5.59999942779541 -5.59999942779541 0
      vertex -24.43496322631836 -20.667343139648438 0
    endloop
  endfacet
  facet normal 0 0 -1
    outer loop
      vertex -5.59999942779541 5.59999942779541 0
      vertex -24.40876579284668 20.83275604248047 0
      vertex -24.400001525878906 21 0
    endloop
  endfacet
  facet normal 0 0 -1
    outer loop
      vertex -24.538328170776367 -20.34922218322754 0
      vertex -5.59999942779541 -5.59999942779541 0
      vertex -24.478309631347656 -20.505573272705078 0
    endloop
  endfacet
  facet normal 0 0 -1
    outer loop
      vertex -5.59999942779541 5.59999942779541 0
      vertex -24.43496322631836 20.667343139648438 0
      vertex -24.40876579284668 20.83275604248047 0
    endloop
  endfacet
  facet normal 0 0 -1
    outer loop
      vertex -24.614360809326172 -20.200000762939453 0
      vertex -5.59999942779541 -5.59999942779541 0
      vertex -24.538328170776367 -20.34922218322754 0
    endloop
  endfacet
  facet normal 0 0 -1
    outer loop
      vertex -5.59999942779541 5.59999942779541 0
      vertex -24.478309631347656 20.505573272705078 0
      vertex -24.43496322631836 20.667343139648438 0
    endloop
  endfacet
  facet normal 0 0 -1
    outer loop
      vertex -24.70557403564453 -20.05954360961914 0
      vertex -5.59999942779541 -5.59999942779541 0
      vertex -24.614360809326172 -20.200000762939453 0
    endloop
  endfacet
  facet normal 0 0 -1
    outer loop
      vertex -5.59999942779541 5.59999942779541 0
      vertex -24.538328170776367 20.34922218322754 0
      vertex -24.478309631347656 20.505573272705078 0
    endloop
  endfacet
  facet normal 0 0 -1
    outer loop
      vertex -24.81096839904785 -19.929391860961914 0
      vertex -5.59999942779541 -5.59999942779541 0
      vertex -24.70557403564453 -20.05954360961914 0
    endloop
  endfacet
  facet normal 0 0 -1
    outer loop
      vertex -5.59999942779541 5.59999942779541 0
      vertex -24.614360809326172 20.200000762939453 0
      vertex -24.538328170776367 20.34922218322754 0
    endloop
  endfacet
  facet normal 0 0 -1
    outer loop
      vertex -24.929391860961914 -19.81096839904785 0
      vertex -5.59999942779541 -5.59999942779541 0
      vertex -24.81096839904785 -19.929391860961914 0
    endloop
  endfacet
  facet normal 0 0 -1
    outer loop
      vertex -5.59999942779541 5.59999942779541 0
      vertex -24.70557403564453 20.05954360961914 0
      vertex -24.614360809326172 20.200000762939453 0
    endloop
  endfacet
  facet normal 0 0 -1
    outer loop
      vertex -25.05954360961914 -19.70557403564453 0
      vertex -5.59999942779541 -5.59999942779541 0
      vertex -24.929391860961914 -19.81096839904785 0
    endloop
  endfacet
  facet normal 0 0 -1
    outer loop
      vertex -5.59999942779541 5.59999942779541 0
      vertex -24.81096839904785 19.929391860961914 0
      vertex -24.70557403564453 20.05954360961914 0
    endloop
  endfacet
  facet normal 0 0 -1
    outer loop
      vertex -25.200000762939453 -19.614360809326172 0
      vertex -5.59999942779541 -5.59999942779541 0
      vertex -25.05954360961914 -19.70557403564453 0
    endloop
  endfacet
  facet normal 0 0 -1
    outer loop
      vertex -5.59999942779541 5.59999942779541 0
      vertex -24.929391860961914 19.81096839904785 0
      vertex -24.81096839904785 19.929391860961914 0
    endloop
  endfacet
  facet normal 0 0 -1
    outer loop
      vertex -25.34922218322754 -19.538328170776367 0
      vertex -5.59999942779541 -5.59999942779541 0
      vertex -25.200000762939453 -19.614360809326172 0
    endloop
  endfacet
  facet normal 0 0 -1
    outer loop
      vertex -5.59999942779541 5.59999942779541 0
      vertex -25.05954360961914 19.70557403564453 0
      vertex -24.929391860961914 19.81096839904785 0
    endloop
  endfacet
  facet normal 0 0 -1
    outer loop
      vertex -25.505573272705078 -19.478309631347656 0
      vertex -5.59999942779541 -5.59999942779541 0
      vertex -25.34922218322754 -19.538328170776367 0
    endloop
  endfacet
  facet normal 0 0 -1
    outer loop
      vertex -5.59999942779541 5.59999942779541 0
      vertex -25.200000762939453 19.614360809326172 0
      vertex -25.05954360961914 19.70557403564453 0
    endloop
  endfacet
  facet normal 0 0 -1
    outer loop
      vertex -25.667343139648438 -19.43496322631836 0
      vertex -5.59999942779541 -5.59999942779541 0
      vertex -25.505573272705078 -19.478309631347656 0
    endloop
  endfacet
  facet normal 0 0 -1
    outer loop
      vertex -5.59999942779541 5.59999942779541 0
      vertex -25.34922218322754 19.538328170776367 0
      vertex -25.200000762939453 19.614360809326172 0
    endloop
  endfacet
  facet normal 0 0 -1
    outer loop
      vertex -25.83275604248047 -19.40876579284668 0
      vertex -5.59999942779541 -5.59999942779541 0
      vertex -25.667343139648438 -19.43496322631836 0
    endloop
  endfacet
  facet normal 0 0 -1
    outer loop
      vertex -5.59999942779541 5.59999942779541 0
      vertex -25.505573272705078 19.478309631347656 0
      vertex -25.34922218322754 19.538328170776367 0
    endloop
  endfacet
  facet normal 0 0 -1
    outer loop
      vertex -5.59999942779541 -5.59999942779541 0
      vertex -25.83275604248047 -19.40876579284668 0
      vertex -5.59999942779541 5.59999942779541 0
    endloop
  endfacet
  facet normal 0 0 -1
    outer loop
      vertex -5.59999942779541 5.59999942779541 0
      vertex -25.667343139648438 19.43496322631836 0
      vertex -25.505573272705078 19.478309631347656 0
    endloop
  endfacet
  facet normal 0 0 -1
    outer loop
      vertex -25.83275604248047 19.40876579284668 0
      vertex -5.59999942779541 5.59999942779541 0
      vertex -25.83275604248047 -19.40876579284668 0
    endloop
  endfacet
  facet normal 0 0 -1
    outer loop
      vertex -5.59999942779541 5.59999942779541 0
      vertex -25.83275604248047 19.40876579284668 0
      vertex -25.667343139648438 19.43496322631836 0
    endloop
  endfacet
  facet normal 0 0 -1
    outer loop
      vertex -26 -19.400001525878906 0
      vertex -25.83275604248047 19.40876579284668 0
      vertex -25.83275604248047 -19.40876579284668 0
    endloop
  endfacet
  facet normal 0 0 -1
    outer loop
      vertex -26 -19.400001525878906 0
      vertex -26 19.400001525878906 0
      vertex -25.83275604248047 19.40876579284668 0
    endloop
  endfacet
  facet normal 0 0 -1
    outer loop
      vertex -26.16724395751953 -19.40876579284668 0
      vertex -26 19.400001525878906 0
      vertex -26 -19.400001525878906 0
    endloop
  endfacet
  facet normal 0 0 -1
    outer loop
      vertex -26.16724395751953 -19.40876579284668 0
      vertex -26.16724395751953 19.40876579284668 0
      vertex -26 19.400001525878906 0
    endloop
  endfacet
  facet normal 0 0 -1
    outer loop
      vertex -26.332656860351562 -19.43496322631836 0
      vertex -26.16724395751953 19.40876579284668 0
      vertex -26.16724395751953 -19.40876579284668 0
    endloop
  endfacet
  facet normal 0 0 -1
    outer loop
      vertex -26.332656860351562 -19.43496322631836 0
      vertex -26.332656860351562 19.43496322631836 0
      vertex -26.16724395751953 19.40876579284668 0
    endloop
  endfacet
  facet normal 0 0 -1
    outer loop
      vertex -26.494426727294922 -19.478309631347656 0
      vertex -26.332656860351562 19.43496322631836 0
      vertex -26.332656860351562 -19.43496322631836 0
    endloop
  endfacet
  facet normal 0 0 -1
    outer loop
      vertex -26.494426727294922 -19.478309631347656 0
      vertex -26.494426727294922 19.478309631347656 0
      vertex -26.332656860351562 19.43496322631836 0
    endloop
  endfacet
  facet normal 0 0 -1
    outer loop
      vertex -26.65077781677246 -19.538328170776367 0
      vertex -26.494426727294922 19.478309631347656 0
      vertex -26.494426727294922 -19.478309631347656 0
    endloop
  endfacet
  facet normal 0 0 -1
    outer loop
      vertex -26.65077781677246 -19.538328170776367 0
      vertex -26.65077781677246 19.538328170776367 0
      vertex -26.494426727294922 19.478309631347656 0
    endloop
  endfacet
  facet normal 0 0 -1
    outer loop
      vertex -26.799999237060547 -19.614360809326172 0
      vertex -26.65077781677246 19.538328170776367 0
      vertex -26.65077781677246 -19.538328170776367 0
    endloop
  endfacet
  facet normal 0 0 -1
    outer loop
      vertex -26.799999237060547 -19.614360809326172 0
      vertex -26.799999237060547 19.614360809326172 0
      vertex -26.65077781677246 19.538328170776367 0
    endloop
  endfacet
  facet normal 0 0 -1
    outer loop
      vertex -26.94045639038086 -19.70557403564453 0
      vertex -26.799999237060547 19.614360809326172 0
      vertex -26.799999237060547 -19.614360809326172 0
    endloop
  endfacet
  facet normal 0 0 -1
    outer loop
      vertex -26.94045639038086 -19.70557403564453 0
      vertex -26.94045639038086 19.70557403564453 0
      vertex -26.799999237060547 19.614360809326172 0
    endloop
  endfacet
  facet normal 0 0 -1
    outer loop
      vertex -27.070608139038086 -19.81096839904785 0
      vertex -26.94045639038086 19.70557403564453 0
      vertex -26.94045639038086 -19.70557403564453 0
    endloop
  endfacet
  facet normal 0 0 -1
    outer loop
      vertex -27.070608139038086 -19.81096839904785 0
      vertex -27.070608139038086 19.81096839904785 0
      vertex -26.94045639038086 19.70557403564453 0
    endloop
  endfacet
  facet normal 0 0 -1
    outer loop
      vertex -27.18903160095215 -19.929391860961914 0
      vertex -27.070608139038086 19.81096839904785 0
      vertex -27.070608139038086 -19.81096839904785 0
    endloop
  endfacet
  facet normal 0 0 -1
    outer loop
      vertex -27.18903160095215 -19.929391860961914 0
      vertex -27.18903160095215 19.929391860961914 0
      vertex -27.070608139038086 19.81096839904785 0
    endloop
  endfacet
  facet normal 0 0 -1
    outer loop
      vertex -27.29442596435547 -20.05954360961914 0
      vertex -27.18903160095215 19.929391860961914 0
      vertex -27.18903160095215 -19.929391860961914 0
    endloop
  endfacet
  facet normal 0 0 -1
    outer loop
      vertex -27.29442596435547 -20.05954360961914 0
      vertex -27.29442596435547 20.05954360961914 0
      vertex -27.18903160095215 19.929391860961914 0
    endloop
  endfacet
  facet normal 0 0 -1
    outer loop
      vertex -27.385639190673828 -20.200000762939453 0
      vertex -27.29442596435547 20.05954360961914 0
      vertex -27.29442596435547 -20.05954360961914 0
    endloop
  endfacet
  facet normal 0 0 -1
    outer loop
      vertex -27.385639190673828 -20.200000762939453 0
      vertex -27.385639190673828 20.200000762939453 0
      vertex -27.29442596435547 20.05954360961914 0
    endloop
  endfacet
  facet normal 0 0 -1
    outer loop
      vertex -27.461671829223633 -20.34922218322754 0
      vertex -27.385639190673828 20.200000762939453 0
      vertex -27.385639190673828 -20.200000762939453 0
    endloop
  endfacet
  facet normal 0 0 -1
    outer loop
      vertex -27.461671829223633 -20.34922218322754 0
      vertex -27.461671829223633 20.34922218322754 0
      vertex -27.385639190673828 20.200000762939453 0
    endloop
  endfacet
  facet normal 0 0 -1
    outer loop
      vertex -34 -31 0
      vertex -27.461671829223633 -20.34922218322754 0
      vertex -27.521690368652344 -20.505573272705078 0
    endloop
  endfacet
  facet normal 0 0 -1
    outer loop
      vertex -27.461671829223633 -20.34922218322754 0
      vertex -34 -31 0
      vertex -27.461671829223633 20.34922218322754 0
    endloop
  endfacet
  facet normal 0 0 -1
    outer loop
      vertex -34 -31 0
      vertex -27.521690368652344 -20.505573272705078 0
      vertex -27.56503677368164 -20.667343139648438 0
    endloop
  endfacet
  facet normal 0 0 -1
    outer loop
      vertex -34 31 0
      vertex -27.461671829223633 20.34922218322754 0
      vertex -34 -31 0
    endloop
  endfacet
  facet normal 0 0 -1
    outer loop
      vertex -34 -31 0
      vertex -27.56503677368164 -20.667343139648438 0
      vertex -27.59123420715332 -20.83275604248047 0
    endloop
  endfacet
  facet normal 0 0 -1
    outer loop
      vertex -27.461671829223633 20.34922218322754 0
      vertex -34 31 0
      vertex -27.521690368652344 20.505573272705078 0
    endloop
  endfacet
  facet normal 0 0 -1
    outer loop
      vertex -34 -31 0
      vertex -27.59123420715332 -20.83275604248047 0
      vertex -27.599998474121094 -21 0
    endloop
  endfacet
  facet normal 0 0 -1
    outer loop
      vertex -27.521690368652344 20.505573272705078 0
      vertex -34 31 0
      vertex -27.56503677368164 20.667343139648438 0
    endloop
  endfacet
  facet normal 0 0 -1
    outer loop
      vertex 27.521690368652344 -20.505573272705078 0
      vertex 34 -31 0
      vertex 27.56503677368164 -20.667343139648438 0
    endloop
  endfacet
  facet normal 0 0 -1
    outer loop
      vertex 34 31 0
      vertex 27.59123420715332 20.83275604248047 0
      vertex 27.599998474121094 21 0
    endloop
  endfacet
  facet normal 0 0 -1
    outer loop
      vertex 27.461671829223633 -20.34922218322754 0
      vertex 34 -31 0
      vertex 27.521690368652344 -20.505573272705078 0
    endloop
  endfacet
  facet normal 0 0 -1
    outer loop
      vertex 34 31 0
      vertex 27.56503677368164 20.667343139648438 0
      vertex 27.59123420715332 20.83275604248047 0
    endloop
  endfacet
  facet normal 0 0 -1
    outer loop
      vertex 34 -31 0
      vertex 27.461671829223633 -20.34922218322754 0
      vertex 34 31 0
    endloop
  endfacet
  facet normal 0 0 -1
    outer loop
      vertex 34 31 0
      vertex 27.521690368652344 20.505573272705078 0
      vertex 27.56503677368164 20.667343139648438 0
    endloop
  endfacet
  facet normal 0 0 -1
    outer loop
      vertex 27.461671829223633 20.34922218322754 0
      vertex 34 31 0
      vertex 27.461671829223633 -20.34922218322754 0
    endloop
  endfacet
  facet normal 0 0 -1
    outer loop
      vertex 34 31 0
      vertex 27.461671829223633 20.34922218322754 0
      vertex 27.521690368652344 20.505573272705078 0
    endloop
  endfacet
  facet normal 0 0 -1
    outer loop
      vertex 27.385639190673828 -20.200000762939453 0
      vertex 27.461671829223633 20.34922218322754 0
      vertex 27.461671829223633 -20.34922218322754 0
    endloop
  endfacet
  facet normal 0 0 -1
    outer loop
      vertex 27.385639190673828 -20.200000762939453 0
      vertex 27.385639190673828 20.200000762939453 0
      vertex 27.461671829223633 20.34922218322754 0
    endloop
  endfacet
  facet normal 0 0 -1
    outer loop
      vertex 27.29442596435547 -20.05954360961914 0
      vertex 27.385639190673828 20.200000762939453 0
      vertex 27.385639190673828 -20.200000762939453 0
    endloop
  endfacet
  facet normal 0 0 -1
    outer loop
      vertex 27.29442596435547 -20.05954360961914 0
      vertex 27.29442596435547 20.05954360961914 0
      vertex 27.385639190673828 20.200000762939453 0
    endloop
  endfacet
  facet normal 0 0 -1
    outer loop
      vertex 27.18903160095215 -19.929391860961914 0
      vertex 27.29442596435547 20.05954360961914 0
      vertex 27.29442596435547 -20.05954360961914 0
    endloop
  endfacet
  facet normal 0 0 -1
    outer loop
      vertex 27.18903160095215 -19.929391860961914 0
      vertex 27.18903160095215 19.929391860961914 0
      vertex 27.29442596435547 20.05954360961914 0
    endloop
  endfacet
  facet normal 0 0 -1
    outer loop
      vertex 27.070608139038086 -19.81096839904785 0
      vertex 27.18903160095215 19.929391860961914 0
      vertex 27.18903160095215 -19.929391860961914 0
    endloop
  endfacet
  facet normal 0 0 -1
    outer loop
      vertex 27.070608139038086 -19.81096839904785 0
      vertex 27.070608139038086 19.81096839904785 0
      vertex 27.18903160095215 19.929391860961914 0
    endloop
  endfacet
  facet normal 0 0 -1
    outer loop
      vertex 26.94045639038086 -19.70557403564453 0
      vertex 27.070608139038086 19.81096839904785 0
      vertex 27.070608139038086 -19.81096839904785 0
    endloop
  endfacet
  facet normal 0 0 -1
    outer loop
      vertex 26.94045639038086 -19.70557403564453 0
      vertex 26.94045639038086 19.70557403564453 0
      vertex 27.070608139038086 19.81096839904785 0
    endloop
  endfacet
  facet normal 0 0 -1
    outer loop
      vertex 26.799999237060547 -19.614360809326172 0
      vertex 26.94045639038086 19.70557403564453 0
      vertex 26.94045639038086 -19.70557403564453 0
    endloop
  endfacet
  facet normal 0 0 -1
    outer loop
      vertex 26.799999237060547 -19.614360809326172 0
      vertex 26.799999237060547 19.614360809326172 0
      vertex 26.94045639038086 19.70557403564453 0
    endloop
  endfacet
  facet normal 0 0 -1
    outer loop
      vertex 26.65077781677246 -19.538328170776367 0
      vertex 26.799999237060547 19.614360809326172 0
      vertex 26.799999237060547 -19.614360809326172 0
    endloop
  endfacet
  facet normal 0 0 -1
    outer loop
      vertex 26.65077781677246 -19.538328170776367 0
      vertex 26.65077781677246 19.538328170776367 0
      vertex 26.799999237060547 19.614360809326172 0
    endloop
  endfacet
  facet normal 0 0 -1
    outer loop
      vertex 26.494426727294922 -19.478309631347656 0
      vertex 26.65077781677246 19.538328170776367 0
      vertex 26.65077781677246 -19.538328170776367 0
    endloop
  endfacet
  facet normal 0 0 -1
    outer loop
      vertex 26.494426727294922 -19.478309631347656 0
      vertex 26.494426727294922 19.478309631347656 0
      vertex 26.65077781677246 19.538328170776367 0
    endloop
  endfacet
  facet normal 0 0 -1
    outer loop
      vertex 26.332656860351562 -19.43496322631836 0
      vertex 26.494426727294922 19.478309631347656 0
      vertex 26.494426727294922 -19.478309631347656 0
    endloop
  endfacet
  facet normal 0 0 -1
    outer loop
      vertex 26.332656860351562 -19.43496322631836 0
      vertex 26.332656860351562 19.43496322631836 0
      vertex 26.494426727294922 19.478309631347656 0
    endloop
  endfacet
  facet normal 0 0 -1
    outer loop
      vertex 26.16724395751953 -19.40876579284668 0
      vertex 26.332656860351562 19.43496322631836 0
      vertex 26.332656860351562 -19.43496322631836 0
    endloop
  endfacet
  facet normal 0 0 -1
    outer loop
      vertex 26.16724395751953 -19.40876579284668 0
      vertex 26.16724395751953 19.40876579284668 0
      vertex 26.332656860351562 19.43496322631836 0
    endloop
  endfacet
  facet normal 0 0 -1
    outer loop
      vertex 26 -19.400001525878906 0
      vertex 26.16724395751953 19.40876579284668 0
      vertex 26.16724395751953 -19.40876579284668 0
    endloop
  endfacet
  facet normal 0 0 -1
    outer loop
      vertex 26 -19.400001525878906 0
      vertex 26 19.400001525878906 0
      vertex 26.16724395751953 19.40876579284668 0
    endloop
  endfacet
  facet normal 0 0 -1
    outer loop
      vertex 25.83275604248047 -19.40876579284668 0
      vertex 26 19.400001525878906 0
      vertex 26 -19.400001525878906 0
    endloop
  endfacet
  facet normal 0 0 -1
    outer loop
      vertex 25.83275604248047 -19.40876579284668 0
      vertex 25.83275604248047 19.40876579284668 0
      vertex 26 19.400001525878906 0
    endloop
  endfacet
  facet normal 0 0 -1
    outer loop
      vertex 5.59999942779541 -5.59999942779541 0
      vertex 25.83275604248047 -19.40876579284668 0
      vertex 25.667343139648438 -19.43496322631836 0
    endloop
  endfacet
  facet normal 0 0 -1
    outer loop
      vertex 25.83275604248047 -19.40876579284668 0
      vertex 5.59999942779541 -5.59999942779541 0
      vertex 25.83275604248047 19.40876579284668 0
    endloop
  endfacet
  facet normal 0 0 -1
    outer loop
      vertex 5.59999942779541 -5.59999942779541 0
      vertex 25.667343139648438 -19.43496322631836 0
      vertex 25.505573272705078 -19.478309631347656 0
    endloop
  endfacet
  facet normal 0 0 -1
    outer loop
      vertex 5.59999942779541 5.59999942779541 0
      vertex 25.83275604248047 19.40876579284668 0
      vertex 5.59999942779541 -5.59999942779541 0
    endloop
  endfacet
  facet normal 0 0 -1
    outer loop
      vertex 5.59999942779541 -5.59999942779541 0
      vertex 25.505573272705078 -19.478309631347656 0
      vertex 25.34922218322754 -19.538328170776367 0
    endloop
  endfacet
  facet normal 0 0 -1
    outer loop
      vertex 25.83275604248047 19.40876579284668 0
      vertex 5.59999942779541 5.59999942779541 0
      vertex 25.667343139648438 19.43496322631836 0
    endloop
  endfacet
  facet normal 0 0 -1
    outer loop
      vertex 5.59999942779541 -5.59999942779541 0
      vertex 25.34922218322754 -19.538328170776367 0
      vertex 25.200000762939453 -19.614360809326172 0
    endloop
  endfacet
  facet normal 0 0 -1
    outer loop
      vertex 25.667343139648438 19.43496322631836 0
      vertex 5.59999942779541 5.59999942779541 0
      vertex 25.505573272705078 19.478309631347656 0
    endloop
  endfacet
  facet normal 0 0 -1
    outer loop
      vertex 5.59999942779541 -5.59999942779541 0
      vertex 25.200000762939453 -19.614360809326172 0
      vertex 25.05954360961914 -19.70557403564453 0
    endloop
  endfacet
  facet normal 0 0 -1
    outer loop
      vertex 25.505573272705078 19.478309631347656 0
      vertex 5.59999942779541 5.59999942779541 0
      vertex 25.34922218322754 19.538328170776367 0
    endloop
  endfacet
  facet normal 0 0 -1
    outer loop
      vertex 5.59999942779541 -5.59999942779541 0
      vertex 25.05954360961914 -19.70557403564453 0
      vertex 24.929391860961914 -19.81096839904785 0
    endloop
  endfacet
  facet normal 0 0 -1
    outer loop
      vertex 25.34922218322754 19.538328170776367 0
      vertex 5.59999942779541 5.59999942779541 0
      vertex 25.200000762939453 19.614360809326172 0
    endloop
  endfacet
  facet normal 0 0 -1
    outer loop
      vertex 5.59999942779541 -5.59999942779541 0
      vertex 24.929391860961914 -19.81096839904785 0
      vertex 24.81096839904785 -19.929391860961914 0
    endloop
  endfacet
  facet normal 0 0 -1
    outer loop
      vertex 25.200000762939453 19.614360809326172 0
      vertex 5.59999942779541 5.59999942779541 0
      vertex 25.05954360961914 19.70557403564453 0
    endloop
  endfacet
  facet normal 0 0 -1
    outer loop
      vertex 5.59999942779541 -5.59999942779541 0
      vertex 24.81096839904785 -19.929391860961914 0
      vertex 24.70557403564453 -20.05954360961914 0
    endloop
  endfacet
  facet normal 0 0 -1
    outer loop
      vertex 25.05954360961914 19.70557403564453 0
      vertex 5.59999942779541 5.59999942779541 0
      vertex 24.929391860961914 19.81096839904785 0
    endloop
  endfacet
  facet normal 0 0 -1
    outer loop
      vertex 5.59999942779541 -5.59999942779541 0
      vertex 24.70557403564453 -20.05954360961914 0
      vertex 24.614360809326172 -20.200000762939453 0
    endloop
  endfacet
  facet normal 0 0 -1
    outer loop
      vertex 24.929391860961914 19.81096839904785 0
      vertex 5.59999942779541 5.59999942779541 0
      vertex 24.81096839904785 19.929391860961914 0
    endloop
  endfacet
  facet normal 0 0 -1
    outer loop
      vertex 5.59999942779541 -5.59999942779541 0
      vertex 24.614360809326172 -20.200000762939453 0
      vertex 24.538328170776367 -20.34922218322754 0
    endloop
  endfacet
  facet normal 0 0 -1
    outer loop
      vertex 24.81096839904785 19.929391860961914 0
      vertex 5.59999942779541 5.59999942779541 0
      vertex 24.70557403564453 20.05954360961914 0
    endloop
  endfacet
  facet normal 0 0 -1
    outer loop
      vertex 5.59999942779541 -5.59999942779541 0
      vertex 24.538328170776367 -20.34922218322754 0
      vertex 24.478309631347656 -20.505573272705078 0
    endloop
  endfacet
  facet normal 0 0 -1
    outer loop
      vertex 24.70557403564453 20.05954360961914 0
      vertex 5.59999942779541 5.59999942779541 0
      vertex 24.614360809326172 20.200000762939453 0
    endloop
  endfacet
  facet normal 0 0 -1
    outer loop
      vertex 5.59999942779541 -5.59999942779541 0
      vertex 24.478309631347656 -20.505573272705078 0
      vertex 24.43496322631836 -20.667343139648438 0
    endloop
  endfacet
  facet normal 0 0 -1
    outer loop
      vertex 24.614360809326172 20.200000762939453 0
      vertex 5.59999942779541 5.59999942779541 0
      vertex 24.538328170776367 20.34922218322754 0
    endloop
  endfacet
  facet normal 0 0 -1
    outer loop
      vertex 5.59999942779541 -5.59999942779541 0
      vertex 24.43496322631836 -20.667343139648438 0
      vertex 24.40876579284668 -20.83275604248047 0
    endloop
  endfacet
  facet normal 0 0 -1
    outer loop
      vertex 24.538328170776367 20.34922218322754 0
      vertex 5.59999942779541 5.59999942779541 0
      vertex 24.478309631347656 20.505573272705078 0
    endloop
  endfacet
  facet normal 0 0 -1
    outer loop
      vertex 5.59999942779541 -5.59999942779541 0
      vertex 24.40876579284668 -20.83275604248047 0
      vertex 24.400001525878906 -21 0
    endloop
  endfacet
  facet normal 0 0 -1
    outer loop
      vertex 24.478309631347656 20.505573272705078 0
      vertex 5.59999942779541 5.59999942779541 0
      vertex 24.43496322631836 20.667343139648438 0
    endloop
  endfacet
  facet normal 0 0 -1
    outer loop
      vertex 31 -34 0
      vertex 34 -31 0
      vertex 33.98356628417969 -31.31358528137207 0
    endloop
  endfacet
  facet normal 0 0 -1
    outer loop
      vertex 27.59123420715332 -20.83275604248047 0
      vertex 34 -31 0
      vertex 27.599998474121094 -21 0
    endloop
  endfacet
  facet normal 0 0 -1
    outer loop
      vertex 31 -34 0
      vertex 33.98356628417969 -31.31358528137207 0
      vertex 33.93444061279297 -31.623733520507812 0
    endloop
  endfacet
  facet normal 0 0 -1
    outer loop
      vertex 27.56503677368164 -20.667343139648438 0
      vertex 34 -31 0
      vertex 27.59123420715332 -20.83275604248047 0
    endloop
  endfacet
  facet normal 0 0 -1
    outer loop
      vertex 31 -34 0
      vertex 33.93444061279297 -31.623733520507812 0
      vertex 33.85316848754883 -31.927051544189453 0
    endloop
  endfacet
  facet normal 0 0 -1
    outer loop
      vertex 27.59123420715332 21.16724395751953 0
      vertex 34 31 0
      vertex 27.599998474121094 21 0
    endloop
  endfacet
  facet normal 0 0 -1
    outer loop
      vertex 31 -34 0
      vertex 33.85316848754883 -31.927051544189453 0
      vertex 33.74063491821289 -32.22020721435547 0
    endloop
  endfacet
  facet normal 0 0 -1
    outer loop
      vertex 27.56503677368164 21.332656860351562 0
      vertex 34 31 0
      vertex 27.59123420715332 21.16724395751953 0
    endloop
  endfacet
  facet normal 0 0 -1
    outer loop
      vertex 31 -34 0
      vertex 33.74063491821289 -32.22020721435547 0
      vertex 33.59807586669922 -32.5 0
    endloop
  endfacet
  facet normal 0 0 -1
    outer loop
      vertex 27.521690368652344 21.494426727294922 0
      vertex 34 31 0
      vertex 27.56503677368164 21.332656860351562 0
    endloop
  endfacet
  facet normal 0 0 -1
    outer loop
      vertex 31 -34 0
      vertex 33.59807586669922 -32.5 0
      vertex 33.42705154418945 -32.76335525512695 0
    endloop
  endfacet
  facet normal 0 0 -1
    outer loop
      vertex 27.461671829223633 21.65077781677246 0
      vertex 34 31 0
      vertex 27.521690368652344 21.494426727294922 0
    endloop
  endfacet
  facet normal 0 0 -1
    outer loop
      vertex 31 -34 0
      vertex 33.42705154418945 -32.76335525512695 0
      vertex 33.229434967041016 -33.00739288330078 0
    endloop
  endfacet
  facet normal 0 0 -1
    outer loop
      vertex 27.385639190673828 21.799999237060547 0
      vertex 34 31 0
      vertex 27.461671829223633 21.65077781677246 0
    endloop
  endfacet
  facet normal 0 0 -1
    outer loop
      vertex 31 -34 0
      vertex 33.229434967041016 -33.00739288330078 0
      vertex 33.00739288330078 -33.229434967041016 0
    endloop
  endfacet
  facet normal 0 0 -1
    outer loop
      vertex 27.29442596435547 21.94045639038086 0
      vertex 34 31 0
      vertex 27.385639190673828 21.799999237060547 0
    endloop
  endfacet
  facet normal 0 0 -1
    outer loop
      vertex 31 -34 0
      vertex 33.00739288330078 -33.229434967041016 0
      vertex 32.76335525512695 -33.42705154418945 0
    endloop
  endfacet
  facet normal 0 0 -1
    outer loop
      vertex 27.18903160095215 22.070608139038086 0
      vertex 34 31 0
      vertex 27.29442596435547 21.94045639038086 0
    endloop
  endfacet
  facet normal 0 0 -1
    outer loop
      vertex 31 -34 0
      vertex 32.76335525512695 -33.42705154418945 0
      vertex 32.5 -33.59807586669922 0
    endloop
  endfacet
  facet normal 0 0 -1
    outer loop
      vertex 27.070608139038086 22.18903160095215 0
      vertex 34 31 0
      vertex 27.18903160095215 22.070608139038086 0
    endloop
  endfacet
  facet normal 0 0 -1
    outer loop
      vertex 31 -34 0
      vertex 32.5 -33.59807586669922 0
      vertex 32.22020721435547 -33.74063491821289 0
    endloop
  endfacet
  facet normal 0 0 -1
    outer loop
      vertex 26.94045639038086 22.29442596435547 0
      vertex 34 31 0
      vertex 27.070608139038086 22.18903160095215 0
    endloop
  endfacet
  facet normal 0 0 -1
    outer loop
      vertex 31 -34 0
      vertex 32.22020721435547 -33.74063491821289 0
      vertex 31.927051544189453 -33.85316848754883 0
    endloop
  endfacet
  facet normal 0 0 -1
    outer loop
      vertex 26.799999237060547 22.385639190673828 0
      vertex 34 31 0
      vertex 26.94045639038086 22.29442596435547 0
    endloop
  endfacet
  facet normal 0 0 -1
    outer loop
      vertex 31 -34 0
      vertex 31.927051544189453 -33.85316848754883 0
      vertex 31.623733520507812 -33.93444061279297 0
    endloop
  endfacet
  facet normal 0 0 -1
    outer loop
      vertex 26.65077781677246 22.461671829223633 0
      vertex 34 31 0
      vertex 26.799999237060547 22.385639190673828 0
    endloop
  endfacet
  facet normal 0 0 -1
    outer loop
      vertex 31 -34 0
      vertex 31.623733520507812 -33.93444061279297 0
      vertex 31.31358528137207 -33.98356628417969 0
    endloop
  endfacet
  facet normal 0 0 -1
    outer loop
      vertex 26.494426727294922 22.521690368652344 0
      vertex 34 31 0
      vertex 26.65077781677246 22.461671829223633 0
    endloop
  endfacet
  facet normal 0 0 -1
    outer loop
      vertex 34 -31 0
      vertex 31 -34 0
      vertex 26.494426727294922 -22.521690368652344 0
    endloop
  endfacet
  facet normal 0 0 -1
    outer loop
      vertex 31 34 0
      vertex 34 31 0
      vertex 26.494426727294922 22.521690368652344 0
    endloop
  endfacet
  facet normal 0 0 -1
    outer loop
      vertex 33.98356628417969 31.31358528137207 0
      vertex 31 34 0
      vertex 33.93444061279297 31.623733520507812 0
    endloop
  endfacet
  facet normal 0 0 -1
    outer loop
      vertex 34 -31 0
      vertex 27.59123420715332 -21.16724395751953 0
      vertex 27.599998474121094 -21 0
    endloop
  endfacet
  facet normal 0 0 -1
    outer loop
      vertex 34 -31 0
      vertex 27.56503677368164 -21.332656860351562 0
      vertex 27.59123420715332 -21.16724395751953 0
    endloop
  endfacet
  facet normal 0 0 -1
    outer loop
      vertex 34 -31 0
      vertex 27.521690368652344 -21.494426727294922 0
      vertex 27.56503677368164 -21.332656860351562 0
    endloop
  endfacet
  facet normal 0 0 -1
    outer loop
      vertex 34 -31 0
      vertex 27.461671829223633 -21.65077781677246 0
      vertex 27.521690368652344 -21.494426727294922 0
    endloop
  endfacet
  facet normal 0 0 -1
    outer loop
      vertex 34 -31 0
      vertex 27.385639190673828 -21.799999237060547 0
      vertex 27.461671829223633 -21.65077781677246 0
    endloop
  endfacet
  facet normal 0 0 -1
    outer loop
      vertex 34 -31 0
      vertex 27.29442596435547 -21.94045639038086 0
      vertex 27.385639190673828 -21.799999237060547 0
    endloop
  endfacet
  facet normal 0 0 -1
    outer loop
      vertex 34 -31 0
      vertex 27.18903160095215 -22.070608139038086 0
      vertex 27.29442596435547 -21.94045639038086 0
    endloop
  endfacet
  facet normal 0 0 -1
    outer loop
      vertex 34 -31 0
      vertex 27.070608139038086 -22.18903160095215 0
      vertex 27.18903160095215 -22.070608139038086 0
    endloop
  endfacet
  facet normal 0 0 -1
    outer loop
      vertex 34 -31 0
      vertex 26.94045639038086 -22.29442596435547 0
      vertex 27.070608139038086 -22.18903160095215 0
    endloop
  endfacet
  facet normal 0 0 -1
    outer loop
      vertex 34 -31 0
      vertex 26.799999237060547 -22.385639190673828 0
      vertex 26.94045639038086 -22.29442596435547 0
    endloop
  endfacet
  facet normal 0 0 -1
    outer loop
      vertex 34 -31 0
      vertex 26.65077781677246 -22.461671829223633 0
      vertex 26.799999237060547 -22.385639190673828 0
    endloop
  endfacet
  facet normal 0 0 -1
    outer loop
      vertex 34 -31 0
      vertex 26.494426727294922 -22.521690368652344 0
      vertex 26.65077781677246 -22.461671829223633 0
    endloop
  endfacet
  facet normal 0 0 -1
    outer loop
      vertex 31 -34 0
      vertex 26.332656860351562 -22.56503677368164 0
      vertex 26.494426727294922 -22.521690368652344 0
    endloop
  endfacet
  facet normal 0 0 -1
    outer loop
      vertex 31 -34 0
      vertex 26.16724395751953 -22.59123420715332 0
      vertex 26.332656860351562 -22.56503677368164 0
    endloop
  endfacet
  facet normal 0 0 -1
    outer loop
      vertex 31 -34 0
      vertex 26 -22.599998474121094 0
      vertex 26.16724395751953 -22.59123420715332 0
    endloop
  endfacet
  facet normal 0 0 -1
    outer loop
      vertex 31 -34 0
      vertex 25.83275604248047 -22.59123420715332 0
      vertex 26 -22.599998474121094 0
    endloop
  endfacet
  facet normal 0 0 -1
    outer loop
      vertex 31 -34 0
      vertex 25.667343139648438 -22.56503677368164 0
      vertex 25.83275604248047 -22.59123420715332 0
    endloop
  endfacet
  facet normal 0 0 -1
    outer loop
      vertex 31 -34 0
      vertex 25.505573272705078 -22.521690368652344 0
      vertex 25.667343139648438 -22.56503677368164 0
    endloop
  endfacet
  facet normal 0 0 -1
    outer loop
      vertex 31 -34 0
      vertex 25.34922218322754 -22.461671829223633 0
      vertex 25.505573272705078 -22.521690368652344 0
    endloop
  endfacet
  facet normal 0 0 -1
    outer loop
      vertex 31 -34 0
      vertex 25.200000762939453 -22.385639190673828 0
      vertex 25.34922218322754 -22.461671829223633 0
    endloop
  endfacet
  facet normal 0 0 -1
    outer loop
      vertex 31 -34 0
      vertex 25.05954360961914 -22.29442596435547 0
      vertex 25.200000762939453 -22.385639190673828 0
    endloop
  endfacet
  facet normal 0 0 -1
    outer loop
      vertex 31 -34 0
      vertex 24.929391860961914 -22.18903160095215 0
      vertex 25.05954360961914 -22.29442596435547 0
    endloop
  endfacet
  facet normal 0 0 -1
    outer loop
      vertex 31 -34 0
      vertex 24.81096839904785 -22.070608139038086 0
      vertex 24.929391860961914 -22.18903160095215 0
    endloop
  endfacet
  facet normal 0 0 -1
    outer loop
      vertex -24.81096839904785 -22.070608139038086 0
      vertex 24.81096839904785 -22.070608139038086 0
      vertex 31 -34 0
    endloop
  endfacet
  facet normal 0 0 -1
    outer loop
      vertex 24.81096839904785 -22.070608139038086 0
      vertex -24.81096839904785 -22.070608139038086 0
      vertex 24.70557403564453 -21.94045639038086 0
    endloop
  endfacet
  facet normal 0 0 -1
    outer loop
      vertex 24.43496322631836 20.667343139648438 0
      vertex 5.59999942779541 5.59999942779541 0
      vertex 24.40876579284668 20.83275604248047 0
    endloop
  endfacet
  facet normal 0 0 -1
    outer loop
      vertex 24.40876579284668 -21.16724395751953 0
      vertex 5.59999942779541 -5.59999942779541 0
      vertex 24.400001525878906 -21 0
    endloop
  endfacet
  facet normal 0 0 -1
    outer loop
      vertex 24.43496322631836 -21.332656860351562 0
      vertex 5.59999942779541 -5.59999942779541 0
      vertex 24.40876579284668 -21.16724395751953 0
    endloop
  endfacet
  facet normal 0 0 -1
    outer loop
      vertex 24.478309631347656 -21.494426727294922 0
      vertex 5.59999942779541 -5.59999942779541 0
      vertex 24.43496322631836 -21.332656860351562 0
    endloop
  endfacet
  facet normal 0 0 -1
    outer loop
      vertex 24.538328170776367 -21.65077781677246 0
      vertex 5.59999942779541 -5.59999942779541 0
      vertex 24.478309631347656 -21.494426727294922 0
    endloop
  endfacet
  facet normal 0 0 -1
    outer loop
      vertex -24.538328170776367 -21.65077781677246 0
      vertex 24.538328170776367 -21.65077781677246 0
      vertex 24.614360809326172 -21.799999237060547 0
    endloop
  endfacet
  facet normal 0 0 -1
    outer loop
      vertex 24.70557403564453 -21.94045639038086 0
      vertex -24.70557403564453 -21.94045639038086 0
      vertex 24.614360809326172 -21.799999237060547 0
    endloop
  endfacet
  facet normal 0 0 -1
    outer loop
      vertex 24.538328170776367 -21.65077781677246 0
      vertex -24.538328170776367 -21.65077781677246 0
      vertex 5.59999942779541 -5.59999942779541 0
    endloop
  endfacet
  facet normal 0 0 -1
    outer loop
      vertex -24.40876579284668 -20.83275604248047 0
      vertex -5.59999942779541 -5.59999942779541 0
      vertex -24.400001525878906 -21 0
    endloop
  endfacet
  facet normal 0 0 -1
    outer loop
      vertex 5.59999942779541 -5.59999942779541 0
      vertex -24.538328170776367 -21.65077781677246 0
      vertex -5.59999942779541 -5.59999942779541 0
    endloop
  endfacet
  facet normal 0 0 -1
    outer loop
      vertex -5.59999942779541 -5.59999942779541 0
      vertex -24.40876579284668 -21.16724395751953 0
      vertex -24.400001525878906 -21 0
    endloop
  endfacet
  facet normal 0 0 -1
    outer loop
      vertex -5.59999942779541 -5.59999942779541 0
      vertex -24.43496322631836 -21.332656860351562 0
      vertex -24.40876579284668 -21.16724395751953 0
    endloop
  endfacet
  facet normal 0 0 -1
    outer loop
      vertex -5.59999942779541 -5.59999942779541 0
      vertex -24.478309631347656 -21.494426727294922 0
      vertex -24.43496322631836 -21.332656860351562 0
    endloop
  endfacet
  facet normal 0 0 -1
    outer loop
      vertex -5.59999942779541 -5.59999942779541 0
      vertex -24.538328170776367 -21.65077781677246 0
      vertex -24.478309631347656 -21.494426727294922 0
    endloop
  endfacet
  facet normal 0 0 -1
    outer loop
      vertex 24.614360809326172 -21.799999237060547 0
      vertex -24.614360809326172 -21.799999237060547 0
      vertex -24.538328170776367 -21.65077781677246 0
    endloop
  endfacet
  facet normal 0 0 -1
    outer loop
      vertex 24.614360809326172 -21.799999237060547 0
      vertex -24.70557403564453 -21.94045639038086 0
      vertex -24.614360809326172 -21.799999237060547 0
    endloop
  endfacet
  facet normal 0 0 -1
    outer loop
      vertex 24.70557403564453 -21.94045639038086 0
      vertex -24.81096839904785 -22.070608139038086 0
      vertex -24.70557403564453 -21.94045639038086 0
    endloop
  endfacet
  facet normal 0 0 -1
    outer loop
      vertex -31 -34 0
      vertex -24.81096839904785 -22.070608139038086 0
      vertex 31 -34 0
    endloop
  endfacet
  facet normal 0 0 -1
    outer loop
      vertex -24.81096839904785 -22.070608139038086 0
      vertex -31 -34 0
      vertex -24.929391860961914 -22.18903160095215 0
    endloop
  endfacet
  facet normal 0 0 -1
    outer loop
      vertex -24.929391860961914 -22.18903160095215 0
      vertex -31 -34 0
      vertex -25.05954360961914 -22.29442596435547 0
    endloop
  endfacet
  facet normal 0 0 -1
    outer loop
      vertex -25.05954360961914 -22.29442596435547 0
      vertex -31 -34 0
      vertex -25.200000762939453 -22.385639190673828 0
    endloop
  endfacet
  facet normal 0 0 -1
    outer loop
      vertex -25.200000762939453 -22.385639190673828 0
      vertex -31 -34 0
      vertex -25.34922218322754 -22.461671829223633 0
    endloop
  endfacet
  facet normal 0 0 -1
    outer loop
      vertex -25.34922218322754 -22.461671829223633 0
      vertex -31 -34 0
      vertex -25.505573272705078 -22.521690368652344 0
    endloop
  endfacet
  facet normal 0 0 -1
    outer loop
      vertex -25.505573272705078 -22.521690368652344 0
      vertex -31 -34 0
      vertex -25.667343139648438 -22.56503677368164 0
    endloop
  endfacet
  facet normal 0 0 -1
    outer loop
      vertex -25.667343139648438 -22.56503677368164 0
      vertex -31 -34 0
      vertex -25.83275604248047 -22.59123420715332 0
    endloop
  endfacet
  facet normal 0 0 -1
    outer loop
      vertex -25.83275604248047 -22.59123420715332 0
      vertex -31 -34 0
      vertex -26 -22.599998474121094 0
    endloop
  endfacet
  facet normal 0 0 -1
    outer loop
      vertex -26 -22.599998474121094 0
      vertex -31 -34 0
      vertex -26.16724395751953 -22.59123420715332 0
    endloop
  endfacet
  facet normal 0 0 -1
    outer loop
      vertex -27.59123420715332 -21.16724395751953 0
      vertex -34 -31 0
      vertex -27.599998474121094 -21 0
    endloop
  endfacet
  facet normal 0 0 -1
    outer loop
      vertex -27.56503677368164 -21.332656860351562 0
      vertex -34 -31 0
      vertex -27.59123420715332 -21.16724395751953 0
    endloop
  endfacet
  facet normal 0 0 -1
    outer loop
      vertex -27.521690368652344 -21.494426727294922 0
      vertex -34 -31 0
      vertex -27.56503677368164 -21.332656860351562 0
    endloop
  endfacet
  facet normal 0 0 -1
    outer loop
      vertex -27.461671829223633 -21.65077781677246 0
      vertex -34 -31 0
      vertex -27.521690368652344 -21.494426727294922 0
    endloop
  endfacet
  facet normal 0 0 -1
    outer loop
      vertex -27.385639190673828 -21.799999237060547 0
      vertex -34 -31 0
      vertex -27.461671829223633 -21.65077781677246 0
    endloop
  endfacet
  facet normal 0 0 -1
    outer loop
      vertex -27.29442596435547 -21.94045639038086 0
      vertex -34 -31 0
      vertex -27.385639190673828 -21.799999237060547 0
    endloop
  endfacet
  facet normal 0 0 -1
    outer loop
      vertex -27.18903160095215 -22.070608139038086 0
      vertex -34 -31 0
      vertex -27.29442596435547 -21.94045639038086 0
    endloop
  endfacet
  facet normal 0 0 -1
    outer loop
      vertex -27.070608139038086 -22.18903160095215 0
      vertex -34 -31 0
      vertex -27.18903160095215 -22.070608139038086 0
    endloop
  endfacet
  facet normal 0 0 -1
    outer loop
      vertex -26.94045639038086 -22.29442596435547 0
      vertex -34 -31 0
      vertex -27.070608139038086 -22.18903160095215 0
    endloop
  endfacet
  facet normal 0 0 -1
    outer loop
      vertex -26.799999237060547 -22.385639190673828 0
      vertex -34 -31 0
      vertex -26.94045639038086 -22.29442596435547 0
    endloop
  endfacet
  facet normal 0 0 -1
    outer loop
      vertex -26.65077781677246 -22.461671829223633 0
      vertex -34 -31 0
      vertex -26.799999237060547 -22.385639190673828 0
    endloop
  endfacet
  facet normal 0 0 -1
    outer loop
      vertex -26.494426727294922 -22.521690368652344 0
      vertex -34 -31 0
      vertex -26.65077781677246 -22.461671829223633 0
    endloop
  endfacet
  facet normal 0 0 -1
    outer loop
      vertex -34 -31 0
      vertex -26.494426727294922 -22.521690368652344 0
      vertex -31 -34 0
    endloop
  endfacet
  facet normal 0 0 -1
    outer loop
      vertex -26.332656860351562 -22.56503677368164 0
      vertex -31 -34 0
      vertex -26.494426727294922 -22.521690368652344 0
    endloop
  endfacet
  facet normal 0 0 -1
    outer loop
      vertex -26.16724395751953 -22.59123420715332 0
      vertex -31 -34 0
      vertex -26.332656860351562 -22.56503677368164 0
    endloop
  endfacet
  facet normal 0 0 -1
    outer loop
      vertex 33.93444061279297 31.623733520507812 0
      vertex 31 34 0
      vertex 33.85316848754883 31.927051544189453 0
    endloop
  endfacet
  facet normal 0 0 -1
    outer loop
      vertex 33.85316848754883 31.927051544189453 0
      vertex 31 34 0
      vertex 33.74063491821289 32.22020721435547 0
    endloop
  endfacet
  facet normal 0 0 -1
    outer loop
      vertex 33.74063491821289 32.22020721435547 0
      vertex 31 34 0
      vertex 33.59807586669922 32.5 0
    endloop
  endfacet
  facet normal 0 0 -1
    outer loop
      vertex 33.42705154418945 32.76335525512695 0
      vertex 31 34 0
      vertex 33.229434967041016 33.00739288330078 0
    endloop
  endfacet
  facet normal 0 0 -1
    outer loop
      vertex 33.229434967041016 33.00739288330078 0
      vertex 31 34 0
      vertex 33.00739288330078 33.229434967041016 0
    endloop
  endfacet
  facet normal 0 0 -1
    outer loop
      vertex 33.00739288330078 33.229434967041016 0
      vertex 31 34 0
      vertex 32.76335525512695 33.42705154418945 0
    endloop
  endfacet
  facet normal 0 0 -1
    outer loop
      vertex 32.5 33.59807586669922 0
      vertex 31 34 0
      vertex 32.22020721435547 33.74063491821289 0
    endloop
  endfacet
  facet normal 0 0 -1
    outer loop
      vertex 32.22020721435547 33.74063491821289 0
      vertex 31 34 0
      vertex 31.927051544189453 33.85316848754883 0
    endloop
  endfacet
  facet normal 0 0 -1
    outer loop
      vertex 31.927051544189453 33.85316848754883 0
      vertex 31 34 0
      vertex 31.623733520507812 33.93444061279297 0
    endloop
  endfacet
  facet normal 0 0 -1
    outer loop
      vertex 31.623733520507812 33.93444061279297 0
      vertex 31 34 0
      vertex 31.31358528137207 33.98356628417969 0
    endloop
  endfacet
  facet normal 0 0 -1
    outer loop
      vertex 32.76335525512695 33.42705154418945 0
      vertex 31 34 0
      vertex 32.5 33.59807586669922 0
    endloop
  endfacet
  facet normal 0 0 -1
    outer loop
      vertex 33.59807586669922 32.5 0
      vertex 31 34 0
      vertex 33.42705154418945 32.76335525512695 0
    endloop
  endfacet
  facet normal 0 0 -1
    outer loop
      vertex 34 31 0
      vertex 31 34 0
      vertex 33.98356628417969 31.31358528137207 0
    endloop
  endfacet
  facet normal 0 0 -1
    outer loop
      vertex 26.332656860351562 22.56503677368164 0
      vertex 31 34 0
      vertex 26.494426727294922 22.521690368652344 0
    endloop
  endfacet
  facet normal 0 0 -1
    outer loop
      vertex 26.16724395751953 22.59123420715332 0
      vertex 31 34 0
      vertex 26.332656860351562 22.56503677368164 0
    endloop
  endfacet
  facet normal 0 0 -1
    outer loop
      vertex 26 22.599998474121094 0
      vertex 31 34 0
      vertex 26.16724395751953 22.59123420715332 0
    endloop
  endfacet
  facet normal 0 0 -1
    outer loop
      vertex 25.83275604248047 22.59123420715332 0
      vertex 31 34 0
      vertex 26 22.599998474121094 0
    endloop
  endfacet
  facet normal 0 0 -1
    outer loop
      vertex 25.667343139648438 22.56503677368164 0
      vertex 31 34 0
      vertex 25.83275604248047 22.59123420715332 0
    endloop
  endfacet
  facet normal 0 0 -1
    outer loop
      vertex 25.505573272705078 22.521690368652344 0
      vertex 31 34 0
      vertex 25.667343139648438 22.56503677368164 0
    endloop
  endfacet
  facet normal 0 0 -1
    outer loop
      vertex 25.34922218322754 22.461671829223633 0
      vertex 31 34 0
      vertex 25.505573272705078 22.521690368652344 0
    endloop
  endfacet
  facet normal 0 0 -1
    outer loop
      vertex 25.200000762939453 22.385639190673828 0
      vertex 31 34 0
      vertex 25.34922218322754 22.461671829223633 0
    endloop
  endfacet
  facet normal 0 0 -1
    outer loop
      vertex 25.05954360961914 22.29442596435547 0
      vertex 31 34 0
      vertex 25.200000762939453 22.385639190673828 0
    endloop
  endfacet
  facet normal 0 0 -1
    outer loop
      vertex 24.929391860961914 22.18903160095215 0
      vertex 31 34 0
      vertex 25.05954360961914 22.29442596435547 0
    endloop
  endfacet
  facet normal 0 0 -1
    outer loop
      vertex 24.81096839904785 22.070608139038086 0
      vertex 31 34 0
      vertex 24.929391860961914 22.18903160095215 0
    endloop
  endfacet
  facet normal 0 0 -1
    outer loop
      vertex -24.81096839904785 22.070608139038086 0
      vertex 24.81096839904785 22.070608139038086 0
      vertex 24.70557403564453 21.94045639038086 0
    endloop
  endfacet
  facet normal 0 0 -1
    outer loop
      vertex -24.70557403564453 21.94045639038086 0
      vertex 24.70557403564453 21.94045639038086 0
      vertex 24.614360809326172 21.799999237060547 0
    endloop
  endfacet
  facet normal 0 0 -1
    outer loop
      vertex 24.40876579284668 20.83275604248047 0
      vertex 5.59999942779541 5.59999942779541 0
      vertex 24.400001525878906 21 0
    endloop
  endfacet
  facet normal 0 0 -1
    outer loop
      vertex 24.400001525878906 21 0
      vertex 5.59999942779541 5.59999942779541 0
      vertex 24.40876579284668 21.16724395751953 0
    endloop
  endfacet
  facet normal 0 0 -1
    outer loop
      vertex 24.40876579284668 21.16724395751953 0
      vertex 5.59999942779541 5.59999942779541 0
      vertex 24.43496322631836 21.332656860351562 0
    endloop
  endfacet
  facet normal 0 0 -1
    outer loop
      vertex 24.43496322631836 21.332656860351562 0
      vertex 5.59999942779541 5.59999942779541 0
      vertex 24.478309631347656 21.494426727294922 0
    endloop
  endfacet
  facet normal 0 0 -1
    outer loop
      vertex 24.478309631347656 21.494426727294922 0
      vertex 5.59999942779541 5.59999942779541 0
      vertex 24.538328170776367 21.65077781677246 0
    endloop
  endfacet
  facet normal 0 0 -1
    outer loop
      vertex -24.538328170776367 21.65077781677246 0
      vertex 24.538328170776367 21.65077781677246 0
      vertex 5.59999942779541 5.59999942779541 0
    endloop
  endfacet
  facet normal 0 0 -1
    outer loop
      vertex 24.538328170776367 21.65077781677246 0
      vertex -24.538328170776367 21.65077781677246 0
      vertex 24.614360809326172 21.799999237060547 0
    endloop
  endfacet
  facet normal 0 0 -1
    outer loop
      vertex -24.538328170776367 21.65077781677246 0
      vertex 5.59999942779541 5.59999942779541 0
      vertex -5.59999942779541 5.59999942779541 0
    endloop
  endfacet
  facet normal 0 0 -1
    outer loop
      vertex -24.43496322631836 -20.667343139648438 0
      vertex -5.59999942779541 -5.59999942779541 0
      vertex -24.40876579284668 -20.83275604248047 0
    endloop
  endfacet
  facet normal 0 0 -1
    outer loop
      vertex -24.40876579284668 21.16724395751953 0
      vertex -5.59999942779541 5.59999942779541 0
      vertex -24.400001525878906 21 0
    endloop
  endfacet
  facet normal 0 0 -1
    outer loop
      vertex -24.43496322631836 21.332656860351562 0
      vertex -5.59999942779541 5.59999942779541 0
      vertex -24.40876579284668 21.16724395751953 0
    endloop
  endfacet
  facet normal 0 0 -1
    outer loop
      vertex -24.478309631347656 21.494426727294922 0
      vertex -5.59999942779541 5.59999942779541 0
      vertex -24.43496322631836 21.332656860351562 0
    endloop
  endfacet
  facet normal 0 0 -1
    outer loop
      vertex -24.538328170776367 21.65077781677246 0
      vertex -5.59999942779541 5.59999942779541 0
      vertex -24.478309631347656 21.494426727294922 0
    endloop
  endfacet
  facet normal 0 0 -1
    outer loop
      vertex -24.614360809326172 21.799999237060547 0
      vertex 24.614360809326172 21.799999237060547 0
      vertex -24.538328170776367 21.65077781677246 0
    endloop
  endfacet
  facet normal 0 0 -1
    outer loop
      vertex -24.70557403564453 21.94045639038086 0
      vertex 24.614360809326172 21.799999237060547 0
      vertex -24.614360809326172 21.799999237060547 0
    endloop
  endfacet
  facet normal 0 0 -1
    outer loop
      vertex -24.81096839904785 22.070608139038086 0
      vertex 24.70557403564453 21.94045639038086 0
      vertex -24.70557403564453 21.94045639038086 0
    endloop
  endfacet
  facet normal 0 0 -1
    outer loop
      vertex 24.81096839904785 22.070608139038086 0
      vertex -24.81096839904785 22.070608139038086 0
      vertex 31 34 0
    endloop
  endfacet
  facet normal 0 0 -1
    outer loop
      vertex -31 34 0
      vertex -24.81096839904785 22.070608139038086 0
      vertex -24.929391860961914 22.18903160095215 0
    endloop
  endfacet
  facet normal 0 0 -1
    outer loop
      vertex -31 34 0
      vertex -24.929391860961914 22.18903160095215 0
      vertex -25.05954360961914 22.29442596435547 0
    endloop
  endfacet
  facet normal 0 0 -1
    outer loop
      vertex -31 34 0
      vertex -25.05954360961914 22.29442596435547 0
      vertex -25.200000762939453 22.385639190673828 0
    endloop
  endfacet
  facet normal 0 0 -1
    outer loop
      vertex -31 34 0
      vertex -25.200000762939453 22.385639190673828 0
      vertex -25.34922218322754 22.461671829223633 0
    endloop
  endfacet
  facet normal 0 0 -1
    outer loop
      vertex -31 34 0
      vertex -25.34922218322754 22.461671829223633 0
      vertex -25.505573272705078 22.521690368652344 0
    endloop
  endfacet
  facet normal 0 0 -1
    outer loop
      vertex -31 34 0
      vertex -25.505573272705078 22.521690368652344 0
      vertex -25.667343139648438 22.56503677368164 0
    endloop
  endfacet
  facet normal 0 0 -1
    outer loop
      vertex -31 34 0
      vertex -25.667343139648438 22.56503677368164 0
      vertex -25.83275604248047 22.59123420715332 0
    endloop
  endfacet
  facet normal 0 0 -1
    outer loop
      vertex -31 34 0
      vertex -25.83275604248047 22.59123420715332 0
      vertex -26 22.599998474121094 0
    endloop
  endfacet
  facet normal 0 0 -1
    outer loop
      vertex -31 34 0
      vertex -26 22.599998474121094 0
      vertex -26.16724395751953 22.59123420715332 0
    endloop
  endfacet
  facet normal 0 0 -1
    outer loop
      vertex -31 34 0
      vertex -26.16724395751953 22.59123420715332 0
      vertex -26.332656860351562 22.56503677368164 0
    endloop
  endfacet
  facet normal 0 0 -1
    outer loop
      vertex -27.56503677368164 20.667343139648438 0
      vertex -34 31 0
      vertex -27.59123420715332 20.83275604248047 0
    endloop
  endfacet
  facet normal 0 0 -1
    outer loop
      vertex -24.81096839904785 22.070608139038086 0
      vertex -31 34 0
      vertex 31 34 0
    endloop
  endfacet
  facet normal 0 0 -1
    outer loop
      vertex -26.494426727294922 22.521690368652344 0
      vertex -31 34 0
      vertex -26.332656860351562 22.56503677368164 0
    endloop
  endfacet
  facet normal 0 0 -1
    outer loop
      vertex -34 31 0
      vertex -26.494426727294922 22.521690368652344 0
      vertex -26.65077781677246 22.461671829223633 0
    endloop
  endfacet
  facet normal 0 0 -1
    outer loop
      vertex -34 31 0
      vertex -26.65077781677246 22.461671829223633 0
      vertex -26.799999237060547 22.385639190673828 0
    endloop
  endfacet
  facet normal 0 0 -1
    outer loop
      vertex -34 31 0
      vertex -26.799999237060547 22.385639190673828 0
      vertex -26.94045639038086 22.29442596435547 0
    endloop
  endfacet
  facet normal 0 0 -1
    outer loop
      vertex -34 31 0
      vertex -26.94045639038086 22.29442596435547 0
      vertex -27.070608139038086 22.18903160095215 0
    endloop
  endfacet
  facet normal 0 0 -1
    outer loop
      vertex -34 31 0
      vertex -27.070608139038086 22.18903160095215 0
      vertex -27.18903160095215 22.070608139038086 0
    endloop
  endfacet
  facet normal 0 0 -1
    outer loop
      vertex -34 31 0
      vertex -27.18903160095215 22.070608139038086 0
      vertex -27.29442596435547 21.94045639038086 0
    endloop
  endfacet
  facet normal 0 0 -1
    outer loop
      vertex -34 31 0
      vertex -27.29442596435547 21.94045639038086 0
      vertex -27.385639190673828 21.799999237060547 0
    endloop
  endfacet
  facet normal 0 0 -1
    outer loop
      vertex -34 31 0
      vertex -27.385639190673828 21.799999237060547 0
      vertex -27.461671829223633 21.65077781677246 0
    endloop
  endfacet
  facet normal 0 0 -1
    outer loop
      vertex -34 31 0
      vertex -27.461671829223633 21.65077781677246 0
      vertex -27.521690368652344 21.494426727294922 0
    endloop
  endfacet
  facet normal 0 0 -1
    outer loop
      vertex -34 31 0
      vertex -27.521690368652344 21.494426727294922 0
      vertex -27.56503677368164 21.332656860351562 0
    endloop
  endfacet
  facet normal 0 0 -1
    outer loop
      vertex -34 31 0
      vertex -27.56503677368164 21.332656860351562 0
      vertex -27.59123420715332 21.16724395751953 0
    endloop
  endfacet
  facet normal 0 0 -1
    outer loop
      vertex -27.59123420715332 20.83275604248047 0
      vertex -34 31 0
      vertex -27.599998474121094 21 0
    endloop
  endfacet
  facet normal 0 0 -1
    outer loop
      vertex -34 -31 0
      vertex -31 -34 0
      vertex -31.31358528137207 -33.98356628417969 0
    endloop
  endfacet
  facet normal 0 0 -1
    outer loop
      vertex -27.599998474121094 21 0
      vertex -34 31 0
      vertex -27.59123420715332 21.16724395751953 0
    endloop
  endfacet
  facet normal 0 0 -1
    outer loop
      vertex -34 -31 0
      vertex -31.31358528137207 -33.98356628417969 0
      vertex -31.623733520507812 -33.93444061279297 0
    endloop
  endfacet
  facet normal 0 0 -1
    outer loop
      vertex -26.494426727294922 22.521690368652344 0
      vertex -34 31 0
      vertex -31 34 0
    endloop
  endfacet
  facet normal 0 0 -1
    outer loop
      vertex -34 -31 0
      vertex -31.623733520507812 -33.93444061279297 0
      vertex -31.927051544189453 -33.85316848754883 0
    endloop
  endfacet
  facet normal 0 0 -1
    outer loop
      vertex -31 34 0
      vertex -34 31 0
      vertex -31.31358528137207 33.98356628417969 0
    endloop
  endfacet
  facet normal 0 0 -1
    outer loop
      vertex -34 -31 0
      vertex -31.927051544189453 -33.85316848754883 0
      vertex -32.22020721435547 -33.74063491821289 0
    endloop
  endfacet
  facet normal 0 0 -1
    outer loop
      vertex -31.31358528137207 33.98356628417969 0
      vertex -34 31 0
      vertex -31.623733520507812 33.93444061279297 0
    endloop
  endfacet
  facet normal 0 0 -1
    outer loop
      vertex -34 -31 0
      vertex -32.22020721435547 -33.74063491821289 0
      vertex -32.5 -33.59807586669922 0
    endloop
  endfacet
  facet normal 0 0 -1
    outer loop
      vertex -31.623733520507812 33.93444061279297 0
      vertex -34 31 0
      vertex -31.927051544189453 33.85316848754883 0
    endloop
  endfacet
  facet normal 0 0 -1
    outer loop
      vertex -34 -31 0
      vertex -32.5 -33.59807586669922 0
      vertex -32.76335525512695 -33.42705154418945 0
    endloop
  endfacet
  facet normal 0 0 -1
    outer loop
      vertex -31.927051544189453 33.85316848754883 0
      vertex -34 31 0
      vertex -32.22020721435547 33.74063491821289 0
    endloop
  endfacet
  facet normal 0 0 -1
    outer loop
      vertex -34 -31 0
      vertex -32.76335525512695 -33.42705154418945 0
      vertex -33.00739288330078 -33.229434967041016 0
    endloop
  endfacet
  facet normal 0 0 -1
    outer loop
      vertex -32.22020721435547 33.74063491821289 0
      vertex -34 31 0
      vertex -32.5 33.59807586669922 0
    endloop
  endfacet
  facet normal 0 0 -1
    outer loop
      vertex -34 -31 0
      vertex -33.00739288330078 -33.229434967041016 0
      vertex -33.229434967041016 -33.00739288330078 0
    endloop
  endfacet
  facet normal 0 0 -1
    outer loop
      vertex -32.5 33.59807586669922 0
      vertex -34 31 0
      vertex -32.76335525512695 33.42705154418945 0
    endloop
  endfacet
  facet normal 0 0 -1
    outer loop
      vertex -34 -31 0
      vertex -33.229434967041016 -33.00739288330078 0
      vertex -33.42705154418945 -32.76335525512695 0
    endloop
  endfacet
  facet normal 0 0 -1
    outer loop
      vertex -32.76335525512695 33.42705154418945 0
      vertex -34 31 0
      vertex -33.00739288330078 33.229434967041016 0
    endloop
  endfacet
  facet normal 0 0 -1
    outer loop
      vertex -34 -31 0
      vertex -33.42705154418945 -32.76335525512695 0
      vertex -33.59807586669922 -32.5 0
    endloop
  endfacet
  facet normal 0 0 -1
    outer loop
      vertex -33.00739288330078 33.229434967041016 0
      vertex -34 31 0
      vertex -33.229434967041016 33.00739288330078 0
    endloop
  endfacet
  facet normal 0 0 -1
    outer loop
      vertex -34 -31 0
      vertex -33.59807586669922 -32.5 0
      vertex -33.74063491821289 -32.22020721435547 0
    endloop
  endfacet
  facet normal 0 0 -1
    outer loop
      vertex -33.229434967041016 33.00739288330078 0
      vertex -34 31 0
      vertex -33.42705154418945 32.76335525512695 0
    endloop
  endfacet
  facet normal 0 0 -1
    outer loop
      vertex -34 -31 0
      vertex -33.74063491821289 -32.22020721435547 0
      vertex -33.85316848754883 -31.927051544189453 0
    endloop
  endfacet
  facet normal 0 0 -1
    outer loop
      vertex -33.42705154418945 32.76335525512695 0
      vertex -34 31 0
      vertex -33.59807586669922 32.5 0
    endloop
  endfacet
  facet normal 0 0 -1
    outer loop
      vertex -34 -31 0
      vertex -33.85316848754883 -31.927051544189453 0
      vertex -33.93444061279297 -31.623733520507812 0
    endloop
  endfacet
  facet normal 0 0 -1
    outer loop
      vertex -33.59807586669922 32.5 0
      vertex -34 31 0
      vertex -33.74063491821289 32.22020721435547 0
    endloop
  endfacet
  facet normal 0 0 -1
    outer loop
      vertex -34 -31 0
      vertex -33.93444061279297 -31.623733520507812 0
      vertex -33.98356628417969 -31.31358528137207 0
    endloop
  endfacet
  facet normal 0 0 -1
    outer loop
      vertex -33.74063491821289 32.22020721435547 0
      vertex -34 31 0
      vertex -33.85316848754883 31.927051544189453 0
    endloop
  endfacet
  facet normal 0 0 -1
    outer loop
      vertex -33.85316848754883 31.927051544189453 0
      vertex -34 31 0
      vertex -33.93444061279297 31.623733520507812 0
    endloop
  endfacet
  facet normal 0 0 -1
    outer loop
      vertex -33.93444061279297 31.623733520507812 0
      vertex -34 31 0
      vertex -33.98356628417969 31.31358528137207 0
    endloop
  endfacet
  facet normal 1 0 0
    outer loop
      vertex 34 -31 4
      vertex 34 31 0
      vertex 34 31 4
    endloop
  endfacet
  facet normal 1 0 0
    outer loop
      vertex 34 31 0
      vertex 34 -31 4
      vertex 34 -31 0
    endloop
  endfacet
  facet normal 0.9335786675407345 -0.3583725317499469 0
    outer loop
      vertex 33.74063491821289 -32.22020721435547 4
      vertex 33.85316848754883 -31.927051544189453 0
      vertex 33.85316848754883 -31.927051544189453 4
    endloop
  endfacet
  facet normal 0.9335786675407345 -0.3583725317499469 0
    outer loop
      vertex 33.85316848754883 -31.927051544189453 0
      vertex 33.74063491821289 -32.22020721435547 4
      vertex 33.74063491821289 -32.22020721435547 0
    endloop
  endfacet
  facet normal -0.8910097360369573 -0.45398419607663854 0
    outer loop
      vertex -33.59807586669922 -32.5 0
      vertex -33.74063491821289 -32.22020721435547 4
      vertex -33.74063491821289 -32.22020721435547 0
    endloop
  endfacet
  facet normal -0.8910097360369573 -0.45398419607663854 0
    outer loop
      vertex -33.74063491821289 -32.22020721435547 4
      vertex -33.59807586669922 -32.5 0
      vertex -33.59807586669922 -32.5 4
    endloop
  endfacet
  facet normal -0.5446377361332784 0.8386714114476644 0
    outer loop
      vertex -32.5 33.59807586669922 0
      vertex -32.76335525512695 33.42705154418945 4
      vertex -32.5 33.59807586669922 4
    endloop
  endfacet
  facet normal -0.5446377361332784 0.8386714114476644 0
    outer loop
      vertex -32.76335525512695 33.42705154418945 4
      vertex -32.5 33.59807586669922 0
      vertex -32.76335525512695 33.42705154418945 0
    endloop
  endfacet
  facet normal -0.9876868564956367 -0.1564438349880486 0
    outer loop
      vertex -33.93444061279297 -31.623733520507812 0
      vertex -33.98356628417969 -31.31358528137207 4
      vertex -33.98356628417969 -31.31358528137207 0
    endloop
  endfacet
  facet normal -0.9876868564956367 -0.1564438349880486 0
    outer loop
      vertex -33.98356628417969 -31.31358528137207 4
      vertex -33.93444061279297 -31.623733520507812 0
      vertex -33.93444061279297 -31.623733520507812 4
    endloop
  endfacet
  facet normal 0.9659271751269161 -0.25881401111867175 0
    outer loop
      vertex 33.85316848754883 -31.927051544189453 4
      vertex 33.93444061279297 -31.623733520507812 0
      vertex 33.93444061279297 -31.623733520507812 4
    endloop
  endfacet
  facet normal 0.9659271751269161 -0.25881401111867175 0
    outer loop
      vertex 33.93444061279297 -31.623733520507812 0
      vertex 33.85316848754883 -31.927051544189453 4
      vertex 33.85316848754883 -31.927051544189453 0
    endloop
  endfacet
  facet normal -1 0 0
    outer loop
      vertex -34 -31 0
      vertex -34 31 4
      vertex -34 31 0
    endloop
  endfacet
  facet normal -1 0 0
    outer loop
      vertex -34 31 4
      vertex -34 -31 0
      vertex -34 -31 4
    endloop
  endfacet
  facet normal 0.45398419607663854 -0.8910097360369573 0
    outer loop
      vertex 32.22020721435547 -33.74063491821289 0
      vertex 32.5 -33.59807586669922 4
      vertex 32.22020721435547 -33.74063491821289 4
    endloop
  endfacet
  facet normal 0.45398419607663854 -0.8910097360369573 0
    outer loop
      vertex 32.5 -33.59807586669922 4
      vertex 32.22020721435547 -33.74063491821289 0
      vertex 32.5 -33.59807586669922 0
    endloop
  endfacet
  facet normal -0.8386714114476644 -0.5446377361332784 0
    outer loop
      vertex -33.42705154418945 -32.76335525512695 0
      vertex -33.59807586669922 -32.5 4
      vertex -33.59807586669922 -32.5 0
    endloop
  endfacet
  facet normal -0.8386714114476644 -0.5446377361332784 0
    outer loop
      vertex -33.59807586669922 -32.5 4
      vertex -33.42705154418945 -32.76335525512695 0
      vertex -33.42705154418945 -32.76335525512695 4
    endloop
  endfacet
  facet normal 0.05233407490429332 0.9986296333495777 0
    outer loop
      vertex 31.31358528137207 33.98356628417969 0
      vertex 31 34 4
      vertex 31.31358528137207 33.98356628417969 4
    endloop
  endfacet
  facet normal 0.05233407490429332 0.9986296333495777 0
    outer loop
      vertex 31 34 4
      vertex 31.31358528137207 33.98356628417969 0
      vertex 31 34 0
    endloop
  endfacet
  facet normal -0.9876868564956367 0.1564438349880486 0
    outer loop
      vertex -33.98356628417969 31.31358528137207 0
      vertex -33.93444061279297 31.623733520507812 4
      vertex -33.93444061279297 31.623733520507812 0
    endloop
  endfacet
  facet normal -0.9876868564956367 0.1564438349880486 0
    outer loop
      vertex -33.93444061279297 31.623733520507812 4
      vertex -33.98356628417969 31.31358528137207 0
      vertex -33.98356628417969 31.31358528137207 4
    endloop
  endfacet
  facet normal -0.45398419607663854 -0.8910097360369573 0
    outer loop
      vertex -32.5 -33.59807586669922 0
      vertex -32.22020721435547 -33.74063491821289 4
      vertex -32.5 -33.59807586669922 4
    endloop
  endfacet
  facet normal -0.45398419607663854 -0.8910097360369573 0
    outer loop
      vertex -32.22020721435547 -33.74063491821289 4
      vertex -32.5 -33.59807586669922 0
      vertex -32.22020721435547 -33.74063491821289 0
    endloop
  endfacet
  facet normal 0.7771478267571637 -0.6293180875889532 0
    outer loop
      vertex 33.229434967041016 -33.00739288330078 4
      vertex 33.42705154418945 -32.76335525512695 0
      vertex 33.42705154418945 -32.76335525512695 4
    endloop
  endfacet
  facet normal 0.7771478267571637 -0.6293180875889532 0
    outer loop
      vertex 33.42705154418945 -32.76335525512695 0
      vertex 33.229434967041016 -33.00739288330078 4
      vertex 33.229434967041016 -33.00739288330078 0
    endloop
  endfacet
  facet normal 0.1564438349880486 -0.9876868564956367 0
    outer loop
      vertex 31.31358528137207 -33.98356628417969 0
      vertex 31.623733520507812 -33.93444061279297 4
      vertex 31.31358528137207 -33.98356628417969 4
    endloop
  endfacet
  facet normal 0.1564438349880486 -0.9876868564956367 0
    outer loop
      vertex 31.623733520507812 -33.93444061279297 4
      vertex 31.31358528137207 -33.98356628417969 0
      vertex 31.623733520507812 -33.93444061279297 0
    endloop
  endfacet
  facet normal -0.6293180875889532 0.7771478267571637 0
    outer loop
      vertex -32.76335525512695 33.42705154418945 0
      vertex -33.00739288330078 33.229434967041016 4
      vertex -32.76335525512695 33.42705154418945 4
    endloop
  endfacet
  facet normal -0.6293180875889532 0.7771478267571637 0
    outer loop
      vertex -33.00739288330078 33.229434967041016 4
      vertex -32.76335525512695 33.42705154418945 0
      vertex -33.00739288330078 33.229434967041016 0
    endloop
  endfacet
  facet normal -0.6293180875889532 -0.7771478267571637 0
    outer loop
      vertex -33.00739288330078 -33.229434967041016 0
      vertex -32.76335525512695 -33.42705154418945 4
      vertex -33.00739288330078 -33.229434967041016 4
    endloop
  endfacet
  facet normal -0.6293180875889532 -0.7771478267571637 0
    outer loop
      vertex -32.76335525512695 -33.42705154418945 4
      vertex -33.00739288330078 -33.229434967041016 0
      vertex -32.76335525512695 -33.42705154418945 0
    endloop
  endfacet
  facet normal -0.25881401111867175 -0.9659271751269161 0
    outer loop
      vertex -31.927051544189453 -33.85316848754883 0
      vertex -31.623733520507812 -33.93444061279297 4
      vertex -31.927051544189453 -33.85316848754883 4
    endloop
  endfacet
  facet normal -0.25881401111867175 -0.9659271751269161 0
    outer loop
      vertex -31.623733520507812 -33.93444061279297 4
      vertex -31.927051544189453 -33.85316848754883 0
      vertex -31.623733520507812 -33.93444061279297 0
    endloop
  endfacet
  facet normal -0.7071067811865475 -0.7071067811865475 0
    outer loop
      vertex -33.00739288330078 -33.229434967041016 0
      vertex -33.229434967041016 -33.00739288330078 4
      vertex -33.229434967041016 -33.00739288330078 0
    endloop
  endfacet
  facet normal -0.7071067811865475 -0.7071067811865475 0
    outer loop
      vertex -33.229434967041016 -33.00739288330078 4
      vertex -33.00739288330078 -33.229434967041016 0
      vertex -33.00739288330078 -33.229434967041016 4
    endloop
  endfacet
  facet normal 0.9659271751269161 0.25881401111867175 0
    outer loop
      vertex 33.93444061279297 31.623733520507812 4
      vertex 33.85316848754883 31.927051544189453 0
      vertex 33.85316848754883 31.927051544189453 4
    endloop
  endfacet
  facet normal 0.9659271751269161 0.25881401111867175 0
    outer loop
      vertex 33.85316848754883 31.927051544189453 0
      vertex 33.93444061279297 31.623733520507812 4
      vertex 33.93444061279297 31.623733520507812 0
    endloop
  endfacet
  facet normal -0.7771478267571637 -0.6293180875889532 0
    outer loop
      vertex -33.229434967041016 -33.00739288330078 0
      vertex -33.42705154418945 -32.76335525512695 4
      vertex -33.42705154418945 -32.76335525512695 0
    endloop
  endfacet
  facet normal -0.7771478267571637 -0.6293180875889532 0
    outer loop
      vertex -33.42705154418945 -32.76335525512695 4
      vertex -33.229434967041016 -33.00739288330078 0
      vertex -33.229434967041016 -33.00739288330078 4
    endloop
  endfacet
  facet normal -0.9659271751269161 -0.25881401111867175 0
    outer loop
      vertex -33.85316848754883 -31.927051544189453 0
      vertex -33.93444061279297 -31.623733520507812 4
      vertex -33.93444061279297 -31.623733520507812 0
    endloop
  endfacet
  facet normal -0.9659271751269161 -0.25881401111867175 0
    outer loop
      vertex -33.93444061279297 -31.623733520507812 4
      vertex -33.85316848754883 -31.927051544189453 0
      vertex -33.85316848754883 -31.927051544189453 4
    endloop
  endfacet
  facet normal -0.9659271751269161 0.25881401111867175 0
    outer loop
      vertex -33.93444061279297 31.623733520507812 0
      vertex -33.85316848754883 31.927051544189453 4
      vertex -33.85316848754883 31.927051544189453 0
    endloop
  endfacet
  facet normal -0.9659271751269161 0.25881401111867175 0
    outer loop
      vertex -33.85316848754883 31.927051544189453 4
      vertex -33.93444061279297 31.623733520507812 0
      vertex -33.93444061279297 31.623733520507812 4
    endloop
  endfacet
  facet normal -0.8910097360369573 0.45398419607663854 0
    outer loop
      vertex -33.74063491821289 32.22020721435547 0
      vertex -33.59807586669922 32.5 4
      vertex -33.59807586669922 32.5 0
    endloop
  endfacet
  facet normal -0.8910097360369573 0.45398419607663854 0
    outer loop
      vertex -33.59807586669922 32.5 4
      vertex -33.74063491821289 32.22020721435547 0
      vertex -33.74063491821289 32.22020721435547 4
    endloop
  endfacet
  facet normal -0.9335786675407345 0.3583725317499469 0
    outer loop
      vertex -33.85316848754883 31.927051544189453 0
      vertex -33.74063491821289 32.22020721435547 4
      vertex -33.74063491821289 32.22020721435547 0
    endloop
  endfacet
  facet normal -0.9335786675407345 0.3583725317499469 0
    outer loop
      vertex -33.74063491821289 32.22020721435547 4
      vertex -33.85316848754883 31.927051544189453 0
      vertex -33.85316848754883 31.927051544189453 4
    endloop
  endfacet
  facet normal 0.8910097360369573 -0.45398419607663854 0
    outer loop
      vertex 33.59807586669922 -32.5 4
      vertex 33.74063491821289 -32.22020721435547 0
      vertex 33.74063491821289 -32.22020721435547 4
    endloop
  endfacet
  facet normal 0.8910097360369573 -0.45398419607663854 0
    outer loop
      vertex 33.74063491821289 -32.22020721435547 0
      vertex 33.59807586669922 -32.5 4
      vertex 33.59807586669922 -32.5 0
    endloop
  endfacet
  facet normal 0.25881401111867175 -0.9659271751269161 0
    outer loop
      vertex 31.623733520507812 -33.93444061279297 0
      vertex 31.927051544189453 -33.85316848754883 4
      vertex 31.623733520507812 -33.93444061279297 4
    endloop
  endfacet
  facet normal 0.25881401111867175 -0.9659271751269161 0
    outer loop
      vertex 31.927051544189453 -33.85316848754883 4
      vertex 31.623733520507812 -33.93444061279297 0
      vertex 31.927051544189453 -33.85316848754883 0
    endloop
  endfacet
  facet normal 0.8910097360369573 0.45398419607663854 0
    outer loop
      vertex 33.74063491821289 32.22020721435547 4
      vertex 33.59807586669922 32.5 0
      vertex 33.59807586669922 32.5 4
    endloop
  endfacet
  facet normal 0.8910097360369573 0.45398419607663854 0
    outer loop
      vertex 33.59807586669922 32.5 0
      vertex 33.74063491821289 32.22020721435547 4
      vertex 33.74063491821289 32.22020721435547 0
    endloop
  endfacet
  facet normal 0.9986296333495777 -0.05233407490429332 0
    outer loop
      vertex 33.98356628417969 -31.31358528137207 4
      vertex 34 -31 0
      vertex 34 -31 4
    endloop
  endfacet
  facet normal 0.9986296333495777 -0.05233407490429332 0
    outer loop
      vertex 34 -31 0
      vertex 33.98356628417969 -31.31358528137207 4
      vertex 33.98356628417969 -31.31358528137207 0
    endloop
  endfacet
  facet normal -0.05233407490429332 0.9986296333495777 0
    outer loop
      vertex -31 34 0
      vertex -31.31358528137207 33.98356628417969 4
      vertex -31 34 4
    endloop
  endfacet
  facet normal -0.05233407490429332 0.9986296333495777 0
    outer loop
      vertex -31.31358528137207 33.98356628417969 4
      vertex -31 34 0
      vertex -31.31358528137207 33.98356628417969 0
    endloop
  endfacet
  facet normal 0.7071067811865475 -0.7071067811865475 0
    outer loop
      vertex 33.00739288330078 -33.229434967041016 4
      vertex 33.229434967041016 -33.00739288330078 0
      vertex 33.229434967041016 -33.00739288330078 4
    endloop
  endfacet
  facet normal 0.7071067811865475 -0.7071067811865475 0
    outer loop
      vertex 33.229434967041016 -33.00739288330078 0
      vertex 33.00739288330078 -33.229434967041016 4
      vertex 33.00739288330078 -33.229434967041016 0
    endloop
  endfacet
  facet normal -0.9986296333495777 0.05233407490429332 0
    outer loop
      vertex -34 31 0
      vertex -33.98356628417969 31.31358528137207 4
      vertex -33.98356628417969 31.31358528137207 0
    endloop
  endfacet
  facet normal -0.9986296333495777 0.05233407490429332 0
    outer loop
      vertex -33.98356628417969 31.31358528137207 4
      vertex -34 31 0
      vertex -34 31 4
    endloop
  endfacet
  facet normal 0.5446377361332784 0.8386714114476644 0
    outer loop
      vertex 32.76335525512695 33.42705154418945 0
      vertex 32.5 33.59807586669922 4
      vertex 32.76335525512695 33.42705154418945 4
    endloop
  endfacet
  facet normal 0.5446377361332784 0.8386714114476644 0
    outer loop
      vertex 32.5 33.59807586669922 4
      vertex 32.76335525512695 33.42705154418945 0
      vertex 32.5 33.59807586669922 0
    endloop
  endfacet
  facet normal 0.1564438349880486 0.9876868564956367 0
    outer loop
      vertex 31.623733520507812 33.93444061279297 0
      vertex 31.31358528137207 33.98356628417969 4
      vertex 31.623733520507812 33.93444061279297 4
    endloop
  endfacet
  facet normal 0.1564438349880486 0.9876868564956367 0
    outer loop
      vertex 31.31358528137207 33.98356628417969 4
      vertex 31.623733520507812 33.93444061279297 0
      vertex 31.31358528137207 33.98356628417969 0
    endloop
  endfacet
  facet normal -0.3583725317499469 0.9335786675407345 0
    outer loop
      vertex -31.927051544189453 33.85316848754883 0
      vertex -32.22020721435547 33.74063491821289 4
      vertex -31.927051544189453 33.85316848754883 4
    endloop
  endfacet
  facet normal -0.3583725317499469 0.9335786675407345 0
    outer loop
      vertex -32.22020721435547 33.74063491821289 4
      vertex -31.927051544189453 33.85316848754883 0
      vertex -32.22020721435547 33.74063491821289 0
    endloop
  endfacet
  facet normal 0.5446377361332784 -0.8386714114476644 0
    outer loop
      vertex 32.5 -33.59807586669922 0
      vertex 32.76335525512695 -33.42705154418945 4
      vertex 32.5 -33.59807586669922 4
    endloop
  endfacet
  facet normal 0.5446377361332784 -0.8386714114476644 0
    outer loop
      vertex 32.76335525512695 -33.42705154418945 4
      vertex 32.5 -33.59807586669922 0
      vertex 32.76335525512695 -33.42705154418945 0
    endloop
  endfacet
  facet normal 0.3583725317499469 -0.9335786675407345 0
    outer loop
      vertex 31.927051544189453 -33.85316848754883 0
      vertex 32.22020721435547 -33.74063491821289 4
      vertex 31.927051544189453 -33.85316848754883 4
    endloop
  endfacet
  facet normal 0.3583725317499469 -0.9335786675407345 0
    outer loop
      vertex 32.22020721435547 -33.74063491821289 4
      vertex 31.927051544189453 -33.85316848754883 0
      vertex 32.22020721435547 -33.74063491821289 0
    endloop
  endfacet
  facet normal -0.1564438349880486 -0.9876868564956367 0
    outer loop
      vertex -31.623733520507812 -33.93444061279297 0
      vertex -31.31358528137207 -33.98356628417969 4
      vertex -31.623733520507812 -33.93444061279297 4
    endloop
  endfacet
  facet normal -0.1564438349880486 -0.9876868564956367 0
    outer loop
      vertex -31.31358528137207 -33.98356628417969 4
      vertex -31.623733520507812 -33.93444061279297 0
      vertex -31.31358528137207 -33.98356628417969 0
    endloop
  endfacet
  facet normal 0.05233407490429332 -0.9986296333495777 0
    outer loop
      vertex 31 -34 0
      vertex 31.31358528137207 -33.98356628417969 4
      vertex 31 -34 4
    endloop
  endfacet
  facet normal 0.05233407490429332 -0.9986296333495777 0
    outer loop
      vertex 31.31358528137207 -33.98356628417969 4
      vertex 31 -34 0
      vertex 31.31358528137207 -33.98356628417969 0
    endloop
  endfacet
  facet normal -0.9335786675407345 -0.3583725317499469 0
    outer loop
      vertex -33.74063491821289 -32.22020721435547 0
      vertex -33.85316848754883 -31.927051544189453 4
      vertex -33.85316848754883 -31.927051544189453 0
    endloop
  endfacet
  facet normal -0.9335786675407345 -0.3583725317499469 0
    outer loop
      vertex -33.85316848754883 -31.927051544189453 4
      vertex -33.74063491821289 -32.22020721435547 0
      vertex -33.74063491821289 -32.22020721435547 4
    endloop
  endfacet
  facet normal 0.45398419607663854 0.8910097360369573 0
    outer loop
      vertex 32.5 33.59807586669922 0
      vertex 32.22020721435547 33.74063491821289 4
      vertex 32.5 33.59807586669922 4
    endloop
  endfacet
  facet normal 0.45398419607663854 0.8910097360369573 0
    outer loop
      vertex 32.22020721435547 33.74063491821289 4
      vertex 32.5 33.59807586669922 0
      vertex 32.22020721435547 33.74063491821289 0
    endloop
  endfacet
  facet normal 0.3583725317499469 0.9335786675407345 0
    outer loop
      vertex 32.22020721435547 33.74063491821289 0
      vertex 31.927051544189453 33.85316848754883 4
      vertex 32.22020721435547 33.74063491821289 4
    endloop
  endfacet
  facet normal 0.3583725317499469 0.9335786675407345 0
    outer loop
      vertex 31.927051544189453 33.85316848754883 4
      vertex 32.22020721435547 33.74063491821289 0
      vertex 31.927051544189453 33.85316848754883 0
    endloop
  endfacet
  facet normal 0.9986296333495777 0.05233407490429332 0
    outer loop
      vertex 34 31 4
      vertex 33.98356628417969 31.31358528137207 0
      vertex 33.98356628417969 31.31358528137207 4
    endloop
  endfacet
  facet normal 0.9986296333495777 0.05233407490429332 0
    outer loop
      vertex 33.98356628417969 31.31358528137207 0
      vertex 34 31 4
      vertex 34 31 0
    endloop
  endfacet
  facet normal -0.3583725317499469 -0.9335786675407345 0
    outer loop
      vertex -32.22020721435547 -33.74063491821289 0
      vertex -31.927051544189453 -33.85316848754883 4
      vertex -32.22020721435547 -33.74063491821289 4
    endloop
  endfacet
  facet normal -0.3583725317499469 -0.9335786675407345 0
    outer loop
      vertex -31.927051544189453 -33.85316848754883 4
      vertex -32.22020721435547 -33.74063491821289 0
      vertex -31.927051544189453 -33.85316848754883 0
    endloop
  endfacet
  facet normal -0.05233407490429332 -0.9986296333495777 0
    outer loop
      vertex -31.31358528137207 -33.98356628417969 0
      vertex -31 -34 4
      vertex -31.31358528137207 -33.98356628417969 4
    endloop
  endfacet
  facet normal -0.05233407490429332 -0.9986296333495777 0
    outer loop
      vertex -31 -34 4
      vertex -31.31358528137207 -33.98356628417969 0
      vertex -31 -34 0
    endloop
  endfacet
  facet normal -0.45398419607663854 0.8910097360369573 0
    outer loop
      vertex -32.22020721435547 33.74063491821289 0
      vertex -32.5 33.59807586669922 4
      vertex -32.22020721435547 33.74063491821289 4
    endloop
  endfacet
  facet normal -0.45398419607663854 0.8910097360369573 0
    outer loop
      vertex -32.5 33.59807586669922 4
      vertex -32.22020721435547 33.74063491821289 0
      vertex -32.5 33.59807586669922 0
    endloop
  endfacet
  facet normal -0.5446377361332784 -0.8386714114476644 0
    outer loop
      vertex -32.76335525512695 -33.42705154418945 0
      vertex -32.5 -33.59807586669922 4
      vertex -32.76335525512695 -33.42705154418945 4
    endloop
  endfacet
  facet normal -0.5446377361332784 -0.8386714114476644 0
    outer loop
      vertex -32.5 -33.59807586669922 4
      vertex -32.76335525512695 -33.42705154418945 0
      vertex -32.5 -33.59807586669922 0
    endloop
  endfacet
  facet normal -0.7071067811865475 0.7071067811865475 0
    outer loop
      vertex -33.229434967041016 33.00739288330078 0
      vertex -33.00739288330078 33.229434967041016 4
      vertex -33.00739288330078 33.229434967041016 0
    endloop
  endfacet
  facet normal -0.7071067811865475 0.7071067811865475 0
    outer loop
      vertex -33.00739288330078 33.229434967041016 4
      vertex -33.229434967041016 33.00739288330078 0
      vertex -33.229434967041016 33.00739288330078 4
    endloop
  endfacet
  facet normal -0.7771478267571637 0.6293180875889532 0
    outer loop
      vertex -33.42705154418945 32.76335525512695 0
      vertex -33.229434967041016 33.00739288330078 4
      vertex -33.229434967041016 33.00739288330078 0
    endloop
  endfacet
  facet normal -0.7771478267571637 0.6293180875889532 0
    outer loop
      vertex -33.229434967041016 33.00739288330078 4
      vertex -33.42705154418945 32.76335525512695 0
      vertex -33.42705154418945 32.76335525512695 4
    endloop
  endfacet
  facet normal 0.8386714114476644 0.5446377361332784 0
    outer loop
      vertex 33.59807586669922 32.5 4
      vertex 33.42705154418945 32.76335525512695 0
      vertex 33.42705154418945 32.76335525512695 4
    endloop
  endfacet
  facet normal 0.8386714114476644 0.5446377361332784 0
    outer loop
      vertex 33.42705154418945 32.76335525512695 0
      vertex 33.59807586669922 32.5 4
      vertex 33.59807586669922 32.5 0
    endloop
  endfacet
  facet normal 0.9335786675407345 0.3583725317499469 0
    outer loop
      vertex 33.85316848754883 31.927051544189453 4
      vertex 33.74063491821289 32.22020721435547 0
      vertex 33.74063491821289 32.22020721435547 4
    endloop
  endfacet
  facet normal 0.9335786675407345 0.3583725317499469 0
    outer loop
      vertex 33.74063491821289 32.22020721435547 0
      vertex 33.85316848754883 31.927051544189453 4
      vertex 33.85316848754883 31.927051544189453 0
    endloop
  endfacet
  facet normal 0 0 1
    outer loop
      vertex 28 -31 4
      vertex 4.563608169555664 -32.316871643066406 4
      vertex 4.592612266540527 -32.5 4
    endloop
  endfacet
  facet normal 0 0 1
    outer loop
      vertex 28 -31 4
      vertex 4.479433059692383 -32.15167236328125 4
      vertex 4.563608169555664 -32.316871643066406 4
    endloop
  endfacet
  facet normal 0 0 1
    outer loop
      vertex 28 -31 4
      vertex 4.348328590393066 -32.020565032958984 4
      vertex 4.479433059692383 -32.15167236328125 4
    endloop
  endfacet
  facet normal 0 0 1
    outer loop
      vertex 28 -31 4
      vertex 4.183127403259277 -31.936389923095703 4
      vertex 4.348328590393066 -32.020565032958984 4
    endloop
  endfacet
  facet normal 0 0 1
    outer loop
      vertex 28 -31 4
      vertex 4 -31.907386779785156 4
      vertex 4.183127403259277 -31.936389923095703 4
    endloop
  endfacet
  facet normal 0 0 1
    outer loop
      vertex 28 -31 4
      vertex -4 -31.907386779785156 4
      vertex 4 -31.907386779785156 4
    endloop
  endfacet
  facet normal 0 0 1
    outer loop
      vertex -4.563608169555664 -32.316871643066406 4
      vertex -28 -31 4
      vertex -4.592612266540527 -32.5 4
    endloop
  endfacet
  facet normal 0 0 1
    outer loop
      vertex -4.479433059692383 -32.15167236328125 4
      vertex -28 -31 4
      vertex -4.563608169555664 -32.316871643066406 4
    endloop
  endfacet
  facet normal 0 0 1
    outer loop
      vertex -4.348328590393066 -32.020565032958984 4
      vertex -28 -31 4
      vertex -4.479433059692383 -32.15167236328125 4
    endloop
  endfacet
  facet normal 0 0 1
    outer loop
      vertex -4.183127403259277 -31.936389923095703 4
      vertex -28 -31 4
      vertex -4.348328590393066 -32.020565032958984 4
    endloop
  endfacet
  facet normal 0 0 1
    outer loop
      vertex -4 -31.907386779785156 4
      vertex -28 -31 4
      vertex -4.183127403259277 -31.936389923095703 4
    endloop
  endfacet
  facet normal 0 0 1
    outer loop
      vertex -28 -31 4
      vertex -4 -31.907386779785156 4
      vertex 28 -31 4
    endloop
  endfacet
  facet normal 0 0 1
    outer loop
      vertex 34 31 4
      vertex 30.983566284179688 28.31358528137207 4
      vertex 31 28 4
    endloop
  endfacet
  facet normal 0 0 1
    outer loop
      vertex 31.31358528137207 33.98356628417969 4
      vertex 30.9344425201416 28.623733520507812 4
      vertex 30.983566284179688 28.31358528137207 4
    endloop
  endfacet
  facet normal 0 0 1
    outer loop
      vertex 31.31358528137207 33.98356628417969 4
      vertex 30.853168487548828 28.927051544189453 4
      vertex 30.9344425201416 28.623733520507812 4
    endloop
  endfacet
  facet normal 0 0 1
    outer loop
      vertex 31.31358528137207 33.98356628417969 4
      vertex 30.74063491821289 29.2202091217041 4
      vertex 30.853168487548828 28.927051544189453 4
    endloop
  endfacet
  facet normal 0 0 1
    outer loop
      vertex 31.31358528137207 33.98356628417969 4
      vertex 30.59807586669922 29.5 4
      vertex 30.74063491821289 29.2202091217041 4
    endloop
  endfacet
  facet normal 0 0 1
    outer loop
      vertex 31.31358528137207 33.98356628417969 4
      vertex 30.427051544189453 29.763355255126953 4
      vertex 30.59807586669922 29.5 4
    endloop
  endfacet
  facet normal 0 0 1
    outer loop
      vertex 31.31358528137207 33.98356628417969 4
      vertex 30.229434967041016 30.00739097595215 4
      vertex 30.427051544189453 29.763355255126953 4
    endloop
  endfacet
  facet normal 0 0 1
    outer loop
      vertex 31.31358528137207 33.98356628417969 4
      vertex 30.00739097595215 30.229434967041016 4
      vertex 30.229434967041016 30.00739097595215 4
    endloop
  endfacet
  facet normal 0 0 1
    outer loop
      vertex 31.31358528137207 33.98356628417969 4
      vertex 29.763355255126953 30.427051544189453 4
      vertex 30.00739097595215 30.229434967041016 4
    endloop
  endfacet
  facet normal 0 0 1
    outer loop
      vertex 31 34 4
      vertex 29.5 30.59807586669922 4
      vertex 29.763355255126953 30.427051544189453 4
    endloop
  endfacet
  facet normal 0 0 1
    outer loop
      vertex 31 34 4
      vertex 29.2202091217041 30.74063491821289 4
      vertex 29.5 30.59807586669922 4
    endloop
  endfacet
  facet normal 0 0 1
    outer loop
      vertex 31 34 4
      vertex 28.927051544189453 30.853168487548828 4
      vertex 29.2202091217041 30.74063491821289 4
    endloop
  endfacet
  facet normal 0 0 1
    outer loop
      vertex 31 34 4
      vertex 28.623733520507812 30.9344425201416 4
      vertex 28.927051544189453 30.853168487548828 4
    endloop
  endfacet
  facet normal 0 0 1
    outer loop
      vertex 31 34 4
      vertex 28.31358528137207 30.983566284179688 4
      vertex 28.623733520507812 30.9344425201416 4
    endloop
  endfacet
  facet normal 0 0 1
    outer loop
      vertex 31 34 4
      vertex 28 31 4
      vertex 28.31358528137207 30.983566284179688 4
    endloop
  endfacet
  facet normal 0 0 1
    outer loop
      vertex 31 34 4
      vertex -28 31 4
      vertex 28 31 4
    endloop
  endfacet
  facet normal 0 0 1
    outer loop
      vertex -31 34 4
      vertex -28 31 4
      vertex 31 34 4
    endloop
  endfacet
  facet normal 0 0 1
    outer loop
      vertex -31 34 4
      vertex -28.31358528137207 30.983566284179688 4
      vertex -28 31 4
    endloop
  endfacet
  facet normal 0 0 1
    outer loop
      vertex -31 34 4
      vertex -28.623733520507812 30.9344425201416 4
      vertex -28.31358528137207 30.983566284179688 4
    endloop
  endfacet
  facet normal 0 0 1
    outer loop
      vertex -31 34 4
      vertex -28.927051544189453 30.853168487548828 4
      vertex -28.623733520507812 30.9344425201416 4
    endloop
  endfacet
  facet normal 0 0 1
    outer loop
      vertex -31 34 4
      vertex -29.2202091217041 30.74063491821289 4
      vertex -28.927051544189453 30.853168487548828 4
    endloop
  endfacet
  facet normal 0 0 1
    outer loop
      vertex -31 34 4
      vertex -29.5 30.59807586669922 4
      vertex -29.2202091217041 30.74063491821289 4
    endloop
  endfacet
  facet normal 0 0 1
    outer loop
      vertex -31 34 4
      vertex -29.763355255126953 30.427051544189453 4
      vertex -29.5 30.59807586669922 4
    endloop
  endfacet
  facet normal 0 0 1
    outer loop
      vertex -31.31358528137207 33.98356628417969 4
      vertex -29.763355255126953 30.427051544189453 4
      vertex -31 34 4
    endloop
  endfacet
  facet normal 0 0 1
    outer loop
      vertex -31.623733520507812 33.93444061279297 4
      vertex -29.763355255126953 30.427051544189453 4
      vertex -31.31358528137207 33.98356628417969 4
    endloop
  endfacet
  facet normal 0 0 1
    outer loop
      vertex -29.763355255126953 30.427051544189453 4
      vertex -31.623733520507812 33.93444061279297 4
      vertex -30.00739097595215 30.229434967041016 4
    endloop
  endfacet
  facet normal 0 0 1
    outer loop
      vertex -31.927051544189453 33.85316848754883 4
      vertex -30.00739097595215 30.229434967041016 4
      vertex -31.623733520507812 33.93444061279297 4
    endloop
  endfacet
  facet normal 0 0 1
    outer loop
      vertex -32.22020721435547 33.74063491821289 4
      vertex -30.00739097595215 30.229434967041016 4
      vertex -31.927051544189453 33.85316848754883 4
    endloop
  endfacet
  facet normal 0 0 1
    outer loop
      vertex -32.5 33.59807586669922 4
      vertex -30.00739097595215 30.229434967041016 4
      vertex -32.22020721435547 33.74063491821289 4
    endloop
  endfacet
  facet normal 0 0 1
    outer loop
      vertex -32.76335525512695 33.42705154418945 4
      vertex -30.00739097595215 30.229434967041016 4
      vertex -32.5 33.59807586669922 4
    endloop
  endfacet
  facet normal 0 0 1
    outer loop
      vertex -33.00739288330078 33.229434967041016 4
      vertex -30.00739097595215 30.229434967041016 4
      vertex -32.76335525512695 33.42705154418945 4
    endloop
  endfacet
  facet normal 0 0 1
    outer loop
      vertex -30.00739097595215 30.229434967041016 4
      vertex -33.00739288330078 33.229434967041016 4
      vertex -30.229434967041016 30.00739097595215 4
    endloop
  endfacet
  facet normal 0 0 1
    outer loop
      vertex -30.983566284179688 28.31358528137207 4
      vertex -34 31 4
      vertex -31 28 4
    endloop
  endfacet
  facet normal 0 0 1
    outer loop
      vertex -31 28 4
      vertex -34 31 4
      vertex -31 -28 4
    endloop
  endfacet
  facet normal 0 0 1
    outer loop
      vertex -33.229434967041016 33.00739288330078 4
      vertex -30.229434967041016 30.00739097595215 4
      vertex -33.00739288330078 33.229434967041016 4
    endloop
  endfacet
  facet normal 0 0 1
    outer loop
      vertex -34 -31 4
      vertex -31 -28 4
      vertex -34 31 4
    endloop
  endfacet
  facet normal 0 0 1
    outer loop
      vertex -33.42705154418945 32.76335525512695 4
      vertex -30.229434967041016 30.00739097595215 4
      vertex -33.229434967041016 33.00739288330078 4
    endloop
  endfacet
  facet normal 0 0 1
    outer loop
      vertex -31 -28 4
      vertex -34 -31 4
      vertex -31 -34 4
    endloop
  endfacet
  facet normal 0 0 1
    outer loop
      vertex -33.59807586669922 32.5 4
      vertex -30.229434967041016 30.00739097595215 4
      vertex -33.42705154418945 32.76335525512695 4
    endloop
  endfacet
  facet normal 0 0 1
    outer loop
      vertex -31 -34 4
      vertex -34 -31 4
      vertex -31.31358528137207 -33.98356628417969 4
    endloop
  endfacet
  facet normal 0 0 1
    outer loop
      vertex -33.74063491821289 32.22020721435547 4
      vertex -30.229434967041016 30.00739097595215 4
      vertex -33.59807586669922 32.5 4
    endloop
  endfacet
  facet normal 0 0 1
    outer loop
      vertex -31.31358528137207 -33.98356628417969 4
      vertex -34 -31 4
      vertex -31.623733520507812 -33.93444061279297 4
    endloop
  endfacet
  facet normal 0 0 1
    outer loop
      vertex -33.85316848754883 31.927051544189453 4
      vertex -30.229434967041016 30.00739097595215 4
      vertex -33.74063491821289 32.22020721435547 4
    endloop
  endfacet
  facet normal 0 0 1
    outer loop
      vertex -31.623733520507812 -33.93444061279297 4
      vertex -34 -31 4
      vertex -31.927051544189453 -33.85316848754883 4
    endloop
  endfacet
  facet normal 0 0 1
    outer loop
      vertex -33.93444061279297 31.623733520507812 4
      vertex -30.229434967041016 30.00739097595215 4
      vertex -33.85316848754883 31.927051544189453 4
    endloop
  endfacet
  facet normal 0 0 1
    outer loop
      vertex -31.927051544189453 -33.85316848754883 4
      vertex -34 -31 4
      vertex -32.22020721435547 -33.74063491821289 4
    endloop
  endfacet
  facet normal 0 0 1
    outer loop
      vertex -30.229434967041016 30.00739097595215 4
      vertex -33.93444061279297 31.623733520507812 4
      vertex -30.427051544189453 29.763355255126953 4
    endloop
  endfacet
  facet normal 0 0 1
    outer loop
      vertex -32.22020721435547 -33.74063491821289 4
      vertex -34 -31 4
      vertex -32.5 -33.59807586669922 4
    endloop
  endfacet
  facet normal 0 0 1
    outer loop
      vertex -33.98356628417969 31.31358528137207 4
      vertex -30.427051544189453 29.763355255126953 4
      vertex -33.93444061279297 31.623733520507812 4
    endloop
  endfacet
  facet normal 0 0 1
    outer loop
      vertex -32.5 -33.59807586669922 4
      vertex -34 -31 4
      vertex -32.76335525512695 -33.42705154418945 4
    endloop
  endfacet
  facet normal 0 0 1
    outer loop
      vertex -34 31 4
      vertex -30.427051544189453 29.763355255126953 4
      vertex -33.98356628417969 31.31358528137207 4
    endloop
  endfacet
  facet normal 0 0 1
    outer loop
      vertex -32.76335525512695 -33.42705154418945 4
      vertex -34 -31 4
      vertex -33.00739288330078 -33.229434967041016 4
    endloop
  endfacet
  facet normal 0 0 1
    outer loop
      vertex -30.427051544189453 29.763355255126953 4
      vertex -34 31 4
      vertex -30.59807586669922 29.5 4
    endloop
  endfacet
  facet normal 0 0 1
    outer loop
      vertex -33.00739288330078 -33.229434967041016 4
      vertex -34 -31 4
      vertex -33.229434967041016 -33.00739288330078 4
    endloop
  endfacet
  facet normal 0 0 1
    outer loop
      vertex -30.59807586669922 29.5 4
      vertex -34 31 4
      vertex -30.74063491821289 29.2202091217041 4
    endloop
  endfacet
  facet normal 0 0 1
    outer loop
      vertex -33.229434967041016 -33.00739288330078 4
      vertex -34 -31 4
      vertex -33.42705154418945 -32.76335525512695 4
    endloop
  endfacet
  facet normal 0 0 1
    outer loop
      vertex -30.74063491821289 29.2202091217041 4
      vertex -34 31 4
      vertex -30.853168487548828 28.927051544189453 4
    endloop
  endfacet
  facet normal 0 0 1
    outer loop
      vertex -33.42705154418945 -32.76335525512695 4
      vertex -34 -31 4
      vertex -33.59807586669922 -32.5 4
    endloop
  endfacet
  facet normal 0 0 1
    outer loop
      vertex -30.853168487548828 28.927051544189453 4
      vertex -34 31 4
      vertex -30.9344425201416 28.623733520507812 4
    endloop
  endfacet
  facet normal 0 0 1
    outer loop
      vertex -33.59807586669922 -32.5 4
      vertex -34 -31 4
      vertex -33.74063491821289 -32.22020721435547 4
    endloop
  endfacet
  facet normal 0 0 1
    outer loop
      vertex -30.9344425201416 28.623733520507812 4
      vertex -34 31 4
      vertex -30.983566284179688 28.31358528137207 4
    endloop
  endfacet
  facet normal 0 0 1
    outer loop
      vertex -33.74063491821289 -32.22020721435547 4
      vertex -34 -31 4
      vertex -33.85316848754883 -31.927051544189453 4
    endloop
  endfacet
  facet normal 0 0 1
    outer loop
      vertex -33.85316848754883 -31.927051544189453 4
      vertex -34 -31 4
      vertex -33.93444061279297 -31.623733520507812 4
    endloop
  endfacet
  facet normal 0 0 1
    outer loop
      vertex -33.93444061279297 -31.623733520507812 4
      vertex -34 -31 4
      vertex -33.98356628417969 -31.31358528137207 4
    endloop
  endfacet
  facet normal 0 0 1
    outer loop
      vertex 30.983566284179688 28.31358528137207 4
      vertex 34 31 4
      vertex 33.98356628417969 31.31358528137207 4
    endloop
  endfacet
  facet normal 0 0 1
    outer loop
      vertex 34 31 4
      vertex 31 28 4
      vertex 34 -31 4
    endloop
  endfacet
  facet normal 0 0 1
    outer loop
      vertex 30.983566284179688 28.31358528137207 4
      vertex 33.98356628417969 31.31358528137207 4
      vertex 33.93444061279297 31.623733520507812 4
    endloop
  endfacet
  facet normal 0 0 1
    outer loop
      vertex 31 -28 4
      vertex 34 -31 4
      vertex 31 28 4
    endloop
  endfacet
  facet normal 0 0 1
    outer loop
      vertex 30.983566284179688 28.31358528137207 4
      vertex 33.93444061279297 31.623733520507812 4
      vertex 33.85316848754883 31.927051544189453 4
    endloop
  endfacet
  facet normal 0 0 1
    outer loop
      vertex 30.983566284179688 -28.31358528137207 4
      vertex 34 -31 4
      vertex 31 -28 4
    endloop
  endfacet
  facet normal 0 0 1
    outer loop
      vertex 30.983566284179688 28.31358528137207 4
      vertex 33.85316848754883 31.927051544189453 4
      vertex 33.74063491821289 32.22020721435547 4
    endloop
  endfacet
  facet normal 0 0 1
    outer loop
      vertex 30.9344425201416 -28.623733520507812 4
      vertex 34 -31 4
      vertex 30.983566284179688 -28.31358528137207 4
    endloop
  endfacet
  facet normal 0 0 1
    outer loop
      vertex 30.983566284179688 28.31358528137207 4
      vertex 33.74063491821289 32.22020721435547 4
      vertex 33.59807586669922 32.5 4
    endloop
  endfacet
  facet normal 0 0 1
    outer loop
      vertex 30.853168487548828 -28.927051544189453 4
      vertex 34 -31 4
      vertex 30.9344425201416 -28.623733520507812 4
    endloop
  endfacet
  facet normal 0 0 1
    outer loop
      vertex 30.983566284179688 28.31358528137207 4
      vertex 33.59807586669922 32.5 4
      vertex 33.42705154418945 32.76335525512695 4
    endloop
  endfacet
  facet normal 0 0 1
    outer loop
      vertex 30.74063491821289 -29.2202091217041 4
      vertex 34 -31 4
      vertex 30.853168487548828 -28.927051544189453 4
    endloop
  endfacet
  facet normal 0 0 1
    outer loop
      vertex 30.983566284179688 28.31358528137207 4
      vertex 33.42705154418945 32.76335525512695 4
      vertex 33.229434967041016 33.00739288330078 4
    endloop
  endfacet
  facet normal 0 0 1
    outer loop
      vertex 30.59807586669922 -29.5 4
      vertex 34 -31 4
      vertex 30.74063491821289 -29.2202091217041 4
    endloop
  endfacet
  facet normal 0 0 1
    outer loop
      vertex 30.983566284179688 28.31358528137207 4
      vertex 33.229434967041016 33.00739288330078 4
      vertex 33.00739288330078 33.229434967041016 4
    endloop
  endfacet
  facet normal 0 0 1
    outer loop
      vertex 30.427051544189453 -29.763355255126953 4
      vertex 34 -31 4
      vertex 30.59807586669922 -29.5 4
    endloop
  endfacet
  facet normal 0 0 1
    outer loop
      vertex 30.983566284179688 28.31358528137207 4
      vertex 33.00739288330078 33.229434967041016 4
      vertex 32.76335525512695 33.42705154418945 4
    endloop
  endfacet
  facet normal 0 0 1
    outer loop
      vertex 34 -31 4
      vertex 30.427051544189453 -29.763355255126953 4
      vertex 33.98356628417969 -31.31358528137207 4
    endloop
  endfacet
  facet normal 0 0 1
    outer loop
      vertex 30.983566284179688 28.31358528137207 4
      vertex 32.76335525512695 33.42705154418945 4
      vertex 32.5 33.59807586669922 4
    endloop
  endfacet
  facet normal 0 0 1
    outer loop
      vertex 33.98356628417969 -31.31358528137207 4
      vertex 30.427051544189453 -29.763355255126953 4
      vertex 33.93444061279297 -31.623733520507812 4
    endloop
  endfacet
  facet normal 0 0 1
    outer loop
      vertex 30.983566284179688 28.31358528137207 4
      vertex 32.5 33.59807586669922 4
      vertex 32.22020721435547 33.74063491821289 4
    endloop
  endfacet
  facet normal 0 0 1
    outer loop
      vertex 30.229434967041016 -30.00739097595215 4
      vertex 33.93444061279297 -31.623733520507812 4
      vertex 30.427051544189453 -29.763355255126953 4
    endloop
  endfacet
  facet normal 0 0 1
    outer loop
      vertex 30.983566284179688 28.31358528137207 4
      vertex 32.22020721435547 33.74063491821289 4
      vertex 31.927051544189453 33.85316848754883 4
    endloop
  endfacet
  facet normal 0 0 1
    outer loop
      vertex 33.93444061279297 -31.623733520507812 4
      vertex 30.229434967041016 -30.00739097595215 4
      vertex 33.85316848754883 -31.927051544189453 4
    endloop
  endfacet
  facet normal 0 0 1
    outer loop
      vertex 30.983566284179688 28.31358528137207 4
      vertex 31.927051544189453 33.85316848754883 4
      vertex 31.623733520507812 33.93444061279297 4
    endloop
  endfacet
  facet normal 0 0 1
    outer loop
      vertex 33.85316848754883 -31.927051544189453 4
      vertex 30.229434967041016 -30.00739097595215 4
      vertex 33.74063491821289 -32.22020721435547 4
    endloop
  endfacet
  facet normal 0 0 1
    outer loop
      vertex 30.983566284179688 28.31358528137207 4
      vertex 31.623733520507812 33.93444061279297 4
      vertex 31.31358528137207 33.98356628417969 4
    endloop
  endfacet
  facet normal 0 0 1
    outer loop
      vertex 33.74063491821289 -32.22020721435547 4
      vertex 30.229434967041016 -30.00739097595215 4
      vertex 33.59807586669922 -32.5 4
    endloop
  endfacet
  facet normal 0 0 1
    outer loop
      vertex 29.763355255126953 30.427051544189453 4
      vertex 31.31358528137207 33.98356628417969 4
      vertex 31 34 4
    endloop
  endfacet
  facet normal 0 0 1
    outer loop
      vertex 33.59807586669922 -32.5 4
      vertex 30.229434967041016 -30.00739097595215 4
      vertex 33.42705154418945 -32.76335525512695 4
    endloop
  endfacet
  facet normal 0 0 1
    outer loop
      vertex 33.42705154418945 -32.76335525512695 4
      vertex 30.229434967041016 -30.00739097595215 4
      vertex 33.229434967041016 -33.00739288330078 4
    endloop
  endfacet
  facet normal 0 0 1
    outer loop
      vertex 33.229434967041016 -33.00739288330078 4
      vertex 30.229434967041016 -30.00739097595215 4
      vertex 33.00739288330078 -33.229434967041016 4
    endloop
  endfacet
  facet normal 0 0 1
    outer loop
      vertex 30.00739097595215 -30.229434967041016 4
      vertex 33.00739288330078 -33.229434967041016 4
      vertex 30.229434967041016 -30.00739097595215 4
    endloop
  endfacet
  facet normal 0 0 1
    outer loop
      vertex 33.00739288330078 -33.229434967041016 4
      vertex 30.00739097595215 -30.229434967041016 4
      vertex 32.76335525512695 -33.42705154418945 4
    endloop
  endfacet
  facet normal 0 0 1
    outer loop
      vertex 32.76335525512695 -33.42705154418945 4
      vertex 30.00739097595215 -30.229434967041016 4
      vertex 32.5 -33.59807586669922 4
    endloop
  endfacet
  facet normal 0 0 1
    outer loop
      vertex 32.5 -33.59807586669922 4
      vertex 30.00739097595215 -30.229434967041016 4
      vertex 32.22020721435547 -33.74063491821289 4
    endloop
  endfacet
  facet normal 0 0 1
    outer loop
      vertex 32.22020721435547 -33.74063491821289 4
      vertex 30.00739097595215 -30.229434967041016 4
      vertex 31.927051544189453 -33.85316848754883 4
    endloop
  endfacet
  facet normal 0 0 1
    outer loop
      vertex 31.927051544189453 -33.85316848754883 4
      vertex 30.00739097595215 -30.229434967041016 4
      vertex 31.623733520507812 -33.93444061279297 4
    endloop
  endfacet
  facet normal 0 0 1
    outer loop
      vertex 29.763355255126953 -30.427051544189453 4
      vertex 31.623733520507812 -33.93444061279297 4
      vertex 30.00739097595215 -30.229434967041016 4
    endloop
  endfacet
  facet normal 0 0 1
    outer loop
      vertex 31.623733520507812 -33.93444061279297 4
      vertex 29.763355255126953 -30.427051544189453 4
      vertex 31.31358528137207 -33.98356628417969 4
    endloop
  endfacet
  facet normal 0 0 1
    outer loop
      vertex 31.31358528137207 -33.98356628417969 4
      vertex 29.763355255126953 -30.427051544189453 4
      vertex 31 -34 4
    endloop
  endfacet
  facet normal 0 0 1
    outer loop
      vertex 29.5 -30.59807586669922 4
      vertex 31 -34 4
      vertex 29.763355255126953 -30.427051544189453 4
    endloop
  endfacet
  facet normal 0 0 1
    outer loop
      vertex 29.2202091217041 -30.74063491821289 4
      vertex 31 -34 4
      vertex 29.5 -30.59807586669922 4
    endloop
  endfacet
  facet normal 0 0 1
    outer loop
      vertex 28.927051544189453 -30.853168487548828 4
      vertex 31 -34 4
      vertex 29.2202091217041 -30.74063491821289 4
    endloop
  endfacet
  facet normal 0 0 1
    outer loop
      vertex 28.623733520507812 -30.9344425201416 4
      vertex 31 -34 4
      vertex 28.927051544189453 -30.853168487548828 4
    endloop
  endfacet
  facet normal 0 0 1
    outer loop
      vertex 28.31358528137207 -30.983566284179688 4
      vertex 31 -34 4
      vertex 28.623733520507812 -30.9344425201416 4
    endloop
  endfacet
  facet normal 0 0 1
    outer loop
      vertex 28 -31 4
      vertex 31 -34 4
      vertex 28.31358528137207 -30.983566284179688 4
    endloop
  endfacet
  facet normal 0 0 1
    outer loop
      vertex 4.563608169555664 -32.683128356933594 4
      vertex 28 -31 4
      vertex 4.592612266540527 -32.5 4
    endloop
  endfacet
  facet normal 0 0 1
    outer loop
      vertex 4.479433059692383 -32.84832763671875 4
      vertex 28 -31 4
      vertex 4.563608169555664 -32.683128356933594 4
    endloop
  endfacet
  facet normal 0 0 1
    outer loop
      vertex 28 -31 4
      vertex 4.479433059692383 -32.84832763671875 4
      vertex 31 -34 4
    endloop
  endfacet
  facet normal 0 0 1
    outer loop
      vertex 4.348328590393066 -32.97943115234375 4
      vertex 31 -34 4
      vertex 4.479433059692383 -32.84832763671875 4
    endloop
  endfacet
  facet normal 0 0 1
    outer loop
      vertex 4.183127403259277 -33.06360626220703 4
      vertex 31 -34 4
      vertex 4.348328590393066 -32.97943115234375 4
    endloop
  endfacet
  facet normal 0 0 1
    outer loop
      vertex 4 -33.092613220214844 4
      vertex 31 -34 4
      vertex 4.183127403259277 -33.06360626220703 4
    endloop
  endfacet
  facet normal 0 0 1
    outer loop
      vertex -4 -33.092613220214844 4
      vertex 31 -34 4
      vertex 4 -33.092613220214844 4
    endloop
  endfacet
  facet normal 0 0 1
    outer loop
      vertex -28 -31 4
      vertex -4.563608169555664 -32.683128356933594 4
      vertex -4.592612266540527 -32.5 4
    endloop
  endfacet
  facet normal 0 0 1
    outer loop
      vertex -28 -31 4
      vertex -4.479433059692383 -32.84832763671875 4
      vertex -4.563608169555664 -32.683128356933594 4
    endloop
  endfacet
  facet normal 0 0 1
    outer loop
      vertex -31 -34 4
      vertex -4.479433059692383 -32.84832763671875 4
      vertex -28 -31 4
    endloop
  endfacet
  facet normal 0 0 1
    outer loop
      vertex -4.479433059692383 -32.84832763671875 4
      vertex -31 -34 4
      vertex -4.348328590393066 -32.97943115234375 4
    endloop
  endfacet
  facet normal 0 0 1
    outer loop
      vertex -4.348328590393066 -32.97943115234375 4
      vertex -31 -34 4
      vertex -4.183127403259277 -33.06360626220703 4
    endloop
  endfacet
  facet normal 0 0 1
    outer loop
      vertex -31 -34 4
      vertex -28 -31 4
      vertex -28.31358528137207 -30.983566284179688 4
    endloop
  endfacet
  facet normal 0 0 1
    outer loop
      vertex -4 -33.092613220214844 4
      vertex -31 -34 4
      vertex 31 -34 4
    endloop
  endfacet
  facet normal 0 0 1
    outer loop
      vertex -4.183127403259277 -33.06360626220703 4
      vertex -31 -34 4
      vertex -4 -33.092613220214844 4
    endloop
  endfacet
  facet normal 0 0 1
    outer loop
      vertex -28.623733520507812 -30.9344425201416 4
      vertex -31 -34 4
      vertex -28.31358528137207 -30.983566284179688 4
    endloop
  endfacet
  facet normal 0 0 1
    outer loop
      vertex -28.927051544189453 -30.853168487548828 4
      vertex -31 -34 4
      vertex -28.623733520507812 -30.9344425201416 4
    endloop
  endfacet
  facet normal 0 0 1
    outer loop
      vertex -29.2202091217041 -30.74063491821289 4
      vertex -31 -34 4
      vertex -28.927051544189453 -30.853168487548828 4
    endloop
  endfacet
  facet normal 0 0 1
    outer loop
      vertex -29.5 -30.59807586669922 4
      vertex -31 -34 4
      vertex -29.2202091217041 -30.74063491821289 4
    endloop
  endfacet
  facet normal 0 0 1
    outer loop
      vertex -29.763355255126953 -30.427051544189453 4
      vertex -31 -34 4
      vertex -29.5 -30.59807586669922 4
    endloop
  endfacet
  facet normal 0 0 1
    outer loop
      vertex -30.00739097595215 -30.229434967041016 4
      vertex -31 -34 4
      vertex -29.763355255126953 -30.427051544189453 4
    endloop
  endfacet
  facet normal 0 0 1
    outer loop
      vertex -30.229434967041016 -30.00739097595215 4
      vertex -31 -34 4
      vertex -30.00739097595215 -30.229434967041016 4
    endloop
  endfacet
  facet normal 0 0 1
    outer loop
      vertex -30.427051544189453 -29.763355255126953 4
      vertex -31 -34 4
      vertex -30.229434967041016 -30.00739097595215 4
    endloop
  endfacet
  facet normal 0 0 1
    outer loop
      vertex -30.59807586669922 -29.5 4
      vertex -31 -34 4
      vertex -30.427051544189453 -29.763355255126953 4
    endloop
  endfacet
  facet normal 0 0 1
    outer loop
      vertex -30.74063491821289 -29.2202091217041 4
      vertex -31 -34 4
      vertex -30.59807586669922 -29.5 4
    endloop
  endfacet
  facet normal 0 0 1
    outer loop
      vertex -30.853168487548828 -28.927051544189453 4
      vertex -31 -34 4
      vertex -30.74063491821289 -29.2202091217041 4
    endloop
  endfacet
  facet normal 0 0 1
    outer loop
      vertex -30.9344425201416 -28.623733520507812 4
      vertex -31 -34 4
      vertex -30.853168487548828 -28.927051544189453 4
    endloop
  endfacet
  facet normal 0 0 1
    outer loop
      vertex -30.983566284179688 -28.31358528137207 4
      vertex -31 -34 4
      vertex -30.9344425201416 -28.623733520507812 4
    endloop
  endfacet
  facet normal 0 0 1
    outer loop
      vertex -31 -34 4
      vertex -30.983566284179688 -28.31358528137207 4
      vertex -31 -28 4
    endloop
  endfacet
  facet normal -0.7071067811865476 -0.7071067811865476 0
    outer loop
      vertex 30.229434967041016 30.00739097595215 3.1999998092651367
      vertex 30.00739097595215 30.229434967041016 4
      vertex 30.00739097595215 30.229434967041016 3.1999998092651367
    endloop
  endfacet
  facet normal -0.7071067811865476 -0.7071067811865476 0
    outer loop
      vertex 30.00739097595215 30.229434967041016 4
      vertex 30.229434967041016 30.00739097595215 3.1999998092651367
      vertex 30.229434967041016 30.00739097595215 4
    endloop
  endfacet
  facet normal -0.9876877950295129 -0.1564379095671472 0
    outer loop
      vertex 30.983566284179688 28.31358528137207 3.1999998092651367
      vertex 30.9344425201416 28.623733520507812 4
      vertex 30.9344425201416 28.623733520507812 3.1999998092651367
    endloop
  endfacet
  facet normal -0.9876877950295129 -0.1564379095671472 0
    outer loop
      vertex 30.9344425201416 28.623733520507812 4
      vertex 30.983566284179688 28.31358528137207 3.1999998092651367
      vertex 30.983566284179688 28.31358528137207 4
    endloop
  endfacet
  facet normal -0.7071067811865476 0.7071067811865476 0
    outer loop
      vertex 30.00739097595215 -30.229434967041016 3.1999998092651367
      vertex 30.229434967041016 -30.00739097595215 4
      vertex 30.229434967041016 -30.00739097595215 3.1999998092651367
    endloop
  endfacet
  facet normal -0.7071067811865476 0.7071067811865476 0
    outer loop
      vertex 30.229434967041016 -30.00739097595215 4
      vertex 30.00739097595215 -30.229434967041016 3.1999998092651367
      vertex 30.00739097595215 -30.229434967041016 4
    endloop
  endfacet
  facet normal -0.9986296333495776 -0.05233407490429332 0
    outer loop
      vertex 31 28 3.1999998092651367
      vertex 30.983566284179688 28.31358528137207 4
      vertex 30.983566284179688 28.31358528137207 3.1999998092651367
    endloop
  endfacet
  facet normal -0.9986296333495776 -0.05233407490429332 0
    outer loop
      vertex 30.983566284179688 28.31358528137207 4
      vertex 31 28 3.1999998092651367
      vertex 31 28 4
    endloop
  endfacet
  facet normal 0 -1 0
    outer loop
      vertex -28 31 3.1999998092651367
      vertex 28 31 4
      vertex -28 31 4
    endloop
  endfacet
  facet normal 0 -1 0
    outer loop
      vertex 28 31 4
      vertex -28 31 3.1999998092651367
      vertex 28 31 3.1999998092651367
    endloop
  endfacet
  facet normal 0.05233407490429332 0.9986296333495776 0
    outer loop
      vertex -28 -31 3.1999998092651367
      vertex -28.31358528137207 -30.983566284179688 4
      vertex -28 -31 4
    endloop
  endfacet
  facet normal 0.05233407490429332 0.9986296333495776 0
    outer loop
      vertex -28.31358528137207 -30.983566284179688 4
      vertex -28 -31 3.1999998092651367
      vertex -28.31358528137207 -30.983566284179688 3.1999998092651367
    endloop
  endfacet
  facet normal 0.8386714114476644 0.5446377361332784 0
    outer loop
      vertex -30.427051544189453 -29.763355255126953 4
      vertex -30.59807586669922 -29.5 3.1999998092651367
      vertex -30.59807586669922 -29.5 4
    endloop
  endfacet
  facet normal 0.8386714114476644 0.5446377361332784 0
    outer loop
      vertex -30.59807586669922 -29.5 3.1999998092651367
      vertex -30.427051544189453 -29.763355255126953 4
      vertex -30.427051544189453 -29.763355255126953 3.1999998092651367
    endloop
  endfacet
  facet normal 0.9876877950295129 0.1564379095671472 0
    outer loop
      vertex -30.9344425201416 -28.623733520507812 4
      vertex -30.983566284179688 -28.31358528137207 3.1999998092651367
      vertex -30.983566284179688 -28.31358528137207 4
    endloop
  endfacet
  facet normal 0.9876877950295129 0.1564379095671472 0
    outer loop
      vertex -30.983566284179688 -28.31358528137207 3.1999998092651367
      vertex -30.9344425201416 -28.623733520507812 4
      vertex -30.9344425201416 -28.623733520507812 3.1999998092651367
    endloop
  endfacet
  facet normal -1 0 0
    outer loop
      vertex 31 -28 3.1999998092651367
      vertex 31 28 4
      vertex 31 28 3.1999998092651367
    endloop
  endfacet
  facet normal -1 0 0
    outer loop
      vertex 31 28 4
      vertex 31 -28 3.1999998092651367
      vertex 31 -28 4
    endloop
  endfacet
  facet normal 0.7771454211737127 0.629321058243511 0
    outer loop
      vertex -30.229434967041016 -30.00739097595215 4
      vertex -30.427051544189453 -29.763355255126953 3.1999998092651367
      vertex -30.427051544189453 -29.763355255126953 4
    endloop
  endfacet
  facet normal 0.7771454211737127 0.629321058243511 0
    outer loop
      vertex -30.427051544189453 -29.763355255126953 3.1999998092651367
      vertex -30.229434967041016 -30.00739097595215 4
      vertex -30.229434967041016 -30.00739097595215 3.1999998092651367
    endloop
  endfacet
  facet normal -0.2588196782593614 -0.9659256566349818 0
    outer loop
      vertex 28.623733520507812 30.9344425201416 3.1999998092651367
      vertex 28.927051544189453 30.853168487548828 4
      vertex 28.623733520507812 30.9344425201416 4
    endloop
  endfacet
  facet normal -0.2588196782593614 -0.9659256566349818 0
    outer loop
      vertex 28.927051544189453 30.853168487548828 4
      vertex 28.623733520507812 30.9344425201416 3.1999998092651367
      vertex 28.927051544189453 30.853168487548828 3.1999998092651367
    endloop
  endfacet
  facet normal 0.9659256566349818 0.2588196782593614 0
    outer loop
      vertex -30.853168487548828 -28.927051544189453 4
      vertex -30.9344425201416 -28.623733520507812 3.1999998092651367
      vertex -30.9344425201416 -28.623733520507812 4
    endloop
  endfacet
  facet normal 0.9659256566349818 0.2588196782593614 0
    outer loop
      vertex -30.9344425201416 -28.623733520507812 3.1999998092651367
      vertex -30.853168487548828 -28.927051544189453 4
      vertex -30.853168487548828 -28.927051544189453 3.1999998092651367
    endloop
  endfacet
  facet normal 0.9659256566349818 -0.2588196782593614 0
    outer loop
      vertex -30.9344425201416 28.623733520507812 4
      vertex -30.853168487548828 28.927051544189453 3.1999998092651367
      vertex -30.853168487548828 28.927051544189453 4
    endloop
  endfacet
  facet normal 0.9659256566349818 -0.2588196782593614 0
    outer loop
      vertex -30.853168487548828 28.927051544189453 3.1999998092651367
      vertex -30.9344425201416 28.623733520507812 4
      vertex -30.9344425201416 28.623733520507812 3.1999998092651367
    endloop
  endfacet
  facet normal -0.9335794476374308 0.358370499551776 0
    outer loop
      vertex 30.74063491821289 -29.2202091217041 3.1999998092651367
      vertex 30.853168487548828 -28.927051544189453 4
      vertex 30.853168487548828 -28.927051544189453 3.1999998092651367
    endloop
  endfacet
  facet normal -0.9335794476374308 0.358370499551776 0
    outer loop
      vertex 30.853168487548828 -28.927051544189453 4
      vertex 30.74063491821289 -29.2202091217041 3.1999998092651367
      vertex 30.74063491821289 -29.2202091217041 4
    endloop
  endfacet
  facet normal -0.358370499551776 0.9335794476374308 0
    outer loop
      vertex 29.2202091217041 -30.74063491821289 3.1999998092651367
      vertex 28.927051544189453 -30.853168487548828 4
      vertex 29.2202091217041 -30.74063491821289 4
    endloop
  endfacet
  facet normal -0.358370499551776 0.9335794476374308 0
    outer loop
      vertex 28.927051544189453 -30.853168487548828 4
      vertex 29.2202091217041 -30.74063491821289 3.1999998092651367
      vertex 28.927051544189453 -30.853168487548828 3.1999998092651367
    endloop
  endfacet
  facet normal 0.8910084841618189 -0.4539866530545342 0
    outer loop
      vertex -30.74063491821289 29.2202091217041 4
      vertex -30.59807586669922 29.5 3.1999998092651367
      vertex -30.59807586669922 29.5 4
    endloop
  endfacet
  facet normal 0.8910084841618189 -0.4539866530545342 0
    outer loop
      vertex -30.59807586669922 29.5 3.1999998092651367
      vertex -30.74063491821289 29.2202091217041 4
      vertex -30.74063491821289 29.2202091217041 3.1999998092651367
    endloop
  endfacet
  facet normal 0.5446377361332784 -0.8386714114476644 0
    outer loop
      vertex -29.763355255126953 30.427051544189453 3.1999998092651367
      vertex -29.5 30.59807586669922 4
      vertex -29.763355255126953 30.427051544189453 4
    endloop
  endfacet
  facet normal 0.5446377361332784 -0.8386714114476644 0
    outer loop
      vertex -29.5 30.59807586669922 4
      vertex -29.763355255126953 30.427051544189453 3.1999998092651367
      vertex -29.5 30.59807586669922 3.1999998092651367
    endloop
  endfacet
  facet normal -0.9659256566349818 -0.2588196782593614 0
    outer loop
      vertex 30.9344425201416 28.623733520507812 3.1999998092651367
      vertex 30.853168487548828 28.927051544189453 4
      vertex 30.853168487548828 28.927051544189453 3.1999998092651367
    endloop
  endfacet
  facet normal -0.9659256566349818 -0.2588196782593614 0
    outer loop
      vertex 30.853168487548828 28.927051544189453 4
      vertex 30.9344425201416 28.623733520507812 3.1999998092651367
      vertex 30.9344425201416 28.623733520507812 4
    endloop
  endfacet
  facet normal 0 1 0
    outer loop
      vertex 28 -31 3.1999998092651367
      vertex -28 -31 4
      vertex 28 -31 4
    endloop
  endfacet
  facet normal 0 1 0
    outer loop
      vertex -28 -31 4
      vertex 28 -31 3.1999998092651367
      vertex -28 -31 3.1999998092651367
    endloop
  endfacet
  facet normal 1 0 0
    outer loop
      vertex -31 -28 4
      vertex -31 28 3.1999998092651367
      vertex -31 28 4
    endloop
  endfacet
  facet normal 1 0 0
    outer loop
      vertex -31 28 3.1999998092651367
      vertex -31 -28 4
      vertex -31 -28 3.1999998092651367
    endloop
  endfacet
  facet normal -0.05233407490429332 -0.9986296333495776 0
    outer loop
      vertex 28 31 3.1999998092651367
      vertex 28.31358528137207 30.983566284179688 4
      vertex 28 31 4
    endloop
  endfacet
  facet normal -0.05233407490429332 -0.9986296333495776 0
    outer loop
      vertex 28.31358528137207 30.983566284179688 4
      vertex 28 31 3.1999998092651367
      vertex 28.31358528137207 30.983566284179688 3.1999998092651367
    endloop
  endfacet
  facet normal 0.9986296333495776 0.05233407490429332 0
    outer loop
      vertex -30.983566284179688 -28.31358528137207 4
      vertex -31 -28 3.1999998092651367
      vertex -31 -28 4
    endloop
  endfacet
  facet normal 0.9986296333495776 0.05233407490429332 0
    outer loop
      vertex -31 -28 3.1999998092651367
      vertex -30.983566284179688 -28.31358528137207 4
      vertex -30.983566284179688 -28.31358528137207 3.1999998092651367
    endloop
  endfacet
  facet normal -0.9876877950295129 0.1564379095671472 0
    outer loop
      vertex 30.9344425201416 -28.623733520507812 3.1999998092651367
      vertex 30.983566284179688 -28.31358528137207 4
      vertex 30.983566284179688 -28.31358528137207 3.1999998092651367
    endloop
  endfacet
  facet normal -0.9876877950295129 0.1564379095671472 0
    outer loop
      vertex 30.983566284179688 -28.31358528137207 4
      vertex 30.9344425201416 -28.623733520507812 3.1999998092651367
      vertex 30.9344425201416 -28.623733520507812 4
    endloop
  endfacet
  facet normal 0.7771454211737127 -0.629321058243511 0
    outer loop
      vertex -30.427051544189453 29.763355255126953 4
      vertex -30.229434967041016 30.00739097595215 3.1999998092651367
      vertex -30.229434967041016 30.00739097595215 4
    endloop
  endfacet
  facet normal 0.7771454211737127 -0.629321058243511 0
    outer loop
      vertex -30.229434967041016 30.00739097595215 3.1999998092651367
      vertex -30.427051544189453 29.763355255126953 4
      vertex -30.427051544189453 29.763355255126953 3.1999998092651367
    endloop
  endfacet
  facet normal -0.8910084841618189 0.4539866530545342 0
    outer loop
      vertex 30.59807586669922 -29.5 3.1999998092651367
      vertex 30.74063491821289 -29.2202091217041 4
      vertex 30.74063491821289 -29.2202091217041 3.1999998092651367
    endloop
  endfacet
  facet normal -0.8910084841618189 0.4539866530545342 0
    outer loop
      vertex 30.74063491821289 -29.2202091217041 4
      vertex 30.59807586669922 -29.5 3.1999998092651367
      vertex 30.59807586669922 -29.5 4
    endloop
  endfacet
  facet normal 0.8910084841618189 0.4539866530545342 0
    outer loop
      vertex -30.59807586669922 -29.5 4
      vertex -30.74063491821289 -29.2202091217041 3.1999998092651367
      vertex -30.74063491821289 -29.2202091217041 4
    endloop
  endfacet
  facet normal 0.8910084841618189 0.4539866530545342 0
    outer loop
      vertex -30.74063491821289 -29.2202091217041 3.1999998092651367
      vertex -30.59807586669922 -29.5 4
      vertex -30.59807586669922 -29.5 3.1999998092651367
    endloop
  endfacet
  facet normal -0.1564379095671472 -0.9876877950295129 0
    outer loop
      vertex 28.31358528137207 30.983566284179688 3.1999998092651367
      vertex 28.623733520507812 30.9344425201416 4
      vertex 28.31358528137207 30.983566284179688 4
    endloop
  endfacet
  facet normal -0.1564379095671472 -0.9876877950295129 0
    outer loop
      vertex 28.623733520507812 30.9344425201416 4
      vertex 28.31358528137207 30.983566284179688 3.1999998092651367
      vertex 28.623733520507812 30.9344425201416 3.1999998092651367
    endloop
  endfacet
  facet normal 0.9876877950295129 -0.1564379095671472 0
    outer loop
      vertex -30.983566284179688 28.31358528137207 4
      vertex -30.9344425201416 28.623733520507812 3.1999998092651367
      vertex -30.9344425201416 28.623733520507812 4
    endloop
  endfacet
  facet normal 0.9876877950295129 -0.1564379095671472 0
    outer loop
      vertex -30.9344425201416 28.623733520507812 3.1999998092651367
      vertex -30.983566284179688 28.31358528137207 4
      vertex -30.983566284179688 28.31358528137207 3.1999998092651367
    endloop
  endfacet
  facet normal 0.7071067811865476 0.7071067811865476 0
    outer loop
      vertex -30.00739097595215 -30.229434967041016 4
      vertex -30.229434967041016 -30.00739097595215 3.1999998092651367
      vertex -30.229434967041016 -30.00739097595215 4
    endloop
  endfacet
  facet normal 0.7071067811865476 0.7071067811865476 0
    outer loop
      vertex -30.229434967041016 -30.00739097595215 3.1999998092651367
      vertex -30.00739097595215 -30.229434967041016 4
      vertex -30.00739097595215 -30.229434967041016 3.1999998092651367
    endloop
  endfacet
  facet normal 0.9986296333495776 -0.05233407490429332 0
    outer loop
      vertex -31 28 4
      vertex -30.983566284179688 28.31358528137207 3.1999998092651367
      vertex -30.983566284179688 28.31358528137207 4
    endloop
  endfacet
  facet normal 0.9986296333495776 -0.05233407490429332 0
    outer loop
      vertex -30.983566284179688 28.31358528137207 3.1999998092651367
      vertex -31 28 4
      vertex -31 28 3.1999998092651367
    endloop
  endfacet
  facet normal -0.5446377361332784 -0.8386714114476644 0
    outer loop
      vertex 29.5 30.59807586669922 3.1999998092651367
      vertex 29.763355255126953 30.427051544189453 4
      vertex 29.5 30.59807586669922 4
    endloop
  endfacet
  facet normal -0.5446377361332784 -0.8386714114476644 0
    outer loop
      vertex 29.763355255126953 30.427051544189453 4
      vertex 29.5 30.59807586669922 3.1999998092651367
      vertex 29.763355255126953 30.427051544189453 3.1999998092651367
    endloop
  endfacet
  facet normal 0.4539866530545342 0.8910084841618189 0
    outer loop
      vertex -29.2202091217041 -30.74063491821289 3.1999998092651367
      vertex -29.5 -30.59807586669922 4
      vertex -29.2202091217041 -30.74063491821289 4
    endloop
  endfacet
  facet normal 0.4539866530545342 0.8910084841618189 0
    outer loop
      vertex -29.5 -30.59807586669922 4
      vertex -29.2202091217041 -30.74063491821289 3.1999998092651367
      vertex -29.5 -30.59807586669922 3.1999998092651367
    endloop
  endfacet
  facet normal -0.629321058243511 -0.7771454211737127 0
    outer loop
      vertex 29.763355255126953 30.427051544189453 3.1999998092651367
      vertex 30.00739097595215 30.229434967041016 4
      vertex 29.763355255126953 30.427051544189453 4
    endloop
  endfacet
  facet normal -0.629321058243511 -0.7771454211737127 0
    outer loop
      vertex 30.00739097595215 30.229434967041016 4
      vertex 29.763355255126953 30.427051544189453 3.1999998092651367
      vertex 30.00739097595215 30.229434967041016 3.1999998092651367
    endloop
  endfacet
  facet normal 0.9335794476374308 -0.358370499551776 0
    outer loop
      vertex -30.853168487548828 28.927051544189453 4
      vertex -30.74063491821289 29.2202091217041 3.1999998092651367
      vertex -30.74063491821289 29.2202091217041 4
    endloop
  endfacet
  facet normal 0.9335794476374308 -0.358370499551776 0
    outer loop
      vertex -30.74063491821289 29.2202091217041 3.1999998092651367
      vertex -30.853168487548828 28.927051544189453 4
      vertex -30.853168487548828 28.927051544189453 3.1999998092651367
    endloop
  endfacet
  facet normal 0.358370499551776 0.9335794476374308 0
    outer loop
      vertex -28.927051544189453 -30.853168487548828 3.1999998092651367
      vertex -29.2202091217041 -30.74063491821289 4
      vertex -28.927051544189453 -30.853168487548828 4
    endloop
  endfacet
  facet normal 0.358370499551776 0.9335794476374308 0
    outer loop
      vertex -29.2202091217041 -30.74063491821289 4
      vertex -28.927051544189453 -30.853168487548828 3.1999998092651367
      vertex -29.2202091217041 -30.74063491821289 3.1999998092651367
    endloop
  endfacet
  facet normal 0.8386714114476644 -0.5446377361332784 0
    outer loop
      vertex -30.59807586669922 29.5 4
      vertex -30.427051544189453 29.763355255126953 3.1999998092651367
      vertex -30.427051544189453 29.763355255126953 4
    endloop
  endfacet
  facet normal 0.8386714114476644 -0.5446377361332784 0
    outer loop
      vertex -30.427051544189453 29.763355255126953 3.1999998092651367
      vertex -30.59807586669922 29.5 4
      vertex -30.59807586669922 29.5 3.1999998092651367
    endloop
  endfacet
  facet normal 0.2588196782593614 0.9659256566349818 0
    outer loop
      vertex -28.623733520507812 -30.9344425201416 3.1999998092651367
      vertex -28.927051544189453 -30.853168487548828 4
      vertex -28.623733520507812 -30.9344425201416 4
    endloop
  endfacet
  facet normal 0.2588196782593614 0.9659256566349818 0
    outer loop
      vertex -28.927051544189453 -30.853168487548828 4
      vertex -28.623733520507812 -30.9344425201416 3.1999998092651367
      vertex -28.927051544189453 -30.853168487548828 3.1999998092651367
    endloop
  endfacet
  facet normal 0.5446377361332784 0.8386714114476644 0
    outer loop
      vertex -29.5 -30.59807586669922 3.1999998092651367
      vertex -29.763355255126953 -30.427051544189453 4
      vertex -29.5 -30.59807586669922 4
    endloop
  endfacet
  facet normal 0.5446377361332784 0.8386714114476644 0
    outer loop
      vertex -29.763355255126953 -30.427051544189453 4
      vertex -29.5 -30.59807586669922 3.1999998092651367
      vertex -29.763355255126953 -30.427051544189453 3.1999998092651367
    endloop
  endfacet
  facet normal -0.9986296333495776 0.05233407490429332 0
    outer loop
      vertex 30.983566284179688 -28.31358528137207 3.1999998092651367
      vertex 31 -28 4
      vertex 31 -28 3.1999998092651367
    endloop
  endfacet
  facet normal -0.9986296333495776 0.05233407490429332 0
    outer loop
      vertex 31 -28 4
      vertex 30.983566284179688 -28.31358528137207 3.1999998092651367
      vertex 30.983566284179688 -28.31358528137207 4
    endloop
  endfacet
  facet normal -0.7771454211737127 0.629321058243511 0
    outer loop
      vertex 30.229434967041016 -30.00739097595215 3.1999998092651367
      vertex 30.427051544189453 -29.763355255126953 4
      vertex 30.427051544189453 -29.763355255126953 3.1999998092651367
    endloop
  endfacet
  facet normal -0.7771454211737127 0.629321058243511 0
    outer loop
      vertex 30.427051544189453 -29.763355255126953 4
      vertex 30.229434967041016 -30.00739097595215 3.1999998092651367
      vertex 30.229434967041016 -30.00739097595215 4
    endloop
  endfacet
  facet normal 0.9335794476374308 0.358370499551776 0
    outer loop
      vertex -30.74063491821289 -29.2202091217041 4
      vertex -30.853168487548828 -28.927051544189453 3.1999998092651367
      vertex -30.853168487548828 -28.927051544189453 4
    endloop
  endfacet
  facet normal 0.9335794476374308 0.358370499551776 0
    outer loop
      vertex -30.853168487548828 -28.927051544189453 3.1999998092651367
      vertex -30.74063491821289 -29.2202091217041 4
      vertex -30.74063491821289 -29.2202091217041 3.1999998092651367
    endloop
  endfacet
  facet normal 0.4539866530545342 -0.8910084841618189 0
    outer loop
      vertex -29.5 30.59807586669922 3.1999998092651367
      vertex -29.2202091217041 30.74063491821289 4
      vertex -29.5 30.59807586669922 4
    endloop
  endfacet
  facet normal 0.4539866530545342 -0.8910084841618189 0
    outer loop
      vertex -29.2202091217041 30.74063491821289 4
      vertex -29.5 30.59807586669922 3.1999998092651367
      vertex -29.2202091217041 30.74063491821289 3.1999998092651367
    endloop
  endfacet
  facet normal -0.5446377361332784 0.8386714114476644 0
    outer loop
      vertex 29.763355255126953 -30.427051544189453 3.1999998092651367
      vertex 29.5 -30.59807586669922 4
      vertex 29.763355255126953 -30.427051544189453 4
    endloop
  endfacet
  facet normal -0.5446377361332784 0.8386714114476644 0
    outer loop
      vertex 29.5 -30.59807586669922 4
      vertex 29.763355255126953 -30.427051544189453 3.1999998092651367
      vertex 29.5 -30.59807586669922 3.1999998092651367
    endloop
  endfacet
  facet normal 0.629321058243511 0.7771454211737127 0
    outer loop
      vertex -29.763355255126953 -30.427051544189453 3.1999998092651367
      vertex -30.00739097595215 -30.229434967041016 4
      vertex -29.763355255126953 -30.427051544189453 4
    endloop
  endfacet
  facet normal 0.629321058243511 0.7771454211737127 0
    outer loop
      vertex -30.00739097595215 -30.229434967041016 4
      vertex -29.763355255126953 -30.427051544189453 3.1999998092651367
      vertex -30.00739097595215 -30.229434967041016 3.1999998092651367
    endloop
  endfacet
  facet normal -0.9659256566349818 0.2588196782593614 0
    outer loop
      vertex 30.853168487548828 -28.927051544189453 3.1999998092651367
      vertex 30.9344425201416 -28.623733520507812 4
      vertex 30.9344425201416 -28.623733520507812 3.1999998092651367
    endloop
  endfacet
  facet normal -0.9659256566349818 0.2588196782593614 0
    outer loop
      vertex 30.9344425201416 -28.623733520507812 4
      vertex 30.853168487548828 -28.927051544189453 3.1999998092651367
      vertex 30.853168487548828 -28.927051544189453 4
    endloop
  endfacet
  facet normal -0.8910084841618189 -0.4539866530545342 0
    outer loop
      vertex 30.74063491821289 29.2202091217041 3.1999998092651367
      vertex 30.59807586669922 29.5 4
      vertex 30.59807586669922 29.5 3.1999998092651367
    endloop
  endfacet
  facet normal -0.8910084841618189 -0.4539866530545342 0
    outer loop
      vertex 30.59807586669922 29.5 4
      vertex 30.74063491821289 29.2202091217041 3.1999998092651367
      vertex 30.74063491821289 29.2202091217041 4
    endloop
  endfacet
  facet normal -0.8386714114476644 0.5446377361332784 0
    outer loop
      vertex 30.427051544189453 -29.763355255126953 3.1999998092651367
      vertex 30.59807586669922 -29.5 4
      vertex 30.59807586669922 -29.5 3.1999998092651367
    endloop
  endfacet
  facet normal -0.8386714114476644 0.5446377361332784 0
    outer loop
      vertex 30.59807586669922 -29.5 4
      vertex 30.427051544189453 -29.763355255126953 3.1999998092651367
      vertex 30.427051544189453 -29.763355255126953 4
    endloop
  endfacet
  facet normal 0.358370499551776 -0.9335794476374308 0
    outer loop
      vertex -29.2202091217041 30.74063491821289 3.1999998092651367
      vertex -28.927051544189453 30.853168487548828 4
      vertex -29.2202091217041 30.74063491821289 4
    endloop
  endfacet
  facet normal 0.358370499551776 -0.9335794476374308 0
    outer loop
      vertex -28.927051544189453 30.853168487548828 4
      vertex -29.2202091217041 30.74063491821289 3.1999998092651367
      vertex -28.927051544189453 30.853168487548828 3.1999998092651367
    endloop
  endfacet
  facet normal -0.7771454211737127 -0.629321058243511 0
    outer loop
      vertex 30.427051544189453 29.763355255126953 3.1999998092651367
      vertex 30.229434967041016 30.00739097595215 4
      vertex 30.229434967041016 30.00739097595215 3.1999998092651367
    endloop
  endfacet
  facet normal -0.7771454211737127 -0.629321058243511 0
    outer loop
      vertex 30.229434967041016 30.00739097595215 4
      vertex 30.427051544189453 29.763355255126953 3.1999998092651367
      vertex 30.427051544189453 29.763355255126953 4
    endloop
  endfacet
  facet normal -0.4539866530545342 -0.8910084841618189 0
    outer loop
      vertex 29.2202091217041 30.74063491821289 3.1999998092651367
      vertex 29.5 30.59807586669922 4
      vertex 29.2202091217041 30.74063491821289 4
    endloop
  endfacet
  facet normal -0.4539866530545342 -0.8910084841618189 0
    outer loop
      vertex 29.5 30.59807586669922 4
      vertex 29.2202091217041 30.74063491821289 3.1999998092651367
      vertex 29.5 30.59807586669922 3.1999998092651367
    endloop
  endfacet
  facet normal -0.358370499551776 -0.9335794476374308 0
    outer loop
      vertex 28.927051544189453 30.853168487548828 3.1999998092651367
      vertex 29.2202091217041 30.74063491821289 4
      vertex 28.927051544189453 30.853168487548828 4
    endloop
  endfacet
  facet normal -0.358370499551776 -0.9335794476374308 0
    outer loop
      vertex 29.2202091217041 30.74063491821289 4
      vertex 28.927051544189453 30.853168487548828 3.1999998092651367
      vertex 29.2202091217041 30.74063491821289 3.1999998092651367
    endloop
  endfacet
  facet normal 0.629321058243511 -0.7771454211737127 0
    outer loop
      vertex -30.00739097595215 30.229434967041016 3.1999998092651367
      vertex -29.763355255126953 30.427051544189453 4
      vertex -30.00739097595215 30.229434967041016 4
    endloop
  endfacet
  facet normal 0.629321058243511 -0.7771454211737127 0
    outer loop
      vertex -29.763355255126953 30.427051544189453 4
      vertex -30.00739097595215 30.229434967041016 3.1999998092651367
      vertex -29.763355255126953 30.427051544189453 3.1999998092651367
    endloop
  endfacet
  facet normal 0.2588196782593614 -0.9659256566349818 0
    outer loop
      vertex -28.927051544189453 30.853168487548828 3.1999998092651367
      vertex -28.623733520507812 30.9344425201416 4
      vertex -28.927051544189453 30.853168487548828 4
    endloop
  endfacet
  facet normal 0.2588196782593614 -0.9659256566349818 0
    outer loop
      vertex -28.623733520507812 30.9344425201416 4
      vertex -28.927051544189453 30.853168487548828 3.1999998092651367
      vertex -28.623733520507812 30.9344425201416 3.1999998092651367
    endloop
  endfacet
  facet normal -0.9335794476374308 -0.358370499551776 0
    outer loop
      vertex 30.853168487548828 28.927051544189453 3.1999998092651367
      vertex 30.74063491821289 29.2202091217041 4
      vertex 30.74063491821289 29.2202091217041 3.1999998092651367
    endloop
  endfacet
  facet normal -0.9335794476374308 -0.358370499551776 0
    outer loop
      vertex 30.74063491821289 29.2202091217041 4
      vertex 30.853168487548828 28.927051544189453 3.1999998092651367
      vertex 30.853168487548828 28.927051544189453 4
    endloop
  endfacet
  facet normal -0.4539866530545342 0.8910084841618189 0
    outer loop
      vertex 29.5 -30.59807586669922 3.1999998092651367
      vertex 29.2202091217041 -30.74063491821289 4
      vertex 29.5 -30.59807586669922 4
    endloop
  endfacet
  facet normal -0.4539866530545342 0.8910084841618189 0
    outer loop
      vertex 29.2202091217041 -30.74063491821289 4
      vertex 29.5 -30.59807586669922 3.1999998092651367
      vertex 29.2202091217041 -30.74063491821289 3.1999998092651367
    endloop
  endfacet
  facet normal -0.05233407490429332 0.9986296333495776 0
    outer loop
      vertex 28.31358528137207 -30.983566284179688 3.1999998092651367
      vertex 28 -31 4
      vertex 28.31358528137207 -30.983566284179688 4
    endloop
  endfacet
  facet normal -0.05233407490429332 0.9986296333495776 0
    outer loop
      vertex 28 -31 4
      vertex 28.31358528137207 -30.983566284179688 3.1999998092651367
      vertex 28 -31 3.1999998092651367
    endloop
  endfacet
  facet normal -0.8386714114476644 -0.5446377361332784 0
    outer loop
      vertex 30.59807586669922 29.5 3.1999998092651367
      vertex 30.427051544189453 29.763355255126953 4
      vertex 30.427051544189453 29.763355255126953 3.1999998092651367
    endloop
  endfacet
  facet normal -0.8386714114476644 -0.5446377361332784 0
    outer loop
      vertex 30.427051544189453 29.763355255126953 4
      vertex 30.59807586669922 29.5 3.1999998092651367
      vertex 30.59807586669922 29.5 4
    endloop
  endfacet
  facet normal 0.1564379095671472 0.9876877950295129 0
    outer loop
      vertex -28.31358528137207 -30.983566284179688 3.1999998092651367
      vertex -28.623733520507812 -30.9344425201416 4
      vertex -28.31358528137207 -30.983566284179688 4
    endloop
  endfacet
  facet normal 0.1564379095671472 0.9876877950295129 0
    outer loop
      vertex -28.623733520507812 -30.9344425201416 4
      vertex -28.31358528137207 -30.983566284179688 3.1999998092651367
      vertex -28.623733520507812 -30.9344425201416 3.1999998092651367
    endloop
  endfacet
  facet normal 0 0 1
    outer loop
      vertex -23.3370418548584 20.134754180908203 3.1999998092651367
      vertex -7.59999942779541 7.59999942779541 3.1999998092651367
      vertex -23.261188507080078 20.4178466796875 3.1999998092651367
    endloop
  endfacet
  facet normal 0 0 1
    outer loop
      vertex -7.59999942779541 -7.59999942779541 3.1999998092651367
      vertex -23.21533966064453 -20.707321166992188 3.1999998092651367
      vertex -23.200000762939453 -21 3.1999998092651367
    endloop
  endfacet
  facet normal 0 0 1
    outer loop
      vertex -23.442073822021484 19.86113739013672 3.1999998092651367
      vertex -7.59999942779541 7.59999942779541 3.1999998092651367
      vertex -23.3370418548584 20.134754180908203 3.1999998092651367
    endloop
  endfacet
  facet normal 0 0 1
    outer loop
      vertex -7.59999942779541 -7.59999942779541 3.1999998092651367
      vertex -23.261188507080078 -20.4178466796875 3.1999998092651367
      vertex -23.21533966064453 -20.707321166992188 3.1999998092651367
    endloop
  endfacet
  facet normal 0 0 1
    outer loop
      vertex -23.575130462646484 19.600000381469727 3.1999998092651367
      vertex -7.59999942779541 7.59999942779541 3.1999998092651367
      vertex -23.442073822021484 19.86113739013672 3.1999998092651367
    endloop
  endfacet
  facet normal 0 0 1
    outer loop
      vertex -7.59999942779541 -7.59999942779541 3.1999998092651367
      vertex -23.3370418548584 -20.134754180908203 3.1999998092651367
      vertex -23.261188507080078 -20.4178466796875 3.1999998092651367
    endloop
  endfacet
  facet normal 0 0 1
    outer loop
      vertex -23.734752655029297 19.354202270507812 3.1999998092651367
      vertex -7.59999942779541 7.59999942779541 3.1999998092651367
      vertex -23.575130462646484 19.600000381469727 3.1999998092651367
    endloop
  endfacet
  facet normal 0 0 1
    outer loop
      vertex -7.59999942779541 -7.59999942779541 3.1999998092651367
      vertex -23.442073822021484 -19.86113739013672 3.1999998092651367
      vertex -23.3370418548584 -20.134754180908203 3.1999998092651367
    endloop
  endfacet
  facet normal 0 0 1
    outer loop
      vertex -23.9191951751709 19.126434326171875 3.1999998092651367
      vertex -7.59999942779541 7.59999942779541 3.1999998092651367
      vertex -23.734752655029297 19.354202270507812 3.1999998092651367
    endloop
  endfacet
  facet normal 0 0 1
    outer loop
      vertex -7.59999942779541 -7.59999942779541 3.1999998092651367
      vertex -23.575130462646484 -19.600000381469727 3.1999998092651367
      vertex -23.442073822021484 -19.86113739013672 3.1999998092651367
    endloop
  endfacet
  facet normal 0 0 1
    outer loop
      vertex -24.126434326171875 18.9191951751709 3.1999998092651367
      vertex -7.59999942779541 7.59999942779541 3.1999998092651367
      vertex -23.9191951751709 19.126434326171875 3.1999998092651367
    endloop
  endfacet
  facet normal 0 0 1
    outer loop
      vertex -7.59999942779541 -7.59999942779541 3.1999998092651367
      vertex -23.734752655029297 -19.354202270507812 3.1999998092651367
      vertex -23.575130462646484 -19.600000381469727 3.1999998092651367
    endloop
  endfacet
  facet normal 0 0 1
    outer loop
      vertex -24.354202270507812 18.734752655029297 3.1999998092651367
      vertex -7.59999942779541 7.59999942779541 3.1999998092651367
      vertex -24.126434326171875 18.9191951751709 3.1999998092651367
    endloop
  endfacet
  facet normal 0 0 1
    outer loop
      vertex -7.59999942779541 -7.59999942779541 3.1999998092651367
      vertex -23.9191951751709 -19.126434326171875 3.1999998092651367
      vertex -23.734752655029297 -19.354202270507812 3.1999998092651367
    endloop
  endfacet
  facet normal 0 0 1
    outer loop
      vertex -24.600000381469727 18.575130462646484 3.1999998092651367
      vertex -7.59999942779541 7.59999942779541 3.1999998092651367
      vertex -24.354202270507812 18.734752655029297 3.1999998092651367
    endloop
  endfacet
  facet normal 0 0 1
    outer loop
      vertex -7.59999942779541 -7.59999942779541 3.1999998092651367
      vertex -24.126434326171875 -18.9191951751709 3.1999998092651367
      vertex -23.9191951751709 -19.126434326171875 3.1999998092651367
    endloop
  endfacet
  facet normal 0 0 1
    outer loop
      vertex -24.86113739013672 18.442073822021484 3.1999998092651367
      vertex -7.59999942779541 7.59999942779541 3.1999998092651367
      vertex -24.600000381469727 18.575130462646484 3.1999998092651367
    endloop
  endfacet
  facet normal 0 0 1
    outer loop
      vertex -7.59999942779541 -7.59999942779541 3.1999998092651367
      vertex -24.354202270507812 -18.734752655029297 3.1999998092651367
      vertex -24.126434326171875 -18.9191951751709 3.1999998092651367
    endloop
  endfacet
  facet normal 0 0 1
    outer loop
      vertex -25.134754180908203 18.3370418548584 3.1999998092651367
      vertex -7.59999942779541 7.59999942779541 3.1999998092651367
      vertex -24.86113739013672 18.442073822021484 3.1999998092651367
    endloop
  endfacet
  facet normal 0 0 1
    outer loop
      vertex -7.59999942779541 -7.59999942779541 3.1999998092651367
      vertex -24.600000381469727 -18.575130462646484 3.1999998092651367
      vertex -24.354202270507812 -18.734752655029297 3.1999998092651367
    endloop
  endfacet
  facet normal 0 0 1
    outer loop
      vertex -25.4178466796875 18.261188507080078 3.1999998092651367
      vertex -7.59999942779541 7.59999942779541 3.1999998092651367
      vertex -25.134754180908203 18.3370418548584 3.1999998092651367
    endloop
  endfacet
  facet normal 0 0 1
    outer loop
      vertex -7.59999942779541 -7.59999942779541 3.1999998092651367
      vertex -24.86113739013672 -18.442073822021484 3.1999998092651367
      vertex -24.600000381469727 -18.575130462646484 3.1999998092651367
    endloop
  endfacet
  facet normal 0 0 1
    outer loop
      vertex -25.707321166992188 18.21533966064453 3.1999998092651367
      vertex -7.59999942779541 7.59999942779541 3.1999998092651367
      vertex -25.4178466796875 18.261188507080078 3.1999998092651367
    endloop
  endfacet
  facet normal 0 0 1
    outer loop
      vertex -7.59999942779541 -7.59999942779541 3.1999998092651367
      vertex -25.134754180908203 -18.3370418548584 3.1999998092651367
      vertex -24.86113739013672 -18.442073822021484 3.1999998092651367
    endloop
  endfacet
  facet normal 0 0 1
    outer loop
      vertex -7.59999942779541 7.59999942779541 3.1999998092651367
      vertex -25.707321166992188 18.21533966064453 3.1999998092651367
      vertex -7.59999942779541 -7.59999942779541 3.1999998092651367
    endloop
  endfacet
  facet normal 0 0 1
    outer loop
      vertex -7.59999942779541 -7.59999942779541 3.1999998092651367
      vertex -25.4178466796875 -18.261188507080078 3.1999998092651367
      vertex -25.134754180908203 -18.3370418548584 3.1999998092651367
    endloop
  endfacet
  facet normal 0 0 1
    outer loop
      vertex -25.707321166992188 -18.21533966064453 3.1999998092651367
      vertex -7.59999942779541 -7.59999942779541 3.1999998092651367
      vertex -25.707321166992188 18.21533966064453 3.1999998092651367
    endloop
  endfacet
  facet normal 0 0 1
    outer loop
      vertex -7.59999942779541 -7.59999942779541 3.1999998092651367
      vertex -25.707321166992188 -18.21533966064453 3.1999998092651367
      vertex -25.4178466796875 -18.261188507080078 3.1999998092651367
    endloop
  endfacet
  facet normal 0 0 1
    outer loop
      vertex -26 18.200000762939453 3.1999998092651367
      vertex -25.707321166992188 -18.21533966064453 3.1999998092651367
      vertex -25.707321166992188 18.21533966064453 3.1999998092651367
    endloop
  endfacet
  facet normal 0 0 1
    outer loop
      vertex -26 18.200000762939453 3.1999998092651367
      vertex -26 -18.200000762939453 3.1999998092651367
      vertex -25.707321166992188 -18.21533966064453 3.1999998092651367
    endloop
  endfacet
  facet normal 0 0 1
    outer loop
      vertex -26.292678833007812 18.21533966064453 3.1999998092651367
      vertex -26 -18.200000762939453 3.1999998092651367
      vertex -26 18.200000762939453 3.1999998092651367
    endloop
  endfacet
  facet normal 0 0 1
    outer loop
      vertex -26.292678833007812 18.21533966064453 3.1999998092651367
      vertex -26.292678833007812 -18.21533966064453 3.1999998092651367
      vertex -26 -18.200000762939453 3.1999998092651367
    endloop
  endfacet
  facet normal 0 0 1
    outer loop
      vertex -26.5821533203125 18.261188507080078 3.1999998092651367
      vertex -26.292678833007812 -18.21533966064453 3.1999998092651367
      vertex -26.292678833007812 18.21533966064453 3.1999998092651367
    endloop
  endfacet
  facet normal 0 0 1
    outer loop
      vertex -26.5821533203125 18.261188507080078 3.1999998092651367
      vertex -26.5821533203125 -18.261188507080078 3.1999998092651367
      vertex -26.292678833007812 -18.21533966064453 3.1999998092651367
    endloop
  endfacet
  facet normal 0 0 1
    outer loop
      vertex -26.865245819091797 18.3370418548584 3.1999998092651367
      vertex -26.5821533203125 -18.261188507080078 3.1999998092651367
      vertex -26.5821533203125 18.261188507080078 3.1999998092651367
    endloop
  endfacet
  facet normal 0 0 1
    outer loop
      vertex -26.865245819091797 18.3370418548584 3.1999998092651367
      vertex -26.865245819091797 -18.3370418548584 3.1999998092651367
      vertex -26.5821533203125 -18.261188507080078 3.1999998092651367
    endloop
  endfacet
  facet normal 0 0 1
    outer loop
      vertex -27.13886260986328 18.442073822021484 3.1999998092651367
      vertex -26.865245819091797 -18.3370418548584 3.1999998092651367
      vertex -26.865245819091797 18.3370418548584 3.1999998092651367
    endloop
  endfacet
  facet normal 0 0 1
    outer loop
      vertex -27.13886260986328 18.442073822021484 3.1999998092651367
      vertex -27.13886260986328 -18.442073822021484 3.1999998092651367
      vertex -26.865245819091797 -18.3370418548584 3.1999998092651367
    endloop
  endfacet
  facet normal 0 0 1
    outer loop
      vertex -27.399999618530273 18.575130462646484 3.1999998092651367
      vertex -27.13886260986328 -18.442073822021484 3.1999998092651367
      vertex -27.13886260986328 18.442073822021484 3.1999998092651367
    endloop
  endfacet
  facet normal 0 0 1
    outer loop
      vertex -27.399999618530273 18.575130462646484 3.1999998092651367
      vertex -27.399999618530273 -18.575130462646484 3.1999998092651367
      vertex -27.13886260986328 -18.442073822021484 3.1999998092651367
    endloop
  endfacet
  facet normal 0 0 1
    outer loop
      vertex -27.645797729492188 18.734752655029297 3.1999998092651367
      vertex -27.399999618530273 -18.575130462646484 3.1999998092651367
      vertex -27.399999618530273 18.575130462646484 3.1999998092651367
    endloop
  endfacet
  facet normal 0 0 1
    outer loop
      vertex -27.645797729492188 18.734752655029297 3.1999998092651367
      vertex -27.645797729492188 -18.734752655029297 3.1999998092651367
      vertex -27.399999618530273 -18.575130462646484 3.1999998092651367
    endloop
  endfacet
  facet normal 0 0 1
    outer loop
      vertex -27.873565673828125 18.9191951751709 3.1999998092651367
      vertex -27.645797729492188 -18.734752655029297 3.1999998092651367
      vertex -27.645797729492188 18.734752655029297 3.1999998092651367
    endloop
  endfacet
  facet normal 0 0 1
    outer loop
      vertex -27.873565673828125 18.9191951751709 3.1999998092651367
      vertex -27.873565673828125 -18.9191951751709 3.1999998092651367
      vertex -27.645797729492188 -18.734752655029297 3.1999998092651367
    endloop
  endfacet
  facet normal 0 0 1
    outer loop
      vertex -28.0808048248291 19.126434326171875 3.1999998092651367
      vertex -27.873565673828125 -18.9191951751709 3.1999998092651367
      vertex -27.873565673828125 18.9191951751709 3.1999998092651367
    endloop
  endfacet
  facet normal 0 0 1
    outer loop
      vertex -28.0808048248291 19.126434326171875 3.1999998092651367
      vertex -28.0808048248291 -19.126434326171875 3.1999998092651367
      vertex -27.873565673828125 -18.9191951751709 3.1999998092651367
    endloop
  endfacet
  facet normal 0 0 1
    outer loop
      vertex -28.265247344970703 19.354202270507812 3.1999998092651367
      vertex -28.0808048248291 -19.126434326171875 3.1999998092651367
      vertex -28.0808048248291 19.126434326171875 3.1999998092651367
    endloop
  endfacet
  facet normal 0 0 1
    outer loop
      vertex -28.265247344970703 19.354202270507812 3.1999998092651367
      vertex -28.265247344970703 -19.354202270507812 3.1999998092651367
      vertex -28.0808048248291 -19.126434326171875 3.1999998092651367
    endloop
  endfacet
  facet normal 0 0 1
    outer loop
      vertex -28.424869537353516 19.600000381469727 3.1999998092651367
      vertex -28.265247344970703 -19.354202270507812 3.1999998092651367
      vertex -28.265247344970703 19.354202270507812 3.1999998092651367
    endloop
  endfacet
  facet normal 0 0 1
    outer loop
      vertex -28.424869537353516 19.600000381469727 3.1999998092651367
      vertex -28.424869537353516 -19.600000381469727 3.1999998092651367
      vertex -28.265247344970703 -19.354202270507812 3.1999998092651367
    endloop
  endfacet
  facet normal 0 0 1
    outer loop
      vertex -28.557926177978516 19.86113739013672 3.1999998092651367
      vertex -28.424869537353516 -19.600000381469727 3.1999998092651367
      vertex -28.424869537353516 19.600000381469727 3.1999998092651367
    endloop
  endfacet
  facet normal 0 0 1
    outer loop
      vertex -28.557926177978516 19.86113739013672 3.1999998092651367
      vertex -28.557926177978516 -19.86113739013672 3.1999998092651367
      vertex -28.424869537353516 -19.600000381469727 3.1999998092651367
    endloop
  endfacet
  facet normal 0 0 1
    outer loop
      vertex -28.6629581451416 20.134754180908203 3.1999998092651367
      vertex -28.557926177978516 -19.86113739013672 3.1999998092651367
      vertex -28.557926177978516 19.86113739013672 3.1999998092651367
    endloop
  endfacet
  facet normal 0 0 1
    outer loop
      vertex -28.6629581451416 20.134754180908203 3.1999998092651367
      vertex -28.6629581451416 -20.134754180908203 3.1999998092651367
      vertex -28.557926177978516 -19.86113739013672 3.1999998092651367
    endloop
  endfacet
  facet normal 0 0 1
    outer loop
      vertex -28.738811492919922 20.4178466796875 3.1999998092651367
      vertex -28.6629581451416 -20.134754180908203 3.1999998092651367
      vertex -28.6629581451416 20.134754180908203 3.1999998092651367
    endloop
  endfacet
  facet normal 0 0 1
    outer loop
      vertex -28.738811492919922 20.4178466796875 3.1999998092651367
      vertex -28.738811492919922 -20.4178466796875 3.1999998092651367
      vertex -28.6629581451416 -20.134754180908203 3.1999998092651367
    endloop
  endfacet
  facet normal 0 0 1
    outer loop
      vertex -31 28 3.1999998092651367
      vertex -28.738811492919922 20.4178466796875 3.1999998092651367
      vertex -28.78466033935547 20.707321166992188 3.1999998092651367
    endloop
  endfacet
  facet normal 0 0 1
    outer loop
      vertex -28.738811492919922 20.4178466796875 3.1999998092651367
      vertex -31 28 3.1999998092651367
      vertex -28.738811492919922 -20.4178466796875 3.1999998092651367
    endloop
  endfacet
  facet normal 0 0 1
    outer loop
      vertex -31 28 3.1999998092651367
      vertex -28.78466033935547 20.707321166992188 3.1999998092651367
      vertex -28.799999237060547 21 3.1999998092651367
    endloop
  endfacet
  facet normal 0 0 1
    outer loop
      vertex -31 -28 3.1999998092651367
      vertex -28.738811492919922 -20.4178466796875 3.1999998092651367
      vertex -31 28 3.1999998092651367
    endloop
  endfacet
  facet normal 0 0 1
    outer loop
      vertex 31 28 3.1999998092651367
      vertex 28.738811492919922 20.4178466796875 3.1999998092651367
      vertex 31 -28 3.1999998092651367
    endloop
  endfacet
  facet normal 0 0 1
    outer loop
      vertex 31 -28 3.1999998092651367
      vertex 28.78466033935547 -20.707321166992188 3.1999998092651367
      vertex 28.799999237060547 -21 3.1999998092651367
    endloop
  endfacet
  facet normal 0 0 1
    outer loop
      vertex 28.738811492919922 -20.4178466796875 3.1999998092651367
      vertex 31 -28 3.1999998092651367
      vertex 28.738811492919922 20.4178466796875 3.1999998092651367
    endloop
  endfacet
  facet normal 0 0 1
    outer loop
      vertex 31 -28 3.1999998092651367
      vertex 28.738811492919922 -20.4178466796875 3.1999998092651367
      vertex 28.78466033935547 -20.707321166992188 3.1999998092651367
    endloop
  endfacet
  facet normal 0 0 1
    outer loop
      vertex 28.6629581451416 20.134754180908203 3.1999998092651367
      vertex 28.738811492919922 -20.4178466796875 3.1999998092651367
      vertex 28.738811492919922 20.4178466796875 3.1999998092651367
    endloop
  endfacet
  facet normal 0 0 1
    outer loop
      vertex 28.6629581451416 20.134754180908203 3.1999998092651367
      vertex 28.6629581451416 -20.134754180908203 3.1999998092651367
      vertex 28.738811492919922 -20.4178466796875 3.1999998092651367
    endloop
  endfacet
  facet normal 0 0 1
    outer loop
      vertex 28.557926177978516 19.86113739013672 3.1999998092651367
      vertex 28.6629581451416 -20.134754180908203 3.1999998092651367
      vertex 28.6629581451416 20.134754180908203 3.1999998092651367
    endloop
  endfacet
  facet normal 0 0 1
    outer loop
      vertex 28.557926177978516 19.86113739013672 3.1999998092651367
      vertex 28.557926177978516 -19.86113739013672 3.1999998092651367
      vertex 28.6629581451416 -20.134754180908203 3.1999998092651367
    endloop
  endfacet
  facet normal 0 0 1
    outer loop
      vertex 28.424869537353516 19.600000381469727 3.1999998092651367
      vertex 28.557926177978516 -19.86113739013672 3.1999998092651367
      vertex 28.557926177978516 19.86113739013672 3.1999998092651367
    endloop
  endfacet
  facet normal 0 0 1
    outer loop
      vertex 28.424869537353516 19.600000381469727 3.1999998092651367
      vertex 28.424869537353516 -19.600000381469727 3.1999998092651367
      vertex 28.557926177978516 -19.86113739013672 3.1999998092651367
    endloop
  endfacet
  facet normal 0 0 1
    outer loop
      vertex 28.265247344970703 19.354202270507812 3.1999998092651367
      vertex 28.424869537353516 -19.600000381469727 3.1999998092651367
      vertex 28.424869537353516 19.600000381469727 3.1999998092651367
    endloop
  endfacet
  facet normal 0 0 1
    outer loop
      vertex 28.265247344970703 19.354202270507812 3.1999998092651367
      vertex 28.265247344970703 -19.354202270507812 3.1999998092651367
      vertex 28.424869537353516 -19.600000381469727 3.1999998092651367
    endloop
  endfacet
  facet normal 0 0 1
    outer loop
      vertex 28.0808048248291 19.126434326171875 3.1999998092651367
      vertex 28.265247344970703 -19.354202270507812 3.1999998092651367
      vertex 28.265247344970703 19.354202270507812 3.1999998092651367
    endloop
  endfacet
  facet normal 0 0 1
    outer loop
      vertex 28.0808048248291 19.126434326171875 3.1999998092651367
      vertex 28.0808048248291 -19.126434326171875 3.1999998092651367
      vertex 28.265247344970703 -19.354202270507812 3.1999998092651367
    endloop
  endfacet
  facet normal 0 0 1
    outer loop
      vertex 27.873565673828125 18.9191951751709 3.1999998092651367
      vertex 28.0808048248291 -19.126434326171875 3.1999998092651367
      vertex 28.0808048248291 19.126434326171875 3.1999998092651367
    endloop
  endfacet
  facet normal 0 0 1
    outer loop
      vertex 27.873565673828125 18.9191951751709 3.1999998092651367
      vertex 27.873565673828125 -18.9191951751709 3.1999998092651367
      vertex 28.0808048248291 -19.126434326171875 3.1999998092651367
    endloop
  endfacet
  facet normal 0 0 1
    outer loop
      vertex 27.645797729492188 18.734752655029297 3.1999998092651367
      vertex 27.873565673828125 -18.9191951751709 3.1999998092651367
      vertex 27.873565673828125 18.9191951751709 3.1999998092651367
    endloop
  endfacet
  facet normal 0 0 1
    outer loop
      vertex 27.645797729492188 18.734752655029297 3.1999998092651367
      vertex 27.645797729492188 -18.734752655029297 3.1999998092651367
      vertex 27.873565673828125 -18.9191951751709 3.1999998092651367
    endloop
  endfacet
  facet normal 0 0 1
    outer loop
      vertex 27.399999618530273 18.575130462646484 3.1999998092651367
      vertex 27.645797729492188 -18.734752655029297 3.1999998092651367
      vertex 27.645797729492188 18.734752655029297 3.1999998092651367
    endloop
  endfacet
  facet normal 0 0 1
    outer loop
      vertex 27.399999618530273 18.575130462646484 3.1999998092651367
      vertex 27.399999618530273 -18.575130462646484 3.1999998092651367
      vertex 27.645797729492188 -18.734752655029297 3.1999998092651367
    endloop
  endfacet
  facet normal 0 0 1
    outer loop
      vertex 27.13886260986328 18.442073822021484 3.1999998092651367
      vertex 27.399999618530273 -18.575130462646484 3.1999998092651367
      vertex 27.399999618530273 18.575130462646484 3.1999998092651367
    endloop
  endfacet
  facet normal 0 0 1
    outer loop
      vertex 27.13886260986328 18.442073822021484 3.1999998092651367
      vertex 27.13886260986328 -18.442073822021484 3.1999998092651367
      vertex 27.399999618530273 -18.575130462646484 3.1999998092651367
    endloop
  endfacet
  facet normal 0 0 1
    outer loop
      vertex 26.865245819091797 18.3370418548584 3.1999998092651367
      vertex 27.13886260986328 -18.442073822021484 3.1999998092651367
      vertex 27.13886260986328 18.442073822021484 3.1999998092651367
    endloop
  endfacet
  facet normal 0 0 1
    outer loop
      vertex 26.865245819091797 18.3370418548584 3.1999998092651367
      vertex 26.865245819091797 -18.3370418548584 3.1999998092651367
      vertex 27.13886260986328 -18.442073822021484 3.1999998092651367
    endloop
  endfacet
  facet normal 0 0 1
    outer loop
      vertex 26.5821533203125 18.261188507080078 3.1999998092651367
      vertex 26.865245819091797 -18.3370418548584 3.1999998092651367
      vertex 26.865245819091797 18.3370418548584 3.1999998092651367
    endloop
  endfacet
  facet normal 0 0 1
    outer loop
      vertex 26.5821533203125 18.261188507080078 3.1999998092651367
      vertex 26.5821533203125 -18.261188507080078 3.1999998092651367
      vertex 26.865245819091797 -18.3370418548584 3.1999998092651367
    endloop
  endfacet
  facet normal 0 0 1
    outer loop
      vertex 26.292678833007812 18.21533966064453 3.1999998092651367
      vertex 26.5821533203125 -18.261188507080078 3.1999998092651367
      vertex 26.5821533203125 18.261188507080078 3.1999998092651367
    endloop
  endfacet
  facet normal 0 0 1
    outer loop
      vertex 26.292678833007812 18.21533966064453 3.1999998092651367
      vertex 26.292678833007812 -18.21533966064453 3.1999998092651367
      vertex 26.5821533203125 -18.261188507080078 3.1999998092651367
    endloop
  endfacet
  facet normal 0 0 1
    outer loop
      vertex 26 18.200000762939453 3.1999998092651367
      vertex 26.292678833007812 -18.21533966064453 3.1999998092651367
      vertex 26.292678833007812 18.21533966064453 3.1999998092651367
    endloop
  endfacet
  facet normal 0 0 1
    outer loop
      vertex 26 18.200000762939453 3.1999998092651367
      vertex 26 -18.200000762939453 3.1999998092651367
      vertex 26.292678833007812 -18.21533966064453 3.1999998092651367
    endloop
  endfacet
  facet normal 0 0 1
    outer loop
      vertex 25.707321166992188 18.21533966064453 3.1999998092651367
      vertex 26 -18.200000762939453 3.1999998092651367
      vertex 26 18.200000762939453 3.1999998092651367
    endloop
  endfacet
  facet normal 0 0 1
    outer loop
      vertex 25.707321166992188 18.21533966064453 3.1999998092651367
      vertex 25.707321166992188 -18.21533966064453 3.1999998092651367
      vertex 26 -18.200000762939453 3.1999998092651367
    endloop
  endfacet
  facet normal 0 0 1
    outer loop
      vertex 7.59999942779541 7.59999942779541 3.1999998092651367
      vertex 25.707321166992188 18.21533966064453 3.1999998092651367
      vertex 25.4178466796875 18.261188507080078 3.1999998092651367
    endloop
  endfacet
  facet normal 0 0 1
    outer loop
      vertex 25.707321166992188 18.21533966064453 3.1999998092651367
      vertex 7.59999942779541 7.59999942779541 3.1999998092651367
      vertex 25.707321166992188 -18.21533966064453 3.1999998092651367
    endloop
  endfacet
  facet normal 0 0 1
    outer loop
      vertex 7.59999942779541 7.59999942779541 3.1999998092651367
      vertex 25.4178466796875 18.261188507080078 3.1999998092651367
      vertex 25.134754180908203 18.3370418548584 3.1999998092651367
    endloop
  endfacet
  facet normal 0 0 1
    outer loop
      vertex 7.59999942779541 -7.59999942779541 3.1999998092651367
      vertex 25.707321166992188 -18.21533966064453 3.1999998092651367
      vertex 7.59999942779541 7.59999942779541 3.1999998092651367
    endloop
  endfacet
  facet normal 0 0 1
    outer loop
      vertex 7.59999942779541 7.59999942779541 3.1999998092651367
      vertex 25.134754180908203 18.3370418548584 3.1999998092651367
      vertex 24.86113739013672 18.442073822021484 3.1999998092651367
    endloop
  endfacet
  facet normal 0 0 1
    outer loop
      vertex 25.707321166992188 -18.21533966064453 3.1999998092651367
      vertex 7.59999942779541 -7.59999942779541 3.1999998092651367
      vertex 25.4178466796875 -18.261188507080078 3.1999998092651367
    endloop
  endfacet
  facet normal 0 0 1
    outer loop
      vertex 7.59999942779541 7.59999942779541 3.1999998092651367
      vertex 24.86113739013672 18.442073822021484 3.1999998092651367
      vertex 24.600000381469727 18.575130462646484 3.1999998092651367
    endloop
  endfacet
  facet normal 0 0 1
    outer loop
      vertex 25.4178466796875 -18.261188507080078 3.1999998092651367
      vertex 7.59999942779541 -7.59999942779541 3.1999998092651367
      vertex 25.134754180908203 -18.3370418548584 3.1999998092651367
    endloop
  endfacet
  facet normal 0 0 1
    outer loop
      vertex 7.59999942779541 7.59999942779541 3.1999998092651367
      vertex 24.600000381469727 18.575130462646484 3.1999998092651367
      vertex 24.354202270507812 18.734752655029297 3.1999998092651367
    endloop
  endfacet
  facet normal 0 0 1
    outer loop
      vertex 25.134754180908203 -18.3370418548584 3.1999998092651367
      vertex 7.59999942779541 -7.59999942779541 3.1999998092651367
      vertex 24.86113739013672 -18.442073822021484 3.1999998092651367
    endloop
  endfacet
  facet normal 0 0 1
    outer loop
      vertex 7.59999942779541 7.59999942779541 3.1999998092651367
      vertex 24.354202270507812 18.734752655029297 3.1999998092651367
      vertex 24.126434326171875 18.9191951751709 3.1999998092651367
    endloop
  endfacet
  facet normal 0 0 1
    outer loop
      vertex 24.86113739013672 -18.442073822021484 3.1999998092651367
      vertex 7.59999942779541 -7.59999942779541 3.1999998092651367
      vertex 24.600000381469727 -18.575130462646484 3.1999998092651367
    endloop
  endfacet
  facet normal 0 0 1
    outer loop
      vertex 7.59999942779541 7.59999942779541 3.1999998092651367
      vertex 24.126434326171875 18.9191951751709 3.1999998092651367
      vertex 23.9191951751709 19.126434326171875 3.1999998092651367
    endloop
  endfacet
  facet normal 0 0 1
    outer loop
      vertex 24.600000381469727 -18.575130462646484 3.1999998092651367
      vertex 7.59999942779541 -7.59999942779541 3.1999998092651367
      vertex 24.354202270507812 -18.734752655029297 3.1999998092651367
    endloop
  endfacet
  facet normal 0 0 1
    outer loop
      vertex 7.59999942779541 7.59999942779541 3.1999998092651367
      vertex 23.9191951751709 19.126434326171875 3.1999998092651367
      vertex 23.734752655029297 19.354202270507812 3.1999998092651367
    endloop
  endfacet
  facet normal 0 0 1
    outer loop
      vertex 24.354202270507812 -18.734752655029297 3.1999998092651367
      vertex 7.59999942779541 -7.59999942779541 3.1999998092651367
      vertex 24.126434326171875 -18.9191951751709 3.1999998092651367
    endloop
  endfacet
  facet normal 0 0 1
    outer loop
      vertex 7.59999942779541 7.59999942779541 3.1999998092651367
      vertex 23.734752655029297 19.354202270507812 3.1999998092651367
      vertex 23.575130462646484 19.600000381469727 3.1999998092651367
    endloop
  endfacet
  facet normal 0 0 1
    outer loop
      vertex 24.126434326171875 -18.9191951751709 3.1999998092651367
      vertex 7.59999942779541 -7.59999942779541 3.1999998092651367
      vertex 23.9191951751709 -19.126434326171875 3.1999998092651367
    endloop
  endfacet
  facet normal 0 0 1
    outer loop
      vertex 7.59999942779541 7.59999942779541 3.1999998092651367
      vertex 23.575130462646484 19.600000381469727 3.1999998092651367
      vertex 23.442073822021484 19.86113739013672 3.1999998092651367
    endloop
  endfacet
  facet normal 0 0 1
    outer loop
      vertex 23.9191951751709 -19.126434326171875 3.1999998092651367
      vertex 7.59999942779541 -7.59999942779541 3.1999998092651367
      vertex 23.734752655029297 -19.354202270507812 3.1999998092651367
    endloop
  endfacet
  facet normal 0 0 1
    outer loop
      vertex 7.59999942779541 7.59999942779541 3.1999998092651367
      vertex 23.442073822021484 19.86113739013672 3.1999998092651367
      vertex 23.3370418548584 20.134754180908203 3.1999998092651367
    endloop
  endfacet
  facet normal 0 0 1
    outer loop
      vertex 23.734752655029297 -19.354202270507812 3.1999998092651367
      vertex 7.59999942779541 -7.59999942779541 3.1999998092651367
      vertex 23.575130462646484 -19.600000381469727 3.1999998092651367
    endloop
  endfacet
  facet normal 0 0 1
    outer loop
      vertex 7.59999942779541 7.59999942779541 3.1999998092651367
      vertex 23.3370418548584 20.134754180908203 3.1999998092651367
      vertex 23.261188507080078 20.4178466796875 3.1999998092651367
    endloop
  endfacet
  facet normal 0 0 1
    outer loop
      vertex 23.575130462646484 -19.600000381469727 3.1999998092651367
      vertex 7.59999942779541 -7.59999942779541 3.1999998092651367
      vertex 23.442073822021484 -19.86113739013672 3.1999998092651367
    endloop
  endfacet
  facet normal 0 0 1
    outer loop
      vertex 7.59999942779541 7.59999942779541 3.1999998092651367
      vertex 23.261188507080078 20.4178466796875 3.1999998092651367
      vertex 23.21533966064453 20.707321166992188 3.1999998092651367
    endloop
  endfacet
  facet normal 0 0 1
    outer loop
      vertex 23.442073822021484 -19.86113739013672 3.1999998092651367
      vertex 7.59999942779541 -7.59999942779541 3.1999998092651367
      vertex 23.3370418548584 -20.134754180908203 3.1999998092651367
    endloop
  endfacet
  facet normal 0 0 1
    outer loop
      vertex 7.59999942779541 7.59999942779541 3.1999998092651367
      vertex 23.21533966064453 20.707321166992188 3.1999998092651367
      vertex 23.200000762939453 21 3.1999998092651367
    endloop
  endfacet
  facet normal 0 0 1
    outer loop
      vertex 23.3370418548584 -20.134754180908203 3.1999998092651367
      vertex 7.59999942779541 -7.59999942779541 3.1999998092651367
      vertex 23.261188507080078 -20.4178466796875 3.1999998092651367
    endloop
  endfacet
  facet normal 0 0 1
    outer loop
      vertex 28 31 3.1999998092651367
      vertex 31 28 3.1999998092651367
      vertex 30.983566284179688 28.31358528137207 3.1999998092651367
    endloop
  endfacet
  facet normal 0 0 1
    outer loop
      vertex 28.78466033935547 20.707321166992188 3.1999998092651367
      vertex 31 28 3.1999998092651367
      vertex 28.799999237060547 21 3.1999998092651367
    endloop
  endfacet
  facet normal 0 0 1
    outer loop
      vertex 28 31 3.1999998092651367
      vertex 30.983566284179688 28.31358528137207 3.1999998092651367
      vertex 30.9344425201416 28.623733520507812 3.1999998092651367
    endloop
  endfacet
  facet normal 0 0 1
    outer loop
      vertex 28.738811492919922 20.4178466796875 3.1999998092651367
      vertex 31 28 3.1999998092651367
      vertex 28.78466033935547 20.707321166992188 3.1999998092651367
    endloop
  endfacet
  facet normal 0 0 1
    outer loop
      vertex 28 31 3.1999998092651367
      vertex 30.9344425201416 28.623733520507812 3.1999998092651367
      vertex 30.853168487548828 28.927051544189453 3.1999998092651367
    endloop
  endfacet
  facet normal 0 0 1
    outer loop
      vertex 28.78466033935547 -21.292678833007812 3.1999998092651367
      vertex 31 -28 3.1999998092651367
      vertex 28.799999237060547 -21 3.1999998092651367
    endloop
  endfacet
  facet normal 0 0 1
    outer loop
      vertex 28 31 3.1999998092651367
      vertex 30.853168487548828 28.927051544189453 3.1999998092651367
      vertex 30.74063491821289 29.2202091217041 3.1999998092651367
    endloop
  endfacet
  facet normal 0 0 1
    outer loop
      vertex 28.738811492919922 -21.5821533203125 3.1999998092651367
      vertex 31 -28 3.1999998092651367
      vertex 28.78466033935547 -21.292678833007812 3.1999998092651367
    endloop
  endfacet
  facet normal 0 0 1
    outer loop
      vertex 28 31 3.1999998092651367
      vertex 30.74063491821289 29.2202091217041 3.1999998092651367
      vertex 30.59807586669922 29.5 3.1999998092651367
    endloop
  endfacet
  facet normal 0 0 1
    outer loop
      vertex 28.6629581451416 -21.865245819091797 3.1999998092651367
      vertex 31 -28 3.1999998092651367
      vertex 28.738811492919922 -21.5821533203125 3.1999998092651367
    endloop
  endfacet
  facet normal 0 0 1
    outer loop
      vertex 28 31 3.1999998092651367
      vertex 30.59807586669922 29.5 3.1999998092651367
      vertex 30.427051544189453 29.763355255126953 3.1999998092651367
    endloop
  endfacet
  facet normal 0 0 1
    outer loop
      vertex 28.557926177978516 -22.13886260986328 3.1999998092651367
      vertex 31 -28 3.1999998092651367
      vertex 28.6629581451416 -21.865245819091797 3.1999998092651367
    endloop
  endfacet
  facet normal 0 0 1
    outer loop
      vertex 28 31 3.1999998092651367
      vertex 30.427051544189453 29.763355255126953 3.1999998092651367
      vertex 30.229434967041016 30.00739097595215 3.1999998092651367
    endloop
  endfacet
  facet normal 0 0 1
    outer loop
      vertex 28.424869537353516 -22.399999618530273 3.1999998092651367
      vertex 31 -28 3.1999998092651367
      vertex 28.557926177978516 -22.13886260986328 3.1999998092651367
    endloop
  endfacet
  facet normal 0 0 1
    outer loop
      vertex 28 31 3.1999998092651367
      vertex 30.229434967041016 30.00739097595215 3.1999998092651367
      vertex 30.00739097595215 30.229434967041016 3.1999998092651367
    endloop
  endfacet
  facet normal 0 0 1
    outer loop
      vertex 28.265247344970703 -22.645797729492188 3.1999998092651367
      vertex 31 -28 3.1999998092651367
      vertex 28.424869537353516 -22.399999618530273 3.1999998092651367
    endloop
  endfacet
  facet normal 0 0 1
    outer loop
      vertex 28 31 3.1999998092651367
      vertex 30.00739097595215 30.229434967041016 3.1999998092651367
      vertex 29.763355255126953 30.427051544189453 3.1999998092651367
    endloop
  endfacet
  facet normal 0 0 1
    outer loop
      vertex 28.0808048248291 -22.873565673828125 3.1999998092651367
      vertex 31 -28 3.1999998092651367
      vertex 28.265247344970703 -22.645797729492188 3.1999998092651367
    endloop
  endfacet
  facet normal 0 0 1
    outer loop
      vertex 28 31 3.1999998092651367
      vertex 29.763355255126953 30.427051544189453 3.1999998092651367
      vertex 29.5 30.59807586669922 3.1999998092651367
    endloop
  endfacet
  facet normal 0 0 1
    outer loop
      vertex 27.873565673828125 -23.0808048248291 3.1999998092651367
      vertex 31 -28 3.1999998092651367
      vertex 28.0808048248291 -22.873565673828125 3.1999998092651367
    endloop
  endfacet
  facet normal 0 0 1
    outer loop
      vertex 28 31 3.1999998092651367
      vertex 29.5 30.59807586669922 3.1999998092651367
      vertex 29.2202091217041 30.74063491821289 3.1999998092651367
    endloop
  endfacet
  facet normal 0 0 1
    outer loop
      vertex 27.645797729492188 -23.265247344970703 3.1999998092651367
      vertex 31 -28 3.1999998092651367
      vertex 27.873565673828125 -23.0808048248291 3.1999998092651367
    endloop
  endfacet
  facet normal 0 0 1
    outer loop
      vertex 28 31 3.1999998092651367
      vertex 29.2202091217041 30.74063491821289 3.1999998092651367
      vertex 28.927051544189453 30.853168487548828 3.1999998092651367
    endloop
  endfacet
  facet normal 0 0 1
    outer loop
      vertex 27.399999618530273 -23.424869537353516 3.1999998092651367
      vertex 31 -28 3.1999998092651367
      vertex 27.645797729492188 -23.265247344970703 3.1999998092651367
    endloop
  endfacet
  facet normal 0 0 1
    outer loop
      vertex 27.13886260986328 -23.557926177978516 3.1999998092651367
      vertex 31 -28 3.1999998092651367
      vertex 27.399999618530273 -23.424869537353516 3.1999998092651367
    endloop
  endfacet
  facet normal 0 0 1
    outer loop
      vertex 31 28 3.1999998092651367
      vertex 28.78466033935547 21.292678833007812 3.1999998092651367
      vertex 28.799999237060547 21 3.1999998092651367
    endloop
  endfacet
  facet normal 0 0 1
    outer loop
      vertex 31 28 3.1999998092651367
      vertex 28.738811492919922 21.5821533203125 3.1999998092651367
      vertex 28.78466033935547 21.292678833007812 3.1999998092651367
    endloop
  endfacet
  facet normal 0 0 1
    outer loop
      vertex 31 28 3.1999998092651367
      vertex 28.6629581451416 21.865245819091797 3.1999998092651367
      vertex 28.738811492919922 21.5821533203125 3.1999998092651367
    endloop
  endfacet
  facet normal 0 0 1
    outer loop
      vertex 28 31 3.1999998092651367
      vertex 28.927051544189453 30.853168487548828 3.1999998092651367
      vertex 28.623733520507812 30.9344425201416 3.1999998092651367
    endloop
  endfacet
  facet normal 0 0 1
    outer loop
      vertex 31 28 3.1999998092651367
      vertex 28.557926177978516 22.13886260986328 3.1999998092651367
      vertex 28.6629581451416 21.865245819091797 3.1999998092651367
    endloop
  endfacet
  facet normal 0 0 1
    outer loop
      vertex 31 28 3.1999998092651367
      vertex 28.424869537353516 22.399999618530273 3.1999998092651367
      vertex 28.557926177978516 22.13886260986328 3.1999998092651367
    endloop
  endfacet
  facet normal 0 0 1
    outer loop
      vertex 28 31 3.1999998092651367
      vertex 28.623733520507812 30.9344425201416 3.1999998092651367
      vertex 28.31358528137207 30.983566284179688 3.1999998092651367
    endloop
  endfacet
  facet normal 0 0 1
    outer loop
      vertex 31 28 3.1999998092651367
      vertex 28.265247344970703 22.645797729492188 3.1999998092651367
      vertex 28.424869537353516 22.399999618530273 3.1999998092651367
    endloop
  endfacet
  facet normal 0 0 1
    outer loop
      vertex 31 28 3.1999998092651367
      vertex 28.0808048248291 22.873565673828125 3.1999998092651367
      vertex 28.265247344970703 22.645797729492188 3.1999998092651367
    endloop
  endfacet
  facet normal 0 0 1
    outer loop
      vertex 31 28 3.1999998092651367
      vertex 28 31 3.1999998092651367
      vertex 26.5821533203125 23.738811492919922 3.1999998092651367
    endloop
  endfacet
  facet normal 0 0 1
    outer loop
      vertex 31 28 3.1999998092651367
      vertex 27.873565673828125 23.0808048248291 3.1999998092651367
      vertex 28.0808048248291 22.873565673828125 3.1999998092651367
    endloop
  endfacet
  facet normal 0 0 1
    outer loop
      vertex 31 28 3.1999998092651367
      vertex 27.645797729492188 23.265247344970703 3.1999998092651367
      vertex 27.873565673828125 23.0808048248291 3.1999998092651367
    endloop
  endfacet
  facet normal 0 0 1
    outer loop
      vertex 31 28 3.1999998092651367
      vertex 27.399999618530273 23.424869537353516 3.1999998092651367
      vertex 27.645797729492188 23.265247344970703 3.1999998092651367
    endloop
  endfacet
  facet normal 0 0 1
    outer loop
      vertex 31 28 3.1999998092651367
      vertex 27.13886260986328 23.557926177978516 3.1999998092651367
      vertex 27.399999618530273 23.424869537353516 3.1999998092651367
    endloop
  endfacet
  facet normal 0 0 1
    outer loop
      vertex 31 28 3.1999998092651367
      vertex 26.865245819091797 23.6629581451416 3.1999998092651367
      vertex 27.13886260986328 23.557926177978516 3.1999998092651367
    endloop
  endfacet
  facet normal 0 0 1
    outer loop
      vertex 31 28 3.1999998092651367
      vertex 26.5821533203125 23.738811492919922 3.1999998092651367
      vertex 26.865245819091797 23.6629581451416 3.1999998092651367
    endloop
  endfacet
  facet normal 0 0 1
    outer loop
      vertex 28 31 3.1999998092651367
      vertex 26.292678833007812 23.78466033935547 3.1999998092651367
      vertex 26.5821533203125 23.738811492919922 3.1999998092651367
    endloop
  endfacet
  facet normal 0 0 1
    outer loop
      vertex 28 31 3.1999998092651367
      vertex 26 23.799999237060547 3.1999998092651367
      vertex 26.292678833007812 23.78466033935547 3.1999998092651367
    endloop
  endfacet
  facet normal 0 0 1
    outer loop
      vertex 28 31 3.1999998092651367
      vertex 25.707321166992188 23.78466033935547 3.1999998092651367
      vertex 26 23.799999237060547 3.1999998092651367
    endloop
  endfacet
  facet normal 0 0 1
    outer loop
      vertex 28 31 3.1999998092651367
      vertex 25.4178466796875 23.738811492919922 3.1999998092651367
      vertex 25.707321166992188 23.78466033935547 3.1999998092651367
    endloop
  endfacet
  facet normal 0 0 1
    outer loop
      vertex 28 31 3.1999998092651367
      vertex 25.134754180908203 23.6629581451416 3.1999998092651367
      vertex 25.4178466796875 23.738811492919922 3.1999998092651367
    endloop
  endfacet
  facet normal 0 0 1
    outer loop
      vertex 28 31 3.1999998092651367
      vertex 24.86113739013672 23.557926177978516 3.1999998092651367
      vertex 25.134754180908203 23.6629581451416 3.1999998092651367
    endloop
  endfacet
  facet normal 0 0 1
    outer loop
      vertex 28 31 3.1999998092651367
      vertex 24.600000381469727 23.424869537353516 3.1999998092651367
      vertex 24.86113739013672 23.557926177978516 3.1999998092651367
    endloop
  endfacet
  facet normal 0 0 1
    outer loop
      vertex 28 31 3.1999998092651367
      vertex 24.354202270507812 23.265247344970703 3.1999998092651367
      vertex 24.600000381469727 23.424869537353516 3.1999998092651367
    endloop
  endfacet
  facet normal 0 0 1
    outer loop
      vertex 28 31 3.1999998092651367
      vertex 24.126434326171875 23.0808048248291 3.1999998092651367
      vertex 24.354202270507812 23.265247344970703 3.1999998092651367
    endloop
  endfacet
  facet normal 0 0 1
    outer loop
      vertex 28 31 3.1999998092651367
      vertex 23.9191951751709 22.873565673828125 3.1999998092651367
      vertex 24.126434326171875 23.0808048248291 3.1999998092651367
    endloop
  endfacet
  facet normal 0 0 1
    outer loop
      vertex 28 31 3.1999998092651367
      vertex 23.734752655029297 22.645797729492188 3.1999998092651367
      vertex 23.9191951751709 22.873565673828125 3.1999998092651367
    endloop
  endfacet
  facet normal 0 0 1
    outer loop
      vertex -23.734752655029297 22.645797729492188 3.1999998092651367
      vertex 23.734752655029297 22.645797729492188 3.1999998092651367
      vertex 28 31 3.1999998092651367
    endloop
  endfacet
  facet normal 0 0 1
    outer loop
      vertex 23.261188507080078 -20.4178466796875 3.1999998092651367
      vertex 7.59999942779541 -7.59999942779541 3.1999998092651367
      vertex 23.21533966064453 -20.707321166992188 3.1999998092651367
    endloop
  endfacet
  facet normal 0 0 1
    outer loop
      vertex 23.21533966064453 21.292678833007812 3.1999998092651367
      vertex 7.59999942779541 7.59999942779541 3.1999998092651367
      vertex 23.200000762939453 21 3.1999998092651367
    endloop
  endfacet
  facet normal 0 0 1
    outer loop
      vertex 23.261188507080078 21.5821533203125 3.1999998092651367
      vertex 7.59999942779541 7.59999942779541 3.1999998092651367
      vertex 23.21533966064453 21.292678833007812 3.1999998092651367
    endloop
  endfacet
  facet normal 0 0 1
    outer loop
      vertex 23.3370418548584 21.865245819091797 3.1999998092651367
      vertex 7.59999942779541 7.59999942779541 3.1999998092651367
      vertex 23.261188507080078 21.5821533203125 3.1999998092651367
    endloop
  endfacet
  facet normal 0 0 1
    outer loop
      vertex 23.442073822021484 22.13886260986328 3.1999998092651367
      vertex 7.59999942779541 7.59999942779541 3.1999998092651367
      vertex 23.3370418548584 21.865245819091797 3.1999998092651367
    endloop
  endfacet
  facet normal 0 0 1
    outer loop
      vertex -23.442073822021484 22.13886260986328 3.1999998092651367
      vertex 23.442073822021484 22.13886260986328 3.1999998092651367
      vertex 23.575130462646484 22.399999618530273 3.1999998092651367
    endloop
  endfacet
  facet normal 0 0 1
    outer loop
      vertex 23.734752655029297 22.645797729492188 3.1999998092651367
      vertex -23.734752655029297 22.645797729492188 3.1999998092651367
      vertex 23.575130462646484 22.399999618530273 3.1999998092651367
    endloop
  endfacet
  facet normal 0 0 1
    outer loop
      vertex 23.442073822021484 22.13886260986328 3.1999998092651367
      vertex -23.442073822021484 22.13886260986328 3.1999998092651367
      vertex 7.59999942779541 7.59999942779541 3.1999998092651367
    endloop
  endfacet
  facet normal 0 0 1
    outer loop
      vertex -23.21533966064453 20.707321166992188 3.1999998092651367
      vertex -7.59999942779541 7.59999942779541 3.1999998092651367
      vertex -23.200000762939453 21 3.1999998092651367
    endloop
  endfacet
  facet normal 0 0 1
    outer loop
      vertex 7.59999942779541 7.59999942779541 3.1999998092651367
      vertex -23.442073822021484 22.13886260986328 3.1999998092651367
      vertex -7.59999942779541 7.59999942779541 3.1999998092651367
    endloop
  endfacet
  facet normal 0 0 1
    outer loop
      vertex -7.59999942779541 7.59999942779541 3.1999998092651367
      vertex -23.21533966064453 21.292678833007812 3.1999998092651367
      vertex -23.200000762939453 21 3.1999998092651367
    endloop
  endfacet
  facet normal 0 0 1
    outer loop
      vertex -7.59999942779541 7.59999942779541 3.1999998092651367
      vertex -23.261188507080078 21.5821533203125 3.1999998092651367
      vertex -23.21533966064453 21.292678833007812 3.1999998092651367
    endloop
  endfacet
  facet normal 0 0 1
    outer loop
      vertex -7.59999942779541 7.59999942779541 3.1999998092651367
      vertex -23.3370418548584 21.865245819091797 3.1999998092651367
      vertex -23.261188507080078 21.5821533203125 3.1999998092651367
    endloop
  endfacet
  facet normal 0 0 1
    outer loop
      vertex -7.59999942779541 7.59999942779541 3.1999998092651367
      vertex -23.442073822021484 22.13886260986328 3.1999998092651367
      vertex -23.3370418548584 21.865245819091797 3.1999998092651367
    endloop
  endfacet
  facet normal 0 0 1
    outer loop
      vertex 23.575130462646484 22.399999618530273 3.1999998092651367
      vertex -23.575130462646484 22.399999618530273 3.1999998092651367
      vertex -23.442073822021484 22.13886260986328 3.1999998092651367
    endloop
  endfacet
  facet normal 0 0 1
    outer loop
      vertex 23.575130462646484 22.399999618530273 3.1999998092651367
      vertex -23.734752655029297 22.645797729492188 3.1999998092651367
      vertex -23.575130462646484 22.399999618530273 3.1999998092651367
    endloop
  endfacet
  facet normal 0 0 1
    outer loop
      vertex -28 31 3.1999998092651367
      vertex -23.734752655029297 22.645797729492188 3.1999998092651367
      vertex 28 31 3.1999998092651367
    endloop
  endfacet
  facet normal 0 0 1
    outer loop
      vertex -23.734752655029297 22.645797729492188 3.1999998092651367
      vertex -28 31 3.1999998092651367
      vertex -23.9191951751709 22.873565673828125 3.1999998092651367
    endloop
  endfacet
  facet normal 0 0 1
    outer loop
      vertex -23.9191951751709 22.873565673828125 3.1999998092651367
      vertex -28 31 3.1999998092651367
      vertex -24.126434326171875 23.0808048248291 3.1999998092651367
    endloop
  endfacet
  facet normal 0 0 1
    outer loop
      vertex -24.126434326171875 23.0808048248291 3.1999998092651367
      vertex -28 31 3.1999998092651367
      vertex -24.354202270507812 23.265247344970703 3.1999998092651367
    endloop
  endfacet
  facet normal 0 0 1
    outer loop
      vertex -24.354202270507812 23.265247344970703 3.1999998092651367
      vertex -28 31 3.1999998092651367
      vertex -24.600000381469727 23.424869537353516 3.1999998092651367
    endloop
  endfacet
  facet normal 0 0 1
    outer loop
      vertex -24.600000381469727 23.424869537353516 3.1999998092651367
      vertex -28 31 3.1999998092651367
      vertex -24.86113739013672 23.557926177978516 3.1999998092651367
    endloop
  endfacet
  facet normal 0 0 1
    outer loop
      vertex -24.86113739013672 23.557926177978516 3.1999998092651367
      vertex -28 31 3.1999998092651367
      vertex -25.134754180908203 23.6629581451416 3.1999998092651367
    endloop
  endfacet
  facet normal 0 0 1
    outer loop
      vertex -25.134754180908203 23.6629581451416 3.1999998092651367
      vertex -28 31 3.1999998092651367
      vertex -25.4178466796875 23.738811492919922 3.1999998092651367
    endloop
  endfacet
  facet normal 0 0 1
    outer loop
      vertex -25.4178466796875 23.738811492919922 3.1999998092651367
      vertex -28 31 3.1999998092651367
      vertex -25.707321166992188 23.78466033935547 3.1999998092651367
    endloop
  endfacet
  facet normal 0 0 1
    outer loop
      vertex -25.707321166992188 23.78466033935547 3.1999998092651367
      vertex -28 31 3.1999998092651367
      vertex -26 23.799999237060547 3.1999998092651367
    endloop
  endfacet
  facet normal 0 0 1
    outer loop
      vertex -26 23.799999237060547 3.1999998092651367
      vertex -28 31 3.1999998092651367
      vertex -26.292678833007812 23.78466033935547 3.1999998092651367
    endloop
  endfacet
  facet normal 0 0 1
    outer loop
      vertex -28 31 3.1999998092651367
      vertex -26.5821533203125 23.738811492919922 3.1999998092651367
      vertex -26.292678833007812 23.78466033935547 3.1999998092651367
    endloop
  endfacet
  facet normal 0 0 1
    outer loop
      vertex -31 28 3.1999998092651367
      vertex -26.5821533203125 23.738811492919922 3.1999998092651367
      vertex -28 31 3.1999998092651367
    endloop
  endfacet
  facet normal 0 0 1
    outer loop
      vertex -26.5821533203125 23.738811492919922 3.1999998092651367
      vertex -31 28 3.1999998092651367
      vertex -26.865245819091797 23.6629581451416 3.1999998092651367
    endloop
  endfacet
  facet normal 0 0 1
    outer loop
      vertex -26.865245819091797 23.6629581451416 3.1999998092651367
      vertex -31 28 3.1999998092651367
      vertex -27.13886260986328 23.557926177978516 3.1999998092651367
    endloop
  endfacet
  facet normal 0 0 1
    outer loop
      vertex -27.13886260986328 23.557926177978516 3.1999998092651367
      vertex -31 28 3.1999998092651367
      vertex -27.399999618530273 23.424869537353516 3.1999998092651367
    endloop
  endfacet
  facet normal 0 0 1
    outer loop
      vertex -27.399999618530273 23.424869537353516 3.1999998092651367
      vertex -31 28 3.1999998092651367
      vertex -27.645797729492188 23.265247344970703 3.1999998092651367
    endloop
  endfacet
  facet normal 0 0 1
    outer loop
      vertex -27.645797729492188 23.265247344970703 3.1999998092651367
      vertex -31 28 3.1999998092651367
      vertex -27.873565673828125 23.0808048248291 3.1999998092651367
    endloop
  endfacet
  facet normal 0 0 1
    outer loop
      vertex -27.873565673828125 23.0808048248291 3.1999998092651367
      vertex -31 28 3.1999998092651367
      vertex -28.0808048248291 22.873565673828125 3.1999998092651367
    endloop
  endfacet
  facet normal 0 0 1
    outer loop
      vertex -31 28 3.1999998092651367
      vertex -28 31 3.1999998092651367
      vertex -28.31358528137207 30.983566284179688 3.1999998092651367
    endloop
  endfacet
  facet normal 0 0 1
    outer loop
      vertex -28.0808048248291 22.873565673828125 3.1999998092651367
      vertex -31 28 3.1999998092651367
      vertex -28.265247344970703 22.645797729492188 3.1999998092651367
    endloop
  endfacet
  facet normal 0 0 1
    outer loop
      vertex -28.265247344970703 22.645797729492188 3.1999998092651367
      vertex -31 28 3.1999998092651367
      vertex -28.424869537353516 22.399999618530273 3.1999998092651367
    endloop
  endfacet
  facet normal 0 0 1
    outer loop
      vertex -31 28 3.1999998092651367
      vertex -28.31358528137207 30.983566284179688 3.1999998092651367
      vertex -28.623733520507812 30.9344425201416 3.1999998092651367
    endloop
  endfacet
  facet normal 0 0 1
    outer loop
      vertex -28.424869537353516 22.399999618530273 3.1999998092651367
      vertex -31 28 3.1999998092651367
      vertex -28.557926177978516 22.13886260986328 3.1999998092651367
    endloop
  endfacet
  facet normal 0 0 1
    outer loop
      vertex -28.557926177978516 22.13886260986328 3.1999998092651367
      vertex -31 28 3.1999998092651367
      vertex -28.6629581451416 21.865245819091797 3.1999998092651367
    endloop
  endfacet
  facet normal 0 0 1
    outer loop
      vertex -28.6629581451416 21.865245819091797 3.1999998092651367
      vertex -31 28 3.1999998092651367
      vertex -28.738811492919922 21.5821533203125 3.1999998092651367
    endloop
  endfacet
  facet normal 0 0 1
    outer loop
      vertex -28.738811492919922 21.5821533203125 3.1999998092651367
      vertex -31 28 3.1999998092651367
      vertex -28.78466033935547 21.292678833007812 3.1999998092651367
    endloop
  endfacet
  facet normal 0 0 1
    outer loop
      vertex -28.78466033935547 21.292678833007812 3.1999998092651367
      vertex -31 28 3.1999998092651367
      vertex -28.799999237060547 21 3.1999998092651367
    endloop
  endfacet
  facet normal 0 0 1
    outer loop
      vertex -31 28 3.1999998092651367
      vertex -28.623733520507812 30.9344425201416 3.1999998092651367
      vertex -28.927051544189453 30.853168487548828 3.1999998092651367
    endloop
  endfacet
  facet normal 0 0 1
    outer loop
      vertex 26.865245819091797 -23.6629581451416 3.1999998092651367
      vertex 31 -28 3.1999998092651367
      vertex 27.13886260986328 -23.557926177978516 3.1999998092651367
    endloop
  endfacet
  facet normal 0 0 1
    outer loop
      vertex 26.5821533203125 -23.738811492919922 3.1999998092651367
      vertex 31 -28 3.1999998092651367
      vertex 26.865245819091797 -23.6629581451416 3.1999998092651367
    endloop
  endfacet
  facet normal 0 0 1
    outer loop
      vertex 28 -31 3.1999998092651367
      vertex 31 -28 3.1999998092651367
      vertex 26.5821533203125 -23.738811492919922 3.1999998092651367
    endloop
  endfacet
  facet normal 0 0 1
    outer loop
      vertex 31 -28 3.1999998092651367
      vertex 28 -31 3.1999998092651367
      vertex 30.983566284179688 -28.31358528137207 3.1999998092651367
    endloop
  endfacet
  facet normal 0 0 1
    outer loop
      vertex 30.983566284179688 -28.31358528137207 3.1999998092651367
      vertex 28 -31 3.1999998092651367
      vertex 30.9344425201416 -28.623733520507812 3.1999998092651367
    endloop
  endfacet
  facet normal 0 0 1
    outer loop
      vertex 30.9344425201416 -28.623733520507812 3.1999998092651367
      vertex 28 -31 3.1999998092651367
      vertex 30.853168487548828 -28.927051544189453 3.1999998092651367
    endloop
  endfacet
  facet normal 0 0 1
    outer loop
      vertex 30.853168487548828 -28.927051544189453 3.1999998092651367
      vertex 28 -31 3.1999998092651367
      vertex 30.74063491821289 -29.2202091217041 3.1999998092651367
    endloop
  endfacet
  facet normal 0 0 1
    outer loop
      vertex 30.74063491821289 -29.2202091217041 3.1999998092651367
      vertex 28 -31 3.1999998092651367
      vertex 30.59807586669922 -29.5 3.1999998092651367
    endloop
  endfacet
  facet normal 0 0 1
    outer loop
      vertex 30.427051544189453 -29.763355255126953 3.1999998092651367
      vertex 28 -31 3.1999998092651367
      vertex 30.229434967041016 -30.00739097595215 3.1999998092651367
    endloop
  endfacet
  facet normal 0 0 1
    outer loop
      vertex 30.229434967041016 -30.00739097595215 3.1999998092651367
      vertex 28 -31 3.1999998092651367
      vertex 30.00739097595215 -30.229434967041016 3.1999998092651367
    endloop
  endfacet
  facet normal 0 0 1
    outer loop
      vertex 30.00739097595215 -30.229434967041016 3.1999998092651367
      vertex 28 -31 3.1999998092651367
      vertex 29.763355255126953 -30.427051544189453 3.1999998092651367
    endloop
  endfacet
  facet normal 0 0 1
    outer loop
      vertex 29.763355255126953 -30.427051544189453 3.1999998092651367
      vertex 28 -31 3.1999998092651367
      vertex 29.5 -30.59807586669922 3.1999998092651367
    endloop
  endfacet
  facet normal 0 0 1
    outer loop
      vertex 29.5 -30.59807586669922 3.1999998092651367
      vertex 28 -31 3.1999998092651367
      vertex 29.2202091217041 -30.74063491821289 3.1999998092651367
    endloop
  endfacet
  facet normal 0 0 1
    outer loop
      vertex 29.2202091217041 -30.74063491821289 3.1999998092651367
      vertex 28 -31 3.1999998092651367
      vertex 28.927051544189453 -30.853168487548828 3.1999998092651367
    endloop
  endfacet
  facet normal 0 0 1
    outer loop
      vertex 28.927051544189453 -30.853168487548828 3.1999998092651367
      vertex 28 -31 3.1999998092651367
      vertex 28.623733520507812 -30.9344425201416 3.1999998092651367
    endloop
  endfacet
  facet normal 0 0 1
    outer loop
      vertex 28.623733520507812 -30.9344425201416 3.1999998092651367
      vertex 28 -31 3.1999998092651367
      vertex 28.31358528137207 -30.983566284179688 3.1999998092651367
    endloop
  endfacet
  facet normal 0 0 1
    outer loop
      vertex 30.59807586669922 -29.5 3.1999998092651367
      vertex 28 -31 3.1999998092651367
      vertex 30.427051544189453 -29.763355255126953 3.1999998092651367
    endloop
  endfacet
  facet normal 0 0 1
    outer loop
      vertex 26.292678833007812 -23.78466033935547 3.1999998092651367
      vertex 28 -31 3.1999998092651367
      vertex 26.5821533203125 -23.738811492919922 3.1999998092651367
    endloop
  endfacet
  facet normal 0 0 1
    outer loop
      vertex 26 -23.799999237060547 3.1999998092651367
      vertex 28 -31 3.1999998092651367
      vertex 26.292678833007812 -23.78466033935547 3.1999998092651367
    endloop
  endfacet
  facet normal 0 0 1
    outer loop
      vertex 25.707321166992188 -23.78466033935547 3.1999998092651367
      vertex 28 -31 3.1999998092651367
      vertex 26 -23.799999237060547 3.1999998092651367
    endloop
  endfacet
  facet normal 0 0 1
    outer loop
      vertex 25.4178466796875 -23.738811492919922 3.1999998092651367
      vertex 28 -31 3.1999998092651367
      vertex 25.707321166992188 -23.78466033935547 3.1999998092651367
    endloop
  endfacet
  facet normal 0 0 1
    outer loop
      vertex 25.134754180908203 -23.6629581451416 3.1999998092651367
      vertex 28 -31 3.1999998092651367
      vertex 25.4178466796875 -23.738811492919922 3.1999998092651367
    endloop
  endfacet
  facet normal 0 0 1
    outer loop
      vertex 24.86113739013672 -23.557926177978516 3.1999998092651367
      vertex 28 -31 3.1999998092651367
      vertex 25.134754180908203 -23.6629581451416 3.1999998092651367
    endloop
  endfacet
  facet normal 0 0 1
    outer loop
      vertex 24.600000381469727 -23.424869537353516 3.1999998092651367
      vertex 28 -31 3.1999998092651367
      vertex 24.86113739013672 -23.557926177978516 3.1999998092651367
    endloop
  endfacet
  facet normal 0 0 1
    outer loop
      vertex 24.354202270507812 -23.265247344970703 3.1999998092651367
      vertex 28 -31 3.1999998092651367
      vertex 24.600000381469727 -23.424869537353516 3.1999998092651367
    endloop
  endfacet
  facet normal 0 0 1
    outer loop
      vertex 24.126434326171875 -23.0808048248291 3.1999998092651367
      vertex 28 -31 3.1999998092651367
      vertex 24.354202270507812 -23.265247344970703 3.1999998092651367
    endloop
  endfacet
  facet normal 0 0 1
    outer loop
      vertex 23.9191951751709 -22.873565673828125 3.1999998092651367
      vertex 28 -31 3.1999998092651367
      vertex 24.126434326171875 -23.0808048248291 3.1999998092651367
    endloop
  endfacet
  facet normal 0 0 1
    outer loop
      vertex 23.734752655029297 -22.645797729492188 3.1999998092651367
      vertex 28 -31 3.1999998092651367
      vertex 23.9191951751709 -22.873565673828125 3.1999998092651367
    endloop
  endfacet
  facet normal 0 0 1
    outer loop
      vertex -23.734752655029297 -22.645797729492188 3.1999998092651367
      vertex 23.734752655029297 -22.645797729492188 3.1999998092651367
      vertex 23.575130462646484 -22.399999618530273 3.1999998092651367
    endloop
  endfacet
  facet normal 0 0 1
    outer loop
      vertex 23.21533966064453 -20.707321166992188 3.1999998092651367
      vertex 7.59999942779541 -7.59999942779541 3.1999998092651367
      vertex 23.200000762939453 -21 3.1999998092651367
    endloop
  endfacet
  facet normal 0 0 1
    outer loop
      vertex 23.200000762939453 -21 3.1999998092651367
      vertex 7.59999942779541 -7.59999942779541 3.1999998092651367
      vertex 23.21533966064453 -21.292678833007812 3.1999998092651367
    endloop
  endfacet
  facet normal 0 0 1
    outer loop
      vertex 23.21533966064453 -21.292678833007812 3.1999998092651367
      vertex 7.59999942779541 -7.59999942779541 3.1999998092651367
      vertex 23.261188507080078 -21.5821533203125 3.1999998092651367
    endloop
  endfacet
  facet normal 0 0 1
    outer loop
      vertex 23.261188507080078 -21.5821533203125 3.1999998092651367
      vertex 7.59999942779541 -7.59999942779541 3.1999998092651367
      vertex 23.3370418548584 -21.865245819091797 3.1999998092651367
    endloop
  endfacet
  facet normal 0 0 1
    outer loop
      vertex 23.3370418548584 -21.865245819091797 3.1999998092651367
      vertex 7.59999942779541 -7.59999942779541 3.1999998092651367
      vertex 23.442073822021484 -22.13886260986328 3.1999998092651367
    endloop
  endfacet
  facet normal 0 0 1
    outer loop
      vertex -23.442073822021484 -22.13886260986328 3.1999998092651367
      vertex 23.442073822021484 -22.13886260986328 3.1999998092651367
      vertex 7.59999942779541 -7.59999942779541 3.1999998092651367
    endloop
  endfacet
  facet normal 0 0 1
    outer loop
      vertex 23.442073822021484 -22.13886260986328 3.1999998092651367
      vertex -23.442073822021484 -22.13886260986328 3.1999998092651367
      vertex 23.575130462646484 -22.399999618530273 3.1999998092651367
    endloop
  endfacet
  facet normal 0 0 1
    outer loop
      vertex -23.442073822021484 -22.13886260986328 3.1999998092651367
      vertex 7.59999942779541 -7.59999942779541 3.1999998092651367
      vertex -7.59999942779541 -7.59999942779541 3.1999998092651367
    endloop
  endfacet
  facet normal 0 0 1
    outer loop
      vertex -23.261188507080078 20.4178466796875 3.1999998092651367
      vertex -7.59999942779541 7.59999942779541 3.1999998092651367
      vertex -23.21533966064453 20.707321166992188 3.1999998092651367
    endloop
  endfacet
  facet normal 0 0 1
    outer loop
      vertex -23.21533966064453 -21.292678833007812 3.1999998092651367
      vertex -7.59999942779541 -7.59999942779541 3.1999998092651367
      vertex -23.200000762939453 -21 3.1999998092651367
    endloop
  endfacet
  facet normal 0 0 1
    outer loop
      vertex -23.261188507080078 -21.5821533203125 3.1999998092651367
      vertex -7.59999942779541 -7.59999942779541 3.1999998092651367
      vertex -23.21533966064453 -21.292678833007812 3.1999998092651367
    endloop
  endfacet
  facet normal 0 0 1
    outer loop
      vertex -23.3370418548584 -21.865245819091797 3.1999998092651367
      vertex -7.59999942779541 -7.59999942779541 3.1999998092651367
      vertex -23.261188507080078 -21.5821533203125 3.1999998092651367
    endloop
  endfacet
  facet normal 0 0 1
    outer loop
      vertex -23.442073822021484 -22.13886260986328 3.1999998092651367
      vertex -7.59999942779541 -7.59999942779541 3.1999998092651367
      vertex -23.3370418548584 -21.865245819091797 3.1999998092651367
    endloop
  endfacet
  facet normal 0 0 1
    outer loop
      vertex -23.575130462646484 -22.399999618530273 3.1999998092651367
      vertex 23.575130462646484 -22.399999618530273 3.1999998092651367
      vertex -23.442073822021484 -22.13886260986328 3.1999998092651367
    endloop
  endfacet
  facet normal 0 0 1
    outer loop
      vertex -23.734752655029297 -22.645797729492188 3.1999998092651367
      vertex 23.575130462646484 -22.399999618530273 3.1999998092651367
      vertex -23.575130462646484 -22.399999618530273 3.1999998092651367
    endloop
  endfacet
  facet normal 0 0 1
    outer loop
      vertex 23.734752655029297 -22.645797729492188 3.1999998092651367
      vertex -23.734752655029297 -22.645797729492188 3.1999998092651367
      vertex 28 -31 3.1999998092651367
    endloop
  endfacet
  facet normal 0 0 1
    outer loop
      vertex -28 -31 3.1999998092651367
      vertex -23.734752655029297 -22.645797729492188 3.1999998092651367
      vertex -23.9191951751709 -22.873565673828125 3.1999998092651367
    endloop
  endfacet
  facet normal 0 0 1
    outer loop
      vertex -28 -31 3.1999998092651367
      vertex -23.9191951751709 -22.873565673828125 3.1999998092651367
      vertex -24.126434326171875 -23.0808048248291 3.1999998092651367
    endloop
  endfacet
  facet normal 0 0 1
    outer loop
      vertex -28 -31 3.1999998092651367
      vertex -24.126434326171875 -23.0808048248291 3.1999998092651367
      vertex -24.354202270507812 -23.265247344970703 3.1999998092651367
    endloop
  endfacet
  facet normal 0 0 1
    outer loop
      vertex -28 -31 3.1999998092651367
      vertex -24.354202270507812 -23.265247344970703 3.1999998092651367
      vertex -24.600000381469727 -23.424869537353516 3.1999998092651367
    endloop
  endfacet
  facet normal 0 0 1
    outer loop
      vertex -28 -31 3.1999998092651367
      vertex -24.600000381469727 -23.424869537353516 3.1999998092651367
      vertex -24.86113739013672 -23.557926177978516 3.1999998092651367
    endloop
  endfacet
  facet normal 0 0 1
    outer loop
      vertex -28 -31 3.1999998092651367
      vertex -24.86113739013672 -23.557926177978516 3.1999998092651367
      vertex -25.134754180908203 -23.6629581451416 3.1999998092651367
    endloop
  endfacet
  facet normal 0 0 1
    outer loop
      vertex -28 -31 3.1999998092651367
      vertex -25.134754180908203 -23.6629581451416 3.1999998092651367
      vertex -25.4178466796875 -23.738811492919922 3.1999998092651367
    endloop
  endfacet
  facet normal 0 0 1
    outer loop
      vertex -28 -31 3.1999998092651367
      vertex -25.4178466796875 -23.738811492919922 3.1999998092651367
      vertex -25.707321166992188 -23.78466033935547 3.1999998092651367
    endloop
  endfacet
  facet normal 0 0 1
    outer loop
      vertex -28 -31 3.1999998092651367
      vertex -25.707321166992188 -23.78466033935547 3.1999998092651367
      vertex -26 -23.799999237060547 3.1999998092651367
    endloop
  endfacet
  facet normal 0 0 1
    outer loop
      vertex -28 -31 3.1999998092651367
      vertex -26 -23.799999237060547 3.1999998092651367
      vertex -26.292678833007812 -23.78466033935547 3.1999998092651367
    endloop
  endfacet
  facet normal 0 0 1
    outer loop
      vertex -23.734752655029297 -22.645797729492188 3.1999998092651367
      vertex -28 -31 3.1999998092651367
      vertex 28 -31 3.1999998092651367
    endloop
  endfacet
  facet normal 0 0 1
    outer loop
      vertex -26.5821533203125 -23.738811492919922 3.1999998092651367
      vertex -28 -31 3.1999998092651367
      vertex -26.292678833007812 -23.78466033935547 3.1999998092651367
    endloop
  endfacet
  facet normal 0 0 1
    outer loop
      vertex -31 -28 3.1999998092651367
      vertex -26.5821533203125 -23.738811492919922 3.1999998092651367
      vertex -26.865245819091797 -23.6629581451416 3.1999998092651367
    endloop
  endfacet
  facet normal 0 0 1
    outer loop
      vertex -31 -28 3.1999998092651367
      vertex -26.865245819091797 -23.6629581451416 3.1999998092651367
      vertex -27.13886260986328 -23.557926177978516 3.1999998092651367
    endloop
  endfacet
  facet normal 0 0 1
    outer loop
      vertex -31 -28 3.1999998092651367
      vertex -27.13886260986328 -23.557926177978516 3.1999998092651367
      vertex -27.399999618530273 -23.424869537353516 3.1999998092651367
    endloop
  endfacet
  facet normal 0 0 1
    outer loop
      vertex -31 -28 3.1999998092651367
      vertex -27.399999618530273 -23.424869537353516 3.1999998092651367
      vertex -27.645797729492188 -23.265247344970703 3.1999998092651367
    endloop
  endfacet
  facet normal 0 0 1
    outer loop
      vertex -31 -28 3.1999998092651367
      vertex -27.645797729492188 -23.265247344970703 3.1999998092651367
      vertex -27.873565673828125 -23.0808048248291 3.1999998092651367
    endloop
  endfacet
  facet normal 0 0 1
    outer loop
      vertex -31 -28 3.1999998092651367
      vertex -27.873565673828125 -23.0808048248291 3.1999998092651367
      vertex -28.0808048248291 -22.873565673828125 3.1999998092651367
    endloop
  endfacet
  facet normal 0 0 1
    outer loop
      vertex -31 -28 3.1999998092651367
      vertex -28.0808048248291 -22.873565673828125 3.1999998092651367
      vertex -28.265247344970703 -22.645797729492188 3.1999998092651367
    endloop
  endfacet
  facet normal 0 0 1
    outer loop
      vertex -26.5821533203125 -23.738811492919922 3.1999998092651367
      vertex -31 -28 3.1999998092651367
      vertex -28 -31 3.1999998092651367
    endloop
  endfacet
  facet normal 0 0 1
    outer loop
      vertex -31 -28 3.1999998092651367
      vertex -28.265247344970703 -22.645797729492188 3.1999998092651367
      vertex -28.424869537353516 -22.399999618530273 3.1999998092651367
    endloop
  endfacet
  facet normal 0 0 1
    outer loop
      vertex -31 -28 3.1999998092651367
      vertex -28.424869537353516 -22.399999618530273 3.1999998092651367
      vertex -28.557926177978516 -22.13886260986328 3.1999998092651367
    endloop
  endfacet
  facet normal 0 0 1
    outer loop
      vertex -28 -31 3.1999998092651367
      vertex -31 -28 3.1999998092651367
      vertex -28.31358528137207 -30.983566284179688 3.1999998092651367
    endloop
  endfacet
  facet normal 0 0 1
    outer loop
      vertex -31 -28 3.1999998092651367
      vertex -28.557926177978516 -22.13886260986328 3.1999998092651367
      vertex -28.6629581451416 -21.865245819091797 3.1999998092651367
    endloop
  endfacet
  facet normal 0 0 1
    outer loop
      vertex -31 -28 3.1999998092651367
      vertex -28.6629581451416 -21.865245819091797 3.1999998092651367
      vertex -28.738811492919922 -21.5821533203125 3.1999998092651367
    endloop
  endfacet
  facet normal 0 0 1
    outer loop
      vertex -31 -28 3.1999998092651367
      vertex -28.738811492919922 -21.5821533203125 3.1999998092651367
      vertex -28.78466033935547 -21.292678833007812 3.1999998092651367
    endloop
  endfacet
  facet normal 0 0 1
    outer loop
      vertex -31 -28 3.1999998092651367
      vertex -28.78466033935547 -21.292678833007812 3.1999998092651367
      vertex -28.799999237060547 -21 3.1999998092651367
    endloop
  endfacet
  facet normal 0 0 1
    outer loop
      vertex -28.31358528137207 -30.983566284179688 3.1999998092651367
      vertex -31 -28 3.1999998092651367
      vertex -28.623733520507812 -30.9344425201416 3.1999998092651367
    endloop
  endfacet
  facet normal 0 0 1
    outer loop
      vertex -28.738811492919922 -20.4178466796875 3.1999998092651367
      vertex -31 -28 3.1999998092651367
      vertex -28.78466033935547 -20.707321166992188 3.1999998092651367
    endloop
  endfacet
  facet normal 0 0 1
    outer loop
      vertex -31 28 3.1999998092651367
      vertex -28.927051544189453 30.853168487548828 3.1999998092651367
      vertex -29.2202091217041 30.74063491821289 3.1999998092651367
    endloop
  endfacet
  facet normal 0 0 1
    outer loop
      vertex -28.78466033935547 -20.707321166992188 3.1999998092651367
      vertex -31 -28 3.1999998092651367
      vertex -28.799999237060547 -21 3.1999998092651367
    endloop
  endfacet
  facet normal 0 0 1
    outer loop
      vertex -31 28 3.1999998092651367
      vertex -29.2202091217041 30.74063491821289 3.1999998092651367
      vertex -29.5 30.59807586669922 3.1999998092651367
    endloop
  endfacet
  facet normal 0 0 1
    outer loop
      vertex -28.623733520507812 -30.9344425201416 3.1999998092651367
      vertex -31 -28 3.1999998092651367
      vertex -28.927051544189453 -30.853168487548828 3.1999998092651367
    endloop
  endfacet
  facet normal 0 0 1
    outer loop
      vertex -31 28 3.1999998092651367
      vertex -29.5 30.59807586669922 3.1999998092651367
      vertex -29.763355255126953 30.427051544189453 3.1999998092651367
    endloop
  endfacet
  facet normal 0 0 1
    outer loop
      vertex -28.927051544189453 -30.853168487548828 3.1999998092651367
      vertex -31 -28 3.1999998092651367
      vertex -29.2202091217041 -30.74063491821289 3.1999998092651367
    endloop
  endfacet
  facet normal 0 0 1
    outer loop
      vertex -31 28 3.1999998092651367
      vertex -29.763355255126953 30.427051544189453 3.1999998092651367
      vertex -30.00739097595215 30.229434967041016 3.1999998092651367
    endloop
  endfacet
  facet normal 0 0 1
    outer loop
      vertex -29.2202091217041 -30.74063491821289 3.1999998092651367
      vertex -31 -28 3.1999998092651367
      vertex -29.5 -30.59807586669922 3.1999998092651367
    endloop
  endfacet
  facet normal 0 0 1
    outer loop
      vertex -31 28 3.1999998092651367
      vertex -30.00739097595215 30.229434967041016 3.1999998092651367
      vertex -30.229434967041016 30.00739097595215 3.1999998092651367
    endloop
  endfacet
  facet normal 0 0 1
    outer loop
      vertex -29.5 -30.59807586669922 3.1999998092651367
      vertex -31 -28 3.1999998092651367
      vertex -29.763355255126953 -30.427051544189453 3.1999998092651367
    endloop
  endfacet
  facet normal 0 0 1
    outer loop
      vertex -31 28 3.1999998092651367
      vertex -30.229434967041016 30.00739097595215 3.1999998092651367
      vertex -30.427051544189453 29.763355255126953 3.1999998092651367
    endloop
  endfacet
  facet normal 0 0 1
    outer loop
      vertex -29.763355255126953 -30.427051544189453 3.1999998092651367
      vertex -31 -28 3.1999998092651367
      vertex -30.00739097595215 -30.229434967041016 3.1999998092651367
    endloop
  endfacet
  facet normal 0 0 1
    outer loop
      vertex -31 28 3.1999998092651367
      vertex -30.427051544189453 29.763355255126953 3.1999998092651367
      vertex -30.59807586669922 29.5 3.1999998092651367
    endloop
  endfacet
  facet normal 0 0 1
    outer loop
      vertex -30.00739097595215 -30.229434967041016 3.1999998092651367
      vertex -31 -28 3.1999998092651367
      vertex -30.229434967041016 -30.00739097595215 3.1999998092651367
    endloop
  endfacet
  facet normal 0 0 1
    outer loop
      vertex -31 28 3.1999998092651367
      vertex -30.59807586669922 29.5 3.1999998092651367
      vertex -30.74063491821289 29.2202091217041 3.1999998092651367
    endloop
  endfacet
  facet normal 0 0 1
    outer loop
      vertex -30.229434967041016 -30.00739097595215 3.1999998092651367
      vertex -31 -28 3.1999998092651367
      vertex -30.427051544189453 -29.763355255126953 3.1999998092651367
    endloop
  endfacet
  facet normal 0 0 1
    outer loop
      vertex -31 28 3.1999998092651367
      vertex -30.74063491821289 29.2202091217041 3.1999998092651367
      vertex -30.853168487548828 28.927051544189453 3.1999998092651367
    endloop
  endfacet
  facet normal 0 0 1
    outer loop
      vertex -30.427051544189453 -29.763355255126953 3.1999998092651367
      vertex -31 -28 3.1999998092651367
      vertex -30.59807586669922 -29.5 3.1999998092651367
    endloop
  endfacet
  facet normal 0 0 1
    outer loop
      vertex -31 28 3.1999998092651367
      vertex -30.853168487548828 28.927051544189453 3.1999998092651367
      vertex -30.9344425201416 28.623733520507812 3.1999998092651367
    endloop
  endfacet
  facet normal 0 0 1
    outer loop
      vertex -30.59807586669922 -29.5 3.1999998092651367
      vertex -31 -28 3.1999998092651367
      vertex -30.74063491821289 -29.2202091217041 3.1999998092651367
    endloop
  endfacet
  facet normal 0 0 1
    outer loop
      vertex -31 28 3.1999998092651367
      vertex -30.9344425201416 28.623733520507812 3.1999998092651367
      vertex -30.983566284179688 28.31358528137207 3.1999998092651367
    endloop
  endfacet
  facet normal 0 0 1
    outer loop
      vertex -30.74063491821289 -29.2202091217041 3.1999998092651367
      vertex -31 -28 3.1999998092651367
      vertex -30.853168487548828 -28.927051544189453 3.1999998092651367
    endloop
  endfacet
  facet normal 0 0 1
    outer loop
      vertex -30.853168487548828 -28.927051544189453 3.1999998092651367
      vertex -31 -28 3.1999998092651367
      vertex -30.9344425201416 -28.623733520507812 3.1999998092651367
    endloop
  endfacet
  facet normal 0 0 1
    outer loop
      vertex -30.9344425201416 -28.623733520507812 3.1999998092651367
      vertex -31 -28 3.1999998092651367
      vertex -30.983566284179688 -28.31358528137207 3.1999998092651367
    endloop
  endfacet
  facet normal 0.7071067811865476 -0.7071067811865476 0
    outer loop
      vertex -30.229434967041016 30.00739097595215 4
      vertex -30.00739097595215 30.229434967041016 3.1999998092651367
      vertex -30.00739097595215 30.229434967041016 4
    endloop
  endfacet
  facet normal 0.7071067811865476 -0.7071067811865476 0
    outer loop
      vertex -30.00739097595215 30.229434967041016 3.1999998092651367
      vertex -30.229434967041016 30.00739097595215 4
      vertex -30.229434967041016 30.00739097595215 3.1999998092651367
    endloop
  endfacet
  facet normal -0.2588196782593614 0.9659256566349818 0
    outer loop
      vertex 28.927051544189453 -30.853168487548828 3.1999998092651367
      vertex 28.623733520507812 -30.9344425201416 4
      vertex 28.927051544189453 -30.853168487548828 4
    endloop
  endfacet
  facet normal -0.2588196782593614 0.9659256566349818 0
    outer loop
      vertex 28.623733520507812 -30.9344425201416 4
      vertex 28.927051544189453 -30.853168487548828 3.1999998092651367
      vertex 28.623733520507812 -30.9344425201416 3.1999998092651367
    endloop
  endfacet
  facet normal -0.629321058243511 0.7771454211737127 0
    outer loop
      vertex 30.00739097595215 -30.229434967041016 3.1999998092651367
      vertex 29.763355255126953 -30.427051544189453 4
      vertex 30.00739097595215 -30.229434967041016 4
    endloop
  endfacet
  facet normal -0.629321058243511 0.7771454211737127 0
    outer loop
      vertex 29.763355255126953 -30.427051544189453 4
      vertex 30.00739097595215 -30.229434967041016 3.1999998092651367
      vertex 29.763355255126953 -30.427051544189453 3.1999998092651367
    endloop
  endfacet
  facet normal -0.1564379095671472 0.9876877950295129 0
    outer loop
      vertex 28.623733520507812 -30.9344425201416 3.1999998092651367
      vertex 28.31358528137207 -30.983566284179688 4
      vertex 28.623733520507812 -30.9344425201416 4
    endloop
  endfacet
  facet normal -0.1564379095671472 0.9876877950295129 0
    outer loop
      vertex 28.31358528137207 -30.983566284179688 4
      vertex 28.623733520507812 -30.9344425201416 3.1999998092651367
      vertex 28.31358528137207 -30.983566284179688 3.1999998092651367
    endloop
  endfacet
  facet normal 0.1564379095671472 -0.9876877950295129 0
    outer loop
      vertex -28.623733520507812 30.9344425201416 3.1999998092651367
      vertex -28.31358528137207 30.983566284179688 4
      vertex -28.623733520507812 30.9344425201416 4
    endloop
  endfacet
  facet normal 0.1564379095671472 -0.9876877950295129 0
    outer loop
      vertex -28.31358528137207 30.983566284179688 4
      vertex -28.623733520507812 30.9344425201416 3.1999998092651367
      vertex -28.31358528137207 30.983566284179688 3.1999998092651367
    endloop
  endfacet
  facet normal 0.05233407490429332 -0.9986296333495776 0
    outer loop
      vertex -28.31358528137207 30.983566284179688 3.1999998092651367
      vertex -28 31 4
      vertex -28.31358528137207 30.983566284179688 4
    endloop
  endfacet
  facet normal 0.05233407490429332 -0.9986296333495776 0
    outer loop
      vertex -28 31 4
      vertex -28.31358528137207 30.983566284179688 3.1999998092651367
      vertex -28 31 3.1999998092651367
    endloop
  endfacet
  facet normal -0.8483864041526372 0.4322824829411625 0.3055689188893099
    outer loop
      vertex -4.432502746582031 -32.185768127441406 4.272394180297852
      vertex -4.563608169555664 -32.316871643066406 4.093860626220703
      vertex -4.5084381103515625 -32.33479690551758 4.272394180297852
    endloop
  endfacet
  facet normal -0.4322789498526383 -0.848390328210989 0.3055630221613054
    outer loop
      vertex -4.165201187133789 -33.00843811035156 4.272394180297852
      vertex -4.314231872558594 -32.93250274658203 4.272394180297852
      vertex -4.183127403259277 -33.06360626220703 4.093860626220703
    endloop
  endfacet
  facet normal -0.8910024387246884 0.4539985178242963 0
    outer loop
      vertex -4.563608169555664 -32.316871643066406 4
      vertex -4.479433059692383 -32.15167236328125 4.093860626220703
      vertex -4.479433059692383 -32.15167236328125 4
    endloop
  endfacet
  facet normal -0.8910024387246884 0.4539985178242963 0
    outer loop
      vertex -4.479433059692383 -32.15167236328125 4.093860626220703
      vertex -4.563608169555664 -32.316871643066406 4
      vertex -4.563608169555664 -32.316871643066406 4.093860626220703
    endloop
  endfacet
  facet normal -0.8483861223688534 0.4322839370108326 0.30556764418759313
    outer loop
      vertex -4.479433059692383 -32.15167236328125 4.093860626220703
      vertex -4.563608169555664 -32.316871643066406 4.093860626220703
      vertex -4.432502746582031 -32.185768127441406 4.272394180297852
    endloop
  endfacet
  facet normal 0.1270879970269147 -0.8024604177512881 0.5830145100716749
    outer loop
      vertex 4.131104469299316 -32.903499603271484 4.424263954162598
      vertex 4 -32.92426300048828 4.424263954162598
      vertex 4.165201187133789 -33.00843811035156 4.272394180297852
    endloop
  endfacet
  facet normal 0.09269845495410702 0.5852534856662623 0.805534204093539
    outer loop
      vertex 4.131104469299316 -32.096500396728516 4.424263954162598
      vertex 4 -32.227603912353516 4.534603118896484
      vertex 4.084174156188965 -32.240936279296875 4.534603118896484
    endloop
  endfacet
  facet normal -0.8024581335080079 0.1270940110774569 0.5830163430943315
    outer loop
      vertex -4.5084381103515625 -32.33479690551758 4.272394180297852
      vertex -4.534603118896484 -32.5 4.272394180297852
      vertex -4.424263954162598 -32.5 4.424263954162598
    endloop
  endfacet
  facet normal -0.9404473705688908 0.14894886541972482 0.30556992437122465
    outer loop
      vertex -4.5084381103515625 -32.33479690551758 4.272394180297852
      vertex -4.563608169555664 -32.316871643066406 4.093860626220703
      vertex -4.534603118896484 -32.5 4.272394180297852
    endloop
  endfacet
  facet normal 0.9876888283679465 -0.15643138533284567 0
    outer loop
      vertex 4.563608169555664 -32.683128356933594 4.093860626220703
      vertex 4.592612266540527 -32.5 4
      vertex 4.592612266540527 -32.5 4.093860626220703
    endloop
  endfacet
  facet normal 0.9876888283679465 -0.15643138533284567 0
    outer loop
      vertex 4.592612266540527 -32.5 4
      vertex 4.563608169555664 -32.683128356933594 4.093860626220703
      vertex 4.563608169555664 -32.683128356933594 4
    endloop
  endfacet
  facet normal 0.1270950813635331 0.802455626340552 0.5830195606046071
    outer loop
      vertex 4 -31.965396881103516 4.272394180297852
      vertex 4 -32.07573699951172 4.424263954162598
      vertex 4.165201187133789 -31.991561889648438 4.272394180297852
    endloop
  endfacet
  facet normal -0.36885137479927066 -0.7239074191183816 0.5830151900714523
    outer loop
      vertex -4.131104469299316 -32.903499603271484 4.424263954162598
      vertex -4.314231872558594 -32.93250274658203 4.272394180297852
      vertex -4.165201187133789 -33.00843811035156 4.272394180297852
    endloop
  endfacet
  facet normal -0.7239030356855011 0.36885105812932856 0.58302083311164
    outer loop
      vertex -4.343235969543457 -32.25062561035156 4.424263954162598
      vertex -4.432502746582031 -32.185768127441406 4.272394180297852
      vertex -4.403498649597168 -32.368896484375 4.424263954162598
    endloop
  endfacet
  facet normal -0.8483861223688534 -0.4322839370108326 0.30556764418759313
    outer loop
      vertex -4.432502746582031 -32.814231872558594 4.272394180297852
      vertex -4.563608169555664 -32.683128356933594 4.093860626220703
      vertex -4.479433059692383 -32.84832763671875 4.093860626220703
    endloop
  endfacet
  facet normal 0.8910024387246884 -0.4539985178242963 0
    outer loop
      vertex 4.479433059692383 -32.84832763671875 4.093860626220703
      vertex 4.563608169555664 -32.683128356933594 4
      vertex 4.563608169555664 -32.683128356933594 4.093860626220703
    endloop
  endfacet
  facet normal 0.8910024387246884 -0.4539985178242963 0
    outer loop
      vertex 4.563608169555664 -32.683128356933594 4
      vertex 4.479433059692383 -32.84832763671875 4.093860626220703
      vertex 4.479433059692383 -32.84832763671875 4
    endloop
  endfacet
  facet normal 0.9404472144335376 0.1489491997488188 0.3055702419385532
    outer loop
      vertex 4.563608169555664 -32.316871643066406 4.093860626220703
      vertex 4.534603118896484 -32.5 4.272394180297852
      vertex 4.592612266540527 -32.5 4.093860626220703
    endloop
  endfacet
  facet normal 0.1489500455968377 0.9404439640821477 0.3055798330030243
    outer loop
      vertex 4.183127403259277 -31.936389923095703 4.093860626220703
      vertex 4 -31.965396881103516 4.272394180297852
      vertex 4.165201187133789 -31.991561889648438 4.272394180297852
    endloop
  endfacet
  facet normal -0.8910024387246884 -0.4539985178242963 0
    outer loop
      vertex -4.479433059692383 -32.84832763671875 4
      vertex -4.563608169555664 -32.683128356933594 4.093860626220703
      vertex -4.563608169555664 -32.683128356933594 4
    endloop
  endfacet
  facet normal -0.8910024387246884 -0.4539985178242963 0
    outer loop
      vertex -4.563608169555664 -32.683128356933594 4.093860626220703
      vertex -4.479433059692383 -32.84832763671875 4
      vertex -4.479433059692383 -32.84832763671875 4.093860626220703
    endloop
  endfacet
  facet normal -0.8024543317313941 0.1270996320641249 0.5830203504292845
    outer loop
      vertex -4.403498649597168 -32.368896484375 4.424263954162598
      vertex -4.5084381103515625 -32.33479690551758 4.272394180297852
      vertex -4.424263954162598 -32.5 4.424263954162598
    endloop
  endfacet
  facet normal 0 -0.951054898790254 0.3090219724988172
    outer loop
      vertex -4 -33.092613220214844 4.093860626220703
      vertex 4 -33.034603118896484 4.272394180297852
      vertex -4 -33.034603118896484 4.272394180297852
    endloop
  endfacet
  facet normal 0 -0.951054898790254 0.3090219724988172
    outer loop
      vertex 4 -33.034603118896484 4.272394180297852
      vertex -4 -33.092613220214844 4.093860626220703
      vertex 4 -33.092613220214844 4.093860626220703
    endloop
  endfacet
  facet normal 0.8024581335080079 0.1270940110774569 0.5830163430943315
    outer loop
      vertex 4.5084381103515625 -32.33479690551758 4.272394180297852
      vertex 4.424263954162598 -32.5 4.424263954162598
      vertex 4.534603118896484 -32.5 4.272394180297852
    endloop
  endfacet
  facet normal -0.30864776759272416 -0.04888624797138452 0.9499193072673635
    outer loop
      vertex -4.089266777038574 -32.52900314331055 4.592612266540527
      vertex -4.272394180297852 -32.5 4.534603118896484
      vertex -4.259061813354492 -32.58417510986328 4.534603118896484
    endloop
  endfacet
  facet normal -0.04887327849295023 -0.30865069974408027 0.9499190219154685
    outer loop
      vertex -4.029004096984863 -32.58926773071289 4.592612266540527
      vertex -4.084174156188965 -32.759063720703125 4.534603118896484
      vertex -4 -32.77239227294922 4.534603118896484
    endloop
  endfacet
  facet normal 0.09268928962334538 0.5852597240671578 0.805530726275512
    outer loop
      vertex 4 -32.07573699951172 4.424263954162598
      vertex 4 -32.227603912353516 4.534603118896484
      vertex 4.131104469299316 -32.096500396728516 4.424263954162598
    endloop
  endfacet
  facet normal -0.22097969267890433 -0.22095939696870237 0.9499183756064331
    outer loop
      vertex -4.075934410095215 -32.55516815185547 4.592612266540527
      vertex -4.16010856628418 -32.72037124633789 4.534603118896484
      vertex -4.055169105529785 -32.57593536376953 4.592612266540527
    endloop
  endfacet
  facet normal -0.2209620473676998 -0.2209690411654895 0.9499202368985927
    outer loop
      vertex -4.16010856628418 -32.72037124633789 4.534603118896484
      vertex -4.075934410095215 -32.55516815185547 4.592612266540527
      vertex -4.220371246337891 -32.66011047363281 4.534603118896484
    endloop
  endfacet
  facet normal 0.2690042975864461 0.5279615903253893 0.8055391033470123
    outer loop
      vertex 4.249375343322754 -32.156761169433594 4.424263954162598
      vertex 4.131104469299316 -32.096500396728516 4.424263954162598
      vertex 4.16010856628418 -32.27962875366211 4.534603118896484
    endloop
  endfacet
  facet normal 0.14894494065951527 0.9404463481606635 0.30557498405989575
    outer loop
      vertex 4 -31.907386779785156 4.093860626220703
      vertex 4 -31.965396881103516 4.272394180297852
      vertex 4.183127403259277 -31.936389923095703 4.093860626220703
    endloop
  endfacet
  facet normal 0.36885137479927066 0.7239074191183816 0.5830151900714523
    outer loop
      vertex 4.165201187133789 -31.991561889648438 4.272394180297852
      vertex 4.131104469299316 -32.096500396728516 4.424263954162598
      vertex 4.314231872558594 -32.06749725341797 4.272394180297852
    endloop
  endfacet
  facet normal -0.148964096258615 -0.9404436038883492 0.3055740923758881
    outer loop
      vertex -4 -33.034603118896484 4.272394180297852
      vertex -4.183127403259277 -33.06360626220703 4.093860626220703
      vertex -4 -33.092613220214844 4.093860626220703
    endloop
  endfacet
  facet normal -0.09269845495410702 0.5852534856662623 0.805534204093539
    outer loop
      vertex -4 -32.227603912353516 4.534603118896484
      vertex -4.131104469299316 -32.096500396728516 4.424263954162598
      vertex -4.084174156188965 -32.240936279296875 4.534603118896484
    endloop
  endfacet
  facet normal -0.723900860045025 0.36885275347623997 0.5830224618992561
    outer loop
      vertex -4.432502746582031 -32.185768127441406 4.272394180297852
      vertex -4.5084381103515625 -32.33479690551758 4.272394180297852
      vertex -4.403498649597168 -32.368896484375 4.424263954162598
    endloop
  endfacet
  facet normal -0.6732841096201753 -0.6732890072292129 0.3055657383890882
    outer loop
      vertex -4.348328590393066 -32.97943115234375 4.093860626220703
      vertex -4.432502746582031 -32.814231872558594 4.272394180297852
      vertex -4.479433059692383 -32.84832763671875 4.093860626220703
    endloop
  endfacet
  facet normal -0.6732872621283383 -0.6732872621283383 0.30556263729627126
    outer loop
      vertex -4.432502746582031 -32.814231872558594 4.272394180297852
      vertex -4.348328590393066 -32.97943115234375 4.093860626220703
      vertex -4.314231872558594 -32.93250274658203 4.272394180297852
    endloop
  endfacet
  facet normal -0.36885959247588895 -0.7238968733461489 0.5830230851331624
    outer loop
      vertex -4.249375343322754 -32.84323501586914 4.424263954162598
      vertex -4.314231872558594 -32.93250274658203 4.272394180297852
      vertex -4.131104469299316 -32.903499603271484 4.424263954162598
    endloop
  endfacet
  facet normal -0.3086479844682448 0.04888076476800155 0.9499195189695733
    outer loop
      vertex -4.089266777038574 -32.47099304199219 4.592612266540527
      vertex -4.272394180297852 -32.5 4.534603118896484
      vertex -4.093860626220703 -32.5 4.592612266540527
    endloop
  endfacet
  facet normal -0.5279664202911994 0.26900931466911937 0.8055342622546526
    outer loop
      vertex -4.220371246337891 -32.33988952636719 4.534603118896484
      vertex -4.403498649597168 -32.368896484375 4.424263954162598
      vertex -4.259061813354492 -32.41582489013672 4.534603118896484
    endloop
  endfacet
  facet normal -0.2690210640623762 -0.5279610754646101 0.8055338415516751
    outer loop
      vertex -4.16010856628418 -32.72037124633789 4.534603118896484
      vertex -4.249375343322754 -32.84323501586914 4.424263954162598
      vertex -4.131104469299316 -32.903499603271484 4.424263954162598
    endloop
  endfacet
  facet normal -0.1270879970269147 -0.8024604177512881 0.5830145100716749
    outer loop
      vertex -4.131104469299316 -32.903499603271484 4.424263954162598
      vertex -4.165201187133789 -33.00843811035156 4.272394180297852
      vertex -4 -32.92426300048828 4.424263954162598
    endloop
  endfacet
  facet normal 0.9404472144335376 -0.1489491997488188 0.3055702419385532
    outer loop
      vertex 4.592612266540527 -32.5 4.093860626220703
      vertex 4.534603118896484 -32.5 4.272394180297852
      vertex 4.563608169555664 -32.683128356933594 4.093860626220703
    endloop
  endfacet
  facet normal 0.14187529765508636 0.2784328087600107 0.9499192444209624
    outer loop
      vertex 4.16010856628418 -32.27962875366211 4.534603118896484
      vertex 4.029004096984863 -32.41073226928711 4.592612266540527
      vertex 4.055169105529785 -32.42406463623047 4.592612266540527
    endloop
  endfacet
  facet normal 0.7071144964674557 0.7070990658214564 0
    outer loop
      vertex 4.479433059692383 -32.15167236328125 4.093860626220703
      vertex 4.348328590393066 -32.020565032958984 4
      vertex 4.348328590393066 -32.020565032958984 4.093860626220703
    endloop
  endfacet
  facet normal 0.7071144964674557 0.7070990658214564 0
    outer loop
      vertex 4.348328590393066 -32.020565032958984 4
      vertex 4.479433059692383 -32.15167236328125 4.093860626220703
      vertex 4.479433059692383 -32.15167236328125 4
    endloop
  endfacet
  facet normal -0.2690042975864461 0.5279615903253893 0.8055391033470123
    outer loop
      vertex -4.131104469299316 -32.096500396728516 4.424263954162598
      vertex -4.249375343322754 -32.156761169433594 4.424263954162598
      vertex -4.16010856628418 -32.27962875366211 4.534603118896484
    endloop
  endfacet
  facet normal -0.09268928962334538 0.5852597240671578 0.805530726275512
    outer loop
      vertex -4 -32.07573699951172 4.424263954162598
      vertex -4.131104469299316 -32.096500396728516 4.424263954162598
      vertex -4 -32.227603912353516 4.534603118896484
    endloop
  endfacet
  facet normal -0.14187562919220423 0.2784324958880725 0.9499192866106333
    outer loop
      vertex -4.084174156188965 -32.240936279296875 4.534603118896484
      vertex -4.16010856628418 -32.27962875366211 4.534603118896484
      vertex -4.029004096984863 -32.41073226928711 4.592612266540527
    endloop
  endfacet
  facet normal -0.6732917573308268 0.673277064764328 0.3055752011742741
    outer loop
      vertex -4.479433059692383 -32.15167236328125 4.093860626220703
      vertex -4.314231872558594 -32.06749725341797 4.272394180297852
      vertex -4.348328590393066 -32.020565032958984 4.093860626220703
    endloop
  endfacet
  facet normal -0.6732865222111397 0.6732865222111397 0.3055658979952718
    outer loop
      vertex -4.314231872558594 -32.06749725341797 4.272394180297852
      vertex -4.479433059692383 -32.15167236328125 4.093860626220703
      vertex -4.432502746582031 -32.185768127441406 4.272394180297852
    endloop
  endfacet
  facet normal -0.9876888283679465 -0.15643138533284567 0
    outer loop
      vertex -4.563608169555664 -32.683128356933594 4
      vertex -4.592612266540527 -32.5 4.093860626220703
      vertex -4.592612266540527 -32.5 4
    endloop
  endfacet
  facet normal -0.9876888283679465 -0.15643138533284567 0
    outer loop
      vertex -4.592612266540527 -32.5 4.093860626220703
      vertex -4.563608169555664 -32.683128356933594 4
      vertex -4.563608169555664 -32.683128356933594 4.093860626220703
    endloop
  endfacet
  facet normal 0.15644723317257775 -0.9876863182370429 0
    outer loop
      vertex 4 -33.092613220214844 4
      vertex 4.183127403259277 -33.06360626220703 4.093860626220703
      vertex 4 -33.092613220214844 4.093860626220703
    endloop
  endfacet
  facet normal 0.15644723317257775 -0.9876863182370429 0
    outer loop
      vertex 4.183127403259277 -33.06360626220703 4.093860626220703
      vertex 4 -33.092613220214844 4
      vertex 4.183127403259277 -33.06360626220703 4
    endloop
  endfacet
  facet normal 0.36885137479927066 -0.7239074191183816 0.5830151900714523
    outer loop
      vertex 4.314231872558594 -32.93250274658203 4.272394180297852
      vertex 4.131104469299316 -32.903499603271484 4.424263954162598
      vertex 4.165201187133789 -33.00843811035156 4.272394180297852
    endloop
  endfacet
  facet normal -0.5279662402053111 0.2690151812554316 0.8055324211089054
    outer loop
      vertex -4.343235969543457 -32.25062561035156 4.424263954162598
      vertex -4.403498649597168 -32.368896484375 4.424263954162598
      vertex -4.220371246337891 -32.33988952636719 4.534603118896484
    endloop
  endfacet
  facet normal -0.5852521239227458 0.09269718902882247 0.805535339131729
    outer loop
      vertex -4.259061813354492 -32.41582489013672 4.534603118896484
      vertex -4.403498649597168 -32.368896484375 4.424263954162598
      vertex -4.272394180297852 -32.5 4.534603118896484
    endloop
  endfacet
  facet normal -0.9404472144335376 0.1489491997488188 0.3055702419385532
    outer loop
      vertex -4.563608169555664 -32.316871643066406 4.093860626220703
      vertex -4.592612266540527 -32.5 4.093860626220703
      vertex -4.534603118896484 -32.5 4.272394180297852
    endloop
  endfacet
  facet normal -0.9404472144335376 -0.1489491997488188 0.3055702419385532
    outer loop
      vertex -4.534603118896484 -32.5 4.272394180297852
      vertex -4.592612266540527 -32.5 4.093860626220703
      vertex -4.563608169555664 -32.683128356933594 4.093860626220703
    endloop
  endfacet
  facet normal -0.09267300175363657 -0.5852602428292233 0.8055322233836765
    outer loop
      vertex -4.084174156188965 -32.759063720703125 4.534603118896484
      vertex -4.131104469299316 -32.903499603271484 4.424263954162598
      vertex -4 -32.77239227294922 4.534603118896484
    endloop
  endfacet
  facet normal 0.5852520712910497 0.09269726635453995 0.805535368472379
    outer loop
      vertex 4.403498649597168 -32.368896484375 4.424263954162598
      vertex 4.272394180297852 -32.5 4.534603118896484
      vertex 4.424263954162598 -32.5 4.424263954162598
    endloop
  endfacet
  facet normal 0.5744935125466084 0.5744935125466084 0.5830217904021422
    outer loop
      vertex 4.314231872558594 -32.06749725341797 4.272394180297852
      vertex 4.343235969543457 -32.25062561035156 4.424263954162598
      vertex 4.432502746582031 -32.185768127441406 4.272394180297852
    endloop
  endfacet
  facet normal 0.5745106483779882 0.5744872999813215 0.5830110265342112
    outer loop
      vertex 4.343235969543457 -32.25062561035156 4.424263954162598
      vertex 4.314231872558594 -32.06749725341797 4.272394180297852
      vertex 4.249375343322754 -32.156761169433594 4.424263954162598
    endloop
  endfacet
  facet normal -0.14187529765508636 -0.2784328087600107 0.9499192444209624
    outer loop
      vertex -4.055169105529785 -32.57593536376953 4.592612266540527
      vertex -4.16010856628418 -32.72037124633789 4.534603118896484
      vertex -4.029004096984863 -32.58926773071289 4.592612266540527
    endloop
  endfacet
  facet normal 0.2690210640623762 -0.5279610754646101 0.8055338415516751
    outer loop
      vertex 4.16010856628418 -32.72037124633789 4.534603118896484
      vertex 4.131104469299316 -32.903499603271484 4.424263954162598
      vertex 4.249375343322754 -32.84323501586914 4.424263954162598
    endloop
  endfacet
  facet normal -0.30864788746577454 -0.04888717854539774 0.9499192204270767
    outer loop
      vertex -4.093860626220703 -32.5 4.592612266540527
      vertex -4.272394180297852 -32.5 4.534603118896484
      vertex -4.089266777038574 -32.52900314331055 4.592612266540527
    endloop
  endfacet
  facet normal 0.5279662402053111 0.2690151812554316 0.8055324211089054
    outer loop
      vertex 4.343235969543457 -32.25062561035156 4.424263954162598
      vertex 4.220371246337891 -32.33988952636719 4.534603118896484
      vertex 4.403498649597168 -32.368896484375 4.424263954162598
    endloop
  endfacet
  facet normal 0.7239030356855011 -0.36885105812932856 0.58302083311164
    outer loop
      vertex 4.403498649597168 -32.631103515625 4.424263954162598
      vertex 4.343235969543457 -32.74937438964844 4.424263954162598
      vertex 4.432502746582031 -32.814231872558594 4.272394180297852
    endloop
  endfacet
  facet normal 0.8483861223688534 0.4322839370108326 0.30556764418759313
    outer loop
      vertex 4.479433059692383 -32.15167236328125 4.093860626220703
      vertex 4.432502746582031 -32.185768127441406 4.272394180297852
      vertex 4.563608169555664 -32.316871643066406 4.093860626220703
    endloop
  endfacet
  facet normal 0.1270879970269147 0.8024604177512881 0.5830145100716749
    outer loop
      vertex 4.165201187133789 -31.991561889648438 4.272394180297852
      vertex 4 -32.07573699951172 4.424263954162598
      vertex 4.131104469299316 -32.096500396728516 4.424263954162598
    endloop
  endfacet
  facet normal 0.3688454748607389 0.7239149903514812 0.5830095217225625
    outer loop
      vertex 4.314231872558594 -32.06749725341797 4.272394180297852
      vertex 4.131104469299316 -32.096500396728516 4.424263954162598
      vertex 4.249375343322754 -32.156761169433594 4.424263954162598
    endloop
  endfacet
  facet normal 0.5744935125466084 -0.5744935125466084 0.5830217904021422
    outer loop
      vertex 4.343235969543457 -32.74937438964844 4.424263954162598
      vertex 4.314231872558594 -32.93250274658203 4.272394180297852
      vertex 4.432502746582031 -32.814231872558594 4.272394180297852
    endloop
  endfacet
  facet normal 0.5744935125466085 -0.5744935125466085 0.5830217904021423
    outer loop
      vertex 4.314231872558594 -32.93250274658203 4.272394180297852
      vertex 4.343235969543457 -32.74937438964844 4.424263954162598
      vertex 4.249375343322754 -32.84323501586914 4.424263954162598
    endloop
  endfacet
  facet normal 0.6732917573308268 0.673277064764328 0.3055752011742741
    outer loop
      vertex 4.314231872558594 -32.06749725341797 4.272394180297852
      vertex 4.479433059692383 -32.15167236328125 4.093860626220703
      vertex 4.348328590393066 -32.020565032958984 4.093860626220703
    endloop
  endfacet
  facet normal 0.6732865222111397 0.6732865222111397 0.3055658979952718
    outer loop
      vertex 4.479433059692383 -32.15167236328125 4.093860626220703
      vertex 4.314231872558594 -32.06749725341797 4.272394180297852
      vertex 4.432502746582031 -32.185768127441406 4.272394180297852
    endloop
  endfacet
  facet normal 0.43227655537881127 0.8483856288185325 0.30557945690771265
    outer loop
      vertex 4.183127403259277 -31.936389923095703 4.093860626220703
      vertex 4.165201187133789 -31.991561889648438 4.272394180297852
      vertex 4.314231872558594 -32.06749725341797 4.272394180297852
    endloop
  endfacet
  facet normal 0.43227850232046716 0.8483852515517679 0.30557775014064326
    outer loop
      vertex 4.348328590393066 -32.020565032958984 4.093860626220703
      vertex 4.183127403259277 -31.936389923095703 4.093860626220703
      vertex 4.314231872558594 -32.06749725341797 4.272394180297852
    endloop
  endfacet
  facet normal -0.15642716231398787 0.9876894972056719 0
    outer loop
      vertex -4 -31.907386779785156 4
      vertex -4.183127403259277 -31.936389923095703 4.093860626220703
      vertex -4 -31.907386779785156 4.093860626220703
    endloop
  endfacet
  facet normal -0.15642716231398787 0.9876894972056719 0
    outer loop
      vertex -4.183127403259277 -31.936389923095703 4.093860626220703
      vertex -4 -31.907386779785156 4
      vertex -4.183127403259277 -31.936389923095703 4
    endloop
  endfacet
  facet normal 0 0.8090163130134232 0.5877861901050134
    outer loop
      vertex 4 -31.965396881103516 4.272394180297852
      vertex -4 -32.07573699951172 4.424263954162598
      vertex 4 -32.07573699951172 4.424263954162598
    endloop
  endfacet
  facet normal 0 0.8090163130134232 0.5877861901050134
    outer loop
      vertex -4 -32.07573699951172 4.424263954162598
      vertex 4 -31.965396881103516 4.272394180297852
      vertex -4 -31.965396881103516 4.272394180297852
    endloop
  endfacet
  facet normal -0.5745106483779882 0.5744872999813215 0.5830110265342112
    outer loop
      vertex -4.314231872558594 -32.06749725341797 4.272394180297852
      vertex -4.343235969543457 -32.25062561035156 4.424263954162598
      vertex -4.249375343322754 -32.156761169433594 4.424263954162598
    endloop
  endfacet
  facet normal -0.5744935125466084 0.5744935125466084 0.5830217904021422
    outer loop
      vertex -4.343235969543457 -32.25062561035156 4.424263954162598
      vertex -4.314231872558594 -32.06749725341797 4.272394180297852
      vertex -4.432502746582031 -32.185768127441406 4.272394180297852
    endloop
  endfacet
  facet normal 0 0.3090143912847477 0.951057362086492
    outer loop
      vertex -4 -32.227603912353516 4.534603118896484
      vertex 4 -32.4061393737793 4.592612266540527
      vertex 4 -32.227603912353516 4.534603118896484
    endloop
  endfacet
  facet normal 0 0.3090143912847477 0.951057362086492
    outer loop
      vertex 4 -32.4061393737793 4.592612266540527
      vertex -4 -32.227603912353516 4.534603118896484
      vertex -4 -32.4061393737793 4.592612266540527
    endloop
  endfacet
  facet normal 0 0.5877901125181911 0.8090134631919621
    outer loop
      vertex -4 -32.07573699951172 4.424263954162598
      vertex 4 -32.227603912353516 4.534603118896484
      vertex 4 -32.07573699951172 4.424263954162598
    endloop
  endfacet
  facet normal 0 0.5877901125181911 0.8090134631919621
    outer loop
      vertex 4 -32.227603912353516 4.534603118896484
      vertex -4 -32.07573699951172 4.424263954162598
      vertex -4 -32.227603912353516 4.534603118896484
    endloop
  endfacet
  facet normal -0.14895096019052861 -0.9404497386632348 0.3055616149102709
    outer loop
      vertex -4.165201187133789 -33.00843811035156 4.272394180297852
      vertex -4.183127403259277 -33.06360626220703 4.093860626220703
      vertex -4 -33.034603118896484 4.272394180297852
    endloop
  endfacet
  facet normal 0 -1 0
    outer loop
      vertex -4 -33.092613220214844 4
      vertex 4 -33.092613220214844 4.093860626220703
      vertex -4 -33.092613220214844 4.093860626220703
    endloop
  endfacet
  facet normal 0 -1 0
    outer loop
      vertex 4 -33.092613220214844 4.093860626220703
      vertex -4 -33.092613220214844 4
      vertex 4 -33.092613220214844 4
    endloop
  endfacet
  facet normal -0.5852520712910497 0.09269726635453995 0.805535368472379
    outer loop
      vertex -4.403498649597168 -32.368896484375 4.424263954162598
      vertex -4.424263954162598 -32.5 4.424263954162598
      vertex -4.272394180297852 -32.5 4.534603118896484
    endloop
  endfacet
  facet normal -0.2784350269315461 -0.14186814330619943 0.9499196627570571
    outer loop
      vertex -4.089266777038574 -32.52900314331055 4.592612266540527
      vertex -4.259061813354492 -32.58417510986328 4.534603118896484
      vertex -4.220371246337891 -32.66011047363281 4.534603118896484
    endloop
  endfacet
  facet normal -0.5852520712910497 -0.09269726635453995 0.805535368472379
    outer loop
      vertex -4.272394180297852 -32.5 4.534603118896484
      vertex -4.424263954162598 -32.5 4.424263954162598
      vertex -4.403498649597168 -32.631103515625 4.424263954162598
    endloop
  endfacet
  facet normal -0.8024578341924749 -0.12709689846040237 0.5830161256302169
    outer loop
      vertex -4.424263954162598 -32.5 4.424263954162598
      vertex -4.534603118896484 -32.5 4.272394180297852
      vertex -4.5084381103515625 -32.665199279785156 4.272394180297852
    endloop
  endfacet
  facet normal -0.1270950813635331 -0.802455626340552 0.5830195606046071
    outer loop
      vertex -4 -32.92426300048828 4.424263954162598
      vertex -4.165201187133789 -33.00843811035156 4.272394180297852
      vertex -4 -33.034603118896484 4.272394180297852
    endloop
  endfacet
  facet normal 0.6732872621283383 -0.6732872621283383 0.30556263729627126
    outer loop
      vertex 4.348328590393066 -32.97943115234375 4.093860626220703
      vertex 4.432502746582031 -32.814231872558594 4.272394180297852
      vertex 4.314231872558594 -32.93250274658203 4.272394180297852
    endloop
  endfacet
  facet normal 0.6732841096201753 -0.6732890072292129 0.3055657383890882
    outer loop
      vertex 4.432502746582031 -32.814231872558594 4.272394180297852
      vertex 4.348328590393066 -32.97943115234375 4.093860626220703
      vertex 4.479433059692383 -32.84832763671875 4.093860626220703
    endloop
  endfacet
  facet normal 0.30864776759272416 -0.04888624797138452 0.9499193072673635
    outer loop
      vertex 4.272394180297852 -32.5 4.534603118896484
      vertex 4.089266777038574 -32.52900314331055 4.592612266540527
      vertex 4.259061813354492 -32.58417510986328 4.534603118896484
    endloop
  endfacet
  facet normal 0.7239030356855011 0.36885105812932856 0.58302083311164
    outer loop
      vertex 4.432502746582031 -32.185768127441406 4.272394180297852
      vertex 4.343235969543457 -32.25062561035156 4.424263954162598
      vertex 4.403498649597168 -32.368896484375 4.424263954162598
    endloop
  endfacet
  facet normal 0.8483861223688534 -0.4322839370108326 0.30556764418759313
    outer loop
      vertex 4.563608169555664 -32.683128356933594 4.093860626220703
      vertex 4.432502746582031 -32.814231872558594 4.272394180297852
      vertex 4.479433059692383 -32.84832763671875 4.093860626220703
    endloop
  endfacet
  facet normal 0.7239081858827277 -0.36884704484953357 0.5830169773838014
    outer loop
      vertex 4.5084381103515625 -32.665199279785156 4.272394180297852
      vertex 4.403498649597168 -32.631103515625 4.424263954162598
      vertex 4.432502746582031 -32.814231872558594 4.272394180297852
    endloop
  endfacet
  facet normal 0.41899867778992994 -0.41899867778992994 0.805531014933988
    outer loop
      vertex 4.220371246337891 -32.66011047363281 4.534603118896484
      vertex 4.249375343322754 -32.84323501586914 4.424263954162598
      vertex 4.343235969543457 -32.74937438964844 4.424263954162598
    endloop
  endfacet
  facet normal 0.4189889209027005 -0.41900218256380395 0.8055342669108243
    outer loop
      vertex 4.249375343322754 -32.84323501586914 4.424263954162598
      vertex 4.220371246337891 -32.66011047363281 4.534603118896484
      vertex 4.16010856628418 -32.72037124633789 4.534603118896484
    endloop
  endfacet
  facet normal -0.2690231980036415 -0.5279610099241829 0.8055331718406948
    outer loop
      vertex -4.084174156188965 -32.759063720703125 4.534603118896484
      vertex -4.16010856628418 -32.72037124633789 4.534603118896484
      vertex -4.131104469299316 -32.903499603271484 4.424263954162598
    endloop
  endfacet
  facet normal -0.27842974739544646 -0.1418737377383125 0.94992037471857
    outer loop
      vertex -4.089266777038574 -32.52900314331055 4.592612266540527
      vertex -4.220371246337891 -32.66011047363281 4.534603118896484
      vertex -4.075934410095215 -32.55516815185547 4.592612266540527
    endloop
  endfacet
  facet normal 0.04887592180821332 -0.30865104027267265 0.9499187752676511
    outer loop
      vertex 4 -32.5938606262207 4.592612266540527
      vertex 4 -32.77239227294922 4.534603118896484
      vertex 4.029004096984863 -32.58926773071289 4.592612266540527
    endloop
  endfacet
  facet normal 0 -0.3090203635029562 0.9510554215925068
    outer loop
      vertex -4 -32.5938606262207 4.592612266540527
      vertex 4 -32.77239227294922 4.534603118896484
      vertex 4 -32.5938606262207 4.592612266540527
    endloop
  endfacet
  facet normal 0 -0.3090203635029562 0.9510554215925068
    outer loop
      vertex 4 -32.77239227294922 4.534603118896484
      vertex -4 -32.5938606262207 4.592612266540527
      vertex -4 -32.77239227294922 4.534603118896484
    endloop
  endfacet
  facet normal -0.5279662402053111 -0.2690151812554316 0.8055324211089054
    outer loop
      vertex -4.220371246337891 -32.66011047363281 4.534603118896484
      vertex -4.403498649597168 -32.631103515625 4.424263954162598
      vertex -4.343235969543457 -32.74937438964844 4.424263954162598
    endloop
  endfacet
  facet normal 0.8024558253409672 -0.12709986863487996 0.5830182430845054
    outer loop
      vertex 4.424263954162598 -32.5 4.424263954162598
      vertex 4.403498649597168 -32.631103515625 4.424263954162598
      vertex 4.5084381103515625 -32.665199279785156 4.272394180297852
    endloop
  endfacet
  facet normal 0.148964096258615 -0.9404436038883492 0.3055740923758881
    outer loop
      vertex 4 -33.034603118896484 4.272394180297852
      vertex 4 -33.092613220214844 4.093860626220703
      vertex 4.183127403259277 -33.06360626220703 4.093860626220703
    endloop
  endfacet
  facet normal 0.7071042093701221 -0.7071093529936191 0
    outer loop
      vertex 4.348328590393066 -32.97943115234375 4
      vertex 4.479433059692383 -32.84832763671875 4.093860626220703
      vertex 4.348328590393066 -32.97943115234375 4.093860626220703
    endloop
  endfacet
  facet normal 0.7071042093701221 -0.7071093529936191 0
    outer loop
      vertex 4.479433059692383 -32.84832763671875 4.093860626220703
      vertex 4.348328590393066 -32.97943115234375 4
      vertex 4.479433059692383 -32.84832763671875 4
    endloop
  endfacet
  facet normal 0.0488866150632942 0.3086465883642014 0.9499196715295419
    outer loop
      vertex 4.084174156188965 -32.240936279296875 4.534603118896484
      vertex 4 -32.227603912353516 4.534603118896484
      vertex 4.029004096984863 -32.41073226928711 4.592612266540527
    endloop
  endfacet
  facet normal 0.9404473705688908 0.14894886541972482 0.30556992437122465
    outer loop
      vertex 4.563608169555664 -32.316871643066406 4.093860626220703
      vertex 4.5084381103515625 -32.33479690551758 4.272394180297852
      vertex 4.534603118896484 -32.5 4.272394180297852
    endloop
  endfacet
  facet normal 0.5852521239227458 0.09269718902882247 0.805535339131729
    outer loop
      vertex 4.403498649597168 -32.368896484375 4.424263954162598
      vertex 4.259061813354492 -32.41582489013672 4.534603118896484
      vertex 4.272394180297852 -32.5 4.534603118896484
    endloop
  endfacet
  facet normal 0.8483864041526372 0.4322824829411625 0.3055689188893099
    outer loop
      vertex 4.563608169555664 -32.316871643066406 4.093860626220703
      vertex 4.432502746582031 -32.185768127441406 4.272394180297852
      vertex 4.5084381103515625 -32.33479690551758 4.272394180297852
    endloop
  endfacet
  facet normal 0.15642716231398787 0.9876894972056719 0
    outer loop
      vertex 4.183127403259277 -31.936389923095703 4
      vertex 4 -31.907386779785156 4.093860626220703
      vertex 4.183127403259277 -31.936389923095703 4.093860626220703
    endloop
  endfacet
  facet normal 0.15642716231398787 0.9876894972056719 0
    outer loop
      vertex 4 -31.907386779785156 4.093860626220703
      vertex 4.183127403259277 -31.936389923095703 4
      vertex 4 -31.907386779785156 4
    endloop
  endfacet
  facet normal 0 1 0
    outer loop
      vertex 4 -31.907386779785156 4
      vertex -4 -31.907386779785156 4.093860626220703
      vertex 4 -31.907386779785156 4.093860626220703
    endloop
  endfacet
  facet normal 0 1 0
    outer loop
      vertex -4 -31.907386779785156 4.093860626220703
      vertex 4 -31.907386779785156 4
      vertex -4 -31.907386779785156 4
    endloop
  endfacet
  facet normal -0.43227655537881127 0.8483856288185325 0.30557945690771265
    outer loop
      vertex -4.183127403259277 -31.936389923095703 4.093860626220703
      vertex -4.314231872558594 -32.06749725341797 4.272394180297852
      vertex -4.165201187133789 -31.991561889648438 4.272394180297852
    endloop
  endfacet
  facet normal -0.7071144964674557 0.7070990658214564 0
    outer loop
      vertex -4.479433059692383 -32.15167236328125 4
      vertex -4.348328590393066 -32.020565032958984 4.093860626220703
      vertex -4.348328590393066 -32.020565032958984 4
    endloop
  endfacet
  facet normal -0.7071144964674557 0.7070990658214564 0
    outer loop
      vertex -4.348328590393066 -32.020565032958984 4.093860626220703
      vertex -4.479433059692383 -32.15167236328125 4
      vertex -4.479433059692383 -32.15167236328125 4.093860626220703
    endloop
  endfacet
  facet normal 0 0.951054898790254 0.3090219724988172
    outer loop
      vertex 4 -31.907386779785156 4.093860626220703
      vertex -4 -31.965396881103516 4.272394180297852
      vertex 4 -31.965396881103516 4.272394180297852
    endloop
  endfacet
  facet normal 0 0.951054898790254 0.3090219724988172
    outer loop
      vertex -4 -31.965396881103516 4.272394180297852
      vertex 4 -31.907386779785156 4.093860626220703
      vertex -4 -31.907386779785156 4.093860626220703
    endloop
  endfacet
  facet normal -0.3688454748607389 0.7239149903514812 0.5830095217225625
    outer loop
      vertex -4.131104469299316 -32.096500396728516 4.424263954162598
      vertex -4.314231872558594 -32.06749725341797 4.272394180297852
      vertex -4.249375343322754 -32.156761169433594 4.424263954162598
    endloop
  endfacet
  facet normal -0.45399435650836356 0.8910045590559887 0
    outer loop
      vertex -4.183127403259277 -31.936389923095703 4
      vertex -4.348328590393066 -32.020565032958984 4.093860626220703
      vertex -4.183127403259277 -31.936389923095703 4.093860626220703
    endloop
  endfacet
  facet normal -0.45399435650836356 0.8910045590559887 0
    outer loop
      vertex -4.348328590393066 -32.020565032958984 4.093860626220703
      vertex -4.183127403259277 -31.936389923095703 4
      vertex -4.348328590393066 -32.020565032958984 4
    endloop
  endfacet
  facet normal -0.2690231980036415 0.5279610099241829 0.8055331718406948
    outer loop
      vertex -4.131104469299316 -32.096500396728516 4.424263954162598
      vertex -4.16010856628418 -32.27962875366211 4.534603118896484
      vertex -4.084174156188965 -32.240936279296875 4.534603118896484
    endloop
  endfacet
  facet normal -0.2784190322497179 0.14188896437923068 0.9499212410871335
    outer loop
      vertex -4.075934410095215 -32.44483184814453 4.592612266540527
      vertex -4.220371246337891 -32.33988952636719 4.534603118896484
      vertex -4.089266777038574 -32.47099304199219 4.592612266540527
    endloop
  endfacet
  facet normal -0.9876888283679465 0.15643138533284567 0
    outer loop
      vertex -4.592612266540527 -32.5 4
      vertex -4.563608169555664 -32.316871643066406 4.093860626220703
      vertex -4.563608169555664 -32.316871643066406 4
    endloop
  endfacet
  facet normal -0.9876888283679465 0.15643138533284567 0
    outer loop
      vertex -4.563608169555664 -32.316871643066406 4.093860626220703
      vertex -4.592612266540527 -32.5 4
      vertex -4.592612266540527 -32.5 4.093860626220703
    endloop
  endfacet
  facet normal -0.7071042093701221 -0.7071093529936191 0
    outer loop
      vertex -4.479433059692383 -32.84832763671875 4
      vertex -4.348328590393066 -32.97943115234375 4.093860626220703
      vertex -4.479433059692383 -32.84832763671875 4.093860626220703
    endloop
  endfacet
  facet normal -0.7071042093701221 -0.7071093529936191 0
    outer loop
      vertex -4.348328590393066 -32.97943115234375 4.093860626220703
      vertex -4.479433059692383 -32.84832763671875 4
      vertex -4.348328590393066 -32.97943115234375 4
    endloop
  endfacet
  facet normal -0.45399435650836356 -0.8910045590559887 0
    outer loop
      vertex -4.348328590393066 -32.97943115234375 4
      vertex -4.183127403259277 -33.06360626220703 4.093860626220703
      vertex -4.348328590393066 -32.97943115234375 4.093860626220703
    endloop
  endfacet
  facet normal -0.45399435650836356 -0.8910045590559887 0
    outer loop
      vertex -4.183127403259277 -33.06360626220703 4.093860626220703
      vertex -4.348328590393066 -32.97943115234375 4
      vertex -4.183127403259277 -33.06360626220703 4
    endloop
  endfacet
  facet normal -0.4189840317957958 0.4189972933021513 0.8055393530459022
    outer loop
      vertex -4.249375343322754 -32.156761169433594 4.424263954162598
      vertex -4.220371246337891 -32.33988952636719 4.534603118896484
      vertex -4.16010856628418 -32.27962875366211 4.534603118896484
    endloop
  endfacet
  facet normal -0.4190063169572356 0.4189892883334464 0.8055319252591822
    outer loop
      vertex -4.220371246337891 -32.33988952636719 4.534603118896484
      vertex -4.249375343322754 -32.156761169433594 4.424263954162598
      vertex -4.343235969543457 -32.25062561035156 4.424263954162598
    endloop
  endfacet
  facet normal -0.43228089679063947 -0.8483899509137963 0.30556131538263637
    outer loop
      vertex -4.314231872558594 -32.93250274658203 4.272394180297852
      vertex -4.348328590393066 -32.97943115234375 4.093860626220703
      vertex -4.183127403259277 -33.06360626220703 4.093860626220703
    endloop
  endfacet
  facet normal -0.940445874926367 -0.14895206798411192 0.3055729663717596
    outer loop
      vertex -4.534603118896484 -32.5 4.272394180297852
      vertex -4.563608169555664 -32.683128356933594 4.093860626220703
      vertex -4.5084381103515625 -32.665199279785156 4.272394180297852
    endloop
  endfacet
  facet normal -0.8483883556253072 -0.43227241238551667 0.3055777471115869
    outer loop
      vertex -4.5084381103515625 -32.665199279785156 4.272394180297852
      vertex -4.563608169555664 -32.683128356933594 4.093860626220703
      vertex -4.432502746582031 -32.814231872558594 4.272394180297852
    endloop
  endfacet
  facet normal -0.8024558253409672 -0.12709986863487996 0.5830182430845054
    outer loop
      vertex -4.424263954162598 -32.5 4.424263954162598
      vertex -4.5084381103515625 -32.665199279785156 4.272394180297852
      vertex -4.403498649597168 -32.631103515625 4.424263954162598
    endloop
  endfacet
  facet normal 0 -0.8090163130134232 0.5877861901050134
    outer loop
      vertex -4 -33.034603118896484 4.272394180297852
      vertex 4 -32.92426300048828 4.424263954162598
      vertex -4 -32.92426300048828 4.424263954162598
    endloop
  endfacet
  facet normal 0 -0.8090163130134232 0.5877861901050134
    outer loop
      vertex 4 -32.92426300048828 4.424263954162598
      vertex -4 -33.034603118896484 4.272394180297852
      vertex 4 -33.034603118896484 4.272394180297852
    endloop
  endfacet
  facet normal 0.14187529765508636 -0.2784328087600107 0.9499192444209624
    outer loop
      vertex 4.055169105529785 -32.57593536376953 4.592612266540527
      vertex 4.029004096984863 -32.58926773071289 4.592612266540527
      vertex 4.16010856628418 -32.72037124633789 4.534603118896484
    endloop
  endfacet
  facet normal 0.09267300175363657 -0.5852602428292233 0.8055322233836765
    outer loop
      vertex 4.084174156188965 -32.759063720703125 4.534603118896484
      vertex 4 -32.77239227294922 4.534603118896484
      vertex 4.131104469299316 -32.903499603271484 4.424263954162598
    endloop
  endfacet
  facet normal 0.2690231980036415 0.5279610099241829 0.8055331718406948
    outer loop
      vertex 4.131104469299316 -32.096500396728516 4.424263954162598
      vertex 4.084174156188965 -32.240936279296875 4.534603118896484
      vertex 4.16010856628418 -32.27962875366211 4.534603118896484
    endloop
  endfacet
  facet normal 0.04887497947423371 0.30864508944141816 0.9499207572977297
    outer loop
      vertex 4 -32.227603912353516 4.534603118896484
      vertex 4 -32.4061393737793 4.592612266540527
      vertex 4.029004096984863 -32.41073226928711 4.592612266540527
    endloop
  endfacet
  facet normal 0.30864871013623907 0.04888639725941066 0.9499189933327109
    outer loop
      vertex 4.259061813354492 -32.41582489013672 4.534603118896484
      vertex 4.089266777038574 -32.47099304199219 4.592612266540527
      vertex 4.272394180297852 -32.5 4.534603118896484
    endloop
  endfacet
  facet normal 0.8483883556253072 -0.43227241238551667 0.3055777471115869
    outer loop
      vertex 4.5084381103515625 -32.665199279785156 4.272394180297852
      vertex 4.432502746582031 -32.814231872558594 4.272394180297852
      vertex 4.563608169555664 -32.683128356933594 4.093860626220703
    endloop
  endfacet
  facet normal -0.4189889209027005 -0.41900218256380395 0.8055342669108243
    outer loop
      vertex -4.220371246337891 -32.66011047363281 4.534603118896484
      vertex -4.249375343322754 -32.84323501586914 4.424263954162598
      vertex -4.16010856628418 -32.72037124633789 4.534603118896484
    endloop
  endfacet
  facet normal -0.41899867778992994 -0.41899867778992994 0.805531014933988
    outer loop
      vertex -4.249375343322754 -32.84323501586914 4.424263954162598
      vertex -4.220371246337891 -32.66011047363281 4.534603118896484
      vertex -4.343235969543457 -32.74937438964844 4.424263954162598
    endloop
  endfacet
  facet normal -0.09268777889796527 -0.585250185028476 0.8055378306244199
    outer loop
      vertex -4 -32.77239227294922 4.534603118896484
      vertex -4.131104469299316 -32.903499603271484 4.424263954162598
      vertex -4 -32.92426300048828 4.424263954162598
    endloop
  endfacet
  facet normal 0 -0.5877804492188653 0.8090204839904049
    outer loop
      vertex -4 -32.77239227294922 4.534603118896484
      vertex 4 -32.92426300048828 4.424263954162598
      vertex 4 -32.77239227294922 4.534603118896484
    endloop
  endfacet
  facet normal 0 -0.5877804492188653 0.8090204839904049
    outer loop
      vertex 4 -32.92426300048828 4.424263954162598
      vertex -4 -32.77239227294922 4.534603118896484
      vertex -4 -32.92426300048828 4.424263954162598
    endloop
  endfacet
  facet normal -0.14187562919220423 -0.2784324958880725 0.9499192866106333
    outer loop
      vertex -4.029004096984863 -32.58926773071289 4.592612266540527
      vertex -4.16010856628418 -32.72037124633789 4.534603118896484
      vertex -4.084174156188965 -32.759063720703125 4.534603118896484
    endloop
  endfacet
  facet normal 0.30864788746577454 -0.04888717854539774 0.9499192204270767
    outer loop
      vertex 4.093860626220703 -32.5 4.592612266540527
      vertex 4.089266777038574 -32.52900314331055 4.592612266540527
      vertex 4.272394180297852 -32.5 4.534603118896484
    endloop
  endfacet
  facet normal 0.2209620473676998 -0.2209690411654895 0.9499202368985927
    outer loop
      vertex 4.075934410095215 -32.55516815185547 4.592612266540527
      vertex 4.16010856628418 -32.72037124633789 4.534603118896484
      vertex 4.220371246337891 -32.66011047363281 4.534603118896484
    endloop
  endfacet
  facet normal 0.22097969267890433 -0.22095939696870237 0.9499183756064331
    outer loop
      vertex 4.16010856628418 -32.72037124633789 4.534603118896484
      vertex 4.075934410095215 -32.55516815185547 4.592612266540527
      vertex 4.055169105529785 -32.57593536376953 4.592612266540527
    endloop
  endfacet
  facet normal -0.5852521239227458 -0.09269718902882247 0.805535339131729
    outer loop
      vertex -4.272394180297852 -32.5 4.534603118896484
      vertex -4.403498649597168 -32.631103515625 4.424263954162598
      vertex -4.259061813354492 -32.58417510986328 4.534603118896484
    endloop
  endfacet
  facet normal -0.5279664202911994 -0.26900931466911937 0.8055342622546526
    outer loop
      vertex -4.259061813354492 -32.58417510986328 4.534603118896484
      vertex -4.403498649597168 -32.631103515625 4.424263954162598
      vertex -4.220371246337891 -32.66011047363281 4.534603118896484
    endloop
  endfacet
  facet normal 0.45399435650836356 -0.8910045590559887 0
    outer loop
      vertex 4.183127403259277 -33.06360626220703 4
      vertex 4.348328590393066 -32.97943115234375 4.093860626220703
      vertex 4.183127403259277 -33.06360626220703 4.093860626220703
    endloop
  endfacet
  facet normal 0.45399435650836356 -0.8910045590559887 0
    outer loop
      vertex 4.348328590393066 -32.97943115234375 4.093860626220703
      vertex 4.183127403259277 -33.06360626220703 4
      vertex 4.348328590393066 -32.97943115234375 4
    endloop
  endfacet
  facet normal 0.45399435650836356 0.8910045590559887 0
    outer loop
      vertex 4.348328590393066 -32.020565032958984 4
      vertex 4.183127403259277 -31.936389923095703 4.093860626220703
      vertex 4.348328590393066 -32.020565032958984 4.093860626220703
    endloop
  endfacet
  facet normal 0.45399435650836356 0.8910045590559887 0
    outer loop
      vertex 4.183127403259277 -31.936389923095703 4.093860626220703
      vertex 4.348328590393066 -32.020565032958984 4
      vertex 4.183127403259277 -31.936389923095703 4
    endloop
  endfacet
  facet normal -0.1270950813635331 0.802455626340552 0.5830195606046071
    outer loop
      vertex -4 -31.965396881103516 4.272394180297852
      vertex -4.165201187133789 -31.991561889648438 4.272394180297852
      vertex -4 -32.07573699951172 4.424263954162598
    endloop
  endfacet
  facet normal -0.14894494065951527 0.9404463481606635 0.30557498405989575
    outer loop
      vertex -4 -31.907386779785156 4.093860626220703
      vertex -4.183127403259277 -31.936389923095703 4.093860626220703
      vertex -4 -31.965396881103516 4.272394180297852
    endloop
  endfacet
  facet normal -0.1489500455968377 0.9404439640821477 0.3055798330030243
    outer loop
      vertex -4 -31.965396881103516 4.272394180297852
      vertex -4.183127403259277 -31.936389923095703 4.093860626220703
      vertex -4.165201187133789 -31.991561889648438 4.272394180297852
    endloop
  endfacet
  facet normal -0.43227850232046716 0.8483852515517679 0.30557775014064326
    outer loop
      vertex -4.183127403259277 -31.936389923095703 4.093860626220703
      vertex -4.348328590393066 -32.020565032958984 4.093860626220703
      vertex -4.314231872558594 -32.06749725341797 4.272394180297852
    endloop
  endfacet
  facet normal 0.2209620473676998 0.2209690411654895 0.9499202368985927
    outer loop
      vertex 4.16010856628418 -32.27962875366211 4.534603118896484
      vertex 4.075934410095215 -32.44483184814453 4.592612266540527
      vertex 4.220371246337891 -32.33988952636719 4.534603118896484
    endloop
  endfacet
  facet normal 0.22097969267890433 0.22095939696870237 0.9499183756064331
    outer loop
      vertex 4.075934410095215 -32.44483184814453 4.592612266540527
      vertex 4.16010856628418 -32.27962875366211 4.534603118896484
      vertex 4.055169105529785 -32.42406463623047 4.592612266540527
    endloop
  endfacet
  facet normal -0.0488866150632942 0.3086465883642014 0.9499196715295419
    outer loop
      vertex -4 -32.227603912353516 4.534603118896484
      vertex -4.084174156188965 -32.240936279296875 4.534603118896484
      vertex -4.029004096984863 -32.41073226928711 4.592612266540527
    endloop
  endfacet
  facet normal -0.15644723317257775 -0.9876863182370429 0
    outer loop
      vertex -4.183127403259277 -33.06360626220703 4
      vertex -4 -33.092613220214844 4.093860626220703
      vertex -4.183127403259277 -33.06360626220703 4.093860626220703
    endloop
  endfacet
  facet normal -0.15644723317257775 -0.9876863182370429 0
    outer loop
      vertex -4 -33.092613220214844 4.093860626220703
      vertex -4.183127403259277 -33.06360626220703 4
      vertex -4 -33.092613220214844 4
    endloop
  endfacet
  facet normal -0.30864871013623907 0.04888639725941066 0.9499189933327109
    outer loop
      vertex -4.259061813354492 -32.41582489013672 4.534603118896484
      vertex -4.272394180297852 -32.5 4.534603118896484
      vertex -4.089266777038574 -32.47099304199219 4.592612266540527
    endloop
  endfacet
  facet normal -0.2784374944639524 0.14186940056267644 0.9499187517154419
    outer loop
      vertex -4.220371246337891 -32.33988952636719 4.534603118896484
      vertex -4.259061813354492 -32.41582489013672 4.534603118896484
      vertex -4.089266777038574 -32.47099304199219 4.592612266540527
    endloop
  endfacet
  facet normal -0.5744935125466085 -0.5744935125466085 0.5830217904021423
    outer loop
      vertex -4.343235969543457 -32.74937438964844 4.424263954162598
      vertex -4.314231872558594 -32.93250274658203 4.272394180297852
      vertex -4.249375343322754 -32.84323501586914 4.424263954162598
    endloop
  endfacet
  facet normal -0.5744935125466084 -0.5744935125466084 0.5830217904021422
    outer loop
      vertex -4.314231872558594 -32.93250274658203 4.272394180297852
      vertex -4.343235969543457 -32.74937438964844 4.424263954162598
      vertex -4.432502746582031 -32.814231872558594 4.272394180297852
    endloop
  endfacet
  facet normal 0.04887327849295023 -0.30865069974408027 0.9499190219154685
    outer loop
      vertex 4.029004096984863 -32.58926773071289 4.592612266540527
      vertex 4 -32.77239227294922 4.534603118896484
      vertex 4.084174156188965 -32.759063720703125 4.534603118896484
    endloop
  endfacet
  facet normal 0.09268777889796527 -0.585250185028476 0.8055378306244199
    outer loop
      vertex 4 -32.77239227294922 4.534603118896484
      vertex 4 -32.92426300048828 4.424263954162598
      vertex 4.131104469299316 -32.903499603271484 4.424263954162598
    endloop
  endfacet
  facet normal 0.14895096019052861 -0.9404497386632348 0.3055616149102709
    outer loop
      vertex 4.165201187133789 -33.00843811035156 4.272394180297852
      vertex 4 -33.034603118896484 4.272394180297852
      vertex 4.183127403259277 -33.06360626220703 4.093860626220703
    endloop
  endfacet
  facet normal 0.1270950813635331 -0.802455626340552 0.5830195606046071
    outer loop
      vertex 4 -32.92426300048828 4.424263954162598
      vertex 4 -33.034603118896484 4.272394180297852
      vertex 4.165201187133789 -33.00843811035156 4.272394180297852
    endloop
  endfacet
  facet normal 0.4190063169572356 0.4189892883334464 0.8055319252591822
    outer loop
      vertex 4.249375343322754 -32.156761169433594 4.424263954162598
      vertex 4.220371246337891 -32.33988952636719 4.534603118896484
      vertex 4.343235969543457 -32.25062561035156 4.424263954162598
    endloop
  endfacet
  facet normal 0.4189840317957958 0.4189972933021513 0.8055393530459022
    outer loop
      vertex 4.220371246337891 -32.33988952636719 4.534603118896484
      vertex 4.249375343322754 -32.156761169433594 4.424263954162598
      vertex 4.16010856628418 -32.27962875366211 4.534603118896484
    endloop
  endfacet
  facet normal 0.14187562919220423 0.2784324958880725 0.9499192866106333
    outer loop
      vertex 4.084174156188965 -32.240936279296875 4.534603118896484
      vertex 4.029004096984863 -32.41073226928711 4.592612266540527
      vertex 4.16010856628418 -32.27962875366211 4.534603118896484
    endloop
  endfacet
  facet normal 0.2784190322497179 0.14188896437923068 0.9499212410871335
    outer loop
      vertex 4.220371246337891 -32.33988952636719 4.534603118896484
      vertex 4.075934410095215 -32.44483184814453 4.592612266540527
      vertex 4.089266777038574 -32.47099304199219 4.592612266540527
    endloop
  endfacet
  facet normal 0.8024543317313941 0.1270996320641249 0.5830203504292845
    outer loop
      vertex 4.5084381103515625 -32.33479690551758 4.272394180297852
      vertex 4.403498649597168 -32.368896484375 4.424263954162598
      vertex 4.424263954162598 -32.5 4.424263954162598
    endloop
  endfacet
  facet normal 0.723900860045025 0.36885275347623997 0.5830224618992561
    outer loop
      vertex 4.432502746582031 -32.185768127441406 4.272394180297852
      vertex 4.403498649597168 -32.368896484375 4.424263954162598
      vertex 4.5084381103515625 -32.33479690551758 4.272394180297852
    endloop
  endfacet
  facet normal 0.5852520712910497 -0.09269726635453995 0.805535368472379
    outer loop
      vertex 4.424263954162598 -32.5 4.424263954162598
      vertex 4.272394180297852 -32.5 4.534603118896484
      vertex 4.403498649597168 -32.631103515625 4.424263954162598
    endloop
  endfacet
  facet normal 0.940445874926367 -0.14895206798411192 0.3055729663717596
    outer loop
      vertex 4.534603118896484 -32.5 4.272394180297852
      vertex 4.5084381103515625 -32.665199279785156 4.272394180297852
      vertex 4.563608169555664 -32.683128356933594 4.093860626220703
    endloop
  endfacet
  facet normal 0.8024578341924749 -0.12709689846040237 0.5830161256302169
    outer loop
      vertex 4.534603118896484 -32.5 4.272394180297852
      vertex 4.424263954162598 -32.5 4.424263954162598
      vertex 4.5084381103515625 -32.665199279785156 4.272394180297852
    endloop
  endfacet
  facet normal 0.27842974739544646 -0.1418737377383125 0.94992037471857
    outer loop
      vertex 4.089266777038574 -32.52900314331055 4.592612266540527
      vertex 4.075934410095215 -32.55516815185547 4.592612266540527
      vertex 4.220371246337891 -32.66011047363281 4.534603118896484
    endloop
  endfacet
  facet normal -0.04887497947423371 0.30864508944141816 0.9499207572977297
    outer loop
      vertex -4 -32.227603912353516 4.534603118896484
      vertex -4.029004096984863 -32.41073226928711 4.592612266540527
      vertex -4 -32.4061393737793 4.592612266540527
    endloop
  endfacet
  facet normal -0.04887592180821332 -0.30865104027267265 0.9499187752676511
    outer loop
      vertex -4 -32.5938606262207 4.592612266540527
      vertex -4.029004096984863 -32.58926773071289 4.592612266540527
      vertex -4 -32.77239227294922 4.534603118896484
    endloop
  endfacet
  facet normal -0.7239081858827277 -0.36884704484953357 0.5830169773838014
    outer loop
      vertex -4.403498649597168 -32.631103515625 4.424263954162598
      vertex -4.5084381103515625 -32.665199279785156 4.272394180297852
      vertex -4.432502746582031 -32.814231872558594 4.272394180297852
    endloop
  endfacet
  facet normal -0.7239030356855011 -0.36885105812932856 0.58302083311164
    outer loop
      vertex -4.403498649597168 -32.631103515625 4.424263954162598
      vertex -4.432502746582031 -32.814231872558594 4.272394180297852
      vertex -4.343235969543457 -32.74937438964844 4.424263954162598
    endloop
  endfacet
  facet normal 0.9876888283679465 0.15643138533284567 0
    outer loop
      vertex 4.592612266540527 -32.5 4.093860626220703
      vertex 4.563608169555664 -32.316871643066406 4
      vertex 4.563608169555664 -32.316871643066406 4.093860626220703
    endloop
  endfacet
  facet normal 0.9876888283679465 0.15643138533284567 0
    outer loop
      vertex 4.563608169555664 -32.316871643066406 4
      vertex 4.592612266540527 -32.5 4.093860626220703
      vertex 4.592612266540527 -32.5 4
    endloop
  endfacet
  facet normal -0.36885137479927066 0.7239074191183816 0.5830151900714523
    outer loop
      vertex -4.165201187133789 -31.991561889648438 4.272394180297852
      vertex -4.314231872558594 -32.06749725341797 4.272394180297852
      vertex -4.131104469299316 -32.096500396728516 4.424263954162598
    endloop
  endfacet
  facet normal -0.1270879970269147 0.8024604177512881 0.5830145100716749
    outer loop
      vertex -4 -32.07573699951172 4.424263954162598
      vertex -4.165201187133789 -31.991561889648438 4.272394180297852
      vertex -4.131104469299316 -32.096500396728516 4.424263954162598
    endloop
  endfacet
  facet normal -0.22097969267890433 0.22095939696870237 0.9499183756064331
    outer loop
      vertex -4.16010856628418 -32.27962875366211 4.534603118896484
      vertex -4.075934410095215 -32.44483184814453 4.592612266540527
      vertex -4.055169105529785 -32.42406463623047 4.592612266540527
    endloop
  endfacet
  facet normal -0.2209620473676998 0.2209690411654895 0.9499202368985927
    outer loop
      vertex -4.075934410095215 -32.44483184814453 4.592612266540527
      vertex -4.16010856628418 -32.27962875366211 4.534603118896484
      vertex -4.220371246337891 -32.33988952636719 4.534603118896484
    endloop
  endfacet
  facet normal 0.4322789498526383 -0.848390328210989 0.3055630221613054
    outer loop
      vertex 4.314231872558594 -32.93250274658203 4.272394180297852
      vertex 4.165201187133789 -33.00843811035156 4.272394180297852
      vertex 4.183127403259277 -33.06360626220703 4.093860626220703
    endloop
  endfacet
  facet normal 0.43228089679063947 -0.8483899509137963 0.30556131538263637
    outer loop
      vertex 4.314231872558594 -32.93250274658203 4.272394180297852
      vertex 4.183127403259277 -33.06360626220703 4.093860626220703
      vertex 4.348328590393066 -32.97943115234375 4.093860626220703
    endloop
  endfacet
  facet normal 0.2690231980036415 -0.5279610099241829 0.8055331718406948
    outer loop
      vertex 4.16010856628418 -32.72037124633789 4.534603118896484
      vertex 4.084174156188965 -32.759063720703125 4.534603118896484
      vertex 4.131104469299316 -32.903499603271484 4.424263954162598
    endloop
  endfacet
  facet normal 0.14187562919220423 -0.2784324958880725 0.9499192866106333
    outer loop
      vertex 4.16010856628418 -32.72037124633789 4.534603118896484
      vertex 4.029004096984863 -32.58926773071289 4.592612266540527
      vertex 4.084174156188965 -32.759063720703125 4.534603118896484
    endloop
  endfacet
  facet normal 0.5279664202911994 0.26900931466911937 0.8055342622546526
    outer loop
      vertex 4.403498649597168 -32.368896484375 4.424263954162598
      vertex 4.220371246337891 -32.33988952636719 4.534603118896484
      vertex 4.259061813354492 -32.41582489013672 4.534603118896484
    endloop
  endfacet
  facet normal 0.2784374944639524 0.14186940056267644 0.9499187517154419
    outer loop
      vertex 4.220371246337891 -32.33988952636719 4.534603118896484
      vertex 4.089266777038574 -32.47099304199219 4.592612266540527
      vertex 4.259061813354492 -32.41582489013672 4.534603118896484
    endloop
  endfacet
  facet normal 0.3086479844682448 0.04888076476800155 0.9499195189695733
    outer loop
      vertex 4.272394180297852 -32.5 4.534603118896484
      vertex 4.089266777038574 -32.47099304199219 4.592612266540527
      vertex 4.093860626220703 -32.5 4.592612266540527
    endloop
  endfacet
  facet normal 0 0 1
    outer loop
      vertex 4.089266777038574 -32.47099304199219 4.592612266540527
      vertex 4.089266777038574 -32.52900314331055 4.592612266540527
      vertex 4.093860626220703 -32.5 4.592612266540527
    endloop
  endfacet
  facet normal 0 0 1
    outer loop
      vertex 4.075934410095215 -32.44483184814453 4.592612266540527
      vertex 4.089266777038574 -32.52900314331055 4.592612266540527
      vertex 4.089266777038574 -32.47099304199219 4.592612266540527
    endloop
  endfacet
  facet normal 0 0 1
    outer loop
      vertex 4.075934410095215 -32.44483184814453 4.592612266540527
      vertex 4.075934410095215 -32.55516815185547 4.592612266540527
      vertex 4.089266777038574 -32.52900314331055 4.592612266540527
    endloop
  endfacet
  facet normal 0 0 1
    outer loop
      vertex 4.055169105529785 -32.42406463623047 4.592612266540527
      vertex 4.075934410095215 -32.55516815185547 4.592612266540527
      vertex 4.075934410095215 -32.44483184814453 4.592612266540527
    endloop
  endfacet
  facet normal 0 0 1
    outer loop
      vertex 4.055169105529785 -32.42406463623047 4.592612266540527
      vertex 4.055169105529785 -32.57593536376953 4.592612266540527
      vertex 4.075934410095215 -32.55516815185547 4.592612266540527
    endloop
  endfacet
  facet normal 0 0 1
    outer loop
      vertex 4.029004096984863 -32.41073226928711 4.592612266540527
      vertex 4.055169105529785 -32.57593536376953 4.592612266540527
      vertex 4.055169105529785 -32.42406463623047 4.592612266540527
    endloop
  endfacet
  facet normal 0 0 1
    outer loop
      vertex 4.029004096984863 -32.41073226928711 4.592612266540527
      vertex 4.029004096984863 -32.58926773071289 4.592612266540527
      vertex 4.055169105529785 -32.57593536376953 4.592612266540527
    endloop
  endfacet
  facet normal 0 0 1
    outer loop
      vertex 4 -32.4061393737793 4.592612266540527
      vertex 4.029004096984863 -32.58926773071289 4.592612266540527
      vertex 4.029004096984863 -32.41073226928711 4.592612266540527
    endloop
  endfacet
  facet normal 0 0 1
    outer loop
      vertex 4 -32.4061393737793 4.592612266540527
      vertex 4 -32.5938606262207 4.592612266540527
      vertex 4.029004096984863 -32.58926773071289 4.592612266540527
    endloop
  endfacet
  facet normal 0 0 1
    outer loop
      vertex -4 -32.4061393737793 4.592612266540527
      vertex 4 -32.5938606262207 4.592612266540527
      vertex 4 -32.4061393737793 4.592612266540527
    endloop
  endfacet
  facet normal 0 0 1
    outer loop
      vertex -4 -32.4061393737793 4.592612266540527
      vertex -4 -32.5938606262207 4.592612266540527
      vertex 4 -32.5938606262207 4.592612266540527
    endloop
  endfacet
  facet normal 0 0 1
    outer loop
      vertex -4.029004096984863 -32.41073226928711 4.592612266540527
      vertex -4 -32.5938606262207 4.592612266540527
      vertex -4 -32.4061393737793 4.592612266540527
    endloop
  endfacet
  facet normal 0 0 1
    outer loop
      vertex -4.029004096984863 -32.41073226928711 4.592612266540527
      vertex -4.029004096984863 -32.58926773071289 4.592612266540527
      vertex -4 -32.5938606262207 4.592612266540527
    endloop
  endfacet
  facet normal 0 0 1
    outer loop
      vertex -4.055169105529785 -32.42406463623047 4.592612266540527
      vertex -4.029004096984863 -32.58926773071289 4.592612266540527
      vertex -4.029004096984863 -32.41073226928711 4.592612266540527
    endloop
  endfacet
  facet normal 0 0 1
    outer loop
      vertex -4.055169105529785 -32.42406463623047 4.592612266540527
      vertex -4.055169105529785 -32.57593536376953 4.592612266540527
      vertex -4.029004096984863 -32.58926773071289 4.592612266540527
    endloop
  endfacet
  facet normal 0 0 1
    outer loop
      vertex -4.075934410095215 -32.44483184814453 4.592612266540527
      vertex -4.055169105529785 -32.57593536376953 4.592612266540527
      vertex -4.055169105529785 -32.42406463623047 4.592612266540527
    endloop
  endfacet
  facet normal 0 0 1
    outer loop
      vertex -4.075934410095215 -32.44483184814453 4.592612266540527
      vertex -4.075934410095215 -32.55516815185547 4.592612266540527
      vertex -4.055169105529785 -32.57593536376953 4.592612266540527
    endloop
  endfacet
  facet normal 0 0 1
    outer loop
      vertex -4.089266777038574 -32.47099304199219 4.592612266540527
      vertex -4.075934410095215 -32.55516815185547 4.592612266540527
      vertex -4.075934410095215 -32.44483184814453 4.592612266540527
    endloop
  endfacet
  facet normal 0 0 1
    outer loop
      vertex -4.089266777038574 -32.47099304199219 4.592612266540527
      vertex -4.089266777038574 -32.52900314331055 4.592612266540527
      vertex -4.075934410095215 -32.55516815185547 4.592612266540527
    endloop
  endfacet
  facet normal 0 0 1
    outer loop
      vertex -4.089266777038574 -32.52900314331055 4.592612266540527
      vertex -4.089266777038574 -32.47099304199219 4.592612266540527
      vertex -4.093860626220703 -32.5 4.592612266540527
    endloop
  endfacet
  facet normal 0.5279662402053111 -0.2690151812554316 0.8055324211089054
    outer loop
      vertex 4.403498649597168 -32.631103515625 4.424263954162598
      vertex 4.220371246337891 -32.66011047363281 4.534603118896484
      vertex 4.343235969543457 -32.74937438964844 4.424263954162598
    endloop
  endfacet
  facet normal 0.2784350269315461 -0.14186814330619943 0.9499196627570571
    outer loop
      vertex 4.259061813354492 -32.58417510986328 4.534603118896484
      vertex 4.089266777038574 -32.52900314331055 4.592612266540527
      vertex 4.220371246337891 -32.66011047363281 4.534603118896484
    endloop
  endfacet
  facet normal 0.8910024387246884 0.4539985178242963 0
    outer loop
      vertex 4.563608169555664 -32.316871643066406 4.093860626220703
      vertex 4.479433059692383 -32.15167236328125 4
      vertex 4.479433059692383 -32.15167236328125 4.093860626220703
    endloop
  endfacet
  facet normal 0.8910024387246884 0.4539985178242963 0
    outer loop
      vertex 4.479433059692383 -32.15167236328125 4
      vertex 4.563608169555664 -32.316871643066406 4.093860626220703
      vertex 4.563608169555664 -32.316871643066406 4
    endloop
  endfacet
  facet normal -0.14187529765508636 0.2784328087600107 0.9499192444209624
    outer loop
      vertex -4.029004096984863 -32.41073226928711 4.592612266540527
      vertex -4.16010856628418 -32.27962875366211 4.534603118896484
      vertex -4.055169105529785 -32.42406463623047 4.592612266540527
    endloop
  endfacet
  facet normal 0.36885959247588895 -0.7238968733461489 0.5830230851331624
    outer loop
      vertex 4.249375343322754 -32.84323501586914 4.424263954162598
      vertex 4.131104469299316 -32.903499603271484 4.424263954162598
      vertex 4.314231872558594 -32.93250274658203 4.272394180297852
    endloop
  endfacet
  facet normal 0.5279664202911994 -0.26900931466911937 0.8055342622546526
    outer loop
      vertex 4.259061813354492 -32.58417510986328 4.534603118896484
      vertex 4.220371246337891 -32.66011047363281 4.534603118896484
      vertex 4.403498649597168 -32.631103515625 4.424263954162598
    endloop
  endfacet
  facet normal 0.5852521239227458 -0.09269718902882247 0.805535339131729
    outer loop
      vertex 4.272394180297852 -32.5 4.534603118896484
      vertex 4.259061813354492 -32.58417510986328 4.534603118896484
      vertex 4.403498649597168 -32.631103515625 4.424263954162598
    endloop
  endfacet
endsolid OpenSCAD_Model
