; HEADER_BLOCK_START
; generated by OrcaSlicer 2.4.2 on 2026-08-20 at 03:31:27
; total layer number: 34
; filament_density: 1.24
; filament_diameter: 1.75
; max_z_height: 5.52
; filament: 1
; HEADER_BLOCK_END

; external perimeters extrusion width = 0.42mm
; perimeters extrusion width = 0.45mm
; infill extrusion width = 0.45mm
; solid infill extrusion width = 0.42mm
; top infill extrusion width = 0.42mm
; first layer extrusion width = 0.50mm

; EXECUTABLE_BLOCK_START
M201 X2000 Y2000 Z800 E2000
M203 X300 Y300 Z8 E100
M204 P2000 R2000 T20000 ; sets acceleration (P, T) and retract acceleration (R), mm/sec^2
M205 X10.00 Y10.00 Z2.00 E5.00 ; sets the jerk limits, mm/sec
M205 J0.010
;TYPE:Custom
G21 ; metric values
G90 ; use absolute coordinates
M83 ; extruder relative mode
M104 S235 ; set extruder temp
M140 S80 ; set bed temp
G28 ; home all axes
G29 ; auto bed leveling
M300 S1318 P266
G1 Z5 F5000 ; lift nozzle
G1 X0 Y0 F3000
G1 Z0.3 ; lower nozzle
G92 E0 ; zero extruded length
G1 X10 Y5 F1800 ; move to purge line start
M190 S80 ; wait for bed temp
M109 S235 ; wait for extruder temp
G1 X60 Y5 E20 F500 ; purge line
G92 E0 ; zero extruded length
G1 E-1 F2100 ; controlled direct-drive retract
G92 E0 ; zero extruded length
G1 X120 F4000 ; wipe
M117 Printing...
G90
G21
M83 ; use relative distances for extrusion
; Filament gcode
;
M106 S0
;LAYER_CHANGE
;Z:0.24
;HEIGHT:0.24
G92 E0 ; zero the extruded length again
; BEFORE_LAYER_CHANGE 0 @ 0.24mm
G1 E-1 F2100
; AFTER_LAYER_CHANGE 0 @ 0.24mm
;_SET_FAN_SPEED_CHANGING_LAYER
M204 P500
M204 T2000
G1 X94.885 Y97.074 F9000
G1 Z.24
G1 Z.24
G1 E1 F2100
;TYPE:Brim
;WIDTH:0.5
G1 F1200
G1 X95.487 Y96.517 E.03487
G1 X96.151 Y96.035 E.03487
G1 X96.868 Y95.634 E.03494
G1 X97.456 Y95.381 E.02721
G1 X98.239 Y95.126 E.035
G1 X99.042 Y94.965 E.03482
G1 X100.008 Y94.898 E.04117
G1 X119.993 Y94.898 E.84966
G1 X120.819 Y94.947 E.03515
G1 X121.622 Y95.091 E.0347
G1 X122.89 Y95.527 E.057
G1 X123.619 Y95.898 E.03477
G1 X124.302 Y96.353 E.03487
G1 X124.926 Y96.885 E.03487
G1 X125.483 Y97.487 E.03487
G1 X125.965 Y98.151 E.03487
G1 X126.366 Y98.868 E.03494
G1 X126.619 Y99.456 E.02721
G1 X126.874 Y100.239 E.035
G1 X127.035 Y101.042 E.03482
G1 X127.102 Y102.008 E.04117
G1 X127.102 Y117.993 E.6796
G1 X127.053 Y118.819 E.03515
G1 X126.909 Y119.622 E.0347
G1 X126.473 Y120.89 E.057
G1 X126.102 Y121.619 E.03477
G1 X125.647 Y122.302 E.03487
G1 X125.115 Y122.926 E.03487
G1 X124.513 Y123.483 E.03487
G1 X123.849 Y123.965 E.03487
G1 X123.132 Y124.366 E.03497
G1 X122.645 Y124.58 E.02258
G1 X121.761 Y124.875 E.03962
G1 X120.958 Y125.035 E.03479
G1 X119.992 Y125.102 E.04117
G1 X112.007 Y125.102 E.3395
G1 X111.181 Y125.053 E.03515
G1 X110.377 Y124.909 E.03473
G1 X110.092 Y124.813 E.01279
G1 X109.951 Y124.813 E.00599
G1 X109.761 Y124.874 E.00847
G1 X108.958 Y125.035 E.03482
G1 X107.992 Y125.102 E.04117
G1 X100.007 Y125.102 E.3395
G1 X99.181 Y125.053 E.03515
G1 X98.378 Y124.909 E.0347
G1 X97.11 Y124.473 E.057
G1 X96.381 Y124.102 E.03477
G1 X95.698 Y123.647 E.03487
G1 X95.074 Y123.115 E.03487
G1 X94.517 Y122.513 E.03487
G1 X94.035 Y121.849 E.03487
G1 X93.634 Y121.132 E.03497
G1 X93.42 Y120.645 E.02258
G1 X93.125 Y119.761 E.03962
G1 X92.965 Y118.958 E.03479
G1 X92.898 Y117.992 E.04117
G1 X92.898 Y102.007 E.67961
G1 X92.947 Y101.181 E.03515
G1 X93.091 Y100.378 E.0347
G1 X93.527 Y99.11 E.057
G1 X93.898 Y98.381 E.03477
G1 X94.353 Y97.698 E.03487
G1 X94.846 Y97.12 E.03232
G1 X95.188 Y97.411 F9000
G1 F1200
G1 X95.204 Y97.392 E.00106
G1 X95.779 Y96.86 E.03329
G1 X96.4 Y96.41 E.03261
G1 X97.06 Y96.04 E.03218
G1 X97.62 Y95.799 E.02591
G1 X98.345 Y95.563 E.03241
G1 X99.11 Y95.41 E.03317
G1 X100.028 Y95.347 E.03911
G1 X119.984 Y95.347 E.84841
G1 X120.758 Y95.393 E.03296
G1 X121.499 Y95.524 E.03199
G1 X122.706 Y95.938 E.05424
G1 X123.399 Y96.29 E.03305
G1 X124.037 Y96.716 E.03261
G1 X124.608 Y97.204 E.03194
G1 X125.14 Y97.779 E.03329
G1 X125.59 Y98.4 E.03261
G1 X125.96 Y99.06 E.03218
G1 X126.201 Y99.62 E.02591
G1 X126.437 Y100.345 E.03241
G1 X126.588 Y101.093 E.03244
G1 X126.653 Y102.028 E.03985
G1 X126.653 Y117.976 E.67802
G1 X126.607 Y118.758 E.03329
G1 X126.47 Y119.519 E.03287
G1 X126.055 Y120.723 E.05416
G1 X125.71 Y121.399 E.03226
G1 X125.293 Y122.024 E.03194
G1 X124.796 Y122.608 E.03261
G1 X124.234 Y123.13 E.03262
G1 X123.614 Y123.582 E.03261
G1 X122.937 Y123.961 E.03297
G1 X122.489 Y124.158 E.02081
G1 X121.653 Y124.438 E.03747
G1 X120.907 Y124.588 E.03236
G1 X119.972 Y124.653 E.03985
G1 X112.024 Y124.653 E.33791
G1 X111.226 Y124.605 E.03397
G1 X110.498 Y124.475 E.03145
G1 X110.244 Y124.391 E.01135
G1 X109.967 Y124.364 E.01185
G1 X108.908 Y124.587 E.04599
G1 X107.972 Y124.653 E.03991
G1 X100.024 Y124.653 E.33791
G1 X99.242 Y124.607 E.03329
G1 X98.481 Y124.47 E.03287
G1 X97.277 Y124.055 E.05416
G1 X96.601 Y123.71 E.03226
G1 X95.976 Y123.293 E.03194
G1 X95.392 Y122.796 E.03261
G1 X94.87 Y122.234 E.03262
G1 X94.418 Y121.614 E.03261
G1 X94.039 Y120.937 E.03297
G1 X93.842 Y120.489 E.02081
G1 X93.562 Y119.653 E.03747
G1 X93.412 Y118.907 E.03236
G1 X93.347 Y117.972 E.03985
G1 X93.347 Y102.024 E.67802
G1 X93.393 Y101.242 E.03329
G1 X93.53 Y100.481 E.03287
G1 X93.945 Y99.277 E.05416
G1 X94.29 Y98.601 E.03226
G1 X94.707 Y97.976 E.03194
G1 X95.149 Y97.456 E.029
G1 X95.491 Y97.747 F9000
G1 F1200
G1 X95.523 Y97.709 E.00211
G1 X96.07 Y97.203 E.03169
G1 X96.635 Y96.793 E.02968
G1 X97.253 Y96.446 E.03012
G1 X97.785 Y96.217 E.0246
G1 X98.451 Y96 E.0298
G1 X99.178 Y95.855 E.03152
G1 X100.048 Y95.795 E.03706
G1 X119.967 Y95.796 E.84683
G1 X120.697 Y95.838 E.03111
G1 X121.376 Y95.958 E.02929
G1 X122.522 Y96.349 E.05147
G1 X123.179 Y96.682 E.03131
G1 X123.759 Y97.07 E.02968
G1 X124.291 Y97.523 E.02969
G1 X124.797 Y98.07 E.0317
G1 X125.207 Y98.635 E.02968
G1 X125.554 Y99.253 E.03012
G1 X125.783 Y99.785 E.0246
G1 X126 Y100.451 E.02982
G1 X126.141 Y101.145 E.03006
G1 X126.205 Y102.048 E.03852
G1 X126.205 Y117.959 E.67642
G1 X126.162 Y118.697 E.03142
G1 X126.032 Y119.415 E.03103
G1 X125.637 Y120.556 E.05131
G1 X125.326 Y121.165 E.02908
G1 X124.939 Y121.747 E.02971
G1 X124.477 Y122.291 E.03037
G1 X123.954 Y122.778 E.03036
G1 X123.377 Y123.199 E.03036
G1 X122.743 Y123.556 E.03097
G1 X122.333 Y123.737 E.01902
G1 X121.546 Y124.001 E.03532
G1 X120.855 Y124.141 E.02994
G1 X119.952 Y124.205 E.03852
G1 X112.041 Y124.205 E.3363
G1 X111.272 Y124.158 E.03278
G1 X110.618 Y124.041 E.02824
G1 X110.276 Y123.944 E.01509
G1 X110.021 Y123.919 E.0109
G1 X109.864 Y123.928 E.00667
G1 X108.837 Y124.143 E.04463
G1 X107.952 Y124.205 E.03773
G1 X100.041 Y124.205 E.33631
G1 X99.303 Y124.162 E.03142
G1 X98.585 Y124.032 E.03103
G1 X97.444 Y123.637 E.05131
G1 X96.835 Y123.326 E.02908
G1 X96.253 Y122.939 E.02971
G1 X95.709 Y122.477 E.03037
G1 X95.222 Y121.954 E.03036
G1 X94.801 Y121.377 E.03036
G1 X94.444 Y120.743 E.03097
G1 X94.263 Y120.333 E.01902
G1 X93.999 Y119.546 E.03532
G1 X93.859 Y118.855 E.02994
G1 X93.795 Y117.952 E.03852
G1 X93.795 Y102.041 E.67642
G1 X93.838 Y101.303 E.03142
G1 X93.968 Y100.585 E.03103
G1 X94.363 Y99.444 E.05131
G1 X94.674 Y98.835 E.02908
G1 X95.061 Y98.253 E.02971
G1 X95.452 Y97.792 E.02569
G1 X95.794 Y98.082 F9000
G1 F1200
G1 X95.842 Y98.026 E.00314
G1 X96.361 Y97.545 E.03008
G1 X96.884 Y97.168 E.02743
G1 X97.446 Y96.852 E.02739
G1 X97.949 Y96.635 E.02329
G1 X98.557 Y96.437 E.0272
G1 X99.246 Y96.3 E.02986
G1 X100.068 Y96.244 E.03501
G1 X119.95 Y96.244 E.84525
G1 X120.637 Y96.284 E.02928
G1 X121.254 Y96.392 E.0266
G1 X122.338 Y96.76 E.04869
G1 X122.959 Y97.074 E.02956
G1 X123.494 Y97.434 E.02741
G1 X123.974 Y97.842 E.02678
G1 X124.455 Y98.361 E.0301
G1 X124.832 Y98.884 E.02743
G1 X125.148 Y99.446 E.02739
G1 X125.365 Y99.949 E.02329
G1 X125.563 Y100.558 E.02725
G1 X125.694 Y101.197 E.02769
G1 X125.756 Y102.069 E.03718
G1 X125.756 Y117.942 E.67482
G1 X125.716 Y118.636 E.02954
G1 X125.593 Y119.311 E.02919
G1 X125.219 Y120.388 E.04846
G1 X124.934 Y120.945 E.02659
G1 X124.585 Y121.47 E.02683
G1 X124.157 Y121.975 E.02812
G1 X123.674 Y122.426 E.0281
G1 X123.141 Y122.816 E.0281
G1 X122.547 Y123.151 E.02897
G1 X122.177 Y123.316 E.01722
G1 X121.437 Y123.564 E.03317
G1 X120.803 Y123.694 E.02751
G1 X119.931 Y123.756 E.03718
G1 X112.059 Y123.756 E.33467
G1 X111.317 Y123.71 E.0316
G1 X110.725 Y123.604 E.02557
G1 X110.311 Y123.497 E.0182
G1 X109.989 Y123.472 E.01371
G1 X109.764 Y123.49 E.0096
G1 X108.766 Y123.698 E.04336
G1 X107.931 Y123.756 E.03556
G1 X100.058 Y123.756 E.33472
G1 X99.364 Y123.716 E.02954
G1 X98.689 Y123.593 E.02919
G1 X97.612 Y123.219 E.04846
G1 X97.055 Y122.934 E.02659
G1 X96.53 Y122.585 E.02683
G1 X96.025 Y122.157 E.02812
G1 X95.574 Y121.674 E.0281
G1 X95.184 Y121.141 E.0281
G1 X94.849 Y120.547 E.02897
G1 X94.684 Y120.177 E.01722
G1 X94.436 Y119.437 E.03317
G1 X94.306 Y118.803 E.02751
G1 X94.244 Y117.931 E.03717
G1 X94.244 Y102.058 E.67482
G1 X94.284 Y101.364 E.02954
G1 X94.407 Y100.689 E.02919
G1 X94.781 Y99.612 E.04846
G1 X95.066 Y99.055 E.02659
G1 X95.415 Y98.53 E.02683
G1 X95.756 Y98.128 E.02238
G1 X96.098 Y98.417 F9000
G1 F1200
G1 X96.161 Y98.343 E.00415
G1 X96.653 Y97.888 E.02846
G1 X97.133 Y97.542 E.02517
G1 X97.639 Y97.258 E.02467
G1 X98.114 Y97.053 E.02197
G1 X98.663 Y96.874 E.02458
G1 X99.314 Y96.745 E.02821
G1 X100.088 Y96.692 E.03296
G1 X119.933 Y96.693 E.84368
G1 X120.578 Y96.73 E.02747
G1 X121.132 Y96.826 E.02392
G1 X122.155 Y97.172 E.0459
G1 X122.738 Y97.467 E.02779
G1 X123.217 Y97.787 E.02448
G1 X123.657 Y98.161 E.02453
G1 X124.112 Y98.653 E.02849
G1 X124.458 Y99.133 E.02517
G1 X124.742 Y99.639 E.02467
G1 X124.947 Y100.114 E.02197
G1 X125.127 Y100.666 E.02469
G1 X125.247 Y101.249 E.02532
G1 X125.308 Y102.09 E.03583
G1 X125.308 Y117.925 E.67321
G1 X125.27 Y118.574 E.02764
G1 X125.155 Y119.207 E.02733
G1 X124.801 Y120.22 E.04561
G1 X124.542 Y120.724 E.02411
G1 X124.23 Y121.194 E.02398
G1 X123.837 Y121.659 E.02588
G1 X123.393 Y122.074 E.02585
G1 X122.903 Y122.434 E.02584
G1 X122.351 Y122.747 E.02697
G1 X122.02 Y122.895 E.01542
G1 X121.328 Y123.128 E.03103
G1 X120.751 Y123.247 E.02507
G1 X119.91 Y123.308 E.03583
G1 X112.077 Y123.308 E.33301
G1 X111.363 Y123.263 E.03041
G1 X110.826 Y123.167 E.02319
G1 X110.433 Y123.065 E.01725
G1 X110.033 Y123.025 E.0171
G1 X109.664 Y123.053 E.01573
G1 X108.695 Y123.254 E.04207
G1 X107.911 Y123.308 E.03341
G1 X100.075 Y123.308 E.33314
G1 X99.426 Y123.27 E.02764
G1 X98.793 Y123.155 E.02733
G1 X97.78 Y122.801 E.04561
G1 X97.276 Y122.542 E.02411
G1 X96.806 Y122.23 E.02398
G1 X96.341 Y121.837 E.02588
G1 X95.926 Y121.393 E.02585
G1 X95.566 Y120.903 E.02584
G1 X95.253 Y120.351 E.02697
G1 X95.105 Y120.02 E.01542
G1 X94.873 Y119.328 E.03103
G1 X94.753 Y118.751 E.02507
G1 X94.692 Y117.91 E.03582
G1 X94.692 Y102.075 E.67322
G1 X94.73 Y101.426 E.02764
G1 X94.845 Y100.793 E.02733
G1 X95.199 Y99.78 E.04561
G1 X95.458 Y99.276 E.02411
G1 X95.77 Y98.806 E.02398
G1 X96.06 Y98.463 E.01909
G1 X96.403 Y98.752 F9000
G1 F1200
G1 X96.481 Y98.66 E.00514
G1 X96.931 Y98.242 E.02611
G1 X97.368 Y97.925 E.02295
G1 X97.832 Y97.664 E.02263
G1 X98.267 Y97.476 E.02013
G1 X98.785 Y97.307 E.02317
G1 X99.365 Y97.192 E.02513
G1 X100.098 Y97.141 E.03126
G1 X119.916 Y97.141 E.84251
G1 X120.519 Y97.176 E.02567
G1 X121.011 Y97.26 E.02124
G1 X121.972 Y97.583 E.04309
G1 X122.518 Y97.859 E.02601
G1 X122.952 Y98.151 E.02221
G1 X123.34 Y98.48 E.02163
G1 X123.769 Y98.944 E.02686
G1 X124.075 Y99.368 E.02225
G1 X124.336 Y99.832 E.02263
G1 X124.529 Y100.278 E.02066
G1 X124.69 Y100.774 E.02215
G1 X124.8 Y101.302 E.02295
G1 X124.859 Y102.111 E.03448
G1 X124.859 Y117.908 E.67159
G1 X124.824 Y118.512 E.02573
G1 X124.716 Y119.102 E.02547
G1 X124.384 Y120.051 E.04275
G1 X124.151 Y120.503 E.02163
G1 X123.875 Y120.918 E.02117
G1 X123.506 Y121.355 E.02433
G1 X123.1 Y121.733 E.02359
G1 X122.666 Y122.052 E.02291
G1 X122.155 Y122.343 E.02498
G1 X121.863 Y122.474 E.01361
G1 X121.219 Y122.691 E.02889
G1 X120.697 Y122.8 E.02263
G1 X119.889 Y122.859 E.03447
G1 X112.095 Y122.859 E.33134
G1 X111.409 Y122.816 E.02923
G1 X110.927 Y122.729 E.02082
G1 X110.47 Y122.618 E.02
G1 X109.99 Y122.579 E.02046
G1 X109.565 Y122.615 E.01812
G1 X108.625 Y122.809 E.04082
G1 X107.891 Y122.859 E.03127
G1 X100.092 Y122.859 E.33157
G1 X99.488 Y122.824 E.02573
G1 X98.898 Y122.716 E.02547
G1 X97.949 Y122.384 E.04275
G1 X97.497 Y122.151 E.02163
G1 X97.082 Y121.875 E.02117
G1 X96.645 Y121.506 E.02433
G1 X96.267 Y121.1 E.02359
G1 X95.948 Y120.666 E.02291
G1 X95.657 Y120.155 E.02498
G1 X95.526 Y119.863 E.01361
G1 X95.309 Y119.219 E.02889
G1 X95.2 Y118.697 E.02263
G1 X95.141 Y117.889 E.03446
G1 X95.141 Y102.092 E.6716
G1 X95.176 Y101.488 E.02573
G1 X95.284 Y100.898 E.02547
G1 X95.616 Y99.949 E.04275
G1 X95.849 Y99.497 E.02163
G1 X96.125 Y99.082 E.02117
G1 X96.364 Y98.798 E.0158
G1 X96.708 Y99.087 F9000
G1 F1200
G1 X96.812 Y98.964 E.00687
G1 X97.21 Y98.595 E.02307
G1 X97.605 Y98.308 E.02073
G1 X98.026 Y98.07 E.02058
G1 X98.42 Y97.898 E.01826
G1 X98.906 Y97.74 E.02174
G1 X99.416 Y97.639 E.02209
G1 X100.109 Y97.59 E.02956
G1 X119.907 Y97.59 E.84166
G1 X120.46 Y97.622 E.02357
G1 X120.891 Y97.695 E.01858
G1 X121.79 Y97.995 E.04028
G1 X122.298 Y98.251 E.02421
G1 X122.674 Y98.505 E.01928
G1 X123.023 Y98.799 E.01939
G1 X123.426 Y99.235 E.02523
G1 X123.7 Y99.617 E.02
G1 X123.93 Y100.026 E.01995
G1 X124.111 Y100.443 E.01933
G1 X124.254 Y100.882 E.01962
G1 X124.355 Y101.373 E.02133
G1 X124.411 Y102.132 E.03236
G1 X124.411 Y117.891 E.66997
G1 X124.379 Y118.45 E.02381
G1 X124.278 Y118.996 E.02359
G1 X123.967 Y119.881 E.03989
G1 X123.767 Y120.269 E.01853
G1 X123.52 Y120.641 E.01901
G1 X123.174 Y121.051 E.02276
G1 X122.819 Y121.382 E.02067
G1 X122.427 Y121.671 E.02069
G1 X121.957 Y121.939 E.023
G1 X121.705 Y122.053 E.01178
G1 X121.109 Y122.255 E.02676
G1 X120.644 Y122.353 E.02019
G1 X119.867 Y122.411 E.03309
G1 X112.114 Y122.411 E.32964
G1 X111.456 Y122.368 E.02804
G1 X111.015 Y122.289 E.01901
G1 X110.585 Y122.185 E.01884
G1 X110.037 Y122.133 E.02341
G1 X109.467 Y122.178 E.0243
G1 X108.555 Y122.364 E.03956
G1 X107.871 Y122.411 E.02915
G1 X100.101 Y122.41 E.33034
G1 X99.55 Y122.379 E.02348
G1 X99.024 Y122.283 E.02271
G1 X98.136 Y121.974 E.03998
G1 X97.731 Y121.767 E.01933
G1 X97.359 Y121.52 E.01901
G1 X96.949 Y121.174 E.02276
G1 X96.618 Y120.819 E.02067
G1 X96.329 Y120.427 E.02069
G1 X96.061 Y119.957 E.023
G1 X95.947 Y119.705 E.01178
G1 X95.745 Y119.109 E.02676
G1 X95.647 Y118.644 E.02019
G1 X95.589 Y117.868 E.03309
G1 X95.589 Y102.108 E.66998
G1 X95.621 Y101.55 E.0238
G1 X95.722 Y101.004 E.02359
G1 X96.033 Y100.119 E.03989
G1 X96.233 Y99.731 E.01853
G1 X96.48 Y99.358 E.01903
G1 X96.67 Y99.133 E.01249
G1 X97.013 Y99.423 F9000
G1 F1200
G1 X97.144 Y99.268 E.0086
G1 X97.49 Y98.947 E.02005
G1 X97.841 Y98.69 E.01852
G1 X98.22 Y98.475 E.01853
G1 X98.573 Y98.321 E.01636
G1 X99.012 Y98.177 E.01963
G1 X99.467 Y98.086 E.01974
G1 X100.12 Y98.039 E.02784
G1 X119.898 Y98.038 E.84081
G1 X120.402 Y98.068 E.02149
G1 X120.772 Y98.129 E.01592
G1 X121.607 Y98.407 E.03744
G1 X122.078 Y98.644 E.0224
G1 X122.409 Y98.868 E.01699
G1 X122.706 Y99.118 E.01651
G1 X123.082 Y99.526 E.02358
G1 X123.325 Y99.865 E.01773
G1 X123.524 Y100.219 E.01729
G1 X123.688 Y100.596 E.01748
G1 X123.817 Y100.99 E.01761
G1 X123.911 Y101.444 E.01971
G1 X123.962 Y102.154 E.03026
G1 X123.962 Y117.882 E.66868
G1 X123.933 Y118.388 E.02154
G1 X123.845 Y118.87 E.02082
G1 X123.557 Y119.694 E.03714
G1 X123.383 Y120.035 E.01626
G1 X123.165 Y120.365 E.01684
G1 X122.843 Y120.746 E.02118
G1 X122.526 Y121.041 E.01842
G1 X122.188 Y121.29 E.01782
G1 X121.759 Y121.536 E.02103
G1 X121.546 Y121.632 E.00995
G1 X120.998 Y121.819 E.02463
G1 X120.589 Y121.906 E.01775
G1 X119.846 Y121.962 E.0317
G1 X112.133 Y121.962 E.32791
G1 X111.517 Y121.923 E.02621
G1 X110.62 Y121.738 E.03894
G1 X109.991 Y121.687 E.02684
G1 X109.369 Y121.74 E.02654
G1 X108.486 Y121.919 E.03833
G1 X107.851 Y121.962 E.02704
G1 X100.11 Y121.962 E.32911
G1 X99.611 Y121.933 E.02125
G1 X99.149 Y121.85 E.01995
G1 X98.322 Y121.564 E.03723
G1 X97.965 Y121.382 E.01701
G1 X97.635 Y121.165 E.01682
G1 X97.254 Y120.843 E.02118
G1 X96.959 Y120.526 E.01842
G1 X96.71 Y120.188 E.01782
G1 X96.464 Y119.759 E.02103
G1 X96.368 Y119.546 E.00995
G1 X96.181 Y118.998 E.02463
G1 X96.094 Y118.589 E.01775
G1 X96.038 Y117.846 E.0317
G1 X96.038 Y102.125 E.66835
G1 X96.067 Y101.612 E.02186
G1 X96.16 Y101.11 E.0217
G1 X96.451 Y100.289 E.03704
G1 X96.625 Y99.952 E.01609
G1 X96.836 Y99.634 E.01625
G1 X96.975 Y99.469 E.00917
G1 X97.331 Y99.785 F9000
G1 F1200
G1 X97.64 Y99.438 E.01978
G1 X98.17 Y99.036 E.02827
G1 X98.801 Y98.726 E.0299
G1 X99.294 Y98.589 E.02173
G1 X100.073 Y98.486 E.03341
G1 X119.941 Y98.486 E.84468
G1 X120.707 Y98.583 E.03281
G1 X121.325 Y98.782 E.02761
G1 X121.936 Y99.109 E.02945
G1 X122.426 Y99.501 E.0267
G1 X122.859 Y100.017 E.02862
G1 X123.225 Y100.684 E.03235
G1 X123.412 Y101.299 E.0273
G1 X123.514 Y102.073 E.0332
G1 X123.514 Y117.941 E.67462
G1 X123.417 Y118.707 E.03281
G1 X123.218 Y119.325 E.02761
G1 X122.891 Y119.936 E.02945
G1 X122.499 Y120.426 E.0267
G1 X121.983 Y120.859 E.02862
G1 X121.316 Y121.225 E.03235
G1 X120.701 Y121.412 E.0273
G1 X119.926 Y121.514 E.03323
G1 X111.928 Y121.506 E.34003
G1 X111.394 Y121.441 E.02287
G1 X110.931 Y121.322 E.02031
G1 X110.608 Y121.196 E.01476
G1 X110.061 Y120.886 E.02673
G1 X109.923 Y120.89 E.00586
G1 X109.617 Y121.082 E.01538
G1 X109.062 Y121.313 E.02553
G1 X108.02 Y121.505 E.04507
G1 X99.996 Y121.51 E.34112
G1 X99.282 Y121.415 E.0306
G1 X98.677 Y121.219 E.02704
G1 X98.064 Y120.891 E.02957
G1 X97.574 Y120.499 E.0267
G1 X97.141 Y119.983 E.02862
G1 X96.775 Y119.316 E.03235
G1 X96.588 Y118.701 E.0273
G1 X96.486 Y117.926 E.03323
G1 X96.51 Y101.739 E.68816
G1 X96.619 Y101.15 E.02547
G1 X96.856 Y100.512 E.02892
G1 X97.208 Y99.923 E.02922
G1 X97.291 Y99.83 E.00526
G1 X97.629 Y100.121 F9000
G1 F1200
G1 X97.908 Y99.798 E.01816
G1 X98.363 Y99.441 E.02461
G1 X98.916 Y99.16 E.02635
G1 X99.347 Y99.034 E.01909
G1 X100.064 Y98.935 E.03078
G1 X119.95 Y98.935 E.84541
G1 X120.565 Y99.008 E.02636
G1 X121.109 Y99.175 E.02417
G1 X121.654 Y99.458 E.02612
G1 X122.08 Y99.787 E.02286
G1 X122.464 Y100.229 E.0249
G1 X122.794 Y100.808 E.02834
G1 X122.966 Y101.35 E.02418
G1 X123.065 Y102.064 E.03063
G1 X123.065 Y117.95 E.67536
G1 X122.992 Y118.565 E.02636
G1 X122.825 Y119.109 E.02417
G1 X122.542 Y119.654 E.02612
G1 X122.213 Y120.08 E.02286
G1 X121.771 Y120.464 E.0249
G1 X121.192 Y120.794 E.02834
G1 X120.65 Y120.966 E.02418
G1 X119.936 Y121.065 E.03064
G1 X111.921 Y121.058 E.34076
G1 X111.445 Y120.995 E.02038
G1 X111.09 Y120.902 E.01562
G1 X110.837 Y120.81 E.01143
G1 X110.265 Y120.487 E.02794
G1 X110.094 Y120.348 E.00937
G1 X109.934 Y120.342 E.00679
G1 X109.455 Y120.664 E.02457
G1 X108.883 Y120.902 E.02632
G1 X108.031 Y121.056 E.03682
G1 X99.987 Y121.061 E.34198
G1 X99.425 Y120.99 E.02409
G1 X98.893 Y120.826 E.02365
G1 X98.346 Y120.542 E.02623
G1 X97.92 Y120.213 E.02286
G1 X97.536 Y119.771 E.0249
G1 X97.206 Y119.192 E.02834
G1 X97.034 Y118.65 E.02418
G1 X96.935 Y117.936 E.03064
G1 X96.951 Y101.825 E.68494
G1 X97.038 Y101.31 E.0222
G1 X97.239 Y100.746 E.02543
G1 X97.541 Y100.223 E.02569
G1 X97.59 Y100.167 E.00315
G1 X97.934 Y100.452 F9000
G1 F1200
G1 X98.182 Y100.152 E.01654
G1 X98.564 Y99.842 E.02091
G1 X99.037 Y99.592 E.02276
G1 X99.404 Y99.479 E.01633
G1 X100.055 Y99.383 E.02797
G1 X119.958 Y99.383 E.84615
G1 X120.432 Y99.437 E.02028
G1 X120.898 Y99.571 E.02063
G1 X121.381 Y99.814 E.02298
G1 X121.74 Y100.078 E.01895
G1 X122.073 Y100.449 E.02121
G1 X122.365 Y100.939 E.02424
G1 X122.521 Y101.406 E.02092
G1 X122.617 Y102.055 E.02789
G1 X122.617 Y117.958 E.67609
G1 X122.563 Y118.432 E.02029
G1 X122.429 Y118.898 E.02063
G1 X122.186 Y119.381 E.02298
G1 X121.922 Y119.74 E.01894
G1 X121.551 Y120.073 E.02121
G1 X121.061 Y120.365 E.02424
G1 X120.594 Y120.521 E.02092
G1 X119.945 Y120.617 E.02789
G1 X111.982 Y120.614 E.33856
G1 X111.567 Y120.563 E.01776
G1 X111.197 Y120.467 E.01624
G1 X110.987 Y120.387 E.00956
G1 X110.482 Y120.094 E.0248
G1 X110.093 Y119.745 E.02225
G1 X109.984 Y119.712 E.00482
G1 X109.911 Y119.747 E.00349
G1 X109.625 Y120.016 E.01667
G1 X109.199 Y120.295 E.02167
G1 X108.707 Y120.49 E.02249
G1 X108.043 Y120.608 E.0287
G1 X99.978 Y120.613 E.34285
G1 X99.475 Y120.544 E.0216
G1 X99.104 Y120.43 E.01649
G1 X98.619 Y120.186 E.02308
G1 X98.26 Y119.922 E.01894
G1 X97.927 Y119.551 E.02121
G1 X97.635 Y119.061 E.02424
G1 X97.479 Y118.594 E.02092
G1 X97.383 Y117.945 E.0279
G1 X97.392 Y101.901 E.68207
G1 X97.46 Y101.462 E.01888
G1 X97.625 Y100.974 E.02193
G1 X97.88 Y100.517 E.02225
G1 X97.895 Y100.498 E.00102
G1 X98.278 Y100.725 F9000
G1 F1200
G1 X98.526 Y100.439 E.01609
G1 X98.847 Y100.189 E.0173
G1 X99.166 Y100.021 E.0153
G1 X99.466 Y99.924 E.01341
G1 X100.045 Y99.832 E.02494
G1 X119.965 Y99.832 E.84689
G1 X120.311 Y99.868 E.01478
G1 X120.685 Y99.966 E.01645
G1 X121.19 Y100.22 E.02399
G1 X121.397 Y100.368 E.01085
G1 X121.749 Y100.759 E.02236
G1 X121.98 Y101.169 E.02001
G1 X122.076 Y101.466 E.01326
G1 X122.168 Y102.045 E.02494
G1 X122.168 Y117.965 E.67683
G1 X122.132 Y118.311 E.01478
G1 X122.034 Y118.685 E.01645
G1 X121.78 Y119.19 E.02399
G1 X121.632 Y119.397 E.01085
G1 X121.241 Y119.749 E.02236
G1 X120.831 Y119.98 E.02001
G1 X120.534 Y120.076 E.01326
G1 X119.955 Y120.168 E.02494
G1 X112.035 Y120.168 E.33672
G1 X111.689 Y120.132 E.01478
G1 X111.304 Y120.031 E.01693
G1 X111.145 Y119.968 E.00727
G1 X110.702 Y119.703 E.02193
G1 X110.359 Y119.38 E.02003
G1 X110.11 Y119.001 E.01927
G1 X110.014 Y118.941 E.00482
G1 X109.886 Y119.001 E.00602
G1 X109.619 Y119.404 E.02055
G1 X109.379 Y119.641 E.01434
G1 X109.032 Y119.879 E.01788
G1 X108.642 Y120.046 E.01804
G1 X107.953 Y120.168 E.02977
G1 X99.969 Y120.164 E.3394
G1 X99.602 Y120.115 E.01574
G1 X99.316 Y120.035 E.01266
G1 X98.81 Y119.78 E.02404
G1 X98.603 Y119.632 E.01085
G1 X98.251 Y119.241 E.02236
G1 X98.02 Y118.831 E.02001
G1 X97.924 Y118.534 E.01326
G1 X97.832 Y117.955 E.02494
G1 X97.836 Y101.969 E.67962
G1 X97.885 Y101.604 E.01565
G1 X98.01 Y101.203 E.01788
G1 X98.248 Y100.777 E.02075
G1 X98.617 Y101.017 F9000
G1 F1200
G1 X98.801 Y100.794 E.01229
G1 X99.058 Y100.585 E.01405
G1 X99.307 Y100.447 E.01212
G1 X99.533 Y100.367 E.01022
G1 X100.034 Y100.28 E.02161
G1 X119.972 Y100.28 E.84764
G1 X120.268 Y100.315 E.01264
G1 X120.576 Y100.401 E.01361
G1 X120.985 Y100.619 E.0197
G1 X121.136 Y100.733 E.00803
G1 X121.357 Y100.978 E.01404
G1 X121.554 Y101.308 E.01635
G1 X121.633 Y101.533 E.01014
G1 X121.72 Y102.034 E.02162
G1 X121.72 Y117.972 E.67758
G1 X121.685 Y118.268 E.01265
G1 X121.599 Y118.576 E.01361
G1 X121.381 Y118.985 E.0197
G1 X121.267 Y119.136 E.00803
G1 X121.022 Y119.357 E.01404
G1 X120.692 Y119.554 E.01635
G1 X120.467 Y119.633 E.01014
G1 X119.966 Y119.72 E.02162
G1 X112.028 Y119.72 E.33748
G1 X111.732 Y119.685 E.01265
G1 X111.418 Y119.598 E.01385
G1 X111.316 Y119.553 E.00476
G1 X110.925 Y119.314 E.0195
G1 X110.67 Y119.057 E.01538
G1 X110.445 Y118.688 E.01837
G1 X110.367 Y118.467 E.00998
G1 X110.28 Y117.966 E.02162
G1 X110.28 Y112.133 E.24799
G1 X110.36 Y111.643 E.02108
G1 X110.53 Y111.229 E.01904
G1 X110.53 Y110.454 E.03293
G1 X110.483 Y110.352 E.00482
G1 X110.396 Y110.32 E.00393
G1 X109.604 Y110.32 E.03365
G1 X109.502 Y110.367 E.00482
G1 X109.47 Y110.454 E.00393
G1 X109.47 Y111.219 E.03252
G1 X109.635 Y111.641 E.01925
G1 X109.72 Y112.134 E.02128
G1 X109.72 Y117.971 E.24814
G1 X109.666 Y118.355 E.01649
G1 X109.551 Y118.689 E.015
G1 X109.314 Y119.075 E.01928
G1 X109.056 Y119.331 E.01545
G1 X108.783 Y119.507 E.01377
G1 X108.564 Y119.604 E.01021
G1 X107.964 Y119.72 E.02596
G1 X100.028 Y119.72 E.33742
G1 X99.732 Y119.685 E.01265
G1 X99.424 Y119.599 E.01361
G1 X99.015 Y119.381 E.0197
G1 X98.864 Y119.267 E.00803
G1 X98.643 Y119.022 E.01404
G1 X98.446 Y118.692 E.01635
G1 X98.367 Y118.467 E.01014
G1 X98.28 Y117.966 E.02161
G1 X98.28 Y102.028 E.67759
G1 X98.315 Y101.732 E.01264
G1 X98.401 Y101.424 E.01361
G1 X98.589 Y101.07 E.01703
G1 X98.977 Y101.292 F9000
G1 F1200
G1 X99.011 Y101.231 E.00295
G1 X99.085 Y101.141 E.00497
G1 X99.277 Y100.977 E.01073
G1 X99.466 Y100.866 E.00932
G1 X99.61 Y100.809 E.00659
G1 X100.023 Y100.729 E.01787
G1 X119.98 Y100.729 E.84846
G1 X120.217 Y100.76 E.01016
G1 X120.457 Y100.833 E.01066
G1 X120.769 Y101.011 E.01525
G1 X120.859 Y101.085 E.00497
G1 X121.023 Y101.277 E.01073
G1 X121.134 Y101.466 E.00932
G1 X121.191 Y101.61 E.00659
G1 X121.271 Y102.023 E.01787
G1 X121.271 Y117.98 E.67841
G1 X121.24 Y118.217 E.01016
G1 X121.167 Y118.457 E.01066
G1 X120.989 Y118.769 E.01525
G1 X120.915 Y118.859 E.00497
G1 X120.723 Y119.023 E.01073
G1 X120.534 Y119.134 E.00932
G1 X120.39 Y119.191 E.00659
G1 X119.977 Y119.271 E.01787
G1 X112.02 Y119.271 E.3383
G1 X111.783 Y119.24 E.01016
G1 X111.543 Y119.167 E.01066
G1 X111.235 Y118.991 E.01508
G1 X111.053 Y118.824 E.01048
G1 X110.865 Y118.531 E.0148
G1 X110.809 Y118.39 E.00647
G1 X110.729 Y117.977 E.01787
G1 X110.729 Y112.122 E.24894
G1 X110.782 Y111.795 E.01406
G1 X110.832 Y111.644 E.00678
G1 X110.962 Y111.41 E.01137
G1 X110.979 Y111.345 E.00286
G1 X110.979 Y110.006 E.05693
G1 X110.931 Y109.903 E.00482
G1 X110.844 Y109.871 E.00393
G1 X109.156 Y109.871 E.07178
G1 X109.053 Y109.919 E.00482
G1 X109.021 Y110.006 E.00393
G1 X109.021 Y111.349 E.05711
G1 X109.192 Y111.714 E.01711
G1 X109.271 Y112.123 E.01772
G1 X109.271 Y117.98 E.24902
G1 X109.24 Y118.217 E.01016
G1 X109.167 Y118.457 E.01066
G1 X108.991 Y118.765 E.01508
G1 X108.824 Y118.947 E.01048
G1 X108.531 Y119.135 E.0148
G1 X108.39 Y119.191 E.00647
G1 X107.977 Y119.271 E.01787
G1 X100.02 Y119.271 E.3383
G1 X99.783 Y119.24 E.01016
G1 X99.543 Y119.167 E.01066
G1 X99.231 Y118.989 E.01525
G1 X99.141 Y118.915 E.00497
G1 X98.977 Y118.723 E.01073
G1 X98.866 Y118.534 E.00932
G1 X98.809 Y118.39 E.00659
G1 X98.729 Y117.977 E.01787
G1 X98.729 Y102.02 E.67841
G1 X98.76 Y101.783 E.01016
G1 X98.833 Y101.543 E.01066
G1 X98.947 Y101.344 E.00975
G1 X99.321 Y101.58 F9000
G1 F1200
G1 X99.393 Y101.466 E.00571
G1 X99.493 Y101.37 E.00592
G1 X99.702 Y101.247 E.01027
G1 X100.01 Y101.177 E.01344
G1 X119.989 Y101.177 E.84939
G1 X120.152 Y101.204 E.00703
G1 X120.326 Y101.262 E.00779
G1 X120.534 Y101.393 E.01044
G1 X120.63 Y101.493 E.00592
G1 X120.753 Y101.702 E.01027
G1 X120.823 Y102.01 E.01345
G1 X120.823 Y117.989 E.67933
G1 X120.796 Y118.152 E.00703
G1 X120.738 Y118.326 E.00779
G1 X120.607 Y118.534 E.01044
G1 X120.507 Y118.63 E.00592
G1 X120.298 Y118.753 E.01027
G1 X119.99 Y118.823 E.01345
G1 X112.011 Y118.823 E.33923
G1 X111.848 Y118.796 E.00703
G1 X111.674 Y118.738 E.00779
G1 X111.466 Y118.607 E.01044
G1 X111.37 Y118.507 E.00592
G1 X111.247 Y118.298 E.01027
G1 X111.177 Y117.99 E.01344
G1 X111.177 Y112.111 E.24995
G1 X111.204 Y111.948 E.00703
G1 X111.262 Y111.774 E.00777
G1 X111.406 Y111.548 E.0114
G1 X111.427 Y111.476 E.00321
G1 X111.427 Y109.557 E.08157
G1 X111.38 Y109.455 E.00482
G1 X111.293 Y109.423 E.00393
G1 X108.707 Y109.423 E.10992
G1 X108.605 Y109.47 E.00482
G1 X108.573 Y109.557 E.00393
G1 X108.573 Y111.479 E.0817
G1 X108.594 Y111.551 E.00318
G1 X108.753 Y111.804 E.01271
G1 X108.823 Y112.11 E.01335
G1 X108.823 Y117.989 E.24995
G1 X108.796 Y118.152 E.00703
G1 X108.738 Y118.326 E.00779
G1 X108.607 Y118.534 E.01044
G1 X108.507 Y118.63 E.00592
G1 X108.298 Y118.753 E.01027
G1 X107.99 Y118.823 E.01345
G1 X100.011 Y118.823 E.33923
G1 X99.848 Y118.796 E.00703
G1 X99.674 Y118.738 E.00779
G1 X99.466 Y118.607 E.01044
G1 X99.37 Y118.507 E.00592
G1 X99.247 Y118.298 E.01027
G1 X99.177 Y117.99 E.01344
G1 X99.177 Y102.011 E.67933
G1 X99.204 Y101.848 E.00703
G1 X99.262 Y101.674 E.00779
G1 X99.289 Y101.631 E.00217
G1 X99.692 Y101.8 F9000
G1 F1200
G1 X99.816 Y101.681 E.0073
G1 X100 Y101.626 E.00817
G1 X120 Y101.626 E.85027
G1 X120.2 Y101.692 E.00894
G1 X120.319 Y101.816 E.0073
G1 X120.374 Y102 E.00817
G1 X120.374 Y118 E.68022
G1 X120.308 Y118.2 E.00894
G1 X120.184 Y118.319 E.0073
G1 X120 Y118.374 E.00817
G1 X112 Y118.374 E.34011
G1 X111.8 Y118.308 E.00894
G1 X111.681 Y118.184 E.0073
G1 X111.626 Y118 E.00817
G1 X111.626 Y112.1 E.25083
G1 X111.692 Y111.9 E.00894
G1 X111.816 Y111.781 E.0073
G1 X111.876 Y111.758 E.00273
G1 X111.876 Y108.974 E.11834
G1 X108.124 Y108.974 E.15949
G1 X108.124 Y111.76 E.11841
G1 X108.2 Y111.792 E.00349
G1 X108.319 Y111.916 E.0073
G1 X108.374 Y112.1 E.00817
G1 X108.374 Y118 E.25083
G1 X108.308 Y118.2 E.00894
G1 X108.184 Y118.319 E.0073
G1 X108 Y118.374 E.00817
G1 X100 Y118.374 E.34011
G1 X99.8 Y118.308 E.00894
G1 X99.681 Y118.184 E.0073
G1 X99.626 Y118 E.00817
G1 X99.626 Y102 E.68022
G1 X99.673 Y101.857 E.00639
; printing object hall_island_coupon.stl id:0 copy 0
G1 E-.7 F2100
;WIPE_START
G1 F1200
G1 X99.816 Y101.681 E-.06795
G1 X100 Y101.626 E-.05769
G1 X100.581 Y101.626 E-.17436
;WIPE_END
G1 X119.675 Y117.675 F9000
G1 E1 F2100
;TYPE:Outer wall
G1 F1200
G1 X112.325 Y117.675 E.31247
G1 X112.325 Y112.425 E.2232
G1 X112.575 Y112.425 E.01063
G1 X112.575 Y108.275 E.17643
G1 X107.425 Y108.275 E.21894
G1 X107.425 Y112.425 E.17643
G1 X107.675 Y112.425 E.01063
G1 X107.675 Y117.675 E.2232
G1 X100.325 Y117.675 E.31247
G1 X100.325 Y102.325 E.65258
G1 X119.675 Y102.325 E.82264
G1 X119.675 Y117.615 E.65003
G1 X119.227 Y117.227 F9000
;TYPE:Inner wall
G1 F1200
G1 X112.773 Y117.227 E.27434
G1 X112.773 Y112.873 E.18506
G1 X113.023 Y112.873 E.01063
G1 X113.023 Y107.827 E.21457
G1 X106.977 Y107.827 E.25708
G1 X106.977 Y112.873 E.21457
G1 X107.227 Y112.873 E.01063
G1 X107.227 Y117.227 E.18506
G1 X100.773 Y117.227 E.27434
G1 X100.773 Y102.773 E.61445
G1 X119.227 Y102.773 E.7845
G1 X119.227 Y117.167 E.6119
G1 X118.778 Y116.778 F9000
G1 F1200
G1 X113.222 Y116.778 E.23621
G1 X113.222 Y113.322 E.14693
G1 X113.472 Y113.322 E.01063
G1 X113.472 Y107.378 E.2527
G1 X106.528 Y107.378 E.29521
G1 X106.528 Y113.322 E.2527
G1 X106.778 Y113.322 E.01063
G1 X106.778 Y116.778 E.14693
G1 X101.222 Y116.778 E.23621
G1 X101.222 Y103.222 E.57631
G1 X118.778 Y103.222 E.74637
G1 X118.778 Y116.718 E.57376
G1 X118.33 Y116.33 F9000
G1 F1200
G1 X113.67 Y116.33 E.19807
G1 X113.67 Y113.77 E.10879
G1 X113.92 Y113.77 E.01063
G1 X113.92 Y106.93 E.29083
G1 X106.08 Y106.93 E.33335
G1 X106.08 Y113.77 E.29083
G1 X106.33 Y113.77 E.01063
G1 X106.33 Y116.33 E.10879
G1 X101.67 Y116.33 E.19807
G1 X101.67 Y103.67 E.53818
G1 X118.33 Y103.67 E.70823
G1 X118.33 Y116.27 E.53563
G1 X117.881 Y115.881 F9000
G1 F1200
G1 X114.119 Y115.881 E.15994
G1 X114.119 Y114.219 E.07066
G1 X114.369 Y114.219 E.01063
G1 X114.369 Y106.481 E.32897
G1 X105.631 Y106.481 E.37148
G1 X105.631 Y114.219 E.32897
G1 X105.881 Y114.219 E.01063
G1 X105.881 Y115.881 E.07066
G1 X102.119 Y115.881 E.15994
G1 X102.119 Y104.119 E.50005
G1 X117.881 Y104.119 E.6701
G1 X117.881 Y115.821 E.49749
G1 E-.7 F2100
;WIPE_START
G1 F1200
G1 X116.881 Y115.837 E-.3
;WIPE_END
G1 X117.746 Y104.462 F9000
G1 E1 F2100
;TYPE:Bottom surface
;WIDTH:0.513015
G1 F1200
G1 X102.455 Y104.462 E.66894
G1 X102.455 Y104.923 E.02019
G1 X117.545 Y104.923 E.66012
G1 X117.545 Y105.385 E.02019
G1 X102.455 Y105.385 E.66012
G1 X102.455 Y105.846 E.02019
G1 X117.545 Y105.846 E.66012
G1 X117.545 Y106.308 E.02019
G1 X102.455 Y106.308 E.66012
G1 X102.455 Y106.769 E.02019
G1 X105.295 Y106.769 E.12421
G1 X105.295 Y107.231 E.02019
G1 X102.455 Y107.231 E.12421
G1 X102.455 Y107.692 E.02019
G1 X105.295 Y107.692 E.12421
G1 X105.295 Y108.154 E.02019
G1 X102.455 Y108.154 E.12421
G1 X102.455 Y108.616 E.02019
G1 X105.295 Y108.616 E.12421
G1 X105.295 Y109.077 E.02019
G1 X102.455 Y109.077 E.12421
G1 X102.455 Y109.539 E.02019
G1 X105.295 Y109.539 E.12421
G1 X105.295 Y110 E.02019
G1 X102.455 Y110 E.12421
G1 X102.455 Y110.462 E.02019
G1 X105.295 Y110.462 E.12421
G1 X105.295 Y110.923 E.02019
G1 X102.455 Y110.923 E.12421
G1 X102.455 Y111.385 E.02019
G1 X105.295 Y111.385 E.12421
G1 X105.295 Y111.846 E.02019
G1 X102.455 Y111.846 E.12421
G1 X102.455 Y112.308 E.02019
G1 X105.295 Y112.308 E.12421
G1 X105.295 Y112.769 E.02019
G1 X102.455 Y112.769 E.12421
G1 X102.455 Y113.231 E.02019
G1 X105.295 Y113.231 E.12421
G1 X105.295 Y113.692 E.02019
G1 X102.455 Y113.692 E.12421
G1 X102.455 Y114.154 E.02019
G1 X105.295 Y114.154 E.12421
G1 X105.295 Y114.555 E.01757
G1 X105.545 Y114.555 E.01094
G1 X105.545 Y114.615 E.00262
G1 X102.455 Y114.615 E.13515
G1 X102.455 Y115.077 E.02019
G1 X105.545 Y115.077 E.13515
G1 X105.545 Y115.538 E.02019
G1 X102.254 Y115.538 E.14398
G1 E-.7 F2100
;WIPE_START
G1 F1200
G1 X103.254 Y115.538 E-.3
;WIPE_END
G1 X107.077 Y107.927 F9000
G1 X114.504 Y106.769
G1 E1 F2100
G1 F1200
G1 X117.545 Y106.769 E.13304
G1 X117.545 Y107.231 E.02019
G1 X114.705 Y107.231 E.12421
G1 X114.705 Y107.692 E.02019
G1 X117.545 Y107.692 E.12421
G1 X117.545 Y108.154 E.02019
G1 X114.705 Y108.154 E.12421
G1 X114.705 Y108.616 E.02019
G1 X117.545 Y108.616 E.12421
G1 X117.545 Y109.077 E.02019
G1 X114.705 Y109.077 E.12421
G1 X114.705 Y109.539 E.02019
G1 X117.545 Y109.539 E.12421
G1 X117.545 Y110 E.02019
G1 X114.705 Y110 E.12421
G1 X114.705 Y110.462 E.02019
G1 X117.545 Y110.462 E.12421
G1 X117.545 Y110.923 E.02019
G1 X114.705 Y110.923 E.12421
G1 X114.705 Y111.385 E.02019
G1 X117.545 Y111.385 E.12421
G1 X117.545 Y111.846 E.02019
G1 X114.705 Y111.846 E.12421
G1 X114.705 Y112.308 E.02019
G1 X117.545 Y112.308 E.12421
G1 X117.545 Y112.769 E.02019
G1 X114.705 Y112.769 E.12421
G1 X114.705 Y113.231 E.02019
G1 X117.545 Y113.231 E.12421
G1 X117.545 Y113.692 E.02019
G1 X114.705 Y113.692 E.12421
G1 X114.705 Y114.154 E.02019
G1 X117.545 Y114.154 E.12421
G1 X117.545 Y114.615 E.02019
G1 X114.455 Y114.615 E.13515
G1 X114.455 Y115.077 E.02019
G1 X117.545 Y115.077 E.13515
G1 X117.545 Y115.538 E.02019
G1 X114.254 Y115.538 E.14398
; stop printing object hall_island_coupon.stl id:0 copy 0
;LAYER_CHANGE
;Z:0.4
;HEIGHT:0.16
G92 E0 ; zero the extruded length again
; BEFORE_LAYER_CHANGE 1 @ 0.4mm
G1 E-.7 F2100
;WIPE_START
G1 F1200
G1 X115.254 Y115.538 E-.3
;WIPE_END
; AFTER_LAYER_CHANGE 1 @ 0.4mm
;_SET_FAN_SPEED_CHANGING_LAYER
M204 P1000
M104 S230 ; set nozzle temperature
; printing object hall_island_coupon.stl id:0 copy 0
G1 X118.672 Y117.235 Z.6 F9000
G1 X118.957 Y117.376 Z.6
G1 X119.377 Y117.377
G1 X119.79 Y117.79
G1 Z.4
G1 E1 F2100
;TYPE:Outer wall
;WIDTH:0.42
G1 F1800
G1 X112.21 Y117.79 E.18474
G1 X112.21 Y112.31 E.13356
G1 X112.46 Y112.31 E.00609
G1 X112.46 Y108.39 E.09554
G1 X107.54 Y108.39 E.11991
G1 X107.54 Y112.31 E.09554
G1 X107.79 Y112.31 E.00609
G1 X107.79 Y117.79 E.13356
G1 X100.21 Y117.79 E.18474
G1 X100.21 Y102.21 E.37971
G1 X119.79 Y102.21 E.4772
G1 X119.79 Y117.73 E.37825
G1 X119.377 Y117.377 F9000
G1 X119.389 Y117.389
M204 P1500
;TYPE:Inner wall
;WIDTH:0.45
G1 F2700
G1 X112.611 Y117.389 E.17806
G1 X112.611 Y112.711 E.1229
G1 X112.861 Y112.711 E.00657
G1 X112.861 Y107.989 E.12402
G1 X107.139 Y107.989 E.15029
G1 X107.139 Y112.711 E.12402
G1 X107.389 Y112.711 E.00657
G1 X107.389 Y117.389 E.1229
G1 X100.611 Y117.389 E.17806
G1 X100.611 Y102.611 E.3882
G1 X119.389 Y102.611 E.49327
G1 X119.389 Y117.329 E.38662
G1 X118.974 Y116.974 F9000
G1 F2700
G1 X113.026 Y116.974 E.15622
G1 X113.026 Y113.126 E.10106
G1 X113.276 Y113.126 E.00657
G1 X113.276 Y107.574 E.14585
G1 X106.724 Y107.574 E.17212
G1 X106.724 Y113.126 E.14585
G1 X106.974 Y113.126 E.00657
G1 X106.974 Y116.974 E.10106
G1 X101.026 Y116.974 E.15622
G1 X101.026 Y103.026 E.36636
G1 X118.974 Y103.026 E.47143
G1 X118.974 Y116.914 E.36479
G1 X118.558 Y116.558 F9000
G1 F2700
G1 X113.442 Y116.558 E.13439
G1 X113.442 Y113.542 E.07922
G1 X113.692 Y113.542 E.00657
G1 X113.692 Y107.158 E.16769
G1 X106.308 Y107.158 E.19396
G1 X106.308 Y113.542 E.16769
G1 X106.558 Y113.542 E.00657
G1 X106.558 Y116.558 E.07922
G1 X101.442 Y116.558 E.13439
G1 X101.442 Y103.442 E.34453
G1 X118.558 Y103.442 E.4496
G1 X118.558 Y116.498 E.34295
G1 X118.142 Y116.142 F9000
G1 F2700
G1 X113.858 Y116.142 E.11255
G1 X113.858 Y113.958 E.05739
G1 X114.108 Y113.958 E.00657
G1 X114.108 Y106.742 E.18953
G1 X105.892 Y106.742 E.2158
G1 X105.892 Y113.958 E.18953
G1 X106.142 Y113.958 E.00657
G1 X106.142 Y116.142 E.05739
G1 X101.858 Y116.142 E.11255
G1 X101.858 Y103.858 E.32269
G1 X118.142 Y103.858 E.42776
G1 X118.142 Y116.082 E.32111
G1 X116.125 Y114.125 F9000
M204 P1000
;TYPE:Internal solid infill
;WIDTH:0.568066
G1 F3600
G1 X116.125 Y109.153 E.1677
G1 X115.665 Y108.633 F9000
;WIDTH:0.419999
G1 F3600
G1 X115.665 Y114.165 E.13483
G1 X115.514 Y114.585 E.01087
G1 X116.585 Y114.585 E.02611
G1 X116.585 Y108.633 E.14504
G1 X115.725 Y108.633 E.02094
G1 X115.28 Y108.248 F9000
G1 F3600
G1 X115.28 Y114.165 E.14423
G1 X115.056 Y114.783 E.016
G1 X115.03 Y114.97 E.00462
G1 X116.97 Y114.97 E.0473
G1 X116.97 Y108.248 E.16384
G1 X115.34 Y108.248 E.03974
G1 X114.894 Y107.862 F9000
G1 F3600
G1 X114.894 Y114.165 E.15363
G1 X114.76 Y114.536 E.0096
G1 X114.644 Y114.59 E.00312
G1 X114.644 Y115.356 E.01867
G1 X117.356 Y115.356 E.0661
G1 X117.356 Y107.862 E.18264
G1 X114.954 Y107.862 E.05854
G1 X114.508 Y107.476 F9000
G1 F3600
G1 X114.508 Y114.165 E.16303
G1 X114.464 Y114.289 E.0032
G1 X114.258 Y114.358 E.00528
G1 X114.258 Y115.742 E.03372
G1 X117.742 Y115.742 E.0849
G1 X117.742 Y107.476 E.20144
G1 X114.568 Y107.476 E.07734
G1 X117.8 Y107.457 F9000
;WIDTH:0.424317
G1 F3600
G1 X117.8 Y104.198 E.08031
G1 X117.41 Y104.198 E.00961
G1 X117.41 Y107.284 E.07604
G1 X117.02 Y107.284 E.00961
G1 X117.02 Y104.198 E.07604
G1 X116.63 Y104.198 E.00961
G1 X116.63 Y107.284 E.07604
G1 X116.24 Y107.284 E.00961
G1 X116.24 Y104.198 E.07604
G1 X115.85 Y104.198 E.00961
G1 X115.85 Y107.284 E.07604
G1 X115.46 Y107.284 E.00961
G1 X115.46 Y104.198 E.07604
G1 X115.07 Y104.198 E.00961
G1 X115.07 Y107.284 E.07604
G1 X114.68 Y107.284 E.00961
G1 X114.68 Y104.198 E.07604
G1 X114.29 Y104.198 E.00961
G1 X114.29 Y106.402 E.05431
G1 X113.9 Y106.402 E.00961
G1 X113.9 Y104.198 E.05431
G1 X113.51 Y104.198 E.00961
G1 X113.51 Y106.402 E.05431
G1 X113.12 Y106.402 E.00961
G1 X113.12 Y104.198 E.05431
G1 X112.73 Y104.198 E.00961
G1 X112.73 Y106.402 E.05431
G1 X112.34 Y106.402 E.00961
G1 X112.34 Y104.198 E.05431
G1 X111.95 Y104.198 E.00961
G1 X111.95 Y106.402 E.05431
G1 X111.56 Y106.402 E.00961
G1 X111.56 Y104.198 E.05431
G1 X111.17 Y104.198 E.00961
G1 X111.17 Y106.402 E.05431
G1 X110.78 Y106.402 E.00961
G1 X110.78 Y104.198 E.05431
G1 X110.39 Y104.198 E.00961
G1 X110.39 Y106.402 E.05431
G1 X110 Y106.402 E.00961
G1 X110 Y104.198 E.05431
G1 X109.61 Y104.198 E.00961
G1 X109.61 Y106.402 E.05431
G1 X109.22 Y106.402 E.00961
G1 X109.22 Y104.198 E.05431
G1 X108.83 Y104.198 E.00961
G1 X108.83 Y106.402 E.05431
G1 X108.44 Y106.402 E.00961
G1 X108.44 Y104.198 E.05431
G1 X108.05 Y104.198 E.00961
G1 X108.05 Y106.402 E.05431
G1 X107.66 Y106.402 E.00961
G1 X107.66 Y104.198 E.05431
G1 X107.27 Y104.198 E.00961
G1 X107.27 Y106.402 E.05431
G1 X106.88 Y106.402 E.00961
G1 X106.88 Y104.198 E.05431
G1 X106.49 Y104.198 E.00961
G1 X106.49 Y106.402 E.05431
G1 X106.1 Y106.402 E.00961
G1 X106.1 Y104.198 E.05431
G1 X105.71 Y104.198 E.00961
G1 X105.71 Y106.402 E.05431
G1 X105.552 Y106.402 E.0039
G1 X105.552 Y107.284 E.02173
G1 X105.32 Y107.284 E.00571
G1 X105.32 Y104.198 E.07604
G1 X104.93 Y104.198 E.00961
G1 X104.93 Y107.284 E.07604
G1 X104.54 Y107.284 E.00961
G1 X104.54 Y104.198 E.07604
G1 X104.15 Y104.198 E.00961
G1 X104.15 Y107.284 E.07604
G1 X103.76 Y107.284 E.00961
G1 X103.76 Y104.198 E.07604
G1 X103.37 Y104.198 E.00961
G1 X103.37 Y107.284 E.07604
G1 X102.98 Y107.284 E.00961
G1 X102.98 Y104.198 E.07604
G1 X102.59 Y104.198 E.00961
G1 X102.59 Y107.284 E.07604
G1 X102.2 Y107.284 E.00961
G1 X102.2 Y104.025 E.08031
G1 X103.875 Y109.093 F9000
;WIDTH:0.568066
G1 F3600
G1 X103.875 Y114.065 E.1677
G1 X104.335 Y108.633 F9000
;WIDTH:0.419999
G1 F3600
G1 X103.415 Y108.633 E.02241
G1 X103.415 Y114.585 E.14504
G1 X104.486 Y114.585 E.02611
G1 X104.335 Y114.125 E.0118
G1 X104.335 Y108.693 E.13238
G1 X104.72 Y108.248 F9000
G1 F3600
G1 X103.03 Y108.248 E.04121
G1 X103.03 Y114.97 E.16384
G1 X104.97 Y114.97 E.0473
G1 X104.97 Y114.795 E.00427
G1 X104.72 Y114.165 E.01651
G1 X104.72 Y108.308 E.14276
G1 X105.106 Y107.862 F9000
G1 F3600
G1 X102.644 Y107.862 E.06
G1 X102.644 Y115.356 E.18264
G1 X105.356 Y115.356 E.0661
G1 X105.356 Y114.59 E.01867
G1 X105.24 Y114.536 E.00312
G1 X105.106 Y114.125 E.01053
G1 X105.106 Y107.922 E.15118
G1 X105.492 Y107.476 F9000
G1 F3600
G1 X102.258 Y107.476 E.0788
G1 X102.258 Y115.742 E.20144
G1 X105.742 Y115.742 E.0849
G1 X105.742 Y114.358 E.03372
G1 X105.536 Y114.289 E.00528
G1 X105.492 Y114.125 E.00414
G1 X105.492 Y107.536 E.16058
; stop printing object hall_island_coupon.stl id:0 copy 0
;LAYER_CHANGE
;Z:0.56
;HEIGHT:0.16
G92 E0 ; zero the extruded length again
; BEFORE_LAYER_CHANGE 2 @ 0.56mm
G1 E-.7 F2100
;WIPE_START
G1 F3600
G1 X105.492 Y108.536 E-.3
;WIPE_END
; AFTER_LAYER_CHANGE 2 @ 0.56mm
;_SET_FAN_SPEED_CHANGING_LAYER
; printing object hall_island_coupon.stl id:0 copy 0
G1 F9000
G1 X106.016 Y108.599 Z0.588571
G1 X106.294 Y109.048 Z0.617143
G1 X106.116 Y109.545 Z0.645714
G1 X105.617 Y109.716 Z0.674286
G1 X105.172 Y109.432 Z0.702857
G1 X105.116 Y108.907 Z0.731429
G1 X105.492 Y108.536 Z0.76
G1 X107.126 Y107.976 Z.76
G1 X112.874 Y107.976
G1 X112.874 Y112.724
G1 X112.624 Y117.376
G1 X119.377 Y117.377
G1 X119.79 Y117.79
G1 Z.56
G1 E1 F2100
;TYPE:Outer wall
;WIDTH:0.42
G1 F1800
G1 X112.21 Y117.79 E.18474
G1 X112.21 Y112.31 E.13356
G1 X112.46 Y112.31 E.00609
G1 X112.46 Y108.39 E.09554
G1 X107.54 Y108.39 E.11991
G1 X107.54 Y112.31 E.09554
G1 X107.79 Y112.31 E.00609
G1 X107.79 Y117.79 E.13356
G1 X100.21 Y117.79 E.18474
G1 X100.21 Y102.21 E.37971
G1 X119.79 Y102.21 E.4772
G1 X119.79 Y117.73 E.37825
G1 X119.377 Y117.377 F9000
G1 X119.389 Y117.389
M204 P1500
;TYPE:Inner wall
;WIDTH:0.45
G1 F2700
G1 X112.611 Y117.389 E.17806
G1 X112.611 Y112.711 E.1229
G1 X112.861 Y112.711 E.00657
G1 X112.861 Y107.989 E.12402
G1 X107.139 Y107.989 E.15029
G1 X107.139 Y112.711 E.12402
G1 X107.389 Y112.711 E.00657
G1 X107.389 Y117.389 E.1229
G1 X100.611 Y117.389 E.17806
G1 X100.611 Y102.611 E.3882
G1 X119.389 Y102.611 E.49327
G1 X119.389 Y117.329 E.38662
G1 X118.974 Y116.974 F9000
G1 F2700
G1 X113.026 Y116.974 E.15622
G1 X113.026 Y113.126 E.10106
G1 X113.276 Y113.126 E.00657
G1 X113.276 Y107.574 E.14585
G1 X106.724 Y107.574 E.17212
G1 X106.724 Y113.126 E.14585
G1 X106.974 Y113.126 E.00657
G1 X106.974 Y116.974 E.10106
G1 X101.026 Y116.974 E.15622
G1 X101.026 Y103.026 E.36636
G1 X118.974 Y103.026 E.47143
G1 X118.974 Y116.914 E.36479
G1 X118.558 Y116.558 F9000
G1 F2700
G1 X113.442 Y116.558 E.13439
G1 X113.442 Y113.542 E.07922
G1 X113.692 Y113.542 E.00657
G1 X113.692 Y107.158 E.16769
G1 X106.308 Y107.158 E.19396
G1 X106.308 Y113.542 E.16769
G1 X106.558 Y113.542 E.00657
G1 X106.558 Y116.558 E.07922
G1 X101.442 Y116.558 E.13439
G1 X101.442 Y103.442 E.34453
G1 X118.558 Y103.442 E.4496
G1 X118.558 Y116.498 E.34295
G1 X118.142 Y116.142 F9000
G1 F2700
G1 X113.858 Y116.142 E.11255
G1 X113.858 Y113.958 E.05739
G1 X114.108 Y113.958 E.00657
G1 X114.108 Y106.742 E.18953
G1 X105.892 Y106.742 E.2158
G1 X105.892 Y113.958 E.18953
G1 X106.142 Y113.958 E.00657
G1 X106.142 Y116.142 E.05739
G1 X101.858 Y116.142 E.11255
G1 X101.858 Y103.858 E.32269
G1 X118.142 Y103.858 E.42776
G1 X118.142 Y116.082 E.32111
G1 X117.975 Y104.201 F9000
M204 P1000
;TYPE:Internal solid infill
;WIDTH:0.424811
G1 F3600
G1 X102.198 Y104.201 E.38931
G1 X102.198 Y104.591 E.00964
G1 X117.802 Y104.591 E.38503
G1 X117.802 Y104.982 E.00964
G1 X102.198 Y104.982 E.38503
G1 X102.198 Y105.372 E.00964
G1 X117.802 Y105.372 E.38503
G1 X117.802 Y105.763 E.00964
G1 X102.198 Y105.763 E.38503
G1 X102.198 Y106.153 E.00964
G1 X117.802 Y106.153 E.38503
G1 X117.802 Y106.544 E.00964
G1 X102.025 Y106.544 E.38931
G1 X103.875 Y108.355 F9000
;WIDTH:0.568066
G1 F3600
G1 X103.875 Y114.065 E.19258
G1 X104.335 Y107.896 F9000
;WIDTH:0.419999
G1 F3600
G1 X103.415 Y107.896 E.02241
G1 X103.415 Y114.585 E.16302
G1 X104.486 Y114.585 E.02611
G1 X104.335 Y114.125 E.0118
G1 X104.335 Y107.956 E.15036
G1 X104.72 Y107.51 F9000
G1 F3600
G1 X103.03 Y107.51 E.04121
G1 X103.03 Y114.97 E.18182
G1 X104.97 Y114.97 E.0473
G1 X104.97 Y114.795 E.00427
G1 X104.72 Y114.165 E.01651
G1 X104.72 Y107.57 E.16074
G1 X105.106 Y107.124 F9000
G1 F3600
G1 X102.644 Y107.124 E.06
G1 X102.644 Y115.356 E.20062
G1 X105.356 Y115.356 E.0661
G1 X105.356 Y114.59 E.01867
G1 X105.24 Y114.536 E.00312
G1 X105.106 Y114.125 E.01053
G1 X105.106 Y107.184 E.16915
G1 X105.492 Y106.739 F9000
G1 F3600
G1 X102.258 Y106.739 E.0788
G1 X102.258 Y115.742 E.21942
G1 X105.742 Y115.742 E.0849
G1 X105.742 Y114.358 E.03372
G1 X105.536 Y114.289 E.00528
G1 X105.492 Y114.125 E.00414
G1 X105.492 Y106.799 E.17855
G1 X114.508 Y106.739 F9000
G1 F3600
G1 X114.508 Y114.165 E.181
G1 X114.464 Y114.289 E.0032
G1 X114.258 Y114.358 E.00528
G1 X114.258 Y115.742 E.03372
G1 X117.742 Y115.742 E.0849
G1 X117.742 Y106.739 E.21942
G1 X114.568 Y106.739 E.07734
G1 X114.894 Y107.124 F9000
G1 F3600
G1 X114.894 Y114.165 E.1716
G1 X114.76 Y114.536 E.0096
G1 X114.644 Y114.59 E.00312
G1 X114.644 Y115.356 E.01867
G1 X117.356 Y115.356 E.0661
G1 X117.356 Y107.124 E.20062
G1 X114.954 Y107.124 E.05854
G1 X115.28 Y107.51 F9000
G1 F3600
G1 X115.28 Y114.165 E.1622
G1 X115.056 Y114.783 E.016
G1 X115.03 Y114.97 E.00462
G1 X116.97 Y114.97 E.0473
G1 X116.97 Y107.51 E.18182
G1 X115.34 Y107.51 E.03974
G1 X115.665 Y107.896 F9000
G1 F3600
G1 X115.665 Y114.165 E.15281
G1 X115.514 Y114.585 E.01087
G1 X116.585 Y114.585 E.02611
G1 X116.585 Y107.896 E.16302
G1 X115.725 Y107.896 E.02094
G1 X116.125 Y114.125 F9000
;WIDTH:0.568066
G1 F3600
G1 X116.125 Y108.415 E.19258
; stop printing object hall_island_coupon.stl id:0 copy 0
M106 S158
;LAYER_CHANGE
;Z:0.72
;HEIGHT:0.16
G92 E0 ; zero the extruded length again
; BEFORE_LAYER_CHANGE 3 @ 0.72mm
G1 E-.7 F2100
;WIPE_START
G1 F3600
G1 X116.125 Y109.415 E-.3
;WIPE_END
; AFTER_LAYER_CHANGE 3 @ 0.72mm
;_SET_FAN_SPEED_CHANGING_LAYER
; printing object hall_island_coupon.stl id:0 copy 0
G1 F9000
G1 X116.093 Y109.942 Z0.748571
G1 X115.661 Y110.246 Z0.777143
G1 X115.154 Y110.097 Z0.805714
G1 X114.954 Y109.608 Z0.834286
G1 X115.212 Y109.147 Z0.862857
G1 X115.733 Y109.062 Z0.891429
G1 X116.125 Y109.415 Z0.92
G1 X119.376 Y117.376 Z.92
G1 X119.377 Y117.377
G1 X119.79 Y117.79
G1 Z.72
G1 E1 F2100
;TYPE:Outer wall
;WIDTH:0.42
G1 F1800
G1 X112.21 Y117.79 E.18474
G1 X112.21 Y112.31 E.13356
G1 X112.46 Y112.31 E.00609
G1 X112.46 Y108.39 E.09554
G1 X107.54 Y108.39 E.11991
G1 X107.54 Y112.31 E.09554
G1 X107.79 Y112.31 E.00609
G1 X107.79 Y117.79 E.13356
G1 X100.21 Y117.79 E.18474
G1 X100.21 Y102.21 E.37971
G1 X119.79 Y102.21 E.4772
G1 X119.79 Y117.73 E.37825
G1 X119.377 Y117.377 F9000
G1 X119.389 Y117.389
M204 P1500
;TYPE:Inner wall
;WIDTH:0.45
G1 F2700
G1 X112.611 Y117.389 E.17806
G1 X112.611 Y112.711 E.1229
G1 X112.861 Y112.711 E.00657
G1 X112.861 Y107.989 E.12402
G1 X107.139 Y107.989 E.15029
G1 X107.139 Y112.711 E.12402
G1 X107.389 Y112.711 E.00657
G1 X107.389 Y117.389 E.1229
G1 X100.611 Y117.389 E.17806
G1 X100.611 Y102.611 E.3882
G1 X119.389 Y102.611 E.49327
G1 X119.389 Y117.329 E.38662
G1 X118.974 Y116.974 F9000
G1 F2700
G1 X113.026 Y116.974 E.15622
G1 X113.026 Y113.126 E.10106
G1 X113.276 Y113.126 E.00657
G1 X113.276 Y107.574 E.14585
G1 X106.724 Y107.574 E.17212
G1 X106.724 Y113.126 E.14585
G1 X106.974 Y113.126 E.00657
G1 X106.974 Y116.974 E.10106
G1 X101.026 Y116.974 E.15622
G1 X101.026 Y103.026 E.36636
G1 X118.974 Y103.026 E.47143
G1 X118.974 Y116.914 E.36479
G1 X118.558 Y116.558 F9000
G1 F2700
G1 X113.442 Y116.558 E.13439
G1 X113.442 Y113.542 E.07922
G1 X113.692 Y113.542 E.00657
G1 X113.692 Y107.158 E.16769
G1 X106.308 Y107.158 E.19396
G1 X106.308 Y113.542 E.16769
G1 X106.558 Y113.542 E.00657
G1 X106.558 Y116.558 E.07922
G1 X101.442 Y116.558 E.13439
G1 X101.442 Y103.442 E.34453
G1 X118.558 Y103.442 E.4496
G1 X118.558 Y116.498 E.34295
G1 X118.142 Y116.142 F9000
G1 F2700
G1 X113.858 Y116.142 E.11255
G1 X113.858 Y113.958 E.05739
G1 X114.108 Y113.958 E.00657
G1 X114.108 Y106.742 E.18953
G1 X105.892 Y106.742 E.2158
G1 X105.892 Y113.958 E.18953
G1 X106.142 Y113.958 E.00657
G1 X106.142 Y116.142 E.05739
G1 X101.858 Y116.142 E.11255
G1 X101.858 Y103.858 E.32269
G1 X118.142 Y103.858 E.42776
G1 X118.142 Y116.082 E.32111
G1 X116.125 Y114.125 F9000
M204 P1000
;TYPE:Internal solid infill
;WIDTH:0.568066
G1 F3600
G1 X116.125 Y109.153 E.1677
G1 X115.665 Y108.633 F9000
;WIDTH:0.419999
G1 F3600
G1 X115.665 Y114.165 E.13483
G1 X115.514 Y114.585 E.01087
G1 X116.585 Y114.585 E.02611
G1 X116.585 Y108.633 E.14504
G1 X115.725 Y108.633 E.02094
G1 X115.28 Y108.248 F9000
G1 F3600
G1 X115.28 Y114.165 E.14423
G1 X115.056 Y114.783 E.016
G1 X115.03 Y114.97 E.00462
G1 X116.97 Y114.97 E.0473
G1 X116.97 Y108.248 E.16384
G1 X115.34 Y108.248 E.03974
G1 X114.894 Y107.862 F9000
G1 F3600
G1 X114.894 Y114.165 E.15363
G1 X114.76 Y114.536 E.0096
G1 X114.644 Y114.59 E.00312
G1 X114.644 Y115.356 E.01867
G1 X117.356 Y115.356 E.0661
G1 X117.356 Y107.862 E.18264
G1 X114.954 Y107.862 E.05854
G1 X114.508 Y107.476 F9000
G1 F3600
G1 X114.508 Y114.165 E.16303
G1 X114.464 Y114.289 E.0032
G1 X114.258 Y114.358 E.00528
G1 X114.258 Y115.742 E.03372
G1 X117.742 Y115.742 E.0849
G1 X117.742 Y107.476 E.20144
G1 X114.568 Y107.476 E.07734
G1 X117.8 Y107.457 F9000
;WIDTH:0.424317
G1 F3600
G1 X117.8 Y104.198 E.08031
G1 X117.41 Y104.198 E.00961
G1 X117.41 Y107.284 E.07604
G1 X117.02 Y107.284 E.00961
G1 X117.02 Y104.198 E.07604
G1 X116.63 Y104.198 E.00961
G1 X116.63 Y107.284 E.07604
G1 X116.24 Y107.284 E.00961
G1 X116.24 Y104.198 E.07604
G1 X115.85 Y104.198 E.00961
G1 X115.85 Y107.284 E.07604
G1 X115.46 Y107.284 E.00961
G1 X115.46 Y104.198 E.07604
G1 X115.07 Y104.198 E.00961
G1 X115.07 Y107.284 E.07604
G1 X114.68 Y107.284 E.00961
G1 X114.68 Y104.198 E.07604
G1 X114.29 Y104.198 E.00961
G1 X114.29 Y106.402 E.05431
G1 X113.9 Y106.402 E.00961
G1 X113.9 Y104.198 E.05431
G1 X113.51 Y104.198 E.00961
G1 X113.51 Y106.402 E.05431
G1 X113.12 Y106.402 E.00961
G1 X113.12 Y104.198 E.05431
G1 X112.73 Y104.198 E.00961
G1 X112.73 Y106.402 E.05431
G1 X112.34 Y106.402 E.00961
G1 X112.34 Y104.198 E.05431
G1 X111.95 Y104.198 E.00961
G1 X111.95 Y106.402 E.05431
G1 X111.56 Y106.402 E.00961
G1 X111.56 Y104.198 E.05431
G1 X111.17 Y104.198 E.00961
G1 X111.17 Y106.402 E.05431
G1 X110.78 Y106.402 E.00961
G1 X110.78 Y104.198 E.05431
G1 X110.39 Y104.198 E.00961
G1 X110.39 Y106.402 E.05431
G1 X110 Y106.402 E.00961
G1 X110 Y104.198 E.05431
G1 X109.61 Y104.198 E.00961
G1 X109.61 Y106.402 E.05431
G1 X109.22 Y106.402 E.00961
G1 X109.22 Y104.198 E.05431
G1 X108.83 Y104.198 E.00961
G1 X108.83 Y106.402 E.05431
G1 X108.44 Y106.402 E.00961
G1 X108.44 Y104.198 E.05431
G1 X108.05 Y104.198 E.00961
G1 X108.05 Y106.402 E.05431
G1 X107.66 Y106.402 E.00961
G1 X107.66 Y104.198 E.05431
G1 X107.27 Y104.198 E.00961
G1 X107.27 Y106.402 E.05431
G1 X106.88 Y106.402 E.00961
G1 X106.88 Y104.198 E.05431
G1 X106.49 Y104.198 E.00961
G1 X106.49 Y106.402 E.05431
G1 X106.1 Y106.402 E.00961
G1 X106.1 Y104.198 E.05431
G1 X105.71 Y104.198 E.00961
G1 X105.71 Y106.402 E.05431
G1 X105.552 Y106.402 E.0039
G1 X105.552 Y107.284 E.02173
G1 X105.32 Y107.284 E.00571
G1 X105.32 Y104.198 E.07604
G1 X104.93 Y104.198 E.00961
G1 X104.93 Y107.284 E.07604
G1 X104.54 Y107.284 E.00961
G1 X104.54 Y104.198 E.07604
G1 X104.15 Y104.198 E.00961
G1 X104.15 Y107.284 E.07604
G1 X103.76 Y107.284 E.00961
G1 X103.76 Y104.198 E.07604
G1 X103.37 Y104.198 E.00961
G1 X103.37 Y107.284 E.07604
G1 X102.98 Y107.284 E.00961
G1 X102.98 Y104.198 E.07604
G1 X102.59 Y104.198 E.00961
G1 X102.59 Y107.284 E.07604
G1 X102.2 Y107.284 E.00961
G1 X102.2 Y104.025 E.08031
G1 X103.875 Y109.093 F9000
;WIDTH:0.568066
G1 F3600
G1 X103.875 Y114.065 E.1677
G1 X104.335 Y108.633 F9000
;WIDTH:0.419999
G1 F3600
G1 X103.415 Y108.633 E.02241
G1 X103.415 Y114.585 E.14504
G1 X104.486 Y114.585 E.02611
G1 X104.335 Y114.125 E.0118
G1 X104.335 Y108.693 E.13238
G1 X104.72 Y108.248 F9000
G1 F3600
G1 X103.03 Y108.248 E.04121
G1 X103.03 Y114.97 E.16384
G1 X104.97 Y114.97 E.0473
G1 X104.97 Y114.795 E.00427
G1 X104.72 Y114.165 E.01651
G1 X104.72 Y108.308 E.14276
G1 X105.106 Y107.862 F9000
G1 F3600
G1 X102.644 Y107.862 E.06
G1 X102.644 Y115.356 E.18264
G1 X105.356 Y115.356 E.0661
G1 X105.356 Y114.59 E.01867
G1 X105.24 Y114.536 E.00312
G1 X105.106 Y114.125 E.01053
G1 X105.106 Y107.922 E.15118
G1 X105.492 Y107.476 F9000
G1 F3600
G1 X102.258 Y107.476 E.0788
G1 X102.258 Y115.742 E.20144
G1 X105.742 Y115.742 E.0849
G1 X105.742 Y114.358 E.03372
G1 X105.536 Y114.289 E.00528
G1 X105.492 Y114.125 E.00414
G1 X105.492 Y107.536 E.16058
; stop printing object hall_island_coupon.stl id:0 copy 0
M106 S155
;LAYER_CHANGE
;Z:0.88
;HEIGHT:0.16
G92 E0 ; zero the extruded length again
; BEFORE_LAYER_CHANGE 4 @ 0.88mm
G1 E-.7 F2100
;WIPE_START
G1 F3600
G1 X105.492 Y108.536 E-.3
;WIPE_END
; AFTER_LAYER_CHANGE 4 @ 0.88mm
;_SET_FAN_SPEED_CHANGING_LAYER
; printing object hall_island_coupon.stl id:0 copy 0
G1 F9000
G1 X106.016 Y108.599 Z0.908571
G1 X106.294 Y109.048 Z0.937143
G1 X106.116 Y109.545 Z0.965714
G1 X105.617 Y109.716 Z0.994286
G1 X105.172 Y109.432 Z1.02286
G1 X105.116 Y108.907 Z1.05143
G1 X105.492 Y108.536 Z1.08
G1 X107.126 Y107.976 Z1.08
G1 X112.874 Y107.976
G1 X112.874 Y112.724
G1 X112.624 Y117.376
G1 X119.377 Y117.377
G1 X119.79 Y117.79
G1 Z.88
G1 E1 F2100
;TYPE:Outer wall
;WIDTH:0.42
G1 F1800
G1 X112.21 Y117.79 E.18474
G1 X112.21 Y112.31 E.13356
G1 X112.46 Y112.31 E.00609
G1 X112.46 Y108.39 E.09554
G1 X107.54 Y108.39 E.11991
G1 X107.54 Y112.31 E.09554
G1 X107.79 Y112.31 E.00609
G1 X107.79 Y117.79 E.13356
G1 X100.21 Y117.79 E.18474
G1 X100.21 Y102.21 E.37971
G1 X119.79 Y102.21 E.4772
G1 X119.79 Y117.73 E.37825
G1 X119.377 Y117.377 F9000
G1 X119.389 Y117.389
M204 P1500
;TYPE:Inner wall
;WIDTH:0.45
G1 F2700
G1 X112.611 Y117.389 E.17806
G1 X112.611 Y112.711 E.1229
G1 X112.861 Y112.711 E.00657
G1 X112.861 Y107.989 E.12402
G1 X107.139 Y107.989 E.15029
G1 X107.139 Y112.711 E.12402
G1 X107.389 Y112.711 E.00657
G1 X107.389 Y117.389 E.1229
G1 X100.611 Y117.389 E.17806
G1 X100.611 Y102.611 E.3882
G1 X119.389 Y102.611 E.49327
G1 X119.389 Y117.329 E.38662
G1 X118.974 Y116.974 F9000
G1 F2700
G1 X113.026 Y116.974 E.15622
G1 X113.026 Y113.126 E.10106
G1 X113.276 Y113.126 E.00657
G1 X113.276 Y107.574 E.14585
G1 X106.724 Y107.574 E.17212
G1 X106.724 Y113.126 E.14585
G1 X106.974 Y113.126 E.00657
G1 X106.974 Y116.974 E.10106
G1 X101.026 Y116.974 E.15622
G1 X101.026 Y103.026 E.36636
G1 X118.974 Y103.026 E.47143
G1 X118.974 Y116.914 E.36479
G1 X118.558 Y116.558 F9000
G1 F2700
G1 X113.442 Y116.558 E.13439
G1 X113.442 Y113.542 E.07922
G1 X113.692 Y113.542 E.00657
G1 X113.692 Y107.158 E.16769
G1 X106.308 Y107.158 E.19396
G1 X106.308 Y113.542 E.16769
G1 X106.558 Y113.542 E.00657
G1 X106.558 Y116.558 E.07922
G1 X101.442 Y116.558 E.13439
G1 X101.442 Y103.442 E.34453
G1 X118.558 Y103.442 E.4496
G1 X118.558 Y116.498 E.34295
G1 X118.142 Y116.142 F9000
G1 F2700
G1 X113.858 Y116.142 E.11255
G1 X113.858 Y113.958 E.05739
G1 X114.108 Y113.958 E.00657
G1 X114.108 Y106.742 E.18953
G1 X105.892 Y106.742 E.2158
G1 X105.892 Y113.958 E.18953
G1 X106.142 Y113.958 E.00657
G1 X106.142 Y116.142 E.05739
G1 X101.858 Y116.142 E.11255
G1 X101.858 Y103.858 E.32269
G1 X118.142 Y103.858 E.42776
G1 X118.142 Y116.082 E.32111
G1 X117.975 Y104.201 F9000
M204 P1000
;TYPE:Internal solid infill
;WIDTH:0.424811
G1 F3600
G1 X102.198 Y104.201 E.38931
G1 X102.198 Y104.591 E.00964
G1 X117.802 Y104.591 E.38503
G1 X117.802 Y104.982 E.00964
G1 X102.198 Y104.982 E.38503
G1 X102.198 Y105.372 E.00964
G1 X117.802 Y105.372 E.38503
G1 X117.802 Y105.763 E.00964
G1 X102.198 Y105.763 E.38503
G1 X102.198 Y106.153 E.00964
G1 X117.802 Y106.153 E.38503
G1 X117.802 Y106.544 E.00964
G1 X102.025 Y106.544 E.38931
G1 X103.875 Y108.355 F9000
;WIDTH:0.568066
G1 F3600
G1 X103.875 Y114.065 E.19258
G1 X104.335 Y107.896 F9000
;WIDTH:0.419999
G1 F3600
G1 X103.415 Y107.896 E.02241
G1 X103.415 Y114.585 E.16302
G1 X104.486 Y114.585 E.02611
G1 X104.335 Y114.125 E.0118
G1 X104.335 Y107.956 E.15036
G1 X104.72 Y107.51 F9000
G1 F3600
G1 X103.03 Y107.51 E.04121
G1 X103.03 Y114.97 E.18182
G1 X104.97 Y114.97 E.0473
G1 X104.97 Y114.795 E.00427
G1 X104.72 Y114.165 E.01651
G1 X104.72 Y107.57 E.16074
G1 X105.106 Y107.124 F9000
G1 F3600
G1 X102.644 Y107.124 E.06
G1 X102.644 Y115.356 E.20062
G1 X105.356 Y115.356 E.0661
G1 X105.356 Y114.59 E.01867
G1 X105.24 Y114.536 E.00312
G1 X105.106 Y114.125 E.01053
G1 X105.106 Y107.184 E.16915
G1 X105.492 Y106.739 F9000
G1 F3600
G1 X102.258 Y106.739 E.0788
G1 X102.258 Y115.742 E.21942
G1 X105.742 Y115.742 E.0849
G1 X105.742 Y114.358 E.03372
G1 X105.536 Y114.289 E.00528
G1 X105.492 Y114.125 E.00414
G1 X105.492 Y106.799 E.17855
G1 X114.508 Y106.739 F9000
G1 F3600
G1 X114.508 Y114.165 E.181
G1 X114.464 Y114.289 E.0032
G1 X114.258 Y114.358 E.00528
G1 X114.258 Y115.742 E.03372
G1 X117.742 Y115.742 E.0849
G1 X117.742 Y106.739 E.21942
G1 X114.568 Y106.739 E.07734
G1 X114.894 Y107.124 F9000
G1 F3600
G1 X114.894 Y114.165 E.1716
G1 X114.76 Y114.536 E.0096
G1 X114.644 Y114.59 E.00312
G1 X114.644 Y115.356 E.01867
G1 X117.356 Y115.356 E.0661
G1 X117.356 Y107.124 E.20062
G1 X114.954 Y107.124 E.05854
G1 X115.28 Y107.51 F9000
G1 F3600
G1 X115.28 Y114.165 E.1622
G1 X115.056 Y114.783 E.016
G1 X115.03 Y114.97 E.00462
G1 X116.97 Y114.97 E.0473
G1 X116.97 Y107.51 E.18182
G1 X115.34 Y107.51 E.03974
G1 X115.665 Y107.896 F9000
G1 F3600
G1 X115.665 Y114.165 E.15281
G1 X115.514 Y114.585 E.01087
G1 X116.585 Y114.585 E.02611
G1 X116.585 Y107.896 E.16302
G1 X115.725 Y107.896 E.02094
G1 X116.125 Y114.125 F9000
;WIDTH:0.568066
G1 F3600
G1 X116.125 Y108.415 E.19258
; stop printing object hall_island_coupon.stl id:0 copy 0
M106 S158
;LAYER_CHANGE
;Z:1.04
;HEIGHT:0.16
G92 E0 ; zero the extruded length again
; BEFORE_LAYER_CHANGE 5 @ 1.04mm
G1 E-.7 F2100
;WIPE_START
G1 F3600
G1 X116.125 Y109.415 E-.3
;WIPE_END
; AFTER_LAYER_CHANGE 5 @ 1.04mm
;_SET_FAN_SPEED_CHANGING_LAYER
; printing object hall_island_coupon.stl id:0 copy 0
G1 F9000
G1 X116.093 Y109.942 Z1.06857
G1 X115.661 Y110.246 Z1.09714
G1 X115.154 Y110.097 Z1.12571
G1 X114.954 Y109.608 Z1.15429
G1 X115.212 Y109.147 Z1.18286
G1 X115.733 Y109.062 Z1.21143
G1 X116.125 Y109.415 Z1.24
G1 X119.376 Y117.376 Z1.24
G1 X119.377 Y117.377
G1 X119.79 Y117.79
G1 Z1.04
G1 E1 F2100
;TYPE:Outer wall
;WIDTH:0.42
G1 F1800
G1 X112.21 Y117.79 E.18474
G1 X112.21 Y112.31 E.13356
G1 X112.46 Y112.31 E.00609
G1 X112.46 Y108.39 E.09554
G1 X107.54 Y108.39 E.11991
G1 X107.54 Y112.31 E.09554
G1 X107.79 Y112.31 E.00609
G1 X107.79 Y117.79 E.13356
G1 X100.21 Y117.79 E.18474
G1 X100.21 Y102.21 E.37971
G1 X119.79 Y102.21 E.4772
G1 X119.79 Y117.73 E.37825
G1 X119.377 Y117.377 F9000
G1 X119.389 Y117.389
M204 P1500
;TYPE:Inner wall
;WIDTH:0.45
G1 F2700
G1 X112.611 Y117.389 E.17806
G1 X112.611 Y112.711 E.1229
G1 X112.861 Y112.711 E.00657
G1 X112.861 Y107.989 E.12402
G1 X107.139 Y107.989 E.15029
G1 X107.139 Y112.711 E.12402
G1 X107.389 Y112.711 E.00657
G1 X107.389 Y117.389 E.1229
G1 X100.611 Y117.389 E.17806
G1 X100.611 Y102.611 E.3882
G1 X119.389 Y102.611 E.49327
G1 X119.389 Y117.329 E.38662
G1 X118.974 Y116.974 F9000
G1 F2700
G1 X113.026 Y116.974 E.15622
G1 X113.026 Y113.126 E.10106
G1 X113.276 Y113.126 E.00657
G1 X113.276 Y107.574 E.14585
G1 X106.724 Y107.574 E.17212
G1 X106.724 Y113.126 E.14585
G1 X106.974 Y113.126 E.00657
G1 X106.974 Y116.974 E.10106
G1 X101.026 Y116.974 E.15622
G1 X101.026 Y103.026 E.36636
G1 X118.974 Y103.026 E.47143
G1 X118.974 Y116.914 E.36479
G1 X118.558 Y116.558 F9000
G1 F2700
G1 X113.442 Y116.558 E.13439
G1 X113.442 Y113.542 E.07922
G1 X113.692 Y113.542 E.00657
G1 X113.692 Y107.158 E.16769
G1 X106.308 Y107.158 E.19396
G1 X106.308 Y113.542 E.16769
G1 X106.558 Y113.542 E.00657
G1 X106.558 Y116.558 E.07922
G1 X101.442 Y116.558 E.13439
G1 X101.442 Y103.442 E.34453
G1 X118.558 Y103.442 E.4496
G1 X118.558 Y116.498 E.34295
G1 X118.142 Y116.142 F9000
G1 F2700
G1 X113.858 Y116.142 E.11255
G1 X113.858 Y113.958 E.05739
G1 X114.108 Y113.958 E.00657
G1 X114.108 Y106.742 E.18953
G1 X105.892 Y106.742 E.2158
G1 X105.892 Y113.958 E.18953
G1 X106.142 Y113.958 E.00657
G1 X106.142 Y116.142 E.05739
G1 X101.858 Y116.142 E.11255
G1 X101.858 Y103.858 E.32269
G1 X118.142 Y103.858 E.42776
G1 X118.142 Y116.082 E.32111
G1 X116.125 Y114.125 F9000
M204 P1000
;TYPE:Internal solid infill
;WIDTH:0.568066
G1 F3600
G1 X116.125 Y109.153 E.1677
G1 X115.665 Y108.633 F9000
;WIDTH:0.419999
G1 F3600
G1 X115.665 Y114.165 E.13483
G1 X115.514 Y114.585 E.01087
G1 X116.585 Y114.585 E.02611
G1 X116.585 Y108.633 E.14504
G1 X115.725 Y108.633 E.02094
G1 X115.28 Y108.248 F9000
G1 F3600
G1 X115.28 Y114.165 E.14423
G1 X115.056 Y114.783 E.016
G1 X115.03 Y114.97 E.00462
G1 X116.97 Y114.97 E.0473
G1 X116.97 Y108.248 E.16384
G1 X115.34 Y108.248 E.03974
G1 X114.894 Y107.862 F9000
G1 F3600
G1 X114.894 Y114.165 E.15363
G1 X114.76 Y114.536 E.0096
G1 X114.644 Y114.59 E.00312
G1 X114.644 Y115.356 E.01867
G1 X117.356 Y115.356 E.0661
G1 X117.356 Y107.862 E.18264
G1 X114.954 Y107.862 E.05854
G1 X114.508 Y107.476 F9000
G1 F3600
G1 X114.508 Y114.165 E.16303
G1 X114.464 Y114.289 E.0032
G1 X114.258 Y114.358 E.00528
G1 X114.258 Y115.742 E.03372
G1 X117.742 Y115.742 E.0849
G1 X117.742 Y107.476 E.20144
G1 X114.568 Y107.476 E.07734
G1 X117.8 Y107.457 F9000
;WIDTH:0.424317
G1 F3600
G1 X117.8 Y104.198 E.08031
G1 X117.41 Y104.198 E.00961
G1 X117.41 Y107.284 E.07604
G1 X117.02 Y107.284 E.00961
G1 X117.02 Y104.198 E.07604
G1 X116.63 Y104.198 E.00961
G1 X116.63 Y107.284 E.07604
G1 X116.24 Y107.284 E.00961
G1 X116.24 Y104.198 E.07604
G1 X115.85 Y104.198 E.00961
G1 X115.85 Y107.284 E.07604
G1 X115.46 Y107.284 E.00961
G1 X115.46 Y104.198 E.07604
G1 X115.07 Y104.198 E.00961
G1 X115.07 Y107.284 E.07604
G1 X114.68 Y107.284 E.00961
G1 X114.68 Y104.198 E.07604
G1 X114.29 Y104.198 E.00961
G1 X114.29 Y106.402 E.05431
G1 X113.9 Y106.402 E.00961
G1 X113.9 Y104.198 E.05431
G1 X113.51 Y104.198 E.00961
G1 X113.51 Y106.402 E.05431
G1 X113.12 Y106.402 E.00961
G1 X113.12 Y104.198 E.05431
G1 X112.73 Y104.198 E.00961
G1 X112.73 Y106.402 E.05431
G1 X112.34 Y106.402 E.00961
G1 X112.34 Y104.198 E.05431
G1 X111.95 Y104.198 E.00961
G1 X111.95 Y106.402 E.05431
G1 X111.56 Y106.402 E.00961
G1 X111.56 Y104.198 E.05431
G1 X111.17 Y104.198 E.00961
G1 X111.17 Y106.402 E.05431
G1 X110.78 Y106.402 E.00961
G1 X110.78 Y104.198 E.05431
G1 X110.39 Y104.198 E.00961
G1 X110.39 Y106.402 E.05431
G1 X110 Y106.402 E.00961
G1 X110 Y104.198 E.05431
G1 X109.61 Y104.198 E.00961
G1 X109.61 Y106.402 E.05431
G1 X109.22 Y106.402 E.00961
G1 X109.22 Y104.198 E.05431
G1 X108.83 Y104.198 E.00961
G1 X108.83 Y106.402 E.05431
G1 X108.44 Y106.402 E.00961
G1 X108.44 Y104.198 E.05431
G1 X108.05 Y104.198 E.00961
G1 X108.05 Y106.402 E.05431
G1 X107.66 Y106.402 E.00961
G1 X107.66 Y104.198 E.05431
G1 X107.27 Y104.198 E.00961
G1 X107.27 Y106.402 E.05431
G1 X106.88 Y106.402 E.00961
G1 X106.88 Y104.198 E.05431
G1 X106.49 Y104.198 E.00961
G1 X106.49 Y106.402 E.05431
G1 X106.1 Y106.402 E.00961
G1 X106.1 Y104.198 E.05431
G1 X105.71 Y104.198 E.00961
G1 X105.71 Y106.402 E.05431
G1 X105.552 Y106.402 E.0039
G1 X105.552 Y107.284 E.02173
G1 X105.32 Y107.284 E.00571
G1 X105.32 Y104.198 E.07604
G1 X104.93 Y104.198 E.00961
G1 X104.93 Y107.284 E.07604
G1 X104.54 Y107.284 E.00961
G1 X104.54 Y104.198 E.07604
G1 X104.15 Y104.198 E.00961
G1 X104.15 Y107.284 E.07604
G1 X103.76 Y107.284 E.00961
G1 X103.76 Y104.198 E.07604
G1 X103.37 Y104.198 E.00961
G1 X103.37 Y107.284 E.07604
G1 X102.98 Y107.284 E.00961
G1 X102.98 Y104.198 E.07604
G1 X102.59 Y104.198 E.00961
G1 X102.59 Y107.284 E.07604
G1 X102.2 Y107.284 E.00961
G1 X102.2 Y104.025 E.08031
G1 X103.875 Y109.093 F9000
;WIDTH:0.568066
G1 F3600
G1 X103.875 Y114.065 E.1677
G1 X104.335 Y108.633 F9000
;WIDTH:0.419999
G1 F3600
G1 X103.415 Y108.633 E.02241
G1 X103.415 Y114.585 E.14504
G1 X104.486 Y114.585 E.02611
G1 X104.335 Y114.125 E.0118
G1 X104.335 Y108.693 E.13238
G1 X104.72 Y108.248 F9000
G1 F3600
G1 X103.03 Y108.248 E.04121
G1 X103.03 Y114.97 E.16384
G1 X104.97 Y114.97 E.0473
G1 X104.97 Y114.795 E.00427
G1 X104.72 Y114.165 E.01651
G1 X104.72 Y108.308 E.14276
G1 X105.106 Y107.862 F9000
G1 F3600
G1 X102.644 Y107.862 E.06
G1 X102.644 Y115.356 E.18264
G1 X105.356 Y115.356 E.0661
G1 X105.356 Y114.59 E.01867
G1 X105.24 Y114.536 E.00312
G1 X105.106 Y114.125 E.01053
G1 X105.106 Y107.922 E.15118
G1 X105.492 Y107.476 F9000
G1 F3600
G1 X102.258 Y107.476 E.0788
G1 X102.258 Y115.742 E.20144
G1 X105.742 Y115.742 E.0849
G1 X105.742 Y114.358 E.03372
G1 X105.536 Y114.289 E.00528
G1 X105.492 Y114.125 E.00414
G1 X105.492 Y107.536 E.16058
; stop printing object hall_island_coupon.stl id:0 copy 0
M106 S155
;LAYER_CHANGE
;Z:1.2
;HEIGHT:0.16
G92 E0 ; zero the extruded length again
; BEFORE_LAYER_CHANGE 6 @ 1.2mm
G1 E-.7 F2100
;WIPE_START
G1 F3600
G1 X105.492 Y108.536 E-.3
;WIPE_END
; AFTER_LAYER_CHANGE 6 @ 1.2mm
;_SET_FAN_SPEED_CHANGING_LAYER
; printing object hall_island_coupon.stl id:0 copy 0
G1 F9000
G1 X106.019 Y108.559 Z1.22857
G1 X106.331 Y108.985 Z1.25714
G1 X106.191 Y109.495 Z1.28571
G1 X105.706 Y109.703 Z1.31429
G1 X105.241 Y109.454 Z1.34286
G1 X105.145 Y108.935 Z1.37143
G1 X105.492 Y108.536 Z1.4
G1 X107.026 Y107.876 Z1.4
G1 X112.974 Y107.876
G1 X112.974 Y112.824
G1 X112.116 Y112.824
G1 X119.377 Y117.377
G1 X119.79 Y117.79
G1 Z1.2
G1 E1 F2100
;TYPE:Outer wall
;WIDTH:0.42
G1 F1800
G1 X119.16 Y117.79 E.01535
G1 X112.84 Y117.79 E.15403
G1 X112 Y117.79 E.02047
G1 F1320
G1 X111.8 Y117.79 E.00487
M204 P500
;TYPE:Overhang wall
;WIDTH:0.363434
G1 F1500
G1 X108.2 Y117.79 E.07487
M204 P1000
;TYPE:Outer wall
;WIDTH:0.42
G1 F1320
G1 X108 Y117.79 E.00487
M106 S155
G1 F1800
G1 X107.16 Y117.79 E.02047
G1 X100.84 Y117.79 E.15403
G1 X100.21 Y117.79 E.01535
G1 X100.21 Y102.21 E.37971
G1 X119.79 Y102.21 E.4772
G1 X119.79 Y117.73 E.37825
G1 X119.377 Y117.377 F9000
G1 X119.389 Y117.389
M204 P1500
;TYPE:Inner wall
;WIDTH:0.45
G1 F2700
G1 X119.1 Y117.389 E.00759
G1 X112.9 Y117.389 E.16286
G1 X112 Y117.389 E.02364
G1 F1140
G1 X111.8 Y117.389 E.00525
M204 P500
;TYPE:Overhang wall
;WIDTH:0.363434
G1 F1500
G1 X108.2 Y117.389 E.07487
M204 P1500
;TYPE:Inner wall
;WIDTH:0.45
G1 F1140
G1 X108 Y117.389 E.00525
M106 S155
G1 F2700
G1 X107.1 Y117.389 E.02364
G1 X100.9 Y117.389 E.16286
G1 X100.611 Y117.389 E.00759
G1 X100.611 Y102.611 E.38818
G1 X119.389 Y102.611 E.49325
G1 X119.389 Y117.329 E.38661
G1 X118.974 Y116.974 F9000
G1 F2700
G1 X112.9 Y116.974 E.15955
G1 X112 Y116.974 E.02364
G1 F1140
G1 X111.8 Y116.974 E.00525
M204 P500
;TYPE:Overhang wall
;WIDTH:0.363434
G1 F1500
G1 X108.2 Y116.974 E.07487
M204 P1500
;TYPE:Inner wall
;WIDTH:0.45
G1 F1140
G1 X108 Y116.974 E.00525
M106 S155
G1 F2700
G1 X107.1 Y116.974 E.02364
G1 X101.026 Y116.974 E.15955
G1 X101.026 Y103.026 E.36638
G1 X118.974 Y103.026 E.47145
G1 X118.974 Y116.914 E.3648
G1 X118.558 Y116.558 F9000
G1 F2700
G1 X112.9 Y116.558 E.14862
G1 X112 Y116.558 E.02364
G1 F1140
G1 X111.8 Y116.558 E.00525
M204 P500
;TYPE:Overhang wall
;WIDTH:0.363434
G1 F1500
G1 X108.2 Y116.558 E.07487
M204 P1500
;TYPE:Inner wall
;WIDTH:0.45
G1 F1140
G1 X108 Y116.558 E.00525
M106 S155
G1 F2700
G1 X107.1 Y116.558 E.02364
G1 X101.442 Y116.558 E.14862
G1 X101.442 Y103.442 E.34453
G1 X118.558 Y103.442 E.4496
G1 X118.558 Y116.498 E.34295
G1 X118.142 Y116.142 F9000
G1 F2700
G1 X112.9 Y116.142 E.13769
G1 X112 Y116.142 E.02364
G1 F1140
G1 X111.8 Y116.142 E.00525
M204 P500
;TYPE:Overhang wall
;WIDTH:0.363434
G1 F1500
G1 X108.2 Y116.142 E.07487
M204 P1500
;TYPE:Inner wall
;WIDTH:0.45
G1 F1140
G1 X108 Y116.142 E.00525
M106 S155
G1 F2700
G1 X107.1 Y116.142 E.02364
G1 X101.858 Y116.142 E.13769
G1 X101.858 Y103.858 E.32267
G1 X118.142 Y103.858 E.42774
G1 X118.142 Y116.082 E.32109
G1 E-.7 F2100
;WIPE_START
G1 F2700
G1 X117.142 Y116.092 E-.3
;WIPE_END
G1 X113.574 Y114.738 Z1.4 F9000
G1 X108.53 Y112.824 Z1.4
G1 X107.44 Y112.824
G1 X107.44 Y112.41
G1 Z1.2
G1 E1 F2100
M204 P1000
;TYPE:Outer wall
;WIDTH:0.42
G1 F1800
G1 X108 Y112.41 E.01365
G1 F1320
G1 X108.2 Y112.41 E.00487
M204 P500
;TYPE:Overhang wall
;WIDTH:0.363434
G1 F1500
G1 X111.8 Y112.41 E.07487
M204 P1000
;TYPE:Outer wall
;WIDTH:0.42
G1 F1320
G1 X112 Y112.41 E.00487
M106 S155
G1 F1800
G1 X112.56 Y112.41 E.01365
G1 X112.56 Y108.29 E.10041
G1 X107.44 Y108.29 E.12478
G1 X107.44 Y108.692 E.0098
G1 X107.44 Y111.908 E.07838
G1 X107.44 Y112.35 E.01077
G1 X107.026 Y112.35 F9000
G1 X107.026 Y112.41
G1 X107.039 Y112.41
M204 P1500
;TYPE:Inner wall
;WIDTH:0.45
G1 F2700
G1 X107.039 Y112.811 E.01053
G1 X108 Y112.811 E.02524
G1 F1140
G1 X108.2 Y112.811 E.00525
M204 P500
;TYPE:Overhang wall
;WIDTH:0.363434
G1 F1500
G1 X111.8 Y112.811 E.07487
M204 P1500
;TYPE:Inner wall
;WIDTH:0.45
G1 F1140
G1 X112 Y112.811 E.00525
M106 S155
G1 F2700
G1 X112.961 Y112.811 E.02524
G1 X112.961 Y107.889 E.12929
G1 X107.039 Y107.889 E.15556
G1 X107.039 Y112.35 E.11718
G1 X106.624 Y112.41 F9000
G1 F2700
G1 X106.624 Y113.226 E.02143
G1 X108 Y113.226 E.03614
G1 F1140
G1 X108.2 Y113.226 E.00525
M204 P500
;TYPE:Overhang wall
;WIDTH:0.363434
G1 F1500
G1 X111.8 Y113.226 E.07487
M204 P1500
;TYPE:Inner wall
;WIDTH:0.45
G1 F1140
G1 X112 Y113.226 E.00525
M106 S155
G1 F2700
G1 X113.376 Y113.226 E.03614
G1 X113.376 Y107.474 E.15109
G1 X106.624 Y107.474 E.17736
G1 X106.624 Y112.35 E.12808
G1 X106.208 Y112.41 F9000
G1 F2700
G1 X106.208 Y113.642 E.03236
G1 X108 Y113.642 E.04707
G1 F1140
G1 X108.2 Y113.642 E.00525
M204 P500
;TYPE:Overhang wall
;WIDTH:0.363434
G1 F1500
G1 X111.8 Y113.642 E.07487
M204 P1500
;TYPE:Inner wall
;WIDTH:0.45
G1 F1140
G1 X112 Y113.642 E.00525
M106 S155
G1 F2700
G1 X113.792 Y113.642 E.04707
G1 X113.792 Y107.058 E.17295
G1 X106.208 Y107.058 E.19921
G1 X106.208 Y112.35 E.13901
G1 X105.792 Y112.41 F9000
G1 F2700
G1 X105.792 Y114.058 E.04329
G1 X107.1 Y114.058 E.03436
G1 X108 Y114.058 E.02364
G1 F1140
G1 X108.2 Y114.058 E.00525
M204 P500
;TYPE:Overhang wall
;WIDTH:0.363434
G1 F1500
G1 X111.8 Y114.058 E.07487
M204 P1500
;TYPE:Inner wall
;WIDTH:0.45
G1 F1140
G1 X112 Y114.058 E.00525
M106 S155
G1 F2700
G1 X112.9 Y114.058 E.02364
G1 X114.208 Y114.058 E.03436
G1 X114.208 Y106.642 E.1948
G1 X105.792 Y106.642 E.22107
G1 X105.792 Y112.35 E.14994
G1 X105.93 Y115.759 F9000
M204 P500
;TYPE:Bridge
;WIDTH:0.363434
G1 F1500
G1 X113.922 Y115.759 E.1662
G1 X113.922 Y115.43 E.00684
G1 X106.078 Y115.43 E.16312
G1 X106.078 Y115.101 E.00684
G1 X113.922 Y115.101 E.16312
G1 X113.922 Y114.772 E.00684
G1 X106.078 Y114.772 E.16312
G1 X106.078 Y114.443 E.00684
G1 X114.07 Y114.443 E.1662
G1 X115.579 Y115.787 F9000
M204 P1000
;TYPE:Sparse infill
;WIDTH:0.45
G1 F3600
M106 S155
G1 X114.294 Y115.787 E.03375
G1 X114.294 Y114.413 E.03608
G1 X114.413 Y114.413 E.00313
G1 X115.787 Y115.787 E.05103
G1 X117.374 Y115.787 E.04169
G1 X114.563 Y112.976 E.10441
G1 X114.563 Y111.389 E.04169
G1 X117.787 Y114.612 E.11975
G1 X117.787 Y113.025 E.04169
G1 X114.563 Y109.802 E.11975
G1 X114.563 Y108.215 E.04169
G1 X117.787 Y111.438 E.11975
G1 X117.787 Y112.817 E.03623
G1 X117.787 Y104.882 F9000
G1 F3600
G1 X117.787 Y104.213 E.01756
G1 X116.91 Y104.213 E.02302
G1 X117.787 Y105.09 E.03255
G1 X117.787 Y106.677 E.04169
G1 X115.323 Y104.213 E.09151
G1 X113.736 Y104.213 E.04169
G1 X117.787 Y108.264 E.15047
G1 X117.787 Y109.851 E.04169
G1 X114.563 Y106.627 E.11975
G1 X114.563 Y106.287 E.00895
G1 X114.223 Y106.287 E.00895
G1 X112.149 Y104.213 E.07703
G1 X113.528 Y104.213 E.03623
G1 X111.256 Y106.287 F9000
G1 F3600
G1 X112.635 Y106.287 E.03623
G1 X110.562 Y104.213 E.07703
G1 X108.975 Y104.213 E.04169
G1 X111.048 Y106.287 E.07703
G1 X109.461 Y106.287 E.04169
G1 X107.388 Y104.213 E.07703
G1 X105.8 Y104.213 E.04169
G1 X107.874 Y106.287 E.07703
G1 X106.287 Y106.287 E.04169
G1 X104.213 Y104.213 E.07703
G1 X102.626 Y104.213 E.04169
G1 X105.437 Y107.024 E.10441
G1 X105.437 Y108.611 E.04169
G1 X102.213 Y105.388 E.11975
G1 X102.213 Y106.975 E.04169
G1 X105.437 Y110.198 E.11975
G1 X105.437 Y111.785 E.04169
G1 X102.213 Y108.562 E.11975
G1 X102.213 Y110.149 E.04169
G1 X105.437 Y113.373 E.11975
G1 X105.437 Y114.413 E.02733
G1 X105.706 Y114.413 E.00707
G1 X105.706 Y115.229 E.02142
G1 X102.213 Y111.736 E.12974
G1 X102.213 Y113.323 E.04169
G1 X104.677 Y115.787 E.09151
G1 X103.09 Y115.787 E.04169
G1 X102.213 Y114.91 E.03255
G1 X102.213 Y115.787 E.02302
G1 X102.882 Y115.787 E.01756
; stop printing object hall_island_coupon.stl id:0 copy 0
M106 S163
;LAYER_CHANGE
;Z:1.36
;HEIGHT:0.16
G92 E0 ; zero the extruded length again
; BEFORE_LAYER_CHANGE 7 @ 1.36mm
G1 E-.7 F2100
;WIPE_START
G1 F3600
G1 X102.213 Y115.787 E-.20054
G1 X102.213 Y115.455 E-.09946
;WIPE_END
; AFTER_LAYER_CHANGE 7 @ 1.36mm
;_SET_FAN_SPEED_CHANGING_LAYER
; printing object hall_island_coupon.stl id:0 copy 0
G1 F9000
G1 X102.655 Y115.745 Z1.38857
G1 X102.703 Y116.271 Z1.41714
G1 X102.323 Y116.637 Z1.44571
G1 X101.799 Y116.567 Z1.47429
G1 X101.527 Y116.115 Z1.50286
G1 X101.711 Y115.62 Z1.53143
G1 X102.213 Y115.455 Z1.56
G1 X116.677 Y117.376 Z1.56
G1 X119.377 Y117.377
G1 X119.79 Y117.79
G1 Z1.36
G1 E1 F2100
;TYPE:Outer wall
;WIDTH:0.42
G1 F1800
G1 X100.21 Y117.79 E.4772
G1 X100.21 Y102.21 E.37971
G1 X119.79 Y102.21 E.4772
G1 X119.79 Y117.73 E.37825
G1 X119.377 Y117.377 F9000
G1 X119.389 Y117.389
M204 P1500
;TYPE:Inner wall
;WIDTH:0.45
G1 F2700
G1 X100.611 Y117.389 E.49327
G1 X100.611 Y102.611 E.3882
G1 X119.389 Y102.611 E.49327
G1 X119.389 Y117.329 E.38662
G1 X118.974 Y116.974 F9000
G1 F2700
G1 X101.026 Y116.974 E.47143
G1 X101.026 Y103.026 E.36636
G1 X118.974 Y103.026 E.47143
G1 X118.974 Y116.914 E.36479
G1 X118.558 Y116.558 F9000
G1 F2700
G1 X101.442 Y116.558 E.4496
G1 X101.442 Y103.442 E.34453
G1 X118.558 Y103.442 E.4496
G1 X118.558 Y116.498 E.34295
G1 X118.142 Y116.142 F9000
G1 F2700
G1 X101.858 Y116.142 E.42776
G1 X101.858 Y103.858 E.32269
G1 X118.142 Y103.858 E.42776
G1 X118.142 Y116.082 E.32111
G1 E-.7 F2100
;WIPE_START
G1 F2700
G1 X117.142 Y116.086 E-.3
;WIPE_END
G1 X113.574 Y114.734 Z1.56 F9000
G1 X108.531 Y112.824 Z1.56
G1 X107.44 Y112.824
G1 X107.44 Y112.41
G1 Z1.36
G1 E1 F2100
M204 P1000
;TYPE:Outer wall
;WIDTH:0.42
G1 F1800
G1 X112.56 Y112.41 E.12478
G1 X112.56 Y108.29 E.10041
G1 X107.44 Y108.29 E.12478
G1 X107.44 Y112.35 E.09895
G1 X107.026 Y112.35 F9000
G1 X107.026 Y112.824
G1 X107.039 Y112.824
G1 X107.039 Y112.811
M204 P1500
;TYPE:Inner wall
;WIDTH:0.45
G1 F2700
G1 X112.961 Y112.811 E.15554
G1 X112.961 Y107.889 E.12927
G1 X107.039 Y107.889 E.15554
G1 X107.039 Y112.751 E.1277
G1 X106.624 Y113.226 F9000
G1 F2700
G1 X113.376 Y113.226 E.17738
G1 X113.376 Y107.474 E.15111
G1 X106.624 Y107.474 E.17738
G1 X106.624 Y113.166 E.14953
G1 X106.208 Y113.642 F9000
G1 F2700
G1 X113.792 Y113.642 E.19921
G1 X113.792 Y107.058 E.17295
G1 X106.208 Y107.058 E.19921
G1 X106.208 Y113.582 E.17137
G1 X105.792 Y114.058 F9000
G1 F2700
G1 X114.208 Y114.058 E.22105
G1 X114.208 Y106.642 E.19478
G1 X105.792 Y106.642 E.22105
G1 X105.792 Y113.998 E.19321
G1 X106.108 Y114.225 F9000
M204 P1000
;TYPE:Internal solid infill
;WIDTH:0.423514
G1 F3600
G1 X106.108 Y115.802 E.03879
G1 X106.497 Y115.802 E.00957
G1 X106.497 Y114.398 E.03452
G1 X106.887 Y114.398 E.00957
G1 X106.887 Y115.802 E.03452
G1 X107.276 Y115.802 E.00957
G1 X107.276 Y114.398 E.03452
G1 X107.665 Y114.398 E.00957
G1 X107.665 Y115.802 E.03452
G1 X108.054 Y115.802 E.00957
G1 X108.054 Y114.398 E.03452
G1 X108.443 Y114.398 E.00957
G1 X108.443 Y115.802 E.03452
G1 X108.832 Y115.802 E.00957
G1 X108.832 Y114.398 E.03452
G1 X109.222 Y114.398 E.00957
G1 X109.222 Y115.802 E.03452
G1 X109.611 Y115.802 E.00957
G1 X109.611 Y114.398 E.03452
G1 X110 Y114.398 E.00957
G1 X110 Y115.802 E.03452
G1 X110.389 Y115.802 E.00957
G1 X110.389 Y114.398 E.03452
G1 X110.778 Y114.398 E.00957
G1 X110.778 Y115.802 E.03452
G1 X111.167 Y115.802 E.00957
G1 X111.167 Y114.398 E.03452
G1 X111.557 Y114.398 E.00957
G1 X111.557 Y115.802 E.03452
G1 X111.946 Y115.802 E.00957
G1 X111.946 Y114.398 E.03452
G1 X112.335 Y114.398 E.00957
G1 X112.335 Y115.802 E.03452
G1 X112.724 Y115.802 E.00957
G1 X112.724 Y114.398 E.03452
G1 X113.113 Y114.398 E.00957
G1 X113.113 Y115.802 E.03452
G1 X113.503 Y115.802 E.00957
G1 X113.503 Y114.398 E.03452
G1 X113.892 Y114.398 E.00957
G1 X113.892 Y115.975 E.03879
G1 X115.579 Y115.787 F9000
;TYPE:Sparse infill
;WIDTH:0.45
G1 F3600
G1 X114.294 Y115.787 E.03375
G1 X114.294 Y114.413 E.03608
G1 X114.413 Y114.413 E.00313
G1 X115.787 Y115.787 E.05103
G1 X117.374 Y115.787 E.04169
G1 X114.563 Y112.976 E.10441
G1 X114.563 Y111.389 E.04169
G1 X117.787 Y114.612 E.11975
G1 X117.787 Y113.025 E.04169
G1 X114.563 Y109.802 E.11975
G1 X114.563 Y108.215 E.04169
G1 X117.787 Y111.438 E.11975
G1 X117.787 Y112.817 E.03623
G1 X117.787 Y104.882 F9000
G1 F3600
G1 X117.787 Y104.213 E.01756
G1 X116.91 Y104.213 E.02302
G1 X117.787 Y105.09 E.03255
G1 X117.787 Y106.677 E.04169
G1 X115.323 Y104.213 E.09151
G1 X113.736 Y104.213 E.04169
G1 X117.787 Y108.264 E.15047
G1 X117.787 Y109.851 E.04169
G1 X114.563 Y106.627 E.11975
G1 X114.563 Y106.287 E.00895
G1 X114.223 Y106.287 E.00895
G1 X112.149 Y104.213 E.07703
G1 X113.528 Y104.213 E.03623
G1 X111.256 Y106.287 F9000
G1 F3600
G1 X112.635 Y106.287 E.03623
G1 X110.562 Y104.213 E.07703
G1 X108.975 Y104.213 E.04169
G1 X111.048 Y106.287 E.07703
G1 X109.461 Y106.287 E.04169
G1 X107.388 Y104.213 E.07703
G1 X105.8 Y104.213 E.04169
G1 X107.874 Y106.287 E.07703
G1 X106.287 Y106.287 E.04169
G1 X104.213 Y104.213 E.07703
G1 X102.626 Y104.213 E.04169
G1 X105.437 Y107.024 E.10441
G1 X105.437 Y108.611 E.04169
G1 X102.213 Y105.388 E.11975
G1 X102.213 Y106.975 E.04169
G1 X105.437 Y110.198 E.11975
G1 X105.437 Y111.785 E.04169
G1 X102.213 Y108.562 E.11975
G1 X102.213 Y110.149 E.04169
G1 X105.437 Y113.373 E.11975
G1 X105.437 Y114.413 E.02733
G1 X105.706 Y114.413 E.00707
G1 X105.706 Y115.229 E.02142
G1 X102.213 Y111.736 E.12974
G1 X102.213 Y113.323 E.04169
G1 X104.677 Y115.787 E.09151
G1 X103.09 Y115.787 E.04169
G1 X102.213 Y114.91 E.03255
G1 X102.213 Y115.787 E.02302
G1 X102.882 Y115.787 E.01756
; stop printing object hall_island_coupon.stl id:0 copy 0
;LAYER_CHANGE
;Z:1.52
;HEIGHT:0.16
G92 E0 ; zero the extruded length again
; BEFORE_LAYER_CHANGE 8 @ 1.52mm
G1 E-.7 F2100
;WIPE_START
G1 F3600
G1 X102.213 Y115.787 E-.20054
G1 X102.213 Y115.455 E-.09946
;WIPE_END
; AFTER_LAYER_CHANGE 8 @ 1.52mm
;_SET_FAN_SPEED_CHANGING_LAYER
; printing object hall_island_coupon.stl id:0 copy 0
G1 F9000
G1 X102.655 Y115.745 Z1.54857
G1 X102.703 Y116.271 Z1.57714
G1 X102.323 Y116.637 Z1.60571
G1 X101.799 Y116.567 Z1.63429
G1 X101.527 Y116.115 Z1.66286
G1 X101.711 Y115.62 Z1.69143
G1 X102.213 Y115.455 Z1.72
G1 X116.677 Y117.376 Z1.72
G1 X119.377 Y117.377
G1 X119.79 Y117.79
G1 Z1.52
G1 E1 F2100
;TYPE:Outer wall
;WIDTH:0.42
G1 F1800
G1 X100.21 Y117.79 E.4772
G1 X100.21 Y102.21 E.37971
G1 X119.79 Y102.21 E.4772
G1 X119.79 Y117.73 E.37825
G1 X119.377 Y117.377 F9000
G1 X119.389 Y117.389
M204 P1500
;TYPE:Inner wall
;WIDTH:0.45
G1 F2700
G1 X100.611 Y117.389 E.49327
G1 X100.611 Y102.611 E.3882
G1 X119.389 Y102.611 E.49327
G1 X119.389 Y117.329 E.38662
G1 X118.974 Y116.974 F9000
G1 F2700
G1 X101.026 Y116.974 E.47143
G1 X101.026 Y103.026 E.36636
G1 X118.974 Y103.026 E.47143
G1 X118.974 Y116.914 E.36479
G1 X118.558 Y116.558 F9000
G1 F2700
G1 X101.442 Y116.558 E.4496
G1 X101.442 Y103.442 E.34453
G1 X118.558 Y103.442 E.4496
G1 X118.558 Y116.498 E.34295
G1 X118.142 Y116.142 F9000
G1 F2700
G1 X101.858 Y116.142 E.42776
G1 X101.858 Y103.858 E.32269
G1 X118.142 Y103.858 E.42776
G1 X118.142 Y116.082 E.32111
G1 E-.7 F2100
;WIPE_START
G1 F2700
G1 X117.142 Y116.086 E-.3
;WIPE_END
G1 X113.574 Y114.734 Z1.72 F9000
G1 X108.531 Y112.824 Z1.72
G1 X107.44 Y112.824
G1 X107.44 Y112.41
G1 Z1.52
G1 E1 F2100
M204 P1000
;TYPE:Outer wall
;WIDTH:0.42
G1 F1800
G1 X112.56 Y112.41 E.12478
G1 X112.56 Y108.29 E.10041
G1 X107.44 Y108.29 E.12478
G1 X107.44 Y112.35 E.09895
G1 X107.026 Y112.35 F9000
G1 X107.026 Y112.824
G1 X107.039 Y112.824
G1 X107.039 Y112.811
M204 P1500
;TYPE:Inner wall
;WIDTH:0.45
G1 F2700
G1 X112.961 Y112.811 E.15554
G1 X112.961 Y107.889 E.12927
G1 X107.039 Y107.889 E.15554
G1 X107.039 Y112.751 E.1277
G1 X106.624 Y113.226 F9000
G1 F2700
G1 X113.376 Y113.226 E.17738
G1 X113.376 Y107.474 E.15111
G1 X106.624 Y107.474 E.17738
G1 X106.624 Y113.166 E.14953
G1 X106.208 Y113.642 F9000
G1 F2700
G1 X113.792 Y113.642 E.19921
G1 X113.792 Y107.058 E.17295
G1 X106.208 Y107.058 E.19921
G1 X106.208 Y113.582 E.17137
G1 X105.792 Y114.058 F9000
G1 F2700
G1 X114.208 Y114.058 E.22105
G1 X114.208 Y106.642 E.19478
G1 X105.792 Y106.642 E.22105
G1 X105.792 Y113.998 E.19321
G1 X102.882 Y115.787 F9000
M204 P1000
;TYPE:Sparse infill
G1 F3600
G1 X102.213 Y115.787 E.01756
G1 X102.213 Y114.91 E.02302
G1 X103.09 Y115.787 E.03255
G1 X104.677 Y115.787 E.04169
G1 X102.213 Y113.323 E.09151
G1 X102.213 Y111.736 E.04169
G1 X105.706 Y115.229 E.12974
G1 X105.706 Y114.413 E.02142
G1 X105.437 Y114.413 E.00707
G1 X105.437 Y113.373 E.02733
G1 X102.213 Y110.149 E.11975
G1 X102.213 Y108.562 E.04169
G1 X105.437 Y111.785 E.11975
G1 X105.437 Y110.198 E.04169
G1 X102.213 Y106.975 E.11975
G1 X102.213 Y105.388 E.04169
G1 X105.437 Y108.611 E.11975
G1 X105.437 Y107.024 E.04169
G1 X102.626 Y104.213 E.10441
G1 X104.213 Y104.213 E.04169
G1 X106.287 Y106.287 E.07703
G1 X107.874 Y106.287 E.04169
G1 X105.8 Y104.213 E.07703
G1 X107.388 Y104.213 E.04169
G1 X109.461 Y106.287 E.07703
G1 X111.048 Y106.287 E.04169
G1 X108.975 Y104.213 E.07703
G1 X110.562 Y104.213 E.04169
G1 X112.635 Y106.287 E.07703
G1 X111.256 Y106.287 E.03623
G1 X113.528 Y104.213 F9000
G1 F3600
G1 X112.149 Y104.213 E.03623
G1 X114.223 Y106.287 E.07703
G1 X114.563 Y106.287 E.00895
G1 X114.563 Y106.627 E.00895
G1 X117.787 Y109.851 E.11975
G1 X117.787 Y108.264 E.04169
G1 X113.736 Y104.213 E.15047
G1 X115.323 Y104.213 E.04169
G1 X117.787 Y106.677 E.09151
G1 X117.787 Y105.09 E.04169
G1 X116.91 Y104.213 E.03255
G1 X117.787 Y104.213 E.02302
G1 X117.787 Y104.882 E.01756
G1 X117.787 Y112.817 F9000
G1 F3600
G1 X117.787 Y111.438 E.03623
G1 X114.563 Y108.215 E.11975
G1 X114.563 Y109.802 E.04169
G1 X117.787 Y113.025 E.11975
G1 X117.787 Y114.612 E.04169
G1 X114.563 Y111.389 E.11975
G1 X114.563 Y112.976 E.04169
G1 X117.374 Y115.787 E.10441
G1 X115.787 Y115.787 E.04169
G1 X114.413 Y114.413 E.05103
G1 X114.294 Y114.413 E.00313
G1 X114.294 Y115.787 E.03608
G1 X115.579 Y115.787 E.03375
G1 X114.067 Y115.771 F9000
;TYPE:Internal solid infill
;WIDTH:0.481643
G1 F3600
G1 X106.106 Y115.771 E.22503
G1 X106.106 Y115.324 E.01264
G1 X113.894 Y115.324 E.22012
G1 X113.894 Y114.876 E.01264
G1 X106.106 Y114.876 E.22012
G1 X106.106 Y114.429 E.01264
G1 X114.067 Y114.429 E.22503
; stop printing object hall_island_coupon.stl id:0 copy 0
;LAYER_CHANGE
;Z:1.68
;HEIGHT:0.16
G92 E0 ; zero the extruded length again
; BEFORE_LAYER_CHANGE 9 @ 1.68mm
G1 E-.7 F2100
;WIPE_START
G1 F3600
G1 X113.067 Y114.429 E-.3
;WIPE_END
; AFTER_LAYER_CHANGE 9 @ 1.68mm
;_SET_FAN_SPEED_CHANGING_LAYER
; printing object hall_island_coupon.stl id:0 copy 0
G1 F9000
G1 X113.39 Y114.847 Z1.70857
G1 X113.265 Y115.36 Z1.73714
G1 X112.786 Y115.582 Z1.76571
G1 X112.314 Y115.346 Z1.79429
G1 X112.204 Y114.829 Z1.82286
G1 X112.539 Y114.421 Z1.85143
G1 X113.067 Y114.429 Z1.88
G1 X118.963 Y117.376 Z1.88
G1 X119.377 Y117.377
G1 X119.79 Y117.79
G1 Z1.68
G1 E1 F2100
;TYPE:Outer wall
;WIDTH:0.42
G1 F1800
G1 X100.21 Y117.79 E.4772
G1 X100.21 Y102.21 E.37971
G1 X119.79 Y102.21 E.4772
G1 X119.79 Y117.73 E.37825
G1 X119.377 Y117.377 F9000
G1 X119.389 Y117.389
M204 P1500
;TYPE:Inner wall
;WIDTH:0.45
G1 F2700
G1 X100.611 Y117.389 E.49327
G1 X100.611 Y102.611 E.3882
G1 X119.389 Y102.611 E.49327
G1 X119.389 Y117.329 E.38662
G1 X118.974 Y116.974 F9000
G1 F2700
G1 X101.026 Y116.974 E.47143
G1 X101.026 Y103.026 E.36636
G1 X118.974 Y103.026 E.47143
G1 X118.974 Y116.914 E.36479
G1 X118.558 Y116.558 F9000
G1 F2700
G1 X101.442 Y116.558 E.4496
G1 X101.442 Y103.442 E.34453
G1 X118.558 Y103.442 E.4496
G1 X118.558 Y116.498 E.34295
G1 X118.142 Y116.142 F9000
G1 F2700
G1 X101.858 Y116.142 E.42776
G1 X101.858 Y103.858 E.32269
G1 X118.142 Y103.858 E.42776
G1 X118.142 Y116.082 E.32111
G1 E-.7 F2100
;WIPE_START
G1 F2700
G1 X117.142 Y116.086 E-.3
;WIPE_END
G1 X113.574 Y114.734 Z1.88 F9000
G1 X108.531 Y112.824 Z1.88
G1 X107.44 Y112.824
G1 X107.44 Y112.41
G1 Z1.68
G1 E1 F2100
M204 P1000
;TYPE:Outer wall
;WIDTH:0.42
G1 F1800
G1 X112.56 Y112.41 E.12478
G1 X112.56 Y108.29 E.10041
G1 X107.44 Y108.29 E.12478
G1 X107.44 Y112.35 E.09895
G1 X107.026 Y112.35 F9000
G1 X107.026 Y112.824
G1 X107.039 Y112.824
G1 X107.039 Y112.811
M204 P1500
;TYPE:Inner wall
;WIDTH:0.45
G1 F2700
G1 X112.961 Y112.811 E.15554
G1 X112.961 Y107.889 E.12927
G1 X107.039 Y107.889 E.15554
G1 X107.039 Y112.751 E.1277
G1 X106.624 Y113.226 F9000
G1 F2700
G1 X113.376 Y113.226 E.17738
G1 X113.376 Y107.474 E.15111
G1 X106.624 Y107.474 E.17738
G1 X106.624 Y113.166 E.14953
G1 X106.208 Y113.642 F9000
G1 F2700
G1 X113.792 Y113.642 E.19921
G1 X113.792 Y107.058 E.17295
G1 X106.208 Y107.058 E.19921
G1 X106.208 Y113.582 E.17137
G1 X105.792 Y114.058 F9000
G1 F2700
G1 X114.208 Y114.058 E.22105
G1 X114.208 Y106.642 E.19478
G1 X105.792 Y106.642 E.22105
G1 X105.792 Y113.998 E.19321
G1 X106.108 Y114.225 F9000
M204 P1000
;TYPE:Internal solid infill
;WIDTH:0.423514
G1 F3600
G1 X106.108 Y115.802 E.03879
G1 X106.497 Y115.802 E.00957
G1 X106.497 Y114.398 E.03452
G1 X106.887 Y114.398 E.00957
G1 X106.887 Y115.802 E.03452
G1 X107.276 Y115.802 E.00957
G1 X107.276 Y114.398 E.03452
G1 X107.665 Y114.398 E.00957
G1 X107.665 Y115.802 E.03452
G1 X108.054 Y115.802 E.00957
G1 X108.054 Y114.398 E.03452
G1 X108.443 Y114.398 E.00957
G1 X108.443 Y115.802 E.03452
G1 X108.832 Y115.802 E.00957
G1 X108.832 Y114.398 E.03452
G1 X109.222 Y114.398 E.00957
G1 X109.222 Y115.802 E.03452
G1 X109.611 Y115.802 E.00957
G1 X109.611 Y114.398 E.03452
G1 X110 Y114.398 E.00957
G1 X110 Y115.802 E.03452
G1 X110.389 Y115.802 E.00957
G1 X110.389 Y114.398 E.03452
G1 X110.778 Y114.398 E.00957
G1 X110.778 Y115.802 E.03452
G1 X111.167 Y115.802 E.00957
G1 X111.167 Y114.398 E.03452
G1 X111.557 Y114.398 E.00957
G1 X111.557 Y115.802 E.03452
G1 X111.946 Y115.802 E.00957
G1 X111.946 Y114.398 E.03452
G1 X112.335 Y114.398 E.00957
G1 X112.335 Y115.802 E.03452
G1 X112.724 Y115.802 E.00957
G1 X112.724 Y114.398 E.03452
G1 X113.113 Y114.398 E.00957
G1 X113.113 Y115.802 E.03452
G1 X113.503 Y115.802 E.00957
G1 X113.503 Y114.398 E.03452
G1 X113.892 Y114.398 E.00957
G1 X113.892 Y115.975 E.03879
G1 X115.579 Y115.787 F9000
;TYPE:Sparse infill
;WIDTH:0.45
G1 F3600
G1 X114.294 Y115.787 E.03375
G1 X114.294 Y114.413 E.03608
G1 X114.413 Y114.413 E.00313
G1 X115.787 Y115.787 E.05103
G1 X117.374 Y115.787 E.04169
G1 X114.563 Y112.976 E.10441
G1 X114.563 Y111.389 E.04169
G1 X117.787 Y114.612 E.11975
G1 X117.787 Y113.025 E.04169
G1 X114.563 Y109.802 E.11975
G1 X114.563 Y108.215 E.04169
G1 X117.787 Y111.438 E.11975
G1 X117.787 Y112.817 E.03623
G1 X117.787 Y104.882 F9000
G1 F3600
G1 X117.787 Y104.213 E.01756
G1 X116.91 Y104.213 E.02302
G1 X117.787 Y105.09 E.03255
G1 X117.787 Y106.677 E.04169
G1 X115.323 Y104.213 E.09151
G1 X113.736 Y104.213 E.04169
G1 X117.787 Y108.264 E.15047
G1 X117.787 Y109.851 E.04169
G1 X114.563 Y106.627 E.11975
G1 X114.563 Y106.287 E.00895
G1 X114.223 Y106.287 E.00895
G1 X112.149 Y104.213 E.07703
G1 X113.528 Y104.213 E.03623
G1 X111.256 Y106.287 F9000
G1 F3600
G1 X112.635 Y106.287 E.03623
G1 X110.562 Y104.213 E.07703
G1 X108.975 Y104.213 E.04169
G1 X111.048 Y106.287 E.07703
G1 X109.461 Y106.287 E.04169
G1 X107.388 Y104.213 E.07703
G1 X105.8 Y104.213 E.04169
G1 X107.874 Y106.287 E.07703
G1 X106.287 Y106.287 E.04169
G1 X104.213 Y104.213 E.07703
G1 X102.626 Y104.213 E.04169
G1 X105.437 Y107.024 E.10441
G1 X105.437 Y108.611 E.04169
G1 X102.213 Y105.388 E.11975
G1 X102.213 Y106.975 E.04169
G1 X105.437 Y110.198 E.11975
G1 X105.437 Y111.785 E.04169
G1 X102.213 Y108.562 E.11975
G1 X102.213 Y110.149 E.04169
G1 X105.437 Y113.373 E.11975
G1 X105.437 Y114.413 E.02733
G1 X105.706 Y114.413 E.00707
G1 X105.706 Y115.229 E.02142
G1 X102.213 Y111.736 E.12974
G1 X102.213 Y113.323 E.04169
G1 X104.677 Y115.787 E.09151
G1 X103.09 Y115.787 E.04169
G1 X102.213 Y114.91 E.03255
G1 X102.213 Y115.787 E.02302
G1 X102.882 Y115.787 E.01756
; stop printing object hall_island_coupon.stl id:0 copy 0
M106 S160
;LAYER_CHANGE
;Z:1.84
;HEIGHT:0.16
G92 E0 ; zero the extruded length again
; BEFORE_LAYER_CHANGE 10 @ 1.84mm
G1 E-.7 F2100
;WIPE_START
G1 F3600
G1 X102.213 Y115.787 E-.20054
G1 X102.213 Y115.455 E-.09946
;WIPE_END
; AFTER_LAYER_CHANGE 10 @ 1.84mm
;_SET_FAN_SPEED_CHANGING_LAYER
; printing object hall_island_coupon.stl id:0 copy 0
G1 F9000
G1 X102.655 Y115.745 Z1.86857
G1 X102.703 Y116.271 Z1.89714
G1 X102.323 Y116.637 Z1.92571
G1 X101.799 Y116.567 Z1.95429
G1 X101.527 Y116.115 Z1.98286
G1 X101.711 Y115.62 Z2.01143
G1 X102.213 Y115.455 Z2.04
G1 X116.677 Y117.376 Z2.04
G1 X119.377 Y117.377
G1 X119.79 Y117.79
G1 Z1.84
G1 E1 F2100
;TYPE:Outer wall
;WIDTH:0.42
G1 F1800
G1 X100.21 Y117.79 E.4772
G1 X100.21 Y102.21 E.37971
G1 X119.79 Y102.21 E.4772
G1 X119.79 Y117.73 E.37825
G1 X119.377 Y117.377 F9000
G1 X119.389 Y117.389
M204 P1500
;TYPE:Inner wall
;WIDTH:0.45
G1 F2700
G1 X100.611 Y117.389 E.49327
G1 X100.611 Y102.611 E.3882
G1 X119.389 Y102.611 E.49327
G1 X119.389 Y117.329 E.38662
G1 X118.974 Y116.974 F9000
G1 F2700
G1 X101.026 Y116.974 E.47143
G1 X101.026 Y103.026 E.36636
G1 X118.974 Y103.026 E.47143
G1 X118.974 Y116.914 E.36479
G1 X118.558 Y116.558 F9000
G1 F2700
G1 X101.442 Y116.558 E.4496
G1 X101.442 Y103.442 E.34453
G1 X118.558 Y103.442 E.4496
G1 X118.558 Y116.498 E.34295
G1 X118.142 Y116.142 F9000
G1 F2700
G1 X101.858 Y116.142 E.42776
G1 X101.858 Y103.858 E.32269
G1 X118.142 Y103.858 E.42776
G1 X118.142 Y116.082 E.32111
G1 E-.7 F2100
;WIPE_START
G1 F2700
G1 X117.142 Y116.086 E-.3
;WIPE_END
G1 X113.574 Y114.734 Z2.04 F9000
G1 X108.531 Y112.824 Z2.04
G1 X107.44 Y112.824
G1 X107.44 Y112.41
G1 Z1.84
G1 E1 F2100
M204 P1000
;TYPE:Outer wall
;WIDTH:0.42
G1 F1800
G1 X112.56 Y112.41 E.12478
G1 X112.56 Y108.29 E.10041
G1 X107.44 Y108.29 E.12478
G1 X107.44 Y112.35 E.09895
G1 X107.026 Y112.35 F9000
G1 X107.026 Y112.824
G1 X107.039 Y112.824
G1 X107.039 Y112.811
M204 P1500
;TYPE:Inner wall
;WIDTH:0.45
G1 F2700
G1 X112.961 Y112.811 E.15554
G1 X112.961 Y107.889 E.12927
G1 X107.039 Y107.889 E.15554
G1 X107.039 Y112.751 E.1277
G1 X106.624 Y113.226 F9000
G1 F2700
G1 X113.376 Y113.226 E.17738
G1 X113.376 Y107.474 E.15111
G1 X106.624 Y107.474 E.17738
G1 X106.624 Y113.166 E.14953
G1 X106.208 Y113.642 F9000
G1 F2700
G1 X113.792 Y113.642 E.19921
G1 X113.792 Y107.058 E.17295
G1 X106.208 Y107.058 E.19921
G1 X106.208 Y113.582 E.17137
G1 X105.792 Y114.058 F9000
G1 F2700
G1 X114.208 Y114.058 E.22105
G1 X114.208 Y106.642 E.19478
G1 X105.792 Y106.642 E.22105
G1 X105.792 Y113.998 E.19321
G1 X105.437 Y114.133 F9000
M204 P1000
;TYPE:Sparse infill
G1 F3600
G1 X105.437 Y113.729 E.01063
G1 X105.279 Y113.571 E.00585
G1 X105.198 Y112.778 E.02095
G1 X104.842 Y112.421 E.01323
G1 X104.048 Y112.34 E.02095
G1 X103.692 Y111.984 E.01323
G1 X103.611 Y111.19 E.02095
G1 X103.255 Y110.834 E.01323
G1 X102.461 Y110.753 E.02095
G1 X102.213 Y110.505 E.0092
G1 X102.213 Y112.092 E.04169
G1 X102.461 Y112.34 E.0092
G1 X103.255 Y112.421 E.02095
G1 X103.611 Y112.778 E.01323
G1 X103.692 Y113.571 E.02095
G1 X104.048 Y113.927 E.01323
G1 X104.842 Y114.009 E.02095
G1 X105.198 Y114.365 E.01323
G1 X105.279 Y115.158 E.02095
G1 X105.635 Y115.514 E.01323
G1 X105.706 Y115.522 E.00186
G1 X105.706 Y115.787 E.00697
G1 X105.033 Y115.787 E.01768
G1 X104.842 Y115.596 E.0071
G1 X104.048 Y115.514 E.02095
G1 X103.692 Y115.158 E.01323
G1 X103.611 Y114.365 E.02095
G1 X103.255 Y114.009 E.01323
G1 X102.461 Y113.927 E.02095
G1 X102.213 Y113.679 E.0092
G1 X102.213 Y115.267 E.04169
G1 X102.461 Y115.514 E.0092
G1 X103.255 Y115.596 E.02095
G1 X103.446 Y115.787 E.0071
G1 X103.857 Y115.787 E.01082
G1 X105.437 Y112.546 F9000
G1 F3600
G1 X105.437 Y112.142 E.01063
G1 X105.279 Y111.984 E.00585
G1 X105.198 Y111.19 E.02095
G1 X104.842 Y110.834 E.01323
G1 X104.048 Y110.753 E.02095
G1 X103.692 Y110.397 E.01323
G1 X103.611 Y109.603 E.02095
G1 X103.255 Y109.247 E.01323
G1 X102.461 Y109.166 E.02095
G1 X102.213 Y108.918 E.0092
G1 X102.213 Y107.331 E.04169
G1 X102.461 Y107.579 E.0092
G1 X103.255 Y107.66 E.02095
G1 X103.611 Y108.016 E.01323
G1 X103.692 Y108.81 E.02095
G1 X104.048 Y109.166 E.01323
G1 X104.842 Y109.247 E.02095
G1 X105.198 Y109.603 E.01323
G1 X105.279 Y110.397 E.02095
G1 X105.437 Y110.554 E.00585
G1 X105.437 Y110.959 E.01063
G1 X105.437 Y109.372 F9000
G1 F3600
G1 X105.437 Y108.967 E.01063
G1 X105.279 Y108.81 E.00585
G1 X105.198 Y108.016 E.02095
G1 X104.842 Y107.66 E.01323
G1 X104.048 Y107.579 E.02095
G1 X103.692 Y107.222 E.01323
G1 X103.611 Y106.429 E.02095
G1 X103.255 Y106.073 E.01323
G1 X102.461 Y105.991 E.02095
G1 X102.213 Y105.744 E.0092
G1 X102.213 Y104.213 E.0402
G1 X102.27 Y104.213 E.00149
G1 X102.461 Y104.404 E.0071
G1 X103.255 Y104.486 E.02095
G1 X103.611 Y104.842 E.01323
G1 X103.692 Y105.635 E.02095
G1 X104.048 Y105.991 E.01323
G1 X104.842 Y106.073 E.02095
G1 X105.198 Y106.429 E.01323
G1 X105.279 Y107.222 E.02095
G1 X105.437 Y107.38 E.00585
G1 X105.437 Y107.785 E.01063
G1 X107.07 Y106.287 F9000
G1 F3600
G1 X106.643 Y106.287 E.01121
G1 X106.429 Y106.073 E.00795
G1 X105.635 Y105.991 E.02095
G1 X105.279 Y105.635 E.01323
G1 X105.198 Y104.842 E.02095
G1 X104.842 Y104.486 E.01323
G1 X104.048 Y104.404 E.02095
G1 X103.857 Y104.213 E.0071
G1 X103.445 Y104.213 E.01082
G1 X105.032 Y104.213 F9000
G1 F3600
G1 X105.444 Y104.213 E.01082
G1 X105.635 Y104.404 E.0071
G1 X106.429 Y104.486 E.02095
G1 X106.785 Y104.842 E.01323
G1 X106.866 Y105.635 E.02095
G1 X107.222 Y105.991 E.01323
G1 X108.016 Y106.073 E.02095
G1 X108.23 Y106.287 E.00795
G1 X108.657 Y106.287 E.01121
G1 X110.244 Y106.287 F9000
G1 F3600
G1 X109.817 Y106.287 E.01121
G1 X109.603 Y106.073 E.00795
G1 X108.81 Y105.991 E.02095
G1 X108.454 Y105.635 E.01323
G1 X108.372 Y104.842 E.02095
G1 X108.016 Y104.486 E.01323
G1 X107.222 Y104.404 E.02095
G1 X107.031 Y104.213 E.0071
G1 X106.62 Y104.213 E.01082
G1 X108.207 Y104.213 F9000
G1 F3600
G1 X108.619 Y104.213 E.01082
G1 X108.81 Y104.404 E.0071
G1 X109.603 Y104.486 E.02095
G1 X109.959 Y104.842 E.01323
G1 X110.041 Y105.635 E.02095
G1 X110.397 Y105.991 E.01323
G1 X111.19 Y106.073 E.02095
G1 X111.404 Y106.287 E.00795
G1 X111.831 Y106.287 E.01121
G1 X113.418 Y106.287 F9000
G1 F3600
G1 X112.992 Y106.287 E.01121
G1 X112.778 Y106.073 E.00795
G1 X111.984 Y105.991 E.02095
G1 X111.628 Y105.635 E.01323
G1 X111.546 Y104.842 E.02095
G1 X111.19 Y104.486 E.01323
G1 X110.397 Y104.404 E.02095
G1 X110.206 Y104.213 E.0071
G1 X109.794 Y104.213 E.01082
G1 X111.381 Y104.213 F9000
G1 F3600
G1 X111.793 Y104.213 E.01082
G1 X111.984 Y104.404 E.0071
G1 X112.778 Y104.486 E.02095
G1 X113.134 Y104.842 E.01323
G1 X113.215 Y105.635 E.02095
G1 X113.571 Y105.991 E.01323
G1 X114.365 Y106.073 E.02095
G1 X114.721 Y106.429 E.01323
G1 X114.802 Y107.222 E.02095
G1 X115.158 Y107.579 E.01323
G1 X115.952 Y107.66 E.02095
G1 X116.308 Y108.016 E.01323
G1 X116.389 Y108.81 E.02095
G1 X116.745 Y109.166 E.01323
G1 X117.539 Y109.247 E.02095
G1 X117.787 Y109.495 E.0092
G1 X117.787 Y107.908 E.04169
G1 X117.539 Y107.66 E.0092
G1 X116.745 Y107.579 E.02095
G1 X116.389 Y107.222 E.01323
G1 X116.308 Y106.429 E.02095
G1 X115.952 Y106.073 E.01323
G1 X115.158 Y105.991 E.02095
G1 X114.802 Y105.635 E.01323
G1 X114.721 Y104.842 E.02095
G1 X114.365 Y104.486 E.01323
G1 X113.571 Y104.404 E.02095
G1 X113.38 Y104.213 E.0071
G1 X112.968 Y104.213 E.01082
G1 X114.555 Y104.213 F9000
G1 F3600
G1 X114.967 Y104.213 E.01082
G1 X115.158 Y104.404 E.0071
G1 X115.952 Y104.486 E.02095
G1 X116.308 Y104.842 E.01323
G1 X116.389 Y105.635 E.02095
G1 X116.745 Y105.991 E.01323
G1 X117.539 Y106.073 E.02095
G1 X117.787 Y106.321 E.0092
G1 X117.787 Y104.733 E.04169
G1 X117.539 Y104.486 E.0092
G1 X116.745 Y104.404 E.02095
G1 X116.554 Y104.213 E.0071
G1 X116.143 Y104.213 E.01082
G1 X114.563 Y107.454 F9000
G1 F3600
G1 X114.563 Y107.858 E.01063
G1 X114.721 Y108.016 E.00585
G1 X114.802 Y108.81 E.02095
G1 X115.158 Y109.166 E.01323
G1 X115.952 Y109.247 E.02095
G1 X116.308 Y109.603 E.01323
G1 X116.389 Y110.397 E.02095
G1 X116.745 Y110.753 E.01323
G1 X117.539 Y110.834 E.02095
G1 X117.787 Y111.082 E.0092
G1 X117.787 Y112.669 E.04169
G1 X117.539 Y112.421 E.0092
G1 X116.745 Y112.34 E.02095
G1 X116.389 Y111.984 E.01323
G1 X116.308 Y111.19 E.02095
G1 X115.952 Y110.834 E.01323
G1 X115.158 Y110.753 E.02095
G1 X114.802 Y110.397 E.01323
G1 X114.721 Y109.603 E.02095
G1 X114.563 Y109.446 E.00585
G1 X114.563 Y109.041 E.01063
G1 X114.563 Y110.628 F9000
G1 F3600
G1 X114.563 Y111.033 E.01063
G1 X114.721 Y111.19 E.00585
G1 X114.802 Y111.984 E.02095
G1 X115.158 Y112.34 E.01323
G1 X115.952 Y112.421 E.02095
G1 X116.308 Y112.778 E.01323
G1 X116.389 Y113.571 E.02095
G1 X116.745 Y113.927 E.01323
G1 X117.539 Y114.009 E.02095
G1 X117.787 Y114.256 E.0092
G1 X117.787 Y115.787 E.0402
G1 X117.73 Y115.787 E.00149
G1 X117.539 Y115.596 E.0071
G1 X116.745 Y115.514 E.02095
G1 X116.389 Y115.158 E.01323
G1 X116.308 Y114.365 E.02095
G1 X115.952 Y114.009 E.01323
G1 X115.158 Y113.927 E.02095
G1 X114.802 Y113.571 E.01323
G1 X114.721 Y112.778 E.02095
G1 X114.563 Y112.62 E.00585
G1 X114.563 Y112.215 E.01063
G1 X114.067 Y114.429 F9000
;TYPE:Internal solid infill
;WIDTH:0.481643
G1 F3600
G1 X106.106 Y114.429 E.22503
G1 X106.106 Y114.876 E.01264
G1 X113.894 Y114.876 E.22012
G1 X113.894 Y115.324 E.01264
G1 X106.106 Y115.324 E.22012
G1 X106.106 Y115.771 E.01264
G1 X114.067 Y115.771 E.22503
G1 X114.304 Y115.787 F9000
;TYPE:Sparse infill
;WIDTH:0.45
G1 F3600
G1 X114.556 Y115.787 E.00662
G1 X114.365 Y115.596 E.0071
G1 X114.294 Y115.589 E.00186
G1 X114.294 Y114.413 E.03087
G1 X114.563 Y114.413 E.00707
G1 X114.563 Y114.207 E.00541
G1 X114.721 Y114.365 E.00585
G1 X114.802 Y115.158 E.02095
G1 X115.158 Y115.514 E.01323
G1 X115.952 Y115.596 E.02095
G1 X116.143 Y115.787 E.0071
G1 X116.555 Y115.787 E.01082
; stop printing object hall_island_coupon.stl id:0 copy 0
;LAYER_CHANGE
;Z:2
;HEIGHT:0.16
G92 E0 ; zero the extruded length again
; BEFORE_LAYER_CHANGE 11 @ 2mm
G1 E-.7 F2100
;WIPE_START
G1 F3600
G1 X116.143 Y115.787 E-.12353
G1 X115.952 Y115.596 E-.08106
G1 X115.635 Y115.563 E-.0954
;WIPE_END
; AFTER_LAYER_CHANGE 11 @ 2mm
;_SET_FAN_SPEED_CHANGING_LAYER
; printing object hall_island_coupon.stl id:0 copy 0
G1 F9000
G1 X115.947 Y115.99 Z2.02857
G1 X115.807 Y116.499 Z2.05714
G1 X115.322 Y116.708 Z2.08571
G1 X114.856 Y116.458 Z2.11429
G1 X114.761 Y115.939 Z2.14286
G1 X115.108 Y115.541 Z2.17143
G1 X115.635 Y115.563 Z2.2
G1 X119.019 Y117.376 Z2.2
G1 X119.377 Y117.377
G1 X119.79 Y117.79
G1 Z2
G1 E1 F2100
;TYPE:Outer wall
;WIDTH:0.42
G1 F1800
G1 X100.21 Y117.79 E.4772
G1 X100.21 Y102.21 E.37971
G1 X119.79 Y102.21 E.4772
G1 X119.79 Y117.73 E.37825
G1 X119.377 Y117.377 F9000
G1 X119.389 Y117.389
M204 P1500
;TYPE:Inner wall
;WIDTH:0.45
G1 F2700
G1 X100.611 Y117.389 E.49327
G1 X100.611 Y102.611 E.3882
G1 X119.389 Y102.611 E.49327
G1 X119.389 Y117.329 E.38662
G1 X118.974 Y116.974 F9000
G1 F2700
G1 X101.026 Y116.974 E.47143
G1 X101.026 Y103.026 E.36636
G1 X118.974 Y103.026 E.47143
G1 X118.974 Y116.914 E.36479
G1 X118.558 Y116.558 F9000
G1 F2700
G1 X101.442 Y116.558 E.4496
G1 X101.442 Y103.442 E.34453
G1 X118.558 Y103.442 E.4496
G1 X118.558 Y116.498 E.34295
G1 X118.142 Y116.142 F9000
G1 F2700
G1 X101.858 Y116.142 E.42776
G1 X101.858 Y103.858 E.32269
G1 X118.142 Y103.858 E.42776
G1 X118.142 Y116.082 E.32111
G1 E-.7 F2100
;WIPE_START
G1 F2700
G1 X117.142 Y116.086 E-.3
;WIPE_END
G1 X113.574 Y114.734 Z2.2 F9000
G1 X108.531 Y112.824 Z2.2
G1 X107.44 Y112.824
G1 X107.44 Y112.41
G1 Z2
G1 E1 F2100
M204 P1000
;TYPE:Outer wall
;WIDTH:0.42
G1 F1800
G1 X112.56 Y112.41 E.12478
G1 X112.56 Y108.29 E.10041
G1 X107.44 Y108.29 E.12478
G1 X107.44 Y112.35 E.09895
G1 X107.026 Y112.35 F9000
G1 X107.026 Y112.824
G1 X107.039 Y112.824
G1 X107.039 Y112.811
M204 P1500
;TYPE:Inner wall
;WIDTH:0.45
G1 F2700
G1 X112.961 Y112.811 E.15554
G1 X112.961 Y107.889 E.12927
G1 X107.039 Y107.889 E.15554
G1 X107.039 Y112.751 E.1277
G1 X106.624 Y113.226 F9000
G1 F2700
G1 X113.376 Y113.226 E.17738
G1 X113.376 Y107.474 E.15111
G1 X106.624 Y107.474 E.17738
G1 X106.624 Y113.166 E.14953
G1 X106.208 Y113.642 F9000
G1 F2700
G1 X113.792 Y113.642 E.19921
G1 X113.792 Y107.058 E.17295
G1 X106.208 Y107.058 E.19921
G1 X106.208 Y113.582 E.17137
G1 X105.792 Y114.058 F9000
G1 F2700
G1 X114.208 Y114.058 E.22105
G1 X114.208 Y106.642 E.19478
G1 X105.792 Y106.642 E.22105
G1 X105.792 Y113.998 E.19321
G1 X107.107 Y114.413 F9000
M204 P1000
;TYPE:Sparse infill
G1 F3600
G1 X107.692 Y114.413 E.01537
G1 X107.692 Y115.54 E.02959
G1 X107.222 Y115.639 E.0126
G1 X107.074 Y115.787 E.00551
G1 X107.692 Y115.787 E.01623
G1 X107.692 Y115.748 E.00103
G1 X108.093 Y114.458 F9000
;TYPE:Internal solid infill
;WIDTH:0.419999
G1 F3600
G1 X108.093 Y115.742 E.03128
G1 X111.907 Y115.742 E.09298
G1 X111.907 Y114.458 E.03128
G1 X108.153 Y114.458 E.09151
G1 X108.51 Y114.876 F9000
;WIDTH:0.483189
G1 F3600
G1 X108.51 Y115.324 E.01273
G1 X111.49 Y115.324 E.08454
G1 X111.49 Y114.876 E.01273
G1 X108.57 Y114.876 E.08284
G1 X104.948 Y115.787 F9000
;TYPE:Sparse infill
;WIDTH:0.45
G1 F3600
G1 X105.487 Y115.787 E.01417
G1 X105.635 Y115.639 E.00551
G1 X106.429 Y115.472 E.0213
G1 X106.742 Y115.158 E.01164
G1 X106.899 Y114.413 E.02
G1 X105.437 Y114.413 E.03841
G1 X105.437 Y114.25 E.00429
G1 X105.322 Y114.365 E.00426
G1 X105.155 Y115.158 E.0213
G1 X104.842 Y115.472 E.01164
G1 X104.048 Y115.639 E.0213
G1 X103.9 Y115.787 E.00551
G1 X103.361 Y115.787 E.01417
G1 X105.437 Y112.161 F9000
G1 F3600
G1 X105.437 Y112.663 E.01319
G1 X105.322 Y112.778 E.00426
G1 X105.155 Y113.571 E.0213
G1 X104.842 Y113.884 E.01164
G1 X104.048 Y114.051 E.0213
G1 X103.735 Y114.365 E.01164
G1 X103.568 Y115.158 E.0213
G1 X103.255 Y115.472 E.01164
G1 X102.461 Y115.639 E.0213
G1 X102.313 Y115.787 E.00551
G1 X102.213 Y115.787 E.00261
G1 X102.213 Y114.299 E.03908
G1 X102.461 Y114.051 E.0092
G1 X103.255 Y113.884 E.0213
G1 X103.568 Y113.571 E.01164
G1 X103.735 Y112.778 E.0213
G1 X104.048 Y112.464 E.01164
G1 X104.842 Y112.297 E.0213
G1 X105.155 Y111.984 E.01164
G1 X105.322 Y111.19 E.0213
G1 X105.437 Y111.076 E.00426
G1 X105.437 Y110.573 E.01319
G1 X105.437 Y108.986 F9000
G1 F3600
G1 X105.437 Y109.488 E.01319
G1 X105.322 Y109.603 E.00426
G1 X105.155 Y110.397 E.0213
G1 X104.842 Y110.71 E.01164
G1 X104.048 Y110.877 E.0213
G1 X103.735 Y111.19 E.01164
G1 X103.568 Y111.984 E.0213
G1 X103.255 Y112.297 E.01164
G1 X102.461 Y112.464 E.0213
G1 X102.213 Y112.712 E.0092
G1 X102.213 Y111.125 E.04169
G1 X102.461 Y110.877 E.0092
G1 X103.255 Y110.71 E.0213
G1 X103.568 Y110.397 E.01164
G1 X103.735 Y109.603 E.0213
G1 X104.048 Y109.29 E.01164
G1 X104.842 Y109.123 E.0213
G1 X105.155 Y108.81 E.01164
G1 X105.322 Y108.016 E.0213
G1 X105.437 Y107.901 E.00426
G1 X105.437 Y107.399 E.01319
G1 X106.437 Y106.287 F9000
G1 F3600
G1 X107.051 Y106.287 E.01614
G1 X107.222 Y106.116 E.00636
G1 X108.016 Y105.949 E.0213
G1 X108.329 Y105.635 E.01164
G1 X108.496 Y104.842 E.0213
G1 X108.81 Y104.528 E.01164
G1 X109.603 Y104.361 E.0213
G1 X109.751 Y104.213 E.00551
G1 X110.291 Y104.213 E.01417
G1 X108.704 Y104.213 F9000
G1 F3600
G1 X108.164 Y104.213 E.01417
G1 X108.016 Y104.361 E.00551
G1 X107.222 Y104.528 E.0213
G1 X106.909 Y104.842 E.01164
G1 X106.742 Y105.635 E.0213
G1 X106.429 Y105.949 E.01164
G1 X105.635 Y106.116 E.0213
G1 X105.464 Y106.287 E.00636
G1 X105.437 Y106.287 E.00072
G1 X105.437 Y106.314 E.00072
G1 X105.322 Y106.429 E.00426
G1 X105.155 Y107.222 E.0213
G1 X104.842 Y107.536 E.01164
G1 X104.048 Y107.703 E.0213
G1 X103.735 Y108.016 E.01164
G1 X103.568 Y108.81 E.0213
G1 X103.255 Y109.123 E.01164
G1 X102.461 Y109.29 E.0213
G1 X102.213 Y109.538 E.0092
G1 X102.213 Y107.95 E.04169
G1 X102.461 Y107.703 E.0092
G1 X103.255 Y107.536 E.0213
G1 X103.568 Y107.222 E.01164
G1 X103.735 Y106.429 E.0213
G1 X104.048 Y106.116 E.01164
G1 X104.842 Y105.949 E.0213
G1 X105.155 Y105.635 E.01164
G1 X105.322 Y104.842 E.0213
G1 X105.635 Y104.528 E.01164
G1 X106.429 Y104.361 E.0213
G1 X106.577 Y104.213 E.00551
G1 X107.116 Y104.213 E.01417
G1 X105.529 Y104.213 F9000
G1 F3600
G1 X104.99 Y104.213 E.01417
G1 X104.842 Y104.361 E.00551
G1 X104.048 Y104.528 E.0213
G1 X103.735 Y104.842 E.01164
G1 X103.568 Y105.635 E.0213
G1 X103.255 Y105.949 E.01164
G1 X102.461 Y106.116 E.0213
G1 X102.213 Y106.363 E.0092
G1 X102.213 Y104.776 E.04169
G1 X102.461 Y104.528 E.0092
G1 X103.255 Y104.361 E.0213
G1 X103.403 Y104.213 E.00551
G1 X102.213 Y104.213 E.03125
G1 X102.213 Y104.568 E.00933
G1 X108.024 Y106.287 F9000
G1 F3600
G1 X108.638 Y106.287 E.01614
G1 X108.81 Y106.116 E.00636
G1 X109.603 Y105.949 E.0213
G1 X109.917 Y105.635 E.01164
G1 X110.083 Y104.842 E.0213
G1 X110.397 Y104.528 E.01164
G1 X111.19 Y104.361 E.0213
G1 X111.339 Y104.213 E.00551
G1 X111.878 Y104.213 E.01417
G1 X113.465 Y104.213 F9000
G1 F3600
G1 X112.926 Y104.213 E.01417
G1 X112.778 Y104.361 E.00551
G1 X111.984 Y104.528 E.0213
G1 X111.671 Y104.842 E.01164
G1 X111.504 Y105.635 E.0213
G1 X111.19 Y105.949 E.01164
G1 X110.397 Y106.116 E.0213
G1 X110.226 Y106.287 E.00636
G1 X109.611 Y106.287 E.01614
G1 X111.198 Y106.287 F9000
G1 F3600
G1 X111.813 Y106.287 E.01614
G1 X111.984 Y106.116 E.00636
G1 X112.778 Y105.949 E.0213
G1 X113.091 Y105.635 E.01164
G1 X113.258 Y104.842 E.0213
G1 X113.571 Y104.528 E.01164
G1 X114.365 Y104.361 E.0213
G1 X114.513 Y104.213 E.00551
G1 X115.052 Y104.213 E.01417
G1 X116.639 Y104.213 F9000
G1 F3600
G1 X116.1 Y104.213 E.01417
G1 X115.952 Y104.361 E.00551
G1 X115.158 Y104.528 E.0213
G1 X114.845 Y104.842 E.01164
G1 X114.678 Y105.635 E.0213
G1 X114.365 Y105.949 E.01164
G1 X113.571 Y106.116 E.0213
G1 X113.4 Y106.287 E.00636
G1 X112.785 Y106.287 E.01614
G1 X114.563 Y107.839 F9000
G1 F3600
G1 X114.563 Y107.337 E.01319
G1 X114.678 Y107.222 E.00426
G1 X114.845 Y106.429 E.0213
G1 X115.158 Y106.116 E.01164
G1 X115.952 Y105.949 E.0213
G1 X116.265 Y105.635 E.01164
G1 X116.432 Y104.842 E.0213
G1 X116.745 Y104.528 E.01164
G1 X117.539 Y104.361 E.0213
G1 X117.687 Y104.213 E.00551
G1 X117.787 Y104.213 E.00261
G1 X117.787 Y105.493 E.03362
G1 X114.563 Y109.427 F9000
G1 F3600
G1 X114.563 Y108.924 E.01319
G1 X114.678 Y108.81 E.00426
G1 X114.845 Y108.016 E.0213
G1 X115.158 Y107.703 E.01164
G1 X115.952 Y107.536 E.0213
G1 X116.265 Y107.222 E.01164
G1 X116.432 Y106.429 E.0213
G1 X116.745 Y106.116 E.01164
G1 X117.539 Y105.949 E.0213
G1 X117.787 Y105.701 E.0092
G1 X117.787 Y107.288 E.04169
G1 X117.539 Y107.536 E.0092
G1 X116.745 Y107.703 E.0213
G1 X116.432 Y108.016 E.01164
G1 X116.265 Y108.81 E.0213
G1 X115.952 Y109.123 E.01164
G1 X115.158 Y109.29 E.0213
G1 X114.845 Y109.603 E.01164
G1 X114.678 Y110.397 E.0213
G1 X114.563 Y110.512 E.00426
G1 X114.563 Y111.014 E.01319
G1 X114.563 Y112.601 F9000
G1 F3600
G1 X114.563 Y112.099 E.01319
G1 X114.678 Y111.984 E.00426
G1 X114.845 Y111.19 E.0213
G1 X115.158 Y110.877 E.01164
G1 X115.952 Y110.71 E.0213
G1 X116.265 Y110.397 E.01164
G1 X116.432 Y109.603 E.0213
G1 X116.745 Y109.29 E.01164
G1 X117.539 Y109.123 E.0213
G1 X117.787 Y108.875 E.0092
G1 X117.787 Y110.462 E.04169
G1 X117.539 Y110.71 E.0092
G1 X116.745 Y110.877 E.0213
G1 X116.432 Y111.19 E.01164
G1 X116.265 Y111.984 E.0213
G1 X115.952 Y112.297 E.01164
G1 X115.158 Y112.464 E.0213
G1 X114.845 Y112.778 E.01164
G1 X114.678 Y113.571 E.0213
G1 X114.563 Y113.686 E.00426
G1 X114.563 Y114.188 E.01319
G1 X114.471 Y115.787 F9000
G1 F3600
G1 X115.01 Y115.787 E.01417
G1 X115.158 Y115.639 E.00551
G1 X115.952 Y115.472 E.0213
G1 X116.265 Y115.158 E.01164
G1 X116.432 Y114.365 E.0213
G1 X116.745 Y114.051 E.01164
G1 X117.539 Y113.884 E.0213
G1 X117.787 Y113.637 E.0092
G1 X117.787 Y112.049 E.04169
G1 X117.539 Y112.297 E.0092
G1 X116.745 Y112.464 E.0213
G1 X116.432 Y112.778 E.01164
G1 X116.265 Y113.571 E.0213
G1 X115.952 Y113.884 E.01164
G1 X115.158 Y114.051 E.0213
G1 X114.845 Y114.365 E.01164
G1 X114.678 Y115.158 E.0213
G1 X114.365 Y115.472 E.01164
G1 X113.571 Y115.639 E.0213
G1 X113.423 Y115.787 E.00551
G1 X112.308 Y115.787 E.02928
G1 X112.308 Y115.57 E.00569
G1 X112.778 Y115.472 E.0126
G1 X113.091 Y115.158 E.01164
G1 X113.248 Y114.413 E.02
G1 X112.308 Y114.413 E.02468
G1 X112.308 Y115.363 E.02494
G1 X117.787 Y115.432 F9000
G1 F3600
G1 X117.787 Y115.787 E.00933
G1 X116.597 Y115.787 E.03125
G1 X116.745 Y115.639 E.00551
G1 X117.539 Y115.472 E.0213
G1 X117.787 Y115.224 E.0092
G1 X117.787 Y113.844 E.03623
; stop printing object hall_island_coupon.stl id:0 copy 0
M106 S163
;LAYER_CHANGE
;Z:2.16
;HEIGHT:0.16
G92 E0 ; zero the extruded length again
; BEFORE_LAYER_CHANGE 12 @ 2.16mm
G1 E-.7 F2100
;WIPE_START
G1 F3600
G1 X117.787 Y114.844 E-.3
;WIPE_END
; AFTER_LAYER_CHANGE 12 @ 2.16mm
;_SET_FAN_SPEED_CHANGING_LAYER
; printing object hall_island_coupon.stl id:0 copy 0
G1 F9000
G1 X117.846 Y115.369 Z2.18857
G1 X117.472 Y115.742 Z2.21714
G1 X116.948 Y115.683 Z2.24571
G1 X116.667 Y115.236 Z2.27429
G1 X116.841 Y114.738 Z2.30286
G1 X117.34 Y114.563 Z2.33143
G1 X117.787 Y114.844 Z2.36
G1 X119.377 Y117.377 Z2.36
G1 X119.79 Y117.79
G1 Z2.16
G1 E1 F2100
;TYPE:Outer wall
;WIDTH:0.42
G1 F1800
G1 X100.21 Y117.79 E.4772
G1 X100.21 Y102.21 E.37971
G1 X119.79 Y102.21 E.4772
G1 X119.79 Y117.73 E.37825
G1 X119.377 Y117.377 F9000
G1 X119.389 Y117.389
M204 P1500
;TYPE:Inner wall
;WIDTH:0.45
G1 F2700
G1 X100.611 Y117.389 E.49327
G1 X100.611 Y102.611 E.3882
G1 X119.389 Y102.611 E.49327
G1 X119.389 Y117.329 E.38662
G1 X118.974 Y116.974 F9000
G1 F2700
G1 X101.026 Y116.974 E.47143
G1 X101.026 Y103.026 E.36636
G1 X118.974 Y103.026 E.47143
G1 X118.974 Y116.914 E.36479
G1 X118.558 Y116.558 F9000
G1 F2700
G1 X101.442 Y116.558 E.4496
G1 X101.442 Y103.442 E.34453
G1 X118.558 Y103.442 E.4496
G1 X118.558 Y116.498 E.34295
G1 X118.142 Y116.142 F9000
G1 F2700
G1 X101.858 Y116.142 E.42776
G1 X101.858 Y103.858 E.32269
G1 X118.142 Y103.858 E.42776
G1 X118.142 Y116.082 E.32111
G1 E-.7 F2100
;WIPE_START
G1 F2700
G1 X117.142 Y116.086 E-.3
;WIPE_END
G1 X113.574 Y114.734 Z2.36 F9000
G1 X108.531 Y112.824 Z2.36
G1 X107.44 Y112.824
G1 X107.44 Y112.41
G1 Z2.16
G1 E1 F2100
M204 P1000
;TYPE:Outer wall
;WIDTH:0.42
G1 F1800
G1 X112.56 Y112.41 E.12478
G1 X112.56 Y108.29 E.10041
G1 X107.44 Y108.29 E.12478
G1 X107.44 Y112.35 E.09895
G1 X107.026 Y112.35 F9000
G1 X107.026 Y112.824
G1 X107.039 Y112.824
G1 X107.039 Y112.811
M204 P1500
;TYPE:Inner wall
;WIDTH:0.45
G1 F2700
G1 X112.961 Y112.811 E.15554
G1 X112.961 Y107.889 E.12927
G1 X107.039 Y107.889 E.15554
G1 X107.039 Y112.751 E.1277
G1 X106.624 Y113.226 F9000
G1 F2700
G1 X113.376 Y113.226 E.17738
G1 X113.376 Y107.474 E.15111
G1 X106.624 Y107.474 E.17738
G1 X106.624 Y113.166 E.14953
G1 X106.208 Y113.642 F9000
G1 F2700
G1 X113.792 Y113.642 E.19921
G1 X113.792 Y107.058 E.17295
G1 X106.208 Y107.058 E.19921
G1 X106.208 Y113.582 E.17137
G1 X105.792 Y114.058 F9000
G1 F2700
G1 X114.208 Y114.058 E.22105
G1 X114.208 Y106.642 E.19478
G1 X105.792 Y106.642 E.22105
G1 X105.792 Y113.998 E.19321
G1 X109.183 Y115.787 F9000
M204 P1000
;TYPE:Sparse infill
G1 F3600
G1 X110.562 Y115.787 E.03623
G1 X111.935 Y114.413 E.05103
G1 X113.523 Y114.413 E.04169
G1 X112.149 Y115.787 E.05103
G1 X113.736 Y115.787 E.04169
G1 X117.787 Y111.736 E.15047
G1 X117.787 Y113.323 E.04169
G1 X115.323 Y115.787 E.09151
G1 X116.91 Y115.787 E.04169
G1 X117.787 Y114.91 E.03255
G1 X117.787 Y115.787 E.02302
G1 X117.118 Y115.787 E.01756
G1 X117.787 Y105.18 F9000
G1 F3600
G1 X117.787 Y104.213 E.02539
G1 X117.374 Y104.213 E.01084
G1 X114.563 Y107.024 E.10441
G1 X114.563 Y108.611 E.04169
G1 X117.787 Y105.388 E.11975
G1 X117.787 Y106.975 E.04169
G1 X114.563 Y110.198 E.11975
G1 X114.563 Y111.785 E.04169
G1 X117.787 Y108.562 E.11975
G1 X117.787 Y110.149 E.04169
G1 X114.563 Y113.373 E.11975
G1 X114.563 Y114.413 E.02734
G1 X113.73 Y114.413 E.02188
G1 X111.728 Y114.413 F9000
G1 F3600
G1 X110.348 Y114.413 E.03623
G1 X108.975 Y115.787 E.05103
G1 X107.388 Y115.787 E.04169
G1 X108.761 Y114.413 E.05103
G1 X107.174 Y114.413 E.04169
G1 X105.8 Y115.787 E.05103
G1 X104.213 Y115.787 E.04169
G1 X105.587 Y114.413 E.05103
G1 X105.437 Y114.413 E.00394
G1 X105.437 Y112.976 E.03775
G1 X102.626 Y115.787 E.10441
G1 X102.213 Y115.787 E.01084
G1 X102.213 Y114.612 E.03085
G1 X105.437 Y111.389 E.11975
G1 X105.437 Y109.802 E.04169
G1 X102.213 Y113.025 E.11975
G1 X102.213 Y111.646 E.03623
G1 X105.437 Y109.594 F9000
G1 F3600
G1 X105.437 Y108.215 E.03623
G1 X102.213 Y111.438 E.11975
G1 X102.213 Y109.851 E.04169
G1 X105.437 Y106.627 E.11975
G1 X105.437 Y106.287 E.00895
G1 X105.777 Y106.287 E.00895
G1 X107.851 Y104.213 E.07703
G1 X109.438 Y104.213 E.04169
G1 X107.365 Y106.287 E.07703
G1 X108.952 Y106.287 E.04169
G1 X111.025 Y104.213 E.07703
G1 X112.612 Y104.213 E.04169
G1 X110.539 Y106.287 E.07703
G1 X112.126 Y106.287 E.04169
G1 X114.2 Y104.213 E.07703
G1 X115.787 Y104.213 E.04169
G1 X113.713 Y106.287 E.07703
G1 X112.334 Y106.287 E.03623
G1 X107.643 Y104.213 F9000
G1 F3600
G1 X106.264 Y104.213 E.03623
G1 X102.213 Y108.264 E.15047
G1 X102.213 Y106.677 E.04169
G1 X104.677 Y104.213 E.09151
G1 X103.09 Y104.213 E.04169
G1 X102.213 Y105.09 E.03255
G1 X102.213 Y104.213 E.02302
G1 X102.882 Y104.213 E.01756
; stop printing object hall_island_coupon.stl id:0 copy 0
;LAYER_CHANGE
;Z:2.32
;HEIGHT:0.16
G92 E0 ; zero the extruded length again
; BEFORE_LAYER_CHANGE 13 @ 2.32mm
G1 E-.7 F2100
;WIPE_START
G1 F3600
G1 X102.213 Y104.213 E-.20054
G1 X102.213 Y104.545 E-.09946
;WIPE_END
; AFTER_LAYER_CHANGE 13 @ 2.32mm
;_SET_FAN_SPEED_CHANGING_LAYER
; printing object hall_island_coupon.stl id:0 copy 0
G1 F9000
G1 X102.254 Y105.071 Z2.34857
G1 X101.868 Y105.432 Z2.37714
G1 X101.346 Y105.354 Z2.40571
G1 X101.081 Y104.898 Z2.43429
G1 X101.272 Y104.406 Z2.46286
G1 X101.776 Y104.249 Z2.49143
G1 X102.213 Y104.545 Z2.52
G1 X107.026 Y112.824 Z2.52
G1 X112.974 Y112.824
G1 X112.974 Y112.653
G1 X119.377 Y117.377
G1 X119.79 Y117.79
G1 Z2.32
G1 E1 F2100
;TYPE:Outer wall
;WIDTH:0.42
G1 F1800
G1 X100.21 Y117.79 E.4772
G1 X100.21 Y102.21 E.37971
G1 X119.79 Y102.21 E.4772
G1 X119.79 Y117.73 E.37825
G1 X119.377 Y117.377 F9000
G1 X119.389 Y117.389
M204 P1500
;TYPE:Inner wall
;WIDTH:0.45
G1 F2700
G1 X100.611 Y117.389 E.49327
G1 X100.611 Y102.611 E.3882
G1 X119.389 Y102.611 E.49327
G1 X119.389 Y117.329 E.38662
G1 X118.974 Y116.974 F9000
G1 F2700
G1 X101.026 Y116.974 E.47143
G1 X101.026 Y103.026 E.36636
G1 X118.974 Y103.026 E.47143
G1 X118.974 Y116.914 E.36479
G1 X118.558 Y116.558 F9000
G1 F2700
G1 X101.442 Y116.558 E.4496
G1 X101.442 Y103.442 E.34453
G1 X118.558 Y103.442 E.4496
G1 X118.558 Y116.498 E.34295
G1 X118.142 Y116.142 F9000
G1 F2700
G1 X101.858 Y116.142 E.42776
G1 X101.858 Y103.858 E.32269
G1 X118.142 Y103.858 E.42776
G1 X118.142 Y116.082 E.32111
G1 E-.7 F2100
;WIPE_START
G1 F2700
G1 X117.142 Y116.086 E-.3
;WIPE_END
G1 X113.574 Y114.734 Z2.52 F9000
G1 X108.531 Y112.824 Z2.52
G1 X107.44 Y112.824
G1 X107.44 Y112.41
G1 Z2.32
G1 E1 F2100
M204 P1000
;TYPE:Outer wall
;WIDTH:0.42
G1 F1800
G1 X112.56 Y112.41 E.12478
G1 X112.56 Y108.29 E.10041
G1 X107.44 Y108.29 E.12478
G1 X107.44 Y112.35 E.09895
G1 X107.026 Y112.35 F9000
G1 X107.026 Y112.824
G1 X107.039 Y112.824
G1 X107.039 Y112.811
M204 P1500
;TYPE:Inner wall
;WIDTH:0.45
G1 F2700
G1 X112.961 Y112.811 E.15554
G1 X112.961 Y107.889 E.12927
G1 X107.039 Y107.889 E.15554
G1 X107.039 Y112.751 E.1277
G1 X106.624 Y113.226 F9000
G1 F2700
G1 X113.376 Y113.226 E.17738
G1 X113.376 Y107.474 E.15111
G1 X106.624 Y107.474 E.17738
G1 X106.624 Y113.166 E.14953
G1 X106.208 Y113.642 F9000
G1 F2700
G1 X113.792 Y113.642 E.19921
G1 X113.792 Y107.058 E.17295
G1 X106.208 Y107.058 E.19921
G1 X106.208 Y113.582 E.17137
G1 X105.792 Y114.058 F9000
G1 F2700
G1 X114.208 Y114.058 E.22105
G1 X114.208 Y106.642 E.19478
G1 X105.792 Y106.642 E.22105
G1 X105.792 Y113.998 E.19321
G1 X109.183 Y115.787 F9000
M204 P1000
;TYPE:Sparse infill
G1 F3600
G1 X110.562 Y115.787 E.03623
G1 X111.935 Y114.413 E.05103
G1 X113.523 Y114.413 E.04169
G1 X112.149 Y115.787 E.05103
G1 X113.736 Y115.787 E.04169
G1 X117.787 Y111.736 E.15047
G1 X117.787 Y113.323 E.04169
G1 X115.323 Y115.787 E.09151
G1 X116.91 Y115.787 E.04169
G1 X117.787 Y114.91 E.03255
G1 X117.787 Y115.787 E.02302
G1 X117.118 Y115.787 E.01756
G1 X117.787 Y105.18 F9000
G1 F3600
G1 X117.787 Y104.213 E.02539
G1 X117.374 Y104.213 E.01084
G1 X114.563 Y107.024 E.10441
G1 X114.563 Y108.611 E.04169
G1 X117.787 Y105.388 E.11975
G1 X117.787 Y106.975 E.04169
G1 X114.563 Y110.198 E.11975
G1 X114.563 Y111.785 E.04169
G1 X117.787 Y108.562 E.11975
G1 X117.787 Y110.149 E.04169
G1 X114.563 Y113.373 E.11975
G1 X114.563 Y114.413 E.02734
G1 X113.73 Y114.413 E.02188
G1 X111.728 Y114.413 F9000
G1 F3600
G1 X110.348 Y114.413 E.03623
G1 X108.975 Y115.787 E.05103
G1 X107.388 Y115.787 E.04169
G1 X108.761 Y114.413 E.05103
G1 X107.174 Y114.413 E.04169
G1 X105.8 Y115.787 E.05103
G1 X104.213 Y115.787 E.04169
G1 X105.587 Y114.413 E.05103
G1 X105.437 Y114.413 E.00394
G1 X105.437 Y112.976 E.03775
G1 X102.626 Y115.787 E.10441
G1 X102.213 Y115.787 E.01084
G1 X102.213 Y114.612 E.03085
G1 X105.437 Y111.389 E.11975
G1 X105.437 Y109.802 E.04169
G1 X102.213 Y113.025 E.11975
G1 X102.213 Y111.646 E.03623
G1 X105.437 Y109.594 F9000
G1 F3600
G1 X105.437 Y108.215 E.03623
G1 X102.213 Y111.438 E.11975
G1 X102.213 Y109.851 E.04169
G1 X105.437 Y106.627 E.11975
G1 X105.437 Y106.287 E.00895
G1 X105.777 Y106.287 E.00895
G1 X107.851 Y104.213 E.07703
G1 X109.438 Y104.213 E.04169
G1 X107.365 Y106.287 E.07703
G1 X108.952 Y106.287 E.04169
G1 X111.025 Y104.213 E.07703
G1 X112.612 Y104.213 E.04169
G1 X110.539 Y106.287 E.07703
G1 X112.126 Y106.287 E.04169
G1 X114.2 Y104.213 E.07703
G1 X115.787 Y104.213 E.04169
G1 X113.713 Y106.287 E.07703
G1 X112.334 Y106.287 E.03623
G1 X107.643 Y104.213 F9000
G1 F3600
G1 X106.264 Y104.213 E.03623
G1 X102.213 Y108.264 E.15047
G1 X102.213 Y106.677 E.04169
G1 X104.677 Y104.213 E.09151
G1 X103.09 Y104.213 E.04169
G1 X102.213 Y105.09 E.03255
G1 X102.213 Y104.213 E.02302
G1 X102.882 Y104.213 E.01756
; stop printing object hall_island_coupon.stl id:0 copy 0
;LAYER_CHANGE
;Z:2.48
;HEIGHT:0.16
G92 E0 ; zero the extruded length again
; BEFORE_LAYER_CHANGE 14 @ 2.48mm
G1 E-.7 F2100
;WIPE_START
G1 F3600
G1 X102.213 Y104.213 E-.20054
G1 X102.213 Y104.545 E-.09946
;WIPE_END
; AFTER_LAYER_CHANGE 14 @ 2.48mm
;_SET_FAN_SPEED_CHANGING_LAYER
; printing object hall_island_coupon.stl id:0 copy 0
G1 F9000
G1 X102.254 Y105.071 Z2.50857
G1 X101.868 Y105.432 Z2.53714
G1 X101.346 Y105.354 Z2.56571
G1 X101.081 Y104.898 Z2.59429
G1 X101.272 Y104.406 Z2.62286
G1 X101.776 Y104.249 Z2.65143
G1 X102.213 Y104.545 Z2.68
G1 X107.026 Y112.824 Z2.68
G1 X112.974 Y112.824
G1 X112.974 Y112.653
G1 X119.377 Y117.377
G1 X119.79 Y117.79
G1 Z2.48
G1 E1 F2100
;TYPE:Outer wall
;WIDTH:0.42
G1 F1800
G1 X100.21 Y117.79 E.4772
G1 X100.21 Y102.21 E.37971
G1 X119.79 Y102.21 E.4772
G1 X119.79 Y117.73 E.37825
G1 X119.377 Y117.377 F9000
G1 X119.389 Y117.389
M204 P1500
;TYPE:Inner wall
;WIDTH:0.45
G1 F2700
G1 X100.611 Y117.389 E.49327
G1 X100.611 Y102.611 E.3882
G1 X119.389 Y102.611 E.49327
G1 X119.389 Y117.329 E.38662
G1 X118.974 Y116.974 F9000
G1 F2700
G1 X101.026 Y116.974 E.47143
G1 X101.026 Y103.026 E.36636
G1 X118.974 Y103.026 E.47143
G1 X118.974 Y116.914 E.36479
G1 X118.558 Y116.558 F9000
G1 F2700
G1 X101.442 Y116.558 E.4496
G1 X101.442 Y103.442 E.34453
G1 X118.558 Y103.442 E.4496
G1 X118.558 Y116.498 E.34295
G1 X118.142 Y116.142 F9000
G1 F2700
G1 X101.858 Y116.142 E.42776
G1 X101.858 Y103.858 E.32269
G1 X118.142 Y103.858 E.42776
G1 X118.142 Y116.082 E.32111
G1 E-.7 F2100
;WIPE_START
G1 F2700
G1 X117.142 Y116.086 E-.3
;WIPE_END
G1 X113.574 Y114.734 Z2.68 F9000
G1 X108.531 Y112.824 Z2.68
G1 X107.44 Y112.824
G1 X107.44 Y112.41
G1 Z2.48
G1 E1 F2100
M204 P1000
;TYPE:Outer wall
;WIDTH:0.42
G1 F1800
G1 X112.56 Y112.41 E.12478
G1 X112.56 Y108.29 E.10041
G1 X107.44 Y108.29 E.12478
G1 X107.44 Y112.35 E.09895
G1 X107.026 Y112.35 F9000
G1 X107.026 Y112.824
G1 X107.039 Y112.824
G1 X107.039 Y112.811
M204 P1500
;TYPE:Inner wall
;WIDTH:0.45
G1 F2700
G1 X112.961 Y112.811 E.15554
G1 X112.961 Y107.889 E.12927
G1 X107.039 Y107.889 E.15554
G1 X107.039 Y112.751 E.1277
G1 X106.624 Y113.226 F9000
G1 F2700
G1 X113.376 Y113.226 E.17738
G1 X113.376 Y107.474 E.15111
G1 X106.624 Y107.474 E.17738
G1 X106.624 Y113.166 E.14953
G1 X106.208 Y113.642 F9000
G1 F2700
G1 X113.792 Y113.642 E.19921
G1 X113.792 Y107.058 E.17295
G1 X106.208 Y107.058 E.19921
G1 X106.208 Y113.582 E.17137
G1 X105.792 Y114.058 F9000
G1 F2700
G1 X114.208 Y114.058 E.22105
G1 X114.208 Y106.642 E.19478
G1 X105.792 Y106.642 E.22105
G1 X105.792 Y113.998 E.19321
G1 X109.183 Y115.787 F9000
M204 P1000
;TYPE:Sparse infill
G1 F3600
G1 X110.562 Y115.787 E.03623
G1 X111.935 Y114.413 E.05103
G1 X113.523 Y114.413 E.04169
G1 X112.149 Y115.787 E.05103
G1 X113.736 Y115.787 E.04169
G1 X117.787 Y111.736 E.15047
G1 X117.787 Y113.323 E.04169
G1 X115.323 Y115.787 E.09151
G1 X116.91 Y115.787 E.04169
G1 X117.787 Y114.91 E.03255
G1 X117.787 Y115.787 E.02302
G1 X117.118 Y115.787 E.01756
G1 X117.787 Y105.18 F9000
G1 F3600
G1 X117.787 Y104.213 E.02539
G1 X117.374 Y104.213 E.01084
G1 X114.563 Y107.024 E.10441
G1 X114.563 Y108.611 E.04169
G1 X117.787 Y105.388 E.11975
G1 X117.787 Y106.975 E.04169
G1 X114.563 Y110.198 E.11975
G1 X114.563 Y111.785 E.04169
G1 X117.787 Y108.562 E.11975
G1 X117.787 Y110.149 E.04169
G1 X114.563 Y113.373 E.11975
G1 X114.563 Y114.413 E.02734
G1 X113.73 Y114.413 E.02188
G1 X111.728 Y114.413 F9000
G1 F3600
G1 X110.348 Y114.413 E.03623
G1 X108.975 Y115.787 E.05103
G1 X107.388 Y115.787 E.04169
G1 X108.761 Y114.413 E.05103
G1 X107.174 Y114.413 E.04169
G1 X105.8 Y115.787 E.05103
G1 X104.213 Y115.787 E.04169
G1 X105.587 Y114.413 E.05103
G1 X105.437 Y114.413 E.00394
G1 X105.437 Y112.976 E.03775
G1 X102.626 Y115.787 E.10441
G1 X102.213 Y115.787 E.01084
G1 X102.213 Y114.612 E.03085
G1 X105.437 Y111.389 E.11975
G1 X105.437 Y109.802 E.04169
G1 X102.213 Y113.025 E.11975
G1 X102.213 Y111.646 E.03623
G1 X105.437 Y109.594 F9000
G1 F3600
G1 X105.437 Y108.215 E.03623
G1 X102.213 Y111.438 E.11975
G1 X102.213 Y109.851 E.04169
G1 X105.437 Y106.627 E.11975
G1 X105.437 Y106.287 E.00895
G1 X105.777 Y106.287 E.00895
G1 X107.851 Y104.213 E.07703
G1 X109.438 Y104.213 E.04169
G1 X107.365 Y106.287 E.07703
G1 X108.952 Y106.287 E.04169
G1 X111.025 Y104.213 E.07703
G1 X112.612 Y104.213 E.04169
G1 X110.539 Y106.287 E.07703
G1 X112.126 Y106.287 E.04169
G1 X114.2 Y104.213 E.07703
G1 X115.787 Y104.213 E.04169
G1 X113.713 Y106.287 E.07703
G1 X112.334 Y106.287 E.03623
G1 X107.643 Y104.213 F9000
G1 F3600
G1 X106.264 Y104.213 E.03623
G1 X102.213 Y108.264 E.15047
G1 X102.213 Y106.677 E.04169
G1 X104.677 Y104.213 E.09151
G1 X103.09 Y104.213 E.04169
G1 X102.213 Y105.09 E.03255
G1 X102.213 Y104.213 E.02302
G1 X102.882 Y104.213 E.01756
; stop printing object hall_island_coupon.stl id:0 copy 0
;LAYER_CHANGE
;Z:2.64
;HEIGHT:0.16
G92 E0 ; zero the extruded length again
; BEFORE_LAYER_CHANGE 15 @ 2.64mm
G1 E-.7 F2100
;WIPE_START
G1 F3600
G1 X102.213 Y104.213 E-.20054
G1 X102.213 Y104.545 E-.09946
;WIPE_END
; AFTER_LAYER_CHANGE 15 @ 2.64mm
;_SET_FAN_SPEED_CHANGING_LAYER
; printing object hall_island_coupon.stl id:0 copy 0
G1 F9000
G1 X102.254 Y105.071 Z2.66857
G1 X101.868 Y105.432 Z2.69714
G1 X101.346 Y105.354 Z2.72571
G1 X101.081 Y104.898 Z2.75429
G1 X101.272 Y104.406 Z2.78286
G1 X101.776 Y104.249 Z2.81143
G1 X102.213 Y104.545 Z2.84
G1 X107.026 Y112.824 Z2.84
G1 X112.974 Y112.824
G1 X112.974 Y112.653
G1 X119.377 Y117.377
G1 X119.79 Y117.79
G1 Z2.64
G1 E1 F2100
;TYPE:Outer wall
;WIDTH:0.42
G1 F1800
G1 X100.21 Y117.79 E.4772
G1 X100.21 Y102.21 E.37971
G1 X119.79 Y102.21 E.4772
G1 X119.79 Y117.73 E.37825
G1 X119.377 Y117.377 F9000
G1 X119.389 Y117.389
M204 P1500
;TYPE:Inner wall
;WIDTH:0.45
G1 F2700
G1 X100.611 Y117.389 E.49327
G1 X100.611 Y102.611 E.3882
G1 X119.389 Y102.611 E.49327
G1 X119.389 Y117.329 E.38662
G1 X118.974 Y116.974 F9000
G1 F2700
G1 X101.026 Y116.974 E.47143
G1 X101.026 Y103.026 E.36636
G1 X118.974 Y103.026 E.47143
G1 X118.974 Y116.914 E.36479
G1 X118.558 Y116.558 F9000
G1 F2700
G1 X101.442 Y116.558 E.4496
G1 X101.442 Y103.442 E.34453
G1 X118.558 Y103.442 E.4496
G1 X118.558 Y116.498 E.34295
G1 X118.142 Y116.142 F9000
G1 F2700
G1 X101.858 Y116.142 E.42776
G1 X101.858 Y103.858 E.32269
G1 X118.142 Y103.858 E.42776
G1 X118.142 Y116.082 E.32111
G1 E-.7 F2100
;WIPE_START
G1 F2700
G1 X117.142 Y116.086 E-.3
;WIPE_END
G1 X113.574 Y114.734 Z2.84 F9000
G1 X108.531 Y112.824 Z2.84
G1 X107.44 Y112.824
G1 X107.44 Y112.41
G1 Z2.64
G1 E1 F2100
M204 P1000
;TYPE:Outer wall
;WIDTH:0.42
G1 F1800
G1 X112.56 Y112.41 E.12478
G1 X112.56 Y108.29 E.10041
G1 X107.44 Y108.29 E.12478
G1 X107.44 Y112.35 E.09895
G1 X107.026 Y112.35 F9000
G1 X107.026 Y112.824
G1 X107.039 Y112.824
G1 X107.039 Y112.811
M204 P1500
;TYPE:Inner wall
;WIDTH:0.45
G1 F2700
G1 X112.961 Y112.811 E.15554
G1 X112.961 Y107.889 E.12927
G1 X107.039 Y107.889 E.15554
G1 X107.039 Y112.751 E.1277
G1 X106.624 Y113.226 F9000
G1 F2700
G1 X113.376 Y113.226 E.17738
G1 X113.376 Y107.474 E.15111
G1 X106.624 Y107.474 E.17738
G1 X106.624 Y113.166 E.14953
G1 X106.208 Y113.642 F9000
G1 F2700
G1 X113.792 Y113.642 E.19921
G1 X113.792 Y107.058 E.17295
G1 X106.208 Y107.058 E.19921
G1 X106.208 Y113.582 E.17137
G1 X105.792 Y114.058 F9000
G1 F2700
G1 X114.208 Y114.058 E.22105
G1 X114.208 Y106.642 E.19478
G1 X105.792 Y106.642 E.22105
G1 X105.792 Y113.998 E.19321
G1 X109.183 Y115.787 F9000
M204 P1000
;TYPE:Sparse infill
G1 F3600
G1 X110.562 Y115.787 E.03623
G1 X111.935 Y114.413 E.05103
G1 X113.523 Y114.413 E.04169
G1 X112.149 Y115.787 E.05103
G1 X113.736 Y115.787 E.04169
G1 X117.787 Y111.736 E.15047
G1 X117.787 Y113.323 E.04169
G1 X115.323 Y115.787 E.09151
G1 X116.91 Y115.787 E.04169
G1 X117.787 Y114.91 E.03255
G1 X117.787 Y115.787 E.02302
G1 X117.118 Y115.787 E.01756
G1 X117.787 Y105.18 F9000
G1 F3600
G1 X117.787 Y104.213 E.02539
G1 X117.374 Y104.213 E.01084
G1 X114.563 Y107.024 E.10441
G1 X114.563 Y108.611 E.04169
G1 X117.787 Y105.388 E.11975
G1 X117.787 Y106.975 E.04169
G1 X114.563 Y110.198 E.11975
G1 X114.563 Y111.785 E.04169
G1 X117.787 Y108.562 E.11975
G1 X117.787 Y110.149 E.04169
G1 X114.563 Y113.373 E.11975
G1 X114.563 Y114.413 E.02734
G1 X113.73 Y114.413 E.02188
G1 X111.728 Y114.413 F9000
G1 F3600
G1 X110.348 Y114.413 E.03623
G1 X108.975 Y115.787 E.05103
G1 X107.388 Y115.787 E.04169
G1 X108.761 Y114.413 E.05103
G1 X107.174 Y114.413 E.04169
G1 X105.8 Y115.787 E.05103
G1 X104.213 Y115.787 E.04169
G1 X105.587 Y114.413 E.05103
G1 X105.437 Y114.413 E.00394
G1 X105.437 Y112.976 E.03775
G1 X102.626 Y115.787 E.10441
G1 X102.213 Y115.787 E.01084
G1 X102.213 Y114.612 E.03085
G1 X105.437 Y111.389 E.11975
G1 X105.437 Y109.802 E.04169
G1 X102.213 Y113.025 E.11975
G1 X102.213 Y111.646 E.03623
G1 X105.437 Y109.594 F9000
G1 F3600
G1 X105.437 Y108.215 E.03623
G1 X102.213 Y111.438 E.11975
G1 X102.213 Y109.851 E.04169
G1 X105.437 Y106.627 E.11975
G1 X105.437 Y106.287 E.00895
G1 X105.777 Y106.287 E.00895
G1 X107.851 Y104.213 E.07703
G1 X109.438 Y104.213 E.04169
G1 X107.365 Y106.287 E.07703
G1 X108.952 Y106.287 E.04169
G1 X111.025 Y104.213 E.07703
G1 X112.612 Y104.213 E.04169
G1 X110.539 Y106.287 E.07703
G1 X112.126 Y106.287 E.04169
G1 X114.2 Y104.213 E.07703
G1 X115.787 Y104.213 E.04169
G1 X113.713 Y106.287 E.07703
G1 X112.334 Y106.287 E.03623
G1 X107.643 Y104.213 F9000
G1 F3600
G1 X106.264 Y104.213 E.03623
G1 X102.213 Y108.264 E.15047
G1 X102.213 Y106.677 E.04169
G1 X104.677 Y104.213 E.09151
G1 X103.09 Y104.213 E.04169
G1 X102.213 Y105.09 E.03255
G1 X102.213 Y104.213 E.02302
G1 X102.882 Y104.213 E.01756
; stop printing object hall_island_coupon.stl id:0 copy 0
;LAYER_CHANGE
;Z:2.8
;HEIGHT:0.16
G92 E0 ; zero the extruded length again
; BEFORE_LAYER_CHANGE 16 @ 2.8mm
G1 E-.7 F2100
;WIPE_START
G1 F3600
G1 X102.213 Y104.213 E-.20054
G1 X102.213 Y104.545 E-.09946
;WIPE_END
; AFTER_LAYER_CHANGE 16 @ 2.8mm
;_SET_FAN_SPEED_CHANGING_LAYER
; printing object hall_island_coupon.stl id:0 copy 0
G1 F9000
G1 X102.254 Y105.071 Z2.82857
G1 X101.868 Y105.432 Z2.85714
G1 X101.346 Y105.354 Z2.88571
G1 X101.081 Y104.898 Z2.91429
G1 X101.272 Y104.406 Z2.94286
G1 X101.776 Y104.249 Z2.97143
G1 X102.213 Y104.545 Z3
G1 X107.026 Y112.824 Z3
G1 X112.974 Y112.824
G1 X112.974 Y112.653
G1 X119.377 Y117.377
G1 X119.79 Y117.79
G1 Z2.8
G1 E1 F2100
;TYPE:Outer wall
;WIDTH:0.42
G1 F1800
G1 X100.21 Y117.79 E.4772
G1 X100.21 Y102.21 E.37971
G1 X119.79 Y102.21 E.4772
G1 X119.79 Y117.73 E.37825
G1 X119.377 Y117.377 F9000
G1 X119.389 Y117.389
M204 P1500
;TYPE:Inner wall
;WIDTH:0.45
G1 F2700
G1 X100.611 Y117.389 E.49327
G1 X100.611 Y102.611 E.3882
G1 X119.389 Y102.611 E.49327
G1 X119.389 Y117.329 E.38662
G1 X118.974 Y116.974 F9000
G1 F2700
G1 X101.026 Y116.974 E.47143
G1 X101.026 Y103.026 E.36636
G1 X118.974 Y103.026 E.47143
G1 X118.974 Y116.914 E.36479
G1 X118.558 Y116.558 F9000
G1 F2700
G1 X101.442 Y116.558 E.4496
G1 X101.442 Y103.442 E.34453
G1 X118.558 Y103.442 E.4496
G1 X118.558 Y116.498 E.34295
G1 X118.142 Y116.142 F9000
G1 F2700
G1 X101.858 Y116.142 E.42776
G1 X101.858 Y103.858 E.32269
G1 X118.142 Y103.858 E.42776
G1 X118.142 Y116.082 E.32111
G1 E-.7 F2100
;WIPE_START
G1 F2700
G1 X117.142 Y116.086 E-.3
;WIPE_END
G1 X113.574 Y114.734 Z3 F9000
G1 X108.531 Y112.824 Z3
G1 X107.44 Y112.824
G1 X107.44 Y112.41
G1 Z2.8
G1 E1 F2100
M204 P1000
;TYPE:Outer wall
;WIDTH:0.42
G1 F1800
G1 X112.56 Y112.41 E.12478
G1 X112.56 Y108.29 E.10041
G1 X107.44 Y108.29 E.12478
G1 X107.44 Y112.35 E.09895
G1 X107.026 Y112.35 F9000
G1 X107.026 Y112.824
G1 X107.039 Y112.824
G1 X107.039 Y112.811
M204 P1500
;TYPE:Inner wall
;WIDTH:0.45
G1 F2700
G1 X112.961 Y112.811 E.15554
G1 X112.961 Y107.889 E.12927
G1 X107.039 Y107.889 E.15554
G1 X107.039 Y112.751 E.1277
G1 X106.624 Y113.226 F9000
G1 F2700
G1 X113.376 Y113.226 E.17738
G1 X113.376 Y107.474 E.15111
G1 X106.624 Y107.474 E.17738
G1 X106.624 Y113.166 E.14953
G1 X106.208 Y113.642 F9000
G1 F2700
G1 X113.792 Y113.642 E.19921
G1 X113.792 Y107.058 E.17295
G1 X106.208 Y107.058 E.19921
G1 X106.208 Y113.582 E.17137
G1 X105.792 Y114.058 F9000
G1 F2700
G1 X114.208 Y114.058 E.22105
G1 X114.208 Y106.642 E.19478
G1 X105.792 Y106.642 E.22105
G1 X105.792 Y113.998 E.19321
G1 X109.183 Y115.787 F9000
M204 P1000
;TYPE:Sparse infill
G1 F3600
G1 X110.562 Y115.787 E.03623
G1 X111.935 Y114.413 E.05103
G1 X113.523 Y114.413 E.04169
G1 X112.149 Y115.787 E.05103
G1 X113.736 Y115.787 E.04169
G1 X117.787 Y111.736 E.15047
G1 X117.787 Y113.323 E.04169
G1 X115.323 Y115.787 E.09151
G1 X116.91 Y115.787 E.04169
G1 X117.787 Y114.91 E.03255
G1 X117.787 Y115.787 E.02302
G1 X117.118 Y115.787 E.01756
G1 X117.787 Y105.18 F9000
G1 F3600
G1 X117.787 Y104.213 E.02539
G1 X117.374 Y104.213 E.01084
G1 X114.563 Y107.024 E.10441
G1 X114.563 Y108.611 E.04169
G1 X117.787 Y105.388 E.11975
G1 X117.787 Y106.975 E.04169
G1 X114.563 Y110.198 E.11975
G1 X114.563 Y111.785 E.04169
G1 X117.787 Y108.562 E.11975
G1 X117.787 Y110.149 E.04169
G1 X114.563 Y113.373 E.11975
G1 X114.563 Y114.413 E.02734
G1 X113.73 Y114.413 E.02188
G1 X111.728 Y114.413 F9000
G1 F3600
G1 X110.348 Y114.413 E.03623
G1 X108.975 Y115.787 E.05103
G1 X107.388 Y115.787 E.04169
G1 X108.761 Y114.413 E.05103
G1 X107.174 Y114.413 E.04169
G1 X105.8 Y115.787 E.05103
G1 X104.213 Y115.787 E.04169
G1 X105.587 Y114.413 E.05103
G1 X105.437 Y114.413 E.00394
G1 X105.437 Y112.976 E.03775
G1 X102.626 Y115.787 E.10441
G1 X102.213 Y115.787 E.01084
G1 X102.213 Y114.612 E.03085
G1 X105.437 Y111.389 E.11975
G1 X105.437 Y109.802 E.04169
G1 X102.213 Y113.025 E.11975
G1 X102.213 Y111.646 E.03623
G1 X105.437 Y109.594 F9000
G1 F3600
G1 X105.437 Y108.215 E.03623
G1 X102.213 Y111.438 E.11975
G1 X102.213 Y109.851 E.04169
G1 X105.437 Y106.627 E.11975
G1 X105.437 Y106.287 E.00895
G1 X105.777 Y106.287 E.00895
G1 X107.851 Y104.213 E.07703
G1 X109.438 Y104.213 E.04169
G1 X107.365 Y106.287 E.07703
G1 X108.952 Y106.287 E.04169
G1 X111.025 Y104.213 E.07703
G1 X112.612 Y104.213 E.04169
G1 X110.539 Y106.287 E.07703
G1 X112.126 Y106.287 E.04169
G1 X114.2 Y104.213 E.07703
G1 X115.787 Y104.213 E.04169
G1 X113.713 Y106.287 E.07703
G1 X112.334 Y106.287 E.03623
G1 X107.643 Y104.213 F9000
G1 F3600
G1 X106.264 Y104.213 E.03623
G1 X102.213 Y108.264 E.15047
G1 X102.213 Y106.677 E.04169
G1 X104.677 Y104.213 E.09151
G1 X103.09 Y104.213 E.04169
G1 X102.213 Y105.09 E.03255
G1 X102.213 Y104.213 E.02302
G1 X102.882 Y104.213 E.01756
; stop printing object hall_island_coupon.stl id:0 copy 0
;LAYER_CHANGE
;Z:2.96
;HEIGHT:0.16
G92 E0 ; zero the extruded length again
; BEFORE_LAYER_CHANGE 17 @ 2.96mm
G1 E-.7 F2100
;WIPE_START
G1 F3600
G1 X102.213 Y104.213 E-.20054
G1 X102.213 Y104.545 E-.09946
;WIPE_END
; AFTER_LAYER_CHANGE 17 @ 2.96mm
;_SET_FAN_SPEED_CHANGING_LAYER
; printing object hall_island_coupon.stl id:0 copy 0
G1 F9000
G1 X102.254 Y105.071 Z2.98857
G1 X101.868 Y105.432 Z3.01714
G1 X101.346 Y105.354 Z3.04571
G1 X101.081 Y104.898 Z3.07429
G1 X101.272 Y104.406 Z3.10286
G1 X101.776 Y104.249 Z3.13143
G1 X102.213 Y104.545 Z3.16
G1 X107.026 Y112.824 Z3.16
G1 X112.974 Y112.824
G1 X112.974 Y112.653
G1 X119.377 Y117.377
G1 X119.79 Y117.79
G1 Z2.96
G1 E1 F2100
;TYPE:Outer wall
;WIDTH:0.42
G1 F1800
G1 X100.21 Y117.79 E.4772
G1 X100.21 Y102.21 E.37971
G1 X119.79 Y102.21 E.4772
G1 X119.79 Y117.73 E.37825
G1 X119.377 Y117.377 F9000
G1 X119.389 Y117.389
M204 P1500
;TYPE:Inner wall
;WIDTH:0.45
G1 F2700
G1 X100.611 Y117.389 E.49327
G1 X100.611 Y102.611 E.3882
G1 X119.389 Y102.611 E.49327
G1 X119.389 Y117.329 E.38662
G1 X118.974 Y116.974 F9000
G1 F2700
G1 X101.026 Y116.974 E.47143
G1 X101.026 Y103.026 E.36636
G1 X118.974 Y103.026 E.47143
G1 X118.974 Y116.914 E.36479
G1 X118.558 Y116.558 F9000
G1 F2700
G1 X101.442 Y116.558 E.4496
G1 X101.442 Y103.442 E.34453
G1 X118.558 Y103.442 E.4496
G1 X118.558 Y116.498 E.34295
G1 X118.142 Y116.142 F9000
G1 F2700
G1 X101.858 Y116.142 E.42776
G1 X101.858 Y103.858 E.32269
G1 X118.142 Y103.858 E.42776
G1 X118.142 Y116.082 E.32111
G1 E-.7 F2100
;WIPE_START
G1 F2700
G1 X117.142 Y116.086 E-.3
;WIPE_END
G1 X113.574 Y114.734 Z3.16 F9000
G1 X108.531 Y112.824 Z3.16
G1 X107.44 Y112.824
G1 X107.44 Y112.41
G1 Z2.96
G1 E1 F2100
M204 P1000
;TYPE:Outer wall
;WIDTH:0.42
G1 F1800
G1 X112.56 Y112.41 E.12478
G1 X112.56 Y108.29 E.10041
G1 X107.44 Y108.29 E.12478
G1 X107.44 Y112.35 E.09895
G1 X107.026 Y112.35 F9000
G1 X107.026 Y112.824
G1 X107.039 Y112.824
G1 X107.039 Y112.811
M204 P1500
;TYPE:Inner wall
;WIDTH:0.45
G1 F2700
G1 X112.961 Y112.811 E.15554
G1 X112.961 Y107.889 E.12927
G1 X107.039 Y107.889 E.15554
G1 X107.039 Y112.751 E.1277
G1 X106.624 Y113.226 F9000
G1 F2700
G1 X113.376 Y113.226 E.17738
G1 X113.376 Y107.474 E.15111
G1 X106.624 Y107.474 E.17738
G1 X106.624 Y113.166 E.14953
G1 X106.208 Y113.642 F9000
G1 F2700
G1 X113.792 Y113.642 E.19921
G1 X113.792 Y107.058 E.17295
G1 X106.208 Y107.058 E.19921
G1 X106.208 Y113.582 E.17137
G1 X105.792 Y114.058 F9000
G1 F2700
G1 X114.208 Y114.058 E.22105
G1 X114.208 Y106.642 E.19478
G1 X105.792 Y106.642 E.22105
G1 X105.792 Y113.998 E.19321
G1 X109.183 Y115.787 F9000
M204 P1000
;TYPE:Sparse infill
G1 F3600
G1 X110.562 Y115.787 E.03623
G1 X111.935 Y114.413 E.05103
G1 X113.523 Y114.413 E.04169
G1 X112.149 Y115.787 E.05103
G1 X113.736 Y115.787 E.04169
G1 X117.787 Y111.736 E.15047
G1 X117.787 Y113.323 E.04169
G1 X115.323 Y115.787 E.09151
G1 X116.91 Y115.787 E.04169
G1 X117.787 Y114.91 E.03255
G1 X117.787 Y115.787 E.02302
G1 X117.118 Y115.787 E.01756
G1 X117.787 Y105.18 F9000
G1 F3600
G1 X117.787 Y104.213 E.02539
G1 X117.374 Y104.213 E.01084
G1 X114.563 Y107.024 E.10441
G1 X114.563 Y108.611 E.04169
G1 X117.787 Y105.388 E.11975
G1 X117.787 Y106.975 E.04169
G1 X114.563 Y110.198 E.11975
G1 X114.563 Y111.785 E.04169
G1 X117.787 Y108.562 E.11975
G1 X117.787 Y110.149 E.04169
G1 X114.563 Y113.373 E.11975
G1 X114.563 Y114.413 E.02734
G1 X113.73 Y114.413 E.02188
G1 X111.728 Y114.413 F9000
G1 F3600
G1 X110.348 Y114.413 E.03623
G1 X108.975 Y115.787 E.05103
G1 X107.388 Y115.787 E.04169
G1 X108.761 Y114.413 E.05103
G1 X107.174 Y114.413 E.04169
G1 X105.8 Y115.787 E.05103
G1 X104.213 Y115.787 E.04169
G1 X105.587 Y114.413 E.05103
G1 X105.437 Y114.413 E.00394
G1 X105.437 Y112.976 E.03775
G1 X102.626 Y115.787 E.10441
G1 X102.213 Y115.787 E.01084
G1 X102.213 Y114.612 E.03085
G1 X105.437 Y111.389 E.11975
G1 X105.437 Y109.802 E.04169
G1 X102.213 Y113.025 E.11975
G1 X102.213 Y111.646 E.03623
G1 X105.437 Y109.594 F9000
G1 F3600
G1 X105.437 Y108.215 E.03623
G1 X102.213 Y111.438 E.11975
G1 X102.213 Y109.851 E.04169
G1 X105.437 Y106.627 E.11975
G1 X105.437 Y106.287 E.00895
G1 X105.777 Y106.287 E.00895
G1 X107.851 Y104.213 E.07703
G1 X109.438 Y104.213 E.04169
G1 X107.365 Y106.287 E.07703
G1 X108.952 Y106.287 E.04169
G1 X111.025 Y104.213 E.07703
G1 X112.612 Y104.213 E.04169
G1 X110.539 Y106.287 E.07703
G1 X112.126 Y106.287 E.04169
G1 X114.2 Y104.213 E.07703
G1 X115.787 Y104.213 E.04169
G1 X113.713 Y106.287 E.07703
G1 X112.334 Y106.287 E.03623
G1 X107.643 Y104.213 F9000
G1 F3600
G1 X106.264 Y104.213 E.03623
G1 X102.213 Y108.264 E.15047
G1 X102.213 Y106.677 E.04169
G1 X104.677 Y104.213 E.09151
G1 X103.09 Y104.213 E.04169
G1 X102.213 Y105.09 E.03255
G1 X102.213 Y104.213 E.02302
G1 X102.882 Y104.213 E.01756
; stop printing object hall_island_coupon.stl id:0 copy 0
;LAYER_CHANGE
;Z:3.12
;HEIGHT:0.16
G92 E0 ; zero the extruded length again
; BEFORE_LAYER_CHANGE 18 @ 3.12mm
G1 E-.7 F2100
;WIPE_START
G1 F3600
G1 X102.213 Y104.213 E-.20054
G1 X102.213 Y104.545 E-.09946
;WIPE_END
; AFTER_LAYER_CHANGE 18 @ 3.12mm
;_SET_FAN_SPEED_CHANGING_LAYER
; printing object hall_island_coupon.stl id:0 copy 0
G1 F9000
G1 X102.254 Y105.071 Z3.14857
G1 X101.868 Y105.432 Z3.17714
G1 X101.346 Y105.354 Z3.20571
G1 X101.081 Y104.898 Z3.23429
G1 X101.272 Y104.406 Z3.26286
G1 X101.776 Y104.249 Z3.29143
G1 X102.213 Y104.545 Z3.32
G1 X107.026 Y112.824 Z3.32
G1 X112.974 Y112.824
G1 X112.974 Y112.653
G1 X119.377 Y117.377
G1 X119.79 Y117.79
G1 Z3.12
G1 E1 F2100
;TYPE:Outer wall
;WIDTH:0.42
G1 F1800
G1 X100.21 Y117.79 E.4772
G1 X100.21 Y102.21 E.37971
G1 X119.79 Y102.21 E.4772
G1 X119.79 Y117.73 E.37825
G1 X119.377 Y117.377 F9000
G1 X119.389 Y117.389
M204 P1500
;TYPE:Inner wall
;WIDTH:0.45
G1 F2700
G1 X100.611 Y117.389 E.49327
G1 X100.611 Y102.611 E.3882
G1 X119.389 Y102.611 E.49327
G1 X119.389 Y117.329 E.38662
G1 X118.974 Y116.974 F9000
G1 F2700
G1 X101.026 Y116.974 E.47143
G1 X101.026 Y103.026 E.36636
G1 X118.974 Y103.026 E.47143
G1 X118.974 Y116.914 E.36479
G1 X118.558 Y116.558 F9000
G1 F2700
G1 X101.442 Y116.558 E.4496
G1 X101.442 Y103.442 E.34453
G1 X118.558 Y103.442 E.4496
G1 X118.558 Y116.498 E.34295
G1 X118.142 Y116.142 F9000
G1 F2700
G1 X101.858 Y116.142 E.42776
G1 X101.858 Y103.858 E.32269
G1 X118.142 Y103.858 E.42776
G1 X118.142 Y116.082 E.32111
G1 E-.7 F2100
;WIPE_START
G1 F2700
G1 X117.142 Y116.086 E-.3
;WIPE_END
G1 X113.574 Y114.734 Z3.32 F9000
G1 X108.531 Y112.824 Z3.32
G1 X107.44 Y112.824
G1 X107.44 Y112.41
G1 Z3.12
G1 E1 F2100
M204 P1000
;TYPE:Outer wall
;WIDTH:0.42
G1 F1800
G1 X112.56 Y112.41 E.12478
G1 X112.56 Y108.29 E.10041
G1 X107.44 Y108.29 E.12478
G1 X107.44 Y112.35 E.09895
G1 X107.026 Y112.35 F9000
G1 X107.026 Y112.824
G1 X107.039 Y112.824
G1 X107.039 Y112.811
M204 P1500
;TYPE:Inner wall
;WIDTH:0.45
G1 F2700
G1 X112.961 Y112.811 E.15554
G1 X112.961 Y107.889 E.12927
G1 X107.039 Y107.889 E.15554
G1 X107.039 Y112.751 E.1277
G1 X106.624 Y113.226 F9000
G1 F2700
G1 X113.376 Y113.226 E.17738
G1 X113.376 Y107.474 E.15111
G1 X106.624 Y107.474 E.17738
G1 X106.624 Y113.166 E.14953
G1 X106.208 Y113.642 F9000
G1 F2700
G1 X113.792 Y113.642 E.19921
G1 X113.792 Y107.058 E.17295
G1 X106.208 Y107.058 E.19921
G1 X106.208 Y113.582 E.17137
G1 X105.792 Y114.058 F9000
G1 F2700
G1 X114.208 Y114.058 E.22105
G1 X114.208 Y106.642 E.19478
G1 X105.792 Y106.642 E.22105
G1 X105.792 Y113.998 E.19321
G1 X109.183 Y115.787 F9000
M204 P1000
;TYPE:Sparse infill
G1 F3600
G1 X110.562 Y115.787 E.03623
G1 X111.935 Y114.413 E.05103
G1 X113.523 Y114.413 E.04169
G1 X112.149 Y115.787 E.05103
G1 X113.736 Y115.787 E.04169
G1 X117.787 Y111.736 E.15047
G1 X117.787 Y113.323 E.04169
G1 X115.323 Y115.787 E.09151
G1 X116.91 Y115.787 E.04169
G1 X117.787 Y114.91 E.03255
G1 X117.787 Y115.787 E.02302
G1 X117.118 Y115.787 E.01756
G1 X117.787 Y105.18 F9000
G1 F3600
G1 X117.787 Y104.213 E.02539
G1 X117.374 Y104.213 E.01084
G1 X114.563 Y107.024 E.10441
G1 X114.563 Y108.611 E.04169
G1 X117.787 Y105.388 E.11975
G1 X117.787 Y106.975 E.04169
G1 X114.563 Y110.198 E.11975
G1 X114.563 Y111.785 E.04169
G1 X117.787 Y108.562 E.11975
G1 X117.787 Y110.149 E.04169
G1 X114.563 Y113.373 E.11975
G1 X114.563 Y114.413 E.02734
G1 X113.73 Y114.413 E.02188
G1 X111.728 Y114.413 F9000
G1 F3600
G1 X110.348 Y114.413 E.03623
G1 X108.975 Y115.787 E.05103
G1 X107.388 Y115.787 E.04169
G1 X108.761 Y114.413 E.05103
G1 X107.174 Y114.413 E.04169
G1 X105.8 Y115.787 E.05103
G1 X104.213 Y115.787 E.04169
G1 X105.587 Y114.413 E.05103
G1 X105.437 Y114.413 E.00394
G1 X105.437 Y112.976 E.03775
G1 X102.626 Y115.787 E.10441
G1 X102.213 Y115.787 E.01084
G1 X102.213 Y114.612 E.03085
G1 X105.437 Y111.389 E.11975
G1 X105.437 Y109.802 E.04169
G1 X102.213 Y113.025 E.11975
G1 X102.213 Y111.646 E.03623
G1 X105.437 Y109.594 F9000
G1 F3600
G1 X105.437 Y108.215 E.03623
G1 X102.213 Y111.438 E.11975
G1 X102.213 Y109.851 E.04169
G1 X105.437 Y106.627 E.11975
G1 X105.437 Y106.287 E.00895
G1 X105.777 Y106.287 E.00895
G1 X107.851 Y104.213 E.07703
G1 X109.438 Y104.213 E.04169
G1 X107.365 Y106.287 E.07703
G1 X108.952 Y106.287 E.04169
G1 X111.025 Y104.213 E.07703
G1 X112.612 Y104.213 E.04169
G1 X110.539 Y106.287 E.07703
G1 X112.126 Y106.287 E.04169
G1 X114.2 Y104.213 E.07703
G1 X115.787 Y104.213 E.04169
G1 X113.713 Y106.287 E.07703
G1 X112.334 Y106.287 E.03623
G1 X107.643 Y104.213 F9000
G1 F3600
G1 X106.264 Y104.213 E.03623
G1 X102.213 Y108.264 E.15047
G1 X102.213 Y106.677 E.04169
G1 X104.677 Y104.213 E.09151
G1 X103.09 Y104.213 E.04169
G1 X102.213 Y105.09 E.03255
G1 X102.213 Y104.213 E.02302
G1 X102.882 Y104.213 E.01756
; stop printing object hall_island_coupon.stl id:0 copy 0
;LAYER_CHANGE
;Z:3.28
;HEIGHT:0.16
G92 E0 ; zero the extruded length again
; BEFORE_LAYER_CHANGE 19 @ 3.28mm
G1 E-.7 F2100
;WIPE_START
G1 F3600
G1 X102.213 Y104.213 E-.20054
G1 X102.213 Y104.545 E-.09946
;WIPE_END
; AFTER_LAYER_CHANGE 19 @ 3.28mm
;_SET_FAN_SPEED_CHANGING_LAYER
; printing object hall_island_coupon.stl id:0 copy 0
G1 F9000
G1 X102.254 Y105.071 Z3.30857
G1 X101.868 Y105.432 Z3.33714
G1 X101.346 Y105.354 Z3.36571
G1 X101.081 Y104.898 Z3.39429
G1 X101.272 Y104.406 Z3.42286
G1 X101.776 Y104.249 Z3.45143
G1 X102.213 Y104.545 Z3.48
G1 X107.026 Y112.824 Z3.48
G1 X112.974 Y112.824
G1 X112.974 Y112.653
G1 X119.377 Y117.377
G1 X119.79 Y117.79
G1 Z3.28
G1 E1 F2100
;TYPE:Outer wall
;WIDTH:0.42
G1 F1800
G1 X100.21 Y117.79 E.4772
G1 X100.21 Y102.21 E.37971
G1 X119.79 Y102.21 E.4772
G1 X119.79 Y117.73 E.37825
G1 X119.377 Y117.377 F9000
G1 X119.389 Y117.389
M204 P1500
;TYPE:Inner wall
;WIDTH:0.45
G1 F2700
G1 X100.611 Y117.389 E.49327
G1 X100.611 Y102.611 E.3882
G1 X119.389 Y102.611 E.49327
G1 X119.389 Y117.329 E.38662
G1 X118.974 Y116.974 F9000
G1 F2700
G1 X101.026 Y116.974 E.47143
G1 X101.026 Y103.026 E.36636
G1 X118.974 Y103.026 E.47143
G1 X118.974 Y116.914 E.36479
G1 X118.558 Y116.558 F9000
G1 F2700
G1 X101.442 Y116.558 E.4496
G1 X101.442 Y103.442 E.34453
G1 X118.558 Y103.442 E.4496
G1 X118.558 Y116.498 E.34295
G1 X118.142 Y116.142 F9000
G1 F2700
G1 X101.858 Y116.142 E.42776
G1 X101.858 Y103.858 E.32269
G1 X118.142 Y103.858 E.42776
G1 X118.142 Y116.082 E.32111
G1 E-.7 F2100
;WIPE_START
G1 F2700
G1 X117.142 Y116.086 E-.3
;WIPE_END
G1 X113.574 Y114.734 Z3.48 F9000
G1 X108.531 Y112.824 Z3.48
G1 X107.44 Y112.824
G1 X107.44 Y112.41
G1 Z3.28
G1 E1 F2100
M204 P1000
;TYPE:Outer wall
;WIDTH:0.42
G1 F1800
G1 X112.56 Y112.41 E.12478
G1 X112.56 Y108.29 E.10041
G1 X107.44 Y108.29 E.12478
G1 X107.44 Y112.35 E.09895
G1 X107.026 Y112.35 F9000
G1 X107.026 Y112.824
G1 X107.039 Y112.824
G1 X107.039 Y112.811
M204 P1500
;TYPE:Inner wall
;WIDTH:0.45
G1 F2700
G1 X112.961 Y112.811 E.15554
G1 X112.961 Y107.889 E.12927
G1 X107.039 Y107.889 E.15554
G1 X107.039 Y112.751 E.1277
G1 X106.624 Y113.226 F9000
G1 F2700
G1 X113.376 Y113.226 E.17738
G1 X113.376 Y107.474 E.15111
G1 X106.624 Y107.474 E.17738
G1 X106.624 Y113.166 E.14953
G1 X106.208 Y113.642 F9000
G1 F2700
G1 X113.792 Y113.642 E.19921
G1 X113.792 Y107.058 E.17295
G1 X106.208 Y107.058 E.19921
G1 X106.208 Y113.582 E.17137
G1 X105.792 Y114.058 F9000
G1 F2700
G1 X114.208 Y114.058 E.22105
G1 X114.208 Y106.642 E.19478
G1 X105.792 Y106.642 E.22105
G1 X105.792 Y113.998 E.19321
G1 X105.437 Y109.504 F9000
M204 P1000
;TYPE:Sparse infill
G1 F3600
G1 X105.437 Y108.124 E.03623
G1 X104.966 Y108.81 E.02184
G1 X104.842 Y108.934 E.00461
G1 X104.048 Y109.479 E.02529
G1 X103.924 Y109.603 E.00461
G1 X103.379 Y110.397 E.02529
G1 X103.255 Y110.521 E.00461
G1 X102.461 Y111.066 E.02529
G1 X102.337 Y111.19 E.00461
G1 X102.213 Y111.37 E.00573
G1 X102.213 Y112.957 E.04169
G1 X102.337 Y112.778 E.00573
G1 X102.461 Y112.653 E.00461
G1 X103.255 Y112.108 E.02529
G1 X103.379 Y111.984 E.00461
G1 X103.924 Y111.19 E.02529
G1 X104.048 Y111.066 E.00461
G1 X104.842 Y110.521 E.02529
G1 X104.966 Y110.397 E.00461
G1 X105.437 Y109.711 E.02184
G1 X105.437 Y111.299 E.04169
G1 X104.966 Y111.984 E.02184
G1 X104.842 Y112.108 E.00461
G1 X104.048 Y112.653 E.02529
G1 X103.924 Y112.778 E.00461
G1 X103.379 Y113.571 E.02529
G1 X103.255 Y113.695 E.00461
G1 X102.461 Y114.241 E.02529
G1 X102.337 Y114.365 E.00461
G1 X102.213 Y114.545 E.00573
G1 X102.213 Y115.787 E.03263
G1 X102.52 Y115.787 E.00807
G1 X103.255 Y115.282 E.02339
G1 X103.379 Y115.158 E.00461
G1 X103.924 Y114.365 E.02529
G1 X104.048 Y114.241 E.00461
G1 X104.842 Y113.695 E.02529
G1 X104.966 Y113.571 E.00461
G1 X105.437 Y112.886 E.02184
G1 X105.437 Y114.413 E.04012
G1 X105.478 Y114.413 E.00108
G1 X104.966 Y115.158 E.02374
G1 X104.842 Y115.282 E.00461
G1 X104.108 Y115.787 E.02339
G1 X105.695 Y115.787 E.04169
G1 X106.429 Y115.282 E.02339
G1 X106.553 Y115.158 E.00461
G1 X107.065 Y114.413 E.02374
G1 X108.652 Y114.413 E.04169
G1 X108.14 Y115.158 E.02374
G1 X108.016 Y115.282 E.00461
G1 X107.282 Y115.787 E.02339
G1 X108.869 Y115.787 E.04169
G1 X109.603 Y115.282 E.02339
G1 X109.727 Y115.158 E.00461
G1 X110.239 Y114.413 E.02374
G1 X111.826 Y114.413 E.04169
G1 X111.315 Y115.158 E.02374
G1 X111.19 Y115.282 E.00461
G1 X110.456 Y115.787 E.02339
G1 X112.043 Y115.787 E.04169
G1 X112.778 Y115.282 E.02339
G1 X112.902 Y115.158 E.00461
G1 X113.414 Y114.413 E.02374
G1 X114.563 Y114.413 E.0302
G1 X114.563 Y113.671 E.0195
G1 X112.251 Y115.787 F9000
G1 F3600
G1 X113.631 Y115.787 E.03623
G1 X114.365 Y115.282 E.02339
G1 X114.489 Y115.158 E.00461
G1 X115.034 Y114.365 E.02529
G1 X115.158 Y114.241 E.00461
G1 X115.952 Y113.695 E.02529
G1 X116.076 Y113.571 E.00461
G1 X116.621 Y112.778 E.02529
G1 X116.745 Y112.653 E.00461
G1 X117.539 Y112.108 E.02529
G1 X117.663 Y111.984 E.00461
G1 X117.787 Y111.804 E.00573
G1 X117.787 Y113.391 E.04169
G1 X117.663 Y113.571 E.00573
G1 X117.539 Y113.695 E.00461
G1 X116.745 Y114.241 E.02529
G1 X116.621 Y114.365 E.00461
G1 X116.076 Y115.158 E.02529
G1 X115.952 Y115.282 E.00461
G1 X115.218 Y115.787 E.02339
G1 X116.805 Y115.787 E.04169
G1 X117.539 Y115.282 E.02339
G1 X117.663 Y115.158 E.00461
G1 X117.787 Y114.978 E.00573
G1 X117.787 Y115.787 E.02124
G1 X117.013 Y115.787 E.02033
G1 X117.787 Y111.596 F9000
G1 F3600
G1 X117.787 Y110.217 E.03623
G1 X117.663 Y110.397 E.00573
G1 X117.539 Y110.521 E.00461
G1 X116.745 Y111.066 E.02529
G1 X116.621 Y111.19 E.00461
G1 X116.076 Y111.984 E.02529
G1 X115.952 Y112.108 E.00461
G1 X115.158 Y112.653 E.02529
G1 X115.034 Y112.778 E.00461
G1 X114.563 Y113.463 E.02184
G1 X114.563 Y111.876 E.04169
G1 X115.034 Y111.19 E.02184
G1 X115.158 Y111.066 E.00461
G1 X115.952 Y110.521 E.02529
G1 X116.076 Y110.397 E.00461
G1 X116.621 Y109.603 E.02529
G1 X116.745 Y109.479 E.00461
G1 X117.539 Y108.934 E.02529
G1 X117.663 Y108.81 E.00461
G1 X117.787 Y108.63 E.00573
G1 X117.787 Y107.043 E.04169
G1 X117.663 Y107.222 E.00573
G1 X117.539 Y107.347 E.00461
G1 X116.745 Y107.892 E.02529
G1 X116.621 Y108.016 E.00461
G1 X116.076 Y108.81 E.02529
G1 X115.952 Y108.934 E.00461
G1 X115.158 Y109.479 E.02529
G1 X115.034 Y109.603 E.00461
G1 X114.563 Y110.289 E.02184
G1 X114.563 Y108.701 E.04169
G1 X115.034 Y108.016 E.02184
G1 X115.158 Y107.892 E.00461
G1 X115.952 Y107.347 E.02529
G1 X116.076 Y107.222 E.00461
G1 X116.621 Y106.429 E.02529
G1 X116.745 Y106.305 E.00461
G1 X117.539 Y105.759 E.02529
G1 X117.663 Y105.635 E.00461
G1 X117.787 Y105.455 E.00573
G1 X117.787 Y104.213 E.03263
G1 X117.479 Y104.213 E.00807
G1 X116.745 Y104.718 E.02339
G1 X116.621 Y104.842 E.00461
G1 X116.076 Y105.635 E.02529
G1 X115.952 Y105.759 E.00461
G1 X115.158 Y106.305 E.02529
G1 X115.034 Y106.429 E.00461
G1 X114.563 Y107.114 E.02184
G1 X114.563 Y106.287 E.02174
G1 X113.805 Y106.287 E.01992
G1 X112.51 Y104.213 F9000
G1 F3600
G1 X111.131 Y104.213 E.03623
G1 X110.397 Y104.718 E.02339
G1 X110.273 Y104.842 E.00461
G1 X109.727 Y105.635 E.02529
G1 X109.603 Y105.759 E.00461
G1 X108.836 Y106.287 E.02446
G1 X107.249 Y106.287 E.04169
G1 X108.016 Y105.759 E.02446
G1 X108.14 Y105.635 E.00461
G1 X108.685 Y104.842 E.02529
G1 X108.81 Y104.718 E.00461
G1 X109.544 Y104.213 E.02339
G1 X107.957 Y104.213 E.04169
G1 X107.222 Y104.718 E.02339
G1 X107.098 Y104.842 E.00461
G1 X106.553 Y105.635 E.02529
G1 X106.429 Y105.759 E.00461
G1 X105.661 Y106.287 E.02446
G1 X105.437 Y106.287 E.0059
G1 X105.437 Y106.537 E.00657
G1 X104.966 Y107.222 E.02184
G1 X104.842 Y107.347 E.00461
G1 X104.048 Y107.892 E.02529
G1 X103.924 Y108.016 E.00461
G1 X103.379 Y108.81 E.02529
G1 X103.255 Y108.934 E.00461
G1 X102.461 Y109.479 E.02529
G1 X102.337 Y109.603 E.00461
G1 X102.213 Y109.783 E.00573
G1 X102.213 Y108.196 E.04169
G1 X102.337 Y108.016 E.00573
G1 X102.461 Y107.892 E.00461
G1 X103.255 Y107.347 E.02529
G1 X103.379 Y107.222 E.00461
G1 X103.924 Y106.429 E.02529
G1 X104.048 Y106.305 E.00461
G1 X104.842 Y105.759 E.02529
G1 X104.966 Y105.635 E.00461
G1 X105.511 Y104.842 E.02529
G1 X105.635 Y104.718 E.00461
G1 X106.369 Y104.213 E.02339
G1 X107.749 Y104.213 E.03623
G1 X109.044 Y106.287 F9000
G1 F3600
G1 X110.423 Y106.287 E.03623
G1 X111.19 Y105.759 E.02446
G1 X111.315 Y105.635 E.00461
G1 X111.86 Y104.842 E.02529
G1 X111.984 Y104.718 E.00461
G1 X112.718 Y104.213 E.02339
G1 X114.305 Y104.213 E.04169
G1 X113.571 Y104.718 E.02339
G1 X113.447 Y104.842 E.00461
G1 X112.902 Y105.635 E.02529
G1 X112.778 Y105.759 E.00461
G1 X112.01 Y106.287 E.02446
G1 X113.597 Y106.287 E.04169
G1 X114.365 Y105.759 E.02446
G1 X114.489 Y105.635 E.00461
G1 X115.034 Y104.842 E.02529
G1 X115.158 Y104.718 E.00461
G1 X115.892 Y104.213 E.02339
G1 X117.272 Y104.213 E.03623
G1 X102.987 Y104.213 F9000
G1 F3600
G1 X102.213 Y104.213 E.02033
G1 X102.213 Y105.022 E.02123
G1 X102.337 Y104.842 E.00573
G1 X102.461 Y104.718 E.00461
G1 X103.195 Y104.213 E.02339
G1 X104.782 Y104.213 E.04169
G1 X104.048 Y104.718 E.02339
G1 X103.924 Y104.842 E.00461
G1 X103.379 Y105.635 E.02529
G1 X103.255 Y105.759 E.00461
G1 X102.461 Y106.305 E.02529
G1 X102.337 Y106.429 E.00461
G1 X102.213 Y106.609 E.00573
G1 X102.213 Y105.229 E.03623
; stop printing object hall_island_coupon.stl id:0 copy 0
;LAYER_CHANGE
;Z:3.44
;HEIGHT:0.16
G92 E0 ; zero the extruded length again
; BEFORE_LAYER_CHANGE 20 @ 3.44mm
G1 E-.7 F2100
;WIPE_START
G1 F3600
G1 X102.213 Y106.229 E-.3
;WIPE_END
; AFTER_LAYER_CHANGE 20 @ 3.44mm
;_SET_FAN_SPEED_CHANGING_LAYER
; printing object hall_island_coupon.stl id:0 copy 0
G1 F9000
G1 X102.649 Y106.528 Z3.46857
G1 X102.687 Y107.055 Z3.49714
G1 X102.299 Y107.413 Z3.52571
G1 X101.777 Y107.333 Z3.55429
G1 X101.514 Y106.875 Z3.58286
G1 X101.708 Y106.384 Z3.61143
G1 X102.213 Y106.229 Z3.64
G1 X112.974 Y107.876 Z3.64
G1 X112.974 Y112.824
G1 X112.239 Y112.824
G1 X119.377 Y117.377
G1 X119.79 Y117.79
G1 Z3.44
G1 E1 F2100
;TYPE:Outer wall
;WIDTH:0.42
G1 F1800
G1 X100.21 Y117.79 E.4772
G1 X100.21 Y102.21 E.37971
G1 X119.79 Y102.21 E.4772
G1 X119.79 Y117.73 E.37825
G1 X119.377 Y117.377 F9000
G1 X119.389 Y117.389
M204 P1500
;TYPE:Inner wall
;WIDTH:0.45
G1 F2700
G1 X100.611 Y117.389 E.49327
G1 X100.611 Y102.611 E.3882
G1 X119.389 Y102.611 E.49327
G1 X119.389 Y117.329 E.38662
G1 X118.974 Y116.974 F9000
G1 F2700
G1 X101.026 Y116.974 E.47143
G1 X101.026 Y103.026 E.36636
G1 X118.974 Y103.026 E.47143
G1 X118.974 Y116.914 E.36479
G1 X118.558 Y116.558 F9000
G1 F2700
G1 X101.442 Y116.558 E.4496
G1 X101.442 Y103.442 E.34453
G1 X118.558 Y103.442 E.4496
G1 X118.558 Y116.498 E.34295
G1 X118.142 Y116.142 F9000
G1 F2700
G1 X101.858 Y116.142 E.42776
G1 X101.858 Y103.858 E.32269
G1 X118.142 Y103.858 E.42776
G1 X118.142 Y116.082 E.32111
G1 E-.7 F2100
;WIPE_START
G1 F2700
G1 X117.142 Y116.086 E-.3
;WIPE_END
G1 X113.574 Y114.734 Z3.64 F9000
G1 X108.531 Y112.824 Z3.64
G1 X107.44 Y112.824
G1 X107.44 Y112.41
G1 Z3.44
G1 E1 F2100
M204 P1000
;TYPE:Outer wall
;WIDTH:0.42
G1 F1800
G1 X112.56 Y112.41 E.12478
G1 X112.56 Y108.29 E.10041
G1 X107.44 Y108.29 E.12478
G1 X107.44 Y112.35 E.09895
G1 X107.026 Y112.35 F9000
G1 X107.026 Y112.824
G1 X107.039 Y112.824
G1 X107.039 Y112.811
M204 P1500
;TYPE:Inner wall
;WIDTH:0.45
G1 F2700
G1 X112.961 Y112.811 E.15554
G1 X112.961 Y107.889 E.12927
G1 X107.039 Y107.889 E.15554
G1 X107.039 Y112.751 E.1277
G1 X106.624 Y113.226 F9000
G1 F2700
G1 X113.376 Y113.226 E.17738
G1 X113.376 Y107.474 E.15111
G1 X106.624 Y107.474 E.17738
G1 X106.624 Y113.166 E.14953
G1 X106.208 Y113.642 F9000
G1 F2700
G1 X113.792 Y113.642 E.19921
G1 X113.792 Y107.058 E.17295
G1 X106.208 Y107.058 E.19921
G1 X106.208 Y113.582 E.17137
G1 X105.792 Y114.058 F9000
G1 F2700
G1 X114.208 Y114.058 E.22105
G1 X114.208 Y106.642 E.19478
G1 X105.792 Y106.642 E.22105
G1 X105.792 Y113.998 E.19321
G1 X106.609 Y114.413 F9000
M204 P1000
;TYPE:Sparse infill
G1 F3600
G1 X105.437 Y114.413 E.03079
G1 X105.437 Y114.156 E.00675
G1 X105.228 Y114.365 E.00775
G1 X105.249 Y115.158 E.02085
G1 X104.842 Y115.565 E.01512
G1 X104.048 Y115.545 E.02085
G1 X103.806 Y115.787 E.00899
G1 X104.175 Y115.787 E.00968
G1 X105.762 Y115.787 F9000
G1 F3600
G1 X105.393 Y115.787 E.00968
G1 X105.635 Y115.545 E.00899
G1 X106.429 Y115.565 E.02085
G1 X106.836 Y115.158 E.01512
G1 X106.817 Y114.413 E.01958
G1 X108.404 Y114.413 E.04169
G1 X108.423 Y115.158 E.01958
G1 X108.016 Y115.565 E.01512
G1 X107.222 Y115.545 E.02085
G1 X106.981 Y115.787 E.00899
G1 X107.349 Y115.787 E.00968
G1 X108.936 Y115.787 F9000
G1 F3600
G1 X108.568 Y115.787 E.00968
G1 X108.81 Y115.545 E.00899
G1 X109.603 Y115.565 E.02085
G1 X110.01 Y115.158 E.01512
G1 X109.991 Y114.413 E.01958
G1 X111.578 Y114.413 E.04169
G1 X111.597 Y115.158 E.01958
G1 X111.19 Y115.565 E.01512
G1 X110.397 Y115.545 E.02085
G1 X110.155 Y115.787 E.00899
G1 X110.523 Y115.787 E.00968
G1 X111.786 Y114.413 F9000
G1 F3600
G1 X113.165 Y114.413 E.03623
G1 X113.185 Y115.158 E.01958
G1 X112.778 Y115.565 E.01512
G1 X111.984 Y115.545 E.02085
G1 X111.742 Y115.787 E.00899
G1 X112.111 Y115.787 E.00968
G1 X113.698 Y115.787 F9000
G1 F3600
G1 X113.329 Y115.787 E.00968
G1 X113.571 Y115.545 E.00899
G1 X114.365 Y115.565 E.02085
G1 X114.772 Y115.158 E.01512
G1 X114.751 Y114.365 E.02085
G1 X115.158 Y113.958 E.01512
G1 X115.952 Y113.978 E.02085
G1 X116.359 Y113.571 E.01512
G1 X116.338 Y112.778 E.02085
G1 X116.745 Y112.371 E.01512
G1 X117.539 Y112.391 E.02085
G1 X117.787 Y112.143 E.0092
G1 X117.787 Y113.73 E.04169
G1 X117.539 Y113.978 E.0092
G1 X116.745 Y113.958 E.02085
G1 X116.338 Y114.365 E.01512
G1 X116.359 Y115.158 E.02085
G1 X115.952 Y115.565 E.01512
G1 X115.158 Y115.545 E.02085
G1 X114.916 Y115.787 E.00899
G1 X115.285 Y115.787 E.00968
G1 X116.872 Y115.787 F9000
G1 F3600
G1 X116.503 Y115.787 E.00968
G1 X116.745 Y115.545 E.00899
G1 X117.539 Y115.565 E.02085
G1 X117.787 Y115.318 E.0092
G1 X117.787 Y113.938 E.03623
G1 X114.563 Y113.427 F9000
G1 F3600
G1 X114.563 Y113.78 E.00927
G1 X114.772 Y113.571 E.00775
G1 X114.751 Y112.778 E.02085
G1 X115.158 Y112.371 E.01512
G1 X115.952 Y112.391 E.02085
G1 X116.359 Y111.984 E.01512
G1 X116.338 Y111.19 E.02085
G1 X116.745 Y110.783 E.01512
G1 X117.539 Y110.804 E.02085
G1 X117.787 Y110.556 E.0092
G1 X117.787 Y108.969 E.04169
G1 X117.539 Y109.217 E.0092
G1 X116.745 Y109.196 E.02085
G1 X116.338 Y109.603 E.01512
G1 X116.359 Y110.397 E.02085
G1 X115.952 Y110.804 E.01512
G1 X115.158 Y110.783 E.02085
G1 X114.751 Y111.19 E.01512
G1 X114.772 Y111.984 E.02085
G1 X114.563 Y112.192 E.00775
G1 X114.563 Y111.84 E.00927
G1 X114.563 Y110.252 F9000
G1 F3600
G1 X114.563 Y110.605 E.00927
G1 X114.772 Y110.397 E.00775
G1 X114.751 Y109.603 E.02085
G1 X115.158 Y109.196 E.01512
G1 X115.952 Y109.217 E.02085
G1 X116.359 Y108.81 E.01512
G1 X116.338 Y108.016 E.02085
G1 X116.745 Y107.609 E.01512
G1 X117.539 Y107.629 E.02085
G1 X117.787 Y107.382 E.0092
G1 X117.787 Y105.795 E.04169
G1 X117.539 Y106.042 E.0092
G1 X116.745 Y106.022 E.02085
G1 X116.338 Y106.429 E.01512
G1 X116.359 Y107.222 E.02085
G1 X115.952 Y107.629 E.01512
G1 X115.158 Y107.609 E.02085
G1 X114.751 Y108.016 E.01512
G1 X114.772 Y108.81 E.02085
G1 X114.563 Y109.018 E.00775
G1 X114.563 Y108.665 E.00927
G1 X117.787 Y105.587 F9000
G1 F3600
G1 X117.787 Y104.213 E.03608
G1 X117.539 Y104.455 E.0091
G1 X116.745 Y104.435 E.02085
G1 X116.338 Y104.842 E.01512
G1 X116.359 Y105.635 E.02085
G1 X115.952 Y106.042 E.01512
G1 X115.158 Y106.022 E.02085
G1 X114.751 Y106.429 E.01512
G1 X114.772 Y107.222 E.02085
G1 X114.563 Y107.431 E.00775
G1 X114.563 Y107.078 E.00927
G1 X113.691 Y106.287 F9000
G1 F3600
G1 X113.306 Y106.287 E.01011
G1 X113.571 Y106.022 E.00984
G1 X114.365 Y106.042 E.02085
G1 X114.772 Y105.635 E.01512
G1 X114.751 Y104.842 E.02085
G1 X115.158 Y104.435 E.01512
G1 X115.952 Y104.455 E.02085
G1 X116.194 Y104.213 E.00899
G1 X115.825 Y104.213 E.00968
G1 X114.238 Y104.213 F9000
G1 F3600
G1 X114.607 Y104.213 E.00968
G1 X114.365 Y104.455 E.00899
G1 X113.571 Y104.435 E.02085
G1 X113.164 Y104.842 E.01512
G1 X113.185 Y105.635 E.02085
G1 X112.778 Y106.042 E.01512
G1 X111.984 Y106.022 E.02085
G1 X111.719 Y106.287 E.00984
G1 X112.104 Y106.287 E.01011
G1 X110.517 Y106.287 F9000
G1 F3600
G1 X110.132 Y106.287 E.01011
G1 X110.397 Y106.022 E.00984
G1 X111.19 Y106.042 E.02085
G1 X111.597 Y105.635 E.01512
G1 X111.577 Y104.842 E.02085
G1 X111.984 Y104.435 E.01512
G1 X112.778 Y104.455 E.02085
G1 X113.019 Y104.213 E.00899
G1 X112.651 Y104.213 E.00968
G1 X111.064 Y104.213 F9000
G1 F3600
G1 X111.432 Y104.213 E.00968
G1 X111.19 Y104.455 E.00899
G1 X110.397 Y104.435 E.02085
G1 X109.99 Y104.842 E.01512
G1 X110.01 Y105.635 E.02085
G1 X109.603 Y106.042 E.01512
G1 X108.81 Y106.022 E.02085
G1 X108.545 Y106.287 E.00984
G1 X108.93 Y106.287 E.01011
G1 X107.343 Y106.287 F9000
G1 F3600
G1 X106.958 Y106.287 E.01011
G1 X107.222 Y106.022 E.00984
G1 X108.016 Y106.042 E.02085
G1 X108.423 Y105.635 E.01512
G1 X108.403 Y104.842 E.02085
G1 X108.81 Y104.435 E.01512
G1 X109.603 Y104.455 E.02085
G1 X109.845 Y104.213 E.00899
G1 X109.477 Y104.213 E.00968
G1 X107.889 Y104.213 F9000
G1 F3600
G1 X108.258 Y104.213 E.00968
G1 X108.016 Y104.455 E.00899
G1 X107.222 Y104.435 E.02085
G1 X106.815 Y104.842 E.01512
G1 X106.836 Y105.635 E.02085
G1 X106.429 Y106.042 E.01512
G1 X105.635 Y106.022 E.02085
G1 X105.228 Y106.429 E.01512
G1 X105.249 Y107.222 E.02085
G1 X104.842 Y107.629 E.01512
G1 X104.048 Y107.609 E.02085
G1 X103.641 Y108.016 E.01512
G1 X103.662 Y108.81 E.02085
G1 X103.255 Y109.217 E.01512
G1 X102.461 Y109.196 E.02085
G1 X102.213 Y109.444 E.0092
G1 X102.213 Y107.857 E.04169
G1 X102.461 Y107.609 E.0092
G1 X103.255 Y107.629 E.02085
G1 X103.662 Y107.222 E.01512
G1 X103.641 Y106.429 E.02085
G1 X104.048 Y106.022 E.01512
G1 X104.842 Y106.042 E.02085
G1 X105.249 Y105.635 E.01512
G1 X105.228 Y104.842 E.02085
G1 X105.635 Y104.435 E.01512
G1 X106.429 Y104.455 E.02085
G1 X106.671 Y104.213 E.00899
G1 X106.302 Y104.213 E.00968
G1 X104.715 Y104.213 F9000
G1 F3600
G1 X105.084 Y104.213 E.00968
G1 X104.842 Y104.455 E.00899
G1 X104.048 Y104.435 E.02085
G1 X103.641 Y104.842 E.01512
G1 X103.662 Y105.635 E.02085
G1 X103.255 Y106.042 E.01512
G1 X102.461 Y106.022 E.02085
G1 X102.213 Y106.27 E.0092
G1 X102.213 Y104.682 E.04169
G1 X102.461 Y104.435 E.0092
G1 X103.255 Y104.455 E.02085
G1 X103.497 Y104.213 E.00899
G1 X103.128 Y104.213 E.00968
G1 X105.437 Y108.16 F9000
G1 F3600
G1 X105.437 Y107.808 E.00927
G1 X105.228 Y108.016 E.00775
G1 X105.249 Y108.81 E.02085
G1 X104.842 Y109.217 E.01512
G1 X104.048 Y109.196 E.02085
G1 X103.641 Y109.603 E.01512
G1 X103.662 Y110.397 E.02085
G1 X103.255 Y110.804 E.01512
G1 X102.461 Y110.783 E.02085
G1 X102.213 Y111.031 E.0092
G1 X102.213 Y112.618 E.04169
G1 X102.461 Y112.371 E.0092
G1 X103.255 Y112.391 E.02085
G1 X103.662 Y111.984 E.01512
G1 X103.641 Y111.19 E.02085
G1 X104.048 Y110.783 E.01512
G1 X104.842 Y110.804 E.02085
G1 X105.249 Y110.397 E.01512
G1 X105.228 Y109.603 E.02085
G1 X105.437 Y109.395 E.00775
G1 X105.437 Y109.748 E.00927
G1 X105.437 Y111.335 F9000
G1 F3600
G1 X105.437 Y110.982 E.00927
G1 X105.228 Y111.19 E.00775
G1 X105.249 Y111.984 E.02085
G1 X104.842 Y112.391 E.01512
G1 X104.048 Y112.371 E.02085
G1 X103.641 Y112.778 E.01512
G1 X103.662 Y113.571 E.02085
G1 X103.255 Y113.978 E.01512
G1 X102.461 Y113.958 E.02085
G1 X102.213 Y114.205 E.0092
G1 X102.213 Y115.787 E.04154
G1 X102.461 Y115.545 E.0091
G1 X103.255 Y115.565 E.02085
G1 X103.662 Y115.158 E.01512
G1 X103.641 Y114.365 E.02085
G1 X104.048 Y113.958 E.01512
G1 X104.842 Y113.978 E.02085
G1 X105.249 Y113.571 E.01512
G1 X105.228 Y112.778 E.02085
G1 X105.437 Y112.569 E.00775
G1 X105.437 Y112.922 E.00927
; stop printing object hall_island_coupon.stl id:0 copy 0
;LAYER_CHANGE
;Z:3.6
;HEIGHT:0.16
G92 E0 ; zero the extruded length again
; BEFORE_LAYER_CHANGE 21 @ 3.6mm
G1 E-.7 F2100
;WIPE_START
G1 F3600
G1 X105.437 Y112.569 E-.10587
G1 X105.228 Y112.778 E-.08846
G1 X105.237 Y113.13 E-.10567
;WIPE_END
; AFTER_LAYER_CHANGE 21 @ 3.6mm
;_SET_FAN_SPEED_CHANGING_LAYER
; printing object hall_island_coupon.stl id:0 copy 0
G1 F9000
G1 X105.621 Y113.493 Z3.62857
G1 X105.575 Y114.019 Z3.65714
G1 X105.136 Y114.312 Z3.68571
G1 X104.633 Y114.151 Z3.71429
G1 X104.446 Y113.657 Z3.74286
G1 X104.714 Y113.203 Z3.77143
G1 X105.237 Y113.13 Z3.8
G1 X118.499 Y117.376 Z3.8
G1 X119.377 Y117.377
G1 X119.79 Y117.79
G1 Z3.6
G1 E1 F2100
;TYPE:Outer wall
;WIDTH:0.42
G1 F1800
G1 X100.21 Y117.79 E.4772
G1 X100.21 Y102.21 E.37971
G1 X119.79 Y102.21 E.4772
G1 X119.79 Y117.73 E.37825
G1 X119.377 Y117.377 F9000
G1 X119.389 Y117.389
M204 P1500
;TYPE:Inner wall
;WIDTH:0.45
G1 F2700
G1 X100.611 Y117.389 E.49327
G1 X100.611 Y102.611 E.3882
G1 X119.389 Y102.611 E.49327
G1 X119.389 Y117.329 E.38662
G1 X118.974 Y116.974 F9000
G1 F2700
G1 X101.026 Y116.974 E.47143
G1 X101.026 Y103.026 E.36636
G1 X118.974 Y103.026 E.47143
G1 X118.974 Y116.914 E.36479
G1 X118.558 Y116.558 F9000
G1 F2700
G1 X101.442 Y116.558 E.4496
G1 X101.442 Y103.442 E.34453
G1 X118.558 Y103.442 E.4496
G1 X118.558 Y116.498 E.34295
G1 X118.142 Y116.142 F9000
G1 F2700
G1 X101.858 Y116.142 E.42776
G1 X101.858 Y103.858 E.32269
G1 X118.142 Y103.858 E.42776
G1 X118.142 Y116.082 E.32111
G1 E-.7 F2100
;WIPE_START
G1 F2700
G1 X117.142 Y116.086 E-.3
;WIPE_END
G1 X113.574 Y114.734 Z3.8 F9000
G1 X108.531 Y112.824 Z3.8
G1 X107.44 Y112.824
G1 X107.44 Y112.41
G1 Z3.6
G1 E1 F2100
M204 P1000
;TYPE:Outer wall
;WIDTH:0.42
G1 F1800
G1 X112.56 Y112.41 E.12478
G1 X112.56 Y108.29 E.10041
G1 X107.44 Y108.29 E.12478
G1 X107.44 Y112.35 E.09895
G1 X107.026 Y112.35 F9000
G1 X107.026 Y112.824
G1 X107.039 Y112.824
G1 X107.039 Y112.811
M204 P1500
;TYPE:Inner wall
;WIDTH:0.45
G1 F2700
G1 X112.961 Y112.811 E.15554
G1 X112.961 Y107.889 E.12927
G1 X107.039 Y107.889 E.15554
G1 X107.039 Y112.751 E.1277
G1 X106.624 Y113.226 F9000
G1 F2700
G1 X113.376 Y113.226 E.17738
G1 X113.376 Y107.474 E.15111
G1 X106.624 Y107.474 E.17738
G1 X106.624 Y113.166 E.14953
G1 X106.208 Y113.642 F9000
G1 F2700
G1 X113.792 Y113.642 E.19921
G1 X113.792 Y107.058 E.17295
G1 X106.208 Y107.058 E.19921
G1 X106.208 Y113.582 E.17137
G1 X105.792 Y114.058 F9000
G1 F2700
G1 X114.208 Y114.058 E.22105
G1 X114.208 Y106.642 E.19478
G1 X105.792 Y106.642 E.22105
G1 X105.792 Y113.998 E.19321
G1 X105.437 Y114.31 F9000
M204 P1000
;TYPE:Sparse infill
G1 F3600
G1 X105.437 Y113.635 E.01774
G1 X105.373 Y113.571 E.00237
G1 X105.104 Y112.778 E.02201
G1 X104.842 Y112.515 E.00975
G1 X104.048 Y112.246 E.02201
G1 X103.786 Y111.984 E.00975
G1 X103.517 Y111.19 E.02201
G1 X103.255 Y110.928 E.00975
G1 X102.461 Y110.659 E.02201
G1 X102.213 Y110.411 E.0092
G1 X102.213 Y111.999 E.04169
G1 X102.461 Y112.246 E.0092
G1 X103.255 Y112.515 E.02201
G1 X103.517 Y112.778 E.00975
G1 X103.786 Y113.571 E.02201
G1 X104.048 Y113.834 E.00975
G1 X104.842 Y114.102 E.02201
G1 X105.104 Y114.365 E.00975
G1 X105.373 Y115.158 E.02201
G1 X105.635 Y115.421 E.00975
G1 X106.429 Y115.689 E.02201
G1 X106.526 Y115.787 E.00362
G1 X107.267 Y115.787 E.01945
G1 X108.854 Y115.787 F9000
G1 F3600
G1 X108.113 Y115.787 E.01945
G1 X108.016 Y115.689 E.00362
G1 X107.222 Y115.421 E.02201
G1 X106.96 Y115.158 E.00975
G1 X106.708 Y114.413 E.02066
G1 X108.295 Y114.413 E.04169
G1 X108.547 Y115.158 E.02066
G1 X108.81 Y115.421 E.00975
G1 X109.603 Y115.689 E.02201
G1 X109.701 Y115.787 E.00362
G1 X110.441 Y115.787 E.01945
G1 X112.028 Y115.787 F9000
G1 F3600
G1 X111.288 Y115.787 E.01945
G1 X111.19 Y115.689 E.00362
G1 X110.397 Y115.421 E.02201
G1 X110.134 Y115.158 E.00975
G1 X109.882 Y114.413 E.02066
G1 X111.469 Y114.413 E.04169
G1 X111.722 Y115.158 E.02066
G1 X111.984 Y115.421 E.00975
G1 X112.778 Y115.689 E.02201
G1 X112.875 Y115.787 E.00362
G1 X113.615 Y115.787 E.01945
G1 X115.203 Y115.787 F9000
G1 F3600
G1 X114.462 Y115.787 E.01945
G1 X114.365 Y115.689 E.00362
G1 X113.571 Y115.421 E.02201
G1 X113.309 Y115.158 E.00975
G1 X113.056 Y114.413 E.02066
G1 X114.563 Y114.413 E.03958
G1 X114.563 Y114.301 E.00295
G1 X114.627 Y114.365 E.00237
G1 X114.896 Y115.158 E.02201
G1 X115.158 Y115.421 E.00975
G1 X115.952 Y115.689 E.02201
G1 X116.049 Y115.787 E.00362
G1 X116.79 Y115.787 E.01945
G1 X114.563 Y112.038 F9000
G1 F3600
G1 X114.563 Y112.714 E.01773
G1 X114.627 Y112.778 E.00237
G1 X114.896 Y113.571 E.02201
G1 X115.158 Y113.834 E.00975
G1 X115.952 Y114.102 E.02201
G1 X116.214 Y114.365 E.00975
G1 X116.483 Y115.158 E.02201
G1 X116.745 Y115.421 E.00975
G1 X117.539 Y115.689 E.02201
G1 X117.636 Y115.787 E.00362
G1 X117.787 Y115.787 E.00395
G1 X117.787 Y114.35 E.03774
G1 X117.539 Y114.102 E.0092
G1 X116.745 Y113.834 E.02201
G1 X116.483 Y113.571 E.00975
G1 X116.214 Y112.778 E.02201
G1 X115.952 Y112.515 E.00975
G1 X115.158 Y112.246 E.02201
G1 X114.896 Y111.984 E.00975
G1 X114.627 Y111.19 E.02201
G1 X114.563 Y111.126 E.00237
G1 X114.563 Y110.451 E.01774
G1 X114.563 Y108.864 F9000
G1 F3600
G1 X114.563 Y109.539 E.01774
G1 X114.627 Y109.603 E.00237
G1 X114.896 Y110.397 E.02201
G1 X115.158 Y110.659 E.00975
G1 X115.952 Y110.928 E.02201
G1 X116.214 Y111.19 E.00975
G1 X116.483 Y111.984 E.02201
G1 X116.745 Y112.246 E.00975
G1 X117.539 Y112.515 E.02201
G1 X117.787 Y112.763 E.0092
G1 X117.787 Y111.176 E.04169
G1 X117.539 Y110.928 E.0092
G1 X116.745 Y110.659 E.02201
G1 X116.483 Y110.397 E.00975
G1 X116.214 Y109.603 E.02201
G1 X115.952 Y109.341 E.00975
G1 X115.158 Y109.072 E.02201
G1 X114.896 Y108.81 E.00975
G1 X114.627 Y108.016 E.02201
G1 X114.563 Y107.952 E.00237
G1 X114.563 Y107.277 E.01774
G1 X113.683 Y106.287 F9000
G1 F3600
G1 X112.898 Y106.287 E.02063
G1 X112.778 Y106.166 E.00447
G1 X111.984 Y105.898 E.02201
G1 X111.722 Y105.635 E.00975
G1 X111.453 Y104.842 E.02201
G1 X111.19 Y104.579 E.00975
G1 X110.397 Y104.311 E.02201
G1 X110.299 Y104.213 E.00362
G1 X109.559 Y104.213 E.01945
G1 X111.146 Y104.213 F9000
G1 F3600
G1 X111.887 Y104.213 E.01945
G1 X111.984 Y104.311 E.00362
G1 X112.778 Y104.579 E.02201
G1 X113.04 Y104.842 E.00975
G1 X113.309 Y105.635 E.02201
G1 X113.571 Y105.898 E.00975
G1 X114.365 Y106.166 E.02201
G1 X114.485 Y106.287 E.00447
G1 X114.563 Y106.287 E.00205
G1 X114.563 Y106.365 E.00205
G1 X114.627 Y106.429 E.00237
G1 X114.896 Y107.222 E.02201
G1 X115.158 Y107.485 E.00975
G1 X115.952 Y107.754 E.02201
G1 X116.214 Y108.016 E.00975
G1 X116.483 Y108.81 E.02201
G1 X116.745 Y109.072 E.00975
G1 X117.539 Y109.341 E.02201
G1 X117.787 Y109.589 E.0092
G1 X117.787 Y108.001 E.04169
G1 X117.539 Y107.754 E.0092
G1 X116.745 Y107.485 E.02201
G1 X116.483 Y107.222 E.00975
G1 X116.214 Y106.429 E.02201
G1 X115.952 Y106.166 E.00975
G1 X115.158 Y105.898 E.02201
G1 X114.896 Y105.635 E.00975
G1 X114.627 Y104.842 E.02201
G1 X114.365 Y104.579 E.00975
G1 X113.571 Y104.311 E.02201
G1 X113.474 Y104.213 E.00362
G1 X112.733 Y104.213 E.01945
G1 X114.32 Y104.213 F9000
G1 F3600
G1 X115.061 Y104.213 E.01945
G1 X115.158 Y104.311 E.00362
G1 X115.952 Y104.579 E.02201
G1 X116.214 Y104.842 E.00975
G1 X116.483 Y105.635 E.02201
G1 X116.745 Y105.898 E.00975
G1 X117.539 Y106.166 E.02201
G1 X117.787 Y106.414 E.0092
G1 X117.787 Y104.827 E.04169
G1 X117.539 Y104.579 E.0092
G1 X116.745 Y104.311 E.02201
G1 X116.648 Y104.213 E.00362
G1 X117.787 Y104.213 E.02991
G1 X117.787 Y104.619 E.01067
G1 X112.096 Y106.287 F9000
G1 F3600
G1 X111.311 Y106.287 E.02063
G1 X111.19 Y106.166 E.00447
G1 X110.397 Y105.898 E.02201
G1 X110.134 Y105.635 E.00975
G1 X109.866 Y104.842 E.02201
G1 X109.603 Y104.579 E.00975
G1 X108.81 Y104.311 E.02201
G1 X108.712 Y104.213 E.00362
G1 X107.972 Y104.213 E.01945
G1 X106.385 Y104.213 F9000
G1 F3600
G1 X107.125 Y104.213 E.01945
G1 X107.222 Y104.311 E.00362
G1 X108.016 Y104.579 E.02201
G1 X108.278 Y104.842 E.00975
G1 X108.547 Y105.635 E.02201
G1 X108.81 Y105.898 E.00975
G1 X109.603 Y106.166 E.02201
G1 X109.724 Y106.287 E.00447
G1 X110.509 Y106.287 E.02063
G1 X108.922 Y106.287 F9000
G1 F3600
G1 X108.136 Y106.287 E.02063
G1 X108.016 Y106.166 E.00447
G1 X107.222 Y105.898 E.02201
G1 X106.96 Y105.635 E.00975
G1 X106.691 Y104.842 E.02201
G1 X106.429 Y104.579 E.00975
G1 X105.635 Y104.311 E.02201
G1 X105.538 Y104.213 E.00362
G1 X104.797 Y104.213 E.01945
G1 X103.21 Y104.213 F9000
G1 F3600
G1 X103.951 Y104.213 E.01945
G1 X104.048 Y104.311 E.00362
G1 X104.842 Y104.579 E.02201
G1 X105.104 Y104.842 E.00975
G1 X105.373 Y105.635 E.02201
G1 X105.635 Y105.898 E.00975
G1 X106.429 Y106.166 E.02201
G1 X106.549 Y106.287 E.00447
G1 X107.335 Y106.287 E.02063
G1 X105.437 Y107.962 F9000
G1 F3600
G1 X105.437 Y107.286 E.01774
G1 X105.373 Y107.222 E.00237
G1 X105.104 Y106.429 E.02201
G1 X104.842 Y106.166 E.00975
G1 X104.048 Y105.898 E.02201
G1 X103.786 Y105.635 E.00975
G1 X103.517 Y104.842 E.02201
G1 X103.255 Y104.579 E.00975
G1 X102.461 Y104.311 E.02201
G1 X102.364 Y104.213 E.00362
G1 X102.213 Y104.213 E.00395
G1 X102.213 Y105.65 E.03774
G1 X102.461 Y105.898 E.0092
G1 X103.255 Y106.166 E.02201
G1 X103.517 Y106.429 E.00975
G1 X103.786 Y107.222 E.02201
G1 X104.048 Y107.485 E.00975
G1 X104.842 Y107.754 E.02201
G1 X105.104 Y108.016 E.00975
G1 X105.373 Y108.81 E.02201
G1 X105.437 Y108.874 E.00237
G1 X105.437 Y109.549 E.01774
G1 X105.437 Y111.136 F9000
G1 F3600
G1 X105.437 Y110.461 E.01774
G1 X105.373 Y110.397 E.00237
G1 X105.104 Y109.603 E.02201
G1 X104.842 Y109.341 E.00975
G1 X104.048 Y109.072 E.02201
G1 X103.786 Y108.81 E.00975
G1 X103.517 Y108.016 E.02201
G1 X103.255 Y107.754 E.00975
G1 X102.461 Y107.485 E.02201
G1 X102.213 Y107.237 E.0092
G1 X102.213 Y108.824 E.04169
G1 X102.461 Y109.072 E.0092
G1 X103.255 Y109.341 E.02201
G1 X103.517 Y109.603 E.00975
G1 X103.786 Y110.397 E.02201
G1 X104.048 Y110.659 E.00975
G1 X104.842 Y110.928 E.02201
G1 X105.104 Y111.19 E.00975
G1 X105.373 Y111.984 E.02201
G1 X105.437 Y112.048 E.00237
G1 X105.437 Y112.723 E.01774
G1 X105.68 Y115.787 F9000
G1 F3600
G1 X104.939 Y115.787 E.01945
G1 X104.842 Y115.689 E.00362
G1 X104.048 Y115.421 E.02201
G1 X103.786 Y115.158 E.00975
G1 X103.517 Y114.365 E.02201
G1 X103.255 Y114.102 E.00975
G1 X102.461 Y113.834 E.02201
G1 X102.213 Y113.586 E.0092
G1 X102.213 Y115.173 E.04169
G1 X102.461 Y115.421 E.0092
G1 X103.255 Y115.689 E.02201
G1 X103.352 Y115.787 E.00362
G1 X102.213 Y115.787 E.02991
G1 X102.213 Y115.381 E.01067
; stop printing object hall_island_coupon.stl id:0 copy 0
;LAYER_CHANGE
;Z:3.76
;HEIGHT:0.16
G92 E0 ; zero the extruded length again
; BEFORE_LAYER_CHANGE 22 @ 3.76mm
G1 E-.7 F2100
;WIPE_START
G1 F3600
G1 X102.213 Y115.787 E-.12181
G1 X102.807 Y115.787 E-.17819
;WIPE_END
; AFTER_LAYER_CHANGE 22 @ 3.76mm
;_SET_FAN_SPEED_CHANGING_LAYER
; printing object hall_island_coupon.stl id:0 copy 0
G1 F9000
G1 X103.253 Y116.07 Z3.78857
G1 X103.309 Y116.595 Z3.81714
G1 X102.934 Y116.966 Z3.84571
G1 X102.409 Y116.905 Z3.87429
G1 X102.131 Y116.456 Z3.90286
G1 X102.308 Y115.959 Z3.93143
G1 X102.807 Y115.787 Z3.96
G1 X116.284 Y117.376 Z3.96
G1 X119.377 Y117.377
G1 X119.79 Y117.79
G1 Z3.76
G1 E1 F2100
;TYPE:Outer wall
;WIDTH:0.42
G1 F1800
G1 X100.21 Y117.79 E.4772
G1 X100.21 Y102.21 E.37971
G1 X119.79 Y102.21 E.4772
G1 X119.79 Y117.73 E.37825
G1 X119.377 Y117.377 F9000
G1 X119.389 Y117.389
M204 P1500
;TYPE:Inner wall
;WIDTH:0.45
G1 F2700
G1 X100.611 Y117.389 E.49327
G1 X100.611 Y102.611 E.3882
G1 X119.389 Y102.611 E.49327
G1 X119.389 Y117.329 E.38662
G1 X118.974 Y116.974 F9000
G1 F2700
G1 X101.026 Y116.974 E.47143
G1 X101.026 Y103.026 E.36636
G1 X118.974 Y103.026 E.47143
G1 X118.974 Y116.914 E.36479
G1 X118.558 Y116.558 F9000
G1 F2700
G1 X101.442 Y116.558 E.4496
G1 X101.442 Y103.442 E.34453
G1 X118.558 Y103.442 E.4496
G1 X118.558 Y116.498 E.34295
G1 X118.142 Y116.142 F9000
G1 F2700
G1 X101.858 Y116.142 E.42776
G1 X101.858 Y103.858 E.32269
G1 X118.142 Y103.858 E.42776
G1 X118.142 Y116.082 E.32111
G1 E-.7 F2100
;WIPE_START
G1 F2700
G1 X117.142 Y116.086 E-.3
;WIPE_END
G1 X113.574 Y114.734 Z3.96 F9000
G1 X108.531 Y112.824 Z3.96
G1 X107.44 Y112.824
G1 X107.44 Y112.41
G1 Z3.76
G1 E1 F2100
M204 P1000
;TYPE:Outer wall
;WIDTH:0.42
G1 F1800
G1 X112.56 Y112.41 E.12478
G1 X112.56 Y108.29 E.10041
G1 X107.44 Y108.29 E.12478
G1 X107.44 Y112.35 E.09895
G1 X107.026 Y112.35 F9000
G1 X107.026 Y112.824
G1 X107.039 Y112.824
G1 X107.039 Y112.811
M204 P1500
;TYPE:Inner wall
;WIDTH:0.45
G1 F2700
G1 X112.961 Y112.811 E.15554
G1 X112.961 Y107.889 E.12927
G1 X107.039 Y107.889 E.15554
G1 X107.039 Y112.751 E.1277
G1 X106.624 Y113.226 F9000
G1 F2700
G1 X113.376 Y113.226 E.17738
G1 X113.376 Y107.474 E.15111
G1 X106.624 Y107.474 E.17738
G1 X106.624 Y113.166 E.14953
G1 X106.208 Y113.642 F9000
G1 F2700
G1 X113.792 Y113.642 E.19921
G1 X113.792 Y107.058 E.17295
G1 X106.208 Y107.058 E.19921
G1 X106.208 Y113.582 E.17137
G1 X105.792 Y114.058 F9000
G1 F2700
G1 X114.208 Y114.058 E.22105
G1 X114.208 Y106.642 E.19478
G1 X105.792 Y106.642 E.22105
G1 X105.792 Y113.998 E.19321
G1 X106.472 Y115.787 F9000
M204 P1000
;TYPE:Sparse infill
G1 F3600
G1 X107.851 Y115.787 E.03623
G1 X106.477 Y114.413 E.05103
G1 X108.065 Y114.413 E.04169
G1 X109.438 Y115.787 E.05103
G1 X111.025 Y115.787 E.04169
G1 X109.652 Y114.413 E.05103
G1 X111.031 Y114.413 E.03623
G1 X113.992 Y115.787 F9000
G1 F3600
G1 X112.612 Y115.787 E.03623
G1 X111.239 Y114.413 E.05103
G1 X112.826 Y114.413 E.04169
G1 X114.2 Y115.787 E.05103
G1 X115.787 Y115.787 E.04169
G1 X114.413 Y114.413 E.05103
G1 X114.563 Y114.413 E.00394
G1 X114.563 Y112.976 E.03775
G1 X117.374 Y115.787 E.10441
G1 X117.787 Y115.787 E.01084
G1 X117.787 Y114.612 E.03085
G1 X114.563 Y111.389 E.11975
G1 X114.563 Y110.01 E.03623
G1 X111.256 Y106.287 F9000
G1 F3600
G1 X112.635 Y106.287 E.03623
G1 X110.562 Y104.213 E.07703
G1 X108.975 Y104.213 E.04169
G1 X111.048 Y106.287 E.07703
G1 X109.461 Y106.287 E.04169
G1 X107.388 Y104.213 E.07703
G1 X105.8 Y104.213 E.04169
G1 X107.874 Y106.287 E.07703
G1 X106.287 Y106.287 E.04169
G1 X104.213 Y104.213 E.07703
G1 X102.626 Y104.213 E.04169
G1 X105.437 Y107.024 E.10441
G1 X105.437 Y108.611 E.04169
G1 X102.213 Y105.388 E.11975
G1 X102.213 Y104.213 E.03085
G1 X102.418 Y104.213 E.00539
G1 X105.437 Y111.578 F9000
G1 F3600
G1 X105.437 Y110.198 E.03623
G1 X102.213 Y106.975 E.11975
G1 X102.213 Y108.562 E.04169
G1 X105.437 Y111.785 E.11975
G1 X105.437 Y113.373 E.04169
G1 X102.213 Y110.149 E.11975
G1 X102.213 Y111.736 E.04169
G1 X106.264 Y115.787 E.15047
G1 X104.677 Y115.787 E.04169
G1 X102.213 Y113.323 E.09151
G1 X102.213 Y114.91 E.04169
G1 X103.09 Y115.787 E.03255
G1 X102.213 Y115.787 E.02302
G1 X102.213 Y115.118 E.01756
G1 X117.787 Y114.405 F9000
G1 F3600
G1 X117.787 Y113.025 E.03623
G1 X114.563 Y109.802 E.11975
G1 X114.563 Y108.215 E.04169
G1 X117.787 Y111.438 E.11975
G1 X117.787 Y109.851 E.04169
G1 X114.563 Y106.627 E.11975
G1 X114.563 Y106.287 E.00895
G1 X114.223 Y106.287 E.00895
G1 X112.149 Y104.213 E.07703
G1 X113.736 Y104.213 E.04169
G1 X117.787 Y108.264 E.15047
G1 X117.787 Y106.677 E.04169
G1 X115.323 Y104.213 E.09151
G1 X116.91 Y104.213 E.04169
G1 X117.787 Y105.09 E.03255
G1 X117.787 Y104.213 E.02302
G1 X117.118 Y104.213 E.01756
; stop printing object hall_island_coupon.stl id:0 copy 0
M106 S160
;LAYER_CHANGE
;Z:3.92
;HEIGHT:0.16
G92 E0 ; zero the extruded length again
; BEFORE_LAYER_CHANGE 23 @ 3.92mm
G1 E-.7 F2100
;WIPE_START
G1 F3600
G1 X117.787 Y104.213 E-.20054
G1 X117.787 Y104.545 E-.09946
;WIPE_END
; AFTER_LAYER_CHANGE 23 @ 3.92mm
;_SET_FAN_SPEED_CHANGING_LAYER
; printing object hall_island_coupon.stl id:0 copy 0
G1 F9000
G1 X117.618 Y105.045 Z3.94857
G1 X117.121 Y105.225 Z3.97714
G1 X116.671 Y104.949 Z4.00571
G1 X116.606 Y104.425 Z4.03429
G1 X116.976 Y104.047 Z4.06286
G1 X117.501 Y104.101 Z4.09143
G1 X117.787 Y104.545 Z4.12
G1 X119.376 Y117.376 Z4.12
G1 X119.377 Y117.377
G1 X119.79 Y117.79
G1 Z3.92
G1 E1 F2100
;TYPE:Outer wall
;WIDTH:0.42
G1 F1800
G1 X100.21 Y117.79 E.4772
G1 X100.21 Y102.21 E.37971
G1 X119.79 Y102.21 E.4772
G1 X119.79 Y117.73 E.37825
G1 X119.377 Y117.377 F9000
G1 X119.389 Y117.389
M204 P1500
;TYPE:Inner wall
;WIDTH:0.45
G1 F2700
G1 X100.611 Y117.389 E.49327
G1 X100.611 Y102.611 E.3882
G1 X119.389 Y102.611 E.49327
G1 X119.389 Y117.329 E.38662
G1 X118.974 Y116.974 F9000
G1 F2700
G1 X101.026 Y116.974 E.47143
G1 X101.026 Y103.026 E.36636
G1 X118.974 Y103.026 E.47143
G1 X118.974 Y116.914 E.36479
G1 X118.558 Y116.558 F9000
G1 F2700
G1 X101.442 Y116.558 E.4496
G1 X101.442 Y103.442 E.34453
G1 X118.558 Y103.442 E.4496
G1 X118.558 Y116.498 E.34295
G1 X118.142 Y116.142 F9000
G1 F2700
G1 X101.858 Y116.142 E.42776
G1 X101.858 Y103.858 E.32269
G1 X118.142 Y103.858 E.42776
G1 X118.142 Y116.082 E.32111
G1 E-.7 F2100
;WIPE_START
G1 F2700
G1 X117.142 Y116.086 E-.3
;WIPE_END
G1 X113.574 Y114.734 Z4.12 F9000
G1 X108.531 Y112.824 Z4.12
G1 X107.44 Y112.824
G1 X107.44 Y112.41
G1 Z3.92
G1 E1 F2100
M204 P1000
;TYPE:Outer wall
;WIDTH:0.42
G1 F1800
G1 X112.56 Y112.41 E.12478
G1 X112.56 Y108.29 E.10041
G1 X107.44 Y108.29 E.12478
G1 X107.44 Y112.35 E.09895
G1 X107.026 Y112.35 F9000
G1 X107.026 Y112.824
G1 X107.039 Y112.824
G1 X107.039 Y112.811
M204 P1500
;TYPE:Inner wall
;WIDTH:0.45
G1 F2700
G1 X112.961 Y112.811 E.15554
G1 X112.961 Y107.889 E.12927
G1 X107.039 Y107.889 E.15554
G1 X107.039 Y112.751 E.1277
G1 X106.624 Y113.226 F9000
G1 F2700
G1 X113.376 Y113.226 E.17738
G1 X113.376 Y107.474 E.15111
G1 X106.624 Y107.474 E.17738
G1 X106.624 Y113.166 E.14953
G1 X106.208 Y113.642 F9000
G1 F2700
G1 X113.792 Y113.642 E.19921
G1 X113.792 Y107.058 E.17295
G1 X106.208 Y107.058 E.19921
G1 X106.208 Y113.582 E.17137
G1 X105.792 Y114.058 F9000
G1 F2700
G1 X114.208 Y114.058 E.22105
G1 X114.208 Y106.642 E.19478
G1 X105.792 Y106.642 E.22105
G1 X105.792 Y113.998 E.19321
G1 X107.087 Y114.428 F9000
M204 P1000
;TYPE:Internal solid infill
;WIDTH:0.37514
G1 F3600
G1 X105.585 Y114.428 E.03237
G1 X105.45 Y114.4 E.00297
G1 X105.422 Y114.265 E.00297
G1 X105.422 Y106.435 E.16865
G1 X105.45 Y106.3 E.00297
G1 X105.585 Y106.272 E.00297
G1 X114.415 Y106.272 E.19019
G1 X114.55 Y106.3 E.00297
G1 X114.578 Y106.435 E.00297
G1 X114.577 Y114.294 E.16926
G1 X114.55 Y114.4 E.00237
G1 X114.415 Y114.428 E.00297
G1 X113.115 Y114.428 E.02801
G1 X106.579 Y115.772 F9000
;WIDTH:0.374819
G1 F3600
G1 X102.391 Y115.772 E.09011
G1 X102.256 Y115.744 E.00296
G1 X102.228 Y115.609 E.00296
G1 X102.228 Y104.391 E.24137
G1 X102.256 Y104.256 E.00296
G1 X102.391 Y104.228 E.00296
G1 X117.609 Y104.228 E.32744
G1 X117.744 Y104.256 E.00296
G1 X117.772 Y104.391 E.00296
G1 X117.77 Y115.637 E.24198
G1 X117.744 Y115.744 E.00236
G1 X117.609 Y115.772 E.00296
G1 X113.284 Y115.772 E.09306
G1 X106.086 Y115.401 F9000
;TYPE:Sparse infill
;WIDTH:0.45
G1 F3600
G1 X107.109 Y115.401 E.02687
G1 X106.984 Y115.681 E.00804
G1 X107.09 Y115.787 E.00395
G1 X107.851 Y115.787 E.01999
G1 X106.863 Y114.799 E.0367
G1 X107.416 Y114.799 E.01453
G1 X107.462 Y114.413 E.0102
G1 X108.065 Y114.413 E.01582
G1 X109.438 Y115.787 E.05103
G1 X111.025 Y115.787 E.04169
G1 X109.652 Y114.413 E.05103
G1 X111.239 Y114.413 E.04169
G1 X112.612 Y115.787 E.05103
G1 X112.826 Y115.787 E.00561
G1 X112.961 Y115.401 E.01073
G1 X113.814 Y115.401 E.02241
G1 X113.212 Y114.799 E.02237
G1 X114.799 Y114.799 E.04169
G1 X115.401 Y115.401 E.02237
G1 X116.988 Y115.401 E.04169
G1 X114.949 Y113.362 E.07576
G1 X114.949 Y111.775 E.04169
G1 X117.401 Y114.227 E.0911
G1 X117.401 Y112.64 E.04169
G1 X114.949 Y110.187 E.0911
G1 X114.949 Y108.6 E.04169
G1 X117.401 Y111.052 E.0911
G1 X117.401 Y109.465 E.04169
G1 X114.949 Y107.013 E.0911
G1 X114.949 Y105.901 E.02921
G1 X114.045 Y105.901 E.02375
G1 X117.401 Y106.083 F9000
G1 F3600
G1 X117.401 Y104.599 E.03899
G1 X115.709 Y104.599 E.04445
G1 X117.401 Y106.291 E.06286
G1 X117.401 Y107.878 E.04169
G1 X114.122 Y104.599 E.12182
G1 X112.535 Y104.599 E.04169
G1 X113.837 Y105.901 E.04837
G1 X112.25 Y105.901 E.04169
G1 X110.948 Y104.599 E.04837
G1 X109.36 Y104.599 E.04169
G1 X110.663 Y105.901 E.04837
G1 X109.283 Y105.901 E.03623
G1 X109.153 Y104.599 F9000
G1 F3600
G1 X107.773 Y104.599 E.03623
G1 X109.075 Y105.901 E.04837
G1 X107.488 Y105.901 E.04169
G1 X106.186 Y104.599 E.04837
G1 X104.599 Y104.599 E.04169
G1 X105.901 Y105.901 E.04837
G1 X105.051 Y105.901 E.02233
G1 X105.051 Y106.638 E.01936
G1 X103.012 Y104.599 E.07576
G1 X102.599 Y104.599 E.01084
G1 X102.599 Y105.773 E.03085
G1 X105.051 Y108.225 E.0911
G1 X105.051 Y109.813 E.04169
G1 X102.599 Y107.36 E.0911
G1 X102.599 Y108.948 E.04169
G1 X105.051 Y111.4 E.0911
G1 X105.051 Y112.987 E.04169
G1 X102.599 Y110.535 E.0911
G1 X102.599 Y112.122 E.04169
G1 X105.051 Y114.574 E.0911
G1 X105.051 Y114.799 E.00591
G1 X105.276 Y114.799 E.00591
G1 X105.878 Y115.401 E.02237
G1 X104.291 Y115.401 E.04169
G1 X102.599 Y113.709 E.06286
G1 X102.599 Y115.401 E.04445
G1 X104.083 Y115.401 E.03899
; stop printing object hall_island_coupon.stl id:0 copy 0
M106 S143
;LAYER_CHANGE
;Z:4.08
;HEIGHT:0.16
G92 E0 ; zero the extruded length again
; BEFORE_LAYER_CHANGE 24 @ 4.08mm
G1 E-.7 F2100
;WIPE_START
G1 F3600
G1 X103.083 Y115.401 E-.3
;WIPE_END
; AFTER_LAYER_CHANGE 24 @ 4.08mm
;_SET_FAN_SPEED_CHANGING_LAYER
; printing object hall_island_coupon.stl id:0 copy 0
G1 F9000
G1 X103.522 Y115.695 Z4.10857
G1 X103.565 Y116.221 Z4.13714
G1 X103.181 Y116.584 Z4.16571
G1 X102.658 Y116.509 Z4.19429
G1 X102.391 Y116.054 Z4.22286
G1 X102.58 Y115.561 Z4.25143
G1 X103.083 Y115.401 Z4.28
G1 X116.898 Y117.376 Z4.28
G1 X119.377 Y117.377
G1 X119.79 Y117.79
G1 Z4.08
G1 E1 F2100
;TYPE:Outer wall
;WIDTH:0.42
G1 F1800
G1 X100.21 Y117.79 E.4772
G1 X100.21 Y102.21 E.37971
G1 X119.79 Y102.21 E.4772
G1 X119.79 Y117.73 E.37825
G1 X119.377 Y117.377 F9000
G1 X119.389 Y117.389
M204 P1500
;TYPE:Inner wall
;WIDTH:0.45
G1 F2700
G1 X100.611 Y117.389 E.49327
G1 X100.611 Y102.611 E.3882
G1 X119.389 Y102.611 E.49327
G1 X119.389 Y117.329 E.38662
G1 X118.974 Y116.974 F9000
G1 F2700
G1 X101.026 Y116.974 E.47143
G1 X101.026 Y103.026 E.36636
G1 X118.974 Y103.026 E.47143
G1 X118.974 Y116.914 E.36479
G1 X118.558 Y116.558 F9000
G1 F2700
G1 X101.442 Y116.558 E.4496
G1 X101.442 Y103.442 E.34453
G1 X118.558 Y103.442 E.4496
G1 X118.558 Y116.498 E.34295
G1 X118.142 Y116.142 F9000
G1 F2700
G1 X101.858 Y116.142 E.42776
G1 X101.858 Y103.858 E.32269
G1 X118.142 Y103.858 E.42776
G1 X118.142 Y116.082 E.32111
G1 E-.7 F2100
;WIPE_START
G1 F2700
G1 X117.142 Y116.086 E-.3
;WIPE_END
G1 X113.574 Y114.734 Z4.28 F9000
G1 X108.531 Y112.824 Z4.28
G1 X107.44 Y112.824
G1 X107.44 Y112.41
G1 Z4.08
G1 E1 F2100
M204 P1000
;TYPE:Outer wall
;WIDTH:0.42
G1 F1800
G1 X112.56 Y112.41 E.12478
G1 X112.56 Y108.29 E.10041
G1 X107.44 Y108.29 E.12478
G1 X107.44 Y112.35 E.09895
G1 X107.026 Y112.35 F9000
G1 X107.026 Y112.824
G1 X107.039 Y112.824
G1 X107.039 Y112.811
M204 P1500
;TYPE:Inner wall
;WIDTH:0.45
G1 F2700
G1 X112.961 Y112.811 E.15554
G1 X112.961 Y107.889 E.12927
G1 X107.039 Y107.889 E.15554
G1 X107.039 Y112.751 E.1277
G1 X106.624 Y113.226 F9000
G1 F2700
G1 X113.376 Y113.226 E.17738
G1 X113.376 Y107.474 E.15111
G1 X106.624 Y107.474 E.17738
G1 X106.624 Y113.166 E.14953
G1 X106.208 Y113.642 F9000
G1 F2700
G1 X113.792 Y113.642 E.19921
G1 X113.792 Y107.058 E.17295
G1 X106.208 Y107.058 E.19921
G1 X106.208 Y113.582 E.17137
G1 X105.792 Y114.058 F9000
G1 F2700
G1 X114.208 Y114.058 E.22105
G1 X114.208 Y106.642 E.19478
G1 X105.792 Y106.642 E.22105
G1 X105.792 Y113.998 E.19321
G1 X112.849 Y114.429 F9000
M204 P1000
;TYPE:Internal solid infill
;WIDTH:0.481648
G1 F3600
G1 X107.445 Y114.429 E.15274
G1 X107.416 Y114.679 E.00711
G1 X107.327 Y114.876 E.00612
G1 X112.693 Y114.876 E.15169
G1 X112.717 Y115.114 E.00674
G1 X112.927 Y115.324 E.0084
G1 X107.127 Y115.324 E.16396
G1 X106.966 Y115.684 E.01115
G1 X107.053 Y115.771 E.00348
G1 X113.031 Y115.771 E.16899
G1 X117.085 Y115.973 F9000
M204 P500
;TYPE:Internal Bridge
;WIDTH:0.379473
;HEIGHT:0.379473
G1 F2250
G1 X117.78 Y115.278 E.04389
G1 X117.78 Y114.671 E.02713
G1 X116.671 Y115.78 E.07005
G1 X116.064 Y115.78 E.02713
G1 X117.78 Y114.064 E.10842
G1 X117.78 Y113.456 E.02713
G1 X115.456 Y115.78 E.14678
G1 X114.849 Y115.78 E.02713
G1 X117.78 Y112.849 E.18515
G1 X117.78 Y112.242 E.02713
G1 X114.242 Y115.78 E.22352
G1 X113.634 Y115.78 E.02713
G1 X117.78 Y111.634 E.26189
G1 X117.78 Y111.027 E.02713
G1 X113.41 Y115.397 E.27607
G1 X113.453 Y115.273 E.00586
G1 X113.19 Y115.01 E.01664
G1 X113.779 Y114.42 E.03725
G1 X113.172 Y114.42 E.02713
G1 X112.891 Y114.701 E.01773
G1 X114.377 Y113.823 F9000
G1 F2250
G1 X117.78 Y110.419 E.21498
G1 X117.78 Y109.812 E.02713
G1 X114.57 Y113.022 E.20277
G1 X114.57 Y112.415 E.02713
G1 X117.78 Y109.205 E.20277
G1 X117.78 Y108.597 E.02713
G1 X114.57 Y111.807 E.20277
G1 X114.57 Y111.2 E.02713
G1 X117.78 Y107.99 E.20277
G1 X117.78 Y107.383 E.02713
G1 X114.57 Y110.592 E.20277
G1 X114.57 Y109.985 E.02713
G1 X117.78 Y106.775 E.20277
G1 X117.78 Y106.168 E.02713
G1 X114.57 Y109.378 E.20277
G1 X114.57 Y108.77 E.02713
G1 X117.78 Y105.561 E.20277
G1 X117.78 Y104.953 E.02713
G1 X114.57 Y108.163 E.20277
G1 X114.57 Y107.556 E.02713
G1 X117.78 Y104.346 E.20277
G1 X117.78 Y104.22 E.00562
G1 X117.298 Y104.22 E.02152
G1 X114.57 Y106.948 E.17234
G1 X114.57 Y106.341 E.02713
G1 X116.691 Y104.22 E.13397
G1 X116.083 Y104.22 E.02713
G1 X114.024 Y106.28 E.13012
G1 X113.416 Y106.28 E.02713
G1 X115.476 Y104.22 E.13012
G1 X114.869 Y104.22 E.02713
G1 X112.809 Y106.28 E.13012
G1 X112.202 Y106.28 E.02713
G1 X114.261 Y104.22 E.13012
G1 X113.654 Y104.22 E.02713
G1 X111.594 Y106.28 E.13012
G1 X110.987 Y106.28 E.02713
G1 X113.047 Y104.22 E.13012
G1 X112.439 Y104.22 E.02713
G1 X110.38 Y106.28 E.13012
G1 X109.772 Y106.28 E.02713
G1 X111.832 Y104.22 E.13012
G1 X111.225 Y104.22 E.02713
G1 X109.165 Y106.28 E.13012
G1 X108.557 Y106.28 E.02713
G1 X110.617 Y104.22 E.13012
G1 X110.01 Y104.22 E.02713
G1 X107.95 Y106.28 E.13012
G1 X107.343 Y106.28 E.02713
G1 X109.402 Y104.22 E.13012
G1 X108.795 Y104.22 E.02713
G1 X106.735 Y106.28 E.13012
G1 X106.128 Y106.28 E.02713
G1 X108.381 Y104.027 E.14233
G1 X107.026 Y107.876 F9000
G1 X106.965 Y115.16
G1 F2250
G1 X106.346 Y115.78 E.03913
G1 X105.738 Y115.78 E.02713
G1 X107.028 Y114.491 E.08144
G1 X107.036 Y114.42 E.00318
G1 X106.491 Y114.42 E.02435
G1 X105.131 Y115.78 E.0859
G1 X104.524 Y115.78 E.02713
G1 X105.883 Y114.42 E.0859
G1 X105.43 Y114.42 E.02026
G1 X105.43 Y114.266 E.00687
G1 X103.916 Y115.78 E.09561
G1 X103.309 Y115.78 E.02713
G1 X105.43 Y113.659 E.13398
G1 X105.43 Y113.052 E.02713
G1 X102.702 Y115.78 E.17235
G1 X102.22 Y115.78 E.02151
G1 X102.22 Y115.654 E.00562
G1 X105.43 Y112.444 E.20277
G1 X105.43 Y111.837 E.02713
G1 X102.22 Y115.047 E.20277
G1 X102.22 Y114.439 E.02713
G1 X105.43 Y111.23 E.20277
G1 X105.43 Y110.622 E.02713
G1 X102.22 Y113.832 E.20277
G1 X102.22 Y113.225 E.02713
G1 X105.43 Y110.015 E.20277
G1 X105.43 Y109.407 E.02713
G1 X102.22 Y112.617 E.20277
G1 X102.22 Y112.01 E.02713
G1 X105.43 Y108.8 E.20277
G1 X105.43 Y108.193 E.02713
G1 X102.22 Y111.402 E.20277
G1 X102.22 Y110.795 E.02713
G1 X105.43 Y107.585 E.20277
G1 X105.43 Y106.978 E.02713
G1 X102.22 Y110.188 E.20277
G1 X102.22 Y109.58 E.02713
G1 X107.58 Y104.22 E.33862
G1 X106.973 Y104.22 E.02713
G1 X102.22 Y108.973 E.30025
G1 X102.22 Y108.366 E.02713
G1 X106.366 Y104.22 E.26188
G1 X105.758 Y104.22 E.02713
G1 X102.22 Y107.758 E.22351
G1 X102.22 Y107.151 E.02713
G1 X105.151 Y104.22 E.18514
G1 X104.544 Y104.22 E.02713
G1 X102.22 Y106.544 E.14677
G1 X102.22 Y105.936 E.02713
G1 X103.936 Y104.22 E.10841
G1 X103.329 Y104.22 E.02713
G1 X102.22 Y105.329 E.07004
G1 X102.22 Y104.721 E.02713
G1 X102.915 Y104.027 E.04388
; stop printing object hall_island_coupon.stl id:0 copy 0
M106 S150
;LAYER_CHANGE
;Z:4.24
;HEIGHT:0.16
G92 E0 ; zero the extruded length again
; BEFORE_LAYER_CHANGE 25 @ 4.24mm
G1 E-.7 F2100
;WIPE_START
G1 F2250
G1 X102.22 Y104.721 E-.29468
G1 X102.22 Y104.739 E-.00532
;WIPE_END
; AFTER_LAYER_CHANGE 25 @ 4.24mm
;_SET_FAN_SPEED_CHANGING_LAYER
; printing object hall_island_coupon.stl id:0 copy 0
G1 F9000
G1 X102.266 Y105.265 Z4.26857
G1 X101.884 Y105.629 Z4.29714
G1 X101.361 Y105.557 Z4.32571
G1 X101.091 Y105.103 Z4.35429
G1 X101.278 Y104.609 Z4.38286
G1 X101.78 Y104.447 Z4.41143
G1 X102.22 Y104.739 Z4.44
G1 X107.026 Y112.824 Z4.44
G1 X112.974 Y112.824
G1 X112.974 Y112.727
G1 X119.377 Y117.377
G1 X119.79 Y117.79
G1 Z4.24
G1 E1 F2100
M204 P1000
;TYPE:Outer wall
;WIDTH:0.42
G1 F1800
M106 S150
G1 X100.21 Y117.79 E.4772
G1 X100.21 Y102.21 E.37971
G1 X119.79 Y102.21 E.4772
G1 X119.79 Y117.73 E.37825
G1 X119.377 Y117.377 F9000
G1 X119.389 Y117.389
M204 P1500
;TYPE:Inner wall
;WIDTH:0.45
G1 F2700
G1 X100.611 Y117.389 E.49327
G1 X100.611 Y102.611 E.3882
G1 X119.389 Y102.611 E.49327
G1 X119.389 Y117.329 E.38662
G1 X118.974 Y116.974 F9000
G1 F2700
G1 X101.026 Y116.974 E.47143
G1 X101.026 Y103.026 E.36636
G1 X118.974 Y103.026 E.47143
G1 X118.974 Y116.914 E.36479
G1 X118.558 Y116.558 F9000
G1 F2700
G1 X101.442 Y116.558 E.4496
G1 X101.442 Y103.442 E.34453
G1 X118.558 Y103.442 E.4496
G1 X118.558 Y116.498 E.34295
G1 X118.142 Y116.142 F9000
G1 F2700
G1 X101.858 Y116.142 E.42776
G1 X101.858 Y103.858 E.32269
G1 X118.142 Y103.858 E.42776
G1 X118.142 Y116.082 E.32111
G1 E-.7 F2100
;WIPE_START
G1 F2700
G1 X117.142 Y116.086 E-.3
;WIPE_END
G1 X113.574 Y114.734 Z4.44 F9000
G1 X108.531 Y112.824 Z4.44
G1 X107.44 Y112.824
G1 X107.44 Y112.41
G1 Z4.24
G1 E1 F2100
M204 P1000
;TYPE:Outer wall
;WIDTH:0.42
G1 F1800
G1 X112.56 Y112.41 E.12478
G1 X112.56 Y108.29 E.10041
G1 X107.44 Y108.29 E.12478
G1 X107.44 Y112.35 E.09895
G1 X107.026 Y112.35 F9000
G1 X107.026 Y112.824
G1 X107.039 Y112.824
G1 X107.039 Y112.811
M204 P1500
;TYPE:Inner wall
;WIDTH:0.45
G1 F2700
G1 X112.961 Y112.811 E.15554
G1 X112.961 Y107.889 E.12927
G1 X107.039 Y107.889 E.15554
G1 X107.039 Y112.751 E.1277
G1 X106.624 Y113.226 F9000
G1 F2700
G1 X113.376 Y113.226 E.17738
G1 X113.376 Y107.474 E.15111
G1 X106.624 Y107.474 E.17738
G1 X106.624 Y113.166 E.14953
G1 X106.208 Y113.642 F9000
G1 F2700
G1 X113.792 Y113.642 E.19921
G1 X113.792 Y107.058 E.17295
G1 X106.208 Y107.058 E.19921
G1 X106.208 Y113.582 E.17137
G1 X105.792 Y114.058 F9000
G1 F2700
G1 X114.208 Y114.058 E.22105
G1 X114.208 Y106.642 E.19478
G1 X105.792 Y106.642 E.22105
G1 X105.792 Y113.998 E.19321
G1 X103.825 Y112.466 F9000
M204 P1000
;TYPE:Internal solid infill
;WIDTH:0.468066
G1 F3600
G1 X103.825 Y108.717 E.10275
G1 X104.235 Y108.248 F9000
;WIDTH:0.419999
G1 F3600
G1 X103.415 Y108.248 E.01997
G1 X103.415 Y112.876 E.11279
G1 X104.235 Y112.876 E.01997
G1 X104.235 Y108.308 E.11133
G1 X104.62 Y107.862 F9000
G1 F3600
G1 X103.03 Y107.862 E.03877
G1 X103.03 Y113.261 E.13159
G1 X104.62 Y113.261 E.03877
G1 X104.62 Y107.922 E.13013
G1 X105.006 Y107.476 F9000
G1 F3600
G1 X102.644 Y107.476 E.05757
G1 X102.644 Y113.647 E.15039
G1 X105.006 Y113.647 E.05757
G1 X105.006 Y107.536 E.14893
G1 X105.392 Y107.091 F9000
G1 F3600
G1 X102.258 Y107.091 E.07637
G1 X102.258 Y114.033 E.16919
G1 X105.392 Y114.033 E.07637
G1 X105.392 Y107.151 E.16772
G1 X114.608 Y107.091 F9000
G1 F3600
G1 X114.608 Y114.033 E.16919
G1 X117.742 Y114.033 E.07637
G1 X117.742 Y107.091 E.16919
G1 X114.668 Y107.091 E.0749
G1 X114.994 Y107.476 F9000
G1 F3600
G1 X114.994 Y113.647 E.15039
G1 X117.356 Y113.647 E.05757
G1 X117.356 Y107.476 E.15039
G1 X115.054 Y107.476 E.0561
G1 X115.38 Y107.862 F9000
G1 F3600
G1 X115.38 Y113.261 E.13159
G1 X116.97 Y113.261 E.03877
G1 X116.97 Y107.862 E.13159
G1 X115.44 Y107.862 E.03731
G1 X115.765 Y108.248 F9000
G1 F3600
G1 X115.765 Y112.876 E.11279
G1 X116.585 Y112.876 E.01997
G1 X116.585 Y108.248 E.11279
G1 X115.825 Y108.248 E.01851
G1 X116.175 Y112.466 F9000
;WIDTH:0.468066
G1 F3600
G1 X116.175 Y108.717 E.10275
G1 X117.8 Y107.071 F9000
;WIDTH:0.424317
G1 F3600
G1 X117.8 Y104.198 E.07081
G1 X117.41 Y104.198 E.00961
G1 X117.41 Y106.898 E.06653
G1 X117.02 Y106.898 E.00961
G1 X117.02 Y104.198 E.06653
G1 X116.63 Y104.198 E.00961
G1 X116.63 Y106.898 E.06653
G1 X116.24 Y106.898 E.00961
G1 X116.24 Y104.198 E.06653
G1 X115.85 Y104.198 E.00961
G1 X115.85 Y106.898 E.06653
G1 X115.46 Y106.898 E.00961
G1 X115.46 Y104.198 E.06653
G1 X115.07 Y104.198 E.00961
G1 X115.07 Y106.898 E.06653
G1 X114.68 Y106.898 E.00961
G1 X114.68 Y104.198 E.06653
G1 X114.29 Y104.198 E.00961
G1 X114.29 Y106.302 E.05184
G1 X113.9 Y106.302 E.00961
G1 X113.9 Y104.198 E.05184
G1 X113.51 Y104.198 E.00961
G1 X113.51 Y106.302 E.05184
G1 X113.12 Y106.302 E.00961
G1 X113.12 Y104.198 E.05184
G1 X112.73 Y104.198 E.00961
G1 X112.73 Y106.302 E.05184
G1 X112.34 Y106.302 E.00961
G1 X112.34 Y104.198 E.05184
G1 X111.95 Y104.198 E.00961
G1 X111.95 Y106.302 E.05184
G1 X111.56 Y106.302 E.00961
G1 X111.56 Y104.198 E.05184
G1 X111.17 Y104.198 E.00961
G1 X111.17 Y106.302 E.05184
G1 X110.78 Y106.302 E.00961
G1 X110.78 Y104.198 E.05184
G1 X110.39 Y104.198 E.00961
G1 X110.39 Y106.302 E.05184
G1 X110 Y106.302 E.00961
G1 X110 Y104.198 E.05184
G1 X109.61 Y104.198 E.00961
G1 X109.61 Y106.302 E.05184
G1 X109.22 Y106.302 E.00961
G1 X109.22 Y104.198 E.05184
G1 X108.83 Y104.198 E.00961
G1 X108.83 Y106.302 E.05184
G1 X108.44 Y106.302 E.00961
G1 X108.44 Y104.198 E.05184
G1 X108.05 Y104.198 E.00961
G1 X108.05 Y106.302 E.05184
G1 X107.66 Y106.302 E.00961
G1 X107.66 Y104.198 E.05184
G1 X107.27 Y104.198 E.00961
G1 X107.27 Y106.302 E.05184
G1 X106.88 Y106.302 E.00961
G1 X106.88 Y104.198 E.05184
G1 X106.49 Y104.198 E.00961
G1 X106.49 Y106.302 E.05184
G1 X106.1 Y106.302 E.00961
G1 X106.1 Y104.198 E.05184
G1 X105.71 Y104.198 E.00961
G1 X105.71 Y106.302 E.05184
G1 X105.452 Y106.302 E.00637
G1 X105.452 Y106.898 E.01469
G1 X105.32 Y106.898 E.00324
G1 X105.32 Y104.198 E.06653
G1 X104.93 Y104.198 E.00961
G1 X104.93 Y106.898 E.06653
G1 X104.54 Y106.898 E.00961
G1 X104.54 Y104.198 E.06653
G1 X104.15 Y104.198 E.00961
G1 X104.15 Y106.898 E.06653
G1 X103.76 Y106.898 E.00961
G1 X103.76 Y104.198 E.06653
G1 X103.37 Y104.198 E.00961
G1 X103.37 Y106.898 E.06653
G1 X102.98 Y106.898 E.00961
G1 X102.98 Y104.198 E.06653
G1 X102.59 Y104.198 E.00961
G1 X102.59 Y106.898 E.06653
G1 X102.2 Y106.898 E.00961
G1 X102.2 Y104.025 E.07081
G1 X102.2 Y114.052 F9000
G1 F3600
G1 X102.2 Y115.802 E.04313
G1 X102.59 Y115.802 E.00961
G1 X102.59 Y114.225 E.03885
G1 X102.98 Y114.225 E.00961
G1 X102.98 Y115.802 E.03885
G1 X103.37 Y115.802 E.00961
G1 X103.37 Y114.225 E.03885
G1 X103.76 Y114.225 E.00961
G1 X103.76 Y115.802 E.03885
G1 X104.15 Y115.802 E.00961
G1 X104.15 Y114.225 E.03885
G1 X104.54 Y114.225 E.00961
G1 X104.54 Y115.802 E.03885
G1 X104.93 Y115.802 E.00961
G1 X104.93 Y114.225 E.03885
G1 X105.32 Y114.225 E.00961
G1 X105.32 Y115.802 E.03885
G1 X105.71 Y115.802 E.00961
G1 X105.71 Y114.398 E.03459
G1 X106.1 Y114.398 E.00961
G1 X106.1 Y115.802 E.03459
G1 X106.49 Y115.802 E.00961
G1 X106.49 Y114.398 E.03459
G1 X106.88 Y114.398 E.00961
G1 X106.88 Y115.802 E.03459
G1 X107.27 Y115.802 E.00961
G1 X107.27 Y114.398 E.03459
G1 X107.66 Y114.398 E.00961
G1 X107.66 Y115.802 E.03459
G1 X108.05 Y115.802 E.00961
G1 X108.05 Y114.398 E.03459
G1 X108.44 Y114.398 E.00961
G1 X108.44 Y115.802 E.03459
G1 X108.83 Y115.802 E.00961
G1 X108.83 Y114.398 E.03459
G1 X109.22 Y114.398 E.00961
G1 X109.22 Y115.802 E.03459
G1 X109.61 Y115.802 E.00961
G1 X109.61 Y114.398 E.03459
G1 X110 Y114.398 E.00961
G1 X110 Y115.802 E.03459
G1 X110.39 Y115.802 E.00961
G1 X110.39 Y114.398 E.03459
G1 X110.78 Y114.398 E.00961
G1 X110.78 Y115.802 E.03459
G1 X111.17 Y115.802 E.00961
G1 X111.17 Y114.398 E.03459
G1 X111.56 Y114.398 E.00961
G1 X111.56 Y115.802 E.03459
G1 X111.95 Y115.802 E.00961
G1 X111.95 Y114.398 E.03459
G1 X112.34 Y114.398 E.00961
G1 X112.34 Y115.802 E.03459
G1 X112.73 Y115.802 E.00961
G1 X112.73 Y114.398 E.03459
G1 X113.12 Y114.398 E.00961
G1 X113.12 Y115.802 E.03459
G1 X113.51 Y115.802 E.00961
G1 X113.51 Y114.398 E.03459
G1 X113.9 Y114.398 E.00961
G1 X113.9 Y115.802 E.03459
G1 X114.29 Y115.802 E.00961
G1 X114.29 Y114.398 E.03459
G1 X114.548 Y114.398 E.00637
G1 X114.548 Y114.225 E.00426
G1 X114.68 Y114.225 E.00324
G1 X114.68 Y115.802 E.03885
G1 X115.07 Y115.802 E.00961
G1 X115.07 Y114.225 E.03885
G1 X115.46 Y114.225 E.00961
G1 X115.46 Y115.802 E.03885
G1 X115.85 Y115.802 E.00961
G1 X115.85 Y114.225 E.03885
G1 X116.24 Y114.225 E.00961
G1 X116.24 Y115.802 E.03885
G1 X116.63 Y115.802 E.00961
G1 X116.63 Y114.225 E.03885
G1 X117.02 Y114.225 E.00961
G1 X117.02 Y115.802 E.03885
G1 X117.41 Y115.802 E.00961
G1 X117.41 Y114.225 E.03885
G1 X117.8 Y114.225 E.00961
G1 X117.8 Y115.975 E.04313
; stop printing object hall_island_coupon.stl id:0 copy 0
;LAYER_CHANGE
;Z:4.4
;HEIGHT:0.16
G92 E0 ; zero the extruded length again
; BEFORE_LAYER_CHANGE 26 @ 4.4mm
G1 E-.7 F2100
;WIPE_START
G1 F3600
G1 X117.8 Y114.975 E-.3
;WIPE_END
; AFTER_LAYER_CHANGE 26 @ 4.4mm
;_SET_FAN_SPEED_CHANGING_LAYER
; printing object hall_island_coupon.stl id:0 copy 0
G1 F9000
G1 X117.869 Y115.499 Z4.42857
G1 X117.503 Y115.88 Z4.45714
G1 X116.978 Y115.831 Z4.48571
G1 X116.688 Y115.39 Z4.51429
G1 X116.852 Y114.888 Z4.54286
G1 X117.347 Y114.703 Z4.57143
G1 X117.8 Y114.975 Z4.6
G1 X119.377 Y117.377 Z4.6
G1 X119.79 Y117.79
G1 Z4.4
G1 E1 F2100
;TYPE:Outer wall
;WIDTH:0.42
G1 F1800
G1 X100.21 Y117.79 E.4772
G1 X100.21 Y102.21 E.37971
G1 X119.79 Y102.21 E.4772
G1 X119.79 Y117.73 E.37825
G1 X119.377 Y117.377 F9000
G1 X119.389 Y117.389
M204 P1500
;TYPE:Inner wall
;WIDTH:0.45
G1 F2700
G1 X100.611 Y117.389 E.49327
G1 X100.611 Y102.611 E.3882
G1 X119.389 Y102.611 E.49327
G1 X119.389 Y117.329 E.38662
G1 X118.974 Y116.974 F9000
G1 F2700
G1 X101.026 Y116.974 E.47143
G1 X101.026 Y103.026 E.36636
G1 X118.974 Y103.026 E.47143
G1 X118.974 Y116.914 E.36479
G1 X118.558 Y116.558 F9000
G1 F2700
G1 X101.442 Y116.558 E.4496
G1 X101.442 Y103.442 E.34453
G1 X118.558 Y103.442 E.4496
G1 X118.558 Y116.498 E.34295
G1 X118.142 Y116.142 F9000
G1 F2700
G1 X101.858 Y116.142 E.42776
G1 X101.858 Y103.858 E.32269
G1 X118.142 Y103.858 E.42776
G1 X118.142 Y116.082 E.32111
G1 E-.7 F2100
;WIPE_START
G1 F2700
G1 X117.142 Y116.086 E-.3
;WIPE_END
G1 X113.574 Y114.734 Z4.6 F9000
G1 X108.531 Y112.824 Z4.6
G1 X107.44 Y112.824
G1 X107.44 Y112.41
G1 Z4.4
G1 E1 F2100
M204 P1000
;TYPE:Outer wall
;WIDTH:0.42
G1 F1800
G1 X112.56 Y112.41 E.12478
G1 X112.56 Y108.29 E.10041
G1 X107.44 Y108.29 E.12478
G1 X107.44 Y112.35 E.09895
G1 X107.026 Y112.35 F9000
G1 X107.026 Y112.824
G1 X107.039 Y112.824
G1 X107.039 Y112.811
M204 P1500
;TYPE:Inner wall
;WIDTH:0.45
G1 F2700
G1 X112.961 Y112.811 E.15554
G1 X112.961 Y107.889 E.12927
G1 X107.039 Y107.889 E.15554
G1 X107.039 Y112.751 E.1277
G1 X106.624 Y113.226 F9000
G1 F2700
G1 X113.376 Y113.226 E.17738
G1 X113.376 Y107.474 E.15111
G1 X106.624 Y107.474 E.17738
G1 X106.624 Y113.166 E.14953
G1 X106.208 Y113.642 F9000
G1 F2700
G1 X113.792 Y113.642 E.19921
G1 X113.792 Y107.058 E.17295
G1 X106.208 Y107.058 E.19921
G1 X106.208 Y113.582 E.17137
G1 X105.792 Y114.058 F9000
G1 F2700
G1 X114.208 Y114.058 E.22105
G1 X114.208 Y106.642 E.19478
G1 X105.792 Y106.642 E.22105
G1 X105.792 Y113.998 E.19321
G1 X102.025 Y113.488 F9000
M204 P1000
;TYPE:Internal solid infill
;WIDTH:0.42
G1 F3600
G1 X105.452 Y113.488 E.08352
G1 X105.452 Y113.874 E.0094
G1 X102.198 Y113.874 E.0793
G1 X102.198 Y114.259 E.0094
G1 X117.802 Y114.259 E.38029
G1 X117.802 Y113.874 E.0094
G1 X114.548 Y113.874 E.0793
G1 X114.548 Y113.488 E.0094
G1 X117.975 Y113.488 E.08352
G1 X117.975 Y114.645 F9000
G1 F3600
G1 X102.198 Y114.645 E.38452
G1 X102.198 Y115.031 E.0094
G1 X117.802 Y115.031 E.38029
G1 X117.802 Y115.416 E.0094
G1 X102.025 Y115.416 E.38452
G1 X114.994 Y112.909 F9000
;WIDTH:0.419999
G1 F3600
G1 X117.356 Y112.909 E.05757
G1 X117.356 Y106.739 E.15039
G1 X114.994 Y106.739 E.05757
G1 X114.994 Y112.849 E.14893
G1 X115.38 Y112.524 F9000
G1 F3600
G1 X116.97 Y112.524 E.03877
G1 X116.97 Y107.124 E.13159
G1 X115.38 Y107.124 E.03877
G1 X115.38 Y112.464 E.13013
G1 X115.765 Y112.138 F9000
G1 F3600
G1 X116.585 Y112.138 E.01997
G1 X116.585 Y107.51 E.11279
G1 X115.765 Y107.51 E.01997
G1 X115.765 Y112.078 E.11133
G1 X116.175 Y111.728 F9000
;WIDTH:0.468066
G1 F3600
G1 X116.175 Y107.98 E.10275
G1 X114.608 Y107.92 F9000
;WIDTH:0.418606
G1 F3600
G1 X114.608 Y113.295 E.13053
G1 X117.742 Y113.295 E.07609
G1 X117.742 Y106.353 E.16858
G1 X114.69 Y106.34 E.07411
G1 X114.415 Y106.297 E.00674
G1 X114.595 Y106.435 E.00549
G1 X114.608 Y107.86 E.03461
G1 X105.561 Y106.298 F9000
;WIDTH:0.374336
G1 F3600
G1 X114.355 Y106.297 E.18897
G1 X105.392 Y107.92 F9000
;WIDTH:0.418343
G1 F3600
G1 X105.407 Y106.435 E.03604
G1 X105.561 Y106.298 E.00497
G1 X105.31 Y106.337 E.00615
G1 X102.258 Y106.353 E.07406
G1 X102.258 Y113.295 E.16846
G1 X105.392 Y113.295 E.07604
G1 X105.392 Y107.98 E.12899
G1 X103.825 Y111.728 F9000
;WIDTH:0.468066
G1 F3600
G1 X103.825 Y107.98 E.10275
G1 X104.235 Y112.138 F9000
;WIDTH:0.419999
G1 F3600
G1 X104.235 Y107.51 E.11279
G1 X103.415 Y107.51 E.01997
G1 X103.415 Y112.138 E.11279
G1 X104.175 Y112.138 E.01851
G1 X104.62 Y112.524 F9000
G1 F3600
G1 X104.62 Y107.124 E.13159
G1 X103.03 Y107.124 E.03877
G1 X103.03 Y112.524 E.13159
G1 X104.56 Y112.524 E.03731
G1 X105.006 Y112.909 F9000
G1 F3600
G1 X105.006 Y106.739 E.15039
G1 X102.644 Y106.739 E.05757
G1 X102.644 Y112.909 E.15039
G1 X104.946 Y112.909 E.0561
G1 X107.026 Y107.876 F9000
G1 X117.975 Y106.157
;WIDTH:0.425613
G1 F3600
G1 X102.198 Y106.157 E.39011
G1 X102.198 Y105.766 E.00967
G1 X117.802 Y105.766 E.38582
G1 X117.802 Y105.375 E.00967
G1 X102.198 Y105.375 E.38582
G1 X102.198 Y104.984 E.00967
G1 X117.802 Y104.984 E.38582
G1 X117.802 Y104.592 E.00967
G1 X102.198 Y104.592 E.38582
G1 X102.198 Y104.201 E.00967
G1 X117.975 Y104.201 E.39011
; stop printing object hall_island_coupon.stl id:0 copy 0
;LAYER_CHANGE
;Z:4.56
;HEIGHT:0.16
G92 E0 ; zero the extruded length again
; BEFORE_LAYER_CHANGE 27 @ 4.56mm
G1 E-.7 F2100
;WIPE_START
G1 F3600
G1 X116.975 Y104.201 E-.3
;WIPE_END
; AFTER_LAYER_CHANGE 27 @ 4.56mm
;_SET_FAN_SPEED_CHANGING_LAYER
; printing object hall_island_coupon.stl id:0 copy 0
G1 F9000
G1 X116.835 Y104.71 Z4.58857
G1 X116.35 Y104.918 Z4.61714
G1 X115.885 Y104.668 Z4.64571
G1 X115.79 Y104.149 Z4.67429
G1 X116.137 Y103.751 Z4.70286
G1 X116.665 Y103.774 Z4.73143
G1 X116.975 Y104.201 Z4.76
G1 X119.376 Y117.376 Z4.76
G1 X119.377 Y117.377
G1 X119.79 Y117.79
G1 Z4.56
G1 E1 F2100
;TYPE:Outer wall
;WIDTH:0.42
G1 F1800
G1 X100.21 Y117.79 E.4772
G1 X100.21 Y102.21 E.37971
G1 X119.79 Y102.21 E.4772
G1 X119.79 Y117.73 E.37825
G1 X119.377 Y117.377 F9000
G1 X119.389 Y117.389
M204 P1500
;TYPE:Inner wall
;WIDTH:0.45
G1 F2700
G1 X100.611 Y117.389 E.49327
G1 X100.611 Y102.611 E.3882
G1 X119.389 Y102.611 E.49327
G1 X119.389 Y117.329 E.38662
G1 X118.974 Y116.974 F9000
G1 F2700
G1 X101.026 Y116.974 E.47143
G1 X101.026 Y103.026 E.36636
G1 X118.974 Y103.026 E.47143
G1 X118.974 Y116.914 E.36479
G1 X118.558 Y116.558 F9000
G1 F2700
G1 X101.442 Y116.558 E.4496
G1 X101.442 Y103.442 E.34453
G1 X118.558 Y103.442 E.4496
G1 X118.558 Y116.498 E.34295
G1 X118.142 Y116.142 F9000
G1 F2700
G1 X101.858 Y116.142 E.42776
G1 X101.858 Y103.858 E.32269
G1 X118.142 Y103.858 E.42776
G1 X118.142 Y116.082 E.32111
G1 E-.7 F2100
;WIPE_START
G1 F2700
G1 X117.142 Y116.086 E-.3
;WIPE_END
G1 X113.574 Y114.734 Z4.76 F9000
G1 X108.531 Y112.824 Z4.76
G1 X107.44 Y112.824
G1 X107.44 Y112.41
G1 Z4.56
G1 E1 F2100
M204 P1000
;TYPE:Outer wall
;WIDTH:0.42
G1 F1800
G1 X112.56 Y112.41 E.12478
G1 X112.56 Y108.29 E.10041
G1 X107.44 Y108.29 E.12478
G1 X107.44 Y112.35 E.09895
G1 X107.026 Y112.35 F9000
G1 X107.026 Y112.824
G1 X107.039 Y112.824
G1 X107.039 Y112.811
M204 P1500
;TYPE:Inner wall
;WIDTH:0.45
G1 F2700
G1 X112.961 Y112.811 E.15554
G1 X112.961 Y107.889 E.12927
G1 X107.039 Y107.889 E.15554
G1 X107.039 Y112.751 E.1277
G1 X106.624 Y113.226 F9000
G1 F2700
G1 X113.376 Y113.226 E.17738
G1 X113.376 Y107.474 E.15111
G1 X106.624 Y107.474 E.17738
G1 X106.624 Y113.166 E.14953
G1 X106.208 Y113.642 F9000
G1 F2700
G1 X113.792 Y113.642 E.19921
G1 X113.792 Y107.058 E.17295
G1 X106.208 Y107.058 E.19921
G1 X106.208 Y113.582 E.17137
G1 X105.792 Y114.058 F9000
G1 F2700
G1 X114.208 Y114.058 E.22105
G1 X114.208 Y106.642 E.19478
G1 X105.792 Y106.642 E.22105
G1 X105.792 Y113.998 E.19321
G1 X103.825 Y112.466 F9000
M204 P1000
;TYPE:Internal solid infill
;WIDTH:0.468066
G1 F3600
G1 X103.825 Y108.717 E.10275
G1 X104.235 Y108.248 F9000
;WIDTH:0.419999
G1 F3600
G1 X103.415 Y108.248 E.01997
G1 X103.415 Y112.876 E.11279
G1 X104.235 Y112.876 E.01997
G1 X104.235 Y108.308 E.11133
G1 X104.62 Y107.862 F9000
G1 F3600
G1 X103.03 Y107.862 E.03877
G1 X103.03 Y113.261 E.13159
G1 X104.62 Y113.261 E.03877
G1 X104.62 Y107.922 E.13013
G1 X105.006 Y107.476 F9000
G1 F3600
G1 X102.644 Y107.476 E.05757
G1 X102.644 Y113.647 E.15039
G1 X105.006 Y113.647 E.05757
G1 X105.006 Y107.536 E.14893
G1 X105.392 Y107.091 F9000
G1 F3600
G1 X102.258 Y107.091 E.07637
G1 X102.258 Y114.033 E.16919
G1 X105.392 Y114.033 E.07637
G1 X105.392 Y107.151 E.16772
G1 X114.608 Y107.091 F9000
G1 F3600
G1 X114.608 Y114.033 E.16919
G1 X117.742 Y114.033 E.07637
G1 X117.742 Y107.091 E.16919
G1 X114.668 Y107.091 E.0749
G1 X114.994 Y107.476 F9000
G1 F3600
G1 X114.994 Y113.647 E.15039
G1 X117.356 Y113.647 E.05757
G1 X117.356 Y107.476 E.15039
G1 X115.054 Y107.476 E.0561
G1 X115.38 Y107.862 F9000
G1 F3600
G1 X115.38 Y113.261 E.13159
G1 X116.97 Y113.261 E.03877
G1 X116.97 Y107.862 E.13159
G1 X115.44 Y107.862 E.03731
G1 X115.765 Y108.248 F9000
G1 F3600
G1 X115.765 Y112.876 E.11279
G1 X116.585 Y112.876 E.01997
G1 X116.585 Y108.248 E.11279
G1 X115.825 Y108.248 E.01851
G1 X116.175 Y112.466 F9000
;WIDTH:0.468066
G1 F3600
G1 X116.175 Y108.717 E.10275
G1 X117.8 Y107.071 F9000
;WIDTH:0.424317
G1 F3600
G1 X117.8 Y104.198 E.07081
G1 X117.41 Y104.198 E.00961
G1 X117.41 Y106.898 E.06653
G1 X117.02 Y106.898 E.00961
G1 X117.02 Y104.198 E.06653
G1 X116.63 Y104.198 E.00961
G1 X116.63 Y106.898 E.06653
G1 X116.24 Y106.898 E.00961
G1 X116.24 Y104.198 E.06653
G1 X115.85 Y104.198 E.00961
G1 X115.85 Y106.898 E.06653
G1 X115.46 Y106.898 E.00961
G1 X115.46 Y104.198 E.06653
G1 X115.07 Y104.198 E.00961
G1 X115.07 Y106.898 E.06653
G1 X114.68 Y106.898 E.00961
G1 X114.68 Y104.198 E.06653
G1 X114.29 Y104.198 E.00961
G1 X114.29 Y106.302 E.05184
G1 X113.9 Y106.302 E.00961
G1 X113.9 Y104.198 E.05184
G1 X113.51 Y104.198 E.00961
G1 X113.51 Y106.302 E.05184
G1 X113.12 Y106.302 E.00961
G1 X113.12 Y104.198 E.05184
G1 X112.73 Y104.198 E.00961
G1 X112.73 Y106.302 E.05184
G1 X112.34 Y106.302 E.00961
G1 X112.34 Y104.198 E.05184
G1 X111.95 Y104.198 E.00961
G1 X111.95 Y106.302 E.05184
G1 X111.56 Y106.302 E.00961
G1 X111.56 Y104.198 E.05184
G1 X111.17 Y104.198 E.00961
G1 X111.17 Y106.302 E.05184
G1 X110.78 Y106.302 E.00961
G1 X110.78 Y104.198 E.05184
G1 X110.39 Y104.198 E.00961
G1 X110.39 Y106.302 E.05184
G1 X110 Y106.302 E.00961
G1 X110 Y104.198 E.05184
G1 X109.61 Y104.198 E.00961
G1 X109.61 Y106.302 E.05184
G1 X109.22 Y106.302 E.00961
G1 X109.22 Y104.198 E.05184
G1 X108.83 Y104.198 E.00961
G1 X108.83 Y106.302 E.05184
G1 X108.44 Y106.302 E.00961
G1 X108.44 Y104.198 E.05184
G1 X108.05 Y104.198 E.00961
G1 X108.05 Y106.302 E.05184
G1 X107.66 Y106.302 E.00961
G1 X107.66 Y104.198 E.05184
G1 X107.27 Y104.198 E.00961
G1 X107.27 Y106.302 E.05184
G1 X106.88 Y106.302 E.00961
G1 X106.88 Y104.198 E.05184
G1 X106.49 Y104.198 E.00961
G1 X106.49 Y106.302 E.05184
G1 X106.1 Y106.302 E.00961
G1 X106.1 Y104.198 E.05184
G1 X105.71 Y104.198 E.00961
G1 X105.71 Y106.302 E.05184
G1 X105.452 Y106.302 E.00637
G1 X105.452 Y106.898 E.01469
G1 X105.32 Y106.898 E.00324
G1 X105.32 Y104.198 E.06653
G1 X104.93 Y104.198 E.00961
G1 X104.93 Y106.898 E.06653
G1 X104.54 Y106.898 E.00961
G1 X104.54 Y104.198 E.06653
G1 X104.15 Y104.198 E.00961
G1 X104.15 Y106.898 E.06653
G1 X103.76 Y106.898 E.00961
G1 X103.76 Y104.198 E.06653
G1 X103.37 Y104.198 E.00961
G1 X103.37 Y106.898 E.06653
G1 X102.98 Y106.898 E.00961
G1 X102.98 Y104.198 E.06653
G1 X102.59 Y104.198 E.00961
G1 X102.59 Y106.898 E.06653
G1 X102.2 Y106.898 E.00961
G1 X102.2 Y104.025 E.07081
G1 X102.2 Y114.052 F9000
G1 F3600
G1 X102.2 Y115.802 E.04313
G1 X102.59 Y115.802 E.00961
G1 X102.59 Y114.225 E.03885
G1 X102.98 Y114.225 E.00961
G1 X102.98 Y115.802 E.03885
G1 X103.37 Y115.802 E.00961
G1 X103.37 Y114.225 E.03885
G1 X103.76 Y114.225 E.00961
G1 X103.76 Y115.802 E.03885
G1 X104.15 Y115.802 E.00961
G1 X104.15 Y114.225 E.03885
G1 X104.54 Y114.225 E.00961
G1 X104.54 Y115.802 E.03885
G1 X104.93 Y115.802 E.00961
G1 X104.93 Y114.225 E.03885
G1 X105.32 Y114.225 E.00961
G1 X105.32 Y115.802 E.03885
G1 X105.71 Y115.802 E.00961
G1 X105.71 Y114.398 E.03459
G1 X106.1 Y114.398 E.00961
G1 X106.1 Y115.802 E.03459
G1 X106.49 Y115.802 E.00961
G1 X106.49 Y114.398 E.03459
G1 X106.88 Y114.398 E.00961
G1 X106.88 Y115.802 E.03459
G1 X107.27 Y115.802 E.00961
G1 X107.27 Y114.398 E.03459
G1 X107.66 Y114.398 E.00961
G1 X107.66 Y115.802 E.03459
G1 X108.05 Y115.802 E.00961
G1 X108.05 Y114.398 E.03459
G1 X108.44 Y114.398 E.00961
G1 X108.44 Y115.802 E.03459
G1 X108.83 Y115.802 E.00961
G1 X108.83 Y114.398 E.03459
G1 X109.22 Y114.398 E.00961
G1 X109.22 Y115.802 E.03459
G1 X109.61 Y115.802 E.00961
G1 X109.61 Y114.398 E.03459
G1 X110 Y114.398 E.00961
G1 X110 Y115.802 E.03459
G1 X110.39 Y115.802 E.00961
G1 X110.39 Y114.398 E.03459
G1 X110.78 Y114.398 E.00961
G1 X110.78 Y115.802 E.03459
G1 X111.17 Y115.802 E.00961
G1 X111.17 Y114.398 E.03459
G1 X111.56 Y114.398 E.00961
G1 X111.56 Y115.802 E.03459
G1 X111.95 Y115.802 E.00961
G1 X111.95 Y114.398 E.03459
G1 X112.34 Y114.398 E.00961
G1 X112.34 Y115.802 E.03459
G1 X112.73 Y115.802 E.00961
G1 X112.73 Y114.398 E.03459
G1 X113.12 Y114.398 E.00961
G1 X113.12 Y115.802 E.03459
G1 X113.51 Y115.802 E.00961
G1 X113.51 Y114.398 E.03459
G1 X113.9 Y114.398 E.00961
G1 X113.9 Y115.802 E.03459
G1 X114.29 Y115.802 E.00961
G1 X114.29 Y114.398 E.03459
G1 X114.548 Y114.398 E.00637
G1 X114.548 Y114.225 E.00426
G1 X114.68 Y114.225 E.00324
G1 X114.68 Y115.802 E.03885
G1 X115.07 Y115.802 E.00961
G1 X115.07 Y114.225 E.03885
G1 X115.46 Y114.225 E.00961
G1 X115.46 Y115.802 E.03885
G1 X115.85 Y115.802 E.00961
G1 X115.85 Y114.225 E.03885
G1 X116.24 Y114.225 E.00961
G1 X116.24 Y115.802 E.03885
G1 X116.63 Y115.802 E.00961
G1 X116.63 Y114.225 E.03885
G1 X117.02 Y114.225 E.00961
G1 X117.02 Y115.802 E.03885
G1 X117.41 Y115.802 E.00961
G1 X117.41 Y114.225 E.03885
G1 X117.8 Y114.225 E.00961
G1 X117.8 Y115.975 E.04313
; stop printing object hall_island_coupon.stl id:0 copy 0
;LAYER_CHANGE
;Z:4.72
;HEIGHT:0.16
G92 E0 ; zero the extruded length again
; BEFORE_LAYER_CHANGE 28 @ 4.72mm
G1 E-.7 F2100
;WIPE_START
G1 F3600
G1 X117.8 Y114.975 E-.3
;WIPE_END
; AFTER_LAYER_CHANGE 28 @ 4.72mm
;_SET_FAN_SPEED_CHANGING_LAYER
; printing object hall_island_coupon.stl id:0 copy 0
G1 F9000
G1 X117.869 Y115.499 Z4.74857
G1 X117.503 Y115.88 Z4.77714
G1 X116.978 Y115.831 Z4.80571
G1 X116.688 Y115.39 Z4.83429
G1 X116.852 Y114.888 Z4.86286
G1 X117.347 Y114.703 Z4.89143
G1 X117.8 Y114.975 Z4.92
G1 X119.377 Y117.377 Z4.92
G1 X119.79 Y117.79
G1 Z4.72
G1 E1 F2100
;TYPE:Outer wall
;WIDTH:0.42
G1 F1800
G1 X100.21 Y117.79 E.4772
G1 X100.21 Y102.21 E.37971
G1 X119.79 Y102.21 E.4772
G1 X119.79 Y117.73 E.37825
G1 X119.377 Y117.377 F9000
G1 X119.389 Y117.389
M204 P1500
;TYPE:Inner wall
;WIDTH:0.45
G1 F2700
G1 X100.611 Y117.389 E.49327
G1 X100.611 Y102.611 E.3882
G1 X119.389 Y102.611 E.49327
G1 X119.389 Y117.329 E.38662
G1 X118.974 Y116.974 F9000
G1 F2700
G1 X101.026 Y116.974 E.47143
G1 X101.026 Y103.026 E.36636
G1 X118.974 Y103.026 E.47143
G1 X118.974 Y116.914 E.36479
G1 X118.558 Y116.558 F9000
G1 F2700
G1 X101.442 Y116.558 E.4496
G1 X101.442 Y103.442 E.34453
G1 X118.558 Y103.442 E.4496
G1 X118.558 Y116.498 E.34295
G1 X118.142 Y116.142 F9000
G1 F2700
G1 X101.858 Y116.142 E.42776
G1 X101.858 Y103.858 E.32269
G1 X118.142 Y103.858 E.42776
G1 X118.142 Y116.082 E.32111
G1 E-.7 F2100
;WIPE_START
G1 F2700
G1 X117.142 Y116.086 E-.3
;WIPE_END
G1 X113.574 Y114.734 Z4.92 F9000
G1 X108.531 Y112.824 Z4.92
G1 X107.44 Y112.824
G1 X107.44 Y112.41
G1 Z4.72
G1 E1 F2100
M204 P1000
;TYPE:Outer wall
;WIDTH:0.42
G1 F1800
G1 X112.56 Y112.41 E.12478
G1 X112.56 Y108.29 E.10041
G1 X107.44 Y108.29 E.12478
G1 X107.44 Y112.35 E.09895
G1 X107.026 Y112.35 F9000
G1 X107.026 Y112.824
G1 X107.039 Y112.824
G1 X107.039 Y112.811
M204 P1500
;TYPE:Inner wall
;WIDTH:0.45
G1 F2700
G1 X112.961 Y112.811 E.15554
G1 X112.961 Y107.889 E.12927
G1 X107.039 Y107.889 E.15554
G1 X107.039 Y112.751 E.1277
G1 X106.624 Y113.226 F9000
G1 F2700
G1 X113.376 Y113.226 E.17738
G1 X113.376 Y107.474 E.15111
G1 X106.624 Y107.474 E.17738
G1 X106.624 Y113.166 E.14953
G1 X106.208 Y113.642 F9000
G1 F2700
G1 X113.792 Y113.642 E.19921
G1 X113.792 Y107.058 E.17295
G1 X106.208 Y107.058 E.19921
G1 X106.208 Y113.582 E.17137
G1 X105.792 Y114.058 F9000
G1 F2700
G1 X114.208 Y114.058 E.22105
G1 X114.208 Y106.642 E.19478
G1 X105.792 Y106.642 E.22105
G1 X105.792 Y113.998 E.19321
G1 X102.025 Y113.488 F9000
M204 P1000
;TYPE:Internal solid infill
;WIDTH:0.42
G1 F3600
G1 X105.452 Y113.488 E.08352
G1 X105.452 Y113.874 E.0094
G1 X102.198 Y113.874 E.0793
G1 X102.198 Y114.259 E.0094
G1 X117.802 Y114.259 E.38029
G1 X117.802 Y113.874 E.0094
G1 X114.548 Y113.874 E.0793
G1 X114.548 Y113.488 E.0094
G1 X117.975 Y113.488 E.08352
G1 X117.975 Y114.645 F9000
G1 F3600
G1 X102.198 Y114.645 E.38452
G1 X102.198 Y115.031 E.0094
G1 X117.802 Y115.031 E.38029
G1 X117.802 Y115.416 E.0094
G1 X102.025 Y115.416 E.38452
G1 X114.994 Y112.909 F9000
;WIDTH:0.419999
G1 F3600
G1 X117.356 Y112.909 E.05757
G1 X117.356 Y106.739 E.15039
G1 X114.994 Y106.739 E.05757
G1 X114.994 Y112.849 E.14893
G1 X115.38 Y112.524 F9000
G1 F3600
G1 X116.97 Y112.524 E.03877
G1 X116.97 Y107.124 E.13159
G1 X115.38 Y107.124 E.03877
G1 X115.38 Y112.464 E.13013
G1 X115.765 Y112.138 F9000
G1 F3600
G1 X116.585 Y112.138 E.01997
G1 X116.585 Y107.51 E.11279
G1 X115.765 Y107.51 E.01997
G1 X115.765 Y112.078 E.11133
G1 X116.175 Y111.728 F9000
;WIDTH:0.468066
G1 F3600
G1 X116.175 Y107.98 E.10275
G1 X114.608 Y107.92 F9000
;WIDTH:0.418606
G1 F3600
G1 X114.608 Y113.295 E.13053
G1 X117.742 Y113.295 E.07609
G1 X117.742 Y106.353 E.16858
G1 X114.69 Y106.34 E.07411
G1 X114.415 Y106.297 E.00674
G1 X114.595 Y106.435 E.00549
G1 X114.608 Y107.86 E.03461
G1 X105.561 Y106.298 F9000
;WIDTH:0.374336
G1 F3600
G1 X114.355 Y106.297 E.18897
G1 X105.392 Y107.92 F9000
;WIDTH:0.418343
G1 F3600
G1 X105.407 Y106.435 E.03604
G1 X105.561 Y106.298 E.00497
G1 X105.31 Y106.337 E.00615
G1 X102.258 Y106.353 E.07406
G1 X102.258 Y113.295 E.16846
G1 X105.392 Y113.295 E.07604
G1 X105.392 Y107.98 E.12899
G1 X103.825 Y111.728 F9000
;WIDTH:0.468066
G1 F3600
G1 X103.825 Y107.98 E.10275
G1 X104.235 Y112.138 F9000
;WIDTH:0.419999
G1 F3600
G1 X104.235 Y107.51 E.11279
G1 X103.415 Y107.51 E.01997
G1 X103.415 Y112.138 E.11279
G1 X104.175 Y112.138 E.01851
G1 X104.62 Y112.524 F9000
G1 F3600
G1 X104.62 Y107.124 E.13159
G1 X103.03 Y107.124 E.03877
G1 X103.03 Y112.524 E.13159
G1 X104.56 Y112.524 E.03731
G1 X105.006 Y112.909 F9000
G1 F3600
G1 X105.006 Y106.739 E.15039
G1 X102.644 Y106.739 E.05757
G1 X102.644 Y112.909 E.15039
G1 X104.946 Y112.909 E.0561
G1 X107.026 Y107.876 F9000
G1 X117.975 Y106.157
;WIDTH:0.425613
G1 F3600
G1 X102.198 Y106.157 E.39011
G1 X102.198 Y105.766 E.00967
G1 X117.802 Y105.766 E.38582
G1 X117.802 Y105.375 E.00967
G1 X102.198 Y105.375 E.38582
G1 X102.198 Y104.984 E.00967
G1 X117.802 Y104.984 E.38582
G1 X117.802 Y104.592 E.00967
G1 X102.198 Y104.592 E.38582
G1 X102.198 Y104.201 E.00967
G1 X117.975 Y104.201 E.39011
; stop printing object hall_island_coupon.stl id:0 copy 0
;LAYER_CHANGE
;Z:4.88
;HEIGHT:0.16
G92 E0 ; zero the extruded length again
; BEFORE_LAYER_CHANGE 29 @ 4.88mm
G1 E-.7 F2100
;WIPE_START
G1 F3600
G1 X116.975 Y104.201 E-.3
;WIPE_END
; AFTER_LAYER_CHANGE 29 @ 4.88mm
;_SET_FAN_SPEED_CHANGING_LAYER
; printing object hall_island_coupon.stl id:0 copy 0
G1 F9000
G1 X116.835 Y104.71 Z4.90857
G1 X116.35 Y104.918 Z4.93714
G1 X115.885 Y104.668 Z4.96571
G1 X115.79 Y104.149 Z4.99429
G1 X116.137 Y103.751 Z5.02286
G1 X116.665 Y103.774 Z5.05143
G1 X116.975 Y104.201 Z5.08
G1 X119.376 Y117.376 Z5.08
G1 X119.377 Y117.377
G1 X119.79 Y117.79
G1 Z4.88
G1 E1 F2100
;TYPE:Outer wall
;WIDTH:0.42
G1 F1800
G1 X100.21 Y117.79 E.4772
G1 X100.21 Y102.21 E.37971
G1 X119.79 Y102.21 E.4772
G1 X119.79 Y117.73 E.37825
G1 X119.377 Y117.377 F9000
G1 X119.389 Y117.389
M204 P1500
;TYPE:Inner wall
;WIDTH:0.45
G1 F2700
G1 X100.611 Y117.389 E.49327
G1 X100.611 Y102.611 E.3882
G1 X119.389 Y102.611 E.49327
G1 X119.389 Y117.329 E.38662
G1 X118.974 Y116.974 F9000
G1 F2700
G1 X101.026 Y116.974 E.47143
G1 X101.026 Y103.026 E.36636
G1 X118.974 Y103.026 E.47143
G1 X118.974 Y116.914 E.36479
G1 X118.558 Y116.558 F9000
G1 F2700
G1 X101.442 Y116.558 E.4496
G1 X101.442 Y103.442 E.34453
G1 X118.558 Y103.442 E.4496
G1 X118.558 Y116.498 E.34295
G1 X118.142 Y116.142 F9000
G1 F2700
G1 X101.858 Y116.142 E.42776
G1 X101.858 Y103.858 E.32269
G1 X118.142 Y103.858 E.42776
G1 X118.142 Y116.082 E.32111
G1 E-.7 F2100
;WIPE_START
G1 F2700
G1 X117.142 Y116.086 E-.3
;WIPE_END
G1 X113.574 Y114.734 Z5.08 F9000
G1 X108.531 Y112.824 Z5.08
G1 X107.44 Y112.824
G1 X107.44 Y112.41
G1 Z4.88
G1 E1 F2100
M204 P1000
;TYPE:Outer wall
;WIDTH:0.42
G1 F1800
G1 X112.56 Y112.41 E.12478
G1 X112.56 Y108.29 E.10041
G1 X107.44 Y108.29 E.12478
G1 X107.44 Y112.35 E.09895
G1 X107.026 Y112.35 F9000
G1 X107.026 Y112.824
G1 X107.039 Y112.824
G1 X107.039 Y112.811
M204 P1500
;TYPE:Inner wall
;WIDTH:0.45
G1 F2700
G1 X112.961 Y112.811 E.15554
G1 X112.961 Y107.889 E.12927
G1 X107.039 Y107.889 E.15554
G1 X107.039 Y112.751 E.1277
G1 X106.624 Y113.226 F9000
G1 F2700
G1 X113.376 Y113.226 E.17738
G1 X113.376 Y107.474 E.15111
G1 X106.624 Y107.474 E.17738
G1 X106.624 Y113.166 E.14953
G1 X106.208 Y113.642 F9000
G1 F2700
G1 X113.792 Y113.642 E.19921
G1 X113.792 Y107.058 E.17295
G1 X106.208 Y107.058 E.19921
G1 X106.208 Y113.582 E.17137
G1 X105.792 Y114.058 F9000
G1 F2700
G1 X114.208 Y114.058 E.22105
G1 X114.208 Y106.642 E.19478
G1 X105.792 Y106.642 E.22105
G1 X105.792 Y113.998 E.19321
G1 X103.825 Y112.466 F9000
M204 P1000
;TYPE:Internal solid infill
;WIDTH:0.468066
G1 F3600
G1 X103.825 Y108.717 E.10275
G1 X104.235 Y108.248 F9000
;WIDTH:0.419999
G1 F3600
G1 X103.415 Y108.248 E.01997
G1 X103.415 Y112.876 E.11279
G1 X104.235 Y112.876 E.01997
G1 X104.235 Y108.308 E.11133
G1 X104.62 Y107.862 F9000
G1 F3600
G1 X103.03 Y107.862 E.03877
G1 X103.03 Y113.261 E.13159
G1 X104.62 Y113.261 E.03877
G1 X104.62 Y107.922 E.13013
G1 X105.006 Y107.476 F9000
G1 F3600
G1 X102.644 Y107.476 E.05757
G1 X102.644 Y113.647 E.15039
G1 X105.006 Y113.647 E.05757
G1 X105.006 Y107.536 E.14893
G1 X105.392 Y107.091 F9000
G1 F3600
G1 X102.258 Y107.091 E.07637
G1 X102.258 Y114.033 E.16919
G1 X105.392 Y114.033 E.07637
G1 X105.392 Y107.151 E.16772
G1 X114.608 Y107.091 F9000
G1 F3600
G1 X114.608 Y114.033 E.16919
G1 X117.742 Y114.033 E.07637
G1 X117.742 Y107.091 E.16919
G1 X114.668 Y107.091 E.0749
G1 X114.994 Y107.476 F9000
G1 F3600
G1 X114.994 Y113.647 E.15039
G1 X117.356 Y113.647 E.05757
G1 X117.356 Y107.476 E.15039
G1 X115.054 Y107.476 E.0561
G1 X115.38 Y107.862 F9000
G1 F3600
G1 X115.38 Y113.261 E.13159
G1 X116.97 Y113.261 E.03877
G1 X116.97 Y107.862 E.13159
G1 X115.44 Y107.862 E.03731
G1 X115.765 Y108.248 F9000
G1 F3600
G1 X115.765 Y112.876 E.11279
G1 X116.585 Y112.876 E.01997
G1 X116.585 Y108.248 E.11279
G1 X115.825 Y108.248 E.01851
G1 X116.175 Y112.466 F9000
;WIDTH:0.468066
G1 F3600
G1 X116.175 Y108.717 E.10275
G1 X117.8 Y107.071 F9000
;WIDTH:0.424317
G1 F3600
G1 X117.8 Y104.198 E.07081
G1 X117.41 Y104.198 E.00961
G1 X117.41 Y106.898 E.06653
G1 X117.02 Y106.898 E.00961
G1 X117.02 Y104.198 E.06653
G1 X116.63 Y104.198 E.00961
G1 X116.63 Y106.898 E.06653
G1 X116.24 Y106.898 E.00961
G1 X116.24 Y104.198 E.06653
G1 X115.85 Y104.198 E.00961
G1 X115.85 Y106.898 E.06653
G1 X115.46 Y106.898 E.00961
G1 X115.46 Y104.198 E.06653
G1 X115.07 Y104.198 E.00961
G1 X115.07 Y106.898 E.06653
G1 X114.68 Y106.898 E.00961
G1 X114.68 Y104.198 E.06653
G1 X114.29 Y104.198 E.00961
G1 X114.29 Y106.302 E.05184
G1 X113.9 Y106.302 E.00961
G1 X113.9 Y104.198 E.05184
G1 X113.51 Y104.198 E.00961
G1 X113.51 Y106.302 E.05184
G1 X113.12 Y106.302 E.00961
G1 X113.12 Y104.198 E.05184
G1 X112.73 Y104.198 E.00961
G1 X112.73 Y106.302 E.05184
G1 X112.34 Y106.302 E.00961
G1 X112.34 Y104.198 E.05184
G1 X111.95 Y104.198 E.00961
G1 X111.95 Y106.302 E.05184
G1 X111.56 Y106.302 E.00961
G1 X111.56 Y104.198 E.05184
G1 X111.17 Y104.198 E.00961
G1 X111.17 Y106.302 E.05184
G1 X110.78 Y106.302 E.00961
G1 X110.78 Y104.198 E.05184
G1 X110.39 Y104.198 E.00961
G1 X110.39 Y106.302 E.05184
G1 X110 Y106.302 E.00961
G1 X110 Y104.198 E.05184
G1 X109.61 Y104.198 E.00961
G1 X109.61 Y106.302 E.05184
G1 X109.22 Y106.302 E.00961
G1 X109.22 Y104.198 E.05184
G1 X108.83 Y104.198 E.00961
G1 X108.83 Y106.302 E.05184
G1 X108.44 Y106.302 E.00961
G1 X108.44 Y104.198 E.05184
G1 X108.05 Y104.198 E.00961
G1 X108.05 Y106.302 E.05184
G1 X107.66 Y106.302 E.00961
G1 X107.66 Y104.198 E.05184
G1 X107.27 Y104.198 E.00961
G1 X107.27 Y106.302 E.05184
G1 X106.88 Y106.302 E.00961
G1 X106.88 Y104.198 E.05184
G1 X106.49 Y104.198 E.00961
G1 X106.49 Y106.302 E.05184
G1 X106.1 Y106.302 E.00961
G1 X106.1 Y104.198 E.05184
G1 X105.71 Y104.198 E.00961
G1 X105.71 Y106.302 E.05184
G1 X105.452 Y106.302 E.00637
G1 X105.452 Y106.898 E.01469
G1 X105.32 Y106.898 E.00324
G1 X105.32 Y104.198 E.06653
G1 X104.93 Y104.198 E.00961
G1 X104.93 Y106.898 E.06653
G1 X104.54 Y106.898 E.00961
G1 X104.54 Y104.198 E.06653
G1 X104.15 Y104.198 E.00961
G1 X104.15 Y106.898 E.06653
G1 X103.76 Y106.898 E.00961
G1 X103.76 Y104.198 E.06653
G1 X103.37 Y104.198 E.00961
G1 X103.37 Y106.898 E.06653
G1 X102.98 Y106.898 E.00961
G1 X102.98 Y104.198 E.06653
G1 X102.59 Y104.198 E.00961
G1 X102.59 Y106.898 E.06653
G1 X102.2 Y106.898 E.00961
G1 X102.2 Y104.025 E.07081
G1 X102.2 Y114.052 F9000
G1 F3600
G1 X102.2 Y115.802 E.04313
G1 X102.59 Y115.802 E.00961
G1 X102.59 Y114.225 E.03885
G1 X102.98 Y114.225 E.00961
G1 X102.98 Y115.802 E.03885
G1 X103.37 Y115.802 E.00961
G1 X103.37 Y114.225 E.03885
G1 X103.76 Y114.225 E.00961
G1 X103.76 Y115.802 E.03885
G1 X104.15 Y115.802 E.00961
G1 X104.15 Y114.225 E.03885
G1 X104.54 Y114.225 E.00961
G1 X104.54 Y115.802 E.03885
G1 X104.93 Y115.802 E.00961
G1 X104.93 Y114.225 E.03885
G1 X105.32 Y114.225 E.00961
G1 X105.32 Y115.802 E.03885
G1 X105.71 Y115.802 E.00961
G1 X105.71 Y114.398 E.03459
G1 X106.1 Y114.398 E.00961
G1 X106.1 Y115.802 E.03459
G1 X106.49 Y115.802 E.00961
G1 X106.49 Y114.398 E.03459
G1 X106.88 Y114.398 E.00961
G1 X106.88 Y115.802 E.03459
G1 X107.27 Y115.802 E.00961
G1 X107.27 Y114.398 E.03459
G1 X107.66 Y114.398 E.00961
G1 X107.66 Y115.802 E.03459
G1 X108.05 Y115.802 E.00961
G1 X108.05 Y114.398 E.03459
G1 X108.44 Y114.398 E.00961
G1 X108.44 Y115.802 E.03459
G1 X108.83 Y115.802 E.00961
G1 X108.83 Y114.398 E.03459
G1 X109.22 Y114.398 E.00961
G1 X109.22 Y115.802 E.03459
G1 X109.61 Y115.802 E.00961
G1 X109.61 Y114.398 E.03459
G1 X110 Y114.398 E.00961
G1 X110 Y115.802 E.03459
G1 X110.39 Y115.802 E.00961
G1 X110.39 Y114.398 E.03459
G1 X110.78 Y114.398 E.00961
G1 X110.78 Y115.802 E.03459
G1 X111.17 Y115.802 E.00961
G1 X111.17 Y114.398 E.03459
G1 X111.56 Y114.398 E.00961
G1 X111.56 Y115.802 E.03459
G1 X111.95 Y115.802 E.00961
G1 X111.95 Y114.398 E.03459
G1 X112.34 Y114.398 E.00961
G1 X112.34 Y115.802 E.03459
G1 X112.73 Y115.802 E.00961
G1 X112.73 Y114.398 E.03459
G1 X113.12 Y114.398 E.00961
G1 X113.12 Y115.802 E.03459
G1 X113.51 Y115.802 E.00961
G1 X113.51 Y114.398 E.03459
G1 X113.9 Y114.398 E.00961
G1 X113.9 Y115.802 E.03459
G1 X114.29 Y115.802 E.00961
G1 X114.29 Y114.398 E.03459
G1 X114.548 Y114.398 E.00637
G1 X114.548 Y114.225 E.00426
G1 X114.68 Y114.225 E.00324
G1 X114.68 Y115.802 E.03885
G1 X115.07 Y115.802 E.00961
G1 X115.07 Y114.225 E.03885
G1 X115.46 Y114.225 E.00961
G1 X115.46 Y115.802 E.03885
G1 X115.85 Y115.802 E.00961
G1 X115.85 Y114.225 E.03885
G1 X116.24 Y114.225 E.00961
G1 X116.24 Y115.802 E.03885
G1 X116.63 Y115.802 E.00961
G1 X116.63 Y114.225 E.03885
G1 X117.02 Y114.225 E.00961
G1 X117.02 Y115.802 E.03885
G1 X117.41 Y115.802 E.00961
G1 X117.41 Y114.225 E.03885
G1 X117.8 Y114.225 E.00961
G1 X117.8 Y115.975 E.04313
; stop printing object hall_island_coupon.stl id:0 copy 0
M106 S102
;LAYER_CHANGE
;Z:5.04
;HEIGHT:0.16
G92 E0 ; zero the extruded length again
; BEFORE_LAYER_CHANGE 30 @ 5.04mm
G1 E-.7 F2100
;WIPE_START
G1 F3600
G1 X117.8 Y114.975 E-.3
;WIPE_END
; AFTER_LAYER_CHANGE 30 @ 5.04mm
;_SET_FAN_SPEED_CHANGING_LAYER
; printing object hall_island_coupon.stl id:0 copy 0
G1 F9000
G1 X117.887 Y115.496 Z5.06857
G1 X117.535 Y115.889 Z5.09714
G1 X117.008 Y115.859 Z5.12571
G1 X116.703 Y115.428 Z5.15429
G1 X116.85 Y114.92 Z5.18286
G1 X117.338 Y114.719 Z5.21143
G1 X117.8 Y114.975 Z5.24
G1 X119.79 Y117.79 Z5.24
G1 Z5.04
G1 E1 F2100
;TYPE:Outer wall
;WIDTH:0.42
G1 F1800
G1 X100.21 Y117.79 E.4772
G1 X100.21 Y102.21 E.37971
G1 X119.79 Y102.21 E.4772
G1 X119.79 Y117.73 E.37825
G1 E-.7 F2100
;WIPE_START
G1 F1800
G1 X118.79 Y117.733 E-.3
;WIPE_END
G1 X115.176 Y116.509 Z5.24 F9000
G1 X106.336 Y113.514 Z5.24
G1 Z5.04
G1 E1 F2100
M204 P1500
;TYPE:Inner wall
;WIDTH:0.45
G1 F2700
G1 X106.336 Y107.186 E.16623
G1 X113.664 Y107.186 E.1925
G1 X113.664 Y113.514 E.16623
G1 X106.396 Y113.514 E.19092
G1 E-.7 F2100
;WIPE_START
G1 F2700
G1 X106.386 Y112.514 E-.3
;WIPE_END
G1 X107.026 Y112.514 Z5.24 F9000
G1 X107.026 Y112.824
G1 X107.44 Y112.824
G1 X107.44 Y112.41
G1 Z5.04
G1 E1 F2100
M204 P1000
;TYPE:Outer wall
;WIDTH:0.42
G1 F1800
G1 X112.56 Y112.41 E.12478
G1 X112.56 Y108.29 E.10041
G1 X107.44 Y108.29 E.12478
G1 X107.44 Y112.35 E.09895
G1 X107.026 Y112.35 F9000
G1 X107.026 Y112.824
G1 X107.039 Y112.824
G1 X107.039 Y112.811
M204 P1500
;TYPE:Inner wall
;WIDTH:0.45
G1 F2700
G1 X112.961 Y112.811 E.15554
G1 X112.961 Y107.889 E.12927
G1 X107.039 Y107.889 E.15554
G1 X107.039 Y112.751 E.1277
G1 X106.688 Y112.751 F9000
M204 P1000
;TYPE:Gap infill
;WIDTH:0.323169
G1 F2700
G1 X106.688 Y113.018 E.00489
G1 X106.712 Y113.138 E.00222
G1 X106.832 Y113.162 E.00222
G1 X113.168 Y113.162 E.11567
G1 X113.288 Y113.138 E.00222
G1 X113.312 Y113.018 E.00222
G1 X113.312 Y107.682 E.09741
G1 X113.288 Y107.562 E.00222
G1 X113.168 Y107.538 E.00222
G1 X106.832 Y107.538 E.11567
G1 X106.712 Y107.562 E.00222
G1 X106.688 Y107.682 E.00222
G1 X106.688 Y112.691 E.09143
G1 E-.7 F2100
;WIPE_START
G1 F2700
G1 X106.688 Y113.018 E-.09835
G1 X106.712 Y113.138 E-.03653
G1 X106.832 Y113.162 E-.03653
G1 X107.26 Y113.162 E-.12859
;WIPE_END
G1 X107.26 Y112.824 Z5.24 F9000
G1 X107.026 Y112.824
G1 X107.026 Y107.876
G1 X114.021 Y107.357
G1 X119.678 Y102.5
G1 Z5.04
G1 E1 F2100
;TYPE:Top surface
;WIDTH:0.429071
G1 F1800
G1 X100.495 Y102.5 E.47851
G1 X100.495 Y102.895 E.00985
G1 X119.505 Y102.895 E.47418
G1 X119.505 Y103.29 E.00985
G1 X100.495 Y103.29 E.47418
G1 X100.495 Y103.684 E.00985
G1 X119.505 Y103.684 E.47418
G1 X119.505 Y104.079 E.00985
G1 X100.495 Y104.079 E.47418
G1 X100.495 Y104.474 E.00985
G1 X119.505 Y104.474 E.47418
G1 X119.505 Y104.868 E.00985
G1 X100.495 Y104.868 E.47418
G1 X100.495 Y105.263 E.00985
G1 X119.505 Y105.263 E.47418
G1 X119.505 Y105.658 E.00985
G1 X100.495 Y105.658 E.47418
G1 X100.495 Y106.053 E.00985
G1 X119.505 Y106.053 E.47418
G1 X119.505 Y106.447 E.00985
G1 X100.495 Y106.447 E.47418
G1 X100.495 Y106.842 E.00985
G1 X119.505 Y106.842 E.47418
G1 X119.505 Y107.237 E.00985
G1 X113.965 Y107.237 E.13819
G1 X113.965 Y106.885 E.00877
G1 X106.035 Y106.885 E.1978
G1 X106.035 Y107.237 E.00877
G1 X100.495 Y107.237 E.13819
G1 X100.495 Y107.632 E.00985
G1 X106.035 Y107.632 E.13819
G1 X106.035 Y108.026 E.00985
G1 X100.495 Y108.026 E.13819
G1 X100.495 Y108.421 E.00985
G1 X106.035 Y108.421 E.13819
G1 X106.035 Y108.816 E.00985
G1 X100.495 Y108.816 E.13819
G1 X100.495 Y109.211 E.00985
G1 X106.035 Y109.211 E.13819
G1 X106.035 Y109.605 E.00985
G1 X100.495 Y109.605 E.13819
G1 X100.495 Y110 E.00985
G1 X106.035 Y110 E.13819
G1 X106.035 Y110.395 E.00985
G1 X100.495 Y110.395 E.13819
G1 X100.495 Y110.79 E.00985
G1 X106.035 Y110.79 E.13819
G1 X106.035 Y111.184 E.00985
G1 X100.495 Y111.184 E.13819
G1 X100.495 Y111.579 E.00985
G1 X106.035 Y111.579 E.13819
G1 X106.035 Y111.974 E.00985
G1 X100.495 Y111.974 E.13819
G1 X100.495 Y112.368 E.00985
G1 X106.035 Y112.368 E.13819
G1 X106.035 Y112.763 E.00985
G1 X100.495 Y112.763 E.13819
G1 X100.495 Y113.158 E.00985
G1 X106.209 Y113.158 E.14252
G1 X105.979 Y113.158 F9000
G1 X114.021 Y113.871
G1 X114.021 Y107.632
G1 X113.791 Y107.632
G1 F1800
G1 X119.505 Y107.632 E.14252
G1 X119.505 Y108.026 E.00985
G1 X113.965 Y108.026 E.13819
G1 X113.965 Y108.421 E.00985
G1 X119.505 Y108.421 E.13819
G1 X119.505 Y108.816 E.00985
G1 X113.965 Y108.816 E.13819
G1 X113.965 Y109.211 E.00985
G1 X119.505 Y109.211 E.13819
G1 X119.505 Y109.605 E.00985
G1 X113.965 Y109.605 E.13819
G1 X113.965 Y110 E.00985
G1 X119.505 Y110 E.13819
G1 X119.505 Y110.395 E.00985
G1 X113.965 Y110.395 E.13819
G1 X113.965 Y110.79 E.00985
G1 X119.505 Y110.79 E.13819
G1 X119.505 Y111.184 E.00985
G1 X113.965 Y111.184 E.13819
G1 X113.965 Y111.579 E.00985
G1 X119.505 Y111.579 E.13819
G1 X119.505 Y111.974 E.00985
G1 X113.965 Y111.974 E.13819
G1 X113.965 Y112.368 E.00985
G1 X119.505 Y112.368 E.13819
G1 X119.505 Y112.763 E.00985
G1 X113.965 Y112.763 E.13819
G1 X113.965 Y113.158 E.00985
G1 X119.505 Y113.158 E.13819
G1 X119.505 Y113.553 E.00985
G1 X113.965 Y113.553 E.13819
G1 X113.965 Y113.815 E.00654
G1 X106.035 Y113.815 E.1978
G1 X106.035 Y113.553 E.00654
G1 X100.495 Y113.553 E.13819
G1 X100.495 Y113.947 E.00985
G1 X119.505 Y113.947 E.47418
G1 X119.505 Y114.342 E.00985
G1 X100.495 Y114.342 E.47418
G1 X100.495 Y114.737 E.00985
G1 X119.505 Y114.737 E.47418
G1 X119.505 Y115.132 E.00985
G1 X100.495 Y115.132 E.47418
G1 X100.495 Y115.526 E.00985
G1 X119.505 Y115.526 E.47418
G1 X119.505 Y115.921 E.00985
G1 X100.495 Y115.921 E.47418
G1 X100.495 Y116.316 E.00985
G1 X119.505 Y116.316 E.47418
G1 X119.505 Y116.711 E.00985
G1 X100.495 Y116.711 E.47418
G1 X100.495 Y117.105 E.00985
G1 X119.505 Y117.105 E.47418
G1 X119.505 Y117.5 E.00985
G1 X100.322 Y117.5 E.47851
G1 E-.7 F2100
;WIPE_START
G1 F1800
G1 X101.322 Y117.5 E-.3
;WIPE_END
G1 X104.265 Y115.071 Z5.24 F9000
G1 X105.979 Y113.656 Z5.24
G1 X105.979 Y106.829
G1 X114.021 Y107.016
G1 X119.795 Y102.25
G1 Z5.04
G1 E1 F2100
;TYPE:Ironing
;WIDTH:0.401288
;HEIGHT:0.006
G1 F900
G1 X100.25 Y102.25 E.01853
G1 X100.25 Y102.35 E.00009
G1 X119.75 Y102.35 E.01848
G1 X119.75 Y102.45 E.00009
G1 X100.25 Y102.45 E.01848
G1 X100.25 Y102.55 E.00009
G1 X119.75 Y102.55 E.01848
G1 X119.75 Y102.65 E.00009
G1 X100.25 Y102.65 E.01848
G1 X100.25 Y102.75 E.00009
G1 X119.75 Y102.75 E.01848
G1 X119.75 Y102.85 E.00009
G1 X100.25 Y102.85 E.01848
G1 X100.25 Y102.95 E.00009
G1 X119.75 Y102.95 E.01848
G1 X119.75 Y103.05 E.00009
G1 X100.25 Y103.05 E.01848
G1 X100.25 Y103.15 E.00009
G1 X119.75 Y103.15 E.01848
G1 X119.75 Y103.25 E.00009
G1 X100.25 Y103.25 E.01848
G1 X100.25 Y103.35 E.00009
G1 X119.75 Y103.35 E.01848
G1 X119.75 Y103.45 E.00009
G1 X100.25 Y103.45 E.01848
G1 X100.25 Y103.55 E.00009
G1 X119.75 Y103.55 E.01848
G1 X119.75 Y103.65 E.00009
G1 X100.25 Y103.65 E.01848
G1 X100.25 Y103.75 E.00009
G1 X119.75 Y103.75 E.01848
G1 X119.75 Y103.85 E.00009
G1 X100.25 Y103.85 E.01848
G1 X100.25 Y103.95 E.00009
G1 X119.75 Y103.95 E.01848
G1 X119.75 Y104.05 E.00009
G1 X100.25 Y104.05 E.01848
G1 X100.25 Y104.15 E.00009
G1 X119.75 Y104.15 E.01848
G1 X119.75 Y104.25 E.00009
G1 X100.25 Y104.25 E.01848
G1 X100.25 Y104.35 E.00009
G1 X119.75 Y104.35 E.01848
G1 X119.75 Y104.45 E.00009
G1 X100.25 Y104.45 E.01848
G1 X100.25 Y104.55 E.00009
G1 X119.75 Y104.55 E.01848
G1 X119.75 Y104.65 E.00009
G1 X100.25 Y104.65 E.01848
G1 X100.25 Y104.75 E.00009
G1 X119.75 Y104.75 E.01848
G1 X119.75 Y104.85 E.00009
G1 X100.25 Y104.85 E.01848
G1 X100.25 Y104.95 E.00009
G1 X119.75 Y104.95 E.01848
G1 X119.75 Y105.05 E.00009
G1 X100.25 Y105.05 E.01848
G1 X100.25 Y105.15 E.00009
G1 X119.75 Y105.15 E.01848
G1 X119.75 Y105.25 E.00009
G1 X100.25 Y105.25 E.01848
G1 X100.25 Y105.35 E.00009
G1 X119.75 Y105.35 E.01848
G1 X119.75 Y105.45 E.00009
G1 X100.25 Y105.45 E.01848
G1 X100.25 Y105.55 E.00009
G1 X119.75 Y105.55 E.01848
G1 X119.75 Y105.65 E.00009
G1 X100.25 Y105.65 E.01848
G1 X100.25 Y105.75 E.00009
G1 X119.75 Y105.75 E.01848
G1 X119.75 Y105.85 E.00009
G1 X100.25 Y105.85 E.01848
G1 X100.25 Y105.95 E.00009
G1 X119.75 Y105.95 E.01848
G1 X119.75 Y106.05 E.00009
G1 X100.25 Y106.05 E.01848
G1 X100.25 Y106.15 E.00009
G1 X119.75 Y106.15 E.01848
G1 X119.75 Y106.25 E.00009
G1 X100.25 Y106.25 E.01848
G1 X100.25 Y106.35 E.00009
G1 X119.75 Y106.35 E.01848
G1 X119.75 Y106.45 E.00009
G1 X100.25 Y106.45 E.01848
G1 X100.25 Y106.55 E.00009
G1 X119.75 Y106.55 E.01848
G1 X119.75 Y106.65 E.00009
G1 X114.3 Y106.65 E.00517
G1 X114.3 Y106.75 E.00009
G1 X119.75 Y106.75 E.00517
G1 X119.75 Y106.85 E.00009
G1 X114.3 Y106.85 E.00517
G1 X114.3 Y106.95 E.00009
G1 X119.75 Y106.95 E.00517
G1 X119.75 Y107.05 E.00009
G1 X114.3 Y107.05 E.00517
G1 X114.3 Y107.15 E.00009
G1 X119.75 Y107.15 E.00517
G1 X119.75 Y107.25 E.00009
G1 X114.3 Y107.25 E.00517
G1 X114.3 Y107.35 E.00009
G1 X119.75 Y107.35 E.00517
G1 X119.75 Y107.45 E.00009
G1 X114.3 Y107.45 E.00517
G1 X114.3 Y107.55 E.00009
G1 X119.75 Y107.55 E.00517
G1 X119.75 Y107.65 E.00009
G1 X114.3 Y107.65 E.00517
G1 X114.3 Y107.75 E.00009
G1 X119.75 Y107.75 E.00517
G1 X119.75 Y107.85 E.00009
G1 X114.3 Y107.85 E.00517
G1 X114.3 Y107.95 E.00009
G1 X119.75 Y107.95 E.00517
G1 X119.75 Y108.05 E.00009
G1 X114.3 Y108.05 E.00517
G1 X114.3 Y108.15 E.00009
G1 X119.75 Y108.15 E.00517
G1 X119.75 Y108.25 E.00009
G1 X114.3 Y108.25 E.00517
G1 X114.3 Y108.35 E.00009
G1 X119.75 Y108.35 E.00517
G1 X119.75 Y108.45 E.00009
G1 X114.3 Y108.45 E.00517
G1 X114.3 Y108.55 E.00009
G1 X119.75 Y108.55 E.00517
G1 X119.75 Y108.65 E.00009
G1 X114.3 Y108.65 E.00517
G1 X114.3 Y108.75 E.00009
G1 X119.75 Y108.75 E.00517
G1 X119.75 Y108.85 E.00009
G1 X114.3 Y108.85 E.00517
G1 X114.3 Y108.95 E.00009
G1 X119.75 Y108.95 E.00517
G1 X119.75 Y109.05 E.00009
G1 X114.3 Y109.05 E.00517
G1 X114.3 Y109.15 E.00009
G1 X119.75 Y109.15 E.00517
G1 X119.75 Y109.25 E.00009
G1 X114.3 Y109.25 E.00517
G1 X114.3 Y109.35 E.00009
G1 X119.75 Y109.35 E.00517
G1 X119.75 Y109.45 E.00009
G1 X114.3 Y109.45 E.00517
G1 X114.3 Y109.55 E.00009
G1 X119.75 Y109.55 E.00517
G1 X119.75 Y109.65 E.00009
G1 X114.3 Y109.65 E.00517
G1 X114.3 Y109.75 E.00009
G1 X119.75 Y109.75 E.00517
G1 X119.75 Y109.85 E.00009
G1 X114.3 Y109.85 E.00517
G1 X114.3 Y109.95 E.00009
G1 X119.75 Y109.95 E.00517
G1 X119.75 Y110.05 E.00009
G1 X114.3 Y110.05 E.00517
G1 X114.3 Y110.15 E.00009
G1 X119.75 Y110.15 E.00517
G1 X119.75 Y110.25 E.00009
G1 X114.3 Y110.25 E.00517
G1 X114.3 Y110.35 E.00009
G1 X119.75 Y110.35 E.00517
G1 X119.75 Y110.45 E.00009
G1 X114.3 Y110.45 E.00517
G1 X114.3 Y110.55 E.00009
G1 X119.75 Y110.55 E.00517
G1 X119.75 Y110.65 E.00009
G1 X114.3 Y110.65 E.00517
G1 X114.3 Y110.75 E.00009
G1 X119.75 Y110.75 E.00517
G1 X119.75 Y110.85 E.00009
G1 X114.3 Y110.85 E.00517
G1 X114.3 Y110.95 E.00009
G1 X119.75 Y110.95 E.00517
G1 X119.75 Y111.05 E.00009
G1 X114.3 Y111.05 E.00517
G1 X114.3 Y111.15 E.00009
G1 X119.75 Y111.15 E.00517
G1 X119.75 Y111.25 E.00009
G1 X114.3 Y111.25 E.00517
G1 X114.3 Y111.35 E.00009
G1 X119.75 Y111.35 E.00517
G1 X119.75 Y111.45 E.00009
G1 X114.3 Y111.45 E.00517
G1 X114.3 Y111.55 E.00009
G1 X119.75 Y111.55 E.00517
G1 X119.75 Y111.65 E.00009
G1 X114.3 Y111.65 E.00517
G1 X114.3 Y111.75 E.00009
G1 X119.75 Y111.75 E.00517
G1 X119.75 Y111.85 E.00009
G1 X114.3 Y111.85 E.00517
G1 X114.3 Y111.95 E.00009
G1 X119.75 Y111.95 E.00517
G1 X119.75 Y112.05 E.00009
G1 X114.3 Y112.05 E.00517
G1 X114.3 Y112.15 E.00009
G1 X119.75 Y112.15 E.00517
G1 X119.75 Y112.25 E.00009
G1 X114.3 Y112.25 E.00517
G1 X114.3 Y112.35 E.00009
G1 X119.75 Y112.35 E.00517
G1 X119.75 Y112.45 E.00009
G1 X114.3 Y112.45 E.00517
G1 X114.3 Y112.55 E.00009
G1 X119.75 Y112.55 E.00517
G1 X119.75 Y112.65 E.00009
G1 X114.3 Y112.65 E.00517
G1 X114.3 Y112.75 E.00009
G1 X119.75 Y112.75 E.00517
G1 X119.75 Y112.85 E.00009
G1 X114.3 Y112.85 E.00517
G1 X114.3 Y112.95 E.00009
G1 X119.75 Y112.95 E.00517
G1 X119.75 Y113.05 E.00009
G1 X114.3 Y113.05 E.00517
G1 X114.3 Y113.15 E.00009
G1 X119.75 Y113.15 E.00517
G1 X119.75 Y113.25 E.00009
G1 X114.3 Y113.25 E.00517
G1 X114.3 Y113.35 E.00009
G1 X119.75 Y113.35 E.00517
G1 X119.75 Y113.45 E.00009
G1 X114.3 Y113.45 E.00517
G1 X114.3 Y113.55 E.00009
G1 X119.75 Y113.55 E.00517
G1 X119.75 Y113.65 E.00009
G1 X114.3 Y113.65 E.00517
G1 X114.3 Y113.75 E.00009
G1 X119.75 Y113.75 E.00517
G1 X119.75 Y113.85 E.00009
G1 X114.3 Y113.85 E.00517
G1 X114.3 Y113.95 E.00009
G1 X119.75 Y113.95 E.00517
G1 X119.75 Y114.05 E.00009
G1 X114.255 Y114.05 E.00521
G1 E-.7 F2100
;WIPE_START
G1 F900
G1 X115.255 Y114.05 E-.3
;WIPE_END
G1 X114.021 Y113.09 Z5.24 F9000
G1 X114.021 Y106.829
G1 X105.979 Y106.829
G1 X105.745 Y106.65
G1 Z5.04
G1 E1 F2100
G1 F900
G1 X100.25 Y106.65 E.00521
G1 X100.25 Y106.75 E.00009
G1 X105.7 Y106.75 E.00517
G1 X105.7 Y106.85 E.00009
G1 X100.25 Y106.85 E.00517
G1 X100.25 Y106.95 E.00009
G1 X105.7 Y106.95 E.00517
G1 X105.7 Y107.05 E.00009
G1 X100.25 Y107.05 E.00517
G1 X100.25 Y107.15 E.00009
G1 X105.7 Y107.15 E.00517
G1 X105.7 Y107.25 E.00009
G1 X100.25 Y107.25 E.00517
G1 X100.25 Y107.35 E.00009
G1 X105.7 Y107.35 E.00517
G1 X105.7 Y107.45 E.00009
G1 X100.25 Y107.45 E.00517
G1 X100.25 Y107.55 E.00009
G1 X105.7 Y107.55 E.00517
G1 X105.7 Y107.65 E.00009
G1 X100.25 Y107.65 E.00517
G1 X100.25 Y107.75 E.00009
G1 X105.7 Y107.75 E.00517
G1 X105.7 Y107.85 E.00009
G1 X100.25 Y107.85 E.00517
G1 X100.25 Y107.95 E.00009
G1 X105.7 Y107.95 E.00517
G1 X105.7 Y108.05 E.00009
G1 X100.25 Y108.05 E.00517
G1 X100.25 Y108.15 E.00009
G1 X105.7 Y108.15 E.00517
G1 X105.7 Y108.25 E.00009
G1 X100.25 Y108.25 E.00517
G1 X100.25 Y108.35 E.00009
G1 X105.7 Y108.35 E.00517
G1 X105.7 Y108.45 E.00009
G1 X100.25 Y108.45 E.00517
G1 X100.25 Y108.55 E.00009
G1 X105.7 Y108.55 E.00517
G1 X105.7 Y108.65 E.00009
G1 X100.25 Y108.65 E.00517
G1 X100.25 Y108.75 E.00009
G1 X105.7 Y108.75 E.00517
G1 X105.7 Y108.85 E.00009
G1 X100.25 Y108.85 E.00517
G1 X100.25 Y108.95 E.00009
G1 X105.7 Y108.95 E.00517
G1 X105.7 Y109.05 E.00009
G1 X100.25 Y109.05 E.00517
G1 X100.25 Y109.15 E.00009
G1 X105.7 Y109.15 E.00517
G1 X105.7 Y109.25 E.00009
G1 X100.25 Y109.25 E.00517
G1 X100.25 Y109.35 E.00009
G1 X105.7 Y109.35 E.00517
G1 X105.7 Y109.45 E.00009
G1 X100.25 Y109.45 E.00517
G1 X100.25 Y109.55 E.00009
G1 X105.7 Y109.55 E.00517
G1 X105.7 Y109.65 E.00009
G1 X100.25 Y109.65 E.00517
G1 X100.25 Y109.75 E.00009
G1 X105.7 Y109.75 E.00517
G1 X105.7 Y109.85 E.00009
G1 X100.25 Y109.85 E.00517
G1 X100.25 Y109.95 E.00009
G1 X105.7 Y109.95 E.00517
G1 X105.7 Y110.05 E.00009
G1 X100.25 Y110.05 E.00517
G1 X100.25 Y110.15 E.00009
G1 X105.7 Y110.15 E.00517
G1 X105.7 Y110.25 E.00009
G1 X100.25 Y110.25 E.00517
G1 X100.25 Y110.35 E.00009
G1 X105.7 Y110.35 E.00517
G1 X105.7 Y110.45 E.00009
G1 X100.25 Y110.45 E.00517
G1 X100.25 Y110.55 E.00009
G1 X105.7 Y110.55 E.00517
G1 X105.7 Y110.65 E.00009
G1 X100.25 Y110.65 E.00517
G1 X100.25 Y110.75 E.00009
G1 X105.7 Y110.75 E.00517
G1 X105.7 Y110.85 E.00009
G1 X100.25 Y110.85 E.00517
G1 X100.25 Y110.95 E.00009
G1 X105.7 Y110.95 E.00517
G1 X105.7 Y111.05 E.00009
G1 X100.25 Y111.05 E.00517
G1 X100.25 Y111.15 E.00009
G1 X105.7 Y111.15 E.00517
G1 X105.7 Y111.25 E.00009
G1 X100.25 Y111.25 E.00517
G1 X100.25 Y111.35 E.00009
G1 X105.7 Y111.35 E.00517
G1 X105.7 Y111.45 E.00009
G1 X100.25 Y111.45 E.00517
G1 X100.25 Y111.55 E.00009
G1 X105.7 Y111.55 E.00517
G1 X105.7 Y111.65 E.00009
G1 X100.25 Y111.65 E.00517
G1 X100.25 Y111.75 E.00009
G1 X105.7 Y111.75 E.00517
G1 X105.7 Y111.85 E.00009
G1 X100.25 Y111.85 E.00517
G1 X100.25 Y111.95 E.00009
G1 X105.7 Y111.95 E.00517
G1 X105.7 Y112.05 E.00009
G1 X100.25 Y112.05 E.00517
G1 X100.25 Y112.15 E.00009
G1 X105.7 Y112.15 E.00517
G1 X105.7 Y112.25 E.00009
G1 X100.25 Y112.25 E.00517
G1 X100.25 Y112.35 E.00009
G1 X105.7 Y112.35 E.00517
G1 X105.7 Y112.45 E.00009
G1 X100.25 Y112.45 E.00517
G1 X100.25 Y112.55 E.00009
G1 X105.7 Y112.55 E.00517
G1 X105.7 Y112.65 E.00009
G1 X100.25 Y112.65 E.00517
G1 X100.25 Y112.75 E.00009
G1 X105.7 Y112.75 E.00517
G1 X105.7 Y112.85 E.00009
G1 X100.25 Y112.85 E.00517
G1 X100.25 Y112.95 E.00009
G1 X105.7 Y112.95 E.00517
G1 X105.7 Y113.05 E.00009
G1 X100.25 Y113.05 E.00517
G1 X100.25 Y113.15 E.00009
G1 X105.7 Y113.15 E.00517
G1 X105.7 Y113.25 E.00009
G1 X100.25 Y113.25 E.00517
G1 X100.25 Y113.35 E.00009
G1 X105.7 Y113.35 E.00517
G1 X105.7 Y113.45 E.00009
G1 X100.25 Y113.45 E.00517
G1 X100.25 Y113.55 E.00009
G1 X105.7 Y113.55 E.00517
G1 X105.7 Y113.65 E.00009
G1 X100.25 Y113.65 E.00517
G1 X100.25 Y113.75 E.00009
G1 X105.7 Y113.75 E.00517
G1 X105.7 Y113.85 E.00009
G1 X100.25 Y113.85 E.00517
G1 X100.25 Y113.95 E.00009
G1 X105.7 Y113.95 E.00517
G1 X105.7 Y114.05 E.00009
G1 X100.25 Y114.05 E.00517
G1 X100.25 Y114.15 E.00009
G1 X119.75 Y114.15 E.01848
G1 X119.75 Y114.25 E.00009
G1 X100.25 Y114.25 E.01848
G1 X100.25 Y114.35 E.00009
G1 X119.75 Y114.35 E.01848
G1 X119.75 Y114.45 E.00009
G1 X100.25 Y114.45 E.01848
G1 X100.25 Y114.55 E.00009
G1 X119.75 Y114.55 E.01848
G1 X119.75 Y114.65 E.00009
G1 X100.25 Y114.65 E.01848
G1 X100.25 Y114.75 E.00009
G1 X119.75 Y114.75 E.01848
G1 X119.75 Y114.85 E.00009
G1 X100.25 Y114.85 E.01848
G1 X100.25 Y114.95 E.00009
G1 X119.75 Y114.95 E.01848
G1 X119.75 Y115.05 E.00009
G1 X100.25 Y115.05 E.01848
G1 X100.25 Y115.15 E.00009
G1 X119.75 Y115.15 E.01848
G1 X119.75 Y115.25 E.00009
G1 X100.25 Y115.25 E.01848
G1 X100.25 Y115.35 E.00009
G1 X119.75 Y115.35 E.01848
G1 X119.75 Y115.45 E.00009
G1 X100.25 Y115.45 E.01848
G1 X100.25 Y115.55 E.00009
G1 X119.75 Y115.55 E.01848
G1 X119.75 Y115.65 E.00009
G1 X100.25 Y115.65 E.01848
G1 X100.25 Y115.75 E.00009
G1 X119.75 Y115.75 E.01848
G1 X119.75 Y115.85 E.00009
G1 X100.25 Y115.85 E.01848
G1 X100.25 Y115.95 E.00009
G1 X119.75 Y115.95 E.01848
G1 X119.75 Y116.05 E.00009
G1 X100.25 Y116.05 E.01848
G1 X100.25 Y116.15 E.00009
G1 X119.75 Y116.15 E.01848
G1 X119.75 Y116.25 E.00009
G1 X100.25 Y116.25 E.01848
G1 X100.25 Y116.35 E.00009
G1 X119.75 Y116.35 E.01848
G1 X119.75 Y116.45 E.00009
G1 X100.25 Y116.45 E.01848
G1 X100.25 Y116.55 E.00009
G1 X119.75 Y116.55 E.01848
G1 X119.75 Y116.65 E.00009
G1 X100.25 Y116.65 E.01848
G1 X100.25 Y116.75 E.00009
G1 X119.75 Y116.75 E.01848
G1 X119.75 Y116.85 E.00009
G1 X100.25 Y116.85 E.01848
G1 X100.25 Y116.95 E.00009
G1 X119.75 Y116.95 E.01848
G1 X119.75 Y117.05 E.00009
G1 X100.25 Y117.05 E.01848
G1 X100.25 Y117.15 E.00009
G1 X119.75 Y117.15 E.01848
G1 X119.75 Y117.25 E.00009
G1 X100.25 Y117.25 E.01848
G1 X100.25 Y117.35 E.00009
G1 X119.75 Y117.35 E.01848
G1 X119.75 Y117.45 E.00009
G1 X100.25 Y117.45 E.01848
G1 X100.25 Y117.55 E.00009
G1 X119.75 Y117.55 E.01848
G1 X119.75 Y117.65 E.00009
G1 X100.205 Y117.65 E.01853
; stop printing object hall_island_coupon.stl id:0 copy 0
M106 S176
;LAYER_CHANGE
;Z:5.2
;HEIGHT:0.16
G92 E0 ; zero the extruded length again
; BEFORE_LAYER_CHANGE 31 @ 5.2mm
G1 E-.7 F2100
;WIPE_START
G1 F900
G1 X101.205 Y117.65 E-.3
;WIPE_END
; AFTER_LAYER_CHANGE 31 @ 5.2mm
;_SET_FAN_SPEED_CHANGING_LAYER
; printing object hall_island_coupon.stl id:0 copy 0
G1 F9000
G1 X101.712 Y117.503 Z5.22857
G1 X102.143 Y117.807 Z5.25714
G1 X102.174 Y118.334 Z5.28571
G1 X101.781 Y118.687 Z5.31429
G1 X101.261 Y118.6 Z5.34286
G1 X101.004 Y118.138 Z5.37143
G1 X101.205 Y117.65 Z5.4
G1 X106.374 Y113.009 Z5.4
G1 X109.335 Y110.35
G1 Z5.2
G1 E1 F2100
M204 P500
;TYPE:Overhang wall
;WIDTH:0.363434
G1 F1047
G1 X110.665 Y110.35 E.02766
G1 X110.764 Y110.614 E.00586
G1 X109.236 Y110.614 E.03176
G1 X109.236 Y110.086 E.01097
G1 X110.764 Y110.086 E.03176
G1 X110.764 Y110.614 E.01097
G1 X111.093 Y110.943 E.00968
G1 X108.907 Y110.943 E.04545
G1 X108.907 Y109.757 E.02466
G1 X111.093 Y109.757 E.04545
G1 X111.093 Y110.943 E.02466
G1 X111.422 Y111.272 E.00968
G1 X108.578 Y111.272 E.05914
G1 X108.578 Y109.428 E.03834
G1 X111.422 Y109.428 E.05914
G1 X111.422 Y111.272 E.03834
G1 X111.751 Y111.601 E.00968
G1 X108.249 Y111.601 E.07283
G1 X108.249 Y109.099 E.05203
G1 X111.751 Y109.099 E.07283
G1 X111.751 Y111.601 E.05203
G1 X112.08 Y111.93 E.00968
G1 X107.92 Y111.93 E.08652
G1 X107.92 Y108.77 E.06572
G1 X112.08 Y108.77 E.08652
G1 X112.08 Y111.93 E.06572
G1 E-.7 F2100
;WIPE_START
G1 F1500
G1 X112.08 Y110.93 E-.3
;WIPE_END
G1 F9000
G1 X112.131 Y111.456 Z5.22857
G1 X111.752 Y111.823 Z5.25714
G1 X111.228 Y111.756 Z5.28571
G1 X110.954 Y111.305 Z5.31429
G1 X111.136 Y110.809 Z5.34286
G1 X111.637 Y110.642 Z5.37143
G1 X112.08 Y110.93 Z5.4
G1 X113.626 Y113.476 Z5.4
G1 X114.04 Y113.89
G1 Z5.2
G1 E1 F2100
M204 P1000
;TYPE:Outer wall
;WIDTH:0.42
G1 F1047
M106 S176
G1 X105.96 Y113.89 E.19692
G1 X105.96 Y106.81 E.17255
G1 X114.04 Y106.81 E.19692
G1 X114.04 Y113.83 E.17109
G1 X113.626 Y113.476 F9000
G1 X113.639 Y113.489
M204 P1500
;TYPE:Inner wall
;WIDTH:0.45
G1 F1047
G1 X106.361 Y113.489 E.19119
G1 X106.361 Y107.211 E.16493
G1 X113.639 Y107.211 E.19119
G1 X113.639 Y113.429 E.16335
G1 X113.224 Y113.074 F9000
G1 F1047
G1 X106.776 Y113.074 E.16936
G1 X106.776 Y107.626 E.14309
G1 X113.224 Y107.626 E.16936
G1 X113.224 Y113.014 E.14151
G1 X112.808 Y112.658 F9000
G1 F1047
G1 X107.192 Y112.658 E.14752
G1 X107.192 Y108.042 E.12125
G1 X112.808 Y108.042 E.14752
G1 X112.808 Y112.598 E.11968
G1 X112.392 Y112.242 F9000
G1 F1047
G1 X107.608 Y112.242 E.12568
G1 X107.608 Y108.458 E.09941
G1 X112.392 Y108.458 E.12568
G1 X112.392 Y112.182 E.09784
; stop printing object hall_island_coupon.stl id:0 copy 0
;LAYER_CHANGE
;Z:5.36
;HEIGHT:0.16
G92 E0 ; zero the extruded length again
; BEFORE_LAYER_CHANGE 32 @ 5.36mm
G1 E-.7 F2100
;WIPE_START
G1 F2700
G1 X111.392 Y112.195 E-.3
;WIPE_END
; AFTER_LAYER_CHANGE 32 @ 5.36mm
;_SET_FAN_SPEED_CHANGING_LAYER
; printing object hall_island_coupon.stl id:0 copy 0
G1 F9000
G1 X111.691 Y112.63 Z5.38857
G1 X111.537 Y113.135 Z5.41714
G1 X111.046 Y113.33 Z5.44571
G1 X110.588 Y113.067 Z5.47429
G1 X110.508 Y112.545 Z5.50286
G1 X110.866 Y112.157 Z5.53143
G1 X111.392 Y112.195 Z5.56
G1 X113.626 Y113.476 Z5.56
G1 X114.04 Y113.89
G1 Z5.36
G1 E1 F2100
M204 P1000
;TYPE:Outer wall
;WIDTH:0.42
G1 F966
G1 X105.96 Y113.89 E.19692
G1 X105.96 Y106.81 E.17255
G1 X114.04 Y106.81 E.19692
G1 X114.04 Y113.83 E.17109
G1 X113.626 Y113.476 F9000
G1 X113.639 Y113.489
M204 P1500
;TYPE:Inner wall
;WIDTH:0.45
G1 F966
G1 X106.361 Y113.489 E.19119
G1 X106.361 Y107.211 E.16493
G1 X113.639 Y107.211 E.19119
G1 X113.639 Y113.429 E.16335
G1 X113.224 Y113.074 F9000
G1 F966
G1 X106.776 Y113.074 E.16936
G1 X106.776 Y107.626 E.14309
G1 X113.224 Y107.626 E.16936
G1 X113.224 Y113.014 E.14151
G1 X112.808 Y112.658 F9000
G1 F966
G1 X107.192 Y112.658 E.14752
G1 X107.192 Y108.042 E.12125
G1 X112.808 Y108.042 E.14752
G1 X112.808 Y112.598 E.11968
G1 X112.392 Y112.242 F9000
G1 F966
G1 X107.608 Y112.242 E.12568
G1 X107.608 Y108.458 E.09941
G1 X112.392 Y108.458 E.12568
G1 X112.392 Y112.182 E.09784
G1 X112.225 Y108.799 F9000
M204 P1000
;TYPE:Internal solid infill
;WIDTH:0.422028
G1 F966
G1 X107.948 Y108.799 E.10479
G1 X107.948 Y109.187 E.0095
G1 X112.052 Y109.187 E.10054
G1 X112.052 Y109.575 E.0095
G1 X107.948 Y109.575 E.10054
G1 X107.948 Y109.962 E.0095
G1 X112.052 Y109.962 E.10054
G1 X112.052 Y110.35 E.0095
G1 X107.948 Y110.35 E.10054
G1 X107.948 Y110.738 E.0095
G1 X112.052 Y110.738 E.10054
G1 X112.052 Y111.125 E.0095
G1 X107.948 Y111.125 E.10054
G1 X107.948 Y111.513 E.0095
G1 X112.052 Y111.513 E.10054
G1 X112.052 Y111.901 E.0095
G1 X107.775 Y111.901 E.10479
; stop printing object hall_island_coupon.stl id:0 copy 0
M106 S102
;LAYER_CHANGE
;Z:5.52
;HEIGHT:0.16
G92 E0 ; zero the extruded length again
; BEFORE_LAYER_CHANGE 33 @ 5.52mm
G1 E-.7 F2100
;WIPE_START
G1 F3600
G1 X108.775 Y111.901 E-.3
;WIPE_END
; AFTER_LAYER_CHANGE 33 @ 5.52mm
;_SET_FAN_SPEED_CHANGING_LAYER
; printing object hall_island_coupon.stl id:0 copy 0
G1 F9000
G1 X109.139 Y112.283 Z5.54857
G1 X109.067 Y112.806 Z5.57714
G1 X108.613 Y113.076 Z5.60571
G1 X108.119 Y112.89 Z5.63429
G1 X107.957 Y112.387 Z5.66286
G1 X108.249 Y111.947 Z5.69143
G1 X108.775 Y111.901 Z5.72
G1 X114.04 Y113.89 Z5.72
G1 Z5.52
G1 E1 F2100
;TYPE:Outer wall
;WIDTH:0.42
G1 F1800
G1 X105.96 Y113.89 E.19692
G1 X105.96 Y106.81 E.17255
G1 X114.04 Y106.81 E.19692
G1 X114.04 Y113.83 E.17109
G1 X113.746 Y113.774 F9000
;TYPE:Top surface
;WIDTH:0.428694
G1 F1800
G1 X113.746 Y107.099 E.16635
G1 X113.352 Y107.099 E.00983
G1 X113.352 Y113.601 E.16203
G1 X112.958 Y113.601 E.00983
G1 X112.958 Y107.099 E.16203
G1 X112.563 Y107.099 E.00983
G1 X112.563 Y113.601 E.16203
G1 X112.169 Y113.601 E.00983
G1 X112.169 Y107.099 E.16203
G1 X111.775 Y107.099 E.00983
G1 X111.775 Y113.601 E.16203
G1 X111.38 Y113.601 E.00983
G1 X111.38 Y107.099 E.16203
G1 X110.986 Y107.099 E.00983
G1 X110.986 Y113.601 E.16203
G1 X110.591 Y113.601 E.00983
G1 X110.591 Y107.099 E.16203
G1 X110.197 Y107.099 E.00983
G1 X110.197 Y113.601 E.16203
G1 X109.803 Y113.601 E.00983
G1 X109.803 Y107.099 E.16203
G1 X109.408 Y107.099 E.00983
G1 X109.408 Y113.601 E.16203
G1 X109.014 Y113.601 E.00983
G1 X109.014 Y107.099 E.16203
G1 X108.62 Y107.099 E.00983
G1 X108.62 Y113.601 E.16203
G1 X108.225 Y113.601 E.00983
G1 X108.225 Y107.099 E.16203
G1 X107.831 Y107.099 E.00983
G1 X107.831 Y113.601 E.16203
G1 X107.437 Y113.601 E.00983
G1 X107.437 Y107.099 E.16203
G1 X107.042 Y107.099 E.00983
G1 X107.042 Y113.601 E.16203
G1 X106.648 Y113.601 E.00983
G1 X106.648 Y107.099 E.16203
G1 X106.254 Y107.099 E.00983
G1 X106.254 Y113.774 E.16635
G1 E-.7 F2100
;WIPE_START
G1 F1800
G1 X106.254 Y112.774 E-.3
;WIPE_END
G1 X110.03 Y113.324 Z5.72 F9000
G1 X113.95 Y113.895 Z5.72
G1 Z5.52
G1 E1 F2100
;TYPE:Ironing
;WIDTH:0.401288
;HEIGHT:0.006
G1 F900
G1 X113.95 Y106.85 E.00668
G1 X113.85 Y106.85 E.00009
G1 X113.85 Y113.85 E.00664
G1 X113.75 Y113.85 E.00009
G1 X113.75 Y106.85 E.00664
G1 X113.65 Y106.85 E.00009
G1 X113.65 Y113.85 E.00664
G1 X113.55 Y113.85 E.00009
G1 X113.55 Y106.85 E.00664
G1 X113.45 Y106.85 E.00009
G1 X113.45 Y113.85 E.00664
G1 X113.35 Y113.85 E.00009
G1 X113.35 Y106.85 E.00664
G1 X113.25 Y106.85 E.00009
G1 X113.25 Y113.85 E.00664
G1 X113.15 Y113.85 E.00009
G1 X113.15 Y106.85 E.00664
G1 X113.05 Y106.85 E.00009
G1 X113.05 Y113.85 E.00664
G1 X112.95 Y113.85 E.00009
G1 X112.95 Y106.85 E.00664
G1 X112.85 Y106.85 E.00009
G1 X112.85 Y113.85 E.00664
G1 X112.75 Y113.85 E.00009
G1 X112.75 Y106.85 E.00664
G1 X112.65 Y106.85 E.00009
G1 X112.65 Y113.85 E.00664
G1 X112.55 Y113.85 E.00009
G1 X112.55 Y106.85 E.00664
G1 X112.45 Y106.85 E.00009
G1 X112.45 Y113.85 E.00664
G1 X112.35 Y113.85 E.00009
G1 X112.35 Y106.85 E.00664
G1 X112.25 Y106.85 E.00009
G1 X112.25 Y113.85 E.00664
G1 X112.15 Y113.85 E.00009
G1 X112.15 Y106.85 E.00664
G1 X112.05 Y106.85 E.00009
G1 X112.05 Y113.85 E.00664
G1 X111.95 Y113.85 E.00009
G1 X111.95 Y106.85 E.00664
G1 X111.85 Y106.85 E.00009
G1 X111.85 Y113.85 E.00664
G1 X111.75 Y113.85 E.00009
G1 X111.75 Y106.85 E.00664
G1 X111.65 Y106.85 E.00009
G1 X111.65 Y113.85 E.00664
G1 X111.55 Y113.85 E.00009
G1 X111.55 Y106.85 E.00664
G1 X111.45 Y106.85 E.00009
G1 X111.45 Y113.85 E.00664
G1 X111.35 Y113.85 E.00009
G1 X111.35 Y106.85 E.00664
G1 X111.25 Y106.85 E.00009
G1 X111.25 Y113.85 E.00664
G1 X111.15 Y113.85 E.00009
G1 X111.15 Y106.85 E.00664
G1 X111.05 Y106.85 E.00009
G1 X111.05 Y113.85 E.00664
G1 X110.95 Y113.85 E.00009
G1 X110.95 Y106.85 E.00664
G1 X110.85 Y106.85 E.00009
G1 X110.85 Y113.85 E.00664
G1 X110.75 Y113.85 E.00009
G1 X110.75 Y106.85 E.00664
G1 X110.65 Y106.85 E.00009
G1 X110.65 Y113.85 E.00664
G1 X110.55 Y113.85 E.00009
G1 X110.55 Y106.85 E.00664
G1 X110.45 Y106.85 E.00009
G1 X110.45 Y113.85 E.00664
G1 X110.35 Y113.85 E.00009
G1 X110.35 Y106.85 E.00664
G1 X110.25 Y106.85 E.00009
G1 X110.25 Y113.85 E.00664
G1 X110.15 Y113.85 E.00009
G1 X110.15 Y106.85 E.00664
G1 X110.05 Y106.85 E.00009
G1 X110.05 Y113.85 E.00664
G1 X109.95 Y113.85 E.00009
G1 X109.95 Y106.85 E.00664
G1 X109.85 Y106.85 E.00009
G1 X109.85 Y113.85 E.00664
G1 X109.75 Y113.85 E.00009
G1 X109.75 Y106.85 E.00664
G1 X109.65 Y106.85 E.00009
G1 X109.65 Y113.85 E.00664
G1 X109.55 Y113.85 E.00009
G1 X109.55 Y106.85 E.00664
G1 X109.45 Y106.85 E.00009
G1 X109.45 Y113.85 E.00664
G1 X109.35 Y113.85 E.00009
G1 X109.35 Y106.85 E.00664
G1 X109.25 Y106.85 E.00009
G1 X109.25 Y113.85 E.00664
G1 X109.15 Y113.85 E.00009
G1 X109.15 Y106.85 E.00664
G1 X109.05 Y106.85 E.00009
G1 X109.05 Y113.85 E.00664
G1 X108.95 Y113.85 E.00009
G1 X108.95 Y106.85 E.00664
G1 X108.85 Y106.85 E.00009
G1 X108.85 Y113.85 E.00664
G1 X108.75 Y113.85 E.00009
G1 X108.75 Y106.85 E.00664
G1 X108.65 Y106.85 E.00009
G1 X108.65 Y113.85 E.00664
G1 X108.55 Y113.85 E.00009
G1 X108.55 Y106.85 E.00664
G1 X108.45 Y106.85 E.00009
G1 X108.45 Y113.85 E.00664
G1 X108.35 Y113.85 E.00009
G1 X108.35 Y106.85 E.00664
G1 X108.25 Y106.85 E.00009
G1 X108.25 Y113.85 E.00664
G1 X108.15 Y113.85 E.00009
G1 X108.15 Y106.85 E.00664
G1 X108.05 Y106.85 E.00009
G1 X108.05 Y113.85 E.00664
G1 X107.95 Y113.85 E.00009
G1 X107.95 Y106.85 E.00664
G1 X107.85 Y106.85 E.00009
G1 X107.85 Y113.85 E.00664
G1 X107.75 Y113.85 E.00009
G1 X107.75 Y106.85 E.00664
G1 X107.65 Y106.85 E.00009
G1 X107.65 Y113.85 E.00664
G1 X107.55 Y113.85 E.00009
G1 X107.55 Y106.85 E.00664
G1 X107.45 Y106.85 E.00009
G1 X107.45 Y113.85 E.00664
G1 X107.35 Y113.85 E.00009
G1 X107.35 Y106.85 E.00664
G1 X107.25 Y106.85 E.00009
G1 X107.25 Y113.85 E.00664
G1 X107.15 Y113.85 E.00009
G1 X107.15 Y106.85 E.00664
G1 X107.05 Y106.85 E.00009
G1 X107.05 Y113.85 E.00664
G1 X106.95 Y113.85 E.00009
G1 X106.95 Y106.85 E.00664
G1 X106.85 Y106.85 E.00009
G1 X106.85 Y113.85 E.00664
G1 X106.75 Y113.85 E.00009
G1 X106.75 Y106.85 E.00664
G1 X106.65 Y106.85 E.00009
G1 X106.65 Y113.85 E.00664
G1 X106.55 Y113.85 E.00009
G1 X106.55 Y106.85 E.00664
G1 X106.45 Y106.85 E.00009
G1 X106.45 Y113.85 E.00664
G1 X106.35 Y113.85 E.00009
G1 X106.35 Y106.85 E.00664
G1 X106.25 Y106.85 E.00009
G1 X106.25 Y113.85 E.00664
G1 X106.15 Y113.85 E.00009
G1 X106.15 Y106.85 E.00664
G1 X106.05 Y106.85 E.00009
G1 X106.05 Y113.895 E.00668
; stop printing object hall_island_coupon.stl id:0 copy 0
G1 E-.7 F2100
;WIPE_START
G1 F900
G1 X106.05 Y112.895 E-.3
;WIPE_END
M106 S0
;TYPE:Custom
; filament end gcode 
;M106 P3 S0
M140 S0 ; heatbed off
M107 ; fan off
G91 ; relative positioning
M83 ; extruder relative mode
G1 E-1 F2100 ; controlled direct-drive retract
G1 Z+0.5 F3000 ; lift nozzle
M104 S0 ; extruder off
G28 X Y ; home X/Y
G90 ; absolute positioning
G1 Y220 F3000
M84 ; steppers off
M300 S1318 P266
; EXECUTABLE_BLOCK_END

; filament used [mm] = 638.05
; filament used [cm3] = 1.53
; filament used [g] = 1.90
; filament cost = 0.03
; total filament used [g] = 1.90
; total filament cost = 0.03
; total layers count = 34
; estimated printing time (normal mode) = 21m 6s
; estimated first layer printing time (normal mode) = 4m 29s

; CONFIG_BLOCK_START
; accel_to_decel_enable = 1
; accel_to_decel_factor = 50%
; activate_air_filtration = 0
; activate_air_filtration_during_print = 1
; activate_air_filtration_on_completion = 1
; activate_chamber_temp_control = 0
; adaptive_bed_mesh_margin = 0
; adaptive_pressure_advance = 0
; adaptive_pressure_advance_bridges = 0
; adaptive_pressure_advance_model = "0,0,0\n0,0,0"
; adaptive_pressure_advance_overhangs = 0
; additional_cooling_fan_speed = 0
; additional_fan_full_speed_layer = 0
; align_infill_direction_to_model = 0
; alternate_extra_wall = 0
; auxiliary_fan = 0
; bbl_calib_mark_logo = 1
; bbl_use_printhost = 0
; bed_custom_model = 
; bed_custom_texture = 
; bed_exclude_area = 0x0
; bed_mesh_max = 0,0
; bed_mesh_min = 0,0
; bed_mesh_probe_distance = 0,0
; bed_temperature_formula = by_highest_temp
; before_layer_change_gcode = G92 E0 ; zero the extruded length again\n; BEFORE_LAYER_CHANGE [layer_num] @ [layer_z]mm
; best_object_pos = 0.5,0.5
; bottom_shell_layers = 6
; bottom_shell_thickness = 0.6
; bottom_solid_infill_flow_ratio = 1
; bottom_surface_density = 100%
; bottom_surface_filament_id = 0
; bottom_surface_pattern = monotonic
; bridge_acceleration = 50%
; bridge_angle = 0
; bridge_density = 100%
; bridge_flow = 0.9
; bridge_line_width = 100%
; bridge_no_support = 1
; bridge_speed = 25
; brim_ears_detection_length = 1
; brim_ears_max_angle = 125
; brim_flow_ratio = 1
; brim_object_gap = 0.15
; brim_type = outer_only
; brim_use_efc_outline = 0
; brim_width = 8
; calib_flowrate_topinfill_special_order = 0
; chamber_minimal_temperature = 0
; chamber_temperature = 0
; change_extrusion_role_gcode = 
; change_filament_gcode = 
; close_additional_fan_first_x_layers = 1
; close_fan_the_first_x_layers = 3
; combine_brims = 0
; compatible_printers_condition = 
; complete_print_exhaust_fan_speed = 70
; cool_plate_temp = 80
; cool_plate_temp_initial_layer = 80
; cooling_tube_length = 0
; cooling_tube_retraction = 0
; counterbore_hole_bridging = none
; curr_bed_type = Cool Plate
; default_acceleration = 1000
; default_filament_colour = ""
; default_filament_profile = "Anycubic Generic PLA"
; default_jerk = 0
; default_junction_deviation = 0
; default_print_profile = 0.20mm Standard @Anycubic Kobra Neo 0.4 nozzle
; deretraction_speed = 35
; detect_narrow_internal_solid_infill = 1
; detect_overhang_wall = 1
; detect_thin_wall = 0
; different_settings_to_system = ;;
; disable_m73 = 1
; dont_filter_internal_bridges = disabled
; dont_slow_down_outer_wall = 0
; draft_shield = disabled
; during_print_exhaust_fan_speed = 70
; elefant_foot_compensation = 0.075
; elefant_foot_compensation_layers = 1
; elefant_foot_layers_density = 100%
; emit_machine_limits_to_gcode = 1
; enable_arc_fitting = 0
; enable_extra_bridge_layer = disabled
; enable_filament_ramming = 0
; enable_long_retraction_when_cut = 0
; enable_overhang_bridge_fan = 1
; enable_overhang_speed = 1
; enable_power_loss_recovery = printer_configuration
; enable_pressure_advance = 0
; enable_prime_tower = 0
; enable_support = 0
; enable_tower_interface_cooldown_during_tower = 0
; enable_tower_interface_features = 0
; enable_wrapping_detection = 0
; enforce_support_layers = 0
; eng_plate_temp = 60
; eng_plate_temp_initial_layer = 60
; ensure_vertical_shell_thickness = ensure_all
; exclude_object = 0
; extra_loading_move = 0
; extra_perimeters_on_overhangs = 1
; extra_solid_infills = 
; extruder_ams_count = 
; extruder_clearance_height_to_lid = 20
; extruder_clearance_height_to_rod = 20
; extruder_clearance_radius = 20
; extruder_colour = #F2754E
; extruder_offset = 0x0
; extruder_printable_area = 
; extruder_printable_height = 0
; extruder_type = Direct Drive
; extrusion_rate_smoothing_external_perimeter_only = 0
; fan_cooling_layer_time = 30
; fan_kickstart = 0
; fan_max_speed = 70
; fan_min_speed = 40
; fan_speedup_overhangs = 1
; fan_speedup_time = 0
; filament_adaptive_volumetric_speed = 0
; filament_adhesiveness_category = 0
; filament_change_extrusion_role_gcode = ""
; filament_change_length = 10
; filament_colour = #F2754E
; filament_cooling_before_tower = 10
; filament_cooling_final_speed = 3.4
; filament_cooling_initial_speed = 2.2
; filament_cooling_moves = 4
; filament_cost = 18
; filament_density = 1.24
; filament_deretraction_speed = 35
; filament_diameter = 1.75
; filament_end_gcode = "; filament end gcode \n;M106 P3 S0\n"
; filament_extruder_variant = "Direct Drive Standard"
; filament_flow_ratio = 0.95
; filament_flush_temp = 0
; filament_flush_volumetric_speed = 0
; filament_ids = NUMPETGHS
; filament_is_support = 0
; filament_loading_speed = 28
; filament_loading_speed_start = 3
; filament_map = 1
; filament_map_mode = Auto For Flush
; filament_max_volumetric_speed = 8
; filament_minimal_purge_on_wipe_tower = 15
; filament_multitool_ramming = 0
; filament_multitool_ramming_flow = 10
; filament_multitool_ramming_volume = 10
; filament_notes = ""
; filament_printable = 3
; filament_ramming_parameters = "120 100 6.6 6.8 7.2 7.6 7.9 8.2 8.7 9.4 9.9 10.0| 0.05 6.6 0.45 6.8 0.95 7.8 1.45 8.3 1.95 9.7 2.45 10 2.95 7.6 3.45 7.6 3.95 7.6 4.45 7.6 4.95 7.6"
; filament_retraction_length = 1
; filament_retraction_speed = 35
; filament_self_index = 1
; filament_settings_id = "numakers PETG-HS Braillix"
; filament_shrink = 100%
; filament_shrinkage_compensation_z = 100%
; filament_soluble = 0
; filament_stamping_distance = 0
; filament_stamping_loading_speed = 0
; filament_start_gcode = "; Filament gcode\n;{if activate_air_filtration[current_extruder] && support_air_filtration}\n;M106 P3 S{during_print_exhaust_fan_speed_num[current_extruder]} \n;{endif}"
; filament_toolchange_delay = 0
; filament_tower_interface_pre_extrusion_dist = 10
; filament_tower_interface_pre_extrusion_length = 0
; filament_tower_interface_print_temp = -1
; filament_tower_interface_purge_volume = 20
; filament_tower_ironing_area = 4
; filament_type = PETG
; filament_unloading_speed = 90
; filament_unloading_speed_start = 100
; filament_vendor = numakers
; file_start_gcode = 
; filename_format = {input_filename_base}_{filament_type[0]}_{layer_height}_{print_time}.gcode
; fill_multiline = 1
; filter_out_gap_fill = 0
; first_layer_flow_ratio = 1
; first_layer_print_sequence = 0
; first_x_layer_fan_speed = 0
; flush_into_infill = 0
; flush_into_objects = 0
; flush_into_support = 0
; flush_multiplier = 0.3
; flush_volumes_matrix = 0,280,280,280,280,0,280,280,280,280,0,280,280,280,280,0
; flush_volumes_vector = 140,140,140,140,140,140,140,140
; full_fan_speed_layer = 3
; fuzzy_skin = none
; fuzzy_skin_first_layer = 0
; fuzzy_skin_layers_between_ripple_offset = 1
; fuzzy_skin_mode = displacement
; fuzzy_skin_noise_type = classic
; fuzzy_skin_octaves = 4
; fuzzy_skin_persistence = 0.5
; fuzzy_skin_point_distance = 0.8
; fuzzy_skin_ripple_offset = 50%
; fuzzy_skin_ripples_per_layer = 15
; fuzzy_skin_scale = 1
; fuzzy_skin_thickness = 0.3
; gap_fill_flow_ratio = 1
; gap_fill_target = topbottom
; gap_infill_speed = 45
; gcode_add_line_number = 0
; gcode_comments = 0
; gcode_flavor = marlin2
; gcode_label_objects = 1
; grab_length = 0
; gyroid_optimized = 0
; has_scarf_joint_seam = 0
; head_wrap_detect_zone = 
; high_current_on_filament_swap = 0
; hole_to_polyhole = 0
; hole_to_polyhole_threshold = 0.01
; hole_to_polyhole_twisted = 1
; host_type = octoprint
; hot_plate_temp = 80
; hot_plate_temp_initial_layer = 80
; idle_temperature = 0
; independent_support_layer_height = 1
; infill_anchor = 400
; infill_anchor_max = 10
; infill_combination = 0
; infill_combination_max_layer_height = 100%
; infill_direction = 45
; infill_jerk = 9
; infill_lock_depth = 1
; infill_overhang_angle = 60
; infill_shift_step = 0.4
; infill_wall_overlap = 15%
; inherits_group = ;;
; initial_layer_acceleration = 500
; initial_layer_infill_speed = 20
; initial_layer_jerk = 9
; initial_layer_line_width = 0.5
; initial_layer_min_bead_width = 85%
; initial_layer_print_height = 0.24
; initial_layer_speed = 20
; initial_layer_travel_acceleration = 100%
; initial_layer_travel_jerk = 100%
; initial_layer_travel_speed = 100%
; inner_wall_acceleration = 1500
; inner_wall_filament_id = 0
; inner_wall_flow_ratio = 1
; inner_wall_jerk = 10
; inner_wall_line_width = 0.45
; inner_wall_speed = 45
; input_shaping_damp_x = 0.1
; input_shaping_damp_y = 0.1
; input_shaping_emit = 0
; input_shaping_freq_x = 0
; input_shaping_freq_y = 0
; input_shaping_type = Default
; interface_shells = 0
; interlocking_beam = 0
; interlocking_beam_layer_count = 2
; interlocking_beam_width = 0.8
; interlocking_boundary_avoidance = 2
; interlocking_depth = 2
; interlocking_orientation = 22.5
; internal_bridge_angle = 0
; internal_bridge_density = 100%
; internal_bridge_fan_speed = -1
; internal_bridge_flow = 1
; internal_bridge_speed = 150%
; internal_solid_filament_id = 0
; internal_solid_infill_acceleration = 100%
; internal_solid_infill_flow_ratio = 1
; internal_solid_infill_line_width = 0.42
; internal_solid_infill_pattern = rectilinear
; internal_solid_infill_speed = 60
; ironing_angle = 0
; ironing_angle_fixed = 0
; ironing_fan_speed = -1
; ironing_flow = 15%
; ironing_inset = 0
; ironing_pattern = rectilinear
; ironing_spacing = 0.1
; ironing_speed = 15
; ironing_type = top
; is_infill_first = 0
; lateral_lattice_angle_1 = -45
; lateral_lattice_angle_2 = 45
; layer_change_gcode = ; AFTER_LAYER_CHANGE [layer_num] @ [layer_z]mm
; layer_height = 0.16
; lightning_overhang_angle = 45
; lightning_prune_angle = 45
; lightning_straightening_angle = 45
; line_width = 0.42
; long_retractions_when_cut = 0
; long_retractions_when_ec = 0
; machine_end_gcode = M140 S0 ; heatbed off\nM107 ; fan off\nG91 ; relative positioning\nM83 ; extruder relative mode\nG1 E-1 F2100 ; controlled direct-drive retract\nG1 Z+0.5 F3000 ; lift nozzle\nM104 S0 ; extruder off\nG28 X Y ; home X/Y\nG90 ; absolute positioning\nG1 Y220 F3000\nM84 ; steppers off\nM300 S1318 P266
; machine_load_filament_time = 42
; machine_max_acceleration_e = 2000,2000
; machine_max_acceleration_extruding = 2000,2000
; machine_max_acceleration_retracting = 2000,2000
; machine_max_acceleration_travel = 20000,20000
; machine_max_acceleration_x = 2000,2000
; machine_max_acceleration_y = 2000,2000
; machine_max_acceleration_z = 800,800
; machine_max_jerk_e = 5,5
; machine_max_jerk_x = 10,10
; machine_max_jerk_y = 10,10
; machine_max_jerk_z = 2,2
; machine_max_junction_deviation = 0.01
; machine_max_speed_e = 100,100
; machine_max_speed_x = 300,300
; machine_max_speed_y = 300,300
; machine_max_speed_z = 8,8
; machine_min_extruding_rate = 0,0
; machine_min_travel_rate = 0,0
; machine_pause_gcode = M601
; machine_start_gcode = G21 ; metric values\nG90 ; use absolute coordinates\nM83 ; extruder relative mode\nM104 S[first_layer_temperature] ; set extruder temp\nM140 S[first_layer_bed_temperature] ; set bed temp\nG28 ; home all axes\nG29 ; auto bed leveling\nM300 S1318 P266\nG1 Z5 F5000 ; lift nozzle\nG1 X0 Y0 F3000\nG1 Z0.3 ; lower nozzle\nG92 E0 ; zero extruded length\nG1 X10 Y5 F1800 ; move to purge line start\nM190 S[first_layer_bed_temperature] ; wait for bed temp\nM109 S[first_layer_temperature] ; wait for extruder temp\nG1 X60 Y5 E20 F500 ; purge line\nG92 E0 ; zero extruded length\nG1 E-1 F2100 ; controlled direct-drive retract\nG92 E0 ; zero extruded length\nG1 X120 F4000 ; wipe\nM117 Printing...
; machine_tool_change_time = 0
; machine_unload_filament_time = 0
; make_overhang_printable = 0
; make_overhang_printable_angle = 55
; make_overhang_printable_hole_size = 0
; manual_filament_change = 0
; master_extruder_id = 1
; max_bridge_length = 10
; max_layer_height = 0.28
; max_resonance_avoidance_speed = 120
; max_travel_detour_distance = 0
; max_volumetric_extrusion_rate_slope = 0
; max_volumetric_extrusion_rate_slope_segment_length = 5
; min_bead_width = 85%
; min_feature_size = 25%
; min_layer_height = 0.08
; min_length_factor = 0.5
; min_resonance_avoidance_speed = 70
; min_skirt_length = 0
; min_width_top_surface = 300%
; minimum_sparse_infill_area = 15
; mmu_segmented_region_interlocking_depth = 0
; mmu_segmented_region_max_width = 0
; notes = 
; nozzle_diameter = 0.4
; nozzle_flush_dataset = 0
; nozzle_height = 4
; nozzle_hrc = 0
; nozzle_temperature = 230
; nozzle_temperature_initial_layer = 235
; nozzle_temperature_range_high = 260
; nozzle_temperature_range_low = 220
; nozzle_type = brass
; nozzle_volume = 0
; nozzle_volume_type = Standard
; only_one_wall_first_layer = 0
; only_one_wall_top = 1
; ooze_prevention = 0
; other_layers_print_sequence = 0
; other_layers_print_sequence_nums = 0
; outer_wall_acceleration = 1000
; outer_wall_filament_id = 0
; outer_wall_flow_ratio = 1
; outer_wall_jerk = 10
; outer_wall_line_width = 0.42
; outer_wall_speed = 30
; overhang_1_4_speed = 60
; overhang_2_4_speed = 50
; overhang_3_4_speed = 30
; overhang_4_4_speed = 10
; overhang_fan_speed = 50
; overhang_fan_threshold = 50%
; overhang_flow_ratio = 1
; overhang_reverse = 0
; overhang_reverse_internal_only = 0
; overhang_reverse_threshold = 50%
; parallel_printheads_bed_exclude_areas = 
; parallel_printheads_count = 1
; parking_pos_retraction = 0
; part_cooling_fan_min_pwm = 0
; physical_extruder_map = 0
; post_process = 
; precise_outer_wall = 0
; precise_z_height = 0
; preferred_orientation = 0
; preheat_steps = 1
; preheat_time = 30
; pressure_advance = 0.02
; prime_tower_brim_width = 5
; prime_tower_enable_framework = 0
; prime_tower_flat_ironing = 0
; prime_tower_infill_gap = 150%
; prime_tower_skip_points = 1
; prime_tower_width = 45
; prime_volume = 45
; print_compatible_printers = "Anycubic Kobra Neo 0.4 nozzle"
; print_extruder_id = 1
; print_extruder_variant = "Direct Drive Standard"
; print_flow_ratio = 1
; print_order = default
; print_sequence = by layer
; print_settings_id = Braillix 0.16mm PETG - Kobra Neo release
; printable_area = 0x0,220x0,220x220,0x220
; printable_height = 250
; printer_extruder_id = 1
; printer_extruder_variant = "Direct Drive Standard"
; printer_model = Anycubic Kobra Neo
; printer_notes = 
; printer_settings_id = Anycubic Kobra Neo 0.4 nozzle
; printer_structure = i3
; printer_technology = FFF
; printer_variant = 0.4
; printhost_authorization_type = key
; printhost_ssl_ignore_revoke = 0
; printing_by_object_gcode = 
; process_change_extrusion_role_gcode = 
; purge_in_prime_tower = 0
; raft_contact_distance = 0.1
; raft_expansion = 1.5
; raft_first_layer_density = 90%
; raft_first_layer_expansion = 2
; raft_layers = 0
; reduce_crossing_wall = 1
; reduce_fan_stop_start_freq = 1
; reduce_infill_retraction = 1
; relative_bridge_angle = 0
; required_nozzle_HRC = 3
; resolution = 0.012
; resonance_avoidance = 0
; retract_before_wipe = 70%
; retract_length_toolchange = 0
; retract_lift_above = 0.3
; retract_lift_below = 258
; retract_lift_enforce = All Surfaces
; retract_restart_extra = 0
; retract_restart_extra_toolchange = 0
; retract_when_changing_layer = 1
; retraction_distances_when_cut = 18
; retraction_distances_when_ec = 10
; retraction_length = 1
; retraction_minimum_travel = 1
; retraction_speed = 35
; role_based_wipe_speed = 1
; scan_first_layer = 0
; scarf_angle_threshold = 155
; scarf_joint_flow_ratio = 1
; scarf_joint_speed = 100%
; scarf_overhang_threshold = 40%
; seam_gap = 15%
; seam_position = back
; seam_slope_conditional = 0
; seam_slope_entire_loop = 0
; seam_slope_inner_walls = 0
; seam_slope_min_length = 20
; seam_slope_start_height = 0
; seam_slope_steps = 10
; seam_slope_type = none
; set_other_flow_ratios = 0
; silent_mode = 0
; single_extruder_multi_material = 1
; single_extruder_multi_material_priming = 0
; single_loop_draft_shield = 0
; skeleton_infill_density = 25%
; skeleton_infill_line_width = 100%
; skin_infill_density = 25%
; skin_infill_depth = 2
; skin_infill_line_width = 100%
; skirt_distance = 2
; skirt_height = 1
; skirt_loops = 0
; skirt_speed = 20
; skirt_start_angle = -135
; skirt_type = combined
; slice_closing_radius = 0.049
; slicing_mode = regular
; slow_down_for_layer_cooling = 1
; slow_down_layer_time = 10
; slow_down_layers = 1
; slow_down_min_speed = 10
; slowdown_for_curled_perimeters = 0
; small_area_infill_flow_compensation = 0
; small_area_infill_flow_compensation_model = 0,0;"\n0.2,0.4444";"\n0.4,0.6145";"\n0.6,0.7059";"\n0.8,0.7619";"\n1.5,0.8571";"\n2,0.8889";"\n3,0.9231";"\n5,0.9520";"\n10,1"
; small_perimeter_speed = 50%
; small_perimeter_threshold = 0
; solid_infill_direction = 45
; solid_infill_rotate_template = 0,90
; sparse_infill_acceleration = 100%
; sparse_infill_density = 40%
; sparse_infill_filament_id = 0
; sparse_infill_flow_ratio = 1
; sparse_infill_line_width = 0.45
; sparse_infill_pattern = crosshatch
; sparse_infill_rotate_template = 
; sparse_infill_speed = 60
; spiral_finishing_flow_ratio = 0
; spiral_mode = 0
; spiral_mode_max_xy_smoothing = 200%
; spiral_mode_smooth = 0
; spiral_starting_flow_ratio = 0
; staggered_inner_seams = 0
; standby_temperature_delta = -5
; start_end_points = 30x-3,54x245
; supertack_plate_temp = 35
; supertack_plate_temp_initial_layer = 35
; support_air_filtration = 1
; support_angle = 0
; support_base_pattern = rectilinear
; support_base_pattern_spacing = 0.2
; support_bottom_interface_spacing = 0.5
; support_bottom_z_distance = 0.1
; support_chamber_temp_control = 1
; support_critical_regions_only = 0
; support_expansion = 0
; support_filament = 0
; support_flow_ratio = 1
; support_interface_bottom_layers = -1
; support_interface_filament = 0
; support_interface_flow_ratio = 1
; support_interface_loop_pattern = 0
; support_interface_not_for_body = 1
; support_interface_pattern = auto
; support_interface_spacing = 0.5
; support_interface_speed = 80
; support_interface_top_layers = 2
; support_ironing = 0
; support_ironing_flow = 10%
; support_ironing_pattern = rectilinear
; support_ironing_spacing = 0.1
; support_line_width = 0.4
; support_material_interface_fan_speed = -1
; support_multi_bed_types = 0
; support_object_first_layer_gap = 0.2
; support_object_skip_flush = 0
; support_object_xy_distance = 0.35
; support_on_build_plate_only = 1
; support_parallel_printheads = 0
; support_remove_small_overhang = 1
; support_speed = 100
; support_style = default
; support_threshold_angle = 40
; support_threshold_overlap = 50%
; support_top_z_distance = 0.1
; support_type = tree(auto)
; symmetric_infill_y_axis = 0
; temperature_vitrification = 85
; template_custom_gcode = 
; textured_cool_plate_temp = 40
; textured_cool_plate_temp_initial_layer = 40
; textured_plate_temp = 80
; textured_plate_temp_initial_layer = 80
; thick_bridges = 0
; thick_internal_bridges = 1
; thumbnails = 230x110/PNG
; thumbnails_format = PNG
; time_cost = 0
; time_lapse_gcode = 
; timelapse_type = 0
; tool_change_on_wipe_tower = 0
; top_bottom_infill_wall_overlap = 25%
; top_shell_layers = 6
; top_shell_thickness = 1
; top_solid_infill_flow_ratio = 1
; top_surface_acceleration = 1000
; top_surface_density = 100%
; top_surface_filament_id = 0
; top_surface_jerk = 9
; top_surface_line_width = 0.42
; top_surface_pattern = monotonic
; top_surface_speed = 30
; travel_acceleration = 2000
; travel_jerk = 10
; travel_slope = 3
; travel_speed = 150
; travel_speed_z = 0
; tree_support_angle_slow = 25
; tree_support_auto_brim = 1
; tree_support_branch_angle = 40
; tree_support_branch_angle_organic = 40
; tree_support_branch_diameter = 5
; tree_support_branch_diameter_angle = 5
; tree_support_branch_diameter_organic = 2
; tree_support_branch_distance = 5
; tree_support_branch_distance_organic = 1
; tree_support_brim_width = 3
; tree_support_tip_diameter = 0.8
; tree_support_top_rate = 30%
; tree_support_wall_count = 0
; upward_compatible_machine = 
; use_3mf = 0
; use_firmware_retraction = 0
; use_relative_e_distances = 1
; volumetric_speed_coefficients = ""
; wall_direction = ccw
; wall_distribution_count = 1
; wall_generator = classic
; wall_loops = 5
; wall_maximum_deviation = 0.025
; wall_maximum_resolution = 0.5
; wall_sequence = outer wall/inner wall
; wall_transition_angle = 10
; wall_transition_filter_deviation = 25%
; wall_transition_length = 100%
; wipe = 1
; wipe_before_external_loop = 0
; wipe_distance = 1
; wipe_on_loops = 0
; wipe_speed = 80%
; wipe_tower_bridging = 10
; wipe_tower_cone_angle = 15
; wipe_tower_extra_flow = 100%
; wipe_tower_extra_rib_length = 0
; wipe_tower_extra_spacing = 100%
; wipe_tower_filament = 0
; wipe_tower_fillet_wall = 1
; wipe_tower_max_purge_speed = 90
; wipe_tower_no_sparse_layers = 0
; wipe_tower_rib_width = 8
; wipe_tower_rotation_angle = 0
; wipe_tower_type = type2
; wipe_tower_wall_type = rib
; wipe_tower_x = 15.000
; wipe_tower_x = 15
; wipe_tower_y = 220.000
; wipe_tower_y = 220
; wiping_volumes_extruders = 70,70,70,70,70,70,70,70,70,70
; wrapping_detection_gcode = 
; wrapping_detection_layers = 20
; wrapping_exclude_area = 
; xy_contour_compensation = 0
; xy_hole_compensation = 0.1
; z_hop = 0.2
; z_hop_types = Auto Lift
; z_offset = 0
; zaa_dont_alternate_fill_direction = 0
; zaa_enabled = 0
; zaa_min_z = 0.05
; zaa_minimize_perimeter_height = 35
; first_layer_bed_temperature = 80
; bed_shape = 0x0,220x0,220x220,0x220
; first_layer_temperature = 235
; first_layer_height = 0.240
; CONFIG_BLOCK_END



; braillix_source_stl_sha256 = 535a41c97719dfcb3549d4f059d1eb5da6014310e948ce3f4c7094b17c1571d6
