; HEADER_BLOCK_START
; generated by OrcaSlicer 2.4.2 on 2026-08-19 at 20:21:14
; total layer number: 24
; filament_density: 1.24
; filament_diameter: 1.75
; max_z_height: 3.92
; filament: 1
; HEADER_BLOCK_END

; external perimeters extrusion width = 0.42mm
; perimeters extrusion width = 0.45mm
; infill extrusion width = 0.45mm
; solid infill extrusion width = 0.42mm
; top infill extrusion width = 0.42mm
; first layer extrusion width = 0.50mm

; EXECUTABLE_BLOCK_START
M201 X2000 Y2000 Z800 E2000
M203 X300 Y300 Z8 E100
M204 P2000 R2000 T20000 ; sets acceleration (P, T) and retract acceleration (R), mm/sec^2
M205 X10.00 Y10.00 Z2.00 E5.00 ; sets the jerk limits, mm/sec
M205 J0.010
;TYPE:Custom
G21 ; metric values
G90 ; use absolute coordinates
M83 ; extruder relative mode
M104 S235 ; set extruder temp
M140 S80 ; set bed temp
G28 ; home all axes
G29 ; auto bed leveling
M300 S1318 P266
G1 Z5 F5000 ; lift nozzle
G1 X0 Y0 F3000
G1 Z0.3 ; lower nozzle
G92 E0 ; zero extruded length
G1 X10 Y5 F1800 ; move to purge line start
M190 S80 ; wait for bed temp
M109 S235 ; wait for extruder temp
G1 X60 Y5 E20 F500 ; purge line
G92 E0 ; zero extruded length
G1 E-4.5 F4000 ; retract
G92 E0 ; zero extruded length
G1 X120 F4000 ; wipe
M117 Printing...
G90
G21
M83 ; use relative distances for extrusion
; Filament gcode
;
M106 S0
;LAYER_CHANGE
;Z:0.24
;HEIGHT:0.24
G92 E0 ; zero the extruded length again
; BEFORE_LAYER_CHANGE 0 @ 0.24mm
G1 E-2.5 F6000
; AFTER_LAYER_CHANGE 0 @ 0.24mm
;_SET_FAN_SPEED_CHANGING_LAYER
M204 P500
M204 T2000
G1 X93.455 Y77.7 F18000
G1 Z.24
G1 Z.24
G1 E2.5 F6000
;TYPE:Brim
;WIDTH:0.5
G1 F3000
G1 X94.173 Y76.869 E.04669
G1 X98.185 Y72.903 E.23984
G1 X98.807 Y72.357 E.03515
G1 X99.481 Y71.894 E.03478
G1 X100.457 Y71.404 E.04644
G1 X101.338 Y71.097 E.03965
G1 X102.137 Y70.927 E.03475
G1 X103.232 Y70.847 E.04669
G1 X120.683 Y70.947 E.74191
G1 X121.217 Y70.95 E.02268
G1 X122.042 Y71.003 E.03515
G1 X122.844 Y71.152 E.0347
G1 X124.11 Y71.595 E.057
G1 X124.837 Y71.97 E.03477
G1 X125.516 Y72.429 E.03487
G1 X126.137 Y72.965 E.03487
G1 X126.691 Y73.57 E.03487
G1 X127.169 Y74.236 E.03487
G1 X127.566 Y74.956 E.03494
G1 X127.816 Y75.545 E.02721
G1 X128.067 Y76.329 E.035
G1 X128.223 Y77.133 E.03482
G1 X128.284 Y78.1 E.04117
G1 X127.919 Y142.084 E2.72025
G1 X127.865 Y142.909 E.03515
G1 X127.717 Y143.713 E.03473
G1 X127.321 Y144.869 E.05196
G1 X126.898 Y145.705 E.03982
G1 X126.44 Y146.384 E.03484
G1 X125.904 Y147.005 E.03487
G1 X125.299 Y147.559 E.03487
G1 X124.632 Y148.037 E.03487
G1 X123.912 Y148.435 E.03497
G1 X123.424 Y148.645 E.02259
G1 X122.538 Y148.935 E.03962
G1 X121.735 Y149.09 E.03479
G1 X120.769 Y149.152 E.04117
G1 X98.783 Y149.026 E.93469
G1 X97.958 Y148.973 E.03515
G1 X97.155 Y148.824 E.03473
G1 X95.998 Y148.429 E.05196
G1 X95.163 Y148.006 E.03982
G1 X94.484 Y147.547 E.03484
G1 X93.863 Y147.011 E.03487
G1 X93.309 Y146.406 E.03487
G1 X92.831 Y145.74 E.03487
G1 X92.433 Y145.02 E.03497
G1 X92.223 Y144.532 E.02259
G1 X91.933 Y143.646 E.03962
G1 X91.777 Y142.843 E.03479
G1 X91.716 Y141.876 E.04117
G1 X92.058 Y81.892 E2.5502
G1 X92.112 Y81.067 E.03515
G1 X92.261 Y80.262 E.03478
G1 X92.604 Y79.225 E.04644
G1 X93.01 Y78.386 E.03965
G1 X93.423 Y77.75 E.03219
G1 X93.799 Y77.996 F18000
G1 F3000
G1 X93.821 Y77.963 E.00166
G1 X94.505 Y77.172 E.04446
G1 X98.488 Y73.234 E.23814
G1 X99.077 Y72.717 E.03329
G1 X99.718 Y72.276 E.03307
G1 X100.624 Y71.821 E.04312
G1 X101.451 Y71.532 E.03723
G1 X102.209 Y71.371 E.03298
G1 X103.252 Y71.296 E.04446
G1 X120.681 Y71.395 E.74094
G1 X121.205 Y71.398 E.02228
G1 X121.978 Y71.449 E.03296
G1 X122.738 Y71.59 E.03287
G1 X123.94 Y72.012 E.05416
G1 X124.614 Y72.361 E.03226
G1 X125.249 Y72.791 E.03261
G1 X125.818 Y73.282 E.03194
G1 X126.337 Y73.847 E.03261
G1 X126.793 Y74.483 E.03329
G1 X127.159 Y75.146 E.03218
G1 X127.397 Y75.707 E.02591
G1 X127.633 Y76.448 E.03308
G1 X127.778 Y77.199 E.0325
G1 X127.835 Y78.117 E.03911
G1 X127.47 Y142.064 E2.71867
G1 X127.42 Y142.846 E.03329
G1 X127.278 Y143.608 E.03296
G1 X126.91 Y144.686 E.04841
G1 X126.506 Y145.484 E.03805
G1 X126.078 Y146.117 E.03249
G1 X125.587 Y146.686 E.03194
G1 X125.021 Y147.204 E.03261
G1 X124.385 Y147.661 E.03329
G1 X123.708 Y148.034 E.03285
G1 X123.26 Y148.227 E.02077
G1 X122.434 Y148.497 E.03695
G1 X121.686 Y148.643 E.03236
G1 X120.751 Y148.703 E.03984
G1 X98.803 Y148.578 E.9331
G1 X98.022 Y148.527 E.03329
G1 X97.26 Y148.386 E.03296
G1 X96.182 Y148.018 E.04841
G1 X95.383 Y147.614 E.03805
G1 X94.751 Y147.185 E.03249
G1 X94.182 Y146.694 E.03194
G1 X93.663 Y146.129 E.03261
G1 X93.207 Y145.493 E.03329
G1 X92.84 Y144.828 E.03229
G1 X92.645 Y144.379 E.02081
G1 X92.371 Y143.541 E.03747
G1 X92.222 Y142.777 E.03309
G1 X92.165 Y141.859 E.03911
G1 X92.507 Y81.911 E2.54861
G1 X92.557 Y81.13 E.03329
G1 X92.699 Y80.365 E.03307
G1 X93.018 Y79.402 E.04312
G1 X93.407 Y78.599 E.03794
G1 X93.767 Y78.046 E.02806
G1 X94.143 Y78.292 F18000
G1 F3000
G1 X94.186 Y78.226 E.00333
G1 X94.836 Y77.475 E.04225
G1 X98.792 Y73.565 E.23644
G1 X99.347 Y73.077 E.03143
G1 X99.955 Y72.659 E.03135
G1 X100.792 Y72.239 E.03982
G1 X101.564 Y71.968 E.03479
G1 X102.282 Y71.815 E.03121
G1 X103.273 Y71.744 E.04223
G1 X120.678 Y71.844 E.73998
G1 X121.193 Y71.847 E.02188
G1 X121.915 Y71.894 E.03076
G1 X122.632 Y72.028 E.03104
G1 X123.77 Y72.429 E.05131
G1 X124.391 Y72.751 E.02974
G1 X124.982 Y73.152 E.03037
G1 X125.511 Y73.61 E.02971
G1 X125.982 Y74.124 E.02968
G1 X126.417 Y74.73 E.0317
G1 X126.752 Y75.336 E.02943
G1 X126.978 Y75.869 E.0246
G1 X127.199 Y76.567 E.03114
G1 X127.332 Y77.264 E.03018
G1 X127.387 Y78.135 E.03708
G1 X127.022 Y142.045 E2.71709
G1 X126.975 Y142.782 E.03142
G1 X126.84 Y143.503 E.03118
G1 X126.499 Y144.502 E.04487
G1 X126.114 Y145.264 E.03626
G1 X125.725 Y145.837 E.02947
G1 X125.27 Y146.367 E.02971
G1 X124.744 Y146.85 E.03035
G1 X124.152 Y147.276 E.03101
G1 X123.505 Y147.633 E.0314
G1 X123.095 Y147.809 E.01896
G1 X122.328 Y148.06 E.03431
G1 X121.637 Y148.196 E.02994
G1 X120.733 Y148.255 E.03852
G1 X98.823 Y148.129 E.9315
G1 X98.085 Y148.082 E.03142
G1 X97.364 Y147.948 E.03118
G1 X96.365 Y147.606 E.04487
G1 X95.604 Y147.222 E.03626
G1 X95.03 Y146.833 E.02947
G1 X94.501 Y146.377 E.02971
G1 X94.007 Y145.839 E.03103
G1 X93.583 Y145.246 E.03102
G1 X93.246 Y144.636 E.02964
G1 X93.063 Y144.213 E.01955
G1 X92.808 Y143.436 E.03478
G1 X92.67 Y142.728 E.03066
G1 X92.613 Y141.85 E.0374
G1 X92.955 Y81.931 E2.54742
G1 X93.003 Y81.193 E.03143
G1 X93.137 Y80.468 E.03135
G1 X93.432 Y79.58 E.0398
G1 X93.803 Y78.813 E.03622
G1 X94.11 Y78.342 E.0239
G1 X94.486 Y78.589 F18000
G1 F3000
G1 X94.551 Y78.49 E.00502
G1 X95.168 Y77.778 E.04006
G1 X99.095 Y73.896 E.23476
G1 X99.617 Y73.437 E.02955
G1 X100.191 Y73.042 E.02963
G1 X100.959 Y72.657 E.03654
G1 X101.677 Y72.404 E.03234
G1 X102.354 Y72.26 E.02943
G1 X103.293 Y72.193 E.04001
G1 X120.675 Y72.292 E.73899
G1 X121.181 Y72.296 E.0215
G1 X121.851 Y72.339 E.02855
G1 X122.526 Y72.466 E.02919
G1 X123.6 Y72.846 E.04845
G1 X124.168 Y73.142 E.02722
G1 X124.715 Y73.514 E.02812
G1 X125.192 Y73.927 E.02683
G1 X125.628 Y74.402 E.02743
G1 X126.041 Y74.977 E.03011
G1 X126.345 Y75.527 E.02669
G1 X126.559 Y76.031 E.02327
G1 X126.765 Y76.685 E.02917
G1 X126.887 Y77.329 E.02786
G1 X126.938 Y78.152 E.03506
G1 X126.573 Y142.025 E2.71551
G1 X126.527 Y142.735 E.03023
G1 X126.402 Y143.399 E.02872
G1 X126.088 Y144.319 E.04135
G1 X125.722 Y145.043 E.03448
G1 X125.364 Y145.57 E.02711
G1 X124.952 Y146.049 E.02683
G1 X124.466 Y146.496 E.02809
G1 X123.905 Y146.901 E.02941
G1 X123.302 Y147.232 E.02925
G1 X122.931 Y147.391 E.01713
G1 X122.223 Y147.622 E.0317
G1 X121.588 Y147.748 E.02752
G1 X120.715 Y147.806 E.03718
G1 X98.843 Y147.681 E.9299
G1 X98.133 Y147.635 E.03023
G1 X97.469 Y147.51 E.02872
G1 X96.549 Y147.195 E.04135
G1 X95.825 Y146.829 E.03448
G1 X95.297 Y146.471 E.02711
G1 X94.819 Y146.06 E.02681
G1 X94.352 Y145.549 E.02943
G1 X93.959 Y144.999 E.02874
G1 X93.652 Y144.443 E.027
G1 X93.481 Y144.048 E.0183
G1 X93.246 Y143.331 E.0321
G1 X93.117 Y142.679 E.02823
G1 X93.062 Y141.842 E.03567
G1 X93.404 Y81.951 E2.54623
G1 X93.45 Y81.241 E.03024
G1 X93.576 Y80.572 E.02895
G1 X93.846 Y79.757 E.03649
G1 X94.199 Y79.027 E.03448
G1 X94.453 Y78.639 E.01972
G1 X94.828 Y78.886 F18000
G1 F3000
G1 X94.915 Y78.755 E.00671
G1 X95.499 Y78.081 E.03789
G1 X99.398 Y74.227 E.23308
G1 X99.887 Y73.797 E.02767
G1 X100.428 Y73.425 E.02792
G1 X101.128 Y73.074 E.03328
G1 X101.79 Y72.839 E.02988
G1 X102.426 Y72.704 E.02763
G1 X103.313 Y72.641 E.03778
G1 X120.672 Y72.741 E.73802
G1 X121.168 Y72.744 E.0211
G1 X121.786 Y72.784 E.02633
G1 X122.419 Y72.904 E.02735
G1 X123.429 Y73.263 E.04559
G1 X123.944 Y73.532 E.02469
G1 X124.447 Y73.875 E.02588
G1 X124.884 Y74.255 E.02463
G1 X125.274 Y74.679 E.02452
G1 X125.665 Y75.224 E.02851
G1 X125.938 Y75.717 E.02394
G1 X126.139 Y76.192 E.02194
G1 X126.327 Y76.787 E.02651
G1 X126.442 Y77.393 E.02623
G1 X126.49 Y78.169 E.03306
G1 X126.125 Y142.005 E2.71393
G1 X126.082 Y142.67 E.02833
G1 X125.964 Y143.293 E.02695
G1 X125.676 Y144.136 E.03785
G1 X125.33 Y144.822 E.03269
G1 X125.011 Y145.291 E.0241
G1 X124.634 Y145.73 E.02463
G1 X124.188 Y146.143 E.02582
G1 X123.671 Y146.516 E.0271
G1 X123.099 Y146.831 E.02777
G1 X122.768 Y146.972 E.01531
G1 X122.117 Y147.185 E.02912
G1 X121.538 Y147.301 E.0251
G1 X120.697 Y147.357 E.03583
G1 X98.862 Y147.233 E.92828
G1 X98.197 Y147.189 E.02833
G1 X97.575 Y147.072 E.02695
G1 X96.732 Y146.784 E.03785
G1 X96.046 Y146.437 E.03269
G1 X95.577 Y146.119 E.0241
G1 X95.138 Y145.742 E.02458
G1 X94.696 Y145.26 E.02782
G1 X94.335 Y144.753 E.02645
G1 X94.058 Y144.251 E.02437
G1 X93.899 Y143.883 E.01704
G1 X93.683 Y143.225 E.02944
G1 X93.565 Y142.63 E.02581
G1 X93.511 Y141.833 E.03392
G1 X93.852 Y81.971 E2.54502
G1 X93.895 Y81.305 E.02835
G1 X94.014 Y80.676 E.02724
G1 X94.259 Y79.934 E.03321
G1 X94.594 Y79.241 E.03273
G1 X94.795 Y78.936 E.0155
G1 X95.17 Y79.185 F18000
G1 F3000
G1 X95.279 Y79.019 E.00842
G1 X95.83 Y78.384 E.03574
G1 X99.701 Y74.557 E.23142
G1 X100.156 Y74.156 E.02579
G1 X100.665 Y73.808 E.02619
G1 X101.296 Y73.491 E.03005
G1 X101.904 Y73.275 E.02741
G1 X102.498 Y73.149 E.02582
G1 X103.332 Y73.09 E.03556
G1 X120.669 Y73.189 E.73705
G1 X121.156 Y73.193 E.0207
G1 X121.722 Y73.23 E.02411
G1 X122.311 Y73.341 E.02549
G1 X123.258 Y73.679 E.04273
G1 X123.719 Y73.921 E.02216
G1 X124.178 Y74.236 E.02365
G1 X124.565 Y74.572 E.0218
G1 X124.92 Y74.957 E.02227
G1 X125.29 Y75.471 E.02691
G1 X125.531 Y75.908 E.0212
G1 X125.72 Y76.354 E.02061
G1 X125.893 Y76.904 E.02452
G1 X125.996 Y77.457 E.02392
G1 X126.041 Y78.186 E.03106
G1 X125.677 Y141.985 E2.71236
G1 X125.637 Y142.606 E.02642
G1 X125.526 Y143.187 E.02517
G1 X125.265 Y143.952 E.03437
G1 X124.938 Y144.601 E.0309
G1 X124.649 Y145.024 E.02174
G1 X124.316 Y145.413 E.0218
G1 X123.909 Y145.789 E.02355
G1 X123.424 Y146.14 E.02548
G1 X122.896 Y146.43 E.02558
G1 X122.604 Y146.554 E.01348
G1 X122.01 Y146.748 E.02658
G1 X121.47 Y146.856 E.02343
G1 X120.678 Y146.909 E.03372
G1 X98.882 Y146.784 E.92664
G1 X98.262 Y146.744 E.02642
G1 X97.68 Y146.634 E.02517
G1 X96.915 Y146.372 E.03437
G1 X96.267 Y146.045 E.0309
G1 X95.844 Y145.757 E.02174
G1 X95.457 Y145.425 E.02169
G1 X95.041 Y144.97 E.02619
G1 X94.712 Y144.507 E.02416
G1 X94.464 Y144.059 E.02177
G1 X94.316 Y143.718 E.01579
G1 X94.12 Y143.119 E.0268
G1 X94.012 Y142.579 E.0234
G1 X93.96 Y141.825 E.03216
G1 X94.3 Y81.99 E2.5438
G1 X94.34 Y81.37 E.02645
G1 X94.452 Y80.779 E.02553
G1 X94.68 Y80.095 E.03067
G1 X94.99 Y79.455 E.03023
G1 X95.137 Y79.235 E.01126
G1 X95.51 Y79.483 F18000
G1 F3000
G1 X95.643 Y79.285 E.01015
G1 X96.161 Y78.688 E.03362
G1 X100.005 Y74.888 E.22976
G1 X100.426 Y74.517 E.02389
G1 X100.901 Y74.191 E.02447
G1 X101.466 Y73.908 E.02685
G1 X102.035 Y73.705 E.02569
G1 X102.57 Y73.593 E.02324
G1 X103.352 Y73.539 E.03333
G1 X120.666 Y73.638 E.73608
G1 X121.143 Y73.642 E.02031
G1 X121.657 Y73.675 E.02189
G1 X122.203 Y73.779 E.02362
G1 X123.086 Y74.095 E.03986
G1 X123.494 Y74.311 E.01963
G1 X123.909 Y74.596 E.02142
G1 X124.257 Y74.9 E.01964
G1 X124.566 Y75.235 E.01937
G1 X124.914 Y75.718 E.0253
G1 X125.129 Y76.111 E.01904
G1 X125.301 Y76.515 E.01868
G1 X125.458 Y77.021 E.02251
G1 X125.551 Y77.521 E.02161
G1 X125.592 Y78.203 E.02908
G1 X125.228 Y141.966 E2.7108
G1 X125.191 Y142.541 E.0245
G1 X125.089 Y143.082 E.02339
G1 X124.854 Y143.769 E.03089
G1 X124.545 Y144.38 E.02909
G1 X124.288 Y144.756 E.01938
G1 X123.997 Y145.096 E.01901
G1 X123.631 Y145.436 E.02127
G1 X123.176 Y145.765 E.02384
G1 X122.694 Y146.029 E.02337
G1 X122.442 Y146.135 E.01165
G1 X121.904 Y146.311 E.02406
G1 X121.402 Y146.411 E.02175
G1 X120.66 Y146.46 E.03161
G1 X98.902 Y146.336 E.92502
G1 X98.327 Y146.299 E.0245
G1 X97.786 Y146.196 E.02339
G1 X97.099 Y145.961 E.03089
G1 X96.488 Y145.653 E.02909
G1 X96.111 Y145.396 E.01938
G1 X95.775 Y145.107 E.01883
G1 X95.385 Y144.681 E.02455
G1 X95.088 Y144.261 E.02186
G1 X94.87 Y143.866 E.01919
G1 X94.734 Y143.553 E.01453
G1 X94.557 Y143.012 E.02419
G1 X94.459 Y142.528 E.021
G1 X94.409 Y141.815 E.03037
G1 X94.749 Y82.01 E2.54258
G1 X94.786 Y81.434 E.02454
G1 X94.89 Y80.884 E.0238
G1 X95.1 Y80.257 E.02811
G1 X95.386 Y79.671 E.02772
G1 X95.477 Y79.533 E.00701
G1 X95.85 Y79.783 F18000
G1 F3000
G1 X96.006 Y79.551 E.0119
G1 X96.492 Y78.991 E.03153
G1 X100.308 Y75.219 E.22812
G1 X100.696 Y74.877 E.02199
G1 X101.138 Y74.575 E.02274
G1 X101.65 Y74.319 E.02435
G1 X102.166 Y74.136 E.02325
G1 X102.641 Y74.038 E.02064
G1 X103.371 Y73.987 E.03113
G1 X120.662 Y74.086 E.73511
G1 X121.131 Y74.09 E.01992
G1 X121.592 Y74.12 E.01965
G1 X122.094 Y74.217 E.02175
G1 X122.895 Y74.504 E.03617
G1 X123.254 Y74.692 E.01723
G1 X123.628 Y74.947 E.01922
G1 X123.939 Y75.217 E.01752
G1 X124.223 Y75.525 E.01783
G1 X124.529 Y75.951 E.0223
G1 X124.722 Y76.301 E.01696
G1 X124.877 Y76.664 E.01678
G1 X125.02 Y77.121 E.02037
G1 X125.103 Y77.567 E.0193
G1 X125.144 Y78.211 E.02743
G1 X124.78 Y141.946 E2.70963
G1 X124.746 Y142.476 E.02257
G1 X124.651 Y142.976 E.02161
G1 X124.442 Y143.586 E.02743
G1 X124.153 Y144.159 E.02727
G1 X123.936 Y144.477 E.01637
G1 X123.678 Y144.779 E.01688
G1 X123.352 Y145.083 E.01898
G1 X122.943 Y145.38 E.02146
G1 X122.492 Y145.627 E.02185
G1 X122.279 Y145.716 E.00982
G1 X121.797 Y145.874 E.02156
G1 X121.334 Y145.966 E.02007
G1 X120.642 Y146.012 E.02951
G1 X98.922 Y145.887 E.92341
G1 X98.392 Y145.854 E.02257
G1 X97.892 Y145.758 E.02161
G1 X97.282 Y145.55 E.02743
G1 X96.709 Y145.261 E.02727
G1 X96.391 Y145.043 E.01637
G1 X96.094 Y144.79 E.01661
G1 X95.73 Y144.392 E.0229
G1 X95.465 Y144.016 E.01956
G1 X95.276 Y143.674 E.01663
G1 X95.152 Y143.387 E.01328
G1 X94.994 Y142.905 E.02159
G1 X94.906 Y142.476 E.0186
G1 X94.858 Y141.806 E.02856
G1 X95.197 Y82.03 E2.54135
G1 X95.231 Y81.498 E.02263
G1 X95.328 Y80.988 E.02207
G1 X95.52 Y80.419 E.02554
G1 X95.781 Y79.887 E.0252
G1 X95.817 Y79.833 E.00275
G1 X96.218 Y80.067 F18000
G1 F3000
G1 X96.315 Y79.899 E.00825
G1 X96.733 Y79.384 E.02819
G1 X100.918 Y75.281 E.24919
G1 X101.304 Y75.007 E.02009
G1 X101.712 Y74.787 E.01973
G1 X102.215 Y74.594 E.02287
G1 X102.654 Y74.493 E.01917
G1 X121.585 Y74.577 E.80481
G1 X121.967 Y74.649 E.01653
G1 X122.389 Y74.783 E.01885
G1 X123.302 Y75.292 E.04443
G1 X123.445 Y75.395 E.0075
G1 X123.817 Y75.766 E.02233
G1 X124.126 Y76.177 E.02186
G1 X124.347 Y76.578 E.01947
G1 X124.518 Y77.026 E.02038
G1 X124.696 Y78.142 E.04805
G1 X124.331 Y142.014 E2.71548
G1 X124.271 Y142.582 E.02428
G1 X124.125 Y143.155 E.0251
G1 X123.935 Y143.588 E.02012
G1 X123.567 Y144.186 E.02985
G1 X123.238 Y144.562 E.02122
G1 X122.781 Y144.934 E.02508
G1 X122.296 Y145.211 E.02372
G1 X121.842 Y145.386 E.02069
G1 X120.726 Y145.563 E.04807
G1 X98.544 Y145.414 E.94304
G1 X98.001 Y145.32 E.02342
G1 X97.543 Y145.171 E.0205
G1 X97.279 Y145.041 E.0125
G1 X96.487 Y144.521 E.04027
G1 X96.183 Y144.211 E.01846
G1 X95.874 Y143.799 E.0219
G1 X95.653 Y143.398 E.01947
G1 X95.482 Y142.95 E.02038
G1 X95.304 Y141.833 E.04807
G1 X95.68 Y81.606 E2.56053
G1 X95.81 Y80.942 E.02874
G1 X96.016 Y80.413 E.02414
G1 X96.187 Y80.119 E.01448
G1 X96.57 Y80.347 F18000
G1 F3000
G1 X96.705 Y80.122 E.01118
G1 X97.042 Y79.709 E.02265
G1 X101.174 Y75.649 E.24627
G1 X101.51 Y75.406 E.01766
G1 X101.933 Y75.177 E.02045
G1 X102.378 Y75.012 E.02016
G1 X102.756 Y74.929 E.01647
G1 X121.489 Y75.015 E.79641
G1 X121.891 Y75.091 E.0174
G1 X122.26 Y75.213 E.01651
G1 X123.085 Y75.684 E.04041
G1 X123.18 Y75.756 E.00505
G1 X123.452 Y76.027 E.01634
G1 X123.772 Y76.454 E.02267
G1 X123.954 Y76.796 E.01645
G1 X124.102 Y77.194 E.01805
G1 X124.247 Y78.129 E.04022
G1 X123.883 Y142.018 E2.71623
G1 X123.824 Y142.541 E.02237
G1 X123.69 Y143.049 E.02232
G1 X123.558 Y143.345 E.01377
G1 X123.179 Y143.96 E.03072
G1 X122.9 Y144.267 E.01763
G1 X122.495 Y144.588 E.02198
G1 X122.072 Y144.822 E.02056
G1 X121.675 Y144.97 E.01801
G1 X120.74 Y145.115 E.04023
G1 X98.627 Y144.973 E.94012
G1 X98.142 Y144.894 E.02088
G1 X97.742 Y144.769 E.01781
G1 X97.525 Y144.667 E.01019
G1 X96.812 Y144.212 E.03595
G1 X96.548 Y143.949 E.01588
G1 X96.228 Y143.522 E.02267
G1 X96.046 Y143.18 E.01645
G1 X95.898 Y142.782 E.01806
G1 X95.753 Y141.847 E.04023
G1 X96.129 Y81.596 E2.56154
G1 X96.251 Y81.027 E.02474
G1 X96.435 Y80.573 E.02081
G1 X96.539 Y80.399 E.00864
G1 X96.924 Y80.623 F18000
G1 F3000
G1 X97.048 Y80.41 E.01047
G1 X97.352 Y80.034 E.02055
G1 X101.429 Y76.019 E.24328
G1 X101.78 Y75.764 E.01846
G1 X102.149 Y75.57 E.0177
G1 X102.536 Y75.432 E.01747
G1 X102.858 Y75.366 E.01399
G1 X121.402 Y75.455 E.78836
G1 X121.742 Y75.514 E.01468
G1 X122.132 Y75.643 E.01746
G1 X122.864 Y76.074 E.0361
G1 X123.093 Y76.296 E.01356
G1 X123.372 Y76.655 E.01935
G1 X123.563 Y77.014 E.01728
G1 X123.683 Y77.354 E.01535
G1 X123.799 Y78.115 E.03271
G1 X123.434 Y142.023 E2.71699
G1 X123.378 Y142.498 E.02033
G1 X123.255 Y142.937 E.01938
G1 X123.181 Y143.102 E.00769
G1 X122.79 Y143.735 E.03163
G1 X122.573 Y143.961 E.01333
G1 X122.213 Y144.239 E.01935
G1 X121.854 Y144.43 E.01728
G1 X121.514 Y144.551 E.01535
G1 X120.753 Y144.667 E.03271
G1 X98.704 Y144.532 E.93742
G1 X98.277 Y144.466 E.01834
G1 X97.933 Y144.364 E.01527
G1 X97.766 Y144.288 E.00779
G1 X97.132 Y143.898 E.03163
G1 X96.907 Y143.68 E.01333
G1 X96.628 Y143.32 E.01935
G1 X96.437 Y142.962 E.01728
G1 X96.317 Y142.621 E.01535
G1 X96.201 Y141.861 E.03272
G1 X96.566 Y81.695 E2.55789
G1 X96.665 Y81.199 E.02152
G1 X96.818 Y80.806 E.01791
G1 X96.894 Y80.675 E.00646
G1 X97.283 Y80.893 F18000
G1 F3000
G1 X97.394 Y80.696 E.00962
G1 X97.661 Y80.358 E.0183
G1 X101.691 Y76.382 E.24068
G1 X101.981 Y76.165 E.01538
G1 X102.366 Y75.963 E.01851
G1 X102.687 Y75.854 E.01439
G1 X102.952 Y75.805 E.01148
G1 X121.321 Y75.896 E.78092
G1 X121.612 Y75.943 E.01256
G1 X121.899 Y76.026 E.01269
G1 X122.553 Y76.398 E.032
G1 X122.739 Y76.57 E.01075
G1 X122.976 Y76.866 E.01611
G1 X123.137 Y77.155 E.01405
G1 X123.265 Y77.516 E.01632
G1 X123.351 Y78.102 E.02516
G1 X122.985 Y142.028 E2.71776
G1 X122.947 Y142.374 E.01478
G1 X122.844 Y142.758 E.0169
G1 X122.798 Y142.868 E.00508
G1 X122.47 Y143.421 E.02734
G1 X122.298 Y143.606 E.01075
G1 X122.002 Y143.843 E.01611
G1 X121.714 Y144.004 E.01405
G1 X121.352 Y144.133 E.01632
G1 X120.766 Y144.218 E.02516
G1 X98.774 Y144.089 E.93498
G1 X98.408 Y144.037 E.01574
G1 X98.111 Y143.952 E.01311
G1 X98 Y143.906 E.00513
G1 X97.447 Y143.578 E.02734
G1 X97.261 Y143.406 E.01075
G1 X97.024 Y143.11 E.01611
G1 X96.863 Y142.821 E.01405
G1 X96.735 Y142.459 E.01632
G1 X96.649 Y141.874 E.02517
G1 X97.005 Y81.786 E2.5546
G1 X97.082 Y81.364 E.01824
G1 X97.205 Y81.033 E.01499
G1 X97.254 Y80.946 E.00426
G1 X97.647 Y81.156 F18000
G1 F3000
G1 X97.743 Y80.978 E.00861
G1 X97.971 Y80.683 E.01583
G1 X101.952 Y76.747 E.23804
G1 X102.258 Y76.518 E.01623
G1 X102.573 Y76.36 E.015
G1 X102.828 Y76.28 E.01135
G1 X103.035 Y76.245 E.00894
G1 X121.239 Y76.337 E.77389
G1 X121.549 Y76.387 E.01336
G1 X121.772 Y76.456 E.00993
G1 X122.247 Y76.726 E.02323
G1 X122.39 Y76.852 E.00812
G1 X122.584 Y77.084 E.01284
G1 X122.717 Y77.312 E.01121
G1 X122.82 Y77.576 E.01204
G1 X122.902 Y78.089 E.02212
G1 X122.537 Y142.033 E2.71849
G1 X122.501 Y142.328 E.01265
G1 X122.411 Y142.641 E.01385
G1 X122.143 Y143.115 E.02317
G1 X122.016 Y143.258 E.00812
G1 X121.784 Y143.452 E.01284
G1 X121.556 Y143.585 E.01121
G1 X121.293 Y143.688 E.01204
G1 X120.779 Y143.77 E.02212
G1 X98.835 Y143.644 E.93293
G1 X98.54 Y143.608 E.01265
G1 X98.227 Y143.519 E.01385
G1 X97.753 Y143.25 E.02317
G1 X97.61 Y143.123 E.00812
G1 X97.416 Y142.892 E.01284
G1 X97.283 Y142.664 E.01121
G1 X97.18 Y142.4 E.01204
G1 X97.098 Y141.887 E.02212
G1 X97.446 Y81.866 E2.55173
G1 X97.502 Y81.521 E.01487
G1 X97.596 Y81.252 E.01212
G1 X97.619 Y81.209 E.00205
G1 X98.017 Y81.407 F18000
G1 F3000
G1 X98.139 Y81.188 E.01067
G1 X98.28 Y81.008 E.00971
G1 X102.274 Y77.059 E.23881
G1 X102.529 Y76.875 E.01333
G1 X102.769 Y76.764 E.01127
G1 X102.959 Y76.708 E.00842
G1 X103.105 Y76.688 E.00628
G1 X121.17 Y76.78 E.768
G1 X121.407 Y76.813 E.01018
G1 X121.646 Y76.887 E.01066
G1 X121.957 Y77.067 E.01525
G1 X122.048 Y77.142 E.00501
G1 X122.202 Y77.319 E.00998
G1 X122.296 Y77.466 E.00742
G1 X122.406 Y77.747 E.01281
G1 X122.454 Y78.078 E.01422
G1 X122.088 Y142.038 E2.71921
G1 X122.056 Y142.275 E.01016
G1 X121.981 Y142.514 E.01066
G1 X121.802 Y142.824 E.01525
G1 X121.727 Y142.915 E.00501
G1 X121.55 Y143.07 E.00998
G1 X121.402 Y143.163 E.00742
G1 X121.122 Y143.273 E.01281
G1 X120.791 Y143.321 E.01422
G1 X98.83 Y143.196 E.93364
G1 X98.593 Y143.163 E.01016
G1 X98.354 Y143.089 E.01066
G1 X98.043 Y142.909 E.01525
G1 X97.952 Y142.834 E.00501
G1 X97.798 Y142.657 E.00998
G1 X97.704 Y142.51 E.00742
G1 X97.594 Y142.229 E.01281
G1 X97.546 Y141.898 E.01422
G1 X97.895 Y81.858 E2.55256
G1 X97.944 Y81.594 E.0114
G1 X97.995 Y81.463 E.00598
G1 X98.411 Y81.621 F18000
G1 F3000
G1 X98.495 Y81.46 E.00772
G1 X98.589 Y81.333 E.00672
G1 X102.597 Y77.371 E.23961
G1 X102.725 Y77.278 E.00672
G1 X102.884 Y77.197 E.00757
G1 X103.093 Y77.136 E.00927
G1 X121.176 Y77.229 E.76879
G1 X121.339 Y77.256 E.00703
G1 X121.513 Y77.315 E.00779
G1 X121.72 Y77.447 E.01044
G1 X121.818 Y77.55 E.00604
G1 X121.924 Y77.717 E.00841
G1 X121.983 Y77.896 E.00803
G1 X122.005 Y78.065 E.00723
G1 X121.64 Y142.044 E2.72002
G1 X121.612 Y142.207 E.00703
G1 X121.553 Y142.381 E.00779
G1 X121.421 Y142.587 E.01044
G1 X121.318 Y142.685 E.00604
G1 X121.151 Y142.791 E.00841
G1 X120.972 Y142.851 E.00803
G1 X120.803 Y142.873 E.00723
G1 X98.824 Y142.747 E.93445
G1 X98.661 Y142.72 E.00703
G1 X98.487 Y142.661 E.00779
G1 X98.28 Y142.529 E.01044
G1 X98.182 Y142.426 E.00604
G1 X98.076 Y142.259 E.00841
G1 X98.017 Y142.08 E.00803
G1 X97.995 Y141.911 E.00723
G1 X98.337 Y81.93 E2.55002
G1 X98.363 Y81.753 E.0076
G1 X98.391 Y81.677 E.00343
G1 X98.803 Y81.838 F18000
G1 F3000
G1 X98.897 Y81.659 E.00856
G1 X102.92 Y77.682 E.24049
G1 X103.099 Y77.591 E.00856
G1 X103.185 Y77.574 E.00372
G1 X121.185 Y77.677 E.76524
G1 X121.384 Y77.745 E.00894
G1 X121.502 Y77.869 E.0073
G1 X121.542 Y77.971 E.00466
G1 X121.557 Y78.053 E.00355
G1 X121.191 Y142.052 E2.72086
G1 X121.124 Y142.252 E.00894
G1 X120.999 Y142.37 E.0073
G1 X120.897 Y142.409 E.00466
G1 X120.815 Y142.425 E.00355
G1 X98.815 Y142.299 E.9353
G1 X98.616 Y142.231 E.00894
G1 X98.498 Y142.107 E.0073
G1 X98.458 Y142.005 E.00466
G1 X98.443 Y141.922 E.00355
G1 X98.786 Y81.923 E2.55081
G1 X98.791 Y81.897 E.00117
; printing object pigtail_slot_coupon.stl id:2099807082496 copy 0
G1 E-1.75 F6000
;WIPE_START
G1 F3000
G1 X98.897 Y81.659 E-.19464
G1 X99.424 Y81.139 E-.55536
;WIPE_END
G1 X107.779 Y111.695 F18000
G1 X107.922 Y112.04
G1 X120.494 Y141.723
G1 E2.5 F6000
;TYPE:Outer wall
G1 F3000
G1 X99.144 Y141.601 E.90766
G1 X99.484 Y82.062 E2.53127
G1 X103.316 Y78.274 E.22905
G1 X108.668 Y78.305 E.22757
G1 X120.856 Y78.374 E.51814
G1 X120.494 Y141.663 E2.69068
G1 X120.048 Y141.272 F18000
;TYPE:Inner wall
G1 F3000
G1 X99.595 Y141.156 E.86953
G1 X99.932 Y82.25 E2.50431
G1 X103.499 Y78.724 E.21325
G1 X108.666 Y78.753 E.21967
G1 X120.405 Y78.82 E.49907
G1 X120.048 Y141.212 E2.65255
G1 X119.602 Y140.821 F18000
G1 F3000
G1 X100.046 Y140.71 E.8314
G1 X100.379 Y82.439 E2.47734
G1 X103.682 Y79.173 E.19746
G1 X108.663 Y79.202 E.21177
G1 X119.954 Y79.266 E.48
G1 X119.602 Y140.761 E2.61441
G1 X119.156 Y140.37 F18000
G1 F3000
G1 X100.497 Y140.264 E.79326
G1 X100.827 Y82.627 E2.45038
G1 X103.865 Y79.623 E.18166
G1 X108.661 Y79.65 E.20387
G1 X119.503 Y79.712 E.46094
G1 X119.156 Y140.31 E2.57628
G1 X118.71 Y139.919 F18000
G1 F3000
G1 X100.948 Y139.818 E.75513
G1 X101.274 Y82.815 E2.42341
G1 X104.048 Y80.072 E.16586
G1 X108.658 Y80.099 E.19598
G1 X119.052 Y80.158 E.44187
G1 X118.711 Y139.859 E2.53814
G1 E-1.75 F6000
;WIPE_START
G1 F3000
G1 X117.711 Y139.857 E-.75
;WIPE_END
G1 X109.871 Y133.913 F18000
G1 E2.5 F6000
;TYPE:Outer wall
G1 F3000
G1 X110.321 Y133.88 E.0192
G1 X110.768 Y133.776 E.01952
G1 X111.194 Y133.603 E.01952
G1 X111.587 Y133.365 E.01952
G1 X111.937 Y133.069 E.01952
G1 X112.238 Y132.721 E.01952
G1 X112.48 Y132.331 E.01952
G1 X112.658 Y131.908 E.01952
G1 X112.768 Y131.462 E.01952
G1 X112.805 Y131.021 E.01881
G1 X112.817 Y128.988 E.08645
G1 X112.784 Y128.546 E.01881
G1 X112.68 Y128.099 E.01952
G1 X112.506 Y127.674 E.01952
G1 X112.269 Y127.281 E.01952
G1 X111.972 Y126.93 E.01952
G1 X111.625 Y126.63 E.01952
G1 X111.235 Y126.388 E.01952
G1 X110.812 Y126.21 E.01952
G1 X110.366 Y126.1 E.01952
G1 X109.908 Y126.061 E.01952
G1 X109.463 Y126.094 E.01898
G1 X109.004 Y126.199 E.02002
G1 X108.578 Y126.373 E.01956
G1 X108.185 Y126.61 E.01952
G1 X107.834 Y126.907 E.01952
G1 X107.534 Y127.254 E.01952
G1 X107.292 Y127.644 E.01952
G1 X107.114 Y128.068 E.01952
G1 X107.004 Y128.513 E.01952
G1 X106.967 Y128.954 E.01881
G1 X106.955 Y130.988 E.08645
G1 X106.987 Y131.429 E.01881
G1 X107.092 Y131.876 E.01952
G1 X107.265 Y132.301 E.01952
G1 X107.503 Y132.694 E.01952
G1 X107.799 Y133.045 E.01952
G1 X108.147 Y133.345 E.01952
G1 X108.537 Y133.587 E.01952
G1 X108.96 Y133.765 E.01952
G1 X109.406 Y133.875 E.01952
G1 X109.811 Y133.909 E.0173
G1 X109.83 Y134.361 F18000
;TYPE:Inner wall
G1 F3000
G1 X109.861 Y134.364 E.0013
G1 X110.389 Y134.325 E.02253
G1 X110.905 Y134.204 E.02252
G1 X111.396 Y134.005 E.02252
G1 X111.849 Y133.73 E.02252
G1 X112.254 Y133.389 E.02252
G1 X112.6 Y132.988 E.02253
G1 X112.88 Y132.538 E.02252
G1 X113.085 Y132.049 E.02253
G1 X113.212 Y131.535 E.02252
G1 X113.253 Y131.041 E.02106
G1 X113.265 Y128.973 E.08794
G1 X113.229 Y128.479 E.02106
G1 X113.108 Y127.963 E.02252
G1 X112.908 Y127.472 E.02253
G1 X112.634 Y127.019 E.02253
G1 X112.292 Y126.614 E.02253
G1 X111.892 Y126.268 E.02252
G1 X111.441 Y125.988 E.02252
G1 X110.953 Y125.783 E.02252
G1 X110.439 Y125.656 E.02252
G1 X109.911 Y125.612 E.02253
G1 X109.396 Y125.649 E.02194
G1 X108.868 Y125.77 E.02302
G1 X108.376 Y125.971 E.02261
G1 X107.923 Y126.245 E.02252
G1 X107.518 Y126.587 E.02252
G1 X107.171 Y126.988 E.02253
G1 X106.892 Y127.438 E.02252
G1 X106.687 Y127.926 E.02253
G1 X106.56 Y128.44 E.02252
G1 X106.518 Y128.934 E.02106
G1 X106.506 Y131.003 E.08794
G1 X106.542 Y131.497 E.02106
G1 X106.663 Y132.012 E.02252
G1 X106.863 Y132.503 E.02253
G1 X107.137 Y132.957 E.02253
G1 X107.479 Y133.361 E.02253
G1 X107.88 Y133.708 E.02252
G1 X108.33 Y133.987 E.02252
G1 X108.818 Y134.193 E.02252
G1 X109.333 Y134.319 E.02252
G1 X109.771 Y134.356 E.01868
G1 X109.796 Y134.808 F18000
G1 F3000
G1 X109.858 Y134.814 E.00263
G1 X110.457 Y134.77 E.02553
G1 X111.042 Y134.633 E.02552
G1 X111.598 Y134.407 E.02552
G1 X112.111 Y134.096 E.02552
G1 X112.57 Y133.709 E.02552
G1 X112.963 Y133.254 E.02553
G1 X113.279 Y132.744 E.02553
G1 X113.512 Y132.191 E.02553
G1 X113.656 Y131.608 E.02552
G1 X113.702 Y131.061 E.02331
G1 X113.714 Y128.958 E.08944
G1 X113.674 Y128.411 E.02331
G1 X113.537 Y127.826 E.02552
G1 X113.31 Y127.27 E.02553
G1 X113 Y126.756 E.02553
G1 X112.612 Y126.298 E.02553
G1 X112.158 Y125.905 E.02552
G1 X111.648 Y125.589 E.02552
G1 X111.095 Y125.356 E.02552
G1 X110.512 Y125.212 E.02552
G1 X109.913 Y125.162 E.02553
G1 X109.329 Y125.204 E.0249
G1 X108.733 Y125.341 E.02602
G1 X108.174 Y125.569 E.02565
G1 X107.66 Y125.88 E.02552
G1 X107.202 Y126.267 E.02552
G1 X106.809 Y126.721 E.02553
G1 X106.492 Y127.231 E.02553
G1 X106.259 Y127.785 E.02553
G1 X106.116 Y128.368 E.02552
G1 X106.07 Y128.914 E.02331
G1 X106.058 Y131.018 E.08944
G1 X106.098 Y131.565 E.02331
G1 X106.235 Y132.149 E.02552
G1 X106.461 Y132.705 E.02553
G1 X106.772 Y133.219 E.02553
G1 X107.159 Y133.678 E.02553
G1 X107.614 Y134.07 E.02552
G1 X108.124 Y134.387 E.02552
G1 X108.677 Y134.62 E.02552
G1 X109.26 Y134.763 E.02552
G1 X109.737 Y134.803 E.02034
G1 X109.763 Y135.256 F18000
G1 F3000
G1 X109.856 Y135.264 E.00397
G1 X110.525 Y135.215 E.02853
G1 X111.178 Y135.062 E.02852
G1 X111.8 Y134.809 E.02853
G1 X112.374 Y134.461 E.02852
G1 X112.886 Y134.029 E.02852
G1 X113.325 Y133.521 E.02853
G1 X113.679 Y132.951 E.02853
G1 X113.939 Y132.332 E.02853
G1 X114.099 Y131.681 E.02852
G1 X114.15 Y131.082 E.02556
G1 X114.162 Y128.943 E.09094
G1 X114.119 Y128.343 E.02556
G1 X113.966 Y127.69 E.02852
G1 X113.712 Y127.068 E.02853
G1 X113.365 Y126.494 E.02853
G1 X112.932 Y125.981 E.02853
G1 X112.424 Y125.543 E.02852
G1 X111.854 Y125.189 E.02852
G1 X111.236 Y124.929 E.02853
G1 X110.585 Y124.768 E.02852
G1 X109.916 Y124.712 E.02853
G1 X109.262 Y124.759 E.02786
G1 X108.597 Y124.912 E.02902
G1 X107.972 Y125.167 E.0287
G1 X107.398 Y125.514 E.02852
G1 X106.885 Y125.947 E.02852
G1 X106.447 Y126.455 E.02853
G1 X106.093 Y127.025 E.02853
G1 X105.832 Y127.643 E.02853
G1 X105.672 Y128.295 E.02852
G1 X105.621 Y128.894 E.02556
G1 X105.609 Y131.033 E.09094
G1 X105.653 Y131.632 E.02556
G1 X105.806 Y132.286 E.02852
G1 X106.059 Y132.907 E.02853
G1 X106.406 Y133.481 E.02853
G1 X106.839 Y133.994 E.02853
G1 X107.347 Y134.433 E.02852
G1 X107.917 Y134.786 E.02852
G1 X108.536 Y135.047 E.02853
G1 X109.187 Y135.207 E.02852
G1 X109.703 Y135.251 E.02201
G1 X109.729 Y135.703 F18000
G1 F3000
G1 X109.853 Y135.713 E.0053
G1 X110.593 Y135.659 E.03153
G1 X111.315 Y135.49 E.03152
G1 X112.001 Y135.211 E.03153
G1 X112.636 Y134.827 E.03152
G1 X113.203 Y134.348 E.03152
G1 X113.687 Y133.787 E.03153
G1 X114.079 Y133.157 E.03153
G1 X114.366 Y132.474 E.03153
G1 X114.543 Y131.754 E.03152
G1 X114.598 Y131.102 E.02781
G1 X114.611 Y128.927 E.09244
G1 X114.563 Y128.275 E.02781
G1 X114.394 Y127.553 E.03152
G1 X114.114 Y126.866 E.03153
G1 X113.731 Y126.232 E.03153
G1 X113.252 Y125.665 E.03153
G1 X112.691 Y125.18 E.03152
G1 X112.061 Y124.789 E.03152
G1 X111.377 Y124.502 E.03153
G1 X110.658 Y124.324 E.03152
G1 X109.918 Y124.262 E.03153
G1 X109.196 Y124.315 E.03081
G1 X108.462 Y124.483 E.03202
G1 X107.77 Y124.765 E.03174
G1 X107.136 Y125.149 E.03152
G1 X106.569 Y125.627 E.03152
G1 X106.084 Y126.188 E.03153
G1 X105.693 Y126.818 E.03153
G1 X105.405 Y127.502 E.03153
G1 X105.228 Y128.222 E.03152
G1 X105.173 Y128.874 E.02781
G1 X105.161 Y131.048 E.09244
G1 X105.208 Y131.7 E.02781
G1 X105.377 Y132.422 E.03152
G1 X105.657 Y133.109 E.03153
G1 X106.041 Y133.744 E.03153
G1 X106.519 Y134.31 E.03153
G1 X107.081 Y134.795 E.03152
G1 X107.711 Y135.186 E.03152
G1 X108.394 Y135.474 E.03153
G1 X109.114 Y135.651 E.03152
G1 X109.669 Y135.698 E.02368
G1 E-1.75 F6000
;WIPE_START
G1 F3000
G1 X109.853 Y135.713 E-.13857
G1 X110.593 Y135.659 E-.55626
G1 X110.664 Y135.643 E-.05517
;WIPE_END
G1 X112.519 Y132.928 F18000
G1 X112.79 Y132.491
G1 X112.989 Y132.017
G1 X113.112 Y131.518
G1 X113.153 Y131.037
G1 X113.164 Y128.976
G1 X112.779 Y108.973
G1 X112.749 Y108.569
G1 X112.65 Y108.144
G1 X112.48 Y107.733
G1 X112.26 Y107.37
G1 X111.979 Y107.037
G1 X111.65 Y106.752
G1 X111.289 Y106.528
G1 X110.88 Y106.354
G1 X110.456 Y106.249
G1 X110.279 Y106.235
G1 X110.13 Y93.261
G1 X110.105 Y92.914
G1 E2.5 F6000
;TYPE:Outer wall
G1 F3000
G1 X110.399 Y92.893 E.01254
G1 X110.693 Y92.824 E.01285
G1 X110.973 Y92.71 E.01285
G1 X111.232 Y92.553 E.01285
G1 X111.463 Y92.358 E.01285
G1 X111.66 Y92.129 E.01285
G1 X111.82 Y91.873 E.01285
G1 X111.937 Y91.594 E.01285
G1 X112.009 Y91.301 E.01285
G1 X112.033 Y91.016 E.01214
G1 X112.045 Y88.983 E.08645
G1 X112.024 Y88.698 E.01214
G1 X111.955 Y88.404 E.01285
G1 X111.841 Y88.124 E.01285
G1 X111.685 Y87.865 E.01285
G1 X111.49 Y87.634 E.01285
G1 X111.261 Y87.436 E.01285
G1 X111.004 Y87.277 E.01285
G1 X110.726 Y87.16 E.01285
G1 X110.432 Y87.087 E.01285
G1 X110.131 Y87.062 E.01285
G1 X109.837 Y87.083 E.01251
G1 X109.536 Y87.153 E.01315
G1 X109.255 Y87.267 E.0129
G1 X108.997 Y87.423 E.01285
G1 X108.766 Y87.618 E.01285
G1 X108.568 Y87.847 E.01285
G1 X108.409 Y88.104 E.01285
G1 X108.291 Y88.383 E.01285
G1 X108.219 Y88.676 E.01285
G1 X108.195 Y88.961 E.01214
G1 X108.183 Y90.994 E.08645
G1 X108.204 Y91.279 E.01214
G1 X108.273 Y91.573 E.01285
G1 X108.387 Y91.853 E.01285
G1 X108.544 Y92.112 E.01285
G1 X108.739 Y92.343 E.01285
G1 X108.967 Y92.54 E.01285
G1 X109.224 Y92.7 E.01285
G1 X109.495 Y92.814 E.01251
G1 X109.795 Y92.889 E.01315
G1 X110.045 Y92.91 E.01066
G1 X110.064 Y93.362 F18000
;TYPE:Inner wall
G1 F3000
G1 X110.095 Y93.364 E.0013
G1 X110.467 Y93.337 E.01585
G1 X110.83 Y93.252 E.01585
G1 X111.175 Y93.112 E.01586
G1 X111.494 Y92.919 E.01585
G1 X111.779 Y92.678 E.01585
G1 X112.023 Y92.396 E.01586
G1 X112.22 Y92.079 E.01585
G1 X112.364 Y91.735 E.01585
G1 X112.453 Y91.373 E.01585
G1 X112.482 Y91.036 E.01439
G1 X112.494 Y88.968 E.08794
G1 X112.469 Y88.63 E.01439
G1 X112.384 Y88.267 E.01585
G1 X112.243 Y87.922 E.01585
G1 X112.05 Y87.603 E.01585
G1 X111.81 Y87.318 E.01586
G1 X111.528 Y87.074 E.01585
G1 X111.211 Y86.877 E.01585
G1 X110.867 Y86.733 E.01586
G1 X110.505 Y86.644 E.01585
G1 X110.134 Y86.612 E.01585
G1 X109.771 Y86.639 E.01547
G1 X109.4 Y86.723 E.01615
G1 X109.053 Y86.865 E.01594
G1 X108.734 Y87.058 E.01585
G1 X108.449 Y87.298 E.01585
G1 X108.206 Y87.581 E.01586
G1 X108.009 Y87.897 E.01585
G1 X107.864 Y88.241 E.01585
G1 X107.775 Y88.603 E.01585
G1 X107.747 Y88.94 E.01439
G1 X107.735 Y91.009 E.08794
G1 X107.759 Y91.347 E.01439
G1 X107.844 Y91.71 E.01585
G1 X107.985 Y92.055 E.01585
G1 X108.178 Y92.374 E.01585
G1 X108.419 Y92.659 E.01586
G1 X108.701 Y92.903 E.01585
G1 X109.018 Y93.099 E.01585
G1 X109.353 Y93.24 E.01547
G1 X109.721 Y93.333 E.01615
G1 X110.005 Y93.357 E.01209
G1 X110.031 Y93.809 F18000
G1 F3000
G1 X110.092 Y93.814 E.00263
G1 X110.535 Y93.782 E.01885
G1 X110.966 Y93.681 E.01885
G1 X111.377 Y93.514 E.01886
G1 X111.756 Y93.284 E.01885
G1 X112.095 Y92.998 E.01885
G1 X112.385 Y92.662 E.01886
G1 X112.619 Y92.286 E.01885
G1 X112.791 Y91.877 E.01885
G1 X112.897 Y91.446 E.01885
G1 X112.93 Y91.056 E.01664
G1 X112.942 Y88.952 E.08944
G1 X112.914 Y88.562 E.01664
G1 X112.813 Y88.13 E.01885
G1 X112.645 Y87.72 E.01885
G1 X112.416 Y87.34 E.01885
G1 X112.13 Y87.001 E.01886
G1 X111.794 Y86.711 E.01885
G1 X111.417 Y86.478 E.01884
G1 X111.009 Y86.306 E.01886
G1 X110.578 Y86.2 E.01885
G1 X110.136 Y86.162 E.01885
G1 X109.704 Y86.194 E.01842
G1 X109.265 Y86.294 E.01915
G1 X108.851 Y86.463 E.01899
G1 X108.472 Y86.692 E.01884
G1 X108.133 Y86.978 E.01885
G1 X107.843 Y87.314 E.01886
G1 X107.609 Y87.691 E.01885
G1 X107.437 Y88.1 E.01885
G1 X107.331 Y88.53 E.01885
G1 X107.298 Y88.92 E.01664
G1 X107.286 Y91.024 E.08944
G1 X107.315 Y91.415 E.01664
G1 X107.416 Y91.846 E.01885
G1 X107.583 Y92.257 E.01885
G1 X107.813 Y92.636 E.01885
G1 X108.099 Y92.975 E.01886
G1 X108.434 Y93.265 E.01885
G1 X108.811 Y93.499 E.01885
G1 X109.211 Y93.667 E.01843
G1 X109.647 Y93.777 E.01915
G1 X109.971 Y93.804 E.0138
G1 X109.997 Y94.256 F18000
G1 F3000
G1 X110.09 Y94.264 E.00397
G1 X110.602 Y94.227 E.02185
G1 X111.103 Y94.11 E.02185
G1 X111.579 Y93.916 E.02187
G1 X112.019 Y93.65 E.02184
G1 X112.412 Y93.318 E.02185
G1 X112.748 Y92.929 E.02186
G1 X113.019 Y92.492 E.02186
G1 X113.218 Y92.018 E.02185
G1 X113.341 Y91.519 E.02185
G1 X113.379 Y91.077 E.01889
G1 X113.391 Y88.937 E.09094
G1 X113.358 Y88.494 E.01889
G1 X113.241 Y87.994 E.02185
G1 X113.047 Y87.518 E.02185
G1 X112.781 Y87.078 E.02186
G1 X112.449 Y86.685 E.02186
G1 X112.06 Y86.349 E.02185
G1 X111.624 Y86.078 E.02184
G1 X111.15 Y85.878 E.02187
G1 X110.651 Y85.756 E.02185
G1 X110.139 Y85.712 E.02185
G1 X109.637 Y85.749 E.02138
G1 X109.129 Y85.865 E.02215
G1 X108.649 Y86.061 E.02204
G1 X108.21 Y86.327 E.02184
G1 X107.817 Y86.659 E.02185
G1 X107.481 Y87.048 E.02186
G1 X107.21 Y87.484 E.02186
G1 X107.01 Y87.958 E.02185
G1 X106.887 Y88.457 E.02185
G1 X106.85 Y88.9 E.01889
G1 X106.838 Y91.039 E.09094
G1 X106.87 Y91.482 E.01889
G1 X106.987 Y91.983 E.02185
G1 X107.181 Y92.459 E.02185
G1 X107.447 Y92.899 E.02186
G1 X107.779 Y93.292 E.02186
G1 X108.168 Y93.628 E.02185
G1 X108.605 Y93.899 E.02184
G1 X109.068 Y94.094 E.02139
G1 X109.574 Y94.221 E.02215
G1 X109.937 Y94.251 E.01551
G1 X109.963 Y94.704 F18000
G1 F3000
G1 X110.087 Y94.714 E.0053
G1 X110.67 Y94.671 E.02485
G1 X111.239 Y94.538 E.02485
G1 X111.781 Y94.318 E.02487
G1 X112.281 Y94.015 E.02484
G1 X112.728 Y93.638 E.02485
G1 X113.11 Y93.195 E.02487
G1 X113.419 Y92.699 E.02486
G1 X113.645 Y92.16 E.02485
G1 X113.785 Y91.592 E.02485
G1 X113.827 Y91.097 E.02114
G1 X113.839 Y88.922 E.09244
G1 X113.803 Y88.426 E.02114
G1 X113.67 Y87.857 E.02485
G1 X113.449 Y87.316 E.02485
G1 X113.147 Y86.816 E.02486
G1 X112.769 Y86.369 E.02487
G1 X112.327 Y85.987 E.02485
G1 X111.831 Y85.678 E.02484
G1 X111.291 Y85.451 E.02487
G1 X110.724 Y85.312 E.02485
G1 X110.141 Y85.263 E.02485
G1 X109.57 Y85.304 E.02434
G1 X108.994 Y85.436 E.02515
G1 X108.447 Y85.659 E.02509
G1 X107.947 Y85.962 E.02484
G1 X107.501 Y86.339 E.02485
G1 X107.118 Y86.781 E.02487
G1 X106.81 Y87.278 E.02486
G1 X106.583 Y87.817 E.02485
G1 X106.443 Y88.384 E.02485
G1 X106.402 Y88.88 E.02114
G1 X106.389 Y91.054 E.09244
G1 X106.425 Y91.55 E.02115
G1 X106.559 Y92.119 E.02485
G1 X106.779 Y92.661 E.02485
G1 X107.082 Y93.161 E.02486
G1 X107.459 Y93.608 E.02487
G1 X107.901 Y93.99 E.02485
G1 X108.398 Y94.298 E.02484
G1 X108.926 Y94.52 E.02435
G1 X109.5 Y94.664 E.02515
G1 X109.903 Y94.699 E.01722
G1 E-1.75 F6000
;WIPE_START
G1 F3000
G1 X110.087 Y94.714 E-.13857
G1 X110.67 Y94.671 E-.43843
G1 X110.895 Y94.619 E-.17299
;WIPE_END
G1 X112.749 Y108.569 F18000
G1 X112.779 Y108.973
G1 X112.767 Y111.034
G1 X112.733 Y111.438
G1 X112.629 Y111.861
G1 X112.46 Y112.262
G1 X112.23 Y112.632
G1 X111.945 Y112.962
G1 X111.613 Y113.242
G1 X111.24 Y113.468
G1 X110.837 Y113.632
G1 X110.413 Y113.731
G1 X110.013 Y113.761
G1 X109.988 Y113.414
G1 E2.5 F6000
;TYPE:Outer wall
G1 F3000
G1 X110.36 Y113.387 E.01587
G1 X110.731 Y113.3 E.01619
G1 X111.083 Y113.156 E.01619
G1 X111.409 Y112.959 E.01619
G1 X111.7 Y112.713 E.01619
G1 X111.949 Y112.425 E.01619
G1 X112.15 Y112.102 E.01619
G1 X112.298 Y111.751 E.01619
G1 X112.389 Y111.381 E.01619
G1 X112.419 Y111.018 E.01547
G1 X112.431 Y108.985 E.08645
G1 X112.404 Y108.622 E.01547
G1 X112.317 Y108.25 E.01623
G1 X112.168 Y107.89 E.01658
G1 X111.977 Y107.573 E.01575
G1 X111.731 Y107.282 E.01619
G1 X111.443 Y107.033 E.01619
G1 X111.128 Y106.838 E.01574
G1 X110.77 Y106.685 E.01658
G1 X110.399 Y106.594 E.01623
G1 X110.02 Y106.562 E.01619
G1 X109.65 Y106.589 E.01574
G1 X109.27 Y106.676 E.01658
G1 X108.917 Y106.82 E.01623
G1 X108.591 Y107.017 E.01619
G1 X108.3 Y107.263 E.01619
G1 X108.051 Y107.551 E.01619
G1 X107.85 Y107.874 E.01619
G1 X107.702 Y108.225 E.01619
G1 X107.611 Y108.595 E.01619
G1 X107.581 Y108.957 E.01547
G1 X107.569 Y110.991 E.08645
G1 X107.596 Y111.354 E.01547
G1 X107.683 Y111.725 E.01623
G1 X107.832 Y112.086 E.01658
G1 X108.023 Y112.403 E.01575
G1 X108.269 Y112.694 E.01619
G1 X108.557 Y112.943 E.01619
G1 X108.88 Y113.143 E.01619
G1 X109.231 Y113.291 E.01619
G1 X109.601 Y113.382 E.01619
G1 X109.928 Y113.41 E.01395
G1 X110.008 Y113.862 F18000
;TYPE:Inner wall
G1 F3000
G1 X110.428 Y113.831 E.01789
G1 X110.867 Y113.728 E.01919
G1 X111.285 Y113.558 E.01919
G1 X111.672 Y113.324 E.01919
G1 X112.016 Y113.033 E.01919
G1 X112.311 Y112.692 E.01919
G1 X112.549 Y112.308 E.01919
G1 X112.725 Y111.892 E.01919
G1 X112.832 Y111.454 E.01919
G1 X112.868 Y111.039 E.01772
G1 X112.879 Y108.97 E.08794
G1 X112.849 Y108.554 E.01772
G1 X112.746 Y108.113 E.01927
G1 X112.57 Y107.687 E.01958
G1 X112.342 Y107.311 E.0187
G1 X112.051 Y106.966 E.01919
G1 X111.71 Y106.671 E.01919
G1 X111.336 Y106.439 E.0187
G1 X110.912 Y106.258 E.01958
G1 X110.472 Y106.15 E.01927
G1 X110.022 Y106.112 E.01919
G1 X109.583 Y106.144 E.0187
G1 X109.134 Y106.247 E.01958
G1 X108.715 Y106.418 E.01927
G1 X108.328 Y106.651 E.01919
G1 X107.984 Y106.943 E.01919
G1 X107.689 Y107.284 E.01919
G1 X107.451 Y107.668 E.01919
G1 X107.275 Y108.084 E.01919
G1 X107.168 Y108.522 E.01919
G1 X107.132 Y108.937 E.01772
G1 X107.121 Y111.006 E.08794
G1 X107.151 Y111.422 E.01772
G1 X107.254 Y111.863 E.01927
G1 X107.43 Y112.289 E.01958
G1 X107.658 Y112.665 E.0187
G1 X107.949 Y113.01 E.01919
G1 X108.29 Y113.305 E.01919
G1 X108.674 Y113.543 E.01919
G1 X109.09 Y113.718 E.01919
G1 X109.528 Y113.826 E.01919
G1 X109.948 Y113.862 E.01793
G1 X110.037 Y114.309 F18000
G1 F3000
G1 X110.496 Y114.276 E.01956
G1 X111.004 Y114.157 E.02219
G1 X111.487 Y113.96 E.02219
G1 X111.934 Y113.69 E.02219
G1 X112.333 Y113.353 E.02219
G1 X112.674 Y112.958 E.02219
G1 X112.949 Y112.515 E.02219
G1 X113.152 Y112.034 E.02219
G1 X113.276 Y111.527 E.02219
G1 X113.316 Y111.059 E.01997
G1 X113.328 Y108.955 E.08944
G1 X113.294 Y108.486 E.01997
G1 X113.174 Y107.975 E.02232
G1 X112.971 Y107.484 E.02258
G1 X112.708 Y107.048 E.02166
G1 X112.371 Y106.65 E.02219
G1 X111.976 Y106.308 E.02219
G1 X111.543 Y106.04 E.02166
G1 X111.055 Y105.831 E.02258
G1 X110.545 Y105.706 E.02232
G1 X110.025 Y105.662 E.02219
G1 X109.517 Y105.699 E.02166
G1 X108.999 Y105.818 E.02258
G1 X108.513 Y106.016 E.02232
G1 X108.066 Y106.286 E.02219
G1 X107.667 Y106.623 E.02219
G1 X107.326 Y107.018 E.02219
G1 X107.051 Y107.461 E.02219
G1 X106.848 Y107.942 E.02219
G1 X106.724 Y108.449 E.02219
G1 X106.684 Y108.917 E.01997
G1 X106.672 Y111.021 E.08944
G1 X106.706 Y111.489 E.01997
G1 X106.826 Y112.001 E.02232
G1 X107.029 Y112.492 E.02258
G1 X107.292 Y112.928 E.02166
G1 X107.629 Y113.326 E.02219
G1 X108.024 Y113.668 E.02219
G1 X108.467 Y113.943 E.02219
G1 X108.948 Y114.145 E.02219
G1 X109.455 Y114.27 E.02219
G1 X109.975 Y114.314 E.02219
G1 X109.977 Y114.314 E.00008
G1 X110.066 Y114.757 F18000
G1 F3000
G1 X110.564 Y114.721 E.02123
G1 X111.141 Y114.586 E.02519
G1 X111.689 Y114.362 E.02519
G1 X112.196 Y114.055 E.02519
G1 X112.649 Y113.673 E.02519
G1 X113.036 Y113.225 E.02519
G1 X113.349 Y112.721 E.02519
G1 X113.579 Y112.175 E.02519
G1 X113.72 Y111.6 E.02519
G1 X113.764 Y111.079 E.02222
G1 X113.777 Y108.94 E.09094
G1 X113.739 Y108.419 E.02222
G1 X113.603 Y107.838 E.02536
G1 X113.373 Y107.281 E.02558
G1 X113.073 Y106.786 E.02462
G1 X112.691 Y106.333 E.02519
G1 X112.243 Y105.946 E.02519
G1 X111.751 Y105.641 E.02462
G1 X111.197 Y105.405 E.02558
G1 X110.618 Y105.262 E.02536
G1 X110.027 Y105.212 E.02519
G1 X109.45 Y105.254 E.02462
G1 X108.863 Y105.389 E.02559
G1 X108.311 Y105.614 E.02536
G1 X107.804 Y105.921 E.02519
G1 X107.351 Y106.303 E.02519
G1 X106.964 Y106.751 E.02519
G1 X106.651 Y107.255 E.02519
G1 X106.421 Y107.801 E.02519
G1 X106.28 Y108.376 E.02519
G1 X106.236 Y108.897 E.02222
G1 X106.223 Y111.036 E.09094
G1 X106.262 Y111.557 E.02222
G1 X106.397 Y112.138 E.02536
G1 X106.627 Y112.694 E.02558
G1 X106.927 Y113.19 E.02462
G1 X107.309 Y113.643 E.02519
G1 X107.757 Y114.03 E.02519
G1 X108.261 Y114.343 E.02519
G1 X108.807 Y114.572 E.02519
G1 X109.382 Y114.714 E.02519
G1 X109.973 Y114.764 E.02519
G1 X110.006 Y114.761 E.00141
G1 X110.094 Y115.205 F18000
G1 F3000
G1 X110.632 Y115.165 E.0229
G1 X111.277 Y115.014 E.02819
G1 X111.891 Y114.764 E.02819
G1 X112.459 Y114.421 E.02819
G1 X112.965 Y113.993 E.02819
G1 X113.399 Y113.491 E.02819
G1 X113.749 Y112.928 E.02819
G1 X114.006 Y112.317 E.02819
G1 X114.164 Y111.673 E.02819
G1 X114.213 Y111.099 E.02447
G1 X114.225 Y108.925 E.09244
G1 X114.183 Y108.351 E.02447
G1 X114.031 Y107.7 E.02841
G1 X113.774 Y107.079 E.02859
G1 X113.439 Y106.524 E.02758
G1 X113.011 Y106.017 E.02819
G1 X112.509 Y105.583 E.02819
G1 X111.958 Y105.241 E.02758
G1 X111.339 Y104.978 E.02859
G1 X110.691 Y104.818 E.02841
G1 X110.03 Y104.762 E.02819
G1 X109.383 Y104.809 E.02758
G1 X108.728 Y104.96 E.02859
G1 X108.109 Y105.212 E.02841
G1 X107.541 Y105.555 E.02819
G1 X107.035 Y105.983 E.02819
G1 X106.601 Y106.485 E.02819
G1 X106.251 Y107.048 E.02819
G1 X105.994 Y107.659 E.02819
G1 X105.836 Y108.303 E.02819
G1 X105.787 Y108.877 E.02447
G1 X105.775 Y111.051 E.09244
G1 X105.817 Y111.625 E.02447
G1 X105.969 Y112.276 E.02841
G1 X106.226 Y112.897 E.02858
G1 X106.561 Y113.452 E.02758
G1 X106.989 Y113.959 E.02819
G1 X107.491 Y114.392 E.02819
G1 X108.054 Y114.742 E.02819
G1 X108.665 Y114.999 E.02819
G1 X109.309 Y115.158 E.02819
G1 X109.97 Y115.214 E.02819
G1 X110.035 Y115.209 E.00274
G1 E-1.75 F6000
;WIPE_START
G1 F3000
G1 X110.632 Y115.165 E-.44895
G1 X111.022 Y115.074 E-.30105
;WIPE_END
G1 X112.46 Y112.262 F18000
G1 X112.629 Y111.861
G1 X112.733 Y111.438
G1 X118.916 Y80.411
G1 E2.5 F6000
;TYPE:Bottom surface
;WIDTH:0.503182
G1 F3000
G1 X104.185 Y80.411 E.6307
G1 X103.728 Y80.862 E.02751
G1 X118.711 Y80.862 E.64151
G1 X118.709 Y81.314 E.01934
G1 X103.271 Y81.314 E.66096
G1 X102.814 Y81.766 E.02751
G1 X118.706 Y81.766 E.68041
G1 X118.703 Y82.217 E.01934
G1 X102.357 Y82.217 E.69986
G1 X101.9 Y82.669 E.02751
G1 X118.701 Y82.669 E.71931
G1 X118.698 Y83.121 E.01934
G1 X101.609 Y83.121 E.73169
G1 X101.606 Y83.572 E.01934
G1 X118.696 Y83.572 E.73169
G1 X118.693 Y84.024 E.01934
G1 X101.603 Y84.024 E.73169
G1 X101.601 Y84.476 E.01934
G1 X118.69 Y84.476 E.73169
G1 X118.688 Y84.928 E.01934
G1 X101.598 Y84.928 E.73169
G1 X101.596 Y85.379 E.01934
G1 X108.26 Y85.379 E.28533
G1 X107.751 Y85.687 E.02549
G1 X107.581 Y85.831 E.00952
G1 X101.593 Y85.831 E.25635
G1 X101.591 Y86.283 E.01934
G1 X107.104 Y86.283 E.23608
G1 X106.846 Y86.581 E.0169
G1 X106.751 Y86.734 E.00771
G1 X101.588 Y86.734 E.22107
G1 X101.585 Y87.186 E.01934
G1 X106.484 Y87.186 E.20972
G1 X106.294 Y87.638 E.02098
G1 X101.583 Y87.638 E.20169
G1 X101.58 Y88.089 E.01934
G1 X106.17 Y88.089 E.19649
G1 X106.11 Y88.33 E.0106
G1 X106.093 Y88.541 E.00908
G1 X101.578 Y88.541 E.1933
G1 X101.575 Y88.993 E.01934
G1 X106.064 Y88.993 E.19221
G1 X106.062 Y89.444 E.01934
G1 X101.573 Y89.444 E.19221
G1 X101.57 Y89.896 E.01934
G1 X106.059 Y89.896 E.19221
G1 X106.057 Y90.348 E.01934
G1 X101.567 Y90.348 E.19221
G1 X101.565 Y90.799 E.01934
G1 X106.054 Y90.799 E.19221
G1 X106.066 Y91.251 E.01935
G1 X101.562 Y91.251 E.19284
G1 X101.56 Y91.703 E.01934
G1 X106.116 Y91.703 E.19506
G1 X106.221 Y92.154 E.01986
G1 X101.557 Y92.154 E.1997
G1 X101.554 Y92.606 E.01934
G1 X106.394 Y92.606 E.20719
G1 X106.478 Y92.812 E.00953
G1 X106.626 Y93.058 E.01229
G1 X101.552 Y93.058 E.21725
G1 X101.549 Y93.509 E.01934
G1 X106.936 Y93.509 E.23062
G1 X107.219 Y93.845 E.01881
G1 X107.353 Y93.961 E.00759
G1 X101.547 Y93.961 E.24861
G1 X101.544 Y94.413 E.01934
G1 X108.327 Y94.413 E.29042
G1 E-1.75 F6000
;WIPE_START
G1 F3000
G1 X107.327 Y94.413 E-.75
;WIPE_END
G1 X107.875 Y88.619 F18000
G1 X107.96 Y88.273
G1 X108.099 Y87.944
G1 X108.287 Y87.64
G1 X108.52 Y87.37
G1 X108.793 Y87.14
G1 X111.467 Y85.379
G1 E2.5 F6000
G1 F3000
G1 X118.685 Y85.379 E.30907
G1 X118.683 Y85.831 E.01934
G1 X112.661 Y85.831 E.25781
G1 X113.009 Y86.131 E.01969
G1 X113.137 Y86.283 E.00847
G1 X118.68 Y86.283 E.23734
G1 X118.678 Y86.734 E.01934
G1 X113.491 Y86.734 E.22208
G1 X113.76 Y87.186 E.02251
G1 X118.675 Y87.186 E.21045
G1 X118.672 Y87.638 E.01934
G1 X113.944 Y87.638 E.20246
G1 X113.991 Y87.755 E.00542
G1 X114.07 Y88.089 E.01471
G1 X118.67 Y88.089 E.19696
G1 X118.667 Y88.541 E.01934
G1 X114.149 Y88.541 E.19346
G1 X114.175 Y88.993 E.01937
G1 X118.665 Y88.993 E.19221
G1 X118.662 Y89.444 E.01934
G1 X114.173 Y89.444 E.19221
G1 X114.17 Y89.896 E.01934
G1 X118.66 Y89.896 E.19221
G1 X118.657 Y90.348 E.01934
G1 X114.168 Y90.348 E.19221
G1 X114.165 Y90.799 E.01934
G1 X118.654 Y90.799 E.19221
G1 X118.652 Y91.251 E.01934
G1 X114.151 Y91.251 E.19268
G1 X114.104 Y91.703 E.01944
G1 X118.649 Y91.703 E.19459
G1 X118.647 Y92.154 E.01934
G1 X113.993 Y92.154 E.19924
G1 X113.966 Y92.266 E.00492
G1 X113.822 Y92.606 E.0158
G1 X118.644 Y92.606 E.20644
G1 X118.641 Y93.058 E.01934
G1 X113.592 Y93.058 E.21621
G1 X113.382 Y93.395 E.01701
G1 X113.284 Y93.509 E.00646
G1 X118.639 Y93.509 E.22929
G1 X118.636 Y93.961 E.01934
G1 X112.867 Y93.961 E.24703
G1 X112.478 Y94.289 E.02178
G1 X112.274 Y94.413 E.01022
G1 X118.634 Y94.413 E.27231
G1 X118.631 Y94.864 E.01934
G1 X101.542 Y94.864 E.73169
G1 X101.539 Y95.316 E.01934
G1 X118.629 Y95.316 E.73169
G1 X118.626 Y95.768 E.01934
G1 X101.536 Y95.768 E.73169
G1 X101.534 Y96.219 E.01934
G1 X118.623 Y96.219 E.73169
G1 X118.621 Y96.671 E.01934
G1 X101.531 Y96.671 E.73169
G1 X101.529 Y97.123 E.01934
G1 X118.618 Y97.123 E.73169
G1 X118.616 Y97.575 E.01934
G1 X101.526 Y97.575 E.73169
G1 X101.524 Y98.026 E.01934
G1 X118.613 Y98.026 E.73169
G1 X118.611 Y98.478 E.01934
G1 X101.521 Y98.478 E.73169
G1 X101.518 Y98.93 E.01934
G1 X118.608 Y98.93 E.73169
G1 X118.605 Y99.381 E.01934
G1 X101.516 Y99.381 E.73169
G1 X101.513 Y99.833 E.01934
G1 X118.603 Y99.833 E.73169
G1 X118.6 Y100.285 E.01934
G1 X101.511 Y100.285 E.73169
G1 X101.508 Y100.736 E.01934
G1 X118.598 Y100.736 E.73169
G1 X118.595 Y101.188 E.01934
G1 X101.505 Y101.188 E.73169
G1 X101.503 Y101.64 E.01934
G1 X118.592 Y101.64 E.73169
G1 X118.59 Y102.091 E.01934
G1 X101.5 Y102.091 E.73169
G1 X101.498 Y102.543 E.01934
G1 X118.587 Y102.543 E.73169
G1 X118.585 Y102.995 E.01934
G1 X101.495 Y102.995 E.73169
G1 X101.493 Y103.446 E.01934
G1 X118.582 Y103.446 E.73169
G1 X118.58 Y103.898 E.01934
G1 X101.49 Y103.898 E.73169
G1 X101.487 Y104.35 E.01934
G1 X118.577 Y104.35 E.73169
G1 X118.574 Y104.801 E.01934
G1 X111.784 Y104.801 E.29075
G1 X111.446 Y104.658 E.01569
G1 X110.745 Y104.485 E.03091
G1 X110.032 Y104.425 E.03066
G1 X109.333 Y104.476 E.03001
G1 X108.626 Y104.638 E.03106
G1 X108.225 Y104.801 E.01855
G1 X101.485 Y104.801 E.28857
G1 X101.482 Y105.253 E.01934
G1 X107.391 Y105.253 E.25298
G1 X106.843 Y105.705 E.03041
G1 X101.48 Y105.705 E.22962
G1 X101.477 Y106.156 E.01934
G1 X106.44 Y106.156 E.2125
G1 X106.329 Y106.285 E.00726
G1 X106.129 Y106.608 E.01629
G1 X101.475 Y106.608 E.19927
G1 X101.472 Y107.06 E.01934
G1 X105.882 Y107.06 E.1888
G1 X105.691 Y107.511 E.02098
G1 X101.469 Y107.511 E.18077
G1 X101.467 Y107.963 E.01934
G1 X105.573 Y107.963 E.17581
G1 X105.503 Y108.248 E.01258
G1 X105.489 Y108.415 E.00715
G1 X101.464 Y108.415 E.17231
G1 X101.462 Y108.866 E.01934
G1 X105.451 Y108.866 E.17081
G1 X105.448 Y109.318 E.01934
G1 X101.459 Y109.318 E.17081
G1 X101.456 Y109.77 E.01934
G1 X105.446 Y109.77 E.17081
G1 X105.443 Y110.221 E.01934
G1 X101.454 Y110.221 E.17081
G1 X101.451 Y110.673 E.01934
G1 X105.441 Y110.673 E.17081
G1 X105.443 Y111.125 E.01934
G1 X101.449 Y111.125 E.17102
G1 X101.446 Y111.577 E.01934
G1 X105.476 Y111.577 E.17254
G1 X105.483 Y111.676 E.00427
G1 X105.566 Y112.028 E.01548
G1 X101.444 Y112.028 E.17649
G1 X101.441 Y112.48 E.01934
G1 X105.689 Y112.48 E.1819
G1 X105.876 Y112.932 E.02092
G1 X101.438 Y112.932 E.18999
G1 X101.436 Y113.383 E.01934
G1 X106.126 Y113.383 E.20083
G1 X106.287 Y113.649 E.0133
G1 X106.444 Y113.835 E.01041
G1 X101.433 Y113.835 E.21455
G1 X101.431 Y114.287 E.01934
G1 X106.854 Y114.287 E.2322
G1 X107.291 Y114.664 E.02474
G1 X107.41 Y114.738 E.006
G1 X101.226 Y114.738 E.26477
G1 E-1.75 F6000
;WIPE_START
G1 F3000
G1 X102.226 Y114.738 E-.75
;WIPE_END
G1 X110.413 Y113.731 F18000
G1 X110.837 Y113.632
G1 X111.24 Y113.468
G1 X111.613 Y113.242
G1 X111.945 Y112.962
G1 X118.774 Y105.253
G1 E2.5 F6000
G1 F3000
G1 X112.615 Y105.253 E.2637
G1 X112.709 Y105.312 E.00476
G1 X113.164 Y105.705 E.02574
G1 X118.569 Y105.705 E.23143
G1 X118.567 Y106.156 E.01934
G1 X113.569 Y106.156 E.21399
G1 X113.713 Y106.327 E.00955
G1 X113.883 Y106.608 E.01407
G1 X118.564 Y106.608 E.20043
G1 X118.562 Y107.06 E.01934
G1 X114.13 Y107.06 E.18972
G1 X114.317 Y107.511 E.02092
G1 X118.559 Y107.511 E.18162
G1 X118.556 Y107.963 E.01934
G1 X114.438 Y107.963 E.17633
G1 X114.517 Y108.3 E.01481
G1 X114.525 Y108.415 E.00493
G1 X118.554 Y108.415 E.17249
G1 X118.551 Y108.866 E.01934
G1 X114.558 Y108.866 E.17096
G1 X114.559 Y109.318 E.01934
G1 X118.549 Y109.318 E.17081
G1 X118.546 Y109.77 E.01934
G1 X114.557 Y109.77 E.17081
G1 X114.554 Y110.221 E.01934
G1 X118.543 Y110.221 E.17081
G1 X118.541 Y110.673 E.01934
G1 X114.552 Y110.673 E.17081
G1 X114.548 Y111.125 E.01934
G1 X118.538 Y111.125 E.17084
G1 X118.536 Y111.577 E.01934
G1 X114.51 Y111.577 E.17236
G1 X114.497 Y111.728 E.00649
G1 X114.423 Y112.028 E.01326
G1 X118.533 Y112.028 E.17597
G1 X118.531 Y112.48 E.01934
G1 X114.302 Y112.48 E.18104
G1 X114.112 Y112.932 E.02098
G1 X118.528 Y112.932 E.18907
G1 X118.525 Y113.383 E.01934
G1 X113.862 Y113.383 E.19967
G1 X113.671 Y113.691 E.01552
G1 X113.546 Y113.835 E.00813
G1 X118.523 Y113.835 E.21306
G1 X118.52 Y114.287 E.01934
G1 X113.139 Y114.287 E.2304
G1 X112.584 Y114.738 E.03065
G1 X118.518 Y114.738 E.25406
G1 X118.515 Y115.19 E.01934
G1 X111.738 Y115.19 E.29018
G1 X111.38 Y115.336 E.01655
G1 X110.682 Y115.499 E.03066
G1 X109.968 Y115.551 E.03066
G1 X109.255 Y115.491 E.03066
G1 X108.559 Y115.32 E.03066
G1 X108.251 Y115.19 E.01432
G1 X101.426 Y115.19 E.29224
G1 X101.423 Y115.642 E.01934
G1 X118.513 Y115.642 E.73169
G1 X118.51 Y116.093 E.01934
G1 X101.42 Y116.093 E.73169
G1 X101.418 Y116.545 E.01934
G1 X118.507 Y116.545 E.73169
G1 X118.505 Y116.997 E.01934
G1 X101.415 Y116.997 E.73169
G1 X101.413 Y117.448 E.01934
G1 X118.502 Y117.448 E.73169
G1 X118.5 Y117.9 E.01934
G1 X101.41 Y117.9 E.73169
G1 X101.407 Y118.352 E.01934
G1 X118.497 Y118.352 E.73169
G1 X118.494 Y118.803 E.01934
G1 X101.405 Y118.803 E.73169
G1 X101.402 Y119.255 E.01934
G1 X118.492 Y119.255 E.73169
G1 X118.489 Y119.707 E.01934
G1 X101.4 Y119.707 E.73169
G1 X101.397 Y120.158 E.01934
G1 X118.487 Y120.158 E.73169
G1 X118.484 Y120.61 E.01934
G1 X101.395 Y120.61 E.73169
G1 X101.392 Y121.062 E.01934
G1 X118.482 Y121.062 E.73169
G1 X118.479 Y121.513 E.01934
G1 X101.389 Y121.513 E.73169
G1 X101.387 Y121.965 E.01934
G1 X118.476 Y121.965 E.73169
G1 X118.474 Y122.417 E.01934
G1 X101.384 Y122.417 E.73169
G1 X101.382 Y122.868 E.01934
G1 X118.471 Y122.868 E.73169
G1 X118.469 Y123.32 E.01934
G1 X101.379 Y123.32 E.73169
G1 X101.376 Y123.772 E.01934
G1 X118.466 Y123.772 E.73169
G1 X118.463 Y124.224 E.01934
G1 X111.584 Y124.224 E.29455
G1 X111.484 Y124.181 E.00466
G1 X110.712 Y123.991 E.03401
G1 X109.92 Y123.924 E.03402
G1 X109.145 Y123.981 E.03327
G1 X108.36 Y124.161 E.03451
G1 X108.207 Y124.224 E.00707
G1 X101.374 Y124.224 E.29256
G1 X101.371 Y124.675 E.01934
G1 X107.268 Y124.675 E.25248
G1 X106.939 Y124.874 E.01648
G1 X106.64 Y125.127 E.01676
G1 X101.369 Y125.127 E.22568
G1 X101.366 Y125.579 E.01934
G1 X106.166 Y125.579 E.20551
G1 X105.786 Y126.03 E.02527
G1 X101.364 Y126.03 E.18935
G1 X101.361 Y126.482 E.01934
G1 X105.506 Y126.482 E.17746
G1 X105.393 Y126.663 E.00914
G1 X105.28 Y126.934 E.01255
G1 X101.358 Y126.934 E.16788
G1 X101.356 Y127.385 E.01934
G1 X105.089 Y127.385 E.15985
G1 X104.976 Y127.837 E.01993
G1 X101.353 Y127.837 E.15513
G1 X101.351 Y128.289 E.01934
G1 X104.885 Y128.289 E.15132
G1 X104.847 Y128.74 E.01941
G1 X101.348 Y128.74 E.1498
G1 X101.346 Y129.192 E.01934
G1 X104.835 Y129.192 E.1494
G1 X104.832 Y129.644 E.01934
G1 X101.343 Y129.644 E.1494
G1 X101.34 Y130.095 E.01934
G1 X104.83 Y130.095 E.1494
G1 X104.827 Y130.547 E.01934
G1 X101.338 Y130.547 E.1494
G1 X101.335 Y130.999 E.01934
G1 X104.825 Y130.999 E.1494
G1 X104.853 Y131.45 E.01938
G1 X101.333 Y131.45 E.15072
G1 X101.33 Y131.902 E.01934
G1 X104.91 Y131.902 E.15328
G1 X105.016 Y132.354 E.01986
G1 X101.327 Y132.354 E.15791
G1 X101.325 Y132.805 E.01934
G1 X105.17 Y132.805 E.16464
G1 X105.354 Y133.257 E.02088
G1 X101.322 Y133.257 E.17263
G1 X101.32 Y133.709 E.01934
G1 X105.627 Y133.709 E.18441
G1 X105.767 Y133.94 E.01159
G1 X105.953 Y134.16 E.01233
G1 X101.317 Y134.16 E.19847
G1 X101.315 Y134.612 E.01934
G1 X106.354 Y134.612 E.21578
G1 X106.877 Y135.064 E.02959
G1 X101.312 Y135.064 E.23828
G1 X101.309 Y135.515 E.01934
G1 X108.146 Y135.515 E.29273
G1 E-1.75 F6000
;WIPE_START
G1 F3000
G1 X107.146 Y135.515 E-.75
;WIPE_END
G1 X106.642 Y131.482 F18000
G1 X106.607 Y130.999
G1 X106.619 Y128.939
G1 X106.66 Y128.457
G1 X106.782 Y127.958
G1 X106.982 Y127.484
G1 X107.253 Y127.047
G1 X107.589 Y126.658
G1 X107.982 Y126.327
G1 X108.421 Y126.061
G1 X108.899 Y125.866
G1 X112.132 Y124.675
G1 E2.5 F6000
G1 F3000
G1 X118.461 Y124.675 E.27096
G1 X118.458 Y125.127 E.01934
G1 X113.144 Y125.127 E.22755
G1 X113.492 Y125.428 E.01971
G1 X113.619 Y125.579 E.00845
G1 X118.456 Y125.579 E.20707
G1 X118.453 Y126.03 E.01934
G1 X114.001 Y126.03 E.19063
G1 X114.275 Y126.482 E.02263
G1 X118.451 Y126.482 E.17878
G1 X118.448 Y126.934 E.01934
G1 X114.505 Y126.934 E.16882
G1 X114.689 Y127.385 E.02088
G1 X118.445 Y127.385 E.16083
G1 X118.443 Y127.837 E.01934
G1 X114.806 Y127.837 E.1557
G1 X114.902 Y128.289 E.01976
G1 X118.44 Y128.289 E.15151
G1 X118.438 Y128.74 E.01934
G1 X114.935 Y128.74 E.14999
G1 X114.946 Y129.192 E.01934
G1 X118.435 Y129.192 E.1494
G1 X118.433 Y129.644 E.01934
G1 X114.943 Y129.644 E.1494
G1 X114.941 Y130.095 E.01934
G1 X118.43 Y130.095 E.1494
G1 X118.427 Y130.547 E.01934
G1 X114.938 Y130.547 E.1494
G1 X114.935 Y130.999 E.01934
G1 X118.425 Y130.999 E.1494
G1 X118.422 Y131.45 E.01934
G1 X114.907 Y131.45 E.15052
G1 X114.853 Y131.902 E.01947
G1 X118.42 Y131.902 E.15269
G1 X118.417 Y132.354 E.01934
G1 X114.742 Y132.354 E.15734
G1 X114.687 Y132.58 E.00996
G1 X114.591 Y132.805 E.01049
G1 X118.414 Y132.805 E.16368
G1 X118.412 Y133.257 E.01934
G1 X114.401 Y133.257 E.17171
G1 X114.132 Y133.709 E.02252
G1 X118.409 Y133.709 E.18313
G1 X118.407 Y134.16 E.01934
G1 X113.81 Y134.16 E.19683
G1 X113.412 Y134.612 E.02577
G1 X118.404 Y134.612 E.21375
G1 X118.402 Y135.064 E.01934
G1 X112.877 Y135.064 E.23656
G1 X112.145 Y135.515 E.03682
G1 X118.399 Y135.515 E.26778
G1 X118.396 Y135.967 E.01934
G1 X101.307 Y135.967 E.73169
G1 X101.304 Y136.419 E.01934
G1 X118.394 Y136.419 E.73169
G1 X118.391 Y136.87 E.01934
G1 X101.302 Y136.87 E.73169
G1 X101.299 Y137.322 E.01934
G1 X118.389 Y137.322 E.73169
G1 X118.386 Y137.774 E.01934
G1 X101.297 Y137.774 E.73169
G1 X101.294 Y138.226 E.01934
G1 X118.384 Y138.226 E.73169
G1 X118.381 Y138.677 E.01934
G1 X101.291 Y138.677 E.73169
G1 X101.289 Y139.129 E.01934
G1 X118.378 Y139.129 E.73169
G1 X118.376 Y139.581 E.01934
G1 X101.084 Y139.581 E.74033
G1 E-1.75 F6000
;WIPE_START
G1 F3000
G1 X102.084 Y139.581 E-.75
;WIPE_END
G1 X108.348 Y135.718 F18000
G1 E2.5 F6000
;TYPE:Gap infill
;WIDTH:0.106203
G1 F3000
G1 X108.146 Y135.686 E.00106
G1 E-2.0925 F6000
;WIPE_START
G1 F3000
G1 X108.348 Y135.718 E-.4075
;WIPE_END
G1 X111.934 Y135.616 F18000
G1 E2.5 F6000
;WIDTH:0.242526
G1 F3000
G1 X111.802 Y135.642 E.00244
;WIDTH:0.203326
G1 X111.669 Y135.668 E.00194
;WIDTH:0.164126
G1 X111.537 Y135.694 E.00144
;WIDTH:0.144525
G1 X111.404 Y135.72 E.00119
G1 E-2.22999 F6000
;WIPE_START
G1 F3000
G1 X111.537 Y135.694 E-.27001
;WIPE_END
G1 X108.377 Y133.897 F18000
G1 X107.94 Y133.626
G1 X107.551 Y133.29
G1 X107.219 Y132.898
G1 X106.953 Y132.458
G1 X106.759 Y131.982
G1 X106.642 Y131.482
G1 X106.607 Y130.999
G1 X106.619 Y128.939
G1 X106.66 Y128.457
G1 X106.782 Y127.958
G1 X107.839 Y124.471
G1 E2.5 F6000
;WIDTH:0.121558
G1 F3000
G1 X107.743 Y124.49 E.00065
;WIDTH:0.158961
G1 X107.468 Y124.551 E.00287
G1 E-1.9373 F6000
;WIPE_START
G1 F3000
G1 X107.743 Y124.49 E-.5627
;WIPE_END
G1 X107.221 Y111.002 F18000
G1 X107.233 Y108.942
G1 X107.267 Y108.538
G1 X107.371 Y108.115
G1 X112.074 Y94.536
G1 E2.5 F6000
;WIDTH:0.178532
G1 F3000
G1 X111.906 Y94.576 E.00208
;WIDTH:0.158456
G1 X111.802 Y94.597 E.00107
;WIDTH:0.140745
G1 X111.699 Y94.617 E.00089
G1 E-2.28893 F6000
;WIPE_START
G1 F3000
G1 X111.802 Y94.597 E-.21107
;WIPE_END
G1 X112.354 Y91.357 F18000
G1 X112.381 Y91.032
G1 X112.393 Y88.971
G1 X112.369 Y88.645
G1 X112.288 Y88.298
G1 X111.467 Y85.215
G1 E2.5 F6000
;WIDTH:0.143158
G1 F3000
G1 X111.214 Y85.177 E.00222
G1 E-1.98896 F6000
;WIPE_START
G1 F3000
G1 X111.467 Y85.215 E-.51104
;WIPE_END
G1 X109.013 Y85.177 F18000
G1 E2.5 F6000
;WIDTH:0.113543
G1 F3000
G1 X108.912 Y85.189 E.0006
;WIDTH:0.145089
G1 X108.764 Y85.218 E.00135
;WIDTH:0.190182
G1 X108.615 Y85.247 E.00199
;WIDTH:0.212729
G1 X108.466 Y85.276 E.00232
; stop printing object pigtail_slot_coupon.stl id:2099807082496 copy 0
;LAYER_CHANGE
;Z:0.4
;HEIGHT:0.16
G92 E0 ; zero the extruded length again
; BEFORE_LAYER_CHANGE 1 @ 0.4mm
G1 E-2.19656 F6000
;WIPE_START
G1 F3000
G1 X108.615 Y85.247 E-.30344
;WIPE_END
; AFTER_LAYER_CHANGE 1 @ 0.4mm
;_SET_FAN_SPEED_CHANGING_LAYER
M204 P2000
M104 S230 ; set nozzle temperature
; printing object pigtail_slot_coupon.stl id:2099807082496 copy 0
G1 X107.924 Y88.627 Z.6 F18000
G1 X107.897 Y88.947
G1 X107.885 Y91.004
G1 X107.908 Y91.324
G1 X107.988 Y91.664
G1 X108.12 Y91.987
G1 X108.3 Y92.286
G1 X108.526 Y92.553
G1 X108.79 Y92.782
G1 X109.087 Y92.966
G1 X120.204 Y140.238
G1 X120.197 Y141.423
G1 X120.197 Y141.423
G1 X120.608 Y141.839
G1 Z.4
G1 E2.5 F6000
M204 P1000
;TYPE:Outer wall
;WIDTH:0.42
G1 F3600
G1 X99.029 Y141.716 E.52594
G1 X99.37 Y82.014 E1.45507
G1 X103.269 Y78.159 E.13363
G1 X119.741 Y78.253 E.40148
G1 X120.971 Y78.26 E.02998
G1 X120.609 Y141.779 E1.54809
G1 X120.197 Y141.423 F18000
G1 X120.21 Y141.436
M204 P1500
;TYPE:Inner wall
;WIDTH:0.45
G1 F6000
G1 X99.432 Y141.317 E.54581
G1 X99.769 Y82.182 E1.55337
G1 X103.432 Y78.561 E.1353
G1 X119.739 Y78.654 E.42835
G1 X120.568 Y78.658 E.02178
G1 X120.21 Y141.376 E1.64747
G1 X119.797 Y141.018 F18000
G1 F6000
G1 X99.85 Y140.904 E.52397
G1 X100.184 Y82.357 E1.53793
G1 X103.602 Y78.977 E.12626
G1 X119.737 Y79.069 E.42382
G1 X120.15 Y79.072 E.01087
G1 X119.797 Y140.958 E1.62563
G1 X119.383 Y140.6 F18000
G1 F6000
G1 X100.268 Y140.491 E.50213
G1 X100.599 Y82.531 E1.52249
G1 X103.772 Y79.394 E.11721
G1 X119.732 Y79.485 E.41925
G1 X119.384 Y140.54 E1.60379
G1 X118.97 Y140.182 F18000
G1 F6000
G1 X100.686 Y140.078 E.48029
G1 X101.013 Y82.706 E1.50705
G1 X103.942 Y79.811 E.10817
G1 X119.314 Y79.898 E.40381
G1 X118.97 Y140.122 E1.58196
G1 E-1.75
;WIPE_START
G1 X117.97 Y140.12 E-.75
;WIPE_END
G1 X114.882 Y137.878 Z.6 F18000
G1 X109.829 Y134.211 Z.6
G1 X109.864 Y133.799
G1 Z.4
G1 E2.5 F6000
M204 P1000
;TYPE:Outer wall
;WIDTH:0.42
G1 F3600
G1 X110.304 Y133.766 E.01075
G1 X110.733 Y133.666 E.01075
G1 X111.142 Y133.499 E.01075
G1 X111.519 Y133.271 E.01075
G1 X111.856 Y132.987 E.01075
G1 X112.145 Y132.653 E.01075
G1 X112.377 Y132.278 E.01075
G1 X112.548 Y131.871 E.01075
G1 X112.654 Y131.443 E.01075
G1 X112.69 Y131.016 E.01045
G1 X112.702 Y128.992 E.04934
G1 X112.67 Y128.564 E.01045
G1 X112.57 Y128.134 E.01075
G1 X112.403 Y127.726 E.01075
G1 X112.175 Y127.348 E.01075
G1 X111.89 Y127.011 E.01075
G1 X111.557 Y126.723 E.01075
G1 X111.182 Y126.49 E.01075
G1 X110.775 Y126.319 E.01075
G1 X110.347 Y126.214 E.01075
G1 X109.908 Y126.177 E.01075
G1 X109.508 Y126.206 E.00976
G1 X109.039 Y126.309 E.0117
G1 X108.63 Y126.476 E.01079
G1 X108.252 Y126.704 E.01075
G1 X107.915 Y126.989 E.01075
G1 X107.627 Y127.322 E.01075
G1 X107.394 Y127.697 E.01075
G1 X107.223 Y128.104 E.01075
G1 X107.118 Y128.532 E.01075
G1 X107.082 Y128.959 E.01045
G1 X107.07 Y130.984 E.04934
G1 X107.101 Y131.412 E.01045
G1 X107.202 Y131.841 E.01075
G1 X107.368 Y132.249 E.01075
G1 X107.597 Y132.627 E.01075
G1 X107.881 Y132.964 E.01075
G1 X108.215 Y133.252 E.01075
G1 X108.59 Y133.485 E.01075
G1 X108.996 Y133.656 E.01075
G1 X109.424 Y133.761 E.01075
G1 X109.804 Y133.793 E.00929
G1 X109.769 Y134.206 F18000
G1 X109.862 Y134.213
G1 X109.891 Y134.211
G1 X109.89 Y134.198
M204 P1500
;TYPE:Inner wall
;WIDTH:0.45
G1 F6000
G1 X110.365 Y134.164 E.0125
G1 X110.855 Y134.049 E.01324
G1 X111.322 Y133.859 E.01324
G1 X111.754 Y133.598 E.01324
G1 X112.139 Y133.272 E.01324
G1 X112.469 Y132.891 E.01324
G1 X112.734 Y132.463 E.01324
G1 X112.93 Y131.998 E.01324
G1 X113.05 Y131.508 E.01324
G1 X113.091 Y131.034 E.01251
G1 X113.102 Y128.978 E.054
G1 X113.068 Y128.503 E.01251
G1 X112.953 Y128.012 E.01324
G1 X112.762 Y127.545 E.01324
G1 X112.501 Y127.114 E.01324
G1 X112.176 Y126.729 E.01324
G1 X111.795 Y126.399 E.01324
G1 X111.366 Y126.133 E.01324
G1 X110.902 Y125.938 E.01324
G1 X110.412 Y125.817 E.01324
G1 X109.91 Y125.775 E.01324
G1 X109.45 Y125.808 E.0121
G1 X108.92 Y125.925 E.01426
G1 X108.449 Y126.117 E.01335
G1 X108.018 Y126.378 E.01324
G1 X107.633 Y126.703 E.01324
G1 X107.303 Y127.084 E.01324
G1 X107.037 Y127.513 E.01324
G1 X106.842 Y127.977 E.01324
G1 X106.721 Y128.467 E.01324
G1 X106.681 Y128.941 E.01251
G1 X106.669 Y130.997 E.054
G1 X106.704 Y131.472 E.01251
G1 X106.819 Y131.963 E.01324
G1 X107.009 Y132.43 E.01324
G1 X107.27 Y132.861 E.01324
G1 X107.595 Y133.247 E.01324
G1 X107.977 Y133.576 E.01324
G1 X108.405 Y133.842 E.01324
G1 X108.87 Y134.037 E.01324
G1 X109.359 Y134.158 E.01324
G1 X109.83 Y134.198 E.01241
G1 X109.802 Y134.613 F18000
G1 F6000
G1 X109.859 Y134.617 E.0015
G1 X110.427 Y134.576 E.01496
G1 X110.982 Y134.446 E.01496
G1 X111.509 Y134.231 E.01496
G1 X111.997 Y133.936 E.01496
G1 X112.432 Y133.569 E.01496
G1 X112.804 Y133.138 E.01496
G1 X113.105 Y132.654 E.01496
G1 X113.326 Y132.129 E.01496
G1 X113.462 Y131.576 E.01496
G1 X113.506 Y131.053 E.0138
G1 X113.518 Y128.964 E.05486
G1 X113.48 Y128.44 E.0138
G1 X113.35 Y127.886 E.01496
G1 X113.135 Y127.358 E.01496
G1 X112.84 Y126.871 E.01496
G1 X112.473 Y126.436 E.01496
G1 X112.042 Y126.063 E.01496
G1 X111.558 Y125.763 E.01496
G1 X111.033 Y125.542 E.01496
G1 X110.48 Y125.406 E.01496
G1 X109.912 Y125.358 E.01496
G1 X109.39 Y125.396 E.01375
G1 X108.796 Y125.527 E.01598
G1 X108.262 Y125.744 E.01515
G1 X107.775 Y126.039 E.01496
G1 X107.34 Y126.406 E.01496
G1 X106.967 Y126.837 E.01496
G1 X106.667 Y127.321 E.01496
G1 X106.446 Y127.846 E.01496
G1 X106.31 Y128.399 E.01496
G1 X106.265 Y128.923 E.0138
G1 X106.254 Y131.011 E.05486
G1 X106.292 Y131.535 E.0138
G1 X106.422 Y132.089 E.01496
G1 X106.637 Y132.617 E.01496
G1 X106.931 Y133.104 E.01496
G1 X107.299 Y133.54 E.01496
G1 X107.73 Y133.912 E.01496
G1 X108.214 Y134.212 E.01496
G1 X108.739 Y134.433 E.01496
G1 X109.292 Y134.569 E.01496
G1 X109.742 Y134.607 E.01188
G1 X109.943 Y135.028 F18000
G1 F6000
G1 X110.49 Y134.988 E.01441
G1 X111.109 Y134.843 E.01668
G1 X111.697 Y134.604 E.01668
G1 X112.24 Y134.275 E.01668
G1 X112.725 Y133.866 E.01668
G1 X113.14 Y133.385 E.01668
G1 X113.475 Y132.845 E.01668
G1 X113.722 Y132.26 E.01668
G1 X113.873 Y131.644 E.01668
G1 X113.922 Y131.071 E.01508
G1 X113.934 Y128.95 E.05572
G1 X113.892 Y128.377 E.01509
G1 X113.747 Y127.759 E.01668
G1 X113.508 Y127.171 E.01668
G1 X113.179 Y126.628 E.01668
G1 X112.769 Y126.142 E.01668
G1 X112.289 Y125.727 E.01668
G1 X111.749 Y125.393 E.01668
G1 X111.164 Y125.146 E.01668
G1 X110.547 Y124.994 E.01668
G1 X109.915 Y124.941 E.01668
G1 X109.33 Y124.984 E.01539
G1 X108.672 Y125.128 E.0177
G1 X108.075 Y125.372 E.01694
G1 X107.532 Y125.7 E.01668
G1 X107.046 Y126.11 E.01668
G1 X106.631 Y126.59 E.01668
G1 X106.296 Y127.13 E.01668
G1 X106.05 Y127.715 E.01668
G1 X105.898 Y128.332 E.01668
G1 X105.85 Y128.904 E.01508
G1 X105.838 Y131.025 E.05572
G1 X105.88 Y131.598 E.01509
G1 X106.024 Y132.216 E.01668
G1 X106.264 Y132.804 E.01668
G1 X106.593 Y133.348 E.01668
G1 X107.002 Y133.833 E.01668
G1 X107.483 Y134.248 E.01668
G1 X108.022 Y134.583 E.01668
G1 X108.608 Y134.829 E.01668
G1 X109.224 Y134.981 E.01668
G1 X109.857 Y135.034 E.01668
G1 X109.883 Y135.032 E.00069
G1 X109.97 Y135.443 F18000
G1 F6000
G1 X110.553 Y135.4 E.01537
G1 X111.235 Y135.241 E.0184
G1 X111.884 Y134.976 E.0184
G1 X112.483 Y134.614 E.0184
G1 X113.018 Y134.162 E.0184
G1 X113.476 Y133.632 E.0184
G1 X113.846 Y133.037 E.0184
G1 X114.117 Y132.391 E.0184
G1 X114.285 Y131.711 E.0184
G1 X114.337 Y131.09 E.01637
G1 X114.35 Y128.936 E.05657
G1 X114.304 Y128.315 E.01637
G1 X114.145 Y127.633 E.01839
G1 X113.88 Y126.984 E.0184
G1 X113.518 Y126.385 E.0184
G1 X113.066 Y125.849 E.0184
G1 X112.536 Y125.392 E.01839
G1 X111.941 Y125.022 E.0184
G1 X111.295 Y124.75 E.0184
G1 X110.615 Y124.583 E.01839
G1 X109.917 Y124.524 E.0184
G1 X109.27 Y124.571 E.01703
G1 X108.548 Y124.73 E.01942
G1 X107.888 Y124.999 E.01874
G1 X107.289 Y125.362 E.0184
G1 X106.753 Y125.813 E.0184
G1 X106.295 Y126.343 E.0184
G1 X105.926 Y126.939 E.0184
G1 X105.654 Y127.584 E.0184
G1 X105.487 Y128.264 E.0184
G1 X105.434 Y128.885 E.01637
G1 X105.422 Y131.039 E.05657
G1 X105.467 Y131.661 E.01637
G1 X105.627 Y132.343 E.01839
G1 X105.891 Y132.991 E.0184
G1 X106.254 Y133.591 E.0184
G1 X106.706 Y134.126 E.0184
G1 X107.236 Y134.584 E.0184
G1 X107.831 Y134.953 E.0184
G1 X108.477 Y135.225 E.0184
G1 X109.157 Y135.392 E.01839
G1 X109.855 Y135.451 E.0184
G1 X109.91 Y135.447 E.00146
G1 E-1.75
;WIPE_START
G1 X110.553 Y135.4 E-.4838
G1 X110.899 Y135.319 E-.2662
;WIPE_END
G1 X112.479 Y132.899 Z.6 F18000
G1 X112.746 Y132.469
G1 X112.942 Y132.002
G1 X113.063 Y131.51
G1 X113.103 Y131.034
G1 X113.115 Y128.978
G1 X112.729 Y108.975
G1 X112.7 Y108.577
G1 X112.603 Y108.16
G1 X112.441 Y107.764
G1 X112.22 Y107.398
G1 X111.944 Y107.072
G1 X111.62 Y106.792
G1 X111.257 Y106.566
G1 X110.863 Y106.4
G1 X110.447 Y106.298
G1 X110.352 Y106.29
G1 X110.063 Y93.211
G1 X110.098 Y92.799
G1 Z.4
G1 E2.5 F6000
M204 P1000
;TYPE:Outer wall
;WIDTH:0.42
G1 F3600
G1 X110.382 Y92.778 E.00693
G1 X110.658 Y92.714 E.00693
G1 X110.921 Y92.606 E.00693
G1 X111.165 Y92.459 E.00692
G1 X111.382 Y92.276 E.00692
G1 X111.568 Y92.061 E.00693
G1 X111.717 Y91.82 E.00693
G1 X111.828 Y91.558 E.00693
G1 X111.896 Y91.282 E.00692
G1 X111.918 Y91.011 E.00663
G1 X111.93 Y88.986 E.04934
G1 X111.91 Y88.715 E.00663
G1 X111.845 Y88.439 E.00692
G1 X111.738 Y88.175 E.00693
G1 X111.591 Y87.932 E.00693
G1 X111.408 Y87.715 E.00693
G1 X111.193 Y87.529 E.00692
G1 X110.951 Y87.379 E.00692
G1 X110.689 Y87.269 E.00693
G1 X110.413 Y87.201 E.00693
G1 X110.13 Y87.177 E.00693
G1 X109.875 Y87.196 E.00624
G1 X109.572 Y87.262 E.00757
G1 X109.307 Y87.37 E.00697
G1 X109.064 Y87.517 E.00692
G1 X108.847 Y87.7 E.00692
G1 X108.661 Y87.915 E.00693
G1 X108.511 Y88.157 E.00693
G1 X108.401 Y88.419 E.00693
G1 X108.333 Y88.695 E.00692
G1 X108.31 Y88.966 E.00663
G1 X108.298 Y90.99 E.04934
G1 X108.318 Y91.261 E.00663
G1 X108.383 Y91.538 E.00692
G1 X108.49 Y91.801 E.00693
G1 X108.637 Y92.044 E.00693
G1 X108.821 Y92.262 E.00693
G1 X109.036 Y92.447 E.00692
G1 X109.277 Y92.597 E.00692
G1 X109.539 Y92.707 E.00693
G1 X109.815 Y92.775 E.00693
G1 X110.038 Y92.794 E.00546
G1 X110.003 Y93.206 F18000
G1 X110.067 Y93.212
G1 X110.068 Y93.199
M204 P1500
;TYPE:Inner wall
;WIDTH:0.45
G1 F6000
G1 X110.096 Y93.201 E.00074
G1 X110.442 Y93.176 E.00912
G1 X110.78 Y93.097 E.00912
G1 X111.102 Y92.966 E.00912
G1 X111.399 Y92.786 E.00912
G1 X111.664 Y92.562 E.00912
G1 X111.891 Y92.299 E.00912
G1 X112.074 Y92.004 E.00912
G1 X112.209 Y91.684 E.00912
G1 X112.292 Y91.347 E.00912
G1 X112.319 Y91.029 E.00839
G1 X112.331 Y88.973 E.054
G1 X112.307 Y88.655 E.00839
G1 X112.228 Y88.317 E.00912
G1 X112.097 Y87.995 E.00912
G1 X111.918 Y87.698 E.00912
G1 X111.694 Y87.432 E.00912
G1 X111.431 Y87.206 E.00912
G1 X111.136 Y87.022 E.00912
G1 X110.816 Y86.888 E.00912
G1 X110.479 Y86.805 E.00912
G1 X110.133 Y86.775 E.00912
G1 X109.817 Y86.799 E.0083
G1 X109.452 Y86.878 E.00981
G1 X109.127 Y87.011 E.00925
G1 X108.83 Y87.191 E.00912
G1 X108.564 Y87.415 E.00912
G1 X108.337 Y87.677 E.00912
G1 X108.154 Y87.972 E.00912
G1 X108.019 Y88.293 E.00912
G1 X107.936 Y88.63 E.00912
G1 X107.909 Y88.948 E.00839
G1 X107.898 Y91.004 E.054
G1 X107.921 Y91.322 E.00839
G1 X108 Y91.66 E.00912
G1 X108.131 Y91.982 E.00912
G1 X108.311 Y92.279 E.00912
G1 X108.535 Y92.544 E.00912
G1 X108.798 Y92.771 E.00912
G1 X109.093 Y92.954 E.00912
G1 X109.413 Y93.089 E.00912
G1 X109.75 Y93.172 E.00912
G1 X110.008 Y93.194 E.0068
G1 X110.151 Y93.614 F18000
G1 F6000
G1 X110.505 Y93.588 E.00933
G1 X110.907 Y93.494 E.01084
G1 X111.289 Y93.338 E.01084
G1 X111.642 Y93.125 E.01084
G1 X111.957 Y92.859 E.01084
G1 X112.227 Y92.546 E.01084
G1 X112.445 Y92.196 E.01084
G1 X112.605 Y91.815 E.01084
G1 X112.704 Y91.415 E.01084
G1 X112.735 Y91.048 E.00968
G1 X112.746 Y88.959 E.05486
G1 X112.72 Y88.592 E.00968
G1 X112.626 Y88.19 E.01084
G1 X112.47 Y87.808 E.01084
G1 X112.256 Y87.455 E.01084
G1 X111.99 Y87.139 E.01084
G1 X111.678 Y86.87 E.01084
G1 X111.327 Y86.652 E.01084
G1 X110.947 Y86.492 E.01084
G1 X110.546 Y86.393 E.01084
G1 X110.135 Y86.359 E.01084
G1 X109.758 Y86.386 E.00993
G1 X109.329 Y86.48 E.01153
G1 X108.939 Y86.638 E.01105
G1 X108.586 Y86.852 E.01084
G1 X108.271 Y87.118 E.01084
G1 X108.001 Y87.43 E.01084
G1 X107.784 Y87.781 E.01084
G1 X107.624 Y88.161 E.01084
G1 X107.525 Y88.562 E.01084
G1 X107.494 Y88.929 E.00968
G1 X107.482 Y91.018 E.05486
G1 X107.509 Y91.385 E.00968
G1 X107.603 Y91.787 E.01084
G1 X107.759 Y92.169 E.01084
G1 X107.972 Y92.522 E.01084
G1 X108.238 Y92.837 E.01084
G1 X108.551 Y93.107 E.01084
G1 X108.901 Y93.325 E.01084
G1 X109.282 Y93.485 E.01084
G1 X109.682 Y93.583 E.01084
G1 X110.091 Y93.618 E.01077
G1 X110.177 Y94.029 F18000
G1 F6000
G1 X110.568 Y94 E.01029
G1 X111.033 Y93.891 E.01256
G1 X111.476 Y93.711 E.01256
G1 X111.885 Y93.463 E.01255
G1 X112.25 Y93.155 E.01256
G1 X112.563 Y92.793 E.01256
G1 X112.815 Y92.387 E.01256
G1 X113.001 Y91.946 E.01256
G1 X113.115 Y91.482 E.01256
G1 X113.15 Y91.066 E.01096
G1 X113.162 Y88.945 E.05572
G1 X113.132 Y88.529 E.01097
G1 X113.023 Y88.063 E.01256
G1 X112.843 Y87.621 E.01256
G1 X112.595 Y87.212 E.01256
G1 X112.287 Y86.846 E.01256
G1 X111.925 Y86.534 E.01256
G1 X111.519 Y86.282 E.01255
G1 X111.078 Y86.096 E.01256
G1 X110.614 Y85.982 E.01256
G1 X110.137 Y85.942 E.01256
G1 X109.698 Y85.974 E.01157
G1 X109.205 Y86.081 E.01325
G1 X108.752 Y86.266 E.01285
G1 X108.343 Y86.513 E.01255
G1 X107.978 Y86.822 E.01256
G1 X107.665 Y87.183 E.01256
G1 X107.413 Y87.59 E.01256
G1 X107.228 Y88.03 E.01256
G1 X107.113 Y88.494 E.01256
G1 X107.078 Y88.91 E.01096
G1 X107.066 Y91.031 E.05572
G1 X107.097 Y91.448 E.01097
G1 X107.206 Y91.913 E.01256
G1 X107.386 Y92.356 E.01256
G1 X107.633 Y92.765 E.01256
G1 X107.942 Y93.13 E.01256
G1 X108.304 Y93.443 E.01256
G1 X108.71 Y93.695 E.01255
G1 X109.151 Y93.881 E.01256
G1 X109.615 Y93.995 E.01256
G1 X110.091 Y94.035 E.01256
G1 X110.117 Y94.033 E.00069
G1 X109.974 Y94.442 F18000
G1 F6000
G1 X110.089 Y94.452 E.00303
G1 X110.631 Y94.412 E.01428
G1 X111.16 Y94.289 E.01427
G1 X111.663 Y94.083 E.01428
G1 X112.128 Y93.802 E.01427
G1 X112.544 Y93.452 E.01428
G1 X112.899 Y93.04 E.01428
G1 X113.186 Y92.578 E.01428
G1 X113.397 Y92.077 E.01428
G1 X113.526 Y91.55 E.01427
G1 X113.566 Y91.085 E.01225
G1 X113.578 Y88.931 E.05657
G1 X113.544 Y88.466 E.01225
G1 X113.42 Y87.937 E.01427
G1 X113.215 Y87.434 E.01427
G1 X112.934 Y86.968 E.01428
G1 X112.583 Y86.553 E.01428
G1 X112.172 Y86.198 E.01428
G1 X111.71 Y85.911 E.01427
G1 X111.209 Y85.7 E.01428
G1 X110.681 Y85.57 E.01428
G1 X110.14 Y85.525 E.01428
G1 X109.638 Y85.561 E.01321
G1 X109.082 Y85.683 E.01497
G1 X108.565 Y85.893 E.01465
G1 X108.1 Y86.174 E.01427
G1 X107.685 Y86.525 E.01428
G1 X107.329 Y86.936 E.01428
G1 X107.043 Y87.398 E.01428
G1 X106.832 Y87.899 E.01428
G1 X106.702 Y88.427 E.01427
G1 X106.663 Y88.892 E.01225
G1 X106.65 Y91.045 E.05657
G1 X106.684 Y91.511 E.01225
G1 X106.808 Y92.04 E.01427
G1 X107.013 Y92.543 E.01427
G1 X107.295 Y93.008 E.01428
G1 X107.645 Y93.424 E.01428
G1 X108.057 Y93.779 E.01428
G1 X108.518 Y94.065 E.01427
G1 X109.019 Y94.276 E.01428
G1 X109.547 Y94.406 E.01428
G1 X109.914 Y94.437 E.00967
G1 E-1.75
;WIPE_START
G1 X110.089 Y94.452 E-.13159
G1 X110.631 Y94.412 E-.40761
G1 X110.904 Y94.348 E-.2108
;WIPE_END
G1 X111.382 Y98.135 Z.6 F18000
G1 X112.7 Y108.577 Z.6
G1 X112.729 Y108.975
G1 X112.718 Y111.032
G1 X112.684 Y111.43
G1 X112.582 Y111.845
G1 X112.416 Y112.239
G1 X112.19 Y112.603
G1 X111.911 Y112.926
G1 X111.584 Y113.202
G1 X111.218 Y113.424
G1 X110.822 Y113.585
G1 X110.405 Y113.683
G1 X110.011 Y113.711
G1 X109.981 Y113.299
G1 Z.4
G1 E2.5 F6000
M204 P1000
;TYPE:Outer wall
;WIDTH:0.42
G1 F3600
G1 X110.343 Y113.272 E.00884
G1 X110.696 Y113.19 E.00884
G1 X111.032 Y113.053 E.00884
G1 X111.342 Y112.865 E.00884
G1 X111.619 Y112.631 E.00884
G1 X111.856 Y112.357 E.00884
G1 X112.047 Y112.049 E.00884
G1 X112.188 Y111.715 E.00884
G1 X112.275 Y111.362 E.00884
G1 X112.304 Y111.013 E.00854
G1 X112.316 Y108.989 E.04934
G1 X112.29 Y108.64 E.00854
G1 X112.208 Y108.286 E.00884
G1 X112.071 Y107.951 E.00884
G1 X111.883 Y107.64 E.00884
G1 X111.649 Y107.363 E.00884
G1 X111.375 Y107.126 E.00884
G1 X111.096 Y106.953 E.008
G1 X110.734 Y106.795 E.00963
G1 X110.38 Y106.708 E.00887
G1 X110.019 Y106.677 E.00884
G1 X109.692 Y106.701 E.008
G1 X109.306 Y106.786 E.00963
G1 X108.968 Y106.923 E.00887
G1 X108.658 Y107.111 E.00884
G1 X108.381 Y107.345 E.00884
G1 X108.144 Y107.619 E.00884
G1 X107.953 Y107.927 E.00884
G1 X107.812 Y108.261 E.00884
G1 X107.725 Y108.613 E.00884
G1 X107.696 Y108.963 E.00854
G1 X107.684 Y110.987 E.04934
G1 X107.71 Y111.336 E.00854
G1 X107.792 Y111.69 E.00884
G1 X107.929 Y112.025 E.00884
G1 X108.117 Y112.336 E.00884
G1 X108.351 Y112.613 E.00884
G1 X108.625 Y112.85 E.00884
G1 X108.933 Y113.041 E.00884
G1 X109.268 Y113.182 E.00884
G1 X109.62 Y113.268 E.00884
G1 X109.921 Y113.294 E.00738
G1 X109.886 Y113.706 F18000
G1 X109.979 Y113.714
G1 X110.008 Y113.712
G1 X110.007 Y113.699
M204 P1500
;TYPE:Inner wall
;WIDTH:0.45
G1 F6000
G1 X110.403 Y113.67 E.01044
G1 X110.818 Y113.573 E.01118
G1 X111.212 Y113.412 E.01118
G1 X111.576 Y113.192 E.01118
G1 X111.902 Y112.917 E.01118
G1 X112.18 Y112.595 E.01118
G1 X112.404 Y112.233 E.01118
G1 X112.57 Y111.841 E.01118
G1 X112.671 Y111.428 E.01118
G1 X112.705 Y111.031 E.01045
G1 X112.716 Y108.976 E.054
G1 X112.688 Y108.579 E.01045
G1 X112.591 Y108.164 E.01118
G1 X112.43 Y107.77 E.01118
G1 X112.21 Y107.406 E.01118
G1 X111.935 Y107.081 E.01118
G1 X111.613 Y106.802 E.01118
G1 X111.283 Y106.598 E.0102
G1 X110.863 Y106.414 E.01204
G1 X110.445 Y106.311 E.0113
G1 X110.021 Y106.275 E.01118
G1 X109.634 Y106.303 E.0102
G1 X109.186 Y106.402 E.01204
G1 X108.788 Y106.564 E.0113
G1 X108.424 Y106.784 E.01118
G1 X108.098 Y107.059 E.01118
G1 X107.82 Y107.381 E.01118
G1 X107.596 Y107.743 E.01118
G1 X107.43 Y108.135 E.01118
G1 X107.329 Y108.548 E.01118
G1 X107.295 Y108.945 E.01045
G1 X107.284 Y111 E.054
G1 X107.312 Y111.397 E.01045
G1 X107.409 Y111.812 E.01118
G1 X107.57 Y112.206 E.01118
G1 X107.79 Y112.57 E.01118
G1 X108.065 Y112.895 E.01118
G1 X108.387 Y113.174 E.01118
G1 X108.749 Y113.398 E.01118
G1 X109.141 Y113.563 E.01118
G1 X109.555 Y113.665 E.01118
G1 X109.947 Y113.698 E.01035
G1 X110.033 Y114.114 F18000
G1 F6000
G1 X110.466 Y114.082 E.0114
G1 X110.944 Y113.97 E.0129
G1 X111.399 Y113.785 E.0129
G1 X111.819 Y113.53 E.0129
G1 X112.195 Y113.214 E.0129
G1 X112.516 Y112.842 E.0129
G1 X112.775 Y112.425 E.0129
G1 X112.965 Y111.972 E.0129
G1 X113.083 Y111.495 E.0129
G1 X113.12 Y111.05 E.01173
G1 X113.132 Y108.962 E.05486
G1 X113.1 Y108.516 E.01174
G1 X112.988 Y108.038 E.0129
G1 X112.802 Y107.583 E.0129
G1 X112.548 Y107.163 E.0129
G1 X112.231 Y106.788 E.0129
G1 X111.86 Y106.466 E.0129
G1 X111.477 Y106.229 E.01184
G1 X110.997 Y106.019 E.01376
G1 X110.513 Y105.9 E.01309
G1 X110.024 Y105.858 E.0129
G1 X109.574 Y105.891 E.01184
G1 X109.062 Y106.003 E.01376
G1 X108.601 Y106.191 E.01309
G1 X108.181 Y106.445 E.0129
G1 X107.805 Y106.762 E.0129
G1 X107.484 Y107.134 E.0129
G1 X107.225 Y107.551 E.0129
G1 X107.035 Y108.004 E.0129
G1 X106.917 Y108.481 E.0129
G1 X106.88 Y108.926 E.01173
G1 X106.868 Y111.014 E.05486
G1 X106.9 Y111.46 E.01174
G1 X107.012 Y111.938 E.0129
G1 X107.198 Y112.393 E.0129
G1 X107.452 Y112.813 E.0129
G1 X107.769 Y113.188 E.0129
G1 X108.14 Y113.509 E.0129
G1 X108.557 Y113.768 E.0129
G1 X109.01 Y113.959 E.0129
G1 X109.487 Y114.076 E.0129
G1 X109.974 Y114.117 E.01283
G1 X110.06 Y114.528 F18000
G1 F6000
G1 X110.529 Y114.494 E.01235
G1 X111.071 Y114.367 E.01462
G1 X111.586 Y114.157 E.01462
G1 X112.063 Y113.869 E.01462
G1 X112.488 Y113.51 E.01462
G1 X112.852 Y113.089 E.01462
G1 X113.145 Y112.616 E.01462
G1 X113.361 Y112.103 E.01462
G1 X113.494 Y111.563 E.01462
G1 X113.536 Y111.069 E.01302
G1 X113.548 Y108.948 E.05572
G1 X113.512 Y108.453 E.01302
G1 X113.385 Y107.911 E.01462
G1 X113.175 Y107.396 E.01462
G1 X112.887 Y106.92 E.01462
G1 X112.528 Y106.494 E.01462
G1 X112.107 Y106.131 E.01462
G1 X111.671 Y105.86 E.01348
G1 X111.131 Y105.624 E.01548
G1 X110.581 Y105.488 E.01489
G1 X110.026 Y105.441 E.01462
G1 X109.514 Y105.479 E.01348
G1 X108.939 Y105.605 E.01548
G1 X108.414 Y105.819 E.01489
G1 X107.937 Y106.107 E.01462
G1 X107.512 Y106.466 E.01462
G1 X107.148 Y106.887 E.01462
G1 X106.855 Y107.36 E.01462
G1 X106.639 Y107.873 E.01462
G1 X106.506 Y108.413 E.01462
G1 X106.464 Y108.907 E.01302
G1 X106.452 Y111.028 E.05572
G1 X106.488 Y111.523 E.01302
G1 X106.615 Y112.065 E.01462
G1 X106.825 Y112.58 E.01462
G1 X107.113 Y113.056 E.01462
G1 X107.472 Y113.482 E.01462
G1 X107.893 Y113.845 E.01462
G1 X108.366 Y114.139 E.01462
G1 X108.879 Y114.355 E.01462
G1 X109.419 Y114.488 E.01462
G1 X109.974 Y114.535 E.01462
G1 X110 Y114.533 E.00069
G1 X110.087 Y114.943 F18000
G1 F6000
G1 X110.592 Y114.906 E.01331
G1 X111.198 Y114.765 E.01634
G1 X111.774 Y114.53 E.01634
G1 X112.306 Y114.208 E.01634
G1 X112.781 Y113.807 E.01634
G1 X113.188 Y113.336 E.01634
G1 X113.516 Y112.808 E.01634
G1 X113.757 Y112.234 E.01634
G1 X113.906 Y111.63 E.01634
G1 X113.951 Y111.087 E.01431
G1 X113.964 Y108.934 E.05657
G1 X113.924 Y108.39 E.01431
G1 X113.782 Y107.785 E.01634
G1 X113.548 Y107.209 E.01634
G1 X113.226 Y106.677 E.01634
G1 X112.824 Y106.201 E.01634
G1 X112.354 Y105.795 E.01634
G1 X111.865 Y105.491 E.01512
G1 X111.265 Y105.229 E.01719
G1 X110.648 Y105.077 E.01669
G1 X110.028 Y105.024 E.01634
G1 X109.454 Y105.066 E.01512
G1 X108.815 Y105.206 E.01719
G1 X108.226 Y105.446 E.01669
G1 X107.694 Y105.768 E.01634
G1 X107.219 Y106.169 E.01634
G1 X106.812 Y106.64 E.01634
G1 X106.484 Y107.168 E.01634
G1 X106.243 Y107.742 E.01634
G1 X106.094 Y108.346 E.01634
G1 X106.049 Y108.888 E.01431
G1 X106.036 Y111.042 E.05657
G1 X106.076 Y111.586 E.01431
G1 X106.218 Y112.191 E.01634
G1 X106.452 Y112.767 E.01634
G1 X106.774 Y113.299 E.01634
G1 X107.176 Y113.775 E.01634
G1 X107.646 Y114.181 E.01634
G1 X108.175 Y114.509 E.01634
G1 X108.748 Y114.751 E.01634
G1 X109.352 Y114.899 E.01634
G1 X109.972 Y114.952 E.01634
G1 X110.027 Y114.948 E.00145
G1 X106.1 Y112.344 F18000
M204 P2000
;TYPE:Internal solid infill
;WIDTH:0.424368
G1 F6000
G1 X106.1 Y126.049 E.33779
G1 X106.49 Y125.597 E.0147
G1 X106.49 Y113.487 E.2985
G1 X106.88 Y113.952 E.01497
G1 X106.88 Y125.261 E.27874
G1 X107.089 Y125.084 E.00676
G1 X107.27 Y124.975 E.0052
G1 X107.27 Y114.306 E.26296
G1 X107.444 Y114.457 E.00567
G1 X107.66 Y114.591 E.00626
G1 X107.66 Y124.739 E.25013
G1 X108.05 Y124.565 E.01052
G1 X108.05 Y114.826 E.24004
G1 X108.44 Y114.99 E.01043
G1 X108.44 Y124.406 E.23208
G1 X108.83 Y124.319 E.00985
G1 X108.83 Y115.121 E.22671
G1 X109.22 Y115.217 E.0099
G1 X109.22 Y124.234 E.22223
G1 X109.61 Y124.205 E.00964
G1 X109.61 Y115.263 E.2204
G1 X110 Y115.291 E.00964
G1 X110 Y124.189 E.21932
G1 X110.39 Y124.222 E.00965
G1 X110.39 Y115.263 E.22084
G1 X110.644 Y115.244 E.00627
G1 X110.78 Y115.212 E.00346
G1 X110.78 Y124.273 E.22333
G1 X111.17 Y124.369 E.0099
G1 X111.17 Y115.121 E.22795
G1 X111.301 Y115.09 E.00332
G1 X111.56 Y114.985 E.00689
G1 X111.56 Y124.492 E.23435
G1 X111.95 Y124.657 E.01043
G1 X111.95 Y114.821 E.24242
G1 X112.34 Y114.585 E.01124
G1 X112.34 Y124.869 E.25348
G1 X112.73 Y125.111 E.01132
G1 X112.73 Y114.295 E.26659
G1 X113.021 Y114.05 E.00939
G1 X113.12 Y113.935 E.00373
G1 X113.12 Y125.446 E.28373
G1 X113.309 Y125.609 E.00614
G1 X113.51 Y125.848 E.00771
G1 X113.51 Y113.462 E.30528
G1 X113.819 Y112.964 E.01444
G1 X113.9 Y112.772 E.00516
G1 X113.9 Y126.694 E.34317
G1 X114.29 Y127.548 F18000
G1 F6000
G1 X114.29 Y80.21 E1.16677
G1 X113.9 Y80.208 E.00961
G1 X113.9 Y107.632 E.67593
G1 X118.971 Y110.825 F18000
G1 F6000
G1 X118.971 Y80.237 E.75392
G1 X118.581 Y80.235 E.00961
G1 X118.581 Y139.839 E1.46912
G1 X118.191 Y139.837 E.00961
G1 X118.191 Y80.232 E1.46912
G1 X117.801 Y80.23 E.00961
G1 X117.801 Y139.835 E1.46912
G1 X117.411 Y139.833 E.00961
G1 X117.411 Y80.228 E1.46912
G1 X117.021 Y80.226 E.00961
G1 X117.021 Y139.83 E1.46912
G1 X116.631 Y139.828 E.00961
G1 X116.631 Y80.224 E1.46912
G1 X116.24 Y80.221 E.00961
G1 X116.24 Y139.826 E1.46912
G1 X115.85 Y139.824 E.00961
G1 X115.85 Y80.219 E1.46912
G1 X115.46 Y80.217 E.00961
G1 X115.46 Y139.821 E1.46912
G1 X115.07 Y139.819 E.00961
G1 X115.07 Y80.215 E1.46912
G1 X114.68 Y80.212 E.00961
G1 X114.68 Y139.817 E1.46912
G1 X114.29 Y139.815 E.00961
G1 X114.29 Y132.858 E.17146
G1 X114.149 Y133.194 E.00897
G1 X113.9 Y133.595 E.01163
G1 X113.9 Y139.813 E.15326
G1 X113.51 Y139.81 E.00961
G1 X113.51 Y134.113 E.14041
G1 X113.258 Y134.405 E.0095
G1 X113.12 Y134.522 E.00446
G1 X113.12 Y139.808 E.1303
G1 X112.73 Y139.806 E.00961
G1 X112.73 Y134.851 E.12213
G1 X112.34 Y135.098 E.01138
G1 X112.34 Y139.804 E.11598
G1 X111.95 Y139.801 E.00961
G1 X111.95 Y135.317 E.11053
G1 X111.56 Y135.476 E.01038
G1 X111.56 Y139.799 E.10656
G1 X111.17 Y139.797 E.00961
G1 X111.17 Y135.606 E.10331
G1 X110.78 Y135.697 E.00987
G1 X110.78 Y139.795 E.101
G1 X110.39 Y139.792 E.00961
G1 X110.39 Y135.754 E.09955
G1 X110 Y135.782 E.00964
G1 X110 Y139.79 E.09879
G1 X109.61 Y139.788 E.00961
G1 X109.61 Y135.772 E.09898
G1 X109.22 Y135.739 E.00965
G1 X109.22 Y139.786 E.09973
G1 X108.83 Y139.784 E.00961
G1 X108.83 Y135.663 E.10157
G1 X108.44 Y135.567 E.0099
G1 X108.44 Y139.781 E.10388
G1 X108.05 Y139.779 E.00961
G1 X108.05 Y135.415 E.10757
G1 X107.66 Y135.248 E.01046
G1 X107.66 Y139.777 E.11163
G1 X107.27 Y139.775 E.00961
G1 X107.27 Y135.006 E.11754
G1 X107.034 Y134.859 E.00685
G1 X106.88 Y134.726 E.00501
G1 X106.88 Y139.772 E.12438
G1 X106.49 Y139.77 E.00961
G1 X106.49 Y134.389 E.13263
G1 X106.1 Y133.936 E.01474
G1 X106.1 Y139.768 E.14375
G1 X105.71 Y139.766 E.00961
G1 X105.71 Y133.349 E.15816
G1 X105.586 Y133.145 E.00588
G1 X105.32 Y132.491 E.01741
G1 X105.32 Y139.764 E.17926
G1 X104.93 Y139.761 E.00961
G1 X104.93 Y80.157 E1.46912
G1 X105.32 Y80.159 E.00961
G1 X105.32 Y127.519 E1.16731
G1 X105.622 Y126.782 E.01964
G1 X105.71 Y126.641 E.00408
G1 X105.71 Y80.161 E1.14563
G1 X106.1 Y80.163 E.00961
G1 X106.1 Y107.205 E.6665
G1 X106.181 Y107.012 E.00516
G1 X106.49 Y106.514 E.01443
G1 X106.49 Y92.16 E.35379
G1 X106.708 Y92.696 E.01427
G1 X106.88 Y92.98 E.00817
G1 X106.88 Y106.041 E.32192
G1 X106.979 Y105.926 E.00374
G1 X107.27 Y105.681 E.00938
G1 X107.27 Y93.507 E.30007
G1 X107.403 Y93.664 E.00507
G1 X107.66 Y93.886 E.00838
G1 X107.66 Y105.391 E.28357
G1 X108.05 Y105.155 E.01124
G1 X108.05 Y94.175 E.27062
G1 X108.44 Y94.402 E.01112
G1 X108.44 Y104.991 E.26101
G1 X108.713 Y104.88 E.00728
G1 X108.83 Y104.854 E.00294
G1 X108.83 Y94.566 E.25358
G1 X109.22 Y94.676 E.00999
G1 X109.22 Y104.769 E.24876
G1 X109.405 Y104.728 E.00467
G1 X109.61 Y104.713 E.00506
G1 X109.61 Y94.753 E.2455
G1 X110 Y94.786 E.00965
G1 X110 Y104.685 E.24398
G1 X110.39 Y104.713 E.00964
G1 X110.39 Y94.771 E.24504
G1 X110.78 Y94.727 E.00968
G1 X110.78 Y104.758 E.24725
G1 X111.17 Y104.854 E.0099
G1 X111.17 Y94.636 E.25186
G1 X111.56 Y94.493 E.01024
G1 X111.56 Y104.986 E.25862
G1 X111.95 Y105.157 E.01049
G1 X111.95 Y94.308 E.2674
G1 X112.34 Y94.069 E.01128
G1 X112.34 Y105.385 E.27893
G1 X112.556 Y105.519 E.00627
G1 X112.73 Y105.67 E.00567
G1 X112.73 Y93.74 E.29405
G1 X113.12 Y93.305 E.01439
G1 X113.12 Y106.024 E.31349
G1 X113.51 Y106.489 E.01496
G1 X113.51 Y92.238 E.35126
G1 X113.51 Y87.715 F18000
G1 F6000
G1 X113.51 Y80.206 E.18509
G1 X113.12 Y80.204 E.00961
G1 X113.12 Y86.661 E.15917
G1 X112.826 Y86.313 E.01125
G1 X112.73 Y86.23 E.00312
G1 X112.73 Y80.201 E.1486
G1 X112.34 Y80.199 E.00961
G1 X112.34 Y85.901 E.14055
G1 X111.95 Y85.659 E.01132
G1 X111.95 Y80.197 E.13464
G1 X111.56 Y80.195 E.00961
G1 X111.56 Y85.479 E.13024
G1 X111.316 Y85.376 E.00652
G1 X111.17 Y85.34 E.00371
G1 X111.17 Y80.192 E.12688
G1 X110.78 Y80.19 E.00961
G1 X110.78 Y85.244 E.12457
G1 X110.39 Y85.204 E.00966
G1 X110.39 Y80.188 E.12364
G1 X110 Y80.186 E.00961
G1 X110 Y85.193 E.12343
G1 X109.61 Y85.222 E.00964
G1 X109.61 Y80.183 E.12419
G1 X109.22 Y80.181 E.00961
G1 X109.22 Y85.304 E.12626
G1 X108.98 Y85.356 E.00605
G1 X108.83 Y85.418 E.004
G1 X108.83 Y80.179 E.12912
G1 X108.44 Y80.177 E.00961
G1 X108.44 Y85.577 E.13309
G1 X108.05 Y85.807 E.01117
G1 X108.05 Y80.175 E.13883
G1 X107.66 Y80.172 E.00961
G1 X107.66 Y86.101 E.14612
G1 X107.445 Y86.282 E.00694
G1 X107.27 Y86.485 E.0066
G1 X107.27 Y80.17 E.15564
G1 X106.88 Y80.168 E.00961
G1 X106.88 Y87.015 E.16877
G1 X106.739 Y87.241 E.00657
G1 X106.49 Y87.865 E.01655
G1 X106.49 Y79.992 E.19404
G1 X104.54 Y139.933 F18000
G1 F6000
G1 X104.54 Y80.155 E1.4734
G1 X104.149 Y80.152 E.00961
G1 X104.149 Y139.757 E1.46912
G1 X103.759 Y139.755 E.00961
G1 X103.759 Y80.47 E1.46124
G1 X103.369 Y80.855 E.01352
G1 X103.369 Y139.752 E1.45168
G1 X102.979 Y139.75 E.00961
G1 X102.979 Y81.241 E1.44212
G1 X102.589 Y81.626 E.01352
G1 X102.589 Y139.748 E1.43257
G1 X102.199 Y139.746 E.00961
G1 X102.199 Y82.012 E1.42301
G1 X101.809 Y82.398 E.01352
G1 X101.809 Y139.743 E1.41345
G1 X101.419 Y139.741 E.00961
G1 X101.419 Y82.783 E1.40389
G1 X101.353 Y82.849 E.00229
G1 X101.029 Y139.913 E1.40652
; stop printing object pigtail_slot_coupon.stl id:2099807082496 copy 0
;LAYER_CHANGE
;Z:0.56
;HEIGHT:0.16
G92 E0 ; zero the extruded length again
; BEFORE_LAYER_CHANGE 2 @ 0.56mm
G1 E-1.75 F6000
;WIPE_START
G1 X101.035 Y138.913 E-.75
;WIPE_END
; AFTER_LAYER_CHANGE 2 @ 0.56mm
;_SET_FAN_SPEED_CHANGING_LAYER
; printing object pigtail_slot_coupon.stl id:2099807082496 copy 0
G1 F18000
G1 X101.476 Y139.202 Z0.588571
G1 X101.525 Y139.728 Z0.617143
G1 X101.145 Y140.094 Z0.645714
G1 X100.622 Y140.025 Z0.674286
G1 X100.349 Y139.572 Z0.702857
G1 X100.533 Y139.077 Z0.731429
G1 X101.035 Y138.913 Z0.76
G1 X120.012 Y141.422 Z.76
G1 X120.197 Y141.423
G1 X120.608 Y141.839
G1 Z.56
G1 E2.5 F6000
M204 P1000
;TYPE:Outer wall
;WIDTH:0.42
G1 F3600
G1 X99.029 Y141.716 E.52594
G1 X99.37 Y82.014 E1.45507
G1 X103.269 Y78.159 E.13363
G1 X119.021 Y78.249 E.38393
G1 X120.971 Y78.26 E.04752
G1 X120.609 Y141.779 E1.54809
G1 X120.197 Y141.423 F18000
G1 X120.21 Y141.436
M204 P1500
;TYPE:Inner wall
;WIDTH:0.45
G1 F6000
G1 X99.432 Y141.317 E.54581
G1 X99.769 Y82.182 E1.55337
G1 X103.432 Y78.561 E.1353
G1 X119.019 Y78.65 E.40943
G1 X120.568 Y78.658 E.0407
G1 X120.21 Y141.376 E1.64747
G1 X119.797 Y141.018 F18000
G1 F6000
G1 X99.85 Y140.904 E.52397
G1 X100.184 Y82.357 E1.53793
G1 X103.602 Y78.977 E.12626
G1 X119.017 Y79.065 E.40491
G1 X120.15 Y79.072 E.02978
G1 X119.797 Y140.958 E1.62563
G1 X119.383 Y140.6 F18000
G1 F6000
G1 X100.268 Y140.491 E.50213
G1 X100.599 Y82.531 E1.52249
G1 X103.772 Y79.394 E.11721
G1 X119.014 Y79.481 E.40039
G1 X119.732 Y79.485 E.01886
G1 X119.384 Y140.54 E1.60379
G1 X118.97 Y140.182 F18000
G1 F6000
G1 X100.686 Y140.078 E.48029
G1 X101.013 Y82.706 E1.50705
G1 X103.942 Y79.811 E.10817
G1 X119.012 Y79.897 E.39587
G1 X119.314 Y79.898 E.00794
G1 X118.97 Y140.122 E1.58196
G1 E-1.75
;WIPE_START
G1 X117.97 Y140.12 E-.75
;WIPE_END
G1 X114.89 Y137.866 Z.76 F18000
G1 X109.894 Y134.211 Z.76
G1 X109.864 Y133.799
G1 Z.56
G1 E2.5 F6000
M204 P1000
;TYPE:Outer wall
;WIDTH:0.42
G1 F3600
G1 X110.304 Y133.766 E.01075
G1 X110.733 Y133.666 E.01075
G1 X111.142 Y133.499 E.01075
G1 X111.519 Y133.271 E.01075
G1 X111.856 Y132.987 E.01075
G1 X112.145 Y132.653 E.01075
G1 X112.377 Y132.278 E.01075
G1 X112.548 Y131.871 E.01075
G1 X112.654 Y131.443 E.01075
G1 X112.69 Y131.016 E.01045
G1 X112.702 Y128.992 E.04934
G1 X112.67 Y128.564 E.01045
G1 X112.57 Y128.134 E.01075
G1 X112.403 Y127.726 E.01075
G1 X112.175 Y127.348 E.01075
G1 X111.89 Y127.011 E.01075
G1 X111.557 Y126.723 E.01075
G1 X111.182 Y126.49 E.01075
G1 X110.775 Y126.319 E.01075
G1 X110.347 Y126.214 E.01075
G1 X109.908 Y126.177 E.01075
G1 X109.524 Y126.205 E.00936
G1 X109.04 Y126.309 E.01207
G1 X108.63 Y126.476 E.0108
G1 X108.252 Y126.704 E.01075
G1 X107.915 Y126.989 E.01075
G1 X107.627 Y127.322 E.01075
G1 X107.394 Y127.697 E.01075
G1 X107.223 Y128.104 E.01075
G1 X107.118 Y128.532 E.01075
G1 X107.082 Y128.959 E.01045
G1 X107.07 Y130.984 E.04934
G1 X107.101 Y131.412 E.01045
G1 X107.202 Y131.841 E.01075
G1 X107.368 Y132.249 E.01075
G1 X107.597 Y132.627 E.01075
G1 X107.881 Y132.964 E.01075
G1 X108.215 Y133.252 E.01075
G1 X108.59 Y133.485 E.01075
G1 X108.996 Y133.656 E.01075
G1 X109.424 Y133.761 E.01075
G1 X109.804 Y133.793 E.00929
G1 X109.769 Y134.206 F18000
G1 X109.833 Y134.211
G1 X109.834 Y134.198
M204 P1500
;TYPE:Inner wall
;WIDTH:0.45
G1 F6000
G1 X109.862 Y134.2 E.00074
G1 X110.365 Y134.164 E.01324
G1 X110.855 Y134.049 E.01324
G1 X111.322 Y133.859 E.01324
G1 X111.754 Y133.598 E.01324
G1 X112.139 Y133.272 E.01324
G1 X112.469 Y132.891 E.01324
G1 X112.734 Y132.463 E.01324
G1 X112.93 Y131.998 E.01324
G1 X113.05 Y131.508 E.01324
G1 X113.091 Y131.034 E.01251
G1 X113.102 Y128.978 E.054
G1 X113.068 Y128.503 E.01251
G1 X112.953 Y128.012 E.01324
G1 X112.762 Y127.545 E.01324
G1 X112.501 Y127.114 E.01324
G1 X112.176 Y126.729 E.01324
G1 X111.795 Y126.399 E.01324
G1 X111.366 Y126.133 E.01324
G1 X110.902 Y125.938 E.01324
G1 X110.412 Y125.817 E.01324
G1 X109.91 Y125.775 E.01324
G1 X109.467 Y125.807 E.01165
G1 X108.921 Y125.924 E.01467
G1 X108.449 Y126.117 E.01339
G1 X108.018 Y126.378 E.01324
G1 X107.633 Y126.703 E.01324
G1 X107.303 Y127.084 E.01324
G1 X107.037 Y127.513 E.01324
G1 X106.842 Y127.977 E.01324
G1 X106.721 Y128.467 E.01324
G1 X106.681 Y128.941 E.01251
G1 X106.669 Y130.997 E.054
G1 X106.704 Y131.472 E.01251
G1 X106.819 Y131.963 E.01324
G1 X107.009 Y132.43 E.01324
G1 X107.27 Y132.861 E.01324
G1 X107.595 Y133.247 E.01324
G1 X107.977 Y133.576 E.01324
G1 X108.405 Y133.842 E.01324
G1 X108.87 Y134.037 E.01324
G1 X109.359 Y134.158 E.01324
G1 X109.774 Y134.193 E.01093
G1 X109.802 Y134.613 F18000
G1 F6000
G1 X109.859 Y134.617 E.0015
G1 X110.427 Y134.576 E.01496
G1 X110.982 Y134.446 E.01496
G1 X111.509 Y134.231 E.01496
G1 X111.997 Y133.936 E.01496
G1 X112.432 Y133.569 E.01496
G1 X112.804 Y133.138 E.01496
G1 X113.105 Y132.654 E.01496
G1 X113.326 Y132.129 E.01496
G1 X113.462 Y131.576 E.01496
G1 X113.506 Y131.053 E.0138
G1 X113.518 Y128.964 E.05486
G1 X113.48 Y128.44 E.0138
G1 X113.35 Y127.886 E.01496
G1 X113.135 Y127.358 E.01496
G1 X112.84 Y126.871 E.01496
G1 X112.473 Y126.436 E.01496
G1 X112.042 Y126.063 E.01496
G1 X111.558 Y125.763 E.01496
G1 X111.033 Y125.542 E.01496
G1 X110.48 Y125.406 E.01496
G1 X109.912 Y125.358 E.01496
G1 X109.408 Y125.395 E.01327
G1 X108.798 Y125.526 E.01639
G1 X108.262 Y125.744 E.01521
G1 X107.775 Y126.039 E.01496
G1 X107.34 Y126.406 E.01496
G1 X106.967 Y126.837 E.01496
G1 X106.667 Y127.321 E.01496
G1 X106.446 Y127.846 E.01496
G1 X106.31 Y128.399 E.01496
G1 X106.265 Y128.923 E.0138
G1 X106.254 Y131.011 E.05486
G1 X106.292 Y131.535 E.0138
G1 X106.422 Y132.089 E.01496
G1 X106.637 Y132.617 E.01496
G1 X106.931 Y133.104 E.01496
G1 X107.299 Y133.54 E.01496
G1 X107.73 Y133.912 E.01496
G1 X108.214 Y134.212 E.01496
G1 X108.739 Y134.433 E.01496
G1 X109.292 Y134.569 E.01496
G1 X109.742 Y134.607 E.01188
G1 X109.771 Y135.027 F18000
G1 F6000
G1 X109.857 Y135.034 E.00227
G1 X110.49 Y134.988 E.01668
G1 X111.109 Y134.843 E.01668
G1 X111.697 Y134.604 E.01668
G1 X112.24 Y134.275 E.01668
G1 X112.725 Y133.866 E.01668
G1 X113.14 Y133.385 E.01668
G1 X113.475 Y132.845 E.01668
G1 X113.722 Y132.26 E.01668
G1 X113.873 Y131.644 E.01668
G1 X113.922 Y131.071 E.01508
G1 X113.934 Y128.95 E.05572
G1 X113.892 Y128.377 E.01509
G1 X113.747 Y127.759 E.01668
G1 X113.508 Y127.171 E.01668
G1 X113.179 Y126.628 E.01668
G1 X112.769 Y126.142 E.01668
G1 X112.289 Y125.727 E.01668
G1 X111.749 Y125.393 E.01668
G1 X111.164 Y125.146 E.01668
G1 X110.547 Y124.994 E.01668
G1 X109.915 Y124.941 E.01668
G1 X109.349 Y124.982 E.01488
G1 X108.675 Y125.127 E.01811
G1 X108.075 Y125.372 E.01704
G1 X107.532 Y125.7 E.01668
G1 X107.046 Y126.11 E.01668
G1 X106.631 Y126.59 E.01668
G1 X106.296 Y127.13 E.01668
G1 X106.05 Y127.715 E.01668
G1 X105.898 Y128.332 E.01668
G1 X105.85 Y128.904 E.01508
G1 X105.838 Y131.025 E.05572
G1 X105.88 Y131.598 E.01509
G1 X106.024 Y132.216 E.01668
G1 X106.264 Y132.804 E.01668
G1 X106.593 Y133.348 E.01668
G1 X107.002 Y133.833 E.01668
G1 X107.483 Y134.248 E.01668
G1 X108.022 Y134.583 E.01668
G1 X108.608 Y134.829 E.01668
G1 X109.224 Y134.981 E.01668
G1 X109.711 Y135.022 E.01284
G1 X109.74 Y135.442 F18000
G1 F6000
G1 X109.855 Y135.451 E.00303
G1 X110.553 Y135.4 E.0184
G1 X111.235 Y135.241 E.0184
G1 X111.884 Y134.976 E.0184
G1 X112.483 Y134.614 E.0184
G1 X113.018 Y134.162 E.0184
G1 X113.476 Y133.632 E.0184
G1 X113.846 Y133.037 E.0184
G1 X114.117 Y132.391 E.0184
G1 X114.285 Y131.711 E.0184
G1 X114.337 Y131.09 E.01637
G1 X114.35 Y128.936 E.05657
G1 X114.304 Y128.315 E.01637
G1 X114.145 Y127.633 E.01839
G1 X113.88 Y126.984 E.0184
G1 X113.518 Y126.385 E.0184
G1 X113.066 Y125.849 E.0184
G1 X112.536 Y125.391 E.0184
G1 X111.941 Y125.022 E.0184
G1 X111.295 Y124.75 E.0184
G1 X110.615 Y124.583 E.01839
G1 X109.917 Y124.524 E.0184
G1 X109.29 Y124.57 E.0165
G1 X108.553 Y124.728 E.01982
G1 X107.888 Y124.999 E.01886
G1 X107.289 Y125.362 E.0184
G1 X106.753 Y125.813 E.0184
G1 X106.295 Y126.343 E.0184
G1 X105.926 Y126.939 E.0184
G1 X105.654 Y127.584 E.0184
G1 X105.487 Y128.264 E.0184
G1 X105.434 Y128.885 E.01637
G1 X105.422 Y131.039 E.05657
G1 X105.467 Y131.661 E.01637
G1 X105.627 Y132.343 E.01839
G1 X105.891 Y132.991 E.0184
G1 X106.254 Y133.591 E.0184
G1 X106.706 Y134.126 E.0184
G1 X107.236 Y134.584 E.0184
G1 X107.831 Y134.953 E.0184
G1 X108.477 Y135.225 E.0184
G1 X109.157 Y135.392 E.0184
G1 X109.68 Y135.436 E.01379
G1 E-1.75
;WIPE_START
G1 X109.855 Y135.451 E-.13161
G1 X110.553 Y135.4 E-.52541
G1 X110.674 Y135.372 E-.09298
;WIPE_END
G1 X112.479 Y132.899 Z.76 F18000
G1 X112.746 Y132.469
G1 X112.942 Y132.002
G1 X113.063 Y131.51
G1 X113.103 Y131.034
G1 X113.115 Y128.978
G1 X112.729 Y108.975
G1 X112.7 Y108.577
G1 X112.603 Y108.16
G1 X112.441 Y107.764
G1 X112.22 Y107.398
G1 X111.944 Y107.072
G1 X111.62 Y106.792
G1 X111.257 Y106.566
G1 X110.863 Y106.4
G1 X110.447 Y106.298
G1 X110.281 Y106.284
G1 X110.128 Y93.212
G1 X110.098 Y92.799
G1 Z.56
G1 E2.5 F6000
M204 P1000
;TYPE:Outer wall
;WIDTH:0.42
G1 F3600
G1 X110.382 Y92.778 E.00693
G1 X110.658 Y92.714 E.00693
G1 X110.921 Y92.606 E.00693
G1 X111.165 Y92.459 E.00692
G1 X111.382 Y92.276 E.00692
G1 X111.568 Y92.061 E.00693
G1 X111.717 Y91.82 E.00693
G1 X111.828 Y91.558 E.00693
G1 X111.896 Y91.282 E.00692
G1 X111.918 Y91.011 E.00663
G1 X111.93 Y88.986 E.04934
G1 X111.91 Y88.715 E.00663
G1 X111.845 Y88.439 E.00692
G1 X111.738 Y88.175 E.00693
G1 X111.591 Y87.932 E.00693
G1 X111.408 Y87.715 E.00693
G1 X111.193 Y87.529 E.00692
G1 X110.951 Y87.379 E.00692
G1 X110.689 Y87.269 E.00693
G1 X110.413 Y87.201 E.00693
G1 X110.13 Y87.177 E.00693
G1 X109.885 Y87.195 E.006
G1 X109.572 Y87.262 E.0078
G1 X109.307 Y87.37 E.00698
G1 X109.064 Y87.517 E.00692
G1 X108.847 Y87.7 E.00692
G1 X108.661 Y87.915 E.00693
G1 X108.511 Y88.157 E.00693
G1 X108.401 Y88.419 E.00693
G1 X108.333 Y88.695 E.00692
G1 X108.31 Y88.966 E.00663
G1 X108.298 Y90.99 E.04934
G1 X108.318 Y91.261 E.00663
G1 X108.383 Y91.538 E.00692
G1 X108.49 Y91.801 E.00693
G1 X108.637 Y92.044 E.00693
G1 X108.821 Y92.262 E.00693
G1 X109.036 Y92.447 E.00692
G1 X109.277 Y92.597 E.00692
G1 X109.539 Y92.707 E.00693
G1 X109.815 Y92.775 E.00693
G1 X110.038 Y92.794 E.00546
G1 X110.003 Y93.206 F18000
G1 X110.096 Y93.214
G1 X110.125 Y93.212
G1 X110.124 Y93.199
M204 P1500
;TYPE:Inner wall
;WIDTH:0.45
G1 F6000
G1 X110.442 Y93.176 E.00838
G1 X110.78 Y93.097 E.00912
G1 X111.102 Y92.966 E.00912
G1 X111.399 Y92.786 E.00912
G1 X111.664 Y92.562 E.00912
G1 X111.891 Y92.299 E.00912
G1 X112.074 Y92.004 E.00912
G1 X112.209 Y91.684 E.00912
G1 X112.292 Y91.347 E.00912
G1 X112.319 Y91.029 E.00839
G1 X112.331 Y88.973 E.054
G1 X112.307 Y88.655 E.00839
G1 X112.228 Y88.317 E.00912
G1 X112.097 Y87.995 E.00912
G1 X111.918 Y87.698 E.00912
G1 X111.694 Y87.432 E.00912
G1 X111.431 Y87.206 E.00912
G1 X111.136 Y87.022 E.00912
G1 X110.816 Y86.888 E.00912
G1 X110.479 Y86.805 E.00912
G1 X110.133 Y86.775 E.00912
G1 X109.828 Y86.798 E.00801
G1 X109.454 Y86.878 E.01006
G1 X109.127 Y87.011 E.00928
G1 X108.83 Y87.191 E.00912
G1 X108.564 Y87.415 E.00912
G1 X108.337 Y87.677 E.00912
G1 X108.154 Y87.972 E.00912
G1 X108.019 Y88.293 E.00912
G1 X107.936 Y88.63 E.00912
G1 X107.909 Y88.948 E.00839
G1 X107.898 Y91.004 E.054
G1 X107.921 Y91.322 E.00839
G1 X108 Y91.66 E.00912
G1 X108.131 Y91.982 E.00912
G1 X108.311 Y92.279 E.00912
G1 X108.535 Y92.544 E.00912
G1 X108.798 Y92.771 E.00912
G1 X109.093 Y92.954 E.00912
G1 X109.413 Y93.089 E.00912
G1 X109.75 Y93.172 E.00912
G1 X110.064 Y93.198 E.00828
G1 X110.036 Y93.613 F18000
G1 F6000
G1 X110.093 Y93.618 E.0015
G1 X110.505 Y93.588 E.01084
G1 X110.907 Y93.494 E.01084
G1 X111.289 Y93.338 E.01084
G1 X111.642 Y93.125 E.01084
G1 X111.957 Y92.859 E.01084
G1 X112.227 Y92.546 E.01084
G1 X112.445 Y92.196 E.01084
G1 X112.605 Y91.815 E.01084
G1 X112.704 Y91.415 E.01084
G1 X112.735 Y91.048 E.00968
G1 X112.746 Y88.959 E.05486
G1 X112.72 Y88.592 E.00968
G1 X112.626 Y88.19 E.01084
G1 X112.47 Y87.808 E.01084
G1 X112.256 Y87.455 E.01084
G1 X111.99 Y87.139 E.01084
G1 X111.678 Y86.87 E.01084
G1 X111.327 Y86.652 E.01084
G1 X110.947 Y86.492 E.01084
G1 X110.546 Y86.393 E.01084
G1 X110.135 Y86.359 E.01084
G1 X109.77 Y86.385 E.00962
G1 X109.331 Y86.479 E.01178
G1 X108.939 Y86.638 E.01111
G1 X108.586 Y86.852 E.01084
G1 X108.271 Y87.118 E.01084
G1 X108.001 Y87.43 E.01084
G1 X107.784 Y87.781 E.01084
G1 X107.624 Y88.161 E.01084
G1 X107.525 Y88.562 E.01084
G1 X107.494 Y88.929 E.00968
G1 X107.482 Y91.018 E.05486
G1 X107.509 Y91.385 E.00968
G1 X107.603 Y91.787 E.01084
G1 X107.759 Y92.169 E.01084
G1 X107.972 Y92.522 E.01084
G1 X108.238 Y92.837 E.01084
G1 X108.551 Y93.107 E.01084
G1 X108.901 Y93.325 E.01083
G1 X109.282 Y93.485 E.01084
G1 X109.682 Y93.583 E.01084
G1 X109.977 Y93.608 E.00776
G1 X110.177 Y94.029 F18000
G1 F6000
G1 X110.568 Y94 E.01029
G1 X111.033 Y93.891 E.01256
G1 X111.476 Y93.711 E.01256
G1 X111.885 Y93.463 E.01255
G1 X112.25 Y93.155 E.01256
G1 X112.563 Y92.793 E.01256
G1 X112.815 Y92.387 E.01256
G1 X113.001 Y91.946 E.01256
G1 X113.115 Y91.482 E.01256
G1 X113.15 Y91.066 E.01096
G1 X113.162 Y88.945 E.05572
G1 X113.132 Y88.529 E.01097
G1 X113.023 Y88.063 E.01255
G1 X112.843 Y87.621 E.01256
G1 X112.595 Y87.212 E.01256
G1 X112.287 Y86.846 E.01256
G1 X111.925 Y86.534 E.01256
G1 X111.519 Y86.282 E.01255
G1 X111.078 Y86.096 E.01256
G1 X110.614 Y85.982 E.01256
G1 X110.137 Y85.942 E.01256
G1 X109.711 Y85.973 E.01123
G1 X109.208 Y86.08 E.0135
G1 X108.752 Y86.266 E.01294
G1 X108.343 Y86.513 E.01255
G1 X107.978 Y86.822 E.01256
G1 X107.665 Y87.183 E.01256
G1 X107.413 Y87.59 E.01256
G1 X107.228 Y88.03 E.01256
G1 X107.113 Y88.494 E.01255
G1 X107.078 Y88.91 E.01097
G1 X107.066 Y91.031 E.05572
G1 X107.097 Y91.448 E.01097
G1 X107.206 Y91.913 E.01255
G1 X107.386 Y92.356 E.01256
G1 X107.633 Y92.765 E.01256
G1 X107.942 Y93.13 E.01256
G1 X108.304 Y93.443 E.01256
G1 X108.71 Y93.695 E.01255
G1 X109.151 Y93.881 E.01256
G1 X109.615 Y93.995 E.01256
G1 X110.091 Y94.035 E.01256
G1 X110.117 Y94.033 E.00069
G1 X109.974 Y94.442 F18000
G1 F6000
G1 X110.089 Y94.452 E.00303
G1 X110.631 Y94.412 E.01428
G1 X111.16 Y94.289 E.01427
G1 X111.663 Y94.083 E.01428
G1 X112.128 Y93.802 E.01427
G1 X112.544 Y93.452 E.01428
G1 X112.899 Y93.04 E.01428
G1 X113.186 Y92.578 E.01428
G1 X113.397 Y92.077 E.01428
G1 X113.526 Y91.55 E.01427
G1 X113.566 Y91.085 E.01225
G1 X113.578 Y88.931 E.05657
G1 X113.544 Y88.466 E.01225
G1 X113.42 Y87.937 E.01427
G1 X113.215 Y87.434 E.01428
G1 X112.934 Y86.968 E.01428
G1 X112.583 Y86.553 E.01428
G1 X112.172 Y86.198 E.01428
G1 X111.71 Y85.911 E.01427
G1 X111.209 Y85.7 E.01428
G1 X110.681 Y85.57 E.01428
G1 X110.14 Y85.525 E.01428
G1 X109.652 Y85.56 E.01285
G1 X109.086 Y85.681 E.01521
G1 X108.565 Y85.893 E.01477
G1 X108.1 Y86.174 E.01427
G1 X107.685 Y86.525 E.01428
G1 X107.329 Y86.936 E.01428
G1 X107.043 Y87.398 E.01428
G1 X106.832 Y87.899 E.01428
G1 X106.702 Y88.427 E.01427
G1 X106.663 Y88.892 E.01225
G1 X106.65 Y91.045 E.05657
G1 X106.684 Y91.511 E.01225
G1 X106.808 Y92.04 E.01427
G1 X107.013 Y92.543 E.01428
G1 X107.295 Y93.008 E.01428
G1 X107.645 Y93.424 E.01428
G1 X108.057 Y93.779 E.01428
G1 X108.518 Y94.065 E.01427
G1 X109.019 Y94.276 E.01428
G1 X109.547 Y94.406 E.01427
G1 X109.914 Y94.437 E.00967
G1 E-1.75
;WIPE_START
G1 X110.089 Y94.452 E-.1316
G1 X110.631 Y94.412 E-.40761
G1 X110.904 Y94.348 E-.2108
;WIPE_END
G1 X111.382 Y98.135 Z.76 F18000
G1 X112.7 Y108.577 Z.76
G1 X112.729 Y108.975
G1 X112.718 Y111.032
G1 X112.684 Y111.43
G1 X112.582 Y111.845
G1 X112.416 Y112.239
G1 X112.19 Y112.603
G1 X111.911 Y112.926
G1 X111.584 Y113.202
G1 X111.218 Y113.424
G1 X110.822 Y113.585
G1 X110.405 Y113.683
G1 X110.011 Y113.711
G1 X109.981 Y113.299
G1 Z.56
G1 E2.5 F6000
M204 P1000
;TYPE:Outer wall
;WIDTH:0.42
G1 F3600
G1 X110.343 Y113.272 E.00884
G1 X110.696 Y113.19 E.00884
G1 X111.032 Y113.053 E.00884
G1 X111.342 Y112.865 E.00884
G1 X111.619 Y112.631 E.00884
G1 X111.856 Y112.357 E.00884
G1 X112.047 Y112.049 E.00884
G1 X112.188 Y111.715 E.00884
G1 X112.275 Y111.362 E.00884
G1 X112.304 Y111.013 E.00854
G1 X112.316 Y108.989 E.04934
G1 X112.29 Y108.64 E.00854
G1 X112.208 Y108.286 E.00884
G1 X112.071 Y107.951 E.00884
G1 X111.883 Y107.64 E.00884
G1 X111.649 Y107.363 E.00884
G1 X111.375 Y107.126 E.00884
G1 X111.107 Y106.96 E.00768
G1 X110.734 Y106.795 E.00994
G1 X110.38 Y106.708 E.00889
G1 X110.019 Y106.677 E.00884
G1 X109.705 Y106.7 E.00768
G1 X109.306 Y106.785 E.00994
G1 X108.968 Y106.923 E.00889
G1 X108.658 Y107.111 E.00884
G1 X108.381 Y107.345 E.00884
G1 X108.144 Y107.619 E.00884
G1 X107.953 Y107.927 E.00884
G1 X107.812 Y108.261 E.00884
G1 X107.725 Y108.613 E.00884
G1 X107.696 Y108.963 E.00854
G1 X107.684 Y110.987 E.04934
G1 X107.71 Y111.336 E.00854
G1 X107.792 Y111.69 E.00884
G1 X107.929 Y112.025 E.00884
G1 X108.117 Y112.336 E.00884
G1 X108.351 Y112.613 E.00884
G1 X108.625 Y112.85 E.00884
G1 X108.933 Y113.041 E.00884
G1 X109.268 Y113.182 E.00884
G1 X109.62 Y113.268 E.00884
G1 X109.921 Y113.294 E.00738
G1 X109.886 Y113.706 F18000
G1 X109.979 Y113.714
G1 X110.008 Y113.712
G1 X110.007 Y113.699
M204 P1500
;TYPE:Inner wall
;WIDTH:0.45
G1 F6000
G1 X110.403 Y113.67 E.01044
G1 X110.818 Y113.573 E.01118
G1 X111.212 Y113.412 E.01118
G1 X111.576 Y113.192 E.01118
G1 X111.902 Y112.917 E.01118
G1 X112.18 Y112.595 E.01118
G1 X112.404 Y112.233 E.01118
G1 X112.57 Y111.841 E.01118
G1 X112.671 Y111.428 E.01118
G1 X112.705 Y111.031 E.01045
G1 X112.716 Y108.976 E.054
G1 X112.688 Y108.579 E.01045
G1 X112.591 Y108.164 E.01118
G1 X112.43 Y107.77 E.01118
G1 X112.21 Y107.406 E.01118
G1 X111.935 Y107.081 E.01118
G1 X111.613 Y106.802 E.01118
G1 X111.295 Y106.605 E.00983
G1 X110.864 Y106.414 E.01237
G1 X110.445 Y106.311 E.01134
G1 X110.021 Y106.275 E.01118
G1 X109.648 Y106.302 E.00983
G1 X109.188 Y106.401 E.01237
G1 X108.788 Y106.564 E.01134
G1 X108.424 Y106.784 E.01118
G1 X108.098 Y107.059 E.01118
G1 X107.82 Y107.381 E.01118
G1 X107.596 Y107.743 E.01118
G1 X107.43 Y108.135 E.01118
G1 X107.329 Y108.548 E.01118
G1 X107.295 Y108.945 E.01045
G1 X107.284 Y111 E.054
G1 X107.312 Y111.397 E.01045
G1 X107.409 Y111.812 E.01118
G1 X107.57 Y112.206 E.01118
G1 X107.79 Y112.57 E.01118
G1 X108.065 Y112.895 E.01118
G1 X108.387 Y113.174 E.01118
G1 X108.749 Y113.398 E.01118
G1 X109.141 Y113.563 E.01118
G1 X109.555 Y113.665 E.01118
G1 X109.947 Y113.698 E.01034
G1 X110.033 Y114.114 F18000
G1 F6000
G1 X110.466 Y114.082 E.0114
G1 X110.944 Y113.97 E.0129
G1 X111.399 Y113.785 E.0129
G1 X111.819 Y113.53 E.0129
G1 X112.195 Y113.214 E.0129
G1 X112.516 Y112.842 E.0129
G1 X112.775 Y112.425 E.0129
G1 X112.965 Y111.972 E.0129
G1 X113.083 Y111.495 E.0129
G1 X113.12 Y111.05 E.01173
G1 X113.132 Y108.962 E.05486
G1 X113.1 Y108.516 E.01174
G1 X112.988 Y108.038 E.0129
G1 X112.802 Y107.583 E.0129
G1 X112.548 Y107.163 E.0129
G1 X112.231 Y106.788 E.0129
G1 X111.86 Y106.466 E.0129
G1 X111.49 Y106.237 E.01145
G1 X110.999 Y106.019 E.01408
G1 X110.513 Y105.9 E.01316
G1 X110.024 Y105.858 E.0129
G1 X109.589 Y105.89 E.01145
G1 X109.065 Y106.002 E.01408
G1 X108.601 Y106.191 E.01316
G1 X108.181 Y106.445 E.0129
G1 X107.805 Y106.762 E.0129
G1 X107.484 Y107.134 E.0129
G1 X107.225 Y107.551 E.0129
G1 X107.035 Y108.004 E.0129
G1 X106.917 Y108.481 E.0129
G1 X106.88 Y108.926 E.01173
G1 X106.868 Y111.014 E.05486
G1 X106.9 Y111.46 E.01174
G1 X107.012 Y111.938 E.0129
G1 X107.198 Y112.393 E.0129
G1 X107.452 Y112.813 E.0129
G1 X107.769 Y113.188 E.0129
G1 X108.14 Y113.509 E.0129
G1 X108.557 Y113.768 E.0129
G1 X109.01 Y113.959 E.0129
G1 X109.487 Y114.076 E.0129
G1 X109.974 Y114.117 E.01283
G1 X110.06 Y114.528 F18000
G1 F6000
G1 X110.529 Y114.494 E.01235
G1 X111.071 Y114.367 E.01462
G1 X111.586 Y114.157 E.01462
G1 X112.063 Y113.869 E.01462
G1 X112.488 Y113.51 E.01462
G1 X112.852 Y113.089 E.01462
G1 X113.145 Y112.616 E.01462
G1 X113.361 Y112.103 E.01462
G1 X113.494 Y111.563 E.01462
G1 X113.536 Y111.069 E.01302
G1 X113.548 Y108.948 E.05572
G1 X113.512 Y108.453 E.01302
G1 X113.385 Y107.911 E.01462
G1 X113.175 Y107.396 E.01462
G1 X112.887 Y106.92 E.01462
G1 X112.528 Y106.494 E.01462
G1 X112.107 Y106.131 E.01462
G1 X111.684 Y105.868 E.01306
G1 X111.134 Y105.624 E.0158
G1 X110.581 Y105.488 E.01498
G1 X110.026 Y105.441 E.01462
G1 X109.53 Y105.477 E.01306
G1 X108.942 Y105.603 E.0158
G1 X108.414 Y105.819 E.01498
G1 X107.937 Y106.107 E.01462
G1 X107.512 Y106.466 E.01462
G1 X107.148 Y106.887 E.01462
G1 X106.855 Y107.36 E.01462
G1 X106.639 Y107.873 E.01462
G1 X106.506 Y108.413 E.01462
G1 X106.464 Y108.907 E.01302
G1 X106.452 Y111.028 E.05572
G1 X106.488 Y111.523 E.01302
G1 X106.615 Y112.065 E.01462
G1 X106.825 Y112.58 E.01462
G1 X107.113 Y113.056 E.01462
G1 X107.472 Y113.482 E.01462
G1 X107.893 Y113.845 E.01462
G1 X108.366 Y114.139 E.01462
G1 X108.879 Y114.355 E.01462
G1 X109.419 Y114.488 E.01462
G1 X109.974 Y114.535 E.01462
G1 X110 Y114.533 E.00069
G1 X110.087 Y114.943 F18000
G1 F6000
G1 X110.592 Y114.906 E.01331
G1 X111.198 Y114.765 E.01634
G1 X111.774 Y114.53 E.01634
G1 X112.306 Y114.208 E.01634
G1 X112.781 Y113.807 E.01634
G1 X113.188 Y113.336 E.01634
G1 X113.516 Y112.808 E.01634
G1 X113.757 Y112.234 E.01634
G1 X113.906 Y111.63 E.01634
G1 X113.951 Y111.087 E.01431
G1 X113.964 Y108.934 E.05657
G1 X113.924 Y108.39 E.01431
G1 X113.782 Y107.785 E.01634
G1 X113.548 Y107.209 E.01634
G1 X113.226 Y106.677 E.01634
G1 X112.824 Y106.201 E.01634
G1 X112.354 Y105.795 E.01634
G1 X111.879 Y105.5 E.01468
G1 X111.269 Y105.23 E.01752
G1 X110.648 Y105.077 E.01681
G1 X110.028 Y105.024 E.01634
G1 X109.471 Y105.065 E.01468
G1 X108.819 Y105.205 E.01752
G1 X108.226 Y105.446 E.0168
G1 X107.694 Y105.768 E.01634
G1 X107.219 Y106.169 E.01634
G1 X106.812 Y106.64 E.01634
G1 X106.484 Y107.168 E.01634
G1 X106.243 Y107.742 E.01634
G1 X106.094 Y108.346 E.01634
G1 X106.049 Y108.888 E.01431
G1 X106.036 Y111.042 E.05657
G1 X106.076 Y111.586 E.01431
G1 X106.218 Y112.191 E.01634
G1 X106.452 Y112.767 E.01634
G1 X106.774 Y113.299 E.01634
G1 X107.176 Y113.775 E.01634
G1 X107.646 Y114.181 E.01634
G1 X108.175 Y114.509 E.01634
G1 X108.748 Y114.751 E.01634
G1 X109.352 Y114.899 E.01634
G1 X109.972 Y114.952 E.01634
G1 X110.027 Y114.948 E.00145
G1 X108.08 Y114.647 F18000
M204 P2000
;TYPE:Internal solid infill
;WIDTH:0.421915
G1 F6000
G1 X101.171 Y114.647 E.1692
G1 X101.174 Y114.259 E.00949
G1 X107.216 Y114.259 E.14799
G1 X106.933 Y114.015 E.00916
G1 X106.812 Y113.872 E.00458
G1 X101.176 Y113.872 E.13804
G1 X101.178 Y113.484 E.00949
G1 X106.488 Y113.484 E.13006
G1 X106.254 Y113.097 E.01109
G1 X101.18 Y113.097 E.12426
G1 X101.183 Y112.709 E.00949
G1 X106.061 Y112.709 E.11949
G1 X105.903 Y112.322 E.01025
G1 X101.185 Y112.322 E.11556
G1 X101.187 Y111.934 E.00949
G1 X105.808 Y111.934 E.11317
G1 X105.732 Y111.546 E.00967
G1 X101.189 Y111.546 E.11126
G1 X101.191 Y111.159 E.00949
G1 X105.703 Y111.159 E.11051
G1 X105.697 Y110.771 E.00949
G1 X101.194 Y110.771 E.11031
G1 X101.196 Y110.384 E.00949
G1 X105.699 Y110.384 E.11031
G1 X105.702 Y109.996 E.00949
G1 X101.198 Y109.996 E.11031
G1 X101.2 Y109.608 E.00949
G1 X105.704 Y109.608 E.11031
G1 X105.706 Y109.221 E.00949
G1 X101.202 Y109.221 E.11031
G1 X101.205 Y108.833 E.00949
G1 X105.711 Y108.833 E.11038
G1 X105.744 Y108.446 E.00953
G1 X101.207 Y108.446 E.11113
G1 X101.209 Y108.058 E.00949
G1 X105.814 Y108.058 E.1128
G1 X105.91 Y107.671 E.00978
G1 X101.211 Y107.671 E.11508
G1 X101.214 Y107.283 E.00949
G1 X106.067 Y107.283 E.11887
G1 X106.181 Y107.012 E.00721
G1 X106.253 Y106.895 E.00335
G1 X101.216 Y106.895 E.12338
G1 X101.218 Y106.508 E.00949
G1 X106.494 Y106.508 E.12921
G1 X106.811 Y106.12 E.01228
G1 X101.22 Y106.12 E.13694
G1 X101.222 Y105.733 E.00949
G1 X107.208 Y105.733 E.14661
G1 X107.495 Y105.491 E.00919
G1 X107.735 Y105.345 E.00688
G1 X101.225 Y105.345 E.15947
G1 X101.227 Y104.958 E.00949
G1 X109.175 Y104.958 E.19468
G1 X109.201 Y94.493 F18000
G1 F6000
G1 X101.287 Y94.493 E.19383
G1 X101.289 Y94.105 E.00949
G1 X107.937 Y94.105 E.16283
G1 X107.854 Y94.054 E.00238
G1 X107.465 Y93.718 E.0126
G1 X101.291 Y93.718 E.15122
G1 X101.293 Y93.33 E.00949
G1 X107.121 Y93.33 E.14274
G1 X107.017 Y93.207 E.00394
G1 X106.857 Y92.943 E.00758
G1 X101.295 Y92.943 E.13622
G1 X101.298 Y92.555 E.00949
G1 X106.65 Y92.555 E.13111
G1 X106.493 Y92.167 E.01025
G1 X101.3 Y92.167 E.12718
G1 X101.302 Y91.78 E.00949
G1 X106.398 Y91.78 E.12481
G1 X106.347 Y91.562 E.00547
G1 X106.334 Y91.392 E.00417
G1 X101.304 Y91.392 E.1232
G1 X101.306 Y91.005 E.00949
G1 X106.31 Y91.005 E.12255
G1 X106.312 Y90.617 E.00949
G1 X101.309 Y90.617 E.12255
G1 X101.311 Y90.229 E.00949
G1 X106.315 Y90.229 E.12255
G1 X106.317 Y89.842 E.00949
G1 X101.313 Y89.842 E.12255
G1 X101.315 Y89.454 E.00949
G1 X106.319 Y89.454 E.12255
G1 X106.321 Y89.067 E.00949
G1 X101.318 Y89.067 E.12255
G1 X101.32 Y88.679 E.00949
G1 X106.339 Y88.679 E.12293
G1 X106.385 Y88.292 E.00956
G1 X101.322 Y88.292 E.124
G1 X101.324 Y87.904 E.00949
G1 X106.48 Y87.904 E.12628
G1 X106.508 Y87.792 E.00283
G1 X106.624 Y87.516 E.00732
G1 X101.326 Y87.516 E.12974
G1 X101.329 Y87.129 E.00949
G1 X106.809 Y87.129 E.13423
G1 X107.05 Y86.741 E.01117
G1 X101.331 Y86.741 E.14007
G1 X101.333 Y86.354 E.00949
G1 X107.383 Y86.354 E.14817
G1 X107.445 Y86.282 E.00232
G1 X107.819 Y85.966 E.012
G1 X101.335 Y85.966 E.15881
G1 X101.337 Y85.579 E.00949
G1 X108.895 Y85.579 E.18509
G1 X119.146 Y80.152 F18000
G1 F6000
G1 X104.08 Y80.152 E.369
G1 X103.688 Y80.54 E.0135
G1 X118.97 Y80.54 E.3743
G1 X118.968 Y80.928 E.00949
G1 X103.296 Y80.928 E.38384
G1 X102.904 Y81.315 E.0135
G1 X118.966 Y81.315 E.39339
G1 X118.963 Y81.703 E.00949
G1 X102.512 Y81.703 E.40294
G1 X102.12 Y82.09 E.0135
G1 X118.961 Y82.09 E.41249
G1 X118.959 Y82.478 E.00949
G1 X101.728 Y82.478 E.42203
G1 X101.353 Y82.849 E.01292
G1 X101.353 Y82.865 E.00041
G1 X118.957 Y82.865 E.43117
G1 X118.955 Y83.253 E.00949
G1 X101.351 Y83.253 E.43117
G1 X101.349 Y83.641 E.00949
G1 X118.952 Y83.641 E.43117
G1 X118.95 Y84.028 E.00949
G1 X101.346 Y84.028 E.43117
G1 X101.344 Y84.416 E.00949
G1 X118.948 Y84.416 E.43117
G1 X118.946 Y84.803 E.00949
G1 X101.342 Y84.803 E.43117
G1 X101.34 Y85.191 E.00949
G1 X118.944 Y85.191 E.43117
G1 X118.941 Y85.579 E.00949
G1 X111.798 Y85.579 E.17497
G1 X112.425 Y85.966 E.01805
G1 X118.939 Y85.966 E.15956
G1 X118.937 Y86.354 E.00949
G1 X112.86 Y86.354 E.14883
G1 X113.188 Y86.741 E.01242
G1 X118.935 Y86.741 E.14076
G1 X118.932 Y87.129 E.00949
G1 X113.429 Y87.129 E.1348
G1 X113.52 Y87.28 E.00433
G1 X113.617 Y87.516 E.00625
G1 X118.93 Y87.516 E.13015
G1 X118.928 Y87.904 E.00949
G1 X113.762 Y87.904 E.12652
G1 X113.853 Y88.292 E.00975
G1 X118.926 Y88.292 E.12425
G1 X118.924 Y88.679 E.00949
G1 X113.901 Y88.679 E.12302
G1 X113.918 Y89.067 E.0095
G1 X118.921 Y89.067 E.12255
G1 X118.919 Y89.454 E.00949
G1 X113.916 Y89.454 E.12255
G1 X113.913 Y89.842 E.00949
G1 X118.917 Y89.842 E.12255
G1 X118.915 Y90.229 E.00949
G1 X113.911 Y90.229 E.12255
G1 X113.909 Y90.617 E.00949
G1 X118.913 Y90.617 E.12255
G1 X118.91 Y91.005 E.00949
G1 X113.907 Y91.005 E.12255
G1 X113.881 Y91.392 E.00951
G1 X118.908 Y91.392 E.12312
G1 X118.906 Y91.78 E.00949
G1 X113.821 Y91.78 E.12456
G1 X113.725 Y92.167 E.00978
G1 X118.904 Y92.167 E.12684
G1 X118.901 Y92.555 E.00949
G1 X113.565 Y92.555 E.13071
G1 X113.489 Y92.735 E.00479
G1 X113.36 Y92.943 E.00598
G1 X118.899 Y92.943 E.13566
G1 X118.897 Y93.33 E.00949
G1 X113.099 Y93.33 E.14202
G1 X112.756 Y93.718 E.01266
G1 X118.895 Y93.718 E.15035
G1 X118.893 Y94.105 E.00949
G1 X112.285 Y94.105 E.16184
G1 X111.817 Y94.389 E.0134
G1 X111.561 Y94.493 E.00677
G1 X118.89 Y94.493 E.17952
G1 X118.888 Y94.88 E.00949
G1 X101.284 Y94.88 E.43117
G1 X101.282 Y95.268 E.00949
G1 X118.886 Y95.268 E.43117
G1 X118.884 Y95.656 E.00949
G1 X101.28 Y95.656 E.43117
G1 X101.278 Y96.043 E.00949
G1 X118.882 Y96.043 E.43117
G1 X118.879 Y96.431 E.00949
G1 X101.275 Y96.431 E.43117
G1 X101.273 Y96.818 E.00949
G1 X118.877 Y96.818 E.43117
G1 X118.875 Y97.206 E.00949
G1 X101.271 Y97.206 E.43117
G1 X101.269 Y97.593 E.00949
G1 X118.873 Y97.593 E.43117
G1 X118.871 Y97.981 E.00949
G1 X101.267 Y97.981 E.43117
G1 X101.264 Y98.369 E.00949
G1 X118.868 Y98.369 E.43117
G1 X118.866 Y98.756 E.00949
G1 X101.262 Y98.756 E.43117
G1 X101.26 Y99.144 E.00949
G1 X118.864 Y99.144 E.43117
G1 X118.862 Y99.531 E.00949
G1 X101.258 Y99.531 E.43117
G1 X101.256 Y99.919 E.00949
G1 X118.859 Y99.919 E.43117
G1 X118.857 Y100.307 E.00949
G1 X101.253 Y100.307 E.43117
G1 X101.251 Y100.694 E.00949
G1 X118.855 Y100.694 E.43117
G1 X118.853 Y101.082 E.00949
G1 X101.249 Y101.082 E.43117
G1 X101.247 Y101.469 E.00949
G1 X118.851 Y101.469 E.43117
G1 X118.848 Y101.857 E.00949
G1 X101.245 Y101.857 E.43117
G1 X101.242 Y102.244 E.00949
G1 X118.846 Y102.244 E.43117
G1 X118.844 Y102.632 E.00949
G1 X101.24 Y102.632 E.43117
G1 X101.238 Y103.02 E.00949
G1 X118.842 Y103.02 E.43117
G1 X118.84 Y103.407 E.00949
G1 X101.236 Y103.407 E.43117
G1 X101.233 Y103.795 E.00949
G1 X118.837 Y103.795 E.43117
G1 X118.835 Y104.182 E.00949
G1 X101.231 Y104.182 E.43117
G1 X101.229 Y104.57 E.00949
G1 X118.833 Y104.57 E.43117
G1 X118.831 Y104.958 E.00949
G1 X111.496 Y104.958 E.17965
G1 X112.039 Y105.198 E.01454
G1 X112.275 Y105.345 E.00682
G1 X118.828 Y105.345 E.1605
G1 X118.826 Y105.733 E.00949
G1 X112.803 Y105.733 E.14753
G1 X113.067 Y105.961 E.00856
G1 X113.202 Y106.12 E.0051
G1 X118.824 Y106.12 E.13771
G1 X118.822 Y106.508 E.00949
G1 X113.522 Y106.508 E.12982
G1 X113.756 Y106.895 E.01109
G1 X118.82 Y106.895 E.12402
G1 X118.817 Y107.283 E.00949
G1 X113.946 Y107.283 E.11932
G1 X114.104 Y107.671 E.01025
G1 X118.815 Y107.671 E.1154
G1 X118.813 Y108.058 E.00949
G1 X114.196 Y108.058 E.11308
G1 X114.262 Y108.339 E.00706
G1 X114.27 Y108.446 E.00263
G1 X118.811 Y108.446 E.11122
G1 X118.809 Y108.833 E.00949
G1 X114.298 Y108.833 E.11048
G1 X114.303 Y109.221 E.00949
G1 X118.806 Y109.221 E.11031
G1 X118.804 Y109.608 E.00949
G1 X114.3 Y109.608 E.11031
G1 X114.298 Y109.996 E.00949
G1 X118.802 Y109.996 E.11031
G1 X118.8 Y110.384 E.00949
G1 X114.296 Y110.384 E.11031
G1 X114.294 Y110.771 E.00949
G1 X118.797 Y110.771 E.11031
G1 X118.795 Y111.159 E.00949
G1 X114.287 Y111.159 E.11041
G1 X114.254 Y111.546 E.00953
G1 X118.793 Y111.546 E.11116
G1 X118.791 Y111.934 E.00949
G1 X114.182 Y111.934 E.11289
G1 X114.086 Y112.322 E.00978
G1 X118.789 Y112.322 E.11517
G1 X118.786 Y112.709 E.00949
G1 X113.927 Y112.709 E.11903
G1 X113.819 Y112.964 E.00678
G1 X113.737 Y113.097 E.00381
G1 X118.784 Y113.097 E.12362
G1 X118.782 Y113.484 E.00949
G1 X113.496 Y113.484 E.12946
G1 X113.175 Y113.872 E.01234
G1 X118.78 Y113.872 E.13728
G1 X118.778 Y114.259 E.00949
G1 X112.773 Y114.259 E.14708
G1 X112.505 Y114.485 E.00858
G1 X112.238 Y114.647 E.00764
G1 X118.775 Y114.647 E.16012
G1 X118.773 Y115.035 E.00949
G1 X111.438 Y115.035 E.17967
G1 X111.301 Y115.09 E.0036
G1 X110.644 Y115.244 E.01655
G1 X109.97 Y115.293 E.01655
G1 X109.297 Y115.236 E.01655
G1 X108.64 Y115.075 E.01655
G1 X108.545 Y115.035 E.00255
G1 X101.169 Y115.035 E.18065
G1 X101.167 Y115.422 E.00949
G1 X118.771 Y115.422 E.43117
G1 X118.769 Y115.81 E.00949
G1 X101.165 Y115.81 E.43117
G1 X101.163 Y116.197 E.00949
G1 X118.766 Y116.197 E.43117
G1 X118.764 Y116.585 E.00949
G1 X101.16 Y116.585 E.43117
G1 X101.158 Y116.972 E.00949
G1 X118.762 Y116.972 E.43117
G1 X118.76 Y117.36 E.00949
G1 X101.156 Y117.36 E.43117
G1 X101.154 Y117.748 E.00949
G1 X118.758 Y117.748 E.43117
G1 X118.755 Y118.135 E.00949
G1 X101.152 Y118.135 E.43117
G1 X101.149 Y118.523 E.00949
G1 X118.753 Y118.523 E.43117
G1 X118.751 Y118.91 E.00949
G1 X101.147 Y118.91 E.43117
G1 X101.145 Y119.298 E.00949
G1 X118.749 Y119.298 E.43117
G1 X118.747 Y119.686 E.00949
G1 X101.143 Y119.686 E.43117
G1 X101.14 Y120.073 E.00949
G1 X118.744 Y120.073 E.43117
G1 X118.742 Y120.461 E.00949
G1 X101.138 Y120.461 E.43117
G1 X101.136 Y120.848 E.00949
G1 X118.74 Y120.848 E.43117
G1 X118.738 Y121.236 E.00949
G1 X101.134 Y121.236 E.43117
G1 X101.132 Y121.623 E.00949
G1 X118.735 Y121.623 E.43117
G1 X118.733 Y122.011 E.00949
G1 X101.129 Y122.011 E.43117
G1 X101.127 Y122.399 E.00949
G1 X118.731 Y122.399 E.43117
G1 X118.729 Y122.786 E.00949
G1 X101.125 Y122.786 E.43117
G1 X101.123 Y123.174 E.00949
G1 X118.727 Y123.174 E.43117
G1 X118.724 Y123.561 E.00949
G1 X101.121 Y123.561 E.43117
G1 X101.118 Y123.949 E.00949
G1 X118.722 Y123.949 E.43117
G1 X118.72 Y124.336 E.00949
G1 X101.116 Y124.336 E.43117
G1 X101.114 Y124.724 E.00949
G1 X107.684 Y124.724 E.16093
G1 X107.057 Y125.112 E.01807
G1 X101.112 Y125.112 E.14561
G1 X101.109 Y125.499 E.00949
G1 X106.597 Y125.499 E.13441
G1 X106.513 Y125.57 E.0027
G1 X106.24 Y125.887 E.01024
G1 X101.107 Y125.887 E.12571
G1 X101.105 Y126.274 E.00949
G1 X105.937 Y126.274 E.11836
G1 X105.697 Y126.662 E.01117
G1 X101.103 Y126.662 E.11252
G1 X101.101 Y127.05 E.00949
G1 X105.51 Y127.05 E.10799
G1 X105.347 Y127.437 E.0103
G1 X101.098 Y127.437 E.10405
G1 X101.096 Y127.825 E.00949
G1 X105.244 Y127.825 E.1016
G1 X105.149 Y128.212 E.00977
G1 X101.094 Y128.212 E.09933
G1 X101.092 Y128.6 E.00949
G1 X105.117 Y128.6 E.09858
G1 X105.093 Y128.987 E.00951
G1 X101.09 Y128.987 E.09806
G1 X101.087 Y129.375 E.00949
G1 X105.091 Y129.375 E.09806
G1 X105.089 Y129.763 E.00949
G1 X101.085 Y129.763 E.09806
G1 X101.083 Y130.15 E.00949
G1 X105.087 Y130.15 E.09806
G1 X105.084 Y130.538 E.00949
G1 X101.081 Y130.538 E.09806
G1 X101.078 Y130.925 E.00949
G1 X105.082 Y130.925 E.09806
G1 X105.101 Y131.313 E.0095
G1 X101.076 Y131.313 E.09857
G1 X101.074 Y131.7 E.00949
G1 X105.129 Y131.7 E.09931
G1 X105.218 Y132.088 E.00974
G1 X101.072 Y132.088 E.10154
G1 X101.07 Y132.476 E.00949
G1 X105.313 Y132.476 E.10394
G1 X105.471 Y132.863 E.01025
G1 X101.067 Y132.863 E.10786
G1 X101.065 Y133.251 E.00949
G1 X105.65 Y133.251 E.1123
G1 X105.885 Y133.638 E.01109
G1 X101.063 Y133.638 E.1181
G1 X101.061 Y134.026 E.00949
G1 X106.176 Y134.026 E.12528
G1 X106.518 Y134.414 E.01266
G1 X101.059 Y134.414 E.13371
G1 X101.056 Y134.801 E.00949
G1 X106.966 Y134.801 E.14475
G1 X107.034 Y134.859 E.00217
G1 X107.565 Y135.189 E.01531
G1 X101.054 Y135.189 E.15946
G1 X101.052 Y135.576 E.00949
G1 X108.479 Y135.576 E.18191
G1 X109.101 Y135.729 E.01569
G1 X109.853 Y135.793 E.01847
G1 X110.605 Y135.738 E.01847
G1 X111.296 Y135.576 E.01738
G1 X118.656 Y135.576 E.18027
G1 X118.654 Y135.964 E.00949
G1 X101.05 Y135.964 E.43117
G1 X101.048 Y136.351 E.00949
G1 X118.651 Y136.351 E.43117
G1 X118.649 Y136.739 E.00949
G1 X101.045 Y136.739 E.43117
G1 X101.043 Y137.127 E.00949
G1 X118.647 Y137.127 E.43117
G1 X118.645 Y137.514 E.00949
G1 X101.041 Y137.514 E.43117
G1 X101.039 Y137.902 E.00949
G1 X118.643 Y137.902 E.43117
G1 X118.64 Y138.289 E.00949
G1 X101.036 Y138.289 E.43117
G1 X101.034 Y138.677 E.00949
G1 X118.638 Y138.677 E.43117
G1 X118.636 Y139.064 E.00949
G1 X101.032 Y139.064 E.43117
G1 X101.03 Y139.452 E.00949
G1 X118.807 Y139.452 E.43542
G1 X118.832 Y135.189 F18000
G1 F6000
G1 X112.191 Y135.189 E.16265
G1 X112.682 Y134.891 E.01407
G1 X112.789 Y134.801 E.00343
G1 X118.66 Y134.801 E.1438
G1 X118.662 Y134.414 E.00949
G1 X113.248 Y134.414 E.13261
G1 X113.586 Y134.026 E.01259
G1 X118.665 Y134.026 E.12439
G1 X118.667 Y133.638 E.00949
G1 X113.873 Y133.638 E.11741
G1 X114.114 Y133.251 E.01117
G1 X118.669 Y133.251 E.11157
G1 X118.671 Y132.863 E.00949
G1 X114.288 Y132.863 E.10735
G1 X114.447 Y132.476 E.01026
G1 X118.673 Y132.476 E.10351
G1 X118.676 Y132.088 E.00949
G1 X114.543 Y132.088 E.10123
G1 X114.627 Y131.7 E.00972
G1 X118.678 Y131.7 E.09921
G1 X118.68 Y131.313 E.00949
G1 X114.66 Y131.313 E.09846
G1 X114.679 Y130.925 E.0095
G1 X118.682 Y130.925 E.09806
G1 X118.685 Y130.538 E.00949
G1 X114.681 Y130.538 E.09806
G1 X114.683 Y130.15 E.00949
G1 X118.687 Y130.15 E.09806
G1 X118.689 Y129.763 E.00949
G1 X114.685 Y129.763 E.09806
G1 X114.688 Y129.375 E.00949
G1 X118.691 Y129.375 E.09806
G1 X118.693 Y128.987 E.00949
G1 X114.69 Y128.987 E.09806
G1 X114.666 Y128.6 E.00951
G1 X118.696 Y128.6 E.09869
G1 X118.698 Y128.212 E.00949
G1 X114.63 Y128.212 E.09963
G1 X114.539 Y127.825 E.00975
G1 X118.7 Y127.825 E.10191
G1 X118.702 Y127.437 E.00949
G1 X114.433 Y127.437 E.10458
G1 X114.275 Y127.05 E.01025
G1 X118.704 Y127.05 E.1085
G1 X118.707 Y126.662 E.00949
G1 X114.083 Y126.662 E.11324
G1 X113.849 Y126.274 E.01109
G1 X118.709 Y126.274 E.11903
G1 X118.711 Y125.887 E.00949
G1 X113.543 Y125.887 E.12658
G1 X113.309 Y125.609 E.0089
G1 X113.181 Y125.499 E.00412
G1 X118.713 Y125.499 E.13549
G1 X118.716 Y125.112 E.00949
G1 X112.731 Y125.112 E.14659
G1 X112.106 Y124.724 E.018
G1 X118.891 Y124.724 E.16619
; stop printing object pigtail_slot_coupon.stl id:2099807082496 copy 0
M106 S102
;LAYER_CHANGE
;Z:0.72
;HEIGHT:0.16
G92 E0 ; zero the extruded length again
; BEFORE_LAYER_CHANGE 3 @ 0.72mm
G1 E-1.75 F6000
;WIPE_START
G1 X117.891 Y124.724 E-.75
;WIPE_END
; AFTER_LAYER_CHANGE 3 @ 0.72mm
;_SET_FAN_SPEED_CHANGING_LAYER
; printing object pigtail_slot_coupon.stl id:2099807082496 copy 0
G1 F18000
G1 X117.729 Y125.227 Z0.748571
G1 X117.236 Y125.413 Z0.777143
G1 X116.782 Y125.144 Z0.805714
G1 X116.709 Y124.621 Z0.834286
G1 X117.073 Y124.238 Z0.862857
G1 X117.599 Y124.284 Z0.891429
G1 X117.891 Y124.724 Z0.92
G1 X120.197 Y141.423 Z.92
G1 X120.197 Y141.423
G1 X120.608 Y141.839
G1 Z.72
G1 E2.5 F6000
M204 P1000
;TYPE:Outer wall
;WIDTH:0.42
G1 F3600
G1 X99.029 Y141.716 E.52594
G1 X99.37 Y82.014 E1.45507
G1 X103.269 Y78.159 E.13363
G1 X118.301 Y78.245 E.36638
G1 X120.971 Y78.26 E.06507
G1 X120.609 Y141.779 E1.54809
G1 X120.197 Y141.423 F18000
G1 X120.21 Y141.436
M204 P1500
;TYPE:Inner wall
;WIDTH:0.45
G1 F6000
G1 X99.432 Y141.317 E.54581
G1 X99.769 Y82.182 E1.55337
G1 X103.432 Y78.561 E.1353
G1 X118.299 Y78.646 E.39052
G1 X120.568 Y78.658 E.05961
G1 X120.21 Y141.376 E1.64747
G1 X119.797 Y141.018 F18000
G1 F6000
G1 X99.85 Y140.904 E.52397
G1 X100.184 Y82.357 E1.53793
G1 X103.602 Y78.977 E.12626
G1 X118.297 Y79.061 E.386
G1 X120.15 Y79.072 E.04869
G1 X119.797 Y140.958 E1.62563
G1 X119.383 Y140.6 F18000
G1 F6000
G1 X100.268 Y140.491 E.50213
G1 X100.599 Y82.531 E1.52249
G1 X103.772 Y79.394 E.11721
G1 X118.294 Y79.477 E.38148
G1 X119.732 Y79.485 E.03777
G1 X119.384 Y140.54 E1.60379
G1 X118.97 Y140.182 F18000
G1 F6000
G1 X100.686 Y140.078 E.48029
G1 X101.013 Y82.706 E1.50705
G1 X103.942 Y79.811 E.10817
G1 X118.292 Y79.892 E.37695
G1 X119.314 Y79.898 E.02685
G1 X118.97 Y140.122 E1.58196
G1 E-1.75
;WIPE_START
G1 X117.97 Y140.12 E-.75
;WIPE_END
G1 X114.89 Y137.866 Z.92 F18000
G1 X109.894 Y134.211 Z.92
G1 X109.864 Y133.799
G1 Z.72
G1 E2.5 F6000
M204 P1000
;TYPE:Outer wall
;WIDTH:0.42
G1 F3600
G1 X110.304 Y133.766 E.01075
G1 X110.733 Y133.666 E.01075
G1 X111.142 Y133.499 E.01075
G1 X111.519 Y133.271 E.01075
G1 X111.856 Y132.987 E.01075
G1 X112.145 Y132.653 E.01075
G1 X112.377 Y132.278 E.01075
G1 X112.548 Y131.871 E.01075
G1 X112.654 Y131.443 E.01075
G1 X112.69 Y131.016 E.01045
G1 X112.702 Y128.992 E.04934
G1 X112.67 Y128.564 E.01045
G1 X112.57 Y128.134 E.01075
G1 X112.403 Y127.726 E.01075
G1 X112.175 Y127.348 E.01075
G1 X111.89 Y127.011 E.01075
G1 X111.557 Y126.723 E.01075
G1 X111.182 Y126.49 E.01075
G1 X110.775 Y126.319 E.01075
G1 X110.347 Y126.214 E.01075
G1 X109.908 Y126.177 E.01075
G1 X109.54 Y126.204 E.00897
G1 X109.04 Y126.308 E.01245
G1 X108.63 Y126.476 E.01081
G1 X108.252 Y126.704 E.01075
G1 X107.915 Y126.989 E.01075
G1 X107.627 Y127.322 E.01075
G1 X107.394 Y127.697 E.01075
G1 X107.223 Y128.104 E.01075
G1 X107.118 Y128.532 E.01075
G1 X107.082 Y128.959 E.01045
G1 X107.07 Y130.984 E.04934
G1 X107.101 Y131.412 E.01045
G1 X107.202 Y131.841 E.01075
G1 X107.368 Y132.249 E.01075
G1 X107.597 Y132.627 E.01075
G1 X107.881 Y132.964 E.01075
G1 X108.215 Y133.252 E.01075
G1 X108.59 Y133.485 E.01075
G1 X108.996 Y133.656 E.01075
G1 X109.424 Y133.761 E.01075
G1 X109.804 Y133.793 E.00929
G1 X109.769 Y134.206 F18000
G1 X109.833 Y134.211
G1 X109.834 Y134.198
M204 P1500
;TYPE:Inner wall
;WIDTH:0.45
G1 F6000
G1 X109.862 Y134.2 E.00074
G1 X110.365 Y134.164 E.01324
G1 X110.855 Y134.049 E.01324
G1 X111.322 Y133.859 E.01324
G1 X111.754 Y133.598 E.01324
G1 X112.139 Y133.272 E.01324
G1 X112.469 Y132.891 E.01324
G1 X112.734 Y132.463 E.01324
G1 X112.93 Y131.998 E.01324
G1 X113.05 Y131.508 E.01324
G1 X113.091 Y131.034 E.01251
G1 X113.102 Y128.978 E.054
G1 X113.068 Y128.503 E.01251
G1 X112.953 Y128.012 E.01324
G1 X112.762 Y127.545 E.01324
G1 X112.501 Y127.114 E.01324
G1 X112.176 Y126.729 E.01324
G1 X111.795 Y126.399 E.01324
G1 X111.366 Y126.133 E.01324
G1 X110.902 Y125.938 E.01324
G1 X110.412 Y125.817 E.01324
G1 X109.91 Y125.775 E.01324
G1 X109.485 Y125.806 E.0112
G1 X108.923 Y125.924 E.01508
G1 X108.449 Y126.117 E.01343
G1 X108.018 Y126.378 E.01324
G1 X107.633 Y126.703 E.01324
G1 X107.303 Y127.084 E.01324
G1 X107.037 Y127.513 E.01324
G1 X106.842 Y127.977 E.01324
G1 X106.721 Y128.467 E.01324
G1 X106.681 Y128.941 E.01251
G1 X106.669 Y130.997 E.054
G1 X106.704 Y131.472 E.01251
G1 X106.819 Y131.963 E.01324
G1 X107.009 Y132.43 E.01324
G1 X107.27 Y132.861 E.01324
G1 X107.595 Y133.247 E.01324
G1 X107.977 Y133.576 E.01324
G1 X108.405 Y133.842 E.01324
G1 X108.87 Y134.037 E.01324
G1 X109.359 Y134.158 E.01324
G1 X109.774 Y134.193 E.01093
G1 X109.916 Y134.613 F18000
G1 F6000
G1 X110.427 Y134.576 E.01346
G1 X110.982 Y134.446 E.01496
G1 X111.509 Y134.231 E.01496
G1 X111.997 Y133.936 E.01496
G1 X112.432 Y133.569 E.01496
G1 X112.804 Y133.138 E.01496
G1 X113.105 Y132.654 E.01496
G1 X113.326 Y132.129 E.01496
G1 X113.462 Y131.576 E.01496
G1 X113.506 Y131.053 E.0138
G1 X113.518 Y128.964 E.05486
G1 X113.48 Y128.44 E.0138
G1 X113.35 Y127.886 E.01496
G1 X113.135 Y127.358 E.01496
G1 X112.84 Y126.871 E.01496
G1 X112.473 Y126.436 E.01496
G1 X112.042 Y126.063 E.01496
G1 X111.558 Y125.763 E.01496
G1 X111.033 Y125.542 E.01496
G1 X110.48 Y125.406 E.01496
G1 X109.912 Y125.358 E.01496
G1 X109.426 Y125.393 E.01279
G1 X108.801 Y125.525 E.0168
G1 X108.262 Y125.744 E.01528
G1 X107.775 Y126.039 E.01496
G1 X107.34 Y126.406 E.01496
G1 X106.967 Y126.837 E.01496
G1 X106.667 Y127.321 E.01496
G1 X106.446 Y127.846 E.01496
G1 X106.31 Y128.399 E.01496
G1 X106.265 Y128.923 E.0138
G1 X106.254 Y131.011 E.05486
G1 X106.292 Y131.535 E.0138
G1 X106.422 Y132.089 E.01496
G1 X106.637 Y132.617 E.01496
G1 X106.931 Y133.104 E.01496
G1 X107.299 Y133.54 E.01496
G1 X107.73 Y133.912 E.01496
G1 X108.214 Y134.212 E.01496
G1 X108.739 Y134.433 E.01496
G1 X109.292 Y134.569 E.01496
G1 X109.857 Y134.617 E.01489
G1 X109.771 Y135.027 F18000
G1 F6000
G1 X109.857 Y135.034 E.00227
G1 X110.49 Y134.988 E.01668
G1 X111.109 Y134.843 E.01668
G1 X111.697 Y134.604 E.01668
G1 X112.24 Y134.275 E.01668
G1 X112.725 Y133.866 E.01668
G1 X113.14 Y133.385 E.01668
G1 X113.475 Y132.845 E.01668
G1 X113.722 Y132.26 E.01668
G1 X113.873 Y131.644 E.01668
G1 X113.922 Y131.071 E.01508
G1 X113.934 Y128.95 E.05572
G1 X113.892 Y128.377 E.01509
G1 X113.747 Y127.759 E.01668
G1 X113.508 Y127.171 E.01668
G1 X113.179 Y126.628 E.01668
G1 X112.769 Y126.142 E.01668
G1 X112.289 Y125.727 E.01668
G1 X111.749 Y125.393 E.01668
G1 X111.164 Y125.146 E.01668
G1 X110.547 Y124.994 E.01668
G1 X109.915 Y124.941 E.01668
G1 X109.368 Y124.981 E.01439
G1 X108.679 Y125.126 E.01852
G1 X108.075 Y125.372 E.01712
G1 X107.532 Y125.7 E.01668
G1 X107.046 Y126.11 E.01668
G1 X106.631 Y126.59 E.01668
G1 X106.296 Y127.13 E.01668
G1 X106.05 Y127.715 E.01668
G1 X105.898 Y128.332 E.01668
G1 X105.85 Y128.904 E.01508
G1 X105.838 Y131.025 E.05572
G1 X105.88 Y131.598 E.01509
G1 X106.024 Y132.216 E.01668
G1 X106.264 Y132.804 E.01668
G1 X106.593 Y133.348 E.01668
G1 X107.002 Y133.833 E.01668
G1 X107.483 Y134.248 E.01668
G1 X108.022 Y134.583 E.01668
G1 X108.608 Y134.829 E.01668
G1 X109.224 Y134.981 E.01668
G1 X109.711 Y135.022 E.01284
G1 X109.97 Y135.443 F18000
G1 F6000
G1 X110.553 Y135.4 E.01537
G1 X111.235 Y135.241 E.0184
G1 X111.884 Y134.976 E.0184
G1 X112.483 Y134.614 E.0184
G1 X113.018 Y134.162 E.0184
G1 X113.476 Y133.632 E.0184
G1 X113.846 Y133.037 E.0184
G1 X114.117 Y132.391 E.0184
G1 X114.285 Y131.711 E.0184
G1 X114.337 Y131.09 E.01637
G1 X114.35 Y128.936 E.05657
G1 X114.304 Y128.315 E.01637
G1 X114.145 Y127.633 E.01839
G1 X113.88 Y126.984 E.0184
G1 X113.518 Y126.385 E.0184
G1 X113.066 Y125.849 E.0184
G1 X112.536 Y125.391 E.0184
G1 X111.941 Y125.022 E.0184
G1 X111.295 Y124.75 E.0184
G1 X110.615 Y124.583 E.01839
G1 X109.917 Y124.524 E.0184
G1 X109.31 Y124.568 E.01598
G1 X108.556 Y124.726 E.02023
G1 X107.888 Y124.999 E.01897
G1 X107.289 Y125.362 E.0184
G1 X106.753 Y125.813 E.0184
G1 X106.295 Y126.343 E.0184
G1 X105.926 Y126.939 E.0184
G1 X105.654 Y127.584 E.0184
G1 X105.487 Y128.264 E.0184
G1 X105.434 Y128.885 E.01637
G1 X105.422 Y131.039 E.05657
G1 X105.467 Y131.661 E.01637
G1 X105.627 Y132.343 E.01839
G1 X105.891 Y132.991 E.0184
G1 X106.254 Y133.591 E.0184
G1 X106.706 Y134.126 E.0184
G1 X107.236 Y134.584 E.0184
G1 X107.831 Y134.953 E.0184
G1 X108.476 Y135.225 E.0184
G1 X109.157 Y135.392 E.0184
G1 X109.855 Y135.451 E.0184
G1 X109.91 Y135.447 E.00146
G1 E-1.75
;WIPE_START
G1 X110.553 Y135.4 E-.48381
G1 X110.899 Y135.319 E-.26619
;WIPE_END
G1 X112.479 Y132.899 Z.92 F18000
G1 X112.746 Y132.469
G1 X112.942 Y132.002
G1 X113.063 Y131.51
G1 X113.103 Y131.034
G1 X113.115 Y128.978
G1 X112.729 Y108.975
G1 X112.7 Y108.577
G1 X112.603 Y108.16
G1 X112.441 Y107.764
G1 X112.22 Y107.398
G1 X111.944 Y107.072
G1 X111.62 Y106.792
G1 X111.257 Y106.566
G1 X110.863 Y106.4
G1 X110.447 Y106.298
G1 X110.352 Y106.29
G1 X110.128 Y93.212
G1 X110.098 Y92.799
G1 Z.72
G1 E2.5 F6000
M204 P1000
;TYPE:Outer wall
;WIDTH:0.42
G1 F3600
G1 X110.382 Y92.778 E.00693
G1 X110.658 Y92.714 E.00693
G1 X110.921 Y92.606 E.00693
G1 X111.165 Y92.459 E.00692
G1 X111.382 Y92.276 E.00692
G1 X111.568 Y92.061 E.00693
G1 X111.717 Y91.82 E.00693
G1 X111.828 Y91.558 E.00693
G1 X111.896 Y91.282 E.00692
G1 X111.918 Y91.011 E.00663
G1 X111.93 Y88.986 E.04934
G1 X111.91 Y88.715 E.00663
G1 X111.845 Y88.439 E.00692
G1 X111.738 Y88.175 E.00693
G1 X111.591 Y87.932 E.00693
G1 X111.408 Y87.715 E.00693
G1 X111.193 Y87.529 E.00692
G1 X110.951 Y87.379 E.00692
G1 X110.689 Y87.269 E.00693
G1 X110.413 Y87.201 E.00693
G1 X110.13 Y87.177 E.00693
G1 X109.895 Y87.195 E.00575
G1 X109.573 Y87.262 E.00802
G1 X109.307 Y87.37 E.00699
G1 X109.064 Y87.517 E.00692
G1 X108.847 Y87.7 E.00692
G1 X108.661 Y87.915 E.00693
G1 X108.511 Y88.157 E.00693
G1 X108.401 Y88.419 E.00693
G1 X108.333 Y88.695 E.00692
G1 X108.31 Y88.966 E.00663
G1 X108.298 Y90.99 E.04934
G1 X108.318 Y91.261 E.00663
G1 X108.383 Y91.538 E.00692
G1 X108.49 Y91.801 E.00693
G1 X108.637 Y92.044 E.00693
G1 X108.821 Y92.262 E.00693
G1 X109.036 Y92.447 E.00692
G1 X109.277 Y92.597 E.00692
G1 X109.539 Y92.707 E.00693
G1 X109.815 Y92.775 E.00693
G1 X110.038 Y92.794 E.00546
G1 X110.004 Y93.206 F18000
G1 X110.067 Y93.212
G1 X110.068 Y93.199
M204 P1500
;TYPE:Inner wall
;WIDTH:0.45
G1 F6000
G1 X110.096 Y93.201 E.00074
G1 X110.442 Y93.176 E.00912
G1 X110.78 Y93.097 E.00912
G1 X111.102 Y92.966 E.00912
G1 X111.399 Y92.786 E.00912
G1 X111.664 Y92.562 E.00912
G1 X111.891 Y92.299 E.00912
G1 X112.074 Y92.004 E.00912
G1 X112.209 Y91.684 E.00912
G1 X112.292 Y91.347 E.00912
G1 X112.319 Y91.029 E.00839
G1 X112.331 Y88.973 E.054
G1 X112.307 Y88.655 E.00839
G1 X112.228 Y88.317 E.00912
G1 X112.097 Y87.995 E.00912
G1 X111.918 Y87.698 E.00912
G1 X111.694 Y87.432 E.00912
G1 X111.431 Y87.206 E.00912
G1 X111.136 Y87.022 E.00912
G1 X110.816 Y86.888 E.00912
G1 X110.479 Y86.805 E.00912
G1 X110.133 Y86.775 E.00912
G1 X109.839 Y86.797 E.00773
G1 X109.455 Y86.877 E.0103
G1 X109.127 Y87.011 E.00932
G1 X108.83 Y87.191 E.00912
G1 X108.564 Y87.415 E.00912
G1 X108.337 Y87.677 E.00912
G1 X108.154 Y87.972 E.00912
G1 X108.019 Y88.293 E.00912
G1 X107.936 Y88.63 E.00912
G1 X107.909 Y88.948 E.00839
G1 X107.898 Y91.004 E.054
G1 X107.921 Y91.322 E.00839
G1 X108 Y91.66 E.00912
G1 X108.131 Y91.982 E.00912
G1 X108.311 Y92.279 E.00912
G1 X108.535 Y92.544 E.00912
G1 X108.798 Y92.771 E.00912
G1 X109.093 Y92.954 E.00912
G1 X109.413 Y93.089 E.00912
G1 X109.75 Y93.172 E.00912
G1 X110.008 Y93.194 E.0068
G1 X110.036 Y93.613 F18000
G1 F6000
G1 X110.093 Y93.618 E.0015
G1 X110.505 Y93.588 E.01084
G1 X110.907 Y93.494 E.01084
G1 X111.289 Y93.338 E.01084
G1 X111.642 Y93.125 E.01083
G1 X111.957 Y92.859 E.01084
G1 X112.227 Y92.546 E.01084
G1 X112.445 Y92.196 E.01084
G1 X112.605 Y91.815 E.01084
G1 X112.704 Y91.415 E.01084
G1 X112.735 Y91.048 E.00968
G1 X112.746 Y88.959 E.05486
G1 X112.72 Y88.592 E.00968
G1 X112.626 Y88.19 E.01084
G1 X112.47 Y87.808 E.01084
G1 X112.256 Y87.455 E.01084
G1 X111.99 Y87.139 E.01084
G1 X111.678 Y86.87 E.01084
G1 X111.327 Y86.652 E.01084
G1 X110.947 Y86.492 E.01084
G1 X110.546 Y86.393 E.01084
G1 X110.135 Y86.359 E.01084
G1 X109.781 Y86.384 E.00932
G1 X109.333 Y86.478 E.01202
G1 X108.939 Y86.638 E.01117
G1 X108.586 Y86.852 E.01084
G1 X108.271 Y87.118 E.01084
G1 X108.001 Y87.43 E.01084
G1 X107.784 Y87.781 E.01084
G1 X107.624 Y88.161 E.01084
G1 X107.525 Y88.562 E.01084
G1 X107.494 Y88.929 E.00968
G1 X107.482 Y91.018 E.05486
G1 X107.509 Y91.385 E.00968
G1 X107.603 Y91.787 E.01084
G1 X107.759 Y92.169 E.01084
G1 X107.972 Y92.522 E.01084
G1 X108.238 Y92.837 E.01084
G1 X108.551 Y93.107 E.01084
G1 X108.901 Y93.325 E.01084
G1 X109.282 Y93.485 E.01084
G1 X109.682 Y93.583 E.01084
G1 X109.977 Y93.608 E.00776
G1 X110.177 Y94.029 F18000
G1 F6000
G1 X110.568 Y94 E.01029
G1 X111.033 Y93.891 E.01256
G1 X111.476 Y93.711 E.01256
G1 X111.885 Y93.463 E.01255
G1 X112.25 Y93.155 E.01256
G1 X112.563 Y92.793 E.01256
G1 X112.815 Y92.387 E.01256
G1 X113.001 Y91.946 E.01256
G1 X113.115 Y91.482 E.01255
G1 X113.15 Y91.066 E.01097
G1 X113.162 Y88.945 E.05572
G1 X113.132 Y88.529 E.01097
G1 X113.023 Y88.063 E.01255
G1 X112.842 Y87.621 E.01256
G1 X112.595 Y87.212 E.01256
G1 X112.287 Y86.846 E.01256
G1 X111.925 Y86.534 E.01256
G1 X111.519 Y86.282 E.01255
G1 X111.078 Y86.096 E.01256
G1 X110.614 Y85.982 E.01256
G1 X110.137 Y85.942 E.01256
G1 X109.723 Y85.972 E.0109
G1 X109.211 Y86.079 E.01374
G1 X108.752 Y86.266 E.01302
G1 X108.343 Y86.513 E.01255
G1 X107.978 Y86.822 E.01256
G1 X107.665 Y87.183 E.01256
G1 X107.413 Y87.59 E.01256
G1 X107.228 Y88.03 E.01256
G1 X107.113 Y88.494 E.01255
G1 X107.078 Y88.91 E.01096
G1 X107.066 Y91.031 E.05572
G1 X107.097 Y91.448 E.01097
G1 X107.206 Y91.913 E.01255
G1 X107.386 Y92.356 E.01256
G1 X107.633 Y92.765 E.01256
G1 X107.942 Y93.13 E.01256
G1 X108.304 Y93.443 E.01256
G1 X108.71 Y93.695 E.01255
G1 X109.151 Y93.881 E.01256
G1 X109.615 Y93.995 E.01256
G1 X110.091 Y94.035 E.01256
G1 X110.117 Y94.033 E.00069
G1 X109.974 Y94.442 F18000
G1 F6000
G1 X110.089 Y94.452 E.00303
G1 X110.631 Y94.412 E.01428
G1 X111.16 Y94.289 E.01427
G1 X111.663 Y94.083 E.01428
G1 X112.128 Y93.802 E.01427
G1 X112.544 Y93.452 E.01428
G1 X112.899 Y93.04 E.01428
G1 X113.186 Y92.578 E.01428
G1 X113.397 Y92.077 E.01428
G1 X113.526 Y91.55 E.01427
G1 X113.566 Y91.085 E.01225
G1 X113.578 Y88.931 E.05657
G1 X113.544 Y88.466 E.01225
G1 X113.42 Y87.937 E.01427
G1 X113.215 Y87.434 E.01428
G1 X112.934 Y86.968 E.01428
G1 X112.583 Y86.553 E.01428
G1 X112.172 Y86.198 E.01428
G1 X111.71 Y85.911 E.01427
G1 X111.209 Y85.7 E.01428
G1 X110.681 Y85.57 E.01428
G1 X110.14 Y85.525 E.01428
G1 X109.665 Y85.559 E.01249
G1 X109.089 Y85.68 E.01546
G1 X108.565 Y85.893 E.01487
G1 X108.1 Y86.174 E.01427
G1 X107.685 Y86.525 E.01428
G1 X107.329 Y86.936 E.01428
G1 X107.043 Y87.398 E.01428
G1 X106.832 Y87.899 E.01428
G1 X106.702 Y88.427 E.01427
G1 X106.663 Y88.892 E.01225
G1 X106.65 Y91.045 E.05657
G1 X106.684 Y91.511 E.01225
G1 X106.808 Y92.04 E.01427
G1 X107.013 Y92.543 E.01428
G1 X107.295 Y93.008 E.01428
G1 X107.645 Y93.424 E.01428
G1 X108.057 Y93.779 E.01428
G1 X108.518 Y94.065 E.01427
G1 X109.019 Y94.276 E.01428
G1 X109.547 Y94.406 E.01428
G1 X109.914 Y94.437 E.00967
G1 E-1.75
;WIPE_START
G1 X110.089 Y94.452 E-.13158
G1 X110.631 Y94.412 E-.4076
G1 X110.904 Y94.348 E-.21081
;WIPE_END
G1 X111.382 Y98.135 Z.92 F18000
G1 X112.7 Y108.577 Z.92
G1 X112.729 Y108.975
G1 X112.718 Y111.032
G1 X112.684 Y111.43
G1 X112.582 Y111.845
G1 X112.416 Y112.239
G1 X112.19 Y112.603
G1 X111.911 Y112.926
G1 X111.584 Y113.202
G1 X111.218 Y113.424
G1 X110.822 Y113.585
G1 X110.405 Y113.683
G1 X110.011 Y113.711
G1 X109.981 Y113.299
G1 Z.72
G1 E2.5 F6000
M204 P1000
;TYPE:Outer wall
;WIDTH:0.42
G1 F3600
G1 X110.343 Y113.272 E.00884
G1 X110.696 Y113.19 E.00884
G1 X111.032 Y113.053 E.00884
G1 X111.342 Y112.865 E.00884
G1 X111.619 Y112.631 E.00884
G1 X111.856 Y112.357 E.00884
G1 X112.047 Y112.049 E.00884
G1 X112.188 Y111.715 E.00884
G1 X112.275 Y111.362 E.00884
G1 X112.304 Y111.013 E.00854
G1 X112.316 Y108.989 E.04934
G1 X112.29 Y108.64 E.00854
G1 X112.208 Y108.286 E.00884
G1 X112.071 Y107.951 E.00884
G1 X111.883 Y107.64 E.00884
G1 X111.649 Y107.363 E.00884
G1 X111.375 Y107.126 E.00884
G1 X111.118 Y106.967 E.00736
G1 X110.735 Y106.795 E.01024
G1 X110.38 Y106.708 E.0089
G1 X110.019 Y106.677 E.00884
G1 X109.718 Y106.699 E.00736
G1 X109.306 Y106.785 E.01024
G1 X108.968 Y106.923 E.0089
G1 X108.658 Y107.111 E.00884
G1 X108.381 Y107.345 E.00884
G1 X108.144 Y107.619 E.00884
G1 X107.953 Y107.927 E.00884
G1 X107.812 Y108.261 E.00884
G1 X107.725 Y108.613 E.00884
G1 X107.696 Y108.963 E.00854
G1 X107.684 Y110.987 E.04934
G1 X107.71 Y111.336 E.00854
G1 X107.792 Y111.69 E.00884
G1 X107.929 Y112.025 E.00884
G1 X108.117 Y112.336 E.00884
G1 X108.351 Y112.613 E.00884
G1 X108.625 Y112.85 E.00884
G1 X108.933 Y113.041 E.00884
G1 X109.268 Y113.182 E.00884
G1 X109.62 Y113.268 E.00884
G1 X109.921 Y113.294 E.00738
G1 X109.886 Y113.706 F18000
G1 X109.979 Y113.714
G1 X110.008 Y113.712
G1 X110.007 Y113.699
M204 P1500
;TYPE:Inner wall
;WIDTH:0.45
G1 F6000
G1 X110.403 Y113.67 E.01044
G1 X110.818 Y113.573 E.01118
G1 X111.212 Y113.412 E.01118
G1 X111.576 Y113.192 E.01118
G1 X111.902 Y112.917 E.01118
G1 X112.18 Y112.595 E.01118
G1 X112.404 Y112.233 E.01118
G1 X112.57 Y111.841 E.01118
G1 X112.671 Y111.428 E.01118
G1 X112.705 Y111.031 E.01045
G1 X112.716 Y108.976 E.054
G1 X112.688 Y108.579 E.01045
G1 X112.591 Y108.164 E.01118
G1 X112.43 Y107.77 E.01118
G1 X112.21 Y107.406 E.01118
G1 X111.935 Y107.081 E.01118
G1 X111.613 Y106.802 E.01118
G1 X111.307 Y106.612 E.00947
G1 X110.866 Y106.414 E.01269
G1 X110.445 Y106.311 E.01137
G1 X110.021 Y106.275 E.01118
G1 X109.662 Y106.301 E.00947
G1 X109.189 Y106.4 E.01269
G1 X108.788 Y106.564 E.01137
G1 X108.424 Y106.784 E.01118
G1 X108.098 Y107.059 E.01118
G1 X107.82 Y107.381 E.01118
G1 X107.596 Y107.743 E.01118
G1 X107.43 Y108.135 E.01118
G1 X107.329 Y108.548 E.01118
G1 X107.295 Y108.945 E.01045
G1 X107.284 Y111 E.054
G1 X107.312 Y111.397 E.01045
G1 X107.409 Y111.812 E.01118
G1 X107.57 Y112.206 E.01118
G1 X107.79 Y112.57 E.01118
G1 X108.065 Y112.895 E.01118
G1 X108.387 Y113.174 E.01118
G1 X108.749 Y113.398 E.01118
G1 X109.141 Y113.563 E.01118
G1 X109.555 Y113.665 E.01118
G1 X109.947 Y113.698 E.01034
G1 X110.033 Y114.114 F18000
G1 F6000
G1 X110.466 Y114.082 E.0114
G1 X110.944 Y113.97 E.0129
G1 X111.399 Y113.785 E.0129
G1 X111.819 Y113.53 E.0129
G1 X112.195 Y113.214 E.0129
G1 X112.516 Y112.842 E.0129
G1 X112.775 Y112.425 E.0129
G1 X112.965 Y111.972 E.0129
G1 X113.083 Y111.495 E.0129
G1 X113.12 Y111.05 E.01173
G1 X113.132 Y108.962 E.05486
G1 X113.1 Y108.516 E.01174
G1 X112.988 Y108.038 E.0129
G1 X112.802 Y107.583 E.0129
G1 X112.548 Y107.163 E.0129
G1 X112.231 Y106.788 E.0129
G1 X111.86 Y106.466 E.0129
G1 X111.502 Y106.244 E.01106
G1 X111.002 Y106.02 E.01441
G1 X110.513 Y105.9 E.01322
G1 X110.024 Y105.858 E.0129
G1 X109.604 Y105.889 E.01106
G1 X109.067 Y106.001 E.01441
G1 X108.601 Y106.191 E.01322
G1 X108.181 Y106.445 E.0129
G1 X107.805 Y106.762 E.0129
G1 X107.484 Y107.134 E.0129
G1 X107.225 Y107.551 E.0129
G1 X107.035 Y108.004 E.0129
G1 X106.917 Y108.481 E.0129
G1 X106.88 Y108.926 E.01173
G1 X106.868 Y111.014 E.05486
G1 X106.9 Y111.46 E.01174
G1 X107.012 Y111.938 E.0129
G1 X107.198 Y112.393 E.0129
G1 X107.452 Y112.813 E.0129
G1 X107.769 Y113.188 E.0129
G1 X108.14 Y113.509 E.0129
G1 X108.557 Y113.768 E.0129
G1 X109.01 Y113.959 E.0129
G1 X109.487 Y114.076 E.0129
G1 X109.974 Y114.117 E.01283
G1 X110.06 Y114.528 F18000
G1 F6000
G1 X110.529 Y114.494 E.01235
G1 X111.071 Y114.367 E.01462
G1 X111.586 Y114.157 E.01462
G1 X112.063 Y113.869 E.01462
G1 X112.488 Y113.51 E.01462
G1 X112.852 Y113.089 E.01462
G1 X113.145 Y112.616 E.01462
G1 X113.361 Y112.103 E.01462
G1 X113.494 Y111.563 E.01462
G1 X113.536 Y111.069 E.01302
G1 X113.548 Y108.948 E.05572
G1 X113.512 Y108.453 E.01302
G1 X113.385 Y107.911 E.01462
G1 X113.175 Y107.396 E.01462
G1 X112.887 Y106.92 E.01462
G1 X112.528 Y106.494 E.01462
G1 X112.107 Y106.131 E.01462
G1 X111.698 Y105.877 E.01265
G1 X111.138 Y105.625 E.01613
G1 X110.581 Y105.488 E.01507
G1 X110.026 Y105.441 E.01462
G1 X109.546 Y105.476 E.01265
G1 X108.945 Y105.602 E.01613
G1 X108.414 Y105.819 E.01507
G1 X107.937 Y106.107 E.01462
G1 X107.512 Y106.466 E.01462
G1 X107.148 Y106.887 E.01462
G1 X106.855 Y107.36 E.01462
G1 X106.639 Y107.873 E.01462
G1 X106.506 Y108.413 E.01462
G1 X106.464 Y108.907 E.01302
G1 X106.452 Y111.028 E.05572
G1 X106.488 Y111.523 E.01302
G1 X106.615 Y112.065 E.01462
G1 X106.825 Y112.58 E.01462
G1 X107.113 Y113.056 E.01462
G1 X107.472 Y113.482 E.01462
G1 X107.893 Y113.845 E.01462
G1 X108.366 Y114.139 E.01462
G1 X108.879 Y114.355 E.01462
G1 X109.419 Y114.488 E.01462
G1 X109.974 Y114.535 E.01462
G1 X110 Y114.533 E.00069
G1 X110.087 Y114.943 F18000
G1 F6000
G1 X110.592 Y114.906 E.01331
G1 X111.198 Y114.765 E.01634
G1 X111.774 Y114.53 E.01634
G1 X112.306 Y114.208 E.01634
G1 X112.781 Y113.807 E.01634
G1 X113.188 Y113.336 E.01634
G1 X113.516 Y112.808 E.01634
G1 X113.757 Y112.234 E.01634
G1 X113.906 Y111.63 E.01634
G1 X113.951 Y111.087 E.01431
G1 X113.964 Y108.934 E.05657
G1 X113.924 Y108.39 E.01431
G1 X113.782 Y107.785 E.01634
G1 X113.548 Y107.209 E.01634
G1 X113.226 Y106.677 E.01634
G1 X112.824 Y106.201 E.01634
G1 X112.354 Y105.795 E.01634
G1 X111.893 Y105.509 E.01424
G1 X111.273 Y105.231 E.01785
G1 X110.648 Y105.077 E.01692
G1 X110.028 Y105.024 E.01634
G1 X109.488 Y105.064 E.01424
G1 X108.823 Y105.203 E.01785
G1 X108.226 Y105.446 E.01691
G1 X107.694 Y105.768 E.01634
G1 X107.219 Y106.169 E.01634
G1 X106.812 Y106.64 E.01634
G1 X106.484 Y107.168 E.01634
G1 X106.243 Y107.742 E.01634
G1 X106.094 Y108.346 E.01634
G1 X106.049 Y108.888 E.01431
G1 X106.036 Y111.042 E.05657
G1 X106.076 Y111.586 E.01431
G1 X106.218 Y112.191 E.01634
G1 X106.452 Y112.767 E.01634
G1 X106.774 Y113.299 E.01634
G1 X107.176 Y113.775 E.01634
G1 X107.646 Y114.181 E.01634
G1 X108.175 Y114.509 E.01634
G1 X108.748 Y114.751 E.01634
G1 X109.352 Y114.899 E.01634
G1 X109.972 Y114.952 E.01634
G1 X110.027 Y114.948 E.00145
G1 X106.1 Y112.344 F18000
M204 P2000
;TYPE:Internal solid infill
;WIDTH:0.424368
G1 F6000
G1 X106.1 Y126.049 E.33779
G1 X106.49 Y125.597 E.0147
G1 X106.49 Y113.487 E.2985
G1 X106.88 Y113.952 E.01497
G1 X106.88 Y125.261 E.27874
G1 X107.089 Y125.084 E.00676
G1 X107.27 Y124.975 E.0052
G1 X107.27 Y114.306 E.26296
G1 X107.444 Y114.457 E.00567
G1 X107.66 Y114.591 E.00626
G1 X107.66 Y124.739 E.25013
G1 X108.05 Y124.565 E.01052
G1 X108.05 Y114.826 E.24004
G1 X108.44 Y114.99 E.01043
G1 X108.44 Y124.406 E.23208
G1 X108.83 Y124.321 E.00984
G1 X108.83 Y115.121 E.22675
G1 X109.22 Y115.217 E.0099
G1 X109.22 Y124.239 E.22237
G1 X109.61 Y124.205 E.00965
G1 X109.61 Y115.263 E.2204
G1 X110 Y115.291 E.00964
G1 X110 Y124.189 E.21932
G1 X110.39 Y124.222 E.00965
G1 X110.39 Y115.263 E.22084
G1 X110.644 Y115.244 E.00627
G1 X110.78 Y115.212 E.00346
G1 X110.78 Y124.273 E.22333
G1 X111.17 Y124.369 E.0099
G1 X111.17 Y115.121 E.22795
G1 X111.301 Y115.09 E.00332
G1 X111.56 Y114.985 E.00689
G1 X111.56 Y124.492 E.23435
G1 X111.95 Y124.657 E.01043
G1 X111.95 Y114.821 E.24242
G1 X112.34 Y114.585 E.01124
G1 X112.34 Y124.869 E.25348
G1 X112.73 Y125.111 E.01132
G1 X112.73 Y114.295 E.26659
G1 X113.021 Y114.05 E.00939
G1 X113.12 Y113.935 E.00373
G1 X113.12 Y125.446 E.28373
G1 X113.309 Y125.609 E.00614
G1 X113.51 Y125.848 E.0077
G1 X113.51 Y113.462 E.30528
G1 X113.819 Y112.964 E.01444
G1 X113.9 Y112.772 E.00516
G1 X113.9 Y126.694 E.34317
G1 X114.29 Y127.548 F18000
G1 F6000
G1 X114.29 Y80.21 E1.16677
G1 X113.9 Y80.208 E.00961
G1 X113.9 Y107.632 E.67593
G1 X118.971 Y110.825 F18000
G1 F6000
G1 X118.971 Y80.237 E.75392
G1 X118.581 Y80.235 E.00961
G1 X118.581 Y139.839 E1.46912
G1 X118.191 Y139.837 E.00961
G1 X118.191 Y80.232 E1.46912
G1 X117.801 Y80.23 E.00961
G1 X117.801 Y139.835 E1.46912
G1 X117.411 Y139.833 E.00961
G1 X117.411 Y80.228 E1.46912
G1 X117.021 Y80.226 E.00961
G1 X117.021 Y139.83 E1.46912
G1 X116.631 Y139.828 E.00961
G1 X116.631 Y80.224 E1.46912
G1 X116.24 Y80.221 E.00961
G1 X116.24 Y139.826 E1.46912
G1 X115.85 Y139.824 E.00961
G1 X115.85 Y80.219 E1.46912
G1 X115.46 Y80.217 E.00961
G1 X115.46 Y139.821 E1.46912
G1 X115.07 Y139.819 E.00961
G1 X115.07 Y80.215 E1.46912
G1 X114.68 Y80.212 E.00961
G1 X114.68 Y139.817 E1.46912
G1 X114.29 Y139.815 E.00961
G1 X114.29 Y132.858 E.17146
G1 X114.149 Y133.194 E.00897
G1 X113.9 Y133.595 E.01163
G1 X113.9 Y139.813 E.15326
G1 X113.51 Y139.81 E.00961
G1 X113.51 Y134.113 E.14041
G1 X113.258 Y134.405 E.0095
G1 X113.12 Y134.522 E.00446
G1 X113.12 Y139.808 E.1303
G1 X112.73 Y139.806 E.00961
G1 X112.73 Y134.851 E.12213
G1 X112.34 Y135.098 E.01139
G1 X112.34 Y139.804 E.11598
G1 X111.95 Y139.801 E.00961
G1 X111.95 Y135.317 E.11053
G1 X111.56 Y135.476 E.01038
G1 X111.56 Y139.799 E.10656
G1 X111.17 Y139.797 E.00961
G1 X111.17 Y135.606 E.10331
G1 X110.78 Y135.697 E.00987
G1 X110.78 Y139.795 E.101
G1 X110.39 Y139.792 E.00961
G1 X110.39 Y135.754 E.09955
G1 X110 Y135.782 E.00964
G1 X110 Y139.79 E.09879
G1 X109.61 Y139.788 E.00961
G1 X109.61 Y135.772 E.09898
G1 X109.22 Y135.739 E.00965
G1 X109.22 Y139.786 E.09973
G1 X108.83 Y139.784 E.00961
G1 X108.83 Y135.663 E.10157
G1 X108.44 Y135.567 E.0099
G1 X108.44 Y139.781 E.10388
G1 X108.05 Y139.779 E.00961
G1 X108.05 Y135.415 E.10757
G1 X107.66 Y135.248 E.01046
G1 X107.66 Y139.777 E.11163
G1 X107.27 Y139.775 E.00961
G1 X107.27 Y135.006 E.11754
G1 X107.034 Y134.859 E.00685
G1 X106.88 Y134.726 E.00501
G1 X106.88 Y139.772 E.12438
G1 X106.49 Y139.77 E.00961
G1 X106.49 Y134.389 E.13263
G1 X106.1 Y133.936 E.01474
G1 X106.1 Y139.768 E.14375
G1 X105.71 Y139.766 E.00961
G1 X105.71 Y133.349 E.15816
G1 X105.586 Y133.145 E.00588
G1 X105.32 Y132.491 E.01741
G1 X105.32 Y139.764 E.17926
G1 X104.93 Y139.761 E.00961
G1 X104.93 Y80.157 E1.46912
G1 X105.32 Y80.159 E.00961
G1 X105.32 Y127.519 E1.16731
G1 X105.622 Y126.782 E.01964
G1 X105.71 Y126.641 E.00408
G1 X105.71 Y80.161 E1.14563
G1 X106.1 Y80.163 E.00961
G1 X106.1 Y107.204 E.6665
G1 X106.181 Y107.012 E.00516
G1 X106.49 Y106.514 E.01443
G1 X106.49 Y92.16 E.35379
G1 X106.708 Y92.696 E.01427
G1 X106.88 Y92.98 E.00817
G1 X106.88 Y106.041 E.32192
G1 X106.979 Y105.926 E.00374
G1 X107.27 Y105.681 E.00938
G1 X107.27 Y93.507 E.30007
G1 X107.403 Y93.664 E.00507
G1 X107.66 Y93.886 E.00838
G1 X107.66 Y105.391 E.28357
G1 X108.05 Y105.155 E.01124
G1 X108.05 Y94.175 E.27062
G1 X108.44 Y94.402 E.01112
G1 X108.44 Y104.991 E.26101
G1 X108.723 Y104.876 E.00753
G1 X108.83 Y104.854 E.0027
G1 X108.83 Y94.566 E.25357
G1 X109.22 Y94.676 E.00999
G1 X109.22 Y104.772 E.24883
G1 X109.44 Y104.726 E.00555
G1 X109.61 Y104.713 E.00419
G1 X109.61 Y94.753 E.2455
G1 X110 Y94.786 E.00965
G1 X110 Y104.685 E.24398
G1 X110.39 Y104.713 E.00964
G1 X110.39 Y94.771 E.24504
G1 X110.78 Y94.727 E.00968
G1 X110.78 Y104.758 E.24725
G1 X111.17 Y104.854 E.0099
G1 X111.17 Y94.636 E.25186
G1 X111.56 Y94.493 E.01024
G1 X111.56 Y104.986 E.25862
G1 X111.95 Y105.161 E.01054
G1 X111.95 Y94.308 E.26751
G1 X112.34 Y94.069 E.01128
G1 X112.34 Y105.385 E.27893
G1 X112.556 Y105.519 E.00627
G1 X112.73 Y105.67 E.00567
G1 X112.73 Y93.74 E.29405
G1 X113.12 Y93.305 E.01439
G1 X113.12 Y106.024 E.31349
G1 X113.51 Y106.489 E.01496
G1 X113.51 Y92.238 E.35126
G1 X113.51 Y87.715 F18000
G1 F6000
G1 X113.51 Y80.206 E.18509
G1 X113.12 Y80.204 E.00961
G1 X113.12 Y86.661 E.15917
G1 X112.826 Y86.313 E.01125
G1 X112.73 Y86.23 E.00312
G1 X112.73 Y80.201 E.1486
G1 X112.34 Y80.199 E.00961
G1 X112.34 Y85.901 E.14055
G1 X111.95 Y85.659 E.01132
G1 X111.95 Y80.197 E.13464
G1 X111.56 Y80.195 E.00961
G1 X111.56 Y85.479 E.13024
G1 X111.316 Y85.376 E.00652
G1 X111.17 Y85.34 E.00371
G1 X111.17 Y80.192 E.12688
G1 X110.78 Y80.19 E.00961
G1 X110.78 Y85.244 E.12457
G1 X110.39 Y85.204 E.00966
G1 X110.39 Y80.188 E.12364
G1 X110 Y80.186 E.00961
G1 X110 Y85.193 E.12343
G1 X109.61 Y85.223 E.00964
G1 X109.61 Y80.183 E.12421
G1 X109.22 Y80.181 E.00961
G1 X109.22 Y85.304 E.12627
G1 X108.989 Y85.352 E.0058
G1 X108.83 Y85.418 E.00425
G1 X108.83 Y80.179 E.12912
G1 X108.44 Y80.177 E.00961
G1 X108.44 Y85.577 E.13309
G1 X108.05 Y85.807 E.01117
G1 X108.05 Y80.175 E.13883
G1 X107.66 Y80.172 E.00961
G1 X107.66 Y86.101 E.14612
G1 X107.445 Y86.282 E.00694
G1 X107.27 Y86.485 E.0066
G1 X107.27 Y80.17 E.15564
G1 X106.88 Y80.168 E.00961
G1 X106.88 Y87.015 E.16877
G1 X106.739 Y87.241 E.00657
G1 X106.49 Y87.865 E.01655
G1 X106.49 Y79.992 E.19404
G1 X104.54 Y139.933 F18000
G1 F6000
G1 X104.54 Y80.155 E1.4734
G1 X104.149 Y80.152 E.00961
G1 X104.149 Y139.757 E1.46912
G1 X103.759 Y139.755 E.00961
G1 X103.759 Y80.47 E1.46124
G1 X103.369 Y80.855 E.01352
G1 X103.369 Y139.752 E1.45168
G1 X102.979 Y139.75 E.00961
G1 X102.979 Y81.241 E1.44212
G1 X102.589 Y81.626 E.01352
G1 X102.589 Y139.748 E1.43257
G1 X102.199 Y139.746 E.00961
G1 X102.199 Y82.012 E1.42301
G1 X101.809 Y82.398 E.01352
G1 X101.809 Y139.743 E1.41345
G1 X101.419 Y139.741 E.00961
G1 X101.419 Y82.783 E1.40389
G1 X101.353 Y82.849 E.00229
G1 X101.029 Y139.913 E1.40652
; stop printing object pigtail_slot_coupon.stl id:2099807082496 copy 0
;LAYER_CHANGE
;Z:0.88
;HEIGHT:0.16
G92 E0 ; zero the extruded length again
; BEFORE_LAYER_CHANGE 4 @ 0.88mm
G1 E-1.75 F6000
;WIPE_START
G1 X101.035 Y138.913 E-.75
;WIPE_END
; AFTER_LAYER_CHANGE 4 @ 0.88mm
;_SET_FAN_SPEED_CHANGING_LAYER
; printing object pigtail_slot_coupon.stl id:2099807082496 copy 0
G1 F18000
G1 X101.476 Y139.202 Z0.908571
G1 X101.525 Y139.728 Z0.937143
G1 X101.145 Y140.094 Z0.965714
G1 X100.622 Y140.025 Z0.994286
G1 X100.349 Y139.572 Z1.02286
G1 X100.533 Y139.077 Z1.05143
G1 X101.035 Y138.913 Z1.08
G1 X120.012 Y141.422 Z1.08
G1 X120.197 Y141.423
G1 X120.608 Y141.839
G1 Z.88
G1 E2.5 F6000
M204 P1000
;TYPE:Outer wall
;WIDTH:0.42
G1 F3600
G1 X99.029 Y141.716 E.52594
G1 X99.37 Y82.014 E1.45507
G1 X103.269 Y78.159 E.13363
G1 X117.581 Y78.241 E.34883
G1 X120.971 Y78.26 E.08262
G1 X120.609 Y141.779 E1.54809
G1 X120.197 Y141.423 F18000
G1 X120.21 Y141.436
M204 P1500
;TYPE:Inner wall
;WIDTH:0.45
G1 F6000
G1 X99.432 Y141.317 E.54581
G1 X99.769 Y82.182 E1.55337
G1 X103.432 Y78.561 E.1353
G1 X117.579 Y78.641 E.37161
G1 X120.568 Y78.658 E.07852
G1 X120.21 Y141.376 E1.64747
G1 X119.797 Y141.018 F18000
G1 F6000
G1 X99.85 Y140.904 E.52397
G1 X100.184 Y82.357 E1.53793
G1 X103.602 Y78.977 E.12626
G1 X117.577 Y79.057 E.36709
G1 X120.15 Y79.072 E.0676
G1 X119.797 Y140.958 E1.62563
G1 X119.383 Y140.6 F18000
G1 F6000
G1 X100.268 Y140.491 E.50213
G1 X100.599 Y82.531 E1.52249
G1 X103.772 Y79.394 E.11721
G1 X117.574 Y79.473 E.36256
G1 X119.732 Y79.485 E.05669
G1 X119.384 Y140.54 E1.60379
G1 X118.97 Y140.182 F18000
G1 F6000
G1 X100.686 Y140.078 E.48029
G1 X101.013 Y82.706 E1.50705
G1 X103.942 Y79.811 E.10817
G1 X117.572 Y79.888 E.35804
G1 X119.314 Y79.898 E.04577
G1 X118.97 Y140.122 E1.58196
G1 E-1.75
;WIPE_START
G1 X117.97 Y140.12 E-.75
;WIPE_END
G1 X114.882 Y137.878 Z1.08 F18000
G1 X109.829 Y134.211 Z1.08
G1 X109.864 Y133.799
G1 Z.88
G1 E2.5 F6000
M204 P1000
;TYPE:Outer wall
;WIDTH:0.42
G1 F3600
G1 X110.304 Y133.766 E.01075
G1 X110.733 Y133.666 E.01075
G1 X111.142 Y133.499 E.01075
G1 X111.519 Y133.271 E.01075
G1 X111.856 Y132.987 E.01075
G1 X112.145 Y132.653 E.01075
G1 X112.377 Y132.278 E.01075
G1 X112.548 Y131.871 E.01075
G1 X112.654 Y131.443 E.01075
G1 X112.69 Y131.016 E.01045
G1 X112.702 Y128.992 E.04934
G1 X112.67 Y128.564 E.01045
G1 X112.57 Y128.134 E.01075
G1 X112.403 Y127.726 E.01075
G1 X112.175 Y127.348 E.01075
G1 X111.89 Y127.011 E.01075
G1 X111.557 Y126.723 E.01075
G1 X111.182 Y126.49 E.01075
G1 X110.775 Y126.319 E.01075
G1 X110.347 Y126.214 E.01075
G1 X109.908 Y126.177 E.01075
G1 X109.557 Y126.202 E.00858
G1 X109.041 Y126.308 E.01283
G1 X108.63 Y126.476 E.01082
G1 X108.252 Y126.704 E.01075
G1 X107.915 Y126.989 E.01075
G1 X107.627 Y127.322 E.01075
G1 X107.394 Y127.697 E.01075
G1 X107.223 Y128.104 E.01075
G1 X107.118 Y128.532 E.01075
G1 X107.082 Y128.959 E.01045
G1 X107.07 Y130.984 E.04934
G1 X107.101 Y131.412 E.01045
G1 X107.202 Y131.841 E.01075
G1 X107.368 Y132.249 E.01075
G1 X107.597 Y132.627 E.01075
G1 X107.881 Y132.964 E.01075
G1 X108.215 Y133.252 E.01075
G1 X108.59 Y133.485 E.01075
G1 X108.996 Y133.656 E.01075
G1 X109.424 Y133.761 E.01075
G1 X109.804 Y133.793 E.00929
G1 X109.769 Y134.206 F18000
G1 X109.833 Y134.211
G1 X109.834 Y134.198
M204 P1500
;TYPE:Inner wall
;WIDTH:0.45
G1 F6000
G1 X109.862 Y134.2 E.00074
G1 X110.365 Y134.164 E.01324
G1 X110.855 Y134.049 E.01324
G1 X111.322 Y133.859 E.01324
G1 X111.754 Y133.598 E.01324
G1 X112.139 Y133.272 E.01324
G1 X112.468 Y132.891 E.01324
G1 X112.734 Y132.463 E.01324
G1 X112.93 Y131.998 E.01324
G1 X113.05 Y131.508 E.01324
G1 X113.091 Y131.034 E.01251
G1 X113.102 Y128.978 E.054
G1 X113.068 Y128.503 E.01251
G1 X112.953 Y128.012 E.01324
G1 X112.762 Y127.545 E.01324
G1 X112.501 Y127.114 E.01324
G1 X112.176 Y126.729 E.01324
G1 X111.795 Y126.399 E.01324
G1 X111.366 Y126.133 E.01324
G1 X110.902 Y125.938 E.01324
G1 X110.412 Y125.817 E.01324
G1 X109.91 Y125.775 E.01324
G1 X109.501 Y125.805 E.01076
G1 X108.924 Y125.923 E.01549
G1 X108.449 Y126.117 E.01346
G1 X108.018 Y126.378 E.01324
G1 X107.633 Y126.703 E.01324
G1 X107.303 Y127.084 E.01324
G1 X107.037 Y127.513 E.01324
G1 X106.842 Y127.977 E.01324
G1 X106.721 Y128.467 E.01324
G1 X106.681 Y128.941 E.01251
G1 X106.669 Y130.997 E.054
G1 X106.704 Y131.472 E.01251
G1 X106.819 Y131.963 E.01324
G1 X107.009 Y132.43 E.01324
G1 X107.27 Y132.861 E.01324
G1 X107.595 Y133.247 E.01324
G1 X107.977 Y133.576 E.01324
G1 X108.405 Y133.842 E.01324
G1 X108.87 Y134.037 E.01324
G1 X109.359 Y134.158 E.01324
G1 X109.774 Y134.193 E.01093
G1 X109.916 Y134.613 F18000
G1 F6000
G1 X110.427 Y134.576 E.01346
G1 X110.982 Y134.446 E.01496
G1 X111.509 Y134.231 E.01496
G1 X111.997 Y133.936 E.01496
G1 X112.432 Y133.569 E.01496
G1 X112.804 Y133.138 E.01496
G1 X113.105 Y132.654 E.01496
G1 X113.326 Y132.129 E.01496
G1 X113.462 Y131.576 E.01496
G1 X113.506 Y131.053 E.0138
G1 X113.518 Y128.964 E.05486
G1 X113.48 Y128.44 E.0138
G1 X113.35 Y127.886 E.01496
G1 X113.135 Y127.358 E.01496
G1 X112.84 Y126.871 E.01496
G1 X112.473 Y126.436 E.01496
G1 X112.042 Y126.063 E.01496
G1 X111.558 Y125.763 E.01496
G1 X111.033 Y125.542 E.01496
G1 X110.48 Y125.406 E.01496
G1 X109.912 Y125.358 E.01496
G1 X109.444 Y125.392 E.01232
G1 X108.803 Y125.524 E.01721
G1 X108.262 Y125.744 E.01533
G1 X107.775 Y126.039 E.01496
G1 X107.34 Y126.406 E.01496
G1 X106.967 Y126.837 E.01496
G1 X106.667 Y127.321 E.01496
G1 X106.446 Y127.846 E.01496
G1 X106.31 Y128.399 E.01496
G1 X106.265 Y128.923 E.0138
G1 X106.254 Y131.011 E.05486
G1 X106.292 Y131.535 E.0138
G1 X106.422 Y132.089 E.01496
G1 X106.637 Y132.617 E.01496
G1 X106.931 Y133.104 E.01496
G1 X107.299 Y133.54 E.01496
G1 X107.73 Y133.912 E.01496
G1 X108.214 Y134.212 E.01496
G1 X108.739 Y134.433 E.01496
G1 X109.292 Y134.569 E.01496
G1 X109.857 Y134.617 E.01489
G1 X109.943 Y135.028 F18000
G1 F6000
G1 X110.49 Y134.988 E.01441
G1 X111.109 Y134.843 E.01668
G1 X111.697 Y134.604 E.01668
G1 X112.24 Y134.275 E.01668
G1 X112.725 Y133.866 E.01668
G1 X113.14 Y133.385 E.01668
G1 X113.475 Y132.845 E.01668
G1 X113.722 Y132.26 E.01668
G1 X113.873 Y131.644 E.01668
G1 X113.922 Y131.071 E.01508
G1 X113.934 Y128.95 E.05572
G1 X113.892 Y128.377 E.01509
G1 X113.747 Y127.759 E.01668
G1 X113.508 Y127.171 E.01668
G1 X113.179 Y126.628 E.01668
G1 X112.769 Y126.142 E.01668
G1 X112.289 Y125.727 E.01668
G1 X111.749 Y125.393 E.01668
G1 X111.164 Y125.146 E.01668
G1 X110.547 Y124.994 E.01668
G1 X109.915 Y124.941 E.01668
G1 X109.387 Y124.979 E.01389
G1 X108.681 Y125.124 E.01892
G1 X108.075 Y125.372 E.0172
G1 X107.532 Y125.7 E.01668
G1 X107.046 Y126.11 E.01668
G1 X106.631 Y126.59 E.01668
G1 X106.296 Y127.13 E.01668
G1 X106.05 Y127.715 E.01668
G1 X105.898 Y128.332 E.01668
G1 X105.85 Y128.904 E.01508
G1 X105.838 Y131.025 E.05572
G1 X105.88 Y131.598 E.01509
G1 X106.024 Y132.216 E.01668
G1 X106.264 Y132.804 E.01668
G1 X106.593 Y133.348 E.01668
G1 X107.002 Y133.833 E.01668
G1 X107.483 Y134.248 E.01668
G1 X108.022 Y134.583 E.01668
G1 X108.608 Y134.829 E.01668
G1 X109.224 Y134.981 E.01668
G1 X109.857 Y135.034 E.01668
G1 X109.883 Y135.032 E.00069
G1 X109.97 Y135.443 F18000
G1 F6000
G1 X110.553 Y135.4 E.01537
G1 X111.235 Y135.241 E.0184
G1 X111.884 Y134.976 E.0184
G1 X112.483 Y134.614 E.0184
G1 X113.018 Y134.162 E.0184
G1 X113.476 Y133.632 E.0184
G1 X113.846 Y133.037 E.0184
G1 X114.117 Y132.391 E.0184
G1 X114.285 Y131.711 E.0184
G1 X114.337 Y131.09 E.01637
G1 X114.35 Y128.936 E.05657
G1 X114.304 Y128.315 E.01637
G1 X114.145 Y127.633 E.01839
G1 X113.88 Y126.984 E.0184
G1 X113.518 Y126.385 E.0184
G1 X113.066 Y125.849 E.0184
G1 X112.536 Y125.391 E.0184
G1 X111.941 Y125.022 E.0184
G1 X111.295 Y124.75 E.0184
G1 X110.615 Y124.583 E.0184
G1 X109.917 Y124.524 E.0184
G1 X109.33 Y124.567 E.01546
G1 X108.56 Y124.725 E.02064
G1 X107.888 Y124.999 E.01907
G1 X107.289 Y125.362 E.0184
G1 X106.753 Y125.813 E.0184
G1 X106.295 Y126.343 E.0184
G1 X105.926 Y126.939 E.0184
G1 X105.654 Y127.584 E.0184
G1 X105.487 Y128.264 E.0184
G1 X105.434 Y128.885 E.01637
G1 X105.422 Y131.039 E.05657
G1 X105.467 Y131.661 E.01637
G1 X105.627 Y132.343 E.01839
G1 X105.891 Y132.991 E.0184
G1 X106.254 Y133.591 E.0184
G1 X106.706 Y134.126 E.0184
G1 X107.236 Y134.584 E.0184
G1 X107.831 Y134.953 E.0184
G1 X108.477 Y135.225 E.0184
G1 X109.157 Y135.392 E.0184
G1 X109.855 Y135.451 E.0184
G1 X109.91 Y135.447 E.00146
G1 E-1.75
;WIPE_START
G1 X110.553 Y135.4 E-.48382
G1 X110.899 Y135.319 E-.26618
;WIPE_END
G1 X112.479 Y132.899 Z1.08 F18000
G1 X112.746 Y132.469
G1 X112.942 Y132.002
G1 X113.063 Y131.51
G1 X113.103 Y131.034
G1 X113.115 Y128.978
G1 X112.729 Y108.975
G1 X112.7 Y108.577
G1 X112.603 Y108.16
G1 X112.441 Y107.764
G1 X112.22 Y107.398
G1 X111.944 Y107.072
G1 X111.62 Y106.792
G1 X111.257 Y106.566
G1 X110.863 Y106.4
G1 X110.447 Y106.298
G1 X110.352 Y106.29
G1 X110.063 Y93.211
G1 X110.098 Y92.799
G1 Z.88
G1 E2.5 F6000
M204 P1000
;TYPE:Outer wall
;WIDTH:0.42
G1 F3600
G1 X110.382 Y92.778 E.00693
G1 X110.658 Y92.714 E.00693
G1 X110.921 Y92.606 E.00693
G1 X111.165 Y92.459 E.00692
G1 X111.382 Y92.276 E.00692
G1 X111.568 Y92.061 E.00693
G1 X111.717 Y91.82 E.00693
G1 X111.828 Y91.558 E.00693
G1 X111.896 Y91.282 E.00692
G1 X111.918 Y91.011 E.00663
G1 X111.93 Y88.986 E.04934
G1 X111.91 Y88.715 E.00663
G1 X111.845 Y88.439 E.00692
G1 X111.738 Y88.175 E.00693
G1 X111.591 Y87.932 E.00693
G1 X111.408 Y87.715 E.00693
G1 X111.193 Y87.529 E.00692
G1 X110.951 Y87.379 E.00692
G1 X110.689 Y87.269 E.00693
G1 X110.413 Y87.201 E.00693
G1 X110.13 Y87.177 E.00693
G1 X109.905 Y87.194 E.00551
G1 X109.573 Y87.262 E.00825
G1 X109.307 Y87.37 E.007
G1 X109.064 Y87.517 E.00692
G1 X108.847 Y87.7 E.00692
G1 X108.661 Y87.915 E.00693
G1 X108.511 Y88.157 E.00693
G1 X108.401 Y88.419 E.00693
G1 X108.333 Y88.695 E.00692
G1 X108.31 Y88.966 E.00663
G1 X108.298 Y90.99 E.04934
G1 X108.318 Y91.261 E.00663
G1 X108.383 Y91.538 E.00692
G1 X108.49 Y91.801 E.00693
G1 X108.637 Y92.044 E.00693
G1 X108.821 Y92.262 E.00693
G1 X109.036 Y92.447 E.00692
G1 X109.277 Y92.597 E.00692
G1 X109.539 Y92.707 E.00693
G1 X109.815 Y92.775 E.00693
G1 X110.038 Y92.794 E.00546
G1 X110.003 Y93.206 F18000
G1 X110.096 Y93.214
G1 X110.125 Y93.212
G1 X110.124 Y93.199
M204 P1500
;TYPE:Inner wall
;WIDTH:0.45
G1 F6000
G1 X110.442 Y93.176 E.00838
G1 X110.78 Y93.097 E.00912
G1 X111.102 Y92.966 E.00912
G1 X111.399 Y92.786 E.00912
G1 X111.664 Y92.562 E.00912
G1 X111.891 Y92.299 E.00912
G1 X112.074 Y92.004 E.00912
G1 X112.209 Y91.684 E.00912
G1 X112.292 Y91.347 E.00912
G1 X112.319 Y91.029 E.00839
G1 X112.331 Y88.973 E.054
G1 X112.307 Y88.655 E.00839
G1 X112.228 Y88.317 E.00912
G1 X112.097 Y87.995 E.00912
G1 X111.918 Y87.698 E.00912
G1 X111.694 Y87.432 E.00912
G1 X111.431 Y87.206 E.00912
G1 X111.136 Y87.022 E.00912
G1 X110.816 Y86.888 E.00912
G1 X110.479 Y86.805 E.00912
G1 X110.133 Y86.775 E.00912
G1 X109.85 Y86.796 E.00745
G1 X109.456 Y86.877 E.01055
G1 X109.127 Y87.011 E.00935
G1 X108.83 Y87.191 E.00912
G1 X108.564 Y87.415 E.00912
G1 X108.337 Y87.677 E.00912
G1 X108.154 Y87.972 E.00912
G1 X108.019 Y88.293 E.00912
G1 X107.936 Y88.63 E.00912
G1 X107.909 Y88.948 E.00839
G1 X107.898 Y91.004 E.054
G1 X107.921 Y91.322 E.00839
G1 X108 Y91.66 E.00912
G1 X108.131 Y91.982 E.00912
G1 X108.311 Y92.279 E.00912
G1 X108.535 Y92.544 E.00912
G1 X108.798 Y92.771 E.00912
G1 X109.093 Y92.954 E.00912
G1 X109.413 Y93.089 E.00912
G1 X109.75 Y93.172 E.00912
G1 X110.064 Y93.198 E.00828
G1 X110.036 Y93.613 F18000
G1 F6000
G1 X110.093 Y93.618 E.0015
G1 X110.505 Y93.588 E.01084
G1 X110.907 Y93.494 E.01084
G1 X111.289 Y93.338 E.01084
G1 X111.642 Y93.125 E.01084
G1 X111.957 Y92.859 E.01084
G1 X112.227 Y92.546 E.01084
G1 X112.445 Y92.196 E.01084
G1 X112.605 Y91.815 E.01084
G1 X112.704 Y91.415 E.01084
G1 X112.735 Y91.048 E.00968
G1 X112.746 Y88.959 E.05486
G1 X112.72 Y88.592 E.00968
G1 X112.626 Y88.19 E.01084
G1 X112.47 Y87.808 E.01084
G1 X112.256 Y87.455 E.01084
G1 X111.99 Y87.139 E.01084
G1 X111.678 Y86.87 E.01084
G1 X111.327 Y86.652 E.01084
G1 X110.947 Y86.492 E.01084
G1 X110.546 Y86.393 E.01084
G1 X110.135 Y86.359 E.01084
G1 X109.793 Y86.384 E.00902
G1 X109.335 Y86.477 E.01227
G1 X108.939 Y86.638 E.01123
G1 X108.586 Y86.852 E.01084
G1 X108.271 Y87.118 E.01084
G1 X108.001 Y87.43 E.01084
G1 X107.784 Y87.781 E.01084
G1 X107.624 Y88.161 E.01084
G1 X107.525 Y88.562 E.01084
G1 X107.494 Y88.929 E.00968
G1 X107.482 Y91.018 E.05486
G1 X107.509 Y91.385 E.00968
G1 X107.603 Y91.787 E.01084
G1 X107.759 Y92.169 E.01084
G1 X107.972 Y92.522 E.01084
G1 X108.238 Y92.837 E.01084
G1 X108.551 Y93.107 E.01084
G1 X108.901 Y93.325 E.01084
G1 X109.282 Y93.485 E.01084
G1 X109.682 Y93.583 E.01084
G1 X109.977 Y93.608 E.00776
G1 X110.177 Y94.029 F18000
G1 F6000
G1 X110.568 Y94 E.01029
G1 X111.033 Y93.891 E.01256
G1 X111.476 Y93.711 E.01256
G1 X111.885 Y93.463 E.01255
G1 X112.25 Y93.155 E.01256
G1 X112.563 Y92.793 E.01256
G1 X112.815 Y92.387 E.01256
G1 X113.001 Y91.946 E.01256
G1 X113.115 Y91.482 E.01255
G1 X113.15 Y91.066 E.01097
G1 X113.162 Y88.945 E.05572
G1 X113.132 Y88.529 E.01097
G1 X113.023 Y88.063 E.01255
G1 X112.842 Y87.621 E.01256
G1 X112.595 Y87.212 E.01256
G1 X112.287 Y86.846 E.01256
G1 X111.925 Y86.534 E.01256
G1 X111.519 Y86.282 E.01255
G1 X111.078 Y86.096 E.01256
G1 X110.614 Y85.982 E.01256
G1 X110.137 Y85.942 E.01256
G1 X109.736 Y85.971 E.01058
G1 X109.214 Y86.078 E.01399
G1 X108.752 Y86.266 E.0131
G1 X108.343 Y86.513 E.01255
G1 X107.978 Y86.822 E.01256
G1 X107.665 Y87.183 E.01256
G1 X107.413 Y87.59 E.01256
G1 X107.228 Y88.03 E.01256
G1 X107.113 Y88.494 E.01255
G1 X107.078 Y88.91 E.01097
G1 X107.066 Y91.031 E.05572
G1 X107.097 Y91.448 E.01097
G1 X107.206 Y91.913 E.01255
G1 X107.386 Y92.356 E.01256
G1 X107.633 Y92.765 E.01256
G1 X107.942 Y93.13 E.01256
G1 X108.304 Y93.443 E.01256
G1 X108.71 Y93.695 E.01255
G1 X109.151 Y93.881 E.01256
G1 X109.615 Y93.995 E.01256
G1 X110.091 Y94.035 E.01256
G1 X110.117 Y94.033 E.00069
G1 X109.974 Y94.442 F18000
G1 F6000
G1 X110.089 Y94.452 E.00303
G1 X110.631 Y94.412 E.01428
G1 X111.16 Y94.289 E.01428
G1 X111.663 Y94.083 E.01428
G1 X112.128 Y93.802 E.01427
G1 X112.544 Y93.452 E.01428
G1 X112.899 Y93.04 E.01428
G1 X113.186 Y92.578 E.01428
G1 X113.397 Y92.077 E.01428
G1 X113.526 Y91.55 E.01427
G1 X113.566 Y91.085 E.01225
G1 X113.578 Y88.931 E.05657
G1 X113.544 Y88.466 E.01225
G1 X113.42 Y87.937 E.01427
G1 X113.215 Y87.434 E.01428
G1 X112.934 Y86.968 E.01428
G1 X112.583 Y86.553 E.01428
G1 X112.172 Y86.198 E.01428
G1 X111.71 Y85.911 E.01427
G1 X111.209 Y85.7 E.01428
G1 X110.681 Y85.57 E.01428
G1 X110.14 Y85.525 E.01428
G1 X109.679 Y85.558 E.01214
G1 X109.093 Y85.678 E.01571
G1 X108.565 Y85.893 E.01497
G1 X108.1 Y86.174 E.01427
G1 X107.685 Y86.525 E.01427
G1 X107.329 Y86.936 E.01428
G1 X107.043 Y87.398 E.01428
G1 X106.832 Y87.899 E.01428
G1 X106.702 Y88.427 E.01427
G1 X106.663 Y88.892 E.01225
G1 X106.65 Y91.045 E.05657
G1 X106.684 Y91.511 E.01225
G1 X106.808 Y92.04 E.01427
G1 X107.013 Y92.543 E.01428
G1 X107.295 Y93.008 E.01428
G1 X107.645 Y93.424 E.01428
G1 X108.057 Y93.779 E.01428
G1 X108.518 Y94.065 E.01427
G1 X109.019 Y94.276 E.01428
G1 X109.547 Y94.406 E.01428
G1 X109.914 Y94.437 E.00967
G1 E-1.75
;WIPE_START
G1 X110.089 Y94.452 E-.13158
G1 X110.631 Y94.412 E-.40761
G1 X110.904 Y94.348 E-.21081
;WIPE_END
G1 X111.382 Y98.135 Z1.08 F18000
G1 X112.7 Y108.577 Z1.08
G1 X112.729 Y108.975
G1 X112.718 Y111.032
G1 X112.684 Y111.43
G1 X112.582 Y111.845
G1 X112.416 Y112.239
G1 X112.19 Y112.603
G1 X111.911 Y112.926
G1 X111.584 Y113.202
G1 X111.218 Y113.424
G1 X110.822 Y113.585
G1 X110.405 Y113.683
G1 X110.011 Y113.711
G1 X109.981 Y113.299
G1 Z.88
G1 E2.5 F6000
M204 P1000
;TYPE:Outer wall
;WIDTH:0.42
G1 F3600
G1 X110.343 Y113.272 E.00884
G1 X110.696 Y113.19 E.00884
G1 X111.032 Y113.053 E.00884
G1 X111.342 Y112.865 E.00884
G1 X111.619 Y112.631 E.00884
G1 X111.856 Y112.357 E.00884
G1 X112.047 Y112.049 E.00884
G1 X112.188 Y111.715 E.00884
G1 X112.275 Y111.362 E.00884
G1 X112.304 Y111.013 E.00854
G1 X112.316 Y108.989 E.04934
G1 X112.29 Y108.64 E.00854
G1 X112.208 Y108.286 E.00884
G1 X112.071 Y107.951 E.00884
G1 X111.883 Y107.64 E.00884
G1 X111.649 Y107.363 E.00884
G1 X111.375 Y107.126 E.00884
G1 X111.129 Y106.974 E.00705
G1 X110.735 Y106.795 E.01054
G1 X110.38 Y106.708 E.00891
G1 X110.019 Y106.677 E.00884
G1 X109.731 Y106.698 E.00705
G1 X109.307 Y106.785 E.01054
G1 X108.968 Y106.923 E.00891
G1 X108.658 Y107.111 E.00884
G1 X108.381 Y107.345 E.00884
G1 X108.144 Y107.619 E.00884
G1 X107.953 Y107.927 E.00884
G1 X107.812 Y108.261 E.00884
G1 X107.725 Y108.613 E.00884
G1 X107.696 Y108.963 E.00854
G1 X107.684 Y110.987 E.04934
G1 X107.71 Y111.336 E.00854
G1 X107.792 Y111.69 E.00884
G1 X107.929 Y112.025 E.00884
G1 X108.117 Y112.336 E.00884
G1 X108.351 Y112.613 E.00884
G1 X108.625 Y112.85 E.00884
G1 X108.933 Y113.041 E.00884
G1 X109.268 Y113.182 E.00884
G1 X109.62 Y113.268 E.00884
G1 X109.921 Y113.294 E.00738
G1 X109.887 Y113.706 F18000
G1 X109.95 Y113.711
G1 X109.951 Y113.698
M204 P1500
;TYPE:Inner wall
;WIDTH:0.45
G1 F6000
G1 X109.979 Y113.701 E.00074
G1 X110.403 Y113.67 E.01118
G1 X110.818 Y113.573 E.01118
G1 X111.212 Y113.412 E.01118
G1 X111.576 Y113.192 E.01118
G1 X111.902 Y112.917 E.01118
G1 X112.18 Y112.595 E.01118
G1 X112.404 Y112.233 E.01118
G1 X112.57 Y111.841 E.01118
G1 X112.671 Y111.428 E.01118
G1 X112.705 Y111.031 E.01045
G1 X112.716 Y108.976 E.054
G1 X112.688 Y108.579 E.01045
G1 X112.591 Y108.164 E.01118
G1 X112.43 Y107.77 E.01118
G1 X112.21 Y107.406 E.01118
G1 X111.935 Y107.081 E.01118
G1 X111.613 Y106.802 E.01118
G1 X111.318 Y106.62 E.0091
G1 X110.867 Y106.415 E.01302
G1 X110.445 Y106.311 E.01141
G1 X110.021 Y106.275 E.01118
G1 X109.676 Y106.3 E.0091
G1 X109.19 Y106.4 E.01302
G1 X108.788 Y106.564 E.01141
G1 X108.424 Y106.784 E.01118
G1 X108.098 Y107.059 E.01118
G1 X107.82 Y107.381 E.01118
G1 X107.596 Y107.743 E.01118
G1 X107.43 Y108.135 E.01118
G1 X107.329 Y108.548 E.01118
G1 X107.295 Y108.945 E.01045
G1 X107.284 Y111 E.054
G1 X107.312 Y111.397 E.01045
G1 X107.409 Y111.812 E.01118
G1 X107.57 Y112.206 E.01118
G1 X107.79 Y112.57 E.01118
G1 X108.065 Y112.895 E.01118
G1 X108.387 Y113.174 E.01118
G1 X108.749 Y113.398 E.01118
G1 X109.141 Y113.563 E.01118
G1 X109.555 Y113.665 E.01118
G1 X109.891 Y113.693 E.00887
G1 X110.033 Y114.114 F18000
G1 F6000
G1 X110.466 Y114.082 E.0114
G1 X110.944 Y113.97 E.0129
G1 X111.399 Y113.785 E.0129
G1 X111.819 Y113.53 E.0129
G1 X112.195 Y113.214 E.0129
G1 X112.516 Y112.842 E.0129
G1 X112.775 Y112.425 E.0129
G1 X112.965 Y111.972 E.0129
G1 X113.083 Y111.495 E.0129
G1 X113.12 Y111.05 E.01173
G1 X113.132 Y108.962 E.05486
G1 X113.1 Y108.516 E.01174
G1 X112.988 Y108.038 E.0129
G1 X112.802 Y107.583 E.0129
G1 X112.548 Y107.163 E.0129
G1 X112.231 Y106.788 E.0129
G1 X111.86 Y106.466 E.0129
G1 X111.515 Y106.252 E.01067
G1 X111.004 Y106.02 E.01474
G1 X110.513 Y105.9 E.01328
G1 X110.024 Y105.858 E.0129
G1 X109.618 Y105.888 E.01067
G1 X109.069 Y106 E.01474
G1 X108.601 Y106.191 E.01328
G1 X108.181 Y106.445 E.0129
G1 X107.805 Y106.762 E.0129
G1 X107.484 Y107.134 E.0129
G1 X107.225 Y107.551 E.0129
G1 X107.035 Y108.004 E.0129
G1 X106.917 Y108.481 E.0129
G1 X106.88 Y108.926 E.01173
G1 X106.868 Y111.014 E.05486
G1 X106.9 Y111.46 E.01174
G1 X107.012 Y111.938 E.0129
G1 X107.198 Y112.393 E.0129
G1 X107.452 Y112.813 E.0129
G1 X107.769 Y113.188 E.0129
G1 X108.14 Y113.509 E.0129
G1 X108.557 Y113.768 E.0129
G1 X109.01 Y113.959 E.0129
G1 X109.487 Y114.076 E.0129
G1 X109.974 Y114.117 E.01283
G1 X110.06 Y114.528 F18000
G1 F6000
G1 X110.529 Y114.494 E.01235
G1 X111.071 Y114.367 E.01462
G1 X111.586 Y114.157 E.01462
G1 X112.063 Y113.869 E.01462
G1 X112.488 Y113.51 E.01462
G1 X112.852 Y113.089 E.01462
G1 X113.145 Y112.616 E.01462
G1 X113.361 Y112.103 E.01462
G1 X113.494 Y111.563 E.01462
G1 X113.536 Y111.069 E.01302
G1 X113.548 Y108.948 E.05572
G1 X113.512 Y108.453 E.01302
G1 X113.385 Y107.911 E.01462
G1 X113.175 Y107.396 E.01462
G1 X112.887 Y106.92 E.01462
G1 X112.528 Y106.494 E.01462
G1 X112.107 Y106.131 E.01462
G1 X111.711 Y105.885 E.01224
G1 X111.14 Y105.626 E.01646
G1 X110.581 Y105.488 E.01515
G1 X110.026 Y105.441 E.01462
G1 X109.561 Y105.475 E.01224
G1 X108.948 Y105.601 E.01646
G1 X108.414 Y105.819 E.01515
G1 X107.937 Y106.107 E.01462
G1 X107.512 Y106.466 E.01462
G1 X107.148 Y106.887 E.01462
G1 X106.855 Y107.36 E.01462
G1 X106.639 Y107.873 E.01462
G1 X106.506 Y108.413 E.01462
G1 X106.464 Y108.907 E.01302
G1 X106.452 Y111.028 E.05572
G1 X106.488 Y111.523 E.01302
G1 X106.615 Y112.065 E.01462
G1 X106.825 Y112.58 E.01462
G1 X107.113 Y113.056 E.01462
G1 X107.472 Y113.482 E.01462
G1 X107.893 Y113.845 E.01462
G1 X108.366 Y114.139 E.01462
G1 X108.879 Y114.355 E.01462
G1 X109.419 Y114.488 E.01462
G1 X109.974 Y114.535 E.01462
G1 X110 Y114.533 E.00069
G1 X110.087 Y114.943 F18000
G1 F6000
G1 X110.592 Y114.906 E.01331
G1 X111.198 Y114.765 E.01634
G1 X111.774 Y114.53 E.01634
G1 X112.306 Y114.208 E.01634
G1 X112.781 Y113.807 E.01634
G1 X113.188 Y113.336 E.01634
G1 X113.516 Y112.808 E.01634
G1 X113.757 Y112.234 E.01634
G1 X113.906 Y111.63 E.01634
G1 X113.951 Y111.087 E.01431
G1 X113.964 Y108.934 E.05657
G1 X113.924 Y108.39 E.01431
G1 X113.782 Y107.785 E.01634
G1 X113.548 Y107.209 E.01634
G1 X113.226 Y106.677 E.01634
G1 X112.824 Y106.201 E.01634
G1 X112.354 Y105.795 E.01634
G1 X111.907 Y105.518 E.0138
G1 X111.277 Y105.232 E.01818
G1 X110.648 Y105.077 E.01702
G1 X110.028 Y105.024 E.01634
G1 X109.504 Y105.063 E.0138
G1 X108.826 Y105.202 E.01818
G1 X108.226 Y105.446 E.01702
G1 X107.694 Y105.768 E.01634
G1 X107.219 Y106.169 E.01634
G1 X106.812 Y106.64 E.01634
G1 X106.484 Y107.168 E.01634
G1 X106.243 Y107.742 E.01634
G1 X106.094 Y108.346 E.01634
G1 X106.049 Y108.888 E.01431
G1 X106.036 Y111.042 E.05657
G1 X106.076 Y111.586 E.01431
G1 X106.218 Y112.191 E.01634
G1 X106.452 Y112.767 E.01634
G1 X106.774 Y113.299 E.01634
G1 X107.176 Y113.775 E.01634
G1 X107.646 Y114.181 E.01634
G1 X108.175 Y114.509 E.01634
G1 X108.748 Y114.751 E.01634
G1 X109.352 Y114.899 E.01634
G1 X109.972 Y114.952 E.01634
G1 X110.027 Y114.948 E.00145
G1 X108.08 Y114.647 F18000
M204 P2000
;TYPE:Internal solid infill
;WIDTH:0.421915
G1 F6000
G1 X101.171 Y114.647 E.1692
G1 X101.174 Y114.259 E.00949
G1 X107.216 Y114.259 E.14799
G1 X106.933 Y114.015 E.00916
G1 X106.812 Y113.872 E.00458
G1 X101.176 Y113.872 E.13804
G1 X101.178 Y113.484 E.00949
G1 X106.488 Y113.484 E.13006
G1 X106.254 Y113.097 E.01109
G1 X101.18 Y113.097 E.12426
G1 X101.183 Y112.709 E.00949
G1 X106.061 Y112.709 E.11949
G1 X105.903 Y112.322 E.01025
G1 X101.185 Y112.322 E.11556
G1 X101.187 Y111.934 E.00949
G1 X105.808 Y111.934 E.11317
G1 X105.732 Y111.546 E.00967
G1 X101.189 Y111.546 E.11126
G1 X101.191 Y111.159 E.00949
G1 X105.703 Y111.159 E.11051
G1 X105.697 Y110.771 E.00949
G1 X101.194 Y110.771 E.11031
G1 X101.196 Y110.384 E.00949
G1 X105.699 Y110.384 E.11031
G1 X105.702 Y109.996 E.00949
G1 X101.198 Y109.996 E.11031
G1 X101.2 Y109.608 E.00949
G1 X105.704 Y109.608 E.11031
G1 X105.706 Y109.221 E.00949
G1 X101.202 Y109.221 E.11031
G1 X101.205 Y108.833 E.00949
G1 X105.711 Y108.833 E.11038
G1 X105.744 Y108.446 E.00953
G1 X101.207 Y108.446 E.11113
G1 X101.209 Y108.058 E.00949
G1 X105.814 Y108.058 E.1128
G1 X105.91 Y107.671 E.00978
G1 X101.211 Y107.671 E.11508
G1 X101.214 Y107.283 E.00949
G1 X106.067 Y107.283 E.11887
G1 X106.181 Y107.012 E.00721
G1 X106.253 Y106.895 E.00335
G1 X101.216 Y106.895 E.12338
G1 X101.218 Y106.508 E.00949
G1 X106.494 Y106.508 E.12921
G1 X106.811 Y106.12 E.01228
G1 X101.22 Y106.12 E.13694
G1 X101.222 Y105.733 E.00949
G1 X107.208 Y105.733 E.14661
G1 X107.495 Y105.491 E.00919
G1 X107.735 Y105.345 E.00688
G1 X101.225 Y105.345 E.15947
G1 X101.227 Y104.958 E.00949
G1 X109.185 Y104.958 E.19492
G1 X109.201 Y94.493 F18000
G1 F6000
G1 X101.287 Y94.493 E.19383
G1 X101.289 Y94.105 E.00949
G1 X107.937 Y94.105 E.16283
G1 X107.854 Y94.054 E.00238
G1 X107.465 Y93.718 E.0126
G1 X101.291 Y93.718 E.15122
G1 X101.293 Y93.33 E.00949
G1 X107.121 Y93.33 E.14274
G1 X107.017 Y93.207 E.00394
G1 X106.857 Y92.943 E.00758
G1 X101.295 Y92.943 E.13622
G1 X101.298 Y92.555 E.00949
G1 X106.65 Y92.555 E.13111
G1 X106.493 Y92.167 E.01025
G1 X101.3 Y92.167 E.12718
G1 X101.302 Y91.78 E.00949
G1 X106.398 Y91.78 E.12481
G1 X106.347 Y91.562 E.00547
G1 X106.334 Y91.392 E.00417
G1 X101.304 Y91.392 E.1232
G1 X101.306 Y91.005 E.00949
G1 X106.31 Y91.005 E.12255
G1 X106.312 Y90.617 E.00949
G1 X101.309 Y90.617 E.12255
G1 X101.311 Y90.229 E.00949
G1 X106.315 Y90.229 E.12255
G1 X106.317 Y89.842 E.00949
G1 X101.313 Y89.842 E.12255
G1 X101.315 Y89.454 E.00949
G1 X106.319 Y89.454 E.12255
G1 X106.321 Y89.067 E.00949
G1 X101.318 Y89.067 E.12255
G1 X101.32 Y88.679 E.00949
G1 X106.339 Y88.679 E.12293
G1 X106.385 Y88.292 E.00956
G1 X101.322 Y88.292 E.124
G1 X101.324 Y87.904 E.00949
G1 X106.48 Y87.904 E.12628
G1 X106.508 Y87.792 E.00283
G1 X106.624 Y87.516 E.00732
G1 X101.326 Y87.516 E.12974
G1 X101.329 Y87.129 E.00949
G1 X106.809 Y87.129 E.13423
G1 X107.05 Y86.741 E.01117
G1 X101.331 Y86.741 E.14007
G1 X101.333 Y86.354 E.00949
G1 X107.383 Y86.354 E.14817
G1 X107.445 Y86.282 E.00232
G1 X107.819 Y85.966 E.012
G1 X101.335 Y85.966 E.15881
G1 X101.337 Y85.579 E.00949
G1 X108.895 Y85.579 E.18509
G1 X119.146 Y80.152 F18000
G1 F6000
G1 X104.08 Y80.152 E.369
G1 X103.688 Y80.54 E.0135
G1 X118.97 Y80.54 E.3743
G1 X118.968 Y80.928 E.00949
G1 X103.296 Y80.928 E.38384
G1 X102.904 Y81.315 E.0135
G1 X118.966 Y81.315 E.39339
G1 X118.963 Y81.703 E.00949
G1 X102.512 Y81.703 E.40294
G1 X102.12 Y82.09 E.0135
G1 X118.961 Y82.09 E.41249
G1 X118.959 Y82.478 E.00949
G1 X101.728 Y82.478 E.42203
G1 X101.353 Y82.849 E.01292
G1 X101.353 Y82.865 E.00041
G1 X118.957 Y82.865 E.43117
G1 X118.955 Y83.253 E.00949
G1 X101.351 Y83.253 E.43117
G1 X101.349 Y83.641 E.00949
G1 X118.952 Y83.641 E.43117
G1 X118.95 Y84.028 E.00949
G1 X101.346 Y84.028 E.43117
G1 X101.344 Y84.416 E.00949
G1 X118.948 Y84.416 E.43117
G1 X118.946 Y84.803 E.00949
G1 X101.342 Y84.803 E.43117
G1 X101.34 Y85.191 E.00949
G1 X118.944 Y85.191 E.43117
G1 X118.941 Y85.579 E.00949
G1 X111.798 Y85.579 E.17497
G1 X112.425 Y85.966 E.01805
G1 X118.939 Y85.966 E.15956
G1 X118.937 Y86.354 E.00949
G1 X112.86 Y86.354 E.14883
G1 X113.188 Y86.741 E.01242
G1 X118.935 Y86.741 E.14076
G1 X118.932 Y87.129 E.00949
G1 X113.429 Y87.129 E.1348
G1 X113.52 Y87.28 E.00433
G1 X113.617 Y87.516 E.00625
G1 X118.93 Y87.516 E.13015
G1 X118.928 Y87.904 E.00949
G1 X113.762 Y87.904 E.12652
G1 X113.853 Y88.292 E.00975
G1 X118.926 Y88.292 E.12425
G1 X118.924 Y88.679 E.00949
G1 X113.901 Y88.679 E.12302
G1 X113.918 Y89.067 E.0095
G1 X118.921 Y89.067 E.12255
G1 X118.919 Y89.454 E.00949
G1 X113.916 Y89.454 E.12255
G1 X113.913 Y89.842 E.00949
G1 X118.917 Y89.842 E.12255
G1 X118.915 Y90.229 E.00949
G1 X113.911 Y90.229 E.12255
G1 X113.909 Y90.617 E.00949
G1 X118.913 Y90.617 E.12255
G1 X118.91 Y91.005 E.00949
G1 X113.907 Y91.005 E.12255
G1 X113.881 Y91.392 E.00951
G1 X118.908 Y91.392 E.12312
G1 X118.906 Y91.78 E.00949
G1 X113.821 Y91.78 E.12456
G1 X113.725 Y92.167 E.00978
G1 X118.904 Y92.167 E.12684
G1 X118.901 Y92.555 E.00949
G1 X113.565 Y92.555 E.13071
G1 X113.489 Y92.735 E.00479
G1 X113.36 Y92.943 E.00598
G1 X118.899 Y92.943 E.13566
G1 X118.897 Y93.33 E.00949
G1 X113.099 Y93.33 E.14202
G1 X112.756 Y93.718 E.01266
G1 X118.895 Y93.718 E.15035
G1 X118.893 Y94.105 E.00949
G1 X112.285 Y94.105 E.16184
G1 X111.817 Y94.389 E.0134
G1 X111.561 Y94.493 E.00677
G1 X118.89 Y94.493 E.17952
G1 X118.888 Y94.88 E.00949
G1 X101.284 Y94.88 E.43117
G1 X101.282 Y95.268 E.00949
G1 X118.886 Y95.268 E.43117
G1 X118.884 Y95.656 E.00949
G1 X101.28 Y95.656 E.43117
G1 X101.278 Y96.043 E.00949
G1 X118.882 Y96.043 E.43117
G1 X118.879 Y96.431 E.00949
G1 X101.275 Y96.431 E.43117
G1 X101.273 Y96.818 E.00949
G1 X118.877 Y96.818 E.43117
G1 X118.875 Y97.206 E.00949
G1 X101.271 Y97.206 E.43117
G1 X101.269 Y97.593 E.00949
G1 X118.873 Y97.593 E.43117
G1 X118.871 Y97.981 E.00949
G1 X101.267 Y97.981 E.43117
G1 X101.264 Y98.369 E.00949
G1 X118.868 Y98.369 E.43117
G1 X118.866 Y98.756 E.00949
G1 X101.262 Y98.756 E.43117
G1 X101.26 Y99.144 E.00949
G1 X118.864 Y99.144 E.43117
G1 X118.862 Y99.531 E.00949
G1 X101.258 Y99.531 E.43117
G1 X101.256 Y99.919 E.00949
G1 X118.859 Y99.919 E.43117
G1 X118.857 Y100.307 E.00949
G1 X101.253 Y100.307 E.43117
G1 X101.251 Y100.694 E.00949
G1 X118.855 Y100.694 E.43117
G1 X118.853 Y101.082 E.00949
G1 X101.249 Y101.082 E.43117
G1 X101.247 Y101.469 E.00949
G1 X118.851 Y101.469 E.43117
G1 X118.848 Y101.857 E.00949
G1 X101.245 Y101.857 E.43117
G1 X101.242 Y102.244 E.00949
G1 X118.846 Y102.244 E.43117
G1 X118.844 Y102.632 E.00949
G1 X101.24 Y102.632 E.43117
G1 X101.238 Y103.02 E.00949
G1 X118.842 Y103.02 E.43117
G1 X118.84 Y103.407 E.00949
G1 X101.236 Y103.407 E.43117
G1 X101.233 Y103.795 E.00949
G1 X118.837 Y103.795 E.43117
G1 X118.835 Y104.182 E.00949
G1 X101.231 Y104.182 E.43117
G1 X101.229 Y104.57 E.00949
G1 X118.833 Y104.57 E.43117
G1 X118.831 Y104.958 E.00949
G1 X111.497 Y104.958 E.17961
G1 X112.068 Y105.217 E.01535
G1 X112.275 Y105.345 E.00597
G1 X118.828 Y105.345 E.1605
G1 X118.826 Y105.733 E.00949
G1 X112.803 Y105.733 E.14753
G1 X113.067 Y105.961 E.00856
G1 X113.202 Y106.12 E.0051
G1 X118.824 Y106.12 E.13771
G1 X118.822 Y106.508 E.00949
G1 X113.522 Y106.508 E.12982
G1 X113.756 Y106.895 E.01109
G1 X118.82 Y106.895 E.12402
G1 X118.817 Y107.283 E.00949
G1 X113.946 Y107.283 E.11932
G1 X114.104 Y107.671 E.01025
G1 X118.815 Y107.671 E.1154
G1 X118.813 Y108.058 E.00949
G1 X114.196 Y108.058 E.11308
G1 X114.262 Y108.339 E.00706
G1 X114.27 Y108.446 E.00263
G1 X118.811 Y108.446 E.11122
G1 X118.809 Y108.833 E.00949
G1 X114.298 Y108.833 E.11048
G1 X114.303 Y109.221 E.00949
G1 X118.806 Y109.221 E.11031
G1 X118.804 Y109.608 E.00949
G1 X114.3 Y109.608 E.11031
G1 X114.298 Y109.996 E.00949
G1 X118.802 Y109.996 E.11031
G1 X118.8 Y110.384 E.00949
G1 X114.296 Y110.384 E.11031
G1 X114.294 Y110.771 E.00949
G1 X118.797 Y110.771 E.11031
G1 X118.795 Y111.159 E.00949
G1 X114.287 Y111.159 E.11041
G1 X114.254 Y111.546 E.00953
G1 X118.793 Y111.546 E.11116
G1 X118.791 Y111.934 E.00949
G1 X114.182 Y111.934 E.11289
G1 X114.086 Y112.322 E.00978
G1 X118.789 Y112.322 E.11517
G1 X118.786 Y112.709 E.00949
G1 X113.927 Y112.709 E.11903
G1 X113.819 Y112.964 E.00678
G1 X113.737 Y113.097 E.00381
G1 X118.784 Y113.097 E.12362
G1 X118.782 Y113.484 E.00949
G1 X113.496 Y113.484 E.12946
G1 X113.175 Y113.872 E.01234
G1 X118.78 Y113.872 E.13728
G1 X118.778 Y114.259 E.00949
G1 X112.773 Y114.259 E.14708
G1 X112.505 Y114.485 E.00858
G1 X112.238 Y114.647 E.00765
G1 X118.775 Y114.647 E.16012
G1 X118.773 Y115.035 E.00949
G1 X111.438 Y115.035 E.17967
G1 X111.301 Y115.09 E.0036
G1 X110.643 Y115.244 E.01655
G1 X109.97 Y115.293 E.01655
G1 X109.297 Y115.236 E.01655
G1 X108.64 Y115.075 E.01655
G1 X108.545 Y115.035 E.00255
G1 X101.169 Y115.035 E.18065
G1 X101.167 Y115.422 E.00949
G1 X118.771 Y115.422 E.43117
G1 X118.769 Y115.81 E.00949
G1 X101.165 Y115.81 E.43117
G1 X101.163 Y116.197 E.00949
G1 X118.766 Y116.197 E.43117
G1 X118.764 Y116.585 E.00949
G1 X101.16 Y116.585 E.43117
G1 X101.158 Y116.972 E.00949
G1 X118.762 Y116.972 E.43117
G1 X118.76 Y117.36 E.00949
G1 X101.156 Y117.36 E.43117
G1 X101.154 Y117.748 E.00949
G1 X118.758 Y117.748 E.43117
G1 X118.755 Y118.135 E.00949
G1 X101.152 Y118.135 E.43117
G1 X101.149 Y118.523 E.00949
G1 X118.753 Y118.523 E.43117
G1 X118.751 Y118.91 E.00949
G1 X101.147 Y118.91 E.43117
G1 X101.145 Y119.298 E.00949
G1 X118.749 Y119.298 E.43117
G1 X118.747 Y119.686 E.00949
G1 X101.143 Y119.686 E.43117
G1 X101.14 Y120.073 E.00949
G1 X118.744 Y120.073 E.43117
G1 X118.742 Y120.461 E.00949
G1 X101.138 Y120.461 E.43117
G1 X101.136 Y120.848 E.00949
G1 X118.74 Y120.848 E.43117
G1 X118.738 Y121.236 E.00949
G1 X101.134 Y121.236 E.43117
G1 X101.132 Y121.623 E.00949
G1 X118.735 Y121.623 E.43117
G1 X118.733 Y122.011 E.00949
G1 X101.129 Y122.011 E.43117
G1 X101.127 Y122.399 E.00949
G1 X118.731 Y122.399 E.43117
G1 X118.729 Y122.786 E.00949
G1 X101.125 Y122.786 E.43117
G1 X101.123 Y123.174 E.00949
G1 X118.727 Y123.174 E.43117
G1 X118.724 Y123.561 E.00949
G1 X101.121 Y123.561 E.43117
G1 X101.118 Y123.949 E.00949
G1 X118.722 Y123.949 E.43117
G1 X118.72 Y124.336 E.00949
G1 X101.116 Y124.336 E.43117
G1 X101.114 Y124.724 E.00949
G1 X107.684 Y124.724 E.16093
G1 X107.057 Y125.112 E.01807
G1 X101.112 Y125.112 E.14561
G1 X101.109 Y125.499 E.00949
G1 X106.597 Y125.499 E.13441
G1 X106.513 Y125.57 E.0027
G1 X106.24 Y125.887 E.01024
G1 X101.107 Y125.887 E.12571
G1 X101.105 Y126.274 E.00949
G1 X105.937 Y126.274 E.11836
G1 X105.697 Y126.662 E.01117
G1 X101.103 Y126.662 E.11252
G1 X101.101 Y127.05 E.00949
G1 X105.51 Y127.05 E.10799
G1 X105.347 Y127.437 E.0103
G1 X101.098 Y127.437 E.10405
G1 X101.096 Y127.825 E.00949
G1 X105.244 Y127.825 E.1016
G1 X105.149 Y128.212 E.00977
G1 X101.094 Y128.212 E.09933
G1 X101.092 Y128.6 E.00949
G1 X105.117 Y128.6 E.09858
G1 X105.093 Y128.987 E.00951
G1 X101.09 Y128.987 E.09806
G1 X101.087 Y129.375 E.00949
G1 X105.091 Y129.375 E.09806
G1 X105.089 Y129.763 E.00949
G1 X101.085 Y129.763 E.09806
G1 X101.083 Y130.15 E.00949
G1 X105.087 Y130.15 E.09806
G1 X105.084 Y130.538 E.00949
G1 X101.081 Y130.538 E.09806
G1 X101.078 Y130.925 E.00949
G1 X105.082 Y130.925 E.09806
G1 X105.101 Y131.313 E.0095
G1 X101.076 Y131.313 E.09857
G1 X101.074 Y131.7 E.00949
G1 X105.129 Y131.7 E.09931
G1 X105.218 Y132.088 E.00974
G1 X101.072 Y132.088 E.10154
G1 X101.07 Y132.476 E.00949
G1 X105.313 Y132.476 E.10394
G1 X105.471 Y132.863 E.01025
G1 X101.067 Y132.863 E.10786
G1 X101.065 Y133.251 E.00949
G1 X105.65 Y133.251 E.1123
G1 X105.885 Y133.638 E.01109
G1 X101.063 Y133.638 E.1181
G1 X101.061 Y134.026 E.00949
G1 X106.176 Y134.026 E.12528
G1 X106.518 Y134.414 E.01266
G1 X101.059 Y134.414 E.13371
G1 X101.056 Y134.801 E.00949
G1 X106.966 Y134.801 E.14475
G1 X107.034 Y134.859 E.00217
G1 X107.565 Y135.189 E.01531
G1 X101.054 Y135.189 E.15946
G1 X101.052 Y135.576 E.00949
G1 X108.479 Y135.576 E.18191
G1 X109.101 Y135.729 E.01569
G1 X109.853 Y135.793 E.01847
G1 X110.605 Y135.738 E.01847
G1 X111.296 Y135.576 E.01738
G1 X118.656 Y135.576 E.18027
G1 X118.654 Y135.964 E.00949
G1 X101.05 Y135.964 E.43117
G1 X101.048 Y136.351 E.00949
G1 X118.651 Y136.351 E.43117
G1 X118.649 Y136.739 E.00949
G1 X101.045 Y136.739 E.43117
G1 X101.043 Y137.127 E.00949
G1 X118.647 Y137.127 E.43117
G1 X118.645 Y137.514 E.00949
G1 X101.041 Y137.514 E.43117
G1 X101.039 Y137.902 E.00949
G1 X118.643 Y137.902 E.43117
G1 X118.64 Y138.289 E.00949
G1 X101.036 Y138.289 E.43117
G1 X101.034 Y138.677 E.00949
G1 X118.638 Y138.677 E.43117
G1 X118.636 Y139.064 E.00949
G1 X101.032 Y139.064 E.43117
G1 X101.03 Y139.452 E.00949
G1 X118.807 Y139.452 E.43542
G1 X118.832 Y135.189 F18000
G1 F6000
G1 X112.191 Y135.189 E.16265
G1 X112.682 Y134.891 E.01407
G1 X112.789 Y134.801 E.00343
G1 X118.66 Y134.801 E.1438
G1 X118.662 Y134.414 E.00949
G1 X113.248 Y134.414 E.13261
G1 X113.586 Y134.026 E.01259
G1 X118.665 Y134.026 E.12439
G1 X118.667 Y133.638 E.00949
G1 X113.873 Y133.638 E.11741
G1 X114.114 Y133.251 E.01117
G1 X118.669 Y133.251 E.11157
G1 X118.671 Y132.863 E.00949
G1 X114.288 Y132.863 E.10735
G1 X114.447 Y132.476 E.01026
G1 X118.673 Y132.476 E.10351
G1 X118.676 Y132.088 E.00949
G1 X114.543 Y132.088 E.10123
G1 X114.627 Y131.7 E.00972
G1 X118.678 Y131.7 E.09921
G1 X118.68 Y131.313 E.00949
G1 X114.66 Y131.313 E.09846
G1 X114.679 Y130.925 E.0095
G1 X118.682 Y130.925 E.09806
G1 X118.685 Y130.538 E.00949
G1 X114.681 Y130.538 E.09806
G1 X114.683 Y130.15 E.00949
G1 X118.687 Y130.15 E.09806
G1 X118.689 Y129.763 E.00949
G1 X114.685 Y129.763 E.09806
G1 X114.688 Y129.375 E.00949
G1 X118.691 Y129.375 E.09806
G1 X118.693 Y128.987 E.00949
G1 X114.69 Y128.987 E.09806
G1 X114.666 Y128.6 E.00951
G1 X118.696 Y128.6 E.09869
G1 X118.698 Y128.212 E.00949
G1 X114.63 Y128.212 E.09963
G1 X114.539 Y127.825 E.00975
G1 X118.7 Y127.825 E.10191
G1 X118.702 Y127.437 E.00949
G1 X114.433 Y127.437 E.10458
G1 X114.275 Y127.05 E.01025
G1 X118.704 Y127.05 E.1085
G1 X118.707 Y126.662 E.00949
G1 X114.083 Y126.662 E.11324
G1 X113.849 Y126.274 E.01109
G1 X118.709 Y126.274 E.11903
G1 X118.711 Y125.887 E.00949
G1 X113.543 Y125.887 E.12658
G1 X113.309 Y125.609 E.0089
G1 X113.181 Y125.499 E.00412
G1 X118.713 Y125.499 E.13549
G1 X118.716 Y125.112 E.00949
G1 X112.731 Y125.112 E.14659
G1 X112.106 Y124.724 E.018
G1 X118.891 Y124.724 E.16619
; stop printing object pigtail_slot_coupon.stl id:2099807082496 copy 0
;LAYER_CHANGE
;Z:1.04
;HEIGHT:0.16
G92 E0 ; zero the extruded length again
; BEFORE_LAYER_CHANGE 5 @ 1.04mm
G1 E-1.75 F6000
;WIPE_START
G1 X117.891 Y124.724 E-.75
;WIPE_END
; AFTER_LAYER_CHANGE 5 @ 1.04mm
;_SET_FAN_SPEED_CHANGING_LAYER
; printing object pigtail_slot_coupon.stl id:2099807082496 copy 0
G1 F18000
G1 X117.729 Y125.227 Z1.06857
G1 X117.236 Y125.413 Z1.09714
G1 X116.782 Y125.144 Z1.12571
G1 X116.709 Y124.621 Z1.15429
G1 X117.073 Y124.238 Z1.18286
G1 X117.599 Y124.284 Z1.21143
G1 X117.891 Y124.724 Z1.24
G1 X120.197 Y141.423 Z1.24
G1 X120.197 Y141.423
G1 X120.608 Y141.839
G1 Z1.04
G1 E2.5 F6000
M204 P1000
;TYPE:Outer wall
;WIDTH:0.42
G1 F3600
G1 X99.029 Y141.716 E.52594
G1 X99.37 Y82.014 E1.45507
G1 X103.269 Y78.159 E.13363
G1 X116.861 Y78.237 E.33129
G1 X120.971 Y78.26 E.10017
G1 X120.609 Y141.779 E1.54809
G1 X120.197 Y141.423 F18000
G1 X120.21 Y141.436
M204 P1500
;TYPE:Inner wall
;WIDTH:0.45
G1 F6000
G1 X99.432 Y141.317 E.54581
G1 X99.769 Y82.182 E1.55337
G1 X103.432 Y78.561 E.1353
G1 X116.859 Y78.637 E.3527
G1 X120.568 Y78.658 E.09744
G1 X120.21 Y141.376 E1.64747
G1 X119.797 Y141.018 F18000
G1 F6000
G1 X99.85 Y140.904 E.52397
G1 X100.184 Y82.357 E1.53793
G1 X103.602 Y78.977 E.12626
G1 X116.857 Y79.053 E.34817
G1 X120.15 Y79.072 E.08652
G1 X119.797 Y140.958 E1.62563
G1 X119.383 Y140.6 F18000
G1 F6000
G1 X100.268 Y140.491 E.50213
G1 X100.599 Y82.531 E1.52249
G1 X103.772 Y79.394 E.11721
G1 X116.854 Y79.469 E.34365
G1 X119.732 Y79.485 E.0756
G1 X119.384 Y140.54 E1.60379
G1 X118.97 Y140.182 F18000
G1 F6000
G1 X100.686 Y140.078 E.48029
G1 X101.013 Y82.706 E1.50705
G1 X103.942 Y79.811 E.10817
G1 X116.852 Y79.884 E.33913
G1 X119.314 Y79.898 E.06468
G1 X118.97 Y140.122 E1.58196
G1 E-1.75
;WIPE_START
G1 X117.97 Y140.12 E-.75
;WIPE_END
G1 X117.341 Y136.356 Z1.24 F18000
G1 X110.128 Y93.212 Z1.24
G1 X110.098 Y92.799
G1 Z1.04
G1 E2.5 F6000
M204 P1000
;TYPE:Outer wall
;WIDTH:0.42
G1 F3600
G1 X110.382 Y92.778 E.00693
G1 X110.658 Y92.714 E.00693
G1 X110.921 Y92.606 E.00693
G1 X111.165 Y92.459 E.00692
G1 X111.382 Y92.276 E.00692
G1 X111.568 Y92.061 E.00693
G1 X111.717 Y91.82 E.00693
G1 X111.828 Y91.558 E.00693
G1 X111.896 Y91.282 E.00692
G1 X111.918 Y91.011 E.00663
G1 X111.93 Y88.986 E.04934
G1 X111.91 Y88.715 E.00663
G1 X111.845 Y88.439 E.00692
G1 X111.738 Y88.175 E.00693
G1 X111.591 Y87.932 E.00693
G1 X111.408 Y87.715 E.00693
G1 X111.193 Y87.529 E.00692
G1 X110.951 Y87.379 E.00692
G1 X110.689 Y87.269 E.00693
G1 X110.413 Y87.201 E.00693
G1 X110.13 Y87.177 E.00693
G1 X109.914 Y87.193 E.00528
G1 X109.573 Y87.262 E.00848
G1 X109.307 Y87.37 E.00701
G1 X109.064 Y87.517 E.00692
G1 X108.847 Y87.7 E.00692
G1 X108.661 Y87.915 E.00693
G1 X108.511 Y88.157 E.00693
G1 X108.401 Y88.419 E.00693
G1 X108.333 Y88.695 E.00692
G1 X108.31 Y88.966 E.00663
G1 X108.298 Y90.99 E.04934
G1 X108.318 Y91.261 E.00663
G1 X108.383 Y91.538 E.00692
G1 X108.49 Y91.801 E.00693
G1 X108.637 Y92.044 E.00693
G1 X108.821 Y92.262 E.00693
G1 X109.036 Y92.447 E.00692
G1 X109.277 Y92.597 E.00692
G1 X109.539 Y92.707 E.00693
G1 X109.815 Y92.775 E.00693
G1 X110.038 Y92.794 E.00546
G1 X110.003 Y93.206 F18000
G1 X110.096 Y93.214
G1 X110.125 Y93.212
G1 X110.124 Y93.199
M204 P1500
;TYPE:Inner wall
;WIDTH:0.45
G1 F6000
G1 X110.442 Y93.176 E.00838
G1 X110.78 Y93.097 E.00912
G1 X111.102 Y92.966 E.00912
G1 X111.399 Y92.786 E.00912
G1 X111.664 Y92.562 E.00912
G1 X111.891 Y92.299 E.00912
G1 X112.074 Y92.004 E.00912
G1 X112.209 Y91.684 E.00912
G1 X112.292 Y91.347 E.00912
G1 X112.319 Y91.029 E.00839
G1 X112.331 Y88.973 E.054
G1 X112.307 Y88.655 E.00839
G1 X112.228 Y88.317 E.00912
G1 X112.097 Y87.995 E.00912
G1 X111.918 Y87.698 E.00912
G1 X111.694 Y87.432 E.00912
G1 X111.431 Y87.206 E.00912
G1 X111.136 Y87.022 E.00912
G1 X110.816 Y86.888 E.00912
G1 X110.479 Y86.805 E.00912
G1 X110.133 Y86.775 E.00912
G1 X109.86 Y86.795 E.00717
G1 X109.457 Y86.876 E.01079
G1 X109.127 Y87.011 E.00938
G1 X108.83 Y87.191 E.00912
G1 X108.564 Y87.415 E.00912
G1 X108.337 Y87.677 E.00912
G1 X108.154 Y87.972 E.00912
G1 X108.019 Y88.293 E.00912
G1 X107.936 Y88.63 E.00912
G1 X107.909 Y88.948 E.00839
G1 X107.898 Y91.004 E.054
G1 X107.921 Y91.322 E.00839
G1 X108 Y91.66 E.00912
G1 X108.131 Y91.982 E.00912
G1 X108.311 Y92.279 E.00912
G1 X108.535 Y92.544 E.00912
G1 X108.798 Y92.771 E.00912
G1 X109.093 Y92.954 E.00912
G1 X109.413 Y93.089 E.00912
G1 X109.75 Y93.172 E.00912
G1 X110.064 Y93.198 E.00828
G1 X110.151 Y93.614 F18000
G1 F6000
G1 X110.505 Y93.588 E.00934
G1 X110.907 Y93.494 E.01084
G1 X111.289 Y93.338 E.01084
G1 X111.642 Y93.125 E.01084
G1 X111.957 Y92.859 E.01084
G1 X112.227 Y92.546 E.01084
G1 X112.445 Y92.196 E.01084
G1 X112.605 Y91.815 E.01084
G1 X112.704 Y91.415 E.01084
G1 X112.735 Y91.048 E.00968
G1 X112.746 Y88.959 E.05486
G1 X112.72 Y88.592 E.00968
G1 X112.626 Y88.19 E.01084
G1 X112.47 Y87.808 E.01084
G1 X112.256 Y87.455 E.01084
G1 X111.99 Y87.139 E.01084
G1 X111.678 Y86.87 E.01084
G1 X111.327 Y86.652 E.01084
G1 X110.947 Y86.492 E.01084
G1 X110.546 Y86.393 E.01084
G1 X110.135 Y86.359 E.01084
G1 X109.804 Y86.383 E.00872
G1 X109.337 Y86.476 E.01251
G1 X108.939 Y86.638 E.01128
G1 X108.586 Y86.852 E.01083
G1 X108.271 Y87.118 E.01084
G1 X108.001 Y87.43 E.01084
G1 X107.784 Y87.781 E.01084
G1 X107.624 Y88.161 E.01084
G1 X107.525 Y88.562 E.01084
G1 X107.494 Y88.929 E.00968
G1 X107.482 Y91.018 E.05486
G1 X107.509 Y91.385 E.00968
G1 X107.603 Y91.787 E.01084
G1 X107.759 Y92.169 E.01084
G1 X107.972 Y92.522 E.01084
G1 X108.238 Y92.837 E.01084
G1 X108.551 Y93.107 E.01084
G1 X108.901 Y93.325 E.01084
G1 X109.282 Y93.485 E.01084
G1 X109.682 Y93.583 E.01084
G1 X110.091 Y93.618 E.01077
G1 X110.177 Y94.029 F18000
G1 F6000
G1 X110.568 Y94 E.01029
G1 X111.033 Y93.891 E.01256
G1 X111.476 Y93.711 E.01256
G1 X111.885 Y93.463 E.01255
G1 X112.25 Y93.155 E.01256
G1 X112.563 Y92.793 E.01256
G1 X112.815 Y92.387 E.01256
G1 X113.001 Y91.946 E.01256
G1 X113.115 Y91.482 E.01255
G1 X113.15 Y91.066 E.01097
G1 X113.162 Y88.945 E.05572
G1 X113.132 Y88.529 E.01097
G1 X113.023 Y88.063 E.01255
G1 X112.842 Y87.621 E.01256
G1 X112.595 Y87.212 E.01256
G1 X112.286 Y86.846 E.01256
G1 X111.925 Y86.534 E.01256
G1 X111.519 Y86.282 E.01255
G1 X111.078 Y86.096 E.01256
G1 X110.614 Y85.982 E.01256
G1 X110.137 Y85.942 E.01256
G1 X109.748 Y85.97 E.01026
G1 X109.217 Y86.077 E.01423
G1 X108.752 Y86.266 E.01317
G1 X108.343 Y86.513 E.01255
G1 X107.978 Y86.822 E.01256
G1 X107.665 Y87.183 E.01256
G1 X107.413 Y87.59 E.01256
G1 X107.228 Y88.03 E.01256
G1 X107.113 Y88.494 E.01255
G1 X107.078 Y88.91 E.01097
G1 X107.066 Y91.031 E.05572
G1 X107.097 Y91.448 E.01097
G1 X107.206 Y91.913 E.01255
G1 X107.386 Y92.356 E.01256
G1 X107.633 Y92.765 E.01256
G1 X107.942 Y93.13 E.01256
G1 X108.304 Y93.443 E.01256
G1 X108.71 Y93.695 E.01255
G1 X109.151 Y93.881 E.01256
G1 X109.615 Y93.995 E.01256
G1 X110.091 Y94.035 E.01256
G1 X110.117 Y94.033 E.00069
G1 X110.204 Y94.444 F18000
G1 F6000
G1 X110.631 Y94.412 E.01124
G1 X111.16 Y94.289 E.01427
G1 X111.663 Y94.083 E.01428
G1 X112.128 Y93.802 E.01427
G1 X112.544 Y93.452 E.01428
G1 X112.899 Y93.04 E.01428
G1 X113.186 Y92.578 E.01428
G1 X113.397 Y92.077 E.01428
G1 X113.526 Y91.55 E.01427
G1 X113.566 Y91.085 E.01225
G1 X113.578 Y88.931 E.05657
G1 X113.544 Y88.466 E.01225
G1 X113.42 Y87.937 E.01427
G1 X113.215 Y87.434 E.01428
G1 X112.934 Y86.968 E.01428
G1 X112.583 Y86.553 E.01428
G1 X112.172 Y86.198 E.01427
G1 X111.71 Y85.911 E.01427
G1 X111.209 Y85.7 E.01428
G1 X110.681 Y85.57 E.01428
G1 X110.14 Y85.525 E.01428
G1 X109.692 Y85.557 E.0118
G1 X109.096 Y85.677 E.01595
G1 X108.565 Y85.893 E.01507
G1 X108.1 Y86.174 E.01427
G1 X107.685 Y86.525 E.01428
G1 X107.329 Y86.936 E.01428
G1 X107.043 Y87.398 E.01428
G1 X106.832 Y87.899 E.01428
G1 X106.702 Y88.427 E.01427
G1 X106.663 Y88.892 E.01225
G1 X106.65 Y91.045 E.05657
G1 X106.684 Y91.511 E.01225
G1 X106.808 Y92.04 E.01427
G1 X107.013 Y92.543 E.01428
G1 X107.295 Y93.008 E.01428
G1 X107.645 Y93.424 E.01428
G1 X108.057 Y93.779 E.01428
G1 X108.518 Y94.065 E.01427
G1 X109.019 Y94.276 E.01428
G1 X109.547 Y94.406 E.01428
G1 X110.089 Y94.452 E.01428
G1 X110.144 Y94.448 E.00146
G1 E-1.75
;WIPE_START
G1 X110.631 Y94.412 E-.36603
G1 X111.129 Y94.296 E-.38397
;WIPE_END
G1 X111.547 Y98.089 Z1.24 F18000
G1 X112.7 Y108.577 Z1.24
G1 X112.729 Y108.975
G1 X113.115 Y128.978
G1 X113.103 Y131.034
G1 X113.063 Y131.51
G1 X112.942 Y132.002
G1 X112.746 Y132.469
G1 X112.479 Y132.899
G1 X112.148 Y133.282
G1 X111.761 Y133.608
G1 X111.328 Y133.87
G1 X110.859 Y134.061
G1 X110.367 Y134.177
G1 X109.862 Y134.213
G1 X109.829 Y134.211
G1 X109.864 Y133.799
G1 Z1.04
G1 E2.5 F6000
M204 P1000
;TYPE:Outer wall
;WIDTH:0.42
G1 F3600
G1 X110.304 Y133.766 E.01075
G1 X110.733 Y133.666 E.01075
G1 X111.142 Y133.499 E.01075
G1 X111.519 Y133.271 E.01075
G1 X111.856 Y132.987 E.01075
G1 X112.145 Y132.653 E.01075
G1 X112.377 Y132.278 E.01075
G1 X112.548 Y131.871 E.01075
G1 X112.654 Y131.443 E.01075
G1 X112.69 Y131.016 E.01045
G1 X112.702 Y128.992 E.04934
G1 X112.67 Y128.564 E.01045
G1 X112.57 Y128.134 E.01075
G1 X112.403 Y127.726 E.01075
G1 X112.175 Y127.348 E.01075
G1 X111.89 Y127.011 E.01075
G1 X111.557 Y126.723 E.01075
G1 X111.182 Y126.49 E.01075
G1 X110.775 Y126.319 E.01075
G1 X110.347 Y126.214 E.01075
G1 X109.908 Y126.177 E.01075
G1 X109.586 Y126.2 E.00786
G1 X109.468 Y126.209 E.00289
G1 X109.038 Y126.309 E.01075
G1 X108.63 Y126.476 E.01075
G1 X108.252 Y126.704 E.01075
G1 X107.915 Y126.989 E.01075
G1 X107.627 Y127.322 E.01075
G1 X107.394 Y127.697 E.01075
G1 X107.223 Y128.104 E.01075
G1 X107.118 Y128.532 E.01075
G1 X107.082 Y128.959 E.01045
G1 X107.07 Y130.984 E.04934
G1 X107.101 Y131.412 E.01045
G1 X107.202 Y131.841 E.01075
G1 X107.368 Y132.249 E.01075
G1 X107.597 Y132.627 E.01075
G1 X107.881 Y132.964 E.01075
G1 X108.215 Y133.252 E.01075
G1 X108.59 Y133.485 E.01075
G1 X108.996 Y133.656 E.01075
G1 X109.424 Y133.761 E.01075
G1 X109.804 Y133.793 E.00929
G1 X109.769 Y134.206 F18000
G1 X109.862 Y134.213
G1 X109.891 Y134.211
G1 X109.89 Y134.198
M204 P1500
;TYPE:Inner wall
;WIDTH:0.45
G1 F6000
G1 X110.365 Y134.164 E.0125
G1 X110.855 Y134.049 E.01324
G1 X111.322 Y133.859 E.01324
G1 X111.754 Y133.598 E.01324
G1 X112.139 Y133.272 E.01324
G1 X112.468 Y132.891 E.01324
G1 X112.734 Y132.463 E.01324
G1 X112.93 Y131.998 E.01324
G1 X113.05 Y131.508 E.01324
G1 X113.091 Y131.034 E.01251
G1 X113.102 Y128.978 E.054
G1 X113.068 Y128.503 E.01251
G1 X112.953 Y128.012 E.01324
G1 X112.762 Y127.545 E.01324
G1 X112.501 Y127.114 E.01324
G1 X112.176 Y126.729 E.01324
G1 X111.795 Y126.399 E.01324
G1 X111.366 Y126.133 E.01324
G1 X110.902 Y125.938 E.01324
G1 X110.412 Y125.817 E.01324
G1 X109.91 Y125.775 E.01324
G1 X109.557 Y125.801 E.0093
G1 X109.407 Y125.812 E.00394
G1 X108.916 Y125.926 E.01324
G1 X108.449 Y126.117 E.01324
G1 X108.018 Y126.378 E.01324
G1 X107.633 Y126.703 E.01324
G1 X107.303 Y127.084 E.01324
G1 X107.037 Y127.513 E.01324
G1 X106.842 Y127.977 E.01324
G1 X106.721 Y128.467 E.01324
G1 X106.681 Y128.941 E.01251
G1 X106.669 Y130.997 E.054
G1 X106.704 Y131.472 E.01251
G1 X106.819 Y131.963 E.01324
G1 X107.009 Y132.43 E.01324
G1 X107.27 Y132.861 E.01324
G1 X107.595 Y133.247 E.01324
G1 X107.977 Y133.576 E.01324
G1 X108.405 Y133.842 E.01324
G1 X108.87 Y134.037 E.01324
G1 X109.359 Y134.158 E.01324
G1 X109.83 Y134.198 E.01241
G1 X109.802 Y134.613 F18000
G1 F6000
G1 X109.859 Y134.617 E.0015
G1 X110.427 Y134.576 E.01496
G1 X110.982 Y134.446 E.01496
G1 X111.509 Y134.231 E.01496
G1 X111.997 Y133.936 E.01496
G1 X112.432 Y133.569 E.01496
G1 X112.804 Y133.138 E.01496
G1 X113.105 Y132.654 E.01496
G1 X113.326 Y132.129 E.01496
G1 X113.462 Y131.576 E.01496
G1 X113.506 Y131.053 E.0138
G1 X113.518 Y128.964 E.05486
G1 X113.48 Y128.44 E.0138
G1 X113.35 Y127.886 E.01496
G1 X113.135 Y127.358 E.01496
G1 X112.84 Y126.871 E.01496
G1 X112.473 Y126.436 E.01496
G1 X112.042 Y126.063 E.01496
G1 X111.558 Y125.763 E.01496
G1 X111.033 Y125.542 E.01496
G1 X110.48 Y125.406 E.01496
G1 X109.912 Y125.358 E.01496
G1 X109.526 Y125.386 E.01016
G1 X109.344 Y125.399 E.0048
G1 X108.79 Y125.529 E.01496
G1 X108.262 Y125.744 E.01496
G1 X107.775 Y126.039 E.01496
G1 X107.34 Y126.406 E.01496
G1 X106.967 Y126.837 E.01496
G1 X106.667 Y127.321 E.01496
G1 X106.446 Y127.846 E.01496
G1 X106.31 Y128.399 E.01496
G1 X106.265 Y128.923 E.0138
G1 X106.254 Y131.011 E.05486
G1 X106.292 Y131.535 E.0138
G1 X106.422 Y132.089 E.01496
G1 X106.637 Y132.617 E.01496
G1 X106.931 Y133.104 E.01496
G1 X107.299 Y133.54 E.01496
G1 X107.73 Y133.912 E.01496
G1 X108.214 Y134.212 E.01496
G1 X108.739 Y134.433 E.01496
G1 X109.292 Y134.569 E.01496
G1 X109.742 Y134.607 E.01188
G1 X109.943 Y135.028 F18000
G1 F6000
G1 X110.49 Y134.988 E.01441
G1 X111.109 Y134.843 E.01668
G1 X111.697 Y134.604 E.01668
G1 X112.24 Y134.275 E.01668
G1 X112.725 Y133.866 E.01668
G1 X113.14 Y133.385 E.01668
G1 X113.475 Y132.845 E.01668
G1 X113.722 Y132.26 E.01668
G1 X113.873 Y131.644 E.01668
G1 X113.922 Y131.071 E.01508
G1 X113.934 Y128.95 E.05572
G1 X113.892 Y128.377 E.01509
G1 X113.747 Y127.759 E.01668
G1 X113.508 Y127.171 E.01668
G1 X113.179 Y126.628 E.01668
G1 X112.769 Y126.142 E.01668
G1 X112.289 Y125.727 E.01668
G1 X111.749 Y125.393 E.01668
G1 X111.164 Y125.146 E.01668
G1 X110.547 Y124.994 E.01668
G1 X109.915 Y124.941 E.01668
G1 X109.496 Y124.972 E.01102
G1 X109.281 Y124.987 E.00566
G1 X108.663 Y125.132 E.01668
G1 X108.075 Y125.372 E.01668
G1 X107.532 Y125.7 E.01668
G1 X107.046 Y126.11 E.01668
G1 X106.631 Y126.59 E.01668
G1 X106.296 Y127.13 E.01668
G1 X106.05 Y127.715 E.01668
G1 X105.898 Y128.332 E.01668
G1 X105.85 Y128.904 E.01508
G1 X105.838 Y131.025 E.05572
G1 X105.88 Y131.598 E.01509
G1 X106.024 Y132.216 E.01668
G1 X106.264 Y132.804 E.01668
G1 X106.593 Y133.348 E.01668
G1 X107.002 Y133.833 E.01668
G1 X107.483 Y134.248 E.01668
G1 X108.022 Y134.583 E.01668
G1 X108.608 Y134.829 E.01668
G1 X109.224 Y134.981 E.01668
G1 X109.857 Y135.034 E.01668
G1 X109.883 Y135.032 E.00069
G1 X109.74 Y135.442 F18000
G1 F6000
G1 X109.855 Y135.451 E.00303
G1 X110.553 Y135.4 E.0184
G1 X111.235 Y135.241 E.0184
G1 X111.884 Y134.976 E.0184
G1 X112.483 Y134.614 E.0184
G1 X113.018 Y134.162 E.0184
G1 X113.476 Y133.632 E.0184
G1 X113.846 Y133.037 E.0184
G1 X114.117 Y132.391 E.0184
G1 X114.285 Y131.711 E.0184
G1 X114.337 Y131.09 E.01637
G1 X114.35 Y128.936 E.05657
G1 X114.304 Y128.315 E.01637
G1 X114.145 Y127.633 E.01839
G1 X113.88 Y126.984 E.0184
G1 X113.518 Y126.385 E.0184
G1 X113.066 Y125.849 E.0184
G1 X112.536 Y125.392 E.0184
G1 X111.941 Y125.022 E.0184
G1 X111.295 Y124.75 E.0184
G1 X110.615 Y124.583 E.01839
G1 X109.917 Y124.524 E.0184
G1 X109.466 Y124.557 E.01188
G1 X109.218 Y124.575 E.00652
G1 X108.536 Y124.735 E.0184
G1 X107.888 Y124.999 E.0184
G1 X107.289 Y125.362 E.0184
G1 X106.753 Y125.813 E.0184
G1 X106.295 Y126.343 E.0184
G1 X105.926 Y126.939 E.0184
G1 X105.654 Y127.584 E.0184
G1 X105.487 Y128.264 E.0184
G1 X105.434 Y128.885 E.01637
G1 X105.422 Y131.039 E.05657
G1 X105.467 Y131.661 E.01637
G1 X105.627 Y132.343 E.01839
G1 X105.891 Y132.991 E.0184
G1 X106.254 Y133.591 E.0184
G1 X106.706 Y134.126 E.0184
G1 X107.236 Y134.584 E.0184
G1 X107.831 Y134.953 E.0184
G1 X108.477 Y135.225 E.0184
G1 X109.157 Y135.392 E.01839
G1 X109.68 Y135.436 E.01379
G1 E-1.75
;WIPE_START
G1 X109.855 Y135.451 E-.13159
G1 X110.553 Y135.4 E-.52542
G1 X110.674 Y135.372 E-.09299
;WIPE_END
G1 X112.479 Y132.899 Z1.24 F18000
G1 X112.746 Y132.469
G1 X112.942 Y132.002
G1 X113.063 Y131.51
G1 X113.103 Y131.034
G1 X113.115 Y128.978
G1 X113.08 Y128.501
G1 X112.965 Y128.008
G1 X112.774 Y127.54
G1 X112.512 Y127.106
G1 X112.185 Y126.72
G1 X111.802 Y126.389
G1 X111.372 Y126.122
G1 X110.906 Y125.925
G1 X110.414 Y125.804
G1 X110.374 Y125.801
G1 X110.011 Y113.711
G1 X109.981 Y113.299
G1 Z1.04
G1 E2.5 F6000
M204 P1000
;TYPE:Outer wall
;WIDTH:0.42
G1 F3600
G1 X110.343 Y113.272 E.00884
G1 X110.696 Y113.19 E.00884
G1 X111.032 Y113.053 E.00884
G1 X111.342 Y112.865 E.00884
G1 X111.619 Y112.631 E.00884
G1 X111.856 Y112.357 E.00884
G1 X112.047 Y112.049 E.00884
G1 X112.188 Y111.715 E.00884
G1 X112.275 Y111.362 E.00884
G1 X112.304 Y111.013 E.00854
G1 X112.316 Y108.989 E.04934
G1 X112.29 Y108.64 E.00854
G1 X112.208 Y108.286 E.00884
G1 X112.071 Y107.951 E.00884
G1 X111.883 Y107.64 E.00884
G1 X111.649 Y107.363 E.00884
G1 X111.375 Y107.126 E.00884
G1 X111.067 Y106.935 E.00884
G1 X110.732 Y106.794 E.00884
G1 X110.38 Y106.708 E.00884
G1 X110.019 Y106.677 E.00884
G1 X109.744 Y106.697 E.00673
G1 X109.307 Y106.785 E.01085
G1 X108.968 Y106.923 E.00892
G1 X108.658 Y107.111 E.00884
G1 X108.381 Y107.345 E.00884
G1 X108.144 Y107.619 E.00884
G1 X107.953 Y107.927 E.00884
G1 X107.812 Y108.261 E.00884
G1 X107.725 Y108.613 E.00884
G1 X107.696 Y108.963 E.00854
G1 X107.684 Y110.987 E.04934
G1 X107.71 Y111.336 E.00854
G1 X107.792 Y111.69 E.00884
G1 X107.929 Y112.025 E.00884
G1 X108.117 Y112.336 E.00884
G1 X108.351 Y112.613 E.00884
G1 X108.625 Y112.85 E.00884
G1 X108.933 Y113.041 E.00884
G1 X109.268 Y113.182 E.00884
G1 X109.62 Y113.268 E.00884
G1 X109.921 Y113.294 E.00738
G1 X109.886 Y113.706 F18000
G1 X109.979 Y113.714
G1 X110.008 Y113.712
G1 X110.007 Y113.699
M204 P1500
;TYPE:Inner wall
;WIDTH:0.45
G1 F6000
G1 X110.403 Y113.67 E.01044
G1 X110.818 Y113.573 E.01118
G1 X111.212 Y113.412 E.01118
G1 X111.576 Y113.192 E.01118
G1 X111.902 Y112.917 E.01118
G1 X112.18 Y112.595 E.01118
G1 X112.404 Y112.233 E.01118
G1 X112.57 Y111.841 E.01118
G1 X112.671 Y111.428 E.01118
G1 X112.705 Y111.031 E.01045
G1 X112.716 Y108.976 E.054
G1 X112.688 Y108.579 E.01045
G1 X112.591 Y108.164 E.01118
G1 X112.43 Y107.77 E.01118
G1 X112.21 Y107.406 E.01118
G1 X111.935 Y107.081 E.01118
G1 X111.613 Y106.802 E.01118
G1 X111.251 Y106.578 E.01118
G1 X110.859 Y106.413 E.01118
G1 X110.445 Y106.311 E.01118
G1 X110.021 Y106.275 E.01118
G1 X109.689 Y106.299 E.00874
G1 X109.191 Y106.399 E.01335
G1 X108.788 Y106.564 E.01144
G1 X108.424 Y106.784 E.01118
G1 X108.098 Y107.059 E.01118
G1 X107.82 Y107.381 E.01118
G1 X107.596 Y107.743 E.01118
G1 X107.43 Y108.135 E.01118
G1 X107.329 Y108.548 E.01118
G1 X107.295 Y108.945 E.01045
G1 X107.284 Y111 E.054
G1 X107.312 Y111.397 E.01045
G1 X107.409 Y111.812 E.01118
G1 X107.57 Y112.206 E.01118
G1 X107.79 Y112.57 E.01118
G1 X108.065 Y112.895 E.01118
G1 X108.387 Y113.174 E.01118
G1 X108.749 Y113.398 E.01118
G1 X109.141 Y113.563 E.01118
G1 X109.555 Y113.665 E.01118
G1 X109.947 Y113.698 E.01034
G1 X110.033 Y114.114 F18000
G1 F6000
G1 X110.466 Y114.082 E.0114
G1 X110.944 Y113.97 E.0129
G1 X111.399 Y113.785 E.0129
G1 X111.819 Y113.53 E.0129
G1 X112.195 Y113.214 E.0129
G1 X112.516 Y112.842 E.0129
G1 X112.775 Y112.425 E.0129
G1 X112.965 Y111.972 E.0129
G1 X113.083 Y111.495 E.0129
G1 X113.12 Y111.05 E.01173
G1 X113.132 Y108.962 E.05486
G1 X113.1 Y108.516 E.01174
G1 X112.988 Y108.038 E.0129
G1 X112.802 Y107.583 E.0129
G1 X112.548 Y107.163 E.0129
G1 X112.231 Y106.788 E.0129
G1 X111.86 Y106.466 E.0129
G1 X111.443 Y106.207 E.0129
G1 X110.99 Y106.017 E.0129
G1 X110.513 Y105.9 E.0129
G1 X110.024 Y105.858 E.0129
G1 X109.633 Y105.887 E.01029
G1 X109.071 Y106 E.01507
G1 X108.601 Y106.191 E.01333
G1 X108.181 Y106.445 E.0129
G1 X107.805 Y106.762 E.0129
G1 X107.484 Y107.134 E.0129
G1 X107.225 Y107.551 E.0129
G1 X107.035 Y108.004 E.0129
G1 X106.917 Y108.481 E.0129
G1 X106.88 Y108.926 E.01173
G1 X106.868 Y111.014 E.05486
G1 X106.9 Y111.46 E.01174
G1 X107.012 Y111.938 E.0129
G1 X107.198 Y112.393 E.0129
G1 X107.452 Y112.813 E.0129
G1 X107.769 Y113.188 E.0129
G1 X108.14 Y113.509 E.0129
G1 X108.557 Y113.768 E.0129
G1 X109.01 Y113.959 E.0129
G1 X109.487 Y114.076 E.0129
G1 X109.974 Y114.117 E.01283
G1 X110.06 Y114.528 F18000
G1 F6000
G1 X110.529 Y114.494 E.01236
G1 X111.071 Y114.367 E.01462
G1 X111.586 Y114.157 E.01462
G1 X112.063 Y113.869 E.01462
G1 X112.488 Y113.51 E.01462
G1 X112.852 Y113.089 E.01462
G1 X113.145 Y112.616 E.01462
G1 X113.361 Y112.103 E.01462
G1 X113.494 Y111.563 E.01462
G1 X113.536 Y111.069 E.01302
G1 X113.548 Y108.948 E.05572
G1 X113.512 Y108.453 E.01302
G1 X113.385 Y107.911 E.01462
G1 X113.175 Y107.396 E.01462
G1 X112.887 Y106.92 E.01462
G1 X112.528 Y106.494 E.01462
G1 X112.107 Y106.131 E.01462
G1 X111.634 Y105.837 E.01462
G1 X111.121 Y105.621 E.01462
G1 X110.581 Y105.488 E.01462
G1 X110.026 Y105.441 E.01462
G1 X109.577 Y105.474 E.01183
G1 X108.95 Y105.6 E.01678
G1 X108.414 Y105.819 E.01522
G1 X107.937 Y106.107 E.01462
G1 X107.512 Y106.466 E.01462
G1 X107.148 Y106.887 E.01462
G1 X106.855 Y107.36 E.01462
G1 X106.639 Y107.873 E.01462
G1 X106.506 Y108.413 E.01462
G1 X106.464 Y108.907 E.01302
G1 X106.452 Y111.028 E.05572
G1 X106.488 Y111.523 E.01302
G1 X106.615 Y112.065 E.01462
G1 X106.825 Y112.58 E.01462
G1 X107.113 Y113.056 E.01462
G1 X107.472 Y113.482 E.01462
G1 X107.893 Y113.845 E.01462
G1 X108.366 Y114.139 E.01462
G1 X108.879 Y114.355 E.01462
G1 X109.419 Y114.488 E.01462
G1 X109.974 Y114.535 E.01462
G1 X110 Y114.533 E.00069
G1 X110.087 Y114.943 F18000
G1 F6000
G1 X110.592 Y114.906 E.01331
G1 X111.198 Y114.765 E.01634
G1 X111.774 Y114.53 E.01634
G1 X112.306 Y114.208 E.01634
G1 X112.781 Y113.807 E.01634
G1 X113.188 Y113.336 E.01634
G1 X113.516 Y112.808 E.01634
G1 X113.757 Y112.234 E.01634
G1 X113.906 Y111.63 E.01634
G1 X113.951 Y111.087 E.01431
G1 X113.964 Y108.934 E.05657
G1 X113.924 Y108.39 E.01431
G1 X113.782 Y107.785 E.01634
G1 X113.548 Y107.209 E.01634
G1 X113.226 Y106.677 E.01634
G1 X112.824 Y106.201 E.01634
G1 X112.354 Y105.795 E.01634
G1 X111.825 Y105.467 E.01634
G1 X111.252 Y105.225 E.01634
G1 X110.648 Y105.077 E.01634
G1 X110.028 Y105.024 E.01634
G1 X109.52 Y105.061 E.01338
G1 X108.83 Y105.2 E.0185
G1 X108.226 Y105.446 E.01711
G1 X107.694 Y105.768 E.01634
G1 X107.219 Y106.169 E.01634
G1 X106.812 Y106.64 E.01634
G1 X106.484 Y107.168 E.01634
G1 X106.243 Y107.742 E.01634
G1 X106.094 Y108.346 E.01634
G1 X106.049 Y108.888 E.01431
G1 X106.036 Y111.042 E.05657
G1 X106.076 Y111.586 E.01431
G1 X106.218 Y112.191 E.01634
G1 X106.452 Y112.767 E.01634
G1 X106.774 Y113.299 E.01634
G1 X107.176 Y113.775 E.01634
G1 X107.646 Y114.181 E.01634
G1 X108.175 Y114.509 E.01634
G1 X108.748 Y114.751 E.01634
G1 X109.352 Y114.899 E.01634
G1 X109.972 Y114.952 E.01634
G1 X110.027 Y114.948 E.00145
G1 X106.1 Y112.344 F18000
M204 P2000
;TYPE:Internal solid infill
;WIDTH:0.424368
G1 F6000
G1 X106.1 Y126.049 E.33779
G1 X106.49 Y125.597 E.0147
G1 X106.49 Y113.487 E.2985
G1 X106.88 Y113.952 E.01497
G1 X106.88 Y125.261 E.27874
G1 X107.089 Y125.084 E.00676
G1 X107.27 Y124.975 E.0052
G1 X107.27 Y114.306 E.26296
G1 X107.444 Y114.457 E.00567
G1 X107.66 Y114.591 E.00626
G1 X107.66 Y124.739 E.25013
G1 X108.05 Y124.565 E.01052
G1 X108.05 Y114.826 E.24004
G1 X108.44 Y114.99 E.01043
G1 X108.44 Y124.407 E.23211
G1 X108.83 Y124.316 E.00987
G1 X108.83 Y115.121 E.22663
G1 X109.22 Y115.217 E.0099
G1 X109.22 Y124.233 E.22222
G1 X109.61 Y124.205 E.00964
G1 X109.61 Y115.263 E.2204
G1 X110 Y115.291 E.00964
G1 X110 Y124.189 E.21932
G1 X110.39 Y124.222 E.00965
G1 X110.39 Y115.263 E.22084
G1 X110.644 Y115.244 E.00627
G1 X110.78 Y115.212 E.00346
G1 X110.78 Y124.273 E.22333
G1 X111.17 Y124.369 E.0099
G1 X111.17 Y115.121 E.22795
G1 X111.301 Y115.09 E.00332
G1 X111.56 Y114.985 E.00689
G1 X111.56 Y124.492 E.23435
G1 X111.95 Y124.657 E.01043
G1 X111.95 Y114.821 E.24242
G1 X112.34 Y114.585 E.01124
G1 X112.34 Y124.869 E.25348
G1 X112.73 Y125.111 E.01132
G1 X112.73 Y114.295 E.26659
G1 X113.021 Y114.05 E.00939
G1 X113.12 Y113.935 E.00373
G1 X113.12 Y125.446 E.28373
G1 X113.309 Y125.609 E.00614
G1 X113.51 Y125.848 E.0077
G1 X113.51 Y113.462 E.30528
G1 X113.819 Y112.964 E.01444
G1 X113.9 Y112.772 E.00516
G1 X113.9 Y126.694 E.34317
G1 X114.29 Y127.548 F18000
G1 F6000
G1 X114.29 Y80.21 E1.16677
G1 X113.9 Y80.208 E.00961
G1 X113.9 Y107.632 E.67593
G1 X118.971 Y110.825 F18000
G1 F6000
G1 X118.971 Y80.237 E.75392
G1 X118.581 Y80.235 E.00961
G1 X118.581 Y139.839 E1.46912
G1 X118.191 Y139.837 E.00961
G1 X118.191 Y80.232 E1.46912
G1 X117.801 Y80.23 E.00961
G1 X117.801 Y139.835 E1.46912
G1 X117.411 Y139.833 E.00961
G1 X117.411 Y80.228 E1.46912
G1 X117.021 Y80.226 E.00961
G1 X117.021 Y139.83 E1.46912
G1 X116.631 Y139.828 E.00961
G1 X116.631 Y80.224 E1.46912
G1 X116.24 Y80.221 E.00961
G1 X116.24 Y139.826 E1.46912
G1 X115.85 Y139.824 E.00961
G1 X115.85 Y80.219 E1.46912
G1 X115.46 Y80.217 E.00961
G1 X115.46 Y139.821 E1.46912
G1 X115.07 Y139.819 E.00961
G1 X115.07 Y80.215 E1.46912
G1 X114.68 Y80.212 E.00961
G1 X114.68 Y139.817 E1.46912
G1 X114.29 Y139.815 E.00961
G1 X114.29 Y132.858 E.17146
G1 X114.149 Y133.194 E.00897
G1 X113.9 Y133.595 E.01163
G1 X113.9 Y139.813 E.15326
G1 X113.51 Y139.81 E.00961
G1 X113.51 Y134.113 E.14041
G1 X113.258 Y134.405 E.0095
G1 X113.12 Y134.522 E.00446
G1 X113.12 Y139.808 E.1303
G1 X112.73 Y139.806 E.00961
G1 X112.73 Y134.851 E.12213
G1 X112.34 Y135.098 E.01138
G1 X112.34 Y139.804 E.11598
G1 X111.95 Y139.801 E.00961
G1 X111.95 Y135.317 E.11053
G1 X111.56 Y135.476 E.01038
G1 X111.56 Y139.799 E.10656
G1 X111.17 Y139.797 E.00961
G1 X111.17 Y135.606 E.10331
G1 X110.78 Y135.697 E.00987
G1 X110.78 Y139.795 E.101
G1 X110.39 Y139.792 E.00961
G1 X110.39 Y135.754 E.09955
G1 X110 Y135.782 E.00964
G1 X110 Y139.79 E.09879
G1 X109.61 Y139.788 E.00961
G1 X109.61 Y135.772 E.09898
G1 X109.22 Y135.739 E.00965
G1 X109.22 Y139.786 E.09973
G1 X108.83 Y139.784 E.00961
G1 X108.83 Y135.663 E.10157
G1 X108.44 Y135.567 E.0099
G1 X108.44 Y139.781 E.10388
G1 X108.05 Y139.779 E.00961
G1 X108.05 Y135.415 E.10757
G1 X107.66 Y135.248 E.01046
G1 X107.66 Y139.777 E.11163
G1 X107.27 Y139.775 E.00961
G1 X107.27 Y135.006 E.11754
G1 X107.034 Y134.859 E.00685
G1 X106.88 Y134.726 E.00501
G1 X106.88 Y139.772 E.12438
G1 X106.49 Y139.77 E.00961
G1 X106.49 Y134.389 E.13263
G1 X106.1 Y133.936 E.01474
G1 X106.1 Y139.768 E.14375
G1 X105.71 Y139.766 E.00961
G1 X105.71 Y133.349 E.15816
G1 X105.586 Y133.145 E.00588
G1 X105.32 Y132.491 E.01741
G1 X105.32 Y139.764 E.17926
G1 X104.93 Y139.761 E.00961
G1 X104.93 Y80.157 E1.46912
G1 X105.32 Y80.159 E.00961
G1 X105.32 Y127.519 E1.16731
G1 X105.622 Y126.782 E.01964
G1 X105.71 Y126.641 E.00408
G1 X105.71 Y80.161 E1.14563
G1 X106.1 Y80.163 E.00961
G1 X106.1 Y107.204 E.6665
G1 X106.181 Y107.012 E.00516
G1 X106.49 Y106.514 E.01443
G1 X106.49 Y92.16 E.35379
G1 X106.708 Y92.696 E.01427
G1 X106.88 Y92.98 E.00817
G1 X106.88 Y106.041 E.32192
G1 X106.979 Y105.926 E.00374
G1 X107.27 Y105.681 E.00938
G1 X107.27 Y93.507 E.30007
G1 X107.403 Y93.664 E.00507
G1 X107.66 Y93.886 E.00838
G1 X107.66 Y105.391 E.28357
G1 X108.05 Y105.155 E.01124
G1 X108.05 Y94.175 E.27062
G1 X108.44 Y94.402 E.01112
G1 X108.44 Y104.991 E.26101
G1 X108.731 Y104.873 E.00775
G1 X108.83 Y104.853 E.00248
G1 X108.83 Y94.566 E.25355
G1 X109.22 Y94.676 E.00999
G1 X109.22 Y104.774 E.24889
G1 X109.61 Y104.713 E.00973
G1 X109.61 Y94.753 E.2455
G1 X110 Y94.786 E.00965
G1 X110 Y104.685 E.24398
G1 X110.39 Y104.713 E.00964
G1 X110.39 Y94.771 E.24504
G1 X110.78 Y94.727 E.00968
G1 X110.78 Y104.758 E.24725
G1 X111.17 Y104.854 E.0099
G1 X111.17 Y94.636 E.25186
G1 X111.56 Y94.493 E.01024
G1 X111.56 Y104.985 E.25861
G1 X111.95 Y105.15 E.01043
G1 X111.95 Y94.308 E.26722
G1 X112.34 Y94.069 E.01127
G1 X112.34 Y105.385 E.27893
G1 X112.556 Y105.519 E.00627
G1 X112.73 Y105.67 E.00567
G1 X112.73 Y93.74 E.29405
G1 X113.12 Y93.305 E.01439
G1 X113.12 Y106.024 E.31349
G1 X113.51 Y106.489 E.01496
G1 X113.51 Y92.238 E.35126
G1 X113.51 Y87.715 F18000
G1 F6000
G1 X113.51 Y80.206 E.18509
G1 X113.12 Y80.204 E.00961
G1 X113.12 Y86.661 E.15917
G1 X112.826 Y86.313 E.01125
G1 X112.73 Y86.23 E.00312
G1 X112.73 Y80.201 E.1486
G1 X112.34 Y80.199 E.00961
G1 X112.34 Y85.901 E.14055
G1 X111.95 Y85.659 E.01132
G1 X111.95 Y80.197 E.13464
G1 X111.56 Y80.195 E.00961
G1 X111.56 Y85.479 E.13024
G1 X111.316 Y85.376 E.00652
G1 X111.17 Y85.34 E.00371
G1 X111.17 Y80.192 E.12688
G1 X110.78 Y80.19 E.00961
G1 X110.78 Y85.244 E.12457
G1 X110.39 Y85.204 E.00966
G1 X110.39 Y80.188 E.12364
G1 X110 Y80.186 E.00961
G1 X110 Y85.193 E.12343
G1 X109.61 Y85.226 E.00965
G1 X109.61 Y80.183 E.1243
G1 X109.22 Y80.181 E.00961
G1 X109.22 Y85.305 E.12628
G1 X108.998 Y85.349 E.00559
G1 X108.83 Y85.418 E.00446
G1 X108.83 Y80.179 E.12912
G1 X108.44 Y80.177 E.00961
G1 X108.44 Y85.577 E.13309
G1 X108.05 Y85.807 E.01117
G1 X108.05 Y80.175 E.13883
G1 X107.66 Y80.172 E.00961
G1 X107.66 Y86.101 E.14612
G1 X107.445 Y86.282 E.00694
G1 X107.27 Y86.485 E.0066
G1 X107.27 Y80.17 E.15564
G1 X106.88 Y80.168 E.00961
G1 X106.88 Y87.015 E.16877
G1 X106.739 Y87.241 E.00657
G1 X106.49 Y87.865 E.01655
G1 X106.49 Y79.992 E.19404
G1 X104.54 Y139.933 F18000
G1 F6000
G1 X104.54 Y80.155 E1.4734
G1 X104.149 Y80.152 E.00961
G1 X104.149 Y139.757 E1.46912
G1 X103.759 Y139.755 E.00961
G1 X103.759 Y80.47 E1.46124
G1 X103.369 Y80.855 E.01352
G1 X103.369 Y139.752 E1.45168
G1 X102.979 Y139.75 E.00961
G1 X102.979 Y81.241 E1.44212
G1 X102.589 Y81.626 E.01352
G1 X102.589 Y139.748 E1.43257
G1 X102.199 Y139.746 E.00961
G1 X102.199 Y82.012 E1.42301
G1 X101.809 Y82.398 E.01352
G1 X101.809 Y139.743 E1.41345
G1 X101.419 Y139.741 E.00961
G1 X101.419 Y82.783 E1.40389
G1 X101.353 Y82.849 E.00229
G1 X101.029 Y139.913 E1.40652
; stop printing object pigtail_slot_coupon.stl id:2099807082496 copy 0
M106 S135
;LAYER_CHANGE
;Z:1.2
;HEIGHT:0.16
G92 E0 ; zero the extruded length again
; BEFORE_LAYER_CHANGE 6 @ 1.2mm
G1 E-1.75 F6000
;WIPE_START
G1 X101.035 Y138.913 E-.75
;WIPE_END
; AFTER_LAYER_CHANGE 6 @ 1.2mm
;_SET_FAN_SPEED_CHANGING_LAYER
; printing object pigtail_slot_coupon.stl id:2099807082496 copy 0
G1 F18000
G1 X101.476 Y139.202 Z1.22857
G1 X101.525 Y139.728 Z1.25714
G1 X101.145 Y140.094 Z1.28571
G1 X100.622 Y140.025 Z1.31429
G1 X100.349 Y139.572 Z1.34286
G1 X100.533 Y139.077 Z1.37143
G1 X101.035 Y138.913 Z1.4
G1 X120.012 Y141.422 Z1.4
G1 X120.197 Y141.423
G1 X120.608 Y141.839
G1 Z1.2
G1 E2.5 F6000
M204 P1000
;TYPE:Outer wall
;WIDTH:0.42
G1 F3600
G1 X99.029 Y141.716 E.52594
G1 X99.37 Y82.014 E1.45507
G1 X103.269 Y78.159 E.13363
G1 X116.141 Y78.233 E.31374
G1 X120.971 Y78.26 E.11772
G1 X120.609 Y141.779 E1.54809
G1 X120.197 Y141.423 F18000
G1 X120.21 Y141.436
M204 P1500
;TYPE:Inner wall
;WIDTH:0.45
G1 F6000
G1 X99.432 Y141.317 E.54581
G1 X99.769 Y82.182 E1.55337
G1 X103.432 Y78.561 E.1353
G1 X116.139 Y78.633 E.33378
G1 X120.568 Y78.658 E.11635
G1 X120.21 Y141.376 E1.64747
G1 X119.797 Y141.018 F18000
G1 F6000
G1 X99.85 Y140.904 E.52397
G1 X100.184 Y82.357 E1.53793
G1 X103.602 Y78.977 E.12626
G1 X116.137 Y79.049 E.32926
G1 X120.15 Y79.072 E.10543
G1 X119.797 Y140.958 E1.62563
G1 X119.383 Y140.6 F18000
G1 F6000
G1 X100.268 Y140.491 E.50213
G1 X100.599 Y82.531 E1.52249
G1 X103.772 Y79.394 E.11721
G1 X116.134 Y79.464 E.32474
G1 X119.732 Y79.485 E.09451
G1 X119.384 Y140.54 E1.60379
G1 X118.97 Y140.182 F18000
G1 F6000
G1 X100.686 Y140.078 E.48029
G1 X101.013 Y82.706 E1.50705
G1 X103.942 Y79.811 E.10817
G1 X116.132 Y79.88 E.32022
G1 X119.314 Y79.898 E.08359
G1 X118.97 Y140.122 E1.58196
G1 E-1.75
;WIPE_START
G1 X117.97 Y140.12 E-.75
;WIPE_END
G1 X117.341 Y136.356 Z1.4 F18000
G1 X110.128 Y93.212 Z1.4
G1 X110.098 Y92.799
G1 Z1.2
G1 E2.5 F6000
M204 P1000
;TYPE:Outer wall
;WIDTH:0.42
G1 F3600
G1 X110.382 Y92.778 E.00693
G1 X110.658 Y92.714 E.00693
G1 X110.921 Y92.606 E.00693
G1 X111.165 Y92.459 E.00692
G1 X111.382 Y92.276 E.00692
G1 X111.568 Y92.061 E.00693
G1 X111.717 Y91.82 E.00693
G1 X111.828 Y91.558 E.00693
G1 X111.896 Y91.282 E.00692
G1 X111.918 Y91.011 E.00663
G1 X111.93 Y88.986 E.04934
G1 X111.91 Y88.715 E.00663
G1 X111.845 Y88.439 E.00692
G1 X111.738 Y88.175 E.00693
G1 X111.591 Y87.932 E.00693
G1 X111.408 Y87.715 E.00693
G1 X111.193 Y87.529 E.00692
G1 X110.951 Y87.379 E.00692
G1 X110.689 Y87.269 E.00693
G1 X110.413 Y87.201 E.00693
G1 X110.13 Y87.177 E.00693
G1 X109.924 Y87.192 E.00504
G1 X109.574 Y87.261 E.00871
G1 X109.307 Y87.37 E.00702
G1 X109.064 Y87.517 E.00692
G1 X108.847 Y87.7 E.00692
G1 X108.661 Y87.915 E.00693
G1 X108.511 Y88.157 E.00693
G1 X108.401 Y88.419 E.00693
G1 X108.333 Y88.695 E.00692
G1 X108.31 Y88.966 E.00663
G1 X108.298 Y90.99 E.04934
G1 X108.318 Y91.261 E.00663
G1 X108.383 Y91.538 E.00692
G1 X108.49 Y91.801 E.00693
G1 X108.637 Y92.044 E.00693
G1 X108.821 Y92.262 E.00693
G1 X109.036 Y92.447 E.00692
G1 X109.277 Y92.597 E.00692
G1 X109.539 Y92.707 E.00693
G1 X109.815 Y92.775 E.00693
G1 X110.038 Y92.794 E.00546
G1 X110.004 Y93.206 F18000
G1 X110.067 Y93.212
G1 X110.068 Y93.199
M204 P1500
;TYPE:Inner wall
;WIDTH:0.45
G1 F6000
G1 X110.096 Y93.201 E.00074
G1 X110.442 Y93.176 E.00912
G1 X110.78 Y93.097 E.00912
G1 X111.102 Y92.966 E.00912
G1 X111.399 Y92.786 E.00912
G1 X111.664 Y92.562 E.00912
G1 X111.891 Y92.299 E.00912
G1 X112.074 Y92.004 E.00912
G1 X112.209 Y91.684 E.00912
G1 X112.292 Y91.347 E.00912
G1 X112.319 Y91.029 E.00839
G1 X112.331 Y88.973 E.054
G1 X112.307 Y88.655 E.00839
G1 X112.228 Y88.317 E.00912
G1 X112.097 Y87.995 E.00912
G1 X111.918 Y87.698 E.00912
G1 X111.694 Y87.432 E.00912
G1 X111.431 Y87.206 E.00912
G1 X111.136 Y87.022 E.00912
G1 X110.816 Y86.888 E.00912
G1 X110.479 Y86.805 E.00912
G1 X110.133 Y86.775 E.00912
G1 X109.871 Y86.795 E.0069
G1 X109.458 Y86.876 E.01104
G1 X109.127 Y87.011 E.00941
G1 X108.83 Y87.191 E.00912
G1 X108.564 Y87.415 E.00912
G1 X108.337 Y87.677 E.00912
G1 X108.154 Y87.972 E.00912
G1 X108.019 Y88.293 E.00912
G1 X107.936 Y88.63 E.00912
G1 X107.909 Y88.948 E.00839
G1 X107.898 Y91.004 E.054
G1 X107.921 Y91.322 E.00839
G1 X108 Y91.66 E.00912
G1 X108.131 Y91.982 E.00912
G1 X108.311 Y92.279 E.00912
G1 X108.535 Y92.544 E.00912
G1 X108.798 Y92.771 E.00912
G1 X109.093 Y92.954 E.00912
G1 X109.413 Y93.089 E.00912
G1 X109.75 Y93.172 E.00912
G1 X110.008 Y93.194 E.00681
G1 X110.036 Y93.613 F18000
G1 F6000
G1 X110.093 Y93.618 E.0015
G1 X110.505 Y93.588 E.01084
G1 X110.907 Y93.494 E.01084
G1 X111.289 Y93.338 E.01084
G1 X111.642 Y93.125 E.01084
G1 X111.957 Y92.859 E.01084
G1 X112.227 Y92.546 E.01084
G1 X112.445 Y92.196 E.01084
G1 X112.605 Y91.815 E.01084
G1 X112.704 Y91.415 E.01084
G1 X112.735 Y91.048 E.00968
G1 X112.746 Y88.959 E.05486
G1 X112.72 Y88.592 E.00968
G1 X112.626 Y88.19 E.01084
G1 X112.47 Y87.808 E.01084
G1 X112.256 Y87.455 E.01084
G1 X111.99 Y87.139 E.01084
G1 X111.678 Y86.87 E.01084
G1 X111.327 Y86.652 E.01084
G1 X110.947 Y86.492 E.01084
G1 X110.546 Y86.393 E.01084
G1 X110.135 Y86.359 E.01084
G1 X109.815 Y86.382 E.00842
G1 X109.339 Y86.476 E.01276
G1 X108.939 Y86.638 E.01133
G1 X108.586 Y86.852 E.01084
G1 X108.271 Y87.118 E.01084
G1 X108.001 Y87.43 E.01084
G1 X107.784 Y87.781 E.01084
G1 X107.624 Y88.161 E.01084
G1 X107.525 Y88.562 E.01084
G1 X107.494 Y88.929 E.00968
G1 X107.482 Y91.018 E.05486
G1 X107.509 Y91.385 E.00968
G1 X107.603 Y91.787 E.01084
G1 X107.759 Y92.169 E.01084
G1 X107.972 Y92.522 E.01084
G1 X108.238 Y92.837 E.01084
G1 X108.551 Y93.107 E.01084
G1 X108.901 Y93.325 E.01084
G1 X109.282 Y93.485 E.01084
G1 X109.682 Y93.583 E.01084
G1 X109.977 Y93.608 E.00776
G1 X110.177 Y94.029 F18000
G1 F6000
G1 X110.568 Y94 E.01029
G1 X111.033 Y93.891 E.01256
G1 X111.476 Y93.711 E.01256
G1 X111.885 Y93.463 E.01255
G1 X112.25 Y93.155 E.01256
G1 X112.563 Y92.793 E.01256
G1 X112.815 Y92.387 E.01256
G1 X113.001 Y91.946 E.01256
G1 X113.115 Y91.482 E.01255
G1 X113.15 Y91.066 E.01097
G1 X113.162 Y88.945 E.05572
G1 X113.132 Y88.529 E.01097
G1 X113.023 Y88.063 E.01255
G1 X112.842 Y87.621 E.01256
G1 X112.595 Y87.212 E.01256
G1 X112.287 Y86.846 E.01256
G1 X111.925 Y86.534 E.01256
G1 X111.519 Y86.282 E.01255
G1 X111.078 Y86.096 E.01256
G1 X110.614 Y85.982 E.01256
G1 X110.137 Y85.942 E.01256
G1 X109.76 Y85.969 E.00994
G1 X109.219 Y86.076 E.01448
G1 X108.752 Y86.266 E.01324
G1 X108.343 Y86.513 E.01255
G1 X107.978 Y86.822 E.01256
G1 X107.665 Y87.183 E.01256
G1 X107.413 Y87.59 E.01256
G1 X107.228 Y88.03 E.01256
G1 X107.113 Y88.494 E.01255
G1 X107.078 Y88.91 E.01097
G1 X107.066 Y91.031 E.05572
G1 X107.097 Y91.448 E.01097
G1 X107.206 Y91.913 E.01255
G1 X107.386 Y92.356 E.01256
G1 X107.633 Y92.765 E.01256
G1 X107.942 Y93.13 E.01256
G1 X108.304 Y93.443 E.01256
G1 X108.71 Y93.695 E.01255
G1 X109.151 Y93.881 E.01256
G1 X109.615 Y93.995 E.01256
G1 X110.091 Y94.035 E.01256
G1 X110.117 Y94.033 E.00069
G1 X110.204 Y94.444 F18000
G1 F6000
G1 X110.631 Y94.412 E.01124
G1 X111.16 Y94.289 E.01428
G1 X111.663 Y94.083 E.01428
G1 X112.128 Y93.802 E.01427
G1 X112.544 Y93.452 E.01428
G1 X112.899 Y93.04 E.01428
G1 X113.186 Y92.578 E.01428
G1 X113.397 Y92.077 E.01428
G1 X113.526 Y91.55 E.01427
G1 X113.566 Y91.085 E.01225
G1 X113.578 Y88.931 E.05657
G1 X113.544 Y88.466 E.01225
G1 X113.42 Y87.937 E.01427
G1 X113.215 Y87.434 E.01428
G1 X112.934 Y86.968 E.01428
G1 X112.583 Y86.553 E.01428
G1 X112.172 Y86.198 E.01428
G1 X111.71 Y85.911 E.01427
G1 X111.209 Y85.7 E.01428
G1 X110.681 Y85.57 E.01428
G1 X110.14 Y85.525 E.01428
G1 X109.704 Y85.556 E.01147
G1 X109.099 Y85.675 E.0162
G1 X108.565 Y85.893 E.01516
G1 X108.1 Y86.174 E.01427
G1 X107.685 Y86.525 E.01427
G1 X107.329 Y86.936 E.01428
G1 X107.043 Y87.398 E.01428
G1 X106.832 Y87.899 E.01428
G1 X106.702 Y88.427 E.01427
G1 X106.663 Y88.892 E.01225
G1 X106.65 Y91.045 E.05657
G1 X106.684 Y91.511 E.01225
G1 X106.808 Y92.04 E.01427
G1 X107.013 Y92.543 E.01428
G1 X107.295 Y93.008 E.01428
G1 X107.645 Y93.424 E.01428
G1 X108.057 Y93.779 E.01428
G1 X108.518 Y94.065 E.01427
G1 X109.019 Y94.276 E.01428
G1 X109.547 Y94.406 E.01428
G1 X110.089 Y94.452 E.01428
G1 X110.144 Y94.448 E.00146
G1 E-1.75
;WIPE_START
G1 X110.631 Y94.412 E-.36604
G1 X111.129 Y94.296 E-.38396
;WIPE_END
G1 X111.547 Y98.089 Z1.4 F18000
G1 X112.7 Y108.577 Z1.4
G1 X112.729 Y108.975
G1 X113.115 Y128.978
G1 X113.103 Y131.034
G1 X113.063 Y131.51
G1 X112.942 Y132.002
G1 X112.746 Y132.469
G1 X112.479 Y132.899
G1 X112.148 Y133.282
G1 X111.761 Y133.608
G1 X111.328 Y133.87
G1 X110.859 Y134.061
G1 X110.367 Y134.177
G1 X109.862 Y134.213
G1 X109.829 Y134.211
G1 X109.864 Y133.799
G1 Z1.2
G1 E2.5 F6000
M204 P1000
;TYPE:Outer wall
;WIDTH:0.42
G1 F3600
G1 X110.304 Y133.766 E.01075
G1 X110.733 Y133.666 E.01075
G1 X111.142 Y133.499 E.01075
G1 X111.519 Y133.271 E.01075
G1 X111.856 Y132.987 E.01075
G1 X112.145 Y132.653 E.01075
G1 X112.377 Y132.278 E.01075
G1 X112.548 Y131.871 E.01075
G1 X112.654 Y131.443 E.01075
G1 X112.69 Y131.016 E.01045
G1 X112.702 Y128.992 E.04934
G1 X112.67 Y128.564 E.01045
G1 X112.57 Y128.134 E.01075
G1 X112.403 Y127.726 E.01075
G1 X112.175 Y127.348 E.01075
G1 X111.89 Y127.011 E.01075
G1 X111.557 Y126.723 E.01075
G1 X111.182 Y126.49 E.01075
G1 X110.775 Y126.319 E.01075
G1 X110.347 Y126.214 E.01075
G1 X109.908 Y126.177 E.01075
G1 X109.601 Y126.199 E.00748
G1 X109.468 Y126.209 E.00327
G1 X109.038 Y126.309 E.01075
G1 X108.63 Y126.476 E.01075
G1 X108.252 Y126.704 E.01075
G1 X107.915 Y126.989 E.01075
G1 X107.627 Y127.322 E.01075
G1 X107.394 Y127.697 E.01075
G1 X107.223 Y128.104 E.01075
G1 X107.118 Y128.532 E.01075
G1 X107.082 Y128.959 E.01045
G1 X107.07 Y130.984 E.04934
G1 X107.101 Y131.412 E.01045
G1 X107.202 Y131.841 E.01075
G1 X107.368 Y132.249 E.01075
G1 X107.597 Y132.627 E.01075
G1 X107.881 Y132.964 E.01075
G1 X108.215 Y133.252 E.01075
G1 X108.59 Y133.485 E.01075
G1 X108.996 Y133.656 E.01075
G1 X109.424 Y133.761 E.01075
G1 X109.804 Y133.793 E.00929
G1 X109.769 Y134.206 F18000
G1 X109.862 Y134.213
G1 X109.891 Y134.211
G1 X109.89 Y134.198
M204 P1500
;TYPE:Inner wall
;WIDTH:0.45
G1 F6000
G1 X110.365 Y134.164 E.0125
G1 X110.855 Y134.049 E.01324
G1 X111.322 Y133.859 E.01324
G1 X111.754 Y133.598 E.01324
G1 X112.139 Y133.272 E.01324
G1 X112.468 Y132.891 E.01324
G1 X112.734 Y132.463 E.01324
G1 X112.93 Y131.998 E.01324
G1 X113.05 Y131.508 E.01324
G1 X113.091 Y131.034 E.01251
G1 X113.102 Y128.978 E.054
G1 X113.068 Y128.503 E.01251
G1 X112.953 Y128.012 E.01324
G1 X112.762 Y127.545 E.01324
G1 X112.501 Y127.114 E.01324
G1 X112.176 Y126.729 E.01324
G1 X111.795 Y126.399 E.01324
G1 X111.366 Y126.133 E.01324
G1 X110.902 Y125.938 E.01324
G1 X110.412 Y125.817 E.01324
G1 X109.91 Y125.775 E.01324
G1 X109.572 Y125.799 E.00889
G1 X109.407 Y125.812 E.00435
G1 X108.916 Y125.926 E.01324
G1 X108.449 Y126.117 E.01324
G1 X108.018 Y126.378 E.01324
G1 X107.633 Y126.703 E.01324
G1 X107.303 Y127.084 E.01324
G1 X107.037 Y127.513 E.01324
G1 X106.842 Y127.977 E.01324
G1 X106.721 Y128.467 E.01324
G1 X106.681 Y128.941 E.01251
G1 X106.669 Y130.997 E.054
G1 X106.704 Y131.472 E.01251
G1 X106.819 Y131.963 E.01324
G1 X107.009 Y132.43 E.01324
G1 X107.27 Y132.861 E.01324
G1 X107.595 Y133.247 E.01324
G1 X107.977 Y133.576 E.01324
G1 X108.405 Y133.842 E.01324
G1 X108.87 Y134.037 E.01324
G1 X109.359 Y134.158 E.01324
G1 X109.83 Y134.198 E.01241
G1 X109.916 Y134.613 F18000
G1 F6000
G1 X110.427 Y134.576 E.01346
G1 X110.982 Y134.446 E.01496
G1 X111.509 Y134.231 E.01496
G1 X111.997 Y133.936 E.01496
G1 X112.432 Y133.569 E.01496
G1 X112.804 Y133.138 E.01496
G1 X113.105 Y132.654 E.01496
G1 X113.326 Y132.129 E.01496
G1 X113.462 Y131.576 E.01496
G1 X113.506 Y131.053 E.0138
G1 X113.518 Y128.964 E.05486
G1 X113.48 Y128.44 E.0138
G1 X113.35 Y127.886 E.01496
G1 X113.135 Y127.358 E.01496
G1 X112.84 Y126.871 E.01496
G1 X112.473 Y126.436 E.01496
G1 X112.042 Y126.063 E.01496
G1 X111.558 Y125.763 E.01496
G1 X111.033 Y125.542 E.01496
G1 X110.48 Y125.406 E.01496
G1 X109.912 Y125.358 E.01496
G1 X109.542 Y125.385 E.00975
G1 X109.344 Y125.399 E.00521
G1 X108.79 Y125.529 E.01496
G1 X108.262 Y125.744 E.01496
G1 X107.775 Y126.039 E.01496
G1 X107.34 Y126.406 E.01496
G1 X106.967 Y126.837 E.01496
G1 X106.667 Y127.321 E.01496
G1 X106.446 Y127.846 E.01496
G1 X106.31 Y128.399 E.01496
G1 X106.265 Y128.923 E.0138
G1 X106.254 Y131.011 E.05486
G1 X106.292 Y131.535 E.0138
G1 X106.422 Y132.089 E.01496
G1 X106.637 Y132.617 E.01496
G1 X106.931 Y133.104 E.01496
G1 X107.299 Y133.54 E.01496
G1 X107.73 Y133.912 E.01496
G1 X108.214 Y134.212 E.01496
G1 X108.739 Y134.433 E.01496
G1 X109.292 Y134.569 E.01496
G1 X109.857 Y134.617 E.01489
G1 X109.771 Y135.027 F18000
G1 F6000
G1 X109.857 Y135.034 E.00227
G1 X110.49 Y134.988 E.01668
G1 X111.109 Y134.843 E.01668
G1 X111.697 Y134.604 E.01668
G1 X112.24 Y134.275 E.01668
G1 X112.725 Y133.866 E.01668
G1 X113.14 Y133.385 E.01668
G1 X113.475 Y132.845 E.01668
G1 X113.722 Y132.26 E.01668
G1 X113.873 Y131.644 E.01668
G1 X113.922 Y131.071 E.01508
G1 X113.934 Y128.95 E.05572
G1 X113.892 Y128.377 E.01509
G1 X113.747 Y127.759 E.01668
G1 X113.508 Y127.171 E.01668
G1 X113.179 Y126.628 E.01668
G1 X112.769 Y126.142 E.01668
G1 X112.289 Y125.727 E.01668
G1 X111.749 Y125.393 E.01668
G1 X111.164 Y125.146 E.01668
G1 X110.547 Y124.994 E.01668
G1 X109.915 Y124.941 E.01668
G1 X109.512 Y124.97 E.01061
G1 X109.281 Y124.987 E.00607
G1 X108.663 Y125.132 E.01668
G1 X108.075 Y125.372 E.01668
G1 X107.532 Y125.7 E.01668
G1 X107.046 Y126.11 E.01668
G1 X106.631 Y126.59 E.01668
G1 X106.296 Y127.13 E.01668
G1 X106.05 Y127.715 E.01668
G1 X105.898 Y128.332 E.01668
G1 X105.85 Y128.904 E.01508
G1 X105.838 Y131.025 E.05572
G1 X105.88 Y131.598 E.01509
G1 X106.024 Y132.216 E.01668
G1 X106.264 Y132.804 E.01668
G1 X106.593 Y133.348 E.01668
G1 X107.002 Y133.833 E.01668
G1 X107.483 Y134.248 E.01668
G1 X108.022 Y134.583 E.01668
G1 X108.608 Y134.829 E.01668
G1 X109.224 Y134.981 E.01668
G1 X109.711 Y135.022 E.01284
G1 X109.74 Y135.442 F18000
G1 F6000
G1 X109.855 Y135.451 E.00303
G1 X110.553 Y135.4 E.0184
G1 X111.235 Y135.241 E.0184
G1 X111.884 Y134.976 E.0184
G1 X112.483 Y134.614 E.0184
G1 X113.018 Y134.162 E.0184
G1 X113.476 Y133.632 E.0184
G1 X113.846 Y133.037 E.0184
G1 X114.117 Y132.391 E.0184
G1 X114.285 Y131.711 E.0184
G1 X114.337 Y131.09 E.01637
G1 X114.35 Y128.936 E.05657
G1 X114.304 Y128.315 E.01637
G1 X114.145 Y127.633 E.01839
G1 X113.88 Y126.984 E.0184
G1 X113.518 Y126.385 E.0184
G1 X113.066 Y125.849 E.0184
G1 X112.536 Y125.391 E.0184
G1 X111.941 Y125.022 E.0184
G1 X111.295 Y124.75 E.0184
G1 X110.615 Y124.583 E.01839
G1 X109.917 Y124.524 E.0184
G1 X109.482 Y124.556 E.01147
G1 X109.218 Y124.575 E.00693
G1 X108.536 Y124.735 E.0184
G1 X107.888 Y124.999 E.0184
G1 X107.289 Y125.362 E.0184
G1 X106.753 Y125.813 E.0184
G1 X106.295 Y126.343 E.0184
G1 X105.926 Y126.939 E.0184
G1 X105.654 Y127.584 E.0184
G1 X105.487 Y128.264 E.0184
G1 X105.434 Y128.885 E.01637
G1 X105.422 Y131.039 E.05657
G1 X105.467 Y131.661 E.01637
G1 X105.627 Y132.343 E.01839
G1 X105.891 Y132.991 E.0184
G1 X106.254 Y133.591 E.0184
G1 X106.706 Y134.126 E.0184
G1 X107.236 Y134.584 E.0184
G1 X107.831 Y134.953 E.0184
G1 X108.477 Y135.225 E.0184
G1 X109.157 Y135.392 E.0184
G1 X109.68 Y135.436 E.01379
G1 E-1.75
;WIPE_START
G1 X109.855 Y135.451 E-.13158
G1 X110.553 Y135.4 E-.52542
G1 X110.674 Y135.372 E-.093
;WIPE_END
G1 X112.479 Y132.899 Z1.4 F18000
G1 X112.746 Y132.469
G1 X112.942 Y132.002
G1 X113.063 Y131.51
G1 X113.103 Y131.034
G1 X113.115 Y128.978
G1 X113.08 Y128.501
G1 X112.965 Y128.008
G1 X112.774 Y127.54
G1 X112.512 Y127.106
G1 X112.185 Y126.72
G1 X111.802 Y126.389
G1 X111.372 Y126.122
G1 X110.906 Y125.925
G1 X110.414 Y125.804
G1 X110.374 Y125.801
G1 X110.011 Y113.711
G1 X109.981 Y113.299
G1 Z1.2
G1 E2.5 F6000
M204 P1000
;TYPE:Outer wall
;WIDTH:0.42
G1 F3600
G1 X110.343 Y113.272 E.00884
G1 X110.696 Y113.19 E.00884
G1 X111.032 Y113.053 E.00884
G1 X111.342 Y112.865 E.00884
G1 X111.619 Y112.631 E.00884
G1 X111.856 Y112.357 E.00884
G1 X112.047 Y112.049 E.00884
G1 X112.188 Y111.715 E.00884
G1 X112.275 Y111.362 E.00884
G1 X112.304 Y111.013 E.00854
G1 X112.316 Y108.989 E.04934
G1 X112.29 Y108.64 E.00854
G1 X112.208 Y108.286 E.00884
G1 X112.071 Y107.951 E.00884
G1 X111.883 Y107.64 E.00884
G1 X111.649 Y107.363 E.00884
G1 X111.375 Y107.126 E.00884
G1 X111.067 Y106.935 E.00884
G1 X110.732 Y106.794 E.00884
G1 X110.38 Y106.708 E.00884
G1 X110.019 Y106.677 E.00884
G1 X109.756 Y106.696 E.00641
G1 X109.308 Y106.785 E.01115
G1 X108.968 Y106.923 E.00893
G1 X108.658 Y107.111 E.00884
G1 X108.381 Y107.345 E.00884
G1 X108.144 Y107.619 E.00884
G1 X107.953 Y107.927 E.00884
G1 X107.812 Y108.261 E.00884
G1 X107.725 Y108.613 E.00884
G1 X107.696 Y108.963 E.00854
G1 X107.684 Y110.987 E.04934
G1 X107.71 Y111.336 E.00854
G1 X107.792 Y111.69 E.00884
G1 X107.929 Y112.025 E.00884
G1 X108.117 Y112.336 E.00884
G1 X108.351 Y112.613 E.00884
G1 X108.625 Y112.85 E.00884
G1 X108.933 Y113.041 E.00884
G1 X109.268 Y113.182 E.00884
G1 X109.62 Y113.268 E.00884
G1 X109.921 Y113.294 E.00738
G1 X109.886 Y113.706 F18000
G1 X109.95 Y113.711
G1 X109.951 Y113.698
M204 P1500
;TYPE:Inner wall
;WIDTH:0.45
G1 F6000
G1 X109.979 Y113.701 E.00074
G1 X110.403 Y113.67 E.01118
G1 X110.818 Y113.573 E.01118
G1 X111.212 Y113.412 E.01118
G1 X111.576 Y113.192 E.01118
G1 X111.902 Y112.917 E.01118
G1 X112.18 Y112.595 E.01118
G1 X112.404 Y112.233 E.01118
G1 X112.57 Y111.841 E.01118
G1 X112.671 Y111.428 E.01118
G1 X112.705 Y111.031 E.01045
G1 X112.716 Y108.976 E.054
G1 X112.688 Y108.579 E.01045
G1 X112.591 Y108.164 E.01118
G1 X112.43 Y107.77 E.01118
G1 X112.21 Y107.406 E.01118
G1 X111.935 Y107.081 E.01118
G1 X111.613 Y106.802 E.01118
G1 X111.251 Y106.578 E.01118
G1 X110.859 Y106.413 E.01118
G1 X110.445 Y106.311 E.01118
G1 X110.021 Y106.275 E.01118
G1 X109.703 Y106.298 E.00838
G1 X109.192 Y106.399 E.01367
G1 X108.788 Y106.564 E.01147
G1 X108.424 Y106.784 E.01118
G1 X108.098 Y107.059 E.01118
G1 X107.82 Y107.381 E.01118
G1 X107.596 Y107.743 E.01118
G1 X107.43 Y108.135 E.01118
G1 X107.329 Y108.548 E.01118
G1 X107.295 Y108.945 E.01045
G1 X107.284 Y111 E.054
G1 X107.312 Y111.397 E.01045
G1 X107.409 Y111.812 E.01118
G1 X107.57 Y112.206 E.01118
G1 X107.79 Y112.57 E.01118
G1 X108.065 Y112.895 E.01118
G1 X108.387 Y113.174 E.01118
G1 X108.749 Y113.398 E.01118
G1 X109.141 Y113.563 E.01118
G1 X109.555 Y113.665 E.01118
G1 X109.891 Y113.693 E.00887
G1 X110.033 Y114.114 F18000
G1 F6000
G1 X110.466 Y114.082 E.0114
G1 X110.944 Y113.97 E.0129
G1 X111.399 Y113.785 E.0129
G1 X111.819 Y113.53 E.0129
G1 X112.195 Y113.214 E.0129
G1 X112.516 Y112.842 E.0129
G1 X112.775 Y112.425 E.0129
G1 X112.965 Y111.972 E.0129
G1 X113.083 Y111.495 E.0129
G1 X113.12 Y111.05 E.01173
G1 X113.132 Y108.962 E.05486
G1 X113.1 Y108.516 E.01174
G1 X112.988 Y108.038 E.0129
G1 X112.802 Y107.583 E.0129
G1 X112.548 Y107.163 E.0129
G1 X112.231 Y106.788 E.0129
G1 X111.86 Y106.466 E.0129
G1 X111.443 Y106.207 E.0129
G1 X110.99 Y106.017 E.0129
G1 X110.513 Y105.9 E.0129
G1 X110.024 Y105.858 E.0129
G1 X109.647 Y105.886 E.00991
G1 X109.072 Y105.999 E.01539
G1 X108.601 Y106.191 E.01338
G1 X108.181 Y106.445 E.0129
G1 X107.805 Y106.762 E.0129
G1 X107.484 Y107.134 E.0129
G1 X107.225 Y107.551 E.0129
G1 X107.035 Y108.004 E.0129
G1 X106.917 Y108.481 E.0129
G1 X106.88 Y108.926 E.01173
G1 X106.868 Y111.014 E.05486
G1 X106.9 Y111.46 E.01174
G1 X107.012 Y111.938 E.0129
G1 X107.198 Y112.393 E.0129
G1 X107.452 Y112.813 E.0129
G1 X107.769 Y113.188 E.0129
G1 X108.14 Y113.509 E.0129
G1 X108.557 Y113.768 E.0129
G1 X109.01 Y113.959 E.0129
G1 X109.487 Y114.076 E.0129
G1 X109.974 Y114.117 E.01283
G1 X110.06 Y114.528 F18000
G1 F6000
G1 X110.529 Y114.494 E.01236
G1 X111.071 Y114.367 E.01462
G1 X111.586 Y114.157 E.01462
G1 X112.063 Y113.869 E.01462
G1 X112.488 Y113.51 E.01462
G1 X112.852 Y113.089 E.01462
G1 X113.145 Y112.616 E.01462
G1 X113.361 Y112.103 E.01462
G1 X113.494 Y111.563 E.01462
G1 X113.536 Y111.069 E.01302
G1 X113.548 Y108.948 E.05572
G1 X113.512 Y108.453 E.01302
G1 X113.385 Y107.911 E.01462
G1 X113.175 Y107.396 E.01462
G1 X112.887 Y106.92 E.01462
G1 X112.528 Y106.494 E.01462
G1 X112.107 Y106.131 E.01462
G1 X111.634 Y105.837 E.01462
G1 X111.121 Y105.621 E.01462
G1 X110.581 Y105.488 E.01462
G1 X110.026 Y105.441 E.01462
G1 X109.592 Y105.473 E.01143
G1 X108.953 Y105.599 E.01711
G1 X108.414 Y105.819 E.01529
G1 X107.937 Y106.107 E.01462
G1 X107.512 Y106.466 E.01462
G1 X107.148 Y106.887 E.01462
G1 X106.855 Y107.36 E.01462
G1 X106.639 Y107.873 E.01462
G1 X106.506 Y108.413 E.01462
G1 X106.464 Y108.907 E.01302
G1 X106.452 Y111.028 E.05572
G1 X106.488 Y111.523 E.01302
G1 X106.615 Y112.065 E.01462
G1 X106.825 Y112.58 E.01462
G1 X107.113 Y113.056 E.01462
G1 X107.472 Y113.482 E.01462
G1 X107.893 Y113.845 E.01462
G1 X108.366 Y114.139 E.01462
G1 X108.879 Y114.355 E.01462
G1 X109.419 Y114.488 E.01462
G1 X109.974 Y114.535 E.01462
G1 X110 Y114.533 E.00069
G1 X110.087 Y114.943 F18000
G1 F6000
G1 X110.592 Y114.906 E.01331
G1 X111.198 Y114.765 E.01634
G1 X111.774 Y114.53 E.01634
G1 X112.306 Y114.208 E.01634
G1 X112.781 Y113.807 E.01634
G1 X113.188 Y113.336 E.01634
G1 X113.516 Y112.808 E.01634
G1 X113.757 Y112.234 E.01634
G1 X113.906 Y111.63 E.01634
G1 X113.951 Y111.087 E.01431
G1 X113.964 Y108.934 E.05657
G1 X113.924 Y108.39 E.01431
G1 X113.782 Y107.785 E.01634
G1 X113.548 Y107.209 E.01634
G1 X113.226 Y106.677 E.01634
G1 X112.824 Y106.201 E.01634
G1 X112.354 Y105.795 E.01634
G1 X111.825 Y105.467 E.01634
G1 X111.252 Y105.225 E.01634
G1 X110.648 Y105.077 E.01634
G1 X110.028 Y105.024 E.01634
G1 X109.536 Y105.06 E.01296
G1 X108.833 Y105.199 E.01883
G1 X108.226 Y105.446 E.01721
G1 X107.694 Y105.768 E.01634
G1 X107.219 Y106.169 E.01634
G1 X106.812 Y106.64 E.01634
G1 X106.484 Y107.168 E.01634
G1 X106.243 Y107.742 E.01634
G1 X106.094 Y108.346 E.01634
G1 X106.049 Y108.888 E.01431
G1 X106.036 Y111.042 E.05657
G1 X106.076 Y111.586 E.01431
G1 X106.218 Y112.191 E.01634
G1 X106.452 Y112.767 E.01634
G1 X106.774 Y113.299 E.01634
G1 X107.176 Y113.775 E.01634
G1 X107.646 Y114.181 E.01634
G1 X108.175 Y114.509 E.01634
G1 X108.748 Y114.751 E.01634
G1 X109.352 Y114.899 E.01634
G1 X109.972 Y114.952 E.01634
G1 X110.027 Y114.948 E.00145
G1 X105.919 Y112.401 F18000
M204 P2000
;TYPE:Sparse infill
G1 F7597.235
G1 X106.134 Y112.927 E.01494
G1 X106.485 Y113.507 E.01781
G1 X106.922 Y114.025 E.01781
G1 X107.435 Y114.469 E.01781
G1 X108.011 Y114.826 E.01781
G1 X108.636 Y115.089 E.01781
G1 X108.776 Y115.124 E.00378
G1 X118.701 Y125.049 E.36871
G1 X118.71 Y123.471 E.04145
G1 X110.508 Y115.269 E.30468
G1 X110.646 Y115.259 E.00363
G1 X111.306 Y115.104 E.01781
G1 X111.75 Y114.923 E.01259
G1 X118.719 Y121.893 E.25889
G1 X118.728 Y120.314 E.04145
G1 X112.729 Y114.316 E.22284
G1 X113.032 Y114.06 E.0104
G1 X113.503 Y113.502 E.01918
G1 X118.737 Y118.736 E.19443
G1 X118.746 Y117.158 E.04145
G1 X114.048 Y112.46 E.17453
G1 X114.095 Y112.346 E.00323
G1 X114.258 Y111.688 E.01781
G1 X114.305 Y111.13 E.01472
G1 X118.755 Y115.58 E.16532
G1 X118.764 Y114.002 E.04145
G1 X114.316 Y109.554 E.16524
G1 X114.319 Y108.922 E.0166
G1 X114.277 Y108.336 E.01541
G1 X114.152 Y107.802 E.01441
G1 X118.773 Y112.424 E.17167
G1 X118.765 Y113.794 E.036
G1 X114.093 Y107.604 F18000
G1 F7597.235
G1 X113.866 Y107.049 E.01575
G1 X113.515 Y106.469 E.01781
G1 X113.078 Y105.951 E.01781
G1 X112.565 Y105.507 E.01781
G1 X111.989 Y105.15 E.01781
G1 X111.364 Y104.887 E.01781
G1 X111.194 Y104.845 E.0046
G1 X101.299 Y94.95 E.36759
G1 X101.29 Y96.528 E.04145
G1 X109.473 Y104.71 E.30397
G1 X108.731 Y104.857 E.01986
G1 X108.234 Y105.059 E.01409
G1 X101.281 Y98.106 E.25829
G1 X101.272 Y99.684 E.04145
G1 X107.258 Y105.671 E.22239
G1 X106.968 Y105.916 E.00997
G1 X106.488 Y106.488 E.01962
G1 X101.263 Y101.262 E.19411
G1 X101.254 Y102.84 E.04145
G1 X105.945 Y107.532 E.17428
G1 X105.905 Y107.629 E.00278
G1 X105.742 Y108.288 E.01781
G1 X105.694 Y108.867 E.01528
G1 X101.245 Y104.419 E.16526
G1 X101.236 Y105.997 E.04145
G1 X105.684 Y110.445 E.16524
G1 X105.681 Y111.054 E.016
G1 X105.723 Y111.639 E.01541
G1 X105.855 Y112.203 E.01521
G1 X101.227 Y107.575 E.17194
G1 X101.218 Y109.153 E.04145
G1 X118.692 Y126.627 E.64913
G1 X118.683 Y128.205 E.04145
G1 X101.209 Y110.731 E.64913
G1 X101.2 Y112.309 E.04145
G1 X118.674 Y129.783 E.64913
G1 X118.665 Y131.362 E.04145
G1 X114.248 Y126.945 E.16407
G1 X114.199 Y126.824 E.00343
G1 X113.807 Y126.177 E.01987
G1 X113.319 Y125.598 E.01987
G1 X112.747 Y125.104 E.01986
G1 X112.104 Y124.705 E.01987
G1 X111.939 Y124.636 E.00471
G1 X101.191 Y113.887 E.39927
G1 X101.182 Y115.466 E.04145
G1 X109.886 Y124.17 E.32334
G1 X109.165 Y124.222 E.019
G1 X108.708 Y124.329 E.01231
G1 X114.523 Y127.69 F18000
G1 F7597.235
G1 X114.657 Y128.261 E.01539
G1 X114.705 Y128.989 E.01916
G1 X118.656 Y132.94 E.14677
G1 X118.647 Y134.518 E.04145
G1 X114.696 Y130.567 E.14677
G1 X114.704 Y129.196 E.036
G1 X118.63 Y137.466 F18000
G1 F7597.235
G1 X118.638 Y136.096 E.036
G1 X114.572 Y132.03 E.15103
G1 X114.456 Y132.503 E.01279
G1 X114.16 Y133.205 E.02001
G1 X118.629 Y137.674 E.16602
G1 X118.62 Y139.252 E.04145
G1 X113.507 Y134.14 E.18992
G1 X113.269 Y134.416 E.00958
G1 X112.687 Y134.906 E.02
G1 X117.599 Y139.819 E.18249
G1 X116.003 Y139.81 E.04193
G1 X111.649 Y135.456 E.16173
G1 X111.343 Y135.58 E.00867
G1 X110.607 Y135.753 E.01987
G1 X110.376 Y135.77 E.00609
G1 X114.406 Y139.8 E.14973
G1 X113.018 Y139.792 E.03647
G1 X108.229 Y139.765 F18000
G1 F7597.235
G1 X109.618 Y139.773 E.03647
G1 X101.092 Y131.247 E.31672
G1 X101.083 Y132.825 E.04145
G1 X108.021 Y139.764 E.25776
G1 X106.425 Y139.755 E.04193
G1 X101.074 Y134.403 E.1988
G1 X101.065 Y135.982 E.04145
G1 X104.829 Y139.746 E.13983
G1 X103.233 Y139.737 E.04193
G1 X101.056 Y137.56 E.08087
G1 X101.047 Y139.138 E.04145
G1 X101.636 Y139.727 E.0219
G1 X103.025 Y139.735 E.03647
G1 X105.279 Y132.415 F18000
G1 F7597.235
G1 X105.573 Y133.151 E.02083
G1 X105.964 Y133.799 E.01987
G1 X106.452 Y134.377 E.01987
G1 X107.025 Y134.871 E.01986
G1 X107.667 Y135.27 E.01987
G1 X108.364 Y135.563 E.01987
G1 X108.654 Y135.635 E.00782
G1 X112.81 Y139.791 E.15441
G1 X111.214 Y139.782 E.04193
G1 X101.101 Y129.669 E.37569
G1 X101.11 Y128.091 E.04145
G1 X105.231 Y132.212 E.15311
G1 X105.115 Y131.715 E.01343
G1 X105.066 Y131.051 E.01748
G1 X105.07 Y130.464 E.01543
G1 X101.119 Y126.513 E.14677
G1 X101.128 Y124.934 E.04145
G1 X105.079 Y128.886 E.14677
G1 X105.135 Y128.206 E.0179
G1 X105.303 Y127.523 E.01849
G1 X101.137 Y123.356 E.15477
G1 X101.146 Y121.778 E.04145
G1 X105.813 Y126.446 E.17339
G1 X106.008 Y126.132 E.0097
G1 X106.509 Y125.554 E.02009
G1 X101.155 Y120.2 E.1989
G1 X101.164 Y118.622 E.04145
G1 X107.413 Y124.871 E.23213
G1 X107.728 Y124.68 E.00967
G1 X108.506 Y124.377 E.02194
G1 X101.173 Y117.044 E.2724
G1 X101.181 Y115.673 E.036
G1 X118.9 Y90.122 F18000
G1 F7597.235
G1 X118.908 Y88.752 E.036
G1 X110.359 Y80.203 E.31757
G1 X108.763 Y80.194 E.04193
G1 X118.899 Y90.33 E.37653
G1 X118.89 Y91.908 E.04145
G1 X107.167 Y80.185 E.4355
G1 X105.571 Y80.175 E.04193
G1 X110.602 Y85.207 E.18691
G1 X110.142 Y85.168 E.01213
G1 X109.657 Y85.203 E.01277
G1 X109.117 Y85.309 E.01444
G1 X104.031 Y80.223 E.18897
G1 X103.233 Y81.012 E.02948
G1 X108.025 Y85.804 E.17804
G1 X107.892 Y85.885 E.00408
G1 X107.434 Y86.271 E.01575
G1 X107.189 Y86.555 E.00985
G1 X102.434 Y81.801 E.17662
G1 X101.636 Y82.59 E.02948
G1 X106.594 Y87.548 E.18417
G1 X106.493 Y87.787 E.00682
G1 X106.35 Y88.369 E.01574
G1 X106.309 Y88.85 E.01268
G1 X101.362 Y83.903 E.18379
G1 X101.354 Y85.273 E.036
G1 X101.343 Y87.267 F18000
G1 F7597.235
G1 X101.335 Y88.637 E.036
G1 X118.809 Y106.111 E.64913
G1 X118.8 Y107.689 E.04145
G1 X101.326 Y90.215 E.64913
G1 X101.317 Y91.793 E.04145
G1 X118.791 Y109.267 E.64913
G1 X118.782 Y110.846 E.04145
G1 X101.308 Y93.372 E.64913
G1 X101.3 Y94.742 E.036
G1 X106.436 Y92.008 F18000
G1 F7597.235
G1 X106.332 Y91.564 E.01198
G1 X106.295 Y91.057 E.01336
G1 X106.298 Y90.426 E.01658
G1 X101.353 Y85.481 E.18371
G1 X101.344 Y87.059 E.04145
G1 X106.493 Y92.208 E.19127
G1 X106.695 Y92.703 E.01405
G1 X107.005 Y93.216 E.01575
G1 X107.392 Y93.674 E.01575
G1 X107.846 Y94.066 E.01575
G1 X108.355 Y94.382 E.01574
G1 X108.895 Y94.61 E.01539
G1 X118.818 Y104.533 E.36864
G1 X118.827 Y102.955 E.04145
G1 X110.64 Y94.768 E.30412
G1 X111.268 Y94.628 E.0169
G1 X111.847 Y94.388 E.01647
G1 X118.836 Y101.377 E.25963
G1 X118.845 Y99.799 E.04145
G1 X112.771 Y93.725 E.22563
G1 X113.186 Y93.251 E.01654
G1 X113.454 Y92.82 E.01333
G1 X118.854 Y98.22 E.2006
G1 X118.863 Y96.642 E.04145
G1 X113.868 Y91.648 E.18554
G1 X113.921 Y91.101 E.01443
G1 X113.927 Y90.119 E.0258
G1 X118.872 Y95.064 E.18371
G1 X118.881 Y93.486 E.04145
G1 X113.904 Y88.508 E.18491
G1 X113.897 Y88.412 E.00254
G1 X113.76 Y87.829 E.01574
G1 X113.534 Y87.273 E.01575
G1 X113.223 Y86.76 E.01575
G1 X112.958 Y86.446 E.01082
G1 X113.344 Y80.22 F18000
G1 F7597.235
G1 X111.956 Y80.212 E.03647
G1 X118.917 Y87.173 E.25861
G1 X118.926 Y85.595 E.04145
G1 X113.552 Y80.221 E.19964
G1 X115.148 Y80.23 E.04193
G1 X118.935 Y84.017 E.14068
G1 X118.944 Y82.439 E.04145
G1 X116.744 Y80.239 E.08172
G1 X118.341 Y80.248 E.04193
G1 X118.953 Y80.861 E.02275
G1 X118.945 Y82.231 E.036
; stop printing object pigtail_slot_coupon.stl id:2099807082496 copy 0
;LAYER_CHANGE
;Z:1.36
;HEIGHT:0.16
G92 E0 ; zero the extruded length again
; BEFORE_LAYER_CHANGE 7 @ 1.36mm
G1 E-1.75 F6000
;WIPE_START
G1 F7597.235
G1 X118.951 Y81.231 E-.75
;WIPE_END
; AFTER_LAYER_CHANGE 7 @ 1.36mm
;_SET_FAN_SPEED_CHANGING_LAYER
; printing object pigtail_slot_coupon.stl id:2099807082496 copy 0
G1 F18000
G1 X118.732 Y81.7115 Z1.38857
G1 X118.22 Y81.8397 Z1.41714
G1 X117.8 Y81.5191 Z1.44571
G1 X117.789 Y80.9912 Z1.47429
G1 X118.195 Y80.6535 Z1.50286
G1 X118.712 Y80.7603 Z1.53143
G1 X118.951 Y81.2312 Z1.56
G1 X120.197 Y141.423 Z1.56
G1 X120.197 Y141.423
G1 X120.608 Y141.839
G1 Z1.36
G1 E2.5 F6000
M204 P1000
;TYPE:Outer wall
;WIDTH:0.42
G1 F3600
G1 X99.029 Y141.716 E.52594
G1 X99.37 Y82.014 E1.45507
G1 X103.269 Y78.159 E.13363
G1 X115.421 Y78.228 E.29619
G1 X120.971 Y78.26 E.13526
G1 X120.609 Y141.779 E1.54809
G1 X120.197 Y141.423 F18000
G1 X120.21 Y141.436
M204 P1500
;TYPE:Inner wall
;WIDTH:0.45
G1 F6000
G1 X99.432 Y141.317 E.54581
G1 X99.769 Y82.182 E1.55337
G1 X103.432 Y78.561 E.1353
G1 X115.419 Y78.629 E.31487
G1 X120.568 Y78.658 E.13526
G1 X120.21 Y141.376 E1.64747
G1 X119.797 Y141.018 F18000
G1 F6000
G1 X99.85 Y140.904 E.52397
G1 X100.184 Y82.357 E1.53793
G1 X103.602 Y78.977 E.12626
G1 X115.417 Y79.045 E.31035
G1 X120.15 Y79.072 E.12434
G1 X119.797 Y140.958 E1.62563
G1 X119.383 Y140.6 F18000
G1 F6000
G1 X100.268 Y140.491 E.50213
G1 X100.599 Y82.531 E1.52249
G1 X103.772 Y79.394 E.11721
G1 X115.414 Y79.46 E.30583
G1 X119.732 Y79.485 E.11342
G1 X119.384 Y140.54 E1.60379
G1 X118.97 Y140.182 F18000
G1 F6000
G1 X100.686 Y140.078 E.48029
G1 X101.013 Y82.706 E1.50705
G1 X103.942 Y79.811 E.10817
G1 X115.412 Y79.876 E.3013
G1 X119.314 Y79.898 E.10251
G1 X118.97 Y140.122 E1.58196
G1 E-1.75
;WIPE_START
G1 X117.97 Y140.12 E-.75
;WIPE_END
G1 X114.89 Y137.866 Z1.56 F18000
G1 X109.894 Y134.211 Z1.56
G1 X109.864 Y133.799
G1 Z1.36
G1 E2.5 F6000
M204 P1000
;TYPE:Outer wall
;WIDTH:0.42
G1 F3600
G1 X110.304 Y133.766 E.01075
G1 X110.733 Y133.666 E.01075
G1 X111.142 Y133.499 E.01075
G1 X111.519 Y133.271 E.01075
G1 X111.856 Y132.987 E.01075
G1 X112.145 Y132.653 E.01075
G1 X112.377 Y132.278 E.01075
G1 X112.548 Y131.871 E.01075
G1 X112.654 Y131.443 E.01075
G1 X112.69 Y131.016 E.01045
G1 X112.702 Y128.992 E.04934
G1 X112.67 Y128.564 E.01045
G1 X112.57 Y128.134 E.01075
G1 X112.403 Y127.726 E.01075
G1 X112.175 Y127.348 E.01075
G1 X111.89 Y127.011 E.01075
G1 X111.557 Y126.723 E.01075
G1 X111.182 Y126.49 E.01075
G1 X110.775 Y126.319 E.01075
G1 X110.347 Y126.214 E.01075
G1 X109.908 Y126.177 E.01075
G1 X109.617 Y126.198 E.0071
G1 X109.468 Y126.209 E.00365
G1 X109.038 Y126.309 E.01075
G1 X108.63 Y126.476 E.01075
G1 X108.252 Y126.704 E.01075
G1 X107.915 Y126.989 E.01075
G1 X107.627 Y127.322 E.01075
G1 X107.394 Y127.697 E.01075
G1 X107.223 Y128.104 E.01075
G1 X107.118 Y128.532 E.01075
G1 X107.082 Y128.959 E.01045
G1 X107.07 Y130.984 E.04934
G1 X107.101 Y131.412 E.01045
G1 X107.202 Y131.841 E.01075
G1 X107.368 Y132.249 E.01075
G1 X107.597 Y132.627 E.01075
G1 X107.881 Y132.964 E.01075
G1 X108.215 Y133.252 E.01075
G1 X108.59 Y133.485 E.01075
G1 X108.996 Y133.656 E.01075
G1 X109.424 Y133.761 E.01075
G1 X109.804 Y133.793 E.00929
G1 X109.769 Y134.206 F18000
G1 X109.833 Y134.211
G1 X109.834 Y134.198
M204 P1500
;TYPE:Inner wall
;WIDTH:0.45
G1 F6000
G1 X109.862 Y134.2 E.00074
G1 X110.365 Y134.164 E.01324
G1 X110.855 Y134.049 E.01324
G1 X111.322 Y133.859 E.01324
G1 X111.754 Y133.598 E.01324
G1 X112.139 Y133.272 E.01324
G1 X112.469 Y132.891 E.01324
G1 X112.734 Y132.463 E.01324
G1 X112.93 Y131.998 E.01324
G1 X113.05 Y131.508 E.01324
G1 X113.091 Y131.034 E.01251
G1 X113.102 Y128.978 E.054
G1 X113.068 Y128.503 E.01251
G1 X112.953 Y128.012 E.01324
G1 X112.762 Y127.545 E.01324
G1 X112.501 Y127.114 E.01324
G1 X112.176 Y126.729 E.01324
G1 X111.795 Y126.399 E.01324
G1 X111.366 Y126.133 E.01324
G1 X110.902 Y125.938 E.01324
G1 X110.412 Y125.817 E.01324
G1 X109.91 Y125.775 E.01324
G1 X109.588 Y125.798 E.00848
G1 X109.407 Y125.812 E.00477
G1 X108.916 Y125.926 E.01324
G1 X108.449 Y126.117 E.01324
G1 X108.018 Y126.378 E.01324
G1 X107.633 Y126.703 E.01324
G1 X107.303 Y127.084 E.01324
G1 X107.037 Y127.513 E.01324
G1 X106.842 Y127.977 E.01324
G1 X106.721 Y128.467 E.01324
G1 X106.681 Y128.941 E.01251
G1 X106.669 Y130.997 E.054
G1 X106.704 Y131.472 E.01251
G1 X106.819 Y131.963 E.01324
G1 X107.009 Y132.43 E.01324
G1 X107.27 Y132.861 E.01324
G1 X107.595 Y133.247 E.01324
G1 X107.977 Y133.576 E.01324
G1 X108.405 Y133.842 E.01324
G1 X108.87 Y134.037 E.01324
G1 X109.359 Y134.158 E.01324
G1 X109.774 Y134.193 E.01093
G1 X109.802 Y134.613 F18000
G1 F6000
G1 X109.859 Y134.617 E.0015
G1 X110.427 Y134.576 E.01496
G1 X110.982 Y134.446 E.01496
G1 X111.509 Y134.231 E.01496
G1 X111.997 Y133.936 E.01496
G1 X112.432 Y133.569 E.01496
G1 X112.804 Y133.138 E.01496
G1 X113.105 Y132.654 E.01496
G1 X113.326 Y132.129 E.01496
G1 X113.462 Y131.576 E.01496
G1 X113.506 Y131.053 E.0138
G1 X113.518 Y128.964 E.05486
G1 X113.48 Y128.44 E.0138
G1 X113.35 Y127.886 E.01496
G1 X113.135 Y127.358 E.01496
G1 X112.84 Y126.871 E.01496
G1 X112.473 Y126.436 E.01496
G1 X112.042 Y126.063 E.01496
G1 X111.558 Y125.763 E.01496
G1 X111.033 Y125.542 E.01496
G1 X110.48 Y125.406 E.01496
G1 X109.912 Y125.358 E.01496
G1 X109.558 Y125.384 E.00934
G1 X109.344 Y125.399 E.00563
G1 X108.79 Y125.529 E.01496
G1 X108.262 Y125.744 E.01496
G1 X107.775 Y126.039 E.01496
G1 X107.34 Y126.406 E.01496
G1 X106.967 Y126.837 E.01496
G1 X106.667 Y127.321 E.01496
G1 X106.446 Y127.846 E.01496
G1 X106.31 Y128.399 E.01496
G1 X106.265 Y128.923 E.0138
G1 X106.254 Y131.011 E.05486
G1 X106.292 Y131.535 E.0138
G1 X106.422 Y132.089 E.01496
G1 X106.637 Y132.617 E.01496
G1 X106.931 Y133.104 E.01496
G1 X107.299 Y133.54 E.01496
G1 X107.73 Y133.912 E.01496
G1 X108.214 Y134.212 E.01496
G1 X108.739 Y134.433 E.01496
G1 X109.292 Y134.569 E.01496
G1 X109.743 Y134.608 E.01188
G1 X109.943 Y135.028 F18000
G1 F6000
G1 X110.49 Y134.988 E.01441
G1 X111.109 Y134.843 E.01668
G1 X111.697 Y134.604 E.01668
G1 X112.24 Y134.275 E.01668
G1 X112.725 Y133.866 E.01668
G1 X113.14 Y133.385 E.01668
G1 X113.475 Y132.845 E.01668
G1 X113.722 Y132.26 E.01668
G1 X113.873 Y131.644 E.01668
G1 X113.922 Y131.071 E.01508
G1 X113.934 Y128.95 E.05572
G1 X113.892 Y128.377 E.01509
G1 X113.747 Y127.759 E.01668
G1 X113.508 Y127.171 E.01668
G1 X113.179 Y126.628 E.01668
G1 X112.769 Y126.142 E.01668
G1 X112.289 Y125.727 E.01668
G1 X111.749 Y125.393 E.01668
G1 X111.164 Y125.146 E.01668
G1 X110.547 Y124.994 E.01668
G1 X109.915 Y124.941 E.01668
G1 X109.527 Y124.969 E.0102
G1 X109.281 Y124.987 E.00649
G1 X108.663 Y125.132 E.01668
G1 X108.075 Y125.372 E.01668
G1 X107.532 Y125.7 E.01668
G1 X107.046 Y126.11 E.01668
G1 X106.631 Y126.59 E.01668
G1 X106.296 Y127.13 E.01668
G1 X106.05 Y127.715 E.01668
G1 X105.898 Y128.332 E.01668
G1 X105.85 Y128.904 E.01508
G1 X105.838 Y131.025 E.05572
G1 X105.88 Y131.598 E.01509
G1 X106.024 Y132.216 E.01668
G1 X106.264 Y132.804 E.01668
G1 X106.593 Y133.348 E.01668
G1 X107.002 Y133.833 E.01668
G1 X107.483 Y134.248 E.01668
G1 X108.022 Y134.583 E.01668
G1 X108.608 Y134.829 E.01668
G1 X109.224 Y134.981 E.01668
G1 X109.857 Y135.034 E.01668
G1 X109.883 Y135.032 E.00069
G1 X109.74 Y135.442 F18000
G1 F6000
G1 X109.855 Y135.451 E.00303
G1 X110.553 Y135.4 E.0184
G1 X111.235 Y135.241 E.0184
G1 X111.884 Y134.976 E.0184
G1 X112.483 Y134.614 E.0184
G1 X113.018 Y134.162 E.0184
G1 X113.476 Y133.632 E.0184
G1 X113.846 Y133.037 E.0184
G1 X114.117 Y132.391 E.0184
G1 X114.285 Y131.711 E.0184
G1 X114.337 Y131.09 E.01637
G1 X114.35 Y128.936 E.05657
G1 X114.304 Y128.315 E.01637
G1 X114.145 Y127.633 E.01839
G1 X113.88 Y126.984 E.0184
G1 X113.518 Y126.385 E.0184
G1 X113.066 Y125.849 E.0184
G1 X112.536 Y125.391 E.0184
G1 X111.941 Y125.022 E.0184
G1 X111.295 Y124.75 E.0184
G1 X110.615 Y124.583 E.01839
G1 X109.917 Y124.524 E.0184
G1 X109.497 Y124.555 E.01106
G1 X109.218 Y124.575 E.00734
G1 X108.536 Y124.735 E.0184
G1 X107.888 Y124.999 E.0184
G1 X107.289 Y125.362 E.0184
G1 X106.753 Y125.813 E.0184
G1 X106.295 Y126.343 E.0184
G1 X105.926 Y126.939 E.0184
G1 X105.654 Y127.584 E.0184
G1 X105.487 Y128.264 E.0184
G1 X105.434 Y128.885 E.01637
G1 X105.422 Y131.039 E.05657
G1 X105.467 Y131.661 E.01637
G1 X105.627 Y132.343 E.01839
G1 X105.891 Y132.991 E.0184
G1 X106.254 Y133.591 E.0184
G1 X106.706 Y134.126 E.0184
G1 X107.236 Y134.584 E.0184
G1 X107.831 Y134.953 E.0184
G1 X108.476 Y135.225 E.0184
G1 X109.157 Y135.392 E.0184
G1 X109.68 Y135.436 E.01379
G1 E-1.75
;WIPE_START
G1 X109.855 Y135.451 E-.13157
G1 X110.553 Y135.4 E-.52541
G1 X110.674 Y135.372 E-.09302
;WIPE_END
G1 X112.479 Y132.899 Z1.56 F18000
G1 X112.746 Y132.469
G1 X112.942 Y132.002
G1 X113.063 Y131.51
G1 X113.103 Y131.034
G1 X113.115 Y128.978
G1 X112.729 Y108.975
G1 X112.7 Y108.577
G1 X112.603 Y108.16
G1 X112.441 Y107.764
G1 X112.22 Y107.398
G1 X111.944 Y107.072
G1 X111.62 Y106.792
G1 X111.257 Y106.566
G1 X110.863 Y106.4
G1 X110.447 Y106.298
G1 X110.281 Y106.284
G1 X110.128 Y93.212
G1 X110.098 Y92.799
G1 Z1.36
G1 E2.5 F6000
M204 P1000
;TYPE:Outer wall
;WIDTH:0.42
G1 F3600
G1 X110.382 Y92.778 E.00693
G1 X110.658 Y92.714 E.00693
G1 X110.921 Y92.606 E.00693
G1 X111.165 Y92.459 E.00692
G1 X111.382 Y92.276 E.00692
G1 X111.568 Y92.061 E.00693
G1 X111.717 Y91.82 E.00693
G1 X111.828 Y91.558 E.00693
G1 X111.896 Y91.282 E.00692
G1 X111.918 Y91.011 E.00663
G1 X111.93 Y88.986 E.04934
G1 X111.91 Y88.715 E.00663
G1 X111.845 Y88.439 E.00692
G1 X111.738 Y88.175 E.00693
G1 X111.591 Y87.932 E.00693
G1 X111.408 Y87.715 E.00693
G1 X111.193 Y87.529 E.00692
G1 X110.951 Y87.379 E.00692
G1 X110.689 Y87.269 E.00693
G1 X110.413 Y87.201 E.00693
G1 X110.13 Y87.177 E.00693
G1 X109.934 Y87.192 E.0048
G1 X109.574 Y87.261 E.00893
G1 X109.307 Y87.37 E.00703
G1 X109.064 Y87.517 E.00692
G1 X108.847 Y87.7 E.00692
G1 X108.661 Y87.915 E.00693
G1 X108.511 Y88.157 E.00693
G1 X108.401 Y88.419 E.00693
G1 X108.333 Y88.695 E.00692
G1 X108.31 Y88.966 E.00663
G1 X108.298 Y90.99 E.04934
G1 X108.318 Y91.261 E.00663
G1 X108.383 Y91.538 E.00692
G1 X108.49 Y91.801 E.00693
G1 X108.637 Y92.044 E.00693
G1 X108.821 Y92.262 E.00693
G1 X109.036 Y92.447 E.00692
G1 X109.277 Y92.597 E.00692
G1 X109.539 Y92.707 E.00693
G1 X109.815 Y92.775 E.00693
G1 X110.038 Y92.794 E.00546
G1 X110.004 Y93.206 F18000
G1 X110.067 Y93.212
G1 X110.068 Y93.199
M204 P1500
;TYPE:Inner wall
;WIDTH:0.45
G1 F6000
G1 X110.096 Y93.201 E.00074
G1 X110.442 Y93.176 E.00912
G1 X110.78 Y93.097 E.00912
G1 X111.102 Y92.966 E.00912
G1 X111.399 Y92.786 E.00912
G1 X111.664 Y92.562 E.00912
G1 X111.891 Y92.299 E.00912
G1 X112.074 Y92.004 E.00912
G1 X112.209 Y91.684 E.00912
G1 X112.292 Y91.347 E.00912
G1 X112.319 Y91.029 E.00839
G1 X112.331 Y88.973 E.054
G1 X112.307 Y88.655 E.00839
G1 X112.228 Y88.317 E.00912
G1 X112.097 Y87.995 E.00912
G1 X111.918 Y87.698 E.00912
G1 X111.694 Y87.432 E.00912
G1 X111.431 Y87.206 E.00912
G1 X111.136 Y87.022 E.00912
G1 X110.816 Y86.888 E.00912
G1 X110.479 Y86.805 E.00912
G1 X110.133 Y86.775 E.00912
G1 X109.881 Y86.794 E.00662
G1 X109.459 Y86.875 E.01129
G1 X109.127 Y87.011 E.00944
G1 X108.83 Y87.191 E.00912
G1 X108.564 Y87.415 E.00912
G1 X108.337 Y87.677 E.00912
G1 X108.154 Y87.972 E.00912
G1 X108.019 Y88.293 E.00912
G1 X107.936 Y88.63 E.00912
G1 X107.909 Y88.948 E.00839
G1 X107.898 Y91.004 E.054
G1 X107.921 Y91.322 E.00839
G1 X108 Y91.66 E.00912
G1 X108.131 Y91.982 E.00912
G1 X108.311 Y92.279 E.00912
G1 X108.535 Y92.544 E.00912
G1 X108.798 Y92.771 E.00912
G1 X109.093 Y92.954 E.00912
G1 X109.413 Y93.089 E.00912
G1 X109.75 Y93.172 E.00912
G1 X110.008 Y93.194 E.00681
G1 X110.151 Y93.614 F18000
G1 F6000
G1 X110.505 Y93.588 E.00934
G1 X110.907 Y93.494 E.01084
G1 X111.289 Y93.338 E.01084
G1 X111.642 Y93.125 E.01084
G1 X111.957 Y92.859 E.01084
G1 X112.227 Y92.546 E.01084
G1 X112.445 Y92.196 E.01084
G1 X112.605 Y91.815 E.01084
G1 X112.704 Y91.415 E.01084
G1 X112.735 Y91.048 E.00968
G1 X112.746 Y88.959 E.05486
G1 X112.72 Y88.592 E.00968
G1 X112.626 Y88.19 E.01084
G1 X112.47 Y87.808 E.01084
G1 X112.256 Y87.455 E.01084
G1 X111.99 Y87.139 E.01084
G1 X111.678 Y86.87 E.01084
G1 X111.327 Y86.652 E.01084
G1 X110.947 Y86.492 E.01084
G1 X110.546 Y86.393 E.01084
G1 X110.135 Y86.359 E.01084
G1 X109.826 Y86.381 E.00813
G1 X109.34 Y86.475 E.013
G1 X108.939 Y86.638 E.01137
G1 X108.586 Y86.852 E.01084
G1 X108.271 Y87.118 E.01084
G1 X108.001 Y87.43 E.01084
G1 X107.784 Y87.781 E.01084
G1 X107.624 Y88.161 E.01084
G1 X107.525 Y88.562 E.01084
G1 X107.494 Y88.929 E.00968
G1 X107.482 Y91.018 E.05486
G1 X107.509 Y91.385 E.00968
G1 X107.603 Y91.787 E.01084
G1 X107.759 Y92.169 E.01084
G1 X107.972 Y92.522 E.01084
G1 X108.238 Y92.837 E.01084
G1 X108.551 Y93.107 E.01084
G1 X108.901 Y93.325 E.01084
G1 X109.282 Y93.485 E.01084
G1 X109.682 Y93.583 E.01084
G1 X110.091 Y93.618 E.01077
G1 X110.177 Y94.029 F18000
G1 F6000
G1 X110.568 Y94 E.01029
G1 X111.033 Y93.891 E.01256
G1 X111.476 Y93.711 E.01256
G1 X111.885 Y93.463 E.01255
G1 X112.25 Y93.155 E.01256
G1 X112.563 Y92.793 E.01256
G1 X112.815 Y92.387 E.01256
G1 X113.001 Y91.946 E.01256
G1 X113.115 Y91.482 E.01255
G1 X113.15 Y91.066 E.01097
G1 X113.162 Y88.945 E.05572
G1 X113.132 Y88.529 E.01097
G1 X113.023 Y88.063 E.01255
G1 X112.843 Y87.621 E.01256
G1 X112.595 Y87.212 E.01256
G1 X112.287 Y86.846 E.01256
G1 X111.925 Y86.534 E.01256
G1 X111.519 Y86.282 E.01255
G1 X111.078 Y86.096 E.01256
G1 X110.614 Y85.982 E.01256
G1 X110.137 Y85.942 E.01256
G1 X109.772 Y85.968 E.00963
G1 X109.221 Y86.075 E.01472
G1 X108.752 Y86.266 E.01331
G1 X108.343 Y86.513 E.01255
G1 X107.978 Y86.822 E.01256
G1 X107.665 Y87.183 E.01256
G1 X107.413 Y87.59 E.01256
G1 X107.228 Y88.03 E.01256
G1 X107.113 Y88.494 E.01255
G1 X107.078 Y88.91 E.01097
G1 X107.066 Y91.031 E.05572
G1 X107.097 Y91.448 E.01097
G1 X107.206 Y91.913 E.01255
G1 X107.386 Y92.356 E.01256
G1 X107.633 Y92.765 E.01256
G1 X107.942 Y93.13 E.01256
G1 X108.304 Y93.443 E.01256
G1 X108.71 Y93.695 E.01255
G1 X109.151 Y93.881 E.01256
G1 X109.615 Y93.995 E.01256
G1 X110.091 Y94.035 E.01256
G1 X110.117 Y94.033 E.00069
G1 X110.204 Y94.444 F18000
G1 F6000
G1 X110.631 Y94.412 E.01124
G1 X111.16 Y94.289 E.01428
G1 X111.663 Y94.083 E.01428
G1 X112.128 Y93.802 E.01427
G1 X112.544 Y93.452 E.01428
G1 X112.899 Y93.04 E.01428
G1 X113.186 Y92.578 E.01428
G1 X113.397 Y92.077 E.01428
G1 X113.526 Y91.55 E.01427
G1 X113.566 Y91.085 E.01225
G1 X113.578 Y88.931 E.05657
G1 X113.544 Y88.466 E.01225
G1 X113.42 Y87.937 E.01427
G1 X113.215 Y87.434 E.01428
G1 X112.934 Y86.968 E.01428
G1 X112.583 Y86.553 E.01428
G1 X112.172 Y86.198 E.01428
G1 X111.71 Y85.911 E.01427
G1 X111.209 Y85.7 E.01428
G1 X110.681 Y85.57 E.01428
G1 X110.14 Y85.525 E.01428
G1 X109.717 Y85.556 E.01114
G1 X109.102 Y85.674 E.01644
G1 X108.565 Y85.893 E.01524
G1 X108.1 Y86.174 E.01427
G1 X107.685 Y86.525 E.01428
G1 X107.329 Y86.936 E.01428
G1 X107.043 Y87.398 E.01428
G1 X106.832 Y87.899 E.01428
G1 X106.702 Y88.427 E.01427
G1 X106.663 Y88.892 E.01225
G1 X106.65 Y91.045 E.05657
G1 X106.684 Y91.511 E.01225
G1 X106.808 Y92.04 E.01427
G1 X107.013 Y92.543 E.01428
G1 X107.295 Y93.008 E.01428
G1 X107.645 Y93.424 E.01428
G1 X108.057 Y93.779 E.01428
G1 X108.518 Y94.065 E.01427
G1 X109.019 Y94.276 E.01428
G1 X109.547 Y94.406 E.01428
G1 X110.089 Y94.452 E.01428
G1 X110.144 Y94.448 E.00146
G1 E-1.75
;WIPE_START
G1 X110.631 Y94.412 E-.36605
G1 X111.129 Y94.296 E-.38395
;WIPE_END
G1 X111.547 Y98.089 Z1.56 F18000
G1 X112.7 Y108.577 Z1.56
G1 X112.729 Y108.975
G1 X112.718 Y111.032
G1 X112.684 Y111.43
G1 X112.582 Y111.845
G1 X112.416 Y112.239
G1 X112.19 Y112.603
G1 X111.911 Y112.926
G1 X111.584 Y113.202
G1 X111.218 Y113.424
G1 X110.822 Y113.585
G1 X110.405 Y113.683
G1 X110.011 Y113.711
G1 X109.981 Y113.299
G1 Z1.36
G1 E2.5 F6000
M204 P1000
;TYPE:Outer wall
;WIDTH:0.42
G1 F3600
G1 X110.343 Y113.272 E.00884
G1 X110.696 Y113.19 E.00884
G1 X111.032 Y113.053 E.00884
G1 X111.342 Y112.865 E.00884
G1 X111.619 Y112.631 E.00884
G1 X111.856 Y112.357 E.00884
G1 X112.047 Y112.049 E.00884
G1 X112.188 Y111.715 E.00884
G1 X112.275 Y111.362 E.00884
G1 X112.304 Y111.013 E.00854
G1 X112.316 Y108.989 E.04934
G1 X112.29 Y108.64 E.00854
G1 X112.208 Y108.286 E.00884
G1 X112.071 Y107.951 E.00884
G1 X111.883 Y107.64 E.00884
G1 X111.649 Y107.363 E.00884
G1 X111.375 Y107.126 E.00884
G1 X111.067 Y106.935 E.00884
G1 X110.732 Y106.794 E.00884
G1 X110.38 Y106.708 E.00884
G1 X110.019 Y106.677 E.00884
G1 X109.782 Y106.694 E.0058
G1 X109.657 Y106.703 E.00304
G1 X109.304 Y106.786 E.00884
G1 X108.968 Y106.923 E.00884
G1 X108.658 Y107.111 E.00884
G1 X108.381 Y107.345 E.00884
G1 X108.144 Y107.619 E.00884
G1 X107.953 Y107.927 E.00884
G1 X107.812 Y108.261 E.00884
G1 X107.725 Y108.613 E.00884
G1 X107.696 Y108.963 E.00854
G1 X107.684 Y110.987 E.04934
G1 X107.71 Y111.336 E.00854
G1 X107.792 Y111.69 E.00884
G1 X107.929 Y112.025 E.00884
G1 X108.117 Y112.336 E.00884
G1 X108.351 Y112.613 E.00884
G1 X108.625 Y112.85 E.00884
G1 X108.933 Y113.041 E.00884
G1 X109.268 Y113.182 E.00884
G1 X109.62 Y113.268 E.00884
G1 X109.921 Y113.294 E.00738
G1 X109.886 Y113.706 F18000
G1 X109.979 Y113.714
G1 X110.008 Y113.712
G1 X110.007 Y113.699
M204 P1500
;TYPE:Inner wall
;WIDTH:0.45
G1 F6000
G1 X110.403 Y113.67 E.01044
G1 X110.818 Y113.573 E.01118
G1 X111.212 Y113.412 E.01118
G1 X111.576 Y113.192 E.01118
G1 X111.902 Y112.917 E.01118
G1 X112.18 Y112.595 E.01118
G1 X112.404 Y112.233 E.01118
G1 X112.57 Y111.841 E.01118
G1 X112.671 Y111.428 E.01118
G1 X112.705 Y111.031 E.01045
G1 X112.716 Y108.976 E.054
G1 X112.688 Y108.579 E.01045
G1 X112.591 Y108.164 E.01118
G1 X112.43 Y107.77 E.01118
G1 X112.21 Y107.406 E.01118
G1 X111.935 Y107.081 E.01118
G1 X111.613 Y106.802 E.01118
G1 X111.251 Y106.578 E.01118
G1 X110.859 Y106.413 E.01118
G1 X110.445 Y106.311 E.01118
G1 X110.021 Y106.275 E.01118
G1 X109.753 Y106.295 E.00707
G1 X109.597 Y106.306 E.00411
G1 X109.182 Y106.403 E.01118
G1 X108.788 Y106.564 E.01118
G1 X108.424 Y106.784 E.01118
G1 X108.098 Y107.059 E.01118
G1 X107.82 Y107.381 E.01118
G1 X107.596 Y107.743 E.01118
G1 X107.43 Y108.135 E.01118
G1 X107.329 Y108.548 E.01118
G1 X107.295 Y108.945 E.01045
G1 X107.284 Y111 E.054
G1 X107.312 Y111.397 E.01045
G1 X107.409 Y111.812 E.01118
G1 X107.57 Y112.206 E.01118
G1 X107.79 Y112.57 E.01118
G1 X108.065 Y112.895 E.01118
G1 X108.387 Y113.174 E.01118
G1 X108.749 Y113.398 E.01118
G1 X109.141 Y113.563 E.01118
G1 X109.555 Y113.665 E.01118
G1 X109.947 Y113.698 E.01034
G1 X110.033 Y114.114 F18000
G1 F6000
G1 X110.466 Y114.082 E.0114
G1 X110.944 Y113.97 E.0129
G1 X111.399 Y113.785 E.0129
G1 X111.819 Y113.53 E.0129
G1 X112.195 Y113.214 E.0129
G1 X112.516 Y112.842 E.0129
G1 X112.775 Y112.425 E.0129
G1 X112.965 Y111.972 E.0129
G1 X113.083 Y111.495 E.0129
G1 X113.12 Y111.05 E.01173
G1 X113.132 Y108.962 E.05486
G1 X113.1 Y108.516 E.01174
G1 X112.988 Y108.038 E.0129
G1 X112.802 Y107.583 E.0129
G1 X112.548 Y107.163 E.0129
G1 X112.231 Y106.788 E.0129
G1 X111.86 Y106.466 E.0129
G1 X111.443 Y106.207 E.0129
G1 X110.99 Y106.017 E.0129
G1 X110.513 Y105.9 E.0129
G1 X110.024 Y105.858 E.0129
G1 X109.722 Y105.88 E.00793
G1 X109.534 Y105.894 E.00497
G1 X109.056 Y106.006 E.0129
G1 X108.601 Y106.191 E.0129
G1 X108.181 Y106.445 E.0129
G1 X107.805 Y106.762 E.0129
G1 X107.484 Y107.134 E.0129
G1 X107.225 Y107.551 E.0129
G1 X107.035 Y108.004 E.0129
G1 X106.917 Y108.481 E.0129
G1 X106.88 Y108.926 E.01173
G1 X106.868 Y111.014 E.05486
G1 X106.9 Y111.46 E.01174
G1 X107.012 Y111.938 E.0129
G1 X107.198 Y112.393 E.0129
G1 X107.452 Y112.813 E.0129
G1 X107.769 Y113.188 E.0129
G1 X108.14 Y113.509 E.0129
G1 X108.557 Y113.768 E.0129
G1 X109.01 Y113.959 E.0129
G1 X109.487 Y114.076 E.0129
G1 X109.974 Y114.117 E.01283
G1 X110.06 Y114.528 F18000
G1 F6000
G1 X110.529 Y114.494 E.01236
G1 X111.071 Y114.367 E.01462
G1 X111.586 Y114.157 E.01462
G1 X112.063 Y113.869 E.01462
G1 X112.488 Y113.51 E.01462
G1 X112.852 Y113.089 E.01462
G1 X113.145 Y112.616 E.01462
G1 X113.361 Y112.103 E.01462
G1 X113.494 Y111.563 E.01462
G1 X113.536 Y111.069 E.01302
G1 X113.548 Y108.948 E.05572
G1 X113.512 Y108.453 E.01302
G1 X113.385 Y107.911 E.01462
G1 X113.175 Y107.396 E.01462
G1 X112.887 Y106.92 E.01462
G1 X112.528 Y106.494 E.01462
G1 X112.107 Y106.131 E.01462
G1 X111.634 Y105.837 E.01462
G1 X111.121 Y105.621 E.01462
G1 X110.581 Y105.488 E.01462
G1 X110.026 Y105.441 E.01462
G1 X109.692 Y105.466 E.00879
G1 X109.471 Y105.482 E.00583
G1 X108.929 Y105.609 E.01462
G1 X108.414 Y105.819 E.01462
G1 X107.937 Y106.107 E.01462
G1 X107.512 Y106.466 E.01462
G1 X107.148 Y106.887 E.01462
G1 X106.855 Y107.36 E.01462
G1 X106.639 Y107.873 E.01462
G1 X106.506 Y108.413 E.01462
G1 X106.464 Y108.907 E.01302
G1 X106.452 Y111.028 E.05572
G1 X106.488 Y111.523 E.01302
G1 X106.615 Y112.065 E.01462
G1 X106.825 Y112.58 E.01462
G1 X107.113 Y113.056 E.01462
G1 X107.472 Y113.482 E.01462
G1 X107.893 Y113.845 E.01462
G1 X108.366 Y114.139 E.01462
G1 X108.879 Y114.355 E.01462
G1 X109.419 Y114.488 E.01462
G1 X109.974 Y114.535 E.01462
G1 X110 Y114.533 E.00069
G1 X110.087 Y114.943 F18000
G1 F6000
G1 X110.592 Y114.906 E.01331
G1 X111.198 Y114.765 E.01634
G1 X111.774 Y114.53 E.01634
G1 X112.306 Y114.208 E.01634
G1 X112.781 Y113.807 E.01634
G1 X113.188 Y113.336 E.01634
G1 X113.516 Y112.808 E.01634
G1 X113.757 Y112.234 E.01634
G1 X113.906 Y111.63 E.01634
G1 X113.951 Y111.087 E.01431
G1 X113.964 Y108.934 E.05657
G1 X113.924 Y108.39 E.01431
G1 X113.782 Y107.785 E.01634
G1 X113.548 Y107.209 E.01634
G1 X113.226 Y106.677 E.01634
G1 X112.824 Y106.201 E.01634
G1 X112.354 Y105.795 E.01634
G1 X111.825 Y105.467 E.01634
G1 X111.252 Y105.225 E.01634
G1 X110.648 Y105.077 E.01634
G1 X110.028 Y105.024 E.01634
G1 X109.662 Y105.051 E.00965
G1 X109.408 Y105.07 E.00669
G1 X108.802 Y105.211 E.01634
G1 X108.226 Y105.446 E.01634
G1 X107.694 Y105.768 E.01634
G1 X107.219 Y106.169 E.01634
G1 X106.812 Y106.64 E.01634
G1 X106.484 Y107.168 E.01634
G1 X106.243 Y107.742 E.01634
G1 X106.094 Y108.346 E.01634
G1 X106.049 Y108.888 E.01431
G1 X106.036 Y111.042 E.05657
G1 X106.076 Y111.586 E.01431
G1 X106.218 Y112.191 E.01634
G1 X106.452 Y112.767 E.01634
G1 X106.774 Y113.299 E.01634
G1 X107.176 Y113.775 E.01634
G1 X107.646 Y114.181 E.01634
G1 X108.175 Y114.509 E.01634
G1 X108.748 Y114.751 E.01634
G1 X109.352 Y114.899 E.01634
G1 X109.972 Y114.952 E.01634
G1 X110.027 Y114.948 E.00145
G1 X105.919 Y112.4 F18000
M204 P2000
;TYPE:Sparse infill
G1 F7597.235
G1 X106.134 Y112.927 E.01494
G1 X106.485 Y113.507 E.01781
G1 X106.922 Y114.025 E.01781
G1 X107.435 Y114.469 E.01781
G1 X108.011 Y114.826 E.01781
G1 X108.636 Y115.089 E.01781
G1 X108.776 Y115.124 E.00378
G1 X118.701 Y125.049 E.36871
G1 X118.71 Y123.471 E.04145
G1 X110.508 Y115.269 E.30468
G1 X110.646 Y115.259 E.00363
G1 X111.306 Y115.104 E.01781
G1 X111.75 Y114.923 E.01259
G1 X118.719 Y121.893 E.25889
G1 X118.728 Y120.314 E.04145
G1 X112.729 Y114.316 E.22284
G1 X113.032 Y114.06 E.0104
G1 X113.503 Y113.502 E.01918
G1 X118.737 Y118.736 E.19443
G1 X118.746 Y117.158 E.04145
G1 X114.048 Y112.46 E.17453
G1 X114.095 Y112.346 E.00323
G1 X114.258 Y111.688 E.01781
G1 X114.305 Y111.13 E.01472
G1 X118.755 Y115.58 E.16532
G1 X118.764 Y114.002 E.04145
G1 X114.316 Y109.554 E.16524
G1 X114.319 Y108.922 E.0166
G1 X114.277 Y108.336 E.01541
G1 X114.152 Y107.802 E.01441
G1 X118.773 Y112.424 E.17167
G1 X118.765 Y113.794 E.036
G1 X114.093 Y107.604 F18000
G1 F7597.235
G1 X113.866 Y107.049 E.01575
G1 X113.515 Y106.469 E.01781
G1 X113.078 Y105.951 E.01781
G1 X112.565 Y105.507 E.01781
G1 X111.989 Y105.15 E.01781
G1 X111.364 Y104.887 E.01781
G1 X111.194 Y104.845 E.0046
G1 X101.299 Y94.95 E.36759
G1 X101.29 Y96.528 E.04145
G1 X109.471 Y104.709 E.30389
G1 X109.354 Y104.717 E.00307
G1 X108.694 Y104.872 E.01781
G1 X108.234 Y105.059 E.01305
G1 X101.281 Y98.106 E.25829
G1 X101.272 Y99.684 E.04145
G1 X107.258 Y105.671 E.22239
G1 X106.968 Y105.916 E.00998
G1 X106.488 Y106.488 E.01961
G1 X101.263 Y101.262 E.19411
G1 X101.254 Y102.84 E.04145
G1 X105.945 Y107.532 E.17428
G1 X105.905 Y107.629 E.00278
G1 X105.742 Y108.288 E.01781
G1 X105.694 Y108.867 E.01528
G1 X101.245 Y104.419 E.16526
G1 X101.236 Y105.997 E.04145
G1 X105.684 Y110.445 E.16524
G1 X105.681 Y111.054 E.016
G1 X105.723 Y111.639 E.01541
G1 X105.855 Y112.203 E.01521
G1 X101.227 Y107.575 E.17194
G1 X101.218 Y109.153 E.04145
G1 X118.692 Y126.627 E.64913
G1 X118.683 Y128.205 E.04145
G1 X101.209 Y110.731 E.64913
G1 X101.2 Y112.309 E.04145
G1 X118.674 Y129.783 E.64913
G1 X118.665 Y131.362 E.04145
G1 X114.248 Y126.945 E.16407
G1 X114.199 Y126.824 E.00343
G1 X113.807 Y126.177 E.01987
G1 X113.319 Y125.598 E.01987
G1 X112.747 Y125.104 E.01987
G1 X112.104 Y124.705 E.01987
G1 X111.939 Y124.636 E.00471
G1 X101.191 Y113.887 E.39927
G1 X101.182 Y115.466 E.04145
G1 X109.886 Y124.17 E.32334
G1 X109.165 Y124.222 E.019
G1 X108.708 Y124.329 E.01231
G1 X114.523 Y127.69 F18000
G1 F7597.235
G1 X114.657 Y128.261 E.01539
G1 X114.705 Y128.989 E.01916
G1 X118.656 Y132.94 E.14677
G1 X118.647 Y134.518 E.04145
G1 X114.696 Y130.567 E.14677
G1 X114.704 Y129.196 E.036
G1 X118.63 Y137.466 F18000
G1 F7597.235
G1 X118.638 Y136.096 E.036
G1 X114.572 Y132.03 E.15103
G1 X114.456 Y132.503 E.01279
G1 X114.16 Y133.205 E.02001
G1 X118.629 Y137.674 E.16602
G1 X118.62 Y139.252 E.04145
G1 X113.507 Y134.14 E.18992
G1 X113.269 Y134.416 E.00958
G1 X112.687 Y134.906 E.02
G1 X117.599 Y139.819 E.18249
G1 X116.003 Y139.81 E.04193
G1 X111.649 Y135.456 E.16173
G1 X111.343 Y135.58 E.00867
G1 X110.607 Y135.753 E.01987
G1 X110.376 Y135.77 E.00609
G1 X114.406 Y139.8 E.14973
G1 X113.018 Y139.792 E.03647
G1 X108.229 Y139.765 F18000
G1 F7597.235
G1 X109.618 Y139.773 E.03647
G1 X101.092 Y131.247 E.31672
G1 X101.083 Y132.825 E.04145
G1 X108.021 Y139.764 E.25776
G1 X106.425 Y139.755 E.04193
G1 X101.074 Y134.403 E.1988
G1 X101.065 Y135.982 E.04145
G1 X104.829 Y139.746 E.13983
G1 X103.233 Y139.737 E.04193
G1 X101.056 Y137.56 E.08087
G1 X101.047 Y139.138 E.04145
G1 X101.636 Y139.727 E.0219
G1 X103.025 Y139.735 E.03647
G1 X105.279 Y132.415 F18000
G1 F7597.235
G1 X105.573 Y133.151 E.02083
G1 X105.964 Y133.799 E.01987
G1 X106.452 Y134.377 E.01987
G1 X107.025 Y134.871 E.01986
G1 X107.667 Y135.27 E.01987
G1 X108.364 Y135.563 E.01987
G1 X108.654 Y135.635 E.00782
G1 X112.81 Y139.791 E.15441
G1 X111.214 Y139.782 E.04193
G1 X101.101 Y129.669 E.37569
G1 X101.11 Y128.091 E.04145
G1 X105.231 Y132.212 E.15311
G1 X105.115 Y131.715 E.01343
G1 X105.066 Y131.051 E.01748
G1 X105.07 Y130.464 E.01543
G1 X101.119 Y126.513 E.14677
G1 X101.128 Y124.934 E.04145
G1 X105.079 Y128.886 E.14677
G1 X105.135 Y128.206 E.0179
G1 X105.303 Y127.523 E.01849
G1 X101.137 Y123.356 E.15477
G1 X101.146 Y121.778 E.04145
G1 X105.813 Y126.446 E.17339
G1 X106.008 Y126.132 E.0097
G1 X106.509 Y125.554 E.02009
G1 X101.155 Y120.2 E.1989
G1 X101.164 Y118.622 E.04145
G1 X107.413 Y124.871 E.23213
G1 X107.728 Y124.68 E.00967
G1 X108.506 Y124.377 E.02194
G1 X101.173 Y117.044 E.2724
G1 X101.181 Y115.673 E.036
G1 X118.9 Y90.122 F18000
G1 F7597.235
G1 X118.908 Y88.752 E.036
G1 X110.359 Y80.203 E.31757
G1 X108.763 Y80.194 E.04193
G1 X118.899 Y90.33 E.37653
G1 X118.89 Y91.908 E.04145
G1 X107.167 Y80.185 E.4355
G1 X105.571 Y80.175 E.04193
G1 X110.602 Y85.207 E.18691
G1 X110.142 Y85.168 E.01213
G1 X109.67 Y85.202 E.01242
G1 X109.117 Y85.309 E.01479
G1 X104.031 Y80.223 E.18896
G1 X103.233 Y81.012 E.02948
G1 X108.025 Y85.804 E.17804
G1 X107.892 Y85.885 E.00408
G1 X107.434 Y86.271 E.01575
G1 X107.189 Y86.555 E.00985
G1 X102.434 Y81.801 E.17662
G1 X101.636 Y82.59 E.02948
G1 X106.594 Y87.548 E.18417
G1 X106.493 Y87.787 E.00682
G1 X106.35 Y88.369 E.01574
G1 X106.309 Y88.85 E.01268
G1 X101.362 Y83.903 E.18379
G1 X101.354 Y85.273 E.036
G1 X101.343 Y87.267 F18000
G1 F7597.235
G1 X101.335 Y88.637 E.036
G1 X118.809 Y106.111 E.64913
G1 X118.8 Y107.689 E.04145
G1 X101.326 Y90.215 E.64913
G1 X101.317 Y91.793 E.04145
G1 X118.791 Y109.267 E.64913
G1 X118.782 Y110.846 E.04145
G1 X101.308 Y93.372 E.64913
G1 X101.3 Y94.742 E.036
G1 X106.436 Y92.008 F18000
G1 F7597.235
G1 X106.332 Y91.564 E.01198
G1 X106.295 Y91.057 E.01336
G1 X106.298 Y90.426 E.01658
G1 X101.353 Y85.481 E.18371
G1 X101.344 Y87.059 E.04145
G1 X106.493 Y92.208 E.19127
G1 X106.695 Y92.703 E.01405
G1 X107.005 Y93.216 E.01575
G1 X107.392 Y93.674 E.01575
G1 X107.845 Y94.066 E.01575
G1 X108.355 Y94.382 E.01574
G1 X108.895 Y94.61 E.01539
G1 X118.818 Y104.533 E.36864
G1 X118.827 Y102.955 E.04145
G1 X110.64 Y94.768 E.30412
G1 X111.268 Y94.628 E.0169
G1 X111.847 Y94.388 E.01647
G1 X118.836 Y101.377 E.25963
G1 X118.845 Y99.799 E.04145
G1 X112.771 Y93.725 E.22563
G1 X113.186 Y93.251 E.01654
G1 X113.454 Y92.82 E.01333
G1 X118.854 Y98.22 E.2006
G1 X118.863 Y96.642 E.04145
G1 X113.868 Y91.648 E.18554
G1 X113.921 Y91.101 E.01443
G1 X113.927 Y90.119 E.0258
G1 X118.872 Y95.064 E.18371
G1 X118.881 Y93.486 E.04145
G1 X113.904 Y88.508 E.18491
G1 X113.897 Y88.412 E.00254
G1 X113.76 Y87.829 E.01574
G1 X113.534 Y87.273 E.01575
G1 X113.223 Y86.76 E.01575
G1 X112.958 Y86.446 E.01082
G1 X113.344 Y80.22 F18000
G1 F7597.235
G1 X111.956 Y80.212 E.03647
G1 X118.917 Y87.173 E.25861
G1 X118.926 Y85.595 E.04145
G1 X113.552 Y80.221 E.19964
G1 X115.148 Y80.23 E.04193
G1 X118.935 Y84.017 E.14068
G1 X118.944 Y82.439 E.04145
G1 X116.744 Y80.239 E.08172
G1 X118.341 Y80.248 E.04193
G1 X118.953 Y80.861 E.02275
G1 X118.945 Y82.231 E.036
; stop printing object pigtail_slot_coupon.stl id:2099807082496 copy 0
;LAYER_CHANGE
;Z:1.52
;HEIGHT:0.16
G92 E0 ; zero the extruded length again
; BEFORE_LAYER_CHANGE 8 @ 1.52mm
G1 E-1.75 F6000
;WIPE_START
G1 F7597.235
G1 X118.951 Y81.231 E-.75
;WIPE_END
; AFTER_LAYER_CHANGE 8 @ 1.52mm
;_SET_FAN_SPEED_CHANGING_LAYER
; printing object pigtail_slot_coupon.stl id:2099807082496 copy 0
G1 F18000
G1 X118.732 Y81.7115 Z1.54857
G1 X118.22 Y81.8397 Z1.57714
G1 X117.8 Y81.5191 Z1.60571
G1 X117.789 Y80.9912 Z1.63429
G1 X118.195 Y80.6535 Z1.66286
G1 X118.712 Y80.7603 Z1.69143
G1 X118.951 Y81.2312 Z1.72
G1 X120.197 Y141.423 Z1.72
G1 X120.197 Y141.423
G1 X120.608 Y141.839
G1 Z1.52
G1 E2.5 F6000
M204 P1000
;TYPE:Outer wall
;WIDTH:0.42
G1 F3600
G1 X99.029 Y141.716 E.52594
G1 X99.37 Y82.014 E1.45507
G1 X103.269 Y78.159 E.13363
G1 X114.701 Y78.224 E.27864
G1 X120.971 Y78.26 E.15281
G1 X120.609 Y141.779 E1.54809
G1 X120.197 Y141.423 F18000
G1 X120.21 Y141.436
M204 P1500
;TYPE:Inner wall
;WIDTH:0.45
G1 F6000
G1 X99.432 Y141.317 E.54581
G1 X99.769 Y82.182 E1.55337
G1 X103.432 Y78.561 E.1353
G1 X114.699 Y78.625 E.29596
G1 X120.568 Y78.658 E.15417
G1 X120.21 Y141.376 E1.64747
G1 X119.797 Y141.018 F18000
G1 F6000
G1 X99.85 Y140.904 E.52397
G1 X100.184 Y82.357 E1.53793
G1 X103.602 Y78.977 E.12626
G1 X114.697 Y79.041 E.29144
G1 X120.15 Y79.072 E.14325
G1 X119.797 Y140.958 E1.62563
G1 X119.383 Y140.6 F18000
G1 F6000
G1 X100.268 Y140.491 E.50213
G1 X100.599 Y82.531 E1.52249
G1 X103.772 Y79.394 E.11721
G1 X114.694 Y79.456 E.28691
G1 X119.732 Y79.485 E.13234
G1 X119.384 Y140.54 E1.60379
G1 X118.97 Y140.182 F18000
G1 F6000
G1 X100.686 Y140.078 E.48029
G1 X101.013 Y82.706 E1.50705
G1 X103.942 Y79.811 E.10817
G1 X114.692 Y79.872 E.28239
G1 X119.314 Y79.898 E.12142
G1 X118.97 Y140.122 E1.58196
G1 E-1.75
;WIPE_START
G1 X117.97 Y140.12 E-.75
;WIPE_END
G1 X114.89 Y137.866 Z1.72 F18000
G1 X109.894 Y134.211 Z1.72
G1 X109.864 Y133.799
G1 Z1.52
G1 E2.5 F6000
M204 P1000
;TYPE:Outer wall
;WIDTH:0.42
G1 F3600
G1 X110.304 Y133.766 E.01075
G1 X110.733 Y133.666 E.01075
G1 X111.142 Y133.499 E.01075
G1 X111.519 Y133.271 E.01075
G1 X111.856 Y132.987 E.01075
G1 X112.145 Y132.653 E.01075
G1 X112.377 Y132.278 E.01075
G1 X112.548 Y131.871 E.01075
G1 X112.654 Y131.443 E.01075
G1 X112.69 Y131.016 E.01045
G1 X112.702 Y128.992 E.04934
G1 X112.67 Y128.564 E.01045
G1 X112.57 Y128.134 E.01075
G1 X112.403 Y127.726 E.01075
G1 X112.175 Y127.348 E.01075
G1 X111.89 Y127.011 E.01075
G1 X111.557 Y126.723 E.01075
G1 X111.182 Y126.49 E.01075
G1 X110.775 Y126.319 E.01075
G1 X110.347 Y126.214 E.01075
G1 X109.908 Y126.177 E.01075
G1 X109.633 Y126.197 E.00671
G1 X109.468 Y126.209 E.00404
G1 X109.038 Y126.309 E.01075
G1 X108.63 Y126.476 E.01075
G1 X108.252 Y126.704 E.01075
G1 X107.915 Y126.989 E.01075
G1 X107.627 Y127.322 E.01075
G1 X107.394 Y127.697 E.01075
G1 X107.223 Y128.104 E.01075
G1 X107.118 Y128.532 E.01075
G1 X107.082 Y128.959 E.01045
G1 X107.07 Y130.984 E.04934
G1 X107.101 Y131.412 E.01045
G1 X107.202 Y131.841 E.01075
G1 X107.368 Y132.249 E.01075
G1 X107.597 Y132.627 E.01075
G1 X107.881 Y132.964 E.01075
G1 X108.215 Y133.252 E.01075
G1 X108.59 Y133.485 E.01075
G1 X108.996 Y133.656 E.01075
G1 X109.424 Y133.761 E.01075
G1 X109.804 Y133.793 E.00929
G1 X109.769 Y134.206 F18000
G1 X109.833 Y134.211
G1 X109.834 Y134.198
M204 P1500
;TYPE:Inner wall
;WIDTH:0.45
G1 F6000
G1 X109.862 Y134.2 E.00074
G1 X110.365 Y134.164 E.01324
G1 X110.855 Y134.049 E.01324
G1 X111.322 Y133.859 E.01324
G1 X111.754 Y133.598 E.01324
G1 X112.139 Y133.272 E.01324
G1 X112.468 Y132.891 E.01324
G1 X112.734 Y132.463 E.01324
G1 X112.93 Y131.998 E.01324
G1 X113.05 Y131.508 E.01324
G1 X113.091 Y131.034 E.01251
G1 X113.102 Y128.978 E.054
G1 X113.068 Y128.503 E.01251
G1 X112.953 Y128.012 E.01324
G1 X112.762 Y127.545 E.01324
G1 X112.501 Y127.114 E.01324
G1 X112.176 Y126.729 E.01324
G1 X111.795 Y126.399 E.01324
G1 X111.366 Y126.133 E.01324
G1 X110.902 Y125.938 E.01324
G1 X110.412 Y125.817 E.01324
G1 X109.91 Y125.775 E.01324
G1 X109.604 Y125.797 E.00807
G1 X109.407 Y125.812 E.00518
G1 X108.916 Y125.926 E.01324
G1 X108.449 Y126.117 E.01324
G1 X108.018 Y126.378 E.01324
G1 X107.633 Y126.703 E.01324
G1 X107.303 Y127.084 E.01324
G1 X107.037 Y127.513 E.01324
G1 X106.842 Y127.977 E.01324
G1 X106.721 Y128.467 E.01324
G1 X106.681 Y128.941 E.01251
G1 X106.669 Y130.997 E.054
G1 X106.704 Y131.472 E.01251
G1 X106.819 Y131.963 E.01324
G1 X107.009 Y132.43 E.01324
G1 X107.27 Y132.861 E.01324
G1 X107.595 Y133.247 E.01324
G1 X107.977 Y133.576 E.01324
G1 X108.405 Y133.842 E.01324
G1 X108.87 Y134.037 E.01324
G1 X109.359 Y134.158 E.01324
G1 X109.774 Y134.193 E.01093
G1 X109.802 Y134.613 F18000
G1 F6000
G1 X109.859 Y134.617 E.0015
G1 X110.427 Y134.576 E.01496
G1 X110.982 Y134.446 E.01496
G1 X111.509 Y134.231 E.01496
G1 X111.997 Y133.936 E.01496
G1 X112.432 Y133.569 E.01496
G1 X112.804 Y133.138 E.01496
G1 X113.105 Y132.654 E.01496
G1 X113.326 Y132.129 E.01496
G1 X113.462 Y131.576 E.01496
G1 X113.506 Y131.053 E.0138
G1 X113.518 Y128.964 E.05486
G1 X113.48 Y128.44 E.0138
G1 X113.35 Y127.886 E.01496
G1 X113.135 Y127.358 E.01496
G1 X112.84 Y126.871 E.01496
G1 X112.473 Y126.436 E.01496
G1 X112.042 Y126.063 E.01496
G1 X111.558 Y125.763 E.01496
G1 X111.033 Y125.542 E.01496
G1 X110.48 Y125.406 E.01496
G1 X109.912 Y125.358 E.01496
G1 X109.573 Y125.383 E.00892
G1 X109.344 Y125.399 E.00604
G1 X108.79 Y125.529 E.01496
G1 X108.262 Y125.744 E.01496
G1 X107.775 Y126.039 E.01496
G1 X107.34 Y126.406 E.01496
G1 X106.967 Y126.837 E.01496
G1 X106.667 Y127.321 E.01496
G1 X106.446 Y127.846 E.01496
G1 X106.31 Y128.399 E.01496
G1 X106.265 Y128.923 E.0138
G1 X106.254 Y131.011 E.05486
G1 X106.292 Y131.535 E.0138
G1 X106.422 Y132.089 E.01496
G1 X106.637 Y132.617 E.01496
G1 X106.931 Y133.104 E.01496
G1 X107.299 Y133.54 E.01496
G1 X107.73 Y133.912 E.01496
G1 X108.214 Y134.212 E.01496
G1 X108.739 Y134.433 E.01496
G1 X109.292 Y134.569 E.01496
G1 X109.743 Y134.608 E.01188
G1 X109.943 Y135.028 F18000
G1 F6000
G1 X110.49 Y134.988 E.01441
G1 X111.109 Y134.843 E.01668
G1 X111.697 Y134.604 E.01668
G1 X112.24 Y134.275 E.01668
G1 X112.725 Y133.866 E.01668
G1 X113.14 Y133.385 E.01668
G1 X113.475 Y132.845 E.01668
G1 X113.722 Y132.26 E.01668
G1 X113.873 Y131.644 E.01668
G1 X113.922 Y131.071 E.01508
G1 X113.934 Y128.95 E.05572
G1 X113.892 Y128.377 E.01509
G1 X113.747 Y127.759 E.01668
G1 X113.508 Y127.171 E.01668
G1 X113.179 Y126.628 E.01668
G1 X112.769 Y126.142 E.01668
G1 X112.289 Y125.727 E.01668
G1 X111.749 Y125.393 E.01668
G1 X111.164 Y125.146 E.01668
G1 X110.547 Y124.994 E.01668
G1 X109.915 Y124.941 E.01668
G1 X109.543 Y124.968 E.00978
G1 X109.281 Y124.987 E.0069
G1 X108.663 Y125.132 E.01668
G1 X108.075 Y125.372 E.01668
G1 X107.532 Y125.7 E.01668
G1 X107.046 Y126.11 E.01668
G1 X106.631 Y126.59 E.01668
G1 X106.296 Y127.13 E.01668
G1 X106.05 Y127.715 E.01668
G1 X105.898 Y128.332 E.01668
G1 X105.85 Y128.904 E.01508
G1 X105.838 Y131.025 E.05572
G1 X105.88 Y131.598 E.01509
G1 X106.024 Y132.216 E.01668
G1 X106.264 Y132.804 E.01668
G1 X106.593 Y133.348 E.01668
G1 X107.002 Y133.833 E.01668
G1 X107.483 Y134.248 E.01668
G1 X108.022 Y134.583 E.01668
G1 X108.608 Y134.829 E.01668
G1 X109.224 Y134.981 E.01668
G1 X109.857 Y135.034 E.01668
G1 X109.883 Y135.032 E.00069
G1 X109.74 Y135.442 F18000
G1 F6000
G1 X109.855 Y135.451 E.00303
G1 X110.553 Y135.4 E.0184
G1 X111.235 Y135.241 E.0184
G1 X111.884 Y134.976 E.0184
G1 X112.483 Y134.614 E.0184
G1 X113.018 Y134.162 E.0184
G1 X113.476 Y133.632 E.0184
G1 X113.846 Y133.037 E.0184
G1 X114.117 Y132.391 E.0184
G1 X114.285 Y131.711 E.0184
G1 X114.337 Y131.09 E.01637
G1 X114.35 Y128.936 E.05657
G1 X114.304 Y128.315 E.01637
G1 X114.145 Y127.633 E.01839
G1 X113.88 Y126.984 E.0184
G1 X113.518 Y126.385 E.0184
G1 X113.066 Y125.849 E.0184
G1 X112.536 Y125.391 E.0184
G1 X111.941 Y125.022 E.0184
G1 X111.295 Y124.75 E.0184
G1 X110.615 Y124.583 E.01839
G1 X109.917 Y124.524 E.0184
G1 X109.513 Y124.554 E.01064
G1 X109.218 Y124.575 E.00776
G1 X108.536 Y124.735 E.0184
G1 X107.888 Y124.999 E.0184
G1 X107.289 Y125.362 E.0184
G1 X106.753 Y125.813 E.0184
G1 X106.295 Y126.343 E.0184
G1 X105.926 Y126.939 E.0184
G1 X105.654 Y127.584 E.0184
G1 X105.487 Y128.264 E.0184
G1 X105.434 Y128.885 E.01637
G1 X105.422 Y131.039 E.05657
G1 X105.467 Y131.661 E.01637
G1 X105.627 Y132.343 E.01839
G1 X105.891 Y132.991 E.0184
G1 X106.254 Y133.591 E.0184
G1 X106.706 Y134.126 E.0184
G1 X107.236 Y134.584 E.0184
G1 X107.831 Y134.953 E.0184
G1 X108.476 Y135.225 E.0184
G1 X109.157 Y135.392 E.0184
G1 X109.68 Y135.436 E.01379
G1 E-1.75
;WIPE_START
G1 X109.855 Y135.451 E-.13157
G1 X110.553 Y135.4 E-.52541
G1 X110.674 Y135.372 E-.09302
;WIPE_END
G1 X112.479 Y132.899 Z1.72 F18000
G1 X112.746 Y132.469
G1 X112.942 Y132.002
G1 X113.063 Y131.51
G1 X113.103 Y131.034
G1 X113.115 Y128.978
G1 X112.729 Y108.975
G1 X112.7 Y108.577
G1 X112.603 Y108.16
G1 X112.441 Y107.764
G1 X112.22 Y107.398
G1 X111.944 Y107.072
G1 X111.62 Y106.792
G1 X111.257 Y106.566
G1 X110.863 Y106.4
G1 X110.447 Y106.298
G1 X110.281 Y106.284
G1 X110.063 Y93.211
G1 X110.098 Y92.799
G1 Z1.52
G1 E2.5 F6000
M204 P1000
;TYPE:Outer wall
;WIDTH:0.42
G1 F3600
G1 X110.382 Y92.778 E.00693
G1 X110.658 Y92.714 E.00693
G1 X110.921 Y92.606 E.00693
G1 X111.165 Y92.459 E.00692
G1 X111.382 Y92.276 E.00692
G1 X111.568 Y92.061 E.00693
G1 X111.717 Y91.82 E.00693
G1 X111.828 Y91.558 E.00693
G1 X111.896 Y91.282 E.00692
G1 X111.918 Y91.011 E.00663
G1 X111.93 Y88.986 E.04934
G1 X111.91 Y88.715 E.00663
G1 X111.845 Y88.439 E.00692
G1 X111.738 Y88.175 E.00693
G1 X111.591 Y87.932 E.00693
G1 X111.408 Y87.715 E.00693
G1 X111.193 Y87.529 E.00692
G1 X110.951 Y87.379 E.00692
G1 X110.689 Y87.269 E.00693
G1 X110.413 Y87.201 E.00693
G1 X110.13 Y87.177 E.00693
G1 X109.944 Y87.191 E.00456
G1 X109.574 Y87.261 E.00916
G1 X109.307 Y87.37 E.00704
G1 X109.064 Y87.517 E.00692
G1 X108.847 Y87.7 E.00692
G1 X108.661 Y87.915 E.00693
G1 X108.511 Y88.157 E.00693
G1 X108.401 Y88.419 E.00693
G1 X108.333 Y88.695 E.00692
G1 X108.31 Y88.966 E.00663
G1 X108.298 Y90.99 E.04934
G1 X108.318 Y91.261 E.00663
G1 X108.383 Y91.538 E.00692
G1 X108.49 Y91.801 E.00693
G1 X108.637 Y92.044 E.00693
G1 X108.821 Y92.262 E.00693
G1 X109.036 Y92.447 E.00692
G1 X109.277 Y92.597 E.00692
G1 X109.539 Y92.707 E.00693
G1 X109.815 Y92.775 E.00693
G1 X110.038 Y92.794 E.00546
G1 X110.003 Y93.206 F18000
G1 X110.096 Y93.214
G1 X110.125 Y93.212
G1 X110.124 Y93.199
M204 P1500
;TYPE:Inner wall
;WIDTH:0.45
G1 F6000
G1 X110.442 Y93.176 E.00838
G1 X110.78 Y93.097 E.00912
G1 X111.102 Y92.966 E.00912
G1 X111.399 Y92.786 E.00912
G1 X111.664 Y92.562 E.00912
G1 X111.891 Y92.299 E.00912
G1 X112.074 Y92.004 E.00912
G1 X112.209 Y91.684 E.00912
G1 X112.292 Y91.347 E.00912
G1 X112.319 Y91.029 E.00839
G1 X112.331 Y88.973 E.054
G1 X112.307 Y88.655 E.00839
G1 X112.228 Y88.317 E.00912
G1 X112.097 Y87.995 E.00912
G1 X111.918 Y87.698 E.00912
G1 X111.694 Y87.432 E.00912
G1 X111.431 Y87.206 E.00912
G1 X111.136 Y87.022 E.00912
G1 X110.816 Y86.888 E.00912
G1 X110.479 Y86.805 E.00912
G1 X110.133 Y86.775 E.00912
G1 X109.892 Y86.793 E.00635
G1 X109.46 Y86.875 E.01153
G1 X109.127 Y87.011 E.00947
G1 X108.83 Y87.191 E.00912
G1 X108.564 Y87.415 E.00912
G1 X108.337 Y87.677 E.00912
G1 X108.154 Y87.972 E.00912
G1 X108.019 Y88.293 E.00912
G1 X107.936 Y88.63 E.00912
G1 X107.909 Y88.948 E.00839
G1 X107.898 Y91.004 E.054
G1 X107.921 Y91.322 E.00839
G1 X108 Y91.66 E.00912
G1 X108.131 Y91.982 E.00912
G1 X108.311 Y92.279 E.00912
G1 X108.535 Y92.544 E.00912
G1 X108.798 Y92.771 E.00912
G1 X109.093 Y92.954 E.00912
G1 X109.413 Y93.089 E.00912
G1 X109.75 Y93.172 E.00912
G1 X110.064 Y93.198 E.00828
G1 X110.036 Y93.613 F18000
G1 F6000
G1 X110.093 Y93.618 E.0015
G1 X110.505 Y93.588 E.01084
G1 X110.907 Y93.494 E.01084
G1 X111.289 Y93.338 E.01084
G1 X111.642 Y93.125 E.01084
G1 X111.957 Y92.859 E.01084
G1 X112.227 Y92.546 E.01084
G1 X112.445 Y92.196 E.01084
G1 X112.605 Y91.815 E.01084
G1 X112.704 Y91.415 E.01084
G1 X112.735 Y91.048 E.00968
G1 X112.746 Y88.959 E.05486
G1 X112.72 Y88.592 E.00968
G1 X112.626 Y88.19 E.01084
G1 X112.47 Y87.808 E.01084
G1 X112.256 Y87.455 E.01084
G1 X111.99 Y87.139 E.01084
G1 X111.678 Y86.87 E.01084
G1 X111.327 Y86.652 E.01084
G1 X110.947 Y86.492 E.01084
G1 X110.546 Y86.393 E.01084
G1 X110.135 Y86.359 E.01084
G1 X109.837 Y86.38 E.00784
G1 X109.342 Y86.474 E.01325
G1 X108.939 Y86.638 E.01142
G1 X108.586 Y86.852 E.01084
G1 X108.271 Y87.118 E.01084
G1 X108.001 Y87.43 E.01084
G1 X107.784 Y87.781 E.01084
G1 X107.624 Y88.161 E.01084
G1 X107.525 Y88.562 E.01084
G1 X107.494 Y88.929 E.00968
G1 X107.482 Y91.018 E.05486
G1 X107.509 Y91.385 E.00968
G1 X107.603 Y91.787 E.01084
G1 X107.759 Y92.169 E.01084
G1 X107.972 Y92.522 E.01084
G1 X108.238 Y92.837 E.01084
G1 X108.551 Y93.107 E.01084
G1 X108.901 Y93.325 E.01084
G1 X109.282 Y93.485 E.01084
G1 X109.682 Y93.583 E.01084
G1 X109.977 Y93.608 E.00776
G1 X110.005 Y94.028 F18000
G1 F6000
G1 X110.091 Y94.035 E.00227
G1 X110.568 Y94 E.01256
G1 X111.033 Y93.891 E.01256
G1 X111.476 Y93.711 E.01256
G1 X111.885 Y93.463 E.01255
G1 X112.25 Y93.155 E.01256
G1 X112.563 Y92.793 E.01256
G1 X112.815 Y92.387 E.01256
G1 X113.001 Y91.946 E.01256
G1 X113.115 Y91.482 E.01255
G1 X113.15 Y91.066 E.01097
G1 X113.162 Y88.945 E.05572
G1 X113.132 Y88.529 E.01097
G1 X113.023 Y88.063 E.01255
G1 X112.842 Y87.621 E.01256
G1 X112.595 Y87.212 E.01256
G1 X112.287 Y86.846 E.01256
G1 X111.925 Y86.534 E.01256
G1 X111.519 Y86.282 E.01255
G1 X111.078 Y86.096 E.01256
G1 X110.614 Y85.982 E.01256
G1 X110.137 Y85.942 E.01256
G1 X109.783 Y85.967 E.00932
G1 X109.223 Y86.074 E.01497
G1 X108.752 Y86.266 E.01337
G1 X108.343 Y86.513 E.01255
G1 X107.978 Y86.822 E.01256
G1 X107.665 Y87.183 E.01256
G1 X107.413 Y87.59 E.01256
G1 X107.228 Y88.03 E.01256
G1 X107.113 Y88.494 E.01255
G1 X107.078 Y88.91 E.01097
G1 X107.066 Y91.031 E.05572
G1 X107.097 Y91.448 E.01097
G1 X107.206 Y91.913 E.01255
G1 X107.386 Y92.356 E.01256
G1 X107.633 Y92.765 E.01256
G1 X107.942 Y93.13 E.01256
G1 X108.304 Y93.443 E.01256
G1 X108.71 Y93.695 E.01255
G1 X109.151 Y93.881 E.01256
G1 X109.615 Y93.995 E.01256
G1 X109.945 Y94.023 E.00871
G1 X109.974 Y94.442 F18000
G1 F6000
G1 X110.089 Y94.452 E.00303
G1 X110.631 Y94.412 E.01428
G1 X111.16 Y94.289 E.01427
G1 X111.663 Y94.083 E.01428
G1 X112.128 Y93.802 E.01427
G1 X112.544 Y93.452 E.01428
G1 X112.899 Y93.04 E.01428
G1 X113.186 Y92.578 E.01428
G1 X113.397 Y92.077 E.01428
G1 X113.526 Y91.55 E.01427
G1 X113.566 Y91.085 E.01225
G1 X113.578 Y88.931 E.05657
G1 X113.544 Y88.466 E.01225
G1 X113.42 Y87.937 E.01427
G1 X113.215 Y87.434 E.01428
G1 X112.934 Y86.968 E.01428
G1 X112.583 Y86.553 E.01428
G1 X112.172 Y86.198 E.01428
G1 X111.71 Y85.911 E.01427
G1 X111.209 Y85.7 E.01428
G1 X110.681 Y85.57 E.01428
G1 X110.14 Y85.525 E.01428
G1 X109.729 Y85.555 E.01081
G1 X109.105 Y85.673 E.01669
G1 X108.565 Y85.893 E.01532
G1 X108.1 Y86.174 E.01427
G1 X107.685 Y86.525 E.01427
G1 X107.329 Y86.936 E.01428
G1 X107.043 Y87.398 E.01428
G1 X106.832 Y87.899 E.01428
G1 X106.702 Y88.427 E.01427
G1 X106.663 Y88.892 E.01225
G1 X106.65 Y91.045 E.05657
G1 X106.684 Y91.511 E.01225
G1 X106.808 Y92.04 E.01427
G1 X107.013 Y92.543 E.01428
G1 X107.295 Y93.008 E.01428
G1 X107.645 Y93.424 E.01428
G1 X108.057 Y93.779 E.01428
G1 X108.518 Y94.065 E.01427
G1 X109.019 Y94.276 E.01428
G1 X109.547 Y94.406 E.01428
G1 X109.914 Y94.437 E.00967
G1 E-1.75
;WIPE_START
G1 X110.089 Y94.452 E-.13156
G1 X110.631 Y94.412 E-.40761
G1 X110.904 Y94.348 E-.21083
;WIPE_END
G1 X111.382 Y98.135 Z1.72 F18000
G1 X112.7 Y108.577 Z1.72
G1 X112.729 Y108.975
G1 X112.718 Y111.032
G1 X112.684 Y111.43
G1 X112.582 Y111.845
G1 X112.416 Y112.239
G1 X112.19 Y112.603
G1 X111.911 Y112.926
G1 X111.584 Y113.202
G1 X111.218 Y113.424
G1 X110.822 Y113.585
G1 X110.405 Y113.683
G1 X110.011 Y113.711
G1 X109.981 Y113.299
G1 Z1.52
G1 E2.5 F6000
M204 P1000
;TYPE:Outer wall
;WIDTH:0.42
G1 F3600
G1 X110.343 Y113.272 E.00884
G1 X110.696 Y113.19 E.00884
G1 X111.032 Y113.053 E.00884
G1 X111.342 Y112.865 E.00884
G1 X111.619 Y112.631 E.00884
G1 X111.856 Y112.357 E.00884
G1 X112.047 Y112.049 E.00884
G1 X112.188 Y111.715 E.00884
G1 X112.275 Y111.362 E.00884
G1 X112.304 Y111.013 E.00854
G1 X112.316 Y108.989 E.04934
G1 X112.29 Y108.64 E.00854
G1 X112.208 Y108.286 E.00884
G1 X112.071 Y107.951 E.00884
G1 X111.883 Y107.64 E.00884
G1 X111.649 Y107.363 E.00884
G1 X111.375 Y107.126 E.00884
G1 X111.067 Y106.935 E.00884
G1 X110.732 Y106.794 E.00884
G1 X110.38 Y106.708 E.00884
G1 X110.019 Y106.677 E.00884
G1 X109.794 Y106.693 E.00549
G1 X109.657 Y106.703 E.00335
G1 X109.304 Y106.786 E.00884
G1 X108.968 Y106.923 E.00884
G1 X108.658 Y107.111 E.00884
G1 X108.381 Y107.345 E.00884
G1 X108.144 Y107.619 E.00884
G1 X107.953 Y107.927 E.00884
G1 X107.812 Y108.261 E.00884
G1 X107.725 Y108.613 E.00884
G1 X107.696 Y108.963 E.00854
G1 X107.684 Y110.987 E.04934
G1 X107.71 Y111.336 E.00854
G1 X107.792 Y111.69 E.00884
G1 X107.929 Y112.025 E.00884
G1 X108.117 Y112.336 E.00884
G1 X108.351 Y112.613 E.00884
G1 X108.625 Y112.85 E.00884
G1 X108.933 Y113.041 E.00884
G1 X109.268 Y113.182 E.00884
G1 X109.62 Y113.268 E.00884
G1 X109.921 Y113.294 E.00738
G1 X109.886 Y113.706 F18000
G1 X109.979 Y113.714
G1 X110.008 Y113.712
G1 X110.007 Y113.699
M204 P1500
;TYPE:Inner wall
;WIDTH:0.45
G1 F6000
G1 X110.403 Y113.67 E.01044
G1 X110.818 Y113.573 E.01118
G1 X111.212 Y113.412 E.01118
G1 X111.576 Y113.192 E.01118
G1 X111.902 Y112.917 E.01118
G1 X112.18 Y112.595 E.01118
G1 X112.404 Y112.233 E.01118
G1 X112.57 Y111.841 E.01118
G1 X112.671 Y111.428 E.01118
G1 X112.705 Y111.031 E.01045
G1 X112.716 Y108.976 E.054
G1 X112.688 Y108.579 E.01045
G1 X112.591 Y108.164 E.01118
G1 X112.43 Y107.77 E.01118
G1 X112.21 Y107.406 E.01118
G1 X111.935 Y107.081 E.01118
G1 X111.613 Y106.802 E.01118
G1 X111.251 Y106.578 E.01118
G1 X110.859 Y106.413 E.01118
G1 X110.445 Y106.311 E.01118
G1 X110.021 Y106.275 E.01118
G1 X109.765 Y106.294 E.00675
G1 X109.597 Y106.306 E.00444
G1 X109.182 Y106.403 E.01118
G1 X108.788 Y106.564 E.01118
G1 X108.424 Y106.784 E.01118
G1 X108.098 Y107.059 E.01118
G1 X107.82 Y107.381 E.01118
G1 X107.596 Y107.743 E.01118
G1 X107.43 Y108.135 E.01118
G1 X107.329 Y108.548 E.01118
G1 X107.295 Y108.945 E.01045
G1 X107.284 Y111 E.054
G1 X107.312 Y111.397 E.01045
G1 X107.409 Y111.812 E.01118
G1 X107.57 Y112.206 E.01118
G1 X107.79 Y112.57 E.01118
G1 X108.065 Y112.895 E.01118
G1 X108.387 Y113.174 E.01118
G1 X108.749 Y113.398 E.01118
G1 X109.141 Y113.563 E.01118
G1 X109.555 Y113.665 E.01118
G1 X109.947 Y113.698 E.01034
G1 X110.033 Y114.114 F18000
G1 F6000
G1 X110.466 Y114.082 E.0114
G1 X110.944 Y113.97 E.0129
G1 X111.399 Y113.785 E.0129
G1 X111.819 Y113.53 E.0129
G1 X112.195 Y113.214 E.0129
G1 X112.516 Y112.842 E.0129
G1 X112.775 Y112.425 E.0129
G1 X112.965 Y111.972 E.0129
G1 X113.083 Y111.495 E.0129
G1 X113.12 Y111.05 E.01173
G1 X113.132 Y108.962 E.05486
G1 X113.1 Y108.516 E.01174
G1 X112.988 Y108.038 E.0129
G1 X112.802 Y107.583 E.0129
G1 X112.548 Y107.163 E.0129
G1 X112.231 Y106.788 E.0129
G1 X111.86 Y106.466 E.0129
G1 X111.443 Y106.207 E.0129
G1 X110.99 Y106.017 E.0129
G1 X110.513 Y105.9 E.0129
G1 X110.024 Y105.858 E.0129
G1 X109.735 Y105.879 E.0076
G1 X109.534 Y105.894 E.0053
G1 X109.056 Y106.006 E.0129
G1 X108.601 Y106.191 E.0129
G1 X108.181 Y106.445 E.0129
G1 X107.805 Y106.762 E.0129
G1 X107.484 Y107.134 E.0129
G1 X107.225 Y107.551 E.0129
G1 X107.035 Y108.004 E.0129
G1 X106.917 Y108.481 E.0129
G1 X106.88 Y108.926 E.01173
G1 X106.868 Y111.014 E.05486
G1 X106.9 Y111.46 E.01174
G1 X107.012 Y111.938 E.0129
G1 X107.198 Y112.393 E.0129
G1 X107.452 Y112.813 E.0129
G1 X107.769 Y113.188 E.0129
G1 X108.14 Y113.509 E.0129
G1 X108.557 Y113.768 E.0129
G1 X109.01 Y113.959 E.0129
G1 X109.487 Y114.076 E.0129
G1 X109.974 Y114.117 E.01283
G1 X110.06 Y114.528 F18000
G1 F6000
G1 X110.529 Y114.494 E.01236
G1 X111.071 Y114.367 E.01462
G1 X111.586 Y114.157 E.01462
G1 X112.063 Y113.869 E.01462
G1 X112.488 Y113.51 E.01462
G1 X112.852 Y113.089 E.01462
G1 X113.145 Y112.616 E.01462
G1 X113.361 Y112.103 E.01462
G1 X113.494 Y111.563 E.01462
G1 X113.536 Y111.069 E.01302
G1 X113.548 Y108.948 E.05572
G1 X113.512 Y108.453 E.01302
G1 X113.385 Y107.911 E.01462
G1 X113.175 Y107.396 E.01462
G1 X112.887 Y106.92 E.01462
G1 X112.528 Y106.494 E.01462
G1 X112.107 Y106.131 E.01462
G1 X111.634 Y105.837 E.01462
G1 X111.121 Y105.621 E.01462
G1 X110.581 Y105.488 E.01462
G1 X110.026 Y105.441 E.01462
G1 X109.705 Y105.465 E.00846
G1 X109.471 Y105.482 E.00616
G1 X108.929 Y105.609 E.01462
G1 X108.414 Y105.819 E.01462
G1 X107.937 Y106.107 E.01462
G1 X107.512 Y106.466 E.01462
G1 X107.148 Y106.887 E.01462
G1 X106.855 Y107.36 E.01462
G1 X106.639 Y107.873 E.01462
G1 X106.506 Y108.413 E.01462
G1 X106.464 Y108.907 E.01302
G1 X106.452 Y111.028 E.05572
G1 X106.488 Y111.523 E.01302
G1 X106.615 Y112.065 E.01462
G1 X106.825 Y112.58 E.01462
G1 X107.113 Y113.056 E.01462
G1 X107.472 Y113.482 E.01462
G1 X107.893 Y113.845 E.01462
G1 X108.366 Y114.139 E.01462
G1 X108.879 Y114.355 E.01462
G1 X109.419 Y114.488 E.01462
G1 X109.974 Y114.535 E.01462
G1 X110 Y114.533 E.00069
G1 X110.087 Y114.943 F18000
G1 F6000
G1 X110.592 Y114.906 E.01331
G1 X111.198 Y114.765 E.01634
G1 X111.774 Y114.53 E.01634
G1 X112.306 Y114.208 E.01634
G1 X112.781 Y113.807 E.01634
G1 X113.188 Y113.336 E.01634
G1 X113.516 Y112.808 E.01634
G1 X113.757 Y112.234 E.01634
G1 X113.906 Y111.63 E.01634
G1 X113.951 Y111.087 E.01431
G1 X113.964 Y108.934 E.05657
G1 X113.924 Y108.39 E.01431
G1 X113.782 Y107.785 E.01634
G1 X113.548 Y107.209 E.01634
G1 X113.226 Y106.677 E.01634
G1 X112.824 Y106.201 E.01634
G1 X112.354 Y105.795 E.01634
G1 X111.825 Y105.467 E.01634
G1 X111.252 Y105.225 E.01634
G1 X110.648 Y105.077 E.01634
G1 X110.028 Y105.024 E.01634
G1 X109.674 Y105.05 E.00932
G1 X109.408 Y105.07 E.00702
G1 X108.802 Y105.211 E.01634
G1 X108.226 Y105.446 E.01634
G1 X107.694 Y105.768 E.01634
G1 X107.219 Y106.169 E.01634
G1 X106.812 Y106.64 E.01634
G1 X106.484 Y107.168 E.01634
G1 X106.243 Y107.742 E.01634
G1 X106.094 Y108.346 E.01634
G1 X106.049 Y108.888 E.01431
G1 X106.036 Y111.042 E.05657
G1 X106.076 Y111.586 E.01431
G1 X106.218 Y112.191 E.01634
G1 X106.452 Y112.767 E.01634
G1 X106.774 Y113.299 E.01634
G1 X107.176 Y113.775 E.01634
G1 X107.646 Y114.181 E.01634
G1 X108.175 Y114.509 E.01634
G1 X108.748 Y114.751 E.01634
G1 X109.352 Y114.899 E.01634
G1 X109.972 Y114.952 E.01634
G1 X110.027 Y114.948 E.00145
G1 X105.919 Y112.4 F18000
M204 P2000
;TYPE:Sparse infill
G1 F7597.235
G1 X106.134 Y112.927 E.01494
G1 X106.485 Y113.507 E.01781
G1 X106.922 Y114.025 E.01781
G1 X107.435 Y114.469 E.01781
G1 X108.011 Y114.826 E.01781
G1 X108.636 Y115.089 E.01781
G1 X108.776 Y115.124 E.00378
G1 X118.701 Y125.049 E.36871
G1 X118.71 Y123.471 E.04145
G1 X110.508 Y115.269 E.30468
G1 X110.646 Y115.259 E.00363
G1 X111.306 Y115.104 E.01781
G1 X111.75 Y114.924 E.01259
G1 X118.719 Y121.893 E.25889
G1 X118.728 Y120.314 E.04145
G1 X112.729 Y114.316 E.22284
G1 X113.032 Y114.06 E.0104
G1 X113.503 Y113.502 E.01918
G1 X118.737 Y118.736 E.19443
G1 X118.746 Y117.158 E.04145
G1 X114.048 Y112.46 E.17453
G1 X114.095 Y112.346 E.00323
G1 X114.258 Y111.688 E.01781
G1 X114.305 Y111.13 E.01472
G1 X118.755 Y115.58 E.16532
G1 X118.764 Y114.002 E.04145
G1 X114.316 Y109.554 E.16524
G1 X114.319 Y108.922 E.0166
G1 X114.277 Y108.336 E.01541
G1 X114.152 Y107.802 E.01441
G1 X118.773 Y112.424 E.17167
G1 X118.765 Y113.794 E.036
G1 X114.093 Y107.604 F18000
G1 F7597.235
G1 X113.866 Y107.049 E.01575
G1 X113.515 Y106.469 E.01781
G1 X113.078 Y105.951 E.01781
G1 X112.565 Y105.507 E.01781
G1 X111.989 Y105.15 E.01781
G1 X111.364 Y104.887 E.01781
G1 X111.194 Y104.845 E.0046
G1 X101.299 Y94.95 E.36759
G1 X101.29 Y96.528 E.04145
G1 X109.471 Y104.709 E.30389
G1 X109.354 Y104.717 E.00306
G1 X108.694 Y104.872 E.01781
G1 X108.234 Y105.059 E.01305
G1 X101.281 Y98.106 E.25829
G1 X101.272 Y99.684 E.04145
G1 X107.258 Y105.671 E.22239
G1 X106.968 Y105.916 E.00998
G1 X106.488 Y106.488 E.01961
G1 X101.263 Y101.262 E.19411
G1 X101.254 Y102.84 E.04145
G1 X105.945 Y107.532 E.17428
G1 X105.905 Y107.629 E.00278
G1 X105.742 Y108.288 E.01781
G1 X105.694 Y108.867 E.01528
G1 X101.245 Y104.419 E.16526
G1 X101.236 Y105.997 E.04145
G1 X105.684 Y110.445 E.16524
G1 X105.681 Y111.054 E.016
G1 X105.723 Y111.639 E.01541
G1 X105.855 Y112.203 E.01521
G1 X101.227 Y107.575 E.17194
G1 X101.218 Y109.153 E.04145
G1 X118.692 Y126.627 E.64913
G1 X118.683 Y128.205 E.04145
G1 X101.209 Y110.731 E.64913
G1 X101.2 Y112.309 E.04145
G1 X118.674 Y129.783 E.64913
G1 X118.665 Y131.362 E.04145
G1 X114.248 Y126.945 E.16407
G1 X114.199 Y126.824 E.00343
G1 X113.807 Y126.177 E.01987
G1 X113.319 Y125.598 E.01987
G1 X112.747 Y125.104 E.01987
G1 X112.104 Y124.705 E.01987
G1 X111.939 Y124.636 E.00471
G1 X101.191 Y113.887 E.39927
G1 X101.182 Y115.466 E.04145
G1 X109.886 Y124.17 E.32334
G1 X109.165 Y124.222 E.019
G1 X108.708 Y124.329 E.01231
G1 X114.523 Y127.69 F18000
G1 F7597.235
G1 X114.657 Y128.261 E.01539
G1 X114.705 Y128.989 E.01916
G1 X118.656 Y132.94 E.14677
G1 X118.647 Y134.518 E.04145
G1 X114.696 Y130.567 E.14677
G1 X114.704 Y129.196 E.036
G1 X118.63 Y137.466 F18000
G1 F7597.235
G1 X118.638 Y136.096 E.036
G1 X114.572 Y132.03 E.15103
G1 X114.456 Y132.503 E.01279
G1 X114.16 Y133.205 E.02001
G1 X118.629 Y137.674 E.16602
G1 X118.62 Y139.252 E.04145
G1 X113.507 Y134.14 E.18992
G1 X113.269 Y134.416 E.00958
G1 X112.687 Y134.906 E.02
G1 X117.599 Y139.819 E.18249
G1 X116.003 Y139.81 E.04193
G1 X111.649 Y135.456 E.16173
G1 X111.343 Y135.58 E.00867
G1 X110.607 Y135.753 E.01987
G1 X110.376 Y135.77 E.00609
G1 X114.406 Y139.8 E.14973
G1 X115.795 Y139.808 E.03647
G1 X108.229 Y139.765 F18000
G1 F7597.235
G1 X109.618 Y139.773 E.03647
G1 X101.092 Y131.247 E.31672
G1 X101.083 Y132.825 E.04145
G1 X108.021 Y139.764 E.25776
G1 X106.425 Y139.755 E.04193
G1 X101.074 Y134.403 E.1988
G1 X101.065 Y135.982 E.04145
G1 X104.829 Y139.746 E.13983
G1 X103.233 Y139.737 E.04193
G1 X101.056 Y137.56 E.08087
G1 X101.047 Y139.138 E.04145
G1 X101.636 Y139.727 E.0219
G1 X103.025 Y139.735 E.03647
G1 X105.279 Y132.415 F18000
G1 F7597.235
G1 X105.573 Y133.151 E.02083
G1 X105.964 Y133.799 E.01987
G1 X106.452 Y134.377 E.01987
G1 X107.025 Y134.871 E.01986
G1 X107.667 Y135.27 E.01987
G1 X108.364 Y135.563 E.01987
G1 X108.654 Y135.635 E.00782
G1 X112.81 Y139.791 E.15441
G1 X111.214 Y139.782 E.04193
G1 X101.101 Y129.669 E.37569
G1 X101.11 Y128.091 E.04145
G1 X105.231 Y132.212 E.15311
G1 X105.115 Y131.715 E.01343
G1 X105.066 Y131.051 E.01748
G1 X105.07 Y130.464 E.01543
G1 X101.119 Y126.513 E.14677
G1 X101.128 Y124.934 E.04145
G1 X105.079 Y128.886 E.14677
G1 X105.135 Y128.206 E.0179
G1 X105.303 Y127.523 E.01849
G1 X101.137 Y123.356 E.15477
G1 X101.146 Y121.778 E.04145
G1 X105.813 Y126.446 E.17339
G1 X106.008 Y126.132 E.0097
G1 X106.509 Y125.554 E.02009
G1 X101.155 Y120.2 E.1989
G1 X101.164 Y118.622 E.04145
G1 X107.413 Y124.871 E.23213
G1 X107.728 Y124.68 E.00967
G1 X108.506 Y124.377 E.02194
G1 X101.173 Y117.044 E.2724
G1 X101.181 Y115.673 E.036
G1 X118.9 Y90.122 F18000
G1 F7597.235
G1 X118.908 Y88.752 E.036
G1 X110.359 Y80.203 E.31757
G1 X108.763 Y80.194 E.04193
G1 X118.899 Y90.33 E.37653
G1 X118.89 Y91.908 E.04145
G1 X107.167 Y80.185 E.4355
G1 X105.571 Y80.175 E.04193
G1 X110.602 Y85.207 E.18691
G1 X110.142 Y85.168 E.01213
G1 X109.683 Y85.202 E.01208
G1 X109.117 Y85.309 E.01514
G1 X104.031 Y80.223 E.18895
G1 X103.233 Y81.012 E.02948
G1 X108.025 Y85.804 E.17804
G1 X107.892 Y85.885 E.00408
G1 X107.434 Y86.271 E.01575
G1 X107.189 Y86.555 E.00985
G1 X102.434 Y81.801 E.17662
G1 X101.636 Y82.59 E.02948
G1 X106.594 Y87.548 E.18417
G1 X106.493 Y87.787 E.00682
G1 X106.35 Y88.369 E.01574
G1 X106.309 Y88.85 E.01268
G1 X101.362 Y83.903 E.18379
G1 X101.354 Y85.273 E.036
G1 X101.343 Y87.267 F18000
G1 F7597.235
G1 X101.335 Y88.637 E.036
G1 X118.809 Y106.111 E.64913
G1 X118.8 Y107.689 E.04145
G1 X101.326 Y90.215 E.64913
G1 X101.317 Y91.793 E.04145
G1 X118.791 Y109.267 E.64913
G1 X118.782 Y110.846 E.04145
G1 X101.308 Y93.372 E.64913
G1 X101.3 Y94.742 E.036
G1 X106.436 Y92.008 F18000
G1 F7597.235
G1 X106.332 Y91.564 E.01198
G1 X106.295 Y91.057 E.01336
G1 X106.298 Y90.426 E.01658
G1 X101.353 Y85.481 E.18371
G1 X101.344 Y87.059 E.04145
G1 X106.493 Y92.208 E.19127
G1 X106.695 Y92.703 E.01405
G1 X107.005 Y93.216 E.01575
G1 X107.392 Y93.674 E.01575
G1 X107.846 Y94.066 E.01575
G1 X108.355 Y94.382 E.01574
G1 X108.895 Y94.61 E.01539
G1 X118.818 Y104.533 E.36864
G1 X118.827 Y102.955 E.04145
G1 X110.64 Y94.768 E.30412
G1 X111.268 Y94.628 E.0169
G1 X111.847 Y94.388 E.01647
G1 X118.836 Y101.377 E.25963
G1 X118.845 Y99.799 E.04145
G1 X112.771 Y93.725 E.22563
G1 X113.186 Y93.251 E.01654
G1 X113.454 Y92.82 E.01333
G1 X118.854 Y98.22 E.2006
G1 X118.863 Y96.642 E.04145
G1 X113.868 Y91.648 E.18554
G1 X113.921 Y91.101 E.01443
G1 X113.927 Y90.119 E.0258
G1 X118.872 Y95.064 E.18371
G1 X118.881 Y93.486 E.04145
G1 X113.904 Y88.508 E.18491
G1 X113.897 Y88.412 E.00254
G1 X113.76 Y87.829 E.01574
G1 X113.534 Y87.273 E.01575
G1 X113.223 Y86.76 E.01575
G1 X112.958 Y86.446 E.01082
G1 X113.344 Y80.22 F18000
G1 F7597.235
G1 X111.956 Y80.212 E.03647
G1 X118.917 Y87.173 E.25861
G1 X118.926 Y85.595 E.04145
G1 X113.552 Y80.221 E.19964
G1 X115.148 Y80.23 E.04193
G1 X118.935 Y84.017 E.14068
G1 X118.944 Y82.439 E.04145
G1 X116.744 Y80.239 E.08172
G1 X118.341 Y80.248 E.04193
G1 X118.953 Y80.861 E.02275
G1 X118.945 Y82.231 E.036
; stop printing object pigtail_slot_coupon.stl id:2099807082496 copy 0
;LAYER_CHANGE
;Z:1.68
;HEIGHT:0.16
G92 E0 ; zero the extruded length again
; BEFORE_LAYER_CHANGE 9 @ 1.68mm
G1 E-1.75 F6000
;WIPE_START
G1 F7597.235
G1 X118.951 Y81.231 E-.75
;WIPE_END
; AFTER_LAYER_CHANGE 9 @ 1.68mm
;_SET_FAN_SPEED_CHANGING_LAYER
; printing object pigtail_slot_coupon.stl id:2099807082496 copy 0
G1 F18000
G1 X118.732 Y81.7115 Z1.70857
G1 X118.22 Y81.8397 Z1.73714
G1 X117.8 Y81.5191 Z1.76571
G1 X117.789 Y80.9912 Z1.79429
G1 X118.195 Y80.6535 Z1.82286
G1 X118.712 Y80.7603 Z1.85143
G1 X118.951 Y81.2312 Z1.88
G1 X120.197 Y141.423 Z1.88
G1 X120.197 Y141.423
G1 X120.608 Y141.839
G1 Z1.68
G1 E2.5 F6000
M204 P1000
;TYPE:Outer wall
;WIDTH:0.42
G1 F3600
G1 X99.029 Y141.716 E.52594
G1 X99.37 Y82.014 E1.45507
G1 X103.269 Y78.159 E.13363
G1 X113.981 Y78.22 E.26109
G1 X120.971 Y78.26 E.17036
G1 X120.609 Y141.779 E1.54809
G1 X120.197 Y141.423 F18000
G1 X120.21 Y141.436
M204 P1500
;TYPE:Inner wall
;WIDTH:0.45
G1 F6000
G1 X99.432 Y141.317 E.54581
G1 X99.769 Y82.182 E1.55337
G1 X103.432 Y78.561 E.1353
G1 X113.979 Y78.621 E.27705
G1 X120.568 Y78.658 E.17309
G1 X120.21 Y141.376 E1.64747
G1 X119.797 Y141.018 F18000
G1 F6000
G1 X99.85 Y140.904 E.52397
G1 X100.184 Y82.357 E1.53793
G1 X103.602 Y78.977 E.12626
G1 X113.977 Y79.036 E.27252
G1 X120.15 Y79.072 E.16217
G1 X119.797 Y140.958 E1.62563
G1 X119.383 Y140.6 F18000
G1 F6000
G1 X100.268 Y140.491 E.50213
G1 X100.599 Y82.531 E1.52249
G1 X103.772 Y79.394 E.11721
G1 X113.974 Y79.452 E.268
G1 X119.732 Y79.485 E.15125
G1 X119.384 Y140.54 E1.60379
G1 X118.97 Y140.182 F18000
G1 F6000
G1 X100.686 Y140.078 E.48029
G1 X101.013 Y82.706 E1.50705
G1 X103.942 Y79.811 E.10817
G1 X113.972 Y79.868 E.26348
G1 X119.314 Y79.898 E.14033
G1 X118.97 Y140.122 E1.58196
G1 E-1.75
;WIPE_START
G1 X117.97 Y140.12 E-.75
;WIPE_END
G1 X114.882 Y137.878 Z1.88 F18000
G1 X109.829 Y134.211 Z1.88
G1 X109.864 Y133.799
G1 Z1.68
G1 E2.5 F6000
M204 P1000
;TYPE:Outer wall
;WIDTH:0.42
G1 F3600
G1 X110.304 Y133.766 E.01075
G1 X110.733 Y133.666 E.01075
G1 X111.142 Y133.499 E.01075
G1 X111.519 Y133.271 E.01075
G1 X111.856 Y132.987 E.01075
G1 X112.145 Y132.653 E.01075
G1 X112.377 Y132.278 E.01075
G1 X112.548 Y131.871 E.01075
G1 X112.654 Y131.443 E.01075
G1 X112.69 Y131.016 E.01045
G1 X112.702 Y128.992 E.04934
G1 X112.67 Y128.564 E.01045
G1 X112.57 Y128.134 E.01075
G1 X112.403 Y127.726 E.01075
G1 X112.175 Y127.348 E.01075
G1 X111.89 Y127.011 E.01075
G1 X111.557 Y126.723 E.01075
G1 X111.182 Y126.49 E.01075
G1 X110.775 Y126.319 E.01075
G1 X110.347 Y126.214 E.01075
G1 X109.908 Y126.177 E.01075
G1 X109.648 Y126.196 E.00633
G1 X109.468 Y126.209 E.00442
G1 X109.038 Y126.309 E.01075
G1 X108.63 Y126.476 E.01075
G1 X108.252 Y126.704 E.01075
G1 X107.915 Y126.989 E.01075
G1 X107.627 Y127.322 E.01075
G1 X107.394 Y127.697 E.01075
G1 X107.223 Y128.104 E.01075
G1 X107.118 Y128.532 E.01075
G1 X107.082 Y128.959 E.01045
G1 X107.07 Y130.984 E.04934
G1 X107.101 Y131.412 E.01045
G1 X107.202 Y131.841 E.01075
G1 X107.368 Y132.249 E.01075
G1 X107.597 Y132.627 E.01075
G1 X107.881 Y132.964 E.01075
G1 X108.215 Y133.252 E.01075
G1 X108.59 Y133.485 E.01075
G1 X108.996 Y133.656 E.01075
G1 X109.424 Y133.761 E.01075
G1 X109.804 Y133.793 E.00929
G1 X109.769 Y134.206 F18000
G1 X109.862 Y134.213
G1 X109.891 Y134.211
G1 X109.89 Y134.198
M204 P1500
;TYPE:Inner wall
;WIDTH:0.45
G1 F6000
G1 X110.365 Y134.164 E.01251
G1 X110.855 Y134.049 E.01324
G1 X111.322 Y133.859 E.01324
G1 X111.754 Y133.598 E.01324
G1 X112.139 Y133.272 E.01324
G1 X112.468 Y132.891 E.01324
G1 X112.734 Y132.463 E.01324
G1 X112.93 Y131.998 E.01324
G1 X113.05 Y131.508 E.01324
G1 X113.091 Y131.034 E.01251
G1 X113.102 Y128.978 E.054
G1 X113.068 Y128.503 E.01251
G1 X112.953 Y128.012 E.01324
G1 X112.762 Y127.545 E.01324
G1 X112.501 Y127.114 E.01324
G1 X112.176 Y126.729 E.01324
G1 X111.795 Y126.399 E.01324
G1 X111.366 Y126.133 E.01324
G1 X110.902 Y125.938 E.01324
G1 X110.412 Y125.817 E.01324
G1 X109.91 Y125.775 E.01324
G1 X109.619 Y125.796 E.00765
G1 X109.407 Y125.812 E.00559
G1 X108.916 Y125.926 E.01324
G1 X108.449 Y126.117 E.01324
G1 X108.018 Y126.378 E.01324
G1 X107.633 Y126.703 E.01324
G1 X107.303 Y127.084 E.01324
G1 X107.037 Y127.513 E.01324
G1 X106.842 Y127.977 E.01324
G1 X106.721 Y128.467 E.01324
G1 X106.681 Y128.941 E.01251
G1 X106.669 Y130.997 E.054
G1 X106.704 Y131.472 E.01251
G1 X106.819 Y131.963 E.01324
G1 X107.009 Y132.43 E.01324
G1 X107.27 Y132.861 E.01324
G1 X107.595 Y133.247 E.01324
G1 X107.977 Y133.576 E.01324
G1 X108.405 Y133.842 E.01324
G1 X108.87 Y134.037 E.01324
G1 X109.359 Y134.158 E.01324
G1 X109.83 Y134.198 E.01241
G1 X109.802 Y134.613 F18000
G1 F6000
G1 X109.859 Y134.617 E.0015
G1 X110.427 Y134.576 E.01496
G1 X110.982 Y134.446 E.01496
G1 X111.509 Y134.231 E.01496
G1 X111.997 Y133.936 E.01496
G1 X112.432 Y133.569 E.01496
G1 X112.804 Y133.138 E.01496
G1 X113.105 Y132.654 E.01496
G1 X113.326 Y132.129 E.01496
G1 X113.462 Y131.576 E.01496
G1 X113.506 Y131.053 E.0138
G1 X113.518 Y128.964 E.05486
G1 X113.48 Y128.44 E.0138
G1 X113.35 Y127.886 E.01496
G1 X113.135 Y127.358 E.01496
G1 X112.84 Y126.871 E.01496
G1 X112.473 Y126.436 E.01496
G1 X112.042 Y126.063 E.01496
G1 X111.558 Y125.763 E.01496
G1 X111.033 Y125.542 E.01496
G1 X110.48 Y125.406 E.01496
G1 X109.912 Y125.358 E.01496
G1 X109.589 Y125.381 E.00851
G1 X109.344 Y125.399 E.00645
G1 X108.79 Y125.529 E.01496
G1 X108.262 Y125.744 E.01496
G1 X107.775 Y126.039 E.01496
G1 X107.34 Y126.406 E.01496
G1 X106.967 Y126.837 E.01496
G1 X106.667 Y127.321 E.01496
G1 X106.446 Y127.846 E.01496
G1 X106.31 Y128.399 E.01496
G1 X106.265 Y128.923 E.0138
G1 X106.254 Y131.011 E.05486
G1 X106.292 Y131.535 E.0138
G1 X106.422 Y132.089 E.01496
G1 X106.637 Y132.617 E.01496
G1 X106.931 Y133.104 E.01496
G1 X107.299 Y133.54 E.01496
G1 X107.73 Y133.912 E.01496
G1 X108.214 Y134.212 E.01496
G1 X108.739 Y134.433 E.01496
G1 X109.292 Y134.569 E.01496
G1 X109.743 Y134.608 E.01188
G1 X109.771 Y135.027 F18000
G1 F6000
G1 X109.857 Y135.034 E.00227
G1 X110.49 Y134.988 E.01668
G1 X111.109 Y134.843 E.01668
G1 X111.697 Y134.604 E.01668
G1 X112.24 Y134.275 E.01668
G1 X112.725 Y133.866 E.01668
G1 X113.14 Y133.385 E.01668
G1 X113.475 Y132.845 E.01668
G1 X113.722 Y132.26 E.01668
G1 X113.873 Y131.644 E.01668
G1 X113.922 Y131.071 E.01508
G1 X113.934 Y128.95 E.05572
G1 X113.892 Y128.377 E.01509
G1 X113.747 Y127.759 E.01668
G1 X113.508 Y127.171 E.01668
G1 X113.179 Y126.628 E.01668
G1 X112.769 Y126.142 E.01668
G1 X112.289 Y125.727 E.01668
G1 X111.749 Y125.393 E.01668
G1 X111.164 Y125.146 E.01668
G1 X110.547 Y124.994 E.01668
G1 X109.915 Y124.941 E.01668
G1 X109.559 Y124.967 E.00937
G1 X109.281 Y124.987 E.00731
G1 X108.663 Y125.132 E.01668
G1 X108.075 Y125.372 E.01668
G1 X107.532 Y125.7 E.01668
G1 X107.046 Y126.11 E.01668
G1 X106.631 Y126.59 E.01668
G1 X106.296 Y127.13 E.01668
G1 X106.05 Y127.715 E.01668
G1 X105.898 Y128.332 E.01668
G1 X105.85 Y128.904 E.01508
G1 X105.838 Y131.025 E.05572
G1 X105.88 Y131.598 E.01509
G1 X106.024 Y132.216 E.01668
G1 X106.264 Y132.804 E.01668
G1 X106.593 Y133.348 E.01668
G1 X107.002 Y133.833 E.01668
G1 X107.483 Y134.248 E.01668
G1 X108.022 Y134.583 E.01668
G1 X108.608 Y134.829 E.01668
G1 X109.224 Y134.981 E.01668
G1 X109.711 Y135.022 E.01284
G1 X109.97 Y135.443 F18000
G1 F6000
G1 X110.553 Y135.4 E.01537
G1 X111.235 Y135.241 E.0184
G1 X111.884 Y134.976 E.0184
G1 X112.483 Y134.614 E.0184
G1 X113.018 Y134.162 E.0184
G1 X113.476 Y133.632 E.0184
G1 X113.846 Y133.037 E.0184
G1 X114.117 Y132.391 E.0184
G1 X114.285 Y131.711 E.0184
G1 X114.337 Y131.09 E.01637
G1 X114.35 Y128.936 E.05657
G1 X114.304 Y128.315 E.01637
G1 X114.145 Y127.633 E.01839
G1 X113.88 Y126.984 E.0184
G1 X113.518 Y126.385 E.0184
G1 X113.066 Y125.849 E.0184
G1 X112.536 Y125.391 E.0184
G1 X111.941 Y125.022 E.0184
G1 X111.295 Y124.75 E.0184
G1 X110.615 Y124.583 E.01839
G1 X109.917 Y124.524 E.0184
G1 X109.528 Y124.552 E.01023
G1 X109.218 Y124.575 E.00817
G1 X108.536 Y124.735 E.0184
G1 X107.888 Y124.999 E.0184
G1 X107.289 Y125.362 E.0184
G1 X106.753 Y125.813 E.0184
G1 X106.295 Y126.343 E.0184
G1 X105.926 Y126.939 E.0184
G1 X105.654 Y127.584 E.0184
G1 X105.487 Y128.264 E.0184
G1 X105.434 Y128.885 E.01637
G1 X105.422 Y131.039 E.05657
G1 X105.467 Y131.661 E.01637
G1 X105.627 Y132.343 E.01839
G1 X105.891 Y132.991 E.0184
G1 X106.254 Y133.591 E.0184
G1 X106.706 Y134.126 E.0184
G1 X107.236 Y134.584 E.0184
G1 X107.831 Y134.953 E.0184
G1 X108.477 Y135.225 E.0184
G1 X109.157 Y135.392 E.0184
G1 X109.855 Y135.451 E.0184
G1 X109.91 Y135.447 E.00146
G1 E-1.75
;WIPE_START
G1 X110.553 Y135.4 E-.48385
G1 X110.899 Y135.319 E-.26615
;WIPE_END
G1 X112.479 Y132.899 Z1.88 F18000
G1 X112.746 Y132.469
G1 X112.942 Y132.002
G1 X113.063 Y131.51
G1 X113.103 Y131.034
G1 X113.115 Y128.978
G1 X112.729 Y108.975
G1 X112.7 Y108.577
G1 X112.603 Y108.16
G1 X112.441 Y107.764
G1 X112.22 Y107.398
G1 X111.944 Y107.072
G1 X111.62 Y106.792
G1 X111.257 Y106.566
G1 X110.863 Y106.4
G1 X110.447 Y106.298
G1 X110.352 Y106.29
G1 X110.128 Y93.212
G1 X110.098 Y92.799
G1 Z1.68
G1 E2.5 F6000
M204 P1000
;TYPE:Outer wall
;WIDTH:0.42
G1 F3600
G1 X110.382 Y92.778 E.00693
G1 X110.658 Y92.714 E.00693
G1 X110.921 Y92.606 E.00693
G1 X111.165 Y92.459 E.00692
G1 X111.382 Y92.276 E.00692
G1 X111.568 Y92.061 E.00693
G1 X111.717 Y91.82 E.00693
G1 X111.828 Y91.558 E.00693
G1 X111.896 Y91.282 E.00692
G1 X111.918 Y91.011 E.00663
G1 X111.93 Y88.986 E.04934
G1 X111.91 Y88.715 E.00663
G1 X111.845 Y88.439 E.00692
G1 X111.738 Y88.175 E.00693
G1 X111.591 Y87.932 E.00693
G1 X111.408 Y87.715 E.00693
G1 X111.193 Y87.529 E.00692
G1 X110.951 Y87.379 E.00692
G1 X110.689 Y87.269 E.00693
G1 X110.413 Y87.201 E.00693
G1 X110.13 Y87.177 E.00693
G1 X109.953 Y87.19 E.00432
G1 X109.575 Y87.261 E.00939
G1 X109.307 Y87.37 E.00704
G1 X109.064 Y87.517 E.00692
G1 X108.847 Y87.7 E.00692
G1 X108.661 Y87.915 E.00693
G1 X108.511 Y88.157 E.00693
G1 X108.401 Y88.419 E.00693
G1 X108.333 Y88.695 E.00692
G1 X108.31 Y88.966 E.00663
G1 X108.298 Y90.99 E.04934
G1 X108.318 Y91.261 E.00663
G1 X108.383 Y91.538 E.00692
G1 X108.49 Y91.801 E.00693
G1 X108.637 Y92.044 E.00693
G1 X108.821 Y92.262 E.00693
G1 X109.036 Y92.447 E.00692
G1 X109.277 Y92.597 E.00692
G1 X109.539 Y92.707 E.00693
G1 X109.815 Y92.775 E.00693
G1 X110.038 Y92.794 E.00546
G1 X110.003 Y93.206 F18000
G1 X110.096 Y93.214
G1 X110.125 Y93.212
G1 X110.124 Y93.199
M204 P1500
;TYPE:Inner wall
;WIDTH:0.45
G1 F6000
G1 X110.442 Y93.176 E.00838
G1 X110.78 Y93.097 E.00912
G1 X111.102 Y92.966 E.00912
G1 X111.399 Y92.786 E.00912
G1 X111.664 Y92.562 E.00912
G1 X111.891 Y92.299 E.00912
G1 X112.074 Y92.004 E.00912
G1 X112.209 Y91.684 E.00912
G1 X112.292 Y91.347 E.00912
G1 X112.319 Y91.029 E.00839
G1 X112.331 Y88.973 E.054
G1 X112.307 Y88.655 E.00839
G1 X112.228 Y88.317 E.00912
G1 X112.097 Y87.995 E.00912
G1 X111.918 Y87.698 E.00912
G1 X111.694 Y87.432 E.00912
G1 X111.431 Y87.206 E.00912
G1 X111.136 Y87.022 E.00912
G1 X110.816 Y86.888 E.00912
G1 X110.479 Y86.805 E.00912
G1 X110.133 Y86.775 E.00912
G1 X109.902 Y86.792 E.00608
G1 X109.461 Y86.875 E.01178
G1 X109.127 Y87.011 E.00949
G1 X108.83 Y87.191 E.00912
G1 X108.564 Y87.415 E.00912
G1 X108.337 Y87.677 E.00912
G1 X108.154 Y87.972 E.00912
G1 X108.019 Y88.293 E.00912
G1 X107.936 Y88.63 E.00912
G1 X107.909 Y88.948 E.00839
G1 X107.898 Y91.004 E.054
G1 X107.921 Y91.322 E.00839
G1 X108 Y91.66 E.00912
G1 X108.131 Y91.982 E.00912
G1 X108.311 Y92.279 E.00912
G1 X108.535 Y92.544 E.00912
G1 X108.798 Y92.771 E.00912
G1 X109.093 Y92.954 E.00912
G1 X109.413 Y93.089 E.00912
G1 X109.75 Y93.172 E.00912
G1 X110.064 Y93.198 E.00828
G1 X110.151 Y93.614 F18000
G1 F6000
G1 X110.505 Y93.588 E.00934
G1 X110.907 Y93.494 E.01084
G1 X111.289 Y93.338 E.01084
G1 X111.642 Y93.125 E.01083
G1 X111.957 Y92.859 E.01084
G1 X112.227 Y92.546 E.01084
G1 X112.445 Y92.196 E.01084
G1 X112.605 Y91.815 E.01084
G1 X112.704 Y91.415 E.01084
G1 X112.735 Y91.048 E.00968
G1 X112.746 Y88.959 E.05486
G1 X112.72 Y88.592 E.00968
G1 X112.626 Y88.19 E.01084
G1 X112.47 Y87.808 E.01084
G1 X112.256 Y87.455 E.01084
G1 X111.99 Y87.139 E.01084
G1 X111.678 Y86.87 E.01084
G1 X111.327 Y86.652 E.01084
G1 X110.947 Y86.492 E.01084
G1 X110.546 Y86.393 E.01084
G1 X110.135 Y86.359 E.01084
G1 X109.848 Y86.379 E.00755
G1 X109.343 Y86.474 E.0135
G1 X108.939 Y86.638 E.01146
G1 X108.586 Y86.852 E.01084
G1 X108.271 Y87.118 E.01084
G1 X108.001 Y87.43 E.01084
G1 X107.784 Y87.781 E.01084
G1 X107.624 Y88.161 E.01084
G1 X107.525 Y88.562 E.01084
G1 X107.494 Y88.929 E.00968
G1 X107.482 Y91.018 E.05486
G1 X107.509 Y91.385 E.00968
G1 X107.603 Y91.787 E.01084
G1 X107.759 Y92.169 E.01084
G1 X107.972 Y92.522 E.01084
G1 X108.238 Y92.837 E.01084
G1 X108.551 Y93.107 E.01084
G1 X108.901 Y93.325 E.01084
G1 X109.282 Y93.485 E.01084
G1 X109.682 Y93.583 E.01084
G1 X110.091 Y93.618 E.01077
G1 X110.177 Y94.029 F18000
G1 F6000
G1 X110.568 Y94 E.01029
G1 X111.033 Y93.891 E.01256
G1 X111.476 Y93.711 E.01256
G1 X111.885 Y93.463 E.01255
G1 X112.25 Y93.155 E.01256
G1 X112.563 Y92.793 E.01256
G1 X112.815 Y92.387 E.01256
G1 X113.001 Y91.946 E.01256
G1 X113.115 Y91.482 E.01255
G1 X113.15 Y91.066 E.01097
G1 X113.162 Y88.945 E.05572
G1 X113.132 Y88.529 E.01097
G1 X113.023 Y88.063 E.01255
G1 X112.843 Y87.621 E.01256
G1 X112.595 Y87.212 E.01256
G1 X112.286 Y86.846 E.01256
G1 X111.925 Y86.534 E.01256
G1 X111.519 Y86.282 E.01255
G1 X111.078 Y86.096 E.01256
G1 X110.614 Y85.982 E.01256
G1 X110.137 Y85.942 E.01256
G1 X109.795 Y85.967 E.00902
G1 X109.226 Y86.073 E.01522
G1 X108.752 Y86.266 E.01343
G1 X108.343 Y86.513 E.01255
G1 X107.978 Y86.822 E.01256
G1 X107.665 Y87.183 E.01256
G1 X107.413 Y87.59 E.01256
G1 X107.228 Y88.03 E.01256
G1 X107.113 Y88.494 E.01255
G1 X107.078 Y88.91 E.01097
G1 X107.066 Y91.031 E.05572
G1 X107.097 Y91.448 E.01097
G1 X107.206 Y91.913 E.01255
G1 X107.386 Y92.356 E.01256
G1 X107.633 Y92.765 E.01256
G1 X107.942 Y93.13 E.01256
G1 X108.304 Y93.443 E.01256
G1 X108.71 Y93.695 E.01255
G1 X109.151 Y93.881 E.01256
G1 X109.615 Y93.995 E.01256
G1 X110.091 Y94.035 E.01256
G1 X110.117 Y94.033 E.00069
G1 X110.204 Y94.444 F18000
G1 F6000
G1 X110.631 Y94.412 E.01124
G1 X111.16 Y94.289 E.01427
G1 X111.663 Y94.083 E.01428
G1 X112.128 Y93.802 E.01427
G1 X112.544 Y93.452 E.01428
G1 X112.899 Y93.04 E.01428
G1 X113.186 Y92.578 E.01428
G1 X113.397 Y92.077 E.01428
G1 X113.526 Y91.55 E.01427
G1 X113.566 Y91.085 E.01225
G1 X113.578 Y88.931 E.05657
G1 X113.544 Y88.466 E.01225
G1 X113.42 Y87.937 E.01427
G1 X113.215 Y87.434 E.01428
G1 X112.934 Y86.968 E.01428
G1 X112.583 Y86.553 E.01428
G1 X112.172 Y86.198 E.01428
G1 X111.71 Y85.911 E.01427
G1 X111.209 Y85.7 E.01428
G1 X110.681 Y85.57 E.01428
G1 X110.14 Y85.525 E.01428
G1 X109.742 Y85.554 E.01049
G1 X109.108 Y85.672 E.01694
G1 X108.565 Y85.893 E.0154
G1 X108.1 Y86.174 E.01427
G1 X107.685 Y86.525 E.01428
G1 X107.329 Y86.936 E.01428
G1 X107.043 Y87.398 E.01428
G1 X106.832 Y87.899 E.01428
G1 X106.702 Y88.427 E.01427
G1 X106.663 Y88.892 E.01225
G1 X106.65 Y91.045 E.05657
G1 X106.684 Y91.511 E.01225
G1 X106.808 Y92.04 E.01427
G1 X107.013 Y92.543 E.01428
G1 X107.295 Y93.008 E.01428
G1 X107.645 Y93.424 E.01428
G1 X108.057 Y93.779 E.01428
G1 X108.518 Y94.065 E.01427
G1 X109.019 Y94.276 E.01428
G1 X109.547 Y94.406 E.01428
G1 X110.089 Y94.452 E.01428
G1 X110.144 Y94.448 E.00145
G1 E-1.75
;WIPE_START
G1 X110.631 Y94.412 E-.36606
G1 X111.129 Y94.296 E-.38394
;WIPE_END
G1 X111.547 Y98.089 Z1.88 F18000
G1 X112.7 Y108.577 Z1.88
G1 X112.729 Y108.975
G1 X112.718 Y111.032
G1 X112.684 Y111.43
G1 X112.582 Y111.845
G1 X112.416 Y112.239
G1 X112.19 Y112.603
G1 X111.911 Y112.926
G1 X111.584 Y113.202
G1 X111.218 Y113.424
G1 X110.822 Y113.585
G1 X110.405 Y113.683
G1 X110.011 Y113.711
G1 X109.981 Y113.299
G1 Z1.68
G1 E2.5 F6000
M204 P1000
;TYPE:Outer wall
;WIDTH:0.42
G1 F3600
G1 X110.343 Y113.272 E.00884
G1 X110.696 Y113.19 E.00884
G1 X111.032 Y113.053 E.00884
G1 X111.214 Y112.943 E.00518
G1 X111.342 Y112.865 E.00365
G1 X111.619 Y112.631 E.00884
G1 X111.856 Y112.357 E.00884
G1 X112.047 Y112.049 E.00884
G1 X112.188 Y111.715 E.00884
G1 X112.275 Y111.362 E.00884
G1 X112.304 Y111.013 E.00854
G1 X112.316 Y108.989 E.04934
G1 X112.29 Y108.64 E.00854
G1 X112.208 Y108.286 E.00884
G1 X112.071 Y107.951 E.00884
G1 X111.883 Y107.64 E.00884
G1 X111.649 Y107.363 E.00884
G1 X111.375 Y107.126 E.00884
G1 X111.067 Y106.935 E.00884
G1 X110.732 Y106.794 E.00884
G1 X110.38 Y106.708 E.00884
G1 X110.019 Y106.677 E.00884
G1 X109.807 Y106.693 E.00518
G1 X109.657 Y106.703 E.00365
G1 X109.304 Y106.786 E.00884
G1 X108.968 Y106.923 E.00884
G1 X108.658 Y107.111 E.00884
G1 X108.381 Y107.345 E.00884
G1 X108.144 Y107.619 E.00884
G1 X107.953 Y107.927 E.00884
G1 X107.812 Y108.261 E.00884
G1 X107.725 Y108.613 E.00884
G1 X107.696 Y108.963 E.00854
G1 X107.684 Y110.987 E.04934
G1 X107.71 Y111.336 E.00854
G1 X107.792 Y111.69 E.00884
G1 X107.929 Y112.025 E.00884
G1 X108.117 Y112.336 E.00884
G1 X108.351 Y112.613 E.00884
G1 X108.625 Y112.85 E.00884
G1 X108.933 Y113.041 E.00884
G1 X109.268 Y113.182 E.00884
G1 X109.62 Y113.268 E.00884
G1 X109.921 Y113.294 E.00738
G1 X109.886 Y113.706 F18000
G1 X109.979 Y113.714
G1 X110.008 Y113.712
G1 X110.007 Y113.699
M204 P1500
;TYPE:Inner wall
;WIDTH:0.45
G1 F6000
G1 X110.403 Y113.67 E.01044
G1 X110.818 Y113.573 E.01118
G1 X111.212 Y113.412 E.01118
G1 X111.421 Y113.286 E.00642
G1 X111.576 Y113.192 E.00477
G1 X111.902 Y112.917 E.01118
G1 X112.18 Y112.595 E.01118
G1 X112.404 Y112.233 E.01118
G1 X112.57 Y111.841 E.01118
G1 X112.671 Y111.428 E.01118
G1 X112.705 Y111.031 E.01045
G1 X112.716 Y108.976 E.054
G1 X112.688 Y108.579 E.01045
G1 X112.591 Y108.164 E.01118
G1 X112.43 Y107.77 E.01118
G1 X112.21 Y107.406 E.01118
G1 X111.935 Y107.081 E.01118
G1 X111.613 Y106.802 E.01118
G1 X111.251 Y106.578 E.01118
G1 X110.859 Y106.413 E.01118
G1 X110.445 Y106.311 E.01118
G1 X110.021 Y106.275 E.01118
G1 X109.778 Y106.293 E.00642
G1 X109.597 Y106.306 E.00477
G1 X109.182 Y106.403 E.01118
G1 X108.788 Y106.564 E.01118
G1 X108.424 Y106.784 E.01118
G1 X108.098 Y107.059 E.01118
G1 X107.82 Y107.381 E.01118
G1 X107.596 Y107.743 E.01118
G1 X107.43 Y108.135 E.01118
G1 X107.329 Y108.548 E.01118
G1 X107.295 Y108.945 E.01045
G1 X107.284 Y111 E.054
G1 X107.312 Y111.397 E.01045
G1 X107.409 Y111.812 E.01118
G1 X107.57 Y112.206 E.01118
G1 X107.79 Y112.57 E.01118
G1 X108.065 Y112.895 E.01118
G1 X108.387 Y113.174 E.01118
G1 X108.749 Y113.398 E.01118
G1 X109.141 Y113.563 E.01118
G1 X109.555 Y113.665 E.01118
G1 X109.947 Y113.698 E.01034
G1 X110.033 Y114.114 F18000
G1 F6000
G1 X110.466 Y114.082 E.0114
G1 X110.944 Y113.97 E.0129
G1 X111.399 Y113.785 E.0129
G1 X111.819 Y113.53 E.0129
G1 X112.195 Y113.214 E.0129
G1 X112.516 Y112.842 E.0129
G1 X112.775 Y112.425 E.0129
G1 X112.965 Y111.972 E.0129
G1 X113.083 Y111.495 E.0129
G1 X113.12 Y111.05 E.01173
G1 X113.132 Y108.962 E.05486
G1 X113.1 Y108.516 E.01174
G1 X112.988 Y108.038 E.0129
G1 X112.802 Y107.583 E.0129
G1 X112.548 Y107.163 E.0129
G1 X112.231 Y106.788 E.0129
G1 X111.86 Y106.466 E.0129
G1 X111.443 Y106.207 E.0129
G1 X110.99 Y106.017 E.0129
G1 X110.513 Y105.9 E.0129
G1 X110.024 Y105.858 E.0129
G1 X109.747 Y105.878 E.00727
G1 X109.534 Y105.894 E.00563
G1 X109.056 Y106.006 E.0129
G1 X108.601 Y106.191 E.0129
G1 X108.181 Y106.445 E.0129
G1 X107.805 Y106.762 E.0129
G1 X107.484 Y107.134 E.0129
G1 X107.225 Y107.551 E.0129
G1 X107.035 Y108.004 E.0129
G1 X106.917 Y108.481 E.0129
G1 X106.88 Y108.926 E.01173
G1 X106.868 Y111.014 E.05486
G1 X106.9 Y111.46 E.01174
G1 X107.012 Y111.938 E.0129
G1 X107.198 Y112.393 E.0129
G1 X107.452 Y112.813 E.0129
G1 X107.769 Y113.188 E.0129
G1 X108.14 Y113.509 E.0129
G1 X108.557 Y113.768 E.0129
G1 X109.01 Y113.959 E.0129
G1 X109.487 Y114.076 E.0129
G1 X109.974 Y114.117 E.01282
G1 X110.06 Y114.528 F18000
G1 F6000
G1 X110.529 Y114.494 E.01236
G1 X111.071 Y114.367 E.01462
G1 X111.586 Y114.157 E.01462
G1 X112.063 Y113.869 E.01462
G1 X112.488 Y113.51 E.01462
G1 X112.852 Y113.089 E.01462
G1 X113.145 Y112.616 E.01462
G1 X113.361 Y112.103 E.01462
G1 X113.494 Y111.563 E.01462
G1 X113.536 Y111.069 E.01302
G1 X113.548 Y108.948 E.05572
G1 X113.512 Y108.453 E.01302
G1 X113.385 Y107.911 E.01462
G1 X113.175 Y107.396 E.01462
G1 X112.887 Y106.92 E.01462
G1 X112.528 Y106.494 E.01462
G1 X112.107 Y106.131 E.01462
G1 X111.634 Y105.837 E.01462
G1 X111.121 Y105.621 E.01462
G1 X110.581 Y105.488 E.01462
G1 X110.026 Y105.441 E.01462
G1 X109.717 Y105.464 E.00813
G1 X109.471 Y105.482 E.00649
G1 X108.929 Y105.609 E.01462
G1 X108.414 Y105.819 E.01462
G1 X107.937 Y106.107 E.01462
G1 X107.512 Y106.466 E.01462
G1 X107.148 Y106.887 E.01462
G1 X106.855 Y107.36 E.01462
G1 X106.639 Y107.873 E.01462
G1 X106.506 Y108.413 E.01462
G1 X106.464 Y108.907 E.01302
G1 X106.452 Y111.028 E.05572
G1 X106.488 Y111.523 E.01302
G1 X106.615 Y112.065 E.01462
G1 X106.825 Y112.58 E.01462
G1 X107.113 Y113.056 E.01462
G1 X107.472 Y113.482 E.01462
G1 X107.893 Y113.845 E.01462
G1 X108.366 Y114.139 E.01462
G1 X108.879 Y114.355 E.01462
G1 X109.419 Y114.488 E.01462
G1 X109.974 Y114.535 E.01462
G1 X110 Y114.533 E.00069
G1 X110.087 Y114.943 F18000
G1 F6000
G1 X110.592 Y114.906 E.01331
G1 X111.198 Y114.765 E.01634
G1 X111.774 Y114.53 E.01634
G1 X112.306 Y114.208 E.01634
G1 X112.781 Y113.807 E.01634
G1 X113.188 Y113.336 E.01634
G1 X113.516 Y112.808 E.01634
G1 X113.757 Y112.234 E.01634
G1 X113.906 Y111.63 E.01634
G1 X113.951 Y111.087 E.01431
G1 X113.964 Y108.934 E.05657
G1 X113.924 Y108.39 E.01431
G1 X113.782 Y107.785 E.01634
G1 X113.548 Y107.209 E.01634
G1 X113.226 Y106.677 E.01634
G1 X112.824 Y106.201 E.01634
G1 X112.354 Y105.795 E.01634
G1 X111.825 Y105.467 E.01634
G1 X111.252 Y105.225 E.01634
G1 X110.648 Y105.077 E.01634
G1 X110.028 Y105.024 E.01634
G1 X109.687 Y105.049 E.00899
G1 X109.408 Y105.07 E.00735
G1 X108.802 Y105.211 E.01634
G1 X108.226 Y105.446 E.01634
G1 X107.694 Y105.768 E.01634
G1 X107.219 Y106.169 E.01634
G1 X106.812 Y106.64 E.01634
G1 X106.484 Y107.168 E.01634
G1 X106.243 Y107.742 E.01634
G1 X106.094 Y108.346 E.01634
G1 X106.049 Y108.888 E.01431
G1 X106.036 Y111.042 E.05657
G1 X106.076 Y111.586 E.01431
G1 X106.218 Y112.191 E.01634
G1 X106.452 Y112.767 E.01634
G1 X106.774 Y113.299 E.01634
G1 X107.176 Y113.775 E.01634
G1 X107.646 Y114.181 E.01634
G1 X108.175 Y114.509 E.01634
G1 X108.748 Y114.751 E.01634
G1 X109.352 Y114.899 E.01634
G1 X109.972 Y114.952 E.01634
G1 X110.027 Y114.948 E.00145
G1 X105.919 Y112.401 F18000
M204 P2000
;TYPE:Sparse infill
G1 F7597.235
G1 X106.134 Y112.927 E.01494
G1 X106.485 Y113.507 E.01781
G1 X106.922 Y114.025 E.01781
G1 X107.435 Y114.469 E.01781
G1 X108.011 Y114.826 E.01781
G1 X108.636 Y115.089 E.01781
G1 X108.776 Y115.124 E.00378
G1 X118.701 Y125.049 E.36871
G1 X118.71 Y123.471 E.04145
G1 X110.508 Y115.269 E.30468
G1 X110.646 Y115.259 E.00363
G1 X111.306 Y115.104 E.01781
G1 X111.75 Y114.923 E.01259
G1 X118.719 Y121.893 E.25889
G1 X118.728 Y120.314 E.04145
G1 X112.729 Y114.316 E.22284
G1 X113.032 Y114.06 E.0104
G1 X113.503 Y113.502 E.01918
G1 X118.737 Y118.736 E.19443
G1 X118.746 Y117.158 E.04145
G1 X114.048 Y112.46 E.17453
G1 X114.095 Y112.346 E.00323
G1 X114.258 Y111.688 E.01781
G1 X114.305 Y111.13 E.01472
G1 X118.755 Y115.58 E.16532
G1 X118.764 Y114.002 E.04145
G1 X114.316 Y109.554 E.16524
G1 X114.319 Y108.922 E.0166
G1 X114.277 Y108.337 E.01541
G1 X114.152 Y107.802 E.01441
G1 X118.773 Y112.424 E.17167
G1 X118.765 Y113.794 E.036
G1 X114.093 Y107.604 F18000
G1 F7597.235
G1 X113.866 Y107.049 E.01575
G1 X113.515 Y106.469 E.01781
G1 X113.078 Y105.951 E.01781
G1 X112.565 Y105.507 E.01781
G1 X111.989 Y105.15 E.01781
G1 X111.364 Y104.887 E.01781
G1 X111.194 Y104.845 E.0046
G1 X101.299 Y94.95 E.36759
G1 X101.29 Y96.528 E.04145
G1 X109.471 Y104.709 E.30389
G1 X109.354 Y104.717 E.00306
G1 X108.694 Y104.872 E.01781
G1 X108.234 Y105.059 E.01305
G1 X101.281 Y98.106 E.25829
G1 X101.272 Y99.684 E.04145
G1 X107.258 Y105.671 E.22239
G1 X106.968 Y105.916 E.00998
G1 X106.488 Y106.488 E.01961
G1 X101.263 Y101.262 E.19411
G1 X101.254 Y102.84 E.04145
G1 X105.945 Y107.532 E.17428
G1 X105.905 Y107.629 E.00278
G1 X105.742 Y108.288 E.01781
G1 X105.694 Y108.867 E.01528
G1 X101.245 Y104.419 E.16526
G1 X101.236 Y105.997 E.04145
G1 X105.684 Y110.445 E.16524
G1 X105.681 Y111.054 E.016
G1 X105.723 Y111.639 E.01541
G1 X105.855 Y112.203 E.01521
G1 X101.227 Y107.575 E.17194
G1 X101.218 Y109.153 E.04145
G1 X118.692 Y126.627 E.64913
G1 X118.683 Y128.205 E.04145
G1 X101.209 Y110.731 E.64913
G1 X101.2 Y112.309 E.04145
G1 X118.674 Y129.783 E.64913
G1 X118.665 Y131.362 E.04145
G1 X114.248 Y126.945 E.16407
G1 X114.199 Y126.824 E.00343
G1 X113.807 Y126.177 E.01987
G1 X113.319 Y125.598 E.01987
G1 X112.747 Y125.104 E.01986
G1 X112.104 Y124.705 E.01987
G1 X111.939 Y124.636 E.00471
G1 X101.191 Y113.887 E.39927
G1 X101.182 Y115.466 E.04145
G1 X109.886 Y124.17 E.32334
G1 X109.165 Y124.222 E.019
G1 X108.708 Y124.329 E.01231
G1 X114.523 Y127.69 F18000
G1 F7597.235
G1 X114.657 Y128.261 E.01539
G1 X114.705 Y128.989 E.01916
G1 X118.656 Y132.94 E.14677
G1 X118.647 Y134.518 E.04145
G1 X114.696 Y130.567 E.14677
G1 X114.704 Y129.196 E.036
G1 X118.63 Y137.466 F18000
G1 F7597.235
G1 X118.638 Y136.096 E.036
G1 X114.572 Y132.03 E.15103
G1 X114.456 Y132.503 E.01279
G1 X114.16 Y133.205 E.02001
G1 X118.629 Y137.674 E.16602
G1 X118.62 Y139.252 E.04145
G1 X113.507 Y134.14 E.18992
G1 X113.269 Y134.416 E.00958
G1 X112.687 Y134.906 E.02
G1 X117.599 Y139.819 E.18249
G1 X116.003 Y139.81 E.04193
G1 X111.649 Y135.456 E.16173
G1 X111.343 Y135.58 E.00867
G1 X110.607 Y135.753 E.01987
G1 X110.376 Y135.77 E.00609
G1 X114.406 Y139.8 E.14973
G1 X113.018 Y139.792 E.03647
G1 X108.229 Y139.765 F18000
G1 F7597.235
G1 X109.618 Y139.773 E.03647
G1 X101.092 Y131.247 E.31672
G1 X101.083 Y132.825 E.04145
G1 X108.021 Y139.764 E.25776
G1 X106.425 Y139.755 E.04193
G1 X101.074 Y134.403 E.1988
G1 X101.065 Y135.982 E.04145
G1 X104.829 Y139.746 E.13983
G1 X103.233 Y139.737 E.04193
G1 X101.056 Y137.56 E.08087
G1 X101.047 Y139.138 E.04145
G1 X101.636 Y139.727 E.0219
G1 X103.025 Y139.735 E.03647
G1 X105.279 Y132.415 F18000
G1 F7597.235
G1 X105.573 Y133.151 E.02083
G1 X105.964 Y133.799 E.01987
G1 X106.452 Y134.377 E.01987
G1 X107.025 Y134.871 E.01986
G1 X107.667 Y135.27 E.01987
G1 X108.364 Y135.563 E.01987
G1 X108.654 Y135.635 E.00782
G1 X112.81 Y139.791 E.15441
G1 X111.214 Y139.782 E.04193
G1 X101.101 Y129.669 E.37569
G1 X101.11 Y128.091 E.04145
G1 X105.231 Y132.212 E.15311
G1 X105.115 Y131.715 E.01343
G1 X105.066 Y131.051 E.01748
G1 X105.07 Y130.464 E.01543
G1 X101.119 Y126.513 E.14677
G1 X101.128 Y124.934 E.04145
G1 X105.079 Y128.886 E.14677
G1 X105.135 Y128.206 E.0179
G1 X105.303 Y127.523 E.01849
G1 X101.137 Y123.356 E.15477
G1 X101.146 Y121.778 E.04145
G1 X105.813 Y126.446 E.17339
G1 X106.008 Y126.132 E.0097
G1 X106.509 Y125.554 E.02009
G1 X101.155 Y120.2 E.1989
G1 X101.164 Y118.622 E.04145
G1 X107.413 Y124.871 E.23213
G1 X107.728 Y124.68 E.00967
G1 X108.506 Y124.377 E.02194
G1 X101.173 Y117.044 E.2724
G1 X101.181 Y115.673 E.036
G1 X118.9 Y90.122 F18000
G1 F7597.235
G1 X118.908 Y88.752 E.036
G1 X110.359 Y80.203 E.31757
G1 X108.763 Y80.194 E.04193
G1 X118.899 Y90.33 E.37653
G1 X118.89 Y91.908 E.04145
G1 X107.167 Y80.185 E.4355
G1 X105.571 Y80.175 E.04193
G1 X110.602 Y85.207 E.18691
G1 X110.142 Y85.168 E.01213
G1 X109.696 Y85.201 E.01175
G1 X109.117 Y85.309 E.01548
G1 X104.031 Y80.223 E.18894
G1 X103.233 Y81.012 E.02948
G1 X108.025 Y85.804 E.17804
G1 X107.892 Y85.885 E.00408
G1 X107.434 Y86.271 E.01575
G1 X107.189 Y86.555 E.00985
G1 X102.434 Y81.801 E.17662
G1 X101.636 Y82.59 E.02948
G1 X106.594 Y87.548 E.18417
G1 X106.493 Y87.787 E.00682
G1 X106.35 Y88.369 E.01574
G1 X106.309 Y88.85 E.01268
G1 X101.362 Y83.903 E.18379
G1 X101.354 Y85.273 E.036
G1 X101.327 Y90.007 F18000
G1 F7597.235
G1 X101.335 Y88.637 E.036
G1 X118.809 Y106.111 E.64913
G1 X118.8 Y107.689 E.04145
G1 X101.326 Y90.215 E.64913
G1 X101.317 Y91.793 E.04145
G1 X118.791 Y109.267 E.64913
G1 X118.782 Y110.846 E.04145
G1 X101.308 Y93.372 E.64913
G1 X101.3 Y94.742 E.036
G1 X106.436 Y92.008 F18000
G1 F7597.235
G1 X106.332 Y91.564 E.01198
G1 X106.295 Y91.057 E.01336
G1 X106.298 Y90.426 E.01658
G1 X101.353 Y85.481 E.18371
G1 X101.344 Y87.059 E.04145
G1 X106.493 Y92.208 E.19127
G1 X106.695 Y92.703 E.01405
G1 X107.005 Y93.216 E.01575
G1 X107.392 Y93.674 E.01575
G1 X107.846 Y94.066 E.01575
G1 X108.355 Y94.382 E.01574
G1 X108.895 Y94.61 E.01539
G1 X118.818 Y104.533 E.36864
G1 X118.827 Y102.955 E.04145
G1 X110.64 Y94.768 E.30412
G1 X111.268 Y94.628 E.0169
G1 X111.847 Y94.388 E.01647
G1 X118.836 Y101.377 E.25963
G1 X118.845 Y99.799 E.04145
G1 X112.771 Y93.725 E.22563
G1 X113.186 Y93.251 E.01654
G1 X113.454 Y92.82 E.01333
G1 X118.854 Y98.22 E.2006
G1 X118.863 Y96.642 E.04145
G1 X113.868 Y91.648 E.18554
G1 X113.921 Y91.101 E.01443
G1 X113.927 Y90.119 E.0258
G1 X118.872 Y95.064 E.18371
G1 X118.881 Y93.486 E.04145
G1 X113.904 Y88.508 E.18491
G1 X113.897 Y88.412 E.00254
G1 X113.76 Y87.829 E.01574
G1 X113.534 Y87.273 E.01575
G1 X113.223 Y86.76 E.01575
G1 X112.958 Y86.446 E.01082
G1 X115.356 Y80.231 F18000
G1 F7597.235
G1 X116.744 Y80.239 E.03647
G1 X118.944 Y82.439 E.08172
G1 X118.953 Y80.861 E.04145
G1 X118.341 Y80.248 E.02275
G1 X116.952 Y80.24 E.03647
G1 X118.943 Y82.647 F18000
G1 F7597.235
G1 X118.935 Y84.017 E.036
G1 X115.148 Y80.23 E.14068
G1 X113.552 Y80.221 E.04193
G1 X118.926 Y85.595 E.19964
G1 X118.917 Y87.173 E.04145
G1 X111.956 Y80.212 E.25861
G1 X110.567 Y80.204 E.03647
; stop printing object pigtail_slot_coupon.stl id:2099807082496 copy 0
M106 S130
;LAYER_CHANGE
;Z:1.84
;HEIGHT:0.16
G92 E0 ; zero the extruded length again
; BEFORE_LAYER_CHANGE 10 @ 1.84mm
G1 E-1.75 F6000
;WIPE_START
G1 F7597.235
G1 X111.567 Y80.21 E-.75
;WIPE_END
; AFTER_LAYER_CHANGE 10 @ 1.84mm
;_SET_FAN_SPEED_CHANGING_LAYER
; printing object pigtail_slot_coupon.stl id:2099807082496 copy 0
G1 F18000
G1 X111.407 Y80.7127 Z1.86857
G1 X110.913 Y80.9009 Z1.89714
G1 X110.459 Y80.6325 Z1.92571
G1 X110.385 Y80.1097 Z1.95429
G1 X110.748 Y79.7261 Z1.98286
G1 X111.274 Y79.7706 Z2.01143
G1 X111.567 Y80.2096 Z2.04
G1 X120.197 Y141.423 Z2.04
G1 X120.197 Y141.423
G1 X120.608 Y141.839
G1 Z1.84
G1 E2.5 F6000
M204 P1000
;TYPE:Outer wall
;WIDTH:0.42
G1 F3600
G1 X99.029 Y141.716 E.52594
G1 X99.37 Y82.014 E1.45507
G1 X103.269 Y78.159 E.13363
G1 X113.262 Y78.216 E.24355
G1 X120.971 Y78.26 E.18791
G1 X120.609 Y141.779 E1.54809
G1 X120.197 Y141.423 F18000
G1 X120.21 Y141.436
M204 P1500
;TYPE:Inner wall
;WIDTH:0.45
G1 F6000
G1 X99.432 Y141.317 E.54581
G1 X99.769 Y82.182 E1.55337
G1 X103.432 Y78.561 E.1353
G1 X113.259 Y78.617 E.25813
G1 X120.568 Y78.658 E.192
G1 X120.21 Y141.376 E1.64747
G1 X119.797 Y141.018 F18000
G1 F6000
G1 X99.85 Y140.904 E.52397
G1 X100.184 Y82.357 E1.53793
G1 X103.602 Y78.977 E.12626
G1 X113.257 Y79.032 E.25361
G1 X120.15 Y79.072 E.18108
G1 X119.797 Y140.958 E1.62563
G1 X119.383 Y140.6 F18000
G1 F6000
G1 X100.268 Y140.491 E.50213
G1 X100.599 Y82.531 E1.52249
G1 X103.772 Y79.394 E.11721
G1 X113.254 Y79.448 E.24909
G1 X119.732 Y79.485 E.17016
G1 X119.384 Y140.54 E1.60379
G1 X118.97 Y140.182 F18000
G1 F6000
G1 X100.686 Y140.078 E.48029
G1 X101.013 Y82.706 E1.50705
G1 X103.942 Y79.811 E.10817
G1 X113.252 Y79.864 E.24456
G1 X119.314 Y79.898 E.15924
G1 X118.97 Y140.122 E1.58196
G1 E-1.75
;WIPE_START
G1 X117.97 Y140.12 E-.75
;WIPE_END
G1 X114.882 Y137.878 Z2.04 F18000
G1 X109.829 Y134.211 Z2.04
G1 X109.864 Y133.799
G1 Z1.84
G1 E2.5 F6000
M204 P1000
;TYPE:Outer wall
;WIDTH:0.42
G1 F3600
G1 X110.304 Y133.766 E.01075
G1 X110.733 Y133.666 E.01075
G1 X111.142 Y133.499 E.01075
G1 X111.519 Y133.271 E.01075
G1 X111.856 Y132.987 E.01075
G1 X112.145 Y132.653 E.01075
G1 X112.377 Y132.278 E.01075
G1 X112.548 Y131.871 E.01075
G1 X112.654 Y131.443 E.01075
G1 X112.69 Y131.016 E.01045
G1 X112.702 Y128.992 E.04934
G1 X112.67 Y128.564 E.01045
G1 X112.57 Y128.134 E.01075
G1 X112.403 Y127.726 E.01075
G1 X112.175 Y127.348 E.01075
G1 X111.89 Y127.011 E.01075
G1 X111.557 Y126.723 E.01075
G1 X111.182 Y126.49 E.01075
G1 X110.775 Y126.319 E.01075
G1 X110.347 Y126.214 E.01075
G1 X109.908 Y126.177 E.01075
G1 X109.664 Y126.195 E.00595
G1 X109.468 Y126.209 E.0048
G1 X109.038 Y126.309 E.01075
G1 X108.63 Y126.476 E.01075
G1 X108.252 Y126.704 E.01075
G1 X107.915 Y126.989 E.01075
G1 X107.627 Y127.322 E.01075
G1 X107.394 Y127.697 E.01075
G1 X107.223 Y128.104 E.01075
G1 X107.118 Y128.532 E.01075
G1 X107.082 Y128.959 E.01045
G1 X107.07 Y130.984 E.04934
G1 X107.101 Y131.412 E.01045
G1 X107.202 Y131.841 E.01075
G1 X107.368 Y132.249 E.01075
G1 X107.597 Y132.627 E.01075
G1 X107.881 Y132.964 E.01075
G1 X108.215 Y133.252 E.01075
G1 X108.59 Y133.485 E.01075
G1 X108.996 Y133.656 E.01075
G1 X109.424 Y133.761 E.01075
G1 X109.804 Y133.793 E.00929
G1 X109.769 Y134.206 F18000
G1 X109.862 Y134.213
G1 X109.891 Y134.211
G1 X109.89 Y134.198
M204 P1500
;TYPE:Inner wall
;WIDTH:0.45
G1 F6000
G1 X110.365 Y134.164 E.01251
G1 X110.855 Y134.049 E.01324
G1 X111.322 Y133.859 E.01324
G1 X111.754 Y133.598 E.01324
G1 X112.139 Y133.272 E.01324
G1 X112.468 Y132.891 E.01324
G1 X112.734 Y132.463 E.01324
G1 X112.93 Y131.998 E.01324
G1 X113.05 Y131.508 E.01324
G1 X113.091 Y131.034 E.01251
G1 X113.102 Y128.978 E.054
G1 X113.068 Y128.503 E.01251
G1 X112.953 Y128.012 E.01324
G1 X112.762 Y127.545 E.01324
G1 X112.501 Y127.114 E.01324
G1 X112.176 Y126.729 E.01324
G1 X111.795 Y126.399 E.01324
G1 X111.366 Y126.133 E.01324
G1 X110.902 Y125.938 E.01324
G1 X110.412 Y125.817 E.01324
G1 X109.91 Y125.775 E.01324
G1 X109.635 Y125.795 E.00724
G1 X109.407 Y125.812 E.006
G1 X108.916 Y125.926 E.01324
G1 X108.449 Y126.117 E.01324
G1 X108.018 Y126.378 E.01324
G1 X107.633 Y126.703 E.01324
G1 X107.303 Y127.084 E.01324
G1 X107.037 Y127.513 E.01324
G1 X106.842 Y127.977 E.01324
G1 X106.721 Y128.467 E.01324
G1 X106.681 Y128.941 E.01251
G1 X106.669 Y130.997 E.054
G1 X106.704 Y131.472 E.01251
G1 X106.819 Y131.963 E.01324
G1 X107.009 Y132.43 E.01324
G1 X107.27 Y132.861 E.01324
G1 X107.595 Y133.247 E.01324
G1 X107.977 Y133.576 E.01324
G1 X108.405 Y133.842 E.01324
G1 X108.87 Y134.037 E.01324
G1 X109.359 Y134.158 E.01324
G1 X109.83 Y134.198 E.01241
G1 X109.916 Y134.613 F18000
G1 F6000
G1 X110.427 Y134.576 E.01346
G1 X110.982 Y134.446 E.01496
G1 X111.509 Y134.231 E.01496
G1 X111.997 Y133.936 E.01496
G1 X112.432 Y133.569 E.01496
G1 X112.804 Y133.138 E.01496
G1 X113.105 Y132.654 E.01496
G1 X113.326 Y132.129 E.01496
G1 X113.462 Y131.576 E.01496
G1 X113.506 Y131.053 E.0138
G1 X113.518 Y128.964 E.05486
G1 X113.48 Y128.44 E.0138
G1 X113.35 Y127.886 E.01496
G1 X113.135 Y127.358 E.01496
G1 X112.84 Y126.871 E.01496
G1 X112.473 Y126.436 E.01496
G1 X112.042 Y126.063 E.01496
G1 X111.558 Y125.763 E.01496
G1 X111.033 Y125.542 E.01496
G1 X110.48 Y125.406 E.01496
G1 X109.912 Y125.358 E.01496
G1 X109.605 Y125.38 E.0081
G1 X109.344 Y125.399 E.00686
G1 X108.79 Y125.529 E.01496
G1 X108.262 Y125.744 E.01496
G1 X107.775 Y126.039 E.01496
G1 X107.34 Y126.406 E.01496
G1 X106.967 Y126.837 E.01496
G1 X106.667 Y127.321 E.01496
G1 X106.446 Y127.846 E.01496
G1 X106.31 Y128.399 E.01496
G1 X106.265 Y128.923 E.0138
G1 X106.254 Y131.011 E.05486
G1 X106.292 Y131.535 E.0138
G1 X106.422 Y132.089 E.01496
G1 X106.637 Y132.617 E.01496
G1 X106.931 Y133.104 E.01496
G1 X107.299 Y133.54 E.01496
G1 X107.73 Y133.912 E.01496
G1 X108.214 Y134.212 E.01496
G1 X108.739 Y134.433 E.01496
G1 X109.292 Y134.569 E.01496
G1 X109.857 Y134.617 E.01489
G1 X109.771 Y135.027 F18000
G1 F6000
G1 X109.857 Y135.034 E.00227
G1 X110.49 Y134.988 E.01668
G1 X111.109 Y134.843 E.01668
G1 X111.697 Y134.604 E.01668
G1 X112.24 Y134.275 E.01668
G1 X112.725 Y133.866 E.01668
G1 X113.14 Y133.385 E.01668
G1 X113.475 Y132.845 E.01668
G1 X113.722 Y132.26 E.01668
G1 X113.873 Y131.644 E.01668
G1 X113.922 Y131.071 E.01508
G1 X113.934 Y128.95 E.05572
G1 X113.892 Y128.377 E.01509
G1 X113.747 Y127.759 E.01668
G1 X113.508 Y127.171 E.01668
G1 X113.179 Y126.628 E.01668
G1 X112.769 Y126.142 E.01668
G1 X112.289 Y125.727 E.01668
G1 X111.749 Y125.393 E.01668
G1 X111.164 Y125.146 E.01668
G1 X110.547 Y124.994 E.01668
G1 X109.915 Y124.941 E.01668
G1 X109.574 Y124.966 E.00896
G1 X109.281 Y124.987 E.00772
G1 X108.663 Y125.132 E.01668
G1 X108.075 Y125.372 E.01668
G1 X107.532 Y125.7 E.01668
G1 X107.046 Y126.11 E.01668
G1 X106.631 Y126.59 E.01668
G1 X106.296 Y127.13 E.01668
G1 X106.05 Y127.715 E.01668
G1 X105.898 Y128.332 E.01668
G1 X105.85 Y128.904 E.01508
G1 X105.838 Y131.025 E.05572
G1 X105.88 Y131.598 E.01509
G1 X106.024 Y132.216 E.01668
G1 X106.264 Y132.804 E.01668
G1 X106.593 Y133.348 E.01668
G1 X107.002 Y133.833 E.01668
G1 X107.483 Y134.248 E.01668
G1 X108.022 Y134.583 E.01668
G1 X108.608 Y134.829 E.01668
G1 X109.224 Y134.981 E.01668
G1 X109.711 Y135.022 E.01284
G1 X109.97 Y135.443 F18000
G1 F6000
G1 X110.553 Y135.4 E.01537
G1 X111.235 Y135.241 E.0184
G1 X111.884 Y134.976 E.0184
G1 X112.483 Y134.614 E.0184
G1 X113.018 Y134.162 E.0184
G1 X113.476 Y133.632 E.0184
G1 X113.846 Y133.037 E.0184
G1 X114.117 Y132.391 E.0184
G1 X114.285 Y131.711 E.0184
G1 X114.337 Y131.09 E.01637
G1 X114.35 Y128.936 E.05657
G1 X114.304 Y128.315 E.01637
G1 X114.145 Y127.633 E.01839
G1 X113.88 Y126.984 E.0184
G1 X113.518 Y126.385 E.0184
G1 X113.066 Y125.849 E.0184
G1 X112.536 Y125.391 E.0184
G1 X111.941 Y125.022 E.0184
G1 X111.295 Y124.75 E.0184
G1 X110.615 Y124.583 E.01839
G1 X109.917 Y124.524 E.0184
G1 X109.544 Y124.551 E.00982
G1 X109.218 Y124.575 E.00858
G1 X108.536 Y124.735 E.0184
G1 X107.888 Y124.999 E.0184
G1 X107.289 Y125.362 E.0184
G1 X106.753 Y125.813 E.0184
G1 X106.295 Y126.343 E.0184
G1 X105.926 Y126.939 E.0184
G1 X105.654 Y127.584 E.0184
G1 X105.487 Y128.264 E.0184
G1 X105.434 Y128.885 E.01637
G1 X105.422 Y131.039 E.05657
G1 X105.467 Y131.661 E.01637
G1 X105.627 Y132.343 E.01839
G1 X105.891 Y132.991 E.0184
G1 X106.254 Y133.591 E.0184
G1 X106.706 Y134.126 E.0184
G1 X107.236 Y134.584 E.0184
G1 X107.831 Y134.953 E.0184
G1 X108.477 Y135.225 E.0184
G1 X109.157 Y135.392 E.0184
G1 X109.855 Y135.451 E.0184
G1 X109.91 Y135.447 E.00146
G1 E-1.75
;WIPE_START
G1 X110.553 Y135.4 E-.48386
G1 X110.899 Y135.319 E-.26614
;WIPE_END
G1 X112.479 Y132.899 Z2.04 F18000
G1 X112.746 Y132.469
G1 X112.942 Y132.002
G1 X113.063 Y131.51
G1 X113.103 Y131.034
G1 X113.115 Y128.978
G1 X112.729 Y108.975
G1 X112.7 Y108.577
G1 X112.603 Y108.16
G1 X112.441 Y107.764
G1 X112.22 Y107.398
G1 X111.944 Y107.072
G1 X111.62 Y106.792
G1 X111.257 Y106.566
G1 X110.863 Y106.4
G1 X110.447 Y106.298
G1 X110.352 Y106.29
G1 X110.128 Y93.212
G1 X110.098 Y92.799
G1 Z1.84
G1 E2.5 F6000
M204 P1000
;TYPE:Outer wall
;WIDTH:0.42
G1 F3600
G1 X110.382 Y92.778 E.00693
G1 X110.658 Y92.714 E.00693
G1 X110.921 Y92.606 E.00693
G1 X111.165 Y92.459 E.00692
G1 X111.382 Y92.276 E.00692
G1 X111.568 Y92.061 E.00693
G1 X111.717 Y91.82 E.00693
G1 X111.828 Y91.558 E.00693
G1 X111.896 Y91.282 E.00692
G1 X111.918 Y91.011 E.00663
G1 X111.93 Y88.986 E.04934
G1 X111.91 Y88.715 E.00663
G1 X111.845 Y88.439 E.00692
G1 X111.738 Y88.175 E.00693
G1 X111.591 Y87.932 E.00693
G1 X111.408 Y87.715 E.00693
G1 X111.193 Y87.529 E.00692
G1 X110.951 Y87.379 E.00692
G1 X110.689 Y87.269 E.00693
G1 X110.413 Y87.201 E.00693
G1 X110.13 Y87.177 E.00693
G1 X109.974 Y87.189 E.00381
G1 X109.847 Y87.198 E.00312
G1 X109.57 Y87.263 E.00693
G1 X109.307 Y87.37 E.00693
G1 X109.064 Y87.517 E.00692
G1 X108.847 Y87.7 E.00692
G1 X108.661 Y87.915 E.00693
G1 X108.511 Y88.157 E.00693
G1 X108.401 Y88.419 E.00693
G1 X108.333 Y88.695 E.00692
G1 X108.31 Y88.966 E.00663
G1 X108.298 Y90.99 E.04934
G1 X108.318 Y91.261 E.00663
G1 X108.383 Y91.538 E.00692
G1 X108.49 Y91.801 E.00693
G1 X108.637 Y92.044 E.00693
G1 X108.821 Y92.262 E.00693
G1 X109.036 Y92.447 E.00692
G1 X109.277 Y92.597 E.00692
G1 X109.539 Y92.707 E.00693
G1 X109.815 Y92.775 E.00693
G1 X110.038 Y92.794 E.00546
G1 X110.003 Y93.206 F18000
G1 X110.096 Y93.214
G1 X110.125 Y93.212
G1 X110.124 Y93.199
M204 P1500
;TYPE:Inner wall
;WIDTH:0.45
G1 F6000
G1 X110.442 Y93.176 E.00838
G1 X110.78 Y93.097 E.00912
G1 X111.102 Y92.966 E.00912
G1 X111.399 Y92.786 E.00912
G1 X111.664 Y92.562 E.00912
G1 X111.891 Y92.299 E.00912
G1 X112.074 Y92.004 E.00912
G1 X112.209 Y91.684 E.00912
G1 X112.292 Y91.347 E.00912
G1 X112.319 Y91.029 E.00839
G1 X112.331 Y88.973 E.054
G1 X112.307 Y88.655 E.00839
G1 X112.228 Y88.317 E.00912
G1 X112.097 Y87.995 E.00912
G1 X111.918 Y87.698 E.00912
G1 X111.694 Y87.432 E.00912
G1 X111.431 Y87.206 E.00912
G1 X111.136 Y87.022 E.00912
G1 X110.816 Y86.888 E.00912
G1 X110.479 Y86.805 E.00912
G1 X110.133 Y86.775 E.00912
G1 X109.945 Y86.789 E.00493
G1 X109.786 Y86.801 E.00419
G1 X109.448 Y86.88 E.00912
G1 X109.127 Y87.011 E.00912
G1 X108.83 Y87.191 E.00912
G1 X108.564 Y87.415 E.00912
G1 X108.337 Y87.677 E.00912
G1 X108.154 Y87.972 E.00912
G1 X108.019 Y88.293 E.00912
G1 X107.936 Y88.63 E.00912
G1 X107.909 Y88.948 E.00839
G1 X107.898 Y91.004 E.054
G1 X107.921 Y91.322 E.00839
G1 X108 Y91.66 E.00912
G1 X108.131 Y91.982 E.00912
G1 X108.311 Y92.279 E.00912
G1 X108.535 Y92.544 E.00912
G1 X108.798 Y92.771 E.00912
G1 X109.093 Y92.954 E.00912
G1 X109.413 Y93.089 E.00912
G1 X109.75 Y93.172 E.00912
G1 X110.064 Y93.198 E.00828
G1 X110.151 Y93.614 F18000
G1 F6000
G1 X110.505 Y93.588 E.00934
G1 X110.907 Y93.494 E.01084
G1 X111.289 Y93.338 E.01084
G1 X111.642 Y93.125 E.01084
G1 X111.957 Y92.859 E.01084
G1 X112.227 Y92.546 E.01084
G1 X112.445 Y92.196 E.01084
G1 X112.605 Y91.815 E.01084
G1 X112.704 Y91.415 E.01084
G1 X112.735 Y91.048 E.00968
G1 X112.746 Y88.959 E.05486
G1 X112.72 Y88.592 E.00968
G1 X112.626 Y88.19 E.01084
G1 X112.47 Y87.808 E.01084
G1 X112.256 Y87.455 E.01084
G1 X111.99 Y87.139 E.01084
G1 X111.678 Y86.87 E.01084
G1 X111.327 Y86.652 E.01084
G1 X110.947 Y86.492 E.01084
G1 X110.546 Y86.393 E.01084
G1 X110.135 Y86.359 E.01084
G1 X109.915 Y86.375 E.00579
G1 X109.723 Y86.389 E.00504
G1 X109.322 Y86.483 E.01084
G1 X108.939 Y86.638 E.01084
G1 X108.586 Y86.852 E.01084
G1 X108.271 Y87.118 E.01084
G1 X108.001 Y87.43 E.01084
G1 X107.784 Y87.781 E.01084
G1 X107.624 Y88.161 E.01084
G1 X107.525 Y88.562 E.01084
G1 X107.494 Y88.929 E.00968
G1 X107.482 Y91.018 E.05486
G1 X107.509 Y91.385 E.00968
G1 X107.603 Y91.787 E.01084
G1 X107.759 Y92.169 E.01084
G1 X107.972 Y92.522 E.01084
G1 X108.238 Y92.837 E.01084
G1 X108.551 Y93.107 E.01084
G1 X108.901 Y93.325 E.01084
G1 X109.282 Y93.485 E.01084
G1 X109.682 Y93.583 E.01084
G1 X110.091 Y93.618 E.01077
G1 X110.177 Y94.029 F18000
G1 F6000
G1 X110.568 Y94 E.01029
G1 X111.033 Y93.891 E.01256
G1 X111.476 Y93.711 E.01256
G1 X111.885 Y93.463 E.01255
G1 X112.25 Y93.155 E.01256
G1 X112.563 Y92.793 E.01256
G1 X112.815 Y92.387 E.01256
G1 X113.001 Y91.946 E.01256
G1 X113.115 Y91.482 E.01255
G1 X113.15 Y91.066 E.01097
G1 X113.162 Y88.945 E.05572
G1 X113.132 Y88.529 E.01097
G1 X113.023 Y88.063 E.01255
G1 X112.843 Y87.621 E.01256
G1 X112.595 Y87.212 E.01256
G1 X112.287 Y86.846 E.01256
G1 X111.925 Y86.534 E.01256
G1 X111.519 Y86.282 E.01255
G1 X111.078 Y86.096 E.01256
G1 X110.614 Y85.982 E.01256
G1 X110.137 Y85.942 E.01256
G1 X109.885 Y85.96 E.00666
G1 X109.661 Y85.976 E.0059
G1 X109.195 Y86.085 E.01256
G1 X108.752 Y86.266 E.01256
G1 X108.343 Y86.513 E.01255
G1 X107.978 Y86.822 E.01256
G1 X107.665 Y87.183 E.01256
G1 X107.413 Y87.59 E.01256
G1 X107.228 Y88.03 E.01256
G1 X107.113 Y88.494 E.01255
G1 X107.078 Y88.91 E.01097
G1 X107.066 Y91.031 E.05572
G1 X107.097 Y91.448 E.01097
G1 X107.206 Y91.913 E.01255
G1 X107.386 Y92.356 E.01256
G1 X107.633 Y92.765 E.01256
G1 X107.942 Y93.13 E.01256
G1 X108.304 Y93.443 E.01256
G1 X108.71 Y93.695 E.01255
G1 X109.151 Y93.881 E.01256
G1 X109.615 Y93.995 E.01256
G1 X110.091 Y94.035 E.01256
G1 X110.117 Y94.033 E.00069
G1 X110.204 Y94.444 F18000
G1 F6000
G1 X110.631 Y94.412 E.01125
G1 X111.16 Y94.289 E.01428
G1 X111.663 Y94.083 E.01428
G1 X112.128 Y93.802 E.01427
G1 X112.544 Y93.452 E.01428
G1 X112.899 Y93.04 E.01428
G1 X113.186 Y92.578 E.01428
G1 X113.397 Y92.077 E.01428
G1 X113.526 Y91.55 E.01427
G1 X113.566 Y91.085 E.01225
G1 X113.578 Y88.931 E.05657
G1 X113.544 Y88.466 E.01225
G1 X113.42 Y87.937 E.01427
G1 X113.215 Y87.434 E.01428
G1 X112.934 Y86.968 E.01428
G1 X112.583 Y86.553 E.01428
G1 X112.172 Y86.198 E.01428
G1 X111.71 Y85.911 E.01427
G1 X111.209 Y85.7 E.01428
G1 X110.681 Y85.57 E.01428
G1 X110.14 Y85.525 E.01428
G1 X109.854 Y85.545 E.00752
G1 X109.598 Y85.564 E.00676
G1 X109.069 Y85.688 E.01427
G1 X108.565 Y85.893 E.01428
G1 X108.1 Y86.174 E.01427
G1 X107.685 Y86.525 E.01428
G1 X107.329 Y86.936 E.01428
G1 X107.043 Y87.398 E.01428
G1 X106.832 Y87.899 E.01428
G1 X106.702 Y88.427 E.01427
G1 X106.663 Y88.892 E.01225
G1 X106.65 Y91.045 E.05657
G1 X106.684 Y91.511 E.01225
G1 X106.808 Y92.04 E.01427
G1 X107.013 Y92.543 E.01428
G1 X107.295 Y93.008 E.01428
G1 X107.645 Y93.424 E.01428
G1 X108.057 Y93.779 E.01428
G1 X108.518 Y94.065 E.01427
G1 X109.019 Y94.276 E.01428
G1 X109.547 Y94.406 E.01428
G1 X110.089 Y94.452 E.01428
G1 X110.144 Y94.448 E.00145
G1 E-1.75
;WIPE_START
G1 X110.631 Y94.412 E-.36607
G1 X111.129 Y94.296 E-.38393
;WIPE_END
G1 X111.547 Y98.089 Z2.04 F18000
G1 X112.7 Y108.577 Z2.04
G1 X112.729 Y108.975
G1 X112.718 Y111.032
G1 X112.684 Y111.43
G1 X112.582 Y111.845
G1 X112.416 Y112.239
G1 X112.19 Y112.603
G1 X111.911 Y112.926
G1 X111.584 Y113.202
G1 X111.218 Y113.424
G1 X110.822 Y113.585
G1 X110.405 Y113.683
G1 X110.011 Y113.711
G1 X109.981 Y113.299
G1 Z1.84
G1 E2.5 F6000
M204 P1000
;TYPE:Outer wall
;WIDTH:0.42
G1 F3600
G1 X110.343 Y113.272 E.00884
G1 X110.696 Y113.19 E.00884
G1 X111.032 Y113.053 E.00884
G1 X111.342 Y112.865 E.00884
G1 X111.619 Y112.631 E.00884
G1 X111.856 Y112.357 E.00884
G1 X112.047 Y112.049 E.00884
G1 X112.188 Y111.715 E.00884
G1 X112.275 Y111.362 E.00884
G1 X112.304 Y111.013 E.00854
G1 X112.316 Y108.989 E.04934
G1 X112.29 Y108.64 E.00854
G1 X112.208 Y108.286 E.00884
G1 X112.071 Y107.951 E.00884
G1 X111.883 Y107.64 E.00884
G1 X111.649 Y107.363 E.00884
G1 X111.375 Y107.126 E.00884
G1 X111.067 Y106.935 E.00884
G1 X110.732 Y106.794 E.00884
G1 X110.38 Y106.708 E.00884
G1 X110.019 Y106.677 E.00884
G1 X109.819 Y106.692 E.00488
G1 X109.657 Y106.703 E.00396
G1 X109.304 Y106.786 E.00884
G1 X108.968 Y106.923 E.00884
G1 X108.658 Y107.111 E.00884
G1 X108.381 Y107.345 E.00884
G1 X108.144 Y107.619 E.00884
G1 X107.953 Y107.927 E.00884
G1 X107.812 Y108.261 E.00884
G1 X107.725 Y108.613 E.00884
G1 X107.696 Y108.963 E.00854
G1 X107.684 Y110.987 E.04934
G1 X107.71 Y111.336 E.00854
G1 X107.792 Y111.69 E.00884
G1 X107.929 Y112.025 E.00884
G1 X108.117 Y112.336 E.00884
G1 X108.351 Y112.613 E.00884
G1 X108.625 Y112.85 E.00884
G1 X108.933 Y113.041 E.00884
G1 X109.268 Y113.182 E.00884
G1 X109.62 Y113.268 E.00884
G1 X109.921 Y113.294 E.00738
G1 X109.886 Y113.706 F18000
G1 X109.979 Y113.714
G1 X110.008 Y113.712
G1 X110.007 Y113.699
M204 P1500
;TYPE:Inner wall
;WIDTH:0.45
G1 F6000
G1 X110.403 Y113.67 E.01045
G1 X110.818 Y113.573 E.01118
G1 X111.212 Y113.412 E.01118
G1 X111.576 Y113.192 E.01118
G1 X111.902 Y112.917 E.01118
G1 X112.18 Y112.595 E.01118
G1 X112.404 Y112.233 E.01118
G1 X112.57 Y111.841 E.01118
G1 X112.671 Y111.428 E.01118
G1 X112.705 Y111.031 E.01045
G1 X112.716 Y108.976 E.054
G1 X112.688 Y108.579 E.01045
G1 X112.591 Y108.164 E.01118
G1 X112.43 Y107.77 E.01118
G1 X112.21 Y107.406 E.01118
G1 X111.935 Y107.081 E.01118
G1 X111.613 Y106.802 E.01118
G1 X111.251 Y106.578 E.01118
G1 X110.859 Y106.413 E.01118
G1 X110.445 Y106.311 E.01118
G1 X110.021 Y106.275 E.01118
G1 X109.79 Y106.292 E.00609
G1 X109.597 Y106.306 E.0051
G1 X109.182 Y106.403 E.01118
G1 X108.788 Y106.564 E.01118
G1 X108.424 Y106.784 E.01118
G1 X108.098 Y107.059 E.01118
G1 X107.82 Y107.381 E.01118
G1 X107.596 Y107.743 E.01118
G1 X107.43 Y108.135 E.01118
G1 X107.329 Y108.548 E.01118
G1 X107.295 Y108.945 E.01045
G1 X107.284 Y111 E.054
G1 X107.312 Y111.397 E.01045
G1 X107.409 Y111.812 E.01118
G1 X107.57 Y112.206 E.01118
G1 X107.79 Y112.57 E.01118
G1 X108.065 Y112.895 E.01118
G1 X108.387 Y113.174 E.01118
G1 X108.749 Y113.398 E.01118
G1 X109.141 Y113.563 E.01118
G1 X109.555 Y113.665 E.01118
G1 X109.947 Y113.698 E.01034
G1 X109.92 Y114.113 F18000
G1 F6000
G1 X109.976 Y114.118 E.0015
G1 X110.466 Y114.082 E.0129
G1 X110.944 Y113.97 E.0129
G1 X111.399 Y113.785 E.0129
G1 X111.819 Y113.53 E.0129
G1 X112.195 Y113.214 E.0129
G1 X112.516 Y112.842 E.0129
G1 X112.775 Y112.425 E.0129
G1 X112.965 Y111.972 E.0129
G1 X113.083 Y111.495 E.0129
G1 X113.12 Y111.05 E.01173
G1 X113.132 Y108.962 E.05486
G1 X113.1 Y108.516 E.01174
G1 X112.988 Y108.038 E.0129
G1 X112.802 Y107.583 E.0129
G1 X112.548 Y107.163 E.0129
G1 X112.231 Y106.788 E.0129
G1 X111.86 Y106.466 E.0129
G1 X111.443 Y106.207 E.0129
G1 X110.99 Y106.017 E.0129
G1 X110.513 Y105.9 E.0129
G1 X110.024 Y105.858 E.0129
G1 X109.76 Y105.877 E.00694
G1 X109.534 Y105.894 E.00596
G1 X109.056 Y106.006 E.0129
G1 X108.601 Y106.191 E.0129
G1 X108.181 Y106.445 E.0129
G1 X107.805 Y106.762 E.0129
G1 X107.484 Y107.134 E.0129
G1 X107.225 Y107.551 E.0129
G1 X107.035 Y108.004 E.0129
G1 X106.917 Y108.481 E.0129
G1 X106.88 Y108.926 E.01173
G1 X106.868 Y111.014 E.05486
G1 X106.9 Y111.46 E.01174
G1 X107.012 Y111.938 E.0129
G1 X107.198 Y112.393 E.0129
G1 X107.452 Y112.813 E.0129
G1 X107.769 Y113.188 E.0129
G1 X108.14 Y113.509 E.0129
G1 X108.557 Y113.768 E.0129
G1 X109.01 Y113.959 E.0129
G1 X109.487 Y114.076 E.0129
G1 X109.86 Y114.108 E.00982
G1 X110.06 Y114.528 F18000
G1 F6000
G1 X110.529 Y114.494 E.01236
G1 X111.071 Y114.367 E.01462
G1 X111.586 Y114.157 E.01462
G1 X112.063 Y113.869 E.01462
G1 X112.488 Y113.51 E.01462
G1 X112.852 Y113.089 E.01462
G1 X113.145 Y112.616 E.01462
G1 X113.361 Y112.103 E.01462
G1 X113.494 Y111.563 E.01462
G1 X113.536 Y111.069 E.01302
G1 X113.548 Y108.948 E.05572
G1 X113.512 Y108.453 E.01302
G1 X113.385 Y107.911 E.01462
G1 X113.175 Y107.396 E.01462
G1 X112.887 Y106.92 E.01462
G1 X112.528 Y106.494 E.01462
G1 X112.107 Y106.131 E.01462
G1 X111.634 Y105.837 E.01462
G1 X111.121 Y105.621 E.01462
G1 X110.581 Y105.488 E.01462
G1 X110.026 Y105.441 E.01462
G1 X109.73 Y105.463 E.0078
G1 X109.471 Y105.482 E.00682
G1 X108.929 Y105.609 E.01462
G1 X108.414 Y105.819 E.01462
G1 X107.937 Y106.107 E.01462
G1 X107.512 Y106.466 E.01462
G1 X107.148 Y106.887 E.01462
G1 X106.855 Y107.36 E.01462
G1 X106.639 Y107.873 E.01462
G1 X106.506 Y108.413 E.01462
G1 X106.464 Y108.907 E.01302
G1 X106.452 Y111.028 E.05572
G1 X106.488 Y111.523 E.01302
G1 X106.615 Y112.065 E.01462
G1 X106.825 Y112.58 E.01462
G1 X107.113 Y113.056 E.01462
G1 X107.472 Y113.482 E.01462
G1 X107.893 Y113.845 E.01462
G1 X108.366 Y114.139 E.01462
G1 X108.879 Y114.355 E.01462
G1 X109.419 Y114.488 E.01462
G1 X109.974 Y114.535 E.01462
G1 X110 Y114.533 E.00069
G1 X110.087 Y114.943 F18000
G1 F6000
G1 X110.592 Y114.906 E.01331
G1 X111.198 Y114.765 E.01634
G1 X111.774 Y114.53 E.01634
G1 X112.306 Y114.208 E.01634
G1 X112.781 Y113.807 E.01634
G1 X113.188 Y113.336 E.01634
G1 X113.516 Y112.808 E.01634
G1 X113.757 Y112.234 E.01634
G1 X113.906 Y111.63 E.01634
G1 X113.951 Y111.087 E.01431
G1 X113.964 Y108.934 E.05657
G1 X113.924 Y108.39 E.01431
G1 X113.782 Y107.785 E.01634
G1 X113.548 Y107.209 E.01634
G1 X113.226 Y106.677 E.01634
G1 X112.824 Y106.201 E.01634
G1 X112.354 Y105.795 E.01634
G1 X111.825 Y105.467 E.01634
G1 X111.252 Y105.225 E.01634
G1 X110.648 Y105.077 E.01634
G1 X110.028 Y105.024 E.01634
G1 X109.699 Y105.048 E.00866
G1 X109.408 Y105.07 E.00767
G1 X108.802 Y105.211 E.01634
G1 X108.226 Y105.446 E.01634
G1 X107.694 Y105.768 E.01634
G1 X107.219 Y106.169 E.01634
G1 X106.812 Y106.64 E.01634
G1 X106.484 Y107.168 E.01634
G1 X106.243 Y107.742 E.01634
G1 X106.094 Y108.346 E.01634
G1 X106.049 Y108.888 E.01431
G1 X106.036 Y111.042 E.05657
G1 X106.076 Y111.586 E.01431
G1 X106.218 Y112.191 E.01634
G1 X106.452 Y112.767 E.01634
G1 X106.774 Y113.299 E.01634
G1 X107.176 Y113.775 E.01634
G1 X107.646 Y114.181 E.01634
G1 X108.175 Y114.509 E.01634
G1 X108.748 Y114.751 E.01634
G1 X109.352 Y114.899 E.01634
G1 X109.972 Y114.952 E.01634
G1 X110.027 Y114.948 E.00145
G1 X110.635 Y115.26 F18000
M204 P2000
;TYPE:Sparse infill
G1 F7597.235
G1 X110.176 Y115.293 E.01207
G1 X110.397 Y115.514 E.00819
G1 X111.19 Y115.595 E.02095
G1 X111.546 Y115.951 E.01323
G1 X111.628 Y116.745 E.02095
G1 X111.984 Y117.101 E.01323
G1 X112.778 Y117.182 E.02095
G1 X113.134 Y117.538 E.01323
G1 X113.215 Y118.332 E.02095
G1 X113.571 Y118.688 E.01323
G1 X114.365 Y118.769 E.02095
G1 X114.721 Y119.126 E.01323
G1 X114.802 Y119.919 E.02095
G1 X115.158 Y120.275 E.01323
G1 X115.952 Y120.357 E.02095
G1 X116.308 Y120.713 E.01323
G1 X116.389 Y121.506 E.02095
G1 X116.745 Y121.862 E.01323
G1 X117.539 Y121.944 E.02095
G1 X117.895 Y122.3 E.01323
G1 X117.976 Y123.093 E.02095
G1 X118.333 Y123.45 E.01323
G1 X118.71 Y123.488 E.00996
G1 X118.719 Y121.902 E.04167
G1 X118.333 Y121.862 E.0102
G1 X117.976 Y121.506 E.01323
G1 X117.895 Y120.713 E.02095
G1 X117.539 Y120.357 E.01323
G1 X116.745 Y120.275 E.02095
G1 X116.389 Y119.919 E.01323
G1 X116.308 Y119.126 E.02095
G1 X115.952 Y118.769 E.01323
G1 X115.158 Y118.688 E.02095
G1 X114.802 Y118.332 E.01323
G1 X114.721 Y117.538 E.02095
G1 X114.365 Y117.182 E.01323
G1 X113.571 Y117.101 E.02095
G1 X113.215 Y116.745 E.01323
G1 X113.134 Y115.951 E.02095
G1 X112.778 Y115.595 E.01323
G1 X111.984 Y115.514 E.02095
G1 X111.628 Y115.158 E.01323
G1 X111.61 Y114.981 E.00468
G1 X111.934 Y114.849 E.00919
G1 X112.514 Y114.498 E.01781
G1 X112.763 Y114.287 E.00859
G1 X114.307 Y111.036 F18000
G1 F7597.235
G1 X114.258 Y111.688 E.01719
G1 X114.077 Y112.391 E.01907
G1 X114.365 Y112.421 E.00761
G1 X114.721 Y112.777 E.01323
G1 X114.802 Y113.57 E.02095
G1 X115.158 Y113.927 E.01323
G1 X115.952 Y114.008 E.02095
G1 X116.308 Y114.364 E.01323
G1 X116.389 Y115.158 E.02095
G1 X116.745 Y115.514 E.01323
G1 X117.539 Y115.595 E.02095
G1 X117.895 Y115.951 E.01323
G1 X117.976 Y116.745 E.02095
G1 X118.333 Y117.101 E.01323
G1 X118.746 Y117.143 E.01092
G1 X118.737 Y118.73 E.04167
G1 X118.333 Y118.688 E.01068
G1 X117.976 Y118.332 E.01323
G1 X117.895 Y117.538 E.02095
G1 X117.539 Y117.182 E.01323
G1 X116.745 Y117.101 E.02095
G1 X116.389 Y116.745 E.01323
G1 X116.308 Y115.951 E.02095
G1 X115.952 Y115.595 E.01323
G1 X115.158 Y115.514 E.02095
G1 X114.802 Y115.158 E.01323
G1 X114.721 Y114.364 E.02095
G1 X114.365 Y114.008 E.01323
G1 X113.571 Y113.927 E.02095
G1 X113.344 Y113.699 E.00845
G1 X113.032 Y114.06 E.01253
G1 X112.922 Y114.153 E.00376
G1 X113.134 Y114.364 E.00785
G1 X113.215 Y115.158 E.02095
G1 X113.571 Y115.514 E.01323
G1 X114.365 Y115.595 E.02095
G1 X114.721 Y115.951 E.01323
G1 X114.802 Y116.745 E.02095
G1 X115.158 Y117.101 E.01323
G1 X115.952 Y117.182 E.02095
G1 X116.308 Y117.538 E.01323
G1 X116.389 Y118.332 E.02095
G1 X116.745 Y118.688 E.01323
G1 X117.539 Y118.769 E.02095
G1 X117.895 Y119.126 E.01323
G1 X117.976 Y119.919 E.02095
G1 X118.333 Y120.275 E.01323
G1 X118.728 Y120.316 E.01044
G1 X118.736 Y118.937 E.03621
G1 X118.763 Y114.179 F18000
G1 F7597.235
G1 X118.755 Y115.557 E.03621
G1 X118.333 Y115.514 E.01116
G1 X117.976 Y115.158 E.01323
G1 X117.895 Y114.364 E.02095
G1 X117.539 Y114.008 E.01323
G1 X116.745 Y113.927 E.02095
G1 X116.389 Y113.57 E.01323
G1 X116.308 Y112.777 E.02095
G1 X115.952 Y112.421 E.01323
G1 X115.158 Y112.339 E.02095
G1 X114.802 Y111.983 E.01323
G1 X114.721 Y111.19 E.02095
G1 X114.365 Y110.834 E.01323
G1 X114.308 Y110.828 E.00148
G1 X114.318 Y109.242 E.04167
G1 X114.365 Y109.246 E.00124
G1 X114.721 Y109.603 E.01323
G1 X114.802 Y110.396 E.02095
G1 X115.158 Y110.752 E.01323
G1 X115.952 Y110.834 E.02095
G1 X116.308 Y111.19 E.01323
G1 X116.389 Y111.983 E.02095
G1 X116.745 Y112.339 E.01323
G1 X117.539 Y112.421 E.02095
G1 X117.895 Y112.777 E.01323
G1 X117.976 Y113.57 E.02095
G1 X118.333 Y113.927 E.01323
G1 X118.764 Y113.971 E.0114
G1 X118.772 Y112.592 E.03621
G1 X118.799 Y107.834 F18000
G1 F7597.235
G1 X118.791 Y109.212 E.03621
G1 X118.333 Y109.165 E.01211
G1 X117.976 Y108.809 E.01323
G1 X117.895 Y108.015 E.02095
G1 X117.539 Y107.659 E.01323
G1 X116.745 Y107.578 E.02095
G1 X116.389 Y107.222 E.01323
G1 X116.308 Y106.428 E.02095
G1 X115.952 Y106.072 E.01323
G1 X115.158 Y105.991 E.02095
G1 X114.802 Y105.635 E.01323
G1 X114.721 Y104.841 E.02095
G1 X114.365 Y104.485 E.01323
G1 X113.571 Y104.404 E.02095
G1 X113.215 Y104.048 E.01323
G1 X113.134 Y103.254 E.02095
G1 X112.778 Y102.898 E.01323
G1 X111.984 Y102.817 E.02095
G1 X111.628 Y102.46 E.01323
G1 X111.546 Y101.667 E.02095
G1 X111.19 Y101.311 E.01323
G1 X110.397 Y101.229 E.02095
G1 X110.041 Y100.873 E.01323
G1 X109.959 Y100.08 E.02095
G1 X109.603 Y99.724 E.01323
G1 X108.81 Y99.642 E.02095
G1 X108.454 Y99.286 E.01323
G1 X108.372 Y98.492 E.02095
G1 X108.016 Y98.136 E.01323
G1 X107.222 Y98.055 E.02095
G1 X106.866 Y97.699 E.01323
G1 X106.785 Y96.905 E.02095
G1 X106.429 Y96.549 E.01323
G1 X105.635 Y96.468 E.02095
G1 X105.279 Y96.112 E.01323
G1 X105.198 Y95.318 E.02095
G1 X104.842 Y94.962 E.01323
G1 X104.048 Y94.881 E.02095
G1 X103.692 Y94.525 E.01323
G1 X103.611 Y93.731 E.02095
G1 X103.255 Y93.375 E.01323
G1 X102.461 Y93.294 E.02095
G1 X102.105 Y92.937 E.01323
G1 X102.024 Y92.144 E.02095
G1 X101.667 Y91.788 E.01323
G1 X101.317 Y91.752 E.00925
G1 X101.326 Y90.166 E.04167
G1 X101.667 Y90.201 E.00901
G1 X102.024 Y90.557 E.01323
G1 X102.105 Y91.35 E.02095
G1 X102.461 Y91.706 E.01323
G1 X103.255 Y91.788 E.02095
G1 X103.611 Y92.144 E.01323
G1 X103.692 Y92.937 E.02095
G1 X104.048 Y93.294 E.01323
G1 X104.842 Y93.375 E.02095
G1 X105.198 Y93.731 E.01323
G1 X105.279 Y94.525 E.02095
G1 X105.635 Y94.881 E.01323
G1 X106.429 Y94.962 E.02095
G1 X106.785 Y95.318 E.01323
G1 X106.866 Y96.112 E.02095
G1 X107.222 Y96.468 E.01323
G1 X108.016 Y96.549 E.02095
G1 X108.372 Y96.905 E.01323
G1 X108.454 Y97.699 E.02095
G1 X108.81 Y98.055 E.01323
G1 X109.603 Y98.136 E.02095
G1 X109.959 Y98.492 E.01323
G1 X110.041 Y99.286 E.02095
G1 X110.397 Y99.642 E.01323
G1 X111.19 Y99.724 E.02095
G1 X111.546 Y100.08 E.01323
G1 X111.628 Y100.873 E.02095
G1 X111.984 Y101.229 E.01323
G1 X112.778 Y101.311 E.02095
G1 X113.134 Y101.667 E.01323
G1 X113.215 Y102.46 E.02095
G1 X113.571 Y102.817 E.01323
G1 X114.365 Y102.898 E.02095
G1 X114.721 Y103.254 E.01323
G1 X114.802 Y104.048 E.02095
G1 X115.158 Y104.404 E.01323
G1 X115.952 Y104.485 E.02095
G1 X116.308 Y104.841 E.01323
G1 X116.389 Y105.635 E.02095
G1 X116.745 Y105.991 E.01323
G1 X117.539 Y106.072 E.02095
G1 X117.895 Y106.428 E.01323
G1 X117.976 Y107.222 E.02095
G1 X118.333 Y107.578 E.01323
G1 X118.8 Y107.626 E.01235
G1 X118.808 Y106.248 E.03621
G1 X118.82 Y104.246 F18000
G1 F7597.235
G1 X118.828 Y102.867 E.03621
G1 X118.333 Y102.817 E.01307
G1 X117.976 Y102.46 E.01323
G1 X117.895 Y101.667 E.02095
G1 X117.539 Y101.311 E.01323
G1 X116.745 Y101.229 E.02095
G1 X116.389 Y100.873 E.01323
G1 X116.308 Y100.08 E.02095
G1 X115.952 Y99.724 E.01323
G1 X115.158 Y99.642 E.02095
G1 X114.802 Y99.286 E.01323
G1 X114.721 Y98.492 E.02095
G1 X114.365 Y98.136 E.01323
G1 X113.571 Y98.055 E.02095
G1 X113.215 Y97.699 E.01323
G1 X113.134 Y96.905 E.02095
G1 X112.778 Y96.549 E.01323
G1 X111.984 Y96.468 E.02095
G1 X111.628 Y96.112 E.01323
G1 X111.546 Y95.318 E.02095
G1 X111.19 Y94.962 E.01323
G1 X110.397 Y94.881 E.02095
G1 X110.308 Y94.792 E.00328
G1 X110.087 Y94.809 E.00584
G1 X109.905 Y94.793 E.0048
G1 X112.804 Y93.694 F18000
G1 F7597.235
G1 X112.336 Y94.092 E.01612
G1 X111.824 Y94.402 E.01574
G1 X111.624 Y94.484 E.00567
G1 X111.628 Y94.525 E.00108
G1 X111.984 Y94.881 E.01323
G1 X112.778 Y94.962 E.02095
G1 X113.134 Y95.318 E.01323
G1 X113.215 Y96.112 E.02095
G1 X113.571 Y96.468 E.01323
G1 X114.365 Y96.549 E.02095
G1 X114.721 Y96.905 E.01323
G1 X114.802 Y97.699 E.02095
G1 X115.158 Y98.055 E.01323
G1 X115.952 Y98.136 E.02095
G1 X116.308 Y98.492 E.01323
G1 X116.389 Y99.286 E.02095
G1 X116.745 Y99.642 E.01323
G1 X117.539 Y99.724 E.02095
G1 X117.895 Y100.08 E.01323
G1 X117.976 Y100.873 E.02095
G1 X118.333 Y101.229 E.01323
G1 X118.837 Y101.281 E.01331
G1 X118.846 Y99.695 E.04167
G1 X118.333 Y99.642 E.01355
G1 X117.976 Y99.286 E.01323
G1 X117.895 Y98.492 E.02095
G1 X117.539 Y98.136 E.01323
G1 X116.745 Y98.055 E.02095
G1 X116.389 Y97.699 E.01323
G1 X116.308 Y96.905 E.02095
G1 X115.952 Y96.549 E.01323
G1 X115.158 Y96.468 E.02095
G1 X114.802 Y96.112 E.01323
G1 X114.721 Y95.318 E.02095
G1 X114.365 Y94.962 E.01323
G1 X113.571 Y94.881 E.02095
G1 X113.215 Y94.525 E.01323
G1 X113.134 Y93.731 E.02095
G1 X112.94 Y93.537 E.00721
G1 X113.186 Y93.251 E.00991
G1 X113.318 Y93.04 E.00653
G1 X113.571 Y93.294 E.00942
G1 X114.365 Y93.375 E.02095
G1 X114.721 Y93.731 E.01323
G1 X114.802 Y94.525 E.02095
G1 X115.158 Y94.881 E.01323
G1 X115.952 Y94.962 E.02095
G1 X116.308 Y95.318 E.01323
G1 X116.389 Y96.112 E.02095
G1 X116.745 Y96.468 E.01323
G1 X117.539 Y96.549 E.02095
G1 X117.895 Y96.905 E.01323
G1 X117.976 Y97.699 E.02095
G1 X118.333 Y98.055 E.01323
G1 X118.855 Y98.109 E.01379
G1 X118.864 Y96.522 E.04167
G1 X118.333 Y96.468 E.01403
G1 X117.976 Y96.112 E.01323
G1 X117.895 Y95.318 E.02095
G1 X117.539 Y94.962 E.01323
G1 X116.745 Y94.881 E.02095
G1 X116.389 Y94.525 E.01323
G1 X116.308 Y93.731 E.02095
G1 X115.952 Y93.375 E.01323
G1 X115.158 Y93.294 E.02095
G1 X114.802 Y92.937 E.01323
G1 X114.721 Y92.144 E.02095
G1 X114.365 Y91.788 E.01323
G1 X113.847 Y91.735 E.01367
G1 X113.878 Y91.608 E.00344
G1 X113.921 Y91.101 E.01336
G1 X113.927 Y90.156 E.02483
G1 X114.365 Y90.201 E.01157
G1 X114.721 Y90.557 E.01323
G1 X114.802 Y91.35 E.02095
G1 X115.158 Y91.706 E.01323
G1 X115.952 Y91.788 E.02095
G1 X116.308 Y92.144 E.01323
G1 X116.389 Y92.937 E.02095
G1 X116.745 Y93.294 E.01323
G1 X117.539 Y93.375 E.02095
G1 X117.895 Y93.731 E.01323
G1 X117.976 Y94.525 E.02095
G1 X118.333 Y94.881 E.01323
G1 X118.873 Y94.936 E.01427
G1 X118.882 Y93.35 E.04167
G1 X118.333 Y93.294 E.01451
G1 X117.976 Y92.937 E.01323
G1 X117.895 Y92.144 E.02095
G1 X117.539 Y91.788 E.01323
G1 X116.745 Y91.706 E.02095
G1 X116.389 Y91.35 E.01323
G1 X116.308 Y90.557 E.02095
G1 X115.952 Y90.201 E.01323
G1 X115.158 Y90.119 E.02095
G1 X114.802 Y89.763 E.01323
G1 X114.721 Y88.97 E.02095
G1 X114.365 Y88.613 E.01323
G1 X113.908 Y88.567 E.01206
G1 X113.934 Y88.919 E.00929
G1 X113.928 Y89.948 E.02702
G1 X118.883 Y93.142 F18000
G1 F7597.235
G1 X118.891 Y91.764 E.03621
G1 X118.333 Y91.706 E.01475
G1 X117.976 Y91.35 E.01323
G1 X117.895 Y90.557 E.02095
G1 X117.539 Y90.201 E.01323
G1 X116.745 Y90.119 E.02095
G1 X116.389 Y89.763 E.01323
G1 X116.308 Y88.97 E.02095
G1 X115.952 Y88.613 E.01323
G1 X115.158 Y88.532 E.02095
G1 X114.802 Y88.176 E.01323
G1 X114.721 Y87.382 E.02095
G1 X114.365 Y87.026 E.01323
G1 X113.571 Y86.945 E.02095
G1 X113.215 Y86.589 E.01323
G1 X113.134 Y85.795 E.02095
G1 X112.778 Y85.439 E.01323
G1 X111.984 Y85.358 E.02095
G1 X111.628 Y85.002 E.01323
G1 X111.546 Y84.208 E.02095
G1 X111.19 Y83.852 E.01323
G1 X110.397 Y83.771 E.02095
G1 X110.041 Y83.414 E.01323
G1 X109.959 Y82.621 E.02095
G1 X109.603 Y82.265 E.01323
G1 X108.81 Y82.183 E.02095
G1 X108.454 Y81.827 E.01323
G1 X108.372 Y81.034 E.02095
G1 X108.016 Y80.678 E.01323
G1 X107.222 Y80.596 E.02095
G1 X106.866 Y80.24 E.01323
G1 X106.86 Y80.183 E.00152
G1 X105.272 Y80.174 E.04172
G1 X105.279 Y80.24 E.00175
G1 X105.635 Y80.596 E.01323
G1 X106.429 Y80.678 E.02095
G1 X106.785 Y81.034 E.01323
G1 X106.866 Y81.827 E.02095
G1 X107.222 Y82.183 E.01323
G1 X108.016 Y82.265 E.02095
G1 X108.372 Y82.621 E.01323
G1 X108.454 Y83.414 E.02095
G1 X108.81 Y83.771 E.01323
G1 X109.603 Y83.852 E.02095
G1 X109.959 Y84.208 E.01323
G1 X110.041 Y85.002 E.02095
G1 X110.213 Y85.174 E.0064
G1 X109.544 Y85.212 E.0176
G1 X108.911 Y85.368 E.01712
G1 X108.81 Y85.358 E.00268
G1 X108.454 Y85.002 E.01323
G1 X108.372 Y84.208 E.02095
G1 X108.016 Y83.852 E.01323
G1 X107.222 Y83.771 E.02095
G1 X106.866 Y83.414 E.01323
G1 X106.785 Y82.621 E.02095
G1 X106.429 Y82.265 E.01323
G1 X105.635 Y82.183 E.02095
G1 X105.279 Y81.827 E.01323
G1 X105.198 Y81.034 E.02095
G1 X104.842 Y80.678 E.01323
G1 X104.048 Y80.596 E.02095
G1 X103.852 Y80.4 E.0073
G1 X103.412 Y80.835 E.01625
G1 X103.611 Y81.034 E.0074
G1 X103.692 Y81.827 E.02095
G1 X104.048 Y82.183 E.01323
G1 X104.842 Y82.265 E.02095
G1 X105.198 Y82.621 E.01323
G1 X105.279 Y83.414 E.02095
G1 X105.635 Y83.771 E.01323
G1 X106.429 Y83.852 E.02095
G1 X106.785 Y84.208 E.01323
G1 X106.866 Y85.002 E.02095
G1 X107.222 Y85.358 E.01323
G1 X108.016 Y85.439 E.02095
G1 X108.247 Y85.67 E.00858
G1 X107.892 Y85.885 E.01089
G1 X107.434 Y86.271 E.01575
G1 X107.027 Y86.749 E.01649
G1 X106.866 Y86.589 E.00597
G1 X106.785 Y85.795 E.02095
G1 X106.429 Y85.439 E.01323
G1 X105.635 Y85.358 E.02095
G1 X105.279 Y85.002 E.01323
G1 X105.198 Y84.208 E.02095
G1 X104.842 Y83.852 E.01323
G1 X104.048 Y83.771 E.02095
G1 X103.692 Y83.414 E.01323
G1 X103.611 Y82.621 E.02095
G1 X103.255 Y82.265 E.01323
G1 X102.461 Y82.183 E.02095
G1 X102.255 Y81.978 E.00764
G1 X101.815 Y82.413 E.01625
G1 X102.024 Y82.621 E.00773
G1 X102.105 Y83.414 E.02095
G1 X102.461 Y83.771 E.01323
G1 X103.255 Y83.852 E.02095
G1 X103.611 Y84.208 E.01323
G1 X103.692 Y85.002 E.02095
G1 X104.048 Y85.358 E.01323
G1 X104.842 Y85.439 E.02095
G1 X105.198 Y85.795 E.01323
G1 X105.279 Y86.589 E.02095
G1 X105.635 Y86.945 E.01323
G1 X106.429 Y87.026 E.02095
G1 X106.7 Y87.297 E.01006
G1 X106.493 Y87.787 E.01397
G1 X106.35 Y88.369 E.01574
G1 X106.33 Y88.603 E.00618
G1 X105.635 Y88.532 E.01835
G1 X105.279 Y88.176 E.01323
G1 X105.198 Y87.382 E.02095
G1 X104.842 Y87.026 E.01323
G1 X104.048 Y86.945 E.02095
G1 X103.692 Y86.589 E.01323
G1 X103.611 Y85.795 E.02095
G1 X103.255 Y85.439 E.01323
G1 X102.461 Y85.358 E.02095
G1 X102.105 Y85.002 E.01323
G1 X102.024 Y84.208 E.02095
G1 X101.667 Y83.852 E.01323
G1 X101.363 Y83.821 E.00805
G1 X101.353 Y85.407 E.04167
G1 X101.667 Y85.439 E.00829
G1 X102.024 Y85.795 E.01323
G1 X102.105 Y86.589 E.02095
G1 X102.461 Y86.945 E.01323
G1 X103.255 Y87.026 E.02095
G1 X103.611 Y87.382 E.01323
G1 X103.692 Y88.176 E.02095
G1 X104.048 Y88.532 E.01323
G1 X104.842 Y88.613 E.02095
G1 X105.198 Y88.97 E.01323
G1 X105.279 Y89.763 E.02095
G1 X105.635 Y90.119 E.01323
G1 X106.3 Y90.187 E.01755
G1 X106.295 Y91.057 E.02285
G1 X106.332 Y91.564 E.01336
G1 X106.383 Y91.783 E.0059
G1 X105.635 Y91.706 E.01974
G1 X105.279 Y91.35 E.01323
G1 X105.198 Y90.557 E.02095
G1 X104.842 Y90.201 E.01323
G1 X104.048 Y90.119 E.02095
G1 X103.692 Y89.763 E.01323
G1 X103.611 Y88.97 E.02095
G1 X103.255 Y88.613 E.01323
G1 X102.461 Y88.532 E.02095
G1 X102.105 Y88.176 E.01323
G1 X102.024 Y87.382 E.02095
G1 X101.667 Y87.026 E.01323
G1 X101.344 Y86.993 E.00853
G1 X101.335 Y88.579 E.04167
G1 X101.667 Y88.613 E.00877
G1 X102.024 Y88.97 E.01323
G1 X102.105 Y89.763 E.02095
G1 X102.461 Y90.119 E.01323
G1 X103.255 Y90.201 E.02095
G1 X103.611 Y90.557 E.01323
G1 X103.692 Y91.35 E.02095
G1 X104.048 Y91.706 E.01323
G1 X104.842 Y91.788 E.02095
G1 X105.198 Y92.144 E.01323
G1 X105.279 Y92.937 E.02095
G1 X105.635 Y93.294 E.01323
G1 X106.429 Y93.375 E.02095
G1 X106.785 Y93.731 E.01323
G1 X106.866 Y94.525 E.02095
G1 X107.222 Y94.881 E.01323
G1 X108.016 Y94.962 E.02095
G1 X108.372 Y95.318 E.01323
G1 X108.454 Y96.112 E.02095
G1 X108.81 Y96.468 E.01323
G1 X109.603 Y96.549 E.02095
G1 X109.959 Y96.905 E.01323
G1 X110.041 Y97.699 E.02095
G1 X110.397 Y98.055 E.01323
G1 X111.19 Y98.136 E.02095
G1 X111.546 Y98.492 E.01323
G1 X111.628 Y99.286 E.02095
G1 X111.984 Y99.642 E.01323
G1 X112.778 Y99.724 E.02095
G1 X113.134 Y100.08 E.01323
G1 X113.215 Y100.873 E.02095
G1 X113.571 Y101.229 E.01323
G1 X114.365 Y101.311 E.02095
G1 X114.721 Y101.667 E.01323
G1 X114.802 Y102.46 E.02095
G1 X115.158 Y102.817 E.01323
G1 X115.952 Y102.898 E.02095
G1 X116.308 Y103.254 E.01323
G1 X116.389 Y104.048 E.02095
G1 X116.745 Y104.404 E.01323
G1 X117.539 Y104.485 E.02095
G1 X117.895 Y104.841 E.01323
G1 X117.976 Y105.635 E.02095
G1 X118.333 Y105.991 E.01323
G1 X118.809 Y106.04 E.01259
G1 X118.819 Y104.453 E.04167
G1 X118.333 Y104.404 E.01283
G1 X117.976 Y104.048 E.01323
G1 X117.895 Y103.254 E.02095
G1 X117.539 Y102.898 E.01323
G1 X116.745 Y102.817 E.02095
G1 X116.389 Y102.46 E.01323
G1 X116.308 Y101.667 E.02095
G1 X115.952 Y101.311 E.01323
G1 X115.158 Y101.229 E.02095
G1 X114.802 Y100.873 E.01323
G1 X114.721 Y100.08 E.02095
G1 X114.365 Y99.724 E.01323
G1 X113.571 Y99.642 E.02095
G1 X113.215 Y99.286 E.01323
G1 X113.134 Y98.492 E.02095
G1 X112.778 Y98.136 E.01323
G1 X111.984 Y98.055 E.02095
G1 X111.628 Y97.699 E.01323
G1 X111.546 Y96.905 E.02095
G1 X111.19 Y96.549 E.01323
G1 X110.397 Y96.468 E.02095
G1 X110.041 Y96.112 E.01323
G1 X109.959 Y95.318 E.02095
G1 X109.603 Y94.962 E.01323
G1 X108.81 Y94.881 E.02095
G1 X108.454 Y94.525 E.01323
G1 X108.443 Y94.419 E.00278
G1 X108.355 Y94.382 E.00251
G1 X107.845 Y94.066 E.01574
G1 X107.392 Y93.674 E.01575
G1 X107.005 Y93.216 E.01575
G1 X106.695 Y92.703 E.01575
G1 X106.468 Y92.148 E.01575
G1 X106.43 Y91.985 E.00439
G1 X101.282 Y97.889 F18000
G1 F7597.235
G1 X101.29 Y96.511 E.03621
G1 X101.667 Y96.549 E.00996
G1 X102.024 Y96.905 E.01323
G1 X102.105 Y97.699 E.02095
G1 X102.461 Y98.055 E.01323
G1 X103.255 Y98.136 E.02095
G1 X103.611 Y98.492 E.01323
G1 X103.692 Y99.286 E.02095
G1 X104.048 Y99.642 E.01323
G1 X104.842 Y99.724 E.02095
G1 X105.198 Y100.08 E.01323
G1 X105.279 Y100.873 E.02095
G1 X105.635 Y101.229 E.01323
G1 X106.429 Y101.311 E.02095
G1 X106.785 Y101.667 E.01323
G1 X106.866 Y102.46 E.02095
G1 X107.222 Y102.817 E.01323
G1 X108.016 Y102.898 E.02095
G1 X108.372 Y103.254 E.01323
G1 X108.454 Y104.048 E.02095
G1 X108.81 Y104.404 E.01323
G1 X109.603 Y104.485 E.02095
G1 X109.803 Y104.684 E.0074
G1 X109.369 Y104.716 E.01143
G1 X107.224 Y105.7 F18000
G1 F7597.235
G1 X107.486 Y105.478 E.00901
G1 X108.066 Y105.127 E.01781
G1 X108.388 Y104.996 E.00913
G1 X108.372 Y104.841 E.0041
G1 X108.016 Y104.485 E.01323
G1 X107.222 Y104.404 E.02095
G1 X106.866 Y104.048 E.01323
G1 X106.785 Y103.254 E.02095
G1 X106.429 Y102.898 E.01323
G1 X105.635 Y102.817 E.02095
G1 X105.279 Y102.46 E.01323
G1 X105.198 Y101.667 E.02095
G1 X104.842 Y101.311 E.01323
G1 X104.048 Y101.229 E.02095
G1 X103.692 Y100.873 E.01323
G1 X103.611 Y100.08 E.02095
G1 X103.255 Y99.724 E.01323
G1 X102.461 Y99.642 E.02095
G1 X102.105 Y99.286 E.01323
G1 X102.024 Y98.492 E.02095
G1 X101.667 Y98.136 E.01323
G1 X101.281 Y98.097 E.0102
G1 X101.272 Y99.683 E.04167
G1 X101.667 Y99.724 E.01044
G1 X102.024 Y100.08 E.01323
G1 X102.105 Y100.873 E.02095
G1 X102.461 Y101.229 E.01323
G1 X103.255 Y101.311 E.02095
G1 X103.611 Y101.667 E.01323
G1 X103.692 Y102.46 E.02095
G1 X104.048 Y102.817 E.01323
G1 X104.842 Y102.898 E.02095
G1 X105.198 Y103.254 E.01323
G1 X105.279 Y104.048 E.02095
G1 X105.635 Y104.404 E.01323
G1 X106.429 Y104.485 E.02095
G1 X106.785 Y104.841 E.01323
G1 X106.866 Y105.635 E.02095
G1 X107.065 Y105.834 E.00739
G1 X106.968 Y105.916 E.00334
G1 X106.646 Y106.289 E.01296
G1 X106.429 Y106.072 E.00805
G1 X105.635 Y105.991 E.02095
G1 X105.279 Y105.635 E.01323
G1 X105.198 Y104.841 E.02095
G1 X104.842 Y104.485 E.01323
G1 X104.048 Y104.404 E.02095
G1 X103.692 Y104.048 E.01323
G1 X103.611 Y103.254 E.02095
G1 X103.255 Y102.898 E.01323
G1 X102.461 Y102.817 E.02095
G1 X102.105 Y102.46 E.01323
G1 X102.024 Y101.667 E.02095
G1 X101.667 Y101.311 E.01323
G1 X101.263 Y101.269 E.01068
G1 X101.254 Y102.855 E.04167
G1 X101.667 Y102.898 E.01092
G1 X102.024 Y103.254 E.01323
G1 X102.105 Y104.048 E.02095
G1 X102.461 Y104.404 E.01323
G1 X103.255 Y104.485 E.02095
G1 X103.611 Y104.841 E.01323
G1 X103.692 Y105.635 E.02095
G1 X104.048 Y105.991 E.01323
G1 X104.842 Y106.072 E.02095
G1 X105.198 Y106.428 E.01323
G1 X105.279 Y107.222 E.02095
G1 X105.635 Y107.578 E.01323
G1 X105.914 Y107.607 E.00736
G1 X105.742 Y108.288 E.01845
G1 X105.693 Y108.872 E.01541
G1 X105.691 Y109.171 E.00784
G1 X105.635 Y109.165 E.00148
G1 X105.279 Y108.809 E.01323
G1 X105.198 Y108.015 E.02095
G1 X104.842 Y107.659 E.01323
G1 X104.048 Y107.578 E.02095
G1 X103.692 Y107.222 E.01323
G1 X103.611 Y106.428 E.02095
G1 X103.255 Y106.072 E.01323
G1 X102.461 Y105.991 E.02095
G1 X102.105 Y105.635 E.01323
G1 X102.024 Y104.841 E.02095
G1 X101.667 Y104.485 E.01323
G1 X101.245 Y104.442 E.01116
G1 X101.236 Y106.028 E.04167
G1 X101.667 Y106.072 E.0114
G1 X102.024 Y106.428 E.01323
G1 X102.105 Y107.222 E.02095
G1 X102.461 Y107.578 E.01323
G1 X103.255 Y107.659 E.02095
G1 X103.611 Y108.015 E.01323
G1 X103.692 Y108.809 E.02095
G1 X104.048 Y109.165 E.01323
G1 X104.842 Y109.246 E.02095
G1 X105.198 Y109.603 E.01323
G1 X105.279 Y110.396 E.02095
G1 X105.635 Y110.752 E.01323
G1 X105.682 Y110.757 E.00124
G1 X105.681 Y111.054 E.0078
G1 X105.723 Y111.639 E.01541
G1 X105.905 Y112.367 E.0197
G1 X105.635 Y112.339 E.00713
G1 X105.279 Y111.983 E.01323
G1 X105.198 Y111.19 E.02095
G1 X104.842 Y110.834 E.01323
G1 X104.048 Y110.752 E.02095
G1 X103.692 Y110.396 E.01323
G1 X103.611 Y109.603 E.02095
G1 X103.255 Y109.246 E.01323
G1 X102.461 Y109.165 E.02095
G1 X102.105 Y108.809 E.01323
G1 X102.024 Y108.015 E.02095
G1 X101.667 Y107.659 E.01323
G1 X101.227 Y107.614 E.01164
G1 X101.219 Y108.993 E.03621
G1 X105.984 Y112.56 F18000
G1 F7597.235
G1 X106.134 Y112.927 E.01043
G1 X106.485 Y113.507 E.01781
G1 X106.922 Y114.025 E.01781
G1 X107.435 Y114.469 E.01781
G1 X108.011 Y114.826 E.01781
G1 X108.438 Y115.006 E.01217
G1 X108.454 Y115.158 E.00401
G1 X108.81 Y115.514 E.01323
G1 X109.603 Y115.595 E.02095
G1 X109.959 Y115.951 E.01323
G1 X110.041 Y116.745 E.02095
G1 X110.397 Y117.101 E.01323
G1 X111.19 Y117.182 E.02095
G1 X111.546 Y117.538 E.01323
G1 X111.628 Y118.332 E.02095
G1 X111.984 Y118.688 E.01323
G1 X112.778 Y118.769 E.02095
G1 X113.134 Y119.126 E.01323
G1 X113.215 Y119.919 E.02095
G1 X113.571 Y120.275 E.01323
G1 X114.365 Y120.357 E.02095
G1 X114.721 Y120.713 E.01323
G1 X114.802 Y121.506 E.02095
G1 X115.158 Y121.862 E.01323
G1 X115.952 Y121.944 E.02095
G1 X116.308 Y122.3 E.01323
G1 X116.389 Y123.093 E.02095
G1 X116.745 Y123.45 E.01323
G1 X117.539 Y123.531 E.02095
G1 X117.895 Y123.887 E.01323
G1 X117.976 Y124.681 E.02095
G1 X118.333 Y125.037 E.01323
G1 X118.701 Y125.074 E.00972
G1 X118.692 Y126.661 E.04167
G1 X118.333 Y126.624 E.00948
G1 X117.976 Y126.268 E.01323
G1 X117.895 Y125.474 E.02095
G1 X117.539 Y125.118 E.01323
G1 X116.745 Y125.037 E.02095
G1 X116.389 Y124.681 E.01323
G1 X116.308 Y123.887 E.02095
G1 X115.952 Y123.531 E.01323
G1 X115.158 Y123.45 E.02095
G1 X114.802 Y123.093 E.01323
G1 X114.721 Y122.3 E.02095
G1 X114.365 Y121.944 E.01323
G1 X113.571 Y121.862 E.02095
G1 X113.215 Y121.506 E.01323
G1 X113.134 Y120.713 E.02095
G1 X112.778 Y120.357 E.01323
G1 X111.984 Y120.275 E.02095
G1 X111.628 Y119.919 E.01323
G1 X111.546 Y119.126 E.02095
G1 X111.19 Y118.769 E.01323
G1 X110.397 Y118.688 E.02095
G1 X110.041 Y118.332 E.01323
G1 X109.959 Y117.538 E.02095
G1 X109.603 Y117.182 E.01323
G1 X108.81 Y117.101 E.02095
G1 X108.454 Y116.745 E.01323
G1 X108.372 Y115.951 E.02095
G1 X108.016 Y115.595 E.01323
G1 X107.222 Y115.514 E.02095
G1 X106.866 Y115.158 E.01323
G1 X106.785 Y114.364 E.02095
G1 X106.429 Y114.008 E.01323
G1 X105.635 Y113.927 E.02095
G1 X105.279 Y113.57 E.01323
G1 X105.198 Y112.777 E.02095
G1 X104.842 Y112.421 E.01323
G1 X104.048 Y112.339 E.02095
G1 X103.692 Y111.983 E.01323
G1 X103.611 Y111.19 E.02095
G1 X103.255 Y110.834 E.01323
G1 X102.461 Y110.752 E.02095
G1 X102.105 Y110.396 E.01323
G1 X102.024 Y109.603 E.02095
G1 X101.667 Y109.246 E.01323
G1 X101.218 Y109.2 E.01188
G1 X101.209 Y110.787 E.04167
G1 X101.667 Y110.834 E.01212
G1 X102.024 Y111.19 E.01323
G1 X102.105 Y111.983 E.02095
G1 X102.461 Y112.339 E.01323
G1 X103.255 Y112.421 E.02095
G1 X103.611 Y112.777 E.01323
G1 X103.692 Y113.57 E.02095
G1 X104.048 Y113.927 E.01323
G1 X104.842 Y114.008 E.02095
G1 X105.198 Y114.364 E.01323
G1 X105.279 Y115.158 E.02095
G1 X105.635 Y115.514 E.01323
G1 X106.429 Y115.595 E.02095
G1 X106.785 Y115.951 E.01323
G1 X106.866 Y116.745 E.02095
G1 X107.222 Y117.101 E.01323
G1 X108.016 Y117.182 E.02095
G1 X108.372 Y117.538 E.01323
G1 X108.454 Y118.332 E.02095
G1 X108.81 Y118.688 E.01323
G1 X109.603 Y118.769 E.02095
G1 X109.959 Y119.126 E.01323
G1 X110.041 Y119.919 E.02095
G1 X110.397 Y120.275 E.01323
G1 X111.19 Y120.357 E.02095
G1 X111.546 Y120.713 E.01323
G1 X111.628 Y121.506 E.02095
G1 X111.984 Y121.862 E.01323
G1 X112.778 Y121.944 E.02095
G1 X113.134 Y122.3 E.01323
G1 X113.215 Y123.093 E.02095
G1 X113.571 Y123.45 E.01323
G1 X114.365 Y123.531 E.02095
G1 X114.721 Y123.887 E.01323
G1 X114.802 Y124.681 E.02095
G1 X115.158 Y125.037 E.01323
G1 X115.952 Y125.118 E.02095
G1 X116.308 Y125.474 E.01323
G1 X116.389 Y126.268 E.02095
G1 X116.745 Y126.624 E.01323
G1 X117.539 Y126.705 E.02095
G1 X117.895 Y127.061 E.01323
G1 X117.976 Y127.855 E.02095
G1 X118.333 Y128.211 E.01323
G1 X118.683 Y128.247 E.00924
G1 X118.674 Y129.833 E.04167
G1 X118.333 Y129.798 E.009
G1 X117.976 Y129.442 E.01323
G1 X117.895 Y128.649 E.02095
G1 X117.539 Y128.292 E.01323
G1 X116.745 Y128.211 E.02095
G1 X116.389 Y127.855 E.01323
G1 X116.308 Y127.061 E.02095
G1 X115.952 Y126.705 E.01323
G1 X115.158 Y126.624 E.02095
G1 X114.802 Y126.268 E.01323
G1 X114.721 Y125.474 E.02095
G1 X114.365 Y125.118 E.01323
G1 X113.571 Y125.037 E.02095
G1 X113.215 Y124.681 E.01323
G1 X113.134 Y123.887 E.02095
G1 X112.778 Y123.531 E.01323
G1 X111.984 Y123.45 E.02095
G1 X111.628 Y123.093 E.01323
G1 X111.546 Y122.3 E.02095
G1 X111.19 Y121.944 E.01323
G1 X110.397 Y121.862 E.02095
G1 X110.041 Y121.506 E.01323
G1 X109.959 Y120.713 E.02095
G1 X109.603 Y120.357 E.01323
G1 X108.81 Y120.275 E.02095
G1 X108.454 Y119.919 E.01323
G1 X108.372 Y119.126 E.02095
G1 X108.016 Y118.769 E.01323
G1 X107.222 Y118.688 E.02095
G1 X106.866 Y118.332 E.01323
G1 X106.785 Y117.538 E.02095
G1 X106.429 Y117.182 E.01323
G1 X105.635 Y117.101 E.02095
G1 X105.279 Y116.745 E.01323
G1 X105.198 Y115.951 E.02095
G1 X104.842 Y115.595 E.01323
G1 X104.048 Y115.514 E.02095
G1 X103.692 Y115.158 E.01323
G1 X103.611 Y114.364 E.02095
G1 X103.255 Y114.008 E.01323
G1 X102.461 Y113.927 E.02095
G1 X102.105 Y113.57 E.01323
G1 X102.024 Y112.777 E.02095
G1 X101.667 Y112.421 E.01323
G1 X101.199 Y112.373 E.01236
G1 X101.19 Y113.959 E.04167
G1 X101.667 Y114.008 E.0126
G1 X102.024 Y114.364 E.01323
G1 X102.105 Y115.158 E.02095
G1 X102.461 Y115.514 E.01323
G1 X103.255 Y115.595 E.02095
G1 X103.611 Y115.951 E.01323
G1 X103.692 Y116.745 E.02095
G1 X104.048 Y117.101 E.01323
G1 X104.842 Y117.182 E.02095
G1 X105.198 Y117.538 E.01323
G1 X105.279 Y118.332 E.02095
G1 X105.635 Y118.688 E.01323
G1 X106.429 Y118.769 E.02095
G1 X106.785 Y119.126 E.01323
G1 X106.866 Y119.919 E.02095
G1 X107.222 Y120.275 E.01323
G1 X108.016 Y120.357 E.02095
G1 X108.372 Y120.713 E.01323
G1 X108.454 Y121.506 E.02095
G1 X108.81 Y121.862 E.01323
G1 X109.603 Y121.944 E.02095
G1 X109.959 Y122.3 E.01323
G1 X110.041 Y123.093 E.02095
G1 X110.397 Y123.45 E.01323
G1 X111.19 Y123.531 E.02095
G1 X111.546 Y123.887 E.01323
G1 X111.609 Y124.497 E.0161
G1 X111.407 Y124.412 E.00575
G1 X110.673 Y124.231 E.01986
G1 X109.989 Y124.173 E.01804
G1 X109.959 Y123.887 E.00756
G1 X109.603 Y123.531 E.01323
G1 X108.81 Y123.45 E.02095
G1 X108.454 Y123.093 E.01323
G1 X108.372 Y122.3 E.02095
G1 X108.016 Y121.944 E.01323
G1 X107.222 Y121.862 E.02095
G1 X106.866 Y121.506 E.01323
G1 X106.785 Y120.713 E.02095
G1 X106.429 Y120.357 E.01323
G1 X105.635 Y120.275 E.02095
G1 X105.279 Y119.919 E.01323
G1 X105.198 Y119.126 E.02095
G1 X104.842 Y118.769 E.01323
G1 X104.048 Y118.688 E.02095
G1 X103.692 Y118.332 E.01323
G1 X103.611 Y117.538 E.02095
G1 X103.255 Y117.182 E.01323
G1 X102.461 Y117.101 E.02095
G1 X102.105 Y116.745 E.01323
G1 X102.024 Y115.951 E.02095
G1 X101.667 Y115.595 E.01323
G1 X101.181 Y115.545 E.01284
G1 X101.172 Y117.132 E.04167
G1 X101.667 Y117.182 E.01307
G1 X102.024 Y117.538 E.01323
G1 X102.105 Y118.332 E.02095
G1 X102.461 Y118.688 E.01323
G1 X103.255 Y118.769 E.02095
G1 X103.611 Y119.126 E.01323
G1 X103.692 Y119.919 E.02095
G1 X104.048 Y120.275 E.01323
G1 X104.842 Y120.357 E.02095
G1 X105.198 Y120.713 E.01323
G1 X105.279 Y121.506 E.02095
G1 X105.635 Y121.862 E.01323
G1 X106.429 Y121.944 E.02095
G1 X106.785 Y122.3 E.01323
G1 X106.866 Y123.093 E.02095
G1 X107.222 Y123.45 E.01323
G1 X108.016 Y123.531 E.02095
G1 X108.372 Y123.887 E.01323
G1 X108.424 Y124.396 E.01345
G1 X109.165 Y124.222 E.01997
G1 X109.781 Y124.177 E.01625
G1 X111.801 Y124.577 F18000
G1 F7597.235
G1 X112.104 Y124.705 E.00866
G1 X112.747 Y125.104 E.01987
G1 X113.319 Y125.598 E.01987
G1 X113.807 Y126.177 E.01987
G1 X114.111 Y126.679 E.01543
G1 X114.365 Y126.705 E.00669
G1 X114.721 Y127.061 E.01323
G1 X114.802 Y127.855 E.02095
G1 X115.158 Y128.211 E.01323
G1 X115.952 Y128.292 E.02095
G1 X116.308 Y128.649 E.01323
G1 X116.389 Y129.442 E.02095
G1 X116.745 Y129.798 E.01323
G1 X117.539 Y129.88 E.02095
G1 X117.895 Y130.236 E.01323
G1 X117.976 Y131.029 E.02095
G1 X118.333 Y131.385 E.01323
G1 X118.665 Y131.419 E.00877
G1 X118.672 Y130.041 E.03621
G1 X114.7 Y129.81 F18000
G1 F7597.235
G1 X114.698 Y130.213 E.01057
G1 X114.721 Y130.236 E.00086
G1 X114.802 Y131.029 E.02095
G1 X115.158 Y131.385 E.01323
G1 X115.952 Y131.467 E.02095
G1 X116.308 Y131.823 E.01323
G1 X116.389 Y132.616 E.02095
G1 X116.745 Y132.973 E.01323
G1 X117.539 Y133.054 E.02095
G1 X117.895 Y133.41 E.01323
G1 X117.976 Y134.204 E.02095
G1 X118.333 Y134.56 E.01323
G1 X118.646 Y134.592 E.00829
G1 X118.655 Y133.006 E.04167
G1 X118.333 Y132.973 E.00853
G1 X117.976 Y132.616 E.01323
G1 X117.895 Y131.823 E.02095
G1 X117.539 Y131.467 E.01323
G1 X116.745 Y131.385 E.02095
G1 X116.389 Y131.029 E.01323
G1 X116.308 Y130.236 E.02095
G1 X115.952 Y129.88 E.01323
G1 X115.158 Y129.798 E.02095
G1 X114.802 Y129.442 E.01323
G1 X114.721 Y128.649 E.02095
G1 X114.682 Y128.61 E.00143
G1 X114.657 Y128.261 E.0092
G1 X114.632 Y128.155 E.00285
G1 X118.645 Y134.8 F18000
G1 F7597.235
G1 X118.637 Y136.178 E.03621
G1 X118.333 Y136.147 E.00805
G1 X117.976 Y135.791 E.01323
G1 X117.895 Y134.997 E.02095
G1 X117.539 Y134.641 E.01323
G1 X116.745 Y134.56 E.02095
G1 X116.389 Y134.204 E.01323
G1 X116.308 Y133.41 E.02095
G1 X115.952 Y133.054 E.01323
G1 X115.158 Y132.973 E.02095
G1 X114.802 Y132.616 E.01323
G1 X114.721 Y131.823 E.02095
G1 X114.639 Y131.741 E.00304
G1 X114.533 Y132.189 E.01209
G1 X113.478 Y134.174 F18000
G1 F7597.235
G1 X113.764 Y133.843 E.01147
G1 X114.163 Y133.2 E.01987
G1 X114.23 Y133.04 E.00457
G1 X114.365 Y133.054 E.00356
G1 X114.721 Y133.41 E.01323
G1 X114.802 Y134.204 E.02095
G1 X115.158 Y134.56 E.01323
G1 X115.952 Y134.641 E.02095
G1 X116.308 Y134.997 E.01323
G1 X116.389 Y135.791 E.02095
G1 X116.745 Y136.147 E.01323
G1 X117.539 Y136.228 E.02095
G1 X117.895 Y136.584 E.01323
G1 X117.976 Y137.378 E.02095
G1 X118.333 Y137.734 E.01323
G1 X118.628 Y137.764 E.00781
G1 X118.619 Y139.351 E.04167
G1 X118.333 Y139.321 E.00757
G1 X117.976 Y138.965 E.01323
G1 X117.895 Y138.171 E.02095
G1 X117.539 Y137.815 E.01323
G1 X116.745 Y137.734 E.02095
G1 X116.389 Y137.378 E.01323
G1 X116.308 Y136.584 E.02095
G1 X115.952 Y136.228 E.01323
G1 X115.158 Y136.147 E.02095
G1 X114.802 Y135.791 E.01323
G1 X114.721 Y134.997 E.02095
G1 X114.365 Y134.641 E.01323
G1 X113.571 Y134.56 E.02095
G1 X113.342 Y134.331 E.0085
G1 X113.269 Y134.416 E.00295
G1 X112.88 Y134.744 E.01336
G1 X113.134 Y134.997 E.00941
G1 X113.215 Y135.791 E.02095
G1 X113.571 Y136.147 E.01323
G1 X114.365 Y136.228 E.02095
G1 X114.721 Y136.584 E.01323
G1 X114.802 Y137.378 E.02095
G1 X115.158 Y137.734 E.01323
G1 X115.952 Y137.815 E.02095
G1 X116.308 Y138.171 E.01323
G1 X116.389 Y138.965 E.02095
G1 X116.745 Y139.321 E.01323
G1 X117.539 Y139.402 E.02095
G1 X117.895 Y139.759 E.01323
G1 X117.901 Y139.82 E.00163
G1 X116.313 Y139.811 E.04172
G1 X116.308 Y139.759 E.00139
G1 X115.952 Y139.402 E.01323
G1 X115.158 Y139.321 E.02095
G1 X114.802 Y138.965 E.01323
G1 X114.721 Y138.171 E.02095
G1 X114.365 Y137.815 E.01323
G1 X113.571 Y137.734 E.02095
G1 X113.215 Y137.378 E.01323
G1 X113.134 Y136.584 E.02095
G1 X112.778 Y136.228 E.01323
G1 X111.984 Y136.147 E.02095
G1 X111.628 Y135.791 E.01323
G1 X111.596 Y135.478 E.00827
G1 X111.343 Y135.58 E.00716
G1 X110.607 Y135.753 E.01987
G1 X110.044 Y135.794 E.01483
G1 X110.397 Y136.147 E.01311
G1 X111.19 Y136.228 E.02095
G1 X111.546 Y136.584 E.01323
G1 X111.628 Y137.378 E.02095
G1 X111.984 Y137.734 E.01323
G1 X112.778 Y137.815 E.02095
G1 X113.134 Y138.171 E.01323
G1 X113.215 Y138.965 E.02095
G1 X113.571 Y139.321 E.01323
G1 X114.365 Y139.402 E.02095
G1 X114.721 Y139.759 E.01323
G1 X114.725 Y139.802 E.00115
G1 X113.137 Y139.793 E.04172
G1 X113.134 Y139.759 E.00091
G1 X112.778 Y139.402 E.01323
G1 X111.984 Y139.321 E.02095
G1 X111.628 Y138.965 E.01323
G1 X111.546 Y138.171 E.02095
G1 X111.19 Y137.815 E.01323
G1 X110.397 Y137.734 E.02095
G1 X110.041 Y137.378 E.01323
G1 X109.959 Y136.584 E.02095
G1 X109.603 Y136.228 E.01323
G1 X108.81 Y136.147 E.02095
G1 X108.454 Y135.791 E.01323
G1 X108.432 Y135.58 E.00556
G1 X109.099 Y135.744 E.01804
G1 X109.837 Y135.807 E.01945
G1 X106.39 Y134.303 F18000
G1 F7597.235
G1 X105.964 Y133.799 E.01733
G1 X105.573 Y133.151 E.01987
G1 X105.407 Y132.744 E.01156
G1 X105.279 Y132.616 E.00473
G1 X105.243 Y132.261 E.00938
G1 X105.123 Y131.748 E.01386
G1 X104.842 Y131.467 E.01043
G1 X104.048 Y131.385 E.02095
G1 X103.692 Y131.029 E.01323
G1 X103.611 Y130.236 E.02095
G1 X103.255 Y129.88 E.01323
G1 X102.461 Y129.798 E.02095
G1 X102.105 Y129.442 E.01323
G1 X102.024 Y128.649 E.02095
G1 X101.667 Y128.292 E.01323
G1 X101.109 Y128.235 E.01475
G1 X101.118 Y126.649 E.04167
G1 X101.667 Y126.705 E.01451
G1 X102.024 Y127.061 E.01323
G1 X102.105 Y127.855 E.02095
G1 X102.461 Y128.211 E.01323
G1 X103.255 Y128.292 E.02095
G1 X103.611 Y128.649 E.01323
G1 X103.692 Y129.442 E.02095
G1 X104.048 Y129.798 E.01323
G1 X104.842 Y129.88 E.02095
G1 X105.072 Y130.11 E.00855
G1 X105.066 Y131.051 E.02473
G1 X105.102 Y131.541 E.01291
G1 X101.108 Y128.443 F18000
G1 F7597.235
G1 X101.1 Y129.821 E.03621
G1 X101.667 Y129.88 E.01499
G1 X102.024 Y130.236 E.01323
G1 X102.105 Y131.029 E.02095
G1 X102.461 Y131.385 E.01323
G1 X103.255 Y131.467 E.02095
G1 X103.611 Y131.823 E.01323
G1 X103.692 Y132.616 E.02095
G1 X104.048 Y132.973 E.01323
G1 X104.842 Y133.054 E.02095
G1 X105.198 Y133.41 E.01323
G1 X105.279 Y134.204 E.02095
G1 X105.635 Y134.56 E.01323
G1 X106.429 Y134.641 E.02095
G1 X106.785 Y134.997 E.01323
G1 X106.866 Y135.791 E.02095
G1 X107.222 Y136.147 E.01323
G1 X108.016 Y136.228 E.02095
G1 X108.372 Y136.584 E.01323
G1 X108.454 Y137.378 E.02095
G1 X108.81 Y137.734 E.01323
G1 X109.603 Y137.815 E.02095
G1 X109.959 Y138.171 E.01323
G1 X110.041 Y138.965 E.02095
G1 X110.397 Y139.321 E.01323
G1 X111.19 Y139.402 E.02095
G1 X111.546 Y139.759 E.01323
G1 X111.549 Y139.784 E.00067
G1 X109.961 Y139.775 E.04172
G1 X109.603 Y139.402 E.01357
G1 X108.81 Y139.321 E.02095
G1 X108.454 Y138.965 E.01323
G1 X108.372 Y138.171 E.02095
G1 X108.016 Y137.815 E.01323
G1 X107.222 Y137.734 E.02095
G1 X106.866 Y137.378 E.01323
G1 X106.785 Y136.584 E.02095
G1 X106.429 Y136.228 E.01323
G1 X105.635 Y136.147 E.02095
G1 X105.279 Y135.791 E.01323
G1 X105.198 Y134.997 E.02095
G1 X104.842 Y134.641 E.01323
G1 X104.048 Y134.56 E.02095
G1 X103.692 Y134.204 E.01323
G1 X103.611 Y133.41 E.02095
G1 X103.255 Y133.054 E.01323
G1 X102.461 Y132.973 E.02095
G1 X102.105 Y132.616 E.01323
G1 X102.024 Y131.823 E.02095
G1 X101.667 Y131.467 E.01323
G1 X101.091 Y131.408 E.01523
G1 X101.082 Y132.994 E.04167
G1 X101.667 Y133.054 E.01547
G1 X102.024 Y133.41 E.01323
G1 X102.105 Y134.204 E.02095
G1 X102.461 Y134.56 E.01323
G1 X103.255 Y134.641 E.02095
G1 X103.611 Y134.997 E.01323
G1 X103.692 Y135.791 E.02095
G1 X104.048 Y136.147 E.01323
G1 X104.842 Y136.228 E.02095
G1 X105.198 Y136.584 E.01323
G1 X105.279 Y137.378 E.02095
G1 X105.635 Y137.734 E.01323
G1 X106.429 Y137.815 E.02095
G1 X106.785 Y138.171 E.01323
G1 X106.866 Y138.965 E.02095
G1 X107.222 Y139.321 E.01323
G1 X108.016 Y139.402 E.02095
G1 X108.373 Y139.766 E.01338
G1 X106.783 Y139.757 E.04176
G1 X106.429 Y139.402 E.01316
G1 X105.635 Y139.321 E.02095
G1 X105.279 Y138.965 E.01323
G1 X105.198 Y138.171 E.02095
G1 X104.842 Y137.815 E.01323
G1 X104.048 Y137.734 E.02095
G1 X103.692 Y137.378 E.01323
G1 X103.611 Y136.584 E.02095
G1 X103.255 Y136.228 E.01323
G1 X102.461 Y136.147 E.02095
G1 X102.105 Y135.791 E.01323
G1 X102.024 Y134.997 E.02095
G1 X101.667 Y134.641 E.01323
G1 X101.073 Y134.58 E.01571
G1 X101.064 Y136.166 E.04167
G1 X101.667 Y136.228 E.01594
G1 X102.024 Y136.584 E.01323
G1 X102.105 Y137.378 E.02095
G1 X102.461 Y137.734 E.01323
G1 X103.255 Y137.815 E.02095
G1 X103.611 Y138.171 E.01323
G1 X103.692 Y138.965 E.02095
G1 X104.048 Y139.321 E.01323
G1 X104.842 Y139.402 E.02095
G1 X105.187 Y139.748 E.01283
G1 X103.591 Y139.739 E.04193
G1 X103.255 Y139.402 E.01249
G1 X102.461 Y139.321 E.02095
G1 X102.105 Y138.965 E.01323
G1 X102.024 Y138.171 E.02095
G1 X101.667 Y137.815 E.01323
G1 X101.055 Y137.753 E.01618
G1 X101.045 Y139.339 E.04167
G1 X101.667 Y139.402 E.01642
G1 X101.994 Y139.73 E.01215
G1 X103.383 Y139.737 E.03647
G1 X106.543 Y125.525 F18000
G1 F7597.235
G1 X106.008 Y126.132 E.02125
G1 X105.699 Y126.63 E.01541
G1 X105.635 Y126.624 E.00167
G1 X105.279 Y126.268 E.01323
G1 X105.198 Y125.474 E.02095
G1 X104.842 Y125.118 E.01323
G1 X104.048 Y125.037 E.02095
G1 X103.692 Y124.681 E.01323
G1 X103.611 Y123.887 E.02095
G1 X103.255 Y123.531 E.01323
G1 X102.461 Y123.45 E.02095
G1 X102.105 Y123.093 E.01323
G1 X102.024 Y122.3 E.02095
G1 X101.667 Y121.944 E.01323
G1 X101.145 Y121.89 E.01379
G1 X101.136 Y123.476 E.04167
G1 X101.667 Y123.531 E.01403
G1 X102.024 Y123.887 E.01323
G1 X102.105 Y124.681 E.02095
G1 X102.461 Y125.037 E.01323
G1 X103.255 Y125.118 E.02095
G1 X103.611 Y125.474 E.01323
G1 X103.692 Y126.268 E.02095
G1 X104.048 Y126.624 E.01323
G1 X104.842 Y126.705 E.02095
G1 X105.198 Y127.061 E.01323
G1 X105.262 Y127.689 E.01658
G1 X105.135 Y128.206 E.01399
G1 X105.105 Y128.556 E.00922
G1 X104.842 Y128.292 E.00979
G1 X104.048 Y128.211 E.02095
G1 X103.692 Y127.855 E.01323
G1 X103.611 Y127.061 E.02095
G1 X103.255 Y126.705 E.01323
G1 X102.461 Y126.624 E.02095
G1 X102.105 Y126.268 E.01323
G1 X102.024 Y125.474 E.02095
G1 X101.667 Y125.118 E.01323
G1 X101.127 Y125.063 E.01427
G1 X101.135 Y123.684 E.03621
G1 X101.162 Y118.926 F18000
G1 F7597.235
G1 X101.154 Y120.304 E.03621
G1 X101.667 Y120.357 E.01355
G1 X102.024 Y120.713 E.01323
G1 X102.105 Y121.506 E.02095
G1 X102.461 Y121.862 E.01323
G1 X103.255 Y121.944 E.02095
G1 X103.611 Y122.3 E.01323
G1 X103.692 Y123.093 E.02095
G1 X104.048 Y123.45 E.01323
G1 X104.842 Y123.531 E.02095
G1 X105.198 Y123.887 E.01323
G1 X105.279 Y124.681 E.02095
G1 X105.635 Y125.037 E.01323
G1 X106.429 Y125.118 E.02095
G1 X106.702 Y125.391 E.01015
G1 X107.081 Y125.072 E.01301
G1 X107.191 Y125.005 E.00339
G1 X106.866 Y124.681 E.01205
G1 X106.785 Y123.887 E.02095
G1 X106.429 Y123.531 E.01323
G1 X105.635 Y123.45 E.02095
G1 X105.279 Y123.093 E.01323
G1 X105.198 Y122.3 E.02095
G1 X104.842 Y121.944 E.01323
G1 X104.048 Y121.862 E.02095
G1 X103.692 Y121.506 E.01323
G1 X103.611 Y120.713 E.02095
G1 X103.255 Y120.357 E.01323
G1 X102.461 Y120.275 E.02095
G1 X102.105 Y119.919 E.01323
G1 X102.024 Y119.126 E.02095
G1 X101.667 Y118.769 E.01323
G1 X101.163 Y118.718 E.01331
G1 X101.171 Y117.339 E.03621
G1 X107.81 Y107.373 F18000
G1 X108.089 Y107.05
G1 X108.416 Y106.774
G1 X108.782 Y106.552
G1 X109.178 Y106.391
G1 X109.595 Y106.293
G1 X112.961 Y105.849
G1 F7597.235
G1 X112.565 Y105.507 E.01375
G1 X111.989 Y105.15 E.01781
G1 X111.56 Y104.969 E.01224
G1 X111.546 Y104.841 E.00338
G1 X111.19 Y104.485 E.01323
G1 X110.397 Y104.404 E.02095
G1 X110.041 Y104.048 E.01323
G1 X109.959 Y103.254 E.02095
G1 X109.603 Y102.898 E.01323
G1 X108.81 Y102.817 E.02095
G1 X108.454 Y102.46 E.01323
G1 X108.372 Y101.667 E.02095
G1 X108.016 Y101.311 E.01323
G1 X107.222 Y101.229 E.02095
G1 X106.866 Y100.873 E.01323
G1 X106.785 Y100.08 E.02095
G1 X106.429 Y99.724 E.01323
G1 X105.635 Y99.642 E.02095
G1 X105.279 Y99.286 E.01323
G1 X105.198 Y98.492 E.02095
G1 X104.842 Y98.136 E.01323
G1 X104.048 Y98.055 E.02095
G1 X103.692 Y97.699 E.01323
G1 X103.611 Y96.905 E.02095
G1 X103.255 Y96.549 E.01323
G1 X102.461 Y96.468 E.02095
G1 X102.105 Y96.112 E.01323
G1 X102.024 Y95.318 E.02095
G1 X101.667 Y94.962 E.01323
G1 X101.299 Y94.924 E.00973
G1 X101.308 Y93.338 E.04167
G1 X101.667 Y93.375 E.00949
G1 X102.024 Y93.731 E.01323
G1 X102.105 Y94.525 E.02095
G1 X102.461 Y94.881 E.01323
G1 X103.255 Y94.962 E.02095
G1 X103.611 Y95.318 E.01323
G1 X103.692 Y96.112 E.02095
G1 X104.048 Y96.468 E.01323
G1 X104.842 Y96.549 E.02095
G1 X105.198 Y96.905 E.01323
G1 X105.279 Y97.699 E.02095
G1 X105.635 Y98.055 E.01323
G1 X106.429 Y98.136 E.02095
G1 X106.785 Y98.492 E.01323
G1 X106.866 Y99.286 E.02095
G1 X107.222 Y99.642 E.01323
G1 X108.016 Y99.724 E.02095
G1 X108.372 Y100.08 E.01323
G1 X108.454 Y100.873 E.02095
G1 X108.81 Y101.229 E.01323
G1 X109.603 Y101.311 E.02095
G1 X109.959 Y101.667 E.01323
G1 X110.041 Y102.46 E.02095
G1 X110.397 Y102.817 E.01323
G1 X111.19 Y102.898 E.02095
G1 X111.546 Y103.254 E.01323
G1 X111.628 Y104.048 E.02095
G1 X111.984 Y104.404 E.01323
G1 X112.778 Y104.485 E.02095
G1 X113.134 Y104.841 E.01323
G1 X113.215 Y105.635 E.02095
G1 X113.571 Y105.991 E.01323
G1 X114.365 Y106.072 E.02095
G1 X114.721 Y106.428 E.01323
G1 X114.802 Y107.222 E.02095
G1 X115.158 Y107.578 E.01323
G1 X115.952 Y107.659 E.02095
G1 X116.308 Y108.015 E.01323
G1 X116.389 Y108.809 E.02095
G1 X116.745 Y109.165 E.01323
G1 X117.539 Y109.246 E.02095
G1 X117.895 Y109.603 E.01323
G1 X117.976 Y110.396 E.02095
G1 X118.333 Y110.752 E.01323
G1 X118.782 Y110.798 E.01187
G1 X118.773 Y112.385 E.04167
G1 X118.333 Y112.339 E.01164
G1 X117.976 Y111.983 E.01323
G1 X117.895 Y111.19 E.02095
G1 X117.539 Y110.834 E.01323
G1 X116.745 Y110.752 E.02095
G1 X116.389 Y110.396 E.01323
G1 X116.308 Y109.603 E.02095
G1 X115.952 Y109.246 E.01323
G1 X115.158 Y109.165 E.02095
G1 X114.802 Y108.809 E.01323
G1 X114.721 Y108.015 E.02095
G1 X114.365 Y107.659 E.01323
G1 X114.104 Y107.633 E.00687
G1 X113.866 Y107.049 E.01657
G1 X113.515 Y106.469 E.01781
G1 X113.173 Y106.063 E.01394
G1 X118.947 Y82.038 F18000
G1 F7597.235
G1 X118.954 Y80.66 E.03621
G1 X118.333 Y80.596 E.01642
G1 X117.983 Y80.246 E.013
G1 X116.389 Y80.237 E.04186
G1 X116.745 Y80.596 E.01329
G1 X117.539 Y80.678 E.02095
G1 X117.895 Y81.034 E.01323
G1 X117.976 Y81.827 E.02095
G1 X118.333 Y82.183 E.01323
G1 X118.945 Y82.246 E.01618
G1 X118.936 Y83.832 E.04167
G1 X118.333 Y83.771 E.01594
G1 X117.976 Y83.414 E.01323
G1 X117.895 Y82.621 E.02095
G1 X117.539 Y82.265 E.01323
G1 X116.745 Y82.183 E.02095
G1 X116.389 Y81.827 E.01323
G1 X116.308 Y81.034 E.02095
G1 X115.952 Y80.678 E.01323
G1 X115.158 Y80.596 E.02095
G1 X114.801 Y80.228 E.01348
G1 X113.213 Y80.219 E.04172
G1 X113.215 Y80.24 E.00056
G1 X113.571 Y80.596 E.01323
G1 X114.365 Y80.678 E.02095
G1 X114.721 Y81.034 E.01323
G1 X114.802 Y81.827 E.02095
G1 X115.158 Y82.183 E.01323
G1 X115.952 Y82.265 E.02095
G1 X116.308 Y82.621 E.01323
G1 X116.389 Y83.414 E.02095
G1 X116.745 Y83.771 E.01323
G1 X117.539 Y83.852 E.02095
G1 X117.895 Y84.208 E.01323
G1 X117.976 Y85.002 E.02095
G1 X118.333 Y85.358 E.01323
G1 X118.927 Y85.419 E.0157
G1 X118.918 Y87.005 E.04167
G1 X118.333 Y86.945 E.01546
G1 X117.976 Y86.589 E.01323
G1 X117.895 Y85.795 E.02095
G1 X117.539 Y85.439 E.01323
G1 X116.745 Y85.358 E.02095
G1 X116.389 Y85.002 E.01323
G1 X116.308 Y84.208 E.02095
G1 X115.952 Y83.852 E.01323
G1 X115.158 Y83.771 E.02095
G1 X114.802 Y83.414 E.01323
G1 X114.721 Y82.621 E.02095
G1 X114.365 Y82.265 E.01323
G1 X113.571 Y82.183 E.02095
G1 X113.215 Y81.827 E.01323
G1 X113.134 Y81.034 E.02095
G1 X112.778 Y80.678 E.01323
G1 X111.984 Y80.596 E.02095
G1 X111.628 Y80.24 E.01323
G1 X111.625 Y80.21 E.0008
G1 X110.037 Y80.201 E.04172
G1 X110.041 Y80.24 E.00104
G1 X110.397 Y80.596 E.01323
G1 X111.19 Y80.678 E.02095
G1 X111.546 Y81.034 E.01323
G1 X111.628 Y81.827 E.02095
G1 X111.984 Y82.183 E.01323
G1 X112.778 Y82.265 E.02095
G1 X113.134 Y82.621 E.01323
G1 X113.215 Y83.414 E.02095
G1 X113.571 Y83.771 E.01323
G1 X114.365 Y83.852 E.02095
G1 X114.721 Y84.208 E.01323
G1 X114.802 Y85.002 E.02095
G1 X115.158 Y85.358 E.01323
G1 X115.952 Y85.439 E.02095
G1 X116.308 Y85.795 E.01323
G1 X116.389 Y86.589 E.02095
G1 X116.745 Y86.945 E.01323
G1 X117.539 Y87.026 E.02095
G1 X117.895 Y87.382 E.01323
G1 X117.976 Y88.176 E.02095
G1 X118.333 Y88.532 E.01323
G1 X118.909 Y88.591 E.01522
G1 X118.9 Y90.177 E.04167
G1 X118.333 Y90.119 E.01498
G1 X117.976 Y89.763 E.01323
G1 X117.895 Y88.97 E.02095
G1 X117.539 Y88.613 E.01323
G1 X116.745 Y88.532 E.02095
G1 X116.389 Y88.176 E.01323
G1 X116.308 Y87.382 E.02095
G1 X115.952 Y87.026 E.01323
G1 X115.158 Y86.945 E.02095
G1 X114.802 Y86.589 E.01323
G1 X114.721 Y85.795 E.02095
G1 X114.365 Y85.439 E.01323
G1 X113.571 Y85.358 E.02095
G1 X113.215 Y85.002 E.01323
G1 X113.134 Y84.208 E.02095
G1 X112.778 Y83.852 E.01323
G1 X111.984 Y83.771 E.02095
G1 X111.628 Y83.414 E.01323
G1 X111.546 Y82.621 E.02095
G1 X111.19 Y82.265 E.01323
G1 X110.397 Y82.183 E.02095
G1 X110.041 Y81.827 E.01323
G1 X109.959 Y81.034 E.02095
G1 X109.603 Y80.678 E.01323
G1 X108.81 Y80.596 E.02095
G1 X108.454 Y80.24 E.01323
G1 X108.449 Y80.192 E.00128
G1 X107.068 Y80.184 E.03626
; stop printing object pigtail_slot_coupon.stl id:2099807082496 copy 0
M106 S132
;LAYER_CHANGE
;Z:2
;HEIGHT:0.16
G92 E0 ; zero the extruded length again
; BEFORE_LAYER_CHANGE 11 @ 2mm
G1 E-1.75 F6000
;WIPE_START
G1 F7597.235
G1 X108.068 Y80.19 E-.75
;WIPE_END
; AFTER_LAYER_CHANGE 11 @ 2mm
;_SET_FAN_SPEED_CHANGING_LAYER
; printing object pigtail_slot_coupon.stl id:2099807082496 copy 0
G1 F18000
G1 X108.084 Y80.7175 Z2.02857
G1 X107.681 Y81.0586 Z2.05714
G1 X107.163 Y80.9562 Z2.08571
G1 X106.92 Y80.4873 Z2.11429
G1 X107.135 Y80.0051 Z2.14286
G1 X107.646 Y79.8726 Z2.17143
G1 X108.068 Y80.1897 Z2.2
G1 X112.109 Y87.989 Z2.2
G1 X112.241 Y88.313
G1 X112.32 Y88.653
G1 X120.197 Y141.423
G1 X120.197 Y141.423
G1 X120.608 Y141.839
G1 Z2
G1 E2.5 F6000
M204 P1000
;TYPE:Outer wall
;WIDTH:0.42
G1 F3600
G1 X99.029 Y141.716 E.52594
G1 X99.37 Y82.014 E1.45507
G1 X103.269 Y78.159 E.13363
G1 X112.542 Y78.212 E.226
G1 X120.971 Y78.26 E.20545
G1 X120.609 Y141.779 E1.54809
G1 X120.197 Y141.423 F18000
G1 X120.21 Y141.436
M204 P1500
;TYPE:Inner wall
;WIDTH:0.45
G1 F6000
G1 X99.432 Y141.317 E.54581
G1 X99.769 Y82.182 E1.55337
G1 X103.432 Y78.561 E.1353
G1 X112.539 Y78.613 E.23922
G1 X120.568 Y78.658 E.21091
G1 X120.21 Y141.376 E1.64747
G1 X119.797 Y141.018 F18000
G1 F6000
G1 X99.85 Y140.904 E.52397
G1 X100.184 Y82.357 E1.53793
G1 X103.602 Y78.977 E.12626
G1 X112.537 Y79.028 E.2347
G1 X120.15 Y79.072 E.19999
G1 X119.797 Y140.958 E1.62563
G1 X119.383 Y140.6 F18000
G1 F6000
G1 X100.268 Y140.491 E.50213
G1 X100.599 Y82.531 E1.52249
G1 X103.772 Y79.394 E.11721
G1 X112.534 Y79.444 E.23017
G1 X119.732 Y79.485 E.18907
G1 X119.384 Y140.54 E1.60379
G1 X118.97 Y140.182 F18000
G1 F6000
G1 X100.686 Y140.078 E.48029
G1 X101.013 Y82.706 E1.50705
G1 X103.942 Y79.811 E.10817
G1 X112.532 Y79.86 E.22565
G1 X119.314 Y79.898 E.17816
G1 X118.97 Y140.122 E1.58196
G1 E-1.75
;WIPE_START
G1 X117.97 Y140.12 E-.75
;WIPE_END
G1 X114.882 Y137.878 Z2.2 F18000
G1 X109.829 Y134.211 Z2.2
G1 X109.864 Y133.799
G1 Z2
G1 E2.5 F6000
M204 P1000
;TYPE:Outer wall
;WIDTH:0.42
G1 F3600
G1 X110.304 Y133.766 E.01075
G1 X110.733 Y133.666 E.01075
G1 X111.142 Y133.499 E.01075
G1 X111.519 Y133.271 E.01075
G1 X111.856 Y132.987 E.01075
G1 X112.145 Y132.653 E.01075
G1 X112.377 Y132.278 E.01075
G1 X112.548 Y131.871 E.01075
G1 X112.654 Y131.443 E.01075
G1 X112.69 Y131.016 E.01045
G1 X112.702 Y128.992 E.04934
G1 X112.67 Y128.564 E.01045
G1 X112.57 Y128.134 E.01075
G1 X112.403 Y127.726 E.01075
G1 X112.175 Y127.348 E.01075
G1 X111.89 Y127.011 E.01075
G1 X111.557 Y126.723 E.01075
G1 X111.182 Y126.49 E.01075
G1 X110.775 Y126.319 E.01075
G1 X110.347 Y126.214 E.01075
G1 X109.908 Y126.177 E.01075
G1 X109.68 Y126.193 E.00557
G1 X109.468 Y126.209 E.00518
G1 X109.038 Y126.309 E.01075
G1 X108.63 Y126.476 E.01075
G1 X108.252 Y126.704 E.01075
G1 X107.915 Y126.989 E.01075
G1 X107.627 Y127.322 E.01075
G1 X107.394 Y127.697 E.01075
G1 X107.223 Y128.104 E.01075
G1 X107.118 Y128.532 E.01075
G1 X107.082 Y128.959 E.01045
G1 X107.07 Y130.984 E.04934
G1 X107.101 Y131.412 E.01045
G1 X107.202 Y131.841 E.01075
G1 X107.368 Y132.249 E.01075
G1 X107.597 Y132.627 E.01075
G1 X107.881 Y132.964 E.01075
G1 X108.215 Y133.252 E.01075
G1 X108.59 Y133.485 E.01075
G1 X108.996 Y133.656 E.01075
G1 X109.424 Y133.761 E.01075
G1 X109.804 Y133.793 E.00929
G1 X109.769 Y134.206 F18000
G1 X109.862 Y134.213
G1 X109.891 Y134.211
G1 X109.89 Y134.198
M204 P1500
;TYPE:Inner wall
;WIDTH:0.45
G1 F6000
G1 X110.365 Y134.164 E.01251
G1 X110.855 Y134.049 E.01324
G1 X111.322 Y133.859 E.01324
G1 X111.754 Y133.598 E.01324
G1 X112.139 Y133.272 E.01324
G1 X112.468 Y132.891 E.01324
G1 X112.734 Y132.463 E.01324
G1 X112.93 Y131.998 E.01324
G1 X113.05 Y131.508 E.01324
G1 X113.091 Y131.034 E.01251
G1 X113.102 Y128.978 E.054
G1 X113.068 Y128.503 E.01251
G1 X112.953 Y128.012 E.01324
G1 X112.762 Y127.545 E.01324
G1 X112.501 Y127.114 E.01324
G1 X112.176 Y126.729 E.01324
G1 X111.795 Y126.399 E.01324
G1 X111.366 Y126.133 E.01324
G1 X110.902 Y125.938 E.01324
G1 X110.412 Y125.817 E.01324
G1 X109.91 Y125.775 E.01324
G1 X109.651 Y125.794 E.00683
G1 X109.407 Y125.812 E.00642
G1 X108.916 Y125.926 E.01324
G1 X108.449 Y126.117 E.01324
G1 X108.018 Y126.378 E.01324
G1 X107.633 Y126.703 E.01324
G1 X107.303 Y127.084 E.01324
G1 X107.037 Y127.513 E.01324
G1 X106.842 Y127.977 E.01324
G1 X106.721 Y128.467 E.01324
G1 X106.681 Y128.941 E.01251
G1 X106.669 Y130.997 E.054
G1 X106.704 Y131.472 E.01251
G1 X106.819 Y131.963 E.01324
G1 X107.009 Y132.43 E.01324
G1 X107.27 Y132.861 E.01324
G1 X107.595 Y133.247 E.01324
G1 X107.977 Y133.576 E.01324
G1 X108.405 Y133.842 E.01324
G1 X108.87 Y134.037 E.01324
G1 X109.359 Y134.158 E.01324
G1 X109.83 Y134.198 E.01241
G1 X109.802 Y134.613 F18000
G1 F6000
G1 X109.859 Y134.617 E.0015
G1 X110.427 Y134.576 E.01496
G1 X110.982 Y134.446 E.01496
G1 X111.509 Y134.231 E.01496
G1 X111.997 Y133.936 E.01496
G1 X112.432 Y133.569 E.01496
G1 X112.804 Y133.138 E.01496
G1 X113.105 Y132.654 E.01496
G1 X113.326 Y132.129 E.01496
G1 X113.462 Y131.576 E.01496
G1 X113.506 Y131.053 E.0138
G1 X113.518 Y128.964 E.05486
G1 X113.48 Y128.44 E.0138
G1 X113.35 Y127.886 E.01496
G1 X113.135 Y127.358 E.01496
G1 X112.84 Y126.871 E.01496
G1 X112.473 Y126.436 E.01496
G1 X112.042 Y126.063 E.01496
G1 X111.558 Y125.763 E.01496
G1 X111.033 Y125.542 E.01496
G1 X110.48 Y125.406 E.01496
G1 X109.912 Y125.358 E.01496
G1 X109.62 Y125.379 E.00769
G1 X109.344 Y125.399 E.00727
G1 X108.79 Y125.529 E.01496
G1 X108.262 Y125.744 E.01496
G1 X107.775 Y126.039 E.01496
G1 X107.34 Y126.406 E.01496
G1 X106.967 Y126.837 E.01496
G1 X106.667 Y127.321 E.01496
G1 X106.446 Y127.846 E.01496
G1 X106.31 Y128.399 E.01496
G1 X106.265 Y128.923 E.0138
G1 X106.254 Y131.011 E.05486
G1 X106.292 Y131.535 E.0138
G1 X106.422 Y132.089 E.01496
G1 X106.637 Y132.617 E.01496
G1 X106.931 Y133.104 E.01496
G1 X107.299 Y133.54 E.01496
G1 X107.73 Y133.912 E.01496
G1 X108.214 Y134.212 E.01496
G1 X108.739 Y134.433 E.01496
G1 X109.292 Y134.569 E.01496
G1 X109.743 Y134.608 E.01188
G1 X109.943 Y135.028 F18000
G1 F6000
G1 X110.49 Y134.988 E.01442
G1 X111.109 Y134.843 E.01668
G1 X111.697 Y134.604 E.01668
G1 X112.24 Y134.275 E.01668
G1 X112.725 Y133.866 E.01668
G1 X113.14 Y133.385 E.01668
G1 X113.475 Y132.845 E.01668
G1 X113.722 Y132.26 E.01668
G1 X113.873 Y131.644 E.01668
G1 X113.922 Y131.071 E.01508
G1 X113.934 Y128.95 E.05572
G1 X113.892 Y128.377 E.01509
G1 X113.747 Y127.759 E.01668
G1 X113.508 Y127.171 E.01668
G1 X113.179 Y126.628 E.01668
G1 X112.769 Y126.142 E.01668
G1 X112.289 Y125.727 E.01668
G1 X111.749 Y125.393 E.01668
G1 X111.164 Y125.146 E.01668
G1 X110.547 Y124.994 E.01668
G1 X109.915 Y124.941 E.01668
G1 X109.59 Y124.965 E.00855
G1 X109.281 Y124.987 E.00813
G1 X108.663 Y125.132 E.01668
G1 X108.075 Y125.372 E.01668
G1 X107.532 Y125.7 E.01668
G1 X107.046 Y126.11 E.01668
G1 X106.631 Y126.59 E.01668
G1 X106.296 Y127.13 E.01668
G1 X106.05 Y127.715 E.01668
G1 X105.898 Y128.332 E.01668
G1 X105.85 Y128.904 E.01508
G1 X105.838 Y131.025 E.05572
G1 X105.88 Y131.598 E.01509
G1 X106.024 Y132.216 E.01668
G1 X106.264 Y132.804 E.01668
G1 X106.593 Y133.348 E.01668
G1 X107.002 Y133.833 E.01668
G1 X107.483 Y134.248 E.01668
G1 X108.022 Y134.583 E.01668
G1 X108.608 Y134.829 E.01668
G1 X109.224 Y134.981 E.01668
G1 X109.857 Y135.034 E.01668
G1 X109.883 Y135.032 E.00069
G1 X109.74 Y135.442 F18000
G1 F6000
G1 X109.855 Y135.451 E.00303
G1 X110.553 Y135.4 E.0184
G1 X111.235 Y135.241 E.0184
G1 X111.884 Y134.976 E.0184
G1 X112.483 Y134.614 E.0184
G1 X113.018 Y134.162 E.0184
G1 X113.476 Y133.632 E.0184
G1 X113.846 Y133.037 E.0184
G1 X114.117 Y132.391 E.0184
G1 X114.285 Y131.711 E.0184
G1 X114.337 Y131.09 E.01637
G1 X114.35 Y128.936 E.05657
G1 X114.304 Y128.315 E.01637
G1 X114.145 Y127.633 E.01839
G1 X113.88 Y126.984 E.0184
G1 X113.518 Y126.385 E.0184
G1 X113.066 Y125.849 E.0184
G1 X112.536 Y125.391 E.0184
G1 X111.941 Y125.022 E.0184
G1 X111.295 Y124.75 E.0184
G1 X110.615 Y124.583 E.0184
G1 X109.917 Y124.524 E.0184
G1 X109.56 Y124.55 E.00941
G1 X109.218 Y124.575 E.00899
G1 X108.536 Y124.735 E.0184
G1 X107.888 Y124.999 E.0184
G1 X107.289 Y125.362 E.0184
G1 X106.753 Y125.813 E.0184
G1 X106.295 Y126.343 E.0184
G1 X105.926 Y126.939 E.0184
G1 X105.654 Y127.584 E.0184
G1 X105.487 Y128.264 E.0184
G1 X105.434 Y128.885 E.01637
G1 X105.422 Y131.039 E.05657
G1 X105.467 Y131.661 E.01637
G1 X105.627 Y132.343 E.01839
G1 X105.891 Y132.991 E.0184
G1 X106.254 Y133.591 E.0184
G1 X106.706 Y134.126 E.0184
G1 X107.236 Y134.584 E.0184
G1 X107.831 Y134.953 E.0184
G1 X108.477 Y135.225 E.0184
G1 X109.157 Y135.392 E.0184
G1 X109.68 Y135.436 E.01379
G1 E-1.75
;WIPE_START
G1 X109.855 Y135.451 E-.13155
G1 X110.553 Y135.4 E-.52542
G1 X110.674 Y135.372 E-.09304
;WIPE_END
G1 X112.479 Y132.899 Z2.2 F18000
G1 X112.746 Y132.469
G1 X112.942 Y132.002
G1 X113.063 Y131.51
G1 X113.103 Y131.034
G1 X113.115 Y128.978
G1 X112.729 Y108.975
G1 X112.7 Y108.577
G1 X112.603 Y108.16
G1 X112.441 Y107.764
G1 X112.22 Y107.398
G1 X111.944 Y107.072
G1 X111.62 Y106.792
G1 X111.257 Y106.566
G1 X110.863 Y106.4
G1 X110.447 Y106.298
G1 X110.281 Y106.284
G1 X110.063 Y93.211
G1 X110.098 Y92.799
G1 Z2
G1 E2.5 F6000
M204 P1000
;TYPE:Outer wall
;WIDTH:0.42
G1 F3600
G1 X110.382 Y92.778 E.00693
G1 X110.658 Y92.714 E.00693
G1 X110.921 Y92.606 E.00693
G1 X111.165 Y92.459 E.00692
G1 X111.382 Y92.276 E.00692
G1 X111.568 Y92.061 E.00693
G1 X111.717 Y91.82 E.00693
G1 X111.828 Y91.558 E.00693
G1 X111.896 Y91.282 E.00692
G1 X111.918 Y91.011 E.00663
G1 X111.93 Y88.986 E.04934
G1 X111.91 Y88.715 E.00663
G1 X111.845 Y88.439 E.00692
G1 X111.738 Y88.175 E.00693
G1 X111.591 Y87.932 E.00693
G1 X111.408 Y87.715 E.00693
G1 X111.193 Y87.529 E.00692
G1 X110.951 Y87.379 E.00692
G1 X110.689 Y87.269 E.00693
G1 X110.413 Y87.201 E.00693
G1 X110.13 Y87.177 E.00693
G1 X109.984 Y87.188 E.00358
G1 X109.847 Y87.198 E.00335
G1 X109.57 Y87.263 E.00693
G1 X109.307 Y87.37 E.00693
G1 X109.064 Y87.517 E.00692
G1 X108.847 Y87.7 E.00692
G1 X108.661 Y87.915 E.00693
G1 X108.511 Y88.157 E.00693
G1 X108.401 Y88.419 E.00693
G1 X108.333 Y88.695 E.00692
G1 X108.31 Y88.966 E.00663
G1 X108.298 Y90.99 E.04934
G1 X108.318 Y91.261 E.00663
G1 X108.383 Y91.538 E.00692
G1 X108.49 Y91.801 E.00693
G1 X108.637 Y92.044 E.00693
G1 X108.821 Y92.262 E.00693
G1 X109.036 Y92.447 E.00692
G1 X109.277 Y92.597 E.00692
G1 X109.539 Y92.707 E.00693
G1 X109.815 Y92.775 E.00693
G1 X110.038 Y92.794 E.00546
G1 X110.003 Y93.206 F18000
G1 X110.096 Y93.214
G1 X110.125 Y93.212
G1 X110.124 Y93.199
M204 P1500
;TYPE:Inner wall
;WIDTH:0.45
G1 F6000
G1 X110.442 Y93.176 E.00838
G1 X110.78 Y93.097 E.00912
G1 X111.102 Y92.966 E.00912
G1 X111.399 Y92.786 E.00912
G1 X111.664 Y92.562 E.00912
G1 X111.891 Y92.299 E.00912
G1 X112.074 Y92.004 E.00912
G1 X112.209 Y91.684 E.00912
G1 X112.292 Y91.347 E.00912
G1 X112.319 Y91.029 E.00839
G1 X112.331 Y88.973 E.054
G1 X112.307 Y88.655 E.00839
G1 X112.228 Y88.317 E.00912
G1 X112.097 Y87.995 E.00912
G1 X111.918 Y87.698 E.00912
G1 X111.694 Y87.432 E.00912
G1 X111.431 Y87.206 E.00912
G1 X111.136 Y87.022 E.00912
G1 X110.816 Y86.888 E.00912
G1 X110.479 Y86.805 E.00912
G1 X110.133 Y86.775 E.00912
G1 X109.955 Y86.788 E.00469
G1 X109.786 Y86.801 E.00443
G1 X109.448 Y86.88 E.00912
G1 X109.127 Y87.011 E.00912
G1 X108.83 Y87.191 E.00912
G1 X108.564 Y87.415 E.00912
G1 X108.337 Y87.677 E.00912
G1 X108.154 Y87.972 E.00912
G1 X108.019 Y88.293 E.00912
G1 X107.936 Y88.63 E.00912
G1 X107.909 Y88.948 E.00839
G1 X107.898 Y91.004 E.054
G1 X107.921 Y91.322 E.00839
G1 X108 Y91.66 E.00912
G1 X108.131 Y91.982 E.00912
G1 X108.311 Y92.279 E.00912
G1 X108.535 Y92.544 E.00912
G1 X108.798 Y92.771 E.00912
G1 X109.093 Y92.954 E.00912
G1 X109.413 Y93.089 E.00912
G1 X109.75 Y93.172 E.00912
G1 X110.064 Y93.198 E.00828
G1 X110.151 Y93.614 F18000
G1 F6000
G1 X110.505 Y93.588 E.00934
G1 X110.907 Y93.494 E.01084
G1 X111.289 Y93.338 E.01084
G1 X111.642 Y93.125 E.01084
G1 X111.957 Y92.859 E.01084
G1 X112.227 Y92.546 E.01084
G1 X112.445 Y92.196 E.01084
G1 X112.605 Y91.815 E.01084
G1 X112.704 Y91.415 E.01084
G1 X112.735 Y91.048 E.00968
G1 X112.746 Y88.959 E.05486
G1 X112.72 Y88.592 E.00968
G1 X112.626 Y88.19 E.01084
G1 X112.47 Y87.808 E.01084
G1 X112.256 Y87.455 E.01084
G1 X111.99 Y87.139 E.01084
G1 X111.678 Y86.87 E.01084
G1 X111.327 Y86.652 E.01084
G1 X110.947 Y86.492 E.01084
G1 X110.546 Y86.393 E.01084
G1 X110.135 Y86.359 E.01084
G1 X109.924 Y86.374 E.00555
G1 X109.723 Y86.389 E.00529
G1 X109.322 Y86.483 E.01084
G1 X108.939 Y86.638 E.01084
G1 X108.586 Y86.852 E.01084
G1 X108.271 Y87.118 E.01084
G1 X108.001 Y87.43 E.01084
G1 X107.784 Y87.781 E.01084
G1 X107.624 Y88.161 E.01084
G1 X107.525 Y88.562 E.01084
G1 X107.494 Y88.929 E.00968
G1 X107.482 Y91.018 E.05486
G1 X107.509 Y91.385 E.00968
G1 X107.603 Y91.787 E.01084
G1 X107.759 Y92.169 E.01084
G1 X107.972 Y92.522 E.01084
G1 X108.238 Y92.837 E.01084
G1 X108.551 Y93.107 E.01084
G1 X108.901 Y93.325 E.01084
G1 X109.282 Y93.485 E.01084
G1 X109.682 Y93.583 E.01084
G1 X110.091 Y93.618 E.01077
G1 X110.005 Y94.028 F18000
G1 F6000
G1 X110.091 Y94.035 E.00227
G1 X110.568 Y94 E.01256
G1 X111.033 Y93.891 E.01256
G1 X111.476 Y93.711 E.01256
G1 X111.885 Y93.463 E.01255
G1 X112.25 Y93.155 E.01256
G1 X112.563 Y92.793 E.01256
G1 X112.815 Y92.387 E.01256
G1 X113.001 Y91.946 E.01256
G1 X113.115 Y91.482 E.01255
G1 X113.15 Y91.066 E.01097
G1 X113.162 Y88.945 E.05572
G1 X113.132 Y88.529 E.01097
G1 X113.023 Y88.063 E.01255
G1 X112.842 Y87.621 E.01256
G1 X112.595 Y87.212 E.01256
G1 X112.287 Y86.846 E.01256
G1 X111.925 Y86.534 E.01256
G1 X111.519 Y86.282 E.01255
G1 X111.078 Y86.096 E.01256
G1 X110.614 Y85.982 E.01256
G1 X110.137 Y85.942 E.01256
G1 X109.894 Y85.959 E.00641
G1 X109.661 Y85.976 E.00615
G1 X109.195 Y86.085 E.01256
G1 X108.752 Y86.266 E.01256
G1 X108.343 Y86.513 E.01255
G1 X107.978 Y86.822 E.01256
G1 X107.665 Y87.183 E.01256
G1 X107.413 Y87.59 E.01256
G1 X107.228 Y88.03 E.01256
G1 X107.113 Y88.494 E.01255
G1 X107.078 Y88.91 E.01097
G1 X107.066 Y91.031 E.05572
G1 X107.097 Y91.448 E.01097
G1 X107.206 Y91.913 E.01256
G1 X107.386 Y92.356 E.01256
G1 X107.633 Y92.765 E.01256
G1 X107.942 Y93.13 E.01256
G1 X108.304 Y93.443 E.01256
G1 X108.71 Y93.695 E.01255
G1 X109.151 Y93.881 E.01256
G1 X109.615 Y93.995 E.01256
G1 X109.945 Y94.023 E.00871
G1 X109.974 Y94.442 F18000
G1 F6000
G1 X110.089 Y94.452 E.00303
G1 X110.631 Y94.412 E.01428
G1 X111.16 Y94.289 E.01428
G1 X111.663 Y94.083 E.01428
G1 X112.128 Y93.802 E.01427
G1 X112.544 Y93.452 E.01428
G1 X112.899 Y93.04 E.01428
G1 X113.186 Y92.578 E.01428
G1 X113.397 Y92.077 E.01428
G1 X113.526 Y91.55 E.01427
G1 X113.566 Y91.085 E.01225
G1 X113.578 Y88.931 E.05657
G1 X113.544 Y88.466 E.01225
G1 X113.42 Y87.937 E.01427
G1 X113.215 Y87.434 E.01428
G1 X112.934 Y86.968 E.01428
G1 X112.583 Y86.553 E.01428
G1 X112.172 Y86.198 E.01428
G1 X111.71 Y85.911 E.01427
G1 X111.209 Y85.7 E.01428
G1 X110.681 Y85.57 E.01428
G1 X110.14 Y85.525 E.01428
G1 X109.864 Y85.545 E.00727
G1 X109.598 Y85.564 E.00701
G1 X109.069 Y85.688 E.01427
G1 X108.565 Y85.893 E.01428
G1 X108.1 Y86.174 E.01427
G1 X107.685 Y86.525 E.01428
G1 X107.329 Y86.936 E.01428
G1 X107.043 Y87.398 E.01428
G1 X106.832 Y87.899 E.01428
G1 X106.702 Y88.427 E.01427
G1 X106.663 Y88.892 E.01225
G1 X106.65 Y91.045 E.05657
G1 X106.684 Y91.511 E.01225
G1 X106.808 Y92.04 E.01427
G1 X107.013 Y92.543 E.01428
G1 X107.295 Y93.008 E.01428
G1 X107.645 Y93.424 E.01428
G1 X108.057 Y93.779 E.01428
G1 X108.518 Y94.065 E.01427
G1 X109.019 Y94.276 E.01428
G1 X109.547 Y94.406 E.01428
G1 X109.914 Y94.437 E.00967
G1 E-1.75
;WIPE_START
G1 X110.089 Y94.452 E-.13154
G1 X110.631 Y94.412 E-.40761
G1 X110.905 Y94.348 E-.21086
;WIPE_END
G1 X111.382 Y98.134 Z2.2 F18000
G1 X112.7 Y108.577 Z2.2
G1 X112.729 Y108.975
G1 X112.718 Y111.032
G1 X112.684 Y111.43
G1 X112.582 Y111.845
G1 X112.416 Y112.239
G1 X112.19 Y112.603
G1 X111.911 Y112.926
G1 X111.584 Y113.202
G1 X111.218 Y113.424
G1 X110.822 Y113.585
G1 X110.405 Y113.683
G1 X110.011 Y113.711
G1 X109.981 Y113.299
G1 Z2
G1 E2.5 F6000
M204 P1000
;TYPE:Outer wall
;WIDTH:0.42
G1 F3600
G1 X110.343 Y113.272 E.00884
G1 X110.696 Y113.19 E.00884
G1 X111.032 Y113.053 E.00884
G1 X111.342 Y112.865 E.00884
G1 X111.619 Y112.631 E.00884
G1 X111.856 Y112.357 E.00884
G1 X112.047 Y112.049 E.00884
G1 X112.188 Y111.715 E.00884
G1 X112.275 Y111.362 E.00884
G1 X112.304 Y111.013 E.00854
G1 X112.316 Y108.989 E.04934
G1 X112.29 Y108.64 E.00854
G1 X112.208 Y108.286 E.00884
G1 X112.071 Y107.951 E.00884
G1 X111.883 Y107.64 E.00884
G1 X111.649 Y107.363 E.00884
G1 X111.375 Y107.126 E.00884
G1 X111.067 Y106.935 E.00884
G1 X110.732 Y106.794 E.00884
G1 X110.38 Y106.708 E.00884
G1 X110.019 Y106.677 E.00884
G1 X109.832 Y106.691 E.00457
G1 X109.657 Y106.703 E.00427
G1 X109.304 Y106.786 E.00884
G1 X108.968 Y106.923 E.00884
G1 X108.658 Y107.111 E.00884
G1 X108.381 Y107.345 E.00884
G1 X108.144 Y107.619 E.00884
G1 X107.953 Y107.927 E.00884
G1 X107.812 Y108.261 E.00884
G1 X107.725 Y108.613 E.00884
G1 X107.696 Y108.963 E.00854
G1 X107.684 Y110.987 E.04934
G1 X107.71 Y111.336 E.00854
G1 X107.792 Y111.69 E.00884
G1 X107.929 Y112.025 E.00884
G1 X108.117 Y112.336 E.00884
G1 X108.351 Y112.613 E.00884
G1 X108.625 Y112.85 E.00884
G1 X108.933 Y113.041 E.00884
G1 X109.268 Y113.182 E.00884
G1 X109.62 Y113.268 E.00884
G1 X109.921 Y113.294 E.00738
G1 X109.886 Y113.706 F18000
G1 X109.979 Y113.714
G1 X110.008 Y113.712
G1 X110.007 Y113.699
M204 P1500
;TYPE:Inner wall
;WIDTH:0.45
G1 F6000
G1 X110.403 Y113.67 E.01045
G1 X110.818 Y113.573 E.01118
G1 X111.212 Y113.412 E.01118
G1 X111.576 Y113.192 E.01118
G1 X111.902 Y112.917 E.01118
G1 X112.18 Y112.595 E.01118
G1 X112.404 Y112.233 E.01118
G1 X112.57 Y111.841 E.01118
G1 X112.671 Y111.428 E.01118
G1 X112.705 Y111.031 E.01045
G1 X112.716 Y108.976 E.054
G1 X112.688 Y108.579 E.01045
G1 X112.591 Y108.164 E.01118
G1 X112.43 Y107.77 E.01118
G1 X112.21 Y107.406 E.01118
G1 X111.935 Y107.081 E.01118
G1 X111.613 Y106.802 E.01118
G1 X111.251 Y106.578 E.01118
G1 X110.859 Y106.413 E.01118
G1 X110.445 Y106.311 E.01118
G1 X110.021 Y106.275 E.01118
G1 X109.803 Y106.291 E.00576
G1 X109.597 Y106.306 E.00543
G1 X109.182 Y106.403 E.01118
G1 X108.788 Y106.564 E.01118
G1 X108.424 Y106.784 E.01118
G1 X108.098 Y107.059 E.01118
G1 X107.82 Y107.381 E.01118
G1 X107.596 Y107.743 E.01118
G1 X107.43 Y108.135 E.01118
G1 X107.329 Y108.548 E.01118
G1 X107.295 Y108.945 E.01045
G1 X107.284 Y111 E.054
G1 X107.312 Y111.397 E.01045
G1 X107.409 Y111.812 E.01118
G1 X107.57 Y112.206 E.01118
G1 X107.79 Y112.57 E.01118
G1 X108.065 Y112.895 E.01118
G1 X108.387 Y113.174 E.01118
G1 X108.749 Y113.398 E.01118
G1 X109.141 Y113.563 E.01118
G1 X109.555 Y113.665 E.01118
G1 X109.947 Y113.698 E.01034
G1 X110.033 Y114.114 F18000
G1 F6000
G1 X110.466 Y114.082 E.0114
G1 X110.944 Y113.97 E.0129
G1 X111.399 Y113.785 E.0129
G1 X111.819 Y113.53 E.0129
G1 X112.195 Y113.214 E.0129
G1 X112.516 Y112.842 E.0129
G1 X112.775 Y112.425 E.0129
G1 X112.965 Y111.972 E.0129
G1 X113.083 Y111.495 E.0129
G1 X113.12 Y111.05 E.01173
G1 X113.132 Y108.962 E.05486
G1 X113.1 Y108.516 E.01174
G1 X112.988 Y108.038 E.0129
G1 X112.802 Y107.583 E.0129
G1 X112.548 Y107.163 E.0129
G1 X112.231 Y106.788 E.0129
G1 X111.86 Y106.466 E.0129
G1 X111.443 Y106.207 E.0129
G1 X110.99 Y106.017 E.0129
G1 X110.513 Y105.9 E.0129
G1 X110.024 Y105.858 E.0129
G1 X109.772 Y105.877 E.00662
G1 X109.534 Y105.894 E.00629
G1 X109.056 Y106.006 E.0129
G1 X108.601 Y106.191 E.0129
G1 X108.181 Y106.445 E.0129
G1 X107.805 Y106.762 E.0129
G1 X107.484 Y107.134 E.0129
G1 X107.225 Y107.551 E.0129
G1 X107.035 Y108.004 E.0129
G1 X106.917 Y108.481 E.0129
G1 X106.88 Y108.926 E.01173
G1 X106.868 Y111.014 E.05486
G1 X106.9 Y111.46 E.01174
G1 X107.012 Y111.938 E.0129
G1 X107.198 Y112.393 E.0129
G1 X107.452 Y112.813 E.0129
G1 X107.769 Y113.188 E.0129
G1 X108.14 Y113.509 E.0129
G1 X108.557 Y113.768 E.0129
G1 X109.01 Y113.959 E.0129
G1 X109.487 Y114.076 E.0129
G1 X109.974 Y114.117 E.01282
G1 X110.06 Y114.528 F18000
G1 F6000
G1 X110.529 Y114.494 E.01236
G1 X111.071 Y114.367 E.01462
G1 X111.586 Y114.157 E.01462
G1 X112.063 Y113.869 E.01462
G1 X112.488 Y113.51 E.01462
G1 X112.852 Y113.089 E.01462
G1 X113.145 Y112.616 E.01462
G1 X113.361 Y112.103 E.01462
G1 X113.494 Y111.563 E.01462
G1 X113.536 Y111.069 E.01302
G1 X113.548 Y108.948 E.05572
G1 X113.512 Y108.453 E.01302
G1 X113.385 Y107.911 E.01462
G1 X113.175 Y107.396 E.01462
G1 X112.887 Y106.92 E.01462
G1 X112.528 Y106.494 E.01462
G1 X112.107 Y106.131 E.01462
G1 X111.634 Y105.837 E.01462
G1 X111.121 Y105.621 E.01462
G1 X110.581 Y105.488 E.01462
G1 X110.026 Y105.441 E.01462
G1 X109.742 Y105.462 E.00747
G1 X109.471 Y105.482 E.00715
G1 X108.929 Y105.609 E.01462
G1 X108.414 Y105.819 E.01462
G1 X107.937 Y106.107 E.01462
G1 X107.512 Y106.466 E.01462
G1 X107.148 Y106.887 E.01462
G1 X106.855 Y107.36 E.01462
G1 X106.639 Y107.873 E.01462
G1 X106.506 Y108.413 E.01462
G1 X106.464 Y108.907 E.01302
G1 X106.452 Y111.028 E.05572
G1 X106.488 Y111.523 E.01302
G1 X106.615 Y112.065 E.01462
G1 X106.825 Y112.58 E.01462
G1 X107.113 Y113.056 E.01462
G1 X107.472 Y113.482 E.01462
G1 X107.893 Y113.845 E.01462
G1 X108.366 Y114.139 E.01462
G1 X108.879 Y114.355 E.01462
G1 X109.419 Y114.488 E.01462
G1 X109.974 Y114.535 E.01462
G1 X110 Y114.533 E.00069
G1 X110.087 Y114.943 F18000
G1 F6000
G1 X110.592 Y114.906 E.01331
G1 X111.198 Y114.765 E.01634
G1 X111.774 Y114.53 E.01634
G1 X112.306 Y114.208 E.01634
G1 X112.781 Y113.807 E.01634
G1 X113.188 Y113.336 E.01634
G1 X113.516 Y112.808 E.01634
G1 X113.757 Y112.234 E.01634
G1 X113.906 Y111.63 E.01634
G1 X113.951 Y111.087 E.01431
G1 X113.964 Y108.934 E.05657
G1 X113.924 Y108.39 E.01431
G1 X113.782 Y107.785 E.01634
G1 X113.548 Y107.209 E.01634
G1 X113.226 Y106.677 E.01634
G1 X112.824 Y106.201 E.01634
G1 X112.354 Y105.795 E.01634
G1 X111.825 Y105.467 E.01634
G1 X111.252 Y105.225 E.01634
G1 X110.648 Y105.077 E.01634
G1 X110.028 Y105.024 E.01634
G1 X109.712 Y105.047 E.00833
G1 X109.408 Y105.07 E.008
G1 X108.802 Y105.211 E.01634
G1 X108.226 Y105.446 E.01634
G1 X107.694 Y105.768 E.01634
G1 X107.219 Y106.169 E.01634
G1 X106.812 Y106.64 E.01634
G1 X106.484 Y107.168 E.01634
G1 X106.243 Y107.742 E.01634
G1 X106.094 Y108.346 E.01634
G1 X106.049 Y108.888 E.01431
G1 X106.036 Y111.042 E.05657
G1 X106.076 Y111.586 E.01431
G1 X106.218 Y112.191 E.01634
G1 X106.452 Y112.767 E.01634
G1 X106.774 Y113.299 E.01634
G1 X107.176 Y113.775 E.01634
G1 X107.646 Y114.181 E.01634
G1 X108.175 Y114.509 E.01634
G1 X108.748 Y114.751 E.01634
G1 X109.352 Y114.899 E.01634
G1 X109.972 Y114.952 E.01634
G1 X110.027 Y114.948 E.00145
G1 X114.143 Y112.153 F18000
M204 P2000
;TYPE:Sparse infill
G1 F7597.235
G1 X114.258 Y111.688 E.01256
G1 X114.307 Y111.103 E.01541
G1 X114.309 Y110.721 E.01004
G1 X114.365 Y110.71 E.00149
G1 X114.678 Y110.396 E.01164
G1 X114.845 Y109.603 E.0213
G1 X115.158 Y109.289 E.01164
G1 X115.952 Y109.122 E.0213
G1 X116.265 Y108.809 E.01164
G1 X116.432 Y108.015 E.0213
G1 X116.745 Y107.702 E.01164
G1 X117.539 Y107.535 E.0213
G1 X117.852 Y107.222 E.01164
G1 X118.019 Y106.428 E.0213
G1 X118.333 Y106.115 E.01164
G1 X118.81 Y106.015 E.0128
G1 X118.801 Y107.604 E.04174
G1 X118.333 Y107.702 E.01256
G1 X118.019 Y108.015 E.01164
G1 X117.852 Y108.809 E.0213
G1 X117.539 Y109.122 E.01164
G1 X116.745 Y109.289 E.0213
G1 X116.432 Y109.603 E.01164
G1 X116.265 Y110.396 E.0213
G1 X115.952 Y110.71 E.01164
G1 X115.158 Y110.876 E.0213
G1 X114.845 Y111.19 E.01164
G1 X114.678 Y111.983 E.0213
G1 X114.365 Y112.297 E.01164
G1 X114.092 Y112.354 E.00731
G1 X113.833 Y112.971 E.01759
G1 X113.475 Y113.547 E.01781
G1 X113.032 Y114.06 E.01781
G1 X112.514 Y114.498 E.01781
G1 X111.934 Y114.849 E.01781
G1 X111.534 Y115.011 E.01132
G1 X111.504 Y115.158 E.00393
G1 X111.19 Y115.471 E.01164
G1 X110.397 Y115.638 E.0213
G1 X110.083 Y115.951 E.01164
G1 X109.917 Y116.745 E.0213
G1 X109.603 Y117.058 E.01164
G1 X108.81 Y117.225 E.0213
G1 X108.496 Y117.538 E.01164
G1 X108.329 Y118.332 E.0213
G1 X108.016 Y118.645 E.01164
G1 X107.222 Y118.812 E.0213
G1 X106.909 Y119.126 E.01164
G1 X106.742 Y119.919 E.0213
G1 X106.429 Y120.232 E.01164
G1 X105.635 Y120.399 E.0213
G1 X105.322 Y120.713 E.01164
G1 X105.155 Y121.506 E.0213
G1 X104.842 Y121.82 E.01164
G1 X104.048 Y121.987 E.0213
G1 X103.735 Y122.3 E.01164
G1 X103.568 Y123.093 E.0213
G1 X103.255 Y123.407 E.01164
G1 X102.461 Y123.574 E.0213
G1 X102.148 Y123.887 E.01164
G1 X101.981 Y124.681 E.0213
G1 X101.667 Y124.994 E.01164
G1 X101.127 Y125.108 E.01451
G1 X101.118 Y126.697 E.04174
G1 X101.667 Y126.581 E.01476
G1 X101.981 Y126.268 E.01164
G1 X102.148 Y125.474 E.0213
G1 X102.461 Y125.161 E.01164
G1 X103.255 Y124.994 E.0213
G1 X103.568 Y124.681 E.01164
G1 X103.735 Y123.887 E.0213
G1 X104.048 Y123.574 E.01164
G1 X104.842 Y123.407 E.0213
G1 X105.155 Y123.093 E.01164
G1 X105.322 Y122.3 E.0213
G1 X105.635 Y121.987 E.01164
G1 X106.429 Y121.82 E.0213
G1 X106.742 Y121.506 E.01164
G1 X106.909 Y120.713 E.0213
G1 X107.222 Y120.399 E.01164
G1 X108.016 Y120.232 E.0213
G1 X108.329 Y119.919 E.01164
G1 X108.496 Y119.126 E.0213
G1 X108.81 Y118.812 E.01164
G1 X109.603 Y118.645 E.0213
G1 X109.917 Y118.332 E.01164
G1 X110.083 Y117.538 E.0213
G1 X110.397 Y117.225 E.01164
G1 X111.19 Y117.058 E.0213
G1 X111.504 Y116.745 E.01164
G1 X111.671 Y115.951 E.0213
G1 X111.984 Y115.638 E.01164
G1 X112.778 Y115.471 E.0213
G1 X113.091 Y115.158 E.01164
G1 X113.258 Y114.364 E.0213
G1 X113.571 Y114.051 E.01164
G1 X114.365 Y113.884 E.0213
G1 X114.678 Y113.57 E.01164
G1 X114.845 Y112.777 E.0213
G1 X115.158 Y112.464 E.01164
G1 X115.952 Y112.297 E.0213
G1 X116.265 Y111.983 E.01164
G1 X116.432 Y111.19 E.0213
G1 X116.745 Y110.876 E.01164
G1 X117.539 Y110.71 E.0213
G1 X117.852 Y110.396 E.01164
G1 X118.019 Y109.603 E.0213
G1 X118.333 Y109.289 E.01164
G1 X118.791 Y109.193 E.01232
G1 X118.782 Y110.782 E.04174
G1 X118.333 Y110.876 E.01207
G1 X118.019 Y111.19 E.01164
G1 X117.852 Y111.983 E.0213
G1 X117.539 Y112.297 E.01164
G1 X116.745 Y112.464 E.0213
G1 X116.432 Y112.777 E.01164
G1 X116.265 Y113.57 E.0213
G1 X115.952 Y113.884 E.01164
G1 X115.158 Y114.051 E.0213
G1 X114.845 Y114.364 E.01164
G1 X114.678 Y115.158 E.0213
G1 X114.365 Y115.471 E.01164
G1 X113.571 Y115.638 E.0213
G1 X113.258 Y115.951 E.01164
G1 X113.091 Y116.745 E.0213
G1 X112.778 Y117.058 E.01164
G1 X111.984 Y117.225 E.0213
G1 X111.671 Y117.538 E.01164
G1 X111.504 Y118.332 E.0213
G1 X111.19 Y118.645 E.01164
G1 X110.397 Y118.812 E.0213
G1 X110.083 Y119.126 E.01164
G1 X109.917 Y119.919 E.0213
G1 X109.603 Y120.232 E.01164
G1 X108.81 Y120.399 E.0213
G1 X108.496 Y120.713 E.01164
G1 X108.329 Y121.506 E.0213
G1 X108.016 Y121.82 E.01164
G1 X107.222 Y121.987 E.0213
G1 X106.909 Y122.3 E.01164
G1 X106.742 Y123.093 E.0213
G1 X106.429 Y123.407 E.01164
G1 X105.635 Y123.574 E.0213
G1 X105.322 Y123.887 E.01164
G1 X105.155 Y124.681 E.0213
G1 X104.842 Y124.994 E.01164
G1 X104.048 Y125.161 E.0213
G1 X103.735 Y125.474 E.01164
G1 X103.568 Y126.268 E.0213
G1 X103.255 Y126.581 E.01164
G1 X102.461 Y126.748 E.0213
G1 X102.148 Y127.061 E.01164
G1 X101.981 Y127.855 E.0213
G1 X101.667 Y128.168 E.01164
G1 X101.109 Y128.286 E.015
G1 X101.099 Y129.875 E.04174
G1 X101.667 Y129.755 E.01524
G1 X101.981 Y129.442 E.01164
G1 X102.148 Y128.649 E.0213
G1 X102.461 Y128.335 E.01164
G1 X103.255 Y128.168 E.0213
G1 X103.568 Y127.855 E.01164
G1 X103.735 Y127.061 E.0213
G1 X104.048 Y126.748 E.01164
G1 X104.842 Y126.581 E.0213
G1 X105.155 Y126.268 E.01164
G1 X105.322 Y125.474 E.0213
G1 X105.635 Y125.161 E.01164
G1 X106.429 Y124.994 E.0213
G1 X106.742 Y124.681 E.01164
G1 X106.909 Y123.887 E.0213
G1 X107.222 Y123.574 E.01164
G1 X108.016 Y123.407 E.0213
G1 X108.329 Y123.093 E.01164
G1 X108.496 Y122.3 E.0213
G1 X108.81 Y121.987 E.01164
G1 X109.603 Y121.82 E.0213
G1 X109.917 Y121.506 E.01164
G1 X110.083 Y120.713 E.0213
G1 X110.397 Y120.399 E.01164
G1 X111.19 Y120.232 E.0213
G1 X111.504 Y119.919 E.01164
G1 X111.671 Y119.126 E.0213
G1 X111.984 Y118.812 E.01164
G1 X112.778 Y118.645 E.0213
G1 X113.091 Y118.332 E.01164
G1 X113.258 Y117.538 E.0213
G1 X113.571 Y117.225 E.01164
G1 X114.365 Y117.058 E.0213
G1 X114.678 Y116.745 E.01164
G1 X114.845 Y115.951 E.0213
G1 X115.158 Y115.638 E.01164
G1 X115.952 Y115.471 E.0213
G1 X116.265 Y115.158 E.01164
G1 X116.432 Y114.364 E.0213
G1 X116.745 Y114.051 E.01164
G1 X117.539 Y113.884 E.0213
G1 X117.852 Y113.57 E.01164
G1 X118.019 Y112.777 E.0213
G1 X118.333 Y112.464 E.01164
G1 X118.773 Y112.371 E.01183
G1 X118.765 Y113.752 E.03628
G1 X118.7 Y125.291 F18000
G1 F7597.235
G1 X118.692 Y126.672 E.03628
G1 X118.333 Y126.748 E.00964
G1 X118.019 Y127.061 E.01164
G1 X117.852 Y127.855 E.0213
G1 X117.539 Y128.168 E.01164
G1 X116.745 Y128.335 E.0213
G1 X116.432 Y128.649 E.01164
G1 X116.265 Y129.442 E.0213
G1 X115.952 Y129.755 E.01164
G1 X115.158 Y129.922 E.0213
G1 X114.845 Y130.236 E.01164
G1 X114.694 Y130.955 E.01932
G1 X114.656 Y131.542 E.01543
G1 X114.7 Y129.911 F18000
G1 F7597.235
G1 X114.703 Y129.324 E.01542
G1 X114.845 Y128.649 E.01813
G1 X115.158 Y128.335 E.01164
G1 X115.952 Y128.168 E.0213
G1 X116.265 Y127.855 E.01164
G1 X116.432 Y127.061 E.0213
G1 X116.745 Y126.748 E.01164
G1 X117.539 Y126.581 E.0213
G1 X117.852 Y126.268 E.01164
G1 X118.019 Y125.474 E.0213
G1 X118.333 Y125.161 E.01164
G1 X118.701 Y125.083 E.00988
G1 X118.71 Y123.494 E.04174
G1 X118.333 Y123.574 E.01013
G1 X118.019 Y123.887 E.01164
G1 X117.852 Y124.681 E.0213
G1 X117.539 Y124.994 E.01164
G1 X116.745 Y125.161 E.0213
G1 X116.432 Y125.474 E.01164
G1 X116.265 Y126.268 E.0213
G1 X115.952 Y126.581 E.01164
G1 X115.158 Y126.748 E.0213
G1 X114.845 Y127.061 E.01164
G1 X114.678 Y127.855 E.0213
G1 X114.584 Y127.949 E.0035
G1 X114.484 Y127.524 E.01146
G1 X114.199 Y126.824 E.01987
G1 X114.087 Y126.639 E.00566
G1 X114.365 Y126.581 E.00744
G1 X114.678 Y126.268 E.01164
G1 X114.845 Y125.474 E.0213
G1 X115.158 Y125.161 E.01164
G1 X115.952 Y124.994 E.0213
G1 X116.265 Y124.681 E.01164
G1 X116.432 Y123.887 E.0213
G1 X116.745 Y123.574 E.01164
G1 X117.539 Y123.407 E.0213
G1 X117.852 Y123.093 E.01164
G1 X118.019 Y122.3 E.0213
G1 X118.333 Y121.987 E.01164
G1 X118.719 Y121.905 E.01037
G1 X118.728 Y120.316 E.04174
G1 X118.333 Y120.399 E.01061
G1 X118.019 Y120.713 E.01164
G1 X117.852 Y121.506 E.0213
G1 X117.539 Y121.82 E.01164
G1 X116.745 Y121.987 E.0213
G1 X116.432 Y122.3 E.01164
G1 X116.265 Y123.093 E.0213
G1 X115.952 Y123.407 E.01164
G1 X115.158 Y123.574 E.0213
G1 X114.845 Y123.887 E.01164
G1 X114.678 Y124.681 E.0213
G1 X114.365 Y124.994 E.01164
G1 X113.571 Y125.161 E.0213
G1 X113.258 Y125.474 E.01164
G1 X113.245 Y125.534 E.00162
G1 X112.747 Y125.104 E.01729
G1 X112.622 Y125.027 E.00386
G1 X112.778 Y124.994 E.00417
G1 X113.091 Y124.681 E.01164
G1 X113.258 Y123.887 E.0213
G1 X113.571 Y123.574 E.01164
G1 X114.365 Y123.407 E.0213
G1 X114.678 Y123.093 E.01164
G1 X114.845 Y122.3 E.0213
G1 X115.158 Y121.987 E.01164
G1 X115.952 Y121.82 E.0213
G1 X116.265 Y121.506 E.01164
G1 X116.432 Y120.713 E.0213
G1 X116.745 Y120.399 E.01164
G1 X117.539 Y120.232 E.0213
G1 X117.852 Y119.919 E.01164
G1 X118.019 Y119.126 E.0213
G1 X118.333 Y118.812 E.01164
G1 X118.737 Y118.727 E.01086
G1 X118.746 Y117.138 E.04174
G1 X118.333 Y117.225 E.0111
G1 X118.019 Y117.538 E.01164
G1 X117.852 Y118.332 E.0213
G1 X117.539 Y118.645 E.01164
G1 X116.745 Y118.812 E.0213
G1 X116.432 Y119.126 E.01164
G1 X116.265 Y119.919 E.0213
G1 X115.952 Y120.232 E.01164
G1 X115.158 Y120.399 E.0213
G1 X114.845 Y120.713 E.01164
G1 X114.678 Y121.506 E.0213
G1 X114.365 Y121.82 E.01164
G1 X113.571 Y121.987 E.0213
G1 X113.258 Y122.3 E.01164
G1 X113.091 Y123.093 E.0213
G1 X112.778 Y123.407 E.01164
G1 X111.984 Y123.574 E.0213
G1 X111.671 Y123.887 E.01164
G1 X111.548 Y124.471 E.01568
G1 X111.407 Y124.412 E.00401
G1 X110.673 Y124.231 E.01986
G1 X110.023 Y124.176 E.01714
G1 X110.083 Y123.887 E.00776
G1 X110.397 Y123.574 E.01164
G1 X111.19 Y123.407 E.0213
G1 X111.504 Y123.093 E.01164
G1 X111.671 Y122.3 E.0213
G1 X111.984 Y121.987 E.01164
G1 X112.778 Y121.82 E.0213
G1 X113.091 Y121.506 E.01164
G1 X113.258 Y120.713 E.0213
G1 X113.571 Y120.399 E.01164
G1 X114.365 Y120.232 E.0213
G1 X114.678 Y119.919 E.01164
G1 X114.845 Y119.126 E.0213
G1 X115.158 Y118.812 E.01164
G1 X115.952 Y118.645 E.0213
G1 X116.265 Y118.332 E.01164
G1 X116.432 Y117.538 E.0213
G1 X116.745 Y117.225 E.01164
G1 X117.539 Y117.058 E.0213
G1 X117.852 Y116.745 E.01164
G1 X118.019 Y115.951 E.0213
G1 X118.333 Y115.638 E.01164
G1 X118.755 Y115.549 E.01134
G1 X118.764 Y113.96 E.04174
G1 X118.333 Y114.051 E.01159
G1 X118.019 Y114.364 E.01164
G1 X117.852 Y115.158 E.0213
G1 X117.539 Y115.471 E.01164
G1 X116.745 Y115.638 E.0213
G1 X116.432 Y115.951 E.01164
G1 X116.265 Y116.745 E.0213
G1 X115.952 Y117.058 E.01164
G1 X115.158 Y117.225 E.0213
G1 X114.845 Y117.538 E.01164
G1 X114.678 Y118.332 E.0213
G1 X114.365 Y118.645 E.01164
G1 X113.571 Y118.812 E.0213
G1 X113.258 Y119.126 E.01164
G1 X113.091 Y119.919 E.0213
G1 X112.778 Y120.232 E.01164
G1 X111.984 Y120.399 E.0213
G1 X111.671 Y120.713 E.01164
G1 X111.504 Y121.506 E.0213
G1 X111.19 Y121.82 E.01164
G1 X110.397 Y121.987 E.0213
G1 X110.083 Y122.3 E.01164
G1 X109.917 Y123.093 E.0213
G1 X109.603 Y123.407 E.01164
G1 X108.81 Y123.574 E.0213
G1 X108.496 Y123.887 E.01164
G1 X108.386 Y124.412 E.01409
G1 X107.728 Y124.68 E.01867
G1 X107.081 Y125.072 E.01987
G1 X106.503 Y125.56 E.01987
G1 X106.008 Y126.132 E.01987
G1 X105.61 Y126.773 E.01983
G1 X105.322 Y127.061 E.01069
G1 X105.155 Y127.855 E.0213
G1 X104.842 Y128.168 E.01164
G1 X104.048 Y128.335 E.0213
G1 X103.735 Y128.649 E.01164
G1 X103.568 Y129.442 E.0213
G1 X103.255 Y129.755 E.01164
G1 X102.461 Y129.922 E.0213
G1 X102.148 Y130.236 E.01164
G1 X101.981 Y131.029 E.0213
G1 X101.667 Y131.343 E.01164
G1 X101.09 Y131.464 E.01549
G1 X101.098 Y130.083 E.03628
G1 X105.074 Y129.73 F18000
G1 F7597.235
G1 X105.071 Y131.113 E.03634
G1 X104.842 Y131.343 E.00852
G1 X104.048 Y131.509 E.0213
G1 X103.735 Y131.823 E.01164
G1 X103.568 Y132.616 E.0213
G1 X103.255 Y132.93 E.01164
G1 X102.461 Y133.097 E.0213
G1 X102.148 Y133.41 E.01164
G1 X101.981 Y134.204 E.0213
G1 X101.667 Y134.517 E.01164
G1 X101.072 Y134.642 E.01598
G1 X101.081 Y133.053 E.04174
G1 X101.667 Y132.93 E.01573
G1 X101.981 Y132.616 E.01164
G1 X102.148 Y131.823 E.0213
G1 X102.461 Y131.509 E.01164
G1 X103.255 Y131.343 E.0213
G1 X103.568 Y131.029 E.01164
G1 X103.735 Y130.236 E.0213
G1 X104.048 Y129.922 E.01164
G1 X104.842 Y129.755 E.0213
G1 X105.075 Y129.522 E.00867
G1 X105.079 Y128.869 E.01715
G1 X105.122 Y128.358 E.01347
G1 X101.144 Y122.137 F18000
G1 F7597.235
G1 X101.136 Y123.519 E.03628
G1 X101.667 Y123.407 E.01427
G1 X101.981 Y123.093 E.01164
G1 X102.148 Y122.3 E.0213
G1 X102.461 Y121.987 E.01164
G1 X103.255 Y121.82 E.0213
G1 X103.568 Y121.506 E.01164
G1 X103.735 Y120.713 E.0213
G1 X104.048 Y120.399 E.01164
G1 X104.842 Y120.232 E.0213
G1 X105.155 Y119.919 E.01164
G1 X105.322 Y119.126 E.0213
G1 X105.635 Y118.812 E.01164
G1 X106.429 Y118.645 E.0213
G1 X106.742 Y118.332 E.01164
G1 X106.909 Y117.538 E.0213
G1 X107.222 Y117.225 E.01164
G1 X108.016 Y117.058 E.0213
G1 X108.329 Y116.745 E.01164
G1 X108.496 Y115.951 E.0213
G1 X108.81 Y115.638 E.01164
G1 X109.603 Y115.471 E.0213
G1 X109.782 Y115.292 E.00663
G1 X109.294 Y115.251 E.01286
G1 X108.636 Y115.089 E.01781
G1 X108.368 Y114.976 E.00764
G1 X108.329 Y115.158 E.00487
G1 X108.016 Y115.471 E.01164
G1 X107.222 Y115.638 E.0213
G1 X106.909 Y115.951 E.01164
G1 X106.742 Y116.745 E.0213
G1 X106.429 Y117.058 E.01164
G1 X105.635 Y117.225 E.0213
G1 X105.322 Y117.538 E.01164
G1 X105.155 Y118.332 E.0213
G1 X104.842 Y118.645 E.01164
G1 X104.048 Y118.812 E.0213
G1 X103.735 Y119.126 E.01164
G1 X103.568 Y119.919 E.0213
G1 X103.255 Y120.232 E.01164
G1 X102.461 Y120.399 E.0213
G1 X102.148 Y120.713 E.01164
G1 X101.981 Y121.506 E.0213
G1 X101.667 Y121.82 E.01164
G1 X101.145 Y121.93 E.01403
G1 X101.154 Y120.34 E.04174
G1 X101.667 Y120.232 E.01378
G1 X101.981 Y119.919 E.01164
G1 X102.148 Y119.126 E.0213
G1 X102.461 Y118.812 E.01164
G1 X103.255 Y118.645 E.0213
G1 X103.568 Y118.332 E.01164
G1 X103.735 Y117.538 E.0213
G1 X104.048 Y117.225 E.01164
G1 X104.842 Y117.058 E.0213
G1 X105.155 Y116.745 E.01164
G1 X105.322 Y115.951 E.0213
G1 X105.635 Y115.638 E.01164
G1 X106.429 Y115.471 E.0213
G1 X106.742 Y115.158 E.01164
G1 X106.909 Y114.364 E.0213
G1 X107.097 Y114.176 E.00697
G1 X106.922 Y114.025 E.00607
G1 X106.631 Y113.681 E.01183
G1 X106.429 Y113.884 E.00752
G1 X105.635 Y114.051 E.0213
G1 X105.322 Y114.364 E.01164
G1 X105.155 Y115.158 E.0213
G1 X104.842 Y115.471 E.01164
G1 X104.048 Y115.638 E.0213
G1 X103.735 Y115.951 E.01164
G1 X103.568 Y116.745 E.0213
G1 X103.255 Y117.058 E.01164
G1 X102.461 Y117.225 E.0213
G1 X102.148 Y117.538 E.01164
G1 X101.981 Y118.332 E.0213
G1 X101.667 Y118.645 E.01164
G1 X101.163 Y118.751 E.01354
G1 X101.172 Y117.162 E.04174
G1 X101.667 Y117.058 E.0133
G1 X101.981 Y116.745 E.01164
G1 X102.148 Y115.951 E.0213
G1 X102.461 Y115.638 E.01164
G1 X103.255 Y115.471 E.0213
G1 X103.568 Y115.158 E.01164
G1 X103.735 Y114.364 E.0213
G1 X104.048 Y114.051 E.01164
G1 X104.842 Y113.884 E.0213
G1 X105.155 Y113.57 E.01164
G1 X105.322 Y112.777 E.0213
G1 X105.635 Y112.464 E.01164
G1 X105.92 Y112.404 E.00765
G1 X105.878 Y112.3 E.00295
G1 X105.723 Y111.639 E.01781
G1 X105.682 Y110.867 E.02033
G1 X105.635 Y110.876 E.00125
G1 X105.322 Y111.19 E.01164
G1 X105.155 Y111.983 E.0213
G1 X104.842 Y112.297 E.01164
G1 X104.048 Y112.464 E.0213
G1 X103.735 Y112.777 E.01164
G1 X103.568 Y113.57 E.0213
G1 X103.255 Y113.884 E.01164
G1 X102.461 Y114.051 E.0213
G1 X102.148 Y114.364 E.01164
G1 X101.981 Y115.158 E.0213
G1 X101.667 Y115.471 E.01164
G1 X101.181 Y115.573 E.01305
G1 X101.189 Y114.192 E.03628
G1 X105.851 Y107.848 F18000
G1 F7597.235
G1 X105.742 Y108.288 E.01189
G1 X105.693 Y108.872 E.01541
G1 X105.691 Y109.278 E.01064
G1 X105.635 Y109.289 E.00149
G1 X105.322 Y109.603 E.01164
G1 X105.155 Y110.396 E.0213
G1 X104.842 Y110.71 E.01164
G1 X104.048 Y110.876 E.0213
G1 X103.735 Y111.19 E.01164
G1 X103.568 Y111.983 E.0213
G1 X103.255 Y112.297 E.01164
G1 X102.461 Y112.464 E.0213
G1 X102.148 Y112.777 E.01164
G1 X101.981 Y113.57 E.0213
G1 X101.667 Y113.884 E.01164
G1 X101.19 Y113.984 E.01281
G1 X101.199 Y112.395 E.04174
G1 X101.667 Y112.297 E.01256
G1 X101.981 Y111.983 E.01164
G1 X102.148 Y111.19 E.0213
G1 X102.461 Y110.876 E.01164
G1 X103.255 Y110.71 E.0213
G1 X103.568 Y110.396 E.01164
G1 X103.735 Y109.603 E.0213
G1 X104.048 Y109.289 E.01164
G1 X104.842 Y109.122 E.0213
G1 X105.155 Y108.809 E.01164
G1 X105.322 Y108.015 E.0213
G1 X105.635 Y107.702 E.01164
G1 X105.9 Y107.646 E.00711
G1 X106.168 Y107.005 E.01826
G1 X106.525 Y106.429 E.01781
G1 X106.968 Y105.916 E.01781
G1 X107.486 Y105.478 E.01781
G1 X108.066 Y105.127 E.01781
G1 X108.471 Y104.963 E.01147
G1 X108.496 Y104.841 E.00326
G1 X108.81 Y104.528 E.01164
G1 X109.603 Y104.361 E.0213
G1 X109.917 Y104.048 E.01164
G1 X110.083 Y103.254 E.0213
G1 X110.397 Y102.941 E.01164
G1 X111.19 Y102.774 E.0213
G1 X111.504 Y102.46 E.01164
G1 X111.671 Y101.667 E.0213
G1 X111.984 Y101.353 E.01164
G1 X112.778 Y101.187 E.0213
G1 X113.091 Y100.873 E.01164
G1 X113.258 Y100.08 E.0213
G1 X113.571 Y99.766 E.01164
G1 X114.365 Y99.599 E.0213
G1 X114.678 Y99.286 E.01164
G1 X114.845 Y98.492 E.0213
G1 X115.158 Y98.179 E.01164
G1 X115.952 Y98.012 E.0213
G1 X116.265 Y97.699 E.01164
G1 X116.432 Y96.905 E.0213
G1 X116.745 Y96.592 E.01164
G1 X117.539 Y96.425 E.0213
G1 X117.852 Y96.112 E.01164
G1 X118.019 Y95.318 E.0213
G1 X118.333 Y95.005 E.01164
G1 X118.873 Y94.891 E.01451
G1 X118.864 Y96.48 E.04174
G1 X118.333 Y96.592 E.01427
G1 X118.019 Y96.905 E.01164
G1 X117.852 Y97.699 E.0213
G1 X117.539 Y98.012 E.01164
G1 X116.745 Y98.179 E.0213
G1 X116.432 Y98.492 E.01164
G1 X116.265 Y99.286 E.0213
G1 X115.952 Y99.599 E.01164
G1 X115.158 Y99.766 E.0213
G1 X114.845 Y100.08 E.01164
G1 X114.678 Y100.873 E.0213
G1 X114.365 Y101.187 E.01164
G1 X113.571 Y101.353 E.0213
G1 X113.258 Y101.667 E.01164
G1 X113.091 Y102.46 E.0213
G1 X112.778 Y102.774 E.01164
G1 X111.984 Y102.941 E.0213
G1 X111.671 Y103.254 E.01164
G1 X111.504 Y104.048 E.0213
G1 X111.19 Y104.361 E.01164
G1 X110.397 Y104.528 E.0213
G1 X110.239 Y104.685 E.00585
G1 X110.03 Y104.668 E.00551
G1 X109.617 Y104.698 E.0109
G1 X112.758 Y105.674 F18000
G1 F7597.235
G1 X112.565 Y105.507 E.0067
G1 X111.989 Y105.15 E.01781
G1 X111.637 Y105.002 E.01004
G1 X111.671 Y104.841 E.00431
G1 X111.984 Y104.528 E.01164
G1 X112.778 Y104.361 E.0213
G1 X113.091 Y104.048 E.01164
G1 X113.258 Y103.254 E.0213
G1 X113.571 Y102.941 E.01164
G1 X114.365 Y102.774 E.0213
G1 X114.678 Y102.46 E.01164
G1 X114.845 Y101.667 E.0213
G1 X115.158 Y101.353 E.01164
G1 X115.952 Y101.187 E.0213
G1 X116.265 Y100.873 E.01164
G1 X116.432 Y100.08 E.0213
G1 X116.745 Y99.766 E.01164
G1 X117.539 Y99.599 E.0213
G1 X117.852 Y99.286 E.01164
G1 X118.019 Y98.492 E.0213
G1 X118.333 Y98.179 E.01164
G1 X118.855 Y98.069 E.01402
G1 X118.846 Y99.658 E.04174
G1 X118.333 Y99.766 E.01378
G1 X118.019 Y100.08 E.01164
G1 X117.852 Y100.873 E.0213
G1 X117.539 Y101.187 E.01164
G1 X116.745 Y101.353 E.0213
G1 X116.432 Y101.667 E.01164
G1 X116.265 Y102.46 E.0213
G1 X115.952 Y102.774 E.01164
G1 X115.158 Y102.941 E.0213
G1 X114.845 Y103.254 E.01164
G1 X114.678 Y104.048 E.0213
G1 X114.365 Y104.361 E.01164
G1 X113.571 Y104.528 E.0213
G1 X113.258 Y104.841 E.01164
G1 X113.091 Y105.635 E.0213
G1 X112.915 Y105.81 E.00651
G1 X113.078 Y105.951 E.00564
G1 X113.379 Y106.307 E.01226
G1 X113.571 Y106.115 E.00713
G1 X114.365 Y105.948 E.0213
G1 X114.678 Y105.635 E.01164
G1 X114.845 Y104.841 E.0213
G1 X115.158 Y104.528 E.01164
G1 X115.952 Y104.361 E.0213
G1 X116.265 Y104.048 E.01164
G1 X116.432 Y103.254 E.0213
G1 X116.745 Y102.941 E.01164
G1 X117.539 Y102.774 E.0213
G1 X117.852 Y102.46 E.01164
G1 X118.019 Y101.667 E.0213
G1 X118.333 Y101.353 E.01164
G1 X118.837 Y101.247 E.01354
G1 X118.828 Y102.836 E.04174
G1 X118.333 Y102.941 E.01329
G1 X118.019 Y103.254 E.01164
G1 X117.852 Y104.048 E.0213
G1 X117.539 Y104.361 E.01164
G1 X116.745 Y104.528 E.0213
G1 X116.432 Y104.841 E.01164
G1 X116.265 Y105.635 E.0213
G1 X115.952 Y105.948 E.01164
G1 X115.158 Y106.115 E.0213
G1 X114.845 Y106.428 E.01164
G1 X114.678 Y107.222 E.0213
G1 X114.365 Y107.535 E.01164
G1 X114.088 Y107.593 E.00742
G1 X114.122 Y107.676 E.00236
G1 X114.277 Y108.337 E.01781
G1 X114.319 Y108.922 E.01541
G1 X114.318 Y109.132 E.00553
G1 X114.365 Y109.122 E.00125
G1 X114.678 Y108.809 E.01164
G1 X114.845 Y108.015 E.0213
G1 X115.158 Y107.702 E.01164
G1 X115.952 Y107.535 E.0213
G1 X116.265 Y107.222 E.01164
G1 X116.432 Y106.428 E.0213
G1 X116.745 Y106.115 E.01164
G1 X117.539 Y105.948 E.0213
G1 X117.852 Y105.635 E.01164
G1 X118.019 Y104.841 E.0213
G1 X118.333 Y104.528 E.01164
G1 X118.819 Y104.426 E.01305
G1 X118.827 Y103.044 E.03628
G1 X118.874 Y94.683 F18000
G1 F7597.235
G1 X118.882 Y93.302 E.03628
G1 X118.333 Y93.418 E.01475
G1 X118.019 Y93.731 E.01164
G1 X117.852 Y94.525 E.0213
G1 X117.539 Y94.838 E.01164
G1 X116.745 Y95.005 E.0213
G1 X116.432 Y95.318 E.01164
G1 X116.265 Y96.112 E.0213
G1 X115.952 Y96.425 E.01164
G1 X115.158 Y96.592 E.0213
G1 X114.845 Y96.905 E.01164
G1 X114.678 Y97.699 E.0213
G1 X114.365 Y98.012 E.01164
G1 X113.571 Y98.179 E.0213
G1 X113.258 Y98.492 E.01164
G1 X113.091 Y99.286 E.0213
G1 X112.778 Y99.599 E.01164
G1 X111.984 Y99.766 E.0213
G1 X111.671 Y100.08 E.01164
G1 X111.504 Y100.873 E.0213
G1 X111.19 Y101.187 E.01164
G1 X110.397 Y101.353 E.0213
G1 X110.083 Y101.667 E.01164
G1 X109.917 Y102.46 E.0213
G1 X109.603 Y102.774 E.01164
G1 X108.81 Y102.941 E.0213
G1 X108.496 Y103.254 E.01164
G1 X108.329 Y104.048 E.0213
G1 X108.016 Y104.361 E.01164
G1 X107.222 Y104.528 E.0213
G1 X106.909 Y104.841 E.01164
G1 X106.742 Y105.635 E.0213
G1 X106.429 Y105.948 E.01164
G1 X105.635 Y106.115 E.0213
G1 X105.322 Y106.428 E.01164
G1 X105.155 Y107.222 E.0213
G1 X104.842 Y107.535 E.01164
G1 X104.048 Y107.702 E.0213
G1 X103.735 Y108.015 E.01164
G1 X103.568 Y108.809 E.0213
G1 X103.255 Y109.122 E.01164
G1 X102.461 Y109.289 E.0213
G1 X102.148 Y109.603 E.01164
G1 X101.981 Y110.396 E.0213
G1 X101.667 Y110.71 E.01164
G1 X101.208 Y110.806 E.01232
G1 X101.217 Y109.217 E.04174
G1 X101.667 Y109.122 E.01208
G1 X101.981 Y108.809 E.01164
G1 X102.148 Y108.015 E.0213
G1 X102.461 Y107.702 E.01164
G1 X103.255 Y107.535 E.0213
G1 X103.568 Y107.222 E.01164
G1 X103.735 Y106.428 E.0213
G1 X104.048 Y106.115 E.01164
G1 X104.842 Y105.948 E.0213
G1 X105.155 Y105.635 E.01164
G1 X105.322 Y104.841 E.0213
G1 X105.635 Y104.528 E.01164
G1 X106.429 Y104.361 E.0213
G1 X106.742 Y104.048 E.01164
G1 X106.909 Y103.254 E.0213
G1 X107.222 Y102.941 E.01164
G1 X108.016 Y102.774 E.0213
G1 X108.329 Y102.46 E.01164
G1 X108.496 Y101.667 E.0213
G1 X108.81 Y101.353 E.01164
G1 X109.603 Y101.187 E.0213
G1 X109.917 Y100.873 E.01164
G1 X110.083 Y100.08 E.0213
G1 X110.397 Y99.766 E.01164
G1 X111.19 Y99.599 E.0213
G1 X111.504 Y99.286 E.01164
G1 X111.671 Y98.492 E.0213
G1 X111.984 Y98.179 E.01164
G1 X112.778 Y98.012 E.0213
G1 X113.091 Y97.699 E.01164
G1 X113.258 Y96.905 E.0213
G1 X113.571 Y96.592 E.01164
G1 X114.365 Y96.425 E.0213
G1 X114.678 Y96.112 E.01164
G1 X114.845 Y95.318 E.0213
G1 X115.158 Y95.005 E.01164
G1 X115.952 Y94.838 E.0213
G1 X116.265 Y94.525 E.01164
G1 X116.432 Y93.731 E.0213
G1 X116.745 Y93.418 E.01164
G1 X117.539 Y93.251 E.0213
G1 X117.852 Y92.937 E.01164
G1 X118.019 Y92.144 E.0213
G1 X118.333 Y91.831 E.01164
G1 X118.891 Y91.713 E.015
G1 X118.9 Y90.124 E.04174
G1 X118.333 Y90.243 E.01524
G1 X118.019 Y90.557 E.01164
G1 X117.852 Y91.35 E.0213
G1 X117.539 Y91.664 E.01164
G1 X116.745 Y91.831 E.0213
G1 X116.432 Y92.144 E.01164
G1 X116.265 Y92.937 E.0213
G1 X115.952 Y93.251 E.01164
G1 X115.158 Y93.418 E.0213
G1 X114.845 Y93.731 E.01164
G1 X114.678 Y94.525 E.0213
G1 X114.365 Y94.838 E.01164
G1 X113.571 Y95.005 E.0213
G1 X113.258 Y95.318 E.01164
G1 X113.091 Y96.112 E.0213
G1 X112.778 Y96.425 E.01164
G1 X111.984 Y96.592 E.0213
G1 X111.671 Y96.905 E.01164
G1 X111.504 Y97.699 E.0213
G1 X111.19 Y98.012 E.01164
G1 X110.397 Y98.179 E.0213
G1 X110.083 Y98.492 E.01164
G1 X109.917 Y99.286 E.0213
G1 X109.603 Y99.599 E.01164
G1 X108.81 Y99.766 E.0213
G1 X108.496 Y100.08 E.01164
G1 X108.329 Y100.873 E.0213
G1 X108.016 Y101.187 E.01164
G1 X107.222 Y101.353 E.0213
G1 X106.909 Y101.667 E.01164
G1 X106.742 Y102.46 E.0213
G1 X106.429 Y102.774 E.01164
G1 X105.635 Y102.941 E.0213
G1 X105.322 Y103.254 E.01164
G1 X105.155 Y104.048 E.0213
G1 X104.842 Y104.361 E.01164
G1 X104.048 Y104.528 E.0213
G1 X103.735 Y104.841 E.01164
G1 X103.568 Y105.635 E.0213
G1 X103.255 Y105.948 E.01164
G1 X102.461 Y106.115 E.0213
G1 X102.148 Y106.428 E.01164
G1 X101.981 Y107.222 E.0213
G1 X101.667 Y107.535 E.01164
G1 X101.227 Y107.628 E.01183
G1 X101.236 Y106.039 E.04174
G1 X101.667 Y105.948 E.01159
G1 X101.981 Y105.635 E.01164
G1 X102.148 Y104.841 E.0213
G1 X102.461 Y104.528 E.01164
G1 X103.255 Y104.361 E.0213
G1 X103.568 Y104.048 E.01164
G1 X103.735 Y103.254 E.0213
G1 X104.048 Y102.941 E.01164
G1 X104.842 Y102.774 E.0213
G1 X105.155 Y102.46 E.01164
G1 X105.322 Y101.667 E.0213
G1 X105.635 Y101.353 E.01164
G1 X106.429 Y101.187 E.0213
G1 X106.742 Y100.873 E.01164
G1 X106.909 Y100.08 E.0213
G1 X107.222 Y99.766 E.01164
G1 X108.016 Y99.599 E.0213
G1 X108.329 Y99.286 E.01164
G1 X108.496 Y98.492 E.0213
G1 X108.81 Y98.179 E.01164
G1 X109.603 Y98.012 E.0213
G1 X109.917 Y97.699 E.01164
G1 X110.083 Y96.905 E.0213
G1 X110.397 Y96.592 E.01164
G1 X111.19 Y96.425 E.0213
G1 X111.504 Y96.112 E.01164
G1 X111.671 Y95.318 E.0213
G1 X111.984 Y95.005 E.01164
G1 X112.778 Y94.838 E.0213
G1 X113.091 Y94.525 E.01164
G1 X113.258 Y93.731 E.0213
G1 X113.571 Y93.418 E.01164
G1 X114.365 Y93.251 E.0213
G1 X114.678 Y92.937 E.01164
G1 X114.845 Y92.144 E.0213
G1 X115.158 Y91.831 E.01164
G1 X115.952 Y91.664 E.0213
G1 X116.265 Y91.35 E.01164
G1 X116.432 Y90.557 E.0213
G1 X116.745 Y90.243 E.01164
G1 X117.539 Y90.076 E.0213
G1 X117.852 Y89.763 E.01164
G1 X118.019 Y88.97 E.0213
G1 X118.333 Y88.656 E.01164
G1 X118.909 Y88.535 E.01548
G1 X118.919 Y86.946 E.04174
G1 X118.333 Y87.069 E.01573
G1 X118.019 Y87.382 E.01164
G1 X117.852 Y88.176 E.0213
G1 X117.539 Y88.489 E.01164
G1 X116.745 Y88.656 E.0213
G1 X116.432 Y88.97 E.01164
G1 X116.265 Y89.763 E.0213
G1 X115.952 Y90.076 E.01164
G1 X115.158 Y90.243 E.0213
G1 X114.845 Y90.557 E.01164
G1 X114.678 Y91.35 E.0213
G1 X114.365 Y91.664 E.01164
G1 X113.837 Y91.775 E.01416
G1 X113.735 Y92.19 E.01123
G1 X113.503 Y92.742 E.01575
G1 X113.186 Y93.251 E.01575
G1 X112.794 Y93.705 E.01575
G1 X112.336 Y94.092 E.01575
G1 X111.824 Y94.402 E.01574
G1 X111.49 Y94.538 E.00945
G1 X111.19 Y94.838 E.01115
G1 X110.397 Y95.005 E.0213
G1 X110.083 Y95.318 E.01164
G1 X109.917 Y96.112 E.0213
G1 X109.603 Y96.425 E.01164
G1 X108.81 Y96.592 E.0213
G1 X108.496 Y96.905 E.01164
G1 X108.329 Y97.699 E.0213
G1 X108.016 Y98.012 E.01164
G1 X107.222 Y98.179 E.0213
G1 X106.909 Y98.492 E.01164
G1 X106.742 Y99.286 E.0213
G1 X106.429 Y99.599 E.01164
G1 X105.635 Y99.766 E.0213
G1 X105.322 Y100.08 E.01164
G1 X105.155 Y100.873 E.0213
G1 X104.842 Y101.187 E.01164
G1 X104.048 Y101.353 E.0213
G1 X103.735 Y101.667 E.01164
G1 X103.568 Y102.46 E.0213
G1 X103.255 Y102.774 E.01164
G1 X102.461 Y102.941 E.0213
G1 X102.148 Y103.254 E.01164
G1 X101.981 Y104.048 E.0213
G1 X101.667 Y104.361 E.01164
G1 X101.245 Y104.45 E.01135
G1 X101.254 Y102.861 E.04174
G1 X101.667 Y102.774 E.0111
G1 X101.981 Y102.46 E.01164
G1 X102.148 Y101.667 E.0213
G1 X102.461 Y101.353 E.01164
G1 X103.255 Y101.187 E.0213
G1 X103.568 Y100.873 E.01164
G1 X103.735 Y100.08 E.0213
G1 X104.048 Y99.766 E.01164
G1 X104.842 Y99.599 E.0213
G1 X105.155 Y99.286 E.01164
G1 X105.322 Y98.492 E.0213
G1 X105.635 Y98.179 E.01164
G1 X106.429 Y98.012 E.0213
G1 X106.742 Y97.699 E.01164
G1 X106.909 Y96.905 E.0213
G1 X107.222 Y96.592 E.01164
G1 X108.016 Y96.425 E.0213
G1 X108.329 Y96.112 E.01164
G1 X108.496 Y95.318 E.0213
G1 X108.81 Y95.005 E.01164
G1 X109.603 Y94.838 E.0213
G1 X109.668 Y94.773 E.0024
G1 X109.489 Y94.758 E.00471
G1 X109.174 Y94.681 E.00852
G1 X107.331 Y93.602 F18000
G1 F7597.235
G1 X107.392 Y93.674 E.00248
G1 X107.845 Y94.066 E.01575
G1 X108.359 Y94.384 E.01586
G1 X108.329 Y94.525 E.00377
G1 X108.016 Y94.838 E.01164
G1 X107.222 Y95.005 E.0213
G1 X106.909 Y95.318 E.01164
G1 X106.742 Y96.112 E.0213
G1 X106.429 Y96.425 E.01164
G1 X105.635 Y96.592 E.0213
G1 X105.322 Y96.905 E.01164
G1 X105.155 Y97.699 E.0213
G1 X104.842 Y98.012 E.01164
G1 X104.048 Y98.179 E.0213
G1 X103.735 Y98.492 E.01164
G1 X103.568 Y99.286 E.0213
G1 X103.255 Y99.599 E.01164
G1 X102.461 Y99.766 E.0213
G1 X102.148 Y100.08 E.01164
G1 X101.981 Y100.873 E.0213
G1 X101.667 Y101.187 E.01164
G1 X101.263 Y101.272 E.01086
G1 X101.272 Y99.683 E.04174
G1 X101.667 Y99.599 E.01062
G1 X101.981 Y99.286 E.01164
G1 X102.148 Y98.492 E.0213
G1 X102.461 Y98.179 E.01164
G1 X103.255 Y98.012 E.0213
G1 X103.568 Y97.699 E.01164
G1 X103.735 Y96.905 E.0213
G1 X104.048 Y96.592 E.01164
G1 X104.842 Y96.425 E.0213
G1 X105.155 Y96.112 E.01164
G1 X105.322 Y95.318 E.0213
G1 X105.635 Y95.005 E.01164
G1 X106.429 Y94.838 E.0213
G1 X106.742 Y94.525 E.01164
G1 X106.909 Y93.731 E.0213
G1 X107.197 Y93.443 E.01069
G1 X107.005 Y93.216 E.00781
G1 X106.767 Y92.822 E.0121
G1 X106.742 Y92.937 E.0031
G1 X106.429 Y93.251 E.01164
G1 X105.635 Y93.418 E.0213
G1 X105.322 Y93.731 E.01164
G1 X105.155 Y94.525 E.0213
G1 X104.842 Y94.838 E.01164
G1 X104.048 Y95.005 E.0213
G1 X103.735 Y95.318 E.01164
G1 X103.568 Y96.112 E.0213
G1 X103.255 Y96.425 E.01164
G1 X102.461 Y96.592 E.0213
G1 X102.148 Y96.905 E.01164
G1 X101.981 Y97.699 E.0213
G1 X101.667 Y98.012 E.01164
G1 X101.281 Y98.094 E.01037
G1 X101.29 Y96.504 E.04174
G1 X101.667 Y96.425 E.01013
G1 X101.981 Y96.112 E.01164
G1 X102.148 Y95.318 E.0213
G1 X102.461 Y95.005 E.01164
G1 X103.255 Y94.838 E.0213
G1 X103.568 Y94.525 E.01164
G1 X103.735 Y93.731 E.0213
G1 X104.048 Y93.418 E.01164
G1 X104.842 Y93.251 E.0213
G1 X105.155 Y92.937 E.01164
G1 X105.322 Y92.144 E.0213
G1 X105.635 Y91.831 E.01164
G1 X106.359 Y91.678 E.01941
G1 X106.332 Y91.564 E.00307
G1 X106.295 Y91.057 E.01336
G1 X106.3 Y90.103 E.02506
G1 X105.635 Y90.243 E.01785
G1 X105.322 Y90.557 E.01164
G1 X105.155 Y91.35 E.0213
G1 X104.842 Y91.664 E.01164
G1 X104.048 Y91.831 E.0213
G1 X103.735 Y92.144 E.01164
G1 X103.568 Y92.937 E.0213
G1 X103.255 Y93.251 E.01164
G1 X102.461 Y93.418 E.0213
G1 X102.148 Y93.731 E.01164
G1 X101.981 Y94.525 E.0213
G1 X101.667 Y94.838 E.01164
G1 X101.299 Y94.915 E.00989
G1 X101.308 Y93.326 E.04174
G1 X101.667 Y93.251 E.00964
G1 X101.981 Y92.937 E.01164
G1 X102.148 Y92.144 E.0213
G1 X102.461 Y91.831 E.01164
G1 X103.255 Y91.664 E.0213
G1 X103.568 Y91.35 E.01164
G1 X103.735 Y90.557 E.0213
G1 X104.048 Y90.243 E.01164
G1 X104.842 Y90.076 E.0213
G1 X105.155 Y89.763 E.01164
G1 X105.322 Y88.97 E.0213
G1 X105.635 Y88.656 E.01164
G1 X106.338 Y88.508 E.01887
G1 X106.35 Y88.369 E.00367
G1 X106.493 Y87.787 E.01574
G1 X106.726 Y87.235 E.01575
G1 X106.987 Y86.814 E.013
G1 X107.049 Y86.717 F18000
G1 F7597.235
G1 X107.434 Y86.271 E.01547
G1 X107.892 Y85.885 E.01575
G1 X108.405 Y85.575 E.01574
G1 X108.96 Y85.348 E.01576
G1 X109.544 Y85.212 E.01574
G1 X109.719 Y85.199 E.00462
G1 X109.917 Y85.002 E.00733
G1 X110.083 Y84.208 E.0213
G1 X110.397 Y83.895 E.01164
G1 X111.19 Y83.728 E.0213
G1 X111.504 Y83.414 E.01164
G1 X111.671 Y82.621 E.0213
G1 X111.984 Y82.308 E.01164
G1 X112.778 Y82.141 E.0213
G1 X113.091 Y81.827 E.01164
G1 X113.258 Y81.034 E.0213
G1 X113.571 Y80.72 E.01164
G1 X114.365 Y80.553 E.0213
G1 X114.681 Y80.227 E.01193
G1 X116.266 Y80.236 E.04164
G1 X115.952 Y80.553 E.01172
G1 X115.158 Y80.72 E.0213
G1 X114.845 Y81.034 E.01164
G1 X114.678 Y81.827 E.0213
G1 X114.365 Y82.141 E.01164
G1 X113.571 Y82.308 E.0213
G1 X113.258 Y82.621 E.01164
G1 X113.091 Y83.414 E.0213
G1 X112.778 Y83.728 E.01164
G1 X111.984 Y83.895 E.0213
G1 X111.671 Y84.208 E.01164
G1 X111.504 Y85.002 E.0213
G1 X111.19 Y85.315 E.01164
G1 X111.159 Y85.322 E.00086
G1 X111.321 Y85.362 E.0044
G1 X111.872 Y85.594 E.0157
G1 X111.984 Y85.482 E.00415
G1 X112.778 Y85.315 E.0213
G1 X113.091 Y85.002 E.01164
G1 X113.258 Y84.208 E.0213
G1 X113.571 Y83.895 E.01164
G1 X114.365 Y83.728 E.0213
G1 X114.678 Y83.414 E.01164
G1 X114.845 Y82.621 E.0213
G1 X115.158 Y82.308 E.01164
G1 X115.952 Y82.141 E.0213
G1 X116.265 Y81.827 E.01164
G1 X116.432 Y81.034 E.0213
G1 X116.745 Y80.72 E.01164
G1 X117.539 Y80.553 E.0213
G1 X117.847 Y80.246 E.01144
G1 X118.957 Y80.252 E.02915
G1 X118.955 Y80.59 E.00887
G1 X118.333 Y80.72 E.0167
G1 X118.019 Y81.034 E.01164
G1 X117.852 Y81.827 E.0213
G1 X117.539 Y82.141 E.01164
G1 X116.745 Y82.308 E.0213
G1 X116.432 Y82.621 E.01164
G1 X116.265 Y83.414 E.0213
G1 X115.952 Y83.728 E.01164
G1 X115.158 Y83.895 E.0213
G1 X114.845 Y84.208 E.01164
G1 X114.678 Y85.002 E.0213
G1 X114.365 Y85.315 E.01164
G1 X113.571 Y85.482 E.0213
G1 X113.258 Y85.795 E.01164
G1 X113.084 Y86.595 E.02151
G1 X113.223 Y86.76 E.00567
G1 X113.471 Y87.169 E.01255
G1 X113.571 Y87.069 E.00373
G1 X114.365 Y86.902 E.0213
G1 X114.678 Y86.589 E.01164
G1 X114.845 Y85.795 E.0213
G1 X115.158 Y85.482 E.01164
G1 X115.952 Y85.315 E.0213
G1 X116.265 Y85.002 E.01164
G1 X116.432 Y84.208 E.0213
G1 X116.745 Y83.895 E.01164
G1 X117.539 Y83.728 E.0213
G1 X117.852 Y83.414 E.01164
G1 X118.019 Y82.621 E.0213
G1 X118.333 Y82.308 E.01164
G1 X118.946 Y82.179 E.01646
G1 X118.937 Y83.768 E.04174
G1 X118.333 Y83.895 E.01622
G1 X118.019 Y84.208 E.01164
G1 X117.852 Y85.002 E.0213
G1 X117.539 Y85.315 E.01164
G1 X116.745 Y85.482 E.0213
G1 X116.432 Y85.795 E.01164
G1 X116.265 Y86.589 E.0213
G1 X115.952 Y86.902 E.01164
G1 X115.158 Y87.069 E.0213
G1 X114.845 Y87.382 E.01164
G1 X114.678 Y88.176 E.0213
G1 X114.365 Y88.489 E.01164
G1 X113.909 Y88.585 E.01223
G1 X113.934 Y88.919 E.0088
G1 X113.926 Y90.169 E.03282
G1 X114.365 Y90.076 E.01176
G1 X114.678 Y89.763 E.01164
G1 X114.845 Y88.97 E.0213
G1 X115.158 Y88.656 E.01164
G1 X115.952 Y88.489 E.0213
G1 X116.265 Y88.176 E.01164
G1 X116.432 Y87.382 E.0213
G1 X116.745 Y87.069 E.01164
G1 X117.539 Y86.902 E.0213
G1 X117.852 Y86.589 E.01164
G1 X118.019 Y85.795 E.0213
G1 X118.333 Y85.482 E.01164
G1 X118.928 Y85.357 E.01597
G1 X118.92 Y86.738 E.03628
G1 X104.961 Y80.172 F18000
G1 F7597.235
G1 X104.087 Y80.167 E.02297
G1 X101.368 Y82.855 E.10043
G1 X101.363 Y83.792 E.02461
G1 X101.667 Y83.728 E.00818
G1 X101.981 Y83.414 E.01164
G1 X102.148 Y82.621 E.0213
G1 X102.461 Y82.308 E.01164
G1 X103.255 Y82.141 E.0213
G1 X103.568 Y81.827 E.01164
G1 X103.735 Y81.034 E.0213
G1 X104.048 Y80.72 E.01164
G1 X104.842 Y80.553 E.0213
G1 X105.155 Y80.24 E.01164
G1 X105.169 Y80.173 E.0018
G1 X106.754 Y80.182 E.04164
G1 X106.742 Y80.24 E.00156
G1 X106.429 Y80.553 E.01164
G1 X105.635 Y80.72 E.0213
G1 X105.322 Y81.034 E.01164
G1 X105.155 Y81.827 E.0213
G1 X104.842 Y82.141 E.01164
G1 X104.048 Y82.308 E.0213
G1 X103.735 Y82.621 E.01164
G1 X103.568 Y83.414 E.0213
G1 X103.255 Y83.728 E.01164
G1 X102.461 Y83.895 E.0213
G1 X102.148 Y84.208 E.01164
G1 X101.981 Y85.002 E.0213
G1 X101.667 Y85.315 E.01164
G1 X101.354 Y85.381 E.00842
G1 X101.345 Y86.97 E.04174
G1 X101.667 Y86.902 E.00867
G1 X101.981 Y86.589 E.01164
G1 X102.148 Y85.795 E.0213
G1 X102.461 Y85.482 E.01164
G1 X103.255 Y85.315 E.0213
G1 X103.568 Y85.002 E.01164
G1 X103.735 Y84.208 E.0213
G1 X104.048 Y83.895 E.01164
G1 X104.842 Y83.728 E.0213
G1 X105.155 Y83.414 E.01164
G1 X105.322 Y82.621 E.0213
G1 X105.635 Y82.308 E.01164
G1 X106.429 Y82.141 E.0213
G1 X106.742 Y81.827 E.01164
G1 X106.909 Y81.034 E.0213
G1 X107.222 Y80.72 E.01164
G1 X108.016 Y80.553 E.0213
G1 X108.329 Y80.24 E.01164
G1 X108.34 Y80.191 E.00131
G1 X109.925 Y80.2 E.04164
G1 X109.917 Y80.24 E.00107
G1 X109.603 Y80.553 E.01164
G1 X108.81 Y80.72 E.0213
G1 X108.496 Y81.034 E.01164
G1 X108.329 Y81.827 E.0213
G1 X108.016 Y82.141 E.01164
G1 X107.222 Y82.308 E.0213
G1 X106.909 Y82.621 E.01164
G1 X106.742 Y83.414 E.0213
G1 X106.429 Y83.728 E.01164
G1 X105.635 Y83.895 E.0213
G1 X105.322 Y84.208 E.01164
G1 X105.155 Y85.002 E.0213
G1 X104.842 Y85.315 E.01164
G1 X104.048 Y85.482 E.0213
G1 X103.735 Y85.795 E.01164
G1 X103.568 Y86.589 E.0213
G1 X103.255 Y86.902 E.01164
G1 X102.461 Y87.069 E.0213
G1 X102.148 Y87.382 E.01164
G1 X101.981 Y88.176 E.0213
G1 X101.667 Y88.489 E.01164
G1 X101.335 Y88.559 E.00891
G1 X101.326 Y90.148 E.04174
G1 X101.667 Y90.076 E.00915
G1 X101.981 Y89.763 E.01164
G1 X102.148 Y88.97 E.0213
G1 X102.461 Y88.656 E.01164
G1 X103.255 Y88.489 E.0213
G1 X103.568 Y88.176 E.01164
G1 X103.735 Y87.382 E.0213
G1 X104.048 Y87.069 E.01164
G1 X104.842 Y86.902 E.0213
G1 X105.155 Y86.589 E.01164
G1 X105.322 Y85.795 E.0213
G1 X105.635 Y85.482 E.01164
G1 X106.429 Y85.315 E.0213
G1 X106.742 Y85.002 E.01164
G1 X106.909 Y84.208 E.0213
G1 X107.222 Y83.895 E.01164
G1 X108.016 Y83.728 E.0213
G1 X108.329 Y83.414 E.01164
G1 X108.496 Y82.621 E.0213
G1 X108.81 Y82.308 E.01164
G1 X109.603 Y82.141 E.0213
G1 X109.917 Y81.827 E.01164
G1 X110.083 Y81.034 E.0213
G1 X110.397 Y80.72 E.01164
G1 X111.19 Y80.553 E.0213
G1 X111.504 Y80.24 E.01164
G1 X111.51 Y80.209 E.00083
G1 X113.095 Y80.218 E.04164
G1 X112.778 Y80.553 E.01213
G1 X111.984 Y80.72 E.0213
G1 X111.671 Y81.034 E.01164
G1 X111.504 Y81.827 E.0213
G1 X111.19 Y82.141 E.01164
G1 X110.397 Y82.308 E.0213
G1 X110.083 Y82.621 E.01164
G1 X109.917 Y83.414 E.0213
G1 X109.603 Y83.728 E.01164
G1 X108.81 Y83.895 E.0213
G1 X108.496 Y84.208 E.01164
G1 X108.329 Y85.002 E.0213
G1 X108.016 Y85.315 E.01164
G1 X107.222 Y85.482 E.0213
G1 X106.909 Y85.795 E.01164
G1 X106.742 Y86.589 E.0213
G1 X106.429 Y86.902 E.01164
G1 X105.635 Y87.069 E.0213
G1 X105.322 Y87.382 E.01164
G1 X105.155 Y88.176 E.0213
G1 X104.842 Y88.489 E.01164
G1 X104.048 Y88.656 E.0213
G1 X103.735 Y88.97 E.01164
G1 X103.568 Y89.763 E.0213
G1 X103.255 Y90.076 E.01164
G1 X102.461 Y90.243 E.0213
G1 X102.148 Y90.557 E.01164
G1 X101.981 Y91.35 E.0213
G1 X101.667 Y91.664 E.01164
G1 X101.317 Y91.737 E.0094
G1 X101.309 Y93.118 E.03628
G1 X101.071 Y134.85 F18000
G1 F7597.235
G1 X101.063 Y136.231 E.03628
G1 X101.667 Y136.104 E.01622
G1 X101.981 Y135.791 E.01164
G1 X102.148 Y134.997 E.0213
G1 X102.461 Y134.684 E.01164
G1 X103.255 Y134.517 E.0213
G1 X103.568 Y134.204 E.01164
G1 X103.735 Y133.41 E.0213
G1 X104.048 Y133.097 E.01164
G1 X104.842 Y132.93 E.0213
G1 X105.155 Y132.616 E.01164
G1 X105.236 Y132.232 E.01032
G1 X105.287 Y132.451 E.00591
G1 X105.576 Y133.156 E.02002
G1 X105.322 Y133.41 E.00942
G1 X105.155 Y134.204 E.0213
G1 X104.842 Y134.517 E.01164
G1 X104.048 Y134.684 E.0213
G1 X103.735 Y134.997 E.01164
G1 X103.568 Y135.791 E.0213
G1 X103.255 Y136.104 E.01164
G1 X102.461 Y136.271 E.0213
G1 X102.148 Y136.584 E.01164
G1 X101.981 Y137.378 E.0213
G1 X101.667 Y137.691 E.01164
G1 X101.054 Y137.82 E.01646
G1 X101.045 Y139.409 E.04174
G1 X101.667 Y139.278 E.01671
G1 X101.981 Y138.965 E.01164
G1 X102.148 Y138.171 E.0213
G1 X102.461 Y137.858 E.01164
G1 X103.255 Y137.691 E.0213
G1 X103.568 Y137.378 E.01164
G1 X103.735 Y136.584 E.0213
G1 X104.048 Y136.271 E.01164
G1 X104.842 Y136.104 E.0213
G1 X105.155 Y135.791 E.01164
G1 X105.322 Y134.997 E.0213
G1 X105.635 Y134.684 E.01164
G1 X106.429 Y134.517 E.0213
G1 X106.515 Y134.431 E.00319
G1 X107.031 Y134.875 E.01789
G1 X106.909 Y134.997 E.00453
G1 X106.742 Y135.791 E.0213
G1 X106.429 Y136.104 E.01164
G1 X105.635 Y136.271 E.0213
G1 X105.322 Y136.584 E.01164
G1 X105.155 Y137.378 E.0213
G1 X104.842 Y137.691 E.01164
G1 X104.048 Y137.858 E.0213
G1 X103.735 Y138.171 E.01164
G1 X103.568 Y138.965 E.0213
G1 X103.255 Y139.278 E.01164
G1 X102.461 Y139.445 E.0213
G1 X102.176 Y139.731 E.0106
G1 X103.754 Y139.74 E.04145
G1 X104.048 Y139.445 E.01093
G1 X104.842 Y139.278 E.0213
G1 X105.155 Y138.965 E.01164
G1 X105.322 Y138.171 E.0213
G1 X105.635 Y137.858 E.01164
G1 X106.429 Y137.691 E.0213
G1 X106.742 Y137.378 E.01164
G1 X106.909 Y136.584 E.0213
G1 X107.222 Y136.271 E.01164
G1 X108.016 Y136.104 E.0213
G1 X108.329 Y135.791 E.01164
G1 X108.377 Y135.566 E.00602
G1 X109.099 Y135.744 E.01953
G1 X109.903 Y135.804 E.02119
G1 X109.603 Y136.104 E.01114
G1 X108.81 Y136.271 E.0213
G1 X108.496 Y136.584 E.01164
G1 X108.329 Y137.378 E.0213
G1 X108.016 Y137.691 E.01164
G1 X107.222 Y137.858 E.0213
G1 X106.909 Y138.171 E.01164
G1 X106.742 Y138.965 E.0213
G1 X106.429 Y139.278 E.01164
G1 X105.635 Y139.445 E.0213
G1 X105.332 Y139.749 E.01127
G1 X106.91 Y139.758 E.04145
G1 X107.222 Y139.445 E.0116
G1 X108.016 Y139.278 E.0213
G1 X108.329 Y138.965 E.01164
G1 X108.496 Y138.171 E.0213
G1 X108.81 Y137.858 E.01164
G1 X109.603 Y137.691 E.0213
G1 X109.917 Y137.378 E.01164
G1 X110.083 Y136.584 E.0213
G1 X110.397 Y136.271 E.01164
G1 X111.19 Y136.104 E.0213
G1 X111.504 Y135.791 E.01164
G1 X111.567 Y135.489 E.00809
G1 X112.044 Y135.295 E.01352
G1 X112.691 Y134.904 E.01987
G1 X113.269 Y134.416 E.01987
G1 X113.764 Y133.843 E.01987
G1 X114.163 Y133.2 E.01987
G1 X114.268 Y132.95 E.00714
G1 X114.365 Y132.93 E.0026
G1 X114.678 Y132.616 E.01164
G1 X114.845 Y131.823 E.0213
G1 X115.158 Y131.509 E.01164
G1 X115.952 Y131.343 E.0213
G1 X116.265 Y131.029 E.01164
G1 X116.432 Y130.236 E.0213
G1 X116.745 Y129.922 E.01164
G1 X117.539 Y129.755 E.0213
G1 X117.852 Y129.442 E.01164
G1 X118.019 Y128.649 E.0213
G1 X118.333 Y128.335 E.01164
G1 X118.683 Y128.262 E.00939
G1 X118.673 Y129.851 E.04174
G1 X118.333 Y129.922 E.00915
G1 X118.019 Y130.236 E.01164
G1 X117.852 Y131.029 E.0213
G1 X117.539 Y131.343 E.01164
G1 X116.745 Y131.509 E.0213
G1 X116.432 Y131.823 E.01164
G1 X116.265 Y132.616 E.0213
G1 X115.952 Y132.93 E.01164
G1 X115.158 Y133.097 E.0213
G1 X114.845 Y133.41 E.01164
G1 X114.678 Y134.204 E.0213
G1 X114.365 Y134.517 E.01164
G1 X113.571 Y134.684 E.0213
G1 X113.258 Y134.997 E.01164
G1 X113.091 Y135.791 E.0213
G1 X112.778 Y136.104 E.01164
G1 X111.984 Y136.271 E.0213
G1 X111.671 Y136.584 E.01164
G1 X111.504 Y137.378 E.0213
G1 X111.19 Y137.691 E.01164
G1 X110.397 Y137.858 E.0213
G1 X110.083 Y138.171 E.01164
G1 X109.917 Y138.965 E.0213
G1 X109.603 Y139.278 E.01164
G1 X108.81 Y139.445 E.0213
G1 X108.495 Y139.767 E.01182
G1 X110.08 Y139.776 E.04164
G1 X110.397 Y139.445 E.01203
G1 X111.19 Y139.278 E.0213
G1 X111.504 Y138.965 E.01164
G1 X111.671 Y138.171 E.0213
G1 X111.984 Y137.858 E.01164
G1 X112.778 Y137.691 E.0213
G1 X113.091 Y137.378 E.01164
G1 X113.258 Y136.584 E.0213
G1 X113.571 Y136.271 E.01164
G1 X114.365 Y136.104 E.0213
G1 X114.678 Y135.791 E.01164
G1 X114.845 Y134.997 E.0213
G1 X115.158 Y134.684 E.01164
G1 X115.952 Y134.517 E.0213
G1 X116.265 Y134.204 E.01164
G1 X116.432 Y133.41 E.0213
G1 X116.745 Y133.097 E.01164
G1 X117.539 Y132.93 E.0213
G1 X117.852 Y132.616 E.01164
G1 X118.019 Y131.823 E.0213
G1 X118.333 Y131.509 E.01164
G1 X118.664 Y131.44 E.00891
G1 X118.655 Y133.029 E.04174
G1 X118.333 Y133.097 E.00866
G1 X118.019 Y133.41 E.01164
G1 X117.852 Y134.204 E.0213
G1 X117.539 Y134.517 E.01164
G1 X116.745 Y134.684 E.0213
G1 X116.432 Y134.997 E.01164
G1 X116.265 Y135.791 E.0213
G1 X115.952 Y136.104 E.01164
G1 X115.158 Y136.271 E.0213
G1 X114.845 Y136.584 E.01164
G1 X114.678 Y137.378 E.0213
G1 X114.365 Y137.691 E.01164
G1 X113.571 Y137.858 E.0213
G1 X113.258 Y138.171 E.01164
G1 X113.091 Y138.965 E.0213
G1 X112.778 Y139.278 E.01164
G1 X111.984 Y139.445 E.0213
G1 X111.671 Y139.759 E.01164
G1 X111.665 Y139.785 E.0007
G1 X113.25 Y139.794 E.04164
G1 X113.258 Y139.759 E.00094
G1 X113.571 Y139.445 E.01164
G1 X114.365 Y139.278 E.0213
G1 X114.678 Y138.965 E.01164
G1 X114.845 Y138.171 E.0213
G1 X115.158 Y137.858 E.01164
G1 X115.952 Y137.691 E.0213
G1 X116.265 Y137.378 E.01164
G1 X116.432 Y136.584 E.0213
G1 X116.745 Y136.271 E.01164
G1 X117.539 Y136.104 E.0213
G1 X117.852 Y135.791 E.01164
G1 X118.019 Y134.997 E.0213
G1 X118.333 Y134.684 E.01164
G1 X118.646 Y134.618 E.00842
G1 X118.638 Y135.999 E.03628
G1 X118.627 Y138.004 F18000
G1 F7597.235
G1 X118.619 Y139.385 E.03628
G1 X118.333 Y139.445 E.00769
G1 X118.019 Y139.759 E.01164
G1 X118.006 Y139.821 E.00167
G1 X116.421 Y139.812 E.04164
G1 X116.432 Y139.759 E.00143
G1 X116.745 Y139.445 E.01164
G1 X117.539 Y139.278 E.0213
G1 X117.852 Y138.965 E.01164
G1 X118.019 Y138.171 E.0213
G1 X118.333 Y137.858 E.01164
G1 X118.628 Y137.796 E.00793
G1 X118.637 Y136.207 E.04174
G1 X118.333 Y136.271 E.00818
G1 X118.019 Y136.584 E.01164
G1 X117.852 Y137.378 E.0213
G1 X117.539 Y137.691 E.01164
G1 X116.745 Y137.858 E.0213
G1 X116.432 Y138.171 E.01164
G1 X116.265 Y138.965 E.0213
G1 X115.952 Y139.278 E.01164
G1 X115.158 Y139.445 E.0213
G1 X114.845 Y139.759 E.01164
G1 X114.836 Y139.803 E.00119
G1 X116.213 Y139.811 E.03618
; stop printing object pigtail_slot_coupon.stl id:2099807082496 copy 0
M106 S135
;LAYER_CHANGE
;Z:2.16
;HEIGHT:0.16
G92 E0 ; zero the extruded length again
; BEFORE_LAYER_CHANGE 12 @ 2.16mm
G1 E-1.75 F6000
;WIPE_START
G1 F7597.235
G1 X115.213 Y139.805 E-.75
;WIPE_END
; AFTER_LAYER_CHANGE 12 @ 2.16mm
;_SET_FAN_SPEED_CHANGING_LAYER
; printing object pigtail_slot_coupon.stl id:2099807082496 copy 0
G1 F18000
G1 X115.591 Y140.174 Z2.18857
G1 X115.538 Y140.699 Z2.21714
G1 X115.094 Y140.985 Z2.24571
G1 X114.594 Y140.817 Z2.27429
G1 X114.413 Y140.321 Z2.30286
G1 X114.689 Y139.87 Z2.33143
G1 X115.213 Y139.805 Z2.36
G1 X120.012 Y141.422 Z2.36
G1 X120.197 Y141.423
G1 X120.608 Y141.839
G1 Z2.16
G1 E2.5 F6000
M204 P1000
;TYPE:Outer wall
;WIDTH:0.42
G1 F3600
G1 X99.029 Y141.716 E.52594
G1 X99.37 Y82.014 E1.45507
G1 X103.269 Y78.159 E.13363
G1 X111.822 Y78.208 E.20845
G1 X120.971 Y78.26 E.223
G1 X120.609 Y141.779 E1.54809
G1 X120.197 Y141.423 F18000
G1 X120.21 Y141.436
M204 P1500
;TYPE:Inner wall
;WIDTH:0.45
G1 F6000
G1 X99.432 Y141.317 E.54581
G1 X99.769 Y82.182 E1.55337
G1 X103.432 Y78.561 E.1353
G1 X111.819 Y78.609 E.22031
G1 X120.568 Y78.658 E.22982
G1 X120.21 Y141.376 E1.64747
G1 X119.797 Y141.018 F18000
G1 F6000
G1 X99.85 Y140.904 E.52397
G1 X100.184 Y82.357 E1.53793
G1 X103.602 Y78.977 E.12626
G1 X111.817 Y79.024 E.21578
G1 X120.15 Y79.072 E.21891
G1 X119.797 Y140.958 E1.62563
G1 X119.383 Y140.6 F18000
G1 F6000
G1 X100.268 Y140.491 E.50213
G1 X100.599 Y82.531 E1.52249
G1 X103.772 Y79.394 E.11721
G1 X111.814 Y79.44 E.21126
G1 X119.732 Y79.485 E.20799
G1 X119.384 Y140.54 E1.60379
G1 X118.97 Y140.182 F18000
G1 F6000
G1 X100.686 Y140.078 E.48029
G1 X101.013 Y82.706 E1.50705
G1 X103.942 Y79.811 E.10817
G1 X111.812 Y79.855 E.20674
G1 X119.314 Y79.898 E.19707
G1 X118.97 Y140.122 E1.58196
G1 E-1.75
;WIPE_START
G1 X117.97 Y140.12 E-.75
;WIPE_END
G1 X114.89 Y137.866 Z2.36 F18000
G1 X109.894 Y134.211 Z2.36
G1 X109.864 Y133.799
G1 Z2.16
G1 E2.5 F6000
M204 P1000
;TYPE:Outer wall
;WIDTH:0.42
G1 F3600
G1 X110.304 Y133.766 E.01075
G1 X110.733 Y133.666 E.01075
G1 X111.142 Y133.499 E.01075
G1 X111.519 Y133.271 E.01075
G1 X111.856 Y132.987 E.01075
G1 X112.145 Y132.653 E.01075
G1 X112.377 Y132.278 E.01075
G1 X112.548 Y131.871 E.01075
G1 X112.654 Y131.443 E.01075
G1 X112.69 Y131.016 E.01045
G1 X112.702 Y128.992 E.04934
G1 X112.67 Y128.564 E.01045
G1 X112.57 Y128.134 E.01075
G1 X112.403 Y127.726 E.01075
G1 X112.175 Y127.348 E.01075
G1 X111.89 Y127.011 E.01075
G1 X111.557 Y126.723 E.01075
G1 X111.182 Y126.49 E.01075
G1 X110.775 Y126.319 E.01075
G1 X110.347 Y126.214 E.01075
G1 X109.908 Y126.177 E.01075
G1 X109.695 Y126.192 E.00518
G1 X109.468 Y126.209 E.00557
G1 X109.038 Y126.309 E.01075
G1 X108.63 Y126.476 E.01075
G1 X108.252 Y126.704 E.01075
G1 X107.915 Y126.989 E.01075
G1 X107.627 Y127.322 E.01075
G1 X107.394 Y127.697 E.01075
G1 X107.223 Y128.104 E.01075
G1 X107.118 Y128.532 E.01075
G1 X107.082 Y128.959 E.01045
G1 X107.07 Y130.984 E.04934
G1 X107.101 Y131.412 E.01045
G1 X107.202 Y131.841 E.01075
G1 X107.368 Y132.249 E.01075
G1 X107.597 Y132.627 E.01075
G1 X107.881 Y132.964 E.01075
G1 X108.215 Y133.252 E.01075
G1 X108.59 Y133.485 E.01075
G1 X108.996 Y133.656 E.01075
G1 X109.424 Y133.761 E.01075
G1 X109.804 Y133.793 E.00929
G1 X109.769 Y134.206 F18000
G1 X109.833 Y134.211
G1 X109.834 Y134.198
M204 P1500
;TYPE:Inner wall
;WIDTH:0.45
G1 F6000
G1 X109.862 Y134.2 E.00074
G1 X110.365 Y134.164 E.01324
G1 X110.855 Y134.049 E.01324
G1 X111.322 Y133.859 E.01324
G1 X111.754 Y133.598 E.01324
G1 X112.139 Y133.272 E.01324
G1 X112.469 Y132.891 E.01324
G1 X112.734 Y132.463 E.01324
G1 X112.93 Y131.998 E.01324
G1 X113.05 Y131.508 E.01324
G1 X113.091 Y131.034 E.01251
G1 X113.102 Y128.978 E.054
G1 X113.068 Y128.503 E.01251
G1 X112.953 Y128.012 E.01324
G1 X112.762 Y127.545 E.01324
G1 X112.501 Y127.114 E.01324
G1 X112.176 Y126.729 E.01324
G1 X111.795 Y126.399 E.01324
G1 X111.366 Y126.133 E.01324
G1 X110.902 Y125.938 E.01324
G1 X110.412 Y125.817 E.01324
G1 X109.91 Y125.775 E.01324
G1 X109.666 Y125.793 E.00642
G1 X109.407 Y125.812 E.00683
G1 X108.916 Y125.926 E.01324
G1 X108.449 Y126.117 E.01324
G1 X108.018 Y126.378 E.01324
G1 X107.633 Y126.703 E.01324
G1 X107.303 Y127.084 E.01324
G1 X107.037 Y127.513 E.01324
G1 X106.842 Y127.977 E.01324
G1 X106.721 Y128.467 E.01324
G1 X106.681 Y128.941 E.01251
G1 X106.669 Y130.997 E.054
G1 X106.704 Y131.472 E.01251
G1 X106.819 Y131.963 E.01324
G1 X107.009 Y132.43 E.01324
G1 X107.27 Y132.861 E.01324
G1 X107.595 Y133.247 E.01324
G1 X107.977 Y133.576 E.01324
G1 X108.405 Y133.842 E.01324
G1 X108.87 Y134.037 E.01324
G1 X109.359 Y134.158 E.01324
G1 X109.774 Y134.193 E.01093
G1 X109.916 Y134.613 F18000
G1 F6000
G1 X110.427 Y134.576 E.01346
G1 X110.982 Y134.446 E.01496
G1 X111.509 Y134.231 E.01496
G1 X111.997 Y133.936 E.01496
G1 X112.432 Y133.569 E.01496
G1 X112.804 Y133.138 E.01496
G1 X113.105 Y132.654 E.01496
G1 X113.326 Y132.129 E.01496
G1 X113.462 Y131.576 E.01496
G1 X113.506 Y131.053 E.0138
G1 X113.518 Y128.964 E.05486
G1 X113.48 Y128.44 E.0138
G1 X113.35 Y127.886 E.01496
G1 X113.135 Y127.358 E.01496
G1 X112.84 Y126.871 E.01496
G1 X112.473 Y126.436 E.01496
G1 X112.042 Y126.063 E.01496
G1 X111.558 Y125.763 E.01496
G1 X111.033 Y125.542 E.01496
G1 X110.48 Y125.406 E.01496
G1 X109.912 Y125.358 E.01496
G1 X109.636 Y125.378 E.00728
G1 X109.344 Y125.399 E.00769
G1 X108.79 Y125.529 E.01496
G1 X108.262 Y125.744 E.01496
G1 X107.775 Y126.039 E.01496
G1 X107.34 Y126.406 E.01496
G1 X106.967 Y126.837 E.01496
G1 X106.667 Y127.321 E.01496
G1 X106.446 Y127.846 E.01496
G1 X106.31 Y128.399 E.01496
G1 X106.265 Y128.923 E.0138
G1 X106.254 Y131.011 E.05486
G1 X106.292 Y131.535 E.0138
G1 X106.422 Y132.089 E.01496
G1 X106.637 Y132.617 E.01496
G1 X106.931 Y133.104 E.01496
G1 X107.299 Y133.54 E.01496
G1 X107.73 Y133.912 E.01496
G1 X108.214 Y134.212 E.01496
G1 X108.739 Y134.433 E.01496
G1 X109.292 Y134.569 E.01496
G1 X109.857 Y134.617 E.01489
G1 X109.771 Y135.027 F18000
G1 F6000
G1 X109.857 Y135.034 E.00227
G1 X110.49 Y134.988 E.01668
G1 X111.109 Y134.843 E.01668
G1 X111.697 Y134.604 E.01668
G1 X112.24 Y134.275 E.01668
G1 X112.725 Y133.866 E.01668
G1 X113.14 Y133.385 E.01668
G1 X113.475 Y132.845 E.01668
G1 X113.722 Y132.26 E.01668
G1 X113.873 Y131.644 E.01668
G1 X113.922 Y131.071 E.01508
G1 X113.934 Y128.95 E.05572
G1 X113.892 Y128.377 E.01509
G1 X113.747 Y127.759 E.01668
G1 X113.508 Y127.171 E.01668
G1 X113.179 Y126.628 E.01668
G1 X112.769 Y126.142 E.01668
G1 X112.289 Y125.727 E.01668
G1 X111.749 Y125.393 E.01668
G1 X111.164 Y125.146 E.01668
G1 X110.547 Y124.994 E.01668
G1 X109.915 Y124.941 E.01668
G1 X109.606 Y124.964 E.00814
G1 X109.281 Y124.987 E.00855
G1 X108.663 Y125.132 E.01668
G1 X108.075 Y125.372 E.01668
G1 X107.532 Y125.7 E.01668
G1 X107.046 Y126.11 E.01668
G1 X106.631 Y126.59 E.01668
G1 X106.296 Y127.13 E.01668
G1 X106.05 Y127.715 E.01668
G1 X105.898 Y128.332 E.01668
G1 X105.85 Y128.904 E.01508
G1 X105.838 Y131.025 E.05572
G1 X105.88 Y131.598 E.01509
G1 X106.024 Y132.216 E.01668
G1 X106.264 Y132.804 E.01668
G1 X106.593 Y133.348 E.01668
G1 X107.002 Y133.833 E.01668
G1 X107.483 Y134.248 E.01668
G1 X108.022 Y134.583 E.01668
G1 X108.608 Y134.829 E.01668
G1 X109.224 Y134.981 E.01668
G1 X109.711 Y135.022 E.01284
G1 X109.74 Y135.442 F18000
G1 F6000
G1 X109.855 Y135.451 E.00303
G1 X110.553 Y135.4 E.0184
G1 X111.235 Y135.241 E.0184
G1 X111.884 Y134.976 E.0184
G1 X112.483 Y134.614 E.0184
G1 X113.018 Y134.162 E.0184
G1 X113.476 Y133.632 E.0184
G1 X113.846 Y133.037 E.0184
G1 X114.117 Y132.391 E.0184
G1 X114.285 Y131.711 E.0184
G1 X114.337 Y131.09 E.01637
G1 X114.35 Y128.936 E.05657
G1 X114.304 Y128.315 E.01637
G1 X114.145 Y127.633 E.01839
G1 X113.88 Y126.984 E.0184
G1 X113.518 Y126.385 E.0184
G1 X113.066 Y125.849 E.0184
G1 X112.536 Y125.391 E.0184
G1 X111.941 Y125.022 E.0184
G1 X111.295 Y124.75 E.0184
G1 X110.615 Y124.583 E.01839
G1 X109.917 Y124.524 E.0184
G1 X109.575 Y124.549 E.009
G1 X109.218 Y124.575 E.00941
G1 X108.536 Y124.735 E.0184
G1 X107.888 Y124.999 E.0184
G1 X107.289 Y125.362 E.0184
G1 X106.753 Y125.813 E.0184
G1 X106.295 Y126.343 E.0184
G1 X105.926 Y126.939 E.0184
G1 X105.654 Y127.584 E.0184
G1 X105.487 Y128.264 E.0184
G1 X105.434 Y128.885 E.01637
G1 X105.422 Y131.039 E.05657
G1 X105.467 Y131.661 E.01637
G1 X105.627 Y132.343 E.01839
G1 X105.891 Y132.991 E.0184
G1 X106.254 Y133.591 E.0184
G1 X106.706 Y134.126 E.0184
G1 X107.236 Y134.584 E.0184
G1 X107.831 Y134.953 E.0184
G1 X108.476 Y135.225 E.0184
G1 X109.157 Y135.392 E.0184
G1 X109.68 Y135.436 E.0138
G1 E-1.75
;WIPE_START
G1 X109.855 Y135.451 E-.13153
G1 X110.553 Y135.4 E-.52541
G1 X110.674 Y135.372 E-.09305
;WIPE_END
G1 X112.479 Y132.899 Z2.36 F18000
G1 X112.746 Y132.469
G1 X112.942 Y132.002
G1 X113.063 Y131.51
G1 X113.103 Y131.034
G1 X113.115 Y128.978
G1 X112.729 Y108.975
G1 X112.7 Y108.577
G1 X112.603 Y108.16
G1 X112.441 Y107.764
G1 X112.22 Y107.398
G1 X111.944 Y107.072
G1 X111.62 Y106.792
G1 X111.257 Y106.566
G1 X110.863 Y106.4
G1 X110.447 Y106.298
G1 X110.281 Y106.284
G1 X110.128 Y93.212
G1 X110.098 Y92.799
G1 Z2.16
G1 E2.5 F6000
M204 P1000
;TYPE:Outer wall
;WIDTH:0.42
G1 F3600
G1 X110.382 Y92.778 E.00693
G1 X110.658 Y92.714 E.00693
G1 X110.921 Y92.606 E.00693
G1 X111.165 Y92.459 E.00692
G1 X111.382 Y92.276 E.00692
G1 X111.568 Y92.061 E.00693
G1 X111.717 Y91.82 E.00693
G1 X111.828 Y91.558 E.00693
G1 X111.896 Y91.282 E.00692
G1 X111.918 Y91.011 E.00663
G1 X111.93 Y88.986 E.04934
G1 X111.91 Y88.715 E.00663
G1 X111.845 Y88.439 E.00692
G1 X111.738 Y88.175 E.00693
G1 X111.591 Y87.932 E.00693
G1 X111.408 Y87.715 E.00693
G1 X111.193 Y87.529 E.00692
G1 X110.951 Y87.379 E.00693
G1 X110.689 Y87.269 E.00693
G1 X110.413 Y87.201 E.00693
G1 X110.13 Y87.177 E.00693
G1 X109.993 Y87.187 E.00335
G1 X109.847 Y87.198 E.00358
G1 X109.57 Y87.263 E.00693
G1 X109.307 Y87.37 E.00693
G1 X109.064 Y87.517 E.00692
G1 X108.847 Y87.7 E.00692
G1 X108.661 Y87.915 E.00693
G1 X108.511 Y88.157 E.00693
G1 X108.401 Y88.419 E.00693
G1 X108.333 Y88.695 E.00692
G1 X108.31 Y88.966 E.00663
G1 X108.298 Y90.99 E.04934
G1 X108.318 Y91.261 E.00663
G1 X108.383 Y91.538 E.00692
G1 X108.49 Y91.801 E.00693
G1 X108.637 Y92.044 E.00693
G1 X108.821 Y92.262 E.00693
G1 X109.036 Y92.447 E.00692
G1 X109.277 Y92.597 E.00692
G1 X109.539 Y92.707 E.00693
G1 X109.815 Y92.775 E.00693
G1 X110.038 Y92.794 E.00546
G1 X110.003 Y93.206 F18000
G1 X110.096 Y93.214
G1 X110.125 Y93.212
G1 X110.124 Y93.199
M204 P1500
;TYPE:Inner wall
;WIDTH:0.45
G1 F6000
G1 X110.442 Y93.176 E.00838
G1 X110.78 Y93.097 E.00912
G1 X111.102 Y92.966 E.00912
G1 X111.399 Y92.786 E.00912
G1 X111.664 Y92.562 E.00912
G1 X111.891 Y92.299 E.00912
G1 X112.074 Y92.004 E.00912
G1 X112.209 Y91.684 E.00912
G1 X112.292 Y91.347 E.00912
G1 X112.319 Y91.029 E.00839
G1 X112.331 Y88.973 E.054
G1 X112.307 Y88.655 E.00839
G1 X112.228 Y88.317 E.00912
G1 X112.097 Y87.995 E.00912
G1 X111.918 Y87.698 E.00912
G1 X111.694 Y87.432 E.00912
G1 X111.431 Y87.206 E.00912
G1 X111.136 Y87.022 E.00912
G1 X110.816 Y86.888 E.00912
G1 X110.479 Y86.805 E.00912
G1 X110.133 Y86.775 E.00912
G1 X109.964 Y86.788 E.00444
G1 X109.786 Y86.801 E.00468
G1 X109.448 Y86.88 E.00912
G1 X109.127 Y87.011 E.00912
G1 X108.83 Y87.191 E.00912
G1 X108.564 Y87.415 E.00912
G1 X108.337 Y87.677 E.00912
G1 X108.154 Y87.972 E.00912
G1 X108.019 Y88.293 E.00912
G1 X107.936 Y88.63 E.00912
G1 X107.909 Y88.948 E.00839
G1 X107.898 Y91.004 E.054
G1 X107.921 Y91.322 E.00839
G1 X108 Y91.66 E.00912
G1 X108.131 Y91.982 E.00912
G1 X108.311 Y92.279 E.00912
G1 X108.535 Y92.544 E.00912
G1 X108.798 Y92.771 E.00912
G1 X109.093 Y92.954 E.00912
G1 X109.413 Y93.089 E.00912
G1 X109.75 Y93.172 E.00912
G1 X110.064 Y93.198 E.00828
G1 X110.151 Y93.614 F18000
G1 F6000
G1 X110.505 Y93.588 E.00934
G1 X110.907 Y93.494 E.01084
G1 X111.289 Y93.338 E.01084
G1 X111.642 Y93.125 E.01084
G1 X111.957 Y92.859 E.01084
G1 X112.227 Y92.546 E.01084
G1 X112.445 Y92.196 E.01084
G1 X112.605 Y91.815 E.01084
G1 X112.704 Y91.415 E.01084
G1 X112.735 Y91.048 E.00968
G1 X112.746 Y88.959 E.05486
G1 X112.72 Y88.592 E.00968
G1 X112.626 Y88.19 E.01084
G1 X112.47 Y87.808 E.01084
G1 X112.256 Y87.455 E.01084
G1 X111.99 Y87.139 E.01084
G1 X111.678 Y86.87 E.01084
G1 X111.327 Y86.652 E.01084
G1 X110.947 Y86.492 E.01084
G1 X110.546 Y86.393 E.01084
G1 X110.135 Y86.359 E.01084
G1 X109.934 Y86.373 E.0053
G1 X109.723 Y86.389 E.00554
G1 X109.322 Y86.483 E.01084
G1 X108.939 Y86.638 E.01084
G1 X108.586 Y86.852 E.01084
G1 X108.271 Y87.118 E.01084
G1 X108.001 Y87.43 E.01084
G1 X107.784 Y87.781 E.01084
G1 X107.624 Y88.161 E.01084
G1 X107.525 Y88.562 E.01084
G1 X107.494 Y88.929 E.00968
G1 X107.482 Y91.018 E.05486
G1 X107.509 Y91.385 E.00968
G1 X107.603 Y91.787 E.01084
G1 X107.759 Y92.169 E.01084
G1 X107.972 Y92.522 E.01084
G1 X108.238 Y92.837 E.01084
G1 X108.551 Y93.107 E.01084
G1 X108.901 Y93.325 E.01084
G1 X109.282 Y93.485 E.01084
G1 X109.682 Y93.583 E.01084
G1 X110.091 Y93.618 E.01076
G1 X110.177 Y94.029 F18000
G1 F6000
G1 X110.568 Y94 E.01029
G1 X111.033 Y93.891 E.01256
G1 X111.476 Y93.711 E.01256
G1 X111.885 Y93.463 E.01255
G1 X112.25 Y93.155 E.01256
G1 X112.563 Y92.793 E.01256
G1 X112.815 Y92.387 E.01256
G1 X113.001 Y91.946 E.01256
G1 X113.115 Y91.482 E.01255
G1 X113.15 Y91.066 E.01097
G1 X113.162 Y88.945 E.05572
G1 X113.132 Y88.529 E.01097
G1 X113.023 Y88.063 E.01255
G1 X112.843 Y87.621 E.01256
G1 X112.595 Y87.212 E.01256
G1 X112.287 Y86.846 E.01256
G1 X111.925 Y86.534 E.01256
G1 X111.519 Y86.282 E.01255
G1 X111.078 Y86.096 E.01256
G1 X110.614 Y85.982 E.01256
G1 X110.137 Y85.942 E.01256
G1 X109.903 Y85.959 E.00616
G1 X109.661 Y85.976 E.0064
G1 X109.195 Y86.085 E.01256
G1 X108.752 Y86.266 E.01256
G1 X108.343 Y86.513 E.01255
G1 X107.978 Y86.822 E.01256
G1 X107.665 Y87.183 E.01256
G1 X107.413 Y87.59 E.01256
G1 X107.228 Y88.03 E.01256
G1 X107.113 Y88.494 E.01255
G1 X107.078 Y88.91 E.01097
G1 X107.066 Y91.031 E.05572
G1 X107.097 Y91.448 E.01097
G1 X107.206 Y91.913 E.01255
G1 X107.386 Y92.356 E.01256
G1 X107.633 Y92.765 E.01256
G1 X107.942 Y93.13 E.01256
G1 X108.304 Y93.443 E.01256
G1 X108.71 Y93.695 E.01255
G1 X109.151 Y93.881 E.01256
G1 X109.615 Y93.995 E.01256
G1 X110.091 Y94.035 E.01256
G1 X110.117 Y94.033 E.00069
G1 X109.974 Y94.442 F18000
G1 F6000
G1 X110.089 Y94.452 E.00303
G1 X110.631 Y94.412 E.01428
G1 X111.16 Y94.289 E.01428
G1 X111.663 Y94.083 E.01428
G1 X112.128 Y93.802 E.01427
G1 X112.544 Y93.452 E.01428
G1 X112.899 Y93.04 E.01428
G1 X113.186 Y92.578 E.01428
G1 X113.397 Y92.077 E.01428
G1 X113.526 Y91.55 E.01427
G1 X113.566 Y91.085 E.01225
G1 X113.578 Y88.931 E.05657
G1 X113.544 Y88.466 E.01225
G1 X113.42 Y87.937 E.01427
G1 X113.215 Y87.434 E.01428
G1 X112.934 Y86.968 E.01428
G1 X112.583 Y86.553 E.01428
G1 X112.172 Y86.198 E.01428
G1 X111.71 Y85.911 E.01427
G1 X111.209 Y85.7 E.01428
G1 X110.681 Y85.57 E.01428
G1 X110.14 Y85.525 E.01428
G1 X109.873 Y85.544 E.00702
G1 X109.598 Y85.564 E.00725
G1 X109.069 Y85.688 E.01428
G1 X108.565 Y85.893 E.01428
G1 X108.1 Y86.174 E.01427
G1 X107.685 Y86.525 E.01427
G1 X107.329 Y86.936 E.01428
G1 X107.043 Y87.398 E.01428
G1 X106.832 Y87.899 E.01428
G1 X106.702 Y88.427 E.01427
G1 X106.663 Y88.892 E.01225
G1 X106.65 Y91.045 E.05657
G1 X106.684 Y91.511 E.01225
G1 X106.808 Y92.04 E.01427
G1 X107.013 Y92.543 E.01428
G1 X107.295 Y93.008 E.01428
G1 X107.645 Y93.424 E.01428
G1 X108.057 Y93.779 E.01428
G1 X108.518 Y94.065 E.01427
G1 X109.019 Y94.276 E.01428
G1 X109.547 Y94.406 E.01428
G1 X109.914 Y94.437 E.00967
G1 E-1.75
;WIPE_START
G1 X110.089 Y94.452 E-.13152
G1 X110.631 Y94.412 E-.40761
G1 X110.905 Y94.348 E-.21088
;WIPE_END
G1 X111.382 Y98.134 Z2.36 F18000
G1 X112.7 Y108.577 Z2.36
G1 X112.729 Y108.975
G1 X112.718 Y111.032
G1 X112.684 Y111.43
G1 X112.582 Y111.845
G1 X112.416 Y112.239
G1 X112.19 Y112.603
G1 X111.911 Y112.926
G1 X111.584 Y113.202
G1 X111.218 Y113.424
G1 X110.822 Y113.585
G1 X110.405 Y113.683
G1 X110.011 Y113.711
G1 X109.981 Y113.299
G1 Z2.16
G1 E2.5 F6000
M204 P1000
;TYPE:Outer wall
;WIDTH:0.42
G1 F3600
G1 X110.343 Y113.272 E.00884
G1 X110.696 Y113.19 E.00884
G1 X111.032 Y113.053 E.00884
G1 X111.342 Y112.865 E.00884
G1 X111.619 Y112.631 E.00884
G1 X111.856 Y112.357 E.00884
G1 X112.047 Y112.049 E.00884
G1 X112.188 Y111.715 E.00884
G1 X112.275 Y111.362 E.00884
G1 X112.304 Y111.013 E.00854
G1 X112.316 Y108.989 E.04934
G1 X112.29 Y108.64 E.00854
G1 X112.208 Y108.286 E.00884
G1 X112.071 Y107.951 E.00884
G1 X111.883 Y107.64 E.00884
G1 X111.649 Y107.363 E.00884
G1 X111.375 Y107.126 E.00884
G1 X111.067 Y106.935 E.00884
G1 X110.732 Y106.794 E.00884
G1 X110.38 Y106.708 E.00884
G1 X110.019 Y106.677 E.00884
G1 X109.844 Y106.69 E.00427
G1 X109.657 Y106.703 E.00457
G1 X109.304 Y106.786 E.00884
G1 X108.968 Y106.923 E.00884
G1 X108.658 Y107.111 E.00884
G1 X108.381 Y107.345 E.00884
G1 X108.144 Y107.619 E.00884
G1 X107.953 Y107.927 E.00884
G1 X107.812 Y108.261 E.00884
G1 X107.725 Y108.613 E.00884
G1 X107.696 Y108.963 E.00854
G1 X107.684 Y110.987 E.04934
G1 X107.71 Y111.336 E.00854
G1 X107.792 Y111.69 E.00884
G1 X107.929 Y112.025 E.00884
G1 X108.117 Y112.336 E.00884
G1 X108.351 Y112.613 E.00884
G1 X108.625 Y112.85 E.00884
G1 X108.933 Y113.041 E.00884
G1 X109.268 Y113.182 E.00884
G1 X109.62 Y113.268 E.00884
G1 X109.921 Y113.294 E.00738
G1 X109.886 Y113.706 F18000
G1 X109.979 Y113.714
G1 X110.008 Y113.712
G1 X110.007 Y113.699
M204 P1500
;TYPE:Inner wall
;WIDTH:0.45
G1 F6000
G1 X110.403 Y113.67 E.01045
G1 X110.818 Y113.573 E.01118
G1 X111.212 Y113.412 E.01118
G1 X111.576 Y113.192 E.01118
G1 X111.902 Y112.917 E.01118
G1 X112.18 Y112.595 E.01118
G1 X112.404 Y112.233 E.01118
G1 X112.57 Y111.841 E.01118
G1 X112.671 Y111.428 E.01118
G1 X112.705 Y111.031 E.01045
G1 X112.716 Y108.976 E.054
G1 X112.688 Y108.579 E.01045
G1 X112.591 Y108.164 E.01118
G1 X112.43 Y107.77 E.01118
G1 X112.21 Y107.406 E.01118
G1 X111.935 Y107.081 E.01118
G1 X111.613 Y106.802 E.01118
G1 X111.251 Y106.578 E.01118
G1 X110.859 Y106.413 E.01118
G1 X110.445 Y106.311 E.01118
G1 X110.021 Y106.275 E.01118
G1 X109.815 Y106.29 E.00543
G1 X109.597 Y106.306 E.00576
G1 X109.182 Y106.403 E.01118
G1 X108.788 Y106.564 E.01118
G1 X108.424 Y106.784 E.01118
G1 X108.098 Y107.059 E.01118
G1 X107.82 Y107.381 E.01118
G1 X107.596 Y107.743 E.01118
G1 X107.43 Y108.135 E.01118
G1 X107.329 Y108.548 E.01118
G1 X107.295 Y108.945 E.01045
G1 X107.284 Y111 E.054
G1 X107.312 Y111.397 E.01045
G1 X107.409 Y111.812 E.01118
G1 X107.57 Y112.206 E.01118
G1 X107.79 Y112.57 E.01118
G1 X108.065 Y112.895 E.01118
G1 X108.387 Y113.174 E.01118
G1 X108.749 Y113.398 E.01118
G1 X109.141 Y113.563 E.01118
G1 X109.555 Y113.665 E.01118
G1 X109.947 Y113.698 E.01034
G1 X110.033 Y114.114 F18000
G1 F6000
G1 X110.466 Y114.082 E.0114
G1 X110.944 Y113.97 E.0129
G1 X111.399 Y113.785 E.0129
G1 X111.819 Y113.53 E.0129
G1 X112.195 Y113.214 E.0129
G1 X112.516 Y112.842 E.0129
G1 X112.775 Y112.425 E.0129
G1 X112.965 Y111.972 E.0129
G1 X113.083 Y111.495 E.0129
G1 X113.12 Y111.05 E.01173
G1 X113.132 Y108.962 E.05486
G1 X113.1 Y108.516 E.01174
G1 X112.988 Y108.038 E.0129
G1 X112.802 Y107.583 E.0129
G1 X112.548 Y107.163 E.0129
G1 X112.231 Y106.788 E.0129
G1 X111.86 Y106.466 E.0129
G1 X111.443 Y106.207 E.0129
G1 X110.99 Y106.017 E.0129
G1 X110.513 Y105.9 E.0129
G1 X110.024 Y105.858 E.0129
G1 X109.785 Y105.876 E.00629
G1 X109.534 Y105.894 E.00662
G1 X109.056 Y106.006 E.0129
G1 X108.601 Y106.191 E.0129
G1 X108.181 Y106.445 E.0129
G1 X107.805 Y106.762 E.0129
G1 X107.484 Y107.134 E.0129
G1 X107.225 Y107.551 E.0129
G1 X107.035 Y108.004 E.0129
G1 X106.917 Y108.481 E.0129
G1 X106.88 Y108.926 E.01173
G1 X106.868 Y111.014 E.05486
G1 X106.9 Y111.46 E.01174
G1 X107.012 Y111.938 E.0129
G1 X107.198 Y112.393 E.0129
G1 X107.452 Y112.813 E.0129
G1 X107.769 Y113.188 E.0129
G1 X108.14 Y113.509 E.0129
G1 X108.557 Y113.768 E.0129
G1 X109.01 Y113.959 E.0129
G1 X109.487 Y114.076 E.0129
G1 X109.974 Y114.117 E.01282
G1 X110.06 Y114.528 F18000
G1 F6000
G1 X110.529 Y114.494 E.01236
G1 X111.071 Y114.367 E.01462
G1 X111.586 Y114.157 E.01462
G1 X112.063 Y113.869 E.01462
G1 X112.488 Y113.51 E.01462
G1 X112.852 Y113.089 E.01462
G1 X113.145 Y112.616 E.01462
G1 X113.361 Y112.103 E.01462
G1 X113.494 Y111.563 E.01462
G1 X113.536 Y111.069 E.01302
G1 X113.548 Y108.948 E.05572
G1 X113.512 Y108.453 E.01302
G1 X113.385 Y107.911 E.01462
G1 X113.175 Y107.396 E.01462
G1 X112.887 Y106.92 E.01462
G1 X112.528 Y106.494 E.01462
G1 X112.107 Y106.131 E.01462
G1 X111.634 Y105.837 E.01462
G1 X111.121 Y105.621 E.01462
G1 X110.581 Y105.488 E.01462
G1 X110.026 Y105.441 E.01462
G1 X109.755 Y105.461 E.00714
G1 X109.471 Y105.482 E.00747
G1 X108.929 Y105.609 E.01462
G1 X108.414 Y105.819 E.01462
G1 X107.937 Y106.107 E.01462
G1 X107.512 Y106.466 E.01462
G1 X107.148 Y106.887 E.01462
G1 X106.855 Y107.36 E.01462
G1 X106.639 Y107.873 E.01462
G1 X106.506 Y108.413 E.01462
G1 X106.464 Y108.907 E.01302
G1 X106.452 Y111.028 E.05572
G1 X106.488 Y111.523 E.01302
G1 X106.615 Y112.065 E.01462
G1 X106.825 Y112.58 E.01462
G1 X107.113 Y113.056 E.01462
G1 X107.472 Y113.482 E.01462
G1 X107.893 Y113.845 E.01462
G1 X108.366 Y114.139 E.01462
G1 X108.879 Y114.355 E.01462
G1 X109.419 Y114.488 E.01462
G1 X109.974 Y114.535 E.01462
G1 X110 Y114.533 E.00069
G1 X110.087 Y114.943 F18000
G1 F6000
G1 X110.592 Y114.906 E.01331
G1 X111.198 Y114.765 E.01634
G1 X111.774 Y114.53 E.01634
G1 X112.306 Y114.208 E.01634
G1 X112.781 Y113.807 E.01634
G1 X113.188 Y113.336 E.01634
G1 X113.516 Y112.808 E.01634
G1 X113.757 Y112.234 E.01634
G1 X113.906 Y111.63 E.01634
G1 X113.951 Y111.087 E.01431
G1 X113.964 Y108.934 E.05657
G1 X113.924 Y108.39 E.01431
G1 X113.782 Y107.785 E.01634
G1 X113.548 Y107.209 E.01634
G1 X113.226 Y106.677 E.01634
G1 X112.824 Y106.201 E.01634
G1 X112.354 Y105.795 E.01634
G1 X111.825 Y105.467 E.01634
G1 X111.252 Y105.225 E.01634
G1 X110.648 Y105.077 E.01634
G1 X110.028 Y105.024 E.01634
G1 X109.724 Y105.047 E.008
G1 X109.408 Y105.07 E.00833
G1 X108.802 Y105.211 E.01634
G1 X108.226 Y105.446 E.01634
G1 X107.694 Y105.768 E.01634
G1 X107.219 Y106.169 E.01634
G1 X106.812 Y106.64 E.01634
G1 X106.484 Y107.168 E.01634
G1 X106.243 Y107.742 E.01634
G1 X106.094 Y108.346 E.01634
G1 X106.049 Y108.888 E.01431
G1 X106.036 Y111.042 E.05657
G1 X106.076 Y111.586 E.01431
G1 X106.218 Y112.191 E.01634
G1 X106.452 Y112.767 E.01634
G1 X106.774 Y113.299 E.01634
G1 X107.176 Y113.775 E.01634
G1 X107.646 Y114.181 E.01634
G1 X108.175 Y114.509 E.01634
G1 X108.748 Y114.751 E.01634
G1 X109.352 Y114.899 E.01634
G1 X109.972 Y114.952 E.01634
G1 X110.027 Y114.948 E.00145
G1 X114.065 Y112.42 F18000
M204 P2000
;TYPE:Sparse infill
G1 F7597.235
G1 X113.832 Y112.971 E.01572
G1 X113.475 Y113.547 E.01781
G1 X113.032 Y114.06 E.01781
G1 X112.514 Y114.498 E.01781
G1 X111.934 Y114.849 E.01781
G1 X111.225 Y115.123 E.01998
G1 X101.126 Y125.222 E.37514
G1 X101.135 Y123.626 E.04193
G1 X109.493 Y115.268 E.31047
G1 X109.294 Y115.251 E.00524
G1 X108.636 Y115.089 E.01781
G1 X108.248 Y114.926 E.01106
G1 X101.144 Y122.029 E.26388
G1 X101.153 Y120.433 E.04193
G1 X107.265 Y114.322 E.22703
G1 X106.922 Y114.025 E.0119
G1 X106.488 Y113.511 E.01767
G1 X101.163 Y118.837 E.19783
G1 X101.172 Y117.241 E.04193
G1 X105.946 Y112.466 E.17735
G1 X105.878 Y112.3 E.00473
G1 X105.723 Y111.639 E.01781
G1 X105.687 Y111.138 E.0132
G1 X101.181 Y115.644 E.16739
G1 X101.19 Y114.048 E.04193
G1 X105.689 Y109.549 E.16714
G1 X105.693 Y108.872 E.01776
G1 X105.742 Y108.288 E.01541
G1 X105.866 Y107.784 E.01362
G1 X101.199 Y112.452 E.17338
G1 X101.208 Y110.855 E.04193
G1 X118.883 Y93.181 E.65658
G1 X118.874 Y94.777 E.04193
G1 X108.805 Y104.846 E.37403
G1 X108.694 Y104.872 E.003
G1 X108.066 Y105.127 E.01781
G1 X107.486 Y105.478 E.01781
G1 X106.968 Y105.916 E.01781
G1 X106.525 Y106.429 E.01781
G1 X106.167 Y107.005 E.01781
G1 X105.923 Y107.585 E.01654
G1 X118.911 Y88.184 F18000
G1 F7597.235
G1 X118.919 Y86.796 E.03647
G1 X113.804 Y91.911 E.19004
G1 X113.878 Y91.608 E.00822
G1 X113.921 Y91.101 E.01336
G1 X113.926 Y90.202 E.02363
G1 X118.929 Y85.199 E.18582
G1 X118.938 Y83.603 E.04193
G1 X113.912 Y88.628 E.18668
G1 X113.897 Y88.412 E.00569
G1 X113.76 Y87.829 E.01574
G1 X113.576 Y87.377 E.0128
G1 X118.947 Y82.007 E.19951
G1 X118.956 Y80.41 E.04193
G1 X112.941 Y86.426 E.22345
G1 X112.837 Y86.302 E.00424
G1 X112.383 Y85.91 E.01575
G1 X112.066 Y85.713 E.00981
G1 X117.535 Y80.244 E.20319
G1 X118.908 Y80.252 E.03604
G1 X101.364 Y83.511 F18000
G1 F7597.235
G1 X101.368 Y82.855 E.01723
G1 X104.087 Y80.167 E.10043
G1 X104.91 Y80.172 E.02163
G1 X101.363 Y83.719 E.13177
G1 X101.354 Y85.315 E.04193
G1 X106.488 Y80.181 E.19073
G1 X108.067 Y80.19 E.04145
G1 X101.345 Y86.911 E.2497
G1 X101.337 Y88.3 E.03647
G1 X106.437 Y88.016 F18000
G1 F7597.235
G1 X106.493 Y87.787 E.00618
G1 X106.726 Y87.235 E.01575
G1 X107.042 Y86.725 E.01575
G1 X107.434 Y86.271 E.01575
G1 X107.892 Y85.885 E.01575
G1 X108.405 Y85.575 E.01574
G1 X108.96 Y85.348 E.01576
G1 X109.347 Y85.258 E.01044
G1 X114.379 Y80.226 E.18693
G1 X115.957 Y80.235 E.04145
G1 X110.927 Y85.265 E.18686
G1 X110.739 Y85.218 E.00509
G1 X110.142 Y85.168 E.01575
G1 X109.55 Y85.211 E.01559
G1 X108.274 Y80.191 F18000
G1 F7597.235
G1 X109.645 Y80.199 E.036
G1 X101.336 Y88.508 E.30866
G1 X101.327 Y90.104 E.04193
G1 X111.223 Y80.208 E.36762
G1 X112.801 Y80.217 E.04145
G1 X101.318 Y91.7 E.42659
G1 X101.308 Y93.296 E.04193
G1 X106.387 Y88.217 E.18867
G1 X106.35 Y88.369 E.0041
G1 X106.307 Y88.876 E.01336
G1 X106.302 Y89.89 E.02666
G1 X101.299 Y94.893 E.18582
G1 X101.29 Y96.489 E.04193
G1 X106.324 Y91.455 E.18699
G1 X106.332 Y91.564 E.00288
G1 X106.468 Y92.148 E.01574
G1 X106.686 Y92.681 E.01511
G1 X101.281 Y98.085 E.20077
G1 X101.272 Y99.682 E.04193
G1 X107.34 Y93.613 E.22542
G1 X107.845 Y94.066 E.01782
G1 X108.234 Y94.307 E.012
G1 X101.263 Y101.278 E.25895
G1 X101.254 Y102.874 E.04193
G1 X109.393 Y94.734 E.30237
G1 X109.489 Y94.758 E.0026
G1 X110.087 Y94.809 E.01575
G1 X110.685 Y94.765 E.01575
G1 X111.031 Y94.684 E.00935
G1 X101.245 Y104.47 E.36355
G1 X101.235 Y106.067 E.04193
G1 X118.91 Y88.392 E.65658
G1 X118.901 Y89.988 E.04193
G1 X101.226 Y107.663 E.65658
G1 X101.217 Y109.259 E.04193
G1 X118.892 Y91.584 E.65658
G1 X118.884 Y92.973 E.03647
G1 X118.857 Y97.762 F18000
G1 F7597.235
G1 X118.865 Y96.373 E.03647
G1 X110.528 Y104.71 E.30968
G1 X110.706 Y104.725 E.00469
G1 X111.364 Y104.887 E.01781
G1 X111.768 Y105.057 E.01151
G1 X118.856 Y97.969 E.26328
G1 X118.846 Y99.566 E.04193
G1 X112.747 Y105.665 E.22657
G1 X113.078 Y105.951 E.01148
G1 X113.521 Y106.478 E.0181
G1 X118.837 Y101.162 E.19748
G1 X118.828 Y102.758 E.04193
G1 X114.061 Y107.526 E.1771
G1 X114.122 Y107.676 E.00427
G1 X114.277 Y108.336 E.01781
G1 X114.315 Y108.859 E.01376
G1 X118.819 Y104.355 E.16733
G1 X118.81 Y105.951 E.04193
G1 X114.311 Y110.45 E.16714
G1 X114.307 Y111.103 E.01716
G1 X114.258 Y111.688 E.01541
G1 X114.126 Y112.222 E.01444
G1 X118.801 Y107.547 E.17366
G1 X118.809 Y106.159 E.03647
G1 X118.766 Y113.724 F18000
G1 F7597.235
G1 X118.774 Y112.336 E.03647
G1 X101.099 Y130.011 E.65658
G1 X101.108 Y128.415 E.04193
G1 X118.783 Y110.74 E.65658
G1 X118.792 Y109.143 E.04193
G1 X101.117 Y126.818 E.65658
G1 X101.125 Y125.43 E.03647
G1 X104.273 Y139.743 F18000
G1 F7597.235
G1 X105.644 Y139.75 E.036
G1 X109.607 Y135.787 E.14722
G1 X109.099 Y135.744 E.01339
G1 X108.364 Y135.563 E.01986
G1 X108.279 Y135.528 E.00243
G1 X104.065 Y139.741 E.15653
G1 X102.487 Y139.732 E.04145
G1 X107.224 Y134.995 E.17597
G1 X107.025 Y134.871 E.00618
G1 X106.452 Y134.377 E.01987
G1 X106.362 Y134.27 E.00366
G1 X101.044 Y139.588 E.19756
G1 X101.053 Y137.992 E.04193
G1 X105.694 Y133.352 E.17239
G1 X105.573 Y133.151 E.00615
G1 X105.287 Y132.451 E.01987
G1 X105.234 Y132.224 E.00612
G1 X101.062 Y136.396 E.15498
G1 X101.07 Y135.007 E.03647
G1 X101.098 Y130.219 F18000
G1 F7597.235
G1 X101.09 Y131.607 E.03647
G1 X105.382 Y127.315 E.15944
G1 X105.316 Y127.472 E.00448
G1 X105.135 Y128.206 E.01987
G1 X105.079 Y128.869 E.01748
G1 X105.077 Y129.207 E.00887
G1 X101.08 Y133.203 E.14846
G1 X101.071 Y134.8 E.04193
G1 X105.068 Y130.803 E.14846
G1 X105.076 Y129.415 E.03647
G1 X105.462 Y127.123 F18000
G1 F7597.235
G1 X105.609 Y126.775 E.00993
G1 X106.008 Y126.132 E.01987
G1 X106.503 Y125.56 E.01987
G1 X107.081 Y125.072 E.01987
G1 X107.728 Y124.68 E.01987
G1 X108.215 Y124.482 E.01382
G1 X118.764 Y113.932 E.39189
G1 X118.755 Y115.529 E.04193
G1 X110.101 Y124.183 E.32149
G1 X110.673 Y124.231 E.01507
G1 X111.444 Y124.427 E.02089
G1 X118.746 Y117.125 E.27127
G1 X118.737 Y118.721 E.04193
G1 X112.505 Y124.954 E.23153
G1 X112.747 Y125.104 E.0075
G1 X113.319 Y125.598 E.01987
G1 X113.378 Y125.668 E.00238
G1 X118.728 Y120.317 E.19875
G1 X118.719 Y121.914 E.04193
G1 X114.052 Y126.581 E.17337
G1 X114.199 Y126.824 E.00747
G1 X114.484 Y127.524 E.01987
G1 X114.524 Y127.695 E.00461
G1 X118.71 Y123.51 E.15548
G1 X118.702 Y124.898 E.03647
G1 X118.674 Y129.687 F18000
G1 F7597.235
G1 X118.682 Y128.299 E.03647
G1 X114.44 Y132.541 E.15759
G1 X114.637 Y131.769 E.02093
G1 X114.693 Y131.106 E.01748
G1 X114.695 Y130.699 E.01069
G1 X118.691 Y126.702 E.14846
G1 X118.701 Y125.106 E.04193
G1 X114.704 Y129.103 E.14846
G1 X114.696 Y130.491 E.03647
G1 X114.359 Y132.733 F18000
G1 F7597.235
G1 X114.163 Y133.2 E.01333
G1 X113.764 Y133.843 E.01987
G1 X113.269 Y134.416 E.01987
G1 X112.691 Y134.904 E.01987
G1 X112.044 Y135.295 E.01987
G1 X111.44 Y135.541 E.01713
G1 X107.222 Y139.759 E.1567
G1 X108.8 Y139.768 E.04145
G1 X118.673 Y129.895 E.36678
G1 X118.664 Y131.491 E.04193
G1 X110.378 Y139.777 E.30781
G1 X111.956 Y139.786 E.04145
G1 X118.655 Y133.088 E.24885
G1 X118.647 Y134.476 E.03647
G1 X116.898 Y139.815 F18000
G1 F7597.235
G1 X118.269 Y139.822 E.036
G1 X118.619 Y139.473 E.01299
G1 X118.628 Y137.876 E.04193
G1 X116.691 Y139.813 E.07196
G1 X115.112 Y139.804 E.04145
G1 X118.637 Y136.28 E.13092
G1 X118.646 Y134.684 E.04193
G1 X113.534 Y139.795 E.18988
G1 X112.164 Y139.788 E.036
; stop printing object pigtail_slot_coupon.stl id:2099807082496 copy 0
;LAYER_CHANGE
;Z:2.32
;HEIGHT:0.16
G92 E0 ; zero the extruded length again
; BEFORE_LAYER_CHANGE 13 @ 2.32mm
G1 E-1.75 F6000
;WIPE_START
G1 F7597.235
G1 X113.164 Y139.793 E-.75
;WIPE_END
; AFTER_LAYER_CHANGE 13 @ 2.32mm
;_SET_FAN_SPEED_CHANGING_LAYER
; printing object pigtail_slot_coupon.stl id:2099807082496 copy 0
G1 F18000
G1 X113.574 Y140.126 Z2.34857
G1 X113.569 Y140.654 Z2.37714
G1 X113.153 Y140.98 Z2.40571
G1 X112.639 Y140.858 Z2.43429
G1 X112.415 Y140.38 Z2.46286
G1 X112.648 Y139.906 Z2.49143
G1 X113.164 Y139.793 Z2.52
G1 X120.012 Y141.422 Z2.52
G1 X120.197 Y141.423
G1 X120.608 Y141.839
G1 Z2.32
G1 E2.5 F6000
M204 P1000
;TYPE:Outer wall
;WIDTH:0.42
G1 F3600
G1 X99.029 Y141.716 E.52594
G1 X99.37 Y82.014 E1.45507
G1 X103.269 Y78.159 E.13363
G1 X111.102 Y78.204 E.1909
G1 X120.971 Y78.26 E.24055
G1 X120.609 Y141.779 E1.54809
G1 X120.197 Y141.423 F18000
G1 X120.21 Y141.436
M204 P1500
;TYPE:Inner wall
;WIDTH:0.45
G1 F6000
G1 X99.432 Y141.317 E.54581
G1 X99.769 Y82.182 E1.55337
G1 X103.432 Y78.561 E.1353
G1 X111.099 Y78.604 E.20139
G1 X120.568 Y78.658 E.24874
G1 X120.21 Y141.376 E1.64747
G1 X119.797 Y141.018 F18000
G1 F6000
G1 X99.85 Y140.904 E.52397
G1 X100.184 Y82.357 E1.53793
G1 X103.602 Y78.977 E.12626
G1 X111.097 Y79.02 E.19687
G1 X120.15 Y79.072 E.23782
G1 X119.797 Y140.958 E1.62563
G1 X119.383 Y140.6 F18000
G1 F6000
G1 X100.268 Y140.491 E.50213
G1 X100.599 Y82.531 E1.52249
G1 X103.772 Y79.394 E.11721
G1 X111.095 Y79.436 E.19235
G1 X119.732 Y79.485 E.2269
G1 X119.384 Y140.54 E1.60379
G1 X118.97 Y140.182 F18000
G1 F6000
G1 X100.686 Y140.078 E.48029
G1 X101.013 Y82.706 E1.50705
G1 X103.942 Y79.811 E.10817
G1 X111.092 Y79.851 E.18783
G1 X119.314 Y79.898 E.21598
G1 X118.97 Y140.122 E1.58196
G1 E-1.75
;WIPE_START
G1 X117.97 Y140.12 E-.75
;WIPE_END
G1 X114.89 Y137.866 Z2.52 F18000
G1 X109.894 Y134.211 Z2.52
G1 X109.864 Y133.799
G1 Z2.32
G1 E2.5 F6000
M204 P1000
;TYPE:Outer wall
;WIDTH:0.42
G1 F3600
G1 X110.304 Y133.766 E.01075
G1 X110.733 Y133.666 E.01075
G1 X111.142 Y133.499 E.01075
G1 X111.519 Y133.271 E.01075
G1 X111.856 Y132.987 E.01075
G1 X112.145 Y132.653 E.01075
G1 X112.377 Y132.278 E.01075
G1 X112.548 Y131.871 E.01075
G1 X112.654 Y131.443 E.01075
G1 X112.69 Y131.016 E.01045
G1 X112.702 Y128.992 E.04934
G1 X112.67 Y128.564 E.01045
G1 X112.57 Y128.134 E.01075
G1 X112.403 Y127.726 E.01075
G1 X112.175 Y127.348 E.01075
G1 X111.89 Y127.011 E.01075
G1 X111.557 Y126.723 E.01075
G1 X111.182 Y126.49 E.01075
G1 X110.775 Y126.319 E.01075
G1 X110.347 Y126.214 E.01075
G1 X109.908 Y126.177 E.01075
G1 X109.711 Y126.191 E.0048
G1 X109.468 Y126.209 E.00595
G1 X109.038 Y126.309 E.01075
G1 X108.63 Y126.476 E.01075
G1 X108.252 Y126.704 E.01075
G1 X107.915 Y126.989 E.01075
G1 X107.627 Y127.322 E.01075
G1 X107.394 Y127.697 E.01075
G1 X107.223 Y128.104 E.01075
G1 X107.118 Y128.532 E.01075
G1 X107.082 Y128.959 E.01045
G1 X107.07 Y130.984 E.04934
G1 X107.101 Y131.412 E.01045
G1 X107.202 Y131.841 E.01075
G1 X107.368 Y132.249 E.01075
G1 X107.597 Y132.627 E.01075
G1 X107.881 Y132.964 E.01075
G1 X108.215 Y133.252 E.01075
G1 X108.59 Y133.485 E.01075
G1 X108.996 Y133.656 E.01075
G1 X109.424 Y133.761 E.01075
G1 X109.804 Y133.793 E.00929
G1 X109.769 Y134.206 F18000
G1 X109.862 Y134.213
G1 X109.891 Y134.211
G1 X109.89 Y134.198
M204 P1500
;TYPE:Inner wall
;WIDTH:0.45
G1 F6000
G1 X110.365 Y134.164 E.01251
G1 X110.855 Y134.049 E.01324
G1 X111.322 Y133.859 E.01324
G1 X111.754 Y133.598 E.01324
G1 X112.139 Y133.272 E.01324
G1 X112.468 Y132.891 E.01324
G1 X112.734 Y132.463 E.01324
G1 X112.93 Y131.998 E.01324
G1 X113.05 Y131.508 E.01324
G1 X113.091 Y131.034 E.01251
G1 X113.102 Y128.978 E.054
G1 X113.068 Y128.503 E.01251
G1 X112.953 Y128.012 E.01324
G1 X112.762 Y127.545 E.01324
G1 X112.501 Y127.114 E.01324
G1 X112.176 Y126.729 E.01324
G1 X111.795 Y126.399 E.01324
G1 X111.366 Y126.133 E.01324
G1 X110.902 Y125.938 E.01324
G1 X110.412 Y125.817 E.01324
G1 X109.91 Y125.775 E.01324
G1 X109.682 Y125.791 E.006
G1 X109.407 Y125.812 E.00724
G1 X108.916 Y125.926 E.01324
G1 X108.449 Y126.117 E.01324
G1 X108.018 Y126.378 E.01324
G1 X107.633 Y126.703 E.01324
G1 X107.303 Y127.084 E.01324
G1 X107.037 Y127.513 E.01324
G1 X106.842 Y127.977 E.01324
G1 X106.721 Y128.467 E.01324
G1 X106.681 Y128.941 E.01251
G1 X106.669 Y130.997 E.054
G1 X106.704 Y131.472 E.01251
G1 X106.819 Y131.963 E.01324
G1 X107.009 Y132.43 E.01324
G1 X107.27 Y132.861 E.01324
G1 X107.595 Y133.247 E.01324
G1 X107.977 Y133.576 E.01324
G1 X108.405 Y133.842 E.01324
G1 X108.87 Y134.037 E.01324
G1 X109.359 Y134.158 E.01324
G1 X109.83 Y134.198 E.01241
G1 X109.802 Y134.613 F18000
G1 F6000
G1 X109.859 Y134.617 E.0015
G1 X110.427 Y134.576 E.01496
G1 X110.982 Y134.446 E.01496
G1 X111.509 Y134.231 E.01496
G1 X111.997 Y133.936 E.01496
G1 X112.432 Y133.569 E.01496
G1 X112.804 Y133.138 E.01496
G1 X113.105 Y132.654 E.01496
G1 X113.326 Y132.129 E.01496
G1 X113.462 Y131.576 E.01496
G1 X113.506 Y131.053 E.0138
G1 X113.518 Y128.964 E.05486
G1 X113.48 Y128.44 E.0138
G1 X113.35 Y127.886 E.01496
G1 X113.135 Y127.358 E.01496
G1 X112.84 Y126.871 E.01496
G1 X112.473 Y126.436 E.01496
G1 X112.042 Y126.063 E.01496
G1 X111.558 Y125.763 E.01496
G1 X111.033 Y125.542 E.01496
G1 X110.48 Y125.406 E.01496
G1 X109.912 Y125.358 E.01496
G1 X109.652 Y125.377 E.00686
G1 X109.344 Y125.399 E.0081
G1 X108.79 Y125.529 E.01496
G1 X108.262 Y125.744 E.01496
G1 X107.775 Y126.039 E.01496
G1 X107.34 Y126.406 E.01496
G1 X106.967 Y126.837 E.01496
G1 X106.667 Y127.321 E.01496
G1 X106.446 Y127.846 E.01496
G1 X106.31 Y128.399 E.01496
G1 X106.265 Y128.923 E.0138
G1 X106.254 Y131.011 E.05486
G1 X106.292 Y131.535 E.0138
G1 X106.422 Y132.089 E.01496
G1 X106.637 Y132.617 E.01496
G1 X106.931 Y133.104 E.01496
G1 X107.299 Y133.54 E.01496
G1 X107.73 Y133.912 E.01496
G1 X108.214 Y134.212 E.01496
G1 X108.739 Y134.433 E.01496
G1 X109.292 Y134.569 E.01496
G1 X109.743 Y134.608 E.01189
G1 X109.771 Y135.027 F18000
G1 F6000
G1 X109.857 Y135.034 E.00227
G1 X110.49 Y134.988 E.01668
G1 X111.109 Y134.843 E.01668
G1 X111.697 Y134.604 E.01668
G1 X112.24 Y134.275 E.01668
G1 X112.725 Y133.866 E.01668
G1 X113.14 Y133.385 E.01668
G1 X113.475 Y132.845 E.01668
G1 X113.722 Y132.26 E.01668
G1 X113.873 Y131.644 E.01668
G1 X113.922 Y131.071 E.01508
G1 X113.934 Y128.95 E.05572
G1 X113.892 Y128.377 E.01509
G1 X113.747 Y127.759 E.01668
G1 X113.508 Y127.171 E.01668
G1 X113.179 Y126.628 E.01668
G1 X112.769 Y126.142 E.01668
G1 X112.289 Y125.727 E.01668
G1 X111.749 Y125.393 E.01668
G1 X111.164 Y125.146 E.01668
G1 X110.547 Y124.994 E.01668
G1 X109.915 Y124.941 E.01668
G1 X109.621 Y124.962 E.00772
G1 X109.281 Y124.987 E.00896
G1 X108.663 Y125.132 E.01668
G1 X108.075 Y125.372 E.01668
G1 X107.532 Y125.7 E.01668
G1 X107.046 Y126.11 E.01668
G1 X106.631 Y126.59 E.01668
G1 X106.296 Y127.13 E.01668
G1 X106.05 Y127.715 E.01668
G1 X105.898 Y128.332 E.01668
G1 X105.85 Y128.904 E.01508
G1 X105.838 Y131.025 E.05572
G1 X105.88 Y131.598 E.01509
G1 X106.024 Y132.216 E.01668
G1 X106.264 Y132.804 E.01668
G1 X106.593 Y133.348 E.01668
G1 X107.002 Y133.833 E.01668
G1 X107.483 Y134.248 E.01668
G1 X108.022 Y134.583 E.01668
G1 X108.608 Y134.829 E.01668
G1 X109.224 Y134.981 E.01668
G1 X109.711 Y135.022 E.01284
G1 X109.97 Y135.443 F18000
G1 F6000
G1 X110.553 Y135.4 E.01537
G1 X111.235 Y135.241 E.0184
G1 X111.884 Y134.976 E.0184
G1 X112.483 Y134.614 E.0184
G1 X113.018 Y134.162 E.0184
G1 X113.476 Y133.632 E.0184
G1 X113.846 Y133.037 E.0184
G1 X114.117 Y132.391 E.0184
G1 X114.285 Y131.711 E.0184
G1 X114.337 Y131.09 E.01637
G1 X114.35 Y128.936 E.05657
G1 X114.304 Y128.315 E.01637
G1 X114.145 Y127.633 E.01839
G1 X113.88 Y126.984 E.0184
G1 X113.518 Y126.385 E.0184
G1 X113.066 Y125.849 E.0184
G1 X112.536 Y125.391 E.0184
G1 X111.941 Y125.022 E.0184
G1 X111.295 Y124.75 E.0184
G1 X110.615 Y124.583 E.01839
G1 X109.917 Y124.524 E.0184
G1 X109.591 Y124.548 E.00858
G1 X109.218 Y124.575 E.00982
G1 X108.536 Y124.735 E.0184
G1 X107.888 Y124.999 E.0184
G1 X107.289 Y125.362 E.0184
G1 X106.753 Y125.813 E.0184
G1 X106.295 Y126.343 E.0184
G1 X105.926 Y126.939 E.0184
G1 X105.654 Y127.584 E.0184
G1 X105.487 Y128.264 E.0184
G1 X105.434 Y128.885 E.01637
G1 X105.422 Y131.039 E.05657
G1 X105.467 Y131.661 E.01637
G1 X105.627 Y132.343 E.01839
G1 X105.891 Y132.991 E.0184
G1 X106.254 Y133.591 E.0184
G1 X106.706 Y134.126 E.0184
G1 X107.236 Y134.584 E.0184
G1 X107.831 Y134.953 E.0184
G1 X108.477 Y135.225 E.0184
G1 X109.157 Y135.392 E.0184
G1 X109.855 Y135.451 E.0184
G1 X109.91 Y135.447 E.00145
G1 E-1.75
;WIPE_START
G1 X110.553 Y135.4 E-.48388
G1 X110.899 Y135.319 E-.26612
;WIPE_END
G1 X112.479 Y132.899 Z2.52 F18000
G1 X112.746 Y132.469
G1 X112.942 Y132.002
G1 X113.063 Y131.51
G1 X113.103 Y131.034
G1 X113.115 Y128.978
G1 X112.729 Y108.975
G1 X112.7 Y108.577
G1 X112.603 Y108.16
G1 X112.441 Y107.764
G1 X112.22 Y107.398
G1 X111.944 Y107.072
G1 X111.62 Y106.792
G1 X111.257 Y106.566
G1 X110.863 Y106.4
G1 X110.447 Y106.298
G1 X110.352 Y106.29
G1 X110.128 Y93.212
G1 X110.098 Y92.799
G1 Z2.32
G1 E2.5 F6000
M204 P1000
;TYPE:Outer wall
;WIDTH:0.42
G1 F3600
G1 X110.382 Y92.778 E.00693
G1 X110.658 Y92.714 E.00693
G1 X110.921 Y92.606 E.00693
G1 X111.165 Y92.459 E.00692
G1 X111.382 Y92.276 E.00692
G1 X111.568 Y92.061 E.00693
G1 X111.717 Y91.82 E.00693
G1 X111.828 Y91.558 E.00693
G1 X111.896 Y91.282 E.00692
G1 X111.918 Y91.011 E.00663
G1 X111.93 Y88.986 E.04934
G1 X111.91 Y88.715 E.00663
G1 X111.845 Y88.439 E.00692
G1 X111.738 Y88.175 E.00693
G1 X111.591 Y87.932 E.00693
G1 X111.408 Y87.715 E.00693
G1 X111.193 Y87.529 E.00692
G1 X110.951 Y87.379 E.00692
G1 X110.689 Y87.269 E.00693
G1 X110.413 Y87.201 E.00693
G1 X110.13 Y87.177 E.00693
G1 X110.003 Y87.187 E.00312
G1 X109.847 Y87.198 E.00381
G1 X109.57 Y87.263 E.00693
G1 X109.307 Y87.37 E.00693
G1 X109.064 Y87.517 E.00692
G1 X108.847 Y87.7 E.00692
G1 X108.661 Y87.915 E.00693
G1 X108.511 Y88.157 E.00693
G1 X108.401 Y88.419 E.00693
G1 X108.333 Y88.695 E.00692
G1 X108.31 Y88.966 E.00663
G1 X108.298 Y90.99 E.04934
G1 X108.318 Y91.261 E.00663
G1 X108.383 Y91.538 E.00692
G1 X108.49 Y91.801 E.00693
G1 X108.637 Y92.044 E.00693
G1 X108.821 Y92.262 E.00693
G1 X109.036 Y92.447 E.00692
G1 X109.277 Y92.597 E.00692
G1 X109.539 Y92.707 E.00693
G1 X109.815 Y92.775 E.00693
G1 X110.038 Y92.794 E.00546
G1 X110.004 Y93.206 F18000
G1 X110.067 Y93.212
G1 X110.068 Y93.199
M204 P1500
;TYPE:Inner wall
;WIDTH:0.45
G1 F6000
G1 X110.096 Y93.201 E.00074
G1 X110.442 Y93.176 E.00912
G1 X110.78 Y93.097 E.00912
G1 X111.102 Y92.966 E.00912
G1 X111.399 Y92.786 E.00912
G1 X111.664 Y92.562 E.00912
G1 X111.891 Y92.299 E.00912
G1 X112.074 Y92.004 E.00912
G1 X112.209 Y91.684 E.00912
G1 X112.292 Y91.347 E.00912
G1 X112.319 Y91.029 E.00839
G1 X112.331 Y88.973 E.054
G1 X112.307 Y88.655 E.00839
G1 X112.228 Y88.317 E.00912
G1 X112.097 Y87.995 E.00912
G1 X111.918 Y87.698 E.00912
G1 X111.694 Y87.432 E.00912
G1 X111.431 Y87.206 E.00912
G1 X111.136 Y87.022 E.00912
G1 X110.816 Y86.888 E.00912
G1 X110.479 Y86.805 E.00912
G1 X110.133 Y86.775 E.00912
G1 X109.973 Y86.787 E.00419
G1 X109.786 Y86.801 E.00493
G1 X109.448 Y86.88 E.00912
G1 X109.127 Y87.011 E.00912
G1 X108.83 Y87.191 E.00912
G1 X108.564 Y87.415 E.00912
G1 X108.337 Y87.677 E.00912
G1 X108.154 Y87.972 E.00912
G1 X108.019 Y88.293 E.00912
G1 X107.936 Y88.63 E.00912
G1 X107.909 Y88.948 E.00839
G1 X107.898 Y91.004 E.054
G1 X107.921 Y91.322 E.00839
G1 X108 Y91.66 E.00912
G1 X108.131 Y91.982 E.00912
G1 X108.311 Y92.279 E.00912
G1 X108.535 Y92.544 E.00912
G1 X108.798 Y92.771 E.00912
G1 X109.093 Y92.954 E.00912
G1 X109.413 Y93.089 E.00912
G1 X109.75 Y93.172 E.00912
G1 X110.008 Y93.194 E.00681
G1 X110.037 Y93.613 F18000
G1 F6000
G1 X110.093 Y93.618 E.0015
G1 X110.505 Y93.588 E.01084
G1 X110.907 Y93.494 E.01084
G1 X111.289 Y93.338 E.01084
G1 X111.642 Y93.125 E.01084
G1 X111.957 Y92.859 E.01084
G1 X112.227 Y92.546 E.01084
G1 X112.445 Y92.196 E.01084
G1 X112.605 Y91.815 E.01084
G1 X112.704 Y91.415 E.01084
G1 X112.735 Y91.048 E.00968
G1 X112.746 Y88.959 E.05486
G1 X112.72 Y88.592 E.00968
G1 X112.626 Y88.19 E.01084
G1 X112.47 Y87.808 E.01084
G1 X112.256 Y87.455 E.01084
G1 X111.99 Y87.139 E.01084
G1 X111.678 Y86.87 E.01084
G1 X111.327 Y86.652 E.01084
G1 X110.947 Y86.492 E.01084
G1 X110.546 Y86.393 E.01084
G1 X110.135 Y86.359 E.01084
G1 X109.943 Y86.373 E.00505
G1 X109.723 Y86.389 E.00579
G1 X109.322 Y86.483 E.01084
G1 X108.939 Y86.638 E.01084
G1 X108.586 Y86.852 E.01084
G1 X108.271 Y87.118 E.01084
G1 X108.001 Y87.43 E.01084
G1 X107.784 Y87.781 E.01084
G1 X107.624 Y88.161 E.01084
G1 X107.525 Y88.562 E.01084
G1 X107.494 Y88.929 E.00968
G1 X107.482 Y91.018 E.05486
G1 X107.509 Y91.385 E.00968
G1 X107.603 Y91.787 E.01084
G1 X107.759 Y92.169 E.01084
G1 X107.972 Y92.522 E.01084
G1 X108.238 Y92.837 E.01084
G1 X108.551 Y93.107 E.01084
G1 X108.901 Y93.325 E.01084
G1 X109.282 Y93.485 E.01084
G1 X109.682 Y93.583 E.01084
G1 X109.977 Y93.608 E.00776
G1 X110.005 Y94.028 F18000
G1 F6000
G1 X110.091 Y94.035 E.00227
G1 X110.568 Y94 E.01256
G1 X111.033 Y93.891 E.01256
G1 X111.476 Y93.711 E.01256
G1 X111.885 Y93.463 E.01255
G1 X112.25 Y93.155 E.01256
G1 X112.563 Y92.793 E.01256
G1 X112.815 Y92.387 E.01256
G1 X113.001 Y91.946 E.01256
G1 X113.115 Y91.482 E.01256
G1 X113.15 Y91.066 E.01096
G1 X113.162 Y88.945 E.05572
G1 X113.132 Y88.529 E.01097
G1 X113.023 Y88.063 E.01255
G1 X112.843 Y87.621 E.01256
G1 X112.595 Y87.212 E.01256
G1 X112.287 Y86.846 E.01256
G1 X111.925 Y86.534 E.01256
G1 X111.519 Y86.282 E.01255
G1 X111.078 Y86.096 E.01256
G1 X110.614 Y85.982 E.01256
G1 X110.137 Y85.942 E.01256
G1 X109.913 Y85.958 E.00591
G1 X109.661 Y85.976 E.00664
G1 X109.195 Y86.085 E.01256
G1 X108.752 Y86.266 E.01256
G1 X108.343 Y86.513 E.01255
G1 X107.978 Y86.822 E.01256
G1 X107.665 Y87.183 E.01256
G1 X107.413 Y87.59 E.01256
G1 X107.228 Y88.03 E.01256
G1 X107.113 Y88.494 E.01255
G1 X107.078 Y88.91 E.01097
G1 X107.066 Y91.031 E.05572
G1 X107.097 Y91.448 E.01097
G1 X107.206 Y91.913 E.01255
G1 X107.386 Y92.356 E.01256
G1 X107.633 Y92.765 E.01256
G1 X107.942 Y93.13 E.01256
G1 X108.304 Y93.443 E.01256
G1 X108.71 Y93.695 E.01255
G1 X109.151 Y93.881 E.01256
G1 X109.615 Y93.995 E.01256
G1 X109.945 Y94.023 E.00872
G1 X110.204 Y94.444 F18000
G1 F6000
G1 X110.631 Y94.412 E.01125
G1 X111.16 Y94.289 E.01428
G1 X111.663 Y94.083 E.01428
G1 X112.128 Y93.802 E.01427
G1 X112.544 Y93.452 E.01428
G1 X112.899 Y93.04 E.01428
G1 X113.186 Y92.578 E.01428
G1 X113.397 Y92.077 E.01428
G1 X113.526 Y91.55 E.01427
G1 X113.566 Y91.085 E.01225
G1 X113.578 Y88.931 E.05657
G1 X113.544 Y88.466 E.01225
G1 X113.42 Y87.937 E.01427
G1 X113.215 Y87.434 E.01428
G1 X112.934 Y86.968 E.01428
G1 X112.583 Y86.553 E.01428
G1 X112.172 Y86.198 E.01428
G1 X111.71 Y85.911 E.01427
G1 X111.209 Y85.7 E.01428
G1 X110.681 Y85.57 E.01428
G1 X110.14 Y85.525 E.01428
G1 X109.883 Y85.543 E.00677
G1 X109.598 Y85.564 E.0075
G1 X109.069 Y85.688 E.01428
G1 X108.565 Y85.893 E.01428
G1 X108.1 Y86.174 E.01427
G1 X107.685 Y86.525 E.01428
G1 X107.329 Y86.936 E.01428
G1 X107.043 Y87.398 E.01428
G1 X106.832 Y87.899 E.01428
G1 X106.702 Y88.427 E.01427
G1 X106.663 Y88.892 E.01225
G1 X106.65 Y91.045 E.05657
G1 X106.684 Y91.511 E.01225
G1 X106.808 Y92.04 E.01427
G1 X107.013 Y92.543 E.01428
G1 X107.295 Y93.008 E.01428
G1 X107.645 Y93.424 E.01428
G1 X108.057 Y93.779 E.01428
G1 X108.518 Y94.065 E.01427
G1 X109.019 Y94.276 E.01428
G1 X109.547 Y94.406 E.01428
G1 X110.089 Y94.452 E.01428
G1 X110.144 Y94.448 E.00145
G1 E-1.75
;WIPE_START
G1 X110.631 Y94.412 E-.36609
G1 X111.129 Y94.296 E-.38391
;WIPE_END
G1 X111.547 Y98.089 Z2.52 F18000
G1 X112.7 Y108.577 Z2.52
G1 X112.729 Y108.975
G1 X112.718 Y111.032
G1 X112.684 Y111.43
G1 X112.582 Y111.845
G1 X112.416 Y112.239
G1 X112.19 Y112.603
G1 X111.911 Y112.926
G1 X111.584 Y113.202
G1 X111.218 Y113.424
G1 X110.822 Y113.585
G1 X110.405 Y113.683
G1 X110.011 Y113.711
G1 X109.981 Y113.299
G1 Z2.32
G1 E2.5 F6000
M204 P1000
;TYPE:Outer wall
;WIDTH:0.42
G1 F3600
G1 X110.343 Y113.272 E.00884
G1 X110.696 Y113.19 E.00884
G1 X111.032 Y113.053 E.00884
G1 X111.171 Y112.969 E.00396
G1 X111.342 Y112.865 E.00488
G1 X111.619 Y112.631 E.00884
G1 X111.856 Y112.357 E.00884
G1 X112.047 Y112.049 E.00884
G1 X112.188 Y111.715 E.00884
G1 X112.275 Y111.362 E.00884
G1 X112.304 Y111.013 E.00854
G1 X112.316 Y108.989 E.04934
G1 X112.29 Y108.64 E.00854
G1 X112.208 Y108.286 E.00884
G1 X112.071 Y107.951 E.00884
G1 X111.883 Y107.64 E.00884
G1 X111.649 Y107.363 E.00884
G1 X111.375 Y107.126 E.00884
G1 X111.067 Y106.935 E.00884
G1 X110.732 Y106.794 E.00884
G1 X110.38 Y106.708 E.00884
G1 X110.019 Y106.677 E.00884
G1 X109.857 Y106.689 E.00396
G1 X109.657 Y106.703 E.00488
G1 X109.304 Y106.786 E.00884
G1 X108.968 Y106.923 E.00884
G1 X108.658 Y107.111 E.00884
G1 X108.381 Y107.345 E.00884
G1 X108.144 Y107.619 E.00884
G1 X107.953 Y107.927 E.00884
G1 X107.812 Y108.261 E.00884
G1 X107.725 Y108.613 E.00884
G1 X107.696 Y108.963 E.00854
G1 X107.684 Y110.987 E.04934
G1 X107.71 Y111.336 E.00854
G1 X107.792 Y111.69 E.00884
G1 X107.929 Y112.025 E.00884
G1 X108.117 Y112.336 E.00884
G1 X108.351 Y112.613 E.00884
G1 X108.625 Y112.85 E.00884
G1 X108.933 Y113.041 E.00884
G1 X109.268 Y113.182 E.00884
G1 X109.62 Y113.268 E.00884
G1 X109.921 Y113.294 E.00738
G1 X109.886 Y113.706 F18000
G1 X109.979 Y113.714
G1 X110.008 Y113.712
G1 X110.007 Y113.699
M204 P1500
;TYPE:Inner wall
;WIDTH:0.45
G1 F6000
G1 X110.403 Y113.67 E.01045
G1 X110.818 Y113.573 E.01118
G1 X111.212 Y113.412 E.01118
G1 X111.378 Y113.312 E.0051
G1 X111.576 Y113.192 E.00609
G1 X111.902 Y112.917 E.01118
G1 X112.18 Y112.595 E.01118
G1 X112.404 Y112.233 E.01118
G1 X112.57 Y111.841 E.01118
G1 X112.671 Y111.428 E.01118
G1 X112.705 Y111.031 E.01045
G1 X112.716 Y108.976 E.054
G1 X112.688 Y108.579 E.01045
G1 X112.591 Y108.164 E.01118
G1 X112.43 Y107.77 E.01118
G1 X112.21 Y107.406 E.01118
G1 X111.935 Y107.081 E.01118
G1 X111.613 Y106.802 E.01118
G1 X111.251 Y106.578 E.01118
G1 X110.859 Y106.413 E.01118
G1 X110.445 Y106.311 E.01118
G1 X110.021 Y106.275 E.01118
G1 X109.828 Y106.289 E.0051
G1 X109.597 Y106.306 E.00609
G1 X109.182 Y106.403 E.01118
G1 X108.788 Y106.564 E.01118
G1 X108.424 Y106.784 E.01118
G1 X108.098 Y107.059 E.01118
G1 X107.82 Y107.381 E.01118
G1 X107.596 Y107.743 E.01118
G1 X107.43 Y108.135 E.01118
G1 X107.329 Y108.548 E.01118
G1 X107.295 Y108.945 E.01045
G1 X107.284 Y111 E.054
G1 X107.312 Y111.397 E.01045
G1 X107.409 Y111.812 E.01118
G1 X107.57 Y112.206 E.01118
G1 X107.79 Y112.57 E.01118
G1 X108.065 Y112.895 E.01118
G1 X108.387 Y113.174 E.01118
G1 X108.749 Y113.398 E.01118
G1 X109.141 Y113.563 E.01118
G1 X109.555 Y113.665 E.01118
G1 X109.947 Y113.698 E.01034
G1 X110.033 Y114.114 F18000
G1 F6000
G1 X110.466 Y114.082 E.0114
G1 X110.944 Y113.97 E.0129
G1 X111.399 Y113.785 E.0129
G1 X111.593 Y113.667 E.00596
G1 X111.819 Y113.53 E.00695
G1 X112.195 Y113.214 E.0129
G1 X112.516 Y112.842 E.0129
G1 X112.775 Y112.425 E.0129
G1 X112.965 Y111.972 E.0129
G1 X113.083 Y111.495 E.0129
G1 X113.12 Y111.05 E.01173
G1 X113.132 Y108.962 E.05486
G1 X113.1 Y108.516 E.01174
G1 X112.988 Y108.038 E.0129
G1 X112.802 Y107.583 E.0129
G1 X112.548 Y107.163 E.0129
G1 X112.231 Y106.788 E.0129
G1 X111.86 Y106.466 E.0129
G1 X111.443 Y106.207 E.0129
G1 X110.99 Y106.017 E.0129
G1 X110.513 Y105.9 E.0129
G1 X110.024 Y105.858 E.0129
G1 X109.797 Y105.875 E.00596
G1 X109.534 Y105.894 E.00695
G1 X109.056 Y106.006 E.0129
G1 X108.601 Y106.191 E.0129
G1 X108.181 Y106.445 E.0129
G1 X107.805 Y106.762 E.0129
G1 X107.484 Y107.134 E.0129
G1 X107.225 Y107.551 E.0129
G1 X107.035 Y108.004 E.0129
G1 X106.917 Y108.481 E.0129
G1 X106.88 Y108.926 E.01173
G1 X106.868 Y111.014 E.05486
G1 X106.9 Y111.46 E.01174
G1 X107.012 Y111.938 E.0129
G1 X107.198 Y112.393 E.0129
G1 X107.452 Y112.813 E.0129
G1 X107.769 Y113.188 E.0129
G1 X108.14 Y113.509 E.0129
G1 X108.557 Y113.768 E.0129
G1 X109.01 Y113.959 E.0129
G1 X109.487 Y114.076 E.0129
G1 X109.973 Y114.117 E.01282
G1 X110.06 Y114.528 F18000
G1 F6000
G1 X110.529 Y114.494 E.01236
G1 X111.071 Y114.367 E.01462
G1 X111.586 Y114.157 E.01462
G1 X112.063 Y113.869 E.01462
G1 X112.488 Y113.51 E.01462
G1 X112.852 Y113.089 E.01462
G1 X113.145 Y112.616 E.01462
G1 X113.361 Y112.103 E.01462
G1 X113.494 Y111.563 E.01462
G1 X113.536 Y111.069 E.01302
G1 X113.548 Y108.948 E.05572
G1 X113.512 Y108.453 E.01302
G1 X113.385 Y107.911 E.01462
G1 X113.175 Y107.396 E.01462
G1 X112.887 Y106.92 E.01462
G1 X112.528 Y106.494 E.01462
G1 X112.107 Y106.131 E.01462
G1 X111.634 Y105.837 E.01462
G1 X111.121 Y105.621 E.01462
G1 X110.581 Y105.488 E.01462
G1 X110.026 Y105.441 E.01462
G1 X109.767 Y105.46 E.00681
G1 X109.471 Y105.482 E.0078
G1 X108.929 Y105.609 E.01462
G1 X108.414 Y105.819 E.01462
G1 X107.937 Y106.107 E.01462
G1 X107.512 Y106.466 E.01462
G1 X107.148 Y106.887 E.01462
G1 X106.855 Y107.36 E.01462
G1 X106.639 Y107.873 E.01462
G1 X106.506 Y108.413 E.01462
G1 X106.464 Y108.907 E.01302
G1 X106.452 Y111.028 E.05572
G1 X106.488 Y111.523 E.01302
G1 X106.615 Y112.065 E.01462
G1 X106.825 Y112.58 E.01462
G1 X107.113 Y113.056 E.01462
G1 X107.472 Y113.482 E.01462
G1 X107.893 Y113.845 E.01462
G1 X108.366 Y114.139 E.01462
G1 X108.879 Y114.355 E.01462
G1 X109.419 Y114.488 E.01462
G1 X109.974 Y114.535 E.01462
G1 X110 Y114.533 E.00069
G1 X110.087 Y114.943 F18000
G1 F6000
G1 X110.592 Y114.906 E.01331
G1 X111.198 Y114.765 E.01634
G1 X111.774 Y114.53 E.01634
G1 X112.306 Y114.208 E.01634
G1 X112.781 Y113.807 E.01634
G1 X113.188 Y113.336 E.01634
G1 X113.516 Y112.808 E.01634
G1 X113.757 Y112.234 E.01634
G1 X113.906 Y111.63 E.01634
G1 X113.951 Y111.087 E.01431
G1 X113.964 Y108.934 E.05657
G1 X113.924 Y108.39 E.01431
G1 X113.782 Y107.785 E.01634
G1 X113.548 Y107.209 E.01634
G1 X113.226 Y106.677 E.01634
G1 X112.824 Y106.201 E.01634
G1 X112.354 Y105.795 E.01634
G1 X111.825 Y105.467 E.01634
G1 X111.252 Y105.225 E.01634
G1 X110.648 Y105.077 E.01634
G1 X110.028 Y105.024 E.01634
G1 X109.737 Y105.046 E.00767
G1 X109.408 Y105.07 E.00866
G1 X108.802 Y105.211 E.01634
G1 X108.226 Y105.446 E.01634
G1 X107.694 Y105.768 E.01634
G1 X107.219 Y106.169 E.01634
G1 X106.812 Y106.64 E.01634
G1 X106.484 Y107.168 E.01634
G1 X106.243 Y107.742 E.01634
G1 X106.094 Y108.346 E.01634
G1 X106.049 Y108.888 E.01431
G1 X106.036 Y111.042 E.05657
G1 X106.076 Y111.586 E.01431
G1 X106.218 Y112.191 E.01634
G1 X106.452 Y112.767 E.01634
G1 X106.774 Y113.299 E.01634
G1 X107.176 Y113.775 E.01634
G1 X107.646 Y114.181 E.01634
G1 X108.175 Y114.509 E.01634
G1 X108.748 Y114.751 E.01634
G1 X109.352 Y114.899 E.01634
G1 X109.972 Y114.952 E.01634
G1 X110.027 Y114.948 E.00145
G1 X114.065 Y112.42 F18000
M204 P2000
;TYPE:Sparse infill
G1 F7597.235
G1 X113.833 Y112.971 E.01572
G1 X113.475 Y113.547 E.01781
G1 X113.032 Y114.06 E.01781
G1 X112.514 Y114.498 E.01781
G1 X111.934 Y114.849 E.01781
G1 X111.225 Y115.123 E.01998
G1 X101.126 Y125.222 E.37514
G1 X101.135 Y123.626 E.04193
G1 X109.493 Y115.268 E.31047
G1 X109.294 Y115.251 E.00524
G1 X108.636 Y115.089 E.01781
G1 X108.248 Y114.926 E.01106
G1 X101.144 Y122.029 E.26388
G1 X101.153 Y120.433 E.04193
G1 X107.265 Y114.322 E.22703
G1 X106.922 Y114.025 E.0119
G1 X106.488 Y113.511 E.01767
G1 X101.163 Y118.837 E.19783
G1 X101.172 Y117.241 E.04193
G1 X105.946 Y112.466 E.17735
G1 X105.878 Y112.3 E.00473
G1 X105.723 Y111.639 E.01781
G1 X105.687 Y111.138 E.0132
G1 X101.181 Y115.644 E.16739
G1 X101.19 Y114.048 E.04193
G1 X105.689 Y109.549 E.16714
G1 X105.693 Y108.872 E.01776
G1 X105.742 Y108.288 E.01541
G1 X105.866 Y107.784 E.01362
G1 X101.199 Y112.452 E.17338
G1 X101.208 Y110.855 E.04193
G1 X118.883 Y93.181 E.65658
G1 X118.874 Y94.777 E.04193
G1 X108.805 Y104.846 E.37403
G1 X108.694 Y104.872 E.003
G1 X108.066 Y105.127 E.01781
G1 X107.486 Y105.478 E.01781
G1 X106.968 Y105.916 E.01781
G1 X106.525 Y106.429 E.01781
G1 X106.167 Y107.005 E.01781
G1 X105.923 Y107.585 E.01654
G1 X118.911 Y88.184 F18000
G1 F7597.235
G1 X118.919 Y86.796 E.03647
G1 X113.804 Y91.911 E.19004
G1 X113.878 Y91.608 E.00822
G1 X113.921 Y91.101 E.01336
G1 X113.926 Y90.202 E.02363
G1 X118.929 Y85.199 E.18582
G1 X118.938 Y83.603 E.04193
G1 X113.912 Y88.628 E.18668
G1 X113.897 Y88.412 E.00569
G1 X113.76 Y87.829 E.01574
G1 X113.576 Y87.377 E.0128
G1 X118.947 Y82.007 E.19951
G1 X118.956 Y80.41 E.04193
G1 X112.941 Y86.426 E.22345
G1 X112.837 Y86.302 E.00424
G1 X112.383 Y85.91 E.01575
G1 X112.066 Y85.713 E.00981
G1 X117.535 Y80.244 E.20319
G1 X115.957 Y80.235 E.04145
G1 X110.927 Y85.265 E.18686
G1 X110.739 Y85.218 E.00509
G1 X110.142 Y85.168 E.01574
G1 X109.544 Y85.212 E.01574
G1 X109.347 Y85.258 E.00531
G1 X114.379 Y80.226 E.18693
G1 X112.801 Y80.217 E.04145
G1 X101.318 Y91.7 E.42659
G1 X101.327 Y90.104 E.04193
G1 X111.223 Y80.208 E.36762
G1 X109.853 Y80.2 E.036
G1 X104.702 Y80.17 F18000
G1 F7597.235
G1 X104.087 Y80.167 E.01617
G1 X101.368 Y82.855 E.10043
G1 X101.363 Y83.719 E.02269
G1 X104.91 Y80.172 E.13177
G1 X106.488 Y80.181 E.04145
G1 X101.354 Y85.315 E.19073
G1 X101.345 Y86.911 E.04193
G1 X108.067 Y80.19 E.2497
G1 X109.645 Y80.199 E.04145
G1 X101.336 Y88.508 E.30866
G1 X101.344 Y87.119 E.03647
G1 X101.316 Y91.908 F18000
G1 F7597.235
G1 X101.308 Y93.296 E.03647
G1 X106.387 Y88.217 E.18867
G1 X106.35 Y88.369 E.0041
G1 X106.307 Y88.876 E.01336
G1 X106.302 Y89.89 E.02666
G1 X101.299 Y94.893 E.18582
G1 X101.29 Y96.489 E.04193
G1 X106.324 Y91.455 E.18699
G1 X106.332 Y91.564 E.00288
G1 X106.468 Y92.148 E.01574
G1 X106.686 Y92.681 E.01511
G1 X101.281 Y98.085 E.20077
G1 X101.272 Y99.682 E.04193
G1 X107.34 Y93.613 E.22542
G1 X107.845 Y94.066 E.01782
G1 X108.234 Y94.307 E.012
G1 X101.263 Y101.278 E.25895
G1 X101.254 Y102.874 E.04193
G1 X109.393 Y94.734 E.30237
G1 X109.489 Y94.758 E.0026
G1 X110.087 Y94.809 E.01575
G1 X110.685 Y94.765 E.01575
G1 X111.031 Y94.684 E.00935
G1 X101.245 Y104.47 E.36355
G1 X101.235 Y106.067 E.04193
G1 X118.91 Y88.392 E.65658
G1 X118.901 Y89.988 E.04193
G1 X101.226 Y107.663 E.65658
G1 X101.217 Y109.259 E.04193
G1 X118.892 Y91.584 E.65658
G1 X118.884 Y92.973 E.03647
G1 X118.857 Y97.762 F18000
G1 F7597.235
G1 X118.865 Y96.373 E.03647
G1 X110.528 Y104.71 E.30968
G1 X110.706 Y104.725 E.00469
G1 X111.364 Y104.887 E.01781
G1 X111.768 Y105.057 E.01151
G1 X118.856 Y97.969 E.26328
G1 X118.846 Y99.566 E.04193
G1 X112.747 Y105.665 E.22657
G1 X113.078 Y105.951 E.01148
G1 X113.521 Y106.478 E.0181
G1 X118.837 Y101.162 E.19748
G1 X118.828 Y102.758 E.04193
G1 X114.061 Y107.526 E.1771
G1 X114.122 Y107.676 E.00427
G1 X114.277 Y108.337 E.01781
G1 X114.315 Y108.859 E.01376
G1 X118.819 Y104.355 E.16733
G1 X118.81 Y105.951 E.04193
G1 X114.311 Y110.45 E.16714
G1 X114.307 Y111.103 E.01716
G1 X114.258 Y111.688 E.01541
G1 X114.126 Y112.222 E.01444
G1 X118.801 Y107.547 E.17366
G1 X118.793 Y108.936 E.03647
G1 X118.766 Y113.724 F18000
G1 F7597.235
G1 X118.774 Y112.336 E.03647
G1 X101.099 Y130.011 E.65658
G1 X101.108 Y128.415 E.04193
G1 X118.783 Y110.74 E.65658
G1 X118.792 Y109.143 E.04193
G1 X101.117 Y126.818 E.65658
G1 X101.125 Y125.43 E.03647
G1 X104.273 Y139.743 F18000
G1 F7597.235
G1 X105.644 Y139.75 E.036
G1 X109.607 Y135.787 E.14722
G1 X109.099 Y135.744 E.01339
G1 X108.364 Y135.563 E.01986
G1 X108.279 Y135.528 E.00243
G1 X104.065 Y139.741 E.15653
G1 X102.487 Y139.732 E.04145
G1 X107.224 Y134.995 E.17597
G1 X107.025 Y134.871 E.00618
G1 X106.452 Y134.377 E.01987
G1 X106.362 Y134.27 E.00366
G1 X101.044 Y139.588 E.19756
G1 X101.053 Y137.992 E.04193
G1 X105.694 Y133.352 E.17239
G1 X105.573 Y133.151 E.00615
G1 X105.287 Y132.451 E.01987
G1 X105.234 Y132.224 E.00612
G1 X101.062 Y136.396 E.15498
G1 X101.07 Y135.007 E.03647
G1 X101.098 Y130.219 F18000
G1 F7597.235
G1 X101.09 Y131.607 E.03647
G1 X105.382 Y127.315 E.15944
G1 X105.316 Y127.472 E.00448
G1 X105.135 Y128.206 E.01987
G1 X105.079 Y128.869 E.01748
G1 X105.077 Y129.207 E.00887
G1 X101.08 Y133.203 E.14846
G1 X101.071 Y134.8 E.04193
G1 X105.068 Y130.803 E.14846
G1 X105.076 Y129.415 E.03647
G1 X105.462 Y127.123 F18000
G1 F7597.235
G1 X105.609 Y126.775 E.00993
G1 X106.008 Y126.132 E.01987
G1 X106.503 Y125.56 E.01987
G1 X107.081 Y125.072 E.01987
G1 X107.728 Y124.68 E.01987
G1 X108.215 Y124.482 E.01382
G1 X118.764 Y113.932 E.39189
G1 X118.755 Y115.529 E.04193
G1 X110.101 Y124.183 E.32149
G1 X110.673 Y124.231 E.01507
G1 X111.444 Y124.427 E.02089
G1 X118.746 Y117.125 E.27127
G1 X118.737 Y118.721 E.04193
G1 X112.505 Y124.954 E.23153
G1 X112.747 Y125.104 E.0075
G1 X113.319 Y125.598 E.01986
G1 X113.378 Y125.668 E.00238
G1 X118.728 Y120.317 E.19875
G1 X118.719 Y121.914 E.04193
G1 X114.052 Y126.581 E.17337
G1 X114.199 Y126.824 E.00747
G1 X114.484 Y127.524 E.01987
G1 X114.524 Y127.695 E.00461
G1 X118.71 Y123.51 E.15548
G1 X118.702 Y124.898 E.03647
G1 X118.674 Y129.687 F18000
G1 F7597.235
G1 X118.682 Y128.299 E.03647
G1 X114.44 Y132.541 E.15759
G1 X114.637 Y131.769 E.02093
G1 X114.693 Y131.106 E.01748
G1 X114.695 Y130.699 E.01069
G1 X118.691 Y126.702 E.14846
G1 X118.701 Y125.106 E.04193
G1 X114.704 Y129.103 E.14846
G1 X114.696 Y130.491 E.03647
G1 X114.359 Y132.733 F18000
G1 F7597.235
G1 X114.163 Y133.2 E.01333
G1 X113.764 Y133.843 E.01987
G1 X113.269 Y134.416 E.01987
G1 X112.691 Y134.904 E.01987
G1 X112.044 Y135.295 E.01987
G1 X111.44 Y135.541 E.01713
G1 X107.222 Y139.759 E.1567
G1 X108.8 Y139.768 E.04145
G1 X118.673 Y129.895 E.36678
G1 X118.664 Y131.491 E.04193
G1 X110.378 Y139.777 E.30781
G1 X111.956 Y139.786 E.04145
G1 X118.655 Y133.088 E.24885
G1 X118.647 Y134.476 E.03647
G1 X116.898 Y139.815 F18000
G1 F7597.235
G1 X118.269 Y139.822 E.036
G1 X118.619 Y139.473 E.01299
G1 X118.628 Y137.876 E.04193
G1 X116.691 Y139.813 E.07196
G1 X115.112 Y139.804 E.04145
G1 X118.637 Y136.28 E.13092
G1 X118.646 Y134.684 E.04193
G1 X113.534 Y139.795 E.18988
G1 X112.164 Y139.788 E.036
; stop printing object pigtail_slot_coupon.stl id:2099807082496 copy 0
;LAYER_CHANGE
;Z:2.48
;HEIGHT:0.16
G92 E0 ; zero the extruded length again
; BEFORE_LAYER_CHANGE 14 @ 2.48mm
G1 E-1.75 F6000
;WIPE_START
G1 F7597.235
G1 X113.164 Y139.793 E-.75
;WIPE_END
; AFTER_LAYER_CHANGE 14 @ 2.48mm
;_SET_FAN_SPEED_CHANGING_LAYER
; printing object pigtail_slot_coupon.stl id:2099807082496 copy 0
G1 F18000
G1 X113.574 Y140.126 Z2.50857
G1 X113.569 Y140.654 Z2.53714
G1 X113.153 Y140.98 Z2.56571
G1 X112.639 Y140.858 Z2.59429
G1 X112.415 Y140.38 Z2.62286
G1 X112.648 Y139.906 Z2.65143
G1 X113.164 Y139.793 Z2.68
G1 X120.012 Y141.422 Z2.68
G1 X120.197 Y141.423
G1 X120.608 Y141.839
G1 Z2.48
G1 E2.5 F6000
M204 P1000
;TYPE:Outer wall
;WIDTH:0.42
G1 F3600
G1 X99.029 Y141.716 E.52594
G1 X99.37 Y82.014 E1.45507
G1 X103.269 Y78.159 E.13363
G1 X110.382 Y78.2 E.17336
G1 X120.971 Y78.26 E.2581
G1 X120.609 Y141.779 E1.54809
G1 X120.197 Y141.423 F18000
G1 X120.21 Y141.436
M204 P1500
;TYPE:Inner wall
;WIDTH:0.45
G1 F6000
G1 X99.432 Y141.317 E.54581
G1 X99.769 Y82.182 E1.55337
G1 X103.432 Y78.561 E.1353
G1 X110.379 Y78.6 E.18248
G1 X120.568 Y78.658 E.26765
G1 X120.21 Y141.376 E1.64747
G1 X119.797 Y141.018 F18000
G1 F6000
G1 X99.85 Y140.904 E.52397
G1 X100.184 Y82.357 E1.53793
G1 X103.602 Y78.977 E.12626
G1 X110.377 Y79.016 E.17796
G1 X120.15 Y79.072 E.25673
G1 X119.797 Y140.958 E1.62563
G1 X119.383 Y140.6 F18000
G1 F6000
G1 X100.268 Y140.491 E.50213
G1 X100.599 Y82.531 E1.52249
G1 X103.772 Y79.394 E.11721
G1 X110.375 Y79.432 E.17344
G1 X119.732 Y79.485 E.24581
G1 X119.384 Y140.54 E1.60379
G1 X118.97 Y140.182 F18000
G1 F6000
G1 X100.686 Y140.078 E.48029
G1 X101.013 Y82.706 E1.50705
G1 X103.942 Y79.811 E.10817
G1 X110.372 Y79.847 E.16891
G1 X119.314 Y79.898 E.23489
G1 X118.97 Y140.122 E1.58196
G1 E-1.75
;WIPE_START
G1 X117.97 Y140.12 E-.75
;WIPE_END
G1 X114.89 Y137.866 Z2.68 F18000
G1 X109.894 Y134.211 Z2.68
G1 X109.864 Y133.799
G1 Z2.48
G1 E2.5 F6000
M204 P1000
;TYPE:Outer wall
;WIDTH:0.42
G1 F3600
G1 X110.304 Y133.766 E.01075
G1 X110.733 Y133.666 E.01075
G1 X111.142 Y133.499 E.01075
G1 X111.519 Y133.271 E.01075
G1 X111.856 Y132.987 E.01075
G1 X112.145 Y132.653 E.01075
G1 X112.377 Y132.278 E.01075
G1 X112.548 Y131.871 E.01075
G1 X112.654 Y131.443 E.01075
G1 X112.69 Y131.016 E.01045
G1 X112.702 Y128.992 E.04934
G1 X112.67 Y128.564 E.01045
G1 X112.57 Y128.134 E.01075
G1 X112.403 Y127.726 E.01075
G1 X112.175 Y127.348 E.01075
G1 X111.89 Y127.011 E.01075
G1 X111.557 Y126.723 E.01075
G1 X111.182 Y126.49 E.01075
G1 X110.775 Y126.319 E.01075
G1 X110.347 Y126.214 E.01075
G1 X109.908 Y126.177 E.01075
G1 X109.727 Y126.19 E.00442
G1 X109.468 Y126.209 E.00633
G1 X109.038 Y126.309 E.01075
G1 X108.63 Y126.476 E.01075
G1 X108.252 Y126.704 E.01075
G1 X107.915 Y126.989 E.01075
G1 X107.627 Y127.322 E.01075
G1 X107.394 Y127.697 E.01075
G1 X107.223 Y128.104 E.01075
G1 X107.118 Y128.532 E.01075
G1 X107.082 Y128.959 E.01045
G1 X107.07 Y130.984 E.04934
G1 X107.101 Y131.412 E.01045
G1 X107.202 Y131.841 E.01075
G1 X107.368 Y132.249 E.01075
G1 X107.597 Y132.627 E.01075
G1 X107.881 Y132.964 E.01075
G1 X108.215 Y133.252 E.01075
G1 X108.59 Y133.485 E.01075
G1 X108.996 Y133.656 E.01075
G1 X109.424 Y133.761 E.01075
G1 X109.804 Y133.793 E.00929
G1 X109.769 Y134.206 F18000
G1 X109.862 Y134.213
G1 X109.891 Y134.211
G1 X109.89 Y134.198
M204 P1500
;TYPE:Inner wall
;WIDTH:0.45
G1 F6000
G1 X110.365 Y134.164 E.01251
G1 X110.855 Y134.049 E.01324
G1 X111.322 Y133.859 E.01324
G1 X111.754 Y133.598 E.01324
G1 X112.139 Y133.272 E.01324
G1 X112.468 Y132.891 E.01324
G1 X112.734 Y132.463 E.01324
G1 X112.93 Y131.998 E.01324
G1 X113.05 Y131.508 E.01324
G1 X113.091 Y131.034 E.01251
G1 X113.102 Y128.978 E.054
G1 X113.068 Y128.503 E.01251
G1 X112.953 Y128.012 E.01324
G1 X112.762 Y127.545 E.01324
G1 X112.501 Y127.114 E.01324
G1 X112.176 Y126.729 E.01324
G1 X111.795 Y126.399 E.01324
G1 X111.366 Y126.133 E.01324
G1 X110.902 Y125.938 E.01324
G1 X110.412 Y125.817 E.01324
G1 X109.91 Y125.775 E.01324
G1 X109.698 Y125.79 E.00559
G1 X109.407 Y125.812 E.00765
G1 X108.916 Y125.926 E.01324
G1 X108.449 Y126.117 E.01324
G1 X108.018 Y126.378 E.01324
G1 X107.633 Y126.703 E.01324
G1 X107.303 Y127.084 E.01324
G1 X107.037 Y127.513 E.01324
G1 X106.842 Y127.977 E.01324
G1 X106.721 Y128.467 E.01324
G1 X106.681 Y128.941 E.01251
G1 X106.669 Y130.997 E.054
G1 X106.704 Y131.472 E.01251
G1 X106.819 Y131.963 E.01324
G1 X107.009 Y132.43 E.01324
G1 X107.27 Y132.861 E.01324
G1 X107.595 Y133.247 E.01324
G1 X107.977 Y133.576 E.01324
G1 X108.405 Y133.842 E.01324
G1 X108.87 Y134.037 E.01324
G1 X109.359 Y134.158 E.01324
G1 X109.83 Y134.198 E.01241
G1 X109.916 Y134.613 F18000
G1 F6000
G1 X110.427 Y134.576 E.01346
G1 X110.982 Y134.446 E.01496
G1 X111.509 Y134.231 E.01496
G1 X111.997 Y133.936 E.01496
G1 X112.432 Y133.569 E.01496
G1 X112.804 Y133.138 E.01496
G1 X113.105 Y132.654 E.01496
G1 X113.326 Y132.129 E.01496
G1 X113.462 Y131.576 E.01496
G1 X113.506 Y131.053 E.0138
G1 X113.518 Y128.964 E.05486
G1 X113.48 Y128.44 E.0138
G1 X113.35 Y127.886 E.01496
G1 X113.135 Y127.358 E.01496
G1 X112.84 Y126.871 E.01496
G1 X112.473 Y126.436 E.01496
G1 X112.042 Y126.063 E.01496
G1 X111.558 Y125.763 E.01496
G1 X111.033 Y125.542 E.01496
G1 X110.48 Y125.406 E.01496
G1 X109.912 Y125.358 E.01496
G1 X109.667 Y125.376 E.00645
G1 X109.344 Y125.399 E.00851
G1 X108.79 Y125.529 E.01496
G1 X108.262 Y125.744 E.01496
G1 X107.775 Y126.039 E.01496
G1 X107.34 Y126.406 E.01496
G1 X106.967 Y126.837 E.01496
G1 X106.667 Y127.321 E.01496
G1 X106.446 Y127.846 E.01496
G1 X106.31 Y128.399 E.01496
G1 X106.265 Y128.923 E.0138
G1 X106.254 Y131.011 E.05486
G1 X106.292 Y131.535 E.0138
G1 X106.422 Y132.089 E.01496
G1 X106.637 Y132.617 E.01496
G1 X106.931 Y133.104 E.01496
G1 X107.299 Y133.54 E.01496
G1 X107.73 Y133.912 E.01496
G1 X108.214 Y134.212 E.01496
G1 X108.739 Y134.433 E.01496
G1 X109.292 Y134.569 E.01496
G1 X109.857 Y134.617 E.01489
G1 X109.771 Y135.027 F18000
G1 F6000
G1 X109.857 Y135.034 E.00227
G1 X110.49 Y134.988 E.01668
G1 X111.109 Y134.843 E.01668
G1 X111.697 Y134.604 E.01668
G1 X112.24 Y134.275 E.01668
G1 X112.725 Y133.866 E.01668
G1 X113.14 Y133.385 E.01668
G1 X113.475 Y132.845 E.01668
G1 X113.722 Y132.26 E.01668
G1 X113.873 Y131.644 E.01668
G1 X113.922 Y131.071 E.01508
G1 X113.934 Y128.95 E.05572
G1 X113.892 Y128.377 E.01509
G1 X113.747 Y127.759 E.01668
G1 X113.508 Y127.171 E.01668
G1 X113.179 Y126.628 E.01668
G1 X112.769 Y126.142 E.01668
G1 X112.289 Y125.727 E.01668
G1 X111.749 Y125.393 E.01668
G1 X111.164 Y125.146 E.01668
G1 X110.547 Y124.994 E.01668
G1 X109.915 Y124.941 E.01668
G1 X109.637 Y124.961 E.00731
G1 X109.281 Y124.987 E.00937
G1 X108.663 Y125.132 E.01668
G1 X108.075 Y125.372 E.01668
G1 X107.532 Y125.7 E.01668
G1 X107.046 Y126.11 E.01668
G1 X106.631 Y126.59 E.01668
G1 X106.296 Y127.13 E.01668
G1 X106.05 Y127.715 E.01668
G1 X105.898 Y128.332 E.01668
G1 X105.85 Y128.904 E.01508
G1 X105.838 Y131.025 E.05572
G1 X105.88 Y131.598 E.01509
G1 X106.024 Y132.216 E.01668
G1 X106.264 Y132.804 E.01668
G1 X106.593 Y133.348 E.01668
G1 X107.002 Y133.833 E.01668
G1 X107.483 Y134.248 E.01668
G1 X108.022 Y134.583 E.01668
G1 X108.608 Y134.829 E.01668
G1 X109.224 Y134.981 E.01668
G1 X109.711 Y135.022 E.01284
G1 X109.97 Y135.443 F18000
G1 F6000
G1 X110.553 Y135.4 E.01537
G1 X111.235 Y135.241 E.0184
G1 X111.884 Y134.976 E.0184
G1 X112.483 Y134.614 E.0184
G1 X113.018 Y134.162 E.0184
G1 X113.476 Y133.632 E.0184
G1 X113.846 Y133.037 E.0184
G1 X114.117 Y132.391 E.0184
G1 X114.285 Y131.711 E.0184
G1 X114.337 Y131.09 E.01637
G1 X114.35 Y128.936 E.05657
G1 X114.304 Y128.315 E.01637
G1 X114.145 Y127.633 E.01839
G1 X113.88 Y126.984 E.0184
G1 X113.518 Y126.385 E.0184
G1 X113.066 Y125.849 E.0184
G1 X112.536 Y125.391 E.0184
G1 X111.941 Y125.022 E.0184
G1 X111.295 Y124.75 E.0184
G1 X110.615 Y124.583 E.0184
G1 X109.917 Y124.524 E.0184
G1 X109.607 Y124.547 E.00817
G1 X109.218 Y124.575 E.01023
G1 X108.536 Y124.735 E.0184
G1 X107.888 Y124.999 E.0184
G1 X107.289 Y125.362 E.0184
G1 X106.753 Y125.813 E.0184
G1 X106.295 Y126.343 E.0184
G1 X105.926 Y126.939 E.0184
G1 X105.654 Y127.584 E.0184
G1 X105.487 Y128.264 E.0184
G1 X105.434 Y128.885 E.01637
G1 X105.422 Y131.039 E.05657
G1 X105.467 Y131.661 E.01637
G1 X105.627 Y132.343 E.01839
G1 X105.891 Y132.991 E.0184
G1 X106.254 Y133.591 E.0184
G1 X106.706 Y134.126 E.0184
G1 X107.236 Y134.584 E.0184
G1 X107.831 Y134.953 E.0184
G1 X108.476 Y135.225 E.0184
G1 X109.157 Y135.392 E.0184
G1 X109.855 Y135.451 E.0184
G1 X109.91 Y135.447 E.00145
G1 E-1.75
;WIPE_START
G1 X110.553 Y135.4 E-.48389
G1 X110.899 Y135.319 E-.26611
;WIPE_END
G1 X112.479 Y132.899 Z2.68 F18000
G1 X112.746 Y132.469
G1 X112.942 Y132.002
G1 X113.063 Y131.51
G1 X113.103 Y131.034
G1 X113.115 Y128.978
G1 X112.729 Y108.975
G1 X112.7 Y108.577
G1 X112.603 Y108.16
G1 X112.441 Y107.764
G1 X112.22 Y107.398
G1 X111.944 Y107.072
G1 X111.62 Y106.792
G1 X111.257 Y106.566
G1 X110.863 Y106.4
G1 X110.447 Y106.298
G1 X110.352 Y106.29
G1 X110.128 Y93.212
G1 X110.098 Y92.799
G1 Z2.48
G1 E2.5 F6000
M204 P1000
;TYPE:Outer wall
;WIDTH:0.42
G1 F3600
G1 X110.382 Y92.778 E.00693
G1 X110.658 Y92.714 E.00693
G1 X110.921 Y92.606 E.00693
G1 X111.165 Y92.459 E.00692
G1 X111.382 Y92.276 E.00692
G1 X111.568 Y92.061 E.00693
G1 X111.717 Y91.82 E.00693
G1 X111.828 Y91.558 E.00693
G1 X111.896 Y91.282 E.00692
G1 X111.918 Y91.011 E.00663
G1 X111.93 Y88.986 E.04934
G1 X111.91 Y88.715 E.00663
G1 X111.845 Y88.439 E.00692
G1 X111.738 Y88.175 E.00693
G1 X111.591 Y87.932 E.00693
G1 X111.408 Y87.715 E.00693
G1 X111.193 Y87.529 E.00692
G1 X110.951 Y87.379 E.00692
G1 X110.689 Y87.269 E.00693
G1 X110.409 Y87.2 E.00704
G1 X110.024 Y87.185 E.00939
G1 X109.847 Y87.198 E.00432
G1 X109.57 Y87.263 E.00693
G1 X109.307 Y87.37 E.00693
G1 X109.064 Y87.517 E.00692
G1 X108.847 Y87.7 E.00692
G1 X108.661 Y87.915 E.00693
G1 X108.511 Y88.157 E.00693
G1 X108.401 Y88.419 E.00693
G1 X108.333 Y88.695 E.00692
G1 X108.31 Y88.966 E.00663
G1 X108.298 Y90.99 E.04934
G1 X108.318 Y91.261 E.00663
G1 X108.383 Y91.538 E.00692
G1 X108.49 Y91.801 E.00693
G1 X108.637 Y92.044 E.00693
G1 X108.821 Y92.262 E.00693
G1 X109.036 Y92.447 E.00692
G1 X109.277 Y92.597 E.00693
G1 X109.539 Y92.707 E.00693
G1 X109.815 Y92.775 E.00693
G1 X110.038 Y92.794 E.00546
G1 X110.004 Y93.206 F18000
G1 X110.067 Y93.212
G1 X110.068 Y93.199
M204 P1500
;TYPE:Inner wall
;WIDTH:0.45
G1 F6000
G1 X110.096 Y93.201 E.00074
G1 X110.442 Y93.176 E.00912
G1 X110.78 Y93.097 E.00912
G1 X111.102 Y92.966 E.00912
G1 X111.399 Y92.786 E.00912
G1 X111.664 Y92.562 E.00912
G1 X111.891 Y92.299 E.00912
G1 X112.074 Y92.004 E.00912
G1 X112.209 Y91.684 E.00912
G1 X112.292 Y91.347 E.00912
G1 X112.319 Y91.029 E.00839
G1 X112.331 Y88.973 E.054
G1 X112.307 Y88.655 E.00839
G1 X112.228 Y88.317 E.00912
G1 X112.097 Y87.995 E.00912
G1 X111.918 Y87.698 E.00912
G1 X111.694 Y87.432 E.00912
G1 X111.431 Y87.206 E.00912
G1 X111.136 Y87.022 E.00912
G1 X110.816 Y86.888 E.00912
G1 X110.465 Y86.801 E.00949
G1 X110.017 Y86.784 E.01178
G1 X109.786 Y86.801 E.00607
G1 X109.448 Y86.88 E.00912
G1 X109.127 Y87.011 E.00912
G1 X108.83 Y87.191 E.00912
G1 X108.564 Y87.415 E.00912
G1 X108.337 Y87.677 E.00912
G1 X108.154 Y87.972 E.00912
G1 X108.019 Y88.293 E.00912
G1 X107.936 Y88.63 E.00912
G1 X107.909 Y88.948 E.00839
G1 X107.898 Y91.004 E.054
G1 X107.921 Y91.322 E.00839
G1 X108 Y91.66 E.00912
G1 X108.131 Y91.982 E.00912
G1 X108.311 Y92.279 E.00912
G1 X108.535 Y92.544 E.00912
G1 X108.798 Y92.771 E.00912
G1 X109.093 Y92.954 E.00912
G1 X109.413 Y93.089 E.00912
G1 X109.75 Y93.172 E.00912
G1 X110.008 Y93.194 E.00681
G1 X110.037 Y93.613 F18000
G1 F6000
G1 X110.093 Y93.618 E.0015
G1 X110.505 Y93.588 E.01084
G1 X110.907 Y93.494 E.01084
G1 X111.289 Y93.338 E.01084
G1 X111.642 Y93.125 E.01084
G1 X111.957 Y92.859 E.01084
G1 X112.227 Y92.546 E.01084
G1 X112.445 Y92.196 E.01084
G1 X112.605 Y91.815 E.01084
G1 X112.704 Y91.415 E.01084
G1 X112.735 Y91.048 E.00968
G1 X112.746 Y88.959 E.05486
G1 X112.72 Y88.592 E.00968
G1 X112.626 Y88.19 E.01084
G1 X112.47 Y87.808 E.01084
G1 X112.256 Y87.455 E.01084
G1 X111.99 Y87.139 E.01084
G1 X111.678 Y86.87 E.01084
G1 X111.327 Y86.652 E.01084
G1 X110.947 Y86.492 E.01084
G1 X110.523 Y86.388 E.01146
G1 X110.01 Y86.368 E.0135
G1 X109.723 Y86.389 E.00754
G1 X109.322 Y86.483 E.01084
G1 X108.939 Y86.638 E.01084
G1 X108.586 Y86.852 E.01084
G1 X108.271 Y87.118 E.01084
G1 X108.001 Y87.43 E.01084
G1 X107.784 Y87.781 E.01084
G1 X107.624 Y88.161 E.01084
G1 X107.525 Y88.562 E.01084
G1 X107.494 Y88.929 E.00968
G1 X107.482 Y91.018 E.05486
G1 X107.509 Y91.385 E.00968
G1 X107.603 Y91.787 E.01084
G1 X107.759 Y92.169 E.01084
G1 X107.972 Y92.522 E.01084
G1 X108.238 Y92.837 E.01084
G1 X108.551 Y93.107 E.01084
G1 X108.901 Y93.325 E.01084
G1 X109.282 Y93.485 E.01084
G1 X109.682 Y93.583 E.01084
G1 X109.977 Y93.608 E.00776
G1 X110.177 Y94.029 F18000
G1 F6000
G1 X110.568 Y94 E.01029
G1 X111.033 Y93.891 E.01256
G1 X111.476 Y93.711 E.01256
G1 X111.885 Y93.463 E.01255
G1 X112.25 Y93.155 E.01256
G1 X112.563 Y92.793 E.01256
G1 X112.815 Y92.387 E.01256
G1 X113.001 Y91.946 E.01256
G1 X113.115 Y91.482 E.01255
G1 X113.15 Y91.066 E.01097
G1 X113.162 Y88.945 E.05572
G1 X113.132 Y88.529 E.01097
G1 X113.023 Y88.063 E.01255
G1 X112.842 Y87.621 E.01256
G1 X112.595 Y87.212 E.01256
G1 X112.287 Y86.846 E.01256
G1 X111.925 Y86.534 E.01256
G1 X111.519 Y86.282 E.01255
G1 X111.078 Y86.096 E.01256
G1 X110.582 Y85.974 E.01342
G1 X110.003 Y85.951 E.01522
G1 X109.661 Y85.976 E.00901
G1 X109.195 Y86.085 E.01256
G1 X108.752 Y86.266 E.01256
G1 X108.343 Y86.513 E.01255
G1 X107.978 Y86.822 E.01256
G1 X107.665 Y87.183 E.01256
G1 X107.413 Y87.59 E.01256
G1 X107.228 Y88.03 E.01256
G1 X107.113 Y88.494 E.01255
G1 X107.078 Y88.91 E.01096
G1 X107.066 Y91.031 E.05572
G1 X107.097 Y91.448 E.01097
G1 X107.206 Y91.913 E.01255
G1 X107.386 Y92.356 E.01256
G1 X107.633 Y92.765 E.01256
G1 X107.942 Y93.13 E.01256
G1 X108.304 Y93.443 E.01256
G1 X108.71 Y93.695 E.01255
G1 X109.151 Y93.881 E.01256
G1 X109.615 Y93.995 E.01256
G1 X110.091 Y94.035 E.01256
G1 X110.117 Y94.033 E.00069
G1 X109.974 Y94.442 F18000
G1 F6000
G1 X110.089 Y94.452 E.00303
G1 X110.631 Y94.412 E.01428
G1 X111.16 Y94.289 E.01428
G1 X111.663 Y94.083 E.01428
G1 X112.128 Y93.802 E.01427
G1 X112.544 Y93.452 E.01428
G1 X112.899 Y93.04 E.01428
G1 X113.186 Y92.578 E.01428
G1 X113.397 Y92.077 E.01428
G1 X113.526 Y91.55 E.01427
G1 X113.566 Y91.085 E.01225
G1 X113.578 Y88.931 E.05657
G1 X113.544 Y88.466 E.01225
G1 X113.42 Y87.937 E.01427
G1 X113.215 Y87.434 E.01428
G1 X112.934 Y86.968 E.01428
G1 X112.583 Y86.553 E.01428
G1 X112.172 Y86.198 E.01427
G1 X111.71 Y85.911 E.01427
G1 X111.209 Y85.7 E.01428
G1 X110.64 Y85.56 E.01539
G1 X109.996 Y85.535 E.01694
G1 X109.598 Y85.564 E.01048
G1 X109.069 Y85.688 E.01427
G1 X108.565 Y85.893 E.01428
G1 X108.1 Y86.174 E.01427
G1 X107.685 Y86.525 E.01428
G1 X107.329 Y86.936 E.01428
G1 X107.043 Y87.398 E.01428
G1 X106.832 Y87.899 E.01428
G1 X106.702 Y88.427 E.01427
G1 X106.663 Y88.892 E.01225
G1 X106.65 Y91.045 E.05657
G1 X106.684 Y91.511 E.01225
G1 X106.808 Y92.04 E.01427
G1 X107.013 Y92.543 E.01428
G1 X107.295 Y93.008 E.01428
G1 X107.645 Y93.424 E.01428
G1 X108.057 Y93.779 E.01428
G1 X108.518 Y94.065 E.01427
G1 X109.019 Y94.276 E.01428
G1 X109.547 Y94.406 E.01427
G1 X109.914 Y94.437 E.00967
G1 E-1.75
;WIPE_START
G1 X110.089 Y94.452 E-.1315
G1 X110.631 Y94.412 E-.4076
G1 X110.905 Y94.348 E-.2109
;WIPE_END
G1 X111.382 Y98.134 Z2.68 F18000
G1 X112.7 Y108.577 Z2.68
G1 X112.729 Y108.975
G1 X112.718 Y111.032
G1 X112.684 Y111.43
G1 X112.582 Y111.845
G1 X112.416 Y112.239
G1 X112.19 Y112.603
G1 X111.911 Y112.926
G1 X111.584 Y113.202
G1 X111.218 Y113.424
G1 X110.822 Y113.585
G1 X110.405 Y113.683
G1 X110.011 Y113.711
G1 X109.981 Y113.299
G1 Z2.48
G1 E2.5 F6000
M204 P1000
;TYPE:Outer wall
;WIDTH:0.42
G1 F3600
G1 X110.343 Y113.272 E.00884
G1 X110.696 Y113.19 E.00884
G1 X111.032 Y113.053 E.00884
G1 X111.16 Y112.975 E.00365
G1 X111.342 Y112.865 E.00518
G1 X111.619 Y112.631 E.00884
G1 X111.856 Y112.357 E.00884
G1 X112.047 Y112.049 E.00884
G1 X112.188 Y111.715 E.00884
G1 X112.275 Y111.362 E.00884
G1 X112.304 Y111.013 E.00854
G1 X112.316 Y108.989 E.04934
G1 X112.29 Y108.64 E.00854
G1 X112.208 Y108.286 E.00884
G1 X112.071 Y107.951 E.00884
G1 X111.883 Y107.64 E.00884
G1 X111.649 Y107.363 E.00884
G1 X111.375 Y107.126 E.00884
G1 X111.067 Y106.935 E.00884
G1 X110.732 Y106.794 E.00884
G1 X110.38 Y106.708 E.00884
G1 X110.019 Y106.677 E.00884
G1 X109.869 Y106.688 E.00365
G1 X109.657 Y106.703 E.00518
G1 X109.304 Y106.786 E.00884
G1 X108.968 Y106.923 E.00884
G1 X108.658 Y107.111 E.00884
G1 X108.381 Y107.345 E.00884
G1 X108.144 Y107.619 E.00884
G1 X107.953 Y107.927 E.00884
G1 X107.812 Y108.261 E.00884
G1 X107.725 Y108.613 E.00884
G1 X107.696 Y108.963 E.00854
G1 X107.684 Y110.987 E.04934
G1 X107.71 Y111.336 E.00854
G1 X107.792 Y111.69 E.00884
G1 X107.929 Y112.025 E.00884
G1 X108.117 Y112.336 E.00884
G1 X108.351 Y112.613 E.00884
G1 X108.625 Y112.85 E.00884
G1 X108.933 Y113.041 E.00884
G1 X109.268 Y113.182 E.00884
G1 X109.62 Y113.268 E.00884
G1 X109.921 Y113.294 E.00738
G1 X109.886 Y113.706 F18000
G1 X109.979 Y113.714
G1 X110.008 Y113.712
G1 X110.007 Y113.699
M204 P1500
;TYPE:Inner wall
;WIDTH:0.45
G1 F6000
G1 X110.403 Y113.67 E.01045
G1 X110.818 Y113.573 E.01118
G1 X111.212 Y113.412 E.01118
G1 X111.367 Y113.318 E.00477
G1 X111.576 Y113.192 E.00642
G1 X111.902 Y112.917 E.01118
G1 X112.18 Y112.595 E.01118
G1 X112.404 Y112.233 E.01118
G1 X112.57 Y111.841 E.01118
G1 X112.671 Y111.428 E.01118
G1 X112.705 Y111.031 E.01045
G1 X112.716 Y108.976 E.054
G1 X112.688 Y108.579 E.01045
G1 X112.591 Y108.164 E.01118
G1 X112.43 Y107.77 E.01118
G1 X112.21 Y107.406 E.01118
G1 X111.935 Y107.081 E.01118
G1 X111.613 Y106.802 E.01118
G1 X111.251 Y106.578 E.01118
G1 X110.859 Y106.413 E.01118
G1 X110.445 Y106.311 E.01118
G1 X110.021 Y106.275 E.01118
G1 X109.84 Y106.288 E.00477
G1 X109.597 Y106.306 E.00642
G1 X109.182 Y106.403 E.01118
G1 X108.788 Y106.564 E.01118
G1 X108.424 Y106.784 E.01118
G1 X108.098 Y107.059 E.01118
G1 X107.82 Y107.381 E.01118
G1 X107.596 Y107.743 E.01118
G1 X107.43 Y108.135 E.01118
G1 X107.329 Y108.548 E.01118
G1 X107.295 Y108.945 E.01045
G1 X107.284 Y111 E.054
G1 X107.312 Y111.397 E.01045
G1 X107.409 Y111.812 E.01118
G1 X107.57 Y112.206 E.01118
G1 X107.79 Y112.57 E.01118
G1 X108.065 Y112.895 E.01118
G1 X108.387 Y113.174 E.01118
G1 X108.749 Y113.398 E.01118
G1 X109.141 Y113.563 E.01118
G1 X109.555 Y113.665 E.01118
G1 X109.947 Y113.698 E.01034
G1 X110.033 Y114.114 F18000
G1 F6000
G1 X110.466 Y114.082 E.0114
G1 X110.944 Y113.97 E.0129
G1 X111.399 Y113.785 E.0129
G1 X111.582 Y113.674 E.00563
G1 X111.819 Y113.53 E.00727
G1 X112.195 Y113.214 E.0129
G1 X112.516 Y112.842 E.0129
G1 X112.775 Y112.425 E.0129
G1 X112.965 Y111.972 E.0129
G1 X113.083 Y111.495 E.0129
G1 X113.12 Y111.05 E.01173
G1 X113.132 Y108.962 E.05486
G1 X113.1 Y108.516 E.01174
G1 X112.988 Y108.038 E.0129
G1 X112.802 Y107.583 E.0129
G1 X112.548 Y107.163 E.0129
G1 X112.231 Y106.788 E.0129
G1 X111.86 Y106.466 E.0129
G1 X111.443 Y106.207 E.0129
G1 X110.99 Y106.017 E.0129
G1 X110.513 Y105.9 E.0129
G1 X110.024 Y105.858 E.0129
G1 X109.81 Y105.874 E.00563
G1 X109.534 Y105.894 E.00727
G1 X109.056 Y106.006 E.0129
G1 X108.601 Y106.191 E.0129
G1 X108.181 Y106.445 E.0129
G1 X107.805 Y106.762 E.0129
G1 X107.484 Y107.134 E.0129
G1 X107.225 Y107.551 E.0129
G1 X107.035 Y108.004 E.0129
G1 X106.917 Y108.481 E.0129
G1 X106.88 Y108.926 E.01173
G1 X106.868 Y111.014 E.05486
G1 X106.9 Y111.46 E.01174
G1 X107.012 Y111.938 E.0129
G1 X107.198 Y112.393 E.0129
G1 X107.452 Y112.813 E.0129
G1 X107.769 Y113.188 E.0129
G1 X108.14 Y113.509 E.0129
G1 X108.557 Y113.768 E.0129
G1 X109.01 Y113.959 E.0129
G1 X109.487 Y114.076 E.0129
G1 X109.973 Y114.117 E.01282
G1 X110.06 Y114.528 F18000
G1 F6000
G1 X110.529 Y114.494 E.01236
G1 X111.071 Y114.367 E.01462
G1 X111.586 Y114.157 E.01462
G1 X112.063 Y113.869 E.01462
G1 X112.488 Y113.51 E.01462
G1 X112.852 Y113.089 E.01462
G1 X113.145 Y112.616 E.01462
G1 X113.361 Y112.103 E.01462
G1 X113.494 Y111.563 E.01462
G1 X113.536 Y111.069 E.01302
G1 X113.548 Y108.948 E.05572
G1 X113.512 Y108.453 E.01302
G1 X113.385 Y107.911 E.01462
G1 X113.175 Y107.396 E.01462
G1 X112.887 Y106.92 E.01462
G1 X112.528 Y106.494 E.01462
G1 X112.107 Y106.131 E.01462
G1 X111.634 Y105.837 E.01462
G1 X111.121 Y105.621 E.01462
G1 X110.581 Y105.488 E.01462
G1 X110.026 Y105.441 E.01462
G1 X109.78 Y105.459 E.00648
G1 X109.471 Y105.482 E.00813
G1 X108.929 Y105.609 E.01462
G1 X108.414 Y105.819 E.01462
G1 X107.937 Y106.107 E.01462
G1 X107.512 Y106.466 E.01462
G1 X107.148 Y106.887 E.01462
G1 X106.855 Y107.36 E.01462
G1 X106.639 Y107.873 E.01462
G1 X106.506 Y108.413 E.01462
G1 X106.464 Y108.907 E.01302
G1 X106.452 Y111.028 E.05572
G1 X106.488 Y111.523 E.01302
G1 X106.615 Y112.065 E.01462
G1 X106.825 Y112.58 E.01462
G1 X107.113 Y113.056 E.01462
G1 X107.472 Y113.482 E.01462
G1 X107.893 Y113.845 E.01462
G1 X108.366 Y114.139 E.01462
G1 X108.879 Y114.355 E.01462
G1 X109.419 Y114.488 E.01462
G1 X109.974 Y114.535 E.01462
G1 X110 Y114.533 E.00069
G1 X110.087 Y114.943 F18000
G1 F6000
G1 X110.592 Y114.906 E.01331
G1 X111.198 Y114.765 E.01634
G1 X111.774 Y114.53 E.01634
G1 X112.306 Y114.208 E.01634
G1 X112.781 Y113.807 E.01634
G1 X113.188 Y113.336 E.01634
G1 X113.516 Y112.808 E.01634
G1 X113.757 Y112.234 E.01634
G1 X113.906 Y111.63 E.01634
G1 X113.951 Y111.087 E.01431
G1 X113.964 Y108.934 E.05657
G1 X113.924 Y108.39 E.01431
G1 X113.782 Y107.785 E.01634
G1 X113.548 Y107.209 E.01634
G1 X113.226 Y106.677 E.01634
G1 X112.824 Y106.201 E.01634
G1 X112.354 Y105.795 E.01634
G1 X111.825 Y105.467 E.01634
G1 X111.252 Y105.225 E.01634
G1 X110.648 Y105.077 E.01634
G1 X110.028 Y105.024 E.01634
G1 X109.75 Y105.045 E.00734
G1 X109.408 Y105.07 E.00899
G1 X108.802 Y105.211 E.01634
G1 X108.226 Y105.446 E.01634
G1 X107.694 Y105.768 E.01634
G1 X107.219 Y106.169 E.01634
G1 X106.812 Y106.64 E.01634
G1 X106.484 Y107.168 E.01634
G1 X106.243 Y107.742 E.01634
G1 X106.094 Y108.346 E.01634
G1 X106.049 Y108.888 E.01431
G1 X106.036 Y111.042 E.05657
G1 X106.076 Y111.586 E.01431
G1 X106.218 Y112.191 E.01634
G1 X106.452 Y112.767 E.01634
G1 X106.774 Y113.299 E.01634
G1 X107.176 Y113.775 E.01634
G1 X107.646 Y114.181 E.01634
G1 X108.175 Y114.509 E.01634
G1 X108.748 Y114.751 E.01634
G1 X109.352 Y114.899 E.01634
G1 X109.972 Y114.952 E.01634
G1 X110.027 Y114.948 E.00145
G1 X114.065 Y112.42 F18000
M204 P2000
;TYPE:Sparse infill
G1 F7597.235
G1 X113.833 Y112.971 E.01572
G1 X113.475 Y113.547 E.01781
G1 X113.032 Y114.06 E.01781
G1 X112.514 Y114.498 E.01781
G1 X111.934 Y114.849 E.01781
G1 X111.225 Y115.123 E.01998
G1 X101.126 Y125.222 E.37514
G1 X101.135 Y123.626 E.04193
G1 X109.493 Y115.268 E.31047
G1 X109.294 Y115.251 E.00524
G1 X108.636 Y115.089 E.01781
G1 X108.248 Y114.926 E.01106
G1 X101.144 Y122.029 E.26388
G1 X101.153 Y120.433 E.04193
G1 X107.265 Y114.322 E.22703
G1 X106.922 Y114.025 E.0119
G1 X106.488 Y113.511 E.01767
G1 X101.163 Y118.837 E.19783
G1 X101.172 Y117.241 E.04193
G1 X105.946 Y112.466 E.17735
G1 X105.878 Y112.3 E.00473
G1 X105.723 Y111.639 E.01781
G1 X105.687 Y111.138 E.0132
G1 X101.181 Y115.644 E.16739
G1 X101.19 Y114.048 E.04193
G1 X105.689 Y109.549 E.16714
G1 X105.693 Y108.872 E.01776
G1 X105.742 Y108.288 E.01541
G1 X105.866 Y107.784 E.01362
G1 X101.199 Y112.452 E.17338
G1 X101.208 Y110.855 E.04193
G1 X118.883 Y93.181 E.65658
G1 X118.874 Y94.777 E.04193
G1 X108.805 Y104.846 E.37403
G1 X108.694 Y104.872 E.003
G1 X108.066 Y105.127 E.01781
G1 X107.486 Y105.478 E.01781
G1 X106.968 Y105.916 E.01781
G1 X106.525 Y106.429 E.01781
G1 X106.167 Y107.005 E.01781
G1 X105.923 Y107.585 E.01654
G1 X104.702 Y80.17 F18000
G1 F7597.235
G1 X104.087 Y80.167 E.01617
G1 X101.368 Y82.855 E.10043
G1 X101.363 Y83.719 E.02269
G1 X104.91 Y80.172 E.13177
G1 X106.488 Y80.181 E.04145
G1 X101.354 Y85.315 E.19073
G1 X101.345 Y86.911 E.04193
G1 X108.067 Y80.19 E.2497
G1 X109.437 Y80.197 E.036
G1 X118.911 Y88.184 F18000
G1 F7597.235
G1 X118.919 Y86.796 E.03647
G1 X113.804 Y91.911 E.19004
G1 X113.878 Y91.608 E.00822
G1 X113.921 Y91.101 E.01336
G1 X113.926 Y90.202 E.02363
G1 X118.929 Y85.199 E.18582
G1 X118.938 Y83.603 E.04193
G1 X113.912 Y88.628 E.18668
G1 X113.897 Y88.412 E.00569
G1 X113.76 Y87.829 E.01574
G1 X113.576 Y87.377 E.0128
G1 X118.947 Y82.007 E.19951
G1 X118.956 Y80.41 E.04193
G1 X112.941 Y86.426 E.22345
G1 X112.837 Y86.302 E.00424
G1 X112.383 Y85.91 E.01574
G1 X112.066 Y85.713 E.00981
G1 X117.535 Y80.244 E.20319
G1 X115.957 Y80.235 E.04145
G1 X110.927 Y85.265 E.18686
G1 X110.69 Y85.206 E.00642
G1 X109.99 Y85.179 E.01841
G1 X109.544 Y85.212 E.01174
G1 X109.347 Y85.258 E.00531
G1 X114.379 Y80.226 E.18693
G1 X112.801 Y80.217 E.04145
G1 X101.318 Y91.7 E.42659
G1 X101.327 Y90.104 E.04193
G1 X111.223 Y80.208 E.36762
G1 X109.645 Y80.199 E.04145
G1 X101.336 Y88.508 E.30866
G1 X101.344 Y87.119 E.03647
G1 X101.316 Y91.908 F18000
G1 F7597.235
G1 X101.308 Y93.296 E.03647
G1 X106.387 Y88.217 E.18867
G1 X106.35 Y88.369 E.0041
G1 X106.307 Y88.876 E.01336
G1 X106.302 Y89.89 E.02666
G1 X101.299 Y94.893 E.18582
G1 X101.29 Y96.489 E.04193
G1 X106.324 Y91.455 E.18699
G1 X106.332 Y91.564 E.00288
G1 X106.468 Y92.148 E.01574
G1 X106.686 Y92.681 E.01511
G1 X101.281 Y98.085 E.20077
G1 X101.272 Y99.682 E.04193
G1 X107.34 Y93.613 E.22542
G1 X107.845 Y94.066 E.01782
G1 X108.234 Y94.307 E.012
G1 X101.263 Y101.278 E.25895
G1 X101.254 Y102.874 E.04193
G1 X109.393 Y94.734 E.30237
G1 X109.489 Y94.758 E.0026
G1 X110.087 Y94.809 E.01575
G1 X110.685 Y94.765 E.01575
G1 X111.031 Y94.684 E.00935
G1 X101.245 Y104.47 E.36355
G1 X101.235 Y106.067 E.04193
G1 X118.91 Y88.392 E.65658
G1 X118.901 Y89.988 E.04193
G1 X101.226 Y107.663 E.65658
G1 X101.217 Y109.259 E.04193
G1 X118.892 Y91.584 E.65658
G1 X118.884 Y92.973 E.03647
G1 X118.857 Y97.762 F18000
G1 F7597.235
G1 X118.865 Y96.373 E.03647
G1 X110.528 Y104.71 E.30968
G1 X110.706 Y104.725 E.00469
G1 X111.364 Y104.887 E.01781
G1 X111.768 Y105.057 E.01151
G1 X118.856 Y97.969 E.26328
G1 X118.846 Y99.566 E.04193
G1 X112.747 Y105.665 E.22657
G1 X113.078 Y105.951 E.01148
G1 X113.521 Y106.478 E.0181
G1 X118.837 Y101.162 E.19748
G1 X118.828 Y102.758 E.04193
G1 X114.061 Y107.526 E.1771
G1 X114.122 Y107.676 E.00427
G1 X114.277 Y108.336 E.01781
G1 X114.315 Y108.859 E.01376
G1 X118.819 Y104.355 E.16733
G1 X118.81 Y105.951 E.04193
G1 X114.311 Y110.45 E.16714
G1 X114.307 Y111.103 E.01716
G1 X114.258 Y111.688 E.01541
G1 X114.126 Y112.222 E.01444
G1 X118.801 Y107.547 E.17366
G1 X118.793 Y108.936 E.03647
G1 X118.766 Y113.724 F18000
G1 F7597.235
G1 X118.774 Y112.336 E.03647
G1 X101.099 Y130.011 E.65658
G1 X101.108 Y128.415 E.04193
G1 X118.783 Y110.74 E.65658
G1 X118.792 Y109.143 E.04193
G1 X101.117 Y126.818 E.65658
G1 X101.125 Y125.43 E.03647
G1 X104.273 Y139.743 F18000
G1 F7597.235
G1 X105.644 Y139.75 E.036
G1 X109.607 Y135.787 E.14722
G1 X109.099 Y135.744 E.01339
G1 X108.364 Y135.563 E.01986
G1 X108.279 Y135.528 E.00243
G1 X104.065 Y139.741 E.15653
G1 X102.487 Y139.732 E.04145
G1 X107.224 Y134.995 E.17598
G1 X107.025 Y134.871 E.00618
G1 X106.452 Y134.377 E.01986
G1 X106.362 Y134.27 E.00366
G1 X101.044 Y139.588 E.19756
G1 X101.053 Y137.992 E.04193
G1 X105.694 Y133.352 E.17239
G1 X105.573 Y133.151 E.00615
G1 X105.287 Y132.451 E.01987
G1 X105.234 Y132.224 E.00612
G1 X101.062 Y136.396 E.15498
G1 X101.07 Y135.007 E.03647
G1 X101.098 Y130.219 F18000
G1 F7597.235
G1 X101.09 Y131.607 E.03647
G1 X105.382 Y127.315 E.15944
G1 X105.316 Y127.472 E.00448
G1 X105.135 Y128.206 E.01987
G1 X105.079 Y128.869 E.01748
G1 X105.077 Y129.207 E.00887
G1 X101.08 Y133.203 E.14846
G1 X101.071 Y134.8 E.04193
G1 X105.068 Y130.803 E.14846
G1 X105.076 Y129.415 E.03647
G1 X105.462 Y127.123 F18000
G1 F7597.235
G1 X105.609 Y126.775 E.00993
G1 X106.008 Y126.132 E.01987
G1 X106.503 Y125.56 E.01987
G1 X107.081 Y125.072 E.01987
G1 X107.728 Y124.68 E.01987
G1 X108.215 Y124.482 E.01382
G1 X118.764 Y113.932 E.39189
G1 X118.755 Y115.529 E.04193
G1 X110.101 Y124.183 E.32149
G1 X110.673 Y124.231 E.01507
G1 X111.444 Y124.427 E.02089
G1 X118.746 Y117.125 E.27127
G1 X118.737 Y118.721 E.04193
G1 X112.505 Y124.954 E.23153
G1 X112.747 Y125.104 E.0075
G1 X113.319 Y125.598 E.01987
G1 X113.378 Y125.668 E.00238
G1 X118.728 Y120.317 E.19875
G1 X118.719 Y121.914 E.04193
G1 X114.052 Y126.581 E.17337
G1 X114.199 Y126.824 E.00747
G1 X114.484 Y127.524 E.01987
G1 X114.524 Y127.695 E.00461
G1 X118.71 Y123.51 E.15548
G1 X118.702 Y124.898 E.03647
G1 X118.674 Y129.687 F18000
G1 F7597.235
G1 X118.682 Y128.299 E.03647
G1 X114.44 Y132.541 E.15759
G1 X114.637 Y131.769 E.02093
G1 X114.693 Y131.106 E.01748
G1 X114.695 Y130.699 E.01069
G1 X118.691 Y126.702 E.14846
G1 X118.701 Y125.106 E.04193
G1 X114.704 Y129.103 E.14846
G1 X114.696 Y130.491 E.03647
G1 X114.359 Y132.733 F18000
G1 F7597.235
G1 X114.163 Y133.2 E.01333
G1 X113.764 Y133.843 E.01987
G1 X113.269 Y134.416 E.01987
G1 X112.691 Y134.904 E.01987
G1 X112.044 Y135.295 E.01987
G1 X111.44 Y135.541 E.01713
G1 X107.222 Y139.759 E.1567
G1 X108.8 Y139.768 E.04145
G1 X118.673 Y129.895 E.36678
G1 X118.664 Y131.491 E.04193
G1 X110.378 Y139.777 E.30781
G1 X111.956 Y139.786 E.04145
G1 X118.655 Y133.088 E.24885
G1 X118.647 Y134.476 E.03647
G1 X116.898 Y139.815 F18000
G1 F7597.235
G1 X118.269 Y139.822 E.036
G1 X118.619 Y139.473 E.01299
G1 X118.628 Y137.876 E.04193
G1 X116.691 Y139.813 E.07196
G1 X115.112 Y139.804 E.04145
G1 X118.637 Y136.28 E.13092
G1 X118.646 Y134.684 E.04193
G1 X113.534 Y139.795 E.18988
G1 X112.164 Y139.788 E.036
; stop printing object pigtail_slot_coupon.stl id:2099807082496 copy 0
;LAYER_CHANGE
;Z:2.64
;HEIGHT:0.16
G92 E0 ; zero the extruded length again
; BEFORE_LAYER_CHANGE 15 @ 2.64mm
G1 E-1.75 F6000
;WIPE_START
G1 F7597.235
G1 X113.164 Y139.793 E-.75
;WIPE_END
; AFTER_LAYER_CHANGE 15 @ 2.64mm
;_SET_FAN_SPEED_CHANGING_LAYER
; printing object pigtail_slot_coupon.stl id:2099807082496 copy 0
G1 F18000
G1 X113.574 Y140.126 Z2.66857
G1 X113.569 Y140.654 Z2.69714
G1 X113.153 Y140.98 Z2.72571
G1 X112.639 Y140.858 Z2.75429
G1 X112.415 Y140.38 Z2.78286
G1 X112.648 Y139.906 Z2.81143
G1 X113.164 Y139.793 Z2.84
G1 X120.012 Y141.422 Z2.84
G1 X120.197 Y141.423
G1 X120.608 Y141.839
G1 Z2.64
G1 E2.5 F6000
M204 P1000
;TYPE:Outer wall
;WIDTH:0.42
G1 F3600
G1 X99.029 Y141.716 E.52594
G1 X99.37 Y82.014 E1.45507
G1 X103.269 Y78.159 E.13363
G1 X109.662 Y78.196 E.15581
G1 X120.971 Y78.26 E.27564
G1 X120.609 Y141.779 E1.54809
G1 X120.197 Y141.423 F18000
G1 X120.21 Y141.436
M204 P1500
;TYPE:Inner wall
;WIDTH:0.45
G1 F6000
G1 X99.432 Y141.317 E.54581
G1 X99.769 Y82.182 E1.55337
G1 X103.432 Y78.561 E.1353
G1 X109.659 Y78.596 E.16357
G1 X120.568 Y78.658 E.28656
G1 X120.21 Y141.376 E1.64747
G1 X119.797 Y141.018 F18000
G1 F6000
G1 X99.85 Y140.904 E.52397
G1 X100.184 Y82.357 E1.53793
G1 X103.602 Y78.977 E.12626
G1 X109.657 Y79.012 E.15905
G1 X120.15 Y79.072 E.27564
G1 X119.797 Y140.958 E1.62563
G1 X119.383 Y140.6 F18000
G1 F6000
G1 X100.268 Y140.491 E.50213
G1 X100.599 Y82.531 E1.52249
G1 X103.772 Y79.394 E.11721
G1 X109.655 Y79.427 E.15452
G1 X119.732 Y79.485 E.26472
G1 X119.384 Y140.54 E1.60379
G1 X118.97 Y140.182 F18000
G1 F6000
G1 X100.686 Y140.078 E.48029
G1 X101.013 Y82.706 E1.50705
G1 X103.942 Y79.811 E.10817
G1 X109.652 Y79.843 E.15
G1 X119.314 Y79.898 E.25381
G1 X118.97 Y140.122 E1.58196
G1 E-1.75
;WIPE_START
G1 X117.97 Y140.12 E-.75
;WIPE_END
G1 X114.882 Y137.878 Z2.84 F18000
G1 X109.829 Y134.211 Z2.84
G1 X109.864 Y133.799
G1 Z2.64
G1 E2.5 F6000
M204 P1000
;TYPE:Outer wall
;WIDTH:0.42
G1 F3600
G1 X110.304 Y133.766 E.01075
G1 X110.733 Y133.666 E.01075
G1 X111.142 Y133.499 E.01075
G1 X111.519 Y133.271 E.01075
G1 X111.856 Y132.987 E.01075
G1 X112.145 Y132.653 E.01075
G1 X112.377 Y132.278 E.01075
G1 X112.548 Y131.871 E.01075
G1 X112.654 Y131.443 E.01075
G1 X112.69 Y131.016 E.01045
G1 X112.702 Y128.992 E.04934
G1 X112.67 Y128.564 E.01045
G1 X112.57 Y128.134 E.01075
G1 X112.403 Y127.726 E.01075
G1 X112.175 Y127.348 E.01075
G1 X111.89 Y127.011 E.01075
G1 X111.557 Y126.723 E.01075
G1 X111.182 Y126.49 E.01075
G1 X110.775 Y126.319 E.01075
G1 X110.347 Y126.214 E.01075
G1 X109.908 Y126.177 E.01075
G1 X109.742 Y126.189 E.00404
G1 X109.468 Y126.209 E.00671
G1 X109.038 Y126.309 E.01075
G1 X108.63 Y126.476 E.01075
G1 X108.252 Y126.704 E.01075
G1 X107.915 Y126.989 E.01075
G1 X107.627 Y127.322 E.01075
G1 X107.394 Y127.697 E.01075
G1 X107.223 Y128.104 E.01075
G1 X107.118 Y128.532 E.01075
G1 X107.082 Y128.959 E.01045
G1 X107.07 Y130.984 E.04934
G1 X107.101 Y131.412 E.01045
G1 X107.202 Y131.841 E.01075
G1 X107.368 Y132.249 E.01075
G1 X107.597 Y132.627 E.01075
G1 X107.881 Y132.964 E.01075
G1 X108.215 Y133.252 E.01075
G1 X108.59 Y133.485 E.01075
G1 X108.996 Y133.656 E.01075
G1 X109.424 Y133.761 E.01075
G1 X109.804 Y133.793 E.00929
G1 X109.769 Y134.206 F18000
G1 X109.833 Y134.211
G1 X109.834 Y134.198
M204 P1500
;TYPE:Inner wall
;WIDTH:0.45
G1 F6000
G1 X109.862 Y134.2 E.00074
G1 X110.365 Y134.164 E.01324
G1 X110.855 Y134.049 E.01324
G1 X111.322 Y133.859 E.01324
G1 X111.754 Y133.598 E.01324
G1 X112.139 Y133.272 E.01324
G1 X112.468 Y132.891 E.01324
G1 X112.734 Y132.463 E.01324
G1 X112.93 Y131.998 E.01324
G1 X113.05 Y131.508 E.01324
G1 X113.091 Y131.034 E.01251
G1 X113.102 Y128.978 E.054
G1 X113.068 Y128.503 E.01251
G1 X112.953 Y128.012 E.01324
G1 X112.762 Y127.545 E.01324
G1 X112.501 Y127.114 E.01324
G1 X112.176 Y126.729 E.01324
G1 X111.795 Y126.399 E.01324
G1 X111.366 Y126.133 E.01324
G1 X110.902 Y125.938 E.01324
G1 X110.412 Y125.817 E.01324
G1 X109.91 Y125.775 E.01324
G1 X109.713 Y125.789 E.00518
G1 X109.407 Y125.812 E.00806
G1 X108.916 Y125.926 E.01324
G1 X108.449 Y126.117 E.01324
G1 X108.018 Y126.378 E.01324
G1 X107.633 Y126.703 E.01324
G1 X107.303 Y127.084 E.01324
G1 X107.037 Y127.513 E.01324
G1 X106.842 Y127.977 E.01324
G1 X106.721 Y128.467 E.01324
G1 X106.681 Y128.941 E.01251
G1 X106.669 Y130.997 E.054
G1 X106.704 Y131.472 E.01251
G1 X106.819 Y131.963 E.01324
G1 X107.009 Y132.43 E.01324
G1 X107.27 Y132.861 E.01324
G1 X107.595 Y133.247 E.01324
G1 X107.977 Y133.576 E.01324
G1 X108.405 Y133.842 E.01324
G1 X108.87 Y134.037 E.01324
G1 X109.359 Y134.158 E.01324
G1 X109.774 Y134.193 E.01093
G1 X109.916 Y134.613 F18000
G1 F6000
G1 X110.427 Y134.576 E.01346
G1 X110.982 Y134.446 E.01496
G1 X111.509 Y134.231 E.01496
G1 X111.997 Y133.936 E.01496
G1 X112.432 Y133.569 E.01496
G1 X112.804 Y133.138 E.01496
G1 X113.105 Y132.654 E.01496
G1 X113.326 Y132.129 E.01496
G1 X113.462 Y131.576 E.01496
G1 X113.506 Y131.053 E.0138
G1 X113.518 Y128.964 E.05486
G1 X113.48 Y128.44 E.0138
G1 X113.35 Y127.886 E.01496
G1 X113.135 Y127.358 E.01496
G1 X112.84 Y126.871 E.01496
G1 X112.473 Y126.436 E.01496
G1 X112.042 Y126.063 E.01496
G1 X111.558 Y125.763 E.01496
G1 X111.033 Y125.542 E.01496
G1 X110.48 Y125.406 E.01496
G1 X109.912 Y125.358 E.01496
G1 X109.683 Y125.375 E.00604
G1 X109.344 Y125.399 E.00892
G1 X108.79 Y125.529 E.01496
G1 X108.262 Y125.744 E.01496
G1 X107.775 Y126.039 E.01496
G1 X107.34 Y126.406 E.01496
G1 X106.967 Y126.837 E.01496
G1 X106.667 Y127.321 E.01496
G1 X106.446 Y127.846 E.01496
G1 X106.31 Y128.399 E.01496
G1 X106.265 Y128.923 E.0138
G1 X106.254 Y131.011 E.05486
G1 X106.292 Y131.535 E.0138
G1 X106.422 Y132.089 E.01496
G1 X106.637 Y132.617 E.01496
G1 X106.931 Y133.104 E.01496
G1 X107.299 Y133.54 E.01496
G1 X107.73 Y133.912 E.01496
G1 X108.214 Y134.212 E.01496
G1 X108.739 Y134.433 E.01496
G1 X109.292 Y134.569 E.01496
G1 X109.857 Y134.617 E.01489
G1 X109.771 Y135.027 F18000
G1 F6000
G1 X109.857 Y135.034 E.00227
G1 X110.49 Y134.988 E.01668
G1 X111.109 Y134.843 E.01668
G1 X111.697 Y134.604 E.01668
G1 X112.24 Y134.275 E.01668
G1 X112.725 Y133.866 E.01668
G1 X113.14 Y133.385 E.01668
G1 X113.475 Y132.845 E.01668
G1 X113.722 Y132.26 E.01668
G1 X113.873 Y131.644 E.01668
G1 X113.922 Y131.071 E.01508
G1 X113.934 Y128.95 E.05572
G1 X113.892 Y128.377 E.01509
G1 X113.747 Y127.759 E.01668
G1 X113.508 Y127.171 E.01668
G1 X113.179 Y126.628 E.01668
G1 X112.769 Y126.142 E.01668
G1 X112.289 Y125.727 E.01668
G1 X111.749 Y125.393 E.01668
G1 X111.164 Y125.146 E.01668
G1 X110.547 Y124.994 E.01668
G1 X109.915 Y124.941 E.01668
G1 X109.653 Y124.96 E.0069
G1 X109.281 Y124.987 E.00978
G1 X108.663 Y125.132 E.01668
G1 X108.075 Y125.372 E.01668
G1 X107.532 Y125.7 E.01668
G1 X107.046 Y126.11 E.01668
G1 X106.631 Y126.59 E.01668
G1 X106.296 Y127.13 E.01668
G1 X106.05 Y127.715 E.01668
G1 X105.898 Y128.332 E.01668
G1 X105.85 Y128.904 E.01508
G1 X105.838 Y131.025 E.05572
G1 X105.88 Y131.598 E.01509
G1 X106.024 Y132.216 E.01668
G1 X106.264 Y132.804 E.01668
G1 X106.593 Y133.348 E.01668
G1 X107.002 Y133.833 E.01668
G1 X107.483 Y134.248 E.01668
G1 X108.022 Y134.583 E.01668
G1 X108.608 Y134.829 E.01668
G1 X109.224 Y134.981 E.01668
G1 X109.711 Y135.022 E.01284
G1 X109.74 Y135.442 F18000
G1 F6000
G1 X109.855 Y135.451 E.00303
G1 X110.553 Y135.4 E.0184
G1 X111.235 Y135.241 E.0184
G1 X111.884 Y134.976 E.0184
G1 X112.483 Y134.614 E.0184
G1 X113.018 Y134.162 E.0184
G1 X113.476 Y133.632 E.0184
G1 X113.846 Y133.037 E.0184
G1 X114.117 Y132.391 E.0184
G1 X114.285 Y131.711 E.0184
G1 X114.337 Y131.09 E.01637
G1 X114.35 Y128.936 E.05657
G1 X114.304 Y128.315 E.01637
G1 X114.145 Y127.633 E.01839
G1 X113.88 Y126.984 E.0184
G1 X113.518 Y126.385 E.0184
G1 X113.066 Y125.849 E.0184
G1 X112.536 Y125.391 E.0184
G1 X111.941 Y125.022 E.0184
G1 X111.295 Y124.75 E.0184
G1 X110.615 Y124.583 E.01839
G1 X109.917 Y124.524 E.0184
G1 X109.622 Y124.546 E.00776
G1 X109.218 Y124.575 E.01064
G1 X108.536 Y124.735 E.0184
G1 X107.888 Y124.999 E.0184
G1 X107.289 Y125.362 E.0184
G1 X106.753 Y125.813 E.0184
G1 X106.295 Y126.343 E.0184
G1 X105.926 Y126.939 E.0184
G1 X105.654 Y127.584 E.0184
G1 X105.487 Y128.264 E.0184
G1 X105.434 Y128.885 E.01637
G1 X105.422 Y131.039 E.05657
G1 X105.467 Y131.661 E.01637
G1 X105.627 Y132.343 E.01839
G1 X105.891 Y132.991 E.0184
G1 X106.254 Y133.591 E.0184
G1 X106.706 Y134.126 E.0184
G1 X107.236 Y134.584 E.0184
G1 X107.831 Y134.953 E.0184
G1 X108.477 Y135.225 E.0184
G1 X109.157 Y135.392 E.0184
G1 X109.68 Y135.436 E.0138
G1 E-1.75
;WIPE_START
G1 X109.855 Y135.451 E-.13151
G1 X110.553 Y135.4 E-.52542
G1 X110.674 Y135.372 E-.09307
;WIPE_END
G1 X112.479 Y132.899 Z2.84 F18000
G1 X112.746 Y132.469
G1 X112.942 Y132.002
G1 X113.063 Y131.51
G1 X113.103 Y131.034
G1 X113.115 Y128.978
G1 X112.729 Y108.975
G1 X112.7 Y108.577
G1 X112.603 Y108.16
G1 X112.441 Y107.764
G1 X112.22 Y107.398
G1 X111.944 Y107.072
G1 X111.62 Y106.792
G1 X111.257 Y106.566
G1 X110.863 Y106.4
G1 X110.447 Y106.298
G1 X110.281 Y106.284
G1 X110.128 Y93.212
G1 X110.098 Y92.799
G1 Z2.64
G1 E2.5 F6000
M204 P1000
;TYPE:Outer wall
;WIDTH:0.42
G1 F3600
G1 X110.382 Y92.778 E.00693
G1 X110.658 Y92.714 E.00693
G1 X110.921 Y92.606 E.00693
G1 X111.165 Y92.459 E.00692
G1 X111.382 Y92.276 E.00692
G1 X111.568 Y92.061 E.00693
G1 X111.717 Y91.82 E.00693
G1 X111.828 Y91.558 E.00693
G1 X111.896 Y91.282 E.00692
G1 X111.918 Y91.011 E.00663
G1 X111.93 Y88.986 E.04934
G1 X111.91 Y88.715 E.00663
G1 X111.845 Y88.439 E.00692
G1 X111.738 Y88.175 E.00693
G1 X111.591 Y87.932 E.00693
G1 X111.408 Y87.715 E.00693
G1 X111.193 Y87.529 E.00692
G1 X110.951 Y87.379 E.00692
G1 X110.689 Y87.269 E.00693
G1 X110.409 Y87.2 E.00703
G1 X110.033 Y87.184 E.00916
G1 X109.847 Y87.198 E.00456
G1 X109.57 Y87.263 E.00693
G1 X109.307 Y87.37 E.00693
G1 X109.064 Y87.517 E.00692
G1 X108.847 Y87.7 E.00692
G1 X108.661 Y87.915 E.00693
G1 X108.511 Y88.157 E.00693
G1 X108.401 Y88.419 E.00693
G1 X108.333 Y88.695 E.00692
G1 X108.31 Y88.966 E.00663
G1 X108.298 Y90.99 E.04934
G1 X108.318 Y91.261 E.00663
G1 X108.383 Y91.538 E.00692
G1 X108.49 Y91.801 E.00693
G1 X108.637 Y92.044 E.00693
G1 X108.821 Y92.262 E.00693
G1 X109.036 Y92.447 E.00692
G1 X109.277 Y92.597 E.00692
G1 X109.539 Y92.707 E.00693
G1 X109.815 Y92.775 E.00693
G1 X110.038 Y92.794 E.00546
G1 X110.003 Y93.206 F18000
G1 X110.096 Y93.214
G1 X110.125 Y93.212
G1 X110.124 Y93.199
M204 P1500
;TYPE:Inner wall
;WIDTH:0.45
G1 F6000
G1 X110.442 Y93.176 E.00838
G1 X110.78 Y93.097 E.00912
G1 X111.102 Y92.966 E.00912
G1 X111.399 Y92.786 E.00912
G1 X111.664 Y92.562 E.00912
G1 X111.891 Y92.299 E.00912
G1 X112.074 Y92.004 E.00912
G1 X112.209 Y91.684 E.00912
G1 X112.292 Y91.347 E.00912
G1 X112.319 Y91.029 E.00839
G1 X112.331 Y88.973 E.054
G1 X112.307 Y88.655 E.00839
G1 X112.228 Y88.317 E.00912
G1 X112.097 Y87.995 E.00912
G1 X111.918 Y87.698 E.00912
G1 X111.694 Y87.432 E.00912
G1 X111.431 Y87.206 E.00912
G1 X111.136 Y87.022 E.00912
G1 X110.816 Y86.888 E.00912
G1 X110.466 Y86.802 E.00946
G1 X110.027 Y86.783 E.01153
G1 X109.786 Y86.801 E.00635
G1 X109.448 Y86.88 E.00912
G1 X109.127 Y87.011 E.00912
G1 X108.83 Y87.191 E.00912
G1 X108.564 Y87.415 E.00912
G1 X108.337 Y87.677 E.00912
G1 X108.154 Y87.972 E.00912
G1 X108.019 Y88.293 E.00912
G1 X107.936 Y88.63 E.00912
G1 X107.909 Y88.948 E.00839
G1 X107.898 Y91.004 E.054
G1 X107.921 Y91.322 E.00839
G1 X108 Y91.66 E.00912
G1 X108.131 Y91.982 E.00912
G1 X108.311 Y92.279 E.00912
G1 X108.535 Y92.544 E.00912
G1 X108.798 Y92.771 E.00912
G1 X109.093 Y92.954 E.00912
G1 X109.413 Y93.089 E.00912
G1 X109.75 Y93.172 E.00912
G1 X110.064 Y93.198 E.00828
G1 X110.15 Y93.614 F18000
G1 F6000
G1 X110.505 Y93.588 E.00934
G1 X110.907 Y93.494 E.01084
G1 X111.289 Y93.338 E.01084
G1 X111.642 Y93.125 E.01084
G1 X111.957 Y92.859 E.01084
G1 X112.227 Y92.546 E.01084
G1 X112.445 Y92.196 E.01084
G1 X112.605 Y91.815 E.01084
G1 X112.704 Y91.415 E.01084
G1 X112.735 Y91.048 E.00968
G1 X112.746 Y88.959 E.05486
G1 X112.72 Y88.592 E.00968
G1 X112.626 Y88.19 E.01084
G1 X112.47 Y87.808 E.01084
G1 X112.256 Y87.455 E.01084
G1 X111.99 Y87.139 E.01084
G1 X111.678 Y86.87 E.01084
G1 X111.327 Y86.652 E.01084
G1 X110.947 Y86.492 E.01084
G1 X110.525 Y86.388 E.01141
G1 X110.021 Y86.367 E.01325
G1 X109.723 Y86.389 E.00783
G1 X109.322 Y86.483 E.01084
G1 X108.939 Y86.638 E.01084
G1 X108.586 Y86.852 E.01084
G1 X108.271 Y87.118 E.01084
G1 X108.001 Y87.43 E.01084
G1 X107.784 Y87.781 E.01084
G1 X107.624 Y88.161 E.01084
G1 X107.525 Y88.562 E.01084
G1 X107.494 Y88.929 E.00968
G1 X107.482 Y91.018 E.05486
G1 X107.509 Y91.385 E.00968
G1 X107.603 Y91.787 E.01084
G1 X107.759 Y92.169 E.01084
G1 X107.972 Y92.522 E.01084
G1 X108.238 Y92.837 E.01084
G1 X108.551 Y93.107 E.01084
G1 X108.901 Y93.325 E.01084
G1 X109.282 Y93.485 E.01084
G1 X109.682 Y93.583 E.01084
G1 X110.091 Y93.618 E.01076
G1 X110.177 Y94.029 F18000
G1 F6000
G1 X110.568 Y94 E.01029
G1 X111.033 Y93.891 E.01256
G1 X111.476 Y93.711 E.01256
G1 X111.885 Y93.463 E.01255
G1 X112.25 Y93.155 E.01256
G1 X112.563 Y92.793 E.01256
G1 X112.815 Y92.387 E.01256
G1 X113.001 Y91.946 E.01256
G1 X113.115 Y91.482 E.01255
G1 X113.15 Y91.066 E.01097
G1 X113.162 Y88.945 E.05572
G1 X113.132 Y88.529 E.01097
G1 X113.023 Y88.063 E.01255
G1 X112.843 Y87.621 E.01256
G1 X112.595 Y87.212 E.01256
G1 X112.287 Y86.846 E.01256
G1 X111.925 Y86.534 E.01256
G1 X111.519 Y86.282 E.01255
G1 X111.078 Y86.096 E.01256
G1 X110.584 Y85.975 E.01337
G1 X110.014 Y85.951 E.01497
G1 X109.661 Y85.976 E.00932
G1 X109.195 Y86.085 E.01256
G1 X108.752 Y86.266 E.01256
G1 X108.343 Y86.513 E.01255
G1 X107.978 Y86.822 E.01256
G1 X107.665 Y87.183 E.01256
G1 X107.413 Y87.59 E.01256
G1 X107.228 Y88.03 E.01256
G1 X107.113 Y88.494 E.01255
G1 X107.078 Y88.91 E.01097
G1 X107.066 Y91.031 E.05572
G1 X107.097 Y91.448 E.01097
G1 X107.206 Y91.913 E.01256
G1 X107.386 Y92.356 E.01256
G1 X107.633 Y92.765 E.01256
G1 X107.942 Y93.13 E.01256
G1 X108.304 Y93.443 E.01256
G1 X108.71 Y93.695 E.01255
G1 X109.151 Y93.881 E.01256
G1 X109.615 Y93.995 E.01256
G1 X110.091 Y94.035 E.01256
G1 X110.117 Y94.033 E.00069
G1 X110.204 Y94.444 F18000
G1 F6000
G1 X110.631 Y94.412 E.01125
G1 X111.16 Y94.289 E.01428
G1 X111.663 Y94.083 E.01428
G1 X112.128 Y93.802 E.01427
G1 X112.544 Y93.452 E.01428
G1 X112.899 Y93.04 E.01428
G1 X113.186 Y92.578 E.01428
G1 X113.397 Y92.077 E.01428
G1 X113.526 Y91.55 E.01427
G1 X113.566 Y91.085 E.01225
G1 X113.578 Y88.931 E.05657
G1 X113.544 Y88.466 E.01225
G1 X113.42 Y87.937 E.01427
G1 X113.215 Y87.434 E.01428
G1 X112.934 Y86.968 E.01428
G1 X112.583 Y86.553 E.01428
G1 X112.172 Y86.198 E.01428
G1 X111.71 Y85.911 E.01427
G1 X111.209 Y85.7 E.01428
G1 X110.643 Y85.561 E.01532
G1 X110.008 Y85.534 E.01669
G1 X109.598 Y85.564 E.01081
G1 X109.069 Y85.688 E.01428
G1 X108.565 Y85.893 E.01428
G1 X108.1 Y86.174 E.01427
G1 X107.685 Y86.525 E.01428
G1 X107.329 Y86.936 E.01428
G1 X107.043 Y87.398 E.01428
G1 X106.832 Y87.899 E.01428
G1 X106.702 Y88.427 E.01427
G1 X106.663 Y88.892 E.01225
G1 X106.65 Y91.045 E.05657
G1 X106.684 Y91.511 E.01225
G1 X106.808 Y92.04 E.01427
G1 X107.013 Y92.543 E.01428
G1 X107.295 Y93.008 E.01428
G1 X107.645 Y93.424 E.01428
G1 X108.057 Y93.779 E.01428
G1 X108.518 Y94.065 E.01427
G1 X109.019 Y94.276 E.01428
G1 X109.547 Y94.406 E.01428
G1 X110.089 Y94.452 E.01428
G1 X110.144 Y94.448 E.00145
G1 E-1.75
;WIPE_START
G1 X110.631 Y94.412 E-.36611
G1 X111.129 Y94.296 E-.38389
;WIPE_END
G1 X111.547 Y98.089 Z2.84 F18000
G1 X112.7 Y108.577 Z2.84
G1 X112.729 Y108.975
G1 X112.718 Y111.032
G1 X112.684 Y111.43
G1 X112.582 Y111.845
G1 X112.416 Y112.239
G1 X112.19 Y112.603
G1 X111.911 Y112.926
G1 X111.584 Y113.202
G1 X111.218 Y113.424
G1 X110.822 Y113.585
G1 X110.405 Y113.683
G1 X110.011 Y113.711
G1 X109.981 Y113.299
G1 Z2.64
G1 E2.5 F6000
M204 P1000
;TYPE:Outer wall
;WIDTH:0.42
G1 F3600
G1 X110.343 Y113.272 E.00884
G1 X110.696 Y113.19 E.00884
G1 X111.032 Y113.053 E.00884
G1 X111.149 Y112.982 E.00335
G1 X111.342 Y112.865 E.00549
G1 X111.619 Y112.631 E.00884
G1 X111.856 Y112.357 E.00884
G1 X112.047 Y112.049 E.00884
G1 X112.188 Y111.715 E.00884
G1 X112.275 Y111.362 E.00884
G1 X112.304 Y111.013 E.00854
G1 X112.316 Y108.989 E.04934
G1 X112.29 Y108.64 E.00854
G1 X112.208 Y108.286 E.00884
G1 X112.071 Y107.951 E.00884
G1 X111.883 Y107.64 E.00884
G1 X111.649 Y107.363 E.00884
G1 X111.375 Y107.126 E.00884
G1 X111.067 Y106.935 E.00884
G1 X110.732 Y106.794 E.00884
G1 X110.38 Y106.708 E.00884
G1 X110.019 Y106.677 E.00884
G1 X109.882 Y106.687 E.00335
G1 X109.657 Y106.703 E.00549
G1 X109.304 Y106.786 E.00884
G1 X108.968 Y106.923 E.00884
G1 X108.658 Y107.111 E.00884
G1 X108.381 Y107.345 E.00884
G1 X108.144 Y107.619 E.00884
G1 X107.953 Y107.927 E.00884
G1 X107.812 Y108.261 E.00884
G1 X107.725 Y108.613 E.00884
G1 X107.696 Y108.963 E.00854
G1 X107.684 Y110.987 E.04934
G1 X107.71 Y111.336 E.00854
G1 X107.792 Y111.69 E.00884
G1 X107.929 Y112.025 E.00884
G1 X108.117 Y112.336 E.00884
G1 X108.351 Y112.613 E.00884
G1 X108.625 Y112.85 E.00884
G1 X108.933 Y113.041 E.00884
G1 X109.268 Y113.182 E.00884
G1 X109.62 Y113.268 E.00884
G1 X109.921 Y113.294 E.00738
G1 X109.886 Y113.706 F18000
G1 X109.979 Y113.714
G1 X110.008 Y113.712
G1 X110.007 Y113.699
M204 P1500
;TYPE:Inner wall
;WIDTH:0.45
G1 F6000
G1 X110.403 Y113.67 E.01045
G1 X110.818 Y113.573 E.01118
G1 X111.212 Y113.412 E.01118
G1 X111.357 Y113.325 E.00444
G1 X111.576 Y113.192 E.00675
G1 X111.902 Y112.917 E.01118
G1 X112.18 Y112.595 E.01118
G1 X112.404 Y112.233 E.01118
G1 X112.57 Y111.841 E.01118
G1 X112.671 Y111.428 E.01118
G1 X112.705 Y111.031 E.01045
G1 X112.716 Y108.976 E.054
G1 X112.688 Y108.579 E.01045
G1 X112.591 Y108.164 E.01118
G1 X112.43 Y107.77 E.01118
G1 X112.21 Y107.406 E.01118
G1 X111.935 Y107.081 E.01118
G1 X111.613 Y106.802 E.01118
G1 X111.251 Y106.578 E.01118
G1 X110.859 Y106.413 E.01118
G1 X110.445 Y106.311 E.01118
G1 X110.021 Y106.275 E.01118
G1 X109.853 Y106.287 E.00444
G1 X109.597 Y106.306 E.00675
G1 X109.182 Y106.403 E.01118
G1 X108.788 Y106.564 E.01118
G1 X108.424 Y106.784 E.01118
G1 X108.098 Y107.059 E.01118
G1 X107.82 Y107.381 E.01118
G1 X107.596 Y107.743 E.01118
G1 X107.43 Y108.135 E.01118
G1 X107.329 Y108.548 E.01118
G1 X107.295 Y108.945 E.01045
G1 X107.284 Y111 E.054
G1 X107.312 Y111.397 E.01045
G1 X107.409 Y111.812 E.01118
G1 X107.57 Y112.206 E.01118
G1 X107.79 Y112.57 E.01118
G1 X108.065 Y112.895 E.01118
G1 X108.387 Y113.174 E.01118
G1 X108.749 Y113.398 E.01118
G1 X109.141 Y113.563 E.01118
G1 X109.555 Y113.665 E.01118
G1 X109.947 Y113.698 E.01034
G1 X110.033 Y114.114 F18000
G1 F6000
G1 X110.466 Y114.082 E.0114
G1 X110.944 Y113.97 E.0129
G1 X111.399 Y113.785 E.0129
G1 X111.572 Y113.68 E.0053
G1 X111.819 Y113.53 E.0076
G1 X112.195 Y113.214 E.0129
G1 X112.516 Y112.842 E.0129
G1 X112.775 Y112.425 E.0129
G1 X112.965 Y111.972 E.0129
G1 X113.083 Y111.495 E.0129
G1 X113.12 Y111.05 E.01173
G1 X113.132 Y108.962 E.05486
G1 X113.1 Y108.516 E.01174
G1 X112.988 Y108.038 E.0129
G1 X112.802 Y107.583 E.0129
G1 X112.548 Y107.163 E.0129
G1 X112.231 Y106.788 E.0129
G1 X111.86 Y106.466 E.0129
G1 X111.443 Y106.207 E.0129
G1 X110.99 Y106.017 E.0129
G1 X110.513 Y105.9 E.0129
G1 X110.024 Y105.858 E.0129
G1 X109.823 Y105.873 E.0053
G1 X109.534 Y105.894 E.0076
G1 X109.056 Y106.006 E.0129
G1 X108.601 Y106.191 E.0129
G1 X108.181 Y106.445 E.0129
G1 X107.805 Y106.762 E.0129
G1 X107.484 Y107.134 E.0129
G1 X107.225 Y107.551 E.0129
G1 X107.035 Y108.004 E.0129
G1 X106.917 Y108.481 E.0129
G1 X106.88 Y108.926 E.01173
G1 X106.868 Y111.014 E.05486
G1 X106.9 Y111.46 E.01174
G1 X107.012 Y111.938 E.0129
G1 X107.198 Y112.393 E.0129
G1 X107.452 Y112.813 E.0129
G1 X107.769 Y113.188 E.0129
G1 X108.14 Y113.509 E.0129
G1 X108.557 Y113.768 E.0129
G1 X109.01 Y113.959 E.0129
G1 X109.487 Y114.076 E.0129
G1 X109.973 Y114.117 E.01282
G1 X110.06 Y114.528 F18000
G1 F6000
G1 X110.529 Y114.494 E.01236
G1 X111.071 Y114.367 E.01462
G1 X111.586 Y114.157 E.01462
G1 X112.063 Y113.869 E.01462
G1 X112.488 Y113.51 E.01462
G1 X112.852 Y113.089 E.01462
G1 X113.145 Y112.616 E.01462
G1 X113.361 Y112.103 E.01462
G1 X113.494 Y111.563 E.01462
G1 X113.536 Y111.069 E.01302
G1 X113.548 Y108.948 E.05572
G1 X113.512 Y108.453 E.01302
G1 X113.385 Y107.911 E.01462
G1 X113.175 Y107.396 E.01462
G1 X112.887 Y106.92 E.01462
G1 X112.528 Y106.494 E.01462
G1 X112.107 Y106.131 E.01462
G1 X111.634 Y105.837 E.01462
G1 X111.121 Y105.621 E.01462
G1 X110.581 Y105.488 E.01462
G1 X110.026 Y105.441 E.01462
G1 X109.792 Y105.458 E.00616
G1 X109.471 Y105.482 E.00846
G1 X108.929 Y105.609 E.01462
G1 X108.414 Y105.819 E.01462
G1 X107.937 Y106.107 E.01462
G1 X107.512 Y106.466 E.01462
G1 X107.148 Y106.887 E.01462
G1 X106.855 Y107.36 E.01462
G1 X106.639 Y107.873 E.01462
G1 X106.506 Y108.413 E.01462
G1 X106.464 Y108.907 E.01302
G1 X106.452 Y111.028 E.05572
G1 X106.488 Y111.523 E.01302
G1 X106.615 Y112.065 E.01462
G1 X106.825 Y112.58 E.01462
G1 X107.113 Y113.056 E.01462
G1 X107.472 Y113.482 E.01462
G1 X107.893 Y113.845 E.01462
G1 X108.366 Y114.139 E.01462
G1 X108.879 Y114.355 E.01462
G1 X109.419 Y114.488 E.01462
G1 X109.974 Y114.535 E.01462
G1 X110 Y114.533 E.00069
G1 X110.086 Y114.943 F18000
G1 F6000
G1 X110.592 Y114.906 E.01331
G1 X111.198 Y114.765 E.01634
G1 X111.774 Y114.53 E.01634
G1 X112.306 Y114.208 E.01634
G1 X112.781 Y113.807 E.01634
G1 X113.188 Y113.336 E.01634
G1 X113.516 Y112.808 E.01634
G1 X113.757 Y112.234 E.01634
G1 X113.906 Y111.63 E.01634
G1 X113.951 Y111.087 E.01431
G1 X113.964 Y108.934 E.05657
G1 X113.924 Y108.39 E.01431
G1 X113.782 Y107.785 E.01634
G1 X113.548 Y107.209 E.01634
G1 X113.226 Y106.677 E.01634
G1 X112.824 Y106.201 E.01634
G1 X112.354 Y105.795 E.01634
G1 X111.825 Y105.467 E.01634
G1 X111.252 Y105.225 E.01634
G1 X110.648 Y105.077 E.01634
G1 X110.028 Y105.024 E.01634
G1 X109.762 Y105.044 E.00701
G1 X109.408 Y105.07 E.00932
G1 X108.802 Y105.211 E.01634
G1 X108.226 Y105.446 E.01634
G1 X107.694 Y105.768 E.01634
G1 X107.219 Y106.169 E.01634
G1 X106.812 Y106.64 E.01634
G1 X106.484 Y107.168 E.01634
G1 X106.243 Y107.742 E.01634
G1 X106.094 Y108.346 E.01634
G1 X106.049 Y108.888 E.01431
G1 X106.036 Y111.042 E.05657
G1 X106.076 Y111.586 E.01431
G1 X106.218 Y112.191 E.01634
G1 X106.452 Y112.767 E.01634
G1 X106.774 Y113.299 E.01634
G1 X107.176 Y113.775 E.01634
G1 X107.646 Y114.181 E.01634
G1 X108.175 Y114.509 E.01634
G1 X108.748 Y114.751 E.01634
G1 X109.352 Y114.899 E.01634
G1 X109.972 Y114.952 E.01634
G1 X110.027 Y114.948 E.00145
G1 X114.065 Y112.42 F18000
M204 P2000
;TYPE:Sparse infill
G1 F7597.235
G1 X113.833 Y112.971 E.01572
G1 X113.475 Y113.547 E.01781
G1 X113.032 Y114.06 E.01781
G1 X112.514 Y114.498 E.01781
G1 X111.934 Y114.849 E.01781
G1 X111.225 Y115.123 E.01998
G1 X101.126 Y125.222 E.37514
G1 X101.135 Y123.626 E.04193
G1 X109.493 Y115.268 E.31047
G1 X109.294 Y115.251 E.00524
G1 X108.636 Y115.089 E.01781
G1 X108.248 Y114.926 E.01106
G1 X101.144 Y122.029 E.26388
G1 X101.153 Y120.433 E.04193
G1 X107.265 Y114.322 E.22703
G1 X106.922 Y114.025 E.0119
G1 X106.488 Y113.511 E.01767
G1 X101.163 Y118.837 E.19783
G1 X101.172 Y117.241 E.04193
G1 X105.946 Y112.466 E.17735
G1 X105.878 Y112.3 E.00473
G1 X105.723 Y111.639 E.01781
G1 X105.687 Y111.138 E.0132
G1 X101.181 Y115.644 E.16739
G1 X101.19 Y114.048 E.04193
G1 X105.689 Y109.549 E.16714
G1 X105.693 Y108.872 E.01776
G1 X105.742 Y108.288 E.01541
G1 X105.866 Y107.784 E.01362
G1 X101.199 Y112.452 E.17338
G1 X101.208 Y110.855 E.04193
G1 X118.883 Y93.181 E.65658
G1 X118.874 Y94.777 E.04193
G1 X108.805 Y104.846 E.37403
G1 X108.694 Y104.872 E.003
G1 X108.066 Y105.127 E.01781
G1 X107.486 Y105.478 E.01781
G1 X106.968 Y105.916 E.01781
G1 X106.525 Y106.429 E.01781
G1 X106.168 Y107.005 E.01781
G1 X105.923 Y107.585 E.01654
G1 X118.911 Y88.184 F18000
G1 F7597.235
G1 X118.919 Y86.796 E.03647
G1 X113.804 Y91.911 E.19004
G1 X113.878 Y91.608 E.00822
G1 X113.921 Y91.101 E.01336
G1 X113.926 Y90.202 E.02363
G1 X118.929 Y85.199 E.18582
G1 X118.938 Y83.603 E.04193
G1 X113.912 Y88.628 E.18668
G1 X113.897 Y88.412 E.00569
G1 X113.76 Y87.829 E.01574
G1 X113.576 Y87.377 E.0128
G1 X118.947 Y82.007 E.19951
G1 X118.956 Y80.41 E.04193
G1 X112.941 Y86.426 E.22345
G1 X112.837 Y86.302 E.00424
G1 X112.383 Y85.91 E.01575
G1 X112.066 Y85.713 E.00981
G1 X117.535 Y80.244 E.20319
G1 X115.957 Y80.235 E.04145
G1 X110.927 Y85.265 E.18686
G1 X110.693 Y85.207 E.00633
G1 X110.002 Y85.178 E.01816
G1 X109.544 Y85.212 E.01208
G1 X109.347 Y85.258 E.00531
G1 X114.379 Y80.226 E.18693
G1 X112.801 Y80.217 E.04145
G1 X101.318 Y91.7 E.42659
G1 X101.327 Y90.104 E.04193
G1 X111.223 Y80.208 E.36762
G1 X109.645 Y80.199 E.04145
G1 X101.336 Y88.508 E.30866
G1 X101.345 Y86.911 E.04193
G1 X108.067 Y80.19 E.2497
G1 X106.488 Y80.181 E.04145
G1 X101.354 Y85.315 E.19073
G1 X101.363 Y83.719 E.04193
G1 X104.91 Y80.172 E.13177
G1 X104.087 Y80.167 E.02163
G1 X101.368 Y82.855 E.10043
G1 X101.364 Y83.511 E.01723
G1 X101.316 Y91.908 F18000
G1 F7597.235
G1 X101.308 Y93.296 E.03647
G1 X106.387 Y88.217 E.18867
G1 X106.35 Y88.369 E.0041
G1 X106.307 Y88.876 E.01336
G1 X106.302 Y89.89 E.02666
G1 X101.299 Y94.893 E.18582
G1 X101.29 Y96.489 E.04193
G1 X106.324 Y91.455 E.18699
G1 X106.332 Y91.564 E.00288
G1 X106.468 Y92.148 E.01574
G1 X106.686 Y92.681 E.01511
G1 X101.281 Y98.085 E.20077
G1 X101.272 Y99.682 E.04193
G1 X107.34 Y93.613 E.22542
G1 X107.846 Y94.066 E.01782
G1 X108.234 Y94.307 E.012
G1 X101.263 Y101.278 E.25895
G1 X101.254 Y102.874 E.04193
G1 X109.393 Y94.734 E.30237
G1 X109.489 Y94.758 E.0026
G1 X110.087 Y94.809 E.01575
G1 X110.685 Y94.765 E.01575
G1 X111.031 Y94.684 E.00935
G1 X101.245 Y104.47 E.36355
G1 X101.235 Y106.067 E.04193
G1 X118.91 Y88.392 E.65658
G1 X118.901 Y89.988 E.04193
G1 X101.226 Y107.663 E.65658
G1 X101.217 Y109.259 E.04193
G1 X118.892 Y91.584 E.65658
G1 X118.884 Y92.973 E.03647
G1 X118.857 Y97.762 F18000
G1 F7597.235
G1 X118.865 Y96.373 E.03647
G1 X110.528 Y104.71 E.30968
G1 X110.706 Y104.725 E.00469
G1 X111.364 Y104.887 E.01781
G1 X111.768 Y105.057 E.01151
G1 X118.856 Y97.969 E.26328
G1 X118.846 Y99.566 E.04193
G1 X112.747 Y105.665 E.22657
G1 X113.078 Y105.951 E.01148
G1 X113.521 Y106.478 E.0181
G1 X118.837 Y101.162 E.19748
G1 X118.828 Y102.758 E.04193
G1 X114.061 Y107.526 E.1771
G1 X114.122 Y107.676 E.00427
G1 X114.277 Y108.337 E.01781
G1 X114.315 Y108.859 E.01376
G1 X118.819 Y104.355 E.16733
G1 X118.81 Y105.951 E.04193
G1 X114.311 Y110.45 E.16714
G1 X114.307 Y111.103 E.01716
G1 X114.258 Y111.688 E.01541
G1 X114.126 Y112.222 E.01444
G1 X118.801 Y107.547 E.17366
G1 X118.793 Y108.936 E.03647
G1 X118.766 Y113.724 F18000
G1 F7597.235
G1 X118.774 Y112.336 E.03647
G1 X101.099 Y130.011 E.65658
G1 X101.108 Y128.415 E.04193
G1 X118.783 Y110.74 E.65658
G1 X118.792 Y109.143 E.04193
G1 X101.117 Y126.818 E.65658
G1 X101.125 Y125.43 E.03647
G1 X104.273 Y139.743 F18000
G1 F7597.235
G1 X105.644 Y139.75 E.036
G1 X109.607 Y135.787 E.14722
G1 X109.099 Y135.744 E.01339
G1 X108.364 Y135.563 E.01986
G1 X108.279 Y135.528 E.00243
G1 X104.065 Y139.741 E.15653
G1 X102.487 Y139.732 E.04145
G1 X107.224 Y134.995 E.17598
G1 X107.025 Y134.871 E.00618
G1 X106.452 Y134.377 E.01986
G1 X106.362 Y134.27 E.00366
G1 X101.044 Y139.588 E.19756
G1 X101.053 Y137.992 E.04193
G1 X105.694 Y133.352 E.17239
G1 X105.573 Y133.151 E.00615
G1 X105.287 Y132.451 E.01987
G1 X105.234 Y132.224 E.00612
G1 X101.062 Y136.396 E.15498
G1 X101.07 Y135.007 E.03647
G1 X101.098 Y130.219 F18000
G1 F7597.235
G1 X101.09 Y131.607 E.03647
G1 X105.382 Y127.315 E.15944
G1 X105.316 Y127.472 E.00448
G1 X105.135 Y128.206 E.01987
G1 X105.079 Y128.869 E.01748
G1 X105.077 Y129.207 E.00887
G1 X101.08 Y133.203 E.14846
G1 X101.071 Y134.8 E.04193
G1 X105.068 Y130.803 E.14846
G1 X105.076 Y129.415 E.03647
G1 X105.462 Y127.123 F18000
G1 F7597.235
G1 X105.609 Y126.775 E.00993
G1 X106.008 Y126.132 E.01987
G1 X106.503 Y125.56 E.01987
G1 X107.081 Y125.072 E.01987
G1 X107.728 Y124.68 E.01987
G1 X108.215 Y124.482 E.01382
G1 X118.764 Y113.932 E.39189
G1 X118.755 Y115.529 E.04193
G1 X110.101 Y124.183 E.32149
G1 X110.673 Y124.231 E.01507
G1 X111.444 Y124.427 E.02089
G1 X118.746 Y117.125 E.27127
G1 X118.737 Y118.721 E.04193
G1 X112.505 Y124.954 E.23153
G1 X112.747 Y125.104 E.0075
G1 X113.319 Y125.598 E.01986
G1 X113.378 Y125.668 E.00238
G1 X118.728 Y120.317 E.19875
G1 X118.719 Y121.914 E.04193
G1 X114.052 Y126.581 E.17337
G1 X114.199 Y126.824 E.00747
G1 X114.484 Y127.524 E.01987
G1 X114.524 Y127.695 E.00461
G1 X118.71 Y123.51 E.15548
G1 X118.702 Y124.898 E.03647
G1 X118.674 Y129.687 F18000
G1 F7597.235
G1 X118.682 Y128.299 E.03647
G1 X114.44 Y132.541 E.15759
G1 X114.637 Y131.769 E.02093
G1 X114.693 Y131.106 E.01748
G1 X114.695 Y130.699 E.01069
G1 X118.691 Y126.702 E.14846
G1 X118.701 Y125.106 E.04193
G1 X114.704 Y129.103 E.14846
G1 X114.696 Y130.491 E.03647
G1 X114.359 Y132.733 F18000
G1 F7597.235
G1 X114.163 Y133.2 E.01333
G1 X113.764 Y133.843 E.01987
G1 X113.269 Y134.416 E.01987
G1 X112.691 Y134.904 E.01987
G1 X112.044 Y135.295 E.01987
G1 X111.44 Y135.541 E.01713
G1 X107.222 Y139.759 E.1567
G1 X108.8 Y139.768 E.04145
G1 X118.673 Y129.895 E.36678
G1 X118.664 Y131.491 E.04193
G1 X110.378 Y139.777 E.30781
G1 X111.956 Y139.786 E.04145
G1 X118.655 Y133.088 E.24885
G1 X118.647 Y134.476 E.03647
G1 X116.898 Y139.815 F18000
G1 F7597.235
G1 X118.269 Y139.822 E.036
G1 X118.619 Y139.473 E.01299
G1 X118.628 Y137.876 E.04193
G1 X116.691 Y139.813 E.07196
G1 X115.112 Y139.804 E.04145
G1 X118.637 Y136.28 E.13092
G1 X118.646 Y134.684 E.04193
G1 X113.534 Y139.795 E.18988
G1 X112.164 Y139.788 E.036
; stop printing object pigtail_slot_coupon.stl id:2099807082496 copy 0
M106 S127
;LAYER_CHANGE
;Z:2.8
;HEIGHT:0.16
G92 E0 ; zero the extruded length again
; BEFORE_LAYER_CHANGE 16 @ 2.8mm
G1 E-1.75 F6000
;WIPE_START
G1 F7597.235
G1 X113.164 Y139.793 E-.75
;WIPE_END
; AFTER_LAYER_CHANGE 16 @ 2.8mm
;_SET_FAN_SPEED_CHANGING_LAYER
; printing object pigtail_slot_coupon.stl id:2099807082496 copy 0
G1 F18000
G1 X113.574 Y140.126 Z2.82857
G1 X113.569 Y140.654 Z2.85714
G1 X113.153 Y140.98 Z2.88571
G1 X112.639 Y140.858 Z2.91429
G1 X112.415 Y140.38 Z2.94286
G1 X112.648 Y139.906 Z2.97143
G1 X113.164 Y139.793 Z3
G1 X120.012 Y141.422 Z3
G1 X120.197 Y141.423
G1 X120.608 Y141.839
G1 Z2.8
G1 E2.5 F6000
M204 P1000
;TYPE:Outer wall
;WIDTH:0.42
G1 F3600
G1 X99.029 Y141.716 E.52594
G1 X99.37 Y82.014 E1.45507
G1 X103.269 Y78.159 E.13363
G1 X108.942 Y78.191 E.13826
G1 X120.971 Y78.26 E.29319
G1 X120.609 Y141.779 E1.54809
G1 X120.197 Y141.423 F18000
G1 X120.21 Y141.436
M204 P1500
;TYPE:Inner wall
;WIDTH:0.45
G1 F6000
G1 X99.432 Y141.317 E.54581
G1 X99.769 Y82.182 E1.55337
G1 X103.432 Y78.561 E.1353
G1 X108.939 Y78.592 E.14466
G1 X120.568 Y78.658 E.30547
G1 X120.21 Y141.376 E1.64747
G1 X119.797 Y141.018 F18000
G1 F6000
G1 X99.85 Y140.904 E.52397
G1 X100.184 Y82.357 E1.53793
G1 X103.602 Y78.977 E.12626
G1 X108.937 Y79.008 E.14013
G1 X120.15 Y79.072 E.29456
G1 X119.797 Y140.958 E1.62563
G1 X119.383 Y140.6 F18000
G1 F6000
G1 X100.268 Y140.491 E.50213
G1 X100.599 Y82.531 E1.52249
G1 X103.772 Y79.394 E.11721
G1 X108.935 Y79.423 E.13561
G1 X119.732 Y79.485 E.28364
G1 X119.384 Y140.54 E1.60379
G1 X118.97 Y140.182 F18000
G1 F6000
G1 X100.686 Y140.078 E.48029
G1 X101.013 Y82.706 E1.50705
G1 X103.942 Y79.811 E.10817
G1 X108.932 Y79.839 E.13109
G1 X119.314 Y79.898 E.27272
G1 X118.97 Y140.122 E1.58196
G1 E-1.75
;WIPE_START
G1 X117.97 Y140.12 E-.75
;WIPE_END
G1 X114.882 Y137.878 Z3 F18000
G1 X109.829 Y134.211 Z3
G1 X109.864 Y133.799
G1 Z2.8
G1 E2.5 F6000
M204 P1000
;TYPE:Outer wall
;WIDTH:0.42
G1 F3600
G1 X110.304 Y133.766 E.01075
G1 X110.733 Y133.666 E.01075
G1 X111.142 Y133.499 E.01075
G1 X111.519 Y133.271 E.01075
G1 X111.856 Y132.987 E.01075
G1 X112.145 Y132.653 E.01075
G1 X112.377 Y132.278 E.01075
G1 X112.548 Y131.871 E.01075
G1 X112.654 Y131.443 E.01075
G1 X112.69 Y131.016 E.01045
G1 X112.702 Y128.992 E.04934
G1 X112.67 Y128.564 E.01045
G1 X112.57 Y128.134 E.01075
G1 X112.403 Y127.726 E.01075
G1 X112.175 Y127.348 E.01075
G1 X111.89 Y127.011 E.01075
G1 X111.557 Y126.723 E.01075
G1 X111.182 Y126.49 E.01075
G1 X110.775 Y126.319 E.01075
G1 X110.347 Y126.214 E.01075
G1 X109.908 Y126.177 E.01075
G1 X109.758 Y126.188 E.00365
G1 X109.468 Y126.209 E.0071
G1 X109.038 Y126.309 E.01075
G1 X108.63 Y126.476 E.01075
G1 X108.252 Y126.704 E.01075
G1 X107.915 Y126.989 E.01075
G1 X107.627 Y127.322 E.01075
G1 X107.394 Y127.697 E.01075
G1 X107.223 Y128.104 E.01075
G1 X107.118 Y128.532 E.01075
G1 X107.082 Y128.959 E.01045
G1 X107.07 Y130.984 E.04934
G1 X107.101 Y131.412 E.01045
G1 X107.202 Y131.841 E.01075
G1 X107.368 Y132.249 E.01075
G1 X107.597 Y132.627 E.01075
G1 X107.881 Y132.964 E.01075
G1 X108.215 Y133.252 E.01075
G1 X108.59 Y133.485 E.01075
G1 X108.996 Y133.656 E.01075
G1 X109.424 Y133.761 E.01075
G1 X109.804 Y133.793 E.00929
G1 X109.769 Y134.206 F18000
G1 X109.862 Y134.213
G1 X109.891 Y134.211
G1 X109.89 Y134.198
M204 P1500
;TYPE:Inner wall
;WIDTH:0.45
G1 F6000
G1 X110.365 Y134.164 E.01251
G1 X110.855 Y134.049 E.01324
G1 X111.322 Y133.859 E.01324
G1 X111.754 Y133.598 E.01324
G1 X112.139 Y133.272 E.01324
G1 X112.468 Y132.891 E.01324
G1 X112.734 Y132.463 E.01324
G1 X112.93 Y131.998 E.01324
G1 X113.05 Y131.508 E.01324
G1 X113.091 Y131.034 E.01251
G1 X113.102 Y128.978 E.054
G1 X113.068 Y128.503 E.01251
G1 X112.953 Y128.012 E.01324
G1 X112.762 Y127.545 E.01324
G1 X112.501 Y127.114 E.01324
G1 X112.176 Y126.729 E.01324
G1 X111.795 Y126.399 E.01324
G1 X111.366 Y126.133 E.01324
G1 X110.902 Y125.938 E.01324
G1 X110.412 Y125.817 E.01324
G1 X109.91 Y125.775 E.01324
G1 X109.729 Y125.788 E.00477
G1 X109.407 Y125.812 E.00848
G1 X108.916 Y125.926 E.01324
G1 X108.449 Y126.117 E.01324
G1 X108.018 Y126.378 E.01324
G1 X107.633 Y126.703 E.01324
G1 X107.303 Y127.084 E.01324
G1 X107.037 Y127.513 E.01324
G1 X106.842 Y127.977 E.01324
G1 X106.721 Y128.467 E.01324
G1 X106.681 Y128.941 E.01251
G1 X106.669 Y130.997 E.054
G1 X106.704 Y131.472 E.01251
G1 X106.819 Y131.963 E.01324
G1 X107.009 Y132.43 E.01324
G1 X107.27 Y132.861 E.01324
G1 X107.595 Y133.247 E.01324
G1 X107.977 Y133.576 E.01324
G1 X108.405 Y133.842 E.01324
G1 X108.87 Y134.037 E.01324
G1 X109.359 Y134.158 E.01324
G1 X109.83 Y134.198 E.0124
G1 X109.802 Y134.613 F18000
G1 F6000
G1 X109.859 Y134.617 E.0015
G1 X110.427 Y134.576 E.01496
G1 X110.982 Y134.446 E.01496
G1 X111.509 Y134.231 E.01496
G1 X111.997 Y133.936 E.01496
G1 X112.432 Y133.569 E.01496
G1 X112.804 Y133.138 E.01496
G1 X113.105 Y132.654 E.01496
G1 X113.326 Y132.129 E.01496
G1 X113.462 Y131.576 E.01496
G1 X113.506 Y131.053 E.0138
G1 X113.518 Y128.964 E.05486
G1 X113.48 Y128.44 E.0138
G1 X113.35 Y127.886 E.01496
G1 X113.135 Y127.358 E.01496
G1 X112.84 Y126.871 E.01496
G1 X112.473 Y126.436 E.01496
G1 X112.042 Y126.063 E.01496
G1 X111.558 Y125.763 E.01496
G1 X111.033 Y125.542 E.01496
G1 X110.48 Y125.406 E.01496
G1 X109.912 Y125.358 E.01496
G1 X109.699 Y125.374 E.00563
G1 X109.344 Y125.399 E.00934
G1 X108.79 Y125.529 E.01496
G1 X108.262 Y125.744 E.01496
G1 X107.775 Y126.039 E.01496
G1 X107.34 Y126.406 E.01496
G1 X106.967 Y126.837 E.01496
G1 X106.667 Y127.321 E.01496
G1 X106.446 Y127.846 E.01496
G1 X106.31 Y128.399 E.01496
G1 X106.265 Y128.923 E.0138
G1 X106.254 Y131.011 E.05486
G1 X106.292 Y131.535 E.0138
G1 X106.422 Y132.089 E.01496
G1 X106.637 Y132.617 E.01496
G1 X106.931 Y133.104 E.01496
G1 X107.299 Y133.54 E.01496
G1 X107.73 Y133.912 E.01496
G1 X108.214 Y134.212 E.01496
G1 X108.739 Y134.433 E.01496
G1 X109.292 Y134.569 E.01496
G1 X109.743 Y134.608 E.01189
G1 X109.943 Y135.028 F18000
G1 F6000
G1 X110.49 Y134.988 E.01442
G1 X111.109 Y134.843 E.01668
G1 X111.697 Y134.604 E.01668
G1 X112.24 Y134.275 E.01668
G1 X112.725 Y133.866 E.01668
G1 X113.14 Y133.385 E.01668
G1 X113.475 Y132.845 E.01668
G1 X113.722 Y132.26 E.01668
G1 X113.873 Y131.644 E.01668
G1 X113.922 Y131.071 E.01508
G1 X113.934 Y128.95 E.05572
G1 X113.892 Y128.377 E.01509
G1 X113.747 Y127.759 E.01668
G1 X113.508 Y127.171 E.01668
G1 X113.179 Y126.628 E.01668
G1 X112.769 Y126.142 E.01668
G1 X112.289 Y125.727 E.01668
G1 X111.749 Y125.393 E.01668
G1 X111.164 Y125.146 E.01668
G1 X110.547 Y124.994 E.01668
G1 X109.915 Y124.941 E.01668
G1 X109.668 Y124.959 E.00649
G1 X109.281 Y124.987 E.01019
G1 X108.663 Y125.132 E.01668
G1 X108.075 Y125.372 E.01668
G1 X107.532 Y125.7 E.01668
G1 X107.046 Y126.11 E.01668
G1 X106.631 Y126.59 E.01668
G1 X106.296 Y127.13 E.01668
G1 X106.05 Y127.715 E.01668
G1 X105.898 Y128.332 E.01668
G1 X105.85 Y128.904 E.01508
G1 X105.838 Y131.025 E.05572
G1 X105.88 Y131.598 E.01509
G1 X106.024 Y132.216 E.01668
G1 X106.264 Y132.804 E.01668
G1 X106.593 Y133.348 E.01668
G1 X107.002 Y133.833 E.01668
G1 X107.483 Y134.248 E.01668
G1 X108.022 Y134.583 E.01668
G1 X108.608 Y134.829 E.01668
G1 X109.224 Y134.981 E.01668
G1 X109.857 Y135.034 E.01668
G1 X109.883 Y135.032 E.00069
G1 X109.97 Y135.443 F18000
G1 F6000
G1 X110.553 Y135.4 E.01537
G1 X111.235 Y135.241 E.0184
G1 X111.884 Y134.976 E.0184
G1 X112.483 Y134.614 E.0184
G1 X113.018 Y134.162 E.0184
G1 X113.476 Y133.632 E.0184
G1 X113.846 Y133.037 E.0184
G1 X114.117 Y132.391 E.0184
G1 X114.285 Y131.711 E.0184
G1 X114.337 Y131.09 E.01637
G1 X114.35 Y128.936 E.05657
G1 X114.304 Y128.315 E.01637
G1 X114.145 Y127.633 E.01839
G1 X113.88 Y126.984 E.0184
G1 X113.518 Y126.385 E.0184
G1 X113.066 Y125.849 E.0184
G1 X112.536 Y125.391 E.0184
G1 X111.941 Y125.022 E.0184
G1 X111.295 Y124.75 E.0184
G1 X110.615 Y124.583 E.0184
G1 X109.917 Y124.524 E.0184
G1 X109.638 Y124.544 E.00735
G1 X109.218 Y124.575 E.01105
G1 X108.536 Y124.735 E.0184
G1 X107.888 Y124.999 E.0184
G1 X107.289 Y125.362 E.0184
G1 X106.753 Y125.813 E.0184
G1 X106.295 Y126.343 E.0184
G1 X105.926 Y126.939 E.0184
G1 X105.654 Y127.584 E.0184
G1 X105.487 Y128.264 E.0184
G1 X105.434 Y128.885 E.01637
G1 X105.422 Y131.039 E.05657
G1 X105.467 Y131.661 E.01637
G1 X105.627 Y132.343 E.01839
G1 X105.891 Y132.991 E.0184
G1 X106.254 Y133.591 E.0184
G1 X106.706 Y134.126 E.0184
G1 X107.236 Y134.584 E.0184
G1 X107.831 Y134.953 E.0184
G1 X108.477 Y135.225 E.0184
G1 X109.157 Y135.392 E.0184
G1 X109.855 Y135.451 E.0184
G1 X109.91 Y135.447 E.00145
G1 E-1.75
;WIPE_START
G1 X110.553 Y135.4 E-.4839
G1 X110.899 Y135.319 E-.2661
;WIPE_END
G1 X112.479 Y132.899 Z3 F18000
G1 X112.746 Y132.469
G1 X112.942 Y132.002
G1 X113.063 Y131.51
G1 X113.103 Y131.034
G1 X113.115 Y128.978
G1 X112.729 Y108.975
G1 X112.7 Y108.577
G1 X112.603 Y108.16
G1 X112.441 Y107.764
G1 X112.22 Y107.398
G1 X111.944 Y107.072
G1 X111.62 Y106.792
G1 X111.257 Y106.566
G1 X110.863 Y106.4
G1 X110.447 Y106.298
G1 X110.352 Y106.29
G1 X110.128 Y93.212
G1 X110.098 Y92.799
G1 Z2.8
G1 E2.5 F6000
M204 P1000
;TYPE:Outer wall
;WIDTH:0.42
G1 F3600
G1 X110.382 Y92.778 E.00693
G1 X110.658 Y92.714 E.00693
G1 X110.921 Y92.606 E.00693
G1 X111.165 Y92.459 E.00692
G1 X111.382 Y92.276 E.00692
G1 X111.567 Y92.061 E.00693
G1 X111.717 Y91.82 E.00693
G1 X111.828 Y91.558 E.00693
G1 X111.896 Y91.282 E.00692
G1 X111.918 Y91.011 E.00663
G1 X111.93 Y88.986 E.04934
G1 X111.91 Y88.715 E.00663
G1 X111.845 Y88.439 E.00692
G1 X111.738 Y88.175 E.00693
G1 X111.591 Y87.932 E.00693
G1 X111.408 Y87.715 E.00693
G1 X111.193 Y87.529 E.00692
G1 X110.951 Y87.379 E.00692
G1 X110.689 Y87.269 E.00693
G1 X110.409 Y87.2 E.00703
G1 X110.043 Y87.184 E.00893
G1 X109.847 Y87.198 E.0048
G1 X109.57 Y87.263 E.00693
G1 X109.307 Y87.37 E.00693
G1 X109.064 Y87.517 E.00692
G1 X108.847 Y87.7 E.00692
G1 X108.661 Y87.915 E.00693
G1 X108.511 Y88.157 E.00693
G1 X108.401 Y88.419 E.00693
G1 X108.333 Y88.695 E.00692
G1 X108.31 Y88.966 E.00663
G1 X108.298 Y90.99 E.04934
G1 X108.318 Y91.261 E.00663
G1 X108.383 Y91.538 E.00692
G1 X108.49 Y91.801 E.00693
G1 X108.637 Y92.044 E.00693
G1 X108.821 Y92.262 E.00693
G1 X109.036 Y92.447 E.00692
G1 X109.277 Y92.597 E.00692
G1 X109.539 Y92.707 E.00693
G1 X109.815 Y92.775 E.00693
G1 X110.038 Y92.794 E.00546
G1 X110.003 Y93.206 F18000
G1 X110.096 Y93.214
G1 X110.125 Y93.212
G1 X110.124 Y93.199
M204 P1500
;TYPE:Inner wall
;WIDTH:0.45
G1 F6000
G1 X110.442 Y93.176 E.00838
G1 X110.78 Y93.097 E.00912
G1 X111.102 Y92.966 E.00912
G1 X111.399 Y92.786 E.00912
G1 X111.664 Y92.562 E.00912
G1 X111.891 Y92.299 E.00912
G1 X112.074 Y92.004 E.00912
G1 X112.209 Y91.684 E.00912
G1 X112.292 Y91.347 E.00912
G1 X112.319 Y91.029 E.00839
G1 X112.331 Y88.973 E.054
G1 X112.307 Y88.655 E.00839
G1 X112.228 Y88.317 E.00912
G1 X112.097 Y87.995 E.00912
G1 X111.918 Y87.698 E.00912
G1 X111.694 Y87.432 E.00912
G1 X111.431 Y87.206 E.00912
G1 X111.136 Y87.022 E.00912
G1 X110.816 Y86.888 E.00912
G1 X110.467 Y86.802 E.00944
G1 X110.038 Y86.782 E.01129
G1 X109.786 Y86.801 E.00662
G1 X109.448 Y86.88 E.00912
G1 X109.127 Y87.011 E.00912
G1 X108.83 Y87.191 E.00912
G1 X108.564 Y87.415 E.00912
G1 X108.337 Y87.677 E.00912
G1 X108.154 Y87.972 E.00912
G1 X108.019 Y88.293 E.00912
G1 X107.936 Y88.63 E.00912
G1 X107.909 Y88.948 E.00839
G1 X107.898 Y91.004 E.054
G1 X107.921 Y91.322 E.00839
G1 X108 Y91.66 E.00912
G1 X108.131 Y91.982 E.00912
G1 X108.311 Y92.279 E.00912
G1 X108.535 Y92.544 E.00912
G1 X108.798 Y92.771 E.00912
G1 X109.093 Y92.954 E.00912
G1 X109.413 Y93.089 E.00912
G1 X109.75 Y93.172 E.00912
G1 X110.064 Y93.198 E.00828
G1 X110.15 Y93.614 F18000
G1 F6000
G1 X110.505 Y93.588 E.00934
G1 X110.907 Y93.494 E.01084
G1 X111.289 Y93.338 E.01084
G1 X111.642 Y93.125 E.01084
G1 X111.957 Y92.859 E.01084
G1 X112.227 Y92.546 E.01084
G1 X112.445 Y92.196 E.01084
G1 X112.605 Y91.815 E.01084
G1 X112.704 Y91.415 E.01084
G1 X112.735 Y91.048 E.00968
G1 X112.746 Y88.959 E.05486
G1 X112.72 Y88.592 E.00968
G1 X112.626 Y88.19 E.01084
G1 X112.47 Y87.808 E.01084
G1 X112.256 Y87.455 E.01084
G1 X111.99 Y87.139 E.01084
G1 X111.678 Y86.87 E.01084
G1 X111.327 Y86.652 E.01084
G1 X110.947 Y86.492 E.01084
G1 X110.526 Y86.388 E.01137
G1 X110.032 Y86.366 E.01301
G1 X109.723 Y86.389 E.00812
G1 X109.322 Y86.483 E.01084
G1 X108.939 Y86.638 E.01084
G1 X108.586 Y86.852 E.01084
G1 X108.271 Y87.118 E.01084
G1 X108.001 Y87.43 E.01084
G1 X107.784 Y87.781 E.01084
G1 X107.624 Y88.161 E.01084
G1 X107.525 Y88.562 E.01084
G1 X107.494 Y88.929 E.00968
G1 X107.482 Y91.018 E.05486
G1 X107.509 Y91.385 E.00968
G1 X107.603 Y91.787 E.01084
G1 X107.759 Y92.169 E.01084
G1 X107.972 Y92.522 E.01084
G1 X108.238 Y92.837 E.01084
G1 X108.551 Y93.107 E.01084
G1 X108.901 Y93.325 E.01084
G1 X109.282 Y93.485 E.01084
G1 X109.682 Y93.583 E.01084
G1 X110.091 Y93.618 E.01076
G1 X110.177 Y94.029 F18000
G1 F6000
G1 X110.568 Y94 E.01029
G1 X111.033 Y93.891 E.01256
G1 X111.476 Y93.711 E.01256
G1 X111.885 Y93.463 E.01255
G1 X112.25 Y93.155 E.01256
G1 X112.563 Y92.793 E.01256
G1 X112.815 Y92.387 E.01256
G1 X113.001 Y91.946 E.01256
G1 X113.115 Y91.482 E.01255
G1 X113.15 Y91.066 E.01097
G1 X113.162 Y88.945 E.05572
G1 X113.132 Y88.529 E.01097
G1 X113.023 Y88.063 E.01255
G1 X112.843 Y87.621 E.01256
G1 X112.595 Y87.212 E.01256
G1 X112.287 Y86.846 E.01256
G1 X111.925 Y86.534 E.01256
G1 X111.519 Y86.282 E.01255
G1 X111.078 Y86.096 E.01256
G1 X110.586 Y85.975 E.0133
G1 X110.026 Y85.95 E.01472
G1 X109.661 Y85.976 E.00963
G1 X109.195 Y86.085 E.01256
G1 X108.752 Y86.266 E.01256
G1 X108.343 Y86.513 E.01255
G1 X107.978 Y86.822 E.01256
G1 X107.665 Y87.183 E.01256
G1 X107.413 Y87.59 E.01256
G1 X107.228 Y88.03 E.01256
G1 X107.113 Y88.494 E.01255
G1 X107.078 Y88.91 E.01096
G1 X107.066 Y91.031 E.05572
G1 X107.097 Y91.448 E.01097
G1 X107.206 Y91.913 E.01255
G1 X107.386 Y92.356 E.01256
G1 X107.633 Y92.765 E.01256
G1 X107.942 Y93.13 E.01256
G1 X108.304 Y93.443 E.01256
G1 X108.71 Y93.695 E.01255
G1 X109.151 Y93.881 E.01256
G1 X109.615 Y93.995 E.01256
G1 X110.091 Y94.035 E.01256
G1 X110.117 Y94.033 E.00069
G1 X110.204 Y94.444 F18000
G1 F6000
G1 X110.631 Y94.412 E.01125
G1 X111.16 Y94.289 E.01428
G1 X111.663 Y94.083 E.01428
G1 X112.128 Y93.802 E.01427
G1 X112.544 Y93.452 E.01428
G1 X112.899 Y93.04 E.01428
G1 X113.186 Y92.578 E.01428
G1 X113.397 Y92.077 E.01428
G1 X113.526 Y91.55 E.01427
G1 X113.566 Y91.085 E.01225
G1 X113.578 Y88.931 E.05657
G1 X113.544 Y88.466 E.01225
G1 X113.42 Y87.937 E.01427
G1 X113.215 Y87.434 E.01428
G1 X112.934 Y86.968 E.01428
G1 X112.583 Y86.553 E.01428
G1 X112.172 Y86.198 E.01428
G1 X111.71 Y85.911 E.01427
G1 X111.209 Y85.7 E.01428
G1 X110.646 Y85.562 E.01524
G1 X110.02 Y85.533 E.01644
G1 X109.598 Y85.564 E.01113
G1 X109.069 Y85.688 E.01428
G1 X108.565 Y85.893 E.01428
G1 X108.1 Y86.174 E.01427
G1 X107.685 Y86.525 E.01427
G1 X107.329 Y86.936 E.01428
G1 X107.043 Y87.398 E.01428
G1 X106.832 Y87.899 E.01428
G1 X106.702 Y88.427 E.01427
G1 X106.663 Y88.892 E.01225
G1 X106.65 Y91.045 E.05657
G1 X106.684 Y91.511 E.01225
G1 X106.808 Y92.04 E.01427
G1 X107.013 Y92.543 E.01428
G1 X107.295 Y93.008 E.01428
G1 X107.645 Y93.424 E.01428
G1 X108.057 Y93.779 E.01428
G1 X108.518 Y94.065 E.01427
G1 X109.019 Y94.276 E.01428
G1 X109.547 Y94.406 E.01428
G1 X110.089 Y94.452 E.01428
G1 X110.144 Y94.448 E.00145
G1 E-1.75
;WIPE_START
G1 X110.631 Y94.412 E-.36611
G1 X111.129 Y94.296 E-.38389
;WIPE_END
G1 X111.547 Y98.089 Z3 F18000
G1 X112.7 Y108.577 Z3
G1 X112.729 Y108.975
G1 X112.718 Y111.032
G1 X112.684 Y111.43
G1 X112.582 Y111.845
G1 X112.416 Y112.239
G1 X112.19 Y112.603
G1 X111.911 Y112.926
G1 X111.584 Y113.202
G1 X111.218 Y113.424
G1 X110.822 Y113.585
G1 X110.405 Y113.683
G1 X110.011 Y113.711
G1 X109.981 Y113.299
G1 Z2.8
G1 E2.5 F6000
M204 P1000
;TYPE:Outer wall
;WIDTH:0.42
G1 F3600
G1 X110.343 Y113.272 E.00884
G1 X110.696 Y113.19 E.00884
G1 X111.032 Y113.053 E.00884
G1 X111.342 Y112.865 E.00884
G1 X111.619 Y112.631 E.00884
G1 X111.856 Y112.357 E.00884
G1 X112.047 Y112.049 E.00884
G1 X112.188 Y111.715 E.00884
G1 X112.275 Y111.362 E.00884
G1 X112.304 Y111.013 E.00854
G1 X112.316 Y108.989 E.04934
G1 X112.29 Y108.64 E.00854
G1 X112.208 Y108.286 E.00884
G1 X112.071 Y107.951 E.00884
G1 X111.883 Y107.64 E.00884
G1 X111.649 Y107.363 E.00884
G1 X111.375 Y107.126 E.00884
G1 X111.067 Y106.935 E.00884
G1 X110.732 Y106.794 E.00884
G1 X110.38 Y106.708 E.00884
G1 X110.019 Y106.677 E.00884
G1 X109.894 Y106.686 E.00304
G1 X109.657 Y106.703 E.0058
G1 X109.304 Y106.786 E.00884
G1 X108.968 Y106.923 E.00884
G1 X108.658 Y107.111 E.00884
G1 X108.381 Y107.345 E.00884
G1 X108.144 Y107.619 E.00884
G1 X107.953 Y107.927 E.00884
G1 X107.812 Y108.261 E.00884
G1 X107.725 Y108.613 E.00884
G1 X107.696 Y108.963 E.00854
G1 X107.684 Y110.987 E.04934
G1 X107.71 Y111.336 E.00854
G1 X107.792 Y111.69 E.00884
G1 X107.929 Y112.025 E.00884
G1 X108.117 Y112.336 E.00884
G1 X108.351 Y112.613 E.00884
G1 X108.625 Y112.85 E.00884
G1 X108.933 Y113.041 E.00884
G1 X109.048 Y113.089 E.00304
G1 X109.268 Y113.182 E.0058
G1 X109.62 Y113.268 E.00884
G1 X109.921 Y113.294 E.00738
G1 X109.887 Y113.706 F18000
G1 X109.95 Y113.711
G1 X109.951 Y113.698
M204 P1500
;TYPE:Inner wall
;WIDTH:0.45
G1 F6000
G1 X109.979 Y113.701 E.00074
G1 X110.403 Y113.67 E.01118
G1 X110.818 Y113.573 E.01118
G1 X111.212 Y113.412 E.01118
G1 X111.576 Y113.192 E.01118
G1 X111.902 Y112.917 E.01118
G1 X112.18 Y112.595 E.01118
G1 X112.404 Y112.233 E.01118
G1 X112.57 Y111.841 E.01118
G1 X112.671 Y111.428 E.01118
G1 X112.705 Y111.031 E.01045
G1 X112.716 Y108.976 E.054
G1 X112.688 Y108.579 E.01045
G1 X112.591 Y108.164 E.01118
G1 X112.43 Y107.77 E.01118
G1 X112.21 Y107.406 E.01118
G1 X111.935 Y107.081 E.01118
G1 X111.613 Y106.802 E.01118
G1 X111.251 Y106.578 E.01118
G1 X110.859 Y106.413 E.01118
G1 X110.445 Y106.311 E.01118
G1 X110.021 Y106.275 E.01118
G1 X109.865 Y106.287 E.00411
G1 X109.597 Y106.306 E.00708
G1 X109.182 Y106.403 E.01118
G1 X108.788 Y106.564 E.01118
G1 X108.424 Y106.784 E.01118
G1 X108.098 Y107.059 E.01118
G1 X107.82 Y107.381 E.01118
G1 X107.596 Y107.743 E.01118
G1 X107.43 Y108.135 E.01118
G1 X107.329 Y108.548 E.01118
G1 X107.295 Y108.945 E.01045
G1 X107.284 Y111 E.054
G1 X107.312 Y111.397 E.01045
G1 X107.409 Y111.812 E.01118
G1 X107.57 Y112.206 E.01118
G1 X107.79 Y112.57 E.01118
G1 X108.065 Y112.895 E.01118
G1 X108.387 Y113.174 E.01118
G1 X108.749 Y113.398 E.01118
G1 X108.893 Y113.459 E.00411
G1 X109.141 Y113.563 E.00707
G1 X109.555 Y113.665 E.01118
G1 X109.891 Y113.693 E.00887
G1 X110.033 Y114.114 F18000
G1 F6000
G1 X110.466 Y114.082 E.0114
G1 X110.944 Y113.97 E.0129
G1 X111.399 Y113.785 E.0129
G1 X111.819 Y113.53 E.0129
G1 X112.195 Y113.214 E.0129
G1 X112.516 Y112.842 E.0129
G1 X112.775 Y112.425 E.0129
G1 X112.965 Y111.972 E.0129
G1 X113.083 Y111.495 E.0129
G1 X113.12 Y111.05 E.01173
G1 X113.132 Y108.962 E.05486
G1 X113.1 Y108.516 E.01174
G1 X112.988 Y108.038 E.0129
G1 X112.802 Y107.583 E.0129
G1 X112.548 Y107.163 E.0129
G1 X112.231 Y106.788 E.0129
G1 X111.86 Y106.466 E.0129
G1 X111.443 Y106.207 E.0129
G1 X110.99 Y106.017 E.0129
G1 X110.513 Y105.9 E.0129
G1 X110.024 Y105.858 E.0129
G1 X109.835 Y105.872 E.00497
G1 X109.534 Y105.894 E.00793
G1 X109.056 Y106.006 E.0129
G1 X108.601 Y106.191 E.0129
G1 X108.181 Y106.445 E.0129
G1 X107.805 Y106.762 E.0129
G1 X107.484 Y107.134 E.0129
G1 X107.225 Y107.551 E.0129
G1 X107.035 Y108.004 E.0129
G1 X106.917 Y108.481 E.0129
G1 X106.88 Y108.926 E.01173
G1 X106.868 Y111.014 E.05486
G1 X106.9 Y111.46 E.01174
G1 X107.012 Y111.938 E.0129
G1 X107.198 Y112.393 E.0129
G1 X107.452 Y112.813 E.0129
G1 X107.769 Y113.188 E.0129
G1 X108.14 Y113.509 E.0129
G1 X108.557 Y113.768 E.0129
G1 X108.732 Y113.842 E.00497
G1 X109.01 Y113.959 E.00793
G1 X109.487 Y114.076 E.0129
G1 X109.973 Y114.117 E.01282
G1 X110.06 Y114.528 F18000
G1 F6000
G1 X110.529 Y114.494 E.01236
G1 X111.071 Y114.367 E.01462
G1 X111.586 Y114.157 E.01462
G1 X112.063 Y113.869 E.01462
G1 X112.488 Y113.51 E.01462
G1 X112.852 Y113.089 E.01462
G1 X113.145 Y112.616 E.01462
G1 X113.361 Y112.103 E.01462
G1 X113.494 Y111.563 E.01462
G1 X113.536 Y111.069 E.01302
G1 X113.548 Y108.948 E.05572
G1 X113.512 Y108.453 E.01302
G1 X113.385 Y107.911 E.01462
G1 X113.175 Y107.396 E.01462
G1 X112.887 Y106.92 E.01462
G1 X112.528 Y106.494 E.01462
G1 X112.107 Y106.131 E.01462
G1 X111.634 Y105.837 E.01462
G1 X111.121 Y105.621 E.01462
G1 X110.581 Y105.488 E.01462
G1 X110.026 Y105.441 E.01462
G1 X109.805 Y105.457 E.00583
G1 X109.471 Y105.482 E.00879
G1 X108.929 Y105.609 E.01462
G1 X108.414 Y105.819 E.01462
G1 X107.937 Y106.107 E.01462
G1 X107.512 Y106.466 E.01462
G1 X107.148 Y106.887 E.01462
G1 X106.855 Y107.36 E.01462
G1 X106.639 Y107.873 E.01462
G1 X106.506 Y108.413 E.01462
G1 X106.464 Y108.907 E.01302
G1 X106.452 Y111.028 E.05572
G1 X106.488 Y111.523 E.01302
G1 X106.615 Y112.065 E.01462
G1 X106.825 Y112.58 E.01462
G1 X107.113 Y113.056 E.01462
G1 X107.472 Y113.482 E.01462
G1 X107.893 Y113.845 E.01462
G1 X108.366 Y114.139 E.01462
G1 X108.57 Y114.225 E.00583
G1 X108.879 Y114.355 E.00879
G1 X109.419 Y114.488 E.01462
G1 X109.974 Y114.535 E.01462
G1 X110 Y114.533 E.00069
G1 X110.086 Y114.943 F18000
G1 F6000
G1 X110.592 Y114.906 E.01331
G1 X111.198 Y114.765 E.01634
G1 X111.774 Y114.53 E.01634
G1 X112.306 Y114.208 E.01634
G1 X112.781 Y113.807 E.01634
G1 X113.188 Y113.336 E.01634
G1 X113.516 Y112.808 E.01634
G1 X113.757 Y112.234 E.01634
G1 X113.906 Y111.63 E.01634
G1 X113.951 Y111.087 E.01431
G1 X113.964 Y108.934 E.05657
G1 X113.924 Y108.39 E.01431
G1 X113.782 Y107.785 E.01634
G1 X113.548 Y107.209 E.01634
G1 X113.226 Y106.677 E.01634
G1 X112.824 Y106.201 E.01634
G1 X112.354 Y105.795 E.01634
G1 X111.825 Y105.467 E.01634
G1 X111.252 Y105.225 E.01634
G1 X110.648 Y105.077 E.01634
G1 X110.028 Y105.024 E.01634
G1 X109.775 Y105.043 E.00668
G1 X109.408 Y105.07 E.00965
G1 X108.802 Y105.211 E.01634
G1 X108.226 Y105.446 E.01634
G1 X107.694 Y105.768 E.01634
G1 X107.219 Y106.169 E.01634
G1 X106.812 Y106.64 E.01634
G1 X106.484 Y107.168 E.01634
G1 X106.243 Y107.742 E.01634
G1 X106.094 Y108.346 E.01634
G1 X106.049 Y108.888 E.01431
G1 X106.036 Y111.042 E.05657
G1 X106.076 Y111.586 E.01431
G1 X106.218 Y112.191 E.01634
G1 X106.452 Y112.767 E.01634
G1 X106.774 Y113.299 E.01634
G1 X107.176 Y113.775 E.01634
G1 X107.646 Y114.181 E.01634
G1 X108.175 Y114.509 E.01634
G1 X108.409 Y114.608 E.00669
G1 X108.748 Y114.751 E.00965
G1 X109.352 Y114.899 E.01634
G1 X109.972 Y114.952 E.01634
G1 X110.027 Y114.948 E.00145
G1 X112.521 Y114.944 F18000
M204 P2000
;TYPE:Sparse infill
G1 F7597.235
G1 X112.107 Y115.194 E.01269
G1 X111.423 Y115.473 E.0194
G1 X110.707 Y115.641 E.01931
G1 X101.514 Y124.834 E.34152
G1 X101.505 Y126.43 E.04193
G1 X118.404 Y109.531 E.62776
G1 X118.396 Y110.92 E.03647
G1 X114.661 Y111.498 F18000
G1 F7597.235
G1 X114.692 Y111.121 E.00994
G1 X114.699 Y110.062 E.0278
G1 X118.422 Y106.339 E.13832
G1 X118.413 Y107.935 E.04193
G1 X114.643 Y111.705 E.14004
G1 X114.463 Y112.468 E.0206
G1 X114.176 Y113.149 E.0194
G1 X113.947 Y113.518 E.0114
G1 X114.322 Y111.098 F18000
;TYPE:Internal solid infill
;WIDTH:0.374336
G1 F6000
G1 X114.334 Y108.921 E.04676
G1 X114.289 Y108.322 E.01292
G1 X114.132 Y107.66 E.01461
G1 X113.873 Y107.031 E.01461
G1 X113.519 Y106.45 E.01461
G1 X113.079 Y105.932 E.01461
G1 X112.563 Y105.488 E.01461
G1 X111.984 Y105.131 E.01461
G1 X111.357 Y104.869 E.01461
G1 X110.696 Y104.709 E.01461
G1 X110.018 Y104.661 E.01459
G1 X109.365 Y104.701 E.01407
G1 X108.678 Y104.862 E.01516
G1 X108.049 Y105.121 E.01461
G1 X107.468 Y105.474 E.01461
G1 X106.949 Y105.915 E.01461
G1 X106.506 Y106.431 E.01461
G1 X106.149 Y107.009 E.01461
G1 X105.887 Y107.637 E.01461
G1 X105.726 Y108.298 E.01461
G1 X105.678 Y108.878 E.01251
G1 X105.666 Y111.061 E.0469
G1 X105.711 Y111.654 E.01278
G1 X105.868 Y112.316 E.01461
G1 X106.127 Y112.945 E.01461
G1 X106.481 Y113.526 E.01461
G1 X106.921 Y114.044 E.01461
G1 X107.437 Y114.488 E.01461
G1 X108.016 Y114.845 E.01461
G1 X108.643 Y115.107 E.01461
G1 X109.304 Y115.267 E.01461
G1 X109.982 Y115.322 E.01461
G1 X110.661 Y115.271 E.01461
G1 X111.322 Y115.114 E.01461
G1 X111.951 Y114.855 E.01461
G1 X112.532 Y114.502 E.01461
G1 X113.051 Y114.061 E.01461
G1 X113.494 Y113.545 E.01461
G1 X113.851 Y112.966 E.01461
G1 X114.113 Y112.339 E.01461
G1 X114.274 Y111.678 E.01461
G1 X114.317 Y111.158 E.01122
G1 X118.423 Y106.131 F18000
;TYPE:Sparse infill
;WIDTH:0.45
G1 F7597.235
G1 X118.431 Y104.742 E.03647
G1 X114.675 Y108.499 E.13953
G1 X114.659 Y108.278 E.0058
G1 X114.491 Y107.559 E.0194
G1 X114.357 Y107.23 E.00933
G1 X118.44 Y103.146 E.1517
G1 X118.449 Y101.55 E.04193
G1 X113.796 Y106.203 E.17286
G1 X113.353 Y105.679 E.01804
G1 X113.021 Y105.391 E.01154
G1 X118.459 Y99.954 E.202
G1 X118.468 Y98.357 E.04193
G1 X112.063 Y104.762 E.23793
G1 X111.486 Y104.52 E.01644
G1 X110.87 Y104.368 E.01666
G1 X118.477 Y96.761 E.28258
G1 X118.486 Y95.165 E.04193
G1 X109.318 Y104.333 E.34058
G1 X108.577 Y104.503 E.01997
G1 X107.893 Y104.782 E.0194
G1 X107.537 Y104.997 E.01092
G1 X106.015 Y106.519 F18000
G1 F7597.235
G1 X105.824 Y106.827 E.00953
G1 X105.537 Y107.508 E.0194
G1 X105.355 Y108.296 E.02125
G1 X101.587 Y112.064 E.13997
G1 X101.578 Y113.66 E.04193
G1 X105.301 Y109.937 E.13832
G1 X105.308 Y108.855 E.02841
G1 X105.337 Y108.503 E.00928
G1 X101.604 Y109.079 F18000
G1 F7597.235
G1 X101.596 Y110.468 E.03647
G1 X118.495 Y93.569 E.62776
G1 X118.504 Y91.972 E.04193
G1 X101.605 Y108.871 E.62776
G1 X101.614 Y107.275 E.04193
G1 X118.513 Y90.376 E.62776
G1 X118.505 Y91.764 E.03647
G1 X110.099 Y94.823 F18000
;TYPE:Internal solid infill
;WIDTH:0.374336
G1 F6000
G1 X110.699 Y94.777 E.01293
G1 X111.285 Y94.638 E.01293
G1 X111.841 Y94.409 E.01293
G1 X112.355 Y94.096 E.01292
G1 X112.813 Y93.706 E.01293
G1 X113.205 Y93.249 E.01293
G1 X113.521 Y92.737 E.01293
G1 X113.752 Y92.182 E.01293
G1 X113.894 Y91.597 E.01293
G1 X113.936 Y91.095 E.01082
G1 X113.949 Y88.919 E.04676
G1 X113.909 Y88.397 E.01124
G1 X113.77 Y87.812 E.01292
G1 X113.541 Y87.256 E.01293
G1 X113.227 Y86.742 E.01293
G1 X112.838 Y86.283 E.01293
G1 X112.381 Y85.891 E.01293
G1 X111.869 Y85.576 E.01292
G1 X111.313 Y85.344 E.01294
G1 X110.683 Y85.193 E.01393
G1 X110.006 Y85.163 E.01457
G1 X109.529 Y85.2 E.01027
G1 X108.944 Y85.339 E.01293
G1 X108.387 Y85.568 E.01293
G1 X107.874 Y85.881 E.01292
G1 X107.415 Y86.27 E.01293
G1 X107.023 Y86.727 E.01293
G1 X106.707 Y87.239 E.01293
G1 X106.476 Y87.795 E.01293
G1 X106.334 Y88.379 E.01293
G1 X106.292 Y88.881 E.01082
G1 X106.28 Y91.064 E.0469
G1 X106.32 Y91.579 E.0111
G1 X106.459 Y92.164 E.01292
G1 X106.688 Y92.721 E.01293
G1 X107.001 Y93.235 E.01293
G1 X107.391 Y93.693 E.01293
G1 X107.847 Y94.085 E.01293
G1 X108.359 Y94.401 E.01292
G1 X108.915 Y94.632 E.01293
G1 X109.5 Y94.774 E.01293
G1 X110.04 Y94.818 E.01164
G1 X105.922 Y88.874 F18000
;TYPE:Sparse infill
;WIDTH:0.45
G1 F7597.235
G1 X105.914 Y90.278 E.03689
G1 X101.687 Y94.505 E.157
G1 X101.696 Y92.909 E.04193
G1 X105.938 Y88.667 E.15757
G1 X105.968 Y88.306 E.00951
G1 X106.126 Y87.665 E.01734
G1 X106.347 Y87.141 E.01494
G1 X101.383 Y82.929 F18000
;TYPE:Internal solid infill
;WIDTH:0.374441
G1 F6000
G1 X101.431 Y82.814 E.00268
G1 X104.045 Y80.229 E.07901
G1 X104.161 Y80.182 E.00268
G1 X118.779 Y80.266 E.31419
G1 X118.914 Y80.295 E.00296
G1 X118.94 Y80.401 E.00236
G1 X118.601 Y139.675 E1.27397
G1 X118.574 Y139.781 E.00236
G1 X118.439 Y139.808 E.00296
G1 X101.221 Y139.71 E.37006
G1 X101.086 Y139.681 E.00296
G1 X101.059 Y139.546 E.00296
G1 X101.382 Y82.989 E1.21559
G1 X105.897 Y80.563 F18000
;TYPE:Sparse infill
;WIDTH:0.45
G1 F7597.235
G1 X104.527 Y80.555 E.036
G1 X101.751 Y83.331 E.10311
G1 X101.742 Y84.927 E.04193
G1 X106.105 Y80.564 E.16208
G1 X107.683 Y80.573 E.04145
G1 X101.733 Y86.523 E.22104
G1 X101.724 Y88.12 E.04193
G1 X109.261 Y80.582 E.28
G1 X110.839 Y80.591 E.04145
G1 X101.715 Y89.716 E.33897
G1 X101.705 Y91.312 E.04193
G1 X112.417 Y80.6 E.39793
G1 X113.996 Y80.609 E.04145
G1 X109.798 Y84.806 E.15592
G1 X110.01 Y84.791 E.00557
G1 X110.756 Y84.826 E.01962
G1 X111.246 Y84.946 E.01325
G1 X115.574 Y80.618 E.16077
G1 X117.152 Y80.627 E.04145
G1 X112.346 Y85.433 E.17854
G1 X112.612 Y85.599 E.00823
G1 X113.112 Y86.03 E.01734
G1 X113.214 Y86.152 E.00418
G1 X118.568 Y80.798 E.19887
G1 X118.559 Y82.395 E.04193
G1 X113.87 Y87.084 E.17419
G1 X114.129 Y87.711 E.01783
G1 X114.262 Y88.279 E.01532
G1 X118.55 Y83.991 E.1593
G1 X118.541 Y85.587 E.04193
G1 X114.314 Y89.814 E.157
G1 X114.307 Y91.118 E.03427
G1 X114.28 Y91.435 E.00835
G1 X118.531 Y87.183 E.15793
G1 X118.522 Y88.78 E.04193
G1 X101.623 Y105.679 E.62776
G1 X101.632 Y104.082 E.04193
G1 X110.554 Y95.161 E.33141
G1 X110.084 Y95.195 E.01236
G1 X109.427 Y95.14 E.01734
G1 X109.075 Y95.053 E.00953
G1 X101.642 Y102.486 E.27612
G1 X101.651 Y100.89 E.04193
G1 X107.953 Y94.587 E.23413
G1 X107.616 Y94.378 E.01042
G1 X107.067 Y93.887 E.01936
G1 X101.66 Y99.294 E.20085
G1 X101.669 Y97.697 E.04193
G1 X106.402 Y92.964 E.17582
G1 X106.349 Y92.877 E.00269
G1 X106.1 Y92.265 E.01734
G1 X105.989 Y91.791 E.01281
G1 X101.678 Y96.101 E.16013
G1 X101.686 Y94.713 E.03647
G1 X101.577 Y113.868 F18000
G1 F7597.235
G1 X101.569 Y115.256 E.03647
G1 X105.326 Y111.499 E.13959
G1 X105.341 Y111.698 E.00524
G1 X105.509 Y112.417 E.0194
G1 X105.65 Y112.762 E.00979
G1 X101.56 Y116.853 E.15195
G1 X101.55 Y118.449 E.04193
G1 X106.214 Y113.785 E.17325
G1 X106.647 Y114.297 E.01761
G1 X106.991 Y114.595 E.01196
G1 X101.541 Y120.045 E.20246
G1 X101.532 Y121.642 E.04193
G1 X107.953 Y115.22 E.23853
G1 X108.514 Y115.456 E.01598
G1 X109.148 Y115.613 E.01716
G1 X101.523 Y123.238 E.28326
G1 X101.531 Y121.849 E.03647
G1 X101.504 Y126.638 F18000
G1 F7597.235
G1 X101.496 Y128.027 E.03647
G1 X118.395 Y111.128 E.62776
G1 X118.386 Y112.724 E.04193
G1 X101.487 Y129.623 E.62776
G1 X101.477 Y131.219 E.04193
G1 X104.818 Y127.878 E.12411
G1 X104.948 Y127.35 E.01428
G1 X105.265 Y126.597 E.02146
G1 X105.696 Y125.903 E.02147
G1 X105.82 Y125.76 E.00495
G1 X106.645 Y124.934 F18000
G1 F7597.235
G1 X106.855 Y124.758 E.00721
G1 X107.554 Y124.335 E.02146
G1 X108.311 Y124.026 E.02146
G1 X108.78 Y123.916 E.01267
G1 X118.377 Y114.32 E.35648
G1 X118.367 Y115.916 E.04193
G1 X110.458 Y123.826 E.29382
G1 X110.736 Y123.849 E.00732
G1 X111.529 Y124.045 E.02146
G1 X111.738 Y124.133 E.00597
G1 X118.358 Y117.513 E.24592
G1 X118.349 Y119.109 E.04193
G1 X112.785 Y124.674 E.20671
G1 X112.976 Y124.792 E.00592
G1 X113.594 Y125.326 E.02146
G1 X113.651 Y125.394 E.00232
G1 X118.34 Y120.705 E.17418
G1 X118.331 Y122.302 E.04193
G1 X114.333 Y126.3 E.14853
G1 X114.545 Y126.65 E.01076
G1 X114.841 Y127.378 E.02065
G1 X118.322 Y123.898 E.12929
G1 X118.313 Y125.494 E.04193
G1 X115.078 Y128.729 E.12018
G1 X115.091 Y128.911 E.0048
G1 X115.083 Y130.311 E.03677
G1 X118.304 Y127.09 E.11964
G1 X118.296 Y128.479 E.03647
G1 X118.268 Y133.268 F18000
G1 F7597.235
G1 X118.276 Y131.879 E.03647
G1 X110.762 Y139.394 E.27916
G1 X109.183 Y139.385 E.04145
G1 X118.285 Y130.283 E.33812
G1 X118.294 Y128.687 E.04193
G1 X114.976 Y132.005 E.12329
G1 X114.823 Y132.625 E.01676
G1 X114.506 Y133.378 E.02146
G1 X114.157 Y133.941 E.01742
G1 X112.824 Y135.274 F18000
G1 F7597.235
G1 X112.218 Y135.641 E.01863
G1 X111.461 Y135.949 E.02146
G1 X110.901 Y136.08 E.01511
G1 X107.605 Y139.376 E.12243
G1 X106.027 Y139.367 E.04145
G1 X109.25 Y136.144 E.11972
G1 X109.036 Y136.126 E.00564
G1 X108.243 Y135.931 E.02146
G1 X107.985 Y135.822 E.00735
G1 X104.449 Y139.358 E.13135
G1 X102.871 Y139.349 E.04145
G1 X106.944 Y135.275 E.15132
G1 X106.795 Y135.183 E.0046
G1 X106.177 Y134.649 E.02146
G1 X106.089 Y134.544 E.00361
G1 X101.432 Y139.201 E.17299
G1 X101.441 Y137.604 E.04193
G1 X105.413 Y133.632 E.14755
G1 X105.227 Y133.325 E.00944
G1 X104.913 Y132.545 E.02209
G1 X101.45 Y136.008 E.12864
G1 X101.459 Y134.412 E.04193
G1 X104.689 Y131.182 E.11999
G1 X104.689 Y129.595 E.04169
G1 X101.468 Y132.815 E.11964
G1 X101.476 Y131.427 E.03647
G1 X109.906 Y124.153 F18000
;TYPE:Internal solid infill
;WIDTH:0.374336
G1 F6000
G1 X109.15 Y124.21 E.0163
G1 X108.412 Y124.385 E.0163
G1 X107.71 Y124.673 E.0163
G1 X107.062 Y125.068 E.0163
G1 X106.484 Y125.559 E.0163
G1 X105.989 Y126.134 E.0163
G1 X105.591 Y126.78 E.0163
G1 X105.298 Y127.48 E.0163
G1 X105.119 Y128.217 E.0163
G1 X105.064 Y128.875 E.01419
G1 X105.052 Y131.058 E.0469
G1 X105.103 Y131.729 E.01447
G1 X105.278 Y132.467 E.0163
G1 X105.566 Y133.169 E.0163
G1 X105.96 Y133.817 E.0163
G1 X106.451 Y134.396 E.0163
G1 X107.027 Y134.89 E.0163
G1 X107.672 Y135.288 E.0163
G1 X108.372 Y135.581 E.0163
G1 X109.109 Y135.76 E.0163
G1 X109.865 Y135.822 E.0163
G1 X110.622 Y135.765 E.0163
G1 X111.36 Y135.59 E.0163
G1 X112.062 Y135.302 E.0163
G1 X112.71 Y134.908 E.0163
G1 X113.288 Y134.417 E.0163
G1 X113.783 Y133.841 E.0163
G1 X114.181 Y133.196 E.0163
G1 X114.473 Y132.496 E.0163
G1 X114.653 Y131.759 E.0163
G1 X114.708 Y131.1 E.01419
G1 X114.72 Y128.924 E.04677
G1 X114.669 Y128.246 E.01461
G1 X114.494 Y127.508 E.0163
G1 X114.206 Y126.806 E.0163
G1 X113.811 Y126.158 E.0163
G1 X113.32 Y125.579 E.0163
G1 X112.745 Y125.085 E.0163
G1 X112.1 Y124.687 E.0163
G1 X111.4 Y124.394 E.0163
G1 X110.663 Y124.215 E.0163
G1 X109.966 Y124.158 E.01501
G1 X112.185 Y126.72 F18000
G1 X112.512 Y127.106
G1 X112.774 Y127.54
G1 X112.965 Y128.008
G1 X113.08 Y128.501
G1 X113.115 Y128.978
G1 X113.103 Y131.034
G1 X113.063 Y131.51
G1 X112.942 Y132.002
G1 X110.969 Y139.395
;TYPE:Sparse infill
;WIDTH:0.45
G1 F7597.235
G1 X112.34 Y139.403 E.036
G1 X118.267 Y133.475 E.22019
G1 X118.258 Y135.072 E.04193
G1 X113.918 Y139.412 E.16123
G1 X115.496 Y139.421 E.04145
G1 X118.249 Y136.668 E.10227
G1 X118.24 Y138.264 E.04193
G1 X117.074 Y139.43 E.0433
G1 X118.233 Y139.437 E.03044
G1 X118.239 Y138.472 E.02533
; stop printing object pigtail_slot_coupon.stl id:2099807082496 copy 0
M106 S102
;LAYER_CHANGE
;Z:2.96
;HEIGHT:0.16
G92 E0 ; zero the extruded length again
; BEFORE_LAYER_CHANGE 17 @ 2.96mm
G1 E-1.75 F6000
;WIPE_START
G1 F7597.235
G1 X118.233 Y139.437 E-.72336
G1 X118.198 Y139.436 E-.02664
;WIPE_END
; AFTER_LAYER_CHANGE 17 @ 2.96mm
;_SET_FAN_SPEED_CHANGING_LAYER
; printing object pigtail_slot_coupon.stl id:2099807082496 copy 0
G1 F18000
G1 X118.374 Y139.934 Z2.98857
G1 X118.094 Y140.382 Z3.01714
G1 X117.57 Y140.443 Z3.04571
G1 X117.195 Y140.071 Z3.07429
G1 X117.252 Y139.546 Z3.10286
G1 X117.699 Y139.264 Z3.13143
G1 X118.198 Y139.436 Z3.16
G1 X120.197 Y141.423 Z3.16
G1 X120.608 Y141.839
G1 Z2.96
G1 E2.5 F6000
M204 P1000
;TYPE:Outer wall
;WIDTH:0.42
G1 F3600
G1 X99.029 Y141.716 E.52594
G1 X99.37 Y82.014 E1.45507
G1 X103.269 Y78.159 E.13363
G1 X108.222 Y78.187 E.12071
G1 X120.971 Y78.26 E.31074
G1 X120.609 Y141.779 E1.54809
G1 X120.197 Y141.423 F18000
G1 X120.21 Y141.436
M204 P1500
;TYPE:Inner wall
;WIDTH:0.45
G1 F6000
G1 X99.432 Y141.317 E.54581
G1 X99.769 Y82.182 E1.55337
G1 X103.432 Y78.561 E.1353
G1 X108.219 Y78.588 E.12574
G1 X120.568 Y78.658 E.32439
G1 X120.21 Y141.376 E1.64747
G1 X119.797 Y141.018 F18000
G1 F6000
G1 X99.85 Y140.904 E.52397
G1 X100.184 Y82.357 E1.53793
G1 X103.602 Y78.977 E.12626
G1 X108.217 Y79.004 E.12122
G1 X120.15 Y79.072 E.31347
G1 X119.797 Y140.958 E1.62563
G1 X119.383 Y140.6 F18000
G1 F6000
G1 X100.268 Y140.491 E.50213
G1 X100.599 Y82.531 E1.52249
G1 X103.772 Y79.394 E.11721
G1 X108.215 Y79.419 E.1167
G1 X119.732 Y79.485 E.30255
G1 X119.384 Y140.54 E1.60379
G1 X118.97 Y140.182 F18000
G1 F6000
G1 X100.686 Y140.078 E.48029
G1 X101.013 Y82.706 E1.50705
G1 X103.942 Y79.811 E.10817
G1 X108.212 Y79.835 E.11218
G1 X119.314 Y79.898 E.29163
G1 X118.97 Y140.122 E1.58196
G1 E-1.75
;WIPE_START
G1 X117.97 Y140.12 E-.75
;WIPE_END
G1 X117.341 Y136.356 Z3.16 F18000
G1 X110.128 Y93.212 Z3.16
G1 X110.098 Y92.799
G1 Z2.96
G1 E2.5 F6000
M204 P1000
;TYPE:Outer wall
;WIDTH:0.42
G1 F3600
G1 X110.382 Y92.778 E.00692
G1 X110.658 Y92.714 E.00693
G1 X110.921 Y92.606 E.00693
G1 X111.165 Y92.459 E.00692
G1 X111.382 Y92.276 E.00692
G1 X111.568 Y92.061 E.00693
G1 X111.717 Y91.82 E.00693
G1 X111.828 Y91.558 E.00693
G1 X111.896 Y91.282 E.00692
G1 X111.918 Y91.011 E.00663
G1 X111.93 Y88.986 E.04934
G1 X111.91 Y88.715 E.00663
G1 X111.845 Y88.439 E.00692
G1 X111.738 Y88.175 E.00693
G1 X111.591 Y87.932 E.00693
G1 X111.408 Y87.715 E.00693
G1 X111.193 Y87.529 E.00692
G1 X110.951 Y87.379 E.00693
G1 X110.689 Y87.269 E.00693
G1 X110.41 Y87.2 E.00702
G1 X110.053 Y87.183 E.00871
G1 X109.847 Y87.198 E.00504
G1 X109.57 Y87.263 E.00693
G1 X109.307 Y87.37 E.00693
G1 X109.064 Y87.517 E.00692
G1 X108.847 Y87.7 E.00692
G1 X108.661 Y87.915 E.00693
G1 X108.511 Y88.157 E.00693
G1 X108.401 Y88.419 E.00693
G1 X108.333 Y88.695 E.00692
G1 X108.31 Y88.966 E.00663
G1 X108.298 Y90.99 E.04934
G1 X108.318 Y91.261 E.00663
G1 X108.383 Y91.538 E.00692
G1 X108.49 Y91.801 E.00693
G1 X108.637 Y92.044 E.00693
G1 X108.821 Y92.262 E.00693
G1 X109.036 Y92.447 E.00692
G1 X109.277 Y92.597 E.00692
G1 X109.539 Y92.707 E.00693
G1 X109.815 Y92.775 E.00693
G1 X110.039 Y92.794 E.00547
G1 X110.004 Y93.206 F18000
G1 X110.096 Y93.214
G1 X110.125 Y93.212
G1 X110.124 Y93.199
M204 P1500
;TYPE:Inner wall
;WIDTH:0.45
G1 F6000
G1 X110.442 Y93.176 E.00838
G1 X110.78 Y93.097 E.00912
G1 X111.102 Y92.966 E.00912
G1 X111.399 Y92.786 E.00912
G1 X111.664 Y92.562 E.00912
G1 X111.891 Y92.299 E.00912
G1 X112.074 Y92.004 E.00912
G1 X112.209 Y91.684 E.00912
G1 X112.292 Y91.347 E.00912
G1 X112.319 Y91.029 E.00839
G1 X112.331 Y88.973 E.054
G1 X112.307 Y88.655 E.00839
G1 X112.228 Y88.317 E.00912
G1 X112.097 Y87.995 E.00912
G1 X111.918 Y87.698 E.00912
G1 X111.694 Y87.432 E.00912
G1 X111.431 Y87.206 E.00912
G1 X111.136 Y87.022 E.00912
G1 X110.816 Y86.888 E.00912
G1 X110.468 Y86.802 E.00941
G1 X110.048 Y86.782 E.01104
G1 X109.786 Y86.801 E.00689
G1 X109.448 Y86.88 E.00912
G1 X109.127 Y87.011 E.00912
G1 X108.83 Y87.191 E.00912
G1 X108.564 Y87.415 E.00912
G1 X108.337 Y87.677 E.00912
G1 X108.154 Y87.972 E.00912
G1 X108.019 Y88.293 E.00912
G1 X107.936 Y88.63 E.00912
G1 X107.909 Y88.948 E.00839
G1 X107.898 Y91.004 E.054
G1 X107.921 Y91.322 E.00839
G1 X108 Y91.66 E.00912
G1 X108.131 Y91.982 E.00912
G1 X108.311 Y92.279 E.00912
G1 X108.535 Y92.544 E.00912
G1 X108.798 Y92.771 E.00912
G1 X109.093 Y92.954 E.00912
G1 X109.413 Y93.089 E.00912
G1 X109.75 Y93.172 E.00912
G1 X110.064 Y93.198 E.00828
G1 X110.15 Y93.614 F18000
G1 F6000
G1 X110.505 Y93.588 E.00934
G1 X110.907 Y93.494 E.01084
G1 X111.289 Y93.338 E.01084
G1 X111.642 Y93.125 E.01084
G1 X111.957 Y92.859 E.01084
G1 X112.227 Y92.546 E.01084
G1 X112.445 Y92.196 E.01084
G1 X112.605 Y91.815 E.01084
G1 X112.704 Y91.415 E.01084
G1 X112.735 Y91.048 E.00968
G1 X112.746 Y88.959 E.05486
G1 X112.72 Y88.592 E.00968
G1 X112.626 Y88.19 E.01084
G1 X112.47 Y87.808 E.01084
G1 X112.256 Y87.455 E.01084
G1 X111.99 Y87.139 E.01084
G1 X111.678 Y86.87 E.01084
G1 X111.327 Y86.652 E.01084
G1 X110.947 Y86.492 E.01084
G1 X110.528 Y86.389 E.01132
G1 X110.043 Y86.365 E.01276
G1 X109.723 Y86.389 E.00842
G1 X109.322 Y86.483 E.01084
G1 X108.939 Y86.638 E.01084
G1 X108.586 Y86.852 E.01084
G1 X108.271 Y87.118 E.01084
G1 X108.001 Y87.43 E.01084
G1 X107.784 Y87.781 E.01084
G1 X107.624 Y88.161 E.01084
G1 X107.525 Y88.562 E.01084
G1 X107.494 Y88.929 E.00968
G1 X107.482 Y91.018 E.05486
G1 X107.509 Y91.385 E.00968
G1 X107.603 Y91.787 E.01084
G1 X107.759 Y92.169 E.01084
G1 X107.972 Y92.522 E.01084
G1 X108.238 Y92.837 E.01084
G1 X108.551 Y93.107 E.01084
G1 X108.901 Y93.325 E.01084
G1 X109.282 Y93.485 E.01084
G1 X109.682 Y93.583 E.01084
G1 X110.091 Y93.618 E.01076
G1 X110.177 Y94.029 F18000
G1 F6000
G1 X110.568 Y94 E.01029
G1 X111.033 Y93.891 E.01256
G1 X111.476 Y93.711 E.01256
G1 X111.885 Y93.463 E.01255
G1 X112.25 Y93.155 E.01256
G1 X112.563 Y92.793 E.01256
G1 X112.815 Y92.387 E.01256
G1 X113.001 Y91.946 E.01256
G1 X113.115 Y91.482 E.01255
G1 X113.15 Y91.066 E.01097
G1 X113.162 Y88.945 E.05572
G1 X113.132 Y88.529 E.01097
G1 X113.023 Y88.063 E.01255
G1 X112.842 Y87.621 E.01256
G1 X112.595 Y87.212 E.01256
G1 X112.287 Y86.846 E.01256
G1 X111.925 Y86.534 E.01256
G1 X111.519 Y86.282 E.01255
G1 X111.078 Y86.096 E.01256
G1 X110.589 Y85.976 E.01324
G1 X110.038 Y85.949 E.01448
G1 X109.661 Y85.976 E.00994
G1 X109.195 Y86.085 E.01256
G1 X108.752 Y86.266 E.01256
G1 X108.343 Y86.513 E.01255
G1 X107.978 Y86.822 E.01256
G1 X107.665 Y87.183 E.01256
G1 X107.413 Y87.59 E.01256
G1 X107.228 Y88.03 E.01256
G1 X107.113 Y88.494 E.01255
G1 X107.078 Y88.91 E.01097
G1 X107.066 Y91.031 E.05572
G1 X107.097 Y91.448 E.01097
G1 X107.206 Y91.913 E.01255
G1 X107.386 Y92.356 E.01256
G1 X107.633 Y92.765 E.01256
G1 X107.942 Y93.13 E.01256
G1 X108.304 Y93.443 E.01256
G1 X108.71 Y93.695 E.01255
G1 X109.151 Y93.881 E.01256
G1 X109.615 Y93.995 E.01256
G1 X110.091 Y94.035 E.01256
G1 X110.117 Y94.033 E.00069
G1 X110.204 Y94.444 F18000
G1 F6000
G1 X110.631 Y94.412 E.01125
G1 X111.16 Y94.289 E.01428
G1 X111.663 Y94.083 E.01428
G1 X112.128 Y93.802 E.01427
G1 X112.544 Y93.452 E.01428
G1 X112.899 Y93.04 E.01428
G1 X113.186 Y92.578 E.01428
G1 X113.397 Y92.077 E.01428
G1 X113.526 Y91.55 E.01427
G1 X113.566 Y91.085 E.01225
G1 X113.578 Y88.931 E.05657
G1 X113.544 Y88.466 E.01225
G1 X113.42 Y87.937 E.01427
G1 X113.215 Y87.434 E.01428
G1 X112.934 Y86.968 E.01428
G1 X112.583 Y86.553 E.01428
G1 X112.172 Y86.198 E.01428
G1 X111.71 Y85.911 E.01427
G1 X111.209 Y85.7 E.01428
G1 X110.649 Y85.562 E.01515
G1 X110.033 Y85.532 E.0162
G1 X109.598 Y85.564 E.01146
G1 X109.069 Y85.688 E.01428
G1 X108.565 Y85.893 E.01428
G1 X108.1 Y86.174 E.01427
G1 X107.685 Y86.525 E.01428
G1 X107.329 Y86.936 E.01428
G1 X107.043 Y87.398 E.01428
G1 X106.832 Y87.899 E.01428
G1 X106.702 Y88.427 E.01427
G1 X106.663 Y88.892 E.01225
G1 X106.65 Y91.045 E.05657
G1 X106.684 Y91.511 E.01225
G1 X106.808 Y92.04 E.01427
G1 X107.013 Y92.543 E.01428
G1 X107.295 Y93.008 E.01428
G1 X107.645 Y93.424 E.01428
G1 X108.057 Y93.779 E.01428
G1 X108.518 Y94.065 E.01427
G1 X109.019 Y94.276 E.01428
G1 X109.547 Y94.406 E.01428
G1 X110.089 Y94.452 E.01428
G1 X110.144 Y94.448 E.00145
G1 E-1.75
;WIPE_START
G1 X110.631 Y94.412 E-.36612
G1 X111.129 Y94.296 E-.38388
;WIPE_END
G1 X111.546 Y98.089 Z3.16 F18000
G1 X112.7 Y108.577 Z3.16
G1 X112.729 Y108.975
G1 X112.718 Y111.032
G1 X112.684 Y111.43
G1 X109.405 Y125.799
G1 X108.912 Y125.914
G1 X108.443 Y126.105
G1 X108.01 Y126.367
G1 X107.624 Y126.694
G1 X107.293 Y127.077
G1 X107.026 Y127.507
G1 X106.829 Y127.973
G1 X106.708 Y128.465
G1 X106.668 Y128.941
G1 X106.656 Y130.998
G1 X106.691 Y131.474
G1 X106.806 Y131.967
G1 X106.997 Y132.436
G1 X107.26 Y132.869
G1 X107.586 Y133.256
G1 X107.969 Y133.586
G1 X108.399 Y133.853
G1 X108.866 Y134.05
G1 X109.357 Y134.171
G1 X109.862 Y134.213
G1 X109.894 Y134.211
G1 X109.864 Y133.799
G1 Z2.96
G1 E2.5 F6000
M204 P1000
;TYPE:Outer wall
;WIDTH:0.42
G1 F3600
G1 X110.304 Y133.766 E.01075
G1 X110.733 Y133.666 E.01075
G1 X111.142 Y133.499 E.01075
G1 X111.519 Y133.271 E.01075
G1 X111.856 Y132.987 E.01075
G1 X112.145 Y132.653 E.01075
G1 X112.377 Y132.278 E.01075
G1 X112.548 Y131.871 E.01075
G1 X112.654 Y131.443 E.01075
G1 X112.69 Y131.016 E.01045
G1 X112.702 Y128.992 E.04934
G1 X112.67 Y128.564 E.01045
G1 X112.57 Y128.134 E.01075
G1 X112.403 Y127.726 E.01075
G1 X112.175 Y127.348 E.01075
G1 X111.89 Y127.011 E.01075
G1 X111.557 Y126.723 E.01075
G1 X111.182 Y126.49 E.01075
G1 X110.775 Y126.319 E.01075
G1 X110.347 Y126.214 E.01075
G1 X109.908 Y126.177 E.01075
G1 X109.774 Y126.187 E.00327
G1 X109.468 Y126.209 E.00748
G1 X109.038 Y126.309 E.01075
G1 X108.63 Y126.476 E.01075
G1 X108.252 Y126.704 E.01075
G1 X107.915 Y126.989 E.01075
G1 X107.627 Y127.322 E.01075
G1 X107.394 Y127.697 E.01075
G1 X107.223 Y128.104 E.01075
G1 X107.118 Y128.532 E.01075
G1 X107.082 Y128.959 E.01045
G1 X107.07 Y130.984 E.04934
G1 X107.101 Y131.412 E.01045
G1 X107.202 Y131.841 E.01075
G1 X107.368 Y132.249 E.01075
G1 X107.597 Y132.627 E.01075
G1 X107.881 Y132.964 E.01075
G1 X108.215 Y133.252 E.01075
G1 X108.59 Y133.485 E.01075
G1 X108.996 Y133.656 E.01075
G1 X109.424 Y133.761 E.01075
G1 X109.804 Y133.793 E.00929
G1 X109.769 Y134.206 F18000
G1 X109.862 Y134.213
G1 X109.891 Y134.211
G1 X109.89 Y134.198
M204 P1500
;TYPE:Inner wall
;WIDTH:0.45
G1 F6000
G1 X110.365 Y134.164 E.01251
G1 X110.855 Y134.049 E.01324
G1 X111.322 Y133.859 E.01324
G1 X111.754 Y133.598 E.01324
G1 X112.139 Y133.272 E.01324
G1 X112.468 Y132.891 E.01324
G1 X112.734 Y132.463 E.01324
G1 X112.93 Y131.998 E.01324
G1 X113.05 Y131.508 E.01324
G1 X113.091 Y131.034 E.01251
G1 X113.102 Y128.978 E.054
G1 X113.068 Y128.503 E.01251
G1 X112.953 Y128.012 E.01324
G1 X112.762 Y127.545 E.01324
G1 X112.501 Y127.114 E.01324
G1 X112.176 Y126.729 E.01324
G1 X111.795 Y126.399 E.01324
G1 X111.366 Y126.133 E.01324
G1 X110.902 Y125.938 E.01324
G1 X110.412 Y125.817 E.01324
G1 X109.91 Y125.775 E.01324
G1 X109.744 Y125.787 E.00436
G1 X109.407 Y125.812 E.00889
G1 X108.916 Y125.926 E.01324
G1 X108.449 Y126.117 E.01324
G1 X108.018 Y126.378 E.01324
G1 X107.633 Y126.703 E.01324
G1 X107.303 Y127.084 E.01324
G1 X107.037 Y127.513 E.01324
G1 X106.842 Y127.977 E.01324
G1 X106.721 Y128.467 E.01324
G1 X106.681 Y128.941 E.01251
G1 X106.669 Y130.997 E.054
G1 X106.704 Y131.472 E.01251
G1 X106.819 Y131.963 E.01324
G1 X107.009 Y132.43 E.01324
G1 X107.27 Y132.861 E.01324
G1 X107.595 Y133.247 E.01324
G1 X107.977 Y133.576 E.01324
G1 X108.405 Y133.842 E.01324
G1 X108.87 Y134.037 E.01324
G1 X109.359 Y134.158 E.01324
G1 X109.83 Y134.198 E.0124
G1 X109.802 Y134.613 F18000
G1 F6000
G1 X109.859 Y134.617 E.0015
G1 X110.427 Y134.576 E.01496
G1 X110.982 Y134.446 E.01496
G1 X111.509 Y134.231 E.01496
G1 X111.997 Y133.936 E.01496
G1 X112.432 Y133.569 E.01496
G1 X112.804 Y133.138 E.01496
G1 X113.105 Y132.654 E.01496
G1 X113.326 Y132.129 E.01496
G1 X113.462 Y131.576 E.01496
G1 X113.506 Y131.053 E.0138
G1 X113.518 Y128.964 E.05486
G1 X113.48 Y128.44 E.0138
G1 X113.35 Y127.886 E.01496
G1 X113.135 Y127.358 E.01496
G1 X112.84 Y126.871 E.01496
G1 X112.473 Y126.436 E.01496
G1 X112.042 Y126.063 E.01496
G1 X111.558 Y125.763 E.01496
G1 X111.033 Y125.542 E.01496
G1 X110.48 Y125.406 E.01496
G1 X109.912 Y125.358 E.01496
G1 X109.714 Y125.372 E.00522
G1 X109.344 Y125.399 E.00975
G1 X108.79 Y125.529 E.01496
G1 X108.262 Y125.744 E.01496
G1 X107.775 Y126.039 E.01496
G1 X107.34 Y126.406 E.01496
G1 X106.967 Y126.837 E.01496
G1 X106.667 Y127.321 E.01496
G1 X106.446 Y127.846 E.01496
G1 X106.31 Y128.399 E.01496
G1 X106.265 Y128.923 E.0138
G1 X106.254 Y131.011 E.05486
G1 X106.292 Y131.535 E.0138
G1 X106.422 Y132.089 E.01496
G1 X106.637 Y132.617 E.01496
G1 X106.931 Y133.104 E.01496
G1 X107.299 Y133.54 E.01496
G1 X107.73 Y133.912 E.01496
G1 X108.214 Y134.212 E.01496
G1 X108.739 Y134.433 E.01496
G1 X109.292 Y134.569 E.01496
G1 X109.743 Y134.608 E.01189
G1 X109.943 Y135.028 F18000
G1 F6000
G1 X110.49 Y134.988 E.01442
G1 X111.109 Y134.843 E.01668
G1 X111.697 Y134.604 E.01668
G1 X112.24 Y134.275 E.01668
G1 X112.725 Y133.866 E.01668
G1 X113.14 Y133.385 E.01668
G1 X113.475 Y132.845 E.01668
G1 X113.722 Y132.26 E.01668
G1 X113.873 Y131.644 E.01668
G1 X113.922 Y131.071 E.01508
G1 X113.934 Y128.95 E.05572
G1 X113.892 Y128.377 E.01509
G1 X113.747 Y127.759 E.01668
G1 X113.508 Y127.171 E.01668
G1 X113.179 Y126.628 E.01668
G1 X112.769 Y126.142 E.01668
G1 X112.289 Y125.727 E.01668
G1 X111.749 Y125.393 E.01668
G1 X111.164 Y125.146 E.01668
G1 X110.547 Y124.994 E.01668
G1 X109.915 Y124.941 E.01668
G1 X109.684 Y124.958 E.00608
G1 X109.281 Y124.987 E.01061
G1 X108.663 Y125.132 E.01668
G1 X108.075 Y125.372 E.01668
G1 X107.532 Y125.7 E.01668
G1 X107.046 Y126.11 E.01668
G1 X106.631 Y126.59 E.01668
G1 X106.296 Y127.13 E.01668
G1 X106.05 Y127.715 E.01668
G1 X105.898 Y128.332 E.01668
G1 X105.85 Y128.904 E.01508
G1 X105.838 Y131.025 E.05572
G1 X105.88 Y131.598 E.01509
G1 X106.024 Y132.216 E.01668
G1 X106.264 Y132.804 E.01668
G1 X106.593 Y133.348 E.01668
G1 X107.002 Y133.833 E.01668
G1 X107.483 Y134.248 E.01668
G1 X108.022 Y134.583 E.01668
G1 X108.608 Y134.829 E.01668
G1 X109.224 Y134.981 E.01668
G1 X109.857 Y135.034 E.01668
G1 X109.883 Y135.032 E.00069
G1 X109.74 Y135.442 F18000
G1 F6000
G1 X109.855 Y135.451 E.00303
G1 X110.553 Y135.4 E.0184
G1 X111.235 Y135.241 E.0184
G1 X111.884 Y134.976 E.0184
G1 X112.483 Y134.614 E.0184
G1 X113.018 Y134.162 E.0184
G1 X113.476 Y133.632 E.0184
G1 X113.846 Y133.037 E.0184
G1 X114.117 Y132.391 E.0184
G1 X114.285 Y131.711 E.0184
G1 X114.337 Y131.09 E.01637
G1 X114.35 Y128.936 E.05657
G1 X114.304 Y128.315 E.01637
G1 X114.145 Y127.633 E.01839
G1 X113.88 Y126.984 E.0184
G1 X113.518 Y126.385 E.0184
G1 X113.066 Y125.849 E.0184
G1 X112.536 Y125.391 E.0184
G1 X111.941 Y125.022 E.0184
G1 X111.295 Y124.75 E.0184
G1 X110.615 Y124.583 E.0184
G1 X109.917 Y124.524 E.0184
G1 X109.654 Y124.543 E.00694
G1 X109.218 Y124.575 E.01147
G1 X108.536 Y124.735 E.0184
G1 X107.888 Y124.999 E.0184
G1 X107.289 Y125.362 E.0184
G1 X106.753 Y125.813 E.0184
G1 X106.295 Y126.343 E.0184
G1 X105.926 Y126.939 E.0184
G1 X105.654 Y127.584 E.0184
G1 X105.487 Y128.264 E.0184
G1 X105.434 Y128.885 E.01637
G1 X105.422 Y131.039 E.05657
G1 X105.467 Y131.661 E.01637
G1 X105.627 Y132.343 E.01839
G1 X105.891 Y132.991 E.0184
G1 X106.254 Y133.591 E.0184
G1 X106.706 Y134.126 E.0184
G1 X107.236 Y134.584 E.0184
G1 X107.831 Y134.953 E.0184
G1 X108.476 Y135.225 E.0184
G1 X109.157 Y135.392 E.0184
G1 X109.68 Y135.436 E.0138
G1 E-1.75
;WIPE_START
G1 X109.855 Y135.451 E-.1315
G1 X110.553 Y135.4 E-.52541
G1 X110.674 Y135.372 E-.09309
;WIPE_END
G1 X112.479 Y132.899 Z3.16 F18000
G1 X112.746 Y132.469
G1 X112.942 Y132.002
G1 X113.063 Y131.51
G1 X113.103 Y131.034
G1 X113.115 Y128.978
G1 X113.08 Y128.501
G1 X112.965 Y128.008
G1 X112.774 Y127.54
G1 X112.512 Y127.106
G1 X112.185 Y126.72
G1 X111.802 Y126.389
G1 X111.372 Y126.122
G1 X110.906 Y125.925
G1 X110.414 Y125.804
G1 X110.374 Y125.801
G1 X110.011 Y113.711
G1 X109.981 Y113.299
G1 Z2.96
G1 E2.5 F6000
M204 P1000
;TYPE:Outer wall
;WIDTH:0.42
G1 F3600
G1 X110.343 Y113.272 E.00883
G1 X110.696 Y113.19 E.00884
G1 X111.032 Y113.053 E.00884
G1 X111.342 Y112.865 E.00884
G1 X111.619 Y112.631 E.00884
G1 X111.856 Y112.357 E.00884
G1 X112.047 Y112.049 E.00884
G1 X112.188 Y111.715 E.00884
G1 X112.275 Y111.362 E.00884
G1 X112.304 Y111.013 E.00854
G1 X112.316 Y108.989 E.04934
G1 X112.29 Y108.64 E.00854
G1 X112.208 Y108.286 E.00884
G1 X112.071 Y107.951 E.00884
G1 X111.883 Y107.64 E.00884
G1 X111.649 Y107.363 E.00884
G1 X111.375 Y107.126 E.00884
G1 X111.067 Y106.935 E.00884
G1 X110.732 Y106.794 E.00884
G1 X110.377 Y106.707 E.00893
G1 X109.92 Y106.684 E.01115
G1 X109.657 Y106.703 E.00641
G1 X109.304 Y106.786 E.00884
G1 X108.968 Y106.923 E.00884
G1 X108.658 Y107.111 E.00884
G1 X108.381 Y107.345 E.00884
G1 X108.144 Y107.619 E.00884
G1 X107.953 Y107.927 E.00884
G1 X107.812 Y108.261 E.00884
G1 X107.725 Y108.613 E.00884
G1 X107.696 Y108.963 E.00854
G1 X107.684 Y110.987 E.04934
G1 X107.71 Y111.336 E.00854
G1 X107.792 Y111.69 E.00884
G1 X107.929 Y112.025 E.00884
G1 X108.117 Y112.336 E.00884
G1 X108.351 Y112.613 E.00884
G1 X108.625 Y112.85 E.00884
G1 X108.933 Y113.041 E.00884
G1 X109.268 Y113.182 E.00884
G1 X109.62 Y113.268 E.00884
G1 X109.921 Y113.294 E.00738
G1 X109.887 Y113.706 F18000
G1 X109.979 Y113.714
G1 X110.008 Y113.712
G1 X110.007 Y113.699
M204 P1500
;TYPE:Inner wall
;WIDTH:0.45
G1 F6000
G1 X110.403 Y113.67 E.01045
G1 X110.818 Y113.573 E.01118
G1 X111.212 Y113.412 E.01118
G1 X111.576 Y113.192 E.01118
G1 X111.902 Y112.917 E.01118
G1 X112.18 Y112.595 E.01118
G1 X112.404 Y112.233 E.01118
G1 X112.57 Y111.841 E.01118
G1 X112.671 Y111.428 E.01118
G1 X112.705 Y111.031 E.01045
G1 X112.716 Y108.976 E.054
G1 X112.688 Y108.579 E.01045
G1 X112.591 Y108.164 E.01118
G1 X112.43 Y107.77 E.01118
G1 X112.21 Y107.406 E.01118
G1 X111.935 Y107.081 E.01118
G1 X111.613 Y106.802 E.01118
G1 X111.251 Y106.578 E.01118
G1 X110.859 Y106.413 E.01118
G1 X110.435 Y106.308 E.01147
G1 X109.915 Y106.283 E.01367
G1 X109.597 Y106.306 E.00838
G1 X109.182 Y106.403 E.01118
G1 X108.788 Y106.564 E.01118
G1 X108.424 Y106.784 E.01118
G1 X108.098 Y107.059 E.01118
G1 X107.82 Y107.381 E.01118
G1 X107.596 Y107.743 E.01118
G1 X107.43 Y108.135 E.01118
G1 X107.329 Y108.548 E.01118
G1 X107.295 Y108.945 E.01045
G1 X107.284 Y111 E.054
G1 X107.312 Y111.397 E.01045
G1 X107.409 Y111.812 E.01118
G1 X107.57 Y112.206 E.01118
G1 X107.79 Y112.57 E.01118
G1 X108.065 Y112.895 E.01118
G1 X108.387 Y113.174 E.01118
G1 X108.749 Y113.398 E.01118
G1 X109.141 Y113.563 E.01118
G1 X109.555 Y113.665 E.01118
G1 X109.947 Y113.698 E.01034
G1 X110.033 Y114.114 F18000
G1 F6000
G1 X110.466 Y114.082 E.0114
G1 X110.944 Y113.97 E.0129
G1 X111.399 Y113.785 E.0129
G1 X111.819 Y113.53 E.0129
G1 X112.195 Y113.214 E.0129
G1 X112.516 Y112.842 E.0129
G1 X112.775 Y112.425 E.0129
G1 X112.965 Y111.972 E.0129
G1 X113.083 Y111.495 E.0129
G1 X113.12 Y111.05 E.01173
G1 X113.132 Y108.962 E.05486
G1 X113.1 Y108.516 E.01174
G1 X112.988 Y108.038 E.0129
G1 X112.802 Y107.583 E.0129
G1 X112.548 Y107.163 E.0129
G1 X112.231 Y106.788 E.0129
G1 X111.86 Y106.466 E.0129
G1 X111.443 Y106.207 E.0129
G1 X110.99 Y106.017 E.0129
G1 X110.495 Y105.895 E.01338
G1 X109.91 Y105.867 E.01539
G1 X109.534 Y105.894 E.00991
G1 X109.056 Y106.006 E.0129
G1 X108.601 Y106.191 E.0129
G1 X108.181 Y106.445 E.0129
G1 X107.805 Y106.762 E.0129
G1 X107.484 Y107.134 E.0129
G1 X107.225 Y107.551 E.0129
G1 X107.035 Y108.004 E.0129
G1 X106.917 Y108.481 E.0129
G1 X106.88 Y108.926 E.01173
G1 X106.868 Y111.014 E.05486
G1 X106.9 Y111.46 E.01174
G1 X107.012 Y111.938 E.0129
G1 X107.198 Y112.393 E.0129
G1 X107.452 Y112.813 E.0129
G1 X107.769 Y113.188 E.0129
G1 X108.14 Y113.509 E.0129
G1 X108.557 Y113.768 E.0129
G1 X109.01 Y113.959 E.0129
G1 X109.487 Y114.076 E.0129
G1 X109.973 Y114.117 E.01282
G1 X109.888 Y114.527 F18000
G1 F6000
G1 X109.974 Y114.535 E.00226
G1 X110.529 Y114.494 E.01462
G1 X111.071 Y114.367 E.01462
G1 X111.586 Y114.157 E.01462
G1 X112.063 Y113.869 E.01462
G1 X112.488 Y113.51 E.01462
G1 X112.852 Y113.089 E.01462
G1 X113.145 Y112.616 E.01462
G1 X113.361 Y112.103 E.01462
G1 X113.494 Y111.563 E.01462
G1 X113.536 Y111.069 E.01302
G1 X113.548 Y108.948 E.05572
G1 X113.512 Y108.453 E.01302
G1 X113.385 Y107.911 E.01462
G1 X113.175 Y107.396 E.01462
G1 X112.887 Y106.92 E.01462
G1 X112.528 Y106.494 E.01462
G1 X112.107 Y106.131 E.01462
G1 X111.634 Y105.837 E.01462
G1 X111.121 Y105.621 E.01462
G1 X110.556 Y105.482 E.01529
G1 X109.905 Y105.45 E.01711
G1 X109.471 Y105.482 E.01143
G1 X108.929 Y105.609 E.01462
G1 X108.414 Y105.819 E.01462
G1 X107.937 Y106.107 E.01462
G1 X107.512 Y106.466 E.01462
G1 X107.148 Y106.887 E.01462
G1 X106.855 Y107.36 E.01462
G1 X106.639 Y107.873 E.01462
G1 X106.506 Y108.413 E.01462
G1 X106.464 Y108.907 E.01302
G1 X106.452 Y111.028 E.05572
G1 X106.488 Y111.523 E.01302
G1 X106.615 Y112.065 E.01462
G1 X106.825 Y112.58 E.01462
G1 X107.113 Y113.056 E.01462
G1 X107.472 Y113.482 E.01462
G1 X107.893 Y113.845 E.01462
G1 X108.366 Y114.139 E.01462
G1 X108.879 Y114.355 E.01462
G1 X109.419 Y114.488 E.01462
G1 X109.828 Y114.522 E.01078
G1 X110.086 Y114.943 F18000
G1 F6000
G1 X110.592 Y114.906 E.01331
G1 X111.198 Y114.765 E.01634
G1 X111.774 Y114.53 E.01634
G1 X112.306 Y114.208 E.01634
G1 X112.781 Y113.807 E.01634
G1 X113.188 Y113.336 E.01634
G1 X113.516 Y112.808 E.01634
G1 X113.757 Y112.234 E.01634
G1 X113.906 Y111.63 E.01634
G1 X113.951 Y111.087 E.01431
G1 X113.964 Y108.934 E.05657
G1 X113.924 Y108.39 E.01431
G1 X113.782 Y107.785 E.01634
G1 X113.548 Y107.209 E.01634
G1 X113.226 Y106.677 E.01634
G1 X112.824 Y106.201 E.01634
G1 X112.354 Y105.795 E.01634
G1 X111.825 Y105.467 E.01634
G1 X111.252 Y105.225 E.01634
G1 X110.616 Y105.069 E.01721
G1 X109.9 Y105.034 E.01883
G1 X109.408 Y105.07 E.01296
G1 X108.802 Y105.211 E.01634
G1 X108.226 Y105.446 E.01634
G1 X107.694 Y105.768 E.01634
G1 X107.219 Y106.169 E.01634
G1 X106.812 Y106.64 E.01634
G1 X106.484 Y107.168 E.01634
G1 X106.243 Y107.742 E.01634
G1 X106.094 Y108.346 E.01634
G1 X106.049 Y108.888 E.01431
G1 X106.036 Y111.042 E.05657
G1 X106.076 Y111.586 E.01431
G1 X106.218 Y112.191 E.01634
G1 X106.452 Y112.767 E.01634
G1 X106.774 Y113.299 E.01634
G1 X107.176 Y113.775 E.01634
G1 X107.646 Y114.181 E.01634
G1 X108.175 Y114.509 E.01634
G1 X108.748 Y114.751 E.01634
G1 X109.352 Y114.899 E.01634
G1 X109.972 Y114.952 E.01634
G1 X110.027 Y114.948 E.00145
G1 X100.859 Y139.426 F18000
M204 P500
;TYPE:Internal Bridge
;WIDTH:0.379473
;HEIGHT:0.379473
G1 F2250
M106 S127
G1 X101.151 Y139.718 E.01845
G1 X101.762 Y139.721 E.02729
G1 X101.054 Y139.014 E.04468
G1 X101.058 Y138.41 E.02698
G1 X102.372 Y139.725 E.08306
G1 X102.983 Y139.728 E.02729
G1 X101.061 Y137.806 E.12143
G1 X101.065 Y137.202 E.02698
G1 X103.594 Y139.732 E.1598
G1 X104.205 Y139.735 E.02729
G1 X101.068 Y136.598 E.19817
G1 X101.071 Y135.994 E.02698
G1 X104.816 Y139.739 E.23654
G1 X105.427 Y139.742 E.02729
G1 X101.075 Y135.39 E.27491
G1 X101.078 Y134.787 E.02698
G1 X106.038 Y139.746 E.31328
G1 X106.648 Y139.749 E.02729
G1 X101.082 Y134.183 E.35165
G1 X101.085 Y133.579 E.02698
G1 X107.259 Y139.753 E.39002
G1 X107.87 Y139.756 E.02729
G1 X101.089 Y132.975 E.4284
G1 X101.092 Y132.371 E.02698
G1 X108.481 Y139.76 E.46677
G1 X109.092 Y139.763 E.02729
G1 X101.096 Y131.767 E.50514
G1 X101.099 Y131.163 E.02698
G1 X109.703 Y139.767 E.54351
G1 X110.314 Y139.77 E.02729
G1 X101.102 Y130.559 E.58188
G1 X101.106 Y129.955 E.02698
G1 X110.924 Y139.774 E.62025
G1 X111.535 Y139.777 E.02729
G1 X101.109 Y129.351 E.65862
G1 X101.113 Y128.747 E.02698
G1 X105.637 Y133.272 E.28583
G1 X105.959 Y133.803 E.02771
G1 X106.447 Y134.382 E.03385
G1 X107.02 Y134.877 E.03383
G1 X107.605 Y135.24 E.03074
G1 X112.146 Y139.781 E.28686
G1 X112.757 Y139.784 E.02729
G1 X108.602 Y135.629 E.26248
G1 X109.098 Y135.751 E.0228
G1 X109.353 Y135.773 E.01145
G1 X113.368 Y139.788 E.25363
G1 X113.979 Y139.791 E.02729
G1 X109.992 Y135.805 E.25183
G1 X110.558 Y135.763 E.02535
G1 X114.59 Y139.795 E.25466
G1 X115.2 Y139.798 E.02729
G1 X111.057 Y135.655 E.26175
G1 X111.346 Y135.587 E.01324
G1 X111.524 Y135.514 E.00861
G1 X115.811 Y139.802 E.27083
G1 X116.422 Y139.805 E.02729
G1 X111.956 Y135.338 E.28216
G1 X112.047 Y135.301 E.00441
G1 X112.345 Y135.121 E.01557
G1 X117.033 Y139.808 E.29613
G1 X117.644 Y139.812 E.02729
G1 X112.72 Y134.888 E.31105
G1 X113.049 Y134.61 E.01925
G1 X118.255 Y139.815 E.32883
G1 X118.61 Y139.818 E.01586
G1 X118.611 Y139.565 E.0113
G1 X113.363 Y134.317 E.33151
G1 X113.645 Y133.991 E.01924
G1 X118.615 Y138.961 E.31394
G1 X118.618 Y138.357 E.02698
G1 X113.899 Y133.638 E.2981
G1 X114.132 Y133.263 E.0197
G1 X118.621 Y137.753 E.28362
G1 X118.625 Y137.149 E.02698
G1 X114.32 Y132.844 E.27195
G1 X114.463 Y132.505 E.01641
G1 X114.487 Y132.404 E.00466
G1 X118.628 Y136.545 E.26159
G1 X118.632 Y135.941 E.02698
G1 X114.607 Y131.917 E.25423
G1 X114.644 Y131.77 E.00675
G1 X114.677 Y131.378 E.01755
G1 X118.635 Y135.337 E.25008
G1 X118.639 Y134.733 E.02698
G1 X114.701 Y130.796 E.24873
G1 X114.705 Y130.192 E.02698
G1 X118.642 Y134.129 E.24873
G1 X118.646 Y133.525 E.02698
G1 X114.708 Y129.588 E.24873
G1 X114.712 Y128.984 E.02698
G1 X118.649 Y132.921 E.24873
G1 X118.652 Y132.318 E.02698
G1 X114.669 Y128.334 E.25164
G1 X114.499 Y127.557 E.03554
G1 X118.848 Y131.906 E.27474
G1 X110.859 Y134.061 F18000
G1 X110.367 Y134.177
G1 X109.862 Y134.213
G1 X109.357 Y134.171
G1 X108.866 Y134.05
G1 X108.399 Y133.853
G1 X105.533 Y132.56
G1 F2250
G1 X101.116 Y128.143 E.27901
G1 X101.12 Y127.539 E.02698
G1 X105.093 Y131.513 E.25101
G1 X105.061 Y130.873 E.02863
G1 X101.123 Y126.936 E.24873
G1 X101.127 Y126.332 E.02698
G1 X105.064 Y130.269 E.24873
G1 X105.067 Y129.665 E.02698
G1 X101.13 Y125.728 E.24873
G1 X101.134 Y125.124 E.02698
G1 X105.071 Y129.061 E.24873
G1 X105.104 Y128.487 E.02568
G1 X101.137 Y124.52 E.25062
G1 X101.14 Y123.916 E.02698
G1 X105.188 Y127.963 E.25567
G1 X105.308 Y127.476 E.02242
G1 X101.144 Y123.312 E.26303
G1 X101.147 Y122.708 E.02698
G1 X105.487 Y127.048 E.27413
G1 X105.603 Y126.772 E.01337
G1 X105.685 Y126.639 E.00698
G1 X101.151 Y122.104 E.28646
G1 X101.154 Y121.5 E.02698
G1 X105.918 Y126.264 E.30093
G1 X106.002 Y126.128 E.00715
G1 X106.182 Y125.92 E.01225
G1 X101.158 Y120.896 E.31738
G1 X101.161 Y120.292 E.02698
G1 X106.463 Y125.595 E.33494
G1 X106.787 Y125.311 E.01923
G1 X101.165 Y119.689 E.35516
G1 X101.168 Y119.085 E.02698
G1 X107.122 Y125.039 E.37613
G1 X107.5 Y124.81 E.01976
G1 X101.171 Y118.481 E.39981
G1 X101.175 Y117.877 E.02698
G1 X107.9 Y124.602 E.42487
G1 X108.332 Y124.427 E.02082
G1 X101.178 Y117.273 E.45191
G1 X101.182 Y116.669 E.02698
G1 X108.811 Y124.298 E.48195
G1 X109.163 Y124.216 E.01617
G1 X109.324 Y124.204 E.00719
G1 X101.185 Y116.065 E.51414
G1 X101.189 Y115.461 E.02698
G1 X109.89 Y124.163 E.54969
G1 X110.549 Y124.214 E.0295
G1 X101.192 Y114.857 E.59106
G1 X101.196 Y114.253 E.02698
G1 X111.665 Y124.722 E.66135
G1 X118.852 Y131.302 F18000
G1 F2250
G1 X101.199 Y113.649 E1.11514
G1 X101.203 Y113.045 E.02698
G1 X118.663 Y130.506 E1.103
G1 X118.666 Y129.902 E.02698
G1 X101.206 Y112.442 E1.103
G1 X101.209 Y111.838 E.02698
G1 X118.67 Y129.298 E1.103
G1 X118.673 Y128.694 E.02698
G1 X101.213 Y111.234 E1.103
G1 X101.216 Y110.63 E.02698
G1 X118.677 Y128.09 E1.103
G1 X118.68 Y127.486 E.02698
G1 X101.22 Y110.026 E1.103
G1 X101.223 Y109.422 E.02698
G1 X118.684 Y126.882 E1.103
G1 X118.687 Y126.278 E.02698
G1 X101.227 Y108.818 E1.103
G1 X101.23 Y108.214 E.02698
G1 X118.69 Y125.674 E1.103
G1 X118.694 Y125.071 E.02698
G1 X108.747 Y115.124 E.62837
G1 X109.293 Y115.258 E.02512
G1 X109.507 Y115.276 E.00959
G1 X118.697 Y124.467 E.58059
G1 X118.701 Y123.863 E.02698
G1 X110.141 Y115.303 E.54075
G1 X110.699 Y115.254 E.02503
G1 X118.704 Y123.259 E.50571
G1 X118.708 Y122.655 E.02698
G1 X111.191 Y115.138 E.47483
G1 X111.308 Y115.111 E.00536
G1 X111.637 Y114.977 E.01587
G1 X118.711 Y122.051 E.44688
G1 X118.715 Y121.447 E.02698
G1 X112.052 Y114.785 E.42087
G1 X112.431 Y114.556 E.01976
G1 X118.718 Y120.843 E.39718
G1 X118.721 Y120.239 E.02698
G1 X112.771 Y114.289 E.37588
G1 X113.091 Y114.002 E.01921
G1 X118.725 Y119.635 E.35588
G1 X118.728 Y119.031 E.02698
G1 X113.373 Y113.676 E.33831
G1 X113.481 Y113.551 E.00735
G1 X113.624 Y113.32 E.01217
G1 X118.732 Y118.427 E.32266
G1 X118.735 Y117.824 E.02698
G1 X113.853 Y112.941 E.30844
G1 X114.033 Y112.514 E.02072
G1 X118.739 Y117.22 E.29729
G1 X118.742 Y116.616 E.02698
G1 X114.176 Y112.049 E.28847
G1 X114.264 Y111.689 E.01656
G1 X114.277 Y111.543 E.00656
G1 X118.746 Y116.012 E.28231
G1 X118.749 Y115.408 E.02698
G1 X114.315 Y110.973 E.28014
G1 X114.318 Y110.369 E.02698
G1 X118.753 Y114.804 E.28014
G1 X118.756 Y114.2 E.02698
G1 X114.321 Y109.766 E.28014
G1 X114.325 Y109.162 E.02698
G1 X118.759 Y113.596 E.28014
G1 X118.763 Y112.992 E.02698
G1 X114.297 Y108.527 E.28209
G1 X114.284 Y108.335 E.00857
G1 X114.152 Y107.774 E.02575
G1 X118.958 Y112.58 E.30363
G1 X110.405 Y113.683 F18000
G1 X109.979 Y113.714
G1 X109.553 Y113.678
G1 X109.137 Y113.576
G1 X108.743 Y113.41
G1 X108.38 Y113.184
G1 X101.041 Y107.418
G1 F2250
G1 X105.855 Y112.231 E.30407
G1 X105.716 Y111.64 E.02711
G1 X105.704 Y111.474 E.00747
G1 X101.237 Y107.006 E.28221
G1 X101.24 Y106.402 E.02698
G1 X105.675 Y110.837 E.28014
G1 X105.678 Y110.233 E.02698
G1 X101.244 Y105.798 E.28014
G1 X101.247 Y105.195 E.02698
G1 X105.682 Y109.629 E.28014
G1 X105.685 Y109.025 E.02698
G1 X101.251 Y104.591 E.28014
G1 X101.254 Y103.987 E.02698
G1 X105.721 Y108.454 E.2822
G1 X105.736 Y108.287 E.0075
G1 X105.82 Y107.945 E.01572
G1 X101.258 Y103.383 E.28819
G1 X101.261 Y102.779 E.02698
G1 X105.961 Y107.478 E.29687
G1 X106.141 Y107.051 E.02072
G1 X101.265 Y102.175 E.30802
G1 X101.268 Y101.571 E.02698
G1 X106.367 Y106.67 E.32211
G1 X106.519 Y106.424 E.01291
G1 X106.617 Y106.312 E.00663
G1 X101.271 Y100.967 E.33766
G1 X101.275 Y100.363 E.02698
G1 X106.898 Y105.986 E.35522
G1 X106.963 Y105.911 E.00446
G1 X107.216 Y105.697 E.01478
G1 X101.278 Y99.759 E.37511
G1 X101.282 Y99.155 E.02698
G1 X107.555 Y105.429 E.39629
G1 X107.933 Y105.2 E.01976
G1 X101.285 Y98.551 E.41998
G1 X101.289 Y97.948 E.02698
G1 X108.347 Y105.006 E.44587
G1 X108.692 Y104.865 E.01665
G1 X108.79 Y104.842 E.00452
G1 X101.292 Y97.344 E.47368
G1 X101.296 Y96.74 E.02698
G1 X109.283 Y104.727 E.50455
G1 X109.838 Y104.675 E.02492
G1 X101.299 Y96.136 E.53943
G1 X101.303 Y95.532 E.02698
G1 X110.469 Y104.699 E.57909
G1 X110.669 Y104.708 E.00892
G1 X111.223 Y104.845 E.02549
G1 X101.306 Y94.928 E.62647
G1 X101.309 Y94.324 E.02698
G1 X118.77 Y111.784 E1.103
G1 X118.773 Y111.18 E.02698
G1 X101.313 Y93.72 E1.103
G1 X101.316 Y93.116 E.02698
G1 X118.777 Y110.577 E1.103
G1 X118.78 Y109.973 E.02698
G1 X101.32 Y92.512 E1.103
G1 X101.323 Y91.908 E.02698
G1 X118.784 Y109.369 E1.103
G1 X118.787 Y108.765 E.02698
G1 X101.327 Y91.304 E1.103
G1 X101.33 Y90.701 E.02698
G1 X118.79 Y108.161 E1.103
G1 X118.794 Y107.557 E.02698
G1 X101.334 Y90.097 E1.103
G1 X101.337 Y89.493 E.02698
G1 X118.797 Y106.953 E1.103
G1 X118.801 Y106.349 E.02698
G1 X101.34 Y88.889 E1.103
G1 X101.344 Y88.285 E.02698
G1 X118.804 Y105.745 E1.103
G1 X118.808 Y105.141 E.02698
G1 X101.347 Y87.681 E1.103
G1 X101.351 Y87.077 E.02698
G1 X106.488 Y92.214 E.32452
G1 X106.688 Y92.706 E.02374
G1 X106.999 Y93.22 E.02683
G1 X107.387 Y93.679 E.02684
G1 X107.841 Y94.072 E.02683
G1 X108.351 Y94.388 E.02681
G1 X108.888 Y94.614 E.02602
G1 X118.811 Y104.537 E.62686
G1 X118.815 Y103.933 E.02698
G1 X109.661 Y94.779 E.57827
G1 X110.087 Y94.816 E.0191
G1 X110.289 Y94.801 E.00907
G1 X118.818 Y103.33 E.53878
G1 X118.821 Y102.726 E.02698
G1 X110.833 Y94.737 E.50464
G1 X111.319 Y94.615 E.02236
G1 X118.825 Y102.122 E.47419
G1 X118.828 Y101.518 E.02698
G1 X111.75 Y94.439 E.44715
G1 X112.138 Y94.22 E.01991
G1 X118.832 Y100.914 E.42287
G1 X118.835 Y100.31 E.02698
G1 X112.494 Y93.968 E.40062
G1 X112.819 Y93.687 E.01924
G1 X118.839 Y99.706 E.38025
G1 X118.842 Y99.102 E.02698
G1 X113.101 Y93.361 E.36269
G1 X113.192 Y93.255 E.00622
G1 X113.349 Y93.002 E.01333
G1 X118.846 Y98.498 E.34721
G1 X118.849 Y97.894 E.02698
G1 X113.565 Y92.611 E.33378
G1 X113.744 Y92.182 E.02075
G1 X118.853 Y97.29 E.32271
G1 X118.856 Y96.686 E.02698
G1 X113.864 Y91.695 E.31535
G1 X113.924 Y91.147 E.02459
G1 X118.859 Y96.083 E.31177
G1 X118.863 Y95.479 E.02698
G1 X113.931 Y90.547 E.31154
G1 X113.935 Y89.943 E.02698
G1 X118.866 Y94.875 E.31154
G1 X118.87 Y94.271 E.02698
G1 X113.938 Y89.339 E.31154
G1 X113.926 Y88.72 E.02768
G1 X118.873 Y93.667 E.31253
G1 X118.877 Y93.063 E.02698
G1 X113.501 Y87.688 E.33957
G1 X110.82 Y86.875 F18000
G1 X110.481 Y86.792
G1 X110.133 Y86.763
G1 X109.784 Y86.788
G1 X109.444 Y86.867
G1 X109.121 Y86.999
G1 X108.822 Y87.18
G1 X108.555 Y87.405
G1 X108.327 Y87.67
G1 X108.142 Y87.967
G1 X106.547 Y91.666
G1 F2250
G1 X101.354 Y86.473 E.32803
G1 X101.358 Y85.869 E.02698
G1 X106.289 Y90.801 E.31154
G1 X106.293 Y90.197 E.02698
G1 X101.361 Y85.265 E.31154
G1 X101.365 Y84.661 E.02698
G1 X106.296 Y89.593 E.31154
G1 X106.3 Y88.989 E.02698
G1 X101.368 Y84.057 E.31154
G1 X101.372 Y83.454 E.02698
G1 X106.339 Y88.421 E.31379
G1 X106.452 Y87.927 E.02265
G1 X101.379 Y82.854 E.32046
G1 X101.685 Y82.552 E.01918
G1 X106.614 Y87.482 E.31143
G1 X106.72 Y87.231 E.01213
G1 X106.816 Y87.076 E.00817
G1 X101.99 Y82.25 E.30488
G1 X102.295 Y81.948 E.01918
G1 X107.051 Y86.704 E.30044
G1 X107.333 Y86.378 E.01924
G1 X102.601 Y81.646 E.29893
G1 X102.906 Y81.344 E.01918
G1 X107.646 Y86.084 E.29941
G1 X107.888 Y85.879 E.01417
G1 X107.988 Y85.819 E.00522
G1 X103.212 Y81.042 E.30175
G1 X103.517 Y80.74 E.01918
G1 X108.367 Y85.59 E.30636
G1 X108.793 Y85.409 E.02069
G1 X103.822 Y80.438 E.31401
G1 X104.09 Y80.174 E.01679
G1 X104.166 Y80.174 E.0034
G1 X109.262 Y85.27 E.32194
G1 X109.543 Y85.205 E.01288
G1 X109.786 Y85.187 E.01089
G1 X104.777 Y80.178 E.31645
G1 X105.388 Y80.181 E.02729
G1 X110.394 Y85.187 E.31623
G1 X110.701 Y85.202 E.01377
G1 X111.118 Y85.305 E.01918
G1 X105.999 Y80.185 E.32344
G1 X106.609 Y80.188 E.02729
G1 X118.88 Y92.459 E.77517
G1 X118.884 Y91.855 E.02698
G1 X107.22 Y80.192 E.7368
G1 X107.831 Y80.195 E.02729
G1 X118.887 Y91.251 E.69843
G1 X118.89 Y90.647 E.02698
G1 X108.442 Y80.199 E.66006
G1 X109.053 Y80.202 E.02729
G1 X118.894 Y90.043 E.62169
G1 X118.897 Y89.439 E.02698
G1 X109.664 Y80.206 E.58331
G1 X110.274 Y80.209 E.02729
G1 X118.901 Y88.836 E.54494
G1 X118.904 Y88.232 E.02698
G1 X110.885 Y80.213 E.50657
G1 X111.496 Y80.216 E.02729
G1 X118.908 Y87.628 E.4682
G1 X118.911 Y87.024 E.02698
G1 X112.107 Y80.22 E.42983
G1 X112.718 Y80.223 E.02729
G1 X118.915 Y86.42 E.39146
G1 X118.918 Y85.816 E.02698
G1 X113.329 Y80.227 E.35309
G1 X113.94 Y80.23 E.02729
G1 X118.922 Y85.212 E.31472
G1 X118.925 Y84.608 E.02698
G1 X114.55 Y80.234 E.27635
G1 X115.161 Y80.237 E.02729
G1 X118.928 Y84.004 E.23797
G1 X118.932 Y83.4 E.02698
G1 X115.772 Y80.241 E.1996
G1 X116.383 Y80.244 E.02729
G1 X118.935 Y82.796 E.16123
G1 X118.939 Y82.192 E.02698
G1 X116.994 Y80.248 E.12286
G1 X117.605 Y80.251 E.02729
G1 X118.942 Y81.588 E.08449
G1 X118.946 Y80.985 E.02698
G1 X118.216 Y80.255 E.04612
G1 X118.826 Y80.258 E.02729
G1 X119.141 Y80.573 E.01989
; stop printing object pigtail_slot_coupon.stl id:2099807082496 copy 0
;LAYER_CHANGE
;Z:3.12
;HEIGHT:0.16
G92 E0 ; zero the extruded length again
; BEFORE_LAYER_CHANGE 18 @ 3.12mm
G1 E-1.75 F6000
;WIPE_START
G1 F2250
G1 X118.826 Y80.258 E-.33391
G1 X118.272 Y80.255 E-.41609
;WIPE_END
; AFTER_LAYER_CHANGE 18 @ 3.12mm
;_SET_FAN_SPEED_CHANGING_LAYER
; printing object pigtail_slot_coupon.stl id:2099807082496 copy 0
G1 F18000
G1 X118.058 Y80.7375 Z3.14857
G1 X117.547 Y80.8712 Z3.17714
G1 X117.124 Y80.5551 Z3.20571
G1 X117.107 Y80.0274 Z3.23429
G1 X117.51 Y79.6853 Z3.26286
G1 X118.028 Y79.7866 Z3.29143
G1 X118.272 Y80.2548 Z3.32
G1 X120.197 Y141.423 Z3.32
G1 X120.197 Y141.423
G1 X120.608 Y141.839
G1 Z3.12
G1 E2.5 F6000
M204 P1000
;TYPE:Outer wall
;WIDTH:0.42
G1 F3600
M106 S102
G1 X99.029 Y141.716 E.52594
G1 X99.37 Y82.014 E1.45507
G1 X103.269 Y78.159 E.13363
G1 X107.502 Y78.183 E.10317
G1 X120.971 Y78.26 E.32829
G1 X120.609 Y141.779 E1.54809
G1 X120.197 Y141.423 F18000
G1 X120.21 Y141.436
M204 P1500
;TYPE:Inner wall
;WIDTH:0.45
G1 F6000
G1 X99.432 Y141.317 E.54581
G1 X99.769 Y82.182 E1.55337
G1 X103.432 Y78.561 E.1353
G1 X107.499 Y78.584 E.10683
G1 X120.568 Y78.658 E.3433
G1 X120.21 Y141.376 E1.64747
G1 X119.797 Y141.018 F18000
G1 F6000
G1 X99.85 Y140.904 E.52397
G1 X100.184 Y82.357 E1.53793
G1 X103.602 Y78.977 E.12626
G1 X107.497 Y78.999 E.10231
G1 X120.15 Y79.072 E.33238
G1 X119.797 Y140.958 E1.62563
G1 X119.383 Y140.6 F18000
G1 F6000
G1 X100.268 Y140.491 E.50213
G1 X100.599 Y82.531 E1.52249
G1 X103.772 Y79.394 E.11721
G1 X107.495 Y79.415 E.09779
G1 X119.732 Y79.485 E.32146
G1 X119.384 Y140.54 E1.60379
G1 X118.97 Y140.182 F18000
G1 F6000
G1 X100.686 Y140.078 E.48029
G1 X101.013 Y82.706 E1.50705
G1 X103.942 Y79.811 E.10817
G1 X107.492 Y79.831 E.09326
G1 X119.314 Y79.898 E.31054
G1 X118.97 Y140.122 E1.58196
G1 E-1.75
;WIPE_START
G1 X117.97 Y140.12 E-.75
;WIPE_END
G1 X117.341 Y136.356 Z3.32 F18000
G1 X110.129 Y93.212 Z3.32
G1 X110.098 Y92.799
G1 Z3.12
G1 E2.5 F6000
M204 P1000
;TYPE:Outer wall
;WIDTH:0.42
G1 F3600
G1 X110.382 Y92.778 E.00692
G1 X110.658 Y92.714 E.00693
G1 X110.921 Y92.606 E.00693
G1 X111.165 Y92.459 E.00692
G1 X111.382 Y92.276 E.00692
G1 X111.568 Y92.061 E.00693
G1 X111.717 Y91.82 E.00693
G1 X111.828 Y91.558 E.00693
G1 X111.896 Y91.282 E.00692
G1 X111.918 Y91.011 E.00663
G1 X111.93 Y88.986 E.04934
G1 X111.91 Y88.715 E.00663
G1 X111.845 Y88.439 E.00692
G1 X111.738 Y88.175 E.00693
G1 X111.591 Y87.932 E.00693
G1 X111.408 Y87.715 E.00693
G1 X111.193 Y87.529 E.00692
G1 X110.951 Y87.379 E.00692
G1 X110.689 Y87.269 E.00693
G1 X110.41 Y87.201 E.00701
G1 X110.063 Y87.182 E.00848
G1 X109.847 Y87.198 E.00527
G1 X109.57 Y87.263 E.00693
G1 X109.307 Y87.37 E.00693
G1 X109.064 Y87.517 E.00692
G1 X108.847 Y87.7 E.00692
G1 X108.661 Y87.915 E.00693
G1 X108.511 Y88.157 E.00693
G1 X108.401 Y88.419 E.00693
G1 X108.333 Y88.695 E.00692
G1 X108.31 Y88.966 E.00663
G1 X108.298 Y90.99 E.04934
G1 X108.318 Y91.261 E.00663
G1 X108.383 Y91.538 E.00692
G1 X108.49 Y91.801 E.00693
G1 X108.637 Y92.044 E.00693
G1 X108.821 Y92.262 E.00693
G1 X109.036 Y92.447 E.00692
G1 X109.277 Y92.597 E.00692
G1 X109.539 Y92.707 E.00693
G1 X109.815 Y92.775 E.00693
G1 X110.039 Y92.794 E.00547
G1 X110.004 Y93.206 F18000
G1 X110.067 Y93.212
G1 X110.068 Y93.199
M204 P1500
;TYPE:Inner wall
;WIDTH:0.45
G1 F6000
G1 X110.096 Y93.201 E.00074
G1 X110.442 Y93.176 E.00912
G1 X110.78 Y93.097 E.00912
G1 X111.102 Y92.966 E.00912
G1 X111.399 Y92.786 E.00912
G1 X111.664 Y92.562 E.00912
G1 X111.891 Y92.299 E.00912
G1 X112.074 Y92.004 E.00912
G1 X112.209 Y91.684 E.00912
G1 X112.292 Y91.347 E.00912
G1 X112.319 Y91.029 E.00839
G1 X112.331 Y88.973 E.054
G1 X112.307 Y88.655 E.00839
G1 X112.228 Y88.317 E.00912
G1 X112.097 Y87.995 E.00912
G1 X111.918 Y87.698 E.00912
G1 X111.694 Y87.432 E.00912
G1 X111.431 Y87.206 E.00912
G1 X111.136 Y87.022 E.00912
G1 X110.816 Y86.888 E.00912
G1 X110.469 Y86.802 E.00938
G1 X110.059 Y86.781 E.0108
G1 X109.786 Y86.801 E.00717
G1 X109.448 Y86.88 E.00912
G1 X109.127 Y87.011 E.00912
G1 X108.83 Y87.191 E.00912
G1 X108.564 Y87.415 E.00912
G1 X108.337 Y87.677 E.00912
G1 X108.154 Y87.972 E.00912
G1 X108.019 Y88.293 E.00912
G1 X107.936 Y88.63 E.00912
G1 X107.909 Y88.948 E.00839
G1 X107.898 Y91.004 E.054
G1 X107.921 Y91.322 E.00839
G1 X108 Y91.66 E.00912
G1 X108.131 Y91.982 E.00912
G1 X108.311 Y92.279 E.00912
G1 X108.535 Y92.544 E.00912
G1 X108.798 Y92.771 E.00912
G1 X109.093 Y92.954 E.00912
G1 X109.413 Y93.089 E.00912
G1 X109.75 Y93.172 E.00912
G1 X110.008 Y93.194 E.00681
G1 X110.15 Y93.614 F18000
G1 F6000
G1 X110.505 Y93.588 E.00934
G1 X110.907 Y93.494 E.01084
G1 X111.289 Y93.338 E.01084
G1 X111.642 Y93.125 E.01083
G1 X111.957 Y92.859 E.01084
G1 X112.227 Y92.546 E.01084
G1 X112.445 Y92.196 E.01084
G1 X112.605 Y91.815 E.01084
G1 X112.704 Y91.415 E.01084
G1 X112.735 Y91.048 E.00968
G1 X112.746 Y88.959 E.05486
G1 X112.72 Y88.592 E.00968
G1 X112.626 Y88.19 E.01084
G1 X112.47 Y87.808 E.01084
G1 X112.256 Y87.455 E.01084
G1 X111.99 Y87.139 E.01084
G1 X111.678 Y86.87 E.01084
G1 X111.327 Y86.652 E.01084
G1 X110.947 Y86.492 E.01084
G1 X110.53 Y86.389 E.01127
G1 X110.054 Y86.364 E.01251
G1 X109.723 Y86.389 E.00871
G1 X109.322 Y86.483 E.01084
G1 X108.939 Y86.638 E.01084
G1 X108.586 Y86.852 E.01084
G1 X108.271 Y87.118 E.01084
G1 X108.001 Y87.43 E.01084
G1 X107.784 Y87.781 E.01084
G1 X107.624 Y88.161 E.01084
G1 X107.525 Y88.562 E.01084
G1 X107.494 Y88.929 E.00968
G1 X107.482 Y91.018 E.05486
G1 X107.509 Y91.385 E.00968
G1 X107.603 Y91.787 E.01084
G1 X107.759 Y92.169 E.01084
G1 X107.972 Y92.522 E.01084
G1 X108.238 Y92.837 E.01084
G1 X108.551 Y93.107 E.01084
G1 X108.901 Y93.325 E.01084
G1 X109.282 Y93.485 E.01084
G1 X109.682 Y93.583 E.01084
G1 X110.091 Y93.618 E.01076
G1 X110.177 Y94.029 F18000
G1 F6000
G1 X110.568 Y94 E.01029
G1 X111.033 Y93.891 E.01256
G1 X111.476 Y93.711 E.01256
G1 X111.885 Y93.463 E.01255
G1 X112.25 Y93.155 E.01256
G1 X112.563 Y92.793 E.01256
G1 X112.815 Y92.387 E.01256
G1 X113.001 Y91.946 E.01256
G1 X113.115 Y91.482 E.01256
G1 X113.15 Y91.066 E.01096
G1 X113.162 Y88.945 E.05572
G1 X113.132 Y88.529 E.01097
G1 X113.023 Y88.063 E.01256
G1 X112.843 Y87.621 E.01256
G1 X112.595 Y87.212 E.01256
G1 X112.287 Y86.846 E.01256
G1 X111.925 Y86.534 E.01256
G1 X111.519 Y86.282 E.01255
G1 X111.078 Y86.096 E.01256
G1 X110.591 Y85.976 E.01317
G1 X110.05 Y85.948 E.01423
G1 X109.661 Y85.976 E.01026
G1 X109.195 Y86.085 E.01256
G1 X108.752 Y86.266 E.01256
G1 X108.343 Y86.513 E.01255
G1 X107.978 Y86.822 E.01256
G1 X107.665 Y87.183 E.01256
G1 X107.413 Y87.59 E.01256
G1 X107.228 Y88.03 E.01256
G1 X107.113 Y88.494 E.01255
G1 X107.078 Y88.91 E.01097
G1 X107.066 Y91.031 E.05572
G1 X107.097 Y91.448 E.01097
G1 X107.206 Y91.913 E.01256
G1 X107.386 Y92.356 E.01256
G1 X107.633 Y92.765 E.01256
G1 X107.942 Y93.13 E.01256
G1 X108.304 Y93.443 E.01256
G1 X108.71 Y93.695 E.01255
G1 X109.151 Y93.881 E.01256
G1 X109.615 Y93.995 E.01256
G1 X110.091 Y94.035 E.01256
G1 X110.117 Y94.033 E.00069
G1 X110.204 Y94.444 F18000
G1 F6000
G1 X110.631 Y94.412 E.01125
G1 X111.16 Y94.289 E.01427
G1 X111.663 Y94.083 E.01428
G1 X112.128 Y93.802 E.01427
G1 X112.544 Y93.452 E.01428
G1 X112.899 Y93.04 E.01428
G1 X113.186 Y92.578 E.01428
G1 X113.397 Y92.077 E.01428
G1 X113.526 Y91.55 E.01427
G1 X113.566 Y91.085 E.01225
G1 X113.578 Y88.931 E.05657
G1 X113.544 Y88.466 E.01225
G1 X113.42 Y87.937 E.01427
G1 X113.215 Y87.434 E.01427
G1 X112.934 Y86.968 E.01428
G1 X112.583 Y86.553 E.01428
G1 X112.172 Y86.198 E.01428
G1 X111.71 Y85.911 E.01427
G1 X111.209 Y85.7 E.01428
G1 X110.652 Y85.563 E.01506
G1 X110.046 Y85.532 E.01595
G1 X109.598 Y85.564 E.0118
G1 X109.069 Y85.688 E.01428
G1 X108.565 Y85.893 E.01428
G1 X108.1 Y86.174 E.01427
G1 X107.685 Y86.525 E.01428
G1 X107.329 Y86.936 E.01428
G1 X107.043 Y87.398 E.01428
G1 X106.832 Y87.899 E.01428
G1 X106.702 Y88.427 E.01427
G1 X106.663 Y88.892 E.01225
G1 X106.65 Y91.045 E.05657
G1 X106.684 Y91.511 E.01225
G1 X106.808 Y92.04 E.01427
G1 X107.013 Y92.543 E.01427
G1 X107.295 Y93.008 E.01428
G1 X107.645 Y93.424 E.01428
G1 X108.057 Y93.779 E.01428
G1 X108.518 Y94.065 E.01427
G1 X109.019 Y94.276 E.01428
G1 X109.547 Y94.406 E.01428
G1 X110.089 Y94.452 E.01428
G1 X110.144 Y94.448 E.00145
G1 E-1.75
;WIPE_START
G1 X110.631 Y94.412 E-.36613
G1 X111.129 Y94.296 E-.38387
;WIPE_END
G1 X111.546 Y98.089 Z3.32 F18000
G1 X112.7 Y108.577 Z3.32
G1 X112.729 Y108.975
G1 X113.115 Y128.978
G1 X113.103 Y131.034
G1 X113.063 Y131.51
G1 X112.942 Y132.002
G1 X112.746 Y132.469
G1 X112.479 Y132.899
G1 X112.148 Y133.282
G1 X111.761 Y133.608
G1 X111.328 Y133.87
G1 X110.859 Y134.061
G1 X110.367 Y134.177
G1 X109.862 Y134.213
G1 X109.829 Y134.211
G1 X109.864 Y133.799
G1 Z3.12
G1 E2.5 F6000
M204 P1000
;TYPE:Outer wall
;WIDTH:0.42
G1 F3600
G1 X109.864 Y133.799 E.00001
G1 X110.304 Y133.766 E.01075
G1 X110.733 Y133.666 E.01075
G1 X111.142 Y133.499 E.01075
G1 X111.519 Y133.271 E.01075
G1 X111.856 Y132.987 E.01075
G1 X112.145 Y132.653 E.01075
G1 X112.377 Y132.278 E.01075
G1 X112.548 Y131.871 E.01075
G1 X112.654 Y131.443 E.01075
G1 X112.69 Y131.016 E.01045
G1 X112.702 Y128.992 E.04934
G1 X112.67 Y128.564 E.01045
G1 X112.57 Y128.134 E.01075
G1 X112.403 Y127.726 E.01075
G1 X112.175 Y127.348 E.01075
G1 X111.89 Y127.011 E.01075
G1 X111.557 Y126.723 E.01075
G1 X111.182 Y126.49 E.01075
G1 X110.775 Y126.319 E.01075
G1 X110.347 Y126.214 E.01075
G1 X109.908 Y126.177 E.01075
G1 X109.789 Y126.185 E.00289
G1 X109.468 Y126.209 E.00786
G1 X109.038 Y126.309 E.01075
G1 X108.63 Y126.476 E.01075
G1 X108.252 Y126.704 E.01075
G1 X107.915 Y126.989 E.01075
G1 X107.627 Y127.322 E.01075
G1 X107.394 Y127.697 E.01075
G1 X107.223 Y128.104 E.01075
G1 X107.118 Y128.532 E.01075
G1 X107.082 Y128.959 E.01045
G1 X107.07 Y130.984 E.04934
G1 X107.101 Y131.412 E.01045
G1 X107.202 Y131.841 E.01075
G1 X107.368 Y132.249 E.01075
G1 X107.597 Y132.627 E.01075
G1 X107.881 Y132.964 E.01075
G1 X108.215 Y133.252 E.01075
G1 X108.59 Y133.485 E.01075
G1 X108.996 Y133.656 E.01075
G1 X109.424 Y133.761 E.01075
G1 X109.804 Y133.793 E.00928
G1 X109.769 Y134.206 F18000
G1 X109.862 Y134.213
G1 X109.891 Y134.211
G1 X109.89 Y134.198
M204 P1500
;TYPE:Inner wall
;WIDTH:0.45
G1 F6000
G1 X110.365 Y134.164 E.01251
G1 X110.855 Y134.049 E.01324
G1 X111.322 Y133.859 E.01324
G1 X111.754 Y133.598 E.01324
G1 X112.139 Y133.272 E.01324
G1 X112.468 Y132.891 E.01324
G1 X112.734 Y132.463 E.01324
G1 X112.93 Y131.998 E.01324
G1 X113.05 Y131.508 E.01324
G1 X113.091 Y131.034 E.01251
G1 X113.102 Y128.978 E.054
G1 X113.068 Y128.503 E.01251
G1 X112.953 Y128.012 E.01324
G1 X112.762 Y127.545 E.01324
G1 X112.501 Y127.114 E.01324
G1 X112.176 Y126.729 E.01324
G1 X111.795 Y126.399 E.01324
G1 X111.366 Y126.133 E.01324
G1 X110.902 Y125.938 E.01324
G1 X110.412 Y125.817 E.01324
G1 X109.91 Y125.775 E.01324
G1 X109.76 Y125.786 E.00394
G1 X109.407 Y125.812 E.0093
G1 X108.916 Y125.926 E.01324
G1 X108.449 Y126.117 E.01324
G1 X108.018 Y126.378 E.01324
G1 X107.633 Y126.703 E.01324
G1 X107.303 Y127.084 E.01324
G1 X107.037 Y127.513 E.01324
G1 X106.842 Y127.977 E.01324
G1 X106.721 Y128.467 E.01324
G1 X106.681 Y128.941 E.01251
G1 X106.669 Y130.997 E.054
G1 X106.704 Y131.472 E.01251
G1 X106.819 Y131.963 E.01324
G1 X107.009 Y132.43 E.01324
G1 X107.27 Y132.861 E.01324
G1 X107.595 Y133.247 E.01324
G1 X107.977 Y133.576 E.01324
G1 X108.405 Y133.842 E.01324
G1 X108.87 Y134.037 E.01324
G1 X109.359 Y134.158 E.01324
G1 X109.83 Y134.198 E.0124
G1 X109.916 Y134.613 F18000
G1 F6000
G1 X110.427 Y134.576 E.01346
G1 X110.982 Y134.446 E.01496
G1 X111.509 Y134.231 E.01496
G1 X111.997 Y133.936 E.01496
G1 X112.432 Y133.569 E.01496
G1 X112.804 Y133.138 E.01496
G1 X113.105 Y132.654 E.01496
G1 X113.326 Y132.129 E.01496
G1 X113.462 Y131.576 E.01496
G1 X113.506 Y131.053 E.0138
G1 X113.518 Y128.964 E.05486
G1 X113.48 Y128.44 E.0138
G1 X113.35 Y127.886 E.01496
G1 X113.135 Y127.358 E.01496
G1 X112.84 Y126.871 E.01496
G1 X112.473 Y126.436 E.01496
G1 X112.042 Y126.063 E.01496
G1 X111.558 Y125.763 E.01496
G1 X111.033 Y125.542 E.01496
G1 X110.48 Y125.406 E.01496
G1 X109.912 Y125.358 E.01496
G1 X109.73 Y125.371 E.0048
G1 X109.344 Y125.399 E.01016
G1 X108.79 Y125.529 E.01496
G1 X108.262 Y125.744 E.01496
G1 X107.775 Y126.039 E.01496
G1 X107.34 Y126.406 E.01496
G1 X106.967 Y126.837 E.01496
G1 X106.667 Y127.321 E.01496
G1 X106.446 Y127.846 E.01496
G1 X106.31 Y128.399 E.01496
G1 X106.265 Y128.923 E.0138
G1 X106.254 Y131.011 E.05486
G1 X106.292 Y131.535 E.0138
G1 X106.422 Y132.089 E.01496
G1 X106.637 Y132.617 E.01496
G1 X106.931 Y133.104 E.01496
G1 X107.299 Y133.54 E.01496
G1 X107.73 Y133.912 E.01496
G1 X108.214 Y134.212 E.01496
G1 X108.739 Y134.433 E.01496
G1 X109.292 Y134.569 E.01496
G1 X109.856 Y134.617 E.01489
G1 X109.943 Y135.028 F18000
G1 F6000
G1 X110.49 Y134.988 E.01442
G1 X111.109 Y134.843 E.01668
G1 X111.697 Y134.604 E.01668
G1 X112.24 Y134.275 E.01668
G1 X112.725 Y133.866 E.01668
G1 X113.14 Y133.385 E.01668
G1 X113.475 Y132.845 E.01668
G1 X113.722 Y132.26 E.01668
G1 X113.873 Y131.644 E.01668
G1 X113.922 Y131.071 E.01508
G1 X113.934 Y128.95 E.05572
G1 X113.892 Y128.377 E.01509
G1 X113.747 Y127.759 E.01668
G1 X113.508 Y127.171 E.01668
G1 X113.179 Y126.628 E.01668
G1 X112.769 Y126.142 E.01668
G1 X112.289 Y125.727 E.01668
G1 X111.749 Y125.393 E.01668
G1 X111.164 Y125.146 E.01668
G1 X110.547 Y124.994 E.01668
G1 X109.915 Y124.941 E.01668
G1 X109.7 Y124.957 E.00566
G1 X109.281 Y124.987 E.01102
G1 X108.663 Y125.132 E.01668
G1 X108.075 Y125.372 E.01668
G1 X107.532 Y125.7 E.01668
G1 X107.046 Y126.11 E.01668
G1 X106.631 Y126.59 E.01668
G1 X106.296 Y127.13 E.01668
G1 X106.05 Y127.715 E.01668
G1 X105.898 Y128.332 E.01668
G1 X105.85 Y128.904 E.01508
G1 X105.838 Y131.025 E.05572
G1 X105.88 Y131.598 E.01509
G1 X106.024 Y132.216 E.01668
G1 X106.264 Y132.804 E.01668
G1 X106.593 Y133.348 E.01668
G1 X107.002 Y133.833 E.01668
G1 X107.483 Y134.248 E.01668
G1 X108.022 Y134.583 E.01668
G1 X108.608 Y134.829 E.01668
G1 X109.224 Y134.981 E.01668
G1 X109.857 Y135.034 E.01668
G1 X109.883 Y135.032 E.00069
G1 X109.97 Y135.443 F18000
G1 F6000
G1 X110.553 Y135.4 E.01537
G1 X111.235 Y135.241 E.0184
G1 X111.884 Y134.976 E.0184
G1 X112.483 Y134.614 E.0184
G1 X113.018 Y134.162 E.0184
G1 X113.476 Y133.632 E.0184
G1 X113.846 Y133.037 E.0184
G1 X114.117 Y132.391 E.0184
G1 X114.285 Y131.711 E.0184
G1 X114.337 Y131.09 E.01637
G1 X114.35 Y128.936 E.05657
G1 X114.304 Y128.315 E.01637
G1 X114.145 Y127.633 E.01839
G1 X113.88 Y126.984 E.0184
G1 X113.518 Y126.385 E.0184
G1 X113.066 Y125.849 E.0184
G1 X112.536 Y125.391 E.0184
G1 X111.941 Y125.022 E.0184
G1 X111.295 Y124.75 E.0184
G1 X110.615 Y124.583 E.0184
G1 X109.917 Y124.524 E.0184
G1 X109.669 Y124.542 E.00652
G1 X109.218 Y124.575 E.01188
G1 X108.536 Y124.735 E.0184
G1 X107.888 Y124.999 E.0184
G1 X107.289 Y125.362 E.0184
G1 X106.753 Y125.813 E.0184
G1 X106.295 Y126.343 E.0184
G1 X105.926 Y126.939 E.0184
G1 X105.654 Y127.584 E.0184
G1 X105.487 Y128.264 E.0184
G1 X105.434 Y128.885 E.01637
G1 X105.422 Y131.039 E.05657
G1 X105.467 Y131.661 E.01637
G1 X105.627 Y132.343 E.01839
G1 X105.891 Y132.991 E.0184
G1 X106.254 Y133.591 E.0184
G1 X106.706 Y134.126 E.0184
G1 X107.236 Y134.584 E.0184
G1 X107.831 Y134.953 E.0184
G1 X108.477 Y135.225 E.0184
G1 X109.157 Y135.392 E.01839
G1 X109.855 Y135.451 E.0184
G1 X109.91 Y135.447 E.00145
G1 E-1.75
;WIPE_START
G1 X110.553 Y135.4 E-.48392
G1 X110.899 Y135.319 E-.26608
;WIPE_END
G1 X112.479 Y132.899 Z3.32 F18000
G1 X112.746 Y132.469
G1 X112.942 Y132.002
G1 X113.063 Y131.51
G1 X113.103 Y131.034
G1 X113.115 Y128.978
G1 X113.08 Y128.501
G1 X112.965 Y128.008
G1 X112.774 Y127.54
G1 X112.512 Y127.106
G1 X112.185 Y126.72
G1 X111.802 Y126.389
G1 X111.372 Y126.122
G1 X110.906 Y125.925
G1 X110.503 Y125.826
G1 X110.011 Y113.711
G1 X109.981 Y113.299
G1 Z3.12
G1 E2.5 F6000
M204 P1000
;TYPE:Outer wall
;WIDTH:0.42
G1 F3600
G1 X110.343 Y113.272 E.00883
G1 X110.696 Y113.19 E.00884
G1 X111.032 Y113.053 E.00884
G1 X111.342 Y112.865 E.00884
G1 X111.619 Y112.631 E.00884
G1 X111.856 Y112.357 E.00884
G1 X112.047 Y112.049 E.00884
G1 X112.188 Y111.715 E.00884
G1 X112.275 Y111.362 E.00884
G1 X112.304 Y111.013 E.00854
G1 X112.316 Y108.989 E.04934
G1 X112.29 Y108.64 E.00854
G1 X112.208 Y108.286 E.00884
G1 X112.071 Y107.951 E.00884
G1 X111.883 Y107.64 E.00884
G1 X111.647 Y107.361 E.00892
G1 X111.301 Y107.081 E.01085
G1 X111.067 Y106.935 E.00673
G1 X110.732 Y106.794 E.00884
G1 X110.377 Y106.707 E.00892
G1 X109.933 Y106.683 E.01085
G1 X109.657 Y106.703 E.00673
G1 X109.304 Y106.786 E.00884
G1 X108.968 Y106.923 E.00884
G1 X108.658 Y107.111 E.00884
G1 X108.381 Y107.345 E.00884
G1 X108.144 Y107.619 E.00884
G1 X107.953 Y107.927 E.00884
G1 X107.812 Y108.261 E.00884
G1 X107.725 Y108.613 E.00884
G1 X107.696 Y108.963 E.00854
G1 X107.684 Y110.987 E.04934
G1 X107.71 Y111.336 E.00854
G1 X107.792 Y111.69 E.00884
G1 X107.929 Y112.025 E.00884
G1 X108.117 Y112.336 E.00884
G1 X108.351 Y112.613 E.00884
G1 X108.625 Y112.85 E.00884
G1 X108.933 Y113.041 E.00884
G1 X109.268 Y113.182 E.00884
G1 X109.62 Y113.268 E.00884
G1 X109.922 Y113.294 E.00738
G1 X109.887 Y113.706 F18000
G1 X109.979 Y113.714
G1 X110.008 Y113.712
G1 X110.007 Y113.699
M204 P1500
;TYPE:Inner wall
;WIDTH:0.45
G1 F6000
G1 X110.403 Y113.67 E.01045
G1 X110.818 Y113.573 E.01118
G1 X111.212 Y113.412 E.01118
G1 X111.576 Y113.192 E.01118
G1 X111.902 Y112.917 E.01118
G1 X112.18 Y112.595 E.01118
G1 X112.404 Y112.233 E.01118
G1 X112.57 Y111.841 E.01118
G1 X112.671 Y111.428 E.01118
G1 X112.705 Y111.031 E.01045
G1 X112.716 Y108.976 E.054
G1 X112.688 Y108.579 E.01045
G1 X112.591 Y108.164 E.01118
G1 X112.43 Y107.77 E.01118
G1 X112.21 Y107.406 E.01118
G1 X111.929 Y107.073 E.01144
G1 X111.534 Y106.753 E.01335
G1 X111.251 Y106.578 E.00874
G1 X110.859 Y106.413 E.01118
G1 X110.436 Y106.309 E.01144
G1 X109.929 Y106.282 E.01335
G1 X109.597 Y106.306 E.00874
G1 X109.182 Y106.403 E.01118
G1 X108.788 Y106.564 E.01118
G1 X108.424 Y106.784 E.01118
G1 X108.098 Y107.059 E.01118
G1 X107.82 Y107.381 E.01118
G1 X107.596 Y107.743 E.01118
G1 X107.43 Y108.135 E.01118
G1 X107.329 Y108.548 E.01118
G1 X107.295 Y108.945 E.01045
G1 X107.284 Y111 E.054
G1 X107.312 Y111.397 E.01045
G1 X107.409 Y111.812 E.01118
G1 X107.57 Y112.206 E.01118
G1 X107.79 Y112.57 E.01118
G1 X108.065 Y112.895 E.01118
G1 X108.387 Y113.174 E.01118
G1 X108.749 Y113.398 E.01118
G1 X109.141 Y113.563 E.01118
G1 X109.555 Y113.665 E.01118
G1 X109.947 Y113.698 E.01034
G1 X110.033 Y114.114 F18000
G1 F6000
G1 X110.466 Y114.082 E.0114
G1 X110.944 Y113.97 E.0129
G1 X111.399 Y113.785 E.0129
G1 X111.819 Y113.53 E.0129
G1 X112.195 Y113.214 E.0129
G1 X112.516 Y112.842 E.0129
G1 X112.775 Y112.425 E.0129
G1 X112.965 Y111.972 E.0129
G1 X113.083 Y111.495 E.0129
G1 X113.12 Y111.05 E.01173
G1 X113.132 Y108.962 E.05486
G1 X113.1 Y108.516 E.01174
G1 X112.988 Y108.038 E.0129
G1 X112.802 Y107.583 E.0129
G1 X112.548 Y107.163 E.0129
G1 X112.221 Y106.775 E.01333
G1 X111.775 Y106.414 E.01507
G1 X111.443 Y106.207 E.01029
G1 X110.99 Y106.017 E.0129
G1 X110.497 Y105.896 E.01333
G1 X109.924 Y105.865 E.01507
G1 X109.534 Y105.894 E.01029
G1 X109.056 Y106.006 E.0129
G1 X108.601 Y106.191 E.0129
G1 X108.181 Y106.445 E.0129
G1 X107.805 Y106.762 E.0129
G1 X107.484 Y107.134 E.0129
G1 X107.225 Y107.551 E.0129
G1 X107.035 Y108.004 E.0129
G1 X106.917 Y108.481 E.0129
G1 X106.88 Y108.926 E.01173
G1 X106.868 Y111.014 E.05486
G1 X106.9 Y111.46 E.01174
G1 X107.012 Y111.938 E.0129
G1 X107.198 Y112.393 E.0129
G1 X107.452 Y112.813 E.0129
G1 X107.769 Y113.188 E.0129
G1 X108.14 Y113.509 E.0129
G1 X108.557 Y113.768 E.0129
G1 X109.01 Y113.959 E.0129
G1 X109.487 Y114.076 E.0129
G1 X109.973 Y114.117 E.01282
G1 X110.06 Y114.528 F18000
G1 F6000
G1 X110.529 Y114.494 E.01236
G1 X111.071 Y114.367 E.01462
G1 X111.586 Y114.157 E.01462
G1 X112.063 Y113.869 E.01462
G1 X112.488 Y113.51 E.01462
G1 X112.852 Y113.089 E.01462
G1 X113.145 Y112.616 E.01462
G1 X113.361 Y112.103 E.01462
G1 X113.494 Y111.563 E.01462
G1 X113.536 Y111.069 E.01302
G1 X113.548 Y108.948 E.05572
G1 X113.512 Y108.453 E.01302
G1 X113.385 Y107.911 E.01462
G1 X113.175 Y107.396 E.01462
G1 X112.887 Y106.92 E.01462
G1 X112.513 Y106.477 E.01522
G1 X112.017 Y106.075 E.01678
G1 X111.634 Y105.837 E.01183
G1 X111.121 Y105.621 E.01462
G1 X110.558 Y105.483 E.01522
G1 X109.92 Y105.449 E.01678
G1 X109.471 Y105.482 E.01183
G1 X108.929 Y105.609 E.01462
G1 X108.414 Y105.819 E.01462
G1 X107.937 Y106.107 E.01462
G1 X107.512 Y106.466 E.01462
G1 X107.148 Y106.887 E.01462
G1 X106.855 Y107.36 E.01462
G1 X106.639 Y107.873 E.01462
G1 X106.506 Y108.413 E.01462
G1 X106.464 Y108.907 E.01302
G1 X106.452 Y111.028 E.05572
G1 X106.488 Y111.523 E.01302
G1 X106.615 Y112.065 E.01462
G1 X106.825 Y112.58 E.01462
G1 X107.113 Y113.056 E.01462
G1 X107.472 Y113.482 E.01462
G1 X107.893 Y113.845 E.01462
G1 X108.366 Y114.139 E.01462
G1 X108.879 Y114.355 E.01462
G1 X109.419 Y114.488 E.01462
G1 X109.974 Y114.535 E.01462
G1 X110 Y114.533 E.00068
G1 X110.086 Y114.943 F18000
G1 F6000
G1 X110.592 Y114.906 E.01331
G1 X111.198 Y114.765 E.01634
G1 X111.774 Y114.53 E.01634
G1 X112.306 Y114.208 E.01634
G1 X112.781 Y113.807 E.01634
G1 X113.188 Y113.336 E.01634
G1 X113.516 Y112.808 E.01634
G1 X113.757 Y112.234 E.01634
G1 X113.906 Y111.63 E.01634
G1 X113.951 Y111.087 E.01431
G1 X113.964 Y108.934 E.05657
G1 X113.924 Y108.39 E.01431
G1 X113.782 Y107.785 E.01634
G1 X113.548 Y107.209 E.01634
G1 X113.226 Y106.677 E.01634
G1 X112.805 Y106.179 E.01711
G1 X112.258 Y105.735 E.0185
G1 X111.825 Y105.467 E.01338
G1 X111.252 Y105.225 E.01634
G1 X110.619 Y105.07 E.01711
G1 X109.916 Y105.033 E.0185
G1 X109.408 Y105.07 E.01338
G1 X108.802 Y105.211 E.01634
G1 X108.226 Y105.446 E.01634
G1 X107.694 Y105.768 E.01634
G1 X107.219 Y106.169 E.01634
G1 X106.812 Y106.64 E.01634
G1 X106.484 Y107.168 E.01634
G1 X106.243 Y107.742 E.01634
G1 X106.094 Y108.346 E.01634
G1 X106.049 Y108.888 E.01431
G1 X106.036 Y111.042 E.05657
G1 X106.076 Y111.586 E.01431
G1 X106.218 Y112.191 E.01634
G1 X106.452 Y112.767 E.01634
G1 X106.774 Y113.299 E.01634
G1 X107.176 Y113.775 E.01634
G1 X107.646 Y114.181 E.01634
G1 X108.175 Y114.509 E.01634
G1 X108.748 Y114.751 E.01634
G1 X109.352 Y114.899 E.01634
G1 X109.972 Y114.952 E.01634
G1 X110.027 Y114.948 E.00145
G1 X108.08 Y114.647 F18000
M204 P2000
;TYPE:Internal solid infill
;WIDTH:0.421915
G1 F6000
G1 X101.171 Y114.647 E.1692
G1 X101.174 Y114.259 E.00949
G1 X107.216 Y114.259 E.14799
G1 X106.933 Y114.015 E.00916
G1 X106.812 Y113.872 E.00458
G1 X101.176 Y113.872 E.13804
G1 X101.178 Y113.484 E.00949
G1 X106.488 Y113.484 E.13006
G1 X106.254 Y113.097 E.01109
G1 X101.18 Y113.097 E.12426
G1 X101.183 Y112.709 E.00949
G1 X106.061 Y112.709 E.11949
G1 X105.903 Y112.322 E.01025
G1 X101.185 Y112.322 E.11556
G1 X101.187 Y111.934 E.00949
G1 X105.808 Y111.934 E.11317
G1 X105.732 Y111.546 E.00967
G1 X101.189 Y111.546 E.11126
G1 X101.191 Y111.159 E.00949
G1 X105.703 Y111.159 E.11051
G1 X105.697 Y110.771 E.00949
G1 X101.194 Y110.771 E.11031
G1 X101.196 Y110.384 E.00949
G1 X105.699 Y110.384 E.11031
G1 X105.702 Y109.996 E.00949
G1 X101.198 Y109.996 E.11031
G1 X101.2 Y109.608 E.00949
G1 X105.704 Y109.608 E.11031
G1 X105.706 Y109.221 E.00949
G1 X101.202 Y109.221 E.11031
G1 X101.205 Y108.833 E.00949
G1 X105.711 Y108.833 E.11038
G1 X105.744 Y108.446 E.00953
G1 X101.207 Y108.446 E.11113
G1 X101.209 Y108.058 E.00949
G1 X105.814 Y108.058 E.1128
G1 X105.91 Y107.671 E.00978
G1 X101.211 Y107.671 E.11508
G1 X101.214 Y107.283 E.00949
G1 X106.067 Y107.283 E.11887
G1 X106.181 Y107.012 E.00721
G1 X106.253 Y106.895 E.00335
G1 X101.216 Y106.895 E.12338
G1 X101.218 Y106.508 E.00949
G1 X106.494 Y106.508 E.12921
G1 X106.811 Y106.12 E.01228
G1 X101.22 Y106.12 E.13694
G1 X101.222 Y105.733 E.00949
G1 X107.208 Y105.733 E.14661
G1 X107.495 Y105.491 E.00919
G1 X107.735 Y105.345 E.00688
G1 X101.225 Y105.345 E.15947
G1 X101.227 Y104.958 E.00949
G1 X109.154 Y104.958 E.19416
G1 X109.201 Y94.493 F18000
G1 F6000
G1 X101.287 Y94.493 E.19383
G1 X101.289 Y94.105 E.00949
G1 X107.937 Y94.105 E.16283
G1 X107.854 Y94.054 E.00238
G1 X107.465 Y93.718 E.0126
G1 X101.291 Y93.718 E.15122
G1 X101.293 Y93.33 E.00949
G1 X107.121 Y93.33 E.14274
G1 X107.017 Y93.207 E.00394
G1 X106.857 Y92.943 E.00758
G1 X101.295 Y92.943 E.13622
G1 X101.298 Y92.555 E.00949
G1 X106.65 Y92.555 E.13111
G1 X106.493 Y92.167 E.01025
G1 X101.3 Y92.167 E.12718
G1 X101.302 Y91.78 E.00949
G1 X106.398 Y91.78 E.12481
G1 X106.347 Y91.562 E.00547
G1 X106.334 Y91.392 E.00417
G1 X101.304 Y91.392 E.1232
G1 X101.306 Y91.005 E.00949
G1 X106.31 Y91.005 E.12255
G1 X106.312 Y90.617 E.00949
G1 X101.309 Y90.617 E.12255
G1 X101.311 Y90.229 E.00949
G1 X106.315 Y90.229 E.12255
G1 X106.317 Y89.842 E.00949
G1 X101.313 Y89.842 E.12255
G1 X101.315 Y89.454 E.00949
G1 X106.319 Y89.454 E.12255
G1 X106.321 Y89.067 E.00949
G1 X101.318 Y89.067 E.12255
G1 X101.32 Y88.679 E.00949
G1 X106.339 Y88.679 E.12293
G1 X106.385 Y88.292 E.00956
G1 X101.322 Y88.292 E.124
G1 X101.324 Y87.904 E.00949
G1 X106.48 Y87.904 E.12628
G1 X106.508 Y87.792 E.00283
G1 X106.624 Y87.516 E.00732
G1 X101.326 Y87.516 E.12974
G1 X101.329 Y87.129 E.00949
G1 X106.809 Y87.129 E.13423
G1 X107.05 Y86.741 E.01117
G1 X101.331 Y86.741 E.14007
G1 X101.333 Y86.354 E.00949
G1 X107.383 Y86.354 E.14817
G1 X107.445 Y86.282 E.00232
G1 X107.819 Y85.966 E.012
G1 X101.335 Y85.966 E.15881
G1 X101.337 Y85.579 E.00949
G1 X108.895 Y85.579 E.18509
G1 X119.146 Y80.152 F18000
G1 F6000
G1 X104.08 Y80.152 E.369
G1 X103.688 Y80.54 E.0135
G1 X118.97 Y80.54 E.3743
G1 X118.968 Y80.928 E.00949
G1 X103.296 Y80.928 E.38384
G1 X102.904 Y81.315 E.0135
G1 X118.966 Y81.315 E.39339
G1 X118.963 Y81.703 E.00949
G1 X102.512 Y81.703 E.40294
G1 X102.12 Y82.09 E.0135
G1 X118.961 Y82.09 E.41249
G1 X118.959 Y82.478 E.00949
G1 X101.728 Y82.478 E.42203
G1 X101.353 Y82.849 E.01292
G1 X101.353 Y82.865 E.00041
G1 X118.957 Y82.865 E.43117
G1 X118.955 Y83.253 E.00949
G1 X101.351 Y83.253 E.43117
G1 X101.349 Y83.641 E.00949
G1 X118.952 Y83.641 E.43117
G1 X118.95 Y84.028 E.00949
G1 X101.346 Y84.028 E.43117
G1 X101.344 Y84.416 E.00949
G1 X118.948 Y84.416 E.43117
G1 X118.946 Y84.803 E.00949
G1 X101.342 Y84.803 E.43117
G1 X101.34 Y85.191 E.00949
G1 X118.944 Y85.191 E.43117
G1 X118.941 Y85.579 E.00949
G1 X111.798 Y85.579 E.17497
G1 X112.425 Y85.966 E.01805
G1 X118.939 Y85.966 E.15956
G1 X118.937 Y86.354 E.00949
G1 X112.86 Y86.354 E.14883
G1 X113.188 Y86.741 E.01242
G1 X118.935 Y86.741 E.14076
G1 X118.932 Y87.129 E.00949
G1 X113.429 Y87.129 E.1348
G1 X113.52 Y87.28 E.00433
G1 X113.617 Y87.516 E.00625
G1 X118.93 Y87.516 E.13015
G1 X118.928 Y87.904 E.00949
G1 X113.762 Y87.904 E.12652
G1 X113.853 Y88.292 E.00975
G1 X118.926 Y88.292 E.12425
G1 X118.924 Y88.679 E.00949
G1 X113.901 Y88.679 E.12302
G1 X113.918 Y89.067 E.0095
G1 X118.921 Y89.067 E.12255
G1 X118.919 Y89.454 E.00949
G1 X113.916 Y89.454 E.12255
G1 X113.913 Y89.842 E.00949
G1 X118.917 Y89.842 E.12255
G1 X118.915 Y90.229 E.00949
G1 X113.911 Y90.229 E.12255
G1 X113.909 Y90.617 E.00949
G1 X118.913 Y90.617 E.12255
G1 X118.91 Y91.005 E.00949
G1 X113.907 Y91.005 E.12255
G1 X113.881 Y91.392 E.00951
G1 X118.908 Y91.392 E.12312
G1 X118.906 Y91.78 E.00949
G1 X113.821 Y91.78 E.12456
G1 X113.725 Y92.167 E.00978
G1 X118.904 Y92.167 E.12684
G1 X118.901 Y92.555 E.00949
G1 X113.565 Y92.555 E.13071
G1 X113.489 Y92.735 E.00479
G1 X113.36 Y92.943 E.00598
G1 X118.899 Y92.943 E.13566
G1 X118.897 Y93.33 E.00949
G1 X113.099 Y93.33 E.14202
G1 X112.756 Y93.718 E.01266
G1 X118.895 Y93.718 E.15035
G1 X118.893 Y94.105 E.00949
G1 X112.285 Y94.105 E.16184
G1 X111.817 Y94.389 E.0134
G1 X111.561 Y94.493 E.00677
G1 X118.89 Y94.493 E.17952
G1 X118.888 Y94.88 E.00949
G1 X101.284 Y94.88 E.43117
G1 X101.282 Y95.268 E.00949
G1 X118.886 Y95.268 E.43117
G1 X118.884 Y95.656 E.00949
G1 X101.28 Y95.656 E.43117
G1 X101.278 Y96.043 E.00949
G1 X118.882 Y96.043 E.43117
G1 X118.879 Y96.431 E.00949
G1 X101.275 Y96.431 E.43117
G1 X101.273 Y96.818 E.00949
G1 X118.877 Y96.818 E.43117
G1 X118.875 Y97.206 E.00949
G1 X101.271 Y97.206 E.43117
G1 X101.269 Y97.593 E.00949
G1 X118.873 Y97.593 E.43117
G1 X118.871 Y97.981 E.00949
G1 X101.267 Y97.981 E.43117
G1 X101.264 Y98.369 E.00949
G1 X118.868 Y98.369 E.43117
G1 X118.866 Y98.756 E.00949
G1 X101.262 Y98.756 E.43117
G1 X101.26 Y99.144 E.00949
G1 X118.864 Y99.144 E.43117
G1 X118.862 Y99.531 E.00949
G1 X101.258 Y99.531 E.43117
G1 X101.256 Y99.919 E.00949
G1 X118.859 Y99.919 E.43117
G1 X118.857 Y100.307 E.00949
G1 X101.253 Y100.307 E.43117
G1 X101.251 Y100.694 E.00949
G1 X118.855 Y100.694 E.43117
G1 X118.853 Y101.082 E.00949
G1 X101.249 Y101.082 E.43117
G1 X101.247 Y101.469 E.00949
G1 X118.851 Y101.469 E.43117
G1 X118.848 Y101.857 E.00949
G1 X101.245 Y101.857 E.43117
G1 X101.242 Y102.244 E.00949
G1 X118.846 Y102.244 E.43117
G1 X118.844 Y102.632 E.00949
G1 X101.24 Y102.632 E.43117
G1 X101.238 Y103.02 E.00949
G1 X118.842 Y103.02 E.43117
G1 X118.84 Y103.407 E.00949
G1 X101.236 Y103.407 E.43117
G1 X101.233 Y103.795 E.00949
G1 X118.837 Y103.795 E.43117
G1 X118.835 Y104.182 E.00949
G1 X101.231 Y104.182 E.43117
G1 X101.229 Y104.57 E.00949
G1 X118.833 Y104.57 E.43117
G1 X118.831 Y104.958 E.00949
G1 X111.494 Y104.958 E.1797
G1 X111.982 Y105.163 E.01298
G1 X112.275 Y105.345 E.00845
G1 X118.828 Y105.345 E.1605
G1 X118.826 Y105.733 E.00949
G1 X112.796 Y105.733 E.1477
G1 X113.045 Y105.934 E.00785
G1 X113.202 Y106.12 E.00596
G1 X118.824 Y106.12 E.13771
G1 X118.822 Y106.508 E.00949
G1 X113.522 Y106.508 E.12982
G1 X113.756 Y106.895 E.01109
G1 X118.82 Y106.895 E.12402
G1 X118.817 Y107.283 E.00949
G1 X113.946 Y107.283 E.11932
G1 X114.104 Y107.671 E.01025
G1 X118.815 Y107.671 E.1154
G1 X118.813 Y108.058 E.00949
G1 X114.196 Y108.058 E.11308
G1 X114.262 Y108.339 E.00706
G1 X114.27 Y108.446 E.00263
G1 X118.811 Y108.446 E.11122
G1 X118.809 Y108.833 E.00949
G1 X114.298 Y108.833 E.11048
G1 X114.303 Y109.221 E.00949
G1 X118.806 Y109.221 E.11031
G1 X118.804 Y109.608 E.00949
G1 X114.3 Y109.608 E.11031
G1 X114.298 Y109.996 E.00949
G1 X118.802 Y109.996 E.11031
G1 X118.8 Y110.384 E.00949
G1 X114.296 Y110.384 E.11031
G1 X114.294 Y110.771 E.00949
G1 X118.797 Y110.771 E.11031
G1 X118.795 Y111.159 E.00949
G1 X114.287 Y111.159 E.11041
G1 X114.254 Y111.546 E.00953
G1 X118.793 Y111.546 E.11116
G1 X118.791 Y111.934 E.00949
G1 X114.182 Y111.934 E.11289
G1 X114.086 Y112.322 E.00978
G1 X118.789 Y112.322 E.11517
G1 X118.786 Y112.709 E.00949
G1 X113.927 Y112.709 E.11903
G1 X113.819 Y112.964 E.00678
G1 X113.737 Y113.097 E.00381
G1 X118.784 Y113.097 E.12362
G1 X118.782 Y113.484 E.00949
G1 X113.496 Y113.484 E.12946
G1 X113.175 Y113.872 E.01234
G1 X118.78 Y113.872 E.13728
G1 X118.778 Y114.259 E.00949
G1 X112.773 Y114.259 E.14708
G1 X112.505 Y114.485 E.00858
G1 X112.238 Y114.647 E.00764
G1 X118.775 Y114.647 E.16012
G1 X118.773 Y115.035 E.00949
G1 X111.438 Y115.035 E.17967
G1 X111.301 Y115.09 E.0036
G1 X110.644 Y115.244 E.01655
G1 X109.97 Y115.293 E.01655
G1 X109.297 Y115.236 E.01655
G1 X108.64 Y115.075 E.01655
G1 X108.545 Y115.035 E.00255
G1 X101.169 Y115.035 E.18065
G1 X101.167 Y115.422 E.00949
G1 X118.771 Y115.422 E.43117
G1 X118.769 Y115.81 E.00949
G1 X101.165 Y115.81 E.43117
G1 X101.163 Y116.197 E.00949
G1 X118.766 Y116.197 E.43117
G1 X118.764 Y116.585 E.00949
G1 X101.16 Y116.585 E.43117
G1 X101.158 Y116.972 E.00949
G1 X118.762 Y116.972 E.43117
G1 X118.76 Y117.36 E.00949
G1 X101.156 Y117.36 E.43117
G1 X101.154 Y117.748 E.00949
G1 X118.758 Y117.748 E.43117
G1 X118.755 Y118.135 E.00949
G1 X101.152 Y118.135 E.43117
G1 X101.149 Y118.523 E.00949
G1 X118.753 Y118.523 E.43117
G1 X118.751 Y118.91 E.00949
G1 X101.147 Y118.91 E.43117
G1 X101.145 Y119.298 E.00949
G1 X118.749 Y119.298 E.43117
G1 X118.747 Y119.686 E.00949
G1 X101.143 Y119.686 E.43117
G1 X101.14 Y120.073 E.00949
G1 X118.744 Y120.073 E.43117
G1 X118.742 Y120.461 E.00949
G1 X101.138 Y120.461 E.43117
G1 X101.136 Y120.848 E.00949
G1 X118.74 Y120.848 E.43117
G1 X118.738 Y121.236 E.00949
G1 X101.134 Y121.236 E.43117
G1 X101.132 Y121.623 E.00949
G1 X118.735 Y121.623 E.43117
G1 X118.733 Y122.011 E.00949
G1 X101.129 Y122.011 E.43117
G1 X101.127 Y122.399 E.00949
G1 X118.731 Y122.399 E.43117
G1 X118.729 Y122.786 E.00949
G1 X101.125 Y122.786 E.43117
G1 X101.123 Y123.174 E.00949
G1 X118.727 Y123.174 E.43117
G1 X118.724 Y123.561 E.00949
G1 X101.121 Y123.561 E.43117
G1 X101.118 Y123.949 E.00949
G1 X118.722 Y123.949 E.43117
G1 X118.72 Y124.336 E.00949
G1 X101.116 Y124.336 E.43117
G1 X101.114 Y124.724 E.00949
G1 X107.684 Y124.724 E.16093
G1 X107.057 Y125.112 E.01807
G1 X101.112 Y125.112 E.14561
G1 X101.109 Y125.499 E.00949
G1 X106.597 Y125.499 E.13441
G1 X106.513 Y125.57 E.0027
G1 X106.24 Y125.887 E.01024
G1 X101.107 Y125.887 E.12571
G1 X101.105 Y126.274 E.00949
G1 X105.937 Y126.274 E.11836
G1 X105.697 Y126.662 E.01117
G1 X101.103 Y126.662 E.11252
G1 X101.101 Y127.05 E.00949
G1 X105.51 Y127.05 E.10799
G1 X105.347 Y127.437 E.0103
G1 X101.098 Y127.437 E.10405
G1 X101.096 Y127.825 E.00949
G1 X105.244 Y127.825 E.1016
G1 X105.149 Y128.212 E.00977
G1 X101.094 Y128.212 E.09933
G1 X101.092 Y128.6 E.00949
G1 X105.117 Y128.6 E.09858
G1 X105.093 Y128.987 E.00951
G1 X101.09 Y128.987 E.09806
G1 X101.087 Y129.375 E.00949
G1 X105.091 Y129.375 E.09806
G1 X105.089 Y129.763 E.00949
G1 X101.085 Y129.763 E.09806
G1 X101.083 Y130.15 E.00949
G1 X105.087 Y130.15 E.09806
G1 X105.084 Y130.538 E.00949
G1 X101.081 Y130.538 E.09806
G1 X101.078 Y130.925 E.00949
G1 X105.082 Y130.925 E.09806
G1 X105.101 Y131.313 E.0095
G1 X101.076 Y131.313 E.09857
G1 X101.074 Y131.7 E.00949
G1 X105.129 Y131.7 E.09931
G1 X105.218 Y132.088 E.00974
G1 X101.072 Y132.088 E.10154
G1 X101.07 Y132.476 E.00949
G1 X105.313 Y132.476 E.10394
G1 X105.471 Y132.863 E.01025
G1 X101.067 Y132.863 E.10786
G1 X101.065 Y133.251 E.00949
G1 X105.65 Y133.251 E.1123
G1 X105.885 Y133.638 E.01109
G1 X101.063 Y133.638 E.1181
G1 X101.061 Y134.026 E.00949
G1 X106.176 Y134.026 E.12528
G1 X106.518 Y134.414 E.01266
G1 X101.059 Y134.414 E.13371
G1 X101.056 Y134.801 E.00949
G1 X106.966 Y134.801 E.14475
G1 X107.034 Y134.859 E.00217
G1 X107.565 Y135.189 E.01531
G1 X101.054 Y135.189 E.15946
G1 X101.052 Y135.576 E.00949
G1 X108.479 Y135.576 E.18191
G1 X109.101 Y135.729 E.01569
G1 X109.853 Y135.793 E.01847
G1 X110.605 Y135.738 E.01847
G1 X111.296 Y135.576 E.01738
G1 X118.656 Y135.576 E.18027
G1 X118.654 Y135.964 E.00949
G1 X101.05 Y135.964 E.43117
G1 X101.048 Y136.351 E.00949
G1 X118.651 Y136.351 E.43117
G1 X118.649 Y136.739 E.00949
G1 X101.045 Y136.739 E.43117
G1 X101.043 Y137.127 E.00949
G1 X118.647 Y137.127 E.43117
G1 X118.645 Y137.514 E.00949
G1 X101.041 Y137.514 E.43117
G1 X101.039 Y137.902 E.00949
G1 X118.643 Y137.902 E.43117
G1 X118.64 Y138.289 E.00949
G1 X101.036 Y138.289 E.43117
G1 X101.034 Y138.677 E.00949
G1 X118.638 Y138.677 E.43117
G1 X118.636 Y139.064 E.00949
G1 X101.032 Y139.064 E.43117
G1 X101.03 Y139.452 E.00949
G1 X118.807 Y139.452 E.43542
G1 X118.832 Y135.189 F18000
G1 F6000
G1 X112.191 Y135.189 E.16265
G1 X112.682 Y134.891 E.01407
G1 X112.789 Y134.801 E.00343
G1 X118.66 Y134.801 E.1438
G1 X118.662 Y134.414 E.00949
G1 X113.248 Y134.414 E.13261
G1 X113.586 Y134.026 E.01259
G1 X118.665 Y134.026 E.12439
G1 X118.667 Y133.638 E.00949
G1 X113.873 Y133.638 E.11741
G1 X114.114 Y133.251 E.01117
G1 X118.669 Y133.251 E.11157
G1 X118.671 Y132.863 E.00949
G1 X114.288 Y132.863 E.10735
G1 X114.447 Y132.476 E.01026
G1 X118.673 Y132.476 E.10351
G1 X118.676 Y132.088 E.00949
G1 X114.543 Y132.088 E.10123
G1 X114.627 Y131.7 E.00972
G1 X118.678 Y131.7 E.09921
G1 X118.68 Y131.313 E.00949
G1 X114.66 Y131.313 E.09846
G1 X114.679 Y130.925 E.0095
G1 X118.682 Y130.925 E.09806
G1 X118.685 Y130.538 E.00949
G1 X114.681 Y130.538 E.09806
G1 X114.683 Y130.15 E.00949
G1 X118.687 Y130.15 E.09806
G1 X118.689 Y129.763 E.00949
G1 X114.685 Y129.763 E.09806
G1 X114.688 Y129.375 E.00949
G1 X118.691 Y129.375 E.09806
G1 X118.693 Y128.987 E.00949
G1 X114.69 Y128.987 E.09806
G1 X114.666 Y128.6 E.00951
G1 X118.696 Y128.6 E.09869
G1 X118.698 Y128.212 E.00949
G1 X114.63 Y128.212 E.09963
G1 X114.539 Y127.825 E.00975
G1 X118.7 Y127.825 E.10191
G1 X118.702 Y127.437 E.00949
G1 X114.433 Y127.437 E.10458
G1 X114.275 Y127.05 E.01025
G1 X118.704 Y127.05 E.1085
G1 X118.707 Y126.662 E.00949
G1 X114.083 Y126.662 E.11324
G1 X113.849 Y126.274 E.01109
G1 X118.709 Y126.274 E.11903
G1 X118.711 Y125.887 E.00949
G1 X113.543 Y125.887 E.12658
G1 X113.309 Y125.609 E.0089
G1 X113.181 Y125.499 E.00412
G1 X118.713 Y125.499 E.13549
G1 X118.716 Y125.112 E.00949
G1 X112.731 Y125.112 E.14659
G1 X112.106 Y124.724 E.018
G1 X118.891 Y124.724 E.16619
; stop printing object pigtail_slot_coupon.stl id:2099807082496 copy 0
;LAYER_CHANGE
;Z:3.28
;HEIGHT:0.16
G92 E0 ; zero the extruded length again
; BEFORE_LAYER_CHANGE 19 @ 3.28mm
G1 E-1.75 F6000
;WIPE_START
G1 X117.891 Y124.724 E-.75
;WIPE_END
; AFTER_LAYER_CHANGE 19 @ 3.28mm
;_SET_FAN_SPEED_CHANGING_LAYER
; printing object pigtail_slot_coupon.stl id:2099807082496 copy 0
G1 F18000
G1 X117.729 Y125.227 Z3.30857
G1 X117.236 Y125.413 Z3.33714
G1 X116.782 Y125.144 Z3.36571
G1 X116.709 Y124.621 Z3.39429
G1 X117.073 Y124.238 Z3.42286
G1 X117.599 Y124.284 Z3.45143
G1 X117.891 Y124.724 Z3.48
G1 X120.197 Y141.423 Z3.48
G1 X120.197 Y141.423
G1 X120.608 Y141.839
G1 Z3.28
G1 E2.5 F6000
M204 P1000
;TYPE:Outer wall
;WIDTH:0.42
G1 F3600
G1 X99.029 Y141.716 E.52594
G1 X99.37 Y82.014 E1.45507
G1 X103.269 Y78.159 E.13363
G1 X106.782 Y78.179 E.08562
G1 X120.971 Y78.26 E.34583
G1 X120.609 Y141.779 E1.54809
G1 X120.197 Y141.423 F18000
G1 X120.21 Y141.436
M204 P1500
;TYPE:Inner wall
;WIDTH:0.45
G1 F6000
G1 X99.432 Y141.317 E.54581
G1 X99.769 Y82.182 E1.55337
G1 X103.432 Y78.561 E.1353
G1 X106.779 Y78.58 E.08792
G1 X120.568 Y78.658 E.36221
G1 X120.21 Y141.376 E1.64747
G1 X119.797 Y141.018 F18000
G1 F6000
G1 X99.85 Y140.904 E.52397
G1 X100.184 Y82.357 E1.53793
G1 X103.602 Y78.977 E.12626
G1 X106.777 Y78.995 E.0834
G1 X120.15 Y79.072 E.35129
G1 X119.797 Y140.958 E1.62563
G1 X119.383 Y140.6 F18000
G1 F6000
G1 X100.268 Y140.491 E.50213
G1 X100.599 Y82.531 E1.52249
G1 X103.772 Y79.394 E.11721
G1 X106.775 Y79.411 E.07887
G1 X119.732 Y79.485 E.34038
G1 X119.384 Y140.54 E1.60379
G1 X118.97 Y140.182 F18000
G1 F6000
G1 X100.686 Y140.078 E.48029
G1 X101.013 Y82.706 E1.50705
G1 X103.942 Y79.811 E.10817
G1 X106.772 Y79.827 E.07435
G1 X119.314 Y79.898 E.32946
G1 X118.97 Y140.122 E1.58196
G1 E-1.75
;WIPE_START
G1 X117.97 Y140.12 E-.75
;WIPE_END
G1 X114.882 Y137.878 Z3.48 F18000
G1 X109.829 Y134.211 Z3.48
G1 X109.864 Y133.799
G1 Z3.28
G1 E2.5 F6000
M204 P1000
;TYPE:Outer wall
;WIDTH:0.42
G1 F3600
G1 X109.864 Y133.799 E.00001
G1 X110.304 Y133.766 E.01075
G1 X110.733 Y133.666 E.01075
G1 X111.142 Y133.499 E.01075
G1 X111.519 Y133.271 E.01075
G1 X111.856 Y132.987 E.01075
G1 X112.145 Y132.653 E.01075
G1 X112.377 Y132.278 E.01075
G1 X112.548 Y131.871 E.01075
G1 X112.654 Y131.443 E.01075
G1 X112.69 Y131.016 E.01045
G1 X112.702 Y128.992 E.04934
G1 X112.67 Y128.564 E.01045
G1 X112.57 Y128.134 E.01075
G1 X112.403 Y127.726 E.01075
G1 X112.175 Y127.348 E.01075
G1 X111.89 Y127.011 E.01075
G1 X111.557 Y126.723 E.01075
G1 X111.182 Y126.49 E.01075
G1 X110.775 Y126.319 E.01075
G1 X110.344 Y126.213 E.01082
G1 X109.819 Y126.183 E.01283
G1 X109.468 Y126.209 E.00858
G1 X109.038 Y126.309 E.01075
G1 X108.63 Y126.476 E.01075
G1 X108.252 Y126.704 E.01075
G1 X107.915 Y126.989 E.01075
G1 X107.627 Y127.322 E.01075
G1 X107.394 Y127.697 E.01075
G1 X107.223 Y128.104 E.01075
G1 X107.118 Y128.532 E.01075
G1 X107.082 Y128.959 E.01045
G1 X107.07 Y130.984 E.04934
G1 X107.101 Y131.412 E.01045
G1 X107.202 Y131.841 E.01075
G1 X107.368 Y132.249 E.01075
G1 X107.597 Y132.627 E.01075
G1 X107.881 Y132.964 E.01075
G1 X108.215 Y133.252 E.01075
G1 X108.59 Y133.485 E.01075
G1 X108.996 Y133.656 E.01075
G1 X109.424 Y133.761 E.01075
G1 X109.804 Y133.793 E.00928
G1 X109.769 Y134.206 F18000
G1 X109.862 Y134.213
G1 X109.891 Y134.211
G1 X109.89 Y134.198
M204 P1500
;TYPE:Inner wall
;WIDTH:0.45
G1 F6000
G1 X110.365 Y134.164 E.01251
G1 X110.855 Y134.049 E.01324
G1 X111.322 Y133.859 E.01324
G1 X111.754 Y133.598 E.01324
G1 X112.139 Y133.272 E.01324
G1 X112.469 Y132.891 E.01324
G1 X112.734 Y132.463 E.01324
G1 X112.93 Y131.998 E.01324
G1 X113.05 Y131.508 E.01324
G1 X113.091 Y131.034 E.01251
G1 X113.102 Y128.978 E.054
G1 X113.068 Y128.503 E.01251
G1 X112.953 Y128.012 E.01324
G1 X112.762 Y127.545 E.01324
G1 X112.501 Y127.114 E.01324
G1 X112.176 Y126.729 E.01324
G1 X111.795 Y126.399 E.01324
G1 X111.366 Y126.133 E.01324
G1 X110.902 Y125.938 E.01324
G1 X110.404 Y125.815 E.01346
G1 X109.815 Y125.782 E.01549
G1 X109.407 Y125.812 E.01076
G1 X108.916 Y125.926 E.01324
G1 X108.449 Y126.117 E.01324
G1 X108.018 Y126.378 E.01324
G1 X107.633 Y126.703 E.01324
G1 X107.303 Y127.084 E.01324
G1 X107.037 Y127.513 E.01324
G1 X106.842 Y127.977 E.01324
G1 X106.721 Y128.467 E.01324
G1 X106.681 Y128.941 E.01251
G1 X106.669 Y130.997 E.054
G1 X106.704 Y131.472 E.01251
G1 X106.819 Y131.963 E.01324
G1 X107.009 Y132.43 E.01324
G1 X107.27 Y132.861 E.01324
G1 X107.595 Y133.247 E.01324
G1 X107.977 Y133.576 E.01324
G1 X108.405 Y133.842 E.01324
G1 X108.87 Y134.037 E.01324
G1 X109.359 Y134.158 E.01324
G1 X109.83 Y134.198 E.0124
G1 X109.802 Y134.613 F18000
G1 F6000
G1 X109.859 Y134.617 E.0015
G1 X110.427 Y134.576 E.01496
G1 X110.982 Y134.446 E.01496
G1 X111.509 Y134.231 E.01496
G1 X111.997 Y133.936 E.01496
G1 X112.432 Y133.569 E.01496
G1 X112.804 Y133.138 E.01496
G1 X113.105 Y132.654 E.01496
G1 X113.326 Y132.129 E.01496
G1 X113.462 Y131.576 E.01496
G1 X113.506 Y131.053 E.0138
G1 X113.518 Y128.964 E.05486
G1 X113.48 Y128.44 E.0138
G1 X113.35 Y127.886 E.01496
G1 X113.135 Y127.358 E.01496
G1 X112.84 Y126.871 E.01496
G1 X112.473 Y126.436 E.01496
G1 X112.042 Y126.063 E.01496
G1 X111.558 Y125.763 E.01496
G1 X111.033 Y125.542 E.01496
G1 X110.466 Y125.402 E.01533
G1 X109.812 Y125.365 E.01721
G1 X109.344 Y125.399 E.01232
G1 X108.79 Y125.529 E.01496
G1 X108.262 Y125.744 E.01496
G1 X107.775 Y126.039 E.01496
G1 X107.34 Y126.406 E.01496
G1 X106.967 Y126.837 E.01496
G1 X106.667 Y127.321 E.01496
G1 X106.446 Y127.846 E.01496
G1 X106.31 Y128.399 E.01496
G1 X106.265 Y128.923 E.0138
G1 X106.254 Y131.011 E.05486
G1 X106.292 Y131.535 E.0138
G1 X106.422 Y132.089 E.01496
G1 X106.637 Y132.617 E.01496
G1 X106.931 Y133.104 E.01496
G1 X107.299 Y133.54 E.01496
G1 X107.73 Y133.912 E.01496
G1 X108.214 Y134.212 E.01496
G1 X108.739 Y134.433 E.01496
G1 X109.292 Y134.569 E.01496
G1 X109.743 Y134.608 E.01189
G1 X109.943 Y135.028 F18000
G1 F6000
G1 X110.49 Y134.988 E.01442
G1 X111.109 Y134.843 E.01668
G1 X111.697 Y134.604 E.01668
G1 X112.24 Y134.275 E.01668
G1 X112.725 Y133.866 E.01668
G1 X113.14 Y133.385 E.01668
G1 X113.475 Y132.845 E.01668
G1 X113.722 Y132.26 E.01668
G1 X113.873 Y131.644 E.01668
G1 X113.922 Y131.071 E.01508
G1 X113.934 Y128.95 E.05572
G1 X113.892 Y128.377 E.01509
G1 X113.747 Y127.759 E.01668
G1 X113.508 Y127.171 E.01668
G1 X113.179 Y126.628 E.01668
G1 X112.769 Y126.142 E.01668
G1 X112.289 Y125.727 E.01668
G1 X111.749 Y125.393 E.01668
G1 X111.164 Y125.146 E.01668
G1 X110.528 Y124.99 E.0172
G1 X109.809 Y124.949 E.01893
G1 X109.281 Y124.987 E.01389
G1 X108.663 Y125.132 E.01668
G1 X108.075 Y125.372 E.01668
G1 X107.532 Y125.7 E.01668
G1 X107.046 Y126.11 E.01668
G1 X106.631 Y126.59 E.01668
G1 X106.296 Y127.13 E.01668
G1 X106.05 Y127.715 E.01668
G1 X105.898 Y128.332 E.01668
G1 X105.85 Y128.904 E.01508
G1 X105.838 Y131.025 E.05572
G1 X105.88 Y131.598 E.01509
G1 X106.024 Y132.216 E.01668
G1 X106.264 Y132.804 E.01668
G1 X106.593 Y133.348 E.01668
G1 X107.002 Y133.833 E.01668
G1 X107.483 Y134.248 E.01668
G1 X108.022 Y134.583 E.01668
G1 X108.608 Y134.829 E.01668
G1 X109.224 Y134.981 E.01668
G1 X109.857 Y135.034 E.01668
G1 X109.883 Y135.032 E.00069
G1 X109.74 Y135.442 F18000
G1 F6000
G1 X109.855 Y135.451 E.00303
G1 X110.553 Y135.4 E.0184
G1 X111.235 Y135.241 E.0184
G1 X111.884 Y134.976 E.0184
G1 X112.483 Y134.614 E.0184
G1 X113.018 Y134.162 E.0184
G1 X113.476 Y133.632 E.0184
G1 X113.846 Y133.037 E.0184
G1 X114.117 Y132.391 E.0184
G1 X114.285 Y131.711 E.0184
G1 X114.337 Y131.09 E.01637
G1 X114.35 Y128.936 E.05657
G1 X114.304 Y128.315 E.01637
G1 X114.145 Y127.633 E.01839
G1 X113.88 Y126.984 E.0184
G1 X113.518 Y126.385 E.0184
G1 X113.066 Y125.849 E.0184
G1 X112.536 Y125.391 E.0184
G1 X111.941 Y125.022 E.0184
G1 X111.295 Y124.75 E.0184
G1 X110.59 Y124.577 E.01907
G1 X109.805 Y124.532 E.02065
G1 X109.218 Y124.575 E.01546
G1 X108.536 Y124.735 E.0184
G1 X107.888 Y124.999 E.0184
G1 X107.289 Y125.362 E.0184
G1 X106.753 Y125.813 E.0184
G1 X106.295 Y126.343 E.0184
G1 X105.926 Y126.939 E.0184
G1 X105.654 Y127.584 E.0184
G1 X105.487 Y128.264 E.0184
G1 X105.434 Y128.885 E.01637
G1 X105.422 Y131.039 E.05657
G1 X105.467 Y131.661 E.01637
G1 X105.627 Y132.343 E.01839
G1 X105.891 Y132.991 E.0184
G1 X106.254 Y133.591 E.0184
G1 X106.706 Y134.126 E.0184
G1 X107.236 Y134.584 E.0184
G1 X107.831 Y134.953 E.0184
G1 X108.477 Y135.225 E.0184
G1 X109.157 Y135.392 E.0184
G1 X109.68 Y135.436 E.0138
G1 E-1.75
;WIPE_START
G1 X109.855 Y135.451 E-.13149
G1 X110.553 Y135.4 E-.52542
G1 X110.674 Y135.372 E-.0931
;WIPE_END
G1 X112.479 Y132.899 Z3.48 F18000
G1 X112.746 Y132.469
G1 X112.942 Y132.002
G1 X113.063 Y131.51
G1 X113.103 Y131.034
G1 X113.115 Y128.978
G1 X112.729 Y108.975
G1 X112.7 Y108.577
G1 X112.603 Y108.16
G1 X112.441 Y107.764
G1 X112.22 Y107.398
G1 X111.944 Y107.072
G1 X111.62 Y106.792
G1 X111.257 Y106.566
G1 X110.863 Y106.4
G1 X110.447 Y106.298
G1 X110.281 Y106.284
G1 X110.129 Y93.212
G1 X110.098 Y92.799
G1 Z3.28
G1 E2.5 F6000
M204 P1000
;TYPE:Outer wall
;WIDTH:0.42
G1 F3600
G1 X110.382 Y92.778 E.00692
G1 X110.658 Y92.714 E.00693
G1 X110.921 Y92.606 E.00693
G1 X111.165 Y92.459 E.00692
G1 X111.382 Y92.276 E.00692
G1 X111.568 Y92.061 E.00693
G1 X111.717 Y91.82 E.00693
G1 X111.828 Y91.558 E.00693
G1 X111.896 Y91.282 E.00692
G1 X111.918 Y91.011 E.00663
G1 X111.93 Y88.986 E.04934
G1 X111.91 Y88.715 E.00663
G1 X111.845 Y88.439 E.00692
G1 X111.738 Y88.175 E.00693
G1 X111.591 Y87.932 E.00693
G1 X111.408 Y87.715 E.00693
G1 X111.193 Y87.529 E.00692
G1 X110.951 Y87.379 E.00692
G1 X110.689 Y87.269 E.00693
G1 X110.411 Y87.201 E.007
G1 X110.072 Y87.182 E.00825
G1 X109.847 Y87.198 E.00551
G1 X109.57 Y87.263 E.00693
G1 X109.307 Y87.37 E.00693
G1 X109.064 Y87.517 E.00692
G1 X108.847 Y87.7 E.00692
G1 X108.661 Y87.915 E.00693
G1 X108.511 Y88.157 E.00693
G1 X108.401 Y88.419 E.00693
G1 X108.333 Y88.695 E.00692
G1 X108.31 Y88.966 E.00663
G1 X108.298 Y90.99 E.04934
G1 X108.318 Y91.261 E.00663
G1 X108.383 Y91.538 E.00692
G1 X108.49 Y91.801 E.00693
G1 X108.637 Y92.044 E.00693
G1 X108.821 Y92.262 E.00693
G1 X109.036 Y92.447 E.00692
G1 X109.277 Y92.597 E.00692
G1 X109.539 Y92.707 E.00693
G1 X109.815 Y92.775 E.00693
G1 X110.039 Y92.794 E.00547
G1 X110.004 Y93.206 F18000
G1 X110.067 Y93.212
G1 X110.068 Y93.199
M204 P1500
;TYPE:Inner wall
;WIDTH:0.45
G1 F6000
G1 X110.096 Y93.201 E.00074
G1 X110.442 Y93.176 E.00912
G1 X110.78 Y93.097 E.00912
G1 X111.102 Y92.966 E.00912
G1 X111.399 Y92.786 E.00912
G1 X111.664 Y92.562 E.00912
G1 X111.891 Y92.299 E.00912
G1 X112.074 Y92.004 E.00912
G1 X112.209 Y91.684 E.00912
G1 X112.292 Y91.347 E.00912
G1 X112.319 Y91.029 E.00839
G1 X112.331 Y88.973 E.054
G1 X112.307 Y88.655 E.00839
G1 X112.228 Y88.317 E.00912
G1 X112.097 Y87.995 E.00912
G1 X111.918 Y87.698 E.00912
G1 X111.694 Y87.432 E.00912
G1 X111.431 Y87.206 E.00912
G1 X111.136 Y87.022 E.00912
G1 X110.816 Y86.888 E.00912
G1 X110.47 Y86.803 E.00935
G1 X110.069 Y86.78 E.01055
G1 X109.786 Y86.801 E.00745
G1 X109.448 Y86.88 E.00912
G1 X109.127 Y87.011 E.00912
G1 X108.83 Y87.191 E.00912
G1 X108.564 Y87.415 E.00912
G1 X108.337 Y87.677 E.00912
G1 X108.154 Y87.972 E.00912
G1 X108.019 Y88.293 E.00912
G1 X107.936 Y88.63 E.00912
G1 X107.909 Y88.948 E.00839
G1 X107.898 Y91.004 E.054
G1 X107.921 Y91.322 E.00839
G1 X108 Y91.66 E.00912
G1 X108.131 Y91.982 E.00912
G1 X108.311 Y92.279 E.00912
G1 X108.535 Y92.544 E.00912
G1 X108.798 Y92.771 E.00912
G1 X109.093 Y92.954 E.00912
G1 X109.413 Y93.089 E.00912
G1 X109.75 Y93.172 E.00912
G1 X110.008 Y93.194 E.00681
G1 X110.15 Y93.614 F18000
G1 F6000
G1 X110.505 Y93.588 E.00934
G1 X110.907 Y93.494 E.01084
G1 X111.289 Y93.338 E.01084
G1 X111.642 Y93.125 E.01084
G1 X111.957 Y92.859 E.01084
G1 X112.227 Y92.546 E.01084
G1 X112.445 Y92.196 E.01084
G1 X112.605 Y91.815 E.01084
G1 X112.704 Y91.415 E.01084
G1 X112.735 Y91.048 E.00968
G1 X112.746 Y88.959 E.05486
G1 X112.72 Y88.592 E.00968
G1 X112.626 Y88.19 E.01084
G1 X112.47 Y87.808 E.01084
G1 X112.256 Y87.455 E.01084
G1 X111.99 Y87.139 E.01084
G1 X111.678 Y86.87 E.01084
G1 X111.327 Y86.652 E.01084
G1 X110.947 Y86.492 E.01084
G1 X110.532 Y86.39 E.01122
G1 X110.066 Y86.364 E.01227
G1 X109.723 Y86.389 E.00901
G1 X109.322 Y86.483 E.01084
G1 X108.939 Y86.638 E.01084
G1 X108.586 Y86.852 E.01084
G1 X108.271 Y87.118 E.01084
G1 X108.001 Y87.43 E.01084
G1 X107.784 Y87.781 E.01084
G1 X107.624 Y88.161 E.01084
G1 X107.525 Y88.562 E.01084
G1 X107.494 Y88.929 E.00968
G1 X107.482 Y91.018 E.05486
G1 X107.509 Y91.385 E.00968
G1 X107.603 Y91.787 E.01084
G1 X107.759 Y92.169 E.01084
G1 X107.972 Y92.522 E.01084
G1 X108.238 Y92.837 E.01084
G1 X108.551 Y93.107 E.01084
G1 X108.901 Y93.325 E.01084
G1 X109.282 Y93.485 E.01084
G1 X109.682 Y93.583 E.01084
G1 X110.091 Y93.618 E.01076
G1 X110.177 Y94.029 F18000
G1 F6000
G1 X110.568 Y94 E.01029
G1 X111.033 Y93.891 E.01256
G1 X111.476 Y93.711 E.01256
G1 X111.885 Y93.463 E.01255
G1 X112.25 Y93.155 E.01256
G1 X112.563 Y92.793 E.01256
G1 X112.815 Y92.387 E.01256
G1 X113.001 Y91.946 E.01256
G1 X113.115 Y91.482 E.01255
G1 X113.15 Y91.066 E.01096
G1 X113.162 Y88.945 E.05572
G1 X113.132 Y88.529 E.01097
G1 X113.023 Y88.063 E.01255
G1 X112.842 Y87.621 E.01256
G1 X112.595 Y87.212 E.01256
G1 X112.287 Y86.846 E.01256
G1 X111.925 Y86.534 E.01256
G1 X111.519 Y86.282 E.01255
G1 X111.078 Y86.096 E.01256
G1 X110.594 Y85.977 E.0131
G1 X110.062 Y85.947 E.01399
G1 X109.661 Y85.976 E.01058
G1 X109.195 Y86.085 E.01256
G1 X108.752 Y86.266 E.01256
G1 X108.343 Y86.513 E.01255
G1 X107.978 Y86.822 E.01256
G1 X107.665 Y87.183 E.01256
G1 X107.413 Y87.59 E.01256
G1 X107.228 Y88.03 E.01256
G1 X107.113 Y88.494 E.01256
G1 X107.078 Y88.91 E.01096
G1 X107.066 Y91.031 E.05572
G1 X107.097 Y91.448 E.01097
G1 X107.206 Y91.913 E.01255
G1 X107.386 Y92.356 E.01256
G1 X107.633 Y92.765 E.01256
G1 X107.942 Y93.13 E.01256
G1 X108.304 Y93.443 E.01256
G1 X108.71 Y93.695 E.01255
G1 X109.151 Y93.881 E.01256
G1 X109.615 Y93.995 E.01256
G1 X110.091 Y94.035 E.01256
G1 X110.117 Y94.033 E.00069
G1 X110.204 Y94.444 F18000
G1 F6000
G1 X110.631 Y94.412 E.01125
G1 X111.16 Y94.289 E.01428
G1 X111.663 Y94.083 E.01428
G1 X112.128 Y93.802 E.01427
G1 X112.544 Y93.452 E.01428
G1 X112.899 Y93.04 E.01428
G1 X113.186 Y92.578 E.01428
G1 X113.397 Y92.077 E.01428
G1 X113.526 Y91.55 E.01427
G1 X113.566 Y91.085 E.01225
G1 X113.578 Y88.931 E.05657
G1 X113.544 Y88.466 E.01225
G1 X113.42 Y87.937 E.01427
G1 X113.215 Y87.434 E.01428
G1 X112.934 Y86.968 E.01428
G1 X112.583 Y86.553 E.01428
G1 X112.172 Y86.198 E.01428
G1 X111.71 Y85.911 E.01427
G1 X111.209 Y85.7 E.01428
G1 X110.656 Y85.564 E.01497
G1 X110.059 Y85.531 E.01571
G1 X109.598 Y85.564 E.01214
G1 X109.069 Y85.688 E.01428
G1 X108.565 Y85.893 E.01428
G1 X108.1 Y86.174 E.01427
G1 X107.685 Y86.525 E.01428
G1 X107.329 Y86.936 E.01428
G1 X107.043 Y87.398 E.01428
G1 X106.832 Y87.899 E.01428
G1 X106.702 Y88.427 E.01427
G1 X106.663 Y88.892 E.01225
G1 X106.65 Y91.045 E.05657
G1 X106.684 Y91.511 E.01225
G1 X106.808 Y92.04 E.01427
G1 X107.013 Y92.543 E.01428
G1 X107.295 Y93.008 E.01428
G1 X107.645 Y93.424 E.01428
G1 X108.057 Y93.779 E.01428
G1 X108.518 Y94.065 E.01427
G1 X109.019 Y94.276 E.01428
G1 X109.547 Y94.406 E.01428
G1 X110.089 Y94.452 E.01428
G1 X110.144 Y94.448 E.00145
G1 E-1.75
;WIPE_START
G1 X110.631 Y94.412 E-.36614
G1 X111.129 Y94.296 E-.38386
;WIPE_END
G1 X111.546 Y98.089 Z3.48 F18000
G1 X112.7 Y108.577 Z3.48
G1 X112.729 Y108.975
G1 X112.718 Y111.032
G1 X112.684 Y111.43
G1 X112.582 Y111.845
G1 X112.416 Y112.239
G1 X112.19 Y112.603
G1 X111.911 Y112.926
G1 X111.584 Y113.202
G1 X111.218 Y113.424
G1 X110.822 Y113.585
G1 X110.405 Y113.683
G1 X110.011 Y113.711
G1 X109.981 Y113.299
G1 Z3.28
G1 E2.5 F6000
M204 P1000
;TYPE:Outer wall
;WIDTH:0.42
G1 F3600
G1 X110.343 Y113.272 E.00883
G1 X110.696 Y113.19 E.00884
G1 X111.032 Y113.053 E.00884
G1 X111.342 Y112.865 E.00884
G1 X111.619 Y112.631 E.00884
G1 X111.856 Y112.357 E.00884
G1 X112.047 Y112.049 E.00884
G1 X112.188 Y111.715 E.00884
G1 X112.275 Y111.362 E.00884
G1 X112.304 Y111.013 E.00854
G1 X112.316 Y108.989 E.04934
G1 X112.29 Y108.64 E.00854
G1 X112.208 Y108.286 E.00884
G1 X112.071 Y107.951 E.00884
G1 X111.883 Y107.64 E.00884
G1 X111.647 Y107.361 E.00891
G1 X111.312 Y107.087 E.01054
G1 X111.067 Y106.935 E.00705
G1 X110.732 Y106.794 E.00884
G1 X110.377 Y106.707 E.00891
G1 X109.946 Y106.682 E.01054
G1 X109.657 Y106.703 E.00705
G1 X109.304 Y106.786 E.00884
G1 X108.968 Y106.923 E.00884
G1 X108.658 Y107.111 E.00884
G1 X108.381 Y107.345 E.00884
G1 X108.144 Y107.619 E.00884
G1 X107.953 Y107.927 E.00884
G1 X107.812 Y108.261 E.00884
G1 X107.725 Y108.613 E.00884
G1 X107.696 Y108.963 E.00854
G1 X107.684 Y110.987 E.04934
G1 X107.71 Y111.336 E.00854
G1 X107.792 Y111.69 E.00884
G1 X107.929 Y112.025 E.00884
G1 X108.117 Y112.336 E.00884
G1 X108.351 Y112.613 E.00884
G1 X108.625 Y112.85 E.00884
G1 X108.933 Y113.041 E.00884
G1 X109.268 Y113.182 E.00884
G1 X109.62 Y113.268 E.00884
G1 X109.922 Y113.294 E.00738
G1 X109.887 Y113.706 F18000
G1 X109.979 Y113.714
G1 X110.008 Y113.712
G1 X110.007 Y113.699
M204 P1500
;TYPE:Inner wall
;WIDTH:0.45
G1 F6000
G1 X110.403 Y113.67 E.01045
G1 X110.818 Y113.573 E.01118
G1 X111.212 Y113.412 E.01118
G1 X111.576 Y113.192 E.01118
G1 X111.902 Y112.917 E.01118
G1 X112.18 Y112.595 E.01118
G1 X112.404 Y112.233 E.01118
G1 X112.57 Y111.841 E.01118
G1 X112.671 Y111.428 E.01118
G1 X112.705 Y111.031 E.01045
G1 X112.716 Y108.976 E.054
G1 X112.688 Y108.579 E.01045
G1 X112.591 Y108.164 E.01118
G1 X112.43 Y107.77 E.01118
G1 X112.21 Y107.406 E.01118
G1 X111.929 Y107.074 E.01141
G1 X111.546 Y106.761 E.01302
G1 X111.251 Y106.578 E.0091
G1 X110.859 Y106.413 E.01118
G1 X110.437 Y106.309 E.01141
G1 X109.942 Y106.281 E.01302
G1 X109.597 Y106.306 E.0091
G1 X109.182 Y106.403 E.01118
G1 X108.788 Y106.564 E.01118
G1 X108.424 Y106.784 E.01118
G1 X108.098 Y107.059 E.01118
G1 X107.82 Y107.381 E.01118
G1 X107.596 Y107.743 E.01118
G1 X107.43 Y108.135 E.01118
G1 X107.329 Y108.548 E.01118
G1 X107.295 Y108.945 E.01045
G1 X107.284 Y111 E.054
G1 X107.312 Y111.397 E.01045
G1 X107.409 Y111.812 E.01118
G1 X107.57 Y112.206 E.01118
G1 X107.79 Y112.57 E.01118
G1 X108.065 Y112.895 E.01118
G1 X108.387 Y113.174 E.01118
G1 X108.749 Y113.398 E.01118
G1 X109.141 Y113.563 E.01118
G1 X109.555 Y113.665 E.01118
G1 X109.947 Y113.698 E.01034
G1 X109.92 Y114.113 F18000
G1 F6000
G1 X109.976 Y114.118 E.0015
G1 X110.466 Y114.082 E.0129
G1 X110.944 Y113.97 E.0129
G1 X111.399 Y113.785 E.0129
G1 X111.819 Y113.53 E.0129
G1 X112.195 Y113.214 E.0129
G1 X112.516 Y112.842 E.0129
G1 X112.775 Y112.425 E.0129
G1 X112.965 Y111.972 E.0129
G1 X113.083 Y111.495 E.0129
G1 X113.12 Y111.05 E.01173
G1 X113.132 Y108.962 E.05486
G1 X113.1 Y108.516 E.01174
G1 X112.988 Y108.038 E.0129
G1 X112.802 Y107.583 E.0129
G1 X112.548 Y107.163 E.0129
G1 X112.222 Y106.777 E.01328
G1 X111.788 Y106.422 E.01474
G1 X111.443 Y106.207 E.01067
G1 X110.99 Y106.017 E.0129
G1 X110.499 Y105.896 E.01328
G1 X109.939 Y105.864 E.01474
G1 X109.534 Y105.894 E.01067
G1 X109.056 Y106.006 E.0129
G1 X108.601 Y106.191 E.0129
G1 X108.181 Y106.445 E.0129
G1 X107.805 Y106.762 E.0129
G1 X107.484 Y107.134 E.0129
G1 X107.225 Y107.551 E.0129
G1 X107.035 Y108.004 E.0129
G1 X106.917 Y108.481 E.0129
G1 X106.88 Y108.926 E.01173
G1 X106.868 Y111.014 E.05486
G1 X106.9 Y111.46 E.01174
G1 X107.012 Y111.938 E.0129
G1 X107.198 Y112.393 E.0129
G1 X107.452 Y112.813 E.0129
G1 X107.769 Y113.188 E.0129
G1 X108.14 Y113.509 E.0129
G1 X108.557 Y113.768 E.0129
G1 X109.01 Y113.959 E.0129
G1 X109.487 Y114.076 E.0129
G1 X109.86 Y114.108 E.00983
G1 X110.06 Y114.528 F18000
G1 F6000
G1 X110.529 Y114.494 E.01236
G1 X111.071 Y114.367 E.01462
G1 X111.586 Y114.157 E.01462
G1 X112.063 Y113.869 E.01462
G1 X112.488 Y113.51 E.01462
G1 X112.852 Y113.089 E.01462
G1 X113.145 Y112.616 E.01462
G1 X113.361 Y112.103 E.01462
G1 X113.494 Y111.563 E.01462
G1 X113.536 Y111.069 E.01302
G1 X113.548 Y108.948 E.05572
G1 X113.512 Y108.453 E.01302
G1 X113.385 Y107.911 E.01462
G1 X113.175 Y107.396 E.01462
G1 X112.887 Y106.92 E.01462
G1 X112.515 Y106.479 E.01515
G1 X112.03 Y106.083 E.01646
G1 X111.634 Y105.837 E.01224
G1 X111.121 Y105.621 E.01462
G1 X110.561 Y105.483 E.01515
G1 X109.936 Y105.448 E.01646
G1 X109.471 Y105.482 E.01224
G1 X108.929 Y105.609 E.01462
G1 X108.414 Y105.819 E.01462
G1 X107.937 Y106.107 E.01462
G1 X107.512 Y106.466 E.01462
G1 X107.148 Y106.887 E.01462
G1 X106.855 Y107.36 E.01462
G1 X106.639 Y107.873 E.01462
G1 X106.506 Y108.413 E.01462
G1 X106.464 Y108.907 E.01302
G1 X106.452 Y111.028 E.05572
G1 X106.488 Y111.523 E.01302
G1 X106.615 Y112.065 E.01462
G1 X106.825 Y112.58 E.01462
G1 X107.113 Y113.056 E.01462
G1 X107.472 Y113.482 E.01462
G1 X107.893 Y113.845 E.01462
G1 X108.366 Y114.139 E.01462
G1 X108.879 Y114.355 E.01462
G1 X109.419 Y114.488 E.01462
G1 X109.974 Y114.535 E.01462
G1 X110 Y114.533 E.00068
G1 X110.086 Y114.943 F18000
G1 F6000
G1 X110.592 Y114.906 E.01331
G1 X111.198 Y114.765 E.01634
G1 X111.774 Y114.53 E.01634
G1 X112.306 Y114.208 E.01634
G1 X112.781 Y113.807 E.01634
G1 X113.188 Y113.336 E.01634
G1 X113.516 Y112.808 E.01634
G1 X113.757 Y112.234 E.01634
G1 X113.906 Y111.63 E.01634
G1 X113.951 Y111.087 E.01431
G1 X113.964 Y108.934 E.05657
G1 X113.924 Y108.39 E.01431
G1 X113.782 Y107.785 E.01634
G1 X113.548 Y107.209 E.01634
G1 X113.226 Y106.677 E.01634
G1 X112.808 Y106.181 E.01702
G1 X112.272 Y105.744 E.01818
G1 X111.825 Y105.467 E.0138
G1 X111.252 Y105.225 E.01634
G1 X110.623 Y105.07 E.01702
G1 X109.932 Y105.031 E.01818
G1 X109.408 Y105.07 E.0138
G1 X108.802 Y105.211 E.01634
G1 X108.226 Y105.446 E.01634
G1 X107.694 Y105.768 E.01634
G1 X107.219 Y106.169 E.01634
G1 X106.812 Y106.64 E.01634
G1 X106.484 Y107.168 E.01634
G1 X106.243 Y107.742 E.01634
G1 X106.094 Y108.346 E.01634
G1 X106.049 Y108.888 E.01431
G1 X106.036 Y111.042 E.05657
G1 X106.076 Y111.586 E.01431
G1 X106.218 Y112.191 E.01634
G1 X106.452 Y112.767 E.01634
G1 X106.774 Y113.299 E.01634
G1 X107.176 Y113.775 E.01634
G1 X107.646 Y114.181 E.01634
G1 X108.175 Y114.509 E.01634
G1 X108.748 Y114.751 E.01634
G1 X109.352 Y114.899 E.01634
G1 X109.972 Y114.952 E.01634
G1 X110.027 Y114.948 E.00145
G1 X106.1 Y112.344 F18000
M204 P2000
;TYPE:Internal solid infill
;WIDTH:0.424368
G1 F6000
G1 X106.1 Y126.049 E.33779
G1 X106.49 Y125.597 E.0147
G1 X106.49 Y113.487 E.2985
G1 X106.88 Y113.952 E.01497
G1 X106.88 Y125.261 E.27874
G1 X107.089 Y125.084 E.00676
G1 X107.27 Y124.975 E.0052
G1 X107.27 Y114.306 E.26296
G1 X107.444 Y114.457 E.00567
G1 X107.66 Y114.591 E.00626
G1 X107.66 Y124.739 E.25013
G1 X108.05 Y124.565 E.01052
G1 X108.05 Y114.826 E.24004
G1 X108.44 Y114.99 E.01043
G1 X108.44 Y124.407 E.23211
G1 X108.83 Y124.316 E.00987
G1 X108.83 Y115.121 E.22663
G1 X109.22 Y115.217 E.0099
G1 X109.22 Y124.233 E.22222
G1 X109.61 Y124.205 E.00964
G1 X109.61 Y115.263 E.2204
G1 X110 Y115.291 E.00964
G1 X110 Y124.202 E.21964
G1 X110.39 Y124.224 E.00963
G1 X110.39 Y115.263 E.22089
G1 X110.643 Y115.244 E.00626
G1 X110.78 Y115.212 E.00346
G1 X110.78 Y124.273 E.22333
G1 X111.17 Y124.369 E.0099
G1 X111.17 Y115.121 E.22795
G1 X111.301 Y115.09 E.00332
G1 X111.56 Y114.985 E.00689
G1 X111.56 Y124.492 E.23435
G1 X111.95 Y124.657 E.01043
G1 X111.95 Y114.821 E.24242
G1 X112.34 Y114.585 E.01124
G1 X112.34 Y124.869 E.25348
G1 X112.73 Y125.111 E.01132
G1 X112.73 Y114.295 E.26659
G1 X113.021 Y114.05 E.00939
G1 X113.12 Y113.935 E.00373
G1 X113.12 Y125.446 E.28373
G1 X113.309 Y125.609 E.00614
G1 X113.51 Y125.848 E.0077
G1 X113.51 Y113.462 E.30528
G1 X113.819 Y112.964 E.01444
G1 X113.9 Y112.772 E.00516
G1 X113.9 Y126.694 E.34317
G1 X114.29 Y127.548 F18000
G1 F6000
G1 X114.29 Y80.21 E1.16677
G1 X113.9 Y80.208 E.00961
G1 X113.9 Y107.632 E.67593
G1 X118.971 Y110.825 F18000
G1 F6000
G1 X118.971 Y80.237 E.75392
G1 X118.581 Y80.235 E.00961
G1 X118.581 Y139.839 E1.46912
G1 X118.191 Y139.837 E.00961
G1 X118.191 Y80.232 E1.46912
G1 X117.801 Y80.23 E.00961
G1 X117.801 Y139.835 E1.46912
G1 X117.411 Y139.833 E.00961
G1 X117.411 Y80.228 E1.46912
G1 X117.021 Y80.226 E.00961
G1 X117.021 Y139.83 E1.46912
G1 X116.631 Y139.828 E.00961
G1 X116.631 Y80.224 E1.46912
G1 X116.24 Y80.221 E.00961
G1 X116.24 Y139.826 E1.46912
G1 X115.85 Y139.824 E.00961
G1 X115.85 Y80.219 E1.46912
G1 X115.46 Y80.217 E.00961
G1 X115.46 Y139.821 E1.46912
G1 X115.07 Y139.819 E.00961
G1 X115.07 Y80.215 E1.46912
G1 X114.68 Y80.212 E.00961
G1 X114.68 Y139.817 E1.46912
G1 X114.29 Y139.815 E.00961
G1 X114.29 Y132.858 E.17146
G1 X114.149 Y133.194 E.00897
G1 X113.9 Y133.595 E.01163
G1 X113.9 Y139.813 E.15326
G1 X113.51 Y139.81 E.00961
G1 X113.51 Y134.113 E.14041
G1 X113.258 Y134.405 E.0095
G1 X113.12 Y134.522 E.00446
G1 X113.12 Y139.808 E.1303
G1 X112.73 Y139.806 E.00961
G1 X112.73 Y134.851 E.12213
G1 X112.34 Y135.098 E.01138
G1 X112.34 Y139.804 E.11598
G1 X111.95 Y139.801 E.00961
G1 X111.95 Y135.317 E.11053
G1 X111.56 Y135.476 E.01038
G1 X111.56 Y139.799 E.10656
G1 X111.17 Y139.797 E.00961
G1 X111.17 Y135.606 E.10331
G1 X110.78 Y135.697 E.00987
G1 X110.78 Y139.795 E.101
G1 X110.39 Y139.792 E.00961
G1 X110.39 Y135.754 E.09955
G1 X110 Y135.782 E.00964
G1 X110 Y139.79 E.09879
G1 X109.61 Y139.788 E.00961
G1 X109.61 Y135.772 E.09898
G1 X109.22 Y135.739 E.00965
G1 X109.22 Y139.786 E.09973
G1 X108.83 Y139.784 E.00961
G1 X108.83 Y135.663 E.10157
G1 X108.44 Y135.567 E.0099
G1 X108.44 Y139.781 E.10388
G1 X108.05 Y139.779 E.00961
G1 X108.05 Y135.415 E.10757
G1 X107.66 Y135.248 E.01046
G1 X107.66 Y139.777 E.11163
G1 X107.27 Y139.775 E.00961
G1 X107.27 Y135.006 E.11754
G1 X107.034 Y134.859 E.00685
G1 X106.88 Y134.726 E.00501
G1 X106.88 Y139.772 E.12438
G1 X106.49 Y139.77 E.00961
G1 X106.49 Y134.389 E.13263
G1 X106.1 Y133.936 E.01474
G1 X106.1 Y139.768 E.14375
G1 X105.71 Y139.766 E.00961
G1 X105.71 Y133.349 E.15816
G1 X105.586 Y133.145 E.00588
G1 X105.32 Y132.491 E.01741
G1 X105.32 Y139.764 E.17926
G1 X104.93 Y139.761 E.00961
G1 X104.93 Y80.157 E1.46912
G1 X105.32 Y80.159 E.00961
G1 X105.32 Y127.519 E1.16731
G1 X105.622 Y126.782 E.01964
G1 X105.71 Y126.641 E.00408
G1 X105.71 Y80.161 E1.14563
G1 X106.1 Y80.163 E.00961
G1 X106.1 Y107.205 E.6665
G1 X106.181 Y107.012 E.00516
G1 X106.49 Y106.514 E.01443
G1 X106.49 Y92.16 E.35379
G1 X106.708 Y92.696 E.01427
G1 X106.88 Y92.98 E.00817
G1 X106.88 Y106.041 E.32192
G1 X106.979 Y105.926 E.00374
G1 X107.27 Y105.681 E.00938
G1 X107.27 Y93.507 E.30007
G1 X107.403 Y93.664 E.00507
G1 X107.66 Y93.886 E.00838
G1 X107.66 Y105.391 E.28357
G1 X108.05 Y105.155 E.01124
G1 X108.05 Y94.175 E.27062
G1 X108.44 Y94.402 E.01112
G1 X108.44 Y104.991 E.26101
G1 X108.699 Y104.886 E.00689
G1 X108.83 Y104.855 E.00332
G1 X108.83 Y94.566 E.2536
G1 X109.22 Y94.676 E.00999
G1 X109.22 Y104.764 E.24863
G1 X109.356 Y104.732 E.00346
G1 X109.61 Y104.713 E.00626
G1 X109.61 Y94.753 E.2455
G1 X110 Y94.786 E.00965
G1 X110 Y104.694 E.24421
G1 X110.39 Y104.716 E.00963
G1 X110.39 Y94.771 E.24512
G1 X110.78 Y94.727 E.00968
G1 X110.78 Y104.758 E.24725
G1 X111.17 Y104.854 E.0099
G1 X111.17 Y94.636 E.25186
G1 X111.56 Y94.493 E.01024
G1 X111.56 Y104.985 E.25861
G1 X111.95 Y105.15 E.01043
G1 X111.95 Y94.308 E.26722
G1 X112.34 Y94.069 E.01128
G1 X112.34 Y105.385 E.27893
G1 X112.47 Y105.466 E.00377
G1 X112.73 Y105.678 E.00827
G1 X112.73 Y93.74 E.29426
G1 X113.12 Y93.305 E.01439
G1 X113.12 Y106.024 E.31349
G1 X113.51 Y106.489 E.01496
G1 X113.51 Y92.238 E.35126
G1 X113.51 Y87.715 F18000
G1 F6000
G1 X113.51 Y80.206 E.18509
G1 X113.12 Y80.204 E.00961
G1 X113.12 Y86.661 E.15917
G1 X112.826 Y86.313 E.01125
G1 X112.73 Y86.23 E.00312
G1 X112.73 Y80.201 E.1486
G1 X112.34 Y80.199 E.00961
G1 X112.34 Y85.901 E.14055
G1 X111.95 Y85.659 E.01132
G1 X111.95 Y80.197 E.13464
G1 X111.56 Y80.195 E.00961
G1 X111.56 Y85.479 E.13024
G1 X111.316 Y85.376 E.00652
G1 X111.17 Y85.34 E.00371
G1 X111.17 Y80.192 E.12688
G1 X110.78 Y80.19 E.00961
G1 X110.78 Y85.244 E.12457
G1 X110.39 Y85.208 E.00965
G1 X110.39 Y80.188 E.12374
G1 X110 Y80.186 E.00961
G1 X110 Y85.193 E.12343
G1 X109.61 Y85.222 E.00964
G1 X109.61 Y80.183 E.12419
G1 X109.22 Y80.181 E.00961
G1 X109.22 Y85.303 E.12624
G1 X108.965 Y85.362 E.00646
G1 X108.83 Y85.418 E.00359
G1 X108.83 Y80.179 E.12912
G1 X108.44 Y80.177 E.00961
G1 X108.44 Y85.577 E.13309
G1 X108.05 Y85.807 E.01117
G1 X108.05 Y80.175 E.13883
G1 X107.66 Y80.172 E.00961
G1 X107.66 Y86.101 E.14612
G1 X107.445 Y86.282 E.00694
G1 X107.27 Y86.485 E.0066
G1 X107.27 Y80.17 E.15564
G1 X106.88 Y80.168 E.00961
G1 X106.88 Y87.015 E.16877
G1 X106.739 Y87.241 E.00657
G1 X106.49 Y87.865 E.01655
G1 X106.49 Y79.992 E.19404
G1 X104.54 Y139.933 F18000
G1 F6000
G1 X104.54 Y80.155 E1.4734
G1 X104.149 Y80.152 E.00961
G1 X104.149 Y139.757 E1.46912
G1 X103.759 Y139.755 E.00961
G1 X103.759 Y80.47 E1.46124
G1 X103.369 Y80.855 E.01352
G1 X103.369 Y139.752 E1.45168
G1 X102.979 Y139.75 E.00961
G1 X102.979 Y81.241 E1.44212
G1 X102.589 Y81.626 E.01352
G1 X102.589 Y139.748 E1.43257
G1 X102.199 Y139.746 E.00961
G1 X102.199 Y82.012 E1.42301
G1 X101.809 Y82.398 E.01352
G1 X101.809 Y139.743 E1.41345
G1 X101.419 Y139.741 E.00961
G1 X101.419 Y82.783 E1.40389
G1 X101.353 Y82.849 E.00229
G1 X101.029 Y139.913 E1.40652
; stop printing object pigtail_slot_coupon.stl id:2099807082496 copy 0
;LAYER_CHANGE
;Z:3.44
;HEIGHT:0.16
G92 E0 ; zero the extruded length again
; BEFORE_LAYER_CHANGE 20 @ 3.44mm
G1 E-1.75 F6000
;WIPE_START
G1 X101.035 Y138.913 E-.75
;WIPE_END
; AFTER_LAYER_CHANGE 20 @ 3.44mm
;_SET_FAN_SPEED_CHANGING_LAYER
; printing object pigtail_slot_coupon.stl id:2099807082496 copy 0
G1 F18000
G1 X101.476 Y139.202 Z3.46857
G1 X101.525 Y139.728 Z3.49714
G1 X101.145 Y140.094 Z3.52571
G1 X100.622 Y140.025 Z3.55429
G1 X100.349 Y139.572 Z3.58286
G1 X100.533 Y139.077 Z3.61143
G1 X101.035 Y138.913 Z3.64
G1 X120.012 Y141.422 Z3.64
G1 X120.197 Y141.423
G1 X120.608 Y141.839
G1 Z3.44
G1 E2.5 F6000
M204 P1000
;TYPE:Outer wall
;WIDTH:0.42
G1 F3600
G1 X99.029 Y141.716 E.52594
G1 X99.37 Y82.014 E1.45507
G1 X103.269 Y78.159 E.13363
G1 X106.062 Y78.175 E.06807
G1 X120.971 Y78.26 E.36338
G1 X120.609 Y141.779 E1.54809
G1 X120.197 Y141.423 F18000
G1 X120.21 Y141.436
M204 P1500
;TYPE:Inner wall
;WIDTH:0.45
G1 F6000
G1 X99.432 Y141.317 E.54581
G1 X99.769 Y82.182 E1.55337
G1 X103.432 Y78.561 E.1353
G1 X106.059 Y78.576 E.06901
G1 X120.568 Y78.658 E.38112
G1 X120.21 Y141.376 E1.64747
G1 X119.797 Y141.018 F18000
G1 F6000
G1 X99.85 Y140.904 E.52397
G1 X100.184 Y82.357 E1.53793
G1 X103.602 Y78.977 E.12626
G1 X106.057 Y78.991 E.06448
G1 X120.15 Y79.072 E.37021
G1 X119.797 Y140.958 E1.62563
G1 X119.383 Y140.6 F18000
G1 F6000
G1 X100.268 Y140.491 E.50213
G1 X100.599 Y82.531 E1.52249
G1 X103.772 Y79.394 E.11721
G1 X106.055 Y79.407 E.05996
G1 X119.732 Y79.485 E.35929
G1 X119.384 Y140.54 E1.60379
G1 X118.97 Y140.182 F18000
G1 F6000
G1 X100.686 Y140.078 E.48029
G1 X101.013 Y82.706 E1.50705
G1 X103.942 Y79.811 E.10817
G1 X106.052 Y79.823 E.05544
G1 X119.314 Y79.898 E.34837
G1 X118.97 Y140.122 E1.58196
G1 E-1.75
;WIPE_START
G1 X117.97 Y140.12 E-.75
;WIPE_END
G1 X114.89 Y137.866 Z3.64 F18000
G1 X109.895 Y134.211 Z3.64
G1 X109.864 Y133.799
G1 Z3.44
G1 E2.5 F6000
M204 P1000
;TYPE:Outer wall
;WIDTH:0.42
G1 F3600
G1 X110.304 Y133.766 E.01074
G1 X110.733 Y133.666 E.01075
G1 X111.142 Y133.499 E.01075
G1 X111.519 Y133.271 E.01075
G1 X111.856 Y132.987 E.01075
G1 X112.145 Y132.653 E.01075
G1 X112.377 Y132.278 E.01075
G1 X112.548 Y131.871 E.01075
G1 X112.654 Y131.443 E.01075
G1 X112.69 Y131.016 E.01045
G1 X112.702 Y128.992 E.04934
G1 X112.67 Y128.564 E.01045
G1 X112.57 Y128.134 E.01075
G1 X112.403 Y127.726 E.01075
G1 X112.175 Y127.348 E.01075
G1 X111.89 Y127.011 E.01075
G1 X111.557 Y126.723 E.01075
G1 X111.182 Y126.49 E.01075
G1 X110.775 Y126.319 E.01075
G1 X110.345 Y126.213 E.01081
G1 X109.835 Y126.182 E.01245
G1 X109.468 Y126.209 E.00897
G1 X109.038 Y126.309 E.01075
G1 X108.63 Y126.476 E.01075
G1 X108.252 Y126.704 E.01075
G1 X107.915 Y126.989 E.01075
G1 X107.627 Y127.322 E.01075
G1 X107.394 Y127.697 E.01075
G1 X107.223 Y128.104 E.01075
G1 X107.118 Y128.532 E.01075
G1 X107.082 Y128.959 E.01045
G1 X107.07 Y130.984 E.04934
G1 X107.101 Y131.412 E.01045
G1 X107.202 Y131.841 E.01075
G1 X107.368 Y132.249 E.01075
G1 X107.597 Y132.627 E.01075
G1 X107.881 Y132.964 E.01075
G1 X108.215 Y133.252 E.01075
G1 X108.59 Y133.485 E.01075
G1 X108.996 Y133.656 E.01075
G1 X109.424 Y133.761 E.01075
G1 X109.805 Y133.794 E.0093
G1 X109.77 Y134.206 F18000
G1 X109.862 Y134.213
G1 X109.891 Y134.211
G1 X109.89 Y134.198
M204 P1500
;TYPE:Inner wall
;WIDTH:0.45
G1 F6000
G1 X110.365 Y134.164 E.01251
G1 X110.855 Y134.049 E.01324
G1 X111.322 Y133.859 E.01324
G1 X111.754 Y133.598 E.01324
G1 X112.139 Y133.272 E.01324
G1 X112.469 Y132.891 E.01324
G1 X112.734 Y132.463 E.01324
G1 X112.93 Y131.998 E.01324
G1 X113.05 Y131.508 E.01324
G1 X113.091 Y131.034 E.01251
G1 X113.102 Y128.978 E.054
G1 X113.068 Y128.503 E.01251
G1 X112.953 Y128.012 E.01324
G1 X112.762 Y127.545 E.01324
G1 X112.501 Y127.114 E.01324
G1 X112.176 Y126.729 E.01324
G1 X111.795 Y126.399 E.01324
G1 X111.366 Y126.133 E.01324
G1 X110.902 Y125.938 E.01324
G1 X110.405 Y125.816 E.01343
G1 X109.832 Y125.781 E.01508
G1 X109.407 Y125.812 E.0112
G1 X108.916 Y125.926 E.01324
G1 X108.449 Y126.117 E.01324
G1 X108.018 Y126.378 E.01324
G1 X107.633 Y126.703 E.01324
G1 X107.303 Y127.084 E.01324
G1 X107.037 Y127.513 E.01324
G1 X106.842 Y127.977 E.01324
G1 X106.721 Y128.467 E.01324
G1 X106.681 Y128.941 E.01251
G1 X106.669 Y130.997 E.054
G1 X106.704 Y131.472 E.01251
G1 X106.819 Y131.963 E.01324
G1 X107.009 Y132.43 E.01324
G1 X107.27 Y132.861 E.01324
G1 X107.595 Y133.247 E.01324
G1 X107.977 Y133.576 E.01324
G1 X108.405 Y133.842 E.01324
G1 X108.87 Y134.037 E.01324
G1 X109.359 Y134.158 E.01324
G1 X109.83 Y134.198 E.0124
G1 X109.916 Y134.613 F18000
G1 F6000
G1 X110.427 Y134.576 E.01346
G1 X110.982 Y134.446 E.01496
G1 X111.509 Y134.231 E.01496
G1 X111.997 Y133.936 E.01496
G1 X112.432 Y133.569 E.01496
G1 X112.804 Y133.138 E.01496
G1 X113.105 Y132.654 E.01496
G1 X113.326 Y132.129 E.01496
G1 X113.462 Y131.576 E.01496
G1 X113.506 Y131.053 E.0138
G1 X113.518 Y128.964 E.05486
G1 X113.48 Y128.44 E.0138
G1 X113.35 Y127.886 E.01496
G1 X113.135 Y127.358 E.01496
G1 X112.84 Y126.871 E.01496
G1 X112.473 Y126.436 E.01496
G1 X112.042 Y126.063 E.01496
G1 X111.558 Y125.763 E.01496
G1 X111.033 Y125.542 E.01496
G1 X110.468 Y125.403 E.01527
G1 X109.83 Y125.364 E.0168
G1 X109.344 Y125.399 E.01279
G1 X108.79 Y125.529 E.01496
G1 X108.262 Y125.744 E.01496
G1 X107.775 Y126.039 E.01496
G1 X107.34 Y126.406 E.01496
G1 X106.967 Y126.837 E.01496
G1 X106.667 Y127.321 E.01496
G1 X106.446 Y127.846 E.01496
G1 X106.31 Y128.399 E.01496
G1 X106.265 Y128.923 E.0138
G1 X106.254 Y131.011 E.05486
G1 X106.292 Y131.535 E.0138
G1 X106.422 Y132.089 E.01496
G1 X106.637 Y132.617 E.01496
G1 X106.931 Y133.104 E.01496
G1 X107.299 Y133.54 E.01496
G1 X107.73 Y133.912 E.01496
G1 X108.214 Y134.212 E.01496
G1 X108.739 Y134.433 E.01496
G1 X109.292 Y134.569 E.01496
G1 X109.856 Y134.617 E.01489
G1 X109.771 Y135.027 F18000
G1 F6000
G1 X109.857 Y135.034 E.00226
G1 X110.49 Y134.988 E.01668
G1 X111.109 Y134.843 E.01668
G1 X111.697 Y134.604 E.01668
G1 X112.24 Y134.275 E.01668
G1 X112.725 Y133.866 E.01668
G1 X113.14 Y133.385 E.01668
G1 X113.475 Y132.845 E.01668
G1 X113.722 Y132.26 E.01668
G1 X113.873 Y131.644 E.01668
G1 X113.922 Y131.071 E.01508
G1 X113.934 Y128.95 E.05572
G1 X113.892 Y128.377 E.01509
G1 X113.747 Y127.759 E.01668
G1 X113.508 Y127.171 E.01668
G1 X113.179 Y126.628 E.01668
G1 X112.769 Y126.142 E.01668
G1 X112.289 Y125.727 E.01668
G1 X111.749 Y125.393 E.01668
G1 X111.164 Y125.146 E.01668
G1 X110.531 Y124.99 E.01712
G1 X109.827 Y124.947 E.01852
G1 X109.281 Y124.987 E.01439
G1 X108.663 Y125.132 E.01668
G1 X108.075 Y125.372 E.01668
G1 X107.532 Y125.7 E.01668
G1 X107.046 Y126.11 E.01668
G1 X106.631 Y126.59 E.01668
G1 X106.296 Y127.13 E.01668
G1 X106.05 Y127.715 E.01668
G1 X105.898 Y128.332 E.01668
G1 X105.85 Y128.904 E.01508
G1 X105.838 Y131.025 E.05572
G1 X105.88 Y131.598 E.01509
G1 X106.024 Y132.216 E.01668
G1 X106.264 Y132.804 E.01668
G1 X106.593 Y133.348 E.01668
G1 X107.002 Y133.833 E.01668
G1 X107.483 Y134.248 E.01668
G1 X108.022 Y134.583 E.01668
G1 X108.608 Y134.829 E.01668
G1 X109.224 Y134.981 E.01668
G1 X109.711 Y135.022 E.01284
G1 X109.97 Y135.443 F18000
G1 F6000
G1 X110.553 Y135.4 E.01537
G1 X111.235 Y135.241 E.0184
G1 X111.884 Y134.976 E.0184
G1 X112.483 Y134.614 E.0184
G1 X113.018 Y134.162 E.0184
G1 X113.476 Y133.632 E.0184
G1 X113.846 Y133.037 E.0184
G1 X114.117 Y132.391 E.0184
G1 X114.285 Y131.711 E.0184
G1 X114.337 Y131.09 E.01637
G1 X114.35 Y128.936 E.05657
G1 X114.304 Y128.315 E.01637
G1 X114.145 Y127.633 E.01839
G1 X113.88 Y126.984 E.0184
G1 X113.518 Y126.385 E.0184
G1 X113.066 Y125.849 E.0184
G1 X112.536 Y125.391 E.0184
G1 X111.941 Y125.022 E.0184
G1 X111.295 Y124.75 E.0184
G1 X110.594 Y124.578 E.01896
G1 X109.825 Y124.531 E.02024
G1 X109.218 Y124.575 E.01598
G1 X108.536 Y124.735 E.0184
G1 X107.888 Y124.999 E.0184
G1 X107.289 Y125.362 E.0184
G1 X106.753 Y125.813 E.0184
G1 X106.295 Y126.343 E.0184
G1 X105.926 Y126.939 E.0184
G1 X105.654 Y127.584 E.0184
G1 X105.487 Y128.264 E.0184
G1 X105.434 Y128.885 E.01637
G1 X105.422 Y131.039 E.05657
G1 X105.467 Y131.661 E.01637
G1 X105.627 Y132.343 E.01839
G1 X105.891 Y132.991 E.0184
G1 X106.254 Y133.591 E.0184
G1 X106.706 Y134.126 E.0184
G1 X107.236 Y134.584 E.0184
G1 X107.831 Y134.953 E.0184
G1 X108.477 Y135.225 E.0184
G1 X109.157 Y135.392 E.0184
G1 X109.855 Y135.451 E.0184
G1 X109.91 Y135.447 E.00145
G1 E-1.75
;WIPE_START
G1 X110.553 Y135.4 E-.48393
G1 X110.899 Y135.319 E-.26607
;WIPE_END
G1 X112.479 Y132.899 Z3.64 F18000
G1 X112.746 Y132.469
G1 X112.942 Y132.002
G1 X113.063 Y131.51
G1 X113.103 Y131.034
G1 X113.115 Y128.978
G1 X112.729 Y108.975
G1 X112.7 Y108.577
G1 X112.603 Y108.16
G1 X112.441 Y107.764
G1 X112.22 Y107.398
G1 X111.944 Y107.072
G1 X111.62 Y106.792
G1 X111.257 Y106.566
G1 X110.863 Y106.4
G1 X110.447 Y106.298
G1 X110.352 Y106.29
G1 X110.129 Y93.212
G1 X110.099 Y92.799
G1 Z3.44
G1 E2.5 F6000
M204 P1000
;TYPE:Outer wall
;WIDTH:0.42
G1 F3600
G1 X110.382 Y92.778 E.00692
G1 X110.658 Y92.714 E.00693
G1 X110.921 Y92.606 E.00693
G1 X111.165 Y92.459 E.00692
G1 X111.382 Y92.276 E.00692
G1 X111.568 Y92.061 E.00693
G1 X111.717 Y91.82 E.00693
G1 X111.828 Y91.558 E.00693
G1 X111.896 Y91.282 E.00692
G1 X111.918 Y91.011 E.00663
G1 X111.93 Y88.986 E.04934
G1 X111.91 Y88.715 E.00663
G1 X111.845 Y88.439 E.00692
G1 X111.738 Y88.175 E.00693
G1 X111.591 Y87.932 E.00693
G1 X111.408 Y87.715 E.00693
G1 X111.193 Y87.529 E.00692
G1 X110.951 Y87.379 E.00692
G1 X110.689 Y87.269 E.00693
G1 X110.411 Y87.201 E.00699
G1 X110.082 Y87.181 E.00802
G1 X109.847 Y87.198 E.00575
G1 X109.57 Y87.263 E.00693
G1 X109.307 Y87.37 E.00693
G1 X109.064 Y87.517 E.00692
G1 X108.847 Y87.7 E.00692
G1 X108.661 Y87.915 E.00693
G1 X108.511 Y88.157 E.00693
G1 X108.401 Y88.419 E.00693
G1 X108.333 Y88.695 E.00692
G1 X108.31 Y88.966 E.00663
G1 X108.298 Y90.99 E.04934
G1 X108.318 Y91.261 E.00663
G1 X108.383 Y91.538 E.00692
G1 X108.49 Y91.801 E.00693
G1 X108.637 Y92.044 E.00693
G1 X108.821 Y92.262 E.00693
G1 X109.036 Y92.447 E.00692
G1 X109.277 Y92.597 E.00692
G1 X109.539 Y92.707 E.00693
G1 X109.815 Y92.775 E.00693
G1 X110.039 Y92.794 E.00547
G1 X110.004 Y93.206 F18000
G1 X110.067 Y93.212
G1 X110.068 Y93.199
M204 P1500
;TYPE:Inner wall
;WIDTH:0.45
G1 F6000
G1 X110.096 Y93.201 E.00074
G1 X110.442 Y93.176 E.00912
G1 X110.78 Y93.097 E.00912
G1 X111.102 Y92.966 E.00912
G1 X111.399 Y92.786 E.00912
G1 X111.664 Y92.562 E.00912
G1 X111.891 Y92.299 E.00912
G1 X112.074 Y92.004 E.00912
G1 X112.209 Y91.684 E.00912
G1 X112.292 Y91.347 E.00912
G1 X112.319 Y91.029 E.00839
G1 X112.331 Y88.973 E.054
G1 X112.307 Y88.655 E.00839
G1 X112.228 Y88.317 E.00912
G1 X112.097 Y87.995 E.00912
G1 X111.918 Y87.698 E.00912
G1 X111.694 Y87.432 E.00912
G1 X111.431 Y87.206 E.00912
G1 X111.136 Y87.022 E.00912
G1 X110.816 Y86.888 E.00912
G1 X110.471 Y86.803 E.00932
G1 X110.08 Y86.779 E.0103
G1 X109.786 Y86.801 E.00773
G1 X109.448 Y86.88 E.00912
G1 X109.127 Y87.011 E.00912
G1 X108.83 Y87.191 E.00912
G1 X108.564 Y87.415 E.00912
G1 X108.337 Y87.677 E.00912
G1 X108.154 Y87.972 E.00912
G1 X108.019 Y88.293 E.00912
G1 X107.936 Y88.63 E.00912
G1 X107.909 Y88.948 E.00839
G1 X107.898 Y91.004 E.054
G1 X107.921 Y91.322 E.00839
G1 X108 Y91.66 E.00912
G1 X108.131 Y91.982 E.00912
G1 X108.311 Y92.279 E.00912
G1 X108.535 Y92.544 E.00912
G1 X108.798 Y92.771 E.00912
G1 X109.093 Y92.954 E.00912
G1 X109.413 Y93.089 E.00912
G1 X109.75 Y93.172 E.00912
G1 X110.008 Y93.194 E.00681
G1 X110.15 Y93.614 F18000
G1 F6000
G1 X110.505 Y93.588 E.00934
G1 X110.907 Y93.494 E.01084
G1 X111.289 Y93.338 E.01084
G1 X111.642 Y93.125 E.01084
G1 X111.957 Y92.859 E.01084
G1 X112.227 Y92.546 E.01084
G1 X112.445 Y92.196 E.01084
G1 X112.605 Y91.815 E.01084
G1 X112.704 Y91.415 E.01084
G1 X112.735 Y91.048 E.00968
G1 X112.746 Y88.959 E.05486
G1 X112.72 Y88.592 E.00968
G1 X112.626 Y88.19 E.01084
G1 X112.47 Y87.808 E.01084
G1 X112.256 Y87.455 E.01084
G1 X111.99 Y87.139 E.01084
G1 X111.678 Y86.87 E.01084
G1 X111.327 Y86.652 E.01084
G1 X110.947 Y86.492 E.01084
G1 X110.534 Y86.39 E.01117
G1 X110.077 Y86.363 E.01202
G1 X109.723 Y86.389 E.00932
G1 X109.322 Y86.483 E.01084
G1 X108.939 Y86.638 E.01084
G1 X108.586 Y86.852 E.01084
G1 X108.271 Y87.118 E.01084
G1 X108.001 Y87.43 E.01084
G1 X107.784 Y87.781 E.01084
G1 X107.624 Y88.161 E.01084
G1 X107.525 Y88.562 E.01084
G1 X107.494 Y88.929 E.00968
G1 X107.482 Y91.018 E.05486
G1 X107.509 Y91.385 E.00968
G1 X107.603 Y91.787 E.01084
G1 X107.759 Y92.169 E.01084
G1 X107.972 Y92.522 E.01084
G1 X108.238 Y92.837 E.01084
G1 X108.551 Y93.107 E.01084
G1 X108.901 Y93.325 E.01084
G1 X109.282 Y93.485 E.01084
G1 X109.682 Y93.583 E.01084
G1 X110.091 Y93.618 E.01076
G1 X110.177 Y94.029 F18000
G1 F6000
G1 X110.568 Y94 E.01029
G1 X111.033 Y93.891 E.01256
G1 X111.476 Y93.711 E.01256
G1 X111.885 Y93.463 E.01255
G1 X112.25 Y93.155 E.01256
G1 X112.563 Y92.793 E.01256
G1 X112.815 Y92.387 E.01256
G1 X113.001 Y91.946 E.01256
G1 X113.115 Y91.482 E.01256
G1 X113.15 Y91.066 E.01096
G1 X113.162 Y88.945 E.05572
G1 X113.132 Y88.529 E.01097
G1 X113.023 Y88.063 E.01255
G1 X112.842 Y87.621 E.01256
G1 X112.595 Y87.212 E.01256
G1 X112.287 Y86.846 E.01256
G1 X111.925 Y86.534 E.01256
G1 X111.519 Y86.282 E.01255
G1 X111.078 Y86.096 E.01256
G1 X110.597 Y85.978 E.01302
G1 X110.074 Y85.946 E.01374
G1 X109.661 Y85.976 E.0109
G1 X109.195 Y86.085 E.01256
G1 X108.752 Y86.266 E.01256
G1 X108.343 Y86.513 E.01255
G1 X107.978 Y86.822 E.01256
G1 X107.665 Y87.183 E.01256
G1 X107.413 Y87.59 E.01256
G1 X107.228 Y88.03 E.01256
G1 X107.113 Y88.494 E.01255
G1 X107.078 Y88.91 E.01097
G1 X107.066 Y91.031 E.05572
G1 X107.097 Y91.448 E.01097
G1 X107.206 Y91.913 E.01255
G1 X107.386 Y92.356 E.01256
G1 X107.633 Y92.765 E.01256
G1 X107.942 Y93.13 E.01256
G1 X108.304 Y93.443 E.01256
G1 X108.71 Y93.695 E.01255
G1 X109.151 Y93.881 E.01256
G1 X109.615 Y93.995 E.01256
G1 X110.091 Y94.035 E.01256
G1 X110.117 Y94.033 E.00069
G1 X110.204 Y94.444 F18000
G1 F6000
G1 X110.631 Y94.412 E.01125
G1 X111.16 Y94.289 E.01427
G1 X111.663 Y94.083 E.01428
G1 X112.128 Y93.802 E.01427
G1 X112.544 Y93.452 E.01428
G1 X112.899 Y93.04 E.01428
G1 X113.186 Y92.578 E.01428
G1 X113.397 Y92.077 E.01428
G1 X113.526 Y91.55 E.01427
G1 X113.566 Y91.085 E.01225
G1 X113.578 Y88.931 E.05657
G1 X113.544 Y88.466 E.01225
G1 X113.42 Y87.937 E.01427
G1 X113.215 Y87.434 E.01428
G1 X112.934 Y86.968 E.01428
G1 X112.583 Y86.553 E.01428
G1 X112.172 Y86.198 E.01428
G1 X111.71 Y85.911 E.01427
G1 X111.209 Y85.7 E.01428
G1 X110.659 Y85.565 E.01487
G1 X110.072 Y85.53 E.01546
G1 X109.598 Y85.564 E.01249
G1 X109.069 Y85.688 E.01428
G1 X108.565 Y85.893 E.01428
G1 X108.1 Y86.174 E.01427
G1 X107.685 Y86.525 E.01427
G1 X107.329 Y86.936 E.01428
G1 X107.043 Y87.398 E.01428
G1 X106.832 Y87.899 E.01428
G1 X106.702 Y88.427 E.01427
G1 X106.663 Y88.892 E.01225
G1 X106.65 Y91.045 E.05657
G1 X106.684 Y91.511 E.01225
G1 X106.808 Y92.04 E.01427
G1 X107.013 Y92.543 E.01428
G1 X107.295 Y93.008 E.01428
G1 X107.645 Y93.424 E.01428
G1 X108.057 Y93.779 E.01428
G1 X108.518 Y94.065 E.01427
G1 X109.019 Y94.276 E.01428
G1 X109.547 Y94.406 E.01428
G1 X110.089 Y94.452 E.01428
G1 X110.144 Y94.448 E.00145
G1 E-1.75
;WIPE_START
G1 X110.631 Y94.412 E-.36615
G1 X111.129 Y94.296 E-.38385
;WIPE_END
G1 X111.546 Y98.089 Z3.64 F18000
G1 X112.7 Y108.577 Z3.64
G1 X112.729 Y108.975
G1 X112.718 Y111.032
G1 X112.684 Y111.43
G1 X112.582 Y111.845
G1 X112.416 Y112.239
G1 X112.19 Y112.603
G1 X111.911 Y112.926
G1 X111.584 Y113.202
G1 X111.218 Y113.424
G1 X110.822 Y113.585
G1 X110.405 Y113.683
G1 X110.012 Y113.711
G1 X109.981 Y113.299
G1 Z3.44
G1 E2.5 F6000
M204 P1000
;TYPE:Outer wall
;WIDTH:0.42
G1 F3600
G1 X110.343 Y113.272 E.00883
G1 X110.698 Y113.189 E.0089
G1 X111.083 Y113.022 E.01024
G1 X111.342 Y112.865 E.00736
G1 X111.619 Y112.631 E.00884
G1 X111.856 Y112.357 E.00884
G1 X112.047 Y112.049 E.00884
G1 X112.188 Y111.715 E.00884
G1 X112.275 Y111.362 E.00884
G1 X112.304 Y111.013 E.00854
G1 X112.316 Y108.989 E.04934
G1 X112.29 Y108.64 E.00854
G1 X112.208 Y108.286 E.00884
G1 X112.071 Y107.951 E.00884
G1 X111.883 Y107.64 E.00884
G1 X111.649 Y107.363 E.00884
G1 X111.375 Y107.126 E.00884
G1 X111.067 Y106.935 E.00884
G1 X110.732 Y106.794 E.00884
G1 X110.378 Y106.707 E.0089
G1 X109.959 Y106.681 E.01024
G1 X109.657 Y106.703 E.00736
G1 X109.304 Y106.786 E.00884
G1 X108.968 Y106.923 E.00884
G1 X108.658 Y107.111 E.00884
G1 X108.381 Y107.345 E.00884
G1 X108.144 Y107.619 E.00884
G1 X107.953 Y107.927 E.00884
G1 X107.812 Y108.261 E.00884
G1 X107.725 Y108.613 E.00884
G1 X107.696 Y108.963 E.00854
G1 X107.684 Y110.987 E.04934
G1 X107.71 Y111.336 E.00854
G1 X107.792 Y111.69 E.00884
G1 X107.929 Y112.025 E.00884
G1 X108.117 Y112.336 E.00884
G1 X108.351 Y112.613 E.00884
G1 X108.625 Y112.85 E.00884
G1 X108.933 Y113.041 E.00884
G1 X109.268 Y113.182 E.00884
G1 X109.62 Y113.268 E.00884
G1 X109.922 Y113.294 E.00738
G1 X109.887 Y113.706 F18000
G1 X109.979 Y113.714
G1 X110.008 Y113.712
G1 X110.007 Y113.699
M204 P1500
;TYPE:Inner wall
;WIDTH:0.45
G1 F6000
G1 X110.403 Y113.67 E.01045
G1 X110.825 Y113.571 E.01137
G1 X111.268 Y113.378 E.01269
G1 X111.576 Y113.192 E.00947
G1 X111.902 Y112.917 E.01118
G1 X112.18 Y112.595 E.01118
G1 X112.404 Y112.233 E.01118
G1 X112.57 Y111.841 E.01118
G1 X112.671 Y111.428 E.01118
G1 X112.705 Y111.031 E.01045
G1 X112.716 Y108.976 E.054
G1 X112.688 Y108.579 E.01045
G1 X112.591 Y108.164 E.01118
G1 X112.43 Y107.77 E.01118
G1 X112.21 Y107.406 E.01118
G1 X111.935 Y107.081 E.01118
G1 X111.613 Y106.802 E.01118
G1 X111.251 Y106.578 E.01118
G1 X110.859 Y106.413 E.01118
G1 X110.438 Y106.309 E.01137
G1 X109.956 Y106.28 E.01269
G1 X109.597 Y106.306 E.00947
G1 X109.182 Y106.403 E.01118
G1 X108.788 Y106.564 E.01118
G1 X108.424 Y106.784 E.01118
G1 X108.098 Y107.059 E.01118
G1 X107.82 Y107.381 E.01118
G1 X107.596 Y107.743 E.01118
G1 X107.43 Y108.135 E.01118
G1 X107.329 Y108.548 E.01118
G1 X107.295 Y108.945 E.01045
G1 X107.284 Y111 E.054
G1 X107.312 Y111.397 E.01045
G1 X107.409 Y111.812 E.01118
G1 X107.57 Y112.206 E.01118
G1 X107.79 Y112.57 E.01118
G1 X108.065 Y112.895 E.01118
G1 X108.387 Y113.174 E.01118
G1 X108.749 Y113.398 E.01118
G1 X109.141 Y113.563 E.01118
G1 X109.555 Y113.665 E.01118
G1 X109.947 Y113.698 E.01034
G1 X110.033 Y114.114 F18000
G1 F6000
G1 X110.466 Y114.082 E.0114
G1 X110.956 Y113.967 E.01322
G1 X111.459 Y113.748 E.01441
G1 X111.819 Y113.53 E.01106
G1 X112.195 Y113.214 E.0129
G1 X112.516 Y112.842 E.0129
G1 X112.775 Y112.425 E.0129
G1 X112.965 Y111.972 E.0129
G1 X113.083 Y111.495 E.0129
G1 X113.12 Y111.05 E.01173
G1 X113.132 Y108.962 E.05486
G1 X113.1 Y108.516 E.01174
G1 X112.988 Y108.038 E.0129
G1 X112.802 Y107.583 E.0129
G1 X112.548 Y107.163 E.0129
G1 X112.231 Y106.788 E.0129
G1 X111.86 Y106.466 E.0129
G1 X111.443 Y106.207 E.0129
G1 X110.99 Y106.017 E.0129
G1 X110.501 Y105.897 E.01322
G1 X109.954 Y105.863 E.01441
G1 X109.534 Y105.894 E.01106
G1 X109.056 Y106.006 E.0129
G1 X108.601 Y106.191 E.0129
G1 X108.181 Y106.445 E.0129
G1 X107.805 Y106.762 E.0129
G1 X107.484 Y107.134 E.0129
G1 X107.225 Y107.551 E.0129
G1 X107.035 Y108.004 E.0129
G1 X106.917 Y108.481 E.0129
G1 X106.88 Y108.926 E.01173
G1 X106.868 Y111.014 E.05486
G1 X106.9 Y111.46 E.01174
G1 X107.012 Y111.938 E.0129
G1 X107.198 Y112.393 E.0129
G1 X107.452 Y112.813 E.0129
G1 X107.769 Y113.188 E.0129
G1 X108.14 Y113.509 E.0129
G1 X108.557 Y113.768 E.0129
G1 X109.01 Y113.959 E.0129
G1 X109.487 Y114.076 E.0129
G1 X109.973 Y114.117 E.01282
G1 X110.06 Y114.528 F18000
G1 F6000
G1 X110.529 Y114.494 E.01236
G1 X111.088 Y114.363 E.01507
G1 X111.651 Y114.118 E.01613
G1 X112.063 Y113.869 E.01265
G1 X112.488 Y113.51 E.01462
G1 X112.852 Y113.089 E.01462
G1 X113.145 Y112.616 E.01462
G1 X113.361 Y112.103 E.01462
G1 X113.494 Y111.563 E.01462
G1 X113.536 Y111.069 E.01302
G1 X113.548 Y108.948 E.05572
G1 X113.512 Y108.453 E.01302
G1 X113.385 Y107.911 E.01462
G1 X113.175 Y107.396 E.01462
G1 X112.887 Y106.92 E.01462
G1 X112.528 Y106.494 E.01462
G1 X112.107 Y106.131 E.01462
G1 X111.634 Y105.837 E.01462
G1 X111.121 Y105.621 E.01462
G1 X110.564 Y105.484 E.01507
G1 X109.951 Y105.447 E.01613
G1 X109.471 Y105.482 E.01265
G1 X108.929 Y105.609 E.01462
G1 X108.414 Y105.819 E.01462
G1 X107.937 Y106.107 E.01462
G1 X107.512 Y106.466 E.01462
G1 X107.148 Y106.887 E.01462
G1 X106.855 Y107.36 E.01462
G1 X106.639 Y107.873 E.01462
G1 X106.506 Y108.413 E.01462
G1 X106.464 Y108.907 E.01302
G1 X106.452 Y111.028 E.05572
G1 X106.488 Y111.523 E.01302
G1 X106.615 Y112.065 E.01462
G1 X106.825 Y112.58 E.01462
G1 X107.113 Y113.056 E.01462
G1 X107.472 Y113.482 E.01462
G1 X107.893 Y113.845 E.01462
G1 X108.366 Y114.139 E.01462
G1 X108.879 Y114.355 E.01462
G1 X109.419 Y114.488 E.01462
G1 X109.974 Y114.535 E.01462
G1 X110 Y114.533 E.00068
G1 X110.086 Y114.943 F18000
G1 F6000
G1 X110.592 Y114.906 E.01331
G1 X111.219 Y114.76 E.01691
G1 X111.842 Y114.488 E.01785
G1 X112.306 Y114.208 E.01424
G1 X112.781 Y113.807 E.01634
G1 X113.188 Y113.336 E.01634
G1 X113.516 Y112.808 E.01634
G1 X113.757 Y112.234 E.01634
G1 X113.906 Y111.63 E.01634
G1 X113.951 Y111.087 E.01431
G1 X113.964 Y108.934 E.05657
G1 X113.924 Y108.39 E.01431
G1 X113.782 Y107.785 E.01634
G1 X113.548 Y107.209 E.01634
G1 X113.226 Y106.677 E.01634
G1 X112.824 Y106.201 E.01634
G1 X112.354 Y105.795 E.01634
G1 X111.825 Y105.467 E.01634
G1 X111.252 Y105.225 E.01634
G1 X110.627 Y105.071 E.01692
G1 X109.949 Y105.03 E.01785
G1 X109.408 Y105.07 E.01424
G1 X108.802 Y105.211 E.01634
G1 X108.226 Y105.446 E.01634
G1 X107.694 Y105.768 E.01634
G1 X107.219 Y106.169 E.01634
G1 X106.812 Y106.64 E.01634
G1 X106.484 Y107.168 E.01634
G1 X106.243 Y107.742 E.01634
G1 X106.094 Y108.346 E.01634
G1 X106.049 Y108.888 E.01431
G1 X106.036 Y111.042 E.05657
G1 X106.076 Y111.586 E.01431
G1 X106.218 Y112.191 E.01634
G1 X106.452 Y112.767 E.01634
G1 X106.774 Y113.299 E.01634
G1 X107.176 Y113.775 E.01634
G1 X107.646 Y114.181 E.01634
G1 X108.175 Y114.509 E.01634
G1 X108.748 Y114.751 E.01634
G1 X109.352 Y114.899 E.01634
G1 X109.972 Y114.952 E.01634
G1 X110.027 Y114.948 E.00145
G1 X108.08 Y114.647 F18000
M204 P2000
;TYPE:Internal solid infill
;WIDTH:0.421915
G1 F6000
G1 X101.171 Y114.647 E.1692
G1 X101.174 Y114.259 E.00949
G1 X107.216 Y114.259 E.14799
G1 X106.933 Y114.015 E.00916
G1 X106.812 Y113.872 E.00458
G1 X101.176 Y113.872 E.13804
G1 X101.178 Y113.484 E.00949
G1 X106.488 Y113.484 E.13006
G1 X106.254 Y113.097 E.01109
G1 X101.18 Y113.097 E.12426
G1 X101.183 Y112.709 E.00949
G1 X106.061 Y112.709 E.11949
G1 X105.903 Y112.322 E.01025
G1 X101.185 Y112.322 E.11556
G1 X101.187 Y111.934 E.00949
G1 X105.808 Y111.934 E.11317
G1 X105.732 Y111.546 E.00967
G1 X101.189 Y111.546 E.11126
G1 X101.191 Y111.159 E.00949
G1 X105.703 Y111.159 E.11051
G1 X105.697 Y110.771 E.00949
G1 X101.194 Y110.771 E.11031
G1 X101.196 Y110.384 E.00949
G1 X105.699 Y110.384 E.11031
G1 X105.702 Y109.996 E.00949
G1 X101.198 Y109.996 E.11031
G1 X101.2 Y109.608 E.00949
G1 X105.704 Y109.608 E.11031
G1 X105.706 Y109.221 E.00949
G1 X101.202 Y109.221 E.11031
G1 X101.205 Y108.833 E.00949
G1 X105.711 Y108.833 E.11038
G1 X105.744 Y108.446 E.00953
G1 X101.207 Y108.446 E.11113
G1 X101.209 Y108.058 E.00949
G1 X105.814 Y108.058 E.1128
G1 X105.91 Y107.671 E.00978
G1 X101.211 Y107.671 E.11508
G1 X101.214 Y107.283 E.00949
G1 X106.067 Y107.283 E.11887
G1 X106.181 Y107.012 E.00721
G1 X106.253 Y106.895 E.00335
G1 X101.216 Y106.895 E.12338
G1 X101.218 Y106.508 E.00949
G1 X106.494 Y106.508 E.12921
G1 X106.811 Y106.12 E.01228
G1 X101.22 Y106.12 E.13694
G1 X101.222 Y105.733 E.00949
G1 X107.208 Y105.733 E.14661
G1 X107.495 Y105.491 E.00919
G1 X107.735 Y105.345 E.00688
G1 X101.225 Y105.345 E.15947
G1 X101.227 Y104.958 E.00949
G1 X109.154 Y104.958 E.19416
G1 X109.201 Y94.493 F18000
G1 F6000
G1 X101.287 Y94.493 E.19383
G1 X101.289 Y94.105 E.00949
G1 X107.937 Y94.105 E.16283
G1 X107.854 Y94.054 E.00238
G1 X107.465 Y93.718 E.0126
G1 X101.291 Y93.718 E.15122
G1 X101.293 Y93.33 E.00949
G1 X107.121 Y93.33 E.14274
G1 X107.017 Y93.207 E.00394
G1 X106.857 Y92.943 E.00758
G1 X101.295 Y92.943 E.13622
G1 X101.298 Y92.555 E.00949
G1 X106.65 Y92.555 E.13111
G1 X106.493 Y92.167 E.01025
G1 X101.3 Y92.167 E.12718
G1 X101.302 Y91.78 E.00949
G1 X106.398 Y91.78 E.12481
G1 X106.347 Y91.562 E.00547
G1 X106.334 Y91.392 E.00417
G1 X101.304 Y91.392 E.1232
G1 X101.306 Y91.005 E.00949
G1 X106.31 Y91.005 E.12255
G1 X106.312 Y90.617 E.00949
G1 X101.309 Y90.617 E.12255
G1 X101.311 Y90.229 E.00949
G1 X106.315 Y90.229 E.12255
G1 X106.317 Y89.842 E.00949
G1 X101.313 Y89.842 E.12255
G1 X101.315 Y89.454 E.00949
G1 X106.319 Y89.454 E.12255
G1 X106.321 Y89.067 E.00949
G1 X101.318 Y89.067 E.12255
G1 X101.32 Y88.679 E.00949
G1 X106.339 Y88.679 E.12293
G1 X106.385 Y88.292 E.00956
G1 X101.322 Y88.292 E.124
G1 X101.324 Y87.904 E.00949
G1 X106.48 Y87.904 E.12628
G1 X106.508 Y87.792 E.00283
G1 X106.624 Y87.516 E.00732
G1 X101.326 Y87.516 E.12974
G1 X101.329 Y87.129 E.00949
G1 X106.809 Y87.129 E.13423
G1 X107.05 Y86.741 E.01117
G1 X101.331 Y86.741 E.14007
G1 X101.333 Y86.354 E.00949
G1 X107.383 Y86.354 E.14817
G1 X107.445 Y86.282 E.00232
G1 X107.819 Y85.966 E.012
G1 X101.335 Y85.966 E.15881
G1 X101.337 Y85.579 E.00949
G1 X108.895 Y85.579 E.18509
G1 X119.146 Y80.152 F18000
G1 F6000
G1 X104.08 Y80.152 E.369
G1 X103.688 Y80.54 E.0135
G1 X118.97 Y80.54 E.3743
G1 X118.968 Y80.928 E.00949
G1 X103.296 Y80.928 E.38384
G1 X102.904 Y81.315 E.0135
G1 X118.966 Y81.315 E.39339
G1 X118.963 Y81.703 E.00949
G1 X102.512 Y81.703 E.40294
G1 X102.12 Y82.09 E.0135
G1 X118.961 Y82.09 E.41249
G1 X118.959 Y82.478 E.00949
G1 X101.728 Y82.478 E.42203
G1 X101.353 Y82.849 E.01292
G1 X101.353 Y82.865 E.00041
G1 X118.957 Y82.865 E.43117
G1 X118.955 Y83.253 E.00949
G1 X101.351 Y83.253 E.43117
G1 X101.349 Y83.641 E.00949
G1 X118.952 Y83.641 E.43117
G1 X118.95 Y84.028 E.00949
G1 X101.346 Y84.028 E.43117
G1 X101.344 Y84.416 E.00949
G1 X118.948 Y84.416 E.43117
G1 X118.946 Y84.803 E.00949
G1 X101.342 Y84.803 E.43117
G1 X101.34 Y85.191 E.00949
G1 X118.944 Y85.191 E.43117
G1 X118.941 Y85.579 E.00949
G1 X111.798 Y85.579 E.17497
G1 X112.425 Y85.966 E.01805
G1 X118.939 Y85.966 E.15956
G1 X118.937 Y86.354 E.00949
G1 X112.86 Y86.354 E.14883
G1 X113.188 Y86.741 E.01242
G1 X118.935 Y86.741 E.14076
G1 X118.932 Y87.129 E.00949
G1 X113.429 Y87.129 E.1348
G1 X113.52 Y87.28 E.00433
G1 X113.617 Y87.516 E.00625
G1 X118.93 Y87.516 E.13015
G1 X118.928 Y87.904 E.00949
G1 X113.762 Y87.904 E.12652
G1 X113.853 Y88.292 E.00975
G1 X118.926 Y88.292 E.12425
G1 X118.924 Y88.679 E.00949
G1 X113.901 Y88.679 E.12302
G1 X113.918 Y89.067 E.0095
G1 X118.921 Y89.067 E.12255
G1 X118.919 Y89.454 E.00949
G1 X113.916 Y89.454 E.12255
G1 X113.913 Y89.842 E.00949
G1 X118.917 Y89.842 E.12255
G1 X118.915 Y90.229 E.00949
G1 X113.911 Y90.229 E.12255
G1 X113.909 Y90.617 E.00949
G1 X118.913 Y90.617 E.12255
G1 X118.91 Y91.005 E.00949
G1 X113.907 Y91.005 E.12255
G1 X113.881 Y91.392 E.00951
G1 X118.908 Y91.392 E.12312
G1 X118.906 Y91.78 E.00949
G1 X113.821 Y91.78 E.12456
G1 X113.725 Y92.167 E.00978
G1 X118.904 Y92.167 E.12684
G1 X118.901 Y92.555 E.00949
G1 X113.565 Y92.555 E.13071
G1 X113.489 Y92.735 E.00479
G1 X113.36 Y92.943 E.00598
G1 X118.899 Y92.943 E.13566
G1 X118.897 Y93.33 E.00949
G1 X113.099 Y93.33 E.14202
G1 X112.756 Y93.718 E.01266
G1 X118.895 Y93.718 E.15035
G1 X118.893 Y94.105 E.00949
G1 X112.285 Y94.105 E.16184
G1 X111.817 Y94.389 E.0134
G1 X111.561 Y94.493 E.00677
G1 X118.89 Y94.493 E.17952
G1 X118.888 Y94.88 E.00949
G1 X101.284 Y94.88 E.43117
G1 X101.282 Y95.268 E.00949
G1 X118.886 Y95.268 E.43117
G1 X118.884 Y95.656 E.00949
G1 X101.28 Y95.656 E.43117
G1 X101.278 Y96.043 E.00949
G1 X118.882 Y96.043 E.43117
G1 X118.879 Y96.431 E.00949
G1 X101.275 Y96.431 E.43117
G1 X101.273 Y96.818 E.00949
G1 X118.877 Y96.818 E.43117
G1 X118.875 Y97.206 E.00949
G1 X101.271 Y97.206 E.43117
G1 X101.269 Y97.593 E.00949
G1 X118.873 Y97.593 E.43117
G1 X118.871 Y97.981 E.00949
G1 X101.267 Y97.981 E.43117
G1 X101.264 Y98.369 E.00949
G1 X118.868 Y98.369 E.43117
G1 X118.866 Y98.756 E.00949
G1 X101.262 Y98.756 E.43117
G1 X101.26 Y99.144 E.00949
G1 X118.864 Y99.144 E.43117
G1 X118.862 Y99.531 E.00949
G1 X101.258 Y99.531 E.43117
G1 X101.256 Y99.919 E.00949
G1 X118.859 Y99.919 E.43117
G1 X118.857 Y100.307 E.00949
G1 X101.253 Y100.307 E.43117
G1 X101.251 Y100.694 E.00949
G1 X118.855 Y100.694 E.43117
G1 X118.853 Y101.082 E.00949
G1 X101.249 Y101.082 E.43117
G1 X101.247 Y101.469 E.00949
G1 X118.851 Y101.469 E.43117
G1 X118.848 Y101.857 E.00949
G1 X101.245 Y101.857 E.43117
G1 X101.242 Y102.244 E.00949
G1 X118.846 Y102.244 E.43117
G1 X118.844 Y102.632 E.00949
G1 X101.24 Y102.632 E.43117
G1 X101.238 Y103.02 E.00949
G1 X118.842 Y103.02 E.43117
G1 X118.84 Y103.407 E.00949
G1 X101.236 Y103.407 E.43117
G1 X101.233 Y103.795 E.00949
G1 X118.837 Y103.795 E.43117
G1 X118.835 Y104.182 E.00949
G1 X101.231 Y104.182 E.43117
G1 X101.229 Y104.57 E.00949
G1 X118.833 Y104.57 E.43117
G1 X118.831 Y104.958 E.00949
G1 X111.494 Y104.958 E.1797
G1 X111.982 Y105.163 E.01298
G1 X112.275 Y105.345 E.00845
G1 X118.828 Y105.345 E.1605
G1 X118.826 Y105.733 E.00949
G1 X112.803 Y105.733 E.14753
G1 X113.067 Y105.961 E.00856
G1 X113.202 Y106.12 E.0051
G1 X118.824 Y106.12 E.13771
G1 X118.822 Y106.508 E.00949
G1 X113.522 Y106.508 E.12982
G1 X113.756 Y106.895 E.01109
G1 X118.82 Y106.895 E.12402
G1 X118.817 Y107.283 E.00949
G1 X113.946 Y107.283 E.11932
G1 X114.104 Y107.671 E.01025
G1 X118.815 Y107.671 E.1154
G1 X118.813 Y108.058 E.00949
G1 X114.196 Y108.058 E.11308
G1 X114.262 Y108.339 E.00706
G1 X114.27 Y108.446 E.00263
G1 X118.811 Y108.446 E.11122
G1 X118.809 Y108.833 E.00949
G1 X114.298 Y108.833 E.11048
G1 X114.303 Y109.221 E.00949
G1 X118.806 Y109.221 E.11031
G1 X118.804 Y109.608 E.00949
G1 X114.3 Y109.608 E.11031
G1 X114.298 Y109.996 E.00949
G1 X118.802 Y109.996 E.11031
G1 X118.8 Y110.384 E.00949
G1 X114.296 Y110.384 E.11031
G1 X114.294 Y110.771 E.00949
G1 X118.797 Y110.771 E.11031
G1 X118.795 Y111.159 E.00949
G1 X114.287 Y111.159 E.11041
G1 X114.254 Y111.546 E.00953
G1 X118.793 Y111.546 E.11116
G1 X118.791 Y111.934 E.00949
G1 X114.182 Y111.934 E.11289
G1 X114.086 Y112.322 E.00978
G1 X118.789 Y112.322 E.11517
G1 X118.786 Y112.709 E.00949
G1 X113.927 Y112.709 E.11903
G1 X113.819 Y112.964 E.00678
G1 X113.737 Y113.097 E.00381
G1 X118.784 Y113.097 E.12362
G1 X118.782 Y113.484 E.00949
G1 X113.496 Y113.484 E.12946
G1 X113.175 Y113.872 E.01234
G1 X118.78 Y113.872 E.13728
G1 X118.778 Y114.259 E.00949
G1 X112.773 Y114.259 E.14708
G1 X112.505 Y114.485 E.00858
G1 X112.238 Y114.647 E.00765
G1 X118.775 Y114.647 E.16012
G1 X118.773 Y115.035 E.00949
G1 X111.441 Y115.035 E.17959
G1 X111.327 Y115.084 E.00304
G1 X110.644 Y115.244 E.01718
G1 X109.97 Y115.293 E.01655
G1 X109.297 Y115.236 E.01655
G1 X108.64 Y115.075 E.01655
G1 X108.545 Y115.035 E.00255
G1 X101.169 Y115.035 E.18065
G1 X101.167 Y115.422 E.00949
G1 X118.771 Y115.422 E.43117
G1 X118.769 Y115.81 E.00949
G1 X101.165 Y115.81 E.43117
G1 X101.163 Y116.197 E.00949
G1 X118.766 Y116.197 E.43117
G1 X118.764 Y116.585 E.00949
G1 X101.16 Y116.585 E.43117
G1 X101.158 Y116.972 E.00949
G1 X118.762 Y116.972 E.43117
G1 X118.76 Y117.36 E.00949
G1 X101.156 Y117.36 E.43117
G1 X101.154 Y117.748 E.00949
G1 X118.758 Y117.748 E.43117
G1 X118.755 Y118.135 E.00949
G1 X101.152 Y118.135 E.43117
G1 X101.149 Y118.523 E.00949
G1 X118.753 Y118.523 E.43117
G1 X118.751 Y118.91 E.00949
G1 X101.147 Y118.91 E.43117
G1 X101.145 Y119.298 E.00949
G1 X118.749 Y119.298 E.43117
G1 X118.747 Y119.686 E.00949
G1 X101.143 Y119.686 E.43117
G1 X101.14 Y120.073 E.00949
G1 X118.744 Y120.073 E.43117
G1 X118.742 Y120.461 E.00949
G1 X101.138 Y120.461 E.43117
G1 X101.136 Y120.848 E.00949
G1 X118.74 Y120.848 E.43117
G1 X118.738 Y121.236 E.00949
G1 X101.134 Y121.236 E.43117
G1 X101.132 Y121.623 E.00949
G1 X118.735 Y121.623 E.43117
G1 X118.733 Y122.011 E.00949
G1 X101.129 Y122.011 E.43117
G1 X101.127 Y122.399 E.00949
G1 X118.731 Y122.399 E.43117
G1 X118.729 Y122.786 E.00949
G1 X101.125 Y122.786 E.43117
G1 X101.123 Y123.174 E.00949
G1 X118.727 Y123.174 E.43117
G1 X118.724 Y123.561 E.00949
G1 X101.121 Y123.561 E.43117
G1 X101.118 Y123.949 E.00949
G1 X118.722 Y123.949 E.43117
G1 X118.72 Y124.336 E.00949
G1 X101.116 Y124.336 E.43117
G1 X101.114 Y124.724 E.00949
G1 X107.684 Y124.724 E.16093
G1 X107.057 Y125.112 E.01807
G1 X101.112 Y125.112 E.14561
G1 X101.109 Y125.499 E.00949
G1 X106.597 Y125.499 E.13441
G1 X106.513 Y125.57 E.0027
G1 X106.24 Y125.887 E.01024
G1 X101.107 Y125.887 E.12571
G1 X101.105 Y126.274 E.00949
G1 X105.937 Y126.274 E.11836
G1 X105.697 Y126.662 E.01117
G1 X101.103 Y126.662 E.11252
G1 X101.101 Y127.05 E.00949
G1 X105.51 Y127.05 E.10799
G1 X105.347 Y127.437 E.0103
G1 X101.098 Y127.437 E.10405
G1 X101.096 Y127.825 E.00949
G1 X105.244 Y127.825 E.1016
G1 X105.149 Y128.212 E.00977
G1 X101.094 Y128.212 E.09933
G1 X101.092 Y128.6 E.00949
G1 X105.117 Y128.6 E.09858
G1 X105.093 Y128.987 E.00951
G1 X101.09 Y128.987 E.09806
G1 X101.087 Y129.375 E.00949
G1 X105.091 Y129.375 E.09806
G1 X105.089 Y129.763 E.00949
G1 X101.085 Y129.763 E.09806
G1 X101.083 Y130.15 E.00949
G1 X105.087 Y130.15 E.09806
G1 X105.084 Y130.538 E.00949
G1 X101.081 Y130.538 E.09806
G1 X101.078 Y130.925 E.00949
G1 X105.082 Y130.925 E.09806
G1 X105.101 Y131.313 E.0095
G1 X101.076 Y131.313 E.09857
G1 X101.074 Y131.7 E.00949
G1 X105.129 Y131.7 E.09931
G1 X105.218 Y132.088 E.00974
G1 X101.072 Y132.088 E.10154
G1 X101.07 Y132.476 E.00949
G1 X105.313 Y132.476 E.10394
G1 X105.471 Y132.863 E.01025
G1 X101.067 Y132.863 E.10786
G1 X101.065 Y133.251 E.00949
G1 X105.65 Y133.251 E.1123
G1 X105.885 Y133.638 E.01109
G1 X101.063 Y133.638 E.1181
G1 X101.061 Y134.026 E.00949
G1 X106.176 Y134.026 E.12528
G1 X106.518 Y134.414 E.01266
G1 X101.059 Y134.414 E.13371
G1 X101.056 Y134.801 E.00949
G1 X106.966 Y134.801 E.14475
G1 X107.034 Y134.859 E.00217
G1 X107.565 Y135.189 E.01531
G1 X101.054 Y135.189 E.15946
G1 X101.052 Y135.576 E.00949
G1 X108.479 Y135.576 E.18191
G1 X109.101 Y135.729 E.01569
G1 X109.853 Y135.793 E.01847
G1 X110.605 Y135.738 E.01847
G1 X111.296 Y135.576 E.01738
G1 X118.656 Y135.576 E.18027
G1 X118.654 Y135.964 E.00949
G1 X101.05 Y135.964 E.43117
G1 X101.048 Y136.351 E.00949
G1 X118.651 Y136.351 E.43117
G1 X118.649 Y136.739 E.00949
G1 X101.045 Y136.739 E.43117
G1 X101.043 Y137.127 E.00949
G1 X118.647 Y137.127 E.43117
G1 X118.645 Y137.514 E.00949
G1 X101.041 Y137.514 E.43117
G1 X101.039 Y137.902 E.00949
G1 X118.643 Y137.902 E.43117
G1 X118.64 Y138.289 E.00949
G1 X101.036 Y138.289 E.43117
G1 X101.034 Y138.677 E.00949
G1 X118.638 Y138.677 E.43117
G1 X118.636 Y139.064 E.00949
G1 X101.032 Y139.064 E.43117
G1 X101.03 Y139.452 E.00949
G1 X118.807 Y139.452 E.43542
G1 X118.832 Y135.189 F18000
G1 F6000
G1 X112.191 Y135.189 E.16265
G1 X112.682 Y134.891 E.01407
G1 X112.789 Y134.801 E.00343
G1 X118.66 Y134.801 E.1438
G1 X118.662 Y134.414 E.00949
G1 X113.248 Y134.414 E.13261
G1 X113.586 Y134.026 E.01259
G1 X118.665 Y134.026 E.12439
G1 X118.667 Y133.638 E.00949
G1 X113.873 Y133.638 E.11741
G1 X114.114 Y133.251 E.01117
G1 X118.669 Y133.251 E.11157
G1 X118.671 Y132.863 E.00949
G1 X114.288 Y132.863 E.10735
G1 X114.447 Y132.476 E.01026
G1 X118.673 Y132.476 E.10351
G1 X118.676 Y132.088 E.00949
G1 X114.543 Y132.088 E.10123
G1 X114.627 Y131.7 E.00972
G1 X118.678 Y131.7 E.09921
G1 X118.68 Y131.313 E.00949
G1 X114.66 Y131.313 E.09846
G1 X114.679 Y130.925 E.0095
G1 X118.682 Y130.925 E.09806
G1 X118.685 Y130.538 E.00949
G1 X114.681 Y130.538 E.09806
G1 X114.683 Y130.15 E.00949
G1 X118.687 Y130.15 E.09806
G1 X118.689 Y129.763 E.00949
G1 X114.685 Y129.763 E.09806
G1 X114.688 Y129.375 E.00949
G1 X118.691 Y129.375 E.09806
G1 X118.693 Y128.987 E.00949
G1 X114.69 Y128.987 E.09806
G1 X114.666 Y128.6 E.00951
G1 X118.696 Y128.6 E.09869
G1 X118.698 Y128.212 E.00949
G1 X114.63 Y128.212 E.09963
G1 X114.539 Y127.825 E.00975
G1 X118.7 Y127.825 E.10191
G1 X118.702 Y127.437 E.00949
G1 X114.433 Y127.437 E.10458
G1 X114.275 Y127.05 E.01025
G1 X118.704 Y127.05 E.1085
G1 X118.707 Y126.662 E.00949
G1 X114.083 Y126.662 E.11324
G1 X113.849 Y126.274 E.01109
G1 X118.709 Y126.274 E.11903
G1 X118.711 Y125.887 E.00949
G1 X113.543 Y125.887 E.12658
G1 X113.309 Y125.609 E.0089
G1 X113.181 Y125.499 E.00412
G1 X118.713 Y125.499 E.13549
G1 X118.716 Y125.112 E.00949
G1 X112.731 Y125.112 E.14659
G1 X112.106 Y124.724 E.018
G1 X118.891 Y124.724 E.16619
; stop printing object pigtail_slot_coupon.stl id:2099807082496 copy 0
;LAYER_CHANGE
;Z:3.6
;HEIGHT:0.16
G92 E0 ; zero the extruded length again
; BEFORE_LAYER_CHANGE 21 @ 3.6mm
G1 E-1.75 F6000
;WIPE_START
G1 X117.891 Y124.724 E-.75
;WIPE_END
; AFTER_LAYER_CHANGE 21 @ 3.6mm
;_SET_FAN_SPEED_CHANGING_LAYER
; printing object pigtail_slot_coupon.stl id:2099807082496 copy 0
G1 F18000
G1 X117.729 Y125.227 Z3.62857
G1 X117.236 Y125.413 Z3.65714
G1 X116.782 Y125.144 Z3.68571
G1 X116.709 Y124.621 Z3.71429
G1 X117.073 Y124.238 Z3.74286
G1 X117.599 Y124.284 Z3.77143
G1 X117.891 Y124.724 Z3.8
G1 X120.197 Y141.423 Z3.8
G1 X120.197 Y141.423
G1 X120.608 Y141.839
G1 Z3.6
G1 E2.5 F6000
M204 P1000
;TYPE:Outer wall
;WIDTH:0.42
G1 F3600
G1 X99.029 Y141.716 E.52594
G1 X99.37 Y82.014 E1.45507
G1 X103.269 Y78.159 E.13363
G1 X105.342 Y78.171 E.05052
G1 X120.971 Y78.26 E.38093
G1 X120.609 Y141.779 E1.54809
G1 X120.197 Y141.423 F18000
G1 X120.21 Y141.436
M204 P1500
;TYPE:Inner wall
;WIDTH:0.45
G1 F6000
G1 X99.432 Y141.317 E.54581
G1 X99.769 Y82.182 E1.55337
G1 X103.432 Y78.561 E.1353
G1 X105.339 Y78.571 E.05009
G1 X120.568 Y78.658 E.40004
G1 X120.21 Y141.376 E1.64747
G1 X119.797 Y141.018 F18000
G1 F6000
G1 X99.85 Y140.904 E.52397
G1 X100.184 Y82.357 E1.53793
G1 X103.602 Y78.977 E.12626
G1 X105.337 Y78.987 E.04557
G1 X120.15 Y79.072 E.38912
G1 X119.797 Y140.958 E1.62563
G1 X119.383 Y140.6 F18000
G1 F6000
G1 X100.268 Y140.491 E.50213
G1 X100.599 Y82.531 E1.52249
G1 X103.772 Y79.394 E.11721
G1 X105.335 Y79.403 E.04105
G1 X119.732 Y79.485 E.3782
G1 X119.384 Y140.54 E1.60379
G1 X118.97 Y140.182 F18000
G1 F6000
G1 X100.686 Y140.078 E.48029
G1 X101.013 Y82.706 E1.50705
G1 X103.942 Y79.811 E.10817
G1 X105.332 Y79.818 E.03653
G1 X119.314 Y79.898 E.36728
G1 X118.97 Y140.122 E1.58196
G1 E-1.75
;WIPE_START
G1 X117.97 Y140.12 E-.75
;WIPE_END
G1 X114.89 Y137.866 Z3.8 F18000
G1 X109.895 Y134.211 Z3.8
G1 X109.864 Y133.799
G1 Z3.6
G1 E2.5 F6000
M204 P1000
;TYPE:Outer wall
;WIDTH:0.42
G1 F3600
G1 X110.304 Y133.766 E.01074
G1 X110.733 Y133.666 E.01075
G1 X111.142 Y133.499 E.01075
G1 X111.519 Y133.271 E.01075
G1 X111.856 Y132.987 E.01075
G1 X112.145 Y132.653 E.01075
G1 X112.377 Y132.278 E.01075
G1 X112.548 Y131.871 E.01075
G1 X112.654 Y131.443 E.01075
G1 X112.69 Y131.016 E.01045
G1 X112.702 Y128.992 E.04934
G1 X112.67 Y128.564 E.01045
G1 X112.57 Y128.134 E.01075
G1 X112.403 Y127.726 E.01075
G1 X112.175 Y127.348 E.01075
G1 X111.89 Y127.011 E.01075
G1 X111.557 Y126.723 E.01075
G1 X111.182 Y126.49 E.01075
G1 X110.775 Y126.319 E.01075
G1 X110.345 Y126.213 E.0108
G1 X109.851 Y126.181 E.01208
G1 X109.468 Y126.209 E.00936
G1 X109.038 Y126.309 E.01075
G1 X108.63 Y126.476 E.01075
G1 X108.252 Y126.704 E.01075
G1 X107.915 Y126.989 E.01075
G1 X107.627 Y127.322 E.01075
G1 X107.394 Y127.697 E.01075
G1 X107.223 Y128.104 E.01075
G1 X107.118 Y128.532 E.01075
G1 X107.082 Y128.959 E.01045
G1 X107.07 Y130.984 E.04934
G1 X107.101 Y131.412 E.01045
G1 X107.202 Y131.841 E.01075
G1 X107.368 Y132.249 E.01075
G1 X107.597 Y132.627 E.01075
G1 X107.881 Y132.964 E.01075
G1 X108.215 Y133.252 E.01075
G1 X108.59 Y133.485 E.01075
G1 X108.996 Y133.656 E.01075
G1 X109.424 Y133.761 E.01075
G1 X109.805 Y133.794 E.0093
G1 X109.77 Y134.206 F18000
G1 X109.833 Y134.211
G1 X109.834 Y134.198
M204 P1500
;TYPE:Inner wall
;WIDTH:0.45
G1 F6000
G1 X109.862 Y134.2 E.00074
G1 X110.365 Y134.164 E.01324
G1 X110.855 Y134.049 E.01324
G1 X111.322 Y133.859 E.01324
G1 X111.754 Y133.598 E.01324
G1 X112.139 Y133.272 E.01324
G1 X112.468 Y132.891 E.01324
G1 X112.734 Y132.463 E.01324
G1 X112.93 Y131.998 E.01324
G1 X113.05 Y131.508 E.01324
G1 X113.091 Y131.034 E.01251
G1 X113.102 Y128.978 E.054
G1 X113.068 Y128.503 E.01251
G1 X112.953 Y128.012 E.01324
G1 X112.762 Y127.545 E.01324
G1 X112.501 Y127.114 E.01324
G1 X112.176 Y126.729 E.01324
G1 X111.795 Y126.399 E.01324
G1 X111.366 Y126.133 E.01324
G1 X110.902 Y125.938 E.01324
G1 X110.407 Y125.816 E.01339
G1 X109.849 Y125.779 E.01467
G1 X109.407 Y125.812 E.01165
G1 X108.916 Y125.926 E.01324
G1 X108.449 Y126.117 E.01324
G1 X108.018 Y126.378 E.01324
G1 X107.633 Y126.703 E.01324
G1 X107.303 Y127.084 E.01324
G1 X107.037 Y127.513 E.01324
G1 X106.842 Y127.977 E.01324
G1 X106.721 Y128.467 E.01324
G1 X106.681 Y128.941 E.01251
G1 X106.669 Y130.997 E.054
G1 X106.704 Y131.472 E.01251
G1 X106.819 Y131.963 E.01324
G1 X107.009 Y132.43 E.01324
G1 X107.27 Y132.861 E.01324
G1 X107.595 Y133.247 E.01324
G1 X107.977 Y133.576 E.01324
G1 X108.405 Y133.842 E.01324
G1 X108.87 Y134.037 E.01324
G1 X109.359 Y134.158 E.01324
G1 X109.774 Y134.193 E.01093
G1 X109.916 Y134.613 F18000
G1 F6000
G1 X110.427 Y134.576 E.01346
G1 X110.982 Y134.446 E.01496
G1 X111.509 Y134.231 E.01496
G1 X111.997 Y133.936 E.01496
G1 X112.432 Y133.569 E.01496
G1 X112.804 Y133.138 E.01496
G1 X113.105 Y132.654 E.01496
G1 X113.326 Y132.129 E.01496
G1 X113.462 Y131.576 E.01496
G1 X113.506 Y131.053 E.0138
G1 X113.518 Y128.964 E.05486
G1 X113.48 Y128.44 E.0138
G1 X113.35 Y127.886 E.01496
G1 X113.135 Y127.358 E.01496
G1 X112.84 Y126.871 E.01496
G1 X112.473 Y126.436 E.01496
G1 X112.042 Y126.063 E.01496
G1 X111.558 Y125.763 E.01496
G1 X111.033 Y125.542 E.01496
G1 X110.471 Y125.404 E.01521
G1 X109.848 Y125.363 E.01639
G1 X109.344 Y125.399 E.01327
G1 X108.79 Y125.529 E.01496
G1 X108.262 Y125.744 E.01496
G1 X107.775 Y126.039 E.01496
G1 X107.34 Y126.406 E.01496
G1 X106.967 Y126.837 E.01496
G1 X106.667 Y127.321 E.01496
G1 X106.446 Y127.846 E.01496
G1 X106.31 Y128.399 E.01496
G1 X106.265 Y128.923 E.0138
G1 X106.254 Y131.011 E.05486
G1 X106.292 Y131.535 E.0138
G1 X106.422 Y132.089 E.01496
G1 X106.637 Y132.617 E.01496
G1 X106.931 Y133.104 E.01496
G1 X107.299 Y133.54 E.01496
G1 X107.73 Y133.912 E.01496
G1 X108.214 Y134.212 E.01496
G1 X108.739 Y134.433 E.01496
G1 X109.292 Y134.569 E.01496
G1 X109.856 Y134.617 E.01489
G1 X109.943 Y135.028 F18000
G1 F6000
G1 X110.49 Y134.988 E.01442
G1 X111.109 Y134.843 E.01668
G1 X111.697 Y134.604 E.01668
G1 X112.24 Y134.275 E.01668
G1 X112.725 Y133.866 E.01668
G1 X113.14 Y133.385 E.01668
G1 X113.475 Y132.845 E.01668
G1 X113.722 Y132.26 E.01668
G1 X113.873 Y131.644 E.01668
G1 X113.922 Y131.071 E.01508
G1 X113.934 Y128.95 E.05572
G1 X113.892 Y128.377 E.01509
G1 X113.747 Y127.759 E.01668
G1 X113.508 Y127.171 E.01668
G1 X113.179 Y126.628 E.01668
G1 X112.769 Y126.142 E.01668
G1 X112.289 Y125.727 E.01668
G1 X111.749 Y125.393 E.01668
G1 X111.164 Y125.146 E.01668
G1 X110.534 Y124.991 E.01703
G1 X109.846 Y124.946 E.01811
G1 X109.281 Y124.987 E.01488
G1 X108.663 Y125.132 E.01668
G1 X108.075 Y125.372 E.01668
G1 X107.532 Y125.7 E.01668
G1 X107.046 Y126.11 E.01668
G1 X106.631 Y126.59 E.01668
G1 X106.296 Y127.13 E.01668
G1 X106.05 Y127.715 E.01668
G1 X105.898 Y128.332 E.01668
G1 X105.85 Y128.904 E.01508
G1 X105.838 Y131.025 E.05572
G1 X105.88 Y131.598 E.01509
G1 X106.024 Y132.216 E.01668
G1 X106.264 Y132.804 E.01668
G1 X106.593 Y133.348 E.01668
G1 X107.002 Y133.833 E.01668
G1 X107.483 Y134.248 E.01668
G1 X108.022 Y134.583 E.01668
G1 X108.608 Y134.829 E.01668
G1 X109.224 Y134.981 E.01668
G1 X109.857 Y135.034 E.01668
G1 X109.883 Y135.032 E.00069
G1 X109.97 Y135.443 F18000
G1 F6000
G1 X110.553 Y135.4 E.01537
G1 X111.235 Y135.241 E.0184
G1 X111.884 Y134.976 E.0184
G1 X112.483 Y134.614 E.0184
G1 X113.018 Y134.162 E.0184
G1 X113.476 Y133.632 E.0184
G1 X113.846 Y133.037 E.0184
G1 X114.117 Y132.391 E.0184
G1 X114.285 Y131.711 E.0184
G1 X114.337 Y131.09 E.01637
G1 X114.35 Y128.936 E.05657
G1 X114.304 Y128.315 E.01637
G1 X114.145 Y127.633 E.01839
G1 X113.88 Y126.984 E.0184
G1 X113.518 Y126.385 E.0184
G1 X113.066 Y125.849 E.0184
G1 X112.536 Y125.391 E.0184
G1 X111.941 Y125.022 E.0184
G1 X111.295 Y124.75 E.0184
G1 X110.598 Y124.579 E.01885
G1 X109.845 Y124.529 E.01983
G1 X109.218 Y124.575 E.0165
G1 X108.536 Y124.735 E.0184
G1 X107.888 Y124.999 E.0184
G1 X107.289 Y125.362 E.0184
G1 X106.753 Y125.813 E.0184
G1 X106.295 Y126.343 E.0184
G1 X105.926 Y126.939 E.0184
G1 X105.654 Y127.584 E.0184
G1 X105.487 Y128.264 E.0184
G1 X105.434 Y128.885 E.01637
G1 X105.422 Y131.039 E.05657
G1 X105.467 Y131.661 E.01637
G1 X105.627 Y132.343 E.01839
G1 X105.891 Y132.991 E.0184
G1 X106.254 Y133.591 E.0184
G1 X106.706 Y134.126 E.0184
G1 X107.236 Y134.584 E.0184
G1 X107.831 Y134.953 E.0184
G1 X108.477 Y135.225 E.0184
G1 X109.157 Y135.392 E.0184
G1 X109.855 Y135.451 E.0184
G1 X109.91 Y135.447 E.00145
G1 E-1.75
;WIPE_START
G1 X110.553 Y135.4 E-.48394
G1 X110.899 Y135.319 E-.26606
;WIPE_END
G1 X112.479 Y132.899 Z3.8 F18000
G1 X112.746 Y132.469
G1 X112.942 Y132.002
G1 X113.063 Y131.51
G1 X113.103 Y131.034
G1 X113.115 Y128.978
G1 X112.729 Y108.975
G1 X112.7 Y108.577
G1 X112.603 Y108.16
G1 X112.441 Y107.764
G1 X112.22 Y107.398
G1 X111.944 Y107.072
G1 X111.62 Y106.792
G1 X111.257 Y106.566
G1 X110.863 Y106.4
G1 X110.447 Y106.298
G1 X110.352 Y106.29
G1 X110.129 Y93.212
G1 X110.099 Y92.799
G1 Z3.6
G1 E2.5 F6000
M204 P1000
;TYPE:Outer wall
;WIDTH:0.42
G1 F3600
G1 X110.382 Y92.778 E.00691
G1 X110.658 Y92.714 E.00693
G1 X110.921 Y92.606 E.00693
G1 X111.165 Y92.459 E.00692
G1 X111.382 Y92.276 E.00692
G1 X111.567 Y92.061 E.00693
G1 X111.717 Y91.82 E.00693
G1 X111.828 Y91.558 E.00693
G1 X111.896 Y91.282 E.00692
G1 X111.918 Y91.011 E.00663
G1 X111.93 Y88.986 E.04934
G1 X111.91 Y88.715 E.00663
G1 X111.845 Y88.439 E.00692
G1 X111.738 Y88.175 E.00693
G1 X111.591 Y87.932 E.00693
G1 X111.408 Y87.715 E.00693
G1 X111.193 Y87.529 E.00692
G1 X110.951 Y87.379 E.00692
G1 X110.689 Y87.269 E.00693
G1 X110.411 Y87.201 E.00698
G1 X110.092 Y87.18 E.0078
G1 X109.847 Y87.198 E.00599
G1 X109.57 Y87.263 E.00693
G1 X109.307 Y87.37 E.00693
G1 X109.064 Y87.517 E.00692
G1 X108.847 Y87.7 E.00692
G1 X108.661 Y87.915 E.00693
G1 X108.511 Y88.157 E.00693
G1 X108.401 Y88.419 E.00693
G1 X108.333 Y88.695 E.00692
G1 X108.31 Y88.966 E.00663
G1 X108.298 Y90.99 E.04934
G1 X108.318 Y91.261 E.00663
G1 X108.383 Y91.538 E.00692
G1 X108.49 Y91.801 E.00693
G1 X108.637 Y92.044 E.00693
G1 X108.821 Y92.262 E.00693
G1 X109.036 Y92.447 E.00692
G1 X109.277 Y92.597 E.00692
G1 X109.539 Y92.707 E.00693
G1 X109.815 Y92.775 E.00693
G1 X110.039 Y92.794 E.00547
G1 X110.004 Y93.206 F18000
G1 X110.096 Y93.214
G1 X110.125 Y93.212
G1 X110.124 Y93.199
M204 P1500
;TYPE:Inner wall
;WIDTH:0.45
G1 F6000
G1 X110.442 Y93.176 E.00839
G1 X110.78 Y93.097 E.00912
G1 X111.102 Y92.966 E.00912
G1 X111.399 Y92.786 E.00912
G1 X111.664 Y92.562 E.00912
G1 X111.891 Y92.299 E.00912
G1 X112.074 Y92.004 E.00912
G1 X112.209 Y91.684 E.00912
G1 X112.292 Y91.347 E.00912
G1 X112.319 Y91.029 E.00839
G1 X112.331 Y88.973 E.054
G1 X112.307 Y88.655 E.00839
G1 X112.228 Y88.317 E.00912
G1 X112.097 Y87.995 E.00912
G1 X111.918 Y87.698 E.00912
G1 X111.694 Y87.432 E.00912
G1 X111.431 Y87.206 E.00912
G1 X111.136 Y87.022 E.00912
G1 X110.816 Y86.888 E.00912
G1 X110.473 Y86.803 E.00928
G1 X110.09 Y86.779 E.01006
G1 X109.786 Y86.801 E.00801
G1 X109.448 Y86.88 E.00912
G1 X109.127 Y87.011 E.00912
G1 X108.83 Y87.191 E.00912
G1 X108.564 Y87.415 E.00912
G1 X108.337 Y87.677 E.00912
G1 X108.154 Y87.972 E.00912
G1 X108.019 Y88.293 E.00912
G1 X107.936 Y88.63 E.00912
G1 X107.909 Y88.948 E.00839
G1 X107.898 Y91.004 E.054
G1 X107.921 Y91.322 E.00839
G1 X108 Y91.66 E.00912
G1 X108.131 Y91.982 E.00912
G1 X108.311 Y92.279 E.00912
G1 X108.535 Y92.544 E.00912
G1 X108.798 Y92.771 E.00912
G1 X109.093 Y92.954 E.00912
G1 X109.413 Y93.089 E.00912
G1 X109.75 Y93.172 E.00912
G1 X110.064 Y93.198 E.00828
G1 X110.15 Y93.614 F18000
G1 F6000
G1 X110.505 Y93.588 E.00934
G1 X110.907 Y93.494 E.01084
G1 X111.289 Y93.338 E.01084
G1 X111.642 Y93.125 E.01084
G1 X111.957 Y92.859 E.01084
G1 X112.227 Y92.546 E.01084
G1 X112.445 Y92.196 E.01084
G1 X112.605 Y91.815 E.01084
G1 X112.704 Y91.415 E.01084
G1 X112.735 Y91.048 E.00968
G1 X112.746 Y88.959 E.05486
G1 X112.72 Y88.592 E.00968
G1 X112.626 Y88.19 E.01084
G1 X112.47 Y87.808 E.01084
G1 X112.256 Y87.455 E.01084
G1 X111.99 Y87.139 E.01084
G1 X111.678 Y86.87 E.01084
G1 X111.327 Y86.652 E.01084
G1 X110.947 Y86.492 E.01084
G1 X110.536 Y86.391 E.01111
G1 X110.089 Y86.362 E.01178
G1 X109.723 Y86.389 E.00962
G1 X109.322 Y86.483 E.01084
G1 X108.939 Y86.638 E.01084
G1 X108.586 Y86.852 E.01084
G1 X108.271 Y87.118 E.01084
G1 X108.001 Y87.43 E.01084
G1 X107.784 Y87.781 E.01084
G1 X107.624 Y88.161 E.01084
G1 X107.525 Y88.562 E.01084
G1 X107.494 Y88.929 E.00968
G1 X107.482 Y91.018 E.05486
G1 X107.509 Y91.385 E.00968
G1 X107.603 Y91.787 E.01084
G1 X107.759 Y92.169 E.01084
G1 X107.972 Y92.522 E.01084
G1 X108.238 Y92.837 E.01084
G1 X108.551 Y93.107 E.01084
G1 X108.901 Y93.325 E.01084
G1 X109.282 Y93.485 E.01084
G1 X109.682 Y93.583 E.01084
G1 X110.091 Y93.618 E.01076
G1 X110.177 Y94.029 F18000
G1 F6000
G1 X110.568 Y94 E.01029
G1 X111.033 Y93.891 E.01256
G1 X111.476 Y93.711 E.01256
G1 X111.885 Y93.463 E.01255
G1 X112.25 Y93.155 E.01256
G1 X112.563 Y92.793 E.01256
G1 X112.815 Y92.387 E.01256
G1 X113.001 Y91.946 E.01256
G1 X113.115 Y91.482 E.01256
G1 X113.15 Y91.066 E.01097
G1 X113.162 Y88.945 E.05572
G1 X113.132 Y88.529 E.01097
G1 X113.023 Y88.063 E.01255
G1 X112.842 Y87.621 E.01256
G1 X112.595 Y87.212 E.01256
G1 X112.287 Y86.846 E.01256
G1 X111.925 Y86.534 E.01256
G1 X111.519 Y86.282 E.01255
G1 X111.078 Y86.096 E.01256
G1 X110.6 Y85.978 E.01293
G1 X110.087 Y85.945 E.0135
G1 X109.661 Y85.976 E.01123
G1 X109.195 Y86.085 E.01256
G1 X108.752 Y86.266 E.01256
G1 X108.343 Y86.513 E.01255
G1 X107.978 Y86.822 E.01256
G1 X107.665 Y87.183 E.01256
G1 X107.413 Y87.59 E.01256
G1 X107.228 Y88.03 E.01256
G1 X107.113 Y88.494 E.01255
G1 X107.078 Y88.91 E.01097
G1 X107.066 Y91.031 E.05572
G1 X107.097 Y91.448 E.01097
G1 X107.206 Y91.913 E.01256
G1 X107.386 Y92.356 E.01256
G1 X107.633 Y92.765 E.01256
G1 X107.942 Y93.13 E.01256
G1 X108.304 Y93.443 E.01256
G1 X108.71 Y93.695 E.01255
G1 X109.151 Y93.881 E.01256
G1 X109.615 Y93.995 E.01256
G1 X110.091 Y94.035 E.01256
G1 X110.117 Y94.033 E.00069
G1 X110.204 Y94.444 F18000
G1 F6000
G1 X110.631 Y94.412 E.01125
G1 X111.16 Y94.289 E.01428
G1 X111.663 Y94.083 E.01428
G1 X112.128 Y93.802 E.01427
G1 X112.544 Y93.452 E.01428
G1 X112.899 Y93.04 E.01428
G1 X113.186 Y92.578 E.01428
G1 X113.397 Y92.077 E.01428
G1 X113.526 Y91.55 E.01427
G1 X113.566 Y91.085 E.01225
G1 X113.578 Y88.931 E.05657
G1 X113.544 Y88.466 E.01225
G1 X113.42 Y87.937 E.01427
G1 X113.215 Y87.434 E.01428
G1 X112.934 Y86.968 E.01428
G1 X112.583 Y86.553 E.01428
G1 X112.172 Y86.198 E.01428
G1 X111.71 Y85.911 E.01427
G1 X111.209 Y85.7 E.01428
G1 X110.663 Y85.566 E.01476
G1 X110.085 Y85.529 E.01521
G1 X109.598 Y85.564 E.01284
G1 X109.069 Y85.688 E.01428
G1 X108.565 Y85.893 E.01428
G1 X108.1 Y86.174 E.01427
G1 X107.685 Y86.525 E.01428
G1 X107.329 Y86.936 E.01428
G1 X107.043 Y87.398 E.01428
G1 X106.832 Y87.899 E.01428
G1 X106.702 Y88.427 E.01427
G1 X106.663 Y88.892 E.01225
G1 X106.65 Y91.045 E.05657
G1 X106.684 Y91.511 E.01225
G1 X106.808 Y92.04 E.01427
G1 X107.013 Y92.543 E.01428
G1 X107.295 Y93.008 E.01428
G1 X107.645 Y93.424 E.01428
G1 X108.057 Y93.779 E.01428
G1 X108.518 Y94.065 E.01427
G1 X109.019 Y94.276 E.01428
G1 X109.547 Y94.406 E.01428
G1 X110.089 Y94.452 E.01428
G1 X110.144 Y94.448 E.00145
G1 E-1.75
;WIPE_START
G1 X110.631 Y94.412 E-.36615
G1 X111.129 Y94.296 E-.38385
;WIPE_END
G1 X111.546 Y98.089 Z3.8 F18000
G1 X112.7 Y108.577 Z3.8
G1 X112.729 Y108.975
G1 X112.718 Y111.032
G1 X112.684 Y111.43
G1 X112.582 Y111.845
G1 X112.416 Y112.239
G1 X112.19 Y112.603
G1 X111.911 Y112.926
G1 X111.584 Y113.202
G1 X111.218 Y113.424
G1 X110.822 Y113.585
G1 X110.405 Y113.683
G1 X110.012 Y113.711
G1 X109.982 Y113.299
G1 Z3.6
G1 E2.5 F6000
M204 P1000
;TYPE:Outer wall
;WIDTH:0.42
G1 F3600
G1 X110.343 Y113.272 E.00883
G1 X110.698 Y113.189 E.00889
G1 X111.072 Y113.028 E.00994
G1 X111.342 Y112.865 E.00768
G1 X111.619 Y112.631 E.00884
G1 X111.856 Y112.357 E.00884
G1 X112.047 Y112.049 E.00884
G1 X112.188 Y111.715 E.00884
G1 X112.275 Y111.362 E.00884
G1 X112.304 Y111.013 E.00854
G1 X112.316 Y108.989 E.04934
G1 X112.29 Y108.64 E.00854
G1 X112.208 Y108.286 E.00884
G1 X112.071 Y107.951 E.00884
G1 X111.883 Y107.64 E.00884
G1 X111.649 Y107.363 E.00884
G1 X111.375 Y107.126 E.00884
G1 X111.067 Y106.935 E.00884
G1 X110.732 Y106.794 E.00884
G1 X110.378 Y106.707 E.00889
G1 X109.971 Y106.681 E.00994
G1 X109.657 Y106.703 E.00768
G1 X109.304 Y106.786 E.00884
G1 X108.968 Y106.923 E.00884
G1 X108.658 Y107.111 E.00884
G1 X108.381 Y107.345 E.00884
G1 X108.144 Y107.619 E.00884
G1 X107.953 Y107.927 E.00884
G1 X107.812 Y108.261 E.00884
G1 X107.725 Y108.613 E.00884
G1 X107.696 Y108.963 E.00854
G1 X107.684 Y110.987 E.04934
G1 X107.71 Y111.336 E.00854
G1 X107.792 Y111.69 E.00884
G1 X107.929 Y112.025 E.00884
G1 X108.117 Y112.336 E.00884
G1 X108.351 Y112.613 E.00884
G1 X108.627 Y112.851 E.00889
G1 X108.977 Y113.059 E.00994
G1 X109.268 Y113.182 E.00768
G1 X109.62 Y113.268 E.00884
G1 X109.922 Y113.294 E.00739
G1 X109.887 Y113.706 F18000
G1 X109.979 Y113.714
G1 X110.008 Y113.712
G1 X110.007 Y113.699
M204 P1500
;TYPE:Inner wall
;WIDTH:0.45
G1 F6000
G1 X110.403 Y113.67 E.01045
G1 X110.824 Y113.571 E.01134
G1 X111.256 Y113.386 E.01237
G1 X111.576 Y113.192 E.00983
G1 X111.902 Y112.917 E.01118
G1 X112.18 Y112.595 E.01118
G1 X112.404 Y112.233 E.01118
G1 X112.57 Y111.841 E.01118
G1 X112.671 Y111.428 E.01118
G1 X112.705 Y111.031 E.01045
G1 X112.716 Y108.976 E.054
G1 X112.688 Y108.579 E.01045
G1 X112.591 Y108.164 E.01118
G1 X112.43 Y107.77 E.01118
G1 X112.21 Y107.406 E.01118
G1 X111.935 Y107.081 E.01118
G1 X111.613 Y106.802 E.01118
G1 X111.251 Y106.578 E.01118
G1 X110.859 Y106.413 E.01118
G1 X110.44 Y106.31 E.01134
G1 X109.97 Y106.279 E.01237
G1 X109.597 Y106.306 E.00983
G1 X109.182 Y106.403 E.01118
G1 X108.788 Y106.564 E.01118
G1 X108.424 Y106.784 E.01118
G1 X108.098 Y107.059 E.01118
G1 X107.82 Y107.381 E.01118
G1 X107.596 Y107.743 E.01118
G1 X107.43 Y108.135 E.01118
G1 X107.329 Y108.548 E.01118
G1 X107.295 Y108.945 E.01045
G1 X107.284 Y111 E.054
G1 X107.312 Y111.397 E.01045
G1 X107.409 Y111.812 E.01118
G1 X107.57 Y112.206 E.01118
G1 X107.79 Y112.57 E.01118
G1 X108.065 Y112.895 E.01118
G1 X108.392 Y113.177 E.01134
G1 X108.796 Y113.418 E.01237
G1 X109.141 Y113.563 E.00983
G1 X109.555 Y113.665 E.01118
G1 X109.947 Y113.698 E.01034
G1 X110.033 Y114.114 F18000
G1 F6000
G1 X110.466 Y114.082 E.0114
G1 X110.954 Y113.968 E.01316
G1 X111.447 Y113.756 E.01408
G1 X111.819 Y113.53 E.01145
G1 X112.195 Y113.214 E.0129
G1 X112.516 Y112.842 E.0129
G1 X112.775 Y112.425 E.0129
G1 X112.965 Y111.972 E.0129
G1 X113.083 Y111.495 E.0129
G1 X113.12 Y111.05 E.01173
G1 X113.132 Y108.962 E.05486
G1 X113.1 Y108.516 E.01174
G1 X112.988 Y108.038 E.0129
G1 X112.802 Y107.583 E.0129
G1 X112.548 Y107.163 E.0129
G1 X112.231 Y106.788 E.0129
G1 X111.86 Y106.466 E.0129
G1 X111.443 Y106.207 E.0129
G1 X110.99 Y106.017 E.0129
G1 X110.503 Y105.897 E.01316
G1 X109.968 Y105.862 E.01408
G1 X109.534 Y105.894 E.01145
G1 X109.056 Y106.006 E.0129
G1 X108.601 Y106.191 E.0129
G1 X108.181 Y106.445 E.0129
G1 X107.805 Y106.762 E.0129
G1 X107.484 Y107.134 E.0129
G1 X107.225 Y107.551 E.0129
G1 X107.035 Y108.004 E.0129
G1 X106.917 Y108.481 E.0129
G1 X106.88 Y108.926 E.01173
G1 X106.868 Y111.014 E.05486
G1 X106.9 Y111.46 E.01174
G1 X107.012 Y111.938 E.0129
G1 X107.198 Y112.393 E.0129
G1 X107.452 Y112.813 E.0129
G1 X107.769 Y113.188 E.0129
G1 X108.148 Y113.516 E.01316
G1 X108.608 Y113.79 E.01408
G1 X109.01 Y113.959 E.01145
G1 X109.487 Y114.076 E.0129
G1 X109.973 Y114.117 E.01282
G1 X110.06 Y114.528 F18000
G1 F6000
G1 X110.529 Y114.494 E.01236
G1 X111.084 Y114.364 E.01498
G1 X111.637 Y114.127 E.0158
G1 X112.063 Y113.869 E.01306
G1 X112.488 Y113.51 E.01462
G1 X112.852 Y113.089 E.01462
G1 X113.145 Y112.616 E.01462
G1 X113.361 Y112.103 E.01462
G1 X113.494 Y111.563 E.01462
G1 X113.536 Y111.069 E.01302
G1 X113.548 Y108.948 E.05572
G1 X113.512 Y108.453 E.01302
G1 X113.385 Y107.911 E.01462
G1 X113.175 Y107.396 E.01462
G1 X112.887 Y106.92 E.01462
G1 X112.528 Y106.494 E.01462
G1 X112.107 Y106.131 E.01462
G1 X111.634 Y105.837 E.01462
G1 X111.121 Y105.621 E.01462
G1 X110.567 Y105.485 E.01498
G1 X109.967 Y105.446 E.0158
G1 X109.471 Y105.482 E.01306
G1 X108.929 Y105.609 E.01462
G1 X108.414 Y105.819 E.01462
G1 X107.937 Y106.107 E.01462
G1 X107.512 Y106.466 E.01462
G1 X107.148 Y106.887 E.01462
G1 X106.855 Y107.36 E.01462
G1 X106.639 Y107.873 E.01462
G1 X106.506 Y108.413 E.01462
G1 X106.464 Y108.907 E.01302
G1 X106.452 Y111.028 E.05572
G1 X106.488 Y111.523 E.01302
G1 X106.615 Y112.065 E.01462
G1 X106.825 Y112.58 E.01462
G1 X107.113 Y113.056 E.01462
G1 X107.472 Y113.482 E.01462
G1 X107.904 Y113.854 E.01498
G1 X108.421 Y114.162 E.0158
G1 X108.879 Y114.355 E.01306
G1 X109.419 Y114.488 E.01462
G1 X109.974 Y114.535 E.01462
G1 X110 Y114.533 E.00068
G1 X110.086 Y114.943 F18000
G1 F6000
G1 X110.592 Y114.906 E.01332
G1 X111.215 Y114.761 E.01681
G1 X111.828 Y114.497 E.01752
G1 X112.306 Y114.208 E.01468
G1 X112.781 Y113.807 E.01634
G1 X113.188 Y113.336 E.01634
G1 X113.516 Y112.808 E.01634
G1 X113.757 Y112.234 E.01634
G1 X113.906 Y111.63 E.01634
G1 X113.951 Y111.087 E.01431
G1 X113.964 Y108.934 E.05657
G1 X113.924 Y108.39 E.01431
G1 X113.782 Y107.785 E.01634
G1 X113.548 Y107.209 E.01634
G1 X113.226 Y106.677 E.01634
G1 X112.824 Y106.201 E.01634
G1 X112.354 Y105.795 E.01634
G1 X111.825 Y105.467 E.01634
G1 X111.252 Y105.225 E.01634
G1 X110.631 Y105.072 E.01681
G1 X109.965 Y105.029 E.01752
G1 X109.408 Y105.07 E.01468
G1 X108.802 Y105.211 E.01634
G1 X108.226 Y105.446 E.01634
G1 X107.694 Y105.768 E.01634
G1 X107.219 Y106.169 E.01634
G1 X106.812 Y106.64 E.01634
G1 X106.484 Y107.168 E.01634
G1 X106.243 Y107.742 E.01634
G1 X106.094 Y108.346 E.01634
G1 X106.049 Y108.888 E.01431
G1 X106.036 Y111.042 E.05657
G1 X106.076 Y111.586 E.01431
G1 X106.218 Y112.191 E.01634
G1 X106.452 Y112.767 E.01634
G1 X106.774 Y113.299 E.01634
G1 X107.176 Y113.775 E.01634
G1 X107.66 Y114.193 E.01681
G1 X108.233 Y114.534 E.01752
G1 X108.748 Y114.751 E.01467
G1 X109.352 Y114.899 E.01634
G1 X109.972 Y114.952 E.01634
G1 X110.027 Y114.948 E.00145
G1 X106.1 Y112.344 F18000
M204 P2000
;TYPE:Internal solid infill
;WIDTH:0.424368
G1 F6000
G1 X106.1 Y126.049 E.33779
G1 X106.49 Y125.597 E.0147
G1 X106.49 Y113.487 E.2985
G1 X106.88 Y113.952 E.01497
G1 X106.88 Y125.261 E.27874
G1 X107.089 Y125.084 E.00676
G1 X107.27 Y124.975 E.0052
G1 X107.27 Y114.306 E.26296
G1 X107.46 Y114.47 E.00619
G1 X107.66 Y114.589 E.00574
G1 X107.66 Y124.739 E.25017
G1 X108.05 Y124.565 E.01052
G1 X108.05 Y114.821 E.24017
G1 X108.44 Y114.99 E.01048
G1 X108.44 Y124.407 E.23211
G1 X108.83 Y124.316 E.00987
G1 X108.83 Y115.121 E.22663
G1 X109.22 Y115.217 E.0099
G1 X109.22 Y124.233 E.22222
G1 X109.61 Y124.205 E.00964
G1 X109.61 Y115.263 E.2204
G1 X110 Y115.291 E.00964
G1 X110 Y124.198 E.21954
G1 X110.39 Y124.224 E.00963
G1 X110.39 Y115.263 E.22088
G1 X110.644 Y115.244 E.00627
G1 X110.78 Y115.212 E.00346
G1 X110.78 Y124.273 E.22333
G1 X111.17 Y124.369 E.0099
G1 X111.17 Y115.121 E.22795
G1 X111.322 Y115.085 E.00384
G1 X111.56 Y114.983 E.00639
G1 X111.56 Y124.492 E.23439
G1 X111.95 Y124.657 E.01043
G1 X111.95 Y114.815 E.24257
G1 X112.34 Y114.585 E.01116
G1 X112.34 Y124.869 E.25348
G1 X112.73 Y125.111 E.01132
G1 X112.73 Y114.295 E.26659
G1 X113.021 Y114.05 E.00939
G1 X113.12 Y113.935 E.00373
G1 X113.12 Y125.446 E.28373
G1 X113.309 Y125.609 E.00614
G1 X113.51 Y125.848 E.0077
G1 X113.51 Y113.462 E.30528
G1 X113.819 Y112.964 E.01444
G1 X113.9 Y112.772 E.00516
G1 X113.9 Y126.694 E.34317
G1 X114.29 Y127.548 F18000
G1 F6000
G1 X114.29 Y80.21 E1.16677
G1 X113.9 Y80.208 E.00961
G1 X113.9 Y107.632 E.67593
G1 X118.971 Y110.825 F18000
G1 F6000
G1 X118.971 Y80.237 E.75392
G1 X118.581 Y80.235 E.00961
G1 X118.581 Y139.839 E1.46912
G1 X118.191 Y139.837 E.00961
G1 X118.191 Y80.232 E1.46912
G1 X117.801 Y80.23 E.00961
G1 X117.801 Y139.835 E1.46912
G1 X117.411 Y139.833 E.00961
G1 X117.411 Y80.228 E1.46912
G1 X117.021 Y80.226 E.00961
G1 X117.021 Y139.83 E1.46912
G1 X116.631 Y139.828 E.00961
G1 X116.631 Y80.224 E1.46912
G1 X116.24 Y80.221 E.00961
G1 X116.24 Y139.826 E1.46912
G1 X115.85 Y139.824 E.00961
G1 X115.85 Y80.219 E1.46912
G1 X115.46 Y80.217 E.00961
G1 X115.46 Y139.821 E1.46912
G1 X115.07 Y139.819 E.00961
G1 X115.07 Y80.215 E1.46912
G1 X114.68 Y80.212 E.00961
G1 X114.68 Y139.817 E1.46912
G1 X114.29 Y139.815 E.00961
G1 X114.29 Y132.858 E.17146
G1 X114.149 Y133.194 E.00897
G1 X113.9 Y133.595 E.01163
G1 X113.9 Y139.813 E.15326
G1 X113.51 Y139.81 E.00961
G1 X113.51 Y134.113 E.14041
G1 X113.258 Y134.405 E.0095
G1 X113.12 Y134.522 E.00446
G1 X113.12 Y139.808 E.1303
G1 X112.73 Y139.806 E.00961
G1 X112.73 Y134.851 E.12213
G1 X112.34 Y135.098 E.01139
G1 X112.34 Y139.804 E.11598
G1 X111.95 Y139.801 E.00961
G1 X111.95 Y135.317 E.11053
G1 X111.56 Y135.476 E.01038
G1 X111.56 Y139.799 E.10656
G1 X111.17 Y139.797 E.00961
G1 X111.17 Y135.606 E.10331
G1 X110.78 Y135.697 E.00987
G1 X110.78 Y139.795 E.101
G1 X110.39 Y139.792 E.00961
G1 X110.39 Y135.754 E.09955
G1 X110 Y135.782 E.00964
G1 X110 Y139.79 E.09879
G1 X109.61 Y139.788 E.00961
G1 X109.61 Y135.772 E.09898
G1 X109.22 Y135.739 E.00965
G1 X109.22 Y139.786 E.09973
G1 X108.83 Y139.784 E.00961
G1 X108.83 Y135.663 E.10157
G1 X108.44 Y135.567 E.0099
G1 X108.44 Y139.781 E.10388
G1 X108.05 Y139.779 E.00961
G1 X108.05 Y135.415 E.10757
G1 X107.66 Y135.248 E.01046
G1 X107.66 Y139.777 E.11163
G1 X107.27 Y139.775 E.00961
G1 X107.27 Y135.006 E.11754
G1 X107.034 Y134.859 E.00685
G1 X106.88 Y134.726 E.00501
G1 X106.88 Y139.772 E.12438
G1 X106.49 Y139.77 E.00961
G1 X106.49 Y134.389 E.13263
G1 X106.1 Y133.936 E.01474
G1 X106.1 Y139.768 E.14375
G1 X105.71 Y139.766 E.00961
G1 X105.71 Y133.349 E.15816
G1 X105.586 Y133.145 E.00588
G1 X105.32 Y132.491 E.01741
G1 X105.32 Y139.764 E.17926
G1 X104.93 Y139.761 E.00961
G1 X104.93 Y80.157 E1.46912
G1 X105.32 Y80.159 E.00961
G1 X105.32 Y127.519 E1.16731
G1 X105.622 Y126.782 E.01964
G1 X105.71 Y126.641 E.00408
G1 X105.71 Y80.161 E1.14563
G1 X106.1 Y80.163 E.00961
G1 X106.1 Y107.205 E.6665
G1 X106.181 Y107.012 E.00516
G1 X106.49 Y106.514 E.01443
G1 X106.49 Y92.16 E.35379
G1 X106.708 Y92.696 E.01427
G1 X106.88 Y92.98 E.00817
G1 X106.88 Y106.041 E.32192
G1 X106.979 Y105.926 E.00374
G1 X107.27 Y105.681 E.00938
G1 X107.27 Y93.507 E.30007
G1 X107.403 Y93.664 E.00507
G1 X107.66 Y93.886 E.00838
G1 X107.66 Y105.391 E.28357
G1 X108.05 Y105.155 E.01124
G1 X108.05 Y94.175 E.27062
G1 X108.44 Y94.402 E.01112
G1 X108.44 Y104.991 E.26101
G1 X108.699 Y104.886 E.00689
G1 X108.83 Y104.855 E.00332
G1 X108.83 Y94.566 E.2536
G1 X109.22 Y94.676 E.00999
G1 X109.22 Y104.764 E.24863
G1 X109.356 Y104.732 E.00346
G1 X109.61 Y104.713 E.00626
G1 X109.61 Y94.753 E.2455
G1 X110 Y94.786 E.00965
G1 X110 Y104.69 E.2441
G1 X110.39 Y104.715 E.00963
G1 X110.39 Y94.771 E.2451
G1 X110.78 Y94.727 E.00968
G1 X110.78 Y104.758 E.24725
G1 X111.17 Y104.854 E.0099
G1 X111.17 Y94.636 E.25186
G1 X111.56 Y94.493 E.01024
G1 X111.56 Y104.985 E.25861
G1 X111.95 Y105.15 E.01043
G1 X111.95 Y94.308 E.26722
G1 X112.34 Y94.069 E.01128
G1 X112.34 Y105.385 E.27893
G1 X112.556 Y105.519 E.00627
G1 X112.73 Y105.67 E.00567
G1 X112.73 Y93.74 E.29405
G1 X113.12 Y93.305 E.01439
G1 X113.12 Y106.024 E.31349
G1 X113.51 Y106.489 E.01496
G1 X113.51 Y92.238 E.35126
G1 X113.51 Y87.715 F18000
G1 F6000
G1 X113.51 Y80.206 E.18509
G1 X113.12 Y80.204 E.00961
G1 X113.12 Y86.661 E.15917
G1 X112.826 Y86.313 E.01125
G1 X112.73 Y86.23 E.00312
G1 X112.73 Y80.201 E.1486
G1 X112.34 Y80.199 E.00961
G1 X112.34 Y85.901 E.14055
G1 X111.95 Y85.659 E.01132
G1 X111.95 Y80.197 E.13464
G1 X111.56 Y80.195 E.00961
G1 X111.56 Y85.479 E.13024
G1 X111.316 Y85.376 E.00652
G1 X111.17 Y85.34 E.00371
G1 X111.17 Y80.192 E.12688
G1 X110.78 Y80.19 E.00961
G1 X110.78 Y85.244 E.12457
G1 X110.39 Y85.207 E.00966
G1 X110.39 Y80.188 E.12371
G1 X110 Y80.186 E.00961
G1 X110 Y85.193 E.12343
G1 X109.61 Y85.222 E.00964
G1 X109.61 Y80.183 E.12419
G1 X109.22 Y80.181 E.00961
G1 X109.22 Y85.303 E.12624
G1 X108.965 Y85.362 E.00646
G1 X108.83 Y85.418 E.00359
G1 X108.83 Y80.179 E.12912
G1 X108.44 Y80.177 E.00961
G1 X108.44 Y85.577 E.13309
G1 X108.05 Y85.807 E.01117
G1 X108.05 Y80.175 E.13883
G1 X107.66 Y80.172 E.00961
G1 X107.66 Y86.101 E.14612
G1 X107.445 Y86.282 E.00694
G1 X107.27 Y86.485 E.0066
G1 X107.27 Y80.17 E.15564
G1 X106.88 Y80.168 E.00961
G1 X106.88 Y87.015 E.16877
G1 X106.739 Y87.241 E.00657
G1 X106.49 Y87.865 E.01655
G1 X106.49 Y79.992 E.19404
G1 X104.54 Y139.933 F18000
G1 F6000
G1 X104.54 Y80.155 E1.4734
G1 X104.149 Y80.152 E.00961
G1 X104.149 Y139.757 E1.46912
G1 X103.759 Y139.755 E.00961
G1 X103.759 Y80.47 E1.46124
G1 X103.369 Y80.855 E.01352
G1 X103.369 Y139.752 E1.45168
G1 X102.979 Y139.75 E.00961
G1 X102.979 Y81.241 E1.44212
G1 X102.589 Y81.626 E.01352
G1 X102.589 Y139.748 E1.43257
G1 X102.199 Y139.746 E.00961
G1 X102.199 Y82.012 E1.42301
G1 X101.809 Y82.398 E.01352
G1 X101.809 Y139.743 E1.41345
G1 X101.419 Y139.741 E.00961
G1 X101.419 Y82.783 E1.40389
G1 X101.353 Y82.849 E.00229
G1 X101.029 Y139.913 E1.40652
; stop printing object pigtail_slot_coupon.stl id:2099807082496 copy 0
;LAYER_CHANGE
;Z:3.76
;HEIGHT:0.16
G92 E0 ; zero the extruded length again
; BEFORE_LAYER_CHANGE 22 @ 3.76mm
G1 E-1.75 F6000
;WIPE_START
G1 X101.035 Y138.913 E-.75
;WIPE_END
; AFTER_LAYER_CHANGE 22 @ 3.76mm
;_SET_FAN_SPEED_CHANGING_LAYER
; printing object pigtail_slot_coupon.stl id:2099807082496 copy 0
G1 F18000
G1 X101.476 Y139.202 Z3.78857
G1 X101.525 Y139.728 Z3.81714
G1 X101.145 Y140.094 Z3.84571
G1 X100.622 Y140.025 Z3.87429
G1 X100.349 Y139.572 Z3.90286
G1 X100.533 Y139.077 Z3.93143
G1 X101.035 Y138.913 Z3.96
G1 X120.012 Y141.422 Z3.96
G1 X120.197 Y141.423
G1 X120.608 Y141.839
G1 Z3.76
G1 E2.5 F6000
M204 P1000
;TYPE:Outer wall
;WIDTH:0.42
G1 F3600
G1 X99.029 Y141.716 E.52594
G1 X99.37 Y82.014 E1.45507
G1 X103.269 Y78.159 E.13363
G1 X104.622 Y78.167 E.03298
G1 X120.971 Y78.26 E.39848
G1 X120.609 Y141.779 E1.54809
G1 X120.197 Y141.423 F18000
G1 X120.21 Y141.436
M204 P1500
;TYPE:Inner wall
;WIDTH:0.45
G1 F6000
G1 X99.432 Y141.317 E.54581
G1 X99.769 Y82.182 E1.55337
G1 X103.432 Y78.561 E.1353
G1 X104.619 Y78.567 E.03118
G1 X120.568 Y78.658 E.41895
G1 X120.21 Y141.376 E1.64747
G1 X119.797 Y141.018 F18000
G1 F6000
G1 X99.85 Y140.904 E.52397
G1 X100.184 Y82.357 E1.53793
G1 X103.602 Y78.977 E.12626
G1 X104.617 Y78.983 E.02666
G1 X120.15 Y79.072 E.40803
G1 X119.797 Y140.958 E1.62563
G1 X119.383 Y140.6 F18000
G1 F6000
G1 X100.268 Y140.491 E.50213
G1 X100.599 Y82.531 E1.52249
G1 X103.772 Y79.394 E.11721
G1 X104.615 Y79.399 E.02214
G1 X119.732 Y79.485 E.39711
G1 X119.384 Y140.54 E1.60379
G1 X118.97 Y140.182 F18000
G1 F6000
G1 X100.686 Y140.078 E.48029
G1 X101.013 Y82.706 E1.50705
G1 X103.942 Y79.811 E.10817
G1 X104.612 Y79.814 E.01761
G1 X119.314 Y79.898 E.38619
G1 X118.97 Y140.122 E1.58196
G1 E-1.75
;WIPE_START
G1 X117.97 Y140.12 E-.75
;WIPE_END
G1 X114.882 Y137.878 Z3.96 F18000
G1 X109.829 Y134.211 Z3.96
G1 X109.863 Y133.798
G1 Z3.76
G1 E2.5 F6000
M204 P1000
;TYPE:Outer wall
;WIDTH:0.42
G1 F3600
G1 X109.864 Y133.799 E.00001
G1 X110.304 Y133.766 E.01075
G1 X110.733 Y133.666 E.01075
G1 X111.142 Y133.499 E.01075
G1 X111.519 Y133.271 E.01075
G1 X111.856 Y132.987 E.01075
G1 X112.145 Y132.653 E.01075
G1 X112.377 Y132.278 E.01075
G1 X112.548 Y131.871 E.01075
G1 X112.654 Y131.443 E.01075
G1 X112.69 Y131.016 E.01045
G1 X112.702 Y128.992 E.04934
G1 X112.67 Y128.564 E.01045
G1 X112.57 Y128.134 E.01075
G1 X112.403 Y127.726 E.01075
G1 X112.175 Y127.348 E.01075
G1 X111.89 Y127.011 E.01075
G1 X111.557 Y126.723 E.01075
G1 X111.182 Y126.49 E.01075
G1 X110.775 Y126.319 E.01075
G1 X110.346 Y126.214 E.01079
G1 X109.867 Y126.18 E.0117
G1 X109.468 Y126.209 E.00976
G1 X109.038 Y126.309 E.01075
G1 X108.63 Y126.476 E.01075
G1 X108.252 Y126.704 E.01075
G1 X107.915 Y126.989 E.01075
G1 X107.627 Y127.322 E.01075
G1 X107.394 Y127.697 E.01075
G1 X107.223 Y128.104 E.01075
G1 X107.118 Y128.532 E.01075
G1 X107.082 Y128.959 E.01045
G1 X107.07 Y130.984 E.04934
G1 X107.101 Y131.412 E.01045
G1 X107.202 Y131.841 E.01075
G1 X107.368 Y132.249 E.01075
G1 X107.597 Y132.627 E.01075
G1 X107.881 Y132.964 E.01075
G1 X108.215 Y133.252 E.01075
G1 X108.59 Y133.485 E.01075
G1 X108.996 Y133.656 E.01075
G1 X109.424 Y133.761 E.01075
G1 X109.804 Y133.793 E.00928
G1 X109.769 Y134.206 F18000
G1 X109.862 Y134.213
G1 X109.891 Y134.211
G1 X109.89 Y134.198
M204 P1500
;TYPE:Inner wall
;WIDTH:0.45
G1 F6000
G1 X110.365 Y134.164 E.01251
G1 X110.855 Y134.049 E.01324
G1 X111.322 Y133.859 E.01324
G1 X111.754 Y133.598 E.01324
G1 X112.139 Y133.272 E.01324
G1 X112.469 Y132.891 E.01324
G1 X112.734 Y132.463 E.01324
G1 X112.93 Y131.998 E.01324
G1 X113.05 Y131.508 E.01324
G1 X113.091 Y131.034 E.01251
G1 X113.102 Y128.978 E.054
G1 X113.068 Y128.503 E.01251
G1 X112.953 Y128.012 E.01324
G1 X112.762 Y127.545 E.01324
G1 X112.501 Y127.114 E.01324
G1 X112.176 Y126.729 E.01324
G1 X111.795 Y126.399 E.01324
G1 X111.366 Y126.133 E.01324
G1 X110.902 Y125.938 E.01324
G1 X110.408 Y125.816 E.01335
G1 X109.866 Y125.778 E.01426
G1 X109.407 Y125.812 E.0121
G1 X108.916 Y125.926 E.01324
G1 X108.449 Y126.117 E.01324
G1 X108.018 Y126.378 E.01324
G1 X107.633 Y126.703 E.01324
G1 X107.303 Y127.084 E.01324
G1 X107.037 Y127.513 E.01324
G1 X106.842 Y127.977 E.01324
G1 X106.721 Y128.467 E.01324
G1 X106.681 Y128.941 E.01251
G1 X106.669 Y130.997 E.054
G1 X106.704 Y131.472 E.01251
G1 X106.819 Y131.963 E.01324
G1 X107.009 Y132.43 E.01324
G1 X107.27 Y132.861 E.01324
G1 X107.595 Y133.247 E.01324
G1 X107.977 Y133.576 E.01324
G1 X108.405 Y133.842 E.01324
G1 X108.87 Y134.037 E.01324
G1 X109.359 Y134.158 E.01324
G1 X109.83 Y134.198 E.0124
G1 X109.916 Y134.613 F18000
G1 F6000
G1 X110.427 Y134.576 E.01346
G1 X110.982 Y134.446 E.01496
G1 X111.509 Y134.231 E.01496
G1 X111.997 Y133.936 E.01496
G1 X112.432 Y133.569 E.01496
G1 X112.804 Y133.138 E.01496
G1 X113.105 Y132.654 E.01496
G1 X113.326 Y132.129 E.01496
G1 X113.462 Y131.576 E.01496
G1 X113.506 Y131.053 E.0138
G1 X113.518 Y128.964 E.05486
G1 X113.48 Y128.44 E.0138
G1 X113.35 Y127.886 E.01496
G1 X113.135 Y127.358 E.01496
G1 X112.84 Y126.871 E.01496
G1 X112.473 Y126.436 E.01496
G1 X112.042 Y126.063 E.01496
G1 X111.558 Y125.763 E.01496
G1 X111.033 Y125.542 E.01496
G1 X110.473 Y125.404 E.01515
G1 X109.866 Y125.361 E.01598
G1 X109.344 Y125.399 E.01375
G1 X108.79 Y125.529 E.01496
G1 X108.262 Y125.744 E.01496
G1 X107.775 Y126.039 E.01496
G1 X107.34 Y126.406 E.01496
G1 X106.967 Y126.837 E.01496
G1 X106.667 Y127.321 E.01496
G1 X106.446 Y127.846 E.01496
G1 X106.31 Y128.399 E.01496
G1 X106.265 Y128.923 E.0138
G1 X106.254 Y131.011 E.05486
G1 X106.292 Y131.535 E.0138
G1 X106.422 Y132.089 E.01496
G1 X106.637 Y132.617 E.01496
G1 X106.931 Y133.104 E.01496
G1 X107.299 Y133.54 E.01496
G1 X107.73 Y133.912 E.01496
G1 X108.214 Y134.212 E.01496
G1 X108.739 Y134.433 E.01496
G1 X109.292 Y134.569 E.01496
G1 X109.856 Y134.617 E.01489
G1 X109.771 Y135.027 F18000
G1 F6000
G1 X109.857 Y135.034 E.00226
G1 X110.49 Y134.988 E.01668
G1 X111.109 Y134.843 E.01668
G1 X111.697 Y134.604 E.01668
G1 X112.24 Y134.275 E.01668
G1 X112.725 Y133.866 E.01668
G1 X113.14 Y133.385 E.01668
G1 X113.475 Y132.845 E.01668
G1 X113.722 Y132.26 E.01668
G1 X113.873 Y131.644 E.01668
G1 X113.922 Y131.071 E.01508
G1 X113.934 Y128.95 E.05572
G1 X113.892 Y128.377 E.01509
G1 X113.747 Y127.759 E.01668
G1 X113.508 Y127.171 E.01668
G1 X113.179 Y126.628 E.01668
G1 X112.769 Y126.142 E.01668
G1 X112.289 Y125.727 E.01668
G1 X111.749 Y125.393 E.01668
G1 X111.164 Y125.146 E.01668
G1 X110.538 Y124.992 E.01694
G1 X109.865 Y124.945 E.0177
G1 X109.281 Y124.987 E.01539
G1 X108.663 Y125.132 E.01668
G1 X108.075 Y125.372 E.01668
G1 X107.532 Y125.7 E.01668
G1 X107.046 Y126.11 E.01668
G1 X106.631 Y126.59 E.01668
G1 X106.296 Y127.13 E.01668
G1 X106.05 Y127.715 E.01668
G1 X105.898 Y128.332 E.01668
G1 X105.85 Y128.904 E.01508
G1 X105.838 Y131.025 E.05572
G1 X105.88 Y131.598 E.01509
G1 X106.024 Y132.216 E.01668
G1 X106.264 Y132.804 E.01668
G1 X106.593 Y133.348 E.01668
G1 X107.002 Y133.833 E.01668
G1 X107.483 Y134.248 E.01668
G1 X108.022 Y134.583 E.01668
G1 X108.608 Y134.829 E.01668
G1 X109.224 Y134.981 E.01668
G1 X109.711 Y135.022 E.01284
G1 X109.74 Y135.442 F18000
G1 F6000
G1 X109.855 Y135.451 E.00303
G1 X110.553 Y135.4 E.0184
G1 X111.235 Y135.241 E.0184
G1 X111.884 Y134.976 E.0184
G1 X112.483 Y134.614 E.0184
G1 X113.018 Y134.162 E.0184
G1 X113.476 Y133.632 E.0184
G1 X113.846 Y133.037 E.0184
G1 X114.117 Y132.391 E.0184
G1 X114.285 Y131.711 E.0184
G1 X114.337 Y131.09 E.01637
G1 X114.35 Y128.936 E.05657
G1 X114.304 Y128.315 E.01637
G1 X114.145 Y127.633 E.01839
G1 X113.88 Y126.984 E.0184
G1 X113.518 Y126.385 E.0184
G1 X113.066 Y125.849 E.0184
G1 X112.536 Y125.391 E.0184
G1 X111.941 Y125.022 E.0184
G1 X111.295 Y124.75 E.0184
G1 X110.603 Y124.58 E.01873
G1 X109.865 Y124.528 E.01942
G1 X109.218 Y124.575 E.01703
G1 X108.536 Y124.735 E.0184
G1 X107.888 Y124.999 E.0184
G1 X107.289 Y125.362 E.0184
G1 X106.753 Y125.813 E.0184
G1 X106.295 Y126.343 E.0184
G1 X105.926 Y126.939 E.0184
G1 X105.654 Y127.584 E.0184
G1 X105.487 Y128.264 E.0184
G1 X105.434 Y128.885 E.01637
G1 X105.422 Y131.039 E.05657
G1 X105.467 Y131.661 E.01637
G1 X105.627 Y132.343 E.01839
G1 X105.891 Y132.991 E.0184
G1 X106.254 Y133.591 E.0184
G1 X106.706 Y134.126 E.0184
G1 X107.236 Y134.584 E.0184
G1 X107.831 Y134.953 E.0184
G1 X108.477 Y135.225 E.0184
G1 X109.157 Y135.392 E.0184
G1 X109.68 Y135.437 E.0138
G1 E-1.75
;WIPE_START
G1 X109.855 Y135.451 E-.13146
G1 X110.553 Y135.4 E-.52541
G1 X110.674 Y135.372 E-.09312
;WIPE_END
G1 X112.479 Y132.899 Z3.96 F18000
G1 X112.746 Y132.469
G1 X112.942 Y132.002
G1 X113.063 Y131.51
G1 X113.103 Y131.034
G1 X113.115 Y128.978
G1 X112.729 Y108.975
G1 X112.7 Y108.577
G1 X112.603 Y108.16
G1 X112.441 Y107.764
G1 X112.22 Y107.398
G1 X111.944 Y107.072
G1 X111.62 Y106.792
G1 X111.257 Y106.566
G1 X110.863 Y106.4
G1 X110.447 Y106.298
G1 X110.281 Y106.284
G1 X110.129 Y93.212
G1 X110.099 Y92.799
G1 Z3.76
G1 E2.5 F6000
M204 P1000
;TYPE:Outer wall
;WIDTH:0.42
G1 F3600
G1 X110.382 Y92.778 E.00691
G1 X110.658 Y92.714 E.00693
G1 X110.921 Y92.606 E.00693
G1 X111.165 Y92.459 E.00692
G1 X111.382 Y92.276 E.00692
G1 X111.568 Y92.061 E.00693
G1 X111.717 Y91.82 E.00693
G1 X111.828 Y91.558 E.00693
G1 X111.896 Y91.282 E.00692
G1 X111.918 Y91.011 E.00663
G1 X111.93 Y88.986 E.04934
G1 X111.91 Y88.715 E.00663
G1 X111.845 Y88.439 E.00692
G1 X111.738 Y88.175 E.00693
G1 X111.591 Y87.932 E.00693
G1 X111.408 Y87.715 E.00693
G1 X111.193 Y87.529 E.00692
G1 X110.951 Y87.379 E.00692
G1 X110.689 Y87.269 E.00693
G1 X110.412 Y87.201 E.00696
G1 X110.102 Y87.179 E.00757
G1 X109.847 Y87.198 E.00624
G1 X109.57 Y87.263 E.00693
G1 X109.307 Y87.37 E.00693
G1 X109.064 Y87.517 E.00692
G1 X108.847 Y87.7 E.00692
G1 X108.661 Y87.915 E.00693
G1 X108.511 Y88.157 E.00693
G1 X108.401 Y88.419 E.00693
G1 X108.333 Y88.695 E.00692
G1 X108.31 Y88.966 E.00663
G1 X108.298 Y90.99 E.04934
G1 X108.318 Y91.261 E.00663
G1 X108.383 Y91.538 E.00692
G1 X108.49 Y91.801 E.00693
G1 X108.637 Y92.044 E.00693
G1 X108.821 Y92.262 E.00693
G1 X109.036 Y92.447 E.00692
G1 X109.277 Y92.597 E.00693
G1 X109.539 Y92.707 E.00693
G1 X109.815 Y92.775 E.00693
G1 X110.039 Y92.794 E.00548
G1 X110.004 Y93.206 F18000
G1 X110.067 Y93.212
G1 X110.068 Y93.199
M204 P1500
;TYPE:Inner wall
;WIDTH:0.45
G1 F6000
G1 X110.096 Y93.201 E.00074
G1 X110.442 Y93.176 E.00912
G1 X110.78 Y93.097 E.00912
G1 X111.102 Y92.966 E.00912
G1 X111.399 Y92.786 E.00912
G1 X111.664 Y92.562 E.00912
G1 X111.891 Y92.299 E.00912
G1 X112.074 Y92.004 E.00912
G1 X112.209 Y91.684 E.00912
G1 X112.292 Y91.347 E.00912
G1 X112.319 Y91.029 E.00839
G1 X112.331 Y88.973 E.054
G1 X112.307 Y88.655 E.00839
G1 X112.228 Y88.317 E.00912
G1 X112.097 Y87.995 E.00912
G1 X111.918 Y87.698 E.00912
G1 X111.694 Y87.432 E.00912
G1 X111.431 Y87.206 E.00912
G1 X111.136 Y87.022 E.00912
G1 X110.816 Y86.888 E.00912
G1 X110.474 Y86.804 E.00924
G1 X110.101 Y86.778 E.00981
G1 X109.786 Y86.801 E.0083
G1 X109.448 Y86.88 E.00912
G1 X109.127 Y87.011 E.00912
G1 X108.83 Y87.191 E.00912
G1 X108.564 Y87.415 E.00912
G1 X108.337 Y87.677 E.00912
G1 X108.154 Y87.972 E.00912
G1 X108.019 Y88.293 E.00912
G1 X107.936 Y88.63 E.00912
G1 X107.909 Y88.948 E.00839
G1 X107.898 Y91.004 E.054
G1 X107.921 Y91.322 E.00839
G1 X108 Y91.66 E.00912
G1 X108.131 Y91.982 E.00912
G1 X108.311 Y92.279 E.00912
G1 X108.535 Y92.544 E.00912
G1 X108.798 Y92.771 E.00912
G1 X109.093 Y92.954 E.00912
G1 X109.413 Y93.089 E.00912
G1 X109.75 Y93.172 E.00912
G1 X110.008 Y93.194 E.00681
G1 X110.037 Y93.613 F18000
G1 F6000
G1 X110.093 Y93.618 E.0015
G1 X110.505 Y93.588 E.01084
G1 X110.907 Y93.494 E.01084
G1 X111.289 Y93.338 E.01084
G1 X111.642 Y93.125 E.01083
G1 X111.957 Y92.859 E.01084
G1 X112.227 Y92.546 E.01084
G1 X112.445 Y92.196 E.01084
G1 X112.605 Y91.815 E.01084
G1 X112.704 Y91.415 E.01084
G1 X112.735 Y91.048 E.00968
G1 X112.746 Y88.959 E.05486
G1 X112.72 Y88.592 E.00968
G1 X112.626 Y88.19 E.01084
G1 X112.47 Y87.808 E.01084
G1 X112.256 Y87.455 E.01084
G1 X111.99 Y87.139 E.01084
G1 X111.678 Y86.87 E.01084
G1 X111.327 Y86.652 E.01084
G1 X110.947 Y86.492 E.01084
G1 X110.539 Y86.391 E.01104
G1 X110.101 Y86.361 E.01153
G1 X109.723 Y86.389 E.00993
G1 X109.322 Y86.483 E.01084
G1 X108.939 Y86.638 E.01084
G1 X108.586 Y86.852 E.01084
G1 X108.271 Y87.118 E.01084
G1 X108.001 Y87.43 E.01084
G1 X107.784 Y87.781 E.01084
G1 X107.624 Y88.161 E.01084
G1 X107.525 Y88.562 E.01084
G1 X107.494 Y88.929 E.00968
G1 X107.482 Y91.018 E.05486
G1 X107.509 Y91.385 E.00968
G1 X107.603 Y91.787 E.01084
G1 X107.759 Y92.169 E.01084
G1 X107.972 Y92.522 E.01084
G1 X108.238 Y92.837 E.01084
G1 X108.551 Y93.107 E.01084
G1 X108.901 Y93.325 E.01084
G1 X109.282 Y93.485 E.01084
G1 X109.682 Y93.583 E.01084
G1 X109.977 Y93.608 E.00776
G1 X110.005 Y94.028 F18000
G1 F6000
G1 X110.091 Y94.035 E.00226
G1 X110.568 Y94 E.01256
G1 X111.033 Y93.891 E.01256
G1 X111.476 Y93.711 E.01256
G1 X111.885 Y93.463 E.01255
G1 X112.25 Y93.155 E.01256
G1 X112.563 Y92.793 E.01256
G1 X112.815 Y92.387 E.01256
G1 X113.001 Y91.946 E.01256
G1 X113.115 Y91.482 E.01256
G1 X113.15 Y91.066 E.01096
G1 X113.162 Y88.945 E.05572
G1 X113.132 Y88.529 E.01097
G1 X113.023 Y88.063 E.01255
G1 X112.843 Y87.621 E.01256
G1 X112.595 Y87.212 E.01256
G1 X112.287 Y86.846 E.01256
G1 X111.925 Y86.534 E.01256
G1 X111.519 Y86.282 E.01255
G1 X111.078 Y86.096 E.01256
G1 X110.603 Y85.979 E.01285
G1 X110.1 Y85.944 E.01325
G1 X109.661 Y85.976 E.01157
G1 X109.195 Y86.085 E.01256
G1 X108.752 Y86.266 E.01256
G1 X108.343 Y86.513 E.01255
G1 X107.978 Y86.822 E.01256
G1 X107.665 Y87.183 E.01256
G1 X107.413 Y87.59 E.01256
G1 X107.228 Y88.03 E.01256
G1 X107.113 Y88.494 E.01255
G1 X107.078 Y88.91 E.01097
G1 X107.066 Y91.031 E.05572
G1 X107.097 Y91.448 E.01097
G1 X107.206 Y91.913 E.01255
G1 X107.386 Y92.356 E.01256
G1 X107.633 Y92.765 E.01256
G1 X107.942 Y93.13 E.01256
G1 X108.304 Y93.443 E.01256
G1 X108.71 Y93.695 E.01255
G1 X109.151 Y93.881 E.01256
G1 X109.615 Y93.995 E.01256
G1 X109.945 Y94.023 E.00872
G1 X110.204 Y94.444 F18000
G1 F6000
G1 X110.631 Y94.412 E.01125
G1 X111.16 Y94.289 E.01427
G1 X111.663 Y94.083 E.01428
G1 X112.128 Y93.802 E.01427
G1 X112.544 Y93.452 E.01428
G1 X112.899 Y93.04 E.01428
G1 X113.186 Y92.578 E.01428
G1 X113.397 Y92.077 E.01428
G1 X113.526 Y91.55 E.01427
G1 X113.566 Y91.085 E.01225
G1 X113.578 Y88.931 E.05657
G1 X113.544 Y88.466 E.01225
G1 X113.42 Y87.937 E.01427
G1 X113.215 Y87.434 E.01428
G1 X112.934 Y86.968 E.01428
G1 X112.583 Y86.553 E.01428
G1 X112.172 Y86.198 E.01428
G1 X111.71 Y85.911 E.01427
G1 X111.209 Y85.7 E.01428
G1 X110.668 Y85.567 E.01465
G1 X110.099 Y85.528 E.01497
G1 X109.598 Y85.564 E.0132
G1 X109.069 Y85.688 E.01428
G1 X108.565 Y85.893 E.01428
G1 X108.1 Y86.174 E.01427
G1 X107.685 Y86.525 E.01428
G1 X107.329 Y86.936 E.01428
G1 X107.043 Y87.398 E.01428
G1 X106.832 Y87.899 E.01428
G1 X106.702 Y88.427 E.01427
G1 X106.663 Y88.892 E.01225
G1 X106.65 Y91.045 E.05657
G1 X106.684 Y91.511 E.01225
G1 X106.808 Y92.04 E.01427
G1 X107.013 Y92.543 E.01428
G1 X107.295 Y93.008 E.01428
G1 X107.645 Y93.424 E.01428
G1 X108.057 Y93.779 E.01428
G1 X108.518 Y94.065 E.01427
G1 X109.019 Y94.276 E.01428
G1 X109.547 Y94.406 E.01428
G1 X110.089 Y94.452 E.01428
G1 X110.144 Y94.448 E.00145
G1 E-1.75
;WIPE_START
G1 X110.631 Y94.412 E-.36616
G1 X111.129 Y94.296 E-.38384
;WIPE_END
G1 X111.546 Y98.089 Z3.96 F18000
G1 X112.7 Y108.577 Z3.96
G1 X112.729 Y108.975
G1 X112.718 Y111.032
G1 X112.684 Y111.43
G1 X112.582 Y111.845
G1 X112.416 Y112.239
G1 X112.19 Y112.603
G1 X111.911 Y112.926
G1 X111.584 Y113.202
G1 X111.218 Y113.424
G1 X110.822 Y113.585
G1 X110.405 Y113.683
G1 X109.979 Y113.714
G1 X109.946 Y113.711
G1 X109.981 Y113.299
G1 Z3.76
G1 E2.5 F6000
M204 P1000
;TYPE:Outer wall
;WIDTH:0.42
G1 F3600
G1 X109.981 Y113.299 E.00001
G1 X110.343 Y113.272 E.00884
G1 X110.697 Y113.189 E.00887
G1 X111.061 Y113.035 E.00963
G1 X111.342 Y112.865 E.008
G1 X111.619 Y112.631 E.00884
G1 X111.856 Y112.357 E.00884
G1 X112.047 Y112.049 E.00884
G1 X112.188 Y111.715 E.00884
G1 X112.275 Y111.362 E.00884
G1 X112.304 Y111.013 E.00854
G1 X112.316 Y108.989 E.04934
G1 X112.29 Y108.64 E.00854
G1 X112.208 Y108.286 E.00884
G1 X112.071 Y107.951 E.00884
G1 X111.883 Y107.64 E.00884
G1 X111.649 Y107.363 E.00884
G1 X111.375 Y107.126 E.00884
G1 X111.067 Y106.935 E.00884
G1 X110.732 Y106.794 E.00884
G1 X110.379 Y106.707 E.00887
G1 X109.985 Y106.68 E.00963
G1 X109.657 Y106.703 E.008
G1 X109.304 Y106.786 E.00884
G1 X108.968 Y106.923 E.00884
G1 X108.658 Y107.111 E.00884
G1 X108.381 Y107.345 E.00884
G1 X108.166 Y107.593 E.008
G1 X107.953 Y107.926 E.00963
G1 X107.812 Y108.261 E.00887
G1 X107.725 Y108.613 E.00884
G1 X107.696 Y108.963 E.00854
G1 X107.684 Y110.987 E.04934
G1 X107.71 Y111.336 E.00854
G1 X107.792 Y111.69 E.00884
G1 X107.929 Y112.025 E.00884
G1 X108.117 Y112.336 E.00884
G1 X108.351 Y112.613 E.00884
G1 X108.625 Y112.85 E.00884
G1 X108.933 Y113.041 E.00884
G1 X109.268 Y113.182 E.00884
G1 X109.62 Y113.268 E.00884
G1 X109.921 Y113.294 E.00736
G1 X109.886 Y113.706 F18000
G1 X109.979 Y113.714
G1 X110.008 Y113.712
G1 X110.007 Y113.699
M204 P1500
;TYPE:Inner wall
;WIDTH:0.45
G1 F6000
G1 X110.403 Y113.67 E.01045
G1 X110.822 Y113.572 E.0113
G1 X111.244 Y113.393 E.01204
G1 X111.576 Y113.192 E.0102
G1 X111.902 Y112.917 E.01118
G1 X112.18 Y112.595 E.01118
G1 X112.404 Y112.233 E.01118
G1 X112.57 Y111.841 E.01118
G1 X112.671 Y111.428 E.01118
G1 X112.705 Y111.031 E.01045
G1 X112.716 Y108.976 E.054
G1 X112.688 Y108.579 E.01045
G1 X112.591 Y108.164 E.01118
G1 X112.43 Y107.77 E.01118
G1 X112.21 Y107.406 E.01118
G1 X111.935 Y107.081 E.01118
G1 X111.613 Y106.802 E.01118
G1 X111.251 Y106.578 E.01118
G1 X110.859 Y106.413 E.01118
G1 X110.441 Y106.31 E.0113
G1 X109.984 Y106.278 E.01204
G1 X109.597 Y106.306 E.0102
G1 X109.182 Y106.403 E.01118
G1 X108.788 Y106.564 E.01118
G1 X108.424 Y106.784 E.01118
G1 X108.098 Y107.059 E.01118
G1 X107.845 Y107.353 E.0102
G1 X107.597 Y107.739 E.01204
G1 X107.43 Y108.135 E.0113
G1 X107.329 Y108.548 E.01118
G1 X107.295 Y108.945 E.01045
G1 X107.284 Y111 E.054
G1 X107.312 Y111.397 E.01045
G1 X107.409 Y111.812 E.01118
G1 X107.57 Y112.206 E.01118
G1 X107.79 Y112.57 E.01118
G1 X108.065 Y112.895 E.01118
G1 X108.387 Y113.174 E.01118
G1 X108.749 Y113.398 E.01118
G1 X109.141 Y113.563 E.01118
G1 X109.555 Y113.665 E.01118
G1 X109.947 Y113.698 E.01034
G1 X110.033 Y114.114 F18000
G1 F6000
G1 X110.466 Y114.082 E.0114
G1 X110.952 Y113.968 E.01309
G1 X111.434 Y113.764 E.01376
G1 X111.819 Y113.53 E.01184
G1 X112.195 Y113.214 E.0129
G1 X112.516 Y112.842 E.0129
G1 X112.775 Y112.425 E.0129
G1 X112.965 Y111.972 E.0129
G1 X113.083 Y111.495 E.0129
G1 X113.12 Y111.05 E.01173
G1 X113.132 Y108.962 E.05486
G1 X113.1 Y108.516 E.01174
G1 X112.988 Y108.038 E.0129
G1 X112.802 Y107.583 E.0129
G1 X112.548 Y107.163 E.0129
G1 X112.231 Y106.788 E.0129
G1 X111.86 Y106.466 E.0129
G1 X111.443 Y106.207 E.0129
G1 X110.99 Y106.017 E.0129
G1 X110.506 Y105.898 E.01309
G1 X109.983 Y105.861 E.01376
G1 X109.534 Y105.894 E.01184
G1 X109.056 Y106.006 E.0129
G1 X108.601 Y106.191 E.0129
G1 X108.181 Y106.445 E.0129
G1 X107.805 Y106.762 E.0129
G1 X107.511 Y107.103 E.01184
G1 X107.228 Y107.544 E.01376
G1 X107.035 Y108.004 E.01309
G1 X106.917 Y108.481 E.0129
G1 X106.88 Y108.926 E.01173
G1 X106.868 Y111.014 E.05486
G1 X106.9 Y111.46 E.01174
G1 X107.012 Y111.938 E.0129
G1 X107.198 Y112.393 E.0129
G1 X107.452 Y112.813 E.0129
G1 X107.769 Y113.188 E.0129
G1 X108.14 Y113.509 E.0129
G1 X108.557 Y113.768 E.0129
G1 X109.01 Y113.959 E.0129
G1 X109.487 Y114.076 E.0129
G1 X109.973 Y114.117 E.01282
G1 X110.06 Y114.528 F18000
G1 F6000
G1 X110.529 Y114.494 E.01236
G1 X111.081 Y114.365 E.01489
G1 X111.623 Y114.135 E.01548
G1 X112.063 Y113.869 E.01348
G1 X112.488 Y113.51 E.01462
G1 X112.852 Y113.089 E.01462
G1 X113.145 Y112.616 E.01462
G1 X113.361 Y112.103 E.01462
G1 X113.494 Y111.563 E.01462
G1 X113.536 Y111.069 E.01302
G1 X113.548 Y108.948 E.05572
G1 X113.512 Y108.453 E.01302
G1 X113.385 Y107.911 E.01462
G1 X113.175 Y107.396 E.01462
G1 X112.887 Y106.92 E.01462
G1 X112.528 Y106.494 E.01462
G1 X112.107 Y106.131 E.01462
G1 X111.634 Y105.837 E.01462
G1 X111.121 Y105.621 E.01462
G1 X110.571 Y105.486 E.01489
G1 X109.983 Y105.444 E.01548
G1 X109.471 Y105.482 E.01348
G1 X108.929 Y105.609 E.01462
G1 X108.414 Y105.819 E.01462
G1 X107.937 Y106.107 E.01462
G1 X107.512 Y106.466 E.01462
G1 X107.177 Y106.854 E.01348
G1 X106.859 Y107.35 E.01548
G1 X106.639 Y107.873 E.01489
G1 X106.506 Y108.413 E.01462
G1 X106.464 Y108.907 E.01302
G1 X106.452 Y111.028 E.05572
G1 X106.488 Y111.523 E.01302
G1 X106.615 Y112.065 E.01462
G1 X106.825 Y112.58 E.01462
G1 X107.113 Y113.056 E.01462
G1 X107.472 Y113.482 E.01462
G1 X107.893 Y113.845 E.01462
G1 X108.366 Y114.139 E.01462
G1 X108.879 Y114.355 E.01462
G1 X109.419 Y114.488 E.01462
G1 X109.974 Y114.535 E.01462
G1 X110 Y114.533 E.00068
G1 X110.086 Y114.943 F18000
G1 F6000
G1 X110.592 Y114.906 E.01332
G1 X111.211 Y114.762 E.01669
G1 X111.813 Y114.506 E.01719
G1 X112.306 Y114.208 E.01512
G1 X112.781 Y113.807 E.01634
G1 X113.188 Y113.336 E.01634
G1 X113.516 Y112.808 E.01634
G1 X113.757 Y112.234 E.01634
G1 X113.906 Y111.63 E.01634
G1 X113.951 Y111.087 E.01431
G1 X113.964 Y108.934 E.05657
G1 X113.924 Y108.39 E.01431
G1 X113.782 Y107.785 E.01634
G1 X113.548 Y107.209 E.01634
G1 X113.226 Y106.677 E.01634
G1 X112.824 Y106.201 E.01634
G1 X112.354 Y105.795 E.01634
G1 X111.825 Y105.467 E.01634
G1 X111.252 Y105.225 E.01634
G1 X110.635 Y105.073 E.01669
G1 X109.982 Y105.028 E.01719
G1 X109.408 Y105.07 E.01512
G1 X108.802 Y105.211 E.01634
G1 X108.226 Y105.446 E.01634
G1 X107.694 Y105.768 E.01634
G1 X107.219 Y106.169 E.01634
G1 X106.843 Y106.605 E.01512
G1 X106.49 Y107.156 E.0172
G1 X106.243 Y107.742 E.01669
G1 X106.094 Y108.346 E.01634
G1 X106.049 Y108.888 E.01431
G1 X106.036 Y111.042 E.05657
G1 X106.076 Y111.586 E.01431
G1 X106.218 Y112.191 E.01634
G1 X106.452 Y112.767 E.01634
G1 X106.774 Y113.299 E.01634
G1 X107.176 Y113.775 E.01634
G1 X107.646 Y114.181 E.01634
G1 X108.175 Y114.509 E.01634
G1 X108.748 Y114.751 E.01634
G1 X109.352 Y114.899 E.01634
G1 X109.972 Y114.952 E.01634
G1 X110.027 Y114.948 E.00145
G1 X108.08 Y114.647 F18000
M204 P2000
;TYPE:Internal solid infill
;WIDTH:0.421915
G1 F6000
G1 X101.171 Y114.647 E.1692
G1 X101.174 Y114.259 E.00949
G1 X107.216 Y114.259 E.14799
G1 X106.933 Y114.015 E.00916
G1 X106.812 Y113.872 E.00458
G1 X101.176 Y113.872 E.13804
G1 X101.178 Y113.484 E.00949
G1 X106.488 Y113.484 E.13006
G1 X106.254 Y113.097 E.01109
G1 X101.18 Y113.097 E.12426
G1 X101.183 Y112.709 E.00949
G1 X106.061 Y112.709 E.11949
G1 X105.903 Y112.322 E.01025
G1 X101.185 Y112.322 E.11556
G1 X101.187 Y111.934 E.00949
G1 X105.808 Y111.934 E.11317
G1 X105.732 Y111.546 E.00967
G1 X101.189 Y111.546 E.11126
G1 X101.191 Y111.159 E.00949
G1 X105.703 Y111.159 E.11051
G1 X105.697 Y110.771 E.00949
G1 X101.194 Y110.771 E.11031
G1 X101.196 Y110.384 E.00949
G1 X105.699 Y110.384 E.11031
G1 X105.702 Y109.996 E.00949
G1 X101.198 Y109.996 E.11031
G1 X101.2 Y109.608 E.00949
G1 X105.704 Y109.608 E.11031
G1 X105.706 Y109.221 E.00949
G1 X101.202 Y109.221 E.11031
G1 X101.205 Y108.833 E.00949
G1 X105.711 Y108.833 E.11038
G1 X105.744 Y108.446 E.00953
G1 X101.207 Y108.446 E.11113
G1 X101.209 Y108.058 E.00949
G1 X105.814 Y108.058 E.1128
G1 X105.91 Y107.671 E.00978
G1 X101.211 Y107.671 E.11508
G1 X101.214 Y107.283 E.00949
G1 X106.067 Y107.283 E.11887
G1 X106.187 Y106.997 E.0076
G1 X106.252 Y106.895 E.00296
G1 X101.216 Y106.895 E.12335
G1 X101.218 Y106.508 E.00949
G1 X106.5 Y106.508 E.12938
G1 X106.569 Y106.401 E.00312
G1 X106.811 Y106.12 E.00908
G1 X101.22 Y106.12 E.13694
G1 X101.222 Y105.733 E.00949
G1 X107.208 Y105.733 E.14661
G1 X107.495 Y105.491 E.00919
G1 X107.735 Y105.345 E.00688
G1 X101.225 Y105.345 E.15947
G1 X101.227 Y104.958 E.00949
G1 X109.154 Y104.958 E.19416
G1 X109.201 Y94.493 F18000
G1 F6000
G1 X101.287 Y94.493 E.19383
G1 X101.289 Y94.105 E.00949
G1 X107.937 Y94.105 E.16283
G1 X107.854 Y94.054 E.00238
G1 X107.465 Y93.718 E.0126
G1 X101.291 Y93.718 E.15122
G1 X101.293 Y93.33 E.00949
G1 X107.121 Y93.33 E.14274
G1 X107.017 Y93.207 E.00394
G1 X106.857 Y92.943 E.00758
G1 X101.295 Y92.943 E.13622
G1 X101.298 Y92.555 E.00949
G1 X106.65 Y92.555 E.13111
G1 X106.493 Y92.167 E.01025
G1 X101.3 Y92.167 E.12718
G1 X101.302 Y91.78 E.00949
G1 X106.398 Y91.78 E.12481
G1 X106.347 Y91.562 E.00547
G1 X106.334 Y91.392 E.00417
G1 X101.304 Y91.392 E.1232
G1 X101.306 Y91.005 E.00949
G1 X106.31 Y91.005 E.12255
G1 X106.312 Y90.617 E.00949
G1 X101.309 Y90.617 E.12255
G1 X101.311 Y90.229 E.00949
G1 X106.315 Y90.229 E.12255
G1 X106.317 Y89.842 E.00949
G1 X101.313 Y89.842 E.12255
G1 X101.315 Y89.454 E.00949
G1 X106.319 Y89.454 E.12255
G1 X106.321 Y89.067 E.00949
G1 X101.318 Y89.067 E.12255
G1 X101.32 Y88.679 E.00949
G1 X106.339 Y88.679 E.12293
G1 X106.385 Y88.292 E.00956
G1 X101.322 Y88.292 E.124
G1 X101.324 Y87.904 E.00949
G1 X106.48 Y87.904 E.12628
G1 X106.508 Y87.792 E.00283
G1 X106.624 Y87.516 E.00732
G1 X101.326 Y87.516 E.12974
G1 X101.329 Y87.129 E.00949
G1 X106.809 Y87.129 E.13423
G1 X107.05 Y86.741 E.01117
G1 X101.331 Y86.741 E.14007
G1 X101.333 Y86.354 E.00949
G1 X107.383 Y86.354 E.14817
G1 X107.445 Y86.282 E.00232
G1 X107.819 Y85.966 E.012
G1 X101.335 Y85.966 E.15881
G1 X101.337 Y85.579 E.00949
G1 X108.895 Y85.579 E.18509
G1 X119.146 Y80.152 F18000
G1 F6000
G1 X104.08 Y80.152 E.369
G1 X103.688 Y80.54 E.0135
G1 X118.97 Y80.54 E.3743
G1 X118.968 Y80.928 E.00949
G1 X103.296 Y80.928 E.38384
G1 X102.904 Y81.315 E.0135
G1 X118.966 Y81.315 E.39339
G1 X118.963 Y81.703 E.00949
G1 X102.512 Y81.703 E.40294
G1 X102.12 Y82.09 E.0135
G1 X118.961 Y82.09 E.41249
G1 X118.959 Y82.478 E.00949
G1 X101.728 Y82.478 E.42203
G1 X101.353 Y82.849 E.01292
G1 X101.353 Y82.865 E.00041
G1 X118.957 Y82.865 E.43117
G1 X118.955 Y83.253 E.00949
G1 X101.351 Y83.253 E.43117
G1 X101.349 Y83.641 E.00949
G1 X118.952 Y83.641 E.43117
G1 X118.95 Y84.028 E.00949
G1 X101.346 Y84.028 E.43117
G1 X101.344 Y84.416 E.00949
G1 X118.948 Y84.416 E.43117
G1 X118.946 Y84.803 E.00949
G1 X101.342 Y84.803 E.43117
G1 X101.34 Y85.191 E.00949
G1 X118.944 Y85.191 E.43117
G1 X118.941 Y85.579 E.00949
G1 X111.798 Y85.579 E.17497
G1 X112.425 Y85.966 E.01805
G1 X118.939 Y85.966 E.15956
G1 X118.937 Y86.354 E.00949
G1 X112.86 Y86.354 E.14883
G1 X113.188 Y86.741 E.01242
G1 X118.935 Y86.741 E.14076
G1 X118.932 Y87.129 E.00949
G1 X113.429 Y87.129 E.1348
G1 X113.52 Y87.28 E.00433
G1 X113.617 Y87.516 E.00625
G1 X118.93 Y87.516 E.13015
G1 X118.928 Y87.904 E.00949
G1 X113.762 Y87.904 E.12652
G1 X113.853 Y88.292 E.00975
G1 X118.926 Y88.292 E.12425
G1 X118.924 Y88.679 E.00949
G1 X113.901 Y88.679 E.12302
G1 X113.918 Y89.067 E.0095
G1 X118.921 Y89.067 E.12255
G1 X118.919 Y89.454 E.00949
G1 X113.916 Y89.454 E.12255
G1 X113.913 Y89.842 E.00949
G1 X118.917 Y89.842 E.12255
G1 X118.915 Y90.229 E.00949
G1 X113.911 Y90.229 E.12255
G1 X113.909 Y90.617 E.00949
G1 X118.913 Y90.617 E.12255
G1 X118.91 Y91.005 E.00949
G1 X113.907 Y91.005 E.12255
G1 X113.881 Y91.392 E.00951
G1 X118.908 Y91.392 E.12312
G1 X118.906 Y91.78 E.00949
G1 X113.821 Y91.78 E.12456
G1 X113.725 Y92.167 E.00978
G1 X118.904 Y92.167 E.12684
G1 X118.901 Y92.555 E.00949
G1 X113.565 Y92.555 E.13071
G1 X113.489 Y92.735 E.00479
G1 X113.36 Y92.943 E.00598
G1 X118.899 Y92.943 E.13566
G1 X118.897 Y93.33 E.00949
G1 X113.099 Y93.33 E.14202
G1 X112.756 Y93.718 E.01266
G1 X118.895 Y93.718 E.15035
G1 X118.893 Y94.105 E.00949
G1 X112.285 Y94.105 E.16184
G1 X111.817 Y94.389 E.0134
G1 X111.561 Y94.493 E.00677
G1 X118.89 Y94.493 E.17952
G1 X118.888 Y94.88 E.00949
G1 X101.284 Y94.88 E.43117
G1 X101.282 Y95.268 E.00949
G1 X118.886 Y95.268 E.43117
G1 X118.884 Y95.656 E.00949
G1 X101.28 Y95.656 E.43117
G1 X101.278 Y96.043 E.00949
G1 X118.882 Y96.043 E.43117
G1 X118.879 Y96.431 E.00949
G1 X101.275 Y96.431 E.43117
G1 X101.273 Y96.818 E.00949
G1 X118.877 Y96.818 E.43117
G1 X118.875 Y97.206 E.00949
G1 X101.271 Y97.206 E.43117
G1 X101.269 Y97.593 E.00949
G1 X118.873 Y97.593 E.43117
G1 X118.871 Y97.981 E.00949
G1 X101.267 Y97.981 E.43117
G1 X101.264 Y98.369 E.00949
G1 X118.868 Y98.369 E.43117
G1 X118.866 Y98.756 E.00949
G1 X101.262 Y98.756 E.43117
G1 X101.26 Y99.144 E.00949
G1 X118.864 Y99.144 E.43117
G1 X118.862 Y99.531 E.00949
G1 X101.258 Y99.531 E.43117
G1 X101.256 Y99.919 E.00949
G1 X118.859 Y99.919 E.43117
G1 X118.857 Y100.307 E.00949
G1 X101.253 Y100.307 E.43117
G1 X101.251 Y100.694 E.00949
G1 X118.855 Y100.694 E.43117
G1 X118.853 Y101.082 E.00949
G1 X101.249 Y101.082 E.43117
G1 X101.247 Y101.469 E.00949
G1 X118.851 Y101.469 E.43117
G1 X118.848 Y101.857 E.00949
G1 X101.245 Y101.857 E.43117
G1 X101.242 Y102.244 E.00949
G1 X118.846 Y102.244 E.43117
G1 X118.844 Y102.632 E.00949
G1 X101.24 Y102.632 E.43117
G1 X101.238 Y103.02 E.00949
G1 X118.842 Y103.02 E.43117
G1 X118.84 Y103.407 E.00949
G1 X101.236 Y103.407 E.43117
G1 X101.233 Y103.795 E.00949
G1 X118.837 Y103.795 E.43117
G1 X118.835 Y104.182 E.00949
G1 X101.231 Y104.182 E.43117
G1 X101.229 Y104.57 E.00949
G1 X118.833 Y104.57 E.43117
G1 X118.831 Y104.958 E.00949
G1 X111.494 Y104.958 E.1797
G1 X111.982 Y105.163 E.01298
G1 X112.275 Y105.345 E.00845
G1 X118.828 Y105.345 E.1605
G1 X118.826 Y105.733 E.00949
G1 X112.803 Y105.733 E.14753
G1 X113.067 Y105.961 E.00856
G1 X113.202 Y106.12 E.0051
G1 X118.824 Y106.12 E.13771
G1 X118.822 Y106.508 E.00949
G1 X113.522 Y106.508 E.12982
G1 X113.756 Y106.895 E.01109
G1 X118.82 Y106.895 E.12402
G1 X118.817 Y107.283 E.00949
G1 X113.946 Y107.283 E.11932
G1 X114.104 Y107.671 E.01025
G1 X118.815 Y107.671 E.1154
G1 X118.813 Y108.058 E.00949
G1 X114.196 Y108.058 E.11308
G1 X114.262 Y108.339 E.00706
G1 X114.27 Y108.446 E.00263
G1 X118.811 Y108.446 E.11122
G1 X118.809 Y108.833 E.00949
G1 X114.298 Y108.833 E.11048
G1 X114.303 Y109.221 E.00949
G1 X118.806 Y109.221 E.11031
G1 X118.804 Y109.608 E.00949
G1 X114.3 Y109.608 E.11031
G1 X114.298 Y109.996 E.00949
G1 X118.802 Y109.996 E.11031
G1 X118.8 Y110.384 E.00949
G1 X114.296 Y110.384 E.11031
G1 X114.294 Y110.771 E.00949
G1 X118.797 Y110.771 E.11031
G1 X118.795 Y111.159 E.00949
G1 X114.287 Y111.159 E.11041
G1 X114.254 Y111.546 E.00953
G1 X118.793 Y111.546 E.11116
G1 X118.791 Y111.934 E.00949
G1 X114.182 Y111.934 E.11289
G1 X114.086 Y112.322 E.00978
G1 X118.789 Y112.322 E.11517
G1 X118.786 Y112.709 E.00949
G1 X113.927 Y112.709 E.11903
G1 X113.819 Y112.964 E.00678
G1 X113.737 Y113.097 E.00381
G1 X118.784 Y113.097 E.12362
G1 X118.782 Y113.484 E.00949
G1 X113.496 Y113.484 E.12946
G1 X113.175 Y113.872 E.01234
G1 X118.78 Y113.872 E.13728
G1 X118.778 Y114.259 E.00949
G1 X112.773 Y114.259 E.14708
G1 X112.505 Y114.485 E.00858
G1 X112.238 Y114.647 E.00765
G1 X118.775 Y114.647 E.16012
G1 X118.773 Y115.035 E.00949
G1 X111.439 Y115.035 E.17963
G1 X111.317 Y115.086 E.00326
G1 X110.643 Y115.244 E.01693
G1 X109.97 Y115.293 E.01655
G1 X109.297 Y115.236 E.01655
G1 X108.64 Y115.075 E.01655
G1 X108.545 Y115.035 E.00255
G1 X101.169 Y115.035 E.18065
G1 X101.167 Y115.422 E.00949
G1 X118.771 Y115.422 E.43117
G1 X118.769 Y115.81 E.00949
G1 X101.165 Y115.81 E.43117
G1 X101.163 Y116.197 E.00949
G1 X118.766 Y116.197 E.43117
G1 X118.764 Y116.585 E.00949
G1 X101.16 Y116.585 E.43117
G1 X101.158 Y116.972 E.00949
G1 X118.762 Y116.972 E.43117
G1 X118.76 Y117.36 E.00949
G1 X101.156 Y117.36 E.43117
G1 X101.154 Y117.748 E.00949
G1 X118.758 Y117.748 E.43117
G1 X118.755 Y118.135 E.00949
G1 X101.152 Y118.135 E.43117
G1 X101.149 Y118.523 E.00949
G1 X118.753 Y118.523 E.43117
G1 X118.751 Y118.91 E.00949
G1 X101.147 Y118.91 E.43117
G1 X101.145 Y119.298 E.00949
G1 X118.749 Y119.298 E.43117
G1 X118.747 Y119.686 E.00949
G1 X101.143 Y119.686 E.43117
G1 X101.14 Y120.073 E.00949
G1 X118.744 Y120.073 E.43117
G1 X118.742 Y120.461 E.00949
G1 X101.138 Y120.461 E.43117
G1 X101.136 Y120.848 E.00949
G1 X118.74 Y120.848 E.43117
G1 X118.738 Y121.236 E.00949
G1 X101.134 Y121.236 E.43117
G1 X101.132 Y121.623 E.00949
G1 X118.735 Y121.623 E.43117
G1 X118.733 Y122.011 E.00949
G1 X101.129 Y122.011 E.43117
G1 X101.127 Y122.399 E.00949
G1 X118.731 Y122.399 E.43117
G1 X118.729 Y122.786 E.00949
G1 X101.125 Y122.786 E.43117
G1 X101.123 Y123.174 E.00949
G1 X118.727 Y123.174 E.43117
G1 X118.724 Y123.561 E.00949
G1 X101.121 Y123.561 E.43117
G1 X101.118 Y123.949 E.00949
G1 X118.722 Y123.949 E.43117
G1 X118.72 Y124.336 E.00949
G1 X101.116 Y124.336 E.43117
G1 X101.114 Y124.724 E.00949
G1 X107.684 Y124.724 E.16093
G1 X107.057 Y125.112 E.01807
G1 X101.112 Y125.112 E.14561
G1 X101.109 Y125.499 E.00949
G1 X106.597 Y125.499 E.13441
G1 X106.513 Y125.57 E.0027
G1 X106.24 Y125.887 E.01024
G1 X101.107 Y125.887 E.12571
G1 X101.105 Y126.274 E.00949
G1 X105.937 Y126.274 E.11836
G1 X105.697 Y126.662 E.01117
G1 X101.103 Y126.662 E.11252
G1 X101.101 Y127.05 E.00949
G1 X105.51 Y127.05 E.10799
G1 X105.347 Y127.437 E.0103
G1 X101.098 Y127.437 E.10405
G1 X101.096 Y127.825 E.00949
G1 X105.244 Y127.825 E.1016
G1 X105.149 Y128.212 E.00977
G1 X101.094 Y128.212 E.09933
G1 X101.092 Y128.6 E.00949
G1 X105.117 Y128.6 E.09858
G1 X105.093 Y128.987 E.00951
G1 X101.09 Y128.987 E.09806
G1 X101.087 Y129.375 E.00949
G1 X105.091 Y129.375 E.09806
G1 X105.089 Y129.763 E.00949
G1 X101.085 Y129.763 E.09806
G1 X101.083 Y130.15 E.00949
G1 X105.087 Y130.15 E.09806
G1 X105.084 Y130.538 E.00949
G1 X101.081 Y130.538 E.09806
G1 X101.078 Y130.925 E.00949
G1 X105.082 Y130.925 E.09806
G1 X105.101 Y131.313 E.0095
G1 X101.076 Y131.313 E.09857
G1 X101.074 Y131.7 E.00949
G1 X105.129 Y131.7 E.09931
G1 X105.218 Y132.088 E.00974
G1 X101.072 Y132.088 E.10154
G1 X101.07 Y132.476 E.00949
G1 X105.313 Y132.476 E.10394
G1 X105.471 Y132.863 E.01025
G1 X101.067 Y132.863 E.10786
G1 X101.065 Y133.251 E.00949
G1 X105.65 Y133.251 E.1123
G1 X105.885 Y133.638 E.01109
G1 X101.063 Y133.638 E.1181
G1 X101.061 Y134.026 E.00949
G1 X106.176 Y134.026 E.12528
G1 X106.518 Y134.414 E.01266
G1 X101.059 Y134.414 E.13371
G1 X101.056 Y134.801 E.00949
G1 X106.966 Y134.801 E.14475
G1 X107.034 Y134.859 E.00217
G1 X107.565 Y135.189 E.01531
G1 X101.054 Y135.189 E.15946
G1 X101.052 Y135.576 E.00949
G1 X108.479 Y135.576 E.18191
G1 X109.101 Y135.729 E.01569
G1 X109.853 Y135.793 E.01847
G1 X110.605 Y135.738 E.01847
G1 X111.296 Y135.576 E.01738
G1 X118.656 Y135.576 E.18027
G1 X118.654 Y135.964 E.00949
G1 X101.05 Y135.964 E.43117
G1 X101.048 Y136.351 E.00949
G1 X118.651 Y136.351 E.43117
G1 X118.649 Y136.739 E.00949
G1 X101.045 Y136.739 E.43117
G1 X101.043 Y137.127 E.00949
G1 X118.647 Y137.127 E.43117
G1 X118.645 Y137.514 E.00949
G1 X101.041 Y137.514 E.43117
G1 X101.039 Y137.902 E.00949
G1 X118.643 Y137.902 E.43117
G1 X118.64 Y138.289 E.00949
G1 X101.036 Y138.289 E.43117
G1 X101.034 Y138.677 E.00949
G1 X118.638 Y138.677 E.43117
G1 X118.636 Y139.064 E.00949
G1 X101.032 Y139.064 E.43117
G1 X101.03 Y139.452 E.00949
G1 X118.807 Y139.452 E.43542
G1 X118.832 Y135.189 F18000
G1 F6000
G1 X112.191 Y135.189 E.16265
G1 X112.682 Y134.891 E.01407
G1 X112.789 Y134.801 E.00343
G1 X118.66 Y134.801 E.1438
G1 X118.662 Y134.414 E.00949
G1 X113.248 Y134.414 E.13261
G1 X113.586 Y134.026 E.01259
G1 X118.665 Y134.026 E.12439
G1 X118.667 Y133.638 E.00949
G1 X113.873 Y133.638 E.11741
G1 X114.114 Y133.251 E.01117
G1 X118.669 Y133.251 E.11157
G1 X118.671 Y132.863 E.00949
G1 X114.288 Y132.863 E.10735
G1 X114.447 Y132.476 E.01026
G1 X118.673 Y132.476 E.10351
G1 X118.676 Y132.088 E.00949
G1 X114.543 Y132.088 E.10123
G1 X114.627 Y131.7 E.00972
G1 X118.678 Y131.7 E.09921
G1 X118.68 Y131.313 E.00949
G1 X114.66 Y131.313 E.09846
G1 X114.679 Y130.925 E.0095
G1 X118.682 Y130.925 E.09806
G1 X118.685 Y130.538 E.00949
G1 X114.681 Y130.538 E.09806
G1 X114.683 Y130.15 E.00949
G1 X118.687 Y130.15 E.09806
G1 X118.689 Y129.763 E.00949
G1 X114.685 Y129.763 E.09806
G1 X114.688 Y129.375 E.00949
G1 X118.691 Y129.375 E.09806
G1 X118.693 Y128.987 E.00949
G1 X114.69 Y128.987 E.09806
G1 X114.666 Y128.6 E.00951
G1 X118.696 Y128.6 E.09869
G1 X118.698 Y128.212 E.00949
G1 X114.63 Y128.212 E.09963
G1 X114.539 Y127.825 E.00975
G1 X118.7 Y127.825 E.10191
G1 X118.702 Y127.437 E.00949
G1 X114.433 Y127.437 E.10458
G1 X114.275 Y127.05 E.01025
G1 X118.704 Y127.05 E.1085
G1 X118.707 Y126.662 E.00949
G1 X114.083 Y126.662 E.11324
G1 X113.849 Y126.274 E.01109
G1 X118.709 Y126.274 E.11903
G1 X118.711 Y125.887 E.00949
G1 X113.543 Y125.887 E.12658
G1 X113.309 Y125.609 E.0089
G1 X113.181 Y125.499 E.00412
G1 X118.713 Y125.499 E.13549
G1 X118.716 Y125.112 E.00949
G1 X112.731 Y125.112 E.14659
G1 X112.106 Y124.724 E.018
G1 X118.891 Y124.724 E.16619
; stop printing object pigtail_slot_coupon.stl id:2099807082496 copy 0
;LAYER_CHANGE
;Z:3.92
;HEIGHT:0.16
G92 E0 ; zero the extruded length again
; BEFORE_LAYER_CHANGE 23 @ 3.92mm
G1 E-1.75 F6000
;WIPE_START
G1 X117.891 Y124.724 E-.75
;WIPE_END
; AFTER_LAYER_CHANGE 23 @ 3.92mm
;_SET_FAN_SPEED_CHANGING_LAYER
; printing object pigtail_slot_coupon.stl id:2099807082496 copy 0
G1 F18000
G1 X117.74 Y125.23 Z3.94857
G1 X117.25 Y125.427 Z3.97714
G1 X116.79 Y125.166 Z4.00571
G1 X116.708 Y124.645 Z4.03429
G1 X117.064 Y124.255 Z4.06286
G1 X117.59 Y124.29 Z4.09143
G1 X117.891 Y124.724 Z4.12
G1 X120.608 Y141.839 Z4.12
G1 Z3.92
G1 E2.5 F6000
M204 P1000
;TYPE:Outer wall
;WIDTH:0.42
G1 F3600
G1 X99.029 Y141.716 E.52594
G1 X99.37 Y82.014 E1.45507
G1 X103.269 Y78.159 E.13363
G1 X103.902 Y78.163 E.01543
G1 X120.971 Y78.26 E.41603
G1 X120.609 Y141.779 E1.54809
G1 E-1.75 F6000
;WIPE_START
G1 F3600
G1 X119.609 Y141.776 E-.75
;WIPE_END
G1 X116.656 Y139.359 Z4.12 F18000
G1 X109.863 Y133.798 Z4.12
G1 Z3.92
G1 E2.5 F6000
G1 F3600
G1 X109.864 Y133.799 E.00001
G1 X110.304 Y133.766 E.01075
G1 X110.733 Y133.666 E.01075
G1 X111.142 Y133.499 E.01075
G1 X111.519 Y133.271 E.01075
G1 X111.856 Y132.987 E.01075
G1 X112.145 Y132.653 E.01075
G1 X112.377 Y132.278 E.01075
G1 X112.548 Y131.871 E.01075
G1 X112.654 Y131.443 E.01075
G1 X112.69 Y131.016 E.01045
G1 X112.702 Y128.992 E.04934
G1 X112.67 Y128.564 E.01045
G1 X112.57 Y128.134 E.01075
G1 X112.403 Y127.726 E.01075
G1 X112.175 Y127.348 E.01075
G1 X111.89 Y127.011 E.01075
G1 X111.557 Y126.723 E.01075
G1 X111.182 Y126.49 E.01075
G1 X110.775 Y126.319 E.01075
G1 X110.346 Y126.214 E.01077
G1 X109.891 Y126.178 E.01113
G1 X109.468 Y126.209 E.01035
G1 X109.038 Y126.309 E.01075
G1 X108.63 Y126.476 E.01075
G1 X108.252 Y126.704 E.01075
G1 X107.915 Y126.989 E.01075
G1 X107.627 Y127.322 E.01075
G1 X107.394 Y127.697 E.01075
G1 X107.223 Y128.104 E.01075
G1 X107.118 Y128.532 E.01075
G1 X107.082 Y128.959 E.01045
G1 X107.07 Y130.984 E.04934
G1 X107.101 Y131.412 E.01045
G1 X107.202 Y131.841 E.01075
G1 X107.368 Y132.249 E.01075
G1 X107.597 Y132.627 E.01075
G1 X107.881 Y132.964 E.01075
G1 X108.215 Y133.252 E.01075
G1 X108.59 Y133.485 E.01075
G1 X108.996 Y133.656 E.01075
G1 X109.424 Y133.761 E.01075
G1 X109.804 Y133.793 E.00927
G1 E-1.75 F6000
;WIPE_START
G1 F3600
G1 X109.864 Y133.799 E-.04544
G1 X110.304 Y133.766 E-.33083
G1 X110.733 Y133.666 E-.33081
G1 X110.786 Y133.644 E-.04292
;WIPE_END
G1 X110.722 Y129.829 Z4.12 F18000
G1 X110.098 Y92.799 Z4.12
G1 Z3.92
G1 E2.5 F6000
G1 F3600
G1 X110.098 Y92.799 E.00001
G1 X110.382 Y92.778 E.00693
G1 X110.658 Y92.714 E.00693
G1 X110.921 Y92.606 E.00693
G1 X111.165 Y92.459 E.00692
G1 X111.382 Y92.276 E.00692
G1 X111.568 Y92.061 E.00693
G1 X111.717 Y91.82 E.00693
G1 X111.828 Y91.558 E.00693
G1 X111.896 Y91.282 E.00692
G1 X111.918 Y91.011 E.00663
G1 X111.93 Y88.986 E.04934
G1 X111.91 Y88.715 E.00663
G1 X111.845 Y88.439 E.00692
G1 X111.742 Y88.185 E.00667
G1 X111.592 Y87.933 E.00715
G1 X111.408 Y87.715 E.00695
G1 X111.193 Y87.529 E.00692
G1 X110.951 Y87.379 E.00692
G1 X110.689 Y87.269 E.00693
G1 X110.413 Y87.201 E.00695
G1 X110.12 Y87.178 E.00715
G1 X109.847 Y87.198 E.00667
G1 X109.57 Y87.263 E.00693
G1 X109.307 Y87.37 E.00693
G1 X109.064 Y87.517 E.00692
G1 X108.847 Y87.7 E.00692
G1 X108.661 Y87.915 E.00693
G1 X108.511 Y88.157 E.00693
G1 X108.401 Y88.419 E.00693
G1 X108.333 Y88.695 E.00692
G1 X108.31 Y88.966 E.00663
G1 X108.298 Y90.99 E.04934
G1 X108.318 Y91.261 E.00663
G1 X108.383 Y91.538 E.00692
G1 X108.49 Y91.801 E.00693
G1 X108.637 Y92.044 E.00693
G1 X108.821 Y92.262 E.00693
G1 X109.036 Y92.447 E.00692
G1 X109.277 Y92.597 E.00692
G1 X109.539 Y92.707 E.00693
G1 X109.815 Y92.775 E.00693
G1 X110.038 Y92.794 E.00545
G1 E-1.75 F6000
;WIPE_START
G1 F3600
G1 X110.098 Y92.799 E-.04543
G1 X110.382 Y92.778 E-.21312
G1 X110.658 Y92.714 E-.21311
G1 X110.921 Y92.606 E-.21317
G1 X110.996 Y92.562 E-.06516
;WIPE_END
G1 X110.809 Y96.373 Z4.12 F18000
G1 X109.981 Y113.299 Z4.12
G1 Z3.92
G1 E2.5 F6000
G1 F3600
G1 X109.981 Y113.299 E.00001
G1 X110.343 Y113.272 E.00884
G1 X110.697 Y113.19 E.00886
G1 X111.043 Y113.046 E.00914
G1 X111.342 Y112.865 E.00851
G1 X111.619 Y112.631 E.00884
G1 X111.856 Y112.357 E.00884
G1 X112.047 Y112.049 E.00884
G1 X112.188 Y111.715 E.00884
G1 X112.275 Y111.362 E.00884
G1 X112.304 Y111.013 E.00854
G1 X112.316 Y108.989 E.04934
G1 X112.29 Y108.64 E.00854
G1 X112.208 Y108.286 E.00884
G1 X112.071 Y107.951 E.00884
G1 X111.883 Y107.64 E.00884
G1 X111.649 Y107.363 E.00884
G1 X111.375 Y107.126 E.00884
G1 X111.067 Y106.935 E.00884
G1 X110.732 Y106.794 E.00884
G1 X110.379 Y106.707 E.00886
G1 X110.005 Y106.678 E.00914
G1 X109.657 Y106.703 E.00851
G1 X109.304 Y106.786 E.00884
G1 X108.968 Y106.923 E.00884
G1 X108.658 Y107.111 E.00884
G1 X108.381 Y107.345 E.00884
G1 X108.153 Y107.609 E.00851
G1 X107.953 Y107.926 E.00914
G1 X107.812 Y108.261 E.00886
G1 X107.725 Y108.613 E.00884
G1 X107.696 Y108.963 E.00854
G1 X107.684 Y110.987 E.04934
G1 X107.71 Y111.336 E.00854
G1 X107.792 Y111.69 E.00884
G1 X107.924 Y112.013 E.00851
G1 X108.116 Y112.335 E.00914
G1 X108.351 Y112.613 E.00886
G1 X108.625 Y112.85 E.00884
G1 X108.933 Y113.041 E.00884
G1 X109.268 Y113.182 E.00884
G1 X109.62 Y113.268 E.00884
G1 X109.921 Y113.294 E.00736
G1 E-1.75 F6000
;WIPE_START
G1 F3600
G1 X109.981 Y113.299 E-.04543
G1 X110.343 Y113.272 E-.27197
G1 X110.697 Y113.19 E-.27268
G1 X110.894 Y113.108 E-.15992
;WIPE_END
G1 X114.411 Y111.628 Z4.12 F18000
G1 X120.68 Y108.99 Z4.12
G1 Z3.92
G1 E2.5 F6000
;TYPE:Top surface
;WIDTH:0.422707
G1 F1800
G1 X120.68 Y78.548 E.74714
G1 X120.292 Y78.545 E.00953
G1 X120.292 Y141.548 E1.54626
G1 X119.903 Y141.546 E.00953
G1 X119.903 Y78.543 E1.54626
G1 X119.515 Y78.541 E.00953
G1 X119.515 Y141.544 E1.54626
G1 X119.127 Y141.541 E.00953
G1 X119.127 Y78.539 E1.54626
G1 X118.738 Y78.537 E.00953
G1 X118.738 Y141.539 E1.54626
G1 X118.35 Y141.537 E.00953
G1 X118.35 Y78.534 E1.54626
G1 X117.962 Y78.532 E.00953
G1 X117.962 Y141.535 E1.54626
G1 X117.573 Y141.532 E.00953
G1 X117.573 Y78.53 E1.54626
G1 X117.185 Y78.528 E.00953
G1 X117.185 Y141.53 E1.54626
G1 X116.796 Y141.528 E.00953
G1 X116.796 Y78.526 E1.54626
G1 X116.408 Y78.523 E.00953
G1 X116.408 Y141.526 E1.54626
G1 X116.02 Y141.524 E.00953
G1 X116.02 Y78.521 E1.54626
G1 X115.631 Y78.519 E.00953
G1 X115.631 Y141.521 E1.54626
G1 X115.243 Y141.519 E.00953
G1 X115.243 Y78.517 E1.54626
G1 X114.855 Y78.514 E.00953
G1 X114.855 Y141.517 E1.54626
G1 X114.466 Y141.515 E.00953
G1 X114.466 Y78.512 E1.54626
G1 X114.078 Y78.51 E.00953
G1 X114.078 Y141.513 E1.54626
G1 X113.689 Y141.51 E.00953
G1 X113.689 Y78.508 E1.54626
G1 X113.301 Y78.506 E.00953
G1 X113.301 Y141.508 E1.54626
G1 X112.913 Y141.506 E.00953
G1 X112.913 Y78.503 E1.54626
G1 X112.524 Y78.501 E.00953
G1 X112.524 Y127.367 E1.19931
G1 X112.411 Y127.179 E.00539
G1 X112.136 Y126.854 E.01045
G1 X112.136 Y112.454 E.3534
G1 X111.823 Y112.838 E.01214
G1 X111.748 Y112.901 E.00242
G1 X111.748 Y126.506 E.33389
G1 X111.359 Y126.26 E.01128
G1 X111.359 Y113.193 E.32071
G1 X111.174 Y113.305 E.00531
G1 X110.971 Y113.389 E.0054
G1 X110.971 Y126.088 E.31166
G1 X110.867 Y126.044 E.00278
G1 X110.583 Y125.974 E.00718
G1 X110.583 Y113.513 E.30582
G1 X110.387 Y113.559 E.00494
G1 X110.194 Y113.573 E.00473
G1 X110.194 Y125.912 E.30282
G1 X109.806 Y125.894 E.00954
G1 X109.806 Y113.574 E.30236
G1 X109.573 Y113.555 E.00574
G1 X109.417 Y113.516 E.00393
G1 X109.417 Y125.924 E.30451
G1 X109.029 Y126.014 E.00979
G1 X109.029 Y113.395 E.30972
G1 X108.8 Y113.299 E.00609
G1 X108.641 Y113.2 E.00461
G1 X108.641 Y126.159 E.31806
G1 X108.499 Y126.217 E.00374
G1 X108.252 Y126.366 E.00709
G1 X108.252 Y112.91 E.33026
G1 X108.145 Y112.817 E.00349
G1 X107.864 Y112.476 E.01083
G1 X107.864 Y126.881 E.35352
G1 E-1.75 F6000
;WIPE_START
G1 F1800
G1 X107.864 Y125.881 E-.75
;WIPE_END
G1 X110.123 Y128.956 Z4.12 F18000
G1 X112.524 Y132.227 Z4.12
G1 Z3.92
G1 E2.5 F6000
G1 F1800
G1 X112.524 Y141.504 E.22768
G1 X112.136 Y141.501 E.00953
G1 X112.136 Y133.105 E.20606
G1 X112.06 Y133.193 E.00284
G1 X111.748 Y133.457 E.01004
G1 X111.748 Y141.499 E.19738
G1 X111.359 Y141.497 E.00953
G1 X111.359 Y133.706 E.19121
G1 X111.272 Y133.759 E.0025
G1 X110.971 Y133.881 E.00798
G1 X110.971 Y141.495 E.18685
G1 X110.583 Y141.493 E.00953
G1 X110.583 Y133.998 E.18393
G1 X110.348 Y134.053 E.00592
G1 X110.194 Y134.064 E.00378
G1 X110.194 Y141.49 E.18225
G1 X109.806 Y141.488 E.00953
G1 X109.806 Y134.084 E.18172
G1 X109.417 Y134.051 E.00957
G1 X109.417 Y141.486 E.18247
G1 X109.029 Y141.484 E.00953
G1 X109.029 Y133.962 E.18461
G1 X108.905 Y133.931 E.00314
G1 X108.641 Y133.82 E.00704
G1 X108.641 Y141.481 E.18803
G1 X108.252 Y141.479 E.00953
G1 X108.252 Y133.616 E.19299
G1 X108.043 Y133.486 E.00605
G1 X107.864 Y133.331 E.00581
G1 X107.864 Y141.477 E.19992
G1 X107.476 Y141.475 E.00953
G1 X107.476 Y132.65 E.21658
G1 E-1.75 F6000
;WIPE_START
G1 F1800
G1 X107.476 Y133.65 E-.75
;WIPE_END
G1 X107.796 Y129.848 Z4.12 F18000
G1 X112.136 Y78.325 Z4.12
G1 Z3.92
G1 E2.5 F6000
G1 F1800
G1 X112.136 Y107.5 E.71602
G1 X111.855 Y107.159 E.01083
G1 X111.748 Y107.066 E.0035
G1 X111.748 Y92.295 E.36252
G1 X111.586 Y92.483 E.00608
G1 X111.359 Y92.674 E.00727
G1 X111.359 Y106.776 E.34612
G1 X111.2 Y106.677 E.00461
G1 X110.971 Y106.581 E.0061
G1 X110.971 Y92.899 E.3358
G1 X110.746 Y92.99 E.00595
G1 X110.583 Y93.029 E.00413
G1 X110.583 Y106.459 E.32963
G1 X110.426 Y106.421 E.00397
G1 X110.194 Y106.403 E.0057
G1 X110.194 Y93.082 E.32692
G1 X109.806 Y93.065 E.00954
G1 X109.806 Y106.403 E.32735
G1 X109.613 Y106.417 E.00473
G1 X109.417 Y106.463 E.00494
G1 X109.417 Y92.97 E.33114
G1 X109.144 Y92.855 E.00728
G1 X109.029 Y92.784 E.00332
G1 X109.029 Y106.586 E.33875
G1 X108.838 Y106.664 E.00506
G1 X108.641 Y106.783 E.00566
G1 X108.641 Y92.228 E.35723
G1 E-1.75 F6000
;WIPE_START
G1 F1800
G1 X108.641 Y93.228 E-.75
;WIPE_END
G1 X110.582 Y89.942 Z4.12 F18000
G1 X111.748 Y87.968 Z4.12
G1 Z3.92
G1 E2.5 F6000
G1 F1800
G1 X111.748 Y78.497 E.23247
G1 X111.359 Y78.494 E.00953
G1 X111.359 Y87.292 E.21592
G1 X111.085 Y87.122 E.00794
G1 X110.971 Y87.074 E.00303
G1 X110.971 Y78.492 E.21062
G1 X110.583 Y78.49 E.00953
G1 X110.583 Y86.945 E.20751
G1 X110.459 Y86.915 E.00313
G1 X110.194 Y86.894 E.00651
G1 X110.194 Y78.488 E.20631
G1 X109.806 Y78.486 E.00953
G1 X109.806 Y86.911 E.20679
G1 X109.417 Y87.013 E.00985
G1 X109.417 Y78.483 E.20933
G1 X109.029 Y78.481 E.00953
G1 X109.029 Y87.2 E.21399
G1 X108.895 Y87.281 E.00385
G1 X108.641 Y87.496 E.00817
G1 X108.641 Y78.479 E.22132
G1 X108.252 Y78.477 E.00953
G1 X108.252 Y88.026 E.23437
G1 X108.125 Y88.328 E.00803
G1 X108.047 Y88.648 E.00809
G1 X108.021 Y88.953 E.00751
G1 X108.009 Y91 E.05024
G1 X108.031 Y91.305 E.00751
G1 X108.107 Y91.626 E.00809
G1 X108.252 Y91.967 E.00909
G1 X108.252 Y107.075 E.37079
G1 X108.177 Y107.138 E.00242
G1 X107.92 Y107.436 E.00966
G1 X107.864 Y107.525 E.00256
G1 X107.864 Y78.474 E.71297
G1 X107.476 Y78.472 E.00953
G1 X107.476 Y127.347 E1.19952
G1 E-1.75 F6000
;WIPE_START
G1 F1800
G1 X107.476 Y126.347 E-.75
;WIPE_END
G1 X107.379 Y130.162 Z4.12 F18000
G1 X107.087 Y141.646 Z4.12
G1 Z3.92
G1 E2.5 F6000
G1 F1800
G1 X107.087 Y132.326 E.22874
G1 X106.925 Y131.929 E.01053
G1 X106.814 Y131.455 E.01194
G1 X106.781 Y130.993 E.01136
G1 X106.792 Y128.946 E.05024
G1 X106.831 Y128.485 E.01136
G1 X106.948 Y128.013 E.01194
G1 X107.087 Y127.681 E.00883
G1 X107.087 Y78.47 E1.20778
G1 X106.699 Y78.468 E.00953
G1 X106.699 Y141.47 E1.54626
G1 X106.31 Y141.468 E.00953
G1 X106.31 Y78.466 E1.54626
G1 X105.922 Y78.463 E.00953
G1 X105.922 Y141.466 E1.54626
G1 X105.534 Y141.464 E.00953
G1 X105.534 Y78.461 E1.54626
G1 X105.145 Y78.459 E.00953
G1 X105.145 Y141.462 E1.54626
G1 X104.757 Y141.459 E.00953
G1 X104.757 Y78.457 E1.54626
G1 X104.369 Y78.455 E.00953
G1 X104.369 Y141.457 E1.54626
G1 X103.98 Y141.455 E.00953
G1 X103.98 Y78.452 E1.54626
G1 X103.592 Y78.45 E.00953
G1 X103.592 Y141.453 E1.54626
G1 X103.203 Y141.45 E.00953
G1 X103.203 Y78.63 E1.54179
G1 X102.815 Y79.014 E.0134
G1 X102.815 Y141.448 E1.53231
G1 X102.427 Y141.446 E.00953
G1 X102.427 Y79.398 E1.52283
G1 X102.038 Y79.782 E.0134
G1 X102.038 Y141.444 E1.51335
G1 X101.65 Y141.442 E.00953
G1 X101.65 Y80.166 E1.50387
G1 X101.262 Y80.55 E.0134
G1 X101.262 Y141.439 E1.4944
G1 X100.873 Y141.437 E.00953
G1 X100.873 Y80.934 E1.48492
G1 X100.485 Y81.318 E.0134
G1 X100.485 Y141.435 E1.47544
G1 X100.097 Y141.433 E.00953
G1 X100.097 Y81.702 E1.46596
G1 X99.708 Y82.086 E.0134
G1 X99.708 Y141.43 E1.45648
G1 X99.32 Y141.428 E.00953
G1 X99.32 Y110.996 E.7469
G1 E-1.75 F6000
;WIPE_START
G1 F1800
G1 X99.32 Y111.996 E-.75
;WIPE_END
G1 X101.777 Y114.915 Z4.12 F18000
G1 X112.7 Y127.893 Z4.12
G1 Z3.92
G1 E2.5 F6000
M204 P2000
;TYPE:Gap infill
;WIDTH:0.0975022
G1 X112.681 Y127.799 E.00038
;WIDTH:0.131272
G1 X112.663 Y127.706 E.00059
;WIDTH:0.166045
G1 X112.645 Y127.612 E.0008
G1 X112.539 Y127.565 E.00096
G1 E-2.28856
;WIPE_START
G1 X112.645 Y127.612 E-.1159
G1 X112.663 Y127.706 E-.09554
;WIPE_END
G1 X114.144 Y124.188 Z4.12 F18000
G1 X120.545 Y108.99 Z4.12
G1 Z3.92
G1 E2.5 F6000
;WIDTH:0.133438
G1 X120.527 Y115.197 E.03887
;WIDTH:0.115831
G1 X120.509 Y121.404 E.03197
G1 E-1.75
;WIPE_START
G1 X120.512 Y120.404 E-.75
;WIPE_END
G1 X117.29 Y118.358 Z4.12 F18000
G1 X107.757 Y112.304 Z4.12
G1 Z3.92
G1 E2.5 F6000
;WIDTH:0.120683
G1 X107.688 Y111.995 E.00173
G1 E-2.18301
;WIPE_START
G1 X107.757 Y112.304 E-.31699
;WIPE_END
G1 X111.573 Y112.285 Z4.12 F18000
G1 X112.238 Y112.282 Z4.12
G1 Z3.92
G1 E2.5 F6000
;WIDTH:0.163168
G1 X112.319 Y111.967 E.00264
G1 E-2.17544
;WIPE_START
G1 X112.238 Y112.282 E-.32456
;WIPE_END
G1 X112.303 Y108.466 Z4.12 F18000
G1 X112.311 Y107.981 Z4.12
G1 Z3.92
G1 E2.5 F6000
;WIDTH:0.105451
G1 X112.244 Y107.671 E.00142
G1 E-2.18305
;WIPE_START
G1 X112.311 Y107.981 E-.31695
;WIPE_END
G1 X108.503 Y107.743 Z4.12 F18000
G1 X107.761 Y107.697 Z4.12
G1 Z3.92
G1 E2.5 F6000
;WIDTH:0.163045
G1 X107.68 Y108.009 E.00262
G1 E-2.17818
;WIPE_START
G1 X107.761 Y107.697 E-.32182
;WIPE_END
G1 X105.197 Y104.871 Z4.12 F18000
G1 X99.491 Y98.582 Z4.12
G1 Z3.92
G1 E2.5 F6000
;WIDTH:0.0982237
G1 X99.473 Y104.789 E.02506
;WIDTH:0.115831
G1 X99.455 Y110.996 E.03197
G1 E-1.75
;WIPE_START
G1 X99.458 Y109.996 E-.75
;WIPE_END
G1 X101.635 Y106.861 Z4.12 F18000
G1 X111.863 Y92.131 Z4.12
G1 Z3.92
G1 E2.5 F6000
;WIDTH:0.0908476
G1 X111.923 Y91.875 E.00094
G1 E-2.23764
;WIPE_START
G1 X111.863 Y92.131 E-.26236
;WIPE_END
G1 X109.578 Y89.074 Z4.12 F18000
G1 X108.519 Y87.659 Z4.12
G1 Z3.92
G1 E2.5 F6000
;WIDTH:0.100078
G1 X108.463 Y87.836 E.00077
G1 E-2.31352
;WIPE_START
G1 X108.519 Y87.659 E-.18648
;WIPE_END
G1 X111.174 Y90.401 Z4.12 F18000
G1 X120.85 Y100.397 Z4.12
G1 Z3.92
G1 E2.5 F6000
;TYPE:Ironing
;WIDTH:0.401288
;HEIGHT:0.006
G1 F900
G1 X120.85 Y78.299 E.02095
G1 X120.75 Y78.299 E.00009
G1 X120.75 Y117.907 E.03755
G1 E-1.75 F6000
;WIPE_START
G1 F900
G1 X120.75 Y116.907 E-.75
;WIPE_END
G1 X120.729 Y120.723 Z4.12 F18000
G1 X120.65 Y135.417 Z4.12
G1 Z3.92
G1 E2.5 F6000
G1 F900
G1 X120.65 Y78.298 E.05414
G1 X120.55 Y78.298 E.00009
G1 X120.55 Y141.799 E.06019
G1 X120.45 Y141.798 E.00009
G1 X120.45 Y78.297 E.06019
G1 X120.35 Y78.297 E.00009
G1 X120.35 Y141.798 E.06019
G1 X120.25 Y141.797 E.00009
G1 X120.25 Y78.296 E.06019
G1 X120.15 Y78.295 E.00009
G1 X120.15 Y141.796 E.06019
G1 X120.05 Y141.796 E.00009
G1 X120.05 Y78.295 E.06019
G1 X119.95 Y78.294 E.00009
G1 X119.95 Y141.795 E.06019
G1 X119.85 Y141.795 E.00009
G1 X119.85 Y78.294 E.06019
G1 X119.75 Y78.293 E.00009
G1 X119.75 Y141.794 E.06019
G1 X119.65 Y141.794 E.00009
G1 X119.65 Y78.293 E.06019
G1 X119.55 Y78.292 E.00009
G1 X119.55 Y141.793 E.06019
G1 X119.45 Y141.792 E.00009
G1 X119.45 Y78.291 E.06019
G1 X119.35 Y78.291 E.00009
G1 X119.35 Y141.792 E.06019
G1 X119.25 Y141.791 E.00009
G1 X119.25 Y78.29 E.06019
G1 X119.15 Y78.29 E.00009
G1 X119.15 Y141.791 E.06019
G1 X119.05 Y141.79 E.00009
G1 X119.05 Y78.289 E.06019
G1 X118.95 Y78.289 E.00009
G1 X118.95 Y141.79 E.06019
G1 X118.85 Y141.789 E.00009
G1 X118.85 Y78.288 E.06019
G1 X118.75 Y78.287 E.00009
G1 X118.75 Y141.788 E.06019
G1 X118.65 Y141.788 E.00009
G1 X118.65 Y78.287 E.06019
G1 X118.55 Y78.286 E.00009
G1 X118.55 Y141.787 E.06019
G1 X118.45 Y141.787 E.00009
G1 X118.45 Y78.286 E.06019
G1 X118.35 Y78.285 E.00009
G1 X118.35 Y141.786 E.06019
G1 X118.25 Y141.786 E.00009
G1 X118.25 Y78.285 E.06019
G1 X118.15 Y78.284 E.00009
G1 X118.15 Y141.785 E.06019
G1 X118.05 Y141.784 E.00009
G1 X118.05 Y78.283 E.06019
G1 X117.95 Y78.283 E.00009
G1 X117.95 Y141.784 E.06019
G1 X117.85 Y141.783 E.00009
G1 X117.85 Y78.282 E.06019
G1 X117.75 Y78.282 E.00009
G1 X117.75 Y141.783 E.06019
G1 X117.65 Y141.782 E.00009
G1 X117.65 Y78.281 E.06019
G1 X117.55 Y78.281 E.00009
G1 X117.55 Y141.782 E.06019
G1 X117.45 Y141.781 E.00009
G1 X117.45 Y78.28 E.06019
G1 X117.35 Y78.279 E.00009
G1 X117.35 Y141.78 E.06019
G1 X117.25 Y141.78 E.00009
G1 X117.25 Y78.279 E.06019
G1 X117.15 Y78.278 E.00009
G1 X117.15 Y141.779 E.06019
G1 X117.05 Y141.779 E.00009
G1 X117.05 Y78.278 E.06019
G1 X116.95 Y78.277 E.00009
G1 X116.95 Y141.778 E.06019
G1 X116.85 Y141.778 E.00009
G1 X116.85 Y78.277 E.06019
G1 X116.75 Y78.276 E.00009
G1 X116.75 Y141.777 E.06019
G1 X116.65 Y141.776 E.00009
G1 X116.65 Y78.275 E.06019
G1 X116.55 Y78.275 E.00009
G1 X116.55 Y141.776 E.06019
G1 X116.45 Y141.775 E.00009
G1 X116.45 Y78.274 E.06019
G1 X116.35 Y78.274 E.00009
G1 X116.35 Y141.775 E.06019
G1 X116.25 Y141.774 E.00009
G1 X116.25 Y78.273 E.06019
G1 X116.15 Y78.273 E.00009
G1 X116.15 Y141.774 E.06019
G1 X116.05 Y141.773 E.00009
G1 X116.05 Y78.272 E.06019
G1 X115.95 Y78.271 E.00009
G1 X115.95 Y141.772 E.06019
G1 X115.85 Y141.772 E.00009
G1 X115.85 Y78.271 E.06019
G1 X115.75 Y78.27 E.00009
G1 X115.75 Y141.771 E.06019
G1 X115.65 Y141.771 E.00009
G1 X115.65 Y78.27 E.06019
G1 X115.55 Y78.269 E.00009
G1 X115.55 Y141.77 E.06019
G1 X115.45 Y141.77 E.00009
G1 X115.45 Y78.269 E.06019
G1 X115.35 Y78.268 E.00009
G1 X115.35 Y141.769 E.06019
G1 X115.25 Y141.768 E.00009
G1 X115.25 Y78.267 E.06019
G1 X115.15 Y78.267 E.00009
G1 X115.15 Y141.768 E.06019
G1 X115.05 Y141.767 E.00009
G1 X115.05 Y78.266 E.06019
G1 X114.95 Y78.266 E.00009
G1 X114.95 Y141.767 E.06019
G1 X114.85 Y141.766 E.00009
G1 X114.85 Y78.265 E.06019
G1 X114.75 Y78.265 E.00009
G1 X114.75 Y141.766 E.06019
G1 X114.65 Y141.765 E.00009
G1 X114.65 Y78.264 E.06019
G1 X114.55 Y78.263 E.00009
G1 X114.55 Y141.764 E.06019
G1 X114.45 Y141.764 E.00009
G1 X114.45 Y78.263 E.06019
G1 X114.35 Y78.262 E.00009
G1 X114.35 Y141.763 E.06019
G1 X114.25 Y141.763 E.00009
G1 X114.25 Y78.262 E.06019
G1 X114.15 Y78.261 E.00009
G1 X114.15 Y141.762 E.06019
G1 X114.05 Y141.762 E.00009
G1 X114.05 Y78.261 E.06019
G1 X113.95 Y78.26 E.00009
G1 X113.95 Y141.761 E.06019
G1 X113.85 Y141.76 E.00009
G1 X113.85 Y78.259 E.06019
G1 X113.75 Y78.259 E.00009
G1 X113.75 Y141.76 E.06019
G1 X113.65 Y141.759 E.00009
G1 X113.65 Y78.258 E.06019
G1 X113.55 Y78.258 E.00009
G1 X113.55 Y141.759 E.06019
G1 X113.45 Y141.758 E.00009
G1 X113.45 Y78.257 E.06019
G1 X113.35 Y78.257 E.00009
G1 X113.35 Y141.758 E.06019
G1 X113.25 Y141.757 E.00009
G1 X113.25 Y78.256 E.06019
G1 X113.15 Y78.255 E.00009
G1 X113.15 Y141.756 E.06019
G1 X113.05 Y141.756 E.00009
G1 X113.05 Y78.255 E.06019
G1 X112.95 Y78.254 E.00009
G1 X112.95 Y141.755 E.06019
G1 X112.85 Y141.755 E.00009
G1 X112.85 Y78.254 E.06019
G1 X112.75 Y78.253 E.00009
G1 X112.75 Y141.754 E.06019
G1 X112.65 Y141.754 E.00009
G1 X112.65 Y131.43 E.00979
G1 X112.55 Y131.844 F18000
G1 F900
G1 X112.55 Y141.753 E.00939
G1 X112.45 Y141.752 E.00009
G1 X112.45 Y132.209 E.00905
G1 X112.35 Y132.398 E.0002
G1 X112.35 Y141.752 E.00887
G1 X112.25 Y141.751 E.00009
G1 X112.25 Y132.559 E.00871
G1 X112.15 Y132.708 E.00017
G1 X112.15 Y141.751 E.00857
G1 X112.05 Y141.75 E.00009
G1 X112.05 Y132.824 E.00846
G1 X111.95 Y132.939 E.00014
G1 X111.95 Y141.75 E.00835
G1 X111.85 Y141.749 E.00009
G1 X111.85 Y133.044 E.00825
G1 X111.75 Y133.129 E.00012
G1 X111.75 Y141.748 E.00817
G1 X111.65 Y141.748 E.00009
G1 X111.65 Y133.213 E.00809
G1 X111.55 Y133.298 E.00012
G1 X111.55 Y141.747 E.00801
G1 X111.45 Y141.747 E.00009
G1 X111.45 Y133.36 E.00795
G1 X111.35 Y133.42 E.00011
G1 X111.35 Y141.746 E.00789
G1 X111.25 Y141.746 E.00009
G1 X111.25 Y133.481 E.00783
G1 X111.15 Y133.539 E.00011
G1 X111.15 Y141.745 E.00778
G1 X111.05 Y141.744 E.00009
G1 X111.05 Y133.58 E.00774
G1 X110.95 Y133.621 E.0001
G1 X110.95 Y141.744 E.0077
G1 X110.85 Y141.743 E.00009
G1 X110.85 Y133.662 E.00766
G1 X110.75 Y133.702 E.0001
G1 X110.75 Y141.743 E.00762
G1 X110.65 Y141.742 E.00009
G1 X110.65 Y133.726 E.0076
G1 X110.55 Y133.75 E.0001
G1 X110.55 Y141.742 E.00758
G1 X110.45 Y141.741 E.00009
G1 X110.45 Y133.773 E.00755
G1 X110.35 Y133.797 E.0001
G1 X110.35 Y141.74 E.00753
G1 X110.25 Y141.74 E.00009
G1 X110.25 Y133.81 E.00752
G1 X110.15 Y133.818 E.0001
G1 X110.15 Y141.739 E.00751
G1 X110.05 Y141.739 E.00009
G1 X110.05 Y133.825 E.0075
G1 X109.95 Y133.832 E.0001
G1 X109.95 Y141.738 E.00749
G1 X109.85 Y141.738 E.00009
G1 X109.85 Y133.837 E.00749
G1 X109.75 Y133.829 E.0001
G1 X109.75 Y141.737 E.0075
G1 X109.65 Y141.736 E.00009
G1 X109.65 Y133.821 E.0075
G1 X109.55 Y133.812 E.0001
G1 X109.55 Y141.736 E.00751
G1 X109.45 Y141.735 E.00009
G1 X109.45 Y133.804 E.00752
G1 X109.35 Y133.784 E.0001
G1 X109.35 Y141.735 E.00754
G1 X109.25 Y141.734 E.00009
G1 X109.25 Y133.76 E.00756
G1 X109.15 Y133.735 E.0001
G1 X109.15 Y141.734 E.00758
G1 X109.05 Y141.733 E.00009
G1 X109.05 Y133.71 E.0076
G1 X108.95 Y133.68 E.0001
G1 X108.95 Y141.732 E.00763
G1 X108.85 Y141.732 E.00009
G1 X108.85 Y133.638 E.00767
G1 X108.75 Y133.596 E.0001
G1 X108.75 Y141.731 E.00771
G1 X108.65 Y141.731 E.00009
G1 X108.65 Y133.554 E.00775
G1 X108.55 Y133.507 E.0001
G1 X108.55 Y141.73 E.00779
G1 X108.45 Y141.73 E.00009
G1 X108.45 Y133.445 E.00785
G1 X108.35 Y133.383 E.00011
G1 X108.35 Y141.729 E.00791
G1 X108.25 Y141.728 E.00009
G1 X108.25 Y133.321 E.00797
G1 X108.15 Y133.249 E.00012
G1 X108.15 Y141.728 E.00804
G1 X108.05 Y141.727 E.00009
G1 X108.05 Y133.163 E.00812
G1 X107.95 Y133.076 E.00013
G1 X107.95 Y141.727 E.0082
G1 X107.85 Y141.726 E.00009
G1 X107.85 Y132.989 E.00828
G1 X107.75 Y132.871 E.00015
G1 X107.75 Y141.726 E.00839
G1 X107.65 Y141.725 E.00009
G1 X107.65 Y132.752 E.00851
G1 X107.55 Y132.627 E.00015
G1 X107.55 Y141.724 E.00862
G1 X107.45 Y141.724 E.00009
G1 X107.45 Y132.462 E.00878
G1 X107.35 Y132.297 E.00018
G1 X107.35 Y141.723 E.00894
G1 X107.25 Y141.723 E.00009
G1 X107.25 Y132.065 E.00915
G1 X107.15 Y131.795 E.00027
G1 X107.15 Y141.767 E.00945
G1 E-1.75 F6000
;WIPE_START
G1 F900
G1 X107.15 Y140.767 E-.75
;WIPE_END
G1 X108.711 Y137.285 Z4.12 F18000
G1 X112.65 Y128.499 Z4.12
G1 Z3.92
G1 E2.5 F6000
G1 F900
G1 X112.65 Y78.253 E.04763
G1 X112.55 Y78.252 E.00009
G1 X112.55 Y127.98 E.04714
G1 X112.45 Y127.734 E.00025
G1 X112.45 Y78.251 E.04691
G1 X112.35 Y78.251 E.00009
G1 X112.35 Y127.56 E.04674
G1 X112.25 Y127.395 E.00018
G1 X112.25 Y111.63 E.01494
G1 X112.15 Y111.908 E.00028
G1 X112.15 Y127.257 E.01455
G1 X112.05 Y127.138 E.00015
G1 X112.05 Y112.12 E.01424
G1 X111.95 Y112.282 E.00018
G1 X111.95 Y127.02 E.01397
G1 X111.85 Y126.924 E.00013
G1 X111.85 Y112.425 E.01374
G1 X111.75 Y112.541 E.00014
G1 X111.75 Y126.837 E.01355
G1 X111.65 Y126.751 E.00013
G1 X111.65 Y112.657 E.01336
G1 X111.55 Y112.742 E.00012
G1 X111.55 Y126.672 E.0132
G1 X111.45 Y126.61 E.00011
G1 X111.45 Y112.826 E.01307
G1 X111.35 Y112.907 E.00012
G1 X111.35 Y126.548 E.01293
G1 X111.25 Y126.486 E.00011
G1 X111.25 Y112.968 E.01281
G1 X111.15 Y113.028 E.00011
G1 X111.15 Y126.434 E.01271
G1 X111.05 Y126.391 E.0001
G1 X111.05 Y113.087 E.01261
G1 X110.95 Y113.128 E.0001
G1 X110.95 Y126.349 E.01253
G1 X110.85 Y126.307 E.0001
G1 X110.85 Y113.169 E.01245
G1 X110.75 Y113.211 E.0001
G1 X110.75 Y126.272 E.01238
G1 X110.65 Y126.247 E.0001
G1 X110.65 Y113.242 E.01233
G1 X110.55 Y113.265 E.0001
G1 X110.55 Y126.223 E.01228
G1 X110.45 Y126.198 E.0001
G1 X110.45 Y113.288 E.01224
G1 X110.35 Y113.312 E.0001
G1 X110.35 Y126.174 E.01219
G1 X110.25 Y126.166 E.0001
G1 X110.25 Y113.319 E.01218
G1 X110.15 Y113.327 E.0001
G1 X110.15 Y126.158 E.01216
G1 X110.05 Y126.15 E.0001
G1 X110.05 Y113.334 E.01215
G1 X109.95 Y113.336 E.00009
G1 X109.95 Y126.142 E.01214
G1 X109.85 Y126.141 E.00009
G1 X109.85 Y113.328 E.01215
G1 X109.75 Y113.319 E.0001
G1 X109.75 Y126.148 E.01216
G1 X109.65 Y126.155 E.0001
G1 X109.65 Y113.311 E.01218
G1 X109.55 Y113.292 E.0001
G1 X109.55 Y126.163 E.0122
G1 X109.45 Y126.172 E.0001
G1 X109.45 Y113.268 E.01223
G1 X109.35 Y113.243 E.0001
G1 X109.35 Y126.195 E.01228
G1 X109.25 Y126.219 E.0001
G1 X109.25 Y113.218 E.01232
G1 X109.15 Y113.176 E.0001
G1 X109.15 Y126.242 E.01239
G1 X109.05 Y126.266 E.0001
G1 X109.05 Y113.133 E.01245
G1 X108.95 Y113.091 E.0001
G1 X108.95 Y126.302 E.01252
G1 X108.85 Y126.343 E.0001
G1 X108.85 Y113.036 E.01261
G1 X108.75 Y112.974 E.00011
G1 X108.75 Y126.384 E.01271
G1 X108.65 Y126.424 E.0001
G1 X108.65 Y112.912 E.01281
G1 X108.55 Y112.838 E.00012
G1 X108.55 Y126.477 E.01293
G1 X108.45 Y126.538 E.00011
G1 X108.45 Y112.751 E.01307
G1 X108.35 Y112.665 E.00013
G1 X108.35 Y126.598 E.01321
G1 X108.25 Y126.659 E.00011
G1 X108.25 Y112.555 E.01337
G1 X108.15 Y112.437 E.00015
G1 X108.15 Y126.738 E.01356
G1 X108.05 Y126.823 E.00012
G1 X108.05 Y112.302 E.01376
G1 X107.95 Y112.134 E.00018
G1 X107.95 Y126.907 E.014
G1 X107.85 Y127.003 E.00013
G1 X107.85 Y111.937 E.01428
G1 X107.75 Y111.684 E.00026
G1 X107.75 Y127.188 E.0147
G1 E-1.75 F6000
;WIPE_START
G1 F900
G1 X107.75 Y126.188 E-.75
;WIPE_END
G1 X108.69 Y122.489 Z4.12 F18000
G1 X112.25 Y108.489 Z4.12
G1 Z3.92
G1 E2.5 F6000
G1 F900
G1 X112.25 Y78.25 E.02866
G1 X112.15 Y78.25 E.00009
G1 X112.15 Y108.039 E.02824
G1 X112.05 Y107.839 E.00021
G1 X112.05 Y78.249 E.02805
G1 X111.95 Y78.249 E.00009
G1 X111.95 Y107.674 E.02789
G1 X111.85 Y107.539 E.00016
G1 X111.85 Y91.608 E.0151
G1 X111.75 Y91.843 E.00024
G1 X111.75 Y107.421 E.01477
G1 X111.65 Y107.311 E.00014
G1 X111.65 Y92.004 E.01451
G1 X111.55 Y92.143 E.00016
G1 X111.55 Y107.225 E.0143
G1 X111.45 Y107.138 E.00013
G1 X111.45 Y92.258 E.0141
G1 X111.35 Y92.355 E.00013
G1 X111.35 Y107.064 E.01394
G1 X111.25 Y107.002 E.00011
G1 X111.25 Y92.44 E.0138
G1 X111.15 Y92.515 E.00012
G1 X111.15 Y106.94 E.01367
G1 X111.05 Y106.885 E.00011
G1 X111.05 Y92.576 E.01356
G1 X110.95 Y92.636 E.00011
G1 X110.95 Y106.842 E.01347
G1 X110.85 Y106.8 E.0001
G1 X110.85 Y92.679 E.01339
G1 X110.75 Y92.72 E.0001
G1 X110.75 Y106.758 E.01331
G1 X110.65 Y106.733 E.0001
G1 X110.65 Y92.757 E.01325
G1 X110.55 Y92.78 E.0001
G1 X110.55 Y106.708 E.0132
G1 X110.45 Y106.684 E.0001
G1 X110.45 Y92.804 E.01316
G1 X110.35 Y92.821 E.0001
G1 X110.35 Y106.665 E.01312
G1 X110.25 Y106.657 E.0001
G1 X110.25 Y92.828 E.01311
G1 X110.15 Y92.836 E.0001
G1 X110.15 Y106.649 E.01309
G1 X110.05 Y106.641 E.0001
G1 X110.05 Y92.835 E.01309
G1 X109.95 Y92.827 E.0001
G1 X109.95 Y106.642 E.0131
G1 X109.85 Y106.649 E.0001
G1 X109.85 Y92.818 E.01311
G1 X109.75 Y92.8 E.0001
G1 X109.75 Y106.657 E.01313
G1 X109.65 Y106.664 E.0001
G1 X109.65 Y92.776 E.01316
G1 X109.55 Y92.751 E.0001
G1 X109.55 Y106.687 E.01321
G1 X109.45 Y106.711 E.0001
G1 X109.45 Y92.713 E.01327
G1 X109.35 Y92.671 E.0001
G1 X109.35 Y106.734 E.01333
G1 X109.25 Y106.765 E.0001
G1 X109.25 Y92.627 E.0134
G1 X109.15 Y92.565 E.00011
G1 X109.15 Y106.806 E.0135
G1 X109.05 Y106.846 E.0001
G1 X109.05 Y92.503 E.0136
G1 X108.95 Y92.426 E.00012
G1 X108.95 Y106.887 E.01371
G1 X108.85 Y106.948 E.00011
G1 X108.85 Y92.34 E.01385
G1 X108.75 Y92.24 E.00013
G1 X108.75 Y107.008 E.014
G1 X108.65 Y107.069 E.00011
G1 X108.65 Y92.121 E.01417
G1 X108.55 Y91.977 E.00017
G1 X108.55 Y107.15 E.01438
G1 X108.45 Y107.234 E.00012
G1 X108.45 Y91.808 E.01462
G1 X108.35 Y91.563 E.00025
G1 X108.35 Y107.388 E.015
G1 E-1.75 F6000
;WIPE_START
G1 F900
G1 X108.35 Y106.388 E-.75
;WIPE_END
G1 X108.82 Y102.601 Z4.12 F18000
G1 X111.85 Y78.203 Z4.12
G1 Z3.92
G1 E2.5 F6000
G1 F900
G1 X111.85 Y88.344 E.00961
G1 X111.75 Y88.12 E.00023
G1 X111.75 Y78.247 E.00936
G1 X111.65 Y78.247 E.00009
G1 X111.65 Y87.953 E.0092
G1 X111.55 Y87.821 E.00016
G1 X111.55 Y78.246 E.00908
G1 X111.45 Y78.246 E.00009
G1 X111.45 Y87.703 E.00896
G1 X111.35 Y87.612 E.00013
G1 X111.35 Y78.245 E.00888
G1 X111.25 Y78.245 E.00009
G1 X111.25 Y87.526 E.0088
G1 X111.15 Y87.456 E.00012
G1 X111.15 Y78.244 E.00873
G1 X111.05 Y78.243 E.00009
G1 X111.05 Y87.394 E.00867
G1 X110.95 Y87.336 E.00011
G1 X110.95 Y78.243 E.00862
G1 X110.85 Y78.242 E.00009
G1 X110.85 Y87.293 E.00858
G1 X110.75 Y87.251 E.0001
G1 X110.75 Y78.242 E.00854
G1 X110.65 Y78.241 E.00009
G1 X110.65 Y87.218 E.00851
G1 X110.55 Y87.194 E.0001
G1 X110.55 Y78.241 E.00849
G1 X110.45 Y78.24 E.00009
G1 X110.45 Y87.169 E.00846
G1 X110.35 Y87.156 E.0001
G1 X110.35 Y78.239 E.00845
G1 X110.25 Y78.239 E.00009
G1 X110.25 Y87.148 E.00845
G1 X110.15 Y87.14 E.0001
G1 X110.15 Y78.238 E.00844
G1 X110.05 Y78.238 E.00009
G1 X110.05 Y87.143 E.00844
G1 X109.95 Y87.15 E.0001
G1 X109.95 Y78.237 E.00845
G1 X109.85 Y78.237 E.00009
G1 X109.85 Y87.158 E.00846
G1 X109.75 Y87.18 E.0001
G1 X109.75 Y78.236 E.00848
G1 X109.65 Y78.235 E.00009
G1 X109.65 Y87.203 E.0085
G1 X109.55 Y87.228 E.0001
G1 X109.55 Y78.235 E.00852
G1 X109.45 Y78.234 E.00009
G1 X109.45 Y87.269 E.00856
G1 X109.35 Y87.309 E.0001
G1 X109.35 Y78.234 E.0086
G1 X109.25 Y78.233 E.00009
G1 X109.25 Y87.358 E.00865
G1 X109.15 Y87.418 E.00011
G1 X109.15 Y78.233 E.00871
G1 X109.05 Y78.232 E.00009
G1 X109.05 Y87.479 E.00877
G1 X108.95 Y87.561 E.00012
G1 X108.95 Y78.231 E.00884
G1 X108.85 Y78.231 E.00009
G1 X108.85 Y87.645 E.00892
G1 X108.75 Y87.751 E.00014
G1 X108.75 Y78.23 E.00903
G1 X108.65 Y78.23 E.00009
G1 X108.65 Y87.867 E.00914
G1 X108.55 Y88.018 E.00017
G1 X108.55 Y78.229 E.00928
G1 X108.45 Y78.229 E.00009
G1 X108.45 Y88.199 E.00945
G1 X108.35 Y88.458 E.00026
G1 X108.35 Y78.228 E.0097
G1 X108.25 Y78.227 E.00009
G1 X108.25 Y107.435 E.02769
G1 X108.15 Y107.551 E.00014
G1 X108.15 Y78.227 E.0278
G1 X108.05 Y78.226 E.00009
G1 X108.05 Y107.697 E.02794
G1 X107.95 Y107.856 E.00018
G1 X107.95 Y78.226 E.02809
G1 X107.85 Y78.225 E.00009
G1 X107.85 Y108.068 E.02829
G1 X107.75 Y108.346 E.00028
G1 X107.75 Y78.225 E.02855
G1 X107.65 Y78.224 E.00009
G1 X107.65 Y127.235 E.04646
G1 X107.55 Y127.37 E.00016
G1 X107.55 Y78.223 E.04659
G1 X107.45 Y78.223 E.00009
G1 X107.45 Y127.532 E.04674
G1 X107.35 Y127.699 E.00019
G1 X107.35 Y78.222 E.0469
G1 X107.25 Y78.222 E.00009
G1 X107.25 Y128.053 E.04724
G1 X107.15 Y128.422 F18000
G1 F900
G1 X107.15 Y78.221 E.04759
G1 X107.05 Y78.221 E.00009
G1 X107.05 Y141.722 E.06019
G1 X106.95 Y141.721 E.00009
G1 X106.95 Y78.22 E.06019
G1 X106.85 Y78.219 E.00009
G1 X106.85 Y141.72 E.06019
G1 X106.75 Y141.72 E.00009
G1 X106.75 Y78.219 E.06019
G1 X106.65 Y78.218 E.00009
G1 X106.65 Y141.719 E.06019
G1 X106.55 Y141.719 E.00009
G1 X106.55 Y78.218 E.06019
G1 X106.45 Y78.217 E.00009
G1 X106.45 Y141.718 E.06019
G1 X106.35 Y141.718 E.00009
G1 X106.35 Y78.217 E.06019
G1 X106.25 Y78.216 E.00009
G1 X106.25 Y141.717 E.06019
G1 X106.15 Y141.716 E.00009
G1 X106.15 Y78.215 E.06019
G1 X106.05 Y78.215 E.00009
G1 X106.05 Y141.716 E.06019
G1 X105.95 Y141.715 E.00009
G1 X105.95 Y78.214 E.06019
G1 X105.85 Y78.214 E.00009
G1 X105.85 Y141.715 E.06019
G1 X105.75 Y141.714 E.00009
G1 X105.75 Y78.213 E.06019
G1 X105.65 Y78.213 E.00009
G1 X105.65 Y141.714 E.06019
G1 X105.55 Y141.713 E.00009
G1 X105.55 Y78.212 E.06019
G1 X105.45 Y78.211 E.00009
G1 X105.45 Y141.712 E.06019
G1 X105.35 Y141.712 E.00009
G1 X105.35 Y78.211 E.06019
G1 X105.25 Y78.21 E.00009
G1 X105.25 Y141.711 E.06019
G1 X105.15 Y141.711 E.00009
G1 X105.15 Y78.21 E.06019
G1 X105.05 Y78.209 E.00009
G1 X105.05 Y141.71 E.06019
G1 X104.95 Y141.71 E.00009
G1 X104.95 Y78.209 E.06019
G1 X104.85 Y78.208 E.00009
G1 X104.85 Y141.709 E.06019
G1 X104.75 Y141.708 E.00009
G1 X104.75 Y78.207 E.06019
G1 X104.65 Y78.207 E.00009
G1 X104.65 Y141.708 E.06019
G1 X104.55 Y141.707 E.00009
G1 X104.55 Y78.206 E.06019
G1 X104.45 Y78.206 E.00009
G1 X104.45 Y141.707 E.06019
G1 X104.35 Y141.706 E.00009
G1 X104.35 Y78.205 E.06019
G1 X104.25 Y78.205 E.00009
G1 X104.25 Y141.706 E.06019
G1 X104.15 Y141.705 E.00009
G1 X104.15 Y78.204 E.06019
G1 X104.05 Y78.203 E.00009
G1 X104.05 Y141.704 E.06019
G1 X103.95 Y141.704 E.00009
G1 X103.95 Y78.203 E.06019
G1 X103.85 Y78.202 E.00009
G1 X103.85 Y141.703 E.06019
G1 X103.75 Y141.703 E.00009
G1 X103.75 Y78.202 E.06019
G1 X103.65 Y78.201 E.00009
G1 X103.65 Y141.702 E.06019
G1 X103.55 Y141.702 E.00009
G1 X103.55 Y78.201 E.06019
G1 X103.45 Y78.2 E.00009
G1 X103.45 Y141.701 E.06019
G1 X103.35 Y141.701 E.00009
G1 X103.35 Y78.199 E.06019
G1 X103.285 Y78.199 E.00006
G1 X103.25 Y78.234 E.00005
G1 X103.25 Y141.7 E.06016
G1 X103.15 Y141.699 E.00009
G1 X103.15 Y78.333 E.06007
G1 X103.05 Y78.431 E.00013
G1 X103.05 Y141.699 E.05997
G1 X102.95 Y141.698 E.00009
G1 X102.95 Y78.53 E.05988
G1 X102.85 Y78.629 E.00013
G1 X102.85 Y141.698 E.05978
G1 X102.75 Y141.697 E.00009
G1 X102.75 Y78.728 E.05969
G1 X102.65 Y78.827 E.00013
G1 X102.65 Y141.697 E.05959
G1 X102.55 Y141.696 E.00009
G1 X102.55 Y78.926 E.0595
G1 X102.45 Y79.025 E.00013
G1 X102.45 Y141.695 E.05941
G1 X102.35 Y141.695 E.00009
G1 X102.35 Y79.124 E.05931
G1 X102.25 Y79.222 E.00013
G1 X102.25 Y141.694 E.05922
G1 X102.15 Y141.694 E.00009
G1 X102.15 Y79.321 E.05912
G1 X102.05 Y79.42 E.00013
G1 X102.05 Y141.693 E.05903
G1 X101.95 Y141.693 E.00009
G1 X101.95 Y79.519 E.05894
G1 X101.85 Y79.618 E.00013
G1 X101.85 Y141.692 E.05884
G1 X101.75 Y141.691 E.00009
G1 X101.75 Y79.717 E.05875
G1 X101.65 Y79.816 E.00013
G1 X101.65 Y141.691 E.05865
G1 X101.55 Y141.69 E.00009
G1 X101.55 Y79.914 E.05856
G1 X101.45 Y80.013 E.00013
G1 X101.45 Y141.69 E.05846
G1 X101.35 Y141.689 E.00009
G1 X101.35 Y80.112 E.05837
G1 X101.25 Y80.211 E.00013
G1 X101.25 Y141.689 E.05828
G1 X101.15 Y141.688 E.00009
G1 X101.15 Y80.31 E.05818
G1 X101.05 Y80.409 E.00013
G1 X101.05 Y141.687 E.05809
G1 X100.95 Y141.687 E.00009
G1 X100.95 Y80.508 E.05799
G1 X100.85 Y80.606 E.00013
G1 X100.85 Y141.686 E.0579
G1 X100.75 Y141.686 E.00009
G1 X100.75 Y80.705 E.0578
G1 X100.65 Y80.804 E.00013
G1 X100.65 Y141.685 E.05771
G1 X100.55 Y141.685 E.00009
G1 X100.55 Y80.903 E.05762
G1 X100.45 Y81.002 E.00013
G1 X100.45 Y141.684 E.05752
G1 X100.35 Y141.683 E.00009
G1 X100.35 Y81.101 E.05743
G1 X100.25 Y81.2 E.00013
G1 X100.25 Y141.683 E.05733
G1 X100.15 Y141.682 E.00009
G1 X100.15 Y81.299 E.05724
G1 X100.05 Y81.397 E.00013
G1 X100.05 Y141.682 E.05714
G1 X99.95 Y141.681 E.00009
G1 X99.95 Y81.496 E.05705
G1 X99.85 Y81.595 E.00013
G1 X99.85 Y141.681 E.05696
G1 X99.75 Y141.68 E.00009
G1 X99.75 Y81.694 E.05686
G1 X99.65 Y81.793 E.00013
G1 X99.65 Y141.679 E.05677
G1 X99.55 Y141.679 E.00009
G1 X99.55 Y81.892 E.05667
G1 X99.45 Y81.991 E.00013
G1 X99.45 Y141.678 E.05658
G1 X99.35 Y141.678 E.00009
G1 X99.35 Y84.576 E.05413
G1 E-1.75 F6000
;WIPE_START
G1 F900
G1 X99.35 Y85.576 E-.75
;WIPE_END
G1 X99.327 Y89.392 Z4.12 F18000
G1 X99.25 Y102.086 Z4.12
G1 Z3.92
G1 E2.5 F6000
G1 F900
G1 X99.25 Y141.677 E.03753
G1 X99.15 Y141.677 E.00009
G1 X99.15 Y119.597 E.02093
; stop printing object pigtail_slot_coupon.stl id:2099807082496 copy 0
G1 E-1.75 F6000
;WIPE_START
G1 F900
G1 X99.15 Y120.597 E-.75
;WIPE_END
M106 S0
;TYPE:Custom
; filament end gcode
;M106 P3 S0
M140 S0 ; heatbed off
M107 ; fan off
G91 ; relative positioning
M83 ; extruder relative mode
G1 E-3 F3000 ; retract
G1 Z+0.5 F3000 ; lift nozzle
M104 S0 ; extruder off
G28 X Y ; home X/Y
G90 ; absolute positioning
G1 Y220 F3000
M84 ; steppers off
M300 S1318 P266
; EXECUTABLE_BLOCK_END

; filament used [mm] = 1934.42
; filament used [cm3] = 4.65
; filament used [g] = 5.77
; filament cost = 0.10
; total filament used [g] = 5.77
; total filament cost = 0.10
; total layers count = 24
; estimated printing time (normal mode) = 42m 16s
; estimated first layer printing time (normal mode) = 4m 29s

; CONFIG_BLOCK_START
; accel_to_decel_enable = 1
; accel_to_decel_factor = 50%
; activate_air_filtration = 0
; activate_air_filtration_during_print = 1
; activate_air_filtration_on_completion = 1
; activate_chamber_temp_control = 0
; adaptive_bed_mesh_margin = 0
; adaptive_pressure_advance = 0
; adaptive_pressure_advance_bridges = 0
; adaptive_pressure_advance_model = "0,0,0\n0,0,0"
; adaptive_pressure_advance_overhangs = 0
; additional_cooling_fan_speed = 0
; additional_fan_full_speed_layer = 0
; align_infill_direction_to_model = 0
; alternate_extra_wall = 0
; auxiliary_fan = 0
; bbl_calib_mark_logo = 1
; bbl_use_printhost = 0
; bed_custom_model =
; bed_custom_texture =
; bed_exclude_area = 0x0
; bed_mesh_max = 0,0
; bed_mesh_min = 0,0
; bed_mesh_probe_distance = 0,0
; bed_temperature_formula = by_highest_temp
; before_layer_change_gcode = G92 E0 ; zero the extruded length again\n; BEFORE_LAYER_CHANGE [layer_num] @ [layer_z]mm
; best_object_pos = 0.5,0.5
; bottom_shell_layers = 6
; bottom_shell_thickness = 0.6
; bottom_solid_infill_flow_ratio = 1
; bottom_surface_density = 100%
; bottom_surface_filament_id = 0
; bottom_surface_pattern = monotonic
; bridge_acceleration = 50%
; bridge_angle = 0
; bridge_density = 100%
; bridge_flow = 0.9
; bridge_line_width = 100%
; bridge_no_support = 1
; bridge_speed = 25
; brim_ears_detection_length = 1
; brim_ears_max_angle = 125
; brim_flow_ratio = 1
; brim_object_gap = 0.15
; brim_type = outer_only
; brim_use_efc_outline = 0
; brim_width = 8
; calib_flowrate_topinfill_special_order = 0
; chamber_minimal_temperature = 0
; chamber_temperature = 0
; change_extrusion_role_gcode =
; change_filament_gcode =
; close_additional_fan_first_x_layers = 1
; close_fan_the_first_x_layers = 3
; combine_brims = 0
; compatible_printers_condition =
; complete_print_exhaust_fan_speed = 70
; cool_plate_temp = 80
; cool_plate_temp_initial_layer = 80
; cooling_tube_length = 0
; cooling_tube_retraction = 0
; counterbore_hole_bridging = none
; curr_bed_type = Cool Plate
; default_acceleration = 2000
; default_filament_colour = ""
; default_filament_profile = "Anycubic Generic PLA"
; default_jerk = 0
; default_junction_deviation = 0
; default_print_profile = 0.20mm Standard @Anycubic Kobra Neo 0.4 nozzle
; deretraction_speed = 0
; detect_narrow_internal_solid_infill = 1
; detect_overhang_wall = 1
; detect_thin_wall = 0
; different_settings_to_system = ;;
; disable_m73 = 1
; dont_filter_internal_bridges = disabled
; dont_slow_down_outer_wall = 0
; draft_shield = disabled
; during_print_exhaust_fan_speed = 70
; elefant_foot_compensation = 0.075
; elefant_foot_compensation_layers = 1
; elefant_foot_layers_density = 100%
; emit_machine_limits_to_gcode = 1
; enable_arc_fitting = 0
; enable_extra_bridge_layer = disabled
; enable_filament_ramming = 0
; enable_long_retraction_when_cut = 0
; enable_overhang_bridge_fan = 1
; enable_overhang_speed = 1
; enable_power_loss_recovery = printer_configuration
; enable_pressure_advance = 0
; enable_prime_tower = 0
; enable_support = 0
; enable_tower_interface_cooldown_during_tower = 0
; enable_tower_interface_features = 0
; enable_wrapping_detection = 0
; enforce_support_layers = 0
; eng_plate_temp = 60
; eng_plate_temp_initial_layer = 60
; ensure_vertical_shell_thickness = ensure_all
; exclude_object = 0
; extra_loading_move = 0
; extra_perimeters_on_overhangs = 1
; extra_solid_infills =
; extruder_ams_count =
; extruder_clearance_height_to_lid = 20
; extruder_clearance_height_to_rod = 20
; extruder_clearance_radius = 20
; extruder_colour = #F2754E
; extruder_offset = 0x0
; extruder_printable_area =
; extruder_printable_height = 0
; extruder_type = Direct Drive
; extrusion_rate_smoothing_external_perimeter_only = 0
; fan_cooling_layer_time = 30
; fan_kickstart = 0
; fan_max_speed = 70
; fan_min_speed = 40
; fan_speedup_overhangs = 1
; fan_speedup_time = 0
; filament_adaptive_volumetric_speed = 0
; filament_adhesiveness_category = 0
; filament_change_extrusion_role_gcode = ""
; filament_change_length = 10
; filament_colour = #F2754E
; filament_cooling_before_tower = 10
; filament_cooling_final_speed = 3.4
; filament_cooling_initial_speed = 2.2
; filament_cooling_moves = 4
; filament_cost = 18
; filament_density = 1.24
; filament_diameter = 1.75
; filament_end_gcode = "; filament end gcode \n;M106 P3 S0\n"
; filament_extruder_variant = "Direct Drive Standard"
; filament_flow_ratio = 0.95
; filament_flush_temp = 0
; filament_flush_volumetric_speed = 0
; filament_ids = NUMPETGHS
; filament_is_support = 0
; filament_loading_speed = 28
; filament_loading_speed_start = 3
; filament_map = 1
; filament_map_mode = Auto For Flush
; filament_max_volumetric_speed = 8
; filament_minimal_purge_on_wipe_tower = 15
; filament_multitool_ramming = 0
; filament_multitool_ramming_flow = 10
; filament_multitool_ramming_volume = 10
; filament_notes = ""
; filament_printable = 3
; filament_ramming_parameters = "120 100 6.6 6.8 7.2 7.6 7.9 8.2 8.7 9.4 9.9 10.0| 0.05 6.6 0.45 6.8 0.95 7.8 1.45 8.3 1.95 9.7 2.45 10 2.95 7.6 3.45 7.6 3.95 7.6 4.45 7.6 4.95 7.6"
; filament_self_index = 1
; filament_settings_id = "numakers PETG-HS Braillix"
; filament_shrink = 100%
; filament_shrinkage_compensation_z = 100%
; filament_soluble = 0
; filament_stamping_distance = 0
; filament_stamping_loading_speed = 0
; filament_start_gcode = "; Filament gcode\n;{if activate_air_filtration[current_extruder] && support_air_filtration}\n;M106 P3 S{during_print_exhaust_fan_speed_num[current_extruder]} \n;{endif}"
; filament_toolchange_delay = 0
; filament_tower_interface_pre_extrusion_dist = 10
; filament_tower_interface_pre_extrusion_length = 0
; filament_tower_interface_print_temp = -1
; filament_tower_interface_purge_volume = 20
; filament_tower_ironing_area = 4
; filament_type = PETG
; filament_unloading_speed = 90
; filament_unloading_speed_start = 100
; filament_vendor = numakers
; file_start_gcode =
; filename_format = {input_filename_base}_{filament_type[0]}_{layer_height}_{print_time}.gcode
; fill_multiline = 1
; filter_out_gap_fill = 0
; first_layer_flow_ratio = 1
; first_layer_print_sequence = 0
; first_x_layer_fan_speed = 0
; flush_into_infill = 0
; flush_into_objects = 0
; flush_into_support = 0
; flush_multiplier = 0.3
; flush_volumes_matrix = 0,280,280,280,280,0,280,280,280,280,0,280,280,280,280,0
; flush_volumes_vector = 140,140,140,140,140,140,140,140
; full_fan_speed_layer = 3
; fuzzy_skin = none
; fuzzy_skin_first_layer = 0
; fuzzy_skin_layers_between_ripple_offset = 1
; fuzzy_skin_mode = displacement
; fuzzy_skin_noise_type = classic
; fuzzy_skin_octaves = 4
; fuzzy_skin_persistence = 0.5
; fuzzy_skin_point_distance = 0.8
; fuzzy_skin_ripple_offset = 50%
; fuzzy_skin_ripples_per_layer = 15
; fuzzy_skin_scale = 1
; fuzzy_skin_thickness = 0.3
; gap_fill_flow_ratio = 1
; gap_fill_target = topbottom
; gap_infill_speed = 100
; gcode_add_line_number = 0
; gcode_comments = 0
; gcode_flavor = marlin2
; gcode_label_objects = 1
; grab_length = 0
; gyroid_optimized = 0
; has_scarf_joint_seam = 0
; head_wrap_detect_zone =
; high_current_on_filament_swap = 0
; hole_to_polyhole = 0
; hole_to_polyhole_threshold = 0.01
; hole_to_polyhole_twisted = 1
; host_type = octoprint
; hot_plate_temp = 80
; hot_plate_temp_initial_layer = 80
; idle_temperature = 0
; independent_support_layer_height = 1
; infill_anchor = 400
; infill_anchor_max = 10
; infill_combination = 0
; infill_combination_max_layer_height = 100%
; infill_direction = 45
; infill_jerk = 9
; infill_lock_depth = 1
; infill_overhang_angle = 60
; infill_shift_step = 0.4
; infill_wall_overlap = 15%
; inherits_group = ;;
; initial_layer_acceleration = 500
; initial_layer_infill_speed = 50
; initial_layer_jerk = 9
; initial_layer_line_width = 0.5
; initial_layer_min_bead_width = 85%
; initial_layer_print_height = 0.24
; initial_layer_speed = 50
; initial_layer_travel_acceleration = 100%
; initial_layer_travel_jerk = 100%
; initial_layer_travel_speed = 100%
; inner_wall_acceleration = 1500
; inner_wall_filament_id = 0
; inner_wall_flow_ratio = 1
; inner_wall_jerk = 10
; inner_wall_line_width = 0.45
; inner_wall_speed = 100
; input_shaping_damp_x = 0.1
; input_shaping_damp_y = 0.1
; input_shaping_emit = 0
; input_shaping_freq_x = 0
; input_shaping_freq_y = 0
; input_shaping_type = Default
; interface_shells = 0
; interlocking_beam = 0
; interlocking_beam_layer_count = 2
; interlocking_beam_width = 0.8
; interlocking_boundary_avoidance = 2
; interlocking_depth = 2
; interlocking_orientation = 22.5
; internal_bridge_angle = 0
; internal_bridge_density = 100%
; internal_bridge_fan_speed = -1
; internal_bridge_flow = 1
; internal_bridge_speed = 150%
; internal_solid_filament_id = 0
; internal_solid_infill_acceleration = 100%
; internal_solid_infill_flow_ratio = 1
; internal_solid_infill_line_width = 0.42
; internal_solid_infill_pattern = rectilinear
; internal_solid_infill_speed = 100
; ironing_angle = 0
; ironing_angle_fixed = 0
; ironing_fan_speed = -1
; ironing_flow = 15%
; ironing_inset = 0
; ironing_pattern = rectilinear
; ironing_spacing = 0.1
; ironing_speed = 15
; ironing_type = top
; is_infill_first = 0
; lateral_lattice_angle_1 = -45
; lateral_lattice_angle_2 = 45
; layer_change_gcode = ; AFTER_LAYER_CHANGE [layer_num] @ [layer_z]mm
; layer_height = 0.16
; lightning_overhang_angle = 45
; lightning_prune_angle = 45
; lightning_straightening_angle = 45
; line_width = 0.42
; long_retractions_when_cut = 0
; long_retractions_when_ec = 0
; machine_end_gcode = M140 S0 ; heatbed off\nM107 ; fan off\nG91 ; relative positioning\nM83 ; extruder relative mode\nG1 E-3 F3000 ; retract\nG1 Z+0.5 F3000 ; lift nozzle\nM104 S0 ; extruder off\nG28 X Y ; home X/Y\nG90 ; absolute positioning\nG1 Y220 F3000\nM84 ; steppers off\nM300 S1318 P266
; machine_load_filament_time = 42
; machine_max_acceleration_e = 2000,2000
; machine_max_acceleration_extruding = 2000,2000
; machine_max_acceleration_retracting = 2000,2000
; machine_max_acceleration_travel = 20000,20000
; machine_max_acceleration_x = 2000,2000
; machine_max_acceleration_y = 2000,2000
; machine_max_acceleration_z = 800,800
; machine_max_jerk_e = 5,5
; machine_max_jerk_x = 10,10
; machine_max_jerk_y = 10,10
; machine_max_jerk_z = 2,2
; machine_max_junction_deviation = 0.01
; machine_max_speed_e = 100,100
; machine_max_speed_x = 300,300
; machine_max_speed_y = 300,300
; machine_max_speed_z = 8,8
; machine_min_extruding_rate = 0,0
; machine_min_travel_rate = 0,0
; machine_pause_gcode = M601
; machine_start_gcode = G21 ; metric values\nG90 ; use absolute coordinates\nM83 ; extruder relative mode\nM104 S[first_layer_temperature] ; set extruder temp\nM140 S[first_layer_bed_temperature] ; set bed temp\nG28 ; home all axes\nG29 ; auto bed leveling\nM300 S1318 P266\nG1 Z5 F5000 ; lift nozzle\nG1 X0 Y0 F3000\nG1 Z0.3 ; lower nozzle\nG92 E0 ; zero extruded length\nG1 X10 Y5 F1800 ; move to purge line start\nM190 S[first_layer_bed_temperature] ; wait for bed temp\nM109 S[first_layer_temperature] ; wait for extruder temp\nG1 X60 Y5 E20 F500 ; purge line\nG92 E0 ; zero extruded length\nG1 E-4.5 F4000 ; retract\nG92 E0 ; zero extruded length\nG1 X120 F4000 ; wipe\nM117 Printing...
; machine_tool_change_time = 0
; machine_unload_filament_time = 0
; make_overhang_printable = 0
; make_overhang_printable_angle = 55
; make_overhang_printable_hole_size = 0
; manual_filament_change = 0
; master_extruder_id = 1
; max_bridge_length = 10
; max_layer_height = 0.28
; max_resonance_avoidance_speed = 120
; max_travel_detour_distance = 0
; max_volumetric_extrusion_rate_slope = 0
; max_volumetric_extrusion_rate_slope_segment_length = 5
; min_bead_width = 85%
; min_feature_size = 25%
; min_layer_height = 0.08
; min_length_factor = 0.5
; min_resonance_avoidance_speed = 70
; min_skirt_length = 0
; min_width_top_surface = 300%
; minimum_sparse_infill_area = 15
; mmu_segmented_region_interlocking_depth = 0
; mmu_segmented_region_max_width = 0
; notes =
; nozzle_diameter = 0.4
; nozzle_flush_dataset = 0
; nozzle_height = 4
; nozzle_hrc = 0
; nozzle_temperature = 230
; nozzle_temperature_initial_layer = 235
; nozzle_temperature_range_high = 260
; nozzle_temperature_range_low = 220
; nozzle_type = brass
; nozzle_volume = 0
; nozzle_volume_type = Standard
; only_one_wall_first_layer = 0
; only_one_wall_top = 1
; ooze_prevention = 0
; other_layers_print_sequence = 0
; other_layers_print_sequence_nums = 0
; outer_wall_acceleration = 1000
; outer_wall_filament_id = 0
; outer_wall_flow_ratio = 1
; outer_wall_jerk = 10
; outer_wall_line_width = 0.42
; outer_wall_speed = 60
; overhang_1_4_speed = 60
; overhang_2_4_speed = 50
; overhang_3_4_speed = 30
; overhang_4_4_speed = 10
; overhang_fan_speed = 50
; overhang_fan_threshold = 50%
; overhang_flow_ratio = 1
; overhang_reverse = 0
; overhang_reverse_internal_only = 0
; overhang_reverse_threshold = 50%
; parallel_printheads_bed_exclude_areas =
; parallel_printheads_count = 1
; parking_pos_retraction = 0
; part_cooling_fan_min_pwm = 0
; physical_extruder_map = 0
; post_process =
; precise_outer_wall = 0
; precise_z_height = 0
; preferred_orientation = 0
; preheat_steps = 1
; preheat_time = 30
; pressure_advance = 0.02
; prime_tower_brim_width = 5
; prime_tower_enable_framework = 0
; prime_tower_flat_ironing = 0
; prime_tower_infill_gap = 150%
; prime_tower_skip_points = 1
; prime_tower_width = 45
; prime_volume = 45
; print_compatible_printers = "Anycubic Kobra Neo 0.4 nozzle"
; print_extruder_id = 1
; print_extruder_variant = "Direct Drive Standard"
; print_flow_ratio = 1
; print_order = default
; print_sequence = by layer
; print_settings_id = Braillix 0.16mm PETG - Kobra Neo release
; printable_area = 0x0,220x0,220x220,0x220
; printable_height = 250
; printer_extruder_id = 1
; printer_extruder_variant = "Direct Drive Standard"
; printer_model = Anycubic Kobra Neo
; printer_notes =
; printer_settings_id = Anycubic Kobra Neo 0.4 nozzle
; printer_structure = i3
; printer_technology = FFF
; printer_variant = 0.4
; printhost_authorization_type = key
; printhost_ssl_ignore_revoke = 0
; printing_by_object_gcode =
; process_change_extrusion_role_gcode =
; purge_in_prime_tower = 0
; raft_contact_distance = 0.1
; raft_expansion = 1.5
; raft_first_layer_density = 90%
; raft_first_layer_expansion = 2
; raft_layers = 0
; reduce_crossing_wall = 1
; reduce_fan_stop_start_freq = 1
; reduce_infill_retraction = 1
; relative_bridge_angle = 0
; required_nozzle_HRC = 3
; resolution = 0.012
; resonance_avoidance = 0
; retract_before_wipe = 70%
; retract_length_toolchange = 0
; retract_lift_above = 0.3
; retract_lift_below = 258
; retract_lift_enforce = All Surfaces
; retract_restart_extra = 0
; retract_restart_extra_toolchange = 0
; retract_when_changing_layer = 1
; retraction_distances_when_cut = 18
; retraction_distances_when_ec = 10
; retraction_length = 2.5
; retraction_minimum_travel = 1
; retraction_speed = 100
; role_based_wipe_speed = 1
; scan_first_layer = 0
; scarf_angle_threshold = 155
; scarf_joint_flow_ratio = 1
; scarf_joint_speed = 100%
; scarf_overhang_threshold = 40%
; seam_gap = 15%
; seam_position = back
; seam_slope_conditional = 0
; seam_slope_entire_loop = 0
; seam_slope_inner_walls = 0
; seam_slope_min_length = 20
; seam_slope_start_height = 0
; seam_slope_steps = 10
; seam_slope_type = none
; set_other_flow_ratios = 0
; silent_mode = 0
; single_extruder_multi_material = 1
; single_extruder_multi_material_priming = 0
; single_loop_draft_shield = 0
; skeleton_infill_density = 25%
; skeleton_infill_line_width = 100%
; skin_infill_density = 25%
; skin_infill_depth = 2
; skin_infill_line_width = 100%
; skirt_distance = 2
; skirt_height = 1
; skirt_loops = 0
; skirt_speed = 50
; skirt_start_angle = -135
; skirt_type = combined
; slice_closing_radius = 0.049
; slicing_mode = regular
; slow_down_for_layer_cooling = 1
; slow_down_layer_time = 10
; slow_down_layers = 1
; slow_down_min_speed = 10
; slowdown_for_curled_perimeters = 0
; small_area_infill_flow_compensation = 0
; small_area_infill_flow_compensation_model = 0,0;"\n0.2,0.4444";"\n0.4,0.6145";"\n0.6,0.7059";"\n0.8,0.7619";"\n1.5,0.8571";"\n2,0.8889";"\n3,0.9231";"\n5,0.9520";"\n10,1"
; small_perimeter_speed = 50%
; small_perimeter_threshold = 0
; solid_infill_direction = 45
; solid_infill_rotate_template = 0,90
; sparse_infill_acceleration = 100%
; sparse_infill_density = 40%
; sparse_infill_filament_id = 0
; sparse_infill_flow_ratio = 1
; sparse_infill_line_width = 0.45
; sparse_infill_pattern = crosshatch
; sparse_infill_rotate_template =
; sparse_infill_speed = 150
; spiral_finishing_flow_ratio = 0
; spiral_mode = 0
; spiral_mode_max_xy_smoothing = 200%
; spiral_mode_smooth = 0
; spiral_starting_flow_ratio = 0
; staggered_inner_seams = 0
; standby_temperature_delta = -5
; start_end_points = 30x-3,54x245
; supertack_plate_temp = 35
; supertack_plate_temp_initial_layer = 35
; support_air_filtration = 1
; support_angle = 0
; support_base_pattern = rectilinear
; support_base_pattern_spacing = 0.2
; support_bottom_interface_spacing = 0.5
; support_bottom_z_distance = 0.1
; support_chamber_temp_control = 1
; support_critical_regions_only = 0
; support_expansion = 0
; support_filament = 0
; support_flow_ratio = 1
; support_interface_bottom_layers = -1
; support_interface_filament = 0
; support_interface_flow_ratio = 1
; support_interface_loop_pattern = 0
; support_interface_not_for_body = 1
; support_interface_pattern = auto
; support_interface_spacing = 0.5
; support_interface_speed = 80
; support_interface_top_layers = 2
; support_ironing = 0
; support_ironing_flow = 10%
; support_ironing_pattern = rectilinear
; support_ironing_spacing = 0.1
; support_line_width = 0.4
; support_material_interface_fan_speed = -1
; support_multi_bed_types = 0
; support_object_first_layer_gap = 0.2
; support_object_skip_flush = 0
; support_object_xy_distance = 0.35
; support_on_build_plate_only = 1
; support_parallel_printheads = 0
; support_remove_small_overhang = 1
; support_speed = 100
; support_style = default
; support_threshold_angle = 40
; support_threshold_overlap = 50%
; support_top_z_distance = 0.1
; support_type = tree(auto)
; symmetric_infill_y_axis = 0
; temperature_vitrification = 85
; template_custom_gcode =
; textured_cool_plate_temp = 40
; textured_cool_plate_temp_initial_layer = 40
; textured_plate_temp = 80
; textured_plate_temp_initial_layer = 80
; thick_bridges = 0
; thick_internal_bridges = 1
; thumbnails = 230x110/PNG
; thumbnails_format = PNG
; time_cost = 0
; time_lapse_gcode =
; timelapse_type = 0
; tool_change_on_wipe_tower = 0
; top_bottom_infill_wall_overlap = 25%
; top_shell_layers = 6
; top_shell_thickness = 1
; top_solid_infill_flow_ratio = 1
; top_surface_acceleration = 1000
; top_surface_density = 100%
; top_surface_filament_id = 0
; top_surface_jerk = 9
; top_surface_line_width = 0.42
; top_surface_pattern = monotonic
; top_surface_speed = 30
; travel_acceleration = 2000
; travel_jerk = 10
; travel_slope = 3
; travel_speed = 300
; travel_speed_z = 0
; tree_support_angle_slow = 25
; tree_support_auto_brim = 1
; tree_support_branch_angle = 40
; tree_support_branch_angle_organic = 40
; tree_support_branch_diameter = 5
; tree_support_branch_diameter_angle = 5
; tree_support_branch_diameter_organic = 2
; tree_support_branch_distance = 5
; tree_support_branch_distance_organic = 1
; tree_support_brim_width = 3
; tree_support_tip_diameter = 0.8
; tree_support_top_rate = 30%
; tree_support_wall_count = 0
; upward_compatible_machine =
; use_3mf = 0
; use_firmware_retraction = 0
; use_relative_e_distances = 1
; volumetric_speed_coefficients = ""
; wall_direction = ccw
; wall_distribution_count = 1
; wall_generator = classic
; wall_loops = 5
; wall_maximum_deviation = 0.025
; wall_maximum_resolution = 0.5
; wall_sequence = outer wall/inner wall
; wall_transition_angle = 10
; wall_transition_filter_deviation = 25%
; wall_transition_length = 100%
; wipe = 1
; wipe_before_external_loop = 0
; wipe_distance = 1
; wipe_on_loops = 0
; wipe_speed = 80%
; wipe_tower_bridging = 10
; wipe_tower_cone_angle = 15
; wipe_tower_extra_flow = 100%
; wipe_tower_extra_rib_length = 0
; wipe_tower_extra_spacing = 100%
; wipe_tower_filament = 0
; wipe_tower_fillet_wall = 1
; wipe_tower_max_purge_speed = 90
; wipe_tower_no_sparse_layers = 0
; wipe_tower_rib_width = 8
; wipe_tower_rotation_angle = 0
; wipe_tower_type = type2
; wipe_tower_wall_type = rib
; wipe_tower_x = 15.000
; wipe_tower_x = 15
; wipe_tower_y = 220.000
; wipe_tower_y = 220
; wiping_volumes_extruders = 70,70,70,70,70,70,70,70,70,70
; wrapping_detection_gcode =
; wrapping_detection_layers = 20
; wrapping_exclude_area =
; xy_contour_compensation = 0
; xy_hole_compensation = 0.1
; z_hop = 0.2
; z_hop_types = Auto Lift
; z_offset = 0
; zaa_dont_alternate_fill_direction = 0
; zaa_enabled = 0
; zaa_min_z = 0.05
; zaa_minimize_perimeter_height = 35
; first_layer_bed_temperature = 80
; bed_shape = 0x0,220x0,220x220,0x220
; first_layer_temperature = 235
; first_layer_height = 0.240
; CONFIG_BLOCK_END
