; HEADER_BLOCK_START
; generated by OrcaSlicer 2.4.2 on 2026-08-20 at 03:31:25
; total layer number: 174
; filament_density: 1.24
; filament_diameter: 1.75
; max_z_height: 27.92
; filament: 1
; HEADER_BLOCK_END

; external perimeters extrusion width = 0.42mm
; perimeters extrusion width = 0.45mm
; infill extrusion width = 0.45mm
; solid infill extrusion width = 0.42mm
; top infill extrusion width = 0.42mm
; first layer extrusion width = 0.50mm

; EXECUTABLE_BLOCK_START
M201 X2000 Y2000 Z800 E2000
M203 X300 Y300 Z8 E100
M204 P2000 R2000 T20000 ; sets acceleration (P, T) and retract acceleration (R), mm/sec^2
M205 X10.00 Y10.00 Z2.00 E5.00 ; sets the jerk limits, mm/sec
M205 J0.010
;TYPE:Custom
G21 ; metric values
G90 ; use absolute coordinates
M83 ; extruder relative mode
M104 S235 ; set extruder temp
M140 S80 ; set bed temp
G28 ; home all axes
G29 ; auto bed leveling
M300 S1318 P266
G1 Z5 F5000 ; lift nozzle
G1 X0 Y0 F3000
G1 Z0.3 ; lower nozzle
G92 E0 ; zero extruded length
G1 X10 Y5 F1800 ; move to purge line start
M190 S80 ; wait for bed temp
M109 S235 ; wait for extruder temp
G1 X60 Y5 E20 F500 ; purge line
G92 E0 ; zero extruded length
G1 E-1 F2100 ; controlled direct-drive retract
G92 E0 ; zero extruded length
G1 X120 F4000 ; wipe
M117 Printing...
G90
G21
M83 ; use relative distances for extrusion
; Filament gcode
;
M106 S0
;LAYER_CHANGE
;Z:0.24
;HEIGHT:0.24
G92 E0 ; zero the extruded length again
; BEFORE_LAYER_CHANGE 0 @ 0.24mm
G1 E-1 F2100
; AFTER_LAYER_CHANGE 0 @ 0.24mm
;_SET_FAN_SPEED_CHANGING_LAYER
M204 P500
M204 T2000
G1 X71.487 Y87.517 F9000
G1 Z.24
G1 Z.24
G1 E1 F2100
;TYPE:Brim
;WIDTH:0.5
G1 F1200
G1 X72.151 Y87.035 E.03487
G1 X72.868 Y86.634 E.03497
G1 X73.355 Y86.42 E.02258
G1 X74.239 Y86.125 E.03962
G1 X75.042 Y85.965 E.03479
G1 X76.008 Y85.898 E.04117
G1 X143.993 Y85.898 E2.89031
G1 X144.819 Y85.947 E.03515
G1 X145.623 Y86.091 E.03473
G1 X146.782 Y86.48 E.05196
G1 X147.62 Y86.898 E.03982
G1 X148.302 Y87.353 E.03484
G1 X148.926 Y87.885 E.03487
G1 X149.483 Y88.487 E.03487
G1 X149.965 Y89.151 E.03487
G1 X150.366 Y89.868 E.03494
G1 X150.619 Y90.456 E.02721
G1 X150.874 Y91.239 E.035
G1 X151.035 Y92.042 E.03482
G1 X151.102 Y93.008 E.04117
G1 X151.102 Y126.993 E1.44485
G1 X151.053 Y127.819 E.03515
G1 X150.909 Y128.623 E.03473
G1 X150.52 Y129.782 E.05196
G1 X150.102 Y130.62 E.03982
G1 X149.647 Y131.302 E.03484
G1 X149.115 Y131.926 E.03487
G1 X148.513 Y132.483 E.03487
G1 X147.849 Y132.965 E.03487
G1 X147.132 Y133.366 E.03497
G1 X146.645 Y133.58 E.02258
G1 X145.761 Y133.875 E.03962
G1 X144.958 Y134.035 E.03479
G1 X143.992 Y134.102 E.04117
G1 X76.007 Y134.102 E2.89031
G1 X75.181 Y134.053 E.03515
G1 X74.377 Y133.909 E.03473
G1 X73.218 Y133.52 E.05196
G1 X72.38 Y133.102 E.03982
G1 X71.698 Y132.647 E.03484
G1 X71.074 Y132.115 E.03487
G1 X70.517 Y131.513 E.03487
G1 X70.035 Y130.849 E.03487
G1 X69.634 Y130.132 E.03497
G1 X69.42 Y129.645 E.02258
G1 X69.125 Y128.761 E.03962
G1 X68.965 Y127.958 E.03479
G1 X68.898 Y126.992 E.04117
G1 X68.898 Y93.007 E1.44485
G1 X68.947 Y92.181 E.03515
G1 X69.091 Y91.377 E.03473
G1 X69.48 Y90.218 E.05196
G1 X69.898 Y89.38 E.03982
G1 X70.353 Y88.698 E.03484
G1 X70.885 Y88.074 E.03487
G1 X71.443 Y87.558 E.03232
G1 X71.748 Y87.888 F9000
G1 F1200
G1 X71.779 Y87.86 E.00178
G1 X72.4 Y87.41 E.03261
G1 X73.063 Y87.039 E.0323
G1 X73.511 Y86.842 E.02081
G1 X74.347 Y86.562 E.03747
G1 X75.11 Y86.41 E.03309
G1 X76.028 Y86.347 E.03911
G1 X143.984 Y86.347 E2.88906
G1 X144.758 Y86.393 E.03296
G1 X145.502 Y86.525 E.03212
G1 X146.601 Y86.892 E.04925
G1 X147.402 Y87.291 E.03805
G1 X148.037 Y87.716 E.03249
G1 X148.608 Y88.204 E.03194
G1 X149.14 Y88.779 E.03329
G1 X149.59 Y89.4 E.03261
G1 X149.96 Y90.06 E.03218
G1 X150.201 Y90.62 E.02591
G1 X150.437 Y91.345 E.03241
G1 X150.59 Y92.11 E.03317
G1 X150.653 Y93.028 E.03912
G1 X150.653 Y126.976 E1.44326
G1 X150.607 Y127.758 E.03329
G1 X150.47 Y128.521 E.03296
G1 X150.108 Y129.601 E.04841
G1 X149.709 Y130.402 E.03805
G1 X149.284 Y131.037 E.03249
G1 X148.785 Y131.62 E.03261
G1 X148.221 Y132.14 E.03262
G1 X147.6 Y132.59 E.03261
G1 X146.937 Y132.961 E.0323
G1 X146.489 Y133.158 E.02081
G1 X145.653 Y133.438 E.03747
G1 X144.89 Y133.59 E.03309
G1 X143.972 Y133.653 E.03912
G1 X76.024 Y133.653 E2.88872
G1 X75.242 Y133.607 E.03329
G1 X74.479 Y133.47 E.03296
G1 X73.399 Y133.108 E.04841
G1 X72.613 Y132.717 E.03733
G1 X71.963 Y132.284 E.0332
G1 X71.38 Y131.785 E.03261
G1 X70.86 Y131.221 E.03262
G1 X70.41 Y130.6 E.03261
G1 X70.039 Y129.937 E.0323
G1 X69.842 Y129.489 E.02081
G1 X69.562 Y128.653 E.03747
G1 X69.41 Y127.89 E.03309
G1 X69.347 Y126.972 E.03911
G1 X69.347 Y93.016 E1.4436
G1 X69.395 Y92.226 E.03363
G1 X69.53 Y91.479 E.03229
G1 X69.892 Y90.399 E.04841
G1 X70.283 Y89.613 E.03733
G1 X70.716 Y88.963 E.0332
G1 X71.215 Y88.38 E.03261
G1 X71.704 Y87.929 E.02828
G1 X72.009 Y88.259 F9000
G1 F1200
G1 X72.07 Y88.203 E.00354
G1 X72.649 Y87.785 E.03037
G1 X73.257 Y87.444 E.02965
G1 X73.667 Y87.263 E.01903
G1 X74.454 Y86.999 E.0353
G1 X75.178 Y86.855 E.03139
G1 X76.048 Y86.795 E.03706
G1 X143.967 Y86.796 E2.88747
G1 X144.697 Y86.838 E.03111
G1 X145.381 Y86.959 E.02952
G1 X146.42 Y87.304 E.04652
G1 X147.183 Y87.685 E.03626
G1 X147.759 Y88.07 E.02947
G1 X148.291 Y88.523 E.02969
G1 X148.797 Y89.07 E.0317
G1 X149.207 Y89.635 E.02968
G1 X149.554 Y90.253 E.03012
G1 X149.783 Y90.785 E.0246
G1 X150 Y91.451 E.0298
G1 X150.145 Y92.178 E.03152
G1 X150.205 Y93.048 E.03707
G1 X150.205 Y126.959 E1.44168
G1 X150.162 Y127.697 E.03143
G1 X150.031 Y128.419 E.03118
G1 X149.696 Y129.42 E.04488
G1 X149.315 Y130.183 E.03626
G1 X148.921 Y130.771 E.03012
G1 X148.456 Y131.314 E.03036
G1 X147.93 Y131.797 E.03036
G1 X147.351 Y132.215 E.03037
G1 X146.743 Y132.556 E.02965
G1 X146.333 Y132.737 E.01903
G1 X145.546 Y133.001 E.0353
G1 X144.822 Y133.145 E.03139
G1 X143.952 Y133.205 E.03706
G1 X76.041 Y133.205 E2.88714
G1 X75.303 Y133.162 E.03143
G1 X74.581 Y133.031 E.03118
G1 X73.58 Y132.696 E.04489
G1 X72.846 Y132.332 E.03484
G1 X72.241 Y131.93 E.03087
G1 X71.698 Y131.467 E.03035
G1 X71.203 Y130.93 E.03103
G1 X70.785 Y130.351 E.03037
G1 X70.444 Y129.743 E.02965
G1 X70.263 Y129.333 E.01903
G1 X69.999 Y128.546 E.0353
G1 X69.855 Y127.822 E.03139
G1 X69.795 Y126.952 E.03706
G1 X69.796 Y93.025 E1.44234
G1 X69.84 Y92.288 E.03141
G1 X69.969 Y91.582 E.03052
G1 X70.304 Y90.58 E.04491
G1 X70.668 Y89.846 E.03484
G1 X71.07 Y89.241 E.03087
G1 X71.533 Y88.698 E.03035
G1 X71.964 Y88.3 E.02494
G1 X72.269 Y88.629 F9000
G1 F1200
G1 X72.348 Y88.556 E.00459
G1 X72.897 Y88.159 E.02879
G1 X73.452 Y87.849 E.02704
G1 X73.823 Y87.684 E.01725
G1 X74.562 Y87.436 E.03312
G1 X75.246 Y87.3 E.02968
G1 X76.068 Y87.244 E.03501
G1 X143.95 Y87.244 E2.8859
G1 X144.637 Y87.284 E.02928
G1 X145.261 Y87.393 E.02693
G1 X146.239 Y87.717 E.04378
G1 X146.965 Y88.078 E.03446
G1 X147.494 Y88.434 E.02711
G1 X147.974 Y88.842 E.02678
G1 X148.455 Y89.361 E.0301
G1 X148.832 Y89.884 E.02743
G1 X149.148 Y90.446 E.02739
G1 X149.365 Y90.949 E.02329
G1 X149.563 Y91.557 E.0272
G1 X149.7 Y92.246 E.02986
G1 X149.756 Y93.068 E.03502
G1 X149.756 Y126.942 E1.44011
G1 X149.716 Y127.636 E.02955
G1 X149.593 Y128.316 E.0294
G1 X149.283 Y129.238 E.04135
G1 X148.922 Y129.964 E.03447
G1 X148.558 Y130.506 E.02774
G1 X148.127 Y131.007 E.0281
G1 X147.64 Y131.454 E.0281
G1 X147.103 Y131.841 E.02813
G1 X146.548 Y132.151 E.02704
G1 X146.177 Y132.316 E.01725
G1 X145.438 Y132.564 E.03312
G1 X144.754 Y132.7 E.02968
G1 X143.932 Y132.756 E.03501
G1 X76.058 Y132.756 E2.88557
G1 X75.348 Y132.714 E.03023
G1 X74.684 Y132.593 E.02872
G1 X73.76 Y132.283 E.0414
G1 X73.078 Y131.946 E.03235
G1 X72.518 Y131.576 E.02854
G1 X72.015 Y131.148 E.02807
G1 X71.556 Y130.652 E.02875
G1 X71.159 Y130.103 E.02879
G1 X70.849 Y129.548 E.02704
G1 X70.684 Y129.177 E.01725
G1 X70.436 Y128.438 E.03312
G1 X70.3 Y127.754 E.02968
G1 X70.244 Y126.932 E.03501
G1 X70.245 Y93.035 E1.44109
G1 X70.286 Y92.35 E.02918
G1 X70.407 Y91.684 E.02875
G1 X70.717 Y90.76 E.04143
G1 X71.054 Y90.078 E.03235
G1 X71.424 Y89.518 E.02854
G1 X71.852 Y89.015 E.02807
G1 X72.225 Y88.67 E.02161
G1 X72.53 Y89 F9000
G1 F1200
G1 X72.64 Y88.899 E.00636
G1 X73.146 Y88.534 E.02652
G1 X73.648 Y88.253 E.02445
G1 X73.98 Y88.105 E.01547
G1 X74.669 Y87.873 E.03092
G1 X75.314 Y87.745 E.02797
G1 X76.088 Y87.692 E.03295
G1 X143.933 Y87.693 E2.88433
G1 X144.578 Y87.73 E.02747
G1 X145.142 Y87.828 E.02434
G1 X146.059 Y88.13 E.04103
G1 X146.746 Y88.472 E.03264
G1 X147.229 Y88.797 E.02475
G1 X147.668 Y89.172 E.02456
G1 X148.101 Y89.64 E.02712
G1 X148.449 Y90.12 E.0252
G1 X148.742 Y90.639 E.02533
G1 X148.942 Y91.102 E.02145
G1 X149.13 Y91.679 E.02579
G1 X149.253 Y92.297 E.0268
G1 X149.307 Y93.079 E.03331
G1 X149.308 Y126.925 E1.43893
G1 X149.27 Y127.575 E.02766
G1 X149.154 Y128.214 E.02762
G1 X148.871 Y129.058 E.03784
G1 X148.529 Y129.745 E.03267
G1 X148.195 Y130.239 E.02533
G1 X147.798 Y130.7 E.02585
G1 X147.349 Y131.11 E.02585
G1 X146.855 Y131.466 E.0259
G1 X146.352 Y131.747 E.02447
G1 X146.02 Y131.895 E.01547
G1 X145.331 Y132.127 E.03092
G1 X144.686 Y132.255 E.02797
G1 X143.912 Y132.308 E.03295
G1 X76.075 Y132.308 E2.88399
G1 X75.41 Y132.268 E.02833
G1 X74.787 Y132.154 E.02695
G1 X73.94 Y131.87 E.03795
G1 X73.31 Y131.561 E.02987
G1 X72.795 Y131.221 E.0262
G1 X72.321 Y130.818 E.02646
G1 X71.899 Y130.36 E.02646
G1 X71.534 Y129.854 E.02652
G1 X71.253 Y129.352 E.02445
G1 X71.105 Y129.02 E.01547
G1 X70.873 Y128.331 E.03092
G1 X70.745 Y127.686 E.02797
G1 X70.692 Y126.912 E.03295
G1 X70.693 Y93.044 E1.43985
G1 X70.733 Y92.396 E.02763
G1 X70.846 Y91.787 E.0263
G1 X71.13 Y90.94 E.03798
G1 X71.439 Y90.31 E.02987
G1 X71.779 Y89.795 E.0262
G1 X72.182 Y89.321 E.02646
G1 X72.486 Y89.041 E.01755
G1 X72.79 Y89.372 F9000
G1 F1200
G1 X72.93 Y89.242 E.00813
G1 X73.394 Y88.909 E.02426
G1 X73.843 Y88.658 E.02189
G1 X74.137 Y88.526 E.0137
G1 X74.777 Y88.31 E.0287
G1 X75.382 Y88.19 E.02624
G1 X76.107 Y88.141 E.0309
G1 X143.916 Y88.141 E2.88277
G1 X144.519 Y88.176 E.02567
G1 X145.023 Y88.262 E.02176
G1 X145.879 Y88.543 E.03827
G1 X146.527 Y88.865 E.0308
G1 X146.963 Y89.159 E.02236
G1 X147.362 Y89.502 E.02235
G1 X147.749 Y89.919 E.02418
G1 X148.067 Y90.356 E.02299
G1 X148.336 Y90.833 E.02327
G1 X148.52 Y91.255 E.01958
G1 X148.693 Y91.785 E.02369
G1 X148.806 Y92.348 E.02443
G1 X148.859 Y93.089 E.0316
G1 X148.859 Y126.908 E1.43775
G1 X148.824 Y127.513 E.02576
G1 X148.715 Y128.111 E.02584
G1 X148.459 Y128.877 E.03433
G1 X148.135 Y129.526 E.03086
G1 X147.833 Y129.972 E.0229
G1 X147.47 Y130.392 E.02359
G1 X147.06 Y130.766 E.02359
G1 X146.607 Y131.09 E.02368
G1 X146.157 Y131.342 E.02193
G1 X145.863 Y131.474 E.0137
G1 X145.223 Y131.69 E.0287
G1 X144.618 Y131.81 E.02624
G1 X143.893 Y131.859 E.0309
G1 X76.093 Y131.859 E2.88241
G1 X75.472 Y131.823 E.02642
G1 X74.89 Y131.716 E.02517
G1 X74.12 Y131.457 E.03453
G1 X73.541 Y131.174 E.02741
G1 X73.059 Y130.857 E.02454
G1 X72.627 Y130.488 E.02414
G1 X72.242 Y130.07 E.02415
G1 X71.909 Y129.606 E.02426
G1 X71.658 Y129.157 E.02189
G1 X71.526 Y128.863 E.0137
G1 X71.31 Y128.223 E.0287
G1 X71.19 Y127.618 E.02624
G1 X71.141 Y126.893 E.0309
G1 X71.142 Y93.054 E1.4386
G1 X71.179 Y92.458 E.02537
G1 X71.284 Y91.891 E.02454
G1 X71.543 Y91.12 E.03458
G1 X71.826 Y90.541 E.02741
G1 X72.143 Y90.059 E.02454
G1 X72.512 Y89.627 E.02414
G1 X72.745 Y89.412 E.01347
G1 X73.05 Y89.743 F9000
G1 F1200
G1 X73.221 Y89.586 E.00988
G1 X73.642 Y89.285 E.02201
G1 X74.039 Y89.062 E.01938
G1 X74.295 Y88.947 E.01192
G1 X74.885 Y88.747 E.02647
G1 X75.45 Y88.635 E.02451
G1 X76.127 Y88.589 E.02884
G1 X143.899 Y88.59 E2.88123
G1 X144.46 Y88.622 E.0239
G1 X144.905 Y88.697 E.01918
G1 X145.699 Y88.956 E.03549
G1 X146.308 Y89.258 E.02893
G1 X146.697 Y89.522 E.01995
G1 X147.056 Y89.831 E.02016
G1 X147.396 Y90.199 E.02129
G1 X147.684 Y90.593 E.02078
G1 X147.931 Y91.027 E.0212
G1 X148.098 Y91.409 E.01771
G1 X148.256 Y91.891 E.0216
G1 X148.359 Y92.4 E.02206
G1 X148.41 Y93.101 E.02987
G1 X148.41 Y126.899 E1.43689
G1 X148.377 Y127.468 E.02422
G1 X148.277 Y128.008 E.02335
G1 X148.046 Y128.696 E.03084
G1 X147.751 Y129.292 E.02827
G1 X147.471 Y129.705 E.02122
G1 X147.142 Y130.084 E.02134
G1 X146.771 Y130.421 E.02134
G1 X146.36 Y130.715 E.02147
G1 X145.961 Y130.938 E.01944
G1 X145.705 Y131.053 E.01192
G1 X145.115 Y131.253 E.02647
G1 X144.55 Y131.365 E.02451
G1 X143.873 Y131.411 E.02884
G1 X76.11 Y131.411 E2.88085
G1 X75.534 Y131.377 E.0245
G1 X74.993 Y131.277 E.02339
G1 X74.299 Y131.044 E.03114
G1 X73.771 Y130.788 E.02494
G1 X73.336 Y130.502 E.02215
G1 X72.945 Y130.17 E.02182
G1 X72.586 Y129.779 E.02253
G1 X72.285 Y129.358 E.02201
G1 X72.062 Y128.961 E.01938
G1 X71.947 Y128.705 E.01192
G1 X71.747 Y128.115 E.02647
G1 X71.635 Y127.55 E.02451
G1 X71.589 Y126.873 E.02884
G1 X71.591 Y93.064 E1.43735
G1 X71.624 Y92.521 E.0231
G1 X71.722 Y91.995 E.02278
G1 X71.956 Y91.299 E.03121
G1 X72.212 Y90.771 E.02494
G1 X72.498 Y90.336 E.02215
G1 X72.83 Y89.945 E.02182
G1 X73.005 Y89.784 E.0101
G1 X73.308 Y90.115 F9000
G1 F1200
G1 X73.511 Y89.93 E.01165
G1 X73.876 Y89.668 E.01912
G1 X74.236 Y89.466 E.01755
G1 X74.466 Y89.363 E.01069
G1 X75.01 Y89.18 E.02441
G1 X75.518 Y89.079 E.02202
G1 X76.146 Y89.038 E.02678
G1 X143.882 Y89.038 E2.87969
G1 X144.402 Y89.068 E.02214
G1 X144.788 Y89.132 E.01662
G1 X145.519 Y89.369 E.03268
G1 X146.089 Y89.652 E.02705
G1 X146.429 Y89.884 E.01751
G1 X146.749 Y90.16 E.01797
G1 X147.044 Y90.478 E.01844
G1 X147.303 Y90.831 E.01859
G1 X147.526 Y91.222 E.01914
G1 X147.675 Y91.563 E.01583
G1 X147.819 Y91.999 E.01951
G1 X147.912 Y92.453 E.01969
G1 X147.961 Y93.112 E.02812
G1 X147.962 Y126.89 E1.43601
G1 X147.931 Y127.405 E.02196
G1 X147.839 Y127.904 E.02157
G1 X147.634 Y128.515 E.0274
G1 X147.358 Y129.073 E.02645
G1 X147.11 Y129.437 E.01873
G1 X146.815 Y129.775 E.01905
G1 X146.482 Y130.076 E.01909
G1 X146.125 Y130.331 E.01866
G1 X145.764 Y130.534 E.01761
G1 X145.535 Y130.637 E.01069
G1 X144.99 Y130.82 E.02441
G1 X144.482 Y130.921 E.02202
G1 X143.854 Y130.962 E.02678
G1 X76.127 Y130.962 E2.8793
G1 X75.597 Y130.931 E.02258
G1 X75.097 Y130.839 E.02161
G1 X74.477 Y130.631 E.02779
G1 X73.986 Y130.392 E.02321
G1 X73.599 Y130.137 E.01973
G1 X73.251 Y129.84 E.01946
G1 X72.93 Y129.489 E.02019
G1 X72.668 Y129.124 E.01912
G1 X72.466 Y128.764 E.01755
G1 X72.363 Y128.534 E.01069
G1 X72.18 Y127.99 E.02441
G1 X72.079 Y127.482 E.02202
G1 X72.038 Y126.854 E.02678
G1 X72.04 Y93.073 E1.43611
G1 X72.072 Y92.568 E.02152
G1 X72.16 Y92.098 E.02033
G1 X72.369 Y91.477 E.02787
G1 X72.608 Y90.986 E.02321
G1 X72.863 Y90.599 E.01973
G1 X73.16 Y90.251 E.01946
G1 X73.264 Y90.156 E.00599
G1 X73.562 Y90.519 F9000
G1 F1200
G1 X74.07 Y90.101 E.02795
G1 X74.703 Y89.765 E.03046
G1 X75.295 Y89.589 E.02625
G1 X76.073 Y89.486 E.03336
G1 X143.929 Y89.486 E2.88478
G1 X144.885 Y89.63 E.04112
G1 X145.056 Y89.684 E.00763
G1 X145.671 Y89.952 E.02851
G1 X146.392 Y90.461 E.03753
G1 X146.642 Y90.726 E.01548
G1 X146.999 Y91.216 E.02576
G1 X147.162 Y91.526 E.01492
G1 X147.318 Y91.948 E.01914
G1 X147.514 Y93.083 E.04894
G1 X147.514 Y126.929 E1.43889
G1 X147.37 Y127.885 E.04112
G1 X147.316 Y128.056 E.00763
G1 X147.048 Y128.671 E.02851
G1 X146.539 Y129.392 E.03753
G1 X146.274 Y129.642 E.01548
G1 X145.784 Y129.999 E.02576
G1 X145.474 Y130.162 E.01492
G1 X145.052 Y130.318 E.01914
G1 X143.917 Y130.514 E.04894
G1 X76.071 Y130.514 E2.88435
G1 X75.115 Y130.37 E.04112
G1 X74.944 Y130.316 E.00763
G1 X74.329 Y130.048 E.02851
G1 X73.608 Y129.539 E.03753
G1 X73.358 Y129.274 E.01548
G1 X73.001 Y128.784 E.02576
G1 X72.838 Y128.474 E.01492
G1 X72.682 Y128.051 E.01914
G1 X72.486 Y126.917 E.04894
G1 X72.486 Y93.06 E1.43937
G1 X72.587 Y92.28 E.03345
G1 X72.794 Y91.646 E.02838
G1 X73.13 Y91.037 E.02957
G1 X73.52 Y90.56 E.02616
G1 X73.867 Y90.844 F9000
G1 F1200
G1 X73.891 Y90.814 E.00164
G1 X74.357 Y90.446 E.02523
G1 X74.918 Y90.159 E.02679
G1 X75.347 Y90.034 E.019
G1 X76.064 Y89.935 E.03078
G1 X143.939 Y89.935 E2.88558
G1 X144.756 Y90.059 E.03514
G1 X144.87 Y90.092 E.00505
G1 X145.504 Y90.369 E.0294
G1 X146.062 Y90.764 E.02908
G1 X146.278 Y90.988 E.01321
G1 X146.6 Y91.421 E.02297
G1 X146.744 Y91.687 E.01284
G1 X146.875 Y92.017 E.01509
G1 X147.065 Y93.071 E.04556
G1 X147.065 Y126.939 E1.43981
G1 X146.941 Y127.756 E.03515
G1 X146.908 Y127.87 E.00505
G1 X146.631 Y128.504 E.0294
G1 X146.236 Y129.062 E.02908
G1 X146.012 Y129.278 E.01321
G1 X145.579 Y129.6 E.02297
G1 X145.313 Y129.744 E.01284
G1 X144.983 Y129.875 E.01509
G1 X143.929 Y130.065 E.04556
G1 X76.061 Y130.065 E2.88527
G1 X75.244 Y129.941 E.03515
G1 X75.13 Y129.908 E.00505
G1 X74.496 Y129.631 E.0294
G1 X73.938 Y129.236 E.02908
G1 X73.722 Y129.012 E.01321
G1 X73.4 Y128.579 E.02297
G1 X73.256 Y128.313 E.01284
G1 X73.125 Y127.983 E.0151
G1 X72.935 Y126.929 E.04555
G1 X72.935 Y93.052 E1.44022
G1 X73.011 Y92.423 E.02691
G1 X73.185 Y91.865 E.02485
G1 X73.469 Y91.33 E.02576
G1 X73.829 Y90.891 E.02413
G1 X74.166 Y91.169 F9000
G1 F1200
G1 X74.558 Y90.847 E.02156
G1 X75.038 Y90.591 E.02314
G1 X75.404 Y90.479 E.01625
G1 X76.055 Y90.383 E.02797
G1 X143.949 Y90.383 E2.88641
G1 X144.692 Y90.503 E.03199
G1 X145.24 Y90.731 E.02524
G1 X145.737 Y91.073 E.02566
G1 X145.917 Y91.254 E.01085
G1 X146.201 Y91.626 E.01988
G1 X146.353 Y91.907 E.01359
G1 X146.461 Y92.189 E.01282
G1 X146.617 Y93.059 E.03762
G1 X146.617 Y126.949 E1.44075
G1 X146.497 Y127.692 E.03199
G1 X146.269 Y128.24 E.02524
G1 X145.927 Y128.737 E.02566
G1 X145.746 Y128.917 E.01085
G1 X145.374 Y129.201 E.01988
G1 X145.093 Y129.353 E.01359
G1 X144.811 Y129.461 E.01282
G1 X143.941 Y129.617 E.03762
G1 X76.051 Y129.617 E2.88621
G1 X75.308 Y129.497 E.03199
G1 X74.76 Y129.269 E.02524
G1 X74.263 Y128.927 E.02566
G1 X74.083 Y128.746 E.01085
G1 X73.799 Y128.374 E.01988
G1 X73.647 Y128.093 E.01359
G1 X73.539 Y127.811 E.01282
G1 X73.383 Y126.941 E.03761
G1 X73.383 Y93.044 E1.44108
G1 X73.439 Y92.559 E.02073
G1 X73.58 Y92.078 E.02133
G1 X73.815 Y91.615 E.02206
G1 X74.129 Y91.216 E.02158
G1 X74.449 Y91.517 F9000
G1 F1200
G1 X74.767 Y91.244 E.01784
G1 X75.167 Y91.021 E.01946
G1 X75.466 Y90.924 E.01335
G1 X76.045 Y90.832 E.02494
G1 X143.958 Y90.832 E2.88724
G1 X144.523 Y90.919 E.02428
G1 X144.981 Y91.098 E.02091
G1 X145.419 Y91.39 E.02238
G1 X145.56 Y91.526 E.00833
G1 X145.806 Y91.839 E.01694
G1 X145.931 Y92.059 E.01076
G1 X146.046 Y92.361 E.01373
G1 X146.168 Y93.047 E.02964
G1 X146.168 Y126.958 E1.44167
G1 X146.081 Y127.523 E.02428
G1 X145.902 Y127.981 E.02091
G1 X145.61 Y128.419 E.02238
G1 X145.474 Y128.56 E.00833
G1 X145.161 Y128.806 E.01694
G1 X144.941 Y128.931 E.01076
G1 X144.639 Y129.046 E.01373
G1 X143.953 Y129.168 E.02964
G1 X76.042 Y129.168 E2.88713
G1 X75.477 Y129.081 E.02428
G1 X75.019 Y128.902 E.02091
G1 X74.581 Y128.61 E.02238
G1 X74.44 Y128.474 E.00833
G1 X74.194 Y128.161 E.01694
G1 X74.069 Y127.941 E.01076
G1 X73.954 Y127.639 E.01373
G1 X73.832 Y126.953 E.02964
G1 X73.832 Y93.036 E1.44192
G1 X73.885 Y92.604 E.01851
G1 X74.011 Y92.202 E.0179
G1 X74.216 Y91.817 E.01856
G1 X74.412 Y91.564 E.01358
G1 X74.757 Y91.848 F9000
G1 F1200
G1 X74.801 Y91.794 E.00297
G1 X75.058 Y91.585 E.01405
G1 X75.307 Y91.447 E.01212
G1 X75.533 Y91.367 E.01022
G1 X76.034 Y91.28 E.02161
G1 X143.969 Y91.28 E2.88813
G1 X144.362 Y91.337 E.0169
G1 X144.727 Y91.467 E.01646
G1 X145.113 Y91.717 E.01956
G1 X145.208 Y91.803 E.00543
G1 X145.416 Y92.059 E.01403
G1 X145.517 Y92.232 E.00852
G1 X145.604 Y92.435 E.00941
G1 X145.72 Y93.036 E.026
G1 X145.72 Y126.969 E1.44261
G1 X145.663 Y127.362 E.0169
G1 X145.533 Y127.727 E.01646
G1 X145.283 Y128.113 E.01956
G1 X145.197 Y128.208 E.00543
G1 X144.941 Y128.416 E.01403
G1 X144.768 Y128.517 E.00852
G1 X144.565 Y128.604 E.00941
G1 X143.964 Y128.72 E.026
G1 X76.031 Y128.72 E2.88807
G1 X75.638 Y128.663 E.0169
G1 X75.273 Y128.533 E.01646
G1 X74.887 Y128.283 E.01956
G1 X74.792 Y128.197 E.00543
G1 X74.584 Y127.941 E.01403
G1 X74.483 Y127.768 E.00852
G1 X74.396 Y127.565 E.00941
G1 X74.28 Y126.964 E.026
G1 X74.28 Y93.028 E1.44277
G1 X74.315 Y92.732 E.01264
G1 X74.401 Y92.424 E.01361
G1 X74.617 Y92.017 E.01958
G1 X74.719 Y91.894 E.00678
G1 X75.06 Y92.172 F9000
G1 F1200
G1 X75.085 Y92.141 E.0017
G1 X75.277 Y91.977 E.01073
G1 X75.466 Y91.866 E.00932
G1 X75.61 Y91.809 E.00659
G1 X76.023 Y91.729 E.01787
G1 X143.978 Y91.729 E2.88903
G1 X144.301 Y91.781 E.01391
G1 X144.573 Y91.888 E.01244
G1 X144.863 Y92.089 E.01496
G1 X145.023 Y92.277 E.01051
G1 X145.134 Y92.466 E.00932
G1 X145.191 Y92.61 E.00659
G1 X145.271 Y93.023 E.01787
G1 X145.271 Y126.978 E1.44357
G1 X145.219 Y127.301 E.01391
G1 X145.112 Y127.573 E.01244
G1 X144.911 Y127.863 E.01496
G1 X144.723 Y128.023 E.01051
G1 X144.534 Y128.134 E.00932
G1 X144.39 Y128.191 E.00659
G1 X143.977 Y128.271 E.01787
G1 X76.022 Y128.271 E2.88903
G1 X75.699 Y128.219 E.01391
G1 X75.427 Y128.112 E.01244
G1 X75.137 Y127.911 E.01496
G1 X74.977 Y127.723 E.01051
G1 X74.866 Y127.534 E.00932
G1 X74.809 Y127.39 E.00659
G1 X74.729 Y126.977 E.01787
G1 X74.729 Y93.02 E1.44365
G1 X74.76 Y92.783 E.01016
G1 X74.833 Y92.543 E.01066
G1 X75.011 Y92.231 E.01525
G1 X75.022 Y92.218 E.00072
G1 X75.393 Y92.466 F9000
G1 F1200
G1 X75.493 Y92.37 E.00592
G1 X75.702 Y92.247 E.01027
G1 X76.01 Y92.177 E.01344
G1 X143.989 Y92.177 E2.89004
G1 X144.152 Y92.204 E.00703
G1 X144.326 Y92.262 E.00779
G1 X144.534 Y92.393 E.01044
G1 X144.63 Y92.493 E.00592
G1 X144.753 Y92.702 E.01027
G1 X144.823 Y93.01 E.01345
G1 X144.823 Y126.989 E1.44458
G1 X144.796 Y127.152 E.00703
G1 X144.738 Y127.326 E.00779
G1 X144.607 Y127.534 E.01044
G1 X144.507 Y127.63 E.00592
G1 X144.298 Y127.753 E.01027
G1 X143.99 Y127.823 E.01345
G1 X76.011 Y127.823 E2.89004
G1 X75.848 Y127.796 E.00703
G1 X75.674 Y127.738 E.00779
G1 X75.466 Y127.607 E.01044
G1 X75.37 Y127.507 E.00592
G1 X75.247 Y127.298 E.01027
G1 X75.177 Y126.99 E.01344
G1 X75.177 Y93.011 E1.44458
G1 X75.204 Y92.848 E.00703
G1 X75.262 Y92.674 E.00779
G1 X75.361 Y92.517 E.00789
G1 X75.692 Y92.8 F9000
G1 F1200
G1 X75.816 Y92.681 E.0073
G1 X76 Y92.626 E.00817
G1 X144 Y92.626 E2.89092
G1 X144.2 Y92.692 E.00894
G1 X144.319 Y92.816 E.0073
G1 X144.374 Y93 E.00817
G1 X144.374 Y127 E1.44546
G1 X144.308 Y127.2 E.00894
G1 X144.184 Y127.319 E.0073
G1 X144 Y127.374 E.00817
G1 X76 Y127.374 E2.89092
G1 X75.8 Y127.308 E.00894
G1 X75.681 Y127.184 E.0073
G1 X75.626 Y127 E.00817
G1 X75.626 Y93 E1.44546
G1 X75.673 Y92.857 E.00639
; printing object pod_header_usb_coupon.stl id:0 copy 0
G1 E-.7 F2100
;WIPE_START
G1 F1200
G1 X75.816 Y92.681 E-.06795
G1 X76 Y92.626 E-.05769
G1 X76.581 Y92.626 E-.17436
;WIPE_END
G1 X143.675 Y126.675 F9000
G1 E1 F2100
;TYPE:Outer wall
G1 F1200
G1 X76.325 Y126.675 E2.86329
G1 X76.325 Y93.325 E1.41783
G1 X143.675 Y93.325 E2.86329
G1 X143.675 Y126.615 E1.41527
G1 X143.227 Y126.227 F9000
;TYPE:Inner wall
G1 F1200
G1 X76.773 Y126.227 E2.82515
G1 X76.773 Y93.773 E1.37969
G1 X143.227 Y93.773 E2.82515
G1 X143.227 Y126.167 E1.37714
G1 X142.778 Y125.778 F9000
G1 F1200
G1 X77.222 Y125.778 E2.78702
G1 X77.222 Y94.222 E1.34156
G1 X142.778 Y94.222 E2.78702
G1 X142.778 Y125.718 E1.33901
G1 X142.33 Y125.33 F9000
G1 F1200
G1 X77.67 Y125.33 E2.74888
G1 X77.67 Y94.67 E1.30342
G1 X142.33 Y94.67 E2.74888
G1 X142.33 Y125.27 E1.30087
G1 X141.881 Y124.881 F9000
G1 F1200
G1 X78.119 Y124.881 E2.71075
G1 X78.119 Y95.119 E1.26529
G1 X141.881 Y95.119 E2.71075
G1 X141.881 Y124.821 E1.26274
G1 E-.7 F2100
;WIPE_START
G1 F1200
G1 X140.881 Y124.822 E-.3
;WIPE_END
G1 X141.746 Y95.458 F9000
G1 E1 F2100
;TYPE:Bottom surface
;WIDTH:0.505931
G1 F1200
G1 X78.455 Y95.458 E2.72631
G1 X78.455 Y95.913 E.01957
G1 X141.545 Y95.913 E2.71762
G1 X141.545 Y96.367 E.01957
G1 X78.455 Y96.367 E2.71762
G1 X78.455 Y96.822 E.01957
G1 X141.545 Y96.822 E2.71762
G1 X141.545 Y97.276 E.01957
G1 X78.455 Y97.276 E2.71762
G1 X78.455 Y97.731 E.01957
G1 X141.545 Y97.731 E2.71762
G1 X141.545 Y98.185 E.01957
G1 X78.455 Y98.185 E2.71762
G1 X78.455 Y98.639 E.01957
G1 X141.545 Y98.639 E2.71762
G1 X141.545 Y99.094 E.01957
G1 X78.455 Y99.094 E2.71762
G1 X78.455 Y99.548 E.01957
G1 X141.545 Y99.548 E2.71762
G1 X141.545 Y100.003 E.01957
G1 X78.455 Y100.003 E2.71762
G1 X78.455 Y100.457 E.01957
G1 X141.545 Y100.457 E2.71762
G1 X141.545 Y100.911 E.01957
G1 X78.455 Y100.911 E2.71762
G1 X78.455 Y101.366 E.01957
G1 X141.545 Y101.366 E2.71762
G1 X141.545 Y101.82 E.01957
G1 X78.455 Y101.82 E2.71762
G1 X78.455 Y102.275 E.01957
G1 X141.545 Y102.275 E2.71762
G1 X141.545 Y102.729 E.01957
G1 X78.455 Y102.729 E2.71762
G1 X78.455 Y103.184 E.01957
G1 X141.545 Y103.184 E2.71762
G1 X141.545 Y103.638 E.01957
G1 X78.455 Y103.638 E2.71762
G1 X78.455 Y104.092 E.01957
G1 X141.545 Y104.092 E2.71762
G1 X141.545 Y104.547 E.01957
G1 X78.455 Y104.547 E2.71762
G1 X78.455 Y105.001 E.01957
G1 X141.545 Y105.001 E2.71762
G1 X141.545 Y105.456 E.01957
G1 X78.455 Y105.456 E2.71762
G1 X78.455 Y105.91 E.01957
G1 X141.545 Y105.91 E2.71762
G1 X141.545 Y106.365 E.01957
G1 X78.455 Y106.365 E2.71762
G1 X78.455 Y106.819 E.01957
G1 X141.545 Y106.819 E2.71762
G1 X141.545 Y107.273 E.01957
G1 X78.455 Y107.273 E2.71762
G1 X78.455 Y107.728 E.01957
G1 X141.545 Y107.728 E2.71762
G1 X141.545 Y108.182 E.01957
G1 X78.455 Y108.182 E2.71762
G1 X78.455 Y108.637 E.01957
G1 X141.545 Y108.637 E2.71762
G1 X141.545 Y109.091 E.01957
G1 X78.455 Y109.091 E2.71762
G1 X78.455 Y109.546 E.01957
G1 X141.545 Y109.546 E2.71762
G1 X141.545 Y110 E.01957
G1 X78.455 Y110 E2.71762
G1 X78.455 Y110.454 E.01957
G1 X141.545 Y110.454 E2.71762
G1 X141.545 Y110.909 E.01957
G1 X78.455 Y110.909 E2.71762
G1 X78.455 Y111.363 E.01957
G1 X141.545 Y111.363 E2.71762
G1 X141.545 Y111.818 E.01957
G1 X78.455 Y111.818 E2.71762
G1 X78.455 Y112.272 E.01957
G1 X141.545 Y112.272 E2.71762
G1 X141.545 Y112.727 E.01957
G1 X78.455 Y112.727 E2.71762
G1 X78.455 Y113.181 E.01957
G1 X141.545 Y113.181 E2.71762
G1 X141.545 Y113.635 E.01957
G1 X78.455 Y113.635 E2.71762
G1 X78.455 Y114.09 E.01957
G1 X141.545 Y114.09 E2.71762
G1 X141.545 Y114.544 E.01957
G1 X78.455 Y114.544 E2.71762
G1 X78.455 Y114.999 E.01957
G1 X141.545 Y114.999 E2.71762
G1 X141.545 Y115.453 E.01957
G1 X78.455 Y115.453 E2.71762
G1 X78.455 Y115.908 E.01957
G1 X141.545 Y115.908 E2.71762
G1 X141.545 Y116.362 E.01957
G1 X78.455 Y116.362 E2.71762
G1 X78.455 Y116.816 E.01957
G1 X141.545 Y116.816 E2.71762
G1 X141.545 Y117.271 E.01957
G1 X78.455 Y117.271 E2.71762
G1 X78.455 Y117.725 E.01957
G1 X141.545 Y117.725 E2.71762
G1 X141.545 Y118.18 E.01957
G1 X78.455 Y118.18 E2.71762
G1 X78.455 Y118.634 E.01957
G1 X141.545 Y118.634 E2.71762
G1 X141.545 Y119.089 E.01957
G1 X78.455 Y119.089 E2.71762
G1 X78.455 Y119.543 E.01957
G1 X141.545 Y119.543 E2.71762
G1 X141.545 Y119.997 E.01957
G1 X78.455 Y119.997 E2.71762
G1 X78.455 Y120.452 E.01957
G1 X141.545 Y120.452 E2.71762
G1 X141.545 Y120.906 E.01957
G1 X78.455 Y120.906 E2.71762
G1 X78.455 Y121.361 E.01957
G1 X141.545 Y121.361 E2.71762
G1 X141.545 Y121.815 E.01957
G1 X78.455 Y121.815 E2.71762
G1 X78.455 Y122.27 E.01957
G1 X141.545 Y122.27 E2.71762
G1 X141.545 Y122.724 E.01957
G1 X78.455 Y122.724 E2.71762
G1 X78.455 Y123.178 E.01957
G1 X141.545 Y123.178 E2.71762
G1 X141.545 Y123.633 E.01957
G1 X78.455 Y123.633 E2.71762
G1 X78.455 Y124.087 E.01957
G1 X141.545 Y124.087 E2.71762
G1 X141.545 Y124.542 E.01957
G1 X78.254 Y124.542 E2.72631
; stop printing object pod_header_usb_coupon.stl id:0 copy 0
;LAYER_CHANGE
;Z:0.4
;HEIGHT:0.16
G92 E0 ; zero the extruded length again
; BEFORE_LAYER_CHANGE 1 @ 0.4mm
G1 E-.7 F2100
;WIPE_START
G1 F1200
G1 X79.254 Y124.542 E-.3
;WIPE_END
; AFTER_LAYER_CHANGE 1 @ 0.4mm
;_SET_FAN_SPEED_CHANGING_LAYER
M204 P1000
M104 S230 ; set nozzle temperature
; printing object pod_header_usb_coupon.stl id:0 copy 0
G1 X83.068 Y124.651 Z.6 F9000
G1 X143.376 Y126.376 Z.6
G1 X143.79 Y126.79
G1 Z.4
G1 E1 F2100
;TYPE:Outer wall
;WIDTH:0.42
G1 F1800
G1 X76.21 Y126.79 E1.64704
G1 X76.21 Y93.21 E.8184
G1 X143.79 Y93.21 E1.64704
G1 X143.79 Y126.73 E.81694
G1 X143.376 Y126.376 F9000
G1 X143.389 Y126.389
M204 P1500
;TYPE:Inner wall
;WIDTH:0.45
G1 F2700
G1 X76.611 Y126.389 E1.75411
G1 X76.611 Y93.611 E.86102
G1 X143.389 Y93.611 E1.75411
G1 X143.389 Y126.329 E.85944
G1 X142.974 Y125.974 F9000
G1 F2700
G1 X77.026 Y125.974 E1.73228
G1 X77.026 Y94.026 E.83918
G1 X142.974 Y94.026 E1.73228
G1 X142.974 Y125.914 E.8376
G1 X142.558 Y125.558 F9000
G1 F2700
G1 X77.442 Y125.558 E1.71044
G1 X77.442 Y94.442 E.81734
G1 X142.558 Y94.442 E1.71044
G1 X142.558 Y125.498 E.81577
G1 X142.142 Y125.142 F9000
G1 F2700
G1 X77.858 Y125.142 E1.6886
G1 X77.858 Y94.858 E.79551
G1 X142.142 Y94.858 E1.6886
G1 X142.142 Y125.082 E.79393
G1 X141.801 Y124.975 F9000
M204 P1000
;TYPE:Internal solid infill
;WIDTH:0.422149
G1 F3600
G1 X141.801 Y95.198 E.72976
G1 X141.413 Y95.198 E.0095
G1 X141.413 Y124.802 E.72551
G1 X141.025 Y124.802 E.0095
G1 X141.025 Y95.198 E.72551
G1 X140.637 Y95.198 E.0095
G1 X140.637 Y124.802 E.72551
G1 X140.249 Y124.802 E.0095
G1 X140.249 Y95.198 E.72551
G1 X139.862 Y95.198 E.0095
G1 X139.862 Y124.802 E.72551
G1 X139.474 Y124.802 E.0095
G1 X139.474 Y95.198 E.72551
G1 X139.086 Y95.198 E.0095
G1 X139.086 Y124.802 E.72551
G1 X138.698 Y124.802 E.0095
G1 X138.698 Y95.198 E.72551
G1 X138.31 Y95.198 E.0095
G1 X138.31 Y124.802 E.72551
G1 X137.923 Y124.802 E.0095
G1 X137.923 Y95.198 E.72551
G1 X137.535 Y95.198 E.0095
G1 X137.535 Y124.802 E.72551
G1 X137.147 Y124.802 E.0095
G1 X137.147 Y95.198 E.72551
G1 X136.759 Y95.198 E.0095
G1 X136.759 Y124.802 E.72551
G1 X136.371 Y124.802 E.0095
G1 X136.371 Y95.198 E.72551
G1 X135.983 Y95.198 E.0095
G1 X135.983 Y124.802 E.72551
G1 X135.596 Y124.802 E.0095
G1 X135.596 Y95.198 E.72551
G1 X135.208 Y95.198 E.0095
G1 X135.208 Y124.802 E.72551
G1 X134.82 Y124.802 E.0095
G1 X134.82 Y95.198 E.72551
G1 X134.432 Y95.198 E.0095
G1 X134.432 Y124.802 E.72551
G1 X134.044 Y124.802 E.0095
G1 X134.044 Y95.198 E.72551
G1 X133.657 Y95.198 E.0095
G1 X133.657 Y124.802 E.72551
G1 X133.269 Y124.802 E.0095
G1 X133.269 Y95.198 E.72551
G1 X132.881 Y95.198 E.0095
G1 X132.881 Y124.802 E.72551
G1 X132.493 Y124.802 E.0095
G1 X132.493 Y95.198 E.72551
G1 X132.105 Y95.198 E.0095
G1 X132.105 Y124.802 E.72551
G1 X131.718 Y124.802 E.0095
G1 X131.718 Y95.198 E.72551
G1 X131.33 Y95.198 E.0095
G1 X131.33 Y124.802 E.72551
G1 X130.942 Y124.802 E.0095
G1 X130.942 Y95.198 E.72551
G1 X130.554 Y95.198 E.0095
G1 X130.554 Y124.802 E.72551
G1 X130.166 Y124.802 E.0095
G1 X130.166 Y95.198 E.72551
G1 X129.778 Y95.198 E.0095
G1 X129.778 Y124.802 E.72551
G1 X129.391 Y124.802 E.0095
G1 X129.391 Y95.198 E.72551
G1 X129.003 Y95.198 E.0095
G1 X129.003 Y124.802 E.72551
G1 X128.615 Y124.802 E.0095
G1 X128.615 Y95.198 E.72551
G1 X128.227 Y95.198 E.0095
G1 X128.227 Y124.802 E.72551
G1 X127.839 Y124.802 E.0095
G1 X127.839 Y95.198 E.72551
G1 X127.452 Y95.198 E.0095
G1 X127.452 Y124.802 E.72551
G1 X127.064 Y124.802 E.0095
G1 X127.064 Y95.198 E.72551
G1 X126.676 Y95.198 E.0095
G1 X126.676 Y124.802 E.72551
G1 X126.288 Y124.802 E.0095
G1 X126.288 Y95.198 E.72551
G1 X125.9 Y95.198 E.0095
G1 X125.9 Y124.802 E.72551
G1 X125.513 Y124.802 E.0095
G1 X125.513 Y95.198 E.72551
G1 X125.125 Y95.198 E.0095
G1 X125.125 Y124.802 E.72551
G1 X124.737 Y124.802 E.0095
G1 X124.737 Y95.198 E.72551
G1 X124.349 Y95.198 E.0095
G1 X124.349 Y124.802 E.72551
G1 X123.961 Y124.802 E.0095
G1 X123.961 Y95.198 E.72551
G1 X123.573 Y95.198 E.0095
G1 X123.573 Y124.802 E.72551
G1 X123.186 Y124.802 E.0095
G1 X123.186 Y95.198 E.72551
G1 X122.798 Y95.198 E.0095
G1 X122.798 Y124.802 E.72551
G1 X122.41 Y124.802 E.0095
G1 X122.41 Y95.198 E.72551
G1 X122.022 Y95.198 E.0095
G1 X122.022 Y124.802 E.72551
G1 X121.634 Y124.802 E.0095
G1 X121.634 Y95.198 E.72551
G1 X121.247 Y95.198 E.0095
G1 X121.247 Y124.802 E.72551
G1 X120.859 Y124.802 E.0095
G1 X120.859 Y95.198 E.72551
G1 X120.471 Y95.198 E.0095
G1 X120.471 Y124.802 E.72551
G1 X120.083 Y124.802 E.0095
G1 X120.083 Y95.198 E.72551
G1 X119.695 Y95.198 E.0095
G1 X119.695 Y124.802 E.72551
G1 X119.308 Y124.802 E.0095
G1 X119.308 Y95.198 E.72551
G1 X118.92 Y95.198 E.0095
G1 X118.92 Y124.802 E.72551
G1 X118.532 Y124.802 E.0095
G1 X118.532 Y95.198 E.72551
G1 X118.144 Y95.198 E.0095
G1 X118.144 Y124.802 E.72551
G1 X117.756 Y124.802 E.0095
G1 X117.756 Y95.198 E.72551
G1 X117.368 Y95.198 E.0095
G1 X117.368 Y124.802 E.72551
G1 X116.981 Y124.802 E.0095
G1 X116.981 Y95.198 E.72551
G1 X116.593 Y95.198 E.0095
G1 X116.593 Y124.802 E.72551
G1 X116.205 Y124.802 E.0095
G1 X116.205 Y95.198 E.72551
G1 X115.817 Y95.198 E.0095
G1 X115.817 Y124.802 E.72551
G1 X115.429 Y124.802 E.0095
G1 X115.429 Y95.198 E.72551
G1 X115.042 Y95.198 E.0095
G1 X115.042 Y124.802 E.72551
G1 X114.654 Y124.802 E.0095
G1 X114.654 Y95.198 E.72551
G1 X114.266 Y95.198 E.0095
G1 X114.266 Y124.802 E.72551
G1 X113.878 Y124.802 E.0095
G1 X113.878 Y95.198 E.72551
G1 X113.49 Y95.198 E.0095
G1 X113.49 Y124.802 E.72551
G1 X113.103 Y124.802 E.0095
G1 X113.103 Y95.198 E.72551
G1 X112.715 Y95.198 E.0095
G1 X112.715 Y124.802 E.72551
G1 X112.327 Y124.802 E.0095
G1 X112.327 Y95.198 E.72551
G1 X111.939 Y95.198 E.0095
G1 X111.939 Y124.802 E.72551
G1 X111.551 Y124.802 E.0095
G1 X111.551 Y95.198 E.72551
G1 X111.163 Y95.198 E.0095
G1 X111.163 Y124.802 E.72551
G1 X110.776 Y124.802 E.0095
G1 X110.776 Y95.198 E.72551
G1 X110.388 Y95.198 E.0095
G1 X110.388 Y124.802 E.72551
G1 X110 Y124.802 E.0095
G1 X110 Y95.198 E.72551
G1 X109.612 Y95.198 E.0095
G1 X109.612 Y124.802 E.72551
G1 X109.224 Y124.802 E.0095
G1 X109.224 Y95.198 E.72551
G1 X108.837 Y95.198 E.0095
G1 X108.837 Y124.802 E.72551
G1 X108.449 Y124.802 E.0095
G1 X108.449 Y95.198 E.72551
G1 X108.061 Y95.198 E.0095
G1 X108.061 Y124.802 E.72551
G1 X107.673 Y124.802 E.0095
G1 X107.673 Y95.198 E.72551
G1 X107.285 Y95.198 E.0095
G1 X107.285 Y124.802 E.72551
G1 X106.897 Y124.802 E.0095
G1 X106.897 Y95.198 E.72551
G1 X106.51 Y95.198 E.0095
G1 X106.51 Y124.802 E.72551
G1 X106.122 Y124.802 E.0095
G1 X106.122 Y95.198 E.72551
G1 X105.734 Y95.198 E.0095
G1 X105.734 Y124.802 E.72551
G1 X105.346 Y124.802 E.0095
G1 X105.346 Y95.198 E.72551
G1 X104.958 Y95.198 E.0095
G1 X104.958 Y124.802 E.72551
G1 X104.571 Y124.802 E.0095
G1 X104.571 Y95.198 E.72551
G1 X104.183 Y95.198 E.0095
G1 X104.183 Y124.802 E.72551
G1 X103.795 Y124.802 E.0095
G1 X103.795 Y95.198 E.72551
G1 X103.407 Y95.198 E.0095
G1 X103.407 Y124.802 E.72551
G1 X103.019 Y124.802 E.0095
G1 X103.019 Y95.198 E.72551
G1 X102.632 Y95.198 E.0095
G1 X102.632 Y124.802 E.72551
G1 X102.244 Y124.802 E.0095
G1 X102.244 Y95.198 E.72551
G1 X101.856 Y95.198 E.0095
G1 X101.856 Y124.802 E.72551
G1 X101.468 Y124.802 E.0095
G1 X101.468 Y95.198 E.72551
G1 X101.08 Y95.198 E.0095
G1 X101.08 Y124.802 E.72551
G1 X100.692 Y124.802 E.0095
G1 X100.692 Y95.198 E.72551
G1 X100.305 Y95.198 E.0095
G1 X100.305 Y124.802 E.72551
G1 X99.917 Y124.802 E.0095
G1 X99.917 Y95.198 E.72551
G1 X99.529 Y95.198 E.0095
G1 X99.529 Y124.802 E.72551
G1 X99.141 Y124.802 E.0095
G1 X99.141 Y95.198 E.72551
G1 X98.753 Y95.198 E.0095
G1 X98.753 Y124.802 E.72551
G1 X98.366 Y124.802 E.0095
G1 X98.366 Y95.198 E.72551
G1 X97.978 Y95.198 E.0095
G1 X97.978 Y124.802 E.72551
G1 X97.59 Y124.802 E.0095
G1 X97.59 Y95.198 E.72551
G1 X97.202 Y95.198 E.0095
G1 X97.202 Y124.802 E.72551
G1 X96.814 Y124.802 E.0095
G1 X96.814 Y95.198 E.72551
G1 X96.427 Y95.198 E.0095
G1 X96.427 Y124.802 E.72551
G1 X96.039 Y124.802 E.0095
G1 X96.039 Y95.198 E.72551
G1 X95.651 Y95.198 E.0095
G1 X95.651 Y124.802 E.72551
G1 X95.263 Y124.802 E.0095
G1 X95.263 Y95.198 E.72551
G1 X94.875 Y95.198 E.0095
G1 X94.875 Y124.802 E.72551
G1 X94.487 Y124.802 E.0095
G1 X94.487 Y95.198 E.72551
G1 X94.1 Y95.198 E.0095
G1 X94.1 Y124.802 E.72551
G1 X93.712 Y124.802 E.0095
G1 X93.712 Y95.198 E.72551
G1 X93.324 Y95.198 E.0095
G1 X93.324 Y124.802 E.72551
G1 X92.936 Y124.802 E.0095
G1 X92.936 Y95.198 E.72551
G1 X92.548 Y95.198 E.0095
G1 X92.548 Y124.802 E.72551
G1 X92.161 Y124.802 E.0095
G1 X92.161 Y95.198 E.72551
G1 X91.773 Y95.198 E.0095
G1 X91.773 Y124.802 E.72551
G1 X91.385 Y124.802 E.0095
G1 X91.385 Y95.198 E.72551
G1 X90.997 Y95.198 E.0095
G1 X90.997 Y124.802 E.72551
G1 X90.609 Y124.802 E.0095
G1 X90.609 Y95.198 E.72551
G1 X90.222 Y95.198 E.0095
G1 X90.222 Y124.802 E.72551
G1 X89.834 Y124.802 E.0095
G1 X89.834 Y95.198 E.72551
G1 X89.446 Y95.198 E.0095
G1 X89.446 Y124.802 E.72551
G1 X89.058 Y124.802 E.0095
G1 X89.058 Y95.198 E.72551
G1 X88.67 Y95.198 E.0095
G1 X88.67 Y124.802 E.72551
G1 X88.282 Y124.802 E.0095
G1 X88.282 Y95.198 E.72551
G1 X87.895 Y95.198 E.0095
G1 X87.895 Y124.802 E.72551
G1 X87.507 Y124.802 E.0095
G1 X87.507 Y95.198 E.72551
G1 X87.119 Y95.198 E.0095
G1 X87.119 Y124.802 E.72551
G1 X86.731 Y124.802 E.0095
G1 X86.731 Y95.198 E.72551
G1 X86.343 Y95.198 E.0095
G1 X86.343 Y124.802 E.72551
G1 X85.956 Y124.802 E.0095
G1 X85.956 Y95.198 E.72551
G1 X85.568 Y95.198 E.0095
G1 X85.568 Y124.802 E.72551
G1 X85.18 Y124.802 E.0095
G1 X85.18 Y95.198 E.72551
G1 X84.792 Y95.198 E.0095
G1 X84.792 Y124.802 E.72551
G1 X84.404 Y124.802 E.0095
G1 X84.404 Y95.198 E.72551
G1 X84.017 Y95.198 E.0095
G1 X84.017 Y124.802 E.72551
G1 X83.629 Y124.802 E.0095
G1 X83.629 Y95.198 E.72551
G1 X83.241 Y95.198 E.0095
G1 X83.241 Y124.802 E.72551
G1 X82.853 Y124.802 E.0095
G1 X82.853 Y95.198 E.72551
G1 X82.465 Y95.198 E.0095
G1 X82.465 Y124.802 E.72551
G1 X82.077 Y124.802 E.0095
G1 X82.077 Y95.198 E.72551
G1 X81.69 Y95.198 E.0095
G1 X81.69 Y124.802 E.72551
G1 X81.302 Y124.802 E.0095
G1 X81.302 Y95.198 E.72551
G1 X80.914 Y95.198 E.0095
G1 X80.914 Y124.802 E.72551
G1 X80.526 Y124.802 E.0095
G1 X80.526 Y95.198 E.72551
G1 X80.138 Y95.198 E.0095
G1 X80.138 Y124.802 E.72551
G1 X79.751 Y124.802 E.0095
G1 X79.751 Y95.198 E.72551
G1 X79.363 Y95.198 E.0095
G1 X79.363 Y124.802 E.72551
G1 X78.975 Y124.802 E.0095
G1 X78.975 Y95.198 E.72551
G1 X78.587 Y95.198 E.0095
G1 X78.587 Y124.802 E.72551
G1 X78.199 Y124.802 E.0095
G1 X78.199 Y95.025 E.72976
; stop printing object pod_header_usb_coupon.stl id:0 copy 0
;LAYER_CHANGE
;Z:0.56
;HEIGHT:0.16
G92 E0 ; zero the extruded length again
; BEFORE_LAYER_CHANGE 2 @ 0.56mm
G1 E-.7 F2100
;WIPE_START
G1 F3600
G1 X78.199 Y96.025 E-.3
;WIPE_END
; AFTER_LAYER_CHANGE 2 @ 0.56mm
;_SET_FAN_SPEED_CHANGING_LAYER
; printing object pod_header_usb_coupon.stl id:0 copy 0
G1 F9000
G1 X78.5339 Y96.4332 Z0.588571
G1 X78.4231 Y96.9495 Z0.617143
G1 X77.9504 Y97.1847 Z0.645714
G1 X77.4717 Y96.9618 Z0.674286
G1 X77.3475 Y96.4486 Z0.702857
G1 X77.6714 Y96.0315 Z0.731429
G1 X78.1993 Y96.0247 Z0.76
G1 X143.376 Y126.376 Z.76
G1 X143.79 Y126.79
G1 Z.56
G1 E1 F2100
;TYPE:Outer wall
;WIDTH:0.42
G1 F1800
G1 X76.21 Y126.79 E1.64704
G1 X76.21 Y93.21 E.8184
G1 X143.79 Y93.21 E1.64704
G1 X143.79 Y126.73 E.81694
G1 X143.376 Y126.376 F9000
G1 X143.389 Y126.389
M204 P1500
;TYPE:Inner wall
;WIDTH:0.45
G1 F2700
G1 X76.611 Y126.389 E1.75411
G1 X76.611 Y93.611 E.86102
G1 X143.389 Y93.611 E1.75411
G1 X143.389 Y126.329 E.85944
G1 X142.974 Y125.974 F9000
G1 F2700
G1 X77.026 Y125.974 E1.73228
G1 X77.026 Y94.026 E.83918
G1 X142.974 Y94.026 E1.73228
G1 X142.974 Y125.914 E.8376
G1 X142.558 Y125.558 F9000
G1 F2700
G1 X77.442 Y125.558 E1.71044
G1 X77.442 Y94.442 E.81734
G1 X142.558 Y94.442 E1.71044
G1 X142.558 Y125.498 E.81577
G1 X142.142 Y125.142 F9000
G1 F2700
G1 X77.858 Y125.142 E1.6886
G1 X77.858 Y94.858 E.79551
G1 X142.142 Y94.858 E1.6886
G1 X142.142 Y125.082 E.79393
G1 X141.975 Y95.2 F9000
M204 P1000
;TYPE:Internal solid infill
;WIDTH:0.423806
G1 F3600
G1 X78.198 Y95.2 E1.5697
G1 X78.198 Y95.59 E.00959
G1 X141.802 Y95.59 E1.56543
G1 X141.802 Y95.979 E.00959
G1 X78.198 Y95.979 E1.56543
G1 X78.198 Y96.369 E.00959
G1 X141.802 Y96.369 E1.56543
G1 X141.802 Y96.758 E.00959
G1 X78.198 Y96.758 E1.56543
G1 X78.198 Y97.148 E.00959
G1 X141.802 Y97.148 E1.56543
G1 X141.802 Y97.537 E.00959
G1 X78.198 Y97.537 E1.56543
G1 X78.198 Y97.926 E.00959
G1 X141.802 Y97.926 E1.56543
G1 X141.802 Y98.316 E.00959
G1 X78.198 Y98.316 E1.56543
G1 X78.198 Y98.705 E.00959
G1 X141.802 Y98.705 E1.56543
G1 X141.802 Y99.095 E.00959
G1 X78.198 Y99.095 E1.56543
G1 X78.198 Y99.484 E.00959
G1 X141.802 Y99.484 E1.56543
G1 X141.802 Y99.874 E.00959
G1 X78.198 Y99.874 E1.56543
G1 X78.198 Y100.263 E.00959
G1 X141.802 Y100.263 E1.56543
G1 X141.802 Y100.653 E.00959
G1 X78.198 Y100.653 E1.56543
G1 X78.198 Y101.042 E.00959
G1 X141.802 Y101.042 E1.56543
G1 X141.802 Y101.432 E.00959
G1 X78.198 Y101.432 E1.56543
G1 X78.198 Y101.821 E.00959
G1 X141.802 Y101.821 E1.56543
G1 X141.802 Y102.211 E.00959
G1 X78.198 Y102.211 E1.56543
G1 X78.198 Y102.6 E.00959
G1 X141.802 Y102.6 E1.56543
G1 X141.802 Y102.99 E.00959
G1 X78.198 Y102.99 E1.56543
G1 X78.198 Y103.379 E.00959
G1 X141.802 Y103.379 E1.56543
G1 X141.802 Y103.769 E.00959
G1 X78.198 Y103.769 E1.56543
G1 X78.198 Y104.158 E.00959
G1 X141.802 Y104.158 E1.56543
G1 X141.802 Y104.547 E.00959
G1 X78.198 Y104.547 E1.56543
G1 X78.198 Y104.937 E.00959
G1 X141.802 Y104.937 E1.56543
G1 X141.802 Y105.326 E.00959
G1 X78.198 Y105.326 E1.56543
G1 X78.198 Y105.716 E.00959
G1 X141.802 Y105.716 E1.56543
G1 X141.802 Y106.105 E.00959
G1 X78.198 Y106.105 E1.56543
G1 X78.198 Y106.495 E.00959
G1 X141.802 Y106.495 E1.56543
G1 X141.802 Y106.884 E.00959
G1 X78.198 Y106.884 E1.56543
G1 X78.198 Y107.274 E.00959
G1 X141.802 Y107.274 E1.56543
G1 X141.802 Y107.663 E.00959
G1 X78.198 Y107.663 E1.56543
G1 X78.198 Y108.053 E.00959
G1 X141.802 Y108.053 E1.56543
G1 X141.802 Y108.442 E.00959
G1 X78.198 Y108.442 E1.56543
G1 X78.198 Y108.832 E.00959
G1 X141.802 Y108.832 E1.56543
G1 X141.802 Y109.221 E.00959
G1 X78.198 Y109.221 E1.56543
G1 X78.198 Y109.611 E.00959
G1 X141.802 Y109.611 E1.56543
G1 X141.802 Y110 E.00959
G1 X78.198 Y110 E1.56543
G1 X78.198 Y110.39 E.00959
G1 X141.802 Y110.39 E1.56543
G1 X141.802 Y110.779 E.00959
G1 X78.198 Y110.779 E1.56543
G1 X78.198 Y111.168 E.00959
G1 X141.802 Y111.168 E1.56543
G1 X141.802 Y111.558 E.00959
G1 X78.198 Y111.558 E1.56543
G1 X78.198 Y111.947 E.00959
G1 X141.802 Y111.947 E1.56543
G1 X141.802 Y112.337 E.00959
G1 X78.198 Y112.337 E1.56543
G1 X78.198 Y112.726 E.00959
G1 X141.802 Y112.726 E1.56543
G1 X141.802 Y113.116 E.00959
G1 X78.198 Y113.116 E1.56543
G1 X78.198 Y113.505 E.00959
G1 X141.802 Y113.505 E1.56543
G1 X141.802 Y113.895 E.00959
G1 X78.198 Y113.895 E1.56543
G1 X78.198 Y114.284 E.00959
G1 X141.802 Y114.284 E1.56543
G1 X141.802 Y114.674 E.00959
G1 X78.198 Y114.674 E1.56543
G1 X78.198 Y115.063 E.00959
G1 X141.802 Y115.063 E1.56543
G1 X141.802 Y115.453 E.00959
G1 X78.198 Y115.453 E1.56543
G1 X78.198 Y115.842 E.00959
G1 X141.802 Y115.842 E1.56543
G1 X141.802 Y116.232 E.00959
G1 X78.198 Y116.232 E1.56543
G1 X78.198 Y116.621 E.00959
G1 X141.802 Y116.621 E1.56543
G1 X141.802 Y117.01 E.00959
G1 X78.198 Y117.01 E1.56543
G1 X78.198 Y117.4 E.00959
G1 X141.802 Y117.4 E1.56543
G1 X141.802 Y117.789 E.00959
G1 X78.198 Y117.789 E1.56543
G1 X78.198 Y118.179 E.00959
G1 X141.802 Y118.179 E1.56543
G1 X141.802 Y118.568 E.00959
G1 X78.198 Y118.568 E1.56543
G1 X78.198 Y118.958 E.00959
G1 X141.802 Y118.958 E1.56543
G1 X141.802 Y119.347 E.00959
G1 X78.198 Y119.347 E1.56543
G1 X78.198 Y119.737 E.00959
G1 X141.802 Y119.737 E1.56543
G1 X141.802 Y120.126 E.00959
G1 X78.198 Y120.126 E1.56543
G1 X78.198 Y120.516 E.00959
G1 X141.802 Y120.516 E1.56543
G1 X141.802 Y120.905 E.00959
G1 X78.198 Y120.905 E1.56543
G1 X78.198 Y121.295 E.00959
G1 X141.802 Y121.295 E1.56543
G1 X141.802 Y121.684 E.00959
G1 X78.198 Y121.684 E1.56543
G1 X78.198 Y122.074 E.00959
G1 X141.802 Y122.074 E1.56543
G1 X141.802 Y122.463 E.00959
G1 X78.198 Y122.463 E1.56543
G1 X78.198 Y122.853 E.00959
G1 X141.802 Y122.853 E1.56543
G1 X141.802 Y123.242 E.00959
G1 X78.198 Y123.242 E1.56543
G1 X78.198 Y123.631 E.00959
G1 X141.802 Y123.631 E1.56543
G1 X141.802 Y124.021 E.00959
G1 X78.198 Y124.021 E1.56543
G1 X78.198 Y124.41 E.00959
G1 X141.802 Y124.41 E1.56543
G1 X141.802 Y124.8 E.00959
G1 X78.025 Y124.8 E1.5697
; stop printing object pod_header_usb_coupon.stl id:0 copy 0
M106 S102
;LAYER_CHANGE
;Z:0.72
;HEIGHT:0.16
G92 E0 ; zero the extruded length again
; BEFORE_LAYER_CHANGE 3 @ 0.72mm
G1 E-.7 F2100
;WIPE_START
G1 F3600
G1 X79.025 Y124.8 E-.3
;WIPE_END
; AFTER_LAYER_CHANGE 3 @ 0.72mm
;_SET_FAN_SPEED_CHANGING_LAYER
; printing object pod_header_usb_coupon.stl id:0 copy 0
G1 F9000
G1 X79.4946 Y125.041 Z0.748571
G1 X79.5995 Y125.558 Z0.777143
G1 X79.2603 Y125.963 Z0.805714
G1 X78.7324 Y125.95 Z0.834286
G1 X78.4134 Y125.529 Z0.862857
G1 X78.5435 Y125.017 Z0.891429
G1 X79.0247 Y124.8 Z0.92
G1 X143.376 Y126.376 Z.92
G1 X143.79 Y126.79
G1 Z.72
G1 E1 F2100
;TYPE:Outer wall
;WIDTH:0.42
G1 F1800
G1 X76.21 Y126.79 E1.64704
G1 X76.21 Y93.21 E.8184
G1 X143.79 Y93.21 E1.64704
G1 X143.79 Y126.73 E.81694
G1 X143.376 Y126.376 F9000
G1 X143.389 Y126.389
M204 P1500
;TYPE:Inner wall
;WIDTH:0.45
G1 F2700
G1 X76.611 Y126.389 E1.75411
G1 X76.611 Y93.611 E.86102
G1 X143.389 Y93.611 E1.75411
G1 X143.389 Y126.329 E.85944
G1 X142.974 Y125.974 F9000
G1 F2700
G1 X77.026 Y125.974 E1.73228
G1 X77.026 Y94.026 E.83918
G1 X142.974 Y94.026 E1.73228
G1 X142.974 Y125.914 E.8376
G1 X142.558 Y125.558 F9000
G1 F2700
G1 X77.442 Y125.558 E1.71044
G1 X77.442 Y94.442 E.81734
G1 X142.558 Y94.442 E1.71044
G1 X142.558 Y125.498 E.81577
G1 X142.142 Y125.142 F9000
G1 F2700
G1 X77.858 Y125.142 E1.6886
G1 X77.858 Y94.858 E.79551
G1 X142.142 Y94.858 E1.6886
G1 X142.142 Y125.082 E.79393
G1 X141.801 Y124.975 F9000
M204 P1000
;TYPE:Internal solid infill
;WIDTH:0.422149
G1 F3600
G1 X141.801 Y95.198 E.72976
G1 X141.413 Y95.198 E.0095
G1 X141.413 Y124.802 E.72551
G1 X141.025 Y124.802 E.0095
G1 X141.025 Y95.198 E.72551
G1 X140.637 Y95.198 E.0095
G1 X140.637 Y124.802 E.72551
G1 X140.249 Y124.802 E.0095
G1 X140.249 Y95.198 E.72551
G1 X139.862 Y95.198 E.0095
G1 X139.862 Y124.802 E.72551
G1 X139.474 Y124.802 E.0095
G1 X139.474 Y95.198 E.72551
G1 X139.086 Y95.198 E.0095
G1 X139.086 Y124.802 E.72551
G1 X138.698 Y124.802 E.0095
G1 X138.698 Y95.198 E.72551
G1 X138.31 Y95.198 E.0095
G1 X138.31 Y124.802 E.72551
G1 X137.923 Y124.802 E.0095
G1 X137.923 Y95.198 E.72551
G1 X137.535 Y95.198 E.0095
G1 X137.535 Y124.802 E.72551
G1 X137.147 Y124.802 E.0095
G1 X137.147 Y95.198 E.72551
G1 X136.759 Y95.198 E.0095
G1 X136.759 Y124.802 E.72551
G1 X136.371 Y124.802 E.0095
G1 X136.371 Y95.198 E.72551
G1 X135.983 Y95.198 E.0095
G1 X135.983 Y124.802 E.72551
G1 X135.596 Y124.802 E.0095
G1 X135.596 Y95.198 E.72551
G1 X135.208 Y95.198 E.0095
G1 X135.208 Y124.802 E.72551
G1 X134.82 Y124.802 E.0095
G1 X134.82 Y95.198 E.72551
G1 X134.432 Y95.198 E.0095
G1 X134.432 Y124.802 E.72551
G1 X134.044 Y124.802 E.0095
G1 X134.044 Y95.198 E.72551
G1 X133.657 Y95.198 E.0095
G1 X133.657 Y124.802 E.72551
G1 X133.269 Y124.802 E.0095
G1 X133.269 Y95.198 E.72551
G1 X132.881 Y95.198 E.0095
G1 X132.881 Y124.802 E.72551
G1 X132.493 Y124.802 E.0095
G1 X132.493 Y95.198 E.72551
G1 X132.105 Y95.198 E.0095
G1 X132.105 Y124.802 E.72551
G1 X131.718 Y124.802 E.0095
G1 X131.718 Y95.198 E.72551
G1 X131.33 Y95.198 E.0095
G1 X131.33 Y124.802 E.72551
G1 X130.942 Y124.802 E.0095
G1 X130.942 Y95.198 E.72551
G1 X130.554 Y95.198 E.0095
G1 X130.554 Y124.802 E.72551
G1 X130.166 Y124.802 E.0095
G1 X130.166 Y95.198 E.72551
G1 X129.778 Y95.198 E.0095
G1 X129.778 Y124.802 E.72551
G1 X129.391 Y124.802 E.0095
G1 X129.391 Y95.198 E.72551
G1 X129.003 Y95.198 E.0095
G1 X129.003 Y124.802 E.72551
G1 X128.615 Y124.802 E.0095
G1 X128.615 Y95.198 E.72551
G1 X128.227 Y95.198 E.0095
G1 X128.227 Y124.802 E.72551
G1 X127.839 Y124.802 E.0095
G1 X127.839 Y95.198 E.72551
G1 X127.452 Y95.198 E.0095
G1 X127.452 Y124.802 E.72551
G1 X127.064 Y124.802 E.0095
G1 X127.064 Y95.198 E.72551
G1 X126.676 Y95.198 E.0095
G1 X126.676 Y124.802 E.72551
G1 X126.288 Y124.802 E.0095
G1 X126.288 Y95.198 E.72551
G1 X125.9 Y95.198 E.0095
G1 X125.9 Y124.802 E.72551
G1 X125.513 Y124.802 E.0095
G1 X125.513 Y95.198 E.72551
G1 X125.125 Y95.198 E.0095
G1 X125.125 Y124.802 E.72551
G1 X124.737 Y124.802 E.0095
G1 X124.737 Y95.198 E.72551
G1 X124.349 Y95.198 E.0095
G1 X124.349 Y124.802 E.72551
G1 X123.961 Y124.802 E.0095
G1 X123.961 Y95.198 E.72551
G1 X123.573 Y95.198 E.0095
G1 X123.573 Y124.802 E.72551
G1 X123.186 Y124.802 E.0095
G1 X123.186 Y95.198 E.72551
G1 X122.798 Y95.198 E.0095
G1 X122.798 Y124.802 E.72551
G1 X122.41 Y124.802 E.0095
G1 X122.41 Y95.198 E.72551
G1 X122.022 Y95.198 E.0095
G1 X122.022 Y124.802 E.72551
G1 X121.634 Y124.802 E.0095
G1 X121.634 Y95.198 E.72551
G1 X121.247 Y95.198 E.0095
G1 X121.247 Y124.802 E.72551
G1 X120.859 Y124.802 E.0095
G1 X120.859 Y95.198 E.72551
G1 X120.471 Y95.198 E.0095
G1 X120.471 Y124.802 E.72551
G1 X120.083 Y124.802 E.0095
G1 X120.083 Y95.198 E.72551
G1 X119.695 Y95.198 E.0095
G1 X119.695 Y124.802 E.72551
G1 X119.308 Y124.802 E.0095
G1 X119.308 Y95.198 E.72551
G1 X118.92 Y95.198 E.0095
G1 X118.92 Y124.802 E.72551
G1 X118.532 Y124.802 E.0095
G1 X118.532 Y95.198 E.72551
G1 X118.144 Y95.198 E.0095
G1 X118.144 Y124.802 E.72551
G1 X117.756 Y124.802 E.0095
G1 X117.756 Y95.198 E.72551
G1 X117.368 Y95.198 E.0095
G1 X117.368 Y124.802 E.72551
G1 X116.981 Y124.802 E.0095
G1 X116.981 Y95.198 E.72551
G1 X116.593 Y95.198 E.0095
G1 X116.593 Y124.802 E.72551
G1 X116.205 Y124.802 E.0095
G1 X116.205 Y95.198 E.72551
G1 X115.817 Y95.198 E.0095
G1 X115.817 Y124.802 E.72551
G1 X115.429 Y124.802 E.0095
G1 X115.429 Y95.198 E.72551
G1 X115.042 Y95.198 E.0095
G1 X115.042 Y124.802 E.72551
G1 X114.654 Y124.802 E.0095
G1 X114.654 Y95.198 E.72551
G1 X114.266 Y95.198 E.0095
G1 X114.266 Y124.802 E.72551
G1 X113.878 Y124.802 E.0095
G1 X113.878 Y95.198 E.72551
G1 X113.49 Y95.198 E.0095
G1 X113.49 Y124.802 E.72551
G1 X113.103 Y124.802 E.0095
G1 X113.103 Y95.198 E.72551
G1 X112.715 Y95.198 E.0095
G1 X112.715 Y124.802 E.72551
G1 X112.327 Y124.802 E.0095
G1 X112.327 Y95.198 E.72551
G1 X111.939 Y95.198 E.0095
G1 X111.939 Y124.802 E.72551
G1 X111.551 Y124.802 E.0095
G1 X111.551 Y95.198 E.72551
G1 X111.163 Y95.198 E.0095
G1 X111.163 Y124.802 E.72551
G1 X110.776 Y124.802 E.0095
G1 X110.776 Y95.198 E.72551
G1 X110.388 Y95.198 E.0095
G1 X110.388 Y124.802 E.72551
G1 X110 Y124.802 E.0095
G1 X110 Y95.198 E.72551
G1 X109.612 Y95.198 E.0095
G1 X109.612 Y124.802 E.72551
G1 X109.224 Y124.802 E.0095
G1 X109.224 Y95.198 E.72551
G1 X108.837 Y95.198 E.0095
G1 X108.837 Y124.802 E.72551
G1 X108.449 Y124.802 E.0095
G1 X108.449 Y95.198 E.72551
G1 X108.061 Y95.198 E.0095
G1 X108.061 Y124.802 E.72551
G1 X107.673 Y124.802 E.0095
G1 X107.673 Y95.198 E.72551
G1 X107.285 Y95.198 E.0095
G1 X107.285 Y124.802 E.72551
G1 X106.897 Y124.802 E.0095
G1 X106.897 Y95.198 E.72551
G1 X106.51 Y95.198 E.0095
G1 X106.51 Y124.802 E.72551
G1 X106.122 Y124.802 E.0095
G1 X106.122 Y95.198 E.72551
G1 X105.734 Y95.198 E.0095
G1 X105.734 Y124.802 E.72551
G1 X105.346 Y124.802 E.0095
G1 X105.346 Y95.198 E.72551
G1 X104.958 Y95.198 E.0095
G1 X104.958 Y124.802 E.72551
G1 X104.571 Y124.802 E.0095
G1 X104.571 Y95.198 E.72551
G1 X104.183 Y95.198 E.0095
G1 X104.183 Y124.802 E.72551
G1 X103.795 Y124.802 E.0095
G1 X103.795 Y95.198 E.72551
G1 X103.407 Y95.198 E.0095
G1 X103.407 Y124.802 E.72551
G1 X103.019 Y124.802 E.0095
G1 X103.019 Y95.198 E.72551
G1 X102.632 Y95.198 E.0095
G1 X102.632 Y124.802 E.72551
G1 X102.244 Y124.802 E.0095
G1 X102.244 Y95.198 E.72551
G1 X101.856 Y95.198 E.0095
G1 X101.856 Y124.802 E.72551
G1 X101.468 Y124.802 E.0095
G1 X101.468 Y95.198 E.72551
G1 X101.08 Y95.198 E.0095
G1 X101.08 Y124.802 E.72551
G1 X100.692 Y124.802 E.0095
G1 X100.692 Y95.198 E.72551
G1 X100.305 Y95.198 E.0095
G1 X100.305 Y124.802 E.72551
G1 X99.917 Y124.802 E.0095
G1 X99.917 Y95.198 E.72551
G1 X99.529 Y95.198 E.0095
G1 X99.529 Y124.802 E.72551
G1 X99.141 Y124.802 E.0095
G1 X99.141 Y95.198 E.72551
G1 X98.753 Y95.198 E.0095
G1 X98.753 Y124.802 E.72551
G1 X98.366 Y124.802 E.0095
G1 X98.366 Y95.198 E.72551
G1 X97.978 Y95.198 E.0095
G1 X97.978 Y124.802 E.72551
G1 X97.59 Y124.802 E.0095
G1 X97.59 Y95.198 E.72551
G1 X97.202 Y95.198 E.0095
G1 X97.202 Y124.802 E.72551
G1 X96.814 Y124.802 E.0095
G1 X96.814 Y95.198 E.72551
G1 X96.427 Y95.198 E.0095
G1 X96.427 Y124.802 E.72551
G1 X96.039 Y124.802 E.0095
G1 X96.039 Y95.198 E.72551
G1 X95.651 Y95.198 E.0095
G1 X95.651 Y124.802 E.72551
G1 X95.263 Y124.802 E.0095
G1 X95.263 Y95.198 E.72551
G1 X94.875 Y95.198 E.0095
G1 X94.875 Y124.802 E.72551
G1 X94.487 Y124.802 E.0095
G1 X94.487 Y95.198 E.72551
G1 X94.1 Y95.198 E.0095
G1 X94.1 Y124.802 E.72551
G1 X93.712 Y124.802 E.0095
G1 X93.712 Y95.198 E.72551
G1 X93.324 Y95.198 E.0095
G1 X93.324 Y124.802 E.72551
G1 X92.936 Y124.802 E.0095
G1 X92.936 Y95.198 E.72551
G1 X92.548 Y95.198 E.0095
G1 X92.548 Y124.802 E.72551
G1 X92.161 Y124.802 E.0095
G1 X92.161 Y95.198 E.72551
G1 X91.773 Y95.198 E.0095
G1 X91.773 Y124.802 E.72551
G1 X91.385 Y124.802 E.0095
G1 X91.385 Y95.198 E.72551
G1 X90.997 Y95.198 E.0095
G1 X90.997 Y124.802 E.72551
G1 X90.609 Y124.802 E.0095
G1 X90.609 Y95.198 E.72551
G1 X90.222 Y95.198 E.0095
G1 X90.222 Y124.802 E.72551
G1 X89.834 Y124.802 E.0095
G1 X89.834 Y95.198 E.72551
G1 X89.446 Y95.198 E.0095
G1 X89.446 Y124.802 E.72551
G1 X89.058 Y124.802 E.0095
G1 X89.058 Y95.198 E.72551
G1 X88.67 Y95.198 E.0095
G1 X88.67 Y124.802 E.72551
G1 X88.282 Y124.802 E.0095
G1 X88.282 Y95.198 E.72551
G1 X87.895 Y95.198 E.0095
G1 X87.895 Y124.802 E.72551
G1 X87.507 Y124.802 E.0095
G1 X87.507 Y95.198 E.72551
G1 X87.119 Y95.198 E.0095
G1 X87.119 Y124.802 E.72551
G1 X86.731 Y124.802 E.0095
G1 X86.731 Y95.198 E.72551
G1 X86.343 Y95.198 E.0095
G1 X86.343 Y124.802 E.72551
G1 X85.956 Y124.802 E.0095
G1 X85.956 Y95.198 E.72551
G1 X85.568 Y95.198 E.0095
G1 X85.568 Y124.802 E.72551
G1 X85.18 Y124.802 E.0095
G1 X85.18 Y95.198 E.72551
G1 X84.792 Y95.198 E.0095
G1 X84.792 Y124.802 E.72551
G1 X84.404 Y124.802 E.0095
G1 X84.404 Y95.198 E.72551
G1 X84.017 Y95.198 E.0095
G1 X84.017 Y124.802 E.72551
G1 X83.629 Y124.802 E.0095
G1 X83.629 Y95.198 E.72551
G1 X83.241 Y95.198 E.0095
G1 X83.241 Y124.802 E.72551
G1 X82.853 Y124.802 E.0095
G1 X82.853 Y95.198 E.72551
G1 X82.465 Y95.198 E.0095
G1 X82.465 Y124.802 E.72551
G1 X82.077 Y124.802 E.0095
G1 X82.077 Y95.198 E.72551
G1 X81.69 Y95.198 E.0095
G1 X81.69 Y124.802 E.72551
G1 X81.302 Y124.802 E.0095
G1 X81.302 Y95.198 E.72551
G1 X80.914 Y95.198 E.0095
G1 X80.914 Y124.802 E.72551
G1 X80.526 Y124.802 E.0095
G1 X80.526 Y95.198 E.72551
G1 X80.138 Y95.198 E.0095
G1 X80.138 Y124.802 E.72551
G1 X79.751 Y124.802 E.0095
G1 X79.751 Y95.198 E.72551
G1 X79.363 Y95.198 E.0095
G1 X79.363 Y124.802 E.72551
G1 X78.975 Y124.802 E.0095
G1 X78.975 Y95.198 E.72551
G1 X78.587 Y95.198 E.0095
G1 X78.587 Y124.802 E.72551
G1 X78.199 Y124.802 E.0095
G1 X78.199 Y95.025 E.72976
; stop printing object pod_header_usb_coupon.stl id:0 copy 0
;LAYER_CHANGE
;Z:0.88
;HEIGHT:0.16
G92 E0 ; zero the extruded length again
; BEFORE_LAYER_CHANGE 4 @ 0.88mm
G1 E-.7 F2100
;WIPE_START
G1 F3600
G1 X78.199 Y96.025 E-.3
;WIPE_END
; AFTER_LAYER_CHANGE 4 @ 0.88mm
;_SET_FAN_SPEED_CHANGING_LAYER
; printing object pod_header_usb_coupon.stl id:0 copy 0
G1 F9000
G1 X78.5339 Y96.4332 Z0.908571
G1 X78.4231 Y96.9495 Z0.937143
G1 X77.9504 Y97.1847 Z0.965714
G1 X77.4717 Y96.9618 Z0.994286
G1 X77.3475 Y96.4486 Z1.02286
G1 X77.6714 Y96.0315 Z1.05143
G1 X78.1993 Y96.0247 Z1.08
G1 X143.376 Y126.376 Z1.08
G1 X143.79 Y126.79
G1 Z.88
G1 E1 F2100
;TYPE:Outer wall
;WIDTH:0.42
G1 F1800
G1 X76.21 Y126.79 E1.64704
G1 X76.21 Y93.21 E.8184
G1 X143.79 Y93.21 E1.64704
G1 X143.79 Y126.73 E.81694
G1 X143.376 Y126.376 F9000
G1 X143.389 Y126.389
M204 P1500
;TYPE:Inner wall
;WIDTH:0.45
G1 F2700
G1 X76.611 Y126.389 E1.75411
G1 X76.611 Y93.611 E.86102
G1 X143.389 Y93.611 E1.75411
G1 X143.389 Y126.329 E.85944
G1 X142.974 Y125.974 F9000
G1 F2700
G1 X77.026 Y125.974 E1.73228
G1 X77.026 Y94.026 E.83918
G1 X142.974 Y94.026 E1.73228
G1 X142.974 Y125.914 E.8376
G1 X142.558 Y125.558 F9000
G1 F2700
G1 X77.442 Y125.558 E1.71044
G1 X77.442 Y94.442 E.81734
G1 X142.558 Y94.442 E1.71044
G1 X142.558 Y125.498 E.81577
G1 X142.142 Y125.142 F9000
G1 F2700
G1 X77.858 Y125.142 E1.6886
G1 X77.858 Y94.858 E.79551
G1 X142.142 Y94.858 E1.6886
G1 X142.142 Y125.082 E.79393
G1 X141.975 Y95.2 F9000
M204 P1000
;TYPE:Internal solid infill
;WIDTH:0.423806
G1 F3600
G1 X78.198 Y95.2 E1.5697
G1 X78.198 Y95.59 E.00959
G1 X141.802 Y95.59 E1.56543
G1 X141.802 Y95.979 E.00959
G1 X78.198 Y95.979 E1.56543
G1 X78.198 Y96.369 E.00959
G1 X141.802 Y96.369 E1.56543
G1 X141.802 Y96.758 E.00959
G1 X78.198 Y96.758 E1.56543
G1 X78.198 Y97.148 E.00959
G1 X141.802 Y97.148 E1.56543
G1 X141.802 Y97.537 E.00959
G1 X78.198 Y97.537 E1.56543
G1 X78.198 Y97.926 E.00959
G1 X141.802 Y97.926 E1.56543
G1 X141.802 Y98.316 E.00959
G1 X78.198 Y98.316 E1.56543
G1 X78.198 Y98.705 E.00959
G1 X141.802 Y98.705 E1.56543
G1 X141.802 Y99.095 E.00959
G1 X78.198 Y99.095 E1.56543
G1 X78.198 Y99.484 E.00959
G1 X141.802 Y99.484 E1.56543
G1 X141.802 Y99.874 E.00959
G1 X78.198 Y99.874 E1.56543
G1 X78.198 Y100.263 E.00959
G1 X141.802 Y100.263 E1.56543
G1 X141.802 Y100.653 E.00959
G1 X78.198 Y100.653 E1.56543
G1 X78.198 Y101.042 E.00959
G1 X141.802 Y101.042 E1.56543
G1 X141.802 Y101.432 E.00959
G1 X78.198 Y101.432 E1.56543
G1 X78.198 Y101.821 E.00959
G1 X141.802 Y101.821 E1.56543
G1 X141.802 Y102.211 E.00959
G1 X78.198 Y102.211 E1.56543
G1 X78.198 Y102.6 E.00959
G1 X141.802 Y102.6 E1.56543
G1 X141.802 Y102.99 E.00959
G1 X78.198 Y102.99 E1.56543
G1 X78.198 Y103.379 E.00959
G1 X141.802 Y103.379 E1.56543
G1 X141.802 Y103.769 E.00959
G1 X78.198 Y103.769 E1.56543
G1 X78.198 Y104.158 E.00959
G1 X141.802 Y104.158 E1.56543
G1 X141.802 Y104.547 E.00959
G1 X78.198 Y104.547 E1.56543
G1 X78.198 Y104.937 E.00959
G1 X141.802 Y104.937 E1.56543
G1 X141.802 Y105.326 E.00959
G1 X78.198 Y105.326 E1.56543
G1 X78.198 Y105.716 E.00959
G1 X141.802 Y105.716 E1.56543
G1 X141.802 Y106.105 E.00959
G1 X78.198 Y106.105 E1.56543
G1 X78.198 Y106.495 E.00959
G1 X141.802 Y106.495 E1.56543
G1 X141.802 Y106.884 E.00959
G1 X78.198 Y106.884 E1.56543
G1 X78.198 Y107.274 E.00959
G1 X141.802 Y107.274 E1.56543
G1 X141.802 Y107.663 E.00959
G1 X78.198 Y107.663 E1.56543
G1 X78.198 Y108.053 E.00959
G1 X141.802 Y108.053 E1.56543
G1 X141.802 Y108.442 E.00959
G1 X78.198 Y108.442 E1.56543
G1 X78.198 Y108.832 E.00959
G1 X141.802 Y108.832 E1.56543
G1 X141.802 Y109.221 E.00959
G1 X78.198 Y109.221 E1.56543
G1 X78.198 Y109.611 E.00959
G1 X141.802 Y109.611 E1.56543
G1 X141.802 Y110 E.00959
G1 X78.198 Y110 E1.56543
G1 X78.198 Y110.39 E.00959
G1 X141.802 Y110.39 E1.56543
G1 X141.802 Y110.779 E.00959
G1 X78.198 Y110.779 E1.56543
G1 X78.198 Y111.168 E.00959
G1 X141.802 Y111.168 E1.56543
G1 X141.802 Y111.558 E.00959
G1 X78.198 Y111.558 E1.56543
G1 X78.198 Y111.947 E.00959
G1 X141.802 Y111.947 E1.56543
G1 X141.802 Y112.337 E.00959
G1 X78.198 Y112.337 E1.56543
G1 X78.198 Y112.726 E.00959
G1 X141.802 Y112.726 E1.56543
G1 X141.802 Y113.116 E.00959
G1 X78.198 Y113.116 E1.56543
G1 X78.198 Y113.505 E.00959
G1 X141.802 Y113.505 E1.56543
G1 X141.802 Y113.895 E.00959
G1 X78.198 Y113.895 E1.56543
G1 X78.198 Y114.284 E.00959
G1 X141.802 Y114.284 E1.56543
G1 X141.802 Y114.674 E.00959
G1 X78.198 Y114.674 E1.56543
G1 X78.198 Y115.063 E.00959
G1 X141.802 Y115.063 E1.56543
G1 X141.802 Y115.453 E.00959
G1 X78.198 Y115.453 E1.56543
G1 X78.198 Y115.842 E.00959
G1 X141.802 Y115.842 E1.56543
G1 X141.802 Y116.232 E.00959
G1 X78.198 Y116.232 E1.56543
G1 X78.198 Y116.621 E.00959
G1 X141.802 Y116.621 E1.56543
G1 X141.802 Y117.01 E.00959
G1 X78.198 Y117.01 E1.56543
G1 X78.198 Y117.4 E.00959
G1 X141.802 Y117.4 E1.56543
G1 X141.802 Y117.789 E.00959
G1 X78.198 Y117.789 E1.56543
G1 X78.198 Y118.179 E.00959
G1 X141.802 Y118.179 E1.56543
G1 X141.802 Y118.568 E.00959
G1 X78.198 Y118.568 E1.56543
G1 X78.198 Y118.958 E.00959
G1 X141.802 Y118.958 E1.56543
G1 X141.802 Y119.347 E.00959
G1 X78.198 Y119.347 E1.56543
G1 X78.198 Y119.737 E.00959
G1 X141.802 Y119.737 E1.56543
G1 X141.802 Y120.126 E.00959
G1 X78.198 Y120.126 E1.56543
G1 X78.198 Y120.516 E.00959
G1 X141.802 Y120.516 E1.56543
G1 X141.802 Y120.905 E.00959
G1 X78.198 Y120.905 E1.56543
G1 X78.198 Y121.295 E.00959
G1 X141.802 Y121.295 E1.56543
G1 X141.802 Y121.684 E.00959
G1 X78.198 Y121.684 E1.56543
G1 X78.198 Y122.074 E.00959
G1 X141.802 Y122.074 E1.56543
G1 X141.802 Y122.463 E.00959
G1 X78.198 Y122.463 E1.56543
G1 X78.198 Y122.853 E.00959
G1 X141.802 Y122.853 E1.56543
G1 X141.802 Y123.242 E.00959
G1 X78.198 Y123.242 E1.56543
G1 X78.198 Y123.631 E.00959
G1 X141.802 Y123.631 E1.56543
G1 X141.802 Y124.021 E.00959
G1 X78.198 Y124.021 E1.56543
G1 X78.198 Y124.41 E.00959
G1 X141.802 Y124.41 E1.56543
G1 X141.802 Y124.8 E.00959
G1 X78.025 Y124.8 E1.5697
; stop printing object pod_header_usb_coupon.stl id:0 copy 0
;LAYER_CHANGE
;Z:1.04
;HEIGHT:0.16
G92 E0 ; zero the extruded length again
; BEFORE_LAYER_CHANGE 5 @ 1.04mm
G1 E-.7 F2100
;WIPE_START
G1 F3600
G1 X79.025 Y124.8 E-.3
;WIPE_END
; AFTER_LAYER_CHANGE 5 @ 1.04mm
;_SET_FAN_SPEED_CHANGING_LAYER
; printing object pod_header_usb_coupon.stl id:0 copy 0
G1 F9000
G1 X79.4946 Y125.041 Z1.06857
G1 X79.5995 Y125.558 Z1.09714
G1 X79.2603 Y125.963 Z1.12571
G1 X78.7324 Y125.95 Z1.15429
G1 X78.4134 Y125.529 Z1.18286
G1 X78.5435 Y125.017 Z1.21143
G1 X79.0247 Y124.8 Z1.24
G1 X143.376 Y126.376 Z1.24
G1 X143.79 Y126.79
G1 Z1.04
G1 E1 F2100
;TYPE:Outer wall
;WIDTH:0.42
G1 F1800
G1 X76.21 Y126.79 E1.64704
G1 X76.21 Y93.21 E.8184
G1 X143.79 Y93.21 E1.64704
G1 X143.79 Y126.73 E.81694
G1 X143.376 Y126.376 F9000
G1 X143.389 Y126.389
M204 P1500
;TYPE:Inner wall
;WIDTH:0.45
G1 F2700
G1 X76.611 Y126.389 E1.75411
G1 X76.611 Y93.611 E.86102
G1 X143.389 Y93.611 E1.75411
G1 X143.389 Y126.329 E.85944
G1 X142.974 Y125.974 F9000
G1 F2700
G1 X77.026 Y125.974 E1.73228
G1 X77.026 Y94.026 E.83918
G1 X142.974 Y94.026 E1.73228
G1 X142.974 Y125.914 E.8376
G1 X142.558 Y125.558 F9000
G1 F2700
G1 X77.442 Y125.558 E1.71044
G1 X77.442 Y94.442 E.81734
G1 X142.558 Y94.442 E1.71044
G1 X142.558 Y125.498 E.81577
G1 X142.142 Y125.142 F9000
G1 F2700
G1 X77.858 Y125.142 E1.6886
G1 X77.858 Y94.858 E.79551
G1 X142.142 Y94.858 E1.6886
G1 X142.142 Y125.082 E.79393
G1 X141.801 Y124.975 F9000
M204 P1000
;TYPE:Internal solid infill
;WIDTH:0.422149
G1 F3600
G1 X141.801 Y95.198 E.72976
G1 X141.413 Y95.198 E.0095
G1 X141.413 Y124.802 E.72551
G1 X141.025 Y124.802 E.0095
G1 X141.025 Y95.198 E.72551
G1 X140.637 Y95.198 E.0095
G1 X140.637 Y124.802 E.72551
G1 X140.249 Y124.802 E.0095
G1 X140.249 Y95.198 E.72551
G1 X139.862 Y95.198 E.0095
G1 X139.862 Y124.802 E.72551
G1 X139.474 Y124.802 E.0095
G1 X139.474 Y95.198 E.72551
G1 X139.086 Y95.198 E.0095
G1 X139.086 Y124.802 E.72551
G1 X138.698 Y124.802 E.0095
G1 X138.698 Y95.198 E.72551
G1 X138.31 Y95.198 E.0095
G1 X138.31 Y124.802 E.72551
G1 X137.923 Y124.802 E.0095
G1 X137.923 Y95.198 E.72551
G1 X137.535 Y95.198 E.0095
G1 X137.535 Y124.802 E.72551
G1 X137.147 Y124.802 E.0095
G1 X137.147 Y95.198 E.72551
G1 X136.759 Y95.198 E.0095
G1 X136.759 Y124.802 E.72551
G1 X136.371 Y124.802 E.0095
G1 X136.371 Y95.198 E.72551
G1 X135.983 Y95.198 E.0095
G1 X135.983 Y124.802 E.72551
G1 X135.596 Y124.802 E.0095
G1 X135.596 Y95.198 E.72551
G1 X135.208 Y95.198 E.0095
G1 X135.208 Y124.802 E.72551
G1 X134.82 Y124.802 E.0095
G1 X134.82 Y95.198 E.72551
G1 X134.432 Y95.198 E.0095
G1 X134.432 Y124.802 E.72551
G1 X134.044 Y124.802 E.0095
G1 X134.044 Y95.198 E.72551
G1 X133.657 Y95.198 E.0095
G1 X133.657 Y124.802 E.72551
G1 X133.269 Y124.802 E.0095
G1 X133.269 Y95.198 E.72551
G1 X132.881 Y95.198 E.0095
G1 X132.881 Y124.802 E.72551
G1 X132.493 Y124.802 E.0095
G1 X132.493 Y95.198 E.72551
G1 X132.105 Y95.198 E.0095
G1 X132.105 Y124.802 E.72551
G1 X131.718 Y124.802 E.0095
G1 X131.718 Y95.198 E.72551
G1 X131.33 Y95.198 E.0095
G1 X131.33 Y124.802 E.72551
G1 X130.942 Y124.802 E.0095
G1 X130.942 Y95.198 E.72551
G1 X130.554 Y95.198 E.0095
G1 X130.554 Y124.802 E.72551
G1 X130.166 Y124.802 E.0095
G1 X130.166 Y95.198 E.72551
G1 X129.778 Y95.198 E.0095
G1 X129.778 Y124.802 E.72551
G1 X129.391 Y124.802 E.0095
G1 X129.391 Y95.198 E.72551
G1 X129.003 Y95.198 E.0095
G1 X129.003 Y124.802 E.72551
G1 X128.615 Y124.802 E.0095
G1 X128.615 Y95.198 E.72551
G1 X128.227 Y95.198 E.0095
G1 X128.227 Y124.802 E.72551
G1 X127.839 Y124.802 E.0095
G1 X127.839 Y95.198 E.72551
G1 X127.452 Y95.198 E.0095
G1 X127.452 Y124.802 E.72551
G1 X127.064 Y124.802 E.0095
G1 X127.064 Y95.198 E.72551
G1 X126.676 Y95.198 E.0095
G1 X126.676 Y124.802 E.72551
G1 X126.288 Y124.802 E.0095
G1 X126.288 Y95.198 E.72551
G1 X125.9 Y95.198 E.0095
G1 X125.9 Y124.802 E.72551
G1 X125.513 Y124.802 E.0095
G1 X125.513 Y95.198 E.72551
G1 X125.125 Y95.198 E.0095
G1 X125.125 Y124.802 E.72551
G1 X124.737 Y124.802 E.0095
G1 X124.737 Y95.198 E.72551
G1 X124.349 Y95.198 E.0095
G1 X124.349 Y124.802 E.72551
G1 X123.961 Y124.802 E.0095
G1 X123.961 Y95.198 E.72551
G1 X123.573 Y95.198 E.0095
G1 X123.573 Y124.802 E.72551
G1 X123.186 Y124.802 E.0095
G1 X123.186 Y95.198 E.72551
G1 X122.798 Y95.198 E.0095
G1 X122.798 Y124.802 E.72551
G1 X122.41 Y124.802 E.0095
G1 X122.41 Y95.198 E.72551
G1 X122.022 Y95.198 E.0095
G1 X122.022 Y124.802 E.72551
G1 X121.634 Y124.802 E.0095
G1 X121.634 Y95.198 E.72551
G1 X121.247 Y95.198 E.0095
G1 X121.247 Y124.802 E.72551
G1 X120.859 Y124.802 E.0095
G1 X120.859 Y95.198 E.72551
G1 X120.471 Y95.198 E.0095
G1 X120.471 Y124.802 E.72551
G1 X120.083 Y124.802 E.0095
G1 X120.083 Y95.198 E.72551
G1 X119.695 Y95.198 E.0095
G1 X119.695 Y124.802 E.72551
G1 X119.308 Y124.802 E.0095
G1 X119.308 Y95.198 E.72551
G1 X118.92 Y95.198 E.0095
G1 X118.92 Y124.802 E.72551
G1 X118.532 Y124.802 E.0095
G1 X118.532 Y95.198 E.72551
G1 X118.144 Y95.198 E.0095
G1 X118.144 Y124.802 E.72551
G1 X117.756 Y124.802 E.0095
G1 X117.756 Y95.198 E.72551
G1 X117.368 Y95.198 E.0095
G1 X117.368 Y124.802 E.72551
G1 X116.981 Y124.802 E.0095
G1 X116.981 Y95.198 E.72551
G1 X116.593 Y95.198 E.0095
G1 X116.593 Y124.802 E.72551
G1 X116.205 Y124.802 E.0095
G1 X116.205 Y95.198 E.72551
G1 X115.817 Y95.198 E.0095
G1 X115.817 Y124.802 E.72551
G1 X115.429 Y124.802 E.0095
G1 X115.429 Y95.198 E.72551
G1 X115.042 Y95.198 E.0095
G1 X115.042 Y124.802 E.72551
G1 X114.654 Y124.802 E.0095
G1 X114.654 Y95.198 E.72551
G1 X114.266 Y95.198 E.0095
G1 X114.266 Y124.802 E.72551
G1 X113.878 Y124.802 E.0095
G1 X113.878 Y95.198 E.72551
G1 X113.49 Y95.198 E.0095
G1 X113.49 Y124.802 E.72551
G1 X113.103 Y124.802 E.0095
G1 X113.103 Y95.198 E.72551
G1 X112.715 Y95.198 E.0095
G1 X112.715 Y124.802 E.72551
G1 X112.327 Y124.802 E.0095
G1 X112.327 Y95.198 E.72551
G1 X111.939 Y95.198 E.0095
G1 X111.939 Y124.802 E.72551
G1 X111.551 Y124.802 E.0095
G1 X111.551 Y95.198 E.72551
G1 X111.163 Y95.198 E.0095
G1 X111.163 Y124.802 E.72551
G1 X110.776 Y124.802 E.0095
G1 X110.776 Y95.198 E.72551
G1 X110.388 Y95.198 E.0095
G1 X110.388 Y124.802 E.72551
G1 X110 Y124.802 E.0095
G1 X110 Y95.198 E.72551
G1 X109.612 Y95.198 E.0095
G1 X109.612 Y124.802 E.72551
G1 X109.224 Y124.802 E.0095
G1 X109.224 Y95.198 E.72551
G1 X108.837 Y95.198 E.0095
G1 X108.837 Y124.802 E.72551
G1 X108.449 Y124.802 E.0095
G1 X108.449 Y95.198 E.72551
G1 X108.061 Y95.198 E.0095
G1 X108.061 Y124.802 E.72551
G1 X107.673 Y124.802 E.0095
G1 X107.673 Y95.198 E.72551
G1 X107.285 Y95.198 E.0095
G1 X107.285 Y124.802 E.72551
G1 X106.897 Y124.802 E.0095
G1 X106.897 Y95.198 E.72551
G1 X106.51 Y95.198 E.0095
G1 X106.51 Y124.802 E.72551
G1 X106.122 Y124.802 E.0095
G1 X106.122 Y95.198 E.72551
G1 X105.734 Y95.198 E.0095
G1 X105.734 Y124.802 E.72551
G1 X105.346 Y124.802 E.0095
G1 X105.346 Y95.198 E.72551
G1 X104.958 Y95.198 E.0095
G1 X104.958 Y124.802 E.72551
G1 X104.571 Y124.802 E.0095
G1 X104.571 Y95.198 E.72551
G1 X104.183 Y95.198 E.0095
G1 X104.183 Y124.802 E.72551
G1 X103.795 Y124.802 E.0095
G1 X103.795 Y95.198 E.72551
G1 X103.407 Y95.198 E.0095
G1 X103.407 Y124.802 E.72551
G1 X103.019 Y124.802 E.0095
G1 X103.019 Y95.198 E.72551
G1 X102.632 Y95.198 E.0095
G1 X102.632 Y124.802 E.72551
G1 X102.244 Y124.802 E.0095
G1 X102.244 Y95.198 E.72551
G1 X101.856 Y95.198 E.0095
G1 X101.856 Y124.802 E.72551
G1 X101.468 Y124.802 E.0095
G1 X101.468 Y95.198 E.72551
G1 X101.08 Y95.198 E.0095
G1 X101.08 Y124.802 E.72551
G1 X100.692 Y124.802 E.0095
G1 X100.692 Y95.198 E.72551
G1 X100.305 Y95.198 E.0095
G1 X100.305 Y124.802 E.72551
G1 X99.917 Y124.802 E.0095
G1 X99.917 Y95.198 E.72551
G1 X99.529 Y95.198 E.0095
G1 X99.529 Y124.802 E.72551
G1 X99.141 Y124.802 E.0095
G1 X99.141 Y95.198 E.72551
G1 X98.753 Y95.198 E.0095
G1 X98.753 Y124.802 E.72551
G1 X98.366 Y124.802 E.0095
G1 X98.366 Y95.198 E.72551
G1 X97.978 Y95.198 E.0095
G1 X97.978 Y124.802 E.72551
G1 X97.59 Y124.802 E.0095
G1 X97.59 Y95.198 E.72551
G1 X97.202 Y95.198 E.0095
G1 X97.202 Y124.802 E.72551
G1 X96.814 Y124.802 E.0095
G1 X96.814 Y95.198 E.72551
G1 X96.427 Y95.198 E.0095
G1 X96.427 Y124.802 E.72551
G1 X96.039 Y124.802 E.0095
G1 X96.039 Y95.198 E.72551
G1 X95.651 Y95.198 E.0095
G1 X95.651 Y124.802 E.72551
G1 X95.263 Y124.802 E.0095
G1 X95.263 Y95.198 E.72551
G1 X94.875 Y95.198 E.0095
G1 X94.875 Y124.802 E.72551
G1 X94.487 Y124.802 E.0095
G1 X94.487 Y95.198 E.72551
G1 X94.1 Y95.198 E.0095
G1 X94.1 Y124.802 E.72551
G1 X93.712 Y124.802 E.0095
G1 X93.712 Y95.198 E.72551
G1 X93.324 Y95.198 E.0095
G1 X93.324 Y124.802 E.72551
G1 X92.936 Y124.802 E.0095
G1 X92.936 Y95.198 E.72551
G1 X92.548 Y95.198 E.0095
G1 X92.548 Y124.802 E.72551
G1 X92.161 Y124.802 E.0095
G1 X92.161 Y95.198 E.72551
G1 X91.773 Y95.198 E.0095
G1 X91.773 Y124.802 E.72551
G1 X91.385 Y124.802 E.0095
G1 X91.385 Y95.198 E.72551
G1 X90.997 Y95.198 E.0095
G1 X90.997 Y124.802 E.72551
G1 X90.609 Y124.802 E.0095
G1 X90.609 Y95.198 E.72551
G1 X90.222 Y95.198 E.0095
G1 X90.222 Y124.802 E.72551
G1 X89.834 Y124.802 E.0095
G1 X89.834 Y95.198 E.72551
G1 X89.446 Y95.198 E.0095
G1 X89.446 Y124.802 E.72551
G1 X89.058 Y124.802 E.0095
G1 X89.058 Y95.198 E.72551
G1 X88.67 Y95.198 E.0095
G1 X88.67 Y124.802 E.72551
G1 X88.282 Y124.802 E.0095
G1 X88.282 Y95.198 E.72551
G1 X87.895 Y95.198 E.0095
G1 X87.895 Y124.802 E.72551
G1 X87.507 Y124.802 E.0095
G1 X87.507 Y95.198 E.72551
G1 X87.119 Y95.198 E.0095
G1 X87.119 Y124.802 E.72551
G1 X86.731 Y124.802 E.0095
G1 X86.731 Y95.198 E.72551
G1 X86.343 Y95.198 E.0095
G1 X86.343 Y124.802 E.72551
G1 X85.956 Y124.802 E.0095
G1 X85.956 Y95.198 E.72551
G1 X85.568 Y95.198 E.0095
G1 X85.568 Y124.802 E.72551
G1 X85.18 Y124.802 E.0095
G1 X85.18 Y95.198 E.72551
G1 X84.792 Y95.198 E.0095
G1 X84.792 Y124.802 E.72551
G1 X84.404 Y124.802 E.0095
G1 X84.404 Y95.198 E.72551
G1 X84.017 Y95.198 E.0095
G1 X84.017 Y124.802 E.72551
G1 X83.629 Y124.802 E.0095
G1 X83.629 Y95.198 E.72551
G1 X83.241 Y95.198 E.0095
G1 X83.241 Y124.802 E.72551
G1 X82.853 Y124.802 E.0095
G1 X82.853 Y95.198 E.72551
G1 X82.465 Y95.198 E.0095
G1 X82.465 Y124.802 E.72551
G1 X82.077 Y124.802 E.0095
G1 X82.077 Y95.198 E.72551
G1 X81.69 Y95.198 E.0095
G1 X81.69 Y124.802 E.72551
G1 X81.302 Y124.802 E.0095
G1 X81.302 Y95.198 E.72551
G1 X80.914 Y95.198 E.0095
G1 X80.914 Y124.802 E.72551
G1 X80.526 Y124.802 E.0095
G1 X80.526 Y95.198 E.72551
G1 X80.138 Y95.198 E.0095
G1 X80.138 Y124.802 E.72551
G1 X79.751 Y124.802 E.0095
G1 X79.751 Y95.198 E.72551
G1 X79.363 Y95.198 E.0095
G1 X79.363 Y124.802 E.72551
G1 X78.975 Y124.802 E.0095
G1 X78.975 Y95.198 E.72551
G1 X78.587 Y95.198 E.0095
G1 X78.587 Y124.802 E.72551
G1 X78.199 Y124.802 E.0095
G1 X78.199 Y95.025 E.72976
; stop printing object pod_header_usb_coupon.stl id:0 copy 0
;LAYER_CHANGE
;Z:1.2
;HEIGHT:0.16
G92 E0 ; zero the extruded length again
; BEFORE_LAYER_CHANGE 6 @ 1.2mm
G1 E-.7 F2100
;WIPE_START
G1 F3600
G1 X78.199 Y96.025 E-.3
;WIPE_END
; AFTER_LAYER_CHANGE 6 @ 1.2mm
;_SET_FAN_SPEED_CHANGING_LAYER
; printing object pod_header_usb_coupon.stl id:0 copy 0
G1 F9000
G1 X78.5339 Y96.4332 Z1.22857
G1 X78.4231 Y96.9495 Z1.25714
G1 X77.9504 Y97.1847 Z1.28571
G1 X77.4717 Y96.9618 Z1.31429
G1 X77.3475 Y96.4486 Z1.34286
G1 X77.6714 Y96.0315 Z1.37143
G1 X78.1993 Y96.0247 Z1.4
G1 X143.376 Y126.376 Z1.4
G1 X143.79 Y126.79
G1 Z1.2
G1 E1 F2100
;TYPE:Outer wall
;WIDTH:0.42
G1 F1800
G1 X76.21 Y126.79 E1.64704
G1 X76.21 Y93.21 E.8184
G1 X143.79 Y93.21 E1.64704
G1 X143.79 Y126.73 E.81694
G1 X143.376 Y126.376 F9000
G1 X143.389 Y126.389
M204 P1500
;TYPE:Inner wall
;WIDTH:0.45
G1 F2700
G1 X76.611 Y126.389 E1.75411
G1 X76.611 Y93.611 E.86102
G1 X143.389 Y93.611 E1.75411
G1 X143.389 Y126.329 E.85944
G1 X142.974 Y125.974 F9000
G1 F2700
G1 X77.026 Y125.974 E1.73228
G1 X77.026 Y94.026 E.83918
G1 X142.974 Y94.026 E1.73228
G1 X142.974 Y125.914 E.8376
G1 X142.558 Y125.558 F9000
G1 F2700
G1 X77.442 Y125.558 E1.71044
G1 X77.442 Y94.442 E.81734
G1 X142.558 Y94.442 E1.71044
G1 X142.558 Y125.498 E.81577
G1 X142.142 Y125.142 F9000
G1 F2700
G1 X77.858 Y125.142 E1.6886
G1 X77.858 Y94.858 E.79551
G1 X142.142 Y94.858 E1.6886
G1 X142.142 Y125.082 E.79393
G1 X141.787 Y117.772 F9000
M204 P1000
;TYPE:Sparse infill
G1 F3600
G1 X141.787 Y116.392 E.03623
G1 X120.608 Y95.213 E.78676
G1 X122.195 Y95.213 E.04169
G1 X141.787 Y114.805 E.7278
G1 X141.787 Y113.218 E.04169
G1 X123.782 Y95.213 E.66884
G1 X125.369 Y95.213 E.04169
G1 X141.787 Y111.631 E.60988
G1 X141.787 Y110.044 E.04169
G1 X126.956 Y95.213 E.55092
G1 X128.544 Y95.213 E.04169
G1 X141.787 Y108.456 E.49196
G1 X141.787 Y106.869 E.04169
G1 X130.131 Y95.213 E.433
G1 X131.718 Y95.213 E.04169
G1 X141.787 Y105.282 E.37404
G1 X141.787 Y103.695 E.04169
G1 X133.305 Y95.213 E.31508
G1 X134.892 Y95.213 E.04169
G1 X141.787 Y102.108 E.25612
G1 X141.787 Y100.521 E.04169
G1 X136.479 Y95.213 E.19716
G1 X138.067 Y95.213 E.04169
G1 X141.787 Y98.933 E.1382
G1 X141.787 Y97.346 E.04169
G1 X139.654 Y95.213 E.07924
G1 X141.241 Y95.213 E.04169
G1 X141.787 Y95.759 E.02028
G1 X141.787 Y97.139 E.03623
G1 X120.4 Y95.213 F9000
G1 F3600
G1 X119.021 Y95.213 E.03623
G1 X141.787 Y117.979 E.84572
G1 X141.787 Y119.567 E.04169
G1 X117.433 Y95.213 E.90468
G1 X115.846 Y95.213 E.04169
G1 X141.787 Y121.154 E.96364
G1 X141.787 Y122.741 E.04169
G1 X114.259 Y95.213 E1.0226
G1 X112.672 Y95.213 E.04169
G1 X141.787 Y124.328 E1.08156
G1 X141.787 Y124.787 E.01205
G1 X140.658 Y124.787 E.02964
G1 X111.085 Y95.213 E1.0986
G1 X109.498 Y95.213 E.04169
G1 X139.071 Y124.787 E1.0986
G1 X137.484 Y124.787 E.04169
G1 X107.91 Y95.213 E1.0986
G1 X106.323 Y95.213 E.04169
G1 X135.897 Y124.787 E1.0986
G1 X134.31 Y124.787 E.04169
G1 X104.736 Y95.213 E1.0986
G1 X103.149 Y95.213 E.04169
G1 X132.723 Y124.787 E1.0986
G1 X131.135 Y124.787 E.04169
G1 X101.562 Y95.213 E1.0986
G1 X99.975 Y95.213 E.04169
G1 X129.548 Y124.787 E1.0986
G1 X127.961 Y124.787 E.04169
G1 X98.388 Y95.213 E1.0986
G1 X96.8 Y95.213 E.04169
G1 X126.374 Y124.787 E1.0986
G1 X124.787 Y124.787 E.04169
G1 X95.213 Y95.213 E1.0986
G1 X93.626 Y95.213 E.04169
G1 X123.2 Y124.787 E1.0986
G1 X121.612 Y124.787 E.04169
G1 X92.039 Y95.213 E1.0986
G1 X90.452 Y95.213 E.04169
G1 X120.025 Y124.787 E1.0986
G1 X118.438 Y124.787 E.04169
G1 X88.865 Y95.213 E1.0986
G1 X87.277 Y95.213 E.04169
G1 X116.851 Y124.787 E1.0986
G1 X115.472 Y124.787 E.03623
G1 X104.362 Y124.787 F9000
G1 F3600
G1 X105.741 Y124.787 E.03623
G1 X78.213 Y97.259 E1.0226
G1 X78.213 Y98.846 E.04169
G1 X104.154 Y124.787 E.96364
G1 X102.567 Y124.787 E.04169
G1 X78.213 Y100.433 E.90468
G1 X78.213 Y102.021 E.04169
G1 X100.979 Y124.787 E.84572
G1 X99.392 Y124.787 E.04169
G1 X78.213 Y103.608 E.78676
G1 X78.213 Y105.195 E.04169
G1 X97.805 Y124.787 E.7278
G1 X96.218 Y124.787 E.04169
G1 X78.213 Y106.782 E.66884
G1 X78.213 Y108.369 E.04169
G1 X94.631 Y124.787 E.60988
G1 X93.044 Y124.787 E.04169
G1 X78.213 Y109.956 E.55092
G1 X78.213 Y108.577 E.03623
G1 X78.213 Y113.339 F9000
G1 F3600
G1 X78.213 Y114.718 E.03623
G1 X88.282 Y124.787 E.37404
G1 X89.869 Y124.787 E.04169
G1 X78.213 Y113.131 E.433
G1 X78.213 Y111.544 E.04169
G1 X91.456 Y124.787 E.49196
G1 X90.077 Y124.787 E.03623
G1 X85.316 Y124.787 F9000
G1 F3600
G1 X86.695 Y124.787 E.03623
G1 X78.213 Y116.305 E.31508
G1 X78.213 Y117.892 E.04169
G1 X85.108 Y124.787 E.25612
G1 X83.521 Y124.787 E.04169
G1 X78.213 Y119.479 E.19716
G1 X78.213 Y121.067 E.04169
G1 X81.933 Y124.787 E.1382
G1 X80.346 Y124.787 E.04169
G1 X78.213 Y122.654 E.07924
G1 X78.213 Y124.241 E.04169
G1 X78.759 Y124.787 E.02028
G1 X80.139 Y124.787 E.03623
G1 X79.134 Y95.213 F9000
G1 F3600
G1 X78.213 Y95.213 E.02418
G1 X78.213 Y95.672 E.01205
G1 X107.328 Y124.787 E1.08156
G1 X108.915 Y124.787 E.04169
G1 X79.342 Y95.213 E1.0986
G1 X80.929 Y95.213 E.04169
G1 X110.502 Y124.787 E1.0986
G1 X112.09 Y124.787 E.04169
G1 X82.516 Y95.213 E1.0986
G1 X84.103 Y95.213 E.04169
G1 X113.677 Y124.787 E1.0986
G1 X115.264 Y124.787 E.04169
G1 X85.69 Y95.213 E1.0986
G1 X87.07 Y95.213 E.03623
; stop printing object pod_header_usb_coupon.stl id:0 copy 0
;LAYER_CHANGE
;Z:1.36
;HEIGHT:0.16
G92 E0 ; zero the extruded length again
; BEFORE_LAYER_CHANGE 7 @ 1.36mm
G1 E-.7 F2100
;WIPE_START
G1 F3600
G1 X86.07 Y95.213 E-.3
;WIPE_END
; AFTER_LAYER_CHANGE 7 @ 1.36mm
;_SET_FAN_SPEED_CHANGING_LAYER
; printing object pod_header_usb_coupon.stl id:0 copy 0
G1 F9000
G1 X86.3781 Y95.6418 Z1.38857
G1 X86.2354 Y96.1501 Z1.41714
G1 X85.7489 Y96.3555 Z1.44571
G1 X85.2851 Y96.1033 Z1.47429
G1 X85.1931 Y95.5833 Z1.50286
G1 X85.5422 Y95.1872 Z1.53143
G1 X86.0696 Y95.2132 Z1.56
G1 X143.376 Y126.376 Z1.56
G1 X143.79 Y126.79
G1 Z1.36
G1 E1 F2100
;TYPE:Outer wall
;WIDTH:0.42
G1 F1800
G1 X76.21 Y126.79 E1.64704
G1 X76.21 Y93.21 E.8184
G1 X143.79 Y93.21 E1.64704
G1 X143.79 Y126.73 E.81694
G1 X143.376 Y126.376 F9000
G1 X143.389 Y126.389
M204 P1500
;TYPE:Inner wall
;WIDTH:0.45
G1 F2700
G1 X76.611 Y126.389 E1.75411
G1 X76.611 Y93.611 E.86102
G1 X143.389 Y93.611 E1.75411
G1 X143.389 Y126.329 E.85944
G1 X142.974 Y125.974 F9000
G1 F2700
G1 X77.026 Y125.974 E1.73228
G1 X77.026 Y94.026 E.83918
G1 X142.974 Y94.026 E1.73228
G1 X142.974 Y125.914 E.8376
G1 X142.558 Y125.558 F9000
G1 F2700
G1 X77.442 Y125.558 E1.71044
G1 X77.442 Y94.442 E.81734
G1 X142.558 Y94.442 E1.71044
G1 X142.558 Y125.498 E.81577
G1 X142.142 Y125.142 F9000
G1 F2700
G1 X77.858 Y125.142 E1.6886
G1 X77.858 Y94.858 E.79551
G1 X142.142 Y94.858 E1.6886
G1 X142.142 Y125.082 E.79393
G1 X141.787 Y117.772 F9000
M204 P1000
;TYPE:Sparse infill
G1 F3600
G1 X141.787 Y116.392 E.03623
G1 X120.608 Y95.213 E.78676
G1 X122.195 Y95.213 E.04169
G1 X141.787 Y114.805 E.7278
G1 X141.787 Y113.218 E.04169
G1 X123.782 Y95.213 E.66884
G1 X125.369 Y95.213 E.04169
G1 X141.787 Y111.631 E.60988
G1 X141.787 Y110.044 E.04169
G1 X126.956 Y95.213 E.55092
G1 X128.544 Y95.213 E.04169
G1 X141.787 Y108.456 E.49196
G1 X141.787 Y106.869 E.04169
G1 X130.131 Y95.213 E.433
G1 X131.718 Y95.213 E.04169
G1 X141.787 Y105.282 E.37404
G1 X141.787 Y103.695 E.04169
G1 X133.305 Y95.213 E.31508
G1 X134.892 Y95.213 E.04169
G1 X141.787 Y102.108 E.25612
G1 X141.787 Y100.521 E.04169
G1 X136.479 Y95.213 E.19716
G1 X138.067 Y95.213 E.04169
G1 X141.787 Y98.933 E.1382
G1 X141.787 Y97.346 E.04169
G1 X139.654 Y95.213 E.07924
G1 X141.241 Y95.213 E.04169
G1 X141.787 Y95.759 E.02028
G1 X141.787 Y97.139 E.03623
G1 X120.4 Y95.213 F9000
G1 F3600
G1 X119.021 Y95.213 E.03623
G1 X141.787 Y117.979 E.84572
G1 X141.787 Y119.567 E.04169
G1 X117.433 Y95.213 E.90468
G1 X115.846 Y95.213 E.04169
G1 X141.787 Y121.154 E.96364
G1 X141.787 Y122.741 E.04169
G1 X114.259 Y95.213 E1.0226
G1 X112.672 Y95.213 E.04169
G1 X141.787 Y124.328 E1.08156
G1 X141.787 Y124.787 E.01205
G1 X140.658 Y124.787 E.02964
G1 X111.085 Y95.213 E1.0986
G1 X109.498 Y95.213 E.04169
G1 X139.071 Y124.787 E1.0986
G1 X137.484 Y124.787 E.04169
G1 X107.91 Y95.213 E1.0986
G1 X106.323 Y95.213 E.04169
G1 X135.897 Y124.787 E1.0986
G1 X134.31 Y124.787 E.04169
G1 X104.736 Y95.213 E1.0986
G1 X103.149 Y95.213 E.04169
G1 X132.723 Y124.787 E1.0986
G1 X131.135 Y124.787 E.04169
G1 X101.562 Y95.213 E1.0986
G1 X99.975 Y95.213 E.04169
G1 X129.548 Y124.787 E1.0986
G1 X127.961 Y124.787 E.04169
G1 X98.388 Y95.213 E1.0986
G1 X96.8 Y95.213 E.04169
G1 X126.374 Y124.787 E1.0986
G1 X124.787 Y124.787 E.04169
G1 X95.213 Y95.213 E1.0986
G1 X93.626 Y95.213 E.04169
G1 X123.2 Y124.787 E1.0986
G1 X121.612 Y124.787 E.04169
G1 X92.039 Y95.213 E1.0986
G1 X90.452 Y95.213 E.04169
G1 X120.025 Y124.787 E1.0986
G1 X118.438 Y124.787 E.04169
G1 X88.865 Y95.213 E1.0986
G1 X87.277 Y95.213 E.04169
G1 X116.851 Y124.787 E1.0986
G1 X115.472 Y124.787 E.03623
G1 X104.362 Y124.787 F9000
G1 F3600
G1 X105.741 Y124.787 E.03623
G1 X78.213 Y97.259 E1.0226
G1 X78.213 Y98.846 E.04169
G1 X104.154 Y124.787 E.96364
G1 X102.567 Y124.787 E.04169
G1 X78.213 Y100.433 E.90468
G1 X78.213 Y102.021 E.04169
G1 X100.979 Y124.787 E.84572
G1 X99.392 Y124.787 E.04169
G1 X78.213 Y103.608 E.78676
G1 X78.213 Y105.195 E.04169
G1 X97.805 Y124.787 E.7278
G1 X96.218 Y124.787 E.04169
G1 X78.213 Y106.782 E.66884
G1 X78.213 Y108.369 E.04169
G1 X94.631 Y124.787 E.60988
G1 X93.044 Y124.787 E.04169
G1 X78.213 Y109.956 E.55092
G1 X78.213 Y108.577 E.03623
G1 X78.213 Y113.339 F9000
G1 F3600
G1 X78.213 Y114.718 E.03623
G1 X88.282 Y124.787 E.37404
G1 X89.869 Y124.787 E.04169
G1 X78.213 Y113.131 E.433
G1 X78.213 Y111.544 E.04169
G1 X91.456 Y124.787 E.49196
G1 X90.077 Y124.787 E.03623
G1 X85.316 Y124.787 F9000
G1 F3600
G1 X86.695 Y124.787 E.03623
G1 X78.213 Y116.305 E.31508
G1 X78.213 Y117.892 E.04169
G1 X85.108 Y124.787 E.25612
G1 X83.521 Y124.787 E.04169
G1 X78.213 Y119.479 E.19716
G1 X78.213 Y121.067 E.04169
G1 X81.933 Y124.787 E.1382
G1 X80.346 Y124.787 E.04169
G1 X78.213 Y122.654 E.07924
G1 X78.213 Y124.241 E.04169
G1 X78.759 Y124.787 E.02028
G1 X80.139 Y124.787 E.03623
G1 X79.134 Y95.213 F9000
G1 F3600
G1 X78.213 Y95.213 E.02418
G1 X78.213 Y95.672 E.01205
G1 X107.328 Y124.787 E1.08156
G1 X108.915 Y124.787 E.04169
G1 X79.342 Y95.213 E1.0986
G1 X80.929 Y95.213 E.04169
G1 X110.502 Y124.787 E1.0986
G1 X112.09 Y124.787 E.04169
G1 X82.516 Y95.213 E1.0986
G1 X84.103 Y95.213 E.04169
G1 X113.677 Y124.787 E1.0986
G1 X115.264 Y124.787 E.04169
G1 X85.69 Y95.213 E1.0986
G1 X87.07 Y95.213 E.03623
; stop printing object pod_header_usb_coupon.stl id:0 copy 0
;LAYER_CHANGE
;Z:1.52
;HEIGHT:0.16
G92 E0 ; zero the extruded length again
; BEFORE_LAYER_CHANGE 8 @ 1.52mm
G1 E-.7 F2100
;WIPE_START
G1 F3600
G1 X86.07 Y95.213 E-.3
;WIPE_END
; AFTER_LAYER_CHANGE 8 @ 1.52mm
;_SET_FAN_SPEED_CHANGING_LAYER
; printing object pod_header_usb_coupon.stl id:0 copy 0
G1 F9000
G1 X86.3781 Y95.6418 Z1.54857
G1 X86.2354 Y96.1501 Z1.57714
G1 X85.7489 Y96.3555 Z1.60571
G1 X85.2851 Y96.1033 Z1.63429
G1 X85.1931 Y95.5833 Z1.66286
G1 X85.5422 Y95.1872 Z1.69143
G1 X86.0696 Y95.2132 Z1.72
G1 X143.376 Y126.376 Z1.72
G1 X143.79 Y126.79
G1 Z1.52
G1 E1 F2100
;TYPE:Outer wall
;WIDTH:0.42
G1 F1800
G1 X76.21 Y126.79 E1.64704
G1 X76.21 Y93.21 E.8184
G1 X143.79 Y93.21 E1.64704
G1 X143.79 Y126.73 E.81694
G1 X143.376 Y126.376 F9000
G1 X143.389 Y126.389
M204 P1500
;TYPE:Inner wall
;WIDTH:0.45
G1 F2700
G1 X76.611 Y126.389 E1.75411
G1 X76.611 Y93.611 E.86102
G1 X143.389 Y93.611 E1.75411
G1 X143.389 Y126.329 E.85944
G1 X142.974 Y125.974 F9000
G1 F2700
G1 X77.026 Y125.974 E1.73228
G1 X77.026 Y94.026 E.83918
G1 X142.974 Y94.026 E1.73228
G1 X142.974 Y125.914 E.8376
G1 X142.558 Y125.558 F9000
G1 F2700
G1 X77.442 Y125.558 E1.71044
G1 X77.442 Y94.442 E.81734
G1 X142.558 Y94.442 E1.71044
G1 X142.558 Y125.498 E.81577
G1 X142.142 Y125.142 F9000
G1 F2700
G1 X77.858 Y125.142 E1.6886
G1 X77.858 Y94.858 E.79551
G1 X142.142 Y94.858 E1.6886
G1 X142.142 Y125.082 E.79393
G1 X141.787 Y117.772 F9000
M204 P1000
;TYPE:Sparse infill
G1 F3600
G1 X141.787 Y116.392 E.03623
G1 X120.608 Y95.213 E.78676
G1 X122.195 Y95.213 E.04169
G1 X141.787 Y114.805 E.7278
G1 X141.787 Y113.218 E.04169
G1 X123.782 Y95.213 E.66884
G1 X125.369 Y95.213 E.04169
G1 X141.787 Y111.631 E.60988
G1 X141.787 Y110.044 E.04169
G1 X126.956 Y95.213 E.55092
G1 X128.544 Y95.213 E.04169
G1 X141.787 Y108.456 E.49196
G1 X141.787 Y106.869 E.04169
G1 X130.131 Y95.213 E.433
G1 X131.718 Y95.213 E.04169
G1 X141.787 Y105.282 E.37404
G1 X141.787 Y103.695 E.04169
G1 X133.305 Y95.213 E.31508
G1 X134.892 Y95.213 E.04169
G1 X141.787 Y102.108 E.25612
G1 X141.787 Y100.521 E.04169
G1 X136.479 Y95.213 E.19716
G1 X138.067 Y95.213 E.04169
G1 X141.787 Y98.933 E.1382
G1 X141.787 Y97.346 E.04169
G1 X139.654 Y95.213 E.07924
G1 X141.241 Y95.213 E.04169
G1 X141.787 Y95.759 E.02028
G1 X141.787 Y97.139 E.03623
G1 X120.4 Y95.213 F9000
G1 F3600
G1 X119.021 Y95.213 E.03623
G1 X141.787 Y117.979 E.84572
G1 X141.787 Y119.567 E.04169
G1 X117.433 Y95.213 E.90468
G1 X115.846 Y95.213 E.04169
G1 X141.787 Y121.154 E.96364
G1 X141.787 Y122.741 E.04169
G1 X114.259 Y95.213 E1.0226
G1 X112.672 Y95.213 E.04169
G1 X141.787 Y124.328 E1.08156
G1 X141.787 Y124.787 E.01205
G1 X140.658 Y124.787 E.02964
G1 X111.085 Y95.213 E1.0986
G1 X109.498 Y95.213 E.04169
G1 X139.071 Y124.787 E1.0986
G1 X137.484 Y124.787 E.04169
G1 X107.91 Y95.213 E1.0986
G1 X106.323 Y95.213 E.04169
G1 X135.897 Y124.787 E1.0986
G1 X134.31 Y124.787 E.04169
G1 X104.736 Y95.213 E1.0986
G1 X103.149 Y95.213 E.04169
G1 X132.723 Y124.787 E1.0986
G1 X131.135 Y124.787 E.04169
G1 X101.562 Y95.213 E1.0986
G1 X99.975 Y95.213 E.04169
G1 X129.548 Y124.787 E1.0986
G1 X127.961 Y124.787 E.04169
G1 X98.388 Y95.213 E1.0986
G1 X96.8 Y95.213 E.04169
G1 X126.374 Y124.787 E1.0986
G1 X124.787 Y124.787 E.04169
G1 X95.213 Y95.213 E1.0986
G1 X93.626 Y95.213 E.04169
G1 X123.2 Y124.787 E1.0986
G1 X121.612 Y124.787 E.04169
G1 X92.039 Y95.213 E1.0986
G1 X90.452 Y95.213 E.04169
G1 X120.025 Y124.787 E1.0986
G1 X118.438 Y124.787 E.04169
G1 X88.865 Y95.213 E1.0986
G1 X87.277 Y95.213 E.04169
G1 X116.851 Y124.787 E1.0986
G1 X115.472 Y124.787 E.03623
G1 X104.362 Y124.787 F9000
G1 F3600
G1 X105.741 Y124.787 E.03623
G1 X78.213 Y97.259 E1.0226
G1 X78.213 Y98.846 E.04169
G1 X104.154 Y124.787 E.96364
G1 X102.567 Y124.787 E.04169
G1 X78.213 Y100.433 E.90468
G1 X78.213 Y102.021 E.04169
G1 X100.979 Y124.787 E.84572
G1 X99.392 Y124.787 E.04169
G1 X78.213 Y103.608 E.78676
G1 X78.213 Y105.195 E.04169
G1 X97.805 Y124.787 E.7278
G1 X96.218 Y124.787 E.04169
G1 X78.213 Y106.782 E.66884
G1 X78.213 Y108.369 E.04169
G1 X94.631 Y124.787 E.60988
G1 X93.044 Y124.787 E.04169
G1 X78.213 Y109.956 E.55092
G1 X78.213 Y108.577 E.03623
G1 X78.213 Y113.339 F9000
G1 F3600
G1 X78.213 Y114.718 E.03623
G1 X88.282 Y124.787 E.37404
G1 X89.869 Y124.787 E.04169
G1 X78.213 Y113.131 E.433
G1 X78.213 Y111.544 E.04169
G1 X91.456 Y124.787 E.49196
G1 X90.077 Y124.787 E.03623
G1 X85.316 Y124.787 F9000
G1 F3600
G1 X86.695 Y124.787 E.03623
G1 X78.213 Y116.305 E.31508
G1 X78.213 Y117.892 E.04169
G1 X85.108 Y124.787 E.25612
G1 X83.521 Y124.787 E.04169
G1 X78.213 Y119.479 E.19716
G1 X78.213 Y121.067 E.04169
G1 X81.933 Y124.787 E.1382
G1 X80.346 Y124.787 E.04169
G1 X78.213 Y122.654 E.07924
G1 X78.213 Y124.241 E.04169
G1 X78.759 Y124.787 E.02028
G1 X80.139 Y124.787 E.03623
G1 X79.134 Y95.213 F9000
G1 F3600
G1 X78.213 Y95.213 E.02418
G1 X78.213 Y95.672 E.01205
G1 X107.328 Y124.787 E1.08156
G1 X108.915 Y124.787 E.04169
G1 X79.342 Y95.213 E1.0986
G1 X80.929 Y95.213 E.04169
G1 X110.502 Y124.787 E1.0986
G1 X112.09 Y124.787 E.04169
G1 X82.516 Y95.213 E1.0986
G1 X84.103 Y95.213 E.04169
G1 X113.677 Y124.787 E1.0986
G1 X115.264 Y124.787 E.04169
G1 X85.69 Y95.213 E1.0986
G1 X87.07 Y95.213 E.03623
; stop printing object pod_header_usb_coupon.stl id:0 copy 0
;LAYER_CHANGE
;Z:1.68
;HEIGHT:0.16
G92 E0 ; zero the extruded length again
; BEFORE_LAYER_CHANGE 9 @ 1.68mm
G1 E-.7 F2100
;WIPE_START
G1 F3600
G1 X86.07 Y95.213 E-.3
;WIPE_END
; AFTER_LAYER_CHANGE 9 @ 1.68mm
;_SET_FAN_SPEED_CHANGING_LAYER
; printing object pod_header_usb_coupon.stl id:0 copy 0
G1 F9000
G1 X86.3781 Y95.6418 Z1.70857
G1 X86.2354 Y96.1501 Z1.73714
G1 X85.7489 Y96.3555 Z1.76571
G1 X85.2851 Y96.1033 Z1.79429
G1 X85.1931 Y95.5833 Z1.82286
G1 X85.5422 Y95.1872 Z1.85143
G1 X86.0696 Y95.2132 Z1.88
G1 X143.376 Y126.376 Z1.88
G1 X143.79 Y126.79
G1 Z1.68
G1 E1 F2100
;TYPE:Outer wall
;WIDTH:0.42
G1 F1800
G1 X76.21 Y126.79 E1.64704
G1 X76.21 Y93.21 E.8184
G1 X143.79 Y93.21 E1.64704
G1 X143.79 Y126.73 E.81694
G1 X143.376 Y126.376 F9000
G1 X143.389 Y126.389
M204 P1500
;TYPE:Inner wall
;WIDTH:0.45
G1 F2700
G1 X76.611 Y126.389 E1.75411
G1 X76.611 Y93.611 E.86102
G1 X143.389 Y93.611 E1.75411
G1 X143.389 Y126.329 E.85944
G1 X142.974 Y125.974 F9000
G1 F2700
G1 X77.026 Y125.974 E1.73228
G1 X77.026 Y94.026 E.83918
G1 X142.974 Y94.026 E1.73228
G1 X142.974 Y125.914 E.8376
G1 X142.558 Y125.558 F9000
G1 F2700
G1 X77.442 Y125.558 E1.71044
G1 X77.442 Y94.442 E.81734
G1 X142.558 Y94.442 E1.71044
G1 X142.558 Y125.498 E.81577
G1 X142.142 Y125.142 F9000
G1 F2700
G1 X77.858 Y125.142 E1.6886
G1 X77.858 Y94.858 E.79551
G1 X142.142 Y94.858 E1.6886
G1 X142.142 Y125.082 E.79393
G1 X141.787 Y117.772 F9000
M204 P1000
;TYPE:Sparse infill
G1 F3600
G1 X141.787 Y116.392 E.03623
G1 X120.608 Y95.213 E.78676
G1 X122.195 Y95.213 E.04169
G1 X141.787 Y114.805 E.7278
G1 X141.787 Y113.218 E.04169
G1 X123.782 Y95.213 E.66884
G1 X125.369 Y95.213 E.04169
G1 X141.787 Y111.631 E.60988
G1 X141.787 Y110.044 E.04169
G1 X126.956 Y95.213 E.55092
G1 X128.544 Y95.213 E.04169
G1 X141.787 Y108.456 E.49196
G1 X141.787 Y106.869 E.04169
G1 X130.131 Y95.213 E.433
G1 X131.718 Y95.213 E.04169
G1 X141.787 Y105.282 E.37404
G1 X141.787 Y103.695 E.04169
G1 X133.305 Y95.213 E.31508
G1 X134.892 Y95.213 E.04169
G1 X141.787 Y102.108 E.25612
G1 X141.787 Y100.521 E.04169
G1 X136.479 Y95.213 E.19716
G1 X138.067 Y95.213 E.04169
G1 X141.787 Y98.933 E.1382
G1 X141.787 Y97.346 E.04169
G1 X139.654 Y95.213 E.07924
G1 X141.241 Y95.213 E.04169
G1 X141.787 Y95.759 E.02028
G1 X141.787 Y97.139 E.03623
G1 X120.4 Y95.213 F9000
G1 F3600
G1 X119.021 Y95.213 E.03623
G1 X141.787 Y117.979 E.84572
G1 X141.787 Y119.567 E.04169
G1 X117.433 Y95.213 E.90468
G1 X115.846 Y95.213 E.04169
G1 X141.787 Y121.154 E.96364
G1 X141.787 Y122.741 E.04169
G1 X114.259 Y95.213 E1.0226
G1 X112.672 Y95.213 E.04169
G1 X141.787 Y124.328 E1.08156
G1 X141.787 Y124.787 E.01205
G1 X140.658 Y124.787 E.02964
G1 X111.085 Y95.213 E1.0986
G1 X109.498 Y95.213 E.04169
G1 X139.071 Y124.787 E1.0986
G1 X137.484 Y124.787 E.04169
G1 X107.91 Y95.213 E1.0986
G1 X106.323 Y95.213 E.04169
G1 X135.897 Y124.787 E1.0986
G1 X134.31 Y124.787 E.04169
G1 X104.736 Y95.213 E1.0986
G1 X103.149 Y95.213 E.04169
G1 X132.723 Y124.787 E1.0986
G1 X131.135 Y124.787 E.04169
G1 X101.562 Y95.213 E1.0986
G1 X99.975 Y95.213 E.04169
G1 X129.548 Y124.787 E1.0986
G1 X127.961 Y124.787 E.04169
G1 X98.388 Y95.213 E1.0986
G1 X96.8 Y95.213 E.04169
G1 X126.374 Y124.787 E1.0986
G1 X124.787 Y124.787 E.04169
G1 X95.213 Y95.213 E1.0986
G1 X93.626 Y95.213 E.04169
G1 X123.2 Y124.787 E1.0986
G1 X121.612 Y124.787 E.04169
G1 X92.039 Y95.213 E1.0986
G1 X90.452 Y95.213 E.04169
G1 X120.025 Y124.787 E1.0986
G1 X118.438 Y124.787 E.04169
G1 X88.865 Y95.213 E1.0986
G1 X87.277 Y95.213 E.04169
G1 X116.851 Y124.787 E1.0986
G1 X115.472 Y124.787 E.03623
G1 X104.362 Y124.787 F9000
G1 F3600
G1 X105.741 Y124.787 E.03623
G1 X78.213 Y97.259 E1.0226
G1 X78.213 Y98.846 E.04169
G1 X104.154 Y124.787 E.96364
G1 X102.567 Y124.787 E.04169
G1 X78.213 Y100.433 E.90468
G1 X78.213 Y102.021 E.04169
G1 X100.979 Y124.787 E.84572
G1 X99.392 Y124.787 E.04169
G1 X78.213 Y103.608 E.78676
G1 X78.213 Y105.195 E.04169
G1 X97.805 Y124.787 E.7278
G1 X96.218 Y124.787 E.04169
G1 X78.213 Y106.782 E.66884
G1 X78.213 Y108.369 E.04169
G1 X94.631 Y124.787 E.60988
G1 X93.044 Y124.787 E.04169
G1 X78.213 Y109.956 E.55092
G1 X78.213 Y108.577 E.03623
G1 X78.213 Y113.339 F9000
G1 F3600
G1 X78.213 Y114.718 E.03623
G1 X88.282 Y124.787 E.37404
G1 X89.869 Y124.787 E.04169
G1 X78.213 Y113.131 E.433
G1 X78.213 Y111.544 E.04169
G1 X91.456 Y124.787 E.49196
G1 X90.077 Y124.787 E.03623
G1 X85.316 Y124.787 F9000
G1 F3600
G1 X86.695 Y124.787 E.03623
G1 X78.213 Y116.305 E.31508
G1 X78.213 Y117.892 E.04169
G1 X85.108 Y124.787 E.25612
G1 X83.521 Y124.787 E.04169
G1 X78.213 Y119.479 E.19716
G1 X78.213 Y121.067 E.04169
G1 X81.933 Y124.787 E.1382
G1 X80.346 Y124.787 E.04169
G1 X78.213 Y122.654 E.07924
G1 X78.213 Y124.241 E.04169
G1 X78.759 Y124.787 E.02028
G1 X80.139 Y124.787 E.03623
G1 X79.134 Y95.213 F9000
G1 F3600
G1 X78.213 Y95.213 E.02418
G1 X78.213 Y95.672 E.01205
G1 X107.328 Y124.787 E1.08156
G1 X108.915 Y124.787 E.04169
G1 X79.342 Y95.213 E1.0986
G1 X80.929 Y95.213 E.04169
G1 X110.502 Y124.787 E1.0986
G1 X112.09 Y124.787 E.04169
G1 X82.516 Y95.213 E1.0986
G1 X84.103 Y95.213 E.04169
G1 X113.677 Y124.787 E1.0986
G1 X115.264 Y124.787 E.04169
G1 X85.69 Y95.213 E1.0986
G1 X87.07 Y95.213 E.03623
; stop printing object pod_header_usb_coupon.stl id:0 copy 0
;LAYER_CHANGE
;Z:1.84
;HEIGHT:0.16
G92 E0 ; zero the extruded length again
; BEFORE_LAYER_CHANGE 10 @ 1.84mm
G1 E-.7 F2100
;WIPE_START
G1 F3600
G1 X86.07 Y95.213 E-.3
;WIPE_END
; AFTER_LAYER_CHANGE 10 @ 1.84mm
;_SET_FAN_SPEED_CHANGING_LAYER
; printing object pod_header_usb_coupon.stl id:0 copy 0
G1 F9000
G1 X86.3781 Y95.6418 Z1.86857
G1 X86.2354 Y96.1501 Z1.89714
G1 X85.7489 Y96.3555 Z1.92571
G1 X85.2851 Y96.1033 Z1.95429
G1 X85.1931 Y95.5833 Z1.98286
G1 X85.5422 Y95.1872 Z2.01143
G1 X86.0696 Y95.2132 Z2.04
G1 X143.376 Y126.376 Z2.04
G1 X143.79 Y126.79
G1 Z1.84
G1 E1 F2100
;TYPE:Outer wall
;WIDTH:0.42
G1 F1800
G1 X76.21 Y126.79 E1.64704
G1 X76.21 Y93.21 E.8184
G1 X143.79 Y93.21 E1.64704
G1 X143.79 Y126.73 E.81694
G1 X143.376 Y126.376 F9000
G1 X143.389 Y126.389
M204 P1500
;TYPE:Inner wall
;WIDTH:0.45
G1 F2700
G1 X76.611 Y126.389 E1.75411
G1 X76.611 Y93.611 E.86102
G1 X143.389 Y93.611 E1.75411
G1 X143.389 Y126.329 E.85944
G1 X142.974 Y125.974 F9000
G1 F2700
G1 X77.026 Y125.974 E1.73228
G1 X77.026 Y94.026 E.83918
G1 X142.974 Y94.026 E1.73228
G1 X142.974 Y125.914 E.8376
G1 X142.558 Y125.558 F9000
G1 F2700
G1 X77.442 Y125.558 E1.71044
G1 X77.442 Y94.442 E.81734
G1 X142.558 Y94.442 E1.71044
G1 X142.558 Y125.498 E.81577
G1 X142.142 Y125.142 F9000
G1 F2700
G1 X77.858 Y125.142 E1.6886
G1 X77.858 Y94.858 E.79551
G1 X142.142 Y94.858 E1.6886
G1 X142.142 Y125.082 E.79393
G1 X141.401 Y109.51 F9000
M204 P1000
;TYPE:Sparse infill
G1 F3600
G1 X141.401 Y110.889 E.03623
G1 X141.346 Y110.834 E.00203
G1 X140.553 Y110.753 E.02095
G1 X140.197 Y110.397 E.01323
G1 X140.115 Y109.603 E.02095
G1 X139.759 Y109.247 E.01323
G1 X138.966 Y109.166 E.02095
G1 X138.61 Y108.81 E.01323
G1 X138.528 Y108.016 E.02095
G1 X138.172 Y107.66 E.01323
G1 X137.378 Y107.579 E.02095
G1 X137.022 Y107.222 E.01323
G1 X136.941 Y106.429 E.02095
G1 X136.585 Y106.073 E.01323
G1 X135.791 Y105.991 E.02095
G1 X135.435 Y105.635 E.01323
G1 X135.354 Y104.842 E.02095
G1 X134.998 Y104.486 E.01323
G1 X134.204 Y104.404 E.02095
G1 X133.848 Y104.048 E.01323
G1 X133.767 Y103.255 E.02095
G1 X133.411 Y102.898 E.01323
G1 X132.617 Y102.817 E.02095
G1 X132.261 Y102.461 E.01323
G1 X132.18 Y101.667 E.02095
G1 X131.823 Y101.311 E.01323
G1 X131.03 Y101.23 E.02095
G1 X130.674 Y100.874 E.01323
G1 X130.592 Y100.08 E.02095
G1 X130.236 Y99.724 E.01323
G1 X129.443 Y99.643 E.02095
G1 X129.087 Y99.287 E.01323
G1 X129.005 Y98.493 E.02095
G1 X128.649 Y98.137 E.01323
G1 X127.856 Y98.056 E.02095
G1 X127.499 Y97.7 E.01323
G1 X127.418 Y96.906 E.02095
G1 X127.062 Y96.55 E.01323
G1 X126.268 Y96.468 E.02095
G1 X125.912 Y96.112 E.01323
G1 X125.86 Y95.599 E.01356
G1 X124.272 Y95.599 E.04169
G1 X124.325 Y96.112 E.01356
G1 X124.681 Y96.468 E.01323
G1 X125.475 Y96.55 E.02095
G1 X125.831 Y96.906 E.01323
G1 X125.912 Y97.7 E.02095
G1 X126.268 Y98.056 E.01323
G1 X127.062 Y98.137 E.02095
G1 X127.418 Y98.493 E.01323
G1 X127.499 Y99.287 E.02095
G1 X127.856 Y99.643 E.01323
G1 X128.649 Y99.724 E.02095
G1 X129.005 Y100.08 E.01323
G1 X129.087 Y100.874 E.02095
G1 X129.443 Y101.23 E.01323
G1 X130.236 Y101.311 E.02095
G1 X130.592 Y101.667 E.01323
G1 X130.674 Y102.461 E.02095
G1 X131.03 Y102.817 E.01323
G1 X131.823 Y102.898 E.02095
G1 X132.18 Y103.255 E.01323
G1 X132.261 Y104.048 E.02095
G1 X132.617 Y104.404 E.01323
G1 X133.411 Y104.486 E.02095
G1 X133.767 Y104.842 E.01323
G1 X133.848 Y105.635 E.02095
G1 X134.204 Y105.991 E.01323
G1 X134.998 Y106.073 E.02095
G1 X135.354 Y106.429 E.01323
G1 X135.435 Y107.222 E.02095
G1 X135.791 Y107.579 E.01323
G1 X136.585 Y107.66 E.02095
G1 X136.941 Y108.016 E.01323
G1 X137.022 Y108.81 E.02095
G1 X137.378 Y109.166 E.01323
G1 X138.172 Y109.247 E.02095
G1 X138.528 Y109.603 E.01323
G1 X138.61 Y110.397 E.02095
G1 X138.966 Y110.753 E.01323
G1 X139.759 Y110.834 E.02095
G1 X140.115 Y111.19 E.01323
G1 X140.197 Y111.984 E.02095
G1 X140.553 Y112.34 E.01323
G1 X141.346 Y112.421 E.02095
G1 X141.401 Y112.476 E.00203
G1 X141.401 Y114.063 E.04169
G1 X141.346 Y114.009 E.00203
G1 X140.553 Y113.927 E.02095
G1 X140.197 Y113.571 E.01323
G1 X140.115 Y112.778 E.02095
G1 X139.759 Y112.421 E.01323
G1 X138.966 Y112.34 E.02095
G1 X138.61 Y111.984 E.01323
G1 X138.528 Y111.19 E.02095
G1 X138.172 Y110.834 E.01323
G1 X137.378 Y110.753 E.02095
G1 X137.022 Y110.397 E.01323
G1 X136.941 Y109.603 E.02095
G1 X136.585 Y109.247 E.01323
G1 X135.791 Y109.166 E.02095
G1 X135.435 Y108.81 E.01323
G1 X135.354 Y108.016 E.02095
G1 X134.998 Y107.66 E.01323
G1 X134.204 Y107.579 E.02095
G1 X133.848 Y107.222 E.01323
G1 X133.767 Y106.429 E.02095
G1 X133.411 Y106.073 E.01323
G1 X132.617 Y105.991 E.02095
G1 X132.261 Y105.635 E.01323
G1 X132.18 Y104.842 E.02095
G1 X131.823 Y104.486 E.01323
G1 X131.03 Y104.404 E.02095
G1 X130.674 Y104.048 E.01323
G1 X130.592 Y103.255 E.02095
G1 X130.236 Y102.898 E.01323
G1 X129.443 Y102.817 E.02095
G1 X129.087 Y102.461 E.01323
G1 X129.005 Y101.667 E.02095
G1 X128.649 Y101.311 E.01323
G1 X127.856 Y101.23 E.02095
G1 X127.499 Y100.874 E.01323
G1 X127.418 Y100.08 E.02095
G1 X127.062 Y99.724 E.01323
G1 X126.268 Y99.643 E.02095
G1 X125.912 Y99.287 E.01323
G1 X125.831 Y98.493 E.02095
G1 X125.475 Y98.137 E.01323
G1 X124.681 Y98.056 E.02095
G1 X124.325 Y97.7 E.01323
G1 X124.244 Y96.906 E.02095
G1 X123.888 Y96.55 E.01323
G1 X123.094 Y96.468 E.02095
G1 X122.738 Y96.112 E.01323
G1 X122.685 Y95.599 E.01356
G1 X121.098 Y95.599 E.04169
G1 X121.151 Y96.112 E.01356
G1 X121.507 Y96.468 E.01323
G1 X122.3 Y96.55 E.02095
G1 X122.657 Y96.906 E.01323
G1 X122.738 Y97.7 E.02095
G1 X123.094 Y98.056 E.01323
G1 X123.888 Y98.137 E.02095
G1 X124.244 Y98.493 E.01323
G1 X124.325 Y99.287 E.02095
G1 X124.681 Y99.643 E.01323
G1 X125.475 Y99.724 E.02095
G1 X125.831 Y100.08 E.01323
G1 X125.912 Y100.874 E.02095
G1 X126.268 Y101.23 E.01323
G1 X127.062 Y101.311 E.02095
G1 X127.418 Y101.667 E.01323
G1 X127.499 Y102.461 E.02095
G1 X127.856 Y102.817 E.01323
G1 X128.649 Y102.898 E.02095
G1 X129.005 Y103.255 E.01323
G1 X129.087 Y104.048 E.02095
G1 X129.443 Y104.404 E.01323
G1 X130.236 Y104.486 E.02095
G1 X130.592 Y104.842 E.01323
G1 X130.674 Y105.635 E.02095
G1 X131.03 Y105.991 E.01323
G1 X131.823 Y106.073 E.02095
G1 X132.18 Y106.429 E.01323
G1 X132.261 Y107.222 E.02095
G1 X132.617 Y107.579 E.01323
G1 X133.411 Y107.66 E.02095
G1 X133.767 Y108.016 E.01323
G1 X133.848 Y108.81 E.02095
G1 X134.204 Y109.166 E.01323
G1 X134.998 Y109.247 E.02095
G1 X135.354 Y109.603 E.01323
G1 X135.435 Y110.397 E.02095
G1 X135.791 Y110.753 E.01323
G1 X136.585 Y110.834 E.02095
G1 X136.941 Y111.19 E.01323
G1 X137.022 Y111.984 E.02095
G1 X137.378 Y112.34 E.01323
G1 X138.172 Y112.421 E.02095
G1 X138.528 Y112.778 E.01323
G1 X138.61 Y113.571 E.02095
G1 X138.966 Y113.927 E.01323
G1 X139.759 Y114.009 E.02095
G1 X140.115 Y114.365 E.01323
G1 X140.197 Y115.158 E.02095
G1 X140.553 Y115.514 E.01323
G1 X141.346 Y115.596 E.02095
G1 X141.401 Y115.65 E.00203
G1 X141.401 Y117.238 E.04169
G1 X141.346 Y117.183 E.00203
G1 X140.553 Y117.102 E.02095
G1 X140.197 Y116.745 E.01323
G1 X140.115 Y115.952 E.02095
G1 X139.759 Y115.596 E.01323
G1 X138.966 Y115.514 E.02095
G1 X138.61 Y115.158 E.01323
G1 X138.528 Y114.365 E.02095
G1 X138.172 Y114.009 E.01323
G1 X137.378 Y113.927 E.02095
G1 X137.022 Y113.571 E.01323
G1 X136.941 Y112.778 E.02095
G1 X136.585 Y112.421 E.01323
G1 X135.791 Y112.34 E.02095
G1 X135.435 Y111.984 E.01323
G1 X135.354 Y111.19 E.02095
G1 X134.998 Y110.834 E.01323
G1 X134.204 Y110.753 E.02095
G1 X133.848 Y110.397 E.01323
G1 X133.767 Y109.603 E.02095
G1 X133.411 Y109.247 E.01323
G1 X132.617 Y109.166 E.02095
G1 X132.261 Y108.81 E.01323
G1 X132.18 Y108.016 E.02095
G1 X131.823 Y107.66 E.01323
G1 X131.03 Y107.579 E.02095
G1 X130.674 Y107.222 E.01323
G1 X130.592 Y106.429 E.02095
G1 X130.236 Y106.073 E.01323
G1 X129.443 Y105.991 E.02095
G1 X129.087 Y105.635 E.01323
G1 X129.005 Y104.842 E.02095
G1 X128.649 Y104.486 E.01323
G1 X127.856 Y104.404 E.02095
G1 X127.499 Y104.048 E.01323
G1 X127.418 Y103.255 E.02095
G1 X127.062 Y102.898 E.01323
G1 X126.268 Y102.817 E.02095
G1 X125.912 Y102.461 E.01323
G1 X125.831 Y101.667 E.02095
G1 X125.475 Y101.311 E.01323
G1 X124.681 Y101.23 E.02095
G1 X124.325 Y100.874 E.01323
G1 X124.244 Y100.08 E.02095
G1 X123.888 Y99.724 E.01323
G1 X123.094 Y99.643 E.02095
G1 X122.738 Y99.287 E.01323
G1 X122.657 Y98.493 E.02095
G1 X122.3 Y98.137 E.01323
G1 X121.507 Y98.056 E.02095
G1 X121.151 Y97.7 E.01323
G1 X121.069 Y96.906 E.02095
G1 X120.713 Y96.55 E.01323
G1 X119.92 Y96.468 E.02095
G1 X119.564 Y96.112 E.01323
G1 X119.511 Y95.599 E.01356
G1 X117.924 Y95.599 E.04169
G1 X117.976 Y96.112 E.01356
G1 X118.333 Y96.468 E.01323
G1 X119.126 Y96.55 E.02095
G1 X119.482 Y96.906 E.01323
G1 X119.564 Y97.7 E.02095
G1 X119.92 Y98.056 E.01323
G1 X120.713 Y98.137 E.02095
G1 X121.069 Y98.493 E.01323
G1 X121.151 Y99.287 E.02095
G1 X121.507 Y99.643 E.01323
G1 X122.3 Y99.724 E.02095
G1 X122.657 Y100.08 E.01323
G1 X122.738 Y100.874 E.02095
G1 X123.094 Y101.23 E.01323
G1 X123.888 Y101.311 E.02095
G1 X124.244 Y101.667 E.01323
G1 X124.325 Y102.461 E.02095
G1 X124.681 Y102.817 E.01323
G1 X125.475 Y102.898 E.02095
G1 X125.831 Y103.255 E.01323
G1 X125.912 Y104.048 E.02095
G1 X126.268 Y104.404 E.01323
G1 X127.062 Y104.486 E.02095
G1 X127.418 Y104.842 E.01323
G1 X127.499 Y105.635 E.02095
G1 X127.856 Y105.991 E.01323
G1 X128.649 Y106.073 E.02095
G1 X129.005 Y106.429 E.01323
G1 X129.087 Y107.222 E.02095
G1 X129.443 Y107.579 E.01323
G1 X130.236 Y107.66 E.02095
G1 X130.592 Y108.016 E.01323
G1 X130.674 Y108.81 E.02095
G1 X131.03 Y109.166 E.01323
G1 X131.823 Y109.247 E.02095
G1 X132.18 Y109.603 E.01323
G1 X132.261 Y110.397 E.02095
G1 X132.617 Y110.753 E.01323
G1 X133.411 Y110.834 E.02095
G1 X133.767 Y111.19 E.01323
G1 X133.848 Y111.984 E.02095
G1 X134.204 Y112.34 E.01323
G1 X134.998 Y112.421 E.02095
G1 X135.354 Y112.778 E.01323
G1 X135.435 Y113.571 E.02095
G1 X135.791 Y113.927 E.01323
G1 X136.585 Y114.009 E.02095
G1 X136.941 Y114.365 E.01323
G1 X137.022 Y115.158 E.02095
G1 X137.378 Y115.514 E.01323
G1 X138.172 Y115.596 E.02095
G1 X138.528 Y115.952 E.01323
G1 X138.61 Y116.745 E.02095
G1 X138.966 Y117.102 E.01323
G1 X139.759 Y117.183 E.02095
G1 X140.115 Y117.539 E.01323
G1 X140.197 Y118.333 E.02095
G1 X140.553 Y118.689 E.01323
G1 X141.346 Y118.77 E.02095
G1 X141.401 Y118.825 E.00203
G1 X141.401 Y120.412 E.04169
G1 X141.346 Y120.357 E.00203
G1 X140.553 Y120.276 E.02095
G1 X140.197 Y119.92 E.01323
G1 X140.115 Y119.126 E.02095
G1 X139.759 Y118.77 E.01323
G1 X138.966 Y118.689 E.02095
G1 X138.61 Y118.333 E.01323
G1 X138.528 Y117.539 E.02095
G1 X138.172 Y117.183 E.01323
G1 X137.378 Y117.102 E.02095
G1 X137.022 Y116.745 E.01323
G1 X136.941 Y115.952 E.02095
G1 X136.585 Y115.596 E.01323
G1 X135.791 Y115.514 E.02095
G1 X135.435 Y115.158 E.01323
G1 X135.354 Y114.365 E.02095
G1 X134.998 Y114.009 E.01323
G1 X134.204 Y113.927 E.02095
G1 X133.848 Y113.571 E.01323
G1 X133.767 Y112.778 E.02095
G1 X133.411 Y112.421 E.01323
G1 X132.617 Y112.34 E.02095
G1 X132.261 Y111.984 E.01323
G1 X132.18 Y111.19 E.02095
G1 X131.823 Y110.834 E.01323
G1 X131.03 Y110.753 E.02095
G1 X130.674 Y110.397 E.01323
G1 X130.592 Y109.603 E.02095
G1 X130.236 Y109.247 E.01323
G1 X129.443 Y109.166 E.02095
G1 X129.087 Y108.81 E.01323
G1 X129.005 Y108.016 E.02095
G1 X128.649 Y107.66 E.01323
G1 X127.856 Y107.579 E.02095
G1 X127.499 Y107.222 E.01323
G1 X127.418 Y106.429 E.02095
G1 X127.062 Y106.073 E.01323
G1 X126.268 Y105.991 E.02095
G1 X125.912 Y105.635 E.01323
G1 X125.831 Y104.842 E.02095
G1 X125.475 Y104.486 E.01323
G1 X124.681 Y104.404 E.02095
G1 X124.325 Y104.048 E.01323
G1 X124.244 Y103.255 E.02095
G1 X123.888 Y102.898 E.01323
G1 X123.094 Y102.817 E.02095
G1 X122.738 Y102.461 E.01323
G1 X122.657 Y101.667 E.02095
G1 X122.3 Y101.311 E.01323
G1 X121.507 Y101.23 E.02095
G1 X121.151 Y100.874 E.01323
G1 X121.069 Y100.08 E.02095
G1 X120.713 Y99.724 E.01323
G1 X119.92 Y99.643 E.02095
G1 X119.564 Y99.287 E.01323
G1 X119.482 Y98.493 E.02095
G1 X119.126 Y98.137 E.01323
G1 X118.333 Y98.056 E.02095
G1 X117.976 Y97.7 E.01323
G1 X117.895 Y96.906 E.02095
G1 X117.539 Y96.55 E.01323
G1 X116.745 Y96.468 E.02095
G1 X116.389 Y96.112 E.01323
G1 X116.337 Y95.599 E.01356
G1 X114.75 Y95.599 E.04169
G1 X114.802 Y96.112 E.01356
G1 X115.158 Y96.468 E.01323
G1 X115.952 Y96.55 E.02095
G1 X116.308 Y96.906 E.01323
G1 X116.389 Y97.7 E.02095
G1 X116.745 Y98.056 E.01323
G1 X117.539 Y98.137 E.02095
G1 X117.895 Y98.493 E.01323
G1 X117.976 Y99.287 E.02095
G1 X118.333 Y99.643 E.01323
G1 X119.126 Y99.724 E.02095
G1 X119.482 Y100.08 E.01323
G1 X119.564 Y100.874 E.02095
G1 X119.92 Y101.23 E.01323
G1 X120.713 Y101.311 E.02095
G1 X121.069 Y101.667 E.01323
G1 X121.151 Y102.461 E.02095
G1 X121.507 Y102.817 E.01323
G1 X122.3 Y102.898 E.02095
G1 X122.657 Y103.255 E.01323
G1 X122.738 Y104.048 E.02095
G1 X123.094 Y104.404 E.01323
G1 X123.888 Y104.486 E.02095
G1 X124.244 Y104.842 E.01323
G1 X124.325 Y105.635 E.02095
G1 X124.681 Y105.991 E.01323
G1 X125.475 Y106.073 E.02095
G1 X125.831 Y106.429 E.01323
G1 X125.912 Y107.222 E.02095
G1 X126.268 Y107.579 E.01323
G1 X127.062 Y107.66 E.02095
G1 X127.418 Y108.016 E.01323
G1 X127.499 Y108.81 E.02095
G1 X127.856 Y109.166 E.01323
G1 X128.649 Y109.247 E.02095
G1 X129.005 Y109.603 E.01323
G1 X129.087 Y110.397 E.02095
G1 X129.443 Y110.753 E.01323
G1 X130.236 Y110.834 E.02095
G1 X130.592 Y111.19 E.01323
G1 X130.674 Y111.984 E.02095
G1 X131.03 Y112.34 E.01323
G1 X131.823 Y112.421 E.02095
G1 X132.18 Y112.778 E.01323
G1 X132.261 Y113.571 E.02095
G1 X132.617 Y113.927 E.01323
G1 X133.411 Y114.009 E.02095
G1 X133.767 Y114.365 E.01323
G1 X133.848 Y115.158 E.02095
G1 X134.204 Y115.514 E.01323
G1 X134.998 Y115.596 E.02095
G1 X135.354 Y115.952 E.01323
G1 X135.435 Y116.745 E.02095
G1 X135.791 Y117.102 E.01323
G1 X136.585 Y117.183 E.02095
G1 X136.941 Y117.539 E.01323
G1 X137.022 Y118.333 E.02095
G1 X137.378 Y118.689 E.01323
G1 X138.172 Y118.77 E.02095
G1 X138.528 Y119.126 E.01323
G1 X138.61 Y119.92 E.02095
G1 X138.966 Y120.276 E.01323
G1 X139.759 Y120.357 E.02095
G1 X140.115 Y120.713 E.01323
G1 X140.197 Y121.507 E.02095
G1 X140.553 Y121.863 E.01323
G1 X141.346 Y121.944 E.02095
G1 X141.401 Y121.999 E.00203
G1 X141.401 Y123.586 E.04169
G1 X141.346 Y123.532 E.00203
G1 X140.553 Y123.45 E.02095
G1 X140.197 Y123.094 E.01323
G1 X140.115 Y122.3 E.02095
G1 X139.759 Y121.944 E.01323
G1 X138.966 Y121.863 E.02095
G1 X138.61 Y121.507 E.01323
G1 X138.528 Y120.713 E.02095
G1 X138.172 Y120.357 E.01323
G1 X137.378 Y120.276 E.02095
G1 X137.022 Y119.92 E.01323
G1 X136.941 Y119.126 E.02095
G1 X136.585 Y118.77 E.01323
G1 X135.791 Y118.689 E.02095
G1 X135.435 Y118.333 E.01323
G1 X135.354 Y117.539 E.02095
G1 X134.998 Y117.183 E.01323
G1 X134.204 Y117.102 E.02095
G1 X133.848 Y116.745 E.01323
G1 X133.767 Y115.952 E.02095
G1 X133.411 Y115.596 E.01323
G1 X132.617 Y115.514 E.02095
G1 X132.261 Y115.158 E.01323
G1 X132.18 Y114.365 E.02095
G1 X131.823 Y114.009 E.01323
G1 X131.03 Y113.927 E.02095
G1 X130.674 Y113.571 E.01323
G1 X130.592 Y112.778 E.02095
G1 X130.236 Y112.421 E.01323
G1 X129.443 Y112.34 E.02095
G1 X129.087 Y111.984 E.01323
G1 X129.005 Y111.19 E.02095
G1 X128.649 Y110.834 E.01323
G1 X127.856 Y110.753 E.02095
G1 X127.499 Y110.397 E.01323
G1 X127.418 Y109.603 E.02095
G1 X127.062 Y109.247 E.01323
G1 X126.268 Y109.166 E.02095
G1 X125.912 Y108.81 E.01323
G1 X125.831 Y108.016 E.02095
G1 X125.475 Y107.66 E.01323
G1 X124.681 Y107.579 E.02095
G1 X124.325 Y107.222 E.01323
G1 X124.244 Y106.429 E.02095
G1 X123.888 Y106.073 E.01323
G1 X123.094 Y105.991 E.02095
G1 X122.738 Y105.635 E.01323
G1 X122.657 Y104.842 E.02095
G1 X122.3 Y104.486 E.01323
G1 X121.507 Y104.404 E.02095
G1 X121.151 Y104.048 E.01323
G1 X121.069 Y103.255 E.02095
G1 X120.713 Y102.898 E.01323
G1 X119.92 Y102.817 E.02095
G1 X119.564 Y102.461 E.01323
G1 X119.482 Y101.667 E.02095
G1 X119.126 Y101.311 E.01323
G1 X118.333 Y101.23 E.02095
G1 X117.976 Y100.874 E.01323
G1 X117.895 Y100.08 E.02095
G1 X117.539 Y99.724 E.01323
G1 X116.745 Y99.643 E.02095
G1 X116.389 Y99.287 E.01323
G1 X116.308 Y98.493 E.02095
G1 X115.952 Y98.137 E.01323
G1 X115.158 Y98.056 E.02095
G1 X114.802 Y97.7 E.01323
G1 X114.721 Y96.906 E.02095
G1 X114.365 Y96.55 E.01323
G1 X113.571 Y96.468 E.02095
G1 X113.215 Y96.112 E.01323
G1 X113.162 Y95.599 E.01356
G1 X111.575 Y95.599 E.04169
G1 X111.628 Y96.112 E.01356
G1 X111.984 Y96.468 E.01323
G1 X112.778 Y96.55 E.02095
G1 X113.134 Y96.906 E.01323
G1 X113.215 Y97.7 E.02095
G1 X113.571 Y98.056 E.01323
G1 X114.365 Y98.137 E.02095
G1 X114.721 Y98.493 E.01323
G1 X114.802 Y99.287 E.02095
G1 X115.158 Y99.643 E.01323
G1 X115.952 Y99.724 E.02095
G1 X116.308 Y100.08 E.01323
G1 X116.389 Y100.874 E.02095
G1 X116.745 Y101.23 E.01323
G1 X117.539 Y101.311 E.02095
G1 X117.895 Y101.667 E.01323
G1 X117.976 Y102.461 E.02095
G1 X118.333 Y102.817 E.01323
G1 X119.126 Y102.898 E.02095
G1 X119.482 Y103.255 E.01323
G1 X119.564 Y104.048 E.02095
G1 X119.92 Y104.404 E.01323
G1 X120.713 Y104.486 E.02095
G1 X121.069 Y104.842 E.01323
G1 X121.151 Y105.635 E.02095
G1 X121.507 Y105.991 E.01323
G1 X122.3 Y106.073 E.02095
G1 X122.657 Y106.429 E.01323
G1 X122.738 Y107.222 E.02095
G1 X123.094 Y107.579 E.01323
G1 X123.888 Y107.66 E.02095
G1 X124.244 Y108.016 E.01323
G1 X124.325 Y108.81 E.02095
G1 X124.681 Y109.166 E.01323
G1 X125.475 Y109.247 E.02095
G1 X125.831 Y109.603 E.01323
G1 X125.912 Y110.397 E.02095
G1 X126.268 Y110.753 E.01323
G1 X127.062 Y110.834 E.02095
G1 X127.418 Y111.19 E.01323
G1 X127.499 Y111.984 E.02095
G1 X127.856 Y112.34 E.01323
G1 X128.649 Y112.421 E.02095
G1 X129.005 Y112.778 E.01323
G1 X129.087 Y113.571 E.02095
G1 X129.443 Y113.927 E.01323
G1 X130.236 Y114.009 E.02095
G1 X130.592 Y114.365 E.01323
G1 X130.674 Y115.158 E.02095
G1 X131.03 Y115.514 E.01323
G1 X131.823 Y115.596 E.02095
G1 X132.18 Y115.952 E.01323
G1 X132.261 Y116.745 E.02095
G1 X132.617 Y117.102 E.01323
G1 X133.411 Y117.183 E.02095
G1 X133.767 Y117.539 E.01323
G1 X133.848 Y118.333 E.02095
G1 X134.204 Y118.689 E.01323
G1 X134.998 Y118.77 E.02095
G1 X135.354 Y119.126 E.01323
G1 X135.435 Y119.92 E.02095
G1 X135.791 Y120.276 E.01323
G1 X136.585 Y120.357 E.02095
G1 X136.941 Y120.713 E.01323
G1 X137.022 Y121.507 E.02095
G1 X137.378 Y121.863 E.01323
G1 X138.172 Y121.944 E.02095
G1 X138.528 Y122.3 E.01323
G1 X138.61 Y123.094 E.02095
G1 X138.966 Y123.45 E.01323
G1 X139.759 Y123.532 E.02095
G1 X140.115 Y123.888 E.01323
G1 X140.168 Y124.401 E.01356
G1 X138.581 Y124.401 E.04169
G1 X138.528 Y123.888 E.01356
G1 X138.172 Y123.532 E.01323
G1 X137.378 Y123.45 E.02095
G1 X137.022 Y123.094 E.01323
G1 X136.941 Y122.3 E.02095
G1 X136.585 Y121.944 E.01323
G1 X135.791 Y121.863 E.02095
G1 X135.435 Y121.507 E.01323
G1 X135.354 Y120.713 E.02095
G1 X134.998 Y120.357 E.01323
G1 X134.204 Y120.276 E.02095
G1 X133.848 Y119.92 E.01323
G1 X133.767 Y119.126 E.02095
G1 X133.411 Y118.77 E.01323
G1 X132.617 Y118.689 E.02095
G1 X132.261 Y118.333 E.01323
G1 X132.18 Y117.539 E.02095
G1 X131.823 Y117.183 E.01323
G1 X131.03 Y117.102 E.02095
G1 X130.674 Y116.745 E.01323
G1 X130.592 Y115.952 E.02095
G1 X130.236 Y115.596 E.01323
G1 X129.443 Y115.514 E.02095
G1 X129.087 Y115.158 E.01323
G1 X129.005 Y114.365 E.02095
G1 X128.649 Y114.009 E.01323
G1 X127.856 Y113.927 E.02095
G1 X127.499 Y113.571 E.01323
G1 X127.418 Y112.778 E.02095
G1 X127.062 Y112.421 E.01323
G1 X126.268 Y112.34 E.02095
G1 X125.912 Y111.984 E.01323
G1 X125.831 Y111.19 E.02095
G1 X125.475 Y110.834 E.01323
G1 X124.681 Y110.753 E.02095
G1 X124.325 Y110.397 E.01323
G1 X124.244 Y109.603 E.02095
G1 X123.888 Y109.247 E.01323
G1 X123.094 Y109.166 E.02095
G1 X122.738 Y108.81 E.01323
G1 X122.657 Y108.016 E.02095
G1 X122.3 Y107.66 E.01323
G1 X121.507 Y107.579 E.02095
G1 X121.151 Y107.222 E.01323
G1 X121.069 Y106.429 E.02095
G1 X120.713 Y106.073 E.01323
G1 X119.92 Y105.991 E.02095
G1 X119.564 Y105.635 E.01323
G1 X119.482 Y104.842 E.02095
G1 X119.126 Y104.486 E.01323
G1 X118.333 Y104.404 E.02095
G1 X117.976 Y104.048 E.01323
G1 X117.895 Y103.255 E.02095
G1 X117.539 Y102.898 E.01323
G1 X116.745 Y102.817 E.02095
G1 X116.389 Y102.461 E.01323
G1 X116.308 Y101.667 E.02095
G1 X115.952 Y101.311 E.01323
G1 X115.158 Y101.23 E.02095
G1 X114.802 Y100.874 E.01323
G1 X114.721 Y100.08 E.02095
G1 X114.365 Y99.724 E.01323
G1 X113.571 Y99.643 E.02095
G1 X113.215 Y99.287 E.01323
G1 X113.134 Y98.493 E.02095
G1 X112.778 Y98.137 E.01323
G1 X111.984 Y98.056 E.02095
G1 X111.628 Y97.7 E.01323
G1 X111.546 Y96.906 E.02095
G1 X111.19 Y96.55 E.01323
G1 X110.397 Y96.468 E.02095
G1 X110.041 Y96.112 E.01323
G1 X109.988 Y95.599 E.01356
G1 X108.401 Y95.599 E.04169
G1 X108.454 Y96.112 E.01356
G1 X108.81 Y96.468 E.01323
G1 X109.603 Y96.55 E.02095
G1 X109.959 Y96.906 E.01323
G1 X110.041 Y97.7 E.02095
G1 X110.397 Y98.056 E.01323
G1 X111.19 Y98.137 E.02095
G1 X111.546 Y98.493 E.01323
G1 X111.628 Y99.287 E.02095
G1 X111.984 Y99.643 E.01323
G1 X112.778 Y99.724 E.02095
G1 X113.134 Y100.08 E.01323
G1 X113.215 Y100.874 E.02095
G1 X113.571 Y101.23 E.01323
G1 X114.365 Y101.311 E.02095
G1 X114.721 Y101.667 E.01323
G1 X114.802 Y102.461 E.02095
G1 X115.158 Y102.817 E.01323
G1 X115.952 Y102.898 E.02095
G1 X116.308 Y103.255 E.01323
G1 X116.389 Y104.048 E.02095
G1 X116.745 Y104.404 E.01323
G1 X117.539 Y104.486 E.02095
G1 X117.895 Y104.842 E.01323
G1 X117.976 Y105.635 E.02095
G1 X118.333 Y105.991 E.01323
G1 X119.126 Y106.073 E.02095
G1 X119.482 Y106.429 E.01323
G1 X119.564 Y107.222 E.02095
G1 X119.92 Y107.579 E.01323
G1 X120.713 Y107.66 E.02095
G1 X121.069 Y108.016 E.01323
G1 X121.151 Y108.81 E.02095
G1 X121.507 Y109.166 E.01323
G1 X122.3 Y109.247 E.02095
G1 X122.657 Y109.603 E.01323
G1 X122.738 Y110.397 E.02095
G1 X123.094 Y110.753 E.01323
G1 X123.888 Y110.834 E.02095
G1 X124.244 Y111.19 E.01323
G1 X124.325 Y111.984 E.02095
G1 X124.681 Y112.34 E.01323
G1 X125.475 Y112.421 E.02095
G1 X125.831 Y112.778 E.01323
G1 X125.912 Y113.571 E.02095
G1 X126.268 Y113.927 E.01323
G1 X127.062 Y114.009 E.02095
G1 X127.418 Y114.365 E.01323
G1 X127.499 Y115.158 E.02095
G1 X127.856 Y115.514 E.01323
G1 X128.649 Y115.596 E.02095
G1 X129.005 Y115.952 E.01323
G1 X129.087 Y116.745 E.02095
G1 X129.443 Y117.102 E.01323
G1 X130.236 Y117.183 E.02095
G1 X130.592 Y117.539 E.01323
G1 X130.674 Y118.333 E.02095
G1 X131.03 Y118.689 E.01323
G1 X131.823 Y118.77 E.02095
G1 X132.18 Y119.126 E.01323
G1 X132.261 Y119.92 E.02095
G1 X132.617 Y120.276 E.01323
G1 X133.411 Y120.357 E.02095
G1 X133.767 Y120.713 E.01323
G1 X133.848 Y121.507 E.02095
G1 X134.204 Y121.863 E.01323
G1 X134.998 Y121.944 E.02095
G1 X135.354 Y122.3 E.01323
G1 X135.435 Y123.094 E.02095
G1 X135.791 Y123.45 E.01323
G1 X136.585 Y123.532 E.02095
G1 X136.941 Y123.888 E.01323
G1 X136.994 Y124.401 E.01356
G1 X135.407 Y124.401 E.04169
G1 X135.354 Y123.888 E.01356
G1 X134.998 Y123.532 E.01323
G1 X134.204 Y123.45 E.02095
G1 X133.848 Y123.094 E.01323
G1 X133.767 Y122.3 E.02095
G1 X133.411 Y121.944 E.01323
G1 X132.617 Y121.863 E.02095
G1 X132.261 Y121.507 E.01323
G1 X132.18 Y120.713 E.02095
G1 X131.823 Y120.357 E.01323
G1 X131.03 Y120.276 E.02095
G1 X130.674 Y119.92 E.01323
G1 X130.592 Y119.126 E.02095
G1 X130.236 Y118.77 E.01323
G1 X129.443 Y118.689 E.02095
G1 X129.087 Y118.333 E.01323
G1 X129.005 Y117.539 E.02095
G1 X128.649 Y117.183 E.01323
G1 X127.856 Y117.102 E.02095
G1 X127.499 Y116.745 E.01323
G1 X127.418 Y115.952 E.02095
G1 X127.062 Y115.596 E.01323
G1 X126.268 Y115.514 E.02095
G1 X125.912 Y115.158 E.01323
G1 X125.831 Y114.365 E.02095
G1 X125.475 Y114.009 E.01323
G1 X124.681 Y113.927 E.02095
G1 X124.325 Y113.571 E.01323
G1 X124.244 Y112.778 E.02095
G1 X123.888 Y112.421 E.01323
G1 X123.094 Y112.34 E.02095
G1 X122.738 Y111.984 E.01323
G1 X122.657 Y111.19 E.02095
G1 X122.3 Y110.834 E.01323
G1 X121.507 Y110.753 E.02095
G1 X121.151 Y110.397 E.01323
G1 X121.069 Y109.603 E.02095
G1 X120.713 Y109.247 E.01323
G1 X119.92 Y109.166 E.02095
G1 X119.564 Y108.81 E.01323
G1 X119.482 Y108.016 E.02095
G1 X119.126 Y107.66 E.01323
G1 X118.333 Y107.579 E.02095
G1 X117.976 Y107.222 E.01323
G1 X117.895 Y106.429 E.02095
G1 X117.539 Y106.073 E.01323
G1 X116.745 Y105.991 E.02095
G1 X116.389 Y105.635 E.01323
G1 X116.308 Y104.842 E.02095
G1 X115.952 Y104.486 E.01323
G1 X115.158 Y104.404 E.02095
G1 X114.802 Y104.048 E.01323
G1 X114.721 Y103.255 E.02095
G1 X114.365 Y102.898 E.01323
G1 X113.571 Y102.817 E.02095
G1 X113.215 Y102.461 E.01323
G1 X113.134 Y101.667 E.02095
G1 X112.778 Y101.311 E.01323
G1 X111.984 Y101.23 E.02095
G1 X111.628 Y100.874 E.01323
G1 X111.546 Y100.08 E.02095
G1 X111.19 Y99.724 E.01323
G1 X110.397 Y99.643 E.02095
G1 X110.041 Y99.287 E.01323
G1 X109.959 Y98.493 E.02095
G1 X109.603 Y98.137 E.01323
G1 X108.81 Y98.056 E.02095
G1 X108.454 Y97.7 E.01323
G1 X108.372 Y96.906 E.02095
G1 X108.016 Y96.55 E.01323
G1 X107.222 Y96.468 E.02095
G1 X106.866 Y96.112 E.01323
G1 X106.814 Y95.599 E.01356
G1 X105.227 Y95.599 E.04169
G1 X105.279 Y96.112 E.01356
G1 X105.635 Y96.468 E.01323
G1 X106.429 Y96.55 E.02095
G1 X106.785 Y96.906 E.01323
G1 X106.866 Y97.7 E.02095
G1 X107.222 Y98.056 E.01323
G1 X108.016 Y98.137 E.02095
G1 X108.372 Y98.493 E.01323
G1 X108.454 Y99.287 E.02095
G1 X108.81 Y99.643 E.01323
G1 X109.603 Y99.724 E.02095
G1 X109.959 Y100.08 E.01323
G1 X110.041 Y100.874 E.02095
G1 X110.397 Y101.23 E.01323
G1 X111.19 Y101.311 E.02095
G1 X111.546 Y101.667 E.01323
G1 X111.628 Y102.461 E.02095
G1 X111.984 Y102.817 E.01323
G1 X112.778 Y102.898 E.02095
G1 X113.134 Y103.255 E.01323
G1 X113.215 Y104.048 E.02095
G1 X113.571 Y104.404 E.01323
G1 X114.365 Y104.486 E.02095
G1 X114.721 Y104.842 E.01323
G1 X114.802 Y105.635 E.02095
G1 X115.158 Y105.991 E.01323
G1 X115.952 Y106.073 E.02095
G1 X116.308 Y106.429 E.01323
G1 X116.389 Y107.222 E.02095
G1 X116.745 Y107.579 E.01323
G1 X117.539 Y107.66 E.02095
G1 X117.895 Y108.016 E.01323
G1 X117.976 Y108.81 E.02095
G1 X118.333 Y109.166 E.01323
G1 X119.126 Y109.247 E.02095
G1 X119.482 Y109.603 E.01323
G1 X119.564 Y110.397 E.02095
G1 X119.92 Y110.753 E.01323
G1 X120.713 Y110.834 E.02095
G1 X121.069 Y111.19 E.01323
G1 X121.151 Y111.984 E.02095
G1 X121.507 Y112.34 E.01323
G1 X122.3 Y112.421 E.02095
G1 X122.657 Y112.778 E.01323
G1 X122.738 Y113.571 E.02095
G1 X123.094 Y113.927 E.01323
G1 X123.888 Y114.009 E.02095
G1 X124.244 Y114.365 E.01323
G1 X124.325 Y115.158 E.02095
G1 X124.681 Y115.514 E.01323
G1 X125.475 Y115.596 E.02095
G1 X125.831 Y115.952 E.01323
G1 X125.912 Y116.745 E.02095
G1 X126.268 Y117.102 E.01323
G1 X127.062 Y117.183 E.02095
G1 X127.418 Y117.539 E.01323
G1 X127.499 Y118.333 E.02095
G1 X127.856 Y118.689 E.01323
G1 X128.649 Y118.77 E.02095
G1 X129.005 Y119.126 E.01323
G1 X129.087 Y119.92 E.02095
G1 X129.443 Y120.276 E.01323
G1 X130.236 Y120.357 E.02095
G1 X130.592 Y120.713 E.01323
G1 X130.674 Y121.507 E.02095
G1 X131.03 Y121.863 E.01323
G1 X131.823 Y121.944 E.02095
G1 X132.18 Y122.3 E.01323
G1 X132.261 Y123.094 E.02095
G1 X132.617 Y123.45 E.01323
G1 X133.411 Y123.532 E.02095
G1 X133.767 Y123.888 E.01323
G1 X133.819 Y124.401 E.01356
G1 X132.232 Y124.401 E.04169
G1 X132.18 Y123.888 E.01356
G1 X131.823 Y123.532 E.01323
G1 X131.03 Y123.45 E.02095
G1 X130.674 Y123.094 E.01323
G1 X130.592 Y122.3 E.02095
G1 X130.236 Y121.944 E.01323
G1 X129.443 Y121.863 E.02095
G1 X129.087 Y121.507 E.01323
G1 X129.005 Y120.713 E.02095
G1 X128.649 Y120.357 E.01323
G1 X127.856 Y120.276 E.02095
G1 X127.499 Y119.92 E.01323
G1 X127.418 Y119.126 E.02095
G1 X127.062 Y118.77 E.01323
G1 X126.268 Y118.689 E.02095
G1 X125.912 Y118.333 E.01323
G1 X125.831 Y117.539 E.02095
G1 X125.475 Y117.183 E.01323
G1 X124.681 Y117.102 E.02095
G1 X124.325 Y116.745 E.01323
G1 X124.244 Y115.952 E.02095
G1 X123.888 Y115.596 E.01323
G1 X123.094 Y115.514 E.02095
G1 X122.738 Y115.158 E.01323
G1 X122.657 Y114.365 E.02095
G1 X122.3 Y114.009 E.01323
G1 X121.507 Y113.927 E.02095
G1 X121.151 Y113.571 E.01323
G1 X121.069 Y112.778 E.02095
G1 X120.713 Y112.421 E.01323
G1 X119.92 Y112.34 E.02095
G1 X119.564 Y111.984 E.01323
G1 X119.482 Y111.19 E.02095
G1 X119.126 Y110.834 E.01323
G1 X118.333 Y110.753 E.02095
G1 X117.976 Y110.397 E.01323
G1 X117.895 Y109.603 E.02095
G1 X117.539 Y109.247 E.01323
G1 X116.745 Y109.166 E.02095
G1 X116.389 Y108.81 E.01323
G1 X116.308 Y108.016 E.02095
G1 X115.952 Y107.66 E.01323
G1 X115.158 Y107.579 E.02095
G1 X114.802 Y107.222 E.01323
G1 X114.721 Y106.429 E.02095
G1 X114.365 Y106.073 E.01323
G1 X113.571 Y105.991 E.02095
G1 X113.215 Y105.635 E.01323
G1 X113.134 Y104.842 E.02095
G1 X112.778 Y104.486 E.01323
G1 X111.984 Y104.404 E.02095
G1 X111.628 Y104.048 E.01323
G1 X111.546 Y103.255 E.02095
G1 X111.19 Y102.898 E.01323
G1 X110.397 Y102.817 E.02095
G1 X110.041 Y102.461 E.01323
G1 X109.959 Y101.667 E.02095
G1 X109.603 Y101.311 E.01323
G1 X108.81 Y101.23 E.02095
G1 X108.454 Y100.874 E.01323
G1 X108.372 Y100.08 E.02095
G1 X108.016 Y99.724 E.01323
G1 X107.222 Y99.643 E.02095
G1 X106.866 Y99.287 E.01323
G1 X106.785 Y98.493 E.02095
G1 X106.429 Y98.137 E.01323
G1 X105.635 Y98.056 E.02095
G1 X105.279 Y97.7 E.01323
G1 X105.198 Y96.906 E.02095
G1 X104.842 Y96.55 E.01323
G1 X104.048 Y96.468 E.02095
G1 X103.692 Y96.112 E.01323
G1 X103.639 Y95.599 E.01356
G1 X102.052 Y95.599 E.04169
G1 X102.105 Y96.112 E.01356
G1 X102.461 Y96.468 E.01323
G1 X103.255 Y96.55 E.02095
G1 X103.611 Y96.906 E.01323
G1 X103.692 Y97.7 E.02095
G1 X104.048 Y98.056 E.01323
G1 X104.842 Y98.137 E.02095
G1 X105.198 Y98.493 E.01323
G1 X105.279 Y99.287 E.02095
G1 X105.635 Y99.643 E.01323
G1 X106.429 Y99.724 E.02095
G1 X106.785 Y100.08 E.01323
G1 X106.866 Y100.874 E.02095
G1 X107.222 Y101.23 E.01323
G1 X108.016 Y101.311 E.02095
G1 X108.372 Y101.667 E.01323
G1 X108.454 Y102.461 E.02095
G1 X108.81 Y102.817 E.01323
G1 X109.603 Y102.898 E.02095
G1 X109.959 Y103.255 E.01323
G1 X110.041 Y104.048 E.02095
G1 X110.397 Y104.404 E.01323
G1 X111.19 Y104.486 E.02095
G1 X111.546 Y104.842 E.01323
G1 X111.628 Y105.635 E.02095
G1 X111.984 Y105.991 E.01323
G1 X112.778 Y106.073 E.02095
G1 X113.134 Y106.429 E.01323
G1 X113.215 Y107.222 E.02095
G1 X113.571 Y107.579 E.01323
G1 X114.365 Y107.66 E.02095
G1 X114.721 Y108.016 E.01323
G1 X114.802 Y108.81 E.02095
G1 X115.158 Y109.166 E.01323
G1 X115.952 Y109.247 E.02095
G1 X116.308 Y109.603 E.01323
G1 X116.389 Y110.397 E.02095
G1 X116.745 Y110.753 E.01323
G1 X117.539 Y110.834 E.02095
G1 X117.895 Y111.19 E.01323
G1 X117.976 Y111.984 E.02095
G1 X118.333 Y112.34 E.01323
G1 X119.126 Y112.421 E.02095
G1 X119.482 Y112.778 E.01323
G1 X119.564 Y113.571 E.02095
G1 X119.92 Y113.927 E.01323
G1 X120.713 Y114.009 E.02095
G1 X121.069 Y114.365 E.01323
G1 X121.151 Y115.158 E.02095
G1 X121.507 Y115.514 E.01323
G1 X122.3 Y115.596 E.02095
G1 X122.657 Y115.952 E.01323
G1 X122.738 Y116.745 E.02095
G1 X123.094 Y117.102 E.01323
G1 X123.888 Y117.183 E.02095
G1 X124.244 Y117.539 E.01323
G1 X124.325 Y118.333 E.02095
G1 X124.681 Y118.689 E.01323
G1 X125.475 Y118.77 E.02095
G1 X125.831 Y119.126 E.01323
G1 X125.912 Y119.92 E.02095
G1 X126.268 Y120.276 E.01323
G1 X127.062 Y120.357 E.02095
G1 X127.418 Y120.713 E.01323
G1 X127.499 Y121.507 E.02095
G1 X127.856 Y121.863 E.01323
G1 X128.649 Y121.944 E.02095
G1 X129.005 Y122.3 E.01323
G1 X129.087 Y123.094 E.02095
G1 X129.443 Y123.45 E.01323
G1 X130.236 Y123.532 E.02095
G1 X130.592 Y123.888 E.01323
G1 X130.645 Y124.401 E.01356
G1 X129.058 Y124.401 E.04169
G1 X129.005 Y123.888 E.01356
G1 X128.649 Y123.532 E.01323
G1 X127.856 Y123.45 E.02095
G1 X127.499 Y123.094 E.01323
G1 X127.418 Y122.3 E.02095
G1 X127.062 Y121.944 E.01323
G1 X126.268 Y121.863 E.02095
G1 X125.912 Y121.507 E.01323
G1 X125.831 Y120.713 E.02095
G1 X125.475 Y120.357 E.01323
G1 X124.681 Y120.276 E.02095
G1 X124.325 Y119.92 E.01323
G1 X124.244 Y119.126 E.02095
G1 X123.888 Y118.77 E.01323
G1 X123.094 Y118.689 E.02095
G1 X122.738 Y118.333 E.01323
G1 X122.657 Y117.539 E.02095
G1 X122.3 Y117.183 E.01323
G1 X121.507 Y117.102 E.02095
G1 X121.151 Y116.745 E.01323
G1 X121.069 Y115.952 E.02095
G1 X120.713 Y115.596 E.01323
G1 X119.92 Y115.514 E.02095
G1 X119.564 Y115.158 E.01323
G1 X119.482 Y114.365 E.02095
G1 X119.126 Y114.009 E.01323
G1 X118.333 Y113.927 E.02095
G1 X117.976 Y113.571 E.01323
G1 X117.895 Y112.778 E.02095
G1 X117.539 Y112.421 E.01323
G1 X116.745 Y112.34 E.02095
G1 X116.389 Y111.984 E.01323
G1 X116.308 Y111.19 E.02095
G1 X115.952 Y110.834 E.01323
G1 X115.158 Y110.753 E.02095
G1 X114.802 Y110.397 E.01323
G1 X114.721 Y109.603 E.02095
G1 X114.365 Y109.247 E.01323
G1 X113.571 Y109.166 E.02095
G1 X113.215 Y108.81 E.01323
G1 X113.134 Y108.016 E.02095
G1 X112.778 Y107.66 E.01323
G1 X111.984 Y107.579 E.02095
G1 X111.628 Y107.222 E.01323
G1 X111.546 Y106.429 E.02095
G1 X111.19 Y106.073 E.01323
G1 X110.397 Y105.991 E.02095
G1 X110.041 Y105.635 E.01323
G1 X109.959 Y104.842 E.02095
G1 X109.603 Y104.486 E.01323
G1 X108.81 Y104.404 E.02095
G1 X108.454 Y104.048 E.01323
G1 X108.372 Y103.255 E.02095
G1 X108.016 Y102.898 E.01323
G1 X107.222 Y102.817 E.02095
G1 X106.866 Y102.461 E.01323
G1 X106.785 Y101.667 E.02095
G1 X106.429 Y101.311 E.01323
G1 X105.635 Y101.23 E.02095
G1 X105.279 Y100.874 E.01323
G1 X105.198 Y100.08 E.02095
G1 X104.842 Y99.724 E.01323
G1 X104.048 Y99.643 E.02095
G1 X103.692 Y99.287 E.01323
G1 X103.611 Y98.493 E.02095
G1 X103.255 Y98.137 E.01323
G1 X102.461 Y98.056 E.02095
G1 X102.105 Y97.7 E.01323
G1 X102.024 Y96.906 E.02095
G1 X101.667 Y96.55 E.01323
G1 X100.874 Y96.468 E.02095
G1 X100.518 Y96.112 E.01323
G1 X100.465 Y95.599 E.01356
G1 X98.878 Y95.599 E.04169
G1 X98.931 Y96.112 E.01356
G1 X99.287 Y96.468 E.01323
G1 X100.08 Y96.55 E.02095
G1 X100.436 Y96.906 E.01323
G1 X100.518 Y97.7 E.02095
G1 X100.874 Y98.056 E.01323
G1 X101.667 Y98.137 E.02095
G1 X102.024 Y98.493 E.01323
G1 X102.105 Y99.287 E.02095
G1 X102.461 Y99.643 E.01323
G1 X103.255 Y99.724 E.02095
G1 X103.611 Y100.08 E.01323
G1 X103.692 Y100.874 E.02095
G1 X104.048 Y101.23 E.01323
G1 X104.842 Y101.311 E.02095
G1 X105.198 Y101.667 E.01323
G1 X105.279 Y102.461 E.02095
G1 X105.635 Y102.817 E.01323
G1 X106.429 Y102.898 E.02095
G1 X106.785 Y103.255 E.01323
G1 X106.866 Y104.048 E.02095
G1 X107.222 Y104.404 E.01323
G1 X108.016 Y104.486 E.02095
G1 X108.372 Y104.842 E.01323
G1 X108.454 Y105.635 E.02095
G1 X108.81 Y105.991 E.01323
G1 X109.603 Y106.073 E.02095
G1 X109.959 Y106.429 E.01323
G1 X110.041 Y107.222 E.02095
G1 X110.397 Y107.579 E.01323
G1 X111.19 Y107.66 E.02095
G1 X111.546 Y108.016 E.01323
G1 X111.628 Y108.81 E.02095
G1 X111.984 Y109.166 E.01323
G1 X112.778 Y109.247 E.02095
G1 X113.134 Y109.603 E.01323
G1 X113.215 Y110.397 E.02095
G1 X113.571 Y110.753 E.01323
G1 X114.365 Y110.834 E.02095
G1 X114.721 Y111.19 E.01323
G1 X114.802 Y111.984 E.02095
G1 X115.158 Y112.34 E.01323
G1 X115.952 Y112.421 E.02095
G1 X116.308 Y112.778 E.01323
G1 X116.389 Y113.571 E.02095
G1 X116.745 Y113.927 E.01323
G1 X117.539 Y114.009 E.02095
G1 X117.895 Y114.365 E.01323
G1 X117.976 Y115.158 E.02095
G1 X118.333 Y115.514 E.01323
G1 X119.126 Y115.596 E.02095
G1 X119.482 Y115.952 E.01323
G1 X119.564 Y116.745 E.02095
G1 X119.92 Y117.102 E.01323
G1 X120.713 Y117.183 E.02095
G1 X121.069 Y117.539 E.01323
G1 X121.151 Y118.333 E.02095
G1 X121.507 Y118.689 E.01323
G1 X122.3 Y118.77 E.02095
G1 X122.657 Y119.126 E.01323
G1 X122.738 Y119.92 E.02095
G1 X123.094 Y120.276 E.01323
G1 X123.888 Y120.357 E.02095
G1 X124.244 Y120.713 E.01323
G1 X124.325 Y121.507 E.02095
G1 X124.681 Y121.863 E.01323
G1 X125.475 Y121.944 E.02095
G1 X125.831 Y122.3 E.01323
G1 X125.912 Y123.094 E.02095
G1 X126.268 Y123.45 E.01323
G1 X127.062 Y123.532 E.02095
G1 X127.418 Y123.888 E.01323
G1 X127.471 Y124.401 E.01356
G1 X125.884 Y124.401 E.04169
G1 X125.831 Y123.888 E.01356
G1 X125.475 Y123.532 E.01323
G1 X124.681 Y123.45 E.02095
G1 X124.325 Y123.094 E.01323
G1 X124.244 Y122.3 E.02095
G1 X123.888 Y121.944 E.01323
G1 X123.094 Y121.863 E.02095
G1 X122.738 Y121.507 E.01323
G1 X122.657 Y120.713 E.02095
G1 X122.3 Y120.357 E.01323
G1 X121.507 Y120.276 E.02095
G1 X121.151 Y119.92 E.01323
G1 X121.069 Y119.126 E.02095
G1 X120.713 Y118.77 E.01323
G1 X119.92 Y118.689 E.02095
G1 X119.564 Y118.333 E.01323
G1 X119.482 Y117.539 E.02095
G1 X119.126 Y117.183 E.01323
G1 X118.333 Y117.102 E.02095
G1 X117.976 Y116.745 E.01323
G1 X117.895 Y115.952 E.02095
G1 X117.539 Y115.596 E.01323
G1 X116.745 Y115.514 E.02095
G1 X116.389 Y115.158 E.01323
G1 X116.308 Y114.365 E.02095
G1 X115.952 Y114.009 E.01323
G1 X115.158 Y113.927 E.02095
G1 X114.802 Y113.571 E.01323
G1 X114.721 Y112.778 E.02095
G1 X114.365 Y112.421 E.01323
G1 X113.571 Y112.34 E.02095
G1 X113.215 Y111.984 E.01323
G1 X113.134 Y111.19 E.02095
G1 X112.778 Y110.834 E.01323
G1 X111.984 Y110.753 E.02095
G1 X111.628 Y110.397 E.01323
G1 X111.546 Y109.603 E.02095
G1 X111.19 Y109.247 E.01323
G1 X110.397 Y109.166 E.02095
G1 X110.041 Y108.81 E.01323
G1 X109.959 Y108.016 E.02095
G1 X109.603 Y107.66 E.01323
G1 X108.81 Y107.579 E.02095
G1 X108.454 Y107.222 E.01323
G1 X108.372 Y106.429 E.02095
G1 X108.016 Y106.073 E.01323
G1 X107.222 Y105.991 E.02095
G1 X106.866 Y105.635 E.01323
G1 X106.785 Y104.842 E.02095
G1 X106.429 Y104.486 E.01323
G1 X105.635 Y104.404 E.02095
G1 X105.279 Y104.048 E.01323
G1 X105.198 Y103.255 E.02095
G1 X104.842 Y102.898 E.01323
G1 X104.048 Y102.817 E.02095
G1 X103.692 Y102.461 E.01323
G1 X103.611 Y101.667 E.02095
G1 X103.255 Y101.311 E.01323
G1 X102.461 Y101.23 E.02095
G1 X102.105 Y100.874 E.01323
G1 X102.024 Y100.08 E.02095
G1 X101.667 Y99.724 E.01323
G1 X100.874 Y99.643 E.02095
G1 X100.518 Y99.287 E.01323
G1 X100.436 Y98.493 E.02095
G1 X100.08 Y98.137 E.01323
G1 X99.287 Y98.056 E.02095
G1 X98.931 Y97.7 E.01323
G1 X98.849 Y96.906 E.02095
G1 X98.493 Y96.55 E.01323
G1 X97.7 Y96.468 E.02095
G1 X97.343 Y96.112 E.01323
G1 X97.291 Y95.599 E.01356
G1 X95.704 Y95.599 E.04169
G1 X95.756 Y96.112 E.01356
G1 X96.112 Y96.468 E.01323
G1 X96.906 Y96.55 E.02095
G1 X97.262 Y96.906 E.01323
G1 X97.343 Y97.7 E.02095
G1 X97.7 Y98.056 E.01323
G1 X98.493 Y98.137 E.02095
G1 X98.849 Y98.493 E.01323
G1 X98.931 Y99.287 E.02095
G1 X99.287 Y99.643 E.01323
G1 X100.08 Y99.724 E.02095
G1 X100.436 Y100.08 E.01323
G1 X100.518 Y100.874 E.02095
G1 X100.874 Y101.23 E.01323
G1 X101.667 Y101.311 E.02095
G1 X102.024 Y101.667 E.01323
G1 X102.105 Y102.461 E.02095
G1 X102.461 Y102.817 E.01323
G1 X103.255 Y102.898 E.02095
G1 X103.611 Y103.255 E.01323
G1 X103.692 Y104.048 E.02095
G1 X104.048 Y104.404 E.01323
G1 X104.842 Y104.486 E.02095
G1 X105.198 Y104.842 E.01323
G1 X105.279 Y105.635 E.02095
G1 X105.635 Y105.991 E.01323
G1 X106.429 Y106.073 E.02095
G1 X106.785 Y106.429 E.01323
G1 X106.866 Y107.222 E.02095
G1 X107.222 Y107.579 E.01323
G1 X108.016 Y107.66 E.02095
G1 X108.372 Y108.016 E.01323
G1 X108.454 Y108.81 E.02095
G1 X108.81 Y109.166 E.01323
G1 X109.603 Y109.247 E.02095
G1 X109.959 Y109.603 E.01323
G1 X110.041 Y110.397 E.02095
G1 X110.397 Y110.753 E.01323
G1 X111.19 Y110.834 E.02095
G1 X111.546 Y111.19 E.01323
G1 X111.628 Y111.984 E.02095
G1 X111.984 Y112.34 E.01323
G1 X112.778 Y112.421 E.02095
G1 X113.134 Y112.778 E.01323
G1 X113.215 Y113.571 E.02095
G1 X113.571 Y113.927 E.01323
G1 X114.365 Y114.009 E.02095
G1 X114.721 Y114.365 E.01323
G1 X114.802 Y115.158 E.02095
G1 X115.158 Y115.514 E.01323
G1 X115.952 Y115.596 E.02095
G1 X116.308 Y115.952 E.01323
G1 X116.389 Y116.745 E.02095
G1 X116.745 Y117.102 E.01323
G1 X117.539 Y117.183 E.02095
G1 X117.895 Y117.539 E.01323
G1 X117.976 Y118.333 E.02095
G1 X118.333 Y118.689 E.01323
G1 X119.126 Y118.77 E.02095
G1 X119.482 Y119.126 E.01323
G1 X119.564 Y119.92 E.02095
G1 X119.92 Y120.276 E.01323
G1 X120.713 Y120.357 E.02095
G1 X121.069 Y120.713 E.01323
G1 X121.151 Y121.507 E.02095
G1 X121.507 Y121.863 E.01323
G1 X122.3 Y121.944 E.02095
G1 X122.657 Y122.3 E.01323
G1 X122.738 Y123.094 E.02095
G1 X123.094 Y123.45 E.01323
G1 X123.888 Y123.532 E.02095
G1 X124.244 Y123.888 E.01323
G1 X124.296 Y124.401 E.01356
G1 X122.709 Y124.401 E.04169
G1 X122.657 Y123.888 E.01356
G1 X122.3 Y123.532 E.01323
G1 X121.507 Y123.45 E.02095
G1 X121.151 Y123.094 E.01323
G1 X121.069 Y122.3 E.02095
G1 X120.713 Y121.944 E.01323
G1 X119.92 Y121.863 E.02095
G1 X119.564 Y121.507 E.01323
G1 X119.482 Y120.713 E.02095
G1 X119.126 Y120.357 E.01323
G1 X118.333 Y120.276 E.02095
G1 X117.976 Y119.92 E.01323
G1 X117.895 Y119.126 E.02095
G1 X117.539 Y118.77 E.01323
G1 X116.745 Y118.689 E.02095
G1 X116.389 Y118.333 E.01323
G1 X116.308 Y117.539 E.02095
G1 X115.952 Y117.183 E.01323
G1 X115.158 Y117.102 E.02095
G1 X114.802 Y116.745 E.01323
G1 X114.721 Y115.952 E.02095
G1 X114.365 Y115.596 E.01323
G1 X113.571 Y115.514 E.02095
G1 X113.215 Y115.158 E.01323
G1 X113.134 Y114.365 E.02095
G1 X112.778 Y114.009 E.01323
G1 X111.984 Y113.927 E.02095
G1 X111.628 Y113.571 E.01323
G1 X111.546 Y112.778 E.02095
G1 X111.19 Y112.421 E.01323
G1 X110.397 Y112.34 E.02095
G1 X110.041 Y111.984 E.01323
G1 X109.959 Y111.19 E.02095
G1 X109.603 Y110.834 E.01323
G1 X108.81 Y110.753 E.02095
G1 X108.454 Y110.397 E.01323
G1 X108.372 Y109.603 E.02095
G1 X108.016 Y109.247 E.01323
G1 X107.222 Y109.166 E.02095
G1 X106.866 Y108.81 E.01323
G1 X106.785 Y108.016 E.02095
G1 X106.429 Y107.66 E.01323
G1 X105.635 Y107.579 E.02095
G1 X105.279 Y107.222 E.01323
G1 X105.198 Y106.429 E.02095
G1 X104.842 Y106.073 E.01323
G1 X104.048 Y105.991 E.02095
G1 X103.692 Y105.635 E.01323
G1 X103.611 Y104.842 E.02095
G1 X103.255 Y104.486 E.01323
G1 X102.461 Y104.404 E.02095
G1 X102.105 Y104.048 E.01323
G1 X102.024 Y103.255 E.02095
G1 X101.667 Y102.898 E.01323
G1 X100.874 Y102.817 E.02095
G1 X100.518 Y102.461 E.01323
G1 X100.436 Y101.667 E.02095
G1 X100.08 Y101.311 E.01323
G1 X99.287 Y101.23 E.02095
G1 X98.931 Y100.874 E.01323
G1 X98.849 Y100.08 E.02095
G1 X98.493 Y99.724 E.01323
G1 X97.7 Y99.643 E.02095
G1 X97.343 Y99.287 E.01323
G1 X97.262 Y98.493 E.02095
G1 X96.906 Y98.137 E.01323
G1 X96.112 Y98.056 E.02095
G1 X95.756 Y97.7 E.01323
G1 X95.675 Y96.906 E.02095
G1 X95.319 Y96.55 E.01323
G1 X94.525 Y96.468 E.02095
G1 X94.169 Y96.112 E.01323
G1 X94.116 Y95.599 E.01356
G1 X92.529 Y95.599 E.04169
G1 X92.582 Y96.112 E.01356
G1 X92.938 Y96.468 E.01323
G1 X93.732 Y96.55 E.02095
G1 X94.088 Y96.906 E.01323
G1 X94.169 Y97.7 E.02095
G1 X94.525 Y98.056 E.01323
G1 X95.319 Y98.137 E.02095
G1 X95.675 Y98.493 E.01323
G1 X95.756 Y99.287 E.02095
G1 X96.112 Y99.643 E.01323
G1 X96.906 Y99.724 E.02095
G1 X97.262 Y100.08 E.01323
G1 X97.343 Y100.874 E.02095
G1 X97.7 Y101.23 E.01323
G1 X98.493 Y101.311 E.02095
G1 X98.849 Y101.667 E.01323
G1 X98.931 Y102.461 E.02095
G1 X99.287 Y102.817 E.01323
G1 X100.08 Y102.898 E.02095
G1 X100.436 Y103.255 E.01323
G1 X100.518 Y104.048 E.02095
G1 X100.874 Y104.404 E.01323
G1 X101.667 Y104.486 E.02095
G1 X102.024 Y104.842 E.01323
G1 X102.105 Y105.635 E.02095
G1 X102.461 Y105.991 E.01323
G1 X103.255 Y106.073 E.02095
G1 X103.611 Y106.429 E.01323
G1 X103.692 Y107.222 E.02095
G1 X104.048 Y107.579 E.01323
G1 X104.842 Y107.66 E.02095
G1 X105.198 Y108.016 E.01323
G1 X105.279 Y108.81 E.02095
G1 X105.635 Y109.166 E.01323
G1 X106.429 Y109.247 E.02095
G1 X106.785 Y109.603 E.01323
G1 X106.866 Y110.397 E.02095
G1 X107.222 Y110.753 E.01323
G1 X108.016 Y110.834 E.02095
G1 X108.372 Y111.19 E.01323
G1 X108.454 Y111.984 E.02095
G1 X108.81 Y112.34 E.01323
G1 X109.603 Y112.421 E.02095
G1 X109.959 Y112.778 E.01323
G1 X110.041 Y113.571 E.02095
G1 X110.397 Y113.927 E.01323
G1 X111.19 Y114.009 E.02095
G1 X111.546 Y114.365 E.01323
G1 X111.628 Y115.158 E.02095
G1 X111.984 Y115.514 E.01323
G1 X112.778 Y115.596 E.02095
G1 X113.134 Y115.952 E.01323
G1 X113.215 Y116.745 E.02095
G1 X113.571 Y117.102 E.01323
G1 X114.365 Y117.183 E.02095
G1 X114.721 Y117.539 E.01323
G1 X114.802 Y118.333 E.02095
G1 X115.158 Y118.689 E.01323
G1 X115.952 Y118.77 E.02095
G1 X116.308 Y119.126 E.01323
G1 X116.389 Y119.92 E.02095
G1 X116.745 Y120.276 E.01323
G1 X117.539 Y120.357 E.02095
G1 X117.895 Y120.713 E.01323
G1 X117.976 Y121.507 E.02095
G1 X118.333 Y121.863 E.01323
G1 X119.126 Y121.944 E.02095
G1 X119.482 Y122.3 E.01323
G1 X119.564 Y123.094 E.02095
G1 X119.92 Y123.45 E.01323
G1 X120.713 Y123.532 E.02095
G1 X121.069 Y123.888 E.01323
G1 X121.122 Y124.401 E.01356
G1 X119.535 Y124.401 E.04169
G1 X119.482 Y123.888 E.01356
G1 X119.126 Y123.532 E.01323
G1 X118.333 Y123.45 E.02095
G1 X117.976 Y123.094 E.01323
G1 X117.895 Y122.3 E.02095
G1 X117.539 Y121.944 E.01323
G1 X116.745 Y121.863 E.02095
G1 X116.389 Y121.507 E.01323
G1 X116.308 Y120.713 E.02095
G1 X115.952 Y120.357 E.01323
G1 X115.158 Y120.276 E.02095
G1 X114.802 Y119.92 E.01323
G1 X114.721 Y119.126 E.02095
G1 X114.365 Y118.77 E.01323
G1 X113.571 Y118.689 E.02095
G1 X113.215 Y118.333 E.01323
G1 X113.134 Y117.539 E.02095
G1 X112.778 Y117.183 E.01323
G1 X111.984 Y117.102 E.02095
G1 X111.628 Y116.745 E.01323
G1 X111.546 Y115.952 E.02095
G1 X111.19 Y115.596 E.01323
G1 X110.397 Y115.514 E.02095
G1 X110.041 Y115.158 E.01323
G1 X109.959 Y114.365 E.02095
G1 X109.603 Y114.009 E.01323
G1 X108.81 Y113.927 E.02095
G1 X108.454 Y113.571 E.01323
G1 X108.372 Y112.778 E.02095
G1 X108.016 Y112.421 E.01323
G1 X107.222 Y112.34 E.02095
G1 X106.866 Y111.984 E.01323
G1 X106.785 Y111.19 E.02095
G1 X106.429 Y110.834 E.01323
G1 X105.635 Y110.753 E.02095
G1 X105.279 Y110.397 E.01323
G1 X105.198 Y109.603 E.02095
G1 X104.842 Y109.247 E.01323
G1 X104.048 Y109.166 E.02095
G1 X103.692 Y108.81 E.01323
G1 X103.611 Y108.016 E.02095
G1 X103.255 Y107.66 E.01323
G1 X102.461 Y107.579 E.02095
G1 X102.105 Y107.222 E.01323
G1 X102.024 Y106.429 E.02095
G1 X101.667 Y106.073 E.01323
G1 X100.874 Y105.991 E.02095
G1 X100.518 Y105.635 E.01323
G1 X100.436 Y104.842 E.02095
G1 X100.08 Y104.486 E.01323
G1 X99.287 Y104.404 E.02095
G1 X98.931 Y104.048 E.01323
G1 X98.849 Y103.255 E.02095
G1 X98.493 Y102.898 E.01323
G1 X97.7 Y102.817 E.02095
G1 X97.343 Y102.461 E.01323
G1 X97.262 Y101.667 E.02095
G1 X96.906 Y101.311 E.01323
G1 X96.112 Y101.23 E.02095
G1 X95.756 Y100.874 E.01323
G1 X95.675 Y100.08 E.02095
G1 X95.319 Y99.724 E.01323
G1 X94.525 Y99.643 E.02095
G1 X94.169 Y99.287 E.01323
G1 X94.088 Y98.493 E.02095
G1 X93.732 Y98.137 E.01323
G1 X92.938 Y98.056 E.02095
G1 X92.582 Y97.7 E.01323
G1 X92.501 Y96.906 E.02095
G1 X92.144 Y96.55 E.01323
G1 X91.351 Y96.468 E.02095
G1 X90.995 Y96.112 E.01323
G1 X90.942 Y95.599 E.01356
G1 X89.355 Y95.599 E.04169
G1 X89.408 Y96.112 E.01356
G1 X89.764 Y96.468 E.01323
G1 X90.557 Y96.55 E.02095
G1 X90.913 Y96.906 E.01323
G1 X90.995 Y97.7 E.02095
G1 X91.351 Y98.056 E.01323
G1 X92.144 Y98.137 E.02095
G1 X92.501 Y98.493 E.01323
G1 X92.582 Y99.287 E.02095
G1 X92.938 Y99.643 E.01323
G1 X93.732 Y99.724 E.02095
G1 X94.088 Y100.08 E.01323
G1 X94.169 Y100.874 E.02095
G1 X94.525 Y101.23 E.01323
G1 X95.319 Y101.311 E.02095
G1 X95.675 Y101.667 E.01323
G1 X95.756 Y102.461 E.02095
G1 X96.112 Y102.817 E.01323
G1 X96.906 Y102.898 E.02095
G1 X97.262 Y103.255 E.01323
G1 X97.343 Y104.048 E.02095
G1 X97.7 Y104.404 E.01323
G1 X98.493 Y104.486 E.02095
G1 X98.849 Y104.842 E.01323
G1 X98.931 Y105.635 E.02095
G1 X99.287 Y105.991 E.01323
G1 X100.08 Y106.073 E.02095
G1 X100.436 Y106.429 E.01323
G1 X100.518 Y107.222 E.02095
G1 X100.874 Y107.579 E.01323
G1 X101.667 Y107.66 E.02095
G1 X102.024 Y108.016 E.01323
G1 X102.105 Y108.81 E.02095
G1 X102.461 Y109.166 E.01323
G1 X103.255 Y109.247 E.02095
G1 X103.611 Y109.603 E.01323
G1 X103.692 Y110.397 E.02095
G1 X104.048 Y110.753 E.01323
G1 X104.842 Y110.834 E.02095
G1 X105.198 Y111.19 E.01323
G1 X105.279 Y111.984 E.02095
G1 X105.635 Y112.34 E.01323
G1 X106.429 Y112.421 E.02095
G1 X106.785 Y112.778 E.01323
G1 X106.866 Y113.571 E.02095
G1 X107.222 Y113.927 E.01323
G1 X108.016 Y114.009 E.02095
G1 X108.372 Y114.365 E.01323
G1 X108.454 Y115.158 E.02095
G1 X108.81 Y115.514 E.01323
G1 X109.603 Y115.596 E.02095
G1 X109.959 Y115.952 E.01323
G1 X110.041 Y116.745 E.02095
G1 X110.397 Y117.102 E.01323
G1 X111.19 Y117.183 E.02095
G1 X111.546 Y117.539 E.01323
G1 X111.628 Y118.333 E.02095
G1 X111.984 Y118.689 E.01323
G1 X112.778 Y118.77 E.02095
G1 X113.134 Y119.126 E.01323
G1 X113.215 Y119.92 E.02095
G1 X113.571 Y120.276 E.01323
G1 X114.365 Y120.357 E.02095
G1 X114.721 Y120.713 E.01323
G1 X114.802 Y121.507 E.02095
G1 X115.158 Y121.863 E.01323
G1 X115.952 Y121.944 E.02095
G1 X116.308 Y122.3 E.01323
G1 X116.389 Y123.094 E.02095
G1 X116.745 Y123.45 E.01323
G1 X117.539 Y123.532 E.02095
G1 X117.895 Y123.888 E.01323
G1 X117.948 Y124.401 E.01356
G1 X116.361 Y124.401 E.04169
G1 X116.308 Y123.888 E.01356
G1 X115.952 Y123.532 E.01323
G1 X115.158 Y123.45 E.02095
G1 X114.802 Y123.094 E.01323
G1 X114.721 Y122.3 E.02095
G1 X114.365 Y121.944 E.01323
G1 X113.571 Y121.863 E.02095
G1 X113.215 Y121.507 E.01323
G1 X113.134 Y120.713 E.02095
G1 X112.778 Y120.357 E.01323
G1 X111.984 Y120.276 E.02095
G1 X111.628 Y119.92 E.01323
G1 X111.546 Y119.126 E.02095
G1 X111.19 Y118.77 E.01323
G1 X110.397 Y118.689 E.02095
G1 X110.041 Y118.333 E.01323
G1 X109.959 Y117.539 E.02095
G1 X109.603 Y117.183 E.01323
G1 X108.81 Y117.102 E.02095
G1 X108.454 Y116.745 E.01323
G1 X108.372 Y115.952 E.02095
G1 X108.016 Y115.596 E.01323
G1 X107.222 Y115.514 E.02095
G1 X106.866 Y115.158 E.01323
G1 X106.785 Y114.365 E.02095
G1 X106.429 Y114.009 E.01323
G1 X105.635 Y113.927 E.02095
G1 X105.279 Y113.571 E.01323
G1 X105.198 Y112.778 E.02095
G1 X104.842 Y112.421 E.01323
G1 X104.048 Y112.34 E.02095
G1 X103.692 Y111.984 E.01323
G1 X103.611 Y111.19 E.02095
G1 X103.255 Y110.834 E.01323
G1 X102.461 Y110.753 E.02095
G1 X102.105 Y110.397 E.01323
G1 X102.024 Y109.603 E.02095
G1 X101.667 Y109.247 E.01323
G1 X100.874 Y109.166 E.02095
G1 X100.518 Y108.81 E.01323
G1 X100.436 Y108.016 E.02095
G1 X100.08 Y107.66 E.01323
G1 X99.287 Y107.579 E.02095
G1 X98.931 Y107.222 E.01323
G1 X98.849 Y106.429 E.02095
G1 X98.493 Y106.073 E.01323
G1 X97.7 Y105.991 E.02095
G1 X97.343 Y105.635 E.01323
G1 X97.262 Y104.842 E.02095
G1 X96.906 Y104.486 E.01323
G1 X96.112 Y104.404 E.02095
G1 X95.756 Y104.048 E.01323
G1 X95.675 Y103.255 E.02095
G1 X95.319 Y102.898 E.01323
G1 X94.525 Y102.817 E.02095
G1 X94.169 Y102.461 E.01323
G1 X94.088 Y101.667 E.02095
G1 X93.732 Y101.311 E.01323
G1 X92.938 Y101.23 E.02095
G1 X92.582 Y100.874 E.01323
G1 X92.501 Y100.08 E.02095
G1 X92.144 Y99.724 E.01323
G1 X91.351 Y99.643 E.02095
G1 X90.995 Y99.287 E.01323
G1 X90.913 Y98.493 E.02095
G1 X90.557 Y98.137 E.01323
G1 X89.764 Y98.056 E.02095
G1 X89.408 Y97.7 E.01323
G1 X89.326 Y96.906 E.02095
G1 X88.97 Y96.55 E.01323
G1 X88.177 Y96.468 E.02095
G1 X87.82 Y96.112 E.01323
G1 X87.768 Y95.599 E.01356
G1 X86.181 Y95.599 E.04169
G1 X86.233 Y96.112 E.01356
G1 X86.589 Y96.468 E.01323
G1 X87.383 Y96.55 E.02095
G1 X87.739 Y96.906 E.01323
G1 X87.82 Y97.7 E.02095
G1 X88.177 Y98.056 E.01323
G1 X88.97 Y98.137 E.02095
G1 X89.326 Y98.493 E.01323
G1 X89.408 Y99.287 E.02095
G1 X89.764 Y99.643 E.01323
G1 X90.557 Y99.724 E.02095
G1 X90.913 Y100.08 E.01323
G1 X90.995 Y100.874 E.02095
G1 X91.351 Y101.23 E.01323
G1 X92.144 Y101.311 E.02095
G1 X92.501 Y101.667 E.01323
G1 X92.582 Y102.461 E.02095
G1 X92.938 Y102.817 E.01323
G1 X93.732 Y102.898 E.02095
G1 X94.088 Y103.255 E.01323
G1 X94.169 Y104.048 E.02095
G1 X94.525 Y104.404 E.01323
G1 X95.319 Y104.486 E.02095
G1 X95.675 Y104.842 E.01323
G1 X95.756 Y105.635 E.02095
G1 X96.112 Y105.991 E.01323
G1 X96.906 Y106.073 E.02095
G1 X97.262 Y106.429 E.01323
G1 X97.343 Y107.222 E.02095
G1 X97.7 Y107.579 E.01323
G1 X98.493 Y107.66 E.02095
G1 X98.849 Y108.016 E.01323
G1 X98.931 Y108.81 E.02095
G1 X99.287 Y109.166 E.01323
G1 X100.08 Y109.247 E.02095
G1 X100.436 Y109.603 E.01323
G1 X100.518 Y110.397 E.02095
G1 X100.874 Y110.753 E.01323
G1 X101.667 Y110.834 E.02095
G1 X102.024 Y111.19 E.01323
G1 X102.105 Y111.984 E.02095
G1 X102.461 Y112.34 E.01323
G1 X103.255 Y112.421 E.02095
G1 X103.611 Y112.778 E.01323
G1 X103.692 Y113.571 E.02095
G1 X104.048 Y113.927 E.01323
G1 X104.842 Y114.009 E.02095
G1 X105.198 Y114.365 E.01323
G1 X105.279 Y115.158 E.02095
G1 X105.635 Y115.514 E.01323
G1 X106.429 Y115.596 E.02095
G1 X106.785 Y115.952 E.01323
G1 X106.866 Y116.745 E.02095
G1 X107.222 Y117.102 E.01323
G1 X108.016 Y117.183 E.02095
G1 X108.372 Y117.539 E.01323
G1 X108.454 Y118.333 E.02095
G1 X108.81 Y118.689 E.01323
G1 X109.603 Y118.77 E.02095
G1 X109.959 Y119.126 E.01323
G1 X110.041 Y119.92 E.02095
G1 X110.397 Y120.276 E.01323
G1 X111.19 Y120.357 E.02095
G1 X111.546 Y120.713 E.01323
G1 X111.628 Y121.507 E.02095
G1 X111.984 Y121.863 E.01323
G1 X112.778 Y121.944 E.02095
G1 X113.134 Y122.3 E.01323
G1 X113.215 Y123.094 E.02095
G1 X113.571 Y123.45 E.01323
G1 X114.365 Y123.532 E.02095
G1 X114.721 Y123.888 E.01323
G1 X114.773 Y124.401 E.01356
G1 X113.186 Y124.401 E.04169
G1 X113.134 Y123.888 E.01356
G1 X112.778 Y123.532 E.01323
G1 X111.984 Y123.45 E.02095
G1 X111.628 Y123.094 E.01323
G1 X111.546 Y122.3 E.02095
G1 X111.19 Y121.944 E.01323
G1 X110.397 Y121.863 E.02095
G1 X110.041 Y121.507 E.01323
G1 X109.959 Y120.713 E.02095
G1 X109.603 Y120.357 E.01323
G1 X108.81 Y120.276 E.02095
G1 X108.454 Y119.92 E.01323
G1 X108.372 Y119.126 E.02095
G1 X108.016 Y118.77 E.01323
G1 X107.222 Y118.689 E.02095
G1 X106.866 Y118.333 E.01323
G1 X106.785 Y117.539 E.02095
G1 X106.429 Y117.183 E.01323
G1 X105.635 Y117.102 E.02095
G1 X105.279 Y116.745 E.01323
G1 X105.198 Y115.952 E.02095
G1 X104.842 Y115.596 E.01323
G1 X104.048 Y115.514 E.02095
G1 X103.692 Y115.158 E.01323
G1 X103.611 Y114.365 E.02095
G1 X103.255 Y114.009 E.01323
G1 X102.461 Y113.927 E.02095
G1 X102.105 Y113.571 E.01323
G1 X102.024 Y112.778 E.02095
G1 X101.667 Y112.421 E.01323
G1 X100.874 Y112.34 E.02095
G1 X100.518 Y111.984 E.01323
G1 X100.436 Y111.19 E.02095
G1 X100.08 Y110.834 E.01323
G1 X99.287 Y110.753 E.02095
G1 X98.931 Y110.397 E.01323
G1 X98.849 Y109.603 E.02095
G1 X98.493 Y109.247 E.01323
G1 X97.7 Y109.166 E.02095
G1 X97.343 Y108.81 E.01323
G1 X97.262 Y108.016 E.02095
G1 X96.906 Y107.66 E.01323
G1 X96.112 Y107.579 E.02095
G1 X95.756 Y107.222 E.01323
G1 X95.675 Y106.429 E.02095
G1 X95.319 Y106.073 E.01323
G1 X94.525 Y105.991 E.02095
G1 X94.169 Y105.635 E.01323
G1 X94.088 Y104.842 E.02095
G1 X93.732 Y104.486 E.01323
G1 X92.938 Y104.404 E.02095
G1 X92.582 Y104.048 E.01323
G1 X92.501 Y103.255 E.02095
G1 X92.144 Y102.898 E.01323
G1 X91.351 Y102.817 E.02095
G1 X90.995 Y102.461 E.01323
G1 X90.913 Y101.667 E.02095
G1 X90.557 Y101.311 E.01323
G1 X89.764 Y101.23 E.02095
G1 X89.408 Y100.874 E.01323
G1 X89.326 Y100.08 E.02095
G1 X88.97 Y99.724 E.01323
G1 X88.177 Y99.643 E.02095
G1 X87.82 Y99.287 E.01323
G1 X87.739 Y98.493 E.02095
G1 X87.383 Y98.137 E.01323
G1 X86.589 Y98.056 E.02095
G1 X86.233 Y97.7 E.01323
G1 X86.152 Y96.906 E.02095
G1 X85.796 Y96.55 E.01323
G1 X85.002 Y96.468 E.02095
G1 X84.646 Y96.112 E.01323
G1 X84.593 Y95.599 E.01356
G1 X83.006 Y95.599 E.04169
G1 X83.059 Y96.112 E.01356
G1 X83.415 Y96.468 E.01323
G1 X84.209 Y96.55 E.02095
G1 X84.565 Y96.906 E.01323
G1 X84.646 Y97.7 E.02095
G1 X85.002 Y98.056 E.01323
G1 X85.796 Y98.137 E.02095
G1 X86.152 Y98.493 E.01323
G1 X86.233 Y99.287 E.02095
G1 X86.589 Y99.643 E.01323
G1 X87.383 Y99.724 E.02095
G1 X87.739 Y100.08 E.01323
G1 X87.82 Y100.874 E.02095
G1 X88.177 Y101.23 E.01323
G1 X88.97 Y101.311 E.02095
G1 X89.326 Y101.667 E.01323
G1 X89.408 Y102.461 E.02095
G1 X89.764 Y102.817 E.01323
G1 X90.557 Y102.898 E.02095
G1 X90.913 Y103.255 E.01323
G1 X90.995 Y104.048 E.02095
G1 X91.351 Y104.404 E.01323
G1 X92.144 Y104.486 E.02095
G1 X92.501 Y104.842 E.01323
G1 X92.582 Y105.635 E.02095
G1 X92.938 Y105.991 E.01323
G1 X93.732 Y106.073 E.02095
G1 X94.088 Y106.429 E.01323
G1 X94.169 Y107.222 E.02095
G1 X94.525 Y107.579 E.01323
G1 X95.319 Y107.66 E.02095
G1 X95.675 Y108.016 E.01323
G1 X95.756 Y108.81 E.02095
G1 X96.112 Y109.166 E.01323
G1 X96.906 Y109.247 E.02095
G1 X97.262 Y109.603 E.01323
G1 X97.343 Y110.397 E.02095
G1 X97.7 Y110.753 E.01323
G1 X98.493 Y110.834 E.02095
G1 X98.849 Y111.19 E.01323
G1 X98.931 Y111.984 E.02095
G1 X99.287 Y112.34 E.01323
G1 X100.08 Y112.421 E.02095
G1 X100.436 Y112.778 E.01323
G1 X100.518 Y113.571 E.02095
G1 X100.874 Y113.927 E.01323
G1 X101.667 Y114.009 E.02095
G1 X102.024 Y114.365 E.01323
G1 X102.105 Y115.158 E.02095
G1 X102.461 Y115.514 E.01323
G1 X103.255 Y115.596 E.02095
G1 X103.611 Y115.952 E.01323
G1 X103.692 Y116.745 E.02095
G1 X104.048 Y117.102 E.01323
G1 X104.842 Y117.183 E.02095
G1 X105.198 Y117.539 E.01323
G1 X105.279 Y118.333 E.02095
G1 X105.635 Y118.689 E.01323
G1 X106.429 Y118.77 E.02095
G1 X106.785 Y119.126 E.01323
G1 X106.866 Y119.92 E.02095
G1 X107.222 Y120.276 E.01323
G1 X108.016 Y120.357 E.02095
G1 X108.372 Y120.713 E.01323
G1 X108.454 Y121.507 E.02095
G1 X108.81 Y121.863 E.01323
G1 X109.603 Y121.944 E.02095
G1 X109.959 Y122.3 E.01323
G1 X110.041 Y123.094 E.02095
G1 X110.397 Y123.45 E.01323
G1 X111.19 Y123.532 E.02095
G1 X111.546 Y123.888 E.01323
G1 X111.599 Y124.401 E.01356
G1 X110.012 Y124.401 E.04169
G1 X109.959 Y123.888 E.01356
G1 X109.603 Y123.532 E.01323
G1 X108.81 Y123.45 E.02095
G1 X108.454 Y123.094 E.01323
G1 X108.372 Y122.3 E.02095
G1 X108.016 Y121.944 E.01323
G1 X107.222 Y121.863 E.02095
G1 X106.866 Y121.507 E.01323
G1 X106.785 Y120.713 E.02095
G1 X106.429 Y120.357 E.01323
G1 X105.635 Y120.276 E.02095
G1 X105.279 Y119.92 E.01323
G1 X105.198 Y119.126 E.02095
G1 X104.842 Y118.77 E.01323
G1 X104.048 Y118.689 E.02095
G1 X103.692 Y118.333 E.01323
G1 X103.611 Y117.539 E.02095
G1 X103.255 Y117.183 E.01323
G1 X102.461 Y117.102 E.02095
G1 X102.105 Y116.745 E.01323
G1 X102.024 Y115.952 E.02095
G1 X101.667 Y115.596 E.01323
G1 X100.874 Y115.514 E.02095
G1 X100.518 Y115.158 E.01323
G1 X100.436 Y114.365 E.02095
G1 X100.08 Y114.009 E.01323
G1 X99.287 Y113.927 E.02095
G1 X98.931 Y113.571 E.01323
G1 X98.849 Y112.778 E.02095
G1 X98.493 Y112.421 E.01323
G1 X97.7 Y112.34 E.02095
G1 X97.343 Y111.984 E.01323
G1 X97.262 Y111.19 E.02095
G1 X96.906 Y110.834 E.01323
G1 X96.112 Y110.753 E.02095
G1 X95.756 Y110.397 E.01323
G1 X95.675 Y109.603 E.02095
G1 X95.319 Y109.247 E.01323
G1 X94.525 Y109.166 E.02095
G1 X94.169 Y108.81 E.01323
G1 X94.088 Y108.016 E.02095
G1 X93.732 Y107.66 E.01323
G1 X92.938 Y107.579 E.02095
G1 X92.582 Y107.222 E.01323
G1 X92.501 Y106.429 E.02095
G1 X92.144 Y106.073 E.01323
G1 X91.351 Y105.991 E.02095
G1 X90.995 Y105.635 E.01323
G1 X90.913 Y104.842 E.02095
G1 X90.557 Y104.486 E.01323
G1 X89.764 Y104.404 E.02095
G1 X89.408 Y104.048 E.01323
G1 X89.326 Y103.255 E.02095
G1 X88.97 Y102.898 E.01323
G1 X88.177 Y102.817 E.02095
G1 X87.82 Y102.461 E.01323
G1 X87.739 Y101.667 E.02095
G1 X87.383 Y101.311 E.01323
G1 X86.589 Y101.23 E.02095
G1 X86.233 Y100.874 E.01323
G1 X86.152 Y100.08 E.02095
G1 X85.796 Y99.724 E.01323
G1 X85.002 Y99.643 E.02095
G1 X84.646 Y99.287 E.01323
G1 X84.565 Y98.493 E.02095
G1 X84.209 Y98.137 E.01323
G1 X83.415 Y98.056 E.02095
G1 X83.059 Y97.7 E.01323
G1 X82.978 Y96.906 E.02095
G1 X82.622 Y96.55 E.01323
G1 X81.828 Y96.468 E.02095
G1 X81.472 Y96.112 E.01323
G1 X81.419 Y95.599 E.01356
G1 X79.832 Y95.599 E.04169
G1 X79.885 Y96.112 E.01356
G1 X80.241 Y96.468 E.01323
G1 X81.034 Y96.55 E.02095
G1 X81.39 Y96.906 E.01323
G1 X81.472 Y97.7 E.02095
G1 X81.828 Y98.056 E.01323
G1 X82.622 Y98.137 E.02095
G1 X82.978 Y98.493 E.01323
G1 X83.059 Y99.287 E.02095
G1 X83.415 Y99.643 E.01323
G1 X84.209 Y99.724 E.02095
G1 X84.565 Y100.08 E.01323
G1 X84.646 Y100.874 E.02095
G1 X85.002 Y101.23 E.01323
G1 X85.796 Y101.311 E.02095
G1 X86.152 Y101.667 E.01323
G1 X86.233 Y102.461 E.02095
G1 X86.589 Y102.817 E.01323
G1 X87.383 Y102.898 E.02095
G1 X87.739 Y103.255 E.01323
G1 X87.82 Y104.048 E.02095
G1 X88.177 Y104.404 E.01323
G1 X88.97 Y104.486 E.02095
G1 X89.326 Y104.842 E.01323
G1 X89.408 Y105.635 E.02095
G1 X89.764 Y105.991 E.01323
G1 X90.557 Y106.073 E.02095
G1 X90.913 Y106.429 E.01323
G1 X90.995 Y107.222 E.02095
G1 X91.351 Y107.579 E.01323
G1 X92.144 Y107.66 E.02095
G1 X92.501 Y108.016 E.01323
G1 X92.582 Y108.81 E.02095
G1 X92.938 Y109.166 E.01323
G1 X93.732 Y109.247 E.02095
G1 X94.088 Y109.603 E.01323
G1 X94.169 Y110.397 E.02095
G1 X94.525 Y110.753 E.01323
G1 X95.319 Y110.834 E.02095
G1 X95.675 Y111.19 E.01323
G1 X95.756 Y111.984 E.02095
G1 X96.112 Y112.34 E.01323
G1 X96.906 Y112.421 E.02095
G1 X97.262 Y112.778 E.01323
G1 X97.343 Y113.571 E.02095
G1 X97.7 Y113.927 E.01323
G1 X98.493 Y114.009 E.02095
G1 X98.849 Y114.365 E.01323
G1 X98.931 Y115.158 E.02095
G1 X99.287 Y115.514 E.01323
G1 X100.08 Y115.596 E.02095
G1 X100.436 Y115.952 E.01323
G1 X100.518 Y116.745 E.02095
G1 X100.874 Y117.102 E.01323
G1 X101.667 Y117.183 E.02095
G1 X102.024 Y117.539 E.01323
G1 X102.105 Y118.333 E.02095
G1 X102.461 Y118.689 E.01323
G1 X103.255 Y118.77 E.02095
G1 X103.611 Y119.126 E.01323
G1 X103.692 Y119.92 E.02095
G1 X104.048 Y120.276 E.01323
G1 X104.842 Y120.357 E.02095
G1 X105.198 Y120.713 E.01323
G1 X105.279 Y121.507 E.02095
G1 X105.635 Y121.863 E.01323
G1 X106.429 Y121.944 E.02095
G1 X106.785 Y122.3 E.01323
G1 X106.866 Y123.094 E.02095
G1 X107.222 Y123.45 E.01323
G1 X108.016 Y123.532 E.02095
G1 X108.372 Y123.888 E.01323
G1 X108.425 Y124.401 E.01356
G1 X106.838 Y124.401 E.04169
G1 X106.785 Y123.888 E.01356
G1 X106.429 Y123.532 E.01323
G1 X105.635 Y123.45 E.02095
G1 X105.279 Y123.094 E.01323
G1 X105.198 Y122.3 E.02095
G1 X104.842 Y121.944 E.01323
G1 X104.048 Y121.863 E.02095
G1 X103.692 Y121.507 E.01323
G1 X103.611 Y120.713 E.02095
G1 X103.255 Y120.357 E.01323
G1 X102.461 Y120.276 E.02095
G1 X102.105 Y119.92 E.01323
G1 X102.024 Y119.126 E.02095
G1 X101.667 Y118.77 E.01323
G1 X100.874 Y118.689 E.02095
G1 X100.518 Y118.333 E.01323
G1 X100.436 Y117.539 E.02095
G1 X100.08 Y117.183 E.01323
G1 X99.287 Y117.102 E.02095
G1 X98.931 Y116.745 E.01323
G1 X98.849 Y115.952 E.02095
G1 X98.493 Y115.596 E.01323
G1 X97.7 Y115.514 E.02095
G1 X97.343 Y115.158 E.01323
G1 X97.262 Y114.365 E.02095
G1 X96.906 Y114.009 E.01323
G1 X96.112 Y113.927 E.02095
G1 X95.756 Y113.571 E.01323
G1 X95.675 Y112.778 E.02095
G1 X95.319 Y112.421 E.01323
G1 X94.525 Y112.34 E.02095
G1 X94.169 Y111.984 E.01323
G1 X94.088 Y111.19 E.02095
G1 X93.732 Y110.834 E.01323
G1 X92.938 Y110.753 E.02095
G1 X92.582 Y110.397 E.01323
G1 X92.501 Y109.603 E.02095
G1 X92.144 Y109.247 E.01323
G1 X91.351 Y109.166 E.02095
G1 X90.995 Y108.81 E.01323
G1 X90.913 Y108.016 E.02095
G1 X90.557 Y107.66 E.01323
G1 X89.764 Y107.579 E.02095
G1 X89.408 Y107.222 E.01323
G1 X89.326 Y106.429 E.02095
G1 X88.97 Y106.073 E.01323
G1 X88.177 Y105.991 E.02095
G1 X87.82 Y105.635 E.01323
G1 X87.739 Y104.842 E.02095
G1 X87.383 Y104.486 E.01323
G1 X86.589 Y104.404 E.02095
G1 X86.233 Y104.048 E.01323
G1 X86.152 Y103.255 E.02095
G1 X85.796 Y102.898 E.01323
G1 X85.002 Y102.817 E.02095
G1 X84.646 Y102.461 E.01323
G1 X84.565 Y101.667 E.02095
G1 X84.209 Y101.311 E.01323
G1 X83.415 Y101.23 E.02095
G1 X83.059 Y100.874 E.01323
G1 X82.978 Y100.08 E.02095
G1 X82.622 Y99.724 E.01323
G1 X81.828 Y99.643 E.02095
G1 X81.472 Y99.287 E.01323
G1 X81.39 Y98.493 E.02095
G1 X81.034 Y98.137 E.01323
G1 X80.241 Y98.056 E.02095
G1 X79.885 Y97.7 E.01323
G1 X79.803 Y96.906 E.02095
G1 X79.447 Y96.55 E.01323
G1 X78.654 Y96.468 E.02095
G1 X78.599 Y96.414 E.00203
G1 X78.599 Y98.001 E.04169
G1 X78.654 Y98.056 E.00203
G1 X79.447 Y98.137 E.02095
G1 X79.803 Y98.493 E.01323
G1 X79.885 Y99.287 E.02095
G1 X80.241 Y99.643 E.01323
G1 X81.034 Y99.724 E.02095
G1 X81.39 Y100.08 E.01323
G1 X81.472 Y100.874 E.02095
G1 X81.828 Y101.23 E.01323
G1 X82.622 Y101.311 E.02095
G1 X82.978 Y101.667 E.01323
G1 X83.059 Y102.461 E.02095
G1 X83.415 Y102.817 E.01323
G1 X84.209 Y102.898 E.02095
G1 X84.565 Y103.255 E.01323
G1 X84.646 Y104.048 E.02095
G1 X85.002 Y104.404 E.01323
G1 X85.796 Y104.486 E.02095
G1 X86.152 Y104.842 E.01323
G1 X86.233 Y105.635 E.02095
G1 X86.589 Y105.991 E.01323
G1 X87.383 Y106.073 E.02095
G1 X87.739 Y106.429 E.01323
G1 X87.82 Y107.222 E.02095
G1 X88.177 Y107.579 E.01323
G1 X88.97 Y107.66 E.02095
G1 X89.326 Y108.016 E.01323
G1 X89.408 Y108.81 E.02095
G1 X89.764 Y109.166 E.01323
G1 X90.557 Y109.247 E.02095
G1 X90.913 Y109.603 E.01323
G1 X90.995 Y110.397 E.02095
G1 X91.351 Y110.753 E.01323
G1 X92.144 Y110.834 E.02095
G1 X92.501 Y111.19 E.01323
G1 X92.582 Y111.984 E.02095
G1 X92.938 Y112.34 E.01323
G1 X93.732 Y112.421 E.02095
G1 X94.088 Y112.778 E.01323
G1 X94.169 Y113.571 E.02095
G1 X94.525 Y113.927 E.01323
G1 X95.319 Y114.009 E.02095
G1 X95.675 Y114.365 E.01323
G1 X95.756 Y115.158 E.02095
G1 X96.112 Y115.514 E.01323
G1 X96.906 Y115.596 E.02095
G1 X97.262 Y115.952 E.01323
G1 X97.343 Y116.745 E.02095
G1 X97.7 Y117.102 E.01323
G1 X98.493 Y117.183 E.02095
G1 X98.849 Y117.539 E.01323
G1 X98.931 Y118.333 E.02095
G1 X99.287 Y118.689 E.01323
G1 X100.08 Y118.77 E.02095
G1 X100.436 Y119.126 E.01323
G1 X100.518 Y119.92 E.02095
G1 X100.874 Y120.276 E.01323
G1 X101.667 Y120.357 E.02095
G1 X102.024 Y120.713 E.01323
G1 X102.105 Y121.507 E.02095
G1 X102.461 Y121.863 E.01323
G1 X103.255 Y121.944 E.02095
G1 X103.611 Y122.3 E.01323
G1 X103.692 Y123.094 E.02095
G1 X104.048 Y123.45 E.01323
G1 X104.842 Y123.532 E.02095
G1 X105.198 Y123.888 E.01323
G1 X105.25 Y124.401 E.01356
G1 X103.663 Y124.401 E.04169
G1 X103.611 Y123.888 E.01356
G1 X103.255 Y123.532 E.01323
G1 X102.461 Y123.45 E.02095
G1 X102.105 Y123.094 E.01323
G1 X102.024 Y122.3 E.02095
G1 X101.667 Y121.944 E.01323
G1 X100.874 Y121.863 E.02095
G1 X100.518 Y121.507 E.01323
G1 X100.436 Y120.713 E.02095
G1 X100.08 Y120.357 E.01323
G1 X99.287 Y120.276 E.02095
G1 X98.931 Y119.92 E.01323
G1 X98.849 Y119.126 E.02095
G1 X98.493 Y118.77 E.01323
G1 X97.7 Y118.689 E.02095
G1 X97.343 Y118.333 E.01323
G1 X97.262 Y117.539 E.02095
G1 X96.906 Y117.183 E.01323
G1 X96.112 Y117.102 E.02095
G1 X95.756 Y116.745 E.01323
G1 X95.675 Y115.952 E.02095
G1 X95.319 Y115.596 E.01323
G1 X94.525 Y115.514 E.02095
G1 X94.169 Y115.158 E.01323
G1 X94.088 Y114.365 E.02095
G1 X93.732 Y114.009 E.01323
G1 X92.938 Y113.927 E.02095
G1 X92.582 Y113.571 E.01323
G1 X92.501 Y112.778 E.02095
G1 X92.144 Y112.421 E.01323
G1 X91.351 Y112.34 E.02095
G1 X90.995 Y111.984 E.01323
G1 X90.913 Y111.19 E.02095
G1 X90.557 Y110.834 E.01323
G1 X89.764 Y110.753 E.02095
G1 X89.408 Y110.397 E.01323
G1 X89.326 Y109.603 E.02095
G1 X88.97 Y109.247 E.01323
G1 X88.177 Y109.166 E.02095
G1 X87.82 Y108.81 E.01323
G1 X87.739 Y108.016 E.02095
G1 X87.383 Y107.66 E.01323
G1 X86.589 Y107.579 E.02095
G1 X86.233 Y107.222 E.01323
G1 X86.152 Y106.429 E.02095
G1 X85.796 Y106.073 E.01323
G1 X85.002 Y105.991 E.02095
G1 X84.646 Y105.635 E.01323
G1 X84.565 Y104.842 E.02095
G1 X84.209 Y104.486 E.01323
G1 X83.415 Y104.404 E.02095
G1 X83.059 Y104.048 E.01323
G1 X82.978 Y103.255 E.02095
G1 X82.622 Y102.898 E.01323
G1 X81.828 Y102.817 E.02095
G1 X81.472 Y102.461 E.01323
G1 X81.39 Y101.667 E.02095
G1 X81.034 Y101.311 E.01323
G1 X80.241 Y101.23 E.02095
G1 X79.885 Y100.874 E.01323
G1 X79.803 Y100.08 E.02095
G1 X79.447 Y99.724 E.01323
G1 X78.654 Y99.643 E.02095
G1 X78.599 Y99.588 E.00203
G1 X78.599 Y101.175 E.04169
G1 X78.654 Y101.23 E.00203
G1 X79.447 Y101.311 E.02095
G1 X79.803 Y101.667 E.01323
G1 X79.885 Y102.461 E.02095
G1 X80.241 Y102.817 E.01323
G1 X81.034 Y102.898 E.02095
G1 X81.39 Y103.255 E.01323
G1 X81.472 Y104.048 E.02095
G1 X81.828 Y104.404 E.01323
G1 X82.622 Y104.486 E.02095
G1 X82.978 Y104.842 E.01323
G1 X83.059 Y105.635 E.02095
G1 X83.415 Y105.991 E.01323
G1 X84.209 Y106.073 E.02095
G1 X84.565 Y106.429 E.01323
G1 X84.646 Y107.222 E.02095
G1 X85.002 Y107.579 E.01323
G1 X85.796 Y107.66 E.02095
G1 X86.152 Y108.016 E.01323
G1 X86.233 Y108.81 E.02095
G1 X86.589 Y109.166 E.01323
G1 X87.383 Y109.247 E.02095
G1 X87.739 Y109.603 E.01323
G1 X87.82 Y110.397 E.02095
G1 X88.177 Y110.753 E.01323
G1 X88.97 Y110.834 E.02095
G1 X89.326 Y111.19 E.01323
G1 X89.408 Y111.984 E.02095
G1 X89.764 Y112.34 E.01323
G1 X90.557 Y112.421 E.02095
G1 X90.913 Y112.778 E.01323
G1 X90.995 Y113.571 E.02095
G1 X91.351 Y113.927 E.01323
G1 X92.144 Y114.009 E.02095
G1 X92.501 Y114.365 E.01323
G1 X92.582 Y115.158 E.02095
G1 X92.938 Y115.514 E.01323
G1 X93.732 Y115.596 E.02095
G1 X94.088 Y115.952 E.01323
G1 X94.169 Y116.745 E.02095
G1 X94.525 Y117.102 E.01323
G1 X95.319 Y117.183 E.02095
G1 X95.675 Y117.539 E.01323
G1 X95.756 Y118.333 E.02095
G1 X96.112 Y118.689 E.01323
G1 X96.906 Y118.77 E.02095
G1 X97.262 Y119.126 E.01323
G1 X97.343 Y119.92 E.02095
G1 X97.7 Y120.276 E.01323
G1 X98.493 Y120.357 E.02095
G1 X98.849 Y120.713 E.01323
G1 X98.931 Y121.507 E.02095
G1 X99.287 Y121.863 E.01323
G1 X100.08 Y121.944 E.02095
G1 X100.436 Y122.3 E.01323
G1 X100.518 Y123.094 E.02095
G1 X100.874 Y123.45 E.01323
G1 X101.667 Y123.532 E.02095
G1 X102.024 Y123.888 E.01323
G1 X102.076 Y124.401 E.01356
G1 X100.489 Y124.401 E.04169
G1 X100.436 Y123.888 E.01356
G1 X100.08 Y123.532 E.01323
G1 X99.287 Y123.45 E.02095
G1 X98.931 Y123.094 E.01323
G1 X98.849 Y122.3 E.02095
G1 X98.493 Y121.944 E.01323
G1 X97.7 Y121.863 E.02095
G1 X97.343 Y121.507 E.01323
G1 X97.262 Y120.713 E.02095
G1 X96.906 Y120.357 E.01323
G1 X96.112 Y120.276 E.02095
G1 X95.756 Y119.92 E.01323
G1 X95.675 Y119.126 E.02095
G1 X95.319 Y118.77 E.01323
G1 X94.525 Y118.689 E.02095
G1 X94.169 Y118.333 E.01323
G1 X94.088 Y117.539 E.02095
G1 X93.732 Y117.183 E.01323
G1 X92.938 Y117.102 E.02095
G1 X92.582 Y116.745 E.01323
G1 X92.501 Y115.952 E.02095
G1 X92.144 Y115.596 E.01323
G1 X91.351 Y115.514 E.02095
G1 X90.995 Y115.158 E.01323
G1 X90.913 Y114.365 E.02095
G1 X90.557 Y114.009 E.01323
G1 X89.764 Y113.927 E.02095
G1 X89.408 Y113.571 E.01323
G1 X89.326 Y112.778 E.02095
G1 X88.97 Y112.421 E.01323
G1 X88.177 Y112.34 E.02095
G1 X87.82 Y111.984 E.01323
G1 X87.739 Y111.19 E.02095
G1 X87.383 Y110.834 E.01323
G1 X86.589 Y110.753 E.02095
G1 X86.233 Y110.397 E.01323
G1 X86.152 Y109.603 E.02095
G1 X85.796 Y109.247 E.01323
G1 X85.002 Y109.166 E.02095
G1 X84.646 Y108.81 E.01323
G1 X84.565 Y108.016 E.02095
G1 X84.209 Y107.66 E.01323
G1 X83.415 Y107.579 E.02095
G1 X83.059 Y107.222 E.01323
G1 X82.978 Y106.429 E.02095
G1 X82.622 Y106.073 E.01323
G1 X81.828 Y105.991 E.02095
G1 X81.472 Y105.635 E.01323
G1 X81.39 Y104.842 E.02095
G1 X81.034 Y104.486 E.01323
G1 X80.241 Y104.404 E.02095
G1 X79.885 Y104.048 E.01323
G1 X79.803 Y103.255 E.02095
G1 X79.447 Y102.898 E.01323
G1 X78.654 Y102.817 E.02095
G1 X78.599 Y102.762 E.00203
G1 X78.599 Y104.35 E.04169
G1 X78.654 Y104.404 E.00203
G1 X79.447 Y104.486 E.02095
G1 X79.803 Y104.842 E.01323
G1 X79.885 Y105.635 E.02095
G1 X80.241 Y105.991 E.01323
G1 X81.034 Y106.073 E.02095
G1 X81.39 Y106.429 E.01323
G1 X81.472 Y107.222 E.02095
G1 X81.828 Y107.579 E.01323
G1 X82.622 Y107.66 E.02095
G1 X82.978 Y108.016 E.01323
G1 X83.059 Y108.81 E.02095
G1 X83.415 Y109.166 E.01323
G1 X84.209 Y109.247 E.02095
G1 X84.565 Y109.603 E.01323
G1 X84.646 Y110.397 E.02095
G1 X85.002 Y110.753 E.01323
G1 X85.796 Y110.834 E.02095
G1 X86.152 Y111.19 E.01323
G1 X86.233 Y111.984 E.02095
G1 X86.589 Y112.34 E.01323
G1 X87.383 Y112.421 E.02095
G1 X87.739 Y112.778 E.01323
G1 X87.82 Y113.571 E.02095
G1 X88.177 Y113.927 E.01323
G1 X88.97 Y114.009 E.02095
G1 X89.326 Y114.365 E.01323
G1 X89.408 Y115.158 E.02095
G1 X89.764 Y115.514 E.01323
G1 X90.557 Y115.596 E.02095
G1 X90.913 Y115.952 E.01323
G1 X90.995 Y116.745 E.02095
G1 X91.351 Y117.102 E.01323
G1 X92.144 Y117.183 E.02095
G1 X92.501 Y117.539 E.01323
G1 X92.582 Y118.333 E.02095
G1 X92.938 Y118.689 E.01323
G1 X93.732 Y118.77 E.02095
G1 X94.088 Y119.126 E.01323
G1 X94.169 Y119.92 E.02095
G1 X94.525 Y120.276 E.01323
G1 X95.319 Y120.357 E.02095
G1 X95.675 Y120.713 E.01323
G1 X95.756 Y121.507 E.02095
G1 X96.112 Y121.863 E.01323
G1 X96.906 Y121.944 E.02095
G1 X97.262 Y122.3 E.01323
G1 X97.343 Y123.094 E.02095
G1 X97.7 Y123.45 E.01323
G1 X98.493 Y123.532 E.02095
G1 X98.849 Y123.888 E.01323
G1 X98.902 Y124.401 E.01356
G1 X97.315 Y124.401 E.04169
G1 X97.262 Y123.888 E.01356
G1 X96.906 Y123.532 E.01323
G1 X96.112 Y123.45 E.02095
G1 X95.756 Y123.094 E.01323
G1 X95.675 Y122.3 E.02095
G1 X95.319 Y121.944 E.01323
G1 X94.525 Y121.863 E.02095
G1 X94.169 Y121.507 E.01323
G1 X94.088 Y120.713 E.02095
G1 X93.732 Y120.357 E.01323
G1 X92.938 Y120.276 E.02095
G1 X92.582 Y119.92 E.01323
G1 X92.501 Y119.126 E.02095
G1 X92.144 Y118.77 E.01323
G1 X91.351 Y118.689 E.02095
G1 X90.995 Y118.333 E.01323
G1 X90.913 Y117.539 E.02095
G1 X90.557 Y117.183 E.01323
G1 X89.764 Y117.102 E.02095
G1 X89.408 Y116.745 E.01323
G1 X89.326 Y115.952 E.02095
G1 X88.97 Y115.596 E.01323
G1 X88.177 Y115.514 E.02095
G1 X87.82 Y115.158 E.01323
G1 X87.739 Y114.365 E.02095
G1 X87.383 Y114.009 E.01323
G1 X86.589 Y113.927 E.02095
G1 X86.233 Y113.571 E.01323
G1 X86.152 Y112.778 E.02095
G1 X85.796 Y112.421 E.01323
G1 X85.002 Y112.34 E.02095
G1 X84.646 Y111.984 E.01323
G1 X84.565 Y111.19 E.02095
G1 X84.209 Y110.834 E.01323
G1 X83.415 Y110.753 E.02095
G1 X83.059 Y110.397 E.01323
G1 X82.978 Y109.603 E.02095
G1 X82.622 Y109.247 E.01323
G1 X81.828 Y109.166 E.02095
G1 X81.472 Y108.81 E.01323
G1 X81.39 Y108.016 E.02095
G1 X81.034 Y107.66 E.01323
G1 X80.241 Y107.579 E.02095
G1 X79.885 Y107.222 E.01323
G1 X79.803 Y106.429 E.02095
G1 X79.447 Y106.073 E.01323
G1 X78.654 Y105.991 E.02095
G1 X78.599 Y105.937 E.00203
G1 X78.599 Y107.524 E.04169
G1 X78.654 Y107.579 E.00203
G1 X79.447 Y107.66 E.02095
G1 X79.803 Y108.016 E.01323
G1 X79.885 Y108.81 E.02095
G1 X80.241 Y109.166 E.01323
G1 X81.034 Y109.247 E.02095
G1 X81.39 Y109.603 E.01323
G1 X81.472 Y110.397 E.02095
G1 X81.828 Y110.753 E.01323
G1 X82.622 Y110.834 E.02095
G1 X82.978 Y111.19 E.01323
G1 X83.059 Y111.984 E.02095
G1 X83.415 Y112.34 E.01323
G1 X84.209 Y112.421 E.02095
G1 X84.565 Y112.778 E.01323
G1 X84.646 Y113.571 E.02095
G1 X85.002 Y113.927 E.01323
G1 X85.796 Y114.009 E.02095
G1 X86.152 Y114.365 E.01323
G1 X86.233 Y115.158 E.02095
G1 X86.589 Y115.514 E.01323
G1 X87.383 Y115.596 E.02095
G1 X87.739 Y115.952 E.01323
G1 X87.82 Y116.745 E.02095
G1 X88.177 Y117.102 E.01323
G1 X88.97 Y117.183 E.02095
G1 X89.326 Y117.539 E.01323
G1 X89.408 Y118.333 E.02095
G1 X89.764 Y118.689 E.01323
G1 X90.557 Y118.77 E.02095
G1 X90.913 Y119.126 E.01323
G1 X90.995 Y119.92 E.02095
G1 X91.351 Y120.276 E.01323
G1 X92.144 Y120.357 E.02095
G1 X92.501 Y120.713 E.01323
G1 X92.582 Y121.507 E.02095
G1 X92.938 Y121.863 E.01323
G1 X93.732 Y121.944 E.02095
G1 X94.088 Y122.3 E.01323
G1 X94.169 Y123.094 E.02095
G1 X94.525 Y123.45 E.01323
G1 X95.319 Y123.532 E.02095
G1 X95.675 Y123.888 E.01323
G1 X95.728 Y124.401 E.01356
G1 X94.14 Y124.401 E.04169
G1 X94.088 Y123.888 E.01356
G1 X93.732 Y123.532 E.01323
G1 X92.938 Y123.45 E.02095
G1 X92.582 Y123.094 E.01323
G1 X92.501 Y122.3 E.02095
G1 X92.144 Y121.944 E.01323
G1 X91.351 Y121.863 E.02095
G1 X90.995 Y121.507 E.01323
G1 X90.913 Y120.713 E.02095
G1 X90.557 Y120.357 E.01323
G1 X89.764 Y120.276 E.02095
G1 X89.408 Y119.92 E.01323
G1 X89.326 Y119.126 E.02095
G1 X88.97 Y118.77 E.01323
G1 X88.177 Y118.689 E.02095
G1 X87.82 Y118.333 E.01323
G1 X87.739 Y117.539 E.02095
G1 X87.383 Y117.183 E.01323
G1 X86.589 Y117.102 E.02095
G1 X86.233 Y116.745 E.01323
G1 X86.152 Y115.952 E.02095
G1 X85.796 Y115.596 E.01323
G1 X85.002 Y115.514 E.02095
G1 X84.646 Y115.158 E.01323
G1 X84.565 Y114.365 E.02095
G1 X84.209 Y114.009 E.01323
G1 X83.415 Y113.927 E.02095
G1 X83.059 Y113.571 E.01323
G1 X82.978 Y112.778 E.02095
G1 X82.622 Y112.421 E.01323
G1 X81.828 Y112.34 E.02095
G1 X81.472 Y111.984 E.01323
G1 X81.39 Y111.19 E.02095
G1 X81.034 Y110.834 E.01323
G1 X80.241 Y110.753 E.02095
G1 X79.885 Y110.397 E.01323
G1 X79.803 Y109.603 E.02095
G1 X79.447 Y109.247 E.01323
G1 X78.654 Y109.166 E.02095
G1 X78.599 Y109.111 E.00203
G1 X78.599 Y107.732 E.03623
G1 X78.599 Y112.493 F9000
G1 F3600
G1 X78.599 Y113.873 E.03623
G1 X78.654 Y113.927 E.00203
G1 X79.447 Y114.009 E.02095
G1 X79.803 Y114.365 E.01323
G1 X79.885 Y115.158 E.02095
G1 X80.241 Y115.514 E.01323
G1 X81.034 Y115.596 E.02095
G1 X81.39 Y115.952 E.01323
G1 X81.472 Y116.745 E.02095
G1 X81.828 Y117.102 E.01323
G1 X82.622 Y117.183 E.02095
G1 X82.978 Y117.539 E.01323
G1 X83.059 Y118.333 E.02095
G1 X83.415 Y118.689 E.01323
G1 X84.209 Y118.77 E.02095
G1 X84.565 Y119.126 E.01323
G1 X84.646 Y119.92 E.02095
G1 X85.002 Y120.276 E.01323
G1 X85.796 Y120.357 E.02095
G1 X86.152 Y120.713 E.01323
G1 X86.233 Y121.507 E.02095
G1 X86.589 Y121.863 E.01323
G1 X87.383 Y121.944 E.02095
G1 X87.739 Y122.3 E.01323
G1 X87.82 Y123.094 E.02095
G1 X88.177 Y123.45 E.01323
G1 X88.97 Y123.532 E.02095
G1 X89.326 Y123.888 E.01323
G1 X89.379 Y124.401 E.01356
G1 X90.966 Y124.401 E.04169
G1 X90.913 Y123.888 E.01356
G1 X90.557 Y123.532 E.01323
G1 X89.764 Y123.45 E.02095
G1 X89.408 Y123.094 E.01323
G1 X89.326 Y122.3 E.02095
G1 X88.97 Y121.944 E.01323
G1 X88.177 Y121.863 E.02095
G1 X87.82 Y121.507 E.01323
G1 X87.739 Y120.713 E.02095
G1 X87.383 Y120.357 E.01323
G1 X86.589 Y120.276 E.02095
G1 X86.233 Y119.92 E.01323
G1 X86.152 Y119.126 E.02095
G1 X85.796 Y118.77 E.01323
G1 X85.002 Y118.689 E.02095
G1 X84.646 Y118.333 E.01323
G1 X84.565 Y117.539 E.02095
G1 X84.209 Y117.183 E.01323
G1 X83.415 Y117.102 E.02095
G1 X83.059 Y116.745 E.01323
G1 X82.978 Y115.952 E.02095
G1 X82.622 Y115.596 E.01323
G1 X81.828 Y115.514 E.02095
G1 X81.472 Y115.158 E.01323
G1 X81.39 Y114.365 E.02095
G1 X81.034 Y114.009 E.01323
G1 X80.241 Y113.927 E.02095
G1 X79.885 Y113.571 E.01323
G1 X79.803 Y112.778 E.02095
G1 X79.447 Y112.421 E.01323
G1 X78.654 Y112.34 E.02095
G1 X78.599 Y112.285 E.00203
G1 X78.599 Y110.698 E.04169
G1 X78.654 Y110.753 E.00203
G1 X79.447 Y110.834 E.02095
G1 X79.803 Y111.19 E.01323
G1 X79.885 Y111.984 E.02095
G1 X80.241 Y112.34 E.01323
G1 X81.034 Y112.421 E.02095
G1 X81.39 Y112.778 E.01323
G1 X81.472 Y113.571 E.02095
G1 X81.828 Y113.927 E.01323
G1 X82.622 Y114.009 E.02095
G1 X82.978 Y114.365 E.01323
G1 X83.059 Y115.158 E.02095
G1 X83.415 Y115.514 E.01323
G1 X84.209 Y115.596 E.02095
G1 X84.565 Y115.952 E.01323
G1 X84.646 Y116.745 E.02095
G1 X85.002 Y117.102 E.01323
G1 X85.796 Y117.183 E.02095
G1 X86.152 Y117.539 E.01323
G1 X86.233 Y118.333 E.02095
G1 X86.589 Y118.689 E.01323
G1 X87.383 Y118.77 E.02095
G1 X87.739 Y119.126 E.01323
G1 X87.82 Y119.92 E.02095
G1 X88.177 Y120.276 E.01323
G1 X88.97 Y120.357 E.02095
G1 X89.326 Y120.713 E.01323
G1 X89.408 Y121.507 E.02095
G1 X89.764 Y121.863 E.01323
G1 X90.557 Y121.944 E.02095
G1 X90.913 Y122.3 E.01323
G1 X90.995 Y123.094 E.02095
G1 X91.351 Y123.45 E.01323
G1 X92.144 Y123.532 E.02095
G1 X92.501 Y123.888 E.01323
G1 X92.553 Y124.401 E.01356
G1 X91.174 Y124.401 E.03623
G1 X86.412 Y124.401 F9000
G1 F3600
G1 X87.792 Y124.401 E.03623
G1 X87.739 Y123.888 E.01356
G1 X87.383 Y123.532 E.01323
G1 X86.589 Y123.45 E.02095
G1 X86.233 Y123.094 E.01323
G1 X86.152 Y122.3 E.02095
G1 X85.796 Y121.944 E.01323
G1 X85.002 Y121.863 E.02095
G1 X84.646 Y121.507 E.01323
G1 X84.565 Y120.713 E.02095
G1 X84.209 Y120.357 E.01323
G1 X83.415 Y120.276 E.02095
G1 X83.059 Y119.92 E.01323
G1 X82.978 Y119.126 E.02095
G1 X82.622 Y118.77 E.01323
G1 X81.828 Y118.689 E.02095
G1 X81.472 Y118.333 E.01323
G1 X81.39 Y117.539 E.02095
G1 X81.034 Y117.183 E.01323
G1 X80.241 Y117.102 E.02095
G1 X79.885 Y116.745 E.01323
G1 X79.803 Y115.952 E.02095
G1 X79.447 Y115.596 E.01323
G1 X78.654 Y115.514 E.02095
G1 X78.599 Y115.46 E.00203
G1 X78.599 Y117.047 E.04169
G1 X78.654 Y117.102 E.00203
G1 X79.447 Y117.183 E.02095
G1 X79.803 Y117.539 E.01323
G1 X79.885 Y118.333 E.02095
G1 X80.241 Y118.689 E.01323
G1 X81.034 Y118.77 E.02095
G1 X81.39 Y119.126 E.01323
G1 X81.472 Y119.92 E.02095
G1 X81.828 Y120.276 E.01323
G1 X82.622 Y120.357 E.02095
G1 X82.978 Y120.713 E.01323
G1 X83.059 Y121.507 E.02095
G1 X83.415 Y121.863 E.01323
G1 X84.209 Y121.944 E.02095
G1 X84.565 Y122.3 E.01323
G1 X84.646 Y123.094 E.02095
G1 X85.002 Y123.45 E.01323
G1 X85.796 Y123.532 E.02095
G1 X86.152 Y123.888 E.01323
G1 X86.205 Y124.401 E.01356
G1 X84.617 Y124.401 E.04169
G1 X84.565 Y123.888 E.01356
G1 X84.209 Y123.532 E.01323
G1 X83.415 Y123.45 E.02095
G1 X83.059 Y123.094 E.01323
G1 X82.978 Y122.3 E.02095
G1 X82.622 Y121.944 E.01323
G1 X81.828 Y121.863 E.02095
G1 X81.472 Y121.507 E.01323
G1 X81.39 Y120.713 E.02095
G1 X81.034 Y120.357 E.01323
G1 X80.241 Y120.276 E.02095
G1 X79.885 Y119.92 E.01323
G1 X79.803 Y119.126 E.02095
G1 X79.447 Y118.77 E.01323
G1 X78.654 Y118.689 E.02095
G1 X78.599 Y118.634 E.00203
G1 X78.599 Y120.221 E.04169
G1 X78.654 Y120.276 E.00203
G1 X79.447 Y120.357 E.02095
G1 X79.803 Y120.713 E.01323
G1 X79.885 Y121.507 E.02095
G1 X80.241 Y121.863 E.01323
G1 X81.034 Y121.944 E.02095
G1 X81.39 Y122.3 E.01323
G1 X81.472 Y123.094 E.02095
G1 X81.828 Y123.45 E.01323
G1 X82.622 Y123.532 E.02095
G1 X82.978 Y123.888 E.01323
G1 X83.03 Y124.401 E.01356
G1 X81.443 Y124.401 E.04169
G1 X81.39 Y123.888 E.01356
G1 X81.034 Y123.532 E.01323
G1 X80.241 Y123.45 E.02095
G1 X79.885 Y123.094 E.01323
G1 X79.803 Y122.3 E.02095
G1 X79.447 Y121.944 E.01323
G1 X78.654 Y121.863 E.02095
G1 X78.599 Y121.808 E.00203
G1 X78.599 Y123.395 E.04169
G1 X78.654 Y123.45 E.00203
G1 X79.447 Y123.532 E.02095
G1 X79.803 Y123.888 E.01323
G1 X79.856 Y124.401 E.01356
G1 X78.599 Y124.401 E.03302
G1 X78.599 Y123.603 E.02096
G1 X78.391 Y124.772 F9000
;TYPE:Internal solid infill
;WIDTH:0.374446
G1 F3600
G1 X141.637 Y124.771 E1.35935
G1 X141.744 Y124.744 E.00236
G1 X141.772 Y124.609 E.00296
G1 X141.772 Y95.391 E.62798
G1 X141.744 Y95.256 E.00296
G1 X141.609 Y95.228 E.00296
G1 X78.363 Y95.23 E1.35935
G1 X78.256 Y95.256 E.00236
G1 X78.228 Y95.391 E.00296
G1 X78.23 Y124.637 E.62859
G1 X78.256 Y124.744 E.00236
G1 X78.332 Y124.76 E.00167
G1 X128.826 Y95.599 F9000
;TYPE:Sparse infill
;WIDTH:0.45
G1 F3600
G1 X127.447 Y95.599 E.03623
G1 X127.499 Y96.112 E.01356
G1 X127.856 Y96.468 E.01323
G1 X128.649 Y96.55 E.02095
G1 X129.005 Y96.906 E.01323
G1 X129.087 Y97.7 E.02095
G1 X129.443 Y98.056 E.01323
G1 X130.236 Y98.137 E.02095
G1 X130.592 Y98.493 E.01323
G1 X130.674 Y99.287 E.02095
G1 X131.03 Y99.643 E.01323
G1 X131.823 Y99.724 E.02095
G1 X132.18 Y100.08 E.01323
G1 X132.261 Y100.874 E.02095
G1 X132.617 Y101.23 E.01323
G1 X133.411 Y101.311 E.02095
G1 X133.767 Y101.667 E.01323
G1 X133.848 Y102.461 E.02095
G1 X134.204 Y102.817 E.01323
G1 X134.998 Y102.898 E.02095
G1 X135.354 Y103.255 E.01323
G1 X135.435 Y104.048 E.02095
G1 X135.791 Y104.404 E.01323
G1 X136.585 Y104.486 E.02095
G1 X136.941 Y104.842 E.01323
G1 X137.022 Y105.635 E.02095
G1 X137.378 Y105.991 E.01323
G1 X138.172 Y106.073 E.02095
G1 X138.528 Y106.429 E.01323
G1 X138.61 Y107.222 E.02095
G1 X138.966 Y107.579 E.01323
G1 X139.759 Y107.66 E.02095
G1 X140.115 Y108.016 E.01323
G1 X140.197 Y108.81 E.02095
G1 X140.553 Y109.166 E.01323
G1 X141.346 Y109.247 E.02095
G1 X141.401 Y109.302 E.00203
G1 X141.401 Y107.715 E.04169
G1 X141.346 Y107.66 E.00203
G1 X140.553 Y107.579 E.02095
G1 X140.197 Y107.222 E.01323
G1 X140.115 Y106.429 E.02095
G1 X139.759 Y106.073 E.01323
G1 X138.966 Y105.991 E.02095
G1 X138.61 Y105.635 E.01323
G1 X138.528 Y104.842 E.02095
G1 X138.172 Y104.486 E.01323
G1 X137.378 Y104.404 E.02095
G1 X137.022 Y104.048 E.01323
G1 X136.941 Y103.255 E.02095
G1 X136.585 Y102.898 E.01323
G1 X135.791 Y102.817 E.02095
G1 X135.435 Y102.461 E.01323
G1 X135.354 Y101.667 E.02095
G1 X134.998 Y101.311 E.01323
G1 X134.204 Y101.23 E.02095
G1 X133.848 Y100.874 E.01323
G1 X133.767 Y100.08 E.02095
G1 X133.411 Y99.724 E.01323
G1 X132.617 Y99.643 E.02095
G1 X132.261 Y99.287 E.01323
G1 X132.18 Y98.493 E.02095
G1 X131.823 Y98.137 E.01323
G1 X131.03 Y98.056 E.02095
G1 X130.674 Y97.7 E.01323
G1 X130.592 Y96.906 E.02095
G1 X130.236 Y96.55 E.01323
G1 X129.443 Y96.468 E.02095
G1 X129.087 Y96.112 E.01323
G1 X129.034 Y95.599 E.01356
G1 X130.621 Y95.599 E.04169
G1 X130.674 Y96.112 E.01356
G1 X131.03 Y96.468 E.01323
G1 X131.823 Y96.55 E.02095
G1 X132.18 Y96.906 E.01323
G1 X132.261 Y97.7 E.02095
G1 X132.617 Y98.056 E.01323
G1 X133.411 Y98.137 E.02095
G1 X133.767 Y98.493 E.01323
G1 X133.848 Y99.287 E.02095
G1 X134.204 Y99.643 E.01323
G1 X134.998 Y99.724 E.02095
G1 X135.354 Y100.08 E.01323
G1 X135.435 Y100.874 E.02095
G1 X135.791 Y101.23 E.01323
G1 X136.585 Y101.311 E.02095
G1 X136.941 Y101.667 E.01323
G1 X137.022 Y102.461 E.02095
G1 X137.378 Y102.817 E.01323
G1 X138.172 Y102.898 E.02095
G1 X138.528 Y103.255 E.01323
G1 X138.61 Y104.048 E.02095
G1 X138.966 Y104.404 E.01323
G1 X139.759 Y104.486 E.02095
G1 X140.115 Y104.842 E.01323
G1 X140.197 Y105.635 E.02095
G1 X140.553 Y105.991 E.01323
G1 X141.346 Y106.073 E.02095
G1 X141.401 Y106.127 E.00203
G1 X141.401 Y107.507 E.03623
G1 X141.401 Y96.397 F9000
G1 F3600
G1 X141.401 Y95.599 E.02096
G1 X140.144 Y95.599 E.03302
G1 X140.197 Y96.112 E.01356
G1 X140.553 Y96.468 E.01323
G1 X141.346 Y96.55 E.02095
G1 X141.401 Y96.605 E.00203
G1 X141.401 Y98.192 E.04169
G1 X141.346 Y98.137 E.00203
G1 X140.553 Y98.056 E.02095
G1 X140.197 Y97.7 E.01323
G1 X140.115 Y96.906 E.02095
G1 X139.759 Y96.55 E.01323
G1 X138.966 Y96.468 E.02095
G1 X138.61 Y96.112 E.01323
G1 X138.557 Y95.599 E.01356
G1 X136.97 Y95.599 E.04169
G1 X137.022 Y96.112 E.01356
G1 X137.378 Y96.468 E.01323
G1 X138.172 Y96.55 E.02095
G1 X138.528 Y96.906 E.01323
G1 X138.61 Y97.7 E.02095
G1 X138.966 Y98.056 E.01323
G1 X139.759 Y98.137 E.02095
G1 X140.115 Y98.493 E.01323
G1 X140.197 Y99.287 E.02095
G1 X140.553 Y99.643 E.01323
G1 X141.346 Y99.724 E.02095
G1 X141.401 Y99.779 E.00203
G1 X141.401 Y101.366 E.04169
G1 X141.346 Y101.311 E.00203
G1 X140.553 Y101.23 E.02095
G1 X140.197 Y100.874 E.01323
G1 X140.115 Y100.08 E.02095
G1 X139.759 Y99.724 E.01323
G1 X138.966 Y99.643 E.02095
G1 X138.61 Y99.287 E.01323
G1 X138.528 Y98.493 E.02095
G1 X138.172 Y98.137 E.01323
G1 X137.378 Y98.056 E.02095
G1 X137.022 Y97.7 E.01323
G1 X136.941 Y96.906 E.02095
G1 X136.585 Y96.55 E.01323
G1 X135.791 Y96.468 E.02095
G1 X135.435 Y96.112 E.01323
G1 X135.383 Y95.599 E.01356
G1 X133.795 Y95.599 E.04169
G1 X133.848 Y96.112 E.01356
G1 X134.204 Y96.468 E.01323
G1 X134.998 Y96.55 E.02095
G1 X135.354 Y96.906 E.01323
G1 X135.435 Y97.7 E.02095
G1 X135.791 Y98.056 E.01323
G1 X136.585 Y98.137 E.02095
G1 X136.941 Y98.493 E.01323
G1 X137.022 Y99.287 E.02095
G1 X137.378 Y99.643 E.01323
G1 X138.172 Y99.724 E.02095
G1 X138.528 Y100.08 E.01323
G1 X138.61 Y100.874 E.02095
G1 X138.966 Y101.23 E.01323
G1 X139.759 Y101.311 E.02095
G1 X140.115 Y101.667 E.01323
G1 X140.197 Y102.461 E.02095
G1 X140.553 Y102.817 E.01323
G1 X141.346 Y102.898 E.02095
G1 X141.401 Y102.953 E.00203
G1 X141.401 Y104.54 E.04169
G1 X141.346 Y104.486 E.00203
G1 X140.553 Y104.404 E.02095
G1 X140.197 Y104.048 E.01323
G1 X140.115 Y103.255 E.02095
G1 X139.759 Y102.898 E.01323
G1 X138.966 Y102.817 E.02095
G1 X138.61 Y102.461 E.01323
G1 X138.528 Y101.667 E.02095
G1 X138.172 Y101.311 E.01323
G1 X137.378 Y101.23 E.02095
G1 X137.022 Y100.874 E.01323
G1 X136.941 Y100.08 E.02095
G1 X136.585 Y99.724 E.01323
G1 X135.791 Y99.643 E.02095
G1 X135.435 Y99.287 E.01323
G1 X135.354 Y98.493 E.02095
G1 X134.998 Y98.137 E.01323
G1 X134.204 Y98.056 E.02095
G1 X133.848 Y97.7 E.01323
G1 X133.767 Y96.906 E.02095
G1 X133.411 Y96.55 E.01323
G1 X132.617 Y96.468 E.02095
G1 X132.261 Y96.112 E.01323
G1 X132.208 Y95.599 E.01356
G1 X133.588 Y95.599 E.03623
; stop printing object pod_header_usb_coupon.stl id:0 copy 0
;LAYER_CHANGE
;Z:2
;HEIGHT:0.16
G92 E0 ; zero the extruded length again
; BEFORE_LAYER_CHANGE 11 @ 2mm
G1 E-.7 F2100
;WIPE_START
G1 F3600
G1 X132.588 Y95.599 E-.3
;WIPE_END
; AFTER_LAYER_CHANGE 11 @ 2mm
;_SET_FAN_SPEED_CHANGING_LAYER
; printing object pod_header_usb_coupon.stl id:0 copy 0
G1 F9000
G1 X132.533 Y96.1241 Z2.02857
G1 X132.088 Y96.4086 Z2.05714
G1 X131.588 Y96.2383 Z2.08571
G1 X131.41 Y95.7414 Z2.11429
G1 X131.687 Y95.292 Z2.14286
G1 X132.211 Y95.2286 Z2.17143
G1 X132.588 Y95.5989 Z2.2
G1 X143.376 Y125.639 Z2.2
G1 X143.376 Y126.376
G1 X143.79 Y126.79
G1 Z2
G1 E1 F2100
;TYPE:Outer wall
;WIDTH:0.42
G1 F1800
G1 X76.21 Y126.79 E1.64704
G1 X76.21 Y93.21 E.8184
G1 X143.79 Y93.21 E1.64704
G1 X143.79 Y126.73 E.81694
G1 X143.376 Y126.376 F9000
G1 X143.389 Y126.389
M204 P1500
;TYPE:Inner wall
;WIDTH:0.45
G1 F2700
G1 X76.611 Y126.389 E1.75411
G1 X76.611 Y93.611 E.86102
G1 X143.389 Y93.611 E1.75411
G1 X143.389 Y126.329 E.85944
G1 X142.974 Y125.974 F9000
G1 F2700
G1 X77.026 Y125.974 E1.73228
G1 X77.026 Y94.026 E.83918
G1 X142.974 Y94.026 E1.73228
G1 X142.974 Y125.914 E.8376
G1 X142.558 Y125.558 F9000
G1 F2700
G1 X77.442 Y125.558 E1.71044
G1 X77.442 Y94.442 E.81734
G1 X142.558 Y94.442 E1.71044
G1 X142.558 Y125.498 E.81577
G1 X142.142 Y125.142 F9000
G1 F2700
G1 X77.858 Y125.142 E1.6886
G1 X77.858 Y94.858 E.79551
G1 X142.142 Y94.858 E1.6886
G1 X142.142 Y125.082 E.79393
G1 X141.973 Y124.64 F9000
M204 P500
;TYPE:Internal Bridge
;WIDTH:0.379473
;HEIGHT:0.379473
G1 F2250
M106 S127
G1 X140.606 Y124.78 E.06141
G1 X136.393 Y124.78 E.18818
G1 X141.78 Y124.228 E.24189
G1 X141.78 Y123.796 E.01928
G1 X132.18 Y124.78 E.43105
G1 X127.968 Y124.78 E.18818
G1 X141.78 Y123.364 E.62021
G1 X141.78 Y122.933 E.01928
G1 X123.755 Y124.78 E.80938
G1 X119.542 Y124.78 E.18818
G1 X141.78 Y122.501 E.99854
G1 X141.78 Y122.069 E.01928
G1 X115.33 Y124.78 E1.1877
G1 X111.117 Y124.78 E.18818
G1 X141.78 Y121.637 E1.37686
G1 X141.78 Y121.206 E.01928
G1 X106.904 Y124.78 E1.56602
G1 X102.692 Y124.78 E.18818
G1 X141.78 Y120.774 E1.75518
G1 X141.78 Y120.342 E.01928
G1 X98.479 Y124.78 E1.94435
G1 X94.267 Y124.78 E.18818
G1 X141.78 Y119.911 E2.13351
G1 X141.78 Y119.479 E.01928
G1 X90.054 Y124.78 E2.32267
G1 X85.841 Y124.78 E.18818
G1 X141.78 Y119.047 E2.51183
G1 X141.78 Y118.615 E.01928
G1 X81.629 Y124.78 E2.70099
G1 X78.22 Y124.78 E.15226
G1 X78.22 Y124.697 E.00368
G1 X141.78 Y118.184 E2.85405
G1 X141.78 Y117.752 E.01928
G1 X78.22 Y124.266 E2.85405
G1 X78.22 Y123.834 E.01928
G1 X141.78 Y117.32 E2.85405
G1 X141.78 Y116.889 E.01928
G1 X78.22 Y123.402 E2.85405
G1 X78.22 Y122.971 E.01928
G1 X141.78 Y116.457 E2.85405
G1 X141.78 Y116.025 E.01928
G1 X78.22 Y122.539 E2.85405
G1 X78.22 Y122.107 E.01928
G1 X141.78 Y115.593 E2.85405
G1 X141.78 Y115.162 E.01928
G1 X78.22 Y121.675 E2.85405
G1 X78.22 Y121.244 E.01928
G1 X141.78 Y114.73 E2.85405
G1 X141.78 Y114.298 E.01928
G1 X78.22 Y120.812 E2.85405
G1 X78.22 Y120.38 E.01928
G1 X141.78 Y113.866 E2.85405
G1 X141.78 Y113.435 E.01928
G1 X78.22 Y119.949 E2.85405
G1 X78.22 Y119.517 E.01928
G1 X141.78 Y113.003 E2.85405
G1 X141.78 Y112.571 E.01928
G1 X78.22 Y119.085 E2.85405
G1 X78.22 Y118.653 E.01928
G1 X141.78 Y112.14 E2.85405
G1 X141.78 Y111.708 E.01928
G1 X78.22 Y118.222 E2.85405
G1 X78.22 Y117.79 E.01928
G1 X141.78 Y111.276 E2.85405
G1 X141.78 Y110.844 E.01928
G1 X78.22 Y117.358 E2.85405
G1 X78.22 Y116.926 E.01928
G1 X141.78 Y110.413 E2.85405
G1 X141.78 Y109.981 E.01928
G1 X78.22 Y116.495 E2.85405
G1 X78.22 Y116.063 E.01928
G1 X141.78 Y109.549 E2.85405
G1 X141.78 Y109.118 E.01928
G1 X78.22 Y115.631 E2.85405
G1 X78.22 Y115.2 E.01928
G1 X141.78 Y108.686 E2.85405
G1 X141.78 Y108.254 E.01928
G1 X78.22 Y114.768 E2.85405
G1 X78.22 Y114.336 E.01928
G1 X141.78 Y107.822 E2.85405
G1 X141.78 Y107.391 E.01928
G1 X78.22 Y113.904 E2.85405
G1 X78.22 Y113.473 E.01928
G1 X141.78 Y106.959 E2.85405
G1 X141.78 Y106.527 E.01928
G1 X78.22 Y113.041 E2.85405
G1 X78.22 Y112.609 E.01928
G1 X141.78 Y106.095 E2.85405
G1 X141.78 Y105.664 E.01928
G1 X78.22 Y112.178 E2.85405
G1 X78.22 Y111.746 E.01928
G1 X141.78 Y105.232 E2.85405
G1 X141.78 Y104.8 E.01928
G1 X78.22 Y111.314 E2.85405
G1 X78.22 Y110.882 E.01928
G1 X141.78 Y104.369 E2.85405
G1 X141.78 Y103.937 E.01928
G1 X78.22 Y110.451 E2.85405
G1 X78.22 Y110.019 E.01928
G1 X141.78 Y103.505 E2.85405
G1 X141.78 Y103.073 E.01928
G1 X78.22 Y109.587 E2.85405
G1 X78.22 Y109.155 E.01928
G1 X141.78 Y102.642 E2.85405
G1 X141.78 Y102.21 E.01928
G1 X78.22 Y108.724 E2.85405
G1 X78.22 Y108.292 E.01928
G1 X141.78 Y101.778 E2.85405
G1 X141.78 Y101.347 E.01928
G1 X78.22 Y107.86 E2.85405
G1 X78.22 Y107.429 E.01928
G1 X141.78 Y100.915 E2.85405
G1 X141.78 Y100.483 E.01928
G1 X78.22 Y106.997 E2.85405
G1 X78.22 Y106.565 E.01928
G1 X141.78 Y100.051 E2.85405
G1 X141.78 Y99.62 E.01928
G1 X78.22 Y106.133 E2.85405
G1 X78.22 Y105.702 E.01928
G1 X141.78 Y99.188 E2.85405
G1 X141.78 Y98.756 E.01928
G1 X78.22 Y105.27 E2.85405
G1 X78.22 Y104.838 E.01928
G1 X141.78 Y98.324 E2.85405
G1 X141.78 Y97.893 E.01928
G1 X78.22 Y104.407 E2.85405
G1 X78.22 Y103.975 E.01928
G1 X141.78 Y97.461 E2.85405
G1 X141.78 Y97.029 E.01928
G1 X78.22 Y103.543 E2.85405
G1 X78.22 Y103.111 E.01928
G1 X141.78 Y96.598 E2.85405
G1 X141.78 Y96.166 E.01928
G1 X78.22 Y102.68 E2.85405
G1 X78.22 Y102.248 E.01928
G1 X141.78 Y95.734 E2.85405
G1 X141.78 Y95.302 E.01928
G1 X78.22 Y101.816 E2.85405
G1 X78.22 Y101.384 E.01928
G1 X138.37 Y95.22 E2.70094
G1 X134.158 Y95.22 E.18818
G1 X78.22 Y100.953 E2.51178
G1 X78.22 Y100.521 E.01928
G1 X129.945 Y95.22 E2.32262
G1 X125.732 Y95.22 E.18818
G1 X78.22 Y100.089 E2.13346
G1 X78.22 Y99.658 E.01928
G1 X121.52 Y95.22 E1.9443
G1 X117.307 Y95.22 E.18818
G1 X78.22 Y99.226 E1.75513
G1 X78.22 Y98.794 E.01928
G1 X113.094 Y95.22 E1.56597
G1 X108.882 Y95.22 E.18818
G1 X78.22 Y98.362 E1.37681
G1 X78.22 Y97.931 E.01928
G1 X104.669 Y95.22 E1.18765
G1 X100.456 Y95.22 E.18818
G1 X78.22 Y97.499 E.99849
G1 X78.22 Y97.067 E.01928
G1 X96.244 Y95.22 E.80933
G1 X92.031 Y95.22 E.18818
G1 X78.22 Y96.636 E.62016
G1 X78.22 Y96.204 E.01928
G1 X87.819 Y95.22 E.431
G1 X83.606 Y95.22 E.18818
G1 X78.22 Y95.772 E.24184
G1 X78.22 Y95.34 E.01928
G1 X81.279 Y95.027 E.13736
; stop printing object pod_header_usb_coupon.stl id:0 copy 0
;LAYER_CHANGE
;Z:2.16
;HEIGHT:0.16
G92 E0 ; zero the extruded length again
; BEFORE_LAYER_CHANGE 12 @ 2.16mm
G1 E-.7 F2100
;WIPE_START
G1 F2250
G1 X80.284 Y95.129 E-.3
;WIPE_END
; AFTER_LAYER_CHANGE 12 @ 2.16mm
;_SET_FAN_SPEED_CHANGING_LAYER
; printing object pod_header_usb_coupon.stl id:0 copy 0
G1 F9000
G1 X80.6089 Y95.5452 Z2.18857
G1 X80.4858 Y96.0587 Z2.21714
G1 X80.0075 Y96.2825 Z2.24571
G1 X79.5344 Y96.0482 Z2.27429
G1 X79.4226 Y95.5321 Z2.30286
G1 X79.7563 Y95.123 Z2.33143
G1 X80.2843 Y95.1288 Z2.36
G1 X143.376 Y126.376 Z2.36
G1 X143.79 Y126.79
G1 Z2.16
G1 E1 F2100
M204 P1000
;TYPE:Outer wall
;WIDTH:0.42
G1 F1800
M106 S102
G1 X76.21 Y126.79 E1.64704
G1 X76.21 Y93.21 E.8184
G1 X143.79 Y93.21 E1.64704
G1 X143.79 Y126.73 E.81694
G1 X143.376 Y126.376 F9000
G1 X143.389 Y126.389
M204 P1500
;TYPE:Inner wall
;WIDTH:0.45
G1 F2700
G1 X76.611 Y126.389 E1.75411
G1 X76.611 Y93.611 E.86102
G1 X143.389 Y93.611 E1.75411
G1 X143.389 Y126.329 E.85944
G1 X142.974 Y125.974 F9000
G1 F2700
G1 X77.026 Y125.974 E1.73228
G1 X77.026 Y94.026 E.83918
G1 X142.974 Y94.026 E1.73228
G1 X142.974 Y125.914 E.8376
G1 X142.558 Y125.558 F9000
G1 F2700
G1 X77.442 Y125.558 E1.71044
G1 X77.442 Y94.442 E.81734
G1 X142.558 Y94.442 E1.71044
G1 X142.558 Y125.498 E.81577
G1 X142.142 Y125.142 F9000
G1 F2700
G1 X77.858 Y125.142 E1.6886
G1 X77.858 Y94.858 E.79551
G1 X142.142 Y94.858 E1.6886
G1 X142.142 Y125.082 E.79393
G1 X141.975 Y95.2 F9000
M204 P1000
;TYPE:Internal solid infill
;WIDTH:0.423806
G1 F3600
G1 X78.198 Y95.2 E1.5697
G1 X78.198 Y95.59 E.00959
G1 X141.802 Y95.59 E1.56543
G1 X141.802 Y95.979 E.00959
G1 X78.198 Y95.979 E1.56543
G1 X78.198 Y96.369 E.00959
G1 X141.802 Y96.369 E1.56543
G1 X141.802 Y96.758 E.00959
G1 X78.198 Y96.758 E1.56543
G1 X78.198 Y97.148 E.00959
G1 X141.802 Y97.148 E1.56543
G1 X141.802 Y97.537 E.00959
G1 X78.198 Y97.537 E1.56543
G1 X78.198 Y97.926 E.00959
G1 X141.802 Y97.926 E1.56543
G1 X141.802 Y98.316 E.00959
G1 X78.198 Y98.316 E1.56543
G1 X78.198 Y98.705 E.00959
G1 X141.802 Y98.705 E1.56543
G1 X141.802 Y99.095 E.00959
G1 X78.198 Y99.095 E1.56543
G1 X78.198 Y99.484 E.00959
G1 X141.802 Y99.484 E1.56543
G1 X141.802 Y99.874 E.00959
G1 X78.198 Y99.874 E1.56543
G1 X78.198 Y100.263 E.00959
G1 X141.802 Y100.263 E1.56543
G1 X141.802 Y100.653 E.00959
G1 X78.198 Y100.653 E1.56543
G1 X78.198 Y101.042 E.00959
G1 X141.802 Y101.042 E1.56543
G1 X141.802 Y101.432 E.00959
G1 X78.198 Y101.432 E1.56543
G1 X78.198 Y101.821 E.00959
G1 X141.802 Y101.821 E1.56543
G1 X141.802 Y102.211 E.00959
G1 X78.198 Y102.211 E1.56543
G1 X78.198 Y102.6 E.00959
G1 X141.802 Y102.6 E1.56543
G1 X141.802 Y102.99 E.00959
G1 X78.198 Y102.99 E1.56543
G1 X78.198 Y103.379 E.00959
G1 X141.802 Y103.379 E1.56543
G1 X141.802 Y103.769 E.00959
G1 X78.198 Y103.769 E1.56543
G1 X78.198 Y104.158 E.00959
G1 X141.802 Y104.158 E1.56543
G1 X141.802 Y104.547 E.00959
G1 X78.198 Y104.547 E1.56543
G1 X78.198 Y104.937 E.00959
G1 X141.802 Y104.937 E1.56543
G1 X141.802 Y105.326 E.00959
G1 X78.198 Y105.326 E1.56543
G1 X78.198 Y105.716 E.00959
G1 X141.802 Y105.716 E1.56543
G1 X141.802 Y106.105 E.00959
G1 X78.198 Y106.105 E1.56543
G1 X78.198 Y106.495 E.00959
G1 X141.802 Y106.495 E1.56543
G1 X141.802 Y106.884 E.00959
G1 X78.198 Y106.884 E1.56543
G1 X78.198 Y107.274 E.00959
G1 X141.802 Y107.274 E1.56543
G1 X141.802 Y107.663 E.00959
G1 X78.198 Y107.663 E1.56543
G1 X78.198 Y108.053 E.00959
G1 X141.802 Y108.053 E1.56543
G1 X141.802 Y108.442 E.00959
G1 X78.198 Y108.442 E1.56543
G1 X78.198 Y108.832 E.00959
G1 X141.802 Y108.832 E1.56543
G1 X141.802 Y109.221 E.00959
G1 X78.198 Y109.221 E1.56543
G1 X78.198 Y109.611 E.00959
G1 X141.802 Y109.611 E1.56543
G1 X141.802 Y110 E.00959
G1 X78.198 Y110 E1.56543
G1 X78.198 Y110.39 E.00959
G1 X141.802 Y110.39 E1.56543
G1 X141.802 Y110.779 E.00959
G1 X78.198 Y110.779 E1.56543
G1 X78.198 Y111.168 E.00959
G1 X141.802 Y111.168 E1.56543
G1 X141.802 Y111.558 E.00959
G1 X78.198 Y111.558 E1.56543
G1 X78.198 Y111.947 E.00959
G1 X141.802 Y111.947 E1.56543
G1 X141.802 Y112.337 E.00959
G1 X78.198 Y112.337 E1.56543
G1 X78.198 Y112.726 E.00959
G1 X141.802 Y112.726 E1.56543
G1 X141.802 Y113.116 E.00959
G1 X78.198 Y113.116 E1.56543
G1 X78.198 Y113.505 E.00959
G1 X141.802 Y113.505 E1.56543
G1 X141.802 Y113.895 E.00959
G1 X78.198 Y113.895 E1.56543
G1 X78.198 Y114.284 E.00959
G1 X141.802 Y114.284 E1.56543
G1 X141.802 Y114.674 E.00959
G1 X78.198 Y114.674 E1.56543
G1 X78.198 Y115.063 E.00959
G1 X141.802 Y115.063 E1.56543
G1 X141.802 Y115.453 E.00959
G1 X78.198 Y115.453 E1.56543
G1 X78.198 Y115.842 E.00959
G1 X141.802 Y115.842 E1.56543
G1 X141.802 Y116.232 E.00959
G1 X78.198 Y116.232 E1.56543
G1 X78.198 Y116.621 E.00959
G1 X141.802 Y116.621 E1.56543
G1 X141.802 Y117.01 E.00959
G1 X78.198 Y117.01 E1.56543
G1 X78.198 Y117.4 E.00959
G1 X141.802 Y117.4 E1.56543
G1 X141.802 Y117.789 E.00959
G1 X78.198 Y117.789 E1.56543
G1 X78.198 Y118.179 E.00959
G1 X141.802 Y118.179 E1.56543
G1 X141.802 Y118.568 E.00959
G1 X78.198 Y118.568 E1.56543
G1 X78.198 Y118.958 E.00959
G1 X141.802 Y118.958 E1.56543
G1 X141.802 Y119.347 E.00959
G1 X78.198 Y119.347 E1.56543
G1 X78.198 Y119.737 E.00959
G1 X141.802 Y119.737 E1.56543
G1 X141.802 Y120.126 E.00959
G1 X78.198 Y120.126 E1.56543
G1 X78.198 Y120.516 E.00959
G1 X141.802 Y120.516 E1.56543
G1 X141.802 Y120.905 E.00959
G1 X78.198 Y120.905 E1.56543
G1 X78.198 Y121.295 E.00959
G1 X141.802 Y121.295 E1.56543
G1 X141.802 Y121.684 E.00959
G1 X78.198 Y121.684 E1.56543
G1 X78.198 Y122.074 E.00959
G1 X141.802 Y122.074 E1.56543
G1 X141.802 Y122.463 E.00959
G1 X78.198 Y122.463 E1.56543
G1 X78.198 Y122.853 E.00959
G1 X141.802 Y122.853 E1.56543
G1 X141.802 Y123.242 E.00959
G1 X78.198 Y123.242 E1.56543
G1 X78.198 Y123.631 E.00959
G1 X141.802 Y123.631 E1.56543
G1 X141.802 Y124.021 E.00959
G1 X78.198 Y124.021 E1.56543
G1 X78.198 Y124.41 E.00959
G1 X141.802 Y124.41 E1.56543
G1 X141.802 Y124.8 E.00959
G1 X78.025 Y124.8 E1.5697
; stop printing object pod_header_usb_coupon.stl id:0 copy 0
;LAYER_CHANGE
;Z:2.32
;HEIGHT:0.16
G92 E0 ; zero the extruded length again
; BEFORE_LAYER_CHANGE 13 @ 2.32mm
G1 E-.7 F2100
;WIPE_START
G1 F3600
G1 X79.025 Y124.8 E-.3
;WIPE_END
; AFTER_LAYER_CHANGE 13 @ 2.32mm
;_SET_FAN_SPEED_CHANGING_LAYER
; printing object pod_header_usb_coupon.stl id:0 copy 0
G1 F9000
G1 X79.4946 Y125.041 Z2.34857
G1 X79.5995 Y125.558 Z2.37714
G1 X79.2603 Y125.963 Z2.40571
G1 X78.7324 Y125.95 Z2.43429
G1 X78.4134 Y125.529 Z2.46286
G1 X78.5435 Y125.017 Z2.49143
G1 X79.0247 Y124.8 Z2.52
G1 X143.376 Y126.376 Z2.52
G1 X143.79 Y126.79
G1 Z2.32
G1 E1 F2100
;TYPE:Outer wall
;WIDTH:0.42
G1 F1800
G1 X76.21 Y126.79 E1.64704
G1 X76.21 Y93.21 E.8184
G1 X143.79 Y93.21 E1.64704
G1 X143.79 Y126.73 E.81694
G1 X143.376 Y126.376 F9000
G1 X143.389 Y126.389
M204 P1500
;TYPE:Inner wall
;WIDTH:0.45
G1 F2700
G1 X76.611 Y126.389 E1.75411
G1 X76.611 Y93.611 E.86102
G1 X143.389 Y93.611 E1.75411
G1 X143.389 Y126.329 E.85944
G1 X142.974 Y125.974 F9000
G1 F2700
G1 X77.026 Y125.974 E1.73228
G1 X77.026 Y94.026 E.83918
G1 X142.974 Y94.026 E1.73228
G1 X142.974 Y125.914 E.8376
G1 X142.558 Y125.558 F9000
G1 F2700
G1 X77.442 Y125.558 E1.71044
G1 X77.442 Y94.442 E.81734
G1 X142.558 Y94.442 E1.71044
G1 X142.558 Y125.498 E.81577
G1 X142.142 Y125.142 F9000
G1 F2700
G1 X77.858 Y125.142 E1.6886
G1 X77.858 Y94.858 E.79551
G1 X142.142 Y94.858 E1.6886
G1 X142.142 Y125.082 E.79393
G1 X141.801 Y124.975 F9000
M204 P1000
;TYPE:Internal solid infill
;WIDTH:0.422149
G1 F3600
G1 X141.801 Y95.198 E.72976
G1 X141.413 Y95.198 E.0095
G1 X141.413 Y124.802 E.72551
G1 X141.025 Y124.802 E.0095
G1 X141.025 Y95.198 E.72551
G1 X140.637 Y95.198 E.0095
G1 X140.637 Y124.802 E.72551
G1 X140.249 Y124.802 E.0095
G1 X140.249 Y95.198 E.72551
G1 X139.862 Y95.198 E.0095
G1 X139.862 Y124.802 E.72551
G1 X139.474 Y124.802 E.0095
G1 X139.474 Y95.198 E.72551
G1 X139.086 Y95.198 E.0095
G1 X139.086 Y124.802 E.72551
G1 X138.698 Y124.802 E.0095
G1 X138.698 Y95.198 E.72551
G1 X138.31 Y95.198 E.0095
G1 X138.31 Y124.802 E.72551
G1 X137.923 Y124.802 E.0095
G1 X137.923 Y95.198 E.72551
G1 X137.535 Y95.198 E.0095
G1 X137.535 Y124.802 E.72551
G1 X137.147 Y124.802 E.0095
G1 X137.147 Y95.198 E.72551
G1 X136.759 Y95.198 E.0095
G1 X136.759 Y124.802 E.72551
G1 X136.371 Y124.802 E.0095
G1 X136.371 Y95.198 E.72551
G1 X135.983 Y95.198 E.0095
G1 X135.983 Y124.802 E.72551
G1 X135.596 Y124.802 E.0095
G1 X135.596 Y95.198 E.72551
G1 X135.208 Y95.198 E.0095
G1 X135.208 Y124.802 E.72551
G1 X134.82 Y124.802 E.0095
G1 X134.82 Y95.198 E.72551
G1 X134.432 Y95.198 E.0095
G1 X134.432 Y124.802 E.72551
G1 X134.044 Y124.802 E.0095
G1 X134.044 Y95.198 E.72551
G1 X133.657 Y95.198 E.0095
G1 X133.657 Y124.802 E.72551
G1 X133.269 Y124.802 E.0095
G1 X133.269 Y95.198 E.72551
G1 X132.881 Y95.198 E.0095
G1 X132.881 Y124.802 E.72551
G1 X132.493 Y124.802 E.0095
G1 X132.493 Y95.198 E.72551
G1 X132.105 Y95.198 E.0095
G1 X132.105 Y124.802 E.72551
G1 X131.718 Y124.802 E.0095
G1 X131.718 Y95.198 E.72551
G1 X131.33 Y95.198 E.0095
G1 X131.33 Y124.802 E.72551
G1 X130.942 Y124.802 E.0095
G1 X130.942 Y95.198 E.72551
G1 X130.554 Y95.198 E.0095
G1 X130.554 Y124.802 E.72551
G1 X130.166 Y124.802 E.0095
G1 X130.166 Y95.198 E.72551
G1 X129.778 Y95.198 E.0095
G1 X129.778 Y124.802 E.72551
G1 X129.391 Y124.802 E.0095
G1 X129.391 Y95.198 E.72551
G1 X129.003 Y95.198 E.0095
G1 X129.003 Y124.802 E.72551
G1 X128.615 Y124.802 E.0095
G1 X128.615 Y95.198 E.72551
G1 X128.227 Y95.198 E.0095
G1 X128.227 Y124.802 E.72551
G1 X127.839 Y124.802 E.0095
G1 X127.839 Y95.198 E.72551
G1 X127.452 Y95.198 E.0095
G1 X127.452 Y124.802 E.72551
G1 X127.064 Y124.802 E.0095
G1 X127.064 Y95.198 E.72551
G1 X126.676 Y95.198 E.0095
G1 X126.676 Y124.802 E.72551
G1 X126.288 Y124.802 E.0095
G1 X126.288 Y95.198 E.72551
G1 X125.9 Y95.198 E.0095
G1 X125.9 Y124.802 E.72551
G1 X125.513 Y124.802 E.0095
G1 X125.513 Y95.198 E.72551
G1 X125.125 Y95.198 E.0095
G1 X125.125 Y124.802 E.72551
G1 X124.737 Y124.802 E.0095
G1 X124.737 Y95.198 E.72551
G1 X124.349 Y95.198 E.0095
G1 X124.349 Y124.802 E.72551
G1 X123.961 Y124.802 E.0095
G1 X123.961 Y95.198 E.72551
G1 X123.573 Y95.198 E.0095
G1 X123.573 Y124.802 E.72551
G1 X123.186 Y124.802 E.0095
G1 X123.186 Y95.198 E.72551
G1 X122.798 Y95.198 E.0095
G1 X122.798 Y124.802 E.72551
G1 X122.41 Y124.802 E.0095
G1 X122.41 Y95.198 E.72551
G1 X122.022 Y95.198 E.0095
G1 X122.022 Y124.802 E.72551
G1 X121.634 Y124.802 E.0095
G1 X121.634 Y95.198 E.72551
G1 X121.247 Y95.198 E.0095
G1 X121.247 Y124.802 E.72551
G1 X120.859 Y124.802 E.0095
G1 X120.859 Y95.198 E.72551
G1 X120.471 Y95.198 E.0095
G1 X120.471 Y124.802 E.72551
G1 X120.083 Y124.802 E.0095
G1 X120.083 Y95.198 E.72551
G1 X119.695 Y95.198 E.0095
G1 X119.695 Y124.802 E.72551
G1 X119.308 Y124.802 E.0095
G1 X119.308 Y95.198 E.72551
G1 X118.92 Y95.198 E.0095
G1 X118.92 Y124.802 E.72551
G1 X118.532 Y124.802 E.0095
G1 X118.532 Y95.198 E.72551
G1 X118.144 Y95.198 E.0095
G1 X118.144 Y124.802 E.72551
G1 X117.756 Y124.802 E.0095
G1 X117.756 Y95.198 E.72551
G1 X117.368 Y95.198 E.0095
G1 X117.368 Y124.802 E.72551
G1 X116.981 Y124.802 E.0095
G1 X116.981 Y95.198 E.72551
G1 X116.593 Y95.198 E.0095
G1 X116.593 Y124.802 E.72551
G1 X116.205 Y124.802 E.0095
G1 X116.205 Y95.198 E.72551
G1 X115.817 Y95.198 E.0095
G1 X115.817 Y124.802 E.72551
G1 X115.429 Y124.802 E.0095
G1 X115.429 Y95.198 E.72551
G1 X115.042 Y95.198 E.0095
G1 X115.042 Y124.802 E.72551
G1 X114.654 Y124.802 E.0095
G1 X114.654 Y95.198 E.72551
G1 X114.266 Y95.198 E.0095
G1 X114.266 Y124.802 E.72551
G1 X113.878 Y124.802 E.0095
G1 X113.878 Y95.198 E.72551
G1 X113.49 Y95.198 E.0095
G1 X113.49 Y124.802 E.72551
G1 X113.103 Y124.802 E.0095
G1 X113.103 Y95.198 E.72551
G1 X112.715 Y95.198 E.0095
G1 X112.715 Y124.802 E.72551
G1 X112.327 Y124.802 E.0095
G1 X112.327 Y95.198 E.72551
G1 X111.939 Y95.198 E.0095
G1 X111.939 Y124.802 E.72551
G1 X111.551 Y124.802 E.0095
G1 X111.551 Y95.198 E.72551
G1 X111.163 Y95.198 E.0095
G1 X111.163 Y124.802 E.72551
G1 X110.776 Y124.802 E.0095
G1 X110.776 Y95.198 E.72551
G1 X110.388 Y95.198 E.0095
G1 X110.388 Y124.802 E.72551
G1 X110 Y124.802 E.0095
G1 X110 Y95.198 E.72551
G1 X109.612 Y95.198 E.0095
G1 X109.612 Y124.802 E.72551
G1 X109.224 Y124.802 E.0095
G1 X109.224 Y95.198 E.72551
G1 X108.837 Y95.198 E.0095
G1 X108.837 Y124.802 E.72551
G1 X108.449 Y124.802 E.0095
G1 X108.449 Y95.198 E.72551
G1 X108.061 Y95.198 E.0095
G1 X108.061 Y124.802 E.72551
G1 X107.673 Y124.802 E.0095
G1 X107.673 Y95.198 E.72551
G1 X107.285 Y95.198 E.0095
G1 X107.285 Y124.802 E.72551
G1 X106.897 Y124.802 E.0095
G1 X106.897 Y95.198 E.72551
G1 X106.51 Y95.198 E.0095
G1 X106.51 Y124.802 E.72551
G1 X106.122 Y124.802 E.0095
G1 X106.122 Y95.198 E.72551
G1 X105.734 Y95.198 E.0095
G1 X105.734 Y124.802 E.72551
G1 X105.346 Y124.802 E.0095
G1 X105.346 Y95.198 E.72551
G1 X104.958 Y95.198 E.0095
G1 X104.958 Y124.802 E.72551
G1 X104.571 Y124.802 E.0095
G1 X104.571 Y95.198 E.72551
G1 X104.183 Y95.198 E.0095
G1 X104.183 Y124.802 E.72551
G1 X103.795 Y124.802 E.0095
G1 X103.795 Y95.198 E.72551
G1 X103.407 Y95.198 E.0095
G1 X103.407 Y124.802 E.72551
G1 X103.019 Y124.802 E.0095
G1 X103.019 Y95.198 E.72551
G1 X102.632 Y95.198 E.0095
G1 X102.632 Y124.802 E.72551
G1 X102.244 Y124.802 E.0095
G1 X102.244 Y95.198 E.72551
G1 X101.856 Y95.198 E.0095
G1 X101.856 Y124.802 E.72551
G1 X101.468 Y124.802 E.0095
G1 X101.468 Y95.198 E.72551
G1 X101.08 Y95.198 E.0095
G1 X101.08 Y124.802 E.72551
G1 X100.692 Y124.802 E.0095
G1 X100.692 Y95.198 E.72551
G1 X100.305 Y95.198 E.0095
G1 X100.305 Y124.802 E.72551
G1 X99.917 Y124.802 E.0095
G1 X99.917 Y95.198 E.72551
G1 X99.529 Y95.198 E.0095
G1 X99.529 Y124.802 E.72551
G1 X99.141 Y124.802 E.0095
G1 X99.141 Y95.198 E.72551
G1 X98.753 Y95.198 E.0095
G1 X98.753 Y124.802 E.72551
G1 X98.366 Y124.802 E.0095
G1 X98.366 Y95.198 E.72551
G1 X97.978 Y95.198 E.0095
G1 X97.978 Y124.802 E.72551
G1 X97.59 Y124.802 E.0095
G1 X97.59 Y95.198 E.72551
G1 X97.202 Y95.198 E.0095
G1 X97.202 Y124.802 E.72551
G1 X96.814 Y124.802 E.0095
G1 X96.814 Y95.198 E.72551
G1 X96.427 Y95.198 E.0095
G1 X96.427 Y124.802 E.72551
G1 X96.039 Y124.802 E.0095
G1 X96.039 Y95.198 E.72551
G1 X95.651 Y95.198 E.0095
G1 X95.651 Y124.802 E.72551
G1 X95.263 Y124.802 E.0095
G1 X95.263 Y95.198 E.72551
G1 X94.875 Y95.198 E.0095
G1 X94.875 Y124.802 E.72551
G1 X94.487 Y124.802 E.0095
G1 X94.487 Y95.198 E.72551
G1 X94.1 Y95.198 E.0095
G1 X94.1 Y124.802 E.72551
G1 X93.712 Y124.802 E.0095
G1 X93.712 Y95.198 E.72551
G1 X93.324 Y95.198 E.0095
G1 X93.324 Y124.802 E.72551
G1 X92.936 Y124.802 E.0095
G1 X92.936 Y95.198 E.72551
G1 X92.548 Y95.198 E.0095
G1 X92.548 Y124.802 E.72551
G1 X92.161 Y124.802 E.0095
G1 X92.161 Y95.198 E.72551
G1 X91.773 Y95.198 E.0095
G1 X91.773 Y124.802 E.72551
G1 X91.385 Y124.802 E.0095
G1 X91.385 Y95.198 E.72551
G1 X90.997 Y95.198 E.0095
G1 X90.997 Y124.802 E.72551
G1 X90.609 Y124.802 E.0095
G1 X90.609 Y95.198 E.72551
G1 X90.222 Y95.198 E.0095
G1 X90.222 Y124.802 E.72551
G1 X89.834 Y124.802 E.0095
G1 X89.834 Y95.198 E.72551
G1 X89.446 Y95.198 E.0095
G1 X89.446 Y124.802 E.72551
G1 X89.058 Y124.802 E.0095
G1 X89.058 Y95.198 E.72551
G1 X88.67 Y95.198 E.0095
G1 X88.67 Y124.802 E.72551
G1 X88.282 Y124.802 E.0095
G1 X88.282 Y95.198 E.72551
G1 X87.895 Y95.198 E.0095
G1 X87.895 Y124.802 E.72551
G1 X87.507 Y124.802 E.0095
G1 X87.507 Y95.198 E.72551
G1 X87.119 Y95.198 E.0095
G1 X87.119 Y124.802 E.72551
G1 X86.731 Y124.802 E.0095
G1 X86.731 Y95.198 E.72551
G1 X86.343 Y95.198 E.0095
G1 X86.343 Y124.802 E.72551
G1 X85.956 Y124.802 E.0095
G1 X85.956 Y95.198 E.72551
G1 X85.568 Y95.198 E.0095
G1 X85.568 Y124.802 E.72551
G1 X85.18 Y124.802 E.0095
G1 X85.18 Y95.198 E.72551
G1 X84.792 Y95.198 E.0095
G1 X84.792 Y124.802 E.72551
G1 X84.404 Y124.802 E.0095
G1 X84.404 Y95.198 E.72551
G1 X84.017 Y95.198 E.0095
G1 X84.017 Y124.802 E.72551
G1 X83.629 Y124.802 E.0095
G1 X83.629 Y95.198 E.72551
G1 X83.241 Y95.198 E.0095
G1 X83.241 Y124.802 E.72551
G1 X82.853 Y124.802 E.0095
G1 X82.853 Y95.198 E.72551
G1 X82.465 Y95.198 E.0095
G1 X82.465 Y124.802 E.72551
G1 X82.077 Y124.802 E.0095
G1 X82.077 Y95.198 E.72551
G1 X81.69 Y95.198 E.0095
G1 X81.69 Y124.802 E.72551
G1 X81.302 Y124.802 E.0095
G1 X81.302 Y95.198 E.72551
G1 X80.914 Y95.198 E.0095
G1 X80.914 Y124.802 E.72551
G1 X80.526 Y124.802 E.0095
G1 X80.526 Y95.198 E.72551
G1 X80.138 Y95.198 E.0095
G1 X80.138 Y124.802 E.72551
G1 X79.751 Y124.802 E.0095
G1 X79.751 Y95.198 E.72551
G1 X79.363 Y95.198 E.0095
G1 X79.363 Y124.802 E.72551
G1 X78.975 Y124.802 E.0095
G1 X78.975 Y95.198 E.72551
G1 X78.587 Y95.198 E.0095
G1 X78.587 Y124.802 E.72551
G1 X78.199 Y124.802 E.0095
G1 X78.199 Y95.025 E.72976
; stop printing object pod_header_usb_coupon.stl id:0 copy 0
;LAYER_CHANGE
;Z:2.48
;HEIGHT:0.16
G92 E0 ; zero the extruded length again
; BEFORE_LAYER_CHANGE 14 @ 2.48mm
G1 E-.7 F2100
;WIPE_START
G1 F3600
G1 X78.199 Y96.025 E-.3
;WIPE_END
; AFTER_LAYER_CHANGE 14 @ 2.48mm
;_SET_FAN_SPEED_CHANGING_LAYER
; printing object pod_header_usb_coupon.stl id:0 copy 0
G1 F9000
G1 X78.5339 Y96.4332 Z2.50857
G1 X78.4231 Y96.9495 Z2.53714
G1 X77.9504 Y97.1847 Z2.56571
G1 X77.4717 Y96.9618 Z2.59429
G1 X77.3475 Y96.4486 Z2.62286
G1 X77.6714 Y96.0315 Z2.65143
G1 X78.1993 Y96.0247 Z2.68
G1 X143.376 Y126.376 Z2.68
G1 X143.79 Y126.79
G1 Z2.48
G1 E1 F2100
;TYPE:Outer wall
;WIDTH:0.42
G1 F1800
G1 X76.21 Y126.79 E1.64704
G1 X76.21 Y93.21 E.8184
G1 X143.79 Y93.21 E1.64704
G1 X143.79 Y126.73 E.81694
G1 X143.376 Y126.376 F9000
G1 X143.389 Y126.389
M204 P1500
;TYPE:Inner wall
;WIDTH:0.45
G1 F2700
G1 X76.611 Y126.389 E1.75411
G1 X76.611 Y93.611 E.86102
G1 X143.389 Y93.611 E1.75411
G1 X143.389 Y126.329 E.85944
G1 X142.974 Y125.974 F9000
G1 F2700
G1 X77.026 Y125.974 E1.73228
G1 X77.026 Y94.026 E.83918
G1 X142.974 Y94.026 E1.73228
G1 X142.974 Y125.914 E.8376
G1 X142.558 Y125.558 F9000
G1 F2700
G1 X77.442 Y125.558 E1.71044
G1 X77.442 Y94.442 E.81734
G1 X142.558 Y94.442 E1.71044
G1 X142.558 Y125.498 E.81577
G1 X142.142 Y125.142 F9000
G1 F2700
G1 X77.858 Y125.142 E1.6886
G1 X77.858 Y94.858 E.79551
G1 X142.142 Y94.858 E1.6886
G1 X142.142 Y125.082 E.79393
G1 X141.975 Y95.2 F9000
M204 P1000
;TYPE:Internal solid infill
;WIDTH:0.423806
G1 F3600
G1 X78.198 Y95.2 E1.5697
G1 X78.198 Y95.59 E.00959
G1 X141.802 Y95.59 E1.56543
G1 X141.802 Y95.979 E.00959
G1 X78.198 Y95.979 E1.56543
G1 X78.198 Y96.369 E.00959
G1 X141.802 Y96.369 E1.56543
G1 X141.802 Y96.758 E.00959
G1 X78.198 Y96.758 E1.56543
G1 X78.198 Y97.148 E.00959
G1 X141.802 Y97.148 E1.56543
G1 X141.802 Y97.537 E.00959
G1 X78.198 Y97.537 E1.56543
G1 X78.198 Y97.926 E.00959
G1 X141.802 Y97.926 E1.56543
G1 X141.802 Y98.316 E.00959
G1 X78.198 Y98.316 E1.56543
G1 X78.198 Y98.705 E.00959
G1 X141.802 Y98.705 E1.56543
G1 X141.802 Y99.095 E.00959
G1 X78.198 Y99.095 E1.56543
G1 X78.198 Y99.484 E.00959
G1 X141.802 Y99.484 E1.56543
G1 X141.802 Y99.874 E.00959
G1 X78.198 Y99.874 E1.56543
G1 X78.198 Y100.263 E.00959
G1 X141.802 Y100.263 E1.56543
G1 X141.802 Y100.653 E.00959
G1 X78.198 Y100.653 E1.56543
G1 X78.198 Y101.042 E.00959
G1 X141.802 Y101.042 E1.56543
G1 X141.802 Y101.432 E.00959
G1 X78.198 Y101.432 E1.56543
G1 X78.198 Y101.821 E.00959
G1 X141.802 Y101.821 E1.56543
G1 X141.802 Y102.211 E.00959
G1 X78.198 Y102.211 E1.56543
G1 X78.198 Y102.6 E.00959
G1 X141.802 Y102.6 E1.56543
G1 X141.802 Y102.99 E.00959
G1 X78.198 Y102.99 E1.56543
G1 X78.198 Y103.379 E.00959
G1 X141.802 Y103.379 E1.56543
G1 X141.802 Y103.769 E.00959
G1 X78.198 Y103.769 E1.56543
G1 X78.198 Y104.158 E.00959
G1 X141.802 Y104.158 E1.56543
G1 X141.802 Y104.547 E.00959
G1 X78.198 Y104.547 E1.56543
G1 X78.198 Y104.937 E.00959
G1 X141.802 Y104.937 E1.56543
G1 X141.802 Y105.326 E.00959
G1 X78.198 Y105.326 E1.56543
G1 X78.198 Y105.716 E.00959
G1 X141.802 Y105.716 E1.56543
G1 X141.802 Y106.105 E.00959
G1 X78.198 Y106.105 E1.56543
G1 X78.198 Y106.495 E.00959
G1 X141.802 Y106.495 E1.56543
G1 X141.802 Y106.884 E.00959
G1 X78.198 Y106.884 E1.56543
G1 X78.198 Y107.274 E.00959
G1 X141.802 Y107.274 E1.56543
G1 X141.802 Y107.663 E.00959
G1 X78.198 Y107.663 E1.56543
G1 X78.198 Y108.053 E.00959
G1 X141.802 Y108.053 E1.56543
G1 X141.802 Y108.442 E.00959
G1 X78.198 Y108.442 E1.56543
G1 X78.198 Y108.832 E.00959
G1 X141.802 Y108.832 E1.56543
G1 X141.802 Y109.221 E.00959
G1 X78.198 Y109.221 E1.56543
G1 X78.198 Y109.611 E.00959
G1 X141.802 Y109.611 E1.56543
G1 X141.802 Y110 E.00959
G1 X78.198 Y110 E1.56543
G1 X78.198 Y110.39 E.00959
G1 X141.802 Y110.39 E1.56543
G1 X141.802 Y110.779 E.00959
G1 X78.198 Y110.779 E1.56543
G1 X78.198 Y111.168 E.00959
G1 X141.802 Y111.168 E1.56543
G1 X141.802 Y111.558 E.00959
G1 X78.198 Y111.558 E1.56543
G1 X78.198 Y111.947 E.00959
G1 X141.802 Y111.947 E1.56543
G1 X141.802 Y112.337 E.00959
G1 X78.198 Y112.337 E1.56543
G1 X78.198 Y112.726 E.00959
G1 X141.802 Y112.726 E1.56543
G1 X141.802 Y113.116 E.00959
G1 X78.198 Y113.116 E1.56543
G1 X78.198 Y113.505 E.00959
G1 X141.802 Y113.505 E1.56543
G1 X141.802 Y113.895 E.00959
G1 X78.198 Y113.895 E1.56543
G1 X78.198 Y114.284 E.00959
G1 X141.802 Y114.284 E1.56543
G1 X141.802 Y114.674 E.00959
G1 X78.198 Y114.674 E1.56543
G1 X78.198 Y115.063 E.00959
G1 X141.802 Y115.063 E1.56543
G1 X141.802 Y115.453 E.00959
G1 X78.198 Y115.453 E1.56543
G1 X78.198 Y115.842 E.00959
G1 X141.802 Y115.842 E1.56543
G1 X141.802 Y116.232 E.00959
G1 X78.198 Y116.232 E1.56543
G1 X78.198 Y116.621 E.00959
G1 X141.802 Y116.621 E1.56543
G1 X141.802 Y117.01 E.00959
G1 X78.198 Y117.01 E1.56543
G1 X78.198 Y117.4 E.00959
G1 X141.802 Y117.4 E1.56543
G1 X141.802 Y117.789 E.00959
G1 X78.198 Y117.789 E1.56543
G1 X78.198 Y118.179 E.00959
G1 X141.802 Y118.179 E1.56543
G1 X141.802 Y118.568 E.00959
G1 X78.198 Y118.568 E1.56543
G1 X78.198 Y118.958 E.00959
G1 X141.802 Y118.958 E1.56543
G1 X141.802 Y119.347 E.00959
G1 X78.198 Y119.347 E1.56543
G1 X78.198 Y119.737 E.00959
G1 X141.802 Y119.737 E1.56543
G1 X141.802 Y120.126 E.00959
G1 X78.198 Y120.126 E1.56543
G1 X78.198 Y120.516 E.00959
G1 X141.802 Y120.516 E1.56543
G1 X141.802 Y120.905 E.00959
G1 X78.198 Y120.905 E1.56543
G1 X78.198 Y121.295 E.00959
G1 X141.802 Y121.295 E1.56543
G1 X141.802 Y121.684 E.00959
G1 X78.198 Y121.684 E1.56543
G1 X78.198 Y122.074 E.00959
G1 X141.802 Y122.074 E1.56543
G1 X141.802 Y122.463 E.00959
G1 X78.198 Y122.463 E1.56543
G1 X78.198 Y122.853 E.00959
G1 X141.802 Y122.853 E1.56543
G1 X141.802 Y123.242 E.00959
G1 X78.198 Y123.242 E1.56543
G1 X78.198 Y123.631 E.00959
G1 X141.802 Y123.631 E1.56543
G1 X141.802 Y124.021 E.00959
G1 X78.198 Y124.021 E1.56543
G1 X78.198 Y124.41 E.00959
G1 X141.802 Y124.41 E1.56543
G1 X141.802 Y124.8 E.00959
G1 X78.025 Y124.8 E1.5697
; stop printing object pod_header_usb_coupon.stl id:0 copy 0
;LAYER_CHANGE
;Z:2.64
;HEIGHT:0.16
G92 E0 ; zero the extruded length again
; BEFORE_LAYER_CHANGE 15 @ 2.64mm
G1 E-.7 F2100
;WIPE_START
G1 F3600
G1 X79.025 Y124.8 E-.3
;WIPE_END
; AFTER_LAYER_CHANGE 15 @ 2.64mm
;_SET_FAN_SPEED_CHANGING_LAYER
; printing object pod_header_usb_coupon.stl id:0 copy 0
G1 F9000
G1 X79.4946 Y125.041 Z2.66857
G1 X79.5995 Y125.558 Z2.69714
G1 X79.2603 Y125.963 Z2.72571
G1 X78.7324 Y125.95 Z2.75429
G1 X78.4134 Y125.529 Z2.78286
G1 X78.5435 Y125.017 Z2.81143
G1 X79.0247 Y124.8 Z2.84
G1 X143.376 Y126.376 Z2.84
G1 X143.79 Y126.79
G1 Z2.64
G1 E1 F2100
;TYPE:Outer wall
;WIDTH:0.42
G1 F1800
G1 X76.21 Y126.79 E1.64704
G1 X76.21 Y93.21 E.8184
G1 X143.79 Y93.21 E1.64704
G1 X143.79 Y126.73 E.81694
G1 X143.376 Y126.376 F9000
G1 X143.389 Y126.389
M204 P1500
;TYPE:Inner wall
;WIDTH:0.45
G1 F2700
G1 X76.611 Y126.389 E1.75411
G1 X76.611 Y93.611 E.86102
G1 X143.389 Y93.611 E1.75411
G1 X143.389 Y126.329 E.85944
G1 X142.974 Y125.974 F9000
G1 F2700
G1 X77.026 Y125.974 E1.73228
G1 X77.026 Y94.026 E.83918
G1 X142.974 Y94.026 E1.73228
G1 X142.974 Y125.914 E.8376
G1 X142.558 Y125.558 F9000
G1 F2700
G1 X77.442 Y125.558 E1.71044
G1 X77.442 Y94.442 E.81734
G1 X142.558 Y94.442 E1.71044
G1 X142.558 Y125.498 E.81577
G1 X142.142 Y125.142 F9000
G1 F2700
G1 X77.858 Y125.142 E1.6886
G1 X77.858 Y94.858 E.79551
G1 X142.142 Y94.858 E1.6886
G1 X142.142 Y125.082 E.79393
G1 X141.801 Y124.975 F9000
M204 P1000
;TYPE:Internal solid infill
;WIDTH:0.422149
G1 F3600
G1 X141.801 Y95.198 E.72976
G1 X141.413 Y95.198 E.0095
G1 X141.413 Y124.802 E.72551
G1 X141.025 Y124.802 E.0095
G1 X141.025 Y95.198 E.72551
G1 X140.637 Y95.198 E.0095
G1 X140.637 Y124.802 E.72551
G1 X140.249 Y124.802 E.0095
G1 X140.249 Y95.198 E.72551
G1 X139.862 Y95.198 E.0095
G1 X139.862 Y124.802 E.72551
G1 X139.474 Y124.802 E.0095
G1 X139.474 Y95.198 E.72551
G1 X139.086 Y95.198 E.0095
G1 X139.086 Y124.802 E.72551
G1 X138.698 Y124.802 E.0095
G1 X138.698 Y95.198 E.72551
G1 X138.31 Y95.198 E.0095
G1 X138.31 Y124.802 E.72551
G1 X137.923 Y124.802 E.0095
G1 X137.923 Y95.198 E.72551
G1 X137.535 Y95.198 E.0095
G1 X137.535 Y124.802 E.72551
G1 X137.147 Y124.802 E.0095
G1 X137.147 Y95.198 E.72551
G1 X136.759 Y95.198 E.0095
G1 X136.759 Y124.802 E.72551
G1 X136.371 Y124.802 E.0095
G1 X136.371 Y95.198 E.72551
G1 X135.983 Y95.198 E.0095
G1 X135.983 Y124.802 E.72551
G1 X135.596 Y124.802 E.0095
G1 X135.596 Y95.198 E.72551
G1 X135.208 Y95.198 E.0095
G1 X135.208 Y124.802 E.72551
G1 X134.82 Y124.802 E.0095
G1 X134.82 Y95.198 E.72551
G1 X134.432 Y95.198 E.0095
G1 X134.432 Y124.802 E.72551
G1 X134.044 Y124.802 E.0095
G1 X134.044 Y95.198 E.72551
G1 X133.657 Y95.198 E.0095
G1 X133.657 Y124.802 E.72551
G1 X133.269 Y124.802 E.0095
G1 X133.269 Y95.198 E.72551
G1 X132.881 Y95.198 E.0095
G1 X132.881 Y124.802 E.72551
G1 X132.493 Y124.802 E.0095
G1 X132.493 Y95.198 E.72551
G1 X132.105 Y95.198 E.0095
G1 X132.105 Y124.802 E.72551
G1 X131.718 Y124.802 E.0095
G1 X131.718 Y95.198 E.72551
G1 X131.33 Y95.198 E.0095
G1 X131.33 Y124.802 E.72551
G1 X130.942 Y124.802 E.0095
G1 X130.942 Y95.198 E.72551
G1 X130.554 Y95.198 E.0095
G1 X130.554 Y124.802 E.72551
G1 X130.166 Y124.802 E.0095
G1 X130.166 Y95.198 E.72551
G1 X129.778 Y95.198 E.0095
G1 X129.778 Y124.802 E.72551
G1 X129.391 Y124.802 E.0095
G1 X129.391 Y95.198 E.72551
G1 X129.003 Y95.198 E.0095
G1 X129.003 Y124.802 E.72551
G1 X128.615 Y124.802 E.0095
G1 X128.615 Y95.198 E.72551
G1 X128.227 Y95.198 E.0095
G1 X128.227 Y124.802 E.72551
G1 X127.839 Y124.802 E.0095
G1 X127.839 Y95.198 E.72551
G1 X127.452 Y95.198 E.0095
G1 X127.452 Y124.802 E.72551
G1 X127.064 Y124.802 E.0095
G1 X127.064 Y95.198 E.72551
G1 X126.676 Y95.198 E.0095
G1 X126.676 Y124.802 E.72551
G1 X126.288 Y124.802 E.0095
G1 X126.288 Y95.198 E.72551
G1 X125.9 Y95.198 E.0095
G1 X125.9 Y124.802 E.72551
G1 X125.513 Y124.802 E.0095
G1 X125.513 Y95.198 E.72551
G1 X125.125 Y95.198 E.0095
G1 X125.125 Y124.802 E.72551
G1 X124.737 Y124.802 E.0095
G1 X124.737 Y95.198 E.72551
G1 X124.349 Y95.198 E.0095
G1 X124.349 Y124.802 E.72551
G1 X123.961 Y124.802 E.0095
G1 X123.961 Y95.198 E.72551
G1 X123.573 Y95.198 E.0095
G1 X123.573 Y124.802 E.72551
G1 X123.186 Y124.802 E.0095
G1 X123.186 Y95.198 E.72551
G1 X122.798 Y95.198 E.0095
G1 X122.798 Y124.802 E.72551
G1 X122.41 Y124.802 E.0095
G1 X122.41 Y95.198 E.72551
G1 X122.022 Y95.198 E.0095
G1 X122.022 Y124.802 E.72551
G1 X121.634 Y124.802 E.0095
G1 X121.634 Y95.198 E.72551
G1 X121.247 Y95.198 E.0095
G1 X121.247 Y124.802 E.72551
G1 X120.859 Y124.802 E.0095
G1 X120.859 Y95.198 E.72551
G1 X120.471 Y95.198 E.0095
G1 X120.471 Y124.802 E.72551
G1 X120.083 Y124.802 E.0095
G1 X120.083 Y95.198 E.72551
G1 X119.695 Y95.198 E.0095
G1 X119.695 Y124.802 E.72551
G1 X119.308 Y124.802 E.0095
G1 X119.308 Y95.198 E.72551
G1 X118.92 Y95.198 E.0095
G1 X118.92 Y124.802 E.72551
G1 X118.532 Y124.802 E.0095
G1 X118.532 Y95.198 E.72551
G1 X118.144 Y95.198 E.0095
G1 X118.144 Y124.802 E.72551
G1 X117.756 Y124.802 E.0095
G1 X117.756 Y95.198 E.72551
G1 X117.368 Y95.198 E.0095
G1 X117.368 Y124.802 E.72551
G1 X116.981 Y124.802 E.0095
G1 X116.981 Y95.198 E.72551
G1 X116.593 Y95.198 E.0095
G1 X116.593 Y124.802 E.72551
G1 X116.205 Y124.802 E.0095
G1 X116.205 Y95.198 E.72551
G1 X115.817 Y95.198 E.0095
G1 X115.817 Y124.802 E.72551
G1 X115.429 Y124.802 E.0095
G1 X115.429 Y95.198 E.72551
G1 X115.042 Y95.198 E.0095
G1 X115.042 Y124.802 E.72551
G1 X114.654 Y124.802 E.0095
G1 X114.654 Y95.198 E.72551
G1 X114.266 Y95.198 E.0095
G1 X114.266 Y124.802 E.72551
G1 X113.878 Y124.802 E.0095
G1 X113.878 Y95.198 E.72551
G1 X113.49 Y95.198 E.0095
G1 X113.49 Y124.802 E.72551
G1 X113.103 Y124.802 E.0095
G1 X113.103 Y95.198 E.72551
G1 X112.715 Y95.198 E.0095
G1 X112.715 Y124.802 E.72551
G1 X112.327 Y124.802 E.0095
G1 X112.327 Y95.198 E.72551
G1 X111.939 Y95.198 E.0095
G1 X111.939 Y124.802 E.72551
G1 X111.551 Y124.802 E.0095
G1 X111.551 Y95.198 E.72551
G1 X111.163 Y95.198 E.0095
G1 X111.163 Y124.802 E.72551
G1 X110.776 Y124.802 E.0095
G1 X110.776 Y95.198 E.72551
G1 X110.388 Y95.198 E.0095
G1 X110.388 Y124.802 E.72551
G1 X110 Y124.802 E.0095
G1 X110 Y95.198 E.72551
G1 X109.612 Y95.198 E.0095
G1 X109.612 Y124.802 E.72551
G1 X109.224 Y124.802 E.0095
G1 X109.224 Y95.198 E.72551
G1 X108.837 Y95.198 E.0095
G1 X108.837 Y124.802 E.72551
G1 X108.449 Y124.802 E.0095
G1 X108.449 Y95.198 E.72551
G1 X108.061 Y95.198 E.0095
G1 X108.061 Y124.802 E.72551
G1 X107.673 Y124.802 E.0095
G1 X107.673 Y95.198 E.72551
G1 X107.285 Y95.198 E.0095
G1 X107.285 Y124.802 E.72551
G1 X106.897 Y124.802 E.0095
G1 X106.897 Y95.198 E.72551
G1 X106.51 Y95.198 E.0095
G1 X106.51 Y124.802 E.72551
G1 X106.122 Y124.802 E.0095
G1 X106.122 Y95.198 E.72551
G1 X105.734 Y95.198 E.0095
G1 X105.734 Y124.802 E.72551
G1 X105.346 Y124.802 E.0095
G1 X105.346 Y95.198 E.72551
G1 X104.958 Y95.198 E.0095
G1 X104.958 Y124.802 E.72551
G1 X104.571 Y124.802 E.0095
G1 X104.571 Y95.198 E.72551
G1 X104.183 Y95.198 E.0095
G1 X104.183 Y124.802 E.72551
G1 X103.795 Y124.802 E.0095
G1 X103.795 Y95.198 E.72551
G1 X103.407 Y95.198 E.0095
G1 X103.407 Y124.802 E.72551
G1 X103.019 Y124.802 E.0095
G1 X103.019 Y95.198 E.72551
G1 X102.632 Y95.198 E.0095
G1 X102.632 Y124.802 E.72551
G1 X102.244 Y124.802 E.0095
G1 X102.244 Y95.198 E.72551
G1 X101.856 Y95.198 E.0095
G1 X101.856 Y124.802 E.72551
G1 X101.468 Y124.802 E.0095
G1 X101.468 Y95.198 E.72551
G1 X101.08 Y95.198 E.0095
G1 X101.08 Y124.802 E.72551
G1 X100.692 Y124.802 E.0095
G1 X100.692 Y95.198 E.72551
G1 X100.305 Y95.198 E.0095
G1 X100.305 Y124.802 E.72551
G1 X99.917 Y124.802 E.0095
G1 X99.917 Y95.198 E.72551
G1 X99.529 Y95.198 E.0095
G1 X99.529 Y124.802 E.72551
G1 X99.141 Y124.802 E.0095
G1 X99.141 Y95.198 E.72551
G1 X98.753 Y95.198 E.0095
G1 X98.753 Y124.802 E.72551
G1 X98.366 Y124.802 E.0095
G1 X98.366 Y95.198 E.72551
G1 X97.978 Y95.198 E.0095
G1 X97.978 Y124.802 E.72551
G1 X97.59 Y124.802 E.0095
G1 X97.59 Y95.198 E.72551
G1 X97.202 Y95.198 E.0095
G1 X97.202 Y124.802 E.72551
G1 X96.814 Y124.802 E.0095
G1 X96.814 Y95.198 E.72551
G1 X96.427 Y95.198 E.0095
G1 X96.427 Y124.802 E.72551
G1 X96.039 Y124.802 E.0095
G1 X96.039 Y95.198 E.72551
G1 X95.651 Y95.198 E.0095
G1 X95.651 Y124.802 E.72551
G1 X95.263 Y124.802 E.0095
G1 X95.263 Y95.198 E.72551
G1 X94.875 Y95.198 E.0095
G1 X94.875 Y124.802 E.72551
G1 X94.487 Y124.802 E.0095
G1 X94.487 Y95.198 E.72551
G1 X94.1 Y95.198 E.0095
G1 X94.1 Y124.802 E.72551
G1 X93.712 Y124.802 E.0095
G1 X93.712 Y95.198 E.72551
G1 X93.324 Y95.198 E.0095
G1 X93.324 Y124.802 E.72551
G1 X92.936 Y124.802 E.0095
G1 X92.936 Y95.198 E.72551
G1 X92.548 Y95.198 E.0095
G1 X92.548 Y124.802 E.72551
G1 X92.161 Y124.802 E.0095
G1 X92.161 Y95.198 E.72551
G1 X91.773 Y95.198 E.0095
G1 X91.773 Y124.802 E.72551
G1 X91.385 Y124.802 E.0095
G1 X91.385 Y95.198 E.72551
G1 X90.997 Y95.198 E.0095
G1 X90.997 Y124.802 E.72551
G1 X90.609 Y124.802 E.0095
G1 X90.609 Y95.198 E.72551
G1 X90.222 Y95.198 E.0095
G1 X90.222 Y124.802 E.72551
G1 X89.834 Y124.802 E.0095
G1 X89.834 Y95.198 E.72551
G1 X89.446 Y95.198 E.0095
G1 X89.446 Y124.802 E.72551
G1 X89.058 Y124.802 E.0095
G1 X89.058 Y95.198 E.72551
G1 X88.67 Y95.198 E.0095
G1 X88.67 Y124.802 E.72551
G1 X88.282 Y124.802 E.0095
G1 X88.282 Y95.198 E.72551
G1 X87.895 Y95.198 E.0095
G1 X87.895 Y124.802 E.72551
G1 X87.507 Y124.802 E.0095
G1 X87.507 Y95.198 E.72551
G1 X87.119 Y95.198 E.0095
G1 X87.119 Y124.802 E.72551
G1 X86.731 Y124.802 E.0095
G1 X86.731 Y95.198 E.72551
G1 X86.343 Y95.198 E.0095
G1 X86.343 Y124.802 E.72551
G1 X85.956 Y124.802 E.0095
G1 X85.956 Y95.198 E.72551
G1 X85.568 Y95.198 E.0095
G1 X85.568 Y124.802 E.72551
G1 X85.18 Y124.802 E.0095
G1 X85.18 Y95.198 E.72551
G1 X84.792 Y95.198 E.0095
G1 X84.792 Y124.802 E.72551
G1 X84.404 Y124.802 E.0095
G1 X84.404 Y95.198 E.72551
G1 X84.017 Y95.198 E.0095
G1 X84.017 Y124.802 E.72551
G1 X83.629 Y124.802 E.0095
G1 X83.629 Y95.198 E.72551
G1 X83.241 Y95.198 E.0095
G1 X83.241 Y124.802 E.72551
G1 X82.853 Y124.802 E.0095
G1 X82.853 Y95.198 E.72551
G1 X82.465 Y95.198 E.0095
G1 X82.465 Y124.802 E.72551
G1 X82.077 Y124.802 E.0095
G1 X82.077 Y95.198 E.72551
G1 X81.69 Y95.198 E.0095
G1 X81.69 Y124.802 E.72551
G1 X81.302 Y124.802 E.0095
G1 X81.302 Y95.198 E.72551
G1 X80.914 Y95.198 E.0095
G1 X80.914 Y124.802 E.72551
G1 X80.526 Y124.802 E.0095
G1 X80.526 Y95.198 E.72551
G1 X80.138 Y95.198 E.0095
G1 X80.138 Y124.802 E.72551
G1 X79.751 Y124.802 E.0095
G1 X79.751 Y95.198 E.72551
G1 X79.363 Y95.198 E.0095
G1 X79.363 Y124.802 E.72551
G1 X78.975 Y124.802 E.0095
G1 X78.975 Y95.198 E.72551
G1 X78.587 Y95.198 E.0095
G1 X78.587 Y124.802 E.72551
G1 X78.199 Y124.802 E.0095
G1 X78.199 Y95.025 E.72976
; stop printing object pod_header_usb_coupon.stl id:0 copy 0
;LAYER_CHANGE
;Z:2.8
;HEIGHT:0.16
G92 E0 ; zero the extruded length again
; BEFORE_LAYER_CHANGE 16 @ 2.8mm
G1 E-.7 F2100
;WIPE_START
G1 F3600
G1 X78.199 Y96.025 E-.3
;WIPE_END
; AFTER_LAYER_CHANGE 16 @ 2.8mm
;_SET_FAN_SPEED_CHANGING_LAYER
; printing object pod_header_usb_coupon.stl id:0 copy 0
G1 F9000
G1 X78.5339 Y96.4332 Z2.82857
G1 X78.4231 Y96.9495 Z2.85714
G1 X77.9504 Y97.1847 Z2.88571
G1 X77.4717 Y96.9618 Z2.91429
G1 X77.3475 Y96.4486 Z2.94286
G1 X77.6714 Y96.0315 Z2.97143
G1 X78.1993 Y96.0247 Z3
G1 X143.376 Y126.376 Z3
G1 X143.79 Y126.79
G1 Z2.8
G1 E1 F2100
;TYPE:Outer wall
;WIDTH:0.42
G1 F1800
G1 X76.21 Y126.79 E1.64704
G1 X76.21 Y93.21 E.8184
G1 X143.79 Y93.21 E1.64704
G1 X143.79 Y126.73 E.81694
G1 X143.376 Y126.376 F9000
G1 X143.389 Y126.389
M204 P1500
;TYPE:Inner wall
;WIDTH:0.45
G1 F2700
G1 X76.611 Y126.389 E1.75411
G1 X76.611 Y93.611 E.86102
G1 X143.389 Y93.611 E1.75411
G1 X143.389 Y126.329 E.85944
G1 X142.974 Y125.974 F9000
G1 F2700
G1 X77.026 Y125.974 E1.73228
G1 X77.026 Y94.026 E.83918
G1 X142.974 Y94.026 E1.73228
G1 X142.974 Y125.914 E.8376
G1 X142.558 Y125.558 F9000
G1 F2700
G1 X77.442 Y125.558 E1.71044
G1 X77.442 Y94.442 E.81734
G1 X142.558 Y94.442 E1.71044
G1 X142.558 Y125.498 E.81577
G1 X142.142 Y125.142 F9000
G1 F2700
G1 X77.858 Y125.142 E1.6886
G1 X77.858 Y94.858 E.79551
G1 X142.142 Y94.858 E1.6886
G1 X142.142 Y125.082 E.79393
G1 X141.975 Y95.2 F9000
M204 P1000
;TYPE:Internal solid infill
;WIDTH:0.423806
G1 F3600
G1 X78.198 Y95.2 E1.5697
G1 X78.198 Y95.59 E.00959
G1 X141.802 Y95.59 E1.56543
G1 X141.802 Y95.979 E.00959
G1 X78.198 Y95.979 E1.56543
G1 X78.198 Y96.369 E.00959
G1 X141.802 Y96.369 E1.56543
G1 X141.802 Y96.758 E.00959
G1 X78.198 Y96.758 E1.56543
G1 X78.198 Y97.148 E.00959
G1 X141.802 Y97.148 E1.56543
G1 X141.802 Y97.537 E.00959
G1 X78.198 Y97.537 E1.56543
G1 X78.198 Y97.926 E.00959
G1 X141.802 Y97.926 E1.56543
G1 X141.802 Y98.316 E.00959
G1 X78.198 Y98.316 E1.56543
G1 X78.198 Y98.705 E.00959
G1 X141.802 Y98.705 E1.56543
G1 X141.802 Y99.095 E.00959
G1 X78.198 Y99.095 E1.56543
G1 X78.198 Y99.484 E.00959
G1 X141.802 Y99.484 E1.56543
G1 X141.802 Y99.874 E.00959
G1 X78.198 Y99.874 E1.56543
G1 X78.198 Y100.263 E.00959
G1 X141.802 Y100.263 E1.56543
G1 X141.802 Y100.653 E.00959
G1 X78.198 Y100.653 E1.56543
G1 X78.198 Y101.042 E.00959
G1 X141.802 Y101.042 E1.56543
G1 X141.802 Y101.432 E.00959
G1 X78.198 Y101.432 E1.56543
G1 X78.198 Y101.821 E.00959
G1 X141.802 Y101.821 E1.56543
G1 X141.802 Y102.211 E.00959
G1 X78.198 Y102.211 E1.56543
G1 X78.198 Y102.6 E.00959
G1 X141.802 Y102.6 E1.56543
G1 X141.802 Y102.99 E.00959
G1 X78.198 Y102.99 E1.56543
G1 X78.198 Y103.379 E.00959
G1 X141.802 Y103.379 E1.56543
G1 X141.802 Y103.769 E.00959
G1 X78.198 Y103.769 E1.56543
G1 X78.198 Y104.158 E.00959
G1 X141.802 Y104.158 E1.56543
G1 X141.802 Y104.547 E.00959
G1 X78.198 Y104.547 E1.56543
G1 X78.198 Y104.937 E.00959
G1 X141.802 Y104.937 E1.56543
G1 X141.802 Y105.326 E.00959
G1 X78.198 Y105.326 E1.56543
G1 X78.198 Y105.716 E.00959
G1 X141.802 Y105.716 E1.56543
G1 X141.802 Y106.105 E.00959
G1 X78.198 Y106.105 E1.56543
G1 X78.198 Y106.495 E.00959
G1 X141.802 Y106.495 E1.56543
G1 X141.802 Y106.884 E.00959
G1 X78.198 Y106.884 E1.56543
G1 X78.198 Y107.274 E.00959
G1 X141.802 Y107.274 E1.56543
G1 X141.802 Y107.663 E.00959
G1 X78.198 Y107.663 E1.56543
G1 X78.198 Y108.053 E.00959
G1 X141.802 Y108.053 E1.56543
G1 X141.802 Y108.442 E.00959
G1 X78.198 Y108.442 E1.56543
G1 X78.198 Y108.832 E.00959
G1 X141.802 Y108.832 E1.56543
G1 X141.802 Y109.221 E.00959
G1 X78.198 Y109.221 E1.56543
G1 X78.198 Y109.611 E.00959
G1 X141.802 Y109.611 E1.56543
G1 X141.802 Y110 E.00959
G1 X78.198 Y110 E1.56543
G1 X78.198 Y110.39 E.00959
G1 X141.802 Y110.39 E1.56543
G1 X141.802 Y110.779 E.00959
G1 X78.198 Y110.779 E1.56543
G1 X78.198 Y111.168 E.00959
G1 X141.802 Y111.168 E1.56543
G1 X141.802 Y111.558 E.00959
G1 X78.198 Y111.558 E1.56543
G1 X78.198 Y111.947 E.00959
G1 X141.802 Y111.947 E1.56543
G1 X141.802 Y112.337 E.00959
G1 X78.198 Y112.337 E1.56543
G1 X78.198 Y112.726 E.00959
G1 X141.802 Y112.726 E1.56543
G1 X141.802 Y113.116 E.00959
G1 X78.198 Y113.116 E1.56543
G1 X78.198 Y113.505 E.00959
G1 X141.802 Y113.505 E1.56543
G1 X141.802 Y113.895 E.00959
G1 X78.198 Y113.895 E1.56543
G1 X78.198 Y114.284 E.00959
G1 X141.802 Y114.284 E1.56543
G1 X141.802 Y114.674 E.00959
G1 X78.198 Y114.674 E1.56543
G1 X78.198 Y115.063 E.00959
G1 X141.802 Y115.063 E1.56543
G1 X141.802 Y115.453 E.00959
G1 X78.198 Y115.453 E1.56543
G1 X78.198 Y115.842 E.00959
G1 X141.802 Y115.842 E1.56543
G1 X141.802 Y116.232 E.00959
G1 X78.198 Y116.232 E1.56543
G1 X78.198 Y116.621 E.00959
G1 X141.802 Y116.621 E1.56543
G1 X141.802 Y117.01 E.00959
G1 X78.198 Y117.01 E1.56543
G1 X78.198 Y117.4 E.00959
G1 X141.802 Y117.4 E1.56543
G1 X141.802 Y117.789 E.00959
G1 X78.198 Y117.789 E1.56543
G1 X78.198 Y118.179 E.00959
G1 X141.802 Y118.179 E1.56543
G1 X141.802 Y118.568 E.00959
G1 X78.198 Y118.568 E1.56543
G1 X78.198 Y118.958 E.00959
G1 X141.802 Y118.958 E1.56543
G1 X141.802 Y119.347 E.00959
G1 X78.198 Y119.347 E1.56543
G1 X78.198 Y119.737 E.00959
G1 X141.802 Y119.737 E1.56543
G1 X141.802 Y120.126 E.00959
G1 X78.198 Y120.126 E1.56543
G1 X78.198 Y120.516 E.00959
G1 X141.802 Y120.516 E1.56543
G1 X141.802 Y120.905 E.00959
G1 X78.198 Y120.905 E1.56543
G1 X78.198 Y121.295 E.00959
G1 X141.802 Y121.295 E1.56543
G1 X141.802 Y121.684 E.00959
G1 X78.198 Y121.684 E1.56543
G1 X78.198 Y122.074 E.00959
G1 X141.802 Y122.074 E1.56543
G1 X141.802 Y122.463 E.00959
G1 X78.198 Y122.463 E1.56543
G1 X78.198 Y122.853 E.00959
G1 X141.802 Y122.853 E1.56543
G1 X141.802 Y123.242 E.00959
G1 X78.198 Y123.242 E1.56543
G1 X78.198 Y123.631 E.00959
G1 X141.802 Y123.631 E1.56543
G1 X141.802 Y124.021 E.00959
G1 X78.198 Y124.021 E1.56543
G1 X78.198 Y124.41 E.00959
G1 X141.802 Y124.41 E1.56543
G1 X141.802 Y124.8 E.00959
G1 X78.025 Y124.8 E1.5697
; stop printing object pod_header_usb_coupon.stl id:0 copy 0
;LAYER_CHANGE
;Z:2.96
;HEIGHT:0.16
G92 E0 ; zero the extruded length again
; BEFORE_LAYER_CHANGE 17 @ 2.96mm
G1 E-.7 F2100
;WIPE_START
G1 F3600
G1 X79.025 Y124.8 E-.3
;WIPE_END
; AFTER_LAYER_CHANGE 17 @ 2.96mm
;_SET_FAN_SPEED_CHANGING_LAYER
; printing object pod_header_usb_coupon.stl id:0 copy 0
G1 F9000
G1 X79.5004 Y125.029 Z2.98857
G1 X79.6179 Y125.544 Z3.01714
G1 X79.2887 Y125.957 Z3.04571
G1 X78.7607 Y125.957 Z3.07429
G1 X78.4314 Y125.544 Z3.10286
G1 X78.5489 Y125.029 Z3.13143
G1 X79.0247 Y124.8 Z3.16
G1 X79.771 Y124.8 Z3.16
G1 X143.79 Y126.79
G1 Z2.96
G1 E1 F2100
;TYPE:Outer wall
;WIDTH:0.42
G1 F1800
G1 X76.21 Y126.79 E1.64704
G1 X76.21 Y93.21 E.8184
G1 X143.79 Y93.21 E1.64704
G1 X143.79 Y126.73 E.81694
G1 E-.7 F2100
;WIPE_START
G1 F1800
G1 X142.79 Y126.731 E-.3
;WIPE_END
G1 X138.974 Y126.71 Z3.16 F9000
G1 X79.414 Y126.389 Z3.16
G1 Z2.96
G1 E1 F2100
M204 P1500
;TYPE:Inner wall
;WIDTH:0.45
G1 F2700
G1 X76.611 Y126.389 E.07364
G1 X76.611 Y93.611 E.86102
G1 X79.414 Y93.611 E.07364
G1 X79.414 Y126.329 E.85944
G1 X78.999 Y125.974 F9000
G1 F2700
G1 X77.026 Y125.974 E.0518
G1 X77.026 Y94.026 E.83918
G1 X78.999 Y94.026 E.0518
G1 X78.999 Y125.914 E.8376
G1 X78.583 Y125.558 F9000
G1 F2700
G1 X77.442 Y125.558 E.02997
G1 X77.442 Y94.442 E.81734
G1 X78.583 Y94.442 E.02997
G1 X78.583 Y125.498 E.81577
G1 X78.167 Y125.142 F9000
G1 F2700
G1 X77.858 Y125.142 E.00813
G1 X77.858 Y94.858 E.79551
G1 X78.167 Y94.858 E.00813
G1 X78.167 Y125.082 E.79393
G1 E-.7 F2100
;WIPE_START
G1 F2700
G1 X77.858 Y125.142 E-.09459
G1 X77.858 Y124.458 E-.20541
;WIPE_END
G1 X81.665 Y124.196 Z3.16 F9000
G1 X87.214 Y123.814 Z3.16
G1 Z2.96
G1 E1 F2100
G1 F2700
G1 X86.886 Y123.814 E.00862
G1 X86.886 Y121.786 E.05328
G1 X87.214 Y121.786 E.00862
G1 X87.214 Y123.754 E.0517
G1 E-.7 F2100
;WIPE_START
G1 F2700
G1 X86.886 Y123.814 E-.10013
G1 X86.886 Y123.148 E-.19987
;WIPE_END
G1 X86.936 Y119.332 Z3.16 F9000
G1 X87.214 Y98.214 Z3.16
G1 Z2.96
G1 E1 F2100
G1 F2700
G1 X86.886 Y98.214 E.00862
G1 X86.886 Y96.186 E.05328
G1 X87.214 Y96.186 E.00862
G1 X87.214 Y98.154 E.0517
G1 E-.7 F2100
;WIPE_START
G1 F2700
G1 X86.886 Y98.214 E-.10013
G1 X86.886 Y97.548 E-.19987
;WIPE_END
G1 X90.126 Y99.564 Z3.16 F9000
G1 X129.114 Y123.814 Z3.16
G1 Z2.96
G1 E1 F2100
G1 F2700
G1 X128.786 Y123.814 E.00862
G1 X128.786 Y121.786 E.05328
G1 X129.114 Y121.786 E.00862
G1 X129.114 Y123.754 E.0517
G1 E-.7 F2100
;WIPE_START
G1 F2700
G1 X128.786 Y123.814 E-.10013
G1 X128.786 Y123.148 E-.19987
;WIPE_END
G1 X128.836 Y119.332 Z3.16 F9000
G1 X129.114 Y98.214 Z3.16
G1 Z2.96
G1 E1 F2100
G1 F2700
G1 X128.786 Y98.214 E.00862
G1 X128.786 Y96.186 E.05328
G1 X129.114 Y96.186 E.00862
G1 X129.114 Y98.154 E.0517
G1 E-.7 F2100
;WIPE_START
G1 F2700
G1 X128.786 Y98.214 E-.10013
G1 X128.786 Y97.548 E-.19987
;WIPE_END
G1 X130.507 Y100.954 Z3.16 F9000
G1 X143.504 Y126.678 Z3.16
G1 Z2.96
G1 E1 F2100
M204 P1000
;TYPE:Top surface
;WIDTH:0.420935
G1 F1800
G1 X143.504 Y93.495 E.81068
G1 X143.117 Y93.495 E.00944
G1 X143.117 Y126.505 E.80644
G1 X142.731 Y126.505 E.00944
G1 X142.731 Y93.495 E.80644
G1 X142.344 Y93.495 E.00944
G1 X142.344 Y126.505 E.80644
G1 X141.958 Y126.505 E.00944
G1 X141.958 Y93.495 E.80644
G1 X141.571 Y93.495 E.00944
G1 X141.571 Y126.505 E.80644
G1 X141.184 Y126.505 E.00944
G1 X141.184 Y93.495 E.80644
G1 X140.798 Y93.495 E.00944
G1 X140.798 Y126.505 E.80644
G1 X140.411 Y126.505 E.00944
G1 X140.411 Y93.495 E.80644
G1 X140.025 Y93.495 E.00944
G1 X140.025 Y126.505 E.80644
G1 X139.638 Y126.505 E.00944
G1 X139.638 Y93.495 E.80644
G1 X139.251 Y93.495 E.00944
G1 X139.251 Y126.505 E.80644
G1 X138.865 Y126.505 E.00944
G1 X138.865 Y93.495 E.80644
G1 X138.478 Y93.495 E.00944
G1 X138.478 Y126.505 E.80644
G1 X138.092 Y126.505 E.00944
G1 X138.092 Y93.495 E.80644
G1 X137.705 Y93.495 E.00944
G1 X137.705 Y126.505 E.80644
G1 X137.318 Y126.505 E.00944
G1 X137.318 Y93.495 E.80644
G1 X136.932 Y93.495 E.00944
G1 X136.932 Y126.505 E.80644
G1 X136.545 Y126.505 E.00944
G1 X136.545 Y93.495 E.80644
G1 X136.159 Y93.495 E.00944
G1 X136.159 Y126.505 E.80644
G1 X135.772 Y126.505 E.00944
G1 X135.772 Y93.495 E.80644
G1 X135.385 Y93.495 E.00944
G1 X135.385 Y126.505 E.80644
G1 X134.999 Y126.505 E.00944
G1 X134.999 Y93.495 E.80644
G1 X134.612 Y93.495 E.00944
G1 X134.612 Y126.505 E.80644
G1 X134.226 Y126.505 E.00944
G1 X134.226 Y93.495 E.80644
G1 X133.839 Y93.495 E.00944
G1 X133.839 Y126.505 E.80644
G1 X133.452 Y126.505 E.00944
G1 X133.452 Y93.495 E.80644
G1 X133.066 Y93.495 E.00944
G1 X133.066 Y126.505 E.80644
G1 X132.679 Y126.505 E.00944
G1 X132.679 Y93.495 E.80644
G1 X132.293 Y93.495 E.00944
G1 X132.293 Y126.505 E.80644
G1 X131.906 Y126.505 E.00944
G1 X131.906 Y93.495 E.80644
G1 X131.519 Y93.495 E.00944
G1 X131.519 Y126.505 E.80644
G1 X131.133 Y126.505 E.00944
G1 X131.133 Y93.495 E.80644
G1 X130.746 Y93.495 E.00944
G1 X130.746 Y126.505 E.80644
G1 X130.36 Y126.505 E.00944
G1 X130.36 Y93.495 E.80644
G1 X129.973 Y93.495 E.00944
G1 X129.973 Y126.505 E.80644
G1 X129.586 Y126.505 E.00944
G1 X129.586 Y93.495 E.80644
G1 X129.2 Y93.495 E.00944
G1 X129.2 Y95.885 E.05839
G1 X129.415 Y95.885 E.00525
G1 X129.415 Y98.515 E.06424
G1 X129.2 Y98.515 E.00525
G1 X129.2 Y121.485 E.56119
G1 X129.415 Y121.485 E.00525
G1 X129.415 Y124.115 E.06424
G1 X129.2 Y124.115 E.00525
G1 X129.2 Y126.505 E.05839
G1 X128.813 Y126.505 E.00944
G1 X128.813 Y124.115 E.05839
G1 X128.485 Y124.115 E.00801
G1 X128.485 Y121.485 E.06424
G1 X128.813 Y121.485 E.00801
G1 X128.813 Y98.515 E.56119
G1 X128.485 Y98.515 E.00801
G1 X128.485 Y95.885 E.06424
G1 X128.813 Y95.885 E.00801
G1 X128.813 Y93.495 E.05839
G1 X128.427 Y93.495 E.00944
G1 X128.427 Y126.505 E.80644
G1 X128.04 Y126.505 E.00944
G1 X128.04 Y93.495 E.80644
G1 X127.653 Y93.495 E.00944
G1 X127.653 Y126.505 E.80644
G1 X127.267 Y126.505 E.00944
G1 X127.267 Y93.495 E.80644
G1 X126.88 Y93.495 E.00944
G1 X126.88 Y126.505 E.80644
G1 X126.494 Y126.505 E.00944
G1 X126.494 Y93.495 E.80644
G1 X126.107 Y93.495 E.00944
G1 X126.107 Y126.505 E.80644
G1 X125.72 Y126.505 E.00944
G1 X125.72 Y93.495 E.80644
G1 X125.334 Y93.495 E.00944
G1 X125.334 Y126.505 E.80644
G1 X124.947 Y126.505 E.00944
G1 X124.947 Y93.495 E.80644
G1 X124.561 Y93.495 E.00944
G1 X124.561 Y126.505 E.80644
G1 X124.174 Y126.505 E.00944
G1 X124.174 Y93.495 E.80644
G1 X123.787 Y93.495 E.00944
G1 X123.787 Y126.505 E.80644
G1 X123.401 Y126.505 E.00944
G1 X123.401 Y93.495 E.80644
G1 X123.014 Y93.495 E.00944
G1 X123.014 Y126.505 E.80644
G1 X122.628 Y126.505 E.00944
G1 X122.628 Y93.495 E.80644
G1 X122.241 Y93.495 E.00944
G1 X122.241 Y126.505 E.80644
G1 X121.854 Y126.505 E.00944
G1 X121.854 Y93.495 E.80644
G1 X121.468 Y93.495 E.00944
G1 X121.468 Y126.505 E.80644
G1 X121.081 Y126.505 E.00944
G1 X121.081 Y93.495 E.80644
G1 X120.695 Y93.495 E.00944
G1 X120.695 Y126.505 E.80644
G1 X120.308 Y126.505 E.00944
G1 X120.308 Y93.495 E.80644
G1 X119.921 Y93.495 E.00944
G1 X119.921 Y126.505 E.80644
G1 X119.535 Y126.505 E.00944
G1 X119.535 Y93.495 E.80644
G1 X119.148 Y93.495 E.00944
G1 X119.148 Y126.505 E.80644
G1 X118.762 Y126.505 E.00944
G1 X118.762 Y93.495 E.80644
G1 X118.375 Y93.495 E.00944
G1 X118.375 Y126.505 E.80644
G1 X117.988 Y126.505 E.00944
G1 X117.988 Y93.495 E.80644
G1 X117.602 Y93.495 E.00944
G1 X117.602 Y126.505 E.80644
G1 X117.215 Y126.505 E.00944
G1 X117.215 Y93.495 E.80644
G1 X116.829 Y93.495 E.00944
G1 X116.829 Y126.505 E.80644
G1 X116.442 Y126.505 E.00944
G1 X116.442 Y93.495 E.80644
G1 X116.055 Y93.495 E.00944
G1 X116.055 Y126.505 E.80644
G1 X115.669 Y126.505 E.00944
G1 X115.669 Y93.495 E.80644
G1 X115.282 Y93.495 E.00944
G1 X115.282 Y126.505 E.80644
G1 X114.896 Y126.505 E.00944
G1 X114.896 Y93.495 E.80644
G1 X114.509 Y93.495 E.00944
G1 X114.509 Y126.505 E.80644
G1 X114.122 Y126.505 E.00944
G1 X114.122 Y93.495 E.80644
G1 X113.736 Y93.495 E.00944
G1 X113.736 Y126.505 E.80644
G1 X113.349 Y126.505 E.00944
G1 X113.349 Y93.495 E.80644
G1 X112.963 Y93.495 E.00944
G1 X112.963 Y126.505 E.80644
G1 X112.576 Y126.505 E.00944
G1 X112.576 Y93.495 E.80644
G1 X112.189 Y93.495 E.00944
G1 X112.189 Y126.505 E.80644
G1 X111.803 Y126.505 E.00944
G1 X111.803 Y93.495 E.80644
G1 X111.416 Y93.495 E.00944
G1 X111.416 Y126.505 E.80644
G1 X111.03 Y126.505 E.00944
G1 X111.03 Y93.495 E.80644
G1 X110.643 Y93.495 E.00944
G1 X110.643 Y126.505 E.80644
G1 X110.256 Y126.505 E.00944
G1 X110.256 Y93.495 E.80644
G1 X109.87 Y93.495 E.00944
G1 X109.87 Y126.505 E.80644
G1 X109.483 Y126.505 E.00944
G1 X109.483 Y93.495 E.80644
G1 X109.097 Y93.495 E.00944
G1 X109.097 Y126.505 E.80644
G1 X108.71 Y126.505 E.00944
G1 X108.71 Y93.495 E.80644
G1 X108.323 Y93.495 E.00944
G1 X108.323 Y126.505 E.80644
G1 X107.937 Y126.505 E.00944
G1 X107.937 Y93.495 E.80644
G1 X107.55 Y93.495 E.00944
G1 X107.55 Y126.505 E.80644
G1 X107.164 Y126.505 E.00944
G1 X107.164 Y93.495 E.80644
G1 X106.777 Y93.495 E.00944
G1 X106.777 Y126.505 E.80644
G1 X106.39 Y126.505 E.00944
G1 X106.39 Y93.495 E.80644
G1 X106.004 Y93.495 E.00944
G1 X106.004 Y126.505 E.80644
G1 X105.617 Y126.505 E.00944
G1 X105.617 Y93.495 E.80644
G1 X105.231 Y93.495 E.00944
G1 X105.231 Y126.505 E.80644
G1 X104.844 Y126.505 E.00944
G1 X104.844 Y93.495 E.80644
G1 X104.457 Y93.495 E.00944
G1 X104.457 Y126.505 E.80644
G1 X104.071 Y126.505 E.00944
G1 X104.071 Y93.495 E.80644
G1 X103.684 Y93.495 E.00944
G1 X103.684 Y126.505 E.80644
G1 X103.298 Y126.505 E.00944
G1 X103.298 Y93.495 E.80644
G1 X102.911 Y93.495 E.00944
G1 X102.911 Y126.505 E.80644
G1 X102.525 Y126.505 E.00944
G1 X102.525 Y93.495 E.80644
G1 X102.138 Y93.495 E.00944
G1 X102.138 Y126.505 E.80644
G1 X101.751 Y126.505 E.00944
G1 X101.751 Y93.495 E.80644
G1 X101.365 Y93.495 E.00944
G1 X101.365 Y126.505 E.80644
G1 X100.978 Y126.505 E.00944
G1 X100.978 Y93.495 E.80644
G1 X100.592 Y93.495 E.00944
G1 X100.592 Y126.505 E.80644
G1 X100.205 Y126.505 E.00944
G1 X100.205 Y93.495 E.80644
G1 X99.818 Y93.495 E.00944
G1 X99.818 Y126.505 E.80644
G1 X99.432 Y126.505 E.00944
G1 X99.432 Y93.495 E.80644
G1 X99.045 Y93.495 E.00944
G1 X99.045 Y126.505 E.80644
G1 X98.659 Y126.505 E.00944
G1 X98.659 Y93.495 E.80644
G1 X98.272 Y93.495 E.00944
G1 X98.272 Y126.505 E.80644
G1 X97.885 Y126.505 E.00944
G1 X97.885 Y93.495 E.80644
G1 X97.499 Y93.495 E.00944
G1 X97.499 Y126.505 E.80644
G1 X97.112 Y126.505 E.00944
G1 X97.112 Y93.495 E.80644
G1 X96.726 Y93.495 E.00944
G1 X96.726 Y126.505 E.80644
G1 X96.339 Y126.505 E.00944
G1 X96.339 Y93.495 E.80644
G1 X95.952 Y93.495 E.00944
G1 X95.952 Y126.505 E.80644
G1 X95.566 Y126.505 E.00944
G1 X95.566 Y93.495 E.80644
G1 X95.179 Y93.495 E.00944
G1 X95.179 Y126.505 E.80644
G1 X94.793 Y126.505 E.00944
G1 X94.793 Y93.495 E.80644
G1 X94.406 Y93.495 E.00944
G1 X94.406 Y126.505 E.80644
G1 X94.019 Y126.505 E.00944
G1 X94.019 Y93.495 E.80644
G1 X93.633 Y93.495 E.00944
G1 X93.633 Y126.505 E.80644
G1 X93.246 Y126.505 E.00944
G1 X93.246 Y93.495 E.80644
G1 X92.86 Y93.495 E.00944
G1 X92.86 Y126.505 E.80644
G1 X92.473 Y126.505 E.00944
G1 X92.473 Y93.495 E.80644
G1 X92.086 Y93.495 E.00944
G1 X92.086 Y126.505 E.80644
G1 X91.7 Y126.505 E.00944
G1 X91.7 Y93.495 E.80644
G1 X91.313 Y93.495 E.00944
G1 X91.313 Y126.505 E.80644
G1 X90.927 Y126.505 E.00944
G1 X90.927 Y93.495 E.80644
G1 X90.54 Y93.495 E.00944
G1 X90.54 Y126.505 E.80644
G1 X90.153 Y126.505 E.00944
G1 X90.153 Y93.495 E.80644
G1 X89.767 Y93.495 E.00944
G1 X89.767 Y126.505 E.80644
G1 X89.38 Y126.505 E.00944
G1 X89.38 Y93.495 E.80644
G1 X88.994 Y93.495 E.00944
G1 X88.994 Y126.505 E.80644
G1 X88.607 Y126.505 E.00944
G1 X88.607 Y93.495 E.80644
G1 X88.22 Y93.495 E.00944
G1 X88.22 Y126.505 E.80644
G1 X87.834 Y126.505 E.00944
G1 X87.834 Y93.495 E.80644
G1 X87.447 Y93.495 E.00944
G1 X87.447 Y126.505 E.80644
G1 X87.061 Y126.505 E.00944
G1 X87.061 Y123.941 E.06263
G1 X87.061 Y121.659 F9000
G1 F1800
G1 X87.061 Y98.341 E.56967
G1 X87.061 Y96.059 F9000
G1 F1800
G1 X87.061 Y93.495 E.06263
G1 X86.674 Y93.495 E.00944
G1 X86.674 Y126.505 E.80644
G1 X86.287 Y126.505 E.00944
G1 X86.287 Y93.495 E.80644
G1 X85.901 Y93.495 E.00944
G1 X85.901 Y126.505 E.80644
G1 X85.514 Y126.505 E.00944
G1 X85.514 Y93.495 E.80644
G1 X85.128 Y93.495 E.00944
G1 X85.128 Y126.505 E.80644
G1 X84.741 Y126.505 E.00944
G1 X84.741 Y93.495 E.80644
G1 X84.354 Y93.495 E.00944
G1 X84.354 Y126.505 E.80644
G1 X83.968 Y126.505 E.00944
G1 X83.968 Y93.495 E.80644
G1 X83.581 Y93.495 E.00944
G1 X83.581 Y126.505 E.80644
G1 X83.195 Y126.505 E.00944
G1 X83.195 Y93.495 E.80644
G1 X82.808 Y93.495 E.00944
G1 X82.808 Y126.505 E.80644
G1 X82.421 Y126.505 E.00944
G1 X82.421 Y93.495 E.80644
G1 X82.035 Y93.495 E.00944
G1 X82.035 Y126.505 E.80644
G1 X81.648 Y126.505 E.00944
G1 X81.648 Y93.495 E.80644
G1 X81.262 Y93.495 E.00944
G1 X81.262 Y126.505 E.80644
G1 X80.875 Y126.505 E.00944
G1 X80.875 Y93.495 E.80644
G1 X80.488 Y93.495 E.00944
G1 X80.488 Y126.505 E.80644
G1 X80.102 Y126.505 E.00944
G1 X80.102 Y93.495 E.80644
G1 X79.715 Y93.495 E.00944
G1 X79.715 Y126.678 E.81068
G1 E-.7 F2100
;WIPE_START
G1 F1800
G1 X79.715 Y125.678 E-.3
;WIPE_END
G1 X79.771 Y125.678 Z3.16 F9000
G1 X86.529 Y122.223
G1 X87.571 Y121.694
G1 X143.75 Y93.205
G1 Z2.96
G1 E1 F2100
;TYPE:Ironing
;WIDTH:0.401288
;HEIGHT:0.006
G1 F900
G1 X143.75 Y126.75 E.0318
G1 X143.65 Y126.75 E.00009
G1 X143.65 Y93.25 E.03176
G1 X143.55 Y93.25 E.00009
G1 X143.55 Y126.75 E.03176
G1 X143.45 Y126.75 E.00009
G1 X143.45 Y93.25 E.03176
G1 X143.35 Y93.25 E.00009
G1 X143.35 Y126.75 E.03176
G1 X143.25 Y126.75 E.00009
G1 X143.25 Y93.25 E.03176
G1 X143.15 Y93.25 E.00009
G1 X143.15 Y126.75 E.03176
G1 X143.05 Y126.75 E.00009
G1 X143.05 Y93.25 E.03176
G1 X142.95 Y93.25 E.00009
G1 X142.95 Y126.75 E.03176
G1 X142.85 Y126.75 E.00009
G1 X142.85 Y93.25 E.03176
G1 X142.75 Y93.25 E.00009
G1 X142.75 Y126.75 E.03176
G1 X142.65 Y126.75 E.00009
G1 X142.65 Y93.25 E.03176
G1 X142.55 Y93.25 E.00009
G1 X142.55 Y126.75 E.03176
G1 X142.45 Y126.75 E.00009
G1 X142.45 Y93.25 E.03176
G1 X142.35 Y93.25 E.00009
G1 X142.35 Y126.75 E.03176
G1 X142.25 Y126.75 E.00009
G1 X142.25 Y93.25 E.03176
G1 X142.15 Y93.25 E.00009
G1 X142.15 Y126.75 E.03176
G1 X142.05 Y126.75 E.00009
G1 X142.05 Y93.25 E.03176
G1 X141.95 Y93.25 E.00009
G1 X141.95 Y126.75 E.03176
G1 X141.85 Y126.75 E.00009
G1 X141.85 Y93.25 E.03176
G1 X141.75 Y93.25 E.00009
G1 X141.75 Y126.75 E.03176
G1 X141.65 Y126.75 E.00009
G1 X141.65 Y93.25 E.03176
G1 X141.55 Y93.25 E.00009
G1 X141.55 Y126.75 E.03176
G1 X141.45 Y126.75 E.00009
G1 X141.45 Y93.25 E.03176
G1 X141.35 Y93.25 E.00009
G1 X141.35 Y126.75 E.03176
G1 X141.25 Y126.75 E.00009
G1 X141.25 Y93.25 E.03176
G1 X141.15 Y93.25 E.00009
G1 X141.15 Y126.75 E.03176
G1 X141.05 Y126.75 E.00009
G1 X141.05 Y93.25 E.03176
G1 X140.95 Y93.25 E.00009
G1 X140.95 Y126.75 E.03176
G1 X140.85 Y126.75 E.00009
G1 X140.85 Y93.25 E.03176
G1 X140.75 Y93.25 E.00009
G1 X140.75 Y126.75 E.03176
G1 X140.65 Y126.75 E.00009
G1 X140.65 Y93.25 E.03176
G1 X140.55 Y93.25 E.00009
G1 X140.55 Y126.75 E.03176
G1 X140.45 Y126.75 E.00009
G1 X140.45 Y93.25 E.03176
G1 X140.35 Y93.25 E.00009
G1 X140.35 Y126.75 E.03176
G1 X140.25 Y126.75 E.00009
G1 X140.25 Y93.25 E.03176
G1 X140.15 Y93.25 E.00009
G1 X140.15 Y126.75 E.03176
G1 X140.05 Y126.75 E.00009
G1 X140.05 Y93.25 E.03176
G1 X139.95 Y93.25 E.00009
G1 X139.95 Y126.75 E.03176
G1 X139.85 Y126.75 E.00009
G1 X139.85 Y93.25 E.03176
G1 X139.75 Y93.25 E.00009
G1 X139.75 Y126.75 E.03176
G1 X139.65 Y126.75 E.00009
G1 X139.65 Y93.25 E.03176
G1 X139.55 Y93.25 E.00009
G1 X139.55 Y126.75 E.03176
G1 X139.45 Y126.75 E.00009
G1 X139.45 Y93.25 E.03176
G1 X139.35 Y93.25 E.00009
G1 X139.35 Y126.75 E.03176
G1 X139.25 Y126.75 E.00009
G1 X139.25 Y93.25 E.03176
G1 X139.15 Y93.25 E.00009
G1 X139.15 Y126.75 E.03176
G1 X139.05 Y126.75 E.00009
G1 X139.05 Y93.25 E.03176
G1 X138.95 Y93.25 E.00009
G1 X138.95 Y126.75 E.03176
G1 X138.85 Y126.75 E.00009
G1 X138.85 Y93.25 E.03176
G1 X138.75 Y93.25 E.00009
G1 X138.75 Y126.75 E.03176
G1 X138.65 Y126.75 E.00009
G1 X138.65 Y93.25 E.03176
G1 X138.55 Y93.25 E.00009
G1 X138.55 Y126.75 E.03176
G1 X138.45 Y126.75 E.00009
G1 X138.45 Y93.25 E.03176
G1 X138.35 Y93.25 E.00009
G1 X138.35 Y126.75 E.03176
G1 X138.25 Y126.75 E.00009
G1 X138.25 Y93.25 E.03176
G1 X138.15 Y93.25 E.00009
G1 X138.15 Y126.75 E.03176
G1 X138.05 Y126.75 E.00009
G1 X138.05 Y93.25 E.03176
G1 X137.95 Y93.25 E.00009
G1 X137.95 Y126.75 E.03176
G1 X137.85 Y126.75 E.00009
G1 X137.85 Y93.25 E.03176
G1 X137.75 Y93.25 E.00009
G1 X137.75 Y126.75 E.03176
G1 X137.65 Y126.75 E.00009
G1 X137.65 Y93.25 E.03176
G1 X137.55 Y93.25 E.00009
G1 X137.55 Y126.75 E.03176
G1 X137.45 Y126.75 E.00009
G1 X137.45 Y93.25 E.03176
G1 X137.35 Y93.25 E.00009
G1 X137.35 Y126.75 E.03176
G1 X137.25 Y126.75 E.00009
G1 X137.25 Y93.25 E.03176
G1 X137.15 Y93.25 E.00009
G1 X137.15 Y126.75 E.03176
G1 X137.05 Y126.75 E.00009
G1 X137.05 Y93.25 E.03176
G1 X136.95 Y93.25 E.00009
G1 X136.95 Y126.75 E.03176
G1 X136.85 Y126.75 E.00009
G1 X136.85 Y93.25 E.03176
G1 X136.75 Y93.25 E.00009
G1 X136.75 Y126.75 E.03176
G1 X136.65 Y126.75 E.00009
G1 X136.65 Y93.25 E.03176
G1 X136.55 Y93.25 E.00009
G1 X136.55 Y126.75 E.03176
G1 X136.45 Y126.75 E.00009
G1 X136.45 Y93.25 E.03176
G1 X136.35 Y93.25 E.00009
G1 X136.35 Y126.75 E.03176
G1 X136.25 Y126.75 E.00009
G1 X136.25 Y93.25 E.03176
G1 X136.15 Y93.25 E.00009
G1 X136.15 Y126.75 E.03176
G1 X136.05 Y126.75 E.00009
G1 X136.05 Y93.25 E.03176
G1 X135.95 Y93.25 E.00009
G1 X135.95 Y126.75 E.03176
G1 X135.85 Y126.75 E.00009
G1 X135.85 Y93.25 E.03176
G1 X135.75 Y93.25 E.00009
G1 X135.75 Y126.75 E.03176
G1 X135.65 Y126.75 E.00009
G1 X135.65 Y93.25 E.03176
G1 X135.55 Y93.25 E.00009
G1 X135.55 Y126.75 E.03176
G1 X135.45 Y126.75 E.00009
G1 X135.45 Y93.25 E.03176
G1 X135.35 Y93.25 E.00009
G1 X135.35 Y126.75 E.03176
G1 X135.25 Y126.75 E.00009
G1 X135.25 Y93.25 E.03176
G1 X135.15 Y93.25 E.00009
G1 X135.15 Y126.75 E.03176
G1 X135.05 Y126.75 E.00009
G1 X135.05 Y93.25 E.03176
G1 X134.95 Y93.25 E.00009
G1 X134.95 Y126.75 E.03176
G1 X134.85 Y126.75 E.00009
G1 X134.85 Y93.25 E.03176
G1 X134.75 Y93.25 E.00009
G1 X134.75 Y126.75 E.03176
G1 X134.65 Y126.75 E.00009
G1 X134.65 Y93.25 E.03176
G1 X134.55 Y93.25 E.00009
G1 X134.55 Y126.75 E.03176
G1 X134.45 Y126.75 E.00009
G1 X134.45 Y93.25 E.03176
G1 X134.35 Y93.25 E.00009
G1 X134.35 Y126.75 E.03176
G1 X134.25 Y126.75 E.00009
G1 X134.25 Y93.25 E.03176
G1 X134.15 Y93.25 E.00009
G1 X134.15 Y126.75 E.03176
G1 X134.05 Y126.75 E.00009
G1 X134.05 Y93.25 E.03176
G1 X133.95 Y93.25 E.00009
G1 X133.95 Y126.75 E.03176
G1 X133.85 Y126.75 E.00009
G1 X133.85 Y93.25 E.03176
G1 X133.75 Y93.25 E.00009
G1 X133.75 Y126.75 E.03176
G1 X133.65 Y126.75 E.00009
G1 X133.65 Y93.25 E.03176
G1 X133.55 Y93.25 E.00009
G1 X133.55 Y126.75 E.03176
G1 X133.45 Y126.75 E.00009
G1 X133.45 Y93.25 E.03176
G1 X133.35 Y93.25 E.00009
G1 X133.35 Y126.75 E.03176
G1 X133.25 Y126.75 E.00009
G1 X133.25 Y93.25 E.03176
G1 X133.15 Y93.25 E.00009
G1 X133.15 Y126.75 E.03176
G1 X133.05 Y126.75 E.00009
G1 X133.05 Y93.25 E.03176
G1 X132.95 Y93.25 E.00009
G1 X132.95 Y126.75 E.03176
G1 X132.85 Y126.75 E.00009
G1 X132.85 Y93.25 E.03176
G1 X132.75 Y93.25 E.00009
G1 X132.75 Y126.75 E.03176
G1 X132.65 Y126.75 E.00009
G1 X132.65 Y93.25 E.03176
G1 X132.55 Y93.25 E.00009
G1 X132.55 Y126.75 E.03176
G1 X132.45 Y126.75 E.00009
G1 X132.45 Y93.25 E.03176
G1 X132.35 Y93.25 E.00009
G1 X132.35 Y126.75 E.03176
G1 X132.25 Y126.75 E.00009
G1 X132.25 Y93.25 E.03176
G1 X132.15 Y93.25 E.00009
G1 X132.15 Y126.75 E.03176
G1 X132.05 Y126.75 E.00009
G1 X132.05 Y93.25 E.03176
G1 X131.95 Y93.25 E.00009
G1 X131.95 Y126.75 E.03176
G1 X131.85 Y126.75 E.00009
G1 X131.85 Y93.25 E.03176
G1 X131.75 Y93.25 E.00009
G1 X131.75 Y126.75 E.03176
G1 X131.65 Y126.75 E.00009
G1 X131.65 Y93.25 E.03176
G1 X131.55 Y93.25 E.00009
G1 X131.55 Y126.75 E.03176
G1 X131.45 Y126.75 E.00009
G1 X131.45 Y93.25 E.03176
G1 X131.35 Y93.25 E.00009
G1 X131.35 Y126.75 E.03176
G1 X131.25 Y126.75 E.00009
G1 X131.25 Y93.25 E.03176
G1 X131.15 Y93.25 E.00009
G1 X131.15 Y126.75 E.03176
G1 X131.05 Y126.75 E.00009
G1 X131.05 Y93.25 E.03176
G1 X130.95 Y93.25 E.00009
G1 X130.95 Y126.75 E.03176
G1 X130.85 Y126.75 E.00009
G1 X130.85 Y93.25 E.03176
G1 X130.75 Y93.25 E.00009
G1 X130.75 Y126.75 E.03176
G1 X130.65 Y126.75 E.00009
G1 X130.65 Y93.25 E.03176
G1 X130.55 Y93.25 E.00009
G1 X130.55 Y126.75 E.03176
G1 X130.45 Y126.75 E.00009
G1 X130.45 Y93.25 E.03176
G1 X130.35 Y93.25 E.00009
G1 X130.35 Y126.75 E.03176
G1 X130.25 Y126.75 E.00009
G1 X130.25 Y93.25 E.03176
G1 X130.15 Y93.25 E.00009
G1 X130.15 Y126.75 E.03176
G1 X130.05 Y126.75 E.00009
G1 X130.05 Y93.25 E.03176
G1 X129.95 Y93.25 E.00009
G1 X129.95 Y126.75 E.03176
G1 X129.85 Y126.75 E.00009
G1 X129.85 Y93.25 E.03176
G1 X129.75 Y93.25 E.00009
G1 X129.75 Y126.75 E.03176
G1 X129.65 Y126.75 E.00009
G1 X129.65 Y124.45 E.00218
G1 X129.55 Y124.45 E.00009
G1 X129.55 Y126.75 E.00218
G1 X129.45 Y126.75 E.00009
G1 X129.45 Y124.45 E.00218
G1 X129.35 Y124.45 E.00009
G1 X129.35 Y126.75 E.00218
G1 X129.25 Y126.75 E.00009
G1 X129.25 Y124.45 E.00218
G1 X129.15 Y124.45 E.00009
G1 X129.15 Y126.75 E.00218
G1 X129.05 Y126.75 E.00009
G1 X129.05 Y124.45 E.00218
G1 X128.95 Y124.45 E.00009
G1 X128.95 Y126.75 E.00218
G1 X128.85 Y126.75 E.00009
G1 X128.85 Y124.45 E.00218
G1 X128.75 Y124.45 E.00009
G1 X128.75 Y126.75 E.00218
G1 X128.65 Y126.75 E.00009
G1 X128.65 Y124.45 E.00218
G1 X128.55 Y124.45 E.00009
G1 X128.55 Y126.75 E.00218
G1 X128.45 Y126.75 E.00009
G1 X128.45 Y124.45 E.00218
G1 X128.35 Y124.45 E.00009
G1 X128.35 Y126.75 E.00218
G1 X128.25 Y126.75 E.00009
G1 X128.25 Y124.405 E.00222
G1 E-.7 F2100
;WIPE_START
G1 F900
G1 X128.25 Y125.405 E-.3
;WIPE_END
G1 X129.454 Y121.784 Z3.16 F9000
G1 X129.65 Y121.195 Z3.16
G1 Z2.96
G1 E1 F2100
G1 F900
G1 X129.65 Y98.85 E.02118
G1 X129.55 Y98.85 E.00009
G1 X129.55 Y121.15 E.02114
G1 X129.45 Y121.15 E.00009
G1 X129.45 Y98.85 E.02114
G1 X129.35 Y98.85 E.00009
G1 X129.35 Y121.15 E.02114
G1 X129.25 Y121.15 E.00009
G1 X129.25 Y98.85 E.02114
G1 X129.15 Y98.85 E.00009
G1 X129.15 Y121.15 E.02114
G1 X129.05 Y121.15 E.00009
G1 X129.05 Y98.85 E.02114
G1 X128.95 Y98.85 E.00009
G1 X128.95 Y121.15 E.02114
G1 X128.85 Y121.15 E.00009
G1 X128.85 Y98.85 E.02114
G1 X128.75 Y98.85 E.00009
G1 X128.75 Y121.15 E.02114
G1 X128.65 Y121.15 E.00009
G1 X128.65 Y98.85 E.02114
G1 X128.55 Y98.85 E.00009
G1 X128.55 Y121.15 E.02114
G1 X128.45 Y121.15 E.00009
G1 X128.45 Y98.85 E.02114
G1 X128.35 Y98.85 E.00009
G1 X128.35 Y121.15 E.02114
G1 X128.25 Y121.15 E.00009
G1 X128.25 Y98.805 E.02118
G1 E-.7 F2100
;WIPE_START
G1 F900
G1 X128.25 Y99.805 E-.3
;WIPE_END
G1 X129.454 Y96.184 Z3.16 F9000
G1 X129.65 Y95.595 Z3.16
G1 Z2.96
G1 E1 F2100
G1 F900
G1 X129.65 Y93.25 E.00222
G1 X129.55 Y93.25 E.00009
G1 X129.55 Y95.55 E.00218
G1 X129.45 Y95.55 E.00009
G1 X129.45 Y93.25 E.00218
G1 X129.35 Y93.25 E.00009
G1 X129.35 Y95.55 E.00218
G1 X129.25 Y95.55 E.00009
G1 X129.25 Y93.25 E.00218
G1 X129.15 Y93.25 E.00009
G1 X129.15 Y95.55 E.00218
G1 X129.05 Y95.55 E.00009
G1 X129.05 Y93.25 E.00218
G1 X128.95 Y93.25 E.00009
G1 X128.95 Y95.55 E.00218
G1 X128.85 Y95.55 E.00009
G1 X128.85 Y93.25 E.00218
G1 X128.75 Y93.25 E.00009
G1 X128.75 Y95.55 E.00218
G1 X128.65 Y95.55 E.00009
G1 X128.65 Y93.25 E.00218
G1 X128.55 Y93.25 E.00009
G1 X128.55 Y95.55 E.00218
G1 X128.45 Y95.55 E.00009
G1 X128.45 Y93.25 E.00218
G1 X128.35 Y93.25 E.00009
G1 X128.35 Y95.55 E.00218
G1 X128.25 Y95.55 E.00009
G1 X128.25 Y93.25 E.00218
G1 X128.15 Y93.25 E.00009
G1 X128.15 Y126.75 E.03176
G1 X128.05 Y126.75 E.00009
G1 X128.05 Y93.25 E.03176
G1 X127.95 Y93.25 E.00009
G1 X127.95 Y126.75 E.03176
G1 X127.85 Y126.75 E.00009
G1 X127.85 Y93.25 E.03176
G1 X127.75 Y93.25 E.00009
G1 X127.75 Y126.75 E.03176
G1 X127.65 Y126.75 E.00009
G1 X127.65 Y93.25 E.03176
G1 X127.55 Y93.25 E.00009
G1 X127.55 Y126.75 E.03176
G1 X127.45 Y126.75 E.00009
G1 X127.45 Y93.25 E.03176
G1 X127.35 Y93.25 E.00009
G1 X127.35 Y126.75 E.03176
G1 X127.25 Y126.75 E.00009
G1 X127.25 Y93.25 E.03176
G1 X127.15 Y93.25 E.00009
G1 X127.15 Y126.75 E.03176
G1 X127.05 Y126.75 E.00009
G1 X127.05 Y93.25 E.03176
G1 X126.95 Y93.25 E.00009
G1 X126.95 Y126.75 E.03176
G1 X126.85 Y126.75 E.00009
G1 X126.85 Y93.25 E.03176
G1 X126.75 Y93.25 E.00009
G1 X126.75 Y126.75 E.03176
G1 X126.65 Y126.75 E.00009
G1 X126.65 Y93.25 E.03176
G1 X126.55 Y93.25 E.00009
G1 X126.55 Y126.75 E.03176
G1 X126.45 Y126.75 E.00009
G1 X126.45 Y93.25 E.03176
G1 X126.35 Y93.25 E.00009
G1 X126.35 Y126.75 E.03176
G1 X126.25 Y126.75 E.00009
G1 X126.25 Y93.25 E.03176
G1 X126.15 Y93.25 E.00009
G1 X126.15 Y126.75 E.03176
G1 X126.05 Y126.75 E.00009
G1 X126.05 Y93.25 E.03176
G1 X125.95 Y93.25 E.00009
G1 X125.95 Y126.75 E.03176
G1 X125.85 Y126.75 E.00009
G1 X125.85 Y93.25 E.03176
G1 X125.75 Y93.25 E.00009
G1 X125.75 Y126.75 E.03176
G1 X125.65 Y126.75 E.00009
G1 X125.65 Y93.25 E.03176
G1 X125.55 Y93.25 E.00009
G1 X125.55 Y126.75 E.03176
G1 X125.45 Y126.75 E.00009
G1 X125.45 Y93.25 E.03176
G1 X125.35 Y93.25 E.00009
G1 X125.35 Y126.75 E.03176
G1 X125.25 Y126.75 E.00009
G1 X125.25 Y93.25 E.03176
G1 X125.15 Y93.25 E.00009
G1 X125.15 Y126.75 E.03176
G1 X125.05 Y126.75 E.00009
G1 X125.05 Y93.25 E.03176
G1 X124.95 Y93.25 E.00009
G1 X124.95 Y126.795 E.0318
G1 E-.7 F2100
;WIPE_START
G1 F900
G1 X124.95 Y125.795 E-.3
;WIPE_END
G1 X124.85 Y124.405 Z3.16 F9000
G1 Z2.96
G1 E1 F2100
G1 F900
G1 X124.85 Y126.75 E.00222
G1 X124.75 Y126.75 E.00009
G1 X124.75 Y124.45 E.00218
G1 X124.65 Y124.45 E.00009
G1 X124.65 Y126.75 E.00218
G1 X124.55 Y126.75 E.00009
G1 X124.55 Y124.45 E.00218
G1 X124.45 Y124.45 E.00009
G1 X124.45 Y126.75 E.00218
G1 X124.35 Y126.75 E.00009
G1 X124.35 Y124.45 E.00218
G1 X124.25 Y124.45 E.00009
G1 X124.25 Y126.75 E.00218
G1 X124.15 Y126.75 E.00009
G1 X124.15 Y124.405 E.00222
G1 E-.7 F2100
;WIPE_START
G1 F900
G1 X124.15 Y125.405 E-.3
;WIPE_END
G1 X124.776 Y121.64 Z3.16 F9000
G1 X124.85 Y121.195 Z3.16
G1 Z2.96
G1 E1 F2100
G1 F900
G1 X124.85 Y98.85 E.02118
G1 X124.75 Y98.85 E.00009
G1 X124.75 Y121.15 E.02114
G1 X124.65 Y121.15 E.00009
G1 X124.65 Y98.85 E.02114
G1 X124.55 Y98.85 E.00009
G1 X124.55 Y121.15 E.02114
G1 X124.45 Y121.15 E.00009
G1 X124.45 Y98.85 E.02114
G1 X124.35 Y98.85 E.00009
G1 X124.35 Y121.15 E.02114
G1 X124.25 Y121.15 E.00009
G1 X124.25 Y98.85 E.02114
G1 X124.15 Y98.85 E.00009
G1 X124.15 Y121.195 E.02118
G1 E-.7 F2100
;WIPE_START
G1 F900
G1 X124.15 Y120.195 E-.3
;WIPE_END
G1 X124.258 Y116.38 Z3.16 F9000
G1 X124.85 Y95.595 Z3.16
G1 Z2.96
G1 E1 F2100
G1 F900
G1 X124.85 Y93.25 E.00222
G1 X124.75 Y93.25 E.00009
G1 X124.75 Y95.55 E.00218
G1 X124.65 Y95.55 E.00009
G1 X124.65 Y93.25 E.00218
G1 X124.55 Y93.25 E.00009
G1 X124.55 Y95.55 E.00218
G1 X124.45 Y95.55 E.00009
G1 X124.45 Y93.25 E.00218
G1 X124.35 Y93.25 E.00009
G1 X124.35 Y95.55 E.00218
G1 X124.25 Y95.55 E.00009
G1 X124.25 Y93.25 E.00218
G1 X124.15 Y93.25 E.00009
G1 X124.15 Y95.595 E.00222
G1 E-.7 F2100
;WIPE_START
G1 F900
G1 X124.15 Y94.595 E-.3
;WIPE_END
G1 X124.05 Y93.205 Z3.16 F9000
G1 Z2.96
G1 E1 F2100
G1 F900
G1 X124.05 Y126.75 E.0318
G1 X123.95 Y126.75 E.00009
G1 X123.95 Y93.25 E.03176
G1 X123.85 Y93.25 E.00009
G1 X123.85 Y126.75 E.03176
G1 X123.75 Y126.75 E.00009
G1 X123.75 Y93.25 E.03176
G1 X123.65 Y93.25 E.00009
G1 X123.65 Y126.75 E.03176
G1 X123.55 Y126.75 E.00009
G1 X123.55 Y93.25 E.03176
G1 X123.45 Y93.25 E.00009
G1 X123.45 Y126.75 E.03176
G1 X123.35 Y126.75 E.00009
G1 X123.35 Y93.25 E.03176
G1 X123.25 Y93.25 E.00009
G1 X123.25 Y126.75 E.03176
G1 X123.15 Y126.75 E.00009
G1 X123.15 Y93.25 E.03176
G1 X123.05 Y93.25 E.00009
G1 X123.05 Y126.75 E.03176
G1 X122.95 Y126.75 E.00009
G1 X122.95 Y93.25 E.03176
G1 X122.85 Y93.25 E.00009
G1 X122.85 Y126.75 E.03176
G1 X122.75 Y126.75 E.00009
G1 X122.75 Y93.25 E.03176
G1 X122.65 Y93.25 E.00009
G1 X122.65 Y126.75 E.03176
G1 X122.55 Y126.75 E.00009
G1 X122.55 Y93.25 E.03176
G1 X122.45 Y93.25 E.00009
G1 X122.45 Y126.75 E.03176
G1 X122.35 Y126.75 E.00009
G1 X122.35 Y93.25 E.03176
G1 X122.25 Y93.25 E.00009
G1 X122.25 Y126.75 E.03176
G1 X122.15 Y126.75 E.00009
G1 X122.15 Y93.25 E.03176
G1 X122.05 Y93.25 E.00009
G1 X122.05 Y126.75 E.03176
G1 X121.95 Y126.75 E.00009
G1 X121.95 Y93.25 E.03176
G1 X121.85 Y93.25 E.00009
G1 X121.85 Y126.75 E.03176
G1 X121.75 Y126.75 E.00009
G1 X121.75 Y93.25 E.03176
G1 X121.65 Y93.25 E.00009
G1 X121.65 Y126.75 E.03176
G1 X121.55 Y126.75 E.00009
G1 X121.55 Y93.25 E.03176
G1 X121.45 Y93.25 E.00009
G1 X121.45 Y126.75 E.03176
G1 X121.35 Y126.75 E.00009
G1 X121.35 Y93.25 E.03176
G1 X121.25 Y93.25 E.00009
G1 X121.25 Y126.75 E.03176
G1 X121.15 Y126.75 E.00009
G1 X121.15 Y93.25 E.03176
G1 X121.05 Y93.25 E.00009
G1 X121.05 Y126.75 E.03176
G1 X120.95 Y126.75 E.00009
G1 X120.95 Y93.25 E.03176
G1 X120.85 Y93.25 E.00009
G1 X120.85 Y126.75 E.03176
G1 X120.75 Y126.75 E.00009
G1 X120.75 Y93.25 E.03176
G1 X120.65 Y93.25 E.00009
G1 X120.65 Y126.75 E.03176
G1 X120.55 Y126.75 E.00009
G1 X120.55 Y93.25 E.03176
G1 X120.45 Y93.25 E.00009
G1 X120.45 Y126.75 E.03176
G1 X120.35 Y126.75 E.00009
G1 X120.35 Y93.25 E.03176
G1 X120.25 Y93.25 E.00009
G1 X120.25 Y126.75 E.03176
G1 X120.15 Y126.75 E.00009
G1 X120.15 Y93.25 E.03176
G1 X120.05 Y93.25 E.00009
G1 X120.05 Y126.75 E.03176
G1 X119.95 Y126.75 E.00009
G1 X119.95 Y93.25 E.03176
G1 X119.85 Y93.25 E.00009
G1 X119.85 Y126.75 E.03176
G1 X119.75 Y126.75 E.00009
G1 X119.75 Y93.25 E.03176
G1 X119.65 Y93.25 E.00009
G1 X119.65 Y126.75 E.03176
G1 X119.55 Y126.75 E.00009
G1 X119.55 Y93.25 E.03176
G1 X119.45 Y93.25 E.00009
G1 X119.45 Y126.75 E.03176
G1 X119.35 Y126.75 E.00009
G1 X119.35 Y93.25 E.03176
G1 X119.25 Y93.25 E.00009
G1 X119.25 Y126.75 E.03176
G1 X119.15 Y126.75 E.00009
G1 X119.15 Y93.25 E.03176
G1 X119.05 Y93.25 E.00009
G1 X119.05 Y126.75 E.03176
G1 X118.95 Y126.75 E.00009
G1 X118.95 Y93.25 E.03176
G1 X118.85 Y93.25 E.00009
G1 X118.85 Y126.75 E.03176
G1 X118.75 Y126.75 E.00009
G1 X118.75 Y93.25 E.03176
G1 X118.65 Y93.25 E.00009
G1 X118.65 Y126.75 E.03176
G1 X118.55 Y126.75 E.00009
G1 X118.55 Y93.25 E.03176
G1 X118.45 Y93.25 E.00009
G1 X118.45 Y126.75 E.03176
G1 X118.35 Y126.75 E.00009
G1 X118.35 Y93.25 E.03176
G1 X118.25 Y93.25 E.00009
G1 X118.25 Y126.75 E.03176
G1 X118.15 Y126.75 E.00009
G1 X118.15 Y93.25 E.03176
G1 X118.05 Y93.25 E.00009
G1 X118.05 Y126.75 E.03176
G1 X117.95 Y126.75 E.00009
G1 X117.95 Y93.25 E.03176
G1 X117.85 Y93.25 E.00009
G1 X117.85 Y126.75 E.03176
G1 X117.75 Y126.75 E.00009
G1 X117.75 Y93.25 E.03176
G1 X117.65 Y93.25 E.00009
G1 X117.65 Y126.75 E.03176
G1 X117.55 Y126.75 E.00009
G1 X117.55 Y93.25 E.03176
G1 X117.45 Y93.25 E.00009
G1 X117.45 Y126.75 E.03176
G1 X117.35 Y126.75 E.00009
G1 X117.35 Y93.25 E.03176
G1 X117.25 Y93.25 E.00009
G1 X117.25 Y126.75 E.03176
G1 X117.15 Y126.75 E.00009
G1 X117.15 Y93.25 E.03176
G1 X117.05 Y93.25 E.00009
G1 X117.05 Y126.75 E.03176
G1 X116.95 Y126.75 E.00009
G1 X116.95 Y93.25 E.03176
G1 X116.85 Y93.25 E.00009
G1 X116.85 Y126.75 E.03176
G1 X116.75 Y126.75 E.00009
G1 X116.75 Y93.25 E.03176
G1 X116.65 Y93.25 E.00009
G1 X116.65 Y126.75 E.03176
G1 X116.55 Y126.75 E.00009
G1 X116.55 Y93.25 E.03176
G1 X116.45 Y93.25 E.00009
G1 X116.45 Y126.75 E.03176
G1 X116.35 Y126.75 E.00009
G1 X116.35 Y93.25 E.03176
G1 X116.25 Y93.25 E.00009
G1 X116.25 Y126.75 E.03176
G1 X116.15 Y126.75 E.00009
G1 X116.15 Y93.25 E.03176
G1 X116.05 Y93.25 E.00009
G1 X116.05 Y126.75 E.03176
G1 X115.95 Y126.75 E.00009
G1 X115.95 Y93.25 E.03176
G1 X115.85 Y93.25 E.00009
G1 X115.85 Y126.75 E.03176
G1 X115.75 Y126.75 E.00009
G1 X115.75 Y93.25 E.03176
G1 X115.65 Y93.25 E.00009
G1 X115.65 Y126.75 E.03176
G1 X115.55 Y126.75 E.00009
G1 X115.55 Y93.25 E.03176
G1 X115.45 Y93.25 E.00009
G1 X115.45 Y126.75 E.03176
G1 X115.35 Y126.75 E.00009
G1 X115.35 Y93.25 E.03176
G1 X115.25 Y93.25 E.00009
G1 X115.25 Y126.75 E.03176
G1 X115.15 Y126.75 E.00009
G1 X115.15 Y93.25 E.03176
G1 X115.05 Y93.25 E.00009
G1 X115.05 Y126.75 E.03176
G1 X114.95 Y126.75 E.00009
G1 X114.95 Y93.25 E.03176
G1 X114.85 Y93.25 E.00009
G1 X114.85 Y126.75 E.03176
G1 X114.75 Y126.75 E.00009
G1 X114.75 Y124.45 E.00218
G1 X114.65 Y124.45 E.00009
G1 X114.65 Y126.75 E.00218
G1 X114.55 Y126.75 E.00009
G1 X114.55 Y124.45 E.00218
G1 X114.45 Y124.45 E.00009
G1 X114.45 Y126.75 E.00218
G1 X114.35 Y126.75 E.00009
G1 X114.35 Y124.45 E.00218
G1 X114.25 Y124.45 E.00009
G1 X114.25 Y126.75 E.00218
G1 X114.15 Y126.75 E.00009
G1 X114.15 Y124.45 E.00218
G1 X114.05 Y124.45 E.00009
G1 X114.05 Y126.75 E.00218
G1 X113.95 Y126.75 E.00009
G1 X113.95 Y124.405 E.00222
G1 E-.7 F2100
;WIPE_START
G1 F900
G1 X113.95 Y125.405 E-.3
;WIPE_END
G1 X114.662 Y121.656 Z3.16 F9000
G1 X114.75 Y121.195 Z3.16
G1 Z2.96
G1 E1 F2100
G1 F900
G1 X114.75 Y98.85 E.02118
G1 X114.65 Y98.85 E.00009
G1 X114.65 Y121.15 E.02114
G1 X114.55 Y121.15 E.00009
G1 X114.55 Y98.85 E.02114
G1 X114.45 Y98.85 E.00009
G1 X114.45 Y121.15 E.02114
G1 X114.35 Y121.15 E.00009
G1 X114.35 Y98.85 E.02114
G1 X114.25 Y98.85 E.00009
G1 X114.25 Y121.15 E.02114
G1 X114.15 Y121.15 E.00009
G1 X114.15 Y98.85 E.02114
G1 X114.05 Y98.85 E.00009
G1 X114.05 Y121.15 E.02114
G1 X113.95 Y121.15 E.00009
G1 X113.95 Y98.805 E.02118
G1 E-.7 F2100
;WIPE_START
G1 F900
G1 X113.95 Y99.805 E-.3
;WIPE_END
G1 X114.662 Y96.056 Z3.16 F9000
G1 X114.75 Y95.595 Z3.16
G1 Z2.96
G1 E1 F2100
G1 F900
G1 X114.75 Y93.25 E.00222
G1 X114.65 Y93.25 E.00009
G1 X114.65 Y95.55 E.00218
G1 X114.55 Y95.55 E.00009
G1 X114.55 Y93.25 E.00218
G1 X114.45 Y93.25 E.00009
G1 X114.45 Y95.55 E.00218
G1 X114.35 Y95.55 E.00009
G1 X114.35 Y93.25 E.00218
G1 X114.25 Y93.25 E.00009
G1 X114.25 Y95.55 E.00218
G1 X114.15 Y95.55 E.00009
G1 X114.15 Y93.25 E.00218
G1 X114.05 Y93.25 E.00009
G1 X114.05 Y95.55 E.00218
G1 X113.95 Y95.55 E.00009
G1 X113.95 Y93.25 E.00218
G1 X113.85 Y93.25 E.00009
G1 X113.85 Y126.75 E.03176
G1 X113.75 Y126.75 E.00009
G1 X113.75 Y93.25 E.03176
G1 X113.65 Y93.25 E.00009
G1 X113.65 Y126.75 E.03176
G1 X113.55 Y126.75 E.00009
G1 X113.55 Y93.25 E.03176
G1 X113.45 Y93.25 E.00009
G1 X113.45 Y126.75 E.03176
G1 X113.35 Y126.75 E.00009
G1 X113.35 Y93.25 E.03176
G1 X113.25 Y93.25 E.00009
G1 X113.25 Y126.75 E.03176
G1 X113.15 Y126.75 E.00009
G1 X113.15 Y93.25 E.03176
G1 X113.05 Y93.25 E.00009
G1 X113.05 Y126.75 E.03176
G1 X112.95 Y126.75 E.00009
G1 X112.95 Y93.25 E.03176
G1 X112.85 Y93.25 E.00009
G1 X112.85 Y126.75 E.03176
G1 X112.75 Y126.75 E.00009
G1 X112.75 Y93.25 E.03176
G1 X112.65 Y93.25 E.00009
G1 X112.65 Y126.75 E.03176
G1 X112.55 Y126.75 E.00009
G1 X112.55 Y93.25 E.03176
G1 X112.45 Y93.25 E.00009
G1 X112.45 Y126.75 E.03176
G1 X112.35 Y126.75 E.00009
G1 X112.35 Y93.25 E.03176
G1 X112.25 Y93.25 E.00009
G1 X112.25 Y126.75 E.03176
G1 X112.15 Y126.75 E.00009
G1 X112.15 Y93.25 E.03176
G1 X112.05 Y93.25 E.00009
G1 X112.05 Y126.75 E.03176
G1 X111.95 Y126.75 E.00009
G1 X111.95 Y93.25 E.03176
G1 X111.85 Y93.25 E.00009
G1 X111.85 Y126.75 E.03176
G1 X111.75 Y126.75 E.00009
G1 X111.75 Y93.25 E.03176
G1 X111.65 Y93.25 E.00009
G1 X111.65 Y126.75 E.03176
G1 X111.55 Y126.75 E.00009
G1 X111.55 Y93.25 E.03176
G1 X111.45 Y93.25 E.00009
G1 X111.45 Y126.75 E.03176
G1 X111.35 Y126.75 E.00009
G1 X111.35 Y93.25 E.03176
G1 X111.25 Y93.25 E.00009
G1 X111.25 Y126.75 E.03176
G1 X111.15 Y126.75 E.00009
G1 X111.15 Y93.25 E.03176
G1 X111.05 Y93.25 E.00009
G1 X111.05 Y126.75 E.03176
G1 X110.95 Y126.75 E.00009
G1 X110.95 Y93.25 E.03176
G1 X110.85 Y93.25 E.00009
G1 X110.85 Y126.75 E.03176
G1 X110.75 Y126.75 E.00009
G1 X110.75 Y93.25 E.03176
G1 X110.65 Y93.25 E.00009
G1 X110.65 Y126.75 E.03176
G1 X110.55 Y126.75 E.00009
G1 X110.55 Y93.25 E.03176
G1 X110.45 Y93.25 E.00009
G1 X110.45 Y126.75 E.03176
G1 X110.35 Y126.75 E.00009
G1 X110.35 Y93.25 E.03176
G1 X110.25 Y93.25 E.00009
G1 X110.25 Y126.75 E.03176
G1 X110.15 Y126.75 E.00009
G1 X110.15 Y93.25 E.03176
G1 X110.05 Y93.25 E.00009
G1 X110.05 Y126.75 E.03176
G1 X109.95 Y126.75 E.00009
G1 X109.95 Y93.25 E.03176
G1 X109.85 Y93.25 E.00009
G1 X109.85 Y126.75 E.03176
G1 X109.75 Y126.75 E.00009
G1 X109.75 Y93.25 E.03176
G1 X109.65 Y93.25 E.00009
G1 X109.65 Y126.75 E.03176
G1 X109.55 Y126.75 E.00009
G1 X109.55 Y93.25 E.03176
G1 X109.45 Y93.25 E.00009
G1 X109.45 Y126.75 E.03176
G1 X109.35 Y126.75 E.00009
G1 X109.35 Y93.25 E.03176
G1 X109.25 Y93.25 E.00009
G1 X109.25 Y126.75 E.03176
G1 X109.15 Y126.75 E.00009
G1 X109.15 Y93.25 E.03176
G1 X109.05 Y93.25 E.00009
G1 X109.05 Y126.75 E.03176
G1 X108.95 Y126.75 E.00009
G1 X108.95 Y93.25 E.03176
G1 X108.85 Y93.25 E.00009
G1 X108.85 Y126.75 E.03176
G1 X108.75 Y126.75 E.00009
G1 X108.75 Y93.25 E.03176
G1 X108.65 Y93.25 E.00009
G1 X108.65 Y126.75 E.03176
G1 X108.55 Y126.75 E.00009
G1 X108.55 Y93.25 E.03176
G1 X108.45 Y93.25 E.00009
G1 X108.45 Y126.75 E.03176
G1 X108.35 Y126.75 E.00009
G1 X108.35 Y93.25 E.03176
G1 X108.25 Y93.25 E.00009
G1 X108.25 Y126.75 E.03176
G1 X108.15 Y126.75 E.00009
G1 X108.15 Y93.25 E.03176
G1 X108.05 Y93.25 E.00009
G1 X108.05 Y126.75 E.03176
G1 X107.95 Y126.75 E.00009
G1 X107.95 Y93.25 E.03176
G1 X107.85 Y93.25 E.00009
G1 X107.85 Y126.75 E.03176
G1 X107.75 Y126.75 E.00009
G1 X107.75 Y93.25 E.03176
G1 X107.65 Y93.25 E.00009
G1 X107.65 Y126.75 E.03176
G1 X107.55 Y126.75 E.00009
G1 X107.55 Y93.25 E.03176
G1 X107.45 Y93.25 E.00009
G1 X107.45 Y126.75 E.03176
G1 X107.35 Y126.75 E.00009
G1 X107.35 Y93.25 E.03176
G1 X107.25 Y93.25 E.00009
G1 X107.25 Y126.75 E.03176
G1 X107.15 Y126.75 E.00009
G1 X107.15 Y93.25 E.03176
G1 X107.05 Y93.25 E.00009
G1 X107.05 Y126.75 E.03176
G1 X106.95 Y126.75 E.00009
G1 X106.95 Y93.25 E.03176
G1 X106.85 Y93.25 E.00009
G1 X106.85 Y126.75 E.03176
G1 X106.75 Y126.75 E.00009
G1 X106.75 Y93.25 E.03176
G1 X106.65 Y93.25 E.00009
G1 X106.65 Y126.75 E.03176
G1 X106.55 Y126.75 E.00009
G1 X106.55 Y93.25 E.03176
G1 X106.45 Y93.25 E.00009
G1 X106.45 Y126.75 E.03176
G1 X106.35 Y126.75 E.00009
G1 X106.35 Y93.25 E.03176
G1 X106.25 Y93.25 E.00009
G1 X106.25 Y126.75 E.03176
G1 X106.15 Y126.75 E.00009
G1 X106.15 Y93.25 E.03176
G1 X106.05 Y93.25 E.00009
G1 X106.05 Y126.75 E.03176
G1 X105.95 Y126.75 E.00009
G1 X105.95 Y93.25 E.03176
G1 X105.85 Y93.25 E.00009
G1 X105.85 Y126.75 E.03176
G1 X105.75 Y126.75 E.00009
G1 X105.75 Y93.25 E.03176
G1 X105.65 Y93.25 E.00009
G1 X105.65 Y126.75 E.03176
G1 X105.55 Y126.75 E.00009
G1 X105.55 Y93.25 E.03176
G1 X105.45 Y93.25 E.00009
G1 X105.45 Y126.75 E.03176
G1 X105.35 Y126.75 E.00009
G1 X105.35 Y93.25 E.03176
G1 X105.25 Y93.25 E.00009
G1 X105.25 Y126.75 E.03176
G1 X105.15 Y126.75 E.00009
G1 X105.15 Y93.25 E.03176
G1 X105.05 Y93.25 E.00009
G1 X105.05 Y126.75 E.03176
G1 X104.95 Y126.75 E.00009
G1 X104.95 Y93.25 E.03176
G1 X104.85 Y93.25 E.00009
G1 X104.85 Y126.75 E.03176
G1 X104.75 Y126.75 E.00009
G1 X104.75 Y93.25 E.03176
G1 X104.65 Y93.25 E.00009
G1 X104.65 Y126.75 E.03176
G1 X104.55 Y126.75 E.00009
G1 X104.55 Y93.25 E.03176
G1 X104.45 Y93.25 E.00009
G1 X104.45 Y126.75 E.03176
G1 X104.35 Y126.75 E.00009
G1 X104.35 Y93.25 E.03176
G1 X104.25 Y93.25 E.00009
G1 X104.25 Y126.75 E.03176
G1 X104.15 Y126.75 E.00009
G1 X104.15 Y93.25 E.03176
G1 X104.05 Y93.25 E.00009
G1 X104.05 Y126.75 E.03176
G1 X103.95 Y126.75 E.00009
G1 X103.95 Y93.25 E.03176
G1 X103.85 Y93.25 E.00009
G1 X103.85 Y126.75 E.03176
G1 X103.75 Y126.75 E.00009
G1 X103.75 Y93.25 E.03176
G1 X103.65 Y93.25 E.00009
G1 X103.65 Y126.75 E.03176
G1 X103.55 Y126.75 E.00009
G1 X103.55 Y93.25 E.03176
G1 X103.45 Y93.25 E.00009
G1 X103.45 Y126.75 E.03176
G1 X103.35 Y126.75 E.00009
G1 X103.35 Y93.25 E.03176
G1 X103.25 Y93.25 E.00009
G1 X103.25 Y126.75 E.03176
G1 X103.15 Y126.75 E.00009
G1 X103.15 Y93.25 E.03176
G1 X103.05 Y93.25 E.00009
G1 X103.05 Y126.75 E.03176
G1 X102.95 Y126.75 E.00009
G1 X102.95 Y93.25 E.03176
G1 X102.85 Y93.25 E.00009
G1 X102.85 Y126.75 E.03176
G1 X102.75 Y126.75 E.00009
G1 X102.75 Y93.25 E.03176
G1 X102.65 Y93.25 E.00009
G1 X102.65 Y126.75 E.03176
G1 X102.55 Y126.75 E.00009
G1 X102.55 Y93.25 E.03176
G1 X102.45 Y93.25 E.00009
G1 X102.45 Y126.75 E.03176
G1 X102.35 Y126.75 E.00009
G1 X102.35 Y93.25 E.03176
G1 X102.25 Y93.25 E.00009
G1 X102.25 Y126.75 E.03176
G1 X102.15 Y126.75 E.00009
G1 X102.15 Y93.25 E.03176
G1 X102.05 Y93.25 E.00009
G1 X102.05 Y95.55 E.00218
G1 X101.95 Y95.55 E.00009
G1 X101.95 Y93.25 E.00218
G1 X101.85 Y93.25 E.00009
G1 X101.85 Y95.55 E.00218
G1 X101.75 Y95.55 E.00009
G1 X101.75 Y93.25 E.00218
G1 X101.65 Y93.25 E.00009
G1 X101.65 Y95.55 E.00218
G1 X101.55 Y95.55 E.00009
G1 X101.55 Y93.25 E.00218
G1 X101.45 Y93.25 E.00009
G1 X101.45 Y95.55 E.00218
G1 X101.35 Y95.55 E.00009
G1 X101.35 Y93.25 E.00218
G1 X101.25 Y93.25 E.00009
G1 X101.25 Y95.595 E.00222
G1 E-.7 F2100
;WIPE_START
G1 F900
G1 X101.25 Y94.595 E-.3
;WIPE_END
G1 X101.962 Y98.344 Z3.16 F9000
G1 X102.05 Y98.805 Z3.16
G1 Z2.96
G1 E1 F2100
G1 F900
G1 X102.05 Y121.15 E.02118
G1 X101.95 Y121.15 E.00009
G1 X101.95 Y98.85 E.02114
G1 X101.85 Y98.85 E.00009
G1 X101.85 Y121.15 E.02114
G1 X101.75 Y121.15 E.00009
G1 X101.75 Y98.85 E.02114
G1 X101.65 Y98.85 E.00009
G1 X101.65 Y121.15 E.02114
G1 X101.55 Y121.15 E.00009
G1 X101.55 Y98.85 E.02114
G1 X101.45 Y98.85 E.00009
G1 X101.45 Y121.15 E.02114
G1 X101.35 Y121.15 E.00009
G1 X101.35 Y98.85 E.02114
G1 X101.25 Y98.85 E.00009
G1 X101.25 Y121.195 E.02118
G1 E-.7 F2100
;WIPE_START
G1 F900
G1 X101.25 Y120.195 E-.3
;WIPE_END
G1 X101.962 Y123.944 Z3.16 F9000
G1 X102.05 Y124.405 Z3.16
G1 Z2.96
G1 E1 F2100
G1 F900
G1 X102.05 Y126.75 E.00222
G1 X101.95 Y126.75 E.00009
G1 X101.95 Y124.45 E.00218
G1 X101.85 Y124.45 E.00009
G1 X101.85 Y126.75 E.00218
G1 X101.75 Y126.75 E.00009
G1 X101.75 Y124.45 E.00218
G1 X101.65 Y124.45 E.00009
G1 X101.65 Y126.75 E.00218
G1 X101.55 Y126.75 E.00009
G1 X101.55 Y124.45 E.00218
G1 X101.45 Y124.45 E.00009
G1 X101.45 Y126.75 E.00218
G1 X101.35 Y126.75 E.00009
G1 X101.35 Y124.45 E.00218
G1 X101.25 Y124.45 E.00009
G1 X101.25 Y126.75 E.00218
G1 X101.15 Y126.75 E.00009
G1 X101.15 Y93.25 E.03176
G1 X101.05 Y93.25 E.00009
G1 X101.05 Y126.75 E.03176
G1 X100.95 Y126.75 E.00009
G1 X100.95 Y93.25 E.03176
G1 X100.85 Y93.25 E.00009
G1 X100.85 Y126.75 E.03176
G1 X100.75 Y126.75 E.00009
G1 X100.75 Y93.25 E.03176
G1 X100.65 Y93.25 E.00009
G1 X100.65 Y126.75 E.03176
G1 X100.55 Y126.75 E.00009
G1 X100.55 Y93.25 E.03176
G1 X100.45 Y93.25 E.00009
G1 X100.45 Y126.75 E.03176
G1 X100.35 Y126.75 E.00009
G1 X100.35 Y93.25 E.03176
G1 X100.25 Y93.25 E.00009
G1 X100.25 Y126.75 E.03176
G1 X100.15 Y126.75 E.00009
G1 X100.15 Y93.25 E.03176
G1 X100.05 Y93.25 E.00009
G1 X100.05 Y126.75 E.03176
G1 X99.95 Y126.75 E.00009
G1 X99.95 Y93.25 E.03176
G1 X99.85 Y93.25 E.00009
G1 X99.85 Y126.75 E.03176
G1 X99.75 Y126.75 E.00009
G1 X99.75 Y93.25 E.03176
G1 X99.65 Y93.25 E.00009
G1 X99.65 Y126.75 E.03176
G1 X99.55 Y126.75 E.00009
G1 X99.55 Y93.25 E.03176
G1 X99.45 Y93.25 E.00009
G1 X99.45 Y126.75 E.03176
G1 X99.35 Y126.75 E.00009
G1 X99.35 Y93.25 E.03176
G1 X99.25 Y93.25 E.00009
G1 X99.25 Y126.75 E.03176
G1 X99.15 Y126.75 E.00009
G1 X99.15 Y93.25 E.03176
G1 X99.05 Y93.25 E.00009
G1 X99.05 Y126.75 E.03176
G1 X98.95 Y126.75 E.00009
G1 X98.95 Y93.25 E.03176
G1 X98.85 Y93.25 E.00009
G1 X98.85 Y126.75 E.03176
G1 X98.75 Y126.75 E.00009
G1 X98.75 Y93.25 E.03176
G1 X98.65 Y93.25 E.00009
G1 X98.65 Y126.75 E.03176
G1 X98.55 Y126.75 E.00009
G1 X98.55 Y93.25 E.03176
G1 X98.45 Y93.25 E.00009
G1 X98.45 Y126.75 E.03176
G1 X98.35 Y126.75 E.00009
G1 X98.35 Y93.25 E.03176
G1 X98.25 Y93.25 E.00009
G1 X98.25 Y126.75 E.03176
G1 X98.15 Y126.75 E.00009
G1 X98.15 Y93.25 E.03176
G1 X98.05 Y93.25 E.00009
G1 X98.05 Y126.75 E.03176
G1 X97.95 Y126.75 E.00009
G1 X97.95 Y93.25 E.03176
G1 X97.85 Y93.25 E.00009
G1 X97.85 Y126.75 E.03176
G1 X97.75 Y126.75 E.00009
G1 X97.75 Y93.25 E.03176
G1 X97.65 Y93.25 E.00009
G1 X97.65 Y126.75 E.03176
G1 X97.55 Y126.75 E.00009
G1 X97.55 Y93.25 E.03176
G1 X97.45 Y93.25 E.00009
G1 X97.45 Y126.75 E.03176
G1 X97.35 Y126.75 E.00009
G1 X97.35 Y93.25 E.03176
G1 X97.25 Y93.25 E.00009
G1 X97.25 Y126.75 E.03176
G1 X97.15 Y126.75 E.00009
G1 X97.15 Y93.25 E.03176
G1 X97.05 Y93.25 E.00009
G1 X97.05 Y126.75 E.03176
G1 X96.95 Y126.75 E.00009
G1 X96.95 Y93.25 E.03176
G1 X96.85 Y93.25 E.00009
G1 X96.85 Y126.75 E.03176
G1 X96.75 Y126.75 E.00009
G1 X96.75 Y93.25 E.03176
G1 X96.65 Y93.25 E.00009
G1 X96.65 Y126.75 E.03176
G1 X96.55 Y126.75 E.00009
G1 X96.55 Y93.25 E.03176
G1 X96.45 Y93.25 E.00009
G1 X96.45 Y126.75 E.03176
G1 X96.35 Y126.75 E.00009
G1 X96.35 Y93.25 E.03176
G1 X96.25 Y93.25 E.00009
G1 X96.25 Y126.75 E.03176
G1 X96.15 Y126.75 E.00009
G1 X96.15 Y93.25 E.03176
G1 X96.05 Y93.25 E.00009
G1 X96.05 Y126.75 E.03176
G1 X95.95 Y126.75 E.00009
G1 X95.95 Y93.25 E.03176
G1 X95.85 Y93.25 E.00009
G1 X95.85 Y126.75 E.03176
G1 X95.75 Y126.75 E.00009
G1 X95.75 Y93.25 E.03176
G1 X95.65 Y93.25 E.00009
G1 X95.65 Y126.75 E.03176
G1 X95.55 Y126.75 E.00009
G1 X95.55 Y93.25 E.03176
G1 X95.45 Y93.25 E.00009
G1 X95.45 Y126.75 E.03176
G1 X95.35 Y126.75 E.00009
G1 X95.35 Y93.25 E.03176
G1 X95.25 Y93.25 E.00009
G1 X95.25 Y126.75 E.03176
G1 X95.15 Y126.75 E.00009
G1 X95.15 Y93.25 E.03176
G1 X95.05 Y93.25 E.00009
G1 X95.05 Y126.75 E.03176
G1 X94.95 Y126.75 E.00009
G1 X94.95 Y93.25 E.03176
G1 X94.85 Y93.25 E.00009
G1 X94.85 Y126.75 E.03176
G1 X94.75 Y126.75 E.00009
G1 X94.75 Y93.25 E.03176
G1 X94.65 Y93.25 E.00009
G1 X94.65 Y126.75 E.03176
G1 X94.55 Y126.75 E.00009
G1 X94.55 Y93.25 E.03176
G1 X94.45 Y93.25 E.00009
G1 X94.45 Y126.75 E.03176
G1 X94.35 Y126.75 E.00009
G1 X94.35 Y93.25 E.03176
G1 X94.25 Y93.25 E.00009
G1 X94.25 Y126.75 E.03176
G1 X94.15 Y126.75 E.00009
G1 X94.15 Y93.25 E.03176
G1 X94.05 Y93.25 E.00009
G1 X94.05 Y126.75 E.03176
G1 X93.95 Y126.75 E.00009
G1 X93.95 Y93.25 E.03176
G1 X93.85 Y93.25 E.00009
G1 X93.85 Y126.75 E.03176
G1 X93.75 Y126.75 E.00009
G1 X93.75 Y93.25 E.03176
G1 X93.65 Y93.25 E.00009
G1 X93.65 Y126.75 E.03176
G1 X93.55 Y126.75 E.00009
G1 X93.55 Y93.25 E.03176
G1 X93.45 Y93.25 E.00009
G1 X93.45 Y126.75 E.03176
G1 X93.35 Y126.75 E.00009
G1 X93.35 Y93.25 E.03176
G1 X93.25 Y93.25 E.00009
G1 X93.25 Y126.75 E.03176
G1 X93.15 Y126.75 E.00009
G1 X93.15 Y93.25 E.03176
G1 X93.05 Y93.25 E.00009
G1 X93.05 Y126.75 E.03176
G1 X92.95 Y126.75 E.00009
G1 X92.95 Y93.25 E.03176
G1 X92.85 Y93.25 E.00009
G1 X92.85 Y126.75 E.03176
G1 X92.75 Y126.75 E.00009
G1 X92.75 Y93.25 E.03176
G1 X92.65 Y93.25 E.00009
G1 X92.65 Y126.75 E.03176
G1 X92.55 Y126.75 E.00009
G1 X92.55 Y93.25 E.03176
G1 X92.45 Y93.25 E.00009
G1 X92.45 Y126.75 E.03176
G1 X92.35 Y126.75 E.00009
G1 X92.35 Y93.25 E.03176
G1 X92.25 Y93.25 E.00009
G1 X92.25 Y126.75 E.03176
G1 X92.15 Y126.75 E.00009
G1 X92.15 Y93.25 E.03176
G1 X92.05 Y93.25 E.00009
G1 X92.05 Y126.75 E.03176
G1 X91.95 Y126.75 E.00009
G1 X91.95 Y93.25 E.03176
G1 X91.85 Y93.25 E.00009
G1 X91.85 Y95.55 E.00218
G1 X91.75 Y95.55 E.00009
G1 X91.75 Y93.25 E.00218
G1 X91.65 Y93.25 E.00009
G1 X91.65 Y95.55 E.00218
G1 X91.55 Y95.55 E.00009
G1 X91.55 Y93.25 E.00218
G1 X91.45 Y93.25 E.00009
G1 X91.45 Y95.55 E.00218
G1 X91.35 Y95.55 E.00009
G1 X91.35 Y93.25 E.00218
G1 X91.25 Y93.25 E.00009
G1 X91.25 Y95.55 E.00218
G1 X91.15 Y95.55 E.00009
G1 X91.15 Y93.205 E.00222
G1 E-.7 F2100
;WIPE_START
G1 F900
G1 X91.15 Y94.205 E-.3
;WIPE_END
G1 X91.724 Y97.978 Z3.16 F9000
G1 X91.85 Y98.805 Z3.16
G1 Z2.96
G1 E1 F2100
G1 F900
G1 X91.85 Y121.15 E.02118
G1 X91.75 Y121.15 E.00009
G1 X91.75 Y98.85 E.02114
G1 X91.65 Y98.85 E.00009
G1 X91.65 Y121.15 E.02114
G1 X91.55 Y121.15 E.00009
G1 X91.55 Y98.85 E.02114
G1 X91.45 Y98.85 E.00009
G1 X91.45 Y121.15 E.02114
G1 X91.35 Y121.15 E.00009
G1 X91.35 Y98.85 E.02114
G1 X91.25 Y98.85 E.00009
G1 X91.25 Y121.15 E.02114
G1 X91.15 Y121.15 E.00009
G1 X91.15 Y98.805 E.02118
G1 E-.7 F2100
;WIPE_START
G1 F900
G1 X91.15 Y99.805 E-.3
;WIPE_END
G1 X91.259 Y103.62 Z3.16 F9000
G1 X91.85 Y124.405 Z3.16
G1 Z2.96
G1 E1 F2100
G1 F900
G1 X91.85 Y126.75 E.00222
G1 X91.75 Y126.75 E.00009
G1 X91.75 Y124.45 E.00218
G1 X91.65 Y124.45 E.00009
G1 X91.65 Y126.75 E.00218
G1 X91.55 Y126.75 E.00009
G1 X91.55 Y124.45 E.00218
G1 X91.45 Y124.45 E.00009
G1 X91.45 Y126.75 E.00218
G1 X91.35 Y126.75 E.00009
G1 X91.35 Y124.45 E.00218
G1 X91.25 Y124.45 E.00009
G1 X91.25 Y126.75 E.00218
G1 X91.15 Y126.75 E.00009
G1 X91.15 Y124.405 E.00222
G1 E-.7 F2100
;WIPE_START
G1 F900
G1 X91.15 Y125.405 E-.3
;WIPE_END
G1 X91.05 Y126.795 Z3.16 F9000
G1 Z2.96
G1 E1 F2100
G1 F900
G1 X91.05 Y93.25 E.0318
G1 X90.95 Y93.25 E.00009
G1 X90.95 Y126.75 E.03176
G1 X90.85 Y126.75 E.00009
G1 X90.85 Y93.25 E.03176
G1 X90.75 Y93.25 E.00009
G1 X90.75 Y126.75 E.03176
G1 X90.65 Y126.75 E.00009
G1 X90.65 Y93.25 E.03176
G1 X90.55 Y93.25 E.00009
G1 X90.55 Y126.75 E.03176
G1 X90.45 Y126.75 E.00009
G1 X90.45 Y93.25 E.03176
G1 X90.35 Y93.25 E.00009
G1 X90.35 Y126.75 E.03176
G1 X90.25 Y126.75 E.00009
G1 X90.25 Y93.25 E.03176
G1 X90.15 Y93.25 E.00009
G1 X90.15 Y126.75 E.03176
G1 X90.05 Y126.75 E.00009
G1 X90.05 Y93.25 E.03176
G1 X89.95 Y93.25 E.00009
G1 X89.95 Y126.75 E.03176
G1 X89.85 Y126.75 E.00009
G1 X89.85 Y93.25 E.03176
G1 X89.75 Y93.25 E.00009
G1 X89.75 Y126.75 E.03176
G1 X89.65 Y126.75 E.00009
G1 X89.65 Y93.25 E.03176
G1 X89.55 Y93.25 E.00009
G1 X89.55 Y126.75 E.03176
G1 X89.45 Y126.75 E.00009
G1 X89.45 Y93.25 E.03176
G1 X89.35 Y93.25 E.00009
G1 X89.35 Y126.75 E.03176
G1 X89.25 Y126.75 E.00009
G1 X89.25 Y93.25 E.03176
G1 X89.15 Y93.25 E.00009
G1 X89.15 Y126.75 E.03176
G1 X89.05 Y126.75 E.00009
G1 X89.05 Y93.25 E.03176
G1 X88.95 Y93.25 E.00009
G1 X88.95 Y126.75 E.03176
G1 X88.85 Y126.75 E.00009
G1 X88.85 Y93.25 E.03176
G1 X88.75 Y93.25 E.00009
G1 X88.75 Y126.75 E.03176
G1 X88.65 Y126.75 E.00009
G1 X88.65 Y93.25 E.03176
G1 X88.55 Y93.25 E.00009
G1 X88.55 Y126.75 E.03176
G1 X88.45 Y126.75 E.00009
G1 X88.45 Y93.25 E.03176
G1 X88.35 Y93.25 E.00009
G1 X88.35 Y126.75 E.03176
G1 X88.25 Y126.75 E.00009
G1 X88.25 Y93.25 E.03176
G1 X88.15 Y93.25 E.00009
G1 X88.15 Y126.75 E.03176
G1 X88.05 Y126.75 E.00009
G1 X88.05 Y93.25 E.03176
G1 X87.95 Y93.25 E.00009
G1 X87.95 Y126.75 E.03176
G1 X87.85 Y126.75 E.00009
G1 X87.85 Y93.25 E.03176
G1 X87.75 Y93.25 E.00009
G1 X87.75 Y95.55 E.00218
G1 X87.65 Y95.55 E.00009
G1 X87.65 Y93.25 E.00218
G1 X87.55 Y93.25 E.00009
G1 X87.55 Y95.55 E.00218
G1 X87.45 Y95.55 E.00009
G1 X87.45 Y93.25 E.00218
G1 X87.35 Y93.25 E.00009
G1 X87.35 Y95.55 E.00218
G1 X87.25 Y95.55 E.00009
G1 X87.25 Y93.25 E.00218
G1 X87.15 Y93.25 E.00009
G1 X87.15 Y95.55 E.00218
G1 X87.05 Y95.55 E.00009
G1 X87.05 Y93.25 E.00218
G1 X86.95 Y93.25 E.00009
G1 X86.95 Y95.55 E.00218
G1 X86.85 Y95.55 E.00009
G1 X86.85 Y93.25 E.00218
G1 X86.75 Y93.25 E.00009
G1 X86.75 Y95.55 E.00218
G1 X86.65 Y95.55 E.00009
G1 X86.65 Y93.25 E.00218
G1 X86.55 Y93.25 E.00009
G1 X86.55 Y95.55 E.00218
G1 X86.45 Y95.55 E.00009
G1 X86.45 Y93.25 E.00218
G1 X86.35 Y93.25 E.00009
G1 X86.35 Y95.595 E.00222
G1 E-.7 F2100
;WIPE_START
G1 F900
G1 X86.35 Y94.595 E-.3
;WIPE_END
G1 X87.554 Y98.216 Z3.16 F9000
G1 X87.75 Y98.805 Z3.16
G1 Z2.96
G1 E1 F2100
G1 F900
G1 X87.75 Y121.15 E.02118
G1 X87.65 Y121.15 E.00009
G1 X87.65 Y98.85 E.02114
G1 X87.55 Y98.85 E.00009
G1 X87.55 Y121.15 E.02114
G1 X87.45 Y121.15 E.00009
G1 X87.45 Y98.85 E.02114
G1 X87.35 Y98.85 E.00009
G1 X87.35 Y121.15 E.02114
G1 X87.25 Y121.15 E.00009
G1 X87.25 Y98.85 E.02114
G1 X87.15 Y98.85 E.00009
G1 X87.15 Y121.15 E.02114
G1 X87.05 Y121.15 E.00009
G1 X87.05 Y98.85 E.02114
G1 X86.95 Y98.85 E.00009
G1 X86.95 Y121.15 E.02114
G1 X86.85 Y121.15 E.00009
G1 X86.85 Y98.85 E.02114
G1 X86.75 Y98.85 E.00009
G1 X86.75 Y121.15 E.02114
G1 X86.65 Y121.15 E.00009
G1 X86.65 Y98.85 E.02114
G1 X86.55 Y98.85 E.00009
G1 X86.55 Y121.15 E.02114
G1 X86.45 Y121.15 E.00009
G1 X86.45 Y98.85 E.02114
G1 X86.35 Y98.85 E.00009
G1 X86.35 Y121.195 E.02118
G1 E-.7 F2100
;WIPE_START
G1 F900
G1 X86.35 Y120.195 E-.3
;WIPE_END
G1 X87.554 Y123.816 Z3.16 F9000
G1 X87.75 Y124.405 Z3.16
G1 Z2.96
G1 E1 F2100
G1 F900
G1 X87.75 Y126.75 E.00222
G1 X87.65 Y126.75 E.00009
G1 X87.65 Y124.45 E.00218
G1 X87.55 Y124.45 E.00009
G1 X87.55 Y126.75 E.00218
G1 X87.45 Y126.75 E.00009
G1 X87.45 Y124.45 E.00218
G1 X87.35 Y124.45 E.00009
G1 X87.35 Y126.75 E.00218
G1 X87.25 Y126.75 E.00009
G1 X87.25 Y124.45 E.00218
G1 X87.15 Y124.45 E.00009
G1 X87.15 Y126.75 E.00218
G1 X87.05 Y126.75 E.00009
G1 X87.05 Y124.45 E.00218
G1 X86.95 Y124.45 E.00009
G1 X86.95 Y126.75 E.00218
G1 X86.85 Y126.75 E.00009
G1 X86.85 Y124.45 E.00218
G1 X86.75 Y124.45 E.00009
G1 X86.75 Y126.75 E.00218
G1 X86.65 Y126.75 E.00009
G1 X86.65 Y124.45 E.00218
G1 X86.55 Y124.45 E.00009
G1 X86.55 Y126.75 E.00218
G1 X86.45 Y126.75 E.00009
G1 X86.45 Y124.45 E.00218
G1 X86.35 Y124.45 E.00009
G1 X86.35 Y126.75 E.00218
G1 X86.25 Y126.75 E.00009
G1 X86.25 Y93.25 E.03176
G1 X86.15 Y93.25 E.00009
G1 X86.15 Y126.75 E.03176
G1 X86.05 Y126.75 E.00009
G1 X86.05 Y93.25 E.03176
G1 X85.95 Y93.25 E.00009
G1 X85.95 Y126.75 E.03176
G1 X85.85 Y126.75 E.00009
G1 X85.85 Y93.25 E.03176
G1 X85.75 Y93.25 E.00009
G1 X85.75 Y126.75 E.03176
G1 X85.65 Y126.75 E.00009
G1 X85.65 Y93.25 E.03176
G1 X85.55 Y93.25 E.00009
G1 X85.55 Y126.75 E.03176
G1 X85.45 Y126.75 E.00009
G1 X85.45 Y93.25 E.03176
G1 X85.35 Y93.25 E.00009
G1 X85.35 Y126.75 E.03176
G1 X85.25 Y126.75 E.00009
G1 X85.25 Y93.25 E.03176
G1 X85.15 Y93.25 E.00009
G1 X85.15 Y126.75 E.03176
G1 X85.05 Y126.75 E.00009
G1 X85.05 Y93.25 E.03176
G1 X84.95 Y93.25 E.00009
G1 X84.95 Y126.75 E.03176
G1 X84.85 Y126.75 E.00009
G1 X84.85 Y93.25 E.03176
G1 X84.75 Y93.25 E.00009
G1 X84.75 Y126.75 E.03176
G1 X84.65 Y126.75 E.00009
G1 X84.65 Y93.25 E.03176
G1 X84.55 Y93.25 E.00009
G1 X84.55 Y126.75 E.03176
G1 X84.45 Y126.75 E.00009
G1 X84.45 Y93.25 E.03176
G1 X84.35 Y93.25 E.00009
G1 X84.35 Y126.75 E.03176
G1 X84.25 Y126.75 E.00009
G1 X84.25 Y93.25 E.03176
G1 X84.15 Y93.25 E.00009
G1 X84.15 Y126.75 E.03176
G1 X84.05 Y126.75 E.00009
G1 X84.05 Y93.25 E.03176
G1 X83.95 Y93.25 E.00009
G1 X83.95 Y126.75 E.03176
G1 X83.85 Y126.75 E.00009
G1 X83.85 Y93.25 E.03176
G1 X83.75 Y93.25 E.00009
G1 X83.75 Y126.75 E.03176
G1 X83.65 Y126.75 E.00009
G1 X83.65 Y93.25 E.03176
G1 X83.55 Y93.25 E.00009
G1 X83.55 Y126.75 E.03176
G1 X83.45 Y126.75 E.00009
G1 X83.45 Y93.25 E.03176
G1 X83.35 Y93.25 E.00009
G1 X83.35 Y126.75 E.03176
G1 X83.25 Y126.75 E.00009
G1 X83.25 Y93.25 E.03176
G1 X83.15 Y93.25 E.00009
G1 X83.15 Y126.75 E.03176
G1 X83.05 Y126.75 E.00009
G1 X83.05 Y93.25 E.03176
G1 X82.95 Y93.25 E.00009
G1 X82.95 Y126.75 E.03176
G1 X82.85 Y126.75 E.00009
G1 X82.85 Y93.25 E.03176
G1 X82.75 Y93.25 E.00009
G1 X82.75 Y126.75 E.03176
G1 X82.65 Y126.75 E.00009
G1 X82.65 Y93.25 E.03176
G1 X82.55 Y93.25 E.00009
G1 X82.55 Y126.75 E.03176
G1 X82.45 Y126.75 E.00009
G1 X82.45 Y93.25 E.03176
G1 X82.35 Y93.25 E.00009
G1 X82.35 Y126.75 E.03176
G1 X82.25 Y126.75 E.00009
G1 X82.25 Y93.25 E.03176
G1 X82.15 Y93.25 E.00009
G1 X82.15 Y126.75 E.03176
G1 X82.05 Y126.75 E.00009
G1 X82.05 Y93.25 E.03176
G1 X81.95 Y93.25 E.00009
G1 X81.95 Y126.75 E.03176
G1 X81.85 Y126.75 E.00009
G1 X81.85 Y93.25 E.03176
G1 X81.75 Y93.25 E.00009
G1 X81.75 Y126.75 E.03176
G1 X81.65 Y126.75 E.00009
G1 X81.65 Y93.25 E.03176
G1 X81.55 Y93.25 E.00009
G1 X81.55 Y126.75 E.03176
G1 X81.45 Y126.75 E.00009
G1 X81.45 Y93.25 E.03176
G1 X81.35 Y93.25 E.00009
G1 X81.35 Y126.75 E.03176
G1 X81.25 Y126.75 E.00009
G1 X81.25 Y93.25 E.03176
G1 X81.15 Y93.25 E.00009
G1 X81.15 Y126.75 E.03176
G1 X81.05 Y126.75 E.00009
G1 X81.05 Y93.25 E.03176
G1 X80.95 Y93.25 E.00009
G1 X80.95 Y126.75 E.03176
G1 X80.85 Y126.75 E.00009
G1 X80.85 Y93.25 E.03176
G1 X80.75 Y93.25 E.00009
G1 X80.75 Y126.75 E.03176
G1 X80.65 Y126.75 E.00009
G1 X80.65 Y93.25 E.03176
G1 X80.55 Y93.25 E.00009
G1 X80.55 Y126.75 E.03176
G1 X80.45 Y126.75 E.00009
G1 X80.45 Y93.25 E.03176
G1 X80.35 Y93.25 E.00009
G1 X80.35 Y126.75 E.03176
G1 X80.25 Y126.75 E.00009
G1 X80.25 Y93.25 E.03176
G1 X80.15 Y93.25 E.00009
G1 X80.15 Y126.795 E.0318
; stop printing object pod_header_usb_coupon.stl id:0 copy 0
M106 S160
;LAYER_CHANGE
;Z:3.12
;HEIGHT:0.16
G92 E0 ; zero the extruded length again
; BEFORE_LAYER_CHANGE 18 @ 3.12mm
G1 E-.7 F2100
;WIPE_START
G1 F900
G1 X80.15 Y125.795 E-.3
;WIPE_END
; AFTER_LAYER_CHANGE 18 @ 3.12mm
;_SET_FAN_SPEED_CHANGING_LAYER
; printing object pod_header_usb_coupon.stl id:0 copy 0
G1 F9000
G1 X79.6742 Y125.566 Z3.14857
G1 X79.5567 Y125.051 Z3.17714
G1 X79.8859 Y124.638 Z3.20571
G1 X80.414 Y124.638 Z3.23429
G1 X80.7432 Y125.051 Z3.26286
G1 X80.6257 Y125.566 Z3.29143
G1 X80.15 Y125.795 Z3.32
G1 X79.376 Y125.795 Z3.32
G1 X79.376 Y126.376
G1 X79.377 Y126.377
G1 X79.79 Y126.79
G1 Z3.12
G1 E1 F2100
;TYPE:Outer wall
;WIDTH:0.42
G1 F1800
G1 X76.21 Y126.79 E.08725
G1 X76.21 Y93.21 E.8184
G1 X79.79 Y93.21 E.08725
G1 X79.79 Y126.73 E.81694
G1 X79.377 Y126.377 F9000
G1 X79.376 Y126.376
G1 X79.389 Y126.389
M204 P1500
;TYPE:Inner wall
;WIDTH:0.45
G1 F2700
G1 X76.611 Y126.389 E.07299
G1 X76.611 Y93.611 E.86102
G1 X79.389 Y93.611 E.07299
G1 X79.389 Y126.329 E.85944
G1 X78.974 Y125.974 F9000
G1 F2700
G1 X77.026 Y125.974 E.05115
G1 X77.026 Y94.026 E.83918
G1 X78.974 Y94.026 E.05115
G1 X78.974 Y125.914 E.8376
G1 X78.558 Y125.558 F9000
G1 F2700
G1 X77.442 Y125.558 E.02932
G1 X77.442 Y94.442 E.81734
G1 X78.558 Y94.442 E.02932
G1 X78.558 Y125.498 E.81577
G1 X78.142 Y125.142 F9000
G1 F2700
G1 X77.858 Y125.142 E.00748
G1 X77.858 Y94.858 E.79551
G1 X78.142 Y94.858 E.00748
G1 X78.142 Y125.082 E.79393
G1 E-.7 F2100
;WIPE_START
G1 F2700
G1 X77.858 Y125.142 E-.08729
G1 X77.858 Y124.433 E-.21271
;WIPE_END
G1 X79.376 Y124.395 Z3.32 F9000
G1 X87.198 Y123.776
G1 X87.59 Y124.19
G1 Z3.12
G1 E1 F2100
M204 P1000
;TYPE:Outer wall
;WIDTH:0.42
G1 F1800
G1 X86.51 Y124.19 E.02632
G1 X86.51 Y121.41 E.06775
G1 X87.59 Y121.41 E.02632
G1 X87.59 Y124.13 E.06629
G1 X87.198 Y123.776 F9000
G1 X87.198 Y123.776
G1 X87.189 Y123.776
G1 X87.189 Y123.789
M204 P1500
;TYPE:Inner wall
;WIDTH:0.45
G1 F2700
G1 X86.911 Y123.789 E.00732
G1 X86.911 Y121.811 E.05197
G1 X87.189 Y121.811 E.00732
G1 X87.189 Y123.729 E.0504
G1 E-.7 F2100
;WIPE_START
G1 F2700
G1 X86.911 Y123.789 E-.08552
G1 X86.911 Y123.074 E-.21448
;WIPE_END
G1 X86.894 Y123.074 Z3.32 F9000
G1 X91.631 Y123.777
G1 X91.68 Y124.19
G1 Z3.12
G1 E1 F2100
M204 P1000
;TYPE:Outer wall
;WIDTH:0.42
G1 F1800
G1 X91.3 Y124.19 E.00926
G1 X91.3 Y121.41 E.06775
G1 X91.68 Y121.41 E.00926
G1 X91.68 Y124.13 E.06629
G1 E-.7 F2100
;WIPE_START
G1 F1800
G1 X91.3 Y124.19 E-.11541
G1 X91.3 Y123.575 E-.18459
;WIPE_END
G1 X91.334 Y123.575 Z3.32 F9000
G1 X91.646 Y123.595
G1 X101.791 Y123.777
G1 X101.84 Y124.19
G1 Z3.12
G1 E1 F2100
G1 F1800
G1 X101.46 Y124.19 E.00926
G1 X101.46 Y121.41 E.06775
G1 X101.84 Y121.41 E.00926
G1 X101.84 Y124.13 E.06629
G1 E-.7 F2100
;WIPE_START
G1 F1800
G1 X101.46 Y124.19 E-.11541
G1 X101.46 Y123.575 E-.18459
;WIPE_END
G1 X101.494 Y123.575 Z3.32 F9000
G1 X101.806 Y123.591
G1 X114.491 Y123.776
G1 X114.54 Y124.19
G1 Z3.12
G1 E1 F2100
G1 F1800
G1 X114.16 Y124.19 E.00926
G1 X114.16 Y121.41 E.06775
G1 X114.54 Y121.41 E.00926
G1 X114.54 Y124.13 E.06629
G1 E-.7 F2100
;WIPE_START
G1 F1800
G1 X114.16 Y124.19 E-.11541
G1 X114.16 Y123.575 E-.18459
;WIPE_END
G1 X114.194 Y123.575 Z3.32 F9000
G1 X114.506 Y123.595
G1 X124.651 Y123.777
G1 X124.7 Y124.19
G1 Z3.12
G1 E1 F2100
G1 F1800
G1 X124.32 Y124.19 E.00926
G1 X124.32 Y121.41 E.06775
G1 X124.7 Y121.41 E.00926
G1 X124.7 Y124.13 E.06629
G1 E-.7 F2100
;WIPE_START
G1 F1800
G1 X124.32 Y124.19 E-.11541
G1 X124.32 Y123.575 E-.18459
;WIPE_END
G1 X124.354 Y123.575 Z3.32 F9000
G1 X124.666 Y123.616
G1 X129.098 Y123.776
G1 X129.49 Y124.19
G1 Z3.12
G1 E1 F2100
G1 F1800
G1 X128.41 Y124.19 E.02632
G1 X128.41 Y121.41 E.06775
G1 X129.49 Y121.41 E.02632
G1 X129.49 Y124.13 E.06629
G1 X129.098 Y123.777 F9000
G1 X129.089 Y123.776
G1 X129.089 Y123.789
M204 P1500
;TYPE:Inner wall
;WIDTH:0.45
G1 F2700
G1 X128.811 Y123.789 E.00732
G1 X128.811 Y121.811 E.05197
G1 X129.089 Y121.811 E.00732
G1 X129.089 Y123.729 E.0504
G1 E-.7 F2100
;WIPE_START
G1 F2700
G1 X128.811 Y123.789 E-.08552
G1 X128.811 Y123.074 E-.21448
;WIPE_END
G1 X128.794 Y123.074 Z3.32 F9000
G1 X128.845 Y121.824
G1 X129.098 Y98.176
G1 X129.49 Y98.59
G1 Z3.12
G1 E1 F2100
M204 P1000
;TYPE:Outer wall
;WIDTH:0.42
G1 F1800
G1 X128.41 Y98.59 E.02632
G1 X128.41 Y95.81 E.06775
G1 X129.49 Y95.81 E.02632
G1 X129.49 Y98.53 E.06629
G1 X129.098 Y98.177 F9000
G1 X129.089 Y98.176
G1 X129.089 Y98.189
M204 P1500
;TYPE:Inner wall
;WIDTH:0.45
G1 F2700
G1 X128.811 Y98.189 E.00732
G1 X128.811 Y96.211 E.05197
G1 X129.089 Y96.211 E.00732
G1 X129.089 Y98.129 E.0504
G1 E-.7 F2100
;WIPE_START
G1 F2700
G1 X128.811 Y98.189 E-.08552
G1 X128.811 Y97.474 E-.21448
;WIPE_END
G1 X128.794 Y97.474 Z3.32 F9000
G1 X124.651 Y98.177
G1 X124.7 Y98.59
G1 Z3.12
G1 E1 F2100
M204 P1000
;TYPE:Outer wall
;WIDTH:0.42
G1 F1800
G1 X124.32 Y98.59 E.00926
G1 X124.32 Y95.81 E.06775
G1 X124.7 Y95.81 E.00926
G1 X124.7 Y98.53 E.06629
G1 E-.7 F2100
;WIPE_START
G1 F1800
G1 X124.32 Y98.59 E-.11541
G1 X124.32 Y97.975 E-.18459
;WIPE_END
G1 X124.354 Y97.975 Z3.32 F9000
G1 X114.491 Y98.176
G1 X114.491 Y98.176
G1 X114.54 Y98.59
G1 Z3.12
G1 E1 F2100
G1 F1800
G1 X114.16 Y98.59 E.00926
G1 X114.16 Y95.81 E.06775
G1 X114.54 Y95.81 E.00926
G1 X114.54 Y98.53 E.06629
G1 E-.7 F2100
;WIPE_START
G1 F1800
G1 X114.16 Y98.59 E-.11541
G1 X114.16 Y97.975 E-.18459
;WIPE_END
G1 X114.194 Y97.975 Z3.32 F9000
G1 X101.791 Y98.176
G1 X101.791 Y98.176
G1 X101.791 Y98.176
G1 X101.84 Y98.59
G1 Z3.12
G1 E1 F2100
G1 F1800
G1 X101.46 Y98.59 E.00926
G1 X101.46 Y95.81 E.06775
G1 X101.84 Y95.81 E.00926
G1 X101.84 Y98.53 E.06629
G1 E-.7 F2100
;WIPE_START
G1 F1800
G1 X101.46 Y98.59 E-.11541
G1 X101.46 Y97.975 E-.18459
;WIPE_END
G1 X101.494 Y97.975 Z3.32 F9000
G1 X91.631 Y98.176
G1 X91.631 Y98.176
G1 X91.631 Y98.176
G1 X91.68 Y98.59
G1 Z3.12
G1 E1 F2100
G1 F1800
G1 X91.3 Y98.59 E.00926
G1 X91.3 Y95.81 E.06775
G1 X91.68 Y95.81 E.00926
G1 X91.68 Y98.53 E.06629
G1 E-.7 F2100
;WIPE_START
G1 F1800
G1 X91.3 Y98.59 E-.11541
G1 X91.3 Y97.975 E-.18459
;WIPE_END
G1 X91.334 Y97.975 Z3.32 F9000
G1 X87.198 Y98.176
G1 X87.198 Y98.176
G1 X87.198 Y98.176
G1 X87.59 Y98.59
G1 Z3.12
G1 E1 F2100
G1 F1800
G1 X86.51 Y98.59 E.02632
G1 X86.51 Y95.81 E.06775
G1 X87.59 Y95.81 E.02632
G1 X87.59 Y98.53 E.06629
G1 X87.198 Y98.176 F9000
G1 X87.198 Y98.176
G1 X87.189 Y98.176
G1 X87.189 Y98.189
M204 P1500
;TYPE:Inner wall
;WIDTH:0.45
G1 F2700
G1 X86.911 Y98.189 E.00732
G1 X86.911 Y96.211 E.05197
G1 X87.189 Y96.211 E.00732
G1 X87.189 Y98.129 E.0504
; stop printing object pod_header_usb_coupon.stl id:0 copy 0
;LAYER_CHANGE
;Z:3.28
;HEIGHT:0.16
G92 E0 ; zero the extruded length again
; BEFORE_LAYER_CHANGE 19 @ 3.28mm
G1 E-.7 F2100
;WIPE_START
G1 F2700
G1 X86.911 Y98.189 E-.08552
G1 X86.911 Y97.474 E-.21448
;WIPE_END
; AFTER_LAYER_CHANGE 19 @ 3.28mm
;_SET_FAN_SPEED_CHANGING_LAYER
; printing object pod_header_usb_coupon.stl id:0 copy 0
G1 F9000
G1 X86.4349 Y97.2453 Z3.30857
G1 X86.3174 Y96.7305 Z3.33714
G1 X86.6467 Y96.3177 Z3.36571
G1 X87.1747 Y96.3177 Z3.39429
G1 X87.5039 Y96.7305 Z3.42286
G1 X87.3864 Y97.2453 Z3.45143
G1 X86.9107 Y97.4744 Z3.48
G1 X86.894 Y97.474 Z3.48
G1 X79.377 Y126.377
G1 X79.79 Y126.79
G1 Z3.28
G1 E1 F2100
M204 P1000
;TYPE:Outer wall
;WIDTH:0.42
G1 F1800
G1 X76.21 Y126.79 E.08725
G1 X76.21 Y93.21 E.8184
G1 X79.79 Y93.21 E.08725
G1 X79.79 Y126.73 E.81694
G1 X79.377 Y126.377 F9000
G1 X79.376 Y126.376
G1 X79.389 Y126.389
M204 P1500
;TYPE:Inner wall
;WIDTH:0.45
G1 F2700
G1 X76.611 Y126.389 E.07299
G1 X76.611 Y93.611 E.86102
G1 X79.389 Y93.611 E.07299
G1 X79.389 Y126.329 E.85944
G1 X78.974 Y125.974 F9000
G1 F2700
G1 X77.026 Y125.974 E.05115
G1 X77.026 Y94.026 E.83918
G1 X78.974 Y94.026 E.05115
G1 X78.974 Y125.914 E.8376
G1 X78.558 Y125.558 F9000
G1 F2700
G1 X77.442 Y125.558 E.02932
G1 X77.442 Y94.442 E.81734
G1 X78.558 Y94.442 E.02932
G1 X78.558 Y125.498 E.81577
G1 X78.142 Y125.142 F9000
G1 F2700
G1 X77.858 Y125.142 E.00748
G1 X77.858 Y94.858 E.79551
G1 X78.142 Y94.858 E.00748
G1 X78.142 Y125.082 E.79393
G1 E-.7 F2100
;WIPE_START
G1 F2700
G1 X77.858 Y125.142 E-.08729
G1 X77.858 Y124.433 E-.21271
;WIPE_END
G1 X79.376 Y124.395 Z3.48 F9000
G1 X87.198 Y123.776
G1 X87.59 Y124.19
G1 Z3.28
G1 E1 F2100
M204 P1000
;TYPE:Outer wall
;WIDTH:0.42
G1 F1800
G1 X86.51 Y124.19 E.02632
G1 X86.51 Y121.41 E.06775
G1 X87.59 Y121.41 E.02632
G1 X87.59 Y124.13 E.06629
G1 X87.198 Y123.776 F9000
G1 X87.198 Y123.776
G1 X87.189 Y123.776
G1 X87.189 Y123.789
M204 P1500
;TYPE:Inner wall
;WIDTH:0.45
G1 F2700
G1 X86.911 Y123.789 E.00732
G1 X86.911 Y121.811 E.05197
G1 X87.189 Y121.811 E.00732
G1 X87.189 Y123.729 E.0504
G1 E-.7 F2100
;WIPE_START
G1 F2700
G1 X86.911 Y123.789 E-.08552
G1 X86.911 Y123.074 E-.21448
;WIPE_END
G1 X86.894 Y123.074 Z3.48 F9000
G1 X91.631 Y123.777
G1 X91.68 Y124.19
G1 Z3.28
G1 E1 F2100
M204 P1000
;TYPE:Outer wall
;WIDTH:0.42
G1 F1800
G1 X91.3 Y124.19 E.00926
G1 X91.3 Y121.41 E.06775
G1 X91.68 Y121.41 E.00926
G1 X91.68 Y124.13 E.06629
G1 E-.7 F2100
;WIPE_START
G1 F1800
G1 X91.3 Y124.19 E-.11541
G1 X91.3 Y123.575 E-.18459
;WIPE_END
G1 X91.334 Y123.575 Z3.48 F9000
G1 X91.646 Y123.595
G1 X101.791 Y123.777
G1 X101.84 Y124.19
G1 Z3.28
G1 E1 F2100
G1 F1800
G1 X101.46 Y124.19 E.00926
G1 X101.46 Y121.41 E.06775
G1 X101.84 Y121.41 E.00926
G1 X101.84 Y124.13 E.06629
G1 E-.7 F2100
;WIPE_START
G1 F1800
G1 X101.46 Y124.19 E-.11541
G1 X101.46 Y123.575 E-.18459
;WIPE_END
G1 X101.494 Y123.575 Z3.48 F9000
G1 X101.806 Y123.591
G1 X114.491 Y123.776
G1 X114.54 Y124.19
G1 Z3.28
G1 E1 F2100
G1 F1800
G1 X114.16 Y124.19 E.00926
G1 X114.16 Y121.41 E.06775
G1 X114.54 Y121.41 E.00926
G1 X114.54 Y124.13 E.06629
G1 E-.7 F2100
;WIPE_START
G1 F1800
G1 X114.16 Y124.19 E-.11541
G1 X114.16 Y123.575 E-.18459
;WIPE_END
G1 X114.194 Y123.575 Z3.48 F9000
G1 X114.506 Y123.595
G1 X124.651 Y123.777
G1 X124.7 Y124.19
G1 Z3.28
G1 E1 F2100
G1 F1800
G1 X124.32 Y124.19 E.00926
G1 X124.32 Y121.41 E.06775
G1 X124.7 Y121.41 E.00926
G1 X124.7 Y124.13 E.06629
G1 E-.7 F2100
;WIPE_START
G1 F1800
G1 X124.32 Y124.19 E-.11541
G1 X124.32 Y123.575 E-.18459
;WIPE_END
G1 X124.354 Y123.575 Z3.48 F9000
G1 X124.666 Y123.616
G1 X129.098 Y123.776
G1 X129.49 Y124.19
G1 Z3.28
G1 E1 F2100
G1 F1800
G1 X128.41 Y124.19 E.02632
G1 X128.41 Y121.41 E.06775
G1 X129.49 Y121.41 E.02632
G1 X129.49 Y124.13 E.06629
G1 X129.098 Y123.777 F9000
G1 X129.089 Y123.776
G1 X129.089 Y123.789
M204 P1500
;TYPE:Inner wall
;WIDTH:0.45
G1 F2700
G1 X128.811 Y123.789 E.00732
G1 X128.811 Y121.811 E.05197
G1 X129.089 Y121.811 E.00732
G1 X129.089 Y123.729 E.0504
G1 E-.7 F2100
;WIPE_START
G1 F2700
G1 X128.811 Y123.789 E-.08552
G1 X128.811 Y123.074 E-.21448
;WIPE_END
G1 X128.794 Y123.074 Z3.48 F9000
G1 X128.845 Y121.824
G1 X129.098 Y98.176
G1 X129.49 Y98.59
G1 Z3.28
G1 E1 F2100
M204 P1000
;TYPE:Outer wall
;WIDTH:0.42
G1 F1800
G1 X128.41 Y98.59 E.02632
G1 X128.41 Y95.81 E.06775
G1 X129.49 Y95.81 E.02632
G1 X129.49 Y98.53 E.06629
G1 X129.098 Y98.177 F9000
G1 X129.089 Y98.176
G1 X129.089 Y98.189
M204 P1500
;TYPE:Inner wall
;WIDTH:0.45
G1 F2700
G1 X128.811 Y98.189 E.00732
G1 X128.811 Y96.211 E.05197
G1 X129.089 Y96.211 E.00732
G1 X129.089 Y98.129 E.0504
G1 E-.7 F2100
;WIPE_START
G1 F2700
G1 X128.811 Y98.189 E-.08552
G1 X128.811 Y97.474 E-.21448
;WIPE_END
G1 X128.794 Y97.474 Z3.48 F9000
G1 X124.651 Y98.177
G1 X124.7 Y98.59
G1 Z3.28
G1 E1 F2100
M204 P1000
;TYPE:Outer wall
;WIDTH:0.42
G1 F1800
G1 X124.32 Y98.59 E.00926
G1 X124.32 Y95.81 E.06775
G1 X124.7 Y95.81 E.00926
G1 X124.7 Y98.53 E.06629
G1 E-.7 F2100
;WIPE_START
G1 F1800
G1 X124.32 Y98.59 E-.11541
G1 X124.32 Y97.975 E-.18459
;WIPE_END
G1 X124.354 Y97.975 Z3.48 F9000
G1 X114.491 Y98.176
G1 X114.491 Y98.176
G1 X114.54 Y98.59
G1 Z3.28
G1 E1 F2100
G1 F1800
G1 X114.16 Y98.59 E.00926
G1 X114.16 Y95.81 E.06775
G1 X114.54 Y95.81 E.00926
G1 X114.54 Y98.53 E.06629
G1 E-.7 F2100
;WIPE_START
G1 F1800
G1 X114.16 Y98.59 E-.11541
G1 X114.16 Y97.975 E-.18459
;WIPE_END
G1 X114.194 Y97.975 Z3.48 F9000
G1 X101.791 Y98.176
G1 X101.791 Y98.176
G1 X101.791 Y98.176
G1 X101.84 Y98.59
G1 Z3.28
G1 E1 F2100
G1 F1800
G1 X101.46 Y98.59 E.00926
G1 X101.46 Y95.81 E.06775
G1 X101.84 Y95.81 E.00926
G1 X101.84 Y98.53 E.06629
G1 E-.7 F2100
;WIPE_START
G1 F1800
G1 X101.46 Y98.59 E-.11541
G1 X101.46 Y97.975 E-.18459
;WIPE_END
G1 X101.494 Y97.975 Z3.48 F9000
G1 X91.631 Y98.176
G1 X91.631 Y98.176
G1 X91.631 Y98.176
G1 X91.68 Y98.59
G1 Z3.28
G1 E1 F2100
G1 F1800
G1 X91.3 Y98.59 E.00926
G1 X91.3 Y95.81 E.06775
G1 X91.68 Y95.81 E.00926
G1 X91.68 Y98.53 E.06629
G1 E-.7 F2100
;WIPE_START
G1 F1800
G1 X91.3 Y98.59 E-.11541
G1 X91.3 Y97.975 E-.18459
;WIPE_END
G1 X91.334 Y97.975 Z3.48 F9000
G1 X87.198 Y98.176
G1 X87.198 Y98.176
G1 X87.198 Y98.176
G1 X87.59 Y98.59
G1 Z3.28
G1 E1 F2100
G1 F1800
G1 X86.51 Y98.59 E.02632
G1 X86.51 Y95.81 E.06775
G1 X87.59 Y95.81 E.02632
G1 X87.59 Y98.53 E.06629
G1 X87.198 Y98.176 F9000
G1 X87.198 Y98.176
G1 X87.189 Y98.176
G1 X87.189 Y98.189
M204 P1500
;TYPE:Inner wall
;WIDTH:0.45
G1 F2700
G1 X86.911 Y98.189 E.00732
G1 X86.911 Y96.211 E.05197
G1 X87.189 Y96.211 E.00732
G1 X87.189 Y98.129 E.0504
; stop printing object pod_header_usb_coupon.stl id:0 copy 0
;LAYER_CHANGE
;Z:3.44
;HEIGHT:0.16
G92 E0 ; zero the extruded length again
; BEFORE_LAYER_CHANGE 20 @ 3.44mm
G1 E-.7 F2100
;WIPE_START
G1 F2700
G1 X86.911 Y98.189 E-.08552
G1 X86.911 Y97.474 E-.21448
;WIPE_END
; AFTER_LAYER_CHANGE 20 @ 3.44mm
;_SET_FAN_SPEED_CHANGING_LAYER
; printing object pod_header_usb_coupon.stl id:0 copy 0
G1 F9000
G1 X86.4349 Y97.2453 Z3.46857
G1 X86.3174 Y96.7305 Z3.49714
G1 X86.6467 Y96.3177 Z3.52571
G1 X87.1747 Y96.3177 Z3.55429
G1 X87.5039 Y96.7305 Z3.58286
G1 X87.3864 Y97.2453 Z3.61143
G1 X86.9107 Y97.4744 Z3.64
G1 X86.894 Y97.474 Z3.64
G1 X79.377 Y126.377
G1 X79.79 Y126.79
G1 Z3.44
G1 E1 F2100
M204 P1000
;TYPE:Outer wall
;WIDTH:0.42
G1 F1800
G1 X76.21 Y126.79 E.08725
G1 X76.21 Y93.21 E.8184
G1 X79.79 Y93.21 E.08725
G1 X79.79 Y126.73 E.81694
G1 X79.377 Y126.377 F9000
G1 X79.376 Y126.376
G1 X79.389 Y126.389
M204 P1500
;TYPE:Inner wall
;WIDTH:0.45
G1 F2700
G1 X76.611 Y126.389 E.07299
G1 X76.611 Y93.611 E.86102
G1 X79.389 Y93.611 E.07299
G1 X79.389 Y126.329 E.85944
G1 X78.974 Y125.974 F9000
G1 F2700
G1 X77.026 Y125.974 E.05115
G1 X77.026 Y94.026 E.83918
G1 X78.974 Y94.026 E.05115
G1 X78.974 Y125.914 E.8376
G1 X78.558 Y125.558 F9000
G1 F2700
G1 X77.442 Y125.558 E.02932
G1 X77.442 Y94.442 E.81734
G1 X78.558 Y94.442 E.02932
G1 X78.558 Y125.498 E.81577
G1 X78.142 Y125.142 F9000
G1 F2700
G1 X77.858 Y125.142 E.00748
G1 X77.858 Y94.858 E.79551
G1 X78.142 Y94.858 E.00748
G1 X78.142 Y125.082 E.79393
G1 E-.7 F2100
;WIPE_START
G1 F2700
G1 X77.858 Y125.142 E-.08729
G1 X77.858 Y124.433 E-.21271
;WIPE_END
G1 X79.376 Y124.395 Z3.64 F9000
G1 X87.198 Y123.776
G1 X87.59 Y124.19
G1 Z3.44
G1 E1 F2100
M204 P1000
;TYPE:Outer wall
;WIDTH:0.42
G1 F1800
G1 X86.51 Y124.19 E.02632
G1 X86.51 Y121.41 E.06775
G1 X87.59 Y121.41 E.02632
G1 X87.59 Y124.13 E.06629
G1 X87.198 Y123.776 F9000
G1 X87.198 Y123.776
G1 X87.189 Y123.776
G1 X87.189 Y123.789
M204 P1500
;TYPE:Inner wall
;WIDTH:0.45
G1 F2700
G1 X86.911 Y123.789 E.00732
G1 X86.911 Y121.811 E.05197
G1 X87.189 Y121.811 E.00732
G1 X87.189 Y123.729 E.0504
G1 E-.7 F2100
;WIPE_START
G1 F2700
G1 X86.911 Y123.789 E-.08552
G1 X86.911 Y123.074 E-.21448
;WIPE_END
G1 X86.894 Y123.074 Z3.64 F9000
G1 X91.631 Y123.777
G1 X91.68 Y124.19
G1 Z3.44
G1 E1 F2100
M204 P1000
;TYPE:Outer wall
;WIDTH:0.42
G1 F1800
G1 X91.3 Y124.19 E.00926
G1 X91.3 Y121.41 E.06775
G1 X91.68 Y121.41 E.00926
G1 X91.68 Y124.13 E.06629
G1 E-.7 F2100
;WIPE_START
G1 F1800
G1 X91.3 Y124.19 E-.11541
G1 X91.3 Y123.575 E-.18459
;WIPE_END
G1 X91.334 Y123.575 Z3.64 F9000
G1 X91.646 Y123.595
G1 X101.791 Y123.777
G1 X101.84 Y124.19
G1 Z3.44
G1 E1 F2100
G1 F1800
G1 X101.46 Y124.19 E.00926
G1 X101.46 Y121.41 E.06775
G1 X101.84 Y121.41 E.00926
G1 X101.84 Y124.13 E.06629
G1 E-.7 F2100
;WIPE_START
G1 F1800
G1 X101.46 Y124.19 E-.11541
G1 X101.46 Y123.575 E-.18459
;WIPE_END
G1 X101.494 Y123.575 Z3.64 F9000
G1 X101.806 Y123.591
G1 X114.491 Y123.776
G1 X114.54 Y124.19
G1 Z3.44
G1 E1 F2100
G1 F1800
G1 X114.16 Y124.19 E.00926
G1 X114.16 Y121.41 E.06775
G1 X114.54 Y121.41 E.00926
G1 X114.54 Y124.13 E.06629
G1 E-.7 F2100
;WIPE_START
G1 F1800
G1 X114.16 Y124.19 E-.11541
G1 X114.16 Y123.575 E-.18459
;WIPE_END
G1 X114.194 Y123.575 Z3.64 F9000
G1 X114.506 Y123.595
G1 X124.651 Y123.777
G1 X124.7 Y124.19
G1 Z3.44
G1 E1 F2100
G1 F1800
G1 X124.32 Y124.19 E.00926
G1 X124.32 Y121.41 E.06775
G1 X124.7 Y121.41 E.00926
G1 X124.7 Y124.13 E.06629
G1 E-.7 F2100
;WIPE_START
G1 F1800
G1 X124.32 Y124.19 E-.11541
G1 X124.32 Y123.575 E-.18459
;WIPE_END
G1 X124.354 Y123.575 Z3.64 F9000
G1 X124.666 Y123.616
G1 X129.098 Y123.776
G1 X129.49 Y124.19
G1 Z3.44
G1 E1 F2100
G1 F1800
G1 X128.41 Y124.19 E.02632
G1 X128.41 Y121.41 E.06775
G1 X129.49 Y121.41 E.02632
G1 X129.49 Y124.13 E.06629
G1 X129.098 Y123.777 F9000
G1 X129.089 Y123.776
G1 X129.089 Y123.789
M204 P1500
;TYPE:Inner wall
;WIDTH:0.45
G1 F2700
G1 X128.811 Y123.789 E.00732
G1 X128.811 Y121.811 E.05197
G1 X129.089 Y121.811 E.00732
G1 X129.089 Y123.729 E.0504
G1 E-.7 F2100
;WIPE_START
G1 F2700
G1 X128.811 Y123.789 E-.08552
G1 X128.811 Y123.074 E-.21448
;WIPE_END
G1 X128.794 Y123.074 Z3.64 F9000
G1 X128.845 Y121.824
G1 X129.098 Y98.176
G1 X129.49 Y98.59
G1 Z3.44
G1 E1 F2100
M204 P1000
;TYPE:Outer wall
;WIDTH:0.42
G1 F1800
G1 X128.41 Y98.59 E.02632
G1 X128.41 Y95.81 E.06775
G1 X129.49 Y95.81 E.02632
G1 X129.49 Y98.53 E.06629
G1 X129.098 Y98.177 F9000
G1 X129.089 Y98.176
G1 X129.089 Y98.189
M204 P1500
;TYPE:Inner wall
;WIDTH:0.45
G1 F2700
G1 X128.811 Y98.189 E.00732
G1 X128.811 Y96.211 E.05197
G1 X129.089 Y96.211 E.00732
G1 X129.089 Y98.129 E.0504
G1 E-.7 F2100
;WIPE_START
G1 F2700
G1 X128.811 Y98.189 E-.08552
G1 X128.811 Y97.474 E-.21448
;WIPE_END
G1 X128.794 Y97.474 Z3.64 F9000
G1 X124.651 Y98.177
G1 X124.7 Y98.59
G1 Z3.44
G1 E1 F2100
M204 P1000
;TYPE:Outer wall
;WIDTH:0.42
G1 F1800
G1 X124.32 Y98.59 E.00926
G1 X124.32 Y95.81 E.06775
G1 X124.7 Y95.81 E.00926
G1 X124.7 Y98.53 E.06629
G1 E-.7 F2100
;WIPE_START
G1 F1800
G1 X124.32 Y98.59 E-.11541
G1 X124.32 Y97.975 E-.18459
;WIPE_END
G1 X124.354 Y97.975 Z3.64 F9000
G1 X114.491 Y98.176
G1 X114.491 Y98.176
G1 X114.54 Y98.59
G1 Z3.44
G1 E1 F2100
G1 F1800
G1 X114.16 Y98.59 E.00926
G1 X114.16 Y95.81 E.06775
G1 X114.54 Y95.81 E.00926
G1 X114.54 Y98.53 E.06629
G1 E-.7 F2100
;WIPE_START
G1 F1800
G1 X114.16 Y98.59 E-.11541
G1 X114.16 Y97.975 E-.18459
;WIPE_END
G1 X114.194 Y97.975 Z3.64 F9000
G1 X101.791 Y98.176
G1 X101.791 Y98.176
G1 X101.791 Y98.176
G1 X101.84 Y98.59
G1 Z3.44
G1 E1 F2100
G1 F1800
G1 X101.46 Y98.59 E.00926
G1 X101.46 Y95.81 E.06775
G1 X101.84 Y95.81 E.00926
G1 X101.84 Y98.53 E.06629
G1 E-.7 F2100
;WIPE_START
G1 F1800
G1 X101.46 Y98.59 E-.11541
G1 X101.46 Y97.975 E-.18459
;WIPE_END
G1 X101.494 Y97.975 Z3.64 F9000
G1 X91.631 Y98.176
G1 X91.631 Y98.176
G1 X91.631 Y98.176
G1 X91.68 Y98.59
G1 Z3.44
G1 E1 F2100
G1 F1800
G1 X91.3 Y98.59 E.00926
G1 X91.3 Y95.81 E.06775
G1 X91.68 Y95.81 E.00926
G1 X91.68 Y98.53 E.06629
G1 E-.7 F2100
;WIPE_START
G1 F1800
G1 X91.3 Y98.59 E-.11541
G1 X91.3 Y97.975 E-.18459
;WIPE_END
G1 X91.334 Y97.975 Z3.64 F9000
G1 X87.198 Y98.176
G1 X87.198 Y98.176
G1 X87.198 Y98.176
G1 X87.59 Y98.59
G1 Z3.44
G1 E1 F2100
G1 F1800
G1 X86.51 Y98.59 E.02632
G1 X86.51 Y95.81 E.06775
G1 X87.59 Y95.81 E.02632
G1 X87.59 Y98.53 E.06629
G1 X87.198 Y98.176 F9000
G1 X87.198 Y98.176
G1 X87.189 Y98.176
G1 X87.189 Y98.189
M204 P1500
;TYPE:Inner wall
;WIDTH:0.45
G1 F2700
G1 X86.911 Y98.189 E.00732
G1 X86.911 Y96.211 E.05197
G1 X87.189 Y96.211 E.00732
G1 X87.189 Y98.129 E.0504
; stop printing object pod_header_usb_coupon.stl id:0 copy 0
;LAYER_CHANGE
;Z:3.6
;HEIGHT:0.16
G92 E0 ; zero the extruded length again
; BEFORE_LAYER_CHANGE 21 @ 3.6mm
G1 E-.7 F2100
;WIPE_START
G1 F2700
G1 X86.911 Y98.189 E-.08552
G1 X86.911 Y97.474 E-.21448
;WIPE_END
; AFTER_LAYER_CHANGE 21 @ 3.6mm
;_SET_FAN_SPEED_CHANGING_LAYER
; printing object pod_header_usb_coupon.stl id:0 copy 0
G1 F9000
G1 X86.4349 Y97.2453 Z3.62857
G1 X86.3174 Y96.7305 Z3.65714
G1 X86.6467 Y96.3177 Z3.68571
G1 X87.1747 Y96.3177 Z3.71429
G1 X87.5039 Y96.7305 Z3.74286
G1 X87.3864 Y97.2453 Z3.77143
G1 X86.9107 Y97.4744 Z3.8
G1 X86.894 Y97.474 Z3.8
G1 X79.377 Y126.377
G1 X79.79 Y126.79
G1 Z3.6
G1 E1 F2100
M204 P1000
;TYPE:Outer wall
;WIDTH:0.42
G1 F1800
G1 X76.21 Y126.79 E.08725
G1 X76.21 Y93.21 E.8184
G1 X79.79 Y93.21 E.08725
G1 X79.79 Y126.73 E.81694
G1 X79.377 Y126.377 F9000
G1 X79.376 Y126.376
G1 X79.389 Y126.389
M204 P1500
;TYPE:Inner wall
;WIDTH:0.45
G1 F2700
G1 X76.611 Y126.389 E.07299
G1 X76.611 Y93.611 E.86102
G1 X79.389 Y93.611 E.07299
G1 X79.389 Y126.329 E.85944
G1 X78.974 Y125.974 F9000
G1 F2700
G1 X77.026 Y125.974 E.05115
G1 X77.026 Y94.026 E.83918
G1 X78.974 Y94.026 E.05115
G1 X78.974 Y125.914 E.8376
G1 X78.558 Y125.558 F9000
G1 F2700
G1 X77.442 Y125.558 E.02932
G1 X77.442 Y94.442 E.81734
G1 X78.558 Y94.442 E.02932
G1 X78.558 Y125.498 E.81577
G1 X78.142 Y125.142 F9000
G1 F2700
G1 X77.858 Y125.142 E.00748
G1 X77.858 Y94.858 E.79551
G1 X78.142 Y94.858 E.00748
G1 X78.142 Y125.082 E.79393
G1 E-.7 F2100
;WIPE_START
G1 F2700
G1 X77.858 Y125.142 E-.08729
G1 X77.858 Y124.433 E-.21271
;WIPE_END
G1 X79.376 Y124.395 Z3.8 F9000
G1 X87.198 Y123.776
G1 X87.59 Y124.19
G1 Z3.6
G1 E1 F2100
M204 P1000
;TYPE:Outer wall
;WIDTH:0.42
G1 F1800
G1 X86.51 Y124.19 E.02632
G1 X86.51 Y121.41 E.06775
G1 X87.59 Y121.41 E.02632
G1 X87.59 Y124.13 E.06629
G1 X87.198 Y123.776 F9000
G1 X87.198 Y123.776
G1 X87.189 Y123.776
G1 X87.189 Y123.789
M204 P1500
;TYPE:Inner wall
;WIDTH:0.45
G1 F2700
G1 X86.911 Y123.789 E.00732
G1 X86.911 Y121.811 E.05197
G1 X87.189 Y121.811 E.00732
G1 X87.189 Y123.729 E.0504
G1 E-.7 F2100
;WIPE_START
G1 F2700
G1 X86.911 Y123.789 E-.08552
G1 X86.911 Y123.074 E-.21448
;WIPE_END
G1 X86.894 Y123.074 Z3.8 F9000
G1 X91.631 Y123.777
G1 X91.68 Y124.19
G1 Z3.6
G1 E1 F2100
M204 P1000
;TYPE:Outer wall
;WIDTH:0.42
G1 F1800
G1 X91.3 Y124.19 E.00926
G1 X91.3 Y121.41 E.06775
G1 X91.68 Y121.41 E.00926
G1 X91.68 Y124.13 E.06629
G1 E-.7 F2100
;WIPE_START
G1 F1800
G1 X91.3 Y124.19 E-.11541
G1 X91.3 Y123.575 E-.18459
;WIPE_END
G1 X91.334 Y123.575 Z3.8 F9000
G1 X91.646 Y123.595
G1 X101.791 Y123.777
G1 X101.84 Y124.19
G1 Z3.6
G1 E1 F2100
G1 F1800
G1 X101.46 Y124.19 E.00926
G1 X101.46 Y121.41 E.06775
G1 X101.84 Y121.41 E.00926
G1 X101.84 Y124.13 E.06629
G1 E-.7 F2100
;WIPE_START
G1 F1800
G1 X101.46 Y124.19 E-.11541
G1 X101.46 Y123.575 E-.18459
;WIPE_END
G1 X101.494 Y123.575 Z3.8 F9000
G1 X101.806 Y123.591
G1 X114.491 Y123.776
G1 X114.54 Y124.19
G1 Z3.6
G1 E1 F2100
G1 F1800
G1 X114.16 Y124.19 E.00926
G1 X114.16 Y121.41 E.06775
G1 X114.54 Y121.41 E.00926
G1 X114.54 Y124.13 E.06629
G1 E-.7 F2100
;WIPE_START
G1 F1800
G1 X114.16 Y124.19 E-.11541
G1 X114.16 Y123.575 E-.18459
;WIPE_END
G1 X114.194 Y123.575 Z3.8 F9000
G1 X114.506 Y123.595
G1 X124.651 Y123.777
G1 X124.7 Y124.19
G1 Z3.6
G1 E1 F2100
G1 F1800
G1 X124.32 Y124.19 E.00926
G1 X124.32 Y121.41 E.06775
G1 X124.7 Y121.41 E.00926
G1 X124.7 Y124.13 E.06629
G1 E-.7 F2100
;WIPE_START
G1 F1800
G1 X124.32 Y124.19 E-.11541
G1 X124.32 Y123.575 E-.18459
;WIPE_END
G1 X124.354 Y123.575 Z3.8 F9000
G1 X124.666 Y123.616
G1 X129.098 Y123.776
G1 X129.49 Y124.19
G1 Z3.6
G1 E1 F2100
G1 F1800
G1 X128.41 Y124.19 E.02632
G1 X128.41 Y121.41 E.06775
G1 X129.49 Y121.41 E.02632
G1 X129.49 Y124.13 E.06629
G1 X129.098 Y123.777 F9000
G1 X129.089 Y123.776
G1 X129.089 Y123.789
M204 P1500
;TYPE:Inner wall
;WIDTH:0.45
G1 F2700
G1 X128.811 Y123.789 E.00732
G1 X128.811 Y121.811 E.05197
G1 X129.089 Y121.811 E.00732
G1 X129.089 Y123.729 E.0504
G1 E-.7 F2100
;WIPE_START
G1 F2700
G1 X128.811 Y123.789 E-.08552
G1 X128.811 Y123.074 E-.21448
;WIPE_END
G1 X128.794 Y123.074 Z3.8 F9000
G1 X128.845 Y121.824
G1 X129.098 Y98.176
G1 X129.49 Y98.59
G1 Z3.6
G1 E1 F2100
M204 P1000
;TYPE:Outer wall
;WIDTH:0.42
G1 F1800
G1 X128.41 Y98.59 E.02632
G1 X128.41 Y95.81 E.06775
G1 X129.49 Y95.81 E.02632
G1 X129.49 Y98.53 E.06629
G1 X129.098 Y98.177 F9000
G1 X129.089 Y98.176
G1 X129.089 Y98.189
M204 P1500
;TYPE:Inner wall
;WIDTH:0.45
G1 F2700
G1 X128.811 Y98.189 E.00732
G1 X128.811 Y96.211 E.05197
G1 X129.089 Y96.211 E.00732
G1 X129.089 Y98.129 E.0504
G1 E-.7 F2100
;WIPE_START
G1 F2700
G1 X128.811 Y98.189 E-.08552
G1 X128.811 Y97.474 E-.21448
;WIPE_END
G1 X128.794 Y97.474 Z3.8 F9000
G1 X124.651 Y98.177
G1 X124.7 Y98.59
G1 Z3.6
G1 E1 F2100
M204 P1000
;TYPE:Outer wall
;WIDTH:0.42
G1 F1800
G1 X124.32 Y98.59 E.00926
G1 X124.32 Y95.81 E.06775
G1 X124.7 Y95.81 E.00926
G1 X124.7 Y98.53 E.06629
G1 E-.7 F2100
;WIPE_START
G1 F1800
G1 X124.32 Y98.59 E-.11541
G1 X124.32 Y97.975 E-.18459
;WIPE_END
G1 X124.354 Y97.975 Z3.8 F9000
G1 X114.491 Y98.176
G1 X114.491 Y98.176
G1 X114.54 Y98.59
G1 Z3.6
G1 E1 F2100
G1 F1800
G1 X114.16 Y98.59 E.00926
G1 X114.16 Y95.81 E.06775
G1 X114.54 Y95.81 E.00926
G1 X114.54 Y98.53 E.06629
G1 E-.7 F2100
;WIPE_START
G1 F1800
G1 X114.16 Y98.59 E-.11541
G1 X114.16 Y97.975 E-.18459
;WIPE_END
G1 X114.194 Y97.975 Z3.8 F9000
G1 X101.791 Y98.176
G1 X101.791 Y98.176
G1 X101.791 Y98.176
G1 X101.84 Y98.59
G1 Z3.6
G1 E1 F2100
G1 F1800
G1 X101.46 Y98.59 E.00926
G1 X101.46 Y95.81 E.06775
G1 X101.84 Y95.81 E.00926
G1 X101.84 Y98.53 E.06629
G1 E-.7 F2100
;WIPE_START
G1 F1800
G1 X101.46 Y98.59 E-.11541
G1 X101.46 Y97.975 E-.18459
;WIPE_END
G1 X101.494 Y97.975 Z3.8 F9000
G1 X91.631 Y98.176
G1 X91.631 Y98.176
G1 X91.631 Y98.176
G1 X91.68 Y98.59
G1 Z3.6
G1 E1 F2100
G1 F1800
G1 X91.3 Y98.59 E.00926
G1 X91.3 Y95.81 E.06775
G1 X91.68 Y95.81 E.00926
G1 X91.68 Y98.53 E.06629
G1 E-.7 F2100
;WIPE_START
G1 F1800
G1 X91.3 Y98.59 E-.11541
G1 X91.3 Y97.975 E-.18459
;WIPE_END
G1 X91.334 Y97.975 Z3.8 F9000
G1 X87.198 Y98.176
G1 X87.198 Y98.176
G1 X87.198 Y98.176
G1 X87.59 Y98.59
G1 Z3.6
G1 E1 F2100
G1 F1800
G1 X86.51 Y98.59 E.02632
G1 X86.51 Y95.81 E.06775
G1 X87.59 Y95.81 E.02632
G1 X87.59 Y98.53 E.06629
G1 X87.198 Y98.176 F9000
G1 X87.198 Y98.176
G1 X87.189 Y98.176
G1 X87.189 Y98.189
M204 P1500
;TYPE:Inner wall
;WIDTH:0.45
G1 F2700
G1 X86.911 Y98.189 E.00732
G1 X86.911 Y96.211 E.05197
G1 X87.189 Y96.211 E.00732
G1 X87.189 Y98.129 E.0504
; stop printing object pod_header_usb_coupon.stl id:0 copy 0
;LAYER_CHANGE
;Z:3.76
;HEIGHT:0.16
G92 E0 ; zero the extruded length again
; BEFORE_LAYER_CHANGE 22 @ 3.76mm
G1 E-.7 F2100
;WIPE_START
G1 F2700
G1 X86.911 Y98.189 E-.08552
G1 X86.911 Y97.474 E-.21448
;WIPE_END
; AFTER_LAYER_CHANGE 22 @ 3.76mm
;_SET_FAN_SPEED_CHANGING_LAYER
; printing object pod_header_usb_coupon.stl id:0 copy 0
G1 F9000
G1 X86.4349 Y97.2453 Z3.78857
G1 X86.3174 Y96.7305 Z3.81714
G1 X86.6467 Y96.3177 Z3.84571
G1 X87.1747 Y96.3177 Z3.87429
G1 X87.5039 Y96.7305 Z3.90286
G1 X87.3864 Y97.2453 Z3.93143
G1 X86.9107 Y97.4744 Z3.96
G1 X86.894 Y97.474 Z3.96
G1 X79.377 Y126.377
G1 X79.79 Y126.79
G1 Z3.76
G1 E1 F2100
M204 P1000
;TYPE:Outer wall
;WIDTH:0.42
G1 F1800
G1 X76.21 Y126.79 E.08725
G1 X76.21 Y93.21 E.8184
G1 X79.79 Y93.21 E.08725
G1 X79.79 Y126.73 E.81694
G1 X79.377 Y126.377 F9000
G1 X79.376 Y126.376
G1 X79.389 Y126.389
M204 P1500
;TYPE:Inner wall
;WIDTH:0.45
G1 F2700
G1 X76.611 Y126.389 E.07299
G1 X76.611 Y93.611 E.86102
G1 X79.389 Y93.611 E.07299
G1 X79.389 Y126.329 E.85944
G1 X78.974 Y125.974 F9000
G1 F2700
G1 X77.026 Y125.974 E.05115
G1 X77.026 Y94.026 E.83918
G1 X78.974 Y94.026 E.05115
G1 X78.974 Y125.914 E.8376
G1 X78.558 Y125.558 F9000
G1 F2700
G1 X77.442 Y125.558 E.02932
G1 X77.442 Y94.442 E.81734
G1 X78.558 Y94.442 E.02932
G1 X78.558 Y125.498 E.81577
G1 X78.142 Y125.142 F9000
G1 F2700
G1 X77.858 Y125.142 E.00748
G1 X77.858 Y94.858 E.79551
G1 X78.142 Y94.858 E.00748
G1 X78.142 Y125.082 E.79393
G1 E-.7 F2100
;WIPE_START
G1 F2700
G1 X77.858 Y125.142 E-.08729
G1 X77.858 Y124.433 E-.21271
;WIPE_END
G1 X79.376 Y124.395 Z3.96 F9000
G1 X87.198 Y123.776
G1 X87.59 Y124.19
G1 Z3.76
G1 E1 F2100
M204 P1000
;TYPE:Outer wall
;WIDTH:0.42
G1 F1800
G1 X86.51 Y124.19 E.02632
G1 X86.51 Y121.41 E.06775
G1 X87.59 Y121.41 E.02632
G1 X87.59 Y124.13 E.06629
G1 X87.198 Y123.776 F9000
G1 X87.198 Y123.776
G1 X87.189 Y123.776
G1 X87.189 Y123.789
M204 P1500
;TYPE:Inner wall
;WIDTH:0.45
G1 F2700
G1 X86.911 Y123.789 E.00732
G1 X86.911 Y121.811 E.05197
G1 X87.189 Y121.811 E.00732
G1 X87.189 Y123.729 E.0504
G1 E-.7 F2100
;WIPE_START
G1 F2700
G1 X86.911 Y123.789 E-.08552
G1 X86.911 Y123.074 E-.21448
;WIPE_END
G1 X86.894 Y123.074 Z3.96 F9000
G1 X91.631 Y123.777
G1 X91.68 Y124.19
G1 Z3.76
G1 E1 F2100
M204 P1000
;TYPE:Outer wall
;WIDTH:0.42
G1 F1800
G1 X91.3 Y124.19 E.00926
G1 X91.3 Y121.41 E.06775
G1 X91.68 Y121.41 E.00926
G1 X91.68 Y124.13 E.06629
G1 E-.7 F2100
;WIPE_START
G1 F1800
G1 X91.3 Y124.19 E-.11541
G1 X91.3 Y123.575 E-.18459
;WIPE_END
G1 X91.334 Y123.575 Z3.96 F9000
G1 X91.646 Y123.595
G1 X101.791 Y123.777
G1 X101.84 Y124.19
G1 Z3.76
G1 E1 F2100
G1 F1800
G1 X101.46 Y124.19 E.00926
G1 X101.46 Y121.41 E.06775
G1 X101.84 Y121.41 E.00926
G1 X101.84 Y124.13 E.06629
G1 E-.7 F2100
;WIPE_START
G1 F1800
G1 X101.46 Y124.19 E-.11541
G1 X101.46 Y123.575 E-.18459
;WIPE_END
G1 X101.494 Y123.575 Z3.96 F9000
G1 X101.806 Y123.591
G1 X114.491 Y123.776
G1 X114.54 Y124.19
G1 Z3.76
G1 E1 F2100
G1 F1800
G1 X114.16 Y124.19 E.00926
G1 X114.16 Y121.41 E.06775
G1 X114.54 Y121.41 E.00926
G1 X114.54 Y124.13 E.06629
G1 E-.7 F2100
;WIPE_START
G1 F1800
G1 X114.16 Y124.19 E-.11541
G1 X114.16 Y123.575 E-.18459
;WIPE_END
G1 X114.194 Y123.575 Z3.96 F9000
G1 X114.506 Y123.595
G1 X124.651 Y123.777
G1 X124.7 Y124.19
G1 Z3.76
G1 E1 F2100
G1 F1800
G1 X124.32 Y124.19 E.00926
G1 X124.32 Y121.41 E.06775
G1 X124.7 Y121.41 E.00926
G1 X124.7 Y124.13 E.06629
G1 E-.7 F2100
;WIPE_START
G1 F1800
G1 X124.32 Y124.19 E-.11541
G1 X124.32 Y123.575 E-.18459
;WIPE_END
G1 X124.354 Y123.575 Z3.96 F9000
G1 X124.666 Y123.616
G1 X129.098 Y123.776
G1 X129.49 Y124.19
G1 Z3.76
G1 E1 F2100
G1 F1800
G1 X128.41 Y124.19 E.02632
G1 X128.41 Y121.41 E.06775
G1 X129.49 Y121.41 E.02632
G1 X129.49 Y124.13 E.06629
G1 X129.098 Y123.777 F9000
G1 X129.089 Y123.776
G1 X129.089 Y123.789
M204 P1500
;TYPE:Inner wall
;WIDTH:0.45
G1 F2700
G1 X128.811 Y123.789 E.00732
G1 X128.811 Y121.811 E.05197
G1 X129.089 Y121.811 E.00732
G1 X129.089 Y123.729 E.0504
G1 E-.7 F2100
;WIPE_START
G1 F2700
G1 X128.811 Y123.789 E-.08552
G1 X128.811 Y123.074 E-.21448
;WIPE_END
G1 X128.794 Y123.074 Z3.96 F9000
G1 X128.845 Y121.824
G1 X129.098 Y98.176
G1 X129.49 Y98.59
G1 Z3.76
G1 E1 F2100
M204 P1000
;TYPE:Outer wall
;WIDTH:0.42
G1 F1800
G1 X128.41 Y98.59 E.02632
G1 X128.41 Y95.81 E.06775
G1 X129.49 Y95.81 E.02632
G1 X129.49 Y98.53 E.06629
G1 X129.098 Y98.177 F9000
G1 X129.089 Y98.176
G1 X129.089 Y98.189
M204 P1500
;TYPE:Inner wall
;WIDTH:0.45
G1 F2700
G1 X128.811 Y98.189 E.00732
G1 X128.811 Y96.211 E.05197
G1 X129.089 Y96.211 E.00732
G1 X129.089 Y98.129 E.0504
G1 E-.7 F2100
;WIPE_START
G1 F2700
G1 X128.811 Y98.189 E-.08552
G1 X128.811 Y97.474 E-.21448
;WIPE_END
G1 X128.794 Y97.474 Z3.96 F9000
G1 X124.651 Y98.177
G1 X124.7 Y98.59
G1 Z3.76
G1 E1 F2100
M204 P1000
;TYPE:Outer wall
;WIDTH:0.42
G1 F1800
G1 X124.32 Y98.59 E.00926
G1 X124.32 Y95.81 E.06775
G1 X124.7 Y95.81 E.00926
G1 X124.7 Y98.53 E.06629
G1 E-.7 F2100
;WIPE_START
G1 F1800
G1 X124.32 Y98.59 E-.11541
G1 X124.32 Y97.975 E-.18459
;WIPE_END
G1 X124.354 Y97.975 Z3.96 F9000
G1 X114.491 Y98.176
G1 X114.491 Y98.176
G1 X114.54 Y98.59
G1 Z3.76
G1 E1 F2100
G1 F1800
G1 X114.16 Y98.59 E.00926
G1 X114.16 Y95.81 E.06775
G1 X114.54 Y95.81 E.00926
G1 X114.54 Y98.53 E.06629
G1 E-.7 F2100
;WIPE_START
G1 F1800
G1 X114.16 Y98.59 E-.11541
G1 X114.16 Y97.975 E-.18459
;WIPE_END
G1 X114.194 Y97.975 Z3.96 F9000
G1 X101.791 Y98.176
G1 X101.791 Y98.176
G1 X101.791 Y98.176
G1 X101.84 Y98.59
G1 Z3.76
G1 E1 F2100
G1 F1800
G1 X101.46 Y98.59 E.00926
G1 X101.46 Y95.81 E.06775
G1 X101.84 Y95.81 E.00926
G1 X101.84 Y98.53 E.06629
G1 E-.7 F2100
;WIPE_START
G1 F1800
G1 X101.46 Y98.59 E-.11541
G1 X101.46 Y97.975 E-.18459
;WIPE_END
G1 X101.494 Y97.975 Z3.96 F9000
G1 X91.631 Y98.176
G1 X91.631 Y98.176
G1 X91.631 Y98.176
G1 X91.68 Y98.59
G1 Z3.76
G1 E1 F2100
G1 F1800
G1 X91.3 Y98.59 E.00926
G1 X91.3 Y95.81 E.06775
G1 X91.68 Y95.81 E.00926
G1 X91.68 Y98.53 E.06629
G1 E-.7 F2100
;WIPE_START
G1 F1800
G1 X91.3 Y98.59 E-.11541
G1 X91.3 Y97.975 E-.18459
;WIPE_END
G1 X91.334 Y97.975 Z3.96 F9000
G1 X87.198 Y98.176
G1 X87.198 Y98.176
G1 X87.198 Y98.176
G1 X87.59 Y98.59
G1 Z3.76
G1 E1 F2100
G1 F1800
G1 X86.51 Y98.59 E.02632
G1 X86.51 Y95.81 E.06775
G1 X87.59 Y95.81 E.02632
G1 X87.59 Y98.53 E.06629
G1 X87.198 Y98.176 F9000
G1 X87.198 Y98.176
G1 X87.189 Y98.176
G1 X87.189 Y98.189
M204 P1500
;TYPE:Inner wall
;WIDTH:0.45
G1 F2700
G1 X86.911 Y98.189 E.00732
G1 X86.911 Y96.211 E.05197
G1 X87.189 Y96.211 E.00732
G1 X87.189 Y98.129 E.0504
; stop printing object pod_header_usb_coupon.stl id:0 copy 0
;LAYER_CHANGE
;Z:3.92
;HEIGHT:0.16
G92 E0 ; zero the extruded length again
; BEFORE_LAYER_CHANGE 23 @ 3.92mm
G1 E-.7 F2100
;WIPE_START
G1 F2700
G1 X86.911 Y98.189 E-.08552
G1 X86.911 Y97.474 E-.21448
;WIPE_END
; AFTER_LAYER_CHANGE 23 @ 3.92mm
;_SET_FAN_SPEED_CHANGING_LAYER
; printing object pod_header_usb_coupon.stl id:0 copy 0
G1 F9000
G1 X86.4349 Y97.2453 Z3.94857
G1 X86.3174 Y96.7305 Z3.97714
G1 X86.6467 Y96.3177 Z4.00571
G1 X87.1747 Y96.3177 Z4.03429
G1 X87.5039 Y96.7305 Z4.06286
G1 X87.3864 Y97.2453 Z4.09143
G1 X86.9107 Y97.4744 Z4.12
G1 X86.894 Y97.474 Z4.12
G1 X79.377 Y126.377
G1 X79.79 Y126.79
G1 Z3.92
G1 E1 F2100
M204 P1000
;TYPE:Outer wall
;WIDTH:0.42
G1 F1800
G1 X76.21 Y126.79 E.08725
G1 X76.21 Y93.21 E.8184
G1 X79.79 Y93.21 E.08725
G1 X79.79 Y126.73 E.81694
G1 X79.377 Y126.377 F9000
G1 X79.376 Y126.376
G1 X79.389 Y126.389
M204 P1500
;TYPE:Inner wall
;WIDTH:0.45
G1 F2700
G1 X76.611 Y126.389 E.07299
G1 X76.611 Y93.611 E.86102
G1 X79.389 Y93.611 E.07299
G1 X79.389 Y126.329 E.85944
G1 X78.974 Y125.974 F9000
G1 F2700
G1 X77.026 Y125.974 E.05115
G1 X77.026 Y94.026 E.83918
G1 X78.974 Y94.026 E.05115
G1 X78.974 Y125.914 E.8376
G1 X78.558 Y125.558 F9000
G1 F2700
G1 X77.442 Y125.558 E.02932
G1 X77.442 Y94.442 E.81734
G1 X78.558 Y94.442 E.02932
G1 X78.558 Y125.498 E.81577
G1 X78.142 Y125.142 F9000
G1 F2700
G1 X77.858 Y125.142 E.00748
G1 X77.858 Y94.858 E.79551
G1 X78.142 Y94.858 E.00748
G1 X78.142 Y125.082 E.79393
G1 E-.7 F2100
;WIPE_START
G1 F2700
G1 X77.858 Y125.142 E-.08729
G1 X77.858 Y124.433 E-.21271
;WIPE_END
G1 X79.376 Y124.395 Z4.12 F9000
G1 X87.198 Y123.776
G1 X87.59 Y124.19
G1 Z3.92
G1 E1 F2100
M204 P1000
;TYPE:Outer wall
;WIDTH:0.42
G1 F1800
G1 X86.51 Y124.19 E.02632
G1 X86.51 Y121.41 E.06775
G1 X87.59 Y121.41 E.02632
G1 X87.59 Y124.13 E.06629
G1 X87.198 Y123.776 F9000
G1 X87.198 Y123.776
G1 X87.189 Y123.776
G1 X87.189 Y123.789
M204 P1500
;TYPE:Inner wall
;WIDTH:0.45
G1 F2700
G1 X86.911 Y123.789 E.00732
G1 X86.911 Y121.811 E.05197
G1 X87.189 Y121.811 E.00732
G1 X87.189 Y123.729 E.0504
G1 E-.7 F2100
;WIPE_START
G1 F2700
G1 X86.911 Y123.789 E-.08552
G1 X86.911 Y123.074 E-.21448
;WIPE_END
G1 X86.894 Y123.074 Z4.12 F9000
G1 X91.631 Y123.777
G1 X91.68 Y124.19
G1 Z3.92
G1 E1 F2100
M204 P1000
;TYPE:Outer wall
;WIDTH:0.42
G1 F1800
G1 X91.3 Y124.19 E.00926
G1 X91.3 Y121.41 E.06775
G1 X91.68 Y121.41 E.00926
G1 X91.68 Y124.13 E.06629
G1 E-.7 F2100
;WIPE_START
G1 F1800
G1 X91.3 Y124.19 E-.11541
G1 X91.3 Y123.575 E-.18459
;WIPE_END
G1 X91.334 Y123.575 Z4.12 F9000
G1 X91.646 Y123.595
G1 X101.791 Y123.777
G1 X101.84 Y124.19
G1 Z3.92
G1 E1 F2100
G1 F1800
G1 X101.46 Y124.19 E.00926
G1 X101.46 Y121.41 E.06775
G1 X101.84 Y121.41 E.00926
G1 X101.84 Y124.13 E.06629
G1 E-.7 F2100
;WIPE_START
G1 F1800
G1 X101.46 Y124.19 E-.11541
G1 X101.46 Y123.575 E-.18459
;WIPE_END
G1 X101.494 Y123.575 Z4.12 F9000
G1 X101.806 Y123.591
G1 X114.491 Y123.776
G1 X114.54 Y124.19
G1 Z3.92
G1 E1 F2100
G1 F1800
G1 X114.16 Y124.19 E.00926
G1 X114.16 Y121.41 E.06775
G1 X114.54 Y121.41 E.00926
G1 X114.54 Y124.13 E.06629
G1 E-.7 F2100
;WIPE_START
G1 F1800
G1 X114.16 Y124.19 E-.11541
G1 X114.16 Y123.575 E-.18459
;WIPE_END
G1 X114.194 Y123.575 Z4.12 F9000
G1 X114.506 Y123.595
G1 X124.651 Y123.777
G1 X124.7 Y124.19
G1 Z3.92
G1 E1 F2100
G1 F1800
G1 X124.32 Y124.19 E.00926
G1 X124.32 Y121.41 E.06775
G1 X124.7 Y121.41 E.00926
G1 X124.7 Y124.13 E.06629
G1 E-.7 F2100
;WIPE_START
G1 F1800
G1 X124.32 Y124.19 E-.11541
G1 X124.32 Y123.575 E-.18459
;WIPE_END
G1 X124.354 Y123.575 Z4.12 F9000
G1 X124.666 Y123.616
G1 X129.098 Y123.776
G1 X129.49 Y124.19
G1 Z3.92
G1 E1 F2100
G1 F1800
G1 X128.41 Y124.19 E.02632
G1 X128.41 Y121.41 E.06775
G1 X129.49 Y121.41 E.02632
G1 X129.49 Y124.13 E.06629
G1 X129.098 Y123.777 F9000
G1 X129.089 Y123.776
G1 X129.089 Y123.789
M204 P1500
;TYPE:Inner wall
;WIDTH:0.45
G1 F2700
G1 X128.811 Y123.789 E.00732
G1 X128.811 Y121.811 E.05197
G1 X129.089 Y121.811 E.00732
G1 X129.089 Y123.729 E.0504
G1 E-.7 F2100
;WIPE_START
G1 F2700
G1 X128.811 Y123.789 E-.08552
G1 X128.811 Y123.074 E-.21448
;WIPE_END
G1 X128.794 Y123.074 Z4.12 F9000
G1 X128.845 Y121.824
G1 X129.098 Y98.176
G1 X129.49 Y98.59
G1 Z3.92
G1 E1 F2100
M204 P1000
;TYPE:Outer wall
;WIDTH:0.42
G1 F1800
G1 X128.41 Y98.59 E.02632
G1 X128.41 Y95.81 E.06775
G1 X129.49 Y95.81 E.02632
G1 X129.49 Y98.53 E.06629
G1 X129.098 Y98.177 F9000
G1 X129.089 Y98.176
G1 X129.089 Y98.189
M204 P1500
;TYPE:Inner wall
;WIDTH:0.45
G1 F2700
G1 X128.811 Y98.189 E.00732
G1 X128.811 Y96.211 E.05197
G1 X129.089 Y96.211 E.00732
G1 X129.089 Y98.129 E.0504
G1 E-.7 F2100
;WIPE_START
G1 F2700
G1 X128.811 Y98.189 E-.08552
G1 X128.811 Y97.474 E-.21448
;WIPE_END
G1 X128.794 Y97.474 Z4.12 F9000
G1 X124.651 Y98.177
G1 X124.7 Y98.59
G1 Z3.92
G1 E1 F2100
M204 P1000
;TYPE:Outer wall
;WIDTH:0.42
G1 F1800
G1 X124.32 Y98.59 E.00926
G1 X124.32 Y95.81 E.06775
G1 X124.7 Y95.81 E.00926
G1 X124.7 Y98.53 E.06629
G1 E-.7 F2100
;WIPE_START
G1 F1800
G1 X124.32 Y98.59 E-.11541
G1 X124.32 Y97.975 E-.18459
;WIPE_END
G1 X124.354 Y97.975 Z4.12 F9000
G1 X114.491 Y98.176
G1 X114.491 Y98.176
G1 X114.54 Y98.59
G1 Z3.92
G1 E1 F2100
G1 F1800
G1 X114.16 Y98.59 E.00926
G1 X114.16 Y95.81 E.06775
G1 X114.54 Y95.81 E.00926
G1 X114.54 Y98.53 E.06629
G1 E-.7 F2100
;WIPE_START
G1 F1800
G1 X114.16 Y98.59 E-.11541
G1 X114.16 Y97.975 E-.18459
;WIPE_END
G1 X114.194 Y97.975 Z4.12 F9000
G1 X101.791 Y98.176
G1 X101.791 Y98.176
G1 X101.791 Y98.176
G1 X101.84 Y98.59
G1 Z3.92
G1 E1 F2100
G1 F1800
G1 X101.46 Y98.59 E.00926
G1 X101.46 Y95.81 E.06775
G1 X101.84 Y95.81 E.00926
G1 X101.84 Y98.53 E.06629
G1 E-.7 F2100
;WIPE_START
G1 F1800
G1 X101.46 Y98.59 E-.11541
G1 X101.46 Y97.975 E-.18459
;WIPE_END
G1 X101.494 Y97.975 Z4.12 F9000
G1 X91.631 Y98.176
G1 X91.631 Y98.176
G1 X91.631 Y98.176
G1 X91.68 Y98.59
G1 Z3.92
G1 E1 F2100
G1 F1800
G1 X91.3 Y98.59 E.00926
G1 X91.3 Y95.81 E.06775
G1 X91.68 Y95.81 E.00926
G1 X91.68 Y98.53 E.06629
G1 E-.7 F2100
;WIPE_START
G1 F1800
G1 X91.3 Y98.59 E-.11541
G1 X91.3 Y97.975 E-.18459
;WIPE_END
G1 X91.334 Y97.975 Z4.12 F9000
G1 X87.198 Y98.176
G1 X87.198 Y98.176
G1 X87.198 Y98.176
G1 X87.59 Y98.59
G1 Z3.92
G1 E1 F2100
G1 F1800
G1 X86.51 Y98.59 E.02632
G1 X86.51 Y95.81 E.06775
G1 X87.59 Y95.81 E.02632
G1 X87.59 Y98.53 E.06629
G1 X87.198 Y98.176 F9000
G1 X87.198 Y98.176
G1 X87.189 Y98.176
G1 X87.189 Y98.189
M204 P1500
;TYPE:Inner wall
;WIDTH:0.45
G1 F2700
G1 X86.911 Y98.189 E.00732
G1 X86.911 Y96.211 E.05197
G1 X87.189 Y96.211 E.00732
G1 X87.189 Y98.129 E.0504
; stop printing object pod_header_usb_coupon.stl id:0 copy 0
;LAYER_CHANGE
;Z:4.08
;HEIGHT:0.16
G92 E0 ; zero the extruded length again
; BEFORE_LAYER_CHANGE 24 @ 4.08mm
G1 E-.7 F2100
;WIPE_START
G1 F2700
G1 X86.911 Y98.189 E-.08552
G1 X86.911 Y97.474 E-.21448
;WIPE_END
; AFTER_LAYER_CHANGE 24 @ 4.08mm
;_SET_FAN_SPEED_CHANGING_LAYER
; printing object pod_header_usb_coupon.stl id:0 copy 0
G1 F9000
G1 X86.4349 Y97.2453 Z4.10857
G1 X86.3174 Y96.7305 Z4.13714
G1 X86.6467 Y96.3177 Z4.16571
G1 X87.1747 Y96.3177 Z4.19429
G1 X87.5039 Y96.7305 Z4.22286
G1 X87.3864 Y97.2453 Z4.25143
G1 X86.9107 Y97.4744 Z4.28
G1 X86.894 Y97.474 Z4.28
G1 X79.377 Y126.377
G1 X79.79 Y126.79
G1 Z4.08
G1 E1 F2100
M204 P1000
;TYPE:Outer wall
;WIDTH:0.42
G1 F1800
G1 X76.21 Y126.79 E.08725
G1 X76.21 Y93.21 E.8184
G1 X79.79 Y93.21 E.08725
G1 X79.79 Y126.73 E.81694
G1 X79.377 Y126.377 F9000
G1 X79.376 Y126.376
G1 X79.389 Y126.389
M204 P1500
;TYPE:Inner wall
;WIDTH:0.45
G1 F2700
G1 X76.611 Y126.389 E.07299
G1 X76.611 Y93.611 E.86102
G1 X79.389 Y93.611 E.07299
G1 X79.389 Y126.329 E.85944
G1 X78.974 Y125.974 F9000
G1 F2700
G1 X77.026 Y125.974 E.05115
G1 X77.026 Y94.026 E.83918
G1 X78.974 Y94.026 E.05115
G1 X78.974 Y125.914 E.8376
G1 X78.558 Y125.558 F9000
G1 F2700
G1 X77.442 Y125.558 E.02932
G1 X77.442 Y94.442 E.81734
G1 X78.558 Y94.442 E.02932
G1 X78.558 Y125.498 E.81577
G1 X78.142 Y125.142 F9000
G1 F2700
G1 X77.858 Y125.142 E.00748
G1 X77.858 Y94.858 E.79551
G1 X78.142 Y94.858 E.00748
G1 X78.142 Y125.082 E.79393
G1 E-.7 F2100
;WIPE_START
G1 F2700
G1 X77.858 Y125.142 E-.08729
G1 X77.858 Y124.433 E-.21271
;WIPE_END
G1 X79.376 Y124.395 Z4.28 F9000
G1 X87.198 Y123.776
G1 X87.59 Y124.19
G1 Z4.08
G1 E1 F2100
M204 P1000
;TYPE:Outer wall
;WIDTH:0.42
G1 F1800
G1 X86.51 Y124.19 E.02632
G1 X86.51 Y121.41 E.06775
G1 X87.59 Y121.41 E.02632
G1 X87.59 Y124.13 E.06629
G1 X87.198 Y123.776 F9000
G1 X87.198 Y123.776
G1 X87.189 Y123.776
G1 X87.189 Y123.789
M204 P1500
;TYPE:Inner wall
;WIDTH:0.45
G1 F2700
G1 X86.911 Y123.789 E.00732
G1 X86.911 Y121.811 E.05197
G1 X87.189 Y121.811 E.00732
G1 X87.189 Y123.729 E.0504
G1 E-.7 F2100
;WIPE_START
G1 F2700
G1 X86.911 Y123.789 E-.08552
G1 X86.911 Y123.074 E-.21448
;WIPE_END
G1 X86.894 Y123.074 Z4.28 F9000
G1 X91.631 Y123.777
G1 X91.68 Y124.19
G1 Z4.08
G1 E1 F2100
M204 P1000
;TYPE:Outer wall
;WIDTH:0.42
G1 F1800
G1 X91.3 Y124.19 E.00926
G1 X91.3 Y121.41 E.06775
G1 X91.68 Y121.41 E.00926
G1 X91.68 Y124.13 E.06629
G1 E-.7 F2100
;WIPE_START
G1 F1800
G1 X91.3 Y124.19 E-.11541
G1 X91.3 Y123.575 E-.18459
;WIPE_END
G1 X91.334 Y123.575 Z4.28 F9000
G1 X91.646 Y123.595
G1 X101.791 Y123.777
G1 X101.84 Y124.19
G1 Z4.08
G1 E1 F2100
G1 F1800
G1 X101.46 Y124.19 E.00926
G1 X101.46 Y121.41 E.06775
G1 X101.84 Y121.41 E.00926
G1 X101.84 Y124.13 E.06629
G1 E-.7 F2100
;WIPE_START
G1 F1800
G1 X101.46 Y124.19 E-.11541
G1 X101.46 Y123.575 E-.18459
;WIPE_END
G1 X101.494 Y123.575 Z4.28 F9000
G1 X101.806 Y123.591
G1 X114.491 Y123.776
G1 X114.54 Y124.19
G1 Z4.08
G1 E1 F2100
G1 F1800
G1 X114.16 Y124.19 E.00926
G1 X114.16 Y121.41 E.06775
G1 X114.54 Y121.41 E.00926
G1 X114.54 Y124.13 E.06629
G1 E-.7 F2100
;WIPE_START
G1 F1800
G1 X114.16 Y124.19 E-.11541
G1 X114.16 Y123.575 E-.18459
;WIPE_END
G1 X114.194 Y123.575 Z4.28 F9000
G1 X114.506 Y123.595
G1 X124.651 Y123.777
G1 X124.7 Y124.19
G1 Z4.08
G1 E1 F2100
G1 F1800
G1 X124.32 Y124.19 E.00926
G1 X124.32 Y121.41 E.06775
G1 X124.7 Y121.41 E.00926
G1 X124.7 Y124.13 E.06629
G1 E-.7 F2100
;WIPE_START
G1 F1800
G1 X124.32 Y124.19 E-.11541
G1 X124.32 Y123.575 E-.18459
;WIPE_END
G1 X124.354 Y123.575 Z4.28 F9000
G1 X124.666 Y123.616
G1 X129.098 Y123.776
G1 X129.49 Y124.19
G1 Z4.08
G1 E1 F2100
G1 F1800
G1 X128.41 Y124.19 E.02632
G1 X128.41 Y121.41 E.06775
G1 X129.49 Y121.41 E.02632
G1 X129.49 Y124.13 E.06629
G1 X129.098 Y123.777 F9000
G1 X129.089 Y123.776
G1 X129.089 Y123.789
M204 P1500
;TYPE:Inner wall
;WIDTH:0.45
G1 F2700
G1 X128.811 Y123.789 E.00732
G1 X128.811 Y121.811 E.05197
G1 X129.089 Y121.811 E.00732
G1 X129.089 Y123.729 E.0504
G1 E-.7 F2100
;WIPE_START
G1 F2700
G1 X128.811 Y123.789 E-.08552
G1 X128.811 Y123.074 E-.21448
;WIPE_END
G1 X128.794 Y123.074 Z4.28 F9000
G1 X128.845 Y121.824
G1 X129.098 Y98.176
G1 X129.49 Y98.59
G1 Z4.08
G1 E1 F2100
M204 P1000
;TYPE:Outer wall
;WIDTH:0.42
G1 F1800
G1 X128.41 Y98.59 E.02632
G1 X128.41 Y95.81 E.06775
G1 X129.49 Y95.81 E.02632
G1 X129.49 Y98.53 E.06629
G1 X129.098 Y98.177 F9000
G1 X129.089 Y98.176
G1 X129.089 Y98.189
M204 P1500
;TYPE:Inner wall
;WIDTH:0.45
G1 F2700
G1 X128.811 Y98.189 E.00732
G1 X128.811 Y96.211 E.05197
G1 X129.089 Y96.211 E.00732
G1 X129.089 Y98.129 E.0504
G1 E-.7 F2100
;WIPE_START
G1 F2700
G1 X128.811 Y98.189 E-.08552
G1 X128.811 Y97.474 E-.21448
;WIPE_END
G1 X128.794 Y97.474 Z4.28 F9000
G1 X124.651 Y98.177
G1 X124.7 Y98.59
G1 Z4.08
G1 E1 F2100
M204 P1000
;TYPE:Outer wall
;WIDTH:0.42
G1 F1800
G1 X124.32 Y98.59 E.00926
G1 X124.32 Y95.81 E.06775
G1 X124.7 Y95.81 E.00926
G1 X124.7 Y98.53 E.06629
G1 E-.7 F2100
;WIPE_START
G1 F1800
G1 X124.32 Y98.59 E-.11541
G1 X124.32 Y97.975 E-.18459
;WIPE_END
G1 X124.354 Y97.975 Z4.28 F9000
G1 X114.491 Y98.176
G1 X114.491 Y98.176
G1 X114.54 Y98.59
G1 Z4.08
G1 E1 F2100
G1 F1800
G1 X114.16 Y98.59 E.00926
G1 X114.16 Y95.81 E.06775
G1 X114.54 Y95.81 E.00926
G1 X114.54 Y98.53 E.06629
G1 E-.7 F2100
;WIPE_START
G1 F1800
G1 X114.16 Y98.59 E-.11541
G1 X114.16 Y97.975 E-.18459
;WIPE_END
G1 X114.194 Y97.975 Z4.28 F9000
G1 X101.791 Y98.176
G1 X101.791 Y98.176
G1 X101.791 Y98.176
G1 X101.84 Y98.59
G1 Z4.08
G1 E1 F2100
G1 F1800
G1 X101.46 Y98.59 E.00926
G1 X101.46 Y95.81 E.06775
G1 X101.84 Y95.81 E.00926
G1 X101.84 Y98.53 E.06629
G1 E-.7 F2100
;WIPE_START
G1 F1800
G1 X101.46 Y98.59 E-.11541
G1 X101.46 Y97.975 E-.18459
;WIPE_END
G1 X101.494 Y97.975 Z4.28 F9000
G1 X91.631 Y98.176
G1 X91.631 Y98.176
G1 X91.631 Y98.176
G1 X91.68 Y98.59
G1 Z4.08
G1 E1 F2100
G1 F1800
G1 X91.3 Y98.59 E.00926
G1 X91.3 Y95.81 E.06775
G1 X91.68 Y95.81 E.00926
G1 X91.68 Y98.53 E.06629
G1 E-.7 F2100
;WIPE_START
G1 F1800
G1 X91.3 Y98.59 E-.11541
G1 X91.3 Y97.975 E-.18459
;WIPE_END
G1 X91.334 Y97.975 Z4.28 F9000
G1 X87.198 Y98.176
G1 X87.198 Y98.176
G1 X87.198 Y98.176
G1 X87.59 Y98.59
G1 Z4.08
G1 E1 F2100
G1 F1800
G1 X86.51 Y98.59 E.02632
G1 X86.51 Y95.81 E.06775
G1 X87.59 Y95.81 E.02632
G1 X87.59 Y98.53 E.06629
G1 X87.198 Y98.176 F9000
G1 X87.198 Y98.176
G1 X87.189 Y98.176
G1 X87.189 Y98.189
M204 P1500
;TYPE:Inner wall
;WIDTH:0.45
G1 F2700
G1 X86.911 Y98.189 E.00732
G1 X86.911 Y96.211 E.05197
G1 X87.189 Y96.211 E.00732
G1 X87.189 Y98.129 E.0504
; stop printing object pod_header_usb_coupon.stl id:0 copy 0
;LAYER_CHANGE
;Z:4.24
;HEIGHT:0.16
G92 E0 ; zero the extruded length again
; BEFORE_LAYER_CHANGE 25 @ 4.24mm
G1 E-.7 F2100
;WIPE_START
G1 F2700
G1 X86.911 Y98.189 E-.08552
G1 X86.911 Y97.474 E-.21448
;WIPE_END
; AFTER_LAYER_CHANGE 25 @ 4.24mm
;_SET_FAN_SPEED_CHANGING_LAYER
; printing object pod_header_usb_coupon.stl id:0 copy 0
G1 F9000
G1 X86.4349 Y97.2453 Z4.26857
G1 X86.3174 Y96.7305 Z4.29714
G1 X86.6467 Y96.3177 Z4.32571
G1 X87.1747 Y96.3177 Z4.35429
G1 X87.5039 Y96.7305 Z4.38286
G1 X87.3864 Y97.2453 Z4.41143
G1 X86.9107 Y97.4744 Z4.44
G1 X86.894 Y97.474 Z4.44
G1 X79.377 Y126.377
G1 X79.79 Y126.79
G1 Z4.24
G1 E1 F2100
M204 P1000
;TYPE:Outer wall
;WIDTH:0.42
G1 F1800
G1 X76.21 Y126.79 E.08725
G1 X76.21 Y93.21 E.8184
G1 X79.79 Y93.21 E.08725
G1 X79.79 Y126.73 E.81694
G1 X79.377 Y126.377 F9000
G1 X79.376 Y126.376
G1 X79.389 Y126.389
M204 P1500
;TYPE:Inner wall
;WIDTH:0.45
G1 F2700
G1 X76.611 Y126.389 E.07299
G1 X76.611 Y93.611 E.86102
G1 X79.389 Y93.611 E.07299
G1 X79.389 Y126.329 E.85944
G1 X78.974 Y125.974 F9000
G1 F2700
G1 X77.026 Y125.974 E.05115
G1 X77.026 Y94.026 E.83918
G1 X78.974 Y94.026 E.05115
G1 X78.974 Y125.914 E.8376
G1 X78.558 Y125.558 F9000
G1 F2700
G1 X77.442 Y125.558 E.02932
G1 X77.442 Y94.442 E.81734
G1 X78.558 Y94.442 E.02932
G1 X78.558 Y125.498 E.81577
G1 X78.142 Y125.142 F9000
G1 F2700
G1 X77.858 Y125.142 E.00748
G1 X77.858 Y94.858 E.79551
G1 X78.142 Y94.858 E.00748
G1 X78.142 Y125.082 E.79393
G1 E-.7 F2100
;WIPE_START
G1 F2700
G1 X77.858 Y125.142 E-.08729
G1 X77.858 Y124.433 E-.21271
;WIPE_END
G1 X79.376 Y124.395 Z4.44 F9000
G1 X87.198 Y123.776
G1 X87.59 Y124.19
G1 Z4.24
G1 E1 F2100
M204 P1000
;TYPE:Outer wall
;WIDTH:0.42
G1 F1800
G1 X86.51 Y124.19 E.02632
G1 X86.51 Y121.41 E.06775
G1 X87.59 Y121.41 E.02632
G1 X87.59 Y124.13 E.06629
G1 X87.198 Y123.776 F9000
G1 X87.198 Y123.776
G1 X87.189 Y123.776
G1 X87.189 Y123.789
M204 P1500
;TYPE:Inner wall
;WIDTH:0.45
G1 F2700
G1 X86.911 Y123.789 E.00732
G1 X86.911 Y121.811 E.05197
G1 X87.189 Y121.811 E.00732
G1 X87.189 Y123.729 E.0504
G1 E-.7 F2100
;WIPE_START
G1 F2700
G1 X86.911 Y123.789 E-.08552
G1 X86.911 Y123.074 E-.21448
;WIPE_END
G1 X86.894 Y123.074 Z4.44 F9000
G1 X91.631 Y123.777
G1 X91.68 Y124.19
G1 Z4.24
G1 E1 F2100
M204 P1000
;TYPE:Outer wall
;WIDTH:0.42
G1 F1800
G1 X91.3 Y124.19 E.00926
G1 X91.3 Y121.41 E.06775
G1 X91.68 Y121.41 E.00926
G1 X91.68 Y124.13 E.06629
G1 E-.7 F2100
;WIPE_START
G1 F1800
G1 X91.3 Y124.19 E-.11541
G1 X91.3 Y123.575 E-.18459
;WIPE_END
G1 X91.334 Y123.575 Z4.44 F9000
G1 X91.646 Y123.595
G1 X101.791 Y123.777
G1 X101.84 Y124.19
G1 Z4.24
G1 E1 F2100
G1 F1800
G1 X101.46 Y124.19 E.00926
G1 X101.46 Y121.41 E.06775
G1 X101.84 Y121.41 E.00926
G1 X101.84 Y124.13 E.06629
G1 E-.7 F2100
;WIPE_START
G1 F1800
G1 X101.46 Y124.19 E-.11541
G1 X101.46 Y123.575 E-.18459
;WIPE_END
G1 X101.494 Y123.575 Z4.44 F9000
G1 X101.806 Y123.591
G1 X114.491 Y123.776
G1 X114.54 Y124.19
G1 Z4.24
G1 E1 F2100
G1 F1800
G1 X114.16 Y124.19 E.00926
G1 X114.16 Y121.41 E.06775
G1 X114.54 Y121.41 E.00926
G1 X114.54 Y124.13 E.06629
G1 E-.7 F2100
;WIPE_START
G1 F1800
G1 X114.16 Y124.19 E-.11541
G1 X114.16 Y123.575 E-.18459
;WIPE_END
G1 X114.194 Y123.575 Z4.44 F9000
G1 X114.506 Y123.595
G1 X124.651 Y123.777
G1 X124.7 Y124.19
G1 Z4.24
G1 E1 F2100
G1 F1800
G1 X124.32 Y124.19 E.00926
G1 X124.32 Y121.41 E.06775
G1 X124.7 Y121.41 E.00926
G1 X124.7 Y124.13 E.06629
G1 E-.7 F2100
;WIPE_START
G1 F1800
G1 X124.32 Y124.19 E-.11541
G1 X124.32 Y123.575 E-.18459
;WIPE_END
G1 X124.354 Y123.575 Z4.44 F9000
G1 X124.666 Y123.616
G1 X129.098 Y123.776
G1 X129.49 Y124.19
G1 Z4.24
G1 E1 F2100
G1 F1800
G1 X128.41 Y124.19 E.02632
G1 X128.41 Y121.41 E.06775
G1 X129.49 Y121.41 E.02632
G1 X129.49 Y124.13 E.06629
G1 X129.098 Y123.777 F9000
G1 X129.089 Y123.776
G1 X129.089 Y123.789
M204 P1500
;TYPE:Inner wall
;WIDTH:0.45
G1 F2700
G1 X128.811 Y123.789 E.00732
G1 X128.811 Y121.811 E.05197
G1 X129.089 Y121.811 E.00732
G1 X129.089 Y123.729 E.0504
G1 E-.7 F2100
;WIPE_START
G1 F2700
G1 X128.811 Y123.789 E-.08552
G1 X128.811 Y123.074 E-.21448
;WIPE_END
G1 X128.794 Y123.074 Z4.44 F9000
G1 X128.845 Y121.824
G1 X129.098 Y98.176
G1 X129.49 Y98.59
G1 Z4.24
G1 E1 F2100
M204 P1000
;TYPE:Outer wall
;WIDTH:0.42
G1 F1800
G1 X128.41 Y98.59 E.02632
G1 X128.41 Y95.81 E.06775
G1 X129.49 Y95.81 E.02632
G1 X129.49 Y98.53 E.06629
G1 X129.098 Y98.177 F9000
G1 X129.089 Y98.176
G1 X129.089 Y98.189
M204 P1500
;TYPE:Inner wall
;WIDTH:0.45
G1 F2700
G1 X128.811 Y98.189 E.00732
G1 X128.811 Y96.211 E.05197
G1 X129.089 Y96.211 E.00732
G1 X129.089 Y98.129 E.0504
G1 E-.7 F2100
;WIPE_START
G1 F2700
G1 X128.811 Y98.189 E-.08552
G1 X128.811 Y97.474 E-.21448
;WIPE_END
G1 X128.794 Y97.474 Z4.44 F9000
G1 X124.651 Y98.177
G1 X124.7 Y98.59
G1 Z4.24
G1 E1 F2100
M204 P1000
;TYPE:Outer wall
;WIDTH:0.42
G1 F1800
G1 X124.32 Y98.59 E.00926
G1 X124.32 Y95.81 E.06775
G1 X124.7 Y95.81 E.00926
G1 X124.7 Y98.53 E.06629
G1 E-.7 F2100
;WIPE_START
G1 F1800
G1 X124.32 Y98.59 E-.11541
G1 X124.32 Y97.975 E-.18459
;WIPE_END
G1 X124.354 Y97.975 Z4.44 F9000
G1 X114.491 Y98.176
G1 X114.491 Y98.176
G1 X114.54 Y98.59
G1 Z4.24
G1 E1 F2100
G1 F1800
G1 X114.16 Y98.59 E.00926
G1 X114.16 Y95.81 E.06775
G1 X114.54 Y95.81 E.00926
G1 X114.54 Y98.53 E.06629
G1 E-.7 F2100
;WIPE_START
G1 F1800
G1 X114.16 Y98.59 E-.11541
G1 X114.16 Y97.975 E-.18459
;WIPE_END
G1 X114.194 Y97.975 Z4.44 F9000
G1 X101.791 Y98.176
G1 X101.791 Y98.176
G1 X101.791 Y98.176
G1 X101.84 Y98.59
G1 Z4.24
G1 E1 F2100
G1 F1800
G1 X101.46 Y98.59 E.00926
G1 X101.46 Y95.81 E.06775
G1 X101.84 Y95.81 E.00926
G1 X101.84 Y98.53 E.06629
G1 E-.7 F2100
;WIPE_START
G1 F1800
G1 X101.46 Y98.59 E-.11541
G1 X101.46 Y97.975 E-.18459
;WIPE_END
G1 X101.494 Y97.975 Z4.44 F9000
G1 X91.631 Y98.176
G1 X91.631 Y98.176
G1 X91.631 Y98.176
G1 X91.68 Y98.59
G1 Z4.24
G1 E1 F2100
G1 F1800
G1 X91.3 Y98.59 E.00926
G1 X91.3 Y95.81 E.06775
G1 X91.68 Y95.81 E.00926
G1 X91.68 Y98.53 E.06629
G1 E-.7 F2100
;WIPE_START
G1 F1800
G1 X91.3 Y98.59 E-.11541
G1 X91.3 Y97.975 E-.18459
;WIPE_END
G1 X91.334 Y97.975 Z4.44 F9000
G1 X87.198 Y98.176
G1 X87.198 Y98.176
G1 X87.198 Y98.176
G1 X87.59 Y98.59
G1 Z4.24
G1 E1 F2100
G1 F1800
G1 X86.51 Y98.59 E.02632
G1 X86.51 Y95.81 E.06775
G1 X87.59 Y95.81 E.02632
G1 X87.59 Y98.53 E.06629
G1 X87.198 Y98.176 F9000
G1 X87.198 Y98.176
G1 X87.189 Y98.176
G1 X87.189 Y98.189
M204 P1500
;TYPE:Inner wall
;WIDTH:0.45
G1 F2700
G1 X86.911 Y98.189 E.00732
G1 X86.911 Y96.211 E.05197
G1 X87.189 Y96.211 E.00732
G1 X87.189 Y98.129 E.0504
; stop printing object pod_header_usb_coupon.stl id:0 copy 0
;LAYER_CHANGE
;Z:4.4
;HEIGHT:0.16
G92 E0 ; zero the extruded length again
; BEFORE_LAYER_CHANGE 26 @ 4.4mm
G1 E-.7 F2100
;WIPE_START
G1 F2700
G1 X86.911 Y98.189 E-.08552
G1 X86.911 Y97.474 E-.21448
;WIPE_END
; AFTER_LAYER_CHANGE 26 @ 4.4mm
;_SET_FAN_SPEED_CHANGING_LAYER
; printing object pod_header_usb_coupon.stl id:0 copy 0
G1 F9000
G1 X86.4349 Y97.2453 Z4.42857
G1 X86.3174 Y96.7305 Z4.45714
G1 X86.6467 Y96.3177 Z4.48571
G1 X87.1747 Y96.3177 Z4.51429
G1 X87.5039 Y96.7305 Z4.54286
G1 X87.3864 Y97.2453 Z4.57143
G1 X86.9107 Y97.4744 Z4.6
G1 X86.894 Y97.474 Z4.6
G1 X79.377 Y126.377
G1 X79.79 Y126.79
G1 Z4.4
G1 E1 F2100
M204 P1000
;TYPE:Outer wall
;WIDTH:0.42
G1 F1800
G1 X76.21 Y126.79 E.08725
G1 X76.21 Y93.21 E.8184
G1 X79.79 Y93.21 E.08725
G1 X79.79 Y126.73 E.81694
G1 X79.377 Y126.377 F9000
G1 X79.376 Y126.376
G1 X79.389 Y126.389
M204 P1500
;TYPE:Inner wall
;WIDTH:0.45
G1 F2700
G1 X76.611 Y126.389 E.07299
G1 X76.611 Y93.611 E.86102
G1 X79.389 Y93.611 E.07299
G1 X79.389 Y126.329 E.85944
G1 X78.974 Y125.974 F9000
G1 F2700
G1 X77.026 Y125.974 E.05115
G1 X77.026 Y94.026 E.83918
G1 X78.974 Y94.026 E.05115
G1 X78.974 Y125.914 E.8376
G1 X78.558 Y125.558 F9000
G1 F2700
G1 X77.442 Y125.558 E.02932
G1 X77.442 Y94.442 E.81734
G1 X78.558 Y94.442 E.02932
G1 X78.558 Y125.498 E.81577
G1 X78.142 Y125.142 F9000
G1 F2700
G1 X77.858 Y125.142 E.00748
G1 X77.858 Y94.858 E.79551
G1 X78.142 Y94.858 E.00748
G1 X78.142 Y125.082 E.79393
G1 E-.7 F2100
;WIPE_START
G1 F2700
G1 X77.858 Y125.142 E-.08729
G1 X77.858 Y124.433 E-.21271
;WIPE_END
G1 X79.376 Y124.395 Z4.6 F9000
G1 X87.198 Y123.776
G1 X87.59 Y124.19
G1 Z4.4
G1 E1 F2100
M204 P1000
;TYPE:Outer wall
;WIDTH:0.42
G1 F1800
G1 X86.51 Y124.19 E.02632
G1 X86.51 Y121.41 E.06775
G1 X87.59 Y121.41 E.02632
G1 X87.59 Y124.13 E.06629
G1 X87.198 Y123.776 F9000
G1 X87.198 Y123.776
G1 X87.189 Y123.776
G1 X87.189 Y123.789
M204 P1500
;TYPE:Inner wall
;WIDTH:0.45
G1 F2700
G1 X86.911 Y123.789 E.00732
G1 X86.911 Y121.811 E.05197
G1 X87.189 Y121.811 E.00732
G1 X87.189 Y123.729 E.0504
G1 E-.7 F2100
;WIPE_START
G1 F2700
G1 X86.911 Y123.789 E-.08552
G1 X86.911 Y123.074 E-.21448
;WIPE_END
G1 X86.894 Y123.074 Z4.6 F9000
G1 X91.631 Y123.777
G1 X91.68 Y124.19
G1 Z4.4
G1 E1 F2100
M204 P1000
;TYPE:Outer wall
;WIDTH:0.42
G1 F1800
G1 X91.3 Y124.19 E.00926
G1 X91.3 Y121.41 E.06775
G1 X91.68 Y121.41 E.00926
G1 X91.68 Y124.13 E.06629
G1 E-.7 F2100
;WIPE_START
G1 F1800
G1 X91.3 Y124.19 E-.11541
G1 X91.3 Y123.575 E-.18459
;WIPE_END
G1 X91.334 Y123.575 Z4.6 F9000
G1 X91.646 Y123.595
G1 X101.791 Y123.777
G1 X101.84 Y124.19
G1 Z4.4
G1 E1 F2100
G1 F1800
G1 X101.46 Y124.19 E.00926
G1 X101.46 Y121.41 E.06775
G1 X101.84 Y121.41 E.00926
G1 X101.84 Y124.13 E.06629
G1 E-.7 F2100
;WIPE_START
G1 F1800
G1 X101.46 Y124.19 E-.11541
G1 X101.46 Y123.575 E-.18459
;WIPE_END
G1 X101.494 Y123.575 Z4.6 F9000
G1 X101.806 Y123.591
G1 X114.491 Y123.776
G1 X114.54 Y124.19
G1 Z4.4
G1 E1 F2100
G1 F1800
G1 X114.16 Y124.19 E.00926
G1 X114.16 Y121.41 E.06775
G1 X114.54 Y121.41 E.00926
G1 X114.54 Y124.13 E.06629
G1 E-.7 F2100
;WIPE_START
G1 F1800
G1 X114.16 Y124.19 E-.11541
G1 X114.16 Y123.575 E-.18459
;WIPE_END
G1 X114.194 Y123.575 Z4.6 F9000
G1 X114.506 Y123.595
G1 X124.651 Y123.777
G1 X124.7 Y124.19
G1 Z4.4
G1 E1 F2100
G1 F1800
G1 X124.32 Y124.19 E.00926
G1 X124.32 Y121.41 E.06775
G1 X124.7 Y121.41 E.00926
G1 X124.7 Y124.13 E.06629
G1 E-.7 F2100
;WIPE_START
G1 F1800
G1 X124.32 Y124.19 E-.11541
G1 X124.32 Y123.575 E-.18459
;WIPE_END
G1 X124.354 Y123.575 Z4.6 F9000
G1 X124.666 Y123.616
G1 X129.098 Y123.776
G1 X129.49 Y124.19
G1 Z4.4
G1 E1 F2100
G1 F1800
G1 X128.41 Y124.19 E.02632
G1 X128.41 Y121.41 E.06775
G1 X129.49 Y121.41 E.02632
G1 X129.49 Y124.13 E.06629
G1 X129.098 Y123.777 F9000
G1 X129.089 Y123.776
G1 X129.089 Y123.789
M204 P1500
;TYPE:Inner wall
;WIDTH:0.45
G1 F2700
G1 X128.811 Y123.789 E.00732
G1 X128.811 Y121.811 E.05197
G1 X129.089 Y121.811 E.00732
G1 X129.089 Y123.729 E.0504
G1 E-.7 F2100
;WIPE_START
G1 F2700
G1 X128.811 Y123.789 E-.08552
G1 X128.811 Y123.074 E-.21448
;WIPE_END
G1 X128.794 Y123.074 Z4.6 F9000
G1 X128.845 Y121.824
G1 X129.098 Y98.176
G1 X129.49 Y98.59
G1 Z4.4
G1 E1 F2100
M204 P1000
;TYPE:Outer wall
;WIDTH:0.42
G1 F1800
G1 X128.41 Y98.59 E.02632
G1 X128.41 Y95.81 E.06775
G1 X129.49 Y95.81 E.02632
G1 X129.49 Y98.53 E.06629
G1 X129.098 Y98.177 F9000
G1 X129.089 Y98.176
G1 X129.089 Y98.189
M204 P1500
;TYPE:Inner wall
;WIDTH:0.45
G1 F2700
G1 X128.811 Y98.189 E.00732
G1 X128.811 Y96.211 E.05197
G1 X129.089 Y96.211 E.00732
G1 X129.089 Y98.129 E.0504
G1 E-.7 F2100
;WIPE_START
G1 F2700
G1 X128.811 Y98.189 E-.08552
G1 X128.811 Y97.474 E-.21448
;WIPE_END
G1 X128.794 Y97.474 Z4.6 F9000
G1 X124.651 Y98.177
G1 X124.7 Y98.59
G1 Z4.4
G1 E1 F2100
M204 P1000
;TYPE:Outer wall
;WIDTH:0.42
G1 F1800
G1 X124.32 Y98.59 E.00926
G1 X124.32 Y95.81 E.06775
G1 X124.7 Y95.81 E.00926
G1 X124.7 Y98.53 E.06629
G1 E-.7 F2100
;WIPE_START
G1 F1800
G1 X124.32 Y98.59 E-.11541
G1 X124.32 Y97.975 E-.18459
;WIPE_END
G1 X124.354 Y97.975 Z4.6 F9000
G1 X114.491 Y98.176
G1 X114.491 Y98.176
G1 X114.54 Y98.59
G1 Z4.4
G1 E1 F2100
G1 F1800
G1 X114.16 Y98.59 E.00926
G1 X114.16 Y95.81 E.06775
G1 X114.54 Y95.81 E.00926
G1 X114.54 Y98.53 E.06629
G1 E-.7 F2100
;WIPE_START
G1 F1800
G1 X114.16 Y98.59 E-.11541
G1 X114.16 Y97.975 E-.18459
;WIPE_END
G1 X114.194 Y97.975 Z4.6 F9000
G1 X101.791 Y98.176
G1 X101.791 Y98.176
G1 X101.791 Y98.176
G1 X101.84 Y98.59
G1 Z4.4
G1 E1 F2100
G1 F1800
G1 X101.46 Y98.59 E.00926
G1 X101.46 Y95.81 E.06775
G1 X101.84 Y95.81 E.00926
G1 X101.84 Y98.53 E.06629
G1 E-.7 F2100
;WIPE_START
G1 F1800
G1 X101.46 Y98.59 E-.11541
G1 X101.46 Y97.975 E-.18459
;WIPE_END
G1 X101.494 Y97.975 Z4.6 F9000
G1 X91.631 Y98.176
G1 X91.631 Y98.176
G1 X91.631 Y98.176
G1 X91.68 Y98.59
G1 Z4.4
G1 E1 F2100
G1 F1800
G1 X91.3 Y98.59 E.00926
G1 X91.3 Y95.81 E.06775
G1 X91.68 Y95.81 E.00926
G1 X91.68 Y98.53 E.06629
G1 E-.7 F2100
;WIPE_START
G1 F1800
G1 X91.3 Y98.59 E-.11541
G1 X91.3 Y97.975 E-.18459
;WIPE_END
G1 X91.334 Y97.975 Z4.6 F9000
G1 X87.198 Y98.176
G1 X87.198 Y98.176
G1 X87.198 Y98.176
G1 X87.59 Y98.59
G1 Z4.4
G1 E1 F2100
G1 F1800
G1 X86.51 Y98.59 E.02632
G1 X86.51 Y95.81 E.06775
G1 X87.59 Y95.81 E.02632
G1 X87.59 Y98.53 E.06629
G1 X87.198 Y98.176 F9000
G1 X87.198 Y98.176
G1 X87.189 Y98.176
G1 X87.189 Y98.189
M204 P1500
;TYPE:Inner wall
;WIDTH:0.45
G1 F2700
G1 X86.911 Y98.189 E.00732
G1 X86.911 Y96.211 E.05197
G1 X87.189 Y96.211 E.00732
G1 X87.189 Y98.129 E.0504
; stop printing object pod_header_usb_coupon.stl id:0 copy 0
;LAYER_CHANGE
;Z:4.56
;HEIGHT:0.16
G92 E0 ; zero the extruded length again
; BEFORE_LAYER_CHANGE 27 @ 4.56mm
G1 E-.7 F2100
;WIPE_START
G1 F2700
G1 X86.911 Y98.189 E-.08552
G1 X86.911 Y97.474 E-.21448
;WIPE_END
; AFTER_LAYER_CHANGE 27 @ 4.56mm
;_SET_FAN_SPEED_CHANGING_LAYER
; printing object pod_header_usb_coupon.stl id:0 copy 0
G1 F9000
G1 X86.4349 Y97.2453 Z4.58857
G1 X86.3174 Y96.7305 Z4.61714
G1 X86.6467 Y96.3177 Z4.64571
G1 X87.1747 Y96.3177 Z4.67429
G1 X87.5039 Y96.7305 Z4.70286
G1 X87.3864 Y97.2453 Z4.73143
G1 X86.9107 Y97.4744 Z4.76
G1 X86.894 Y97.474 Z4.76
G1 X79.377 Y126.377
G1 X79.79 Y126.79
G1 Z4.56
G1 E1 F2100
M204 P1000
;TYPE:Outer wall
;WIDTH:0.42
G1 F1800
G1 X76.21 Y126.79 E.08725
G1 X76.21 Y93.21 E.8184
G1 X79.79 Y93.21 E.08725
G1 X79.79 Y126.73 E.81694
G1 X79.377 Y126.377 F9000
G1 X79.376 Y126.376
G1 X79.389 Y126.389
M204 P1500
;TYPE:Inner wall
;WIDTH:0.45
G1 F2700
G1 X76.611 Y126.389 E.07299
G1 X76.611 Y93.611 E.86102
G1 X79.389 Y93.611 E.07299
G1 X79.389 Y126.329 E.85944
G1 X78.974 Y125.974 F9000
G1 F2700
G1 X77.026 Y125.974 E.05115
G1 X77.026 Y94.026 E.83918
G1 X78.974 Y94.026 E.05115
G1 X78.974 Y125.914 E.8376
G1 X78.558 Y125.558 F9000
G1 F2700
G1 X77.442 Y125.558 E.02932
G1 X77.442 Y94.442 E.81734
G1 X78.558 Y94.442 E.02932
G1 X78.558 Y125.498 E.81577
G1 X78.142 Y125.142 F9000
G1 F2700
G1 X77.858 Y125.142 E.00748
G1 X77.858 Y94.858 E.79551
G1 X78.142 Y94.858 E.00748
G1 X78.142 Y125.082 E.79393
G1 E-.7 F2100
;WIPE_START
G1 F2700
G1 X77.858 Y125.142 E-.08729
G1 X77.858 Y124.433 E-.21271
;WIPE_END
G1 X79.376 Y124.395 Z4.76 F9000
G1 X87.198 Y123.776
G1 X87.59 Y124.19
G1 Z4.56
G1 E1 F2100
M204 P1000
;TYPE:Outer wall
;WIDTH:0.42
G1 F1800
G1 X86.51 Y124.19 E.02632
G1 X86.51 Y121.41 E.06775
G1 X87.59 Y121.41 E.02632
G1 X87.59 Y124.13 E.06629
G1 X87.198 Y123.776 F9000
G1 X87.198 Y123.776
G1 X87.189 Y123.776
G1 X87.189 Y123.789
M204 P1500
;TYPE:Inner wall
;WIDTH:0.45
G1 F2700
G1 X86.911 Y123.789 E.00732
G1 X86.911 Y121.811 E.05197
G1 X87.189 Y121.811 E.00732
G1 X87.189 Y123.729 E.0504
G1 E-.7 F2100
;WIPE_START
G1 F2700
G1 X86.911 Y123.789 E-.08552
G1 X86.911 Y123.074 E-.21448
;WIPE_END
G1 X86.894 Y123.074 Z4.76 F9000
G1 X91.631 Y123.777
G1 X91.68 Y124.19
G1 Z4.56
G1 E1 F2100
M204 P1000
;TYPE:Outer wall
;WIDTH:0.42
G1 F1800
G1 X91.3 Y124.19 E.00926
G1 X91.3 Y121.41 E.06775
G1 X91.68 Y121.41 E.00926
G1 X91.68 Y124.13 E.06629
G1 E-.7 F2100
;WIPE_START
G1 F1800
G1 X91.3 Y124.19 E-.11541
G1 X91.3 Y123.575 E-.18459
;WIPE_END
G1 X91.334 Y123.575 Z4.76 F9000
G1 X91.646 Y123.595
G1 X101.791 Y123.777
G1 X101.84 Y124.19
G1 Z4.56
G1 E1 F2100
G1 F1800
G1 X101.46 Y124.19 E.00926
G1 X101.46 Y121.41 E.06775
G1 X101.84 Y121.41 E.00926
G1 X101.84 Y124.13 E.06629
G1 E-.7 F2100
;WIPE_START
G1 F1800
G1 X101.46 Y124.19 E-.11541
G1 X101.46 Y123.575 E-.18459
;WIPE_END
G1 X101.494 Y123.575 Z4.76 F9000
G1 X101.806 Y123.591
G1 X114.491 Y123.776
G1 X114.54 Y124.19
G1 Z4.56
G1 E1 F2100
G1 F1800
G1 X114.16 Y124.19 E.00926
G1 X114.16 Y121.41 E.06775
G1 X114.54 Y121.41 E.00926
G1 X114.54 Y124.13 E.06629
G1 E-.7 F2100
;WIPE_START
G1 F1800
G1 X114.16 Y124.19 E-.11541
G1 X114.16 Y123.575 E-.18459
;WIPE_END
G1 X114.194 Y123.575 Z4.76 F9000
G1 X114.506 Y123.595
G1 X124.651 Y123.777
G1 X124.7 Y124.19
G1 Z4.56
G1 E1 F2100
G1 F1800
G1 X124.32 Y124.19 E.00926
G1 X124.32 Y121.41 E.06775
G1 X124.7 Y121.41 E.00926
G1 X124.7 Y124.13 E.06629
G1 E-.7 F2100
;WIPE_START
G1 F1800
G1 X124.32 Y124.19 E-.11541
G1 X124.32 Y123.575 E-.18459
;WIPE_END
G1 X124.354 Y123.575 Z4.76 F9000
G1 X124.666 Y123.616
G1 X129.098 Y123.776
G1 X129.49 Y124.19
G1 Z4.56
G1 E1 F2100
G1 F1800
G1 X128.41 Y124.19 E.02632
G1 X128.41 Y121.41 E.06775
G1 X129.49 Y121.41 E.02632
G1 X129.49 Y124.13 E.06629
G1 X129.098 Y123.777 F9000
G1 X129.089 Y123.776
G1 X129.089 Y123.789
M204 P1500
;TYPE:Inner wall
;WIDTH:0.45
G1 F2700
G1 X128.811 Y123.789 E.00732
G1 X128.811 Y121.811 E.05197
G1 X129.089 Y121.811 E.00732
G1 X129.089 Y123.729 E.0504
G1 E-.7 F2100
;WIPE_START
G1 F2700
G1 X128.811 Y123.789 E-.08552
G1 X128.811 Y123.074 E-.21448
;WIPE_END
G1 X128.794 Y123.074 Z4.76 F9000
G1 X128.845 Y121.824
G1 X129.098 Y98.176
G1 X129.49 Y98.59
G1 Z4.56
G1 E1 F2100
M204 P1000
;TYPE:Outer wall
;WIDTH:0.42
G1 F1800
G1 X128.41 Y98.59 E.02632
G1 X128.41 Y95.81 E.06775
G1 X129.49 Y95.81 E.02632
G1 X129.49 Y98.53 E.06629
G1 X129.098 Y98.177 F9000
G1 X129.089 Y98.176
G1 X129.089 Y98.189
M204 P1500
;TYPE:Inner wall
;WIDTH:0.45
G1 F2700
G1 X128.811 Y98.189 E.00732
G1 X128.811 Y96.211 E.05197
G1 X129.089 Y96.211 E.00732
G1 X129.089 Y98.129 E.0504
G1 E-.7 F2100
;WIPE_START
G1 F2700
G1 X128.811 Y98.189 E-.08552
G1 X128.811 Y97.474 E-.21448
;WIPE_END
G1 X128.794 Y97.474 Z4.76 F9000
G1 X124.651 Y98.177
G1 X124.7 Y98.59
G1 Z4.56
G1 E1 F2100
M204 P1000
;TYPE:Outer wall
;WIDTH:0.42
G1 F1800
G1 X124.32 Y98.59 E.00926
G1 X124.32 Y95.81 E.06775
G1 X124.7 Y95.81 E.00926
G1 X124.7 Y98.53 E.06629
G1 E-.7 F2100
;WIPE_START
G1 F1800
G1 X124.32 Y98.59 E-.11541
G1 X124.32 Y97.975 E-.18459
;WIPE_END
G1 X124.354 Y97.975 Z4.76 F9000
G1 X114.491 Y98.176
G1 X114.491 Y98.176
G1 X114.54 Y98.59
G1 Z4.56
G1 E1 F2100
G1 F1800
G1 X114.16 Y98.59 E.00926
G1 X114.16 Y95.81 E.06775
G1 X114.54 Y95.81 E.00926
G1 X114.54 Y98.53 E.06629
G1 E-.7 F2100
;WIPE_START
G1 F1800
G1 X114.16 Y98.59 E-.11541
G1 X114.16 Y97.975 E-.18459
;WIPE_END
G1 X114.194 Y97.975 Z4.76 F9000
G1 X101.791 Y98.176
G1 X101.791 Y98.176
G1 X101.791 Y98.176
G1 X101.84 Y98.59
G1 Z4.56
G1 E1 F2100
G1 F1800
G1 X101.46 Y98.59 E.00926
G1 X101.46 Y95.81 E.06775
G1 X101.84 Y95.81 E.00926
G1 X101.84 Y98.53 E.06629
G1 E-.7 F2100
;WIPE_START
G1 F1800
G1 X101.46 Y98.59 E-.11541
G1 X101.46 Y97.975 E-.18459
;WIPE_END
G1 X101.494 Y97.975 Z4.76 F9000
G1 X91.631 Y98.176
G1 X91.631 Y98.176
G1 X91.631 Y98.176
G1 X91.68 Y98.59
G1 Z4.56
G1 E1 F2100
G1 F1800
G1 X91.3 Y98.59 E.00926
G1 X91.3 Y95.81 E.06775
G1 X91.68 Y95.81 E.00926
G1 X91.68 Y98.53 E.06629
G1 E-.7 F2100
;WIPE_START
G1 F1800
G1 X91.3 Y98.59 E-.11541
G1 X91.3 Y97.975 E-.18459
;WIPE_END
G1 X91.334 Y97.975 Z4.76 F9000
G1 X87.198 Y98.176
G1 X87.198 Y98.176
G1 X87.198 Y98.176
G1 X87.59 Y98.59
G1 Z4.56
G1 E1 F2100
G1 F1800
G1 X86.51 Y98.59 E.02632
G1 X86.51 Y95.81 E.06775
G1 X87.59 Y95.81 E.02632
G1 X87.59 Y98.53 E.06629
G1 X87.198 Y98.176 F9000
G1 X87.198 Y98.176
G1 X87.189 Y98.176
G1 X87.189 Y98.189
M204 P1500
;TYPE:Inner wall
;WIDTH:0.45
G1 F2700
G1 X86.911 Y98.189 E.00732
G1 X86.911 Y96.211 E.05197
G1 X87.189 Y96.211 E.00732
G1 X87.189 Y98.129 E.0504
; stop printing object pod_header_usb_coupon.stl id:0 copy 0
;LAYER_CHANGE
;Z:4.72
;HEIGHT:0.16
G92 E0 ; zero the extruded length again
; BEFORE_LAYER_CHANGE 28 @ 4.72mm
G1 E-.7 F2100
;WIPE_START
G1 F2700
G1 X86.911 Y98.189 E-.08552
G1 X86.911 Y97.474 E-.21448
;WIPE_END
; AFTER_LAYER_CHANGE 28 @ 4.72mm
;_SET_FAN_SPEED_CHANGING_LAYER
; printing object pod_header_usb_coupon.stl id:0 copy 0
G1 F9000
G1 X86.4349 Y97.2453 Z4.74857
G1 X86.3174 Y96.7305 Z4.77714
G1 X86.6467 Y96.3177 Z4.80571
G1 X87.1747 Y96.3177 Z4.83429
G1 X87.5039 Y96.7305 Z4.86286
G1 X87.3864 Y97.2453 Z4.89143
G1 X86.9107 Y97.4744 Z4.92
G1 X86.894 Y97.474 Z4.92
G1 X79.377 Y126.377
G1 X79.79 Y126.79
G1 Z4.72
G1 E1 F2100
M204 P1000
;TYPE:Outer wall
;WIDTH:0.42
G1 F1800
G1 X76.21 Y126.79 E.08725
G1 X76.21 Y93.21 E.8184
G1 X79.79 Y93.21 E.08725
G1 X79.79 Y126.73 E.81694
G1 X79.377 Y126.377 F9000
G1 X79.376 Y126.376
G1 X79.389 Y126.389
M204 P1500
;TYPE:Inner wall
;WIDTH:0.45
G1 F2700
G1 X76.611 Y126.389 E.07299
G1 X76.611 Y93.611 E.86102
G1 X79.389 Y93.611 E.07299
G1 X79.389 Y126.329 E.85944
G1 X78.974 Y125.974 F9000
G1 F2700
G1 X77.026 Y125.974 E.05115
G1 X77.026 Y94.026 E.83918
G1 X78.974 Y94.026 E.05115
G1 X78.974 Y125.914 E.8376
G1 X78.558 Y125.558 F9000
G1 F2700
G1 X77.442 Y125.558 E.02932
G1 X77.442 Y94.442 E.81734
G1 X78.558 Y94.442 E.02932
G1 X78.558 Y125.498 E.81577
G1 X78.142 Y125.142 F9000
G1 F2700
G1 X77.858 Y125.142 E.00748
G1 X77.858 Y94.858 E.79551
G1 X78.142 Y94.858 E.00748
G1 X78.142 Y125.082 E.79393
G1 E-.7 F2100
;WIPE_START
G1 F2700
G1 X77.858 Y125.142 E-.08729
G1 X77.858 Y124.433 E-.21271
;WIPE_END
G1 X79.376 Y124.395 Z4.92 F9000
G1 X87.198 Y123.776
G1 X87.59 Y124.19
G1 Z4.72
G1 E1 F2100
M204 P1000
;TYPE:Outer wall
;WIDTH:0.42
G1 F1800
G1 X86.51 Y124.19 E.02632
G1 X86.51 Y121.41 E.06775
G1 X87.59 Y121.41 E.02632
G1 X87.59 Y124.13 E.06629
G1 X87.198 Y123.776 F9000
G1 X87.198 Y123.776
G1 X87.189 Y123.776
G1 X87.189 Y123.789
M204 P1500
;TYPE:Inner wall
;WIDTH:0.45
G1 F2700
G1 X86.911 Y123.789 E.00732
G1 X86.911 Y121.811 E.05197
G1 X87.189 Y121.811 E.00732
G1 X87.189 Y123.729 E.0504
G1 E-.7 F2100
;WIPE_START
G1 F2700
G1 X86.911 Y123.789 E-.08552
G1 X86.911 Y123.074 E-.21448
;WIPE_END
G1 X86.894 Y123.074 Z4.92 F9000
G1 X91.631 Y123.777
G1 X91.68 Y124.19
G1 Z4.72
G1 E1 F2100
M204 P1000
;TYPE:Outer wall
;WIDTH:0.42
G1 F1800
G1 X91.3 Y124.19 E.00926
G1 X91.3 Y121.41 E.06775
G1 X91.68 Y121.41 E.00926
G1 X91.68 Y124.13 E.06629
G1 E-.7 F2100
;WIPE_START
G1 F1800
G1 X91.3 Y124.19 E-.11541
G1 X91.3 Y123.575 E-.18459
;WIPE_END
G1 X91.334 Y123.575 Z4.92 F9000
G1 X91.646 Y123.595
G1 X101.791 Y123.777
G1 X101.84 Y124.19
G1 Z4.72
G1 E1 F2100
G1 F1800
G1 X101.46 Y124.19 E.00926
G1 X101.46 Y121.41 E.06775
G1 X101.84 Y121.41 E.00926
G1 X101.84 Y124.13 E.06629
G1 E-.7 F2100
;WIPE_START
G1 F1800
G1 X101.46 Y124.19 E-.11541
G1 X101.46 Y123.575 E-.18459
;WIPE_END
G1 X101.494 Y123.575 Z4.92 F9000
G1 X101.806 Y123.591
G1 X114.491 Y123.776
G1 X114.54 Y124.19
G1 Z4.72
G1 E1 F2100
G1 F1800
G1 X114.16 Y124.19 E.00926
G1 X114.16 Y121.41 E.06775
G1 X114.54 Y121.41 E.00926
G1 X114.54 Y124.13 E.06629
G1 E-.7 F2100
;WIPE_START
G1 F1800
G1 X114.16 Y124.19 E-.11541
G1 X114.16 Y123.575 E-.18459
;WIPE_END
G1 X114.194 Y123.575 Z4.92 F9000
G1 X114.506 Y123.595
G1 X124.651 Y123.777
G1 X124.7 Y124.19
G1 Z4.72
G1 E1 F2100
G1 F1800
G1 X124.32 Y124.19 E.00926
G1 X124.32 Y121.41 E.06775
G1 X124.7 Y121.41 E.00926
G1 X124.7 Y124.13 E.06629
G1 E-.7 F2100
;WIPE_START
G1 F1800
G1 X124.32 Y124.19 E-.11541
G1 X124.32 Y123.575 E-.18459
;WIPE_END
G1 X124.354 Y123.575 Z4.92 F9000
G1 X124.666 Y123.616
G1 X129.098 Y123.776
G1 X129.49 Y124.19
G1 Z4.72
G1 E1 F2100
G1 F1800
G1 X128.41 Y124.19 E.02632
G1 X128.41 Y121.41 E.06775
G1 X129.49 Y121.41 E.02632
G1 X129.49 Y124.13 E.06629
G1 X129.098 Y123.777 F9000
G1 X129.089 Y123.776
G1 X129.089 Y123.789
M204 P1500
;TYPE:Inner wall
;WIDTH:0.45
G1 F2700
G1 X128.811 Y123.789 E.00732
G1 X128.811 Y121.811 E.05197
G1 X129.089 Y121.811 E.00732
G1 X129.089 Y123.729 E.0504
G1 E-.7 F2100
;WIPE_START
G1 F2700
G1 X128.811 Y123.789 E-.08552
G1 X128.811 Y123.074 E-.21448
;WIPE_END
G1 X128.794 Y123.074 Z4.92 F9000
G1 X128.845 Y121.824
G1 X129.098 Y98.176
G1 X129.49 Y98.59
G1 Z4.72
G1 E1 F2100
M204 P1000
;TYPE:Outer wall
;WIDTH:0.42
G1 F1800
G1 X128.41 Y98.59 E.02632
G1 X128.41 Y95.81 E.06775
G1 X129.49 Y95.81 E.02632
G1 X129.49 Y98.53 E.06629
G1 X129.098 Y98.177 F9000
G1 X129.089 Y98.176
G1 X129.089 Y98.189
M204 P1500
;TYPE:Inner wall
;WIDTH:0.45
G1 F2700
G1 X128.811 Y98.189 E.00732
G1 X128.811 Y96.211 E.05197
G1 X129.089 Y96.211 E.00732
G1 X129.089 Y98.129 E.0504
G1 E-.7 F2100
;WIPE_START
G1 F2700
G1 X128.811 Y98.189 E-.08552
G1 X128.811 Y97.474 E-.21448
;WIPE_END
G1 X128.794 Y97.474 Z4.92 F9000
G1 X124.651 Y98.177
G1 X124.7 Y98.59
G1 Z4.72
G1 E1 F2100
M204 P1000
;TYPE:Outer wall
;WIDTH:0.42
G1 F1800
G1 X124.32 Y98.59 E.00926
G1 X124.32 Y95.81 E.06775
G1 X124.7 Y95.81 E.00926
G1 X124.7 Y98.53 E.06629
G1 E-.7 F2100
;WIPE_START
G1 F1800
G1 X124.32 Y98.59 E-.11541
G1 X124.32 Y97.975 E-.18459
;WIPE_END
G1 X124.354 Y97.975 Z4.92 F9000
G1 X114.491 Y98.176
G1 X114.491 Y98.176
G1 X114.54 Y98.59
G1 Z4.72
G1 E1 F2100
G1 F1800
G1 X114.16 Y98.59 E.00926
G1 X114.16 Y95.81 E.06775
G1 X114.54 Y95.81 E.00926
G1 X114.54 Y98.53 E.06629
G1 E-.7 F2100
;WIPE_START
G1 F1800
G1 X114.16 Y98.59 E-.11541
G1 X114.16 Y97.975 E-.18459
;WIPE_END
G1 X114.194 Y97.975 Z4.92 F9000
G1 X101.791 Y98.176
G1 X101.791 Y98.176
G1 X101.791 Y98.176
G1 X101.84 Y98.59
G1 Z4.72
G1 E1 F2100
G1 F1800
G1 X101.46 Y98.59 E.00926
G1 X101.46 Y95.81 E.06775
G1 X101.84 Y95.81 E.00926
G1 X101.84 Y98.53 E.06629
G1 E-.7 F2100
;WIPE_START
G1 F1800
G1 X101.46 Y98.59 E-.11541
G1 X101.46 Y97.975 E-.18459
;WIPE_END
G1 X101.494 Y97.975 Z4.92 F9000
G1 X91.631 Y98.176
G1 X91.631 Y98.176
G1 X91.631 Y98.176
G1 X91.68 Y98.59
G1 Z4.72
G1 E1 F2100
G1 F1800
G1 X91.3 Y98.59 E.00926
G1 X91.3 Y95.81 E.06775
G1 X91.68 Y95.81 E.00926
G1 X91.68 Y98.53 E.06629
G1 E-.7 F2100
;WIPE_START
G1 F1800
G1 X91.3 Y98.59 E-.11541
G1 X91.3 Y97.975 E-.18459
;WIPE_END
G1 X91.334 Y97.975 Z4.92 F9000
G1 X87.198 Y98.176
G1 X87.198 Y98.176
G1 X87.198 Y98.176
G1 X87.59 Y98.59
G1 Z4.72
G1 E1 F2100
G1 F1800
G1 X86.51 Y98.59 E.02632
G1 X86.51 Y95.81 E.06775
G1 X87.59 Y95.81 E.02632
G1 X87.59 Y98.53 E.06629
G1 X87.198 Y98.176 F9000
G1 X87.198 Y98.176
G1 X87.189 Y98.176
G1 X87.189 Y98.189
M204 P1500
;TYPE:Inner wall
;WIDTH:0.45
G1 F2700
G1 X86.911 Y98.189 E.00732
G1 X86.911 Y96.211 E.05197
G1 X87.189 Y96.211 E.00732
G1 X87.189 Y98.129 E.0504
; stop printing object pod_header_usb_coupon.stl id:0 copy 0
;LAYER_CHANGE
;Z:4.88
;HEIGHT:0.16
G92 E0 ; zero the extruded length again
; BEFORE_LAYER_CHANGE 29 @ 4.88mm
G1 E-.7 F2100
;WIPE_START
G1 F2700
G1 X86.911 Y98.189 E-.08552
G1 X86.911 Y97.474 E-.21448
;WIPE_END
; AFTER_LAYER_CHANGE 29 @ 4.88mm
;_SET_FAN_SPEED_CHANGING_LAYER
; printing object pod_header_usb_coupon.stl id:0 copy 0
G1 F9000
G1 X86.4349 Y97.2453 Z4.90857
G1 X86.3174 Y96.7305 Z4.93714
G1 X86.6467 Y96.3177 Z4.96571
G1 X87.1747 Y96.3177 Z4.99429
G1 X87.5039 Y96.7305 Z5.02286
G1 X87.3864 Y97.2453 Z5.05143
G1 X86.9107 Y97.4744 Z5.08
G1 X86.894 Y97.474 Z5.08
G1 X79.377 Y126.377
G1 X79.79 Y126.79
G1 Z4.88
G1 E1 F2100
M204 P1000
;TYPE:Outer wall
;WIDTH:0.42
G1 F1800
G1 X76.21 Y126.79 E.08725
G1 X76.21 Y93.21 E.8184
G1 X79.79 Y93.21 E.08725
G1 X79.79 Y126.73 E.81694
G1 X79.377 Y126.377 F9000
G1 X79.376 Y126.376
G1 X79.389 Y126.389
M204 P1500
;TYPE:Inner wall
;WIDTH:0.45
G1 F2700
G1 X76.611 Y126.389 E.07299
G1 X76.611 Y93.611 E.86102
G1 X79.389 Y93.611 E.07299
G1 X79.389 Y126.329 E.85944
G1 X78.974 Y125.974 F9000
G1 F2700
G1 X77.026 Y125.974 E.05115
G1 X77.026 Y94.026 E.83918
G1 X78.974 Y94.026 E.05115
G1 X78.974 Y125.914 E.8376
G1 X78.558 Y125.558 F9000
G1 F2700
G1 X77.442 Y125.558 E.02932
G1 X77.442 Y94.442 E.81734
G1 X78.558 Y94.442 E.02932
G1 X78.558 Y125.498 E.81577
G1 X78.142 Y125.142 F9000
G1 F2700
G1 X77.858 Y125.142 E.00748
G1 X77.858 Y94.858 E.79551
G1 X78.142 Y94.858 E.00748
G1 X78.142 Y125.082 E.79393
G1 E-.7 F2100
;WIPE_START
G1 F2700
G1 X77.858 Y125.142 E-.08729
G1 X77.858 Y124.433 E-.21271
;WIPE_END
G1 X79.376 Y124.395 Z5.08 F9000
G1 X87.198 Y123.776
G1 X87.59 Y124.19
G1 Z4.88
G1 E1 F2100
M204 P1000
;TYPE:Outer wall
;WIDTH:0.42
G1 F1800
G1 X86.51 Y124.19 E.02632
G1 X86.51 Y121.41 E.06775
G1 X87.59 Y121.41 E.02632
G1 X87.59 Y124.13 E.06629
G1 X87.198 Y123.776 F9000
G1 X87.198 Y123.776
G1 X87.189 Y123.776
G1 X87.189 Y123.789
M204 P1500
;TYPE:Inner wall
;WIDTH:0.45
G1 F2700
G1 X86.911 Y123.789 E.00732
G1 X86.911 Y121.811 E.05197
G1 X87.189 Y121.811 E.00732
G1 X87.189 Y123.729 E.0504
G1 E-.7 F2100
;WIPE_START
G1 F2700
G1 X86.911 Y123.789 E-.08552
G1 X86.911 Y123.074 E-.21448
;WIPE_END
G1 X86.894 Y123.074 Z5.08 F9000
G1 X91.631 Y123.777
G1 X91.68 Y124.19
G1 Z4.88
G1 E1 F2100
M204 P1000
;TYPE:Outer wall
;WIDTH:0.42
G1 F1800
G1 X91.3 Y124.19 E.00926
G1 X91.3 Y121.41 E.06775
G1 X91.68 Y121.41 E.00926
G1 X91.68 Y124.13 E.06629
G1 E-.7 F2100
;WIPE_START
G1 F1800
G1 X91.3 Y124.19 E-.11541
G1 X91.3 Y123.575 E-.18459
;WIPE_END
G1 X91.334 Y123.575 Z5.08 F9000
G1 X91.646 Y123.595
G1 X101.791 Y123.777
G1 X101.84 Y124.19
G1 Z4.88
G1 E1 F2100
G1 F1800
G1 X101.46 Y124.19 E.00926
G1 X101.46 Y121.41 E.06775
G1 X101.84 Y121.41 E.00926
G1 X101.84 Y124.13 E.06629
G1 E-.7 F2100
;WIPE_START
G1 F1800
G1 X101.46 Y124.19 E-.11541
G1 X101.46 Y123.575 E-.18459
;WIPE_END
G1 X101.494 Y123.575 Z5.08 F9000
G1 X101.806 Y123.591
G1 X114.491 Y123.776
G1 X114.54 Y124.19
G1 Z4.88
G1 E1 F2100
G1 F1800
G1 X114.16 Y124.19 E.00926
G1 X114.16 Y121.41 E.06775
G1 X114.54 Y121.41 E.00926
G1 X114.54 Y124.13 E.06629
G1 E-.7 F2100
;WIPE_START
G1 F1800
G1 X114.16 Y124.19 E-.11541
G1 X114.16 Y123.575 E-.18459
;WIPE_END
G1 X114.194 Y123.575 Z5.08 F9000
G1 X114.506 Y123.595
G1 X124.651 Y123.777
G1 X124.7 Y124.19
G1 Z4.88
G1 E1 F2100
G1 F1800
G1 X124.32 Y124.19 E.00926
G1 X124.32 Y121.41 E.06775
G1 X124.7 Y121.41 E.00926
G1 X124.7 Y124.13 E.06629
G1 E-.7 F2100
;WIPE_START
G1 F1800
G1 X124.32 Y124.19 E-.11541
G1 X124.32 Y123.575 E-.18459
;WIPE_END
G1 X124.354 Y123.575 Z5.08 F9000
G1 X124.666 Y123.616
G1 X129.098 Y123.776
G1 X129.49 Y124.19
G1 Z4.88
G1 E1 F2100
G1 F1800
G1 X128.41 Y124.19 E.02632
G1 X128.41 Y121.41 E.06775
G1 X129.49 Y121.41 E.02632
G1 X129.49 Y124.13 E.06629
G1 X129.098 Y123.777 F9000
G1 X129.089 Y123.776
G1 X129.089 Y123.789
M204 P1500
;TYPE:Inner wall
;WIDTH:0.45
G1 F2700
G1 X128.811 Y123.789 E.00732
G1 X128.811 Y121.811 E.05197
G1 X129.089 Y121.811 E.00732
G1 X129.089 Y123.729 E.0504
G1 E-.7 F2100
;WIPE_START
G1 F2700
G1 X128.811 Y123.789 E-.08552
G1 X128.811 Y123.074 E-.21448
;WIPE_END
G1 X128.794 Y123.074 Z5.08 F9000
G1 X128.845 Y121.824
G1 X129.098 Y98.176
G1 X129.49 Y98.59
G1 Z4.88
G1 E1 F2100
M204 P1000
;TYPE:Outer wall
;WIDTH:0.42
G1 F1800
G1 X128.41 Y98.59 E.02632
G1 X128.41 Y95.81 E.06775
G1 X129.49 Y95.81 E.02632
G1 X129.49 Y98.53 E.06629
G1 X129.098 Y98.177 F9000
G1 X129.089 Y98.176
G1 X129.089 Y98.189
M204 P1500
;TYPE:Inner wall
;WIDTH:0.45
G1 F2700
G1 X128.811 Y98.189 E.00732
G1 X128.811 Y96.211 E.05197
G1 X129.089 Y96.211 E.00732
G1 X129.089 Y98.129 E.0504
G1 E-.7 F2100
;WIPE_START
G1 F2700
G1 X128.811 Y98.189 E-.08552
G1 X128.811 Y97.474 E-.21448
;WIPE_END
G1 X128.794 Y97.474 Z5.08 F9000
G1 X124.651 Y98.177
G1 X124.7 Y98.59
G1 Z4.88
G1 E1 F2100
M204 P1000
;TYPE:Outer wall
;WIDTH:0.42
G1 F1800
G1 X124.32 Y98.59 E.00926
G1 X124.32 Y95.81 E.06775
G1 X124.7 Y95.81 E.00926
G1 X124.7 Y98.53 E.06629
G1 E-.7 F2100
;WIPE_START
G1 F1800
G1 X124.32 Y98.59 E-.11541
G1 X124.32 Y97.975 E-.18459
;WIPE_END
G1 X124.354 Y97.975 Z5.08 F9000
G1 X114.491 Y98.176
G1 X114.491 Y98.176
G1 X114.54 Y98.59
G1 Z4.88
G1 E1 F2100
G1 F1800
G1 X114.16 Y98.59 E.00926
G1 X114.16 Y95.81 E.06775
G1 X114.54 Y95.81 E.00926
G1 X114.54 Y98.53 E.06629
G1 E-.7 F2100
;WIPE_START
G1 F1800
G1 X114.16 Y98.59 E-.11541
G1 X114.16 Y97.975 E-.18459
;WIPE_END
G1 X114.194 Y97.975 Z5.08 F9000
G1 X101.791 Y98.176
G1 X101.791 Y98.176
G1 X101.791 Y98.176
G1 X101.84 Y98.59
G1 Z4.88
G1 E1 F2100
G1 F1800
G1 X101.46 Y98.59 E.00926
G1 X101.46 Y95.81 E.06775
G1 X101.84 Y95.81 E.00926
G1 X101.84 Y98.53 E.06629
G1 E-.7 F2100
;WIPE_START
G1 F1800
G1 X101.46 Y98.59 E-.11541
G1 X101.46 Y97.975 E-.18459
;WIPE_END
G1 X101.494 Y97.975 Z5.08 F9000
G1 X91.631 Y98.176
G1 X91.631 Y98.176
G1 X91.631 Y98.176
G1 X91.68 Y98.59
G1 Z4.88
G1 E1 F2100
G1 F1800
G1 X91.3 Y98.59 E.00926
G1 X91.3 Y95.81 E.06775
G1 X91.68 Y95.81 E.00926
G1 X91.68 Y98.53 E.06629
G1 E-.7 F2100
;WIPE_START
G1 F1800
G1 X91.3 Y98.59 E-.11541
G1 X91.3 Y97.975 E-.18459
;WIPE_END
G1 X91.334 Y97.975 Z5.08 F9000
G1 X87.198 Y98.176
G1 X87.198 Y98.176
G1 X87.198 Y98.176
G1 X87.59 Y98.59
G1 Z4.88
G1 E1 F2100
G1 F1800
G1 X86.51 Y98.59 E.02632
G1 X86.51 Y95.81 E.06775
G1 X87.59 Y95.81 E.02632
G1 X87.59 Y98.53 E.06629
G1 X87.198 Y98.176 F9000
G1 X87.198 Y98.176
G1 X87.189 Y98.176
G1 X87.189 Y98.189
M204 P1500
;TYPE:Inner wall
;WIDTH:0.45
G1 F2700
G1 X86.911 Y98.189 E.00732
G1 X86.911 Y96.211 E.05197
G1 X87.189 Y96.211 E.00732
G1 X87.189 Y98.129 E.0504
; stop printing object pod_header_usb_coupon.stl id:0 copy 0
;LAYER_CHANGE
;Z:5.04
;HEIGHT:0.16
G92 E0 ; zero the extruded length again
; BEFORE_LAYER_CHANGE 30 @ 5.04mm
G1 E-.7 F2100
;WIPE_START
G1 F2700
G1 X86.911 Y98.189 E-.08552
G1 X86.911 Y97.474 E-.21448
;WIPE_END
; AFTER_LAYER_CHANGE 30 @ 5.04mm
;_SET_FAN_SPEED_CHANGING_LAYER
; printing object pod_header_usb_coupon.stl id:0 copy 0
G1 F9000
G1 X86.4349 Y97.2453 Z5.06857
G1 X86.3174 Y96.7305 Z5.09714
G1 X86.6467 Y96.3177 Z5.12571
G1 X87.1747 Y96.3177 Z5.15429
G1 X87.5039 Y96.7305 Z5.18286
G1 X87.3864 Y97.2453 Z5.21143
G1 X86.9107 Y97.4744 Z5.24
G1 X86.894 Y97.474 Z5.24
G1 X79.377 Y126.377
G1 X79.79 Y126.79
G1 Z5.04
G1 E1 F2100
M204 P1000
;TYPE:Outer wall
;WIDTH:0.42
G1 F1800
G1 X76.21 Y126.79 E.08725
G1 X76.21 Y93.21 E.8184
G1 X79.79 Y93.21 E.08725
G1 X79.79 Y126.73 E.81694
G1 X79.377 Y126.377 F9000
G1 X79.376 Y126.376
G1 X79.389 Y126.389
M204 P1500
;TYPE:Inner wall
;WIDTH:0.45
G1 F2700
G1 X76.611 Y126.389 E.07299
G1 X76.611 Y93.611 E.86102
G1 X79.389 Y93.611 E.07299
G1 X79.389 Y126.329 E.85944
G1 X78.974 Y125.974 F9000
G1 F2700
G1 X77.026 Y125.974 E.05115
G1 X77.026 Y94.026 E.83918
G1 X78.974 Y94.026 E.05115
G1 X78.974 Y125.914 E.8376
G1 X78.558 Y125.558 F9000
G1 F2700
G1 X77.442 Y125.558 E.02932
G1 X77.442 Y94.442 E.81734
G1 X78.558 Y94.442 E.02932
G1 X78.558 Y125.498 E.81577
G1 X78.142 Y125.142 F9000
G1 F2700
G1 X77.858 Y125.142 E.00748
G1 X77.858 Y94.858 E.79551
G1 X78.142 Y94.858 E.00748
G1 X78.142 Y125.082 E.79393
G1 E-.7 F2100
;WIPE_START
G1 F2700
G1 X77.858 Y125.142 E-.08729
G1 X77.858 Y124.433 E-.21271
;WIPE_END
G1 X79.376 Y124.395 Z5.24 F9000
G1 X87.198 Y123.776
G1 X87.59 Y124.19
G1 Z5.04
G1 E1 F2100
M204 P1000
;TYPE:Outer wall
;WIDTH:0.42
G1 F1800
G1 X86.51 Y124.19 E.02632
G1 X86.51 Y121.41 E.06775
G1 X87.59 Y121.41 E.02632
G1 X87.59 Y124.13 E.06629
G1 X87.198 Y123.776 F9000
G1 X87.198 Y123.776
G1 X87.189 Y123.776
G1 X87.189 Y123.789
M204 P1500
;TYPE:Inner wall
;WIDTH:0.45
G1 F2700
G1 X86.911 Y123.789 E.00732
G1 X86.911 Y121.811 E.05197
G1 X87.189 Y121.811 E.00732
G1 X87.189 Y123.729 E.0504
G1 E-.7 F2100
;WIPE_START
G1 F2700
G1 X86.911 Y123.789 E-.08552
G1 X86.911 Y123.074 E-.21448
;WIPE_END
G1 X86.894 Y123.074 Z5.24 F9000
G1 X91.631 Y123.777
G1 X91.68 Y124.19
G1 Z5.04
G1 E1 F2100
M204 P1000
;TYPE:Outer wall
;WIDTH:0.42
G1 F1800
G1 X91.3 Y124.19 E.00926
G1 X91.3 Y121.41 E.06775
G1 X91.68 Y121.41 E.00926
G1 X91.68 Y124.13 E.06629
G1 E-.7 F2100
;WIPE_START
G1 F1800
G1 X91.3 Y124.19 E-.11541
G1 X91.3 Y123.575 E-.18459
;WIPE_END
G1 X91.334 Y123.575 Z5.24 F9000
G1 X91.646 Y123.595
G1 X101.791 Y123.777
G1 X101.84 Y124.19
G1 Z5.04
G1 E1 F2100
G1 F1800
G1 X101.46 Y124.19 E.00926
G1 X101.46 Y121.41 E.06775
G1 X101.84 Y121.41 E.00926
G1 X101.84 Y124.13 E.06629
G1 E-.7 F2100
;WIPE_START
G1 F1800
G1 X101.46 Y124.19 E-.11541
G1 X101.46 Y123.575 E-.18459
;WIPE_END
G1 X101.494 Y123.575 Z5.24 F9000
G1 X101.806 Y123.591
G1 X114.491 Y123.776
G1 X114.54 Y124.19
G1 Z5.04
G1 E1 F2100
G1 F1800
G1 X114.16 Y124.19 E.00926
G1 X114.16 Y121.41 E.06775
G1 X114.54 Y121.41 E.00926
G1 X114.54 Y124.13 E.06629
G1 E-.7 F2100
;WIPE_START
G1 F1800
G1 X114.16 Y124.19 E-.11541
G1 X114.16 Y123.575 E-.18459
;WIPE_END
G1 X114.194 Y123.575 Z5.24 F9000
G1 X114.506 Y123.595
G1 X124.651 Y123.777
G1 X124.7 Y124.19
G1 Z5.04
G1 E1 F2100
G1 F1800
G1 X124.32 Y124.19 E.00926
G1 X124.32 Y121.41 E.06775
G1 X124.7 Y121.41 E.00926
G1 X124.7 Y124.13 E.06629
G1 E-.7 F2100
;WIPE_START
G1 F1800
G1 X124.32 Y124.19 E-.11541
G1 X124.32 Y123.575 E-.18459
;WIPE_END
G1 X124.354 Y123.575 Z5.24 F9000
G1 X124.666 Y123.616
G1 X129.098 Y123.776
G1 X129.49 Y124.19
G1 Z5.04
G1 E1 F2100
G1 F1800
G1 X128.41 Y124.19 E.02632
G1 X128.41 Y121.41 E.06775
G1 X129.49 Y121.41 E.02632
G1 X129.49 Y124.13 E.06629
G1 X129.098 Y123.777 F9000
G1 X129.089 Y123.776
G1 X129.089 Y123.789
M204 P1500
;TYPE:Inner wall
;WIDTH:0.45
G1 F2700
G1 X128.811 Y123.789 E.00732
G1 X128.811 Y121.811 E.05197
G1 X129.089 Y121.811 E.00732
G1 X129.089 Y123.729 E.0504
G1 E-.7 F2100
;WIPE_START
G1 F2700
G1 X128.811 Y123.789 E-.08552
G1 X128.811 Y123.074 E-.21448
;WIPE_END
G1 X128.794 Y123.074 Z5.24 F9000
G1 X128.845 Y121.824
G1 X129.098 Y98.176
G1 X129.49 Y98.59
G1 Z5.04
G1 E1 F2100
M204 P1000
;TYPE:Outer wall
;WIDTH:0.42
G1 F1800
G1 X128.41 Y98.59 E.02632
G1 X128.41 Y95.81 E.06775
G1 X129.49 Y95.81 E.02632
G1 X129.49 Y98.53 E.06629
G1 X129.098 Y98.177 F9000
G1 X129.089 Y98.176
G1 X129.089 Y98.189
M204 P1500
;TYPE:Inner wall
;WIDTH:0.45
G1 F2700
G1 X128.811 Y98.189 E.00732
G1 X128.811 Y96.211 E.05197
G1 X129.089 Y96.211 E.00732
G1 X129.089 Y98.129 E.0504
G1 E-.7 F2100
;WIPE_START
G1 F2700
G1 X128.811 Y98.189 E-.08552
G1 X128.811 Y97.474 E-.21448
;WIPE_END
G1 X128.794 Y97.474 Z5.24 F9000
G1 X124.651 Y98.177
G1 X124.7 Y98.59
G1 Z5.04
G1 E1 F2100
M204 P1000
;TYPE:Outer wall
;WIDTH:0.42
G1 F1800
G1 X124.32 Y98.59 E.00926
G1 X124.32 Y95.81 E.06775
G1 X124.7 Y95.81 E.00926
G1 X124.7 Y98.53 E.06629
G1 E-.7 F2100
;WIPE_START
G1 F1800
G1 X124.32 Y98.59 E-.11541
G1 X124.32 Y97.975 E-.18459
;WIPE_END
G1 X124.354 Y97.975 Z5.24 F9000
G1 X114.491 Y98.176
G1 X114.491 Y98.176
G1 X114.54 Y98.59
G1 Z5.04
G1 E1 F2100
G1 F1800
G1 X114.16 Y98.59 E.00926
G1 X114.16 Y95.81 E.06775
G1 X114.54 Y95.81 E.00926
G1 X114.54 Y98.53 E.06629
G1 E-.7 F2100
;WIPE_START
G1 F1800
G1 X114.16 Y98.59 E-.11541
G1 X114.16 Y97.975 E-.18459
;WIPE_END
G1 X114.194 Y97.975 Z5.24 F9000
G1 X101.791 Y98.176
G1 X101.791 Y98.176
G1 X101.791 Y98.176
G1 X101.84 Y98.59
G1 Z5.04
G1 E1 F2100
G1 F1800
G1 X101.46 Y98.59 E.00926
G1 X101.46 Y95.81 E.06775
G1 X101.84 Y95.81 E.00926
G1 X101.84 Y98.53 E.06629
G1 E-.7 F2100
;WIPE_START
G1 F1800
G1 X101.46 Y98.59 E-.11541
G1 X101.46 Y97.975 E-.18459
;WIPE_END
G1 X101.494 Y97.975 Z5.24 F9000
G1 X91.631 Y98.176
G1 X91.631 Y98.176
G1 X91.631 Y98.176
G1 X91.68 Y98.59
G1 Z5.04
G1 E1 F2100
G1 F1800
G1 X91.3 Y98.59 E.00926
G1 X91.3 Y95.81 E.06775
G1 X91.68 Y95.81 E.00926
G1 X91.68 Y98.53 E.06629
G1 E-.7 F2100
;WIPE_START
G1 F1800
G1 X91.3 Y98.59 E-.11541
G1 X91.3 Y97.975 E-.18459
;WIPE_END
G1 X91.334 Y97.975 Z5.24 F9000
G1 X87.198 Y98.176
G1 X87.198 Y98.176
G1 X87.198 Y98.176
G1 X87.59 Y98.59
G1 Z5.04
G1 E1 F2100
G1 F1800
G1 X86.51 Y98.59 E.02632
G1 X86.51 Y95.81 E.06775
G1 X87.59 Y95.81 E.02632
G1 X87.59 Y98.53 E.06629
G1 X87.198 Y98.176 F9000
G1 X87.198 Y98.176
G1 X87.189 Y98.176
G1 X87.189 Y98.189
M204 P1500
;TYPE:Inner wall
;WIDTH:0.45
G1 F2700
G1 X86.911 Y98.189 E.00732
G1 X86.911 Y96.211 E.05197
G1 X87.189 Y96.211 E.00732
G1 X87.189 Y98.129 E.0504
; stop printing object pod_header_usb_coupon.stl id:0 copy 0
;LAYER_CHANGE
;Z:5.2
;HEIGHT:0.16
G92 E0 ; zero the extruded length again
; BEFORE_LAYER_CHANGE 31 @ 5.2mm
G1 E-.7 F2100
;WIPE_START
G1 F2700
G1 X86.911 Y98.189 E-.08552
G1 X86.911 Y97.474 E-.21448
;WIPE_END
; AFTER_LAYER_CHANGE 31 @ 5.2mm
;_SET_FAN_SPEED_CHANGING_LAYER
; printing object pod_header_usb_coupon.stl id:0 copy 0
G1 F9000
G1 X86.4349 Y97.2453 Z5.22857
G1 X86.3174 Y96.7305 Z5.25714
G1 X86.6467 Y96.3177 Z5.28571
G1 X87.1747 Y96.3177 Z5.31429
G1 X87.5039 Y96.7305 Z5.34286
G1 X87.3864 Y97.2453 Z5.37143
G1 X86.9107 Y97.4744 Z5.4
G1 X86.894 Y97.474 Z5.4
G1 X79.377 Y126.377
G1 X79.79 Y126.79
G1 Z5.2
G1 E1 F2100
M204 P1000
;TYPE:Outer wall
;WIDTH:0.42
G1 F1800
G1 X76.21 Y126.79 E.08725
G1 X76.21 Y93.21 E.8184
G1 X79.79 Y93.21 E.08725
G1 X79.79 Y126.73 E.81694
G1 X79.377 Y126.377 F9000
G1 X79.376 Y126.376
G1 X79.389 Y126.389
M204 P1500
;TYPE:Inner wall
;WIDTH:0.45
G1 F2700
G1 X76.611 Y126.389 E.07299
G1 X76.611 Y93.611 E.86102
G1 X79.389 Y93.611 E.07299
G1 X79.389 Y126.329 E.85944
G1 X78.974 Y125.974 F9000
G1 F2700
G1 X77.026 Y125.974 E.05115
G1 X77.026 Y94.026 E.83918
G1 X78.974 Y94.026 E.05115
G1 X78.974 Y125.914 E.8376
G1 X78.558 Y125.558 F9000
G1 F2700
G1 X77.442 Y125.558 E.02932
G1 X77.442 Y94.442 E.81734
G1 X78.558 Y94.442 E.02932
G1 X78.558 Y125.498 E.81577
G1 X78.142 Y125.142 F9000
G1 F2700
G1 X77.858 Y125.142 E.00748
G1 X77.858 Y94.858 E.79551
G1 X78.142 Y94.858 E.00748
G1 X78.142 Y125.082 E.79393
G1 E-.7 F2100
;WIPE_START
G1 F2700
G1 X77.858 Y125.142 E-.08729
G1 X77.858 Y124.433 E-.21271
;WIPE_END
G1 X79.376 Y124.395 Z5.4 F9000
G1 X87.198 Y123.776
G1 X87.59 Y124.19
G1 Z5.2
G1 E1 F2100
M204 P1000
;TYPE:Outer wall
;WIDTH:0.42
G1 F1800
G1 X86.51 Y124.19 E.02632
G1 X86.51 Y121.41 E.06775
G1 X87.59 Y121.41 E.02632
G1 X87.59 Y124.13 E.06629
G1 X87.198 Y123.776 F9000
G1 X87.198 Y123.776
G1 X87.189 Y123.776
G1 X87.189 Y123.789
M204 P1500
;TYPE:Inner wall
;WIDTH:0.45
G1 F2700
G1 X86.911 Y123.789 E.00732
G1 X86.911 Y121.811 E.05197
G1 X87.189 Y121.811 E.00732
G1 X87.189 Y123.729 E.0504
G1 E-.7 F2100
;WIPE_START
G1 F2700
G1 X86.911 Y123.789 E-.08552
G1 X86.911 Y123.074 E-.21448
;WIPE_END
G1 X86.894 Y123.074 Z5.4 F9000
G1 X91.631 Y123.777
G1 X91.68 Y124.19
G1 Z5.2
G1 E1 F2100
M204 P1000
;TYPE:Outer wall
;WIDTH:0.42
G1 F1800
G1 X91.3 Y124.19 E.00926
G1 X91.3 Y121.41 E.06775
G1 X91.68 Y121.41 E.00926
G1 X91.68 Y124.13 E.06629
G1 E-.7 F2100
;WIPE_START
G1 F1800
G1 X91.3 Y124.19 E-.11541
G1 X91.3 Y123.575 E-.18459
;WIPE_END
G1 X91.334 Y123.575 Z5.4 F9000
G1 X91.646 Y123.595
G1 X101.791 Y123.777
G1 X101.84 Y124.19
G1 Z5.2
G1 E1 F2100
G1 F1800
G1 X101.46 Y124.19 E.00926
G1 X101.46 Y121.41 E.06775
G1 X101.84 Y121.41 E.00926
G1 X101.84 Y124.13 E.06629
G1 E-.7 F2100
;WIPE_START
G1 F1800
G1 X101.46 Y124.19 E-.11541
G1 X101.46 Y123.575 E-.18459
;WIPE_END
G1 X101.494 Y123.575 Z5.4 F9000
G1 X101.806 Y123.591
G1 X114.491 Y123.776
G1 X114.54 Y124.19
G1 Z5.2
G1 E1 F2100
G1 F1800
G1 X114.16 Y124.19 E.00926
G1 X114.16 Y121.41 E.06775
G1 X114.54 Y121.41 E.00926
G1 X114.54 Y124.13 E.06629
G1 E-.7 F2100
;WIPE_START
G1 F1800
G1 X114.16 Y124.19 E-.11541
G1 X114.16 Y123.575 E-.18459
;WIPE_END
G1 X114.194 Y123.575 Z5.4 F9000
G1 X114.506 Y123.595
G1 X124.651 Y123.777
G1 X124.7 Y124.19
G1 Z5.2
G1 E1 F2100
G1 F1800
G1 X124.32 Y124.19 E.00926
G1 X124.32 Y121.41 E.06775
G1 X124.7 Y121.41 E.00926
G1 X124.7 Y124.13 E.06629
G1 E-.7 F2100
;WIPE_START
G1 F1800
G1 X124.32 Y124.19 E-.11541
G1 X124.32 Y123.575 E-.18459
;WIPE_END
G1 X124.354 Y123.575 Z5.4 F9000
G1 X124.666 Y123.616
G1 X129.098 Y123.776
G1 X129.49 Y124.19
G1 Z5.2
G1 E1 F2100
G1 F1800
G1 X128.41 Y124.19 E.02632
G1 X128.41 Y121.41 E.06775
G1 X129.49 Y121.41 E.02632
G1 X129.49 Y124.13 E.06629
G1 X129.098 Y123.777 F9000
G1 X129.089 Y123.776
G1 X129.089 Y123.789
M204 P1500
;TYPE:Inner wall
;WIDTH:0.45
G1 F2700
G1 X128.811 Y123.789 E.00732
G1 X128.811 Y121.811 E.05197
G1 X129.089 Y121.811 E.00732
G1 X129.089 Y123.729 E.0504
G1 E-.7 F2100
;WIPE_START
G1 F2700
G1 X128.811 Y123.789 E-.08552
G1 X128.811 Y123.074 E-.21448
;WIPE_END
G1 X128.794 Y123.074 Z5.4 F9000
G1 X128.845 Y121.824
G1 X129.098 Y98.176
G1 X129.49 Y98.59
G1 Z5.2
G1 E1 F2100
M204 P1000
;TYPE:Outer wall
;WIDTH:0.42
G1 F1800
G1 X128.41 Y98.59 E.02632
G1 X128.41 Y95.81 E.06775
G1 X129.49 Y95.81 E.02632
G1 X129.49 Y98.53 E.06629
G1 X129.098 Y98.177 F9000
G1 X129.089 Y98.176
G1 X129.089 Y98.189
M204 P1500
;TYPE:Inner wall
;WIDTH:0.45
G1 F2700
G1 X128.811 Y98.189 E.00732
G1 X128.811 Y96.211 E.05197
G1 X129.089 Y96.211 E.00732
G1 X129.089 Y98.129 E.0504
G1 E-.7 F2100
;WIPE_START
G1 F2700
G1 X128.811 Y98.189 E-.08552
G1 X128.811 Y97.474 E-.21448
;WIPE_END
G1 X128.794 Y97.474 Z5.4 F9000
G1 X124.651 Y98.177
G1 X124.7 Y98.59
G1 Z5.2
G1 E1 F2100
M204 P1000
;TYPE:Outer wall
;WIDTH:0.42
G1 F1800
G1 X124.32 Y98.59 E.00926
G1 X124.32 Y95.81 E.06775
G1 X124.7 Y95.81 E.00926
G1 X124.7 Y98.53 E.06629
G1 E-.7 F2100
;WIPE_START
G1 F1800
G1 X124.32 Y98.59 E-.11541
G1 X124.32 Y97.975 E-.18459
;WIPE_END
G1 X124.354 Y97.975 Z5.4 F9000
G1 X114.491 Y98.176
G1 X114.491 Y98.176
G1 X114.54 Y98.59
G1 Z5.2
G1 E1 F2100
G1 F1800
G1 X114.16 Y98.59 E.00926
G1 X114.16 Y95.81 E.06775
G1 X114.54 Y95.81 E.00926
G1 X114.54 Y98.53 E.06629
G1 E-.7 F2100
;WIPE_START
G1 F1800
G1 X114.16 Y98.59 E-.11541
G1 X114.16 Y97.975 E-.18459
;WIPE_END
G1 X114.194 Y97.975 Z5.4 F9000
G1 X101.791 Y98.176
G1 X101.791 Y98.176
G1 X101.791 Y98.176
G1 X101.84 Y98.59
G1 Z5.2
G1 E1 F2100
G1 F1800
G1 X101.46 Y98.59 E.00926
G1 X101.46 Y95.81 E.06775
G1 X101.84 Y95.81 E.00926
G1 X101.84 Y98.53 E.06629
G1 E-.7 F2100
;WIPE_START
G1 F1800
G1 X101.46 Y98.59 E-.11541
G1 X101.46 Y97.975 E-.18459
;WIPE_END
G1 X101.494 Y97.975 Z5.4 F9000
G1 X91.631 Y98.176
G1 X91.631 Y98.176
G1 X91.631 Y98.176
G1 X91.68 Y98.59
G1 Z5.2
G1 E1 F2100
G1 F1800
G1 X91.3 Y98.59 E.00926
G1 X91.3 Y95.81 E.06775
G1 X91.68 Y95.81 E.00926
G1 X91.68 Y98.53 E.06629
G1 E-.7 F2100
;WIPE_START
G1 F1800
G1 X91.3 Y98.59 E-.11541
G1 X91.3 Y97.975 E-.18459
;WIPE_END
G1 X91.334 Y97.975 Z5.4 F9000
G1 X87.198 Y98.176
G1 X87.198 Y98.176
G1 X87.198 Y98.176
G1 X87.59 Y98.59
G1 Z5.2
G1 E1 F2100
G1 F1800
G1 X86.51 Y98.59 E.02632
G1 X86.51 Y95.81 E.06775
G1 X87.59 Y95.81 E.02632
G1 X87.59 Y98.53 E.06629
G1 X87.198 Y98.176 F9000
G1 X87.198 Y98.176
G1 X87.189 Y98.176
G1 X87.189 Y98.189
M204 P1500
;TYPE:Inner wall
;WIDTH:0.45
G1 F2700
G1 X86.911 Y98.189 E.00732
G1 X86.911 Y96.211 E.05197
G1 X87.189 Y96.211 E.00732
G1 X87.189 Y98.129 E.0504
; stop printing object pod_header_usb_coupon.stl id:0 copy 0
;LAYER_CHANGE
;Z:5.36
;HEIGHT:0.16
G92 E0 ; zero the extruded length again
; BEFORE_LAYER_CHANGE 32 @ 5.36mm
G1 E-.7 F2100
;WIPE_START
G1 F2700
G1 X86.911 Y98.189 E-.08552
G1 X86.911 Y97.474 E-.21448
;WIPE_END
; AFTER_LAYER_CHANGE 32 @ 5.36mm
;_SET_FAN_SPEED_CHANGING_LAYER
; printing object pod_header_usb_coupon.stl id:0 copy 0
G1 F9000
G1 X86.4349 Y97.2453 Z5.38857
G1 X86.3174 Y96.7305 Z5.41714
G1 X86.6467 Y96.3177 Z5.44571
G1 X87.1747 Y96.3177 Z5.47429
G1 X87.5039 Y96.7305 Z5.50286
G1 X87.3864 Y97.2453 Z5.53143
G1 X86.9107 Y97.4744 Z5.56
G1 X86.894 Y97.474 Z5.56
G1 X79.377 Y126.377
G1 X79.79 Y126.79
G1 Z5.36
G1 E1 F2100
M204 P1000
;TYPE:Outer wall
;WIDTH:0.42
G1 F1800
G1 X76.21 Y126.79 E.08725
G1 X76.21 Y93.21 E.8184
G1 X79.79 Y93.21 E.08725
G1 X79.79 Y126.73 E.81694
G1 X79.377 Y126.377 F9000
G1 X79.376 Y126.376
G1 X79.389 Y126.389
M204 P1500
;TYPE:Inner wall
;WIDTH:0.45
G1 F2700
G1 X76.611 Y126.389 E.07299
G1 X76.611 Y93.611 E.86102
G1 X79.389 Y93.611 E.07299
G1 X79.389 Y126.329 E.85944
G1 X78.974 Y125.974 F9000
G1 F2700
G1 X77.026 Y125.974 E.05115
G1 X77.026 Y94.026 E.83918
G1 X78.974 Y94.026 E.05115
G1 X78.974 Y125.914 E.8376
G1 X78.558 Y125.558 F9000
G1 F2700
G1 X77.442 Y125.558 E.02932
G1 X77.442 Y94.442 E.81734
G1 X78.558 Y94.442 E.02932
G1 X78.558 Y125.498 E.81577
G1 X78.142 Y125.142 F9000
G1 F2700
G1 X77.858 Y125.142 E.00748
G1 X77.858 Y94.858 E.79551
G1 X78.142 Y94.858 E.00748
G1 X78.142 Y125.082 E.79393
G1 E-.7 F2100
;WIPE_START
G1 F2700
G1 X77.858 Y125.142 E-.08729
G1 X77.858 Y124.433 E-.21271
;WIPE_END
G1 X79.376 Y124.395 Z5.56 F9000
G1 X87.198 Y123.776
G1 X87.59 Y124.19
G1 Z5.36
G1 E1 F2100
M204 P1000
;TYPE:Outer wall
;WIDTH:0.42
G1 F1800
G1 X86.51 Y124.19 E.02632
G1 X86.51 Y121.41 E.06775
G1 X87.59 Y121.41 E.02632
G1 X87.59 Y124.13 E.06629
G1 X87.198 Y123.776 F9000
G1 X87.198 Y123.776
G1 X87.189 Y123.776
G1 X87.189 Y123.789
M204 P1500
;TYPE:Inner wall
;WIDTH:0.45
G1 F2700
G1 X86.911 Y123.789 E.00732
G1 X86.911 Y121.811 E.05197
G1 X87.189 Y121.811 E.00732
G1 X87.189 Y123.729 E.0504
G1 E-.7 F2100
;WIPE_START
G1 F2700
G1 X86.911 Y123.789 E-.08552
G1 X86.911 Y123.074 E-.21448
;WIPE_END
G1 X86.894 Y123.074 Z5.56 F9000
G1 X91.631 Y123.777
G1 X91.68 Y124.19
G1 Z5.36
G1 E1 F2100
M204 P1000
;TYPE:Outer wall
;WIDTH:0.42
G1 F1800
G1 X91.3 Y124.19 E.00926
G1 X91.3 Y121.41 E.06775
G1 X91.68 Y121.41 E.00926
G1 X91.68 Y124.13 E.06629
G1 E-.7 F2100
;WIPE_START
G1 F1800
G1 X91.3 Y124.19 E-.11541
G1 X91.3 Y123.575 E-.18459
;WIPE_END
G1 X91.334 Y123.575 Z5.56 F9000
G1 X91.646 Y123.595
G1 X101.791 Y123.777
G1 X101.84 Y124.19
G1 Z5.36
G1 E1 F2100
G1 F1800
G1 X101.46 Y124.19 E.00926
G1 X101.46 Y121.41 E.06775
G1 X101.84 Y121.41 E.00926
G1 X101.84 Y124.13 E.06629
G1 E-.7 F2100
;WIPE_START
G1 F1800
G1 X101.46 Y124.19 E-.11541
G1 X101.46 Y123.575 E-.18459
;WIPE_END
G1 X101.494 Y123.575 Z5.56 F9000
G1 X101.806 Y123.591
G1 X114.491 Y123.776
G1 X114.54 Y124.19
G1 Z5.36
G1 E1 F2100
G1 F1800
G1 X114.16 Y124.19 E.00926
G1 X114.16 Y121.41 E.06775
G1 X114.54 Y121.41 E.00926
G1 X114.54 Y124.13 E.06629
G1 E-.7 F2100
;WIPE_START
G1 F1800
G1 X114.16 Y124.19 E-.11541
G1 X114.16 Y123.575 E-.18459
;WIPE_END
G1 X114.194 Y123.575 Z5.56 F9000
G1 X114.506 Y123.595
G1 X124.651 Y123.777
G1 X124.7 Y124.19
G1 Z5.36
G1 E1 F2100
G1 F1800
G1 X124.32 Y124.19 E.00926
G1 X124.32 Y121.41 E.06775
G1 X124.7 Y121.41 E.00926
G1 X124.7 Y124.13 E.06629
G1 E-.7 F2100
;WIPE_START
G1 F1800
G1 X124.32 Y124.19 E-.11541
G1 X124.32 Y123.575 E-.18459
;WIPE_END
G1 X124.354 Y123.575 Z5.56 F9000
G1 X124.666 Y123.616
G1 X129.098 Y123.776
G1 X129.49 Y124.19
G1 Z5.36
G1 E1 F2100
G1 F1800
G1 X128.41 Y124.19 E.02632
G1 X128.41 Y121.41 E.06775
G1 X129.49 Y121.41 E.02632
G1 X129.49 Y124.13 E.06629
G1 X129.098 Y123.777 F9000
G1 X129.089 Y123.776
G1 X129.089 Y123.789
M204 P1500
;TYPE:Inner wall
;WIDTH:0.45
G1 F2700
G1 X128.811 Y123.789 E.00732
G1 X128.811 Y121.811 E.05197
G1 X129.089 Y121.811 E.00732
G1 X129.089 Y123.729 E.0504
G1 E-.7 F2100
;WIPE_START
G1 F2700
G1 X128.811 Y123.789 E-.08552
G1 X128.811 Y123.074 E-.21448
;WIPE_END
G1 X128.794 Y123.074 Z5.56 F9000
G1 X128.845 Y121.824
G1 X129.098 Y98.176
G1 X129.49 Y98.59
G1 Z5.36
G1 E1 F2100
M204 P1000
;TYPE:Outer wall
;WIDTH:0.42
G1 F1800
G1 X128.41 Y98.59 E.02632
G1 X128.41 Y95.81 E.06775
G1 X129.49 Y95.81 E.02632
G1 X129.49 Y98.53 E.06629
G1 X129.098 Y98.177 F9000
G1 X129.089 Y98.176
G1 X129.089 Y98.189
M204 P1500
;TYPE:Inner wall
;WIDTH:0.45
G1 F2700
G1 X128.811 Y98.189 E.00732
G1 X128.811 Y96.211 E.05197
G1 X129.089 Y96.211 E.00732
G1 X129.089 Y98.129 E.0504
G1 E-.7 F2100
;WIPE_START
G1 F2700
G1 X128.811 Y98.189 E-.08552
G1 X128.811 Y97.474 E-.21448
;WIPE_END
G1 X128.794 Y97.474 Z5.56 F9000
G1 X124.651 Y98.177
G1 X124.7 Y98.59
G1 Z5.36
G1 E1 F2100
M204 P1000
;TYPE:Outer wall
;WIDTH:0.42
G1 F1800
G1 X124.32 Y98.59 E.00926
G1 X124.32 Y95.81 E.06775
G1 X124.7 Y95.81 E.00926
G1 X124.7 Y98.53 E.06629
G1 E-.7 F2100
;WIPE_START
G1 F1800
G1 X124.32 Y98.59 E-.11541
G1 X124.32 Y97.975 E-.18459
;WIPE_END
G1 X124.354 Y97.975 Z5.56 F9000
G1 X114.491 Y98.176
G1 X114.491 Y98.176
G1 X114.54 Y98.59
G1 Z5.36
G1 E1 F2100
G1 F1800
G1 X114.16 Y98.59 E.00926
G1 X114.16 Y95.81 E.06775
G1 X114.54 Y95.81 E.00926
G1 X114.54 Y98.53 E.06629
G1 E-.7 F2100
;WIPE_START
G1 F1800
G1 X114.16 Y98.59 E-.11541
G1 X114.16 Y97.975 E-.18459
;WIPE_END
G1 X114.194 Y97.975 Z5.56 F9000
G1 X101.791 Y98.176
G1 X101.791 Y98.176
G1 X101.791 Y98.176
G1 X101.84 Y98.59
G1 Z5.36
G1 E1 F2100
G1 F1800
G1 X101.46 Y98.59 E.00926
G1 X101.46 Y95.81 E.06775
G1 X101.84 Y95.81 E.00926
G1 X101.84 Y98.53 E.06629
G1 E-.7 F2100
;WIPE_START
G1 F1800
G1 X101.46 Y98.59 E-.11541
G1 X101.46 Y97.975 E-.18459
;WIPE_END
G1 X101.494 Y97.975 Z5.56 F9000
G1 X91.631 Y98.176
G1 X91.631 Y98.176
G1 X91.631 Y98.176
G1 X91.68 Y98.59
G1 Z5.36
G1 E1 F2100
G1 F1800
G1 X91.3 Y98.59 E.00926
G1 X91.3 Y95.81 E.06775
G1 X91.68 Y95.81 E.00926
G1 X91.68 Y98.53 E.06629
G1 E-.7 F2100
;WIPE_START
G1 F1800
G1 X91.3 Y98.59 E-.11541
G1 X91.3 Y97.975 E-.18459
;WIPE_END
G1 X91.334 Y97.975 Z5.56 F9000
G1 X87.198 Y98.176
G1 X87.198 Y98.176
G1 X87.198 Y98.176
G1 X87.59 Y98.59
G1 Z5.36
G1 E1 F2100
G1 F1800
G1 X86.51 Y98.59 E.02632
G1 X86.51 Y95.81 E.06775
G1 X87.59 Y95.81 E.02632
G1 X87.59 Y98.53 E.06629
G1 X87.198 Y98.176 F9000
G1 X87.198 Y98.176
G1 X87.189 Y98.176
G1 X87.189 Y98.189
M204 P1500
;TYPE:Inner wall
;WIDTH:0.45
G1 F2700
G1 X86.911 Y98.189 E.00732
G1 X86.911 Y96.211 E.05197
G1 X87.189 Y96.211 E.00732
G1 X87.189 Y98.129 E.0504
; stop printing object pod_header_usb_coupon.stl id:0 copy 0
;LAYER_CHANGE
;Z:5.52
;HEIGHT:0.16
G92 E0 ; zero the extruded length again
; BEFORE_LAYER_CHANGE 33 @ 5.52mm
G1 E-.7 F2100
;WIPE_START
G1 F2700
G1 X86.911 Y98.189 E-.08552
G1 X86.911 Y97.474 E-.21448
;WIPE_END
; AFTER_LAYER_CHANGE 33 @ 5.52mm
;_SET_FAN_SPEED_CHANGING_LAYER
; printing object pod_header_usb_coupon.stl id:0 copy 0
G1 F9000
G1 X86.4349 Y97.2453 Z5.54857
G1 X86.3174 Y96.7305 Z5.57714
G1 X86.6467 Y96.3177 Z5.60571
G1 X87.1747 Y96.3177 Z5.63429
G1 X87.5039 Y96.7305 Z5.66286
G1 X87.3864 Y97.2453 Z5.69143
G1 X86.9107 Y97.4744 Z5.72
G1 X86.894 Y97.474 Z5.72
G1 X79.377 Y126.377
G1 X79.79 Y126.79
G1 Z5.52
G1 E1 F2100
M204 P1000
;TYPE:Outer wall
;WIDTH:0.42
G1 F1800
G1 X76.21 Y126.79 E.08725
G1 X76.21 Y93.21 E.8184
G1 X79.79 Y93.21 E.08725
G1 X79.79 Y126.73 E.81694
G1 X79.377 Y126.377 F9000
G1 X79.376 Y126.376
G1 X79.389 Y126.389
M204 P1500
;TYPE:Inner wall
;WIDTH:0.45
G1 F2700
G1 X76.611 Y126.389 E.07299
G1 X76.611 Y93.611 E.86102
G1 X79.389 Y93.611 E.07299
G1 X79.389 Y126.329 E.85944
G1 X78.974 Y125.974 F9000
G1 F2700
G1 X77.026 Y125.974 E.05115
G1 X77.026 Y94.026 E.83918
G1 X78.974 Y94.026 E.05115
G1 X78.974 Y125.914 E.8376
G1 X78.558 Y125.558 F9000
G1 F2700
G1 X77.442 Y125.558 E.02932
G1 X77.442 Y94.442 E.81734
G1 X78.558 Y94.442 E.02932
G1 X78.558 Y125.498 E.81577
G1 X78.142 Y125.142 F9000
G1 F2700
G1 X77.858 Y125.142 E.00748
G1 X77.858 Y94.858 E.79551
G1 X78.142 Y94.858 E.00748
G1 X78.142 Y125.082 E.79393
G1 E-.7 F2100
;WIPE_START
G1 F2700
G1 X77.858 Y125.142 E-.08729
G1 X77.858 Y124.433 E-.21271
;WIPE_END
G1 X79.376 Y124.395 Z5.72 F9000
G1 X87.198 Y123.776
G1 X87.59 Y124.19
G1 Z5.52
G1 E1 F2100
M204 P1000
;TYPE:Outer wall
;WIDTH:0.42
G1 F1800
G1 X86.51 Y124.19 E.02632
G1 X86.51 Y121.41 E.06775
G1 X87.59 Y121.41 E.02632
G1 X87.59 Y124.13 E.06629
G1 X87.198 Y123.776 F9000
G1 X87.198 Y123.776
G1 X87.189 Y123.776
G1 X87.189 Y123.789
M204 P1500
;TYPE:Inner wall
;WIDTH:0.45
G1 F2700
G1 X86.911 Y123.789 E.00732
G1 X86.911 Y121.811 E.05197
G1 X87.189 Y121.811 E.00732
G1 X87.189 Y123.729 E.0504
G1 E-.7 F2100
;WIPE_START
G1 F2700
G1 X86.911 Y123.789 E-.08552
G1 X86.911 Y123.074 E-.21448
;WIPE_END
G1 X86.894 Y123.074 Z5.72 F9000
G1 X91.631 Y123.777
G1 X91.68 Y124.19
G1 Z5.52
G1 E1 F2100
M204 P1000
;TYPE:Outer wall
;WIDTH:0.42
G1 F1800
G1 X91.3 Y124.19 E.00926
G1 X91.3 Y121.41 E.06775
G1 X91.68 Y121.41 E.00926
G1 X91.68 Y124.13 E.06629
G1 E-.7 F2100
;WIPE_START
G1 F1800
G1 X91.3 Y124.19 E-.11541
G1 X91.3 Y123.575 E-.18459
;WIPE_END
G1 X91.334 Y123.575 Z5.72 F9000
G1 X91.646 Y123.595
G1 X101.791 Y123.777
G1 X101.84 Y124.19
G1 Z5.52
G1 E1 F2100
G1 F1800
G1 X101.46 Y124.19 E.00926
G1 X101.46 Y121.41 E.06775
G1 X101.84 Y121.41 E.00926
G1 X101.84 Y124.13 E.06629
G1 E-.7 F2100
;WIPE_START
G1 F1800
G1 X101.46 Y124.19 E-.11541
G1 X101.46 Y123.575 E-.18459
;WIPE_END
G1 X101.494 Y123.575 Z5.72 F9000
G1 X101.806 Y123.591
G1 X114.491 Y123.776
G1 X114.54 Y124.19
G1 Z5.52
G1 E1 F2100
G1 F1800
G1 X114.16 Y124.19 E.00926
G1 X114.16 Y121.41 E.06775
G1 X114.54 Y121.41 E.00926
G1 X114.54 Y124.13 E.06629
G1 E-.7 F2100
;WIPE_START
G1 F1800
G1 X114.16 Y124.19 E-.11541
G1 X114.16 Y123.575 E-.18459
;WIPE_END
G1 X114.194 Y123.575 Z5.72 F9000
G1 X114.506 Y123.595
G1 X124.651 Y123.777
G1 X124.7 Y124.19
G1 Z5.52
G1 E1 F2100
G1 F1800
G1 X124.32 Y124.19 E.00926
G1 X124.32 Y121.41 E.06775
G1 X124.7 Y121.41 E.00926
G1 X124.7 Y124.13 E.06629
G1 E-.7 F2100
;WIPE_START
G1 F1800
G1 X124.32 Y124.19 E-.11541
G1 X124.32 Y123.575 E-.18459
;WIPE_END
G1 X124.354 Y123.575 Z5.72 F9000
G1 X124.666 Y123.616
G1 X129.098 Y123.776
G1 X129.49 Y124.19
G1 Z5.52
G1 E1 F2100
G1 F1800
G1 X128.41 Y124.19 E.02632
G1 X128.41 Y121.41 E.06775
G1 X129.49 Y121.41 E.02632
G1 X129.49 Y124.13 E.06629
G1 X129.098 Y123.777 F9000
G1 X129.089 Y123.776
G1 X129.089 Y123.789
M204 P1500
;TYPE:Inner wall
;WIDTH:0.45
G1 F2700
G1 X128.811 Y123.789 E.00732
G1 X128.811 Y121.811 E.05197
G1 X129.089 Y121.811 E.00732
G1 X129.089 Y123.729 E.0504
G1 E-.7 F2100
;WIPE_START
G1 F2700
G1 X128.811 Y123.789 E-.08552
G1 X128.811 Y123.074 E-.21448
;WIPE_END
G1 X128.794 Y123.074 Z5.72 F9000
G1 X128.845 Y121.824
G1 X129.098 Y98.176
G1 X129.49 Y98.59
G1 Z5.52
G1 E1 F2100
M204 P1000
;TYPE:Outer wall
;WIDTH:0.42
G1 F1800
G1 X128.41 Y98.59 E.02632
G1 X128.41 Y95.81 E.06775
G1 X129.49 Y95.81 E.02632
G1 X129.49 Y98.53 E.06629
G1 X129.098 Y98.177 F9000
G1 X129.089 Y98.176
G1 X129.089 Y98.189
M204 P1500
;TYPE:Inner wall
;WIDTH:0.45
G1 F2700
G1 X128.811 Y98.189 E.00732
G1 X128.811 Y96.211 E.05197
G1 X129.089 Y96.211 E.00732
G1 X129.089 Y98.129 E.0504
G1 E-.7 F2100
;WIPE_START
G1 F2700
G1 X128.811 Y98.189 E-.08552
G1 X128.811 Y97.474 E-.21448
;WIPE_END
G1 X128.794 Y97.474 Z5.72 F9000
G1 X124.651 Y98.177
G1 X124.7 Y98.59
G1 Z5.52
G1 E1 F2100
M204 P1000
;TYPE:Outer wall
;WIDTH:0.42
G1 F1800
G1 X124.32 Y98.59 E.00926
G1 X124.32 Y95.81 E.06775
G1 X124.7 Y95.81 E.00926
G1 X124.7 Y98.53 E.06629
G1 E-.7 F2100
;WIPE_START
G1 F1800
G1 X124.32 Y98.59 E-.11541
G1 X124.32 Y97.975 E-.18459
;WIPE_END
G1 X124.354 Y97.975 Z5.72 F9000
G1 X114.491 Y98.176
G1 X114.491 Y98.176
G1 X114.54 Y98.59
G1 Z5.52
G1 E1 F2100
G1 F1800
G1 X114.16 Y98.59 E.00926
G1 X114.16 Y95.81 E.06775
G1 X114.54 Y95.81 E.00926
G1 X114.54 Y98.53 E.06629
G1 E-.7 F2100
;WIPE_START
G1 F1800
G1 X114.16 Y98.59 E-.11541
G1 X114.16 Y97.975 E-.18459
;WIPE_END
G1 X114.194 Y97.975 Z5.72 F9000
G1 X101.791 Y98.176
G1 X101.791 Y98.176
G1 X101.791 Y98.176
G1 X101.84 Y98.59
G1 Z5.52
G1 E1 F2100
G1 F1800
G1 X101.46 Y98.59 E.00926
G1 X101.46 Y95.81 E.06775
G1 X101.84 Y95.81 E.00926
G1 X101.84 Y98.53 E.06629
G1 E-.7 F2100
;WIPE_START
G1 F1800
G1 X101.46 Y98.59 E-.11541
G1 X101.46 Y97.975 E-.18459
;WIPE_END
G1 X101.494 Y97.975 Z5.72 F9000
G1 X91.631 Y98.176
G1 X91.631 Y98.176
G1 X91.631 Y98.176
G1 X91.68 Y98.59
G1 Z5.52
G1 E1 F2100
G1 F1800
G1 X91.3 Y98.59 E.00926
G1 X91.3 Y95.81 E.06775
G1 X91.68 Y95.81 E.00926
G1 X91.68 Y98.53 E.06629
G1 E-.7 F2100
;WIPE_START
G1 F1800
G1 X91.3 Y98.59 E-.11541
G1 X91.3 Y97.975 E-.18459
;WIPE_END
G1 X91.334 Y97.975 Z5.72 F9000
G1 X87.198 Y98.176
G1 X87.198 Y98.176
G1 X87.198 Y98.176
G1 X87.59 Y98.59
G1 Z5.52
G1 E1 F2100
G1 F1800
G1 X86.51 Y98.59 E.02632
G1 X86.51 Y95.81 E.06775
G1 X87.59 Y95.81 E.02632
G1 X87.59 Y98.53 E.06629
G1 X87.198 Y98.176 F9000
G1 X87.198 Y98.176
G1 X87.189 Y98.176
G1 X87.189 Y98.189
M204 P1500
;TYPE:Inner wall
;WIDTH:0.45
G1 F2700
G1 X86.911 Y98.189 E.00732
G1 X86.911 Y96.211 E.05197
G1 X87.189 Y96.211 E.00732
G1 X87.189 Y98.129 E.0504
; stop printing object pod_header_usb_coupon.stl id:0 copy 0
;LAYER_CHANGE
;Z:5.68
;HEIGHT:0.16
G92 E0 ; zero the extruded length again
; BEFORE_LAYER_CHANGE 34 @ 5.68mm
G1 E-.7 F2100
;WIPE_START
G1 F2700
G1 X86.911 Y98.189 E-.08552
G1 X86.911 Y97.474 E-.21448
;WIPE_END
; AFTER_LAYER_CHANGE 34 @ 5.68mm
;_SET_FAN_SPEED_CHANGING_LAYER
; printing object pod_header_usb_coupon.stl id:0 copy 0
G1 F9000
G1 X86.4349 Y97.2453 Z5.70857
G1 X86.3174 Y96.7305 Z5.73714
G1 X86.6467 Y96.3177 Z5.76571
G1 X87.1747 Y96.3177 Z5.79429
G1 X87.5039 Y96.7305 Z5.82286
G1 X87.3864 Y97.2453 Z5.85143
G1 X86.9107 Y97.4744 Z5.88
G1 X86.894 Y97.474 Z5.88
G1 X79.377 Y126.377
G1 X79.79 Y126.79
G1 Z5.68
G1 E1 F2100
M204 P1000
;TYPE:Outer wall
;WIDTH:0.42
G1 F1800
G1 X76.21 Y126.79 E.08725
G1 X76.21 Y93.21 E.8184
G1 X79.79 Y93.21 E.08725
G1 X79.79 Y126.73 E.81694
G1 X79.377 Y126.377 F9000
G1 X79.376 Y126.376
G1 X79.389 Y126.389
M204 P1500
;TYPE:Inner wall
;WIDTH:0.45
G1 F2700
G1 X76.611 Y126.389 E.07299
G1 X76.611 Y93.611 E.86102
G1 X79.389 Y93.611 E.07299
G1 X79.389 Y126.329 E.85944
G1 X78.974 Y125.974 F9000
G1 F2700
G1 X77.026 Y125.974 E.05115
G1 X77.026 Y94.026 E.83918
G1 X78.974 Y94.026 E.05115
G1 X78.974 Y125.914 E.8376
G1 X78.558 Y125.558 F9000
G1 F2700
G1 X77.442 Y125.558 E.02932
G1 X77.442 Y94.442 E.81734
G1 X78.558 Y94.442 E.02932
G1 X78.558 Y125.498 E.81577
G1 X78.142 Y125.142 F9000
G1 F2700
G1 X77.858 Y125.142 E.00748
G1 X77.858 Y94.858 E.79551
G1 X78.142 Y94.858 E.00748
G1 X78.142 Y125.082 E.79393
G1 E-.7 F2100
;WIPE_START
G1 F2700
G1 X77.858 Y125.142 E-.08729
G1 X77.858 Y124.433 E-.21271
;WIPE_END
G1 X79.376 Y124.395 Z5.88 F9000
G1 X87.198 Y123.776
G1 X87.59 Y124.19
G1 Z5.68
G1 E1 F2100
M204 P1000
;TYPE:Outer wall
;WIDTH:0.42
G1 F1800
G1 X86.51 Y124.19 E.02632
G1 X86.51 Y121.41 E.06775
G1 X87.59 Y121.41 E.02632
G1 X87.59 Y124.13 E.06629
G1 X87.198 Y123.776 F9000
G1 X87.198 Y123.776
G1 X87.189 Y123.776
G1 X87.189 Y123.789
M204 P1500
;TYPE:Inner wall
;WIDTH:0.45
G1 F2700
G1 X86.911 Y123.789 E.00732
G1 X86.911 Y121.811 E.05197
G1 X87.189 Y121.811 E.00732
G1 X87.189 Y123.729 E.0504
G1 E-.7 F2100
;WIPE_START
G1 F2700
G1 X86.911 Y123.789 E-.08552
G1 X86.911 Y123.074 E-.21448
;WIPE_END
G1 X86.894 Y123.074 Z5.88 F9000
G1 X91.631 Y123.777
G1 X91.68 Y124.19
G1 Z5.68
G1 E1 F2100
M204 P1000
;TYPE:Outer wall
;WIDTH:0.42
G1 F1800
G1 X91.3 Y124.19 E.00926
G1 X91.3 Y121.41 E.06775
G1 X91.68 Y121.41 E.00926
G1 X91.68 Y124.13 E.06629
G1 E-.7 F2100
;WIPE_START
G1 F1800
G1 X91.3 Y124.19 E-.11541
G1 X91.3 Y123.575 E-.18459
;WIPE_END
G1 X91.334 Y123.575 Z5.88 F9000
G1 X91.646 Y123.595
G1 X101.791 Y123.777
G1 X101.84 Y124.19
G1 Z5.68
G1 E1 F2100
G1 F1800
G1 X101.46 Y124.19 E.00926
G1 X101.46 Y121.41 E.06775
G1 X101.84 Y121.41 E.00926
G1 X101.84 Y124.13 E.06629
G1 E-.7 F2100
;WIPE_START
G1 F1800
G1 X101.46 Y124.19 E-.11541
G1 X101.46 Y123.575 E-.18459
;WIPE_END
G1 X101.494 Y123.575 Z5.88 F9000
G1 X101.806 Y123.591
G1 X114.491 Y123.776
G1 X114.54 Y124.19
G1 Z5.68
G1 E1 F2100
G1 F1800
G1 X114.16 Y124.19 E.00926
G1 X114.16 Y121.41 E.06775
G1 X114.54 Y121.41 E.00926
G1 X114.54 Y124.13 E.06629
G1 E-.7 F2100
;WIPE_START
G1 F1800
G1 X114.16 Y124.19 E-.11541
G1 X114.16 Y123.575 E-.18459
;WIPE_END
G1 X114.194 Y123.575 Z5.88 F9000
G1 X114.506 Y123.595
G1 X124.651 Y123.777
G1 X124.7 Y124.19
G1 Z5.68
G1 E1 F2100
G1 F1800
G1 X124.32 Y124.19 E.00926
G1 X124.32 Y121.41 E.06775
G1 X124.7 Y121.41 E.00926
G1 X124.7 Y124.13 E.06629
G1 E-.7 F2100
;WIPE_START
G1 F1800
G1 X124.32 Y124.19 E-.11541
G1 X124.32 Y123.575 E-.18459
;WIPE_END
G1 X124.354 Y123.575 Z5.88 F9000
G1 X124.666 Y123.616
G1 X129.098 Y123.776
G1 X129.49 Y124.19
G1 Z5.68
G1 E1 F2100
G1 F1800
G1 X128.41 Y124.19 E.02632
G1 X128.41 Y121.41 E.06775
G1 X129.49 Y121.41 E.02632
G1 X129.49 Y124.13 E.06629
G1 X129.098 Y123.777 F9000
G1 X129.089 Y123.776
G1 X129.089 Y123.789
M204 P1500
;TYPE:Inner wall
;WIDTH:0.45
G1 F2700
G1 X128.811 Y123.789 E.00732
G1 X128.811 Y121.811 E.05197
G1 X129.089 Y121.811 E.00732
G1 X129.089 Y123.729 E.0504
G1 E-.7 F2100
;WIPE_START
G1 F2700
G1 X128.811 Y123.789 E-.08552
G1 X128.811 Y123.074 E-.21448
;WIPE_END
G1 X128.794 Y123.074 Z5.88 F9000
G1 X128.845 Y121.824
G1 X129.098 Y98.176
G1 X129.49 Y98.59
G1 Z5.68
G1 E1 F2100
M204 P1000
;TYPE:Outer wall
;WIDTH:0.42
G1 F1800
G1 X128.41 Y98.59 E.02632
G1 X128.41 Y95.81 E.06775
G1 X129.49 Y95.81 E.02632
G1 X129.49 Y98.53 E.06629
G1 X129.098 Y98.177 F9000
G1 X129.089 Y98.176
G1 X129.089 Y98.189
M204 P1500
;TYPE:Inner wall
;WIDTH:0.45
G1 F2700
G1 X128.811 Y98.189 E.00732
G1 X128.811 Y96.211 E.05197
G1 X129.089 Y96.211 E.00732
G1 X129.089 Y98.129 E.0504
G1 E-.7 F2100
;WIPE_START
G1 F2700
G1 X128.811 Y98.189 E-.08552
G1 X128.811 Y97.474 E-.21448
;WIPE_END
G1 X128.794 Y97.474 Z5.88 F9000
G1 X124.651 Y98.177
G1 X124.7 Y98.59
G1 Z5.68
G1 E1 F2100
M204 P1000
;TYPE:Outer wall
;WIDTH:0.42
G1 F1800
G1 X124.32 Y98.59 E.00926
G1 X124.32 Y95.81 E.06775
G1 X124.7 Y95.81 E.00926
G1 X124.7 Y98.53 E.06629
G1 E-.7 F2100
;WIPE_START
G1 F1800
G1 X124.32 Y98.59 E-.11541
G1 X124.32 Y97.975 E-.18459
;WIPE_END
G1 X124.354 Y97.975 Z5.88 F9000
G1 X114.491 Y98.176
G1 X114.491 Y98.176
G1 X114.54 Y98.59
G1 Z5.68
G1 E1 F2100
G1 F1800
G1 X114.16 Y98.59 E.00926
G1 X114.16 Y95.81 E.06775
G1 X114.54 Y95.81 E.00926
G1 X114.54 Y98.53 E.06629
G1 E-.7 F2100
;WIPE_START
G1 F1800
G1 X114.16 Y98.59 E-.11541
G1 X114.16 Y97.975 E-.18459
;WIPE_END
G1 X114.194 Y97.975 Z5.88 F9000
G1 X101.791 Y98.176
G1 X101.791 Y98.176
G1 X101.791 Y98.176
G1 X101.84 Y98.59
G1 Z5.68
G1 E1 F2100
G1 F1800
G1 X101.46 Y98.59 E.00926
G1 X101.46 Y95.81 E.06775
G1 X101.84 Y95.81 E.00926
G1 X101.84 Y98.53 E.06629
G1 E-.7 F2100
;WIPE_START
G1 F1800
G1 X101.46 Y98.59 E-.11541
G1 X101.46 Y97.975 E-.18459
;WIPE_END
G1 X101.494 Y97.975 Z5.88 F9000
G1 X91.631 Y98.176
G1 X91.631 Y98.176
G1 X91.631 Y98.176
G1 X91.68 Y98.59
G1 Z5.68
G1 E1 F2100
G1 F1800
G1 X91.3 Y98.59 E.00926
G1 X91.3 Y95.81 E.06775
G1 X91.68 Y95.81 E.00926
G1 X91.68 Y98.53 E.06629
G1 E-.7 F2100
;WIPE_START
G1 F1800
G1 X91.3 Y98.59 E-.11541
G1 X91.3 Y97.975 E-.18459
;WIPE_END
G1 X91.334 Y97.975 Z5.88 F9000
G1 X87.198 Y98.176
G1 X87.198 Y98.176
G1 X87.198 Y98.176
G1 X87.59 Y98.59
G1 Z5.68
G1 E1 F2100
G1 F1800
G1 X86.51 Y98.59 E.02632
G1 X86.51 Y95.81 E.06775
G1 X87.59 Y95.81 E.02632
G1 X87.59 Y98.53 E.06629
G1 X87.198 Y98.176 F9000
G1 X87.198 Y98.176
G1 X87.189 Y98.176
G1 X87.189 Y98.189
M204 P1500
;TYPE:Inner wall
;WIDTH:0.45
G1 F2700
G1 X86.911 Y98.189 E.00732
G1 X86.911 Y96.211 E.05197
G1 X87.189 Y96.211 E.00732
G1 X87.189 Y98.129 E.0504
; stop printing object pod_header_usb_coupon.stl id:0 copy 0
;LAYER_CHANGE
;Z:5.84
;HEIGHT:0.16
G92 E0 ; zero the extruded length again
; BEFORE_LAYER_CHANGE 35 @ 5.84mm
G1 E-.7 F2100
;WIPE_START
G1 F2700
G1 X86.911 Y98.189 E-.08552
G1 X86.911 Y97.474 E-.21448
;WIPE_END
; AFTER_LAYER_CHANGE 35 @ 5.84mm
;_SET_FAN_SPEED_CHANGING_LAYER
; printing object pod_header_usb_coupon.stl id:0 copy 0
G1 F9000
G1 X86.4349 Y97.2453 Z5.86857
G1 X86.3174 Y96.7305 Z5.89714
G1 X86.6467 Y96.3177 Z5.92571
G1 X87.1747 Y96.3177 Z5.95429
G1 X87.5039 Y96.7305 Z5.98286
G1 X87.3864 Y97.2453 Z6.01143
G1 X86.9107 Y97.4744 Z6.04
G1 X86.894 Y97.474 Z6.04
G1 X79.377 Y126.377
G1 X79.79 Y126.79
G1 Z5.84
G1 E1 F2100
M204 P1000
;TYPE:Outer wall
;WIDTH:0.42
G1 F1800
G1 X76.21 Y126.79 E.08725
G1 X76.21 Y93.21 E.8184
G1 X79.79 Y93.21 E.08725
G1 X79.79 Y126.73 E.81694
G1 X79.377 Y126.377 F9000
G1 X79.376 Y126.376
G1 X79.389 Y126.389
M204 P1500
;TYPE:Inner wall
;WIDTH:0.45
G1 F2700
G1 X76.611 Y126.389 E.07299
G1 X76.611 Y93.611 E.86102
G1 X79.389 Y93.611 E.07299
G1 X79.389 Y126.329 E.85944
G1 X78.974 Y125.974 F9000
G1 F2700
G1 X77.026 Y125.974 E.05115
G1 X77.026 Y94.026 E.83918
G1 X78.974 Y94.026 E.05115
G1 X78.974 Y125.914 E.8376
G1 X78.558 Y125.558 F9000
G1 F2700
G1 X77.442 Y125.558 E.02932
G1 X77.442 Y94.442 E.81734
G1 X78.558 Y94.442 E.02932
G1 X78.558 Y125.498 E.81577
G1 X78.142 Y125.142 F9000
G1 F2700
G1 X77.858 Y125.142 E.00748
G1 X77.858 Y94.858 E.79551
G1 X78.142 Y94.858 E.00748
G1 X78.142 Y125.082 E.79393
G1 E-.7 F2100
;WIPE_START
G1 F2700
G1 X77.858 Y125.142 E-.08729
G1 X77.858 Y124.433 E-.21271
;WIPE_END
G1 X79.376 Y124.395 Z6.04 F9000
G1 X87.198 Y123.776
G1 X87.59 Y124.19
G1 Z5.84
G1 E1 F2100
M204 P1000
;TYPE:Outer wall
;WIDTH:0.42
G1 F1800
G1 X86.51 Y124.19 E.02632
G1 X86.51 Y121.41 E.06775
G1 X87.59 Y121.41 E.02632
G1 X87.59 Y124.13 E.06629
G1 X87.198 Y123.776 F9000
G1 X87.198 Y123.776
G1 X87.189 Y123.776
G1 X87.189 Y123.789
M204 P1500
;TYPE:Inner wall
;WIDTH:0.45
G1 F2700
G1 X86.911 Y123.789 E.00732
G1 X86.911 Y121.811 E.05197
G1 X87.189 Y121.811 E.00732
G1 X87.189 Y123.729 E.0504
G1 E-.7 F2100
;WIPE_START
G1 F2700
G1 X86.911 Y123.789 E-.08552
G1 X86.911 Y123.074 E-.21448
;WIPE_END
G1 X86.894 Y123.074 Z6.04 F9000
G1 X91.631 Y123.777
G1 X91.68 Y124.19
G1 Z5.84
G1 E1 F2100
M204 P1000
;TYPE:Outer wall
;WIDTH:0.42
G1 F1800
G1 X91.3 Y124.19 E.00926
G1 X91.3 Y121.41 E.06775
G1 X91.68 Y121.41 E.00926
G1 X91.68 Y124.13 E.06629
G1 E-.7 F2100
;WIPE_START
G1 F1800
G1 X91.3 Y124.19 E-.11541
G1 X91.3 Y123.575 E-.18459
;WIPE_END
G1 X91.334 Y123.575 Z6.04 F9000
G1 X91.646 Y123.595
G1 X101.791 Y123.777
G1 X101.84 Y124.19
G1 Z5.84
G1 E1 F2100
G1 F1800
G1 X101.46 Y124.19 E.00926
G1 X101.46 Y121.41 E.06775
G1 X101.84 Y121.41 E.00926
G1 X101.84 Y124.13 E.06629
G1 E-.7 F2100
;WIPE_START
G1 F1800
G1 X101.46 Y124.19 E-.11541
G1 X101.46 Y123.575 E-.18459
;WIPE_END
G1 X101.494 Y123.575 Z6.04 F9000
G1 X101.806 Y123.591
G1 X114.491 Y123.776
G1 X114.54 Y124.19
G1 Z5.84
G1 E1 F2100
G1 F1800
G1 X114.16 Y124.19 E.00926
G1 X114.16 Y121.41 E.06775
G1 X114.54 Y121.41 E.00926
G1 X114.54 Y124.13 E.06629
G1 E-.7 F2100
;WIPE_START
G1 F1800
G1 X114.16 Y124.19 E-.11541
G1 X114.16 Y123.575 E-.18459
;WIPE_END
G1 X114.194 Y123.575 Z6.04 F9000
G1 X114.506 Y123.595
G1 X124.651 Y123.777
G1 X124.7 Y124.19
G1 Z5.84
G1 E1 F2100
G1 F1800
G1 X124.32 Y124.19 E.00926
G1 X124.32 Y121.41 E.06775
G1 X124.7 Y121.41 E.00926
G1 X124.7 Y124.13 E.06629
G1 E-.7 F2100
;WIPE_START
G1 F1800
G1 X124.32 Y124.19 E-.11541
G1 X124.32 Y123.575 E-.18459
;WIPE_END
G1 X124.354 Y123.575 Z6.04 F9000
G1 X124.666 Y123.616
G1 X129.098 Y123.776
G1 X129.49 Y124.19
G1 Z5.84
G1 E1 F2100
G1 F1800
G1 X128.41 Y124.19 E.02632
G1 X128.41 Y121.41 E.06775
G1 X129.49 Y121.41 E.02632
G1 X129.49 Y124.13 E.06629
G1 X129.098 Y123.777 F9000
G1 X129.089 Y123.776
G1 X129.089 Y123.789
M204 P1500
;TYPE:Inner wall
;WIDTH:0.45
G1 F2700
G1 X128.811 Y123.789 E.00732
G1 X128.811 Y121.811 E.05197
G1 X129.089 Y121.811 E.00732
G1 X129.089 Y123.729 E.0504
G1 E-.7 F2100
;WIPE_START
G1 F2700
G1 X128.811 Y123.789 E-.08552
G1 X128.811 Y123.074 E-.21448
;WIPE_END
G1 X128.794 Y123.074 Z6.04 F9000
G1 X128.845 Y121.824
G1 X129.098 Y98.176
G1 X129.49 Y98.59
G1 Z5.84
G1 E1 F2100
M204 P1000
;TYPE:Outer wall
;WIDTH:0.42
G1 F1800
G1 X128.41 Y98.59 E.02632
G1 X128.41 Y95.81 E.06775
G1 X129.49 Y95.81 E.02632
G1 X129.49 Y98.53 E.06629
G1 X129.098 Y98.177 F9000
G1 X129.089 Y98.176
G1 X129.089 Y98.189
M204 P1500
;TYPE:Inner wall
;WIDTH:0.45
G1 F2700
G1 X128.811 Y98.189 E.00732
G1 X128.811 Y96.211 E.05197
G1 X129.089 Y96.211 E.00732
G1 X129.089 Y98.129 E.0504
G1 E-.7 F2100
;WIPE_START
G1 F2700
G1 X128.811 Y98.189 E-.08552
G1 X128.811 Y97.474 E-.21448
;WIPE_END
G1 X128.794 Y97.474 Z6.04 F9000
G1 X124.651 Y98.177
G1 X124.7 Y98.59
G1 Z5.84
G1 E1 F2100
M204 P1000
;TYPE:Outer wall
;WIDTH:0.42
G1 F1800
G1 X124.32 Y98.59 E.00926
G1 X124.32 Y95.81 E.06775
G1 X124.7 Y95.81 E.00926
G1 X124.7 Y98.53 E.06629
G1 E-.7 F2100
;WIPE_START
G1 F1800
G1 X124.32 Y98.59 E-.11541
G1 X124.32 Y97.975 E-.18459
;WIPE_END
G1 X124.354 Y97.975 Z6.04 F9000
G1 X114.491 Y98.176
G1 X114.491 Y98.176
G1 X114.54 Y98.59
G1 Z5.84
G1 E1 F2100
G1 F1800
G1 X114.16 Y98.59 E.00926
G1 X114.16 Y95.81 E.06775
G1 X114.54 Y95.81 E.00926
G1 X114.54 Y98.53 E.06629
G1 E-.7 F2100
;WIPE_START
G1 F1800
G1 X114.16 Y98.59 E-.11541
G1 X114.16 Y97.975 E-.18459
;WIPE_END
G1 X114.194 Y97.975 Z6.04 F9000
G1 X101.791 Y98.176
G1 X101.791 Y98.176
G1 X101.791 Y98.176
G1 X101.84 Y98.59
G1 Z5.84
G1 E1 F2100
G1 F1800
G1 X101.46 Y98.59 E.00926
G1 X101.46 Y95.81 E.06775
G1 X101.84 Y95.81 E.00926
G1 X101.84 Y98.53 E.06629
G1 E-.7 F2100
;WIPE_START
G1 F1800
G1 X101.46 Y98.59 E-.11541
G1 X101.46 Y97.975 E-.18459
;WIPE_END
G1 X101.494 Y97.975 Z6.04 F9000
G1 X91.631 Y98.176
G1 X91.631 Y98.176
G1 X91.631 Y98.176
G1 X91.68 Y98.59
G1 Z5.84
G1 E1 F2100
G1 F1800
G1 X91.3 Y98.59 E.00926
G1 X91.3 Y95.81 E.06775
G1 X91.68 Y95.81 E.00926
G1 X91.68 Y98.53 E.06629
G1 E-.7 F2100
;WIPE_START
G1 F1800
G1 X91.3 Y98.59 E-.11541
G1 X91.3 Y97.975 E-.18459
;WIPE_END
G1 X91.334 Y97.975 Z6.04 F9000
G1 X87.198 Y98.176
G1 X87.198 Y98.176
G1 X87.198 Y98.176
G1 X87.59 Y98.59
G1 Z5.84
G1 E1 F2100
G1 F1800
G1 X86.51 Y98.59 E.02632
G1 X86.51 Y95.81 E.06775
G1 X87.59 Y95.81 E.02632
G1 X87.59 Y98.53 E.06629
G1 X87.198 Y98.176 F9000
G1 X87.198 Y98.176
G1 X87.189 Y98.176
G1 X87.189 Y98.189
M204 P1500
;TYPE:Inner wall
;WIDTH:0.45
G1 F2700
G1 X86.911 Y98.189 E.00732
G1 X86.911 Y96.211 E.05197
G1 X87.189 Y96.211 E.00732
G1 X87.189 Y98.129 E.0504
; stop printing object pod_header_usb_coupon.stl id:0 copy 0
;LAYER_CHANGE
;Z:6
;HEIGHT:0.16
G92 E0 ; zero the extruded length again
; BEFORE_LAYER_CHANGE 36 @ 6mm
G1 E-.7 F2100
;WIPE_START
G1 F2700
G1 X86.911 Y98.189 E-.08552
G1 X86.911 Y97.474 E-.21448
;WIPE_END
; AFTER_LAYER_CHANGE 36 @ 6mm
;_SET_FAN_SPEED_CHANGING_LAYER
; printing object pod_header_usb_coupon.stl id:0 copy 0
G1 F9000
G1 X86.4349 Y97.2453 Z6.02857
G1 X86.3174 Y96.7305 Z6.05714
G1 X86.6467 Y96.3177 Z6.08571
G1 X87.1747 Y96.3177 Z6.11429
G1 X87.5039 Y96.7305 Z6.14286
G1 X87.3864 Y97.2453 Z6.17143
G1 X86.9107 Y97.4744 Z6.2
G1 X86.894 Y97.474 Z6.2
G1 X79.377 Y126.377
G1 X79.79 Y126.79
G1 Z6
G1 E1 F2100
M204 P1000
;TYPE:Outer wall
;WIDTH:0.42
G1 F1800
G1 X76.21 Y126.79 E.08725
G1 X76.21 Y93.21 E.8184
G1 X79.79 Y93.21 E.08725
G1 X79.79 Y126.73 E.81694
G1 X79.377 Y126.377 F9000
G1 X79.376 Y126.376
G1 X79.389 Y126.389
M204 P1500
;TYPE:Inner wall
;WIDTH:0.45
G1 F2700
G1 X76.611 Y126.389 E.07299
G1 X76.611 Y93.611 E.86102
G1 X79.389 Y93.611 E.07299
G1 X79.389 Y126.329 E.85944
G1 X78.974 Y125.974 F9000
G1 F2700
G1 X77.026 Y125.974 E.05115
G1 X77.026 Y94.026 E.83918
G1 X78.974 Y94.026 E.05115
G1 X78.974 Y125.914 E.8376
G1 X78.558 Y125.558 F9000
G1 F2700
G1 X77.442 Y125.558 E.02932
G1 X77.442 Y94.442 E.81734
G1 X78.558 Y94.442 E.02932
G1 X78.558 Y125.498 E.81577
G1 X78.142 Y125.142 F9000
G1 F2700
G1 X77.858 Y125.142 E.00748
G1 X77.858 Y94.858 E.79551
G1 X78.142 Y94.858 E.00748
G1 X78.142 Y125.082 E.79393
G1 E-.7 F2100
;WIPE_START
G1 F2700
G1 X77.858 Y125.142 E-.08729
G1 X77.858 Y124.433 E-.21271
;WIPE_END
G1 X79.376 Y124.395 Z6.2 F9000
G1 X87.198 Y123.776
G1 X87.59 Y124.19
G1 Z6
G1 E1 F2100
M204 P1000
;TYPE:Outer wall
;WIDTH:0.42
G1 F1800
G1 X86.51 Y124.19 E.02632
G1 X86.51 Y121.41 E.06775
G1 X87.59 Y121.41 E.02632
G1 X87.59 Y124.13 E.06629
G1 X87.198 Y123.776 F9000
G1 X87.198 Y123.776
G1 X87.189 Y123.776
G1 X87.189 Y123.789
M204 P1500
;TYPE:Inner wall
;WIDTH:0.45
G1 F2700
G1 X86.911 Y123.789 E.00732
G1 X86.911 Y121.811 E.05197
G1 X87.189 Y121.811 E.00732
G1 X87.189 Y123.729 E.0504
G1 E-.7 F2100
;WIPE_START
G1 F2700
G1 X86.911 Y123.789 E-.08552
G1 X86.911 Y123.074 E-.21448
;WIPE_END
G1 X86.894 Y123.074 Z6.2 F9000
G1 X91.631 Y123.777
G1 X91.68 Y124.19
G1 Z6
G1 E1 F2100
M204 P1000
;TYPE:Outer wall
;WIDTH:0.42
G1 F1800
G1 X91.3 Y124.19 E.00926
G1 X91.3 Y121.41 E.06775
G1 X91.68 Y121.41 E.00926
G1 X91.68 Y124.13 E.06629
G1 E-.7 F2100
;WIPE_START
G1 F1800
G1 X91.3 Y124.19 E-.11541
G1 X91.3 Y123.575 E-.18459
;WIPE_END
G1 X91.334 Y123.575 Z6.2 F9000
G1 X91.646 Y123.595
G1 X101.791 Y123.777
G1 X101.84 Y124.19
G1 Z6
G1 E1 F2100
G1 F1800
G1 X101.46 Y124.19 E.00926
G1 X101.46 Y121.41 E.06775
G1 X101.84 Y121.41 E.00926
G1 X101.84 Y124.13 E.06629
G1 E-.7 F2100
;WIPE_START
G1 F1800
G1 X101.46 Y124.19 E-.11541
G1 X101.46 Y123.575 E-.18459
;WIPE_END
G1 X101.494 Y123.575 Z6.2 F9000
G1 X101.806 Y123.591
G1 X114.491 Y123.776
G1 X114.54 Y124.19
G1 Z6
G1 E1 F2100
G1 F1800
G1 X114.16 Y124.19 E.00926
G1 X114.16 Y121.41 E.06775
G1 X114.54 Y121.41 E.00926
G1 X114.54 Y124.13 E.06629
G1 E-.7 F2100
;WIPE_START
G1 F1800
G1 X114.16 Y124.19 E-.11541
G1 X114.16 Y123.575 E-.18459
;WIPE_END
G1 X114.194 Y123.575 Z6.2 F9000
G1 X114.506 Y123.595
G1 X124.651 Y123.777
G1 X124.7 Y124.19
G1 Z6
G1 E1 F2100
G1 F1800
G1 X124.32 Y124.19 E.00926
G1 X124.32 Y121.41 E.06775
G1 X124.7 Y121.41 E.00926
G1 X124.7 Y124.13 E.06629
G1 E-.7 F2100
;WIPE_START
G1 F1800
G1 X124.32 Y124.19 E-.11541
G1 X124.32 Y123.575 E-.18459
;WIPE_END
G1 X124.354 Y123.575 Z6.2 F9000
G1 X124.666 Y123.616
G1 X129.098 Y123.776
G1 X129.49 Y124.19
G1 Z6
G1 E1 F2100
G1 F1800
G1 X128.41 Y124.19 E.02632
G1 X128.41 Y121.41 E.06775
G1 X129.49 Y121.41 E.02632
G1 X129.49 Y124.13 E.06629
G1 X129.098 Y123.777 F9000
G1 X129.089 Y123.776
G1 X129.089 Y123.789
M204 P1500
;TYPE:Inner wall
;WIDTH:0.45
G1 F2700
G1 X128.811 Y123.789 E.00732
G1 X128.811 Y121.811 E.05197
G1 X129.089 Y121.811 E.00732
G1 X129.089 Y123.729 E.0504
G1 E-.7 F2100
;WIPE_START
G1 F2700
G1 X128.811 Y123.789 E-.08552
G1 X128.811 Y123.074 E-.21448
;WIPE_END
G1 X128.794 Y123.074 Z6.2 F9000
G1 X128.845 Y121.824
G1 X129.098 Y98.176
G1 X129.49 Y98.59
G1 Z6
G1 E1 F2100
M204 P1000
;TYPE:Outer wall
;WIDTH:0.42
G1 F1800
G1 X128.41 Y98.59 E.02632
G1 X128.41 Y95.81 E.06775
G1 X129.49 Y95.81 E.02632
G1 X129.49 Y98.53 E.06629
G1 X129.098 Y98.177 F9000
G1 X129.089 Y98.176
G1 X129.089 Y98.189
M204 P1500
;TYPE:Inner wall
;WIDTH:0.45
G1 F2700
G1 X128.811 Y98.189 E.00732
G1 X128.811 Y96.211 E.05197
G1 X129.089 Y96.211 E.00732
G1 X129.089 Y98.129 E.0504
G1 E-.7 F2100
;WIPE_START
G1 F2700
G1 X128.811 Y98.189 E-.08552
G1 X128.811 Y97.474 E-.21448
;WIPE_END
G1 X128.794 Y97.474 Z6.2 F9000
G1 X124.651 Y98.177
G1 X124.7 Y98.59
G1 Z6
G1 E1 F2100
M204 P1000
;TYPE:Outer wall
;WIDTH:0.42
G1 F1800
G1 X124.32 Y98.59 E.00926
G1 X124.32 Y95.81 E.06775
G1 X124.7 Y95.81 E.00926
G1 X124.7 Y98.53 E.06629
G1 E-.7 F2100
;WIPE_START
G1 F1800
G1 X124.32 Y98.59 E-.11541
G1 X124.32 Y97.975 E-.18459
;WIPE_END
G1 X124.354 Y97.975 Z6.2 F9000
G1 X114.491 Y98.176
G1 X114.491 Y98.176
G1 X114.54 Y98.59
G1 Z6
G1 E1 F2100
G1 F1800
G1 X114.16 Y98.59 E.00926
G1 X114.16 Y95.81 E.06775
G1 X114.54 Y95.81 E.00926
G1 X114.54 Y98.53 E.06629
G1 E-.7 F2100
;WIPE_START
G1 F1800
G1 X114.16 Y98.59 E-.11541
G1 X114.16 Y97.975 E-.18459
;WIPE_END
G1 X114.194 Y97.975 Z6.2 F9000
G1 X101.791 Y98.176
G1 X101.791 Y98.176
G1 X101.791 Y98.176
G1 X101.84 Y98.59
G1 Z6
G1 E1 F2100
G1 F1800
G1 X101.46 Y98.59 E.00926
G1 X101.46 Y95.81 E.06775
G1 X101.84 Y95.81 E.00926
G1 X101.84 Y98.53 E.06629
G1 E-.7 F2100
;WIPE_START
G1 F1800
G1 X101.46 Y98.59 E-.11541
G1 X101.46 Y97.975 E-.18459
;WIPE_END
G1 X101.494 Y97.975 Z6.2 F9000
G1 X91.631 Y98.176
G1 X91.631 Y98.176
G1 X91.631 Y98.176
G1 X91.68 Y98.59
G1 Z6
G1 E1 F2100
G1 F1800
G1 X91.3 Y98.59 E.00926
G1 X91.3 Y95.81 E.06775
G1 X91.68 Y95.81 E.00926
G1 X91.68 Y98.53 E.06629
G1 E-.7 F2100
;WIPE_START
G1 F1800
G1 X91.3 Y98.59 E-.11541
G1 X91.3 Y97.975 E-.18459
;WIPE_END
G1 X91.334 Y97.975 Z6.2 F9000
G1 X87.198 Y98.176
G1 X87.198 Y98.176
G1 X87.198 Y98.176
G1 X87.59 Y98.59
G1 Z6
G1 E1 F2100
G1 F1800
G1 X86.51 Y98.59 E.02632
G1 X86.51 Y95.81 E.06775
G1 X87.59 Y95.81 E.02632
G1 X87.59 Y98.53 E.06629
G1 X87.198 Y98.176 F9000
G1 X87.198 Y98.176
G1 X87.189 Y98.176
G1 X87.189 Y98.189
M204 P1500
;TYPE:Inner wall
;WIDTH:0.45
G1 F2700
G1 X86.911 Y98.189 E.00732
G1 X86.911 Y96.211 E.05197
G1 X87.189 Y96.211 E.00732
G1 X87.189 Y98.129 E.0504
; stop printing object pod_header_usb_coupon.stl id:0 copy 0
;LAYER_CHANGE
;Z:6.16
;HEIGHT:0.16
G92 E0 ; zero the extruded length again
; BEFORE_LAYER_CHANGE 37 @ 6.16mm
G1 E-.7 F2100
;WIPE_START
G1 F2700
G1 X86.911 Y98.189 E-.08552
G1 X86.911 Y97.474 E-.21448
;WIPE_END
; AFTER_LAYER_CHANGE 37 @ 6.16mm
;_SET_FAN_SPEED_CHANGING_LAYER
; printing object pod_header_usb_coupon.stl id:0 copy 0
G1 F9000
G1 X86.4349 Y97.2453 Z6.18857
G1 X86.3174 Y96.7305 Z6.21714
G1 X86.6467 Y96.3177 Z6.24571
G1 X87.1747 Y96.3177 Z6.27429
G1 X87.5039 Y96.7305 Z6.30286
G1 X87.3864 Y97.2453 Z6.33143
G1 X86.9107 Y97.4744 Z6.36
G1 X86.894 Y97.474 Z6.36
G1 X79.377 Y126.377
G1 X79.79 Y126.79
G1 Z6.16
G1 E1 F2100
M204 P1000
;TYPE:Outer wall
;WIDTH:0.42
G1 F1800
G1 X76.21 Y126.79 E.08725
G1 X76.21 Y93.21 E.8184
G1 X79.79 Y93.21 E.08725
G1 X79.79 Y126.73 E.81694
G1 X79.377 Y126.377 F9000
G1 X79.376 Y126.376
G1 X79.389 Y126.389
M204 P1500
;TYPE:Inner wall
;WIDTH:0.45
G1 F2700
G1 X76.611 Y126.389 E.07299
G1 X76.611 Y93.611 E.86102
G1 X79.389 Y93.611 E.07299
G1 X79.389 Y126.329 E.85944
G1 X78.974 Y125.974 F9000
G1 F2700
G1 X77.026 Y125.974 E.05115
G1 X77.026 Y94.026 E.83918
G1 X78.974 Y94.026 E.05115
G1 X78.974 Y125.914 E.8376
G1 X78.558 Y125.558 F9000
G1 F2700
G1 X77.442 Y125.558 E.02932
G1 X77.442 Y94.442 E.81734
G1 X78.558 Y94.442 E.02932
G1 X78.558 Y125.498 E.81577
G1 X78.142 Y125.142 F9000
G1 F2700
G1 X77.858 Y125.142 E.00748
G1 X77.858 Y94.858 E.79551
G1 X78.142 Y94.858 E.00748
G1 X78.142 Y125.082 E.79393
G1 E-.7 F2100
;WIPE_START
G1 F2700
G1 X77.858 Y125.142 E-.08729
G1 X77.858 Y124.433 E-.21271
;WIPE_END
G1 X79.376 Y124.395 Z6.36 F9000
G1 X87.198 Y123.776
G1 X87.59 Y124.19
G1 Z6.16
G1 E1 F2100
M204 P1000
;TYPE:Outer wall
;WIDTH:0.42
G1 F1800
G1 X86.51 Y124.19 E.02632
G1 X86.51 Y121.41 E.06775
G1 X87.59 Y121.41 E.02632
G1 X87.59 Y124.13 E.06629
G1 X87.198 Y123.776 F9000
G1 X87.198 Y123.776
G1 X87.189 Y123.776
G1 X87.189 Y123.789
M204 P1500
;TYPE:Inner wall
;WIDTH:0.45
G1 F2700
G1 X86.911 Y123.789 E.00732
G1 X86.911 Y121.811 E.05197
G1 X87.189 Y121.811 E.00732
G1 X87.189 Y123.729 E.0504
G1 E-.7 F2100
;WIPE_START
G1 F2700
G1 X86.911 Y123.789 E-.08552
G1 X86.911 Y123.074 E-.21448
;WIPE_END
G1 X86.894 Y123.074 Z6.36 F9000
G1 X91.631 Y123.777
G1 X91.68 Y124.19
G1 Z6.16
G1 E1 F2100
M204 P1000
;TYPE:Outer wall
;WIDTH:0.42
G1 F1800
G1 X91.3 Y124.19 E.00926
G1 X91.3 Y121.41 E.06775
G1 X91.68 Y121.41 E.00926
G1 X91.68 Y124.13 E.06629
G1 E-.7 F2100
;WIPE_START
G1 F1800
G1 X91.3 Y124.19 E-.11541
G1 X91.3 Y123.575 E-.18459
;WIPE_END
G1 X91.334 Y123.575 Z6.36 F9000
G1 X91.646 Y123.595
G1 X101.791 Y123.777
G1 X101.84 Y124.19
G1 Z6.16
G1 E1 F2100
G1 F1800
G1 X101.46 Y124.19 E.00926
G1 X101.46 Y121.41 E.06775
G1 X101.84 Y121.41 E.00926
G1 X101.84 Y124.13 E.06629
G1 E-.7 F2100
;WIPE_START
G1 F1800
G1 X101.46 Y124.19 E-.11541
G1 X101.46 Y123.575 E-.18459
;WIPE_END
G1 X101.494 Y123.575 Z6.36 F9000
G1 X101.806 Y123.591
G1 X114.491 Y123.776
G1 X114.54 Y124.19
G1 Z6.16
G1 E1 F2100
G1 F1800
G1 X114.16 Y124.19 E.00926
G1 X114.16 Y121.41 E.06775
G1 X114.54 Y121.41 E.00926
G1 X114.54 Y124.13 E.06629
G1 E-.7 F2100
;WIPE_START
G1 F1800
G1 X114.16 Y124.19 E-.11541
G1 X114.16 Y123.575 E-.18459
;WIPE_END
G1 X114.194 Y123.575 Z6.36 F9000
G1 X114.506 Y123.595
G1 X124.651 Y123.777
G1 X124.7 Y124.19
G1 Z6.16
G1 E1 F2100
G1 F1800
G1 X124.32 Y124.19 E.00926
G1 X124.32 Y121.41 E.06775
G1 X124.7 Y121.41 E.00926
G1 X124.7 Y124.13 E.06629
G1 E-.7 F2100
;WIPE_START
G1 F1800
G1 X124.32 Y124.19 E-.11541
G1 X124.32 Y123.575 E-.18459
;WIPE_END
G1 X124.354 Y123.575 Z6.36 F9000
G1 X124.666 Y123.616
G1 X129.098 Y123.776
G1 X129.49 Y124.19
G1 Z6.16
G1 E1 F2100
G1 F1800
G1 X128.41 Y124.19 E.02632
G1 X128.41 Y121.41 E.06775
G1 X129.49 Y121.41 E.02632
G1 X129.49 Y124.13 E.06629
G1 X129.098 Y123.777 F9000
G1 X129.089 Y123.776
G1 X129.089 Y123.789
M204 P1500
;TYPE:Inner wall
;WIDTH:0.45
G1 F2700
G1 X128.811 Y123.789 E.00732
G1 X128.811 Y121.811 E.05197
G1 X129.089 Y121.811 E.00732
G1 X129.089 Y123.729 E.0504
G1 E-.7 F2100
;WIPE_START
G1 F2700
G1 X128.811 Y123.789 E-.08552
G1 X128.811 Y123.074 E-.21448
;WIPE_END
G1 X128.794 Y123.074 Z6.36 F9000
G1 X128.845 Y121.824
G1 X129.098 Y98.176
G1 X129.49 Y98.59
G1 Z6.16
G1 E1 F2100
M204 P1000
;TYPE:Outer wall
;WIDTH:0.42
G1 F1800
G1 X128.41 Y98.59 E.02632
G1 X128.41 Y95.81 E.06775
G1 X129.49 Y95.81 E.02632
G1 X129.49 Y98.53 E.06629
G1 X129.098 Y98.177 F9000
G1 X129.089 Y98.176
G1 X129.089 Y98.189
M204 P1500
;TYPE:Inner wall
;WIDTH:0.45
G1 F2700
G1 X128.811 Y98.189 E.00732
G1 X128.811 Y96.211 E.05197
G1 X129.089 Y96.211 E.00732
G1 X129.089 Y98.129 E.0504
G1 E-.7 F2100
;WIPE_START
G1 F2700
G1 X128.811 Y98.189 E-.08552
G1 X128.811 Y97.474 E-.21448
;WIPE_END
G1 X128.794 Y97.474 Z6.36 F9000
G1 X124.651 Y98.177
G1 X124.7 Y98.59
G1 Z6.16
G1 E1 F2100
M204 P1000
;TYPE:Outer wall
;WIDTH:0.42
G1 F1800
G1 X124.32 Y98.59 E.00926
G1 X124.32 Y95.81 E.06775
G1 X124.7 Y95.81 E.00926
G1 X124.7 Y98.53 E.06629
G1 E-.7 F2100
;WIPE_START
G1 F1800
G1 X124.32 Y98.59 E-.11541
G1 X124.32 Y97.975 E-.18459
;WIPE_END
G1 X124.354 Y97.975 Z6.36 F9000
G1 X114.491 Y98.176
G1 X114.491 Y98.176
G1 X114.54 Y98.59
G1 Z6.16
G1 E1 F2100
G1 F1800
G1 X114.16 Y98.59 E.00926
G1 X114.16 Y95.81 E.06775
G1 X114.54 Y95.81 E.00926
G1 X114.54 Y98.53 E.06629
G1 E-.7 F2100
;WIPE_START
G1 F1800
G1 X114.16 Y98.59 E-.11541
G1 X114.16 Y97.975 E-.18459
;WIPE_END
G1 X114.194 Y97.975 Z6.36 F9000
G1 X101.791 Y98.176
G1 X101.791 Y98.176
G1 X101.791 Y98.176
G1 X101.84 Y98.59
G1 Z6.16
G1 E1 F2100
G1 F1800
G1 X101.46 Y98.59 E.00926
G1 X101.46 Y95.81 E.06775
G1 X101.84 Y95.81 E.00926
G1 X101.84 Y98.53 E.06629
G1 E-.7 F2100
;WIPE_START
G1 F1800
G1 X101.46 Y98.59 E-.11541
G1 X101.46 Y97.975 E-.18459
;WIPE_END
G1 X101.494 Y97.975 Z6.36 F9000
G1 X91.631 Y98.176
G1 X91.631 Y98.176
G1 X91.631 Y98.176
G1 X91.68 Y98.59
G1 Z6.16
G1 E1 F2100
G1 F1800
G1 X91.3 Y98.59 E.00926
G1 X91.3 Y95.81 E.06775
G1 X91.68 Y95.81 E.00926
G1 X91.68 Y98.53 E.06629
G1 E-.7 F2100
;WIPE_START
G1 F1800
G1 X91.3 Y98.59 E-.11541
G1 X91.3 Y97.975 E-.18459
;WIPE_END
G1 X91.334 Y97.975 Z6.36 F9000
G1 X87.198 Y98.176
G1 X87.198 Y98.176
G1 X87.198 Y98.176
G1 X87.59 Y98.59
G1 Z6.16
G1 E1 F2100
G1 F1800
G1 X86.51 Y98.59 E.02632
G1 X86.51 Y95.81 E.06775
G1 X87.59 Y95.81 E.02632
G1 X87.59 Y98.53 E.06629
G1 X87.198 Y98.176 F9000
G1 X87.198 Y98.176
G1 X87.189 Y98.176
G1 X87.189 Y98.189
M204 P1500
;TYPE:Inner wall
;WIDTH:0.45
G1 F2700
G1 X86.911 Y98.189 E.00732
G1 X86.911 Y96.211 E.05197
G1 X87.189 Y96.211 E.00732
G1 X87.189 Y98.129 E.0504
; stop printing object pod_header_usb_coupon.stl id:0 copy 0
;LAYER_CHANGE
;Z:6.32
;HEIGHT:0.16
G92 E0 ; zero the extruded length again
; BEFORE_LAYER_CHANGE 38 @ 6.32mm
G1 E-.7 F2100
;WIPE_START
G1 F2700
G1 X86.911 Y98.189 E-.08552
G1 X86.911 Y97.474 E-.21448
;WIPE_END
; AFTER_LAYER_CHANGE 38 @ 6.32mm
;_SET_FAN_SPEED_CHANGING_LAYER
; printing object pod_header_usb_coupon.stl id:0 copy 0
G1 F9000
G1 X86.4349 Y97.2453 Z6.34857
G1 X86.3174 Y96.7305 Z6.37714
G1 X86.6467 Y96.3177 Z6.40571
G1 X87.1747 Y96.3177 Z6.43429
G1 X87.5039 Y96.7305 Z6.46286
G1 X87.3864 Y97.2453 Z6.49143
G1 X86.9107 Y97.4744 Z6.52
G1 X86.894 Y97.474 Z6.52
G1 X79.377 Y126.377
G1 X79.79 Y126.79
G1 Z6.32
G1 E1 F2100
M204 P1000
;TYPE:Outer wall
;WIDTH:0.42
G1 F1800
G1 X76.21 Y126.79 E.08725
G1 X76.21 Y93.21 E.8184
G1 X79.79 Y93.21 E.08725
G1 X79.79 Y126.73 E.81694
G1 X79.377 Y126.377 F9000
G1 X79.376 Y126.376
G1 X79.389 Y126.389
M204 P1500
;TYPE:Inner wall
;WIDTH:0.45
G1 F2700
G1 X76.611 Y126.389 E.07299
G1 X76.611 Y93.611 E.86102
G1 X79.389 Y93.611 E.07299
G1 X79.389 Y126.329 E.85944
G1 X78.974 Y125.974 F9000
G1 F2700
G1 X77.026 Y125.974 E.05115
G1 X77.026 Y94.026 E.83918
G1 X78.974 Y94.026 E.05115
G1 X78.974 Y125.914 E.8376
G1 X78.558 Y125.558 F9000
G1 F2700
G1 X77.442 Y125.558 E.02932
G1 X77.442 Y94.442 E.81734
G1 X78.558 Y94.442 E.02932
G1 X78.558 Y125.498 E.81577
G1 X78.142 Y125.142 F9000
G1 F2700
G1 X77.858 Y125.142 E.00748
G1 X77.858 Y94.858 E.79551
G1 X78.142 Y94.858 E.00748
G1 X78.142 Y125.082 E.79393
G1 E-.7 F2100
;WIPE_START
G1 F2700
G1 X77.858 Y125.142 E-.08729
G1 X77.858 Y124.433 E-.21271
;WIPE_END
G1 X79.376 Y124.395 Z6.52 F9000
G1 X87.198 Y123.776
G1 X87.59 Y124.19
G1 Z6.32
G1 E1 F2100
M204 P1000
;TYPE:Outer wall
;WIDTH:0.42
G1 F1800
G1 X86.51 Y124.19 E.02632
G1 X86.51 Y121.41 E.06775
G1 X87.59 Y121.41 E.02632
G1 X87.59 Y124.13 E.06629
G1 X87.198 Y123.776 F9000
G1 X87.198 Y123.776
G1 X87.189 Y123.776
G1 X87.189 Y123.789
M204 P1500
;TYPE:Inner wall
;WIDTH:0.45
G1 F2700
G1 X86.911 Y123.789 E.00732
G1 X86.911 Y121.811 E.05197
G1 X87.189 Y121.811 E.00732
G1 X87.189 Y123.729 E.0504
G1 E-.7 F2100
;WIPE_START
G1 F2700
G1 X86.911 Y123.789 E-.08552
G1 X86.911 Y123.074 E-.21448
;WIPE_END
G1 X86.894 Y123.074 Z6.52 F9000
G1 X91.631 Y123.777
G1 X91.68 Y124.19
G1 Z6.32
G1 E1 F2100
M204 P1000
;TYPE:Outer wall
;WIDTH:0.42
G1 F1800
G1 X91.3 Y124.19 E.00926
G1 X91.3 Y121.41 E.06775
G1 X91.68 Y121.41 E.00926
G1 X91.68 Y124.13 E.06629
G1 E-.7 F2100
;WIPE_START
G1 F1800
G1 X91.3 Y124.19 E-.11541
G1 X91.3 Y123.575 E-.18459
;WIPE_END
G1 X91.334 Y123.575 Z6.52 F9000
G1 X91.646 Y123.595
G1 X101.791 Y123.777
G1 X101.84 Y124.19
G1 Z6.32
G1 E1 F2100
G1 F1800
G1 X101.46 Y124.19 E.00926
G1 X101.46 Y121.41 E.06775
G1 X101.84 Y121.41 E.00926
G1 X101.84 Y124.13 E.06629
G1 E-.7 F2100
;WIPE_START
G1 F1800
G1 X101.46 Y124.19 E-.11541
G1 X101.46 Y123.575 E-.18459
;WIPE_END
G1 X101.494 Y123.575 Z6.52 F9000
G1 X101.806 Y123.591
G1 X114.491 Y123.776
G1 X114.54 Y124.19
G1 Z6.32
G1 E1 F2100
G1 F1800
G1 X114.16 Y124.19 E.00926
G1 X114.16 Y121.41 E.06775
G1 X114.54 Y121.41 E.00926
G1 X114.54 Y124.13 E.06629
G1 E-.7 F2100
;WIPE_START
G1 F1800
G1 X114.16 Y124.19 E-.11541
G1 X114.16 Y123.575 E-.18459
;WIPE_END
G1 X114.194 Y123.575 Z6.52 F9000
G1 X114.506 Y123.595
G1 X124.651 Y123.777
G1 X124.7 Y124.19
G1 Z6.32
G1 E1 F2100
G1 F1800
G1 X124.32 Y124.19 E.00926
G1 X124.32 Y121.41 E.06775
G1 X124.7 Y121.41 E.00926
G1 X124.7 Y124.13 E.06629
G1 E-.7 F2100
;WIPE_START
G1 F1800
G1 X124.32 Y124.19 E-.11541
G1 X124.32 Y123.575 E-.18459
;WIPE_END
G1 X124.354 Y123.575 Z6.52 F9000
G1 X124.666 Y123.616
G1 X129.098 Y123.776
G1 X129.49 Y124.19
G1 Z6.32
G1 E1 F2100
G1 F1800
G1 X128.41 Y124.19 E.02632
G1 X128.41 Y121.41 E.06775
G1 X129.49 Y121.41 E.02632
G1 X129.49 Y124.13 E.06629
G1 X129.098 Y123.777 F9000
G1 X129.089 Y123.776
G1 X129.089 Y123.789
M204 P1500
;TYPE:Inner wall
;WIDTH:0.45
G1 F2700
G1 X128.811 Y123.789 E.00732
G1 X128.811 Y121.811 E.05197
G1 X129.089 Y121.811 E.00732
G1 X129.089 Y123.729 E.0504
G1 E-.7 F2100
;WIPE_START
G1 F2700
G1 X128.811 Y123.789 E-.08552
G1 X128.811 Y123.074 E-.21448
;WIPE_END
G1 X128.794 Y123.074 Z6.52 F9000
G1 X128.845 Y121.824
G1 X129.098 Y98.176
G1 X129.49 Y98.59
G1 Z6.32
G1 E1 F2100
M204 P1000
;TYPE:Outer wall
;WIDTH:0.42
G1 F1800
G1 X128.41 Y98.59 E.02632
G1 X128.41 Y95.81 E.06775
G1 X129.49 Y95.81 E.02632
G1 X129.49 Y98.53 E.06629
G1 X129.098 Y98.177 F9000
G1 X129.089 Y98.176
G1 X129.089 Y98.189
M204 P1500
;TYPE:Inner wall
;WIDTH:0.45
G1 F2700
G1 X128.811 Y98.189 E.00732
G1 X128.811 Y96.211 E.05197
G1 X129.089 Y96.211 E.00732
G1 X129.089 Y98.129 E.0504
G1 E-.7 F2100
;WIPE_START
G1 F2700
G1 X128.811 Y98.189 E-.08552
G1 X128.811 Y97.474 E-.21448
;WIPE_END
G1 X128.794 Y97.474 Z6.52 F9000
G1 X124.651 Y98.177
G1 X124.7 Y98.59
G1 Z6.32
G1 E1 F2100
M204 P1000
;TYPE:Outer wall
;WIDTH:0.42
G1 F1800
G1 X124.32 Y98.59 E.00926
G1 X124.32 Y95.81 E.06775
G1 X124.7 Y95.81 E.00926
G1 X124.7 Y98.53 E.06629
G1 E-.7 F2100
;WIPE_START
G1 F1800
G1 X124.32 Y98.59 E-.11541
G1 X124.32 Y97.975 E-.18459
;WIPE_END
G1 X124.354 Y97.975 Z6.52 F9000
G1 X114.491 Y98.176
G1 X114.491 Y98.176
G1 X114.54 Y98.59
G1 Z6.32
G1 E1 F2100
G1 F1800
G1 X114.16 Y98.59 E.00926
G1 X114.16 Y95.81 E.06775
G1 X114.54 Y95.81 E.00926
G1 X114.54 Y98.53 E.06629
G1 E-.7 F2100
;WIPE_START
G1 F1800
G1 X114.16 Y98.59 E-.11541
G1 X114.16 Y97.975 E-.18459
;WIPE_END
G1 X114.194 Y97.975 Z6.52 F9000
G1 X101.791 Y98.176
G1 X101.791 Y98.176
G1 X101.791 Y98.176
G1 X101.84 Y98.59
G1 Z6.32
G1 E1 F2100
G1 F1800
G1 X101.46 Y98.59 E.00926
G1 X101.46 Y95.81 E.06775
G1 X101.84 Y95.81 E.00926
G1 X101.84 Y98.53 E.06629
G1 E-.7 F2100
;WIPE_START
G1 F1800
G1 X101.46 Y98.59 E-.11541
G1 X101.46 Y97.975 E-.18459
;WIPE_END
G1 X101.494 Y97.975 Z6.52 F9000
G1 X91.631 Y98.176
G1 X91.631 Y98.176
G1 X91.631 Y98.176
G1 X91.68 Y98.59
G1 Z6.32
G1 E1 F2100
G1 F1800
G1 X91.3 Y98.59 E.00926
G1 X91.3 Y95.81 E.06775
G1 X91.68 Y95.81 E.00926
G1 X91.68 Y98.53 E.06629
G1 E-.7 F2100
;WIPE_START
G1 F1800
G1 X91.3 Y98.59 E-.11541
G1 X91.3 Y97.975 E-.18459
;WIPE_END
G1 X91.334 Y97.975 Z6.52 F9000
G1 X87.198 Y98.176
G1 X87.198 Y98.176
G1 X87.198 Y98.176
G1 X87.59 Y98.59
G1 Z6.32
G1 E1 F2100
G1 F1800
G1 X86.51 Y98.59 E.02632
G1 X86.51 Y95.81 E.06775
G1 X87.59 Y95.81 E.02632
G1 X87.59 Y98.53 E.06629
G1 X87.198 Y98.176 F9000
G1 X87.198 Y98.176
G1 X87.189 Y98.176
G1 X87.189 Y98.189
M204 P1500
;TYPE:Inner wall
;WIDTH:0.45
G1 F2700
G1 X86.911 Y98.189 E.00732
G1 X86.911 Y96.211 E.05197
G1 X87.189 Y96.211 E.00732
G1 X87.189 Y98.129 E.0504
; stop printing object pod_header_usb_coupon.stl id:0 copy 0
;LAYER_CHANGE
;Z:6.48
;HEIGHT:0.16
G92 E0 ; zero the extruded length again
; BEFORE_LAYER_CHANGE 39 @ 6.48mm
G1 E-.7 F2100
;WIPE_START
G1 F2700
G1 X86.911 Y98.189 E-.08552
G1 X86.911 Y97.474 E-.21448
;WIPE_END
; AFTER_LAYER_CHANGE 39 @ 6.48mm
;_SET_FAN_SPEED_CHANGING_LAYER
; printing object pod_header_usb_coupon.stl id:0 copy 0
G1 F9000
G1 X86.4349 Y97.2453 Z6.50857
G1 X86.3174 Y96.7305 Z6.53714
G1 X86.6467 Y96.3177 Z6.56571
G1 X87.1747 Y96.3177 Z6.59429
G1 X87.5039 Y96.7305 Z6.62286
G1 X87.3864 Y97.2453 Z6.65143
G1 X86.9107 Y97.4744 Z6.68
G1 X86.894 Y97.474 Z6.68
G1 X79.377 Y126.377
G1 X79.79 Y126.79
G1 Z6.48
G1 E1 F2100
M204 P1000
;TYPE:Outer wall
;WIDTH:0.42
G1 F1800
G1 X76.21 Y126.79 E.08725
G1 X76.21 Y93.21 E.8184
G1 X79.79 Y93.21 E.08725
G1 X79.79 Y126.73 E.81694
G1 X79.377 Y126.377 F9000
G1 X79.376 Y126.376
G1 X79.389 Y126.389
M204 P1500
;TYPE:Inner wall
;WIDTH:0.45
G1 F2700
G1 X76.611 Y126.389 E.07299
G1 X76.611 Y93.611 E.86102
G1 X79.389 Y93.611 E.07299
G1 X79.389 Y126.329 E.85944
G1 X78.974 Y125.974 F9000
G1 F2700
G1 X77.026 Y125.974 E.05115
G1 X77.026 Y94.026 E.83918
G1 X78.974 Y94.026 E.05115
G1 X78.974 Y125.914 E.8376
G1 X78.558 Y125.558 F9000
G1 F2700
G1 X77.442 Y125.558 E.02932
G1 X77.442 Y94.442 E.81734
G1 X78.558 Y94.442 E.02932
G1 X78.558 Y125.498 E.81577
G1 X78.142 Y125.142 F9000
G1 F2700
G1 X77.858 Y125.142 E.00748
G1 X77.858 Y94.858 E.79551
G1 X78.142 Y94.858 E.00748
G1 X78.142 Y125.082 E.79393
G1 E-.7 F2100
;WIPE_START
G1 F2700
G1 X77.858 Y125.142 E-.08729
G1 X77.858 Y124.433 E-.21271
;WIPE_END
G1 X79.376 Y124.395 Z6.68 F9000
G1 X87.198 Y123.776
G1 X87.59 Y124.19
G1 Z6.48
G1 E1 F2100
M204 P1000
;TYPE:Outer wall
;WIDTH:0.42
G1 F1800
G1 X86.51 Y124.19 E.02632
G1 X86.51 Y121.41 E.06775
G1 X87.59 Y121.41 E.02632
G1 X87.59 Y124.13 E.06629
G1 X87.198 Y123.776 F9000
G1 X87.198 Y123.776
G1 X87.189 Y123.776
G1 X87.189 Y123.789
M204 P1500
;TYPE:Inner wall
;WIDTH:0.45
G1 F2700
G1 X86.911 Y123.789 E.00732
G1 X86.911 Y121.811 E.05197
G1 X87.189 Y121.811 E.00732
G1 X87.189 Y123.729 E.0504
G1 E-.7 F2100
;WIPE_START
G1 F2700
G1 X86.911 Y123.789 E-.08552
G1 X86.911 Y123.074 E-.21448
;WIPE_END
G1 X86.894 Y123.074 Z6.68 F9000
G1 X91.631 Y123.777
G1 X91.68 Y124.19
G1 Z6.48
G1 E1 F2100
M204 P1000
;TYPE:Outer wall
;WIDTH:0.42
G1 F1800
G1 X91.3 Y124.19 E.00926
G1 X91.3 Y121.41 E.06775
G1 X91.68 Y121.41 E.00926
G1 X91.68 Y124.13 E.06629
G1 E-.7 F2100
;WIPE_START
G1 F1800
G1 X91.3 Y124.19 E-.11541
G1 X91.3 Y123.575 E-.18459
;WIPE_END
G1 X91.334 Y123.575 Z6.68 F9000
G1 X91.646 Y123.595
G1 X101.791 Y123.777
G1 X101.84 Y124.19
G1 Z6.48
G1 E1 F2100
G1 F1800
G1 X101.46 Y124.19 E.00926
G1 X101.46 Y121.41 E.06775
G1 X101.84 Y121.41 E.00926
G1 X101.84 Y124.13 E.06629
G1 E-.7 F2100
;WIPE_START
G1 F1800
G1 X101.46 Y124.19 E-.11541
G1 X101.46 Y123.575 E-.18459
;WIPE_END
G1 X101.494 Y123.575 Z6.68 F9000
G1 X101.806 Y123.591
G1 X114.491 Y123.776
G1 X114.54 Y124.19
G1 Z6.48
G1 E1 F2100
G1 F1800
G1 X114.16 Y124.19 E.00926
G1 X114.16 Y121.41 E.06775
G1 X114.54 Y121.41 E.00926
G1 X114.54 Y124.13 E.06629
G1 E-.7 F2100
;WIPE_START
G1 F1800
G1 X114.16 Y124.19 E-.11541
G1 X114.16 Y123.575 E-.18459
;WIPE_END
G1 X114.194 Y123.575 Z6.68 F9000
G1 X114.506 Y123.595
G1 X124.651 Y123.777
G1 X124.7 Y124.19
G1 Z6.48
G1 E1 F2100
G1 F1800
G1 X124.32 Y124.19 E.00926
G1 X124.32 Y121.41 E.06775
G1 X124.7 Y121.41 E.00926
G1 X124.7 Y124.13 E.06629
G1 E-.7 F2100
;WIPE_START
G1 F1800
G1 X124.32 Y124.19 E-.11541
G1 X124.32 Y123.575 E-.18459
;WIPE_END
G1 X124.354 Y123.575 Z6.68 F9000
G1 X124.666 Y123.616
G1 X129.098 Y123.776
G1 X129.49 Y124.19
G1 Z6.48
G1 E1 F2100
G1 F1800
G1 X128.41 Y124.19 E.02632
G1 X128.41 Y121.41 E.06775
G1 X129.49 Y121.41 E.02632
G1 X129.49 Y124.13 E.06629
G1 X129.098 Y123.777 F9000
G1 X129.089 Y123.776
G1 X129.089 Y123.789
M204 P1500
;TYPE:Inner wall
;WIDTH:0.45
G1 F2700
G1 X128.811 Y123.789 E.00732
G1 X128.811 Y121.811 E.05197
G1 X129.089 Y121.811 E.00732
G1 X129.089 Y123.729 E.0504
G1 E-.7 F2100
;WIPE_START
G1 F2700
G1 X128.811 Y123.789 E-.08552
G1 X128.811 Y123.074 E-.21448
;WIPE_END
G1 X128.794 Y123.074 Z6.68 F9000
G1 X128.845 Y121.824
G1 X129.098 Y98.176
G1 X129.49 Y98.59
G1 Z6.48
G1 E1 F2100
M204 P1000
;TYPE:Outer wall
;WIDTH:0.42
G1 F1800
G1 X128.41 Y98.59 E.02632
G1 X128.41 Y95.81 E.06775
G1 X129.49 Y95.81 E.02632
G1 X129.49 Y98.53 E.06629
G1 X129.098 Y98.177 F9000
G1 X129.089 Y98.176
G1 X129.089 Y98.189
M204 P1500
;TYPE:Inner wall
;WIDTH:0.45
G1 F2700
G1 X128.811 Y98.189 E.00732
G1 X128.811 Y96.211 E.05197
G1 X129.089 Y96.211 E.00732
G1 X129.089 Y98.129 E.0504
G1 E-.7 F2100
;WIPE_START
G1 F2700
G1 X128.811 Y98.189 E-.08552
G1 X128.811 Y97.474 E-.21448
;WIPE_END
G1 X128.794 Y97.474 Z6.68 F9000
G1 X124.651 Y98.177
G1 X124.7 Y98.59
G1 Z6.48
G1 E1 F2100
M204 P1000
;TYPE:Outer wall
;WIDTH:0.42
G1 F1800
G1 X124.32 Y98.59 E.00926
G1 X124.32 Y95.81 E.06775
G1 X124.7 Y95.81 E.00926
G1 X124.7 Y98.53 E.06629
G1 E-.7 F2100
;WIPE_START
G1 F1800
G1 X124.32 Y98.59 E-.11541
G1 X124.32 Y97.975 E-.18459
;WIPE_END
G1 X124.354 Y97.975 Z6.68 F9000
G1 X114.491 Y98.176
G1 X114.491 Y98.176
G1 X114.54 Y98.59
G1 Z6.48
G1 E1 F2100
G1 F1800
G1 X114.16 Y98.59 E.00926
G1 X114.16 Y95.81 E.06775
G1 X114.54 Y95.81 E.00926
G1 X114.54 Y98.53 E.06629
G1 E-.7 F2100
;WIPE_START
G1 F1800
G1 X114.16 Y98.59 E-.11541
G1 X114.16 Y97.975 E-.18459
;WIPE_END
G1 X114.194 Y97.975 Z6.68 F9000
G1 X101.791 Y98.176
G1 X101.791 Y98.176
G1 X101.791 Y98.176
G1 X101.84 Y98.59
G1 Z6.48
G1 E1 F2100
G1 F1800
G1 X101.46 Y98.59 E.00926
G1 X101.46 Y95.81 E.06775
G1 X101.84 Y95.81 E.00926
G1 X101.84 Y98.53 E.06629
G1 E-.7 F2100
;WIPE_START
G1 F1800
G1 X101.46 Y98.59 E-.11541
G1 X101.46 Y97.975 E-.18459
;WIPE_END
G1 X101.494 Y97.975 Z6.68 F9000
G1 X91.631 Y98.176
G1 X91.631 Y98.176
G1 X91.631 Y98.176
G1 X91.68 Y98.59
G1 Z6.48
G1 E1 F2100
G1 F1800
G1 X91.3 Y98.59 E.00926
G1 X91.3 Y95.81 E.06775
G1 X91.68 Y95.81 E.00926
G1 X91.68 Y98.53 E.06629
G1 E-.7 F2100
;WIPE_START
G1 F1800
G1 X91.3 Y98.59 E-.11541
G1 X91.3 Y97.975 E-.18459
;WIPE_END
G1 X91.334 Y97.975 Z6.68 F9000
G1 X87.198 Y98.176
G1 X87.198 Y98.176
G1 X87.198 Y98.176
G1 X87.59 Y98.59
G1 Z6.48
G1 E1 F2100
G1 F1800
G1 X86.51 Y98.59 E.02632
G1 X86.51 Y95.81 E.06775
G1 X87.59 Y95.81 E.02632
G1 X87.59 Y98.53 E.06629
G1 X87.198 Y98.176 F9000
G1 X87.198 Y98.176
G1 X87.189 Y98.176
G1 X87.189 Y98.189
M204 P1500
;TYPE:Inner wall
;WIDTH:0.45
G1 F2700
G1 X86.911 Y98.189 E.00732
G1 X86.911 Y96.211 E.05197
G1 X87.189 Y96.211 E.00732
G1 X87.189 Y98.129 E.0504
; stop printing object pod_header_usb_coupon.stl id:0 copy 0
;LAYER_CHANGE
;Z:6.64
;HEIGHT:0.16
G92 E0 ; zero the extruded length again
; BEFORE_LAYER_CHANGE 40 @ 6.64mm
G1 E-.7 F2100
;WIPE_START
G1 F2700
G1 X86.911 Y98.189 E-.08552
G1 X86.911 Y97.474 E-.21448
;WIPE_END
; AFTER_LAYER_CHANGE 40 @ 6.64mm
;_SET_FAN_SPEED_CHANGING_LAYER
; printing object pod_header_usb_coupon.stl id:0 copy 0
G1 F9000
G1 X86.4349 Y97.2453 Z6.66857
G1 X86.3174 Y96.7305 Z6.69714
G1 X86.6467 Y96.3177 Z6.72571
G1 X87.1747 Y96.3177 Z6.75429
G1 X87.5039 Y96.7305 Z6.78286
G1 X87.3864 Y97.2453 Z6.81143
G1 X86.9107 Y97.4744 Z6.84
G1 X86.894 Y97.474 Z6.84
G1 X79.377 Y126.377
G1 X79.79 Y126.79
G1 Z6.64
G1 E1 F2100
M204 P1000
;TYPE:Outer wall
;WIDTH:0.42
G1 F1800
G1 X76.21 Y126.79 E.08725
G1 X76.21 Y93.21 E.8184
G1 X79.79 Y93.21 E.08725
G1 X79.79 Y126.73 E.81694
G1 X79.377 Y126.377 F9000
G1 X79.376 Y126.376
G1 X79.389 Y126.389
M204 P1500
;TYPE:Inner wall
;WIDTH:0.45
G1 F2700
G1 X76.611 Y126.389 E.07299
G1 X76.611 Y93.611 E.86102
G1 X79.389 Y93.611 E.07299
G1 X79.389 Y126.329 E.85944
G1 X78.974 Y125.974 F9000
G1 F2700
G1 X77.026 Y125.974 E.05115
G1 X77.026 Y94.026 E.83918
G1 X78.974 Y94.026 E.05115
G1 X78.974 Y125.914 E.8376
G1 X78.558 Y125.558 F9000
G1 F2700
G1 X77.442 Y125.558 E.02932
G1 X77.442 Y94.442 E.81734
G1 X78.558 Y94.442 E.02932
G1 X78.558 Y125.498 E.81577
G1 X78.142 Y125.142 F9000
G1 F2700
G1 X77.858 Y125.142 E.00748
G1 X77.858 Y94.858 E.79551
G1 X78.142 Y94.858 E.00748
G1 X78.142 Y125.082 E.79393
G1 E-.7 F2100
;WIPE_START
G1 F2700
G1 X77.858 Y125.142 E-.08729
G1 X77.858 Y124.433 E-.21271
;WIPE_END
G1 X79.376 Y124.395 Z6.84 F9000
G1 X87.198 Y123.776
G1 X87.59 Y124.19
G1 Z6.64
G1 E1 F2100
M204 P1000
;TYPE:Outer wall
;WIDTH:0.42
G1 F1800
G1 X86.51 Y124.19 E.02632
G1 X86.51 Y121.41 E.06775
G1 X87.59 Y121.41 E.02632
G1 X87.59 Y124.13 E.06629
G1 X87.198 Y123.776 F9000
G1 X87.198 Y123.776
G1 X87.189 Y123.776
G1 X87.189 Y123.789
M204 P1500
;TYPE:Inner wall
;WIDTH:0.45
G1 F2700
G1 X86.911 Y123.789 E.00732
G1 X86.911 Y121.811 E.05197
G1 X87.189 Y121.811 E.00732
G1 X87.189 Y123.729 E.0504
G1 E-.7 F2100
;WIPE_START
G1 F2700
G1 X86.911 Y123.789 E-.08552
G1 X86.911 Y123.074 E-.21448
;WIPE_END
G1 X86.894 Y123.074 Z6.84 F9000
G1 X91.631 Y123.777
G1 X91.68 Y124.19
G1 Z6.64
G1 E1 F2100
M204 P1000
;TYPE:Outer wall
;WIDTH:0.42
G1 F1800
G1 X91.3 Y124.19 E.00926
G1 X91.3 Y121.41 E.06775
G1 X91.68 Y121.41 E.00926
G1 X91.68 Y124.13 E.06629
G1 E-.7 F2100
;WIPE_START
G1 F1800
G1 X91.3 Y124.19 E-.11541
G1 X91.3 Y123.575 E-.18459
;WIPE_END
G1 X91.334 Y123.575 Z6.84 F9000
G1 X91.646 Y123.595
G1 X101.791 Y123.777
G1 X101.84 Y124.19
G1 Z6.64
G1 E1 F2100
G1 F1800
G1 X101.46 Y124.19 E.00926
G1 X101.46 Y121.41 E.06775
G1 X101.84 Y121.41 E.00926
G1 X101.84 Y124.13 E.06629
G1 E-.7 F2100
;WIPE_START
G1 F1800
G1 X101.46 Y124.19 E-.11541
G1 X101.46 Y123.575 E-.18459
;WIPE_END
G1 X101.494 Y123.575 Z6.84 F9000
G1 X101.806 Y123.591
G1 X114.491 Y123.776
G1 X114.54 Y124.19
G1 Z6.64
G1 E1 F2100
G1 F1800
G1 X114.16 Y124.19 E.00926
G1 X114.16 Y121.41 E.06775
G1 X114.54 Y121.41 E.00926
G1 X114.54 Y124.13 E.06629
G1 E-.7 F2100
;WIPE_START
G1 F1800
G1 X114.16 Y124.19 E-.11541
G1 X114.16 Y123.575 E-.18459
;WIPE_END
G1 X114.194 Y123.575 Z6.84 F9000
G1 X114.506 Y123.595
G1 X124.651 Y123.777
G1 X124.7 Y124.19
G1 Z6.64
G1 E1 F2100
G1 F1800
G1 X124.32 Y124.19 E.00926
G1 X124.32 Y121.41 E.06775
G1 X124.7 Y121.41 E.00926
G1 X124.7 Y124.13 E.06629
G1 E-.7 F2100
;WIPE_START
G1 F1800
G1 X124.32 Y124.19 E-.11541
G1 X124.32 Y123.575 E-.18459
;WIPE_END
G1 X124.354 Y123.575 Z6.84 F9000
G1 X124.666 Y123.616
G1 X129.098 Y123.776
G1 X129.49 Y124.19
G1 Z6.64
G1 E1 F2100
G1 F1800
G1 X128.41 Y124.19 E.02632
G1 X128.41 Y121.41 E.06775
G1 X129.49 Y121.41 E.02632
G1 X129.49 Y124.13 E.06629
G1 X129.098 Y123.777 F9000
G1 X129.089 Y123.776
G1 X129.089 Y123.789
M204 P1500
;TYPE:Inner wall
;WIDTH:0.45
G1 F2700
G1 X128.811 Y123.789 E.00732
G1 X128.811 Y121.811 E.05197
G1 X129.089 Y121.811 E.00732
G1 X129.089 Y123.729 E.0504
G1 E-.7 F2100
;WIPE_START
G1 F2700
G1 X128.811 Y123.789 E-.08552
G1 X128.811 Y123.074 E-.21448
;WIPE_END
G1 X128.794 Y123.074 Z6.84 F9000
G1 X128.845 Y121.824
G1 X129.098 Y98.176
G1 X129.49 Y98.59
G1 Z6.64
G1 E1 F2100
M204 P1000
;TYPE:Outer wall
;WIDTH:0.42
G1 F1800
G1 X128.41 Y98.59 E.02632
G1 X128.41 Y95.81 E.06775
G1 X129.49 Y95.81 E.02632
G1 X129.49 Y98.53 E.06629
G1 X129.098 Y98.177 F9000
G1 X129.089 Y98.176
G1 X129.089 Y98.189
M204 P1500
;TYPE:Inner wall
;WIDTH:0.45
G1 F2700
G1 X128.811 Y98.189 E.00732
G1 X128.811 Y96.211 E.05197
G1 X129.089 Y96.211 E.00732
G1 X129.089 Y98.129 E.0504
G1 E-.7 F2100
;WIPE_START
G1 F2700
G1 X128.811 Y98.189 E-.08552
G1 X128.811 Y97.474 E-.21448
;WIPE_END
G1 X128.794 Y97.474 Z6.84 F9000
G1 X124.651 Y98.177
G1 X124.7 Y98.59
G1 Z6.64
G1 E1 F2100
M204 P1000
;TYPE:Outer wall
;WIDTH:0.42
G1 F1800
G1 X124.32 Y98.59 E.00926
G1 X124.32 Y95.81 E.06775
G1 X124.7 Y95.81 E.00926
G1 X124.7 Y98.53 E.06629
G1 E-.7 F2100
;WIPE_START
G1 F1800
G1 X124.32 Y98.59 E-.11541
G1 X124.32 Y97.975 E-.18459
;WIPE_END
G1 X124.354 Y97.975 Z6.84 F9000
G1 X114.491 Y98.176
G1 X114.491 Y98.176
G1 X114.54 Y98.59
G1 Z6.64
G1 E1 F2100
G1 F1800
G1 X114.16 Y98.59 E.00926
G1 X114.16 Y95.81 E.06775
G1 X114.54 Y95.81 E.00926
G1 X114.54 Y98.53 E.06629
G1 E-.7 F2100
;WIPE_START
G1 F1800
G1 X114.16 Y98.59 E-.11541
G1 X114.16 Y97.975 E-.18459
;WIPE_END
G1 X114.194 Y97.975 Z6.84 F9000
G1 X101.791 Y98.176
G1 X101.791 Y98.176
G1 X101.791 Y98.176
G1 X101.84 Y98.59
G1 Z6.64
G1 E1 F2100
G1 F1800
G1 X101.46 Y98.59 E.00926
G1 X101.46 Y95.81 E.06775
G1 X101.84 Y95.81 E.00926
G1 X101.84 Y98.53 E.06629
G1 E-.7 F2100
;WIPE_START
G1 F1800
G1 X101.46 Y98.59 E-.11541
G1 X101.46 Y97.975 E-.18459
;WIPE_END
G1 X101.494 Y97.975 Z6.84 F9000
G1 X91.631 Y98.176
G1 X91.631 Y98.176
G1 X91.631 Y98.176
G1 X91.68 Y98.59
G1 Z6.64
G1 E1 F2100
G1 F1800
G1 X91.3 Y98.59 E.00926
G1 X91.3 Y95.81 E.06775
G1 X91.68 Y95.81 E.00926
G1 X91.68 Y98.53 E.06629
G1 E-.7 F2100
;WIPE_START
G1 F1800
G1 X91.3 Y98.59 E-.11541
G1 X91.3 Y97.975 E-.18459
;WIPE_END
G1 X91.334 Y97.975 Z6.84 F9000
G1 X87.198 Y98.176
G1 X87.198 Y98.176
G1 X87.198 Y98.176
G1 X87.59 Y98.59
G1 Z6.64
G1 E1 F2100
G1 F1800
G1 X86.51 Y98.59 E.02632
G1 X86.51 Y95.81 E.06775
G1 X87.59 Y95.81 E.02632
G1 X87.59 Y98.53 E.06629
G1 X87.198 Y98.176 F9000
G1 X87.198 Y98.176
G1 X87.189 Y98.176
G1 X87.189 Y98.189
M204 P1500
;TYPE:Inner wall
;WIDTH:0.45
G1 F2700
G1 X86.911 Y98.189 E.00732
G1 X86.911 Y96.211 E.05197
G1 X87.189 Y96.211 E.00732
G1 X87.189 Y98.129 E.0504
; stop printing object pod_header_usb_coupon.stl id:0 copy 0
;LAYER_CHANGE
;Z:6.8
;HEIGHT:0.16
G92 E0 ; zero the extruded length again
; BEFORE_LAYER_CHANGE 41 @ 6.8mm
G1 E-.7 F2100
;WIPE_START
G1 F2700
G1 X86.911 Y98.189 E-.08552
G1 X86.911 Y97.474 E-.21448
;WIPE_END
; AFTER_LAYER_CHANGE 41 @ 6.8mm
;_SET_FAN_SPEED_CHANGING_LAYER
; printing object pod_header_usb_coupon.stl id:0 copy 0
G1 F9000
G1 X86.4349 Y97.2453 Z6.82857
G1 X86.3174 Y96.7305 Z6.85714
G1 X86.6467 Y96.3177 Z6.88571
G1 X87.1747 Y96.3177 Z6.91429
G1 X87.5039 Y96.7305 Z6.94286
G1 X87.3864 Y97.2453 Z6.97143
G1 X86.9107 Y97.4744 Z7
G1 X86.894 Y97.474 Z7
G1 X79.377 Y126.377
G1 X79.79 Y126.79
G1 Z6.8
G1 E1 F2100
M204 P1000
;TYPE:Outer wall
;WIDTH:0.42
G1 F1800
G1 X76.21 Y126.79 E.08725
G1 X76.21 Y93.21 E.8184
G1 X79.79 Y93.21 E.08725
G1 X79.79 Y126.73 E.81694
G1 X79.377 Y126.377 F9000
G1 X79.376 Y126.376
G1 X79.389 Y126.389
M204 P1500
;TYPE:Inner wall
;WIDTH:0.45
G1 F2700
G1 X76.611 Y126.389 E.07299
G1 X76.611 Y93.611 E.86102
G1 X79.389 Y93.611 E.07299
G1 X79.389 Y126.329 E.85944
G1 X78.974 Y125.974 F9000
G1 F2700
G1 X77.026 Y125.974 E.05115
G1 X77.026 Y94.026 E.83918
G1 X78.974 Y94.026 E.05115
G1 X78.974 Y125.914 E.8376
G1 X78.558 Y125.558 F9000
G1 F2700
G1 X77.442 Y125.558 E.02932
G1 X77.442 Y94.442 E.81734
G1 X78.558 Y94.442 E.02932
G1 X78.558 Y125.498 E.81577
G1 X78.142 Y125.142 F9000
G1 F2700
G1 X77.858 Y125.142 E.00748
G1 X77.858 Y94.858 E.79551
G1 X78.142 Y94.858 E.00748
G1 X78.142 Y125.082 E.79393
G1 E-.7 F2100
;WIPE_START
G1 F2700
G1 X77.858 Y125.142 E-.08729
G1 X77.858 Y124.433 E-.21271
;WIPE_END
G1 X79.376 Y124.395 Z7 F9000
G1 X87.198 Y123.776
G1 X87.59 Y124.19
G1 Z6.8
G1 E1 F2100
M204 P1000
;TYPE:Outer wall
;WIDTH:0.42
G1 F1800
G1 X86.51 Y124.19 E.02632
G1 X86.51 Y121.41 E.06775
G1 X87.59 Y121.41 E.02632
G1 X87.59 Y124.13 E.06629
G1 X87.198 Y123.776 F9000
G1 X87.198 Y123.776
G1 X87.189 Y123.776
G1 X87.189 Y123.789
M204 P1500
;TYPE:Inner wall
;WIDTH:0.45
G1 F2700
G1 X86.911 Y123.789 E.00732
G1 X86.911 Y121.811 E.05197
G1 X87.189 Y121.811 E.00732
G1 X87.189 Y123.729 E.0504
G1 E-.7 F2100
;WIPE_START
G1 F2700
G1 X86.911 Y123.789 E-.08552
G1 X86.911 Y123.074 E-.21448
;WIPE_END
G1 X86.894 Y123.074 Z7 F9000
G1 X91.631 Y123.777
G1 X91.68 Y124.19
G1 Z6.8
G1 E1 F2100
M204 P1000
;TYPE:Outer wall
;WIDTH:0.42
G1 F1800
G1 X91.3 Y124.19 E.00926
G1 X91.3 Y121.41 E.06775
G1 X91.68 Y121.41 E.00926
G1 X91.68 Y124.13 E.06629
G1 E-.7 F2100
;WIPE_START
G1 F1800
G1 X91.3 Y124.19 E-.11541
G1 X91.3 Y123.575 E-.18459
;WIPE_END
G1 X91.334 Y123.575 Z7 F9000
G1 X91.646 Y123.595
G1 X101.791 Y123.777
G1 X101.84 Y124.19
G1 Z6.8
G1 E1 F2100
G1 F1800
G1 X101.46 Y124.19 E.00926
G1 X101.46 Y121.41 E.06775
G1 X101.84 Y121.41 E.00926
G1 X101.84 Y124.13 E.06629
G1 E-.7 F2100
;WIPE_START
G1 F1800
G1 X101.46 Y124.19 E-.11541
G1 X101.46 Y123.575 E-.18459
;WIPE_END
G1 X101.494 Y123.575 Z7 F9000
G1 X101.806 Y123.591
G1 X114.491 Y123.776
G1 X114.54 Y124.19
G1 Z6.8
G1 E1 F2100
G1 F1800
G1 X114.16 Y124.19 E.00926
G1 X114.16 Y121.41 E.06775
G1 X114.54 Y121.41 E.00926
G1 X114.54 Y124.13 E.06629
G1 E-.7 F2100
;WIPE_START
G1 F1800
G1 X114.16 Y124.19 E-.11541
G1 X114.16 Y123.575 E-.18459
;WIPE_END
G1 X114.194 Y123.575 Z7 F9000
G1 X114.506 Y123.595
G1 X124.651 Y123.777
G1 X124.7 Y124.19
G1 Z6.8
G1 E1 F2100
G1 F1800
G1 X124.32 Y124.19 E.00926
G1 X124.32 Y121.41 E.06775
G1 X124.7 Y121.41 E.00926
G1 X124.7 Y124.13 E.06629
G1 E-.7 F2100
;WIPE_START
G1 F1800
G1 X124.32 Y124.19 E-.11541
G1 X124.32 Y123.575 E-.18459
;WIPE_END
G1 X124.354 Y123.575 Z7 F9000
G1 X124.666 Y123.616
G1 X129.098 Y123.776
G1 X129.49 Y124.19
G1 Z6.8
G1 E1 F2100
G1 F1800
G1 X128.41 Y124.19 E.02632
G1 X128.41 Y121.41 E.06775
G1 X129.49 Y121.41 E.02632
G1 X129.49 Y124.13 E.06629
G1 X129.098 Y123.777 F9000
G1 X129.089 Y123.776
G1 X129.089 Y123.789
M204 P1500
;TYPE:Inner wall
;WIDTH:0.45
G1 F2700
G1 X128.811 Y123.789 E.00732
G1 X128.811 Y121.811 E.05197
G1 X129.089 Y121.811 E.00732
G1 X129.089 Y123.729 E.0504
G1 E-.7 F2100
;WIPE_START
G1 F2700
G1 X128.811 Y123.789 E-.08552
G1 X128.811 Y123.074 E-.21448
;WIPE_END
G1 X128.794 Y123.074 Z7 F9000
G1 X128.845 Y121.824
G1 X129.098 Y98.176
G1 X129.49 Y98.59
G1 Z6.8
G1 E1 F2100
M204 P1000
;TYPE:Outer wall
;WIDTH:0.42
G1 F1800
G1 X128.41 Y98.59 E.02632
G1 X128.41 Y95.81 E.06775
G1 X129.49 Y95.81 E.02632
G1 X129.49 Y98.53 E.06629
G1 X129.098 Y98.177 F9000
G1 X129.089 Y98.176
G1 X129.089 Y98.189
M204 P1500
;TYPE:Inner wall
;WIDTH:0.45
G1 F2700
G1 X128.811 Y98.189 E.00732
G1 X128.811 Y96.211 E.05197
G1 X129.089 Y96.211 E.00732
G1 X129.089 Y98.129 E.0504
G1 E-.7 F2100
;WIPE_START
G1 F2700
G1 X128.811 Y98.189 E-.08552
G1 X128.811 Y97.474 E-.21448
;WIPE_END
G1 X128.794 Y97.474 Z7 F9000
G1 X124.651 Y98.177
G1 X124.7 Y98.59
G1 Z6.8
G1 E1 F2100
M204 P1000
;TYPE:Outer wall
;WIDTH:0.42
G1 F1800
G1 X124.32 Y98.59 E.00926
G1 X124.32 Y95.81 E.06775
G1 X124.7 Y95.81 E.00926
G1 X124.7 Y98.53 E.06629
G1 E-.7 F2100
;WIPE_START
G1 F1800
G1 X124.32 Y98.59 E-.11541
G1 X124.32 Y97.975 E-.18459
;WIPE_END
G1 X124.354 Y97.975 Z7 F9000
G1 X114.491 Y98.176
G1 X114.491 Y98.176
G1 X114.54 Y98.59
G1 Z6.8
G1 E1 F2100
G1 F1800
G1 X114.16 Y98.59 E.00926
G1 X114.16 Y95.81 E.06775
G1 X114.54 Y95.81 E.00926
G1 X114.54 Y98.53 E.06629
G1 E-.7 F2100
;WIPE_START
G1 F1800
G1 X114.16 Y98.59 E-.11541
G1 X114.16 Y97.975 E-.18459
;WIPE_END
G1 X114.194 Y97.975 Z7 F9000
G1 X101.791 Y98.176
G1 X101.791 Y98.176
G1 X101.791 Y98.176
G1 X101.84 Y98.59
G1 Z6.8
G1 E1 F2100
G1 F1800
G1 X101.46 Y98.59 E.00926
G1 X101.46 Y95.81 E.06775
G1 X101.84 Y95.81 E.00926
G1 X101.84 Y98.53 E.06629
G1 E-.7 F2100
;WIPE_START
G1 F1800
G1 X101.46 Y98.59 E-.11541
G1 X101.46 Y97.975 E-.18459
;WIPE_END
G1 X101.494 Y97.975 Z7 F9000
G1 X91.631 Y98.176
G1 X91.631 Y98.176
G1 X91.631 Y98.176
G1 X91.68 Y98.59
G1 Z6.8
G1 E1 F2100
G1 F1800
G1 X91.3 Y98.59 E.00926
G1 X91.3 Y95.81 E.06775
G1 X91.68 Y95.81 E.00926
G1 X91.68 Y98.53 E.06629
G1 E-.7 F2100
;WIPE_START
G1 F1800
G1 X91.3 Y98.59 E-.11541
G1 X91.3 Y97.975 E-.18459
;WIPE_END
G1 X91.334 Y97.975 Z7 F9000
G1 X87.198 Y98.176
G1 X87.198 Y98.176
G1 X87.198 Y98.176
G1 X87.59 Y98.59
G1 Z6.8
G1 E1 F2100
G1 F1800
G1 X86.51 Y98.59 E.02632
G1 X86.51 Y95.81 E.06775
G1 X87.59 Y95.81 E.02632
G1 X87.59 Y98.53 E.06629
G1 X87.198 Y98.176 F9000
G1 X87.198 Y98.176
G1 X87.189 Y98.176
G1 X87.189 Y98.189
M204 P1500
;TYPE:Inner wall
;WIDTH:0.45
G1 F2700
G1 X86.911 Y98.189 E.00732
G1 X86.911 Y96.211 E.05197
G1 X87.189 Y96.211 E.00732
G1 X87.189 Y98.129 E.0504
; stop printing object pod_header_usb_coupon.stl id:0 copy 0
;LAYER_CHANGE
;Z:6.96
;HEIGHT:0.16
G92 E0 ; zero the extruded length again
; BEFORE_LAYER_CHANGE 42 @ 6.96mm
G1 E-.7 F2100
;WIPE_START
G1 F2700
G1 X86.911 Y98.189 E-.08552
G1 X86.911 Y97.474 E-.21448
;WIPE_END
; AFTER_LAYER_CHANGE 42 @ 6.96mm
;_SET_FAN_SPEED_CHANGING_LAYER
; printing object pod_header_usb_coupon.stl id:0 copy 0
G1 F9000
G1 X86.4349 Y97.2453 Z6.98857
G1 X86.3174 Y96.7305 Z7.01714
G1 X86.6467 Y96.3177 Z7.04571
G1 X87.1747 Y96.3177 Z7.07429
G1 X87.5039 Y96.7305 Z7.10286
G1 X87.3864 Y97.2453 Z7.13143
G1 X86.9107 Y97.4744 Z7.16
G1 X86.894 Y97.474 Z7.16
G1 X79.377 Y126.377
G1 X79.79 Y126.79
G1 Z6.96
G1 E1 F2100
M204 P1000
;TYPE:Outer wall
;WIDTH:0.42
G1 F1800
G1 X76.21 Y126.79 E.08725
G1 X76.21 Y93.21 E.8184
G1 X79.79 Y93.21 E.08725
G1 X79.79 Y126.73 E.81694
G1 X79.377 Y126.377 F9000
G1 X79.376 Y126.376
G1 X79.389 Y126.389
M204 P1500
;TYPE:Inner wall
;WIDTH:0.45
G1 F2700
G1 X76.611 Y126.389 E.07299
G1 X76.611 Y93.611 E.86102
G1 X79.389 Y93.611 E.07299
G1 X79.389 Y126.329 E.85944
G1 X78.974 Y125.974 F9000
G1 F2700
G1 X77.026 Y125.974 E.05115
G1 X77.026 Y94.026 E.83918
G1 X78.974 Y94.026 E.05115
G1 X78.974 Y125.914 E.8376
G1 X78.558 Y125.558 F9000
G1 F2700
G1 X77.442 Y125.558 E.02932
G1 X77.442 Y94.442 E.81734
G1 X78.558 Y94.442 E.02932
G1 X78.558 Y125.498 E.81577
G1 X78.142 Y125.142 F9000
G1 F2700
G1 X77.858 Y125.142 E.00748
G1 X77.858 Y94.858 E.79551
G1 X78.142 Y94.858 E.00748
G1 X78.142 Y125.082 E.79393
G1 E-.7 F2100
;WIPE_START
G1 F2700
G1 X77.858 Y125.142 E-.08729
G1 X77.858 Y124.433 E-.21271
;WIPE_END
G1 X79.376 Y124.395 Z7.16 F9000
G1 X87.198 Y123.776
G1 X87.59 Y124.19
G1 Z6.96
G1 E1 F2100
M204 P1000
;TYPE:Outer wall
;WIDTH:0.42
G1 F1800
G1 X86.51 Y124.19 E.02632
G1 X86.51 Y121.41 E.06775
G1 X87.59 Y121.41 E.02632
G1 X87.59 Y124.13 E.06629
G1 X87.198 Y123.776 F9000
G1 X87.198 Y123.776
G1 X87.189 Y123.776
G1 X87.189 Y123.789
M204 P1500
;TYPE:Inner wall
;WIDTH:0.45
G1 F2700
G1 X86.911 Y123.789 E.00732
G1 X86.911 Y121.811 E.05197
G1 X87.189 Y121.811 E.00732
G1 X87.189 Y123.729 E.0504
G1 E-.7 F2100
;WIPE_START
G1 F2700
G1 X86.911 Y123.789 E-.08552
G1 X86.911 Y123.074 E-.21448
;WIPE_END
G1 X86.894 Y123.074 Z7.16 F9000
G1 X91.631 Y123.777
G1 X91.68 Y124.19
G1 Z6.96
G1 E1 F2100
M204 P1000
;TYPE:Outer wall
;WIDTH:0.42
G1 F1800
G1 X91.3 Y124.19 E.00926
G1 X91.3 Y121.41 E.06775
G1 X91.68 Y121.41 E.00926
G1 X91.68 Y124.13 E.06629
G1 E-.7 F2100
;WIPE_START
G1 F1800
G1 X91.3 Y124.19 E-.11541
G1 X91.3 Y123.575 E-.18459
;WIPE_END
G1 X91.334 Y123.575 Z7.16 F9000
G1 X91.646 Y123.595
G1 X101.791 Y123.777
G1 X101.84 Y124.19
G1 Z6.96
G1 E1 F2100
G1 F1800
G1 X101.46 Y124.19 E.00926
G1 X101.46 Y121.41 E.06775
G1 X101.84 Y121.41 E.00926
G1 X101.84 Y124.13 E.06629
G1 E-.7 F2100
;WIPE_START
G1 F1800
G1 X101.46 Y124.19 E-.11541
G1 X101.46 Y123.575 E-.18459
;WIPE_END
G1 X101.494 Y123.575 Z7.16 F9000
G1 X101.806 Y123.591
G1 X114.491 Y123.776
G1 X114.54 Y124.19
G1 Z6.96
G1 E1 F2100
G1 F1800
G1 X114.16 Y124.19 E.00926
G1 X114.16 Y121.41 E.06775
G1 X114.54 Y121.41 E.00926
G1 X114.54 Y124.13 E.06629
G1 E-.7 F2100
;WIPE_START
G1 F1800
G1 X114.16 Y124.19 E-.11541
G1 X114.16 Y123.575 E-.18459
;WIPE_END
G1 X114.194 Y123.575 Z7.16 F9000
G1 X114.506 Y123.595
G1 X124.651 Y123.777
G1 X124.7 Y124.19
G1 Z6.96
G1 E1 F2100
G1 F1800
G1 X124.32 Y124.19 E.00926
G1 X124.32 Y121.41 E.06775
G1 X124.7 Y121.41 E.00926
G1 X124.7 Y124.13 E.06629
G1 E-.7 F2100
;WIPE_START
G1 F1800
G1 X124.32 Y124.19 E-.11541
G1 X124.32 Y123.575 E-.18459
;WIPE_END
G1 X124.354 Y123.575 Z7.16 F9000
G1 X124.666 Y123.616
G1 X129.098 Y123.776
G1 X129.49 Y124.19
G1 Z6.96
G1 E1 F2100
G1 F1800
G1 X128.41 Y124.19 E.02632
G1 X128.41 Y121.41 E.06775
G1 X129.49 Y121.41 E.02632
G1 X129.49 Y124.13 E.06629
G1 X129.098 Y123.777 F9000
G1 X129.089 Y123.776
G1 X129.089 Y123.789
M204 P1500
;TYPE:Inner wall
;WIDTH:0.45
G1 F2700
G1 X128.811 Y123.789 E.00732
G1 X128.811 Y121.811 E.05197
G1 X129.089 Y121.811 E.00732
G1 X129.089 Y123.729 E.0504
G1 E-.7 F2100
;WIPE_START
G1 F2700
G1 X128.811 Y123.789 E-.08552
G1 X128.811 Y123.074 E-.21448
;WIPE_END
G1 X128.794 Y123.074 Z7.16 F9000
G1 X128.845 Y121.824
G1 X129.098 Y98.176
G1 X129.49 Y98.59
G1 Z6.96
G1 E1 F2100
M204 P1000
;TYPE:Outer wall
;WIDTH:0.42
G1 F1800
G1 X128.41 Y98.59 E.02632
G1 X128.41 Y95.81 E.06775
G1 X129.49 Y95.81 E.02632
G1 X129.49 Y98.53 E.06629
G1 X129.098 Y98.177 F9000
G1 X129.089 Y98.176
G1 X129.089 Y98.189
M204 P1500
;TYPE:Inner wall
;WIDTH:0.45
G1 F2700
G1 X128.811 Y98.189 E.00732
G1 X128.811 Y96.211 E.05197
G1 X129.089 Y96.211 E.00732
G1 X129.089 Y98.129 E.0504
G1 E-.7 F2100
;WIPE_START
G1 F2700
G1 X128.811 Y98.189 E-.08552
G1 X128.811 Y97.474 E-.21448
;WIPE_END
G1 X128.794 Y97.474 Z7.16 F9000
G1 X124.651 Y98.177
G1 X124.7 Y98.59
G1 Z6.96
G1 E1 F2100
M204 P1000
;TYPE:Outer wall
;WIDTH:0.42
G1 F1800
G1 X124.32 Y98.59 E.00926
G1 X124.32 Y95.81 E.06775
G1 X124.7 Y95.81 E.00926
G1 X124.7 Y98.53 E.06629
G1 E-.7 F2100
;WIPE_START
G1 F1800
G1 X124.32 Y98.59 E-.11541
G1 X124.32 Y97.975 E-.18459
;WIPE_END
G1 X124.354 Y97.975 Z7.16 F9000
G1 X114.491 Y98.176
G1 X114.491 Y98.176
G1 X114.54 Y98.59
G1 Z6.96
G1 E1 F2100
G1 F1800
G1 X114.16 Y98.59 E.00926
G1 X114.16 Y95.81 E.06775
G1 X114.54 Y95.81 E.00926
G1 X114.54 Y98.53 E.06629
G1 E-.7 F2100
;WIPE_START
G1 F1800
G1 X114.16 Y98.59 E-.11541
G1 X114.16 Y97.975 E-.18459
;WIPE_END
G1 X114.194 Y97.975 Z7.16 F9000
G1 X101.791 Y98.176
G1 X101.791 Y98.176
G1 X101.791 Y98.176
G1 X101.84 Y98.59
G1 Z6.96
G1 E1 F2100
G1 F1800
G1 X101.46 Y98.59 E.00926
G1 X101.46 Y95.81 E.06775
G1 X101.84 Y95.81 E.00926
G1 X101.84 Y98.53 E.06629
G1 E-.7 F2100
;WIPE_START
G1 F1800
G1 X101.46 Y98.59 E-.11541
G1 X101.46 Y97.975 E-.18459
;WIPE_END
G1 X101.494 Y97.975 Z7.16 F9000
G1 X91.631 Y98.176
G1 X91.631 Y98.176
G1 X91.631 Y98.176
G1 X91.68 Y98.59
G1 Z6.96
G1 E1 F2100
G1 F1800
G1 X91.3 Y98.59 E.00926
G1 X91.3 Y95.81 E.06775
G1 X91.68 Y95.81 E.00926
G1 X91.68 Y98.53 E.06629
G1 E-.7 F2100
;WIPE_START
G1 F1800
G1 X91.3 Y98.59 E-.11541
G1 X91.3 Y97.975 E-.18459
;WIPE_END
G1 X91.334 Y97.975 Z7.16 F9000
G1 X87.198 Y98.176
G1 X87.198 Y98.176
G1 X87.198 Y98.176
G1 X87.59 Y98.59
G1 Z6.96
G1 E1 F2100
G1 F1800
G1 X86.51 Y98.59 E.02632
G1 X86.51 Y95.81 E.06775
G1 X87.59 Y95.81 E.02632
G1 X87.59 Y98.53 E.06629
G1 X87.198 Y98.176 F9000
G1 X87.198 Y98.176
G1 X87.189 Y98.176
G1 X87.189 Y98.189
M204 P1500
;TYPE:Inner wall
;WIDTH:0.45
G1 F2700
G1 X86.911 Y98.189 E.00732
G1 X86.911 Y96.211 E.05197
G1 X87.189 Y96.211 E.00732
G1 X87.189 Y98.129 E.0504
; stop printing object pod_header_usb_coupon.stl id:0 copy 0
;LAYER_CHANGE
;Z:7.12
;HEIGHT:0.16
G92 E0 ; zero the extruded length again
; BEFORE_LAYER_CHANGE 43 @ 7.12mm
G1 E-.7 F2100
;WIPE_START
G1 F2700
G1 X86.911 Y98.189 E-.08552
G1 X86.911 Y97.474 E-.21448
;WIPE_END
; AFTER_LAYER_CHANGE 43 @ 7.12mm
;_SET_FAN_SPEED_CHANGING_LAYER
; printing object pod_header_usb_coupon.stl id:0 copy 0
G1 F9000
G1 X86.4349 Y97.2453 Z7.14857
G1 X86.3174 Y96.7305 Z7.17714
G1 X86.6467 Y96.3177 Z7.20571
G1 X87.1747 Y96.3177 Z7.23429
G1 X87.5039 Y96.7305 Z7.26286
G1 X87.3864 Y97.2453 Z7.29143
G1 X86.9107 Y97.4744 Z7.32
G1 X86.894 Y97.474 Z7.32
G1 X79.377 Y126.377
G1 X79.79 Y126.79
G1 Z7.12
G1 E1 F2100
M204 P1000
;TYPE:Outer wall
;WIDTH:0.42
G1 F1800
G1 X76.21 Y126.79 E.08725
G1 X76.21 Y93.21 E.8184
G1 X79.79 Y93.21 E.08725
G1 X79.79 Y126.73 E.81694
G1 X79.377 Y126.377 F9000
G1 X79.376 Y126.376
G1 X79.389 Y126.389
M204 P1500
;TYPE:Inner wall
;WIDTH:0.45
G1 F2700
G1 X76.611 Y126.389 E.07299
G1 X76.611 Y93.611 E.86102
G1 X79.389 Y93.611 E.07299
G1 X79.389 Y126.329 E.85944
G1 X78.974 Y125.974 F9000
G1 F2700
G1 X77.026 Y125.974 E.05115
G1 X77.026 Y94.026 E.83918
G1 X78.974 Y94.026 E.05115
G1 X78.974 Y125.914 E.8376
G1 X78.558 Y125.558 F9000
G1 F2700
G1 X77.442 Y125.558 E.02932
G1 X77.442 Y94.442 E.81734
G1 X78.558 Y94.442 E.02932
G1 X78.558 Y125.498 E.81577
G1 X78.142 Y125.142 F9000
G1 F2700
G1 X77.858 Y125.142 E.00748
G1 X77.858 Y94.858 E.79551
G1 X78.142 Y94.858 E.00748
G1 X78.142 Y125.082 E.79393
G1 E-.7 F2100
;WIPE_START
G1 F2700
G1 X77.858 Y125.142 E-.08729
G1 X77.858 Y124.433 E-.21271
;WIPE_END
G1 X79.376 Y124.395 Z7.32 F9000
G1 X87.198 Y123.776
G1 X87.59 Y124.19
G1 Z7.12
G1 E1 F2100
M204 P1000
;TYPE:Outer wall
;WIDTH:0.42
G1 F1800
G1 X86.51 Y124.19 E.02632
G1 X86.51 Y121.41 E.06775
G1 X87.59 Y121.41 E.02632
G1 X87.59 Y124.13 E.06629
G1 X87.198 Y123.776 F9000
G1 X87.198 Y123.776
G1 X87.189 Y123.776
G1 X87.189 Y123.789
M204 P1500
;TYPE:Inner wall
;WIDTH:0.45
G1 F2700
G1 X86.911 Y123.789 E.00732
G1 X86.911 Y121.811 E.05197
G1 X87.189 Y121.811 E.00732
G1 X87.189 Y123.729 E.0504
G1 E-.7 F2100
;WIPE_START
G1 F2700
G1 X86.911 Y123.789 E-.08552
G1 X86.911 Y123.074 E-.21448
;WIPE_END
G1 X86.894 Y123.074 Z7.32 F9000
G1 X91.631 Y123.777
G1 X91.68 Y124.19
G1 Z7.12
G1 E1 F2100
M204 P1000
;TYPE:Outer wall
;WIDTH:0.42
G1 F1800
G1 X91.3 Y124.19 E.00926
G1 X91.3 Y121.41 E.06775
G1 X91.68 Y121.41 E.00926
G1 X91.68 Y124.13 E.06629
G1 E-.7 F2100
;WIPE_START
G1 F1800
G1 X91.3 Y124.19 E-.11541
G1 X91.3 Y123.575 E-.18459
;WIPE_END
G1 X91.334 Y123.575 Z7.32 F9000
G1 X91.646 Y123.595
G1 X101.791 Y123.777
G1 X101.84 Y124.19
G1 Z7.12
G1 E1 F2100
G1 F1800
G1 X101.46 Y124.19 E.00926
G1 X101.46 Y121.41 E.06775
G1 X101.84 Y121.41 E.00926
G1 X101.84 Y124.13 E.06629
G1 E-.7 F2100
;WIPE_START
G1 F1800
G1 X101.46 Y124.19 E-.11541
G1 X101.46 Y123.575 E-.18459
;WIPE_END
G1 X101.494 Y123.575 Z7.32 F9000
G1 X101.806 Y123.591
G1 X114.491 Y123.776
G1 X114.54 Y124.19
G1 Z7.12
G1 E1 F2100
G1 F1800
G1 X114.16 Y124.19 E.00926
G1 X114.16 Y121.41 E.06775
G1 X114.54 Y121.41 E.00926
G1 X114.54 Y124.13 E.06629
G1 E-.7 F2100
;WIPE_START
G1 F1800
G1 X114.16 Y124.19 E-.11541
G1 X114.16 Y123.575 E-.18459
;WIPE_END
G1 X114.194 Y123.575 Z7.32 F9000
G1 X114.506 Y123.595
G1 X124.651 Y123.777
G1 X124.7 Y124.19
G1 Z7.12
G1 E1 F2100
G1 F1800
G1 X124.32 Y124.19 E.00926
G1 X124.32 Y121.41 E.06775
G1 X124.7 Y121.41 E.00926
G1 X124.7 Y124.13 E.06629
G1 E-.7 F2100
;WIPE_START
G1 F1800
G1 X124.32 Y124.19 E-.11541
G1 X124.32 Y123.575 E-.18459
;WIPE_END
G1 X124.354 Y123.575 Z7.32 F9000
G1 X124.666 Y123.616
G1 X129.098 Y123.776
G1 X129.49 Y124.19
G1 Z7.12
G1 E1 F2100
G1 F1800
G1 X128.41 Y124.19 E.02632
G1 X128.41 Y121.41 E.06775
G1 X129.49 Y121.41 E.02632
G1 X129.49 Y124.13 E.06629
G1 X129.098 Y123.777 F9000
G1 X129.089 Y123.776
G1 X129.089 Y123.789
M204 P1500
;TYPE:Inner wall
;WIDTH:0.45
G1 F2700
G1 X128.811 Y123.789 E.00732
G1 X128.811 Y121.811 E.05197
G1 X129.089 Y121.811 E.00732
G1 X129.089 Y123.729 E.0504
G1 E-.7 F2100
;WIPE_START
G1 F2700
G1 X128.811 Y123.789 E-.08552
G1 X128.811 Y123.074 E-.21448
;WIPE_END
G1 X128.794 Y123.074 Z7.32 F9000
G1 X128.845 Y121.824
G1 X129.098 Y98.176
G1 X129.49 Y98.59
G1 Z7.12
G1 E1 F2100
M204 P1000
;TYPE:Outer wall
;WIDTH:0.42
G1 F1800
G1 X128.41 Y98.59 E.02632
G1 X128.41 Y95.81 E.06775
G1 X129.49 Y95.81 E.02632
G1 X129.49 Y98.53 E.06629
G1 X129.098 Y98.177 F9000
G1 X129.089 Y98.176
G1 X129.089 Y98.189
M204 P1500
;TYPE:Inner wall
;WIDTH:0.45
G1 F2700
G1 X128.811 Y98.189 E.00732
G1 X128.811 Y96.211 E.05197
G1 X129.089 Y96.211 E.00732
G1 X129.089 Y98.129 E.0504
G1 E-.7 F2100
;WIPE_START
G1 F2700
G1 X128.811 Y98.189 E-.08552
G1 X128.811 Y97.474 E-.21448
;WIPE_END
G1 X128.794 Y97.474 Z7.32 F9000
G1 X124.651 Y98.177
G1 X124.7 Y98.59
G1 Z7.12
G1 E1 F2100
M204 P1000
;TYPE:Outer wall
;WIDTH:0.42
G1 F1800
G1 X124.32 Y98.59 E.00926
G1 X124.32 Y95.81 E.06775
G1 X124.7 Y95.81 E.00926
G1 X124.7 Y98.53 E.06629
G1 E-.7 F2100
;WIPE_START
G1 F1800
G1 X124.32 Y98.59 E-.11541
G1 X124.32 Y97.975 E-.18459
;WIPE_END
G1 X124.354 Y97.975 Z7.32 F9000
G1 X114.491 Y98.176
G1 X114.491 Y98.176
G1 X114.54 Y98.59
G1 Z7.12
G1 E1 F2100
G1 F1800
G1 X114.16 Y98.59 E.00926
G1 X114.16 Y95.81 E.06775
G1 X114.54 Y95.81 E.00926
G1 X114.54 Y98.53 E.06629
G1 E-.7 F2100
;WIPE_START
G1 F1800
G1 X114.16 Y98.59 E-.11541
G1 X114.16 Y97.975 E-.18459
;WIPE_END
G1 X114.194 Y97.975 Z7.32 F9000
G1 X101.791 Y98.176
G1 X101.791 Y98.176
G1 X101.791 Y98.176
G1 X101.84 Y98.59
G1 Z7.12
G1 E1 F2100
G1 F1800
G1 X101.46 Y98.59 E.00926
G1 X101.46 Y95.81 E.06775
G1 X101.84 Y95.81 E.00926
G1 X101.84 Y98.53 E.06629
G1 E-.7 F2100
;WIPE_START
G1 F1800
G1 X101.46 Y98.59 E-.11541
G1 X101.46 Y97.975 E-.18459
;WIPE_END
G1 X101.494 Y97.975 Z7.32 F9000
G1 X91.631 Y98.176
G1 X91.631 Y98.176
G1 X91.631 Y98.176
G1 X91.68 Y98.59
G1 Z7.12
G1 E1 F2100
G1 F1800
G1 X91.3 Y98.59 E.00926
G1 X91.3 Y95.81 E.06775
G1 X91.68 Y95.81 E.00926
G1 X91.68 Y98.53 E.06629
G1 E-.7 F2100
;WIPE_START
G1 F1800
G1 X91.3 Y98.59 E-.11541
G1 X91.3 Y97.975 E-.18459
;WIPE_END
G1 X91.334 Y97.975 Z7.32 F9000
G1 X87.198 Y98.176
G1 X87.198 Y98.176
G1 X87.198 Y98.176
G1 X87.59 Y98.59
G1 Z7.12
G1 E1 F2100
G1 F1800
G1 X86.51 Y98.59 E.02632
G1 X86.51 Y95.81 E.06775
G1 X87.59 Y95.81 E.02632
G1 X87.59 Y98.53 E.06629
G1 X87.198 Y98.176 F9000
G1 X87.198 Y98.176
G1 X87.189 Y98.176
G1 X87.189 Y98.189
M204 P1500
;TYPE:Inner wall
;WIDTH:0.45
G1 F2700
G1 X86.911 Y98.189 E.00732
G1 X86.911 Y96.211 E.05197
G1 X87.189 Y96.211 E.00732
G1 X87.189 Y98.129 E.0504
; stop printing object pod_header_usb_coupon.stl id:0 copy 0
;LAYER_CHANGE
;Z:7.28
;HEIGHT:0.16
G92 E0 ; zero the extruded length again
; BEFORE_LAYER_CHANGE 44 @ 7.28mm
G1 E-.7 F2100
;WIPE_START
G1 F2700
G1 X86.911 Y98.189 E-.08552
G1 X86.911 Y97.474 E-.21448
;WIPE_END
; AFTER_LAYER_CHANGE 44 @ 7.28mm
;_SET_FAN_SPEED_CHANGING_LAYER
; printing object pod_header_usb_coupon.stl id:0 copy 0
G1 F9000
G1 X86.4349 Y97.2453 Z7.30857
G1 X86.3174 Y96.7305 Z7.33714
G1 X86.6467 Y96.3177 Z7.36571
G1 X87.1747 Y96.3177 Z7.39429
G1 X87.5039 Y96.7305 Z7.42286
G1 X87.3864 Y97.2453 Z7.45143
G1 X86.9107 Y97.4744 Z7.48
G1 X86.894 Y97.474 Z7.48
G1 X79.377 Y126.377
G1 X79.79 Y126.79
G1 Z7.28
G1 E1 F2100
M204 P1000
;TYPE:Outer wall
;WIDTH:0.42
G1 F1800
G1 X76.21 Y126.79 E.08725
G1 X76.21 Y93.21 E.8184
G1 X79.79 Y93.21 E.08725
G1 X79.79 Y126.73 E.81694
G1 X79.377 Y126.377 F9000
G1 X79.376 Y126.376
G1 X79.389 Y126.389
M204 P1500
;TYPE:Inner wall
;WIDTH:0.45
G1 F2700
G1 X76.611 Y126.389 E.07299
G1 X76.611 Y93.611 E.86102
G1 X79.389 Y93.611 E.07299
G1 X79.389 Y126.329 E.85944
G1 X78.974 Y125.974 F9000
G1 F2700
G1 X77.026 Y125.974 E.05115
G1 X77.026 Y94.026 E.83918
G1 X78.974 Y94.026 E.05115
G1 X78.974 Y125.914 E.8376
G1 X78.558 Y125.558 F9000
G1 F2700
G1 X77.442 Y125.558 E.02932
G1 X77.442 Y94.442 E.81734
G1 X78.558 Y94.442 E.02932
G1 X78.558 Y125.498 E.81577
G1 X78.142 Y125.142 F9000
G1 F2700
G1 X77.858 Y125.142 E.00748
G1 X77.858 Y94.858 E.79551
G1 X78.142 Y94.858 E.00748
G1 X78.142 Y125.082 E.79393
G1 E-.7 F2100
;WIPE_START
G1 F2700
G1 X77.858 Y125.142 E-.08729
G1 X77.858 Y124.433 E-.21271
;WIPE_END
G1 X79.376 Y124.395 Z7.48 F9000
G1 X87.198 Y123.776
G1 X87.59 Y124.19
G1 Z7.28
G1 E1 F2100
M204 P1000
;TYPE:Outer wall
;WIDTH:0.42
G1 F1800
G1 X86.51 Y124.19 E.02632
G1 X86.51 Y121.41 E.06775
G1 X87.59 Y121.41 E.02632
G1 X87.59 Y124.13 E.06629
G1 X87.198 Y123.776 F9000
G1 X87.198 Y123.776
G1 X87.189 Y123.776
G1 X87.189 Y123.789
M204 P1500
;TYPE:Inner wall
;WIDTH:0.45
G1 F2700
G1 X86.911 Y123.789 E.00732
G1 X86.911 Y121.811 E.05197
G1 X87.189 Y121.811 E.00732
G1 X87.189 Y123.729 E.0504
G1 E-.7 F2100
;WIPE_START
G1 F2700
G1 X86.911 Y123.789 E-.08552
G1 X86.911 Y123.074 E-.21448
;WIPE_END
G1 X86.894 Y123.074 Z7.48 F9000
G1 X91.631 Y123.777
G1 X91.68 Y124.19
G1 Z7.28
G1 E1 F2100
M204 P1000
;TYPE:Outer wall
;WIDTH:0.42
G1 F1800
G1 X91.3 Y124.19 E.00926
G1 X91.3 Y121.41 E.06775
G1 X91.68 Y121.41 E.00926
G1 X91.68 Y124.13 E.06629
G1 E-.7 F2100
;WIPE_START
G1 F1800
G1 X91.3 Y124.19 E-.11541
G1 X91.3 Y123.575 E-.18459
;WIPE_END
G1 X91.334 Y123.575 Z7.48 F9000
G1 X91.646 Y123.595
G1 X101.791 Y123.777
G1 X101.84 Y124.19
G1 Z7.28
G1 E1 F2100
G1 F1800
G1 X101.46 Y124.19 E.00926
G1 X101.46 Y121.41 E.06775
G1 X101.84 Y121.41 E.00926
G1 X101.84 Y124.13 E.06629
G1 E-.7 F2100
;WIPE_START
G1 F1800
G1 X101.46 Y124.19 E-.11541
G1 X101.46 Y123.575 E-.18459
;WIPE_END
G1 X101.494 Y123.575 Z7.48 F9000
G1 X101.806 Y123.591
G1 X114.491 Y123.776
G1 X114.54 Y124.19
G1 Z7.28
G1 E1 F2100
G1 F1800
G1 X114.16 Y124.19 E.00926
G1 X114.16 Y121.41 E.06775
G1 X114.54 Y121.41 E.00926
G1 X114.54 Y124.13 E.06629
G1 E-.7 F2100
;WIPE_START
G1 F1800
G1 X114.16 Y124.19 E-.11541
G1 X114.16 Y123.575 E-.18459
;WIPE_END
G1 X114.194 Y123.575 Z7.48 F9000
G1 X114.506 Y123.595
G1 X124.651 Y123.777
G1 X124.7 Y124.19
G1 Z7.28
G1 E1 F2100
G1 F1800
G1 X124.32 Y124.19 E.00926
G1 X124.32 Y121.41 E.06775
G1 X124.7 Y121.41 E.00926
G1 X124.7 Y124.13 E.06629
G1 E-.7 F2100
;WIPE_START
G1 F1800
G1 X124.32 Y124.19 E-.11541
G1 X124.32 Y123.575 E-.18459
;WIPE_END
G1 X124.354 Y123.575 Z7.48 F9000
G1 X124.666 Y123.616
G1 X129.098 Y123.776
G1 X129.49 Y124.19
G1 Z7.28
G1 E1 F2100
G1 F1800
G1 X128.41 Y124.19 E.02632
G1 X128.41 Y121.41 E.06775
G1 X129.49 Y121.41 E.02632
G1 X129.49 Y124.13 E.06629
G1 X129.098 Y123.777 F9000
G1 X129.089 Y123.776
G1 X129.089 Y123.789
M204 P1500
;TYPE:Inner wall
;WIDTH:0.45
G1 F2700
G1 X128.811 Y123.789 E.00732
G1 X128.811 Y121.811 E.05197
G1 X129.089 Y121.811 E.00732
G1 X129.089 Y123.729 E.0504
G1 E-.7 F2100
;WIPE_START
G1 F2700
G1 X128.811 Y123.789 E-.08552
G1 X128.811 Y123.074 E-.21448
;WIPE_END
G1 X128.794 Y123.074 Z7.48 F9000
G1 X128.845 Y121.824
G1 X129.098 Y98.176
G1 X129.49 Y98.59
G1 Z7.28
G1 E1 F2100
M204 P1000
;TYPE:Outer wall
;WIDTH:0.42
G1 F1800
G1 X128.41 Y98.59 E.02632
G1 X128.41 Y95.81 E.06775
G1 X129.49 Y95.81 E.02632
G1 X129.49 Y98.53 E.06629
G1 X129.098 Y98.177 F9000
G1 X129.089 Y98.176
G1 X129.089 Y98.189
M204 P1500
;TYPE:Inner wall
;WIDTH:0.45
G1 F2700
G1 X128.811 Y98.189 E.00732
G1 X128.811 Y96.211 E.05197
G1 X129.089 Y96.211 E.00732
G1 X129.089 Y98.129 E.0504
G1 E-.7 F2100
;WIPE_START
G1 F2700
G1 X128.811 Y98.189 E-.08552
G1 X128.811 Y97.474 E-.21448
;WIPE_END
G1 X128.794 Y97.474 Z7.48 F9000
G1 X124.651 Y98.177
G1 X124.7 Y98.59
G1 Z7.28
G1 E1 F2100
M204 P1000
;TYPE:Outer wall
;WIDTH:0.42
G1 F1800
G1 X124.32 Y98.59 E.00926
G1 X124.32 Y95.81 E.06775
G1 X124.7 Y95.81 E.00926
G1 X124.7 Y98.53 E.06629
G1 E-.7 F2100
;WIPE_START
G1 F1800
G1 X124.32 Y98.59 E-.11541
G1 X124.32 Y97.975 E-.18459
;WIPE_END
G1 X124.354 Y97.975 Z7.48 F9000
G1 X114.491 Y98.176
G1 X114.491 Y98.176
G1 X114.54 Y98.59
G1 Z7.28
G1 E1 F2100
G1 F1800
G1 X114.16 Y98.59 E.00926
G1 X114.16 Y95.81 E.06775
G1 X114.54 Y95.81 E.00926
G1 X114.54 Y98.53 E.06629
G1 E-.7 F2100
;WIPE_START
G1 F1800
G1 X114.16 Y98.59 E-.11541
G1 X114.16 Y97.975 E-.18459
;WIPE_END
G1 X114.194 Y97.975 Z7.48 F9000
G1 X101.791 Y98.176
G1 X101.791 Y98.176
G1 X101.791 Y98.176
G1 X101.84 Y98.59
G1 Z7.28
G1 E1 F2100
G1 F1800
G1 X101.46 Y98.59 E.00926
G1 X101.46 Y95.81 E.06775
G1 X101.84 Y95.81 E.00926
G1 X101.84 Y98.53 E.06629
G1 E-.7 F2100
;WIPE_START
G1 F1800
G1 X101.46 Y98.59 E-.11541
G1 X101.46 Y97.975 E-.18459
;WIPE_END
G1 X101.494 Y97.975 Z7.48 F9000
G1 X91.631 Y98.176
G1 X91.631 Y98.176
G1 X91.631 Y98.176
G1 X91.68 Y98.59
G1 Z7.28
G1 E1 F2100
G1 F1800
G1 X91.3 Y98.59 E.00926
G1 X91.3 Y95.81 E.06775
G1 X91.68 Y95.81 E.00926
G1 X91.68 Y98.53 E.06629
G1 E-.7 F2100
;WIPE_START
G1 F1800
G1 X91.3 Y98.59 E-.11541
G1 X91.3 Y97.975 E-.18459
;WIPE_END
G1 X91.334 Y97.975 Z7.48 F9000
G1 X87.198 Y98.176
G1 X87.198 Y98.176
G1 X87.198 Y98.176
G1 X87.59 Y98.59
G1 Z7.28
G1 E1 F2100
G1 F1800
G1 X86.51 Y98.59 E.02632
G1 X86.51 Y95.81 E.06775
G1 X87.59 Y95.81 E.02632
G1 X87.59 Y98.53 E.06629
G1 X87.198 Y98.176 F9000
G1 X87.198 Y98.176
G1 X87.189 Y98.176
G1 X87.189 Y98.189
M204 P1500
;TYPE:Inner wall
;WIDTH:0.45
G1 F2700
G1 X86.911 Y98.189 E.00732
G1 X86.911 Y96.211 E.05197
G1 X87.189 Y96.211 E.00732
G1 X87.189 Y98.129 E.0504
; stop printing object pod_header_usb_coupon.stl id:0 copy 0
;LAYER_CHANGE
;Z:7.44
;HEIGHT:0.16
G92 E0 ; zero the extruded length again
; BEFORE_LAYER_CHANGE 45 @ 7.44mm
G1 E-.7 F2100
;WIPE_START
G1 F2700
G1 X86.911 Y98.189 E-.08552
G1 X86.911 Y97.474 E-.21448
;WIPE_END
; AFTER_LAYER_CHANGE 45 @ 7.44mm
;_SET_FAN_SPEED_CHANGING_LAYER
; printing object pod_header_usb_coupon.stl id:0 copy 0
G1 F9000
G1 X86.4349 Y97.2453 Z7.46857
G1 X86.3174 Y96.7305 Z7.49714
G1 X86.6467 Y96.3177 Z7.52571
G1 X87.1747 Y96.3177 Z7.55429
G1 X87.5039 Y96.7305 Z7.58286
G1 X87.3864 Y97.2453 Z7.61143
G1 X86.9107 Y97.4744 Z7.64
G1 X86.894 Y97.474 Z7.64
G1 X79.377 Y126.377
G1 X79.79 Y126.79
G1 Z7.44
G1 E1 F2100
M204 P1000
;TYPE:Outer wall
;WIDTH:0.42
G1 F1800
G1 X76.21 Y126.79 E.08725
G1 X76.21 Y93.21 E.8184
G1 X79.79 Y93.21 E.08725
G1 X79.79 Y126.73 E.81694
G1 X79.377 Y126.377 F9000
G1 X79.376 Y126.376
G1 X79.389 Y126.389
M204 P1500
;TYPE:Inner wall
;WIDTH:0.45
G1 F2700
G1 X76.611 Y126.389 E.07299
G1 X76.611 Y93.611 E.86102
G1 X79.389 Y93.611 E.07299
G1 X79.389 Y126.329 E.85944
G1 X78.974 Y125.974 F9000
G1 F2700
G1 X77.026 Y125.974 E.05115
G1 X77.026 Y94.026 E.83918
G1 X78.974 Y94.026 E.05115
G1 X78.974 Y125.914 E.8376
G1 X78.558 Y125.558 F9000
G1 F2700
G1 X77.442 Y125.558 E.02932
G1 X77.442 Y94.442 E.81734
G1 X78.558 Y94.442 E.02932
G1 X78.558 Y125.498 E.81577
G1 X78.142 Y125.142 F9000
G1 F2700
G1 X77.858 Y125.142 E.00748
G1 X77.858 Y94.858 E.79551
G1 X78.142 Y94.858 E.00748
G1 X78.142 Y125.082 E.79393
G1 E-.7 F2100
;WIPE_START
G1 F2700
G1 X77.858 Y125.142 E-.08729
G1 X77.858 Y124.433 E-.21271
;WIPE_END
G1 X79.376 Y124.395 Z7.64 F9000
G1 X87.198 Y123.776
G1 X87.59 Y124.19
G1 Z7.44
G1 E1 F2100
M204 P1000
;TYPE:Outer wall
;WIDTH:0.42
G1 F1800
G1 X86.51 Y124.19 E.02632
G1 X86.51 Y121.41 E.06775
G1 X87.59 Y121.41 E.02632
G1 X87.59 Y124.13 E.06629
G1 X87.198 Y123.776 F9000
G1 X87.198 Y123.776
G1 X87.189 Y123.776
G1 X87.189 Y123.789
M204 P1500
;TYPE:Inner wall
;WIDTH:0.45
G1 F2700
G1 X86.911 Y123.789 E.00732
G1 X86.911 Y121.811 E.05197
G1 X87.189 Y121.811 E.00732
G1 X87.189 Y123.729 E.0504
G1 E-.7 F2100
;WIPE_START
G1 F2700
G1 X86.911 Y123.789 E-.08552
G1 X86.911 Y123.074 E-.21448
;WIPE_END
G1 X86.894 Y123.074 Z7.64 F9000
G1 X91.631 Y123.777
G1 X91.68 Y124.19
G1 Z7.44
G1 E1 F2100
M204 P1000
;TYPE:Outer wall
;WIDTH:0.42
G1 F1800
G1 X91.3 Y124.19 E.00926
G1 X91.3 Y121.41 E.06775
G1 X91.68 Y121.41 E.00926
G1 X91.68 Y124.13 E.06629
G1 E-.7 F2100
;WIPE_START
G1 F1800
G1 X91.3 Y124.19 E-.11541
G1 X91.3 Y123.575 E-.18459
;WIPE_END
G1 X91.334 Y123.575 Z7.64 F9000
G1 X91.646 Y123.595
G1 X101.791 Y123.777
G1 X101.84 Y124.19
G1 Z7.44
G1 E1 F2100
G1 F1800
G1 X101.46 Y124.19 E.00926
G1 X101.46 Y121.41 E.06775
G1 X101.84 Y121.41 E.00926
G1 X101.84 Y124.13 E.06629
G1 E-.7 F2100
;WIPE_START
G1 F1800
G1 X101.46 Y124.19 E-.11541
G1 X101.46 Y123.575 E-.18459
;WIPE_END
G1 X101.494 Y123.575 Z7.64 F9000
G1 X101.806 Y123.591
G1 X114.491 Y123.776
G1 X114.54 Y124.19
G1 Z7.44
G1 E1 F2100
G1 F1800
G1 X114.16 Y124.19 E.00926
G1 X114.16 Y121.41 E.06775
G1 X114.54 Y121.41 E.00926
G1 X114.54 Y124.13 E.06629
G1 E-.7 F2100
;WIPE_START
G1 F1800
G1 X114.16 Y124.19 E-.11541
G1 X114.16 Y123.575 E-.18459
;WIPE_END
G1 X114.194 Y123.575 Z7.64 F9000
G1 X114.506 Y123.595
G1 X124.651 Y123.777
G1 X124.7 Y124.19
G1 Z7.44
G1 E1 F2100
G1 F1800
G1 X124.32 Y124.19 E.00926
G1 X124.32 Y121.41 E.06775
G1 X124.7 Y121.41 E.00926
G1 X124.7 Y124.13 E.06629
G1 E-.7 F2100
;WIPE_START
G1 F1800
G1 X124.32 Y124.19 E-.11541
G1 X124.32 Y123.575 E-.18459
;WIPE_END
G1 X124.354 Y123.575 Z7.64 F9000
G1 X124.666 Y123.616
G1 X129.098 Y123.776
G1 X129.49 Y124.19
G1 Z7.44
G1 E1 F2100
G1 F1800
G1 X128.41 Y124.19 E.02632
G1 X128.41 Y121.41 E.06775
G1 X129.49 Y121.41 E.02632
G1 X129.49 Y124.13 E.06629
G1 X129.098 Y123.777 F9000
G1 X129.089 Y123.776
G1 X129.089 Y123.789
M204 P1500
;TYPE:Inner wall
;WIDTH:0.45
G1 F2700
G1 X128.811 Y123.789 E.00732
G1 X128.811 Y121.811 E.05197
G1 X129.089 Y121.811 E.00732
G1 X129.089 Y123.729 E.0504
G1 E-.7 F2100
;WIPE_START
G1 F2700
G1 X128.811 Y123.789 E-.08552
G1 X128.811 Y123.074 E-.21448
;WIPE_END
G1 X128.794 Y123.074 Z7.64 F9000
G1 X128.845 Y121.824
G1 X129.098 Y98.176
G1 X129.49 Y98.59
G1 Z7.44
G1 E1 F2100
M204 P1000
;TYPE:Outer wall
;WIDTH:0.42
G1 F1800
G1 X128.41 Y98.59 E.02632
G1 X128.41 Y95.81 E.06775
G1 X129.49 Y95.81 E.02632
G1 X129.49 Y98.53 E.06629
G1 X129.098 Y98.177 F9000
G1 X129.089 Y98.176
G1 X129.089 Y98.189
M204 P1500
;TYPE:Inner wall
;WIDTH:0.45
G1 F2700
G1 X128.811 Y98.189 E.00732
G1 X128.811 Y96.211 E.05197
G1 X129.089 Y96.211 E.00732
G1 X129.089 Y98.129 E.0504
G1 E-.7 F2100
;WIPE_START
G1 F2700
G1 X128.811 Y98.189 E-.08552
G1 X128.811 Y97.474 E-.21448
;WIPE_END
G1 X128.794 Y97.474 Z7.64 F9000
G1 X124.651 Y98.177
G1 X124.7 Y98.59
G1 Z7.44
G1 E1 F2100
M204 P1000
;TYPE:Outer wall
;WIDTH:0.42
G1 F1800
G1 X124.32 Y98.59 E.00926
G1 X124.32 Y95.81 E.06775
G1 X124.7 Y95.81 E.00926
G1 X124.7 Y98.53 E.06629
G1 E-.7 F2100
;WIPE_START
G1 F1800
G1 X124.32 Y98.59 E-.11541
G1 X124.32 Y97.975 E-.18459
;WIPE_END
G1 X124.354 Y97.975 Z7.64 F9000
G1 X114.491 Y98.176
G1 X114.491 Y98.176
G1 X114.54 Y98.59
G1 Z7.44
G1 E1 F2100
G1 F1800
G1 X114.16 Y98.59 E.00926
G1 X114.16 Y95.81 E.06775
G1 X114.54 Y95.81 E.00926
G1 X114.54 Y98.53 E.06629
G1 E-.7 F2100
;WIPE_START
G1 F1800
G1 X114.16 Y98.59 E-.11541
G1 X114.16 Y97.975 E-.18459
;WIPE_END
G1 X114.194 Y97.975 Z7.64 F9000
G1 X101.791 Y98.176
G1 X101.791 Y98.176
G1 X101.791 Y98.176
G1 X101.84 Y98.59
G1 Z7.44
G1 E1 F2100
G1 F1800
G1 X101.46 Y98.59 E.00926
G1 X101.46 Y95.81 E.06775
G1 X101.84 Y95.81 E.00926
G1 X101.84 Y98.53 E.06629
G1 E-.7 F2100
;WIPE_START
G1 F1800
G1 X101.46 Y98.59 E-.11541
G1 X101.46 Y97.975 E-.18459
;WIPE_END
G1 X101.494 Y97.975 Z7.64 F9000
G1 X91.631 Y98.176
G1 X91.631 Y98.176
G1 X91.631 Y98.176
G1 X91.68 Y98.59
G1 Z7.44
G1 E1 F2100
G1 F1800
G1 X91.3 Y98.59 E.00926
G1 X91.3 Y95.81 E.06775
G1 X91.68 Y95.81 E.00926
G1 X91.68 Y98.53 E.06629
G1 E-.7 F2100
;WIPE_START
G1 F1800
G1 X91.3 Y98.59 E-.11541
G1 X91.3 Y97.975 E-.18459
;WIPE_END
G1 X91.334 Y97.975 Z7.64 F9000
G1 X87.198 Y98.176
G1 X87.198 Y98.176
G1 X87.198 Y98.176
G1 X87.59 Y98.59
G1 Z7.44
G1 E1 F2100
G1 F1800
G1 X86.51 Y98.59 E.02632
G1 X86.51 Y95.81 E.06775
G1 X87.59 Y95.81 E.02632
G1 X87.59 Y98.53 E.06629
G1 X87.198 Y98.176 F9000
G1 X87.198 Y98.176
G1 X87.189 Y98.176
G1 X87.189 Y98.189
M204 P1500
;TYPE:Inner wall
;WIDTH:0.45
G1 F2700
G1 X86.911 Y98.189 E.00732
G1 X86.911 Y96.211 E.05197
G1 X87.189 Y96.211 E.00732
G1 X87.189 Y98.129 E.0504
; stop printing object pod_header_usb_coupon.stl id:0 copy 0
;LAYER_CHANGE
;Z:7.6
;HEIGHT:0.16
G92 E0 ; zero the extruded length again
; BEFORE_LAYER_CHANGE 46 @ 7.6mm
G1 E-.7 F2100
;WIPE_START
G1 F2700
G1 X86.911 Y98.189 E-.08552
G1 X86.911 Y97.474 E-.21448
;WIPE_END
; AFTER_LAYER_CHANGE 46 @ 7.6mm
;_SET_FAN_SPEED_CHANGING_LAYER
; printing object pod_header_usb_coupon.stl id:0 copy 0
G1 F9000
G1 X86.4349 Y97.2453 Z7.62857
G1 X86.3174 Y96.7305 Z7.65714
G1 X86.6467 Y96.3177 Z7.68571
G1 X87.1747 Y96.3177 Z7.71429
G1 X87.5039 Y96.7305 Z7.74286
G1 X87.3864 Y97.2453 Z7.77143
G1 X86.9107 Y97.4744 Z7.8
G1 X86.894 Y97.474 Z7.8
G1 X79.377 Y126.377
G1 X79.79 Y126.79
G1 Z7.6
G1 E1 F2100
M204 P1000
;TYPE:Outer wall
;WIDTH:0.42
G1 F1800
G1 X76.21 Y126.79 E.08725
G1 X76.21 Y93.21 E.8184
G1 X79.79 Y93.21 E.08725
G1 X79.79 Y126.73 E.81694
G1 X79.377 Y126.377 F9000
G1 X79.376 Y126.376
G1 X79.389 Y126.389
M204 P1500
;TYPE:Inner wall
;WIDTH:0.45
G1 F2700
G1 X76.611 Y126.389 E.07299
G1 X76.611 Y93.611 E.86102
G1 X79.389 Y93.611 E.07299
G1 X79.389 Y126.329 E.85944
G1 X78.974 Y125.974 F9000
G1 F2700
G1 X77.026 Y125.974 E.05115
G1 X77.026 Y94.026 E.83918
G1 X78.974 Y94.026 E.05115
G1 X78.974 Y125.914 E.8376
G1 X78.558 Y125.558 F9000
G1 F2700
G1 X77.442 Y125.558 E.02932
G1 X77.442 Y94.442 E.81734
G1 X78.558 Y94.442 E.02932
G1 X78.558 Y125.498 E.81577
G1 X78.142 Y125.142 F9000
G1 F2700
G1 X77.858 Y125.142 E.00748
G1 X77.858 Y94.858 E.79551
G1 X78.142 Y94.858 E.00748
G1 X78.142 Y125.082 E.79393
G1 E-.7 F2100
;WIPE_START
G1 F2700
G1 X77.858 Y125.142 E-.08729
G1 X77.858 Y124.433 E-.21271
;WIPE_END
G1 X79.376 Y124.395 Z7.8 F9000
G1 X87.198 Y123.776
G1 X87.59 Y124.19
G1 Z7.6
G1 E1 F2100
M204 P1000
;TYPE:Outer wall
;WIDTH:0.42
G1 F1800
G1 X86.51 Y124.19 E.02632
G1 X86.51 Y121.41 E.06775
G1 X87.59 Y121.41 E.02632
G1 X87.59 Y124.13 E.06629
G1 X87.198 Y123.776 F9000
G1 X87.198 Y123.776
G1 X87.189 Y123.776
G1 X87.189 Y123.789
M204 P1500
;TYPE:Inner wall
;WIDTH:0.45
G1 F2700
G1 X86.911 Y123.789 E.00732
G1 X86.911 Y121.811 E.05197
G1 X87.189 Y121.811 E.00732
G1 X87.189 Y123.729 E.0504
G1 E-.7 F2100
;WIPE_START
G1 F2700
G1 X86.911 Y123.789 E-.08552
G1 X86.911 Y123.074 E-.21448
;WIPE_END
G1 X86.894 Y123.074 Z7.8 F9000
G1 X91.631 Y123.777
G1 X91.68 Y124.19
G1 Z7.6
G1 E1 F2100
M204 P1000
;TYPE:Outer wall
;WIDTH:0.42
G1 F1800
G1 X91.3 Y124.19 E.00926
G1 X91.3 Y121.41 E.06775
G1 X91.68 Y121.41 E.00926
G1 X91.68 Y124.13 E.06629
G1 E-.7 F2100
;WIPE_START
G1 F1800
G1 X91.3 Y124.19 E-.11541
G1 X91.3 Y123.575 E-.18459
;WIPE_END
G1 X91.334 Y123.575 Z7.8 F9000
G1 X91.646 Y123.595
G1 X101.791 Y123.777
G1 X101.84 Y124.19
G1 Z7.6
G1 E1 F2100
G1 F1800
G1 X101.46 Y124.19 E.00926
G1 X101.46 Y121.41 E.06775
G1 X101.84 Y121.41 E.00926
G1 X101.84 Y124.13 E.06629
G1 E-.7 F2100
;WIPE_START
G1 F1800
G1 X101.46 Y124.19 E-.11541
G1 X101.46 Y123.575 E-.18459
;WIPE_END
G1 X101.494 Y123.575 Z7.8 F9000
G1 X101.806 Y123.591
G1 X114.491 Y123.776
G1 X114.54 Y124.19
G1 Z7.6
G1 E1 F2100
G1 F1800
G1 X114.16 Y124.19 E.00926
G1 X114.16 Y121.41 E.06775
G1 X114.54 Y121.41 E.00926
G1 X114.54 Y124.13 E.06629
G1 E-.7 F2100
;WIPE_START
G1 F1800
G1 X114.16 Y124.19 E-.11541
G1 X114.16 Y123.575 E-.18459
;WIPE_END
G1 X114.194 Y123.575 Z7.8 F9000
G1 X114.506 Y123.595
G1 X124.651 Y123.777
G1 X124.7 Y124.19
G1 Z7.6
G1 E1 F2100
G1 F1800
G1 X124.32 Y124.19 E.00926
G1 X124.32 Y121.41 E.06775
G1 X124.7 Y121.41 E.00926
G1 X124.7 Y124.13 E.06629
G1 E-.7 F2100
;WIPE_START
G1 F1800
G1 X124.32 Y124.19 E-.11541
G1 X124.32 Y123.575 E-.18459
;WIPE_END
G1 X124.354 Y123.575 Z7.8 F9000
G1 X124.666 Y123.616
G1 X129.098 Y123.776
G1 X129.49 Y124.19
G1 Z7.6
G1 E1 F2100
G1 F1800
G1 X128.41 Y124.19 E.02632
G1 X128.41 Y121.41 E.06775
G1 X129.49 Y121.41 E.02632
G1 X129.49 Y124.13 E.06629
G1 X129.098 Y123.777 F9000
G1 X129.089 Y123.776
G1 X129.089 Y123.789
M204 P1500
;TYPE:Inner wall
;WIDTH:0.45
G1 F2700
G1 X128.811 Y123.789 E.00732
G1 X128.811 Y121.811 E.05197
G1 X129.089 Y121.811 E.00732
G1 X129.089 Y123.729 E.0504
G1 E-.7 F2100
;WIPE_START
G1 F2700
G1 X128.811 Y123.789 E-.08552
G1 X128.811 Y123.074 E-.21448
;WIPE_END
G1 X128.794 Y123.074 Z7.8 F9000
G1 X128.845 Y121.824
G1 X129.098 Y98.176
G1 X129.49 Y98.59
G1 Z7.6
G1 E1 F2100
M204 P1000
;TYPE:Outer wall
;WIDTH:0.42
G1 F1800
G1 X128.41 Y98.59 E.02632
G1 X128.41 Y95.81 E.06775
G1 X129.49 Y95.81 E.02632
G1 X129.49 Y98.53 E.06629
G1 X129.098 Y98.177 F9000
G1 X129.089 Y98.176
G1 X129.089 Y98.189
M204 P1500
;TYPE:Inner wall
;WIDTH:0.45
G1 F2700
G1 X128.811 Y98.189 E.00732
G1 X128.811 Y96.211 E.05197
G1 X129.089 Y96.211 E.00732
G1 X129.089 Y98.129 E.0504
G1 E-.7 F2100
;WIPE_START
G1 F2700
G1 X128.811 Y98.189 E-.08552
G1 X128.811 Y97.474 E-.21448
;WIPE_END
G1 X128.794 Y97.474 Z7.8 F9000
G1 X124.651 Y98.177
G1 X124.7 Y98.59
G1 Z7.6
G1 E1 F2100
M204 P1000
;TYPE:Outer wall
;WIDTH:0.42
G1 F1800
G1 X124.32 Y98.59 E.00926
G1 X124.32 Y95.81 E.06775
G1 X124.7 Y95.81 E.00926
G1 X124.7 Y98.53 E.06629
G1 E-.7 F2100
;WIPE_START
G1 F1800
G1 X124.32 Y98.59 E-.11541
G1 X124.32 Y97.975 E-.18459
;WIPE_END
G1 X124.354 Y97.975 Z7.8 F9000
G1 X114.491 Y98.176
G1 X114.491 Y98.176
G1 X114.54 Y98.59
G1 Z7.6
G1 E1 F2100
G1 F1800
G1 X114.16 Y98.59 E.00926
G1 X114.16 Y95.81 E.06775
G1 X114.54 Y95.81 E.00926
G1 X114.54 Y98.53 E.06629
G1 E-.7 F2100
;WIPE_START
G1 F1800
G1 X114.16 Y98.59 E-.11541
G1 X114.16 Y97.975 E-.18459
;WIPE_END
G1 X114.194 Y97.975 Z7.8 F9000
G1 X101.791 Y98.176
G1 X101.791 Y98.176
G1 X101.791 Y98.176
G1 X101.84 Y98.59
G1 Z7.6
G1 E1 F2100
G1 F1800
G1 X101.46 Y98.59 E.00926
G1 X101.46 Y95.81 E.06775
G1 X101.84 Y95.81 E.00926
G1 X101.84 Y98.53 E.06629
G1 E-.7 F2100
;WIPE_START
G1 F1800
G1 X101.46 Y98.59 E-.11541
G1 X101.46 Y97.975 E-.18459
;WIPE_END
G1 X101.494 Y97.975 Z7.8 F9000
G1 X91.631 Y98.176
G1 X91.631 Y98.176
G1 X91.631 Y98.176
G1 X91.68 Y98.59
G1 Z7.6
G1 E1 F2100
G1 F1800
G1 X91.3 Y98.59 E.00926
G1 X91.3 Y95.81 E.06775
G1 X91.68 Y95.81 E.00926
G1 X91.68 Y98.53 E.06629
G1 E-.7 F2100
;WIPE_START
G1 F1800
G1 X91.3 Y98.59 E-.11541
G1 X91.3 Y97.975 E-.18459
;WIPE_END
G1 X91.334 Y97.975 Z7.8 F9000
G1 X87.198 Y98.176
G1 X87.198 Y98.176
G1 X87.198 Y98.176
G1 X87.59 Y98.59
G1 Z7.6
G1 E1 F2100
G1 F1800
G1 X86.51 Y98.59 E.02632
G1 X86.51 Y95.81 E.06775
G1 X87.59 Y95.81 E.02632
G1 X87.59 Y98.53 E.06629
G1 X87.198 Y98.176 F9000
G1 X87.198 Y98.176
G1 X87.189 Y98.176
G1 X87.189 Y98.189
M204 P1500
;TYPE:Inner wall
;WIDTH:0.45
G1 F2700
G1 X86.911 Y98.189 E.00732
G1 X86.911 Y96.211 E.05197
G1 X87.189 Y96.211 E.00732
G1 X87.189 Y98.129 E.0504
; stop printing object pod_header_usb_coupon.stl id:0 copy 0
;LAYER_CHANGE
;Z:7.76
;HEIGHT:0.16
G92 E0 ; zero the extruded length again
; BEFORE_LAYER_CHANGE 47 @ 7.76mm
G1 E-.7 F2100
;WIPE_START
G1 F2700
G1 X86.911 Y98.189 E-.08552
G1 X86.911 Y97.474 E-.21448
;WIPE_END
; AFTER_LAYER_CHANGE 47 @ 7.76mm
;_SET_FAN_SPEED_CHANGING_LAYER
; printing object pod_header_usb_coupon.stl id:0 copy 0
G1 F9000
G1 X86.4349 Y97.2453 Z7.78857
G1 X86.3174 Y96.7305 Z7.81714
G1 X86.6467 Y96.3177 Z7.84571
G1 X87.1747 Y96.3177 Z7.87429
G1 X87.5039 Y96.7305 Z7.90286
G1 X87.3864 Y97.2453 Z7.93143
G1 X86.9107 Y97.4744 Z7.96
G1 X86.894 Y97.474 Z7.96
G1 X79.377 Y126.377
G1 X79.79 Y126.79
G1 Z7.76
G1 E1 F2100
M204 P1000
;TYPE:Outer wall
;WIDTH:0.42
G1 F1800
G1 X76.21 Y126.79 E.08725
G1 X76.21 Y93.21 E.8184
G1 X79.79 Y93.21 E.08725
G1 X79.79 Y126.73 E.81694
G1 X79.377 Y126.377 F9000
G1 X79.376 Y126.376
G1 X79.389 Y126.389
M204 P1500
;TYPE:Inner wall
;WIDTH:0.45
G1 F2700
G1 X76.611 Y126.389 E.07299
G1 X76.611 Y93.611 E.86102
G1 X79.389 Y93.611 E.07299
G1 X79.389 Y126.329 E.85944
G1 X78.974 Y125.974 F9000
G1 F2700
G1 X77.026 Y125.974 E.05115
G1 X77.026 Y94.026 E.83918
G1 X78.974 Y94.026 E.05115
G1 X78.974 Y125.914 E.8376
G1 X78.558 Y125.558 F9000
G1 F2700
G1 X77.442 Y125.558 E.02932
G1 X77.442 Y94.442 E.81734
G1 X78.558 Y94.442 E.02932
G1 X78.558 Y125.498 E.81577
G1 X78.142 Y125.142 F9000
G1 F2700
G1 X77.858 Y125.142 E.00748
G1 X77.858 Y94.858 E.79551
G1 X78.142 Y94.858 E.00748
G1 X78.142 Y125.082 E.79393
G1 E-.7 F2100
;WIPE_START
G1 F2700
G1 X77.858 Y125.142 E-.08729
G1 X77.858 Y124.433 E-.21271
;WIPE_END
G1 X79.376 Y124.395 Z7.96 F9000
G1 X87.198 Y123.776
G1 X87.59 Y124.19
G1 Z7.76
G1 E1 F2100
M204 P1000
;TYPE:Outer wall
;WIDTH:0.42
G1 F1800
G1 X86.51 Y124.19 E.02632
G1 X86.51 Y121.41 E.06775
G1 X87.59 Y121.41 E.02632
G1 X87.59 Y124.13 E.06629
G1 X87.198 Y123.776 F9000
G1 X87.198 Y123.776
G1 X87.189 Y123.776
G1 X87.189 Y123.789
M204 P1500
;TYPE:Inner wall
;WIDTH:0.45
G1 F2700
G1 X86.911 Y123.789 E.00732
G1 X86.911 Y121.811 E.05197
G1 X87.189 Y121.811 E.00732
G1 X87.189 Y123.729 E.0504
G1 E-.7 F2100
;WIPE_START
G1 F2700
G1 X86.911 Y123.789 E-.08552
G1 X86.911 Y123.074 E-.21448
;WIPE_END
G1 X86.894 Y123.074 Z7.96 F9000
G1 X91.631 Y123.777
G1 X91.68 Y124.19
G1 Z7.76
G1 E1 F2100
M204 P1000
;TYPE:Outer wall
;WIDTH:0.42
G1 F1800
G1 X91.3 Y124.19 E.00926
G1 X91.3 Y121.41 E.06775
G1 X91.68 Y121.41 E.00926
G1 X91.68 Y124.13 E.06629
G1 E-.7 F2100
;WIPE_START
G1 F1800
G1 X91.3 Y124.19 E-.11541
G1 X91.3 Y123.575 E-.18459
;WIPE_END
G1 X91.334 Y123.575 Z7.96 F9000
G1 X91.646 Y123.595
G1 X101.791 Y123.777
G1 X101.84 Y124.19
G1 Z7.76
G1 E1 F2100
G1 F1800
G1 X101.46 Y124.19 E.00926
G1 X101.46 Y121.41 E.06775
G1 X101.84 Y121.41 E.00926
G1 X101.84 Y124.13 E.06629
G1 E-.7 F2100
;WIPE_START
G1 F1800
G1 X101.46 Y124.19 E-.11541
G1 X101.46 Y123.575 E-.18459
;WIPE_END
G1 X101.494 Y123.575 Z7.96 F9000
G1 X101.806 Y123.591
G1 X114.491 Y123.776
G1 X114.54 Y124.19
G1 Z7.76
G1 E1 F2100
G1 F1800
G1 X114.16 Y124.19 E.00926
G1 X114.16 Y121.41 E.06775
G1 X114.54 Y121.41 E.00926
G1 X114.54 Y124.13 E.06629
G1 E-.7 F2100
;WIPE_START
G1 F1800
G1 X114.16 Y124.19 E-.11541
G1 X114.16 Y123.575 E-.18459
;WIPE_END
G1 X114.194 Y123.575 Z7.96 F9000
G1 X114.506 Y123.595
G1 X124.651 Y123.777
G1 X124.7 Y124.19
G1 Z7.76
G1 E1 F2100
G1 F1800
G1 X124.32 Y124.19 E.00926
G1 X124.32 Y121.41 E.06775
G1 X124.7 Y121.41 E.00926
G1 X124.7 Y124.13 E.06629
G1 E-.7 F2100
;WIPE_START
G1 F1800
G1 X124.32 Y124.19 E-.11541
G1 X124.32 Y123.575 E-.18459
;WIPE_END
G1 X124.354 Y123.575 Z7.96 F9000
G1 X124.666 Y123.616
G1 X129.098 Y123.776
G1 X129.49 Y124.19
G1 Z7.76
G1 E1 F2100
G1 F1800
G1 X128.41 Y124.19 E.02632
G1 X128.41 Y121.41 E.06775
G1 X129.49 Y121.41 E.02632
G1 X129.49 Y124.13 E.06629
G1 X129.098 Y123.777 F9000
G1 X129.089 Y123.776
G1 X129.089 Y123.789
M204 P1500
;TYPE:Inner wall
;WIDTH:0.45
G1 F2700
G1 X128.811 Y123.789 E.00732
G1 X128.811 Y121.811 E.05197
G1 X129.089 Y121.811 E.00732
G1 X129.089 Y123.729 E.0504
G1 E-.7 F2100
;WIPE_START
G1 F2700
G1 X128.811 Y123.789 E-.08552
G1 X128.811 Y123.074 E-.21448
;WIPE_END
G1 X128.794 Y123.074 Z7.96 F9000
G1 X128.845 Y121.824
G1 X129.098 Y98.176
G1 X129.49 Y98.59
G1 Z7.76
G1 E1 F2100
M204 P1000
;TYPE:Outer wall
;WIDTH:0.42
G1 F1800
G1 X128.41 Y98.59 E.02632
G1 X128.41 Y95.81 E.06775
G1 X129.49 Y95.81 E.02632
G1 X129.49 Y98.53 E.06629
G1 X129.098 Y98.177 F9000
G1 X129.089 Y98.176
G1 X129.089 Y98.189
M204 P1500
;TYPE:Inner wall
;WIDTH:0.45
G1 F2700
G1 X128.811 Y98.189 E.00732
G1 X128.811 Y96.211 E.05197
G1 X129.089 Y96.211 E.00732
G1 X129.089 Y98.129 E.0504
G1 E-.7 F2100
;WIPE_START
G1 F2700
G1 X128.811 Y98.189 E-.08552
G1 X128.811 Y97.474 E-.21448
;WIPE_END
G1 X128.794 Y97.474 Z7.96 F9000
G1 X124.651 Y98.177
G1 X124.7 Y98.59
G1 Z7.76
G1 E1 F2100
M204 P1000
;TYPE:Outer wall
;WIDTH:0.42
G1 F1800
G1 X124.32 Y98.59 E.00926
G1 X124.32 Y95.81 E.06775
G1 X124.7 Y95.81 E.00926
G1 X124.7 Y98.53 E.06629
G1 E-.7 F2100
;WIPE_START
G1 F1800
G1 X124.32 Y98.59 E-.11541
G1 X124.32 Y97.975 E-.18459
;WIPE_END
G1 X124.354 Y97.975 Z7.96 F9000
G1 X114.491 Y98.176
G1 X114.491 Y98.176
G1 X114.54 Y98.59
G1 Z7.76
G1 E1 F2100
G1 F1800
G1 X114.16 Y98.59 E.00926
G1 X114.16 Y95.81 E.06775
G1 X114.54 Y95.81 E.00926
G1 X114.54 Y98.53 E.06629
G1 E-.7 F2100
;WIPE_START
G1 F1800
G1 X114.16 Y98.59 E-.11541
G1 X114.16 Y97.975 E-.18459
;WIPE_END
G1 X114.194 Y97.975 Z7.96 F9000
G1 X101.791 Y98.176
G1 X101.791 Y98.176
G1 X101.791 Y98.176
G1 X101.84 Y98.59
G1 Z7.76
G1 E1 F2100
G1 F1800
G1 X101.46 Y98.59 E.00926
G1 X101.46 Y95.81 E.06775
G1 X101.84 Y95.81 E.00926
G1 X101.84 Y98.53 E.06629
G1 E-.7 F2100
;WIPE_START
G1 F1800
G1 X101.46 Y98.59 E-.11541
G1 X101.46 Y97.975 E-.18459
;WIPE_END
G1 X101.494 Y97.975 Z7.96 F9000
G1 X91.631 Y98.176
G1 X91.631 Y98.176
G1 X91.631 Y98.176
G1 X91.68 Y98.59
G1 Z7.76
G1 E1 F2100
G1 F1800
G1 X91.3 Y98.59 E.00926
G1 X91.3 Y95.81 E.06775
G1 X91.68 Y95.81 E.00926
G1 X91.68 Y98.53 E.06629
G1 E-.7 F2100
;WIPE_START
G1 F1800
G1 X91.3 Y98.59 E-.11541
G1 X91.3 Y97.975 E-.18459
;WIPE_END
G1 X91.334 Y97.975 Z7.96 F9000
G1 X87.198 Y98.176
G1 X87.198 Y98.176
G1 X87.198 Y98.176
G1 X87.59 Y98.59
G1 Z7.76
G1 E1 F2100
G1 F1800
G1 X86.51 Y98.59 E.02632
G1 X86.51 Y95.81 E.06775
G1 X87.59 Y95.81 E.02632
G1 X87.59 Y98.53 E.06629
G1 X87.198 Y98.176 F9000
G1 X87.198 Y98.176
G1 X87.189 Y98.176
G1 X87.189 Y98.189
M204 P1500
;TYPE:Inner wall
;WIDTH:0.45
G1 F2700
G1 X86.911 Y98.189 E.00732
G1 X86.911 Y96.211 E.05197
G1 X87.189 Y96.211 E.00732
G1 X87.189 Y98.129 E.0504
; stop printing object pod_header_usb_coupon.stl id:0 copy 0
;LAYER_CHANGE
;Z:7.92
;HEIGHT:0.16
G92 E0 ; zero the extruded length again
; BEFORE_LAYER_CHANGE 48 @ 7.92mm
G1 E-.7 F2100
;WIPE_START
G1 F2700
G1 X86.911 Y98.189 E-.08552
G1 X86.911 Y97.474 E-.21448
;WIPE_END
; AFTER_LAYER_CHANGE 48 @ 7.92mm
;_SET_FAN_SPEED_CHANGING_LAYER
; printing object pod_header_usb_coupon.stl id:0 copy 0
G1 F9000
G1 X86.4349 Y97.2453 Z7.94857
G1 X86.3174 Y96.7305 Z7.97714
G1 X86.6467 Y96.3177 Z8.00571
G1 X87.1747 Y96.3177 Z8.03429
G1 X87.5039 Y96.7305 Z8.06286
G1 X87.3864 Y97.2453 Z8.09143
G1 X86.9107 Y97.4744 Z8.12
G1 X86.894 Y97.474 Z8.12
G1 X79.377 Y126.377
G1 X79.79 Y126.79
G1 Z7.92
G1 E1 F2100
M204 P1000
;TYPE:Outer wall
;WIDTH:0.42
G1 F1800
G1 X76.21 Y126.79 E.08725
G1 X76.21 Y93.21 E.8184
G1 X79.79 Y93.21 E.08725
G1 X79.79 Y126.73 E.81694
G1 X79.377 Y126.377 F9000
G1 X79.376 Y126.376
G1 X79.389 Y126.389
M204 P1500
;TYPE:Inner wall
;WIDTH:0.45
G1 F2700
G1 X76.611 Y126.389 E.07299
G1 X76.611 Y93.611 E.86102
G1 X79.389 Y93.611 E.07299
G1 X79.389 Y126.329 E.85944
G1 X78.974 Y125.974 F9000
G1 F2700
G1 X77.026 Y125.974 E.05115
G1 X77.026 Y94.026 E.83918
G1 X78.974 Y94.026 E.05115
G1 X78.974 Y125.914 E.8376
G1 X78.558 Y125.558 F9000
G1 F2700
G1 X77.442 Y125.558 E.02932
G1 X77.442 Y94.442 E.81734
G1 X78.558 Y94.442 E.02932
G1 X78.558 Y125.498 E.81577
G1 X78.142 Y125.142 F9000
G1 F2700
G1 X77.858 Y125.142 E.00748
G1 X77.858 Y94.858 E.79551
G1 X78.142 Y94.858 E.00748
G1 X78.142 Y125.082 E.79393
G1 E-.7 F2100
;WIPE_START
G1 F2700
G1 X77.858 Y125.142 E-.08729
G1 X77.858 Y124.433 E-.21271
;WIPE_END
G1 X79.376 Y124.395 Z8.12 F9000
G1 X87.198 Y123.776
G1 X87.59 Y124.19
G1 Z7.92
G1 E1 F2100
M204 P1000
;TYPE:Outer wall
;WIDTH:0.42
G1 F1800
G1 X86.51 Y124.19 E.02632
G1 X86.51 Y121.41 E.06775
G1 X87.59 Y121.41 E.02632
G1 X87.59 Y124.13 E.06629
G1 X87.198 Y123.776 F9000
G1 X87.198 Y123.776
G1 X87.189 Y123.776
G1 X87.189 Y123.789
M204 P1500
;TYPE:Inner wall
;WIDTH:0.45
G1 F2700
G1 X86.911 Y123.789 E.00732
G1 X86.911 Y121.811 E.05197
G1 X87.189 Y121.811 E.00732
G1 X87.189 Y123.729 E.0504
G1 E-.7 F2100
;WIPE_START
G1 F2700
G1 X86.911 Y123.789 E-.08552
G1 X86.911 Y123.074 E-.21448
;WIPE_END
G1 X86.894 Y123.074 Z8.12 F9000
G1 X91.631 Y123.777
G1 X91.68 Y124.19
G1 Z7.92
G1 E1 F2100
M204 P1000
;TYPE:Outer wall
;WIDTH:0.42
G1 F1800
G1 X91.3 Y124.19 E.00926
G1 X91.3 Y121.41 E.06775
G1 X91.68 Y121.41 E.00926
G1 X91.68 Y124.13 E.06629
G1 E-.7 F2100
;WIPE_START
G1 F1800
G1 X91.3 Y124.19 E-.11541
G1 X91.3 Y123.575 E-.18459
;WIPE_END
G1 X91.334 Y123.575 Z8.12 F9000
G1 X91.646 Y123.595
G1 X101.791 Y123.777
G1 X101.84 Y124.19
G1 Z7.92
G1 E1 F2100
G1 F1800
G1 X101.46 Y124.19 E.00926
G1 X101.46 Y121.41 E.06775
G1 X101.84 Y121.41 E.00926
G1 X101.84 Y124.13 E.06629
G1 E-.7 F2100
;WIPE_START
G1 F1800
G1 X101.46 Y124.19 E-.11541
G1 X101.46 Y123.575 E-.18459
;WIPE_END
G1 X101.494 Y123.575 Z8.12 F9000
G1 X101.806 Y123.591
G1 X114.491 Y123.776
G1 X114.54 Y124.19
G1 Z7.92
G1 E1 F2100
G1 F1800
G1 X114.16 Y124.19 E.00926
G1 X114.16 Y121.41 E.06775
G1 X114.54 Y121.41 E.00926
G1 X114.54 Y124.13 E.06629
G1 E-.7 F2100
;WIPE_START
G1 F1800
G1 X114.16 Y124.19 E-.11541
G1 X114.16 Y123.575 E-.18459
;WIPE_END
G1 X114.194 Y123.575 Z8.12 F9000
G1 X114.506 Y123.595
G1 X124.651 Y123.777
G1 X124.7 Y124.19
G1 Z7.92
G1 E1 F2100
G1 F1800
G1 X124.32 Y124.19 E.00926
G1 X124.32 Y121.41 E.06775
G1 X124.7 Y121.41 E.00926
G1 X124.7 Y124.13 E.06629
G1 E-.7 F2100
;WIPE_START
G1 F1800
G1 X124.32 Y124.19 E-.11541
G1 X124.32 Y123.575 E-.18459
;WIPE_END
G1 X124.354 Y123.575 Z8.12 F9000
G1 X124.666 Y123.616
G1 X129.098 Y123.776
G1 X129.49 Y124.19
G1 Z7.92
G1 E1 F2100
G1 F1800
G1 X128.41 Y124.19 E.02632
G1 X128.41 Y121.41 E.06775
G1 X129.49 Y121.41 E.02632
G1 X129.49 Y124.13 E.06629
G1 X129.098 Y123.777 F9000
G1 X129.089 Y123.776
G1 X129.089 Y123.789
M204 P1500
;TYPE:Inner wall
;WIDTH:0.45
G1 F2700
G1 X128.811 Y123.789 E.00732
G1 X128.811 Y121.811 E.05197
G1 X129.089 Y121.811 E.00732
G1 X129.089 Y123.729 E.0504
G1 E-.7 F2100
;WIPE_START
G1 F2700
G1 X128.811 Y123.789 E-.08552
G1 X128.811 Y123.074 E-.21448
;WIPE_END
G1 X128.794 Y123.074 Z8.12 F9000
G1 X128.845 Y121.824
G1 X129.098 Y98.176
G1 X129.49 Y98.59
G1 Z7.92
G1 E1 F2100
M204 P1000
;TYPE:Outer wall
;WIDTH:0.42
G1 F1800
G1 X128.41 Y98.59 E.02632
G1 X128.41 Y95.81 E.06775
G1 X129.49 Y95.81 E.02632
G1 X129.49 Y98.53 E.06629
G1 X129.098 Y98.177 F9000
G1 X129.089 Y98.176
G1 X129.089 Y98.189
M204 P1500
;TYPE:Inner wall
;WIDTH:0.45
G1 F2700
G1 X128.811 Y98.189 E.00732
G1 X128.811 Y96.211 E.05197
G1 X129.089 Y96.211 E.00732
G1 X129.089 Y98.129 E.0504
G1 E-.7 F2100
;WIPE_START
G1 F2700
G1 X128.811 Y98.189 E-.08552
G1 X128.811 Y97.474 E-.21448
;WIPE_END
G1 X128.794 Y97.474 Z8.12 F9000
G1 X124.651 Y98.177
G1 X124.7 Y98.59
G1 Z7.92
G1 E1 F2100
M204 P1000
;TYPE:Outer wall
;WIDTH:0.42
G1 F1800
G1 X124.32 Y98.59 E.00926
G1 X124.32 Y95.81 E.06775
G1 X124.7 Y95.81 E.00926
G1 X124.7 Y98.53 E.06629
G1 E-.7 F2100
;WIPE_START
G1 F1800
G1 X124.32 Y98.59 E-.11541
G1 X124.32 Y97.975 E-.18459
;WIPE_END
G1 X124.354 Y97.975 Z8.12 F9000
G1 X114.491 Y98.176
G1 X114.491 Y98.176
G1 X114.54 Y98.59
G1 Z7.92
G1 E1 F2100
G1 F1800
G1 X114.16 Y98.59 E.00926
G1 X114.16 Y95.81 E.06775
G1 X114.54 Y95.81 E.00926
G1 X114.54 Y98.53 E.06629
G1 E-.7 F2100
;WIPE_START
G1 F1800
G1 X114.16 Y98.59 E-.11541
G1 X114.16 Y97.975 E-.18459
;WIPE_END
G1 X114.194 Y97.975 Z8.12 F9000
G1 X101.791 Y98.176
G1 X101.791 Y98.176
G1 X101.791 Y98.176
G1 X101.84 Y98.59
G1 Z7.92
G1 E1 F2100
G1 F1800
G1 X101.46 Y98.59 E.00926
G1 X101.46 Y95.81 E.06775
G1 X101.84 Y95.81 E.00926
G1 X101.84 Y98.53 E.06629
G1 E-.7 F2100
;WIPE_START
G1 F1800
G1 X101.46 Y98.59 E-.11541
G1 X101.46 Y97.975 E-.18459
;WIPE_END
G1 X101.494 Y97.975 Z8.12 F9000
G1 X91.631 Y98.176
G1 X91.631 Y98.176
G1 X91.631 Y98.176
G1 X91.68 Y98.59
G1 Z7.92
G1 E1 F2100
G1 F1800
G1 X91.3 Y98.59 E.00926
G1 X91.3 Y95.81 E.06775
G1 X91.68 Y95.81 E.00926
G1 X91.68 Y98.53 E.06629
G1 E-.7 F2100
;WIPE_START
G1 F1800
G1 X91.3 Y98.59 E-.11541
G1 X91.3 Y97.975 E-.18459
;WIPE_END
G1 X91.334 Y97.975 Z8.12 F9000
G1 X87.198 Y98.176
G1 X87.198 Y98.176
G1 X87.198 Y98.176
G1 X87.59 Y98.59
G1 Z7.92
G1 E1 F2100
G1 F1800
G1 X86.51 Y98.59 E.02632
G1 X86.51 Y95.81 E.06775
G1 X87.59 Y95.81 E.02632
G1 X87.59 Y98.53 E.06629
G1 X87.198 Y98.176 F9000
G1 X87.198 Y98.176
G1 X87.189 Y98.176
G1 X87.189 Y98.189
M204 P1500
;TYPE:Inner wall
;WIDTH:0.45
G1 F2700
G1 X86.911 Y98.189 E.00732
G1 X86.911 Y96.211 E.05197
G1 X87.189 Y96.211 E.00732
G1 X87.189 Y98.129 E.0504
; stop printing object pod_header_usb_coupon.stl id:0 copy 0
M106 S143
;LAYER_CHANGE
;Z:8.08
;HEIGHT:0.16
G92 E0 ; zero the extruded length again
; BEFORE_LAYER_CHANGE 49 @ 8.08mm
G1 E-.7 F2100
;WIPE_START
G1 F2700
G1 X86.911 Y98.189 E-.08552
G1 X86.911 Y97.474 E-.21448
;WIPE_END
; AFTER_LAYER_CHANGE 49 @ 8.08mm
;_SET_FAN_SPEED_CHANGING_LAYER
; printing object pod_header_usb_coupon.stl id:0 copy 0
G1 F9000
G1 X86.4349 Y97.2453 Z8.10857
G1 X86.3174 Y96.7305 Z8.13714
G1 X86.6467 Y96.3177 Z8.16571
G1 X87.1747 Y96.3177 Z8.19429
G1 X87.5039 Y96.7305 Z8.22286
G1 X87.3864 Y97.2453 Z8.25143
G1 X86.9107 Y97.4744 Z8.28
G1 X86.894 Y97.474 Z8.28
G1 X79.377 Y126.377
G1 X79.79 Y126.79
G1 Z8.08
G1 E1 F2100
M204 P1000
;TYPE:Outer wall
;WIDTH:0.42
G1 F1800
G1 X76.21 Y126.79 E.08725
G1 X76.21 Y93.21 E.8184
G1 X79.79 Y93.21 E.08725
G1 X79.79 Y126.73 E.81694
G1 X79.377 Y126.377 F9000
G1 X79.376 Y126.376
G1 X79.389 Y126.389
M204 P1500
;TYPE:Inner wall
;WIDTH:0.45
G1 F2700
G1 X76.611 Y126.389 E.07299
G1 X76.611 Y93.611 E.86102
G1 X79.389 Y93.611 E.07299
G1 X79.389 Y126.329 E.85944
G1 X78.974 Y125.974 F9000
G1 F2700
G1 X77.026 Y125.974 E.05115
G1 X77.026 Y94.026 E.83918
G1 X78.974 Y94.026 E.05115
G1 X78.974 Y125.914 E.8376
G1 X78.558 Y125.558 F9000
G1 F2700
G1 X77.442 Y125.558 E.02932
G1 X77.442 Y94.442 E.81734
G1 X78.558 Y94.442 E.02932
G1 X78.558 Y125.498 E.81577
G1 X78.142 Y125.142 F9000
G1 F2700
G1 X77.858 Y125.142 E.00748
G1 X77.858 Y94.858 E.79551
G1 X78.142 Y94.858 E.00748
G1 X78.142 Y125.082 E.79393
G1 E-.7 F2100
;WIPE_START
G1 F2700
G1 X77.858 Y125.142 E-.08729
G1 X77.858 Y124.433 E-.21271
;WIPE_END
G1 X79.376 Y124.395 Z8.28 F9000
G1 X87.198 Y123.776
G1 X87.59 Y124.19
G1 Z8.08
G1 E1 F2100
M204 P1000
;TYPE:Outer wall
;WIDTH:0.42
G1 F1800
G1 X86.51 Y124.19 E.02632
G1 X86.51 Y121.41 E.06775
G1 X87.59 Y121.41 E.02632
G1 X87.59 Y124.13 E.06629
G1 X87.198 Y123.776 F9000
G1 X87.198 Y123.776
G1 X87.189 Y123.776
G1 X87.189 Y123.789
M204 P1500
;TYPE:Inner wall
;WIDTH:0.45
G1 F2700
G1 X86.911 Y123.789 E.00732
G1 X86.911 Y121.811 E.05197
G1 X87.189 Y121.811 E.00732
G1 X87.189 Y123.729 E.0504
G1 E-.7 F2100
;WIPE_START
G1 F2700
G1 X86.911 Y123.789 E-.08552
G1 X86.911 Y123.074 E-.21448
;WIPE_END
G1 X86.894 Y123.074 Z8.28 F9000
G1 X91.631 Y123.777
G1 X91.68 Y124.19
G1 Z8.08
G1 E1 F2100
M204 P1000
;TYPE:Outer wall
;WIDTH:0.42
G1 F1800
G1 X91.3 Y124.19 E.00926
G1 X91.3 Y121.41 E.06775
G1 X91.68 Y121.41 E.00926
G1 X91.68 Y124.13 E.06629
G1 X91.631 Y123.776 F9000
G1 X91.631 Y123.776
G1 X91.55 Y123.776
G1 X91.55 Y124.195
;TYPE:Ironing
;WIDTH:0.401288
;HEIGHT:0.006
G1 F900
G1 X91.55 Y121.45 E.0026
G1 X91.45 Y121.45 E.00009
G1 X91.45 Y124.15 E.00256
G1 X91.35 Y124.15 E.00009
G1 X91.35 Y121.405 E.0026
G1 E-.7 F2100
;WIPE_START
G1 F900
G1 X91.35 Y122.405 E-.3
;WIPE_END
G1 X91.334 Y122.405 Z8.28 F9000
G1 X101.791 Y123.777
G1 X101.84 Y124.19
G1 Z8.08
G1 E1 F2100
;TYPE:Outer wall
;WIDTH:0.42
;HEIGHT:0.16
G1 F1800
G1 X101.46 Y124.19 E.00926
G1 X101.46 Y121.41 E.06775
G1 X101.84 Y121.41 E.00926
G1 X101.84 Y124.13 E.06629
G1 X101.791 Y123.776 F9000
G1 X101.791 Y123.776
G1 X101.75 Y123.776
G1 X101.75 Y124.195
;TYPE:Ironing
;WIDTH:0.401288
;HEIGHT:0.006
G1 F900
G1 X101.75 Y121.45 E.0026
G1 X101.65 Y121.45 E.00009
G1 X101.65 Y124.15 E.00256
G1 X101.55 Y124.15 E.00009
G1 X101.55 Y121.405 E.0026
G1 E-.7 F2100
;WIPE_START
G1 F900
G1 X101.55 Y122.405 E-.3
;WIPE_END
G1 X101.494 Y122.405 Z8.28 F9000
G1 X114.491 Y123.776
G1 X114.54 Y124.19
G1 Z8.08
G1 E1 F2100
;TYPE:Outer wall
;WIDTH:0.42
;HEIGHT:0.16
G1 F1800
G1 X114.16 Y124.19 E.00926
G1 X114.16 Y121.41 E.06775
G1 X114.54 Y121.41 E.00926
G1 X114.54 Y124.13 E.06629
G1 X114.491 Y123.776 F9000
G1 X114.491 Y123.776
G1 X114.45 Y123.776
G1 X114.45 Y124.195
;TYPE:Ironing
;WIDTH:0.401288
;HEIGHT:0.006
G1 F900
G1 X114.45 Y121.45 E.0026
G1 X114.35 Y121.45 E.00009
G1 X114.35 Y124.15 E.00256
G1 X114.25 Y124.15 E.00009
G1 X114.25 Y121.405 E.0026
G1 E-.7 F2100
;WIPE_START
G1 F900
G1 X114.25 Y122.405 E-.3
;WIPE_END
G1 X114.194 Y122.405 Z8.28 F9000
G1 X124.651 Y123.777
G1 X124.7 Y124.19
G1 Z8.08
G1 E1 F2100
;TYPE:Outer wall
;WIDTH:0.42
;HEIGHT:0.16
G1 F1800
G1 X124.32 Y124.19 E.00926
G1 X124.32 Y121.41 E.06775
G1 X124.7 Y121.41 E.00926
G1 X124.7 Y124.13 E.06629
G1 X124.651 Y123.776 F9000
G1 X124.651 Y123.776
G1 X124.65 Y123.776
G1 X124.65 Y124.195
;TYPE:Ironing
;WIDTH:0.401288
;HEIGHT:0.006
G1 F900
G1 X124.65 Y121.45 E.0026
G1 X124.55 Y121.45 E.00009
G1 X124.55 Y124.15 E.00256
G1 X124.45 Y124.15 E.00009
G1 X124.45 Y121.405 E.0026
G1 E-.7 F2100
;WIPE_START
G1 F900
G1 X124.45 Y122.405 E-.3
;WIPE_END
G1 X124.354 Y122.405 Z8.28 F9000
G1 X129.098 Y123.776
G1 X129.49 Y124.19
G1 Z8.08
G1 E1 F2100
;TYPE:Outer wall
;WIDTH:0.42
;HEIGHT:0.16
G1 F1800
G1 X128.41 Y124.19 E.02632
G1 X128.41 Y121.41 E.06775
G1 X129.49 Y121.41 E.02632
G1 X129.49 Y124.13 E.06629
G1 X129.098 Y123.777 F9000
G1 X129.089 Y123.776
G1 X129.089 Y123.789
M204 P1500
;TYPE:Inner wall
;WIDTH:0.45
G1 F2700
G1 X128.811 Y123.789 E.00732
G1 X128.811 Y121.811 E.05197
G1 X129.089 Y121.811 E.00732
G1 X129.089 Y123.729 E.0504
G1 E-.7 F2100
;WIPE_START
G1 F2700
G1 X128.811 Y123.789 E-.08552
G1 X128.811 Y123.074 E-.21448
;WIPE_END
G1 X128.794 Y123.074 Z8.28 F9000
G1 X128.845 Y121.824
G1 X129.098 Y98.176
G1 X129.49 Y98.59
G1 Z8.08
G1 E1 F2100
M204 P1000
;TYPE:Outer wall
;WIDTH:0.42
G1 F1800
G1 X128.41 Y98.59 E.02632
G1 X128.41 Y95.81 E.06775
G1 X129.49 Y95.81 E.02632
G1 X129.49 Y98.53 E.06629
G1 X129.098 Y98.177 F9000
G1 X129.089 Y98.176
G1 X129.089 Y98.189
M204 P1500
;TYPE:Inner wall
;WIDTH:0.45
G1 F2700
G1 X128.811 Y98.189 E.00732
G1 X128.811 Y96.211 E.05197
G1 X129.089 Y96.211 E.00732
G1 X129.089 Y98.129 E.0504
G1 E-.7 F2100
;WIPE_START
G1 F2700
G1 X128.811 Y98.189 E-.08552
G1 X128.811 Y97.474 E-.21448
;WIPE_END
G1 X128.794 Y97.474 Z8.28 F9000
G1 X124.651 Y98.177
G1 X124.7 Y98.59
G1 Z8.08
G1 E1 F2100
M204 P1000
;TYPE:Outer wall
;WIDTH:0.42
G1 F1800
G1 X124.32 Y98.59 E.00926
G1 X124.32 Y95.81 E.06775
G1 X124.7 Y95.81 E.00926
G1 X124.7 Y98.53 E.06629
G1 X124.651 Y98.176 F9000
G1 X124.651 Y98.176
G1 X124.65 Y98.176
G1 X124.65 Y98.595
;TYPE:Ironing
;WIDTH:0.401288
;HEIGHT:0.006
G1 F900
G1 X124.65 Y95.85 E.0026
G1 X124.55 Y95.85 E.00009
G1 X124.55 Y98.55 E.00256
G1 X124.45 Y98.55 E.00009
G1 X124.45 Y95.805 E.0026
G1 E-.7 F2100
;WIPE_START
G1 F900
G1 X124.45 Y96.805 E-.3
;WIPE_END
G1 X124.354 Y96.805 Z8.28 F9000
G1 X114.491 Y98.176
G1 X114.54 Y98.59
G1 Z8.08
G1 E1 F2100
;TYPE:Outer wall
;WIDTH:0.42
;HEIGHT:0.16
G1 F1800
G1 X114.16 Y98.59 E.00926
G1 X114.16 Y95.81 E.06775
G1 X114.54 Y95.81 E.00926
G1 X114.54 Y98.53 E.06629
G1 X114.491 Y98.176 F9000
G1 X114.491 Y98.176
G1 X114.45 Y98.176
G1 X114.45 Y98.595
;TYPE:Ironing
;WIDTH:0.401288
;HEIGHT:0.006
G1 F900
G1 X114.45 Y95.85 E.0026
G1 X114.35 Y95.85 E.00009
G1 X114.35 Y98.55 E.00256
G1 X114.25 Y98.55 E.00009
G1 X114.25 Y95.805 E.0026
G1 E-.7 F2100
;WIPE_START
G1 F900
G1 X114.25 Y96.805 E-.3
;WIPE_END
G1 X114.194 Y96.805 Z8.28 F9000
G1 X101.791 Y98.177
G1 X101.84 Y98.59
G1 Z8.08
G1 E1 F2100
;TYPE:Outer wall
;WIDTH:0.42
;HEIGHT:0.16
G1 F1800
G1 X101.46 Y98.59 E.00926
G1 X101.46 Y95.81 E.06775
G1 X101.84 Y95.81 E.00926
G1 X101.84 Y98.53 E.06629
G1 X101.791 Y98.176 F9000
G1 X101.791 Y98.176
G1 X101.75 Y98.176
G1 X101.75 Y98.595
;TYPE:Ironing
;WIDTH:0.401288
;HEIGHT:0.006
G1 F900
G1 X101.75 Y95.85 E.0026
G1 X101.65 Y95.85 E.00009
G1 X101.65 Y98.55 E.00256
G1 X101.55 Y98.55 E.00009
G1 X101.55 Y95.805 E.0026
G1 E-.7 F2100
;WIPE_START
G1 F900
G1 X101.55 Y96.805 E-.3
;WIPE_END
G1 X101.494 Y96.805 Z8.28 F9000
G1 X91.631 Y98.177
G1 X91.68 Y98.59
G1 Z8.08
G1 E1 F2100
;TYPE:Outer wall
;WIDTH:0.42
;HEIGHT:0.16
G1 F1800
G1 X91.3 Y98.59 E.00926
G1 X91.3 Y95.81 E.06775
G1 X91.68 Y95.81 E.00926
G1 X91.68 Y98.53 E.06629
G1 X91.631 Y98.176 F9000
G1 X91.631 Y98.176
G1 X91.55 Y98.176
G1 X91.55 Y98.595
;TYPE:Ironing
;WIDTH:0.401288
;HEIGHT:0.006
G1 F900
G1 X91.55 Y95.85 E.0026
G1 X91.45 Y95.85 E.00009
G1 X91.45 Y98.55 E.00256
G1 X91.35 Y98.55 E.00009
G1 X91.35 Y95.805 E.0026
G1 E-.7 F2100
;WIPE_START
G1 F900
G1 X91.35 Y96.805 E-.3
;WIPE_END
G1 X91.334 Y96.805 Z8.28 F9000
G1 X87.198 Y98.176
G1 X87.59 Y98.59
G1 Z8.08
G1 E1 F2100
;TYPE:Outer wall
;WIDTH:0.42
;HEIGHT:0.16
G1 F1800
G1 X86.51 Y98.59 E.02632
G1 X86.51 Y95.81 E.06775
G1 X87.59 Y95.81 E.02632
G1 X87.59 Y98.53 E.06629
G1 X87.198 Y98.176 F9000
G1 X87.198 Y98.176
G1 X87.189 Y98.176
G1 X87.189 Y98.189
M204 P1500
;TYPE:Inner wall
;WIDTH:0.45
G1 F2700
G1 X86.911 Y98.189 E.00732
G1 X86.911 Y96.211 E.05197
G1 X87.189 Y96.211 E.00732
G1 X87.189 Y98.129 E.0504
; stop printing object pod_header_usb_coupon.stl id:0 copy 0
M106 S173
;LAYER_CHANGE
;Z:8.24
;HEIGHT:0.16
G92 E0 ; zero the extruded length again
; BEFORE_LAYER_CHANGE 50 @ 8.24mm
G1 E-.7 F2100
;WIPE_START
G1 F2700
G1 X86.911 Y98.189 E-.08552
G1 X86.911 Y97.474 E-.21448
;WIPE_END
; AFTER_LAYER_CHANGE 50 @ 8.24mm
;_SET_FAN_SPEED_CHANGING_LAYER
; printing object pod_header_usb_coupon.stl id:0 copy 0
G1 F9000
G1 X86.4349 Y97.2453 Z8.26857
G1 X86.3174 Y96.7305 Z8.29714
G1 X86.6467 Y96.3177 Z8.32571
G1 X87.1747 Y96.3177 Z8.35429
G1 X87.5039 Y96.7305 Z8.38286
G1 X87.3864 Y97.2453 Z8.41143
G1 X86.9107 Y97.4744 Z8.44
G1 X86.894 Y97.474 Z8.44
G1 X128.801 Y123.758
G1 X129.098 Y123.776
G1 X129.49 Y124.19
G1 Z8.24
G1 E1 F2100
M204 P1000
;TYPE:Outer wall
;WIDTH:0.42
G1 F1800
G1 X128.41 Y124.19 E.02632
G1 X128.41 Y121.41 E.06775
G1 X129.49 Y121.41 E.02632
G1 X129.49 Y124.13 E.06629
G1 X129.098 Y123.777 F9000
G1 X129.089 Y123.776
G1 X129.089 Y123.789
M204 P1500
;TYPE:Inner wall
;WIDTH:0.45
G1 F2700
G1 X128.811 Y123.789 E.00732
G1 X128.811 Y121.811 E.05197
G1 X129.089 Y121.811 E.00732
G1 X129.089 Y123.729 E.0504
G1 E-.7 F2100
;WIPE_START
G1 F2700
G1 X128.811 Y123.789 E-.08552
G1 X128.811 Y123.074 E-.21448
;WIPE_END
G1 X128.794 Y123.074 Z8.44 F9000
G1 X128.845 Y121.824
G1 X129.098 Y98.176
G1 X129.49 Y98.59
G1 Z8.24
G1 E1 F2100
M204 P1000
;TYPE:Outer wall
;WIDTH:0.42
G1 F1800
G1 X128.41 Y98.59 E.02632
G1 X128.41 Y95.81 E.06775
G1 X129.49 Y95.81 E.02632
G1 X129.49 Y98.53 E.06629
G1 X129.098 Y98.177 F9000
G1 X129.089 Y98.176
G1 X129.089 Y98.189
M204 P1500
;TYPE:Inner wall
;WIDTH:0.45
G1 F2700
G1 X128.811 Y98.189 E.00732
G1 X128.811 Y96.211 E.05197
G1 X129.089 Y96.211 E.00732
G1 X129.089 Y98.129 E.0504
G1 E-.7 F2100
;WIPE_START
G1 F2700
G1 X128.811 Y98.189 E-.08552
G1 X128.811 Y97.474 E-.21448
;WIPE_END
G1 X128.794 Y97.474 Z8.44 F9000
G1 X87.198 Y98.176
G1 X87.59 Y98.59
G1 Z8.24
G1 E1 F2100
M204 P1000
;TYPE:Outer wall
;WIDTH:0.42
G1 F1800
G1 X86.51 Y98.59 E.02632
G1 X86.51 Y95.81 E.06775
G1 X87.59 Y95.81 E.02632
G1 X87.59 Y98.53 E.06629
G1 X87.198 Y98.176 F9000
G1 X87.198 Y98.176
G1 X87.189 Y98.176
G1 X87.189 Y98.189
M204 P1500
;TYPE:Inner wall
;WIDTH:0.45
G1 F2700
G1 X86.911 Y98.189 E.00732
G1 X86.911 Y96.211 E.05197
G1 X87.189 Y96.211 E.00732
G1 X87.189 Y98.129 E.0504
G1 E-.7 F2100
;WIPE_START
G1 F2700
G1 X86.911 Y98.189 E-.08552
G1 X86.911 Y97.474 E-.21448
;WIPE_END
G1 X86.894 Y97.474 Z8.44 F9000
G1 X87.198 Y123.776
G1 X87.59 Y124.19
G1 Z8.24
G1 E1 F2100
M204 P1000
;TYPE:Outer wall
;WIDTH:0.42
G1 F1800
G1 X86.51 Y124.19 E.02632
G1 X86.51 Y121.41 E.06775
G1 X87.59 Y121.41 E.02632
G1 X87.59 Y124.13 E.06629
G1 X87.198 Y123.776 F9000
G1 X87.198 Y123.776
G1 X87.189 Y123.776
G1 X87.189 Y123.789
M204 P1500
;TYPE:Inner wall
;WIDTH:0.45
G1 F2700
G1 X86.911 Y123.789 E.00732
G1 X86.911 Y121.811 E.05197
G1 X87.189 Y121.811 E.00732
G1 X87.189 Y123.729 E.0504
G1 E-.7 F2100
;WIPE_START
G1 F2700
G1 X86.911 Y123.789 E-.08552
G1 X86.911 Y123.074 E-.21448
;WIPE_END
G1 X86.894 Y123.074 Z8.44 F9000
G1 X79.377 Y126.377
G1 X79.79 Y126.79
G1 Z8.24
G1 E1 F2100
M204 P1000
;TYPE:Outer wall
;WIDTH:0.42
G1 F1800
G1 X76.21 Y126.79 E.08725
G1 X76.21 Y93.21 E.8184
G1 X79.79 Y93.21 E.08725
G1 X79.79 Y126.73 E.81694
G1 X79.377 Y126.377 F9000
G1 X79.389 Y126.389
M204 P1500
;TYPE:Inner wall
;WIDTH:0.45
G1 F2700
G1 X76.611 Y126.389 E.07299
G1 X76.611 Y93.611 E.86102
G1 X79.389 Y93.611 E.07299
G1 X79.389 Y126.329 E.85944
G1 X78.974 Y125.974 F9000
G1 F2700
G1 X77.026 Y125.974 E.05115
G1 X77.026 Y94.026 E.83918
G1 X78.974 Y94.026 E.05115
G1 X78.974 Y125.914 E.8376
G1 X78.558 Y125.558 F9000
G1 F2700
G1 X77.442 Y125.558 E.02932
G1 X77.442 Y94.442 E.81734
G1 X78.558 Y94.442 E.02932
G1 X78.558 Y125.498 E.81577
G1 X78.142 Y125.142 F9000
G1 F2700
G1 X77.858 Y125.142 E.00748
G1 X77.858 Y94.858 E.79551
G1 X78.142 Y94.858 E.00748
G1 X78.142 Y125.082 E.79393
; stop printing object pod_header_usb_coupon.stl id:0 copy 0
;LAYER_CHANGE
;Z:8.4
;HEIGHT:0.16
G92 E0 ; zero the extruded length again
; BEFORE_LAYER_CHANGE 51 @ 8.4mm
G1 E-.7 F2100
;WIPE_START
G1 F2700
G1 X77.858 Y125.142 E-.08729
G1 X77.858 Y124.433 E-.21271
;WIPE_END
; AFTER_LAYER_CHANGE 51 @ 8.4mm
;_SET_FAN_SPEED_CHANGING_LAYER
; printing object pod_header_usb_coupon.stl id:0 copy 0
G1 F9000
G1 X78.3345 Y124.66 Z8.42857
G1 X78.4544 Y125.174 Z8.45714
G1 X78.1271 Y125.589 Z8.48571
G1 X77.5991 Y125.591 Z8.51429
G1 X77.2679 Y125.18 Z8.54286
G1 X77.383 Y124.665 Z8.57143
G1 X77.8577 Y124.433 Z8.6
G1 X79.376 Y124.426 Z8.6
G1 X129.098 Y123.776
G1 X129.49 Y124.19
G1 Z8.4
G1 E1 F2100
M204 P1000
;TYPE:Outer wall
;WIDTH:0.42
G1 F1800
G1 X128.41 Y124.19 E.02632
G1 X128.41 Y121.41 E.06775
G1 X129.49 Y121.41 E.02632
G1 X129.49 Y124.13 E.06629
G1 X129.098 Y123.777 F9000
G1 X129.089 Y123.776
G1 X129.089 Y123.789
M204 P1500
;TYPE:Inner wall
;WIDTH:0.45
G1 F2700
G1 X128.811 Y123.789 E.00732
G1 X128.811 Y121.811 E.05197
G1 X129.089 Y121.811 E.00732
G1 X129.089 Y123.729 E.0504
G1 E-.7 F2100
;WIPE_START
G1 F2700
G1 X128.811 Y123.789 E-.08552
G1 X128.811 Y123.074 E-.21448
;WIPE_END
G1 X128.794 Y123.074 Z8.6 F9000
G1 X128.845 Y121.824
G1 X129.098 Y98.176
G1 X129.49 Y98.59
G1 Z8.4
G1 E1 F2100
M204 P1000
;TYPE:Outer wall
;WIDTH:0.42
G1 F1800
G1 X128.41 Y98.59 E.02632
G1 X128.41 Y95.81 E.06775
G1 X129.49 Y95.81 E.02632
G1 X129.49 Y98.53 E.06629
G1 X129.098 Y98.177 F9000
G1 X129.089 Y98.176
G1 X129.089 Y98.189
M204 P1500
;TYPE:Inner wall
;WIDTH:0.45
G1 F2700
G1 X128.811 Y98.189 E.00732
G1 X128.811 Y96.211 E.05197
G1 X129.089 Y96.211 E.00732
G1 X129.089 Y98.129 E.0504
G1 E-.7 F2100
;WIPE_START
G1 F2700
G1 X128.811 Y98.189 E-.08552
G1 X128.811 Y97.474 E-.21448
;WIPE_END
G1 X128.794 Y97.474 Z8.6 F9000
G1 X87.198 Y98.176
G1 X87.59 Y98.59
G1 Z8.4
G1 E1 F2100
M204 P1000
;TYPE:Outer wall
;WIDTH:0.42
G1 F1800
G1 X86.51 Y98.59 E.02632
G1 X86.51 Y95.81 E.06775
G1 X87.59 Y95.81 E.02632
G1 X87.59 Y98.53 E.06629
G1 X87.198 Y98.176 F9000
G1 X87.198 Y98.176
G1 X87.189 Y98.176
G1 X87.189 Y98.189
M204 P1500
;TYPE:Inner wall
;WIDTH:0.45
G1 F2700
G1 X86.911 Y98.189 E.00732
G1 X86.911 Y96.211 E.05197
G1 X87.189 Y96.211 E.00732
G1 X87.189 Y98.129 E.0504
G1 E-.7 F2100
;WIPE_START
G1 F2700
G1 X86.911 Y98.189 E-.08552
G1 X86.911 Y97.474 E-.21448
;WIPE_END
G1 X86.894 Y97.474 Z8.6 F9000
G1 X87.198 Y123.776
G1 X87.59 Y124.19
G1 Z8.4
G1 E1 F2100
M204 P1000
;TYPE:Outer wall
;WIDTH:0.42
G1 F1800
G1 X86.51 Y124.19 E.02632
G1 X86.51 Y121.41 E.06775
G1 X87.59 Y121.41 E.02632
G1 X87.59 Y124.13 E.06629
G1 X87.198 Y123.776 F9000
G1 X87.198 Y123.776
G1 X87.189 Y123.776
G1 X87.189 Y123.789
M204 P1500
;TYPE:Inner wall
;WIDTH:0.45
G1 F2700
G1 X86.911 Y123.789 E.00732
G1 X86.911 Y121.811 E.05197
G1 X87.189 Y121.811 E.00732
G1 X87.189 Y123.729 E.0504
G1 E-.7 F2100
;WIPE_START
G1 F2700
G1 X86.911 Y123.789 E-.08552
G1 X86.911 Y123.074 E-.21448
;WIPE_END
G1 X86.894 Y123.074 Z8.6 F9000
G1 X79.377 Y126.377
G1 X79.79 Y126.79
G1 Z8.4
G1 E1 F2100
M204 P1000
;TYPE:Outer wall
;WIDTH:0.42
G1 F1800
G1 X76.21 Y126.79 E.08725
G1 X76.21 Y93.21 E.8184
G1 X79.79 Y93.21 E.08725
G1 X79.79 Y126.73 E.81694
G1 X79.377 Y126.377 F9000
G1 X79.389 Y126.389
M204 P1500
;TYPE:Inner wall
;WIDTH:0.45
G1 F2700
G1 X76.611 Y126.389 E.07299
G1 X76.611 Y93.611 E.86102
G1 X79.389 Y93.611 E.07299
G1 X79.389 Y126.329 E.85944
G1 X78.974 Y125.974 F9000
G1 F2700
G1 X77.026 Y125.974 E.05115
G1 X77.026 Y94.026 E.83918
G1 X78.974 Y94.026 E.05115
G1 X78.974 Y125.914 E.8376
G1 X78.558 Y125.558 F9000
G1 F2700
G1 X77.442 Y125.558 E.02932
G1 X77.442 Y94.442 E.81734
G1 X78.558 Y94.442 E.02932
G1 X78.558 Y125.498 E.81577
G1 X78.142 Y125.142 F9000
G1 F2700
G1 X77.858 Y125.142 E.00748
G1 X77.858 Y94.858 E.79551
G1 X78.142 Y94.858 E.00748
G1 X78.142 Y125.082 E.79393
; stop printing object pod_header_usb_coupon.stl id:0 copy 0
;LAYER_CHANGE
;Z:8.56
;HEIGHT:0.160001
G92 E0 ; zero the extruded length again
; BEFORE_LAYER_CHANGE 52 @ 8.56mm
G1 E-.7 F2100
;WIPE_START
G1 F2700
G1 X77.858 Y125.142 E-.08729
G1 X77.858 Y124.433 E-.21271
;WIPE_END
; AFTER_LAYER_CHANGE 52 @ 8.56mm
;_SET_FAN_SPEED_CHANGING_LAYER
; printing object pod_header_usb_coupon.stl id:0 copy 0
G1 F9000
G1 X78.3345 Y124.66 Z8.58857
G1 X78.4544 Y125.174 Z8.61714
G1 X78.1271 Y125.589 Z8.64571
G1 X77.5991 Y125.591 Z8.67429
G1 X77.2679 Y125.18 Z8.70286
G1 X77.383 Y124.665 Z8.73143
G1 X77.8577 Y124.433 Z8.76
G1 X79.376 Y124.426 Z8.76
G1 X129.098 Y123.776
G1 X129.49 Y124.19
G1 Z8.56
G1 E1 F2100
M204 P1000
;TYPE:Outer wall
;WIDTH:0.42
G1 F1800
G1 X128.41 Y124.19 E.02632
G1 X128.41 Y121.41 E.06775
G1 X129.49 Y121.41 E.02632
G1 X129.49 Y124.13 E.06629
G1 X129.098 Y123.777 F9000
G1 X129.089 Y123.776
G1 X129.089 Y123.789
M204 P1500
;TYPE:Inner wall
;WIDTH:0.45
G1 F2700
G1 X128.811 Y123.789 E.00732
G1 X128.811 Y121.811 E.05197
G1 X129.089 Y121.811 E.00732
G1 X129.089 Y123.729 E.0504
G1 E-.7 F2100
;WIPE_START
G1 F2700
G1 X128.811 Y123.789 E-.08552
G1 X128.811 Y123.074 E-.21448
;WIPE_END
G1 X128.794 Y123.074 Z8.76 F9000
G1 X128.845 Y121.824
G1 X129.098 Y98.176
G1 X129.49 Y98.59
G1 Z8.56
G1 E1 F2100
M204 P1000
;TYPE:Outer wall
;WIDTH:0.42
G1 F1800
G1 X128.41 Y98.59 E.02632
G1 X128.41 Y95.81 E.06775
G1 X129.49 Y95.81 E.02632
G1 X129.49 Y98.53 E.06629
G1 X129.098 Y98.177 F9000
G1 X129.089 Y98.176
G1 X129.089 Y98.189
M204 P1500
;TYPE:Inner wall
;WIDTH:0.45
G1 F2700
G1 X128.811 Y98.189 E.00732
G1 X128.811 Y96.211 E.05197
G1 X129.089 Y96.211 E.00732
G1 X129.089 Y98.129 E.0504
G1 E-.7 F2100
;WIPE_START
G1 F2700
G1 X128.811 Y98.189 E-.08552
G1 X128.811 Y97.474 E-.21448
;WIPE_END
G1 X128.794 Y97.474 Z8.76 F9000
G1 X87.198 Y98.176
G1 X87.59 Y98.59
G1 Z8.56
G1 E1 F2100
M204 P1000
;TYPE:Outer wall
;WIDTH:0.42
G1 F1800
G1 X86.51 Y98.59 E.02632
G1 X86.51 Y95.81 E.06775
G1 X87.59 Y95.81 E.02632
G1 X87.59 Y98.53 E.06629
G1 X87.198 Y98.176 F9000
G1 X87.198 Y98.176
G1 X87.189 Y98.176
G1 X87.189 Y98.189
M204 P1500
;TYPE:Inner wall
;WIDTH:0.45
G1 F2700
G1 X86.911 Y98.189 E.00732
G1 X86.911 Y96.211 E.05197
G1 X87.189 Y96.211 E.00732
G1 X87.189 Y98.129 E.0504
G1 E-.7 F2100
;WIPE_START
G1 F2700
G1 X86.911 Y98.189 E-.08552
G1 X86.911 Y97.474 E-.21448
;WIPE_END
G1 X86.894 Y97.474 Z8.76 F9000
G1 X87.198 Y123.776
G1 X87.59 Y124.19
G1 Z8.56
G1 E1 F2100
M204 P1000
;TYPE:Outer wall
;WIDTH:0.42
G1 F1800
G1 X86.51 Y124.19 E.02632
G1 X86.51 Y121.41 E.06775
G1 X87.59 Y121.41 E.02632
G1 X87.59 Y124.13 E.06629
G1 X87.198 Y123.776 F9000
G1 X87.198 Y123.776
G1 X87.189 Y123.776
G1 X87.189 Y123.789
M204 P1500
;TYPE:Inner wall
;WIDTH:0.45
G1 F2700
G1 X86.911 Y123.789 E.00732
G1 X86.911 Y121.811 E.05197
G1 X87.189 Y121.811 E.00732
G1 X87.189 Y123.729 E.0504
G1 E-.7 F2100
;WIPE_START
G1 F2700
G1 X86.911 Y123.789 E-.08552
G1 X86.911 Y123.074 E-.21448
;WIPE_END
G1 X86.894 Y123.074 Z8.76 F9000
G1 X79.377 Y126.377
G1 X79.79 Y126.79
G1 Z8.56
G1 E1 F2100
M204 P1000
;TYPE:Outer wall
;WIDTH:0.42
G1 F1800
G1 X76.21 Y126.79 E.08725
G1 X76.21 Y93.21 E.8184
G1 X79.79 Y93.21 E.08725
G1 X79.79 Y126.73 E.81694
G1 X79.377 Y126.377 F9000
G1 X79.389 Y126.389
M204 P1500
;TYPE:Inner wall
;WIDTH:0.45
G1 F2700
G1 X76.611 Y126.389 E.07299
G1 X76.611 Y93.611 E.86102
G1 X79.389 Y93.611 E.07299
G1 X79.389 Y126.329 E.85944
G1 X78.974 Y125.974 F9000
G1 F2700
G1 X77.026 Y125.974 E.05115
G1 X77.026 Y94.026 E.83918
G1 X78.974 Y94.026 E.05115
G1 X78.974 Y125.914 E.8376
G1 X78.558 Y125.558 F9000
G1 F2700
G1 X77.442 Y125.558 E.02932
G1 X77.442 Y94.442 E.81734
G1 X78.558 Y94.442 E.02932
G1 X78.558 Y125.498 E.81577
G1 X78.142 Y125.142 F9000
G1 F2700
G1 X77.858 Y125.142 E.00748
G1 X77.858 Y94.858 E.79551
G1 X78.142 Y94.858 E.00748
G1 X78.142 Y125.082 E.79393
; stop printing object pod_header_usb_coupon.stl id:0 copy 0
;LAYER_CHANGE
;Z:8.72
;HEIGHT:0.16
G92 E0 ; zero the extruded length again
; BEFORE_LAYER_CHANGE 53 @ 8.72mm
G1 E-.7 F2100
;WIPE_START
G1 F2700
G1 X77.858 Y125.142 E-.08729
G1 X77.858 Y124.433 E-.21271
;WIPE_END
; AFTER_LAYER_CHANGE 53 @ 8.72mm
;_SET_FAN_SPEED_CHANGING_LAYER
; printing object pod_header_usb_coupon.stl id:0 copy 0
G1 F9000
G1 X78.3345 Y124.66 Z8.74857
G1 X78.4544 Y125.174 Z8.77714
G1 X78.1271 Y125.589 Z8.80571
G1 X77.5991 Y125.591 Z8.83429
G1 X77.2679 Y125.18 Z8.86286
G1 X77.383 Y124.665 Z8.89143
G1 X77.8577 Y124.433 Z8.92
G1 X79.376 Y124.426 Z8.92
G1 X129.098 Y123.776
G1 X129.49 Y124.19
G1 Z8.72
G1 E1 F2100
M204 P1000
;TYPE:Outer wall
;WIDTH:0.42
G1 F1800
G1 X128.41 Y124.19 E.02632
G1 X128.41 Y121.41 E.06775
G1 X129.49 Y121.41 E.02632
G1 X129.49 Y124.13 E.06629
G1 X129.098 Y123.777 F9000
G1 X129.089 Y123.776
G1 X129.089 Y123.789
M204 P1500
;TYPE:Inner wall
;WIDTH:0.45
G1 F2700
G1 X128.811 Y123.789 E.00732
G1 X128.811 Y121.811 E.05197
G1 X129.089 Y121.811 E.00732
G1 X129.089 Y123.729 E.0504
G1 E-.7 F2100
;WIPE_START
G1 F2700
G1 X128.811 Y123.789 E-.08552
G1 X128.811 Y123.074 E-.21448
;WIPE_END
G1 X128.794 Y123.074 Z8.92 F9000
G1 X128.845 Y121.824
G1 X129.098 Y98.176
G1 X129.49 Y98.59
G1 Z8.72
G1 E1 F2100
M204 P1000
;TYPE:Outer wall
;WIDTH:0.42
G1 F1800
G1 X128.41 Y98.59 E.02632
G1 X128.41 Y95.81 E.06775
G1 X129.49 Y95.81 E.02632
G1 X129.49 Y98.53 E.06629
G1 X129.098 Y98.177 F9000
G1 X129.089 Y98.176
G1 X129.089 Y98.189
M204 P1500
;TYPE:Inner wall
;WIDTH:0.45
G1 F2700
G1 X128.811 Y98.189 E.00732
G1 X128.811 Y96.211 E.05197
G1 X129.089 Y96.211 E.00732
G1 X129.089 Y98.129 E.0504
G1 E-.7 F2100
;WIPE_START
G1 F2700
G1 X128.811 Y98.189 E-.08552
G1 X128.811 Y97.474 E-.21448
;WIPE_END
G1 X128.794 Y97.474 Z8.92 F9000
G1 X87.198 Y98.176
G1 X87.59 Y98.59
G1 Z8.72
G1 E1 F2100
M204 P1000
;TYPE:Outer wall
;WIDTH:0.42
G1 F1800
G1 X86.51 Y98.59 E.02632
G1 X86.51 Y95.81 E.06775
G1 X87.59 Y95.81 E.02632
G1 X87.59 Y98.53 E.06629
G1 X87.198 Y98.176 F9000
G1 X87.198 Y98.176
G1 X87.189 Y98.176
G1 X87.189 Y98.189
M204 P1500
;TYPE:Inner wall
;WIDTH:0.45
G1 F2700
G1 X86.911 Y98.189 E.00732
G1 X86.911 Y96.211 E.05197
G1 X87.189 Y96.211 E.00732
G1 X87.189 Y98.129 E.0504
G1 E-.7 F2100
;WIPE_START
G1 F2700
G1 X86.911 Y98.189 E-.08552
G1 X86.911 Y97.474 E-.21448
;WIPE_END
G1 X86.894 Y97.474 Z8.92 F9000
G1 X87.198 Y123.776
G1 X87.59 Y124.19
G1 Z8.72
G1 E1 F2100
M204 P1000
;TYPE:Outer wall
;WIDTH:0.42
G1 F1800
G1 X86.51 Y124.19 E.02632
G1 X86.51 Y121.41 E.06775
G1 X87.59 Y121.41 E.02632
G1 X87.59 Y124.13 E.06629
G1 X87.198 Y123.776 F9000
G1 X87.198 Y123.776
G1 X87.189 Y123.776
G1 X87.189 Y123.789
M204 P1500
;TYPE:Inner wall
;WIDTH:0.45
G1 F2700
G1 X86.911 Y123.789 E.00732
G1 X86.911 Y121.811 E.05197
G1 X87.189 Y121.811 E.00732
G1 X87.189 Y123.729 E.0504
G1 E-.7 F2100
;WIPE_START
G1 F2700
G1 X86.911 Y123.789 E-.08552
G1 X86.911 Y123.074 E-.21448
;WIPE_END
G1 X86.894 Y123.074 Z8.92 F9000
G1 X79.377 Y126.377
G1 X79.79 Y126.79
G1 Z8.72
G1 E1 F2100
M204 P1000
;TYPE:Outer wall
;WIDTH:0.42
G1 F1800
G1 X76.21 Y126.79 E.08725
G1 X76.21 Y93.21 E.8184
G1 X79.79 Y93.21 E.08725
G1 X79.79 Y126.73 E.81694
G1 X79.377 Y126.377 F9000
G1 X79.389 Y126.389
M204 P1500
;TYPE:Inner wall
;WIDTH:0.45
G1 F2700
G1 X76.611 Y126.389 E.07299
G1 X76.611 Y93.611 E.86102
G1 X79.389 Y93.611 E.07299
G1 X79.389 Y126.329 E.85944
G1 X78.974 Y125.974 F9000
G1 F2700
G1 X77.026 Y125.974 E.05115
G1 X77.026 Y94.026 E.83918
G1 X78.974 Y94.026 E.05115
G1 X78.974 Y125.914 E.8376
G1 X78.558 Y125.558 F9000
G1 F2700
G1 X77.442 Y125.558 E.02932
G1 X77.442 Y94.442 E.81734
G1 X78.558 Y94.442 E.02932
G1 X78.558 Y125.498 E.81577
G1 X78.142 Y125.142 F9000
G1 F2700
G1 X77.858 Y125.142 E.00748
G1 X77.858 Y94.858 E.79551
G1 X78.142 Y94.858 E.00748
G1 X78.142 Y125.082 E.79393
; stop printing object pod_header_usb_coupon.stl id:0 copy 0
;LAYER_CHANGE
;Z:8.88
;HEIGHT:0.16
G92 E0 ; zero the extruded length again
; BEFORE_LAYER_CHANGE 54 @ 8.88mm
G1 E-.7 F2100
;WIPE_START
G1 F2700
G1 X77.858 Y125.142 E-.08729
G1 X77.858 Y124.433 E-.21271
;WIPE_END
; AFTER_LAYER_CHANGE 54 @ 8.88mm
;_SET_FAN_SPEED_CHANGING_LAYER
; printing object pod_header_usb_coupon.stl id:0 copy 0
G1 F9000
G1 X78.3345 Y124.66 Z8.90857
G1 X78.4544 Y125.174 Z8.93714
G1 X78.1271 Y125.589 Z8.96571
G1 X77.5991 Y125.591 Z8.99429
G1 X77.2679 Y125.18 Z9.02286
G1 X77.383 Y124.665 Z9.05143
G1 X77.8577 Y124.433 Z9.08
G1 X79.376 Y124.426 Z9.08
G1 X129.098 Y123.776
G1 X129.49 Y124.19
G1 Z8.88
G1 E1 F2100
M204 P1000
;TYPE:Outer wall
;WIDTH:0.42
G1 F1800
G1 X128.41 Y124.19 E.02632
G1 X128.41 Y121.41 E.06775
G1 X129.49 Y121.41 E.02632
G1 X129.49 Y124.13 E.06629
G1 X129.098 Y123.777 F9000
G1 X129.089 Y123.776
G1 X129.089 Y123.789
M204 P1500
;TYPE:Inner wall
;WIDTH:0.45
G1 F2700
G1 X128.811 Y123.789 E.00732
G1 X128.811 Y121.811 E.05197
G1 X129.089 Y121.811 E.00732
G1 X129.089 Y123.729 E.0504
G1 E-.7 F2100
;WIPE_START
G1 F2700
G1 X128.811 Y123.789 E-.08552
G1 X128.811 Y123.074 E-.21448
;WIPE_END
G1 X128.794 Y123.074 Z9.08 F9000
G1 X128.845 Y121.824
G1 X129.098 Y98.176
G1 X129.49 Y98.59
G1 Z8.88
G1 E1 F2100
M204 P1000
;TYPE:Outer wall
;WIDTH:0.42
G1 F1800
G1 X128.41 Y98.59 E.02632
G1 X128.41 Y95.81 E.06775
G1 X129.49 Y95.81 E.02632
G1 X129.49 Y98.53 E.06629
G1 X129.098 Y98.177 F9000
G1 X129.089 Y98.176
G1 X129.089 Y98.189
M204 P1500
;TYPE:Inner wall
;WIDTH:0.45
G1 F2700
G1 X128.811 Y98.189 E.00732
G1 X128.811 Y96.211 E.05197
G1 X129.089 Y96.211 E.00732
G1 X129.089 Y98.129 E.0504
G1 E-.7 F2100
;WIPE_START
G1 F2700
G1 X128.811 Y98.189 E-.08552
G1 X128.811 Y97.474 E-.21448
;WIPE_END
G1 X128.794 Y97.474 Z9.08 F9000
G1 X87.198 Y98.176
G1 X87.59 Y98.59
G1 Z8.88
G1 E1 F2100
M204 P1000
;TYPE:Outer wall
;WIDTH:0.42
G1 F1800
G1 X86.51 Y98.59 E.02632
G1 X86.51 Y95.81 E.06775
G1 X87.59 Y95.81 E.02632
G1 X87.59 Y98.53 E.06629
G1 X87.198 Y98.176 F9000
G1 X87.198 Y98.176
G1 X87.189 Y98.176
G1 X87.189 Y98.189
M204 P1500
;TYPE:Inner wall
;WIDTH:0.45
G1 F2700
G1 X86.911 Y98.189 E.00732
G1 X86.911 Y96.211 E.05197
G1 X87.189 Y96.211 E.00732
G1 X87.189 Y98.129 E.0504
G1 E-.7 F2100
;WIPE_START
G1 F2700
G1 X86.911 Y98.189 E-.08552
G1 X86.911 Y97.474 E-.21448
;WIPE_END
G1 X86.894 Y97.474 Z9.08 F9000
G1 X87.198 Y123.776
G1 X87.59 Y124.19
G1 Z8.88
G1 E1 F2100
M204 P1000
;TYPE:Outer wall
;WIDTH:0.42
G1 F1800
G1 X86.51 Y124.19 E.02632
G1 X86.51 Y121.41 E.06775
G1 X87.59 Y121.41 E.02632
G1 X87.59 Y124.13 E.06629
G1 X87.198 Y123.776 F9000
G1 X87.198 Y123.776
G1 X87.189 Y123.776
G1 X87.189 Y123.789
M204 P1500
;TYPE:Inner wall
;WIDTH:0.45
G1 F2700
G1 X86.911 Y123.789 E.00732
G1 X86.911 Y121.811 E.05197
G1 X87.189 Y121.811 E.00732
G1 X87.189 Y123.729 E.0504
G1 E-.7 F2100
;WIPE_START
G1 F2700
G1 X86.911 Y123.789 E-.08552
G1 X86.911 Y123.074 E-.21448
;WIPE_END
G1 X86.894 Y123.074 Z9.08 F9000
G1 X79.377 Y126.377
G1 X79.79 Y126.79
G1 Z8.88
G1 E1 F2100
M204 P1000
;TYPE:Outer wall
;WIDTH:0.42
G1 F1800
G1 X76.21 Y126.79 E.08725
G1 X76.21 Y93.21 E.8184
G1 X79.79 Y93.21 E.08725
G1 X79.79 Y126.73 E.81694
G1 X79.377 Y126.377 F9000
G1 X79.389 Y126.389
M204 P1500
;TYPE:Inner wall
;WIDTH:0.45
G1 F2700
G1 X76.611 Y126.389 E.07299
G1 X76.611 Y93.611 E.86102
G1 X79.389 Y93.611 E.07299
G1 X79.389 Y126.329 E.85944
G1 X78.974 Y125.974 F9000
G1 F2700
G1 X77.026 Y125.974 E.05115
G1 X77.026 Y94.026 E.83918
G1 X78.974 Y94.026 E.05115
G1 X78.974 Y125.914 E.8376
G1 X78.558 Y125.558 F9000
G1 F2700
G1 X77.442 Y125.558 E.02932
G1 X77.442 Y94.442 E.81734
G1 X78.558 Y94.442 E.02932
G1 X78.558 Y125.498 E.81577
G1 X78.142 Y125.142 F9000
G1 F2700
G1 X77.858 Y125.142 E.00748
G1 X77.858 Y94.858 E.79551
G1 X78.142 Y94.858 E.00748
G1 X78.142 Y125.082 E.79393
; stop printing object pod_header_usb_coupon.stl id:0 copy 0
;LAYER_CHANGE
;Z:9.04
;HEIGHT:0.16
G92 E0 ; zero the extruded length again
; BEFORE_LAYER_CHANGE 55 @ 9.04mm
G1 E-.7 F2100
;WIPE_START
G1 F2700
G1 X77.858 Y125.142 E-.08729
G1 X77.858 Y124.433 E-.21271
;WIPE_END
; AFTER_LAYER_CHANGE 55 @ 9.04mm
;_SET_FAN_SPEED_CHANGING_LAYER
; printing object pod_header_usb_coupon.stl id:0 copy 0
G1 F9000
G1 X78.3345 Y124.66 Z9.06857
G1 X78.4544 Y125.174 Z9.09714
G1 X78.1271 Y125.589 Z9.12571
G1 X77.5991 Y125.591 Z9.15429
G1 X77.2679 Y125.18 Z9.18286
G1 X77.383 Y124.665 Z9.21143
G1 X77.8577 Y124.433 Z9.24
G1 X79.376 Y124.426 Z9.24
G1 X129.098 Y123.776
G1 X129.49 Y124.19
G1 Z9.04
G1 E1 F2100
M204 P1000
;TYPE:Outer wall
;WIDTH:0.42
G1 F1800
G1 X128.41 Y124.19 E.02632
G1 X128.41 Y121.41 E.06775
G1 X129.49 Y121.41 E.02632
G1 X129.49 Y124.13 E.06629
G1 X129.098 Y123.777 F9000
G1 X129.089 Y123.776
G1 X129.089 Y123.789
M204 P1500
;TYPE:Inner wall
;WIDTH:0.45
G1 F2700
G1 X128.811 Y123.789 E.00732
G1 X128.811 Y121.811 E.05197
G1 X129.089 Y121.811 E.00732
G1 X129.089 Y123.729 E.0504
G1 E-.7 F2100
;WIPE_START
G1 F2700
G1 X128.811 Y123.789 E-.08552
G1 X128.811 Y123.074 E-.21448
;WIPE_END
G1 X128.794 Y123.074 Z9.24 F9000
G1 X128.845 Y121.824
G1 X129.098 Y98.176
G1 X129.49 Y98.59
G1 Z9.04
G1 E1 F2100
M204 P1000
;TYPE:Outer wall
;WIDTH:0.42
G1 F1800
G1 X128.41 Y98.59 E.02632
G1 X128.41 Y95.81 E.06775
G1 X129.49 Y95.81 E.02632
G1 X129.49 Y98.53 E.06629
G1 X129.098 Y98.177 F9000
G1 X129.089 Y98.176
G1 X129.089 Y98.189
M204 P1500
;TYPE:Inner wall
;WIDTH:0.45
G1 F2700
G1 X128.811 Y98.189 E.00732
G1 X128.811 Y96.211 E.05197
G1 X129.089 Y96.211 E.00732
G1 X129.089 Y98.129 E.0504
G1 E-.7 F2100
;WIPE_START
G1 F2700
G1 X128.811 Y98.189 E-.08552
G1 X128.811 Y97.474 E-.21448
;WIPE_END
G1 X128.794 Y97.474 Z9.24 F9000
G1 X87.198 Y98.176
G1 X87.59 Y98.59
G1 Z9.04
G1 E1 F2100
M204 P1000
;TYPE:Outer wall
;WIDTH:0.42
G1 F1800
G1 X86.51 Y98.59 E.02632
G1 X86.51 Y95.81 E.06775
G1 X87.59 Y95.81 E.02632
G1 X87.59 Y98.53 E.06629
G1 X87.198 Y98.176 F9000
G1 X87.198 Y98.176
G1 X87.189 Y98.176
G1 X87.189 Y98.189
M204 P1500
;TYPE:Inner wall
;WIDTH:0.45
G1 F2700
G1 X86.911 Y98.189 E.00732
G1 X86.911 Y96.211 E.05197
G1 X87.189 Y96.211 E.00732
G1 X87.189 Y98.129 E.0504
G1 E-.7 F2100
;WIPE_START
G1 F2700
G1 X86.911 Y98.189 E-.08552
G1 X86.911 Y97.474 E-.21448
;WIPE_END
G1 X86.894 Y97.474 Z9.24 F9000
G1 X87.198 Y123.776
G1 X87.59 Y124.19
G1 Z9.04
G1 E1 F2100
M204 P1000
;TYPE:Outer wall
;WIDTH:0.42
G1 F1800
G1 X86.51 Y124.19 E.02632
G1 X86.51 Y121.41 E.06775
G1 X87.59 Y121.41 E.02632
G1 X87.59 Y124.13 E.06629
G1 X87.198 Y123.776 F9000
G1 X87.198 Y123.776
G1 X87.189 Y123.776
G1 X87.189 Y123.789
M204 P1500
;TYPE:Inner wall
;WIDTH:0.45
G1 F2700
G1 X86.911 Y123.789 E.00732
G1 X86.911 Y121.811 E.05197
G1 X87.189 Y121.811 E.00732
G1 X87.189 Y123.729 E.0504
G1 E-.7 F2100
;WIPE_START
G1 F2700
G1 X86.911 Y123.789 E-.08552
G1 X86.911 Y123.074 E-.21448
;WIPE_END
G1 X86.894 Y123.074 Z9.24 F9000
G1 X79.377 Y126.377
G1 X79.79 Y126.79
G1 Z9.04
G1 E1 F2100
M204 P1000
;TYPE:Outer wall
;WIDTH:0.42
G1 F1800
G1 X76.21 Y126.79 E.08725
G1 X76.21 Y93.21 E.8184
G1 X79.79 Y93.21 E.08725
G1 X79.79 Y126.73 E.81694
G1 X79.377 Y126.377 F9000
G1 X79.389 Y126.389
M204 P1500
;TYPE:Inner wall
;WIDTH:0.45
G1 F2700
G1 X76.611 Y126.389 E.07299
G1 X76.611 Y93.611 E.86102
G1 X79.389 Y93.611 E.07299
G1 X79.389 Y126.329 E.85944
G1 X78.974 Y125.974 F9000
G1 F2700
G1 X77.026 Y125.974 E.05115
G1 X77.026 Y94.026 E.83918
G1 X78.974 Y94.026 E.05115
G1 X78.974 Y125.914 E.8376
G1 X78.558 Y125.558 F9000
G1 F2700
G1 X77.442 Y125.558 E.02932
G1 X77.442 Y94.442 E.81734
G1 X78.558 Y94.442 E.02932
G1 X78.558 Y125.498 E.81577
G1 X78.142 Y125.142 F9000
G1 F2700
G1 X77.858 Y125.142 E.00748
G1 X77.858 Y94.858 E.79551
G1 X78.142 Y94.858 E.00748
G1 X78.142 Y125.082 E.79393
; stop printing object pod_header_usb_coupon.stl id:0 copy 0
;LAYER_CHANGE
;Z:9.2
;HEIGHT:0.16
G92 E0 ; zero the extruded length again
; BEFORE_LAYER_CHANGE 56 @ 9.2mm
G1 E-.7 F2100
;WIPE_START
G1 F2700
G1 X77.858 Y125.142 E-.08729
G1 X77.858 Y124.433 E-.21271
;WIPE_END
; AFTER_LAYER_CHANGE 56 @ 9.2mm
;_SET_FAN_SPEED_CHANGING_LAYER
; printing object pod_header_usb_coupon.stl id:0 copy 0
G1 F9000
G1 X78.3345 Y124.66 Z9.22857
G1 X78.4544 Y125.174 Z9.25714
G1 X78.1271 Y125.589 Z9.28571
G1 X77.5991 Y125.591 Z9.31429
G1 X77.2679 Y125.18 Z9.34286
G1 X77.383 Y124.665 Z9.37143
G1 X77.8577 Y124.433 Z9.4
G1 X79.376 Y124.426 Z9.4
G1 X129.098 Y123.776
G1 X129.49 Y124.19
G1 Z9.2
G1 E1 F2100
M204 P1000
;TYPE:Outer wall
;WIDTH:0.42
G1 F1800
G1 X128.41 Y124.19 E.02632
G1 X128.41 Y121.41 E.06775
G1 X129.49 Y121.41 E.02632
G1 X129.49 Y124.13 E.06629
G1 X129.098 Y123.777 F9000
G1 X129.089 Y123.776
G1 X129.089 Y123.789
M204 P1500
;TYPE:Inner wall
;WIDTH:0.45
G1 F2700
G1 X128.811 Y123.789 E.00732
G1 X128.811 Y121.811 E.05197
G1 X129.089 Y121.811 E.00732
G1 X129.089 Y123.729 E.0504
G1 E-.7 F2100
;WIPE_START
G1 F2700
G1 X128.811 Y123.789 E-.08552
G1 X128.811 Y123.074 E-.21448
;WIPE_END
G1 X128.794 Y123.074 Z9.4 F9000
G1 X128.845 Y121.824
G1 X129.098 Y98.176
G1 X129.49 Y98.59
G1 Z9.2
G1 E1 F2100
M204 P1000
;TYPE:Outer wall
;WIDTH:0.42
G1 F1800
G1 X128.41 Y98.59 E.02632
G1 X128.41 Y95.81 E.06775
G1 X129.49 Y95.81 E.02632
G1 X129.49 Y98.53 E.06629
G1 X129.098 Y98.177 F9000
G1 X129.089 Y98.176
G1 X129.089 Y98.189
M204 P1500
;TYPE:Inner wall
;WIDTH:0.45
G1 F2700
G1 X128.811 Y98.189 E.00732
G1 X128.811 Y96.211 E.05197
G1 X129.089 Y96.211 E.00732
G1 X129.089 Y98.129 E.0504
G1 E-.7 F2100
;WIPE_START
G1 F2700
G1 X128.811 Y98.189 E-.08552
G1 X128.811 Y97.474 E-.21448
;WIPE_END
G1 X128.794 Y97.474 Z9.4 F9000
G1 X87.198 Y98.176
G1 X87.59 Y98.59
G1 Z9.2
G1 E1 F2100
M204 P1000
;TYPE:Outer wall
;WIDTH:0.42
G1 F1800
G1 X86.51 Y98.59 E.02632
G1 X86.51 Y95.81 E.06775
G1 X87.59 Y95.81 E.02632
G1 X87.59 Y98.53 E.06629
G1 X87.198 Y98.176 F9000
G1 X87.198 Y98.176
G1 X87.189 Y98.176
G1 X87.189 Y98.189
M204 P1500
;TYPE:Inner wall
;WIDTH:0.45
G1 F2700
G1 X86.911 Y98.189 E.00732
G1 X86.911 Y96.211 E.05197
G1 X87.189 Y96.211 E.00732
G1 X87.189 Y98.129 E.0504
G1 E-.7 F2100
;WIPE_START
G1 F2700
G1 X86.911 Y98.189 E-.08552
G1 X86.911 Y97.474 E-.21448
;WIPE_END
G1 X86.894 Y97.474 Z9.4 F9000
G1 X87.198 Y123.776
G1 X87.59 Y124.19
G1 Z9.2
G1 E1 F2100
M204 P1000
;TYPE:Outer wall
;WIDTH:0.42
G1 F1800
G1 X86.51 Y124.19 E.02632
G1 X86.51 Y121.41 E.06775
G1 X87.59 Y121.41 E.02632
G1 X87.59 Y124.13 E.06629
G1 X87.198 Y123.776 F9000
G1 X87.198 Y123.776
G1 X87.189 Y123.776
G1 X87.189 Y123.789
M204 P1500
;TYPE:Inner wall
;WIDTH:0.45
G1 F2700
G1 X86.911 Y123.789 E.00732
G1 X86.911 Y121.811 E.05197
G1 X87.189 Y121.811 E.00732
G1 X87.189 Y123.729 E.0504
G1 E-.7 F2100
;WIPE_START
G1 F2700
G1 X86.911 Y123.789 E-.08552
G1 X86.911 Y123.074 E-.21448
;WIPE_END
G1 X86.894 Y123.074 Z9.4 F9000
G1 X79.377 Y126.377
G1 X79.79 Y126.79
G1 Z9.2
G1 E1 F2100
M204 P1000
;TYPE:Outer wall
;WIDTH:0.42
G1 F1800
G1 X76.21 Y126.79 E.08725
G1 X76.21 Y93.21 E.8184
G1 X79.79 Y93.21 E.08725
G1 X79.79 Y126.73 E.81694
G1 X79.377 Y126.377 F9000
G1 X79.389 Y126.389
M204 P1500
;TYPE:Inner wall
;WIDTH:0.45
G1 F2700
G1 X76.611 Y126.389 E.07299
G1 X76.611 Y93.611 E.86102
G1 X79.389 Y93.611 E.07299
G1 X79.389 Y126.329 E.85944
G1 X78.974 Y125.974 F9000
G1 F2700
G1 X77.026 Y125.974 E.05115
G1 X77.026 Y94.026 E.83918
G1 X78.974 Y94.026 E.05115
G1 X78.974 Y125.914 E.8376
G1 X78.558 Y125.558 F9000
G1 F2700
G1 X77.442 Y125.558 E.02932
G1 X77.442 Y94.442 E.81734
G1 X78.558 Y94.442 E.02932
G1 X78.558 Y125.498 E.81577
G1 X78.142 Y125.142 F9000
G1 F2700
G1 X77.858 Y125.142 E.00748
G1 X77.858 Y94.858 E.79551
G1 X78.142 Y94.858 E.00748
G1 X78.142 Y125.082 E.79393
; stop printing object pod_header_usb_coupon.stl id:0 copy 0
;LAYER_CHANGE
;Z:9.36
;HEIGHT:0.16
G92 E0 ; zero the extruded length again
; BEFORE_LAYER_CHANGE 57 @ 9.36mm
G1 E-.7 F2100
;WIPE_START
G1 F2700
G1 X77.858 Y125.142 E-.08729
G1 X77.858 Y124.433 E-.21271
;WIPE_END
; AFTER_LAYER_CHANGE 57 @ 9.36mm
;_SET_FAN_SPEED_CHANGING_LAYER
; printing object pod_header_usb_coupon.stl id:0 copy 0
G1 F9000
G1 X78.3345 Y124.66 Z9.38857
G1 X78.4544 Y125.174 Z9.41714
G1 X78.1271 Y125.589 Z9.44571
G1 X77.5991 Y125.591 Z9.47429
G1 X77.2679 Y125.18 Z9.50286
G1 X77.383 Y124.665 Z9.53143
G1 X77.8577 Y124.433 Z9.56
G1 X79.376 Y124.426 Z9.56
G1 X129.098 Y123.776
G1 X129.49 Y124.19
G1 Z9.36
G1 E1 F2100
M204 P1000
;TYPE:Outer wall
;WIDTH:0.42
G1 F1800
G1 X128.41 Y124.19 E.02632
G1 X128.41 Y121.41 E.06775
G1 X129.49 Y121.41 E.02632
G1 X129.49 Y124.13 E.06629
G1 X129.098 Y123.777 F9000
G1 X129.089 Y123.776
G1 X129.089 Y123.789
M204 P1500
;TYPE:Inner wall
;WIDTH:0.45
G1 F2700
G1 X128.811 Y123.789 E.00732
G1 X128.811 Y121.811 E.05197
G1 X129.089 Y121.811 E.00732
G1 X129.089 Y123.729 E.0504
G1 E-.7 F2100
;WIPE_START
G1 F2700
G1 X128.811 Y123.789 E-.08552
G1 X128.811 Y123.074 E-.21448
;WIPE_END
G1 X128.794 Y123.074 Z9.56 F9000
G1 X128.845 Y121.824
G1 X129.098 Y98.176
G1 X129.49 Y98.59
G1 Z9.36
G1 E1 F2100
M204 P1000
;TYPE:Outer wall
;WIDTH:0.42
G1 F1800
G1 X128.41 Y98.59 E.02632
G1 X128.41 Y95.81 E.06775
G1 X129.49 Y95.81 E.02632
G1 X129.49 Y98.53 E.06629
G1 X129.098 Y98.177 F9000
G1 X129.089 Y98.176
G1 X129.089 Y98.189
M204 P1500
;TYPE:Inner wall
;WIDTH:0.45
G1 F2700
G1 X128.811 Y98.189 E.00732
G1 X128.811 Y96.211 E.05197
G1 X129.089 Y96.211 E.00732
G1 X129.089 Y98.129 E.0504
G1 E-.7 F2100
;WIPE_START
G1 F2700
G1 X128.811 Y98.189 E-.08552
G1 X128.811 Y97.474 E-.21448
;WIPE_END
G1 X128.794 Y97.474 Z9.56 F9000
G1 X87.198 Y98.176
G1 X87.59 Y98.59
G1 Z9.36
G1 E1 F2100
M204 P1000
;TYPE:Outer wall
;WIDTH:0.42
G1 F1800
G1 X86.51 Y98.59 E.02632
G1 X86.51 Y95.81 E.06775
G1 X87.59 Y95.81 E.02632
G1 X87.59 Y98.53 E.06629
G1 X87.198 Y98.176 F9000
G1 X87.198 Y98.176
G1 X87.189 Y98.176
G1 X87.189 Y98.189
M204 P1500
;TYPE:Inner wall
;WIDTH:0.45
G1 F2700
G1 X86.911 Y98.189 E.00732
G1 X86.911 Y96.211 E.05197
G1 X87.189 Y96.211 E.00732
G1 X87.189 Y98.129 E.0504
G1 E-.7 F2100
;WIPE_START
G1 F2700
G1 X86.911 Y98.189 E-.08552
G1 X86.911 Y97.474 E-.21448
;WIPE_END
G1 X86.894 Y97.474 Z9.56 F9000
G1 X87.198 Y123.776
G1 X87.59 Y124.19
G1 Z9.36
G1 E1 F2100
M204 P1000
;TYPE:Outer wall
;WIDTH:0.42
G1 F1800
G1 X86.51 Y124.19 E.02632
G1 X86.51 Y121.41 E.06775
G1 X87.59 Y121.41 E.02632
G1 X87.59 Y124.13 E.06629
G1 X87.198 Y123.776 F9000
G1 X87.198 Y123.776
G1 X87.189 Y123.776
G1 X87.189 Y123.789
M204 P1500
;TYPE:Inner wall
;WIDTH:0.45
G1 F2700
G1 X86.911 Y123.789 E.00732
G1 X86.911 Y121.811 E.05197
G1 X87.189 Y121.811 E.00732
G1 X87.189 Y123.729 E.0504
G1 E-.7 F2100
;WIPE_START
G1 F2700
G1 X86.911 Y123.789 E-.08552
G1 X86.911 Y123.074 E-.21448
;WIPE_END
G1 X86.894 Y123.074 Z9.56 F9000
G1 X79.377 Y126.377
G1 X79.79 Y126.79
G1 Z9.36
G1 E1 F2100
M204 P1000
;TYPE:Outer wall
;WIDTH:0.42
G1 F1800
G1 X76.21 Y126.79 E.08725
G1 X76.21 Y93.21 E.8184
G1 X79.79 Y93.21 E.08725
G1 X79.79 Y126.73 E.81694
G1 X79.377 Y126.377 F9000
G1 X79.389 Y126.389
M204 P1500
;TYPE:Inner wall
;WIDTH:0.45
G1 F2700
G1 X76.611 Y126.389 E.07299
G1 X76.611 Y93.611 E.86102
G1 X79.389 Y93.611 E.07299
G1 X79.389 Y126.329 E.85944
G1 X78.974 Y125.974 F9000
G1 F2700
G1 X77.026 Y125.974 E.05115
G1 X77.026 Y94.026 E.83918
G1 X78.974 Y94.026 E.05115
G1 X78.974 Y125.914 E.8376
G1 X78.558 Y125.558 F9000
G1 F2700
G1 X77.442 Y125.558 E.02932
G1 X77.442 Y94.442 E.81734
G1 X78.558 Y94.442 E.02932
G1 X78.558 Y125.498 E.81577
G1 X78.142 Y125.142 F9000
G1 F2700
G1 X77.858 Y125.142 E.00748
G1 X77.858 Y94.858 E.79551
G1 X78.142 Y94.858 E.00748
G1 X78.142 Y125.082 E.79393
; stop printing object pod_header_usb_coupon.stl id:0 copy 0
;LAYER_CHANGE
;Z:9.52
;HEIGHT:0.160001
G92 E0 ; zero the extruded length again
; BEFORE_LAYER_CHANGE 58 @ 9.52mm
G1 E-.7 F2100
;WIPE_START
G1 F2700
G1 X77.858 Y125.142 E-.08729
G1 X77.858 Y124.433 E-.21271
;WIPE_END
; AFTER_LAYER_CHANGE 58 @ 9.52mm
;_SET_FAN_SPEED_CHANGING_LAYER
; printing object pod_header_usb_coupon.stl id:0 copy 0
G1 F9000
G1 X78.3345 Y124.66 Z9.54857
G1 X78.4544 Y125.174 Z9.57714
G1 X78.1271 Y125.589 Z9.60571
G1 X77.5991 Y125.591 Z9.63429
G1 X77.2679 Y125.18 Z9.66286
G1 X77.383 Y124.665 Z9.69143
G1 X77.8577 Y124.433 Z9.72
G1 X79.376 Y124.426 Z9.72
G1 X129.098 Y123.776
G1 X129.49 Y124.19
G1 Z9.52
G1 E1 F2100
M204 P1000
;TYPE:Outer wall
;WIDTH:0.42
G1 F1800
G1 X128.41 Y124.19 E.02632
G1 X128.41 Y121.41 E.06775
G1 X129.49 Y121.41 E.02632
G1 X129.49 Y124.13 E.06629
G1 X129.098 Y123.777 F9000
G1 X129.089 Y123.776
G1 X129.089 Y123.789
M204 P1500
;TYPE:Inner wall
;WIDTH:0.45
G1 F2700
G1 X128.811 Y123.789 E.00732
G1 X128.811 Y121.811 E.05197
G1 X129.089 Y121.811 E.00732
G1 X129.089 Y123.729 E.0504
G1 E-.7 F2100
;WIPE_START
G1 F2700
G1 X128.811 Y123.789 E-.08552
G1 X128.811 Y123.074 E-.21448
;WIPE_END
G1 X128.794 Y123.074 Z9.72 F9000
G1 X128.845 Y121.824
G1 X129.098 Y98.176
G1 X129.49 Y98.59
G1 Z9.52
G1 E1 F2100
M204 P1000
;TYPE:Outer wall
;WIDTH:0.42
G1 F1800
G1 X128.41 Y98.59 E.02632
G1 X128.41 Y95.81 E.06775
G1 X129.49 Y95.81 E.02632
G1 X129.49 Y98.53 E.06629
G1 X129.098 Y98.177 F9000
G1 X129.089 Y98.176
G1 X129.089 Y98.189
M204 P1500
;TYPE:Inner wall
;WIDTH:0.45
G1 F2700
G1 X128.811 Y98.189 E.00732
G1 X128.811 Y96.211 E.05197
G1 X129.089 Y96.211 E.00732
G1 X129.089 Y98.129 E.0504
G1 E-.7 F2100
;WIPE_START
G1 F2700
G1 X128.811 Y98.189 E-.08552
G1 X128.811 Y97.474 E-.21448
;WIPE_END
G1 X128.794 Y97.474 Z9.72 F9000
G1 X87.198 Y98.176
G1 X87.59 Y98.59
G1 Z9.52
G1 E1 F2100
M204 P1000
;TYPE:Outer wall
;WIDTH:0.42
G1 F1800
G1 X86.51 Y98.59 E.02632
G1 X86.51 Y95.81 E.06775
G1 X87.59 Y95.81 E.02632
G1 X87.59 Y98.53 E.06629
G1 X87.198 Y98.176 F9000
G1 X87.198 Y98.176
G1 X87.189 Y98.176
G1 X87.189 Y98.189
M204 P1500
;TYPE:Inner wall
;WIDTH:0.45
G1 F2700
G1 X86.911 Y98.189 E.00732
G1 X86.911 Y96.211 E.05197
G1 X87.189 Y96.211 E.00732
G1 X87.189 Y98.129 E.0504
G1 E-.7 F2100
;WIPE_START
G1 F2700
G1 X86.911 Y98.189 E-.08552
G1 X86.911 Y97.474 E-.21448
;WIPE_END
G1 X86.894 Y97.474 Z9.72 F9000
G1 X87.198 Y123.776
G1 X87.59 Y124.19
G1 Z9.52
G1 E1 F2100
M204 P1000
;TYPE:Outer wall
;WIDTH:0.42
G1 F1800
G1 X86.51 Y124.19 E.02632
G1 X86.51 Y121.41 E.06775
G1 X87.59 Y121.41 E.02632
G1 X87.59 Y124.13 E.06629
G1 X87.198 Y123.776 F9000
G1 X87.198 Y123.776
G1 X87.189 Y123.776
G1 X87.189 Y123.789
M204 P1500
;TYPE:Inner wall
;WIDTH:0.45
G1 F2700
G1 X86.911 Y123.789 E.00732
G1 X86.911 Y121.811 E.05197
G1 X87.189 Y121.811 E.00732
G1 X87.189 Y123.729 E.0504
G1 E-.7 F2100
;WIPE_START
G1 F2700
G1 X86.911 Y123.789 E-.08552
G1 X86.911 Y123.074 E-.21448
;WIPE_END
G1 X86.894 Y123.074 Z9.72 F9000
G1 X79.377 Y126.377
G1 X79.79 Y126.79
G1 Z9.52
G1 E1 F2100
M204 P1000
;TYPE:Outer wall
;WIDTH:0.42
G1 F1800
G1 X76.21 Y126.79 E.08725
G1 X76.21 Y93.21 E.8184
G1 X79.79 Y93.21 E.08725
G1 X79.79 Y126.73 E.81694
G1 X79.377 Y126.377 F9000
G1 X79.389 Y126.389
M204 P1500
;TYPE:Inner wall
;WIDTH:0.45
G1 F2700
G1 X76.611 Y126.389 E.07299
G1 X76.611 Y93.611 E.86102
G1 X79.389 Y93.611 E.07299
G1 X79.389 Y126.329 E.85944
G1 X78.974 Y125.974 F9000
G1 F2700
G1 X77.026 Y125.974 E.05115
G1 X77.026 Y94.026 E.83918
G1 X78.974 Y94.026 E.05115
G1 X78.974 Y125.914 E.8376
G1 X78.558 Y125.558 F9000
G1 F2700
G1 X77.442 Y125.558 E.02932
G1 X77.442 Y94.442 E.81734
G1 X78.558 Y94.442 E.02932
G1 X78.558 Y125.498 E.81577
G1 X78.142 Y125.142 F9000
G1 F2700
G1 X77.858 Y125.142 E.00748
G1 X77.858 Y94.858 E.79551
G1 X78.142 Y94.858 E.00748
G1 X78.142 Y125.082 E.79393
; stop printing object pod_header_usb_coupon.stl id:0 copy 0
;LAYER_CHANGE
;Z:9.68
;HEIGHT:0.16
G92 E0 ; zero the extruded length again
; BEFORE_LAYER_CHANGE 59 @ 9.68mm
G1 E-.7 F2100
;WIPE_START
G1 F2700
G1 X77.858 Y125.142 E-.08729
G1 X77.858 Y124.433 E-.21271
;WIPE_END
; AFTER_LAYER_CHANGE 59 @ 9.68mm
;_SET_FAN_SPEED_CHANGING_LAYER
; printing object pod_header_usb_coupon.stl id:0 copy 0
G1 F9000
G1 X78.3345 Y124.66 Z9.70857
G1 X78.4544 Y125.174 Z9.73714
G1 X78.1271 Y125.589 Z9.76571
G1 X77.5991 Y125.591 Z9.79429
G1 X77.2679 Y125.18 Z9.82286
G1 X77.383 Y124.665 Z9.85143
G1 X77.8577 Y124.433 Z9.88
G1 X79.376 Y124.426 Z9.88
G1 X129.098 Y123.776
G1 X129.49 Y124.19
G1 Z9.68
G1 E1 F2100
M204 P1000
;TYPE:Outer wall
;WIDTH:0.42
G1 F1800
G1 X128.41 Y124.19 E.02632
G1 X128.41 Y121.41 E.06775
G1 X129.49 Y121.41 E.02632
G1 X129.49 Y124.13 E.06629
G1 X129.098 Y123.777 F9000
G1 X129.089 Y123.776
G1 X129.089 Y123.789
M204 P1500
;TYPE:Inner wall
;WIDTH:0.45
G1 F2700
G1 X128.811 Y123.789 E.00732
G1 X128.811 Y121.811 E.05197
G1 X129.089 Y121.811 E.00732
G1 X129.089 Y123.729 E.0504
G1 E-.7 F2100
;WIPE_START
G1 F2700
G1 X128.811 Y123.789 E-.08552
G1 X128.811 Y123.074 E-.21448
;WIPE_END
G1 X128.794 Y123.074 Z9.88 F9000
G1 X128.845 Y121.824
G1 X129.098 Y98.176
G1 X129.49 Y98.59
G1 Z9.68
G1 E1 F2100
M204 P1000
;TYPE:Outer wall
;WIDTH:0.42
G1 F1800
G1 X128.41 Y98.59 E.02632
G1 X128.41 Y95.81 E.06775
G1 X129.49 Y95.81 E.02632
G1 X129.49 Y98.53 E.06629
G1 X129.098 Y98.177 F9000
G1 X129.089 Y98.176
G1 X129.089 Y98.189
M204 P1500
;TYPE:Inner wall
;WIDTH:0.45
G1 F2700
G1 X128.811 Y98.189 E.00732
G1 X128.811 Y96.211 E.05197
G1 X129.089 Y96.211 E.00732
G1 X129.089 Y98.129 E.0504
G1 E-.7 F2100
;WIPE_START
G1 F2700
G1 X128.811 Y98.189 E-.08552
G1 X128.811 Y97.474 E-.21448
;WIPE_END
G1 X128.794 Y97.474 Z9.88 F9000
G1 X87.198 Y98.176
G1 X87.59 Y98.59
G1 Z9.68
G1 E1 F2100
M204 P1000
;TYPE:Outer wall
;WIDTH:0.42
G1 F1800
G1 X86.51 Y98.59 E.02632
G1 X86.51 Y95.81 E.06775
G1 X87.59 Y95.81 E.02632
G1 X87.59 Y98.53 E.06629
G1 X87.198 Y98.176 F9000
G1 X87.198 Y98.176
G1 X87.189 Y98.176
G1 X87.189 Y98.189
M204 P1500
;TYPE:Inner wall
;WIDTH:0.45
G1 F2700
G1 X86.911 Y98.189 E.00732
G1 X86.911 Y96.211 E.05197
G1 X87.189 Y96.211 E.00732
G1 X87.189 Y98.129 E.0504
G1 E-.7 F2100
;WIPE_START
G1 F2700
G1 X86.911 Y98.189 E-.08552
G1 X86.911 Y97.474 E-.21448
;WIPE_END
G1 X86.894 Y97.474 Z9.88 F9000
G1 X87.198 Y123.776
G1 X87.59 Y124.19
G1 Z9.68
G1 E1 F2100
M204 P1000
;TYPE:Outer wall
;WIDTH:0.42
G1 F1800
G1 X86.51 Y124.19 E.02632
G1 X86.51 Y121.41 E.06775
G1 X87.59 Y121.41 E.02632
G1 X87.59 Y124.13 E.06629
G1 X87.198 Y123.776 F9000
G1 X87.198 Y123.776
G1 X87.189 Y123.776
G1 X87.189 Y123.789
M204 P1500
;TYPE:Inner wall
;WIDTH:0.45
G1 F2700
G1 X86.911 Y123.789 E.00732
G1 X86.911 Y121.811 E.05197
G1 X87.189 Y121.811 E.00732
G1 X87.189 Y123.729 E.0504
G1 E-.7 F2100
;WIPE_START
G1 F2700
G1 X86.911 Y123.789 E-.08552
G1 X86.911 Y123.074 E-.21448
;WIPE_END
G1 X86.894 Y123.074 Z9.88 F9000
G1 X79.377 Y126.377
G1 X79.79 Y126.79
G1 Z9.68
G1 E1 F2100
M204 P1000
;TYPE:Outer wall
;WIDTH:0.42
G1 F1800
G1 X76.21 Y126.79 E.08725
G1 X76.21 Y93.21 E.8184
G1 X79.79 Y93.21 E.08725
G1 X79.79 Y126.73 E.81694
G1 X79.377 Y126.377 F9000
G1 X79.389 Y126.389
M204 P1500
;TYPE:Inner wall
;WIDTH:0.45
G1 F2700
G1 X76.611 Y126.389 E.07299
G1 X76.611 Y93.611 E.86102
G1 X79.389 Y93.611 E.07299
G1 X79.389 Y126.329 E.85944
G1 X78.974 Y125.974 F9000
G1 F2700
G1 X77.026 Y125.974 E.05115
G1 X77.026 Y94.026 E.83918
G1 X78.974 Y94.026 E.05115
G1 X78.974 Y125.914 E.8376
G1 X78.558 Y125.558 F9000
G1 F2700
G1 X77.442 Y125.558 E.02932
G1 X77.442 Y94.442 E.81734
G1 X78.558 Y94.442 E.02932
G1 X78.558 Y125.498 E.81577
G1 X78.142 Y125.142 F9000
G1 F2700
G1 X77.858 Y125.142 E.00748
G1 X77.858 Y94.858 E.79551
G1 X78.142 Y94.858 E.00748
G1 X78.142 Y125.082 E.79393
; stop printing object pod_header_usb_coupon.stl id:0 copy 0
;LAYER_CHANGE
;Z:9.84
;HEIGHT:0.16
G92 E0 ; zero the extruded length again
; BEFORE_LAYER_CHANGE 60 @ 9.84mm
G1 E-.7 F2100
;WIPE_START
G1 F2700
G1 X77.858 Y125.142 E-.08729
G1 X77.858 Y124.433 E-.21271
;WIPE_END
; AFTER_LAYER_CHANGE 60 @ 9.84mm
;_SET_FAN_SPEED_CHANGING_LAYER
; printing object pod_header_usb_coupon.stl id:0 copy 0
G1 F9000
G1 X78.3345 Y124.66 Z9.86857
G1 X78.4544 Y125.174 Z9.89714
G1 X78.1271 Y125.589 Z9.92571
G1 X77.5991 Y125.591 Z9.95429
G1 X77.2679 Y125.18 Z9.98286
G1 X77.383 Y124.665 Z10.0114
G1 X77.8577 Y124.433 Z10.04
G1 X79.376 Y124.426 Z10.04
G1 X129.098 Y123.776
G1 X129.49 Y124.19
G1 Z9.84
G1 E1 F2100
M204 P1000
;TYPE:Outer wall
;WIDTH:0.42
G1 F1800
G1 X128.41 Y124.19 E.02632
G1 X128.41 Y121.41 E.06775
G1 X129.49 Y121.41 E.02632
G1 X129.49 Y124.13 E.06629
G1 X129.098 Y123.777 F9000
G1 X129.089 Y123.776
G1 X129.089 Y123.789
M204 P1500
;TYPE:Inner wall
;WIDTH:0.45
G1 F2700
G1 X128.811 Y123.789 E.00732
G1 X128.811 Y121.811 E.05197
G1 X129.089 Y121.811 E.00732
G1 X129.089 Y123.729 E.0504
G1 E-.7 F2100
;WIPE_START
G1 F2700
G1 X128.811 Y123.789 E-.08552
G1 X128.811 Y123.074 E-.21448
;WIPE_END
G1 X128.794 Y123.074 Z10.04 F9000
G1 X128.845 Y121.824
G1 X129.098 Y98.176
G1 X129.49 Y98.59
G1 Z9.84
G1 E1 F2100
M204 P1000
;TYPE:Outer wall
;WIDTH:0.42
G1 F1800
G1 X128.41 Y98.59 E.02632
G1 X128.41 Y95.81 E.06775
G1 X129.49 Y95.81 E.02632
G1 X129.49 Y98.53 E.06629
G1 X129.098 Y98.177 F9000
G1 X129.089 Y98.176
G1 X129.089 Y98.189
M204 P1500
;TYPE:Inner wall
;WIDTH:0.45
G1 F2700
G1 X128.811 Y98.189 E.00732
G1 X128.811 Y96.211 E.05197
G1 X129.089 Y96.211 E.00732
G1 X129.089 Y98.129 E.0504
G1 E-.7 F2100
;WIPE_START
G1 F2700
G1 X128.811 Y98.189 E-.08552
G1 X128.811 Y97.474 E-.21448
;WIPE_END
G1 X128.794 Y97.474 Z10.04 F9000
G1 X87.198 Y98.176
G1 X87.59 Y98.59
G1 Z9.84
G1 E1 F2100
M204 P1000
;TYPE:Outer wall
;WIDTH:0.42
G1 F1800
G1 X86.51 Y98.59 E.02632
G1 X86.51 Y95.81 E.06775
G1 X87.59 Y95.81 E.02632
G1 X87.59 Y98.53 E.06629
G1 X87.198 Y98.176 F9000
G1 X87.198 Y98.176
G1 X87.189 Y98.176
G1 X87.189 Y98.189
M204 P1500
;TYPE:Inner wall
;WIDTH:0.45
G1 F2700
G1 X86.911 Y98.189 E.00732
G1 X86.911 Y96.211 E.05197
G1 X87.189 Y96.211 E.00732
G1 X87.189 Y98.129 E.0504
G1 E-.7 F2100
;WIPE_START
G1 F2700
G1 X86.911 Y98.189 E-.08552
G1 X86.911 Y97.474 E-.21448
;WIPE_END
G1 X86.894 Y97.474 Z10.04 F9000
G1 X87.198 Y123.776
G1 X87.59 Y124.19
G1 Z9.84
G1 E1 F2100
M204 P1000
;TYPE:Outer wall
;WIDTH:0.42
G1 F1800
G1 X86.51 Y124.19 E.02632
G1 X86.51 Y121.41 E.06775
G1 X87.59 Y121.41 E.02632
G1 X87.59 Y124.13 E.06629
G1 X87.198 Y123.776 F9000
G1 X87.198 Y123.776
G1 X87.189 Y123.776
G1 X87.189 Y123.789
M204 P1500
;TYPE:Inner wall
;WIDTH:0.45
G1 F2700
G1 X86.911 Y123.789 E.00732
G1 X86.911 Y121.811 E.05197
G1 X87.189 Y121.811 E.00732
G1 X87.189 Y123.729 E.0504
G1 E-.7 F2100
;WIPE_START
G1 F2700
G1 X86.911 Y123.789 E-.08552
G1 X86.911 Y123.074 E-.21448
;WIPE_END
G1 X86.894 Y123.074 Z10.04 F9000
G1 X79.377 Y126.377
G1 X79.79 Y126.79
G1 Z9.84
G1 E1 F2100
M204 P1000
;TYPE:Outer wall
;WIDTH:0.42
G1 F1800
G1 X76.21 Y126.79 E.08725
G1 X76.21 Y93.21 E.8184
G1 X79.79 Y93.21 E.08725
G1 X79.79 Y126.73 E.81694
G1 X79.377 Y126.377 F9000
G1 X79.389 Y126.389
M204 P1500
;TYPE:Inner wall
;WIDTH:0.45
G1 F2700
G1 X76.611 Y126.389 E.07299
G1 X76.611 Y93.611 E.86102
G1 X79.389 Y93.611 E.07299
G1 X79.389 Y126.329 E.85944
G1 X78.974 Y125.974 F9000
G1 F2700
G1 X77.026 Y125.974 E.05115
G1 X77.026 Y94.026 E.83918
G1 X78.974 Y94.026 E.05115
G1 X78.974 Y125.914 E.8376
G1 X78.558 Y125.558 F9000
G1 F2700
G1 X77.442 Y125.558 E.02932
G1 X77.442 Y94.442 E.81734
G1 X78.558 Y94.442 E.02932
G1 X78.558 Y125.498 E.81577
G1 X78.142 Y125.142 F9000
G1 F2700
G1 X77.858 Y125.142 E.00748
G1 X77.858 Y94.858 E.79551
G1 X78.142 Y94.858 E.00748
G1 X78.142 Y125.082 E.79393
; stop printing object pod_header_usb_coupon.stl id:0 copy 0
;LAYER_CHANGE
;Z:10
;HEIGHT:0.16
G92 E0 ; zero the extruded length again
; BEFORE_LAYER_CHANGE 61 @ 10mm
G1 E-.7 F2100
;WIPE_START
G1 F2700
G1 X77.858 Y125.142 E-.08729
G1 X77.858 Y124.433 E-.21271
;WIPE_END
; AFTER_LAYER_CHANGE 61 @ 10mm
;_SET_FAN_SPEED_CHANGING_LAYER
; printing object pod_header_usb_coupon.stl id:0 copy 0
G1 F9000
G1 X78.3345 Y124.66 Z10.0286
G1 X78.4544 Y125.174 Z10.0571
G1 X78.1271 Y125.589 Z10.0857
G1 X77.5991 Y125.591 Z10.1143
G1 X77.2679 Y125.18 Z10.1429
G1 X77.383 Y124.665 Z10.1714
G1 X77.8577 Y124.433 Z10.2
G1 X79.376 Y124.426 Z10.2
G1 X129.098 Y123.776
G1 X129.49 Y124.19
G1 Z10
G1 E1 F2100
M204 P1000
;TYPE:Outer wall
;WIDTH:0.42
G1 F1800
G1 X128.41 Y124.19 E.02632
G1 X128.41 Y121.41 E.06775
G1 X129.49 Y121.41 E.02632
G1 X129.49 Y124.13 E.06629
G1 X129.098 Y123.777 F9000
G1 X129.089 Y123.776
G1 X129.089 Y123.789
M204 P1500
;TYPE:Inner wall
;WIDTH:0.45
G1 F2700
G1 X128.811 Y123.789 E.00732
G1 X128.811 Y121.811 E.05197
G1 X129.089 Y121.811 E.00732
G1 X129.089 Y123.729 E.0504
G1 E-.7 F2100
;WIPE_START
G1 F2700
G1 X128.811 Y123.789 E-.08552
G1 X128.811 Y123.074 E-.21448
;WIPE_END
G1 X128.794 Y123.074 Z10.2 F9000
G1 X128.845 Y121.824
G1 X129.098 Y98.176
G1 X129.49 Y98.59
G1 Z10
G1 E1 F2100
M204 P1000
;TYPE:Outer wall
;WIDTH:0.42
G1 F1800
G1 X128.41 Y98.59 E.02632
G1 X128.41 Y95.81 E.06775
G1 X129.49 Y95.81 E.02632
G1 X129.49 Y98.53 E.06629
G1 X129.098 Y98.177 F9000
G1 X129.089 Y98.176
G1 X129.089 Y98.189
M204 P1500
;TYPE:Inner wall
;WIDTH:0.45
G1 F2700
G1 X128.811 Y98.189 E.00732
G1 X128.811 Y96.211 E.05197
G1 X129.089 Y96.211 E.00732
G1 X129.089 Y98.129 E.0504
G1 E-.7 F2100
;WIPE_START
G1 F2700
G1 X128.811 Y98.189 E-.08552
G1 X128.811 Y97.474 E-.21448
;WIPE_END
G1 X128.794 Y97.474 Z10.2 F9000
G1 X87.198 Y98.176
G1 X87.59 Y98.59
G1 Z10
G1 E1 F2100
M204 P1000
;TYPE:Outer wall
;WIDTH:0.42
G1 F1800
G1 X86.51 Y98.59 E.02632
G1 X86.51 Y95.81 E.06775
G1 X87.59 Y95.81 E.02632
G1 X87.59 Y98.53 E.06629
G1 X87.198 Y98.176 F9000
G1 X87.198 Y98.176
G1 X87.189 Y98.176
G1 X87.189 Y98.189
M204 P1500
;TYPE:Inner wall
;WIDTH:0.45
G1 F2700
G1 X86.911 Y98.189 E.00732
G1 X86.911 Y96.211 E.05197
G1 X87.189 Y96.211 E.00732
G1 X87.189 Y98.129 E.0504
G1 E-.7 F2100
;WIPE_START
G1 F2700
G1 X86.911 Y98.189 E-.08552
G1 X86.911 Y97.474 E-.21448
;WIPE_END
G1 X86.894 Y97.474 Z10.2 F9000
G1 X87.198 Y123.776
G1 X87.59 Y124.19
G1 Z10
G1 E1 F2100
M204 P1000
;TYPE:Outer wall
;WIDTH:0.42
G1 F1800
G1 X86.51 Y124.19 E.02632
G1 X86.51 Y121.41 E.06775
G1 X87.59 Y121.41 E.02632
G1 X87.59 Y124.13 E.06629
G1 X87.198 Y123.776 F9000
G1 X87.198 Y123.776
G1 X87.189 Y123.776
G1 X87.189 Y123.789
M204 P1500
;TYPE:Inner wall
;WIDTH:0.45
G1 F2700
G1 X86.911 Y123.789 E.00732
G1 X86.911 Y121.811 E.05197
G1 X87.189 Y121.811 E.00732
G1 X87.189 Y123.729 E.0504
G1 E-.7 F2100
;WIPE_START
G1 F2700
G1 X86.911 Y123.789 E-.08552
G1 X86.911 Y123.074 E-.21448
;WIPE_END
G1 X86.894 Y123.074 Z10.2 F9000
G1 X79.377 Y126.377
G1 X79.79 Y126.79
G1 Z10
G1 E1 F2100
M204 P1000
;TYPE:Outer wall
;WIDTH:0.42
G1 F1800
G1 X76.21 Y126.79 E.08725
G1 X76.21 Y93.21 E.8184
G1 X79.79 Y93.21 E.08725
G1 X79.79 Y126.73 E.81694
G1 X79.377 Y126.377 F9000
G1 X79.389 Y126.389
M204 P1500
;TYPE:Inner wall
;WIDTH:0.45
G1 F2700
G1 X76.611 Y126.389 E.07299
G1 X76.611 Y93.611 E.86102
G1 X79.389 Y93.611 E.07299
G1 X79.389 Y126.329 E.85944
G1 X78.974 Y125.974 F9000
G1 F2700
G1 X77.026 Y125.974 E.05115
G1 X77.026 Y94.026 E.83918
G1 X78.974 Y94.026 E.05115
G1 X78.974 Y125.914 E.8376
G1 X78.558 Y125.558 F9000
G1 F2700
G1 X77.442 Y125.558 E.02932
G1 X77.442 Y94.442 E.81734
G1 X78.558 Y94.442 E.02932
G1 X78.558 Y125.498 E.81577
G1 X78.142 Y125.142 F9000
G1 F2700
G1 X77.858 Y125.142 E.00748
G1 X77.858 Y94.858 E.79551
G1 X78.142 Y94.858 E.00748
G1 X78.142 Y125.082 E.79393
; stop printing object pod_header_usb_coupon.stl id:0 copy 0
;LAYER_CHANGE
;Z:10.16
;HEIGHT:0.16
G92 E0 ; zero the extruded length again
; BEFORE_LAYER_CHANGE 62 @ 10.16mm
G1 E-.7 F2100
;WIPE_START
G1 F2700
G1 X77.858 Y125.142 E-.08729
G1 X77.858 Y124.433 E-.21271
;WIPE_END
; AFTER_LAYER_CHANGE 62 @ 10.16mm
;_SET_FAN_SPEED_CHANGING_LAYER
; printing object pod_header_usb_coupon.stl id:0 copy 0
G1 F9000
G1 X78.3345 Y124.66 Z10.1886
G1 X78.4544 Y125.174 Z10.2171
G1 X78.1271 Y125.589 Z10.2457
G1 X77.5991 Y125.591 Z10.2743
G1 X77.2679 Y125.18 Z10.3029
G1 X77.383 Y124.665 Z10.3314
G1 X77.8577 Y124.433 Z10.36
G1 X79.376 Y124.426 Z10.36
G1 X129.098 Y123.776
G1 X129.49 Y124.19
G1 Z10.16
G1 E1 F2100
M204 P1000
;TYPE:Outer wall
;WIDTH:0.42
G1 F1800
G1 X128.41 Y124.19 E.02632
G1 X128.41 Y121.41 E.06775
G1 X129.49 Y121.41 E.02632
G1 X129.49 Y124.13 E.06629
G1 X129.098 Y123.777 F9000
G1 X129.089 Y123.776
G1 X129.089 Y123.789
M204 P1500
;TYPE:Inner wall
;WIDTH:0.45
G1 F2700
G1 X128.811 Y123.789 E.00732
G1 X128.811 Y121.811 E.05197
G1 X129.089 Y121.811 E.00732
G1 X129.089 Y123.729 E.0504
G1 E-.7 F2100
;WIPE_START
G1 F2700
G1 X128.811 Y123.789 E-.08552
G1 X128.811 Y123.074 E-.21448
;WIPE_END
G1 X128.794 Y123.074 Z10.36 F9000
G1 X128.845 Y121.824
G1 X129.098 Y98.176
G1 X129.49 Y98.59
G1 Z10.16
G1 E1 F2100
M204 P1000
;TYPE:Outer wall
;WIDTH:0.42
G1 F1800
G1 X128.41 Y98.59 E.02632
G1 X128.41 Y95.81 E.06775
G1 X129.49 Y95.81 E.02632
G1 X129.49 Y98.53 E.06629
G1 X129.098 Y98.177 F9000
G1 X129.089 Y98.176
G1 X129.089 Y98.189
M204 P1500
;TYPE:Inner wall
;WIDTH:0.45
G1 F2700
G1 X128.811 Y98.189 E.00732
G1 X128.811 Y96.211 E.05197
G1 X129.089 Y96.211 E.00732
G1 X129.089 Y98.129 E.0504
G1 E-.7 F2100
;WIPE_START
G1 F2700
G1 X128.811 Y98.189 E-.08552
G1 X128.811 Y97.474 E-.21448
;WIPE_END
G1 X128.794 Y97.474 Z10.36 F9000
G1 X87.198 Y98.176
G1 X87.59 Y98.59
G1 Z10.16
G1 E1 F2100
M204 P1000
;TYPE:Outer wall
;WIDTH:0.42
G1 F1800
G1 X86.51 Y98.59 E.02632
G1 X86.51 Y95.81 E.06775
G1 X87.59 Y95.81 E.02632
G1 X87.59 Y98.53 E.06629
G1 X87.198 Y98.176 F9000
G1 X87.198 Y98.176
G1 X87.189 Y98.176
G1 X87.189 Y98.189
M204 P1500
;TYPE:Inner wall
;WIDTH:0.45
G1 F2700
G1 X86.911 Y98.189 E.00732
G1 X86.911 Y96.211 E.05197
G1 X87.189 Y96.211 E.00732
G1 X87.189 Y98.129 E.0504
G1 E-.7 F2100
;WIPE_START
G1 F2700
G1 X86.911 Y98.189 E-.08552
G1 X86.911 Y97.474 E-.21448
;WIPE_END
G1 X86.894 Y97.474 Z10.36 F9000
G1 X87.198 Y123.776
G1 X87.59 Y124.19
G1 Z10.16
G1 E1 F2100
M204 P1000
;TYPE:Outer wall
;WIDTH:0.42
G1 F1800
G1 X86.51 Y124.19 E.02632
G1 X86.51 Y121.41 E.06775
G1 X87.59 Y121.41 E.02632
G1 X87.59 Y124.13 E.06629
G1 X87.198 Y123.776 F9000
G1 X87.198 Y123.776
G1 X87.189 Y123.776
G1 X87.189 Y123.789
M204 P1500
;TYPE:Inner wall
;WIDTH:0.45
G1 F2700
G1 X86.911 Y123.789 E.00732
G1 X86.911 Y121.811 E.05197
G1 X87.189 Y121.811 E.00732
G1 X87.189 Y123.729 E.0504
G1 E-.7 F2100
;WIPE_START
G1 F2700
G1 X86.911 Y123.789 E-.08552
G1 X86.911 Y123.074 E-.21448
;WIPE_END
G1 X86.894 Y123.074 Z10.36 F9000
G1 X79.377 Y126.377
G1 X79.79 Y126.79
G1 Z10.16
G1 E1 F2100
M204 P1000
;TYPE:Outer wall
;WIDTH:0.42
G1 F1800
G1 X76.21 Y126.79 E.08725
G1 X76.21 Y93.21 E.8184
G1 X79.79 Y93.21 E.08725
G1 X79.79 Y126.73 E.81694
G1 X79.377 Y126.377 F9000
G1 X79.389 Y126.389
M204 P1500
;TYPE:Inner wall
;WIDTH:0.45
G1 F2700
G1 X76.611 Y126.389 E.07299
G1 X76.611 Y93.611 E.86102
G1 X79.389 Y93.611 E.07299
G1 X79.389 Y126.329 E.85944
G1 X78.974 Y125.974 F9000
G1 F2700
G1 X77.026 Y125.974 E.05115
G1 X77.026 Y94.026 E.83918
G1 X78.974 Y94.026 E.05115
G1 X78.974 Y125.914 E.8376
G1 X78.558 Y125.558 F9000
G1 F2700
G1 X77.442 Y125.558 E.02932
G1 X77.442 Y94.442 E.81734
G1 X78.558 Y94.442 E.02932
G1 X78.558 Y125.498 E.81577
G1 X78.142 Y125.142 F9000
G1 F2700
G1 X77.858 Y125.142 E.00748
G1 X77.858 Y94.858 E.79551
G1 X78.142 Y94.858 E.00748
G1 X78.142 Y125.082 E.79393
; stop printing object pod_header_usb_coupon.stl id:0 copy 0
;LAYER_CHANGE
;Z:10.32
;HEIGHT:0.16
G92 E0 ; zero the extruded length again
; BEFORE_LAYER_CHANGE 63 @ 10.32mm
G1 E-.7 F2100
;WIPE_START
G1 F2700
G1 X77.858 Y125.142 E-.08729
G1 X77.858 Y124.433 E-.21271
;WIPE_END
; AFTER_LAYER_CHANGE 63 @ 10.32mm
;_SET_FAN_SPEED_CHANGING_LAYER
; printing object pod_header_usb_coupon.stl id:0 copy 0
G1 F9000
G1 X78.3345 Y124.66 Z10.3486
G1 X78.4544 Y125.174 Z10.3771
G1 X78.1271 Y125.589 Z10.4057
G1 X77.5991 Y125.591 Z10.4343
G1 X77.2679 Y125.18 Z10.4629
G1 X77.383 Y124.665 Z10.4914
G1 X77.8577 Y124.433 Z10.52
G1 X79.376 Y124.426 Z10.52
G1 X129.098 Y123.776
G1 X129.49 Y124.19
G1 Z10.32
G1 E1 F2100
M204 P1000
;TYPE:Outer wall
;WIDTH:0.42
G1 F1800
G1 X128.41 Y124.19 E.02632
G1 X128.41 Y121.41 E.06775
G1 X129.49 Y121.41 E.02632
G1 X129.49 Y124.13 E.06629
G1 X129.098 Y123.777 F9000
G1 X129.089 Y123.776
G1 X129.089 Y123.789
M204 P1500
;TYPE:Inner wall
;WIDTH:0.45
G1 F2700
G1 X128.811 Y123.789 E.00732
G1 X128.811 Y121.811 E.05197
G1 X129.089 Y121.811 E.00732
G1 X129.089 Y123.729 E.0504
G1 E-.7 F2100
;WIPE_START
G1 F2700
G1 X128.811 Y123.789 E-.08552
G1 X128.811 Y123.074 E-.21448
;WIPE_END
G1 X128.794 Y123.074 Z10.52 F9000
G1 X128.845 Y121.824
G1 X129.098 Y98.176
G1 X129.49 Y98.59
G1 Z10.32
G1 E1 F2100
M204 P1000
;TYPE:Outer wall
;WIDTH:0.42
G1 F1800
G1 X128.41 Y98.59 E.02632
G1 X128.41 Y95.81 E.06775
G1 X129.49 Y95.81 E.02632
G1 X129.49 Y98.53 E.06629
G1 X129.098 Y98.177 F9000
G1 X129.089 Y98.176
G1 X129.089 Y98.189
M204 P1500
;TYPE:Inner wall
;WIDTH:0.45
G1 F2700
G1 X128.811 Y98.189 E.00732
G1 X128.811 Y96.211 E.05197
G1 X129.089 Y96.211 E.00732
G1 X129.089 Y98.129 E.0504
G1 E-.7 F2100
;WIPE_START
G1 F2700
G1 X128.811 Y98.189 E-.08552
G1 X128.811 Y97.474 E-.21448
;WIPE_END
G1 X128.794 Y97.474 Z10.52 F9000
G1 X87.198 Y98.176
G1 X87.59 Y98.59
G1 Z10.32
G1 E1 F2100
M204 P1000
;TYPE:Outer wall
;WIDTH:0.42
G1 F1800
G1 X86.51 Y98.59 E.02632
G1 X86.51 Y95.81 E.06775
G1 X87.59 Y95.81 E.02632
G1 X87.59 Y98.53 E.06629
G1 X87.198 Y98.176 F9000
G1 X87.198 Y98.176
G1 X87.189 Y98.176
G1 X87.189 Y98.189
M204 P1500
;TYPE:Inner wall
;WIDTH:0.45
G1 F2700
G1 X86.911 Y98.189 E.00732
G1 X86.911 Y96.211 E.05197
G1 X87.189 Y96.211 E.00732
G1 X87.189 Y98.129 E.0504
G1 E-.7 F2100
;WIPE_START
G1 F2700
G1 X86.911 Y98.189 E-.08552
G1 X86.911 Y97.474 E-.21448
;WIPE_END
G1 X86.894 Y97.474 Z10.52 F9000
G1 X87.198 Y123.776
G1 X87.59 Y124.19
G1 Z10.32
G1 E1 F2100
M204 P1000
;TYPE:Outer wall
;WIDTH:0.42
G1 F1800
G1 X86.51 Y124.19 E.02632
G1 X86.51 Y121.41 E.06775
G1 X87.59 Y121.41 E.02632
G1 X87.59 Y124.13 E.06629
G1 X87.198 Y123.776 F9000
G1 X87.198 Y123.776
G1 X87.189 Y123.776
G1 X87.189 Y123.789
M204 P1500
;TYPE:Inner wall
;WIDTH:0.45
G1 F2700
G1 X86.911 Y123.789 E.00732
G1 X86.911 Y121.811 E.05197
G1 X87.189 Y121.811 E.00732
G1 X87.189 Y123.729 E.0504
G1 E-.7 F2100
;WIPE_START
G1 F2700
G1 X86.911 Y123.789 E-.08552
G1 X86.911 Y123.074 E-.21448
;WIPE_END
G1 X86.894 Y123.074 Z10.52 F9000
G1 X79.377 Y126.377
G1 X79.79 Y126.79
G1 Z10.32
G1 E1 F2100
M204 P1000
;TYPE:Outer wall
;WIDTH:0.42
G1 F1800
G1 X76.21 Y126.79 E.08725
G1 X76.21 Y93.21 E.8184
G1 X79.79 Y93.21 E.08725
G1 X79.79 Y126.73 E.81694
G1 X79.377 Y126.377 F9000
G1 X79.389 Y126.389
M204 P1500
;TYPE:Inner wall
;WIDTH:0.45
G1 F2700
G1 X76.611 Y126.389 E.07299
G1 X76.611 Y93.611 E.86102
G1 X79.389 Y93.611 E.07299
G1 X79.389 Y126.329 E.85944
G1 X78.974 Y125.974 F9000
G1 F2700
G1 X77.026 Y125.974 E.05115
G1 X77.026 Y94.026 E.83918
G1 X78.974 Y94.026 E.05115
G1 X78.974 Y125.914 E.8376
G1 X78.558 Y125.558 F9000
G1 F2700
G1 X77.442 Y125.558 E.02932
G1 X77.442 Y94.442 E.81734
G1 X78.558 Y94.442 E.02932
G1 X78.558 Y125.498 E.81577
G1 X78.142 Y125.142 F9000
G1 F2700
G1 X77.858 Y125.142 E.00748
G1 X77.858 Y94.858 E.79551
G1 X78.142 Y94.858 E.00748
G1 X78.142 Y125.082 E.79393
; stop printing object pod_header_usb_coupon.stl id:0 copy 0
;LAYER_CHANGE
;Z:10.48
;HEIGHT:0.16
G92 E0 ; zero the extruded length again
; BEFORE_LAYER_CHANGE 64 @ 10.48mm
G1 E-.7 F2100
;WIPE_START
G1 F2700
G1 X77.858 Y125.142 E-.08729
G1 X77.858 Y124.433 E-.21271
;WIPE_END
; AFTER_LAYER_CHANGE 64 @ 10.48mm
;_SET_FAN_SPEED_CHANGING_LAYER
; printing object pod_header_usb_coupon.stl id:0 copy 0
G1 F9000
G1 X78.3345 Y124.66 Z10.5086
G1 X78.4544 Y125.174 Z10.5371
G1 X78.1271 Y125.589 Z10.5657
G1 X77.5991 Y125.591 Z10.5943
G1 X77.2679 Y125.18 Z10.6229
G1 X77.383 Y124.665 Z10.6514
G1 X77.8577 Y124.433 Z10.68
G1 X79.376 Y124.426 Z10.68
G1 X129.098 Y123.776
G1 X129.49 Y124.19
G1 Z10.48
G1 E1 F2100
M204 P1000
;TYPE:Outer wall
;WIDTH:0.42
G1 F1800
G1 X128.41 Y124.19 E.02632
G1 X128.41 Y121.41 E.06775
G1 X129.49 Y121.41 E.02632
G1 X129.49 Y124.13 E.06629
G1 X129.098 Y123.777 F9000
G1 X129.089 Y123.776
G1 X129.089 Y123.789
M204 P1500
;TYPE:Inner wall
;WIDTH:0.45
G1 F2700
G1 X128.811 Y123.789 E.00732
G1 X128.811 Y121.811 E.05197
G1 X129.089 Y121.811 E.00732
G1 X129.089 Y123.729 E.0504
G1 E-.7 F2100
;WIPE_START
G1 F2700
G1 X128.811 Y123.789 E-.08552
G1 X128.811 Y123.074 E-.21448
;WIPE_END
G1 X128.794 Y123.074 Z10.68 F9000
G1 X128.845 Y121.824
G1 X129.098 Y98.176
G1 X129.49 Y98.59
G1 Z10.48
G1 E1 F2100
M204 P1000
;TYPE:Outer wall
;WIDTH:0.42
G1 F1800
G1 X128.41 Y98.59 E.02632
G1 X128.41 Y95.81 E.06775
G1 X129.49 Y95.81 E.02632
G1 X129.49 Y98.53 E.06629
G1 X129.098 Y98.177 F9000
G1 X129.089 Y98.176
G1 X129.089 Y98.189
M204 P1500
;TYPE:Inner wall
;WIDTH:0.45
G1 F2700
G1 X128.811 Y98.189 E.00732
G1 X128.811 Y96.211 E.05197
G1 X129.089 Y96.211 E.00732
G1 X129.089 Y98.129 E.0504
G1 E-.7 F2100
;WIPE_START
G1 F2700
G1 X128.811 Y98.189 E-.08552
G1 X128.811 Y97.474 E-.21448
;WIPE_END
G1 X128.794 Y97.474 Z10.68 F9000
G1 X87.198 Y98.176
G1 X87.59 Y98.59
G1 Z10.48
G1 E1 F2100
M204 P1000
;TYPE:Outer wall
;WIDTH:0.42
G1 F1800
G1 X86.51 Y98.59 E.02632
G1 X86.51 Y95.81 E.06775
G1 X87.59 Y95.81 E.02632
G1 X87.59 Y98.53 E.06629
G1 X87.198 Y98.176 F9000
G1 X87.198 Y98.176
G1 X87.189 Y98.176
G1 X87.189 Y98.189
M204 P1500
;TYPE:Inner wall
;WIDTH:0.45
G1 F2700
G1 X86.911 Y98.189 E.00732
G1 X86.911 Y96.211 E.05197
G1 X87.189 Y96.211 E.00732
G1 X87.189 Y98.129 E.0504
G1 E-.7 F2100
;WIPE_START
G1 F2700
G1 X86.911 Y98.189 E-.08552
G1 X86.911 Y97.474 E-.21448
;WIPE_END
G1 X86.894 Y97.474 Z10.68 F9000
G1 X87.198 Y123.776
G1 X87.59 Y124.19
G1 Z10.48
G1 E1 F2100
M204 P1000
;TYPE:Outer wall
;WIDTH:0.42
G1 F1800
G1 X86.51 Y124.19 E.02632
G1 X86.51 Y121.41 E.06775
G1 X87.59 Y121.41 E.02632
G1 X87.59 Y124.13 E.06629
G1 X87.198 Y123.776 F9000
G1 X87.198 Y123.776
G1 X87.189 Y123.776
G1 X87.189 Y123.789
M204 P1500
;TYPE:Inner wall
;WIDTH:0.45
G1 F2700
G1 X86.911 Y123.789 E.00732
G1 X86.911 Y121.811 E.05197
G1 X87.189 Y121.811 E.00732
G1 X87.189 Y123.729 E.0504
G1 E-.7 F2100
;WIPE_START
G1 F2700
G1 X86.911 Y123.789 E-.08552
G1 X86.911 Y123.074 E-.21448
;WIPE_END
G1 X86.894 Y123.074 Z10.68 F9000
G1 X79.377 Y126.377
G1 X79.79 Y126.79
G1 Z10.48
G1 E1 F2100
M204 P1000
;TYPE:Outer wall
;WIDTH:0.42
G1 F1800
G1 X76.21 Y126.79 E.08725
G1 X76.21 Y93.21 E.8184
G1 X79.79 Y93.21 E.08725
G1 X79.79 Y126.73 E.81694
G1 X79.377 Y126.377 F9000
G1 X79.389 Y126.389
M204 P1500
;TYPE:Inner wall
;WIDTH:0.45
G1 F2700
G1 X76.611 Y126.389 E.07299
G1 X76.611 Y93.611 E.86102
G1 X79.389 Y93.611 E.07299
G1 X79.389 Y126.329 E.85944
G1 X78.974 Y125.974 F9000
G1 F2700
G1 X77.026 Y125.974 E.05115
G1 X77.026 Y94.026 E.83918
G1 X78.974 Y94.026 E.05115
G1 X78.974 Y125.914 E.8376
G1 X78.558 Y125.558 F9000
G1 F2700
G1 X77.442 Y125.558 E.02932
G1 X77.442 Y94.442 E.81734
G1 X78.558 Y94.442 E.02932
G1 X78.558 Y125.498 E.81577
G1 X78.142 Y125.142 F9000
G1 F2700
G1 X77.858 Y125.142 E.00748
G1 X77.858 Y94.858 E.79551
G1 X78.142 Y94.858 E.00748
G1 X78.142 Y125.082 E.79393
; stop printing object pod_header_usb_coupon.stl id:0 copy 0
;LAYER_CHANGE
;Z:10.64
;HEIGHT:0.160001
G92 E0 ; zero the extruded length again
; BEFORE_LAYER_CHANGE 65 @ 10.64mm
G1 E-.7 F2100
;WIPE_START
G1 F2700
G1 X77.858 Y125.142 E-.08729
G1 X77.858 Y124.433 E-.21271
;WIPE_END
; AFTER_LAYER_CHANGE 65 @ 10.64mm
;_SET_FAN_SPEED_CHANGING_LAYER
; printing object pod_header_usb_coupon.stl id:0 copy 0
G1 F9000
G1 X78.3345 Y124.66 Z10.6686
G1 X78.4544 Y125.174 Z10.6971
G1 X78.1271 Y125.589 Z10.7257
G1 X77.5991 Y125.591 Z10.7543
G1 X77.2679 Y125.18 Z10.7829
G1 X77.383 Y124.665 Z10.8114
G1 X77.8577 Y124.433 Z10.84
G1 X79.376 Y124.426 Z10.84
G1 X129.098 Y123.776
G1 X129.49 Y124.19
G1 Z10.64
G1 E1 F2100
M204 P1000
;TYPE:Outer wall
;WIDTH:0.42
G1 F1800
G1 X128.41 Y124.19 E.02632
G1 X128.41 Y121.41 E.06775
G1 X129.49 Y121.41 E.02632
G1 X129.49 Y124.13 E.06629
G1 X129.098 Y123.777 F9000
G1 X129.089 Y123.776
G1 X129.089 Y123.789
M204 P1500
;TYPE:Inner wall
;WIDTH:0.45
G1 F2700
G1 X128.811 Y123.789 E.00732
G1 X128.811 Y121.811 E.05197
G1 X129.089 Y121.811 E.00732
G1 X129.089 Y123.729 E.0504
G1 E-.7 F2100
;WIPE_START
G1 F2700
G1 X128.811 Y123.789 E-.08552
G1 X128.811 Y123.074 E-.21448
;WIPE_END
G1 X128.794 Y123.074 Z10.84 F9000
G1 X128.845 Y121.824
G1 X129.098 Y98.176
G1 X129.49 Y98.59
G1 Z10.64
G1 E1 F2100
M204 P1000
;TYPE:Outer wall
;WIDTH:0.42
G1 F1800
G1 X128.41 Y98.59 E.02632
G1 X128.41 Y95.81 E.06775
G1 X129.49 Y95.81 E.02632
G1 X129.49 Y98.53 E.06629
G1 X129.098 Y98.177 F9000
G1 X129.089 Y98.176
G1 X129.089 Y98.189
M204 P1500
;TYPE:Inner wall
;WIDTH:0.45
G1 F2700
G1 X128.811 Y98.189 E.00732
G1 X128.811 Y96.211 E.05197
G1 X129.089 Y96.211 E.00732
G1 X129.089 Y98.129 E.0504
G1 E-.7 F2100
;WIPE_START
G1 F2700
G1 X128.811 Y98.189 E-.08552
G1 X128.811 Y97.474 E-.21448
;WIPE_END
G1 X128.794 Y97.474 Z10.84 F9000
G1 X87.198 Y98.176
G1 X87.59 Y98.59
G1 Z10.64
G1 E1 F2100
M204 P1000
;TYPE:Outer wall
;WIDTH:0.42
G1 F1800
G1 X86.51 Y98.59 E.02632
G1 X86.51 Y95.81 E.06775
G1 X87.59 Y95.81 E.02632
G1 X87.59 Y98.53 E.06629
G1 X87.198 Y98.176 F9000
G1 X87.198 Y98.176
G1 X87.189 Y98.176
G1 X87.189 Y98.189
M204 P1500
;TYPE:Inner wall
;WIDTH:0.45
G1 F2700
G1 X86.911 Y98.189 E.00732
G1 X86.911 Y96.211 E.05197
G1 X87.189 Y96.211 E.00732
G1 X87.189 Y98.129 E.0504
G1 E-.7 F2100
;WIPE_START
G1 F2700
G1 X86.911 Y98.189 E-.08552
G1 X86.911 Y97.474 E-.21448
;WIPE_END
G1 X86.894 Y97.474 Z10.84 F9000
G1 X87.198 Y123.776
G1 X87.59 Y124.19
G1 Z10.64
G1 E1 F2100
M204 P1000
;TYPE:Outer wall
;WIDTH:0.42
G1 F1800
G1 X86.51 Y124.19 E.02632
G1 X86.51 Y121.41 E.06775
G1 X87.59 Y121.41 E.02632
G1 X87.59 Y124.13 E.06629
G1 X87.198 Y123.776 F9000
G1 X87.198 Y123.776
G1 X87.189 Y123.776
G1 X87.189 Y123.789
M204 P1500
;TYPE:Inner wall
;WIDTH:0.45
G1 F2700
G1 X86.911 Y123.789 E.00732
G1 X86.911 Y121.811 E.05197
G1 X87.189 Y121.811 E.00732
G1 X87.189 Y123.729 E.0504
G1 E-.7 F2100
;WIPE_START
G1 F2700
G1 X86.911 Y123.789 E-.08552
G1 X86.911 Y123.074 E-.21448
;WIPE_END
G1 X86.894 Y123.074 Z10.84 F9000
G1 X79.377 Y126.377
G1 X79.79 Y126.79
G1 Z10.64
G1 E1 F2100
M204 P1000
;TYPE:Outer wall
;WIDTH:0.42
G1 F1800
G1 X76.21 Y126.79 E.08725
G1 X76.21 Y93.21 E.8184
G1 X79.79 Y93.21 E.08725
G1 X79.79 Y126.73 E.81694
G1 X79.377 Y126.377 F9000
G1 X79.389 Y126.389
M204 P1500
;TYPE:Inner wall
;WIDTH:0.45
G1 F2700
G1 X76.611 Y126.389 E.07299
G1 X76.611 Y93.611 E.86102
G1 X79.389 Y93.611 E.07299
G1 X79.389 Y126.329 E.85944
G1 X78.974 Y125.974 F9000
G1 F2700
G1 X77.026 Y125.974 E.05115
G1 X77.026 Y94.026 E.83918
G1 X78.974 Y94.026 E.05115
G1 X78.974 Y125.914 E.8376
G1 X78.558 Y125.558 F9000
G1 F2700
G1 X77.442 Y125.558 E.02932
G1 X77.442 Y94.442 E.81734
G1 X78.558 Y94.442 E.02932
G1 X78.558 Y125.498 E.81577
G1 X78.142 Y125.142 F9000
G1 F2700
G1 X77.858 Y125.142 E.00748
G1 X77.858 Y94.858 E.79551
G1 X78.142 Y94.858 E.00748
G1 X78.142 Y125.082 E.79393
; stop printing object pod_header_usb_coupon.stl id:0 copy 0
;LAYER_CHANGE
;Z:10.8
;HEIGHT:0.16
G92 E0 ; zero the extruded length again
; BEFORE_LAYER_CHANGE 66 @ 10.8mm
G1 E-.7 F2100
;WIPE_START
G1 F2700
G1 X77.858 Y125.142 E-.08729
G1 X77.858 Y124.433 E-.21271
;WIPE_END
; AFTER_LAYER_CHANGE 66 @ 10.8mm
;_SET_FAN_SPEED_CHANGING_LAYER
; printing object pod_header_usb_coupon.stl id:0 copy 0
G1 F9000
G1 X78.3345 Y124.66 Z10.8286
G1 X78.4544 Y125.174 Z10.8571
G1 X78.1271 Y125.589 Z10.8857
G1 X77.5991 Y125.591 Z10.9143
G1 X77.2679 Y125.18 Z10.9429
G1 X77.383 Y124.665 Z10.9714
G1 X77.8577 Y124.433 Z11
G1 X79.376 Y124.426 Z11
G1 X129.098 Y123.776
G1 X129.49 Y124.19
G1 Z10.8
G1 E1 F2100
M204 P1000
;TYPE:Outer wall
;WIDTH:0.42
G1 F1800
G1 X128.41 Y124.19 E.02632
G1 X128.41 Y121.41 E.06775
G1 X129.49 Y121.41 E.02632
G1 X129.49 Y124.13 E.06629
G1 X129.098 Y123.777 F9000
G1 X129.089 Y123.776
G1 X129.089 Y123.789
M204 P1500
;TYPE:Inner wall
;WIDTH:0.45
G1 F2700
G1 X128.811 Y123.789 E.00732
G1 X128.811 Y121.811 E.05197
G1 X129.089 Y121.811 E.00732
G1 X129.089 Y123.729 E.0504
G1 E-.7 F2100
;WIPE_START
G1 F2700
G1 X128.811 Y123.789 E-.08552
G1 X128.811 Y123.074 E-.21448
;WIPE_END
G1 X128.794 Y123.074 Z11 F9000
G1 X128.845 Y121.824
G1 X129.098 Y98.176
G1 X129.49 Y98.59
G1 Z10.8
G1 E1 F2100
M204 P1000
;TYPE:Outer wall
;WIDTH:0.42
G1 F1800
G1 X128.41 Y98.59 E.02632
G1 X128.41 Y95.81 E.06775
G1 X129.49 Y95.81 E.02632
G1 X129.49 Y98.53 E.06629
G1 X129.098 Y98.177 F9000
G1 X129.089 Y98.176
G1 X129.089 Y98.189
M204 P1500
;TYPE:Inner wall
;WIDTH:0.45
G1 F2700
G1 X128.811 Y98.189 E.00732
G1 X128.811 Y96.211 E.05197
G1 X129.089 Y96.211 E.00732
G1 X129.089 Y98.129 E.0504
G1 E-.7 F2100
;WIPE_START
G1 F2700
G1 X128.811 Y98.189 E-.08552
G1 X128.811 Y97.474 E-.21448
;WIPE_END
G1 X128.794 Y97.474 Z11 F9000
G1 X87.198 Y98.176
G1 X87.59 Y98.59
G1 Z10.8
G1 E1 F2100
M204 P1000
;TYPE:Outer wall
;WIDTH:0.42
G1 F1800
G1 X86.51 Y98.59 E.02632
G1 X86.51 Y95.81 E.06775
G1 X87.59 Y95.81 E.02632
G1 X87.59 Y98.53 E.06629
G1 X87.198 Y98.176 F9000
G1 X87.198 Y98.176
G1 X87.189 Y98.176
G1 X87.189 Y98.189
M204 P1500
;TYPE:Inner wall
;WIDTH:0.45
G1 F2700
G1 X86.911 Y98.189 E.00732
G1 X86.911 Y96.211 E.05197
G1 X87.189 Y96.211 E.00732
G1 X87.189 Y98.129 E.0504
G1 E-.7 F2100
;WIPE_START
G1 F2700
G1 X86.911 Y98.189 E-.08552
G1 X86.911 Y97.474 E-.21448
;WIPE_END
G1 X86.894 Y97.474 Z11 F9000
G1 X87.198 Y123.776
G1 X87.59 Y124.19
G1 Z10.8
G1 E1 F2100
M204 P1000
;TYPE:Outer wall
;WIDTH:0.42
G1 F1800
G1 X86.51 Y124.19 E.02632
G1 X86.51 Y121.41 E.06775
G1 X87.59 Y121.41 E.02632
G1 X87.59 Y124.13 E.06629
G1 X87.198 Y123.776 F9000
G1 X87.198 Y123.776
G1 X87.189 Y123.776
G1 X87.189 Y123.789
M204 P1500
;TYPE:Inner wall
;WIDTH:0.45
G1 F2700
G1 X86.911 Y123.789 E.00732
G1 X86.911 Y121.811 E.05197
G1 X87.189 Y121.811 E.00732
G1 X87.189 Y123.729 E.0504
G1 E-.7 F2100
;WIPE_START
G1 F2700
G1 X86.911 Y123.789 E-.08552
G1 X86.911 Y123.074 E-.21448
;WIPE_END
G1 X86.894 Y123.074 Z11 F9000
G1 X79.377 Y126.377
G1 X79.79 Y126.79
G1 Z10.8
G1 E1 F2100
M204 P1000
;TYPE:Outer wall
;WIDTH:0.42
G1 F1800
G1 X76.21 Y126.79 E.08725
G1 X76.21 Y93.21 E.8184
G1 X79.79 Y93.21 E.08725
G1 X79.79 Y126.73 E.81694
G1 X79.377 Y126.377 F9000
G1 X79.389 Y126.389
M204 P1500
;TYPE:Inner wall
;WIDTH:0.45
G1 F2700
G1 X76.611 Y126.389 E.07299
G1 X76.611 Y93.611 E.86102
G1 X79.389 Y93.611 E.07299
G1 X79.389 Y126.329 E.85944
G1 X78.974 Y125.974 F9000
G1 F2700
G1 X77.026 Y125.974 E.05115
G1 X77.026 Y94.026 E.83918
G1 X78.974 Y94.026 E.05115
G1 X78.974 Y125.914 E.8376
G1 X78.558 Y125.558 F9000
G1 F2700
G1 X77.442 Y125.558 E.02932
G1 X77.442 Y94.442 E.81734
G1 X78.558 Y94.442 E.02932
G1 X78.558 Y125.498 E.81577
G1 X78.142 Y125.142 F9000
G1 F2700
G1 X77.858 Y125.142 E.00748
G1 X77.858 Y94.858 E.79551
G1 X78.142 Y94.858 E.00748
G1 X78.142 Y125.082 E.79393
; stop printing object pod_header_usb_coupon.stl id:0 copy 0
M106 S143
;LAYER_CHANGE
;Z:10.96
;HEIGHT:0.16
G92 E0 ; zero the extruded length again
; BEFORE_LAYER_CHANGE 67 @ 10.96mm
G1 E-.7 F2100
;WIPE_START
G1 F2700
G1 X77.858 Y125.142 E-.08729
G1 X77.858 Y124.433 E-.21271
;WIPE_END
; AFTER_LAYER_CHANGE 67 @ 10.96mm
;_SET_FAN_SPEED_CHANGING_LAYER
; printing object pod_header_usb_coupon.stl id:0 copy 0
G1 F9000
G1 X78.3345 Y124.66 Z10.9886
G1 X78.4544 Y125.174 Z11.0171
G1 X78.1271 Y125.589 Z11.0457
G1 X77.5991 Y125.591 Z11.0743
G1 X77.2679 Y125.18 Z11.1029
G1 X77.383 Y124.665 Z11.1314
G1 X77.8577 Y124.433 Z11.16
G1 X79.376 Y124.426 Z11.16
G1 X129.49 Y124.19
G1 Z10.96
G1 E1 F2100
M204 P1000
;TYPE:Outer wall
;WIDTH:0.42
G1 F1800
G1 X128.41 Y124.19 E.02632
G1 X128.41 Y121.41 E.06775
G1 X129.49 Y121.41 E.02632
G1 X129.49 Y124.13 E.06629
G1 X129.172 Y124.074 F9000
;TYPE:Top surface
;WIDTH:0.477929
G1 F1800
G1 X129.172 Y121.699 E.06658
G1 X128.728 Y121.699 E.01244
G1 X128.728 Y124.074 E.06658
G1 X129.45 Y124.195 F9000
;TYPE:Ironing
;WIDTH:0.401288
;HEIGHT:0.006
G1 F900
G1 X129.45 Y121.45 E.0026
G1 X129.35 Y121.45 E.00009
G1 X129.35 Y124.15 E.00256
G1 X129.25 Y124.15 E.00009
G1 X129.25 Y121.45 E.00256
G1 X129.15 Y121.45 E.00009
G1 X129.15 Y124.15 E.00256
G1 X129.05 Y124.15 E.00009
G1 X129.05 Y121.45 E.00256
G1 X128.95 Y121.45 E.00009
G1 X128.95 Y124.15 E.00256
G1 X128.85 Y124.15 E.00009
G1 X128.85 Y121.45 E.00256
G1 X128.75 Y121.45 E.00009
G1 X128.75 Y124.15 E.00256
G1 X128.65 Y124.15 E.00009
G1 X128.65 Y121.45 E.00256
G1 X128.55 Y121.45 E.00009
G1 X128.55 Y124.195 E.0026
G1 E-.7 F2100
;WIPE_START
G1 F900
G1 X128.55 Y123.195 E-.3
;WIPE_END
G1 X128.696 Y119.382 Z11.16 F9000
G1 X129.49 Y98.59 Z11.16
G1 Z10.96
G1 E1 F2100
;TYPE:Outer wall
;WIDTH:0.42
;HEIGHT:0.16
G1 F1800
G1 X128.41 Y98.59 E.02632
G1 X128.41 Y95.81 E.06775
G1 X129.49 Y95.81 E.02632
G1 X129.49 Y98.53 E.06629
G1 X129.172 Y98.474 F9000
;TYPE:Top surface
;WIDTH:0.477929
G1 F1800
G1 X129.172 Y96.099 E.06658
G1 X128.728 Y96.099 E.01244
G1 X128.728 Y98.474 E.06658
G1 X129.45 Y98.595 F9000
;TYPE:Ironing
;WIDTH:0.401288
;HEIGHT:0.006
G1 F900
G1 X129.45 Y95.85 E.0026
G1 X129.35 Y95.85 E.00009
G1 X129.35 Y98.55 E.00256
G1 X129.25 Y98.55 E.00009
G1 X129.25 Y95.85 E.00256
G1 X129.15 Y95.85 E.00009
G1 X129.15 Y98.55 E.00256
G1 X129.05 Y98.55 E.00009
G1 X129.05 Y95.85 E.00256
G1 X128.95 Y95.85 E.00009
G1 X128.95 Y98.55 E.00256
G1 X128.85 Y98.55 E.00009
G1 X128.85 Y95.85 E.00256
G1 X128.75 Y95.85 E.00009
G1 X128.75 Y98.55 E.00256
G1 X128.65 Y98.55 E.00009
G1 X128.65 Y95.85 E.00256
G1 X128.55 Y95.85 E.00009
G1 X128.55 Y98.595 E.0026
G1 E-.7 F2100
;WIPE_START
G1 F900
G1 X128.55 Y97.595 E-.3
;WIPE_END
G1 X124.735 Y97.688 Z11.16 F9000
G1 X87.59 Y98.59 Z11.16
G1 Z10.96
G1 E1 F2100
;TYPE:Outer wall
;WIDTH:0.42
;HEIGHT:0.16
G1 F1800
G1 X86.51 Y98.59 E.02632
G1 X86.51 Y95.81 E.06775
G1 X87.59 Y95.81 E.02632
G1 X87.59 Y98.53 E.06629
G1 X87.272 Y98.474 F9000
;TYPE:Top surface
;WIDTH:0.477929
G1 F1800
G1 X87.272 Y96.099 E.06658
G1 X86.828 Y96.099 E.01244
G1 X86.828 Y98.474 E.06658
G1 X87.55 Y98.595 F9000
;TYPE:Ironing
;WIDTH:0.401288
;HEIGHT:0.006
G1 F900
G1 X87.55 Y95.85 E.0026
G1 X87.45 Y95.85 E.00009
G1 X87.45 Y98.55 E.00256
G1 X87.35 Y98.55 E.00009
G1 X87.35 Y95.85 E.00256
G1 X87.25 Y95.85 E.00009
G1 X87.25 Y98.55 E.00256
G1 X87.15 Y98.55 E.00009
G1 X87.15 Y95.85 E.00256
G1 X87.05 Y95.85 E.00009
G1 X87.05 Y98.55 E.00256
G1 X86.95 Y98.55 E.00009
G1 X86.95 Y95.85 E.00256
G1 X86.85 Y95.85 E.00009
G1 X86.85 Y98.55 E.00256
G1 X86.75 Y98.55 E.00009
G1 X86.75 Y95.85 E.00256
G1 X86.65 Y95.85 E.00009
G1 X86.65 Y98.595 E.0026
G1 E-.7 F2100
;WIPE_START
G1 F900
G1 X86.65 Y97.595 E-.3
;WIPE_END
G1 X86.785 Y101.409 Z11.16 F9000
G1 X87.59 Y124.19 Z11.16
G1 Z10.96
G1 E1 F2100
;TYPE:Outer wall
;WIDTH:0.42
;HEIGHT:0.16
G1 F1800
G1 X86.51 Y124.19 E.02632
G1 X86.51 Y121.41 E.06775
G1 X87.59 Y121.41 E.02632
G1 X87.59 Y124.13 E.06629
G1 X87.272 Y124.074 F9000
;TYPE:Top surface
;WIDTH:0.477929
G1 F1800
G1 X87.272 Y121.699 E.06658
G1 X86.828 Y121.699 E.01244
G1 X86.828 Y124.074 E.06658
G1 X87.55 Y124.195 F9000
;TYPE:Ironing
;WIDTH:0.401288
;HEIGHT:0.006
G1 F900
G1 X87.55 Y121.45 E.0026
G1 X87.45 Y121.45 E.00009
G1 X87.45 Y124.15 E.00256
G1 X87.35 Y124.15 E.00009
G1 X87.35 Y121.45 E.00256
G1 X87.25 Y121.45 E.00009
G1 X87.25 Y124.15 E.00256
G1 X87.15 Y124.15 E.00009
G1 X87.15 Y121.45 E.00256
G1 X87.05 Y121.45 E.00009
G1 X87.05 Y124.15 E.00256
G1 X86.95 Y124.15 E.00009
G1 X86.95 Y121.45 E.00256
G1 X86.85 Y121.45 E.00009
G1 X86.85 Y124.15 E.00256
G1 X86.75 Y124.15 E.00009
G1 X86.75 Y121.45 E.00256
G1 X86.65 Y121.45 E.00009
G1 X86.65 Y124.195 E.0026
G1 E-.7 F2100
;WIPE_START
G1 F900
G1 X86.65 Y123.195 E-.3
;WIPE_END
G1 X83.27 Y124.966 Z11.16 F9000
G1 X79.79 Y126.79 Z11.16
G1 Z10.96
G1 E1 F2100
;TYPE:Outer wall
;WIDTH:0.42
;HEIGHT:0.16
G1 F1800
G1 X76.21 Y126.79 E.08725
G1 X76.21 Y93.21 E.8184
G1 X79.79 Y93.21 E.08725
G1 X79.79 Y126.73 E.81694
G1 X79.377 Y126.377 F9000
G1 X79.389 Y126.389
M204 P1500
;TYPE:Inner wall
;WIDTH:0.45
G1 F2700
G1 X76.611 Y126.389 E.07299
G1 X76.611 Y93.611 E.86102
G1 X79.389 Y93.611 E.07299
G1 X79.389 Y126.329 E.85944
G1 X78.974 Y125.974 F9000
G1 F2700
G1 X77.026 Y125.974 E.05115
G1 X77.026 Y94.026 E.83918
G1 X78.974 Y94.026 E.05115
G1 X78.974 Y125.914 E.8376
G1 X78.558 Y125.558 F9000
G1 F2700
G1 X77.442 Y125.558 E.02932
G1 X77.442 Y94.442 E.81734
G1 X78.558 Y94.442 E.02932
G1 X78.558 Y125.498 E.81577
G1 X78.142 Y125.142 F9000
G1 F2700
G1 X77.858 Y125.142 E.00748
G1 X77.858 Y94.858 E.79551
G1 X78.142 Y94.858 E.00748
G1 X78.142 Y125.082 E.79393
; stop printing object pod_header_usb_coupon.stl id:0 copy 0
M106 S176
;LAYER_CHANGE
;Z:11.12
;HEIGHT:0.16
G92 E0 ; zero the extruded length again
; BEFORE_LAYER_CHANGE 68 @ 11.12mm
G1 E-.7 F2100
;WIPE_START
G1 F2700
G1 X77.858 Y125.142 E-.08729
G1 X77.858 Y124.433 E-.21271
;WIPE_END
; AFTER_LAYER_CHANGE 68 @ 11.12mm
;_SET_FAN_SPEED_CHANGING_LAYER
; printing object pod_header_usb_coupon.stl id:0 copy 0
G1 F9000
G1 X77.9701 Y124.949 Z11.1486
G1 X77.6369 Y125.359 Z11.1771
G1 X77.1089 Y125.354 Z11.2057
G1 X76.7837 Y124.938 Z11.2343
G1 X76.9062 Y124.424 Z11.2629
G1 X77.3842 Y124.2 Z11.2914
G1 X77.8577 Y124.433 Z11.32
G1 X79.376 Y126.376 Z11.32
G1 X79.79 Y126.79
G1 Z11.12
G1 E1 F2100
M204 P1000
;TYPE:Outer wall
;WIDTH:0.42
G1 F1800
G1 X76.21 Y126.79 E.08725
G1 X76.21 Y93.21 E.8184
G1 X79.79 Y93.21 E.08725
G1 X79.79 Y126.73 E.81694
G1 X79.376 Y126.376 F9000
G1 X79.389 Y126.389
M204 P1500
;TYPE:Inner wall
;WIDTH:0.45
G1 F2145
G1 X76.611 Y126.389 E.07299
G1 X76.611 Y93.611 E.86102
G1 X79.389 Y93.611 E.07299
G1 X79.389 Y126.329 E.85944
G1 X78.974 Y125.974 F9000
G1 F2145
G1 X77.026 Y125.974 E.05115
G1 X77.026 Y94.026 E.83918
G1 X78.974 Y94.026 E.05115
G1 X78.974 Y125.914 E.8376
G1 X78.558 Y125.558 F9000
G1 F2145
G1 X77.442 Y125.558 E.02932
G1 X77.442 Y94.442 E.81734
G1 X78.558 Y94.442 E.02932
G1 X78.558 Y125.498 E.81577
G1 X78.142 Y125.142 F9000
G1 F2145
G1 X77.858 Y125.142 E.00748
G1 X77.858 Y94.858 E.79551
G1 X78.142 Y94.858 E.00748
G1 X78.142 Y125.082 E.79393
; stop printing object pod_header_usb_coupon.stl id:0 copy 0
;LAYER_CHANGE
;Z:11.28
;HEIGHT:0.16
G92 E0 ; zero the extruded length again
; BEFORE_LAYER_CHANGE 69 @ 11.28mm
G1 E-.7 F2100
;WIPE_START
G1 F2700
G1 X77.858 Y125.142 E-.08729
G1 X77.858 Y124.433 E-.21271
;WIPE_END
; AFTER_LAYER_CHANGE 69 @ 11.28mm
;_SET_FAN_SPEED_CHANGING_LAYER
; printing object pod_header_usb_coupon.stl id:0 copy 0
G1 F9000
G1 X77.9701 Y124.949 Z11.3086
G1 X77.6369 Y125.359 Z11.3371
G1 X77.1089 Y125.354 Z11.3657
G1 X76.7837 Y124.938 Z11.3943
G1 X76.9062 Y124.424 Z11.4229
G1 X77.3842 Y124.2 Z11.4514
G1 X77.8577 Y124.433 Z11.48
G1 X79.376 Y126.376 Z11.48
G1 X79.79 Y126.79
G1 Z11.28
G1 E1 F2100
M204 P1000
;TYPE:Outer wall
;WIDTH:0.42
G1 F1800
G1 X76.21 Y126.79 E.08725
G1 X76.21 Y93.21 E.8184
G1 X79.79 Y93.21 E.08725
G1 X79.79 Y126.73 E.81694
G1 X79.376 Y126.376 F9000
G1 X79.389 Y126.389
M204 P1500
;TYPE:Inner wall
;WIDTH:0.45
G1 F2145
G1 X76.611 Y126.389 E.07299
G1 X76.611 Y93.611 E.86102
G1 X79.389 Y93.611 E.07299
G1 X79.389 Y126.329 E.85944
G1 X78.974 Y125.974 F9000
G1 F2145
G1 X77.026 Y125.974 E.05115
G1 X77.026 Y94.026 E.83918
G1 X78.974 Y94.026 E.05115
G1 X78.974 Y125.914 E.8376
G1 X78.558 Y125.558 F9000
G1 F2145
G1 X77.442 Y125.558 E.02932
G1 X77.442 Y94.442 E.81734
G1 X78.558 Y94.442 E.02932
G1 X78.558 Y125.498 E.81577
G1 X78.142 Y125.142 F9000
G1 F2145
G1 X77.858 Y125.142 E.00748
G1 X77.858 Y94.858 E.79551
G1 X78.142 Y94.858 E.00748
G1 X78.142 Y125.082 E.79393
; stop printing object pod_header_usb_coupon.stl id:0 copy 0
;LAYER_CHANGE
;Z:11.44
;HEIGHT:0.16
G92 E0 ; zero the extruded length again
; BEFORE_LAYER_CHANGE 70 @ 11.44mm
G1 E-.7 F2100
;WIPE_START
G1 F2700
G1 X77.858 Y125.142 E-.08729
G1 X77.858 Y124.433 E-.21271
;WIPE_END
; AFTER_LAYER_CHANGE 70 @ 11.44mm
;_SET_FAN_SPEED_CHANGING_LAYER
; printing object pod_header_usb_coupon.stl id:0 copy 0
G1 F9000
G1 X77.9701 Y124.949 Z11.4686
G1 X77.6369 Y125.359 Z11.4971
G1 X77.1089 Y125.354 Z11.5257
G1 X76.7837 Y124.938 Z11.5543
G1 X76.9062 Y124.424 Z11.5829
G1 X77.3842 Y124.2 Z11.6114
G1 X77.8577 Y124.433 Z11.64
G1 X79.376 Y126.376 Z11.64
G1 X79.79 Y126.79
G1 Z11.44
G1 E1 F2100
M204 P1000
;TYPE:Outer wall
;WIDTH:0.42
G1 F1800
G1 X76.21 Y126.79 E.08725
G1 X76.21 Y93.21 E.8184
G1 X79.79 Y93.21 E.08725
G1 X79.79 Y126.73 E.81694
G1 X79.376 Y126.376 F9000
G1 X79.389 Y126.389
M204 P1500
;TYPE:Inner wall
;WIDTH:0.45
G1 F2145
G1 X76.611 Y126.389 E.07299
G1 X76.611 Y93.611 E.86102
G1 X79.389 Y93.611 E.07299
G1 X79.389 Y126.329 E.85944
G1 X78.974 Y125.974 F9000
G1 F2145
G1 X77.026 Y125.974 E.05115
G1 X77.026 Y94.026 E.83918
G1 X78.974 Y94.026 E.05115
G1 X78.974 Y125.914 E.8376
G1 X78.558 Y125.558 F9000
G1 F2145
G1 X77.442 Y125.558 E.02932
G1 X77.442 Y94.442 E.81734
G1 X78.558 Y94.442 E.02932
G1 X78.558 Y125.498 E.81577
G1 X78.142 Y125.142 F9000
G1 F2145
G1 X77.858 Y125.142 E.00748
G1 X77.858 Y94.858 E.79551
G1 X78.142 Y94.858 E.00748
G1 X78.142 Y125.082 E.79393
; stop printing object pod_header_usb_coupon.stl id:0 copy 0
;LAYER_CHANGE
;Z:11.6
;HEIGHT:0.160001
G92 E0 ; zero the extruded length again
; BEFORE_LAYER_CHANGE 71 @ 11.6mm
G1 E-.7 F2100
;WIPE_START
G1 F2700
G1 X77.858 Y125.142 E-.08729
G1 X77.858 Y124.433 E-.21271
;WIPE_END
; AFTER_LAYER_CHANGE 71 @ 11.6mm
;_SET_FAN_SPEED_CHANGING_LAYER
; printing object pod_header_usb_coupon.stl id:0 copy 0
G1 F9000
G1 X77.9701 Y124.949 Z11.6286
G1 X77.6369 Y125.359 Z11.6571
G1 X77.1089 Y125.354 Z11.6857
G1 X76.7837 Y124.938 Z11.7143
G1 X76.9062 Y124.424 Z11.7429
G1 X77.3842 Y124.2 Z11.7714
G1 X77.8577 Y124.433 Z11.8
G1 X79.376 Y126.376 Z11.8
G1 X79.79 Y126.79
G1 Z11.6
G1 E1 F2100
M204 P1000
;TYPE:Outer wall
;WIDTH:0.42
G1 F1800
G1 X76.21 Y126.79 E.08725
G1 X76.21 Y93.21 E.8184
G1 X79.79 Y93.21 E.08725
G1 X79.79 Y126.73 E.81694
G1 X79.376 Y126.376 F9000
G1 X79.389 Y126.389
M204 P1500
;TYPE:Inner wall
;WIDTH:0.45
G1 F2145
G1 X76.611 Y126.389 E.07299
G1 X76.611 Y93.611 E.86102
G1 X79.389 Y93.611 E.07299
G1 X79.389 Y126.329 E.85944
G1 X78.974 Y125.974 F9000
G1 F2145
G1 X77.026 Y125.974 E.05115
G1 X77.026 Y94.026 E.83918
G1 X78.974 Y94.026 E.05115
G1 X78.974 Y125.914 E.8376
G1 X78.558 Y125.558 F9000
G1 F2145
G1 X77.442 Y125.558 E.02932
G1 X77.442 Y94.442 E.81734
G1 X78.558 Y94.442 E.02932
G1 X78.558 Y125.498 E.81577
G1 X78.142 Y125.142 F9000
G1 F2145
G1 X77.858 Y125.142 E.00748
G1 X77.858 Y94.858 E.79551
G1 X78.142 Y94.858 E.00748
G1 X78.142 Y125.082 E.79393
; stop printing object pod_header_usb_coupon.stl id:0 copy 0
;LAYER_CHANGE
;Z:11.76
;HEIGHT:0.16
G92 E0 ; zero the extruded length again
; BEFORE_LAYER_CHANGE 72 @ 11.76mm
G1 E-.7 F2100
;WIPE_START
G1 F2700
G1 X77.858 Y125.142 E-.08729
G1 X77.858 Y124.433 E-.21271
;WIPE_END
; AFTER_LAYER_CHANGE 72 @ 11.76mm
;_SET_FAN_SPEED_CHANGING_LAYER
; printing object pod_header_usb_coupon.stl id:0 copy 0
G1 F9000
G1 X77.9701 Y124.949 Z11.7886
G1 X77.6369 Y125.359 Z11.8171
G1 X77.1089 Y125.354 Z11.8457
G1 X76.7837 Y124.938 Z11.8743
G1 X76.9062 Y124.424 Z11.9029
G1 X77.3842 Y124.2 Z11.9314
G1 X77.8577 Y124.433 Z11.96
G1 X79.376 Y126.376 Z11.96
G1 X79.79 Y126.79
G1 Z11.76
G1 E1 F2100
M204 P1000
;TYPE:Outer wall
;WIDTH:0.42
G1 F1800
G1 X76.21 Y126.79 E.08725
G1 X76.21 Y93.21 E.8184
G1 X79.79 Y93.21 E.08725
G1 X79.79 Y126.73 E.81694
G1 X79.376 Y126.376 F9000
G1 X79.389 Y126.389
M204 P1500
;TYPE:Inner wall
;WIDTH:0.45
G1 F2145
G1 X76.611 Y126.389 E.07299
G1 X76.611 Y93.611 E.86102
G1 X79.389 Y93.611 E.07299
G1 X79.389 Y126.329 E.85944
G1 X78.974 Y125.974 F9000
G1 F2145
G1 X77.026 Y125.974 E.05115
G1 X77.026 Y94.026 E.83918
G1 X78.974 Y94.026 E.05115
G1 X78.974 Y125.914 E.8376
G1 X78.558 Y125.558 F9000
G1 F2145
G1 X77.442 Y125.558 E.02932
G1 X77.442 Y94.442 E.81734
G1 X78.558 Y94.442 E.02932
G1 X78.558 Y125.498 E.81577
G1 X78.142 Y125.142 F9000
G1 F2145
G1 X77.858 Y125.142 E.00748
G1 X77.858 Y94.858 E.79551
G1 X78.142 Y94.858 E.00748
G1 X78.142 Y125.082 E.79393
; stop printing object pod_header_usb_coupon.stl id:0 copy 0
;LAYER_CHANGE
;Z:11.92
;HEIGHT:0.16
G92 E0 ; zero the extruded length again
; BEFORE_LAYER_CHANGE 73 @ 11.92mm
G1 E-.7 F2100
;WIPE_START
G1 F2700
G1 X77.858 Y125.142 E-.08729
G1 X77.858 Y124.433 E-.21271
;WIPE_END
; AFTER_LAYER_CHANGE 73 @ 11.92mm
;_SET_FAN_SPEED_CHANGING_LAYER
; printing object pod_header_usb_coupon.stl id:0 copy 0
G1 F9000
G1 X77.9701 Y124.949 Z11.9486
G1 X77.6369 Y125.359 Z11.9771
G1 X77.1089 Y125.354 Z12.0057
G1 X76.7837 Y124.938 Z12.0343
G1 X76.9062 Y124.424 Z12.0629
G1 X77.3842 Y124.2 Z12.0914
G1 X77.8577 Y124.433 Z12.12
G1 X79.376 Y126.376 Z12.12
G1 X79.79 Y126.79
G1 Z11.92
G1 E1 F2100
M204 P1000
;TYPE:Outer wall
;WIDTH:0.42
G1 F1800
G1 X76.21 Y126.79 E.08725
G1 X76.21 Y93.21 E.8184
G1 X79.79 Y93.21 E.08725
G1 X79.79 Y126.73 E.81694
G1 X79.376 Y126.376 F9000
G1 X79.389 Y126.389
M204 P1500
;TYPE:Inner wall
;WIDTH:0.45
G1 F2145
G1 X76.611 Y126.389 E.07299
G1 X76.611 Y93.611 E.86102
G1 X79.389 Y93.611 E.07299
G1 X79.389 Y126.329 E.85944
G1 X78.974 Y125.974 F9000
G1 F2145
G1 X77.026 Y125.974 E.05115
G1 X77.026 Y94.026 E.83918
G1 X78.974 Y94.026 E.05115
G1 X78.974 Y125.914 E.8376
G1 X78.558 Y125.558 F9000
G1 F2145
G1 X77.442 Y125.558 E.02932
G1 X77.442 Y94.442 E.81734
G1 X78.558 Y94.442 E.02932
G1 X78.558 Y125.498 E.81577
G1 X78.142 Y125.142 F9000
G1 F2145
G1 X77.858 Y125.142 E.00748
G1 X77.858 Y94.858 E.79551
G1 X78.142 Y94.858 E.00748
G1 X78.142 Y125.082 E.79393
; stop printing object pod_header_usb_coupon.stl id:0 copy 0
;LAYER_CHANGE
;Z:12.08
;HEIGHT:0.16
G92 E0 ; zero the extruded length again
; BEFORE_LAYER_CHANGE 74 @ 12.08mm
G1 E-.7 F2100
;WIPE_START
G1 F2700
G1 X77.858 Y125.142 E-.08729
G1 X77.858 Y124.433 E-.21271
;WIPE_END
; AFTER_LAYER_CHANGE 74 @ 12.08mm
;_SET_FAN_SPEED_CHANGING_LAYER
; printing object pod_header_usb_coupon.stl id:0 copy 0
G1 F9000
G1 X77.9701 Y124.949 Z12.1086
G1 X77.6369 Y125.359 Z12.1371
G1 X77.1089 Y125.354 Z12.1657
G1 X76.7837 Y124.938 Z12.1943
G1 X76.9062 Y124.424 Z12.2229
G1 X77.3842 Y124.2 Z12.2514
G1 X77.8577 Y124.433 Z12.28
G1 X79.376 Y126.376 Z12.28
G1 X79.79 Y126.79
G1 Z12.08
G1 E1 F2100
M204 P1000
;TYPE:Outer wall
;WIDTH:0.42
G1 F1800
G1 X76.21 Y126.79 E.08725
G1 X76.21 Y93.21 E.8184
G1 X79.79 Y93.21 E.08725
G1 X79.79 Y126.73 E.81694
G1 X79.376 Y126.376 F9000
G1 X79.389 Y126.389
M204 P1500
;TYPE:Inner wall
;WIDTH:0.45
G1 F2145
G1 X76.611 Y126.389 E.07299
G1 X76.611 Y93.611 E.86102
G1 X79.389 Y93.611 E.07299
G1 X79.389 Y126.329 E.85944
G1 X78.974 Y125.974 F9000
G1 F2145
G1 X77.026 Y125.974 E.05115
G1 X77.026 Y94.026 E.83918
G1 X78.974 Y94.026 E.05115
G1 X78.974 Y125.914 E.8376
G1 X78.558 Y125.558 F9000
G1 F2145
G1 X77.442 Y125.558 E.02932
G1 X77.442 Y94.442 E.81734
G1 X78.558 Y94.442 E.02932
G1 X78.558 Y125.498 E.81577
G1 X78.142 Y125.142 F9000
G1 F2145
G1 X77.858 Y125.142 E.00748
G1 X77.858 Y94.858 E.79551
G1 X78.142 Y94.858 E.00748
G1 X78.142 Y125.082 E.79393
; stop printing object pod_header_usb_coupon.stl id:0 copy 0
;LAYER_CHANGE
;Z:12.24
;HEIGHT:0.16
G92 E0 ; zero the extruded length again
; BEFORE_LAYER_CHANGE 75 @ 12.24mm
G1 E-.7 F2100
;WIPE_START
G1 F2700
G1 X77.858 Y125.142 E-.08729
G1 X77.858 Y124.433 E-.21271
;WIPE_END
; AFTER_LAYER_CHANGE 75 @ 12.24mm
;_SET_FAN_SPEED_CHANGING_LAYER
; printing object pod_header_usb_coupon.stl id:0 copy 0
G1 F9000
G1 X77.9701 Y124.949 Z12.2686
G1 X77.6369 Y125.359 Z12.2971
G1 X77.1089 Y125.354 Z12.3257
G1 X76.7837 Y124.938 Z12.3543
G1 X76.9062 Y124.424 Z12.3829
G1 X77.3842 Y124.2 Z12.4114
G1 X77.8577 Y124.433 Z12.44
G1 X79.376 Y126.376 Z12.44
G1 X79.79 Y126.79
G1 Z12.24
G1 E1 F2100
M204 P1000
;TYPE:Outer wall
;WIDTH:0.42
G1 F1800
G1 X76.21 Y126.79 E.08725
G1 X76.21 Y93.21 E.8184
G1 X79.79 Y93.21 E.08725
G1 X79.79 Y126.73 E.81694
G1 X79.376 Y126.376 F9000
G1 X79.389 Y126.389
M204 P1500
;TYPE:Inner wall
;WIDTH:0.45
G1 F2145
G1 X76.611 Y126.389 E.07299
G1 X76.611 Y93.611 E.86102
G1 X79.389 Y93.611 E.07299
G1 X79.389 Y126.329 E.85944
G1 X78.974 Y125.974 F9000
G1 F2145
G1 X77.026 Y125.974 E.05115
G1 X77.026 Y94.026 E.83918
G1 X78.974 Y94.026 E.05115
G1 X78.974 Y125.914 E.8376
G1 X78.558 Y125.558 F9000
G1 F2145
G1 X77.442 Y125.558 E.02932
G1 X77.442 Y94.442 E.81734
G1 X78.558 Y94.442 E.02932
G1 X78.558 Y125.498 E.81577
G1 X78.142 Y125.142 F9000
G1 F2145
G1 X77.858 Y125.142 E.00748
G1 X77.858 Y94.858 E.79551
G1 X78.142 Y94.858 E.00748
G1 X78.142 Y125.082 E.79393
; stop printing object pod_header_usb_coupon.stl id:0 copy 0
;LAYER_CHANGE
;Z:12.4
;HEIGHT:0.16
G92 E0 ; zero the extruded length again
; BEFORE_LAYER_CHANGE 76 @ 12.4mm
G1 E-.7 F2100
;WIPE_START
G1 F2700
G1 X77.858 Y125.142 E-.08729
G1 X77.858 Y124.433 E-.21271
;WIPE_END
; AFTER_LAYER_CHANGE 76 @ 12.4mm
;_SET_FAN_SPEED_CHANGING_LAYER
; printing object pod_header_usb_coupon.stl id:0 copy 0
G1 F9000
G1 X77.9701 Y124.949 Z12.4286
G1 X77.6369 Y125.359 Z12.4571
G1 X77.1089 Y125.354 Z12.4857
G1 X76.7837 Y124.938 Z12.5143
G1 X76.9062 Y124.424 Z12.5429
G1 X77.3842 Y124.2 Z12.5714
G1 X77.8577 Y124.433 Z12.6
G1 X79.376 Y126.376 Z12.6
G1 X79.79 Y126.79
G1 Z12.4
G1 E1 F2100
M204 P1000
;TYPE:Outer wall
;WIDTH:0.42
G1 F1800
G1 X76.21 Y126.79 E.08725
G1 X76.21 Y93.21 E.8184
G1 X79.79 Y93.21 E.08725
G1 X79.79 Y126.73 E.81694
G1 X79.376 Y126.376 F9000
G1 X79.389 Y126.389
M204 P1500
;TYPE:Inner wall
;WIDTH:0.45
G1 F2145
G1 X76.611 Y126.389 E.07299
G1 X76.611 Y93.611 E.86102
G1 X79.389 Y93.611 E.07299
G1 X79.389 Y126.329 E.85944
G1 X78.974 Y125.974 F9000
G1 F2145
G1 X77.026 Y125.974 E.05115
G1 X77.026 Y94.026 E.83918
G1 X78.974 Y94.026 E.05115
G1 X78.974 Y125.914 E.8376
G1 X78.558 Y125.558 F9000
G1 F2145
G1 X77.442 Y125.558 E.02932
G1 X77.442 Y94.442 E.81734
G1 X78.558 Y94.442 E.02932
G1 X78.558 Y125.498 E.81577
G1 X78.142 Y125.142 F9000
G1 F2145
G1 X77.858 Y125.142 E.00748
G1 X77.858 Y94.858 E.79551
G1 X78.142 Y94.858 E.00748
G1 X78.142 Y125.082 E.79393
; stop printing object pod_header_usb_coupon.stl id:0 copy 0
;LAYER_CHANGE
;Z:12.56
;HEIGHT:0.160001
G92 E0 ; zero the extruded length again
; BEFORE_LAYER_CHANGE 77 @ 12.56mm
G1 E-.7 F2100
;WIPE_START
G1 F2700
G1 X77.858 Y125.142 E-.08729
G1 X77.858 Y124.433 E-.21271
;WIPE_END
; AFTER_LAYER_CHANGE 77 @ 12.56mm
;_SET_FAN_SPEED_CHANGING_LAYER
; printing object pod_header_usb_coupon.stl id:0 copy 0
G1 F9000
G1 X77.9701 Y124.949 Z12.5886
G1 X77.6369 Y125.359 Z12.6171
G1 X77.1089 Y125.354 Z12.6457
G1 X76.7837 Y124.938 Z12.6743
G1 X76.9062 Y124.424 Z12.7029
G1 X77.3842 Y124.2 Z12.7314
G1 X77.8577 Y124.433 Z12.76
G1 X79.376 Y126.376 Z12.76
G1 X79.79 Y126.79
G1 Z12.56
G1 E1 F2100
M204 P1000
;TYPE:Outer wall
;WIDTH:0.42
G1 F1800
G1 X76.21 Y126.79 E.08725
G1 X76.21 Y93.21 E.8184
G1 X79.79 Y93.21 E.08725
G1 X79.79 Y126.73 E.81694
G1 X79.376 Y126.376 F9000
G1 X79.389 Y126.389
M204 P1500
;TYPE:Inner wall
;WIDTH:0.45
G1 F2145
G1 X76.611 Y126.389 E.07299
G1 X76.611 Y93.611 E.86102
G1 X79.389 Y93.611 E.07299
G1 X79.389 Y126.329 E.85944
G1 X78.974 Y125.974 F9000
G1 F2145
G1 X77.026 Y125.974 E.05115
G1 X77.026 Y94.026 E.83918
G1 X78.974 Y94.026 E.05115
G1 X78.974 Y125.914 E.8376
G1 X78.558 Y125.558 F9000
G1 F2145
G1 X77.442 Y125.558 E.02932
G1 X77.442 Y94.442 E.81734
G1 X78.558 Y94.442 E.02932
G1 X78.558 Y125.498 E.81577
G1 X78.142 Y125.142 F9000
G1 F2145
G1 X77.858 Y125.142 E.00748
G1 X77.858 Y94.858 E.79551
G1 X78.142 Y94.858 E.00748
G1 X78.142 Y125.082 E.79393
; stop printing object pod_header_usb_coupon.stl id:0 copy 0
;LAYER_CHANGE
;Z:12.72
;HEIGHT:0.16
G92 E0 ; zero the extruded length again
; BEFORE_LAYER_CHANGE 78 @ 12.72mm
G1 E-.7 F2100
;WIPE_START
G1 F2700
G1 X77.858 Y125.142 E-.08729
G1 X77.858 Y124.433 E-.21271
;WIPE_END
; AFTER_LAYER_CHANGE 78 @ 12.72mm
;_SET_FAN_SPEED_CHANGING_LAYER
; printing object pod_header_usb_coupon.stl id:0 copy 0
G1 F9000
G1 X77.9701 Y124.949 Z12.7486
G1 X77.6369 Y125.359 Z12.7771
G1 X77.1089 Y125.354 Z12.8057
G1 X76.7837 Y124.938 Z12.8343
G1 X76.9062 Y124.424 Z12.8629
G1 X77.3842 Y124.2 Z12.8914
G1 X77.8577 Y124.433 Z12.92
G1 X79.376 Y126.376 Z12.92
G1 X79.79 Y126.79
G1 Z12.72
G1 E1 F2100
M204 P1000
;TYPE:Outer wall
;WIDTH:0.42
G1 F1800
G1 X76.21 Y126.79 E.08725
G1 X76.21 Y93.21 E.8184
G1 X79.79 Y93.21 E.08725
G1 X79.79 Y126.73 E.81694
G1 X79.376 Y126.376 F9000
G1 X79.389 Y126.389
M204 P1500
;TYPE:Inner wall
;WIDTH:0.45
G1 F2145
G1 X76.611 Y126.389 E.07299
G1 X76.611 Y93.611 E.86102
G1 X79.389 Y93.611 E.07299
G1 X79.389 Y126.329 E.85944
G1 X78.974 Y125.974 F9000
G1 F2145
G1 X77.026 Y125.974 E.05115
G1 X77.026 Y94.026 E.83918
G1 X78.974 Y94.026 E.05115
G1 X78.974 Y125.914 E.8376
G1 X78.558 Y125.558 F9000
G1 F2145
G1 X77.442 Y125.558 E.02932
G1 X77.442 Y94.442 E.81734
G1 X78.558 Y94.442 E.02932
G1 X78.558 Y125.498 E.81577
G1 X78.142 Y125.142 F9000
G1 F2145
G1 X77.858 Y125.142 E.00748
G1 X77.858 Y94.858 E.79551
G1 X78.142 Y94.858 E.00748
G1 X78.142 Y125.082 E.79393
; stop printing object pod_header_usb_coupon.stl id:0 copy 0
;LAYER_CHANGE
;Z:12.88
;HEIGHT:0.16
G92 E0 ; zero the extruded length again
; BEFORE_LAYER_CHANGE 79 @ 12.88mm
G1 E-.7 F2100
;WIPE_START
G1 F2700
G1 X77.858 Y125.142 E-.08729
G1 X77.858 Y124.433 E-.21271
;WIPE_END
; AFTER_LAYER_CHANGE 79 @ 12.88mm
;_SET_FAN_SPEED_CHANGING_LAYER
; printing object pod_header_usb_coupon.stl id:0 copy 0
G1 F9000
G1 X77.9701 Y124.949 Z12.9086
G1 X77.6369 Y125.359 Z12.9371
G1 X77.1089 Y125.354 Z12.9657
G1 X76.7837 Y124.938 Z12.9943
G1 X76.9062 Y124.424 Z13.0229
G1 X77.3842 Y124.2 Z13.0514
G1 X77.8577 Y124.433 Z13.08
G1 X79.376 Y126.376 Z13.08
G1 X79.79 Y126.79
G1 Z12.88
G1 E1 F2100
M204 P1000
;TYPE:Outer wall
;WIDTH:0.42
G1 F1800
G1 X76.21 Y126.79 E.08725
G1 X76.21 Y93.21 E.8184
G1 X79.79 Y93.21 E.08725
G1 X79.79 Y126.73 E.81694
G1 X79.376 Y126.376 F9000
G1 X79.389 Y126.389
M204 P1500
;TYPE:Inner wall
;WIDTH:0.45
G1 F2145
G1 X76.611 Y126.389 E.07299
G1 X76.611 Y93.611 E.86102
G1 X79.389 Y93.611 E.07299
G1 X79.389 Y126.329 E.85944
G1 X78.974 Y125.974 F9000
G1 F2145
G1 X77.026 Y125.974 E.05115
G1 X77.026 Y94.026 E.83918
G1 X78.974 Y94.026 E.05115
G1 X78.974 Y125.914 E.8376
G1 X78.558 Y125.558 F9000
G1 F2145
G1 X77.442 Y125.558 E.02932
G1 X77.442 Y94.442 E.81734
G1 X78.558 Y94.442 E.02932
G1 X78.558 Y125.498 E.81577
G1 X78.142 Y125.142 F9000
G1 F2145
G1 X77.858 Y125.142 E.00748
G1 X77.858 Y94.858 E.79551
G1 X78.142 Y94.858 E.00748
G1 X78.142 Y125.082 E.79393
; stop printing object pod_header_usb_coupon.stl id:0 copy 0
;LAYER_CHANGE
;Z:13.04
;HEIGHT:0.16
G92 E0 ; zero the extruded length again
; BEFORE_LAYER_CHANGE 80 @ 13.04mm
G1 E-.7 F2100
;WIPE_START
G1 F2700
G1 X77.858 Y125.142 E-.08729
G1 X77.858 Y124.433 E-.21271
;WIPE_END
; AFTER_LAYER_CHANGE 80 @ 13.04mm
;_SET_FAN_SPEED_CHANGING_LAYER
; printing object pod_header_usb_coupon.stl id:0 copy 0
G1 F9000
G1 X77.9701 Y124.949 Z13.0686
G1 X77.6369 Y125.359 Z13.0971
G1 X77.1089 Y125.354 Z13.1257
G1 X76.7837 Y124.938 Z13.1543
G1 X76.9062 Y124.424 Z13.1829
G1 X77.3842 Y124.2 Z13.2114
G1 X77.8577 Y124.433 Z13.24
G1 X79.376 Y126.376 Z13.24
G1 X79.79 Y126.79
G1 Z13.04
G1 E1 F2100
M204 P1000
;TYPE:Outer wall
;WIDTH:0.42
G1 F1800
G1 X76.21 Y126.79 E.08725
G1 X76.21 Y93.21 E.8184
G1 X79.79 Y93.21 E.08725
G1 X79.79 Y126.73 E.81694
G1 X79.376 Y126.376 F9000
G1 X79.389 Y126.389
M204 P1500
;TYPE:Inner wall
;WIDTH:0.45
G1 F2145
G1 X76.611 Y126.389 E.07299
G1 X76.611 Y93.611 E.86102
G1 X79.389 Y93.611 E.07299
G1 X79.389 Y126.329 E.85944
G1 X78.974 Y125.974 F9000
G1 F2145
G1 X77.026 Y125.974 E.05115
G1 X77.026 Y94.026 E.83918
G1 X78.974 Y94.026 E.05115
G1 X78.974 Y125.914 E.8376
G1 X78.558 Y125.558 F9000
G1 F2145
G1 X77.442 Y125.558 E.02932
G1 X77.442 Y94.442 E.81734
G1 X78.558 Y94.442 E.02932
G1 X78.558 Y125.498 E.81577
G1 X78.142 Y125.142 F9000
G1 F2145
G1 X77.858 Y125.142 E.00748
G1 X77.858 Y94.858 E.79551
G1 X78.142 Y94.858 E.00748
G1 X78.142 Y125.082 E.79393
; stop printing object pod_header_usb_coupon.stl id:0 copy 0
;LAYER_CHANGE
;Z:13.2
;HEIGHT:0.16
G92 E0 ; zero the extruded length again
; BEFORE_LAYER_CHANGE 81 @ 13.2mm
G1 E-.7 F2100
;WIPE_START
G1 F2700
G1 X77.858 Y125.142 E-.08729
G1 X77.858 Y124.433 E-.21271
;WIPE_END
; AFTER_LAYER_CHANGE 81 @ 13.2mm
;_SET_FAN_SPEED_CHANGING_LAYER
; printing object pod_header_usb_coupon.stl id:0 copy 0
G1 F9000
G1 X77.9701 Y124.949 Z13.2286
G1 X77.6369 Y125.359 Z13.2571
G1 X77.1089 Y125.354 Z13.2857
G1 X76.7837 Y124.938 Z13.3143
G1 X76.9062 Y124.424 Z13.3429
G1 X77.3842 Y124.2 Z13.3714
G1 X77.8577 Y124.433 Z13.4
G1 X79.376 Y126.376 Z13.4
G1 X79.79 Y126.79
G1 Z13.2
G1 E1 F2100
M204 P1000
;TYPE:Outer wall
;WIDTH:0.42
G1 F1800
G1 X76.21 Y126.79 E.08725
G1 X76.21 Y93.21 E.8184
G1 X79.79 Y93.21 E.08725
G1 X79.79 Y126.73 E.81694
G1 X79.376 Y126.376 F9000
G1 X79.389 Y126.389
M204 P1500
;TYPE:Inner wall
;WIDTH:0.45
G1 F2145
G1 X76.611 Y126.389 E.07299
G1 X76.611 Y93.611 E.86102
G1 X79.389 Y93.611 E.07299
G1 X79.389 Y126.329 E.85944
G1 X78.974 Y125.974 F9000
G1 F2145
G1 X77.026 Y125.974 E.05115
G1 X77.026 Y94.026 E.83918
G1 X78.974 Y94.026 E.05115
G1 X78.974 Y125.914 E.8376
G1 X78.558 Y125.558 F9000
G1 F2145
G1 X77.442 Y125.558 E.02932
G1 X77.442 Y94.442 E.81734
G1 X78.558 Y94.442 E.02932
G1 X78.558 Y125.498 E.81577
G1 X78.142 Y125.142 F9000
G1 F2145
G1 X77.858 Y125.142 E.00748
G1 X77.858 Y94.858 E.79551
G1 X78.142 Y94.858 E.00748
G1 X78.142 Y125.082 E.79393
; stop printing object pod_header_usb_coupon.stl id:0 copy 0
;LAYER_CHANGE
;Z:13.36
;HEIGHT:0.16
G92 E0 ; zero the extruded length again
; BEFORE_LAYER_CHANGE 82 @ 13.36mm
G1 E-.7 F2100
;WIPE_START
G1 F2700
G1 X77.858 Y125.142 E-.08729
G1 X77.858 Y124.433 E-.21271
;WIPE_END
; AFTER_LAYER_CHANGE 82 @ 13.36mm
;_SET_FAN_SPEED_CHANGING_LAYER
; printing object pod_header_usb_coupon.stl id:0 copy 0
G1 F9000
G1 X77.9701 Y124.949 Z13.3886
G1 X77.6369 Y125.359 Z13.4171
G1 X77.1089 Y125.354 Z13.4457
G1 X76.7837 Y124.938 Z13.4743
G1 X76.9062 Y124.424 Z13.5029
G1 X77.3842 Y124.2 Z13.5314
G1 X77.8577 Y124.433 Z13.56
G1 X79.376 Y126.376 Z13.56
G1 X79.79 Y126.79
G1 Z13.36
G1 E1 F2100
M204 P1000
;TYPE:Outer wall
;WIDTH:0.42
G1 F1800
G1 X76.21 Y126.79 E.08725
G1 X76.21 Y93.21 E.8184
G1 X79.79 Y93.21 E.08725
G1 X79.79 Y126.73 E.81694
G1 X79.376 Y126.376 F9000
G1 X79.389 Y126.389
M204 P1500
;TYPE:Inner wall
;WIDTH:0.45
G1 F2145
G1 X76.611 Y126.389 E.07299
G1 X76.611 Y93.611 E.86102
G1 X79.389 Y93.611 E.07299
G1 X79.389 Y126.329 E.85944
G1 X78.974 Y125.974 F9000
G1 F2145
G1 X77.026 Y125.974 E.05115
G1 X77.026 Y94.026 E.83918
G1 X78.974 Y94.026 E.05115
G1 X78.974 Y125.914 E.8376
G1 X78.558 Y125.558 F9000
G1 F2145
G1 X77.442 Y125.558 E.02932
G1 X77.442 Y94.442 E.81734
G1 X78.558 Y94.442 E.02932
G1 X78.558 Y125.498 E.81577
G1 X78.142 Y125.142 F9000
G1 F2145
G1 X77.858 Y125.142 E.00748
G1 X77.858 Y94.858 E.79551
G1 X78.142 Y94.858 E.00748
G1 X78.142 Y125.082 E.79393
; stop printing object pod_header_usb_coupon.stl id:0 copy 0
;LAYER_CHANGE
;Z:13.52
;HEIGHT:0.160001
G92 E0 ; zero the extruded length again
; BEFORE_LAYER_CHANGE 83 @ 13.52mm
G1 E-.7 F2100
;WIPE_START
G1 F2700
G1 X77.858 Y125.142 E-.08729
G1 X77.858 Y124.433 E-.21271
;WIPE_END
; AFTER_LAYER_CHANGE 83 @ 13.52mm
;_SET_FAN_SPEED_CHANGING_LAYER
; printing object pod_header_usb_coupon.stl id:0 copy 0
G1 F9000
G1 X77.9701 Y124.949 Z13.5486
G1 X77.6369 Y125.359 Z13.5771
G1 X77.1089 Y125.354 Z13.6057
G1 X76.7837 Y124.938 Z13.6343
G1 X76.9062 Y124.424 Z13.6629
G1 X77.3842 Y124.2 Z13.6914
G1 X77.8577 Y124.433 Z13.72
G1 X79.376 Y126.376 Z13.72
G1 X79.79 Y126.79
G1 Z13.52
G1 E1 F2100
M204 P1000
;TYPE:Outer wall
;WIDTH:0.42
G1 F1800
G1 X76.21 Y126.79 E.08725
G1 X76.21 Y93.21 E.8184
G1 X79.79 Y93.21 E.08725
G1 X79.79 Y126.73 E.81694
G1 X79.376 Y126.376 F9000
G1 X79.389 Y126.389
M204 P1500
;TYPE:Inner wall
;WIDTH:0.45
G1 F2145
G1 X76.611 Y126.389 E.07299
G1 X76.611 Y93.611 E.86102
G1 X79.389 Y93.611 E.07299
G1 X79.389 Y126.329 E.85944
G1 X78.974 Y125.974 F9000
G1 F2145
G1 X77.026 Y125.974 E.05115
G1 X77.026 Y94.026 E.83918
G1 X78.974 Y94.026 E.05115
G1 X78.974 Y125.914 E.8376
G1 X78.558 Y125.558 F9000
G1 F2145
G1 X77.442 Y125.558 E.02932
G1 X77.442 Y94.442 E.81734
G1 X78.558 Y94.442 E.02932
G1 X78.558 Y125.498 E.81577
G1 X78.142 Y125.142 F9000
G1 F2145
G1 X77.858 Y125.142 E.00748
G1 X77.858 Y94.858 E.79551
G1 X78.142 Y94.858 E.00748
G1 X78.142 Y125.082 E.79393
; stop printing object pod_header_usb_coupon.stl id:0 copy 0
;LAYER_CHANGE
;Z:13.68
;HEIGHT:0.16
G92 E0 ; zero the extruded length again
; BEFORE_LAYER_CHANGE 84 @ 13.68mm
G1 E-.7 F2100
;WIPE_START
G1 F2700
G1 X77.858 Y125.142 E-.08729
G1 X77.858 Y124.433 E-.21271
;WIPE_END
; AFTER_LAYER_CHANGE 84 @ 13.68mm
;_SET_FAN_SPEED_CHANGING_LAYER
; printing object pod_header_usb_coupon.stl id:0 copy 0
G1 F9000
G1 X77.9701 Y124.949 Z13.7086
G1 X77.6369 Y125.359 Z13.7371
G1 X77.1089 Y125.354 Z13.7657
G1 X76.7837 Y124.938 Z13.7943
G1 X76.9062 Y124.424 Z13.8229
G1 X77.3842 Y124.2 Z13.8514
G1 X77.8577 Y124.433 Z13.88
G1 X79.376 Y126.376 Z13.88
G1 X79.79 Y126.79
G1 Z13.68
G1 E1 F2100
M204 P1000
;TYPE:Outer wall
;WIDTH:0.42
G1 F1800
G1 X76.21 Y126.79 E.08725
G1 X76.21 Y93.21 E.8184
G1 X79.79 Y93.21 E.08725
G1 X79.79 Y126.73 E.81694
G1 X79.376 Y126.376 F9000
G1 X79.389 Y126.389
M204 P1500
;TYPE:Inner wall
;WIDTH:0.45
G1 F2145
G1 X76.611 Y126.389 E.07299
G1 X76.611 Y93.611 E.86102
G1 X79.389 Y93.611 E.07299
G1 X79.389 Y126.329 E.85944
G1 X78.974 Y125.974 F9000
G1 F2145
G1 X77.026 Y125.974 E.05115
G1 X77.026 Y94.026 E.83918
G1 X78.974 Y94.026 E.05115
G1 X78.974 Y125.914 E.8376
G1 X78.558 Y125.558 F9000
G1 F2145
G1 X77.442 Y125.558 E.02932
G1 X77.442 Y94.442 E.81734
G1 X78.558 Y94.442 E.02932
G1 X78.558 Y125.498 E.81577
G1 X78.142 Y125.142 F9000
G1 F2145
G1 X77.858 Y125.142 E.00748
G1 X77.858 Y94.858 E.79551
G1 X78.142 Y94.858 E.00748
G1 X78.142 Y125.082 E.79393
; stop printing object pod_header_usb_coupon.stl id:0 copy 0
;LAYER_CHANGE
;Z:13.84
;HEIGHT:0.16
G92 E0 ; zero the extruded length again
; BEFORE_LAYER_CHANGE 85 @ 13.84mm
G1 E-.7 F2100
;WIPE_START
G1 F2700
G1 X77.858 Y125.142 E-.08729
G1 X77.858 Y124.433 E-.21271
;WIPE_END
; AFTER_LAYER_CHANGE 85 @ 13.84mm
;_SET_FAN_SPEED_CHANGING_LAYER
; printing object pod_header_usb_coupon.stl id:0 copy 0
G1 F9000
G1 X77.9701 Y124.949 Z13.8686
G1 X77.6369 Y125.359 Z13.8971
G1 X77.1089 Y125.354 Z13.9257
G1 X76.7837 Y124.938 Z13.9543
G1 X76.9062 Y124.424 Z13.9829
G1 X77.3842 Y124.2 Z14.0114
G1 X77.8577 Y124.433 Z14.04
G1 X79.376 Y126.376 Z14.04
G1 X79.79 Y126.79
G1 Z13.84
G1 E1 F2100
M204 P1000
;TYPE:Outer wall
;WIDTH:0.42
G1 F1800
G1 X76.21 Y126.79 E.08725
G1 X76.21 Y93.21 E.8184
G1 X79.79 Y93.21 E.08725
G1 X79.79 Y126.73 E.81694
G1 X79.376 Y126.376 F9000
G1 X79.389 Y126.389
M204 P1500
;TYPE:Inner wall
;WIDTH:0.45
G1 F2145
G1 X76.611 Y126.389 E.07299
G1 X76.611 Y93.611 E.86102
G1 X79.389 Y93.611 E.07299
G1 X79.389 Y126.329 E.85944
G1 X78.974 Y125.974 F9000
G1 F2145
G1 X77.026 Y125.974 E.05115
G1 X77.026 Y94.026 E.83918
G1 X78.974 Y94.026 E.05115
G1 X78.974 Y125.914 E.8376
G1 X78.558 Y125.558 F9000
G1 F2145
G1 X77.442 Y125.558 E.02932
G1 X77.442 Y94.442 E.81734
G1 X78.558 Y94.442 E.02932
G1 X78.558 Y125.498 E.81577
G1 X78.142 Y125.142 F9000
G1 F2145
G1 X77.858 Y125.142 E.00748
G1 X77.858 Y94.858 E.79551
G1 X78.142 Y94.858 E.00748
G1 X78.142 Y125.082 E.79393
; stop printing object pod_header_usb_coupon.stl id:0 copy 0
M106 S102
;LAYER_CHANGE
;Z:14
;HEIGHT:0.16
G92 E0 ; zero the extruded length again
; BEFORE_LAYER_CHANGE 86 @ 14mm
G1 E-.7 F2100
;WIPE_START
G1 F2700
G1 X77.858 Y125.142 E-.08729
G1 X77.858 Y124.433 E-.21271
;WIPE_END
; AFTER_LAYER_CHANGE 86 @ 14mm
;_SET_FAN_SPEED_CHANGING_LAYER
; printing object pod_header_usb_coupon.stl id:0 copy 0
G1 F9000
G1 X77.9701 Y124.949 Z14.0286
G1 X77.6369 Y125.359 Z14.0571
G1 X77.1089 Y125.354 Z14.0857
G1 X76.7837 Y124.938 Z14.1143
G1 X76.9062 Y124.424 Z14.1429
G1 X77.3842 Y124.2 Z14.1714
G1 X77.8577 Y124.433 Z14.2
G1 X79.376 Y126.376 Z14.2
G1 X79.79 Y126.79
G1 Z14
G1 E1 F2100
M204 P1000
;TYPE:Outer wall
;WIDTH:0.42
G1 F1800
G1 X76.21 Y126.79 E.08725
G1 X76.21 Y93.21 E.8184
G1 X79.79 Y93.21 E.08725
G1 X79.79 Y126.73 E.81694
G1 X79.376 Y126.376 F9000
G1 X79.389 Y126.389
M204 P1500
;TYPE:Inner wall
;WIDTH:0.45
G1 F2700
G1 X76.611 Y126.389 E.07299
G1 X76.611 Y117.586 E.23125
G1 X79.389 Y117.586 E.07299
G1 X79.389 Y126.329 E.22967
G1 X78.974 Y125.974 F9000
G1 F2700
G1 X77.026 Y125.974 E.05115
G1 X77.026 Y118.001 E.20941
G1 X78.974 Y118.001 E.05115
G1 X78.974 Y125.914 E.20783
G1 X78.558 Y125.558 F9000
G1 F2700
G1 X77.442 Y125.558 E.02932
G1 X77.442 Y118.417 E.18757
G1 X78.558 Y118.417 E.02932
G1 X78.558 Y125.498 E.186
G1 X78.142 Y125.142 F9000
G1 F2700
G1 X77.858 Y125.142 E.00748
G1 X77.858 Y118.833 E.16574
G1 X78.142 Y118.833 E.00748
G1 X78.142 Y125.082 E.16416
G1 E-.7 F2100
;WIPE_START
G1 F2700
G1 X77.858 Y125.142 E-.08729
G1 X77.858 Y124.433 E-.21271
;WIPE_END
G1 X78.122 Y120.626 Z14.2 F9000
G1 X79.389 Y102.414 Z14.2
G1 Z14
G1 E1 F2100
G1 F2700
G1 X76.611 Y102.414 E.07299
G1 X76.611 Y93.611 E.23125
G1 X79.389 Y93.611 E.07299
G1 X79.389 Y102.354 E.22967
G1 X78.974 Y101.999 F9000
G1 F2700
G1 X77.026 Y101.999 E.05115
G1 X77.026 Y94.026 E.20941
G1 X78.974 Y94.026 E.05115
G1 X78.974 Y101.939 E.20783
G1 X78.558 Y101.583 F9000
G1 F2700
G1 X77.442 Y101.583 E.02932
G1 X77.442 Y94.442 E.18757
G1 X78.558 Y94.442 E.02932
G1 X78.558 Y101.523 E.186
G1 X78.142 Y101.167 F9000
G1 F2700
G1 X77.858 Y101.167 E.00748
G1 X77.858 Y94.858 E.16574
G1 X78.142 Y94.858 E.00748
G1 X78.142 Y101.107 E.16416
G1 X79.678 Y102.719 F9000
M204 P1000
;TYPE:Top surface
;WIDTH:0.427923
G1 F1800
G1 X76.495 Y102.719 E.07916
G1 X76.495 Y103.112 E.00979
G1 X79.505 Y103.112 E.07484
G1 X79.505 Y103.506 E.00979
G1 X76.495 Y103.506 E.07484
G1 X76.495 Y103.899 E.00979
G1 X79.505 Y103.899 E.07484
G1 X79.505 Y104.293 E.00979
G1 X76.495 Y104.293 E.07484
G1 X76.495 Y104.687 E.00979
G1 X79.505 Y104.687 E.07484
G1 X79.505 Y105.08 E.00979
G1 X76.495 Y105.08 E.07484
G1 X76.495 Y105.474 E.00979
G1 X79.505 Y105.474 E.07484
G1 X79.505 Y105.867 E.00979
G1 X76.495 Y105.867 E.07484
G1 X76.495 Y106.261 E.00979
G1 X79.505 Y106.261 E.07484
G1 X79.505 Y106.655 E.00979
G1 X76.495 Y106.655 E.07484
G1 X76.495 Y107.048 E.00979
G1 X79.505 Y107.048 E.07484
G1 X79.505 Y107.442 E.00979
G1 X76.495 Y107.442 E.07484
G1 X76.495 Y107.835 E.00979
G1 X79.505 Y107.835 E.07484
G1 X79.505 Y108.229 E.00979
G1 X76.495 Y108.229 E.07484
G1 X76.495 Y108.622 E.00979
G1 X79.505 Y108.622 E.07484
G1 X79.505 Y109.016 E.00979
G1 X76.495 Y109.016 E.07484
G1 X76.495 Y109.41 E.00979
G1 X79.505 Y109.41 E.07484
G1 X79.505 Y109.803 E.00979
G1 X76.495 Y109.803 E.07484
G1 X76.495 Y110.197 E.00979
G1 X79.505 Y110.197 E.07484
G1 X79.505 Y110.59 E.00979
G1 X76.495 Y110.59 E.07484
G1 X76.495 Y110.984 E.00979
G1 X79.505 Y110.984 E.07484
G1 X79.505 Y111.378 E.00979
G1 X76.495 Y111.378 E.07484
G1 X76.495 Y111.771 E.00979
G1 X79.505 Y111.771 E.07484
G1 X79.505 Y112.165 E.00979
G1 X76.495 Y112.165 E.07484
G1 X76.495 Y112.558 E.00979
G1 X79.505 Y112.558 E.07484
G1 X79.505 Y112.952 E.00979
G1 X76.495 Y112.952 E.07484
G1 X76.495 Y113.346 E.00979
G1 X79.505 Y113.346 E.07484
G1 X79.505 Y113.739 E.00979
G1 X76.495 Y113.739 E.07484
G1 X76.495 Y114.133 E.00979
G1 X79.505 Y114.133 E.07484
G1 X79.505 Y114.526 E.00979
G1 X76.495 Y114.526 E.07484
G1 X76.495 Y114.92 E.00979
G1 X79.505 Y114.92 E.07484
G1 X79.505 Y115.313 E.00979
G1 X76.495 Y115.313 E.07484
G1 X76.495 Y115.707 E.00979
G1 X79.505 Y115.707 E.07484
G1 X79.505 Y116.101 E.00979
G1 X76.495 Y116.101 E.07484
G1 X76.495 Y116.494 E.00979
G1 X79.505 Y116.494 E.07484
G1 X79.505 Y116.888 E.00979
G1 X76.495 Y116.888 E.07484
G1 X76.495 Y117.281 E.00979
G1 X79.678 Y117.281 E.07916
G1 E-.7 F2100
;WIPE_START
G1 F1800
G1 X78.678 Y117.281 E-.3
;WIPE_END
G1 X78.678 Y117.229 Z14.2 F9000
G1 X79.377 Y102.771
G1 X79.795 Y103.05
G1 Z14
G1 E1 F2100
;TYPE:Ironing
;WIDTH:0.401288
;HEIGHT:0.006
G1 F900
G1 X76.25 Y103.05 E.00336
G1 X76.25 Y103.15 E.00009
G1 X79.75 Y103.15 E.00332
G1 X79.75 Y103.25 E.00009
G1 X76.25 Y103.25 E.00332
G1 X76.25 Y103.35 E.00009
G1 X79.75 Y103.35 E.00332
G1 X79.75 Y103.45 E.00009
G1 X76.25 Y103.45 E.00332
G1 X76.25 Y103.55 E.00009
G1 X79.75 Y103.55 E.00332
G1 X79.75 Y103.65 E.00009
G1 X76.25 Y103.65 E.00332
G1 X76.25 Y103.75 E.00009
G1 X79.75 Y103.75 E.00332
G1 X79.75 Y103.85 E.00009
G1 X76.25 Y103.85 E.00332
G1 X76.25 Y103.95 E.00009
G1 X79.75 Y103.95 E.00332
G1 X79.75 Y104.05 E.00009
G1 X76.25 Y104.05 E.00332
G1 X76.25 Y104.15 E.00009
G1 X79.75 Y104.15 E.00332
G1 X79.75 Y104.25 E.00009
G1 X76.25 Y104.25 E.00332
G1 X76.25 Y104.35 E.00009
G1 X79.75 Y104.35 E.00332
G1 X79.75 Y104.45 E.00009
G1 X76.25 Y104.45 E.00332
G1 X76.25 Y104.55 E.00009
G1 X79.75 Y104.55 E.00332
G1 X79.75 Y104.65 E.00009
G1 X76.25 Y104.65 E.00332
G1 X76.25 Y104.75 E.00009
G1 X79.75 Y104.75 E.00332
G1 X79.75 Y104.85 E.00009
G1 X76.25 Y104.85 E.00332
G1 X76.25 Y104.95 E.00009
G1 X79.75 Y104.95 E.00332
G1 X79.75 Y105.05 E.00009
G1 X76.25 Y105.05 E.00332
G1 X76.25 Y105.15 E.00009
G1 X79.75 Y105.15 E.00332
G1 X79.75 Y105.25 E.00009
G1 X76.25 Y105.25 E.00332
G1 X76.25 Y105.35 E.00009
G1 X79.75 Y105.35 E.00332
G1 X79.75 Y105.45 E.00009
G1 X76.25 Y105.45 E.00332
G1 X76.25 Y105.55 E.00009
G1 X79.75 Y105.55 E.00332
G1 X79.75 Y105.65 E.00009
G1 X76.25 Y105.65 E.00332
G1 X76.25 Y105.75 E.00009
G1 X79.75 Y105.75 E.00332
G1 X79.75 Y105.85 E.00009
G1 X76.25 Y105.85 E.00332
G1 X76.25 Y105.95 E.00009
G1 X79.75 Y105.95 E.00332
G1 X79.75 Y106.05 E.00009
G1 X76.25 Y106.05 E.00332
G1 X76.25 Y106.15 E.00009
G1 X79.75 Y106.15 E.00332
G1 X79.75 Y106.25 E.00009
G1 X76.25 Y106.25 E.00332
G1 X76.25 Y106.35 E.00009
G1 X79.75 Y106.35 E.00332
G1 X79.75 Y106.45 E.00009
G1 X76.25 Y106.45 E.00332
G1 X76.25 Y106.55 E.00009
G1 X79.75 Y106.55 E.00332
G1 X79.75 Y106.65 E.00009
G1 X76.25 Y106.65 E.00332
G1 X76.25 Y106.75 E.00009
G1 X79.75 Y106.75 E.00332
G1 X79.75 Y106.85 E.00009
G1 X76.25 Y106.85 E.00332
G1 X76.25 Y106.95 E.00009
G1 X79.75 Y106.95 E.00332
G1 X79.75 Y107.05 E.00009
G1 X76.25 Y107.05 E.00332
G1 X76.25 Y107.15 E.00009
G1 X79.75 Y107.15 E.00332
G1 X79.75 Y107.25 E.00009
G1 X76.25 Y107.25 E.00332
G1 X76.25 Y107.35 E.00009
G1 X79.75 Y107.35 E.00332
G1 X79.75 Y107.45 E.00009
G1 X76.25 Y107.45 E.00332
G1 X76.25 Y107.55 E.00009
G1 X79.75 Y107.55 E.00332
G1 X79.75 Y107.65 E.00009
G1 X76.25 Y107.65 E.00332
G1 X76.25 Y107.75 E.00009
G1 X79.75 Y107.75 E.00332
G1 X79.75 Y107.85 E.00009
G1 X76.25 Y107.85 E.00332
G1 X76.25 Y107.95 E.00009
G1 X79.75 Y107.95 E.00332
G1 X79.75 Y108.05 E.00009
G1 X76.25 Y108.05 E.00332
G1 X76.25 Y108.15 E.00009
G1 X79.75 Y108.15 E.00332
G1 X79.75 Y108.25 E.00009
G1 X76.25 Y108.25 E.00332
G1 X76.25 Y108.35 E.00009
G1 X79.75 Y108.35 E.00332
G1 X79.75 Y108.45 E.00009
G1 X76.25 Y108.45 E.00332
G1 X76.25 Y108.55 E.00009
G1 X79.75 Y108.55 E.00332
G1 X79.75 Y108.65 E.00009
G1 X76.25 Y108.65 E.00332
G1 X76.25 Y108.75 E.00009
G1 X79.75 Y108.75 E.00332
G1 X79.75 Y108.85 E.00009
G1 X76.25 Y108.85 E.00332
G1 X76.25 Y108.95 E.00009
G1 X79.75 Y108.95 E.00332
G1 X79.75 Y109.05 E.00009
G1 X76.25 Y109.05 E.00332
G1 X76.25 Y109.15 E.00009
G1 X79.75 Y109.15 E.00332
G1 X79.75 Y109.25 E.00009
G1 X76.25 Y109.25 E.00332
G1 X76.25 Y109.35 E.00009
G1 X79.75 Y109.35 E.00332
G1 X79.75 Y109.45 E.00009
G1 X76.25 Y109.45 E.00332
G1 X76.25 Y109.55 E.00009
G1 X79.75 Y109.55 E.00332
G1 X79.75 Y109.65 E.00009
G1 X76.25 Y109.65 E.00332
G1 X76.25 Y109.75 E.00009
G1 X79.75 Y109.75 E.00332
G1 X79.75 Y109.85 E.00009
G1 X76.25 Y109.85 E.00332
G1 X76.25 Y109.95 E.00009
G1 X79.75 Y109.95 E.00332
G1 X79.75 Y110.05 E.00009
G1 X76.25 Y110.05 E.00332
G1 X76.25 Y110.15 E.00009
G1 X79.75 Y110.15 E.00332
G1 X79.75 Y110.25 E.00009
G1 X76.25 Y110.25 E.00332
G1 X76.25 Y110.35 E.00009
G1 X79.75 Y110.35 E.00332
G1 X79.75 Y110.45 E.00009
G1 X76.25 Y110.45 E.00332
G1 X76.25 Y110.55 E.00009
G1 X79.75 Y110.55 E.00332
G1 X79.75 Y110.65 E.00009
G1 X76.25 Y110.65 E.00332
G1 X76.25 Y110.75 E.00009
G1 X79.75 Y110.75 E.00332
G1 X79.75 Y110.85 E.00009
G1 X76.25 Y110.85 E.00332
G1 X76.25 Y110.95 E.00009
G1 X79.75 Y110.95 E.00332
G1 X79.75 Y111.05 E.00009
G1 X76.25 Y111.05 E.00332
G1 X76.25 Y111.15 E.00009
G1 X79.75 Y111.15 E.00332
G1 X79.75 Y111.25 E.00009
G1 X76.25 Y111.25 E.00332
G1 X76.25 Y111.35 E.00009
G1 X79.75 Y111.35 E.00332
G1 X79.75 Y111.45 E.00009
G1 X76.25 Y111.45 E.00332
G1 X76.25 Y111.55 E.00009
G1 X79.75 Y111.55 E.00332
G1 X79.75 Y111.65 E.00009
G1 X76.25 Y111.65 E.00332
G1 X76.25 Y111.75 E.00009
G1 X79.75 Y111.75 E.00332
G1 X79.75 Y111.85 E.00009
G1 X76.25 Y111.85 E.00332
G1 X76.25 Y111.95 E.00009
G1 X79.75 Y111.95 E.00332
G1 X79.75 Y112.05 E.00009
G1 X76.25 Y112.05 E.00332
G1 X76.25 Y112.15 E.00009
G1 X79.75 Y112.15 E.00332
G1 X79.75 Y112.25 E.00009
G1 X76.25 Y112.25 E.00332
G1 X76.25 Y112.35 E.00009
G1 X79.75 Y112.35 E.00332
G1 X79.75 Y112.45 E.00009
G1 X76.25 Y112.45 E.00332
G1 X76.25 Y112.55 E.00009
G1 X79.75 Y112.55 E.00332
G1 X79.75 Y112.65 E.00009
G1 X76.25 Y112.65 E.00332
G1 X76.25 Y112.75 E.00009
G1 X79.75 Y112.75 E.00332
G1 X79.75 Y112.85 E.00009
G1 X76.25 Y112.85 E.00332
G1 X76.25 Y112.95 E.00009
G1 X79.75 Y112.95 E.00332
G1 X79.75 Y113.05 E.00009
G1 X76.25 Y113.05 E.00332
G1 X76.25 Y113.15 E.00009
G1 X79.75 Y113.15 E.00332
G1 X79.75 Y113.25 E.00009
G1 X76.25 Y113.25 E.00332
G1 X76.25 Y113.35 E.00009
G1 X79.75 Y113.35 E.00332
G1 X79.75 Y113.45 E.00009
G1 X76.25 Y113.45 E.00332
G1 X76.25 Y113.55 E.00009
G1 X79.75 Y113.55 E.00332
G1 X79.75 Y113.65 E.00009
G1 X76.25 Y113.65 E.00332
G1 X76.25 Y113.75 E.00009
G1 X79.75 Y113.75 E.00332
G1 X79.75 Y113.85 E.00009
G1 X76.25 Y113.85 E.00332
G1 X76.25 Y113.95 E.00009
G1 X79.75 Y113.95 E.00332
G1 X79.75 Y114.05 E.00009
G1 X76.25 Y114.05 E.00332
G1 X76.25 Y114.15 E.00009
G1 X79.75 Y114.15 E.00332
G1 X79.75 Y114.25 E.00009
G1 X76.25 Y114.25 E.00332
G1 X76.25 Y114.35 E.00009
G1 X79.75 Y114.35 E.00332
G1 X79.75 Y114.45 E.00009
G1 X76.25 Y114.45 E.00332
G1 X76.25 Y114.55 E.00009
G1 X79.75 Y114.55 E.00332
G1 X79.75 Y114.65 E.00009
G1 X76.25 Y114.65 E.00332
G1 X76.25 Y114.75 E.00009
G1 X79.75 Y114.75 E.00332
G1 X79.75 Y114.85 E.00009
G1 X76.25 Y114.85 E.00332
G1 X76.25 Y114.95 E.00009
G1 X79.75 Y114.95 E.00332
G1 X79.75 Y115.05 E.00009
G1 X76.25 Y115.05 E.00332
G1 X76.25 Y115.15 E.00009
G1 X79.75 Y115.15 E.00332
G1 X79.75 Y115.25 E.00009
G1 X76.25 Y115.25 E.00332
G1 X76.25 Y115.35 E.00009
G1 X79.75 Y115.35 E.00332
G1 X79.75 Y115.45 E.00009
G1 X76.25 Y115.45 E.00332
G1 X76.25 Y115.55 E.00009
G1 X79.75 Y115.55 E.00332
G1 X79.75 Y115.65 E.00009
G1 X76.25 Y115.65 E.00332
G1 X76.25 Y115.75 E.00009
G1 X79.75 Y115.75 E.00332
G1 X79.75 Y115.85 E.00009
G1 X76.25 Y115.85 E.00332
G1 X76.25 Y115.95 E.00009
G1 X79.75 Y115.95 E.00332
G1 X79.75 Y116.05 E.00009
G1 X76.25 Y116.05 E.00332
G1 X76.25 Y116.15 E.00009
G1 X79.75 Y116.15 E.00332
G1 X79.75 Y116.25 E.00009
G1 X76.25 Y116.25 E.00332
G1 X76.25 Y116.35 E.00009
G1 X79.75 Y116.35 E.00332
G1 X79.75 Y116.45 E.00009
G1 X76.25 Y116.45 E.00332
G1 X76.25 Y116.55 E.00009
G1 X79.75 Y116.55 E.00332
G1 X79.75 Y116.65 E.00009
G1 X76.25 Y116.65 E.00332
G1 X76.25 Y116.75 E.00009
G1 X79.75 Y116.75 E.00332
G1 X79.75 Y116.85 E.00009
G1 X76.205 Y116.85 E.00336
; stop printing object pod_header_usb_coupon.stl id:0 copy 0
M106 S176
;LAYER_CHANGE
;Z:14.16
;HEIGHT:0.16
G92 E0 ; zero the extruded length again
; BEFORE_LAYER_CHANGE 87 @ 14.16mm
G1 E-.7 F2100
;WIPE_START
G1 F900
G1 X77.205 Y116.85 E-.3
;WIPE_END
; AFTER_LAYER_CHANGE 87 @ 14.16mm
;_SET_FAN_SPEED_CHANGING_LAYER
; printing object pod_header_usb_coupon.stl id:0 copy 0
G1 F9000
G1 X76.9759 Y117.326 Z14.1886
G1 X76.4611 Y117.443 Z14.2171
G1 X76.0483 Y117.114 Z14.2457
G1 X76.0483 Y116.586 Z14.2743
G1 X76.4611 Y116.257 Z14.3029
G1 X76.9759 Y116.374 Z14.3314
G1 X77.205 Y116.85 Z14.36
G1 X77.205 Y117.624 Z14.36
G1 X79.376 Y126.376
G1 X79.79 Y126.79
G1 Z14.16
G1 E1 F2100
;TYPE:Outer wall
;WIDTH:0.42
G1 F1236
G1 X76.21 Y126.79 E.08725
G1 X76.21 Y117.21 E.23348
G1 X79.79 Y117.21 E.08725
G1 X79.79 Y126.73 E.23202
G1 X79.376 Y126.376 F9000
G1 X79.389 Y126.389
M204 P1500
;TYPE:Inner wall
;WIDTH:0.45
G1 F1236
G1 X76.611 Y126.389 E.07299
G1 X76.611 Y117.611 E.23059
G1 X79.389 Y117.611 E.07299
G1 X79.389 Y126.329 E.22902
G1 X78.974 Y125.974 F9000
G1 F1236
G1 X77.026 Y125.974 E.05115
G1 X77.026 Y118.026 E.20876
G1 X78.974 Y118.026 E.05115
G1 X78.974 Y125.914 E.20718
G1 X78.558 Y125.558 F9000
G1 F1236
G1 X77.442 Y125.558 E.02932
G1 X77.442 Y118.442 E.18692
G1 X78.558 Y118.442 E.02932
G1 X78.558 Y125.498 E.18534
G1 X78.142 Y125.142 F9000
G1 F1236
G1 X77.858 Y125.142 E.00748
G1 X77.858 Y118.858 E.16508
G1 X78.142 Y118.858 E.00748
G1 X78.142 Y125.082 E.16351
G1 E-.7 F2100
;WIPE_START
G1 F2700
G1 X77.858 Y125.142 E-.08729
G1 X77.858 Y124.433 E-.21271
;WIPE_END
G1 X78.197 Y120.632 Z14.36 F9000
G1 X78.466 Y117.624 Z14.36
G1 X79.376 Y102.376
G1 X79.79 Y102.79
G1 Z14.16
G1 E1 F2100
M204 P1000
;TYPE:Outer wall
;WIDTH:0.42
G1 F1236
G1 X76.21 Y102.79 E.08725
G1 X76.21 Y93.21 E.23348
G1 X79.79 Y93.21 E.08725
G1 X79.79 Y102.73 E.23202
G1 X79.376 Y102.376 F9000
G1 X79.389 Y102.389
M204 P1500
;TYPE:Inner wall
;WIDTH:0.45
G1 F1236
G1 X76.611 Y102.389 E.07299
G1 X76.611 Y93.611 E.23059
G1 X79.389 Y93.611 E.07299
G1 X79.389 Y102.329 E.22902
G1 X78.974 Y101.974 F9000
G1 F1236
G1 X77.026 Y101.974 E.05115
G1 X77.026 Y94.026 E.20876
G1 X78.974 Y94.026 E.05115
G1 X78.974 Y101.914 E.20718
G1 X78.558 Y101.558 F9000
G1 F1236
G1 X77.442 Y101.558 E.02932
G1 X77.442 Y94.442 E.18692
G1 X78.558 Y94.442 E.02932
G1 X78.558 Y101.498 E.18534
G1 X78.142 Y101.142 F9000
G1 F1236
G1 X77.858 Y101.142 E.00748
G1 X77.858 Y94.858 E.16508
G1 X78.142 Y94.858 E.00748
G1 X78.142 Y101.082 E.16351
; stop printing object pod_header_usb_coupon.stl id:0 copy 0
;LAYER_CHANGE
;Z:14.32
;HEIGHT:0.16
G92 E0 ; zero the extruded length again
; BEFORE_LAYER_CHANGE 88 @ 14.32mm
G1 E-.7 F2100
;WIPE_START
G1 F2700
G1 X77.858 Y101.142 E-.08729
G1 X77.858 Y100.433 E-.21271
;WIPE_END
; AFTER_LAYER_CHANGE 88 @ 14.32mm
;_SET_FAN_SPEED_CHANGING_LAYER
; printing object pod_header_usb_coupon.stl id:0 copy 0
G1 F9000
G1 X77.664 Y100.925 Z14.3486
G1 X77.1591 Y101.079 Z14.3771
G1 X76.7234 Y100.781 Z14.4057
G1 X76.6847 Y100.255 Z14.4343
G1 X77.0724 Y99.8961 Z14.4629
G1 X77.5944 Y99.9756 Z14.4914
G1 X77.8577 Y100.433 Z14.52
G1 X78 Y102.376 Z14.52
G1 X79.118 Y117.624
G1 X79.376 Y126.376
G1 X79.79 Y126.79
G1 Z14.32
G1 E1 F2100
M204 P1000
;TYPE:Outer wall
;WIDTH:0.42
G1 F1236
G1 X76.21 Y126.79 E.08725
G1 X76.21 Y117.21 E.23348
G1 X79.79 Y117.21 E.08725
G1 X79.79 Y126.73 E.23202
G1 X79.376 Y126.376 F9000
G1 X79.389 Y126.389
M204 P1500
;TYPE:Inner wall
;WIDTH:0.45
G1 F1236
G1 X76.611 Y126.389 E.07299
G1 X76.611 Y117.611 E.23059
G1 X79.389 Y117.611 E.07299
G1 X79.389 Y126.329 E.22902
G1 X78.974 Y125.974 F9000
G1 F1236
G1 X77.026 Y125.974 E.05115
G1 X77.026 Y118.026 E.20876
G1 X78.974 Y118.026 E.05115
G1 X78.974 Y125.914 E.20718
G1 X78.558 Y125.558 F9000
G1 F1236
G1 X77.442 Y125.558 E.02932
G1 X77.442 Y118.442 E.18692
G1 X78.558 Y118.442 E.02932
G1 X78.558 Y125.498 E.18534
G1 X78.142 Y125.142 F9000
G1 F1236
G1 X77.858 Y125.142 E.00748
G1 X77.858 Y118.858 E.16508
G1 X78.142 Y118.858 E.00748
G1 X78.142 Y125.082 E.16351
G1 E-.7 F2100
;WIPE_START
G1 F2700
G1 X77.858 Y125.142 E-.08729
G1 X77.858 Y124.433 E-.21271
;WIPE_END
G1 X78.197 Y120.632 Z14.52 F9000
G1 X78.466 Y117.624 Z14.52
G1 X79.376 Y102.376
G1 X79.79 Y102.79
G1 Z14.32
G1 E1 F2100
M204 P1000
;TYPE:Outer wall
;WIDTH:0.42
G1 F1236
G1 X76.21 Y102.79 E.08725
G1 X76.21 Y93.21 E.23348
G1 X79.79 Y93.21 E.08725
G1 X79.79 Y102.73 E.23202
G1 X79.376 Y102.376 F9000
G1 X79.389 Y102.389
M204 P1500
;TYPE:Inner wall
;WIDTH:0.45
G1 F1236
G1 X76.611 Y102.389 E.07299
G1 X76.611 Y93.611 E.23059
G1 X79.389 Y93.611 E.07299
G1 X79.389 Y102.329 E.22902
G1 X78.974 Y101.974 F9000
G1 F1236
G1 X77.026 Y101.974 E.05115
G1 X77.026 Y94.026 E.20876
G1 X78.974 Y94.026 E.05115
G1 X78.974 Y101.914 E.20718
G1 X78.558 Y101.558 F9000
G1 F1236
G1 X77.442 Y101.558 E.02932
G1 X77.442 Y94.442 E.18692
G1 X78.558 Y94.442 E.02932
G1 X78.558 Y101.498 E.18534
G1 X78.142 Y101.142 F9000
G1 F1236
G1 X77.858 Y101.142 E.00748
G1 X77.858 Y94.858 E.16508
G1 X78.142 Y94.858 E.00748
G1 X78.142 Y101.082 E.16351
; stop printing object pod_header_usb_coupon.stl id:0 copy 0
;LAYER_CHANGE
;Z:14.48
;HEIGHT:0.16
G92 E0 ; zero the extruded length again
; BEFORE_LAYER_CHANGE 89 @ 14.48mm
G1 E-.7 F2100
;WIPE_START
G1 F2700
G1 X77.858 Y101.142 E-.08729
G1 X77.858 Y100.433 E-.21271
;WIPE_END
; AFTER_LAYER_CHANGE 89 @ 14.48mm
;_SET_FAN_SPEED_CHANGING_LAYER
; printing object pod_header_usb_coupon.stl id:0 copy 0
G1 F9000
G1 X77.664 Y100.925 Z14.5086
G1 X77.1591 Y101.079 Z14.5371
G1 X76.7234 Y100.781 Z14.5657
G1 X76.6847 Y100.255 Z14.5943
G1 X77.0724 Y99.8961 Z14.6229
G1 X77.5944 Y99.9756 Z14.6514
G1 X77.8577 Y100.433 Z14.68
G1 X78 Y102.376 Z14.68
G1 X79.118 Y117.624
G1 X79.376 Y126.376
G1 X79.79 Y126.79
G1 Z14.48
G1 E1 F2100
M204 P1000
;TYPE:Outer wall
;WIDTH:0.42
G1 F1236
G1 X76.21 Y126.79 E.08725
G1 X76.21 Y117.21 E.23348
G1 X79.79 Y117.21 E.08725
G1 X79.79 Y126.73 E.23202
G1 X79.376 Y126.376 F9000
G1 X79.389 Y126.389
M204 P1500
;TYPE:Inner wall
;WIDTH:0.45
G1 F1236
G1 X76.611 Y126.389 E.07299
G1 X76.611 Y117.611 E.23059
G1 X79.389 Y117.611 E.07299
G1 X79.389 Y126.329 E.22902
G1 X78.974 Y125.974 F9000
G1 F1236
G1 X77.026 Y125.974 E.05115
G1 X77.026 Y118.026 E.20876
G1 X78.974 Y118.026 E.05115
G1 X78.974 Y125.914 E.20718
G1 X78.558 Y125.558 F9000
G1 F1236
G1 X77.442 Y125.558 E.02932
G1 X77.442 Y118.442 E.18692
G1 X78.558 Y118.442 E.02932
G1 X78.558 Y125.498 E.18534
G1 X78.142 Y125.142 F9000
G1 F1236
G1 X77.858 Y125.142 E.00748
G1 X77.858 Y118.858 E.16508
G1 X78.142 Y118.858 E.00748
G1 X78.142 Y125.082 E.16351
G1 E-.7 F2100
;WIPE_START
G1 F2700
G1 X77.858 Y125.142 E-.08729
G1 X77.858 Y124.433 E-.21271
;WIPE_END
G1 X78.197 Y120.632 Z14.68 F9000
G1 X78.466 Y117.624 Z14.68
G1 X79.376 Y102.376
G1 X79.79 Y102.79
G1 Z14.48
G1 E1 F2100
M204 P1000
;TYPE:Outer wall
;WIDTH:0.42
G1 F1236
G1 X76.21 Y102.79 E.08725
G1 X76.21 Y93.21 E.23348
G1 X79.79 Y93.21 E.08725
G1 X79.79 Y102.73 E.23202
G1 X79.376 Y102.376 F9000
G1 X79.389 Y102.389
M204 P1500
;TYPE:Inner wall
;WIDTH:0.45
G1 F1236
G1 X76.611 Y102.389 E.07299
G1 X76.611 Y93.611 E.23059
G1 X79.389 Y93.611 E.07299
G1 X79.389 Y102.329 E.22902
G1 X78.974 Y101.974 F9000
G1 F1236
G1 X77.026 Y101.974 E.05115
G1 X77.026 Y94.026 E.20876
G1 X78.974 Y94.026 E.05115
G1 X78.974 Y101.914 E.20718
G1 X78.558 Y101.558 F9000
G1 F1236
G1 X77.442 Y101.558 E.02932
G1 X77.442 Y94.442 E.18692
G1 X78.558 Y94.442 E.02932
G1 X78.558 Y101.498 E.18534
G1 X78.142 Y101.142 F9000
G1 F1236
G1 X77.858 Y101.142 E.00748
G1 X77.858 Y94.858 E.16508
G1 X78.142 Y94.858 E.00748
G1 X78.142 Y101.082 E.16351
; stop printing object pod_header_usb_coupon.stl id:0 copy 0
;LAYER_CHANGE
;Z:14.64
;HEIGHT:0.160001
G92 E0 ; zero the extruded length again
; BEFORE_LAYER_CHANGE 90 @ 14.64mm
G1 E-.7 F2100
;WIPE_START
G1 F2700
G1 X77.858 Y101.142 E-.08729
G1 X77.858 Y100.433 E-.21271
;WIPE_END
; AFTER_LAYER_CHANGE 90 @ 14.64mm
;_SET_FAN_SPEED_CHANGING_LAYER
; printing object pod_header_usb_coupon.stl id:0 copy 0
G1 F9000
G1 X77.664 Y100.925 Z14.6686
G1 X77.1591 Y101.079 Z14.6971
G1 X76.7234 Y100.781 Z14.7257
G1 X76.6847 Y100.255 Z14.7543
G1 X77.0724 Y99.8961 Z14.7829
G1 X77.5944 Y99.9756 Z14.8114
G1 X77.8577 Y100.433 Z14.84
G1 X78 Y102.376 Z14.84
G1 X79.118 Y117.624
G1 X79.376 Y126.376
G1 X79.79 Y126.79
G1 Z14.64
G1 E1 F2100
M204 P1000
;TYPE:Outer wall
;WIDTH:0.42
G1 F1236
G1 X76.21 Y126.79 E.08725
G1 X76.21 Y117.21 E.23348
G1 X79.79 Y117.21 E.08725
G1 X79.79 Y126.73 E.23202
G1 X79.376 Y126.376 F9000
G1 X79.389 Y126.389
M204 P1500
;TYPE:Inner wall
;WIDTH:0.45
G1 F1236
G1 X76.611 Y126.389 E.07299
G1 X76.611 Y117.611 E.23059
G1 X79.389 Y117.611 E.07299
G1 X79.389 Y126.329 E.22902
G1 X78.974 Y125.974 F9000
G1 F1236
G1 X77.026 Y125.974 E.05115
G1 X77.026 Y118.026 E.20876
G1 X78.974 Y118.026 E.05115
G1 X78.974 Y125.914 E.20718
G1 X78.558 Y125.558 F9000
G1 F1236
G1 X77.442 Y125.558 E.02932
G1 X77.442 Y118.442 E.18692
G1 X78.558 Y118.442 E.02932
G1 X78.558 Y125.498 E.18534
G1 X78.142 Y125.142 F9000
G1 F1236
G1 X77.858 Y125.142 E.00748
G1 X77.858 Y118.858 E.16508
G1 X78.142 Y118.858 E.00748
G1 X78.142 Y125.082 E.16351
G1 E-.7 F2100
;WIPE_START
G1 F2700
G1 X77.858 Y125.142 E-.08729
G1 X77.858 Y124.433 E-.21271
;WIPE_END
G1 X78.197 Y120.632 Z14.84 F9000
G1 X78.466 Y117.624 Z14.84
G1 X79.376 Y102.376
G1 X79.79 Y102.79
G1 Z14.64
G1 E1 F2100
M204 P1000
;TYPE:Outer wall
;WIDTH:0.42
G1 F1236
G1 X76.21 Y102.79 E.08725
G1 X76.21 Y93.21 E.23348
G1 X79.79 Y93.21 E.08725
G1 X79.79 Y102.73 E.23202
G1 X79.376 Y102.376 F9000
G1 X79.389 Y102.389
M204 P1500
;TYPE:Inner wall
;WIDTH:0.45
G1 F1236
G1 X76.611 Y102.389 E.07299
G1 X76.611 Y93.611 E.23059
G1 X79.389 Y93.611 E.07299
G1 X79.389 Y102.329 E.22902
G1 X78.974 Y101.974 F9000
G1 F1236
G1 X77.026 Y101.974 E.05115
G1 X77.026 Y94.026 E.20876
G1 X78.974 Y94.026 E.05115
G1 X78.974 Y101.914 E.20718
G1 X78.558 Y101.558 F9000
G1 F1236
G1 X77.442 Y101.558 E.02932
G1 X77.442 Y94.442 E.18692
G1 X78.558 Y94.442 E.02932
G1 X78.558 Y101.498 E.18534
G1 X78.142 Y101.142 F9000
G1 F1236
G1 X77.858 Y101.142 E.00748
G1 X77.858 Y94.858 E.16508
G1 X78.142 Y94.858 E.00748
G1 X78.142 Y101.082 E.16351
; stop printing object pod_header_usb_coupon.stl id:0 copy 0
;LAYER_CHANGE
;Z:14.8
;HEIGHT:0.16
G92 E0 ; zero the extruded length again
; BEFORE_LAYER_CHANGE 91 @ 14.8mm
G1 E-.7 F2100
;WIPE_START
G1 F2700
G1 X77.858 Y101.142 E-.08729
G1 X77.858 Y100.433 E-.21271
;WIPE_END
; AFTER_LAYER_CHANGE 91 @ 14.8mm
;_SET_FAN_SPEED_CHANGING_LAYER
; printing object pod_header_usb_coupon.stl id:0 copy 0
G1 F9000
G1 X77.664 Y100.925 Z14.8286
G1 X77.1591 Y101.079 Z14.8571
G1 X76.7234 Y100.781 Z14.8857
G1 X76.6847 Y100.255 Z14.9143
G1 X77.0724 Y99.8961 Z14.9429
G1 X77.5944 Y99.9756 Z14.9714
G1 X77.8577 Y100.433 Z15
G1 X78 Y102.376 Z15
G1 X79.118 Y117.624
G1 X79.376 Y126.376
G1 X79.79 Y126.79
G1 Z14.8
G1 E1 F2100
M204 P1000
;TYPE:Outer wall
;WIDTH:0.42
G1 F1236
G1 X76.21 Y126.79 E.08725
G1 X76.21 Y117.21 E.23348
G1 X79.79 Y117.21 E.08725
G1 X79.79 Y126.73 E.23202
G1 X79.376 Y126.376 F9000
G1 X79.389 Y126.389
M204 P1500
;TYPE:Inner wall
;WIDTH:0.45
G1 F1236
G1 X76.611 Y126.389 E.07299
G1 X76.611 Y117.611 E.23059
G1 X79.389 Y117.611 E.07299
G1 X79.389 Y126.329 E.22902
G1 X78.974 Y125.974 F9000
G1 F1236
G1 X77.026 Y125.974 E.05115
G1 X77.026 Y118.026 E.20876
G1 X78.974 Y118.026 E.05115
G1 X78.974 Y125.914 E.20718
G1 X78.558 Y125.558 F9000
G1 F1236
G1 X77.442 Y125.558 E.02932
G1 X77.442 Y118.442 E.18692
G1 X78.558 Y118.442 E.02932
G1 X78.558 Y125.498 E.18534
G1 X78.142 Y125.142 F9000
G1 F1236
G1 X77.858 Y125.142 E.00748
G1 X77.858 Y118.858 E.16508
G1 X78.142 Y118.858 E.00748
G1 X78.142 Y125.082 E.16351
G1 E-.7 F2100
;WIPE_START
G1 F2700
G1 X77.858 Y125.142 E-.08729
G1 X77.858 Y124.433 E-.21271
;WIPE_END
G1 X78.197 Y120.632 Z15 F9000
G1 X78.466 Y117.624 Z15
G1 X79.376 Y102.376
G1 X79.79 Y102.79
G1 Z14.8
G1 E1 F2100
M204 P1000
;TYPE:Outer wall
;WIDTH:0.42
G1 F1236
G1 X76.21 Y102.79 E.08725
G1 X76.21 Y93.21 E.23348
G1 X79.79 Y93.21 E.08725
G1 X79.79 Y102.73 E.23202
G1 X79.376 Y102.376 F9000
G1 X79.389 Y102.389
M204 P1500
;TYPE:Inner wall
;WIDTH:0.45
G1 F1236
G1 X76.611 Y102.389 E.07299
G1 X76.611 Y93.611 E.23059
G1 X79.389 Y93.611 E.07299
G1 X79.389 Y102.329 E.22902
G1 X78.974 Y101.974 F9000
G1 F1236
G1 X77.026 Y101.974 E.05115
G1 X77.026 Y94.026 E.20876
G1 X78.974 Y94.026 E.05115
G1 X78.974 Y101.914 E.20718
G1 X78.558 Y101.558 F9000
G1 F1236
G1 X77.442 Y101.558 E.02932
G1 X77.442 Y94.442 E.18692
G1 X78.558 Y94.442 E.02932
G1 X78.558 Y101.498 E.18534
G1 X78.142 Y101.142 F9000
G1 F1236
G1 X77.858 Y101.142 E.00748
G1 X77.858 Y94.858 E.16508
G1 X78.142 Y94.858 E.00748
G1 X78.142 Y101.082 E.16351
; stop printing object pod_header_usb_coupon.stl id:0 copy 0
;LAYER_CHANGE
;Z:14.96
;HEIGHT:0.16
G92 E0 ; zero the extruded length again
; BEFORE_LAYER_CHANGE 92 @ 14.96mm
G1 E-.7 F2100
;WIPE_START
G1 F2700
G1 X77.858 Y101.142 E-.08729
G1 X77.858 Y100.433 E-.21271
;WIPE_END
; AFTER_LAYER_CHANGE 92 @ 14.96mm
;_SET_FAN_SPEED_CHANGING_LAYER
; printing object pod_header_usb_coupon.stl id:0 copy 0
G1 F9000
G1 X77.664 Y100.925 Z14.9886
G1 X77.1591 Y101.079 Z15.0171
G1 X76.7234 Y100.781 Z15.0457
G1 X76.6847 Y100.255 Z15.0743
G1 X77.0724 Y99.8961 Z15.1029
G1 X77.5944 Y99.9756 Z15.1314
G1 X77.8577 Y100.433 Z15.16
G1 X78 Y102.376 Z15.16
G1 X79.118 Y117.624
G1 X79.376 Y126.376
G1 X79.79 Y126.79
G1 Z14.96
G1 E1 F2100
M204 P1000
;TYPE:Outer wall
;WIDTH:0.42
G1 F1236
G1 X76.21 Y126.79 E.08725
G1 X76.21 Y117.21 E.23348
G1 X79.79 Y117.21 E.08725
G1 X79.79 Y126.73 E.23202
G1 X79.376 Y126.376 F9000
G1 X79.389 Y126.389
M204 P1500
;TYPE:Inner wall
;WIDTH:0.45
G1 F1236
G1 X76.611 Y126.389 E.07299
G1 X76.611 Y117.611 E.23059
G1 X79.389 Y117.611 E.07299
G1 X79.389 Y126.329 E.22902
G1 X78.974 Y125.974 F9000
G1 F1236
G1 X77.026 Y125.974 E.05115
G1 X77.026 Y118.026 E.20876
G1 X78.974 Y118.026 E.05115
G1 X78.974 Y125.914 E.20718
G1 X78.558 Y125.558 F9000
G1 F1236
G1 X77.442 Y125.558 E.02932
G1 X77.442 Y118.442 E.18692
G1 X78.558 Y118.442 E.02932
G1 X78.558 Y125.498 E.18534
G1 X78.142 Y125.142 F9000
G1 F1236
G1 X77.858 Y125.142 E.00748
G1 X77.858 Y118.858 E.16508
G1 X78.142 Y118.858 E.00748
G1 X78.142 Y125.082 E.16351
G1 E-.7 F2100
;WIPE_START
G1 F2700
G1 X77.858 Y125.142 E-.08729
G1 X77.858 Y124.433 E-.21271
;WIPE_END
G1 X78.197 Y120.632 Z15.16 F9000
G1 X78.466 Y117.624 Z15.16
G1 X79.376 Y102.376
G1 X79.79 Y102.79
G1 Z14.96
G1 E1 F2100
M204 P1000
;TYPE:Outer wall
;WIDTH:0.42
G1 F1236
G1 X76.21 Y102.79 E.08725
G1 X76.21 Y93.21 E.23348
G1 X79.79 Y93.21 E.08725
G1 X79.79 Y102.73 E.23202
G1 X79.376 Y102.376 F9000
G1 X79.389 Y102.389
M204 P1500
;TYPE:Inner wall
;WIDTH:0.45
G1 F1236
G1 X76.611 Y102.389 E.07299
G1 X76.611 Y93.611 E.23059
G1 X79.389 Y93.611 E.07299
G1 X79.389 Y102.329 E.22902
G1 X78.974 Y101.974 F9000
G1 F1236
G1 X77.026 Y101.974 E.05115
G1 X77.026 Y94.026 E.20876
G1 X78.974 Y94.026 E.05115
G1 X78.974 Y101.914 E.20718
G1 X78.558 Y101.558 F9000
G1 F1236
G1 X77.442 Y101.558 E.02932
G1 X77.442 Y94.442 E.18692
G1 X78.558 Y94.442 E.02932
G1 X78.558 Y101.498 E.18534
G1 X78.142 Y101.142 F9000
G1 F1236
G1 X77.858 Y101.142 E.00748
G1 X77.858 Y94.858 E.16508
G1 X78.142 Y94.858 E.00748
G1 X78.142 Y101.082 E.16351
; stop printing object pod_header_usb_coupon.stl id:0 copy 0
;LAYER_CHANGE
;Z:15.12
;HEIGHT:0.16
G92 E0 ; zero the extruded length again
; BEFORE_LAYER_CHANGE 93 @ 15.12mm
G1 E-.7 F2100
;WIPE_START
G1 F2700
G1 X77.858 Y101.142 E-.08729
G1 X77.858 Y100.433 E-.21271
;WIPE_END
; AFTER_LAYER_CHANGE 93 @ 15.12mm
;_SET_FAN_SPEED_CHANGING_LAYER
; printing object pod_header_usb_coupon.stl id:0 copy 0
G1 F9000
G1 X77.664 Y100.925 Z15.1486
G1 X77.1591 Y101.079 Z15.1771
G1 X76.7234 Y100.781 Z15.2057
G1 X76.6847 Y100.255 Z15.2343
G1 X77.0724 Y99.8961 Z15.2629
G1 X77.5944 Y99.9756 Z15.2914
G1 X77.8577 Y100.433 Z15.32
G1 X78 Y102.376 Z15.32
G1 X79.118 Y117.624
G1 X79.376 Y126.376
G1 X79.79 Y126.79
G1 Z15.12
G1 E1 F2100
M204 P1000
;TYPE:Outer wall
;WIDTH:0.42
G1 F1236
G1 X76.21 Y126.79 E.08725
G1 X76.21 Y117.21 E.23348
G1 X79.79 Y117.21 E.08725
G1 X79.79 Y126.73 E.23202
G1 X79.376 Y126.376 F9000
G1 X79.389 Y126.389
M204 P1500
;TYPE:Inner wall
;WIDTH:0.45
G1 F1236
G1 X76.611 Y126.389 E.07299
G1 X76.611 Y117.611 E.23059
G1 X79.389 Y117.611 E.07299
G1 X79.389 Y126.329 E.22902
G1 X78.974 Y125.974 F9000
G1 F1236
G1 X77.026 Y125.974 E.05115
G1 X77.026 Y118.026 E.20876
G1 X78.974 Y118.026 E.05115
G1 X78.974 Y125.914 E.20718
G1 X78.558 Y125.558 F9000
G1 F1236
G1 X77.442 Y125.558 E.02932
G1 X77.442 Y118.442 E.18692
G1 X78.558 Y118.442 E.02932
G1 X78.558 Y125.498 E.18534
G1 X78.142 Y125.142 F9000
G1 F1236
G1 X77.858 Y125.142 E.00748
G1 X77.858 Y118.858 E.16508
G1 X78.142 Y118.858 E.00748
G1 X78.142 Y125.082 E.16351
G1 E-.7 F2100
;WIPE_START
G1 F2700
G1 X77.858 Y125.142 E-.08729
G1 X77.858 Y124.433 E-.21271
;WIPE_END
G1 X78.197 Y120.632 Z15.32 F9000
G1 X78.466 Y117.624 Z15.32
G1 X79.376 Y102.376
G1 X79.79 Y102.79
G1 Z15.12
G1 E1 F2100
M204 P1000
;TYPE:Outer wall
;WIDTH:0.42
G1 F1236
G1 X76.21 Y102.79 E.08725
G1 X76.21 Y93.21 E.23348
G1 X79.79 Y93.21 E.08725
G1 X79.79 Y102.73 E.23202
G1 X79.376 Y102.376 F9000
G1 X79.389 Y102.389
M204 P1500
;TYPE:Inner wall
;WIDTH:0.45
G1 F1236
G1 X76.611 Y102.389 E.07299
G1 X76.611 Y93.611 E.23059
G1 X79.389 Y93.611 E.07299
G1 X79.389 Y102.329 E.22902
G1 X78.974 Y101.974 F9000
G1 F1236
G1 X77.026 Y101.974 E.05115
G1 X77.026 Y94.026 E.20876
G1 X78.974 Y94.026 E.05115
G1 X78.974 Y101.914 E.20718
G1 X78.558 Y101.558 F9000
G1 F1236
G1 X77.442 Y101.558 E.02932
G1 X77.442 Y94.442 E.18692
G1 X78.558 Y94.442 E.02932
G1 X78.558 Y101.498 E.18534
G1 X78.142 Y101.142 F9000
G1 F1236
G1 X77.858 Y101.142 E.00748
G1 X77.858 Y94.858 E.16508
G1 X78.142 Y94.858 E.00748
G1 X78.142 Y101.082 E.16351
; stop printing object pod_header_usb_coupon.stl id:0 copy 0
;LAYER_CHANGE
;Z:15.28
;HEIGHT:0.16
G92 E0 ; zero the extruded length again
; BEFORE_LAYER_CHANGE 94 @ 15.28mm
G1 E-.7 F2100
;WIPE_START
G1 F2700
G1 X77.858 Y101.142 E-.08729
G1 X77.858 Y100.433 E-.21271
;WIPE_END
; AFTER_LAYER_CHANGE 94 @ 15.28mm
;_SET_FAN_SPEED_CHANGING_LAYER
; printing object pod_header_usb_coupon.stl id:0 copy 0
G1 F9000
G1 X77.664 Y100.925 Z15.3086
G1 X77.1591 Y101.079 Z15.3371
G1 X76.7234 Y100.781 Z15.3657
G1 X76.6847 Y100.255 Z15.3943
G1 X77.0724 Y99.8961 Z15.4229
G1 X77.5944 Y99.9756 Z15.4514
G1 X77.8577 Y100.433 Z15.48
G1 X78 Y102.376 Z15.48
G1 X79.118 Y117.624
G1 X79.376 Y126.376
G1 X79.79 Y126.79
G1 Z15.28
G1 E1 F2100
M204 P1000
;TYPE:Outer wall
;WIDTH:0.42
G1 F1236
G1 X76.21 Y126.79 E.08725
G1 X76.21 Y117.21 E.23348
G1 X79.79 Y117.21 E.08725
G1 X79.79 Y126.73 E.23202
G1 X79.376 Y126.376 F9000
G1 X79.389 Y126.389
M204 P1500
;TYPE:Inner wall
;WIDTH:0.45
G1 F1236
G1 X76.611 Y126.389 E.07299
G1 X76.611 Y117.611 E.23059
G1 X79.389 Y117.611 E.07299
G1 X79.389 Y126.329 E.22902
G1 X78.974 Y125.974 F9000
G1 F1236
G1 X77.026 Y125.974 E.05115
G1 X77.026 Y118.026 E.20876
G1 X78.974 Y118.026 E.05115
G1 X78.974 Y125.914 E.20718
G1 X78.558 Y125.558 F9000
G1 F1236
G1 X77.442 Y125.558 E.02932
G1 X77.442 Y118.442 E.18692
G1 X78.558 Y118.442 E.02932
G1 X78.558 Y125.498 E.18534
G1 X78.142 Y125.142 F9000
G1 F1236
G1 X77.858 Y125.142 E.00748
G1 X77.858 Y118.858 E.16508
G1 X78.142 Y118.858 E.00748
G1 X78.142 Y125.082 E.16351
G1 E-.7 F2100
;WIPE_START
G1 F2700
G1 X77.858 Y125.142 E-.08729
G1 X77.858 Y124.433 E-.21271
;WIPE_END
G1 X78.197 Y120.632 Z15.48 F9000
G1 X78.466 Y117.624 Z15.48
G1 X79.376 Y102.376
G1 X79.79 Y102.79
G1 Z15.28
G1 E1 F2100
M204 P1000
;TYPE:Outer wall
;WIDTH:0.42
G1 F1236
G1 X76.21 Y102.79 E.08725
G1 X76.21 Y93.21 E.23348
G1 X79.79 Y93.21 E.08725
G1 X79.79 Y102.73 E.23202
G1 X79.376 Y102.376 F9000
G1 X79.389 Y102.389
M204 P1500
;TYPE:Inner wall
;WIDTH:0.45
G1 F1236
G1 X76.611 Y102.389 E.07299
G1 X76.611 Y93.611 E.23059
G1 X79.389 Y93.611 E.07299
G1 X79.389 Y102.329 E.22902
G1 X78.974 Y101.974 F9000
G1 F1236
G1 X77.026 Y101.974 E.05115
G1 X77.026 Y94.026 E.20876
G1 X78.974 Y94.026 E.05115
G1 X78.974 Y101.914 E.20718
G1 X78.558 Y101.558 F9000
G1 F1236
G1 X77.442 Y101.558 E.02932
G1 X77.442 Y94.442 E.18692
G1 X78.558 Y94.442 E.02932
G1 X78.558 Y101.498 E.18534
G1 X78.142 Y101.142 F9000
G1 F1236
G1 X77.858 Y101.142 E.00748
G1 X77.858 Y94.858 E.16508
G1 X78.142 Y94.858 E.00748
G1 X78.142 Y101.082 E.16351
; stop printing object pod_header_usb_coupon.stl id:0 copy 0
;LAYER_CHANGE
;Z:15.44
;HEIGHT:0.16
G92 E0 ; zero the extruded length again
; BEFORE_LAYER_CHANGE 95 @ 15.44mm
G1 E-.7 F2100
;WIPE_START
G1 F2700
G1 X77.858 Y101.142 E-.08729
G1 X77.858 Y100.433 E-.21271
;WIPE_END
; AFTER_LAYER_CHANGE 95 @ 15.44mm
;_SET_FAN_SPEED_CHANGING_LAYER
; printing object pod_header_usb_coupon.stl id:0 copy 0
G1 F9000
G1 X77.664 Y100.925 Z15.4686
G1 X77.1591 Y101.079 Z15.4971
G1 X76.7234 Y100.781 Z15.5257
G1 X76.6847 Y100.255 Z15.5543
G1 X77.0724 Y99.8961 Z15.5829
G1 X77.5944 Y99.9756 Z15.6114
G1 X77.8577 Y100.433 Z15.64
G1 X78 Y102.376 Z15.64
G1 X79.118 Y117.624
G1 X79.376 Y126.376
G1 X79.79 Y126.79
G1 Z15.44
G1 E1 F2100
M204 P1000
;TYPE:Outer wall
;WIDTH:0.42
G1 F1236
G1 X76.21 Y126.79 E.08725
G1 X76.21 Y117.21 E.23348
G1 X79.79 Y117.21 E.08725
G1 X79.79 Y126.73 E.23202
G1 X79.376 Y126.376 F9000
G1 X79.389 Y126.389
M204 P1500
;TYPE:Inner wall
;WIDTH:0.45
G1 F1236
G1 X76.611 Y126.389 E.07299
G1 X76.611 Y117.611 E.23059
G1 X79.389 Y117.611 E.07299
G1 X79.389 Y126.329 E.22902
G1 X78.974 Y125.974 F9000
G1 F1236
G1 X77.026 Y125.974 E.05115
G1 X77.026 Y118.026 E.20876
G1 X78.974 Y118.026 E.05115
G1 X78.974 Y125.914 E.20718
G1 X78.558 Y125.558 F9000
G1 F1236
G1 X77.442 Y125.558 E.02932
G1 X77.442 Y118.442 E.18692
G1 X78.558 Y118.442 E.02932
G1 X78.558 Y125.498 E.18534
G1 X78.142 Y125.142 F9000
G1 F1236
G1 X77.858 Y125.142 E.00748
G1 X77.858 Y118.858 E.16508
G1 X78.142 Y118.858 E.00748
G1 X78.142 Y125.082 E.16351
G1 E-.7 F2100
;WIPE_START
G1 F2700
G1 X77.858 Y125.142 E-.08729
G1 X77.858 Y124.433 E-.21271
;WIPE_END
G1 X78.197 Y120.632 Z15.64 F9000
G1 X78.466 Y117.624 Z15.64
G1 X79.376 Y102.376
G1 X79.79 Y102.79
G1 Z15.44
G1 E1 F2100
M204 P1000
;TYPE:Outer wall
;WIDTH:0.42
G1 F1236
G1 X76.21 Y102.79 E.08725
G1 X76.21 Y93.21 E.23348
G1 X79.79 Y93.21 E.08725
G1 X79.79 Y102.73 E.23202
G1 X79.376 Y102.376 F9000
G1 X79.389 Y102.389
M204 P1500
;TYPE:Inner wall
;WIDTH:0.45
G1 F1236
G1 X76.611 Y102.389 E.07299
G1 X76.611 Y93.611 E.23059
G1 X79.389 Y93.611 E.07299
G1 X79.389 Y102.329 E.22902
G1 X78.974 Y101.974 F9000
G1 F1236
G1 X77.026 Y101.974 E.05115
G1 X77.026 Y94.026 E.20876
G1 X78.974 Y94.026 E.05115
G1 X78.974 Y101.914 E.20718
G1 X78.558 Y101.558 F9000
G1 F1236
G1 X77.442 Y101.558 E.02932
G1 X77.442 Y94.442 E.18692
G1 X78.558 Y94.442 E.02932
G1 X78.558 Y101.498 E.18534
G1 X78.142 Y101.142 F9000
G1 F1236
G1 X77.858 Y101.142 E.00748
G1 X77.858 Y94.858 E.16508
G1 X78.142 Y94.858 E.00748
G1 X78.142 Y101.082 E.16351
; stop printing object pod_header_usb_coupon.stl id:0 copy 0
;LAYER_CHANGE
;Z:15.6
;HEIGHT:0.160001
G92 E0 ; zero the extruded length again
; BEFORE_LAYER_CHANGE 96 @ 15.6mm
G1 E-.7 F2100
;WIPE_START
G1 F2700
G1 X77.858 Y101.142 E-.08729
G1 X77.858 Y100.433 E-.21271
;WIPE_END
; AFTER_LAYER_CHANGE 96 @ 15.6mm
;_SET_FAN_SPEED_CHANGING_LAYER
; printing object pod_header_usb_coupon.stl id:0 copy 0
G1 F9000
G1 X77.664 Y100.925 Z15.6286
G1 X77.1591 Y101.079 Z15.6571
G1 X76.7234 Y100.781 Z15.6857
G1 X76.6847 Y100.255 Z15.7143
G1 X77.0724 Y99.8961 Z15.7429
G1 X77.5944 Y99.9756 Z15.7714
G1 X77.8577 Y100.433 Z15.8
G1 X78 Y102.376 Z15.8
G1 X79.118 Y117.624
G1 X79.376 Y126.376
G1 X79.79 Y126.79
G1 Z15.6
G1 E1 F2100
M204 P1000
;TYPE:Outer wall
;WIDTH:0.42
G1 F1236
G1 X76.21 Y126.79 E.08725
G1 X76.21 Y117.21 E.23348
G1 X79.79 Y117.21 E.08725
G1 X79.79 Y126.73 E.23202
G1 X79.376 Y126.376 F9000
G1 X79.389 Y126.389
M204 P1500
;TYPE:Inner wall
;WIDTH:0.45
G1 F1236
G1 X76.611 Y126.389 E.07299
G1 X76.611 Y117.611 E.23059
G1 X79.389 Y117.611 E.07299
G1 X79.389 Y126.329 E.22902
G1 X78.974 Y125.974 F9000
G1 F1236
G1 X77.026 Y125.974 E.05115
G1 X77.026 Y118.026 E.20876
G1 X78.974 Y118.026 E.05115
G1 X78.974 Y125.914 E.20718
G1 X78.558 Y125.558 F9000
G1 F1236
G1 X77.442 Y125.558 E.02932
G1 X77.442 Y118.442 E.18692
G1 X78.558 Y118.442 E.02932
G1 X78.558 Y125.498 E.18534
G1 X78.142 Y125.142 F9000
G1 F1236
G1 X77.858 Y125.142 E.00748
G1 X77.858 Y118.858 E.16508
G1 X78.142 Y118.858 E.00748
G1 X78.142 Y125.082 E.16351
G1 E-.7 F2100
;WIPE_START
G1 F2700
G1 X77.858 Y125.142 E-.08729
G1 X77.858 Y124.433 E-.21271
;WIPE_END
G1 X78.197 Y120.632 Z15.8 F9000
G1 X78.466 Y117.624 Z15.8
G1 X79.376 Y102.376
G1 X79.79 Y102.79
G1 Z15.6
G1 E1 F2100
M204 P1000
;TYPE:Outer wall
;WIDTH:0.42
G1 F1236
G1 X76.21 Y102.79 E.08725
G1 X76.21 Y93.21 E.23348
G1 X79.79 Y93.21 E.08725
G1 X79.79 Y102.73 E.23202
G1 X79.376 Y102.376 F9000
G1 X79.389 Y102.389
M204 P1500
;TYPE:Inner wall
;WIDTH:0.45
G1 F1236
G1 X76.611 Y102.389 E.07299
G1 X76.611 Y93.611 E.23059
G1 X79.389 Y93.611 E.07299
G1 X79.389 Y102.329 E.22902
G1 X78.974 Y101.974 F9000
G1 F1236
G1 X77.026 Y101.974 E.05115
G1 X77.026 Y94.026 E.20876
G1 X78.974 Y94.026 E.05115
G1 X78.974 Y101.914 E.20718
G1 X78.558 Y101.558 F9000
G1 F1236
G1 X77.442 Y101.558 E.02932
G1 X77.442 Y94.442 E.18692
G1 X78.558 Y94.442 E.02932
G1 X78.558 Y101.498 E.18534
G1 X78.142 Y101.142 F9000
G1 F1236
G1 X77.858 Y101.142 E.00748
G1 X77.858 Y94.858 E.16508
G1 X78.142 Y94.858 E.00748
G1 X78.142 Y101.082 E.16351
; stop printing object pod_header_usb_coupon.stl id:0 copy 0
;LAYER_CHANGE
;Z:15.76
;HEIGHT:0.16
G92 E0 ; zero the extruded length again
; BEFORE_LAYER_CHANGE 97 @ 15.76mm
G1 E-.7 F2100
;WIPE_START
G1 F2700
G1 X77.858 Y101.142 E-.08729
G1 X77.858 Y100.433 E-.21271
;WIPE_END
; AFTER_LAYER_CHANGE 97 @ 15.76mm
;_SET_FAN_SPEED_CHANGING_LAYER
; printing object pod_header_usb_coupon.stl id:0 copy 0
G1 F9000
G1 X77.664 Y100.925 Z15.7886
G1 X77.1591 Y101.079 Z15.8171
G1 X76.7234 Y100.781 Z15.8457
G1 X76.6847 Y100.255 Z15.8743
G1 X77.0724 Y99.8961 Z15.9029
G1 X77.5944 Y99.9756 Z15.9314
G1 X77.8577 Y100.433 Z15.96
G1 X78 Y102.376 Z15.96
G1 X79.118 Y117.624
G1 X79.376 Y126.376
G1 X79.79 Y126.79
G1 Z15.76
G1 E1 F2100
M204 P1000
;TYPE:Outer wall
;WIDTH:0.42
G1 F1236
G1 X76.21 Y126.79 E.08725
G1 X76.21 Y117.21 E.23348
G1 X79.79 Y117.21 E.08725
G1 X79.79 Y126.73 E.23202
G1 X79.376 Y126.376 F9000
G1 X79.389 Y126.389
M204 P1500
;TYPE:Inner wall
;WIDTH:0.45
G1 F1236
G1 X76.611 Y126.389 E.07299
G1 X76.611 Y117.611 E.23059
G1 X79.389 Y117.611 E.07299
G1 X79.389 Y126.329 E.22902
G1 X78.974 Y125.974 F9000
G1 F1236
G1 X77.026 Y125.974 E.05115
G1 X77.026 Y118.026 E.20876
G1 X78.974 Y118.026 E.05115
G1 X78.974 Y125.914 E.20718
G1 X78.558 Y125.558 F9000
G1 F1236
G1 X77.442 Y125.558 E.02932
G1 X77.442 Y118.442 E.18692
G1 X78.558 Y118.442 E.02932
G1 X78.558 Y125.498 E.18534
G1 X78.142 Y125.142 F9000
G1 F1236
G1 X77.858 Y125.142 E.00748
G1 X77.858 Y118.858 E.16508
G1 X78.142 Y118.858 E.00748
G1 X78.142 Y125.082 E.16351
G1 E-.7 F2100
;WIPE_START
G1 F2700
G1 X77.858 Y125.142 E-.08729
G1 X77.858 Y124.433 E-.21271
;WIPE_END
G1 X78.197 Y120.632 Z15.96 F9000
G1 X78.466 Y117.624 Z15.96
G1 X79.376 Y102.376
G1 X79.79 Y102.79
G1 Z15.76
G1 E1 F2100
M204 P1000
;TYPE:Outer wall
;WIDTH:0.42
G1 F1236
G1 X76.21 Y102.79 E.08725
G1 X76.21 Y93.21 E.23348
G1 X79.79 Y93.21 E.08725
G1 X79.79 Y102.73 E.23202
G1 X79.376 Y102.376 F9000
G1 X79.389 Y102.389
M204 P1500
;TYPE:Inner wall
;WIDTH:0.45
G1 F1236
G1 X76.611 Y102.389 E.07299
G1 X76.611 Y93.611 E.23059
G1 X79.389 Y93.611 E.07299
G1 X79.389 Y102.329 E.22902
G1 X78.974 Y101.974 F9000
G1 F1236
G1 X77.026 Y101.974 E.05115
G1 X77.026 Y94.026 E.20876
G1 X78.974 Y94.026 E.05115
G1 X78.974 Y101.914 E.20718
G1 X78.558 Y101.558 F9000
G1 F1236
G1 X77.442 Y101.558 E.02932
G1 X77.442 Y94.442 E.18692
G1 X78.558 Y94.442 E.02932
G1 X78.558 Y101.498 E.18534
G1 X78.142 Y101.142 F9000
G1 F1236
G1 X77.858 Y101.142 E.00748
G1 X77.858 Y94.858 E.16508
G1 X78.142 Y94.858 E.00748
G1 X78.142 Y101.082 E.16351
; stop printing object pod_header_usb_coupon.stl id:0 copy 0
;LAYER_CHANGE
;Z:15.92
;HEIGHT:0.16
G92 E0 ; zero the extruded length again
; BEFORE_LAYER_CHANGE 98 @ 15.92mm
G1 E-.7 F2100
;WIPE_START
G1 F2700
G1 X77.858 Y101.142 E-.08729
G1 X77.858 Y100.433 E-.21271
;WIPE_END
; AFTER_LAYER_CHANGE 98 @ 15.92mm
;_SET_FAN_SPEED_CHANGING_LAYER
; printing object pod_header_usb_coupon.stl id:0 copy 0
G1 F9000
G1 X77.664 Y100.925 Z15.9486
G1 X77.1591 Y101.079 Z15.9771
G1 X76.7234 Y100.781 Z16.0057
G1 X76.6847 Y100.255 Z16.0343
G1 X77.0724 Y99.8961 Z16.0629
G1 X77.5944 Y99.9756 Z16.0914
G1 X77.8577 Y100.433 Z16.12
G1 X78 Y102.376 Z16.12
G1 X79.118 Y117.624
G1 X79.376 Y126.376
G1 X79.79 Y126.79
G1 Z15.92
G1 E1 F2100
M204 P1000
;TYPE:Outer wall
;WIDTH:0.42
G1 F1236
G1 X76.21 Y126.79 E.08725
G1 X76.21 Y117.21 E.23348
G1 X79.79 Y117.21 E.08725
G1 X79.79 Y126.73 E.23202
G1 X79.376 Y126.376 F9000
G1 X79.389 Y126.389
M204 P1500
;TYPE:Inner wall
;WIDTH:0.45
G1 F1236
G1 X76.611 Y126.389 E.07299
G1 X76.611 Y117.611 E.23059
G1 X79.389 Y117.611 E.07299
G1 X79.389 Y126.329 E.22902
G1 X78.974 Y125.974 F9000
G1 F1236
G1 X77.026 Y125.974 E.05115
G1 X77.026 Y118.026 E.20876
G1 X78.974 Y118.026 E.05115
G1 X78.974 Y125.914 E.20718
G1 X78.558 Y125.558 F9000
G1 F1236
G1 X77.442 Y125.558 E.02932
G1 X77.442 Y118.442 E.18692
G1 X78.558 Y118.442 E.02932
G1 X78.558 Y125.498 E.18534
G1 X78.142 Y125.142 F9000
G1 F1236
G1 X77.858 Y125.142 E.00748
G1 X77.858 Y118.858 E.16508
G1 X78.142 Y118.858 E.00748
G1 X78.142 Y125.082 E.16351
G1 E-.7 F2100
;WIPE_START
G1 F2700
G1 X77.858 Y125.142 E-.08729
G1 X77.858 Y124.433 E-.21271
;WIPE_END
G1 X78.197 Y120.632 Z16.12 F9000
G1 X78.466 Y117.624 Z16.12
G1 X79.376 Y102.376
G1 X79.79 Y102.79
G1 Z15.92
G1 E1 F2100
M204 P1000
;TYPE:Outer wall
;WIDTH:0.42
G1 F1236
G1 X76.21 Y102.79 E.08725
G1 X76.21 Y93.21 E.23348
G1 X79.79 Y93.21 E.08725
G1 X79.79 Y102.73 E.23202
G1 X79.376 Y102.376 F9000
G1 X79.389 Y102.389
M204 P1500
;TYPE:Inner wall
;WIDTH:0.45
G1 F1236
G1 X76.611 Y102.389 E.07299
G1 X76.611 Y93.611 E.23059
G1 X79.389 Y93.611 E.07299
G1 X79.389 Y102.329 E.22902
G1 X78.974 Y101.974 F9000
G1 F1236
G1 X77.026 Y101.974 E.05115
G1 X77.026 Y94.026 E.20876
G1 X78.974 Y94.026 E.05115
G1 X78.974 Y101.914 E.20718
G1 X78.558 Y101.558 F9000
G1 F1236
G1 X77.442 Y101.558 E.02932
G1 X77.442 Y94.442 E.18692
G1 X78.558 Y94.442 E.02932
G1 X78.558 Y101.498 E.18534
G1 X78.142 Y101.142 F9000
G1 F1236
G1 X77.858 Y101.142 E.00748
G1 X77.858 Y94.858 E.16508
G1 X78.142 Y94.858 E.00748
G1 X78.142 Y101.082 E.16351
; stop printing object pod_header_usb_coupon.stl id:0 copy 0
;LAYER_CHANGE
;Z:16.08
;HEIGHT:0.16
G92 E0 ; zero the extruded length again
; BEFORE_LAYER_CHANGE 99 @ 16.08mm
G1 E-.7 F2100
;WIPE_START
G1 F2700
G1 X77.858 Y101.142 E-.08729
G1 X77.858 Y100.433 E-.21271
;WIPE_END
; AFTER_LAYER_CHANGE 99 @ 16.08mm
;_SET_FAN_SPEED_CHANGING_LAYER
; printing object pod_header_usb_coupon.stl id:0 copy 0
G1 F9000
G1 X77.664 Y100.925 Z16.1086
G1 X77.1591 Y101.079 Z16.1371
G1 X76.7234 Y100.781 Z16.1657
G1 X76.6847 Y100.255 Z16.1943
G1 X77.0724 Y99.8961 Z16.2229
G1 X77.5944 Y99.9756 Z16.2514
G1 X77.8577 Y100.433 Z16.28
G1 X78 Y102.376 Z16.28
G1 X79.118 Y117.624
G1 X79.376 Y126.376
G1 X79.79 Y126.79
G1 Z16.08
G1 E1 F2100
M204 P1000
;TYPE:Outer wall
;WIDTH:0.42
G1 F1236
G1 X76.21 Y126.79 E.08725
G1 X76.21 Y117.21 E.23348
G1 X79.79 Y117.21 E.08725
G1 X79.79 Y126.73 E.23202
G1 X79.376 Y126.376 F9000
G1 X79.389 Y126.389
M204 P1500
;TYPE:Inner wall
;WIDTH:0.45
G1 F1236
G1 X76.611 Y126.389 E.07299
G1 X76.611 Y117.611 E.23059
G1 X79.389 Y117.611 E.07299
G1 X79.389 Y126.329 E.22902
G1 X78.974 Y125.974 F9000
G1 F1236
G1 X77.026 Y125.974 E.05115
G1 X77.026 Y118.026 E.20876
G1 X78.974 Y118.026 E.05115
G1 X78.974 Y125.914 E.20718
G1 X78.558 Y125.558 F9000
G1 F1236
G1 X77.442 Y125.558 E.02932
G1 X77.442 Y118.442 E.18692
G1 X78.558 Y118.442 E.02932
G1 X78.558 Y125.498 E.18534
G1 X78.142 Y125.142 F9000
G1 F1236
G1 X77.858 Y125.142 E.00748
G1 X77.858 Y118.858 E.16508
G1 X78.142 Y118.858 E.00748
G1 X78.142 Y125.082 E.16351
G1 E-.7 F2100
;WIPE_START
G1 F2700
G1 X77.858 Y125.142 E-.08729
G1 X77.858 Y124.433 E-.21271
;WIPE_END
G1 X78.197 Y120.632 Z16.28 F9000
G1 X78.466 Y117.624 Z16.28
G1 X79.376 Y102.376
G1 X79.79 Y102.79
G1 Z16.08
G1 E1 F2100
M204 P1000
;TYPE:Outer wall
;WIDTH:0.42
G1 F1236
G1 X76.21 Y102.79 E.08725
G1 X76.21 Y93.21 E.23348
G1 X79.79 Y93.21 E.08725
G1 X79.79 Y102.73 E.23202
G1 X79.376 Y102.376 F9000
G1 X79.389 Y102.389
M204 P1500
;TYPE:Inner wall
;WIDTH:0.45
G1 F1236
G1 X76.611 Y102.389 E.07299
G1 X76.611 Y93.611 E.23059
G1 X79.389 Y93.611 E.07299
G1 X79.389 Y102.329 E.22902
G1 X78.974 Y101.974 F9000
G1 F1236
G1 X77.026 Y101.974 E.05115
G1 X77.026 Y94.026 E.20876
G1 X78.974 Y94.026 E.05115
G1 X78.974 Y101.914 E.20718
G1 X78.558 Y101.558 F9000
G1 F1236
G1 X77.442 Y101.558 E.02932
G1 X77.442 Y94.442 E.18692
G1 X78.558 Y94.442 E.02932
G1 X78.558 Y101.498 E.18534
G1 X78.142 Y101.142 F9000
G1 F1236
G1 X77.858 Y101.142 E.00748
G1 X77.858 Y94.858 E.16508
G1 X78.142 Y94.858 E.00748
G1 X78.142 Y101.082 E.16351
; stop printing object pod_header_usb_coupon.stl id:0 copy 0
;LAYER_CHANGE
;Z:16.24
;HEIGHT:0.16
G92 E0 ; zero the extruded length again
; BEFORE_LAYER_CHANGE 100 @ 16.24mm
G1 E-.7 F2100
;WIPE_START
G1 F2700
G1 X77.858 Y101.142 E-.08729
G1 X77.858 Y100.433 E-.21271
;WIPE_END
; AFTER_LAYER_CHANGE 100 @ 16.24mm
;_SET_FAN_SPEED_CHANGING_LAYER
; printing object pod_header_usb_coupon.stl id:0 copy 0
G1 F9000
G1 X77.664 Y100.925 Z16.2686
G1 X77.1591 Y101.079 Z16.2971
G1 X76.7234 Y100.781 Z16.3257
G1 X76.6847 Y100.255 Z16.3543
G1 X77.0724 Y99.8961 Z16.3829
G1 X77.5944 Y99.9756 Z16.4114
G1 X77.8577 Y100.433 Z16.44
G1 X78 Y102.376 Z16.44
G1 X79.118 Y117.624
G1 X79.376 Y126.376
G1 X79.79 Y126.79
G1 Z16.24
G1 E1 F2100
M204 P1000
;TYPE:Outer wall
;WIDTH:0.42
G1 F1236
G1 X76.21 Y126.79 E.08725
G1 X76.21 Y117.21 E.23348
G1 X79.79 Y117.21 E.08725
G1 X79.79 Y126.73 E.23202
G1 X79.376 Y126.376 F9000
G1 X79.389 Y126.389
M204 P1500
;TYPE:Inner wall
;WIDTH:0.45
G1 F1236
G1 X76.611 Y126.389 E.07299
G1 X76.611 Y117.611 E.23059
G1 X79.389 Y117.611 E.07299
G1 X79.389 Y126.329 E.22902
G1 X78.974 Y125.974 F9000
G1 F1236
G1 X77.026 Y125.974 E.05115
G1 X77.026 Y118.026 E.20876
G1 X78.974 Y118.026 E.05115
G1 X78.974 Y125.914 E.20718
G1 X78.558 Y125.558 F9000
G1 F1236
G1 X77.442 Y125.558 E.02932
G1 X77.442 Y118.442 E.18692
G1 X78.558 Y118.442 E.02932
G1 X78.558 Y125.498 E.18534
G1 X78.142 Y125.142 F9000
G1 F1236
G1 X77.858 Y125.142 E.00748
G1 X77.858 Y118.858 E.16508
G1 X78.142 Y118.858 E.00748
G1 X78.142 Y125.082 E.16351
G1 E-.7 F2100
;WIPE_START
G1 F2700
G1 X77.858 Y125.142 E-.08729
G1 X77.858 Y124.433 E-.21271
;WIPE_END
G1 X78.197 Y120.632 Z16.44 F9000
G1 X78.466 Y117.624 Z16.44
G1 X79.376 Y102.376
G1 X79.79 Y102.79
G1 Z16.24
G1 E1 F2100
M204 P1000
;TYPE:Outer wall
;WIDTH:0.42
G1 F1236
G1 X76.21 Y102.79 E.08725
G1 X76.21 Y93.21 E.23348
G1 X79.79 Y93.21 E.08725
G1 X79.79 Y102.73 E.23202
G1 X79.376 Y102.376 F9000
G1 X79.389 Y102.389
M204 P1500
;TYPE:Inner wall
;WIDTH:0.45
G1 F1236
G1 X76.611 Y102.389 E.07299
G1 X76.611 Y93.611 E.23059
G1 X79.389 Y93.611 E.07299
G1 X79.389 Y102.329 E.22902
G1 X78.974 Y101.974 F9000
G1 F1236
G1 X77.026 Y101.974 E.05115
G1 X77.026 Y94.026 E.20876
G1 X78.974 Y94.026 E.05115
G1 X78.974 Y101.914 E.20718
G1 X78.558 Y101.558 F9000
G1 F1236
G1 X77.442 Y101.558 E.02932
G1 X77.442 Y94.442 E.18692
G1 X78.558 Y94.442 E.02932
G1 X78.558 Y101.498 E.18534
G1 X78.142 Y101.142 F9000
G1 F1236
G1 X77.858 Y101.142 E.00748
G1 X77.858 Y94.858 E.16508
G1 X78.142 Y94.858 E.00748
G1 X78.142 Y101.082 E.16351
; stop printing object pod_header_usb_coupon.stl id:0 copy 0
;LAYER_CHANGE
;Z:16.4
;HEIGHT:0.16
G92 E0 ; zero the extruded length again
; BEFORE_LAYER_CHANGE 101 @ 16.4mm
G1 E-.7 F2100
;WIPE_START
G1 F2700
G1 X77.858 Y101.142 E-.08729
G1 X77.858 Y100.433 E-.21271
;WIPE_END
; AFTER_LAYER_CHANGE 101 @ 16.4mm
;_SET_FAN_SPEED_CHANGING_LAYER
; printing object pod_header_usb_coupon.stl id:0 copy 0
G1 F9000
G1 X77.664 Y100.925 Z16.4286
G1 X77.1591 Y101.079 Z16.4571
G1 X76.7234 Y100.781 Z16.4857
G1 X76.6847 Y100.255 Z16.5143
G1 X77.0724 Y99.8961 Z16.5429
G1 X77.5944 Y99.9756 Z16.5714
G1 X77.8577 Y100.433 Z16.6
G1 X78 Y102.376 Z16.6
G1 X79.118 Y117.624
G1 X79.376 Y126.376
G1 X79.79 Y126.79
G1 Z16.4
G1 E1 F2100
M204 P1000
;TYPE:Outer wall
;WIDTH:0.42
G1 F1236
G1 X76.21 Y126.79 E.08725
G1 X76.21 Y117.21 E.23348
G1 X79.79 Y117.21 E.08725
G1 X79.79 Y126.73 E.23202
G1 X79.376 Y126.376 F9000
G1 X79.389 Y126.389
M204 P1500
;TYPE:Inner wall
;WIDTH:0.45
G1 F1236
G1 X76.611 Y126.389 E.07299
G1 X76.611 Y117.611 E.23059
G1 X79.389 Y117.611 E.07299
G1 X79.389 Y126.329 E.22902
G1 X78.974 Y125.974 F9000
G1 F1236
G1 X77.026 Y125.974 E.05115
G1 X77.026 Y118.026 E.20876
G1 X78.974 Y118.026 E.05115
G1 X78.974 Y125.914 E.20718
G1 X78.558 Y125.558 F9000
G1 F1236
G1 X77.442 Y125.558 E.02932
G1 X77.442 Y118.442 E.18692
G1 X78.558 Y118.442 E.02932
G1 X78.558 Y125.498 E.18534
G1 X78.142 Y125.142 F9000
G1 F1236
G1 X77.858 Y125.142 E.00748
G1 X77.858 Y118.858 E.16508
G1 X78.142 Y118.858 E.00748
G1 X78.142 Y125.082 E.16351
G1 E-.7 F2100
;WIPE_START
G1 F2700
G1 X77.858 Y125.142 E-.08729
G1 X77.858 Y124.433 E-.21271
;WIPE_END
G1 X78.197 Y120.632 Z16.6 F9000
G1 X78.466 Y117.624 Z16.6
G1 X79.376 Y102.376
G1 X79.79 Y102.79
G1 Z16.4
G1 E1 F2100
M204 P1000
;TYPE:Outer wall
;WIDTH:0.42
G1 F1236
G1 X76.21 Y102.79 E.08725
G1 X76.21 Y93.21 E.23348
G1 X79.79 Y93.21 E.08725
G1 X79.79 Y102.73 E.23202
G1 X79.376 Y102.376 F9000
G1 X79.389 Y102.389
M204 P1500
;TYPE:Inner wall
;WIDTH:0.45
G1 F1236
G1 X76.611 Y102.389 E.07299
G1 X76.611 Y93.611 E.23059
G1 X79.389 Y93.611 E.07299
G1 X79.389 Y102.329 E.22902
G1 X78.974 Y101.974 F9000
G1 F1236
G1 X77.026 Y101.974 E.05115
G1 X77.026 Y94.026 E.20876
G1 X78.974 Y94.026 E.05115
G1 X78.974 Y101.914 E.20718
G1 X78.558 Y101.558 F9000
G1 F1236
G1 X77.442 Y101.558 E.02932
G1 X77.442 Y94.442 E.18692
G1 X78.558 Y94.442 E.02932
G1 X78.558 Y101.498 E.18534
G1 X78.142 Y101.142 F9000
G1 F1236
G1 X77.858 Y101.142 E.00748
G1 X77.858 Y94.858 E.16508
G1 X78.142 Y94.858 E.00748
G1 X78.142 Y101.082 E.16351
; stop printing object pod_header_usb_coupon.stl id:0 copy 0
;LAYER_CHANGE
;Z:16.56
;HEIGHT:0.16
G92 E0 ; zero the extruded length again
; BEFORE_LAYER_CHANGE 102 @ 16.56mm
G1 E-.7 F2100
;WIPE_START
G1 F2700
G1 X77.858 Y101.142 E-.08729
G1 X77.858 Y100.433 E-.21271
;WIPE_END
; AFTER_LAYER_CHANGE 102 @ 16.56mm
;_SET_FAN_SPEED_CHANGING_LAYER
; printing object pod_header_usb_coupon.stl id:0 copy 0
G1 F9000
G1 X77.664 Y100.925 Z16.5886
G1 X77.1591 Y101.079 Z16.6171
G1 X76.7234 Y100.781 Z16.6457
G1 X76.6847 Y100.255 Z16.6743
G1 X77.0724 Y99.8961 Z16.7029
G1 X77.5944 Y99.9756 Z16.7314
G1 X77.8577 Y100.433 Z16.76
G1 X78 Y102.376 Z16.76
G1 X79.118 Y117.624
G1 X79.376 Y126.376
G1 X79.79 Y126.79
G1 Z16.56
G1 E1 F2100
M204 P1000
;TYPE:Outer wall
;WIDTH:0.42
G1 F1236
G1 X76.21 Y126.79 E.08725
G1 X76.21 Y117.21 E.23348
G1 X79.79 Y117.21 E.08725
G1 X79.79 Y126.73 E.23202
G1 X79.376 Y126.376 F9000
G1 X79.389 Y126.389
M204 P1500
;TYPE:Inner wall
;WIDTH:0.45
G1 F1236
G1 X76.611 Y126.389 E.07299
G1 X76.611 Y117.611 E.23059
G1 X79.389 Y117.611 E.07299
G1 X79.389 Y126.329 E.22902
G1 X78.974 Y125.974 F9000
G1 F1236
G1 X77.026 Y125.974 E.05115
G1 X77.026 Y118.026 E.20876
G1 X78.974 Y118.026 E.05115
G1 X78.974 Y125.914 E.20718
G1 X78.558 Y125.558 F9000
G1 F1236
G1 X77.442 Y125.558 E.02932
G1 X77.442 Y118.442 E.18692
G1 X78.558 Y118.442 E.02932
G1 X78.558 Y125.498 E.18534
G1 X78.142 Y125.142 F9000
G1 F1236
G1 X77.858 Y125.142 E.00748
G1 X77.858 Y118.858 E.16508
G1 X78.142 Y118.858 E.00748
G1 X78.142 Y125.082 E.16351
G1 E-.7 F2100
;WIPE_START
G1 F2700
G1 X77.858 Y125.142 E-.08729
G1 X77.858 Y124.433 E-.21271
;WIPE_END
G1 X78.197 Y120.632 Z16.76 F9000
G1 X78.466 Y117.624 Z16.76
G1 X79.376 Y102.376
G1 X79.79 Y102.79
G1 Z16.56
G1 E1 F2100
M204 P1000
;TYPE:Outer wall
;WIDTH:0.42
G1 F1236
G1 X76.21 Y102.79 E.08725
G1 X76.21 Y93.21 E.23348
G1 X79.79 Y93.21 E.08725
G1 X79.79 Y102.73 E.23202
G1 X79.376 Y102.376 F9000
G1 X79.389 Y102.389
M204 P1500
;TYPE:Inner wall
;WIDTH:0.45
G1 F1236
G1 X76.611 Y102.389 E.07299
G1 X76.611 Y93.611 E.23059
G1 X79.389 Y93.611 E.07299
G1 X79.389 Y102.329 E.22902
G1 X78.974 Y101.974 F9000
G1 F1236
G1 X77.026 Y101.974 E.05115
G1 X77.026 Y94.026 E.20876
G1 X78.974 Y94.026 E.05115
G1 X78.974 Y101.914 E.20718
G1 X78.558 Y101.558 F9000
G1 F1236
G1 X77.442 Y101.558 E.02932
G1 X77.442 Y94.442 E.18692
G1 X78.558 Y94.442 E.02932
G1 X78.558 Y101.498 E.18534
G1 X78.142 Y101.142 F9000
G1 F1236
G1 X77.858 Y101.142 E.00748
G1 X77.858 Y94.858 E.16508
G1 X78.142 Y94.858 E.00748
G1 X78.142 Y101.082 E.16351
; stop printing object pod_header_usb_coupon.stl id:0 copy 0
;LAYER_CHANGE
;Z:16.72
;HEIGHT:0.16
G92 E0 ; zero the extruded length again
; BEFORE_LAYER_CHANGE 103 @ 16.72mm
G1 E-.7 F2100
;WIPE_START
G1 F2700
G1 X77.858 Y101.142 E-.08729
G1 X77.858 Y100.433 E-.21271
;WIPE_END
; AFTER_LAYER_CHANGE 103 @ 16.72mm
;_SET_FAN_SPEED_CHANGING_LAYER
; printing object pod_header_usb_coupon.stl id:0 copy 0
G1 F9000
G1 X77.664 Y100.925 Z16.7486
G1 X77.1591 Y101.079 Z16.7771
G1 X76.7234 Y100.781 Z16.8057
G1 X76.6847 Y100.255 Z16.8343
G1 X77.0724 Y99.8961 Z16.8629
G1 X77.5944 Y99.9756 Z16.8914
G1 X77.8577 Y100.433 Z16.92
G1 X78 Y102.376 Z16.92
G1 X79.118 Y117.624
G1 X79.376 Y126.376
G1 X79.79 Y126.79
G1 Z16.72
G1 E1 F2100
M204 P1000
;TYPE:Outer wall
;WIDTH:0.42
G1 F1236
G1 X76.21 Y126.79 E.08725
G1 X76.21 Y117.21 E.23348
G1 X79.79 Y117.21 E.08725
G1 X79.79 Y126.73 E.23202
G1 X79.376 Y126.376 F9000
G1 X79.389 Y126.389
M204 P1500
;TYPE:Inner wall
;WIDTH:0.45
G1 F1236
G1 X76.611 Y126.389 E.07299
G1 X76.611 Y117.611 E.23059
G1 X79.389 Y117.611 E.07299
G1 X79.389 Y126.329 E.22902
G1 X78.974 Y125.974 F9000
G1 F1236
G1 X77.026 Y125.974 E.05115
G1 X77.026 Y118.026 E.20876
G1 X78.974 Y118.026 E.05115
G1 X78.974 Y125.914 E.20718
G1 X78.558 Y125.558 F9000
G1 F1236
G1 X77.442 Y125.558 E.02932
G1 X77.442 Y118.442 E.18692
G1 X78.558 Y118.442 E.02932
G1 X78.558 Y125.498 E.18534
G1 X78.142 Y125.142 F9000
G1 F1236
G1 X77.858 Y125.142 E.00748
G1 X77.858 Y118.858 E.16508
G1 X78.142 Y118.858 E.00748
G1 X78.142 Y125.082 E.16351
G1 E-.7 F2100
;WIPE_START
G1 F2700
G1 X77.858 Y125.142 E-.08729
G1 X77.858 Y124.433 E-.21271
;WIPE_END
G1 X78.197 Y120.632 Z16.92 F9000
G1 X78.466 Y117.624 Z16.92
G1 X79.376 Y102.376
G1 X79.79 Y102.79
G1 Z16.72
G1 E1 F2100
M204 P1000
;TYPE:Outer wall
;WIDTH:0.42
G1 F1236
G1 X76.21 Y102.79 E.08725
G1 X76.21 Y93.21 E.23348
G1 X79.79 Y93.21 E.08725
G1 X79.79 Y102.73 E.23202
G1 X79.376 Y102.376 F9000
G1 X79.389 Y102.389
M204 P1500
;TYPE:Inner wall
;WIDTH:0.45
G1 F1236
G1 X76.611 Y102.389 E.07299
G1 X76.611 Y93.611 E.23059
G1 X79.389 Y93.611 E.07299
G1 X79.389 Y102.329 E.22902
G1 X78.974 Y101.974 F9000
G1 F1236
G1 X77.026 Y101.974 E.05115
G1 X77.026 Y94.026 E.20876
G1 X78.974 Y94.026 E.05115
G1 X78.974 Y101.914 E.20718
G1 X78.558 Y101.558 F9000
G1 F1236
G1 X77.442 Y101.558 E.02932
G1 X77.442 Y94.442 E.18692
G1 X78.558 Y94.442 E.02932
G1 X78.558 Y101.498 E.18534
G1 X78.142 Y101.142 F9000
G1 F1236
G1 X77.858 Y101.142 E.00748
G1 X77.858 Y94.858 E.16508
G1 X78.142 Y94.858 E.00748
G1 X78.142 Y101.082 E.16351
; stop printing object pod_header_usb_coupon.stl id:0 copy 0
;LAYER_CHANGE
;Z:16.88
;HEIGHT:0.16
G92 E0 ; zero the extruded length again
; BEFORE_LAYER_CHANGE 104 @ 16.88mm
G1 E-.7 F2100
;WIPE_START
G1 F2700
G1 X77.858 Y101.142 E-.08729
G1 X77.858 Y100.433 E-.21271
;WIPE_END
; AFTER_LAYER_CHANGE 104 @ 16.88mm
;_SET_FAN_SPEED_CHANGING_LAYER
; printing object pod_header_usb_coupon.stl id:0 copy 0
G1 F9000
G1 X77.664 Y100.925 Z16.9086
G1 X77.1591 Y101.079 Z16.9371
G1 X76.7234 Y100.781 Z16.9657
G1 X76.6847 Y100.255 Z16.9943
G1 X77.0724 Y99.8961 Z17.0229
G1 X77.5944 Y99.9756 Z17.0514
G1 X77.8577 Y100.433 Z17.08
G1 X78 Y102.376 Z17.08
G1 X79.118 Y117.624
G1 X79.376 Y126.376
G1 X79.79 Y126.79
G1 Z16.88
G1 E1 F2100
M204 P1000
;TYPE:Outer wall
;WIDTH:0.42
G1 F1236
G1 X76.21 Y126.79 E.08725
G1 X76.21 Y117.21 E.23348
G1 X79.79 Y117.21 E.08725
G1 X79.79 Y126.73 E.23202
G1 X79.376 Y126.376 F9000
G1 X79.389 Y126.389
M204 P1500
;TYPE:Inner wall
;WIDTH:0.45
G1 F1236
G1 X76.611 Y126.389 E.07299
G1 X76.611 Y117.611 E.23059
G1 X79.389 Y117.611 E.07299
G1 X79.389 Y126.329 E.22902
G1 X78.974 Y125.974 F9000
G1 F1236
G1 X77.026 Y125.974 E.05115
G1 X77.026 Y118.026 E.20876
G1 X78.974 Y118.026 E.05115
G1 X78.974 Y125.914 E.20718
G1 X78.558 Y125.558 F9000
G1 F1236
G1 X77.442 Y125.558 E.02932
G1 X77.442 Y118.442 E.18692
G1 X78.558 Y118.442 E.02932
G1 X78.558 Y125.498 E.18534
G1 X78.142 Y125.142 F9000
G1 F1236
G1 X77.858 Y125.142 E.00748
G1 X77.858 Y118.858 E.16508
G1 X78.142 Y118.858 E.00748
G1 X78.142 Y125.082 E.16351
G1 E-.7 F2100
;WIPE_START
G1 F2700
G1 X77.858 Y125.142 E-.08729
G1 X77.858 Y124.433 E-.21271
;WIPE_END
G1 X78.197 Y120.632 Z17.08 F9000
G1 X78.466 Y117.624 Z17.08
G1 X79.376 Y102.376
G1 X79.79 Y102.79
G1 Z16.88
G1 E1 F2100
M204 P1000
;TYPE:Outer wall
;WIDTH:0.42
G1 F1236
G1 X76.21 Y102.79 E.08725
G1 X76.21 Y93.21 E.23348
G1 X79.79 Y93.21 E.08725
G1 X79.79 Y102.73 E.23202
G1 X79.376 Y102.376 F9000
G1 X79.389 Y102.389
M204 P1500
;TYPE:Inner wall
;WIDTH:0.45
G1 F1236
G1 X76.611 Y102.389 E.07299
G1 X76.611 Y93.611 E.23059
G1 X79.389 Y93.611 E.07299
G1 X79.389 Y102.329 E.22902
G1 X78.974 Y101.974 F9000
G1 F1236
G1 X77.026 Y101.974 E.05115
G1 X77.026 Y94.026 E.20876
G1 X78.974 Y94.026 E.05115
G1 X78.974 Y101.914 E.20718
G1 X78.558 Y101.558 F9000
G1 F1236
G1 X77.442 Y101.558 E.02932
G1 X77.442 Y94.442 E.18692
G1 X78.558 Y94.442 E.02932
G1 X78.558 Y101.498 E.18534
G1 X78.142 Y101.142 F9000
G1 F1236
G1 X77.858 Y101.142 E.00748
G1 X77.858 Y94.858 E.16508
G1 X78.142 Y94.858 E.00748
G1 X78.142 Y101.082 E.16351
; stop printing object pod_header_usb_coupon.stl id:0 copy 0
;LAYER_CHANGE
;Z:17.04
;HEIGHT:0.160002
G92 E0 ; zero the extruded length again
; BEFORE_LAYER_CHANGE 105 @ 17.04mm
G1 E-.7 F2100
;WIPE_START
G1 F2700
G1 X77.858 Y101.142 E-.08729
G1 X77.858 Y100.433 E-.21271
;WIPE_END
; AFTER_LAYER_CHANGE 105 @ 17.04mm
;_SET_FAN_SPEED_CHANGING_LAYER
; printing object pod_header_usb_coupon.stl id:0 copy 0
G1 F9000
G1 X77.664 Y100.925 Z17.0686
G1 X77.1591 Y101.079 Z17.0971
G1 X76.7234 Y100.781 Z17.1257
G1 X76.6847 Y100.255 Z17.1543
G1 X77.0724 Y99.8961 Z17.1829
G1 X77.5944 Y99.9756 Z17.2114
G1 X77.8577 Y100.433 Z17.24
G1 X78 Y102.376 Z17.24
G1 X79.118 Y117.624
G1 X79.376 Y126.376
G1 X79.79 Y126.79
G1 Z17.04
G1 E1 F2100
M204 P1000
;TYPE:Outer wall
;WIDTH:0.42
G1 F1236
G1 X76.21 Y126.79 E.08725
G1 X76.21 Y117.21 E.23348
G1 X79.79 Y117.21 E.08725
G1 X79.79 Y126.73 E.23202
G1 X79.376 Y126.376 F9000
G1 X79.389 Y126.389
M204 P1500
;TYPE:Inner wall
;WIDTH:0.45
G1 F1236
G1 X76.611 Y126.389 E.07299
G1 X76.611 Y117.611 E.23059
G1 X79.389 Y117.611 E.07299
G1 X79.389 Y126.329 E.22902
G1 X78.974 Y125.974 F9000
G1 F1236
G1 X77.026 Y125.974 E.05115
G1 X77.026 Y118.026 E.20876
G1 X78.974 Y118.026 E.05115
G1 X78.974 Y125.914 E.20718
G1 X78.558 Y125.558 F9000
G1 F1236
G1 X77.442 Y125.558 E.02932
G1 X77.442 Y118.442 E.18692
G1 X78.558 Y118.442 E.02932
G1 X78.558 Y125.498 E.18534
G1 X78.142 Y125.142 F9000
G1 F1236
G1 X77.858 Y125.142 E.00748
G1 X77.858 Y118.858 E.16508
G1 X78.142 Y118.858 E.00748
G1 X78.142 Y125.082 E.16351
G1 E-.7 F2100
;WIPE_START
G1 F2700
G1 X77.858 Y125.142 E-.08729
G1 X77.858 Y124.433 E-.21271
;WIPE_END
G1 X78.197 Y120.632 Z17.24 F9000
G1 X78.466 Y117.624 Z17.24
G1 X79.376 Y102.376
G1 X79.79 Y102.79
G1 Z17.04
G1 E1 F2100
M204 P1000
;TYPE:Outer wall
;WIDTH:0.42
G1 F1236
G1 X76.21 Y102.79 E.08725
G1 X76.21 Y93.21 E.23348
G1 X79.79 Y93.21 E.08725
G1 X79.79 Y102.73 E.23202
G1 X79.376 Y102.376 F9000
G1 X79.389 Y102.389
M204 P1500
;TYPE:Inner wall
;WIDTH:0.45
G1 F1236
G1 X76.611 Y102.389 E.07299
G1 X76.611 Y93.611 E.23059
G1 X79.389 Y93.611 E.07299
G1 X79.389 Y102.329 E.22902
G1 X78.974 Y101.974 F9000
G1 F1236
G1 X77.026 Y101.974 E.05115
G1 X77.026 Y94.026 E.20876
G1 X78.974 Y94.026 E.05115
G1 X78.974 Y101.914 E.20718
G1 X78.558 Y101.558 F9000
G1 F1236
G1 X77.442 Y101.558 E.02932
G1 X77.442 Y94.442 E.18692
G1 X78.558 Y94.442 E.02932
G1 X78.558 Y101.498 E.18534
G1 X78.142 Y101.142 F9000
G1 F1236
G1 X77.858 Y101.142 E.00748
G1 X77.858 Y94.858 E.16508
G1 X78.142 Y94.858 E.00748
G1 X78.142 Y101.082 E.16351
; stop printing object pod_header_usb_coupon.stl id:0 copy 0
;LAYER_CHANGE
;Z:17.2
;HEIGHT:0.16
G92 E0 ; zero the extruded length again
; BEFORE_LAYER_CHANGE 106 @ 17.2mm
G1 E-.7 F2100
;WIPE_START
G1 F2700
G1 X77.858 Y101.142 E-.08729
G1 X77.858 Y100.433 E-.21271
;WIPE_END
; AFTER_LAYER_CHANGE 106 @ 17.2mm
;_SET_FAN_SPEED_CHANGING_LAYER
; printing object pod_header_usb_coupon.stl id:0 copy 0
G1 F9000
G1 X77.664 Y100.925 Z17.2286
G1 X77.1591 Y101.079 Z17.2571
G1 X76.7234 Y100.781 Z17.2857
G1 X76.6847 Y100.255 Z17.3143
G1 X77.0724 Y99.8961 Z17.3429
G1 X77.5944 Y99.9756 Z17.3714
G1 X77.8577 Y100.433 Z17.4
G1 X78 Y102.376 Z17.4
G1 X79.118 Y117.624
G1 X79.376 Y126.376
G1 X79.79 Y126.79
G1 Z17.2
G1 E1 F2100
M204 P1000
;TYPE:Outer wall
;WIDTH:0.42
G1 F1236
G1 X76.21 Y126.79 E.08725
G1 X76.21 Y117.21 E.23348
G1 X79.79 Y117.21 E.08725
G1 X79.79 Y126.73 E.23202
G1 X79.376 Y126.376 F9000
G1 X79.389 Y126.389
M204 P1500
;TYPE:Inner wall
;WIDTH:0.45
G1 F1236
G1 X76.611 Y126.389 E.07299
G1 X76.611 Y117.611 E.23059
G1 X79.389 Y117.611 E.07299
G1 X79.389 Y126.329 E.22902
G1 X78.974 Y125.974 F9000
G1 F1236
G1 X77.026 Y125.974 E.05115
G1 X77.026 Y118.026 E.20876
G1 X78.974 Y118.026 E.05115
G1 X78.974 Y125.914 E.20718
G1 X78.558 Y125.558 F9000
G1 F1236
G1 X77.442 Y125.558 E.02932
G1 X77.442 Y118.442 E.18692
G1 X78.558 Y118.442 E.02932
G1 X78.558 Y125.498 E.18534
G1 X78.142 Y125.142 F9000
G1 F1236
G1 X77.858 Y125.142 E.00748
G1 X77.858 Y118.858 E.16508
G1 X78.142 Y118.858 E.00748
G1 X78.142 Y125.082 E.16351
G1 E-.7 F2100
;WIPE_START
G1 F2700
G1 X77.858 Y125.142 E-.08729
G1 X77.858 Y124.433 E-.21271
;WIPE_END
G1 X78.197 Y120.632 Z17.4 F9000
G1 X78.466 Y117.624 Z17.4
G1 X79.376 Y102.376
G1 X79.79 Y102.79
G1 Z17.2
G1 E1 F2100
M204 P1000
;TYPE:Outer wall
;WIDTH:0.42
G1 F1236
G1 X76.21 Y102.79 E.08725
G1 X76.21 Y93.21 E.23348
G1 X79.79 Y93.21 E.08725
G1 X79.79 Y102.73 E.23202
G1 X79.376 Y102.376 F9000
G1 X79.389 Y102.389
M204 P1500
;TYPE:Inner wall
;WIDTH:0.45
G1 F1236
G1 X76.611 Y102.389 E.07299
G1 X76.611 Y93.611 E.23059
G1 X79.389 Y93.611 E.07299
G1 X79.389 Y102.329 E.22902
G1 X78.974 Y101.974 F9000
G1 F1236
G1 X77.026 Y101.974 E.05115
G1 X77.026 Y94.026 E.20876
G1 X78.974 Y94.026 E.05115
G1 X78.974 Y101.914 E.20718
G1 X78.558 Y101.558 F9000
G1 F1236
G1 X77.442 Y101.558 E.02932
G1 X77.442 Y94.442 E.18692
G1 X78.558 Y94.442 E.02932
G1 X78.558 Y101.498 E.18534
G1 X78.142 Y101.142 F9000
G1 F1236
G1 X77.858 Y101.142 E.00748
G1 X77.858 Y94.858 E.16508
G1 X78.142 Y94.858 E.00748
G1 X78.142 Y101.082 E.16351
; stop printing object pod_header_usb_coupon.stl id:0 copy 0
;LAYER_CHANGE
;Z:17.36
;HEIGHT:0.16
G92 E0 ; zero the extruded length again
; BEFORE_LAYER_CHANGE 107 @ 17.36mm
G1 E-.7 F2100
;WIPE_START
G1 F2700
G1 X77.858 Y101.142 E-.08729
G1 X77.858 Y100.433 E-.21271
;WIPE_END
; AFTER_LAYER_CHANGE 107 @ 17.36mm
;_SET_FAN_SPEED_CHANGING_LAYER
; printing object pod_header_usb_coupon.stl id:0 copy 0
G1 F9000
G1 X77.664 Y100.925 Z17.3886
G1 X77.1591 Y101.079 Z17.4171
G1 X76.7234 Y100.781 Z17.4457
G1 X76.6847 Y100.255 Z17.4743
G1 X77.0724 Y99.8961 Z17.5029
G1 X77.5944 Y99.9756 Z17.5314
G1 X77.8577 Y100.433 Z17.56
G1 X78 Y102.376 Z17.56
G1 X79.118 Y117.624
G1 X79.376 Y126.376
G1 X79.79 Y126.79
G1 Z17.36
G1 E1 F2100
M204 P1000
;TYPE:Outer wall
;WIDTH:0.42
G1 F1236
G1 X76.21 Y126.79 E.08725
G1 X76.21 Y117.21 E.23348
G1 X79.79 Y117.21 E.08725
G1 X79.79 Y126.73 E.23202
G1 X79.376 Y126.376 F9000
G1 X79.389 Y126.389
M204 P1500
;TYPE:Inner wall
;WIDTH:0.45
G1 F1236
G1 X76.611 Y126.389 E.07299
G1 X76.611 Y117.611 E.23059
G1 X79.389 Y117.611 E.07299
G1 X79.389 Y126.329 E.22902
G1 X78.974 Y125.974 F9000
G1 F1236
G1 X77.026 Y125.974 E.05115
G1 X77.026 Y118.026 E.20876
G1 X78.974 Y118.026 E.05115
G1 X78.974 Y125.914 E.20718
G1 X78.558 Y125.558 F9000
G1 F1236
G1 X77.442 Y125.558 E.02932
G1 X77.442 Y118.442 E.18692
G1 X78.558 Y118.442 E.02932
G1 X78.558 Y125.498 E.18534
G1 X78.142 Y125.142 F9000
G1 F1236
G1 X77.858 Y125.142 E.00748
G1 X77.858 Y118.858 E.16508
G1 X78.142 Y118.858 E.00748
G1 X78.142 Y125.082 E.16351
G1 E-.7 F2100
;WIPE_START
G1 F2700
G1 X77.858 Y125.142 E-.08729
G1 X77.858 Y124.433 E-.21271
;WIPE_END
G1 X78.197 Y120.632 Z17.56 F9000
G1 X78.466 Y117.624 Z17.56
G1 X79.376 Y102.376
G1 X79.79 Y102.79
G1 Z17.36
G1 E1 F2100
M204 P1000
;TYPE:Outer wall
;WIDTH:0.42
G1 F1236
G1 X76.21 Y102.79 E.08725
G1 X76.21 Y93.21 E.23348
G1 X79.79 Y93.21 E.08725
G1 X79.79 Y102.73 E.23202
G1 X79.376 Y102.376 F9000
G1 X79.389 Y102.389
M204 P1500
;TYPE:Inner wall
;WIDTH:0.45
G1 F1236
G1 X76.611 Y102.389 E.07299
G1 X76.611 Y93.611 E.23059
G1 X79.389 Y93.611 E.07299
G1 X79.389 Y102.329 E.22902
G1 X78.974 Y101.974 F9000
G1 F1236
G1 X77.026 Y101.974 E.05115
G1 X77.026 Y94.026 E.20876
G1 X78.974 Y94.026 E.05115
G1 X78.974 Y101.914 E.20718
G1 X78.558 Y101.558 F9000
G1 F1236
G1 X77.442 Y101.558 E.02932
G1 X77.442 Y94.442 E.18692
G1 X78.558 Y94.442 E.02932
G1 X78.558 Y101.498 E.18534
G1 X78.142 Y101.142 F9000
G1 F1236
G1 X77.858 Y101.142 E.00748
G1 X77.858 Y94.858 E.16508
G1 X78.142 Y94.858 E.00748
G1 X78.142 Y101.082 E.16351
; stop printing object pod_header_usb_coupon.stl id:0 copy 0
;LAYER_CHANGE
;Z:17.52
;HEIGHT:0.16
G92 E0 ; zero the extruded length again
; BEFORE_LAYER_CHANGE 108 @ 17.52mm
G1 E-.7 F2100
;WIPE_START
G1 F2700
G1 X77.858 Y101.142 E-.08729
G1 X77.858 Y100.433 E-.21271
;WIPE_END
; AFTER_LAYER_CHANGE 108 @ 17.52mm
;_SET_FAN_SPEED_CHANGING_LAYER
; printing object pod_header_usb_coupon.stl id:0 copy 0
G1 F9000
G1 X77.664 Y100.925 Z17.5486
G1 X77.1591 Y101.079 Z17.5771
G1 X76.7234 Y100.781 Z17.6057
G1 X76.6847 Y100.255 Z17.6343
G1 X77.0724 Y99.8961 Z17.6629
G1 X77.5944 Y99.9756 Z17.6914
G1 X77.8577 Y100.433 Z17.72
G1 X78 Y102.376 Z17.72
G1 X79.118 Y117.624
G1 X79.376 Y126.376
G1 X79.79 Y126.79
G1 Z17.52
G1 E1 F2100
M204 P1000
;TYPE:Outer wall
;WIDTH:0.42
G1 F1236
G1 X76.21 Y126.79 E.08725
G1 X76.21 Y117.21 E.23348
G1 X79.79 Y117.21 E.08725
G1 X79.79 Y126.73 E.23202
G1 X79.376 Y126.376 F9000
G1 X79.389 Y126.389
M204 P1500
;TYPE:Inner wall
;WIDTH:0.45
G1 F1236
G1 X76.611 Y126.389 E.07299
G1 X76.611 Y117.611 E.23059
G1 X79.389 Y117.611 E.07299
G1 X79.389 Y126.329 E.22902
G1 X78.974 Y125.974 F9000
G1 F1236
G1 X77.026 Y125.974 E.05115
G1 X77.026 Y118.026 E.20876
G1 X78.974 Y118.026 E.05115
G1 X78.974 Y125.914 E.20718
G1 X78.558 Y125.558 F9000
G1 F1236
G1 X77.442 Y125.558 E.02932
G1 X77.442 Y118.442 E.18692
G1 X78.558 Y118.442 E.02932
G1 X78.558 Y125.498 E.18534
G1 X78.142 Y125.142 F9000
G1 F1236
G1 X77.858 Y125.142 E.00748
G1 X77.858 Y118.858 E.16508
G1 X78.142 Y118.858 E.00748
G1 X78.142 Y125.082 E.16351
G1 E-.7 F2100
;WIPE_START
G1 F2700
G1 X77.858 Y125.142 E-.08729
G1 X77.858 Y124.433 E-.21271
;WIPE_END
G1 X78.197 Y120.632 Z17.72 F9000
G1 X78.466 Y117.624 Z17.72
G1 X79.376 Y102.376
G1 X79.79 Y102.79
G1 Z17.52
G1 E1 F2100
M204 P1000
;TYPE:Outer wall
;WIDTH:0.42
G1 F1236
G1 X76.21 Y102.79 E.08725
G1 X76.21 Y93.21 E.23348
G1 X79.79 Y93.21 E.08725
G1 X79.79 Y102.73 E.23202
G1 X79.376 Y102.376 F9000
G1 X79.389 Y102.389
M204 P1500
;TYPE:Inner wall
;WIDTH:0.45
G1 F1236
G1 X76.611 Y102.389 E.07299
G1 X76.611 Y93.611 E.23059
G1 X79.389 Y93.611 E.07299
G1 X79.389 Y102.329 E.22902
G1 X78.974 Y101.974 F9000
G1 F1236
G1 X77.026 Y101.974 E.05115
G1 X77.026 Y94.026 E.20876
G1 X78.974 Y94.026 E.05115
G1 X78.974 Y101.914 E.20718
G1 X78.558 Y101.558 F9000
G1 F1236
G1 X77.442 Y101.558 E.02932
G1 X77.442 Y94.442 E.18692
G1 X78.558 Y94.442 E.02932
G1 X78.558 Y101.498 E.18534
G1 X78.142 Y101.142 F9000
G1 F1236
G1 X77.858 Y101.142 E.00748
G1 X77.858 Y94.858 E.16508
G1 X78.142 Y94.858 E.00748
G1 X78.142 Y101.082 E.16351
; stop printing object pod_header_usb_coupon.stl id:0 copy 0
;LAYER_CHANGE
;Z:17.68
;HEIGHT:0.16
G92 E0 ; zero the extruded length again
; BEFORE_LAYER_CHANGE 109 @ 17.68mm
G1 E-.7 F2100
;WIPE_START
G1 F2700
G1 X77.858 Y101.142 E-.08729
G1 X77.858 Y100.433 E-.21271
;WIPE_END
; AFTER_LAYER_CHANGE 109 @ 17.68mm
;_SET_FAN_SPEED_CHANGING_LAYER
; printing object pod_header_usb_coupon.stl id:0 copy 0
G1 F9000
G1 X77.664 Y100.925 Z17.7086
G1 X77.1591 Y101.079 Z17.7371
G1 X76.7234 Y100.781 Z17.7657
G1 X76.6847 Y100.255 Z17.7943
G1 X77.0724 Y99.8961 Z17.8229
G1 X77.5944 Y99.9756 Z17.8514
G1 X77.8577 Y100.433 Z17.88
G1 X78 Y102.376 Z17.88
G1 X79.118 Y117.624
G1 X79.376 Y126.376
G1 X79.79 Y126.79
G1 Z17.68
G1 E1 F2100
M204 P1000
;TYPE:Outer wall
;WIDTH:0.42
G1 F1236
G1 X76.21 Y126.79 E.08725
G1 X76.21 Y117.21 E.23348
G1 X79.79 Y117.21 E.08725
G1 X79.79 Y126.73 E.23202
G1 X79.376 Y126.376 F9000
G1 X79.389 Y126.389
M204 P1500
;TYPE:Inner wall
;WIDTH:0.45
G1 F1236
G1 X76.611 Y126.389 E.07299
G1 X76.611 Y117.611 E.23059
G1 X79.389 Y117.611 E.07299
G1 X79.389 Y126.329 E.22902
G1 X78.974 Y125.974 F9000
G1 F1236
G1 X77.026 Y125.974 E.05115
G1 X77.026 Y118.026 E.20876
G1 X78.974 Y118.026 E.05115
G1 X78.974 Y125.914 E.20718
G1 X78.558 Y125.558 F9000
G1 F1236
G1 X77.442 Y125.558 E.02932
G1 X77.442 Y118.442 E.18692
G1 X78.558 Y118.442 E.02932
G1 X78.558 Y125.498 E.18534
G1 X78.142 Y125.142 F9000
G1 F1236
G1 X77.858 Y125.142 E.00748
G1 X77.858 Y118.858 E.16508
G1 X78.142 Y118.858 E.00748
G1 X78.142 Y125.082 E.16351
G1 E-.7 F2100
;WIPE_START
G1 F2700
G1 X77.858 Y125.142 E-.08729
G1 X77.858 Y124.433 E-.21271
;WIPE_END
G1 X78.197 Y120.632 Z17.88 F9000
G1 X78.466 Y117.624 Z17.88
G1 X79.376 Y102.376
G1 X79.79 Y102.79
G1 Z17.68
G1 E1 F2100
M204 P1000
;TYPE:Outer wall
;WIDTH:0.42
G1 F1236
G1 X76.21 Y102.79 E.08725
G1 X76.21 Y93.21 E.23348
G1 X79.79 Y93.21 E.08725
G1 X79.79 Y102.73 E.23202
G1 X79.376 Y102.376 F9000
G1 X79.389 Y102.389
M204 P1500
;TYPE:Inner wall
;WIDTH:0.45
G1 F1236
G1 X76.611 Y102.389 E.07299
G1 X76.611 Y93.611 E.23059
G1 X79.389 Y93.611 E.07299
G1 X79.389 Y102.329 E.22902
G1 X78.974 Y101.974 F9000
G1 F1236
G1 X77.026 Y101.974 E.05115
G1 X77.026 Y94.026 E.20876
G1 X78.974 Y94.026 E.05115
G1 X78.974 Y101.914 E.20718
G1 X78.558 Y101.558 F9000
G1 F1236
G1 X77.442 Y101.558 E.02932
G1 X77.442 Y94.442 E.18692
G1 X78.558 Y94.442 E.02932
G1 X78.558 Y101.498 E.18534
G1 X78.142 Y101.142 F9000
G1 F1236
G1 X77.858 Y101.142 E.00748
G1 X77.858 Y94.858 E.16508
G1 X78.142 Y94.858 E.00748
G1 X78.142 Y101.082 E.16351
; stop printing object pod_header_usb_coupon.stl id:0 copy 0
;LAYER_CHANGE
;Z:17.84
;HEIGHT:0.16
G92 E0 ; zero the extruded length again
; BEFORE_LAYER_CHANGE 110 @ 17.84mm
G1 E-.7 F2100
;WIPE_START
G1 F2700
G1 X77.858 Y101.142 E-.08729
G1 X77.858 Y100.433 E-.21271
;WIPE_END
; AFTER_LAYER_CHANGE 110 @ 17.84mm
;_SET_FAN_SPEED_CHANGING_LAYER
; printing object pod_header_usb_coupon.stl id:0 copy 0
G1 F9000
G1 X77.664 Y100.925 Z17.8686
G1 X77.1591 Y101.079 Z17.8971
G1 X76.7234 Y100.781 Z17.9257
G1 X76.6847 Y100.255 Z17.9543
G1 X77.0724 Y99.8961 Z17.9829
G1 X77.5944 Y99.9756 Z18.0114
G1 X77.8577 Y100.433 Z18.04
G1 X78 Y102.376 Z18.04
G1 X79.118 Y117.624
G1 X79.376 Y126.376
G1 X79.79 Y126.79
G1 Z17.84
G1 E1 F2100
M204 P1000
;TYPE:Outer wall
;WIDTH:0.42
G1 F1236
G1 X76.21 Y126.79 E.08725
G1 X76.21 Y117.21 E.23348
G1 X79.79 Y117.21 E.08725
G1 X79.79 Y126.73 E.23202
G1 X79.376 Y126.376 F9000
G1 X79.389 Y126.389
M204 P1500
;TYPE:Inner wall
;WIDTH:0.45
G1 F1236
G1 X76.611 Y126.389 E.07299
G1 X76.611 Y117.611 E.23059
G1 X79.389 Y117.611 E.07299
G1 X79.389 Y126.329 E.22902
G1 X78.974 Y125.974 F9000
G1 F1236
G1 X77.026 Y125.974 E.05115
G1 X77.026 Y118.026 E.20876
G1 X78.974 Y118.026 E.05115
G1 X78.974 Y125.914 E.20718
G1 X78.558 Y125.558 F9000
G1 F1236
G1 X77.442 Y125.558 E.02932
G1 X77.442 Y118.442 E.18692
G1 X78.558 Y118.442 E.02932
G1 X78.558 Y125.498 E.18534
G1 X78.142 Y125.142 F9000
G1 F1236
G1 X77.858 Y125.142 E.00748
G1 X77.858 Y118.858 E.16508
G1 X78.142 Y118.858 E.00748
G1 X78.142 Y125.082 E.16351
G1 E-.7 F2100
;WIPE_START
G1 F2700
G1 X77.858 Y125.142 E-.08729
G1 X77.858 Y124.433 E-.21271
;WIPE_END
G1 X78.197 Y120.632 Z18.04 F9000
G1 X78.466 Y117.624 Z18.04
G1 X79.376 Y102.376
G1 X79.79 Y102.79
G1 Z17.84
G1 E1 F2100
M204 P1000
;TYPE:Outer wall
;WIDTH:0.42
G1 F1236
G1 X76.21 Y102.79 E.08725
G1 X76.21 Y93.21 E.23348
G1 X79.79 Y93.21 E.08725
G1 X79.79 Y102.73 E.23202
G1 X79.376 Y102.376 F9000
G1 X79.389 Y102.389
M204 P1500
;TYPE:Inner wall
;WIDTH:0.45
G1 F1236
G1 X76.611 Y102.389 E.07299
G1 X76.611 Y93.611 E.23059
G1 X79.389 Y93.611 E.07299
G1 X79.389 Y102.329 E.22902
G1 X78.974 Y101.974 F9000
G1 F1236
G1 X77.026 Y101.974 E.05115
G1 X77.026 Y94.026 E.20876
G1 X78.974 Y94.026 E.05115
G1 X78.974 Y101.914 E.20718
G1 X78.558 Y101.558 F9000
G1 F1236
G1 X77.442 Y101.558 E.02932
G1 X77.442 Y94.442 E.18692
G1 X78.558 Y94.442 E.02932
G1 X78.558 Y101.498 E.18534
G1 X78.142 Y101.142 F9000
G1 F1236
G1 X77.858 Y101.142 E.00748
G1 X77.858 Y94.858 E.16508
G1 X78.142 Y94.858 E.00748
G1 X78.142 Y101.082 E.16351
; stop printing object pod_header_usb_coupon.stl id:0 copy 0
;LAYER_CHANGE
;Z:18
;HEIGHT:0.16
G92 E0 ; zero the extruded length again
; BEFORE_LAYER_CHANGE 111 @ 18mm
G1 E-.7 F2100
;WIPE_START
G1 F2700
G1 X77.858 Y101.142 E-.08729
G1 X77.858 Y100.433 E-.21271
;WIPE_END
; AFTER_LAYER_CHANGE 111 @ 18mm
;_SET_FAN_SPEED_CHANGING_LAYER
; printing object pod_header_usb_coupon.stl id:0 copy 0
G1 F9000
G1 X77.664 Y100.925 Z18.0286
G1 X77.1591 Y101.079 Z18.0571
G1 X76.7234 Y100.781 Z18.0857
G1 X76.6847 Y100.255 Z18.1143
G1 X77.0724 Y99.8961 Z18.1429
G1 X77.5944 Y99.9756 Z18.1714
G1 X77.8577 Y100.433 Z18.2
G1 X78 Y102.376 Z18.2
G1 X79.118 Y117.624
G1 X79.376 Y126.376
G1 X79.79 Y126.79
G1 Z18
G1 E1 F2100
M204 P1000
;TYPE:Outer wall
;WIDTH:0.42
G1 F1236
G1 X76.21 Y126.79 E.08725
G1 X76.21 Y117.21 E.23348
G1 X79.79 Y117.21 E.08725
G1 X79.79 Y126.73 E.23202
G1 X79.376 Y126.376 F9000
G1 X79.389 Y126.389
M204 P1500
;TYPE:Inner wall
;WIDTH:0.45
G1 F1236
G1 X76.611 Y126.389 E.07299
G1 X76.611 Y117.611 E.23059
G1 X79.389 Y117.611 E.07299
G1 X79.389 Y126.329 E.22902
G1 X78.974 Y125.974 F9000
G1 F1236
G1 X77.026 Y125.974 E.05115
G1 X77.026 Y118.026 E.20876
G1 X78.974 Y118.026 E.05115
G1 X78.974 Y125.914 E.20718
G1 X78.558 Y125.558 F9000
G1 F1236
G1 X77.442 Y125.558 E.02932
G1 X77.442 Y118.442 E.18692
G1 X78.558 Y118.442 E.02932
G1 X78.558 Y125.498 E.18534
G1 X78.142 Y125.142 F9000
G1 F1236
G1 X77.858 Y125.142 E.00748
G1 X77.858 Y118.858 E.16508
G1 X78.142 Y118.858 E.00748
G1 X78.142 Y125.082 E.16351
G1 E-.7 F2100
;WIPE_START
G1 F2700
G1 X77.858 Y125.142 E-.08729
G1 X77.858 Y124.433 E-.21271
;WIPE_END
G1 X78.197 Y120.632 Z18.2 F9000
G1 X78.466 Y117.624 Z18.2
G1 X79.376 Y102.376
G1 X79.79 Y102.79
G1 Z18
G1 E1 F2100
M204 P1000
;TYPE:Outer wall
;WIDTH:0.42
G1 F1236
G1 X76.21 Y102.79 E.08725
G1 X76.21 Y93.21 E.23348
G1 X79.79 Y93.21 E.08725
G1 X79.79 Y102.73 E.23202
G1 X79.376 Y102.376 F9000
G1 X79.389 Y102.389
M204 P1500
;TYPE:Inner wall
;WIDTH:0.45
G1 F1236
G1 X76.611 Y102.389 E.07299
G1 X76.611 Y93.611 E.23059
G1 X79.389 Y93.611 E.07299
G1 X79.389 Y102.329 E.22902
G1 X78.974 Y101.974 F9000
G1 F1236
G1 X77.026 Y101.974 E.05115
G1 X77.026 Y94.026 E.20876
G1 X78.974 Y94.026 E.05115
G1 X78.974 Y101.914 E.20718
G1 X78.558 Y101.558 F9000
G1 F1236
G1 X77.442 Y101.558 E.02932
G1 X77.442 Y94.442 E.18692
G1 X78.558 Y94.442 E.02932
G1 X78.558 Y101.498 E.18534
G1 X78.142 Y101.142 F9000
G1 F1236
G1 X77.858 Y101.142 E.00748
G1 X77.858 Y94.858 E.16508
G1 X78.142 Y94.858 E.00748
G1 X78.142 Y101.082 E.16351
; stop printing object pod_header_usb_coupon.stl id:0 copy 0
;LAYER_CHANGE
;Z:18.16
;HEIGHT:0.16
G92 E0 ; zero the extruded length again
; BEFORE_LAYER_CHANGE 112 @ 18.16mm
G1 E-.7 F2100
;WIPE_START
G1 F2700
G1 X77.858 Y101.142 E-.08729
G1 X77.858 Y100.433 E-.21271
;WIPE_END
; AFTER_LAYER_CHANGE 112 @ 18.16mm
;_SET_FAN_SPEED_CHANGING_LAYER
; printing object pod_header_usb_coupon.stl id:0 copy 0
G1 F9000
G1 X77.664 Y100.925 Z18.1886
G1 X77.1591 Y101.079 Z18.2171
G1 X76.7234 Y100.781 Z18.2457
G1 X76.6847 Y100.255 Z18.2743
G1 X77.0724 Y99.8961 Z18.3029
G1 X77.5944 Y99.9756 Z18.3314
G1 X77.8577 Y100.433 Z18.36
G1 X78 Y102.376 Z18.36
G1 X79.118 Y117.624
G1 X79.376 Y126.376
G1 X79.79 Y126.79
G1 Z18.16
G1 E1 F2100
M204 P1000
;TYPE:Outer wall
;WIDTH:0.42
G1 F1236
G1 X76.21 Y126.79 E.08725
G1 X76.21 Y117.21 E.23348
G1 X79.79 Y117.21 E.08725
G1 X79.79 Y126.73 E.23202
G1 X79.376 Y126.376 F9000
G1 X79.389 Y126.389
M204 P1500
;TYPE:Inner wall
;WIDTH:0.45
G1 F1236
G1 X76.611 Y126.389 E.07299
G1 X76.611 Y117.611 E.23059
G1 X79.389 Y117.611 E.07299
G1 X79.389 Y126.329 E.22902
G1 X78.974 Y125.974 F9000
G1 F1236
G1 X77.026 Y125.974 E.05115
G1 X77.026 Y118.026 E.20876
G1 X78.974 Y118.026 E.05115
G1 X78.974 Y125.914 E.20718
G1 X78.558 Y125.558 F9000
G1 F1236
G1 X77.442 Y125.558 E.02932
G1 X77.442 Y118.442 E.18692
G1 X78.558 Y118.442 E.02932
G1 X78.558 Y125.498 E.18534
G1 X78.142 Y125.142 F9000
G1 F1236
G1 X77.858 Y125.142 E.00748
G1 X77.858 Y118.858 E.16508
G1 X78.142 Y118.858 E.00748
G1 X78.142 Y125.082 E.16351
G1 E-.7 F2100
;WIPE_START
G1 F2700
G1 X77.858 Y125.142 E-.08729
G1 X77.858 Y124.433 E-.21271
;WIPE_END
G1 X78.197 Y120.632 Z18.36 F9000
G1 X78.466 Y117.624 Z18.36
G1 X79.376 Y102.376
G1 X79.79 Y102.79
G1 Z18.16
G1 E1 F2100
M204 P1000
;TYPE:Outer wall
;WIDTH:0.42
G1 F1236
G1 X76.21 Y102.79 E.08725
G1 X76.21 Y93.21 E.23348
G1 X79.79 Y93.21 E.08725
G1 X79.79 Y102.73 E.23202
G1 X79.376 Y102.376 F9000
G1 X79.389 Y102.389
M204 P1500
;TYPE:Inner wall
;WIDTH:0.45
G1 F1236
G1 X76.611 Y102.389 E.07299
G1 X76.611 Y93.611 E.23059
G1 X79.389 Y93.611 E.07299
G1 X79.389 Y102.329 E.22902
G1 X78.974 Y101.974 F9000
G1 F1236
G1 X77.026 Y101.974 E.05115
G1 X77.026 Y94.026 E.20876
G1 X78.974 Y94.026 E.05115
G1 X78.974 Y101.914 E.20718
G1 X78.558 Y101.558 F9000
G1 F1236
G1 X77.442 Y101.558 E.02932
G1 X77.442 Y94.442 E.18692
G1 X78.558 Y94.442 E.02932
G1 X78.558 Y101.498 E.18534
G1 X78.142 Y101.142 F9000
G1 F1236
G1 X77.858 Y101.142 E.00748
G1 X77.858 Y94.858 E.16508
G1 X78.142 Y94.858 E.00748
G1 X78.142 Y101.082 E.16351
; stop printing object pod_header_usb_coupon.stl id:0 copy 0
;LAYER_CHANGE
;Z:18.32
;HEIGHT:0.16
G92 E0 ; zero the extruded length again
; BEFORE_LAYER_CHANGE 113 @ 18.32mm
G1 E-.7 F2100
;WIPE_START
G1 F2700
G1 X77.858 Y101.142 E-.08729
G1 X77.858 Y100.433 E-.21271
;WIPE_END
; AFTER_LAYER_CHANGE 113 @ 18.32mm
;_SET_FAN_SPEED_CHANGING_LAYER
; printing object pod_header_usb_coupon.stl id:0 copy 0
G1 F9000
G1 X77.664 Y100.925 Z18.3486
G1 X77.1591 Y101.079 Z18.3771
G1 X76.7234 Y100.781 Z18.4057
G1 X76.6847 Y100.255 Z18.4343
G1 X77.0724 Y99.8961 Z18.4629
G1 X77.5944 Y99.9756 Z18.4914
G1 X77.8577 Y100.433 Z18.52
G1 X78 Y102.376 Z18.52
G1 X79.118 Y117.624
G1 X79.376 Y126.376
G1 X79.79 Y126.79
G1 Z18.32
G1 E1 F2100
M204 P1000
;TYPE:Outer wall
;WIDTH:0.42
G1 F1236
G1 X76.21 Y126.79 E.08725
G1 X76.21 Y117.21 E.23348
G1 X79.79 Y117.21 E.08725
G1 X79.79 Y126.73 E.23202
G1 X79.376 Y126.376 F9000
G1 X79.389 Y126.389
M204 P1500
;TYPE:Inner wall
;WIDTH:0.45
G1 F1236
G1 X76.611 Y126.389 E.07299
G1 X76.611 Y117.611 E.23059
G1 X79.389 Y117.611 E.07299
G1 X79.389 Y126.329 E.22902
G1 X78.974 Y125.974 F9000
G1 F1236
G1 X77.026 Y125.974 E.05115
G1 X77.026 Y118.026 E.20876
G1 X78.974 Y118.026 E.05115
G1 X78.974 Y125.914 E.20718
G1 X78.558 Y125.558 F9000
G1 F1236
G1 X77.442 Y125.558 E.02932
G1 X77.442 Y118.442 E.18692
G1 X78.558 Y118.442 E.02932
G1 X78.558 Y125.498 E.18534
G1 X78.142 Y125.142 F9000
G1 F1236
G1 X77.858 Y125.142 E.00748
G1 X77.858 Y118.858 E.16508
G1 X78.142 Y118.858 E.00748
G1 X78.142 Y125.082 E.16351
G1 E-.7 F2100
;WIPE_START
G1 F2700
G1 X77.858 Y125.142 E-.08729
G1 X77.858 Y124.433 E-.21271
;WIPE_END
G1 X78.197 Y120.632 Z18.52 F9000
G1 X78.466 Y117.624 Z18.52
G1 X79.376 Y102.376
G1 X79.79 Y102.79
G1 Z18.32
G1 E1 F2100
M204 P1000
;TYPE:Outer wall
;WIDTH:0.42
G1 F1236
G1 X76.21 Y102.79 E.08725
G1 X76.21 Y93.21 E.23348
G1 X79.79 Y93.21 E.08725
G1 X79.79 Y102.73 E.23202
G1 X79.376 Y102.376 F9000
G1 X79.389 Y102.389
M204 P1500
;TYPE:Inner wall
;WIDTH:0.45
G1 F1236
G1 X76.611 Y102.389 E.07299
G1 X76.611 Y93.611 E.23059
G1 X79.389 Y93.611 E.07299
G1 X79.389 Y102.329 E.22902
G1 X78.974 Y101.974 F9000
G1 F1236
G1 X77.026 Y101.974 E.05115
G1 X77.026 Y94.026 E.20876
G1 X78.974 Y94.026 E.05115
G1 X78.974 Y101.914 E.20718
G1 X78.558 Y101.558 F9000
G1 F1236
G1 X77.442 Y101.558 E.02932
G1 X77.442 Y94.442 E.18692
G1 X78.558 Y94.442 E.02932
G1 X78.558 Y101.498 E.18534
G1 X78.142 Y101.142 F9000
G1 F1236
G1 X77.858 Y101.142 E.00748
G1 X77.858 Y94.858 E.16508
G1 X78.142 Y94.858 E.00748
G1 X78.142 Y101.082 E.16351
; stop printing object pod_header_usb_coupon.stl id:0 copy 0
;LAYER_CHANGE
;Z:18.48
;HEIGHT:0.16
G92 E0 ; zero the extruded length again
; BEFORE_LAYER_CHANGE 114 @ 18.48mm
G1 E-.7 F2100
;WIPE_START
G1 F2700
G1 X77.858 Y101.142 E-.08729
G1 X77.858 Y100.433 E-.21271
;WIPE_END
; AFTER_LAYER_CHANGE 114 @ 18.48mm
;_SET_FAN_SPEED_CHANGING_LAYER
; printing object pod_header_usb_coupon.stl id:0 copy 0
G1 F9000
G1 X77.664 Y100.925 Z18.5086
G1 X77.1591 Y101.079 Z18.5371
G1 X76.7234 Y100.781 Z18.5657
G1 X76.6847 Y100.255 Z18.5943
G1 X77.0724 Y99.8961 Z18.6229
G1 X77.5944 Y99.9756 Z18.6514
G1 X77.8577 Y100.433 Z18.68
G1 X78 Y102.376 Z18.68
G1 X79.118 Y117.624
G1 X79.376 Y126.376
G1 X79.79 Y126.79
G1 Z18.48
G1 E1 F2100
M204 P1000
;TYPE:Outer wall
;WIDTH:0.42
G1 F1236
G1 X76.21 Y126.79 E.08725
G1 X76.21 Y117.21 E.23348
G1 X79.79 Y117.21 E.08725
G1 X79.79 Y126.73 E.23202
G1 X79.376 Y126.376 F9000
G1 X79.389 Y126.389
M204 P1500
;TYPE:Inner wall
;WIDTH:0.45
G1 F1236
G1 X76.611 Y126.389 E.07299
G1 X76.611 Y117.611 E.23059
G1 X79.389 Y117.611 E.07299
G1 X79.389 Y126.329 E.22902
G1 X78.974 Y125.974 F9000
G1 F1236
G1 X77.026 Y125.974 E.05115
G1 X77.026 Y118.026 E.20876
G1 X78.974 Y118.026 E.05115
G1 X78.974 Y125.914 E.20718
G1 X78.558 Y125.558 F9000
G1 F1236
G1 X77.442 Y125.558 E.02932
G1 X77.442 Y118.442 E.18692
G1 X78.558 Y118.442 E.02932
G1 X78.558 Y125.498 E.18534
G1 X78.142 Y125.142 F9000
G1 F1236
G1 X77.858 Y125.142 E.00748
G1 X77.858 Y118.858 E.16508
G1 X78.142 Y118.858 E.00748
G1 X78.142 Y125.082 E.16351
G1 E-.7 F2100
;WIPE_START
G1 F2700
G1 X77.858 Y125.142 E-.08729
G1 X77.858 Y124.433 E-.21271
;WIPE_END
G1 X78.197 Y120.632 Z18.68 F9000
G1 X78.466 Y117.624 Z18.68
G1 X79.376 Y102.376
G1 X79.79 Y102.79
G1 Z18.48
G1 E1 F2100
M204 P1000
;TYPE:Outer wall
;WIDTH:0.42
G1 F1236
G1 X76.21 Y102.79 E.08725
G1 X76.21 Y93.21 E.23348
G1 X79.79 Y93.21 E.08725
G1 X79.79 Y102.73 E.23202
G1 X79.376 Y102.376 F9000
G1 X79.389 Y102.389
M204 P1500
;TYPE:Inner wall
;WIDTH:0.45
G1 F1236
G1 X76.611 Y102.389 E.07299
G1 X76.611 Y93.611 E.23059
G1 X79.389 Y93.611 E.07299
G1 X79.389 Y102.329 E.22902
G1 X78.974 Y101.974 F9000
G1 F1236
G1 X77.026 Y101.974 E.05115
G1 X77.026 Y94.026 E.20876
G1 X78.974 Y94.026 E.05115
G1 X78.974 Y101.914 E.20718
G1 X78.558 Y101.558 F9000
G1 F1236
G1 X77.442 Y101.558 E.02932
G1 X77.442 Y94.442 E.18692
G1 X78.558 Y94.442 E.02932
G1 X78.558 Y101.498 E.18534
G1 X78.142 Y101.142 F9000
G1 F1236
G1 X77.858 Y101.142 E.00748
G1 X77.858 Y94.858 E.16508
G1 X78.142 Y94.858 E.00748
G1 X78.142 Y101.082 E.16351
; stop printing object pod_header_usb_coupon.stl id:0 copy 0
;LAYER_CHANGE
;Z:18.64
;HEIGHT:0.16
G92 E0 ; zero the extruded length again
; BEFORE_LAYER_CHANGE 115 @ 18.64mm
G1 E-.7 F2100
;WIPE_START
G1 F2700
G1 X77.858 Y101.142 E-.08729
G1 X77.858 Y100.433 E-.21271
;WIPE_END
; AFTER_LAYER_CHANGE 115 @ 18.64mm
;_SET_FAN_SPEED_CHANGING_LAYER
; printing object pod_header_usb_coupon.stl id:0 copy 0
G1 F9000
G1 X77.664 Y100.925 Z18.6686
G1 X77.1591 Y101.079 Z18.6971
G1 X76.7234 Y100.781 Z18.7257
G1 X76.6847 Y100.255 Z18.7543
G1 X77.0724 Y99.8961 Z18.7829
G1 X77.5944 Y99.9756 Z18.8114
G1 X77.8577 Y100.433 Z18.84
G1 X78 Y102.376 Z18.84
G1 X79.118 Y117.624
G1 X79.376 Y126.376
G1 X79.79 Y126.79
G1 Z18.64
G1 E1 F2100
M204 P1000
;TYPE:Outer wall
;WIDTH:0.42
G1 F1236
G1 X76.21 Y126.79 E.08725
G1 X76.21 Y117.21 E.23348
G1 X79.79 Y117.21 E.08725
G1 X79.79 Y126.73 E.23202
G1 X79.376 Y126.376 F9000
G1 X79.389 Y126.389
M204 P1500
;TYPE:Inner wall
;WIDTH:0.45
G1 F1236
G1 X76.611 Y126.389 E.07299
G1 X76.611 Y117.611 E.23059
G1 X79.389 Y117.611 E.07299
G1 X79.389 Y126.329 E.22902
G1 X78.974 Y125.974 F9000
G1 F1236
G1 X77.026 Y125.974 E.05115
G1 X77.026 Y118.026 E.20876
G1 X78.974 Y118.026 E.05115
G1 X78.974 Y125.914 E.20718
G1 X78.558 Y125.558 F9000
G1 F1236
G1 X77.442 Y125.558 E.02932
G1 X77.442 Y118.442 E.18692
G1 X78.558 Y118.442 E.02932
G1 X78.558 Y125.498 E.18534
G1 X78.142 Y125.142 F9000
G1 F1236
G1 X77.858 Y125.142 E.00748
G1 X77.858 Y118.858 E.16508
G1 X78.142 Y118.858 E.00748
G1 X78.142 Y125.082 E.16351
G1 E-.7 F2100
;WIPE_START
G1 F2700
G1 X77.858 Y125.142 E-.08729
G1 X77.858 Y124.433 E-.21271
;WIPE_END
G1 X78.197 Y120.632 Z18.84 F9000
G1 X78.466 Y117.624 Z18.84
G1 X79.376 Y102.376
G1 X79.79 Y102.79
G1 Z18.64
G1 E1 F2100
M204 P1000
;TYPE:Outer wall
;WIDTH:0.42
G1 F1236
G1 X76.21 Y102.79 E.08725
G1 X76.21 Y93.21 E.23348
G1 X79.79 Y93.21 E.08725
G1 X79.79 Y102.73 E.23202
G1 X79.376 Y102.376 F9000
G1 X79.389 Y102.389
M204 P1500
;TYPE:Inner wall
;WIDTH:0.45
G1 F1236
G1 X76.611 Y102.389 E.07299
G1 X76.611 Y93.611 E.23059
G1 X79.389 Y93.611 E.07299
G1 X79.389 Y102.329 E.22902
G1 X78.974 Y101.974 F9000
G1 F1236
G1 X77.026 Y101.974 E.05115
G1 X77.026 Y94.026 E.20876
G1 X78.974 Y94.026 E.05115
G1 X78.974 Y101.914 E.20718
G1 X78.558 Y101.558 F9000
G1 F1236
G1 X77.442 Y101.558 E.02932
G1 X77.442 Y94.442 E.18692
G1 X78.558 Y94.442 E.02932
G1 X78.558 Y101.498 E.18534
G1 X78.142 Y101.142 F9000
G1 F1236
G1 X77.858 Y101.142 E.00748
G1 X77.858 Y94.858 E.16508
G1 X78.142 Y94.858 E.00748
G1 X78.142 Y101.082 E.16351
; stop printing object pod_header_usb_coupon.stl id:0 copy 0
;LAYER_CHANGE
;Z:18.8
;HEIGHT:0.16
G92 E0 ; zero the extruded length again
; BEFORE_LAYER_CHANGE 116 @ 18.8mm
G1 E-.7 F2100
;WIPE_START
G1 F2700
G1 X77.858 Y101.142 E-.08729
G1 X77.858 Y100.433 E-.21271
;WIPE_END
; AFTER_LAYER_CHANGE 116 @ 18.8mm
;_SET_FAN_SPEED_CHANGING_LAYER
; printing object pod_header_usb_coupon.stl id:0 copy 0
G1 F9000
G1 X77.664 Y100.925 Z18.8286
G1 X77.1591 Y101.079 Z18.8571
G1 X76.7234 Y100.781 Z18.8857
G1 X76.6847 Y100.255 Z18.9143
G1 X77.0724 Y99.8961 Z18.9429
G1 X77.5944 Y99.9756 Z18.9714
G1 X77.8577 Y100.433 Z19
G1 X78 Y102.376 Z19
G1 X79.118 Y117.624
G1 X79.376 Y126.376
G1 X79.79 Y126.79
G1 Z18.8
G1 E1 F2100
M204 P1000
;TYPE:Outer wall
;WIDTH:0.42
G1 F1236
G1 X76.21 Y126.79 E.08725
G1 X76.21 Y117.21 E.23348
G1 X79.79 Y117.21 E.08725
G1 X79.79 Y126.73 E.23202
G1 X79.376 Y126.376 F9000
G1 X79.389 Y126.389
M204 P1500
;TYPE:Inner wall
;WIDTH:0.45
G1 F1236
G1 X76.611 Y126.389 E.07299
G1 X76.611 Y117.611 E.23059
G1 X79.389 Y117.611 E.07299
G1 X79.389 Y126.329 E.22902
G1 X78.974 Y125.974 F9000
G1 F1236
G1 X77.026 Y125.974 E.05115
G1 X77.026 Y118.026 E.20876
G1 X78.974 Y118.026 E.05115
G1 X78.974 Y125.914 E.20718
G1 X78.558 Y125.558 F9000
G1 F1236
G1 X77.442 Y125.558 E.02932
G1 X77.442 Y118.442 E.18692
G1 X78.558 Y118.442 E.02932
G1 X78.558 Y125.498 E.18534
G1 X78.142 Y125.142 F9000
G1 F1236
G1 X77.858 Y125.142 E.00748
G1 X77.858 Y118.858 E.16508
G1 X78.142 Y118.858 E.00748
G1 X78.142 Y125.082 E.16351
G1 E-.7 F2100
;WIPE_START
G1 F2700
G1 X77.858 Y125.142 E-.08729
G1 X77.858 Y124.433 E-.21271
;WIPE_END
G1 X78.197 Y120.632 Z19 F9000
G1 X78.466 Y117.624 Z19
G1 X79.376 Y102.376
G1 X79.79 Y102.79
G1 Z18.8
G1 E1 F2100
M204 P1000
;TYPE:Outer wall
;WIDTH:0.42
G1 F1236
G1 X76.21 Y102.79 E.08725
G1 X76.21 Y93.21 E.23348
G1 X79.79 Y93.21 E.08725
G1 X79.79 Y102.73 E.23202
G1 X79.376 Y102.376 F9000
G1 X79.389 Y102.389
M204 P1500
;TYPE:Inner wall
;WIDTH:0.45
G1 F1236
G1 X76.611 Y102.389 E.07299
G1 X76.611 Y93.611 E.23059
G1 X79.389 Y93.611 E.07299
G1 X79.389 Y102.329 E.22902
G1 X78.974 Y101.974 F9000
G1 F1236
G1 X77.026 Y101.974 E.05115
G1 X77.026 Y94.026 E.20876
G1 X78.974 Y94.026 E.05115
G1 X78.974 Y101.914 E.20718
G1 X78.558 Y101.558 F9000
G1 F1236
G1 X77.442 Y101.558 E.02932
G1 X77.442 Y94.442 E.18692
G1 X78.558 Y94.442 E.02932
G1 X78.558 Y101.498 E.18534
G1 X78.142 Y101.142 F9000
G1 F1236
G1 X77.858 Y101.142 E.00748
G1 X77.858 Y94.858 E.16508
G1 X78.142 Y94.858 E.00748
G1 X78.142 Y101.082 E.16351
; stop printing object pod_header_usb_coupon.stl id:0 copy 0
;LAYER_CHANGE
;Z:18.96
;HEIGHT:0.16
G92 E0 ; zero the extruded length again
; BEFORE_LAYER_CHANGE 117 @ 18.96mm
G1 E-.7 F2100
;WIPE_START
G1 F2700
G1 X77.858 Y101.142 E-.08729
G1 X77.858 Y100.433 E-.21271
;WIPE_END
; AFTER_LAYER_CHANGE 117 @ 18.96mm
;_SET_FAN_SPEED_CHANGING_LAYER
; printing object pod_header_usb_coupon.stl id:0 copy 0
G1 F9000
G1 X77.664 Y100.925 Z18.9886
G1 X77.1591 Y101.079 Z19.0171
G1 X76.7234 Y100.781 Z19.0457
G1 X76.6847 Y100.255 Z19.0743
G1 X77.0724 Y99.8961 Z19.1029
G1 X77.5944 Y99.9756 Z19.1314
G1 X77.8577 Y100.433 Z19.16
G1 X78 Y102.376 Z19.16
G1 X79.118 Y117.624
G1 X79.376 Y126.376
G1 X79.79 Y126.79
G1 Z18.96
G1 E1 F2100
M204 P1000
;TYPE:Outer wall
;WIDTH:0.42
G1 F1236
G1 X76.21 Y126.79 E.08725
G1 X76.21 Y117.21 E.23348
G1 X79.79 Y117.21 E.08725
G1 X79.79 Y126.73 E.23202
G1 X79.376 Y126.376 F9000
G1 X79.389 Y126.389
M204 P1500
;TYPE:Inner wall
;WIDTH:0.45
G1 F1236
G1 X76.611 Y126.389 E.07299
G1 X76.611 Y117.611 E.23059
G1 X79.389 Y117.611 E.07299
G1 X79.389 Y126.329 E.22902
G1 X78.974 Y125.974 F9000
G1 F1236
G1 X77.026 Y125.974 E.05115
G1 X77.026 Y118.026 E.20876
G1 X78.974 Y118.026 E.05115
G1 X78.974 Y125.914 E.20718
G1 X78.558 Y125.558 F9000
G1 F1236
G1 X77.442 Y125.558 E.02932
G1 X77.442 Y118.442 E.18692
G1 X78.558 Y118.442 E.02932
G1 X78.558 Y125.498 E.18534
G1 X78.142 Y125.142 F9000
G1 F1236
G1 X77.858 Y125.142 E.00748
G1 X77.858 Y118.858 E.16508
G1 X78.142 Y118.858 E.00748
G1 X78.142 Y125.082 E.16351
G1 E-.7 F2100
;WIPE_START
G1 F2700
G1 X77.858 Y125.142 E-.08729
G1 X77.858 Y124.433 E-.21271
;WIPE_END
G1 X78.197 Y120.632 Z19.16 F9000
G1 X78.466 Y117.624 Z19.16
G1 X79.376 Y102.376
G1 X79.79 Y102.79
G1 Z18.96
G1 E1 F2100
M204 P1000
;TYPE:Outer wall
;WIDTH:0.42
G1 F1236
G1 X76.21 Y102.79 E.08725
G1 X76.21 Y93.21 E.23348
G1 X79.79 Y93.21 E.08725
G1 X79.79 Y102.73 E.23202
G1 X79.376 Y102.376 F9000
G1 X79.389 Y102.389
M204 P1500
;TYPE:Inner wall
;WIDTH:0.45
G1 F1236
G1 X76.611 Y102.389 E.07299
G1 X76.611 Y93.611 E.23059
G1 X79.389 Y93.611 E.07299
G1 X79.389 Y102.329 E.22902
G1 X78.974 Y101.974 F9000
G1 F1236
G1 X77.026 Y101.974 E.05115
G1 X77.026 Y94.026 E.20876
G1 X78.974 Y94.026 E.05115
G1 X78.974 Y101.914 E.20718
G1 X78.558 Y101.558 F9000
G1 F1236
G1 X77.442 Y101.558 E.02932
G1 X77.442 Y94.442 E.18692
G1 X78.558 Y94.442 E.02932
G1 X78.558 Y101.498 E.18534
G1 X78.142 Y101.142 F9000
G1 F1236
G1 X77.858 Y101.142 E.00748
G1 X77.858 Y94.858 E.16508
G1 X78.142 Y94.858 E.00748
G1 X78.142 Y101.082 E.16351
; stop printing object pod_header_usb_coupon.stl id:0 copy 0
;LAYER_CHANGE
;Z:19.12
;HEIGHT:0.160002
G92 E0 ; zero the extruded length again
; BEFORE_LAYER_CHANGE 118 @ 19.12mm
G1 E-.7 F2100
;WIPE_START
G1 F2700
G1 X77.858 Y101.142 E-.08729
G1 X77.858 Y100.433 E-.21271
;WIPE_END
; AFTER_LAYER_CHANGE 118 @ 19.12mm
;_SET_FAN_SPEED_CHANGING_LAYER
; printing object pod_header_usb_coupon.stl id:0 copy 0
G1 F9000
G1 X77.664 Y100.925 Z19.1486
G1 X77.1591 Y101.079 Z19.1771
G1 X76.7234 Y100.781 Z19.2057
G1 X76.6847 Y100.255 Z19.2343
G1 X77.0724 Y99.8961 Z19.2629
G1 X77.5944 Y99.9756 Z19.2914
G1 X77.8577 Y100.433 Z19.32
G1 X78 Y102.376 Z19.32
G1 X79.118 Y117.624
G1 X79.376 Y126.376
G1 X79.79 Y126.79
G1 Z19.12
G1 E1 F2100
M204 P1000
;TYPE:Outer wall
;WIDTH:0.42
G1 F1236
G1 X76.21 Y126.79 E.08725
G1 X76.21 Y117.21 E.23348
G1 X79.79 Y117.21 E.08725
G1 X79.79 Y126.73 E.23202
G1 X79.376 Y126.376 F9000
G1 X79.389 Y126.389
M204 P1500
;TYPE:Inner wall
;WIDTH:0.45
G1 F1236
G1 X76.611 Y126.389 E.07299
G1 X76.611 Y117.611 E.23059
G1 X79.389 Y117.611 E.07299
G1 X79.389 Y126.329 E.22902
G1 X78.974 Y125.974 F9000
G1 F1236
G1 X77.026 Y125.974 E.05115
G1 X77.026 Y118.026 E.20876
G1 X78.974 Y118.026 E.05115
G1 X78.974 Y125.914 E.20718
G1 X78.558 Y125.558 F9000
G1 F1236
G1 X77.442 Y125.558 E.02932
G1 X77.442 Y118.442 E.18692
G1 X78.558 Y118.442 E.02932
G1 X78.558 Y125.498 E.18534
G1 X78.142 Y125.142 F9000
G1 F1236
G1 X77.858 Y125.142 E.00748
G1 X77.858 Y118.858 E.16508
G1 X78.142 Y118.858 E.00748
G1 X78.142 Y125.082 E.16351
G1 E-.7 F2100
;WIPE_START
G1 F2700
G1 X77.858 Y125.142 E-.08729
G1 X77.858 Y124.433 E-.21271
;WIPE_END
G1 X78.197 Y120.632 Z19.32 F9000
G1 X78.466 Y117.624 Z19.32
G1 X79.376 Y102.376
G1 X79.79 Y102.79
G1 Z19.12
G1 E1 F2100
M204 P1000
;TYPE:Outer wall
;WIDTH:0.42
G1 F1236
G1 X76.21 Y102.79 E.08725
G1 X76.21 Y93.21 E.23348
G1 X79.79 Y93.21 E.08725
G1 X79.79 Y102.73 E.23202
G1 X79.376 Y102.376 F9000
G1 X79.389 Y102.389
M204 P1500
;TYPE:Inner wall
;WIDTH:0.45
G1 F1236
G1 X76.611 Y102.389 E.07299
G1 X76.611 Y93.611 E.23059
G1 X79.389 Y93.611 E.07299
G1 X79.389 Y102.329 E.22902
G1 X78.974 Y101.974 F9000
G1 F1236
G1 X77.026 Y101.974 E.05115
G1 X77.026 Y94.026 E.20876
G1 X78.974 Y94.026 E.05115
G1 X78.974 Y101.914 E.20718
G1 X78.558 Y101.558 F9000
G1 F1236
G1 X77.442 Y101.558 E.02932
G1 X77.442 Y94.442 E.18692
G1 X78.558 Y94.442 E.02932
G1 X78.558 Y101.498 E.18534
G1 X78.142 Y101.142 F9000
G1 F1236
G1 X77.858 Y101.142 E.00748
G1 X77.858 Y94.858 E.16508
G1 X78.142 Y94.858 E.00748
G1 X78.142 Y101.082 E.16351
; stop printing object pod_header_usb_coupon.stl id:0 copy 0
;LAYER_CHANGE
;Z:19.28
;HEIGHT:0.16
G92 E0 ; zero the extruded length again
; BEFORE_LAYER_CHANGE 119 @ 19.28mm
G1 E-.7 F2100
;WIPE_START
G1 F2700
G1 X77.858 Y101.142 E-.08729
G1 X77.858 Y100.433 E-.21271
;WIPE_END
; AFTER_LAYER_CHANGE 119 @ 19.28mm
;_SET_FAN_SPEED_CHANGING_LAYER
; printing object pod_header_usb_coupon.stl id:0 copy 0
G1 F9000
G1 X77.664 Y100.925 Z19.3086
G1 X77.1591 Y101.079 Z19.3371
G1 X76.7234 Y100.781 Z19.3657
G1 X76.6847 Y100.255 Z19.3943
G1 X77.0724 Y99.8961 Z19.4229
G1 X77.5944 Y99.9756 Z19.4514
G1 X77.8577 Y100.433 Z19.48
G1 X78 Y102.376 Z19.48
G1 X79.118 Y117.624
G1 X79.376 Y126.376
G1 X79.79 Y126.79
G1 Z19.28
G1 E1 F2100
M204 P1000
;TYPE:Outer wall
;WIDTH:0.42
G1 F1236
G1 X76.21 Y126.79 E.08725
G1 X76.21 Y117.21 E.23348
G1 X79.79 Y117.21 E.08725
G1 X79.79 Y126.73 E.23202
G1 X79.376 Y126.376 F9000
G1 X79.389 Y126.389
M204 P1500
;TYPE:Inner wall
;WIDTH:0.45
G1 F1236
G1 X76.611 Y126.389 E.07299
G1 X76.611 Y117.611 E.23059
G1 X79.389 Y117.611 E.07299
G1 X79.389 Y126.329 E.22902
G1 X78.974 Y125.974 F9000
G1 F1236
G1 X77.026 Y125.974 E.05115
G1 X77.026 Y118.026 E.20876
G1 X78.974 Y118.026 E.05115
G1 X78.974 Y125.914 E.20718
G1 X78.558 Y125.558 F9000
G1 F1236
G1 X77.442 Y125.558 E.02932
G1 X77.442 Y118.442 E.18692
G1 X78.558 Y118.442 E.02932
G1 X78.558 Y125.498 E.18534
G1 X78.142 Y125.142 F9000
G1 F1236
G1 X77.858 Y125.142 E.00748
G1 X77.858 Y118.858 E.16508
G1 X78.142 Y118.858 E.00748
G1 X78.142 Y125.082 E.16351
G1 E-.7 F2100
;WIPE_START
G1 F2700
G1 X77.858 Y125.142 E-.08729
G1 X77.858 Y124.433 E-.21271
;WIPE_END
G1 X78.197 Y120.632 Z19.48 F9000
G1 X78.466 Y117.624 Z19.48
G1 X79.376 Y102.376
G1 X79.79 Y102.79
G1 Z19.28
G1 E1 F2100
M204 P1000
;TYPE:Outer wall
;WIDTH:0.42
G1 F1236
G1 X76.21 Y102.79 E.08725
G1 X76.21 Y93.21 E.23348
G1 X79.79 Y93.21 E.08725
G1 X79.79 Y102.73 E.23202
G1 X79.376 Y102.376 F9000
G1 X79.389 Y102.389
M204 P1500
;TYPE:Inner wall
;WIDTH:0.45
G1 F1236
G1 X76.611 Y102.389 E.07299
G1 X76.611 Y93.611 E.23059
G1 X79.389 Y93.611 E.07299
G1 X79.389 Y102.329 E.22902
G1 X78.974 Y101.974 F9000
G1 F1236
G1 X77.026 Y101.974 E.05115
G1 X77.026 Y94.026 E.20876
G1 X78.974 Y94.026 E.05115
G1 X78.974 Y101.914 E.20718
G1 X78.558 Y101.558 F9000
G1 F1236
G1 X77.442 Y101.558 E.02932
G1 X77.442 Y94.442 E.18692
G1 X78.558 Y94.442 E.02932
G1 X78.558 Y101.498 E.18534
G1 X78.142 Y101.142 F9000
G1 F1236
G1 X77.858 Y101.142 E.00748
G1 X77.858 Y94.858 E.16508
G1 X78.142 Y94.858 E.00748
G1 X78.142 Y101.082 E.16351
; stop printing object pod_header_usb_coupon.stl id:0 copy 0
;LAYER_CHANGE
;Z:19.44
;HEIGHT:0.16
G92 E0 ; zero the extruded length again
; BEFORE_LAYER_CHANGE 120 @ 19.44mm
G1 E-.7 F2100
;WIPE_START
G1 F2700
G1 X77.858 Y101.142 E-.08729
G1 X77.858 Y100.433 E-.21271
;WIPE_END
; AFTER_LAYER_CHANGE 120 @ 19.44mm
;_SET_FAN_SPEED_CHANGING_LAYER
; printing object pod_header_usb_coupon.stl id:0 copy 0
G1 F9000
G1 X77.664 Y100.925 Z19.4686
G1 X77.1591 Y101.079 Z19.4971
G1 X76.7234 Y100.781 Z19.5257
G1 X76.6847 Y100.255 Z19.5543
G1 X77.0724 Y99.8961 Z19.5829
G1 X77.5944 Y99.9756 Z19.6114
G1 X77.8577 Y100.433 Z19.64
G1 X78 Y102.376 Z19.64
G1 X79.118 Y117.624
G1 X79.376 Y126.376
G1 X79.79 Y126.79
G1 Z19.44
G1 E1 F2100
M204 P1000
;TYPE:Outer wall
;WIDTH:0.42
G1 F1236
G1 X76.21 Y126.79 E.08725
G1 X76.21 Y117.21 E.23348
G1 X79.79 Y117.21 E.08725
G1 X79.79 Y126.73 E.23202
G1 X79.376 Y126.376 F9000
G1 X79.389 Y126.389
M204 P1500
;TYPE:Inner wall
;WIDTH:0.45
G1 F1236
G1 X76.611 Y126.389 E.07299
G1 X76.611 Y117.611 E.23059
G1 X79.389 Y117.611 E.07299
G1 X79.389 Y126.329 E.22902
G1 X78.974 Y125.974 F9000
G1 F1236
G1 X77.026 Y125.974 E.05115
G1 X77.026 Y118.026 E.20876
G1 X78.974 Y118.026 E.05115
G1 X78.974 Y125.914 E.20718
G1 X78.558 Y125.558 F9000
G1 F1236
G1 X77.442 Y125.558 E.02932
G1 X77.442 Y118.442 E.18692
G1 X78.558 Y118.442 E.02932
G1 X78.558 Y125.498 E.18534
G1 X78.142 Y125.142 F9000
G1 F1236
G1 X77.858 Y125.142 E.00748
G1 X77.858 Y118.858 E.16508
G1 X78.142 Y118.858 E.00748
G1 X78.142 Y125.082 E.16351
G1 E-.7 F2100
;WIPE_START
G1 F2700
G1 X77.858 Y125.142 E-.08729
G1 X77.858 Y124.433 E-.21271
;WIPE_END
G1 X78.197 Y120.632 Z19.64 F9000
G1 X78.466 Y117.624 Z19.64
G1 X79.376 Y102.376
G1 X79.79 Y102.79
G1 Z19.44
G1 E1 F2100
M204 P1000
;TYPE:Outer wall
;WIDTH:0.42
G1 F1236
G1 X76.21 Y102.79 E.08725
G1 X76.21 Y93.21 E.23348
G1 X79.79 Y93.21 E.08725
G1 X79.79 Y102.73 E.23202
G1 X79.376 Y102.376 F9000
G1 X79.389 Y102.389
M204 P1500
;TYPE:Inner wall
;WIDTH:0.45
G1 F1236
G1 X76.611 Y102.389 E.07299
G1 X76.611 Y93.611 E.23059
G1 X79.389 Y93.611 E.07299
G1 X79.389 Y102.329 E.22902
G1 X78.974 Y101.974 F9000
G1 F1236
G1 X77.026 Y101.974 E.05115
G1 X77.026 Y94.026 E.20876
G1 X78.974 Y94.026 E.05115
G1 X78.974 Y101.914 E.20718
G1 X78.558 Y101.558 F9000
G1 F1236
G1 X77.442 Y101.558 E.02932
G1 X77.442 Y94.442 E.18692
G1 X78.558 Y94.442 E.02932
G1 X78.558 Y101.498 E.18534
G1 X78.142 Y101.142 F9000
G1 F1236
G1 X77.858 Y101.142 E.00748
G1 X77.858 Y94.858 E.16508
G1 X78.142 Y94.858 E.00748
G1 X78.142 Y101.082 E.16351
; stop printing object pod_header_usb_coupon.stl id:0 copy 0
;LAYER_CHANGE
;Z:19.6
;HEIGHT:0.16
G92 E0 ; zero the extruded length again
; BEFORE_LAYER_CHANGE 121 @ 19.6mm
G1 E-.7 F2100
;WIPE_START
G1 F2700
G1 X77.858 Y101.142 E-.08729
G1 X77.858 Y100.433 E-.21271
;WIPE_END
; AFTER_LAYER_CHANGE 121 @ 19.6mm
;_SET_FAN_SPEED_CHANGING_LAYER
; printing object pod_header_usb_coupon.stl id:0 copy 0
G1 F9000
G1 X77.664 Y100.925 Z19.6286
G1 X77.1591 Y101.079 Z19.6571
G1 X76.7234 Y100.781 Z19.6857
G1 X76.6847 Y100.255 Z19.7143
G1 X77.0724 Y99.8961 Z19.7429
G1 X77.5944 Y99.9756 Z19.7714
G1 X77.8577 Y100.433 Z19.8
G1 X78 Y102.376 Z19.8
G1 X79.118 Y117.624
G1 X79.376 Y126.376
G1 X79.79 Y126.79
G1 Z19.6
G1 E1 F2100
M204 P1000
;TYPE:Outer wall
;WIDTH:0.42
G1 F1236
G1 X76.21 Y126.79 E.08725
G1 X76.21 Y117.21 E.23348
G1 X79.79 Y117.21 E.08725
G1 X79.79 Y126.73 E.23202
G1 X79.376 Y126.376 F9000
G1 X79.389 Y126.389
M204 P1500
;TYPE:Inner wall
;WIDTH:0.45
G1 F1236
G1 X76.611 Y126.389 E.07299
G1 X76.611 Y117.611 E.23059
G1 X79.389 Y117.611 E.07299
G1 X79.389 Y126.329 E.22902
G1 X78.974 Y125.974 F9000
G1 F1236
G1 X77.026 Y125.974 E.05115
G1 X77.026 Y118.026 E.20876
G1 X78.974 Y118.026 E.05115
G1 X78.974 Y125.914 E.20718
G1 X78.558 Y125.558 F9000
G1 F1236
G1 X77.442 Y125.558 E.02932
G1 X77.442 Y118.442 E.18692
G1 X78.558 Y118.442 E.02932
G1 X78.558 Y125.498 E.18534
G1 X78.142 Y125.142 F9000
G1 F1236
G1 X77.858 Y125.142 E.00748
G1 X77.858 Y118.858 E.16508
G1 X78.142 Y118.858 E.00748
G1 X78.142 Y125.082 E.16351
G1 E-.7 F2100
;WIPE_START
G1 F2700
G1 X77.858 Y125.142 E-.08729
G1 X77.858 Y124.433 E-.21271
;WIPE_END
G1 X78.197 Y120.632 Z19.8 F9000
G1 X78.466 Y117.624 Z19.8
G1 X79.376 Y102.376
G1 X79.79 Y102.79
G1 Z19.6
G1 E1 F2100
M204 P1000
;TYPE:Outer wall
;WIDTH:0.42
G1 F1236
G1 X76.21 Y102.79 E.08725
G1 X76.21 Y93.21 E.23348
G1 X79.79 Y93.21 E.08725
G1 X79.79 Y102.73 E.23202
G1 X79.376 Y102.376 F9000
G1 X79.389 Y102.389
M204 P1500
;TYPE:Inner wall
;WIDTH:0.45
G1 F1236
G1 X76.611 Y102.389 E.07299
G1 X76.611 Y93.611 E.23059
G1 X79.389 Y93.611 E.07299
G1 X79.389 Y102.329 E.22902
G1 X78.974 Y101.974 F9000
G1 F1236
G1 X77.026 Y101.974 E.05115
G1 X77.026 Y94.026 E.20876
G1 X78.974 Y94.026 E.05115
G1 X78.974 Y101.914 E.20718
G1 X78.558 Y101.558 F9000
G1 F1236
G1 X77.442 Y101.558 E.02932
G1 X77.442 Y94.442 E.18692
G1 X78.558 Y94.442 E.02932
G1 X78.558 Y101.498 E.18534
G1 X78.142 Y101.142 F9000
G1 F1236
G1 X77.858 Y101.142 E.00748
G1 X77.858 Y94.858 E.16508
G1 X78.142 Y94.858 E.00748
G1 X78.142 Y101.082 E.16351
; stop printing object pod_header_usb_coupon.stl id:0 copy 0
;LAYER_CHANGE
;Z:19.76
;HEIGHT:0.16
G92 E0 ; zero the extruded length again
; BEFORE_LAYER_CHANGE 122 @ 19.76mm
G1 E-.7 F2100
;WIPE_START
G1 F2700
G1 X77.858 Y101.142 E-.08729
G1 X77.858 Y100.433 E-.21271
;WIPE_END
; AFTER_LAYER_CHANGE 122 @ 19.76mm
;_SET_FAN_SPEED_CHANGING_LAYER
; printing object pod_header_usb_coupon.stl id:0 copy 0
G1 F9000
G1 X77.664 Y100.925 Z19.7886
G1 X77.1591 Y101.079 Z19.8171
G1 X76.7234 Y100.781 Z19.8457
G1 X76.6847 Y100.255 Z19.8743
G1 X77.0724 Y99.8961 Z19.9029
G1 X77.5944 Y99.9756 Z19.9314
G1 X77.8577 Y100.433 Z19.96
G1 X78 Y102.376 Z19.96
G1 X79.118 Y117.624
G1 X79.376 Y126.376
G1 X79.79 Y126.79
G1 Z19.76
G1 E1 F2100
M204 P1000
;TYPE:Outer wall
;WIDTH:0.42
G1 F1236
G1 X76.21 Y126.79 E.08725
G1 X76.21 Y117.21 E.23348
G1 X79.79 Y117.21 E.08725
G1 X79.79 Y126.73 E.23202
G1 X79.376 Y126.376 F9000
G1 X79.389 Y126.389
M204 P1500
;TYPE:Inner wall
;WIDTH:0.45
G1 F1236
G1 X76.611 Y126.389 E.07299
G1 X76.611 Y117.611 E.23059
G1 X79.389 Y117.611 E.07299
G1 X79.389 Y126.329 E.22902
G1 X78.974 Y125.974 F9000
G1 F1236
G1 X77.026 Y125.974 E.05115
G1 X77.026 Y118.026 E.20876
G1 X78.974 Y118.026 E.05115
G1 X78.974 Y125.914 E.20718
G1 X78.558 Y125.558 F9000
G1 F1236
G1 X77.442 Y125.558 E.02932
G1 X77.442 Y118.442 E.18692
G1 X78.558 Y118.442 E.02932
G1 X78.558 Y125.498 E.18534
G1 X78.142 Y125.142 F9000
G1 F1236
G1 X77.858 Y125.142 E.00748
G1 X77.858 Y118.858 E.16508
G1 X78.142 Y118.858 E.00748
G1 X78.142 Y125.082 E.16351
G1 E-.7 F2100
;WIPE_START
G1 F2700
G1 X77.858 Y125.142 E-.08729
G1 X77.858 Y124.433 E-.21271
;WIPE_END
G1 X78.197 Y120.632 Z19.96 F9000
G1 X78.466 Y117.624 Z19.96
G1 X79.376 Y102.376
G1 X79.79 Y102.79
G1 Z19.76
G1 E1 F2100
M204 P1000
;TYPE:Outer wall
;WIDTH:0.42
G1 F1236
G1 X76.21 Y102.79 E.08725
G1 X76.21 Y93.21 E.23348
G1 X79.79 Y93.21 E.08725
G1 X79.79 Y102.73 E.23202
G1 X79.376 Y102.376 F9000
G1 X79.389 Y102.389
M204 P1500
;TYPE:Inner wall
;WIDTH:0.45
G1 F1236
G1 X76.611 Y102.389 E.07299
G1 X76.611 Y93.611 E.23059
G1 X79.389 Y93.611 E.07299
G1 X79.389 Y102.329 E.22902
G1 X78.974 Y101.974 F9000
G1 F1236
G1 X77.026 Y101.974 E.05115
G1 X77.026 Y94.026 E.20876
G1 X78.974 Y94.026 E.05115
G1 X78.974 Y101.914 E.20718
G1 X78.558 Y101.558 F9000
G1 F1236
G1 X77.442 Y101.558 E.02932
G1 X77.442 Y94.442 E.18692
G1 X78.558 Y94.442 E.02932
G1 X78.558 Y101.498 E.18534
G1 X78.142 Y101.142 F9000
G1 F1236
G1 X77.858 Y101.142 E.00748
G1 X77.858 Y94.858 E.16508
G1 X78.142 Y94.858 E.00748
G1 X78.142 Y101.082 E.16351
; stop printing object pod_header_usb_coupon.stl id:0 copy 0
;LAYER_CHANGE
;Z:19.92
;HEIGHT:0.16
G92 E0 ; zero the extruded length again
; BEFORE_LAYER_CHANGE 123 @ 19.92mm
G1 E-.7 F2100
;WIPE_START
G1 F2700
G1 X77.858 Y101.142 E-.08729
G1 X77.858 Y100.433 E-.21271
;WIPE_END
; AFTER_LAYER_CHANGE 123 @ 19.92mm
;_SET_FAN_SPEED_CHANGING_LAYER
; printing object pod_header_usb_coupon.stl id:0 copy 0
G1 F9000
G1 X77.664 Y100.925 Z19.9486
G1 X77.1591 Y101.079 Z19.9771
G1 X76.7234 Y100.781 Z20.0057
G1 X76.6847 Y100.255 Z20.0343
G1 X77.0724 Y99.8961 Z20.0629
G1 X77.5944 Y99.9756 Z20.0914
G1 X77.8577 Y100.433 Z20.12
G1 X78 Y102.376 Z20.12
G1 X79.118 Y117.624
G1 X79.376 Y126.376
G1 X79.79 Y126.79
G1 Z19.92
G1 E1 F2100
M204 P1000
;TYPE:Outer wall
;WIDTH:0.42
G1 F1236
G1 X76.21 Y126.79 E.08725
G1 X76.21 Y117.21 E.23348
G1 X79.79 Y117.21 E.08725
G1 X79.79 Y126.73 E.23202
G1 X79.376 Y126.376 F9000
G1 X79.389 Y126.389
M204 P1500
;TYPE:Inner wall
;WIDTH:0.45
G1 F1236
G1 X76.611 Y126.389 E.07299
G1 X76.611 Y117.611 E.23059
G1 X79.389 Y117.611 E.07299
G1 X79.389 Y126.329 E.22902
G1 X78.974 Y125.974 F9000
G1 F1236
G1 X77.026 Y125.974 E.05115
G1 X77.026 Y118.026 E.20876
G1 X78.974 Y118.026 E.05115
G1 X78.974 Y125.914 E.20718
G1 X78.558 Y125.558 F9000
G1 F1236
G1 X77.442 Y125.558 E.02932
G1 X77.442 Y118.442 E.18692
G1 X78.558 Y118.442 E.02932
G1 X78.558 Y125.498 E.18534
G1 X78.142 Y125.142 F9000
G1 F1236
G1 X77.858 Y125.142 E.00748
G1 X77.858 Y118.858 E.16508
G1 X78.142 Y118.858 E.00748
G1 X78.142 Y125.082 E.16351
G1 E-.7 F2100
;WIPE_START
G1 F2700
G1 X77.858 Y125.142 E-.08729
G1 X77.858 Y124.433 E-.21271
;WIPE_END
G1 X78.197 Y120.632 Z20.12 F9000
G1 X78.466 Y117.624 Z20.12
G1 X79.376 Y102.376
G1 X79.79 Y102.79
G1 Z19.92
G1 E1 F2100
M204 P1000
;TYPE:Outer wall
;WIDTH:0.42
G1 F1236
G1 X76.21 Y102.79 E.08725
G1 X76.21 Y93.21 E.23348
G1 X79.79 Y93.21 E.08725
G1 X79.79 Y102.73 E.23202
G1 X79.376 Y102.376 F9000
G1 X79.389 Y102.389
M204 P1500
;TYPE:Inner wall
;WIDTH:0.45
G1 F1236
G1 X76.611 Y102.389 E.07299
G1 X76.611 Y93.611 E.23059
G1 X79.389 Y93.611 E.07299
G1 X79.389 Y102.329 E.22902
G1 X78.974 Y101.974 F9000
G1 F1236
G1 X77.026 Y101.974 E.05115
G1 X77.026 Y94.026 E.20876
G1 X78.974 Y94.026 E.05115
G1 X78.974 Y101.914 E.20718
G1 X78.558 Y101.558 F9000
G1 F1236
G1 X77.442 Y101.558 E.02932
G1 X77.442 Y94.442 E.18692
G1 X78.558 Y94.442 E.02932
G1 X78.558 Y101.498 E.18534
G1 X78.142 Y101.142 F9000
G1 F1236
G1 X77.858 Y101.142 E.00748
G1 X77.858 Y94.858 E.16508
G1 X78.142 Y94.858 E.00748
G1 X78.142 Y101.082 E.16351
; stop printing object pod_header_usb_coupon.stl id:0 copy 0
;LAYER_CHANGE
;Z:20.08
;HEIGHT:0.16
G92 E0 ; zero the extruded length again
; BEFORE_LAYER_CHANGE 124 @ 20.08mm
G1 E-.7 F2100
;WIPE_START
G1 F2700
G1 X77.858 Y101.142 E-.08729
G1 X77.858 Y100.433 E-.21271
;WIPE_END
; AFTER_LAYER_CHANGE 124 @ 20.08mm
;_SET_FAN_SPEED_CHANGING_LAYER
; printing object pod_header_usb_coupon.stl id:0 copy 0
G1 F9000
G1 X77.664 Y100.925 Z20.1086
G1 X77.1591 Y101.079 Z20.1371
G1 X76.7234 Y100.781 Z20.1657
G1 X76.6847 Y100.255 Z20.1943
G1 X77.0724 Y99.8961 Z20.2229
G1 X77.5944 Y99.9756 Z20.2514
G1 X77.8577 Y100.433 Z20.28
G1 X78 Y102.376 Z20.28
G1 X79.118 Y117.624
G1 X79.376 Y126.376
G1 X79.79 Y126.79
G1 Z20.08
G1 E1 F2100
M204 P1000
;TYPE:Outer wall
;WIDTH:0.42
G1 F1236
G1 X76.21 Y126.79 E.08725
G1 X76.21 Y117.21 E.23348
G1 X79.79 Y117.21 E.08725
G1 X79.79 Y126.73 E.23202
G1 X79.376 Y126.376 F9000
G1 X79.389 Y126.389
M204 P1500
;TYPE:Inner wall
;WIDTH:0.45
G1 F1236
G1 X76.611 Y126.389 E.07299
G1 X76.611 Y117.611 E.23059
G1 X79.389 Y117.611 E.07299
G1 X79.389 Y126.329 E.22902
G1 X78.974 Y125.974 F9000
G1 F1236
G1 X77.026 Y125.974 E.05115
G1 X77.026 Y118.026 E.20876
G1 X78.974 Y118.026 E.05115
G1 X78.974 Y125.914 E.20718
G1 X78.558 Y125.558 F9000
G1 F1236
G1 X77.442 Y125.558 E.02932
G1 X77.442 Y118.442 E.18692
G1 X78.558 Y118.442 E.02932
G1 X78.558 Y125.498 E.18534
G1 X78.142 Y125.142 F9000
G1 F1236
G1 X77.858 Y125.142 E.00748
G1 X77.858 Y118.858 E.16508
G1 X78.142 Y118.858 E.00748
G1 X78.142 Y125.082 E.16351
G1 E-.7 F2100
;WIPE_START
G1 F2700
G1 X77.858 Y125.142 E-.08729
G1 X77.858 Y124.433 E-.21271
;WIPE_END
G1 X78.197 Y120.632 Z20.28 F9000
G1 X78.466 Y117.624 Z20.28
G1 X79.376 Y102.376
G1 X79.79 Y102.79
G1 Z20.08
G1 E1 F2100
M204 P1000
;TYPE:Outer wall
;WIDTH:0.42
G1 F1236
G1 X76.21 Y102.79 E.08725
G1 X76.21 Y93.21 E.23348
G1 X79.79 Y93.21 E.08725
G1 X79.79 Y102.73 E.23202
G1 X79.376 Y102.376 F9000
G1 X79.389 Y102.389
M204 P1500
;TYPE:Inner wall
;WIDTH:0.45
G1 F1236
G1 X76.611 Y102.389 E.07299
G1 X76.611 Y93.611 E.23059
G1 X79.389 Y93.611 E.07299
G1 X79.389 Y102.329 E.22902
G1 X78.974 Y101.974 F9000
G1 F1236
G1 X77.026 Y101.974 E.05115
G1 X77.026 Y94.026 E.20876
G1 X78.974 Y94.026 E.05115
G1 X78.974 Y101.914 E.20718
G1 X78.558 Y101.558 F9000
G1 F1236
G1 X77.442 Y101.558 E.02932
G1 X77.442 Y94.442 E.18692
G1 X78.558 Y94.442 E.02932
G1 X78.558 Y101.498 E.18534
G1 X78.142 Y101.142 F9000
G1 F1236
G1 X77.858 Y101.142 E.00748
G1 X77.858 Y94.858 E.16508
G1 X78.142 Y94.858 E.00748
G1 X78.142 Y101.082 E.16351
; stop printing object pod_header_usb_coupon.stl id:0 copy 0
;LAYER_CHANGE
;Z:20.24
;HEIGHT:0.16
G92 E0 ; zero the extruded length again
; BEFORE_LAYER_CHANGE 125 @ 20.24mm
G1 E-.7 F2100
;WIPE_START
G1 F2700
G1 X77.858 Y101.142 E-.08729
G1 X77.858 Y100.433 E-.21271
;WIPE_END
; AFTER_LAYER_CHANGE 125 @ 20.24mm
;_SET_FAN_SPEED_CHANGING_LAYER
; printing object pod_header_usb_coupon.stl id:0 copy 0
G1 F9000
G1 X77.664 Y100.925 Z20.2686
G1 X77.1591 Y101.079 Z20.2971
G1 X76.7234 Y100.781 Z20.3257
G1 X76.6847 Y100.255 Z20.3543
G1 X77.0724 Y99.8961 Z20.3829
G1 X77.5944 Y99.9756 Z20.4114
G1 X77.8577 Y100.433 Z20.44
G1 X78 Y102.376 Z20.44
G1 X79.118 Y117.624
G1 X79.376 Y126.376
G1 X79.79 Y126.79
G1 Z20.24
G1 E1 F2100
M204 P1000
;TYPE:Outer wall
;WIDTH:0.42
G1 F1236
G1 X76.21 Y126.79 E.08725
G1 X76.21 Y117.21 E.23348
G1 X79.79 Y117.21 E.08725
G1 X79.79 Y126.73 E.23202
G1 X79.376 Y126.376 F9000
G1 X79.389 Y126.389
M204 P1500
;TYPE:Inner wall
;WIDTH:0.45
G1 F1236
G1 X76.611 Y126.389 E.07299
G1 X76.611 Y117.611 E.23059
G1 X79.389 Y117.611 E.07299
G1 X79.389 Y126.329 E.22902
G1 X78.974 Y125.974 F9000
G1 F1236
G1 X77.026 Y125.974 E.05115
G1 X77.026 Y118.026 E.20876
G1 X78.974 Y118.026 E.05115
G1 X78.974 Y125.914 E.20718
G1 X78.558 Y125.558 F9000
G1 F1236
G1 X77.442 Y125.558 E.02932
G1 X77.442 Y118.442 E.18692
G1 X78.558 Y118.442 E.02932
G1 X78.558 Y125.498 E.18534
G1 X78.142 Y125.142 F9000
G1 F1236
G1 X77.858 Y125.142 E.00748
G1 X77.858 Y118.858 E.16508
G1 X78.142 Y118.858 E.00748
G1 X78.142 Y125.082 E.16351
G1 E-.7 F2100
;WIPE_START
G1 F2700
G1 X77.858 Y125.142 E-.08729
G1 X77.858 Y124.433 E-.21271
;WIPE_END
G1 X78.197 Y120.632 Z20.44 F9000
G1 X78.466 Y117.624 Z20.44
G1 X79.376 Y102.376
G1 X79.79 Y102.79
G1 Z20.24
G1 E1 F2100
M204 P1000
;TYPE:Outer wall
;WIDTH:0.42
G1 F1236
G1 X76.21 Y102.79 E.08725
G1 X76.21 Y93.21 E.23348
G1 X79.79 Y93.21 E.08725
G1 X79.79 Y102.73 E.23202
G1 X79.376 Y102.376 F9000
G1 X79.389 Y102.389
M204 P1500
;TYPE:Inner wall
;WIDTH:0.45
G1 F1236
G1 X76.611 Y102.389 E.07299
G1 X76.611 Y93.611 E.23059
G1 X79.389 Y93.611 E.07299
G1 X79.389 Y102.329 E.22902
G1 X78.974 Y101.974 F9000
G1 F1236
G1 X77.026 Y101.974 E.05115
G1 X77.026 Y94.026 E.20876
G1 X78.974 Y94.026 E.05115
G1 X78.974 Y101.914 E.20718
G1 X78.558 Y101.558 F9000
G1 F1236
G1 X77.442 Y101.558 E.02932
G1 X77.442 Y94.442 E.18692
G1 X78.558 Y94.442 E.02932
G1 X78.558 Y101.498 E.18534
G1 X78.142 Y101.142 F9000
G1 F1236
G1 X77.858 Y101.142 E.00748
G1 X77.858 Y94.858 E.16508
G1 X78.142 Y94.858 E.00748
G1 X78.142 Y101.082 E.16351
; stop printing object pod_header_usb_coupon.stl id:0 copy 0
;LAYER_CHANGE
;Z:20.4
;HEIGHT:0.16
G92 E0 ; zero the extruded length again
; BEFORE_LAYER_CHANGE 126 @ 20.4mm
G1 E-.7 F2100
;WIPE_START
G1 F2700
G1 X77.858 Y101.142 E-.08729
G1 X77.858 Y100.433 E-.21271
;WIPE_END
; AFTER_LAYER_CHANGE 126 @ 20.4mm
;_SET_FAN_SPEED_CHANGING_LAYER
; printing object pod_header_usb_coupon.stl id:0 copy 0
G1 F9000
G1 X77.664 Y100.925 Z20.4286
G1 X77.1591 Y101.079 Z20.4571
G1 X76.7234 Y100.781 Z20.4857
G1 X76.6847 Y100.255 Z20.5143
G1 X77.0724 Y99.8961 Z20.5429
G1 X77.5944 Y99.9756 Z20.5714
G1 X77.8577 Y100.433 Z20.6
G1 X78 Y102.376 Z20.6
G1 X79.118 Y117.624
G1 X79.376 Y126.376
G1 X79.79 Y126.79
G1 Z20.4
G1 E1 F2100
M204 P1000
;TYPE:Outer wall
;WIDTH:0.42
G1 F1236
G1 X76.21 Y126.79 E.08725
G1 X76.21 Y117.21 E.23348
G1 X79.79 Y117.21 E.08725
G1 X79.79 Y126.73 E.23202
G1 X79.376 Y126.376 F9000
G1 X79.389 Y126.389
M204 P1500
;TYPE:Inner wall
;WIDTH:0.45
G1 F1236
G1 X76.611 Y126.389 E.07299
G1 X76.611 Y117.611 E.23059
G1 X79.389 Y117.611 E.07299
G1 X79.389 Y126.329 E.22902
G1 X78.974 Y125.974 F9000
G1 F1236
G1 X77.026 Y125.974 E.05115
G1 X77.026 Y118.026 E.20876
G1 X78.974 Y118.026 E.05115
G1 X78.974 Y125.914 E.20718
G1 X78.558 Y125.558 F9000
G1 F1236
G1 X77.442 Y125.558 E.02932
G1 X77.442 Y118.442 E.18692
G1 X78.558 Y118.442 E.02932
G1 X78.558 Y125.498 E.18534
G1 X78.142 Y125.142 F9000
G1 F1236
G1 X77.858 Y125.142 E.00748
G1 X77.858 Y118.858 E.16508
G1 X78.142 Y118.858 E.00748
G1 X78.142 Y125.082 E.16351
G1 E-.7 F2100
;WIPE_START
G1 F2700
G1 X77.858 Y125.142 E-.08729
G1 X77.858 Y124.433 E-.21271
;WIPE_END
G1 X78.197 Y120.632 Z20.6 F9000
G1 X78.466 Y117.624 Z20.6
G1 X79.376 Y102.376
G1 X79.79 Y102.79
G1 Z20.4
G1 E1 F2100
M204 P1000
;TYPE:Outer wall
;WIDTH:0.42
G1 F1236
G1 X76.21 Y102.79 E.08725
G1 X76.21 Y93.21 E.23348
G1 X79.79 Y93.21 E.08725
G1 X79.79 Y102.73 E.23202
G1 X79.376 Y102.376 F9000
G1 X79.389 Y102.389
M204 P1500
;TYPE:Inner wall
;WIDTH:0.45
G1 F1236
G1 X76.611 Y102.389 E.07299
G1 X76.611 Y93.611 E.23059
G1 X79.389 Y93.611 E.07299
G1 X79.389 Y102.329 E.22902
G1 X78.974 Y101.974 F9000
G1 F1236
G1 X77.026 Y101.974 E.05115
G1 X77.026 Y94.026 E.20876
G1 X78.974 Y94.026 E.05115
G1 X78.974 Y101.914 E.20718
G1 X78.558 Y101.558 F9000
G1 F1236
G1 X77.442 Y101.558 E.02932
G1 X77.442 Y94.442 E.18692
G1 X78.558 Y94.442 E.02932
G1 X78.558 Y101.498 E.18534
G1 X78.142 Y101.142 F9000
G1 F1236
G1 X77.858 Y101.142 E.00748
G1 X77.858 Y94.858 E.16508
G1 X78.142 Y94.858 E.00748
G1 X78.142 Y101.082 E.16351
; stop printing object pod_header_usb_coupon.stl id:0 copy 0
;LAYER_CHANGE
;Z:20.56
;HEIGHT:0.16
G92 E0 ; zero the extruded length again
; BEFORE_LAYER_CHANGE 127 @ 20.56mm
G1 E-.7 F2100
;WIPE_START
G1 F2700
G1 X77.858 Y101.142 E-.08729
G1 X77.858 Y100.433 E-.21271
;WIPE_END
; AFTER_LAYER_CHANGE 127 @ 20.56mm
;_SET_FAN_SPEED_CHANGING_LAYER
; printing object pod_header_usb_coupon.stl id:0 copy 0
G1 F9000
G1 X77.664 Y100.925 Z20.5886
G1 X77.1591 Y101.079 Z20.6171
G1 X76.7234 Y100.781 Z20.6457
G1 X76.6847 Y100.255 Z20.6743
G1 X77.0724 Y99.8961 Z20.7029
G1 X77.5944 Y99.9756 Z20.7314
G1 X77.8577 Y100.433 Z20.76
G1 X78 Y102.376 Z20.76
G1 X79.118 Y117.624
G1 X79.376 Y126.376
G1 X79.79 Y126.79
G1 Z20.56
G1 E1 F2100
M204 P1000
;TYPE:Outer wall
;WIDTH:0.42
G1 F1236
G1 X76.21 Y126.79 E.08725
G1 X76.21 Y117.21 E.23348
G1 X79.79 Y117.21 E.08725
G1 X79.79 Y126.73 E.23202
G1 X79.376 Y126.376 F9000
G1 X79.389 Y126.389
M204 P1500
;TYPE:Inner wall
;WIDTH:0.45
G1 F1236
G1 X76.611 Y126.389 E.07299
G1 X76.611 Y117.611 E.23059
G1 X79.389 Y117.611 E.07299
G1 X79.389 Y126.329 E.22902
G1 X78.974 Y125.974 F9000
G1 F1236
G1 X77.026 Y125.974 E.05115
G1 X77.026 Y118.026 E.20876
G1 X78.974 Y118.026 E.05115
G1 X78.974 Y125.914 E.20718
G1 X78.558 Y125.558 F9000
G1 F1236
G1 X77.442 Y125.558 E.02932
G1 X77.442 Y118.442 E.18692
G1 X78.558 Y118.442 E.02932
G1 X78.558 Y125.498 E.18534
G1 X78.142 Y125.142 F9000
G1 F1236
G1 X77.858 Y125.142 E.00748
G1 X77.858 Y118.858 E.16508
G1 X78.142 Y118.858 E.00748
G1 X78.142 Y125.082 E.16351
G1 E-.7 F2100
;WIPE_START
G1 F2700
G1 X77.858 Y125.142 E-.08729
G1 X77.858 Y124.433 E-.21271
;WIPE_END
G1 X78.197 Y120.632 Z20.76 F9000
G1 X78.466 Y117.624 Z20.76
G1 X79.376 Y102.376
G1 X79.79 Y102.79
G1 Z20.56
G1 E1 F2100
M204 P1000
;TYPE:Outer wall
;WIDTH:0.42
G1 F1236
G1 X76.21 Y102.79 E.08725
G1 X76.21 Y93.21 E.23348
G1 X79.79 Y93.21 E.08725
G1 X79.79 Y102.73 E.23202
G1 X79.376 Y102.376 F9000
G1 X79.389 Y102.389
M204 P1500
;TYPE:Inner wall
;WIDTH:0.45
G1 F1236
G1 X76.611 Y102.389 E.07299
G1 X76.611 Y93.611 E.23059
G1 X79.389 Y93.611 E.07299
G1 X79.389 Y102.329 E.22902
G1 X78.974 Y101.974 F9000
G1 F1236
G1 X77.026 Y101.974 E.05115
G1 X77.026 Y94.026 E.20876
G1 X78.974 Y94.026 E.05115
G1 X78.974 Y101.914 E.20718
G1 X78.558 Y101.558 F9000
G1 F1236
G1 X77.442 Y101.558 E.02932
G1 X77.442 Y94.442 E.18692
G1 X78.558 Y94.442 E.02932
G1 X78.558 Y101.498 E.18534
G1 X78.142 Y101.142 F9000
G1 F1236
G1 X77.858 Y101.142 E.00748
G1 X77.858 Y94.858 E.16508
G1 X78.142 Y94.858 E.00748
G1 X78.142 Y101.082 E.16351
; stop printing object pod_header_usb_coupon.stl id:0 copy 0
;LAYER_CHANGE
;Z:20.72
;HEIGHT:0.16
G92 E0 ; zero the extruded length again
; BEFORE_LAYER_CHANGE 128 @ 20.72mm
G1 E-.7 F2100
;WIPE_START
G1 F2700
G1 X77.858 Y101.142 E-.08729
G1 X77.858 Y100.433 E-.21271
;WIPE_END
; AFTER_LAYER_CHANGE 128 @ 20.72mm
;_SET_FAN_SPEED_CHANGING_LAYER
; printing object pod_header_usb_coupon.stl id:0 copy 0
G1 F9000
G1 X77.664 Y100.925 Z20.7486
G1 X77.1591 Y101.079 Z20.7771
G1 X76.7234 Y100.781 Z20.8057
G1 X76.6847 Y100.255 Z20.8343
G1 X77.0724 Y99.8961 Z20.8629
G1 X77.5944 Y99.9756 Z20.8914
G1 X77.8577 Y100.433 Z20.92
G1 X78 Y102.376 Z20.92
G1 X79.118 Y117.624
G1 X79.376 Y126.376
G1 X79.79 Y126.79
G1 Z20.72
G1 E1 F2100
M204 P1000
;TYPE:Outer wall
;WIDTH:0.42
G1 F1236
G1 X76.21 Y126.79 E.08725
G1 X76.21 Y117.21 E.23348
G1 X79.79 Y117.21 E.08725
G1 X79.79 Y126.73 E.23202
G1 X79.376 Y126.376 F9000
G1 X79.389 Y126.389
M204 P1500
;TYPE:Inner wall
;WIDTH:0.45
G1 F1236
G1 X76.611 Y126.389 E.07299
G1 X76.611 Y117.611 E.23059
G1 X79.389 Y117.611 E.07299
G1 X79.389 Y126.329 E.22902
G1 X78.974 Y125.974 F9000
G1 F1236
G1 X77.026 Y125.974 E.05115
G1 X77.026 Y118.026 E.20876
G1 X78.974 Y118.026 E.05115
G1 X78.974 Y125.914 E.20718
G1 X78.558 Y125.558 F9000
G1 F1236
G1 X77.442 Y125.558 E.02932
G1 X77.442 Y118.442 E.18692
G1 X78.558 Y118.442 E.02932
G1 X78.558 Y125.498 E.18534
G1 X78.142 Y125.142 F9000
G1 F1236
G1 X77.858 Y125.142 E.00748
G1 X77.858 Y118.858 E.16508
G1 X78.142 Y118.858 E.00748
G1 X78.142 Y125.082 E.16351
G1 E-.7 F2100
;WIPE_START
G1 F2700
G1 X77.858 Y125.142 E-.08729
G1 X77.858 Y124.433 E-.21271
;WIPE_END
G1 X78.197 Y120.632 Z20.92 F9000
G1 X78.466 Y117.624 Z20.92
G1 X79.376 Y102.376
G1 X79.79 Y102.79
G1 Z20.72
G1 E1 F2100
M204 P1000
;TYPE:Outer wall
;WIDTH:0.42
G1 F1236
G1 X76.21 Y102.79 E.08725
G1 X76.21 Y93.21 E.23348
G1 X79.79 Y93.21 E.08725
G1 X79.79 Y102.73 E.23202
G1 X79.376 Y102.376 F9000
G1 X79.389 Y102.389
M204 P1500
;TYPE:Inner wall
;WIDTH:0.45
G1 F1236
G1 X76.611 Y102.389 E.07299
G1 X76.611 Y93.611 E.23059
G1 X79.389 Y93.611 E.07299
G1 X79.389 Y102.329 E.22902
G1 X78.974 Y101.974 F9000
G1 F1236
G1 X77.026 Y101.974 E.05115
G1 X77.026 Y94.026 E.20876
G1 X78.974 Y94.026 E.05115
G1 X78.974 Y101.914 E.20718
G1 X78.558 Y101.558 F9000
G1 F1236
G1 X77.442 Y101.558 E.02932
G1 X77.442 Y94.442 E.18692
G1 X78.558 Y94.442 E.02932
G1 X78.558 Y101.498 E.18534
G1 X78.142 Y101.142 F9000
G1 F1236
G1 X77.858 Y101.142 E.00748
G1 X77.858 Y94.858 E.16508
G1 X78.142 Y94.858 E.00748
G1 X78.142 Y101.082 E.16351
; stop printing object pod_header_usb_coupon.stl id:0 copy 0
;LAYER_CHANGE
;Z:20.88
;HEIGHT:0.16
G92 E0 ; zero the extruded length again
; BEFORE_LAYER_CHANGE 129 @ 20.88mm
G1 E-.7 F2100
;WIPE_START
G1 F2700
G1 X77.858 Y101.142 E-.08729
G1 X77.858 Y100.433 E-.21271
;WIPE_END
; AFTER_LAYER_CHANGE 129 @ 20.88mm
;_SET_FAN_SPEED_CHANGING_LAYER
; printing object pod_header_usb_coupon.stl id:0 copy 0
G1 F9000
G1 X77.664 Y100.925 Z20.9086
G1 X77.1591 Y101.079 Z20.9371
G1 X76.7234 Y100.781 Z20.9657
G1 X76.6847 Y100.255 Z20.9943
G1 X77.0724 Y99.8961 Z21.0229
G1 X77.5944 Y99.9756 Z21.0514
G1 X77.8577 Y100.433 Z21.08
G1 X78 Y102.376 Z21.08
G1 X79.118 Y117.624
G1 X79.376 Y126.376
G1 X79.79 Y126.79
G1 Z20.88
G1 E1 F2100
M204 P1000
;TYPE:Outer wall
;WIDTH:0.42
G1 F1236
G1 X76.21 Y126.79 E.08725
G1 X76.21 Y117.21 E.23348
G1 X79.79 Y117.21 E.08725
G1 X79.79 Y126.73 E.23202
G1 X79.376 Y126.376 F9000
G1 X79.389 Y126.389
M204 P1500
;TYPE:Inner wall
;WIDTH:0.45
G1 F1236
G1 X76.611 Y126.389 E.07299
G1 X76.611 Y117.611 E.23059
G1 X79.389 Y117.611 E.07299
G1 X79.389 Y126.329 E.22902
G1 X78.974 Y125.974 F9000
G1 F1236
G1 X77.026 Y125.974 E.05115
G1 X77.026 Y118.026 E.20876
G1 X78.974 Y118.026 E.05115
G1 X78.974 Y125.914 E.20718
G1 X78.558 Y125.558 F9000
G1 F1236
G1 X77.442 Y125.558 E.02932
G1 X77.442 Y118.442 E.18692
G1 X78.558 Y118.442 E.02932
G1 X78.558 Y125.498 E.18534
G1 X78.142 Y125.142 F9000
G1 F1236
G1 X77.858 Y125.142 E.00748
G1 X77.858 Y118.858 E.16508
G1 X78.142 Y118.858 E.00748
G1 X78.142 Y125.082 E.16351
G1 E-.7 F2100
;WIPE_START
G1 F2700
G1 X77.858 Y125.142 E-.08729
G1 X77.858 Y124.433 E-.21271
;WIPE_END
G1 X78.197 Y120.632 Z21.08 F9000
G1 X78.466 Y117.624 Z21.08
G1 X79.376 Y102.376
G1 X79.79 Y102.79
G1 Z20.88
G1 E1 F2100
M204 P1000
;TYPE:Outer wall
;WIDTH:0.42
G1 F1236
G1 X76.21 Y102.79 E.08725
G1 X76.21 Y93.21 E.23348
G1 X79.79 Y93.21 E.08725
G1 X79.79 Y102.73 E.23202
G1 X79.376 Y102.376 F9000
G1 X79.389 Y102.389
M204 P1500
;TYPE:Inner wall
;WIDTH:0.45
G1 F1236
G1 X76.611 Y102.389 E.07299
G1 X76.611 Y93.611 E.23059
G1 X79.389 Y93.611 E.07299
G1 X79.389 Y102.329 E.22902
G1 X78.974 Y101.974 F9000
G1 F1236
G1 X77.026 Y101.974 E.05115
G1 X77.026 Y94.026 E.20876
G1 X78.974 Y94.026 E.05115
G1 X78.974 Y101.914 E.20718
G1 X78.558 Y101.558 F9000
G1 F1236
G1 X77.442 Y101.558 E.02932
G1 X77.442 Y94.442 E.18692
G1 X78.558 Y94.442 E.02932
G1 X78.558 Y101.498 E.18534
G1 X78.142 Y101.142 F9000
G1 F1236
G1 X77.858 Y101.142 E.00748
G1 X77.858 Y94.858 E.16508
G1 X78.142 Y94.858 E.00748
G1 X78.142 Y101.082 E.16351
; stop printing object pod_header_usb_coupon.stl id:0 copy 0
;LAYER_CHANGE
;Z:21.04
;HEIGHT:0.160002
G92 E0 ; zero the extruded length again
; BEFORE_LAYER_CHANGE 130 @ 21.04mm
G1 E-.7 F2100
;WIPE_START
G1 F2700
G1 X77.858 Y101.142 E-.08729
G1 X77.858 Y100.433 E-.21271
;WIPE_END
; AFTER_LAYER_CHANGE 130 @ 21.04mm
;_SET_FAN_SPEED_CHANGING_LAYER
; printing object pod_header_usb_coupon.stl id:0 copy 0
G1 F9000
G1 X77.664 Y100.925 Z21.0686
G1 X77.1591 Y101.079 Z21.0971
G1 X76.7234 Y100.781 Z21.1257
G1 X76.6847 Y100.255 Z21.1543
G1 X77.0724 Y99.8961 Z21.1829
G1 X77.5944 Y99.9756 Z21.2114
G1 X77.8577 Y100.433 Z21.24
G1 X78 Y102.376 Z21.24
G1 X79.118 Y117.624
G1 X79.376 Y126.376
G1 X79.79 Y126.79
G1 Z21.04
G1 E1 F2100
M204 P1000
;TYPE:Outer wall
;WIDTH:0.42
G1 F1236
G1 X76.21 Y126.79 E.08725
G1 X76.21 Y117.21 E.23348
G1 X79.79 Y117.21 E.08725
G1 X79.79 Y126.73 E.23202
G1 X79.376 Y126.376 F9000
G1 X79.389 Y126.389
M204 P1500
;TYPE:Inner wall
;WIDTH:0.45
G1 F1236
G1 X76.611 Y126.389 E.07299
G1 X76.611 Y117.611 E.23059
G1 X79.389 Y117.611 E.07299
G1 X79.389 Y126.329 E.22902
G1 X78.974 Y125.974 F9000
G1 F1236
G1 X77.026 Y125.974 E.05115
G1 X77.026 Y118.026 E.20876
G1 X78.974 Y118.026 E.05115
G1 X78.974 Y125.914 E.20718
G1 X78.558 Y125.558 F9000
G1 F1236
G1 X77.442 Y125.558 E.02932
G1 X77.442 Y118.442 E.18692
G1 X78.558 Y118.442 E.02932
G1 X78.558 Y125.498 E.18534
G1 X78.142 Y125.142 F9000
G1 F1236
G1 X77.858 Y125.142 E.00748
G1 X77.858 Y118.858 E.16508
G1 X78.142 Y118.858 E.00748
G1 X78.142 Y125.082 E.16351
G1 E-.7 F2100
;WIPE_START
G1 F2700
G1 X77.858 Y125.142 E-.08729
G1 X77.858 Y124.433 E-.21271
;WIPE_END
G1 X78.197 Y120.632 Z21.24 F9000
G1 X78.466 Y117.624 Z21.24
G1 X79.376 Y102.376
G1 X79.79 Y102.79
G1 Z21.04
G1 E1 F2100
M204 P1000
;TYPE:Outer wall
;WIDTH:0.42
G1 F1236
G1 X76.21 Y102.79 E.08725
G1 X76.21 Y93.21 E.23348
G1 X79.79 Y93.21 E.08725
G1 X79.79 Y102.73 E.23202
G1 X79.376 Y102.376 F9000
G1 X79.389 Y102.389
M204 P1500
;TYPE:Inner wall
;WIDTH:0.45
G1 F1236
G1 X76.611 Y102.389 E.07299
G1 X76.611 Y93.611 E.23059
G1 X79.389 Y93.611 E.07299
G1 X79.389 Y102.329 E.22902
G1 X78.974 Y101.974 F9000
G1 F1236
G1 X77.026 Y101.974 E.05115
G1 X77.026 Y94.026 E.20876
G1 X78.974 Y94.026 E.05115
G1 X78.974 Y101.914 E.20718
G1 X78.558 Y101.558 F9000
G1 F1236
G1 X77.442 Y101.558 E.02932
G1 X77.442 Y94.442 E.18692
G1 X78.558 Y94.442 E.02932
G1 X78.558 Y101.498 E.18534
G1 X78.142 Y101.142 F9000
G1 F1236
G1 X77.858 Y101.142 E.00748
G1 X77.858 Y94.858 E.16508
G1 X78.142 Y94.858 E.00748
G1 X78.142 Y101.082 E.16351
; stop printing object pod_header_usb_coupon.stl id:0 copy 0
;LAYER_CHANGE
;Z:21.2
;HEIGHT:0.16
G92 E0 ; zero the extruded length again
; BEFORE_LAYER_CHANGE 131 @ 21.2mm
G1 E-.7 F2100
;WIPE_START
G1 F2700
G1 X77.858 Y101.142 E-.08729
G1 X77.858 Y100.433 E-.21271
;WIPE_END
; AFTER_LAYER_CHANGE 131 @ 21.2mm
;_SET_FAN_SPEED_CHANGING_LAYER
; printing object pod_header_usb_coupon.stl id:0 copy 0
G1 F9000
G1 X77.664 Y100.925 Z21.2286
G1 X77.1591 Y101.079 Z21.2571
G1 X76.7234 Y100.781 Z21.2857
G1 X76.6847 Y100.255 Z21.3143
G1 X77.0724 Y99.8961 Z21.3429
G1 X77.5944 Y99.9756 Z21.3714
G1 X77.8577 Y100.433 Z21.4
G1 X78 Y102.376 Z21.4
G1 X79.118 Y117.624
G1 X79.376 Y126.376
G1 X79.79 Y126.79
G1 Z21.2
G1 E1 F2100
M204 P1000
;TYPE:Outer wall
;WIDTH:0.42
G1 F1236
G1 X76.21 Y126.79 E.08725
G1 X76.21 Y117.21 E.23348
G1 X79.79 Y117.21 E.08725
G1 X79.79 Y126.73 E.23202
G1 X79.376 Y126.376 F9000
G1 X79.389 Y126.389
M204 P1500
;TYPE:Inner wall
;WIDTH:0.45
G1 F1236
G1 X76.611 Y126.389 E.07299
G1 X76.611 Y117.611 E.23059
G1 X79.389 Y117.611 E.07299
G1 X79.389 Y126.329 E.22902
G1 X78.974 Y125.974 F9000
G1 F1236
G1 X77.026 Y125.974 E.05115
G1 X77.026 Y118.026 E.20876
G1 X78.974 Y118.026 E.05115
G1 X78.974 Y125.914 E.20718
G1 X78.558 Y125.558 F9000
G1 F1236
G1 X77.442 Y125.558 E.02932
G1 X77.442 Y118.442 E.18692
G1 X78.558 Y118.442 E.02932
G1 X78.558 Y125.498 E.18534
G1 X78.142 Y125.142 F9000
G1 F1236
G1 X77.858 Y125.142 E.00748
G1 X77.858 Y118.858 E.16508
G1 X78.142 Y118.858 E.00748
G1 X78.142 Y125.082 E.16351
G1 E-.7 F2100
;WIPE_START
G1 F2700
G1 X77.858 Y125.142 E-.08729
G1 X77.858 Y124.433 E-.21271
;WIPE_END
G1 X78.197 Y120.632 Z21.4 F9000
G1 X78.466 Y117.624 Z21.4
G1 X79.376 Y102.376
G1 X79.79 Y102.79
G1 Z21.2
G1 E1 F2100
M204 P1000
;TYPE:Outer wall
;WIDTH:0.42
G1 F1236
G1 X76.21 Y102.79 E.08725
G1 X76.21 Y93.21 E.23348
G1 X79.79 Y93.21 E.08725
G1 X79.79 Y102.73 E.23202
G1 X79.376 Y102.376 F9000
G1 X79.389 Y102.389
M204 P1500
;TYPE:Inner wall
;WIDTH:0.45
G1 F1236
G1 X76.611 Y102.389 E.07299
G1 X76.611 Y93.611 E.23059
G1 X79.389 Y93.611 E.07299
G1 X79.389 Y102.329 E.22902
G1 X78.974 Y101.974 F9000
G1 F1236
G1 X77.026 Y101.974 E.05115
G1 X77.026 Y94.026 E.20876
G1 X78.974 Y94.026 E.05115
G1 X78.974 Y101.914 E.20718
G1 X78.558 Y101.558 F9000
G1 F1236
G1 X77.442 Y101.558 E.02932
G1 X77.442 Y94.442 E.18692
G1 X78.558 Y94.442 E.02932
G1 X78.558 Y101.498 E.18534
G1 X78.142 Y101.142 F9000
G1 F1236
G1 X77.858 Y101.142 E.00748
G1 X77.858 Y94.858 E.16508
G1 X78.142 Y94.858 E.00748
G1 X78.142 Y101.082 E.16351
; stop printing object pod_header_usb_coupon.stl id:0 copy 0
;LAYER_CHANGE
;Z:21.36
;HEIGHT:0.16
G92 E0 ; zero the extruded length again
; BEFORE_LAYER_CHANGE 132 @ 21.36mm
G1 E-.7 F2100
;WIPE_START
G1 F2700
G1 X77.858 Y101.142 E-.08729
G1 X77.858 Y100.433 E-.21271
;WIPE_END
; AFTER_LAYER_CHANGE 132 @ 21.36mm
;_SET_FAN_SPEED_CHANGING_LAYER
; printing object pod_header_usb_coupon.stl id:0 copy 0
G1 F9000
G1 X77.664 Y100.925 Z21.3886
G1 X77.1591 Y101.079 Z21.4171
G1 X76.7234 Y100.781 Z21.4457
G1 X76.6847 Y100.255 Z21.4743
G1 X77.0724 Y99.8961 Z21.5029
G1 X77.5944 Y99.9756 Z21.5314
G1 X77.8577 Y100.433 Z21.56
G1 X78 Y102.376 Z21.56
G1 X79.118 Y117.624
G1 X79.376 Y126.376
G1 X79.79 Y126.79
G1 Z21.36
G1 E1 F2100
M204 P1000
;TYPE:Outer wall
;WIDTH:0.42
G1 F1236
G1 X76.21 Y126.79 E.08725
G1 X76.21 Y117.21 E.23348
G1 X79.79 Y117.21 E.08725
G1 X79.79 Y126.73 E.23202
G1 X79.376 Y126.376 F9000
G1 X79.389 Y126.389
M204 P1500
;TYPE:Inner wall
;WIDTH:0.45
G1 F1236
G1 X76.611 Y126.389 E.07299
G1 X76.611 Y117.611 E.23059
G1 X79.389 Y117.611 E.07299
G1 X79.389 Y126.329 E.22902
G1 X78.974 Y125.974 F9000
G1 F1236
G1 X77.026 Y125.974 E.05115
G1 X77.026 Y118.026 E.20876
G1 X78.974 Y118.026 E.05115
G1 X78.974 Y125.914 E.20718
G1 X78.558 Y125.558 F9000
G1 F1236
G1 X77.442 Y125.558 E.02932
G1 X77.442 Y118.442 E.18692
G1 X78.558 Y118.442 E.02932
G1 X78.558 Y125.498 E.18534
G1 X78.142 Y125.142 F9000
G1 F1236
G1 X77.858 Y125.142 E.00748
G1 X77.858 Y118.858 E.16508
G1 X78.142 Y118.858 E.00748
G1 X78.142 Y125.082 E.16351
G1 E-.7 F2100
;WIPE_START
G1 F2700
G1 X77.858 Y125.142 E-.08729
G1 X77.858 Y124.433 E-.21271
;WIPE_END
G1 X78.197 Y120.632 Z21.56 F9000
G1 X78.466 Y117.624 Z21.56
G1 X79.376 Y102.376
G1 X79.79 Y102.79
G1 Z21.36
G1 E1 F2100
M204 P1000
;TYPE:Outer wall
;WIDTH:0.42
G1 F1236
G1 X76.21 Y102.79 E.08725
G1 X76.21 Y93.21 E.23348
G1 X79.79 Y93.21 E.08725
G1 X79.79 Y102.73 E.23202
G1 X79.376 Y102.376 F9000
G1 X79.389 Y102.389
M204 P1500
;TYPE:Inner wall
;WIDTH:0.45
G1 F1236
G1 X76.611 Y102.389 E.07299
G1 X76.611 Y93.611 E.23059
G1 X79.389 Y93.611 E.07299
G1 X79.389 Y102.329 E.22902
G1 X78.974 Y101.974 F9000
G1 F1236
G1 X77.026 Y101.974 E.05115
G1 X77.026 Y94.026 E.20876
G1 X78.974 Y94.026 E.05115
G1 X78.974 Y101.914 E.20718
G1 X78.558 Y101.558 F9000
G1 F1236
G1 X77.442 Y101.558 E.02932
G1 X77.442 Y94.442 E.18692
G1 X78.558 Y94.442 E.02932
G1 X78.558 Y101.498 E.18534
G1 X78.142 Y101.142 F9000
G1 F1236
G1 X77.858 Y101.142 E.00748
G1 X77.858 Y94.858 E.16508
G1 X78.142 Y94.858 E.00748
G1 X78.142 Y101.082 E.16351
; stop printing object pod_header_usb_coupon.stl id:0 copy 0
;LAYER_CHANGE
;Z:21.52
;HEIGHT:0.16
G92 E0 ; zero the extruded length again
; BEFORE_LAYER_CHANGE 133 @ 21.52mm
G1 E-.7 F2100
;WIPE_START
G1 F2700
G1 X77.858 Y101.142 E-.08729
G1 X77.858 Y100.433 E-.21271
;WIPE_END
; AFTER_LAYER_CHANGE 133 @ 21.52mm
;_SET_FAN_SPEED_CHANGING_LAYER
; printing object pod_header_usb_coupon.stl id:0 copy 0
G1 F9000
G1 X77.664 Y100.925 Z21.5486
G1 X77.1591 Y101.079 Z21.5771
G1 X76.7234 Y100.781 Z21.6057
G1 X76.6847 Y100.255 Z21.6343
G1 X77.0724 Y99.8961 Z21.6629
G1 X77.5944 Y99.9756 Z21.6914
G1 X77.8577 Y100.433 Z21.72
G1 X78 Y102.376 Z21.72
G1 X79.118 Y117.624
G1 X79.376 Y126.376
G1 X79.79 Y126.79
G1 Z21.52
G1 E1 F2100
M204 P1000
;TYPE:Outer wall
;WIDTH:0.42
G1 F1236
G1 X76.21 Y126.79 E.08725
G1 X76.21 Y117.21 E.23348
G1 X79.79 Y117.21 E.08725
G1 X79.79 Y126.73 E.23202
G1 X79.376 Y126.376 F9000
G1 X79.389 Y126.389
M204 P1500
;TYPE:Inner wall
;WIDTH:0.45
G1 F1236
G1 X76.611 Y126.389 E.07299
G1 X76.611 Y117.611 E.23059
G1 X79.389 Y117.611 E.07299
G1 X79.389 Y126.329 E.22902
G1 X78.974 Y125.974 F9000
G1 F1236
G1 X77.026 Y125.974 E.05115
G1 X77.026 Y118.026 E.20876
G1 X78.974 Y118.026 E.05115
G1 X78.974 Y125.914 E.20718
G1 X78.558 Y125.558 F9000
G1 F1236
G1 X77.442 Y125.558 E.02932
G1 X77.442 Y118.442 E.18692
G1 X78.558 Y118.442 E.02932
G1 X78.558 Y125.498 E.18534
G1 X78.142 Y125.142 F9000
G1 F1236
G1 X77.858 Y125.142 E.00748
G1 X77.858 Y118.858 E.16508
G1 X78.142 Y118.858 E.00748
G1 X78.142 Y125.082 E.16351
G1 E-.7 F2100
;WIPE_START
G1 F2700
G1 X77.858 Y125.142 E-.08729
G1 X77.858 Y124.433 E-.21271
;WIPE_END
G1 X78.197 Y120.632 Z21.72 F9000
G1 X78.466 Y117.624 Z21.72
G1 X79.376 Y102.376
G1 X79.79 Y102.79
G1 Z21.52
G1 E1 F2100
M204 P1000
;TYPE:Outer wall
;WIDTH:0.42
G1 F1236
G1 X76.21 Y102.79 E.08725
G1 X76.21 Y93.21 E.23348
G1 X79.79 Y93.21 E.08725
G1 X79.79 Y102.73 E.23202
G1 X79.376 Y102.376 F9000
G1 X79.389 Y102.389
M204 P1500
;TYPE:Inner wall
;WIDTH:0.45
G1 F1236
G1 X76.611 Y102.389 E.07299
G1 X76.611 Y93.611 E.23059
G1 X79.389 Y93.611 E.07299
G1 X79.389 Y102.329 E.22902
G1 X78.974 Y101.974 F9000
G1 F1236
G1 X77.026 Y101.974 E.05115
G1 X77.026 Y94.026 E.20876
G1 X78.974 Y94.026 E.05115
G1 X78.974 Y101.914 E.20718
G1 X78.558 Y101.558 F9000
G1 F1236
G1 X77.442 Y101.558 E.02932
G1 X77.442 Y94.442 E.18692
G1 X78.558 Y94.442 E.02932
G1 X78.558 Y101.498 E.18534
G1 X78.142 Y101.142 F9000
G1 F1236
G1 X77.858 Y101.142 E.00748
G1 X77.858 Y94.858 E.16508
G1 X78.142 Y94.858 E.00748
G1 X78.142 Y101.082 E.16351
; stop printing object pod_header_usb_coupon.stl id:0 copy 0
;LAYER_CHANGE
;Z:21.68
;HEIGHT:0.16
G92 E0 ; zero the extruded length again
; BEFORE_LAYER_CHANGE 134 @ 21.68mm
G1 E-.7 F2100
;WIPE_START
G1 F2700
G1 X77.858 Y101.142 E-.08729
G1 X77.858 Y100.433 E-.21271
;WIPE_END
; AFTER_LAYER_CHANGE 134 @ 21.68mm
;_SET_FAN_SPEED_CHANGING_LAYER
; printing object pod_header_usb_coupon.stl id:0 copy 0
G1 F9000
G1 X77.664 Y100.925 Z21.7086
G1 X77.1591 Y101.079 Z21.7371
G1 X76.7234 Y100.781 Z21.7657
G1 X76.6847 Y100.255 Z21.7943
G1 X77.0724 Y99.8961 Z21.8229
G1 X77.5944 Y99.9756 Z21.8514
G1 X77.8577 Y100.433 Z21.88
G1 X78 Y102.376 Z21.88
G1 X79.118 Y117.624
G1 X79.376 Y126.376
G1 X79.79 Y126.79
G1 Z21.68
G1 E1 F2100
M204 P1000
;TYPE:Outer wall
;WIDTH:0.42
G1 F1236
G1 X76.21 Y126.79 E.08725
G1 X76.21 Y117.21 E.23348
G1 X79.79 Y117.21 E.08725
G1 X79.79 Y126.73 E.23202
G1 X79.376 Y126.376 F9000
G1 X79.389 Y126.389
M204 P1500
;TYPE:Inner wall
;WIDTH:0.45
G1 F1236
G1 X76.611 Y126.389 E.07299
G1 X76.611 Y117.611 E.23059
G1 X79.389 Y117.611 E.07299
G1 X79.389 Y126.329 E.22902
G1 X78.974 Y125.974 F9000
G1 F1236
G1 X77.026 Y125.974 E.05115
G1 X77.026 Y118.026 E.20876
G1 X78.974 Y118.026 E.05115
G1 X78.974 Y125.914 E.20718
G1 X78.558 Y125.558 F9000
G1 F1236
G1 X77.442 Y125.558 E.02932
G1 X77.442 Y118.442 E.18692
G1 X78.558 Y118.442 E.02932
G1 X78.558 Y125.498 E.18534
G1 X78.142 Y125.142 F9000
G1 F1236
G1 X77.858 Y125.142 E.00748
G1 X77.858 Y118.858 E.16508
G1 X78.142 Y118.858 E.00748
G1 X78.142 Y125.082 E.16351
G1 E-.7 F2100
;WIPE_START
G1 F2700
G1 X77.858 Y125.142 E-.08729
G1 X77.858 Y124.433 E-.21271
;WIPE_END
G1 X78.197 Y120.632 Z21.88 F9000
G1 X78.466 Y117.624 Z21.88
G1 X79.376 Y102.376
G1 X79.79 Y102.79
G1 Z21.68
G1 E1 F2100
M204 P1000
;TYPE:Outer wall
;WIDTH:0.42
G1 F1236
G1 X76.21 Y102.79 E.08725
G1 X76.21 Y93.21 E.23348
G1 X79.79 Y93.21 E.08725
G1 X79.79 Y102.73 E.23202
G1 X79.376 Y102.376 F9000
G1 X79.389 Y102.389
M204 P1500
;TYPE:Inner wall
;WIDTH:0.45
G1 F1236
G1 X76.611 Y102.389 E.07299
G1 X76.611 Y93.611 E.23059
G1 X79.389 Y93.611 E.07299
G1 X79.389 Y102.329 E.22902
G1 X78.974 Y101.974 F9000
G1 F1236
G1 X77.026 Y101.974 E.05115
G1 X77.026 Y94.026 E.20876
G1 X78.974 Y94.026 E.05115
G1 X78.974 Y101.914 E.20718
G1 X78.558 Y101.558 F9000
G1 F1236
G1 X77.442 Y101.558 E.02932
G1 X77.442 Y94.442 E.18692
G1 X78.558 Y94.442 E.02932
G1 X78.558 Y101.498 E.18534
G1 X78.142 Y101.142 F9000
G1 F1236
G1 X77.858 Y101.142 E.00748
G1 X77.858 Y94.858 E.16508
G1 X78.142 Y94.858 E.00748
G1 X78.142 Y101.082 E.16351
; stop printing object pod_header_usb_coupon.stl id:0 copy 0
;LAYER_CHANGE
;Z:21.84
;HEIGHT:0.16
G92 E0 ; zero the extruded length again
; BEFORE_LAYER_CHANGE 135 @ 21.84mm
G1 E-.7 F2100
;WIPE_START
G1 F2700
G1 X77.858 Y101.142 E-.08729
G1 X77.858 Y100.433 E-.21271
;WIPE_END
; AFTER_LAYER_CHANGE 135 @ 21.84mm
;_SET_FAN_SPEED_CHANGING_LAYER
; printing object pod_header_usb_coupon.stl id:0 copy 0
G1 F9000
G1 X77.664 Y100.925 Z21.8686
G1 X77.1591 Y101.079 Z21.8971
G1 X76.7234 Y100.781 Z21.9257
G1 X76.6847 Y100.255 Z21.9543
G1 X77.0724 Y99.8961 Z21.9829
G1 X77.5944 Y99.9756 Z22.0114
G1 X77.8577 Y100.433 Z22.04
G1 X78 Y102.376 Z22.04
G1 X79.118 Y117.624
G1 X79.376 Y126.376
G1 X79.79 Y126.79
G1 Z21.84
G1 E1 F2100
M204 P1000
;TYPE:Outer wall
;WIDTH:0.42
G1 F1236
G1 X76.21 Y126.79 E.08725
G1 X76.21 Y117.21 E.23348
G1 X79.79 Y117.21 E.08725
G1 X79.79 Y126.73 E.23202
G1 X79.376 Y126.376 F9000
G1 X79.389 Y126.389
M204 P1500
;TYPE:Inner wall
;WIDTH:0.45
G1 F1236
G1 X76.611 Y126.389 E.07299
G1 X76.611 Y117.611 E.23059
G1 X79.389 Y117.611 E.07299
G1 X79.389 Y126.329 E.22902
G1 X78.974 Y125.974 F9000
G1 F1236
G1 X77.026 Y125.974 E.05115
G1 X77.026 Y118.026 E.20876
G1 X78.974 Y118.026 E.05115
G1 X78.974 Y125.914 E.20718
G1 X78.558 Y125.558 F9000
G1 F1236
G1 X77.442 Y125.558 E.02932
G1 X77.442 Y118.442 E.18692
G1 X78.558 Y118.442 E.02932
G1 X78.558 Y125.498 E.18534
G1 X78.142 Y125.142 F9000
G1 F1236
G1 X77.858 Y125.142 E.00748
G1 X77.858 Y118.858 E.16508
G1 X78.142 Y118.858 E.00748
G1 X78.142 Y125.082 E.16351
G1 E-.7 F2100
;WIPE_START
G1 F2700
G1 X77.858 Y125.142 E-.08729
G1 X77.858 Y124.433 E-.21271
;WIPE_END
G1 X78.197 Y120.632 Z22.04 F9000
G1 X78.466 Y117.624 Z22.04
G1 X79.376 Y102.376
G1 X79.79 Y102.79
G1 Z21.84
G1 E1 F2100
M204 P1000
;TYPE:Outer wall
;WIDTH:0.42
G1 F1236
G1 X76.21 Y102.79 E.08725
G1 X76.21 Y93.21 E.23348
G1 X79.79 Y93.21 E.08725
G1 X79.79 Y102.73 E.23202
G1 X79.376 Y102.376 F9000
G1 X79.389 Y102.389
M204 P1500
;TYPE:Inner wall
;WIDTH:0.45
G1 F1236
G1 X76.611 Y102.389 E.07299
G1 X76.611 Y93.611 E.23059
G1 X79.389 Y93.611 E.07299
G1 X79.389 Y102.329 E.22902
G1 X78.974 Y101.974 F9000
G1 F1236
G1 X77.026 Y101.974 E.05115
G1 X77.026 Y94.026 E.20876
G1 X78.974 Y94.026 E.05115
G1 X78.974 Y101.914 E.20718
G1 X78.558 Y101.558 F9000
G1 F1236
G1 X77.442 Y101.558 E.02932
G1 X77.442 Y94.442 E.18692
G1 X78.558 Y94.442 E.02932
G1 X78.558 Y101.498 E.18534
G1 X78.142 Y101.142 F9000
G1 F1236
G1 X77.858 Y101.142 E.00748
G1 X77.858 Y94.858 E.16508
G1 X78.142 Y94.858 E.00748
G1 X78.142 Y101.082 E.16351
; stop printing object pod_header_usb_coupon.stl id:0 copy 0
;LAYER_CHANGE
;Z:22
;HEIGHT:0.16
G92 E0 ; zero the extruded length again
; BEFORE_LAYER_CHANGE 136 @ 22mm
G1 E-.7 F2100
;WIPE_START
G1 F2700
G1 X77.858 Y101.142 E-.08729
G1 X77.858 Y100.433 E-.21271
;WIPE_END
; AFTER_LAYER_CHANGE 136 @ 22mm
;_SET_FAN_SPEED_CHANGING_LAYER
; printing object pod_header_usb_coupon.stl id:0 copy 0
G1 F9000
G1 X77.664 Y100.925 Z22.0286
G1 X77.1591 Y101.079 Z22.0571
G1 X76.7234 Y100.781 Z22.0857
G1 X76.6847 Y100.255 Z22.1143
G1 X77.0724 Y99.8961 Z22.1429
G1 X77.5944 Y99.9756 Z22.1714
G1 X77.8577 Y100.433 Z22.2
G1 X78 Y102.376 Z22.2
G1 X79.118 Y117.624
G1 X79.376 Y126.376
G1 X79.79 Y126.79
G1 Z22
G1 E1 F2100
M204 P1000
;TYPE:Outer wall
;WIDTH:0.42
G1 F1236
G1 X76.21 Y126.79 E.08725
G1 X76.21 Y117.21 E.23348
G1 X79.79 Y117.21 E.08725
G1 X79.79 Y126.73 E.23202
G1 X79.376 Y126.376 F9000
G1 X79.389 Y126.389
M204 P1500
;TYPE:Inner wall
;WIDTH:0.45
G1 F1236
G1 X76.611 Y126.389 E.07299
G1 X76.611 Y117.611 E.23059
G1 X79.389 Y117.611 E.07299
G1 X79.389 Y126.329 E.22902
G1 X78.974 Y125.974 F9000
G1 F1236
G1 X77.026 Y125.974 E.05115
G1 X77.026 Y118.026 E.20876
G1 X78.974 Y118.026 E.05115
G1 X78.974 Y125.914 E.20718
G1 X78.558 Y125.558 F9000
G1 F1236
G1 X77.442 Y125.558 E.02932
G1 X77.442 Y118.442 E.18692
G1 X78.558 Y118.442 E.02932
G1 X78.558 Y125.498 E.18534
G1 X78.142 Y125.142 F9000
G1 F1236
G1 X77.858 Y125.142 E.00748
G1 X77.858 Y118.858 E.16508
G1 X78.142 Y118.858 E.00748
G1 X78.142 Y125.082 E.16351
G1 E-.7 F2100
;WIPE_START
G1 F2700
G1 X77.858 Y125.142 E-.08729
G1 X77.858 Y124.433 E-.21271
;WIPE_END
G1 X78.197 Y120.632 Z22.2 F9000
G1 X78.466 Y117.624 Z22.2
G1 X79.376 Y102.376
G1 X79.79 Y102.79
G1 Z22
G1 E1 F2100
M204 P1000
;TYPE:Outer wall
;WIDTH:0.42
G1 F1236
G1 X76.21 Y102.79 E.08725
G1 X76.21 Y93.21 E.23348
G1 X79.79 Y93.21 E.08725
G1 X79.79 Y102.73 E.23202
G1 X79.376 Y102.376 F9000
G1 X79.389 Y102.389
M204 P1500
;TYPE:Inner wall
;WIDTH:0.45
G1 F1236
G1 X76.611 Y102.389 E.07299
G1 X76.611 Y93.611 E.23059
G1 X79.389 Y93.611 E.07299
G1 X79.389 Y102.329 E.22902
G1 X78.974 Y101.974 F9000
G1 F1236
G1 X77.026 Y101.974 E.05115
G1 X77.026 Y94.026 E.20876
G1 X78.974 Y94.026 E.05115
G1 X78.974 Y101.914 E.20718
G1 X78.558 Y101.558 F9000
G1 F1236
G1 X77.442 Y101.558 E.02932
G1 X77.442 Y94.442 E.18692
G1 X78.558 Y94.442 E.02932
G1 X78.558 Y101.498 E.18534
G1 X78.142 Y101.142 F9000
G1 F1236
G1 X77.858 Y101.142 E.00748
G1 X77.858 Y94.858 E.16508
G1 X78.142 Y94.858 E.00748
G1 X78.142 Y101.082 E.16351
; stop printing object pod_header_usb_coupon.stl id:0 copy 0
;LAYER_CHANGE
;Z:22.16
;HEIGHT:0.16
G92 E0 ; zero the extruded length again
; BEFORE_LAYER_CHANGE 137 @ 22.16mm
G1 E-.7 F2100
;WIPE_START
G1 F2700
G1 X77.858 Y101.142 E-.08729
G1 X77.858 Y100.433 E-.21271
;WIPE_END
; AFTER_LAYER_CHANGE 137 @ 22.16mm
;_SET_FAN_SPEED_CHANGING_LAYER
; printing object pod_header_usb_coupon.stl id:0 copy 0
G1 F9000
G1 X77.664 Y100.925 Z22.1886
G1 X77.1591 Y101.079 Z22.2171
G1 X76.7234 Y100.781 Z22.2457
G1 X76.6847 Y100.255 Z22.2743
G1 X77.0724 Y99.8961 Z22.3029
G1 X77.5944 Y99.9756 Z22.3314
G1 X77.8577 Y100.433 Z22.36
G1 X78 Y102.376 Z22.36
G1 X79.118 Y117.624
G1 X79.376 Y126.376
G1 X79.79 Y126.79
G1 Z22.16
G1 E1 F2100
M204 P1000
;TYPE:Outer wall
;WIDTH:0.42
G1 F1236
G1 X76.21 Y126.79 E.08725
G1 X76.21 Y117.21 E.23348
G1 X79.79 Y117.21 E.08725
G1 X79.79 Y126.73 E.23202
G1 X79.376 Y126.376 F9000
G1 X79.389 Y126.389
M204 P1500
;TYPE:Inner wall
;WIDTH:0.45
G1 F1236
G1 X76.611 Y126.389 E.07299
G1 X76.611 Y117.611 E.23059
G1 X79.389 Y117.611 E.07299
G1 X79.389 Y126.329 E.22902
G1 X78.974 Y125.974 F9000
G1 F1236
G1 X77.026 Y125.974 E.05115
G1 X77.026 Y118.026 E.20876
G1 X78.974 Y118.026 E.05115
G1 X78.974 Y125.914 E.20718
G1 X78.558 Y125.558 F9000
G1 F1236
G1 X77.442 Y125.558 E.02932
G1 X77.442 Y118.442 E.18692
G1 X78.558 Y118.442 E.02932
G1 X78.558 Y125.498 E.18534
G1 X78.142 Y125.142 F9000
G1 F1236
G1 X77.858 Y125.142 E.00748
G1 X77.858 Y118.858 E.16508
G1 X78.142 Y118.858 E.00748
G1 X78.142 Y125.082 E.16351
G1 E-.7 F2100
;WIPE_START
G1 F2700
G1 X77.858 Y125.142 E-.08729
G1 X77.858 Y124.433 E-.21271
;WIPE_END
G1 X78.197 Y120.632 Z22.36 F9000
G1 X78.466 Y117.624 Z22.36
G1 X79.376 Y102.376
G1 X79.79 Y102.79
G1 Z22.16
G1 E1 F2100
M204 P1000
;TYPE:Outer wall
;WIDTH:0.42
G1 F1236
G1 X76.21 Y102.79 E.08725
G1 X76.21 Y93.21 E.23348
G1 X79.79 Y93.21 E.08725
G1 X79.79 Y102.73 E.23202
G1 X79.376 Y102.376 F9000
G1 X79.389 Y102.389
M204 P1500
;TYPE:Inner wall
;WIDTH:0.45
G1 F1236
G1 X76.611 Y102.389 E.07299
G1 X76.611 Y93.611 E.23059
G1 X79.389 Y93.611 E.07299
G1 X79.389 Y102.329 E.22902
G1 X78.974 Y101.974 F9000
G1 F1236
G1 X77.026 Y101.974 E.05115
G1 X77.026 Y94.026 E.20876
G1 X78.974 Y94.026 E.05115
G1 X78.974 Y101.914 E.20718
G1 X78.558 Y101.558 F9000
G1 F1236
G1 X77.442 Y101.558 E.02932
G1 X77.442 Y94.442 E.18692
G1 X78.558 Y94.442 E.02932
G1 X78.558 Y101.498 E.18534
G1 X78.142 Y101.142 F9000
G1 F1236
G1 X77.858 Y101.142 E.00748
G1 X77.858 Y94.858 E.16508
G1 X78.142 Y94.858 E.00748
G1 X78.142 Y101.082 E.16351
; stop printing object pod_header_usb_coupon.stl id:0 copy 0
;LAYER_CHANGE
;Z:22.32
;HEIGHT:0.16
G92 E0 ; zero the extruded length again
; BEFORE_LAYER_CHANGE 138 @ 22.32mm
G1 E-.7 F2100
;WIPE_START
G1 F2700
G1 X77.858 Y101.142 E-.08729
G1 X77.858 Y100.433 E-.21271
;WIPE_END
; AFTER_LAYER_CHANGE 138 @ 22.32mm
;_SET_FAN_SPEED_CHANGING_LAYER
; printing object pod_header_usb_coupon.stl id:0 copy 0
G1 F9000
G1 X77.664 Y100.925 Z22.3486
G1 X77.1591 Y101.079 Z22.3771
G1 X76.7234 Y100.781 Z22.4057
G1 X76.6847 Y100.255 Z22.4343
G1 X77.0724 Y99.8961 Z22.4629
G1 X77.5944 Y99.9756 Z22.4914
G1 X77.8577 Y100.433 Z22.52
G1 X78 Y102.376 Z22.52
G1 X79.118 Y117.624
G1 X79.376 Y126.376
G1 X79.79 Y126.79
G1 Z22.32
G1 E1 F2100
M204 P1000
;TYPE:Outer wall
;WIDTH:0.42
G1 F1236
G1 X76.21 Y126.79 E.08725
G1 X76.21 Y117.21 E.23348
G1 X79.79 Y117.21 E.08725
G1 X79.79 Y126.73 E.23202
G1 X79.376 Y126.376 F9000
G1 X79.389 Y126.389
M204 P1500
;TYPE:Inner wall
;WIDTH:0.45
G1 F1236
G1 X76.611 Y126.389 E.07299
G1 X76.611 Y117.611 E.23059
G1 X79.389 Y117.611 E.07299
G1 X79.389 Y126.329 E.22902
G1 X78.974 Y125.974 F9000
G1 F1236
G1 X77.026 Y125.974 E.05115
G1 X77.026 Y118.026 E.20876
G1 X78.974 Y118.026 E.05115
G1 X78.974 Y125.914 E.20718
G1 X78.558 Y125.558 F9000
G1 F1236
G1 X77.442 Y125.558 E.02932
G1 X77.442 Y118.442 E.18692
G1 X78.558 Y118.442 E.02932
G1 X78.558 Y125.498 E.18534
G1 X78.142 Y125.142 F9000
G1 F1236
G1 X77.858 Y125.142 E.00748
G1 X77.858 Y118.858 E.16508
G1 X78.142 Y118.858 E.00748
G1 X78.142 Y125.082 E.16351
G1 E-.7 F2100
;WIPE_START
G1 F2700
G1 X77.858 Y125.142 E-.08729
G1 X77.858 Y124.433 E-.21271
;WIPE_END
G1 X78.197 Y120.632 Z22.52 F9000
G1 X78.466 Y117.624 Z22.52
G1 X79.376 Y102.376
G1 X79.79 Y102.79
G1 Z22.32
G1 E1 F2100
M204 P1000
;TYPE:Outer wall
;WIDTH:0.42
G1 F1236
G1 X76.21 Y102.79 E.08725
G1 X76.21 Y93.21 E.23348
G1 X79.79 Y93.21 E.08725
G1 X79.79 Y102.73 E.23202
G1 X79.376 Y102.376 F9000
G1 X79.389 Y102.389
M204 P1500
;TYPE:Inner wall
;WIDTH:0.45
G1 F1236
G1 X76.611 Y102.389 E.07299
G1 X76.611 Y93.611 E.23059
G1 X79.389 Y93.611 E.07299
G1 X79.389 Y102.329 E.22902
G1 X78.974 Y101.974 F9000
G1 F1236
G1 X77.026 Y101.974 E.05115
G1 X77.026 Y94.026 E.20876
G1 X78.974 Y94.026 E.05115
G1 X78.974 Y101.914 E.20718
G1 X78.558 Y101.558 F9000
G1 F1236
G1 X77.442 Y101.558 E.02932
G1 X77.442 Y94.442 E.18692
G1 X78.558 Y94.442 E.02932
G1 X78.558 Y101.498 E.18534
G1 X78.142 Y101.142 F9000
G1 F1236
G1 X77.858 Y101.142 E.00748
G1 X77.858 Y94.858 E.16508
G1 X78.142 Y94.858 E.00748
G1 X78.142 Y101.082 E.16351
; stop printing object pod_header_usb_coupon.stl id:0 copy 0
;LAYER_CHANGE
;Z:22.48
;HEIGHT:0.16
G92 E0 ; zero the extruded length again
; BEFORE_LAYER_CHANGE 139 @ 22.48mm
G1 E-.7 F2100
;WIPE_START
G1 F2700
G1 X77.858 Y101.142 E-.08729
G1 X77.858 Y100.433 E-.21271
;WIPE_END
; AFTER_LAYER_CHANGE 139 @ 22.48mm
;_SET_FAN_SPEED_CHANGING_LAYER
; printing object pod_header_usb_coupon.stl id:0 copy 0
G1 F9000
G1 X77.664 Y100.925 Z22.5086
G1 X77.1591 Y101.079 Z22.5371
G1 X76.7234 Y100.781 Z22.5657
G1 X76.6847 Y100.255 Z22.5943
G1 X77.0724 Y99.8961 Z22.6229
G1 X77.5944 Y99.9756 Z22.6514
G1 X77.8577 Y100.433 Z22.68
G1 X78 Y102.376 Z22.68
G1 X79.118 Y117.624
G1 X79.376 Y126.376
G1 X79.79 Y126.79
G1 Z22.48
G1 E1 F2100
M204 P1000
;TYPE:Outer wall
;WIDTH:0.42
G1 F1236
G1 X76.21 Y126.79 E.08725
G1 X76.21 Y117.21 E.23348
G1 X79.79 Y117.21 E.08725
G1 X79.79 Y126.73 E.23202
G1 X79.376 Y126.376 F9000
G1 X79.389 Y126.389
M204 P1500
;TYPE:Inner wall
;WIDTH:0.45
G1 F1236
G1 X76.611 Y126.389 E.07299
G1 X76.611 Y117.611 E.23059
G1 X79.389 Y117.611 E.07299
G1 X79.389 Y126.329 E.22902
G1 X78.974 Y125.974 F9000
G1 F1236
G1 X77.026 Y125.974 E.05115
G1 X77.026 Y118.026 E.20876
G1 X78.974 Y118.026 E.05115
G1 X78.974 Y125.914 E.20718
G1 X78.558 Y125.558 F9000
G1 F1236
G1 X77.442 Y125.558 E.02932
G1 X77.442 Y118.442 E.18692
G1 X78.558 Y118.442 E.02932
G1 X78.558 Y125.498 E.18534
G1 X78.142 Y125.142 F9000
G1 F1236
G1 X77.858 Y125.142 E.00748
G1 X77.858 Y118.858 E.16508
G1 X78.142 Y118.858 E.00748
G1 X78.142 Y125.082 E.16351
G1 E-.7 F2100
;WIPE_START
G1 F2700
G1 X77.858 Y125.142 E-.08729
G1 X77.858 Y124.433 E-.21271
;WIPE_END
G1 X78.197 Y120.632 Z22.68 F9000
G1 X78.466 Y117.624 Z22.68
G1 X79.376 Y102.376
G1 X79.79 Y102.79
G1 Z22.48
G1 E1 F2100
M204 P1000
;TYPE:Outer wall
;WIDTH:0.42
G1 F1236
G1 X76.21 Y102.79 E.08725
G1 X76.21 Y93.21 E.23348
G1 X79.79 Y93.21 E.08725
G1 X79.79 Y102.73 E.23202
G1 X79.376 Y102.376 F9000
G1 X79.389 Y102.389
M204 P1500
;TYPE:Inner wall
;WIDTH:0.45
G1 F1236
G1 X76.611 Y102.389 E.07299
G1 X76.611 Y93.611 E.23059
G1 X79.389 Y93.611 E.07299
G1 X79.389 Y102.329 E.22902
G1 X78.974 Y101.974 F9000
G1 F1236
G1 X77.026 Y101.974 E.05115
G1 X77.026 Y94.026 E.20876
G1 X78.974 Y94.026 E.05115
G1 X78.974 Y101.914 E.20718
G1 X78.558 Y101.558 F9000
G1 F1236
G1 X77.442 Y101.558 E.02932
G1 X77.442 Y94.442 E.18692
G1 X78.558 Y94.442 E.02932
G1 X78.558 Y101.498 E.18534
G1 X78.142 Y101.142 F9000
G1 F1236
G1 X77.858 Y101.142 E.00748
G1 X77.858 Y94.858 E.16508
G1 X78.142 Y94.858 E.00748
G1 X78.142 Y101.082 E.16351
; stop printing object pod_header_usb_coupon.stl id:0 copy 0
;LAYER_CHANGE
;Z:22.64
;HEIGHT:0.16
G92 E0 ; zero the extruded length again
; BEFORE_LAYER_CHANGE 140 @ 22.64mm
G1 E-.7 F2100
;WIPE_START
G1 F2700
G1 X77.858 Y101.142 E-.08729
G1 X77.858 Y100.433 E-.21271
;WIPE_END
; AFTER_LAYER_CHANGE 140 @ 22.64mm
;_SET_FAN_SPEED_CHANGING_LAYER
; printing object pod_header_usb_coupon.stl id:0 copy 0
G1 F9000
G1 X77.664 Y100.925 Z22.6686
G1 X77.1591 Y101.079 Z22.6971
G1 X76.7234 Y100.781 Z22.7257
G1 X76.6847 Y100.255 Z22.7543
G1 X77.0724 Y99.8961 Z22.7829
G1 X77.5944 Y99.9756 Z22.8114
G1 X77.8577 Y100.433 Z22.84
G1 X78 Y102.376 Z22.84
G1 X79.118 Y117.624
G1 X79.376 Y126.376
G1 X79.79 Y126.79
G1 Z22.64
G1 E1 F2100
M204 P1000
;TYPE:Outer wall
;WIDTH:0.42
G1 F1236
G1 X76.21 Y126.79 E.08725
G1 X76.21 Y117.21 E.23348
G1 X79.79 Y117.21 E.08725
G1 X79.79 Y126.73 E.23202
G1 X79.376 Y126.376 F9000
G1 X79.389 Y126.389
M204 P1500
;TYPE:Inner wall
;WIDTH:0.45
G1 F1236
G1 X76.611 Y126.389 E.07299
G1 X76.611 Y117.611 E.23059
G1 X79.389 Y117.611 E.07299
G1 X79.389 Y126.329 E.22902
G1 X78.974 Y125.974 F9000
G1 F1236
G1 X77.026 Y125.974 E.05115
G1 X77.026 Y118.026 E.20876
G1 X78.974 Y118.026 E.05115
G1 X78.974 Y125.914 E.20718
G1 X78.558 Y125.558 F9000
G1 F1236
G1 X77.442 Y125.558 E.02932
G1 X77.442 Y118.442 E.18692
G1 X78.558 Y118.442 E.02932
G1 X78.558 Y125.498 E.18534
G1 X78.142 Y125.142 F9000
G1 F1236
G1 X77.858 Y125.142 E.00748
G1 X77.858 Y118.858 E.16508
G1 X78.142 Y118.858 E.00748
G1 X78.142 Y125.082 E.16351
G1 E-.7 F2100
;WIPE_START
G1 F2700
G1 X77.858 Y125.142 E-.08729
G1 X77.858 Y124.433 E-.21271
;WIPE_END
G1 X78.197 Y120.632 Z22.84 F9000
G1 X78.466 Y117.624 Z22.84
G1 X79.376 Y102.376
G1 X79.79 Y102.79
G1 Z22.64
G1 E1 F2100
M204 P1000
;TYPE:Outer wall
;WIDTH:0.42
G1 F1236
G1 X76.21 Y102.79 E.08725
G1 X76.21 Y93.21 E.23348
G1 X79.79 Y93.21 E.08725
G1 X79.79 Y102.73 E.23202
G1 X79.376 Y102.376 F9000
G1 X79.389 Y102.389
M204 P1500
;TYPE:Inner wall
;WIDTH:0.45
G1 F1236
G1 X76.611 Y102.389 E.07299
G1 X76.611 Y93.611 E.23059
G1 X79.389 Y93.611 E.07299
G1 X79.389 Y102.329 E.22902
G1 X78.974 Y101.974 F9000
G1 F1236
G1 X77.026 Y101.974 E.05115
G1 X77.026 Y94.026 E.20876
G1 X78.974 Y94.026 E.05115
G1 X78.974 Y101.914 E.20718
G1 X78.558 Y101.558 F9000
G1 F1236
G1 X77.442 Y101.558 E.02932
G1 X77.442 Y94.442 E.18692
G1 X78.558 Y94.442 E.02932
G1 X78.558 Y101.498 E.18534
G1 X78.142 Y101.142 F9000
G1 F1236
G1 X77.858 Y101.142 E.00748
G1 X77.858 Y94.858 E.16508
G1 X78.142 Y94.858 E.00748
G1 X78.142 Y101.082 E.16351
; stop printing object pod_header_usb_coupon.stl id:0 copy 0
;LAYER_CHANGE
;Z:22.8
;HEIGHT:0.16
G92 E0 ; zero the extruded length again
; BEFORE_LAYER_CHANGE 141 @ 22.8mm
G1 E-.7 F2100
;WIPE_START
G1 F2700
G1 X77.858 Y101.142 E-.08729
G1 X77.858 Y100.433 E-.21271
;WIPE_END
; AFTER_LAYER_CHANGE 141 @ 22.8mm
;_SET_FAN_SPEED_CHANGING_LAYER
; printing object pod_header_usb_coupon.stl id:0 copy 0
G1 F9000
G1 X77.664 Y100.925 Z22.8286
G1 X77.1591 Y101.079 Z22.8571
G1 X76.7234 Y100.781 Z22.8857
G1 X76.6847 Y100.255 Z22.9143
G1 X77.0724 Y99.8961 Z22.9429
G1 X77.5944 Y99.9756 Z22.9714
G1 X77.8577 Y100.433 Z23
G1 X78 Y102.376 Z23
G1 X79.118 Y117.624
G1 X79.376 Y126.376
G1 X79.79 Y126.79
G1 Z22.8
G1 E1 F2100
M204 P1000
;TYPE:Outer wall
;WIDTH:0.42
G1 F1236
G1 X76.21 Y126.79 E.08725
G1 X76.21 Y117.21 E.23348
G1 X79.79 Y117.21 E.08725
G1 X79.79 Y126.73 E.23202
G1 X79.376 Y126.376 F9000
G1 X79.389 Y126.389
M204 P1500
;TYPE:Inner wall
;WIDTH:0.45
G1 F1236
G1 X76.611 Y126.389 E.07299
G1 X76.611 Y117.611 E.23059
G1 X79.389 Y117.611 E.07299
G1 X79.389 Y126.329 E.22902
G1 X78.974 Y125.974 F9000
G1 F1236
G1 X77.026 Y125.974 E.05115
G1 X77.026 Y118.026 E.20876
G1 X78.974 Y118.026 E.05115
G1 X78.974 Y125.914 E.20718
G1 X78.558 Y125.558 F9000
G1 F1236
G1 X77.442 Y125.558 E.02932
G1 X77.442 Y118.442 E.18692
G1 X78.558 Y118.442 E.02932
G1 X78.558 Y125.498 E.18534
G1 X78.142 Y125.142 F9000
G1 F1236
G1 X77.858 Y125.142 E.00748
G1 X77.858 Y118.858 E.16508
G1 X78.142 Y118.858 E.00748
G1 X78.142 Y125.082 E.16351
G1 E-.7 F2100
;WIPE_START
G1 F2700
G1 X77.858 Y125.142 E-.08729
G1 X77.858 Y124.433 E-.21271
;WIPE_END
G1 X78.197 Y120.632 Z23 F9000
G1 X78.466 Y117.624 Z23
G1 X79.376 Y102.376
G1 X79.79 Y102.79
G1 Z22.8
G1 E1 F2100
M204 P1000
;TYPE:Outer wall
;WIDTH:0.42
G1 F1236
G1 X76.21 Y102.79 E.08725
G1 X76.21 Y93.21 E.23348
G1 X79.79 Y93.21 E.08725
G1 X79.79 Y102.73 E.23202
G1 X79.376 Y102.376 F9000
G1 X79.389 Y102.389
M204 P1500
;TYPE:Inner wall
;WIDTH:0.45
G1 F1236
G1 X76.611 Y102.389 E.07299
G1 X76.611 Y93.611 E.23059
G1 X79.389 Y93.611 E.07299
G1 X79.389 Y102.329 E.22902
G1 X78.974 Y101.974 F9000
G1 F1236
G1 X77.026 Y101.974 E.05115
G1 X77.026 Y94.026 E.20876
G1 X78.974 Y94.026 E.05115
G1 X78.974 Y101.914 E.20718
G1 X78.558 Y101.558 F9000
G1 F1236
G1 X77.442 Y101.558 E.02932
G1 X77.442 Y94.442 E.18692
G1 X78.558 Y94.442 E.02932
G1 X78.558 Y101.498 E.18534
G1 X78.142 Y101.142 F9000
G1 F1236
G1 X77.858 Y101.142 E.00748
G1 X77.858 Y94.858 E.16508
G1 X78.142 Y94.858 E.00748
G1 X78.142 Y101.082 E.16351
; stop printing object pod_header_usb_coupon.stl id:0 copy 0
;LAYER_CHANGE
;Z:22.96
;HEIGHT:0.16
G92 E0 ; zero the extruded length again
; BEFORE_LAYER_CHANGE 142 @ 22.96mm
G1 E-.7 F2100
;WIPE_START
G1 F2700
G1 X77.858 Y101.142 E-.08729
G1 X77.858 Y100.433 E-.21271
;WIPE_END
; AFTER_LAYER_CHANGE 142 @ 22.96mm
;_SET_FAN_SPEED_CHANGING_LAYER
; printing object pod_header_usb_coupon.stl id:0 copy 0
G1 F9000
G1 X77.664 Y100.925 Z22.9886
G1 X77.1591 Y101.079 Z23.0171
G1 X76.7234 Y100.781 Z23.0457
G1 X76.6847 Y100.255 Z23.0743
G1 X77.0724 Y99.8961 Z23.1029
G1 X77.5944 Y99.9756 Z23.1314
G1 X77.8577 Y100.433 Z23.16
G1 X78 Y102.376 Z23.16
G1 X79.118 Y117.624
G1 X79.376 Y126.376
G1 X79.79 Y126.79
G1 Z22.96
G1 E1 F2100
M204 P1000
;TYPE:Outer wall
;WIDTH:0.42
G1 F1236
G1 X76.21 Y126.79 E.08725
G1 X76.21 Y117.21 E.23348
G1 X79.79 Y117.21 E.08725
G1 X79.79 Y126.73 E.23202
G1 X79.376 Y126.376 F9000
G1 X79.389 Y126.389
M204 P1500
;TYPE:Inner wall
;WIDTH:0.45
G1 F1236
G1 X76.611 Y126.389 E.07299
G1 X76.611 Y117.611 E.23059
G1 X79.389 Y117.611 E.07299
G1 X79.389 Y126.329 E.22902
G1 X78.974 Y125.974 F9000
G1 F1236
G1 X77.026 Y125.974 E.05115
G1 X77.026 Y118.026 E.20876
G1 X78.974 Y118.026 E.05115
G1 X78.974 Y125.914 E.20718
G1 X78.558 Y125.558 F9000
G1 F1236
G1 X77.442 Y125.558 E.02932
G1 X77.442 Y118.442 E.18692
G1 X78.558 Y118.442 E.02932
G1 X78.558 Y125.498 E.18534
G1 X78.142 Y125.142 F9000
G1 F1236
G1 X77.858 Y125.142 E.00748
G1 X77.858 Y118.858 E.16508
G1 X78.142 Y118.858 E.00748
G1 X78.142 Y125.082 E.16351
G1 E-.7 F2100
;WIPE_START
G1 F2700
G1 X77.858 Y125.142 E-.08729
G1 X77.858 Y124.433 E-.21271
;WIPE_END
G1 X78.197 Y120.632 Z23.16 F9000
G1 X78.466 Y117.624 Z23.16
G1 X79.376 Y102.376
G1 X79.79 Y102.79
G1 Z22.96
G1 E1 F2100
M204 P1000
;TYPE:Outer wall
;WIDTH:0.42
G1 F1236
G1 X76.21 Y102.79 E.08725
G1 X76.21 Y93.21 E.23348
G1 X79.79 Y93.21 E.08725
G1 X79.79 Y102.73 E.23202
G1 X79.376 Y102.376 F9000
G1 X79.389 Y102.389
M204 P1500
;TYPE:Inner wall
;WIDTH:0.45
G1 F1236
G1 X76.611 Y102.389 E.07299
G1 X76.611 Y93.611 E.23059
G1 X79.389 Y93.611 E.07299
G1 X79.389 Y102.329 E.22902
G1 X78.974 Y101.974 F9000
G1 F1236
G1 X77.026 Y101.974 E.05115
G1 X77.026 Y94.026 E.20876
G1 X78.974 Y94.026 E.05115
G1 X78.974 Y101.914 E.20718
G1 X78.558 Y101.558 F9000
G1 F1236
G1 X77.442 Y101.558 E.02932
G1 X77.442 Y94.442 E.18692
G1 X78.558 Y94.442 E.02932
G1 X78.558 Y101.498 E.18534
G1 X78.142 Y101.142 F9000
G1 F1236
G1 X77.858 Y101.142 E.00748
G1 X77.858 Y94.858 E.16508
G1 X78.142 Y94.858 E.00748
G1 X78.142 Y101.082 E.16351
; stop printing object pod_header_usb_coupon.stl id:0 copy 0
;LAYER_CHANGE
;Z:23.12
;HEIGHT:0.160002
G92 E0 ; zero the extruded length again
; BEFORE_LAYER_CHANGE 143 @ 23.12mm
G1 E-.7 F2100
;WIPE_START
G1 F2700
G1 X77.858 Y101.142 E-.08729
G1 X77.858 Y100.433 E-.21271
;WIPE_END
; AFTER_LAYER_CHANGE 143 @ 23.12mm
;_SET_FAN_SPEED_CHANGING_LAYER
; printing object pod_header_usb_coupon.stl id:0 copy 0
G1 F9000
G1 X77.664 Y100.925 Z23.1486
G1 X77.1591 Y101.079 Z23.1771
G1 X76.7234 Y100.781 Z23.2057
G1 X76.6847 Y100.255 Z23.2343
G1 X77.0724 Y99.8961 Z23.2629
G1 X77.5944 Y99.9756 Z23.2914
G1 X77.8577 Y100.433 Z23.32
G1 X78 Y102.376 Z23.32
G1 X79.118 Y117.624
G1 X79.376 Y126.376
G1 X79.79 Y126.79
G1 Z23.12
G1 E1 F2100
M204 P1000
;TYPE:Outer wall
;WIDTH:0.42
G1 F1236
G1 X76.21 Y126.79 E.08725
G1 X76.21 Y117.21 E.23348
G1 X79.79 Y117.21 E.08725
G1 X79.79 Y126.73 E.23202
G1 X79.376 Y126.376 F9000
G1 X79.389 Y126.389
M204 P1500
;TYPE:Inner wall
;WIDTH:0.45
G1 F1236
G1 X76.611 Y126.389 E.07299
G1 X76.611 Y117.611 E.23059
G1 X79.389 Y117.611 E.07299
G1 X79.389 Y126.329 E.22902
G1 X78.974 Y125.974 F9000
G1 F1236
G1 X77.026 Y125.974 E.05115
G1 X77.026 Y118.026 E.20876
G1 X78.974 Y118.026 E.05115
G1 X78.974 Y125.914 E.20718
G1 X78.558 Y125.558 F9000
G1 F1236
G1 X77.442 Y125.558 E.02932
G1 X77.442 Y118.442 E.18692
G1 X78.558 Y118.442 E.02932
G1 X78.558 Y125.498 E.18534
G1 X78.142 Y125.142 F9000
G1 F1236
G1 X77.858 Y125.142 E.00748
G1 X77.858 Y118.858 E.16508
G1 X78.142 Y118.858 E.00748
G1 X78.142 Y125.082 E.16351
G1 E-.7 F2100
;WIPE_START
G1 F2700
G1 X77.858 Y125.142 E-.08729
G1 X77.858 Y124.433 E-.21271
;WIPE_END
G1 X78.197 Y120.632 Z23.32 F9000
G1 X78.466 Y117.624 Z23.32
G1 X79.376 Y102.376
G1 X79.79 Y102.79
G1 Z23.12
G1 E1 F2100
M204 P1000
;TYPE:Outer wall
;WIDTH:0.42
G1 F1236
G1 X76.21 Y102.79 E.08725
G1 X76.21 Y93.21 E.23348
G1 X79.79 Y93.21 E.08725
G1 X79.79 Y102.73 E.23202
G1 X79.376 Y102.376 F9000
G1 X79.389 Y102.389
M204 P1500
;TYPE:Inner wall
;WIDTH:0.45
G1 F1236
G1 X76.611 Y102.389 E.07299
G1 X76.611 Y93.611 E.23059
G1 X79.389 Y93.611 E.07299
G1 X79.389 Y102.329 E.22902
G1 X78.974 Y101.974 F9000
G1 F1236
G1 X77.026 Y101.974 E.05115
G1 X77.026 Y94.026 E.20876
G1 X78.974 Y94.026 E.05115
G1 X78.974 Y101.914 E.20718
G1 X78.558 Y101.558 F9000
G1 F1236
G1 X77.442 Y101.558 E.02932
G1 X77.442 Y94.442 E.18692
G1 X78.558 Y94.442 E.02932
G1 X78.558 Y101.498 E.18534
G1 X78.142 Y101.142 F9000
G1 F1236
G1 X77.858 Y101.142 E.00748
G1 X77.858 Y94.858 E.16508
G1 X78.142 Y94.858 E.00748
G1 X78.142 Y101.082 E.16351
; stop printing object pod_header_usb_coupon.stl id:0 copy 0
;LAYER_CHANGE
;Z:23.28
;HEIGHT:0.16
G92 E0 ; zero the extruded length again
; BEFORE_LAYER_CHANGE 144 @ 23.28mm
G1 E-.7 F2100
;WIPE_START
G1 F2700
G1 X77.858 Y101.142 E-.08729
G1 X77.858 Y100.433 E-.21271
;WIPE_END
; AFTER_LAYER_CHANGE 144 @ 23.28mm
;_SET_FAN_SPEED_CHANGING_LAYER
; printing object pod_header_usb_coupon.stl id:0 copy 0
G1 F9000
G1 X77.664 Y100.925 Z23.3086
G1 X77.1591 Y101.079 Z23.3371
G1 X76.7234 Y100.781 Z23.3657
G1 X76.6847 Y100.255 Z23.3943
G1 X77.0724 Y99.8961 Z23.4229
G1 X77.5944 Y99.9756 Z23.4514
G1 X77.8577 Y100.433 Z23.48
G1 X78 Y102.376 Z23.48
G1 X79.118 Y117.624
G1 X79.376 Y126.376
G1 X79.79 Y126.79
G1 Z23.28
G1 E1 F2100
M204 P1000
;TYPE:Outer wall
;WIDTH:0.42
G1 F1236
G1 X76.21 Y126.79 E.08725
G1 X76.21 Y117.21 E.23348
G1 X79.79 Y117.21 E.08725
G1 X79.79 Y126.73 E.23202
G1 X79.376 Y126.376 F9000
G1 X79.389 Y126.389
M204 P1500
;TYPE:Inner wall
;WIDTH:0.45
G1 F1236
G1 X76.611 Y126.389 E.07299
G1 X76.611 Y117.611 E.23059
G1 X79.389 Y117.611 E.07299
G1 X79.389 Y126.329 E.22902
G1 X78.974 Y125.974 F9000
G1 F1236
G1 X77.026 Y125.974 E.05115
G1 X77.026 Y118.026 E.20876
G1 X78.974 Y118.026 E.05115
G1 X78.974 Y125.914 E.20718
G1 X78.558 Y125.558 F9000
G1 F1236
G1 X77.442 Y125.558 E.02932
G1 X77.442 Y118.442 E.18692
G1 X78.558 Y118.442 E.02932
G1 X78.558 Y125.498 E.18534
G1 X78.142 Y125.142 F9000
G1 F1236
G1 X77.858 Y125.142 E.00748
G1 X77.858 Y118.858 E.16508
G1 X78.142 Y118.858 E.00748
G1 X78.142 Y125.082 E.16351
G1 E-.7 F2100
;WIPE_START
G1 F2700
G1 X77.858 Y125.142 E-.08729
G1 X77.858 Y124.433 E-.21271
;WIPE_END
G1 X78.197 Y120.632 Z23.48 F9000
G1 X78.466 Y117.624 Z23.48
G1 X79.376 Y102.376
G1 X79.79 Y102.79
G1 Z23.28
G1 E1 F2100
M204 P1000
;TYPE:Outer wall
;WIDTH:0.42
G1 F1236
G1 X76.21 Y102.79 E.08725
G1 X76.21 Y93.21 E.23348
G1 X79.79 Y93.21 E.08725
G1 X79.79 Y102.73 E.23202
G1 X79.376 Y102.376 F9000
G1 X79.389 Y102.389
M204 P1500
;TYPE:Inner wall
;WIDTH:0.45
G1 F1236
G1 X76.611 Y102.389 E.07299
G1 X76.611 Y93.611 E.23059
G1 X79.389 Y93.611 E.07299
G1 X79.389 Y102.329 E.22902
G1 X78.974 Y101.974 F9000
G1 F1236
G1 X77.026 Y101.974 E.05115
G1 X77.026 Y94.026 E.20876
G1 X78.974 Y94.026 E.05115
G1 X78.974 Y101.914 E.20718
G1 X78.558 Y101.558 F9000
G1 F1236
G1 X77.442 Y101.558 E.02932
G1 X77.442 Y94.442 E.18692
G1 X78.558 Y94.442 E.02932
G1 X78.558 Y101.498 E.18534
G1 X78.142 Y101.142 F9000
G1 F1236
G1 X77.858 Y101.142 E.00748
G1 X77.858 Y94.858 E.16508
G1 X78.142 Y94.858 E.00748
G1 X78.142 Y101.082 E.16351
; stop printing object pod_header_usb_coupon.stl id:0 copy 0
;LAYER_CHANGE
;Z:23.44
;HEIGHT:0.16
G92 E0 ; zero the extruded length again
; BEFORE_LAYER_CHANGE 145 @ 23.44mm
G1 E-.7 F2100
;WIPE_START
G1 F2700
G1 X77.858 Y101.142 E-.08729
G1 X77.858 Y100.433 E-.21271
;WIPE_END
; AFTER_LAYER_CHANGE 145 @ 23.44mm
;_SET_FAN_SPEED_CHANGING_LAYER
; printing object pod_header_usb_coupon.stl id:0 copy 0
G1 F9000
G1 X77.664 Y100.925 Z23.4686
G1 X77.1591 Y101.079 Z23.4971
G1 X76.7234 Y100.781 Z23.5257
G1 X76.6847 Y100.255 Z23.5543
G1 X77.0724 Y99.8961 Z23.5829
G1 X77.5944 Y99.9756 Z23.6114
G1 X77.8577 Y100.433 Z23.64
G1 X78 Y102.376 Z23.64
G1 X79.118 Y117.624
G1 X79.376 Y126.376
G1 X79.79 Y126.79
G1 Z23.44
G1 E1 F2100
M204 P1000
;TYPE:Outer wall
;WIDTH:0.42
G1 F1236
G1 X76.21 Y126.79 E.08725
G1 X76.21 Y117.21 E.23348
G1 X79.79 Y117.21 E.08725
G1 X79.79 Y126.73 E.23202
G1 X79.376 Y126.376 F9000
G1 X79.389 Y126.389
M204 P1500
;TYPE:Inner wall
;WIDTH:0.45
G1 F1236
G1 X76.611 Y126.389 E.07299
G1 X76.611 Y117.611 E.23059
G1 X79.389 Y117.611 E.07299
G1 X79.389 Y126.329 E.22902
G1 X78.974 Y125.974 F9000
G1 F1236
G1 X77.026 Y125.974 E.05115
G1 X77.026 Y118.026 E.20876
G1 X78.974 Y118.026 E.05115
G1 X78.974 Y125.914 E.20718
G1 X78.558 Y125.558 F9000
G1 F1236
G1 X77.442 Y125.558 E.02932
G1 X77.442 Y118.442 E.18692
G1 X78.558 Y118.442 E.02932
G1 X78.558 Y125.498 E.18534
G1 X78.142 Y125.142 F9000
G1 F1236
G1 X77.858 Y125.142 E.00748
G1 X77.858 Y118.858 E.16508
G1 X78.142 Y118.858 E.00748
G1 X78.142 Y125.082 E.16351
G1 E-.7 F2100
;WIPE_START
G1 F2700
G1 X77.858 Y125.142 E-.08729
G1 X77.858 Y124.433 E-.21271
;WIPE_END
G1 X78.197 Y120.632 Z23.64 F9000
G1 X78.466 Y117.624 Z23.64
G1 X79.376 Y102.376
G1 X79.79 Y102.79
G1 Z23.44
G1 E1 F2100
M204 P1000
;TYPE:Outer wall
;WIDTH:0.42
G1 F1236
G1 X76.21 Y102.79 E.08725
G1 X76.21 Y93.21 E.23348
G1 X79.79 Y93.21 E.08725
G1 X79.79 Y102.73 E.23202
G1 X79.376 Y102.376 F9000
G1 X79.389 Y102.389
M204 P1500
;TYPE:Inner wall
;WIDTH:0.45
G1 F1236
G1 X76.611 Y102.389 E.07299
G1 X76.611 Y93.611 E.23059
G1 X79.389 Y93.611 E.07299
G1 X79.389 Y102.329 E.22902
G1 X78.974 Y101.974 F9000
G1 F1236
G1 X77.026 Y101.974 E.05115
G1 X77.026 Y94.026 E.20876
G1 X78.974 Y94.026 E.05115
G1 X78.974 Y101.914 E.20718
G1 X78.558 Y101.558 F9000
G1 F1236
G1 X77.442 Y101.558 E.02932
G1 X77.442 Y94.442 E.18692
G1 X78.558 Y94.442 E.02932
G1 X78.558 Y101.498 E.18534
G1 X78.142 Y101.142 F9000
G1 F1236
G1 X77.858 Y101.142 E.00748
G1 X77.858 Y94.858 E.16508
G1 X78.142 Y94.858 E.00748
G1 X78.142 Y101.082 E.16351
; stop printing object pod_header_usb_coupon.stl id:0 copy 0
;LAYER_CHANGE
;Z:23.6
;HEIGHT:0.16
G92 E0 ; zero the extruded length again
; BEFORE_LAYER_CHANGE 146 @ 23.6mm
G1 E-.7 F2100
;WIPE_START
G1 F2700
G1 X77.858 Y101.142 E-.08729
G1 X77.858 Y100.433 E-.21271
;WIPE_END
; AFTER_LAYER_CHANGE 146 @ 23.6mm
;_SET_FAN_SPEED_CHANGING_LAYER
; printing object pod_header_usb_coupon.stl id:0 copy 0
G1 F9000
G1 X77.664 Y100.925 Z23.6286
G1 X77.1591 Y101.079 Z23.6571
G1 X76.7234 Y100.781 Z23.6857
G1 X76.6847 Y100.255 Z23.7143
G1 X77.0724 Y99.8961 Z23.7429
G1 X77.5944 Y99.9756 Z23.7714
G1 X77.8577 Y100.433 Z23.8
G1 X78 Y102.376 Z23.8
G1 X79.118 Y117.624
G1 X79.376 Y126.376
G1 X79.79 Y126.79
G1 Z23.6
G1 E1 F2100
M204 P1000
;TYPE:Outer wall
;WIDTH:0.42
G1 F1236
G1 X76.21 Y126.79 E.08725
G1 X76.21 Y117.21 E.23348
G1 X79.79 Y117.21 E.08725
G1 X79.79 Y126.73 E.23202
G1 X79.376 Y126.376 F9000
G1 X79.389 Y126.389
M204 P1500
;TYPE:Inner wall
;WIDTH:0.45
G1 F1236
G1 X76.611 Y126.389 E.07299
G1 X76.611 Y117.611 E.23059
G1 X79.389 Y117.611 E.07299
G1 X79.389 Y126.329 E.22902
G1 X78.974 Y125.974 F9000
G1 F1236
G1 X77.026 Y125.974 E.05115
G1 X77.026 Y118.026 E.20876
G1 X78.974 Y118.026 E.05115
G1 X78.974 Y125.914 E.20718
G1 X78.558 Y125.558 F9000
G1 F1236
G1 X77.442 Y125.558 E.02932
G1 X77.442 Y118.442 E.18692
G1 X78.558 Y118.442 E.02932
G1 X78.558 Y125.498 E.18534
G1 X78.142 Y125.142 F9000
G1 F1236
G1 X77.858 Y125.142 E.00748
G1 X77.858 Y118.858 E.16508
G1 X78.142 Y118.858 E.00748
G1 X78.142 Y125.082 E.16351
G1 E-.7 F2100
;WIPE_START
G1 F2700
G1 X77.858 Y125.142 E-.08729
G1 X77.858 Y124.433 E-.21271
;WIPE_END
G1 X78.197 Y120.632 Z23.8 F9000
G1 X78.466 Y117.624 Z23.8
G1 X79.376 Y102.376
G1 X79.79 Y102.79
G1 Z23.6
G1 E1 F2100
M204 P1000
;TYPE:Outer wall
;WIDTH:0.42
G1 F1236
G1 X76.21 Y102.79 E.08725
G1 X76.21 Y93.21 E.23348
G1 X79.79 Y93.21 E.08725
G1 X79.79 Y102.73 E.23202
G1 X79.376 Y102.376 F9000
G1 X79.389 Y102.389
M204 P1500
;TYPE:Inner wall
;WIDTH:0.45
G1 F1236
G1 X76.611 Y102.389 E.07299
G1 X76.611 Y93.611 E.23059
G1 X79.389 Y93.611 E.07299
G1 X79.389 Y102.329 E.22902
G1 X78.974 Y101.974 F9000
G1 F1236
G1 X77.026 Y101.974 E.05115
G1 X77.026 Y94.026 E.20876
G1 X78.974 Y94.026 E.05115
G1 X78.974 Y101.914 E.20718
G1 X78.558 Y101.558 F9000
G1 F1236
G1 X77.442 Y101.558 E.02932
G1 X77.442 Y94.442 E.18692
G1 X78.558 Y94.442 E.02932
G1 X78.558 Y101.498 E.18534
G1 X78.142 Y101.142 F9000
G1 F1236
G1 X77.858 Y101.142 E.00748
G1 X77.858 Y94.858 E.16508
G1 X78.142 Y94.858 E.00748
G1 X78.142 Y101.082 E.16351
; stop printing object pod_header_usb_coupon.stl id:0 copy 0
;LAYER_CHANGE
;Z:23.76
;HEIGHT:0.16
G92 E0 ; zero the extruded length again
; BEFORE_LAYER_CHANGE 147 @ 23.76mm
G1 E-.7 F2100
;WIPE_START
G1 F2700
G1 X77.858 Y101.142 E-.08729
G1 X77.858 Y100.433 E-.21271
;WIPE_END
; AFTER_LAYER_CHANGE 147 @ 23.76mm
;_SET_FAN_SPEED_CHANGING_LAYER
; printing object pod_header_usb_coupon.stl id:0 copy 0
G1 F9000
G1 X77.664 Y100.925 Z23.7886
G1 X77.1591 Y101.079 Z23.8171
G1 X76.7234 Y100.781 Z23.8457
G1 X76.6847 Y100.255 Z23.8743
G1 X77.0724 Y99.8961 Z23.9029
G1 X77.5944 Y99.9756 Z23.9314
G1 X77.8577 Y100.433 Z23.96
G1 X78 Y102.376 Z23.96
G1 X79.118 Y117.624
G1 X79.376 Y126.376
G1 X79.79 Y126.79
G1 Z23.76
G1 E1 F2100
M204 P1000
;TYPE:Outer wall
;WIDTH:0.42
G1 F1236
G1 X76.21 Y126.79 E.08725
G1 X76.21 Y117.21 E.23348
G1 X79.79 Y117.21 E.08725
G1 X79.79 Y126.73 E.23202
G1 X79.376 Y126.376 F9000
G1 X79.389 Y126.389
M204 P1500
;TYPE:Inner wall
;WIDTH:0.45
G1 F1236
G1 X76.611 Y126.389 E.07299
G1 X76.611 Y117.611 E.23059
G1 X79.389 Y117.611 E.07299
G1 X79.389 Y126.329 E.22902
G1 X78.974 Y125.974 F9000
G1 F1236
G1 X77.026 Y125.974 E.05115
G1 X77.026 Y118.026 E.20876
G1 X78.974 Y118.026 E.05115
G1 X78.974 Y125.914 E.20718
G1 X78.558 Y125.558 F9000
G1 F1236
G1 X77.442 Y125.558 E.02932
G1 X77.442 Y118.442 E.18692
G1 X78.558 Y118.442 E.02932
G1 X78.558 Y125.498 E.18534
G1 X78.142 Y125.142 F9000
G1 F1236
G1 X77.858 Y125.142 E.00748
G1 X77.858 Y118.858 E.16508
G1 X78.142 Y118.858 E.00748
G1 X78.142 Y125.082 E.16351
G1 E-.7 F2100
;WIPE_START
G1 F2700
G1 X77.858 Y125.142 E-.08729
G1 X77.858 Y124.433 E-.21271
;WIPE_END
G1 X78.197 Y120.632 Z23.96 F9000
G1 X78.466 Y117.624 Z23.96
G1 X79.376 Y102.376
G1 X79.79 Y102.79
G1 Z23.76
G1 E1 F2100
M204 P1000
;TYPE:Outer wall
;WIDTH:0.42
G1 F1236
G1 X76.21 Y102.79 E.08725
G1 X76.21 Y93.21 E.23348
G1 X79.79 Y93.21 E.08725
G1 X79.79 Y102.73 E.23202
G1 X79.376 Y102.376 F9000
G1 X79.389 Y102.389
M204 P1500
;TYPE:Inner wall
;WIDTH:0.45
G1 F1236
G1 X76.611 Y102.389 E.07299
G1 X76.611 Y93.611 E.23059
G1 X79.389 Y93.611 E.07299
G1 X79.389 Y102.329 E.22902
G1 X78.974 Y101.974 F9000
G1 F1236
G1 X77.026 Y101.974 E.05115
G1 X77.026 Y94.026 E.20876
G1 X78.974 Y94.026 E.05115
G1 X78.974 Y101.914 E.20718
G1 X78.558 Y101.558 F9000
G1 F1236
G1 X77.442 Y101.558 E.02932
G1 X77.442 Y94.442 E.18692
G1 X78.558 Y94.442 E.02932
G1 X78.558 Y101.498 E.18534
G1 X78.142 Y101.142 F9000
G1 F1236
G1 X77.858 Y101.142 E.00748
G1 X77.858 Y94.858 E.16508
G1 X78.142 Y94.858 E.00748
G1 X78.142 Y101.082 E.16351
; stop printing object pod_header_usb_coupon.stl id:0 copy 0
;LAYER_CHANGE
;Z:23.92
;HEIGHT:0.16
G92 E0 ; zero the extruded length again
; BEFORE_LAYER_CHANGE 148 @ 23.92mm
G1 E-.7 F2100
;WIPE_START
G1 F2700
G1 X77.858 Y101.142 E-.08729
G1 X77.858 Y100.433 E-.21271
;WIPE_END
; AFTER_LAYER_CHANGE 148 @ 23.92mm
;_SET_FAN_SPEED_CHANGING_LAYER
; printing object pod_header_usb_coupon.stl id:0 copy 0
G1 F9000
G1 X77.664 Y100.925 Z23.9486
G1 X77.1591 Y101.079 Z23.9771
G1 X76.7234 Y100.781 Z24.0057
G1 X76.6847 Y100.255 Z24.0343
G1 X77.0724 Y99.8961 Z24.0629
G1 X77.5944 Y99.9756 Z24.0914
G1 X77.8577 Y100.433 Z24.12
G1 X78 Y102.376 Z24.12
G1 X79.118 Y117.624
G1 X79.376 Y126.376
G1 X79.79 Y126.79
G1 Z23.92
G1 E1 F2100
M204 P1000
;TYPE:Outer wall
;WIDTH:0.42
G1 F1236
G1 X76.21 Y126.79 E.08725
G1 X76.21 Y117.21 E.23348
G1 X79.79 Y117.21 E.08725
G1 X79.79 Y126.73 E.23202
G1 X79.376 Y126.376 F9000
G1 X79.389 Y126.389
M204 P1500
;TYPE:Inner wall
;WIDTH:0.45
G1 F1236
G1 X76.611 Y126.389 E.07299
G1 X76.611 Y117.611 E.23059
G1 X79.389 Y117.611 E.07299
G1 X79.389 Y126.329 E.22902
G1 X78.974 Y125.974 F9000
G1 F1236
G1 X77.026 Y125.974 E.05115
G1 X77.026 Y118.026 E.20876
G1 X78.974 Y118.026 E.05115
G1 X78.974 Y125.914 E.20718
G1 X78.558 Y125.558 F9000
G1 F1236
G1 X77.442 Y125.558 E.02932
G1 X77.442 Y118.442 E.18692
G1 X78.558 Y118.442 E.02932
G1 X78.558 Y125.498 E.18534
G1 X78.142 Y125.142 F9000
G1 F1236
G1 X77.858 Y125.142 E.00748
G1 X77.858 Y118.858 E.16508
G1 X78.142 Y118.858 E.00748
G1 X78.142 Y125.082 E.16351
G1 E-.7 F2100
;WIPE_START
G1 F2700
G1 X77.858 Y125.142 E-.08729
G1 X77.858 Y124.433 E-.21271
;WIPE_END
G1 X78.197 Y120.632 Z24.12 F9000
G1 X78.466 Y117.624 Z24.12
G1 X79.376 Y102.376
G1 X79.79 Y102.79
G1 Z23.92
G1 E1 F2100
M204 P1000
;TYPE:Outer wall
;WIDTH:0.42
G1 F1236
G1 X76.21 Y102.79 E.08725
G1 X76.21 Y93.21 E.23348
G1 X79.79 Y93.21 E.08725
G1 X79.79 Y102.73 E.23202
G1 X79.376 Y102.376 F9000
G1 X79.389 Y102.389
M204 P1500
;TYPE:Inner wall
;WIDTH:0.45
G1 F1236
G1 X76.611 Y102.389 E.07299
G1 X76.611 Y93.611 E.23059
G1 X79.389 Y93.611 E.07299
G1 X79.389 Y102.329 E.22902
G1 X78.974 Y101.974 F9000
G1 F1236
G1 X77.026 Y101.974 E.05115
G1 X77.026 Y94.026 E.20876
G1 X78.974 Y94.026 E.05115
G1 X78.974 Y101.914 E.20718
G1 X78.558 Y101.558 F9000
G1 F1236
G1 X77.442 Y101.558 E.02932
G1 X77.442 Y94.442 E.18692
G1 X78.558 Y94.442 E.02932
G1 X78.558 Y101.498 E.18534
G1 X78.142 Y101.142 F9000
G1 F1236
G1 X77.858 Y101.142 E.00748
G1 X77.858 Y94.858 E.16508
G1 X78.142 Y94.858 E.00748
G1 X78.142 Y101.082 E.16351
; stop printing object pod_header_usb_coupon.stl id:0 copy 0
;LAYER_CHANGE
;Z:24.08
;HEIGHT:0.16
G92 E0 ; zero the extruded length again
; BEFORE_LAYER_CHANGE 149 @ 24.08mm
G1 E-.7 F2100
;WIPE_START
G1 F2700
G1 X77.858 Y101.142 E-.08729
G1 X77.858 Y100.433 E-.21271
;WIPE_END
; AFTER_LAYER_CHANGE 149 @ 24.08mm
;_SET_FAN_SPEED_CHANGING_LAYER
; printing object pod_header_usb_coupon.stl id:0 copy 0
G1 F9000
G1 X77.664 Y100.925 Z24.1086
G1 X77.1591 Y101.079 Z24.1371
G1 X76.7234 Y100.781 Z24.1657
G1 X76.6847 Y100.255 Z24.1943
G1 X77.0724 Y99.8961 Z24.2229
G1 X77.5944 Y99.9756 Z24.2514
G1 X77.8577 Y100.433 Z24.28
G1 X78 Y102.376 Z24.28
G1 X79.118 Y117.624
G1 X79.376 Y126.376
G1 X79.79 Y126.79
G1 Z24.08
G1 E1 F2100
M204 P1000
;TYPE:Outer wall
;WIDTH:0.42
G1 F1236
G1 X76.21 Y126.79 E.08725
G1 X76.21 Y117.21 E.23348
G1 X79.79 Y117.21 E.08725
G1 X79.79 Y126.73 E.23202
G1 X79.376 Y126.376 F9000
G1 X79.389 Y126.389
M204 P1500
;TYPE:Inner wall
;WIDTH:0.45
G1 F1236
G1 X76.611 Y126.389 E.07299
G1 X76.611 Y117.611 E.23059
G1 X79.389 Y117.611 E.07299
G1 X79.389 Y126.329 E.22902
G1 X78.974 Y125.974 F9000
G1 F1236
G1 X77.026 Y125.974 E.05115
G1 X77.026 Y118.026 E.20876
G1 X78.974 Y118.026 E.05115
G1 X78.974 Y125.914 E.20718
G1 X78.558 Y125.558 F9000
G1 F1236
G1 X77.442 Y125.558 E.02932
G1 X77.442 Y118.442 E.18692
G1 X78.558 Y118.442 E.02932
G1 X78.558 Y125.498 E.18534
G1 X78.142 Y125.142 F9000
G1 F1236
G1 X77.858 Y125.142 E.00748
G1 X77.858 Y118.858 E.16508
G1 X78.142 Y118.858 E.00748
G1 X78.142 Y125.082 E.16351
G1 E-.7 F2100
;WIPE_START
G1 F2700
G1 X77.858 Y125.142 E-.08729
G1 X77.858 Y124.433 E-.21271
;WIPE_END
G1 X78.197 Y120.632 Z24.28 F9000
G1 X78.466 Y117.624 Z24.28
G1 X79.376 Y102.376
G1 X79.79 Y102.79
G1 Z24.08
G1 E1 F2100
M204 P1000
;TYPE:Outer wall
;WIDTH:0.42
G1 F1236
G1 X76.21 Y102.79 E.08725
G1 X76.21 Y93.21 E.23348
G1 X79.79 Y93.21 E.08725
G1 X79.79 Y102.73 E.23202
G1 X79.376 Y102.376 F9000
G1 X79.389 Y102.389
M204 P1500
;TYPE:Inner wall
;WIDTH:0.45
G1 F1236
G1 X76.611 Y102.389 E.07299
G1 X76.611 Y93.611 E.23059
G1 X79.389 Y93.611 E.07299
G1 X79.389 Y102.329 E.22902
G1 X78.974 Y101.974 F9000
G1 F1236
G1 X77.026 Y101.974 E.05115
G1 X77.026 Y94.026 E.20876
G1 X78.974 Y94.026 E.05115
G1 X78.974 Y101.914 E.20718
G1 X78.558 Y101.558 F9000
G1 F1236
G1 X77.442 Y101.558 E.02932
G1 X77.442 Y94.442 E.18692
G1 X78.558 Y94.442 E.02932
G1 X78.558 Y101.498 E.18534
G1 X78.142 Y101.142 F9000
G1 F1236
G1 X77.858 Y101.142 E.00748
G1 X77.858 Y94.858 E.16508
G1 X78.142 Y94.858 E.00748
G1 X78.142 Y101.082 E.16351
; stop printing object pod_header_usb_coupon.stl id:0 copy 0
;LAYER_CHANGE
;Z:24.24
;HEIGHT:0.16
G92 E0 ; zero the extruded length again
; BEFORE_LAYER_CHANGE 150 @ 24.24mm
G1 E-.7 F2100
;WIPE_START
G1 F2700
G1 X77.858 Y101.142 E-.08729
G1 X77.858 Y100.433 E-.21271
;WIPE_END
; AFTER_LAYER_CHANGE 150 @ 24.24mm
;_SET_FAN_SPEED_CHANGING_LAYER
; printing object pod_header_usb_coupon.stl id:0 copy 0
G1 F9000
G1 X77.664 Y100.925 Z24.2686
G1 X77.1591 Y101.079 Z24.2971
G1 X76.7234 Y100.781 Z24.3257
G1 X76.6847 Y100.255 Z24.3543
G1 X77.0724 Y99.8961 Z24.3829
G1 X77.5944 Y99.9756 Z24.4114
G1 X77.8577 Y100.433 Z24.44
G1 X78 Y102.376 Z24.44
G1 X79.118 Y117.624
G1 X79.376 Y126.376
G1 X79.79 Y126.79
G1 Z24.24
G1 E1 F2100
M204 P1000
;TYPE:Outer wall
;WIDTH:0.42
G1 F1236
G1 X76.21 Y126.79 E.08725
G1 X76.21 Y117.21 E.23348
G1 X79.79 Y117.21 E.08725
G1 X79.79 Y126.73 E.23202
G1 X79.376 Y126.376 F9000
G1 X79.389 Y126.389
M204 P1500
;TYPE:Inner wall
;WIDTH:0.45
G1 F1236
G1 X76.611 Y126.389 E.07299
G1 X76.611 Y117.611 E.23059
G1 X79.389 Y117.611 E.07299
G1 X79.389 Y126.329 E.22902
G1 X78.974 Y125.974 F9000
G1 F1236
G1 X77.026 Y125.974 E.05115
G1 X77.026 Y118.026 E.20876
G1 X78.974 Y118.026 E.05115
G1 X78.974 Y125.914 E.20718
G1 X78.558 Y125.558 F9000
G1 F1236
G1 X77.442 Y125.558 E.02932
G1 X77.442 Y118.442 E.18692
G1 X78.558 Y118.442 E.02932
G1 X78.558 Y125.498 E.18534
G1 X78.142 Y125.142 F9000
G1 F1236
G1 X77.858 Y125.142 E.00748
G1 X77.858 Y118.858 E.16508
G1 X78.142 Y118.858 E.00748
G1 X78.142 Y125.082 E.16351
G1 E-.7 F2100
;WIPE_START
G1 F2700
G1 X77.858 Y125.142 E-.08729
G1 X77.858 Y124.433 E-.21271
;WIPE_END
G1 X78.197 Y120.632 Z24.44 F9000
G1 X78.466 Y117.624 Z24.44
G1 X79.376 Y102.376
G1 X79.79 Y102.79
G1 Z24.24
G1 E1 F2100
M204 P1000
;TYPE:Outer wall
;WIDTH:0.42
G1 F1236
G1 X76.21 Y102.79 E.08725
G1 X76.21 Y93.21 E.23348
G1 X79.79 Y93.21 E.08725
G1 X79.79 Y102.73 E.23202
G1 X79.376 Y102.376 F9000
G1 X79.389 Y102.389
M204 P1500
;TYPE:Inner wall
;WIDTH:0.45
G1 F1236
G1 X76.611 Y102.389 E.07299
G1 X76.611 Y93.611 E.23059
G1 X79.389 Y93.611 E.07299
G1 X79.389 Y102.329 E.22902
G1 X78.974 Y101.974 F9000
G1 F1236
G1 X77.026 Y101.974 E.05115
G1 X77.026 Y94.026 E.20876
G1 X78.974 Y94.026 E.05115
G1 X78.974 Y101.914 E.20718
G1 X78.558 Y101.558 F9000
G1 F1236
G1 X77.442 Y101.558 E.02932
G1 X77.442 Y94.442 E.18692
G1 X78.558 Y94.442 E.02932
G1 X78.558 Y101.498 E.18534
G1 X78.142 Y101.142 F9000
G1 F1236
G1 X77.858 Y101.142 E.00748
G1 X77.858 Y94.858 E.16508
G1 X78.142 Y94.858 E.00748
G1 X78.142 Y101.082 E.16351
; stop printing object pod_header_usb_coupon.stl id:0 copy 0
;LAYER_CHANGE
;Z:24.4
;HEIGHT:0.16
G92 E0 ; zero the extruded length again
; BEFORE_LAYER_CHANGE 151 @ 24.4mm
G1 E-.7 F2100
;WIPE_START
G1 F2700
G1 X77.858 Y101.142 E-.08729
G1 X77.858 Y100.433 E-.21271
;WIPE_END
; AFTER_LAYER_CHANGE 151 @ 24.4mm
;_SET_FAN_SPEED_CHANGING_LAYER
; printing object pod_header_usb_coupon.stl id:0 copy 0
G1 F9000
G1 X77.664 Y100.925 Z24.4286
G1 X77.1591 Y101.079 Z24.4571
G1 X76.7234 Y100.781 Z24.4857
G1 X76.6847 Y100.255 Z24.5143
G1 X77.0724 Y99.8961 Z24.5429
G1 X77.5944 Y99.9756 Z24.5714
G1 X77.8577 Y100.433 Z24.6
G1 X78 Y102.376 Z24.6
G1 X79.118 Y117.624
G1 X79.376 Y126.376
G1 X79.79 Y126.79
G1 Z24.4
G1 E1 F2100
M204 P1000
;TYPE:Outer wall
;WIDTH:0.42
G1 F1236
G1 X76.21 Y126.79 E.08725
G1 X76.21 Y117.21 E.23348
G1 X79.79 Y117.21 E.08725
G1 X79.79 Y126.73 E.23202
G1 X79.376 Y126.376 F9000
G1 X79.389 Y126.389
M204 P1500
;TYPE:Inner wall
;WIDTH:0.45
G1 F1236
G1 X76.611 Y126.389 E.07299
G1 X76.611 Y117.611 E.23059
G1 X79.389 Y117.611 E.07299
G1 X79.389 Y126.329 E.22902
G1 X78.974 Y125.974 F9000
G1 F1236
G1 X77.026 Y125.974 E.05115
G1 X77.026 Y118.026 E.20876
G1 X78.974 Y118.026 E.05115
G1 X78.974 Y125.914 E.20718
G1 X78.558 Y125.558 F9000
G1 F1236
G1 X77.442 Y125.558 E.02932
G1 X77.442 Y118.442 E.18692
G1 X78.558 Y118.442 E.02932
G1 X78.558 Y125.498 E.18534
G1 X78.142 Y125.142 F9000
G1 F1236
G1 X77.858 Y125.142 E.00748
G1 X77.858 Y118.858 E.16508
G1 X78.142 Y118.858 E.00748
G1 X78.142 Y125.082 E.16351
G1 E-.7 F2100
;WIPE_START
G1 F2700
G1 X77.858 Y125.142 E-.08729
G1 X77.858 Y124.433 E-.21271
;WIPE_END
G1 X78.197 Y120.632 Z24.6 F9000
G1 X78.466 Y117.624 Z24.6
G1 X79.376 Y102.376
G1 X79.79 Y102.79
G1 Z24.4
G1 E1 F2100
M204 P1000
;TYPE:Outer wall
;WIDTH:0.42
G1 F1236
G1 X76.21 Y102.79 E.08725
G1 X76.21 Y93.21 E.23348
G1 X79.79 Y93.21 E.08725
G1 X79.79 Y102.73 E.23202
G1 X79.376 Y102.376 F9000
G1 X79.389 Y102.389
M204 P1500
;TYPE:Inner wall
;WIDTH:0.45
G1 F1236
G1 X76.611 Y102.389 E.07299
G1 X76.611 Y93.611 E.23059
G1 X79.389 Y93.611 E.07299
G1 X79.389 Y102.329 E.22902
G1 X78.974 Y101.974 F9000
G1 F1236
G1 X77.026 Y101.974 E.05115
G1 X77.026 Y94.026 E.20876
G1 X78.974 Y94.026 E.05115
G1 X78.974 Y101.914 E.20718
G1 X78.558 Y101.558 F9000
G1 F1236
G1 X77.442 Y101.558 E.02932
G1 X77.442 Y94.442 E.18692
G1 X78.558 Y94.442 E.02932
G1 X78.558 Y101.498 E.18534
G1 X78.142 Y101.142 F9000
G1 F1236
G1 X77.858 Y101.142 E.00748
G1 X77.858 Y94.858 E.16508
G1 X78.142 Y94.858 E.00748
G1 X78.142 Y101.082 E.16351
; stop printing object pod_header_usb_coupon.stl id:0 copy 0
;LAYER_CHANGE
;Z:24.56
;HEIGHT:0.16
G92 E0 ; zero the extruded length again
; BEFORE_LAYER_CHANGE 152 @ 24.56mm
G1 E-.7 F2100
;WIPE_START
G1 F2700
G1 X77.858 Y101.142 E-.08729
G1 X77.858 Y100.433 E-.21271
;WIPE_END
; AFTER_LAYER_CHANGE 152 @ 24.56mm
;_SET_FAN_SPEED_CHANGING_LAYER
; printing object pod_header_usb_coupon.stl id:0 copy 0
G1 F9000
G1 X77.664 Y100.925 Z24.5886
G1 X77.1591 Y101.079 Z24.6171
G1 X76.7234 Y100.781 Z24.6457
G1 X76.6847 Y100.255 Z24.6743
G1 X77.0724 Y99.8961 Z24.7029
G1 X77.5944 Y99.9756 Z24.7314
G1 X77.8577 Y100.433 Z24.76
G1 X78 Y102.376 Z24.76
G1 X79.118 Y117.624
G1 X79.376 Y126.376
G1 X79.79 Y126.79
G1 Z24.56
G1 E1 F2100
M204 P1000
;TYPE:Outer wall
;WIDTH:0.42
G1 F1236
G1 X76.21 Y126.79 E.08725
G1 X76.21 Y117.21 E.23348
G1 X79.79 Y117.21 E.08725
G1 X79.79 Y126.73 E.23202
G1 X79.376 Y126.376 F9000
G1 X79.389 Y126.389
M204 P1500
;TYPE:Inner wall
;WIDTH:0.45
G1 F1236
G1 X76.611 Y126.389 E.07299
G1 X76.611 Y117.611 E.23059
G1 X79.389 Y117.611 E.07299
G1 X79.389 Y126.329 E.22902
G1 X78.974 Y125.974 F9000
G1 F1236
G1 X77.026 Y125.974 E.05115
G1 X77.026 Y118.026 E.20876
G1 X78.974 Y118.026 E.05115
G1 X78.974 Y125.914 E.20718
G1 X78.558 Y125.558 F9000
G1 F1236
G1 X77.442 Y125.558 E.02932
G1 X77.442 Y118.442 E.18692
G1 X78.558 Y118.442 E.02932
G1 X78.558 Y125.498 E.18534
G1 X78.142 Y125.142 F9000
G1 F1236
G1 X77.858 Y125.142 E.00748
G1 X77.858 Y118.858 E.16508
G1 X78.142 Y118.858 E.00748
G1 X78.142 Y125.082 E.16351
G1 E-.7 F2100
;WIPE_START
G1 F2700
G1 X77.858 Y125.142 E-.08729
G1 X77.858 Y124.433 E-.21271
;WIPE_END
G1 X78.197 Y120.632 Z24.76 F9000
G1 X78.466 Y117.624 Z24.76
G1 X79.376 Y102.376
G1 X79.79 Y102.79
G1 Z24.56
G1 E1 F2100
M204 P1000
;TYPE:Outer wall
;WIDTH:0.42
G1 F1236
G1 X76.21 Y102.79 E.08725
G1 X76.21 Y93.21 E.23348
G1 X79.79 Y93.21 E.08725
G1 X79.79 Y102.73 E.23202
G1 X79.376 Y102.376 F9000
G1 X79.389 Y102.389
M204 P1500
;TYPE:Inner wall
;WIDTH:0.45
G1 F1236
G1 X76.611 Y102.389 E.07299
G1 X76.611 Y93.611 E.23059
G1 X79.389 Y93.611 E.07299
G1 X79.389 Y102.329 E.22902
G1 X78.974 Y101.974 F9000
G1 F1236
G1 X77.026 Y101.974 E.05115
G1 X77.026 Y94.026 E.20876
G1 X78.974 Y94.026 E.05115
G1 X78.974 Y101.914 E.20718
G1 X78.558 Y101.558 F9000
G1 F1236
G1 X77.442 Y101.558 E.02932
G1 X77.442 Y94.442 E.18692
G1 X78.558 Y94.442 E.02932
G1 X78.558 Y101.498 E.18534
G1 X78.142 Y101.142 F9000
G1 F1236
G1 X77.858 Y101.142 E.00748
G1 X77.858 Y94.858 E.16508
G1 X78.142 Y94.858 E.00748
G1 X78.142 Y101.082 E.16351
; stop printing object pod_header_usb_coupon.stl id:0 copy 0
;LAYER_CHANGE
;Z:24.72
;HEIGHT:0.16
G92 E0 ; zero the extruded length again
; BEFORE_LAYER_CHANGE 153 @ 24.72mm
G1 E-.7 F2100
;WIPE_START
G1 F2700
G1 X77.858 Y101.142 E-.08729
G1 X77.858 Y100.433 E-.21271
;WIPE_END
; AFTER_LAYER_CHANGE 153 @ 24.72mm
;_SET_FAN_SPEED_CHANGING_LAYER
; printing object pod_header_usb_coupon.stl id:0 copy 0
G1 F9000
G1 X77.664 Y100.925 Z24.7486
G1 X77.1591 Y101.079 Z24.7771
G1 X76.7234 Y100.781 Z24.8057
G1 X76.6847 Y100.255 Z24.8343
G1 X77.0724 Y99.8961 Z24.8629
G1 X77.5944 Y99.9756 Z24.8914
G1 X77.8577 Y100.433 Z24.92
G1 X78 Y102.376 Z24.92
G1 X79.118 Y117.624
G1 X79.376 Y126.376
G1 X79.79 Y126.79
G1 Z24.72
G1 E1 F2100
M204 P1000
;TYPE:Outer wall
;WIDTH:0.42
G1 F1236
G1 X76.21 Y126.79 E.08725
G1 X76.21 Y117.21 E.23348
G1 X79.79 Y117.21 E.08725
G1 X79.79 Y126.73 E.23202
G1 X79.376 Y126.376 F9000
G1 X79.389 Y126.389
M204 P1500
;TYPE:Inner wall
;WIDTH:0.45
G1 F1236
G1 X76.611 Y126.389 E.07299
G1 X76.611 Y117.611 E.23059
G1 X79.389 Y117.611 E.07299
G1 X79.389 Y126.329 E.22902
G1 X78.974 Y125.974 F9000
G1 F1236
G1 X77.026 Y125.974 E.05115
G1 X77.026 Y118.026 E.20876
G1 X78.974 Y118.026 E.05115
G1 X78.974 Y125.914 E.20718
G1 X78.558 Y125.558 F9000
G1 F1236
G1 X77.442 Y125.558 E.02932
G1 X77.442 Y118.442 E.18692
G1 X78.558 Y118.442 E.02932
G1 X78.558 Y125.498 E.18534
G1 X78.142 Y125.142 F9000
G1 F1236
G1 X77.858 Y125.142 E.00748
G1 X77.858 Y118.858 E.16508
G1 X78.142 Y118.858 E.00748
G1 X78.142 Y125.082 E.16351
G1 E-.7 F2100
;WIPE_START
G1 F2700
G1 X77.858 Y125.142 E-.08729
G1 X77.858 Y124.433 E-.21271
;WIPE_END
G1 X78.197 Y120.632 Z24.92 F9000
G1 X78.466 Y117.624 Z24.92
G1 X79.376 Y102.376
G1 X79.79 Y102.79
G1 Z24.72
G1 E1 F2100
M204 P1000
;TYPE:Outer wall
;WIDTH:0.42
G1 F1236
G1 X76.21 Y102.79 E.08725
G1 X76.21 Y93.21 E.23348
G1 X79.79 Y93.21 E.08725
G1 X79.79 Y102.73 E.23202
G1 X79.376 Y102.376 F9000
G1 X79.389 Y102.389
M204 P1500
;TYPE:Inner wall
;WIDTH:0.45
G1 F1236
G1 X76.611 Y102.389 E.07299
G1 X76.611 Y93.611 E.23059
G1 X79.389 Y93.611 E.07299
G1 X79.389 Y102.329 E.22902
G1 X78.974 Y101.974 F9000
G1 F1236
G1 X77.026 Y101.974 E.05115
G1 X77.026 Y94.026 E.20876
G1 X78.974 Y94.026 E.05115
G1 X78.974 Y101.914 E.20718
G1 X78.558 Y101.558 F9000
G1 F1236
G1 X77.442 Y101.558 E.02932
G1 X77.442 Y94.442 E.18692
G1 X78.558 Y94.442 E.02932
G1 X78.558 Y101.498 E.18534
G1 X78.142 Y101.142 F9000
G1 F1236
G1 X77.858 Y101.142 E.00748
G1 X77.858 Y94.858 E.16508
G1 X78.142 Y94.858 E.00748
G1 X78.142 Y101.082 E.16351
; stop printing object pod_header_usb_coupon.stl id:0 copy 0
;LAYER_CHANGE
;Z:24.88
;HEIGHT:0.16
G92 E0 ; zero the extruded length again
; BEFORE_LAYER_CHANGE 154 @ 24.88mm
G1 E-.7 F2100
;WIPE_START
G1 F2700
G1 X77.858 Y101.142 E-.08729
G1 X77.858 Y100.433 E-.21271
;WIPE_END
; AFTER_LAYER_CHANGE 154 @ 24.88mm
;_SET_FAN_SPEED_CHANGING_LAYER
; printing object pod_header_usb_coupon.stl id:0 copy 0
G1 F9000
G1 X77.664 Y100.925 Z24.9086
G1 X77.1591 Y101.079 Z24.9371
G1 X76.7234 Y100.781 Z24.9657
G1 X76.6847 Y100.255 Z24.9943
G1 X77.0724 Y99.8961 Z25.0229
G1 X77.5944 Y99.9756 Z25.0514
G1 X77.8577 Y100.433 Z25.08
G1 X78 Y102.376 Z25.08
G1 X79.118 Y117.624
G1 X79.376 Y126.376
G1 X79.79 Y126.79
G1 Z24.88
G1 E1 F2100
M204 P1000
;TYPE:Outer wall
;WIDTH:0.42
G1 F1236
G1 X76.21 Y126.79 E.08725
G1 X76.21 Y117.21 E.23348
G1 X79.79 Y117.21 E.08725
G1 X79.79 Y126.73 E.23202
G1 X79.376 Y126.376 F9000
G1 X79.389 Y126.389
M204 P1500
;TYPE:Inner wall
;WIDTH:0.45
G1 F1236
G1 X76.611 Y126.389 E.07299
G1 X76.611 Y117.611 E.23059
G1 X79.389 Y117.611 E.07299
G1 X79.389 Y126.329 E.22902
G1 X78.974 Y125.974 F9000
G1 F1236
G1 X77.026 Y125.974 E.05115
G1 X77.026 Y118.026 E.20876
G1 X78.974 Y118.026 E.05115
G1 X78.974 Y125.914 E.20718
G1 X78.558 Y125.558 F9000
G1 F1236
G1 X77.442 Y125.558 E.02932
G1 X77.442 Y118.442 E.18692
G1 X78.558 Y118.442 E.02932
G1 X78.558 Y125.498 E.18534
G1 X78.142 Y125.142 F9000
G1 F1236
G1 X77.858 Y125.142 E.00748
G1 X77.858 Y118.858 E.16508
G1 X78.142 Y118.858 E.00748
G1 X78.142 Y125.082 E.16351
G1 E-.7 F2100
;WIPE_START
G1 F2700
G1 X77.858 Y125.142 E-.08729
G1 X77.858 Y124.433 E-.21271
;WIPE_END
G1 X78.197 Y120.632 Z25.08 F9000
G1 X78.466 Y117.624 Z25.08
G1 X79.376 Y102.376
G1 X79.79 Y102.79
G1 Z24.88
G1 E1 F2100
M204 P1000
;TYPE:Outer wall
;WIDTH:0.42
G1 F1236
G1 X76.21 Y102.79 E.08725
G1 X76.21 Y93.21 E.23348
G1 X79.79 Y93.21 E.08725
G1 X79.79 Y102.73 E.23202
G1 X79.376 Y102.376 F9000
G1 X79.389 Y102.389
M204 P1500
;TYPE:Inner wall
;WIDTH:0.45
G1 F1236
G1 X76.611 Y102.389 E.07299
G1 X76.611 Y93.611 E.23059
G1 X79.389 Y93.611 E.07299
G1 X79.389 Y102.329 E.22902
G1 X78.974 Y101.974 F9000
G1 F1236
G1 X77.026 Y101.974 E.05115
G1 X77.026 Y94.026 E.20876
G1 X78.974 Y94.026 E.05115
G1 X78.974 Y101.914 E.20718
G1 X78.558 Y101.558 F9000
G1 F1236
G1 X77.442 Y101.558 E.02932
G1 X77.442 Y94.442 E.18692
G1 X78.558 Y94.442 E.02932
G1 X78.558 Y101.498 E.18534
G1 X78.142 Y101.142 F9000
G1 F1236
G1 X77.858 Y101.142 E.00748
G1 X77.858 Y94.858 E.16508
G1 X78.142 Y94.858 E.00748
G1 X78.142 Y101.082 E.16351
; stop printing object pod_header_usb_coupon.stl id:0 copy 0
;LAYER_CHANGE
;Z:25.04
;HEIGHT:0.160002
G92 E0 ; zero the extruded length again
; BEFORE_LAYER_CHANGE 155 @ 25.04mm
G1 E-.7 F2100
;WIPE_START
G1 F2700
G1 X77.858 Y101.142 E-.08729
G1 X77.858 Y100.433 E-.21271
;WIPE_END
; AFTER_LAYER_CHANGE 155 @ 25.04mm
;_SET_FAN_SPEED_CHANGING_LAYER
; printing object pod_header_usb_coupon.stl id:0 copy 0
G1 F9000
G1 X77.664 Y100.925 Z25.0686
G1 X77.1591 Y101.079 Z25.0971
G1 X76.7234 Y100.781 Z25.1257
G1 X76.6847 Y100.255 Z25.1543
G1 X77.0724 Y99.8961 Z25.1829
G1 X77.5944 Y99.9756 Z25.2114
G1 X77.8577 Y100.433 Z25.24
G1 X78 Y102.376 Z25.24
G1 X79.118 Y117.624
G1 X79.376 Y126.376
G1 X79.79 Y126.79
G1 Z25.04
G1 E1 F2100
M204 P1000
;TYPE:Outer wall
;WIDTH:0.42
G1 F1236
G1 X76.21 Y126.79 E.08725
G1 X76.21 Y117.21 E.23348
G1 X79.79 Y117.21 E.08725
G1 X79.79 Y126.73 E.23202
G1 X79.376 Y126.376 F9000
G1 X79.389 Y126.389
M204 P1500
;TYPE:Inner wall
;WIDTH:0.45
G1 F1236
G1 X76.611 Y126.389 E.07299
G1 X76.611 Y117.611 E.23059
G1 X79.389 Y117.611 E.07299
G1 X79.389 Y126.329 E.22902
G1 X78.974 Y125.974 F9000
G1 F1236
G1 X77.026 Y125.974 E.05115
G1 X77.026 Y118.026 E.20876
G1 X78.974 Y118.026 E.05115
G1 X78.974 Y125.914 E.20718
G1 X78.558 Y125.558 F9000
G1 F1236
G1 X77.442 Y125.558 E.02932
G1 X77.442 Y118.442 E.18692
G1 X78.558 Y118.442 E.02932
G1 X78.558 Y125.498 E.18534
G1 X78.142 Y125.142 F9000
G1 F1236
G1 X77.858 Y125.142 E.00748
G1 X77.858 Y118.858 E.16508
G1 X78.142 Y118.858 E.00748
G1 X78.142 Y125.082 E.16351
G1 E-.7 F2100
;WIPE_START
G1 F2700
G1 X77.858 Y125.142 E-.08729
G1 X77.858 Y124.433 E-.21271
;WIPE_END
G1 X78.197 Y120.632 Z25.24 F9000
G1 X78.466 Y117.624 Z25.24
G1 X79.376 Y102.376
G1 X79.79 Y102.79
G1 Z25.04
G1 E1 F2100
M204 P1000
;TYPE:Outer wall
;WIDTH:0.42
G1 F1236
G1 X76.21 Y102.79 E.08725
G1 X76.21 Y93.21 E.23348
G1 X79.79 Y93.21 E.08725
G1 X79.79 Y102.73 E.23202
G1 X79.376 Y102.376 F9000
G1 X79.389 Y102.389
M204 P1500
;TYPE:Inner wall
;WIDTH:0.45
G1 F1236
G1 X76.611 Y102.389 E.07299
G1 X76.611 Y93.611 E.23059
G1 X79.389 Y93.611 E.07299
G1 X79.389 Y102.329 E.22902
G1 X78.974 Y101.974 F9000
G1 F1236
G1 X77.026 Y101.974 E.05115
G1 X77.026 Y94.026 E.20876
G1 X78.974 Y94.026 E.05115
G1 X78.974 Y101.914 E.20718
G1 X78.558 Y101.558 F9000
G1 F1236
G1 X77.442 Y101.558 E.02932
G1 X77.442 Y94.442 E.18692
G1 X78.558 Y94.442 E.02932
G1 X78.558 Y101.498 E.18534
G1 X78.142 Y101.142 F9000
G1 F1236
G1 X77.858 Y101.142 E.00748
G1 X77.858 Y94.858 E.16508
G1 X78.142 Y94.858 E.00748
G1 X78.142 Y101.082 E.16351
; stop printing object pod_header_usb_coupon.stl id:0 copy 0
;LAYER_CHANGE
;Z:25.2
;HEIGHT:0.16
G92 E0 ; zero the extruded length again
; BEFORE_LAYER_CHANGE 156 @ 25.2mm
G1 E-.7 F2100
;WIPE_START
G1 F2700
G1 X77.858 Y101.142 E-.08729
G1 X77.858 Y100.433 E-.21271
;WIPE_END
; AFTER_LAYER_CHANGE 156 @ 25.2mm
;_SET_FAN_SPEED_CHANGING_LAYER
; printing object pod_header_usb_coupon.stl id:0 copy 0
G1 F9000
G1 X77.664 Y100.925 Z25.2286
G1 X77.1591 Y101.079 Z25.2571
G1 X76.7234 Y100.781 Z25.2857
G1 X76.6847 Y100.255 Z25.3143
G1 X77.0724 Y99.8961 Z25.3429
G1 X77.5944 Y99.9756 Z25.3714
G1 X77.8577 Y100.433 Z25.4
G1 X78 Y102.376 Z25.4
G1 X79.118 Y117.624
G1 X79.376 Y126.376
G1 X79.79 Y126.79
G1 Z25.2
G1 E1 F2100
M204 P1000
;TYPE:Outer wall
;WIDTH:0.42
G1 F1236
G1 X76.21 Y126.79 E.08725
G1 X76.21 Y117.21 E.23348
G1 X79.79 Y117.21 E.08725
G1 X79.79 Y126.73 E.23202
G1 X79.376 Y126.376 F9000
G1 X79.389 Y126.389
M204 P1500
;TYPE:Inner wall
;WIDTH:0.45
G1 F1236
G1 X76.611 Y126.389 E.07299
G1 X76.611 Y117.611 E.23059
G1 X79.389 Y117.611 E.07299
G1 X79.389 Y126.329 E.22902
G1 X78.974 Y125.974 F9000
G1 F1236
G1 X77.026 Y125.974 E.05115
G1 X77.026 Y118.026 E.20876
G1 X78.974 Y118.026 E.05115
G1 X78.974 Y125.914 E.20718
G1 X78.558 Y125.558 F9000
G1 F1236
G1 X77.442 Y125.558 E.02932
G1 X77.442 Y118.442 E.18692
G1 X78.558 Y118.442 E.02932
G1 X78.558 Y125.498 E.18534
G1 X78.142 Y125.142 F9000
G1 F1236
G1 X77.858 Y125.142 E.00748
G1 X77.858 Y118.858 E.16508
G1 X78.142 Y118.858 E.00748
G1 X78.142 Y125.082 E.16351
G1 E-.7 F2100
;WIPE_START
G1 F2700
G1 X77.858 Y125.142 E-.08729
G1 X77.858 Y124.433 E-.21271
;WIPE_END
G1 X78.197 Y120.632 Z25.4 F9000
G1 X78.466 Y117.624 Z25.4
G1 X79.376 Y102.376
G1 X79.79 Y102.79
G1 Z25.2
G1 E1 F2100
M204 P1000
;TYPE:Outer wall
;WIDTH:0.42
G1 F1236
G1 X76.21 Y102.79 E.08725
G1 X76.21 Y93.21 E.23348
G1 X79.79 Y93.21 E.08725
G1 X79.79 Y102.73 E.23202
G1 X79.376 Y102.376 F9000
G1 X79.389 Y102.389
M204 P1500
;TYPE:Inner wall
;WIDTH:0.45
G1 F1236
G1 X76.611 Y102.389 E.07299
G1 X76.611 Y93.611 E.23059
G1 X79.389 Y93.611 E.07299
G1 X79.389 Y102.329 E.22902
G1 X78.974 Y101.974 F9000
G1 F1236
G1 X77.026 Y101.974 E.05115
G1 X77.026 Y94.026 E.20876
G1 X78.974 Y94.026 E.05115
G1 X78.974 Y101.914 E.20718
G1 X78.558 Y101.558 F9000
G1 F1236
G1 X77.442 Y101.558 E.02932
G1 X77.442 Y94.442 E.18692
G1 X78.558 Y94.442 E.02932
G1 X78.558 Y101.498 E.18534
G1 X78.142 Y101.142 F9000
G1 F1236
G1 X77.858 Y101.142 E.00748
G1 X77.858 Y94.858 E.16508
G1 X78.142 Y94.858 E.00748
G1 X78.142 Y101.082 E.16351
; stop printing object pod_header_usb_coupon.stl id:0 copy 0
;LAYER_CHANGE
;Z:25.36
;HEIGHT:0.16
G92 E0 ; zero the extruded length again
; BEFORE_LAYER_CHANGE 157 @ 25.36mm
G1 E-.7 F2100
;WIPE_START
G1 F2700
G1 X77.858 Y101.142 E-.08729
G1 X77.858 Y100.433 E-.21271
;WIPE_END
; AFTER_LAYER_CHANGE 157 @ 25.36mm
;_SET_FAN_SPEED_CHANGING_LAYER
; printing object pod_header_usb_coupon.stl id:0 copy 0
G1 F9000
G1 X77.664 Y100.925 Z25.3886
G1 X77.1591 Y101.079 Z25.4171
G1 X76.7234 Y100.781 Z25.4457
G1 X76.6847 Y100.255 Z25.4743
G1 X77.0724 Y99.8961 Z25.5029
G1 X77.5944 Y99.9756 Z25.5314
G1 X77.8577 Y100.433 Z25.56
G1 X78 Y102.376 Z25.56
G1 X79.118 Y117.624
G1 X79.376 Y126.376
G1 X79.79 Y126.79
G1 Z25.36
G1 E1 F2100
M204 P1000
;TYPE:Outer wall
;WIDTH:0.42
G1 F1236
G1 X76.21 Y126.79 E.08725
G1 X76.21 Y117.21 E.23348
G1 X79.79 Y117.21 E.08725
G1 X79.79 Y126.73 E.23202
G1 X79.376 Y126.376 F9000
G1 X79.389 Y126.389
M204 P1500
;TYPE:Inner wall
;WIDTH:0.45
G1 F1236
G1 X76.611 Y126.389 E.07299
G1 X76.611 Y117.611 E.23059
G1 X79.389 Y117.611 E.07299
G1 X79.389 Y126.329 E.22902
G1 X78.974 Y125.974 F9000
G1 F1236
G1 X77.026 Y125.974 E.05115
G1 X77.026 Y118.026 E.20876
G1 X78.974 Y118.026 E.05115
G1 X78.974 Y125.914 E.20718
G1 X78.558 Y125.558 F9000
G1 F1236
G1 X77.442 Y125.558 E.02932
G1 X77.442 Y118.442 E.18692
G1 X78.558 Y118.442 E.02932
G1 X78.558 Y125.498 E.18534
G1 X78.142 Y125.142 F9000
G1 F1236
G1 X77.858 Y125.142 E.00748
G1 X77.858 Y118.858 E.16508
G1 X78.142 Y118.858 E.00748
G1 X78.142 Y125.082 E.16351
G1 E-.7 F2100
;WIPE_START
G1 F2700
G1 X77.858 Y125.142 E-.08729
G1 X77.858 Y124.433 E-.21271
;WIPE_END
G1 X78.197 Y120.632 Z25.56 F9000
G1 X78.466 Y117.624 Z25.56
G1 X79.376 Y102.376
G1 X79.79 Y102.79
G1 Z25.36
G1 E1 F2100
M204 P1000
;TYPE:Outer wall
;WIDTH:0.42
G1 F1236
G1 X76.21 Y102.79 E.08725
G1 X76.21 Y93.21 E.23348
G1 X79.79 Y93.21 E.08725
G1 X79.79 Y102.73 E.23202
G1 X79.376 Y102.376 F9000
G1 X79.389 Y102.389
M204 P1500
;TYPE:Inner wall
;WIDTH:0.45
G1 F1236
G1 X76.611 Y102.389 E.07299
G1 X76.611 Y93.611 E.23059
G1 X79.389 Y93.611 E.07299
G1 X79.389 Y102.329 E.22902
G1 X78.974 Y101.974 F9000
G1 F1236
G1 X77.026 Y101.974 E.05115
G1 X77.026 Y94.026 E.20876
G1 X78.974 Y94.026 E.05115
G1 X78.974 Y101.914 E.20718
G1 X78.558 Y101.558 F9000
G1 F1236
G1 X77.442 Y101.558 E.02932
G1 X77.442 Y94.442 E.18692
G1 X78.558 Y94.442 E.02932
G1 X78.558 Y101.498 E.18534
G1 X78.142 Y101.142 F9000
G1 F1236
G1 X77.858 Y101.142 E.00748
G1 X77.858 Y94.858 E.16508
G1 X78.142 Y94.858 E.00748
G1 X78.142 Y101.082 E.16351
; stop printing object pod_header_usb_coupon.stl id:0 copy 0
;LAYER_CHANGE
;Z:25.52
;HEIGHT:0.16
G92 E0 ; zero the extruded length again
; BEFORE_LAYER_CHANGE 158 @ 25.52mm
G1 E-.7 F2100
;WIPE_START
G1 F2700
G1 X77.858 Y101.142 E-.08729
G1 X77.858 Y100.433 E-.21271
;WIPE_END
; AFTER_LAYER_CHANGE 158 @ 25.52mm
;_SET_FAN_SPEED_CHANGING_LAYER
; printing object pod_header_usb_coupon.stl id:0 copy 0
G1 F9000
G1 X77.664 Y100.925 Z25.5486
G1 X77.1591 Y101.079 Z25.5771
G1 X76.7234 Y100.781 Z25.6057
G1 X76.6847 Y100.255 Z25.6343
G1 X77.0724 Y99.8961 Z25.6629
G1 X77.5944 Y99.9756 Z25.6914
G1 X77.8577 Y100.433 Z25.72
G1 X78 Y102.376 Z25.72
G1 X79.118 Y117.624
G1 X79.376 Y126.376
G1 X79.79 Y126.79
G1 Z25.52
G1 E1 F2100
M204 P1000
;TYPE:Outer wall
;WIDTH:0.42
G1 F1236
G1 X76.21 Y126.79 E.08725
G1 X76.21 Y117.21 E.23348
G1 X79.79 Y117.21 E.08725
G1 X79.79 Y126.73 E.23202
G1 X79.376 Y126.376 F9000
G1 X79.389 Y126.389
M204 P1500
;TYPE:Inner wall
;WIDTH:0.45
G1 F1236
G1 X76.611 Y126.389 E.07299
G1 X76.611 Y117.611 E.23059
G1 X79.389 Y117.611 E.07299
G1 X79.389 Y126.329 E.22902
G1 X78.974 Y125.974 F9000
G1 F1236
G1 X77.026 Y125.974 E.05115
G1 X77.026 Y118.026 E.20876
G1 X78.974 Y118.026 E.05115
G1 X78.974 Y125.914 E.20718
G1 X78.558 Y125.558 F9000
G1 F1236
G1 X77.442 Y125.558 E.02932
G1 X77.442 Y118.442 E.18692
G1 X78.558 Y118.442 E.02932
G1 X78.558 Y125.498 E.18534
G1 X78.142 Y125.142 F9000
G1 F1236
G1 X77.858 Y125.142 E.00748
G1 X77.858 Y118.858 E.16508
G1 X78.142 Y118.858 E.00748
G1 X78.142 Y125.082 E.16351
G1 E-.7 F2100
;WIPE_START
G1 F2700
G1 X77.858 Y125.142 E-.08729
G1 X77.858 Y124.433 E-.21271
;WIPE_END
G1 X78.197 Y120.632 Z25.72 F9000
G1 X78.466 Y117.624 Z25.72
G1 X79.376 Y102.376
G1 X79.79 Y102.79
G1 Z25.52
G1 E1 F2100
M204 P1000
;TYPE:Outer wall
;WIDTH:0.42
G1 F1236
G1 X76.21 Y102.79 E.08725
G1 X76.21 Y93.21 E.23348
G1 X79.79 Y93.21 E.08725
G1 X79.79 Y102.73 E.23202
G1 X79.376 Y102.376 F9000
G1 X79.389 Y102.389
M204 P1500
;TYPE:Inner wall
;WIDTH:0.45
G1 F1236
G1 X76.611 Y102.389 E.07299
G1 X76.611 Y93.611 E.23059
G1 X79.389 Y93.611 E.07299
G1 X79.389 Y102.329 E.22902
G1 X78.974 Y101.974 F9000
G1 F1236
G1 X77.026 Y101.974 E.05115
G1 X77.026 Y94.026 E.20876
G1 X78.974 Y94.026 E.05115
G1 X78.974 Y101.914 E.20718
G1 X78.558 Y101.558 F9000
G1 F1236
G1 X77.442 Y101.558 E.02932
G1 X77.442 Y94.442 E.18692
G1 X78.558 Y94.442 E.02932
G1 X78.558 Y101.498 E.18534
G1 X78.142 Y101.142 F9000
G1 F1236
G1 X77.858 Y101.142 E.00748
G1 X77.858 Y94.858 E.16508
G1 X78.142 Y94.858 E.00748
G1 X78.142 Y101.082 E.16351
; stop printing object pod_header_usb_coupon.stl id:0 copy 0
;LAYER_CHANGE
;Z:25.68
;HEIGHT:0.16
G92 E0 ; zero the extruded length again
; BEFORE_LAYER_CHANGE 159 @ 25.68mm
G1 E-.7 F2100
;WIPE_START
G1 F2700
G1 X77.858 Y101.142 E-.08729
G1 X77.858 Y100.433 E-.21271
;WIPE_END
; AFTER_LAYER_CHANGE 159 @ 25.68mm
;_SET_FAN_SPEED_CHANGING_LAYER
; printing object pod_header_usb_coupon.stl id:0 copy 0
G1 F9000
G1 X77.664 Y100.925 Z25.7086
G1 X77.1591 Y101.079 Z25.7371
G1 X76.7234 Y100.781 Z25.7657
G1 X76.6847 Y100.255 Z25.7943
G1 X77.0724 Y99.8961 Z25.8229
G1 X77.5944 Y99.9756 Z25.8514
G1 X77.8577 Y100.433 Z25.88
G1 X78 Y102.376 Z25.88
G1 X79.118 Y117.624
G1 X79.376 Y126.376
G1 X79.79 Y126.79
G1 Z25.68
G1 E1 F2100
M204 P1000
;TYPE:Outer wall
;WIDTH:0.42
G1 F1236
G1 X76.21 Y126.79 E.08725
G1 X76.21 Y117.21 E.23348
G1 X79.79 Y117.21 E.08725
G1 X79.79 Y126.73 E.23202
G1 X79.376 Y126.376 F9000
G1 X79.389 Y126.389
M204 P1500
;TYPE:Inner wall
;WIDTH:0.45
G1 F1236
G1 X76.611 Y126.389 E.07299
G1 X76.611 Y117.611 E.23059
G1 X79.389 Y117.611 E.07299
G1 X79.389 Y126.329 E.22902
G1 X78.974 Y125.974 F9000
G1 F1236
G1 X77.026 Y125.974 E.05115
G1 X77.026 Y118.026 E.20876
G1 X78.974 Y118.026 E.05115
G1 X78.974 Y125.914 E.20718
G1 X78.558 Y125.558 F9000
G1 F1236
G1 X77.442 Y125.558 E.02932
G1 X77.442 Y118.442 E.18692
G1 X78.558 Y118.442 E.02932
G1 X78.558 Y125.498 E.18534
G1 X78.142 Y125.142 F9000
G1 F1236
G1 X77.858 Y125.142 E.00748
G1 X77.858 Y118.858 E.16508
G1 X78.142 Y118.858 E.00748
G1 X78.142 Y125.082 E.16351
G1 E-.7 F2100
;WIPE_START
G1 F2700
G1 X77.858 Y125.142 E-.08729
G1 X77.858 Y124.433 E-.21271
;WIPE_END
G1 X78.197 Y120.632 Z25.88 F9000
G1 X78.466 Y117.624 Z25.88
G1 X79.376 Y102.376
G1 X79.79 Y102.79
G1 Z25.68
G1 E1 F2100
M204 P1000
;TYPE:Outer wall
;WIDTH:0.42
G1 F1236
G1 X76.21 Y102.79 E.08725
G1 X76.21 Y93.21 E.23348
G1 X79.79 Y93.21 E.08725
G1 X79.79 Y102.73 E.23202
G1 X79.376 Y102.376 F9000
G1 X79.389 Y102.389
M204 P1500
;TYPE:Inner wall
;WIDTH:0.45
G1 F1236
G1 X76.611 Y102.389 E.07299
G1 X76.611 Y93.611 E.23059
G1 X79.389 Y93.611 E.07299
G1 X79.389 Y102.329 E.22902
G1 X78.974 Y101.974 F9000
G1 F1236
G1 X77.026 Y101.974 E.05115
G1 X77.026 Y94.026 E.20876
G1 X78.974 Y94.026 E.05115
G1 X78.974 Y101.914 E.20718
G1 X78.558 Y101.558 F9000
G1 F1236
G1 X77.442 Y101.558 E.02932
G1 X77.442 Y94.442 E.18692
G1 X78.558 Y94.442 E.02932
G1 X78.558 Y101.498 E.18534
G1 X78.142 Y101.142 F9000
G1 F1236
G1 X77.858 Y101.142 E.00748
G1 X77.858 Y94.858 E.16508
G1 X78.142 Y94.858 E.00748
G1 X78.142 Y101.082 E.16351
; stop printing object pod_header_usb_coupon.stl id:0 copy 0
;LAYER_CHANGE
;Z:25.84
;HEIGHT:0.16
G92 E0 ; zero the extruded length again
; BEFORE_LAYER_CHANGE 160 @ 25.84mm
G1 E-.7 F2100
;WIPE_START
G1 F2700
G1 X77.858 Y101.142 E-.08729
G1 X77.858 Y100.433 E-.21271
;WIPE_END
; AFTER_LAYER_CHANGE 160 @ 25.84mm
;_SET_FAN_SPEED_CHANGING_LAYER
; printing object pod_header_usb_coupon.stl id:0 copy 0
G1 F9000
G1 X77.664 Y100.925 Z25.8686
G1 X77.1591 Y101.079 Z25.8971
G1 X76.7234 Y100.781 Z25.9257
G1 X76.6847 Y100.255 Z25.9543
G1 X77.0724 Y99.8961 Z25.9829
G1 X77.5944 Y99.9756 Z26.0114
G1 X77.8577 Y100.433 Z26.04
G1 X78 Y102.376 Z26.04
G1 X79.118 Y117.624
G1 X79.376 Y126.376
G1 X79.79 Y126.79
G1 Z25.84
G1 E1 F2100
M204 P1000
;TYPE:Outer wall
;WIDTH:0.42
G1 F1236
G1 X76.21 Y126.79 E.08725
G1 X76.21 Y117.21 E.23348
G1 X79.79 Y117.21 E.08725
G1 X79.79 Y126.73 E.23202
G1 X79.376 Y126.376 F9000
G1 X79.389 Y126.389
M204 P1500
;TYPE:Inner wall
;WIDTH:0.45
G1 F1236
G1 X76.611 Y126.389 E.07299
G1 X76.611 Y117.611 E.23059
G1 X79.389 Y117.611 E.07299
G1 X79.389 Y126.329 E.22902
G1 X78.974 Y125.974 F9000
G1 F1236
G1 X77.026 Y125.974 E.05115
G1 X77.026 Y118.026 E.20876
G1 X78.974 Y118.026 E.05115
G1 X78.974 Y125.914 E.20718
G1 X78.558 Y125.558 F9000
G1 F1236
G1 X77.442 Y125.558 E.02932
G1 X77.442 Y118.442 E.18692
G1 X78.558 Y118.442 E.02932
G1 X78.558 Y125.498 E.18534
G1 X78.142 Y125.142 F9000
G1 F1236
G1 X77.858 Y125.142 E.00748
G1 X77.858 Y118.858 E.16508
G1 X78.142 Y118.858 E.00748
G1 X78.142 Y125.082 E.16351
G1 E-.7 F2100
;WIPE_START
G1 F2700
G1 X77.858 Y125.142 E-.08729
G1 X77.858 Y124.433 E-.21271
;WIPE_END
G1 X78.197 Y120.632 Z26.04 F9000
G1 X78.466 Y117.624 Z26.04
G1 X79.376 Y102.376
G1 X79.79 Y102.79
G1 Z25.84
G1 E1 F2100
M204 P1000
;TYPE:Outer wall
;WIDTH:0.42
G1 F1236
G1 X76.21 Y102.79 E.08725
G1 X76.21 Y93.21 E.23348
G1 X79.79 Y93.21 E.08725
G1 X79.79 Y102.73 E.23202
G1 X79.376 Y102.376 F9000
G1 X79.389 Y102.389
M204 P1500
;TYPE:Inner wall
;WIDTH:0.45
G1 F1236
G1 X76.611 Y102.389 E.07299
G1 X76.611 Y93.611 E.23059
G1 X79.389 Y93.611 E.07299
G1 X79.389 Y102.329 E.22902
G1 X78.974 Y101.974 F9000
G1 F1236
G1 X77.026 Y101.974 E.05115
G1 X77.026 Y94.026 E.20876
G1 X78.974 Y94.026 E.05115
G1 X78.974 Y101.914 E.20718
G1 X78.558 Y101.558 F9000
G1 F1236
G1 X77.442 Y101.558 E.02932
G1 X77.442 Y94.442 E.18692
G1 X78.558 Y94.442 E.02932
G1 X78.558 Y101.498 E.18534
G1 X78.142 Y101.142 F9000
G1 F1236
G1 X77.858 Y101.142 E.00748
G1 X77.858 Y94.858 E.16508
G1 X78.142 Y94.858 E.00748
G1 X78.142 Y101.082 E.16351
; stop printing object pod_header_usb_coupon.stl id:0 copy 0
;LAYER_CHANGE
;Z:26
;HEIGHT:0.16
G92 E0 ; zero the extruded length again
; BEFORE_LAYER_CHANGE 161 @ 26mm
G1 E-.7 F2100
;WIPE_START
G1 F2700
G1 X77.858 Y101.142 E-.08729
G1 X77.858 Y100.433 E-.21271
;WIPE_END
; AFTER_LAYER_CHANGE 161 @ 26mm
;_SET_FAN_SPEED_CHANGING_LAYER
; printing object pod_header_usb_coupon.stl id:0 copy 0
G1 F9000
G1 X77.664 Y100.925 Z26.0286
G1 X77.1591 Y101.079 Z26.0571
G1 X76.7234 Y100.781 Z26.0857
G1 X76.6847 Y100.255 Z26.1143
G1 X77.0724 Y99.8961 Z26.1429
G1 X77.5944 Y99.9756 Z26.1714
G1 X77.8577 Y100.433 Z26.2
G1 X78 Y102.376 Z26.2
G1 X79.118 Y117.624
G1 X79.376 Y126.376
G1 X79.79 Y126.79
G1 Z26
G1 E1 F2100
M204 P1000
;TYPE:Outer wall
;WIDTH:0.42
G1 F1236
G1 X76.21 Y126.79 E.08725
G1 X76.21 Y117.21 E.23348
G1 X79.79 Y117.21 E.08725
G1 X79.79 Y126.73 E.23202
G1 X79.376 Y126.376 F9000
G1 X79.389 Y126.389
M204 P1500
;TYPE:Inner wall
;WIDTH:0.45
G1 F1236
G1 X76.611 Y126.389 E.07299
G1 X76.611 Y117.611 E.23059
G1 X79.389 Y117.611 E.07299
G1 X79.389 Y126.329 E.22902
G1 X78.974 Y125.974 F9000
G1 F1236
G1 X77.026 Y125.974 E.05115
G1 X77.026 Y118.026 E.20876
G1 X78.974 Y118.026 E.05115
G1 X78.974 Y125.914 E.20718
G1 X78.558 Y125.558 F9000
G1 F1236
G1 X77.442 Y125.558 E.02932
G1 X77.442 Y118.442 E.18692
G1 X78.558 Y118.442 E.02932
G1 X78.558 Y125.498 E.18534
G1 X78.142 Y125.142 F9000
G1 F1236
G1 X77.858 Y125.142 E.00748
G1 X77.858 Y118.858 E.16508
G1 X78.142 Y118.858 E.00748
G1 X78.142 Y125.082 E.16351
G1 E-.7 F2100
;WIPE_START
G1 F2700
G1 X77.858 Y125.142 E-.08729
G1 X77.858 Y124.433 E-.21271
;WIPE_END
G1 X78.197 Y120.632 Z26.2 F9000
G1 X78.466 Y117.624 Z26.2
G1 X79.376 Y102.376
G1 X79.79 Y102.79
G1 Z26
G1 E1 F2100
M204 P1000
;TYPE:Outer wall
;WIDTH:0.42
G1 F1236
G1 X76.21 Y102.79 E.08725
G1 X76.21 Y93.21 E.23348
G1 X79.79 Y93.21 E.08725
G1 X79.79 Y102.73 E.23202
G1 X79.376 Y102.376 F9000
G1 X79.389 Y102.389
M204 P1500
;TYPE:Inner wall
;WIDTH:0.45
G1 F1236
G1 X76.611 Y102.389 E.07299
G1 X76.611 Y93.611 E.23059
G1 X79.389 Y93.611 E.07299
G1 X79.389 Y102.329 E.22902
G1 X78.974 Y101.974 F9000
G1 F1236
G1 X77.026 Y101.974 E.05115
G1 X77.026 Y94.026 E.20876
G1 X78.974 Y94.026 E.05115
G1 X78.974 Y101.914 E.20718
G1 X78.558 Y101.558 F9000
G1 F1236
G1 X77.442 Y101.558 E.02932
G1 X77.442 Y94.442 E.18692
G1 X78.558 Y94.442 E.02932
G1 X78.558 Y101.498 E.18534
G1 X78.142 Y101.142 F9000
G1 F1236
G1 X77.858 Y101.142 E.00748
G1 X77.858 Y94.858 E.16508
G1 X78.142 Y94.858 E.00748
G1 X78.142 Y101.082 E.16351
; stop printing object pod_header_usb_coupon.stl id:0 copy 0
M106 S173
;LAYER_CHANGE
;Z:26.16
;HEIGHT:0.16
G92 E0 ; zero the extruded length again
; BEFORE_LAYER_CHANGE 162 @ 26.16mm
G1 E-.7 F2100
;WIPE_START
G1 F2700
G1 X77.858 Y101.142 E-.08729
G1 X77.858 Y100.433 E-.21271
;WIPE_END
; AFTER_LAYER_CHANGE 162 @ 26.16mm
;_SET_FAN_SPEED_CHANGING_LAYER
; printing object pod_header_usb_coupon.stl id:0 copy 0
G1 F9000
G1 X77.664 Y100.925 Z26.1886
G1 X77.1591 Y101.079 Z26.2171
G1 X76.7233 Y100.781 Z26.2457
G1 X76.6847 Y100.255 Z26.2743
G1 X77.0724 Y99.8961 Z26.3029
G1 X77.5944 Y99.9756 Z26.3314
G1 X77.8577 Y100.433 Z26.36
G1 X79.376 Y121.15 Z26.36
G1 X79.376 Y126.376
G1 X79.79 Y126.79
G1 Z26.16
G1 E1 F2100
M204 P1000
;TYPE:Outer wall
;WIDTH:0.42
G1 F1800
G1 X76.21 Y126.79 E.08725
G1 X76.21 Y126.16 E.01535
G1 X76.21 Y117.84 E.20277
G1 X76.21 Y117 E.02047
G1 F1320
G1 X76.21 Y116.8 E.00487
M204 P500
;TYPE:Overhang wall
;WIDTH:0.363434
G1 F1500
G1 X76.21 Y103.2 E.28284
M204 P1000
;TYPE:Outer wall
;WIDTH:0.42
G1 F1320
G1 X76.21 Y103 E.00487
M106 S173
G1 F1800
G1 X76.21 Y102.16 E.02047
G1 X76.21 Y93.84 E.20277
G1 X76.21 Y93.21 E.01535
G1 X79.79 Y93.21 E.08725
G1 X79.79 Y93.84 E.01535
G1 X79.79 Y102.16 E.20277
G1 X79.79 Y103 E.02047
G1 F1320
G1 X79.79 Y103.2 E.00487
M204 P500
;TYPE:Overhang wall
;WIDTH:0.363434
G1 F1500
G1 X79.79 Y116.8 E.28284
M204 P1000
;TYPE:Outer wall
;WIDTH:0.42
G1 F1320
G1 X79.79 Y117 E.00487
M106 S173
G1 F1800
G1 X79.79 Y117.84 E.02047
G1 X79.79 Y126.1 E.20131
G1 X79.79 Y126.73 E.01535
G1 X79.376 Y126.376 F9000
G1 X79.389 Y126.389
M204 P1500
;TYPE:Inner wall
;WIDTH:0.45
G1 F2700
G1 X76.611 Y126.389 E.07297
G1 X76.611 Y126.1 E.00759
G1 X76.611 Y117.9 E.21539
G1 X76.611 Y117 E.02364
G1 F1140
G1 X76.611 Y116.8 E.00525
M204 P500
;TYPE:Overhang wall
;WIDTH:0.363434
G1 F1500
G1 X76.611 Y103.2 E.28284
M204 P1500
;TYPE:Inner wall
;WIDTH:0.45
G1 F1140
G1 X76.611 Y103 E.00525
M106 S173
G1 F2700
G1 X76.611 Y102.1 E.02364
G1 X76.611 Y93.9 E.21539
G1 X76.611 Y93.611 E.00759
G1 X79.389 Y93.611 E.07297
G1 X79.389 Y93.9 E.00759
G1 X79.389 Y102.1 E.21539
G1 X79.389 Y103 E.02364
G1 F1140
G1 X79.389 Y103.2 E.00525
M204 P500
;TYPE:Overhang wall
;WIDTH:0.363434
G1 F1500
G1 X79.389 Y116.8 E.28284
M204 P1500
;TYPE:Inner wall
;WIDTH:0.45
G1 F1140
G1 X79.389 Y117 E.00525
M106 S173
G1 F2700
G1 X79.389 Y117.9 E.02364
G1 X79.389 Y126.04 E.21382
G1 X79.389 Y126.329 E.00759
G1 X78.974 Y125.974 F9000
G1 F2700
G1 X77.026 Y125.974 E.05117
G1 X77.026 Y117.9 E.21208
G1 X77.026 Y117 E.02364
G1 F1140
G1 X77.026 Y116.8 E.00525
M204 P500
;TYPE:Overhang wall
;WIDTH:0.363434
G1 F1500
G1 X77.026 Y103.2 E.28284
M204 P1500
;TYPE:Inner wall
;WIDTH:0.45
G1 F1140
G1 X77.026 Y103 E.00525
M106 S173
G1 F2700
G1 X77.026 Y102.1 E.02364
G1 X77.026 Y94.026 E.21208
G1 X78.974 Y94.026 E.05117
G1 X78.974 Y102.1 E.21208
G1 X78.974 Y103 E.02364
G1 F1140
G1 X78.974 Y103.2 E.00525
M204 P500
;TYPE:Overhang wall
;WIDTH:0.363434
G1 F1500
G1 X78.974 Y116.8 E.28284
M204 P1500
;TYPE:Inner wall
;WIDTH:0.45
G1 F1140
G1 X78.974 Y117 E.00525
M106 S173
G1 F2700
G1 X78.974 Y117.9 E.02364
G1 X78.974 Y125.914 E.21051
G1 X78.558 Y125.558 F9000
G1 F2700
G1 X77.442 Y125.558 E.02931
G1 X77.442 Y117.9 E.20116
G1 X77.442 Y117 E.02364
G1 F1140
G1 X77.442 Y116.8 E.00525
M204 P500
;TYPE:Overhang wall
;WIDTH:0.363434
G1 F1500
G1 X77.442 Y103.2 E.28284
M204 P1500
;TYPE:Inner wall
;WIDTH:0.45
G1 F1140
G1 X77.442 Y103 E.00525
M106 S173
G1 F2700
G1 X77.442 Y102.1 E.02364
G1 X77.442 Y94.442 E.20116
G1 X78.558 Y94.442 E.02931
G1 X78.558 Y102.1 E.20116
G1 X78.558 Y103 E.02364
G1 F1140
G1 X78.558 Y103.2 E.00525
M204 P500
;TYPE:Overhang wall
;WIDTH:0.363434
G1 F1500
G1 X78.558 Y116.8 E.28284
M204 P1500
;TYPE:Inner wall
;WIDTH:0.45
G1 F1140
G1 X78.558 Y117 E.00525
M106 S173
G1 F2700
G1 X78.558 Y117.9 E.02364
G1 X78.558 Y125.498 E.19958
G1 X78.142 Y125.142 F9000
G1 F2700
G1 X77.858 Y125.142 E.00746
G1 X77.858 Y117.9 E.19023
G1 X77.858 Y117 E.02364
G1 F1140
G1 X77.858 Y116.8 E.00525
M204 P500
;TYPE:Overhang wall
;WIDTH:0.363434
G1 F1500
G1 X77.858 Y103.2 E.28284
M204 P1500
;TYPE:Inner wall
;WIDTH:0.45
G1 F1140
G1 X77.858 Y103 E.00525
M106 S173
G1 F2700
G1 X77.858 Y102.1 E.02364
G1 X77.858 Y94.858 E.19023
G1 X78.142 Y94.858 E.00746
G1 X78.142 Y102.1 E.19023
G1 X78.142 Y103 E.02364
G1 F1140
G1 X78.142 Y103.2 E.00525
M204 P500
;TYPE:Overhang wall
;WIDTH:0.363434
G1 F1500
G1 X78.142 Y116.8 E.28284
M204 P1500
;TYPE:Inner wall
;WIDTH:0.45
G1 F1140
G1 X78.142 Y117 E.00525
M106 S173
G1 F2700
G1 X78.142 Y117.9 E.02364
G1 X78.142 Y125.082 E.18865
; stop printing object pod_header_usb_coupon.stl id:0 copy 0
M106 S176
;LAYER_CHANGE
;Z:26.32
;HEIGHT:0.16
G92 E0 ; zero the extruded length again
; BEFORE_LAYER_CHANGE 163 @ 26.32mm
G1 E-.7 F2100
;WIPE_START
G1 F2700
G1 X77.858 Y125.142 E-.08729
G1 X77.858 Y124.433 E-.21271
;WIPE_END
; AFTER_LAYER_CHANGE 163 @ 26.32mm
;_SET_FAN_SPEED_CHANGING_LAYER
; printing object pod_header_usb_coupon.stl id:0 copy 0
G1 F9000
G1 X77.9701 Y124.949 Z26.3486
G1 X77.6369 Y125.359 Z26.3771
G1 X77.1089 Y125.354 Z26.4057
G1 X76.7837 Y124.938 Z26.4343
G1 X76.9062 Y124.424 Z26.4629
G1 X77.3842 Y124.2 Z26.4914
G1 X77.8577 Y124.433 Z26.52
G1 X79.376 Y126.376 Z26.52
G1 X79.79 Y126.79
G1 Z26.32
G1 E1 F2100
M204 P1000
;TYPE:Outer wall
;WIDTH:0.42
G1 F1800
G1 X76.21 Y126.79 E.08725
G1 X76.21 Y93.21 E.8184
G1 X79.79 Y93.21 E.08725
G1 X79.79 Y126.73 E.81694
G1 X79.376 Y126.376 F9000
G1 X79.389 Y126.389
M204 P1500
;TYPE:Inner wall
;WIDTH:0.45
G1 F2145
G1 X76.611 Y126.389 E.07299
G1 X76.611 Y93.611 E.86102
G1 X79.389 Y93.611 E.07299
G1 X79.389 Y126.329 E.85944
G1 X78.974 Y125.974 F9000
G1 F2145
G1 X77.026 Y125.974 E.05115
G1 X77.026 Y94.026 E.83918
G1 X78.974 Y94.026 E.05115
G1 X78.974 Y125.914 E.8376
G1 X78.558 Y125.558 F9000
G1 F2145
G1 X77.442 Y125.558 E.02932
G1 X77.442 Y94.442 E.81734
G1 X78.558 Y94.442 E.02932
G1 X78.558 Y125.498 E.81577
G1 X78.142 Y125.142 F9000
G1 F2145
G1 X77.858 Y125.142 E.00748
G1 X77.858 Y94.858 E.79551
G1 X78.142 Y94.858 E.00748
G1 X78.142 Y125.082 E.79393
; stop printing object pod_header_usb_coupon.stl id:0 copy 0
;LAYER_CHANGE
;Z:26.48
;HEIGHT:0.16
G92 E0 ; zero the extruded length again
; BEFORE_LAYER_CHANGE 164 @ 26.48mm
G1 E-.7 F2100
;WIPE_START
G1 F2700
G1 X77.858 Y125.142 E-.08729
G1 X77.858 Y124.433 E-.21271
;WIPE_END
; AFTER_LAYER_CHANGE 164 @ 26.48mm
;_SET_FAN_SPEED_CHANGING_LAYER
; printing object pod_header_usb_coupon.stl id:0 copy 0
G1 F9000
G1 X77.9701 Y124.949 Z26.5086
G1 X77.6369 Y125.359 Z26.5371
G1 X77.1089 Y125.354 Z26.5657
G1 X76.7837 Y124.938 Z26.5943
G1 X76.9062 Y124.424 Z26.6229
G1 X77.3842 Y124.2 Z26.6514
G1 X77.8577 Y124.433 Z26.68
G1 X79.376 Y126.376 Z26.68
G1 X79.79 Y126.79
G1 Z26.48
G1 E1 F2100
M204 P1000
;TYPE:Outer wall
;WIDTH:0.42
G1 F1800
G1 X76.21 Y126.79 E.08725
G1 X76.21 Y93.21 E.8184
G1 X79.79 Y93.21 E.08725
G1 X79.79 Y126.73 E.81694
G1 X79.376 Y126.376 F9000
G1 X79.389 Y126.389
M204 P1500
;TYPE:Inner wall
;WIDTH:0.45
G1 F2145
G1 X76.611 Y126.389 E.07299
G1 X76.611 Y93.611 E.86102
G1 X79.389 Y93.611 E.07299
G1 X79.389 Y126.329 E.85944
G1 X78.974 Y125.974 F9000
G1 F2145
G1 X77.026 Y125.974 E.05115
G1 X77.026 Y94.026 E.83918
G1 X78.974 Y94.026 E.05115
G1 X78.974 Y125.914 E.8376
G1 X78.558 Y125.558 F9000
G1 F2145
G1 X77.442 Y125.558 E.02932
G1 X77.442 Y94.442 E.81734
G1 X78.558 Y94.442 E.02932
G1 X78.558 Y125.498 E.81577
G1 X78.142 Y125.142 F9000
G1 F2145
G1 X77.858 Y125.142 E.00748
G1 X77.858 Y94.858 E.79551
G1 X78.142 Y94.858 E.00748
G1 X78.142 Y125.082 E.79393
; stop printing object pod_header_usb_coupon.stl id:0 copy 0
;LAYER_CHANGE
;Z:26.64
;HEIGHT:0.16
G92 E0 ; zero the extruded length again
; BEFORE_LAYER_CHANGE 165 @ 26.64mm
G1 E-.7 F2100
;WIPE_START
G1 F2700
G1 X77.858 Y125.142 E-.08729
G1 X77.858 Y124.433 E-.21271
;WIPE_END
; AFTER_LAYER_CHANGE 165 @ 26.64mm
;_SET_FAN_SPEED_CHANGING_LAYER
; printing object pod_header_usb_coupon.stl id:0 copy 0
G1 F9000
G1 X77.9701 Y124.949 Z26.6686
G1 X77.6369 Y125.359 Z26.6971
G1 X77.1089 Y125.354 Z26.7257
G1 X76.7837 Y124.938 Z26.7543
G1 X76.9062 Y124.424 Z26.7829
G1 X77.3842 Y124.2 Z26.8114
G1 X77.8577 Y124.433 Z26.84
G1 X79.376 Y126.376 Z26.84
G1 X79.79 Y126.79
G1 Z26.64
G1 E1 F2100
M204 P1000
;TYPE:Outer wall
;WIDTH:0.42
G1 F1800
G1 X76.21 Y126.79 E.08725
G1 X76.21 Y93.21 E.8184
G1 X79.79 Y93.21 E.08725
G1 X79.79 Y126.73 E.81694
G1 X79.376 Y126.376 F9000
G1 X79.389 Y126.389
M204 P1500
;TYPE:Inner wall
;WIDTH:0.45
G1 F2145
G1 X76.611 Y126.389 E.07299
G1 X76.611 Y93.611 E.86102
G1 X79.389 Y93.611 E.07299
G1 X79.389 Y126.329 E.85944
G1 X78.974 Y125.974 F9000
G1 F2145
G1 X77.026 Y125.974 E.05115
G1 X77.026 Y94.026 E.83918
G1 X78.974 Y94.026 E.05115
G1 X78.974 Y125.914 E.8376
G1 X78.558 Y125.558 F9000
G1 F2145
G1 X77.442 Y125.558 E.02932
G1 X77.442 Y94.442 E.81734
G1 X78.558 Y94.442 E.02932
G1 X78.558 Y125.498 E.81577
G1 X78.142 Y125.142 F9000
G1 F2145
G1 X77.858 Y125.142 E.00748
G1 X77.858 Y94.858 E.79551
G1 X78.142 Y94.858 E.00748
G1 X78.142 Y125.082 E.79393
; stop printing object pod_header_usb_coupon.stl id:0 copy 0
;LAYER_CHANGE
;Z:26.8
;HEIGHT:0.16
G92 E0 ; zero the extruded length again
; BEFORE_LAYER_CHANGE 166 @ 26.8mm
G1 E-.7 F2100
;WIPE_START
G1 F2700
G1 X77.858 Y125.142 E-.08729
G1 X77.858 Y124.433 E-.21271
;WIPE_END
; AFTER_LAYER_CHANGE 166 @ 26.8mm
;_SET_FAN_SPEED_CHANGING_LAYER
; printing object pod_header_usb_coupon.stl id:0 copy 0
G1 F9000
G1 X77.9701 Y124.949 Z26.8286
G1 X77.6369 Y125.359 Z26.8571
G1 X77.1089 Y125.354 Z26.8857
G1 X76.7837 Y124.938 Z26.9143
G1 X76.9062 Y124.424 Z26.9429
G1 X77.3842 Y124.2 Z26.9714
G1 X77.8577 Y124.433 Z27
G1 X79.376 Y126.376 Z27
G1 X79.79 Y126.79
G1 Z26.8
G1 E1 F2100
M204 P1000
;TYPE:Outer wall
;WIDTH:0.42
G1 F1800
G1 X76.21 Y126.79 E.08725
G1 X76.21 Y93.21 E.8184
G1 X79.79 Y93.21 E.08725
G1 X79.79 Y126.73 E.81694
G1 X79.376 Y126.376 F9000
G1 X79.389 Y126.389
M204 P1500
;TYPE:Inner wall
;WIDTH:0.45
G1 F2145
G1 X76.611 Y126.389 E.07299
G1 X76.611 Y93.611 E.86102
G1 X79.389 Y93.611 E.07299
G1 X79.389 Y126.329 E.85944
G1 X78.974 Y125.974 F9000
G1 F2145
G1 X77.026 Y125.974 E.05115
G1 X77.026 Y94.026 E.83918
G1 X78.974 Y94.026 E.05115
G1 X78.974 Y125.914 E.8376
G1 X78.558 Y125.558 F9000
G1 F2145
G1 X77.442 Y125.558 E.02932
G1 X77.442 Y94.442 E.81734
G1 X78.558 Y94.442 E.02932
G1 X78.558 Y125.498 E.81577
G1 X78.142 Y125.142 F9000
G1 F2145
G1 X77.858 Y125.142 E.00748
G1 X77.858 Y94.858 E.79551
G1 X78.142 Y94.858 E.00748
G1 X78.142 Y125.082 E.79393
; stop printing object pod_header_usb_coupon.stl id:0 copy 0
;LAYER_CHANGE
;Z:26.96
;HEIGHT:0.16
G92 E0 ; zero the extruded length again
; BEFORE_LAYER_CHANGE 167 @ 26.96mm
G1 E-.7 F2100
;WIPE_START
G1 F2700
G1 X77.858 Y125.142 E-.08729
G1 X77.858 Y124.433 E-.21271
;WIPE_END
; AFTER_LAYER_CHANGE 167 @ 26.96mm
;_SET_FAN_SPEED_CHANGING_LAYER
; printing object pod_header_usb_coupon.stl id:0 copy 0
G1 F9000
G1 X77.9701 Y124.949 Z26.9886
G1 X77.6369 Y125.359 Z27.0171
G1 X77.1089 Y125.354 Z27.0457
G1 X76.7837 Y124.938 Z27.0743
G1 X76.9062 Y124.424 Z27.1029
G1 X77.3842 Y124.2 Z27.1314
G1 X77.8577 Y124.433 Z27.16
G1 X79.376 Y126.376 Z27.16
G1 X79.79 Y126.79
G1 Z26.96
G1 E1 F2100
M204 P1000
;TYPE:Outer wall
;WIDTH:0.42
G1 F1800
G1 X76.21 Y126.79 E.08725
G1 X76.21 Y93.21 E.8184
G1 X79.79 Y93.21 E.08725
G1 X79.79 Y126.73 E.81694
G1 X79.376 Y126.376 F9000
G1 X79.389 Y126.389
M204 P1500
;TYPE:Inner wall
;WIDTH:0.45
G1 F2145
G1 X76.611 Y126.389 E.07299
G1 X76.611 Y93.611 E.86102
G1 X79.389 Y93.611 E.07299
G1 X79.389 Y126.329 E.85944
G1 X78.974 Y125.974 F9000
G1 F2145
G1 X77.026 Y125.974 E.05115
G1 X77.026 Y94.026 E.83918
G1 X78.974 Y94.026 E.05115
G1 X78.974 Y125.914 E.8376
G1 X78.558 Y125.558 F9000
G1 F2145
G1 X77.442 Y125.558 E.02932
G1 X77.442 Y94.442 E.81734
G1 X78.558 Y94.442 E.02932
G1 X78.558 Y125.498 E.81577
G1 X78.142 Y125.142 F9000
G1 F2145
G1 X77.858 Y125.142 E.00748
G1 X77.858 Y94.858 E.79551
G1 X78.142 Y94.858 E.00748
G1 X78.142 Y125.082 E.79393
; stop printing object pod_header_usb_coupon.stl id:0 copy 0
;LAYER_CHANGE
;Z:27.12
;HEIGHT:0.160002
G92 E0 ; zero the extruded length again
; BEFORE_LAYER_CHANGE 168 @ 27.12mm
G1 E-.7 F2100
;WIPE_START
G1 F2700
G1 X77.858 Y125.142 E-.08729
G1 X77.858 Y124.433 E-.21271
;WIPE_END
; AFTER_LAYER_CHANGE 168 @ 27.12mm
;_SET_FAN_SPEED_CHANGING_LAYER
; printing object pod_header_usb_coupon.stl id:0 copy 0
G1 F9000
G1 X77.9701 Y124.949 Z27.1486
G1 X77.6369 Y125.359 Z27.1771
G1 X77.1089 Y125.354 Z27.2057
G1 X76.7837 Y124.938 Z27.2343
G1 X76.9062 Y124.424 Z27.2629
G1 X77.3842 Y124.2 Z27.2914
G1 X77.8577 Y124.433 Z27.32
G1 X79.376 Y126.376 Z27.32
G1 X79.79 Y126.79
G1 Z27.12
G1 E1 F2100
M204 P1000
;TYPE:Outer wall
;WIDTH:0.42
G1 F1800
G1 X76.21 Y126.79 E.08725
G1 X76.21 Y93.21 E.8184
G1 X79.79 Y93.21 E.08725
G1 X79.79 Y126.73 E.81694
G1 X79.376 Y126.376 F9000
G1 X79.389 Y126.389
M204 P1500
;TYPE:Inner wall
;WIDTH:0.45
G1 F2145
G1 X76.611 Y126.389 E.07299
G1 X76.611 Y93.611 E.86102
G1 X79.389 Y93.611 E.07299
G1 X79.389 Y126.329 E.85944
G1 X78.974 Y125.974 F9000
G1 F2145
G1 X77.026 Y125.974 E.05115
G1 X77.026 Y94.026 E.83918
G1 X78.974 Y94.026 E.05115
G1 X78.974 Y125.914 E.8376
G1 X78.558 Y125.558 F9000
G1 F2145
G1 X77.442 Y125.558 E.02932
G1 X77.442 Y94.442 E.81734
G1 X78.558 Y94.442 E.02932
G1 X78.558 Y125.498 E.81577
G1 X78.142 Y125.142 F9000
G1 F2145
G1 X77.858 Y125.142 E.00748
G1 X77.858 Y94.858 E.79551
G1 X78.142 Y94.858 E.00748
G1 X78.142 Y125.082 E.79393
; stop printing object pod_header_usb_coupon.stl id:0 copy 0
;LAYER_CHANGE
;Z:27.28
;HEIGHT:0.16
G92 E0 ; zero the extruded length again
; BEFORE_LAYER_CHANGE 169 @ 27.28mm
G1 E-.7 F2100
;WIPE_START
G1 F2700
G1 X77.858 Y125.142 E-.08729
G1 X77.858 Y124.433 E-.21271
;WIPE_END
; AFTER_LAYER_CHANGE 169 @ 27.28mm
;_SET_FAN_SPEED_CHANGING_LAYER
; printing object pod_header_usb_coupon.stl id:0 copy 0
G1 F9000
G1 X77.9701 Y124.949 Z27.3086
G1 X77.6369 Y125.359 Z27.3371
G1 X77.1089 Y125.354 Z27.3657
G1 X76.7837 Y124.938 Z27.3943
G1 X76.9062 Y124.424 Z27.4229
G1 X77.3842 Y124.2 Z27.4514
G1 X77.8577 Y124.433 Z27.48
G1 X79.376 Y126.376 Z27.48
G1 X79.79 Y126.79
G1 Z27.28
G1 E1 F2100
M204 P1000
;TYPE:Outer wall
;WIDTH:0.42
G1 F1800
G1 X76.21 Y126.79 E.08725
G1 X76.21 Y93.21 E.8184
G1 X79.79 Y93.21 E.08725
G1 X79.79 Y126.73 E.81694
G1 X79.376 Y126.376 F9000
G1 X79.389 Y126.389
M204 P1500
;TYPE:Inner wall
;WIDTH:0.45
G1 F2145
G1 X76.611 Y126.389 E.07299
G1 X76.611 Y93.611 E.86102
G1 X79.389 Y93.611 E.07299
G1 X79.389 Y126.329 E.85944
G1 X78.974 Y125.974 F9000
G1 F2145
G1 X77.026 Y125.974 E.05115
G1 X77.026 Y94.026 E.83918
G1 X78.974 Y94.026 E.05115
G1 X78.974 Y125.914 E.8376
G1 X78.558 Y125.558 F9000
G1 F2145
G1 X77.442 Y125.558 E.02932
G1 X77.442 Y94.442 E.81734
G1 X78.558 Y94.442 E.02932
G1 X78.558 Y125.498 E.81577
G1 X78.142 Y125.142 F9000
G1 F2145
G1 X77.858 Y125.142 E.00748
G1 X77.858 Y94.858 E.79551
G1 X78.142 Y94.858 E.00748
G1 X78.142 Y125.082 E.79393
; stop printing object pod_header_usb_coupon.stl id:0 copy 0
;LAYER_CHANGE
;Z:27.44
;HEIGHT:0.16
G92 E0 ; zero the extruded length again
; BEFORE_LAYER_CHANGE 170 @ 27.44mm
G1 E-.7 F2100
;WIPE_START
G1 F2700
G1 X77.858 Y125.142 E-.08729
G1 X77.858 Y124.433 E-.21271
;WIPE_END
; AFTER_LAYER_CHANGE 170 @ 27.44mm
;_SET_FAN_SPEED_CHANGING_LAYER
; printing object pod_header_usb_coupon.stl id:0 copy 0
G1 F9000
G1 X77.9701 Y124.949 Z27.4686
G1 X77.6369 Y125.359 Z27.4971
G1 X77.1089 Y125.354 Z27.5257
G1 X76.7837 Y124.938 Z27.5543
G1 X76.9062 Y124.424 Z27.5829
G1 X77.3842 Y124.2 Z27.6114
G1 X77.8577 Y124.433 Z27.64
G1 X79.376 Y126.376 Z27.64
G1 X79.79 Y126.79
G1 Z27.44
G1 E1 F2100
M204 P1000
;TYPE:Outer wall
;WIDTH:0.42
G1 F1800
G1 X76.21 Y126.79 E.08725
G1 X76.21 Y93.21 E.8184
G1 X79.79 Y93.21 E.08725
G1 X79.79 Y126.73 E.81694
G1 X79.376 Y126.376 F9000
G1 X79.389 Y126.389
M204 P1500
;TYPE:Inner wall
;WIDTH:0.45
G1 F2145
G1 X76.611 Y126.389 E.07299
G1 X76.611 Y93.611 E.86102
G1 X79.389 Y93.611 E.07299
G1 X79.389 Y126.329 E.85944
G1 X78.974 Y125.974 F9000
G1 F2145
G1 X77.026 Y125.974 E.05115
G1 X77.026 Y94.026 E.83918
G1 X78.974 Y94.026 E.05115
G1 X78.974 Y125.914 E.8376
G1 X78.558 Y125.558 F9000
G1 F2145
G1 X77.442 Y125.558 E.02932
G1 X77.442 Y94.442 E.81734
G1 X78.558 Y94.442 E.02932
G1 X78.558 Y125.498 E.81577
G1 X78.142 Y125.142 F9000
G1 F2145
G1 X77.858 Y125.142 E.00748
G1 X77.858 Y94.858 E.79551
G1 X78.142 Y94.858 E.00748
G1 X78.142 Y125.082 E.79393
; stop printing object pod_header_usb_coupon.stl id:0 copy 0
;LAYER_CHANGE
;Z:27.6
;HEIGHT:0.16
G92 E0 ; zero the extruded length again
; BEFORE_LAYER_CHANGE 171 @ 27.6mm
G1 E-.7 F2100
;WIPE_START
G1 F2700
G1 X77.858 Y125.142 E-.08729
G1 X77.858 Y124.433 E-.21271
;WIPE_END
; AFTER_LAYER_CHANGE 171 @ 27.6mm
;_SET_FAN_SPEED_CHANGING_LAYER
; printing object pod_header_usb_coupon.stl id:0 copy 0
G1 F9000
G1 X77.9701 Y124.949 Z27.6286
G1 X77.6369 Y125.359 Z27.6571
G1 X77.1089 Y125.354 Z27.6857
G1 X76.7837 Y124.938 Z27.7143
G1 X76.9062 Y124.424 Z27.7429
G1 X77.3842 Y124.2 Z27.7714
G1 X77.8577 Y124.433 Z27.8
G1 X79.376 Y126.376 Z27.8
G1 X79.79 Y126.79
G1 Z27.6
G1 E1 F2100
M204 P1000
;TYPE:Outer wall
;WIDTH:0.42
G1 F1800
G1 X76.21 Y126.79 E.08725
G1 X76.21 Y93.21 E.8184
G1 X79.79 Y93.21 E.08725
G1 X79.79 Y126.73 E.81694
G1 X79.376 Y126.376 F9000
G1 X79.389 Y126.389
M204 P1500
;TYPE:Inner wall
;WIDTH:0.45
G1 F2145
G1 X76.611 Y126.389 E.07299
G1 X76.611 Y93.611 E.86102
G1 X79.389 Y93.611 E.07299
G1 X79.389 Y126.329 E.85944
G1 X78.974 Y125.974 F9000
G1 F2145
G1 X77.026 Y125.974 E.05115
G1 X77.026 Y94.026 E.83918
G1 X78.974 Y94.026 E.05115
G1 X78.974 Y125.914 E.8376
G1 X78.558 Y125.558 F9000
G1 F2145
G1 X77.442 Y125.558 E.02932
G1 X77.442 Y94.442 E.81734
G1 X78.558 Y94.442 E.02932
G1 X78.558 Y125.498 E.81577
G1 X78.142 Y125.142 F9000
G1 F2145
G1 X77.858 Y125.142 E.00748
G1 X77.858 Y94.858 E.79551
G1 X78.142 Y94.858 E.00748
G1 X78.142 Y125.082 E.79393
; stop printing object pod_header_usb_coupon.stl id:0 copy 0
;LAYER_CHANGE
;Z:27.76
;HEIGHT:0.16
G92 E0 ; zero the extruded length again
; BEFORE_LAYER_CHANGE 172 @ 27.76mm
G1 E-.7 F2100
;WIPE_START
G1 F2700
G1 X77.858 Y125.142 E-.08729
G1 X77.858 Y124.433 E-.21271
;WIPE_END
; AFTER_LAYER_CHANGE 172 @ 27.76mm
;_SET_FAN_SPEED_CHANGING_LAYER
; printing object pod_header_usb_coupon.stl id:0 copy 0
G1 F9000
G1 X77.9701 Y124.949 Z27.7886
G1 X77.6369 Y125.359 Z27.8171
G1 X77.1089 Y125.354 Z27.8457
G1 X76.7837 Y124.938 Z27.8743
G1 X76.9062 Y124.424 Z27.9029
G1 X77.3842 Y124.2 Z27.9314
G1 X77.8577 Y124.433 Z27.96
G1 X79.376 Y126.376 Z27.96
G1 X79.79 Y126.79
G1 Z27.76
G1 E1 F2100
M204 P1000
;TYPE:Outer wall
;WIDTH:0.42
G1 F1800
G1 X76.21 Y126.79 E.08725
G1 X76.21 Y93.21 E.8184
G1 X79.79 Y93.21 E.08725
G1 X79.79 Y126.73 E.81694
G1 X79.376 Y126.376 F9000
G1 X79.389 Y126.389
M204 P1500
;TYPE:Inner wall
;WIDTH:0.45
G1 F2145
G1 X76.611 Y126.389 E.07299
G1 X76.611 Y93.611 E.86102
G1 X79.389 Y93.611 E.07299
G1 X79.389 Y126.329 E.85944
G1 X78.974 Y125.974 F9000
G1 F2145
G1 X77.026 Y125.974 E.05115
G1 X77.026 Y94.026 E.83918
G1 X78.974 Y94.026 E.05115
G1 X78.974 Y125.914 E.8376
G1 X78.558 Y125.558 F9000
G1 F2145
G1 X77.442 Y125.558 E.02932
G1 X77.442 Y94.442 E.81734
G1 X78.558 Y94.442 E.02932
G1 X78.558 Y125.498 E.81577
G1 X78.142 Y125.142 F9000
G1 F2145
G1 X77.858 Y125.142 E.00748
G1 X77.858 Y94.858 E.79551
G1 X78.142 Y94.858 E.00748
G1 X78.142 Y125.082 E.79393
; stop printing object pod_header_usb_coupon.stl id:0 copy 0
M106 S102
;LAYER_CHANGE
;Z:27.92
;HEIGHT:0.16
G92 E0 ; zero the extruded length again
; BEFORE_LAYER_CHANGE 173 @ 27.92mm
G1 E-.7 F2100
;WIPE_START
G1 F2700
G1 X77.858 Y125.142 E-.08729
G1 X77.858 Y124.433 E-.21271
;WIPE_END
; AFTER_LAYER_CHANGE 173 @ 27.92mm
;_SET_FAN_SPEED_CHANGING_LAYER
; printing object pod_header_usb_coupon.stl id:0 copy 0
G1 F9000
G1 X77.9821 Y124.946 Z27.9486
G1 X77.6586 Y125.364 Z27.9771
G1 X77.1306 Y125.371 Z28.0057
G1 X76.7958 Y124.963 Z28.0343
G1 X76.9063 Y124.446 Z28.0629
G1 X77.3789 Y124.211 Z28.0914
G1 X77.8577 Y124.433 Z28.12
G1 X79.79 Y126.79 Z28.12
G1 Z27.92
G1 E1 F2100
M204 P1000
;TYPE:Outer wall
;WIDTH:0.42
G1 F1800
G1 X76.21 Y126.79 E.08725
G1 X76.21 Y93.21 E.8184
G1 X79.79 Y93.21 E.08725
G1 X79.79 Y126.73 E.81694
G1 X79.482 Y126.674 F9000
;TYPE:Top surface
;WIDTH:0.457732
G1 F1800
G1 X79.482 Y93.499 E.88764
G1 X79.058 Y93.499 E.01133
G1 X79.058 Y126.501 E.88299
G1 X78.635 Y126.501 E.01133
G1 X78.635 Y93.499 E.88299
G1 X78.212 Y93.499 E.01133
G1 X78.212 Y126.501 E.88299
G1 X77.788 Y126.501 E.01133
G1 X77.788 Y93.499 E.88299
G1 X77.365 Y93.499 E.01133
G1 X77.365 Y126.501 E.88299
G1 X76.941 Y126.501 E.01133
G1 X76.941 Y93.499 E.88299
G1 X76.518 Y93.499 E.01133
G1 X76.518 Y126.674 E.88764
G1 E-.7 F2100
;WIPE_START
G1 F1800
G1 X76.518 Y125.674 E-.3
;WIPE_END
G1 X79.75 Y126.795 Z28.12 F9000
G1 Z27.92
G1 E1 F2100
;TYPE:Ironing
;WIDTH:0.401288
;HEIGHT:0.006
G1 F900
G1 X79.75 Y93.25 E.0318
G1 X79.65 Y93.25 E.00009
G1 X79.65 Y126.75 E.03176
G1 X79.55 Y126.75 E.00009
G1 X79.55 Y93.25 E.03176
G1 X79.45 Y93.25 E.00009
G1 X79.45 Y126.75 E.03176
G1 X79.35 Y126.75 E.00009
G1 X79.35 Y93.25 E.03176
G1 X79.25 Y93.25 E.00009
G1 X79.25 Y126.75 E.03176
G1 X79.15 Y126.75 E.00009
G1 X79.15 Y93.25 E.03176
G1 X79.05 Y93.25 E.00009
G1 X79.05 Y126.75 E.03176
G1 X78.95 Y126.75 E.00009
G1 X78.95 Y93.25 E.03176
G1 X78.85 Y93.25 E.00009
G1 X78.85 Y126.75 E.03176
G1 X78.75 Y126.75 E.00009
G1 X78.75 Y93.25 E.03176
G1 X78.65 Y93.25 E.00009
G1 X78.65 Y126.75 E.03176
G1 X78.55 Y126.75 E.00009
G1 X78.55 Y93.25 E.03176
G1 X78.45 Y93.25 E.00009
G1 X78.45 Y126.75 E.03176
G1 X78.35 Y126.75 E.00009
G1 X78.35 Y93.25 E.03176
G1 X78.25 Y93.25 E.00009
G1 X78.25 Y126.75 E.03176
G1 X78.15 Y126.75 E.00009
G1 X78.15 Y93.25 E.03176
G1 X78.05 Y93.25 E.00009
G1 X78.05 Y126.75 E.03176
G1 X77.95 Y126.75 E.00009
G1 X77.95 Y93.25 E.03176
G1 X77.85 Y93.25 E.00009
G1 X77.85 Y126.75 E.03176
G1 X77.75 Y126.75 E.00009
G1 X77.75 Y93.25 E.03176
G1 X77.65 Y93.25 E.00009
G1 X77.65 Y126.75 E.03176
G1 X77.55 Y126.75 E.00009
G1 X77.55 Y93.25 E.03176
G1 X77.45 Y93.25 E.00009
G1 X77.45 Y126.75 E.03176
G1 X77.35 Y126.75 E.00009
G1 X77.35 Y93.25 E.03176
G1 X77.25 Y93.25 E.00009
G1 X77.25 Y126.75 E.03176
G1 X77.15 Y126.75 E.00009
G1 X77.15 Y93.25 E.03176
G1 X77.05 Y93.25 E.00009
G1 X77.05 Y126.75 E.03176
G1 X76.95 Y126.75 E.00009
G1 X76.95 Y93.25 E.03176
G1 X76.85 Y93.25 E.00009
G1 X76.85 Y126.75 E.03176
G1 X76.75 Y126.75 E.00009
G1 X76.75 Y93.25 E.03176
G1 X76.65 Y93.25 E.00009
G1 X76.65 Y126.75 E.03176
G1 X76.55 Y126.75 E.00009
G1 X76.55 Y93.25 E.03176
G1 X76.45 Y93.25 E.00009
G1 X76.45 Y126.75 E.03176
G1 X76.35 Y126.75 E.00009
G1 X76.35 Y93.205 E.0318
; stop printing object pod_header_usb_coupon.stl id:0 copy 0
G1 E-.7 F2100
;WIPE_START
G1 F900
G1 X76.35 Y94.205 E-.3
;WIPE_END
M106 S0
;TYPE:Custom
; filament end gcode 
;M106 P3 S0
M140 S0 ; heatbed off
M107 ; fan off
G91 ; relative positioning
M83 ; extruder relative mode
G1 E-1 F2100 ; controlled direct-drive retract
G1 Z+0.5 F3000 ; lift nozzle
M104 S0 ; extruder off
G28 X Y ; home X/Y
G90 ; absolute positioning
G1 Y220 F3000
M84 ; steppers off
M300 S1318 P266
; EXECUTABLE_BLOCK_END

; filament used [mm] = 3811.67
; filament used [cm3] = 9.17
; filament used [g] = 11.37
; filament cost = 0.20
; total filament used [g] = 11.37
; total filament cost = 0.20
; total layers count = 174
; estimated printing time (normal mode) = 1h 42m 55s
; estimated first layer printing time (normal mode) = 4m 29s

; CONFIG_BLOCK_START
; accel_to_decel_enable = 1
; accel_to_decel_factor = 50%
; activate_air_filtration = 0
; activate_air_filtration_during_print = 1
; activate_air_filtration_on_completion = 1
; activate_chamber_temp_control = 0
; adaptive_bed_mesh_margin = 0
; adaptive_pressure_advance = 0
; adaptive_pressure_advance_bridges = 0
; adaptive_pressure_advance_model = "0,0,0\n0,0,0"
; adaptive_pressure_advance_overhangs = 0
; additional_cooling_fan_speed = 0
; additional_fan_full_speed_layer = 0
; align_infill_direction_to_model = 0
; alternate_extra_wall = 0
; auxiliary_fan = 0
; bbl_calib_mark_logo = 1
; bbl_use_printhost = 0
; bed_custom_model = 
; bed_custom_texture = 
; bed_exclude_area = 0x0
; bed_mesh_max = 0,0
; bed_mesh_min = 0,0
; bed_mesh_probe_distance = 0,0
; bed_temperature_formula = by_highest_temp
; before_layer_change_gcode = G92 E0 ; zero the extruded length again\n; BEFORE_LAYER_CHANGE [layer_num] @ [layer_z]mm
; best_object_pos = 0.5,0.5
; bottom_shell_layers = 6
; bottom_shell_thickness = 0.6
; bottom_solid_infill_flow_ratio = 1
; bottom_surface_density = 100%
; bottom_surface_filament_id = 0
; bottom_surface_pattern = monotonic
; bridge_acceleration = 50%
; bridge_angle = 0
; bridge_density = 100%
; bridge_flow = 0.9
; bridge_line_width = 100%
; bridge_no_support = 1
; bridge_speed = 25
; brim_ears_detection_length = 1
; brim_ears_max_angle = 125
; brim_flow_ratio = 1
; brim_object_gap = 0.15
; brim_type = outer_only
; brim_use_efc_outline = 0
; brim_width = 8
; calib_flowrate_topinfill_special_order = 0
; chamber_minimal_temperature = 0
; chamber_temperature = 0
; change_extrusion_role_gcode = 
; change_filament_gcode = 
; close_additional_fan_first_x_layers = 1
; close_fan_the_first_x_layers = 3
; combine_brims = 0
; compatible_printers_condition = 
; complete_print_exhaust_fan_speed = 70
; cool_plate_temp = 80
; cool_plate_temp_initial_layer = 80
; cooling_tube_length = 0
; cooling_tube_retraction = 0
; counterbore_hole_bridging = none
; curr_bed_type = Cool Plate
; default_acceleration = 1000
; default_filament_colour = ""
; default_filament_profile = "Anycubic Generic PLA"
; default_jerk = 0
; default_junction_deviation = 0
; default_print_profile = 0.20mm Standard @Anycubic Kobra Neo 0.4 nozzle
; deretraction_speed = 35
; detect_narrow_internal_solid_infill = 1
; detect_overhang_wall = 1
; detect_thin_wall = 0
; different_settings_to_system = ;;
; disable_m73 = 1
; dont_filter_internal_bridges = disabled
; dont_slow_down_outer_wall = 0
; draft_shield = disabled
; during_print_exhaust_fan_speed = 70
; elefant_foot_compensation = 0.075
; elefant_foot_compensation_layers = 1
; elefant_foot_layers_density = 100%
; emit_machine_limits_to_gcode = 1
; enable_arc_fitting = 0
; enable_extra_bridge_layer = disabled
; enable_filament_ramming = 0
; enable_long_retraction_when_cut = 0
; enable_overhang_bridge_fan = 1
; enable_overhang_speed = 1
; enable_power_loss_recovery = printer_configuration
; enable_pressure_advance = 0
; enable_prime_tower = 0
; enable_support = 0
; enable_tower_interface_cooldown_during_tower = 0
; enable_tower_interface_features = 0
; enable_wrapping_detection = 0
; enforce_support_layers = 0
; eng_plate_temp = 60
; eng_plate_temp_initial_layer = 60
; ensure_vertical_shell_thickness = ensure_all
; exclude_object = 0
; extra_loading_move = 0
; extra_perimeters_on_overhangs = 1
; extra_solid_infills = 
; extruder_ams_count = 
; extruder_clearance_height_to_lid = 20
; extruder_clearance_height_to_rod = 20
; extruder_clearance_radius = 20
; extruder_colour = #F2754E
; extruder_offset = 0x0
; extruder_printable_area = 
; extruder_printable_height = 0
; extruder_type = Direct Drive
; extrusion_rate_smoothing_external_perimeter_only = 0
; fan_cooling_layer_time = 30
; fan_kickstart = 0
; fan_max_speed = 70
; fan_min_speed = 40
; fan_speedup_overhangs = 1
; fan_speedup_time = 0
; filament_adaptive_volumetric_speed = 0
; filament_adhesiveness_category = 0
; filament_change_extrusion_role_gcode = ""
; filament_change_length = 10
; filament_colour = #F2754E
; filament_cooling_before_tower = 10
; filament_cooling_final_speed = 3.4
; filament_cooling_initial_speed = 2.2
; filament_cooling_moves = 4
; filament_cost = 18
; filament_density = 1.24
; filament_deretraction_speed = 35
; filament_diameter = 1.75
; filament_end_gcode = "; filament end gcode \n;M106 P3 S0\n"
; filament_extruder_variant = "Direct Drive Standard"
; filament_flow_ratio = 0.95
; filament_flush_temp = 0
; filament_flush_volumetric_speed = 0
; filament_ids = NUMPETGHS
; filament_is_support = 0
; filament_loading_speed = 28
; filament_loading_speed_start = 3
; filament_map = 1
; filament_map_mode = Auto For Flush
; filament_max_volumetric_speed = 8
; filament_minimal_purge_on_wipe_tower = 15
; filament_multitool_ramming = 0
; filament_multitool_ramming_flow = 10
; filament_multitool_ramming_volume = 10
; filament_notes = ""
; filament_printable = 3
; filament_ramming_parameters = "120 100 6.6 6.8 7.2 7.6 7.9 8.2 8.7 9.4 9.9 10.0| 0.05 6.6 0.45 6.8 0.95 7.8 1.45 8.3 1.95 9.7 2.45 10 2.95 7.6 3.45 7.6 3.95 7.6 4.45 7.6 4.95 7.6"
; filament_retraction_length = 1
; filament_retraction_speed = 35
; filament_self_index = 1
; filament_settings_id = "numakers PETG-HS Braillix"
; filament_shrink = 100%
; filament_shrinkage_compensation_z = 100%
; filament_soluble = 0
; filament_stamping_distance = 0
; filament_stamping_loading_speed = 0
; filament_start_gcode = "; Filament gcode\n;{if activate_air_filtration[current_extruder] && support_air_filtration}\n;M106 P3 S{during_print_exhaust_fan_speed_num[current_extruder]} \n;{endif}"
; filament_toolchange_delay = 0
; filament_tower_interface_pre_extrusion_dist = 10
; filament_tower_interface_pre_extrusion_length = 0
; filament_tower_interface_print_temp = -1
; filament_tower_interface_purge_volume = 20
; filament_tower_ironing_area = 4
; filament_type = PETG
; filament_unloading_speed = 90
; filament_unloading_speed_start = 100
; filament_vendor = numakers
; file_start_gcode = 
; filename_format = {input_filename_base}_{filament_type[0]}_{layer_height}_{print_time}.gcode
; fill_multiline = 1
; filter_out_gap_fill = 0
; first_layer_flow_ratio = 1
; first_layer_print_sequence = 0
; first_x_layer_fan_speed = 0
; flush_into_infill = 0
; flush_into_objects = 0
; flush_into_support = 0
; flush_multiplier = 0.3
; flush_volumes_matrix = 0,280,280,280,280,0,280,280,280,280,0,280,280,280,280,0
; flush_volumes_vector = 140,140,140,140,140,140,140,140
; full_fan_speed_layer = 3
; fuzzy_skin = none
; fuzzy_skin_first_layer = 0
; fuzzy_skin_layers_between_ripple_offset = 1
; fuzzy_skin_mode = displacement
; fuzzy_skin_noise_type = classic
; fuzzy_skin_octaves = 4
; fuzzy_skin_persistence = 0.5
; fuzzy_skin_point_distance = 0.8
; fuzzy_skin_ripple_offset = 50%
; fuzzy_skin_ripples_per_layer = 15
; fuzzy_skin_scale = 1
; fuzzy_skin_thickness = 0.3
; gap_fill_flow_ratio = 1
; gap_fill_target = topbottom
; gap_infill_speed = 45
; gcode_add_line_number = 0
; gcode_comments = 0
; gcode_flavor = marlin2
; gcode_label_objects = 1
; grab_length = 0
; gyroid_optimized = 0
; has_scarf_joint_seam = 0
; head_wrap_detect_zone = 
; high_current_on_filament_swap = 0
; hole_to_polyhole = 0
; hole_to_polyhole_threshold = 0.01
; hole_to_polyhole_twisted = 1
; host_type = octoprint
; hot_plate_temp = 80
; hot_plate_temp_initial_layer = 80
; idle_temperature = 0
; independent_support_layer_height = 1
; infill_anchor = 400
; infill_anchor_max = 10
; infill_combination = 0
; infill_combination_max_layer_height = 100%
; infill_direction = 45
; infill_jerk = 9
; infill_lock_depth = 1
; infill_overhang_angle = 60
; infill_shift_step = 0.4
; infill_wall_overlap = 15%
; inherits_group = ;;
; initial_layer_acceleration = 500
; initial_layer_infill_speed = 20
; initial_layer_jerk = 9
; initial_layer_line_width = 0.5
; initial_layer_min_bead_width = 85%
; initial_layer_print_height = 0.24
; initial_layer_speed = 20
; initial_layer_travel_acceleration = 100%
; initial_layer_travel_jerk = 100%
; initial_layer_travel_speed = 100%
; inner_wall_acceleration = 1500
; inner_wall_filament_id = 0
; inner_wall_flow_ratio = 1
; inner_wall_jerk = 10
; inner_wall_line_width = 0.45
; inner_wall_speed = 45
; input_shaping_damp_x = 0.1
; input_shaping_damp_y = 0.1
; input_shaping_emit = 0
; input_shaping_freq_x = 0
; input_shaping_freq_y = 0
; input_shaping_type = Default
; interface_shells = 0
; interlocking_beam = 0
; interlocking_beam_layer_count = 2
; interlocking_beam_width = 0.8
; interlocking_boundary_avoidance = 2
; interlocking_depth = 2
; interlocking_orientation = 22.5
; internal_bridge_angle = 0
; internal_bridge_density = 100%
; internal_bridge_fan_speed = -1
; internal_bridge_flow = 1
; internal_bridge_speed = 150%
; internal_solid_filament_id = 0
; internal_solid_infill_acceleration = 100%
; internal_solid_infill_flow_ratio = 1
; internal_solid_infill_line_width = 0.42
; internal_solid_infill_pattern = rectilinear
; internal_solid_infill_speed = 60
; ironing_angle = 0
; ironing_angle_fixed = 0
; ironing_fan_speed = -1
; ironing_flow = 15%
; ironing_inset = 0
; ironing_pattern = rectilinear
; ironing_spacing = 0.1
; ironing_speed = 15
; ironing_type = top
; is_infill_first = 0
; lateral_lattice_angle_1 = -45
; lateral_lattice_angle_2 = 45
; layer_change_gcode = ; AFTER_LAYER_CHANGE [layer_num] @ [layer_z]mm
; layer_height = 0.16
; lightning_overhang_angle = 45
; lightning_prune_angle = 45
; lightning_straightening_angle = 45
; line_width = 0.42
; long_retractions_when_cut = 0
; long_retractions_when_ec = 0
; machine_end_gcode = M140 S0 ; heatbed off\nM107 ; fan off\nG91 ; relative positioning\nM83 ; extruder relative mode\nG1 E-1 F2100 ; controlled direct-drive retract\nG1 Z+0.5 F3000 ; lift nozzle\nM104 S0 ; extruder off\nG28 X Y ; home X/Y\nG90 ; absolute positioning\nG1 Y220 F3000\nM84 ; steppers off\nM300 S1318 P266
; machine_load_filament_time = 42
; machine_max_acceleration_e = 2000,2000
; machine_max_acceleration_extruding = 2000,2000
; machine_max_acceleration_retracting = 2000,2000
; machine_max_acceleration_travel = 20000,20000
; machine_max_acceleration_x = 2000,2000
; machine_max_acceleration_y = 2000,2000
; machine_max_acceleration_z = 800,800
; machine_max_jerk_e = 5,5
; machine_max_jerk_x = 10,10
; machine_max_jerk_y = 10,10
; machine_max_jerk_z = 2,2
; machine_max_junction_deviation = 0.01
; machine_max_speed_e = 100,100
; machine_max_speed_x = 300,300
; machine_max_speed_y = 300,300
; machine_max_speed_z = 8,8
; machine_min_extruding_rate = 0,0
; machine_min_travel_rate = 0,0
; machine_pause_gcode = M601
; machine_start_gcode = G21 ; metric values\nG90 ; use absolute coordinates\nM83 ; extruder relative mode\nM104 S[first_layer_temperature] ; set extruder temp\nM140 S[first_layer_bed_temperature] ; set bed temp\nG28 ; home all axes\nG29 ; auto bed leveling\nM300 S1318 P266\nG1 Z5 F5000 ; lift nozzle\nG1 X0 Y0 F3000\nG1 Z0.3 ; lower nozzle\nG92 E0 ; zero extruded length\nG1 X10 Y5 F1800 ; move to purge line start\nM190 S[first_layer_bed_temperature] ; wait for bed temp\nM109 S[first_layer_temperature] ; wait for extruder temp\nG1 X60 Y5 E20 F500 ; purge line\nG92 E0 ; zero extruded length\nG1 E-1 F2100 ; controlled direct-drive retract\nG92 E0 ; zero extruded length\nG1 X120 F4000 ; wipe\nM117 Printing...
; machine_tool_change_time = 0
; machine_unload_filament_time = 0
; make_overhang_printable = 0
; make_overhang_printable_angle = 55
; make_overhang_printable_hole_size = 0
; manual_filament_change = 0
; master_extruder_id = 1
; max_bridge_length = 10
; max_layer_height = 0.28
; max_resonance_avoidance_speed = 120
; max_travel_detour_distance = 0
; max_volumetric_extrusion_rate_slope = 0
; max_volumetric_extrusion_rate_slope_segment_length = 5
; min_bead_width = 85%
; min_feature_size = 25%
; min_layer_height = 0.08
; min_length_factor = 0.5
; min_resonance_avoidance_speed = 70
; min_skirt_length = 0
; min_width_top_surface = 300%
; minimum_sparse_infill_area = 15
; mmu_segmented_region_interlocking_depth = 0
; mmu_segmented_region_max_width = 0
; notes = 
; nozzle_diameter = 0.4
; nozzle_flush_dataset = 0
; nozzle_height = 4
; nozzle_hrc = 0
; nozzle_temperature = 230
; nozzle_temperature_initial_layer = 235
; nozzle_temperature_range_high = 260
; nozzle_temperature_range_low = 220
; nozzle_type = brass
; nozzle_volume = 0
; nozzle_volume_type = Standard
; only_one_wall_first_layer = 0
; only_one_wall_top = 1
; ooze_prevention = 0
; other_layers_print_sequence = 0
; other_layers_print_sequence_nums = 0
; outer_wall_acceleration = 1000
; outer_wall_filament_id = 0
; outer_wall_flow_ratio = 1
; outer_wall_jerk = 10
; outer_wall_line_width = 0.42
; outer_wall_speed = 30
; overhang_1_4_speed = 60
; overhang_2_4_speed = 50
; overhang_3_4_speed = 30
; overhang_4_4_speed = 10
; overhang_fan_speed = 50
; overhang_fan_threshold = 50%
; overhang_flow_ratio = 1
; overhang_reverse = 0
; overhang_reverse_internal_only = 0
; overhang_reverse_threshold = 50%
; parallel_printheads_bed_exclude_areas = 
; parallel_printheads_count = 1
; parking_pos_retraction = 0
; part_cooling_fan_min_pwm = 0
; physical_extruder_map = 0
; post_process = 
; precise_outer_wall = 0
; precise_z_height = 0
; preferred_orientation = 0
; preheat_steps = 1
; preheat_time = 30
; pressure_advance = 0.02
; prime_tower_brim_width = 5
; prime_tower_enable_framework = 0
; prime_tower_flat_ironing = 0
; prime_tower_infill_gap = 150%
; prime_tower_skip_points = 1
; prime_tower_width = 45
; prime_volume = 45
; print_compatible_printers = "Anycubic Kobra Neo 0.4 nozzle"
; print_extruder_id = 1
; print_extruder_variant = "Direct Drive Standard"
; print_flow_ratio = 1
; print_order = default
; print_sequence = by layer
; print_settings_id = Braillix 0.16mm PETG - Kobra Neo release
; printable_area = 0x0,220x0,220x220,0x220
; printable_height = 250
; printer_extruder_id = 1
; printer_extruder_variant = "Direct Drive Standard"
; printer_model = Anycubic Kobra Neo
; printer_notes = 
; printer_settings_id = Anycubic Kobra Neo 0.4 nozzle
; printer_structure = i3
; printer_technology = FFF
; printer_variant = 0.4
; printhost_authorization_type = key
; printhost_ssl_ignore_revoke = 0
; printing_by_object_gcode = 
; process_change_extrusion_role_gcode = 
; purge_in_prime_tower = 0
; raft_contact_distance = 0.1
; raft_expansion = 1.5
; raft_first_layer_density = 90%
; raft_first_layer_expansion = 2
; raft_layers = 0
; reduce_crossing_wall = 1
; reduce_fan_stop_start_freq = 1
; reduce_infill_retraction = 1
; relative_bridge_angle = 0
; required_nozzle_HRC = 3
; resolution = 0.012
; resonance_avoidance = 0
; retract_before_wipe = 70%
; retract_length_toolchange = 0
; retract_lift_above = 0.3
; retract_lift_below = 258
; retract_lift_enforce = All Surfaces
; retract_restart_extra = 0
; retract_restart_extra_toolchange = 0
; retract_when_changing_layer = 1
; retraction_distances_when_cut = 18
; retraction_distances_when_ec = 10
; retraction_length = 1
; retraction_minimum_travel = 1
; retraction_speed = 35
; role_based_wipe_speed = 1
; scan_first_layer = 0
; scarf_angle_threshold = 155
; scarf_joint_flow_ratio = 1
; scarf_joint_speed = 100%
; scarf_overhang_threshold = 40%
; seam_gap = 15%
; seam_position = back
; seam_slope_conditional = 0
; seam_slope_entire_loop = 0
; seam_slope_inner_walls = 0
; seam_slope_min_length = 20
; seam_slope_start_height = 0
; seam_slope_steps = 10
; seam_slope_type = none
; set_other_flow_ratios = 0
; silent_mode = 0
; single_extruder_multi_material = 1
; single_extruder_multi_material_priming = 0
; single_loop_draft_shield = 0
; skeleton_infill_density = 25%
; skeleton_infill_line_width = 100%
; skin_infill_density = 25%
; skin_infill_depth = 2
; skin_infill_line_width = 100%
; skirt_distance = 2
; skirt_height = 1
; skirt_loops = 0
; skirt_speed = 20
; skirt_start_angle = -135
; skirt_type = combined
; slice_closing_radius = 0.049
; slicing_mode = regular
; slow_down_for_layer_cooling = 1
; slow_down_layer_time = 10
; slow_down_layers = 1
; slow_down_min_speed = 10
; slowdown_for_curled_perimeters = 0
; small_area_infill_flow_compensation = 0
; small_area_infill_flow_compensation_model = 0,0;"\n0.2,0.4444";"\n0.4,0.6145";"\n0.6,0.7059";"\n0.8,0.7619";"\n1.5,0.8571";"\n2,0.8889";"\n3,0.9231";"\n5,0.9520";"\n10,1"
; small_perimeter_speed = 50%
; small_perimeter_threshold = 0
; solid_infill_direction = 45
; solid_infill_rotate_template = 0,90
; sparse_infill_acceleration = 100%
; sparse_infill_density = 40%
; sparse_infill_filament_id = 0
; sparse_infill_flow_ratio = 1
; sparse_infill_line_width = 0.45
; sparse_infill_pattern = crosshatch
; sparse_infill_rotate_template = 
; sparse_infill_speed = 60
; spiral_finishing_flow_ratio = 0
; spiral_mode = 0
; spiral_mode_max_xy_smoothing = 200%
; spiral_mode_smooth = 0
; spiral_starting_flow_ratio = 0
; staggered_inner_seams = 0
; standby_temperature_delta = -5
; start_end_points = 30x-3,54x245
; supertack_plate_temp = 35
; supertack_plate_temp_initial_layer = 35
; support_air_filtration = 1
; support_angle = 0
; support_base_pattern = rectilinear
; support_base_pattern_spacing = 0.2
; support_bottom_interface_spacing = 0.5
; support_bottom_z_distance = 0.1
; support_chamber_temp_control = 1
; support_critical_regions_only = 0
; support_expansion = 0
; support_filament = 0
; support_flow_ratio = 1
; support_interface_bottom_layers = -1
; support_interface_filament = 0
; support_interface_flow_ratio = 1
; support_interface_loop_pattern = 0
; support_interface_not_for_body = 1
; support_interface_pattern = auto
; support_interface_spacing = 0.5
; support_interface_speed = 80
; support_interface_top_layers = 2
; support_ironing = 0
; support_ironing_flow = 10%
; support_ironing_pattern = rectilinear
; support_ironing_spacing = 0.1
; support_line_width = 0.4
; support_material_interface_fan_speed = -1
; support_multi_bed_types = 0
; support_object_first_layer_gap = 0.2
; support_object_skip_flush = 0
; support_object_xy_distance = 0.35
; support_on_build_plate_only = 1
; support_parallel_printheads = 0
; support_remove_small_overhang = 1
; support_speed = 100
; support_style = default
; support_threshold_angle = 40
; support_threshold_overlap = 50%
; support_top_z_distance = 0.1
; support_type = tree(auto)
; symmetric_infill_y_axis = 0
; temperature_vitrification = 85
; template_custom_gcode = 
; textured_cool_plate_temp = 40
; textured_cool_plate_temp_initial_layer = 40
; textured_plate_temp = 80
; textured_plate_temp_initial_layer = 80
; thick_bridges = 0
; thick_internal_bridges = 1
; thumbnails = 230x110/PNG
; thumbnails_format = PNG
; time_cost = 0
; time_lapse_gcode = 
; timelapse_type = 0
; tool_change_on_wipe_tower = 0
; top_bottom_infill_wall_overlap = 25%
; top_shell_layers = 6
; top_shell_thickness = 1
; top_solid_infill_flow_ratio = 1
; top_surface_acceleration = 1000
; top_surface_density = 100%
; top_surface_filament_id = 0
; top_surface_jerk = 9
; top_surface_line_width = 0.42
; top_surface_pattern = monotonic
; top_surface_speed = 30
; travel_acceleration = 2000
; travel_jerk = 10
; travel_slope = 3
; travel_speed = 150
; travel_speed_z = 0
; tree_support_angle_slow = 25
; tree_support_auto_brim = 1
; tree_support_branch_angle = 40
; tree_support_branch_angle_organic = 40
; tree_support_branch_diameter = 5
; tree_support_branch_diameter_angle = 5
; tree_support_branch_diameter_organic = 2
; tree_support_branch_distance = 5
; tree_support_branch_distance_organic = 1
; tree_support_brim_width = 3
; tree_support_tip_diameter = 0.8
; tree_support_top_rate = 30%
; tree_support_wall_count = 0
; upward_compatible_machine = 
; use_3mf = 0
; use_firmware_retraction = 0
; use_relative_e_distances = 1
; volumetric_speed_coefficients = ""
; wall_direction = ccw
; wall_distribution_count = 1
; wall_generator = classic
; wall_loops = 5
; wall_maximum_deviation = 0.025
; wall_maximum_resolution = 0.5
; wall_sequence = outer wall/inner wall
; wall_transition_angle = 10
; wall_transition_filter_deviation = 25%
; wall_transition_length = 100%
; wipe = 1
; wipe_before_external_loop = 0
; wipe_distance = 1
; wipe_on_loops = 0
; wipe_speed = 80%
; wipe_tower_bridging = 10
; wipe_tower_cone_angle = 15
; wipe_tower_extra_flow = 100%
; wipe_tower_extra_rib_length = 0
; wipe_tower_extra_spacing = 100%
; wipe_tower_filament = 0
; wipe_tower_fillet_wall = 1
; wipe_tower_max_purge_speed = 90
; wipe_tower_no_sparse_layers = 0
; wipe_tower_rib_width = 8
; wipe_tower_rotation_angle = 0
; wipe_tower_type = type2
; wipe_tower_wall_type = rib
; wipe_tower_x = 15.000
; wipe_tower_x = 15
; wipe_tower_y = 220.000
; wipe_tower_y = 220
; wiping_volumes_extruders = 70,70,70,70,70,70,70,70,70,70
; wrapping_detection_gcode = 
; wrapping_detection_layers = 20
; wrapping_exclude_area = 
; xy_contour_compensation = 0
; xy_hole_compensation = 0.1
; z_hop = 0.2
; z_hop_types = Auto Lift
; z_offset = 0
; zaa_dont_alternate_fill_direction = 0
; zaa_enabled = 0
; zaa_min_z = 0.05
; zaa_minimize_perimeter_height = 35
; first_layer_bed_temperature = 80
; bed_shape = 0x0,220x0,220x220,0x220
; first_layer_temperature = 235
; first_layer_height = 0.240
; CONFIG_BLOCK_END



; braillix_source_stl_sha256 = a73a15587dee05ba8b4e19bd6a68167e1d9ef59b334acd8fe2f1bd76559ad907
