; HEADER_BLOCK_START
; generated by OrcaSlicer 2.4.2 on 2026-08-19 at 19:49:45
; total layer number: 174
; filament_density: 1.24
; filament_diameter: 1.75
; max_z_height: 27.92
; filament: 1
; HEADER_BLOCK_END

; external perimeters extrusion width = 0.42mm
; perimeters extrusion width = 0.45mm
; infill extrusion width = 0.45mm
; solid infill extrusion width = 0.42mm
; top infill extrusion width = 0.42mm
; first layer extrusion width = 0.50mm

; EXECUTABLE_BLOCK_START
M201 X2000 Y2000 Z800 E2000
M203 X300 Y300 Z8 E100
M204 P2000 R2000 T20000 ; sets acceleration (P, T) and retract acceleration (R), mm/sec^2
M205 X10.00 Y10.00 Z2.00 E5.00 ; sets the jerk limits, mm/sec
M205 J0.010
;TYPE:Custom
G21 ; metric values
G90 ; use absolute coordinates
M83 ; extruder relative mode
M104 S235 ; set extruder temp
M140 S80 ; set bed temp
G28 ; home all axes
G29 ; auto bed leveling
M300 S1318 P266
G1 Z5 F5000 ; lift nozzle
G1 X0 Y0 F3000
G1 Z0.3 ; lower nozzle
G92 E0 ; zero extruded length
G1 X10 Y5 F1800 ; move to purge line start
M190 S80 ; wait for bed temp
M109 S235 ; wait for extruder temp
G1 X60 Y5 E20 F500 ; purge line
G92 E0 ; zero extruded length
G1 E-4.5 F4000 ; retract
G92 E0 ; zero extruded length
G1 X120 F4000 ; wipe
M117 Printing...
G90
G21
M83 ; use relative distances for extrusion
; Filament gcode
;
M106 S0
;LAYER_CHANGE
;Z:0.24
;HEIGHT:0.24
G92 E0 ; zero the extruded length again
; BEFORE_LAYER_CHANGE 0 @ 0.24mm
G1 E-2.5 F6000
; AFTER_LAYER_CHANGE 0 @ 0.24mm
;_SET_FAN_SPEED_CHANGING_LAYER
M204 P500
M204 T2000
G1 X68.151 Y95.035 F18000
G1 Z.24
G1 Z.24
G1 E2.5 F6000
;TYPE:Brim
;WIDTH:0.5
G1 F3000
G1 X68.868 Y94.634 E.03494
G1 X69.456 Y94.381 E.02721
G1 X70.239 Y94.126 E.035
G1 X71.042 Y93.965 E.03482
G1 X72.008 Y93.898 E.04117
G1 X147.993 Y93.898 E3.23042
G1 X148.819 Y93.947 E.03515
G1 X149.623 Y94.091 E.03473
G1 X150.782 Y94.48 E.05196
G1 X151.62 Y94.898 E.03982
G1 X152.302 Y95.353 E.03484
G1 X152.926 Y95.885 E.03487
G1 X153.483 Y96.487 E.03487
G1 X153.965 Y97.151 E.03487
G1 X154.366 Y97.868 E.03494
G1 X154.619 Y98.456 E.02721
G1 X154.874 Y99.239 E.035
G1 X155.035 Y100.042 E.03482
G1 X155.102 Y101.008 E.04117
G1 X155.102 Y118.993 E.76463
G1 X155.053 Y119.819 E.03515
G1 X154.909 Y120.623 E.03473
G1 X154.52 Y121.782 E.05196
G1 X154.102 Y122.62 E.03982
G1 X153.647 Y123.302 E.03484
G1 X153.115 Y123.926 E.03487
G1 X152.513 Y124.483 E.03487
G1 X151.849 Y124.965 E.03487
G1 X151.132 Y125.366 E.03494
G1 X150.544 Y125.619 E.02721
G1 X149.761 Y125.874 E.035
G1 X148.958 Y126.035 E.03482
G1 X147.992 Y126.102 E.04117
G1 X72.007 Y126.102 E3.23042
G1 X71.181 Y126.053 E.03515
G1 X70.377 Y125.909 E.03473
G1 X69.218 Y125.52 E.05196
G1 X68.38 Y125.102 E.03982
G1 X67.698 Y124.647 E.03484
G1 X67.074 Y124.115 E.03487
G1 X66.517 Y123.513 E.03487
G1 X66.035 Y122.849 E.03487
G1 X65.634 Y122.132 E.03494
G1 X65.381 Y121.544 E.02721
G1 X65.126 Y120.761 E.035
G1 X64.965 Y119.958 E.03482
G1 X64.898 Y118.992 E.04117
G1 X64.898 Y101.007 E.76463
G1 X64.947 Y100.181 E.03515
G1 X65.091 Y99.377 E.03473
G1 X65.48 Y98.218 E.05196
G1 X65.898 Y97.38 E.03982
G1 X66.353 Y96.698 E.03484
G1 X66.885 Y96.074 E.03487
G1 X67.487 Y95.517 E.03487
G1 X68.102 Y95.071 E.03232
G1 X68.366 Y95.434 F18000
G1 F3000
G1 X68.4 Y95.41 E.00178
G1 X69.073 Y95.034 E.03278
G1 X69.62 Y94.799 E.02531
G1 X70.345 Y94.563 E.03241
G1 X71.11 Y94.41 E.03317
G1 X72.028 Y94.347 E.03911
G1 X147.984 Y94.347 E3.22917
G1 X148.758 Y94.393 E.03296
G1 X149.502 Y94.525 E.03212
G1 X150.601 Y94.892 E.04925
G1 X151.402 Y95.291 E.03805
G1 X152.037 Y95.716 E.03249
G1 X152.62 Y96.215 E.03261
G1 X153.13 Y96.766 E.03194
G1 X153.582 Y97.386 E.03261
G1 X153.96 Y98.06 E.03286
G1 X154.197 Y98.609 E.02539
G1 X154.437 Y99.345 E.03293
G1 X154.588 Y100.093 E.03244
G1 X154.653 Y101.019 E.03945
G1 X154.653 Y118.976 E.76344
G1 X154.607 Y119.758 E.03329
G1 X154.475 Y120.502 E.03212
G1 X154.108 Y121.601 E.04925
G1 X153.717 Y122.387 E.03733
G1 X153.284 Y123.037 E.0332
G1 X152.785 Y123.62 E.03261
G1 X152.221 Y124.14 E.03262
G1 X151.6 Y124.59 E.03261
G1 X150.927 Y124.966 E.03278
G1 X150.38 Y125.201 E.02531
G1 X149.655 Y125.437 E.03241
G1 X148.89 Y125.59 E.03317
G1 X147.972 Y125.653 E.03912
G1 X72.016 Y125.653 E3.22916
G1 X71.242 Y125.607 E.03296
G1 X70.498 Y125.475 E.03212
G1 X69.399 Y125.108 E.04925
G1 X68.613 Y124.717 E.03733
G1 X67.963 Y124.284 E.0332
G1 X67.392 Y123.796 E.03194
G1 X66.87 Y123.234 E.03262
G1 X66.418 Y122.614 E.03261
G1 X66.034 Y121.927 E.03345
G1 X65.799 Y121.38 E.02531
G1 X65.563 Y120.655 E.03241
G1 X65.41 Y119.89 E.03317
G1 X65.347 Y118.972 E.03911
G1 X65.347 Y101.024 E.76305
G1 X65.393 Y100.242 E.03329
G1 X65.525 Y99.498 E.03212
G1 X65.892 Y98.399 E.04925
G1 X66.283 Y97.613 E.03733
G1 X66.716 Y96.963 E.0332
G1 X67.215 Y96.38 E.03261
G1 X67.779 Y95.86 E.03262
G1 X68.317 Y95.47 E.02828
G1 X68.581 Y95.834 F18000
G1 F3000
G1 X68.649 Y95.785 E.00357
G1 X69.278 Y95.434 E.03062
G1 X69.784 Y95.217 E.02342
G1 X70.451 Y95 E.02982
G1 X71.178 Y94.855 E.03152
G1 X72.048 Y94.795 E.03706
G1 X147.967 Y94.796 E3.22758
G1 X148.697 Y94.838 E.03111
G1 X149.381 Y94.959 E.02952
G1 X150.42 Y95.304 E.04652
G1 X151.183 Y95.685 E.03626
G1 X151.771 Y96.079 E.03012
G1 X152.314 Y96.544 E.03037
G1 X152.788 Y97.058 E.02971
G1 X153.199 Y97.623 E.0297
G1 X153.554 Y98.254 E.03078
G1 X153.774 Y98.762 E.02355
G1 X154 Y99.452 E.03085
G1 X154.141 Y100.145 E.03006
G1 X154.204 Y101.03 E.03772
G1 X154.205 Y118.959 E.76224
G1 X154.161 Y119.697 E.03145
G1 X154.041 Y120.381 E.02952
G1 X153.695 Y121.42 E.04654
G1 X153.332 Y122.154 E.03483
G1 X152.93 Y122.759 E.03087
G1 X152.456 Y123.314 E.03102
G1 X151.93 Y123.797 E.03036
G1 X151.351 Y124.215 E.03036
G1 X150.722 Y124.566 E.03062
G1 X150.216 Y124.783 E.02342
G1 X149.549 Y125 E.02982
G1 X148.822 Y125.145 E.03152
G1 X147.952 Y125.205 E.03707
G1 X72.025 Y125.204 E3.22792
G1 X71.303 Y125.162 E.03078
G1 X70.619 Y125.041 E.02952
G1 X69.58 Y124.695 E.04654
G1 X68.846 Y124.332 E.03483
G1 X68.228 Y123.92 E.03156
G1 X67.697 Y123.466 E.02969
G1 X67.222 Y122.954 E.0297
G1 X66.801 Y122.378 E.03035
G1 X66.434 Y121.722 E.03195
G1 X66.217 Y121.216 E.02341
G1 X66 Y120.549 E.02982
G1 X65.855 Y119.822 E.03152
G1 X65.795 Y118.952 E.03706
G1 X65.795 Y101.041 E.76147
G1 X65.84 Y100.287 E.03212
G1 X65.964 Y99.6 E.02969
G1 X66.312 Y98.563 E.04649
G1 X66.677 Y97.831 E.03476
G1 X67.07 Y97.241 E.03015
G1 X67.533 Y96.698 E.03035
G1 X68.07 Y96.203 E.03103
G1 X68.532 Y95.869 E.02424
G1 X68.795 Y96.233 F18000
G1 F3000
G1 X68.897 Y96.16 E.00533
G1 X69.482 Y95.834 E.02847
G1 X69.948 Y95.636 E.02153
G1 X70.557 Y95.437 E.02724
G1 X71.246 Y95.3 E.02986
G1 X72.068 Y95.244 E.03501
G1 X147.95 Y95.244 E3.22601
G1 X148.637 Y95.284 E.02928
G1 X149.261 Y95.393 E.02693
G1 X150.239 Y95.717 E.04378
G1 X150.964 Y96.078 E.03445
G1 X151.506 Y96.442 E.02774
G1 X152.007 Y96.874 E.02812
G1 X152.435 Y97.337 E.02682
G1 X152.816 Y97.859 E.02748
G1 X153.148 Y98.447 E.02871
G1 X153.352 Y98.916 E.02172
G1 X153.564 Y99.559 E.02878
G1 X153.694 Y100.197 E.02769
G1 X153.755 Y101.041 E.03598
G1 X153.756 Y118.942 E.76104
G1 X153.716 Y119.637 E.02962
G1 X153.607 Y120.261 E.02692
G1 X153.283 Y121.24 E.04383
G1 X152.946 Y121.922 E.03232
G1 X152.566 Y122.494 E.02921
G1 X152.126 Y123.007 E.02872
G1 X151.64 Y123.454 E.02809
G1 X151.103 Y123.84 E.02811
G1 X150.518 Y124.166 E.02847
G1 X150.052 Y124.364 E.02153
G1 X149.443 Y124.563 E.02724
G1 X148.754 Y124.7 E.02986
G1 X147.932 Y124.756 E.03502
G1 X72.034 Y124.755 E3.22667
G1 X71.363 Y124.716 E.02861
G1 X70.739 Y124.607 E.02693
G1 X69.76 Y124.283 E.04383
G1 X69.078 Y123.947 E.03231
G1 X68.493 Y123.557 E.0299
G1 X68.003 Y123.137 E.02743
G1 X67.574 Y122.674 E.02682
G1 X67.184 Y122.141 E.02807
G1 X66.834 Y121.517 E.03043
G1 X66.636 Y121.052 E.02149
G1 X66.437 Y120.443 E.02724
G1 X66.3 Y119.754 E.02986
G1 X66.244 Y118.932 E.03501
G1 X66.244 Y101.058 E.75988
G1 X66.288 Y100.332 E.03092
G1 X66.403 Y99.702 E.02724
G1 X66.731 Y98.727 E.04375
G1 X67.07 Y98.049 E.03219
G1 X67.434 Y97.506 E.0278
G1 X67.852 Y97.015 E.0274
G1 X68.348 Y96.556 E.02875
G1 X68.747 Y96.268 E.02089
G1 X69.009 Y96.633 F18000
G1 F3000
G1 X69.145 Y96.535 E.00712
G1 X69.686 Y96.235 E.0263
G1 X70.111 Y96.054 E.01966
G1 X70.663 Y95.874 E.02468
G1 X71.314 Y95.745 E.02821
G1 X72.088 Y95.692 E.03296
G1 X147.933 Y95.693 E3.22444
G1 X148.578 Y95.73 E.02747
G1 X149.142 Y95.828 E.02434
G1 X150.059 Y96.13 E.04103
G1 X150.745 Y96.471 E.03262
G1 X151.239 Y96.805 E.02533
G1 X151.7 Y97.202 E.02588
G1 X152.093 Y97.629 E.02463
G1 X152.434 Y98.096 E.02461
G1 X152.743 Y98.641 E.02664
G1 X152.93 Y99.07 E.01987
G1 X153.127 Y99.667 E.02672
G1 X153.247 Y100.25 E.02532
G1 X153.306 Y101.052 E.03421
G1 X153.308 Y118.925 E.75983
G1 X153.268 Y119.593 E.02846
G1 X153.167 Y120.161 E.02451
G1 X152.863 Y121.078 E.04108
G1 X152.552 Y121.705 E.02975
G1 X152.212 Y122.216 E.0261
G1 X151.809 Y122.689 E.02642
G1 X151.349 Y123.11 E.02649
G1 X150.855 Y123.465 E.02586
G1 X150.314 Y123.765 E.02632
G1 X149.889 Y123.946 E.01966
G1 X149.337 Y124.126 E.02468
G1 X148.686 Y124.255 E.02821
G1 X147.912 Y124.308 E.03297
G1 X72.044 Y124.307 E3.22544
G1 X71.422 Y124.27 E.02646
G1 X70.858 Y124.172 E.02435
G1 X69.939 Y123.87 E.04113
G1 X69.311 Y123.561 E.02977
G1 X68.758 Y123.193 E.02822
G1 X68.321 Y122.818 E.02451
G1 X67.926 Y122.394 E.02462
G1 X67.567 Y121.905 E.0258
G1 X67.234 Y121.312 E.0289
G1 X67.054 Y120.889 E.01956
G1 X66.874 Y120.337 E.02468
G1 X66.745 Y119.686 E.02821
G1 X66.692 Y118.912 E.03296
G1 X66.692 Y101.076 E.75829
G1 X66.735 Y100.378 E.02972
G1 X66.841 Y99.805 E.02479
G1 X67.15 Y98.891 E.04102
G1 X67.463 Y98.268 E.02962
G1 X67.787 Y97.784 E.0248
G1 X68.171 Y97.333 E.02516
G1 X68.64 Y96.899 E.02715
G1 X68.96 Y96.668 E.01681
G1 X69.223 Y97.032 F18000
G1 F3000
G1 X69.393 Y96.91 E.00887
G1 X69.89 Y96.636 E.02414
G1 X70.275 Y96.473 E.01779
G1 X70.769 Y96.311 E.02212
G1 X71.382 Y96.19 E.02655
G1 X72.107 Y96.141 E.03092
G1 X147.916 Y96.141 E3.22288
G1 X148.519 Y96.176 E.02567
G1 X149.023 Y96.262 E.02176
G1 X149.878 Y96.543 E.03827
G1 X150.527 Y96.865 E.03077
G1 X150.972 Y97.167 E.0229
G1 X151.393 Y97.531 E.02364
G1 X151.74 Y97.908 E.0218
G1 X152.052 Y98.334 E.02243
G1 X152.338 Y98.836 E.02458
G1 X152.508 Y99.224 E.01802
G1 X152.69 Y99.775 E.02466
G1 X152.8 Y100.303 E.02295
G1 X152.857 Y101.064 E.03243
G1 X152.859 Y118.908 E.7586
G1 X152.821 Y119.548 E.02728
G1 X152.728 Y120.06 E.02209
G1 X152.443 Y120.915 E.03835
G1 X152.158 Y121.488 E.02717
G1 X151.849 Y121.952 E.02371
G1 X151.491 Y122.37 E.02342
G1 X151.072 Y122.756 E.0242
G1 X150.608 Y123.089 E.02427
G1 X150.11 Y123.364 E.02417
G1 X149.725 Y123.527 E.01779
G1 X149.231 Y123.689 E.02212
G1 X148.618 Y123.81 E.02655
G1 X147.893 Y123.859 E.03092
G1 X72.053 Y123.858 E3.2242
G1 X71.482 Y123.824 E.02434
G1 X70.977 Y123.738 E.02177
G1 X70.118 Y123.456 E.03843
G1 X69.543 Y123.175 E.02721
G1 X69.023 Y122.83 E.02652
G1 X68.627 Y122.488 E.02225
G1 X68.278 Y122.113 E.02179
G1 X67.949 Y121.668 E.02351
G1 X67.634 Y121.107 E.02735
G1 X67.473 Y120.725 E.01763
G1 X67.311 Y120.231 E.02212
G1 X67.19 Y119.618 E.02655
G1 X67.141 Y118.893 E.03091
G1 X67.141 Y101.094 E.75669
G1 X67.183 Y100.425 E.0285
G1 X67.279 Y99.909 E.02232
G1 X67.569 Y99.056 E.0383
G1 X67.856 Y98.488 E.02706
G1 X68.151 Y98.048 E.02249
G1 X68.49 Y97.65 E.02224
G1 X68.918 Y97.252 E.02483
G1 X69.175 Y97.068 E.01344
G1 X69.436 Y97.432 F18000
G1 F3000
G1 X69.64 Y97.286 E.01066
G1 X70.092 Y97.037 E.02196
G1 X70.438 Y96.891 E.01592
G1 X70.875 Y96.748 E.01958
G1 X71.449 Y96.635 E.02488
G1 X72.127 Y96.589 E.02887
G1 X147.899 Y96.59 E3.22133
G1 X148.46 Y96.622 E.0239
G1 X148.905 Y96.697 E.01918
G1 X149.699 Y96.956 E.03548
G1 X150.307 Y97.258 E.02889
G1 X150.705 Y97.529 E.02045
G1 X151.085 Y97.859 E.02142
G1 X151.398 Y98.2 E.01964
G1 X151.67 Y98.572 E.01962
G1 X151.933 Y99.032 E.02252
G1 X152.086 Y99.379 E.01616
G1 X152.254 Y99.884 E.0226
G1 X152.353 Y100.358 E.02058
G1 X152.409 Y101.076 E.03063
G1 X152.411 Y118.89 E.75735
G1 X152.373 Y119.503 E.02609
G1 X152.29 Y119.958 E.01966
G1 X152.023 Y120.752 E.03562
G1 X151.764 Y121.27 E.0246
G1 X151.495 Y121.674 E.02066
G1 X151.172 Y122.053 E.02114
G1 X150.781 Y122.412 E.02259
G1 X150.361 Y122.713 E.02198
G1 X149.908 Y122.963 E.02201
G1 X149.562 Y123.109 E.01592
G1 X149.125 Y123.252 E.01958
G1 X148.551 Y123.365 E.02488
G1 X147.873 Y123.411 E.02887
G1 X72.062 Y123.409 E3.22298
G1 X71.54 Y123.378 E.02223
G1 X71.095 Y123.303 E.01921
G1 X70.296 Y123.043 E.03574
G1 X69.774 Y122.789 E.02464
G1 X69.289 Y122.466 E.0248
G1 X68.944 Y122.17 E.01934
G1 X68.629 Y121.832 E.01964
G1 X68.332 Y121.431 E.02121
G1 X68.035 Y120.902 E.02578
G1 X67.891 Y120.562 E.01568
G1 X67.748 Y120.125 E.01958
G1 X67.635 Y119.551 E.02488
G1 X67.589 Y118.873 E.02887
G1 X67.589 Y101.112 E.75508
G1 X67.63 Y100.472 E.02725
G1 X67.718 Y100.014 E.01984
G1 X67.988 Y99.222 E.0356
G1 X68.249 Y98.708 E.0245
G1 X68.505 Y98.326 E.01954
G1 X68.809 Y97.967 E.02002
G1 X69.21 Y97.595 E.02321
G1 X69.388 Y97.467 E.00932
G1 X69.65 Y97.832 F18000
G1 F3000
G1 X69.887 Y97.662 E.0124
G1 X70.295 Y97.438 E.01979
G1 X70.6 Y97.31 E.01407
G1 X70.981 Y97.186 E.01705
G1 X71.517 Y97.08 E.02322
G1 X72.146 Y97.038 E.02682
G1 X147.882 Y97.038 E3.2198
G1 X148.402 Y97.068 E.02214
G1 X148.788 Y97.132 E.01662
G1 X149.519 Y97.369 E.03268
G1 X150.088 Y97.651 E.027
G1 X150.437 Y97.89 E.01797
G1 X150.777 Y98.187 E.0192
G1 X151.045 Y98.479 E.01687
G1 X151.289 Y98.81 E.01747
G1 X151.529 Y99.228 E.02047
G1 X151.665 Y99.535 E.01429
G1 X151.818 Y99.993 E.02054
G1 X151.906 Y100.413 E.01821
G1 X151.96 Y101.088 E.02881
G1 X151.962 Y118.872 E.75607
G1 X151.926 Y119.456 E.02488
G1 X151.851 Y119.854 E.01721
G1 X151.604 Y120.588 E.03292
G1 X151.371 Y121.051 E.02203
G1 X151.131 Y121.409 E.01833
G1 X150.854 Y121.735 E.01818
G1 X150.504 Y122.058 E.02025
G1 X150.115 Y122.337 E.02036
G1 X149.705 Y122.562 E.01986
G1 X149.4 Y122.69 E.01407
G1 X149.019 Y122.814 E.01705
G1 X148.483 Y122.92 E.02322
G1 X147.854 Y122.962 E.02682
G1 X72.072 Y122.961 E3.22175
G1 X71.599 Y122.933 E.02015
G1 X71.212 Y122.868 E.01665
G1 X70.473 Y122.629 E.03305
G1 X70.006 Y122.403 E.02205
G1 X69.567 Y122.113 E.02236
G1 X69.26 Y121.85 E.01715
G1 X68.979 Y121.55 E.01749
G1 X68.714 Y121.193 E.0189
G1 X68.435 Y120.697 E.02419
G1 X68.31 Y120.4 E.01372
G1 X68.186 Y120.019 E.01705
G1 X68.08 Y119.483 E.02322
G1 X68.038 Y118.854 E.02682
G1 X68.038 Y101.131 E.75346
G1 X68.075 Y100.537 E.02529
G1 X68.155 Y100.12 E.01806
G1 X68.407 Y99.388 E.03291
G1 X68.641 Y98.928 E.02194
G1 X68.868 Y98.591 E.01728
G1 X69.129 Y98.283 E.01715
G1 X69.488 Y97.949 E.02085
G1 X69.601 Y97.867 E.00594
G1 X69.905 Y98.237 F18000
G1 F3000
G1 X70.07 Y98.101 E.0091
G1 X70.703 Y97.765 E.03046
G1 X71.295 Y97.589 E.02625
G1 X72.073 Y97.486 E.03336
G1 X147.931 Y97.486 E3.22498
G1 X149.035 Y97.667 E.04755
G1 X149.544 Y97.871 E.02334
G1 X149.952 Y98.108 E.02004
G1 X150.374 Y98.447 E.02302
G1 X150.741 Y98.849 E.02316
G1 X151.031 Y99.28 E.02208
G1 X151.279 Y99.812 E.02495
G1 X151.374 Y100.142 E.01461
G1 X151.487 Y100.778 E.02742
G1 X151.514 Y118.93 E.77172
G1 X151.333 Y120.035 E.04758
G1 X151.129 Y120.543 E.0233
G1 X150.838 Y121.029 E.02407
G1 X150.483 Y121.444 E.02322
G1 X149.981 Y121.867 E.02791
G1 X149.57 Y122.112 E.02034
G1 X149.105 Y122.309 E.02149
G1 X148.845 Y122.376 E.01139
G1 X147.921 Y122.514 E.03974
G1 X72.069 Y122.514 E3.22472
G1 X70.965 Y122.333 E.04756
G1 X70.456 Y122.129 E.02334
G1 X70.048 Y121.892 E.02004
G1 X69.626 Y121.553 E.02303
G1 X69.259 Y121.151 E.02316
G1 X68.969 Y120.72 E.02208
G1 X68.721 Y120.188 E.02495
G1 X68.626 Y119.857 E.01461
G1 X68.513 Y119.222 E.02742
G1 X68.486 Y101.061 E.77211
G1 X68.587 Y100.28 E.03348
G1 X68.794 Y99.646 E.02838
G1 X69.13 Y99.037 E.02957
G1 X69.536 Y98.541 E.02723
G1 X69.859 Y98.275 E.01777
G1 X70.133 Y98.623 F18000
G1 F3000
G1 X70.357 Y98.446 E.01212
G1 X70.918 Y98.159 E.02679
G1 X71.347 Y98.034 E.019
G1 X72.064 Y97.935 E.03078
G1 X147.942 Y97.935 E3.22582
G1 X148.861 Y98.08 E.03957
G1 X149.31 Y98.254 E.02047
G1 X149.735 Y98.501 E.02089
G1 X150.094 Y98.798 E.01983
G1 X150.413 Y99.154 E.02032
G1 X150.66 Y99.533 E.01924
G1 X150.875 Y100.006 E.02205
G1 X150.931 Y100.214 E.00918
G1 X151.047 Y100.868 E.02822
G1 X151.065 Y118.941 E.76839
G1 X150.919 Y119.861 E.03958
G1 X150.746 Y120.31 E.02047
G1 X150.499 Y120.735 E.02088
G1 X150.197 Y121.099 E.02012
G1 X149.756 Y121.48 E.02476
G1 X149.398 Y121.698 E.01786
G1 X148.996 Y121.874 E.01862
G1 X148.782 Y121.932 E.00944
G1 X147.931 Y122.065 E.03662
G1 X72.058 Y122.065 E3.22561
G1 X71.139 Y121.92 E.03958
G1 X70.69 Y121.746 E.02047
G1 X70.265 Y121.499 E.02088
G1 X69.906 Y121.202 E.01983
G1 X69.587 Y120.846 E.02032
G1 X69.34 Y120.467 E.01924
G1 X69.125 Y119.994 E.02205
G1 X69.069 Y119.786 E.00918
G1 X68.953 Y119.132 E.02822
G1 X68.935 Y101.052 E.76867
G1 X69.011 Y100.423 E.02692
G1 X69.185 Y99.865 E.02485
G1 X69.469 Y99.33 E.02576
G1 X69.891 Y98.814 E.02832
G1 X70.086 Y98.66 E.01056
G1 X70.368 Y99.003 F18000
G1 F3000
G1 X70.558 Y98.847 E.01048
G1 X71.038 Y98.591 E.02314
G1 X71.404 Y98.479 E.01625
G1 X72.055 Y98.383 E.02797
G1 X147.952 Y98.383 E3.22667
G1 X148.694 Y98.497 E.0319
G1 X149.084 Y98.641 E.01765
G1 X149.446 Y98.844 E.01769
G1 X149.758 Y99.095 E.01701
G1 X150.037 Y99.399 E.01751
G1 X150.251 Y99.716 E.0163
G1 X150.441 Y100.12 E.01899
G1 X150.489 Y100.286 E.00734
G1 X150.608 Y100.957 E.02898
G1 X150.617 Y118.952 E.76502
G1 X150.503 Y119.694 E.0319
G1 X150.359 Y120.084 E.01765
G1 X150.156 Y120.446 E.01769
G1 X149.906 Y120.757 E.01696
G1 X149.526 Y121.095 E.02159
G1 X149.219 Y121.287 E.01542
G1 X148.88 Y121.441 E.0158
G1 X148.714 Y121.488 E.00734
G1 X147.941 Y121.617 E.03331
G1 X72.048 Y121.617 E3.22651
G1 X71.306 Y121.503 E.0319
G1 X70.916 Y121.359 E.01765
G1 X70.554 Y121.156 E.01769
G1 X70.242 Y120.905 E.01701
G1 X69.963 Y120.601 E.01751
G1 X69.749 Y120.284 E.0163
G1 X69.559 Y119.88 E.01899
G1 X69.511 Y119.714 E.00734
G1 X69.392 Y119.043 E.02898
G1 X69.383 Y101.043 E.7652
G1 X69.439 Y100.559 E.02073
G1 X69.58 Y100.078 E.02133
G1 X69.815 Y99.615 E.02206
G1 X70.166 Y99.169 E.02413
G1 X70.321 Y99.041 E.00853
G1 X70.61 Y99.379 F18000
G1 F3000
G1 X70.767 Y99.244 E.00881
G1 X71.167 Y99.021 E.01946
G1 X71.466 Y98.924 E.01335
G1 X72.045 Y98.832 E.02494
G1 X147.963 Y98.832 E3.22752
G1 X148.534 Y98.916 E.02457
G1 X148.864 Y99.032 E.01486
G1 X149.166 Y99.194 E.01455
G1 X149.421 Y99.391 E.0137
G1 X149.713 Y99.709 E.01836
G1 X149.878 Y99.966 E.01299
G1 X150.011 Y100.248 E.01325
G1 X150.046 Y100.358 E.0049
G1 X150.168 Y101.047 E.02978
G1 X150.168 Y118.962 E.76163
G1 X150.084 Y119.534 E.02457
G1 X149.968 Y119.864 E.01486
G1 X149.806 Y120.166 E.01455
G1 X149.609 Y120.421 E.0137
G1 X149.291 Y120.713 E.01836
G1 X149.034 Y120.878 E.01299
G1 X148.752 Y121.011 E.01325
G1 X148.642 Y121.046 E.0049
G1 X147.953 Y121.168 E.02978
G1 X72.038 Y121.168 E3.22741
G1 X71.466 Y121.084 E.02457
G1 X71.136 Y120.968 E.01486
G1 X70.834 Y120.806 E.01455
G1 X70.579 Y120.609 E.0137
G1 X70.287 Y120.291 E.01836
G1 X70.122 Y120.034 E.01299
G1 X69.989 Y119.752 E.01325
G1 X69.954 Y119.642 E.0049
G1 X69.832 Y118.953 E.02978
G1 X69.832 Y101.036 E.7617
G1 X69.885 Y100.604 E.01851
G1 X70.011 Y100.202 E.0179
G1 X70.216 Y99.817 E.01856
G1 X70.449 Y99.517 E.01613
G1 X70.564 Y99.418 E.00648
G1 X70.843 Y99.76 F18000
G1 F3000
G1 X71.058 Y99.585 E.01178
G1 X71.307 Y99.447 E.01212
G1 X71.533 Y99.367 E.01022
G1 X72.034 Y99.28 E.02161
G1 X147.972 Y99.28 E3.22839
G1 X148.383 Y99.338 E.01764
G1 X148.653 Y99.428 E.0121
G1 X148.894 Y99.551 E.0115
G1 X149.092 Y99.696 E.01042
G1 X149.33 Y99.943 E.01458
G1 X149.507 Y100.217 E.01385
G1 X149.604 Y100.436 E.01021
G1 X149.72 Y101.036 E.02596
G1 X149.72 Y118.972 E.76255
G1 X149.662 Y119.383 E.01764
G1 X149.572 Y119.653 E.0121
G1 X149.449 Y119.894 E.0115
G1 X149.304 Y120.092 E.01042
G1 X149.057 Y120.33 E.01458
G1 X148.783 Y120.507 E.01385
G1 X148.564 Y120.604 E.01021
G1 X147.964 Y120.72 E.02596
G1 X72.028 Y120.72 E3.22833
G1 X71.617 Y120.662 E.01764
G1 X71.347 Y120.572 E.0121
G1 X71.106 Y120.449 E.0115
G1 X70.908 Y120.304 E.01042
G1 X70.67 Y120.057 E.01458
G1 X70.493 Y119.783 E.01385
G1 X70.396 Y119.564 E.01021
G1 X70.28 Y118.964 E.02596
G1 X70.28 Y101.028 E.76256
G1 X70.315 Y100.732 E.01264
G1 X70.401 Y100.424 E.01361
G1 X70.617 Y100.017 E.01958
G1 X70.797 Y99.799 E.01202
G1 X71.088 Y100.138 F18000
G1 F3000
G1 X71.277 Y99.977 E.01058
G1 X71.466 Y99.866 E.00932
G1 X71.61 Y99.809 E.00659
G1 X72.023 Y99.729 E.01787
G1 X147.982 Y99.729 E3.22928
G1 X148.23 Y99.76 E.01066
G1 X148.522 Y99.856 E.01306
G1 X148.632 Y99.914 E.0053
G1 X148.779 Y100.017 E.0076
G1 X148.946 Y100.175 E.00978
G1 X149.135 Y100.469 E.01485
G1 X149.191 Y100.61 E.00647
G1 X149.271 Y101.023 E.01787
G1 X149.271 Y118.982 E.7635
G1 X149.24 Y119.23 E.01066
G1 X149.144 Y119.522 E.01306
G1 X149.086 Y119.632 E.0053
G1 X148.983 Y119.779 E.0076
G1 X148.825 Y119.946 E.00978
G1 X148.531 Y120.135 E.01485
G1 X148.39 Y120.191 E.00647
G1 X147.977 Y120.271 E.01787
G1 X72.018 Y120.271 E3.22928
G1 X71.77 Y120.24 E.01066
G1 X71.478 Y120.144 E.01306
G1 X71.368 Y120.086 E.0053
G1 X71.221 Y119.983 E.0076
G1 X71.054 Y119.825 E.00978
G1 X70.865 Y119.531 E.01485
G1 X70.809 Y119.39 E.00647
G1 X70.729 Y118.977 E.01787
G1 X70.729 Y101.02 E.76344
G1 X70.76 Y100.783 E.01016
G1 X70.833 Y100.543 E.01066
G1 X71.011 Y100.231 E.01525
G1 X71.049 Y100.184 E.00258
G1 X71.393 Y100.466 F18000
G1 F3000
G1 X71.493 Y100.37 E.00592
G1 X71.702 Y100.247 E.01027
G1 X72.01 Y100.177 E.01344
G1 X147.99 Y100.177 E3.23018
G1 X148.175 Y100.205 E.00793
G1 X148.369 Y100.278 E.00885
G1 X148.532 Y100.391 E.0084
G1 X148.63 Y100.493 E.00605
G1 X148.753 Y100.702 E.01027
G1 X148.823 Y101.01 E.01345
G1 X148.823 Y118.99 E.7644
G1 X148.795 Y119.175 E.00794
G1 X148.722 Y119.369 E.00885
G1 X148.609 Y119.532 E.0084
G1 X148.507 Y119.63 E.00605
G1 X148.298 Y119.753 E.01027
G1 X147.99 Y119.823 E.01345
G1 X72.01 Y119.823 E3.23018
G1 X71.825 Y119.795 E.00794
G1 X71.631 Y119.722 E.00885
G1 X71.468 Y119.609 E.0084
G1 X71.37 Y119.507 E.00605
G1 X71.247 Y119.298 E.01027
G1 X71.177 Y118.99 E.01344
G1 X71.177 Y101.011 E.76436
G1 X71.204 Y100.848 E.00703
G1 X71.262 Y100.674 E.00779
G1 X71.361 Y100.517 E.00789
G1 X71.692 Y100.8 F18000
G1 F3000
G1 X71.816 Y100.681 E.0073
G1 X72 Y100.626 E.00817
G1 X148 Y100.626 E3.23103
G1 X148.09 Y100.644 E.00389
G1 X148.2 Y100.692 E.0051
G1 X148.319 Y100.816 E.0073
G1 X148.374 Y101 E.00817
G1 X148.374 Y119 E.76524
G1 X148.356 Y119.09 E.00389
G1 X148.308 Y119.2 E.0051
G1 X148.184 Y119.319 E.0073
G1 X148 Y119.374 E.00817
G1 X72 Y119.374 E3.23103
G1 X71.91 Y119.356 E.00389
G1 X71.8 Y119.308 E.0051
G1 X71.681 Y119.184 E.0073
G1 X71.626 Y119 E.00817
G1 X71.626 Y101 E.76524
G1 X71.673 Y100.857 E.00639
; printing object pogo_receiver_coupon.stl id:0 copy 0
G1 E-1.75 F6000
;WIPE_START
G1 F3000
G1 X71.816 Y100.681 E-.16989
G1 X72 Y100.626 E-.14421
G1 X72.581 Y100.626 E-.4359
;WIPE_END
G1 X147.675 Y118.675 F18000
G1 E2.5 F6000
;TYPE:Outer wall
G1 F3000
G1 X72.325 Y118.675 E3.20339
G1 X72.325 Y101.325 E.73761
G1 X147.675 Y101.325 E3.20339
G1 X147.675 Y118.615 E.73506
G1 X147.227 Y118.227 F18000
;TYPE:Inner wall
G1 F3000
G1 X72.773 Y118.227 E3.16526
G1 X72.773 Y101.773 E.69948
G1 X147.227 Y101.773 E3.16526
G1 X147.227 Y118.167 E.69692
G1 X146.778 Y117.778 F18000
G1 F3000
G1 X73.222 Y117.778 E3.12712
G1 X73.222 Y102.222 E.66134
G1 X146.778 Y102.222 E3.12712
G1 X146.778 Y117.718 E.65879
G1 X146.33 Y117.33 F18000
G1 F3000
G1 X73.67 Y117.33 E3.08899
G1 X73.67 Y102.67 E.62321
G1 X146.33 Y102.67 E3.08899
G1 X146.33 Y117.27 E.62066
G1 X145.881 Y116.881 F18000
G1 F3000
G1 X74.119 Y116.881 E3.05086
G1 X74.119 Y103.119 E.58507
G1 X145.881 Y103.119 E3.05086
G1 X145.881 Y116.821 E.58252
G1 E-1.75 F6000
;WIPE_START
G1 F3000
G1 X144.881 Y116.822 E-.75
;WIPE_END
G1 X145.746 Y103.457 F18000
G1 E2.5 F6000
;TYPE:Bottom surface
;WIDTH:0.502763
G1 F3000
G1 X74.455 Y103.457 E3.04951
G1 X74.455 Y103.908 E.0193
G1 X145.545 Y103.908 E3.04088
G1 X145.545 Y104.359 E.0193
G1 X74.455 Y104.359 E3.04088
G1 X74.455 Y104.811 E.0193
G1 X145.545 Y104.811 E3.04088
G1 X145.545 Y105.262 E.0193
G1 X74.455 Y105.262 E3.04088
G1 X74.455 Y105.713 E.0193
G1 X145.545 Y105.713 E3.04088
G1 X145.545 Y106.164 E.0193
G1 X74.455 Y106.164 E3.04088
G1 X74.455 Y106.616 E.0193
G1 X145.545 Y106.616 E3.04088
G1 X145.545 Y107.067 E.0193
G1 X74.455 Y107.067 E3.04088
G1 X74.455 Y107.518 E.0193
G1 X145.545 Y107.518 E3.04088
G1 X145.545 Y107.969 E.0193
G1 X74.455 Y107.969 E3.04088
G1 X74.455 Y108.421 E.0193
G1 X145.545 Y108.421 E3.04088
G1 X145.545 Y108.872 E.0193
G1 X74.455 Y108.872 E3.04088
G1 X74.455 Y109.323 E.0193
G1 X145.545 Y109.323 E3.04088
G1 X145.545 Y109.774 E.0193
G1 X74.455 Y109.774 E3.04088
G1 X74.455 Y110.226 E.0193
G1 X145.545 Y110.226 E3.04088
G1 X145.545 Y110.677 E.0193
G1 X74.455 Y110.677 E3.04088
G1 X74.455 Y111.128 E.0193
G1 X145.545 Y111.128 E3.04088
G1 X145.545 Y111.579 E.0193
G1 X74.455 Y111.579 E3.04088
G1 X74.455 Y112.031 E.0193
G1 X145.545 Y112.031 E3.04088
G1 X145.545 Y112.482 E.0193
G1 X74.455 Y112.482 E3.04088
G1 X74.455 Y112.933 E.0193
G1 X145.545 Y112.933 E3.04088
G1 X145.545 Y113.384 E.0193
G1 X74.455 Y113.384 E3.04088
G1 X74.455 Y113.836 E.0193
G1 X145.545 Y113.836 E3.04088
G1 X145.545 Y114.287 E.0193
G1 X74.455 Y114.287 E3.04088
G1 X74.455 Y114.738 E.0193
G1 X145.545 Y114.738 E3.04088
G1 X145.545 Y115.19 E.0193
G1 X74.455 Y115.19 E3.04088
G1 X74.455 Y115.641 E.0193
G1 X145.545 Y115.641 E3.04088
G1 X145.545 Y116.092 E.0193
G1 X74.455 Y116.092 E3.04088
G1 X74.455 Y116.543 E.0193
G1 X145.746 Y116.543 E3.04951
; stop printing object pogo_receiver_coupon.stl id:0 copy 0
;LAYER_CHANGE
;Z:0.4
;HEIGHT:0.16
G92 E0 ; zero the extruded length again
; BEFORE_LAYER_CHANGE 1 @ 0.4mm
G1 E-1.75 F6000
;WIPE_START
G1 F3000
G1 X144.746 Y116.543 E-.75
;WIPE_END
; AFTER_LAYER_CHANGE 1 @ 0.4mm
;_SET_FAN_SPEED_CHANGING_LAYER
M204 P2000
M104 S230 ; set nozzle temperature
; printing object pogo_receiver_coupon.stl id:0 copy 0
G1 X147.376 Y118.376 Z.6 F18000
G1 X147.79 Y118.79
G1 Z.4
G1 E2.5 F6000
M204 P1000
;TYPE:Outer wall
;WIDTH:0.42
G1 F3600
G1 X72.21 Y118.79 E1.84202
G1 X72.21 Y101.21 E.42846
G1 X147.79 Y101.21 E1.84202
G1 X147.79 Y118.73 E.42699
G1 X147.376 Y118.376 F18000
G1 X147.389 Y118.389
M204 P1500
;TYPE:Inner wall
;WIDTH:0.45
G1 F6000
G1 X72.611 Y118.389 E1.96425
G1 X72.611 Y101.611 E.44073
G1 X147.389 Y101.611 E1.96425
G1 X147.389 Y118.329 E.43916
G1 X146.974 Y117.974 F18000
G1 F6000
G1 X73.026 Y117.974 E1.94242
G1 X73.026 Y102.026 E.4189
G1 X146.974 Y102.026 E1.94242
G1 X146.974 Y117.914 E.41732
G1 X146.558 Y117.558 F18000
G1 F6000
G1 X73.442 Y117.558 E1.92058
G1 X73.442 Y102.442 E.39706
G1 X146.558 Y102.442 E1.92058
G1 X146.558 Y117.498 E.39548
G1 X146.142 Y117.142 F18000
G1 F6000
G1 X73.858 Y117.142 E1.89874
G1 X73.858 Y102.858 E.37522
G1 X146.142 Y102.858 E1.89874
G1 X146.142 Y117.082 E.37365
G1 X145.801 Y116.975 F18000
M204 P2000
;TYPE:Internal solid infill
;WIDTH:0.421374
G1 F6000
G1 X145.801 Y103.198 E.33697
G1 X145.414 Y103.198 E.00947
G1 X145.414 Y116.802 E.33272
G1 X145.027 Y116.802 E.00947
G1 X145.027 Y103.198 E.33272
G1 X144.64 Y103.198 E.00947
G1 X144.64 Y116.802 E.33272
G1 X144.253 Y116.802 E.00947
G1 X144.253 Y103.198 E.33272
G1 X143.866 Y103.198 E.00947
G1 X143.866 Y116.802 E.33272
G1 X143.479 Y116.802 E.00947
G1 X143.479 Y103.198 E.33272
G1 X143.092 Y103.198 E.00947
G1 X143.092 Y116.802 E.33272
G1 X142.705 Y116.802 E.00947
G1 X142.705 Y103.198 E.33272
G1 X142.318 Y103.198 E.00947
G1 X142.318 Y116.802 E.33272
G1 X141.931 Y116.802 E.00947
G1 X141.931 Y103.198 E.33272
G1 X141.544 Y103.198 E.00947
G1 X141.544 Y116.802 E.33272
G1 X141.157 Y116.802 E.00947
G1 X141.157 Y103.198 E.33272
G1 X140.77 Y103.198 E.00947
G1 X140.77 Y116.802 E.33272
G1 X140.383 Y116.802 E.00947
G1 X140.383 Y103.198 E.33272
G1 X139.995 Y103.198 E.00947
G1 X139.995 Y116.802 E.33272
G1 X139.608 Y116.802 E.00947
G1 X139.608 Y103.198 E.33272
G1 X139.221 Y103.198 E.00947
G1 X139.221 Y116.802 E.33272
G1 X138.834 Y116.802 E.00947
G1 X138.834 Y103.198 E.33272
G1 X138.447 Y103.198 E.00947
G1 X138.447 Y116.802 E.33272
G1 X138.06 Y116.802 E.00947
G1 X138.06 Y103.198 E.33272
G1 X137.673 Y103.198 E.00947
G1 X137.673 Y116.802 E.33272
G1 X137.286 Y116.802 E.00947
G1 X137.286 Y103.198 E.33272
G1 X136.899 Y103.198 E.00947
G1 X136.899 Y116.802 E.33272
G1 X136.512 Y116.802 E.00947
G1 X136.512 Y103.198 E.33272
G1 X136.125 Y103.198 E.00947
G1 X136.125 Y116.802 E.33272
G1 X135.738 Y116.802 E.00947
G1 X135.738 Y103.198 E.33272
G1 X135.351 Y103.198 E.00947
G1 X135.351 Y116.802 E.33272
G1 X134.964 Y116.802 E.00947
G1 X134.964 Y103.198 E.33272
G1 X134.577 Y103.198 E.00947
G1 X134.577 Y116.802 E.33272
G1 X134.19 Y116.802 E.00947
G1 X134.19 Y103.198 E.33272
G1 X133.803 Y103.198 E.00947
G1 X133.803 Y116.802 E.33272
G1 X133.416 Y116.802 E.00947
G1 X133.416 Y103.198 E.33272
G1 X133.029 Y103.198 E.00947
G1 X133.029 Y116.802 E.33272
G1 X132.642 Y116.802 E.00947
G1 X132.642 Y103.198 E.33272
G1 X132.255 Y103.198 E.00947
G1 X132.255 Y116.802 E.33272
G1 X131.868 Y116.802 E.00947
G1 X131.868 Y103.198 E.33272
G1 X131.481 Y103.198 E.00947
G1 X131.481 Y116.802 E.33272
G1 X131.094 Y116.802 E.00947
G1 X131.094 Y103.198 E.33272
G1 X130.707 Y103.198 E.00947
G1 X130.707 Y116.802 E.33272
G1 X130.32 Y116.802 E.00947
G1 X130.32 Y103.198 E.33272
G1 X129.932 Y103.198 E.00947
G1 X129.932 Y116.802 E.33272
G1 X129.545 Y116.802 E.00947
G1 X129.545 Y103.198 E.33272
G1 X129.158 Y103.198 E.00947
G1 X129.158 Y116.802 E.33272
G1 X128.771 Y116.802 E.00947
G1 X128.771 Y103.198 E.33272
G1 X128.384 Y103.198 E.00947
G1 X128.384 Y116.802 E.33272
G1 X127.997 Y116.802 E.00947
G1 X127.997 Y103.198 E.33272
G1 X127.61 Y103.198 E.00947
G1 X127.61 Y116.802 E.33272
G1 X127.223 Y116.802 E.00947
G1 X127.223 Y103.198 E.33272
G1 X126.836 Y103.198 E.00947
G1 X126.836 Y116.802 E.33272
G1 X126.449 Y116.802 E.00947
G1 X126.449 Y103.198 E.33272
G1 X126.062 Y103.198 E.00947
G1 X126.062 Y116.802 E.33272
G1 X125.675 Y116.802 E.00947
G1 X125.675 Y103.198 E.33272
G1 X125.288 Y103.198 E.00947
G1 X125.288 Y116.802 E.33272
G1 X124.901 Y116.802 E.00947
G1 X124.901 Y103.198 E.33272
G1 X124.514 Y103.198 E.00947
G1 X124.514 Y116.802 E.33272
G1 X124.127 Y116.802 E.00947
G1 X124.127 Y103.198 E.33272
G1 X123.74 Y103.198 E.00947
G1 X123.74 Y116.802 E.33272
G1 X123.353 Y116.802 E.00947
G1 X123.353 Y103.198 E.33272
G1 X122.966 Y103.198 E.00947
G1 X122.966 Y116.802 E.33272
G1 X122.579 Y116.802 E.00947
G1 X122.579 Y103.198 E.33272
G1 X122.192 Y103.198 E.00947
G1 X122.192 Y116.802 E.33272
G1 X121.805 Y116.802 E.00947
G1 X121.805 Y103.198 E.33272
G1 X121.418 Y103.198 E.00947
G1 X121.418 Y116.802 E.33272
G1 X121.031 Y116.802 E.00947
G1 X121.031 Y103.198 E.33272
G1 X120.644 Y103.198 E.00947
G1 X120.644 Y116.802 E.33272
G1 X120.257 Y116.802 E.00947
G1 X120.257 Y103.198 E.33272
G1 X119.87 Y103.198 E.00947
G1 X119.87 Y116.802 E.33272
G1 X119.482 Y116.802 E.00947
G1 X119.482 Y103.198 E.33272
G1 X119.095 Y103.198 E.00947
G1 X119.095 Y116.802 E.33272
G1 X118.708 Y116.802 E.00947
G1 X118.708 Y103.198 E.33272
G1 X118.321 Y103.198 E.00947
G1 X118.321 Y116.802 E.33272
G1 X117.934 Y116.802 E.00947
G1 X117.934 Y103.198 E.33272
G1 X117.547 Y103.198 E.00947
G1 X117.547 Y116.802 E.33272
G1 X117.16 Y116.802 E.00947
G1 X117.16 Y103.198 E.33272
G1 X116.773 Y103.198 E.00947
G1 X116.773 Y116.802 E.33272
G1 X116.386 Y116.802 E.00947
G1 X116.386 Y103.198 E.33272
G1 X115.999 Y103.198 E.00947
G1 X115.999 Y116.802 E.33272
G1 X115.612 Y116.802 E.00947
G1 X115.612 Y103.198 E.33272
G1 X115.225 Y103.198 E.00947
G1 X115.225 Y116.802 E.33272
G1 X114.838 Y116.802 E.00947
G1 X114.838 Y103.198 E.33272
G1 X114.451 Y103.198 E.00947
G1 X114.451 Y116.802 E.33272
G1 X114.064 Y116.802 E.00947
G1 X114.064 Y103.198 E.33272
G1 X113.677 Y103.198 E.00947
G1 X113.677 Y116.802 E.33272
G1 X113.29 Y116.802 E.00947
G1 X113.29 Y103.198 E.33272
G1 X112.903 Y103.198 E.00947
G1 X112.903 Y116.802 E.33272
G1 X112.516 Y116.802 E.00947
G1 X112.516 Y103.198 E.33272
G1 X112.129 Y103.198 E.00947
G1 X112.129 Y116.802 E.33272
G1 X111.742 Y116.802 E.00947
G1 X111.742 Y103.198 E.33272
G1 X111.355 Y103.198 E.00947
G1 X111.355 Y116.802 E.33272
G1 X110.968 Y116.802 E.00947
G1 X110.968 Y103.198 E.33272
G1 X110.581 Y103.198 E.00947
G1 X110.581 Y116.802 E.33272
G1 X110.194 Y116.802 E.00947
G1 X110.194 Y103.198 E.33272
G1 X109.807 Y103.198 E.00947
G1 X109.807 Y116.802 E.33272
G1 X109.419 Y116.802 E.00947
G1 X109.419 Y103.198 E.33272
G1 X109.032 Y103.198 E.00947
G1 X109.032 Y116.802 E.33272
G1 X108.645 Y116.802 E.00947
G1 X108.645 Y103.198 E.33272
G1 X108.258 Y103.198 E.00947
G1 X108.258 Y116.802 E.33272
G1 X107.871 Y116.802 E.00947
G1 X107.871 Y103.198 E.33272
G1 X107.484 Y103.198 E.00947
G1 X107.484 Y116.802 E.33272
G1 X107.097 Y116.802 E.00947
G1 X107.097 Y103.198 E.33272
G1 X106.71 Y103.198 E.00947
G1 X106.71 Y116.802 E.33272
G1 X106.323 Y116.802 E.00947
G1 X106.323 Y103.198 E.33272
G1 X105.936 Y103.198 E.00947
G1 X105.936 Y116.802 E.33272
G1 X105.549 Y116.802 E.00947
G1 X105.549 Y103.198 E.33272
G1 X105.162 Y103.198 E.00947
G1 X105.162 Y116.802 E.33272
G1 X104.775 Y116.802 E.00947
G1 X104.775 Y103.198 E.33272
G1 X104.388 Y103.198 E.00947
G1 X104.388 Y116.802 E.33272
G1 X104.001 Y116.802 E.00947
G1 X104.001 Y103.198 E.33272
G1 X103.614 Y103.198 E.00947
G1 X103.614 Y116.802 E.33272
G1 X103.227 Y116.802 E.00947
G1 X103.227 Y103.198 E.33272
G1 X102.84 Y103.198 E.00947
G1 X102.84 Y116.802 E.33272
G1 X102.453 Y116.802 E.00947
G1 X102.453 Y103.198 E.33272
G1 X102.066 Y103.198 E.00947
G1 X102.066 Y116.802 E.33272
G1 X101.679 Y116.802 E.00947
G1 X101.679 Y103.198 E.33272
G1 X101.292 Y103.198 E.00947
G1 X101.292 Y116.802 E.33272
G1 X100.905 Y116.802 E.00947
G1 X100.905 Y103.198 E.33272
G1 X100.518 Y103.198 E.00947
G1 X100.518 Y116.802 E.33272
G1 X100.131 Y116.802 E.00947
G1 X100.131 Y103.198 E.33272
G1 X99.744 Y103.198 E.00947
G1 X99.744 Y116.802 E.33272
G1 X99.356 Y116.802 E.00947
G1 X99.356 Y103.198 E.33272
G1 X98.969 Y103.198 E.00947
G1 X98.969 Y116.802 E.33272
G1 X98.582 Y116.802 E.00947
G1 X98.582 Y103.198 E.33272
G1 X98.195 Y103.198 E.00947
G1 X98.195 Y116.802 E.33272
G1 X97.808 Y116.802 E.00947
G1 X97.808 Y103.198 E.33272
G1 X97.421 Y103.198 E.00947
G1 X97.421 Y116.802 E.33272
G1 X97.034 Y116.802 E.00947
G1 X97.034 Y103.198 E.33272
G1 X96.647 Y103.198 E.00947
G1 X96.647 Y116.802 E.33272
G1 X96.26 Y116.802 E.00947
G1 X96.26 Y103.198 E.33272
G1 X95.873 Y103.198 E.00947
G1 X95.873 Y116.802 E.33272
G1 X95.486 Y116.802 E.00947
G1 X95.486 Y103.198 E.33272
G1 X95.099 Y103.198 E.00947
G1 X95.099 Y116.802 E.33272
G1 X94.712 Y116.802 E.00947
G1 X94.712 Y103.198 E.33272
G1 X94.325 Y103.198 E.00947
G1 X94.325 Y116.802 E.33272
G1 X93.938 Y116.802 E.00947
G1 X93.938 Y103.198 E.33272
G1 X93.551 Y103.198 E.00947
G1 X93.551 Y116.802 E.33272
G1 X93.164 Y116.802 E.00947
G1 X93.164 Y103.198 E.33272
G1 X92.777 Y103.198 E.00947
G1 X92.777 Y116.802 E.33272
G1 X92.39 Y116.802 E.00947
G1 X92.39 Y103.198 E.33272
G1 X92.003 Y103.198 E.00947
G1 X92.003 Y116.802 E.33272
G1 X91.616 Y116.802 E.00947
G1 X91.616 Y103.198 E.33272
G1 X91.229 Y103.198 E.00947
G1 X91.229 Y116.802 E.33272
G1 X90.842 Y116.802 E.00947
G1 X90.842 Y103.198 E.33272
G1 X90.455 Y103.198 E.00947
G1 X90.455 Y116.802 E.33272
G1 X90.068 Y116.802 E.00947
G1 X90.068 Y103.198 E.33272
G1 X89.681 Y103.198 E.00947
G1 X89.681 Y116.802 E.33272
G1 X89.294 Y116.802 E.00947
G1 X89.294 Y103.198 E.33272
G1 X88.906 Y103.198 E.00947
G1 X88.906 Y116.802 E.33272
G1 X88.519 Y116.802 E.00947
G1 X88.519 Y103.198 E.33272
G1 X88.132 Y103.198 E.00947
G1 X88.132 Y116.802 E.33272
G1 X87.745 Y116.802 E.00947
G1 X87.745 Y103.198 E.33272
G1 X87.358 Y103.198 E.00947
G1 X87.358 Y116.802 E.33272
G1 X86.971 Y116.802 E.00947
G1 X86.971 Y103.198 E.33272
G1 X86.584 Y103.198 E.00947
G1 X86.584 Y116.802 E.33272
G1 X86.197 Y116.802 E.00947
G1 X86.197 Y103.198 E.33272
G1 X85.81 Y103.198 E.00947
G1 X85.81 Y116.802 E.33272
G1 X85.423 Y116.802 E.00947
G1 X85.423 Y103.198 E.33272
G1 X85.036 Y103.198 E.00947
G1 X85.036 Y116.802 E.33272
G1 X84.649 Y116.802 E.00947
G1 X84.649 Y103.198 E.33272
G1 X84.262 Y103.198 E.00947
G1 X84.262 Y116.802 E.33272
G1 X83.875 Y116.802 E.00947
G1 X83.875 Y103.198 E.33272
G1 X83.488 Y103.198 E.00947
G1 X83.488 Y116.802 E.33272
G1 X83.101 Y116.802 E.00947
G1 X83.101 Y103.198 E.33272
G1 X82.714 Y103.198 E.00947
G1 X82.714 Y116.802 E.33272
G1 X82.327 Y116.802 E.00947
G1 X82.327 Y103.198 E.33272
G1 X81.94 Y103.198 E.00947
G1 X81.94 Y116.802 E.33272
G1 X81.553 Y116.802 E.00947
G1 X81.553 Y103.198 E.33272
G1 X81.166 Y103.198 E.00947
G1 X81.166 Y116.802 E.33272
G1 X80.779 Y116.802 E.00947
G1 X80.779 Y103.198 E.33272
G1 X80.392 Y103.198 E.00947
G1 X80.392 Y116.802 E.33272
G1 X80.005 Y116.802 E.00947
G1 X80.005 Y103.198 E.33272
G1 X79.618 Y103.198 E.00947
G1 X79.618 Y116.802 E.33272
G1 X79.231 Y116.802 E.00947
G1 X79.231 Y103.198 E.33272
G1 X78.843 Y103.198 E.00947
G1 X78.843 Y116.802 E.33272
G1 X78.456 Y116.802 E.00947
G1 X78.456 Y103.198 E.33272
G1 X78.069 Y103.198 E.00947
G1 X78.069 Y116.802 E.33272
G1 X77.682 Y116.802 E.00947
G1 X77.682 Y103.198 E.33272
G1 X77.295 Y103.198 E.00947
G1 X77.295 Y116.802 E.33272
G1 X76.908 Y116.802 E.00947
G1 X76.908 Y103.198 E.33272
G1 X76.521 Y103.198 E.00947
G1 X76.521 Y116.802 E.33272
G1 X76.134 Y116.802 E.00947
G1 X76.134 Y103.198 E.33272
G1 X75.747 Y103.198 E.00947
G1 X75.747 Y116.802 E.33272
G1 X75.36 Y116.802 E.00947
G1 X75.36 Y103.198 E.33272
G1 X74.973 Y103.198 E.00947
G1 X74.973 Y116.802 E.33272
G1 X74.586 Y116.802 E.00947
G1 X74.586 Y103.198 E.33272
G1 X74.199 Y103.198 E.00947
G1 X74.199 Y116.975 E.33697
; stop printing object pogo_receiver_coupon.stl id:0 copy 0
;LAYER_CHANGE
;Z:0.56
;HEIGHT:0.16
G92 E0 ; zero the extruded length again
; BEFORE_LAYER_CHANGE 2 @ 0.56mm
G1 E-1.75 F6000
;WIPE_START
G1 X74.199 Y115.975 E-.75
;WIPE_END
; AFTER_LAYER_CHANGE 2 @ 0.56mm
;_SET_FAN_SPEED_CHANGING_LAYER
; printing object pogo_receiver_coupon.stl id:0 copy 0
G1 F18000
G1 X74.667 Y116.22 Z0.588571
G1 X74.7675 Y116.738 Z0.617143
G1 X74.425 Y117.14 Z0.645714
G1 X73.8972 Y117.123 Z0.674286
G1 X73.5817 Y116.699 Z0.702857
G1 X73.716 Y116.189 Z0.731429
G1 X74.199 Y115.975 Z0.76
G1 X147.376 Y118.376 Z.76
G1 X147.79 Y118.79
G1 Z.56
G1 E2.5 F6000
M204 P1000
;TYPE:Outer wall
;WIDTH:0.42
G1 F3600
G1 X72.21 Y118.79 E1.84202
G1 X72.21 Y101.21 E.42846
G1 X147.79 Y101.21 E1.84202
G1 X147.79 Y118.73 E.42699
G1 X147.376 Y118.376 F18000
G1 X147.389 Y118.389
M204 P1500
;TYPE:Inner wall
;WIDTH:0.45
G1 F6000
G1 X72.611 Y118.389 E1.96425
G1 X72.611 Y101.611 E.44073
G1 X147.389 Y101.611 E1.96425
G1 X147.389 Y118.329 E.43916
G1 X146.974 Y117.974 F18000
G1 F6000
G1 X73.026 Y117.974 E1.94242
G1 X73.026 Y102.026 E.4189
G1 X146.974 Y102.026 E1.94242
G1 X146.974 Y117.914 E.41732
G1 X146.558 Y117.558 F18000
G1 F6000
G1 X73.442 Y117.558 E1.92058
G1 X73.442 Y102.442 E.39706
G1 X146.558 Y102.442 E1.92058
G1 X146.558 Y117.498 E.39548
G1 X146.142 Y117.142 F18000
G1 F6000
G1 X73.858 Y117.142 E1.89874
G1 X73.858 Y102.858 E.37522
G1 X146.142 Y102.858 E1.89874
G1 X146.142 Y117.082 E.37365
G1 X145.975 Y116.8 F18000
M204 P2000
;TYPE:Internal solid infill
;WIDTH:0.422925
G1 F6000
G1 X74.198 Y116.8 E1.7626
G1 X74.198 Y116.412 E.00954
G1 X145.802 Y116.412 E1.75834
G1 X145.802 Y116.023 E.00954
G1 X74.198 Y116.023 E1.75834
G1 X74.198 Y115.635 E.00954
G1 X145.802 Y115.635 E1.75834
G1 X145.802 Y115.246 E.00954
G1 X74.198 Y115.246 E1.75834
G1 X74.198 Y114.857 E.00954
G1 X145.802 Y114.857 E1.75834
G1 X145.802 Y114.469 E.00954
G1 X74.198 Y114.469 E1.75834
G1 X74.198 Y114.08 E.00954
G1 X145.802 Y114.08 E1.75834
G1 X145.802 Y113.692 E.00954
G1 X74.198 Y113.692 E1.75834
G1 X74.198 Y113.303 E.00954
G1 X145.802 Y113.303 E1.75834
G1 X145.802 Y112.914 E.00954
G1 X74.198 Y112.914 E1.75834
G1 X74.198 Y112.526 E.00954
G1 X145.802 Y112.526 E1.75834
G1 X145.802 Y112.137 E.00954
G1 X74.198 Y112.137 E1.75834
G1 X74.198 Y111.749 E.00954
G1 X145.802 Y111.749 E1.75834
G1 X145.802 Y111.36 E.00954
G1 X74.198 Y111.36 E1.75834
G1 X74.198 Y110.972 E.00954
G1 X145.802 Y110.972 E1.75834
G1 X145.802 Y110.583 E.00954
G1 X74.198 Y110.583 E1.75834
G1 X74.198 Y110.194 E.00954
G1 X145.802 Y110.194 E1.75834
G1 X145.802 Y109.806 E.00954
G1 X74.198 Y109.806 E1.75834
G1 X74.198 Y109.417 E.00954
G1 X145.802 Y109.417 E1.75834
G1 X145.802 Y109.029 E.00954
G1 X74.198 Y109.029 E1.75834
G1 X74.198 Y108.64 E.00954
G1 X145.802 Y108.64 E1.75834
G1 X145.802 Y108.251 E.00954
G1 X74.198 Y108.251 E1.75834
G1 X74.198 Y107.863 E.00954
G1 X145.802 Y107.863 E1.75834
G1 X145.802 Y107.474 E.00954
G1 X74.198 Y107.474 E1.75834
G1 X74.198 Y107.086 E.00954
G1 X145.802 Y107.086 E1.75834
G1 X145.802 Y106.697 E.00954
G1 X74.198 Y106.697 E1.75834
G1 X74.198 Y106.308 E.00954
G1 X145.802 Y106.308 E1.75834
G1 X145.802 Y105.92 E.00954
G1 X74.198 Y105.92 E1.75834
G1 X74.198 Y105.531 E.00954
G1 X145.802 Y105.531 E1.75834
G1 X145.802 Y105.143 E.00954
G1 X74.198 Y105.143 E1.75834
G1 X74.198 Y104.754 E.00954
G1 X145.802 Y104.754 E1.75834
G1 X145.802 Y104.366 E.00954
G1 X74.198 Y104.365 E1.75834
G1 X74.198 Y103.977 E.00954
G1 X145.802 Y103.977 E1.75834
G1 X145.802 Y103.588 E.00954
G1 X74.198 Y103.588 E1.75834
G1 X74.198 Y103.2 E.00954
G1 X145.975 Y103.2 E1.7626
; stop printing object pogo_receiver_coupon.stl id:0 copy 0
M106 S102
;LAYER_CHANGE
;Z:0.72
;HEIGHT:0.16
G92 E0 ; zero the extruded length again
; BEFORE_LAYER_CHANGE 3 @ 0.72mm
G1 E-1.75 F6000
;WIPE_START
G1 X144.975 Y103.2 E-.75
;WIPE_END
; AFTER_LAYER_CHANGE 3 @ 0.72mm
;_SET_FAN_SPEED_CHANGING_LAYER
; printing object pogo_receiver_coupon.stl id:0 copy 0
G1 F18000
G1 X144.834 Y103.709 Z0.748571
G1 X144.349 Y103.916 Z0.777143
G1 X143.884 Y103.665 Z0.805714
G1 X143.79 Y103.145 Z0.834286
G1 X144.138 Y102.748 Z0.862857
G1 X144.665 Y102.772 Z0.891429
G1 X144.975 Y103.2 Z0.92
G1 X147.376 Y116.5 Z.92
G1 X147.376 Y118.376
G1 X147.79 Y118.79
G1 Z.72
G1 E2.5 F6000
M204 P1000
;TYPE:Outer wall
;WIDTH:0.42
G1 F3600
G1 X72.21 Y118.79 E1.84202
G1 X72.21 Y101.21 E.42846
G1 X147.79 Y101.21 E1.84202
G1 X147.79 Y118.73 E.42699
G1 X147.376 Y118.376 F18000
G1 X147.389 Y118.389
M204 P1500
;TYPE:Inner wall
;WIDTH:0.45
G1 F6000
G1 X72.611 Y118.389 E1.96425
G1 X72.611 Y101.611 E.44073
G1 X147.389 Y101.611 E1.96425
G1 X147.389 Y118.329 E.43916
G1 X146.974 Y117.974 F18000
G1 F6000
G1 X73.026 Y117.974 E1.94242
G1 X73.026 Y102.026 E.4189
G1 X146.974 Y102.026 E1.94242
G1 X146.974 Y117.914 E.41732
G1 X146.558 Y117.558 F18000
G1 F6000
G1 X73.442 Y117.558 E1.92058
G1 X73.442 Y102.442 E.39706
G1 X146.558 Y102.442 E1.92058
G1 X146.558 Y117.498 E.39548
G1 X146.142 Y117.142 F18000
G1 F6000
G1 X73.858 Y117.142 E1.89874
G1 X73.858 Y102.858 E.37522
G1 X146.142 Y102.858 E1.89874
G1 X146.142 Y117.082 E.37365
G1 X145.801 Y116.975 F18000
M204 P2000
;TYPE:Internal solid infill
;WIDTH:0.421374
G1 F6000
G1 X145.801 Y103.198 E.33697
G1 X145.414 Y103.198 E.00947
G1 X145.414 Y116.802 E.33272
G1 X145.027 Y116.802 E.00947
G1 X145.027 Y103.198 E.33272
G1 X144.64 Y103.198 E.00947
G1 X144.64 Y116.802 E.33272
G1 X144.253 Y116.802 E.00947
G1 X144.253 Y103.198 E.33272
G1 X143.866 Y103.198 E.00947
G1 X143.866 Y116.802 E.33272
G1 X143.479 Y116.802 E.00947
G1 X143.479 Y103.198 E.33272
G1 X143.092 Y103.198 E.00947
G1 X143.092 Y116.802 E.33272
G1 X142.705 Y116.802 E.00947
G1 X142.705 Y103.198 E.33272
G1 X142.318 Y103.198 E.00947
G1 X142.318 Y116.802 E.33272
G1 X141.931 Y116.802 E.00947
G1 X141.931 Y103.198 E.33272
G1 X141.544 Y103.198 E.00947
G1 X141.544 Y116.802 E.33272
G1 X141.157 Y116.802 E.00947
G1 X141.157 Y103.198 E.33272
G1 X140.77 Y103.198 E.00947
G1 X140.77 Y116.802 E.33272
G1 X140.383 Y116.802 E.00947
G1 X140.383 Y103.198 E.33272
G1 X139.995 Y103.198 E.00947
G1 X139.995 Y116.802 E.33272
G1 X139.608 Y116.802 E.00947
G1 X139.608 Y103.198 E.33272
G1 X139.221 Y103.198 E.00947
G1 X139.221 Y116.802 E.33272
G1 X138.834 Y116.802 E.00947
G1 X138.834 Y103.198 E.33272
G1 X138.447 Y103.198 E.00947
G1 X138.447 Y116.802 E.33272
G1 X138.06 Y116.802 E.00947
G1 X138.06 Y103.198 E.33272
G1 X137.673 Y103.198 E.00947
G1 X137.673 Y116.802 E.33272
G1 X137.286 Y116.802 E.00947
G1 X137.286 Y103.198 E.33272
G1 X136.899 Y103.198 E.00947
G1 X136.899 Y116.802 E.33272
G1 X136.512 Y116.802 E.00947
G1 X136.512 Y103.198 E.33272
G1 X136.125 Y103.198 E.00947
G1 X136.125 Y116.802 E.33272
G1 X135.738 Y116.802 E.00947
G1 X135.738 Y103.198 E.33272
G1 X135.351 Y103.198 E.00947
G1 X135.351 Y116.802 E.33272
G1 X134.964 Y116.802 E.00947
G1 X134.964 Y103.198 E.33272
G1 X134.577 Y103.198 E.00947
G1 X134.577 Y116.802 E.33272
G1 X134.19 Y116.802 E.00947
G1 X134.19 Y103.198 E.33272
G1 X133.803 Y103.198 E.00947
G1 X133.803 Y116.802 E.33272
G1 X133.416 Y116.802 E.00947
G1 X133.416 Y103.198 E.33272
G1 X133.029 Y103.198 E.00947
G1 X133.029 Y116.802 E.33272
G1 X132.642 Y116.802 E.00947
G1 X132.642 Y103.198 E.33272
G1 X132.255 Y103.198 E.00947
G1 X132.255 Y116.802 E.33272
G1 X131.868 Y116.802 E.00947
G1 X131.868 Y103.198 E.33272
G1 X131.481 Y103.198 E.00947
G1 X131.481 Y116.802 E.33272
G1 X131.094 Y116.802 E.00947
G1 X131.094 Y103.198 E.33272
G1 X130.707 Y103.198 E.00947
G1 X130.707 Y116.802 E.33272
G1 X130.32 Y116.802 E.00947
G1 X130.32 Y103.198 E.33272
G1 X129.932 Y103.198 E.00947
G1 X129.932 Y116.802 E.33272
G1 X129.545 Y116.802 E.00947
G1 X129.545 Y103.198 E.33272
G1 X129.158 Y103.198 E.00947
G1 X129.158 Y116.802 E.33272
G1 X128.771 Y116.802 E.00947
G1 X128.771 Y103.198 E.33272
G1 X128.384 Y103.198 E.00947
G1 X128.384 Y116.802 E.33272
G1 X127.997 Y116.802 E.00947
G1 X127.997 Y103.198 E.33272
G1 X127.61 Y103.198 E.00947
G1 X127.61 Y116.802 E.33272
G1 X127.223 Y116.802 E.00947
G1 X127.223 Y103.198 E.33272
G1 X126.836 Y103.198 E.00947
G1 X126.836 Y116.802 E.33272
G1 X126.449 Y116.802 E.00947
G1 X126.449 Y103.198 E.33272
G1 X126.062 Y103.198 E.00947
G1 X126.062 Y116.802 E.33272
G1 X125.675 Y116.802 E.00947
G1 X125.675 Y103.198 E.33272
G1 X125.288 Y103.198 E.00947
G1 X125.288 Y116.802 E.33272
G1 X124.901 Y116.802 E.00947
G1 X124.901 Y103.198 E.33272
G1 X124.514 Y103.198 E.00947
G1 X124.514 Y116.802 E.33272
G1 X124.127 Y116.802 E.00947
G1 X124.127 Y103.198 E.33272
G1 X123.74 Y103.198 E.00947
G1 X123.74 Y116.802 E.33272
G1 X123.353 Y116.802 E.00947
G1 X123.353 Y103.198 E.33272
G1 X122.966 Y103.198 E.00947
G1 X122.966 Y116.802 E.33272
G1 X122.579 Y116.802 E.00947
G1 X122.579 Y103.198 E.33272
G1 X122.192 Y103.198 E.00947
G1 X122.192 Y116.802 E.33272
G1 X121.805 Y116.802 E.00947
G1 X121.805 Y103.198 E.33272
G1 X121.418 Y103.198 E.00947
G1 X121.418 Y116.802 E.33272
G1 X121.031 Y116.802 E.00947
G1 X121.031 Y103.198 E.33272
G1 X120.644 Y103.198 E.00947
G1 X120.644 Y116.802 E.33272
G1 X120.257 Y116.802 E.00947
G1 X120.257 Y103.198 E.33272
G1 X119.87 Y103.198 E.00947
G1 X119.87 Y116.802 E.33272
G1 X119.482 Y116.802 E.00947
G1 X119.482 Y103.198 E.33272
G1 X119.095 Y103.198 E.00947
G1 X119.095 Y116.802 E.33272
G1 X118.708 Y116.802 E.00947
G1 X118.708 Y103.198 E.33272
G1 X118.321 Y103.198 E.00947
G1 X118.321 Y116.802 E.33272
G1 X117.934 Y116.802 E.00947
G1 X117.934 Y103.198 E.33272
G1 X117.547 Y103.198 E.00947
G1 X117.547 Y116.802 E.33272
G1 X117.16 Y116.802 E.00947
G1 X117.16 Y103.198 E.33272
G1 X116.773 Y103.198 E.00947
G1 X116.773 Y116.802 E.33272
G1 X116.386 Y116.802 E.00947
G1 X116.386 Y103.198 E.33272
G1 X115.999 Y103.198 E.00947
G1 X115.999 Y116.802 E.33272
G1 X115.612 Y116.802 E.00947
G1 X115.612 Y103.198 E.33272
G1 X115.225 Y103.198 E.00947
G1 X115.225 Y116.802 E.33272
G1 X114.838 Y116.802 E.00947
G1 X114.838 Y103.198 E.33272
G1 X114.451 Y103.198 E.00947
G1 X114.451 Y116.802 E.33272
G1 X114.064 Y116.802 E.00947
G1 X114.064 Y103.198 E.33272
G1 X113.677 Y103.198 E.00947
G1 X113.677 Y116.802 E.33272
G1 X113.29 Y116.802 E.00947
G1 X113.29 Y103.198 E.33272
G1 X112.903 Y103.198 E.00947
G1 X112.903 Y116.802 E.33272
G1 X112.516 Y116.802 E.00947
G1 X112.516 Y103.198 E.33272
G1 X112.129 Y103.198 E.00947
G1 X112.129 Y116.802 E.33272
G1 X111.742 Y116.802 E.00947
G1 X111.742 Y103.198 E.33272
G1 X111.355 Y103.198 E.00947
G1 X111.355 Y116.802 E.33272
G1 X110.968 Y116.802 E.00947
G1 X110.968 Y103.198 E.33272
G1 X110.581 Y103.198 E.00947
G1 X110.581 Y116.802 E.33272
G1 X110.194 Y116.802 E.00947
G1 X110.194 Y103.198 E.33272
G1 X109.807 Y103.198 E.00947
G1 X109.807 Y116.802 E.33272
G1 X109.419 Y116.802 E.00947
G1 X109.419 Y103.198 E.33272
G1 X109.032 Y103.198 E.00947
G1 X109.032 Y116.802 E.33272
G1 X108.645 Y116.802 E.00947
G1 X108.645 Y103.198 E.33272
G1 X108.258 Y103.198 E.00947
G1 X108.258 Y116.802 E.33272
G1 X107.871 Y116.802 E.00947
G1 X107.871 Y103.198 E.33272
G1 X107.484 Y103.198 E.00947
G1 X107.484 Y116.802 E.33272
G1 X107.097 Y116.802 E.00947
G1 X107.097 Y103.198 E.33272
G1 X106.71 Y103.198 E.00947
G1 X106.71 Y116.802 E.33272
G1 X106.323 Y116.802 E.00947
G1 X106.323 Y103.198 E.33272
G1 X105.936 Y103.198 E.00947
G1 X105.936 Y116.802 E.33272
G1 X105.549 Y116.802 E.00947
G1 X105.549 Y103.198 E.33272
G1 X105.162 Y103.198 E.00947
G1 X105.162 Y116.802 E.33272
G1 X104.775 Y116.802 E.00947
G1 X104.775 Y103.198 E.33272
G1 X104.388 Y103.198 E.00947
G1 X104.388 Y116.802 E.33272
G1 X104.001 Y116.802 E.00947
G1 X104.001 Y103.198 E.33272
G1 X103.614 Y103.198 E.00947
G1 X103.614 Y116.802 E.33272
G1 X103.227 Y116.802 E.00947
G1 X103.227 Y103.198 E.33272
G1 X102.84 Y103.198 E.00947
G1 X102.84 Y116.802 E.33272
G1 X102.453 Y116.802 E.00947
G1 X102.453 Y103.198 E.33272
G1 X102.066 Y103.198 E.00947
G1 X102.066 Y116.802 E.33272
G1 X101.679 Y116.802 E.00947
G1 X101.679 Y103.198 E.33272
G1 X101.292 Y103.198 E.00947
G1 X101.292 Y116.802 E.33272
G1 X100.905 Y116.802 E.00947
G1 X100.905 Y103.198 E.33272
G1 X100.518 Y103.198 E.00947
G1 X100.518 Y116.802 E.33272
G1 X100.131 Y116.802 E.00947
G1 X100.131 Y103.198 E.33272
G1 X99.744 Y103.198 E.00947
G1 X99.744 Y116.802 E.33272
G1 X99.356 Y116.802 E.00947
G1 X99.356 Y103.198 E.33272
G1 X98.969 Y103.198 E.00947
G1 X98.969 Y116.802 E.33272
G1 X98.582 Y116.802 E.00947
G1 X98.582 Y103.198 E.33272
G1 X98.195 Y103.198 E.00947
G1 X98.195 Y116.802 E.33272
G1 X97.808 Y116.802 E.00947
G1 X97.808 Y103.198 E.33272
G1 X97.421 Y103.198 E.00947
G1 X97.421 Y116.802 E.33272
G1 X97.034 Y116.802 E.00947
G1 X97.034 Y103.198 E.33272
G1 X96.647 Y103.198 E.00947
G1 X96.647 Y116.802 E.33272
G1 X96.26 Y116.802 E.00947
G1 X96.26 Y103.198 E.33272
G1 X95.873 Y103.198 E.00947
G1 X95.873 Y116.802 E.33272
G1 X95.486 Y116.802 E.00947
G1 X95.486 Y103.198 E.33272
G1 X95.099 Y103.198 E.00947
G1 X95.099 Y116.802 E.33272
G1 X94.712 Y116.802 E.00947
G1 X94.712 Y103.198 E.33272
G1 X94.325 Y103.198 E.00947
G1 X94.325 Y116.802 E.33272
G1 X93.938 Y116.802 E.00947
G1 X93.938 Y103.198 E.33272
G1 X93.551 Y103.198 E.00947
G1 X93.551 Y116.802 E.33272
G1 X93.164 Y116.802 E.00947
G1 X93.164 Y103.198 E.33272
G1 X92.777 Y103.198 E.00947
G1 X92.777 Y116.802 E.33272
G1 X92.39 Y116.802 E.00947
G1 X92.39 Y103.198 E.33272
G1 X92.003 Y103.198 E.00947
G1 X92.003 Y116.802 E.33272
G1 X91.616 Y116.802 E.00947
G1 X91.616 Y103.198 E.33272
G1 X91.229 Y103.198 E.00947
G1 X91.229 Y116.802 E.33272
G1 X90.842 Y116.802 E.00947
G1 X90.842 Y103.198 E.33272
G1 X90.455 Y103.198 E.00947
G1 X90.455 Y116.802 E.33272
G1 X90.068 Y116.802 E.00947
G1 X90.068 Y103.198 E.33272
G1 X89.681 Y103.198 E.00947
G1 X89.681 Y116.802 E.33272
G1 X89.294 Y116.802 E.00947
G1 X89.294 Y103.198 E.33272
G1 X88.906 Y103.198 E.00947
G1 X88.906 Y116.802 E.33272
G1 X88.519 Y116.802 E.00947
G1 X88.519 Y103.198 E.33272
G1 X88.132 Y103.198 E.00947
G1 X88.132 Y116.802 E.33272
G1 X87.745 Y116.802 E.00947
G1 X87.745 Y103.198 E.33272
G1 X87.358 Y103.198 E.00947
G1 X87.358 Y116.802 E.33272
G1 X86.971 Y116.802 E.00947
G1 X86.971 Y103.198 E.33272
G1 X86.584 Y103.198 E.00947
G1 X86.584 Y116.802 E.33272
G1 X86.197 Y116.802 E.00947
G1 X86.197 Y103.198 E.33272
G1 X85.81 Y103.198 E.00947
G1 X85.81 Y116.802 E.33272
G1 X85.423 Y116.802 E.00947
G1 X85.423 Y103.198 E.33272
G1 X85.036 Y103.198 E.00947
G1 X85.036 Y116.802 E.33272
G1 X84.649 Y116.802 E.00947
G1 X84.649 Y103.198 E.33272
G1 X84.262 Y103.198 E.00947
G1 X84.262 Y116.802 E.33272
G1 X83.875 Y116.802 E.00947
G1 X83.875 Y103.198 E.33272
G1 X83.488 Y103.198 E.00947
G1 X83.488 Y116.802 E.33272
G1 X83.101 Y116.802 E.00947
G1 X83.101 Y103.198 E.33272
G1 X82.714 Y103.198 E.00947
G1 X82.714 Y116.802 E.33272
G1 X82.327 Y116.802 E.00947
G1 X82.327 Y103.198 E.33272
G1 X81.94 Y103.198 E.00947
G1 X81.94 Y116.802 E.33272
G1 X81.553 Y116.802 E.00947
G1 X81.553 Y103.198 E.33272
G1 X81.166 Y103.198 E.00947
G1 X81.166 Y116.802 E.33272
G1 X80.779 Y116.802 E.00947
G1 X80.779 Y103.198 E.33272
G1 X80.392 Y103.198 E.00947
G1 X80.392 Y116.802 E.33272
G1 X80.005 Y116.802 E.00947
G1 X80.005 Y103.198 E.33272
G1 X79.618 Y103.198 E.00947
G1 X79.618 Y116.802 E.33272
G1 X79.231 Y116.802 E.00947
G1 X79.231 Y103.198 E.33272
G1 X78.843 Y103.198 E.00947
G1 X78.843 Y116.802 E.33272
G1 X78.456 Y116.802 E.00947
G1 X78.456 Y103.198 E.33272
G1 X78.069 Y103.198 E.00947
G1 X78.069 Y116.802 E.33272
G1 X77.682 Y116.802 E.00947
G1 X77.682 Y103.198 E.33272
G1 X77.295 Y103.198 E.00947
G1 X77.295 Y116.802 E.33272
G1 X76.908 Y116.802 E.00947
G1 X76.908 Y103.198 E.33272
G1 X76.521 Y103.198 E.00947
G1 X76.521 Y116.802 E.33272
G1 X76.134 Y116.802 E.00947
G1 X76.134 Y103.198 E.33272
G1 X75.747 Y103.198 E.00947
G1 X75.747 Y116.802 E.33272
G1 X75.36 Y116.802 E.00947
G1 X75.36 Y103.198 E.33272
G1 X74.973 Y103.198 E.00947
G1 X74.973 Y116.802 E.33272
G1 X74.586 Y116.802 E.00947
G1 X74.586 Y103.198 E.33272
G1 X74.199 Y103.198 E.00947
G1 X74.199 Y116.975 E.33697
; stop printing object pogo_receiver_coupon.stl id:0 copy 0
;LAYER_CHANGE
;Z:0.88
;HEIGHT:0.16
G92 E0 ; zero the extruded length again
; BEFORE_LAYER_CHANGE 4 @ 0.88mm
G1 E-1.75 F6000
;WIPE_START
G1 X74.199 Y115.975 E-.75
;WIPE_END
; AFTER_LAYER_CHANGE 4 @ 0.88mm
;_SET_FAN_SPEED_CHANGING_LAYER
; printing object pogo_receiver_coupon.stl id:0 copy 0
G1 F18000
G1 X74.667 Y116.22 Z0.908571
G1 X74.7675 Y116.738 Z0.937143
G1 X74.425 Y117.14 Z0.965714
G1 X73.8972 Y117.123 Z0.994286
G1 X73.5817 Y116.699 Z1.02286
G1 X73.716 Y116.189 Z1.05143
G1 X74.199 Y115.975 Z1.08
G1 X147.376 Y118.376 Z1.08
G1 X147.79 Y118.79
G1 Z.88
G1 E2.5 F6000
M204 P1000
;TYPE:Outer wall
;WIDTH:0.42
G1 F3600
G1 X72.21 Y118.79 E1.84202
G1 X72.21 Y101.21 E.42846
G1 X147.79 Y101.21 E1.84202
G1 X147.79 Y118.73 E.42699
G1 X147.376 Y118.376 F18000
G1 X147.389 Y118.389
M204 P1500
;TYPE:Inner wall
;WIDTH:0.45
G1 F6000
G1 X72.611 Y118.389 E1.96425
G1 X72.611 Y101.611 E.44073
G1 X147.389 Y101.611 E1.96425
G1 X147.389 Y118.329 E.43916
G1 X146.974 Y117.974 F18000
G1 F6000
G1 X73.026 Y117.974 E1.94242
G1 X73.026 Y102.026 E.4189
G1 X146.974 Y102.026 E1.94242
G1 X146.974 Y117.914 E.41732
G1 X146.558 Y117.558 F18000
G1 F6000
G1 X73.442 Y117.558 E1.92058
G1 X73.442 Y102.442 E.39706
G1 X146.558 Y102.442 E1.92058
G1 X146.558 Y117.498 E.39548
G1 X146.142 Y117.142 F18000
G1 F6000
G1 X73.858 Y117.142 E1.89874
G1 X73.858 Y102.858 E.37522
G1 X146.142 Y102.858 E1.89874
G1 X146.142 Y117.082 E.37365
G1 X145.975 Y116.8 F18000
M204 P2000
;TYPE:Internal solid infill
;WIDTH:0.422925
G1 F6000
G1 X74.198 Y116.8 E1.7626
G1 X74.198 Y116.412 E.00954
G1 X145.802 Y116.412 E1.75834
G1 X145.802 Y116.023 E.00954
G1 X74.198 Y116.023 E1.75834
G1 X74.198 Y115.635 E.00954
G1 X145.802 Y115.635 E1.75834
G1 X145.802 Y115.246 E.00954
G1 X74.198 Y115.246 E1.75834
G1 X74.198 Y114.857 E.00954
G1 X145.802 Y114.857 E1.75834
G1 X145.802 Y114.469 E.00954
G1 X74.198 Y114.469 E1.75834
G1 X74.198 Y114.08 E.00954
G1 X145.802 Y114.08 E1.75834
G1 X145.802 Y113.692 E.00954
G1 X74.198 Y113.692 E1.75834
G1 X74.198 Y113.303 E.00954
G1 X145.802 Y113.303 E1.75834
G1 X145.802 Y112.914 E.00954
G1 X74.198 Y112.914 E1.75834
G1 X74.198 Y112.526 E.00954
G1 X145.802 Y112.526 E1.75834
G1 X145.802 Y112.137 E.00954
G1 X74.198 Y112.137 E1.75834
G1 X74.198 Y111.749 E.00954
G1 X145.802 Y111.749 E1.75834
G1 X145.802 Y111.36 E.00954
G1 X74.198 Y111.36 E1.75834
G1 X74.198 Y110.972 E.00954
G1 X145.802 Y110.972 E1.75834
G1 X145.802 Y110.583 E.00954
G1 X74.198 Y110.583 E1.75834
G1 X74.198 Y110.194 E.00954
G1 X145.802 Y110.194 E1.75834
G1 X145.802 Y109.806 E.00954
G1 X74.198 Y109.806 E1.75834
G1 X74.198 Y109.417 E.00954
G1 X145.802 Y109.417 E1.75834
G1 X145.802 Y109.029 E.00954
G1 X74.198 Y109.029 E1.75834
G1 X74.198 Y108.64 E.00954
G1 X145.802 Y108.64 E1.75834
G1 X145.802 Y108.251 E.00954
G1 X74.198 Y108.251 E1.75834
G1 X74.198 Y107.863 E.00954
G1 X145.802 Y107.863 E1.75834
G1 X145.802 Y107.474 E.00954
G1 X74.198 Y107.474 E1.75834
G1 X74.198 Y107.086 E.00954
G1 X145.802 Y107.086 E1.75834
G1 X145.802 Y106.697 E.00954
G1 X74.198 Y106.697 E1.75834
G1 X74.198 Y106.308 E.00954
G1 X145.802 Y106.308 E1.75834
G1 X145.802 Y105.92 E.00954
G1 X74.198 Y105.92 E1.75834
G1 X74.198 Y105.531 E.00954
G1 X145.802 Y105.531 E1.75834
G1 X145.802 Y105.143 E.00954
G1 X74.198 Y105.143 E1.75834
G1 X74.198 Y104.754 E.00954
G1 X145.802 Y104.754 E1.75834
G1 X145.802 Y104.366 E.00954
G1 X74.198 Y104.365 E1.75834
G1 X74.198 Y103.977 E.00954
G1 X145.802 Y103.977 E1.75834
G1 X145.802 Y103.588 E.00954
G1 X74.198 Y103.588 E1.75834
G1 X74.198 Y103.2 E.00954
G1 X145.975 Y103.2 E1.7626
; stop printing object pogo_receiver_coupon.stl id:0 copy 0
;LAYER_CHANGE
;Z:1.04
;HEIGHT:0.16
G92 E0 ; zero the extruded length again
; BEFORE_LAYER_CHANGE 5 @ 1.04mm
G1 E-1.75 F6000
;WIPE_START
G1 X144.975 Y103.2 E-.75
;WIPE_END
; AFTER_LAYER_CHANGE 5 @ 1.04mm
;_SET_FAN_SPEED_CHANGING_LAYER
; printing object pogo_receiver_coupon.stl id:0 copy 0
G1 F18000
G1 X144.834 Y103.709 Z1.06857
G1 X144.349 Y103.916 Z1.09714
G1 X143.884 Y103.665 Z1.12571
G1 X143.79 Y103.145 Z1.15429
G1 X144.138 Y102.748 Z1.18286
G1 X144.665 Y102.772 Z1.21143
G1 X144.975 Y103.2 Z1.24
G1 X147.376 Y116.5 Z1.24
G1 X147.376 Y118.376
G1 X147.79 Y118.79
G1 Z1.04
G1 E2.5 F6000
M204 P1000
;TYPE:Outer wall
;WIDTH:0.42
G1 F3600
G1 X72.21 Y118.79 E1.84202
G1 X72.21 Y101.21 E.42846
G1 X147.79 Y101.21 E1.84202
G1 X147.79 Y118.73 E.42699
G1 X147.376 Y118.376 F18000
G1 X147.389 Y118.389
M204 P1500
;TYPE:Inner wall
;WIDTH:0.45
G1 F6000
G1 X72.611 Y118.389 E1.96425
G1 X72.611 Y101.611 E.44073
G1 X147.389 Y101.611 E1.96425
G1 X147.389 Y118.329 E.43916
G1 X146.974 Y117.974 F18000
G1 F6000
G1 X73.026 Y117.974 E1.94242
G1 X73.026 Y102.026 E.4189
G1 X146.974 Y102.026 E1.94242
G1 X146.974 Y117.914 E.41732
G1 X146.558 Y117.558 F18000
G1 F6000
G1 X73.442 Y117.558 E1.92058
G1 X73.442 Y102.442 E.39706
G1 X146.558 Y102.442 E1.92058
G1 X146.558 Y117.498 E.39548
G1 X146.142 Y117.142 F18000
G1 F6000
G1 X73.858 Y117.142 E1.89874
G1 X73.858 Y102.858 E.37522
G1 X146.142 Y102.858 E1.89874
G1 X146.142 Y117.082 E.37365
G1 X145.801 Y116.975 F18000
M204 P2000
;TYPE:Internal solid infill
;WIDTH:0.421374
G1 F6000
G1 X145.801 Y103.198 E.33697
G1 X145.414 Y103.198 E.00947
G1 X145.414 Y116.802 E.33272
G1 X145.027 Y116.802 E.00947
G1 X145.027 Y103.198 E.33272
G1 X144.64 Y103.198 E.00947
G1 X144.64 Y116.802 E.33272
G1 X144.253 Y116.802 E.00947
G1 X144.253 Y103.198 E.33272
G1 X143.866 Y103.198 E.00947
G1 X143.866 Y116.802 E.33272
G1 X143.479 Y116.802 E.00947
G1 X143.479 Y103.198 E.33272
G1 X143.092 Y103.198 E.00947
G1 X143.092 Y116.802 E.33272
G1 X142.705 Y116.802 E.00947
G1 X142.705 Y103.198 E.33272
G1 X142.318 Y103.198 E.00947
G1 X142.318 Y116.802 E.33272
G1 X141.931 Y116.802 E.00947
G1 X141.931 Y103.198 E.33272
G1 X141.544 Y103.198 E.00947
G1 X141.544 Y116.802 E.33272
G1 X141.157 Y116.802 E.00947
G1 X141.157 Y103.198 E.33272
G1 X140.77 Y103.198 E.00947
G1 X140.77 Y116.802 E.33272
G1 X140.383 Y116.802 E.00947
G1 X140.383 Y103.198 E.33272
G1 X139.995 Y103.198 E.00947
G1 X139.995 Y116.802 E.33272
G1 X139.608 Y116.802 E.00947
G1 X139.608 Y103.198 E.33272
G1 X139.221 Y103.198 E.00947
G1 X139.221 Y116.802 E.33272
G1 X138.834 Y116.802 E.00947
G1 X138.834 Y103.198 E.33272
G1 X138.447 Y103.198 E.00947
G1 X138.447 Y116.802 E.33272
G1 X138.06 Y116.802 E.00947
G1 X138.06 Y103.198 E.33272
G1 X137.673 Y103.198 E.00947
G1 X137.673 Y116.802 E.33272
G1 X137.286 Y116.802 E.00947
G1 X137.286 Y103.198 E.33272
G1 X136.899 Y103.198 E.00947
G1 X136.899 Y116.802 E.33272
G1 X136.512 Y116.802 E.00947
G1 X136.512 Y103.198 E.33272
G1 X136.125 Y103.198 E.00947
G1 X136.125 Y116.802 E.33272
G1 X135.738 Y116.802 E.00947
G1 X135.738 Y103.198 E.33272
G1 X135.351 Y103.198 E.00947
G1 X135.351 Y116.802 E.33272
G1 X134.964 Y116.802 E.00947
G1 X134.964 Y103.198 E.33272
G1 X134.577 Y103.198 E.00947
G1 X134.577 Y116.802 E.33272
G1 X134.19 Y116.802 E.00947
G1 X134.19 Y103.198 E.33272
G1 X133.803 Y103.198 E.00947
G1 X133.803 Y116.802 E.33272
G1 X133.416 Y116.802 E.00947
G1 X133.416 Y103.198 E.33272
G1 X133.029 Y103.198 E.00947
G1 X133.029 Y116.802 E.33272
G1 X132.642 Y116.802 E.00947
G1 X132.642 Y103.198 E.33272
G1 X132.255 Y103.198 E.00947
G1 X132.255 Y116.802 E.33272
G1 X131.868 Y116.802 E.00947
G1 X131.868 Y103.198 E.33272
G1 X131.481 Y103.198 E.00947
G1 X131.481 Y116.802 E.33272
G1 X131.094 Y116.802 E.00947
G1 X131.094 Y103.198 E.33272
G1 X130.707 Y103.198 E.00947
G1 X130.707 Y116.802 E.33272
G1 X130.32 Y116.802 E.00947
G1 X130.32 Y103.198 E.33272
G1 X129.932 Y103.198 E.00947
G1 X129.932 Y116.802 E.33272
G1 X129.545 Y116.802 E.00947
G1 X129.545 Y103.198 E.33272
G1 X129.158 Y103.198 E.00947
G1 X129.158 Y116.802 E.33272
G1 X128.771 Y116.802 E.00947
G1 X128.771 Y103.198 E.33272
G1 X128.384 Y103.198 E.00947
G1 X128.384 Y116.802 E.33272
G1 X127.997 Y116.802 E.00947
G1 X127.997 Y103.198 E.33272
G1 X127.61 Y103.198 E.00947
G1 X127.61 Y116.802 E.33272
G1 X127.223 Y116.802 E.00947
G1 X127.223 Y103.198 E.33272
G1 X126.836 Y103.198 E.00947
G1 X126.836 Y116.802 E.33272
G1 X126.449 Y116.802 E.00947
G1 X126.449 Y103.198 E.33272
G1 X126.062 Y103.198 E.00947
G1 X126.062 Y116.802 E.33272
G1 X125.675 Y116.802 E.00947
G1 X125.675 Y103.198 E.33272
G1 X125.288 Y103.198 E.00947
G1 X125.288 Y116.802 E.33272
G1 X124.901 Y116.802 E.00947
G1 X124.901 Y103.198 E.33272
G1 X124.514 Y103.198 E.00947
G1 X124.514 Y116.802 E.33272
G1 X124.127 Y116.802 E.00947
G1 X124.127 Y103.198 E.33272
G1 X123.74 Y103.198 E.00947
G1 X123.74 Y116.802 E.33272
G1 X123.353 Y116.802 E.00947
G1 X123.353 Y103.198 E.33272
G1 X122.966 Y103.198 E.00947
G1 X122.966 Y116.802 E.33272
G1 X122.579 Y116.802 E.00947
G1 X122.579 Y103.198 E.33272
G1 X122.192 Y103.198 E.00947
G1 X122.192 Y116.802 E.33272
G1 X121.805 Y116.802 E.00947
G1 X121.805 Y103.198 E.33272
G1 X121.418 Y103.198 E.00947
G1 X121.418 Y116.802 E.33272
G1 X121.031 Y116.802 E.00947
G1 X121.031 Y103.198 E.33272
G1 X120.644 Y103.198 E.00947
G1 X120.644 Y116.802 E.33272
G1 X120.257 Y116.802 E.00947
G1 X120.257 Y103.198 E.33272
G1 X119.87 Y103.198 E.00947
G1 X119.87 Y116.802 E.33272
G1 X119.482 Y116.802 E.00947
G1 X119.482 Y103.198 E.33272
G1 X119.095 Y103.198 E.00947
G1 X119.095 Y116.802 E.33272
G1 X118.708 Y116.802 E.00947
G1 X118.708 Y103.198 E.33272
G1 X118.321 Y103.198 E.00947
G1 X118.321 Y116.802 E.33272
G1 X117.934 Y116.802 E.00947
G1 X117.934 Y103.198 E.33272
G1 X117.547 Y103.198 E.00947
G1 X117.547 Y116.802 E.33272
G1 X117.16 Y116.802 E.00947
G1 X117.16 Y103.198 E.33272
G1 X116.773 Y103.198 E.00947
G1 X116.773 Y116.802 E.33272
G1 X116.386 Y116.802 E.00947
G1 X116.386 Y103.198 E.33272
G1 X115.999 Y103.198 E.00947
G1 X115.999 Y116.802 E.33272
G1 X115.612 Y116.802 E.00947
G1 X115.612 Y103.198 E.33272
G1 X115.225 Y103.198 E.00947
G1 X115.225 Y116.802 E.33272
G1 X114.838 Y116.802 E.00947
G1 X114.838 Y103.198 E.33272
G1 X114.451 Y103.198 E.00947
G1 X114.451 Y116.802 E.33272
G1 X114.064 Y116.802 E.00947
G1 X114.064 Y103.198 E.33272
G1 X113.677 Y103.198 E.00947
G1 X113.677 Y116.802 E.33272
G1 X113.29 Y116.802 E.00947
G1 X113.29 Y103.198 E.33272
G1 X112.903 Y103.198 E.00947
G1 X112.903 Y116.802 E.33272
G1 X112.516 Y116.802 E.00947
G1 X112.516 Y103.198 E.33272
G1 X112.129 Y103.198 E.00947
G1 X112.129 Y116.802 E.33272
G1 X111.742 Y116.802 E.00947
G1 X111.742 Y103.198 E.33272
G1 X111.355 Y103.198 E.00947
G1 X111.355 Y116.802 E.33272
G1 X110.968 Y116.802 E.00947
G1 X110.968 Y103.198 E.33272
G1 X110.581 Y103.198 E.00947
G1 X110.581 Y116.802 E.33272
G1 X110.194 Y116.802 E.00947
G1 X110.194 Y103.198 E.33272
G1 X109.807 Y103.198 E.00947
G1 X109.807 Y116.802 E.33272
G1 X109.419 Y116.802 E.00947
G1 X109.419 Y103.198 E.33272
G1 X109.032 Y103.198 E.00947
G1 X109.032 Y116.802 E.33272
G1 X108.645 Y116.802 E.00947
G1 X108.645 Y103.198 E.33272
G1 X108.258 Y103.198 E.00947
G1 X108.258 Y116.802 E.33272
G1 X107.871 Y116.802 E.00947
G1 X107.871 Y103.198 E.33272
G1 X107.484 Y103.198 E.00947
G1 X107.484 Y116.802 E.33272
G1 X107.097 Y116.802 E.00947
G1 X107.097 Y103.198 E.33272
G1 X106.71 Y103.198 E.00947
G1 X106.71 Y116.802 E.33272
G1 X106.323 Y116.802 E.00947
G1 X106.323 Y103.198 E.33272
G1 X105.936 Y103.198 E.00947
G1 X105.936 Y116.802 E.33272
G1 X105.549 Y116.802 E.00947
G1 X105.549 Y103.198 E.33272
G1 X105.162 Y103.198 E.00947
G1 X105.162 Y116.802 E.33272
G1 X104.775 Y116.802 E.00947
G1 X104.775 Y103.198 E.33272
G1 X104.388 Y103.198 E.00947
G1 X104.388 Y116.802 E.33272
G1 X104.001 Y116.802 E.00947
G1 X104.001 Y103.198 E.33272
G1 X103.614 Y103.198 E.00947
G1 X103.614 Y116.802 E.33272
G1 X103.227 Y116.802 E.00947
G1 X103.227 Y103.198 E.33272
G1 X102.84 Y103.198 E.00947
G1 X102.84 Y116.802 E.33272
G1 X102.453 Y116.802 E.00947
G1 X102.453 Y103.198 E.33272
G1 X102.066 Y103.198 E.00947
G1 X102.066 Y116.802 E.33272
G1 X101.679 Y116.802 E.00947
G1 X101.679 Y103.198 E.33272
G1 X101.292 Y103.198 E.00947
G1 X101.292 Y116.802 E.33272
G1 X100.905 Y116.802 E.00947
G1 X100.905 Y103.198 E.33272
G1 X100.518 Y103.198 E.00947
G1 X100.518 Y116.802 E.33272
G1 X100.131 Y116.802 E.00947
G1 X100.131 Y103.198 E.33272
G1 X99.744 Y103.198 E.00947
G1 X99.744 Y116.802 E.33272
G1 X99.356 Y116.802 E.00947
G1 X99.356 Y103.198 E.33272
G1 X98.969 Y103.198 E.00947
G1 X98.969 Y116.802 E.33272
G1 X98.582 Y116.802 E.00947
G1 X98.582 Y103.198 E.33272
G1 X98.195 Y103.198 E.00947
G1 X98.195 Y116.802 E.33272
G1 X97.808 Y116.802 E.00947
G1 X97.808 Y103.198 E.33272
G1 X97.421 Y103.198 E.00947
G1 X97.421 Y116.802 E.33272
G1 X97.034 Y116.802 E.00947
G1 X97.034 Y103.198 E.33272
G1 X96.647 Y103.198 E.00947
G1 X96.647 Y116.802 E.33272
G1 X96.26 Y116.802 E.00947
G1 X96.26 Y103.198 E.33272
G1 X95.873 Y103.198 E.00947
G1 X95.873 Y116.802 E.33272
G1 X95.486 Y116.802 E.00947
G1 X95.486 Y103.198 E.33272
G1 X95.099 Y103.198 E.00947
G1 X95.099 Y116.802 E.33272
G1 X94.712 Y116.802 E.00947
G1 X94.712 Y103.198 E.33272
G1 X94.325 Y103.198 E.00947
G1 X94.325 Y116.802 E.33272
G1 X93.938 Y116.802 E.00947
G1 X93.938 Y103.198 E.33272
G1 X93.551 Y103.198 E.00947
G1 X93.551 Y116.802 E.33272
G1 X93.164 Y116.802 E.00947
G1 X93.164 Y103.198 E.33272
G1 X92.777 Y103.198 E.00947
G1 X92.777 Y116.802 E.33272
G1 X92.39 Y116.802 E.00947
G1 X92.39 Y103.198 E.33272
G1 X92.003 Y103.198 E.00947
G1 X92.003 Y116.802 E.33272
G1 X91.616 Y116.802 E.00947
G1 X91.616 Y103.198 E.33272
G1 X91.229 Y103.198 E.00947
G1 X91.229 Y116.802 E.33272
G1 X90.842 Y116.802 E.00947
G1 X90.842 Y103.198 E.33272
G1 X90.455 Y103.198 E.00947
G1 X90.455 Y116.802 E.33272
G1 X90.068 Y116.802 E.00947
G1 X90.068 Y103.198 E.33272
G1 X89.681 Y103.198 E.00947
G1 X89.681 Y116.802 E.33272
G1 X89.294 Y116.802 E.00947
G1 X89.294 Y103.198 E.33272
G1 X88.906 Y103.198 E.00947
G1 X88.906 Y116.802 E.33272
G1 X88.519 Y116.802 E.00947
G1 X88.519 Y103.198 E.33272
G1 X88.132 Y103.198 E.00947
G1 X88.132 Y116.802 E.33272
G1 X87.745 Y116.802 E.00947
G1 X87.745 Y103.198 E.33272
G1 X87.358 Y103.198 E.00947
G1 X87.358 Y116.802 E.33272
G1 X86.971 Y116.802 E.00947
G1 X86.971 Y103.198 E.33272
G1 X86.584 Y103.198 E.00947
G1 X86.584 Y116.802 E.33272
G1 X86.197 Y116.802 E.00947
G1 X86.197 Y103.198 E.33272
G1 X85.81 Y103.198 E.00947
G1 X85.81 Y116.802 E.33272
G1 X85.423 Y116.802 E.00947
G1 X85.423 Y103.198 E.33272
G1 X85.036 Y103.198 E.00947
G1 X85.036 Y116.802 E.33272
G1 X84.649 Y116.802 E.00947
G1 X84.649 Y103.198 E.33272
G1 X84.262 Y103.198 E.00947
G1 X84.262 Y116.802 E.33272
G1 X83.875 Y116.802 E.00947
G1 X83.875 Y103.198 E.33272
G1 X83.488 Y103.198 E.00947
G1 X83.488 Y116.802 E.33272
G1 X83.101 Y116.802 E.00947
G1 X83.101 Y103.198 E.33272
G1 X82.714 Y103.198 E.00947
G1 X82.714 Y116.802 E.33272
G1 X82.327 Y116.802 E.00947
G1 X82.327 Y103.198 E.33272
G1 X81.94 Y103.198 E.00947
G1 X81.94 Y116.802 E.33272
G1 X81.553 Y116.802 E.00947
G1 X81.553 Y103.198 E.33272
G1 X81.166 Y103.198 E.00947
G1 X81.166 Y116.802 E.33272
G1 X80.779 Y116.802 E.00947
G1 X80.779 Y103.198 E.33272
G1 X80.392 Y103.198 E.00947
G1 X80.392 Y116.802 E.33272
G1 X80.005 Y116.802 E.00947
G1 X80.005 Y103.198 E.33272
G1 X79.618 Y103.198 E.00947
G1 X79.618 Y116.802 E.33272
G1 X79.231 Y116.802 E.00947
G1 X79.231 Y103.198 E.33272
G1 X78.843 Y103.198 E.00947
G1 X78.843 Y116.802 E.33272
G1 X78.456 Y116.802 E.00947
G1 X78.456 Y103.198 E.33272
G1 X78.069 Y103.198 E.00947
G1 X78.069 Y116.802 E.33272
G1 X77.682 Y116.802 E.00947
G1 X77.682 Y103.198 E.33272
G1 X77.295 Y103.198 E.00947
G1 X77.295 Y116.802 E.33272
G1 X76.908 Y116.802 E.00947
G1 X76.908 Y103.198 E.33272
G1 X76.521 Y103.198 E.00947
G1 X76.521 Y116.802 E.33272
G1 X76.134 Y116.802 E.00947
G1 X76.134 Y103.198 E.33272
G1 X75.747 Y103.198 E.00947
G1 X75.747 Y116.802 E.33272
G1 X75.36 Y116.802 E.00947
G1 X75.36 Y103.198 E.33272
G1 X74.973 Y103.198 E.00947
G1 X74.973 Y116.802 E.33272
G1 X74.586 Y116.802 E.00947
G1 X74.586 Y103.198 E.33272
G1 X74.199 Y103.198 E.00947
G1 X74.199 Y116.975 E.33697
; stop printing object pogo_receiver_coupon.stl id:0 copy 0
M106 S145
;LAYER_CHANGE
;Z:1.2
;HEIGHT:0.16
G92 E0 ; zero the extruded length again
; BEFORE_LAYER_CHANGE 6 @ 1.2mm
G1 E-1.75 F6000
;WIPE_START
G1 X74.199 Y115.975 E-.75
;WIPE_END
; AFTER_LAYER_CHANGE 6 @ 1.2mm
;_SET_FAN_SPEED_CHANGING_LAYER
; printing object pogo_receiver_coupon.stl id:0 copy 0
G1 F18000
G1 X74.667 Y116.22 Z1.22857
G1 X74.7675 Y116.738 Z1.25714
G1 X74.425 Y117.14 Z1.28571
G1 X73.8972 Y117.123 Z1.31429
G1 X73.5817 Y116.699 Z1.34286
G1 X73.716 Y116.189 Z1.37143
G1 X74.199 Y115.975 Z1.4
G1 X147.376 Y118.376 Z1.4
G1 X147.79 Y118.79
G1 Z1.2
G1 E2.5 F6000
M204 P1000
;TYPE:Outer wall
;WIDTH:0.42
G1 F3600
G1 X72.21 Y118.79 E1.84202
G1 X72.21 Y101.21 E.42846
G1 X147.79 Y101.21 E1.84202
G1 X147.79 Y118.73 E.42699
G1 X147.376 Y118.376 F18000
G1 X147.389 Y118.389
M204 P1500
;TYPE:Inner wall
;WIDTH:0.45
G1 F6000
G1 X72.611 Y118.389 E1.96425
G1 X72.611 Y101.611 E.44073
G1 X147.389 Y101.611 E1.96425
G1 X147.389 Y118.329 E.43916
G1 X146.974 Y117.974 F18000
G1 F6000
G1 X73.026 Y117.974 E1.94242
G1 X73.026 Y102.026 E.4189
G1 X146.974 Y102.026 E1.94242
G1 X146.974 Y117.914 E.41732
G1 X146.558 Y117.558 F18000
G1 F6000
G1 X73.442 Y117.558 E1.92058
G1 X73.442 Y102.442 E.39706
G1 X146.558 Y102.442 E1.92058
G1 X146.558 Y117.498 E.39548
G1 X146.142 Y117.142 F18000
G1 F6000
G1 X73.858 Y117.142 E1.89874
G1 X73.858 Y102.858 E.37522
G1 X146.142 Y102.858 E1.89874
G1 X146.142 Y117.082 E.37365
G1 X145.787 Y115.839 F18000
M204 P2000
;TYPE:Sparse infill
G1 F7597.235
G1 X145.787 Y116.787 E.02491
G1 X145.356 Y116.787 E.01132
G1 X131.782 Y103.213 E.50423
G1 X130.195 Y103.213 E.04169
G1 X143.768 Y116.787 E.50423
G1 X142.181 Y116.787 E.04169
G1 X128.608 Y103.213 E.50423
G1 X127.021 Y103.213 E.04169
G1 X140.594 Y116.787 E.50423
G1 X139.007 Y116.787 E.04169
G1 X125.433 Y103.213 E.50423
G1 X123.846 Y103.213 E.04169
G1 X137.42 Y116.787 E.50423
G1 X135.833 Y116.787 E.04169
G1 X122.259 Y103.213 E.50423
G1 X120.672 Y103.213 E.04169
G1 X134.246 Y116.787 E.50423
G1 X132.658 Y116.787 E.04169
G1 X119.085 Y103.213 E.50423
G1 X117.498 Y103.213 E.04169
G1 X131.071 Y116.787 E.50423
G1 X129.484 Y116.787 E.04169
G1 X115.91 Y103.213 E.50423
G1 X114.323 Y103.213 E.04169
G1 X127.897 Y116.787 E.50423
G1 X126.31 Y116.787 E.04169
G1 X112.736 Y103.213 E.50423
G1 X111.149 Y103.213 E.04169
G1 X124.723 Y116.787 E.50423
G1 X123.135 Y116.787 E.04169
G1 X109.562 Y103.213 E.50423
G1 X107.975 Y103.213 E.04169
G1 X121.548 Y116.787 E.50423
G1 X119.961 Y116.787 E.04169
G1 X106.388 Y103.213 E.50423
G1 X104.8 Y103.213 E.04169
G1 X118.374 Y116.787 E.50423
G1 X116.995 Y116.787 E.03623
G1 X109.059 Y116.787 F18000
G1 F7597.235
G1 X110.438 Y116.787 E.03623
G1 X96.865 Y103.213 E.50423
G1 X95.277 Y103.213 E.04169
G1 X108.851 Y116.787 E.50423
G1 X107.264 Y116.787 E.04169
G1 X93.69 Y103.213 E.50423
G1 X92.103 Y103.213 E.04169
G1 X105.677 Y116.787 E.50423
G1 X104.297 Y116.787 E.03623
G1 X96.362 Y116.787 F18000
G1 F7597.235
G1 X97.741 Y116.787 E.03623
G1 X84.167 Y103.213 E.50423
G1 X82.58 Y103.213 E.04169
G1 X96.154 Y116.787 E.50423
G1 X94.567 Y116.787 E.04169
G1 X80.993 Y103.213 E.50423
G1 X79.406 Y103.213 E.04169
G1 X92.979 Y116.787 E.50423
G1 X91.392 Y116.787 E.04169
G1 X77.819 Y103.213 E.50423
G1 X79.198 Y103.213 E.03623
G1 X87.134 Y103.213 F18000
G1 F7597.235
G1 X85.754 Y103.213 E.03623
G1 X99.328 Y116.787 E.50423
G1 X100.915 Y116.787 E.04169
G1 X87.342 Y103.213 E.50423
G1 X88.929 Y103.213 E.04169
G1 X102.502 Y116.787 E.50423
G1 X104.09 Y116.787 E.04169
G1 X90.516 Y103.213 E.50423
G1 X91.895 Y103.213 E.03623
G1 X99.831 Y103.213 F18000
G1 F7597.235
G1 X98.452 Y103.213 E.03623
G1 X112.025 Y116.787 E.50423
G1 X113.612 Y116.787 E.04169
G1 X100.039 Y103.213 E.50423
G1 X101.626 Y103.213 E.04169
G1 X115.2 Y116.787 E.50423
G1 X116.787 Y116.787 E.04169
G1 X103.213 Y103.213 E.50423
G1 X104.593 Y103.213 E.03623
G1 X88.426 Y116.787 F18000
G1 F7597.235
G1 X89.805 Y116.787 E.03623
G1 X76.232 Y103.213 E.50423
G1 X74.644 Y103.213 E.04169
G1 X88.218 Y116.787 E.50423
G1 X86.631 Y116.787 E.04169
G1 X74.213 Y104.369 E.46129
G1 X74.213 Y105.956 E.04169
G1 X85.044 Y116.787 E.40233
G1 X83.456 Y116.787 E.04169
G1 X74.213 Y107.544 E.34337
G1 X74.213 Y109.131 E.04169
G1 X81.869 Y116.787 E.28441
G1 X80.282 Y116.787 E.04169
G1 X74.213 Y110.718 E.22545
G1 X74.213 Y112.305 E.04169
G1 X78.695 Y116.787 E.16649
G1 X77.108 Y116.787 E.04169
G1 X74.213 Y113.892 E.10753
G1 X74.213 Y115.479 E.04169
G1 X75.521 Y116.787 E.04857
G1 X74.213 Y116.787 E.03434
G1 X74.213 Y115.687 E.02888
G1 X134.749 Y103.213 F18000
G1 F7597.235
G1 X133.369 Y103.213 E.03623
G1 X145.787 Y115.631 E.46129
G1 X145.787 Y114.044 E.04169
G1 X134.956 Y103.213 E.40233
G1 X136.336 Y103.213 E.03623
G1 X144.687 Y103.213 F18000
G1 F7597.235
G1 X145.787 Y103.213 E.02888
G1 X145.787 Y104.521 E.03434
G1 X144.479 Y103.213 E.04857
G1 X142.892 Y103.213 E.04169
G1 X145.787 Y106.108 E.10753
G1 X145.787 Y107.695 E.04169
G1 X141.305 Y103.213 E.16649
G1 X139.718 Y103.213 E.04169
G1 X145.787 Y109.282 E.22545
G1 X145.787 Y110.869 E.04169
G1 X138.131 Y103.213 E.28441
G1 X136.544 Y103.213 E.04169
G1 X145.787 Y112.456 E.34337
G1 X145.787 Y113.836 E.03623
; stop printing object pogo_receiver_coupon.stl id:0 copy 0
;LAYER_CHANGE
;Z:1.36
;HEIGHT:0.16
G92 E0 ; zero the extruded length again
; BEFORE_LAYER_CHANGE 7 @ 1.36mm
G1 E-1.75 F6000
;WIPE_START
G1 F7597.235
G1 X145.787 Y112.836 E-.75
;WIPE_END
; AFTER_LAYER_CHANGE 7 @ 1.36mm
;_SET_FAN_SPEED_CHANGING_LAYER
; printing object pogo_receiver_coupon.stl id:0 copy 0
G1 F18000
G1 X145.721 Y113.36 Z1.38857
G1 X145.271 Y113.635 Z1.41714
G1 X144.775 Y113.455 Z1.44571
G1 X144.606 Y112.954 Z1.47429
G1 X144.893 Y112.511 Z1.50286
G1 X145.418 Y112.458 Z1.53143
G1 X145.787 Y112.836 Z1.56
G1 X147.376 Y117.561 Z1.56
G1 X147.376 Y118.376
G1 X147.79 Y118.79
G1 Z1.36
G1 E2.5 F6000
M204 P1000
;TYPE:Outer wall
;WIDTH:0.42
G1 F3600
G1 X72.21 Y118.79 E1.84202
G1 X72.21 Y101.21 E.42846
G1 X147.79 Y101.21 E1.84202
G1 X147.79 Y118.73 E.42699
G1 X147.376 Y118.376 F18000
G1 X147.389 Y118.389
M204 P1500
;TYPE:Inner wall
;WIDTH:0.45
G1 F6000
G1 X72.611 Y118.389 E1.96425
G1 X72.611 Y101.611 E.44073
G1 X147.389 Y101.611 E1.96425
G1 X147.389 Y118.329 E.43916
G1 X146.974 Y117.974 F18000
G1 F6000
G1 X73.026 Y117.974 E1.94242
G1 X73.026 Y102.026 E.4189
G1 X146.974 Y102.026 E1.94242
G1 X146.974 Y117.914 E.41732
G1 X146.558 Y117.558 F18000
G1 F6000
G1 X73.442 Y117.558 E1.92058
G1 X73.442 Y102.442 E.39706
G1 X146.558 Y102.442 E1.92058
G1 X146.558 Y117.498 E.39548
G1 X146.142 Y117.142 F18000
G1 F6000
G1 X73.858 Y117.142 E1.89874
G1 X73.858 Y102.858 E.37522
G1 X146.142 Y102.858 E1.89874
G1 X146.142 Y117.082 E.37365
G1 X145.787 Y115.839 F18000
M204 P2000
;TYPE:Sparse infill
G1 F7597.235
G1 X145.787 Y116.787 E.02491
G1 X145.356 Y116.787 E.01132
G1 X131.782 Y103.213 E.50423
G1 X130.195 Y103.213 E.04169
G1 X143.768 Y116.787 E.50423
G1 X142.181 Y116.787 E.04169
G1 X128.608 Y103.213 E.50423
G1 X127.021 Y103.213 E.04169
G1 X140.594 Y116.787 E.50423
G1 X139.007 Y116.787 E.04169
G1 X125.433 Y103.213 E.50423
G1 X123.846 Y103.213 E.04169
G1 X137.42 Y116.787 E.50423
G1 X135.833 Y116.787 E.04169
G1 X122.259 Y103.213 E.50423
G1 X120.672 Y103.213 E.04169
G1 X134.246 Y116.787 E.50423
G1 X132.658 Y116.787 E.04169
G1 X119.085 Y103.213 E.50423
G1 X117.498 Y103.213 E.04169
G1 X131.071 Y116.787 E.50423
G1 X129.484 Y116.787 E.04169
G1 X115.91 Y103.213 E.50423
G1 X114.323 Y103.213 E.04169
G1 X127.897 Y116.787 E.50423
G1 X126.31 Y116.787 E.04169
G1 X112.736 Y103.213 E.50423
G1 X111.149 Y103.213 E.04169
G1 X124.723 Y116.787 E.50423
G1 X123.135 Y116.787 E.04169
G1 X109.562 Y103.213 E.50423
G1 X107.975 Y103.213 E.04169
G1 X121.548 Y116.787 E.50423
G1 X119.961 Y116.787 E.04169
G1 X106.388 Y103.213 E.50423
G1 X104.8 Y103.213 E.04169
G1 X118.374 Y116.787 E.50423
G1 X116.995 Y116.787 E.03623
G1 X109.059 Y116.787 F18000
G1 F7597.235
G1 X110.438 Y116.787 E.03623
G1 X96.865 Y103.213 E.50423
G1 X95.277 Y103.213 E.04169
G1 X108.851 Y116.787 E.50423
G1 X107.264 Y116.787 E.04169
G1 X93.69 Y103.213 E.50423
G1 X92.103 Y103.213 E.04169
G1 X105.677 Y116.787 E.50423
G1 X104.297 Y116.787 E.03623
G1 X96.362 Y116.787 F18000
G1 F7597.235
G1 X97.741 Y116.787 E.03623
G1 X84.167 Y103.213 E.50423
G1 X82.58 Y103.213 E.04169
G1 X96.154 Y116.787 E.50423
G1 X94.567 Y116.787 E.04169
G1 X80.993 Y103.213 E.50423
G1 X79.406 Y103.213 E.04169
G1 X92.979 Y116.787 E.50423
G1 X91.392 Y116.787 E.04169
G1 X77.819 Y103.213 E.50423
G1 X79.198 Y103.213 E.03623
G1 X87.134 Y103.213 F18000
G1 F7597.235
G1 X85.754 Y103.213 E.03623
G1 X99.328 Y116.787 E.50423
G1 X100.915 Y116.787 E.04169
G1 X87.342 Y103.213 E.50423
G1 X88.929 Y103.213 E.04169
G1 X102.502 Y116.787 E.50423
G1 X104.09 Y116.787 E.04169
G1 X90.516 Y103.213 E.50423
G1 X91.895 Y103.213 E.03623
G1 X99.831 Y103.213 F18000
G1 F7597.235
G1 X98.452 Y103.213 E.03623
G1 X112.025 Y116.787 E.50423
G1 X113.612 Y116.787 E.04169
G1 X100.039 Y103.213 E.50423
G1 X101.626 Y103.213 E.04169
G1 X115.2 Y116.787 E.50423
G1 X116.787 Y116.787 E.04169
G1 X103.213 Y103.213 E.50423
G1 X104.593 Y103.213 E.03623
G1 X88.426 Y116.787 F18000
G1 F7597.235
G1 X89.805 Y116.787 E.03623
G1 X76.232 Y103.213 E.50423
G1 X74.644 Y103.213 E.04169
G1 X88.218 Y116.787 E.50423
G1 X86.631 Y116.787 E.04169
G1 X74.213 Y104.369 E.46129
G1 X74.213 Y105.956 E.04169
G1 X85.044 Y116.787 E.40233
G1 X83.456 Y116.787 E.04169
G1 X74.213 Y107.544 E.34337
G1 X74.213 Y109.131 E.04169
G1 X81.869 Y116.787 E.28441
G1 X80.282 Y116.787 E.04169
G1 X74.213 Y110.718 E.22545
G1 X74.213 Y112.305 E.04169
G1 X78.695 Y116.787 E.16649
G1 X77.108 Y116.787 E.04169
G1 X74.213 Y113.892 E.10753
G1 X74.213 Y115.479 E.04169
G1 X75.521 Y116.787 E.04857
G1 X74.213 Y116.787 E.03434
G1 X74.213 Y115.687 E.02888
G1 X134.749 Y103.213 F18000
G1 F7597.235
G1 X133.369 Y103.213 E.03623
G1 X145.787 Y115.631 E.46129
G1 X145.787 Y114.044 E.04169
G1 X134.956 Y103.213 E.40233
G1 X136.336 Y103.213 E.03623
G1 X144.687 Y103.213 F18000
G1 F7597.235
G1 X145.787 Y103.213 E.02888
G1 X145.787 Y104.521 E.03434
G1 X144.479 Y103.213 E.04857
G1 X142.892 Y103.213 E.04169
G1 X145.787 Y106.108 E.10753
G1 X145.787 Y107.695 E.04169
G1 X141.305 Y103.213 E.16649
G1 X139.718 Y103.213 E.04169
G1 X145.787 Y109.282 E.22545
G1 X145.787 Y110.869 E.04169
G1 X138.131 Y103.213 E.28441
G1 X136.544 Y103.213 E.04169
G1 X145.787 Y112.456 E.34337
G1 X145.787 Y113.836 E.03623
; stop printing object pogo_receiver_coupon.stl id:0 copy 0
;LAYER_CHANGE
;Z:1.52
;HEIGHT:0.16
G92 E0 ; zero the extruded length again
; BEFORE_LAYER_CHANGE 8 @ 1.52mm
G1 E-1.75 F6000
;WIPE_START
G1 F7597.235
G1 X145.787 Y112.836 E-.75
;WIPE_END
; AFTER_LAYER_CHANGE 8 @ 1.52mm
;_SET_FAN_SPEED_CHANGING_LAYER
; printing object pogo_receiver_coupon.stl id:0 copy 0
G1 F18000
G1 X145.721 Y113.36 Z1.54857
G1 X145.271 Y113.635 Z1.57714
G1 X144.775 Y113.455 Z1.60571
G1 X144.606 Y112.954 Z1.63429
G1 X144.893 Y112.511 Z1.66286
G1 X145.418 Y112.458 Z1.69143
G1 X145.787 Y112.836 Z1.72
G1 X147.376 Y117.561 Z1.72
G1 X147.376 Y118.376
G1 X147.79 Y118.79
G1 Z1.52
G1 E2.5 F6000
M204 P1000
;TYPE:Outer wall
;WIDTH:0.42
G1 F3600
G1 X72.21 Y118.79 E1.84202
G1 X72.21 Y101.21 E.42846
G1 X147.79 Y101.21 E1.84202
G1 X147.79 Y118.73 E.42699
G1 X147.376 Y118.376 F18000
G1 X147.389 Y118.389
M204 P1500
;TYPE:Inner wall
;WIDTH:0.45
G1 F6000
G1 X72.611 Y118.389 E1.96425
G1 X72.611 Y101.611 E.44073
G1 X147.389 Y101.611 E1.96425
G1 X147.389 Y118.329 E.43916
G1 X146.974 Y117.974 F18000
G1 F6000
G1 X73.026 Y117.974 E1.94242
G1 X73.026 Y102.026 E.4189
G1 X146.974 Y102.026 E1.94242
G1 X146.974 Y117.914 E.41732
G1 X146.558 Y117.558 F18000
G1 F6000
G1 X73.442 Y117.558 E1.92058
G1 X73.442 Y102.442 E.39706
G1 X146.558 Y102.442 E1.92058
G1 X146.558 Y117.498 E.39548
G1 X146.142 Y117.142 F18000
G1 F6000
G1 X73.858 Y117.142 E1.89874
G1 X73.858 Y102.858 E.37522
G1 X146.142 Y102.858 E1.89874
G1 X146.142 Y117.082 E.37365
G1 X145.787 Y115.839 F18000
M204 P2000
;TYPE:Sparse infill
G1 F7597.235
G1 X145.787 Y116.787 E.02491
G1 X145.356 Y116.787 E.01132
G1 X131.782 Y103.213 E.50423
G1 X130.195 Y103.213 E.04169
G1 X143.768 Y116.787 E.50423
G1 X142.181 Y116.787 E.04169
G1 X128.608 Y103.213 E.50423
G1 X127.021 Y103.213 E.04169
G1 X140.594 Y116.787 E.50423
G1 X139.007 Y116.787 E.04169
G1 X125.433 Y103.213 E.50423
G1 X123.846 Y103.213 E.04169
G1 X137.42 Y116.787 E.50423
G1 X135.833 Y116.787 E.04169
G1 X122.259 Y103.213 E.50423
G1 X120.672 Y103.213 E.04169
G1 X134.246 Y116.787 E.50423
G1 X132.658 Y116.787 E.04169
G1 X119.085 Y103.213 E.50423
G1 X117.498 Y103.213 E.04169
G1 X131.071 Y116.787 E.50423
G1 X129.484 Y116.787 E.04169
G1 X115.91 Y103.213 E.50423
G1 X114.323 Y103.213 E.04169
G1 X127.897 Y116.787 E.50423
G1 X126.31 Y116.787 E.04169
G1 X112.736 Y103.213 E.50423
G1 X111.149 Y103.213 E.04169
G1 X124.723 Y116.787 E.50423
G1 X123.135 Y116.787 E.04169
G1 X109.562 Y103.213 E.50423
G1 X107.975 Y103.213 E.04169
G1 X121.548 Y116.787 E.50423
G1 X119.961 Y116.787 E.04169
G1 X106.388 Y103.213 E.50423
G1 X104.8 Y103.213 E.04169
G1 X118.374 Y116.787 E.50423
G1 X116.995 Y116.787 E.03623
G1 X109.059 Y116.787 F18000
G1 F7597.235
G1 X110.438 Y116.787 E.03623
G1 X96.865 Y103.213 E.50423
G1 X95.277 Y103.213 E.04169
G1 X108.851 Y116.787 E.50423
G1 X107.264 Y116.787 E.04169
G1 X93.69 Y103.213 E.50423
G1 X92.103 Y103.213 E.04169
G1 X105.677 Y116.787 E.50423
G1 X104.297 Y116.787 E.03623
G1 X96.362 Y116.787 F18000
G1 F7597.235
G1 X97.741 Y116.787 E.03623
G1 X84.167 Y103.213 E.50423
G1 X82.58 Y103.213 E.04169
G1 X96.154 Y116.787 E.50423
G1 X94.567 Y116.787 E.04169
G1 X80.993 Y103.213 E.50423
G1 X79.406 Y103.213 E.04169
G1 X92.979 Y116.787 E.50423
G1 X91.392 Y116.787 E.04169
G1 X77.819 Y103.213 E.50423
G1 X79.198 Y103.213 E.03623
G1 X87.134 Y103.213 F18000
G1 F7597.235
G1 X85.754 Y103.213 E.03623
G1 X99.328 Y116.787 E.50423
G1 X100.915 Y116.787 E.04169
G1 X87.342 Y103.213 E.50423
G1 X88.929 Y103.213 E.04169
G1 X102.502 Y116.787 E.50423
G1 X104.09 Y116.787 E.04169
G1 X90.516 Y103.213 E.50423
G1 X91.895 Y103.213 E.03623
G1 X99.831 Y103.213 F18000
G1 F7597.235
G1 X98.452 Y103.213 E.03623
G1 X112.025 Y116.787 E.50423
G1 X113.612 Y116.787 E.04169
G1 X100.039 Y103.213 E.50423
G1 X101.626 Y103.213 E.04169
G1 X115.2 Y116.787 E.50423
G1 X116.787 Y116.787 E.04169
G1 X103.213 Y103.213 E.50423
G1 X104.593 Y103.213 E.03623
G1 X88.426 Y116.787 F18000
G1 F7597.235
G1 X89.805 Y116.787 E.03623
G1 X76.232 Y103.213 E.50423
G1 X74.644 Y103.213 E.04169
G1 X88.218 Y116.787 E.50423
G1 X86.631 Y116.787 E.04169
G1 X74.213 Y104.369 E.46129
G1 X74.213 Y105.956 E.04169
G1 X85.044 Y116.787 E.40233
G1 X83.456 Y116.787 E.04169
G1 X74.213 Y107.544 E.34337
G1 X74.213 Y109.131 E.04169
G1 X81.869 Y116.787 E.28441
G1 X80.282 Y116.787 E.04169
G1 X74.213 Y110.718 E.22545
G1 X74.213 Y112.305 E.04169
G1 X78.695 Y116.787 E.16649
G1 X77.108 Y116.787 E.04169
G1 X74.213 Y113.892 E.10753
G1 X74.213 Y115.479 E.04169
G1 X75.521 Y116.787 E.04857
G1 X74.213 Y116.787 E.03434
G1 X74.213 Y115.687 E.02888
G1 X134.749 Y103.213 F18000
G1 F7597.235
G1 X133.369 Y103.213 E.03623
G1 X145.787 Y115.631 E.46129
G1 X145.787 Y114.044 E.04169
G1 X134.956 Y103.213 E.40233
G1 X136.336 Y103.213 E.03623
G1 X144.687 Y103.213 F18000
G1 F7597.235
G1 X145.787 Y103.213 E.02888
G1 X145.787 Y104.521 E.03434
G1 X144.479 Y103.213 E.04857
G1 X142.892 Y103.213 E.04169
G1 X145.787 Y106.108 E.10753
G1 X145.787 Y107.695 E.04169
G1 X141.305 Y103.213 E.16649
G1 X139.718 Y103.213 E.04169
G1 X145.787 Y109.282 E.22545
G1 X145.787 Y110.869 E.04169
G1 X138.131 Y103.213 E.28441
G1 X136.544 Y103.213 E.04169
G1 X145.787 Y112.456 E.34337
G1 X145.787 Y113.836 E.03623
; stop printing object pogo_receiver_coupon.stl id:0 copy 0
;LAYER_CHANGE
;Z:1.68
;HEIGHT:0.16
G92 E0 ; zero the extruded length again
; BEFORE_LAYER_CHANGE 9 @ 1.68mm
G1 E-1.75 F6000
;WIPE_START
G1 F7597.235
G1 X145.787 Y112.836 E-.75
;WIPE_END
; AFTER_LAYER_CHANGE 9 @ 1.68mm
;_SET_FAN_SPEED_CHANGING_LAYER
; printing object pogo_receiver_coupon.stl id:0 copy 0
G1 F18000
G1 X145.721 Y113.36 Z1.70857
G1 X145.271 Y113.635 Z1.73714
G1 X144.775 Y113.455 Z1.76571
G1 X144.606 Y112.954 Z1.79429
G1 X144.893 Y112.511 Z1.82286
G1 X145.418 Y112.458 Z1.85143
G1 X145.787 Y112.836 Z1.88
G1 X147.376 Y117.561 Z1.88
G1 X147.376 Y118.376
G1 X147.79 Y118.79
G1 Z1.68
G1 E2.5 F6000
M204 P1000
;TYPE:Outer wall
;WIDTH:0.42
G1 F3600
G1 X72.21 Y118.79 E1.84202
G1 X72.21 Y101.21 E.42846
G1 X147.79 Y101.21 E1.84202
G1 X147.79 Y118.73 E.42699
G1 X147.376 Y118.376 F18000
G1 X147.389 Y118.389
M204 P1500
;TYPE:Inner wall
;WIDTH:0.45
G1 F6000
G1 X72.611 Y118.389 E1.96425
G1 X72.611 Y101.611 E.44073
G1 X147.389 Y101.611 E1.96425
G1 X147.389 Y118.329 E.43916
G1 X146.974 Y117.974 F18000
G1 F6000
G1 X73.026 Y117.974 E1.94242
G1 X73.026 Y102.026 E.4189
G1 X146.974 Y102.026 E1.94242
G1 X146.974 Y117.914 E.41732
G1 X146.558 Y117.558 F18000
G1 F6000
G1 X73.442 Y117.558 E1.92058
G1 X73.442 Y102.442 E.39706
G1 X146.558 Y102.442 E1.92058
G1 X146.558 Y117.498 E.39548
G1 X146.142 Y117.142 F18000
G1 F6000
G1 X73.858 Y117.142 E1.89874
G1 X73.858 Y102.858 E.37522
G1 X146.142 Y102.858 E1.89874
G1 X146.142 Y117.082 E.37365
G1 X145.563 Y116.787 F18000
M204 P2000
;TYPE:Sparse infill
G1 F7597.235
G1 X145.787 Y116.787 E.00587
G1 X145.787 Y115.631 E.03037
G1 X133.755 Y103.599 E.44696
G1 X135.342 Y103.599 E.04169
G1 X145.787 Y114.044 E.388
G1 X145.787 Y112.456 E.04169
G1 X136.929 Y103.599 E.32904
G1 X138.309 Y103.599 E.03623
G1 X133.547 Y103.599 F18000
G1 F7597.235
G1 X132.168 Y103.599 E.03623
G1 X145.356 Y116.787 E.4899
G1 X143.768 Y116.787 E.04169
G1 X130.195 Y103.213 E.50423
G1 X128.608 Y103.213 E.04169
G1 X142.181 Y116.787 E.50423
G1 X140.594 Y116.787 E.04169
G1 X127.021 Y103.213 E.50423
G1 X125.433 Y103.213 E.04169
G1 X139.007 Y116.787 E.50423
G1 X137.42 Y116.787 E.04169
G1 X123.846 Y103.213 E.50423
G1 X122.259 Y103.213 E.04169
G1 X135.833 Y116.787 E.50423
G1 X134.246 Y116.787 E.04169
G1 X120.672 Y103.213 E.50423
G1 X119.085 Y103.213 E.04169
G1 X132.658 Y116.787 E.50423
G1 X131.071 Y116.787 E.04169
G1 X117.498 Y103.213 E.50423
G1 X115.91 Y103.213 E.04169
G1 X129.484 Y116.787 E.50423
G1 X128.105 Y116.787 E.03623
G1 X120.169 Y116.787 F18000
G1 F7597.235
G1 X121.548 Y116.787 E.03623
G1 X108.36 Y103.599 E.4899
G1 X109.948 Y103.599 E.04169
G1 X123.135 Y116.787 E.4899
G1 X124.723 Y116.787 E.04169
G1 X111.535 Y103.599 E.4899
G1 X113.122 Y103.599 E.04169
G1 X126.31 Y116.787 E.4899
G1 X127.897 Y116.787 E.04169
G1 X114.709 Y103.599 E.4899
G1 X115.54 Y103.599 E.02182
G1 X115.154 Y103.213 E.01433
G1 X115.703 Y103.213 E.01441
G1 X107.736 Y103.228 F18000
;TYPE:Internal solid infill
;WIDTH:0.374336
G1 F6000
G1 X114.681 Y103.228 E.14921
G1 X105.008 Y103.213 F18000
;TYPE:Sparse infill
;WIDTH:0.45
G1 F7597.235
G1 X106.388 Y103.213 E.03623
G1 X119.961 Y116.787 E.50423
G1 X118.374 Y116.787 E.04169
G1 X104.8 Y103.213 E.50423
G1 X103.213 Y103.213 E.04169
G1 X116.787 Y116.787 E.50423
G1 X115.2 Y116.787 E.04169
G1 X101.626 Y103.213 E.50423
G1 X100.039 Y103.213 E.04169
G1 X113.612 Y116.787 E.50423
G1 X112.233 Y116.787 E.03623
G1 X99.831 Y103.213 F18000
G1 F7597.235
G1 X98.452 Y103.213 E.03623
G1 X112.025 Y116.787 E.50423
G1 X110.438 Y116.787 E.04169
G1 X96.865 Y103.213 E.50423
G1 X95.277 Y103.213 E.04169
G1 X108.851 Y116.787 E.50423
G1 X107.264 Y116.787 E.04169
G1 X93.69 Y103.213 E.50423
G1 X92.103 Y103.213 E.04169
G1 X105.677 Y116.787 E.50423
G1 X104.09 Y116.787 E.04169
G1 X90.516 Y103.213 E.50423
G1 X89.833 Y103.213 E.01795
G1 X89.825 Y103.415 E.0053
G1 X89.743 Y103.599 E.0053
G1 X89.314 Y103.599 E.01126
G1 X102.502 Y116.787 E.4899
G1 X100.915 Y116.787 E.04169
G1 X87.727 Y103.599 E.4899
G1 X86.14 Y103.599 E.04169
G1 X99.328 Y116.787 E.4899
G1 X97.741 Y116.787 E.04169
G1 X84.167 Y103.213 E.50423
G1 X82.58 Y103.213 E.04169
G1 X96.154 Y116.787 E.50423
G1 X94.567 Y116.787 E.04169
G1 X80.993 Y103.213 E.50423
G1 X79.406 Y103.213 E.04169
G1 X92.979 Y116.787 E.50423
G1 X91.392 Y116.787 E.04169
G1 X77.819 Y103.213 E.50423
G1 X79.198 Y103.213 E.03623
G1 X85.433 Y103.228 F18000
;TYPE:Internal solid infill
;WIDTH:0.374336
G1 F6000
G1 X89.396 Y103.228 E.08516
G1 X88.426 Y116.787 F18000
;TYPE:Sparse infill
;WIDTH:0.45
G1 F7597.235
G1 X89.805 Y116.787 E.03623
G1 X76.232 Y103.213 E.50423
G1 X74.644 Y103.213 E.04169
G1 X88.218 Y116.787 E.50423
G1 X86.631 Y116.787 E.04169
G1 X74.213 Y104.369 E.46129
G1 X74.213 Y105.956 E.04169
G1 X85.044 Y116.787 E.40233
G1 X83.456 Y116.787 E.04169
G1 X74.213 Y107.544 E.34337
G1 X74.213 Y109.131 E.04169
G1 X81.869 Y116.787 E.28441
G1 X80.282 Y116.787 E.04169
G1 X74.213 Y110.718 E.22545
G1 X74.213 Y112.305 E.04169
G1 X78.695 Y116.787 E.16649
G1 X77.108 Y116.787 E.04169
G1 X74.213 Y113.892 E.10753
G1 X74.213 Y115.479 E.04169
G1 X75.521 Y116.787 E.04857
G1 X74.213 Y116.787 E.03434
G1 X74.213 Y115.687 E.02888
G1 X131.736 Y103.228 F18000
;TYPE:Internal solid infill
;WIDTH:0.374336
G1 F6000
G1 X138.98 Y103.228 E.15565
G1 X145.787 Y104.313 F18000
;TYPE:Sparse infill
;WIDTH:0.45
G1 F7597.235
G1 X145.787 Y103.213 E.02888
G1 X144.479 Y103.213 E.03434
G1 X145.787 Y104.521 E.04857
G1 X145.787 Y106.108 E.04169
G1 X142.892 Y103.213 E.10753
G1 X141.305 Y103.213 E.04169
G1 X145.787 Y107.695 E.16649
G1 X145.787 Y109.282 E.04169
G1 X139.718 Y103.213 E.22545
G1 X139.434 Y103.213 E.00745
G1 X139.311 Y103.599 E.01063
G1 X138.516 Y103.599 E.02088
G1 X145.787 Y110.869 E.27008
G1 X145.787 Y112.249 E.03623
; stop printing object pogo_receiver_coupon.stl id:0 copy 0
M106 S125
;LAYER_CHANGE
;Z:1.84
;HEIGHT:0.16
G92 E0 ; zero the extruded length again
; BEFORE_LAYER_CHANGE 10 @ 1.84mm
G1 E-1.75 F6000
;WIPE_START
G1 F7597.235
G1 X145.787 Y111.249 E-.75
;WIPE_END
; AFTER_LAYER_CHANGE 10 @ 1.84mm
;_SET_FAN_SPEED_CHANGING_LAYER
; printing object pogo_receiver_coupon.stl id:0 copy 0
G1 F18000
G1 X145.687 Y111.767 Z1.86857
G1 X145.22 Y112.013 Z1.89714
G1 X144.737 Y111.801 Z1.92571
G1 X144.601 Y111.29 Z1.95429
G1 X144.916 Y110.866 Z1.98286
G1 X145.443 Y110.848 Z2.01143
G1 X145.787 Y111.249 Z2.04
G1 X147.376 Y117.233 Z2.04
G1 X147.376 Y118.376
G1 X147.79 Y118.79
G1 Z1.84
G1 E2.5 F6000
M204 P1000
;TYPE:Outer wall
;WIDTH:0.42
G1 F3600
G1 X72.21 Y118.79 E1.84202
G1 X72.21 Y101.21 E.42846
G1 X147.79 Y101.21 E1.84202
G1 X147.79 Y118.73 E.42699
G1 X147.376 Y118.376 F18000
G1 X147.389 Y118.389
M204 P1500
;TYPE:Inner wall
;WIDTH:0.45
G1 F6000
G1 X72.611 Y118.389 E1.96425
G1 X72.611 Y101.611 E.44073
G1 X147.389 Y101.611 E1.96425
G1 X147.389 Y118.329 E.43916
G1 X146.974 Y117.974 F18000
G1 F6000
G1 X73.026 Y117.974 E1.94242
G1 X73.026 Y102.026 E.4189
G1 X146.974 Y102.026 E1.94242
G1 X146.974 Y117.914 E.41732
G1 X146.558 Y117.558 F18000
G1 F6000
G1 X73.442 Y117.558 E1.92058
G1 X73.442 Y102.442 E.39706
G1 X146.558 Y102.442 E1.92058
G1 X146.558 Y117.498 E.39548
G1 X146.142 Y117.142 F18000
G1 F6000
G1 X73.858 Y117.142 E1.89874
G1 X73.858 Y102.858 E.37522
G1 X146.142 Y102.858 E1.89874
G1 X146.142 Y117.082 E.37365
G1 X145.401 Y115.315 F18000
M204 P2000
;TYPE:Sparse infill
G1 F7597.235
G1 X145.401 Y113.936 E.03623
G1 X145.314 Y113.927 E.00229
G1 X144.958 Y113.571 E.01323
G1 X144.877 Y112.778 E.02095
G1 X144.521 Y112.421 E.01323
G1 X143.727 Y112.34 E.02095
G1 X143.371 Y111.984 E.01323
G1 X143.29 Y111.19 E.02095
G1 X142.934 Y110.834 E.01323
G1 X142.14 Y110.753 E.02095
G1 X141.784 Y110.397 E.01323
G1 X141.703 Y109.603 E.02095
G1 X141.346 Y109.247 E.01323
G1 X140.553 Y109.166 E.02095
G1 X140.197 Y108.81 E.01323
G1 X140.115 Y108.016 E.02095
G1 X139.759 Y107.66 E.01323
G1 X138.966 Y107.579 E.02095
G1 X138.61 Y107.222 E.01323
G1 X138.528 Y106.429 E.02095
G1 X138.172 Y106.073 E.01323
G1 X137.875 Y106.042 E.00784
G1 X138.579 Y105.338 E.02615
G1 X138.61 Y105.635 E.00784
G1 X138.966 Y105.991 E.01323
G1 X139.759 Y106.073 E.02095
G1 X140.115 Y106.429 E.01323
G1 X140.197 Y107.222 E.02095
G1 X140.553 Y107.579 E.01323
G1 X141.346 Y107.66 E.02095
G1 X141.703 Y108.016 E.01323
G1 X141.784 Y108.81 E.02095
G1 X142.14 Y109.166 E.01323
G1 X142.934 Y109.247 E.02095
G1 X143.29 Y109.603 E.01323
G1 X143.371 Y110.397 E.02095
G1 X143.727 Y110.753 E.01323
G1 X144.521 Y110.834 E.02095
G1 X144.877 Y111.19 E.01323
G1 X144.958 Y111.984 E.02095
G1 X145.314 Y112.34 E.01323
G1 X145.401 Y112.349 E.00229
G1 X145.401 Y110.762 E.04169
G1 X145.314 Y110.753 E.00229
G1 X144.958 Y110.397 E.01323
G1 X144.877 Y109.603 E.02095
G1 X144.521 Y109.247 E.01323
G1 X143.727 Y109.166 E.02095
G1 X143.371 Y108.81 E.01323
G1 X143.29 Y108.016 E.02095
G1 X142.934 Y107.66 E.01323
G1 X142.14 Y107.579 E.02095
G1 X141.784 Y107.222 E.01323
G1 X141.703 Y106.429 E.02095
G1 X141.346 Y106.073 E.01323
G1 X140.553 Y105.991 E.02095
G1 X140.197 Y105.635 E.01323
G1 X140.115 Y104.842 E.02095
G1 X139.759 Y104.486 E.01323
G1 X138.965 Y104.404 E.02097
G1 X139.311 Y103.599 E.02301
G1 X140.151 Y103.599 E.02205
G1 X140.197 Y104.048 E.01186
G1 X140.553 Y104.404 E.01323
G1 X141.346 Y104.486 E.02095
G1 X141.703 Y104.842 E.01323
G1 X141.784 Y105.635 E.02095
G1 X142.14 Y105.991 E.01323
G1 X142.934 Y106.073 E.02095
G1 X143.29 Y106.429 E.01323
G1 X143.371 Y107.222 E.02095
G1 X143.727 Y107.579 E.01323
G1 X144.521 Y107.66 E.02095
G1 X144.877 Y108.016 E.01323
G1 X144.958 Y108.81 E.02095
G1 X145.314 Y109.166 E.01323
G1 X145.401 Y109.175 E.00229
G1 X145.401 Y107.587 E.04169
G1 X145.314 Y107.579 E.00229
G1 X144.958 Y107.222 E.01323
G1 X144.877 Y106.429 E.02095
G1 X144.521 Y106.073 E.01323
G1 X143.727 Y105.991 E.02095
G1 X143.371 Y105.635 E.01323
G1 X143.29 Y104.842 E.02095
G1 X142.934 Y104.486 E.01323
G1 X142.14 Y104.404 E.02095
G1 X141.784 Y104.048 E.01323
G1 X141.738 Y103.599 E.01186
G1 X143.325 Y103.599 E.04169
G1 X143.371 Y104.048 E.01186
G1 X143.727 Y104.404 E.01323
G1 X144.521 Y104.486 E.02095
G1 X144.877 Y104.842 E.01323
G1 X144.958 Y105.635 E.02095
G1 X145.314 Y105.991 E.01323
G1 X145.401 Y106 E.00229
G1 X145.401 Y104.413 E.04169
G1 X145.314 Y104.404 E.00229
G1 X144.958 Y104.048 E.01323
G1 X144.912 Y103.599 E.01186
G1 X143.533 Y103.599 E.03623
G1 X139.382 Y103.228 F18000
;TYPE:Internal solid infill
;WIDTH:0.374534
G1 F6000
G1 X145.609 Y103.228 E.13387
G1 X145.744 Y103.256 E.00296
G1 X145.772 Y103.391 E.00296
G1 X145.771 Y116.637 E.28477
G1 X145.744 Y116.744 E.00236
G1 X145.609 Y116.772 E.00296
G1 X74.391 Y116.772 E1.53108
G1 X74.256 Y116.744 E.00296
G1 X74.228 Y116.609 E.00296
G1 X74.228 Y103.391 E.28417
G1 X74.256 Y103.256 E.00296
G1 X74.391 Y103.228 E.00296
G1 X84.912 Y103.228 E.22619
G1 X84.286 Y104.162 F18000
;TYPE:Sparse infill
;WIDTH:0.45
G1 F7597.235
G1 X84.13 Y104.007 E.00577
G1 X84.538 Y103.599 E.01515
G1 X83.013 Y103.599 E.04006
G1 X83.059 Y104.048 E.01186
G1 X83.415 Y104.404 E.01323
G1 X84.209 Y104.486 E.02095
G1 X84.565 Y104.842 E.01323
G1 X84.631 Y105.492 E.01718
G1 X84.935 Y104.812 E.01958
G1 X84.851 Y104.728 E.00313
G1 X87.594 Y106.597 F18000
G1 F7597.235
G1 X87.157 Y107.034 E.01623
G1 X86.96 Y106.836 E.00734
G1 X86.227 Y107.163 E.02107
G1 X86.233 Y107.222 E.00157
G1 X86.589 Y107.579 E.01323
G1 X87.383 Y107.66 E.02095
G1 X87.739 Y108.016 E.01323
G1 X87.82 Y108.81 E.02095
G1 X88.177 Y109.166 E.01323
G1 X88.97 Y109.247 E.02095
G1 X89.326 Y109.603 E.01323
G1 X89.408 Y110.397 E.02095
G1 X89.764 Y110.753 E.01323
G1 X90.557 Y110.834 E.02095
G1 X90.913 Y111.19 E.01323
G1 X90.995 Y111.984 E.02095
G1 X91.351 Y112.34 E.01323
G1 X92.144 Y112.421 E.02095
G1 X92.501 Y112.778 E.01323
G1 X92.582 Y113.571 E.02095
G1 X92.938 Y113.927 E.01323
G1 X93.732 Y114.009 E.02095
G1 X94.088 Y114.365 E.01323
G1 X94.169 Y115.158 E.02095
G1 X94.525 Y115.514 E.01323
G1 X95.319 Y115.596 E.02095
G1 X95.675 Y115.952 E.01323
G1 X95.721 Y116.401 E.01186
G1 X94.134 Y116.401 E.04169
G1 X94.088 Y115.952 E.01186
G1 X93.732 Y115.596 E.01323
G1 X92.938 Y115.514 E.02095
G1 X92.582 Y115.158 E.01323
G1 X92.501 Y114.365 E.02095
G1 X92.144 Y114.009 E.01323
G1 X91.351 Y113.927 E.02095
G1 X90.995 Y113.571 E.01323
G1 X90.913 Y112.778 E.02095
G1 X90.557 Y112.421 E.01323
G1 X89.764 Y112.34 E.02095
G1 X89.408 Y111.984 E.01323
G1 X89.326 Y111.19 E.02095
G1 X88.97 Y110.834 E.01323
G1 X88.177 Y110.753 E.02095
G1 X87.82 Y110.397 E.01323
G1 X87.739 Y109.603 E.02095
G1 X87.383 Y109.247 E.01323
G1 X86.589 Y109.166 E.02095
G1 X86.233 Y108.81 E.01323
G1 X86.152 Y108.016 E.02095
G1 X85.796 Y107.66 E.01323
G1 X85.002 Y107.579 E.02095
G1 X84.646 Y107.222 E.01323
G1 X84.565 Y106.429 E.02095
G1 X84.209 Y106.073 E.01323
G1 X83.415 Y105.991 E.02095
G1 X83.059 Y105.635 E.01323
G1 X82.978 Y104.842 E.02095
G1 X82.622 Y104.486 E.01323
G1 X81.828 Y104.404 E.02095
G1 X81.472 Y104.048 E.01323
G1 X81.426 Y103.599 E.01186
G1 X79.839 Y103.599 E.04169
G1 X79.885 Y104.048 E.01186
G1 X80.241 Y104.404 E.01323
G1 X81.034 Y104.486 E.02095
G1 X81.39 Y104.842 E.01323
G1 X81.472 Y105.635 E.02095
G1 X81.828 Y105.991 E.01323
G1 X82.622 Y106.073 E.02095
G1 X82.978 Y106.429 E.01323
G1 X83.059 Y107.222 E.02095
G1 X83.415 Y107.579 E.01323
G1 X84.209 Y107.66 E.02095
G1 X84.565 Y108.016 E.01323
G1 X84.646 Y108.81 E.02095
G1 X85.002 Y109.166 E.01323
G1 X85.796 Y109.247 E.02095
G1 X86.152 Y109.603 E.01323
G1 X86.233 Y110.397 E.02095
G1 X86.589 Y110.753 E.01323
G1 X87.383 Y110.834 E.02095
G1 X87.739 Y111.19 E.01323
G1 X87.82 Y111.984 E.02095
G1 X88.177 Y112.34 E.01323
G1 X88.97 Y112.421 E.02095
G1 X89.326 Y112.778 E.01323
G1 X89.408 Y113.571 E.02095
G1 X89.764 Y113.927 E.01323
G1 X90.557 Y114.009 E.02095
G1 X90.913 Y114.365 E.01323
G1 X90.995 Y115.158 E.02095
G1 X91.351 Y115.514 E.01323
G1 X92.144 Y115.596 E.02095
G1 X92.501 Y115.952 E.01323
G1 X92.547 Y116.401 E.01186
G1 X90.959 Y116.401 E.04169
G1 X90.913 Y115.952 E.01186
G1 X90.557 Y115.596 E.01323
G1 X89.764 Y115.514 E.02095
G1 X89.408 Y115.158 E.01323
G1 X89.326 Y114.365 E.02095
G1 X88.97 Y114.009 E.01323
G1 X88.177 Y113.927 E.02095
G1 X87.82 Y113.571 E.01323
G1 X87.739 Y112.778 E.02095
G1 X87.383 Y112.421 E.01323
G1 X86.589 Y112.34 E.02095
G1 X86.233 Y111.984 E.01323
G1 X86.152 Y111.19 E.02095
G1 X85.796 Y110.834 E.01323
G1 X85.002 Y110.753 E.02095
G1 X84.646 Y110.397 E.01323
G1 X84.565 Y109.603 E.02095
G1 X84.209 Y109.247 E.01323
G1 X83.415 Y109.166 E.02095
G1 X83.059 Y108.81 E.01323
G1 X82.978 Y108.016 E.02095
G1 X82.622 Y107.66 E.01323
G1 X81.828 Y107.579 E.02095
G1 X81.472 Y107.222 E.01323
G1 X81.39 Y106.429 E.02095
G1 X81.034 Y106.073 E.01323
G1 X80.241 Y105.991 E.02095
G1 X79.885 Y105.635 E.01323
G1 X79.803 Y104.842 E.02095
G1 X79.447 Y104.486 E.01323
G1 X78.654 Y104.404 E.02095
G1 X78.297 Y104.048 E.01323
G1 X78.251 Y103.599 E.01186
G1 X76.664 Y103.599 E.04169
G1 X76.71 Y104.048 E.01186
G1 X77.066 Y104.404 E.01323
G1 X77.86 Y104.486 E.02095
G1 X78.216 Y104.842 E.01323
G1 X78.297 Y105.635 E.02095
G1 X78.654 Y105.991 E.01323
G1 X79.447 Y106.073 E.02095
G1 X79.803 Y106.429 E.01323
G1 X79.885 Y107.222 E.02095
G1 X80.241 Y107.579 E.01323
G1 X81.034 Y107.66 E.02095
G1 X81.39 Y108.016 E.01323
G1 X81.472 Y108.81 E.02095
G1 X81.828 Y109.166 E.01323
G1 X82.622 Y109.247 E.02095
G1 X82.978 Y109.603 E.01323
G1 X83.059 Y110.397 E.02095
G1 X83.415 Y110.753 E.01323
G1 X84.209 Y110.834 E.02095
G1 X84.565 Y111.19 E.01323
G1 X84.646 Y111.984 E.02095
G1 X85.002 Y112.34 E.01323
G1 X85.796 Y112.421 E.02095
G1 X86.152 Y112.778 E.01323
G1 X86.233 Y113.571 E.02095
G1 X86.589 Y113.927 E.01323
G1 X87.383 Y114.009 E.02095
G1 X87.739 Y114.365 E.01323
G1 X87.82 Y115.158 E.02095
G1 X88.177 Y115.514 E.01323
G1 X88.97 Y115.596 E.02095
G1 X89.326 Y115.952 E.01323
G1 X89.372 Y116.401 E.01186
G1 X87.785 Y116.401 E.04169
G1 X87.739 Y115.952 E.01186
G1 X87.383 Y115.596 E.01323
G1 X86.589 Y115.514 E.02095
G1 X86.233 Y115.158 E.01323
G1 X86.152 Y114.365 E.02095
G1 X85.796 Y114.009 E.01323
G1 X85.002 Y113.927 E.02095
G1 X84.646 Y113.571 E.01323
G1 X84.565 Y112.778 E.02095
G1 X84.209 Y112.421 E.01323
G1 X83.415 Y112.34 E.02095
G1 X83.059 Y111.984 E.01323
G1 X82.978 Y111.19 E.02095
G1 X82.622 Y110.834 E.01323
G1 X81.828 Y110.753 E.02095
G1 X81.472 Y110.397 E.01323
G1 X81.39 Y109.603 E.02095
G1 X81.034 Y109.247 E.01323
G1 X80.241 Y109.166 E.02095
G1 X79.885 Y108.81 E.01323
G1 X79.803 Y108.016 E.02095
G1 X79.447 Y107.66 E.01323
G1 X78.654 Y107.579 E.02095
G1 X78.297 Y107.222 E.01323
G1 X78.216 Y106.429 E.02095
G1 X77.86 Y106.073 E.01323
G1 X77.066 Y105.991 E.02095
G1 X76.71 Y105.635 E.01323
G1 X76.629 Y104.842 E.02095
G1 X76.273 Y104.486 E.01323
G1 X75.479 Y104.404 E.02095
G1 X75.123 Y104.048 E.01323
G1 X75.077 Y103.599 E.01186
G1 X74.599 Y103.599 E.01256
G1 X74.599 Y104.477 E.02306
G1 X74.686 Y104.486 E.00229
G1 X75.042 Y104.842 E.01323
G1 X75.123 Y105.635 E.02095
G1 X75.479 Y105.991 E.01323
G1 X76.273 Y106.073 E.02095
G1 X76.629 Y106.429 E.01323
G1 X76.71 Y107.222 E.02095
G1 X77.066 Y107.579 E.01323
G1 X77.86 Y107.66 E.02095
G1 X78.216 Y108.016 E.01323
G1 X78.297 Y108.81 E.02095
G1 X78.654 Y109.166 E.01323
G1 X79.447 Y109.247 E.02095
G1 X79.803 Y109.603 E.01323
G1 X79.885 Y110.397 E.02095
G1 X80.241 Y110.753 E.01323
G1 X81.034 Y110.834 E.02095
G1 X81.39 Y111.19 E.01323
G1 X81.472 Y111.984 E.02095
G1 X81.828 Y112.34 E.01323
G1 X82.622 Y112.421 E.02095
G1 X82.978 Y112.778 E.01323
G1 X83.059 Y113.571 E.02095
G1 X83.415 Y113.927 E.01323
G1 X84.209 Y114.009 E.02095
G1 X84.565 Y114.365 E.01323
G1 X84.646 Y115.158 E.02095
G1 X85.002 Y115.514 E.01323
G1 X85.796 Y115.596 E.02095
G1 X86.152 Y115.952 E.01323
G1 X86.198 Y116.401 E.01186
G1 X84.819 Y116.401 E.03623
G1 X76.467 Y116.401 F18000
G1 F7597.235
G1 X75.088 Y116.401 E.03623
G1 X75.042 Y115.952 E.01186
G1 X74.686 Y115.596 E.01323
G1 X74.599 Y115.587 E.00229
G1 X74.599 Y114 E.04169
G1 X74.686 Y114.009 E.00229
G1 X75.042 Y114.365 E.01323
G1 X75.123 Y115.158 E.02095
G1 X75.479 Y115.514 E.01323
G1 X76.273 Y115.596 E.02095
G1 X76.629 Y115.952 E.01323
G1 X76.675 Y116.401 E.01186
G1 X78.262 Y116.401 E.04169
G1 X78.216 Y115.952 E.01186
G1 X77.86 Y115.596 E.01323
G1 X77.066 Y115.514 E.02095
G1 X76.71 Y115.158 E.01323
G1 X76.629 Y114.365 E.02095
G1 X76.273 Y114.009 E.01323
G1 X75.479 Y113.927 E.02095
G1 X75.123 Y113.571 E.01323
G1 X75.042 Y112.778 E.02095
G1 X74.686 Y112.421 E.01323
G1 X74.599 Y112.413 E.00229
G1 X74.599 Y110.825 E.04169
G1 X74.686 Y110.834 E.00229
G1 X75.042 Y111.19 E.01323
G1 X75.123 Y111.984 E.02095
G1 X75.479 Y112.34 E.01323
G1 X76.273 Y112.421 E.02095
G1 X76.629 Y112.778 E.01323
G1 X76.71 Y113.571 E.02095
G1 X77.066 Y113.927 E.01323
G1 X77.86 Y114.009 E.02095
G1 X78.216 Y114.365 E.01323
G1 X78.297 Y115.158 E.02095
G1 X78.654 Y115.514 E.01323
G1 X79.447 Y115.596 E.02095
G1 X79.803 Y115.952 E.01323
G1 X79.849 Y116.401 E.01186
G1 X81.437 Y116.401 E.04169
G1 X81.39 Y115.952 E.01186
G1 X81.034 Y115.596 E.01323
G1 X80.241 Y115.514 E.02095
G1 X79.885 Y115.158 E.01323
G1 X79.803 Y114.365 E.02095
G1 X79.447 Y114.009 E.01323
G1 X78.654 Y113.927 E.02095
G1 X78.297 Y113.571 E.01323
G1 X78.216 Y112.778 E.02095
G1 X77.86 Y112.421 E.01323
G1 X77.066 Y112.34 E.02095
G1 X76.71 Y111.984 E.01323
G1 X76.629 Y111.19 E.02095
G1 X76.273 Y110.834 E.01323
G1 X75.479 Y110.753 E.02095
G1 X75.123 Y110.397 E.01323
G1 X75.042 Y109.603 E.02095
G1 X74.686 Y109.247 E.01323
G1 X74.599 Y109.238 E.00229
G1 X74.599 Y107.651 E.04169
G1 X74.686 Y107.66 E.00229
G1 X75.042 Y108.016 E.01323
G1 X75.123 Y108.81 E.02095
G1 X75.479 Y109.166 E.01323
G1 X76.273 Y109.247 E.02095
G1 X76.629 Y109.603 E.01323
G1 X76.71 Y110.397 E.02095
G1 X77.066 Y110.753 E.01323
G1 X77.86 Y110.834 E.02095
G1 X78.216 Y111.19 E.01323
G1 X78.297 Y111.984 E.02095
G1 X78.654 Y112.34 E.01323
G1 X79.447 Y112.421 E.02095
G1 X79.803 Y112.778 E.01323
G1 X79.885 Y113.571 E.02095
G1 X80.241 Y113.927 E.01323
G1 X81.034 Y114.009 E.02095
G1 X81.39 Y114.365 E.01323
G1 X81.472 Y115.158 E.02095
G1 X81.828 Y115.514 E.01323
G1 X82.622 Y115.596 E.02095
G1 X82.978 Y115.952 E.01323
G1 X83.024 Y116.401 E.01186
G1 X84.611 Y116.401 E.04169
G1 X84.565 Y115.952 E.01186
G1 X84.209 Y115.596 E.01323
G1 X83.415 Y115.514 E.02095
G1 X83.059 Y115.158 E.01323
G1 X82.978 Y114.365 E.02095
G1 X82.622 Y114.009 E.01323
G1 X81.828 Y113.927 E.02095
G1 X81.472 Y113.571 E.01323
G1 X81.39 Y112.778 E.02095
G1 X81.034 Y112.421 E.01323
G1 X80.241 Y112.34 E.02095
G1 X79.885 Y111.984 E.01323
G1 X79.803 Y111.19 E.02095
G1 X79.447 Y110.834 E.01323
G1 X78.654 Y110.753 E.02095
G1 X78.297 Y110.397 E.01323
G1 X78.216 Y109.603 E.02095
G1 X77.86 Y109.247 E.01323
G1 X77.066 Y109.166 E.02095
G1 X76.71 Y108.81 E.01323
G1 X76.629 Y108.016 E.02095
G1 X76.273 Y107.66 E.01323
G1 X75.479 Y107.579 E.02095
G1 X75.123 Y107.222 E.01323
G1 X75.042 Y106.429 E.02095
G1 X74.686 Y106.073 E.01323
G1 X74.599 Y106.064 E.00229
G1 X74.599 Y104.685 E.03623
G1 X89.107 Y104.472 F18000
M204 P500
;TYPE:Internal Bridge
;WIDTH:0.379473
;HEIGHT:0.379473
G1 F2250
M106 S127
G1 X87.15 Y106.429 E.12362
G1 X87.053 Y106.332 E.00615
G1 X86.308 Y106.665 E.03646
G1 X89.206 Y103.766 E.18308
G1 X89.406 Y103.318 E.02195
G1 X89.41 Y103.22 E.00436
G1 X89.145 Y103.22 E.01184
G1 X85.749 Y106.615 E.21449
G1 X85.446 Y106.312 E.01918
G1 X88.537 Y103.22 E.1953
G1 X87.93 Y103.22 E.02713
G1 X85.142 Y106.008 E.17612
G1 X84.95 Y105.816 E.01214
G1 X85.13 Y105.413 E.01971
G1 X87.323 Y103.22 E.13853
G1 X86.715 Y103.22 E.02713
G1 X85.328 Y104.607 E.08762
G1 X85.025 Y104.303 E.01918
G1 X86.301 Y103.027 E.08064
G1 X89.782 Y103.228 F18000
M204 P2000
;TYPE:Internal solid infill
;WIDTH:0.374336
;HEIGHT:0.16
G1 F6000
M106 S125
G1 X107.216 Y103.228 E.37458
G1 X107.109 Y104.765 F18000
;TYPE:Sparse infill
;WIDTH:0.45
G1 F7597.235
G1 X107.197 Y104.853 E.00329
G1 X106.863 Y105.602 E.02153
G1 X106.785 Y104.842 E.02007
G1 X106.429 Y104.486 E.01323
G1 X105.635 Y104.404 E.02095
G1 X105.279 Y104.048 E.01323
G1 X105.233 Y103.599 E.01186
G1 X103.646 Y103.599 E.04169
G1 X103.692 Y104.048 E.01186
G1 X104.048 Y104.404 E.01323
G1 X104.842 Y104.486 E.02095
G1 X105.198 Y104.842 E.01323
G1 X105.279 Y105.635 E.02095
G1 X105.635 Y105.991 E.01323
G1 X106.429 Y106.073 E.02095
G1 X106.785 Y106.429 E.01323
G1 X106.866 Y107.222 E.02095
G1 X107.222 Y107.579 E.01323
G1 X108.016 Y107.66 E.02095
G1 X108.372 Y108.016 E.01323
G1 X108.454 Y108.81 E.02095
G1 X108.81 Y109.166 E.01323
G1 X109.603 Y109.247 E.02095
G1 X109.959 Y109.603 E.01323
G1 X110.041 Y110.397 E.02095
G1 X110.397 Y110.753 E.01323
G1 X111.19 Y110.834 E.02095
G1 X111.546 Y111.19 E.01323
G1 X111.628 Y111.984 E.02095
G1 X111.984 Y112.34 E.01323
G1 X112.778 Y112.421 E.02095
G1 X113.134 Y112.778 E.01323
G1 X113.215 Y113.571 E.02095
G1 X113.571 Y113.927 E.01323
G1 X114.365 Y114.009 E.02095
G1 X114.721 Y114.365 E.01323
G1 X114.802 Y115.158 E.02095
G1 X115.158 Y115.514 E.01323
G1 X115.952 Y115.596 E.02095
G1 X116.308 Y115.952 E.01323
G1 X116.354 Y116.401 E.01186
G1 X114.767 Y116.401 E.04169
G1 X114.721 Y115.952 E.01186
G1 X114.365 Y115.596 E.01323
G1 X113.571 Y115.514 E.02095
G1 X113.215 Y115.158 E.01323
G1 X113.134 Y114.365 E.02095
G1 X112.778 Y114.009 E.01323
G1 X111.984 Y113.927 E.02095
G1 X111.628 Y113.571 E.01323
G1 X111.546 Y112.778 E.02095
G1 X111.19 Y112.421 E.01323
G1 X110.397 Y112.34 E.02095
G1 X110.041 Y111.984 E.01323
G1 X109.959 Y111.19 E.02095
G1 X109.603 Y110.834 E.01323
G1 X108.81 Y110.753 E.02095
G1 X108.454 Y110.397 E.01323
G1 X108.372 Y109.603 E.02095
G1 X108.016 Y109.247 E.01323
G1 X107.222 Y109.166 E.02095
G1 X106.866 Y108.81 E.01323
G1 X106.785 Y108.016 E.02095
G1 X106.429 Y107.66 E.01323
G1 X105.635 Y107.579 E.02095
G1 X105.279 Y107.222 E.01323
G1 X105.198 Y106.429 E.02095
G1 X104.842 Y106.073 E.01323
G1 X104.048 Y105.991 E.02095
G1 X103.692 Y105.635 E.01323
G1 X103.611 Y104.842 E.02095
G1 X103.255 Y104.486 E.01323
G1 X102.461 Y104.404 E.02095
G1 X102.105 Y104.048 E.01323
G1 X102.059 Y103.599 E.01186
G1 X100.472 Y103.599 E.04169
G1 X100.518 Y104.048 E.01186
G1 X100.874 Y104.404 E.01323
G1 X101.667 Y104.486 E.02095
G1 X102.024 Y104.842 E.01323
G1 X102.105 Y105.635 E.02095
G1 X102.461 Y105.991 E.01323
G1 X103.255 Y106.073 E.02095
G1 X103.611 Y106.429 E.01323
G1 X103.692 Y107.222 E.02095
G1 X104.048 Y107.579 E.01323
G1 X104.842 Y107.66 E.02095
G1 X105.198 Y108.016 E.01323
G1 X105.279 Y108.81 E.02095
G1 X105.635 Y109.166 E.01323
G1 X106.429 Y109.247 E.02095
G1 X106.785 Y109.603 E.01323
G1 X106.866 Y110.397 E.02095
G1 X107.222 Y110.753 E.01323
G1 X108.016 Y110.834 E.02095
G1 X108.372 Y111.19 E.01323
G1 X108.454 Y111.984 E.02095
G1 X108.81 Y112.34 E.01323
G1 X109.603 Y112.421 E.02095
G1 X109.959 Y112.778 E.01323
G1 X110.041 Y113.571 E.02095
G1 X110.397 Y113.927 E.01323
G1 X111.19 Y114.009 E.02095
G1 X111.546 Y114.365 E.01323
G1 X111.628 Y115.158 E.02095
G1 X111.984 Y115.514 E.01323
G1 X112.778 Y115.596 E.02095
G1 X113.134 Y115.952 E.01323
G1 X113.18 Y116.401 E.01186
G1 X111.593 Y116.401 E.04169
G1 X111.546 Y115.952 E.01186
G1 X111.19 Y115.596 E.01323
G1 X110.397 Y115.514 E.02095
G1 X110.041 Y115.158 E.01323
G1 X109.959 Y114.365 E.02095
G1 X109.603 Y114.009 E.01323
G1 X108.81 Y113.927 E.02095
G1 X108.454 Y113.571 E.01323
G1 X108.372 Y112.778 E.02095
G1 X108.016 Y112.421 E.01323
G1 X107.222 Y112.34 E.02095
G1 X106.866 Y111.984 E.01323
G1 X106.785 Y111.19 E.02095
G1 X106.429 Y110.834 E.01323
G1 X105.635 Y110.753 E.02095
G1 X105.279 Y110.397 E.01323
G1 X105.198 Y109.603 E.02095
G1 X104.842 Y109.247 E.01323
G1 X104.048 Y109.166 E.02095
G1 X103.692 Y108.81 E.01323
G1 X103.611 Y108.016 E.02095
G1 X103.255 Y107.66 E.01323
G1 X102.461 Y107.579 E.02095
G1 X102.105 Y107.222 E.01323
G1 X102.024 Y106.429 E.02095
G1 X101.667 Y106.073 E.01323
G1 X100.874 Y105.991 E.02095
G1 X100.518 Y105.635 E.01323
G1 X100.436 Y104.842 E.02095
G1 X100.08 Y104.486 E.01323
G1 X99.287 Y104.404 E.02095
G1 X98.931 Y104.048 E.01323
G1 X98.885 Y103.599 E.01186
G1 X97.297 Y103.599 E.04169
G1 X97.343 Y104.048 E.01186
G1 X97.7 Y104.404 E.01323
G1 X98.493 Y104.486 E.02095
G1 X98.849 Y104.842 E.01323
G1 X98.931 Y105.635 E.02095
G1 X99.287 Y105.991 E.01323
G1 X100.08 Y106.073 E.02095
G1 X100.436 Y106.429 E.01323
G1 X100.518 Y107.222 E.02095
G1 X100.874 Y107.579 E.01323
G1 X101.667 Y107.66 E.02095
G1 X102.024 Y108.016 E.01323
G1 X102.105 Y108.81 E.02095
G1 X102.461 Y109.166 E.01323
G1 X103.255 Y109.247 E.02095
G1 X103.611 Y109.603 E.01323
G1 X103.692 Y110.397 E.02095
G1 X104.048 Y110.753 E.01323
G1 X104.842 Y110.834 E.02095
G1 X105.198 Y111.19 E.01323
G1 X105.279 Y111.984 E.02095
G1 X105.635 Y112.34 E.01323
G1 X106.429 Y112.421 E.02095
G1 X106.785 Y112.778 E.01323
G1 X106.866 Y113.571 E.02095
G1 X107.222 Y113.927 E.01323
G1 X108.016 Y114.009 E.02095
G1 X108.372 Y114.365 E.01323
G1 X108.454 Y115.158 E.02095
G1 X108.81 Y115.514 E.01323
G1 X109.603 Y115.596 E.02095
G1 X109.959 Y115.952 E.01323
G1 X110.005 Y116.401 E.01186
G1 X108.418 Y116.401 E.04169
G1 X108.372 Y115.952 E.01186
G1 X108.016 Y115.596 E.01323
G1 X107.222 Y115.514 E.02095
G1 X106.866 Y115.158 E.01323
G1 X106.785 Y114.365 E.02095
G1 X106.429 Y114.009 E.01323
G1 X105.635 Y113.927 E.02095
G1 X105.279 Y113.571 E.01323
G1 X105.198 Y112.778 E.02095
G1 X104.842 Y112.421 E.01323
G1 X104.048 Y112.34 E.02095
G1 X103.692 Y111.984 E.01323
G1 X103.611 Y111.19 E.02095
G1 X103.255 Y110.834 E.01323
G1 X102.461 Y110.753 E.02095
G1 X102.105 Y110.397 E.01323
G1 X102.024 Y109.603 E.02095
G1 X101.667 Y109.247 E.01323
G1 X100.874 Y109.166 E.02095
G1 X100.518 Y108.81 E.01323
G1 X100.436 Y108.016 E.02095
G1 X100.08 Y107.66 E.01323
G1 X99.287 Y107.579 E.02095
G1 X98.931 Y107.222 E.01323
G1 X98.849 Y106.429 E.02095
G1 X98.493 Y106.073 E.01323
G1 X97.7 Y105.991 E.02095
G1 X97.343 Y105.635 E.01323
G1 X97.262 Y104.842 E.02095
G1 X96.906 Y104.486 E.01323
G1 X96.112 Y104.404 E.02095
G1 X95.756 Y104.048 E.01323
G1 X95.71 Y103.599 E.01186
G1 X94.123 Y103.599 E.04169
G1 X94.169 Y104.048 E.01186
G1 X94.525 Y104.404 E.01323
G1 X95.319 Y104.486 E.02095
G1 X95.675 Y104.842 E.01323
G1 X95.756 Y105.635 E.02095
G1 X96.112 Y105.991 E.01323
G1 X96.906 Y106.073 E.02095
G1 X97.262 Y106.429 E.01323
G1 X97.343 Y107.222 E.02095
G1 X97.7 Y107.579 E.01323
G1 X98.493 Y107.66 E.02095
G1 X98.849 Y108.016 E.01323
G1 X98.931 Y108.81 E.02095
G1 X99.287 Y109.166 E.01323
G1 X100.08 Y109.247 E.02095
G1 X100.436 Y109.603 E.01323
G1 X100.518 Y110.397 E.02095
G1 X100.874 Y110.753 E.01323
G1 X101.667 Y110.834 E.02095
G1 X102.024 Y111.19 E.01323
G1 X102.105 Y111.984 E.02095
G1 X102.461 Y112.34 E.01323
G1 X103.255 Y112.421 E.02095
G1 X103.611 Y112.778 E.01323
G1 X103.692 Y113.571 E.02095
G1 X104.048 Y113.927 E.01323
G1 X104.842 Y114.009 E.02095
G1 X105.198 Y114.365 E.01323
G1 X105.279 Y115.158 E.02095
G1 X105.635 Y115.514 E.01323
G1 X106.429 Y115.596 E.02095
G1 X106.785 Y115.952 E.01323
G1 X106.831 Y116.401 E.01186
G1 X105.244 Y116.401 E.04169
G1 X105.198 Y115.952 E.01186
G1 X104.842 Y115.596 E.01323
G1 X104.048 Y115.514 E.02095
G1 X103.692 Y115.158 E.01323
G1 X103.611 Y114.365 E.02095
G1 X103.255 Y114.009 E.01323
G1 X102.461 Y113.927 E.02095
G1 X102.105 Y113.571 E.01323
G1 X102.024 Y112.778 E.02095
G1 X101.667 Y112.421 E.01323
G1 X100.874 Y112.34 E.02095
G1 X100.518 Y111.984 E.01323
G1 X100.436 Y111.19 E.02095
G1 X100.08 Y110.834 E.01323
G1 X99.287 Y110.753 E.02095
G1 X98.931 Y110.397 E.01323
G1 X98.849 Y109.603 E.02095
G1 X98.493 Y109.247 E.01323
G1 X97.7 Y109.166 E.02095
G1 X97.343 Y108.81 E.01323
G1 X97.262 Y108.016 E.02095
G1 X96.906 Y107.66 E.01323
G1 X96.112 Y107.579 E.02095
G1 X95.756 Y107.222 E.01323
G1 X95.675 Y106.429 E.02095
G1 X95.319 Y106.073 E.01323
G1 X94.525 Y105.991 E.02095
G1 X94.169 Y105.635 E.01323
G1 X94.088 Y104.842 E.02095
G1 X93.732 Y104.486 E.01323
G1 X92.938 Y104.404 E.02095
G1 X92.582 Y104.048 E.01323
G1 X92.536 Y103.599 E.01186
G1 X90.949 Y103.599 E.04169
G1 X90.995 Y104.048 E.01186
G1 X91.351 Y104.404 E.01323
G1 X92.144 Y104.486 E.02095
G1 X92.501 Y104.842 E.01323
G1 X92.582 Y105.635 E.02095
G1 X92.938 Y105.991 E.01323
G1 X93.732 Y106.073 E.02095
G1 X94.088 Y106.429 E.01323
G1 X94.169 Y107.222 E.02095
G1 X94.525 Y107.579 E.01323
G1 X95.319 Y107.66 E.02095
G1 X95.675 Y108.016 E.01323
G1 X95.756 Y108.81 E.02095
G1 X96.112 Y109.166 E.01323
G1 X96.906 Y109.247 E.02095
G1 X97.262 Y109.603 E.01323
G1 X97.343 Y110.397 E.02095
G1 X97.7 Y110.753 E.01323
G1 X98.493 Y110.834 E.02095
G1 X98.849 Y111.19 E.01323
G1 X98.931 Y111.984 E.02095
G1 X99.287 Y112.34 E.01323
G1 X100.08 Y112.421 E.02095
G1 X100.436 Y112.778 E.01323
G1 X100.518 Y113.571 E.02095
G1 X100.874 Y113.927 E.01323
G1 X101.667 Y114.009 E.02095
G1 X102.024 Y114.365 E.01323
G1 X102.105 Y115.158 E.02095
G1 X102.461 Y115.514 E.01323
G1 X103.255 Y115.596 E.02095
G1 X103.611 Y115.952 E.01323
G1 X103.657 Y116.401 E.01186
G1 X102.07 Y116.401 E.04169
G1 X102.024 Y115.952 E.01186
G1 X101.667 Y115.596 E.01323
G1 X100.874 Y115.514 E.02095
G1 X100.518 Y115.158 E.01323
G1 X100.436 Y114.365 E.02095
G1 X100.08 Y114.009 E.01323
G1 X99.287 Y113.927 E.02095
G1 X98.931 Y113.571 E.01323
G1 X98.849 Y112.778 E.02095
G1 X98.493 Y112.421 E.01323
G1 X97.7 Y112.34 E.02095
G1 X97.343 Y111.984 E.01323
G1 X97.262 Y111.19 E.02095
G1 X96.906 Y110.834 E.01323
G1 X96.112 Y110.753 E.02095
G1 X95.756 Y110.397 E.01323
G1 X95.675 Y109.603 E.02095
G1 X95.319 Y109.247 E.01323
G1 X94.525 Y109.166 E.02095
G1 X94.169 Y108.81 E.01323
G1 X94.088 Y108.016 E.02095
G1 X93.732 Y107.66 E.01323
G1 X92.938 Y107.579 E.02095
G1 X92.582 Y107.222 E.01323
G1 X92.501 Y106.429 E.02095
G1 X92.144 Y106.073 E.01323
G1 X91.351 Y105.991 E.02095
G1 X90.995 Y105.635 E.01323
G1 X90.913 Y104.842 E.02095
G1 X90.557 Y104.486 E.01323
G1 X89.764 Y104.404 E.02095
G1 X89.501 Y104.142 E.00976
G1 X89.377 Y104.418 E.00796
G1 X89.575 Y104.616 E.00734
G1 X89.328 Y104.863 E.00916
G1 X89.408 Y105.635 E.0204
G1 X89.764 Y105.991 E.01323
G1 X90.557 Y106.073 E.02095
G1 X90.913 Y106.429 E.01323
G1 X90.995 Y107.222 E.02095
G1 X91.351 Y107.579 E.01323
G1 X92.144 Y107.66 E.02095
G1 X92.501 Y108.016 E.01323
G1 X92.582 Y108.81 E.02095
G1 X92.938 Y109.166 E.01323
G1 X93.732 Y109.247 E.02095
G1 X94.088 Y109.603 E.01323
G1 X94.169 Y110.397 E.02095
G1 X94.525 Y110.753 E.01323
G1 X95.319 Y110.834 E.02095
G1 X95.675 Y111.19 E.01323
G1 X95.756 Y111.984 E.02095
G1 X96.112 Y112.34 E.01323
G1 X96.906 Y112.421 E.02095
G1 X97.262 Y112.778 E.01323
G1 X97.343 Y113.571 E.02095
G1 X97.7 Y113.927 E.01323
G1 X98.493 Y114.009 E.02095
G1 X98.849 Y114.365 E.01323
G1 X98.931 Y115.158 E.02095
G1 X99.287 Y115.514 E.01323
G1 X100.08 Y115.596 E.02095
G1 X100.436 Y115.952 E.01323
G1 X100.482 Y116.401 E.01186
G1 X98.895 Y116.401 E.04169
G1 X98.849 Y115.952 E.01186
G1 X98.493 Y115.596 E.01323
G1 X97.7 Y115.514 E.02095
G1 X97.343 Y115.158 E.01323
G1 X97.262 Y114.365 E.02095
G1 X96.906 Y114.009 E.01323
G1 X96.112 Y113.927 E.02095
G1 X95.756 Y113.571 E.01323
G1 X95.675 Y112.778 E.02095
G1 X95.319 Y112.421 E.01323
G1 X94.525 Y112.34 E.02095
G1 X94.169 Y111.984 E.01323
G1 X94.088 Y111.19 E.02095
G1 X93.732 Y110.834 E.01323
G1 X92.938 Y110.753 E.02095
G1 X92.582 Y110.397 E.01323
G1 X92.501 Y109.603 E.02095
G1 X92.144 Y109.247 E.01323
G1 X91.351 Y109.166 E.02095
G1 X90.995 Y108.81 E.01323
G1 X90.913 Y108.016 E.02095
G1 X90.557 Y107.66 E.01323
G1 X89.764 Y107.579 E.02095
G1 X89.408 Y107.222 E.01323
G1 X89.326 Y106.429 E.02095
G1 X88.97 Y106.073 E.01323
G1 X88.198 Y105.994 E.0204
G1 X87.741 Y106.45 E.01695
G1 X87.82 Y107.222 E.0204
G1 X88.177 Y107.579 E.01323
G1 X88.97 Y107.66 E.02095
G1 X89.326 Y108.016 E.01323
G1 X89.408 Y108.81 E.02095
G1 X89.764 Y109.166 E.01323
G1 X90.557 Y109.247 E.02095
G1 X90.913 Y109.603 E.01323
G1 X90.995 Y110.397 E.02095
G1 X91.351 Y110.753 E.01323
G1 X92.144 Y110.834 E.02095
G1 X92.501 Y111.19 E.01323
G1 X92.582 Y111.984 E.02095
G1 X92.938 Y112.34 E.01323
G1 X93.732 Y112.421 E.02095
G1 X94.088 Y112.778 E.01323
G1 X94.169 Y113.571 E.02095
G1 X94.525 Y113.927 E.01323
G1 X95.319 Y114.009 E.02095
G1 X95.675 Y114.365 E.01323
G1 X95.756 Y115.158 E.02095
G1 X96.112 Y115.514 E.01323
G1 X96.906 Y115.596 E.02095
G1 X97.262 Y115.952 E.01323
G1 X97.308 Y116.401 E.01186
G1 X95.929 Y116.401 E.03623
G1 X109.822 Y106.672 F18000
G1 F7597.235
G1 X109.419 Y107.075 E.01498
G1 X109.221 Y106.878 E.00734
G1 X108.454 Y107.222 E.02211
G1 X108.81 Y107.579 E.01323
G1 X109.603 Y107.66 E.02095
G1 X109.959 Y108.016 E.01323
G1 X110.041 Y108.81 E.02095
G1 X110.397 Y109.166 E.01323
G1 X111.19 Y109.247 E.02095
G1 X111.546 Y109.603 E.01323
G1 X111.628 Y110.397 E.02095
G1 X111.984 Y110.753 E.01323
G1 X112.778 Y110.834 E.02095
G1 X113.134 Y111.19 E.01323
G1 X113.215 Y111.984 E.02095
G1 X113.571 Y112.34 E.01323
G1 X114.365 Y112.421 E.02095
G1 X114.721 Y112.778 E.01323
G1 X114.802 Y113.571 E.02095
G1 X115.158 Y113.927 E.01323
G1 X115.952 Y114.009 E.02095
G1 X116.308 Y114.365 E.01323
G1 X116.389 Y115.158 E.02095
G1 X116.745 Y115.514 E.01323
G1 X117.539 Y115.596 E.02095
G1 X117.895 Y115.952 E.01323
G1 X117.941 Y116.401 E.01186
G1 X119.528 Y116.401 E.04169
G1 X119.482 Y115.952 E.01186
G1 X119.126 Y115.596 E.01323
G1 X118.333 Y115.514 E.02095
G1 X117.976 Y115.158 E.01323
G1 X117.895 Y114.365 E.02095
G1 X117.539 Y114.009 E.01323
G1 X116.745 Y113.927 E.02095
G1 X116.389 Y113.571 E.01323
G1 X116.308 Y112.778 E.02095
G1 X115.952 Y112.421 E.01323
G1 X115.158 Y112.34 E.02095
G1 X114.802 Y111.984 E.01323
G1 X114.721 Y111.19 E.02095
G1 X114.365 Y110.834 E.01323
G1 X113.571 Y110.753 E.02095
G1 X113.215 Y110.397 E.01323
G1 X113.134 Y109.603 E.02095
G1 X112.778 Y109.247 E.01323
G1 X111.984 Y109.166 E.02095
G1 X111.628 Y108.81 E.01323
G1 X111.546 Y108.016 E.02095
G1 X111.19 Y107.66 E.01323
G1 X110.397 Y107.579 E.02095
G1 X110.041 Y107.222 E.01323
G1 X109.969 Y106.525 E.01841
G1 X110.213 Y106.282 E.00905
G1 X111.154 Y107.223 E.03496
G1 X111.607 Y107.021 E.01304
G1 X111.628 Y107.222 E.00533
G1 X111.984 Y107.579 E.01323
G1 X112.778 Y107.66 E.02095
G1 X113.134 Y108.016 E.01323
G1 X113.215 Y108.81 E.02095
G1 X113.571 Y109.166 E.01323
G1 X114.365 Y109.247 E.02095
G1 X114.721 Y109.603 E.01323
G1 X114.802 Y110.397 E.02095
G1 X115.158 Y110.753 E.01323
G1 X115.952 Y110.834 E.02095
G1 X116.308 Y111.19 E.01323
G1 X116.389 Y111.984 E.02095
G1 X116.745 Y112.34 E.01323
G1 X117.539 Y112.421 E.02095
G1 X117.895 Y112.778 E.01323
G1 X117.976 Y113.571 E.02095
G1 X118.333 Y113.927 E.01323
G1 X119.126 Y114.009 E.02095
G1 X119.482 Y114.365 E.01323
G1 X119.564 Y115.158 E.02095
G1 X119.92 Y115.514 E.01323
G1 X120.713 Y115.596 E.02095
G1 X121.069 Y115.952 E.01323
G1 X121.115 Y116.401 E.01186
G1 X122.703 Y116.401 E.04169
G1 X122.657 Y115.952 E.01186
G1 X122.3 Y115.596 E.01323
G1 X121.507 Y115.514 E.02095
G1 X121.151 Y115.158 E.01323
G1 X121.069 Y114.365 E.02095
G1 X120.713 Y114.009 E.01323
G1 X119.92 Y113.927 E.02095
G1 X119.564 Y113.571 E.01323
G1 X119.482 Y112.778 E.02095
G1 X119.126 Y112.421 E.01323
G1 X118.333 Y112.34 E.02095
G1 X117.976 Y111.984 E.01323
G1 X117.895 Y111.19 E.02095
G1 X117.539 Y110.834 E.01323
G1 X116.745 Y110.753 E.02095
G1 X116.389 Y110.397 E.01323
G1 X116.308 Y109.603 E.02095
G1 X115.952 Y109.247 E.01323
G1 X115.158 Y109.166 E.02095
G1 X114.802 Y108.81 E.01323
G1 X114.721 Y108.016 E.02095
G1 X114.365 Y107.66 E.01323
G1 X113.571 Y107.579 E.02095
G1 X113.215 Y107.222 E.01323
G1 X113.173 Y106.814 E.01079
G1 X113.956 Y106.031 E.02909
G1 X114.365 Y106.073 E.01079
G1 X114.721 Y106.429 E.01323
G1 X114.802 Y107.222 E.02095
G1 X115.158 Y107.579 E.01323
G1 X115.952 Y107.66 E.02095
G1 X116.308 Y108.016 E.01323
G1 X116.389 Y108.81 E.02095
G1 X116.745 Y109.166 E.01323
G1 X117.539 Y109.247 E.02095
G1 X117.895 Y109.603 E.01323
G1 X117.976 Y110.397 E.02095
G1 X118.333 Y110.753 E.01323
G1 X119.126 Y110.834 E.02095
G1 X119.482 Y111.19 E.01323
G1 X119.564 Y111.984 E.02095
G1 X119.92 Y112.34 E.01323
G1 X120.713 Y112.421 E.02095
G1 X121.069 Y112.778 E.01323
G1 X121.151 Y113.571 E.02095
G1 X121.507 Y113.927 E.01323
G1 X122.3 Y114.009 E.02095
G1 X122.657 Y114.365 E.01323
G1 X122.738 Y115.158 E.02095
G1 X123.094 Y115.514 E.01323
G1 X123.888 Y115.596 E.02095
G1 X124.244 Y115.952 E.01323
G1 X124.29 Y116.401 E.01186
G1 X125.877 Y116.401 E.04169
G1 X125.831 Y115.952 E.01186
G1 X125.475 Y115.596 E.01323
G1 X124.681 Y115.514 E.02095
G1 X124.325 Y115.158 E.01323
G1 X124.244 Y114.365 E.02095
G1 X123.888 Y114.009 E.01323
G1 X123.094 Y113.927 E.02095
G1 X122.738 Y113.571 E.01323
G1 X122.657 Y112.778 E.02095
G1 X122.3 Y112.421 E.01323
G1 X121.507 Y112.34 E.02095
G1 X121.151 Y111.984 E.01323
G1 X121.069 Y111.19 E.02095
G1 X120.713 Y110.834 E.01323
G1 X119.92 Y110.753 E.02095
G1 X119.564 Y110.397 E.01323
G1 X119.482 Y109.603 E.02095
G1 X119.126 Y109.247 E.01323
G1 X118.333 Y109.166 E.02095
G1 X117.976 Y108.81 E.01323
G1 X117.895 Y108.016 E.02095
G1 X117.539 Y107.66 E.01323
G1 X116.745 Y107.579 E.02095
G1 X116.389 Y107.222 E.01323
G1 X116.308 Y106.429 E.02095
G1 X115.952 Y106.073 E.01323
G1 X115.158 Y105.991 E.02095
G1 X114.802 Y105.635 E.01323
G1 X114.76 Y105.227 E.01079
G1 X115.17 Y104.817 E.01523
G1 X114.973 Y104.619 E.00734
G1 X115.096 Y104.342 E.00796
G1 X115.158 Y104.404 E.00231
G1 X115.952 Y104.486 E.02095
G1 X116.308 Y104.842 E.01323
G1 X116.389 Y105.635 E.02095
G1 X116.745 Y105.991 E.01323
G1 X117.539 Y106.073 E.02095
G1 X117.895 Y106.429 E.01323
G1 X117.976 Y107.222 E.02095
G1 X118.333 Y107.579 E.01323
G1 X119.126 Y107.66 E.02095
G1 X119.482 Y108.016 E.01323
G1 X119.564 Y108.81 E.02095
G1 X119.92 Y109.166 E.01323
G1 X120.713 Y109.247 E.02095
G1 X121.069 Y109.603 E.01323
G1 X121.151 Y110.397 E.02095
G1 X121.507 Y110.753 E.01323
G1 X122.3 Y110.834 E.02095
G1 X122.657 Y111.19 E.01323
G1 X122.738 Y111.984 E.02095
G1 X123.094 Y112.34 E.01323
G1 X123.888 Y112.421 E.02095
G1 X124.244 Y112.778 E.01323
G1 X124.325 Y113.571 E.02095
G1 X124.681 Y113.927 E.01323
G1 X125.475 Y114.009 E.02095
G1 X125.831 Y114.365 E.01323
G1 X125.912 Y115.158 E.02095
G1 X126.268 Y115.514 E.01323
G1 X127.062 Y115.596 E.02095
G1 X127.418 Y115.952 E.01323
G1 X127.464 Y116.401 E.01186
G1 X129.051 Y116.401 E.04169
G1 X129.005 Y115.952 E.01186
G1 X128.649 Y115.596 E.01323
G1 X127.856 Y115.514 E.02095
G1 X127.499 Y115.158 E.01323
G1 X127.418 Y114.365 E.02095
G1 X127.062 Y114.009 E.01323
G1 X126.268 Y113.927 E.02095
G1 X125.912 Y113.571 E.01323
G1 X125.831 Y112.778 E.02095
G1 X125.475 Y112.421 E.01323
G1 X124.681 Y112.34 E.02095
G1 X124.325 Y111.984 E.01323
G1 X124.244 Y111.19 E.02095
G1 X123.888 Y110.834 E.01323
G1 X123.094 Y110.753 E.02095
G1 X122.738 Y110.397 E.01323
G1 X122.657 Y109.603 E.02095
G1 X122.3 Y109.247 E.01323
G1 X121.507 Y109.166 E.02095
G1 X121.151 Y108.81 E.01323
G1 X121.069 Y108.016 E.02095
G1 X120.713 Y107.66 E.01323
G1 X119.92 Y107.579 E.02095
G1 X119.564 Y107.222 E.01323
G1 X119.482 Y106.429 E.02095
G1 X119.126 Y106.073 E.01323
G1 X118.333 Y105.991 E.02095
G1 X117.976 Y105.635 E.01323
G1 X117.895 Y104.842 E.02095
G1 X117.539 Y104.486 E.01323
G1 X116.745 Y104.404 E.02095
G1 X116.389 Y104.048 E.01323
G1 X116.343 Y103.599 E.01186
G1 X117.93 Y103.599 E.04169
G1 X117.976 Y104.048 E.01186
G1 X118.333 Y104.404 E.01323
G1 X119.126 Y104.486 E.02095
G1 X119.482 Y104.842 E.01323
G1 X119.564 Y105.635 E.02095
G1 X119.92 Y105.991 E.01323
G1 X120.713 Y106.073 E.02095
G1 X121.069 Y106.429 E.01323
G1 X121.151 Y107.222 E.02095
G1 X121.507 Y107.579 E.01323
G1 X122.3 Y107.66 E.02095
G1 X122.657 Y108.016 E.01323
G1 X122.738 Y108.81 E.02095
G1 X123.094 Y109.166 E.01323
G1 X123.888 Y109.247 E.02095
G1 X124.244 Y109.603 E.01323
G1 X124.325 Y110.397 E.02095
G1 X124.681 Y110.753 E.01323
G1 X125.475 Y110.834 E.02095
G1 X125.831 Y111.19 E.01323
G1 X125.912 Y111.984 E.02095
G1 X126.268 Y112.34 E.01323
G1 X127.062 Y112.421 E.02095
G1 X127.418 Y112.778 E.01323
G1 X127.499 Y113.571 E.02095
G1 X127.856 Y113.927 E.01323
G1 X128.649 Y114.009 E.02095
G1 X129.005 Y114.365 E.01323
G1 X129.087 Y115.158 E.02095
G1 X129.443 Y115.514 E.01323
G1 X130.236 Y115.596 E.02095
G1 X130.592 Y115.952 E.01323
G1 X130.638 Y116.401 E.01186
G1 X129.259 Y116.401 E.03623
G1 X134.021 Y116.401 F18000
G1 F7597.235
G1 X135.4 Y116.401 E.03623
G1 X135.354 Y115.952 E.01186
G1 X134.998 Y115.596 E.01323
G1 X134.204 Y115.514 E.02095
G1 X133.848 Y115.158 E.01323
G1 X133.767 Y114.365 E.02095
G1 X133.411 Y114.009 E.01323
G1 X132.617 Y113.927 E.02095
G1 X132.261 Y113.571 E.01323
G1 X132.18 Y112.778 E.02095
G1 X131.823 Y112.421 E.01323
G1 X131.03 Y112.34 E.02095
G1 X130.674 Y111.984 E.01323
G1 X130.592 Y111.19 E.02095
G1 X130.236 Y110.834 E.01323
G1 X129.443 Y110.753 E.02095
G1 X129.087 Y110.397 E.01323
G1 X129.005 Y109.603 E.02095
G1 X128.649 Y109.247 E.01323
G1 X127.856 Y109.166 E.02095
G1 X127.499 Y108.81 E.01323
G1 X127.418 Y108.016 E.02095
G1 X127.062 Y107.66 E.01323
G1 X126.268 Y107.579 E.02095
G1 X125.912 Y107.222 E.01323
G1 X125.831 Y106.429 E.02095
G1 X125.475 Y106.073 E.01323
G1 X124.681 Y105.991 E.02095
G1 X124.325 Y105.635 E.01323
G1 X124.244 Y104.842 E.02095
G1 X123.888 Y104.486 E.01323
G1 X123.094 Y104.404 E.02095
G1 X122.738 Y104.048 E.01323
G1 X122.692 Y103.599 E.01186
G1 X121.105 Y103.599 E.04169
G1 X121.151 Y104.048 E.01186
G1 X121.507 Y104.404 E.01323
G1 X122.3 Y104.486 E.02095
G1 X122.657 Y104.842 E.01323
G1 X122.738 Y105.635 E.02095
G1 X123.094 Y105.991 E.01323
G1 X123.888 Y106.073 E.02095
G1 X124.244 Y106.429 E.01323
G1 X124.325 Y107.222 E.02095
G1 X124.681 Y107.579 E.01323
G1 X125.475 Y107.66 E.02095
G1 X125.831 Y108.016 E.01323
G1 X125.912 Y108.81 E.02095
G1 X126.268 Y109.166 E.01323
G1 X127.062 Y109.247 E.02095
G1 X127.418 Y109.603 E.01323
G1 X127.499 Y110.397 E.02095
G1 X127.856 Y110.753 E.01323
G1 X128.649 Y110.834 E.02095
G1 X129.005 Y111.19 E.01323
G1 X129.087 Y111.984 E.02095
G1 X129.443 Y112.34 E.01323
G1 X130.236 Y112.421 E.02095
G1 X130.592 Y112.778 E.01323
G1 X130.674 Y113.571 E.02095
G1 X131.03 Y113.927 E.01323
G1 X131.823 Y114.009 E.02095
G1 X132.18 Y114.365 E.01323
G1 X132.261 Y115.158 E.02095
G1 X132.617 Y115.514 E.01323
G1 X133.411 Y115.596 E.02095
G1 X133.767 Y115.952 E.01323
G1 X133.813 Y116.401 E.01186
G1 X132.226 Y116.401 E.04169
G1 X132.18 Y115.952 E.01186
G1 X131.823 Y115.596 E.01323
G1 X131.03 Y115.514 E.02095
G1 X130.674 Y115.158 E.01323
G1 X130.592 Y114.365 E.02095
G1 X130.236 Y114.009 E.01323
G1 X129.443 Y113.927 E.02095
G1 X129.087 Y113.571 E.01323
G1 X129.005 Y112.778 E.02095
G1 X128.649 Y112.421 E.01323
G1 X127.856 Y112.34 E.02095
G1 X127.499 Y111.984 E.01323
G1 X127.418 Y111.19 E.02095
G1 X127.062 Y110.834 E.01323
G1 X126.268 Y110.753 E.02095
G1 X125.912 Y110.397 E.01323
G1 X125.831 Y109.603 E.02095
G1 X125.475 Y109.247 E.01323
G1 X124.681 Y109.166 E.02095
G1 X124.325 Y108.81 E.01323
G1 X124.244 Y108.016 E.02095
G1 X123.888 Y107.66 E.01323
G1 X123.094 Y107.579 E.02095
G1 X122.738 Y107.222 E.01323
G1 X122.657 Y106.429 E.02095
G1 X122.3 Y106.073 E.01323
G1 X121.507 Y105.991 E.02095
G1 X121.151 Y105.635 E.01323
G1 X121.069 Y104.842 E.02095
G1 X120.713 Y104.486 E.01323
G1 X119.92 Y104.404 E.02095
G1 X119.564 Y104.048 E.01323
G1 X119.518 Y103.599 E.01186
G1 X120.897 Y103.599 E.03623
G1 X125.658 Y103.599 F18000
G1 F7597.235
G1 X124.279 Y103.599 E.03623
G1 X124.325 Y104.048 E.01186
G1 X124.681 Y104.404 E.01323
G1 X125.475 Y104.486 E.02095
G1 X125.831 Y104.842 E.01323
G1 X125.912 Y105.635 E.02095
G1 X126.268 Y105.991 E.01323
G1 X127.062 Y106.073 E.02095
G1 X127.418 Y106.429 E.01323
G1 X127.499 Y107.222 E.02095
G1 X127.856 Y107.579 E.01323
G1 X128.649 Y107.66 E.02095
G1 X129.005 Y108.016 E.01323
G1 X129.087 Y108.81 E.02095
G1 X129.443 Y109.166 E.01323
G1 X130.236 Y109.247 E.02095
G1 X130.592 Y109.603 E.01323
G1 X130.674 Y110.397 E.02095
G1 X131.03 Y110.753 E.01323
G1 X131.823 Y110.834 E.02095
G1 X132.18 Y111.19 E.01323
G1 X132.261 Y111.984 E.02095
G1 X132.617 Y112.34 E.01323
G1 X133.411 Y112.421 E.02095
G1 X133.767 Y112.778 E.01323
G1 X133.848 Y113.571 E.02095
G1 X134.204 Y113.927 E.01323
G1 X134.998 Y114.009 E.02095
G1 X135.354 Y114.365 E.01323
G1 X135.435 Y115.158 E.02095
G1 X135.791 Y115.514 E.01323
G1 X136.585 Y115.596 E.02095
G1 X136.941 Y115.952 E.01323
G1 X136.987 Y116.401 E.01186
G1 X138.574 Y116.401 E.04169
G1 X138.528 Y115.952 E.01186
G1 X138.172 Y115.596 E.01323
G1 X137.378 Y115.514 E.02095
G1 X137.022 Y115.158 E.01323
G1 X136.941 Y114.365 E.02095
G1 X136.585 Y114.009 E.01323
G1 X135.791 Y113.927 E.02095
G1 X135.435 Y113.571 E.01323
G1 X135.354 Y112.778 E.02095
G1 X134.998 Y112.421 E.01323
G1 X134.204 Y112.34 E.02095
G1 X133.848 Y111.984 E.01323
G1 X133.767 Y111.19 E.02095
G1 X133.411 Y110.834 E.01323
G1 X132.617 Y110.753 E.02095
G1 X132.261 Y110.397 E.01323
G1 X132.18 Y109.603 E.02095
G1 X131.823 Y109.247 E.01323
G1 X131.03 Y109.166 E.02095
G1 X130.674 Y108.81 E.01323
G1 X130.592 Y108.016 E.02095
G1 X130.236 Y107.66 E.01323
G1 X129.443 Y107.579 E.02095
G1 X129.087 Y107.222 E.01323
G1 X129.005 Y106.429 E.02095
G1 X128.649 Y106.073 E.01323
G1 X127.856 Y105.991 E.02095
G1 X127.499 Y105.635 E.01323
G1 X127.418 Y104.842 E.02095
G1 X127.062 Y104.486 E.01323
G1 X126.268 Y104.404 E.02095
G1 X125.912 Y104.048 E.01323
G1 X125.866 Y103.599 E.01186
G1 X127.453 Y103.599 E.04169
G1 X127.499 Y104.048 E.01186
G1 X127.856 Y104.404 E.01323
G1 X128.649 Y104.486 E.02095
G1 X129.005 Y104.842 E.01323
G1 X129.087 Y105.635 E.02095
G1 X129.443 Y105.991 E.01323
G1 X130.236 Y106.073 E.02095
G1 X130.592 Y106.429 E.01323
G1 X130.674 Y107.222 E.02095
G1 X131.03 Y107.579 E.01323
G1 X131.823 Y107.66 E.02095
G1 X132.18 Y108.016 E.01323
G1 X132.261 Y108.81 E.02095
G1 X132.617 Y109.166 E.01323
G1 X133.411 Y109.247 E.02095
G1 X133.767 Y109.603 E.01323
G1 X133.848 Y110.397 E.02095
G1 X134.204 Y110.753 E.01323
G1 X134.998 Y110.834 E.02095
G1 X135.354 Y111.19 E.01323
G1 X135.435 Y111.984 E.02095
G1 X135.791 Y112.34 E.01323
G1 X136.585 Y112.421 E.02095
G1 X136.941 Y112.778 E.01323
G1 X137.022 Y113.571 E.02095
G1 X137.378 Y113.927 E.01323
G1 X138.172 Y114.009 E.02095
G1 X138.528 Y114.365 E.01323
G1 X138.61 Y115.158 E.02095
G1 X138.966 Y115.514 E.01323
G1 X139.759 Y115.596 E.02095
G1 X140.115 Y115.952 E.01323
G1 X140.161 Y116.401 E.01186
G1 X141.749 Y116.401 E.04169
G1 X141.703 Y115.952 E.01186
G1 X141.346 Y115.596 E.01323
G1 X140.553 Y115.514 E.02095
G1 X140.197 Y115.158 E.01323
G1 X140.115 Y114.365 E.02095
G1 X139.759 Y114.009 E.01323
G1 X138.966 Y113.927 E.02095
G1 X138.61 Y113.571 E.01323
G1 X138.528 Y112.778 E.02095
G1 X138.172 Y112.421 E.01323
G1 X137.378 Y112.34 E.02095
G1 X137.022 Y111.984 E.01323
G1 X136.941 Y111.19 E.02095
G1 X136.585 Y110.834 E.01323
G1 X135.791 Y110.753 E.02095
G1 X135.435 Y110.397 E.01323
G1 X135.354 Y109.603 E.02095
G1 X134.998 Y109.247 E.01323
G1 X134.204 Y109.166 E.02095
G1 X133.848 Y108.81 E.01323
G1 X133.767 Y108.016 E.02095
G1 X133.411 Y107.66 E.01323
G1 X132.617 Y107.579 E.02095
G1 X132.261 Y107.222 E.01323
G1 X132.231 Y106.934 E.00762
G1 X132.822 Y106.67 E.01698
G1 X133.323 Y107.172 E.01862
G1 X133.648 Y106.847 E.01206
G1 X135.677 Y106.352 F18000
G1 F7597.235
G1 X136.621 Y107.296 E.03507
G1 X136.992 Y106.926 E.01376
G1 X137.022 Y107.222 E.00784
G1 X137.378 Y107.579 E.01323
G1 X138.172 Y107.66 E.02095
G1 X138.528 Y108.016 E.01323
G1 X138.61 Y108.81 E.02095
G1 X138.966 Y109.166 E.01323
G1 X139.759 Y109.247 E.02095
G1 X140.115 Y109.603 E.01323
G1 X140.197 Y110.397 E.02095
G1 X140.553 Y110.753 E.01323
G1 X141.346 Y110.834 E.02095
G1 X141.703 Y111.19 E.01323
G1 X141.784 Y111.984 E.02095
G1 X142.14 Y112.34 E.01323
G1 X142.934 Y112.421 E.02095
G1 X143.29 Y112.778 E.01323
G1 X143.371 Y113.571 E.02095
G1 X143.727 Y113.927 E.01323
G1 X144.521 Y114.009 E.02095
G1 X144.877 Y114.365 E.01323
G1 X144.958 Y115.158 E.02095
G1 X145.314 Y115.514 E.01323
G1 X145.401 Y115.523 E.00229
G1 X145.401 Y116.401 E.02306
G1 X144.923 Y116.401 E.01256
G1 X144.877 Y115.952 E.01186
G1 X144.521 Y115.596 E.01323
G1 X143.727 Y115.514 E.02095
G1 X143.371 Y115.158 E.01323
G1 X143.29 Y114.365 E.02095
G1 X142.934 Y114.009 E.01323
G1 X142.14 Y113.927 E.02095
G1 X141.784 Y113.571 E.01323
G1 X141.703 Y112.778 E.02095
G1 X141.346 Y112.421 E.01323
G1 X140.553 Y112.34 E.02095
G1 X140.197 Y111.984 E.01323
G1 X140.115 Y111.19 E.02095
G1 X139.759 Y110.834 E.01323
G1 X138.966 Y110.753 E.02095
G1 X138.61 Y110.397 E.01323
G1 X138.528 Y109.603 E.02095
G1 X138.172 Y109.247 E.01323
G1 X137.378 Y109.166 E.02095
G1 X137.022 Y108.81 E.01323
G1 X136.941 Y108.016 E.02095
G1 X136.585 Y107.66 E.01323
G1 X135.791 Y107.579 E.02095
G1 X135.435 Y107.222 E.01323
G1 X135.354 Y106.429 E.02095
G1 X134.998 Y106.073 E.01323
G1 X134.475 Y106.019 E.01379
G1 X133.795 Y106.7 E.02529
G1 X133.848 Y107.222 E.01379
G1 X134.204 Y107.579 E.01323
G1 X134.998 Y107.66 E.02095
G1 X135.354 Y108.016 E.01323
G1 X135.435 Y108.81 E.02095
G1 X135.791 Y109.166 E.01323
G1 X136.585 Y109.247 E.02095
G1 X136.941 Y109.603 E.01323
G1 X137.022 Y110.397 E.02095
G1 X137.378 Y110.753 E.01323
G1 X138.172 Y110.834 E.02095
G1 X138.528 Y111.19 E.01323
G1 X138.61 Y111.984 E.02095
G1 X138.966 Y112.34 E.01323
G1 X139.759 Y112.421 E.02095
G1 X140.115 Y112.778 E.01323
G1 X140.197 Y113.571 E.02095
G1 X140.553 Y113.927 E.01323
G1 X141.346 Y114.009 E.02095
G1 X141.703 Y114.365 E.01323
G1 X141.784 Y115.158 E.02095
G1 X142.14 Y115.514 E.01323
G1 X142.934 Y115.596 E.02095
G1 X143.29 Y115.952 E.01323
G1 X143.336 Y116.401 E.01186
G1 X141.956 Y116.401 E.03623
G1 X136.213 Y106.563 F18000
M204 P500
;TYPE:Internal Bridge
;WIDTH:0.379473
;HEIGHT:0.379473
G1 F2250
M106 S127
G1 X138.607 Y104.169 E.15125
G1 X138.882 Y103.553 E.03016
G1 X138.989 Y103.22 E.01559
G1 X138.949 Y103.22 E.00178
G1 X136.046 Y106.123 E.18337
G1 X135.742 Y105.819 E.01918
G1 X138.341 Y103.22 E.16419
G1 X137.734 Y103.22 E.02713
G1 X135.439 Y105.516 E.14501
G1 X135.193 Y105.27 E.0155
G1 X135.234 Y105.113 E.00726
G1 X137.127 Y103.22 E.11957
G1 X136.519 Y103.22 E.02713
G1 X133.244 Y106.495 E.2069
G1 X132.94 Y106.192 E.01918
G1 X135.912 Y103.22 E.18772
G1 X135.304 Y103.22 E.02713
G1 X131.91 Y106.615 E.21443
G1 X131.817 Y106.656 E.00453
G1 X131.539 Y106.378 E.01757
G1 X134.697 Y103.22 E.19948
G1 X134.09 Y103.22 E.02713
G1 X131.715 Y105.595 E.15004
G1 X131.909 Y105.16 E.02128
G1 X131.726 Y104.977 E.01158
G1 X133.482 Y103.22 E.11098
G1 X132.875 Y103.22 E.02713
G1 X131.422 Y104.673 E.0918
G1 X131.118 Y104.37 E.01918
G1 X132.461 Y103.027 E.08482
G1 X130.916 Y104.765 F18000
M204 P2000
;TYPE:Sparse infill
;WIDTH:0.45
;HEIGHT:0.16
G1 F7597.235
M106 S125
G1 X131.405 Y105.253 E.01815
G1 X131.073 Y105.996 E.02136
G1 X131.03 Y105.991 E.00114
G1 X130.674 Y105.635 E.01323
G1 X130.592 Y104.842 E.02095
G1 X130.236 Y104.486 E.01323
G1 X129.443 Y104.404 E.02095
G1 X129.087 Y104.048 E.01323
G1 X129.041 Y103.599 E.01186
G1 X130.842 Y103.599 E.04731
G1 X130.296 Y104.145 E.02027
G1 X130.313 Y104.162 E.00065
G1 X115.105 Y103.228 F18000
;TYPE:Internal solid infill
;WIDTH:0.374336
G1 F6000
G1 X131.216 Y103.228 E.34615
G1 X114.924 Y104.164 F18000
M204 P500
;TYPE:Internal Bridge
;WIDTH:0.379473
;HEIGHT:0.379473
G1 F2250
M106 S127
G1 X112.602 Y106.487 E.1467
G1 X112.344 Y106.229 E.01629
G1 X112.179 Y106.303 E.00809
G1 X114.912 Y103.569 E.17268
G1 X114.709 Y103.366 E.01284
G1 X114.687 Y103.22 E.00659
G1 X114.654 Y103.22 E.00146
G1 X111.201 Y106.673 E.21812
G1 X110.898 Y106.369 E.01918
G1 X114.047 Y103.22 E.19893
G1 X113.439 Y103.22 E.02713
G1 X110.594 Y106.065 E.17975
G1 X110.566 Y106.038 E.00176
G1 X110.897 Y105.55 E.02633
G1 X110.681 Y105.371 E.01253
G1 X112.832 Y103.22 E.13589
G1 X112.225 Y103.22 E.02713
G1 X108.875 Y106.57 E.21159
G1 X108.217 Y106.863 E.03217
G1 X108.096 Y106.742 E.00769
G1 X111.617 Y103.22 E.22246
G1 X111.01 Y103.22 E.02713
G1 X107.792 Y106.438 E.20327
G1 X107.488 Y106.134 E.01918
G1 X110.402 Y103.22 E.18409
G1 X109.795 Y103.22 E.02713
G1 X107.255 Y105.76 E.16047
G1 X107.701 Y104.76 E.04892
G1 X107.675 Y104.733 E.0017
G1 X109.188 Y103.22 E.09559
G1 X108.58 Y103.22 E.02713
G1 X107.371 Y104.43 E.0764
G1 X107.067 Y104.126 E.01918
G1 X108.166 Y103.027 E.06943
; stop printing object pogo_receiver_coupon.stl id:0 copy 0
M106 S102
;LAYER_CHANGE
;Z:2
;HEIGHT:0.16
G92 E0 ; zero the extruded length again
; BEFORE_LAYER_CHANGE 11 @ 2mm
G1 E-1.75 F6000
;WIPE_START
G1 F2250
G1 X107.459 Y103.734 E-.75
;WIPE_END
; AFTER_LAYER_CHANGE 11 @ 2mm
;_SET_FAN_SPEED_CHANGING_LAYER
; printing object pogo_receiver_coupon.stl id:0 copy 0
G1 F18000
G1 X107.827 Y104.113 Z2.02857
G1 X107.76 Y104.637 Z2.05714
G1 X107.309 Y104.911 Z2.08571
G1 X106.813 Y104.729 Z2.11429
G1 X106.646 Y104.228 Z2.14286
G1 X106.934 Y103.785 Z2.17143
G1 X107.459 Y103.734 Z2.2
G1 X147.376 Y118.376 Z2.2
G1 X147.79 Y118.79
G1 Z2
G1 E2.5 F6000
M204 P1000
;TYPE:Outer wall
;WIDTH:0.42
G1 F3600
M106 S102
G1 X72.21 Y118.79 E1.84202
G1 X72.21 Y101.21 E.42846
G1 X147.79 Y101.21 E1.84202
G1 X147.79 Y118.73 E.42699
G1 X147.376 Y118.376 F18000
G1 X147.389 Y118.389
M204 P1500
;TYPE:Inner wall
;WIDTH:0.45
G1 F6000
G1 X72.611 Y118.389 E1.96425
G1 X72.611 Y101.611 E.44073
G1 X147.389 Y101.611 E1.96425
G1 X147.389 Y118.329 E.43916
G1 X146.974 Y117.974 F18000
G1 F6000
G1 X73.026 Y117.974 E1.94242
G1 X73.026 Y102.026 E.4189
G1 X146.974 Y102.026 E1.94242
G1 X146.974 Y117.914 E.41732
G1 X146.558 Y117.558 F18000
G1 F6000
G1 X73.442 Y117.558 E1.92058
G1 X73.442 Y102.442 E.39706
G1 X146.558 Y102.442 E1.92058
G1 X146.558 Y117.498 E.39548
G1 X146.142 Y117.142 F18000
G1 F6000
G1 X73.858 Y117.142 E1.89874
G1 X73.858 Y102.858 E.37522
G1 X146.142 Y102.858 E1.89874
G1 X146.142 Y117.082 E.37365
G1 X145.973 Y116.459 F18000
M204 P500
;TYPE:Internal Bridge
;WIDTH:0.379473
;HEIGHT:0.379473
G1 F2250
M106 S127
G1 X142.84 Y116.78 E.14069
G1 X138.627 Y116.78 E.18818
G1 X145.78 Y116.047 E.32117
G1 X145.78 Y115.615 E.01928
G1 X134.415 Y116.78 E.51033
G1 X130.202 Y116.78 E.18818
G1 X145.78 Y115.183 E.69949
G1 X145.78 Y114.752 E.01928
G1 X125.989 Y116.78 E.88866
G1 X121.777 Y116.78 E.18818
G1 X145.78 Y114.32 E1.07782
G1 X145.78 Y113.888 E.01928
G1 X117.564 Y116.78 E1.26698
G1 X113.352 Y116.78 E.18818
G1 X145.78 Y113.457 E1.45614
G1 X145.78 Y113.025 E.01928
G1 X109.139 Y116.78 E1.6453
G1 X104.926 Y116.78 E.18818
G1 X145.78 Y112.593 E1.83446
G1 X145.78 Y112.161 E.01928
G1 X100.714 Y116.78 E2.02362
G1 X96.501 Y116.78 E.18818
G1 X145.78 Y111.73 E2.21278
G1 X145.78 Y111.298 E.01928
G1 X92.289 Y116.78 E2.40194
G1 X88.076 Y116.78 E.18818
G1 X145.78 Y110.866 E2.5911
G1 X145.78 Y110.434 E.01928
G1 X83.863 Y116.78 E2.78026
G1 X79.651 Y116.78 E.18818
G1 X145.78 Y110.003 E2.96942
G1 X145.78 Y109.571 E.01928
G1 X75.438 Y116.78 E3.15858
G1 X74.22 Y116.78 E.0544
G1 X74.22 Y116.473 E.01371
G1 X145.78 Y109.139 E3.21327
G1 X145.78 Y108.708 E.01928
G1 X74.22 Y116.041 E3.21327
G1 X74.22 Y115.61 E.01928
G1 X145.78 Y108.276 E3.21327
G1 X145.78 Y107.844 E.01928
G1 X74.22 Y115.178 E3.21327
G1 X74.22 Y114.746 E.01928
G1 X145.78 Y107.412 E3.21327
G1 X145.78 Y106.981 E.01928
G1 X74.22 Y114.314 E3.21327
G1 X74.22 Y113.883 E.01928
G1 X145.78 Y106.549 E3.21327
G1 X145.78 Y106.117 E.01928
G1 X74.22 Y113.451 E3.21327
G1 X74.22 Y113.019 E.01928
G1 X145.78 Y105.686 E3.21327
G1 X145.78 Y105.254 E.01928
G1 X74.22 Y112.587 E3.21327
G1 X74.22 Y112.156 E.01928
G1 X136.046 Y105.82 E2.7762
G1 X135.655 Y105.428 E.02474
G1 X133.995 Y105.598 E.07452
G1 X134.476 Y105.117 E.03039
G1 X135.701 Y104.992 E.05498
G1 X137.023 Y105.719 F18000
G1 F2250
G1 X145.78 Y104.822 E.39319
G1 X145.78 Y104.39 E.01928
G1 X137.809 Y105.207 E.35792
G1 X138.138 Y104.878 E.02078
G1 X138.081 Y104.821 E.00361
G1 X138.115 Y104.744 E.00377
G1 X145.78 Y103.959 E.34417
G1 X145.78 Y103.527 E.01928
G1 X138.317 Y104.292 E.3351
G1 X138.519 Y103.839 E.02213
G1 X144.561 Y103.22 E.27129
G1 X140.348 Y103.22 E.18817
G1 X138.499 Y103.41 E.08302
G1 X132.072 Y105.795 F18000
G1 F2250
G1 X74.22 Y111.724 E2.59775
G1 X74.22 Y111.292 E.01928
G1 X132.052 Y105.365 E2.59686
G1 X132.165 Y105.113 E.01236
G1 X131.992 Y104.94 E.01092
G1 X74.22 Y110.861 E2.59417
G1 X74.22 Y110.429 E.01928
G1 X131.601 Y104.548 E2.57658
G1 X131.209 Y104.157 E.02474
G1 X113.07 Y106.016 E.81451
G1 X112.753 Y106.333 E.02006
G1 X112.494 Y106.075 E.01633
G1 X112.064 Y106.119 E.01932
G1 X111.294 Y106.462 E.03764
G1 X111.054 Y106.222 E.01516
G1 X74.22 Y109.997 E1.65398
G1 X74.22 Y109.565 E.01928
G1 X107.784 Y106.126 E1.50711
G1 X107.468 Y105.81 E.01994
G1 X107.507 Y105.722 E.00429
G1 X74.22 Y109.134 E1.4947
G1 X74.22 Y108.702 E.01928
G1 X107.709 Y105.27 E1.50377
G1 X107.911 Y104.818 E.02213
G1 X74.22 Y108.27 E1.51284
G1 X74.22 Y107.839 E.01928
G1 X107.657 Y104.412 E1.50142
G1 X107.293 Y104.048 E.02296
G1 X107.328 Y104.014 E.00218
G1 X87.067 Y106.09 E.90977
G1 X86.003 Y106.565 E.05206
G1 X85.671 Y106.233 E.02098
G1 X74.22 Y107.407 E.51418
G1 X74.22 Y106.975 E.01928
G1 X85.279 Y105.842 E.4966
G1 X85.206 Y105.768 E.00462
G1 X85.37 Y105.401 E.01799
G1 X74.22 Y106.543 E.50068
G1 X74.22 Y106.112 E.01928
G1 X85.572 Y104.948 E.50975
G1 X85.696 Y104.671 E.01355
G1 X85.544 Y104.519 E.00959
G1 X74.22 Y105.68 E.50849
G1 X74.22 Y105.248 E.01928
G1 X85.153 Y104.128 E.4909
G1 X85.032 Y104.007 E.00765
G1 X85.364 Y103.674 E.02099
G1 X74.22 Y104.816 E.50039
G1 X74.22 Y104.385 E.01928
G1 X85.584 Y103.22 E.51029
G1 X81.372 Y103.22 E.18818
G1 X74.22 Y103.953 E.32112
G1 X74.22 Y103.521 E.01928
G1 X79.045 Y103.027 E.21664
G1 X87.391 Y105.625 F18000
G1 F2250
G1 X107.809 Y103.533 E.91682
G1 X108.122 Y103.22 E.01975
G1 X106.647 Y103.22 E.06585
G1 X88.177 Y105.113 E.82938
G1 X88.658 Y104.632 E.03039
G1 X102.435 Y103.22 E.61862
G1 X98.222 Y103.22 E.18818
G1 X88.783 Y104.188 E.42387
G1 X88.985 Y103.735 E.02213
G1 X94.009 Y103.22 E.22564
G1 X89.797 Y103.22 E.18818
G1 X88.965 Y103.305 E.03736
G1 X109.192 Y105.981 F18000
G1 F2250
G1 X111.013 Y105.795 E.0818
G1 X111.459 Y105.349 E.02815
G1 X111.43 Y105.32 E.00182
G1 X110.141 Y105.452 E.05789
G1 X110.622 Y104.971 E.03039
G1 X111.286 Y104.903 E.02984
G1 X113.247 Y105.566 F18000
G1 F2250
G1 X131.663 Y103.678 E.82697
G1 X132.122 Y103.22 E.02895
G1 X131.923 Y103.22 E.00887
G1 X114.032 Y105.054 E.80336
G1 X114.269 Y104.817 E.01497
G1 X114.212 Y104.76 E.00361
G1 X114.285 Y104.596 E.008
G1 X127.71 Y103.22 E.60285
G1 X123.498 Y103.22 E.18818
G1 X114.487 Y104.144 E.40462
G1 X114.689 Y103.691 E.02213
G1 X119.285 Y103.22 E.20639
G1 X115.073 Y103.22 E.18818
G1 X114.286 Y103.301 E.0353
G1 X113.841 Y104.914 F18000
M204 P2000
;TYPE:Internal solid infill
;WIDTH:0.437184
;HEIGHT:0.16
G1 F6000
M106 S102
G1 X113.841 Y103.198 E.04367
G1 X113.438 Y103.198 E.01026
G1 X113.438 Y105.071 E.04768
G1 X113.383 Y105.127 E.002
G1 X113.035 Y105.127 E.00884
G1 X113.035 Y103.198 E.04909
G1 X112.633 Y103.198 E.01026
G1 X112.633 Y105.127 E.04909
G1 X112.23 Y105.127 E.01026
G1 X112.23 Y103.198 E.04909
G1 X111.827 Y103.198 E.01026
G1 X111.827 Y105.127 E.04909
G1 X111.424 Y104.738 E.01425
G1 X111.424 Y103.198 E.0392
G1 X111.021 Y103.198 E.01026
G1 X111.021 Y104.335 E.02894
G1 X110.851 Y104.165 E.00611
G1 X110.618 Y104.398 E.00839
G1 X110.618 Y103.198 E.03056
G1 X110.216 Y103.198 E.01026
G1 X110.216 Y104.801 E.04081
G1 X109.89 Y105.127 E.01171
G1 X109.813 Y105.127 E.00198
G1 X109.813 Y103.198 E.04909
G1 X109.41 Y103.198 E.01026
G1 X109.41 Y105.127 E.04909
G1 X109.007 Y105.127 E.01026
G1 X109.007 Y103.198 E.04909
G1 X108.72 Y103.198 E.00731
G1 X108.604 Y103.314 E.00417
G1 X108.604 Y105.127 E.04614
G1 X108.219 Y105.127 E.00979
G1 X108.444 Y104.623 E.01404
G1 X108.201 Y104.38 E.00875
G1 X108.201 Y103.471 E.02313
G1 X108.355 Y106.12 F18000
;WIDTH:0.419999
G1 F6000
G1 X109.335 Y105.681 E.02619
G1 X109.698 Y105.319 E.01248
G1 X108.133 Y105.319 E.03812
G1 X107.954 Y105.72 E.0107
G1 X108.312 Y106.078 E.01233
G1 X108.457 Y105.647 F18000
;WIDTH:0.379026
G1 F6000
G1 X108.392 Y105.685 E.00163
G1 X108.442 Y105.713 E.00126
G1 X112.092 Y105.482 F18000
;WIDTH:0.724821
G1 F4573.445
G1 X112.208 Y105.462 E.00512
;WIDTH:0.684455
G1 F4857.41
G1 X112.323 Y105.441 E.00482
;WIDTH:0.644089
G1 F5178.974
G1 X112.439 Y105.421 E.00452
;WIDTH:0.643718
G1 F5182.131
G1 X112.503 Y105.437 E.00253
;WIDTH:0.683341
G1 F4865.752
G1 X112.567 Y105.454 E.0027
;WIDTH:0.722964
G1 F4585.781
G1 X112.631 Y105.47 E.00286
;WIDTH:0.742775
G1 F4457.54
G1 X112.694 Y105.486 E.00295
G1 X132.093 Y104.709 F18000
;WIDTH:0.429083
G1 F6000
G1 X132.093 Y103.825 E.02206
G1 X132.488 Y103.431 E.01393
G1 X132.488 Y104.859 E.03563
G1 X132.652 Y105.023 E.00579
G1 X132.605 Y105.127 E.00283
G1 X132.882 Y105.127 E.00691
G1 X132.882 Y103.198 E.0481
G1 X133.277 Y103.198 E.00985
G1 X133.277 Y105.127 E.0481
G1 X133.672 Y105.127 E.00985
G1 X133.672 Y103.198 E.0481
G1 X134.067 Y103.198 E.00985
G1 X134.067 Y104.95 E.04371
G1 X134.461 Y104.556 E.01393
G1 X134.461 Y103.198 E.03386
G1 X134.856 Y103.198 E.00985
G1 X134.856 Y104.165 E.02411
G1 X135.251 Y104.399 E.01145
G1 X135.251 Y103.198 E.02996
G1 X135.646 Y103.198 E.00985
G1 X135.646 Y104.634 E.03581
G1 X135.972 Y104.828 E.00948
G1 X135.895 Y105.092 E.00686
G1 X135.93 Y105.127 E.00123
G1 X136.04 Y105.127 E.00276
G1 X136.04 Y103.198 E.0481
G1 X136.435 Y103.198 E.00985
G1 X136.435 Y105.127 E.0481
G1 X136.83 Y105.127 E.00985
G1 X136.83 Y103.198 E.0481
G1 X137.225 Y103.198 E.00985
G1 X137.225 Y105.127 E.0481
G1 X137.313 Y105.127 E.00221
G1 X137.619 Y104.821 E.0108
G1 X137.619 Y103.198 E.04047
G1 X138.014 Y103.198 E.00985
G1 X138.014 Y104.397 E.0299
G1 X136.139 Y105.326 F18000
;WIDTH:0.433865
G1 F6000
G1 X136.621 Y105.809 E.01722
G1 X137.104 Y105.326 E.01722
G1 X136.199 Y105.326 E.02284
G1 X132.612 Y105.463 F18000
;WIDTH:0.682295
G1 F4873.603
G1 X132.745 Y105.438 E.00551
;WIDTH:0.633849
G1 F5267.434
G1 X132.877 Y105.414 E.0051
;WIDTH:0.585403
G1 F5730.51
G1 X133.009 Y105.39 E.00469
;WIDTH:0.582337
G1 F5762.574
G1 X133.073 Y105.407 E.00229
;WIDTH:0.624651
G1 F5349.515
G1 X133.137 Y105.424 E.00247
;WIDTH:0.666964
G1 F4991.711
G1 X133.201 Y105.442 E.00265
;WIDTH:0.688121
G1 F4830.177
G1 X133.265 Y105.459 E.00273
G1 X87.544 Y104.041 F18000
;WIDTH:0.443514
G1 F6000
G1 X86.723 Y104.041 E.02123
G1 X86.877 Y104.311 E.00804
G1 X86.856 Y104.75 E.01135
G1 X87.512 Y104.091 E.02404
G1 X88.157 Y103.644 F18000
;WIDTH:0.419999
G1 F6000
G1 X86.516 Y103.644 E.03998
G1 X86.153 Y104.007 E.0125
G1 X86.391 Y104.246 E.00822
G1 X86.5 Y104.439 E.00539
G1 X86.481 Y104.86 E.01027
G1 X86.153 Y105.594 E.01959
G1 X86.194 Y105.611 E.00109
G1 X86.849 Y105.319 E.01749
G1 X87.86 Y104.308 E.03483
G1 X88.132 Y103.699 E.01626
G1 X88.751 Y103.258 F18000
G1 F6000
G1 X86.356 Y103.258 E.05836
G1 X85.608 Y104.007 E.0258
G1 X86.098 Y104.498 E.01692
G1 X86.135 Y104.562 E.0018
G1 X86.079 Y104.812 E.00624
G1 X85.693 Y105.679 E.02312
G1 X86.093 Y106.079 E.0138
G1 X87.074 Y105.64 E.02619
G1 X88.184 Y104.528 E.0383
G1 X88.727 Y103.313 E.03242
; stop printing object pogo_receiver_coupon.stl id:0 copy 0
;LAYER_CHANGE
;Z:2.16
;HEIGHT:0.16
G92 E0 ; zero the extruded length again
; BEFORE_LAYER_CHANGE 12 @ 2.16mm
G1 E-1.75 F6000
;WIPE_START
G1 X88.319 Y104.226 E-.75
;WIPE_END
; AFTER_LAYER_CHANGE 12 @ 2.16mm
;_SET_FAN_SPEED_CHANGING_LAYER
; printing object pogo_receiver_coupon.stl id:0 copy 0
G1 F18000
G1 X88.7282 Y104.56 Z2.18857
G1 X88.7225 Y105.088 Z2.21714
G1 X88.3061 Y105.413 Z2.24571
G1 X87.7927 Y105.29 Z2.27429
G1 X87.5687 Y104.811 Z2.30286
G1 X87.8029 Y104.338 Z2.33143
G1 X88.3189 Y104.226 Z2.36
G1 X147.376 Y118.376 Z2.36
G1 X147.79 Y118.79
G1 Z2.16
G1 E2.5 F6000
M204 P1000
;TYPE:Outer wall
;WIDTH:0.42
G1 F3600
G1 X72.21 Y118.79 E1.84202
G1 X72.21 Y101.21 E.42846
G1 X147.79 Y101.21 E1.84202
G1 X147.79 Y118.73 E.42699
G1 X147.376 Y118.376 F18000
G1 X147.389 Y118.389
M204 P1500
;TYPE:Inner wall
;WIDTH:0.45
G1 F6000
G1 X72.611 Y118.389 E1.96425
G1 X72.611 Y101.611 E.44073
G1 X147.389 Y101.611 E1.96425
G1 X147.389 Y118.329 E.43916
G1 X146.974 Y117.974 F18000
G1 F6000
G1 X73.026 Y117.974 E1.94242
G1 X73.026 Y102.026 E.4189
G1 X146.974 Y102.026 E1.94242
G1 X146.974 Y117.914 E.41732
G1 X146.558 Y117.558 F18000
G1 F6000
G1 X73.442 Y117.558 E1.92058
G1 X73.442 Y102.442 E.39706
G1 X146.558 Y102.442 E1.92058
G1 X146.558 Y117.498 E.39548
G1 X146.142 Y117.142 F18000
G1 F6000
G1 X73.858 Y117.142 E1.89874
G1 X73.858 Y102.858 E.37522
G1 X146.142 Y102.858 E1.89874
G1 X146.142 Y117.082 E.37365
G1 X145.975 Y116.8 F18000
M204 P2000
;TYPE:Internal solid infill
;WIDTH:0.422925
G1 F6000
G1 X74.198 Y116.8 E1.7626
G1 X74.198 Y116.412 E.00954
G1 X145.802 Y116.412 E1.75834
G1 X145.802 Y116.023 E.00954
G1 X74.198 Y116.023 E1.75834
G1 X74.198 Y115.635 E.00954
G1 X145.802 Y115.635 E1.75834
G1 X145.802 Y115.246 E.00954
G1 X74.198 Y115.246 E1.75834
G1 X74.198 Y114.857 E.00954
G1 X145.802 Y114.857 E1.75834
G1 X145.802 Y114.469 E.00954
G1 X74.198 Y114.469 E1.75834
G1 X74.198 Y114.08 E.00954
G1 X145.802 Y114.08 E1.75834
G1 X145.802 Y113.692 E.00954
G1 X74.198 Y113.692 E1.75834
G1 X74.198 Y113.303 E.00954
G1 X145.802 Y113.303 E1.75834
G1 X145.802 Y112.914 E.00954
G1 X74.198 Y112.914 E1.75834
G1 X74.198 Y112.526 E.00954
G1 X145.802 Y112.526 E1.75834
G1 X145.802 Y112.137 E.00954
G1 X74.198 Y112.137 E1.75834
G1 X74.198 Y111.749 E.00954
G1 X145.802 Y111.749 E1.75834
G1 X145.802 Y111.36 E.00954
G1 X74.198 Y111.36 E1.75834
G1 X74.198 Y110.972 E.00954
G1 X145.802 Y110.972 E1.75834
G1 X145.802 Y110.583 E.00954
G1 X74.198 Y110.583 E1.75834
G1 X74.198 Y110.194 E.00954
G1 X145.802 Y110.194 E1.75834
G1 X145.802 Y109.806 E.00954
G1 X74.198 Y109.806 E1.75834
G1 X74.198 Y109.417 E.00954
G1 X145.802 Y109.417 E1.75834
G1 X145.802 Y109.029 E.00954
G1 X74.198 Y109.029 E1.75834
G1 X74.198 Y108.64 E.00954
G1 X145.802 Y108.64 E1.75834
G1 X145.802 Y108.251 E.00954
G1 X74.198 Y108.251 E1.75834
G1 X74.198 Y107.863 E.00954
G1 X145.802 Y107.863 E1.75834
G1 X145.802 Y107.474 E.00954
G1 X74.198 Y107.474 E1.75834
G1 X74.198 Y107.086 E.00954
G1 X145.802 Y107.086 E1.75834
G1 X145.802 Y106.697 E.00954
G1 X74.198 Y106.697 E1.75834
G1 X74.198 Y106.308 E.00954
G1 X145.802 Y106.308 E1.75834
G1 X145.802 Y105.92 E.00954
G1 X74.198 Y105.92 E1.75834
G1 X74.198 Y105.531 E.00954
G1 X145.802 Y105.531 E1.75834
G1 X145.802 Y105.143 E.00954
G1 X74.198 Y105.143 E1.75834
G1 X74.198 Y104.754 E.00954
G1 X145.802 Y104.754 E1.75834
G1 X145.802 Y104.366 E.00954
G1 X74.198 Y104.365 E1.75834
G1 X74.198 Y103.977 E.00954
G1 X145.802 Y103.977 E1.75834
G1 X145.802 Y103.588 E.00954
G1 X74.198 Y103.588 E1.75834
G1 X74.198 Y103.2 E.00954
G1 X145.975 Y103.2 E1.7626
; stop printing object pogo_receiver_coupon.stl id:0 copy 0
;LAYER_CHANGE
;Z:2.32
;HEIGHT:0.16
G92 E0 ; zero the extruded length again
; BEFORE_LAYER_CHANGE 13 @ 2.32mm
G1 E-1.75 F6000
;WIPE_START
G1 X144.975 Y103.2 E-.75
;WIPE_END
; AFTER_LAYER_CHANGE 13 @ 2.32mm
;_SET_FAN_SPEED_CHANGING_LAYER
; printing object pogo_receiver_coupon.stl id:0 copy 0
G1 F18000
G1 X144.834 Y103.709 Z2.34857
G1 X144.349 Y103.916 Z2.37714
G1 X143.884 Y103.665 Z2.40571
G1 X143.79 Y103.145 Z2.43429
G1 X144.138 Y102.748 Z2.46286
G1 X144.665 Y102.772 Z2.49143
G1 X144.975 Y103.2 Z2.52
G1 X147.376 Y116.5 Z2.52
G1 X147.376 Y118.376
G1 X147.79 Y118.79
G1 Z2.32
G1 E2.5 F6000
M204 P1000
;TYPE:Outer wall
;WIDTH:0.42
G1 F3600
G1 X72.21 Y118.79 E1.84202
G1 X72.21 Y101.21 E.42846
G1 X147.79 Y101.21 E1.84202
G1 X147.79 Y118.73 E.42699
G1 X147.376 Y118.376 F18000
G1 X147.389 Y118.389
M204 P1500
;TYPE:Inner wall
;WIDTH:0.45
G1 F6000
G1 X72.611 Y118.389 E1.96425
G1 X72.611 Y101.611 E.44073
G1 X147.389 Y101.611 E1.96425
G1 X147.389 Y118.329 E.43916
G1 X146.974 Y117.974 F18000
G1 F6000
G1 X73.026 Y117.974 E1.94242
G1 X73.026 Y102.026 E.4189
G1 X146.974 Y102.026 E1.94242
G1 X146.974 Y117.914 E.41732
G1 X146.558 Y117.558 F18000
G1 F6000
G1 X73.442 Y117.558 E1.92058
G1 X73.442 Y102.442 E.39706
G1 X146.558 Y102.442 E1.92058
G1 X146.558 Y117.498 E.39548
G1 X146.142 Y117.142 F18000
G1 F6000
G1 X73.858 Y117.142 E1.89874
G1 X73.858 Y102.858 E.37522
G1 X146.142 Y102.858 E1.89874
G1 X146.142 Y117.082 E.37365
G1 X145.801 Y116.975 F18000
M204 P2000
;TYPE:Internal solid infill
;WIDTH:0.421374
G1 F6000
G1 X145.801 Y103.198 E.33697
G1 X145.414 Y103.198 E.00947
G1 X145.414 Y116.802 E.33272
G1 X145.027 Y116.802 E.00947
G1 X145.027 Y103.198 E.33272
G1 X144.64 Y103.198 E.00947
G1 X144.64 Y116.802 E.33272
G1 X144.253 Y116.802 E.00947
G1 X144.253 Y103.198 E.33272
G1 X143.866 Y103.198 E.00947
G1 X143.866 Y116.802 E.33272
G1 X143.479 Y116.802 E.00947
G1 X143.479 Y103.198 E.33272
G1 X143.092 Y103.198 E.00947
G1 X143.092 Y116.802 E.33272
G1 X142.705 Y116.802 E.00947
G1 X142.705 Y103.198 E.33272
G1 X142.318 Y103.198 E.00947
G1 X142.318 Y116.802 E.33272
G1 X141.931 Y116.802 E.00947
G1 X141.931 Y103.198 E.33272
G1 X141.544 Y103.198 E.00947
G1 X141.544 Y116.802 E.33272
G1 X141.157 Y116.802 E.00947
G1 X141.157 Y103.198 E.33272
G1 X140.77 Y103.198 E.00947
G1 X140.77 Y116.802 E.33272
G1 X140.383 Y116.802 E.00947
G1 X140.383 Y103.198 E.33272
G1 X139.995 Y103.198 E.00947
G1 X139.995 Y116.802 E.33272
G1 X139.608 Y116.802 E.00947
G1 X139.608 Y103.198 E.33272
G1 X139.221 Y103.198 E.00947
G1 X139.221 Y116.802 E.33272
G1 X138.834 Y116.802 E.00947
G1 X138.834 Y103.198 E.33272
G1 X138.447 Y103.198 E.00947
G1 X138.447 Y116.802 E.33272
G1 X138.06 Y116.802 E.00947
G1 X138.06 Y103.198 E.33272
G1 X137.673 Y103.198 E.00947
G1 X137.673 Y116.802 E.33272
G1 X137.286 Y116.802 E.00947
G1 X137.286 Y103.198 E.33272
G1 X136.899 Y103.198 E.00947
G1 X136.899 Y116.802 E.33272
G1 X136.512 Y116.802 E.00947
G1 X136.512 Y103.198 E.33272
G1 X136.125 Y103.198 E.00947
G1 X136.125 Y116.802 E.33272
G1 X135.738 Y116.802 E.00947
G1 X135.738 Y103.198 E.33272
G1 X135.351 Y103.198 E.00947
G1 X135.351 Y116.802 E.33272
G1 X134.964 Y116.802 E.00947
G1 X134.964 Y103.198 E.33272
G1 X134.577 Y103.198 E.00947
G1 X134.577 Y116.802 E.33272
G1 X134.19 Y116.802 E.00947
G1 X134.19 Y103.198 E.33272
G1 X133.803 Y103.198 E.00947
G1 X133.803 Y116.802 E.33272
G1 X133.416 Y116.802 E.00947
G1 X133.416 Y103.198 E.33272
G1 X133.029 Y103.198 E.00947
G1 X133.029 Y116.802 E.33272
G1 X132.642 Y116.802 E.00947
G1 X132.642 Y103.198 E.33272
G1 X132.255 Y103.198 E.00947
G1 X132.255 Y116.802 E.33272
G1 X131.868 Y116.802 E.00947
G1 X131.868 Y103.198 E.33272
G1 X131.481 Y103.198 E.00947
G1 X131.481 Y116.802 E.33272
G1 X131.094 Y116.802 E.00947
G1 X131.094 Y103.198 E.33272
G1 X130.707 Y103.198 E.00947
G1 X130.707 Y116.802 E.33272
G1 X130.32 Y116.802 E.00947
G1 X130.32 Y103.198 E.33272
G1 X129.932 Y103.198 E.00947
G1 X129.932 Y116.802 E.33272
G1 X129.545 Y116.802 E.00947
G1 X129.545 Y103.198 E.33272
G1 X129.158 Y103.198 E.00947
G1 X129.158 Y116.802 E.33272
G1 X128.771 Y116.802 E.00947
G1 X128.771 Y103.198 E.33272
G1 X128.384 Y103.198 E.00947
G1 X128.384 Y116.802 E.33272
G1 X127.997 Y116.802 E.00947
G1 X127.997 Y103.198 E.33272
G1 X127.61 Y103.198 E.00947
G1 X127.61 Y116.802 E.33272
G1 X127.223 Y116.802 E.00947
G1 X127.223 Y103.198 E.33272
G1 X126.836 Y103.198 E.00947
G1 X126.836 Y116.802 E.33272
G1 X126.449 Y116.802 E.00947
G1 X126.449 Y103.198 E.33272
G1 X126.062 Y103.198 E.00947
G1 X126.062 Y116.802 E.33272
G1 X125.675 Y116.802 E.00947
G1 X125.675 Y103.198 E.33272
G1 X125.288 Y103.198 E.00947
G1 X125.288 Y116.802 E.33272
G1 X124.901 Y116.802 E.00947
G1 X124.901 Y103.198 E.33272
G1 X124.514 Y103.198 E.00947
G1 X124.514 Y116.802 E.33272
G1 X124.127 Y116.802 E.00947
G1 X124.127 Y103.198 E.33272
G1 X123.74 Y103.198 E.00947
G1 X123.74 Y116.802 E.33272
G1 X123.353 Y116.802 E.00947
G1 X123.353 Y103.198 E.33272
G1 X122.966 Y103.198 E.00947
G1 X122.966 Y116.802 E.33272
G1 X122.579 Y116.802 E.00947
G1 X122.579 Y103.198 E.33272
G1 X122.192 Y103.198 E.00947
G1 X122.192 Y116.802 E.33272
G1 X121.805 Y116.802 E.00947
G1 X121.805 Y103.198 E.33272
G1 X121.418 Y103.198 E.00947
G1 X121.418 Y116.802 E.33272
G1 X121.031 Y116.802 E.00947
G1 X121.031 Y103.198 E.33272
G1 X120.644 Y103.198 E.00947
G1 X120.644 Y116.802 E.33272
G1 X120.257 Y116.802 E.00947
G1 X120.257 Y103.198 E.33272
G1 X119.87 Y103.198 E.00947
G1 X119.87 Y116.802 E.33272
G1 X119.482 Y116.802 E.00947
G1 X119.482 Y103.198 E.33272
G1 X119.095 Y103.198 E.00947
G1 X119.095 Y116.802 E.33272
G1 X118.708 Y116.802 E.00947
G1 X118.708 Y103.198 E.33272
G1 X118.321 Y103.198 E.00947
G1 X118.321 Y116.802 E.33272
G1 X117.934 Y116.802 E.00947
G1 X117.934 Y103.198 E.33272
G1 X117.547 Y103.198 E.00947
G1 X117.547 Y116.802 E.33272
G1 X117.16 Y116.802 E.00947
G1 X117.16 Y103.198 E.33272
G1 X116.773 Y103.198 E.00947
G1 X116.773 Y116.802 E.33272
G1 X116.386 Y116.802 E.00947
G1 X116.386 Y103.198 E.33272
G1 X115.999 Y103.198 E.00947
G1 X115.999 Y116.802 E.33272
G1 X115.612 Y116.802 E.00947
G1 X115.612 Y103.198 E.33272
G1 X115.225 Y103.198 E.00947
G1 X115.225 Y116.802 E.33272
G1 X114.838 Y116.802 E.00947
G1 X114.838 Y103.198 E.33272
G1 X114.451 Y103.198 E.00947
G1 X114.451 Y116.802 E.33272
G1 X114.064 Y116.802 E.00947
G1 X114.064 Y103.198 E.33272
G1 X113.677 Y103.198 E.00947
G1 X113.677 Y116.802 E.33272
G1 X113.29 Y116.802 E.00947
G1 X113.29 Y103.198 E.33272
G1 X112.903 Y103.198 E.00947
G1 X112.903 Y116.802 E.33272
G1 X112.516 Y116.802 E.00947
G1 X112.516 Y103.198 E.33272
G1 X112.129 Y103.198 E.00947
G1 X112.129 Y116.802 E.33272
G1 X111.742 Y116.802 E.00947
G1 X111.742 Y103.198 E.33272
G1 X111.355 Y103.198 E.00947
G1 X111.355 Y116.802 E.33272
G1 X110.968 Y116.802 E.00947
G1 X110.968 Y103.198 E.33272
G1 X110.581 Y103.198 E.00947
G1 X110.581 Y116.802 E.33272
G1 X110.194 Y116.802 E.00947
G1 X110.194 Y103.198 E.33272
G1 X109.807 Y103.198 E.00947
G1 X109.807 Y116.802 E.33272
G1 X109.419 Y116.802 E.00947
G1 X109.419 Y103.198 E.33272
G1 X109.032 Y103.198 E.00947
G1 X109.032 Y116.802 E.33272
G1 X108.645 Y116.802 E.00947
G1 X108.645 Y103.198 E.33272
G1 X108.258 Y103.198 E.00947
G1 X108.258 Y116.802 E.33272
G1 X107.871 Y116.802 E.00947
G1 X107.871 Y103.198 E.33272
G1 X107.484 Y103.198 E.00947
G1 X107.484 Y116.802 E.33272
G1 X107.097 Y116.802 E.00947
G1 X107.097 Y103.198 E.33272
G1 X106.71 Y103.198 E.00947
G1 X106.71 Y116.802 E.33272
G1 X106.323 Y116.802 E.00947
G1 X106.323 Y103.198 E.33272
G1 X105.936 Y103.198 E.00947
G1 X105.936 Y116.802 E.33272
G1 X105.549 Y116.802 E.00947
G1 X105.549 Y103.198 E.33272
G1 X105.162 Y103.198 E.00947
G1 X105.162 Y116.802 E.33272
G1 X104.775 Y116.802 E.00947
G1 X104.775 Y103.198 E.33272
G1 X104.388 Y103.198 E.00947
G1 X104.388 Y116.802 E.33272
G1 X104.001 Y116.802 E.00947
G1 X104.001 Y103.198 E.33272
G1 X103.614 Y103.198 E.00947
G1 X103.614 Y116.802 E.33272
G1 X103.227 Y116.802 E.00947
G1 X103.227 Y103.198 E.33272
G1 X102.84 Y103.198 E.00947
G1 X102.84 Y116.802 E.33272
G1 X102.453 Y116.802 E.00947
G1 X102.453 Y103.198 E.33272
G1 X102.066 Y103.198 E.00947
G1 X102.066 Y116.802 E.33272
G1 X101.679 Y116.802 E.00947
G1 X101.679 Y103.198 E.33272
G1 X101.292 Y103.198 E.00947
G1 X101.292 Y116.802 E.33272
G1 X100.905 Y116.802 E.00947
G1 X100.905 Y103.198 E.33272
G1 X100.518 Y103.198 E.00947
G1 X100.518 Y116.802 E.33272
G1 X100.131 Y116.802 E.00947
G1 X100.131 Y103.198 E.33272
G1 X99.744 Y103.198 E.00947
G1 X99.744 Y116.802 E.33272
G1 X99.356 Y116.802 E.00947
G1 X99.356 Y103.198 E.33272
G1 X98.969 Y103.198 E.00947
G1 X98.969 Y116.802 E.33272
G1 X98.582 Y116.802 E.00947
G1 X98.582 Y103.198 E.33272
G1 X98.195 Y103.198 E.00947
G1 X98.195 Y116.802 E.33272
G1 X97.808 Y116.802 E.00947
G1 X97.808 Y103.198 E.33272
G1 X97.421 Y103.198 E.00947
G1 X97.421 Y116.802 E.33272
G1 X97.034 Y116.802 E.00947
G1 X97.034 Y103.198 E.33272
G1 X96.647 Y103.198 E.00947
G1 X96.647 Y116.802 E.33272
G1 X96.26 Y116.802 E.00947
G1 X96.26 Y103.198 E.33272
G1 X95.873 Y103.198 E.00947
G1 X95.873 Y116.802 E.33272
G1 X95.486 Y116.802 E.00947
G1 X95.486 Y103.198 E.33272
G1 X95.099 Y103.198 E.00947
G1 X95.099 Y116.802 E.33272
G1 X94.712 Y116.802 E.00947
G1 X94.712 Y103.198 E.33272
G1 X94.325 Y103.198 E.00947
G1 X94.325 Y116.802 E.33272
G1 X93.938 Y116.802 E.00947
G1 X93.938 Y103.198 E.33272
G1 X93.551 Y103.198 E.00947
G1 X93.551 Y116.802 E.33272
G1 X93.164 Y116.802 E.00947
G1 X93.164 Y103.198 E.33272
G1 X92.777 Y103.198 E.00947
G1 X92.777 Y116.802 E.33272
G1 X92.39 Y116.802 E.00947
G1 X92.39 Y103.198 E.33272
G1 X92.003 Y103.198 E.00947
G1 X92.003 Y116.802 E.33272
G1 X91.616 Y116.802 E.00947
G1 X91.616 Y103.198 E.33272
G1 X91.229 Y103.198 E.00947
G1 X91.229 Y116.802 E.33272
G1 X90.842 Y116.802 E.00947
G1 X90.842 Y103.198 E.33272
G1 X90.455 Y103.198 E.00947
G1 X90.455 Y116.802 E.33272
G1 X90.068 Y116.802 E.00947
G1 X90.068 Y103.198 E.33272
G1 X89.681 Y103.198 E.00947
G1 X89.681 Y116.802 E.33272
G1 X89.294 Y116.802 E.00947
G1 X89.294 Y103.198 E.33272
G1 X88.906 Y103.198 E.00947
G1 X88.906 Y116.802 E.33272
G1 X88.519 Y116.802 E.00947
G1 X88.519 Y103.198 E.33272
G1 X88.132 Y103.198 E.00947
G1 X88.132 Y116.802 E.33272
G1 X87.745 Y116.802 E.00947
G1 X87.745 Y103.198 E.33272
G1 X87.358 Y103.198 E.00947
G1 X87.358 Y116.802 E.33272
G1 X86.971 Y116.802 E.00947
G1 X86.971 Y103.198 E.33272
G1 X86.584 Y103.198 E.00947
G1 X86.584 Y116.802 E.33272
G1 X86.197 Y116.802 E.00947
G1 X86.197 Y103.198 E.33272
G1 X85.81 Y103.198 E.00947
G1 X85.81 Y116.802 E.33272
G1 X85.423 Y116.802 E.00947
G1 X85.423 Y103.198 E.33272
G1 X85.036 Y103.198 E.00947
G1 X85.036 Y116.802 E.33272
G1 X84.649 Y116.802 E.00947
G1 X84.649 Y103.198 E.33272
G1 X84.262 Y103.198 E.00947
G1 X84.262 Y116.802 E.33272
G1 X83.875 Y116.802 E.00947
G1 X83.875 Y103.198 E.33272
G1 X83.488 Y103.198 E.00947
G1 X83.488 Y116.802 E.33272
G1 X83.101 Y116.802 E.00947
G1 X83.101 Y103.198 E.33272
G1 X82.714 Y103.198 E.00947
G1 X82.714 Y116.802 E.33272
G1 X82.327 Y116.802 E.00947
G1 X82.327 Y103.198 E.33272
G1 X81.94 Y103.198 E.00947
G1 X81.94 Y116.802 E.33272
G1 X81.553 Y116.802 E.00947
G1 X81.553 Y103.198 E.33272
G1 X81.166 Y103.198 E.00947
G1 X81.166 Y116.802 E.33272
G1 X80.779 Y116.802 E.00947
G1 X80.779 Y103.198 E.33272
G1 X80.392 Y103.198 E.00947
G1 X80.392 Y116.802 E.33272
G1 X80.005 Y116.802 E.00947
G1 X80.005 Y103.198 E.33272
G1 X79.618 Y103.198 E.00947
G1 X79.618 Y116.802 E.33272
G1 X79.231 Y116.802 E.00947
G1 X79.231 Y103.198 E.33272
G1 X78.843 Y103.198 E.00947
G1 X78.843 Y116.802 E.33272
G1 X78.456 Y116.802 E.00947
G1 X78.456 Y103.198 E.33272
G1 X78.069 Y103.198 E.00947
G1 X78.069 Y116.802 E.33272
G1 X77.682 Y116.802 E.00947
G1 X77.682 Y103.198 E.33272
G1 X77.295 Y103.198 E.00947
G1 X77.295 Y116.802 E.33272
G1 X76.908 Y116.802 E.00947
G1 X76.908 Y103.198 E.33272
G1 X76.521 Y103.198 E.00947
G1 X76.521 Y116.802 E.33272
G1 X76.134 Y116.802 E.00947
G1 X76.134 Y103.198 E.33272
G1 X75.747 Y103.198 E.00947
G1 X75.747 Y116.802 E.33272
G1 X75.36 Y116.802 E.00947
G1 X75.36 Y103.198 E.33272
G1 X74.973 Y103.198 E.00947
G1 X74.973 Y116.802 E.33272
G1 X74.586 Y116.802 E.00947
G1 X74.586 Y103.198 E.33272
G1 X74.199 Y103.198 E.00947
G1 X74.199 Y116.975 E.33697
; stop printing object pogo_receiver_coupon.stl id:0 copy 0
;LAYER_CHANGE
;Z:2.48
;HEIGHT:0.16
G92 E0 ; zero the extruded length again
; BEFORE_LAYER_CHANGE 14 @ 2.48mm
G1 E-1.75 F6000
;WIPE_START
G1 X74.199 Y115.975 E-.75
;WIPE_END
; AFTER_LAYER_CHANGE 14 @ 2.48mm
;_SET_FAN_SPEED_CHANGING_LAYER
; printing object pogo_receiver_coupon.stl id:0 copy 0
G1 F18000
G1 X74.667 Y116.22 Z2.50857
G1 X74.7675 Y116.738 Z2.53714
G1 X74.425 Y117.14 Z2.56571
G1 X73.8972 Y117.123 Z2.59429
G1 X73.5817 Y116.699 Z2.62286
G1 X73.716 Y116.189 Z2.65143
G1 X74.199 Y115.975 Z2.68
G1 X147.376 Y118.376 Z2.68
G1 X147.79 Y118.79
G1 Z2.48
G1 E2.5 F6000
M204 P1000
;TYPE:Outer wall
;WIDTH:0.42
G1 F3600
G1 X72.21 Y118.79 E1.84202
G1 X72.21 Y101.21 E.42846
G1 X147.79 Y101.21 E1.84202
G1 X147.79 Y118.73 E.42699
G1 X147.376 Y118.376 F18000
G1 X147.389 Y118.389
M204 P1500
;TYPE:Inner wall
;WIDTH:0.45
G1 F6000
G1 X72.611 Y118.389 E1.96425
G1 X72.611 Y101.611 E.44073
G1 X147.389 Y101.611 E1.96425
G1 X147.389 Y118.329 E.43916
G1 X146.974 Y117.974 F18000
G1 F6000
G1 X73.026 Y117.974 E1.94242
G1 X73.026 Y102.026 E.4189
G1 X146.974 Y102.026 E1.94242
G1 X146.974 Y117.914 E.41732
G1 X146.558 Y117.558 F18000
G1 F6000
G1 X73.442 Y117.558 E1.92058
G1 X73.442 Y102.442 E.39706
G1 X146.558 Y102.442 E1.92058
G1 X146.558 Y117.498 E.39548
G1 X146.142 Y117.142 F18000
G1 F6000
G1 X73.858 Y117.142 E1.89874
G1 X73.858 Y102.858 E.37522
G1 X146.142 Y102.858 E1.89874
G1 X146.142 Y117.082 E.37365
G1 X145.975 Y116.8 F18000
M204 P2000
;TYPE:Internal solid infill
;WIDTH:0.422925
G1 F6000
G1 X74.198 Y116.8 E1.7626
G1 X74.198 Y116.412 E.00954
G1 X145.802 Y116.412 E1.75834
G1 X145.802 Y116.023 E.00954
G1 X74.198 Y116.023 E1.75834
G1 X74.198 Y115.635 E.00954
G1 X145.802 Y115.635 E1.75834
G1 X145.802 Y115.246 E.00954
G1 X74.198 Y115.246 E1.75834
G1 X74.198 Y114.857 E.00954
G1 X145.802 Y114.857 E1.75834
G1 X145.802 Y114.469 E.00954
G1 X74.198 Y114.469 E1.75834
G1 X74.198 Y114.08 E.00954
G1 X145.802 Y114.08 E1.75834
G1 X145.802 Y113.692 E.00954
G1 X74.198 Y113.692 E1.75834
G1 X74.198 Y113.303 E.00954
G1 X145.802 Y113.303 E1.75834
G1 X145.802 Y112.914 E.00954
G1 X74.198 Y112.914 E1.75834
G1 X74.198 Y112.526 E.00954
G1 X145.802 Y112.526 E1.75834
G1 X145.802 Y112.137 E.00954
G1 X74.198 Y112.137 E1.75834
G1 X74.198 Y111.749 E.00954
G1 X145.802 Y111.749 E1.75834
G1 X145.802 Y111.36 E.00954
G1 X74.198 Y111.36 E1.75834
G1 X74.198 Y110.972 E.00954
G1 X145.802 Y110.972 E1.75834
G1 X145.802 Y110.583 E.00954
G1 X74.198 Y110.583 E1.75834
G1 X74.198 Y110.194 E.00954
G1 X145.802 Y110.194 E1.75834
G1 X145.802 Y109.806 E.00954
G1 X74.198 Y109.806 E1.75834
G1 X74.198 Y109.417 E.00954
G1 X145.802 Y109.417 E1.75834
G1 X145.802 Y109.029 E.00954
G1 X74.198 Y109.029 E1.75834
G1 X74.198 Y108.64 E.00954
G1 X145.802 Y108.64 E1.75834
G1 X145.802 Y108.251 E.00954
G1 X74.198 Y108.251 E1.75834
G1 X74.198 Y107.863 E.00954
G1 X145.802 Y107.863 E1.75834
G1 X145.802 Y107.474 E.00954
G1 X74.198 Y107.474 E1.75834
G1 X74.198 Y107.086 E.00954
G1 X145.802 Y107.086 E1.75834
G1 X145.802 Y106.697 E.00954
G1 X74.198 Y106.697 E1.75834
G1 X74.198 Y106.308 E.00954
G1 X145.802 Y106.308 E1.75834
G1 X145.802 Y105.92 E.00954
G1 X74.198 Y105.92 E1.75834
G1 X74.198 Y105.531 E.00954
G1 X145.802 Y105.531 E1.75834
G1 X145.802 Y105.143 E.00954
G1 X74.198 Y105.143 E1.75834
G1 X74.198 Y104.754 E.00954
G1 X145.802 Y104.754 E1.75834
G1 X145.802 Y104.366 E.00954
G1 X74.198 Y104.365 E1.75834
G1 X74.198 Y103.977 E.00954
G1 X145.802 Y103.977 E1.75834
G1 X145.802 Y103.588 E.00954
G1 X74.198 Y103.588 E1.75834
G1 X74.198 Y103.2 E.00954
G1 X145.975 Y103.2 E1.7626
; stop printing object pogo_receiver_coupon.stl id:0 copy 0
;LAYER_CHANGE
;Z:2.64
;HEIGHT:0.16
G92 E0 ; zero the extruded length again
; BEFORE_LAYER_CHANGE 15 @ 2.64mm
G1 E-1.75 F6000
;WIPE_START
G1 X144.975 Y103.2 E-.75
;WIPE_END
; AFTER_LAYER_CHANGE 15 @ 2.64mm
;_SET_FAN_SPEED_CHANGING_LAYER
; printing object pogo_receiver_coupon.stl id:0 copy 0
G1 F18000
G1 X144.834 Y103.709 Z2.66857
G1 X144.349 Y103.916 Z2.69714
G1 X143.884 Y103.665 Z2.72571
G1 X143.79 Y103.145 Z2.75429
G1 X144.138 Y102.748 Z2.78286
G1 X144.665 Y102.772 Z2.81143
G1 X144.975 Y103.2 Z2.84
G1 X147.376 Y116.5 Z2.84
G1 X147.376 Y118.376
G1 X147.79 Y118.79
G1 Z2.64
G1 E2.5 F6000
M204 P1000
;TYPE:Outer wall
;WIDTH:0.42
G1 F3600
G1 X72.21 Y118.79 E1.84202
G1 X72.21 Y101.21 E.42846
G1 X147.79 Y101.21 E1.84202
G1 X147.79 Y118.73 E.42699
G1 X147.376 Y118.376 F18000
G1 X147.389 Y118.389
M204 P1500
;TYPE:Inner wall
;WIDTH:0.45
G1 F6000
G1 X72.611 Y118.389 E1.96425
G1 X72.611 Y101.611 E.44073
G1 X147.389 Y101.611 E1.96425
G1 X147.389 Y118.329 E.43916
G1 X146.974 Y117.974 F18000
G1 F6000
G1 X73.026 Y117.974 E1.94242
G1 X73.026 Y102.026 E.4189
G1 X146.974 Y102.026 E1.94242
G1 X146.974 Y117.914 E.41732
G1 X146.558 Y117.558 F18000
G1 F6000
G1 X73.442 Y117.558 E1.92058
G1 X73.442 Y102.442 E.39706
G1 X146.558 Y102.442 E1.92058
G1 X146.558 Y117.498 E.39548
G1 X146.142 Y117.142 F18000
G1 F6000
G1 X73.858 Y117.142 E1.89874
G1 X73.858 Y102.858 E.37522
G1 X146.142 Y102.858 E1.89874
G1 X146.142 Y117.082 E.37365
G1 X145.801 Y116.975 F18000
M204 P2000
;TYPE:Internal solid infill
;WIDTH:0.421374
G1 F6000
G1 X145.801 Y103.198 E.33697
G1 X145.414 Y103.198 E.00947
G1 X145.414 Y116.802 E.33272
G1 X145.027 Y116.802 E.00947
G1 X145.027 Y103.198 E.33272
G1 X144.64 Y103.198 E.00947
G1 X144.64 Y116.802 E.33272
G1 X144.253 Y116.802 E.00947
G1 X144.253 Y103.198 E.33272
G1 X143.866 Y103.198 E.00947
G1 X143.866 Y116.802 E.33272
G1 X143.479 Y116.802 E.00947
G1 X143.479 Y103.198 E.33272
G1 X143.092 Y103.198 E.00947
G1 X143.092 Y116.802 E.33272
G1 X142.705 Y116.802 E.00947
G1 X142.705 Y103.198 E.33272
G1 X142.318 Y103.198 E.00947
G1 X142.318 Y116.802 E.33272
G1 X141.931 Y116.802 E.00947
G1 X141.931 Y103.198 E.33272
G1 X141.544 Y103.198 E.00947
G1 X141.544 Y116.802 E.33272
G1 X141.157 Y116.802 E.00947
G1 X141.157 Y103.198 E.33272
G1 X140.77 Y103.198 E.00947
G1 X140.77 Y116.802 E.33272
G1 X140.383 Y116.802 E.00947
G1 X140.383 Y103.198 E.33272
G1 X139.995 Y103.198 E.00947
G1 X139.995 Y116.802 E.33272
G1 X139.608 Y116.802 E.00947
G1 X139.608 Y103.198 E.33272
G1 X139.221 Y103.198 E.00947
G1 X139.221 Y116.802 E.33272
G1 X138.834 Y116.802 E.00947
G1 X138.834 Y103.198 E.33272
G1 X138.447 Y103.198 E.00947
G1 X138.447 Y116.802 E.33272
G1 X138.06 Y116.802 E.00947
G1 X138.06 Y103.198 E.33272
G1 X137.673 Y103.198 E.00947
G1 X137.673 Y116.802 E.33272
G1 X137.286 Y116.802 E.00947
G1 X137.286 Y103.198 E.33272
G1 X136.899 Y103.198 E.00947
G1 X136.899 Y116.802 E.33272
G1 X136.512 Y116.802 E.00947
G1 X136.512 Y103.198 E.33272
G1 X136.125 Y103.198 E.00947
G1 X136.125 Y116.802 E.33272
G1 X135.738 Y116.802 E.00947
G1 X135.738 Y103.198 E.33272
G1 X135.351 Y103.198 E.00947
G1 X135.351 Y116.802 E.33272
G1 X134.964 Y116.802 E.00947
G1 X134.964 Y103.198 E.33272
G1 X134.577 Y103.198 E.00947
G1 X134.577 Y116.802 E.33272
G1 X134.19 Y116.802 E.00947
G1 X134.19 Y103.198 E.33272
G1 X133.803 Y103.198 E.00947
G1 X133.803 Y116.802 E.33272
G1 X133.416 Y116.802 E.00947
G1 X133.416 Y103.198 E.33272
G1 X133.029 Y103.198 E.00947
G1 X133.029 Y116.802 E.33272
G1 X132.642 Y116.802 E.00947
G1 X132.642 Y103.198 E.33272
G1 X132.255 Y103.198 E.00947
G1 X132.255 Y116.802 E.33272
G1 X131.868 Y116.802 E.00947
G1 X131.868 Y103.198 E.33272
G1 X131.481 Y103.198 E.00947
G1 X131.481 Y116.802 E.33272
G1 X131.094 Y116.802 E.00947
G1 X131.094 Y103.198 E.33272
G1 X130.707 Y103.198 E.00947
G1 X130.707 Y116.802 E.33272
G1 X130.32 Y116.802 E.00947
G1 X130.32 Y103.198 E.33272
G1 X129.932 Y103.198 E.00947
G1 X129.932 Y116.802 E.33272
G1 X129.545 Y116.802 E.00947
G1 X129.545 Y103.198 E.33272
G1 X129.158 Y103.198 E.00947
G1 X129.158 Y116.802 E.33272
G1 X128.771 Y116.802 E.00947
G1 X128.771 Y103.198 E.33272
G1 X128.384 Y103.198 E.00947
G1 X128.384 Y116.802 E.33272
G1 X127.997 Y116.802 E.00947
G1 X127.997 Y103.198 E.33272
G1 X127.61 Y103.198 E.00947
G1 X127.61 Y116.802 E.33272
G1 X127.223 Y116.802 E.00947
G1 X127.223 Y103.198 E.33272
G1 X126.836 Y103.198 E.00947
G1 X126.836 Y116.802 E.33272
G1 X126.449 Y116.802 E.00947
G1 X126.449 Y103.198 E.33272
G1 X126.062 Y103.198 E.00947
G1 X126.062 Y116.802 E.33272
G1 X125.675 Y116.802 E.00947
G1 X125.675 Y103.198 E.33272
G1 X125.288 Y103.198 E.00947
G1 X125.288 Y116.802 E.33272
G1 X124.901 Y116.802 E.00947
G1 X124.901 Y103.198 E.33272
G1 X124.514 Y103.198 E.00947
G1 X124.514 Y116.802 E.33272
G1 X124.127 Y116.802 E.00947
G1 X124.127 Y103.198 E.33272
G1 X123.74 Y103.198 E.00947
G1 X123.74 Y116.802 E.33272
G1 X123.353 Y116.802 E.00947
G1 X123.353 Y103.198 E.33272
G1 X122.966 Y103.198 E.00947
G1 X122.966 Y116.802 E.33272
G1 X122.579 Y116.802 E.00947
G1 X122.579 Y103.198 E.33272
G1 X122.192 Y103.198 E.00947
G1 X122.192 Y116.802 E.33272
G1 X121.805 Y116.802 E.00947
G1 X121.805 Y103.198 E.33272
G1 X121.418 Y103.198 E.00947
G1 X121.418 Y116.802 E.33272
G1 X121.031 Y116.802 E.00947
G1 X121.031 Y103.198 E.33272
G1 X120.644 Y103.198 E.00947
G1 X120.644 Y116.802 E.33272
G1 X120.257 Y116.802 E.00947
G1 X120.257 Y103.198 E.33272
G1 X119.87 Y103.198 E.00947
G1 X119.87 Y116.802 E.33272
G1 X119.482 Y116.802 E.00947
G1 X119.482 Y103.198 E.33272
G1 X119.095 Y103.198 E.00947
G1 X119.095 Y116.802 E.33272
G1 X118.708 Y116.802 E.00947
G1 X118.708 Y103.198 E.33272
G1 X118.321 Y103.198 E.00947
G1 X118.321 Y116.802 E.33272
G1 X117.934 Y116.802 E.00947
G1 X117.934 Y103.198 E.33272
G1 X117.547 Y103.198 E.00947
G1 X117.547 Y116.802 E.33272
G1 X117.16 Y116.802 E.00947
G1 X117.16 Y103.198 E.33272
G1 X116.773 Y103.198 E.00947
G1 X116.773 Y116.802 E.33272
G1 X116.386 Y116.802 E.00947
G1 X116.386 Y103.198 E.33272
G1 X115.999 Y103.198 E.00947
G1 X115.999 Y116.802 E.33272
G1 X115.612 Y116.802 E.00947
G1 X115.612 Y103.198 E.33272
G1 X115.225 Y103.198 E.00947
G1 X115.225 Y116.802 E.33272
G1 X114.838 Y116.802 E.00947
G1 X114.838 Y103.198 E.33272
G1 X114.451 Y103.198 E.00947
G1 X114.451 Y116.802 E.33272
G1 X114.064 Y116.802 E.00947
G1 X114.064 Y103.198 E.33272
G1 X113.677 Y103.198 E.00947
G1 X113.677 Y116.802 E.33272
G1 X113.29 Y116.802 E.00947
G1 X113.29 Y103.198 E.33272
G1 X112.903 Y103.198 E.00947
G1 X112.903 Y116.802 E.33272
G1 X112.516 Y116.802 E.00947
G1 X112.516 Y103.198 E.33272
G1 X112.129 Y103.198 E.00947
G1 X112.129 Y116.802 E.33272
G1 X111.742 Y116.802 E.00947
G1 X111.742 Y103.198 E.33272
G1 X111.355 Y103.198 E.00947
G1 X111.355 Y116.802 E.33272
G1 X110.968 Y116.802 E.00947
G1 X110.968 Y103.198 E.33272
G1 X110.581 Y103.198 E.00947
G1 X110.581 Y116.802 E.33272
G1 X110.194 Y116.802 E.00947
G1 X110.194 Y103.198 E.33272
G1 X109.807 Y103.198 E.00947
G1 X109.807 Y116.802 E.33272
G1 X109.419 Y116.802 E.00947
G1 X109.419 Y103.198 E.33272
G1 X109.032 Y103.198 E.00947
G1 X109.032 Y116.802 E.33272
G1 X108.645 Y116.802 E.00947
G1 X108.645 Y103.198 E.33272
G1 X108.258 Y103.198 E.00947
G1 X108.258 Y116.802 E.33272
G1 X107.871 Y116.802 E.00947
G1 X107.871 Y103.198 E.33272
G1 X107.484 Y103.198 E.00947
G1 X107.484 Y116.802 E.33272
G1 X107.097 Y116.802 E.00947
G1 X107.097 Y103.198 E.33272
G1 X106.71 Y103.198 E.00947
G1 X106.71 Y116.802 E.33272
G1 X106.323 Y116.802 E.00947
G1 X106.323 Y103.198 E.33272
G1 X105.936 Y103.198 E.00947
G1 X105.936 Y116.802 E.33272
G1 X105.549 Y116.802 E.00947
G1 X105.549 Y103.198 E.33272
G1 X105.162 Y103.198 E.00947
G1 X105.162 Y116.802 E.33272
G1 X104.775 Y116.802 E.00947
G1 X104.775 Y103.198 E.33272
G1 X104.388 Y103.198 E.00947
G1 X104.388 Y116.802 E.33272
G1 X104.001 Y116.802 E.00947
G1 X104.001 Y103.198 E.33272
G1 X103.614 Y103.198 E.00947
G1 X103.614 Y116.802 E.33272
G1 X103.227 Y116.802 E.00947
G1 X103.227 Y103.198 E.33272
G1 X102.84 Y103.198 E.00947
G1 X102.84 Y116.802 E.33272
G1 X102.453 Y116.802 E.00947
G1 X102.453 Y103.198 E.33272
G1 X102.066 Y103.198 E.00947
G1 X102.066 Y116.802 E.33272
G1 X101.679 Y116.802 E.00947
G1 X101.679 Y103.198 E.33272
G1 X101.292 Y103.198 E.00947
G1 X101.292 Y116.802 E.33272
G1 X100.905 Y116.802 E.00947
G1 X100.905 Y103.198 E.33272
G1 X100.518 Y103.198 E.00947
G1 X100.518 Y116.802 E.33272
G1 X100.131 Y116.802 E.00947
G1 X100.131 Y103.198 E.33272
G1 X99.744 Y103.198 E.00947
G1 X99.744 Y116.802 E.33272
G1 X99.356 Y116.802 E.00947
G1 X99.356 Y103.198 E.33272
G1 X98.969 Y103.198 E.00947
G1 X98.969 Y116.802 E.33272
G1 X98.582 Y116.802 E.00947
G1 X98.582 Y103.198 E.33272
G1 X98.195 Y103.198 E.00947
G1 X98.195 Y116.802 E.33272
G1 X97.808 Y116.802 E.00947
G1 X97.808 Y103.198 E.33272
G1 X97.421 Y103.198 E.00947
G1 X97.421 Y116.802 E.33272
G1 X97.034 Y116.802 E.00947
G1 X97.034 Y103.198 E.33272
G1 X96.647 Y103.198 E.00947
G1 X96.647 Y116.802 E.33272
G1 X96.26 Y116.802 E.00947
G1 X96.26 Y103.198 E.33272
G1 X95.873 Y103.198 E.00947
G1 X95.873 Y116.802 E.33272
G1 X95.486 Y116.802 E.00947
G1 X95.486 Y103.198 E.33272
G1 X95.099 Y103.198 E.00947
G1 X95.099 Y116.802 E.33272
G1 X94.712 Y116.802 E.00947
G1 X94.712 Y103.198 E.33272
G1 X94.325 Y103.198 E.00947
G1 X94.325 Y116.802 E.33272
G1 X93.938 Y116.802 E.00947
G1 X93.938 Y103.198 E.33272
G1 X93.551 Y103.198 E.00947
G1 X93.551 Y116.802 E.33272
G1 X93.164 Y116.802 E.00947
G1 X93.164 Y103.198 E.33272
G1 X92.777 Y103.198 E.00947
G1 X92.777 Y116.802 E.33272
G1 X92.39 Y116.802 E.00947
G1 X92.39 Y103.198 E.33272
G1 X92.003 Y103.198 E.00947
G1 X92.003 Y116.802 E.33272
G1 X91.616 Y116.802 E.00947
G1 X91.616 Y103.198 E.33272
G1 X91.229 Y103.198 E.00947
G1 X91.229 Y116.802 E.33272
G1 X90.842 Y116.802 E.00947
G1 X90.842 Y103.198 E.33272
G1 X90.455 Y103.198 E.00947
G1 X90.455 Y116.802 E.33272
G1 X90.068 Y116.802 E.00947
G1 X90.068 Y103.198 E.33272
G1 X89.681 Y103.198 E.00947
G1 X89.681 Y116.802 E.33272
G1 X89.294 Y116.802 E.00947
G1 X89.294 Y103.198 E.33272
G1 X88.906 Y103.198 E.00947
G1 X88.906 Y116.802 E.33272
G1 X88.519 Y116.802 E.00947
G1 X88.519 Y103.198 E.33272
G1 X88.132 Y103.198 E.00947
G1 X88.132 Y116.802 E.33272
G1 X87.745 Y116.802 E.00947
G1 X87.745 Y103.198 E.33272
G1 X87.358 Y103.198 E.00947
G1 X87.358 Y116.802 E.33272
G1 X86.971 Y116.802 E.00947
G1 X86.971 Y103.198 E.33272
G1 X86.584 Y103.198 E.00947
G1 X86.584 Y116.802 E.33272
G1 X86.197 Y116.802 E.00947
G1 X86.197 Y103.198 E.33272
G1 X85.81 Y103.198 E.00947
G1 X85.81 Y116.802 E.33272
G1 X85.423 Y116.802 E.00947
G1 X85.423 Y103.198 E.33272
G1 X85.036 Y103.198 E.00947
G1 X85.036 Y116.802 E.33272
G1 X84.649 Y116.802 E.00947
G1 X84.649 Y103.198 E.33272
G1 X84.262 Y103.198 E.00947
G1 X84.262 Y116.802 E.33272
G1 X83.875 Y116.802 E.00947
G1 X83.875 Y103.198 E.33272
G1 X83.488 Y103.198 E.00947
G1 X83.488 Y116.802 E.33272
G1 X83.101 Y116.802 E.00947
G1 X83.101 Y103.198 E.33272
G1 X82.714 Y103.198 E.00947
G1 X82.714 Y116.802 E.33272
G1 X82.327 Y116.802 E.00947
G1 X82.327 Y103.198 E.33272
G1 X81.94 Y103.198 E.00947
G1 X81.94 Y116.802 E.33272
G1 X81.553 Y116.802 E.00947
G1 X81.553 Y103.198 E.33272
G1 X81.166 Y103.198 E.00947
G1 X81.166 Y116.802 E.33272
G1 X80.779 Y116.802 E.00947
G1 X80.779 Y103.198 E.33272
G1 X80.392 Y103.198 E.00947
G1 X80.392 Y116.802 E.33272
G1 X80.005 Y116.802 E.00947
G1 X80.005 Y103.198 E.33272
G1 X79.618 Y103.198 E.00947
G1 X79.618 Y116.802 E.33272
G1 X79.231 Y116.802 E.00947
G1 X79.231 Y103.198 E.33272
G1 X78.843 Y103.198 E.00947
G1 X78.843 Y116.802 E.33272
G1 X78.456 Y116.802 E.00947
G1 X78.456 Y103.198 E.33272
G1 X78.069 Y103.198 E.00947
G1 X78.069 Y116.802 E.33272
G1 X77.682 Y116.802 E.00947
G1 X77.682 Y103.198 E.33272
G1 X77.295 Y103.198 E.00947
G1 X77.295 Y116.802 E.33272
G1 X76.908 Y116.802 E.00947
G1 X76.908 Y103.198 E.33272
G1 X76.521 Y103.198 E.00947
G1 X76.521 Y116.802 E.33272
G1 X76.134 Y116.802 E.00947
G1 X76.134 Y103.198 E.33272
G1 X75.747 Y103.198 E.00947
G1 X75.747 Y116.802 E.33272
G1 X75.36 Y116.802 E.00947
G1 X75.36 Y103.198 E.33272
G1 X74.973 Y103.198 E.00947
G1 X74.973 Y116.802 E.33272
G1 X74.586 Y116.802 E.00947
G1 X74.586 Y103.198 E.33272
G1 X74.199 Y103.198 E.00947
G1 X74.199 Y116.975 E.33697
; stop printing object pogo_receiver_coupon.stl id:0 copy 0
;LAYER_CHANGE
;Z:2.8
;HEIGHT:0.16
G92 E0 ; zero the extruded length again
; BEFORE_LAYER_CHANGE 16 @ 2.8mm
G1 E-1.75 F6000
;WIPE_START
G1 X74.199 Y115.975 E-.75
;WIPE_END
; AFTER_LAYER_CHANGE 16 @ 2.8mm
;_SET_FAN_SPEED_CHANGING_LAYER
; printing object pogo_receiver_coupon.stl id:0 copy 0
G1 F18000
G1 X74.667 Y116.22 Z2.82857
G1 X74.7675 Y116.738 Z2.85714
G1 X74.425 Y117.14 Z2.88571
G1 X73.8972 Y117.123 Z2.91429
G1 X73.5817 Y116.699 Z2.94286
G1 X73.716 Y116.189 Z2.97143
G1 X74.199 Y115.975 Z3
G1 X147.376 Y118.376 Z3
G1 X147.79 Y118.79
G1 Z2.8
G1 E2.5 F6000
M204 P1000
;TYPE:Outer wall
;WIDTH:0.42
G1 F3600
G1 X72.21 Y118.79 E1.84202
G1 X72.21 Y101.21 E.42846
G1 X147.79 Y101.21 E1.84202
G1 X147.79 Y118.73 E.42699
G1 X147.376 Y118.376 F18000
G1 X147.389 Y118.389
M204 P1500
;TYPE:Inner wall
;WIDTH:0.45
G1 F6000
G1 X72.611 Y118.389 E1.96425
G1 X72.611 Y101.611 E.44073
G1 X147.389 Y101.611 E1.96425
G1 X147.389 Y118.329 E.43916
G1 X146.974 Y117.974 F18000
G1 F6000
G1 X73.026 Y117.974 E1.94242
G1 X73.026 Y102.026 E.4189
G1 X146.974 Y102.026 E1.94242
G1 X146.974 Y117.914 E.41732
G1 X146.558 Y117.558 F18000
G1 F6000
G1 X73.442 Y117.558 E1.92058
G1 X73.442 Y102.442 E.39706
G1 X146.558 Y102.442 E1.92058
G1 X146.558 Y117.498 E.39548
G1 X146.142 Y117.142 F18000
G1 F6000
G1 X73.858 Y117.142 E1.89874
G1 X73.858 Y102.858 E.37522
G1 X146.142 Y102.858 E1.89874
G1 X146.142 Y117.082 E.37365
G1 X145.975 Y116.8 F18000
M204 P2000
;TYPE:Internal solid infill
;WIDTH:0.422925
G1 F6000
G1 X74.198 Y116.8 E1.7626
G1 X74.198 Y116.412 E.00954
G1 X145.802 Y116.412 E1.75834
G1 X145.802 Y116.023 E.00954
G1 X74.198 Y116.023 E1.75834
G1 X74.198 Y115.635 E.00954
G1 X145.802 Y115.635 E1.75834
G1 X145.802 Y115.246 E.00954
G1 X74.198 Y115.246 E1.75834
G1 X74.198 Y114.857 E.00954
G1 X145.802 Y114.857 E1.75834
G1 X145.802 Y114.469 E.00954
G1 X74.198 Y114.469 E1.75834
G1 X74.198 Y114.08 E.00954
G1 X145.802 Y114.08 E1.75834
G1 X145.802 Y113.692 E.00954
G1 X74.198 Y113.692 E1.75834
G1 X74.198 Y113.303 E.00954
G1 X145.802 Y113.303 E1.75834
G1 X145.802 Y112.914 E.00954
G1 X74.198 Y112.914 E1.75834
G1 X74.198 Y112.526 E.00954
G1 X145.802 Y112.526 E1.75834
G1 X145.802 Y112.137 E.00954
G1 X74.198 Y112.137 E1.75834
G1 X74.198 Y111.749 E.00954
G1 X145.802 Y111.749 E1.75834
G1 X145.802 Y111.36 E.00954
G1 X74.198 Y111.36 E1.75834
G1 X74.198 Y110.972 E.00954
G1 X145.802 Y110.972 E1.75834
G1 X145.802 Y110.583 E.00954
G1 X74.198 Y110.583 E1.75834
G1 X74.198 Y110.194 E.00954
G1 X145.802 Y110.194 E1.75834
G1 X145.802 Y109.806 E.00954
G1 X74.198 Y109.806 E1.75834
G1 X74.198 Y109.417 E.00954
G1 X145.802 Y109.417 E1.75834
G1 X145.802 Y109.029 E.00954
G1 X74.198 Y109.029 E1.75834
G1 X74.198 Y108.64 E.00954
G1 X83.377 Y108.64 E.2254
G1 X83.003 Y108.444 E.01037
G1 X82.713 Y108.251 E.00855
G1 X74.198 Y108.251 E.20909
G1 X74.198 Y107.863 E.00954
G1 X82.148 Y107.863 E.19521
G1 X81.928 Y107.696 E.00676
G1 X81.686 Y107.474 E.00807
G1 X74.198 Y107.474 E.18388
G1 X74.198 Y107.086 E.00954
G1 X81.343 Y107.086 E.17544
G1 X81.078 Y106.697 E.01154
G1 X74.198 Y106.697 E.16895
G1 X74.198 Y106.308 E.00954
G1 X80.901 Y106.308 E.16459
G1 X80.781 Y105.92 E.00999
G1 X74.198 Y105.92 E.16165
G1 X74.198 Y105.531 E.00954
G1 X80.694 Y105.531 E.15952
G1 X80.653 Y105.143 E.0096
G1 X74.198 Y105.143 E.15852
G1 X74.198 Y104.754 E.00954
G1 X80.651 Y104.754 E.15846
G1 X80.654 Y104.365 E.00954
G1 X74.198 Y104.365 E.15852
G1 X74.198 Y103.977 E.00954
G1 X80.704 Y103.977 E.15976
G1 X80.718 Y103.909 E.00171
G1 X80.638 Y103.588 E.00811
G1 X74.198 Y103.588 E.15814
G1 X74.198 Y103.2 E.00954
G1 X80.752 Y103.2 E.16093
G1 X84.577 Y108.913 F18000
;WIDTH:0.379609
G1 F6000
G1 X85.274 Y108.924 E.01521
;WIDTH:0.39339
G1 X85.596 Y108.902 E.00733
;WIDTH:0.419685
G1 X85.918 Y108.88 E.00787
G1 X86.453 Y108.918 E.01304
;WIDTH:0.374438
G1 X86.995 Y108.943 E.01168
G1 X87.696 Y108.928 E.01506
G1 X88.429 Y108.64 F18000
;WIDTH:0.422925
G1 F6000
G1 X105.68 Y108.64 E.42364
G1 X105.306 Y108.444 E.01037
G1 X105.016 Y108.251 E.00855
G1 X89.646 Y108.251 E.37744
G1 X89.886 Y108.078 E.00728
G1 X90.135 Y107.863 E.00806
G1 X104.451 Y107.863 E.35156
G1 X104.231 Y107.696 E.00676
G1 X103.989 Y107.474 E.00807
G1 X90.51 Y107.474 E.331
G1 X90.804 Y107.086 E.01196
G1 X103.646 Y107.086 E.31535
G1 X103.381 Y106.697 E.01154
G1 X91.034 Y106.697 E.30321
G1 X91.22 Y106.308 E.01058
G1 X103.204 Y106.308 E.2943
G1 X103.084 Y105.92 E.00999
G1 X91.364 Y105.92 E.2878
G1 X91.474 Y105.531 E.00991
G1 X102.998 Y105.531 E.28299
G1 X102.957 Y105.143 E.0096
G1 X91.551 Y105.143 E.28007
G1 X91.604 Y104.754 E.00963
G1 X102.954 Y104.754 E.27873
G1 X102.957 Y104.365 E.00954
G1 X91.633 Y104.365 E.27808
G1 X91.64 Y103.977 E.00954
G1 X103.007 Y103.977 E.27913
G1 X103.022 Y103.909 E.00171
G1 X102.941 Y103.588 E.00811
G1 X91.627 Y103.588 E.27784
G1 X91.59 Y103.2 E.00958
G1 X103.055 Y103.2 E.28153
G1 X106.88 Y108.913 F18000
;WIDTH:0.379608
G1 F6000
G1 X107.577 Y108.924 E.01521
;WIDTH:0.392682
G1 X107.889 Y108.903 E.00709
;WIDTH:0.416993
G1 X108.202 Y108.882 E.00757
G1 X108.85 Y108.925 E.01571
;WIDTH:0.374336
G1 X109.389 Y108.945 E.01158
G1 X109.909 Y108.934 E.01117
;WIDTH:0.390353
G1 X110.206 Y108.91 E.00672
;WIDTH:0.422386
G1 X110.504 Y108.887 E.00732
;WIDTH:0.457613
G1 X110.637 Y108.867 E.0036
;WIDTH:0.496035
G1 X110.77 Y108.848 E.00393
;WIDTH:0.534456
G1 X110.903 Y108.829 E.00425
;WIDTH:0.572878
G1 F5863.794
G1 X111.037 Y108.81 E.00458
;WIDTH:0.614237
G1 F5445.576
G1 X111.157 Y108.788 E.00447
;WIDTH:0.615261
G1 F5435.976
G1 X111.313 Y108.809 E.00578
;WIDTH:0.573012
G1 F5862.333
G1 X111.469 Y108.83 E.00536
;WIDTH:0.530762
G1 F6000
G1 X111.625 Y108.851 E.00494
;WIDTH:0.488512
G1 X111.781 Y108.872 E.00452
;WIDTH:0.446263
G1 X111.937 Y108.893 E.0041
;WIDTH:0.404013
G1 X112.093 Y108.914 E.00368
;WIDTH:0.378361
G1 X112.724 Y108.944 E.01373
G1 X113.434 Y108.926 E.01544
G1 X114.162 Y108.64 F18000
;WIDTH:0.422925
G1 F6000
G1 X129.68 Y108.64 E.38108
G1 X129.306 Y108.444 E.01038
G1 X129.016 Y108.251 E.00855
G1 X115.401 Y108.251 E.33433
G1 X115.895 Y107.863 E.01543
G1 X128.451 Y107.863 E.30833
G1 X128.231 Y107.696 E.00677
G1 X127.989 Y107.474 E.00807
G1 X116.267 Y107.474 E.28785
G1 X116.555 Y107.086 E.01187
G1 X127.646 Y107.086 E.27236
G1 X127.381 Y106.697 E.01154
G1 X116.78 Y106.697 E.26034
G1 X116.956 Y106.308 E.01047
G1 X127.204 Y106.308 E.25167
G1 X127.084 Y105.92 E.00999
G1 X117.084 Y105.92 E.24557
G1 X117.172 Y105.531 E.00979
G1 X126.998 Y105.531 E.24127
G1 X126.957 Y105.143 E.00959
G1 X117.226 Y105.143 E.23894
G1 X117.245 Y104.754 E.00955
G1 X126.955 Y104.754 E.23842
G1 X126.957 Y104.365 E.00954
G1 X117.23 Y104.365 E.23885
G1 X117.178 Y103.977 E.00963
G1 X127.007 Y103.977 E.24136
G1 X127.022 Y103.909 E.00171
G1 X126.941 Y103.588 E.00811
G1 X117.221 Y103.588 E.2387
G1 X117.281 Y103.2 E.00966
G1 X127.055 Y103.2 E.24001
G1 X127.094 Y103.199 F18000
M204 P1000
;TYPE:Top surface
;WIDTH:0.420732
G1 F1800
G1 X140.993 Y103.199 E.33939
G1 X140.993 Y103.585 E.00944
G1 X127.334 Y103.585 E.33353
G1 X127.421 Y103.898 E.00793
G1 X127.403 Y103.971 E.00185
G1 X140.963 Y103.971 E.3311
G1 X140.879 Y104.358 E.00966
G1 X127.344 Y104.358 E.33049
G1 X127.34 Y104.744 E.00944
G1 X140.734 Y104.744 E.32705
G1 X140.59 Y105.081 E.00895
G1 X140.59 Y105.131 E.00121
G1 X127.342 Y105.131 E.32348
G1 X127.387 Y105.517 E.0095
G1 X140.59 Y105.517 E.3224
G1 X140.56 Y105.903 E.00946
G1 X127.477 Y105.903 E.31944
G1 X127.611 Y106.29 E.00998
G1 X140.475 Y106.29 E.31411
G1 X140.33 Y106.676 E.01008
G1 X127.825 Y106.676 E.30534
G1 X128.135 Y107.063 E.0121
G1 X140.158 Y107.063 E.29358
G1 X139.913 Y107.449 E.01118
G1 X128.539 Y107.449 E.27773
G1 X129.092 Y107.835 E.01647
G1 X139.542 Y107.835 E.25519
G1 X139.216 Y108.062 E.00971
G1 X138.904 Y108.222 E.00854
G1 X129.702 Y108.222 E.22471
G1 X129.973 Y108.349 E.00731
G1 X130.234 Y108.443 E.00677
G1 X130.514 Y108.507 E.00702
G1 X130.859 Y108.555 E.0085
G1 X131.658 Y108.563 E.0195
G1 X131.91 Y108.534 E.0062
G1 X132.297 Y108.45 E.00967
G1 X132.751 Y108.55 E.01137
G1 X133.1 Y108.593 E.00857
G1 X133.404 Y108.608 E.00743
G1 X134.704 Y108.608 E.03174
G1 X138.848 Y108.434 F18000
M204 P2000
;TYPE:Gap infill
;WIDTH:0.0993065
G1 F6000
G1 X138.747 Y108.454 E.00043
;WIDTH:0.136688
G1 X138.645 Y108.474 E.00067
;WIDTH:0.17407
G1 X138.544 Y108.494 E.00091
;WIDTH:0.21342
G1 X138.425 Y108.515 E.00137
;WIDTH:0.25164
G1 X138.306 Y108.532 E.00164
;WIDTH:0.280224
G1 X138.22 Y108.543 E.00135
;WIDTH:0.305967
G1 X138.07 Y108.558 E.00258
;WIDTH:0.342849
G1 X137.836 Y108.579 E.00458
;WIDTH:0.372116
G1 X137.042 Y108.587 E.01696
G1 X136.626 Y108.568 E.00889
;WIDTH:0.326033
G1 X136.481 Y108.554 E.00268
;WIDTH:0.292877
G1 X136.322 Y108.535 E.00261
;WIDTH:0.254191
G1 X136.164 Y108.515 E.00222
;WIDTH:0.224789
G1 X136.091 Y108.505 E.00089
;WIDTH:0.190625
G1 X135.941 Y108.481 E.0015
;WIDTH:0.152606
G1 X135.817 Y108.458 E.00095
;WIDTH:0.138691
G1 X135.692 Y108.435 E.00084
G1 X135.181 Y108.434 F18000
;WIDTH:0.0974608
G1 F6000
G1 X135.082 Y108.452 E.0004
;WIDTH:0.132189
G1 X134.982 Y108.471 E.00062
;WIDTH:0.166918
G1 X134.883 Y108.49 E.00085
;WIDTH:0.203083
G1 X134.794 Y108.505 E.00097
G1 X134.706 Y108.628 E.00161
G1 X138.423 Y108.64 F18000
;TYPE:Internal solid infill
;WIDTH:0.422925
G1 F6000
G1 X145.802 Y108.64 E.18121
G1 X145.802 Y108.251 E.00954
G1 X139.627 Y108.251 E.15162
G1 X139.892 Y108.046 E.00823
G1 X140.075 Y107.863 E.00635
G1 X145.802 Y107.863 E.14064
G1 X145.802 Y107.474 E.00954
G1 X140.361 Y107.474 E.1336
G1 X140.577 Y107.086 E.01091
G1 X145.802 Y107.086 E.1283
G1 X145.802 Y106.697 E.00954
G1 X140.739 Y106.697 E.12433
G1 X140.87 Y106.308 E.01007
G1 X145.802 Y106.308 E.12111
G1 X145.802 Y105.92 E.00954
G1 X140.947 Y105.92 E.11921
G1 X140.976 Y105.531 E.00957
G1 X145.802 Y105.531 E.11852
G1 X145.802 Y105.143 E.00954
G1 X140.986 Y105.143 E.11825
G1 X141.147 Y104.754 E.01033
G1 X145.802 Y104.754 E.11429
G1 X145.802 Y104.366 E.00954
G1 X141.276 Y104.365 E.11113
G1 X141.352 Y103.977 E.00972
G1 X145.802 Y103.977 E.10926
G1 X145.802 Y103.588 E.00954
G1 X141.378 Y103.588 E.10862
G1 X141.378 Y103.2 E.00954
G1 X145.975 Y103.2 E.11289
G1 X130.88 Y108.913 F18000
;WIDTH:0.37961
G1 F6000
G1 X131.577 Y108.924 E.01521
;WIDTH:0.392684
G1 X131.889 Y108.903 E.00709
;WIDTH:0.417
G1 X132.202 Y108.882 E.00757
G1 X132.85 Y108.925 E.01571
;WIDTH:0.374336
G1 X133.389 Y108.945 E.01158
G1 X133.909 Y108.934 E.01118
;WIDTH:0.390323
G1 X134.176 Y108.913 E.00603
;WIDTH:0.40631
G1 X134.443 Y108.891 E.0063
G1 X136.378 Y108.883 F18000
;WIDTH:0.408461
G1 F6000
G1 X135.871 Y108.718 E.0126
G1 X135.448 Y108.527 E.01097
G1 X134.527 Y108.884 E.02336
G1 X135.037 Y108.907 E.01209
G1 X135.845 Y108.907 E.0191
G1 X136.318 Y108.886 E.01119
G1 X136.405 Y108.886 F18000
;WIDTH:0.423152
G1 F6000
G1 X136.673 Y108.904 E.00659
;WIDTH:0.383014
G1 X136.94 Y108.922 E.00591
G1 X137.678 Y108.92 E.01625
G1 X117.068 Y103.199 F18000
M204 P1000
;TYPE:Top surface
;WIDTH:0.420766
G1 F1800
G1 X103.268 Y103.199 E.337
G1 X103.334 Y103.585 E.00957
G1 X116.828 Y103.585 E.32954
G1 X116.759 Y103.838 E.00641
G1 X116.785 Y103.971 E.00332
G1 X103.403 Y103.971 E.32679
G1 X103.344 Y104.358 E.00955
G1 X116.842 Y104.358 E.32963
G1 X116.86 Y104.744 E.00945
G1 X103.34 Y104.744 E.33015
G1 X103.342 Y105.131 E.00944
G1 X116.84 Y105.131 E.32962
G1 X116.783 Y105.517 E.00954
G1 X103.387 Y105.517 E.32715
G1 X103.478 Y105.904 E.00969
G1 X116.686 Y105.904 E.32255
G1 X116.546 Y106.29 E.01003
G1 X103.611 Y106.29 E.31589
G1 X103.698 Y106.473 E.00495
G1 X103.825 Y106.677 E.00586
G1 X116.355 Y106.677 E.30597
G1 X116.1 Y107.063 E.0113
G1 X104.135 Y107.063 E.29217
G1 X104.319 Y107.258 E.00653
G1 X104.539 Y107.449 E.00713
G1 X115.766 Y107.449 E.27416
G1 X115.566 Y107.64 E.00675
G1 X115.319 Y107.836 E.00769
G1 X105.092 Y107.836 E.24975
G1 X105.466 Y108.09 E.01104
G1 X105.703 Y108.222 E.00663
G1 X114.672 Y108.222 E.21903
G1 X114.077 Y108.444 E.01552
G1 X113.748 Y108.523 E.00826
G1 X113.397 Y108.578 E.00868
G1 X112.921 Y108.609 E.01165
G1 X111.612 Y108.609 E.03195
G1 X115.335 Y108.056 F18000
M204 P2000
;TYPE:Gap infill
;WIDTH:0.265543
G1 F6000
G1 X114.86 Y108.177 E.00716
G1 X111.612 Y108.52 F18000
;WIDTH:0.205389
G1 F6000
G1 X111.417 Y108.489 E.00213
;WIDTH:0.1583
G1 X111.289 Y108.466 E.00103
;WIDTH:0.107976
G1 X111.141 Y108.442 E.0007
;WIDTH:0.10838
G1 X111.029 Y108.463 E.00053
;WIDTH:0.150333
G1 X110.918 Y108.484 E.00083
;WIDTH:0.194234
G1 X110.785 Y108.507 E.00137
;WIDTH:0.235458
G1 X110.665 Y108.525 E.00154
;WIDTH:0.271646
G1 X110.527 Y108.543 E.00208
;WIDTH:0.30371
G1 X110.396 Y108.557 E.00225
;WIDTH:0.33206
G1 X110.264 Y108.571 E.00249
;WIDTH:0.369184
G1 X109.996 Y108.593 E.00569
;WIDTH:0.407784
G1 X109.434 Y108.608 E.01328
G1 X108.892 Y108.59 E.01279
;WIDTH:0.372203
G1 X108.744 Y108.579 E.00318
;WIDTH:0.347749
G1 X108.616 Y108.566 E.00254
;WIDTH:0.322309
G1 X108.489 Y108.553 E.00233
;WIDTH:0.284827
G1 X108.324 Y108.534 E.00263
G1 X108.157 Y108.547 E.00265
;WIDTH:0.320999
G1 X107.918 Y108.571 E.00436
;WIDTH:0.371596
G1 X107.573 Y108.588 E.00736
G1 X106.735 Y108.575 E.01786
;WIDTH:0.335435
G1 X106.505 Y108.557 E.00439
;WIDTH:0.298452
G1 X106.314 Y108.537 E.00322
;WIDTH:0.259433
G1 X106.177 Y108.519 E.00196
;WIDTH:0.22213
G1 X106.061 Y108.5 E.0014
;WIDTH:0.187456
G1 X105.899 Y108.469 E.0016
;WIDTH:0.172012
G1 X105.736 Y108.438 E.00144
G1 X103.506 Y106.1 F18000
;WIDTH:0.134952
G1 F6000
G1 X103.408 Y106.15 E.0007
G1 X103.331 Y106.067 E.00072
G1 X91.377 Y103.199 F18000
M204 P1000
;TYPE:Top surface
;WIDTH:0.420732
G1 F1800
G1 X80.965 Y103.199 E.25424
G1 X81.03 Y103.585 E.00957
G1 X91.24 Y103.585 E.2493
G1 X91.255 Y103.971 E.00944
G1 X81.1 Y103.971 E.24795
G1 X81.041 Y104.358 E.00955
G1 X91.247 Y104.358 E.24922
G1 X91.217 Y104.744 E.00946
G1 X81.037 Y104.744 E.24859
G1 X81.039 Y105.131 E.00944
G1 X91.162 Y105.131 E.24719
G1 X91.078 Y105.517 E.00965
G1 X81.083 Y105.517 E.24406
G1 X81.174 Y105.903 E.00969
G1 X90.963 Y105.903 E.23901
G1 X90.808 Y106.29 E.01016
G1 X81.307 Y106.29 E.23199
G1 X81.395 Y106.473 E.00496
G1 X81.522 Y106.676 E.00585
G1 X90.605 Y106.676 E.22179
G1 X90.344 Y107.063 E.01139
G1 X81.832 Y107.063 E.20784
G1 X82.016 Y107.258 E.00654
G1 X82.235 Y107.449 E.00711
G1 X90.012 Y107.449 E.18988
G1 X89.569 Y107.835 E.01435
G1 X82.788 Y107.835 E.16556
G1 X83.163 Y108.09 E.01105
G1 X83.399 Y108.222 E.0066
G1 X88.925 Y108.222 E.13495
G1 X88.565 Y108.37 E.00951
G1 X88.295 Y108.458 E.00694
G1 X87.885 Y108.548 E.01025
G1 X87.557 Y108.591 E.00806
G1 X87.23 Y108.608 E.008
G1 X83.879 Y108.608 E.08183
G1 X90.916 Y106.47 F18000
M204 P2000
;TYPE:Gap infill
;WIDTH:0.0903078
G1 F6000
G1 X90.778 Y106.59 E.00065
G1 X89.58 Y108.052 F18000
;WIDTH:0.250083
G1 F6000
G1 X89.113 Y108.176 E.00659
G1 X83.879 Y108.535 F18000
;WIDTH:0.0966755
G1 F6000
G1 X83.433 Y108.433 E.0018
G1 X83.879 Y108.52 F18000
;WIDTH:0.204488
G1 F6000
G1 X83.735 Y108.495 E.00157
;WIDTH:0.181726
G1 X83.584 Y108.466 E.00144
;WIDTH:0.168336
G1 X83.432 Y108.437 E.00131
G1 X81.202 Y106.099 F18000
;WIDTH:0.135071
G1 F6000
G1 X81.104 Y106.15 E.0007
G1 X81.028 Y106.067 E.00072
G1 E-2.27654
;WIPE_START
G1 X81.104 Y106.15 E-.11331
G1 X81.202 Y106.099 E-.11015
;WIPE_END
G1 X83.543 Y103.086 Z3 F18000
G1 X83.959 Y102.55 Z3
G1 Z2.8
G1 E2.5 F6000
;TYPE:Ironing
;WIDTH:0.401288
;HEIGHT:0.006
G1 F900
G1 X85.901 Y102.55 E.00184
G1 X85.901 Y102.65 E.00009
G1 X84.004 Y102.65 E.0018
G1 X84.004 Y102.75 E.00009
G1 X85.901 Y102.75 E.0018
G1 X85.901 Y102.85 E.00009
G1 X84.004 Y102.85 E.0018
G1 X84.004 Y102.95 E.00009
G1 X85.946 Y102.95 E.00184
G1 X85.248 Y103.05 F18000
G1 F900
G1 X84.735 Y103.05 E.00049
G1 X84.735 Y103.15 E.00009
G1 X85.203 Y103.15 E.00044
G1 X85.203 Y103.25 E.00009
G1 X84.735 Y103.25 E.00044
G1 X84.735 Y103.35 E.00009
G1 X85.203 Y103.35 E.00044
G1 X85.203 Y103.45 E.00009
G1 X84.735 Y103.45 E.00044
G1 X84.735 Y103.55 E.00009
G1 X85.203 Y103.55 E.00044
G1 X85.203 Y103.65 E.00009
G1 X84.735 Y103.65 E.00044
G1 X84.735 Y103.75 E.00009
G1 X85.203 Y103.75 E.00044
G1 X85.203 Y103.85 E.00009
G1 X84.735 Y103.85 E.00044
G1 X84.735 Y103.95 E.00009
G1 X85.203 Y103.95 E.00044
G1 X85.203 Y104.05 E.00009
G1 X84.735 Y104.05 E.00044
G1 X84.735 Y104.15 E.00009
G1 X85.203 Y104.15 E.00044
G1 X85.203 Y104.25 E.00009
G1 X84.735 Y104.25 E.00044
G1 X84.735 Y104.35 E.00009
G1 X85.203 Y104.35 E.00044
G1 X85.203 Y104.45 E.00009
G1 X84.735 Y104.45 E.00044
G1 X84.735 Y104.55 E.00009
G1 X85.203 Y104.55 E.00044
G1 X85.203 Y104.65 E.00009
G1 X84.735 Y104.65 E.00044
G1 X84.735 Y104.75 E.00009
G1 X85.203 Y104.75 E.00044
G1 X85.203 Y104.85 E.00009
G1 X84.69 Y104.85 E.00049
G1 X84.296 Y104.65 F18000
G1 F900
G1 X84.088 Y104.65 E.0002
G1 X84.088 Y104.75 E.00009
G1 X84.358 Y104.75 E.00026
G1 X84.498 Y104.85 E.00016
G1 X84.088 Y104.85 E.00039
G1 X84.088 Y104.95 E.00009
G1 X85.203 Y104.95 E.00106
G1 X85.203 Y105.05 E.00009
G1 X84.122 Y105.05 E.00102
G1 X84.268 Y105.15 E.00017
G1 X85.203 Y105.15 E.00089
G1 X85.203 Y105.25 E.00009
G1 X84.413 Y105.25 E.00075
G1 X84.559 Y105.35 E.00017
G1 X85.203 Y105.35 E.00061
G1 X85.203 Y105.45 E.00009
G1 X84.625 Y105.45 E.00055
G1 E-1.75 F6000
;WIPE_START
G1 F900
G1 X85.203 Y105.45 E-.43369
G1 X85.203 Y105.35 E-.075
G1 X84.881 Y105.35 E-.24131
;WIPE_END
G1 X86.722 Y102.55 Z3 F18000
G1 Z2.8
G1 E2.5 F6000
G1 F900
G1 X87.458 Y102.55 E.0007
G1 X87.677 Y102.65 E.00023
G1 X86.631 Y102.65 E.00099
G1 X86.503 Y102.75 E.00015
G1 X87.806 Y102.75 E.00123
G1 X87.896 Y102.85 E.00013
G1 X86.414 Y102.85 E.00141
G1 X86.345 Y102.95 E.00011
G1 X86.765 Y102.95 E.0004
G1 X86.681 Y103.05 E.00012
G1 X86.289 Y103.05 E.00037
G1 X86.249 Y103.15 E.0001
G1 X86.624 Y103.15 E.00036
G1 X86.583 Y103.25 E.0001
G1 X86.214 Y103.25 E.00035
G1 X86.186 Y103.35 E.0001
G1 X86.552 Y103.35 E.00035
G1 X86.531 Y103.45 E.0001
G1 X86.165 Y103.45 E.00035
G1 X86.147 Y103.55 E.0001
G1 X86.514 Y103.55 E.00035
G1 X86.501 Y103.65 E.0001
G1 X86.134 Y103.65 E.00035
G1 X86.124 Y103.75 E.0001
G1 X86.493 Y103.75 E.00035
G1 X86.487 Y103.85 E.00009
G1 X86.118 Y103.85 E.00035
G1 X86.115 Y103.95 E.00009
G1 X86.485 Y103.95 E.00035
G1 X86.483 Y104.05 E.00009
G1 X86.113 Y104.05 E.00035
G1 X86.116 Y104.15 E.00009
G1 X86.485 Y104.15 E.00035
G1 X86.488 Y104.25 E.00009
G1 X86.119 Y104.25 E.00035
G1 X86.127 Y104.35 E.0001
G1 X86.495 Y104.35 E.00035
G1 X86.504 Y104.45 E.0001
G1 X86.136 Y104.45 E.00035
G1 X86.14 Y104.491 E.00004
G1 X86.15 Y104.55 E.00006
G1 X86.516 Y104.55 E.00035
G1 X86.534 Y104.65 E.0001
G1 X86.167 Y104.65 E.00035
G1 X86.174 Y104.69 E.00004
G1 X86.19 Y104.75 E.00006
G1 X86.557 Y104.75 E.00035
G1 X86.588 Y104.85 E.0001
G1 X86.217 Y104.85 E.00035
G1 X86.222 Y104.869 E.00002
G1 X86.254 Y104.95 E.00008
G1 X86.632 Y104.95 E.00036
G1 X86.694 Y105.05 E.00011
G1 X86.297 Y105.05 E.00038
G1 X86.352 Y105.15 E.00011
G1 X86.879 Y105.15 E.0005
G1 E-1.75 F6000
;WIPE_START
G1 F900
G1 X86.352 Y105.15 E-.39551
G1 X86.297 Y105.05 E-.08571
G1 X86.655 Y105.05 E-.26878
;WIPE_END
G1 X87.473 Y102.95 Z3 F18000
G1 Z2.8
G1 E2.5 F6000
G1 F900
G1 X87.966 Y102.95 E.00047
G1 X88.023 Y103.05 E.00011
G1 X87.63 Y103.05 E.00037
G1 X87.688 Y103.15 E.00011
G1 X88.064 Y103.15 E.00036
G1 X88.089 Y103.211 E.00006
G1 X88.1 Y103.25 E.00004
G1 X87.729 Y103.25 E.00035
G1 X87.76 Y103.35 E.0001
G1 X88.129 Y103.35 E.00035
G1 X88.14 Y103.389 E.00004
G1 X88.151 Y103.45 E.00006
G1 X87.782 Y103.45 E.00035
G1 X87.8 Y103.55 E.0001
G1 X88.169 Y103.55 E.00035
G1 X88.182 Y103.65 E.0001
G1 X87.813 Y103.65 E.00035
G1 X87.821 Y103.75 E.0001
G1 X88.192 Y103.75 E.00035
G1 X88.199 Y103.85 E.00009
G1 X87.828 Y103.85 E.00035
G1 X87.83 Y103.95 E.00009
G1 X88.202 Y103.95 E.00035
G1 X88.204 Y104.05 E.00009
G1 X87.832 Y104.05 E.00035
G1 X87.83 Y104.15 E.00009
G1 X88.201 Y104.15 E.00035
G1 X88.198 Y104.25 E.00009
G1 X87.827 Y104.25 E.00035
G1 X87.82 Y104.35 E.0001
G1 X88.19 Y104.35 E.00035
G1 X88.181 Y104.45 E.0001
G1 X87.812 Y104.45 E.00035
G1 X87.799 Y104.55 E.0001
G1 X88.166 Y104.55 E.00035
G1 X88.149 Y104.65 E.0001
G1 X87.781 Y104.65 E.00035
G1 X87.758 Y104.75 E.0001
G1 X88.125 Y104.75 E.00035
G1 X88.098 Y104.85 E.0001
G1 X87.728 Y104.85 E.00035
G1 X87.686 Y104.95 E.0001
G1 X88.061 Y104.95 E.00036
G1 X88.018 Y105.05 E.0001
G1 X87.624 Y105.05 E.00037
G1 X87.522 Y105.15 E.00014
G1 X87.963 Y105.15 E.00042
G1 X87.889 Y105.25 E.00012
G1 X86.426 Y105.25 E.00139
G1 X86.526 Y105.35 E.00013
G1 X87.79 Y105.35 E.0012
G1 X87.645 Y105.45 E.00017
G1 X86.586 Y105.45 E.001
G1 X86.799 Y105.55 F18000
G1 F900
G1 X87.523 Y105.55 E.00069
G1 E-1.75 F6000
;WIPE_START
G1 F900
G1 X86.799 Y105.55 E-.75
;WIPE_END
G1 X90.571 Y104.969 Z3 F18000
G1 X106.263 Y102.55 Z3
G1 Z2.8
G1 E2.5 F6000
G1 F900
G1 X108.204 Y102.55 E.00184
G1 X108.204 Y102.65 E.00009
G1 X106.308 Y102.65 E.0018
G1 X106.308 Y102.75 E.00009
G1 X108.204 Y102.75 E.0018
G1 X108.204 Y102.85 E.00009
G1 X106.308 Y102.85 E.0018
G1 X106.308 Y102.95 E.00009
G1 X108.249 Y102.95 E.00184
G1 X107.551 Y103.05 F18000
G1 F900
G1 X107.038 Y103.05 E.00049
G1 X107.038 Y103.15 E.00009
G1 X107.506 Y103.15 E.00044
G1 X107.506 Y103.25 E.00009
G1 X107.038 Y103.25 E.00044
G1 X107.038 Y103.35 E.00009
G1 X107.506 Y103.35 E.00044
G1 X107.506 Y103.45 E.00009
G1 X107.038 Y103.45 E.00044
G1 X107.038 Y103.55 E.00009
G1 X107.506 Y103.55 E.00044
G1 X107.506 Y103.65 E.00009
G1 X107.038 Y103.65 E.00044
G1 X107.038 Y103.75 E.00009
G1 X107.506 Y103.75 E.00044
G1 X107.506 Y103.85 E.00009
G1 X107.038 Y103.85 E.00044
G1 X107.038 Y103.95 E.00009
G1 X107.506 Y103.95 E.00044
G1 X107.506 Y104.05 E.00009
G1 X107.038 Y104.05 E.00044
G1 X107.038 Y104.15 E.00009
G1 X107.506 Y104.15 E.00044
G1 X107.506 Y104.25 E.00009
G1 X107.038 Y104.25 E.00044
G1 X107.038 Y104.35 E.00009
G1 X107.506 Y104.35 E.00044
G1 X107.506 Y104.45 E.00009
G1 X107.038 Y104.45 E.00044
G1 X107.038 Y104.55 E.00009
G1 X107.506 Y104.55 E.00044
G1 X107.506 Y104.65 E.00009
G1 X107.038 Y104.65 E.00044
G1 X107.038 Y104.75 E.00009
G1 X107.506 Y104.75 E.00044
G1 X107.506 Y104.85 E.00009
G1 X106.993 Y104.85 E.00049
G1 X106.599 Y104.65 F18000
G1 F900
G1 X106.391 Y104.65 E.0002
G1 X106.391 Y104.75 E.00009
G1 X106.662 Y104.75 E.00026
G1 X106.802 Y104.85 E.00016
G1 X106.391 Y104.85 E.00039
G1 X106.391 Y104.95 E.00009
G1 X107.506 Y104.95 E.00106
G1 X107.506 Y105.05 E.00009
G1 X106.426 Y105.05 E.00102
G1 X106.571 Y105.15 E.00017
G1 X107.506 Y105.15 E.00089
G1 X107.506 Y105.25 E.00009
G1 X106.717 Y105.25 E.00075
G1 X106.862 Y105.35 E.00017
G1 X107.506 Y105.35 E.00061
G1 X107.506 Y105.45 E.00009
G1 X106.928 Y105.45 E.00055
G1 E-1.75 F6000
;WIPE_START
G1 F900
G1 X107.506 Y105.45 E-.43369
G1 X107.506 Y105.35 E-.075
G1 X107.184 Y105.35 E-.24131
;WIPE_END
G1 X109.025 Y102.55 Z3 F18000
G1 Z2.8
G1 E2.5 F6000
G1 F900
G1 X109.762 Y102.55 E.0007
G1 X109.98 Y102.65 E.00023
G1 X108.934 Y102.65 E.00099
G1 X108.806 Y102.75 E.00015
G1 X110.109 Y102.75 E.00123
G1 X110.199 Y102.85 E.00013
G1 X108.717 Y102.85 E.00141
G1 X108.648 Y102.95 E.00011
G1 X109.068 Y102.95 E.0004
G1 X108.984 Y103.05 E.00012
G1 X108.593 Y103.05 E.00037
G1 X108.552 Y103.15 E.0001
G1 X108.927 Y103.15 E.00036
G1 X108.886 Y103.25 E.0001
G1 X108.517 Y103.25 E.00035
G1 X108.489 Y103.35 E.0001
G1 X108.855 Y103.35 E.00035
G1 X108.834 Y103.45 E.0001
G1 X108.468 Y103.45 E.00035
G1 X108.45 Y103.55 E.0001
G1 X108.817 Y103.55 E.00035
G1 X108.804 Y103.65 E.0001
G1 X108.438 Y103.65 E.00035
G1 X108.428 Y103.75 E.0001
G1 X108.797 Y103.75 E.00035
G1 X108.79 Y103.85 E.00009
G1 X108.421 Y103.85 E.00035
G1 X108.419 Y103.95 E.00009
G1 X108.788 Y103.95 E.00035
G1 X108.787 Y104.05 E.00009
G1 X108.416 Y104.05 E.00035
G1 X108.419 Y104.15 E.00009
G1 X108.789 Y104.15 E.00035
G1 X108.791 Y104.25 E.00009
G1 X108.422 Y104.25 E.00035
G1 X108.43 Y104.35 E.0001
G1 X108.798 Y104.35 E.00035
G1 X108.807 Y104.45 E.0001
G1 X108.439 Y104.45 E.00035
G1 X108.443 Y104.491 E.00004
G1 X108.453 Y104.55 E.00006
G1 X108.82 Y104.55 E.00035
G1 X108.838 Y104.65 E.0001
G1 X108.47 Y104.65 E.00035
G1 X108.477 Y104.69 E.00004
G1 X108.494 Y104.75 E.00006
G1 X108.86 Y104.75 E.00035
G1 X108.891 Y104.85 E.0001
G1 X108.52 Y104.85 E.00035
G1 X108.526 Y104.869 E.00002
G1 X108.557 Y104.95 E.00008
G1 X108.935 Y104.95 E.00036
G1 X108.998 Y105.05 E.00011
G1 X108.6 Y105.05 E.00038
G1 X108.655 Y105.15 E.00011
G1 X109.183 Y105.15 E.0005
G1 E-1.75 F6000
;WIPE_START
G1 F900
G1 X108.655 Y105.15 E-.39553
G1 X108.6 Y105.05 E-.08573
G1 X108.958 Y105.05 E-.26874
;WIPE_END
G1 X109.776 Y102.95 Z3 F18000
G1 Z2.8
G1 E2.5 F6000
G1 F900
G1 X110.269 Y102.95 E.00047
G1 X110.326 Y103.05 E.00011
G1 X109.934 Y103.05 E.00037
G1 X109.991 Y103.15 E.00011
G1 X110.367 Y103.15 E.00036
G1 X110.392 Y103.211 E.00006
G1 X110.404 Y103.25 E.00004
G1 X110.033 Y103.25 E.00035
G1 X110.064 Y103.35 E.0001
G1 X110.432 Y103.35 E.00035
G1 X110.443 Y103.389 E.00004
G1 X110.454 Y103.45 E.00006
G1 X110.086 Y103.45 E.00035
G1 X110.103 Y103.55 E.0001
G1 X110.473 Y103.55 E.00035
G1 X110.485 Y103.65 E.0001
G1 X110.117 Y103.65 E.00035
G1 X110.125 Y103.75 E.0001
G1 X110.495 Y103.75 E.00035
G1 X110.502 Y103.85 E.00009
G1 X110.131 Y103.85 E.00035
G1 X110.134 Y103.95 E.00009
G1 X110.505 Y103.95 E.00035
G1 X110.507 Y104.05 E.00009
G1 X110.135 Y104.05 E.00035
G1 X110.133 Y104.15 E.00009
G1 X110.504 Y104.15 E.00035
G1 X110.501 Y104.25 E.00009
G1 X110.13 Y104.25 E.00035
G1 X110.124 Y104.35 E.0001
G1 X110.493 Y104.35 E.00035
G1 X110.484 Y104.45 E.0001
G1 X110.115 Y104.45 E.00035
G1 X110.102 Y104.55 E.0001
G1 X110.47 Y104.55 E.00035
G1 X110.452 Y104.65 E.0001
G1 X110.084 Y104.65 E.00035
G1 X110.062 Y104.75 E.0001
G1 X110.429 Y104.75 E.00035
G1 X110.402 Y104.85 E.0001
G1 X110.032 Y104.85 E.00035
G1 X109.989 Y104.95 E.0001
G1 X110.364 Y104.95 E.00036
G1 X110.321 Y105.05 E.0001
G1 X109.927 Y105.05 E.00037
G1 X109.825 Y105.15 E.00014
G1 X110.266 Y105.15 E.00042
G1 X110.192 Y105.25 E.00012
G1 X108.73 Y105.25 E.00139
G1 X108.829 Y105.35 E.00013
G1 X110.093 Y105.35 E.0012
G1 X109.948 Y105.45 E.00017
G1 X108.89 Y105.45 E.001
G1 X109.102 Y105.55 F18000
G1 F900
G1 X109.826 Y105.55 E.00069
G1 E-1.75 F6000
;WIPE_START
G1 F900
G1 X109.102 Y105.55 E-.75
;WIPE_END
G1 X111.438 Y102.55 Z3 F18000
G1 Z2.8
G1 E2.5 F6000
G1 F900
G1 X110.897 Y102.55 E.00051
G1 X110.897 Y102.65 E.00009
G1 X111.393 Y102.65 E.00047
G1 X111.393 Y102.75 E.00009
G1 X110.897 Y102.75 E.00047
G1 X110.897 Y102.85 E.00009
G1 X111.393 Y102.85 E.00047
G1 X111.393 Y102.95 E.00009
G1 X110.897 Y102.95 E.00047
G1 X110.897 Y103.05 E.00009
G1 X111.438 Y103.05 E.00051
G1 E-1.75 F6000
;WIPE_START
G1 F900
G1 X110.897 Y103.05 E-.40626
G1 X110.897 Y102.95 E-.075
G1 X111.255 Y102.95 E-.26874
;WIPE_END
G1 X113.899 Y102.55 Z3 F18000
G1 Z2.8
G1 E2.5 F6000
G1 F900
G1 X111.856 Y102.55 E.00194
G1 X111.856 Y102.65 E.00009
G1 X113.854 Y102.65 E.00189
G1 X113.854 Y102.75 E.00009
G1 X111.856 Y102.75 E.00189
G1 X111.856 Y102.85 E.00009
G1 X113.854 Y102.85 E.00189
G1 X113.854 Y102.95 E.00009
G1 X111.896 Y102.95 E.00186
G1 X111.946 Y103.05 E.00011
G1 X112.448 Y103.05 E.00048
G1 X112.527 Y103.15 E.00012
G1 X112.006 Y103.15 E.00049
G1 X112.074 Y103.25 E.00011
G1 X112.62 Y103.25 E.00052
G1 X112.727 Y103.35 E.00014
G1 X112.156 Y103.35 E.00054
G1 X112.244 Y103.45 E.00013
G1 X112.837 Y103.45 E.00056
G1 X112.956 Y103.55 E.00015
G1 X112.342 Y103.55 E.00058
G1 X112.449 Y103.65 E.00014
G1 X113.075 Y103.65 E.00059
G1 X113.194 Y103.75 E.00015
G1 X112.563 Y103.75 E.0006
G1 X112.682 Y103.85 E.00015
G1 X113.309 Y103.85 E.00059
G1 X113.416 Y103.95 E.00014
G1 X112.805 Y103.95 E.00058
G1 X112.927 Y104.05 E.00015
G1 X113.512 Y104.05 E.00055
G1 X113.594 Y104.15 E.00012
G1 X113.037 Y104.15 E.00053
G1 X113.134 Y104.25 E.00013
G1 X113.663 Y104.25 E.0005
G1 X113.718 Y104.35 E.00011
G1 X113.213 Y104.35 E.00048
G1 X113.273 Y104.45 E.00011
G1 X113.76 Y104.45 E.00046
G1 X113.79 Y104.55 E.0001
G1 X113.312 Y104.55 E.00045
G1 X113.33 Y104.65 E.0001
G1 X113.805 Y104.65 E.00045
G1 X113.808 Y104.75 E.00009
G1 X113.331 Y104.75 E.00045
G1 X113.318 Y104.85 E.0001
G1 X113.803 Y104.85 E.00046
G1 X113.785 Y104.95 E.0001
G1 X113.28 Y104.95 E.00048
G1 X113.199 Y105.05 E.00012
G1 X113.803 Y105.05 E.00057
G1 E-1.75 F6000
;WIPE_START
G1 F900
G1 X113.199 Y105.05 E-.45308
G1 X113.28 Y104.95 E-.09646
G1 X113.547 Y104.95 E-.20046
;WIPE_END
G1 X112.398 Y104.75 Z3 F18000
G1 Z2.8
G1 E2.5 F6000
G1 F900
G1 X111.87 Y104.75 E.0005
G1 X111.888 Y104.85 E.0001
G1 X112.376 Y104.85 E.00046
G1 X112.426 Y104.95 E.00011
G1 X111.914 Y104.95 E.00048
G1 X111.954 Y105.05 E.0001
G1 X112.599 Y105.05 E.00061
G1 X111.956 Y105.15 F18000
G1 F900
G1 X113.711 Y105.15 E.00166
G1 X113.646 Y105.25 E.00011
G1 X112.085 Y105.25 E.00148
G1 X112.191 Y105.35 E.00014
G1 X113.549 Y105.35 E.00129
G1 X113.394 Y105.45 E.00017
G1 X112.256 Y105.45 E.00108
G1 X112.479 Y105.55 F18000
G1 F900
G1 X113.265 Y105.55 E.00074
G1 E-1.75 F6000
;WIPE_START
G1 F900
G1 X112.479 Y105.55 E-.75
;WIPE_END
G1 X116.243 Y104.915 Z3 F18000
G1 X130.263 Y102.55 Z3
G1 Z2.8
G1 E2.5 F6000
G1 F900
G1 X132.204 Y102.55 E.00184
G1 X132.204 Y102.65 E.00009
G1 X130.308 Y102.65 E.0018
G1 X130.308 Y102.75 E.00009
G1 X132.204 Y102.75 E.0018
G1 X132.204 Y102.85 E.00009
G1 X130.308 Y102.85 E.0018
G1 X130.308 Y102.95 E.00009
G1 X132.249 Y102.95 E.00184
G1 X131.551 Y103.05 F18000
G1 F900
G1 X131.038 Y103.05 E.00049
G1 X131.038 Y103.15 E.00009
G1 X131.506 Y103.15 E.00044
G1 X131.506 Y103.25 E.00009
G1 X131.038 Y103.25 E.00044
G1 X131.038 Y103.35 E.00009
G1 X131.506 Y103.35 E.00044
G1 X131.506 Y103.45 E.00009
G1 X131.038 Y103.45 E.00044
G1 X131.038 Y103.55 E.00009
G1 X131.506 Y103.55 E.00044
G1 X131.506 Y103.65 E.00009
G1 X131.038 Y103.65 E.00044
G1 X131.038 Y103.75 E.00009
G1 X131.506 Y103.75 E.00044
G1 X131.506 Y103.85 E.00009
G1 X131.038 Y103.85 E.00044
G1 X131.038 Y103.95 E.00009
G1 X131.506 Y103.95 E.00044
G1 X131.506 Y104.05 E.00009
G1 X131.038 Y104.05 E.00044
G1 X131.038 Y104.15 E.00009
G1 X131.506 Y104.15 E.00044
G1 X131.506 Y104.25 E.00009
G1 X131.038 Y104.25 E.00044
G1 X131.038 Y104.35 E.00009
G1 X131.506 Y104.35 E.00044
G1 X131.506 Y104.45 E.00009
G1 X131.038 Y104.45 E.00044
G1 X131.038 Y104.55 E.00009
G1 X131.506 Y104.55 E.00044
G1 X131.506 Y104.65 E.00009
G1 X131.038 Y104.65 E.00044
G1 X131.038 Y104.75 E.00009
G1 X131.506 Y104.75 E.00044
G1 X131.506 Y104.85 E.00009
G1 X130.993 Y104.85 E.00049
G1 X130.599 Y104.65 F18000
G1 F900
G1 X130.391 Y104.65 E.0002
G1 X130.391 Y104.75 E.00009
G1 X130.662 Y104.75 E.00026
G1 X130.802 Y104.85 E.00016
G1 X130.391 Y104.85 E.00039
G1 X130.391 Y104.95 E.00009
G1 X131.506 Y104.95 E.00106
G1 X131.506 Y105.05 E.00009
G1 X130.426 Y105.05 E.00102
G1 X130.571 Y105.15 E.00017
G1 X131.506 Y105.15 E.00089
G1 X131.506 Y105.25 E.00009
G1 X130.717 Y105.25 E.00075
G1 X130.862 Y105.35 E.00017
G1 X131.506 Y105.35 E.00061
G1 X131.506 Y105.45 E.00009
G1 X130.928 Y105.45 E.00055
G1 E-1.75 F6000
;WIPE_START
G1 F900
G1 X131.506 Y105.45 E-.43368
G1 X131.506 Y105.35 E-.075
G1 X131.184 Y105.35 E-.24132
;WIPE_END
G1 X133.025 Y102.55 Z3 F18000
G1 Z2.8
G1 E2.5 F6000
G1 F900
G1 X133.762 Y102.55 E.0007
G1 X133.98 Y102.65 E.00023
G1 X132.934 Y102.65 E.00099
G1 X132.806 Y102.75 E.00015
G1 X134.109 Y102.75 E.00123
G1 X134.199 Y102.85 E.00013
G1 X132.717 Y102.85 E.00141
G1 X132.648 Y102.95 E.00011
G1 X133.068 Y102.95 E.0004
G1 X132.984 Y103.05 E.00012
G1 X132.593 Y103.05 E.00037
G1 X132.552 Y103.15 E.0001
G1 X132.927 Y103.15 E.00036
G1 X132.886 Y103.25 E.0001
G1 X132.517 Y103.25 E.00035
G1 X132.49 Y103.35 E.0001
G1 X132.855 Y103.35 E.00035
G1 X132.834 Y103.45 E.0001
G1 X132.468 Y103.45 E.00035
G1 X132.45 Y103.55 E.0001
G1 X132.817 Y103.55 E.00035
G1 X132.804 Y103.65 E.0001
G1 X132.438 Y103.65 E.00035
G1 X132.428 Y103.75 E.0001
G1 X132.797 Y103.75 E.00035
G1 X132.79 Y103.85 E.00009
G1 X132.421 Y103.85 E.00035
G1 X132.418 Y103.95 E.00009
G1 X132.788 Y103.95 E.00035
G1 X132.787 Y104.05 E.00009
G1 X132.416 Y104.05 E.00035
G1 X132.419 Y104.15 E.00009
G1 X132.789 Y104.15 E.00035
G1 X132.791 Y104.25 E.00009
G1 X132.422 Y104.25 E.00035
G1 X132.43 Y104.35 E.0001
G1 X132.798 Y104.35 E.00035
G1 X132.807 Y104.45 E.0001
G1 X132.439 Y104.45 E.00035
G1 X132.443 Y104.491 E.00004
G1 X132.453 Y104.55 E.00006
G1 X132.82 Y104.55 E.00035
G1 X132.838 Y104.65 E.0001
G1 X132.471 Y104.65 E.00035
G1 X132.477 Y104.69 E.00004
G1 X132.494 Y104.75 E.00006
G1 X132.86 Y104.75 E.00035
G1 X132.891 Y104.85 E.0001
G1 X132.52 Y104.85 E.00035
G1 X132.526 Y104.869 E.00002
G1 X132.557 Y104.95 E.00008
G1 X132.935 Y104.95 E.00036
G1 X132.998 Y105.05 E.00011
G1 X132.6 Y105.05 E.00038
G1 X132.655 Y105.15 E.00011
G1 X133.183 Y105.15 E.0005
G1 E-1.75 F6000
;WIPE_START
G1 F900
G1 X132.655 Y105.15 E-.39552
G1 X132.6 Y105.05 E-.08574
G1 X132.958 Y105.05 E-.26874
;WIPE_END
G1 X133.776 Y102.95 Z3 F18000
G1 Z2.8
G1 E2.5 F6000
G1 F900
G1 X134.269 Y102.95 E.00047
G1 X134.326 Y103.05 E.00011
G1 X133.934 Y103.05 E.00037
G1 X133.991 Y103.15 E.00011
G1 X134.368 Y103.15 E.00036
G1 X134.392 Y103.211 E.00006
G1 X134.404 Y103.25 E.00004
G1 X134.033 Y103.25 E.00035
G1 X134.064 Y103.35 E.0001
G1 X134.432 Y103.35 E.00035
G1 X134.443 Y103.389 E.00004
G1 X134.454 Y103.45 E.00006
G1 X134.086 Y103.45 E.00035
G1 X134.103 Y103.55 E.0001
G1 X134.473 Y103.55 E.00035
G1 X134.485 Y103.65 E.0001
G1 X134.116 Y103.65 E.00035
G1 X134.125 Y103.75 E.0001
G1 X134.495 Y103.75 E.00035
G1 X134.502 Y103.85 E.00009
G1 X134.131 Y103.85 E.00035
G1 X134.134 Y103.95 E.00009
G1 X134.505 Y103.95 E.00035
G1 X134.507 Y104.05 E.00009
G1 X134.135 Y104.05 E.00035
G1 X134.133 Y104.15 E.00009
G1 X134.504 Y104.15 E.00035
G1 X134.501 Y104.25 E.00009
G1 X134.13 Y104.25 E.00035
G1 X134.124 Y104.35 E.0001
G1 X134.493 Y104.35 E.00035
G1 X134.484 Y104.45 E.0001
G1 X134.115 Y104.45 E.00035
G1 X134.102 Y104.55 E.0001
G1 X134.47 Y104.55 E.00035
G1 X134.452 Y104.65 E.0001
G1 X134.084 Y104.65 E.00035
G1 X134.062 Y104.75 E.0001
G1 X134.429 Y104.75 E.00035
G1 X134.402 Y104.85 E.0001
G1 X134.032 Y104.85 E.00035
G1 X133.989 Y104.95 E.0001
G1 X134.364 Y104.95 E.00036
G1 X134.321 Y105.05 E.0001
G1 X133.927 Y105.05 E.00037
G1 X133.825 Y105.15 E.00014
G1 X134.266 Y105.15 E.00042
G1 X134.192 Y105.25 E.00012
G1 X132.73 Y105.25 E.00139
G1 X132.829 Y105.35 E.00013
G1 X134.093 Y105.35 E.0012
G1 X133.948 Y105.45 E.00017
G1 X132.89 Y105.45 E.001
G1 X133.102 Y105.55 F18000
G1 F900
G1 X133.826 Y105.55 E.00069
G1 E-1.75 F6000
;WIPE_START
G1 F900
G1 X133.102 Y105.55 E-.75
;WIPE_END
G1 X135.438 Y102.55 Z3 F18000
G1 Z2.8
G1 E2.5 F6000
G1 F900
G1 X134.897 Y102.55 E.00051
G1 X134.897 Y102.65 E.00009
G1 X135.393 Y102.65 E.00047
G1 X135.393 Y102.75 E.00009
G1 X134.897 Y102.75 E.00047
G1 X134.897 Y102.85 E.00009
G1 X135.393 Y102.85 E.00047
G1 X135.393 Y102.95 E.00009
G1 X134.897 Y102.95 E.00047
G1 X134.897 Y103.05 E.00009
G1 X135.438 Y103.05 E.00051
G1 E-1.75 F6000
;WIPE_START
G1 F900
G1 X134.897 Y103.05 E-.40626
G1 X134.897 Y102.95 E-.075
G1 X135.255 Y102.95 E-.26874
;WIPE_END
G1 X137.048 Y102.55 Z3 F18000
G1 Z2.8
G1 E2.5 F6000
G1 F900
G1 X137.539 Y102.55 E.00047
G1 X137.539 Y102.65 E.00009
G1 X137.093 Y102.65 E.00042
G1 X137.093 Y102.75 E.00009
G1 X137.539 Y102.75 E.00042
G1 X137.539 Y102.85 E.00009
G1 X137.093 Y102.85 E.00042
G1 X137.093 Y102.95 E.00009
G1 X137.539 Y102.95 E.00042
G1 X137.539 Y103.05 E.00009
G1 X137.093 Y103.05 E.00042
G1 X137.093 Y103.15 E.00009
G1 X137.584 Y103.15 E.00047
G1 X137.987 Y103.25 F18000
G1 F900
G1 X135.742 Y103.25 E.00213
G1 X135.742 Y103.35 E.00009
G1 X137.942 Y103.35 E.00208
G1 X137.942 Y103.45 E.00009
G1 X135.742 Y103.45 E.00208
G1 X135.743 Y103.55 E.00009
G1 X136.077 Y103.55 E.00032
G1 X136.152 Y103.65 E.00012
G1 X135.811 Y103.65 E.00032
G1 X135.879 Y103.75 E.00011
G1 X136.226 Y103.75 E.00033
G1 X136.295 Y103.85 E.00011
G1 X135.947 Y103.85 E.00033
G1 X136.015 Y103.95 E.00011
G1 X136.362 Y103.95 E.00033
G1 X136.43 Y104.05 E.00011
G1 X136.083 Y104.05 E.00033
G1 X136.151 Y104.15 E.00011
G1 X136.498 Y104.15 E.00033
G1 X136.566 Y104.25 E.00011
G1 X136.219 Y104.25 E.00033
G1 X136.287 Y104.35 E.00011
G1 X136.634 Y104.35 E.00033
G1 X136.702 Y104.45 E.00011
G1 X136.354 Y104.45 E.00033
G1 X136.422 Y104.55 E.00011
G1 X136.77 Y104.55 E.00033
G1 X136.837 Y104.65 E.00011
G1 X136.49 Y104.65 E.00033
G1 X136.558 Y104.75 E.00011
G1 X136.905 Y104.75 E.00033
G1 X136.972 Y104.85 E.00011
G1 X136.626 Y104.85 E.00033
G1 X136.694 Y104.95 E.00011
G1 X137.083 Y104.95 E.00037
G1 E-1.75 F6000
;WIPE_START
G1 F900
G1 X136.694 Y104.95 E-.29147
G1 X136.626 Y104.85 E-.09065
G1 X136.972 Y104.85 E-.25963
G1 X136.905 Y104.75 E-.09023
G1 X136.881 Y104.75 E-.01802
;WIPE_END
G1 X137.148 Y103.55 Z3 F18000
G1 Z2.8
G1 E2.5 F6000
G1 F900
G1 X137.987 Y103.55 E.00079
G1 X137.584 Y103.65 F18000
G1 F900
G1 X137.193 Y103.65 E.00037
G1 X137.193 Y103.75 E.00009
G1 X137.539 Y103.75 E.00033
G1 X137.539 Y103.85 E.00009
G1 X137.193 Y103.85 E.00033
G1 X137.193 Y103.95 E.00009
G1 X137.539 Y103.95 E.00033
G1 X137.539 Y104.05 E.00009
G1 X137.193 Y104.05 E.00033
G1 X137.193 Y104.15 E.00009
G1 X137.539 Y104.15 E.00033
G1 X137.539 Y104.25 E.00009
G1 X137.193 Y104.25 E.00033
G1 X137.193 Y104.35 E.00009
G1 X137.539 Y104.35 E.00033
G1 X137.539 Y104.45 E.00009
G1 X137.193 Y104.45 E.00033
G1 X137.193 Y104.55 E.00009
G1 X137.539 Y104.55 E.00033
G1 X137.539 Y104.65 E.00009
G1 X137.193 Y104.65 E.00033
G1 X137.193 Y104.75 E.00009
G1 X137.539 Y104.75 E.00033
G1 X137.539 Y104.85 E.00009
G1 X137.193 Y104.85 E.00033
G1 X137.193 Y104.95 E.00009
G1 X137.539 Y104.95 E.00033
G1 X137.539 Y105.05 E.00009
G1 X137.193 Y105.05 E.00033
G1 X137.193 Y105.092 E.00004
G1 X137.118 Y105.111 E.00007
G1 X137.085 Y105.05 E.00007
G1 X136.762 Y105.05 E.00031
G1 X136.83 Y105.15 E.00011
G1 X137.539 Y105.15 E.00067
G1 X137.539 Y105.25 E.00009
G1 X136.898 Y105.25 E.00061
G1 X136.965 Y105.35 E.00011
G1 X137.539 Y105.35 E.00054
G1 X137.539 Y105.45 E.00009
G1 X136.979 Y105.45 E.00053
; stop printing object pogo_receiver_coupon.stl id:0 copy 0
;LAYER_CHANGE
;Z:2.96
;HEIGHT:0.16
G92 E0 ; zero the extruded length again
; BEFORE_LAYER_CHANGE 17 @ 2.96mm
G1 E-1.75 F6000
;WIPE_START
G1 F900
G1 X137.539 Y105.45 E-.42
G1 X137.539 Y105.35 E-.075
G1 X137.199 Y105.35 E-.255
;WIPE_END
; AFTER_LAYER_CHANGE 17 @ 2.96mm
;_SET_FAN_SPEED_CHANGING_LAYER
; printing object pogo_receiver_coupon.stl id:0 copy 0
G1 F18000
G1 X137.313 Y105.866 Z2.98857
G1 X136.982 Y106.276 Z3.01714
G1 X136.454 Y106.273 Z3.04571
G1 X136.127 Y105.859 Z3.07429
G1 X136.248 Y105.345 Z3.10286
G1 X136.725 Y105.118 Z3.13143
G1 X137.199 Y105.35 Z3.16
G1 X139.467 Y108.229 Z3.16
G1 X142.259 Y111.771
G1 X147.79 Y118.79
G1 Z2.96
G1 E2.5 F6000
M204 P1000
;TYPE:Outer wall
;WIDTH:0.42
G1 F3600
G1 X72.21 Y118.79 E1.84202
G1 X72.21 Y101.21 E.42846
G1 X147.79 Y101.21 E1.84202
G1 X147.79 Y118.73 E.42699
G1 E-1.75 F6000
;WIPE_START
G1 F3600
G1 X146.79 Y118.731 E-.75
;WIPE_END
G1 X147.102 Y114.927 Z3.16 F18000
G1 X147.389 Y111.414 Z3.16
G1 Z2.96
G1 E2.5 F6000
M204 P1500
;TYPE:Inner wall
;WIDTH:0.45
G1 X72.611 Y111.414 E1.96425
G1 X72.611 Y108.586 E.07429
G1 X147.389 Y108.586 E1.96425
G1 X147.389 Y111.354 E.07272
G1 X146.974 Y110.999 F18000
G1 F6000
G1 X73.026 Y110.999 E1.94242
G1 X73.026 Y109.001 E.05246
G1 X146.974 Y109.001 E1.94242
G1 X146.974 Y110.939 E.05088
G1 X146.558 Y110.583 F18000
G1 F6000
G1 X73.442 Y110.583 E1.92058
G1 X73.442 Y109.417 E.03062
G1 X146.558 Y109.417 E1.92058
G1 X146.558 Y110.523 E.02904
G1 X146.142 Y110.167 F18000
G1 F6000
G1 X73.858 Y110.167 E1.89874
G1 X73.858 Y109.833 E.00878
G1 X146.142 Y109.833 E1.89874
G1 X146.142 Y110.107 E.00721
G1 E-1.75
;WIPE_START
G1 X145.142 Y110.108 E-.75
;WIPE_END
G1 X141.56 Y108.792 Z3.16 F18000
G1 X140.028 Y108.229 Z3.16
G1 X133.208 Y106.144
G1 X133.469 Y105.819
G1 Z2.96
G1 E2.5 F6000
M204 P1000
;TYPE:Outer wall
;WIDTH:0.42
G1 F3600
G1 X133.673 Y105.806 E.00496
G1 X133.866 Y105.765 E.00483
G1 X134.048 Y105.694 E.00476
G1 X134.214 Y105.592 E.00474
G1 X134.358 Y105.461 E.00474
G1 X134.477 Y105.307 E.00475
G1 X134.574 Y105.129 E.00495
G1 X134.701 Y104.743 E.0099
G1 X134.761 Y104.287 E.01121
G1 X134.76 Y103.783 E.01229
G1 X134.701 Y103.355 E.01052
G1 X135.482 Y103.355 E.01905
G1 X135.482 Y103.628 E.00667
G1 X136.94 Y105.776 E.06326
G1 X137.799 Y105.776 E.02093
G1 X137.799 Y103.847 E.047
G1 X138.202 Y103.847 E.00982
G1 X138.202 Y102.938 E.02215
G1 X137.799 Y102.938 E.00982
G1 X137.799 Y102.289 E.01582
G1 X136.833 Y102.289 E.02354
G1 X136.833 Y102.938 E.01582
G1 X135.653 Y102.938 E.02875
G1 X135.653 Y102.289 E.01582
G1 X134.637 Y102.289 E.02478
G1 X134.637 Y103.119 E.02022
G1 X134.466 Y102.769 E.00949
G1 X134.341 Y102.609 E.00496
G1 X134.196 Y102.479 E.00474
G1 X134.032 Y102.376 E.00473
G1 X133.851 Y102.303 E.00475
G1 X133.654 Y102.26 E.00492
G1 X133.344 Y102.255 E.00754
G1 X133.068 Y102.301 E.00683
G1 X132.883 Y102.375 E.00486
G1 X132.719 Y102.478 E.00472
G1 X132.575 Y102.609 E.00473
G1 X132.464 Y102.752 E.00442
G1 X132.464 Y102.289 E.01127
G1 X130.048 Y102.289 E.05889
G1 X130.048 Y103.221 E.0227
G1 X130.778 Y103.221 E.0178
G1 X130.778 Y104.514 E.03151
G1 X130.131 Y104.052 E.01937
G1 X130.131 Y105.163 E.02708
G1 X131.022 Y105.776 E.02636
G1 X131.766 Y105.776 E.01813
G1 X131.766 Y103.221 E.06227
G1 X132.26 Y103.221 E.01203
G1 X132.187 Y103.543 E.00806
G1 X132.163 Y103.786 E.00594
G1 X132.163 Y104.289 E.01227
G1 X132.222 Y104.742 E.01113
G1 X132.28 Y104.957 E.00543
G1 X132.443 Y105.306 E.00939
G1 X132.568 Y105.466 E.00494
G1 X132.715 Y105.596 E.00476
G1 X132.882 Y105.696 E.00476
G1 X133.066 Y105.766 E.0048
G1 X133.262 Y105.806 E.00488
G1 X133.409 Y105.815 E.00359
G1 E-1.75 F6000
;WIPE_START
G1 F3600
G1 X133.673 Y105.806 E-.19744
G1 X133.866 Y105.765 E-.14859
G1 X134.048 Y105.694 E-.14643
G1 X134.214 Y105.592 E-.14583
G1 X134.324 Y105.492 E-.11172
;WIPE_END
G1 X132.522 Y105.504 Z3.16 F18000
G1 X131.769 Y105.509
G1 X111.676 Y105.649
G1 X111.31 Y105.037
G1 X111.158 Y104.174
G1 X112.031 Y104.093
G1 X111.668 Y103.697
G1 X110.2 Y102.74
G1 X110.116 Y102.585
G1 X110.001 Y102.435
G1 X109.853 Y102.296
G1 X109.671 Y102.175
G1 X109.457 Y102.04
G1 X109.089 Y102.386
G1 X108.955 Y102.518
G1 X108.73 Y102.752
G1 X108.631 Y102.879
G1 X108.548 Y103.027
G1 X108.481 Y103.192
G1 X108.288 Y103.791
G1 X107.787 Y105.676
G1 X86.905 Y106.144
G1 X87.166 Y105.819
G1 Z2.96
G1 E2.5 F6000
G1 F3600
G1 X87.369 Y105.806 E.00497
G1 X87.563 Y105.765 E.00483
G1 X87.745 Y105.694 E.00476
G1 X87.91 Y105.592 E.00474
G1 X88.054 Y105.461 E.00474
G1 X88.173 Y105.307 E.00475
G1 X88.271 Y105.129 E.00495
G1 X88.398 Y104.743 E.00989
G1 X88.458 Y104.287 E.01121
G1 X88.457 Y103.782 E.01229
G1 X88.395 Y103.334 E.01103
G1 X88.333 Y103.119 E.00545
G1 X88.163 Y102.769 E.00949
G1 X88.037 Y102.609 E.00496
G1 X87.893 Y102.479 E.00474
G1 X87.728 Y102.376 E.00473
G1 X87.548 Y102.303 E.00475
G1 X87.35 Y102.26 E.00492
G1 X87.041 Y102.255 E.00754
G1 X86.765 Y102.301 E.00683
G1 X86.58 Y102.375 E.00485
G1 X86.416 Y102.478 E.00472
G1 X86.272 Y102.609 E.00473
G1 X86.161 Y102.752 E.00442
G1 X86.161 Y102.289 E.01127
G1 X83.744 Y102.289 E.05889
G1 X83.744 Y103.221 E.0227
G1 X84.475 Y103.221 E.0178
G1 X84.475 Y104.514 E.03151
G1 X83.828 Y104.052 E.01937
G1 X83.828 Y105.163 E.02708
G1 X84.719 Y105.776 E.02636
G1 X85.463 Y105.776 E.01813
G1 X85.463 Y103.221 E.06227
G1 X85.957 Y103.221 E.01203
G1 X85.883 Y103.543 E.00806
G1 X85.86 Y103.786 E.00594
G1 X85.86 Y104.289 E.01227
G1 X85.919 Y104.742 E.01113
G1 X85.977 Y104.957 E.00543
G1 X86.14 Y105.306 E.00939
G1 X86.265 Y105.466 E.00494
G1 X86.411 Y105.596 E.00476
G1 X86.579 Y105.696 E.00477
G1 X86.763 Y105.766 E.0048
G1 X86.959 Y105.806 E.00488
G1 X87.106 Y105.815 E.00359
G1 E-1.75 F6000
;WIPE_START
G1 F3600
G1 X87.369 Y105.806 E-.19753
G1 X87.563 Y105.765 E-.1485
G1 X87.745 Y105.694 E-.14652
G1 X87.91 Y105.592 E-.14574
G1 X88.021 Y105.492 E-.11171
;WIPE_END
G1 X91.837 Y105.542 Z3.16 F18000
G1 X107.795 Y105.753 Z3.16
G1 X108.108 Y105.528
G1 X108.167 Y105.508
G1 X108.708 Y105.765
G1 X112.86 Y105.819
G1 Z2.96
G1 E2.5 F6000
G1 F3600
G1 X113.186 Y105.792 E.00798
G1 X113.472 Y105.703 E.00731
G1 X113.618 Y105.624 E.00405
G1 X113.832 Y105.437 E.00693
G1 X113.928 Y105.301 E.00405
G1 X114.038 Y105.028 E.00718
G1 X114.069 Y104.643 E.00941
G1 X114 Y104.341 E.00755
G1 X113.889 Y104.118 E.00607
G1 X113.688 Y103.855 E.00807
G1 X112.979 Y103.221 E.02319
G1 X114.114 Y103.221 E.02768
G1 X114.114 Y102.289 E.0227
G1 X110.637 Y102.289 E.08476
G1 X110.637 Y103.119 E.02022
G1 X110.466 Y102.769 E.00949
G1 X110.341 Y102.609 E.00496
G1 X110.196 Y102.479 E.00474
G1 X110.032 Y102.376 E.00473
G1 X109.851 Y102.303 E.00475
G1 X109.653 Y102.26 E.00492
G1 X109.344 Y102.255 E.00754
G1 X109.068 Y102.301 E.00683
G1 X108.883 Y102.375 E.00486
G1 X108.719 Y102.478 E.00472
G1 X108.575 Y102.609 E.00473
G1 X108.464 Y102.752 E.00442
G1 X108.464 Y102.289 E.01127
G1 X106.048 Y102.289 E.05889
G1 X106.048 Y103.221 E.0227
G1 X106.778 Y103.221 E.0178
G1 X106.778 Y104.514 E.03152
G1 X106.131 Y104.052 E.01937
G1 X106.131 Y105.163 E.02708
G1 X107.022 Y105.776 E.02636
G1 X107.766 Y105.776 E.01813
G1 X107.766 Y103.221 E.06227
G1 X108.26 Y103.221 E.01203
G1 X108.187 Y103.543 E.00807
G1 X108.163 Y103.786 E.00594
G1 X108.163 Y104.289 E.01227
G1 X108.222 Y104.742 E.01113
G1 X108.28 Y104.957 E.00543
G1 X108.443 Y105.306 E.00939
G1 X108.568 Y105.466 E.00494
G1 X108.715 Y105.596 E.00476
G1 X108.882 Y105.696 E.00477
G1 X109.066 Y105.766 E.0048
G1 X109.262 Y105.806 E.00488
G1 X109.469 Y105.819 E.00505
G1 X109.673 Y105.806 E.00496
G1 X109.866 Y105.765 E.00483
G1 X110.048 Y105.694 E.00476
G1 X110.214 Y105.592 E.00474
G1 X110.358 Y105.461 E.00474
G1 X110.477 Y105.307 E.00475
G1 X110.574 Y105.129 E.00495
G1 X110.701 Y104.743 E.0099
G1 X110.761 Y104.287 E.01121
G1 X110.76 Y103.782 E.01229
G1 X110.701 Y103.355 E.01052
G1 X111.653 Y103.355 E.02322
G1 X111.653 Y103.04 E.00768
G1 X111.805 Y103.321 E.0078
G1 X112.03 Y103.602 E.00877
G1 X112.208 Y103.784 E.00619
G1 X112.748 Y104.239 E.01722
G1 X112.937 Y104.421 E.00638
G1 X113.042 Y104.574 E.00454
G1 X113.068 Y104.678 E.0026
G1 X113.052 Y104.811 E.00326
G1 X113.028 Y104.848 E.00109
G1 X112.976 Y104.878 E.00145
G1 X112.861 Y104.895 E.00285
G1 X112.74 Y104.877 E.00297
G1 X112.665 Y104.831 E.00215
G1 X112.622 Y104.757 E.00208
G1 X112.55 Y104.389 E.00915
G1 X111.559 Y104.48 E.02424
G1 X111.641 Y104.947 E.01155
G1 X111.741 Y105.214 E.00694
G1 X111.91 Y105.448 E.00705
G1 X112.133 Y105.628 E.00699
G1 X112.275 Y105.704 E.00391
G1 X112.552 Y105.791 E.00709
G1 X112.8 Y105.814 E.00606
G1 E-1.75 F6000
;WIPE_START
G1 F3600
G1 X113.186 Y105.792 E-.28993
G1 X113.472 Y105.703 E-.22493
G1 X113.618 Y105.624 E-.12448
G1 X113.729 Y105.527 E-.11066
;WIPE_END
G1 X111.593 Y105.468 Z3.16 F18000
G1 X111.158 Y104.174
G1 X112.031 Y104.093
G1 X111.668 Y103.697
G1 X110.2 Y102.74
G1 X110.116 Y102.585
G1 X110.001 Y102.435
G1 X109.853 Y102.296
G1 X109.671 Y102.175
G1 X109.457 Y102.04
G1 X109.089 Y102.386
G1 X108.955 Y102.518
G1 X108.73 Y102.752
G1 X108.631 Y102.879
G1 X108.548 Y103.027
G1 X108.481 Y103.192
G1 X108.288 Y103.791
G1 X108.167 Y105.508
G1 X108.139 Y105.518
G1 X108.088 Y105.37
G1 Z2.96
G1 E2.5 F6000
M204 P2000
;TYPE:Gap infill
;WIDTH:0.163128
G1 X108.03 Y105.043 E.0027
;WIDTH:0.144355
G1 X108.013 Y104.916 E.00089
;WIDTH:0.113002
G1 X107.99 Y104.695 E.00111
G1 E-2.2776
;WIPE_START
G1 X108.013 Y104.916 E-.2224
;WIPE_END
G1 X107.703 Y104.955 Z3.16 F18000
G1 X108.254 Y103.011
G1 X108.254 Y102.499
G1 X107.942 Y102.14
G1 X107.485 Y102.061
G1 X105.82 Y102.061
G1 X105.789 Y104.961
G1 X85.836 Y105.518
G1 X85.785 Y105.37
G1 Z2.96
G1 E2.5 F6000
;WIDTH:0.163085
G1 X85.727 Y105.043 E.0027
;WIDTH:0.144309
G1 X85.71 Y104.916 E.00089
;WIDTH:0.112991
G1 X85.687 Y104.695 E.0011
G1 E-2.2781
;WIPE_START
G1 X85.71 Y104.916 E-.2219
;WIPE_END
G1 X85.4 Y104.955 Z3.16 F18000
G1 X105.789 Y104.82
G1 X105.789 Y103.563
G1 X105.706 Y101.947
G1 X108.806 Y102.038
G1 X109.951 Y101.975
G1 X110.295 Y102.137
G1 X111.806 Y102.499
G1 X111.806 Y102.881
G1 X112.69 Y104.787
G1 X129.789 Y104.705
G1 X129.82 Y102.061
G1 X131.485 Y102.061
G1 X131.942 Y102.14
G1 X132.254 Y102.499
G1 X132.254 Y103.011
G1 X132.167 Y105.508
G1 X132.307 Y104.728
G1 X132.301 Y104.667
G1 X131.99 Y104.695
G1 Z2.96
G1 E2.5 F6000
;WIDTH:0.11302
G1 X132.013 Y104.916 E.00111
;WIDTH:0.144405
G1 X132.03 Y105.043 E.00089
;WIDTH:0.163182
G1 X132.088 Y105.37 E.0027
G1 E-2.16807
;WIPE_START
G1 X132.03 Y105.043 E-.33193
;WIPE_END
G1 X131.719 Y105.082 Z3.16 F18000
G1 X132.548 Y103.027
G1 X132.631 Y102.879
G1 X132.73 Y102.752
G1 X132.955 Y102.518
G1 X133.089 Y102.386
G1 X133.457 Y102.04
G1 X133.671 Y102.175
G1 X133.853 Y102.296
G1 X134.001 Y102.435
G1 X135.102 Y103.788
G1 X134.939 Y103.613
G1 Z2.96
G1 E2.5 F6000
;WIDTH:0.110067
G1 X135.061 Y103.595 E.00059
;WIDTH:0.0974016
G1 X135.182 Y103.577 E.00049
G1 E-2.37698
;WIPE_START
G1 X135.061 Y103.595 E-.12302
;WIPE_END
G1 X135.118 Y103.783 Z3.16 F18000
G1 X136.73 Y104.247
G1 X137.015 Y104.359
G1 X146.915 Y108.229
G1 X147.376 Y108.229
G1 X147.376 Y108.459
G1 X147.504 Y108.459
G1 Z2.96
G1 E2.5 F6000
M204 P1000
;TYPE:Top surface
;WIDTH:0.420975
G1 F1800
G1 X147.504 Y101.495 E.17014
G1 X147.117 Y101.495 E.00945
G1 X147.117 Y108.285 E.1659
G1 X146.731 Y108.285 E.00945
G1 X146.731 Y101.495 E.1659
G1 X146.344 Y101.495 E.00945
G1 X146.344 Y108.285 E.1659
G1 X145.957 Y108.285 E.00945
G1 X145.957 Y101.495 E.1659
G1 X145.571 Y101.495 E.00945
G1 X145.571 Y108.285 E.1659
G1 X145.184 Y108.285 E.00945
G1 X145.184 Y101.495 E.1659
G1 X144.798 Y101.495 E.00945
G1 X144.798 Y108.285 E.1659
G1 X144.411 Y108.285 E.00945
G1 X144.411 Y101.495 E.1659
G1 X144.024 Y101.495 E.00945
G1 X144.024 Y108.285 E.1659
G1 X143.638 Y108.285 E.00945
G1 X143.638 Y101.495 E.1659
G1 X143.251 Y101.495 E.00945
G1 X143.251 Y108.285 E.1659
G1 X142.864 Y108.285 E.00945
G1 X142.864 Y101.495 E.1659
G1 X142.478 Y101.495 E.00945
G1 X142.478 Y108.285 E.1659
G1 X142.091 Y108.285 E.00945
G1 X142.091 Y101.495 E.1659
G1 X141.704 Y101.495 E.00945
G1 X141.704 Y108.285 E.1659
G1 X141.318 Y108.285 E.00945
G1 X141.318 Y101.495 E.1659
G1 X140.931 Y101.495 E.00945
G1 X140.931 Y108.285 E.1659
G1 X140.544 Y108.285 E.00945
G1 X140.544 Y101.495 E.1659
G1 X140.158 Y101.495 E.00945
G1 X140.158 Y108.285 E.1659
G1 X139.771 Y108.285 E.00945
G1 X139.771 Y101.495 E.1659
G1 X139.385 Y101.495 E.00945
G1 X139.385 Y108.285 E.1659
G1 X138.998 Y108.285 E.00945
G1 X138.998 Y101.495 E.1659
G1 X138.611 Y101.495 E.00945
G1 X138.611 Y108.285 E.1659
G1 X138.225 Y108.285 E.00945
G1 X138.225 Y104.133 E.10146
G1 X138.487 Y104.133 E.00642
G1 X138.487 Y102.653 E.03616
G1 X138.225 Y102.653 E.00642
G1 X138.225 Y101.495 E.02828
G1 X137.838 Y101.495 E.00945
G1 X137.838 Y102.004 E.01242
G1 X137.451 Y102.004 E.00945
G1 X137.451 Y101.495 E.01242
G1 X137.065 Y101.495 E.00945
G1 X137.065 Y102.004 E.01242
G1 X136.678 Y102.004 E.00945
G1 X136.678 Y101.495 E.01242
G1 X136.291 Y101.495 E.00945
G1 X136.291 Y102.653 E.02828
G1 X135.939 Y102.653 E.00861
G1 X135.939 Y102.004 E.01586
G1 X135.905 Y102.004 E.00083
G1 X135.905 Y101.495 E.01242
G1 X135.518 Y101.495 E.00945
G1 X135.518 Y102.004 E.01242
G1 X135.132 Y102.004 E.00945
G1 X135.132 Y101.495 E.01242
G1 X134.745 Y101.495 E.00945
G1 X134.745 Y102.004 E.01242
G1 X134.358 Y102.004 E.00945
G1 X134.358 Y101.495 E.01242
G1 X133.972 Y101.495 E.00945
G1 X133.972 Y102.044 E.01341
G1 X133.687 Y101.975 E.00716
G1 X133.585 Y101.974 E.00249
G1 X133.585 Y101.495 E.01168
G1 X133.198 Y101.495 E.00945
G1 X133.198 Y101.99 E.01208
G1 X132.99 Y102.025 E.00516
G1 X132.812 Y102.096 E.0047
G1 X132.812 Y101.495 E.01468
G1 X132.425 Y101.495 E.00945
G1 X132.425 Y102.004 E.01242
G1 X132.038 Y102.004 E.00945
G1 X132.038 Y101.495 E.01242
G1 X131.652 Y101.495 E.00945
G1 X131.652 Y102.004 E.01242
G1 X131.265 Y102.004 E.00945
G1 X131.265 Y101.495 E.01242
G1 X130.879 Y101.495 E.00945
G1 X130.879 Y102.004 E.01242
G1 X130.492 Y102.004 E.00945
G1 X130.492 Y101.495 E.01242
G1 X130.105 Y101.495 E.00945
G1 X130.105 Y102.177 E.01666
G1 E-1.75 F6000
;WIPE_START
G1 F1800
G1 X130.105 Y101.495 E-.51148
G1 X130.423 Y101.495 E-.23852
;WIPE_END
G1 X130.423 Y101.947 Z3.16 F18000
G1 X129.706 Y101.947
G1 X129.789 Y103.563
G1 X130.481 Y103.432
G1 X130.492 Y103.333
G1 Z2.96
G1 E2.5 F6000
G1 F1800
G1 X130.492 Y103.959 E.0153
G1 X130.105 Y103.683 E.01161
G1 X130.105 Y103.333 E.00856
G1 E-1.75 F6000
;WIPE_START
G1 F1800
G1 X130.105 Y103.683 E-.26261
G1 X130.492 Y103.959 E-.35628
G1 X130.492 Y103.784 E-.13111
;WIPE_END
G1 X130.376 Y103.978 Z3.16 F18000
G1 X129.844 Y103.425
G1 X129.82 Y102.061
G1 X131.485 Y102.061
G1 X131.942 Y102.14
G1 X132.254 Y102.499
G1 X132.254 Y103.011
G1 X132.167 Y105.508
G1 X132.277 Y104.295
G1 X137.838 Y105.888
G1 Z2.96
G1 E2.5 F6000
G1 F1800
G1 X137.838 Y108.285 E.05858
G1 X137.451 Y108.285 E.00945
G1 X137.451 Y106.061 E.05434
G1 X137.065 Y106.061 E.00945
G1 X137.065 Y108.285 E.05434
G1 X136.678 Y108.285 E.00945
G1 X136.678 Y105.898 E.05833
G1 X136.291 Y105.328 E.01682
G1 X136.291 Y108.285 E.07225
G1 X135.905 Y108.285 E.00945
G1 X135.905 Y104.759 E.08616
G1 X135.518 Y104.19 E.01682
G1 X135.518 Y108.285 E.10007
G1 X135.132 Y108.285 E.00945
G1 X135.132 Y103.72 E.11156
G1 X135.046 Y103.746 E.00219
G1 X135.046 Y104.306 E.01367
G1 X134.98 Y104.806 E.01234
G1 X134.837 Y105.243 E.01122
G1 X134.745 Y105.411 E.0047
G1 X134.745 Y108.285 E.07022
G1 X134.358 Y108.285 E.00945
G1 X134.358 Y105.838 E.0598
G1 X134.176 Y105.95 E.00523
G1 X133.972 Y106.031 E.00537
G1 X133.972 Y108.285 E.05509
G1 X133.585 Y108.285 E.00945
G1 X133.585 Y106.098 E.05345
G1 X133.198 Y106.085 E.00945
G1 X133.198 Y108.285 E.05377
G1 X132.812 Y108.285 E.00945
G1 X132.812 Y105.975 E.05645
G1 X132.545 Y105.827 E.00746
G1 X132.425 Y105.721 E.00392
G1 X132.425 Y108.285 E.06267
G1 X132.038 Y108.285 E.00945
G1 X132.038 Y106.061 E.05434
G1 X131.652 Y106.061 E.00945
G1 X131.652 Y108.285 E.05434
G1 X131.265 Y108.285 E.00945
G1 X131.265 Y106.061 E.05434
G1 X130.933 Y106.061 E.0081
G1 X130.879 Y106.023 E.00163
G1 X130.879 Y108.285 E.05527
G1 X130.492 Y108.285 E.00945
G1 X130.492 Y105.758 E.06176
G1 X130.105 Y105.492 E.01147
G1 X130.105 Y108.285 E.06826
G1 X129.719 Y108.285 E.00945
G1 X129.719 Y101.495 E.1659
G1 X129.332 Y101.495 E.00945
G1 X129.332 Y108.285 E.1659
G1 X128.945 Y108.285 E.00945
G1 X128.945 Y101.495 E.1659
G1 X128.559 Y101.495 E.00945
G1 X128.559 Y108.285 E.1659
G1 X128.172 Y108.285 E.00945
G1 X128.172 Y101.495 E.1659
G1 X127.785 Y101.495 E.00945
G1 X127.785 Y108.285 E.1659
G1 X127.399 Y108.285 E.00945
G1 X127.399 Y101.495 E.1659
G1 X127.012 Y101.495 E.00945
G1 X127.012 Y108.285 E.1659
G1 X126.625 Y108.285 E.00945
G1 X126.625 Y101.495 E.1659
G1 X126.239 Y101.495 E.00945
G1 X126.239 Y108.285 E.1659
G1 X125.852 Y108.285 E.00945
G1 X125.852 Y101.495 E.1659
G1 X125.466 Y101.495 E.00945
G1 X125.466 Y108.285 E.1659
G1 X125.079 Y108.285 E.00945
G1 X125.079 Y101.495 E.1659
G1 X124.692 Y101.495 E.00945
G1 X124.692 Y108.285 E.1659
G1 X124.306 Y108.285 E.00945
G1 X124.306 Y101.495 E.1659
G1 X123.919 Y101.495 E.00945
G1 X123.919 Y108.285 E.1659
G1 X123.532 Y108.285 E.00945
G1 X123.532 Y101.495 E.1659
G1 X123.146 Y101.495 E.00945
G1 X123.146 Y108.285 E.1659
G1 X122.759 Y108.285 E.00945
G1 X122.759 Y101.495 E.1659
G1 X122.372 Y101.495 E.00945
G1 X122.372 Y108.285 E.1659
G1 X121.986 Y108.285 E.00945
G1 X121.986 Y101.495 E.1659
G1 X121.599 Y101.495 E.00945
G1 X121.599 Y108.285 E.1659
G1 X121.213 Y108.285 E.00945
G1 X121.213 Y101.495 E.1659
G1 X120.826 Y101.495 E.00945
G1 X120.826 Y108.285 E.1659
G1 X120.439 Y108.285 E.00945
G1 X120.439 Y101.495 E.1659
G1 X120.053 Y101.495 E.00945
G1 X120.053 Y108.285 E.1659
G1 X119.666 Y108.285 E.00945
G1 X119.666 Y101.495 E.1659
G1 X119.279 Y101.495 E.00945
G1 X119.279 Y108.285 E.1659
G1 X118.893 Y108.285 E.00945
G1 X118.893 Y101.495 E.1659
G1 X118.506 Y101.495 E.00945
G1 X118.506 Y108.285 E.1659
G1 X118.119 Y108.285 E.00945
G1 X118.119 Y101.495 E.1659
G1 X117.733 Y101.495 E.00945
G1 X117.733 Y108.285 E.1659
G1 X117.346 Y108.285 E.00945
G1 X117.346 Y101.495 E.1659
G1 X116.96 Y101.495 E.00945
G1 X116.96 Y108.285 E.1659
G1 X116.573 Y108.285 E.00945
G1 X116.573 Y101.495 E.1659
G1 X116.186 Y101.495 E.00945
G1 X116.186 Y108.285 E.1659
G1 X115.8 Y108.285 E.00945
G1 X115.8 Y101.495 E.1659
G1 X115.413 Y101.495 E.00945
G1 X115.413 Y108.285 E.1659
G1 X115.026 Y108.285 E.00945
G1 X115.026 Y101.495 E.1659
G1 X114.64 Y101.495 E.00945
G1 X114.64 Y108.285 E.1659
G1 X114.253 Y108.285 E.00945
G1 X114.253 Y101.495 E.1659
G1 X113.866 Y101.495 E.00945
G1 X113.866 Y102.004 E.01242
G1 X113.48 Y102.004 E.00945
G1 X113.48 Y101.495 E.01242
G1 X113.093 Y101.495 E.00945
G1 X113.093 Y102.004 E.01242
G1 X112.706 Y102.004 E.00945
G1 X112.706 Y101.495 E.01242
G1 X112.32 Y101.495 E.00945
G1 X112.32 Y102.004 E.01242
G1 X111.933 Y102.004 E.00945
G1 X111.933 Y101.495 E.01242
G1 X111.547 Y101.495 E.00945
G1 X111.547 Y102.004 E.01242
G1 X111.16 Y102.004 E.00945
G1 X111.16 Y101.495 E.01242
G1 X110.773 Y101.495 E.00945
G1 X110.773 Y102.004 E.01242
G1 X110.387 Y102.004 E.00945
G1 X110.387 Y101.495 E.01242
G1 X110 Y101.495 E.00945
G1 X110 Y102.056 E.01369
G1 X109.687 Y101.975 E.0079
G1 X109.613 Y101.974 E.0018
G1 X109.613 Y101.495 E.01169
G1 X109.227 Y101.495 E.00945
G1 X109.227 Y101.985 E.01196
G1 X108.99 Y102.025 E.00586
G1 X108.84 Y102.085 E.00395
G1 X108.84 Y101.495 E.0144
G1 X108.453 Y101.495 E.00945
G1 X108.453 Y102.004 E.01242
G1 X108.067 Y102.004 E.00945
G1 X108.067 Y101.495 E.01242
G1 X107.68 Y101.495 E.00945
G1 X107.68 Y102.004 E.01242
G1 X107.294 Y102.004 E.00945
G1 X107.294 Y101.495 E.01242
G1 X106.907 Y101.495 E.00945
G1 X106.907 Y102.004 E.01242
G1 X106.52 Y102.004 E.00945
G1 X106.52 Y101.495 E.01242
G1 X106.134 Y101.495 E.00945
G1 X106.134 Y102.177 E.01666
G1 E-1.75 F6000
;WIPE_START
G1 F1800
G1 X106.134 Y101.495 E-.51148
G1 X106.452 Y101.495 E-.23852
;WIPE_END
G1 X106.452 Y101.947 Z3.16 F18000
G1 X105.706 Y101.947
G1 X105.789 Y103.563
G1 X106.481 Y103.432
G1 X106.133 Y103.428
G1 X106.134 Y103.333
G1 Z2.96
G1 E2.5 F6000
G1 F1800
G1 X106.134 Y103.916 E.01426
G1 E-1.75 F6000
;WIPE_START
G1 F1800
G1 X106.134 Y103.333 E-.75
;WIPE_END
G1 X106.133 Y103.428 Z3.16 F18000
G1 X105.706 Y103.563
G1 X105.706 Y101.947
G1 X108.806 Y102.038
G1 X109.951 Y101.975
G1 X110.295 Y102.137
G1 X114.456 Y101.947
G1 X114.456 Y103.563
G1 X113.895 Y103.563
G1 X113.964 Y104.074
G1 X113.82 Y103.968
G1 X113.866 Y103.904
G1 Z2.96
G1 E2.5 F6000
G1 F1800
G1 X113.866 Y103.333 E.01397
G1 E-1.75 F6000
;WIPE_START
G1 F1800
G1 X113.866 Y103.904 E-.75
;WIPE_END
G1 X113.82 Y103.968 Z3.16 F18000
G1 X113.866 Y105.556
G1 Z2.96
G1 E2.5 F6000
G1 F1800
G1 X113.866 Y108.285 E.0667
G1 X113.48 Y108.285 E.00945
G1 X113.48 Y106 E.05584
G1 X113.24 Y106.073 E.00612
G1 X113.093 Y106.086 E.00361
G1 X113.093 Y108.285 E.05374
G1 X112.706 Y108.285 E.00945
G1 X112.706 Y106.092 E.05359
G1 X112.496 Y106.073 E.00517
G1 X112.32 Y106.017 E.0045
G1 X112.32 Y108.285 E.05542
G1 X111.933 Y108.285 E.00945
G1 X111.933 Y105.611 E.06535
G1 E-1.75 F6000
;WIPE_START
G1 F1800
G1 X111.933 Y106.611 E-.75
;WIPE_END
G1 X111.913 Y104.49 Z3.16 F18000
G1 X111.933 Y104.333
G1 Z2.96
G1 E2.5 F6000
G1 F1800
G1 X111.933 Y103.912 E.01029
G1 X111.695 Y103.64 E.00883
G1 X111.547 Y103.64 E.00362
G1 X111.547 Y104.195 E.01354
G1 X111.224 Y104.224 E.0079
G1 X111.364 Y105.022 E.0198
G1 X111.487 Y105.35 E.00854
G1 X111.547 Y105.433 E.00249
G1 X111.547 Y108.285 E.0697
G1 X111.16 Y108.285 E.00945
G1 X111.16 Y103.64 E.11349
G1 X111.029 Y103.64 E.0032
G1 X111.046 Y103.763 E.00301
G1 X111.046 Y104.306 E.01327
G1 X110.98 Y104.806 E.01234
G1 X110.837 Y105.243 E.01122
G1 X110.773 Y105.36 E.00326
G1 X110.773 Y108.285 E.07149
G1 X110.387 Y108.285 E.00945
G1 X110.387 Y105.82 E.06023
G1 X110.176 Y105.95 E.00604
G1 X110 Y106.019 E.00463
G1 X110 Y108.285 E.05536
G1 X109.613 Y108.285 E.00945
G1 X109.613 Y106.096 E.05349
G1 X109.227 Y106.09 E.00945
G1 X109.227 Y108.285 E.05363
G1 X108.84 Y108.285 E.00945
G1 X108.84 Y105.986 E.05618
G1 X108.545 Y105.827 E.00819
G1 X108.453 Y105.746 E.00299
G1 X108.453 Y108.285 E.06205
G1 X108.067 Y108.285 E.00945
G1 X108.067 Y105.483 E.06847
G1 X108.052 Y105.488 E.00039
G1 X108.052 Y106.061 E.014
G1 X107.68 Y106.061 E.00908
G1 X107.68 Y108.285 E.05434
G1 X107.294 Y108.285 E.00945
G1 X107.294 Y106.061 E.05434
G1 X106.934 Y106.061 E.0088
G1 X106.907 Y106.043 E.00079
G1 X106.907 Y108.285 E.05479
G1 X106.52 Y108.285 E.00945
G1 X106.52 Y105.777 E.06129
G1 X106.134 Y105.511 E.01146
G1 X106.134 Y108.285 E.06778
G1 X105.747 Y108.285 E.00945
G1 X105.747 Y101.495 E.1659
G1 X105.36 Y101.495 E.00945
G1 X105.36 Y108.285 E.1659
G1 X104.974 Y108.285 E.00945
G1 X104.974 Y101.495 E.1659
G1 X104.587 Y101.495 E.00945
G1 X104.587 Y108.285 E.1659
G1 X104.2 Y108.285 E.00945
G1 X104.2 Y101.495 E.1659
G1 X103.814 Y101.495 E.00945
G1 X103.814 Y108.285 E.1659
G1 X103.427 Y108.285 E.00945
G1 X103.427 Y101.495 E.1659
G1 X103.041 Y101.495 E.00945
G1 X103.04 Y108.285 E.1659
G1 X102.654 Y108.285 E.00945
G1 X102.654 Y101.495 E.1659
G1 X102.267 Y101.495 E.00945
G1 X102.267 Y108.285 E.1659
G1 X101.881 Y108.285 E.00945
G1 X101.881 Y101.495 E.1659
G1 X101.494 Y101.495 E.00945
G1 X101.494 Y108.285 E.1659
G1 X101.107 Y108.285 E.00945
G1 X101.107 Y101.495 E.1659
G1 X100.721 Y101.495 E.00945
G1 X100.721 Y108.285 E.1659
G1 X100.334 Y108.285 E.00945
G1 X100.334 Y101.495 E.1659
G1 X99.947 Y101.495 E.00945
G1 X99.947 Y108.285 E.1659
G1 X99.561 Y108.285 E.00945
G1 X99.561 Y101.495 E.1659
G1 X99.174 Y101.495 E.00945
G1 X99.174 Y108.285 E.1659
G1 X98.787 Y108.285 E.00945
G1 X98.787 Y101.495 E.1659
G1 X98.401 Y101.495 E.00945
G1 X98.401 Y108.285 E.1659
G1 X98.014 Y108.285 E.00945
G1 X98.014 Y101.495 E.1659
G1 X97.628 Y101.495 E.00945
G1 X97.628 Y108.285 E.1659
G1 X97.241 Y108.285 E.00945
G1 X97.241 Y101.495 E.1659
G1 X96.854 Y101.495 E.00945
G1 X96.854 Y108.285 E.1659
G1 X96.468 Y108.285 E.00945
G1 X96.468 Y101.495 E.1659
G1 X96.081 Y101.495 E.00945
G1 X96.081 Y108.285 E.1659
G1 X95.694 Y108.285 E.00945
G1 X95.694 Y101.495 E.1659
G1 X95.308 Y101.495 E.00945
G1 X95.308 Y108.285 E.1659
G1 X94.921 Y108.285 E.00945
G1 X94.921 Y101.495 E.1659
G1 X94.534 Y101.495 E.00945
G1 X94.534 Y108.285 E.1659
G1 X94.148 Y108.285 E.00945
G1 X94.148 Y101.495 E.1659
G1 X93.761 Y101.495 E.00945
G1 X93.761 Y108.285 E.1659
G1 X93.375 Y108.285 E.00945
G1 X93.375 Y101.495 E.1659
G1 X92.988 Y101.495 E.00945
G1 X92.988 Y108.285 E.1659
G1 X92.601 Y108.285 E.00945
G1 X92.601 Y101.495 E.1659
G1 X92.215 Y101.495 E.00945
G1 X92.215 Y108.285 E.1659
G1 X91.828 Y108.285 E.00945
G1 X91.828 Y101.495 E.1659
G1 X91.441 Y101.495 E.00945
G1 X91.441 Y108.285 E.1659
G1 X91.055 Y108.285 E.00945
G1 X91.055 Y101.495 E.1659
G1 X90.668 Y101.495 E.00945
G1 X90.668 Y108.285 E.1659
G1 X90.281 Y108.285 E.00945
G1 X90.281 Y101.495 E.1659
G1 X89.895 Y101.495 E.00945
G1 X89.895 Y108.285 E.1659
G1 X89.508 Y108.285 E.00945
G1 X89.508 Y101.495 E.1659
G1 X89.121 Y101.495 E.00945
G1 X89.121 Y108.285 E.1659
G1 X88.735 Y108.285 E.00945
G1 X88.735 Y101.495 E.1659
G1 X88.348 Y101.495 E.00945
G1 X88.348 Y102.542 E.02558
G1 X88.247 Y102.414 E.00401
G1 X88.066 Y102.25 E.00596
G1 X87.962 Y102.185 E.003
G1 X87.962 Y101.495 E.01684
G1 X87.575 Y101.495 E.00945
G1 X87.575 Y102.017 E.01275
G1 X87.384 Y101.975 E.00479
G1 X87.188 Y101.972 E.00477
G1 X87.188 Y101.495 E.01164
G1 X86.802 Y101.495 E.00945
G1 X86.802 Y102.005 E.01246
G1 X86.687 Y102.025 E.00284
G1 X86.446 Y102.121 E.00634
G1 X86.446 Y102.004 E.00287
G1 X86.415 Y102.004 E.00076
G1 X86.415 Y101.495 E.01242
G1 X86.028 Y101.495 E.00945
G1 X86.028 Y102.004 E.01242
G1 X85.642 Y102.004 E.00945
G1 X85.642 Y101.495 E.01242
G1 X85.255 Y101.495 E.00945
G1 X85.255 Y102.004 E.01242
G1 X84.868 Y102.004 E.00945
G1 X84.868 Y101.495 E.01242
G1 X84.482 Y101.495 E.00945
G1 X84.482 Y102.004 E.01242
G1 X84.095 Y102.004 E.00945
G1 X84.095 Y101.495 E.01242
G1 X83.709 Y101.495 E.00945
G1 X83.709 Y102.177 E.01666
G1 E-1.75 F6000
;WIPE_START
G1 F1800
G1 X83.709 Y101.495 E-.51148
G1 X84.027 Y101.495 E-.23852
;WIPE_END
G1 X84.027 Y101.947 Z3.16 F18000
G1 X83.402 Y101.947
G1 X83.486 Y103.563
G1 X84.178 Y103.432
G1 X84.094 Y103.431
G1 X84.095 Y103.333
G1 Z2.96
G1 E2.5 F6000
G1 F1800
G1 X84.095 Y103.892 E.01367
G1 X83.709 Y103.616 E.01161
G1 X83.709 Y103.333 E.00693
G1 E-1.75 F6000
;WIPE_START
G1 F1800
G1 X83.709 Y103.616 E-.21261
G1 X84.095 Y103.892 E-.35628
G1 X84.095 Y103.651 E-.18111
;WIPE_END
G1 X84.133 Y103.651 Z3.16 F18000
G1 X84.178 Y103.432
G1 X83.54 Y103.425
G1 X83.516 Y102.061
G1 X85.181 Y102.061
G1 X85.639 Y102.14
G1 X85.951 Y102.499
G1 X85.951 Y103.011
G1 X85.864 Y105.508
G1 X85.976 Y104.345
G1 X88.348 Y105.221
G1 Z2.96
G1 E2.5 F6000
G1 F1800
G1 X88.348 Y108.285 E.07487
G1 X87.962 Y108.285 E.00945
G1 X87.962 Y105.896 E.05839
G1 X87.873 Y105.95 E.00254
G1 X87.575 Y106.054 E.00772
G1 X87.575 Y108.285 E.05451
G1 X87.188 Y108.285 E.00945
G1 X87.188 Y106.104 E.0533
G1 X86.922 Y106.09 E.00652
G1 X86.802 Y106.066 E.00299
G1 X86.802 Y108.285 E.05424
G1 X86.415 Y108.285 E.00945
G1 X86.415 Y105.931 E.05752
G1 X86.241 Y105.827 E.00495
G1 X86.028 Y105.627 E.00714
G1 X86.028 Y108.285 E.06496
G1 X85.642 Y108.285 E.00945
G1 X85.642 Y106.061 E.05434
G1 X85.255 Y106.061 E.00945
G1 X85.255 Y108.285 E.05434
G1 X84.868 Y108.285 E.00945
G1 X84.868 Y106.061 E.05434
G1 X84.63 Y106.061 E.00582
G1 X84.482 Y105.959 E.0044
G1 X84.482 Y108.285 E.05684
G1 X84.095 Y108.285 E.00945
G1 X84.095 Y105.693 E.06333
G1 X83.709 Y105.427 E.01146
G1 X83.709 Y108.285 E.06983
G1 X83.322 Y108.285 E.00945
G1 X83.322 Y101.495 E.1659
G1 X82.935 Y101.495 E.00945
G1 X82.935 Y108.285 E.1659
G1 X82.549 Y108.285 E.00945
G1 X82.549 Y101.495 E.1659
G1 X82.162 Y101.495 E.00945
G1 X82.162 Y108.285 E.1659
G1 X81.775 Y108.285 E.00945
G1 X81.775 Y101.495 E.1659
G1 X81.389 Y101.495 E.00945
G1 X81.389 Y108.285 E.1659
G1 X81.002 Y108.285 E.00945
G1 X81.002 Y101.495 E.1659
G1 X80.615 Y101.495 E.00945
G1 X80.615 Y108.285 E.1659
G1 X80.229 Y108.285 E.00945
G1 X80.229 Y101.495 E.1659
G1 X79.842 Y101.495 E.00945
G1 X79.842 Y108.285 E.1659
G1 X79.456 Y108.285 E.00945
G1 X79.456 Y101.495 E.1659
G1 X79.069 Y101.495 E.00945
G1 X79.069 Y108.285 E.1659
G1 X78.682 Y108.285 E.00945
G1 X78.682 Y101.495 E.1659
G1 X78.296 Y101.495 E.00945
G1 X78.296 Y108.285 E.1659
G1 X77.909 Y108.285 E.00945
G1 X77.909 Y101.495 E.1659
G1 X77.522 Y101.495 E.00945
G1 X77.522 Y108.285 E.1659
G1 X77.136 Y108.285 E.00945
G1 X77.136 Y101.495 E.1659
G1 X76.749 Y101.495 E.00945
G1 X76.749 Y108.285 E.1659
G1 X76.362 Y108.285 E.00945
G1 X76.362 Y101.495 E.1659
G1 X75.976 Y101.495 E.00945
G1 X75.976 Y108.285 E.1659
G1 X75.589 Y108.285 E.00945
G1 X75.589 Y101.495 E.1659
G1 X75.202 Y101.495 E.00945
G1 X75.202 Y108.285 E.1659
G1 X74.816 Y108.285 E.00945
G1 X74.816 Y101.495 E.1659
G1 X74.429 Y101.495 E.00945
G1 X74.429 Y108.285 E.1659
G1 X74.043 Y108.285 E.00945
G1 X74.043 Y101.495 E.1659
G1 X73.656 Y101.495 E.00945
G1 X73.656 Y108.285 E.1659
G1 X73.269 Y108.285 E.00945
G1 X73.269 Y101.495 E.1659
G1 X72.883 Y101.495 E.00945
G1 X72.883 Y108.285 E.1659
G1 X72.496 Y108.285 E.00945
G1 X72.496 Y101.322 E.17014
G1 E-1.75 F6000
;WIPE_START
G1 F1800
G1 X72.496 Y102.322 E-.75
;WIPE_END
G1 X76.27 Y102.89 Z3.16 F18000
G1 X83.635 Y103.999 Z3.16
G1 Z2.96
G1 E2.5 F6000
M204 P2000
;TYPE:Gap infill
;WIDTH:0.0877698
G1 X83.538 Y103.758 E.00088
G1 X83.55 Y103.732 E.0001
G1 E-2.21146
;WIPE_START
G1 X83.538 Y103.758 E-.02903
G1 X83.635 Y103.999 E-.25951
;WIPE_END
G1 X83.575 Y105.279 Z3.16 F18000
G1 Z2.96
G1 E2.5 F6000
;WIDTH:0.154066
G1 X83.575 Y103.758 E.01151
G1 E-1.75
;WIPE_START
G1 X83.575 Y104.758 E-.75
;WIPE_END
G1 X83.528 Y104.75 Z3.16 F18000
G1 X83.516 Y102.061
G1 X85.181 Y102.061
G1 X85.639 Y102.14
G1 X85.951 Y102.499
G1 X85.951 Y103.011
G1 X85.864 Y105.508
G1 X85.955 Y105.383
G1 Z2.96
G1 E2.5 F6000
;WIDTH:0.155704
G1 X85.815 Y105.431 E.00114
;WIDTH:0.170177
G1 X85.78 Y105.459 E.00038
;WIDTH:0.211076
G1 X85.745 Y105.486 E.0005
G1 X85.745 Y105.782 E.0033
G1 X85.835 Y105.934 E.00197
G1 E-1.98371
;WIPE_START
G1 X85.745 Y105.782 E-.17661
G1 X85.745 Y105.486 E-.29534
G1 X85.78 Y105.459 E-.04434
;WIPE_END
G1 X85.805 Y105.529 Z3.16 F18000
G1 X88.494 Y105.221
G1 Z2.96
G1 E2.5 F6000
;WIDTH:0.116374
G1 X88.522 Y105.045 E.00092
G1 E-2.32178
;WIPE_START
G1 X88.494 Y105.221 E-.17822
;WIPE_END
G1 X92.277 Y104.722 Z3.16 F18000
G1 X105.706 Y102.949 Z3.16
G1 X105.706 Y101.947
G1 X108.806 Y102.038
G1 X109.951 Y101.975
G1 X110.187 Y102.07
G1 X110.295 Y102.137
G1 X110.444 Y102.324
G1 Z2.96
G1 E2.5 F6000
;WIDTH:0.147263
G1 X110.23 Y102.204 E.00175
G1 X110.127 Y102.208 E.00074
G1 E-2.15125
;WIPE_START
G1 X110.23 Y102.204 E-.10366
G1 X110.444 Y102.324 E-.2451
;WIPE_END
G1 X110.295 Y102.137 Z3.16 F18000
G1 X108.975 Y101.97
G1 X108.806 Y102.038
G1 X105.706 Y101.947
G1 X105.789 Y103.563
G1 X106.376 Y103.977
G1 X106.405 Y104.064
G1 X106.456 Y104.047
G1 Z2.96
G1 E2.5 F6000
;WIDTH:0.292544
G1 X106.456 Y103.413 E.01034
G1 E-1.86646
;WIPE_START
G1 X106.456 Y104.047 E-.63354
;WIPE_END
G1 X106.405 Y104.064 Z3.16 F18000
G1 X106.376 Y103.977
G1 X105.789 Y103.563
G1 X105.706 Y101.947
G1 X108.806 Y102.038
G1 X109.951 Y101.975
G1 X110.295 Y102.137
G1 X114.456 Y101.947
G1 X114.456 Y103.563
G1 X113.895 Y103.563
G1 X114.387 Y104.5
G1 X131.767 Y105.494
G1 X132.524 Y105.508
G1 X132.506 Y105.468
G1 X132.372 Y105.529
G1 Z2.96
G1 E2.5 F6000
;WIDTH:0.298706
G1 X132.175 Y105.482 E.00339
G1 X132.104 Y105.526 E.00139
G1 X132.095 Y105.732 E.00344
;WIDTH:0.283917
G1 X132.119 Y105.755 E.00052
;WIDTH:0.237346
G1 X132.175 Y105.835 E.00126
;WIDTH:0.213895
G1 X132.232 Y105.915 E.00111
G1 E-2.40194
;WIPE_START
G1 X132.175 Y105.835 E-.09806
;WIPE_END
G1 X132.108 Y105.835 Z3.16 F18000
G1 X132.108 Y105.528
G1 X132.288 Y103.791
G1 X132.481 Y103.192
G1 X132.548 Y103.027
G1 X132.631 Y102.879
G1 X132.73 Y102.752
G1 X132.955 Y102.518
G1 X133.089 Y102.386
G1 X133.457 Y102.04
G1 X133.671 Y102.175
G1 X133.853 Y102.296
G1 X134.001 Y102.435
G1 X135.619 Y103.991
G1 X135.692 Y103.148
G1 X136.555 Y102.811
G1 X136.559 Y102.745
G1 X136.563 Y102.746
G1 Z2.96
G1 E2.5 F6000
;WIDTH:0.189922
G1 X136.563 Y102.266 E.00471
;WIDTH:0.172204
G1 X136.601 Y102.237 E.00043
;WIDTH:0.154485
G1 X136.64 Y102.207 E.00037
G1 E-2.45117
;WIPE_START
G1 X136.601 Y102.237 E-.04883
;WIPE_END
G1 X136.593 Y102.236 Z3.16 F18000
G1 X136.491 Y102.596
G1 X135.995 Y102.596
G1 X135.995 Y101.947
G1 X134.295 Y102.137
G1 X134.444 Y102.33
G1 Z2.96
G1 E2.5 F6000
;WIDTH:0.131885
G1 X134.196 Y102.189 E.00176
G1 X134.101 Y102.192 E.00058
G1 E-2.11995
;WIPE_START
G1 X134.196 Y102.189 E-.09487
G1 X134.444 Y102.33 E-.28517
;WIPE_END
G1 X134.805 Y102.458 Z3.16 F18000
G1 X134.847 Y103.145
G1 X135.646 Y103.834
G1 X139.156 Y108.229
G1 X141.986 Y111.771
G1 X147.504 Y118.678
G1 Z2.96
G1 E2.5 F6000
M204 P1000
;TYPE:Top surface
;WIDTH:0.420975
G1 F1800
G1 X147.504 Y111.715 E.17014
G1 X147.117 Y111.715 E.00945
G1 X147.117 Y118.505 E.1659
G1 X146.731 Y118.505 E.00945
G1 X146.731 Y111.715 E.1659
G1 X146.344 Y111.715 E.00945
G1 X146.344 Y118.505 E.1659
G1 X145.957 Y118.505 E.00945
G1 X145.957 Y111.715 E.1659
G1 X145.571 Y111.715 E.00945
G1 X145.571 Y118.505 E.1659
G1 X145.184 Y118.505 E.00945
G1 X145.184 Y111.715 E.1659
G1 X144.798 Y111.715 E.00945
G1 X144.798 Y118.505 E.1659
G1 X144.411 Y118.505 E.00945
G1 X144.411 Y111.715 E.1659
G1 X144.024 Y111.715 E.00945
G1 X144.024 Y118.505 E.1659
G1 X143.638 Y118.505 E.00945
G1 X143.638 Y111.715 E.1659
G1 X143.251 Y111.715 E.00945
G1 X143.251 Y118.505 E.1659
G1 X142.864 Y118.505 E.00945
G1 X142.864 Y111.715 E.1659
G1 X142.478 Y111.715 E.00945
G1 X142.478 Y118.505 E.1659
G1 X142.091 Y118.505 E.00945
G1 X142.091 Y111.715 E.1659
G1 X141.704 Y111.715 E.00945
G1 X141.704 Y118.505 E.1659
G1 X141.318 Y118.505 E.00945
G1 X141.318 Y111.715 E.1659
G1 X140.931 Y111.715 E.00945
G1 X140.931 Y118.505 E.1659
G1 X140.544 Y118.505 E.00945
G1 X140.544 Y111.715 E.1659
G1 X140.158 Y111.715 E.00945
G1 X140.158 Y118.505 E.1659
G1 X139.771 Y118.505 E.00945
G1 X139.771 Y111.715 E.1659
G1 X139.385 Y111.715 E.00945
G1 X139.385 Y118.505 E.1659
G1 X138.998 Y118.505 E.00945
G1 X138.998 Y111.715 E.1659
G1 X138.611 Y111.715 E.00945
G1 X138.611 Y118.505 E.1659
G1 X138.225 Y118.505 E.00945
G1 X138.225 Y111.715 E.1659
G1 X137.838 Y111.715 E.00945
G1 X137.838 Y118.505 E.1659
G1 X137.451 Y118.505 E.00945
G1 X137.451 Y111.715 E.1659
G1 X137.065 Y111.715 E.00945
G1 X137.065 Y118.505 E.1659
G1 X136.678 Y118.505 E.00945
G1 X136.678 Y111.715 E.1659
G1 X136.291 Y111.715 E.00945
G1 X136.291 Y118.505 E.1659
G1 X135.905 Y118.505 E.00945
G1 X135.905 Y111.715 E.1659
G1 X135.518 Y111.715 E.00945
G1 X135.518 Y118.505 E.1659
G1 X135.132 Y118.505 E.00945
G1 X135.132 Y111.715 E.1659
G1 X134.745 Y111.715 E.00945
G1 X134.745 Y118.505 E.1659
G1 X134.358 Y118.505 E.00945
G1 X134.358 Y111.715 E.1659
G1 X133.972 Y111.715 E.00945
G1 X133.972 Y118.505 E.1659
G1 X133.585 Y118.505 E.00945
G1 X133.585 Y111.715 E.1659
G1 X133.198 Y111.715 E.00945
G1 X133.198 Y118.505 E.1659
G1 X132.812 Y118.505 E.00945
G1 X132.812 Y111.715 E.1659
G1 X132.425 Y111.715 E.00945
G1 X132.425 Y118.505 E.1659
G1 X132.038 Y118.505 E.00945
G1 X132.038 Y111.715 E.1659
G1 X131.652 Y111.715 E.00945
G1 X131.652 Y118.505 E.1659
G1 X131.265 Y118.505 E.00945
G1 X131.265 Y111.715 E.1659
G1 X130.879 Y111.715 E.00945
G1 X130.879 Y118.505 E.1659
G1 X130.492 Y118.505 E.00945
G1 X130.492 Y111.715 E.1659
G1 X130.105 Y111.715 E.00945
G1 X130.105 Y118.505 E.1659
G1 X129.719 Y118.505 E.00945
G1 X129.719 Y111.715 E.1659
G1 X129.332 Y111.715 E.00945
G1 X129.332 Y118.505 E.1659
G1 X128.945 Y118.505 E.00945
G1 X128.945 Y111.715 E.1659
G1 X128.559 Y111.715 E.00945
G1 X128.559 Y118.505 E.1659
G1 X128.172 Y118.505 E.00945
G1 X128.172 Y111.715 E.1659
G1 X127.785 Y111.715 E.00945
G1 X127.785 Y118.505 E.1659
G1 X127.399 Y118.505 E.00945
G1 X127.399 Y111.715 E.1659
G1 X127.012 Y111.715 E.00945
G1 X127.012 Y118.505 E.1659
G1 X126.625 Y118.505 E.00945
G1 X126.625 Y111.715 E.1659
G1 X126.239 Y111.715 E.00945
G1 X126.239 Y118.505 E.1659
G1 X125.852 Y118.505 E.00945
G1 X125.852 Y111.715 E.1659
G1 X125.466 Y111.715 E.00945
G1 X125.466 Y118.505 E.1659
G1 X125.079 Y118.505 E.00945
G1 X125.079 Y111.715 E.1659
G1 X124.692 Y111.715 E.00945
G1 X124.692 Y118.505 E.1659
G1 X124.306 Y118.505 E.00945
G1 X124.306 Y111.715 E.1659
G1 X123.919 Y111.715 E.00945
G1 X123.919 Y118.505 E.1659
G1 X123.532 Y118.505 E.00945
G1 X123.532 Y111.715 E.1659
G1 X123.146 Y111.715 E.00945
G1 X123.146 Y118.505 E.1659
G1 X122.759 Y118.505 E.00945
G1 X122.759 Y111.715 E.1659
G1 X122.372 Y111.715 E.00945
G1 X122.372 Y118.505 E.1659
G1 X121.986 Y118.505 E.00945
G1 X121.986 Y111.715 E.1659
G1 X121.599 Y111.715 E.00945
G1 X121.599 Y118.505 E.1659
G1 X121.213 Y118.505 E.00945
G1 X121.213 Y111.715 E.1659
G1 X120.826 Y111.715 E.00945
G1 X120.826 Y118.505 E.1659
G1 X120.439 Y118.505 E.00945
G1 X120.439 Y111.715 E.1659
G1 X120.053 Y111.715 E.00945
G1 X120.053 Y118.505 E.1659
G1 X119.666 Y118.505 E.00945
G1 X119.666 Y111.715 E.1659
G1 X119.279 Y111.715 E.00945
G1 X119.279 Y118.505 E.1659
G1 X118.893 Y118.505 E.00945
G1 X118.893 Y111.715 E.1659
G1 X118.506 Y111.715 E.00945
G1 X118.506 Y118.505 E.1659
G1 X118.119 Y118.505 E.00945
G1 X118.119 Y111.715 E.1659
G1 X117.733 Y111.715 E.00945
G1 X117.733 Y118.505 E.1659
G1 X117.346 Y118.505 E.00945
G1 X117.346 Y111.715 E.1659
G1 X116.96 Y111.715 E.00945
G1 X116.96 Y118.505 E.1659
G1 X116.573 Y118.505 E.00945
G1 X116.573 Y111.715 E.1659
G1 X116.186 Y111.715 E.00945
G1 X116.186 Y118.505 E.1659
G1 X115.8 Y118.505 E.00945
G1 X115.8 Y111.715 E.1659
G1 X115.413 Y111.715 E.00945
G1 X115.413 Y118.505 E.1659
G1 X115.026 Y118.505 E.00945
G1 X115.026 Y111.715 E.1659
G1 X114.64 Y111.715 E.00945
G1 X114.64 Y118.505 E.1659
G1 X114.253 Y118.505 E.00945
G1 X114.253 Y111.715 E.1659
G1 X113.866 Y111.715 E.00945
G1 X113.866 Y118.505 E.1659
G1 X113.48 Y118.505 E.00945
G1 X113.48 Y111.715 E.1659
G1 X113.093 Y111.715 E.00945
G1 X113.093 Y118.505 E.1659
G1 X112.706 Y118.505 E.00945
G1 X112.706 Y111.715 E.1659
G1 X112.32 Y111.715 E.00945
G1 X112.32 Y118.505 E.1659
G1 X111.933 Y118.505 E.00945
G1 X111.933 Y111.715 E.1659
G1 X111.547 Y111.715 E.00945
G1 X111.547 Y118.505 E.1659
G1 X111.16 Y118.505 E.00945
G1 X111.16 Y111.715 E.1659
G1 X110.773 Y111.715 E.00945
G1 X110.773 Y118.505 E.1659
G1 X110.387 Y118.505 E.00945
G1 X110.387 Y111.715 E.1659
G1 X110 Y111.715 E.00945
G1 X110 Y118.505 E.1659
G1 X109.613 Y118.505 E.00945
G1 X109.613 Y111.715 E.1659
G1 X109.227 Y111.715 E.00945
G1 X109.227 Y118.505 E.1659
G1 X108.84 Y118.505 E.00945
G1 X108.84 Y111.715 E.1659
G1 X108.453 Y111.715 E.00945
G1 X108.453 Y118.505 E.1659
G1 X108.067 Y118.505 E.00945
G1 X108.067 Y111.715 E.1659
G1 X107.68 Y111.715 E.00945
G1 X107.68 Y118.505 E.1659
G1 X107.294 Y118.505 E.00945
G1 X107.294 Y111.715 E.1659
G1 X106.907 Y111.715 E.00945
G1 X106.907 Y118.505 E.1659
G1 X106.52 Y118.505 E.00945
G1 X106.52 Y111.715 E.1659
G1 X106.134 Y111.715 E.00945
G1 X106.134 Y118.505 E.1659
G1 X105.747 Y118.505 E.00945
G1 X105.747 Y111.715 E.1659
G1 X105.36 Y111.715 E.00945
G1 X105.36 Y118.505 E.1659
G1 X104.974 Y118.505 E.00945
G1 X104.974 Y111.715 E.1659
G1 X104.587 Y111.715 E.00945
G1 X104.587 Y118.505 E.1659
G1 X104.2 Y118.505 E.00945
G1 X104.2 Y111.715 E.1659
G1 X103.814 Y111.715 E.00945
G1 X103.814 Y118.505 E.1659
G1 X103.427 Y118.505 E.00945
G1 X103.427 Y111.715 E.1659
G1 X103.04 Y111.715 E.00945
G1 X103.04 Y118.505 E.1659
G1 X102.654 Y118.505 E.00945
G1 X102.654 Y111.715 E.1659
G1 X102.267 Y111.715 E.00945
G1 X102.267 Y118.505 E.1659
G1 X101.881 Y118.505 E.00945
G1 X101.881 Y111.715 E.1659
G1 X101.494 Y111.715 E.00945
G1 X101.494 Y118.505 E.1659
G1 X101.107 Y118.505 E.00945
G1 X101.107 Y111.715 E.1659
G1 X100.721 Y111.715 E.00945
G1 X100.721 Y118.505 E.1659
G1 X100.334 Y118.505 E.00945
G1 X100.334 Y111.715 E.1659
G1 X99.947 Y111.715 E.00945
G1 X99.947 Y118.505 E.1659
G1 X99.561 Y118.505 E.00945
G1 X99.561 Y111.715 E.1659
G1 X99.174 Y111.715 E.00945
G1 X99.174 Y118.505 E.1659
G1 X98.787 Y118.505 E.00945
G1 X98.787 Y111.715 E.1659
G1 X98.401 Y111.715 E.00945
G1 X98.401 Y118.505 E.1659
G1 X98.014 Y118.505 E.00945
G1 X98.014 Y111.715 E.1659
G1 X97.628 Y111.715 E.00945
G1 X97.628 Y118.505 E.1659
G1 X97.241 Y118.505 E.00945
G1 X97.241 Y111.715 E.1659
G1 X96.854 Y111.715 E.00945
G1 X96.854 Y118.505 E.1659
G1 X96.468 Y118.505 E.00945
G1 X96.468 Y111.715 E.1659
G1 X96.081 Y111.715 E.00945
G1 X96.081 Y118.505 E.1659
G1 X95.694 Y118.505 E.00945
G1 X95.694 Y111.715 E.1659
G1 X95.308 Y111.715 E.00945
G1 X95.308 Y118.505 E.1659
G1 X94.921 Y118.505 E.00945
G1 X94.921 Y111.715 E.1659
G1 X94.534 Y111.715 E.00945
G1 X94.534 Y118.505 E.1659
G1 X94.148 Y118.505 E.00945
G1 X94.148 Y111.715 E.1659
G1 X93.761 Y111.715 E.00945
G1 X93.761 Y118.505 E.1659
G1 X93.375 Y118.505 E.00945
G1 X93.375 Y111.715 E.1659
G1 X92.988 Y111.715 E.00945
G1 X92.988 Y118.505 E.1659
G1 X92.601 Y118.505 E.00945
G1 X92.601 Y111.715 E.1659
G1 X92.215 Y111.715 E.00945
G1 X92.215 Y118.505 E.1659
G1 X91.828 Y118.505 E.00945
G1 X91.828 Y111.715 E.1659
G1 X91.441 Y111.715 E.00945
G1 X91.441 Y118.505 E.1659
G1 X91.055 Y118.505 E.00945
G1 X91.055 Y111.715 E.1659
G1 X90.668 Y111.715 E.00945
G1 X90.668 Y118.505 E.1659
G1 X90.281 Y118.505 E.00945
G1 X90.281 Y111.715 E.1659
G1 X89.895 Y111.715 E.00945
G1 X89.895 Y118.505 E.1659
G1 X89.508 Y118.505 E.00945
G1 X89.508 Y111.715 E.1659
G1 X89.121 Y111.715 E.00945
G1 X89.121 Y118.505 E.1659
G1 X88.735 Y118.505 E.00945
G1 X88.735 Y111.715 E.1659
G1 X88.348 Y111.715 E.00945
G1 X88.348 Y118.505 E.1659
G1 X87.962 Y118.505 E.00945
G1 X87.962 Y111.715 E.1659
G1 X87.575 Y111.715 E.00945
G1 X87.575 Y118.505 E.1659
G1 X87.188 Y118.505 E.00945
G1 X87.188 Y111.715 E.1659
G1 X86.802 Y111.715 E.00945
G1 X86.802 Y118.505 E.1659
G1 X86.415 Y118.505 E.00945
G1 X86.415 Y111.715 E.1659
G1 X86.028 Y111.715 E.00945
G1 X86.028 Y118.505 E.1659
G1 X85.642 Y118.505 E.00945
G1 X85.642 Y111.715 E.1659
G1 X85.255 Y111.715 E.00945
G1 X85.255 Y118.505 E.1659
G1 X84.868 Y118.505 E.00945
G1 X84.868 Y111.715 E.1659
G1 X84.482 Y111.715 E.00945
G1 X84.482 Y118.505 E.1659
G1 X84.095 Y118.505 E.00945
G1 X84.095 Y111.715 E.1659
G1 X83.709 Y111.715 E.00945
G1 X83.709 Y118.505 E.1659
G1 X83.322 Y118.505 E.00945
G1 X83.322 Y111.715 E.1659
G1 X82.935 Y111.715 E.00945
G1 X82.935 Y118.505 E.1659
G1 X82.549 Y118.505 E.00945
G1 X82.549 Y111.715 E.1659
G1 X82.162 Y111.715 E.00945
G1 X82.162 Y118.505 E.1659
G1 X81.775 Y118.505 E.00945
G1 X81.775 Y111.715 E.1659
G1 X81.389 Y111.715 E.00945
G1 X81.389 Y118.505 E.1659
G1 X81.002 Y118.505 E.00945
G1 X81.002 Y111.715 E.1659
G1 X80.615 Y111.715 E.00945
G1 X80.615 Y118.505 E.1659
G1 X80.229 Y118.505 E.00945
G1 X80.229 Y111.715 E.1659
G1 X79.842 Y111.715 E.00945
G1 X79.842 Y118.505 E.1659
G1 X79.456 Y118.505 E.00945
G1 X79.456 Y111.715 E.1659
G1 X79.069 Y111.715 E.00945
G1 X79.069 Y118.505 E.1659
G1 X78.682 Y118.505 E.00945
G1 X78.682 Y111.715 E.1659
G1 X78.296 Y111.715 E.00945
G1 X78.296 Y118.505 E.1659
G1 X77.909 Y118.505 E.00945
G1 X77.909 Y111.715 E.1659
G1 X77.522 Y111.715 E.00945
G1 X77.522 Y118.505 E.1659
G1 X77.136 Y118.505 E.00945
G1 X77.136 Y111.715 E.1659
G1 X76.749 Y111.715 E.00945
G1 X76.749 Y118.505 E.1659
G1 X76.362 Y118.505 E.00945
G1 X76.362 Y111.715 E.1659
G1 X75.976 Y111.715 E.00945
G1 X75.976 Y118.505 E.1659
G1 X75.589 Y118.505 E.00945
G1 X75.589 Y111.715 E.1659
G1 X75.202 Y111.715 E.00945
G1 X75.202 Y118.505 E.1659
G1 X74.816 Y118.505 E.00945
G1 X74.816 Y111.715 E.1659
G1 X74.429 Y111.715 E.00945
G1 X74.429 Y118.505 E.1659
G1 X74.043 Y118.505 E.00945
G1 X74.043 Y111.715 E.1659
G1 X73.656 Y111.715 E.00945
G1 X73.656 Y118.505 E.1659
G1 X73.269 Y118.505 E.00945
G1 X73.269 Y111.715 E.1659
G1 X72.883 Y111.715 E.00945
G1 X72.883 Y118.505 E.1659
G1 X72.496 Y118.505 E.00945
G1 X72.496 Y111.541 E.17014
G1 E-1.75 F6000
;WIPE_START
G1 F1800
G1 X72.496 Y112.541 E-.75
;WIPE_END
G1 X76.299 Y112.857 Z3.16 F18000
G1 X147.75 Y118.795 Z3.16
G1 Z2.96
G1 E2.5 F6000
M204 P2000
;TYPE:Ironing
;WIDTH:0.401288
;HEIGHT:0.006
G1 F900
G1 X147.75 Y112.05 E.00639
G1 X147.65 Y112.05 E.00009
G1 X147.65 Y118.75 E.00635
G1 X147.55 Y118.75 E.00009
G1 X147.55 Y112.05 E.00635
G1 X147.45 Y112.05 E.00009
G1 X147.45 Y118.75 E.00635
G1 X147.35 Y118.75 E.00009
G1 X147.35 Y112.05 E.00635
G1 X147.25 Y112.05 E.00009
G1 X147.25 Y118.75 E.00635
G1 X147.15 Y118.75 E.00009
G1 X147.15 Y112.05 E.00635
G1 X147.05 Y112.05 E.00009
G1 X147.05 Y118.75 E.00635
G1 X146.95 Y118.75 E.00009
G1 X146.95 Y112.05 E.00635
G1 X146.85 Y112.05 E.00009
G1 X146.85 Y118.75 E.00635
G1 X146.75 Y118.75 E.00009
G1 X146.75 Y112.05 E.00635
G1 X146.65 Y112.05 E.00009
G1 X146.65 Y118.75 E.00635
G1 X146.55 Y118.75 E.00009
G1 X146.55 Y112.05 E.00635
G1 X146.45 Y112.05 E.00009
G1 X146.45 Y118.75 E.00635
G1 X146.35 Y118.75 E.00009
G1 X146.35 Y112.05 E.00635
G1 X146.25 Y112.05 E.00009
G1 X146.25 Y118.75 E.00635
G1 X146.15 Y118.75 E.00009
G1 X146.15 Y112.05 E.00635
G1 X146.05 Y112.05 E.00009
G1 X146.05 Y118.75 E.00635
G1 X145.95 Y118.75 E.00009
G1 X145.95 Y112.05 E.00635
G1 X145.85 Y112.05 E.00009
G1 X145.85 Y118.75 E.00635
G1 X145.75 Y118.75 E.00009
G1 X145.75 Y112.05 E.00635
G1 X145.65 Y112.05 E.00009
G1 X145.65 Y118.75 E.00635
G1 X145.55 Y118.75 E.00009
G1 X145.55 Y112.05 E.00635
G1 X145.45 Y112.05 E.00009
G1 X145.45 Y118.75 E.00635
G1 X145.35 Y118.75 E.00009
G1 X145.35 Y112.05 E.00635
G1 X145.25 Y112.05 E.00009
G1 X145.25 Y118.75 E.00635
G1 X145.15 Y118.75 E.00009
G1 X145.15 Y112.05 E.00635
G1 X145.05 Y112.05 E.00009
G1 X145.05 Y118.75 E.00635
G1 X144.95 Y118.75 E.00009
G1 X144.95 Y112.05 E.00635
G1 X144.85 Y112.05 E.00009
G1 X144.85 Y118.75 E.00635
G1 X144.75 Y118.75 E.00009
G1 X144.75 Y112.05 E.00635
G1 X144.65 Y112.05 E.00009
G1 X144.65 Y118.75 E.00635
G1 X144.55 Y118.75 E.00009
G1 X144.55 Y112.05 E.00635
G1 X144.45 Y112.05 E.00009
G1 X144.45 Y118.75 E.00635
G1 X144.35 Y118.75 E.00009
G1 X144.35 Y112.05 E.00635
G1 X144.25 Y112.05 E.00009
G1 X144.25 Y118.75 E.00635
G1 X144.15 Y118.75 E.00009
G1 X144.15 Y112.05 E.00635
G1 X144.05 Y112.05 E.00009
G1 X144.05 Y118.75 E.00635
G1 X143.95 Y118.75 E.00009
G1 X143.95 Y112.05 E.00635
G1 X143.85 Y112.05 E.00009
G1 X143.85 Y118.75 E.00635
G1 X143.75 Y118.75 E.00009
G1 X143.75 Y112.05 E.00635
G1 X143.65 Y112.05 E.00009
G1 X143.65 Y118.75 E.00635
G1 X143.55 Y118.75 E.00009
G1 X143.55 Y112.05 E.00635
G1 X143.45 Y112.05 E.00009
G1 X143.45 Y118.75 E.00635
G1 X143.35 Y118.75 E.00009
G1 X143.35 Y112.05 E.00635
G1 X143.25 Y112.05 E.00009
G1 X143.25 Y118.75 E.00635
G1 X143.15 Y118.75 E.00009
G1 X143.15 Y112.05 E.00635
G1 X143.05 Y112.05 E.00009
G1 X143.05 Y118.75 E.00635
G1 X142.95 Y118.75 E.00009
G1 X142.95 Y112.05 E.00635
G1 X142.85 Y112.05 E.00009
G1 X142.85 Y118.75 E.00635
G1 X142.75 Y118.75 E.00009
G1 X142.75 Y112.05 E.00635
G1 X142.65 Y112.05 E.00009
G1 X142.65 Y118.75 E.00635
G1 X142.55 Y118.75 E.00009
G1 X142.55 Y112.05 E.00635
G1 X142.45 Y112.05 E.00009
G1 X142.45 Y118.75 E.00635
G1 X142.35 Y118.75 E.00009
G1 X142.35 Y112.05 E.00635
G1 X142.25 Y112.05 E.00009
G1 X142.25 Y118.75 E.00635
G1 X142.15 Y118.75 E.00009
G1 X142.15 Y112.05 E.00635
G1 X142.05 Y112.05 E.00009
G1 X142.05 Y118.75 E.00635
G1 X141.95 Y118.75 E.00009
G1 X141.95 Y112.05 E.00635
G1 X141.85 Y112.05 E.00009
G1 X141.85 Y118.75 E.00635
G1 X141.75 Y118.75 E.00009
G1 X141.75 Y112.05 E.00635
G1 X141.65 Y112.05 E.00009
G1 X141.65 Y118.75 E.00635
G1 X141.55 Y118.75 E.00009
G1 X141.55 Y112.05 E.00635
G1 X141.45 Y112.05 E.00009
G1 X141.45 Y118.75 E.00635
G1 X141.35 Y118.75 E.00009
G1 X141.35 Y112.05 E.00635
G1 X141.25 Y112.05 E.00009
G1 X141.25 Y118.75 E.00635
G1 X141.15 Y118.75 E.00009
G1 X141.15 Y112.05 E.00635
G1 X141.05 Y112.05 E.00009
G1 X141.05 Y118.75 E.00635
G1 X140.95 Y118.75 E.00009
G1 X140.95 Y112.05 E.00635
G1 X140.85 Y112.05 E.00009
G1 X140.85 Y118.75 E.00635
G1 X140.75 Y118.75 E.00009
G1 X140.75 Y112.05 E.00635
G1 X140.65 Y112.05 E.00009
G1 X140.65 Y118.75 E.00635
G1 X140.55 Y118.75 E.00009
G1 X140.55 Y112.05 E.00635
G1 X140.45 Y112.05 E.00009
G1 X140.45 Y118.75 E.00635
G1 X140.35 Y118.75 E.00009
G1 X140.35 Y112.05 E.00635
G1 X140.25 Y112.05 E.00009
G1 X140.25 Y118.75 E.00635
G1 X140.15 Y118.75 E.00009
G1 X140.15 Y112.05 E.00635
G1 X140.05 Y112.05 E.00009
G1 X140.05 Y118.75 E.00635
G1 X139.95 Y118.75 E.00009
G1 X139.95 Y112.05 E.00635
G1 X139.85 Y112.05 E.00009
G1 X139.85 Y118.75 E.00635
G1 X139.75 Y118.75 E.00009
G1 X139.75 Y112.05 E.00635
G1 X139.65 Y112.05 E.00009
G1 X139.65 Y118.75 E.00635
G1 X139.55 Y118.75 E.00009
G1 X139.55 Y112.05 E.00635
G1 X139.45 Y112.05 E.00009
G1 X139.45 Y118.75 E.00635
G1 X139.35 Y118.75 E.00009
G1 X139.35 Y112.05 E.00635
G1 X139.25 Y112.05 E.00009
G1 X139.25 Y118.75 E.00635
G1 X139.15 Y118.75 E.00009
G1 X139.15 Y112.05 E.00635
G1 X139.05 Y112.05 E.00009
G1 X139.05 Y118.75 E.00635
G1 X138.95 Y118.75 E.00009
G1 X138.95 Y112.05 E.00635
G1 X138.85 Y112.05 E.00009
G1 X138.85 Y118.75 E.00635
G1 X138.75 Y118.75 E.00009
G1 X138.75 Y112.05 E.00635
G1 X138.65 Y112.05 E.00009
G1 X138.65 Y118.75 E.00635
G1 X138.55 Y118.75 E.00009
G1 X138.55 Y112.05 E.00635
G1 X138.45 Y112.05 E.00009
G1 X138.45 Y118.75 E.00635
G1 X138.35 Y118.75 E.00009
G1 X138.35 Y112.05 E.00635
G1 X138.25 Y112.05 E.00009
G1 X138.25 Y118.75 E.00635
G1 X138.15 Y118.75 E.00009
G1 X138.15 Y112.05 E.00635
G1 X138.05 Y112.05 E.00009
G1 X138.05 Y118.75 E.00635
G1 X137.95 Y118.75 E.00009
G1 X137.95 Y112.05 E.00635
G1 X137.85 Y112.05 E.00009
G1 X137.85 Y118.75 E.00635
G1 X137.75 Y118.75 E.00009
G1 X137.75 Y112.05 E.00635
G1 X137.65 Y112.05 E.00009
G1 X137.65 Y118.75 E.00635
G1 X137.55 Y118.75 E.00009
G1 X137.55 Y112.05 E.00635
G1 X137.45 Y112.05 E.00009
G1 X137.45 Y118.75 E.00635
G1 X137.35 Y118.75 E.00009
G1 X137.35 Y112.05 E.00635
G1 X137.25 Y112.05 E.00009
G1 X137.25 Y118.75 E.00635
G1 X137.15 Y118.75 E.00009
G1 X137.15 Y112.05 E.00635
G1 X137.05 Y112.05 E.00009
G1 X137.05 Y118.75 E.00635
G1 X136.95 Y118.75 E.00009
G1 X136.95 Y112.05 E.00635
G1 X136.85 Y112.05 E.00009
G1 X136.85 Y118.75 E.00635
G1 X136.75 Y118.75 E.00009
G1 X136.75 Y112.05 E.00635
G1 X136.65 Y112.05 E.00009
G1 X136.65 Y118.75 E.00635
G1 X136.55 Y118.75 E.00009
G1 X136.55 Y112.05 E.00635
G1 X136.45 Y112.05 E.00009
G1 X136.45 Y118.75 E.00635
G1 X136.35 Y118.75 E.00009
G1 X136.35 Y112.05 E.00635
G1 X136.25 Y112.05 E.00009
G1 X136.25 Y118.75 E.00635
G1 X136.15 Y118.75 E.00009
G1 X136.15 Y112.05 E.00635
G1 X136.05 Y112.05 E.00009
G1 X136.05 Y118.75 E.00635
G1 X135.95 Y118.75 E.00009
G1 X135.95 Y112.05 E.00635
G1 X135.85 Y112.05 E.00009
G1 X135.85 Y118.75 E.00635
G1 X135.75 Y118.75 E.00009
G1 X135.75 Y112.05 E.00635
G1 X135.65 Y112.05 E.00009
G1 X135.65 Y118.75 E.00635
G1 X135.55 Y118.75 E.00009
G1 X135.55 Y112.05 E.00635
G1 X135.45 Y112.05 E.00009
G1 X135.45 Y118.75 E.00635
G1 X135.35 Y118.75 E.00009
G1 X135.35 Y112.05 E.00635
G1 X135.25 Y112.05 E.00009
G1 X135.25 Y118.75 E.00635
G1 X135.15 Y118.75 E.00009
G1 X135.15 Y112.05 E.00635
G1 X135.05 Y112.05 E.00009
G1 X135.05 Y118.75 E.00635
G1 X134.95 Y118.75 E.00009
G1 X134.95 Y112.05 E.00635
G1 X134.85 Y112.05 E.00009
G1 X134.85 Y118.75 E.00635
G1 X134.75 Y118.75 E.00009
G1 X134.75 Y112.05 E.00635
G1 X134.65 Y112.05 E.00009
G1 X134.65 Y118.75 E.00635
G1 X134.55 Y118.75 E.00009
G1 X134.55 Y112.05 E.00635
G1 X134.45 Y112.05 E.00009
G1 X134.45 Y118.75 E.00635
G1 X134.35 Y118.75 E.00009
G1 X134.35 Y112.05 E.00635
G1 X134.25 Y112.05 E.00009
G1 X134.25 Y118.75 E.00635
G1 X134.15 Y118.75 E.00009
G1 X134.15 Y112.05 E.00635
G1 X134.05 Y112.05 E.00009
G1 X134.05 Y118.75 E.00635
G1 X133.95 Y118.75 E.00009
G1 X133.95 Y112.05 E.00635
G1 X133.85 Y112.05 E.00009
G1 X133.85 Y118.75 E.00635
G1 X133.75 Y118.75 E.00009
G1 X133.75 Y112.05 E.00635
G1 X133.65 Y112.05 E.00009
G1 X133.65 Y118.75 E.00635
G1 X133.55 Y118.75 E.00009
G1 X133.55 Y112.05 E.00635
G1 X133.45 Y112.05 E.00009
G1 X133.45 Y118.75 E.00635
G1 X133.35 Y118.75 E.00009
G1 X133.35 Y112.05 E.00635
G1 X133.25 Y112.05 E.00009
G1 X133.25 Y118.75 E.00635
G1 X133.15 Y118.75 E.00009
G1 X133.15 Y112.05 E.00635
G1 X133.05 Y112.05 E.00009
G1 X133.05 Y118.75 E.00635
G1 X132.95 Y118.75 E.00009
G1 X132.95 Y112.05 E.00635
G1 X132.85 Y112.05 E.00009
G1 X132.85 Y118.75 E.00635
G1 X132.75 Y118.75 E.00009
G1 X132.75 Y112.05 E.00635
G1 X132.65 Y112.05 E.00009
G1 X132.65 Y118.75 E.00635
G1 X132.55 Y118.75 E.00009
G1 X132.55 Y112.05 E.00635
G1 X132.45 Y112.05 E.00009
G1 X132.45 Y118.75 E.00635
G1 X132.35 Y118.75 E.00009
G1 X132.35 Y112.05 E.00635
G1 X132.25 Y112.05 E.00009
G1 X132.25 Y118.75 E.00635
G1 X132.15 Y118.75 E.00009
G1 X132.15 Y112.05 E.00635
G1 X132.05 Y112.05 E.00009
G1 X132.05 Y118.75 E.00635
G1 X131.95 Y118.75 E.00009
G1 X131.95 Y112.05 E.00635
G1 X131.85 Y112.05 E.00009
G1 X131.85 Y118.75 E.00635
G1 X131.75 Y118.75 E.00009
G1 X131.75 Y112.05 E.00635
G1 X131.65 Y112.05 E.00009
G1 X131.65 Y118.75 E.00635
G1 X131.55 Y118.75 E.00009
G1 X131.55 Y112.05 E.00635
G1 X131.45 Y112.05 E.00009
G1 X131.45 Y118.75 E.00635
G1 X131.35 Y118.75 E.00009
G1 X131.35 Y112.05 E.00635
G1 X131.25 Y112.05 E.00009
G1 X131.25 Y118.75 E.00635
G1 X131.15 Y118.75 E.00009
G1 X131.15 Y112.05 E.00635
G1 X131.05 Y112.05 E.00009
G1 X131.05 Y118.75 E.00635
G1 X130.95 Y118.75 E.00009
G1 X130.95 Y112.05 E.00635
G1 X130.85 Y112.05 E.00009
G1 X130.85 Y118.75 E.00635
G1 X130.75 Y118.75 E.00009
G1 X130.75 Y112.05 E.00635
G1 X130.65 Y112.05 E.00009
G1 X130.65 Y118.75 E.00635
G1 X130.55 Y118.75 E.00009
G1 X130.55 Y112.05 E.00635
G1 X130.45 Y112.05 E.00009
G1 X130.45 Y118.75 E.00635
G1 X130.35 Y118.75 E.00009
G1 X130.35 Y112.05 E.00635
G1 X130.25 Y112.05 E.00009
G1 X130.25 Y118.75 E.00635
G1 X130.15 Y118.75 E.00009
G1 X130.15 Y112.05 E.00635
G1 X130.05 Y112.05 E.00009
G1 X130.05 Y118.75 E.00635
G1 X129.95 Y118.75 E.00009
G1 X129.95 Y112.05 E.00635
G1 X129.85 Y112.05 E.00009
G1 X129.85 Y118.75 E.00635
G1 X129.75 Y118.75 E.00009
G1 X129.75 Y112.05 E.00635
G1 X129.65 Y112.05 E.00009
G1 X129.65 Y118.75 E.00635
G1 X129.55 Y118.75 E.00009
G1 X129.55 Y112.05 E.00635
G1 X129.45 Y112.05 E.00009
G1 X129.45 Y118.75 E.00635
G1 X129.35 Y118.75 E.00009
G1 X129.35 Y112.05 E.00635
G1 X129.25 Y112.05 E.00009
G1 X129.25 Y118.75 E.00635
G1 X129.15 Y118.75 E.00009
G1 X129.15 Y112.05 E.00635
G1 X129.05 Y112.05 E.00009
G1 X129.05 Y118.75 E.00635
G1 X128.95 Y118.75 E.00009
G1 X128.95 Y112.05 E.00635
G1 X128.85 Y112.05 E.00009
G1 X128.85 Y118.75 E.00635
G1 X128.75 Y118.75 E.00009
G1 X128.75 Y112.05 E.00635
G1 X128.65 Y112.05 E.00009
G1 X128.65 Y118.75 E.00635
G1 X128.55 Y118.75 E.00009
G1 X128.55 Y112.05 E.00635
G1 X128.45 Y112.05 E.00009
G1 X128.45 Y118.75 E.00635
G1 X128.35 Y118.75 E.00009
G1 X128.35 Y112.05 E.00635
G1 X128.25 Y112.05 E.00009
G1 X128.25 Y118.75 E.00635
G1 X128.15 Y118.75 E.00009
G1 X128.15 Y112.05 E.00635
G1 X128.05 Y112.05 E.00009
G1 X128.05 Y118.75 E.00635
G1 X127.95 Y118.75 E.00009
G1 X127.95 Y112.05 E.00635
G1 X127.85 Y112.05 E.00009
G1 X127.85 Y118.75 E.00635
G1 X127.75 Y118.75 E.00009
G1 X127.75 Y112.05 E.00635
G1 X127.65 Y112.05 E.00009
G1 X127.65 Y118.75 E.00635
G1 X127.55 Y118.75 E.00009
G1 X127.55 Y112.05 E.00635
G1 X127.45 Y112.05 E.00009
G1 X127.45 Y118.75 E.00635
G1 X127.35 Y118.75 E.00009
G1 X127.35 Y112.05 E.00635
G1 X127.25 Y112.05 E.00009
G1 X127.25 Y118.75 E.00635
G1 X127.15 Y118.75 E.00009
G1 X127.15 Y112.05 E.00635
G1 X127.05 Y112.05 E.00009
G1 X127.05 Y118.75 E.00635
G1 X126.95 Y118.75 E.00009
G1 X126.95 Y112.05 E.00635
G1 X126.85 Y112.05 E.00009
G1 X126.85 Y118.75 E.00635
G1 X126.75 Y118.75 E.00009
G1 X126.75 Y112.05 E.00635
G1 X126.65 Y112.05 E.00009
G1 X126.65 Y118.75 E.00635
G1 X126.55 Y118.75 E.00009
G1 X126.55 Y112.05 E.00635
G1 X126.45 Y112.05 E.00009
G1 X126.45 Y118.75 E.00635
G1 X126.35 Y118.75 E.00009
G1 X126.35 Y112.05 E.00635
G1 X126.25 Y112.05 E.00009
G1 X126.25 Y118.75 E.00635
G1 X126.15 Y118.75 E.00009
G1 X126.15 Y112.05 E.00635
G1 X126.05 Y112.05 E.00009
G1 X126.05 Y118.75 E.00635
G1 X125.95 Y118.75 E.00009
G1 X125.95 Y112.05 E.00635
G1 X125.85 Y112.05 E.00009
G1 X125.85 Y118.75 E.00635
G1 X125.75 Y118.75 E.00009
G1 X125.75 Y112.05 E.00635
G1 X125.65 Y112.05 E.00009
G1 X125.65 Y118.75 E.00635
G1 X125.55 Y118.75 E.00009
G1 X125.55 Y112.05 E.00635
G1 X125.45 Y112.05 E.00009
G1 X125.45 Y118.75 E.00635
G1 X125.35 Y118.75 E.00009
G1 X125.35 Y112.05 E.00635
G1 X125.25 Y112.05 E.00009
G1 X125.25 Y118.75 E.00635
G1 X125.15 Y118.75 E.00009
G1 X125.15 Y112.05 E.00635
G1 X125.05 Y112.05 E.00009
G1 X125.05 Y118.75 E.00635
G1 X124.95 Y118.75 E.00009
G1 X124.95 Y112.05 E.00635
G1 X124.85 Y112.05 E.00009
G1 X124.85 Y118.75 E.00635
G1 X124.75 Y118.75 E.00009
G1 X124.75 Y112.05 E.00635
G1 X124.65 Y112.05 E.00009
G1 X124.65 Y118.75 E.00635
G1 X124.55 Y118.75 E.00009
G1 X124.55 Y112.05 E.00635
G1 X124.45 Y112.05 E.00009
G1 X124.45 Y118.75 E.00635
G1 X124.35 Y118.75 E.00009
G1 X124.35 Y112.05 E.00635
G1 X124.25 Y112.05 E.00009
G1 X124.25 Y118.75 E.00635
G1 X124.15 Y118.75 E.00009
G1 X124.15 Y112.05 E.00635
G1 X124.05 Y112.05 E.00009
G1 X124.05 Y118.75 E.00635
G1 X123.95 Y118.75 E.00009
G1 X123.95 Y112.05 E.00635
G1 X123.85 Y112.05 E.00009
G1 X123.85 Y118.75 E.00635
G1 X123.75 Y118.75 E.00009
G1 X123.75 Y112.05 E.00635
G1 X123.65 Y112.05 E.00009
G1 X123.65 Y118.75 E.00635
G1 X123.55 Y118.75 E.00009
G1 X123.55 Y112.05 E.00635
G1 X123.45 Y112.05 E.00009
G1 X123.45 Y118.75 E.00635
G1 X123.35 Y118.75 E.00009
G1 X123.35 Y112.05 E.00635
G1 X123.25 Y112.05 E.00009
G1 X123.25 Y118.75 E.00635
G1 X123.15 Y118.75 E.00009
G1 X123.15 Y112.05 E.00635
G1 X123.05 Y112.05 E.00009
G1 X123.05 Y118.75 E.00635
G1 X122.95 Y118.75 E.00009
G1 X122.95 Y112.05 E.00635
G1 X122.85 Y112.05 E.00009
G1 X122.85 Y118.75 E.00635
G1 X122.75 Y118.75 E.00009
G1 X122.75 Y112.05 E.00635
G1 X122.65 Y112.05 E.00009
G1 X122.65 Y118.75 E.00635
G1 X122.55 Y118.75 E.00009
G1 X122.55 Y112.05 E.00635
G1 X122.45 Y112.05 E.00009
G1 X122.45 Y118.75 E.00635
G1 X122.35 Y118.75 E.00009
G1 X122.35 Y112.05 E.00635
G1 X122.25 Y112.05 E.00009
G1 X122.25 Y118.75 E.00635
G1 X122.15 Y118.75 E.00009
G1 X122.15 Y112.05 E.00635
G1 X122.05 Y112.05 E.00009
G1 X122.05 Y118.75 E.00635
G1 X121.95 Y118.75 E.00009
G1 X121.95 Y112.05 E.00635
G1 X121.85 Y112.05 E.00009
G1 X121.85 Y118.75 E.00635
G1 X121.75 Y118.75 E.00009
G1 X121.75 Y112.05 E.00635
G1 X121.65 Y112.05 E.00009
G1 X121.65 Y118.75 E.00635
G1 X121.55 Y118.75 E.00009
G1 X121.55 Y112.05 E.00635
G1 X121.45 Y112.05 E.00009
G1 X121.45 Y118.75 E.00635
G1 X121.35 Y118.75 E.00009
G1 X121.35 Y112.05 E.00635
G1 X121.25 Y112.05 E.00009
G1 X121.25 Y118.75 E.00635
G1 X121.15 Y118.75 E.00009
G1 X121.15 Y112.05 E.00635
G1 X121.05 Y112.05 E.00009
G1 X121.05 Y118.75 E.00635
G1 X120.95 Y118.75 E.00009
G1 X120.95 Y112.05 E.00635
G1 X120.85 Y112.05 E.00009
G1 X120.85 Y118.75 E.00635
G1 X120.75 Y118.75 E.00009
G1 X120.75 Y112.05 E.00635
G1 X120.65 Y112.05 E.00009
G1 X120.65 Y118.75 E.00635
G1 X120.55 Y118.75 E.00009
G1 X120.55 Y112.05 E.00635
G1 X120.45 Y112.05 E.00009
G1 X120.45 Y118.75 E.00635
G1 X120.35 Y118.75 E.00009
G1 X120.35 Y112.05 E.00635
G1 X120.25 Y112.05 E.00009
G1 X120.25 Y118.75 E.00635
G1 X120.15 Y118.75 E.00009
G1 X120.15 Y112.05 E.00635
G1 X120.05 Y112.05 E.00009
G1 X120.05 Y118.75 E.00635
G1 X119.95 Y118.75 E.00009
G1 X119.95 Y112.05 E.00635
G1 X119.85 Y112.05 E.00009
G1 X119.85 Y118.75 E.00635
G1 X119.75 Y118.75 E.00009
G1 X119.75 Y112.05 E.00635
G1 X119.65 Y112.05 E.00009
G1 X119.65 Y118.75 E.00635
G1 X119.55 Y118.75 E.00009
G1 X119.55 Y112.05 E.00635
G1 X119.45 Y112.05 E.00009
G1 X119.45 Y118.75 E.00635
G1 X119.35 Y118.75 E.00009
G1 X119.35 Y112.05 E.00635
G1 X119.25 Y112.05 E.00009
G1 X119.25 Y118.75 E.00635
G1 X119.15 Y118.75 E.00009
G1 X119.15 Y112.05 E.00635
G1 X119.05 Y112.05 E.00009
G1 X119.05 Y118.75 E.00635
G1 X118.95 Y118.75 E.00009
G1 X118.95 Y112.05 E.00635
G1 X118.85 Y112.05 E.00009
G1 X118.85 Y118.75 E.00635
G1 X118.75 Y118.75 E.00009
G1 X118.75 Y112.05 E.00635
G1 X118.65 Y112.05 E.00009
G1 X118.65 Y118.75 E.00635
G1 X118.55 Y118.75 E.00009
G1 X118.55 Y112.05 E.00635
G1 X118.45 Y112.05 E.00009
G1 X118.45 Y118.75 E.00635
G1 X118.35 Y118.75 E.00009
G1 X118.35 Y112.05 E.00635
G1 X118.25 Y112.05 E.00009
G1 X118.25 Y118.75 E.00635
G1 X118.15 Y118.75 E.00009
G1 X118.15 Y112.05 E.00635
G1 X118.05 Y112.05 E.00009
G1 X118.05 Y118.75 E.00635
G1 X117.95 Y118.75 E.00009
G1 X117.95 Y112.05 E.00635
G1 X117.85 Y112.05 E.00009
G1 X117.85 Y118.75 E.00635
G1 X117.75 Y118.75 E.00009
G1 X117.75 Y112.05 E.00635
G1 X117.65 Y112.05 E.00009
G1 X117.65 Y118.75 E.00635
G1 X117.55 Y118.75 E.00009
G1 X117.55 Y112.05 E.00635
G1 X117.45 Y112.05 E.00009
G1 X117.45 Y118.75 E.00635
G1 X117.35 Y118.75 E.00009
G1 X117.35 Y112.05 E.00635
G1 X117.25 Y112.05 E.00009
G1 X117.25 Y118.75 E.00635
G1 X117.15 Y118.75 E.00009
G1 X117.15 Y112.05 E.00635
G1 X117.05 Y112.05 E.00009
G1 X117.05 Y118.75 E.00635
G1 X116.95 Y118.75 E.00009
G1 X116.95 Y112.05 E.00635
G1 X116.85 Y112.05 E.00009
G1 X116.85 Y118.75 E.00635
G1 X116.75 Y118.75 E.00009
G1 X116.75 Y112.05 E.00635
G1 X116.65 Y112.05 E.00009
G1 X116.65 Y118.75 E.00635
G1 X116.55 Y118.75 E.00009
G1 X116.55 Y112.05 E.00635
G1 X116.45 Y112.05 E.00009
G1 X116.45 Y118.75 E.00635
G1 X116.35 Y118.75 E.00009
G1 X116.35 Y112.05 E.00635
G1 X116.25 Y112.05 E.00009
G1 X116.25 Y118.75 E.00635
G1 X116.15 Y118.75 E.00009
G1 X116.15 Y112.05 E.00635
G1 X116.05 Y112.05 E.00009
G1 X116.05 Y118.75 E.00635
G1 X115.95 Y118.75 E.00009
G1 X115.95 Y112.05 E.00635
G1 X115.85 Y112.05 E.00009
G1 X115.85 Y118.75 E.00635
G1 X115.75 Y118.75 E.00009
G1 X115.75 Y112.05 E.00635
G1 X115.65 Y112.05 E.00009
G1 X115.65 Y118.75 E.00635
G1 X115.55 Y118.75 E.00009
G1 X115.55 Y112.05 E.00635
G1 X115.45 Y112.05 E.00009
G1 X115.45 Y118.75 E.00635
G1 X115.35 Y118.75 E.00009
G1 X115.35 Y112.05 E.00635
G1 X115.25 Y112.05 E.00009
G1 X115.25 Y118.75 E.00635
G1 X115.15 Y118.75 E.00009
G1 X115.15 Y112.05 E.00635
G1 X115.05 Y112.05 E.00009
G1 X115.05 Y118.75 E.00635
G1 X114.95 Y118.75 E.00009
G1 X114.95 Y112.05 E.00635
G1 X114.85 Y112.05 E.00009
G1 X114.85 Y118.75 E.00635
G1 X114.75 Y118.75 E.00009
G1 X114.75 Y112.05 E.00635
G1 X114.65 Y112.05 E.00009
G1 X114.65 Y118.75 E.00635
G1 X114.55 Y118.75 E.00009
G1 X114.55 Y112.05 E.00635
G1 X114.45 Y112.05 E.00009
G1 X114.45 Y118.75 E.00635
G1 X114.35 Y118.75 E.00009
G1 X114.35 Y112.05 E.00635
G1 X114.25 Y112.05 E.00009
G1 X114.25 Y118.75 E.00635
G1 X114.15 Y118.75 E.00009
G1 X114.15 Y112.05 E.00635
G1 X114.05 Y112.05 E.00009
G1 X114.05 Y118.75 E.00635
G1 X113.95 Y118.75 E.00009
G1 X113.95 Y112.05 E.00635
G1 X113.85 Y112.05 E.00009
G1 X113.85 Y118.75 E.00635
G1 X113.75 Y118.75 E.00009
G1 X113.75 Y112.05 E.00635
G1 X113.65 Y112.05 E.00009
G1 X113.65 Y118.75 E.00635
G1 X113.55 Y118.75 E.00009
G1 X113.55 Y112.05 E.00635
G1 X113.45 Y112.05 E.00009
G1 X113.45 Y118.75 E.00635
G1 X113.35 Y118.75 E.00009
G1 X113.35 Y112.05 E.00635
G1 X113.25 Y112.05 E.00009
G1 X113.25 Y118.75 E.00635
G1 X113.15 Y118.75 E.00009
G1 X113.15 Y112.05 E.00635
G1 X113.05 Y112.05 E.00009
G1 X113.05 Y118.75 E.00635
G1 X112.95 Y118.75 E.00009
G1 X112.95 Y112.05 E.00635
G1 X112.85 Y112.05 E.00009
G1 X112.85 Y118.75 E.00635
G1 X112.75 Y118.75 E.00009
G1 X112.75 Y112.05 E.00635
G1 X112.65 Y112.05 E.00009
G1 X112.65 Y118.75 E.00635
G1 X112.55 Y118.75 E.00009
G1 X112.55 Y112.05 E.00635
G1 X112.45 Y112.05 E.00009
G1 X112.45 Y118.75 E.00635
G1 X112.35 Y118.75 E.00009
G1 X112.35 Y112.05 E.00635
G1 X112.25 Y112.05 E.00009
G1 X112.25 Y118.75 E.00635
G1 X112.15 Y118.75 E.00009
G1 X112.15 Y112.05 E.00635
G1 X112.05 Y112.05 E.00009
G1 X112.05 Y118.75 E.00635
G1 X111.95 Y118.75 E.00009
G1 X111.95 Y112.05 E.00635
G1 X111.85 Y112.05 E.00009
G1 X111.85 Y118.75 E.00635
G1 X111.75 Y118.75 E.00009
G1 X111.75 Y112.05 E.00635
G1 X111.65 Y112.05 E.00009
G1 X111.65 Y118.75 E.00635
G1 X111.55 Y118.75 E.00009
G1 X111.55 Y112.05 E.00635
G1 X111.45 Y112.05 E.00009
G1 X111.45 Y118.75 E.00635
G1 X111.35 Y118.75 E.00009
G1 X111.35 Y112.05 E.00635
G1 X111.25 Y112.05 E.00009
G1 X111.25 Y118.75 E.00635
G1 X111.15 Y118.75 E.00009
G1 X111.15 Y112.05 E.00635
G1 X111.05 Y112.05 E.00009
G1 X111.05 Y118.75 E.00635
G1 X110.95 Y118.75 E.00009
G1 X110.95 Y112.05 E.00635
G1 X110.85 Y112.05 E.00009
G1 X110.85 Y118.75 E.00635
G1 X110.75 Y118.75 E.00009
G1 X110.75 Y112.05 E.00635
G1 X110.65 Y112.05 E.00009
G1 X110.65 Y118.75 E.00635
G1 X110.55 Y118.75 E.00009
G1 X110.55 Y112.05 E.00635
G1 X110.45 Y112.05 E.00009
G1 X110.45 Y118.75 E.00635
G1 X110.35 Y118.75 E.00009
G1 X110.35 Y112.05 E.00635
G1 X110.25 Y112.05 E.00009
G1 X110.25 Y118.75 E.00635
G1 X110.15 Y118.75 E.00009
G1 X110.15 Y112.05 E.00635
G1 X110.05 Y112.05 E.00009
G1 X110.05 Y118.75 E.00635
G1 X109.95 Y118.75 E.00009
G1 X109.95 Y112.05 E.00635
G1 X109.85 Y112.05 E.00009
G1 X109.85 Y118.75 E.00635
G1 X109.75 Y118.75 E.00009
G1 X109.75 Y112.05 E.00635
G1 X109.65 Y112.05 E.00009
G1 X109.65 Y118.75 E.00635
G1 X109.55 Y118.75 E.00009
G1 X109.55 Y112.05 E.00635
G1 X109.45 Y112.05 E.00009
G1 X109.45 Y118.75 E.00635
G1 X109.35 Y118.75 E.00009
G1 X109.35 Y112.05 E.00635
G1 X109.25 Y112.05 E.00009
G1 X109.25 Y118.75 E.00635
G1 X109.15 Y118.75 E.00009
G1 X109.15 Y112.05 E.00635
G1 X109.05 Y112.05 E.00009
G1 X109.05 Y118.75 E.00635
G1 X108.95 Y118.75 E.00009
G1 X108.95 Y112.05 E.00635
G1 X108.85 Y112.05 E.00009
G1 X108.85 Y118.75 E.00635
G1 X108.75 Y118.75 E.00009
G1 X108.75 Y112.05 E.00635
G1 X108.65 Y112.05 E.00009
G1 X108.65 Y118.75 E.00635
G1 X108.55 Y118.75 E.00009
G1 X108.55 Y112.05 E.00635
G1 X108.45 Y112.05 E.00009
G1 X108.45 Y118.75 E.00635
G1 X108.35 Y118.75 E.00009
G1 X108.35 Y112.05 E.00635
G1 X108.25 Y112.05 E.00009
G1 X108.25 Y118.75 E.00635
G1 X108.15 Y118.75 E.00009
G1 X108.15 Y112.05 E.00635
G1 X108.05 Y112.05 E.00009
G1 X108.05 Y118.75 E.00635
G1 X107.95 Y118.75 E.00009
G1 X107.95 Y112.05 E.00635
G1 X107.85 Y112.05 E.00009
G1 X107.85 Y118.75 E.00635
G1 X107.75 Y118.75 E.00009
G1 X107.75 Y112.05 E.00635
G1 X107.65 Y112.05 E.00009
G1 X107.65 Y118.75 E.00635
G1 X107.55 Y118.75 E.00009
G1 X107.55 Y112.05 E.00635
G1 X107.45 Y112.05 E.00009
G1 X107.45 Y118.75 E.00635
G1 X107.35 Y118.75 E.00009
G1 X107.35 Y112.05 E.00635
G1 X107.25 Y112.05 E.00009
G1 X107.25 Y118.75 E.00635
G1 X107.15 Y118.75 E.00009
G1 X107.15 Y112.05 E.00635
G1 X107.05 Y112.05 E.00009
G1 X107.05 Y118.75 E.00635
G1 X106.95 Y118.75 E.00009
G1 X106.95 Y112.05 E.00635
G1 X106.85 Y112.05 E.00009
G1 X106.85 Y118.75 E.00635
G1 X106.75 Y118.75 E.00009
G1 X106.75 Y112.05 E.00635
G1 X106.65 Y112.05 E.00009
G1 X106.65 Y118.75 E.00635
G1 X106.55 Y118.75 E.00009
G1 X106.55 Y112.05 E.00635
G1 X106.45 Y112.05 E.00009
G1 X106.45 Y118.75 E.00635
G1 X106.35 Y118.75 E.00009
G1 X106.35 Y112.05 E.00635
G1 X106.25 Y112.05 E.00009
G1 X106.25 Y118.75 E.00635
G1 X106.15 Y118.75 E.00009
G1 X106.15 Y112.05 E.00635
G1 X106.05 Y112.05 E.00009
G1 X106.05 Y118.75 E.00635
G1 X105.95 Y118.75 E.00009
G1 X105.95 Y112.05 E.00635
G1 X105.85 Y112.05 E.00009
G1 X105.85 Y118.75 E.00635
G1 X105.75 Y118.75 E.00009
G1 X105.75 Y112.05 E.00635
G1 X105.65 Y112.05 E.00009
G1 X105.65 Y118.75 E.00635
G1 X105.55 Y118.75 E.00009
G1 X105.55 Y112.05 E.00635
G1 X105.45 Y112.05 E.00009
G1 X105.45 Y118.75 E.00635
G1 X105.35 Y118.75 E.00009
G1 X105.35 Y112.05 E.00635
G1 X105.25 Y112.05 E.00009
G1 X105.25 Y118.75 E.00635
G1 X105.15 Y118.75 E.00009
G1 X105.15 Y112.05 E.00635
G1 X105.05 Y112.05 E.00009
G1 X105.05 Y118.75 E.00635
G1 X104.95 Y118.75 E.00009
G1 X104.95 Y112.05 E.00635
G1 X104.85 Y112.05 E.00009
G1 X104.85 Y118.75 E.00635
G1 X104.75 Y118.75 E.00009
G1 X104.75 Y112.05 E.00635
G1 X104.65 Y112.05 E.00009
G1 X104.65 Y118.75 E.00635
G1 X104.55 Y118.75 E.00009
G1 X104.55 Y112.05 E.00635
G1 X104.45 Y112.05 E.00009
G1 X104.45 Y118.75 E.00635
G1 X104.35 Y118.75 E.00009
G1 X104.35 Y112.05 E.00635
G1 X104.25 Y112.05 E.00009
G1 X104.25 Y118.75 E.00635
G1 X104.15 Y118.75 E.00009
G1 X104.15 Y112.05 E.00635
G1 X104.05 Y112.05 E.00009
G1 X104.05 Y118.75 E.00635
G1 X103.95 Y118.75 E.00009
G1 X103.95 Y112.05 E.00635
G1 X103.85 Y112.05 E.00009
G1 X103.85 Y118.75 E.00635
G1 X103.75 Y118.75 E.00009
G1 X103.75 Y112.05 E.00635
G1 X103.65 Y112.05 E.00009
G1 X103.65 Y118.75 E.00635
G1 X103.55 Y118.75 E.00009
G1 X103.55 Y112.05 E.00635
G1 X103.45 Y112.05 E.00009
G1 X103.45 Y118.75 E.00635
G1 X103.35 Y118.75 E.00009
G1 X103.35 Y112.05 E.00635
G1 X103.25 Y112.05 E.00009
G1 X103.25 Y118.75 E.00635
G1 X103.15 Y118.75 E.00009
G1 X103.15 Y112.05 E.00635
G1 X103.05 Y112.05 E.00009
G1 X103.05 Y118.75 E.00635
G1 X102.95 Y118.75 E.00009
G1 X102.95 Y112.05 E.00635
G1 X102.85 Y112.05 E.00009
G1 X102.85 Y118.75 E.00635
G1 X102.75 Y118.75 E.00009
G1 X102.75 Y112.05 E.00635
G1 X102.65 Y112.05 E.00009
G1 X102.65 Y118.75 E.00635
G1 X102.55 Y118.75 E.00009
G1 X102.55 Y112.05 E.00635
G1 X102.45 Y112.05 E.00009
G1 X102.45 Y118.75 E.00635
G1 X102.35 Y118.75 E.00009
G1 X102.35 Y112.05 E.00635
G1 X102.25 Y112.05 E.00009
G1 X102.25 Y118.75 E.00635
G1 X102.15 Y118.75 E.00009
G1 X102.15 Y112.05 E.00635
G1 X102.05 Y112.05 E.00009
G1 X102.05 Y118.75 E.00635
G1 X101.95 Y118.75 E.00009
G1 X101.95 Y112.05 E.00635
G1 X101.85 Y112.05 E.00009
G1 X101.85 Y118.75 E.00635
G1 X101.75 Y118.75 E.00009
G1 X101.75 Y112.05 E.00635
G1 X101.65 Y112.05 E.00009
G1 X101.65 Y118.75 E.00635
G1 X101.55 Y118.75 E.00009
G1 X101.55 Y112.05 E.00635
G1 X101.45 Y112.05 E.00009
G1 X101.45 Y118.75 E.00635
G1 X101.35 Y118.75 E.00009
G1 X101.35 Y112.05 E.00635
G1 X101.25 Y112.05 E.00009
G1 X101.25 Y118.75 E.00635
G1 X101.15 Y118.75 E.00009
G1 X101.15 Y112.05 E.00635
G1 X101.05 Y112.05 E.00009
G1 X101.05 Y118.75 E.00635
G1 X100.95 Y118.75 E.00009
G1 X100.95 Y112.05 E.00635
G1 X100.85 Y112.05 E.00009
G1 X100.85 Y118.75 E.00635
G1 X100.75 Y118.75 E.00009
G1 X100.75 Y112.05 E.00635
G1 X100.65 Y112.05 E.00009
G1 X100.65 Y118.75 E.00635
G1 X100.55 Y118.75 E.00009
G1 X100.55 Y112.05 E.00635
G1 X100.45 Y112.05 E.00009
G1 X100.45 Y118.75 E.00635
G1 X100.35 Y118.75 E.00009
G1 X100.35 Y112.05 E.00635
G1 X100.25 Y112.05 E.00009
G1 X100.25 Y118.75 E.00635
G1 X100.15 Y118.75 E.00009
G1 X100.15 Y112.05 E.00635
G1 X100.05 Y112.05 E.00009
G1 X100.05 Y118.75 E.00635
G1 X99.95 Y118.75 E.00009
G1 X99.95 Y112.05 E.00635
G1 X99.85 Y112.05 E.00009
G1 X99.85 Y118.75 E.00635
G1 X99.75 Y118.75 E.00009
G1 X99.75 Y112.05 E.00635
G1 X99.65 Y112.05 E.00009
G1 X99.65 Y118.75 E.00635
G1 X99.55 Y118.75 E.00009
G1 X99.55 Y112.05 E.00635
G1 X99.45 Y112.05 E.00009
G1 X99.45 Y118.75 E.00635
G1 X99.35 Y118.75 E.00009
G1 X99.35 Y112.05 E.00635
G1 X99.25 Y112.05 E.00009
G1 X99.25 Y118.75 E.00635
G1 X99.15 Y118.75 E.00009
G1 X99.15 Y112.05 E.00635
G1 X99.05 Y112.05 E.00009
G1 X99.05 Y118.75 E.00635
G1 X98.95 Y118.75 E.00009
G1 X98.95 Y112.05 E.00635
G1 X98.85 Y112.05 E.00009
G1 X98.85 Y118.75 E.00635
G1 X98.75 Y118.75 E.00009
G1 X98.75 Y112.05 E.00635
G1 X98.65 Y112.05 E.00009
G1 X98.65 Y118.75 E.00635
G1 X98.55 Y118.75 E.00009
G1 X98.55 Y112.05 E.00635
G1 X98.45 Y112.05 E.00009
G1 X98.45 Y118.75 E.00635
G1 X98.35 Y118.75 E.00009
G1 X98.35 Y112.05 E.00635
G1 X98.25 Y112.05 E.00009
G1 X98.25 Y118.75 E.00635
G1 X98.15 Y118.75 E.00009
G1 X98.15 Y112.05 E.00635
G1 X98.05 Y112.05 E.00009
G1 X98.05 Y118.75 E.00635
G1 X97.95 Y118.75 E.00009
G1 X97.95 Y112.05 E.00635
G1 X97.85 Y112.05 E.00009
G1 X97.85 Y118.75 E.00635
G1 X97.75 Y118.75 E.00009
G1 X97.75 Y112.05 E.00635
G1 X97.65 Y112.05 E.00009
G1 X97.65 Y118.75 E.00635
G1 X97.55 Y118.75 E.00009
G1 X97.55 Y112.05 E.00635
G1 X97.45 Y112.05 E.00009
G1 X97.45 Y118.75 E.00635
G1 X97.35 Y118.75 E.00009
G1 X97.35 Y112.05 E.00635
G1 X97.25 Y112.05 E.00009
G1 X97.25 Y118.75 E.00635
G1 X97.15 Y118.75 E.00009
G1 X97.15 Y112.05 E.00635
G1 X97.05 Y112.05 E.00009
G1 X97.05 Y118.75 E.00635
G1 X96.95 Y118.75 E.00009
G1 X96.95 Y112.05 E.00635
G1 X96.85 Y112.05 E.00009
G1 X96.85 Y118.75 E.00635
G1 X96.75 Y118.75 E.00009
G1 X96.75 Y112.05 E.00635
G1 X96.65 Y112.05 E.00009
G1 X96.65 Y118.75 E.00635
G1 X96.55 Y118.75 E.00009
G1 X96.55 Y112.05 E.00635
G1 X96.45 Y112.05 E.00009
G1 X96.45 Y118.75 E.00635
G1 X96.35 Y118.75 E.00009
G1 X96.35 Y112.05 E.00635
G1 X96.25 Y112.05 E.00009
G1 X96.25 Y118.75 E.00635
G1 X96.15 Y118.75 E.00009
G1 X96.15 Y112.05 E.00635
G1 X96.05 Y112.05 E.00009
G1 X96.05 Y118.75 E.00635
G1 X95.95 Y118.75 E.00009
G1 X95.95 Y112.05 E.00635
G1 X95.85 Y112.05 E.00009
G1 X95.85 Y118.75 E.00635
G1 X95.75 Y118.75 E.00009
G1 X95.75 Y112.05 E.00635
G1 X95.65 Y112.05 E.00009
G1 X95.65 Y118.75 E.00635
G1 X95.55 Y118.75 E.00009
G1 X95.55 Y112.05 E.00635
G1 X95.45 Y112.05 E.00009
G1 X95.45 Y118.75 E.00635
G1 X95.35 Y118.75 E.00009
G1 X95.35 Y112.05 E.00635
G1 X95.25 Y112.05 E.00009
G1 X95.25 Y118.75 E.00635
G1 X95.15 Y118.75 E.00009
G1 X95.15 Y112.05 E.00635
G1 X95.05 Y112.05 E.00009
G1 X95.05 Y118.75 E.00635
G1 X94.95 Y118.75 E.00009
G1 X94.95 Y112.05 E.00635
G1 X94.85 Y112.05 E.00009
G1 X94.85 Y118.75 E.00635
G1 X94.75 Y118.75 E.00009
G1 X94.75 Y112.05 E.00635
G1 X94.65 Y112.05 E.00009
G1 X94.65 Y118.75 E.00635
G1 X94.55 Y118.75 E.00009
G1 X94.55 Y112.05 E.00635
G1 X94.45 Y112.05 E.00009
G1 X94.45 Y118.75 E.00635
G1 X94.35 Y118.75 E.00009
G1 X94.35 Y112.05 E.00635
G1 X94.25 Y112.05 E.00009
G1 X94.25 Y118.75 E.00635
G1 X94.15 Y118.75 E.00009
G1 X94.15 Y112.05 E.00635
G1 X94.05 Y112.05 E.00009
G1 X94.05 Y118.75 E.00635
G1 X93.95 Y118.75 E.00009
G1 X93.95 Y112.05 E.00635
G1 X93.85 Y112.05 E.00009
G1 X93.85 Y118.75 E.00635
G1 X93.75 Y118.75 E.00009
G1 X93.75 Y112.05 E.00635
G1 X93.65 Y112.05 E.00009
G1 X93.65 Y118.75 E.00635
G1 X93.55 Y118.75 E.00009
G1 X93.55 Y112.05 E.00635
G1 X93.45 Y112.05 E.00009
G1 X93.45 Y118.75 E.00635
G1 X93.35 Y118.75 E.00009
G1 X93.35 Y112.05 E.00635
G1 X93.25 Y112.05 E.00009
G1 X93.25 Y118.75 E.00635
G1 X93.15 Y118.75 E.00009
G1 X93.15 Y112.05 E.00635
G1 X93.05 Y112.05 E.00009
G1 X93.05 Y118.75 E.00635
G1 X92.95 Y118.75 E.00009
G1 X92.95 Y112.05 E.00635
G1 X92.85 Y112.05 E.00009
G1 X92.85 Y118.75 E.00635
G1 X92.75 Y118.75 E.00009
G1 X92.75 Y112.05 E.00635
G1 X92.65 Y112.05 E.00009
G1 X92.65 Y118.75 E.00635
G1 X92.55 Y118.75 E.00009
G1 X92.55 Y112.05 E.00635
G1 X92.45 Y112.05 E.00009
G1 X92.45 Y118.75 E.00635
G1 X92.35 Y118.75 E.00009
G1 X92.35 Y112.05 E.00635
G1 X92.25 Y112.05 E.00009
G1 X92.25 Y118.75 E.00635
G1 X92.15 Y118.75 E.00009
G1 X92.15 Y112.05 E.00635
G1 X92.05 Y112.05 E.00009
G1 X92.05 Y118.75 E.00635
G1 X91.95 Y118.75 E.00009
G1 X91.95 Y112.05 E.00635
G1 X91.85 Y112.05 E.00009
G1 X91.85 Y118.75 E.00635
G1 X91.75 Y118.75 E.00009
G1 X91.75 Y112.05 E.00635
G1 X91.65 Y112.05 E.00009
G1 X91.65 Y118.75 E.00635
G1 X91.55 Y118.75 E.00009
G1 X91.55 Y112.05 E.00635
G1 X91.45 Y112.05 E.00009
G1 X91.45 Y118.75 E.00635
G1 X91.35 Y118.75 E.00009
G1 X91.35 Y112.05 E.00635
G1 X91.25 Y112.05 E.00009
G1 X91.25 Y118.75 E.00635
G1 X91.15 Y118.75 E.00009
G1 X91.15 Y112.05 E.00635
G1 X91.05 Y112.05 E.00009
G1 X91.05 Y118.75 E.00635
G1 X90.95 Y118.75 E.00009
G1 X90.95 Y112.05 E.00635
G1 X90.85 Y112.05 E.00009
G1 X90.85 Y118.75 E.00635
G1 X90.75 Y118.75 E.00009
G1 X90.75 Y112.05 E.00635
G1 X90.65 Y112.05 E.00009
G1 X90.65 Y118.75 E.00635
G1 X90.55 Y118.75 E.00009
G1 X90.55 Y112.05 E.00635
G1 X90.45 Y112.05 E.00009
G1 X90.45 Y118.75 E.00635
G1 X90.35 Y118.75 E.00009
G1 X90.35 Y112.05 E.00635
G1 X90.25 Y112.05 E.00009
G1 X90.25 Y118.75 E.00635
G1 X90.15 Y118.75 E.00009
G1 X90.15 Y112.05 E.00635
G1 X90.05 Y112.05 E.00009
G1 X90.05 Y118.75 E.00635
G1 X89.95 Y118.75 E.00009
G1 X89.95 Y112.05 E.00635
G1 X89.85 Y112.05 E.00009
G1 X89.85 Y118.75 E.00635
G1 X89.75 Y118.75 E.00009
G1 X89.75 Y112.05 E.00635
G1 X89.65 Y112.05 E.00009
G1 X89.65 Y118.75 E.00635
G1 X89.55 Y118.75 E.00009
G1 X89.55 Y112.05 E.00635
G1 X89.45 Y112.05 E.00009
G1 X89.45 Y118.75 E.00635
G1 X89.35 Y118.75 E.00009
G1 X89.35 Y112.05 E.00635
G1 X89.25 Y112.05 E.00009
G1 X89.25 Y118.75 E.00635
G1 X89.15 Y118.75 E.00009
G1 X89.15 Y112.05 E.00635
G1 X89.05 Y112.05 E.00009
G1 X89.05 Y118.75 E.00635
G1 X88.95 Y118.75 E.00009
G1 X88.95 Y112.05 E.00635
G1 X88.85 Y112.05 E.00009
G1 X88.85 Y118.75 E.00635
G1 X88.75 Y118.75 E.00009
G1 X88.75 Y112.05 E.00635
G1 X88.65 Y112.05 E.00009
G1 X88.65 Y118.75 E.00635
G1 X88.55 Y118.75 E.00009
G1 X88.55 Y112.05 E.00635
G1 X88.45 Y112.05 E.00009
G1 X88.45 Y118.75 E.00635
G1 X88.35 Y118.75 E.00009
G1 X88.35 Y112.05 E.00635
G1 X88.25 Y112.05 E.00009
G1 X88.25 Y118.75 E.00635
G1 X88.15 Y118.75 E.00009
G1 X88.15 Y112.05 E.00635
G1 X88.05 Y112.05 E.00009
G1 X88.05 Y118.75 E.00635
G1 X87.95 Y118.75 E.00009
G1 X87.95 Y112.05 E.00635
G1 X87.85 Y112.05 E.00009
G1 X87.85 Y118.75 E.00635
G1 X87.75 Y118.75 E.00009
G1 X87.75 Y112.05 E.00635
G1 X87.65 Y112.05 E.00009
G1 X87.65 Y118.75 E.00635
G1 X87.55 Y118.75 E.00009
G1 X87.55 Y112.05 E.00635
G1 X87.45 Y112.05 E.00009
G1 X87.45 Y118.75 E.00635
G1 X87.35 Y118.75 E.00009
G1 X87.35 Y112.05 E.00635
G1 X87.25 Y112.05 E.00009
G1 X87.25 Y118.75 E.00635
G1 X87.15 Y118.75 E.00009
G1 X87.15 Y112.05 E.00635
G1 X87.05 Y112.05 E.00009
G1 X87.05 Y118.75 E.00635
G1 X86.95 Y118.75 E.00009
G1 X86.95 Y112.05 E.00635
G1 X86.85 Y112.05 E.00009
G1 X86.85 Y118.75 E.00635
G1 X86.75 Y118.75 E.00009
G1 X86.75 Y112.05 E.00635
G1 X86.65 Y112.05 E.00009
G1 X86.65 Y118.75 E.00635
G1 X86.55 Y118.75 E.00009
G1 X86.55 Y112.05 E.00635
G1 X86.45 Y112.05 E.00009
G1 X86.45 Y118.75 E.00635
G1 X86.35 Y118.75 E.00009
G1 X86.35 Y112.05 E.00635
G1 X86.25 Y112.05 E.00009
G1 X86.25 Y118.75 E.00635
G1 X86.15 Y118.75 E.00009
G1 X86.15 Y112.05 E.00635
G1 X86.05 Y112.05 E.00009
G1 X86.05 Y118.75 E.00635
G1 X85.95 Y118.75 E.00009
G1 X85.95 Y112.05 E.00635
G1 X85.85 Y112.05 E.00009
G1 X85.85 Y118.75 E.00635
G1 X85.75 Y118.75 E.00009
G1 X85.75 Y112.05 E.00635
G1 X85.65 Y112.05 E.00009
G1 X85.65 Y118.75 E.00635
G1 X85.55 Y118.75 E.00009
G1 X85.55 Y112.05 E.00635
G1 X85.45 Y112.05 E.00009
G1 X85.45 Y118.75 E.00635
G1 X85.35 Y118.75 E.00009
G1 X85.35 Y112.05 E.00635
G1 X85.25 Y112.05 E.00009
G1 X85.25 Y118.75 E.00635
G1 X85.15 Y118.75 E.00009
G1 X85.15 Y112.05 E.00635
G1 X85.05 Y112.05 E.00009
G1 X85.05 Y118.75 E.00635
G1 X84.95 Y118.75 E.00009
G1 X84.95 Y112.05 E.00635
G1 X84.85 Y112.05 E.00009
G1 X84.85 Y118.75 E.00635
G1 X84.75 Y118.75 E.00009
G1 X84.75 Y112.05 E.00635
G1 X84.65 Y112.05 E.00009
G1 X84.65 Y118.75 E.00635
G1 X84.55 Y118.75 E.00009
G1 X84.55 Y112.05 E.00635
G1 X84.45 Y112.05 E.00009
G1 X84.45 Y118.75 E.00635
G1 X84.35 Y118.75 E.00009
G1 X84.35 Y112.05 E.00635
G1 X84.25 Y112.05 E.00009
G1 X84.25 Y118.75 E.00635
G1 X84.15 Y118.75 E.00009
G1 X84.15 Y112.05 E.00635
G1 X84.05 Y112.05 E.00009
G1 X84.05 Y118.75 E.00635
G1 X83.95 Y118.75 E.00009
G1 X83.95 Y112.05 E.00635
G1 X83.85 Y112.05 E.00009
G1 X83.85 Y118.75 E.00635
G1 X83.75 Y118.75 E.00009
G1 X83.75 Y112.05 E.00635
G1 X83.65 Y112.05 E.00009
G1 X83.65 Y118.75 E.00635
G1 X83.55 Y118.75 E.00009
G1 X83.55 Y112.05 E.00635
G1 X83.45 Y112.05 E.00009
G1 X83.45 Y118.75 E.00635
G1 X83.35 Y118.75 E.00009
G1 X83.35 Y112.05 E.00635
G1 X83.25 Y112.05 E.00009
G1 X83.25 Y118.75 E.00635
G1 X83.15 Y118.75 E.00009
G1 X83.15 Y112.05 E.00635
G1 X83.05 Y112.05 E.00009
G1 X83.05 Y118.75 E.00635
G1 X82.95 Y118.75 E.00009
G1 X82.95 Y112.05 E.00635
G1 X82.85 Y112.05 E.00009
G1 X82.85 Y118.75 E.00635
G1 X82.75 Y118.75 E.00009
G1 X82.75 Y112.05 E.00635
G1 X82.65 Y112.05 E.00009
G1 X82.65 Y118.75 E.00635
G1 X82.55 Y118.75 E.00009
G1 X82.55 Y112.05 E.00635
G1 X82.45 Y112.05 E.00009
G1 X82.45 Y118.75 E.00635
G1 X82.35 Y118.75 E.00009
G1 X82.35 Y112.05 E.00635
G1 X82.25 Y112.05 E.00009
G1 X82.25 Y118.75 E.00635
G1 X82.15 Y118.75 E.00009
G1 X82.15 Y112.05 E.00635
G1 X82.05 Y112.05 E.00009
G1 X82.05 Y118.75 E.00635
G1 X81.95 Y118.75 E.00009
G1 X81.95 Y112.05 E.00635
G1 X81.85 Y112.05 E.00009
G1 X81.85 Y118.75 E.00635
G1 X81.75 Y118.75 E.00009
G1 X81.75 Y112.05 E.00635
G1 X81.65 Y112.05 E.00009
G1 X81.65 Y118.75 E.00635
G1 X81.55 Y118.75 E.00009
G1 X81.55 Y112.05 E.00635
G1 X81.45 Y112.05 E.00009
G1 X81.45 Y118.75 E.00635
G1 X81.35 Y118.75 E.00009
G1 X81.35 Y112.05 E.00635
G1 X81.25 Y112.05 E.00009
G1 X81.25 Y118.75 E.00635
G1 X81.15 Y118.75 E.00009
G1 X81.15 Y112.05 E.00635
G1 X81.05 Y112.05 E.00009
G1 X81.05 Y118.75 E.00635
G1 X80.95 Y118.75 E.00009
G1 X80.95 Y112.05 E.00635
G1 X80.85 Y112.05 E.00009
G1 X80.85 Y118.75 E.00635
G1 X80.75 Y118.75 E.00009
G1 X80.75 Y112.05 E.00635
G1 X80.65 Y112.05 E.00009
G1 X80.65 Y118.75 E.00635
G1 X80.55 Y118.75 E.00009
G1 X80.55 Y112.05 E.00635
G1 X80.45 Y112.05 E.00009
G1 X80.45 Y118.75 E.00635
G1 X80.35 Y118.75 E.00009
G1 X80.35 Y112.05 E.00635
G1 X80.25 Y112.05 E.00009
G1 X80.25 Y118.75 E.00635
G1 X80.15 Y118.75 E.00009
G1 X80.15 Y112.05 E.00635
G1 X80.05 Y112.05 E.00009
G1 X80.05 Y118.75 E.00635
G1 X79.95 Y118.75 E.00009
G1 X79.95 Y112.05 E.00635
G1 X79.85 Y112.05 E.00009
G1 X79.85 Y118.75 E.00635
G1 X79.75 Y118.75 E.00009
G1 X79.75 Y112.05 E.00635
G1 X79.65 Y112.05 E.00009
G1 X79.65 Y118.75 E.00635
G1 X79.55 Y118.75 E.00009
G1 X79.55 Y112.05 E.00635
G1 X79.45 Y112.05 E.00009
G1 X79.45 Y118.75 E.00635
G1 X79.35 Y118.75 E.00009
G1 X79.35 Y112.05 E.00635
G1 X79.25 Y112.05 E.00009
G1 X79.25 Y118.75 E.00635
G1 X79.15 Y118.75 E.00009
G1 X79.15 Y112.05 E.00635
G1 X79.05 Y112.05 E.00009
G1 X79.05 Y118.75 E.00635
G1 X78.95 Y118.75 E.00009
G1 X78.95 Y112.05 E.00635
G1 X78.85 Y112.05 E.00009
G1 X78.85 Y118.75 E.00635
G1 X78.75 Y118.75 E.00009
G1 X78.75 Y112.05 E.00635
G1 X78.65 Y112.05 E.00009
G1 X78.65 Y118.75 E.00635
G1 X78.55 Y118.75 E.00009
G1 X78.55 Y112.05 E.00635
G1 X78.45 Y112.05 E.00009
G1 X78.45 Y118.75 E.00635
G1 X78.35 Y118.75 E.00009
G1 X78.35 Y112.05 E.00635
G1 X78.25 Y112.05 E.00009
G1 X78.25 Y118.75 E.00635
G1 X78.15 Y118.75 E.00009
G1 X78.15 Y112.05 E.00635
G1 X78.05 Y112.05 E.00009
G1 X78.05 Y118.75 E.00635
G1 X77.95 Y118.75 E.00009
G1 X77.95 Y112.05 E.00635
G1 X77.85 Y112.05 E.00009
G1 X77.85 Y118.75 E.00635
G1 X77.75 Y118.75 E.00009
G1 X77.75 Y112.05 E.00635
G1 X77.65 Y112.05 E.00009
G1 X77.65 Y118.75 E.00635
G1 X77.55 Y118.75 E.00009
G1 X77.55 Y112.05 E.00635
G1 X77.45 Y112.05 E.00009
G1 X77.45 Y118.75 E.00635
G1 X77.35 Y118.75 E.00009
G1 X77.35 Y112.05 E.00635
G1 X77.25 Y112.05 E.00009
G1 X77.25 Y118.75 E.00635
G1 X77.15 Y118.75 E.00009
G1 X77.15 Y112.05 E.00635
G1 X77.05 Y112.05 E.00009
G1 X77.05 Y118.75 E.00635
G1 X76.95 Y118.75 E.00009
G1 X76.95 Y112.05 E.00635
G1 X76.85 Y112.05 E.00009
G1 X76.85 Y118.75 E.00635
G1 X76.75 Y118.75 E.00009
G1 X76.75 Y112.05 E.00635
G1 X76.65 Y112.05 E.00009
G1 X76.65 Y118.75 E.00635
G1 X76.55 Y118.75 E.00009
G1 X76.55 Y112.05 E.00635
G1 X76.45 Y112.05 E.00009
G1 X76.45 Y118.75 E.00635
G1 X76.35 Y118.75 E.00009
G1 X76.35 Y112.05 E.00635
G1 X76.25 Y112.05 E.00009
G1 X76.25 Y118.75 E.00635
G1 X76.15 Y118.75 E.00009
G1 X76.15 Y112.05 E.00635
G1 X76.05 Y112.05 E.00009
G1 X76.05 Y118.75 E.00635
G1 X75.95 Y118.75 E.00009
G1 X75.95 Y112.05 E.00635
G1 X75.85 Y112.05 E.00009
G1 X75.85 Y118.75 E.00635
G1 X75.75 Y118.75 E.00009
G1 X75.75 Y112.05 E.00635
G1 X75.65 Y112.05 E.00009
G1 X75.65 Y118.75 E.00635
G1 X75.55 Y118.75 E.00009
G1 X75.55 Y112.05 E.00635
G1 X75.45 Y112.05 E.00009
G1 X75.45 Y118.75 E.00635
G1 X75.35 Y118.75 E.00009
G1 X75.35 Y112.05 E.00635
G1 X75.25 Y112.05 E.00009
G1 X75.25 Y118.75 E.00635
G1 X75.15 Y118.75 E.00009
G1 X75.15 Y112.05 E.00635
G1 X75.05 Y112.05 E.00009
G1 X75.05 Y118.75 E.00635
G1 X74.95 Y118.75 E.00009
G1 X74.95 Y112.05 E.00635
G1 X74.85 Y112.05 E.00009
G1 X74.85 Y118.75 E.00635
G1 X74.75 Y118.75 E.00009
G1 X74.75 Y112.05 E.00635
G1 X74.65 Y112.05 E.00009
G1 X74.65 Y118.75 E.00635
G1 X74.55 Y118.75 E.00009
G1 X74.55 Y112.05 E.00635
G1 X74.45 Y112.05 E.00009
G1 X74.45 Y118.75 E.00635
G1 X74.35 Y118.75 E.00009
G1 X74.35 Y112.05 E.00635
G1 X74.25 Y112.05 E.00009
G1 X74.25 Y118.75 E.00635
G1 X74.15 Y118.75 E.00009
G1 X74.15 Y112.05 E.00635
G1 X74.05 Y112.05 E.00009
G1 X74.05 Y118.75 E.00635
G1 X73.95 Y118.75 E.00009
G1 X73.95 Y112.05 E.00635
G1 X73.85 Y112.05 E.00009
G1 X73.85 Y118.75 E.00635
G1 X73.75 Y118.75 E.00009
G1 X73.75 Y112.05 E.00635
G1 X73.65 Y112.05 E.00009
G1 X73.65 Y118.75 E.00635
G1 X73.55 Y118.75 E.00009
G1 X73.55 Y112.05 E.00635
G1 X73.45 Y112.05 E.00009
G1 X73.45 Y118.75 E.00635
G1 X73.35 Y118.75 E.00009
G1 X73.35 Y112.05 E.00635
G1 X73.25 Y112.05 E.00009
G1 X73.25 Y118.75 E.00635
G1 X73.15 Y118.75 E.00009
G1 X73.15 Y112.05 E.00635
G1 X73.05 Y112.05 E.00009
G1 X73.05 Y118.75 E.00635
G1 X72.95 Y118.75 E.00009
G1 X72.95 Y112.05 E.00635
G1 X72.85 Y112.05 E.00009
G1 X72.85 Y118.75 E.00635
G1 X72.75 Y118.75 E.00009
G1 X72.75 Y112.05 E.00635
G1 X72.65 Y112.05 E.00009
G1 X72.65 Y118.75 E.00635
G1 X72.55 Y118.75 E.00009
G1 X72.55 Y112.05 E.00635
G1 X72.45 Y112.05 E.00009
G1 X72.45 Y118.75 E.00635
G1 X72.35 Y118.75 E.00009
G1 X72.35 Y112.005 E.00639
G1 E-1.75 F6000
;WIPE_START
G1 F900
G1 X72.35 Y113.005 E-.75
;WIPE_END
G1 X76.12 Y112.415 Z3.16 F18000
G1 X80.234 Y111.771 Z3.16
G1 X102.869 Y108.229
G1 X129.789 Y104.016
G1 X129.789 Y103.563
G1 X129.706 Y101.947
G1 X132.806 Y102.038
G1 X133.951 Y101.975
G1 X134.295 Y102.137
G1 X135.995 Y101.947
G1 X135.995 Y102.596
G1 X136.491 Y102.596
G1 X136.491 Y101.947
G1 X138.141 Y101.947
G1 X138.141 Y102.596
G1 X138.544 Y102.646
G1 X147.75 Y101.205
G1 Z2.96
G1 E2.5 F6000
G1 F900
G1 X147.75 Y107.95 E.00639
G1 X147.65 Y107.95 E.00009
G1 X147.65 Y101.25 E.00635
G1 X147.55 Y101.25 E.00009
G1 X147.55 Y107.95 E.00635
G1 X147.45 Y107.95 E.00009
G1 X147.45 Y101.25 E.00635
G1 X147.35 Y101.25 E.00009
G1 X147.35 Y107.95 E.00635
G1 X147.25 Y107.95 E.00009
G1 X147.25 Y101.25 E.00635
G1 X147.15 Y101.25 E.00009
G1 X147.15 Y107.95 E.00635
G1 X147.05 Y107.95 E.00009
G1 X147.05 Y101.25 E.00635
G1 X146.95 Y101.25 E.00009
G1 X146.95 Y107.95 E.00635
G1 X146.85 Y107.95 E.00009
G1 X146.85 Y101.25 E.00635
G1 X146.75 Y101.25 E.00009
G1 X146.75 Y107.95 E.00635
G1 X146.65 Y107.95 E.00009
G1 X146.65 Y101.25 E.00635
G1 X146.55 Y101.25 E.00009
G1 X146.55 Y107.95 E.00635
G1 X146.45 Y107.95 E.00009
G1 X146.45 Y101.25 E.00635
G1 X146.35 Y101.25 E.00009
G1 X146.35 Y107.95 E.00635
G1 X146.25 Y107.95 E.00009
G1 X146.25 Y101.25 E.00635
G1 X146.15 Y101.25 E.00009
G1 X146.15 Y107.95 E.00635
G1 X146.05 Y107.95 E.00009
G1 X146.05 Y101.25 E.00635
G1 X145.95 Y101.25 E.00009
G1 X145.95 Y107.95 E.00635
G1 X145.85 Y107.95 E.00009
G1 X145.85 Y101.25 E.00635
G1 X145.75 Y101.25 E.00009
G1 X145.75 Y107.95 E.00635
G1 X145.65 Y107.95 E.00009
G1 X145.65 Y101.25 E.00635
G1 X145.55 Y101.25 E.00009
G1 X145.55 Y107.95 E.00635
G1 X145.45 Y107.95 E.00009
G1 X145.45 Y101.25 E.00635
G1 X145.35 Y101.25 E.00009
G1 X145.35 Y107.95 E.00635
G1 X145.25 Y107.95 E.00009
G1 X145.25 Y101.25 E.00635
G1 X145.15 Y101.25 E.00009
G1 X145.15 Y107.95 E.00635
G1 X145.05 Y107.95 E.00009
G1 X145.05 Y101.25 E.00635
G1 X144.95 Y101.25 E.00009
G1 X144.95 Y107.95 E.00635
G1 X144.85 Y107.95 E.00009
G1 X144.85 Y101.25 E.00635
G1 X144.75 Y101.25 E.00009
G1 X144.75 Y107.95 E.00635
G1 X144.65 Y107.95 E.00009
G1 X144.65 Y101.25 E.00635
G1 X144.55 Y101.25 E.00009
G1 X144.55 Y107.95 E.00635
G1 X144.45 Y107.95 E.00009
G1 X144.45 Y101.25 E.00635
G1 X144.35 Y101.25 E.00009
G1 X144.35 Y107.95 E.00635
G1 X144.25 Y107.95 E.00009
G1 X144.25 Y101.25 E.00635
G1 X144.15 Y101.25 E.00009
G1 X144.15 Y107.95 E.00635
G1 X144.05 Y107.95 E.00009
G1 X144.05 Y101.25 E.00635
G1 X143.95 Y101.25 E.00009
G1 X143.95 Y107.95 E.00635
G1 X143.85 Y107.95 E.00009
G1 X143.85 Y101.25 E.00635
G1 X143.75 Y101.25 E.00009
G1 X143.75 Y107.95 E.00635
G1 X143.65 Y107.95 E.00009
G1 X143.65 Y101.25 E.00635
G1 X143.55 Y101.25 E.00009
G1 X143.55 Y107.95 E.00635
G1 X143.45 Y107.95 E.00009
G1 X143.45 Y101.25 E.00635
G1 X143.35 Y101.25 E.00009
G1 X143.35 Y107.95 E.00635
G1 X143.25 Y107.95 E.00009
G1 X143.25 Y101.25 E.00635
G1 X143.15 Y101.25 E.00009
G1 X143.15 Y107.95 E.00635
G1 X143.05 Y107.95 E.00009
G1 X143.05 Y101.25 E.00635
G1 X142.95 Y101.25 E.00009
G1 X142.95 Y107.95 E.00635
G1 X142.85 Y107.95 E.00009
G1 X142.85 Y101.25 E.00635
G1 X142.75 Y101.25 E.00009
G1 X142.75 Y107.95 E.00635
G1 X142.65 Y107.95 E.00009
G1 X142.65 Y101.25 E.00635
G1 X142.55 Y101.25 E.00009
G1 X142.55 Y107.95 E.00635
G1 X142.45 Y107.95 E.00009
G1 X142.45 Y101.25 E.00635
G1 X142.35 Y101.25 E.00009
G1 X142.35 Y107.95 E.00635
G1 X142.25 Y107.95 E.00009
G1 X142.25 Y101.25 E.00635
G1 X142.15 Y101.25 E.00009
G1 X142.15 Y107.95 E.00635
G1 X142.05 Y107.95 E.00009
G1 X142.05 Y101.25 E.00635
G1 X141.95 Y101.25 E.00009
G1 X141.95 Y107.95 E.00635
G1 X141.85 Y107.95 E.00009
G1 X141.85 Y101.25 E.00635
G1 X141.75 Y101.25 E.00009
G1 X141.75 Y107.95 E.00635
G1 X141.65 Y107.95 E.00009
G1 X141.65 Y101.25 E.00635
G1 X141.55 Y101.25 E.00009
G1 X141.55 Y107.95 E.00635
G1 X141.45 Y107.95 E.00009
G1 X141.45 Y101.25 E.00635
G1 X141.35 Y101.25 E.00009
G1 X141.35 Y107.95 E.00635
G1 X141.25 Y107.95 E.00009
G1 X141.25 Y101.25 E.00635
G1 X141.15 Y101.25 E.00009
G1 X141.15 Y107.95 E.00635
G1 X141.05 Y107.95 E.00009
G1 X141.05 Y101.25 E.00635
G1 X140.95 Y101.25 E.00009
G1 X140.95 Y107.95 E.00635
G1 X140.85 Y107.95 E.00009
G1 X140.85 Y101.25 E.00635
G1 X140.75 Y101.25 E.00009
G1 X140.75 Y107.95 E.00635
G1 X140.65 Y107.95 E.00009
G1 X140.65 Y101.25 E.00635
G1 X140.55 Y101.25 E.00009
G1 X140.55 Y107.95 E.00635
G1 X140.45 Y107.95 E.00009
G1 X140.45 Y101.25 E.00635
G1 X140.35 Y101.25 E.00009
G1 X140.35 Y107.95 E.00635
G1 X140.25 Y107.95 E.00009
G1 X140.25 Y101.25 E.00635
G1 X140.15 Y101.25 E.00009
G1 X140.15 Y107.95 E.00635
G1 X140.05 Y107.95 E.00009
G1 X140.05 Y101.25 E.00635
G1 X139.95 Y101.25 E.00009
G1 X139.95 Y107.95 E.00635
G1 X139.85 Y107.95 E.00009
G1 X139.85 Y101.25 E.00635
G1 X139.75 Y101.25 E.00009
G1 X139.75 Y107.95 E.00635
G1 X139.65 Y107.95 E.00009
G1 X139.65 Y101.25 E.00635
G1 X139.55 Y101.25 E.00009
G1 X139.55 Y107.95 E.00635
G1 X139.45 Y107.95 E.00009
G1 X139.45 Y101.25 E.00635
G1 X139.35 Y101.25 E.00009
G1 X139.35 Y107.95 E.00635
G1 X139.25 Y107.95 E.00009
G1 X139.25 Y101.25 E.00635
G1 X139.15 Y101.25 E.00009
G1 X139.15 Y107.95 E.00635
G1 X139.05 Y107.95 E.00009
G1 X139.05 Y101.25 E.00635
G1 X138.95 Y101.25 E.00009
G1 X138.95 Y107.95 E.00635
G1 X138.85 Y107.95 E.00009
G1 X138.85 Y101.25 E.00635
G1 X138.75 Y101.25 E.00009
G1 X138.75 Y107.95 E.00635
G1 X138.65 Y107.95 E.00009
G1 X138.65 Y101.25 E.00635
G1 X138.55 Y101.25 E.00009
G1 X138.55 Y107.95 E.00635
G1 X138.45 Y107.95 E.00009
G1 X138.45 Y101.25 E.00635
G1 X138.35 Y101.25 E.00009
G1 X138.35 Y107.95 E.00635
G1 X138.25 Y107.95 E.00009
G1 X138.25 Y101.25 E.00635
G1 X138.15 Y101.25 E.00009
G1 X138.15 Y102.898 E.00156
G1 X138.05 Y102.898 E.00009
G1 X138.05 Y101.25 E.00156
G1 X137.95 Y101.25 E.00009
G1 X137.95 Y102.898 E.00156
G1 X137.85 Y102.898 E.00009
G1 X137.85 Y101.25 E.00156
G1 X137.75 Y101.25 E.00009
G1 X137.75 Y102.249 E.00095
G1 X137.65 Y102.249 E.00009
G1 X137.65 Y101.25 E.00095
G1 X137.55 Y101.25 E.00009
G1 X137.55 Y102.249 E.00095
G1 X137.45 Y102.249 E.00009
G1 X137.45 Y101.25 E.00095
G1 X137.35 Y101.25 E.00009
G1 X137.35 Y102.249 E.00095
G1 X137.25 Y102.249 E.00009
G1 X137.25 Y101.25 E.00095
G1 X137.15 Y101.25 E.00009
G1 X137.15 Y102.249 E.00095
G1 X137.05 Y102.249 E.00009
G1 X137.05 Y101.25 E.00095
G1 X136.95 Y101.25 E.00009
G1 X136.95 Y102.249 E.00095
G1 X136.85 Y102.249 E.00009
G1 X136.85 Y101.25 E.00095
G1 X136.75 Y101.25 E.00009
G1 X136.75 Y102.898 E.00156
G1 X136.65 Y102.898 E.00009
G1 X136.65 Y101.25 E.00156
G1 X136.55 Y101.25 E.00009
G1 X136.55 Y102.898 E.00156
G1 X136.45 Y102.898 E.00009
G1 X136.45 Y101.25 E.00156
G1 X136.35 Y101.25 E.00009
G1 X136.35 Y102.898 E.00156
G1 X136.25 Y102.898 E.00009
G1 X136.25 Y101.25 E.00156
G1 X136.15 Y101.25 E.00009
G1 X136.15 Y102.898 E.00156
G1 X136.05 Y102.898 E.00009
G1 X136.05 Y101.25 E.00156
G1 X135.95 Y101.25 E.00009
G1 X135.95 Y102.898 E.00156
G1 X135.85 Y102.898 E.00009
G1 X135.85 Y101.25 E.00156
G1 X135.75 Y101.25 E.00009
G1 X135.75 Y102.943 E.00161
G1 X135.443 Y103.145 F18000
G1 X135.444 Y102.943
G1 X135.65 Y102.943
G1 F900
G1 X135.65 Y101.25 E.00161
G1 X135.55 Y101.25 E.00009
G1 X135.55 Y102.249 E.00095
G1 X135.45 Y102.249 E.00009
G1 X135.45 Y101.25 E.00095
G1 X135.35 Y101.25 E.00009
G1 X135.35 Y102.249 E.00095
G1 X135.25 Y102.249 E.00009
G1 X135.25 Y101.25 E.00095
G1 X135.15 Y101.25 E.00009
G1 X135.15 Y102.249 E.00095
G1 X135.05 Y102.249 E.00009
G1 X135.05 Y101.25 E.00095
G1 X134.95 Y101.25 E.00009
G1 X134.95 Y102.249 E.00095
G1 X134.85 Y102.249 E.00009
G1 X134.85 Y101.25 E.00095
G1 X134.75 Y101.25 E.00009
G1 X134.75 Y102.249 E.00095
G1 X134.65 Y102.249 E.00009
G1 X134.65 Y101.25 E.00095
G1 X134.55 Y101.25 E.00009
G1 X134.55 Y102.837 E.0015
G1 X134.45 Y102.683 E.00017
G1 X134.45 Y101.25 E.00136
G1 X134.35 Y101.25 E.00009
G1 X134.35 Y102.564 E.00125
G1 X134.25 Y102.473 E.00013
G1 X134.25 Y101.25 E.00116
G1 X134.15 Y101.25 E.00009
G1 X134.15 Y102.402 E.00109
G1 X134.05 Y102.34 E.00011
G1 X134.05 Y101.25 E.00103
G1 X133.95 Y101.25 E.00009
G1 X133.95 Y102.3 E.001
G1 X133.85 Y102.262 E.0001
G1 X133.85 Y101.25 E.00096
G1 X133.75 Y101.25 E.00009
G1 X133.75 Y102.24 E.00094
G1 X133.65 Y102.221 E.0001
G1 X133.65 Y101.25 E.00092
G1 X133.55 Y101.25 E.00009
G1 X133.55 Y102.214 E.00091
G1 X133.45 Y102.208 E.00009
G1 X133.45 Y101.25 E.00091
G1 X133.35 Y101.25 E.00009
G1 X133.35 Y102.215 E.00091
G1 X133.25 Y102.222 E.00009
G1 X133.25 Y101.25 E.00092
G1 X133.15 Y101.25 E.00009
G1 X133.15 Y102.243 E.00094
G1 X133.05 Y102.265 E.0001
G1 X133.05 Y101.25 E.00096
G1 X132.95 Y101.25 E.00009
G1 X132.95 Y102.305 E.001
G1 X132.85 Y102.349 E.0001
G1 X132.85 Y101.25 E.00104
G1 X132.75 Y101.25 E.00009
G1 X132.75 Y102.411 E.0011
G1 X132.65 Y102.487 E.00012
G1 X132.65 Y101.25 E.00117
G1 X132.55 Y101.25 E.00009
G1 X132.55 Y102.65 E.00133
G1 E-1.75 F6000
;WIPE_START
G1 F900
G1 X132.55 Y101.65 E-.75
;WIPE_END
G1 X132.55 Y101.947 Z3.16 F18000
G1 X131.942 Y102.14
G1 X132.237 Y102.479
G1 X132.45 Y102.294
G1 Z2.96
G1 E2.5 F6000
G1 F900
G1 X132.45 Y101.25 E.00099
G1 X132.35 Y101.25 E.00009
G1 X132.35 Y102.249 E.00095
G1 X132.25 Y102.249 E.00009
G1 X132.25 Y101.25 E.00095
G1 X132.15 Y101.25 E.00009
G1 X132.15 Y102.249 E.00095
G1 X132.05 Y102.249 E.00009
G1 X132.05 Y101.25 E.00095
G1 X131.95 Y101.25 E.00009
G1 X131.95 Y102.249 E.00095
G1 X131.85 Y102.249 E.00009
G1 X131.85 Y101.25 E.00095
G1 X131.75 Y101.25 E.00009
G1 X131.75 Y102.249 E.00095
G1 X131.65 Y102.249 E.00009
G1 X131.65 Y101.25 E.00095
G1 X131.55 Y101.25 E.00009
G1 X131.55 Y102.249 E.00095
G1 X131.45 Y102.249 E.00009
G1 X131.45 Y101.25 E.00095
G1 X131.35 Y101.25 E.00009
G1 X131.35 Y102.249 E.00095
G1 X131.25 Y102.249 E.00009
G1 X131.25 Y101.25 E.00095
G1 X131.15 Y101.25 E.00009
G1 X131.15 Y102.249 E.00095
G1 X131.05 Y102.249 E.00009
G1 X131.05 Y101.25 E.00095
G1 X130.95 Y101.25 E.00009
G1 X130.95 Y102.249 E.00095
G1 X130.85 Y102.249 E.00009
G1 X130.85 Y101.25 E.00095
G1 X130.75 Y101.25 E.00009
G1 X130.75 Y102.249 E.00095
G1 X130.65 Y102.249 E.00009
G1 X130.65 Y101.25 E.00095
G1 X130.55 Y101.25 E.00009
G1 X130.55 Y102.249 E.00095
G1 X130.45 Y102.249 E.00009
G1 X130.45 Y101.25 E.00095
G1 X130.35 Y101.25 E.00009
G1 X130.35 Y102.249 E.00095
G1 X130.25 Y102.249 E.00009
G1 X130.25 Y101.25 E.00095
G1 X130.15 Y101.25 E.00009
G1 X130.15 Y102.294 E.00099
G1 E-1.75 F6000
;WIPE_START
G1 F900
G1 X130.15 Y101.294 E-.75
;WIPE_END
G1 X130.15 Y101.947 Z3.16 F18000
G1 X129.706 Y101.947
G1 X129.789 Y103.563
G1 X130.481 Y103.432
G1 X130.65 Y103.216
G1 Z2.96
G1 E2.5 F6000
G1 F900
G1 X130.65 Y104.373 E.0011
G1 X130.55 Y104.302 E.00012
G1 X130.55 Y103.261 E.00099
G1 X130.45 Y103.261 E.00009
G1 X130.45 Y104.23 E.00092
G1 X130.35 Y104.159 E.00012
G1 X130.35 Y103.261 E.00085
G1 X130.25 Y103.261 E.00009
G1 X130.25 Y104.088 E.00078
G1 X130.15 Y104.016 E.00012
G1 X130.15 Y103.216 E.00076
G1 E-1.75 F6000
;WIPE_START
G1 F900
G1 X130.15 Y104.016 E-.60045
G1 X130.25 Y104.088 E-.09215
G1 X130.25 Y104.011 E-.0574
;WIPE_END
G1 X130.263 Y104.036 Z3.16 F18000
G1 X129.789 Y103.563
G1 X129.706 Y101.947
G1 X132.806 Y102.038
G1 X133.951 Y101.975
G1 X134.295 Y102.137
G1 X135.995 Y101.947
G1 X135.995 Y102.596
G1 X136.491 Y102.596
G1 X136.491 Y101.947
G1 X138.141 Y101.947
G1 X138.141 Y102.596
G1 X138.544 Y104.108
G1 X138.371 Y103.739
G1 X138.15 Y103.842
G1 Z2.96
G1 E2.5 F6000
G1 F900
G1 X138.15 Y107.95 E.00389
G1 X138.05 Y107.95 E.00009
G1 X138.05 Y103.887 E.00385
G1 X137.95 Y103.887 E.00009
G1 X137.95 Y107.95 E.00385
G1 X137.85 Y107.95 E.00009
G1 X137.85 Y103.842 E.00389
G1 E-1.75 F6000
;WIPE_START
G1 F900
G1 X137.85 Y104.842 E-.75
;WIPE_END
G1 X137.75 Y105.771 Z3.16 F18000
G1 Z2.96
G1 E2.5 F6000
G1 F900
G1 X137.75 Y107.95 E.00207
G1 X137.65 Y107.95 E.00009
G1 X137.65 Y105.816 E.00202
G1 X137.55 Y105.816 E.00009
G1 X137.55 Y107.95 E.00202
G1 X137.45 Y107.95 E.00009
G1 X137.45 Y105.816 E.00202
G1 X137.35 Y105.816 E.00009
G1 X137.35 Y107.95 E.00202
G1 X137.25 Y107.95 E.00009
G1 X137.25 Y105.816 E.00202
G1 X137.15 Y105.816 E.00009
G1 X137.15 Y107.95 E.00202
G1 X137.05 Y107.95 E.00009
G1 X137.05 Y105.816 E.00202
G1 X136.95 Y105.816 E.00009
G1 X136.95 Y107.95 E.00202
G1 X136.85 Y107.95 E.00009
G1 X136.85 Y105.714 E.00212
G1 X136.75 Y105.567 E.00017
G1 X136.75 Y107.95 E.00226
G1 X136.65 Y107.95 E.00009
G1 X136.65 Y105.419 E.0024
G1 X136.55 Y105.272 E.00017
G1 X136.55 Y107.95 E.00254
G1 X136.45 Y107.95 E.00009
G1 X136.45 Y105.125 E.00268
G1 X136.35 Y104.978 E.00017
G1 X136.35 Y107.95 E.00282
G1 X136.25 Y107.95 E.00009
G1 X136.25 Y104.83 E.00296
G1 X136.15 Y104.683 E.00017
G1 X136.15 Y107.95 E.0031
G1 X136.05 Y107.95 E.00009
G1 X136.05 Y104.536 E.00324
G1 X135.95 Y104.388 E.00017
G1 X135.95 Y107.95 E.00338
G1 X135.85 Y107.95 E.00009
G1 X135.85 Y104.241 E.00352
G1 X135.75 Y104.094 E.00017
G1 X135.75 Y107.95 E.00366
G1 X135.65 Y107.95 E.00009
G1 X135.65 Y103.947 E.00379
G1 X135.55 Y103.799 E.00017
G1 X135.55 Y107.95 E.00393
G1 X135.45 Y107.95 E.00009
G1 X135.45 Y103.35 E.00436
G1 X135.443 Y103.145 F18000
G1 X135.443 Y103.145
G1 X135.35 Y103.145
G1 X135.35 Y103.35
G1 F900
G1 X135.35 Y107.95 E.00436
G1 X135.25 Y107.95 E.00009
G1 X135.25 Y103.395 E.00432
G1 X135.15 Y103.395 E.00009
G1 X135.15 Y107.95 E.00432
G1 X135.05 Y107.95 E.00009
G1 X135.05 Y103.395 E.00432
G1 X134.95 Y103.395 E.00009
G1 X134.95 Y107.95 E.00432
G1 X134.85 Y107.95 E.00009
G1 X134.85 Y103.395 E.00432
G1 X134.75 Y103.395 E.00009
G1 X134.75 Y103.732 E.00032
G1 X134.593 Y103.782 F18000
G1 X134.713 Y104.033
G1 X134.822 Y104.29
G1 X134.831 Y104.317
G1 X134.75 Y104.345
G1 F900
G1 X134.75 Y107.95 E.00342
G1 X134.65 Y107.95 E.00009
G1 X134.65 Y105.043 E.00276
G1 X134.55 Y105.256 E.00022
G1 X134.55 Y107.95 E.00255
G1 X134.45 Y107.95 E.00009
G1 X134.45 Y105.407 E.00241
G1 X134.35 Y105.522 E.00014
G1 X134.35 Y107.95 E.0023
G1 X134.25 Y107.95 E.00009
G1 X134.25 Y105.613 E.00222
G1 X134.15 Y105.678 E.00011
G1 X134.15 Y107.95 E.00215
G1 X134.05 Y107.95 E.00009
G1 X134.05 Y105.736 E.0021
G1 X133.95 Y105.775 E.0001
G1 X133.95 Y107.95 E.00206
G1 X133.85 Y107.95 E.00009
G1 X133.85 Y105.81 E.00203
G1 X133.75 Y105.831 E.0001
G1 X133.75 Y107.95 E.00201
G1 X133.65 Y107.95 E.00009
G1 X133.65 Y105.848 E.00199
G1 X133.55 Y105.854 E.00009
G1 X133.55 Y107.95 E.00199
G1 X133.45 Y107.95 E.00009
G1 X133.45 Y105.858 E.00198
G1 X133.35 Y105.852 E.00009
G1 X133.35 Y107.95 E.00199
G1 X133.25 Y107.95 E.00009
G1 X133.25 Y105.845 E.002
G1 X133.15 Y105.824 E.0001
G1 X133.15 Y107.95 E.00202
G1 X133.05 Y107.95 E.00009
G1 X133.05 Y105.803 E.00204
G1 X132.95 Y105.765 E.0001
G1 X132.95 Y107.95 E.00207
G1 X132.85 Y107.95 E.00009
G1 X132.85 Y105.724 E.00211
G1 X132.75 Y105.664 E.00011
G1 X132.75 Y107.95 E.00217
G1 X132.65 Y107.95 E.00009
G1 X132.65 Y105.592 E.00224
G1 X132.55 Y105.503 E.00013
G1 X132.55 Y107.95 E.00232
G1 X132.45 Y107.95 E.00009
G1 X132.45 Y105.38 E.00244
G1 X132.35 Y105.218 E.00018
G1 X132.35 Y107.95 E.00259
G1 X132.25 Y107.95 E.00009
G1 X132.25 Y104.826 E.00296
G1 E-1.75 F6000
;WIPE_START
G1 F900
G1 X132.25 Y105.826 E-.75
;WIPE_END
G1 X132.342 Y105.722 Z3.16 F18000
G1 X131.942 Y103.011
G1 X132.15 Y103.011
G1 X132.15 Y103.216
G1 Z2.96
G1 E2.5 F6000
G1 F900
G1 X132.15 Y107.95 E.00449
G1 X132.05 Y107.95 E.00009
G1 X132.05 Y103.261 E.00445
G1 X131.95 Y103.261 E.00009
G1 X131.95 Y107.95 E.00445
G1 X131.85 Y107.95 E.00009
G1 X131.85 Y103.216 E.00449
G1 E-1.75 F6000
;WIPE_START
G1 F900
G1 X131.85 Y104.216 E-.75
;WIPE_END
G1 X131.653 Y104.216 Z3.16 F18000
G1 X131.741 Y105.254
G1 X131.796 Y105.766
G1 X131.75 Y105.771
G1 Z2.96
G1 E2.5 F6000
G1 F900
G1 X131.75 Y107.95 E.00207
G1 X131.65 Y107.95 E.00009
G1 X131.65 Y105.816 E.00202
G1 X131.55 Y105.816 E.00009
G1 X131.55 Y107.95 E.00202
G1 X131.45 Y107.95 E.00009
G1 X131.45 Y105.816 E.00202
G1 X131.35 Y105.816 E.00009
G1 X131.35 Y107.95 E.00202
G1 X131.25 Y107.95 E.00009
G1 X131.25 Y105.816 E.00202
G1 X131.15 Y105.816 E.00009
G1 X131.15 Y107.95 E.00202
G1 X131.05 Y107.95 E.00009
G1 X131.05 Y105.816 E.00202
G1 X131.01 Y105.816 E.00004
G1 X130.95 Y105.775 E.00007
G1 X130.95 Y107.95 E.00206
G1 X130.85 Y107.95 E.00009
G1 X130.85 Y105.706 E.00213
G1 X130.75 Y105.637 E.00012
G1 X130.75 Y107.95 E.00219
G1 X130.65 Y107.95 E.00009
G1 X130.65 Y105.568 E.00226
G1 X130.55 Y105.5 E.00012
G1 X130.55 Y107.95 E.00232
G1 X130.45 Y107.95 E.00009
G1 X130.45 Y105.431 E.00239
G1 X130.35 Y105.362 E.00012
G1 X130.35 Y107.95 E.00245
G1 X130.25 Y107.95 E.00009
G1 X130.25 Y105.293 E.00252
G1 X130.15 Y105.224 E.00012
G1 X130.15 Y107.95 E.00258
G1 X130.05 Y107.95 E.00009
G1 X130.05 Y101.25 E.00635
G1 X129.95 Y101.25 E.00009
G1 X129.95 Y107.95 E.00635
G1 X129.85 Y107.95 E.00009
G1 X129.85 Y101.25 E.00635
G1 X129.75 Y101.25 E.00009
G1 X129.75 Y107.95 E.00635
G1 X129.65 Y107.95 E.00009
G1 X129.65 Y101.25 E.00635
G1 X129.55 Y101.25 E.00009
G1 X129.55 Y107.95 E.00635
G1 X129.45 Y107.95 E.00009
G1 X129.45 Y101.25 E.00635
G1 X129.35 Y101.25 E.00009
G1 X129.35 Y107.95 E.00635
G1 X129.25 Y107.95 E.00009
G1 X129.25 Y101.25 E.00635
G1 X129.15 Y101.25 E.00009
G1 X129.15 Y107.95 E.00635
G1 X129.05 Y107.95 E.00009
G1 X129.05 Y101.25 E.00635
G1 X128.95 Y101.25 E.00009
G1 X128.95 Y107.95 E.00635
G1 X128.85 Y107.95 E.00009
G1 X128.85 Y101.25 E.00635
G1 X128.75 Y101.25 E.00009
G1 X128.75 Y107.95 E.00635
G1 X128.65 Y107.95 E.00009
G1 X128.65 Y101.25 E.00635
G1 X128.55 Y101.25 E.00009
G1 X128.55 Y107.95 E.00635
G1 X128.45 Y107.95 E.00009
G1 X128.45 Y101.25 E.00635
G1 X128.35 Y101.25 E.00009
G1 X128.35 Y107.95 E.00635
G1 X128.25 Y107.95 E.00009
G1 X128.25 Y101.25 E.00635
G1 X128.15 Y101.25 E.00009
G1 X128.15 Y107.95 E.00635
G1 X128.05 Y107.95 E.00009
G1 X128.05 Y101.25 E.00635
G1 X127.95 Y101.25 E.00009
G1 X127.95 Y107.95 E.00635
G1 X127.85 Y107.95 E.00009
G1 X127.85 Y101.25 E.00635
G1 X127.75 Y101.25 E.00009
G1 X127.75 Y107.95 E.00635
G1 X127.65 Y107.95 E.00009
G1 X127.65 Y101.25 E.00635
G1 X127.55 Y101.25 E.00009
G1 X127.55 Y107.95 E.00635
G1 X127.45 Y107.95 E.00009
G1 X127.45 Y101.25 E.00635
G1 X127.35 Y101.25 E.00009
G1 X127.35 Y107.95 E.00635
G1 X127.25 Y107.95 E.00009
G1 X127.25 Y101.25 E.00635
G1 X127.15 Y101.25 E.00009
G1 X127.15 Y107.95 E.00635
G1 X127.05 Y107.95 E.00009
G1 X127.05 Y101.25 E.00635
G1 X126.95 Y101.25 E.00009
G1 X126.95 Y107.95 E.00635
G1 X126.85 Y107.95 E.00009
G1 X126.85 Y101.25 E.00635
G1 X126.75 Y101.25 E.00009
G1 X126.75 Y107.95 E.00635
G1 X126.65 Y107.95 E.00009
G1 X126.65 Y101.25 E.00635
G1 X126.55 Y101.25 E.00009
G1 X126.55 Y107.95 E.00635
G1 X126.45 Y107.95 E.00009
G1 X126.45 Y101.25 E.00635
G1 X126.35 Y101.25 E.00009
G1 X126.35 Y107.95 E.00635
G1 X126.25 Y107.95 E.00009
G1 X126.25 Y101.25 E.00635
G1 X126.15 Y101.25 E.00009
G1 X126.15 Y107.95 E.00635
G1 X126.05 Y107.95 E.00009
G1 X126.05 Y101.25 E.00635
G1 X125.95 Y101.25 E.00009
G1 X125.95 Y107.95 E.00635
G1 X125.85 Y107.95 E.00009
G1 X125.85 Y101.25 E.00635
G1 X125.75 Y101.25 E.00009
G1 X125.75 Y107.95 E.00635
G1 X125.65 Y107.95 E.00009
G1 X125.65 Y101.25 E.00635
G1 X125.55 Y101.25 E.00009
G1 X125.55 Y107.95 E.00635
G1 X125.45 Y107.95 E.00009
G1 X125.45 Y101.25 E.00635
G1 X125.35 Y101.25 E.00009
G1 X125.35 Y107.95 E.00635
G1 X125.25 Y107.95 E.00009
G1 X125.25 Y101.25 E.00635
G1 X125.15 Y101.25 E.00009
G1 X125.15 Y107.95 E.00635
G1 X125.05 Y107.95 E.00009
G1 X125.05 Y101.25 E.00635
G1 X124.95 Y101.25 E.00009
G1 X124.95 Y107.95 E.00635
G1 X124.85 Y107.95 E.00009
G1 X124.85 Y101.25 E.00635
G1 X124.75 Y101.25 E.00009
G1 X124.75 Y107.95 E.00635
G1 X124.65 Y107.95 E.00009
G1 X124.65 Y101.25 E.00635
G1 X124.55 Y101.25 E.00009
G1 X124.55 Y107.95 E.00635
G1 X124.45 Y107.95 E.00009
G1 X124.45 Y101.25 E.00635
G1 X124.35 Y101.25 E.00009
G1 X124.35 Y107.95 E.00635
G1 X124.25 Y107.95 E.00009
G1 X124.25 Y101.25 E.00635
G1 X124.15 Y101.25 E.00009
G1 X124.15 Y107.95 E.00635
G1 X124.05 Y107.95 E.00009
G1 X124.05 Y101.25 E.00635
G1 X123.95 Y101.25 E.00009
G1 X123.95 Y107.95 E.00635
G1 X123.85 Y107.95 E.00009
G1 X123.85 Y101.25 E.00635
G1 X123.75 Y101.25 E.00009
G1 X123.75 Y107.95 E.00635
G1 X123.65 Y107.95 E.00009
G1 X123.65 Y101.25 E.00635
G1 X123.55 Y101.25 E.00009
G1 X123.55 Y107.95 E.00635
G1 X123.45 Y107.95 E.00009
G1 X123.45 Y101.25 E.00635
G1 X123.35 Y101.25 E.00009
G1 X123.35 Y107.95 E.00635
G1 X123.25 Y107.95 E.00009
G1 X123.25 Y101.25 E.00635
G1 X123.15 Y101.25 E.00009
G1 X123.15 Y107.95 E.00635
G1 X123.05 Y107.95 E.00009
G1 X123.05 Y101.25 E.00635
G1 X122.95 Y101.25 E.00009
G1 X122.95 Y107.95 E.00635
G1 X122.85 Y107.95 E.00009
G1 X122.85 Y101.25 E.00635
G1 X122.75 Y101.25 E.00009
G1 X122.75 Y107.95 E.00635
G1 X122.65 Y107.95 E.00009
G1 X122.65 Y101.25 E.00635
G1 X122.55 Y101.25 E.00009
G1 X122.55 Y107.95 E.00635
G1 X122.45 Y107.95 E.00009
G1 X122.45 Y101.25 E.00635
G1 X122.35 Y101.25 E.00009
G1 X122.35 Y107.95 E.00635
G1 X122.25 Y107.95 E.00009
G1 X122.25 Y101.25 E.00635
G1 X122.15 Y101.25 E.00009
G1 X122.15 Y107.95 E.00635
G1 X122.05 Y107.95 E.00009
G1 X122.05 Y101.25 E.00635
G1 X121.95 Y101.25 E.00009
G1 X121.95 Y107.95 E.00635
G1 X121.85 Y107.95 E.00009
G1 X121.85 Y101.25 E.00635
G1 X121.75 Y101.25 E.00009
G1 X121.75 Y107.95 E.00635
G1 X121.65 Y107.95 E.00009
G1 X121.65 Y101.25 E.00635
G1 X121.55 Y101.25 E.00009
G1 X121.55 Y107.95 E.00635
G1 X121.45 Y107.95 E.00009
G1 X121.45 Y101.25 E.00635
G1 X121.35 Y101.25 E.00009
G1 X121.35 Y107.95 E.00635
G1 X121.25 Y107.95 E.00009
G1 X121.25 Y101.25 E.00635
G1 X121.15 Y101.25 E.00009
G1 X121.15 Y107.95 E.00635
G1 X121.05 Y107.95 E.00009
G1 X121.05 Y101.25 E.00635
G1 X120.95 Y101.25 E.00009
G1 X120.95 Y107.95 E.00635
G1 X120.85 Y107.95 E.00009
G1 X120.85 Y101.25 E.00635
G1 X120.75 Y101.25 E.00009
G1 X120.75 Y107.95 E.00635
G1 X120.65 Y107.95 E.00009
G1 X120.65 Y101.25 E.00635
G1 X120.55 Y101.25 E.00009
G1 X120.55 Y107.95 E.00635
G1 X120.45 Y107.95 E.00009
G1 X120.45 Y101.25 E.00635
G1 X120.35 Y101.25 E.00009
G1 X120.35 Y107.95 E.00635
G1 X120.25 Y107.95 E.00009
G1 X120.25 Y101.25 E.00635
G1 X120.15 Y101.25 E.00009
G1 X120.15 Y107.95 E.00635
G1 X120.05 Y107.95 E.00009
G1 X120.05 Y101.25 E.00635
G1 X119.95 Y101.25 E.00009
G1 X119.95 Y107.95 E.00635
G1 X119.85 Y107.95 E.00009
G1 X119.85 Y101.25 E.00635
G1 X119.75 Y101.25 E.00009
G1 X119.75 Y107.95 E.00635
G1 X119.65 Y107.95 E.00009
G1 X119.65 Y101.25 E.00635
G1 X119.55 Y101.25 E.00009
G1 X119.55 Y107.95 E.00635
G1 X119.45 Y107.95 E.00009
G1 X119.45 Y101.25 E.00635
G1 X119.35 Y101.25 E.00009
G1 X119.35 Y107.95 E.00635
G1 X119.25 Y107.95 E.00009
G1 X119.25 Y101.25 E.00635
G1 X119.15 Y101.25 E.00009
G1 X119.15 Y107.95 E.00635
G1 X119.05 Y107.95 E.00009
G1 X119.05 Y101.25 E.00635
G1 X118.95 Y101.25 E.00009
G1 X118.95 Y107.95 E.00635
G1 X118.85 Y107.95 E.00009
G1 X118.85 Y101.25 E.00635
G1 X118.75 Y101.25 E.00009
G1 X118.75 Y107.95 E.00635
G1 X118.65 Y107.95 E.00009
G1 X118.65 Y101.25 E.00635
G1 X118.55 Y101.25 E.00009
G1 X118.55 Y107.95 E.00635
G1 X118.45 Y107.95 E.00009
G1 X118.45 Y101.25 E.00635
G1 X118.35 Y101.25 E.00009
G1 X118.35 Y107.95 E.00635
G1 X118.25 Y107.95 E.00009
G1 X118.25 Y101.25 E.00635
G1 X118.15 Y101.25 E.00009
G1 X118.15 Y107.95 E.00635
G1 X118.05 Y107.95 E.00009
G1 X118.05 Y101.25 E.00635
G1 X117.95 Y101.25 E.00009
G1 X117.95 Y107.95 E.00635
G1 X117.85 Y107.95 E.00009
G1 X117.85 Y101.25 E.00635
G1 X117.75 Y101.25 E.00009
G1 X117.75 Y107.95 E.00635
G1 X117.65 Y107.95 E.00009
G1 X117.65 Y101.25 E.00635
G1 X117.55 Y101.25 E.00009
G1 X117.55 Y107.95 E.00635
G1 X117.45 Y107.95 E.00009
G1 X117.45 Y101.25 E.00635
G1 X117.35 Y101.25 E.00009
G1 X117.35 Y107.95 E.00635
G1 X117.25 Y107.95 E.00009
G1 X117.25 Y101.25 E.00635
G1 X117.15 Y101.25 E.00009
G1 X117.15 Y107.95 E.00635
G1 X117.05 Y107.95 E.00009
G1 X117.05 Y101.25 E.00635
G1 X116.95 Y101.25 E.00009
G1 X116.95 Y107.95 E.00635
G1 X116.85 Y107.95 E.00009
G1 X116.85 Y101.25 E.00635
G1 X116.75 Y101.25 E.00009
G1 X116.75 Y107.95 E.00635
G1 X116.65 Y107.95 E.00009
G1 X116.65 Y101.25 E.00635
G1 X116.55 Y101.25 E.00009
G1 X116.55 Y107.95 E.00635
G1 X116.45 Y107.95 E.00009
G1 X116.45 Y101.25 E.00635
G1 X116.35 Y101.25 E.00009
G1 X116.35 Y107.95 E.00635
G1 X116.25 Y107.95 E.00009
G1 X116.25 Y101.25 E.00635
G1 X116.15 Y101.25 E.00009
G1 X116.15 Y107.95 E.00635
G1 X116.05 Y107.95 E.00009
G1 X116.05 Y101.25 E.00635
G1 X115.95 Y101.25 E.00009
G1 X115.95 Y107.95 E.00635
G1 X115.85 Y107.95 E.00009
G1 X115.85 Y101.25 E.00635
G1 X115.75 Y101.25 E.00009
G1 X115.75 Y107.95 E.00635
G1 X115.65 Y107.95 E.00009
G1 X115.65 Y101.25 E.00635
G1 X115.55 Y101.25 E.00009
G1 X115.55 Y107.95 E.00635
G1 X115.45 Y107.95 E.00009
G1 X115.45 Y101.25 E.00635
G1 X115.35 Y101.25 E.00009
G1 X115.35 Y107.95 E.00635
G1 X115.25 Y107.95 E.00009
G1 X115.25 Y101.25 E.00635
G1 X115.15 Y101.25 E.00009
G1 X115.15 Y107.95 E.00635
G1 X115.05 Y107.95 E.00009
G1 X115.05 Y101.25 E.00635
G1 X114.95 Y101.25 E.00009
G1 X114.95 Y107.95 E.00635
G1 X114.85 Y107.95 E.00009
G1 X114.85 Y101.25 E.00635
G1 X114.75 Y101.25 E.00009
G1 X114.75 Y107.95 E.00635
G1 X114.65 Y107.95 E.00009
G1 X114.65 Y101.25 E.00635
G1 X114.55 Y101.25 E.00009
G1 X114.55 Y107.95 E.00635
G1 X114.45 Y107.95 E.00009
G1 X114.45 Y101.25 E.00635
G1 X114.35 Y101.25 E.00009
G1 X114.35 Y107.95 E.00635
G1 X114.25 Y107.95 E.00009
G1 X114.25 Y101.25 E.00635
G1 X114.15 Y101.25 E.00009
G1 X114.15 Y107.95 E.00635
G1 X114.05 Y107.95 E.00009
G1 X114.05 Y105.115 E.00269
G1 X113.95 Y105.339 E.00023
G1 X113.95 Y107.95 E.00247
G1 X113.85 Y107.95 E.00009
G1 X113.85 Y105.474 E.00235
G1 X113.75 Y105.574 E.00013
G1 X113.75 Y107.95 E.00225
G1 X113.65 Y107.95 E.00009
G1 X113.65 Y105.649 E.00218
G1 X113.55 Y105.707 E.00011
G1 X113.55 Y107.95 E.00213
G1 X113.45 Y107.95 E.00009
G1 X113.45 Y105.754 E.00208
G1 X113.35 Y105.791 E.0001
G1 X113.35 Y107.95 E.00205
G1 X113.25 Y107.95 E.00009
G1 X113.25 Y105.816 E.00202
G1 X113.15 Y105.836 E.0001
G1 X113.15 Y107.95 E.002
G1 X113.05 Y107.95 E.00009
G1 X113.05 Y105.849 E.00199
G1 X112.95 Y105.855 E.00009
G1 X112.95 Y107.95 E.00199
G1 X112.85 Y107.95 E.00009
G1 X112.85 Y105.858 E.00198
G1 X112.75 Y105.854 E.00009
G1 X112.75 Y107.95 E.00199
G1 X112.65 Y107.95 E.00009
G1 X112.65 Y105.845 E.002
G1 X112.55 Y105.83 E.0001
G1 X112.55 Y107.95 E.00201
G1 X112.45 Y107.95 E.00009
G1 X112.45 Y105.806 E.00203
G1 X112.35 Y105.774 E.0001
G1 X112.35 Y107.95 E.00206
G1 X112.25 Y107.95 E.00009
G1 X112.25 Y105.736 E.0021
G1 X112.15 Y105.683 E.00011
G1 X112.15 Y107.95 E.00215
G1 X112.05 Y107.95 E.00009
G1 X112.05 Y105.617 E.00221
G1 X111.95 Y105.537 E.00012
G1 X111.95 Y107.95 E.00229
G1 X111.85 Y107.95 E.00009
G1 X111.85 Y105.436 E.00238
G1 X111.75 Y105.302 E.00016
G1 X111.75 Y107.95 E.00251
G1 X111.65 Y107.95 E.00009
G1 X111.65 Y104.957 E.00284
G1 E-1.75 F6000
;WIPE_START
G1 F900
G1 X111.65 Y105.957 E-.75
;WIPE_END
G1 X111.733 Y105.744 Z3.16 F18000
G1 X111.732 Y105.744
G1 X111.683 Y105.665
G1 X111.602 Y105.493
G1 X111.544 Y105.319
G1 X111.506 Y105.146
G1 X111.484 Y104.977
G1 X111.503 Y104.437
G1 X112.426 Y104.555
G1 X112.712 Y104.769
G1 X112.727 Y104.748
G1 X112.95 Y104.894
G1 Z2.96
G1 E2.5 F6000
G1 F900
G1 X112.95 Y104.5 E.00037
G1 X112.85 Y104.386 E.00014
G1 X112.85 Y104.857 E.00045
G1 X112.75 Y104.84 E.0001
G1 X112.75 Y104.295 E.00052
G1 X112.65 Y104.211 E.00012
G1 X112.65 Y104.824 E.00058
G1 X112.648 Y104.822 F18000
G1 X112.426 Y104.555
G1 X112.426 Y104.555
G1 X112.55 Y104.394
G1 F900
G1 X112.55 Y104.129 E.00025
G1 X112.45 Y104.048 E.00012
G1 X112.45 Y104.358 E.00029
G1 X112.35 Y104.367 E.0001
G1 X112.35 Y103.962 E.00038
G1 X112.25 Y103.874 E.00013
G1 X112.25 Y104.376 E.00048
G1 X112.15 Y104.385 E.0001
G1 X112.15 Y103.782 E.00057
G1 X112.05 Y103.68 E.00014
G1 X112.05 Y104.395 E.00068
G1 X111.95 Y104.404 E.0001
G1 X111.95 Y103.571 E.00079
G1 X111.85 Y103.45 E.00015
G1 X111.85 Y104.413 E.00091
G1 X111.75 Y104.422 E.0001
G1 X111.75 Y103.218 E.00114
G1 X111.925 Y103.113 F18000
G1 X111.892 Y103.058
G1 X111.834 Y102.938
G1 X111.65 Y103.028
G1 F900
G1 X111.65 Y104.477 E.00137
G1 E-1.75 F6000
;WIPE_START
G1 F900
G1 X111.65 Y103.477 E-.75
;WIPE_END
G1 X111.443 Y103.145 Z3.16 F18000
G1 X111.443 Y103.145
G1 X111.55 Y103.35
G1 Z2.96
G1 E2.5 F6000
G1 F900
G1 X111.55 Y107.95 E.00436
G1 X111.45 Y107.95 E.00009
G1 X111.45 Y103.395 E.00432
G1 X111.35 Y103.395 E.00009
G1 X111.35 Y107.95 E.00432
G1 X111.25 Y107.95 E.00009
G1 X111.25 Y103.395 E.00432
G1 X111.15 Y103.395 E.00009
G1 X111.15 Y107.95 E.00432
G1 X111.05 Y107.95 E.00009
G1 X111.05 Y103.395 E.00432
G1 X110.95 Y103.395 E.00009
G1 X110.95 Y107.95 E.00432
G1 X110.85 Y107.95 E.00009
G1 X110.85 Y103.395 E.00432
G1 X110.75 Y103.395 E.00009
G1 X110.75 Y103.732 E.00032
G1 X110.593 Y103.782 F18000
G1 X110.713 Y104.033
G1 X110.822 Y104.29
G1 X110.829 Y104.333
G1 X110.75 Y104.345
G1 F900
G1 X110.75 Y107.95 E.00342
G1 X110.65 Y107.95 E.00009
G1 X110.65 Y105.043 E.00276
G1 X110.55 Y105.256 E.00022
G1 X110.55 Y107.95 E.00255
G1 X110.45 Y107.95 E.00009
G1 X110.45 Y105.407 E.00241
G1 X110.35 Y105.522 E.00014
G1 X110.35 Y107.95 E.0023
G1 X110.25 Y107.95 E.00009
G1 X110.25 Y105.613 E.00222
G1 X110.15 Y105.678 E.00011
G1 X110.15 Y107.95 E.00215
G1 X110.05 Y107.95 E.00009
G1 X110.05 Y105.736 E.0021
G1 X109.95 Y105.775 E.0001
G1 X109.95 Y107.95 E.00206
G1 X109.85 Y107.95 E.00009
G1 X109.85 Y105.81 E.00203
G1 X109.75 Y105.831 E.0001
G1 X109.75 Y107.95 E.00201
G1 X109.65 Y107.95 E.00009
G1 X109.65 Y105.848 E.00199
G1 X109.55 Y105.854 E.00009
G1 X109.55 Y107.95 E.00199
G1 X109.45 Y107.95 E.00009
G1 X109.45 Y105.858 E.00198
G1 X109.35 Y105.852 E.00009
G1 X109.35 Y107.95 E.00199
G1 X109.25 Y107.95 E.00009
G1 X109.25 Y105.845 E.002
G1 X109.15 Y105.824 E.0001
G1 X109.15 Y107.95 E.00202
G1 X109.05 Y107.95 E.00009
G1 X109.05 Y105.803 E.00204
G1 X108.95 Y105.765 E.0001
G1 X108.95 Y107.95 E.00207
G1 X108.85 Y107.95 E.00009
G1 X108.85 Y105.724 E.00211
G1 X108.75 Y105.664 E.00011
G1 X108.75 Y107.95 E.00217
G1 X108.65 Y107.95 E.00009
G1 X108.65 Y105.592 E.00224
G1 X108.55 Y105.503 E.00013
G1 X108.55 Y107.95 E.00232
G1 X108.45 Y107.95 E.00009
G1 X108.45 Y105.38 E.00244
G1 X108.35 Y105.218 E.00018
G1 X108.35 Y107.95 E.00259
G1 X108.25 Y107.95 E.00009
G1 X108.25 Y104.826 E.00296
G1 E-1.75 F6000
;WIPE_START
G1 F900
G1 X108.25 Y105.826 E-.75
;WIPE_END
G1 X108.342 Y105.722 Z3.16 F18000
G1 X107.942 Y103.011
G1 X108.15 Y103.011
G1 X108.15 Y103.216
G1 Z2.96
G1 E2.5 F6000
G1 F900
G1 X108.15 Y107.95 E.00449
G1 X108.05 Y107.95 E.00009
G1 X108.05 Y103.261 E.00445
G1 X107.95 Y103.261 E.00009
G1 X107.95 Y107.95 E.00445
G1 X107.85 Y107.95 E.00009
G1 X107.85 Y103.216 E.00449
G1 E-1.75 F6000
;WIPE_START
G1 F900
G1 X107.85 Y104.216 E-.75
;WIPE_END
G1 X107.653 Y104.216 Z3.16 F18000
G1 X107.741 Y105.254
G1 X107.796 Y105.766
G1 X107.75 Y105.771
G1 Z2.96
G1 E2.5 F6000
G1 F900
G1 X107.75 Y107.95 E.00207
G1 X107.65 Y107.95 E.00009
G1 X107.65 Y105.816 E.00202
G1 X107.55 Y105.816 E.00009
G1 X107.55 Y107.95 E.00202
G1 X107.45 Y107.95 E.00009
G1 X107.45 Y105.816 E.00202
G1 X107.35 Y105.816 E.00009
G1 X107.35 Y107.95 E.00202
G1 X107.25 Y107.95 E.00009
G1 X107.25 Y105.816 E.00202
G1 X107.15 Y105.816 E.00009
G1 X107.15 Y107.95 E.00202
G1 X107.05 Y107.95 E.00009
G1 X107.05 Y105.816 E.00202
G1 X107.01 Y105.816 E.00004
G1 X106.95 Y105.775 E.00007
G1 X106.95 Y107.95 E.00206
G1 X106.85 Y107.95 E.00009
G1 X106.85 Y105.706 E.00213
G1 X106.75 Y105.637 E.00012
G1 X106.75 Y107.95 E.00219
G1 X106.65 Y107.95 E.00009
G1 X106.65 Y105.568 E.00226
G1 X106.55 Y105.5 E.00012
G1 X106.55 Y107.95 E.00232
G1 X106.45 Y107.95 E.00009
G1 X106.45 Y105.431 E.00239
G1 X106.35 Y105.362 E.00012
G1 X106.35 Y107.95 E.00245
G1 X106.25 Y107.95 E.00009
G1 X106.25 Y105.293 E.00252
G1 X106.15 Y105.225 E.00012
G1 X106.15 Y107.995 E.00263
G1 E-1.75 F6000
;WIPE_START
G1 F900
G1 X106.15 Y106.995 E-.75
;WIPE_END
G1 X107.983 Y106.118 Z3.16 F18000
G1 X108.288 Y103.791
G1 X108.481 Y103.192
G1 X108.548 Y103.027
G1 X108.631 Y102.879
G1 X108.73 Y102.752
G1 X108.955 Y102.518
G1 X109.089 Y102.386
G1 X109.457 Y102.04
G1 X111.806 Y102.499
G1 X112.118 Y102.061
G1 X114.342 Y102.061
G1 X114.102 Y103.208
G1 X114.055 Y103.197
G1 X114.05 Y103.216
G1 Z2.96
G1 E2.5 F6000
G1 F900
G1 X114.05 Y104.372 E.0011
G1 X113.95 Y104.149 E.00023
G1 X113.95 Y103.261 E.00084
G1 X113.85 Y103.261 E.00009
G1 X113.85 Y103.992 E.00069
G1 X113.75 Y103.867 E.00015
G1 X113.75 Y103.261 E.00058
G1 X113.65 Y103.261 E.00009
G1 X113.65 Y103.758 E.00047
G1 X113.55 Y103.665 E.00013
G1 X113.55 Y103.261 E.00038
G1 X113.45 Y103.261 E.00009
G1 X113.45 Y103.574 E.0003
G1 X113.35 Y103.489 E.00012
G1 X113.35 Y103.261 E.00022
G1 X113.25 Y103.261 E.00009
G1 X113.25 Y103.405 E.00014
G1 X113.15 Y103.321 E.00012
G1 X113.15 Y103.216 E.0001
G1 E-1.75 F6000
;WIPE_START
G1 F900
G1 X113.15 Y103.321 E-.0792
G1 X113.25 Y103.405 E-.098
G1 X113.25 Y103.261 E-.10854
G1 X113.35 Y103.261 E-.075
G1 X113.35 Y103.489 E-.17163
G1 X113.45 Y103.574 E-.098
G1 X113.45 Y103.414 E-.11962
;WIPE_END
G1 X113.28 Y103.677 Z3.16 F18000
G1 X114.102 Y103.208
G1 X114.342 Y102.061
G1 X114.05 Y102.061
G1 X114.05 Y102.294
G1 Z2.96
G1 E2.5 F6000
G1 F900
G1 X114.05 Y101.25 E.00099
G1 X113.95 Y101.25 E.00009
G1 X113.95 Y102.249 E.00095
G1 X113.85 Y102.249 E.00009
G1 X113.85 Y101.25 E.00095
G1 X113.75 Y101.25 E.00009
G1 X113.75 Y102.249 E.00095
G1 X113.65 Y102.249 E.00009
G1 X113.65 Y101.25 E.00095
G1 X113.55 Y101.25 E.00009
G1 X113.55 Y102.249 E.00095
G1 X113.45 Y102.249 E.00009
G1 X113.45 Y101.25 E.00095
G1 X113.35 Y101.25 E.00009
G1 X113.35 Y102.249 E.00095
G1 X113.25 Y102.249 E.00009
G1 X113.25 Y101.25 E.00095
G1 X113.15 Y101.25 E.00009
G1 X113.15 Y102.249 E.00095
G1 X113.05 Y102.249 E.00009
G1 X113.05 Y101.25 E.00095
G1 X112.95 Y101.25 E.00009
G1 X112.95 Y102.249 E.00095
G1 X112.85 Y102.249 E.00009
G1 X112.85 Y101.25 E.00095
G1 X112.75 Y101.25 E.00009
G1 X112.75 Y102.249 E.00095
G1 X112.65 Y102.249 E.00009
G1 X112.65 Y101.25 E.00095
G1 X112.55 Y101.25 E.00009
G1 X112.55 Y102.249 E.00095
G1 X112.45 Y102.249 E.00009
G1 X112.45 Y101.25 E.00095
G1 X112.35 Y101.25 E.00009
G1 X112.35 Y102.249 E.00095
G1 X112.25 Y102.249 E.00009
G1 X112.25 Y101.25 E.00095
G1 X112.15 Y101.25 E.00009
G1 X112.15 Y102.249 E.00095
G1 X112.05 Y102.249 E.00009
G1 X112.05 Y101.25 E.00095
G1 X111.95 Y101.25 E.00009
G1 X111.95 Y102.249 E.00095
G1 X111.85 Y102.249 E.00009
G1 X111.85 Y101.25 E.00095
G1 X111.75 Y101.25 E.00009
G1 X111.75 Y102.249 E.00095
G1 X111.65 Y102.249 E.00009
G1 X111.65 Y101.25 E.00095
G1 X111.55 Y101.25 E.00009
G1 X111.55 Y102.249 E.00095
G1 X111.45 Y102.249 E.00009
G1 X111.45 Y101.25 E.00095
G1 X111.35 Y101.25 E.00009
G1 X111.35 Y102.249 E.00095
G1 X111.25 Y102.249 E.00009
G1 X111.25 Y101.25 E.00095
G1 X111.15 Y101.25 E.00009
G1 X111.15 Y102.249 E.00095
G1 X111.05 Y102.249 E.00009
G1 X111.05 Y101.25 E.00095
G1 X110.95 Y101.25 E.00009
G1 X110.95 Y102.249 E.00095
G1 X110.85 Y102.249 E.00009
G1 X110.85 Y101.25 E.00095
G1 X110.75 Y101.25 E.00009
G1 X110.75 Y102.249 E.00095
G1 X110.65 Y102.249 E.00009
G1 X110.65 Y101.25 E.00095
G1 X110.55 Y101.25 E.00009
G1 X110.55 Y102.837 E.0015
G1 X110.45 Y102.683 E.00017
G1 X110.45 Y101.25 E.00136
G1 X110.35 Y101.25 E.00009
G1 X110.35 Y102.564 E.00125
G1 X110.25 Y102.473 E.00013
G1 X110.25 Y101.25 E.00116
G1 X110.15 Y101.25 E.00009
G1 X110.15 Y102.402 E.00109
G1 X110.05 Y102.34 E.00011
G1 X110.05 Y101.25 E.00103
G1 X109.95 Y101.25 E.00009
G1 X109.95 Y102.3 E.001
G1 X109.85 Y102.262 E.0001
G1 X109.85 Y101.25 E.00096
G1 X109.75 Y101.25 E.00009
G1 X109.75 Y102.24 E.00094
G1 X109.65 Y102.221 E.0001
G1 X109.65 Y101.25 E.00092
G1 X109.55 Y101.25 E.00009
G1 X109.55 Y102.214 E.00091
G1 X109.45 Y102.208 E.00009
G1 X109.45 Y101.25 E.00091
G1 X109.35 Y101.25 E.00009
G1 X109.35 Y102.215 E.00091
G1 X109.25 Y102.222 E.00009
G1 X109.25 Y101.25 E.00092
G1 X109.15 Y101.25 E.00009
G1 X109.15 Y102.243 E.00094
G1 X109.05 Y102.265 E.0001
G1 X109.05 Y101.25 E.00096
G1 X108.95 Y101.25 E.00009
G1 X108.95 Y102.305 E.001
G1 X108.85 Y102.349 E.0001
G1 X108.85 Y101.25 E.00104
G1 X108.75 Y101.25 E.00009
G1 X108.75 Y102.411 E.0011
G1 X108.65 Y102.487 E.00012
G1 X108.65 Y101.25 E.00117
G1 X108.55 Y101.25 E.00009
G1 X108.55 Y102.65 E.00133
G1 E-1.75 F6000
;WIPE_START
G1 F900
G1 X108.55 Y101.65 E-.75
;WIPE_END
G1 X108.55 Y101.947 Z3.16 F18000
G1 X107.942 Y102.14
G1 X108.237 Y102.479
G1 X108.45 Y102.294
G1 Z2.96
G1 E2.5 F6000
G1 F900
G1 X108.45 Y101.25 E.00099
G1 X108.35 Y101.25 E.00009
G1 X108.35 Y102.249 E.00095
G1 X108.25 Y102.249 E.00009
G1 X108.25 Y101.25 E.00095
G1 X108.15 Y101.25 E.00009
G1 X108.15 Y102.249 E.00095
G1 X108.05 Y102.249 E.00009
G1 X108.05 Y101.25 E.00095
G1 X107.95 Y101.25 E.00009
G1 X107.95 Y102.249 E.00095
G1 X107.85 Y102.249 E.00009
G1 X107.85 Y101.25 E.00095
G1 X107.75 Y101.25 E.00009
G1 X107.75 Y102.249 E.00095
G1 X107.65 Y102.249 E.00009
G1 X107.65 Y101.25 E.00095
G1 X107.55 Y101.25 E.00009
G1 X107.55 Y102.249 E.00095
G1 X107.45 Y102.249 E.00009
G1 X107.45 Y101.25 E.00095
G1 X107.35 Y101.25 E.00009
G1 X107.35 Y102.249 E.00095
G1 X107.25 Y102.249 E.00009
G1 X107.25 Y101.25 E.00095
G1 X107.15 Y101.25 E.00009
G1 X107.15 Y102.249 E.00095
G1 X107.05 Y102.249 E.00009
G1 X107.05 Y101.25 E.00095
G1 X106.95 Y101.25 E.00009
G1 X106.95 Y102.249 E.00095
G1 X106.85 Y102.249 E.00009
G1 X106.85 Y101.25 E.00095
G1 X106.75 Y101.25 E.00009
G1 X106.75 Y102.249 E.00095
G1 X106.65 Y102.249 E.00009
G1 X106.65 Y101.25 E.00095
G1 X106.55 Y101.25 E.00009
G1 X106.55 Y102.249 E.00095
G1 X106.45 Y102.249 E.00009
G1 X106.45 Y101.25 E.00095
G1 X106.35 Y101.25 E.00009
G1 X106.35 Y102.249 E.00095
G1 X106.25 Y102.249 E.00009
G1 X106.25 Y101.25 E.00095
G1 X106.15 Y101.25 E.00009
G1 X106.15 Y102.294 E.00099
G1 E-1.75 F6000
;WIPE_START
G1 F900
G1 X106.15 Y101.294 E-.75
;WIPE_END
G1 X106.15 Y101.947 Z3.16 F18000
G1 X105.706 Y101.947
G1 X105.789 Y103.563
G1 X106.481 Y103.432
G1 X106.65 Y103.216
G1 Z2.96
G1 E2.5 F6000
G1 F900
G1 X106.65 Y104.373 E.0011
G1 X106.55 Y104.302 E.00012
G1 X106.55 Y103.261 E.00099
G1 X106.45 Y103.261 E.00009
G1 X106.45 Y104.23 E.00092
G1 X106.35 Y104.159 E.00012
G1 X106.35 Y103.261 E.00085
G1 X106.25 Y103.261 E.00009
G1 X106.25 Y104.088 E.00078
G1 X106.15 Y104.016 E.00012
G1 X106.15 Y103.216 E.00076
G1 E-1.75 F6000
;WIPE_START
G1 F900
G1 X106.15 Y104.016 E-.60049
G1 X106.25 Y104.088 E-.09215
G1 X106.25 Y104.011 E-.05737
;WIPE_END
G1 X106.263 Y104.036 Z3.16 F18000
G1 X105.789 Y103.563
G1 X105.706 Y101.947
G1 X106.05 Y101.947
G1 X106.05 Y101.205
G1 Z2.96
G1 E2.5 F6000
G1 F900
G1 X106.05 Y107.95 E.00639
G1 X105.95 Y107.95 E.00009
G1 X105.95 Y101.25 E.00635
G1 X105.85 Y101.25 E.00009
G1 X105.85 Y107.95 E.00635
G1 X105.75 Y107.95 E.00009
G1 X105.75 Y101.25 E.00635
G1 X105.65 Y101.25 E.00009
G1 X105.65 Y107.95 E.00635
G1 X105.55 Y107.95 E.00009
G1 X105.55 Y101.25 E.00635
G1 X105.45 Y101.25 E.00009
G1 X105.45 Y107.95 E.00635
G1 X105.35 Y107.95 E.00009
G1 X105.35 Y101.25 E.00635
G1 X105.25 Y101.25 E.00009
G1 X105.25 Y107.95 E.00635
G1 X105.15 Y107.95 E.00009
G1 X105.15 Y101.25 E.00635
G1 X105.05 Y101.25 E.00009
G1 X105.05 Y107.95 E.00635
G1 X104.95 Y107.95 E.00009
G1 X104.95 Y101.25 E.00635
G1 X104.85 Y101.25 E.00009
G1 X104.85 Y107.95 E.00635
G1 X104.75 Y107.95 E.00009
G1 X104.75 Y101.25 E.00635
G1 X104.65 Y101.25 E.00009
G1 X104.65 Y107.95 E.00635
G1 X104.55 Y107.95 E.00009
G1 X104.55 Y101.25 E.00635
G1 X104.45 Y101.25 E.00009
G1 X104.45 Y107.95 E.00635
G1 X104.35 Y107.95 E.00009
G1 X104.35 Y101.25 E.00635
G1 X104.25 Y101.25 E.00009
G1 X104.25 Y107.95 E.00635
G1 X104.15 Y107.95 E.00009
G1 X104.15 Y101.25 E.00635
G1 X104.05 Y101.25 E.00009
G1 X104.05 Y107.95 E.00635
G1 X103.95 Y107.95 E.00009
G1 X103.95 Y101.25 E.00635
G1 X103.85 Y101.25 E.00009
G1 X103.85 Y107.95 E.00635
G1 X103.75 Y107.95 E.00009
G1 X103.75 Y101.25 E.00635
G1 X103.65 Y101.25 E.00009
G1 X103.65 Y107.95 E.00635
G1 X103.55 Y107.95 E.00009
G1 X103.55 Y101.25 E.00635
G1 X103.45 Y101.25 E.00009
G1 X103.45 Y107.95 E.00635
G1 X103.35 Y107.95 E.00009
G1 X103.35 Y101.25 E.00635
G1 X103.25 Y101.25 E.00009
G1 X103.25 Y107.95 E.00635
G1 X103.15 Y107.95 E.00009
G1 X103.15 Y101.25 E.00635
G1 X103.05 Y101.25 E.00009
G1 X103.05 Y107.95 E.00635
G1 X102.95 Y107.95 E.00009
G1 X102.95 Y101.25 E.00635
G1 X102.85 Y101.25 E.00009
G1 X102.85 Y107.95 E.00635
G1 X102.75 Y107.95 E.00009
G1 X102.75 Y101.25 E.00635
G1 X102.65 Y101.25 E.00009
G1 X102.65 Y107.95 E.00635
G1 X102.55 Y107.95 E.00009
G1 X102.55 Y101.25 E.00635
G1 X102.45 Y101.25 E.00009
G1 X102.45 Y107.95 E.00635
G1 X102.35 Y107.95 E.00009
G1 X102.35 Y101.25 E.00635
G1 X102.25 Y101.25 E.00009
G1 X102.25 Y107.95 E.00635
G1 X102.15 Y107.95 E.00009
G1 X102.15 Y101.25 E.00635
G1 X102.05 Y101.25 E.00009
G1 X102.05 Y107.95 E.00635
G1 X101.95 Y107.95 E.00009
G1 X101.95 Y101.25 E.00635
G1 X101.85 Y101.25 E.00009
G1 X101.85 Y107.95 E.00635
G1 X101.75 Y107.95 E.00009
G1 X101.75 Y101.25 E.00635
G1 X101.65 Y101.25 E.00009
G1 X101.65 Y107.95 E.00635
G1 X101.55 Y107.95 E.00009
G1 X101.55 Y101.25 E.00635
G1 X101.45 Y101.25 E.00009
G1 X101.45 Y107.95 E.00635
G1 X101.35 Y107.95 E.00009
G1 X101.35 Y101.25 E.00635
G1 X101.25 Y101.25 E.00009
G1 X101.25 Y107.95 E.00635
G1 X101.15 Y107.95 E.00009
G1 X101.15 Y101.25 E.00635
G1 X101.05 Y101.25 E.00009
G1 X101.05 Y107.95 E.00635
G1 X100.95 Y107.95 E.00009
G1 X100.95 Y101.25 E.00635
G1 X100.85 Y101.25 E.00009
G1 X100.85 Y107.95 E.00635
G1 X100.75 Y107.95 E.00009
G1 X100.75 Y101.25 E.00635
G1 X100.65 Y101.25 E.00009
G1 X100.65 Y107.95 E.00635
G1 X100.55 Y107.95 E.00009
G1 X100.55 Y101.25 E.00635
G1 X100.45 Y101.25 E.00009
G1 X100.45 Y107.95 E.00635
G1 X100.35 Y107.95 E.00009
G1 X100.35 Y101.25 E.00635
G1 X100.25 Y101.25 E.00009
G1 X100.25 Y107.95 E.00635
G1 X100.15 Y107.95 E.00009
G1 X100.15 Y101.25 E.00635
G1 X100.05 Y101.25 E.00009
G1 X100.05 Y107.95 E.00635
G1 X99.95 Y107.95 E.00009
G1 X99.95 Y101.25 E.00635
G1 X99.85 Y101.25 E.00009
G1 X99.85 Y107.95 E.00635
G1 X99.75 Y107.95 E.00009
G1 X99.75 Y101.25 E.00635
G1 X99.65 Y101.25 E.00009
G1 X99.65 Y107.95 E.00635
G1 X99.55 Y107.95 E.00009
G1 X99.55 Y101.25 E.00635
G1 X99.45 Y101.25 E.00009
G1 X99.45 Y107.95 E.00635
G1 X99.35 Y107.95 E.00009
G1 X99.35 Y101.25 E.00635
G1 X99.25 Y101.25 E.00009
G1 X99.25 Y107.95 E.00635
G1 X99.15 Y107.95 E.00009
G1 X99.15 Y101.25 E.00635
G1 X99.05 Y101.25 E.00009
G1 X99.05 Y107.95 E.00635
G1 X98.95 Y107.95 E.00009
G1 X98.95 Y101.25 E.00635
G1 X98.85 Y101.25 E.00009
G1 X98.85 Y107.95 E.00635
G1 X98.75 Y107.95 E.00009
G1 X98.75 Y101.25 E.00635
G1 X98.65 Y101.25 E.00009
G1 X98.65 Y107.95 E.00635
G1 X98.55 Y107.95 E.00009
G1 X98.55 Y101.25 E.00635
G1 X98.45 Y101.25 E.00009
G1 X98.45 Y107.95 E.00635
G1 X98.35 Y107.95 E.00009
G1 X98.35 Y101.25 E.00635
G1 X98.25 Y101.25 E.00009
G1 X98.25 Y107.95 E.00635
G1 X98.15 Y107.95 E.00009
G1 X98.15 Y101.25 E.00635
G1 X98.05 Y101.25 E.00009
G1 X98.05 Y107.95 E.00635
G1 X97.95 Y107.95 E.00009
G1 X97.95 Y101.25 E.00635
G1 X97.85 Y101.25 E.00009
G1 X97.85 Y107.95 E.00635
G1 X97.75 Y107.95 E.00009
G1 X97.75 Y101.25 E.00635
G1 X97.65 Y101.25 E.00009
G1 X97.65 Y107.95 E.00635
G1 X97.55 Y107.95 E.00009
G1 X97.55 Y101.25 E.00635
G1 X97.45 Y101.25 E.00009
G1 X97.45 Y107.95 E.00635
G1 X97.35 Y107.95 E.00009
G1 X97.35 Y101.25 E.00635
G1 X97.25 Y101.25 E.00009
G1 X97.25 Y107.95 E.00635
G1 X97.15 Y107.95 E.00009
G1 X97.15 Y101.25 E.00635
G1 X97.05 Y101.25 E.00009
G1 X97.05 Y107.95 E.00635
G1 X96.95 Y107.95 E.00009
G1 X96.95 Y101.25 E.00635
G1 X96.85 Y101.25 E.00009
G1 X96.85 Y107.95 E.00635
G1 X96.75 Y107.95 E.00009
G1 X96.75 Y101.25 E.00635
G1 X96.65 Y101.25 E.00009
G1 X96.65 Y107.95 E.00635
G1 X96.55 Y107.95 E.00009
G1 X96.55 Y101.25 E.00635
G1 X96.45 Y101.25 E.00009
G1 X96.45 Y107.95 E.00635
G1 X96.35 Y107.95 E.00009
G1 X96.35 Y101.25 E.00635
G1 X96.25 Y101.25 E.00009
G1 X96.25 Y107.95 E.00635
G1 X96.15 Y107.95 E.00009
G1 X96.15 Y101.25 E.00635
G1 X96.05 Y101.25 E.00009
G1 X96.05 Y107.95 E.00635
G1 X95.95 Y107.95 E.00009
G1 X95.95 Y101.25 E.00635
G1 X95.85 Y101.25 E.00009
G1 X95.85 Y107.95 E.00635
G1 X95.75 Y107.95 E.00009
G1 X95.75 Y101.25 E.00635
G1 X95.65 Y101.25 E.00009
G1 X95.65 Y107.95 E.00635
G1 X95.55 Y107.95 E.00009
G1 X95.55 Y101.25 E.00635
G1 X95.45 Y101.25 E.00009
G1 X95.45 Y107.95 E.00635
G1 X95.35 Y107.95 E.00009
G1 X95.35 Y101.25 E.00635
G1 X95.25 Y101.25 E.00009
G1 X95.25 Y107.95 E.00635
G1 X95.15 Y107.95 E.00009
G1 X95.15 Y101.25 E.00635
G1 X95.05 Y101.25 E.00009
G1 X95.05 Y107.95 E.00635
G1 X94.95 Y107.95 E.00009
G1 X94.95 Y101.25 E.00635
G1 X94.85 Y101.25 E.00009
G1 X94.85 Y107.95 E.00635
G1 X94.75 Y107.95 E.00009
G1 X94.75 Y101.25 E.00635
G1 X94.65 Y101.25 E.00009
G1 X94.65 Y107.95 E.00635
G1 X94.55 Y107.95 E.00009
G1 X94.55 Y101.25 E.00635
G1 X94.45 Y101.25 E.00009
G1 X94.45 Y107.95 E.00635
G1 X94.35 Y107.95 E.00009
G1 X94.35 Y101.25 E.00635
G1 X94.25 Y101.25 E.00009
G1 X94.25 Y107.95 E.00635
G1 X94.15 Y107.95 E.00009
G1 X94.15 Y101.25 E.00635
G1 X94.05 Y101.25 E.00009
G1 X94.05 Y107.95 E.00635
G1 X93.95 Y107.95 E.00009
G1 X93.95 Y101.25 E.00635
G1 X93.85 Y101.25 E.00009
G1 X93.85 Y107.95 E.00635
G1 X93.75 Y107.95 E.00009
G1 X93.75 Y101.25 E.00635
G1 X93.65 Y101.25 E.00009
G1 X93.65 Y107.95 E.00635
G1 X93.55 Y107.95 E.00009
G1 X93.55 Y101.25 E.00635
G1 X93.45 Y101.25 E.00009
G1 X93.45 Y107.95 E.00635
G1 X93.35 Y107.95 E.00009
G1 X93.35 Y101.25 E.00635
G1 X93.25 Y101.25 E.00009
G1 X93.25 Y107.95 E.00635
G1 X93.15 Y107.95 E.00009
G1 X93.15 Y101.25 E.00635
G1 X93.05 Y101.25 E.00009
G1 X93.05 Y107.95 E.00635
G1 X92.95 Y107.95 E.00009
G1 X92.95 Y101.25 E.00635
G1 X92.85 Y101.25 E.00009
G1 X92.85 Y107.95 E.00635
G1 X92.75 Y107.95 E.00009
G1 X92.75 Y101.25 E.00635
G1 X92.65 Y101.25 E.00009
G1 X92.65 Y107.95 E.00635
G1 X92.55 Y107.95 E.00009
G1 X92.55 Y101.25 E.00635
G1 X92.45 Y101.25 E.00009
G1 X92.45 Y107.95 E.00635
G1 X92.35 Y107.95 E.00009
G1 X92.35 Y101.25 E.00635
G1 X92.25 Y101.25 E.00009
G1 X92.25 Y107.95 E.00635
G1 X92.15 Y107.95 E.00009
G1 X92.15 Y101.25 E.00635
G1 X92.05 Y101.25 E.00009
G1 X92.05 Y107.95 E.00635
G1 X91.95 Y107.95 E.00009
G1 X91.95 Y101.25 E.00635
G1 X91.85 Y101.25 E.00009
G1 X91.85 Y107.95 E.00635
G1 X91.75 Y107.95 E.00009
G1 X91.75 Y101.25 E.00635
G1 X91.65 Y101.25 E.00009
G1 X91.65 Y107.95 E.00635
G1 X91.55 Y107.95 E.00009
G1 X91.55 Y101.25 E.00635
G1 X91.45 Y101.25 E.00009
G1 X91.45 Y107.95 E.00635
G1 X91.35 Y107.95 E.00009
G1 X91.35 Y101.25 E.00635
G1 X91.25 Y101.25 E.00009
G1 X91.25 Y107.95 E.00635
G1 X91.15 Y107.95 E.00009
G1 X91.15 Y101.25 E.00635
G1 X91.05 Y101.25 E.00009
G1 X91.05 Y107.95 E.00635
G1 X90.95 Y107.95 E.00009
G1 X90.95 Y101.25 E.00635
G1 X90.85 Y101.25 E.00009
G1 X90.85 Y107.95 E.00635
G1 X90.75 Y107.95 E.00009
G1 X90.75 Y101.25 E.00635
G1 X90.65 Y101.25 E.00009
G1 X90.65 Y107.95 E.00635
G1 X90.55 Y107.95 E.00009
G1 X90.55 Y101.25 E.00635
G1 X90.45 Y101.25 E.00009
G1 X90.45 Y107.95 E.00635
G1 X90.35 Y107.95 E.00009
G1 X90.35 Y101.25 E.00635
G1 X90.25 Y101.25 E.00009
G1 X90.25 Y107.95 E.00635
G1 X90.15 Y107.95 E.00009
G1 X90.15 Y101.25 E.00635
G1 X90.05 Y101.25 E.00009
G1 X90.05 Y107.95 E.00635
G1 X89.95 Y107.95 E.00009
G1 X89.95 Y101.25 E.00635
G1 X89.85 Y101.25 E.00009
G1 X89.85 Y107.95 E.00635
G1 X89.75 Y107.95 E.00009
G1 X89.75 Y101.25 E.00635
G1 X89.65 Y101.25 E.00009
G1 X89.65 Y107.95 E.00635
G1 X89.55 Y107.95 E.00009
G1 X89.55 Y101.25 E.00635
G1 X89.45 Y101.25 E.00009
G1 X89.45 Y107.95 E.00635
G1 X89.35 Y107.95 E.00009
G1 X89.35 Y101.25 E.00635
G1 X89.25 Y101.25 E.00009
G1 X89.25 Y107.95 E.00635
G1 X89.15 Y107.95 E.00009
G1 X89.15 Y101.25 E.00635
G1 X89.05 Y101.25 E.00009
G1 X89.05 Y107.95 E.00635
G1 X88.95 Y107.95 E.00009
G1 X88.95 Y101.25 E.00635
G1 X88.85 Y101.25 E.00009
G1 X88.85 Y107.95 E.00635
G1 X88.75 Y107.95 E.00009
G1 X88.75 Y101.25 E.00635
G1 X88.65 Y101.25 E.00009
G1 X88.65 Y107.95 E.00635
G1 X88.55 Y107.95 E.00009
G1 X88.55 Y101.25 E.00635
G1 X88.45 Y101.25 E.00009
G1 X88.45 Y103.764 E.00238
G1 X88.35 Y103.196 F18000
G1 F900
G1 X88.35 Y101.25 E.00184
G1 X88.25 Y101.25 E.00009
G1 X88.25 Y102.842 E.00151
G1 X88.15 Y102.687 E.00017
G1 X88.15 Y101.25 E.00136
G1 X88.05 Y101.25 E.00009
G1 X88.05 Y102.567 E.00125
G1 X87.95 Y102.476 E.00013
G1 X87.95 Y101.25 E.00116
G1 X87.85 Y101.25 E.00009
G1 X87.85 Y102.404 E.00109
G1 X87.75 Y102.342 E.00011
G1 X87.75 Y101.25 E.00104
G1 X87.65 Y101.25 E.00009
G1 X87.65 Y102.301 E.001
G1 X87.55 Y102.263 E.0001
G1 X87.55 Y101.25 E.00096
G1 X87.45 Y101.25 E.00009
G1 X87.45 Y102.241 E.00094
G1 X87.35 Y102.221 E.0001
G1 X87.35 Y101.25 E.00092
G1 X87.25 Y101.25 E.00009
G1 X87.25 Y102.214 E.00091
G1 X87.15 Y102.208 E.00009
G1 X87.15 Y101.25 E.00091
G1 X87.05 Y101.25 E.00009
G1 X87.05 Y102.215 E.00091
G1 X86.95 Y102.221 E.00009
G1 X86.95 Y101.25 E.00092
G1 X86.85 Y101.25 E.00009
G1 X86.85 Y102.243 E.00094
G1 X86.75 Y102.264 E.0001
G1 X86.75 Y101.25 E.00096
G1 X86.65 Y101.25 E.00009
G1 X86.65 Y102.304 E.001
G1 X86.55 Y102.347 E.0001
G1 X86.55 Y101.25 E.00104
G1 X86.45 Y101.25 E.00009
G1 X86.45 Y102.409 E.0011
G1 X86.35 Y102.484 E.00012
G1 X86.35 Y101.25 E.00117
G1 X86.25 Y101.25 E.00009
G1 X86.25 Y102.645 E.00132
G1 E-1.75 F6000
;WIPE_START
G1 F900
G1 X86.25 Y101.645 E-.75
;WIPE_END
G1 X86.25 Y101.947 Z3.16 F18000
G1 X85.951 Y102.499
G1 X85.935 Y102.481
G1 X86.15 Y102.294
G1 Z2.96
G1 E2.5 F6000
G1 F900
G1 X86.15 Y101.25 E.00099
G1 X86.05 Y101.25 E.00009
G1 X86.05 Y102.249 E.00095
G1 X85.95 Y102.249 E.00009
G1 X85.95 Y101.25 E.00095
G1 X85.85 Y101.25 E.00009
G1 X85.85 Y102.249 E.00095
G1 X85.75 Y102.249 E.00009
G1 X85.75 Y101.25 E.00095
G1 X85.65 Y101.25 E.00009
G1 X85.65 Y102.249 E.00095
G1 X85.55 Y102.249 E.00009
G1 X85.55 Y101.25 E.00095
G1 X85.45 Y101.25 E.00009
G1 X85.45 Y102.249 E.00095
G1 X85.35 Y102.249 E.00009
G1 X85.35 Y101.25 E.00095
G1 X85.25 Y101.25 E.00009
G1 X85.25 Y102.249 E.00095
G1 X85.15 Y102.249 E.00009
G1 X85.15 Y101.25 E.00095
G1 X85.05 Y101.25 E.00009
G1 X85.05 Y102.249 E.00095
G1 X84.95 Y102.249 E.00009
G1 X84.95 Y101.25 E.00095
G1 X84.85 Y101.25 E.00009
G1 X84.85 Y102.249 E.00095
G1 X84.75 Y102.249 E.00009
G1 X84.75 Y101.25 E.00095
G1 X84.65 Y101.25 E.00009
G1 X84.65 Y102.249 E.00095
G1 X84.55 Y102.249 E.00009
G1 X84.55 Y101.25 E.00095
G1 X84.45 Y101.25 E.00009
G1 X84.45 Y102.249 E.00095
G1 X84.35 Y102.249 E.00009
G1 X84.35 Y101.25 E.00095
G1 X84.25 Y101.25 E.00009
G1 X84.25 Y102.249 E.00095
G1 X84.15 Y102.249 E.00009
G1 X84.15 Y101.25 E.00095
G1 X84.05 Y101.25 E.00009
G1 X84.05 Y102.249 E.00095
G1 X83.95 Y102.249 E.00009
G1 X83.95 Y101.25 E.00095
G1 X83.85 Y101.25 E.00009
G1 X83.85 Y102.249 E.00095
G1 X83.75 Y102.249 E.00009
G1 X83.75 Y101.205 E.00099
G1 E-1.75 F6000
;WIPE_START
G1 F900
G1 X83.75 Y102.205 E-.75
;WIPE_END
G1 X83.75 Y102.061 Z3.16 F18000
G1 X83.516 Y102.061
G1 X83.54 Y103.425
G1 X84.178 Y103.432
G1 X84.178 Y103.432
G1 X84.35 Y103.216
G1 Z2.96
G1 E2.5 F6000
G1 F900
G1 X84.35 Y104.376 E.0011
G1 X84.25 Y104.304 E.00012
G1 X84.25 Y103.261 E.00099
G1 X84.15 Y103.261 E.00009
G1 X84.15 Y104.233 E.00092
G1 X84.05 Y104.161 E.00012
G1 X84.05 Y103.261 E.00085
G1 X83.95 Y103.261 E.00009
G1 X83.95 Y104.09 E.00079
G1 X83.85 Y104.019 E.00012
G1 X83.85 Y103.216 E.00076
G1 E-1.75 F6000
;WIPE_START
G1 F900
G1 X83.85 Y104.019 E-.60222
G1 X83.95 Y104.09 E-.09215
G1 X83.95 Y104.016 E-.05563
;WIPE_END
G1 X83.96 Y104.035 Z3.16 F18000
G1 X83.486 Y103.563
G1 X83.402 Y101.947
G1 X86.503 Y102.038
G1 X85.984 Y103.791
G1 X85.969 Y104.033
G1 X85.971 Y104.148
G1 X87 Y104.216
G1 X87.121 Y104.461
G1 X87.152 Y104.455
G1 X87.207 Y104.461
G1 X87.313 Y104.236
G1 X88.45 Y104.311
G1 Z2.96
G1 E2.5 F6000
G1 F900
G1 X88.45 Y107.95 E.00345
G1 X88.35 Y107.95 E.00009
G1 X88.35 Y105.035 E.00276
G1 X88.25 Y105.25 E.00023
G1 X88.25 Y107.95 E.00256
G1 X88.15 Y107.95 E.00009
G1 X88.15 Y105.403 E.00241
G1 X88.05 Y105.519 E.00015
G1 X88.05 Y107.95 E.0023
G1 X87.95 Y107.95 E.00009
G1 X87.95 Y105.61 E.00222
G1 X87.85 Y105.676 E.00011
G1 X87.85 Y107.95 E.00216
G1 X87.75 Y107.95 E.00009
G1 X87.75 Y105.735 E.0021
G1 X87.65 Y105.774 E.0001
G1 X87.65 Y107.95 E.00206
G1 X87.55 Y107.95 E.00009
G1 X87.55 Y105.809 E.00203
G1 X87.45 Y105.83 E.0001
G1 X87.45 Y107.95 E.00201
G1 X87.35 Y107.95 E.00009
G1 X87.35 Y105.847 E.00199
G1 X87.25 Y105.854 E.00009
G1 X87.25 Y107.95 E.00199
G1 X87.15 Y107.95 E.00009
G1 X87.15 Y105.858 E.00198
G1 X87.05 Y105.852 E.00009
G1 X87.05 Y107.95 E.00199
G1 X86.95 Y107.95 E.00009
G1 X86.95 Y105.845 E.002
G1 X86.85 Y105.825 E.0001
G1 X86.85 Y107.95 E.00201
G1 X86.75 Y107.95 E.00009
G1 X86.75 Y105.804 E.00203
G1 X86.65 Y105.766 E.0001
G1 X86.65 Y107.95 E.00207
G1 X86.55 Y107.95 E.00009
G1 X86.55 Y105.726 E.00211
G1 X86.45 Y105.666 E.00011
G1 X86.45 Y107.95 E.00217
G1 X86.35 Y107.95 E.00009
G1 X86.35 Y105.595 E.00223
G1 X86.25 Y105.506 E.00013
G1 X86.25 Y107.95 E.00232
G1 X86.15 Y107.95 E.00009
G1 X86.15 Y105.384 E.00243
G1 X86.05 Y105.224 E.00018
G1 X86.05 Y107.95 E.00258
G1 X85.95 Y107.95 E.00009
G1 X85.95 Y104.839 E.00295
G1 E-1.75 F6000
;WIPE_START
G1 F900
G1 X85.95 Y105.839 E-.75
;WIPE_END
G1 X85.805 Y105.839 Z3.16 F18000
G1 X85.639 Y103.011
G1 X85.85 Y103.011
G1 X85.85 Y103.216
G1 Z2.96
G1 E2.5 F6000
G1 F900
G1 X85.85 Y107.95 E.00449
G1 X85.75 Y107.95 E.00009
G1 X85.75 Y103.261 E.00445
G1 X85.65 Y103.261 E.00009
G1 X85.65 Y107.95 E.00445
G1 X85.55 Y107.95 E.00009
G1 X85.55 Y103.216 E.00449
G1 E-1.75 F6000
;WIPE_START
G1 F900
G1 X85.55 Y104.216 E-.75
;WIPE_END
G1 X85.35 Y104.216 Z3.16 F18000
G1 X85.438 Y105.254
G1 X85.493 Y105.766
G1 X85.45 Y105.771
G1 Z2.96
G1 E2.5 F6000
G1 F900
G1 X85.45 Y107.95 E.00207
G1 X85.35 Y107.95 E.00009
G1 X85.35 Y105.816 E.00202
G1 X85.25 Y105.816 E.00009
G1 X85.25 Y107.95 E.00202
G1 X85.15 Y107.95 E.00009
G1 X85.15 Y105.816 E.00202
G1 X85.05 Y105.816 E.00009
G1 X85.05 Y107.95 E.00202
G1 X84.95 Y107.95 E.00009
G1 X84.95 Y105.816 E.00202
G1 X84.85 Y105.816 E.00009
G1 X84.85 Y107.95 E.00202
G1 X84.75 Y107.95 E.00009
G1 X84.75 Y105.816 E.00202
G1 X84.707 Y105.816 E.00004
G1 X84.65 Y105.777 E.00007
G1 X84.65 Y107.95 E.00206
G1 X84.55 Y107.95 E.00009
G1 X84.55 Y105.708 E.00213
G1 X84.45 Y105.639 E.00012
G1 X84.45 Y107.95 E.00219
G1 X84.35 Y107.95 E.00009
G1 X84.35 Y105.571 E.00226
G1 X84.25 Y105.502 E.00012
G1 X84.25 Y107.95 E.00232
G1 X84.15 Y107.95 E.00009
G1 X84.15 Y105.433 E.00239
G1 X84.05 Y105.364 E.00012
G1 X84.05 Y107.95 E.00245
G1 X83.95 Y107.95 E.00009
G1 X83.95 Y105.296 E.00252
G1 X83.85 Y105.227 E.00012
G1 X83.85 Y107.95 E.00258
G1 X83.75 Y107.95 E.00009
G1 X83.75 Y103.216 E.00449
G1 E-1.75 F6000
;WIPE_START
G1 F900
G1 X83.75 Y104.216 E-.75
;WIPE_END
G1 X83.721 Y104.159 Z3.16 F18000
G1 X83.486 Y103.563
G1 X83.402 Y101.947
G1 X83.65 Y101.947
G1 X83.65 Y101.205
G1 Z2.96
G1 E2.5 F6000
G1 F900
G1 X83.65 Y107.95 E.00639
G1 X83.55 Y107.95 E.00009
G1 X83.55 Y101.25 E.00635
G1 X83.45 Y101.25 E.00009
G1 X83.45 Y107.95 E.00635
G1 X83.35 Y107.95 E.00009
G1 X83.35 Y101.25 E.00635
G1 X83.25 Y101.25 E.00009
G1 X83.25 Y107.95 E.00635
G1 X83.15 Y107.95 E.00009
G1 X83.15 Y101.25 E.00635
G1 X83.05 Y101.25 E.00009
G1 X83.05 Y107.95 E.00635
G1 X82.95 Y107.95 E.00009
G1 X82.95 Y101.25 E.00635
G1 X82.85 Y101.25 E.00009
G1 X82.85 Y107.95 E.00635
G1 X82.75 Y107.95 E.00009
G1 X82.75 Y101.25 E.00635
G1 X82.65 Y101.25 E.00009
G1 X82.65 Y107.95 E.00635
G1 X82.55 Y107.95 E.00009
G1 X82.55 Y101.25 E.00635
G1 X82.45 Y101.25 E.00009
G1 X82.45 Y107.95 E.00635
G1 X82.35 Y107.95 E.00009
G1 X82.35 Y101.25 E.00635
G1 X82.25 Y101.25 E.00009
G1 X82.25 Y107.95 E.00635
G1 X82.15 Y107.95 E.00009
G1 X82.15 Y101.25 E.00635
G1 X82.05 Y101.25 E.00009
G1 X82.05 Y107.95 E.00635
G1 X81.95 Y107.95 E.00009
G1 X81.95 Y101.25 E.00635
G1 X81.85 Y101.25 E.00009
G1 X81.85 Y107.95 E.00635
G1 X81.75 Y107.95 E.00009
G1 X81.75 Y101.25 E.00635
G1 X81.65 Y101.25 E.00009
G1 X81.65 Y107.95 E.00635
G1 X81.55 Y107.95 E.00009
G1 X81.55 Y101.25 E.00635
G1 X81.45 Y101.25 E.00009
G1 X81.45 Y107.95 E.00635
G1 X81.35 Y107.95 E.00009
G1 X81.35 Y101.25 E.00635
G1 X81.25 Y101.25 E.00009
G1 X81.25 Y107.95 E.00635
G1 X81.15 Y107.95 E.00009
G1 X81.15 Y101.25 E.00635
G1 X81.05 Y101.25 E.00009
G1 X81.05 Y107.95 E.00635
G1 X80.95 Y107.95 E.00009
G1 X80.95 Y101.25 E.00635
G1 X80.85 Y101.25 E.00009
G1 X80.85 Y107.95 E.00635
G1 X80.75 Y107.95 E.00009
G1 X80.75 Y101.25 E.00635
G1 X80.65 Y101.25 E.00009
G1 X80.65 Y107.95 E.00635
G1 X80.55 Y107.95 E.00009
G1 X80.55 Y101.25 E.00635
G1 X80.45 Y101.25 E.00009
G1 X80.45 Y107.95 E.00635
G1 X80.35 Y107.95 E.00009
G1 X80.35 Y101.25 E.00635
G1 X80.25 Y101.25 E.00009
G1 X80.25 Y107.95 E.00635
G1 X80.15 Y107.95 E.00009
G1 X80.15 Y101.25 E.00635
G1 X80.05 Y101.25 E.00009
G1 X80.05 Y107.95 E.00635
G1 X79.95 Y107.95 E.00009
G1 X79.95 Y101.25 E.00635
G1 X79.85 Y101.25 E.00009
G1 X79.85 Y107.95 E.00635
G1 X79.75 Y107.95 E.00009
G1 X79.75 Y101.25 E.00635
G1 X79.65 Y101.25 E.00009
G1 X79.65 Y107.95 E.00635
G1 X79.55 Y107.95 E.00009
G1 X79.55 Y101.25 E.00635
G1 X79.45 Y101.25 E.00009
G1 X79.45 Y107.95 E.00635
G1 X79.35 Y107.95 E.00009
G1 X79.35 Y101.25 E.00635
G1 X79.25 Y101.25 E.00009
G1 X79.25 Y107.95 E.00635
G1 X79.15 Y107.95 E.00009
G1 X79.15 Y101.25 E.00635
G1 X79.05 Y101.25 E.00009
G1 X79.05 Y107.95 E.00635
G1 X78.95 Y107.95 E.00009
G1 X78.95 Y101.25 E.00635
G1 X78.85 Y101.25 E.00009
G1 X78.85 Y107.95 E.00635
G1 X78.75 Y107.95 E.00009
G1 X78.75 Y101.25 E.00635
G1 X78.65 Y101.25 E.00009
G1 X78.65 Y107.95 E.00635
G1 X78.55 Y107.95 E.00009
G1 X78.55 Y101.25 E.00635
G1 X78.45 Y101.25 E.00009
G1 X78.45 Y107.95 E.00635
G1 X78.35 Y107.95 E.00009
G1 X78.35 Y101.25 E.00635
G1 X78.25 Y101.25 E.00009
G1 X78.25 Y107.95 E.00635
G1 X78.15 Y107.95 E.00009
G1 X78.15 Y101.25 E.00635
G1 X78.05 Y101.25 E.00009
G1 X78.05 Y107.95 E.00635
G1 X77.95 Y107.95 E.00009
G1 X77.95 Y101.25 E.00635
G1 X77.85 Y101.25 E.00009
G1 X77.85 Y107.95 E.00635
G1 X77.75 Y107.95 E.00009
G1 X77.75 Y101.25 E.00635
G1 X77.65 Y101.25 E.00009
G1 X77.65 Y107.95 E.00635
G1 X77.55 Y107.95 E.00009
G1 X77.55 Y101.25 E.00635
G1 X77.45 Y101.25 E.00009
G1 X77.45 Y107.95 E.00635
G1 X77.35 Y107.95 E.00009
G1 X77.35 Y101.25 E.00635
G1 X77.25 Y101.25 E.00009
G1 X77.25 Y107.95 E.00635
G1 X77.15 Y107.95 E.00009
G1 X77.15 Y101.25 E.00635
G1 X77.05 Y101.25 E.00009
G1 X77.05 Y107.95 E.00635
G1 X76.95 Y107.95 E.00009
G1 X76.95 Y101.25 E.00635
G1 X76.85 Y101.25 E.00009
G1 X76.85 Y107.95 E.00635
G1 X76.75 Y107.95 E.00009
G1 X76.75 Y101.25 E.00635
G1 X76.65 Y101.25 E.00009
G1 X76.65 Y107.95 E.00635
G1 X76.55 Y107.95 E.00009
G1 X76.55 Y101.25 E.00635
G1 X76.45 Y101.25 E.00009
G1 X76.45 Y107.95 E.00635
G1 X76.35 Y107.95 E.00009
G1 X76.35 Y101.25 E.00635
G1 X76.25 Y101.25 E.00009
G1 X76.25 Y107.95 E.00635
G1 X76.15 Y107.95 E.00009
G1 X76.15 Y101.25 E.00635
G1 X76.05 Y101.25 E.00009
G1 X76.05 Y107.95 E.00635
G1 X75.95 Y107.95 E.00009
G1 X75.95 Y101.25 E.00635
G1 X75.85 Y101.25 E.00009
G1 X75.85 Y107.95 E.00635
G1 X75.75 Y107.95 E.00009
G1 X75.75 Y101.25 E.00635
G1 X75.65 Y101.25 E.00009
G1 X75.65 Y107.95 E.00635
G1 X75.55 Y107.95 E.00009
G1 X75.55 Y101.25 E.00635
G1 X75.45 Y101.25 E.00009
G1 X75.45 Y107.95 E.00635
G1 X75.35 Y107.95 E.00009
G1 X75.35 Y101.25 E.00635
G1 X75.25 Y101.25 E.00009
G1 X75.25 Y107.95 E.00635
G1 X75.15 Y107.95 E.00009
G1 X75.15 Y101.25 E.00635
G1 X75.05 Y101.25 E.00009
G1 X75.05 Y107.95 E.00635
G1 X74.95 Y107.95 E.00009
G1 X74.95 Y101.25 E.00635
G1 X74.85 Y101.25 E.00009
G1 X74.85 Y107.95 E.00635
G1 X74.75 Y107.95 E.00009
G1 X74.75 Y101.25 E.00635
G1 X74.65 Y101.25 E.00009
G1 X74.65 Y107.95 E.00635
G1 X74.55 Y107.95 E.00009
G1 X74.55 Y101.25 E.00635
G1 X74.45 Y101.25 E.00009
G1 X74.45 Y107.95 E.00635
G1 X74.35 Y107.95 E.00009
G1 X74.35 Y101.25 E.00635
G1 X74.25 Y101.25 E.00009
G1 X74.25 Y107.95 E.00635
G1 X74.15 Y107.95 E.00009
G1 X74.15 Y101.25 E.00635
G1 X74.05 Y101.25 E.00009
G1 X74.05 Y107.95 E.00635
G1 X73.95 Y107.95 E.00009
G1 X73.95 Y101.25 E.00635
G1 X73.85 Y101.25 E.00009
G1 X73.85 Y107.95 E.00635
G1 X73.75 Y107.95 E.00009
G1 X73.75 Y101.25 E.00635
G1 X73.65 Y101.25 E.00009
G1 X73.65 Y107.95 E.00635
G1 X73.55 Y107.95 E.00009
G1 X73.55 Y101.25 E.00635
G1 X73.45 Y101.25 E.00009
G1 X73.45 Y107.95 E.00635
G1 X73.35 Y107.95 E.00009
G1 X73.35 Y101.25 E.00635
G1 X73.25 Y101.25 E.00009
G1 X73.25 Y107.95 E.00635
G1 X73.15 Y107.95 E.00009
G1 X73.15 Y101.25 E.00635
G1 X73.05 Y101.25 E.00009
G1 X73.05 Y107.95 E.00635
G1 X72.95 Y107.95 E.00009
G1 X72.95 Y101.25 E.00635
G1 X72.85 Y101.25 E.00009
G1 X72.85 Y107.95 E.00635
G1 X72.75 Y107.95 E.00009
G1 X72.75 Y101.25 E.00635
G1 X72.65 Y101.25 E.00009
G1 X72.65 Y107.95 E.00635
G1 X72.55 Y107.95 E.00009
G1 X72.55 Y101.25 E.00635
G1 X72.45 Y101.25 E.00009
G1 X72.45 Y107.95 E.00635
G1 X72.35 Y107.95 E.00009
G1 X72.35 Y101.205 E.00639
G1 E-1.75 F6000
;WIPE_START
G1 F900
G1 X72.35 Y102.205 E-.75
;WIPE_END
G1 X76.164 Y102.335 Z3.16 F18000
G1 X83.402 Y102.581 Z3.16
G1 X83.402 Y101.947
G1 X86.503 Y102.038
G1 X86.499 Y102.686
G1 X105.706 Y103.339
G1 X105.706 Y101.947
G1 X108.806 Y102.038
G1 X109.951 Y101.975
G1 X110.295 Y102.137
G1 X114.456 Y101.947
G1 X114.456 Y103.563
G1 X113.895 Y103.563
G1 X113.938 Y103.619
G1 X129.789 Y104.158
G1 X129.789 Y103.563
G1 X129.706 Y101.947
G1 X132.806 Y102.038
G1 X133.951 Y101.975
G1 X135.706 Y104.359
G1 X136.956 Y104.404
G1 X136.954 Y104.402
G1 Z2.96
G1 E2.5 F6000
M204 P1000
;TYPE:Outer wall
;WIDTH:0.377576
;HEIGHT:0.16
G1 F3600
G1 X136.489 Y103.726 E.01779
G1 X136.954 Y103.726 E.01009
G1 X136.954 Y104.342 E.01335
G1 X136.985 Y104.382 F18000
G1 X136.818 Y104.511
G1 X136.732 Y104.254
G1 X136.85 Y104.214
M204 P2000
;TYPE:Ironing
;WIDTH:0.401288
;HEIGHT:0.006
G1 F900
G1 X136.85 Y103.787 E.0004
G1 X136.75 Y103.787 E.00009
G1 X136.75 Y103.987 E.00019
G1 X136.65 Y103.839 E.00017
G1 X136.65 Y103.742 E.00009
G1 E-1.75 F6000
;WIPE_START
G1 F900
G1 X136.65 Y103.839 E-.07292
G1 X136.75 Y103.987 E-.13357
G1 X136.75 Y103.787 E-.14969
G1 X136.85 Y103.787 E-.075
G1 X136.85 Y104.212 E-.31882
;WIPE_END
G1 X136.731 Y104.252 Z3.16 F18000
G1 X135.732 Y104.467
G1 X135.164 Y103.769
G1 X135.102 Y103.788
G1 X134.932 Y104.648
G1 X133.476 Y104.504
G1 X133.403 Y104.996
G1 Z2.96
G1 E2.5 F6000
M204 P1000
;TYPE:Outer wall
;WIDTH:0.42
;HEIGHT:0.16
G1 F3600
G1 X133.25 Y104.936 E.00402
G1 X133.169 Y104.833 E.00317
G1 X133.104 Y104.657 E.00458
G1 X133.05 Y104.223 E.01065
G1 X133.05 Y103.853 E.00902
G1 X133.108 Y103.416 E.01074
G1 X133.203 Y103.191 E.00596
G1 X133.334 Y103.088 E.00406
G1 X133.501 Y103.073 E.00408
G1 X133.58 Y103.088 E.00196
G1 X133.706 Y103.179 E.00378
G1 X133.781 Y103.323 E.00397
G1 X133.859 Y103.693 E.00922
G1 X133.871 Y104.22 E.01284
G1 X133.816 Y104.66 E.01081
G1 X133.752 Y104.841 E.00468
G1 X133.692 Y104.923 E.00247
G1 X133.596 Y104.979 E.00271
G1 X133.463 Y104.991 E.00326
G1 X133.476 Y104.504 F18000
G1 X133.543 Y104.694
;TYPE:Top surface
;WIDTH:0.497132
G1 F1800
G1 X133.543 Y103.407 E.03767
G1 X133.29 Y103.675 F18000
M204 P2000
;TYPE:Gap infill
;WIDTH:0.0974011
G1 F6000
G1 X133.277 Y103.868 E.00077
G1 X133.29 Y104.467 E.00239
G1 E-1.75
;WIPE_START
G1 X133.277 Y103.868 E-.56729
G1 X133.29 Y103.675 E-.18271
;WIPE_END
G1 X133.329 Y103.703 Z3.16 F18000
G1 X133.411 Y103.617
G1 X133.457 Y103.56
G1 X133.75 Y103.238
G1 Z2.96
G1 E2.5 F6000
;TYPE:Ironing
;WIDTH:0.401288
;HEIGHT:0.006
G1 F900
G1 X133.75 Y104.746 E.00143
G1 X133.65 Y104.907 E.00018
G1 X133.65 Y103.176 E.00164
G1 X133.55 Y103.12 E.00011
G1 X133.55 Y104.952 E.00174
G1 X133.45 Y104.96 E.0001
G1 X133.45 Y103.109 E.00175
G1 X133.397 Y103.113 E.00005
G1 X133.35 Y103.125 E.00005
G1 X133.35 Y104.944 E.00172
G1 X133.25 Y104.881 E.00011
G1 X133.25 Y103.195 E.0016
G1 X133.207 Y103.259 E.00007
G1 X133.15 Y103.412 E.00016
G1 X133.15 Y104.806 E.00132
G1 E-1.75 F6000
;WIPE_START
G1 F900
G1 X133.15 Y103.806 E-.75
;WIPE_END
G1 X132.394 Y103.577 Z3.16 F18000
G1 X132.254 Y102.499
G1 X131.942 Y102.14
G1 X131.485 Y102.061
G1 X129.82 Y102.061
G1 X129.789 Y103.975
G1 X112.633 Y104.834
G1 X112.426 Y104.555
G1 X112.031 Y104.093
G1 X111.668 Y103.697
G1 X111.094 Y103.697
G1 X110.812 Y104.926
G1 X109.476 Y104.504
G1 X109.403 Y104.996
G1 Z2.96
G1 E2.5 F6000
M204 P1000
;TYPE:Outer wall
;WIDTH:0.42
;HEIGHT:0.16
G1 F3600
G1 X109.285 Y104.957 E.00303
G1 X109.198 Y104.882 E.0028
G1 X109.138 Y104.767 E.00316
G1 X109.081 Y104.538 E.00575
G1 X109.05 Y104.223 E.00771
G1 X109.05 Y103.853 E.00902
G1 X109.108 Y103.416 E.01074
G1 X109.203 Y103.191 E.00596
G1 X109.334 Y103.088 E.00406
G1 X109.501 Y103.073 E.00409
G1 X109.58 Y103.088 E.00196
G1 X109.706 Y103.179 E.00378
G1 X109.781 Y103.323 E.00397
G1 X109.859 Y103.693 E.00922
G1 X109.871 Y104.22 E.01284
G1 X109.816 Y104.66 E.01081
G1 X109.752 Y104.841 E.00468
G1 X109.726 Y104.882 E.00117
G1 X109.607 Y104.978 E.00373
G1 X109.463 Y104.991 E.00352
G1 X109.476 Y104.504 F18000
G1 X109.543 Y104.694
;TYPE:Top surface
;WIDTH:0.497132
G1 F1800
G1 X109.543 Y103.407 E.03766
G1 X109.29 Y103.676 F18000
M204 P2000
;TYPE:Gap infill
;WIDTH:0.0973973
G1 F6000
G1 X109.277 Y103.868 E.00077
G1 X109.29 Y104.467 E.00239
G1 E-1.75
;WIPE_START
G1 X109.277 Y103.868 E-.56736
G1 X109.29 Y103.676 E-.18264
;WIPE_END
G1 X109.329 Y103.703 Z3.16 F18000
G1 X109.411 Y103.617
G1 X109.457 Y103.56
G1 X109.75 Y103.238
G1 Z2.96
G1 E2.5 F6000
;TYPE:Ironing
;WIDTH:0.401288
;HEIGHT:0.006
G1 F900
G1 X109.75 Y104.746 E.00143
G1 X109.65 Y104.907 E.00018
G1 X109.65 Y103.176 E.00164
G1 X109.55 Y103.12 E.00011
G1 X109.55 Y104.952 E.00174
G1 X109.45 Y104.96 E.0001
G1 X109.45 Y103.109 E.00175
G1 X109.397 Y103.113 E.00005
G1 X109.35 Y103.125 E.00005
G1 X109.35 Y104.944 E.00172
G1 X109.25 Y104.881 E.00011
G1 X109.25 Y103.196 E.0016
G1 X109.207 Y103.259 E.00007
G1 X109.15 Y103.412 E.00016
G1 X109.15 Y104.806 E.00132
G1 E-1.75 F6000
;WIPE_START
G1 F900
G1 X109.15 Y103.806 E-.75
;WIPE_END
G1 X108.394 Y103.577 Z3.16 F18000
G1 X108.254 Y102.499
G1 X107.942 Y102.14
G1 X107.485 Y102.061
G1 X105.82 Y102.061
G1 X105.789 Y103.987
G1 X87.173 Y104.504
G1 X87.1 Y104.996
G1 Z2.96
G1 E2.5 F6000
M204 P1000
;TYPE:Outer wall
;WIDTH:0.42
;HEIGHT:0.16
G1 F3600
G1 X86.982 Y104.957 E.00303
G1 X86.895 Y104.882 E.0028
G1 X86.835 Y104.767 E.00316
G1 X86.778 Y104.541 E.00568
G1 X86.744 Y104.034 E.01238
G1 X86.779 Y103.539 E.0121
G1 X86.868 Y103.24 E.00761
G1 X86.986 Y103.112 E.00422
G1 X87.092 Y103.075 E.00275
G1 X87.276 Y103.088 E.00451
G1 X87.403 Y103.179 E.00378
G1 X87.478 Y103.323 E.00397
G1 X87.556 Y103.693 E.00922
G1 X87.568 Y104.22 E.01284
G1 X87.513 Y104.66 E.01081
G1 X87.448 Y104.841 E.00468
G1 X87.388 Y104.923 E.00247
G1 X87.293 Y104.979 E.00271
G1 X87.159 Y104.991 E.00326
G1 X87.173 Y104.504 F18000
G1 X87.24 Y104.681
;TYPE:Top surface
;WIDTH:0.497132
G1 F1800
G1 X87.24 Y103.39 E.03775
G1 X86.986 Y103.654 F18000
M204 P2000
;TYPE:Gap infill
;WIDTH:0.0934438
G1 F6000
G1 X86.973 Y104.034 E.00142
G1 X86.986 Y104.427 E.00147
G1 E-1.75
;WIPE_START
G1 X86.973 Y104.034 E-.38121
G1 X86.986 Y103.654 E-.36879
;WIPE_END
G1 X87.035 Y103.689 Z3.16 F18000
G1 X87.108 Y103.617
G1 X87.154 Y103.56
G1 X87.45 Y103.243
G1 Z2.96
G1 E2.5 F6000
;TYPE:Ironing
;WIDTH:0.401288
;HEIGHT:0.006
G1 F900
G1 X87.447 Y104.746 E.00142
G1 X87.35 Y104.904 E.00018
G1 X87.35 Y103.18 E.00163
G1 X87.25 Y103.121 E.00011
G1 X87.25 Y104.951 E.00173
G1 X87.15 Y104.96 E.0001
G1 X87.15 Y103.109 E.00175
G1 X87.094 Y103.113 E.00005
G1 X87.05 Y103.124 E.00004
G1 X87.05 Y104.945 E.00173
G1 X86.95 Y104.884 E.00011
G1 X86.95 Y103.192 E.0016
G1 X86.904 Y103.259 E.00008
G1 X86.85 Y103.401 E.00014
G1 X86.85 Y104.813 E.00134
; stop printing object pogo_receiver_coupon.stl id:0 copy 0
M106 S176
;LAYER_CHANGE
;Z:3.12
;HEIGHT:0.16
G92 E0 ; zero the extruded length again
; BEFORE_LAYER_CHANGE 18 @ 3.12mm
G1 E-1.75 F6000
;WIPE_START
G1 F900
G1 X86.85 Y103.813 E-.75
;WIPE_END
; AFTER_LAYER_CHANGE 18 @ 3.12mm
;_SET_FAN_SPEED_CHANGING_LAYER
; printing object pogo_receiver_coupon.stl id:0 copy 0
G1 F18000
G1 X87.2919 Y104.102 Z3.14857
G1 X87.3416 Y104.628 Z3.17714
G1 X86.9616 Y104.995 Z3.20571
G1 X86.438 Y104.926 Z3.23429
G1 X86.1652 Y104.474 Z3.26286
G1 X86.3485 Y103.979 Z3.29143
G1 X86.85 Y103.813 Z3.32
G1 X123.598 Y108.624 Z3.32
G1 X147.376 Y108.624
G1 X147.376 Y111.376
G1 X147.79 Y111.79
G1 Z3.12
G1 E2.5 F6000
M204 P1000
;TYPE:Outer wall
;WIDTH:0.42
G1 F3600
G1 X72.21 Y111.79 E1.84202
G1 X72.21 Y108.21 E.08725
G1 X147.79 Y108.21 E1.84202
G1 X147.79 Y111.73 E.08579
G1 X147.376 Y111.376 F18000
G1 X147.389 Y111.389
M204 P1500
;TYPE:Inner wall
;WIDTH:0.45
G1 F4920
G1 X72.611 Y111.389 E1.96425
G1 X72.611 Y108.611 E.07299
G1 X147.389 Y108.611 E1.96425
G1 X147.389 Y111.329 E.07141
G1 X146.974 Y110.974 F18000
G1 F4920
G1 X73.026 Y110.974 E1.94242
G1 X73.026 Y109.026 E.05115
G1 X146.974 Y109.026 E1.94242
G1 X146.974 Y110.914 E.04958
G1 X146.558 Y110.558 F18000
G1 F4920
G1 X73.442 Y110.558 E1.92058
G1 X73.442 Y109.442 E.02932
G1 X146.558 Y109.442 E1.92058
G1 X146.558 Y110.498 E.02774
G1 X146.142 Y110.142 F18000
G1 F4920
G1 X73.858 Y110.142 E1.89874
G1 X73.858 Y109.858 E.00748
G1 X146.142 Y109.858 E1.89874
G1 X146.142 Y110.082 E.0059
; stop printing object pogo_receiver_coupon.stl id:0 copy 0
;LAYER_CHANGE
;Z:3.28
;HEIGHT:0.16
G92 E0 ; zero the extruded length again
; BEFORE_LAYER_CHANGE 19 @ 3.28mm
G1 E-1.75 F6000
;WIPE_START
G1 X145.142 Y110.083 E-.75
;WIPE_END
; AFTER_LAYER_CHANGE 19 @ 3.28mm
;_SET_FAN_SPEED_CHANGING_LAYER
; printing object pogo_receiver_coupon.stl id:0 copy 0
G1 F18000
G1 X145.439 Y110.52 Z3.30857
G1 X145.283 Y111.024 Z3.33714
G1 X144.791 Y111.217 Z3.36571
G1 X144.334 Y110.952 Z3.39429
G1 X144.256 Y110.43 Z3.42286
G1 X144.616 Y110.043 Z3.45143
G1 X145.142 Y110.083 Z3.48
G1 X147.376 Y111.376 Z3.48
G1 X147.79 Y111.79
G1 Z3.28
G1 E2.5 F6000
M204 P1000
;TYPE:Outer wall
;WIDTH:0.42
G1 F3600
G1 X72.21 Y111.79 E1.84202
G1 X72.21 Y108.21 E.08725
G1 X147.79 Y108.21 E1.84202
G1 X147.79 Y111.73 E.08579
G1 X147.376 Y111.376 F18000
G1 X147.389 Y111.389
M204 P1500
;TYPE:Inner wall
;WIDTH:0.45
G1 F4920
G1 X72.611 Y111.389 E1.96425
G1 X72.611 Y108.611 E.07299
G1 X147.389 Y108.611 E1.96425
G1 X147.389 Y111.329 E.07141
G1 X146.974 Y110.974 F18000
G1 F4920
G1 X73.026 Y110.974 E1.94242
G1 X73.026 Y109.026 E.05115
G1 X146.974 Y109.026 E1.94242
G1 X146.974 Y110.914 E.04958
G1 X146.558 Y110.558 F18000
G1 F4920
G1 X73.442 Y110.558 E1.92058
G1 X73.442 Y109.442 E.02932
G1 X146.558 Y109.442 E1.92058
G1 X146.558 Y110.498 E.02774
G1 X146.142 Y110.142 F18000
G1 F4920
G1 X73.858 Y110.142 E1.89874
G1 X73.858 Y109.858 E.00748
G1 X146.142 Y109.858 E1.89874
G1 X146.142 Y110.082 E.0059
; stop printing object pogo_receiver_coupon.stl id:0 copy 0
;LAYER_CHANGE
;Z:3.44
;HEIGHT:0.16
G92 E0 ; zero the extruded length again
; BEFORE_LAYER_CHANGE 20 @ 3.44mm
G1 E-1.75 F6000
;WIPE_START
G1 X145.142 Y110.083 E-.75
;WIPE_END
; AFTER_LAYER_CHANGE 20 @ 3.44mm
;_SET_FAN_SPEED_CHANGING_LAYER
; printing object pogo_receiver_coupon.stl id:0 copy 0
G1 F18000
G1 X145.439 Y110.52 Z3.46857
G1 X145.283 Y111.024 Z3.49714
G1 X144.791 Y111.217 Z3.52571
G1 X144.334 Y110.952 Z3.55429
G1 X144.256 Y110.43 Z3.58286
G1 X144.616 Y110.043 Z3.61143
G1 X145.142 Y110.083 Z3.64
G1 X147.376 Y111.376 Z3.64
G1 X147.79 Y111.79
G1 Z3.44
G1 E2.5 F6000
M204 P1000
;TYPE:Outer wall
;WIDTH:0.42
G1 F3600
G1 X72.21 Y111.79 E1.84202
G1 X72.21 Y108.21 E.08725
G1 X147.79 Y108.21 E1.84202
G1 X147.79 Y111.73 E.08579
G1 X147.376 Y111.376 F18000
G1 X147.389 Y111.389
M204 P1500
;TYPE:Inner wall
;WIDTH:0.45
G1 F4920
G1 X72.611 Y111.389 E1.96425
G1 X72.611 Y108.611 E.07299
G1 X147.389 Y108.611 E1.96425
G1 X147.389 Y111.329 E.07141
G1 X146.974 Y110.974 F18000
G1 F4920
G1 X73.026 Y110.974 E1.94242
G1 X73.026 Y109.026 E.05115
G1 X146.974 Y109.026 E1.94242
G1 X146.974 Y110.914 E.04958
G1 X146.558 Y110.558 F18000
G1 F4920
G1 X73.442 Y110.558 E1.92058
G1 X73.442 Y109.442 E.02932
G1 X146.558 Y109.442 E1.92058
G1 X146.558 Y110.498 E.02774
G1 X146.142 Y110.142 F18000
G1 F4920
G1 X73.858 Y110.142 E1.89874
G1 X73.858 Y109.858 E.00748
G1 X146.142 Y109.858 E1.89874
G1 X146.142 Y110.082 E.0059
; stop printing object pogo_receiver_coupon.stl id:0 copy 0
;LAYER_CHANGE
;Z:3.6
;HEIGHT:0.16
G92 E0 ; zero the extruded length again
; BEFORE_LAYER_CHANGE 21 @ 3.6mm
G1 E-1.75 F6000
;WIPE_START
G1 X145.142 Y110.083 E-.75
;WIPE_END
; AFTER_LAYER_CHANGE 21 @ 3.6mm
;_SET_FAN_SPEED_CHANGING_LAYER
; printing object pogo_receiver_coupon.stl id:0 copy 0
G1 F18000
G1 X145.439 Y110.52 Z3.62857
G1 X145.283 Y111.024 Z3.65714
G1 X144.791 Y111.217 Z3.68571
G1 X144.334 Y110.952 Z3.71429
G1 X144.256 Y110.43 Z3.74286
G1 X144.616 Y110.043 Z3.77143
G1 X145.142 Y110.083 Z3.8
G1 X147.376 Y111.376 Z3.8
G1 X147.79 Y111.79
G1 Z3.6
G1 E2.5 F6000
M204 P1000
;TYPE:Outer wall
;WIDTH:0.42
G1 F3600
G1 X72.21 Y111.79 E1.84202
G1 X72.21 Y108.21 E.08725
G1 X147.79 Y108.21 E1.84202
G1 X147.79 Y111.73 E.08579
G1 X147.376 Y111.376 F18000
G1 X147.389 Y111.389
M204 P1500
;TYPE:Inner wall
;WIDTH:0.45
G1 F4920
G1 X72.611 Y111.389 E1.96425
G1 X72.611 Y108.611 E.07299
G1 X147.389 Y108.611 E1.96425
G1 X147.389 Y111.329 E.07141
G1 X146.974 Y110.974 F18000
G1 F4920
G1 X73.026 Y110.974 E1.94242
G1 X73.026 Y109.026 E.05115
G1 X146.974 Y109.026 E1.94242
G1 X146.974 Y110.914 E.04958
G1 X146.558 Y110.558 F18000
G1 F4920
G1 X73.442 Y110.558 E1.92058
G1 X73.442 Y109.442 E.02932
G1 X146.558 Y109.442 E1.92058
G1 X146.558 Y110.498 E.02774
G1 X146.142 Y110.142 F18000
G1 F4920
G1 X73.858 Y110.142 E1.89874
G1 X73.858 Y109.858 E.00748
G1 X146.142 Y109.858 E1.89874
G1 X146.142 Y110.082 E.0059
; stop printing object pogo_receiver_coupon.stl id:0 copy 0
;LAYER_CHANGE
;Z:3.76
;HEIGHT:0.16
G92 E0 ; zero the extruded length again
; BEFORE_LAYER_CHANGE 22 @ 3.76mm
G1 E-1.75 F6000
;WIPE_START
G1 X145.142 Y110.083 E-.75
;WIPE_END
; AFTER_LAYER_CHANGE 22 @ 3.76mm
;_SET_FAN_SPEED_CHANGING_LAYER
; printing object pogo_receiver_coupon.stl id:0 copy 0
G1 F18000
G1 X145.439 Y110.52 Z3.78857
G1 X145.283 Y111.024 Z3.81714
G1 X144.791 Y111.217 Z3.84571
G1 X144.334 Y110.952 Z3.87429
G1 X144.256 Y110.43 Z3.90286
G1 X144.616 Y110.043 Z3.93143
G1 X145.142 Y110.083 Z3.96
G1 X147.376 Y111.376 Z3.96
G1 X147.79 Y111.79
G1 Z3.76
G1 E2.5 F6000
M204 P1000
;TYPE:Outer wall
;WIDTH:0.42
G1 F3600
G1 X72.21 Y111.79 E1.84202
G1 X72.21 Y108.21 E.08725
G1 X147.79 Y108.21 E1.84202
G1 X147.79 Y111.73 E.08579
G1 X147.376 Y111.376 F18000
G1 X147.389 Y111.389
M204 P1500
;TYPE:Inner wall
;WIDTH:0.45
G1 F4920
G1 X72.611 Y111.389 E1.96425
G1 X72.611 Y108.611 E.07299
G1 X147.389 Y108.611 E1.96425
G1 X147.389 Y111.329 E.07141
G1 X146.974 Y110.974 F18000
G1 F4920
G1 X73.026 Y110.974 E1.94242
G1 X73.026 Y109.026 E.05115
G1 X146.974 Y109.026 E1.94242
G1 X146.974 Y110.914 E.04958
G1 X146.558 Y110.558 F18000
G1 F4920
G1 X73.442 Y110.558 E1.92058
G1 X73.442 Y109.442 E.02932
G1 X146.558 Y109.442 E1.92058
G1 X146.558 Y110.498 E.02774
G1 X146.142 Y110.142 F18000
G1 F4920
G1 X73.858 Y110.142 E1.89874
G1 X73.858 Y109.858 E.00748
G1 X146.142 Y109.858 E1.89874
G1 X146.142 Y110.082 E.0059
; stop printing object pogo_receiver_coupon.stl id:0 copy 0
;LAYER_CHANGE
;Z:3.92
;HEIGHT:0.16
G92 E0 ; zero the extruded length again
; BEFORE_LAYER_CHANGE 23 @ 3.92mm
G1 E-1.75 F6000
;WIPE_START
G1 X145.142 Y110.083 E-.75
;WIPE_END
; AFTER_LAYER_CHANGE 23 @ 3.92mm
;_SET_FAN_SPEED_CHANGING_LAYER
; printing object pogo_receiver_coupon.stl id:0 copy 0
G1 F18000
G1 X145.439 Y110.52 Z3.94857
G1 X145.283 Y111.024 Z3.97714
G1 X144.791 Y111.217 Z4.00571
G1 X144.334 Y110.952 Z4.03429
G1 X144.256 Y110.43 Z4.06286
G1 X144.616 Y110.043 Z4.09143
G1 X145.142 Y110.083 Z4.12
G1 X147.376 Y111.376 Z4.12
G1 X147.79 Y111.79
G1 Z3.92
G1 E2.5 F6000
M204 P1000
;TYPE:Outer wall
;WIDTH:0.42
G1 F3600
G1 X72.21 Y111.79 E1.84202
G1 X72.21 Y108.21 E.08725
G1 X147.79 Y108.21 E1.84202
G1 X147.79 Y111.73 E.08579
G1 X147.376 Y111.376 F18000
G1 X147.389 Y111.389
M204 P1500
;TYPE:Inner wall
;WIDTH:0.45
G1 F4920
G1 X72.611 Y111.389 E1.96425
G1 X72.611 Y108.611 E.07299
G1 X147.389 Y108.611 E1.96425
G1 X147.389 Y111.329 E.07141
G1 X146.974 Y110.974 F18000
G1 F4920
G1 X73.026 Y110.974 E1.94242
G1 X73.026 Y109.026 E.05115
G1 X146.974 Y109.026 E1.94242
G1 X146.974 Y110.914 E.04958
G1 X146.558 Y110.558 F18000
G1 F4920
G1 X73.442 Y110.558 E1.92058
G1 X73.442 Y109.442 E.02932
G1 X146.558 Y109.442 E1.92058
G1 X146.558 Y110.498 E.02774
G1 X146.142 Y110.142 F18000
G1 F4920
G1 X73.858 Y110.142 E1.89874
G1 X73.858 Y109.858 E.00748
G1 X146.142 Y109.858 E1.89874
G1 X146.142 Y110.082 E.0059
; stop printing object pogo_receiver_coupon.stl id:0 copy 0
;LAYER_CHANGE
;Z:4.08
;HEIGHT:0.16
G92 E0 ; zero the extruded length again
; BEFORE_LAYER_CHANGE 24 @ 4.08mm
G1 E-1.75 F6000
;WIPE_START
G1 X145.142 Y110.083 E-.75
;WIPE_END
; AFTER_LAYER_CHANGE 24 @ 4.08mm
;_SET_FAN_SPEED_CHANGING_LAYER
; printing object pogo_receiver_coupon.stl id:0 copy 0
G1 F18000
G1 X145.439 Y110.52 Z4.10857
G1 X145.283 Y111.024 Z4.13714
G1 X144.791 Y111.217 Z4.16571
G1 X144.334 Y110.952 Z4.19429
G1 X144.256 Y110.43 Z4.22286
G1 X144.616 Y110.043 Z4.25143
G1 X145.142 Y110.083 Z4.28
G1 X147.376 Y111.376 Z4.28
G1 X147.79 Y111.79
G1 Z4.08
G1 E2.5 F6000
M204 P1000
;TYPE:Outer wall
;WIDTH:0.42
G1 F3600
G1 X72.21 Y111.79 E1.84202
G1 X72.21 Y108.21 E.08725
G1 X147.79 Y108.21 E1.84202
G1 X147.79 Y111.73 E.08579
G1 X147.376 Y111.376 F18000
G1 X147.389 Y111.389
M204 P1500
;TYPE:Inner wall
;WIDTH:0.45
G1 F4920
G1 X72.611 Y111.389 E1.96425
G1 X72.611 Y108.611 E.07299
G1 X147.389 Y108.611 E1.96425
G1 X147.389 Y111.329 E.07141
G1 X146.974 Y110.974 F18000
G1 F4920
G1 X73.026 Y110.974 E1.94242
G1 X73.026 Y109.026 E.05115
G1 X146.974 Y109.026 E1.94242
G1 X146.974 Y110.914 E.04958
G1 X146.558 Y110.558 F18000
G1 F4920
G1 X73.442 Y110.558 E1.92058
G1 X73.442 Y109.442 E.02932
G1 X146.558 Y109.442 E1.92058
G1 X146.558 Y110.498 E.02774
G1 X146.142 Y110.142 F18000
G1 F4920
G1 X73.858 Y110.142 E1.89874
G1 X73.858 Y109.858 E.00748
G1 X146.142 Y109.858 E1.89874
G1 X146.142 Y110.082 E.0059
; stop printing object pogo_receiver_coupon.stl id:0 copy 0
;LAYER_CHANGE
;Z:4.24
;HEIGHT:0.16
G92 E0 ; zero the extruded length again
; BEFORE_LAYER_CHANGE 25 @ 4.24mm
G1 E-1.75 F6000
;WIPE_START
G1 X145.142 Y110.083 E-.75
;WIPE_END
; AFTER_LAYER_CHANGE 25 @ 4.24mm
;_SET_FAN_SPEED_CHANGING_LAYER
; printing object pogo_receiver_coupon.stl id:0 copy 0
G1 F18000
G1 X145.439 Y110.52 Z4.26857
G1 X145.283 Y111.024 Z4.29714
G1 X144.791 Y111.217 Z4.32571
G1 X144.334 Y110.952 Z4.35429
G1 X144.256 Y110.43 Z4.38286
G1 X144.616 Y110.043 Z4.41143
G1 X145.142 Y110.083 Z4.44
G1 X147.376 Y111.376 Z4.44
G1 X147.79 Y111.79
G1 Z4.24
G1 E2.5 F6000
M204 P1000
;TYPE:Outer wall
;WIDTH:0.42
G1 F3600
G1 X72.21 Y111.79 E1.84202
G1 X72.21 Y108.21 E.08725
G1 X147.79 Y108.21 E1.84202
G1 X147.79 Y111.73 E.08579
G1 X147.376 Y111.376 F18000
G1 X147.389 Y111.389
M204 P1500
;TYPE:Inner wall
;WIDTH:0.45
G1 F4920
G1 X72.611 Y111.389 E1.96425
G1 X72.611 Y108.611 E.07299
G1 X147.389 Y108.611 E1.96425
G1 X147.389 Y111.329 E.07141
G1 X146.974 Y110.974 F18000
G1 F4920
G1 X73.026 Y110.974 E1.94242
G1 X73.026 Y109.026 E.05115
G1 X146.974 Y109.026 E1.94242
G1 X146.974 Y110.914 E.04958
G1 X146.558 Y110.558 F18000
G1 F4920
G1 X73.442 Y110.558 E1.92058
G1 X73.442 Y109.442 E.02932
G1 X146.558 Y109.442 E1.92058
G1 X146.558 Y110.498 E.02774
G1 X146.142 Y110.142 F18000
G1 F4920
G1 X73.858 Y110.142 E1.89874
G1 X73.858 Y109.858 E.00748
G1 X146.142 Y109.858 E1.89874
G1 X146.142 Y110.082 E.0059
; stop printing object pogo_receiver_coupon.stl id:0 copy 0
;LAYER_CHANGE
;Z:4.4
;HEIGHT:0.16
G92 E0 ; zero the extruded length again
; BEFORE_LAYER_CHANGE 26 @ 4.4mm
G1 E-1.75 F6000
;WIPE_START
G1 X145.142 Y110.083 E-.75
;WIPE_END
; AFTER_LAYER_CHANGE 26 @ 4.4mm
;_SET_FAN_SPEED_CHANGING_LAYER
; printing object pogo_receiver_coupon.stl id:0 copy 0
G1 F18000
G1 X145.439 Y110.52 Z4.42857
G1 X145.283 Y111.024 Z4.45714
G1 X144.791 Y111.217 Z4.48571
G1 X144.334 Y110.952 Z4.51429
G1 X144.256 Y110.43 Z4.54286
G1 X144.616 Y110.043 Z4.57143
G1 X145.142 Y110.083 Z4.6
G1 X147.376 Y111.376 Z4.6
G1 X147.79 Y111.79
G1 Z4.4
G1 E2.5 F6000
M204 P1000
;TYPE:Outer wall
;WIDTH:0.42
G1 F3600
G1 X72.21 Y111.79 E1.84202
G1 X72.21 Y108.21 E.08725
G1 X147.79 Y108.21 E1.84202
G1 X147.79 Y111.73 E.08579
G1 X147.376 Y111.376 F18000
G1 X147.389 Y111.389
M204 P1500
;TYPE:Inner wall
;WIDTH:0.45
G1 F4920
G1 X72.611 Y111.389 E1.96425
G1 X72.611 Y108.611 E.07299
G1 X147.389 Y108.611 E1.96425
G1 X147.389 Y111.329 E.07141
G1 X146.974 Y110.974 F18000
G1 F4920
G1 X73.026 Y110.974 E1.94242
G1 X73.026 Y109.026 E.05115
G1 X146.974 Y109.026 E1.94242
G1 X146.974 Y110.914 E.04958
G1 X146.558 Y110.558 F18000
G1 F4920
G1 X73.442 Y110.558 E1.92058
G1 X73.442 Y109.442 E.02932
G1 X146.558 Y109.442 E1.92058
G1 X146.558 Y110.498 E.02774
G1 X146.142 Y110.142 F18000
G1 F4920
G1 X73.858 Y110.142 E1.89874
G1 X73.858 Y109.858 E.00748
G1 X146.142 Y109.858 E1.89874
G1 X146.142 Y110.082 E.0059
; stop printing object pogo_receiver_coupon.stl id:0 copy 0
;LAYER_CHANGE
;Z:4.56
;HEIGHT:0.16
G92 E0 ; zero the extruded length again
; BEFORE_LAYER_CHANGE 27 @ 4.56mm
G1 E-1.75 F6000
;WIPE_START
G1 X145.142 Y110.083 E-.75
;WIPE_END
; AFTER_LAYER_CHANGE 27 @ 4.56mm
;_SET_FAN_SPEED_CHANGING_LAYER
; printing object pogo_receiver_coupon.stl id:0 copy 0
G1 F18000
G1 X145.439 Y110.52 Z4.58857
G1 X145.283 Y111.024 Z4.61714
G1 X144.791 Y111.217 Z4.64571
G1 X144.334 Y110.952 Z4.67429
G1 X144.256 Y110.43 Z4.70286
G1 X144.616 Y110.043 Z4.73143
G1 X145.142 Y110.083 Z4.76
G1 X147.376 Y111.376 Z4.76
G1 X147.79 Y111.79
G1 Z4.56
G1 E2.5 F6000
M204 P1000
;TYPE:Outer wall
;WIDTH:0.42
G1 F3600
G1 X72.21 Y111.79 E1.84202
G1 X72.21 Y108.21 E.08725
G1 X147.79 Y108.21 E1.84202
G1 X147.79 Y111.73 E.08579
G1 X147.376 Y111.376 F18000
G1 X147.389 Y111.389
M204 P1500
;TYPE:Inner wall
;WIDTH:0.45
G1 F4920
G1 X72.611 Y111.389 E1.96425
G1 X72.611 Y108.611 E.07299
G1 X147.389 Y108.611 E1.96425
G1 X147.389 Y111.329 E.07141
G1 X146.974 Y110.974 F18000
G1 F4920
G1 X73.026 Y110.974 E1.94242
G1 X73.026 Y109.026 E.05115
G1 X146.974 Y109.026 E1.94242
G1 X146.974 Y110.914 E.04958
G1 X146.558 Y110.558 F18000
G1 F4920
G1 X73.442 Y110.558 E1.92058
G1 X73.442 Y109.442 E.02932
G1 X146.558 Y109.442 E1.92058
G1 X146.558 Y110.498 E.02774
G1 X146.142 Y110.142 F18000
G1 F4920
G1 X73.858 Y110.142 E1.89874
G1 X73.858 Y109.858 E.00748
G1 X146.142 Y109.858 E1.89874
G1 X146.142 Y110.082 E.0059
; stop printing object pogo_receiver_coupon.stl id:0 copy 0
;LAYER_CHANGE
;Z:4.72
;HEIGHT:0.16
G92 E0 ; zero the extruded length again
; BEFORE_LAYER_CHANGE 28 @ 4.72mm
G1 E-1.75 F6000
;WIPE_START
G1 X145.142 Y110.083 E-.75
;WIPE_END
; AFTER_LAYER_CHANGE 28 @ 4.72mm
;_SET_FAN_SPEED_CHANGING_LAYER
; printing object pogo_receiver_coupon.stl id:0 copy 0
G1 F18000
G1 X145.439 Y110.52 Z4.74857
G1 X145.283 Y111.024 Z4.77714
G1 X144.791 Y111.217 Z4.80571
G1 X144.334 Y110.952 Z4.83429
G1 X144.256 Y110.43 Z4.86286
G1 X144.616 Y110.043 Z4.89143
G1 X145.142 Y110.083 Z4.92
G1 X147.376 Y111.376 Z4.92
G1 X147.79 Y111.79
G1 Z4.72
G1 E2.5 F6000
M204 P1000
;TYPE:Outer wall
;WIDTH:0.42
G1 F3600
G1 X72.21 Y111.79 E1.84202
G1 X72.21 Y108.21 E.08725
G1 X147.79 Y108.21 E1.84202
G1 X147.79 Y111.73 E.08579
G1 X147.376 Y111.376 F18000
G1 X147.389 Y111.389
M204 P1500
;TYPE:Inner wall
;WIDTH:0.45
G1 F4920
G1 X72.611 Y111.389 E1.96425
G1 X72.611 Y108.611 E.07299
G1 X147.389 Y108.611 E1.96425
G1 X147.389 Y111.329 E.07141
G1 X146.974 Y110.974 F18000
G1 F4920
G1 X73.026 Y110.974 E1.94242
G1 X73.026 Y109.026 E.05115
G1 X146.974 Y109.026 E1.94242
G1 X146.974 Y110.914 E.04958
G1 X146.558 Y110.558 F18000
G1 F4920
G1 X73.442 Y110.558 E1.92058
G1 X73.442 Y109.442 E.02932
G1 X146.558 Y109.442 E1.92058
G1 X146.558 Y110.498 E.02774
G1 X146.142 Y110.142 F18000
G1 F4920
G1 X73.858 Y110.142 E1.89874
G1 X73.858 Y109.858 E.00748
G1 X146.142 Y109.858 E1.89874
G1 X146.142 Y110.082 E.0059
; stop printing object pogo_receiver_coupon.stl id:0 copy 0
;LAYER_CHANGE
;Z:4.88
;HEIGHT:0.16
G92 E0 ; zero the extruded length again
; BEFORE_LAYER_CHANGE 29 @ 4.88mm
G1 E-1.75 F6000
;WIPE_START
G1 X145.142 Y110.083 E-.75
;WIPE_END
; AFTER_LAYER_CHANGE 29 @ 4.88mm
;_SET_FAN_SPEED_CHANGING_LAYER
; printing object pogo_receiver_coupon.stl id:0 copy 0
G1 F18000
G1 X145.439 Y110.52 Z4.90857
G1 X145.283 Y111.024 Z4.93714
G1 X144.791 Y111.217 Z4.96571
G1 X144.334 Y110.952 Z4.99429
G1 X144.256 Y110.43 Z5.02286
G1 X144.616 Y110.043 Z5.05143
G1 X145.142 Y110.083 Z5.08
G1 X147.376 Y111.376 Z5.08
G1 X147.79 Y111.79
G1 Z4.88
G1 E2.5 F6000
M204 P1000
;TYPE:Outer wall
;WIDTH:0.42
G1 F3600
G1 X72.21 Y111.79 E1.84202
G1 X72.21 Y108.21 E.08725
G1 X147.79 Y108.21 E1.84202
G1 X147.79 Y111.73 E.08579
G1 X147.376 Y111.376 F18000
G1 X147.389 Y111.389
M204 P1500
;TYPE:Inner wall
;WIDTH:0.45
G1 F4920
G1 X72.611 Y111.389 E1.96425
G1 X72.611 Y108.611 E.07299
G1 X147.389 Y108.611 E1.96425
G1 X147.389 Y111.329 E.07141
G1 X146.974 Y110.974 F18000
G1 F4920
G1 X73.026 Y110.974 E1.94242
G1 X73.026 Y109.026 E.05115
G1 X146.974 Y109.026 E1.94242
G1 X146.974 Y110.914 E.04958
G1 X146.558 Y110.558 F18000
G1 F4920
G1 X73.442 Y110.558 E1.92058
G1 X73.442 Y109.442 E.02932
G1 X146.558 Y109.442 E1.92058
G1 X146.558 Y110.498 E.02774
G1 X146.142 Y110.142 F18000
G1 F4920
G1 X73.858 Y110.142 E1.89874
G1 X73.858 Y109.858 E.00748
G1 X146.142 Y109.858 E1.89874
G1 X146.142 Y110.082 E.0059
; stop printing object pogo_receiver_coupon.stl id:0 copy 0
;LAYER_CHANGE
;Z:5.04
;HEIGHT:0.16
G92 E0 ; zero the extruded length again
; BEFORE_LAYER_CHANGE 30 @ 5.04mm
G1 E-1.75 F6000
;WIPE_START
G1 X145.142 Y110.083 E-.75
;WIPE_END
; AFTER_LAYER_CHANGE 30 @ 5.04mm
;_SET_FAN_SPEED_CHANGING_LAYER
; printing object pogo_receiver_coupon.stl id:0 copy 0
G1 F18000
G1 X145.439 Y110.52 Z5.06857
G1 X145.283 Y111.024 Z5.09714
G1 X144.791 Y111.217 Z5.12571
G1 X144.334 Y110.952 Z5.15429
G1 X144.256 Y110.43 Z5.18286
G1 X144.616 Y110.043 Z5.21143
G1 X145.142 Y110.083 Z5.24
G1 X147.376 Y111.376 Z5.24
G1 X147.79 Y111.79
G1 Z5.04
G1 E2.5 F6000
M204 P1000
;TYPE:Outer wall
;WIDTH:0.42
G1 F3600
G1 X72.21 Y111.79 E1.84202
G1 X72.21 Y108.21 E.08725
G1 X147.79 Y108.21 E1.84202
G1 X147.79 Y111.73 E.08579
G1 X147.376 Y111.376 F18000
G1 X147.389 Y111.389
M204 P1500
;TYPE:Inner wall
;WIDTH:0.45
G1 F4920
G1 X72.611 Y111.389 E1.96425
G1 X72.611 Y108.611 E.07299
G1 X147.389 Y108.611 E1.96425
G1 X147.389 Y111.329 E.07141
G1 X146.974 Y110.974 F18000
G1 F4920
G1 X73.026 Y110.974 E1.94242
G1 X73.026 Y109.026 E.05115
G1 X146.974 Y109.026 E1.94242
G1 X146.974 Y110.914 E.04958
G1 X146.558 Y110.558 F18000
G1 F4920
G1 X73.442 Y110.558 E1.92058
G1 X73.442 Y109.442 E.02932
G1 X146.558 Y109.442 E1.92058
G1 X146.558 Y110.498 E.02774
G1 X146.142 Y110.142 F18000
G1 F4920
G1 X73.858 Y110.142 E1.89874
G1 X73.858 Y109.858 E.00748
G1 X146.142 Y109.858 E1.89874
G1 X146.142 Y110.082 E.0059
; stop printing object pogo_receiver_coupon.stl id:0 copy 0
;LAYER_CHANGE
;Z:5.2
;HEIGHT:0.16
G92 E0 ; zero the extruded length again
; BEFORE_LAYER_CHANGE 31 @ 5.2mm
G1 E-1.75 F6000
;WIPE_START
G1 X145.142 Y110.083 E-.75
;WIPE_END
; AFTER_LAYER_CHANGE 31 @ 5.2mm
;_SET_FAN_SPEED_CHANGING_LAYER
; printing object pogo_receiver_coupon.stl id:0 copy 0
G1 F18000
G1 X145.439 Y110.52 Z5.22857
G1 X145.283 Y111.024 Z5.25714
G1 X144.791 Y111.217 Z5.28571
G1 X144.334 Y110.952 Z5.31429
G1 X144.256 Y110.43 Z5.34286
G1 X144.616 Y110.043 Z5.37143
G1 X145.142 Y110.083 Z5.4
G1 X147.376 Y111.376 Z5.4
G1 X147.79 Y111.79
G1 Z5.2
G1 E2.5 F6000
M204 P1000
;TYPE:Outer wall
;WIDTH:0.42
G1 F3600
G1 X72.21 Y111.79 E1.84202
G1 X72.21 Y108.21 E.08725
G1 X147.79 Y108.21 E1.84202
G1 X147.79 Y111.73 E.08579
G1 X147.376 Y111.376 F18000
G1 X147.389 Y111.389
M204 P1500
;TYPE:Inner wall
;WIDTH:0.45
G1 F4920
G1 X72.611 Y111.389 E1.96425
G1 X72.611 Y108.611 E.07299
G1 X147.389 Y108.611 E1.96425
G1 X147.389 Y111.329 E.07141
G1 X146.974 Y110.974 F18000
G1 F4920
G1 X73.026 Y110.974 E1.94242
G1 X73.026 Y109.026 E.05115
G1 X146.974 Y109.026 E1.94242
G1 X146.974 Y110.914 E.04958
G1 X146.558 Y110.558 F18000
G1 F4920
G1 X73.442 Y110.558 E1.92058
G1 X73.442 Y109.442 E.02932
G1 X146.558 Y109.442 E1.92058
G1 X146.558 Y110.498 E.02774
G1 X146.142 Y110.142 F18000
G1 F4920
G1 X73.858 Y110.142 E1.89874
G1 X73.858 Y109.858 E.00748
G1 X146.142 Y109.858 E1.89874
G1 X146.142 Y110.082 E.0059
; stop printing object pogo_receiver_coupon.stl id:0 copy 0
;LAYER_CHANGE
;Z:5.36
;HEIGHT:0.16
G92 E0 ; zero the extruded length again
; BEFORE_LAYER_CHANGE 32 @ 5.36mm
G1 E-1.75 F6000
;WIPE_START
G1 X145.142 Y110.083 E-.75
;WIPE_END
; AFTER_LAYER_CHANGE 32 @ 5.36mm
;_SET_FAN_SPEED_CHANGING_LAYER
; printing object pogo_receiver_coupon.stl id:0 copy 0
G1 F18000
G1 X145.439 Y110.52 Z5.38857
G1 X145.283 Y111.024 Z5.41714
G1 X144.791 Y111.217 Z5.44571
G1 X144.334 Y110.952 Z5.47429
G1 X144.256 Y110.43 Z5.50286
G1 X144.616 Y110.043 Z5.53143
G1 X145.142 Y110.083 Z5.56
G1 X147.376 Y111.376 Z5.56
G1 X147.79 Y111.79
G1 Z5.36
G1 E2.5 F6000
M204 P1000
;TYPE:Outer wall
;WIDTH:0.42
G1 F3600
G1 X72.21 Y111.79 E1.84202
G1 X72.21 Y108.21 E.08725
G1 X147.79 Y108.21 E1.84202
G1 X147.79 Y111.73 E.08579
G1 X147.376 Y111.376 F18000
G1 X147.389 Y111.389
M204 P1500
;TYPE:Inner wall
;WIDTH:0.45
G1 F4920
G1 X72.611 Y111.389 E1.96425
G1 X72.611 Y108.611 E.07299
G1 X147.389 Y108.611 E1.96425
G1 X147.389 Y111.329 E.07141
G1 X146.974 Y110.974 F18000
G1 F4920
G1 X73.026 Y110.974 E1.94242
G1 X73.026 Y109.026 E.05115
G1 X146.974 Y109.026 E1.94242
G1 X146.974 Y110.914 E.04958
G1 X146.558 Y110.558 F18000
G1 F4920
G1 X73.442 Y110.558 E1.92058
G1 X73.442 Y109.442 E.02932
G1 X146.558 Y109.442 E1.92058
G1 X146.558 Y110.498 E.02774
G1 X146.142 Y110.142 F18000
G1 F4920
G1 X73.858 Y110.142 E1.89874
G1 X73.858 Y109.858 E.00748
G1 X146.142 Y109.858 E1.89874
G1 X146.142 Y110.082 E.0059
; stop printing object pogo_receiver_coupon.stl id:0 copy 0
;LAYER_CHANGE
;Z:5.52
;HEIGHT:0.16
G92 E0 ; zero the extruded length again
; BEFORE_LAYER_CHANGE 33 @ 5.52mm
G1 E-1.75 F6000
;WIPE_START
G1 X145.142 Y110.083 E-.75
;WIPE_END
; AFTER_LAYER_CHANGE 33 @ 5.52mm
;_SET_FAN_SPEED_CHANGING_LAYER
; printing object pogo_receiver_coupon.stl id:0 copy 0
G1 F18000
G1 X145.439 Y110.52 Z5.54857
G1 X145.283 Y111.024 Z5.57714
G1 X144.791 Y111.217 Z5.60571
G1 X144.334 Y110.952 Z5.63429
G1 X144.256 Y110.43 Z5.66286
G1 X144.616 Y110.043 Z5.69143
G1 X145.142 Y110.083 Z5.72
G1 X147.376 Y111.376 Z5.72
G1 X147.79 Y111.79
G1 Z5.52
G1 E2.5 F6000
M204 P1000
;TYPE:Outer wall
;WIDTH:0.42
G1 F3600
G1 X72.21 Y111.79 E1.84202
G1 X72.21 Y108.21 E.08725
G1 X147.79 Y108.21 E1.84202
G1 X147.79 Y111.73 E.08579
G1 X147.376 Y111.376 F18000
G1 X147.389 Y111.389
M204 P1500
;TYPE:Inner wall
;WIDTH:0.45
G1 F4920
G1 X72.611 Y111.389 E1.96425
G1 X72.611 Y108.611 E.07299
G1 X147.389 Y108.611 E1.96425
G1 X147.389 Y111.329 E.07141
G1 X146.974 Y110.974 F18000
G1 F4920
G1 X73.026 Y110.974 E1.94242
G1 X73.026 Y109.026 E.05115
G1 X146.974 Y109.026 E1.94242
G1 X146.974 Y110.914 E.04958
G1 X146.558 Y110.558 F18000
G1 F4920
G1 X73.442 Y110.558 E1.92058
G1 X73.442 Y109.442 E.02932
G1 X146.558 Y109.442 E1.92058
G1 X146.558 Y110.498 E.02774
G1 X146.142 Y110.142 F18000
G1 F4920
G1 X73.858 Y110.142 E1.89874
G1 X73.858 Y109.858 E.00748
G1 X146.142 Y109.858 E1.89874
G1 X146.142 Y110.082 E.0059
; stop printing object pogo_receiver_coupon.stl id:0 copy 0
;LAYER_CHANGE
;Z:5.68
;HEIGHT:0.16
G92 E0 ; zero the extruded length again
; BEFORE_LAYER_CHANGE 34 @ 5.68mm
G1 E-1.75 F6000
;WIPE_START
G1 X145.142 Y110.083 E-.75
;WIPE_END
; AFTER_LAYER_CHANGE 34 @ 5.68mm
;_SET_FAN_SPEED_CHANGING_LAYER
; printing object pogo_receiver_coupon.stl id:0 copy 0
G1 F18000
G1 X145.439 Y110.52 Z5.70857
G1 X145.283 Y111.024 Z5.73714
G1 X144.791 Y111.217 Z5.76571
G1 X144.334 Y110.952 Z5.79429
G1 X144.256 Y110.43 Z5.82286
G1 X144.616 Y110.043 Z5.85143
G1 X145.142 Y110.083 Z5.88
G1 X147.376 Y111.376 Z5.88
G1 X147.79 Y111.79
G1 Z5.68
G1 E2.5 F6000
M204 P1000
;TYPE:Outer wall
;WIDTH:0.42
G1 F3600
G1 X72.21 Y111.79 E1.84202
G1 X72.21 Y108.21 E.08725
G1 X147.79 Y108.21 E1.84202
G1 X147.79 Y111.73 E.08579
G1 X147.376 Y111.376 F18000
G1 X147.389 Y111.389
M204 P1500
;TYPE:Inner wall
;WIDTH:0.45
G1 F4920
G1 X72.611 Y111.389 E1.96425
G1 X72.611 Y108.611 E.07299
G1 X147.389 Y108.611 E1.96425
G1 X147.389 Y111.329 E.07141
G1 X146.974 Y110.974 F18000
G1 F4920
G1 X73.026 Y110.974 E1.94242
G1 X73.026 Y109.026 E.05115
G1 X146.974 Y109.026 E1.94242
G1 X146.974 Y110.914 E.04958
G1 X146.558 Y110.558 F18000
G1 F4920
G1 X73.442 Y110.558 E1.92058
G1 X73.442 Y109.442 E.02932
G1 X146.558 Y109.442 E1.92058
G1 X146.558 Y110.498 E.02774
G1 X146.142 Y110.142 F18000
G1 F4920
G1 X73.858 Y110.142 E1.89874
G1 X73.858 Y109.858 E.00748
G1 X146.142 Y109.858 E1.89874
G1 X146.142 Y110.082 E.0059
; stop printing object pogo_receiver_coupon.stl id:0 copy 0
;LAYER_CHANGE
;Z:5.84
;HEIGHT:0.16
G92 E0 ; zero the extruded length again
; BEFORE_LAYER_CHANGE 35 @ 5.84mm
G1 E-1.75 F6000
;WIPE_START
G1 X145.142 Y110.083 E-.75
;WIPE_END
; AFTER_LAYER_CHANGE 35 @ 5.84mm
;_SET_FAN_SPEED_CHANGING_LAYER
; printing object pogo_receiver_coupon.stl id:0 copy 0
G1 F18000
G1 X145.439 Y110.52 Z5.86857
G1 X145.283 Y111.024 Z5.89714
G1 X144.791 Y111.217 Z5.92571
G1 X144.334 Y110.952 Z5.95429
G1 X144.256 Y110.43 Z5.98286
G1 X144.616 Y110.043 Z6.01143
G1 X145.142 Y110.083 Z6.04
G1 X147.376 Y111.376 Z6.04
G1 X147.79 Y111.79
G1 Z5.84
G1 E2.5 F6000
M204 P1000
;TYPE:Outer wall
;WIDTH:0.42
G1 F3600
G1 X72.21 Y111.79 E1.84202
G1 X72.21 Y108.21 E.08725
G1 X147.79 Y108.21 E1.84202
G1 X147.79 Y111.73 E.08579
G1 X147.376 Y111.376 F18000
G1 X147.389 Y111.389
M204 P1500
;TYPE:Inner wall
;WIDTH:0.45
G1 F4920
G1 X72.611 Y111.389 E1.96425
G1 X72.611 Y108.611 E.07299
G1 X147.389 Y108.611 E1.96425
G1 X147.389 Y111.329 E.07141
G1 X146.974 Y110.974 F18000
G1 F4920
G1 X73.026 Y110.974 E1.94242
G1 X73.026 Y109.026 E.05115
G1 X146.974 Y109.026 E1.94242
G1 X146.974 Y110.914 E.04958
G1 X146.558 Y110.558 F18000
G1 F4920
G1 X73.442 Y110.558 E1.92058
G1 X73.442 Y109.442 E.02932
G1 X146.558 Y109.442 E1.92058
G1 X146.558 Y110.498 E.02774
G1 X146.142 Y110.142 F18000
G1 F4920
G1 X73.858 Y110.142 E1.89874
G1 X73.858 Y109.858 E.00748
G1 X146.142 Y109.858 E1.89874
G1 X146.142 Y110.082 E.0059
; stop printing object pogo_receiver_coupon.stl id:0 copy 0
;LAYER_CHANGE
;Z:6
;HEIGHT:0.16
G92 E0 ; zero the extruded length again
; BEFORE_LAYER_CHANGE 36 @ 6mm
G1 E-1.75 F6000
;WIPE_START
G1 X145.142 Y110.083 E-.75
;WIPE_END
; AFTER_LAYER_CHANGE 36 @ 6mm
;_SET_FAN_SPEED_CHANGING_LAYER
; printing object pogo_receiver_coupon.stl id:0 copy 0
G1 F18000
G1 X145.439 Y110.52 Z6.02857
G1 X145.283 Y111.024 Z6.05714
G1 X144.791 Y111.217 Z6.08571
G1 X144.334 Y110.952 Z6.11429
G1 X144.256 Y110.43 Z6.14286
G1 X144.616 Y110.043 Z6.17143
G1 X145.142 Y110.083 Z6.2
G1 X147.376 Y111.376 Z6.2
G1 X147.79 Y111.79
G1 Z6
G1 E2.5 F6000
M204 P1000
;TYPE:Outer wall
;WIDTH:0.42
G1 F3600
G1 X72.21 Y111.79 E1.84202
G1 X72.21 Y108.21 E.08725
G1 X147.79 Y108.21 E1.84202
G1 X147.79 Y111.73 E.08579
G1 X147.376 Y111.376 F18000
G1 X147.389 Y111.389
M204 P1500
;TYPE:Inner wall
;WIDTH:0.45
G1 F4920
G1 X72.611 Y111.389 E1.96425
G1 X72.611 Y108.611 E.07299
G1 X147.389 Y108.611 E1.96425
G1 X147.389 Y111.329 E.07141
G1 X146.974 Y110.974 F18000
G1 F4920
G1 X73.026 Y110.974 E1.94242
G1 X73.026 Y109.026 E.05115
G1 X146.974 Y109.026 E1.94242
G1 X146.974 Y110.914 E.04958
G1 X146.558 Y110.558 F18000
G1 F4920
G1 X73.442 Y110.558 E1.92058
G1 X73.442 Y109.442 E.02932
G1 X146.558 Y109.442 E1.92058
G1 X146.558 Y110.498 E.02774
G1 X146.142 Y110.142 F18000
G1 F4920
G1 X73.858 Y110.142 E1.89874
G1 X73.858 Y109.858 E.00748
G1 X146.142 Y109.858 E1.89874
G1 X146.142 Y110.082 E.0059
; stop printing object pogo_receiver_coupon.stl id:0 copy 0
;LAYER_CHANGE
;Z:6.16
;HEIGHT:0.16
G92 E0 ; zero the extruded length again
; BEFORE_LAYER_CHANGE 37 @ 6.16mm
G1 E-1.75 F6000
;WIPE_START
G1 X145.142 Y110.083 E-.75
;WIPE_END
; AFTER_LAYER_CHANGE 37 @ 6.16mm
;_SET_FAN_SPEED_CHANGING_LAYER
; printing object pogo_receiver_coupon.stl id:0 copy 0
G1 F18000
G1 X145.439 Y110.52 Z6.18857
G1 X145.283 Y111.024 Z6.21714
G1 X144.791 Y111.217 Z6.24571
G1 X144.334 Y110.952 Z6.27429
G1 X144.256 Y110.43 Z6.30286
G1 X144.616 Y110.043 Z6.33143
G1 X145.142 Y110.083 Z6.36
G1 X147.376 Y111.376 Z6.36
G1 X147.79 Y111.79
G1 Z6.16
G1 E2.5 F6000
M204 P1000
;TYPE:Outer wall
;WIDTH:0.42
G1 F3600
G1 X72.21 Y111.79 E1.84202
G1 X72.21 Y108.21 E.08725
G1 X147.79 Y108.21 E1.84202
G1 X147.79 Y111.73 E.08579
G1 X147.376 Y111.376 F18000
G1 X147.389 Y111.389
M204 P1500
;TYPE:Inner wall
;WIDTH:0.45
G1 F4920
G1 X72.611 Y111.389 E1.96425
G1 X72.611 Y108.611 E.07299
G1 X147.389 Y108.611 E1.96425
G1 X147.389 Y111.329 E.07141
G1 X146.974 Y110.974 F18000
G1 F4920
G1 X73.026 Y110.974 E1.94242
G1 X73.026 Y109.026 E.05115
G1 X146.974 Y109.026 E1.94242
G1 X146.974 Y110.914 E.04958
G1 X146.558 Y110.558 F18000
G1 F4920
G1 X73.442 Y110.558 E1.92058
G1 X73.442 Y109.442 E.02932
G1 X146.558 Y109.442 E1.92058
G1 X146.558 Y110.498 E.02774
G1 X146.142 Y110.142 F18000
G1 F4920
G1 X73.858 Y110.142 E1.89874
G1 X73.858 Y109.858 E.00748
G1 X146.142 Y109.858 E1.89874
G1 X146.142 Y110.082 E.0059
; stop printing object pogo_receiver_coupon.stl id:0 copy 0
;LAYER_CHANGE
;Z:6.32
;HEIGHT:0.16
G92 E0 ; zero the extruded length again
; BEFORE_LAYER_CHANGE 38 @ 6.32mm
G1 E-1.75 F6000
;WIPE_START
G1 X145.142 Y110.083 E-.75
;WIPE_END
; AFTER_LAYER_CHANGE 38 @ 6.32mm
;_SET_FAN_SPEED_CHANGING_LAYER
; printing object pogo_receiver_coupon.stl id:0 copy 0
G1 F18000
G1 X145.439 Y110.52 Z6.34857
G1 X145.283 Y111.024 Z6.37714
G1 X144.791 Y111.217 Z6.40571
G1 X144.334 Y110.952 Z6.43429
G1 X144.256 Y110.43 Z6.46286
G1 X144.616 Y110.043 Z6.49143
G1 X145.142 Y110.083 Z6.52
G1 X147.376 Y111.376 Z6.52
G1 X147.79 Y111.79
G1 Z6.32
G1 E2.5 F6000
M204 P1000
;TYPE:Outer wall
;WIDTH:0.42
G1 F3600
G1 X72.21 Y111.79 E1.84202
G1 X72.21 Y108.21 E.08725
G1 X147.79 Y108.21 E1.84202
G1 X147.79 Y111.73 E.08579
G1 X147.376 Y111.376 F18000
G1 X147.389 Y111.389
M204 P1500
;TYPE:Inner wall
;WIDTH:0.45
G1 F4920
G1 X72.611 Y111.389 E1.96425
G1 X72.611 Y108.611 E.07299
G1 X147.389 Y108.611 E1.96425
G1 X147.389 Y111.329 E.07141
G1 X146.974 Y110.974 F18000
G1 F4920
G1 X73.026 Y110.974 E1.94242
G1 X73.026 Y109.026 E.05115
G1 X146.974 Y109.026 E1.94242
G1 X146.974 Y110.914 E.04958
G1 X146.558 Y110.558 F18000
G1 F4920
G1 X73.442 Y110.558 E1.92058
G1 X73.442 Y109.442 E.02932
G1 X146.558 Y109.442 E1.92058
G1 X146.558 Y110.498 E.02774
G1 X146.142 Y110.142 F18000
G1 F4920
G1 X73.858 Y110.142 E1.89874
G1 X73.858 Y109.858 E.00748
G1 X146.142 Y109.858 E1.89874
G1 X146.142 Y110.082 E.0059
; stop printing object pogo_receiver_coupon.stl id:0 copy 0
;LAYER_CHANGE
;Z:6.48
;HEIGHT:0.16
G92 E0 ; zero the extruded length again
; BEFORE_LAYER_CHANGE 39 @ 6.48mm
G1 E-1.75 F6000
;WIPE_START
G1 X145.142 Y110.083 E-.75
;WIPE_END
; AFTER_LAYER_CHANGE 39 @ 6.48mm
;_SET_FAN_SPEED_CHANGING_LAYER
; printing object pogo_receiver_coupon.stl id:0 copy 0
G1 F18000
G1 X145.439 Y110.52 Z6.50857
G1 X145.283 Y111.024 Z6.53714
G1 X144.791 Y111.217 Z6.56571
G1 X144.334 Y110.952 Z6.59429
G1 X144.256 Y110.43 Z6.62286
G1 X144.616 Y110.043 Z6.65143
G1 X145.142 Y110.083 Z6.68
G1 X147.376 Y111.376 Z6.68
G1 X147.79 Y111.79
G1 Z6.48
G1 E2.5 F6000
M204 P1000
;TYPE:Outer wall
;WIDTH:0.42
G1 F3600
G1 X72.21 Y111.79 E1.84202
G1 X72.21 Y108.21 E.08725
G1 X147.79 Y108.21 E1.84202
G1 X147.79 Y111.73 E.08579
G1 X147.376 Y111.376 F18000
G1 X147.389 Y111.389
M204 P1500
;TYPE:Inner wall
;WIDTH:0.45
G1 F4920
G1 X72.611 Y111.389 E1.96425
G1 X72.611 Y108.611 E.07299
G1 X147.389 Y108.611 E1.96425
G1 X147.389 Y111.329 E.07141
G1 X146.974 Y110.974 F18000
G1 F4920
G1 X73.026 Y110.974 E1.94242
G1 X73.026 Y109.026 E.05115
G1 X146.974 Y109.026 E1.94242
G1 X146.974 Y110.914 E.04958
G1 X146.558 Y110.558 F18000
G1 F4920
G1 X73.442 Y110.558 E1.92058
G1 X73.442 Y109.442 E.02932
G1 X146.558 Y109.442 E1.92058
G1 X146.558 Y110.498 E.02774
G1 X146.142 Y110.142 F18000
G1 F4920
G1 X73.858 Y110.142 E1.89874
G1 X73.858 Y109.858 E.00748
G1 X146.142 Y109.858 E1.89874
G1 X146.142 Y110.082 E.0059
; stop printing object pogo_receiver_coupon.stl id:0 copy 0
;LAYER_CHANGE
;Z:6.64
;HEIGHT:0.16
G92 E0 ; zero the extruded length again
; BEFORE_LAYER_CHANGE 40 @ 6.64mm
G1 E-1.75 F6000
;WIPE_START
G1 X145.142 Y110.083 E-.75
;WIPE_END
; AFTER_LAYER_CHANGE 40 @ 6.64mm
;_SET_FAN_SPEED_CHANGING_LAYER
; printing object pogo_receiver_coupon.stl id:0 copy 0
G1 F18000
G1 X145.439 Y110.52 Z6.66857
G1 X145.283 Y111.024 Z6.69714
G1 X144.791 Y111.217 Z6.72571
G1 X144.334 Y110.952 Z6.75429
G1 X144.256 Y110.43 Z6.78286
G1 X144.616 Y110.043 Z6.81143
G1 X145.142 Y110.083 Z6.84
G1 X147.376 Y111.376 Z6.84
G1 X147.79 Y111.79
G1 Z6.64
G1 E2.5 F6000
M204 P1000
;TYPE:Outer wall
;WIDTH:0.42
G1 F3600
G1 X72.21 Y111.79 E1.84202
G1 X72.21 Y108.21 E.08725
G1 X147.79 Y108.21 E1.84202
G1 X147.79 Y111.73 E.08579
G1 X147.376 Y111.376 F18000
G1 X147.389 Y111.389
M204 P1500
;TYPE:Inner wall
;WIDTH:0.45
G1 F4920
G1 X72.611 Y111.389 E1.96425
G1 X72.611 Y108.611 E.07299
G1 X147.389 Y108.611 E1.96425
G1 X147.389 Y111.329 E.07141
G1 X146.974 Y110.974 F18000
G1 F4920
G1 X73.026 Y110.974 E1.94242
G1 X73.026 Y109.026 E.05115
G1 X146.974 Y109.026 E1.94242
G1 X146.974 Y110.914 E.04958
G1 X146.558 Y110.558 F18000
G1 F4920
G1 X73.442 Y110.558 E1.92058
G1 X73.442 Y109.442 E.02932
G1 X146.558 Y109.442 E1.92058
G1 X146.558 Y110.498 E.02774
G1 X146.142 Y110.142 F18000
G1 F4920
G1 X73.858 Y110.142 E1.89874
G1 X73.858 Y109.858 E.00748
G1 X146.142 Y109.858 E1.89874
G1 X146.142 Y110.082 E.0059
; stop printing object pogo_receiver_coupon.stl id:0 copy 0
;LAYER_CHANGE
;Z:6.8
;HEIGHT:0.16
G92 E0 ; zero the extruded length again
; BEFORE_LAYER_CHANGE 41 @ 6.8mm
G1 E-1.75 F6000
;WIPE_START
G1 X145.142 Y110.083 E-.75
;WIPE_END
; AFTER_LAYER_CHANGE 41 @ 6.8mm
;_SET_FAN_SPEED_CHANGING_LAYER
; printing object pogo_receiver_coupon.stl id:0 copy 0
G1 F18000
G1 X145.439 Y110.52 Z6.82857
G1 X145.283 Y111.024 Z6.85714
G1 X144.791 Y111.217 Z6.88571
G1 X144.334 Y110.952 Z6.91429
G1 X144.256 Y110.43 Z6.94286
G1 X144.616 Y110.043 Z6.97143
G1 X145.142 Y110.083 Z7
G1 X147.376 Y111.376 Z7
G1 X147.79 Y111.79
G1 Z6.8
G1 E2.5 F6000
M204 P1000
;TYPE:Outer wall
;WIDTH:0.42
G1 F3600
G1 X72.21 Y111.79 E1.84202
G1 X72.21 Y108.21 E.08725
G1 X147.79 Y108.21 E1.84202
G1 X147.79 Y111.73 E.08579
G1 X147.376 Y111.376 F18000
G1 X147.389 Y111.389
M204 P1500
;TYPE:Inner wall
;WIDTH:0.45
G1 F4920
G1 X72.611 Y111.389 E1.96425
G1 X72.611 Y108.611 E.07299
G1 X147.389 Y108.611 E1.96425
G1 X147.389 Y111.329 E.07141
G1 X146.974 Y110.974 F18000
G1 F4920
G1 X73.026 Y110.974 E1.94242
G1 X73.026 Y109.026 E.05115
G1 X146.974 Y109.026 E1.94242
G1 X146.974 Y110.914 E.04958
G1 X146.558 Y110.558 F18000
G1 F4920
G1 X73.442 Y110.558 E1.92058
G1 X73.442 Y109.442 E.02932
G1 X146.558 Y109.442 E1.92058
G1 X146.558 Y110.498 E.02774
G1 X146.142 Y110.142 F18000
G1 F4920
G1 X73.858 Y110.142 E1.89874
G1 X73.858 Y109.858 E.00748
G1 X146.142 Y109.858 E1.89874
G1 X146.142 Y110.082 E.0059
; stop printing object pogo_receiver_coupon.stl id:0 copy 0
;LAYER_CHANGE
;Z:6.96
;HEIGHT:0.16
G92 E0 ; zero the extruded length again
; BEFORE_LAYER_CHANGE 42 @ 6.96mm
G1 E-1.75 F6000
;WIPE_START
G1 X145.142 Y110.083 E-.75
;WIPE_END
; AFTER_LAYER_CHANGE 42 @ 6.96mm
;_SET_FAN_SPEED_CHANGING_LAYER
; printing object pogo_receiver_coupon.stl id:0 copy 0
G1 F18000
G1 X145.439 Y110.52 Z6.98857
G1 X145.283 Y111.024 Z7.01714
G1 X144.791 Y111.217 Z7.04571
G1 X144.334 Y110.952 Z7.07429
G1 X144.256 Y110.43 Z7.10286
G1 X144.616 Y110.043 Z7.13143
G1 X145.142 Y110.083 Z7.16
G1 X147.376 Y111.376 Z7.16
G1 X147.79 Y111.79
G1 Z6.96
G1 E2.5 F6000
M204 P1000
;TYPE:Outer wall
;WIDTH:0.42
G1 F3600
G1 X72.21 Y111.79 E1.84202
G1 X72.21 Y108.21 E.08725
G1 X147.79 Y108.21 E1.84202
G1 X147.79 Y111.73 E.08579
G1 X147.376 Y111.376 F18000
G1 X147.389 Y111.389
M204 P1500
;TYPE:Inner wall
;WIDTH:0.45
G1 F4920
G1 X72.611 Y111.389 E1.96425
G1 X72.611 Y108.611 E.07299
G1 X147.389 Y108.611 E1.96425
G1 X147.389 Y111.329 E.07141
G1 X146.974 Y110.974 F18000
G1 F4920
G1 X73.026 Y110.974 E1.94242
G1 X73.026 Y109.026 E.05115
G1 X146.974 Y109.026 E1.94242
G1 X146.974 Y110.914 E.04958
G1 X146.558 Y110.558 F18000
G1 F4920
G1 X73.442 Y110.558 E1.92058
G1 X73.442 Y109.442 E.02932
G1 X146.558 Y109.442 E1.92058
G1 X146.558 Y110.498 E.02774
G1 X146.142 Y110.142 F18000
G1 F4920
G1 X73.858 Y110.142 E1.89874
G1 X73.858 Y109.858 E.00748
G1 X146.142 Y109.858 E1.89874
G1 X146.142 Y110.082 E.0059
; stop printing object pogo_receiver_coupon.stl id:0 copy 0
;LAYER_CHANGE
;Z:7.12
;HEIGHT:0.16
G92 E0 ; zero the extruded length again
; BEFORE_LAYER_CHANGE 43 @ 7.12mm
G1 E-1.75 F6000
;WIPE_START
G1 X145.142 Y110.083 E-.75
;WIPE_END
; AFTER_LAYER_CHANGE 43 @ 7.12mm
;_SET_FAN_SPEED_CHANGING_LAYER
; printing object pogo_receiver_coupon.stl id:0 copy 0
G1 F18000
G1 X145.439 Y110.52 Z7.14857
G1 X145.283 Y111.024 Z7.17714
G1 X144.791 Y111.217 Z7.20571
G1 X144.334 Y110.952 Z7.23429
G1 X144.256 Y110.43 Z7.26286
G1 X144.616 Y110.043 Z7.29143
G1 X145.142 Y110.083 Z7.32
G1 X147.376 Y111.376 Z7.32
G1 X147.79 Y111.79
G1 Z7.12
G1 E2.5 F6000
M204 P1000
;TYPE:Outer wall
;WIDTH:0.42
G1 F3600
G1 X72.21 Y111.79 E1.84202
G1 X72.21 Y108.21 E.08725
G1 X147.79 Y108.21 E1.84202
G1 X147.79 Y111.73 E.08579
G1 X147.376 Y111.376 F18000
G1 X147.389 Y111.389
M204 P1500
;TYPE:Inner wall
;WIDTH:0.45
G1 F4920
G1 X72.611 Y111.389 E1.96425
G1 X72.611 Y108.611 E.07299
G1 X147.389 Y108.611 E1.96425
G1 X147.389 Y111.329 E.07141
G1 X146.974 Y110.974 F18000
G1 F4920
G1 X73.026 Y110.974 E1.94242
G1 X73.026 Y109.026 E.05115
G1 X146.974 Y109.026 E1.94242
G1 X146.974 Y110.914 E.04958
G1 X146.558 Y110.558 F18000
G1 F4920
G1 X73.442 Y110.558 E1.92058
G1 X73.442 Y109.442 E.02932
G1 X146.558 Y109.442 E1.92058
G1 X146.558 Y110.498 E.02774
G1 X146.142 Y110.142 F18000
G1 F4920
G1 X73.858 Y110.142 E1.89874
G1 X73.858 Y109.858 E.00748
G1 X146.142 Y109.858 E1.89874
G1 X146.142 Y110.082 E.0059
; stop printing object pogo_receiver_coupon.stl id:0 copy 0
;LAYER_CHANGE
;Z:7.28
;HEIGHT:0.16
G92 E0 ; zero the extruded length again
; BEFORE_LAYER_CHANGE 44 @ 7.28mm
G1 E-1.75 F6000
;WIPE_START
G1 X145.142 Y110.083 E-.75
;WIPE_END
; AFTER_LAYER_CHANGE 44 @ 7.28mm
;_SET_FAN_SPEED_CHANGING_LAYER
; printing object pogo_receiver_coupon.stl id:0 copy 0
G1 F18000
G1 X145.439 Y110.52 Z7.30857
G1 X145.283 Y111.024 Z7.33714
G1 X144.791 Y111.217 Z7.36571
G1 X144.334 Y110.952 Z7.39429
G1 X144.256 Y110.43 Z7.42286
G1 X144.616 Y110.043 Z7.45143
G1 X145.142 Y110.083 Z7.48
G1 X147.376 Y111.376 Z7.48
G1 X147.79 Y111.79
G1 Z7.28
G1 E2.5 F6000
M204 P1000
;TYPE:Outer wall
;WIDTH:0.42
G1 F3600
G1 X72.21 Y111.79 E1.84202
G1 X72.21 Y108.21 E.08725
G1 X147.79 Y108.21 E1.84202
G1 X147.79 Y111.73 E.08579
G1 X147.376 Y111.376 F18000
G1 X147.389 Y111.389
M204 P1500
;TYPE:Inner wall
;WIDTH:0.45
G1 F4920
G1 X72.611 Y111.389 E1.96425
G1 X72.611 Y108.611 E.07299
G1 X147.389 Y108.611 E1.96425
G1 X147.389 Y111.329 E.07141
G1 X146.974 Y110.974 F18000
G1 F4920
G1 X73.026 Y110.974 E1.94242
G1 X73.026 Y109.026 E.05115
G1 X146.974 Y109.026 E1.94242
G1 X146.974 Y110.914 E.04958
G1 X146.558 Y110.558 F18000
G1 F4920
G1 X73.442 Y110.558 E1.92058
G1 X73.442 Y109.442 E.02932
G1 X146.558 Y109.442 E1.92058
G1 X146.558 Y110.498 E.02774
G1 X146.142 Y110.142 F18000
G1 F4920
G1 X73.858 Y110.142 E1.89874
G1 X73.858 Y109.858 E.00748
G1 X146.142 Y109.858 E1.89874
G1 X146.142 Y110.082 E.0059
; stop printing object pogo_receiver_coupon.stl id:0 copy 0
;LAYER_CHANGE
;Z:7.44
;HEIGHT:0.16
G92 E0 ; zero the extruded length again
; BEFORE_LAYER_CHANGE 45 @ 7.44mm
G1 E-1.75 F6000
;WIPE_START
G1 X145.142 Y110.083 E-.75
;WIPE_END
; AFTER_LAYER_CHANGE 45 @ 7.44mm
;_SET_FAN_SPEED_CHANGING_LAYER
; printing object pogo_receiver_coupon.stl id:0 copy 0
G1 F18000
G1 X145.439 Y110.52 Z7.46857
G1 X145.283 Y111.024 Z7.49714
G1 X144.791 Y111.217 Z7.52571
G1 X144.334 Y110.952 Z7.55429
G1 X144.256 Y110.43 Z7.58286
G1 X144.616 Y110.043 Z7.61143
G1 X145.142 Y110.083 Z7.64
G1 X147.376 Y111.376 Z7.64
G1 X147.79 Y111.79
G1 Z7.44
G1 E2.5 F6000
M204 P1000
;TYPE:Outer wall
;WIDTH:0.42
G1 F3600
G1 X72.21 Y111.79 E1.84202
G1 X72.21 Y108.21 E.08725
G1 X147.79 Y108.21 E1.84202
G1 X147.79 Y111.73 E.08579
G1 X147.376 Y111.376 F18000
G1 X147.389 Y111.389
M204 P1500
;TYPE:Inner wall
;WIDTH:0.45
G1 F4920
G1 X72.611 Y111.389 E1.96425
G1 X72.611 Y108.611 E.07299
G1 X147.389 Y108.611 E1.96425
G1 X147.389 Y111.329 E.07141
G1 X146.974 Y110.974 F18000
G1 F4920
G1 X73.026 Y110.974 E1.94242
G1 X73.026 Y109.026 E.05115
G1 X146.974 Y109.026 E1.94242
G1 X146.974 Y110.914 E.04958
G1 X146.558 Y110.558 F18000
G1 F4920
G1 X73.442 Y110.558 E1.92058
G1 X73.442 Y109.442 E.02932
G1 X146.558 Y109.442 E1.92058
G1 X146.558 Y110.498 E.02774
G1 X146.142 Y110.142 F18000
G1 F4920
G1 X73.858 Y110.142 E1.89874
G1 X73.858 Y109.858 E.00748
G1 X146.142 Y109.858 E1.89874
G1 X146.142 Y110.082 E.0059
; stop printing object pogo_receiver_coupon.stl id:0 copy 0
;LAYER_CHANGE
;Z:7.6
;HEIGHT:0.16
G92 E0 ; zero the extruded length again
; BEFORE_LAYER_CHANGE 46 @ 7.6mm
G1 E-1.75 F6000
;WIPE_START
G1 X145.142 Y110.083 E-.75
;WIPE_END
; AFTER_LAYER_CHANGE 46 @ 7.6mm
;_SET_FAN_SPEED_CHANGING_LAYER
; printing object pogo_receiver_coupon.stl id:0 copy 0
G1 F18000
G1 X145.439 Y110.52 Z7.62857
G1 X145.283 Y111.024 Z7.65714
G1 X144.791 Y111.217 Z7.68571
G1 X144.334 Y110.952 Z7.71429
G1 X144.256 Y110.43 Z7.74286
G1 X144.616 Y110.043 Z7.77143
G1 X145.142 Y110.083 Z7.8
G1 X147.376 Y111.376 Z7.8
G1 X147.79 Y111.79
G1 Z7.6
G1 E2.5 F6000
M204 P1000
;TYPE:Outer wall
;WIDTH:0.42
G1 F3600
G1 X72.21 Y111.79 E1.84202
G1 X72.21 Y108.21 E.08725
G1 X147.79 Y108.21 E1.84202
G1 X147.79 Y111.73 E.08579
G1 X147.376 Y111.376 F18000
G1 X147.389 Y111.389
M204 P1500
;TYPE:Inner wall
;WIDTH:0.45
G1 F4920
G1 X72.611 Y111.389 E1.96425
G1 X72.611 Y108.611 E.07299
G1 X147.389 Y108.611 E1.96425
G1 X147.389 Y111.329 E.07141
G1 X146.974 Y110.974 F18000
G1 F4920
G1 X73.026 Y110.974 E1.94242
G1 X73.026 Y109.026 E.05115
G1 X146.974 Y109.026 E1.94242
G1 X146.974 Y110.914 E.04958
G1 X146.558 Y110.558 F18000
G1 F4920
G1 X73.442 Y110.558 E1.92058
G1 X73.442 Y109.442 E.02932
G1 X146.558 Y109.442 E1.92058
G1 X146.558 Y110.498 E.02774
G1 X146.142 Y110.142 F18000
G1 F4920
G1 X73.858 Y110.142 E1.89874
G1 X73.858 Y109.858 E.00748
G1 X146.142 Y109.858 E1.89874
G1 X146.142 Y110.082 E.0059
; stop printing object pogo_receiver_coupon.stl id:0 copy 0
;LAYER_CHANGE
;Z:7.76
;HEIGHT:0.16
G92 E0 ; zero the extruded length again
; BEFORE_LAYER_CHANGE 47 @ 7.76mm
G1 E-1.75 F6000
;WIPE_START
G1 X145.142 Y110.083 E-.75
;WIPE_END
; AFTER_LAYER_CHANGE 47 @ 7.76mm
;_SET_FAN_SPEED_CHANGING_LAYER
; printing object pogo_receiver_coupon.stl id:0 copy 0
G1 F18000
G1 X145.439 Y110.52 Z7.78857
G1 X145.283 Y111.024 Z7.81714
G1 X144.791 Y111.217 Z7.84571
G1 X144.334 Y110.952 Z7.87429
G1 X144.256 Y110.43 Z7.90286
G1 X144.616 Y110.043 Z7.93143
G1 X145.142 Y110.083 Z7.96
G1 X147.376 Y111.376 Z7.96
G1 X147.79 Y111.79
G1 Z7.76
G1 E2.5 F6000
M204 P1000
;TYPE:Outer wall
;WIDTH:0.42
G1 F3600
G1 X72.21 Y111.79 E1.84202
G1 X72.21 Y108.21 E.08725
G1 X147.79 Y108.21 E1.84202
G1 X147.79 Y111.73 E.08579
G1 X147.376 Y111.376 F18000
G1 X147.389 Y111.389
M204 P1500
;TYPE:Inner wall
;WIDTH:0.45
G1 F4920
G1 X72.611 Y111.389 E1.96425
G1 X72.611 Y108.611 E.07299
G1 X147.389 Y108.611 E1.96425
G1 X147.389 Y111.329 E.07141
G1 X146.974 Y110.974 F18000
G1 F4920
G1 X73.026 Y110.974 E1.94242
G1 X73.026 Y109.026 E.05115
G1 X146.974 Y109.026 E1.94242
G1 X146.974 Y110.914 E.04958
G1 X146.558 Y110.558 F18000
G1 F4920
G1 X73.442 Y110.558 E1.92058
G1 X73.442 Y109.442 E.02932
G1 X146.558 Y109.442 E1.92058
G1 X146.558 Y110.498 E.02774
G1 X146.142 Y110.142 F18000
G1 F4920
G1 X73.858 Y110.142 E1.89874
G1 X73.858 Y109.858 E.00748
G1 X146.142 Y109.858 E1.89874
G1 X146.142 Y110.082 E.0059
; stop printing object pogo_receiver_coupon.stl id:0 copy 0
;LAYER_CHANGE
;Z:7.92
;HEIGHT:0.16
G92 E0 ; zero the extruded length again
; BEFORE_LAYER_CHANGE 48 @ 7.92mm
G1 E-1.75 F6000
;WIPE_START
G1 X145.142 Y110.083 E-.75
;WIPE_END
; AFTER_LAYER_CHANGE 48 @ 7.92mm
;_SET_FAN_SPEED_CHANGING_LAYER
; printing object pogo_receiver_coupon.stl id:0 copy 0
G1 F18000
G1 X145.439 Y110.52 Z7.94857
G1 X145.283 Y111.024 Z7.97714
G1 X144.791 Y111.217 Z8.00571
G1 X144.334 Y110.952 Z8.03429
G1 X144.256 Y110.43 Z8.06286
G1 X144.616 Y110.043 Z8.09143
G1 X145.142 Y110.083 Z8.12
G1 X147.376 Y111.376 Z8.12
G1 X147.79 Y111.79
G1 Z7.92
G1 E2.5 F6000
M204 P1000
;TYPE:Outer wall
;WIDTH:0.42
G1 F3600
G1 X72.21 Y111.79 E1.84202
G1 X72.21 Y108.21 E.08725
G1 X147.79 Y108.21 E1.84202
G1 X147.79 Y111.73 E.08579
G1 X147.376 Y111.376 F18000
G1 X147.389 Y111.389
M204 P1500
;TYPE:Inner wall
;WIDTH:0.45
G1 F4920
G1 X72.611 Y111.389 E1.96425
G1 X72.611 Y108.611 E.07299
G1 X147.389 Y108.611 E1.96425
G1 X147.389 Y111.329 E.07141
G1 X146.974 Y110.974 F18000
G1 F4920
G1 X73.026 Y110.974 E1.94242
G1 X73.026 Y109.026 E.05115
G1 X146.974 Y109.026 E1.94242
G1 X146.974 Y110.914 E.04958
G1 X146.558 Y110.558 F18000
G1 F4920
G1 X73.442 Y110.558 E1.92058
G1 X73.442 Y109.442 E.02932
G1 X146.558 Y109.442 E1.92058
G1 X146.558 Y110.498 E.02774
G1 X146.142 Y110.142 F18000
G1 F4920
G1 X73.858 Y110.142 E1.89874
G1 X73.858 Y109.858 E.00748
G1 X146.142 Y109.858 E1.89874
G1 X146.142 Y110.082 E.0059
; stop printing object pogo_receiver_coupon.stl id:0 copy 0
;LAYER_CHANGE
;Z:8.08
;HEIGHT:0.16
G92 E0 ; zero the extruded length again
; BEFORE_LAYER_CHANGE 49 @ 8.08mm
G1 E-1.75 F6000
;WIPE_START
G1 X145.142 Y110.083 E-.75
;WIPE_END
; AFTER_LAYER_CHANGE 49 @ 8.08mm
;_SET_FAN_SPEED_CHANGING_LAYER
; printing object pogo_receiver_coupon.stl id:0 copy 0
G1 F18000
G1 X145.439 Y110.52 Z8.10857
G1 X145.283 Y111.024 Z8.13714
G1 X144.791 Y111.217 Z8.16571
G1 X144.334 Y110.952 Z8.19429
G1 X144.256 Y110.43 Z8.22286
G1 X144.616 Y110.043 Z8.25143
G1 X145.142 Y110.083 Z8.28
G1 X147.376 Y111.376 Z8.28
G1 X147.79 Y111.79
G1 Z8.08
G1 E2.5 F6000
M204 P1000
;TYPE:Outer wall
;WIDTH:0.42
G1 F3600
G1 X72.21 Y111.79 E1.84202
G1 X72.21 Y108.21 E.08725
G1 X147.79 Y108.21 E1.84202
G1 X147.79 Y111.73 E.08579
G1 X147.376 Y111.376 F18000
G1 X147.389 Y111.389
M204 P1500
;TYPE:Inner wall
;WIDTH:0.45
G1 F4920
G1 X72.611 Y111.389 E1.96425
G1 X72.611 Y108.611 E.07299
G1 X147.389 Y108.611 E1.96425
G1 X147.389 Y111.329 E.07141
G1 X146.974 Y110.974 F18000
G1 F4920
G1 X73.026 Y110.974 E1.94242
G1 X73.026 Y109.026 E.05115
G1 X146.974 Y109.026 E1.94242
G1 X146.974 Y110.914 E.04958
G1 X146.558 Y110.558 F18000
G1 F4920
G1 X73.442 Y110.558 E1.92058
G1 X73.442 Y109.442 E.02932
G1 X146.558 Y109.442 E1.92058
G1 X146.558 Y110.498 E.02774
G1 X146.142 Y110.142 F18000
G1 F4920
G1 X73.858 Y110.142 E1.89874
G1 X73.858 Y109.858 E.00748
G1 X146.142 Y109.858 E1.89874
G1 X146.142 Y110.082 E.0059
; stop printing object pogo_receiver_coupon.stl id:0 copy 0
;LAYER_CHANGE
;Z:8.24
;HEIGHT:0.16
G92 E0 ; zero the extruded length again
; BEFORE_LAYER_CHANGE 50 @ 8.24mm
G1 E-1.75 F6000
;WIPE_START
G1 X145.142 Y110.083 E-.75
;WIPE_END
; AFTER_LAYER_CHANGE 50 @ 8.24mm
;_SET_FAN_SPEED_CHANGING_LAYER
; printing object pogo_receiver_coupon.stl id:0 copy 0
G1 F18000
G1 X145.439 Y110.52 Z8.26857
G1 X145.283 Y111.024 Z8.29714
G1 X144.791 Y111.217 Z8.32571
G1 X144.334 Y110.952 Z8.35429
G1 X144.256 Y110.43 Z8.38286
G1 X144.616 Y110.043 Z8.41143
G1 X145.142 Y110.083 Z8.44
G1 X147.376 Y111.376 Z8.44
G1 X147.79 Y111.79
G1 Z8.24
G1 E2.5 F6000
M204 P1000
;TYPE:Outer wall
;WIDTH:0.42
G1 F3600
G1 X72.21 Y111.79 E1.84202
G1 X72.21 Y108.21 E.08725
G1 X147.79 Y108.21 E1.84202
G1 X147.79 Y111.73 E.08579
G1 X147.376 Y111.376 F18000
G1 X147.389 Y111.389
M204 P1500
;TYPE:Inner wall
;WIDTH:0.45
G1 F4920
G1 X72.611 Y111.389 E1.96425
G1 X72.611 Y108.611 E.07299
G1 X147.389 Y108.611 E1.96425
G1 X147.389 Y111.329 E.07141
G1 X146.974 Y110.974 F18000
G1 F4920
G1 X73.026 Y110.974 E1.94242
G1 X73.026 Y109.026 E.05115
G1 X146.974 Y109.026 E1.94242
G1 X146.974 Y110.914 E.04958
G1 X146.558 Y110.558 F18000
G1 F4920
G1 X73.442 Y110.558 E1.92058
G1 X73.442 Y109.442 E.02932
G1 X146.558 Y109.442 E1.92058
G1 X146.558 Y110.498 E.02774
G1 X146.142 Y110.142 F18000
G1 F4920
G1 X73.858 Y110.142 E1.89874
G1 X73.858 Y109.858 E.00748
G1 X146.142 Y109.858 E1.89874
G1 X146.142 Y110.082 E.0059
; stop printing object pogo_receiver_coupon.stl id:0 copy 0
;LAYER_CHANGE
;Z:8.4
;HEIGHT:0.16
G92 E0 ; zero the extruded length again
; BEFORE_LAYER_CHANGE 51 @ 8.4mm
G1 E-1.75 F6000
;WIPE_START
G1 X145.142 Y110.083 E-.75
;WIPE_END
; AFTER_LAYER_CHANGE 51 @ 8.4mm
;_SET_FAN_SPEED_CHANGING_LAYER
; printing object pogo_receiver_coupon.stl id:0 copy 0
G1 F18000
G1 X145.439 Y110.52 Z8.42857
G1 X145.283 Y111.024 Z8.45714
G1 X144.791 Y111.217 Z8.48571
G1 X144.334 Y110.952 Z8.51429
G1 X144.256 Y110.43 Z8.54286
G1 X144.616 Y110.043 Z8.57143
G1 X145.142 Y110.083 Z8.6
G1 X147.376 Y111.376 Z8.6
G1 X147.79 Y111.79
G1 Z8.4
G1 E2.5 F6000
M204 P1000
;TYPE:Outer wall
;WIDTH:0.42
G1 F3600
G1 X72.21 Y111.79 E1.84202
G1 X72.21 Y108.21 E.08725
G1 X147.79 Y108.21 E1.84202
G1 X147.79 Y111.73 E.08579
G1 X147.376 Y111.376 F18000
G1 X147.389 Y111.389
M204 P1500
;TYPE:Inner wall
;WIDTH:0.45
G1 F4920
G1 X72.611 Y111.389 E1.96425
G1 X72.611 Y108.611 E.07299
G1 X147.389 Y108.611 E1.96425
G1 X147.389 Y111.329 E.07141
G1 X146.974 Y110.974 F18000
G1 F4920
G1 X73.026 Y110.974 E1.94242
G1 X73.026 Y109.026 E.05115
G1 X146.974 Y109.026 E1.94242
G1 X146.974 Y110.914 E.04958
G1 X146.558 Y110.558 F18000
G1 F4920
G1 X73.442 Y110.558 E1.92058
G1 X73.442 Y109.442 E.02932
G1 X146.558 Y109.442 E1.92058
G1 X146.558 Y110.498 E.02774
G1 X146.142 Y110.142 F18000
G1 F4920
G1 X73.858 Y110.142 E1.89874
G1 X73.858 Y109.858 E.00748
G1 X146.142 Y109.858 E1.89874
G1 X146.142 Y110.082 E.0059
; stop printing object pogo_receiver_coupon.stl id:0 copy 0
;LAYER_CHANGE
;Z:8.56
;HEIGHT:0.160001
G92 E0 ; zero the extruded length again
; BEFORE_LAYER_CHANGE 52 @ 8.56mm
G1 E-1.75 F6000
;WIPE_START
G1 X145.142 Y110.083 E-.75
;WIPE_END
; AFTER_LAYER_CHANGE 52 @ 8.56mm
;_SET_FAN_SPEED_CHANGING_LAYER
; printing object pogo_receiver_coupon.stl id:0 copy 0
G1 F18000
G1 X145.439 Y110.52 Z8.58857
G1 X145.283 Y111.024 Z8.61714
G1 X144.791 Y111.217 Z8.64571
G1 X144.334 Y110.952 Z8.67429
G1 X144.256 Y110.43 Z8.70286
G1 X144.616 Y110.043 Z8.73143
G1 X145.142 Y110.083 Z8.76
G1 X147.376 Y111.376 Z8.76
G1 X147.79 Y111.79
G1 Z8.56
G1 E2.5 F6000
M204 P1000
;TYPE:Outer wall
;WIDTH:0.42
G1 F3600
G1 X72.21 Y111.79 E1.84202
G1 X72.21 Y108.21 E.08725
G1 X147.79 Y108.21 E1.84202
G1 X147.79 Y111.73 E.08579
G1 X147.376 Y111.376 F18000
G1 X147.389 Y111.389
M204 P1500
;TYPE:Inner wall
;WIDTH:0.45
G1 F4920
G1 X72.611 Y111.389 E1.96425
G1 X72.611 Y108.611 E.07299
G1 X147.389 Y108.611 E1.96425
G1 X147.389 Y111.329 E.07141
G1 X146.974 Y110.974 F18000
G1 F4920
G1 X73.026 Y110.974 E1.94242
G1 X73.026 Y109.026 E.05115
G1 X146.974 Y109.026 E1.94242
G1 X146.974 Y110.914 E.04958
G1 X146.558 Y110.558 F18000
G1 F4920
G1 X73.442 Y110.558 E1.92058
G1 X73.442 Y109.442 E.02932
G1 X146.558 Y109.442 E1.92058
G1 X146.558 Y110.498 E.02774
G1 X146.142 Y110.142 F18000
G1 F4920
G1 X73.858 Y110.142 E1.89874
G1 X73.858 Y109.858 E.00748
G1 X146.142 Y109.858 E1.89874
G1 X146.142 Y110.082 E.0059
; stop printing object pogo_receiver_coupon.stl id:0 copy 0
;LAYER_CHANGE
;Z:8.72
;HEIGHT:0.16
G92 E0 ; zero the extruded length again
; BEFORE_LAYER_CHANGE 53 @ 8.72mm
G1 E-1.75 F6000
;WIPE_START
G1 X145.142 Y110.083 E-.75
;WIPE_END
; AFTER_LAYER_CHANGE 53 @ 8.72mm
;_SET_FAN_SPEED_CHANGING_LAYER
; printing object pogo_receiver_coupon.stl id:0 copy 0
G1 F18000
G1 X145.439 Y110.52 Z8.74857
G1 X145.283 Y111.024 Z8.77714
G1 X144.791 Y111.217 Z8.80571
G1 X144.334 Y110.952 Z8.83429
G1 X144.256 Y110.43 Z8.86286
G1 X144.616 Y110.043 Z8.89143
G1 X145.142 Y110.083 Z8.92
G1 X147.376 Y111.376 Z8.92
G1 X147.79 Y111.79
G1 Z8.72
G1 E2.5 F6000
M204 P1000
;TYPE:Outer wall
;WIDTH:0.42
G1 F3600
G1 X72.21 Y111.79 E1.84202
G1 X72.21 Y108.21 E.08725
G1 X147.79 Y108.21 E1.84202
G1 X147.79 Y111.73 E.08579
G1 X147.376 Y111.376 F18000
G1 X147.389 Y111.389
M204 P1500
;TYPE:Inner wall
;WIDTH:0.45
G1 F4920
G1 X72.611 Y111.389 E1.96425
G1 X72.611 Y108.611 E.07299
G1 X147.389 Y108.611 E1.96425
G1 X147.389 Y111.329 E.07141
G1 X146.974 Y110.974 F18000
G1 F4920
G1 X73.026 Y110.974 E1.94242
G1 X73.026 Y109.026 E.05115
G1 X146.974 Y109.026 E1.94242
G1 X146.974 Y110.914 E.04958
G1 X146.558 Y110.558 F18000
G1 F4920
G1 X73.442 Y110.558 E1.92058
G1 X73.442 Y109.442 E.02932
G1 X146.558 Y109.442 E1.92058
G1 X146.558 Y110.498 E.02774
G1 X146.142 Y110.142 F18000
G1 F4920
G1 X73.858 Y110.142 E1.89874
G1 X73.858 Y109.858 E.00748
G1 X146.142 Y109.858 E1.89874
G1 X146.142 Y110.082 E.0059
; stop printing object pogo_receiver_coupon.stl id:0 copy 0
;LAYER_CHANGE
;Z:8.88
;HEIGHT:0.16
G92 E0 ; zero the extruded length again
; BEFORE_LAYER_CHANGE 54 @ 8.88mm
G1 E-1.75 F6000
;WIPE_START
G1 X145.142 Y110.083 E-.75
;WIPE_END
; AFTER_LAYER_CHANGE 54 @ 8.88mm
;_SET_FAN_SPEED_CHANGING_LAYER
; printing object pogo_receiver_coupon.stl id:0 copy 0
G1 F18000
G1 X145.439 Y110.52 Z8.90857
G1 X145.283 Y111.024 Z8.93714
G1 X144.791 Y111.217 Z8.96571
G1 X144.334 Y110.952 Z8.99429
G1 X144.256 Y110.43 Z9.02286
G1 X144.616 Y110.043 Z9.05143
G1 X145.142 Y110.083 Z9.08
G1 X147.376 Y111.376 Z9.08
G1 X147.79 Y111.79
G1 Z8.88
G1 E2.5 F6000
M204 P1000
;TYPE:Outer wall
;WIDTH:0.42
G1 F3600
G1 X72.21 Y111.79 E1.84202
G1 X72.21 Y108.21 E.08725
G1 X147.79 Y108.21 E1.84202
G1 X147.79 Y111.73 E.08579
G1 X147.376 Y111.376 F18000
G1 X147.389 Y111.389
M204 P1500
;TYPE:Inner wall
;WIDTH:0.45
G1 F4920
G1 X72.611 Y111.389 E1.96425
G1 X72.611 Y108.611 E.07299
G1 X147.389 Y108.611 E1.96425
G1 X147.389 Y111.329 E.07141
G1 X146.974 Y110.974 F18000
G1 F4920
G1 X73.026 Y110.974 E1.94242
G1 X73.026 Y109.026 E.05115
G1 X146.974 Y109.026 E1.94242
G1 X146.974 Y110.914 E.04958
G1 X146.558 Y110.558 F18000
G1 F4920
G1 X73.442 Y110.558 E1.92058
G1 X73.442 Y109.442 E.02932
G1 X146.558 Y109.442 E1.92058
G1 X146.558 Y110.498 E.02774
G1 X146.142 Y110.142 F18000
G1 F4920
G1 X73.858 Y110.142 E1.89874
G1 X73.858 Y109.858 E.00748
G1 X146.142 Y109.858 E1.89874
G1 X146.142 Y110.082 E.0059
; stop printing object pogo_receiver_coupon.stl id:0 copy 0
;LAYER_CHANGE
;Z:9.04
;HEIGHT:0.16
G92 E0 ; zero the extruded length again
; BEFORE_LAYER_CHANGE 55 @ 9.04mm
G1 E-1.75 F6000
;WIPE_START
G1 X145.142 Y110.083 E-.75
;WIPE_END
; AFTER_LAYER_CHANGE 55 @ 9.04mm
;_SET_FAN_SPEED_CHANGING_LAYER
; printing object pogo_receiver_coupon.stl id:0 copy 0
G1 F18000
G1 X145.439 Y110.52 Z9.06857
G1 X145.283 Y111.024 Z9.09714
G1 X144.791 Y111.217 Z9.12571
G1 X144.334 Y110.952 Z9.15429
G1 X144.256 Y110.43 Z9.18286
G1 X144.616 Y110.043 Z9.21143
G1 X145.142 Y110.083 Z9.24
G1 X147.376 Y111.376 Z9.24
G1 X147.79 Y111.79
G1 Z9.04
G1 E2.5 F6000
M204 P1000
;TYPE:Outer wall
;WIDTH:0.42
G1 F3600
G1 X72.21 Y111.79 E1.84202
G1 X72.21 Y108.21 E.08725
G1 X147.79 Y108.21 E1.84202
G1 X147.79 Y111.73 E.08579
G1 X147.376 Y111.376 F18000
G1 X147.389 Y111.389
M204 P1500
;TYPE:Inner wall
;WIDTH:0.45
G1 F4920
G1 X72.611 Y111.389 E1.96425
G1 X72.611 Y108.611 E.07299
G1 X147.389 Y108.611 E1.96425
G1 X147.389 Y111.329 E.07141
G1 X146.974 Y110.974 F18000
G1 F4920
G1 X73.026 Y110.974 E1.94242
G1 X73.026 Y109.026 E.05115
G1 X146.974 Y109.026 E1.94242
G1 X146.974 Y110.914 E.04958
G1 X146.558 Y110.558 F18000
G1 F4920
G1 X73.442 Y110.558 E1.92058
G1 X73.442 Y109.442 E.02932
G1 X146.558 Y109.442 E1.92058
G1 X146.558 Y110.498 E.02774
G1 X146.142 Y110.142 F18000
G1 F4920
G1 X73.858 Y110.142 E1.89874
G1 X73.858 Y109.858 E.00748
G1 X146.142 Y109.858 E1.89874
G1 X146.142 Y110.082 E.0059
; stop printing object pogo_receiver_coupon.stl id:0 copy 0
;LAYER_CHANGE
;Z:9.2
;HEIGHT:0.16
G92 E0 ; zero the extruded length again
; BEFORE_LAYER_CHANGE 56 @ 9.2mm
G1 E-1.75 F6000
;WIPE_START
G1 X145.142 Y110.083 E-.75
;WIPE_END
; AFTER_LAYER_CHANGE 56 @ 9.2mm
;_SET_FAN_SPEED_CHANGING_LAYER
; printing object pogo_receiver_coupon.stl id:0 copy 0
G1 F18000
G1 X145.439 Y110.52 Z9.22857
G1 X145.283 Y111.024 Z9.25714
G1 X144.791 Y111.217 Z9.28571
G1 X144.334 Y110.952 Z9.31429
G1 X144.256 Y110.43 Z9.34286
G1 X144.616 Y110.043 Z9.37143
G1 X145.142 Y110.083 Z9.4
G1 X147.376 Y111.376 Z9.4
G1 X147.79 Y111.79
G1 Z9.2
G1 E2.5 F6000
M204 P1000
;TYPE:Outer wall
;WIDTH:0.42
G1 F3600
G1 X72.21 Y111.79 E1.84202
G1 X72.21 Y108.21 E.08725
G1 X147.79 Y108.21 E1.84202
G1 X147.79 Y111.73 E.08579
G1 X147.376 Y111.376 F18000
G1 X147.389 Y111.389
M204 P1500
;TYPE:Inner wall
;WIDTH:0.45
G1 F4920
G1 X72.611 Y111.389 E1.96425
G1 X72.611 Y108.611 E.07299
G1 X147.389 Y108.611 E1.96425
G1 X147.389 Y111.329 E.07141
G1 X146.974 Y110.974 F18000
G1 F4920
G1 X73.026 Y110.974 E1.94242
G1 X73.026 Y109.026 E.05115
G1 X146.974 Y109.026 E1.94242
G1 X146.974 Y110.914 E.04958
G1 X146.558 Y110.558 F18000
G1 F4920
G1 X73.442 Y110.558 E1.92058
G1 X73.442 Y109.442 E.02932
G1 X146.558 Y109.442 E1.92058
G1 X146.558 Y110.498 E.02774
G1 X146.142 Y110.142 F18000
G1 F4920
G1 X73.858 Y110.142 E1.89874
G1 X73.858 Y109.858 E.00748
G1 X146.142 Y109.858 E1.89874
G1 X146.142 Y110.082 E.0059
; stop printing object pogo_receiver_coupon.stl id:0 copy 0
;LAYER_CHANGE
;Z:9.36
;HEIGHT:0.16
G92 E0 ; zero the extruded length again
; BEFORE_LAYER_CHANGE 57 @ 9.36mm
G1 E-1.75 F6000
;WIPE_START
G1 X145.142 Y110.083 E-.75
;WIPE_END
; AFTER_LAYER_CHANGE 57 @ 9.36mm
;_SET_FAN_SPEED_CHANGING_LAYER
; printing object pogo_receiver_coupon.stl id:0 copy 0
G1 F18000
G1 X145.439 Y110.52 Z9.38857
G1 X145.283 Y111.024 Z9.41714
G1 X144.791 Y111.217 Z9.44571
G1 X144.334 Y110.952 Z9.47429
G1 X144.256 Y110.43 Z9.50286
G1 X144.616 Y110.043 Z9.53143
G1 X145.142 Y110.083 Z9.56
G1 X147.376 Y111.376 Z9.56
G1 X147.79 Y111.79
G1 Z9.36
G1 E2.5 F6000
M204 P1000
;TYPE:Outer wall
;WIDTH:0.42
G1 F3600
G1 X72.21 Y111.79 E1.84202
G1 X72.21 Y108.21 E.08725
G1 X147.79 Y108.21 E1.84202
G1 X147.79 Y111.73 E.08579
G1 X147.376 Y111.376 F18000
G1 X147.389 Y111.389
M204 P1500
;TYPE:Inner wall
;WIDTH:0.45
G1 F4920
G1 X72.611 Y111.389 E1.96425
G1 X72.611 Y108.611 E.07299
G1 X147.389 Y108.611 E1.96425
G1 X147.389 Y111.329 E.07141
G1 X146.974 Y110.974 F18000
G1 F4920
G1 X73.026 Y110.974 E1.94242
G1 X73.026 Y109.026 E.05115
G1 X146.974 Y109.026 E1.94242
G1 X146.974 Y110.914 E.04958
G1 X146.558 Y110.558 F18000
G1 F4920
G1 X73.442 Y110.558 E1.92058
G1 X73.442 Y109.442 E.02932
G1 X146.558 Y109.442 E1.92058
G1 X146.558 Y110.498 E.02774
G1 X146.142 Y110.142 F18000
G1 F4920
G1 X73.858 Y110.142 E1.89874
G1 X73.858 Y109.858 E.00748
G1 X146.142 Y109.858 E1.89874
G1 X146.142 Y110.082 E.0059
; stop printing object pogo_receiver_coupon.stl id:0 copy 0
;LAYER_CHANGE
;Z:9.52
;HEIGHT:0.160001
G92 E0 ; zero the extruded length again
; BEFORE_LAYER_CHANGE 58 @ 9.52mm
G1 E-1.75 F6000
;WIPE_START
G1 X145.142 Y110.083 E-.75
;WIPE_END
; AFTER_LAYER_CHANGE 58 @ 9.52mm
;_SET_FAN_SPEED_CHANGING_LAYER
; printing object pogo_receiver_coupon.stl id:0 copy 0
G1 F18000
G1 X145.439 Y110.52 Z9.54857
G1 X145.283 Y111.024 Z9.57714
G1 X144.791 Y111.217 Z9.60571
G1 X144.334 Y110.952 Z9.63429
G1 X144.256 Y110.43 Z9.66286
G1 X144.616 Y110.043 Z9.69143
G1 X145.142 Y110.083 Z9.72
G1 X147.376 Y111.376 Z9.72
G1 X147.79 Y111.79
G1 Z9.52
G1 E2.5 F6000
M204 P1000
;TYPE:Outer wall
;WIDTH:0.42
G1 F3600
G1 X72.21 Y111.79 E1.84202
G1 X72.21 Y108.21 E.08725
G1 X147.79 Y108.21 E1.84202
G1 X147.79 Y111.73 E.08579
G1 X147.376 Y111.376 F18000
G1 X147.389 Y111.389
M204 P1500
;TYPE:Inner wall
;WIDTH:0.45
G1 F4920
G1 X72.611 Y111.389 E1.96425
G1 X72.611 Y108.611 E.07299
G1 X147.389 Y108.611 E1.96425
G1 X147.389 Y111.329 E.07141
G1 X146.974 Y110.974 F18000
G1 F4920
G1 X73.026 Y110.974 E1.94242
G1 X73.026 Y109.026 E.05115
G1 X146.974 Y109.026 E1.94242
G1 X146.974 Y110.914 E.04958
G1 X146.558 Y110.558 F18000
G1 F4920
G1 X73.442 Y110.558 E1.92058
G1 X73.442 Y109.442 E.02932
G1 X146.558 Y109.442 E1.92058
G1 X146.558 Y110.498 E.02774
G1 X146.142 Y110.142 F18000
G1 F4920
G1 X73.858 Y110.142 E1.89874
G1 X73.858 Y109.858 E.00748
G1 X146.142 Y109.858 E1.89874
G1 X146.142 Y110.082 E.0059
; stop printing object pogo_receiver_coupon.stl id:0 copy 0
;LAYER_CHANGE
;Z:9.68
;HEIGHT:0.16
G92 E0 ; zero the extruded length again
; BEFORE_LAYER_CHANGE 59 @ 9.68mm
G1 E-1.75 F6000
;WIPE_START
G1 X145.142 Y110.083 E-.75
;WIPE_END
; AFTER_LAYER_CHANGE 59 @ 9.68mm
;_SET_FAN_SPEED_CHANGING_LAYER
; printing object pogo_receiver_coupon.stl id:0 copy 0
G1 F18000
G1 X145.439 Y110.52 Z9.70857
G1 X145.283 Y111.024 Z9.73714
G1 X144.791 Y111.217 Z9.76571
G1 X144.334 Y110.952 Z9.79429
G1 X144.256 Y110.43 Z9.82286
G1 X144.616 Y110.043 Z9.85143
G1 X145.142 Y110.083 Z9.88
G1 X147.376 Y111.376 Z9.88
G1 X147.79 Y111.79
G1 Z9.68
G1 E2.5 F6000
M204 P1000
;TYPE:Outer wall
;WIDTH:0.42
G1 F3600
G1 X72.21 Y111.79 E1.84202
G1 X72.21 Y108.21 E.08725
G1 X147.79 Y108.21 E1.84202
G1 X147.79 Y111.73 E.08579
G1 X147.376 Y111.376 F18000
G1 X147.389 Y111.389
M204 P1500
;TYPE:Inner wall
;WIDTH:0.45
G1 F4920
G1 X72.611 Y111.389 E1.96425
G1 X72.611 Y108.611 E.07299
G1 X147.389 Y108.611 E1.96425
G1 X147.389 Y111.329 E.07141
G1 X146.974 Y110.974 F18000
G1 F4920
G1 X73.026 Y110.974 E1.94242
G1 X73.026 Y109.026 E.05115
G1 X146.974 Y109.026 E1.94242
G1 X146.974 Y110.914 E.04958
G1 X146.558 Y110.558 F18000
G1 F4920
G1 X73.442 Y110.558 E1.92058
G1 X73.442 Y109.442 E.02932
G1 X146.558 Y109.442 E1.92058
G1 X146.558 Y110.498 E.02774
G1 X146.142 Y110.142 F18000
G1 F4920
G1 X73.858 Y110.142 E1.89874
G1 X73.858 Y109.858 E.00748
G1 X146.142 Y109.858 E1.89874
G1 X146.142 Y110.082 E.0059
; stop printing object pogo_receiver_coupon.stl id:0 copy 0
;LAYER_CHANGE
;Z:9.84
;HEIGHT:0.16
G92 E0 ; zero the extruded length again
; BEFORE_LAYER_CHANGE 60 @ 9.84mm
G1 E-1.75 F6000
;WIPE_START
G1 X145.142 Y110.083 E-.75
;WIPE_END
; AFTER_LAYER_CHANGE 60 @ 9.84mm
;_SET_FAN_SPEED_CHANGING_LAYER
; printing object pogo_receiver_coupon.stl id:0 copy 0
G1 F18000
G1 X145.439 Y110.52 Z9.86857
G1 X145.283 Y111.024 Z9.89714
G1 X144.791 Y111.217 Z9.92571
G1 X144.334 Y110.952 Z9.95429
G1 X144.256 Y110.43 Z9.98286
G1 X144.616 Y110.043 Z10.0114
G1 X145.142 Y110.083 Z10.04
G1 X147.376 Y111.376 Z10.04
G1 X147.79 Y111.79
G1 Z9.84
G1 E2.5 F6000
M204 P1000
;TYPE:Outer wall
;WIDTH:0.42
G1 F3600
G1 X72.21 Y111.79 E1.84202
G1 X72.21 Y108.21 E.08725
G1 X147.79 Y108.21 E1.84202
G1 X147.79 Y111.73 E.08579
G1 X147.376 Y111.376 F18000
G1 X147.389 Y111.389
M204 P1500
;TYPE:Inner wall
;WIDTH:0.45
G1 F4920
G1 X72.611 Y111.389 E1.96425
G1 X72.611 Y108.611 E.07299
G1 X147.389 Y108.611 E1.96425
G1 X147.389 Y111.329 E.07141
G1 X146.974 Y110.974 F18000
G1 F4920
G1 X73.026 Y110.974 E1.94242
G1 X73.026 Y109.026 E.05115
G1 X146.974 Y109.026 E1.94242
G1 X146.974 Y110.914 E.04958
G1 X146.558 Y110.558 F18000
G1 F4920
G1 X73.442 Y110.558 E1.92058
G1 X73.442 Y109.442 E.02932
G1 X146.558 Y109.442 E1.92058
G1 X146.558 Y110.498 E.02774
G1 X146.142 Y110.142 F18000
G1 F4920
G1 X73.858 Y110.142 E1.89874
G1 X73.858 Y109.858 E.00748
G1 X146.142 Y109.858 E1.89874
G1 X146.142 Y110.082 E.0059
; stop printing object pogo_receiver_coupon.stl id:0 copy 0
;LAYER_CHANGE
;Z:10
;HEIGHT:0.16
G92 E0 ; zero the extruded length again
; BEFORE_LAYER_CHANGE 61 @ 10mm
G1 E-1.75 F6000
;WIPE_START
G1 X145.142 Y110.083 E-.75
;WIPE_END
; AFTER_LAYER_CHANGE 61 @ 10mm
;_SET_FAN_SPEED_CHANGING_LAYER
; printing object pogo_receiver_coupon.stl id:0 copy 0
G1 F18000
G1 X145.439 Y110.52 Z10.0286
G1 X145.283 Y111.024 Z10.0571
G1 X144.791 Y111.217 Z10.0857
G1 X144.334 Y110.952 Z10.1143
G1 X144.256 Y110.43 Z10.1429
G1 X144.616 Y110.043 Z10.1714
G1 X145.142 Y110.083 Z10.2
G1 X147.376 Y111.376 Z10.2
G1 X147.79 Y111.79
G1 Z10
G1 E2.5 F6000
M204 P1000
;TYPE:Outer wall
;WIDTH:0.42
G1 F3600
G1 X72.21 Y111.79 E1.84202
G1 X72.21 Y108.21 E.08725
G1 X147.79 Y108.21 E1.84202
G1 X147.79 Y111.73 E.08579
G1 X147.376 Y111.376 F18000
G1 X147.389 Y111.389
M204 P1500
;TYPE:Inner wall
;WIDTH:0.45
G1 F4920
G1 X72.611 Y111.389 E1.96425
G1 X72.611 Y108.611 E.07299
G1 X147.389 Y108.611 E1.96425
G1 X147.389 Y111.329 E.07141
G1 X146.974 Y110.974 F18000
G1 F4920
G1 X73.026 Y110.974 E1.94242
G1 X73.026 Y109.026 E.05115
G1 X146.974 Y109.026 E1.94242
G1 X146.974 Y110.914 E.04958
G1 X146.558 Y110.558 F18000
G1 F4920
G1 X73.442 Y110.558 E1.92058
G1 X73.442 Y109.442 E.02932
G1 X146.558 Y109.442 E1.92058
G1 X146.558 Y110.498 E.02774
G1 X146.142 Y110.142 F18000
G1 F4920
G1 X73.858 Y110.142 E1.89874
G1 X73.858 Y109.858 E.00748
G1 X146.142 Y109.858 E1.89874
G1 X146.142 Y110.082 E.0059
; stop printing object pogo_receiver_coupon.stl id:0 copy 0
;LAYER_CHANGE
;Z:10.16
;HEIGHT:0.16
G92 E0 ; zero the extruded length again
; BEFORE_LAYER_CHANGE 62 @ 10.16mm
G1 E-1.75 F6000
;WIPE_START
G1 X145.142 Y110.083 E-.75
;WIPE_END
; AFTER_LAYER_CHANGE 62 @ 10.16mm
;_SET_FAN_SPEED_CHANGING_LAYER
; printing object pogo_receiver_coupon.stl id:0 copy 0
G1 F18000
G1 X145.439 Y110.52 Z10.1886
G1 X145.283 Y111.024 Z10.2171
G1 X144.791 Y111.217 Z10.2457
G1 X144.334 Y110.952 Z10.2743
G1 X144.256 Y110.43 Z10.3029
G1 X144.616 Y110.043 Z10.3314
G1 X145.142 Y110.083 Z10.36
G1 X147.376 Y111.376 Z10.36
G1 X147.79 Y111.79
G1 Z10.16
G1 E2.5 F6000
M204 P1000
;TYPE:Outer wall
;WIDTH:0.42
G1 F3600
G1 X72.21 Y111.79 E1.84202
G1 X72.21 Y108.21 E.08725
G1 X147.79 Y108.21 E1.84202
G1 X147.79 Y111.73 E.08579
G1 X147.376 Y111.376 F18000
G1 X147.389 Y111.389
M204 P1500
;TYPE:Inner wall
;WIDTH:0.45
G1 F4920
G1 X72.611 Y111.389 E1.96425
G1 X72.611 Y108.611 E.07299
G1 X147.389 Y108.611 E1.96425
G1 X147.389 Y111.329 E.07141
G1 X146.974 Y110.974 F18000
G1 F4920
G1 X73.026 Y110.974 E1.94242
G1 X73.026 Y109.026 E.05115
G1 X146.974 Y109.026 E1.94242
G1 X146.974 Y110.914 E.04958
G1 X146.558 Y110.558 F18000
G1 F4920
G1 X73.442 Y110.558 E1.92058
G1 X73.442 Y109.442 E.02932
G1 X146.558 Y109.442 E1.92058
G1 X146.558 Y110.498 E.02774
G1 X146.142 Y110.142 F18000
G1 F4920
G1 X73.858 Y110.142 E1.89874
G1 X73.858 Y109.858 E.00748
G1 X146.142 Y109.858 E1.89874
G1 X146.142 Y110.082 E.0059
; stop printing object pogo_receiver_coupon.stl id:0 copy 0
;LAYER_CHANGE
;Z:10.32
;HEIGHT:0.16
G92 E0 ; zero the extruded length again
; BEFORE_LAYER_CHANGE 63 @ 10.32mm
G1 E-1.75 F6000
;WIPE_START
G1 X145.142 Y110.083 E-.75
;WIPE_END
; AFTER_LAYER_CHANGE 63 @ 10.32mm
;_SET_FAN_SPEED_CHANGING_LAYER
; printing object pogo_receiver_coupon.stl id:0 copy 0
G1 F18000
G1 X145.439 Y110.52 Z10.3486
G1 X145.283 Y111.024 Z10.3771
G1 X144.791 Y111.217 Z10.4057
G1 X144.334 Y110.952 Z10.4343
G1 X144.256 Y110.43 Z10.4629
G1 X144.616 Y110.043 Z10.4914
G1 X145.142 Y110.083 Z10.52
G1 X147.376 Y111.376 Z10.52
G1 X147.79 Y111.79
G1 Z10.32
G1 E2.5 F6000
M204 P1000
;TYPE:Outer wall
;WIDTH:0.42
G1 F3600
G1 X72.21 Y111.79 E1.84202
G1 X72.21 Y108.21 E.08725
G1 X147.79 Y108.21 E1.84202
G1 X147.79 Y111.73 E.08579
G1 X147.376 Y111.376 F18000
G1 X147.389 Y111.389
M204 P1500
;TYPE:Inner wall
;WIDTH:0.45
G1 F4920
G1 X72.611 Y111.389 E1.96425
G1 X72.611 Y108.611 E.07299
G1 X147.389 Y108.611 E1.96425
G1 X147.389 Y111.329 E.07141
G1 X146.974 Y110.974 F18000
G1 F4920
G1 X73.026 Y110.974 E1.94242
G1 X73.026 Y109.026 E.05115
G1 X146.974 Y109.026 E1.94242
G1 X146.974 Y110.914 E.04958
G1 X146.558 Y110.558 F18000
G1 F4920
G1 X73.442 Y110.558 E1.92058
G1 X73.442 Y109.442 E.02932
G1 X146.558 Y109.442 E1.92058
G1 X146.558 Y110.498 E.02774
G1 X146.142 Y110.142 F18000
G1 F4920
G1 X73.858 Y110.142 E1.89874
G1 X73.858 Y109.858 E.00748
G1 X146.142 Y109.858 E1.89874
G1 X146.142 Y110.082 E.0059
; stop printing object pogo_receiver_coupon.stl id:0 copy 0
;LAYER_CHANGE
;Z:10.48
;HEIGHT:0.16
G92 E0 ; zero the extruded length again
; BEFORE_LAYER_CHANGE 64 @ 10.48mm
G1 E-1.75 F6000
;WIPE_START
G1 X145.142 Y110.083 E-.75
;WIPE_END
; AFTER_LAYER_CHANGE 64 @ 10.48mm
;_SET_FAN_SPEED_CHANGING_LAYER
; printing object pogo_receiver_coupon.stl id:0 copy 0
G1 F18000
G1 X145.439 Y110.52 Z10.5086
G1 X145.283 Y111.024 Z10.5371
G1 X144.791 Y111.217 Z10.5657
G1 X144.334 Y110.952 Z10.5943
G1 X144.256 Y110.43 Z10.6229
G1 X144.616 Y110.043 Z10.6514
G1 X145.142 Y110.083 Z10.68
G1 X147.376 Y111.376 Z10.68
G1 X147.79 Y111.79
G1 Z10.48
G1 E2.5 F6000
M204 P1000
;TYPE:Outer wall
;WIDTH:0.42
G1 F3600
G1 X72.21 Y111.79 E1.84202
G1 X72.21 Y108.21 E.08725
G1 X147.79 Y108.21 E1.84202
G1 X147.79 Y111.73 E.08579
G1 X147.376 Y111.376 F18000
G1 X147.389 Y111.389
M204 P1500
;TYPE:Inner wall
;WIDTH:0.45
G1 F4920
G1 X72.611 Y111.389 E1.96425
G1 X72.611 Y108.611 E.07299
G1 X147.389 Y108.611 E1.96425
G1 X147.389 Y111.329 E.07141
G1 X146.974 Y110.974 F18000
G1 F4920
G1 X73.026 Y110.974 E1.94242
G1 X73.026 Y109.026 E.05115
G1 X146.974 Y109.026 E1.94242
G1 X146.974 Y110.914 E.04958
G1 X146.558 Y110.558 F18000
G1 F4920
G1 X73.442 Y110.558 E1.92058
G1 X73.442 Y109.442 E.02932
G1 X146.558 Y109.442 E1.92058
G1 X146.558 Y110.498 E.02774
G1 X146.142 Y110.142 F18000
G1 F4920
G1 X73.858 Y110.142 E1.89874
G1 X73.858 Y109.858 E.00748
G1 X146.142 Y109.858 E1.89874
G1 X146.142 Y110.082 E.0059
; stop printing object pogo_receiver_coupon.stl id:0 copy 0
;LAYER_CHANGE
;Z:10.64
;HEIGHT:0.160001
G92 E0 ; zero the extruded length again
; BEFORE_LAYER_CHANGE 65 @ 10.64mm
G1 E-1.75 F6000
;WIPE_START
G1 X145.142 Y110.083 E-.75
;WIPE_END
; AFTER_LAYER_CHANGE 65 @ 10.64mm
;_SET_FAN_SPEED_CHANGING_LAYER
; printing object pogo_receiver_coupon.stl id:0 copy 0
G1 F18000
G1 X145.439 Y110.52 Z10.6686
G1 X145.283 Y111.024 Z10.6971
G1 X144.791 Y111.217 Z10.7257
G1 X144.334 Y110.952 Z10.7543
G1 X144.256 Y110.43 Z10.7829
G1 X144.616 Y110.043 Z10.8114
G1 X145.142 Y110.083 Z10.84
G1 X147.376 Y111.376 Z10.84
G1 X147.79 Y111.79
G1 Z10.64
G1 E2.5 F6000
M204 P1000
;TYPE:Outer wall
;WIDTH:0.42
G1 F3600
G1 X72.21 Y111.79 E1.84202
G1 X72.21 Y108.21 E.08725
G1 X147.79 Y108.21 E1.84202
G1 X147.79 Y111.73 E.08579
G1 X147.376 Y111.376 F18000
G1 X147.389 Y111.389
M204 P1500
;TYPE:Inner wall
;WIDTH:0.45
G1 F4920
G1 X72.611 Y111.389 E1.96425
G1 X72.611 Y108.611 E.07299
G1 X147.389 Y108.611 E1.96425
G1 X147.389 Y111.329 E.07141
G1 X146.974 Y110.974 F18000
G1 F4920
G1 X73.026 Y110.974 E1.94242
G1 X73.026 Y109.026 E.05115
G1 X146.974 Y109.026 E1.94242
G1 X146.974 Y110.914 E.04958
G1 X146.558 Y110.558 F18000
G1 F4920
G1 X73.442 Y110.558 E1.92058
G1 X73.442 Y109.442 E.02932
G1 X146.558 Y109.442 E1.92058
G1 X146.558 Y110.498 E.02774
G1 X146.142 Y110.142 F18000
G1 F4920
G1 X73.858 Y110.142 E1.89874
G1 X73.858 Y109.858 E.00748
G1 X146.142 Y109.858 E1.89874
G1 X146.142 Y110.082 E.0059
; stop printing object pogo_receiver_coupon.stl id:0 copy 0
M106 S102
;LAYER_CHANGE
;Z:10.8
;HEIGHT:0.16
G92 E0 ; zero the extruded length again
; BEFORE_LAYER_CHANGE 66 @ 10.8mm
G1 E-1.75 F6000
;WIPE_START
G1 X145.142 Y110.083 E-.75
;WIPE_END
; AFTER_LAYER_CHANGE 66 @ 10.8mm
;_SET_FAN_SPEED_CHANGING_LAYER
; printing object pogo_receiver_coupon.stl id:0 copy 0
G1 F18000
G1 X145.439 Y110.52 Z10.8286
G1 X145.283 Y111.024 Z10.8571
G1 X144.791 Y111.217 Z10.8857
G1 X144.334 Y110.952 Z10.9143
G1 X144.256 Y110.43 Z10.9429
G1 X144.616 Y110.043 Z10.9714
G1 X145.142 Y110.083 Z11
G1 X147.376 Y111.376 Z11
G1 X147.79 Y111.79
G1 Z10.8
G1 E2.5 F6000
M204 P1000
;TYPE:Outer wall
;WIDTH:0.42
G1 F3600
G1 X72.21 Y111.79 E1.84202
G1 X72.21 Y108.21 E.08725
G1 X147.79 Y108.21 E1.84202
G1 X147.79 Y111.73 E.08579
G1 X147.376 Y111.376 F18000
G1 X147.389 Y111.389
M204 P1500
;TYPE:Inner wall
;WIDTH:0.45
G1 F6000
G1 X139.786 Y111.389 E.19973
G1 X139.786 Y108.611 E.07299
G1 X147.389 Y108.611 E.19973
G1 X147.389 Y111.329 E.07141
G1 X146.974 Y110.974 F18000
G1 F6000
G1 X140.201 Y110.974 E.17789
G1 X140.201 Y109.026 E.05115
G1 X146.974 Y109.026 E.17789
G1 X146.974 Y110.914 E.04958
G1 X146.558 Y110.558 F18000
G1 F6000
G1 X140.617 Y110.558 E.15605
G1 X140.617 Y109.442 E.02932
G1 X146.558 Y109.442 E.15605
G1 X146.558 Y110.498 E.02774
G1 X146.142 Y110.142 F18000
G1 F6000
G1 X141.033 Y110.142 E.13421
G1 X141.033 Y109.858 E.00748
G1 X146.142 Y109.858 E.13421
G1 X146.142 Y110.082 E.0059
G1 E-1.75
;WIPE_START
G1 X145.142 Y110.094 E-.75
;WIPE_END
G1 X141.337 Y110.385 Z11 F18000
G1 X128.214 Y111.389 Z11
G1 Z10.8
G1 E2.5 F6000
G1 X72.611 Y111.389 E1.46057
G1 X72.611 Y108.611 E.07299
G1 X128.214 Y108.611 E1.46057
G1 X128.214 Y111.329 E.07141
G1 X127.799 Y110.974 F18000
G1 F6000
G1 X73.026 Y110.974 E1.43873
G1 X73.026 Y109.026 E.05115
G1 X127.799 Y109.026 E1.43873
G1 X127.799 Y110.914 E.04958
G1 X127.383 Y110.558 F18000
G1 F6000
G1 X73.442 Y110.558 E1.41689
G1 X73.442 Y109.442 E.02932
G1 X127.383 Y109.442 E1.41689
G1 X127.383 Y110.498 E.02774
G1 X126.967 Y110.142 F18000
G1 F6000
G1 X73.858 Y110.142 E1.39506
G1 X73.858 Y109.858 E.00748
G1 X126.967 Y109.858 E1.39506
G1 X126.967 Y110.082 E.0059
G1 E-1.75
;WIPE_START
G1 X125.967 Y110.083 E-.75
;WIPE_END
G1 X129.759 Y109.649 Z11 F18000
G1 X139.659 Y108.515 Z11
G1 Z10.8
G1 E2.5 F6000
M204 P1000
;TYPE:Top surface
;WIDTH:0.458671
G1 F1800
G1 X128.515 Y108.515 E.29884
G1 X128.515 Y108.939 E.01138
G1 X139.485 Y108.939 E.29418
G1 X139.485 Y109.364 E.01138
G1 X128.515 Y109.364 E.29418
G1 X128.515 Y109.788 E.01138
G1 X139.485 Y109.788 E.29418
G1 X139.485 Y110.212 E.01138
G1 X128.515 Y110.212 E.29418
G1 X128.515 Y110.637 E.01138
G1 X139.485 Y110.637 E.29418
G1 X139.485 Y111.061 E.01138
G1 X128.515 Y111.061 E.29418
G1 X128.515 Y111.485 E.01138
G1 X139.659 Y111.485 E.29884
G1 E-1.75 F6000
;WIPE_START
G1 F1800
G1 X138.659 Y111.485 E-.75
;WIPE_END
G1 X139.429 Y111.377 Z11 F18000
G1 X139.429 Y108.624
G1 X139.195 Y108.25
G1 Z10.8
G1 E2.5 F6000
M204 P2000
;TYPE:Ironing
;WIDTH:0.401288
;HEIGHT:0.006
G1 F900
G1 X128.85 Y108.25 E.00981
G1 X128.85 Y108.35 E.00009
G1 X139.15 Y108.35 E.00976
G1 X139.15 Y108.45 E.00009
G1 X128.85 Y108.45 E.00976
G1 X128.85 Y108.55 E.00009
G1 X139.15 Y108.55 E.00976
G1 X139.15 Y108.65 E.00009
G1 X128.85 Y108.65 E.00976
G1 X128.85 Y108.75 E.00009
G1 X139.15 Y108.75 E.00976
G1 X139.15 Y108.85 E.00009
G1 X128.85 Y108.85 E.00976
G1 X128.85 Y108.95 E.00009
G1 X139.15 Y108.95 E.00976
G1 X139.15 Y109.05 E.00009
G1 X128.85 Y109.05 E.00976
G1 X128.85 Y109.15 E.00009
G1 X139.15 Y109.15 E.00976
G1 X139.15 Y109.25 E.00009
G1 X128.85 Y109.25 E.00976
G1 X128.85 Y109.35 E.00009
G1 X139.15 Y109.35 E.00976
G1 X139.15 Y109.45 E.00009
G1 X128.85 Y109.45 E.00976
G1 X128.85 Y109.55 E.00009
G1 X139.15 Y109.55 E.00976
G1 X139.15 Y109.65 E.00009
G1 X128.85 Y109.65 E.00976
G1 X128.85 Y109.75 E.00009
G1 X139.15 Y109.75 E.00976
G1 X139.15 Y109.85 E.00009
G1 X128.85 Y109.85 E.00976
G1 X128.85 Y109.95 E.00009
G1 X139.15 Y109.95 E.00976
G1 X139.15 Y110.05 E.00009
G1 X128.85 Y110.05 E.00976
G1 X128.85 Y110.15 E.00009
G1 X139.15 Y110.15 E.00976
G1 X139.15 Y110.25 E.00009
G1 X128.85 Y110.25 E.00976
G1 X128.85 Y110.35 E.00009
G1 X139.15 Y110.35 E.00976
G1 X139.15 Y110.45 E.00009
G1 X128.85 Y110.45 E.00976
G1 X128.85 Y110.55 E.00009
G1 X139.15 Y110.55 E.00976
G1 X139.15 Y110.65 E.00009
G1 X128.85 Y110.65 E.00976
G1 X128.85 Y110.75 E.00009
G1 X139.15 Y110.75 E.00976
G1 X139.15 Y110.85 E.00009
G1 X128.85 Y110.85 E.00976
G1 X128.85 Y110.95 E.00009
G1 X139.15 Y110.95 E.00976
G1 X139.15 Y111.05 E.00009
G1 X128.85 Y111.05 E.00976
G1 X128.85 Y111.15 E.00009
G1 X139.15 Y111.15 E.00976
G1 X139.15 Y111.25 E.00009
G1 X128.85 Y111.25 E.00976
G1 X128.85 Y111.35 E.00009
G1 X139.15 Y111.35 E.00976
G1 X139.15 Y111.45 E.00009
G1 X128.85 Y111.45 E.00976
G1 X128.85 Y111.55 E.00009
G1 X139.15 Y111.55 E.00976
G1 X139.15 Y111.65 E.00009
G1 X128.805 Y111.65 E.00981
; stop printing object pogo_receiver_coupon.stl id:0 copy 0
;LAYER_CHANGE
;Z:10.96
;HEIGHT:0.16
G92 E0 ; zero the extruded length again
; BEFORE_LAYER_CHANGE 67 @ 10.96mm
G1 E-1.75 F6000
;WIPE_START
G1 F900
G1 X129.805 Y111.65 E-.75
;WIPE_END
; AFTER_LAYER_CHANGE 67 @ 10.96mm
;_SET_FAN_SPEED_CHANGING_LAYER
; printing object pogo_receiver_coupon.stl id:0 copy 0
G1 F18000
G1 X130.279 Y111.883 Z10.9886
G1 X130.392 Y112.399 Z11.0171
G1 X130.06 Y112.809 Z11.0457
G1 X129.532 Y112.805 Z11.0743
G1 X129.206 Y112.389 Z11.1029
G1 X129.328 Y111.875 Z11.1314
G1 X129.805 Y111.65 Z11.16
G1 X147.79 Y111.79 Z11.16
G1 Z10.96
G1 E2.5 F6000
M204 P1000
;TYPE:Outer wall
;WIDTH:0.42
G1 F3600
G1 X139.41 Y111.79 E.20424
G1 X139.41 Y108.21 E.08725
G1 X147.79 Y108.21 E.20424
G1 X147.79 Y111.73 E.08579
G1 X147.376 Y111.376 F18000
G1 X147.389 Y111.389
M204 P1500
;TYPE:Inner wall
;WIDTH:0.45
G1 F6000
G1 X139.811 Y111.389 E.19907
G1 X139.811 Y108.611 E.07299
G1 X147.389 Y108.611 E.19907
G1 X147.389 Y111.329 E.07141
G1 X146.974 Y110.974 F18000
G1 F6000
G1 X140.226 Y110.974 E.17724
G1 X140.226 Y109.026 E.05115
G1 X146.974 Y109.026 E.17724
G1 X146.974 Y110.914 E.04958
G1 X146.558 Y110.558 F18000
G1 F6000
G1 X140.642 Y110.558 E.1554
G1 X140.642 Y109.442 E.02932
G1 X146.558 Y109.442 E.1554
G1 X146.558 Y110.498 E.02774
G1 X146.142 Y110.142 F18000
G1 F6000
G1 X141.058 Y110.142 E.13356
G1 X141.058 Y109.858 E.00748
G1 X146.142 Y109.858 E.13356
G1 X146.142 Y110.082 E.0059
G1 E-1.75
;WIPE_START
G1 X145.142 Y110.094 E-.75
;WIPE_END
G1 X141.346 Y110.483 Z11.16 F18000
G1 X139.824 Y110.639 Z11.16
G1 X128.176 Y111.376
G1 X128.59 Y111.79
G1 Z10.96
G1 E2.5 F6000
M204 P1000
;TYPE:Outer wall
;WIDTH:0.42
G1 F3600
G1 X72.21 Y111.79 E1.37408
G1 X72.21 Y108.21 E.08725
G1 X128.59 Y108.21 E1.37408
G1 X128.59 Y111.73 E.08579
G1 E-1.75 F6000
;WIPE_START
G1 F3600
G1 X127.59 Y111.731 E-.75
;WIPE_END
G1 X123.774 Y111.703 Z11.16 F18000
G1 X80.414 Y111.389 Z11.16
G1 Z10.96
G1 E2.5 F6000
M204 P1500
;TYPE:Inner wall
;WIDTH:0.45
G1 X72.611 Y111.389 E.20498
G1 X72.611 Y108.611 E.07299
G1 X80.414 Y108.611 E.20498
G1 X80.414 Y111.329 E.07141
G1 X79.999 Y110.974 F18000
G1 F6000
G1 X73.026 Y110.974 E.18314
G1 X73.026 Y109.026 E.05115
G1 X79.999 Y109.026 E.18314
G1 X79.999 Y110.914 E.04958
G1 X79.583 Y110.558 F18000
G1 F6000
G1 X73.442 Y110.558 E.16131
G1 X73.442 Y109.442 E.02932
G1 X79.583 Y109.442 E.16131
G1 X79.583 Y110.498 E.02774
G1 X79.167 Y110.142 F18000
G1 F6000
G1 X73.858 Y110.142 E.13947
G1 X73.858 Y109.858 E.00748
G1 X79.167 Y109.858 E.13947
G1 X79.167 Y110.082 E.0059
G1 E-1.75
;WIPE_START
G1 X78.167 Y110.094 E-.75
;WIPE_END
G1 X81.982 Y110.192 Z11.16 F18000
G1 X128.189 Y111.389 Z11.16
G1 Z10.96
G1 E2.5 F6000
G1 X115.686 Y111.389 E.32844
G1 X115.686 Y108.611 E.07299
G1 X128.189 Y108.611 E.32844
G1 X128.189 Y111.329 E.07141
G1 X127.774 Y110.974 F18000
G1 F6000
G1 X116.101 Y110.974 E.3066
G1 X116.101 Y109.026 E.05115
G1 X127.774 Y109.026 E.3066
G1 X127.774 Y110.914 E.04958
G1 X127.358 Y110.558 F18000
G1 F6000
G1 X116.517 Y110.558 E.28476
G1 X116.517 Y109.442 E.02932
G1 X127.358 Y109.442 E.28476
G1 X127.358 Y110.498 E.02774
G1 X126.942 Y110.142 F18000
G1 F6000
G1 X116.933 Y110.142 E.26293
G1 X116.933 Y109.858 E.00748
G1 X126.942 Y109.858 E.26293
G1 X126.942 Y110.082 E.0059
G1 E-1.75
;WIPE_START
G1 X125.942 Y110.088 E-.75
;WIPE_END
G1 X122.133 Y110.317 Z11.16 F18000
G1 X104.314 Y111.389 Z11.16
G1 Z10.96
G1 E2.5 F6000
G1 X91.586 Y111.389 E.33434
G1 X91.586 Y108.611 E.07299
G1 X104.314 Y108.611 E.33434
G1 X104.314 Y111.329 E.07141
G1 X103.899 Y110.974 F18000
G1 F6000
G1 X92.001 Y110.974 E.31251
G1 X92.001 Y109.026 E.05115
G1 X103.899 Y109.026 E.31251
G1 X103.899 Y110.914 E.04958
G1 X103.483 Y110.558 F18000
G1 F6000
G1 X92.417 Y110.558 E.29067
G1 X92.417 Y109.442 E.02932
G1 X103.483 Y109.442 E.29067
G1 X103.483 Y110.498 E.02774
G1 X103.067 Y110.142 F18000
G1 F6000
G1 X92.833 Y110.142 E.26883
G1 X92.833 Y109.858 E.00748
G1 X103.067 Y109.858 E.26883
G1 X103.067 Y110.082 E.0059
G1 X91.282 Y111.678 F18000
M204 P1000
;TYPE:Top surface
;WIDTH:0.425634
G1 F1800
G1 X91.282 Y108.495 E.0787
G1 X90.891 Y108.495 E.00968
G1 X90.891 Y111.505 E.07441
G1 X90.5 Y111.505 E.00968
G1 X90.5 Y108.495 E.07441
G1 X90.109 Y108.495 E.00968
G1 X90.109 Y111.505 E.07441
G1 X89.717 Y111.505 E.00968
G1 X89.717 Y108.495 E.07441
G1 X89.326 Y108.495 E.00968
G1 X89.326 Y111.505 E.07441
G1 X88.935 Y111.505 E.00968
G1 X88.935 Y108.495 E.07441
G1 X88.543 Y108.495 E.00968
G1 X88.543 Y111.505 E.07441
G1 X88.152 Y111.505 E.00968
G1 X88.152 Y108.495 E.07441
G1 X87.761 Y108.495 E.00968
G1 X87.761 Y111.505 E.07441
G1 X87.369 Y111.505 E.00968
G1 X87.369 Y108.495 E.07441
G1 X86.978 Y108.495 E.00968
G1 X86.978 Y111.505 E.07441
G1 X86.587 Y111.505 E.00968
G1 X86.587 Y108.495 E.07441
G1 X86.196 Y108.495 E.00968
G1 X86.196 Y111.505 E.07441
G1 X85.804 Y111.505 E.00968
G1 X85.804 Y108.495 E.07441
G1 X85.413 Y108.495 E.00968
G1 X85.413 Y111.505 E.07441
G1 X85.022 Y111.505 E.00968
G1 X85.022 Y108.495 E.07441
G1 X84.63 Y108.495 E.00968
G1 X84.63 Y111.505 E.07441
G1 X84.239 Y111.505 E.00968
G1 X84.239 Y108.495 E.07441
G1 X83.848 Y108.495 E.00968
G1 X83.848 Y111.505 E.07441
G1 X83.457 Y111.505 E.00968
G1 X83.457 Y108.495 E.07441
G1 X83.065 Y108.495 E.00968
G1 X83.065 Y111.505 E.07441
G1 X82.674 Y111.505 E.00968
G1 X82.674 Y108.495 E.07441
G1 X82.283 Y108.495 E.00968
G1 X82.283 Y111.505 E.07441
G1 X81.891 Y111.505 E.00968
G1 X81.891 Y108.495 E.07441
G1 X81.5 Y108.495 E.00968
G1 X81.5 Y111.505 E.07441
G1 X81.109 Y111.505 E.00968
G1 X81.109 Y108.495 E.07441
G1 X80.717 Y108.495 E.00968
G1 X80.717 Y111.678 E.0787
G1 E-1.75 F6000
;WIPE_START
G1 F1800
G1 X80.717 Y110.678 E-.75
;WIPE_END
G1 X84.532 Y110.788 Z11.16 F18000
G1 X115.379 Y111.678 Z11.16
G1 Z10.96
G1 E2.5 F6000
;WIDTH:0.432776
G1 F1800
G1 X115.379 Y108.495 E.08013
G1 X114.98 Y108.495 E.01003
G1 X114.98 Y111.505 E.07577
G1 X114.582 Y111.505 E.01003
G1 X114.582 Y108.495 E.07577
G1 X114.184 Y108.495 E.01003
G1 X114.184 Y111.505 E.07577
G1 X113.785 Y111.505 E.01003
G1 X113.785 Y108.495 E.07577
G1 X113.387 Y108.495 E.01003
G1 X113.387 Y111.505 E.07577
G1 X112.988 Y111.505 E.01003
G1 X112.988 Y108.495 E.07577
G1 X112.59 Y108.495 E.01003
G1 X112.59 Y111.505 E.07577
G1 X112.191 Y111.505 E.01003
G1 X112.191 Y108.495 E.07577
G1 X111.793 Y108.495 E.01003
G1 X111.793 Y111.505 E.07577
G1 X111.395 Y111.505 E.01003
G1 X111.395 Y108.495 E.07577
G1 X110.996 Y108.495 E.01003
G1 X110.996 Y111.505 E.07577
G1 X110.598 Y111.505 E.01003
G1 X110.598 Y108.495 E.07577
G1 X110.199 Y108.495 E.01003
G1 X110.199 Y111.505 E.07577
G1 X109.801 Y111.505 E.01003
G1 X109.801 Y108.495 E.07577
G1 X109.402 Y108.495 E.01003
G1 X109.402 Y111.505 E.07577
G1 X109.004 Y111.505 E.01003
G1 X109.004 Y108.495 E.07577
G1 X108.605 Y108.495 E.01003
G1 X108.605 Y111.505 E.07577
G1 X108.207 Y111.505 E.01003
G1 X108.207 Y108.495 E.07577
G1 X107.809 Y108.495 E.01003
G1 X107.809 Y111.505 E.07577
G1 X107.41 Y111.505 E.01003
G1 X107.41 Y108.495 E.07577
G1 X107.012 Y108.495 E.01003
G1 X107.012 Y111.505 E.07577
G1 X106.613 Y111.505 E.01003
G1 X106.613 Y108.495 E.07577
G1 X106.215 Y108.495 E.01003
G1 X106.215 Y111.505 E.07577
G1 X105.816 Y111.505 E.01003
G1 X105.816 Y108.495 E.07577
G1 X105.418 Y108.495 E.01003
G1 X105.418 Y111.505 E.07577
G1 X105.019 Y111.505 E.01003
G1 X105.019 Y108.495 E.07577
G1 X104.621 Y108.495 E.01003
G1 X104.621 Y111.678 E.08013
G1 E-1.75 F6000
;WIPE_START
G1 F1800
G1 X104.621 Y110.678 E-.75
;WIPE_END
G1 X104.671 Y110.678 Z11.16 F18000
G1 X115.329 Y111.377
G1 X115.05 Y111.795
G1 Z10.96
G1 E2.5 F6000
M204 P2000
;TYPE:Ironing
;WIDTH:0.401288
;HEIGHT:0.006
G1 F900
G1 X115.05 Y108.25 E.00336
G1 X114.95 Y108.25 E.00009
G1 X114.95 Y111.75 E.00332
G1 X114.85 Y111.75 E.00009
G1 X114.85 Y108.25 E.00332
G1 X114.75 Y108.25 E.00009
G1 X114.75 Y111.75 E.00332
G1 X114.65 Y111.75 E.00009
G1 X114.65 Y108.25 E.00332
G1 X114.55 Y108.25 E.00009
G1 X114.55 Y111.75 E.00332
G1 X114.45 Y111.75 E.00009
G1 X114.45 Y108.25 E.00332
G1 X114.35 Y108.25 E.00009
G1 X114.35 Y111.75 E.00332
G1 X114.25 Y111.75 E.00009
G1 X114.25 Y108.25 E.00332
G1 X114.15 Y108.25 E.00009
G1 X114.15 Y111.75 E.00332
G1 X114.05 Y111.75 E.00009
G1 X114.05 Y108.25 E.00332
G1 X113.95 Y108.25 E.00009
G1 X113.95 Y111.75 E.00332
G1 X113.85 Y111.75 E.00009
G1 X113.85 Y108.25 E.00332
G1 X113.75 Y108.25 E.00009
G1 X113.75 Y111.75 E.00332
G1 X113.65 Y111.75 E.00009
G1 X113.65 Y108.25 E.00332
G1 X113.55 Y108.25 E.00009
G1 X113.55 Y111.75 E.00332
G1 X113.45 Y111.75 E.00009
G1 X113.45 Y108.25 E.00332
G1 X113.35 Y108.25 E.00009
G1 X113.35 Y111.75 E.00332
G1 X113.25 Y111.75 E.00009
G1 X113.25 Y108.25 E.00332
G1 X113.15 Y108.25 E.00009
G1 X113.15 Y111.75 E.00332
G1 X113.05 Y111.75 E.00009
G1 X113.05 Y108.25 E.00332
G1 X112.95 Y108.25 E.00009
G1 X112.95 Y111.75 E.00332
G1 X112.85 Y111.75 E.00009
G1 X112.85 Y108.25 E.00332
G1 X112.75 Y108.25 E.00009
G1 X112.75 Y111.75 E.00332
G1 X112.65 Y111.75 E.00009
G1 X112.65 Y108.25 E.00332
G1 X112.55 Y108.25 E.00009
G1 X112.55 Y111.75 E.00332
G1 X112.45 Y111.75 E.00009
G1 X112.45 Y108.25 E.00332
G1 X112.35 Y108.25 E.00009
G1 X112.35 Y111.75 E.00332
G1 X112.25 Y111.75 E.00009
G1 X112.25 Y108.25 E.00332
G1 X112.15 Y108.25 E.00009
G1 X112.15 Y111.75 E.00332
G1 X112.05 Y111.75 E.00009
G1 X112.05 Y108.25 E.00332
G1 X111.95 Y108.25 E.00009
G1 X111.95 Y111.75 E.00332
G1 X111.85 Y111.75 E.00009
G1 X111.85 Y108.25 E.00332
G1 X111.75 Y108.25 E.00009
G1 X111.75 Y111.75 E.00332
G1 X111.65 Y111.75 E.00009
G1 X111.65 Y108.25 E.00332
G1 X111.55 Y108.25 E.00009
G1 X111.55 Y111.75 E.00332
G1 X111.45 Y111.75 E.00009
G1 X111.45 Y108.25 E.00332
G1 X111.35 Y108.25 E.00009
G1 X111.35 Y111.75 E.00332
G1 X111.25 Y111.75 E.00009
G1 X111.25 Y108.25 E.00332
G1 X111.15 Y108.25 E.00009
G1 X111.15 Y111.75 E.00332
G1 X111.05 Y111.75 E.00009
G1 X111.05 Y108.25 E.00332
G1 X110.95 Y108.25 E.00009
G1 X110.95 Y111.75 E.00332
G1 X110.85 Y111.75 E.00009
G1 X110.85 Y108.25 E.00332
G1 X110.75 Y108.25 E.00009
G1 X110.75 Y111.75 E.00332
G1 X110.65 Y111.75 E.00009
G1 X110.65 Y108.25 E.00332
G1 X110.55 Y108.25 E.00009
G1 X110.55 Y111.75 E.00332
G1 X110.45 Y111.75 E.00009
G1 X110.45 Y108.25 E.00332
G1 X110.35 Y108.25 E.00009
G1 X110.35 Y111.75 E.00332
G1 X110.25 Y111.75 E.00009
G1 X110.25 Y108.25 E.00332
G1 X110.15 Y108.25 E.00009
G1 X110.15 Y111.75 E.00332
G1 X110.05 Y111.75 E.00009
G1 X110.05 Y108.25 E.00332
G1 X109.95 Y108.25 E.00009
G1 X109.95 Y111.75 E.00332
G1 X109.85 Y111.75 E.00009
G1 X109.85 Y108.25 E.00332
G1 X109.75 Y108.25 E.00009
G1 X109.75 Y111.75 E.00332
G1 X109.65 Y111.75 E.00009
G1 X109.65 Y108.25 E.00332
G1 X109.55 Y108.25 E.00009
G1 X109.55 Y111.75 E.00332
G1 X109.45 Y111.75 E.00009
G1 X109.45 Y108.25 E.00332
G1 X109.35 Y108.25 E.00009
G1 X109.35 Y111.75 E.00332
G1 X109.25 Y111.75 E.00009
G1 X109.25 Y108.25 E.00332
G1 X109.15 Y108.25 E.00009
G1 X109.15 Y111.75 E.00332
G1 X109.05 Y111.75 E.00009
G1 X109.05 Y108.25 E.00332
G1 X108.95 Y108.25 E.00009
G1 X108.95 Y111.75 E.00332
G1 X108.85 Y111.75 E.00009
G1 X108.85 Y108.25 E.00332
G1 X108.75 Y108.25 E.00009
G1 X108.75 Y111.75 E.00332
G1 X108.65 Y111.75 E.00009
G1 X108.65 Y108.25 E.00332
G1 X108.55 Y108.25 E.00009
G1 X108.55 Y111.75 E.00332
G1 X108.45 Y111.75 E.00009
G1 X108.45 Y108.25 E.00332
G1 X108.35 Y108.25 E.00009
G1 X108.35 Y111.75 E.00332
G1 X108.25 Y111.75 E.00009
G1 X108.25 Y108.25 E.00332
G1 X108.15 Y108.25 E.00009
G1 X108.15 Y111.75 E.00332
G1 X108.05 Y111.75 E.00009
G1 X108.05 Y108.25 E.00332
G1 X107.95 Y108.25 E.00009
G1 X107.95 Y111.75 E.00332
G1 X107.85 Y111.75 E.00009
G1 X107.85 Y108.25 E.00332
G1 X107.75 Y108.25 E.00009
G1 X107.75 Y111.75 E.00332
G1 X107.65 Y111.75 E.00009
G1 X107.65 Y108.25 E.00332
G1 X107.55 Y108.25 E.00009
G1 X107.55 Y111.75 E.00332
G1 X107.45 Y111.75 E.00009
G1 X107.45 Y108.25 E.00332
G1 X107.35 Y108.25 E.00009
G1 X107.35 Y111.75 E.00332
G1 X107.25 Y111.75 E.00009
G1 X107.25 Y108.25 E.00332
G1 X107.15 Y108.25 E.00009
G1 X107.15 Y111.75 E.00332
G1 X107.05 Y111.75 E.00009
G1 X107.05 Y108.25 E.00332
G1 X106.95 Y108.25 E.00009
G1 X106.95 Y111.75 E.00332
G1 X106.85 Y111.75 E.00009
G1 X106.85 Y108.25 E.00332
G1 X106.75 Y108.25 E.00009
G1 X106.75 Y111.75 E.00332
G1 X106.65 Y111.75 E.00009
G1 X106.65 Y108.25 E.00332
G1 X106.55 Y108.25 E.00009
G1 X106.55 Y111.75 E.00332
G1 X106.45 Y111.75 E.00009
G1 X106.45 Y108.25 E.00332
G1 X106.35 Y108.25 E.00009
G1 X106.35 Y111.75 E.00332
G1 X106.25 Y111.75 E.00009
G1 X106.25 Y108.25 E.00332
G1 X106.15 Y108.25 E.00009
G1 X106.15 Y111.75 E.00332
G1 X106.05 Y111.75 E.00009
G1 X106.05 Y108.25 E.00332
G1 X105.95 Y108.25 E.00009
G1 X105.95 Y111.75 E.00332
G1 X105.85 Y111.75 E.00009
G1 X105.85 Y108.25 E.00332
G1 X105.75 Y108.25 E.00009
G1 X105.75 Y111.75 E.00332
G1 X105.65 Y111.75 E.00009
G1 X105.65 Y108.25 E.00332
G1 X105.55 Y108.25 E.00009
G1 X105.55 Y111.75 E.00332
G1 X105.45 Y111.75 E.00009
G1 X105.45 Y108.25 E.00332
G1 X105.35 Y108.25 E.00009
G1 X105.35 Y111.75 E.00332
G1 X105.25 Y111.75 E.00009
G1 X105.25 Y108.25 E.00332
G1 X105.15 Y108.25 E.00009
G1 X105.15 Y111.75 E.00332
G1 X105.05 Y111.75 E.00009
G1 X105.05 Y108.205 E.00336
G1 E-1.75 F6000
;WIPE_START
G1 F900
G1 X105.05 Y109.205 E-.75
;WIPE_END
G1 X104.671 Y109.205 Z11.16 F18000
G1 X91.229 Y111.376
G1 X91.229 Y111.377
G1 X90.95 Y111.795
G1 Z10.96
G1 E2.5 F6000
G1 F900
G1 X90.95 Y108.25 E.00336
G1 X90.85 Y108.25 E.00009
G1 X90.85 Y111.75 E.00332
G1 X90.75 Y111.75 E.00009
G1 X90.75 Y108.25 E.00332
G1 X90.65 Y108.25 E.00009
G1 X90.65 Y111.75 E.00332
G1 X90.55 Y111.75 E.00009
G1 X90.55 Y108.25 E.00332
G1 X90.45 Y108.25 E.00009
G1 X90.45 Y111.75 E.00332
G1 X90.35 Y111.75 E.00009
G1 X90.35 Y108.25 E.00332
G1 X90.25 Y108.25 E.00009
G1 X90.25 Y111.75 E.00332
G1 X90.15 Y111.75 E.00009
G1 X90.15 Y108.25 E.00332
G1 X90.05 Y108.25 E.00009
G1 X90.05 Y111.75 E.00332
G1 X89.95 Y111.75 E.00009
G1 X89.95 Y108.25 E.00332
G1 X89.85 Y108.25 E.00009
G1 X89.85 Y111.75 E.00332
G1 X89.75 Y111.75 E.00009
G1 X89.75 Y108.25 E.00332
G1 X89.65 Y108.25 E.00009
G1 X89.65 Y111.75 E.00332
G1 X89.55 Y111.75 E.00009
G1 X89.55 Y108.25 E.00332
G1 X89.45 Y108.25 E.00009
G1 X89.45 Y111.75 E.00332
G1 X89.35 Y111.75 E.00009
G1 X89.35 Y108.25 E.00332
G1 X89.25 Y108.25 E.00009
G1 X89.25 Y111.75 E.00332
G1 X89.15 Y111.75 E.00009
G1 X89.15 Y108.25 E.00332
G1 X89.05 Y108.25 E.00009
G1 X89.05 Y111.75 E.00332
G1 X88.95 Y111.75 E.00009
G1 X88.95 Y108.25 E.00332
G1 X88.85 Y108.25 E.00009
G1 X88.85 Y111.75 E.00332
G1 X88.75 Y111.75 E.00009
G1 X88.75 Y108.25 E.00332
G1 X88.65 Y108.25 E.00009
G1 X88.65 Y111.75 E.00332
G1 X88.55 Y111.75 E.00009
G1 X88.55 Y108.25 E.00332
G1 X88.45 Y108.25 E.00009
G1 X88.45 Y111.75 E.00332
G1 X88.35 Y111.75 E.00009
G1 X88.35 Y108.25 E.00332
G1 X88.25 Y108.25 E.00009
G1 X88.25 Y111.75 E.00332
G1 X88.15 Y111.75 E.00009
G1 X88.15 Y108.25 E.00332
G1 X88.05 Y108.25 E.00009
G1 X88.05 Y111.75 E.00332
G1 X87.95 Y111.75 E.00009
G1 X87.95 Y108.25 E.00332
G1 X87.85 Y108.25 E.00009
G1 X87.85 Y111.75 E.00332
G1 X87.75 Y111.75 E.00009
G1 X87.75 Y108.25 E.00332
G1 X87.65 Y108.25 E.00009
G1 X87.65 Y111.75 E.00332
G1 X87.55 Y111.75 E.00009
G1 X87.55 Y108.25 E.00332
G1 X87.45 Y108.25 E.00009
G1 X87.45 Y111.75 E.00332
G1 X87.35 Y111.75 E.00009
G1 X87.35 Y108.25 E.00332
G1 X87.25 Y108.25 E.00009
G1 X87.25 Y111.75 E.00332
G1 X87.15 Y111.75 E.00009
G1 X87.15 Y108.25 E.00332
G1 X87.05 Y108.25 E.00009
G1 X87.05 Y111.75 E.00332
G1 X86.95 Y111.75 E.00009
G1 X86.95 Y108.25 E.00332
G1 X86.85 Y108.25 E.00009
G1 X86.85 Y111.75 E.00332
G1 X86.75 Y111.75 E.00009
G1 X86.75 Y108.25 E.00332
G1 X86.65 Y108.25 E.00009
G1 X86.65 Y111.75 E.00332
G1 X86.55 Y111.75 E.00009
G1 X86.55 Y108.25 E.00332
G1 X86.45 Y108.25 E.00009
G1 X86.45 Y111.75 E.00332
G1 X86.35 Y111.75 E.00009
G1 X86.35 Y108.25 E.00332
G1 X86.25 Y108.25 E.00009
G1 X86.25 Y111.75 E.00332
G1 X86.15 Y111.75 E.00009
G1 X86.15 Y108.25 E.00332
G1 X86.05 Y108.25 E.00009
G1 X86.05 Y111.75 E.00332
G1 X85.95 Y111.75 E.00009
G1 X85.95 Y108.25 E.00332
G1 X85.85 Y108.25 E.00009
G1 X85.85 Y111.75 E.00332
G1 X85.75 Y111.75 E.00009
G1 X85.75 Y108.25 E.00332
G1 X85.65 Y108.25 E.00009
G1 X85.65 Y111.75 E.00332
G1 X85.55 Y111.75 E.00009
G1 X85.55 Y108.25 E.00332
G1 X85.45 Y108.25 E.00009
G1 X85.45 Y111.75 E.00332
G1 X85.35 Y111.75 E.00009
G1 X85.35 Y108.25 E.00332
G1 X85.25 Y108.25 E.00009
G1 X85.25 Y111.75 E.00332
G1 X85.15 Y111.75 E.00009
G1 X85.15 Y108.25 E.00332
G1 X85.05 Y108.25 E.00009
G1 X85.05 Y111.75 E.00332
G1 X84.95 Y111.75 E.00009
G1 X84.95 Y108.25 E.00332
G1 X84.85 Y108.25 E.00009
G1 X84.85 Y111.75 E.00332
G1 X84.75 Y111.75 E.00009
G1 X84.75 Y108.25 E.00332
G1 X84.65 Y108.25 E.00009
G1 X84.65 Y111.75 E.00332
G1 X84.55 Y111.75 E.00009
G1 X84.55 Y108.25 E.00332
G1 X84.45 Y108.25 E.00009
G1 X84.45 Y111.75 E.00332
G1 X84.35 Y111.75 E.00009
G1 X84.35 Y108.25 E.00332
G1 X84.25 Y108.25 E.00009
G1 X84.25 Y111.75 E.00332
G1 X84.15 Y111.75 E.00009
G1 X84.15 Y108.25 E.00332
G1 X84.05 Y108.25 E.00009
G1 X84.05 Y111.75 E.00332
G1 X83.95 Y111.75 E.00009
G1 X83.95 Y108.25 E.00332
G1 X83.85 Y108.25 E.00009
G1 X83.85 Y111.75 E.00332
G1 X83.75 Y111.75 E.00009
G1 X83.75 Y108.25 E.00332
G1 X83.65 Y108.25 E.00009
G1 X83.65 Y111.75 E.00332
G1 X83.55 Y111.75 E.00009
G1 X83.55 Y108.25 E.00332
G1 X83.45 Y108.25 E.00009
G1 X83.45 Y111.75 E.00332
G1 X83.35 Y111.75 E.00009
G1 X83.35 Y108.25 E.00332
G1 X83.25 Y108.25 E.00009
G1 X83.25 Y111.75 E.00332
G1 X83.15 Y111.75 E.00009
G1 X83.15 Y108.25 E.00332
G1 X83.05 Y108.25 E.00009
G1 X83.05 Y111.75 E.00332
G1 X82.95 Y111.75 E.00009
G1 X82.95 Y108.25 E.00332
G1 X82.85 Y108.25 E.00009
G1 X82.85 Y111.75 E.00332
G1 X82.75 Y111.75 E.00009
G1 X82.75 Y108.25 E.00332
G1 X82.65 Y108.25 E.00009
G1 X82.65 Y111.75 E.00332
G1 X82.55 Y111.75 E.00009
G1 X82.55 Y108.25 E.00332
G1 X82.45 Y108.25 E.00009
G1 X82.45 Y111.75 E.00332
G1 X82.35 Y111.75 E.00009
G1 X82.35 Y108.25 E.00332
G1 X82.25 Y108.25 E.00009
G1 X82.25 Y111.75 E.00332
G1 X82.15 Y111.75 E.00009
G1 X82.15 Y108.25 E.00332
G1 X82.05 Y108.25 E.00009
G1 X82.05 Y111.75 E.00332
G1 X81.95 Y111.75 E.00009
G1 X81.95 Y108.25 E.00332
G1 X81.85 Y108.25 E.00009
G1 X81.85 Y111.75 E.00332
G1 X81.75 Y111.75 E.00009
G1 X81.75 Y108.25 E.00332
G1 X81.65 Y108.25 E.00009
G1 X81.65 Y111.75 E.00332
G1 X81.55 Y111.75 E.00009
G1 X81.55 Y108.25 E.00332
G1 X81.45 Y108.25 E.00009
G1 X81.45 Y111.75 E.00332
G1 X81.35 Y111.75 E.00009
G1 X81.35 Y108.25 E.00332
G1 X81.25 Y108.25 E.00009
G1 X81.25 Y111.75 E.00332
G1 X81.15 Y111.75 E.00009
G1 X81.15 Y108.205 E.00336
; stop printing object pogo_receiver_coupon.stl id:0 copy 0
M106 S176
;LAYER_CHANGE
;Z:11.12
;HEIGHT:0.16
G92 E0 ; zero the extruded length again
; BEFORE_LAYER_CHANGE 68 @ 11.12mm
G1 E-1.75 F6000
;WIPE_START
G1 F900
G1 X81.15 Y109.205 E-.75
;WIPE_END
; AFTER_LAYER_CHANGE 68 @ 11.12mm
;_SET_FAN_SPEED_CHANGING_LAYER
; printing object pogo_receiver_coupon.stl id:0 copy 0
G1 F18000
G1 X80.6742 Y108.976 Z11.1486
G1 X80.5567 Y108.461 Z11.1771
G1 X80.8859 Y108.048 Z11.2057
G1 X81.414 Y108.048 Z11.2343
G1 X81.7432 Y108.461 Z11.2629
G1 X81.6257 Y108.976 Z11.2914
G1 X81.15 Y109.205 Z11.32
G1 X80.376 Y109.205 Z11.32
G1 X80.376 Y111.376
G1 X80.79 Y111.79
G1 Z11.12
G1 E2.5 F6000
M204 P1000
;TYPE:Outer wall
;WIDTH:0.42
G1 F2894
G1 X72.21 Y111.79 E.20911
G1 X72.21 Y108.21 E.08725
G1 X80.79 Y108.21 E.20911
G1 X80.79 Y111.73 E.08579
G1 X80.376 Y111.376 F18000
G1 X80.389 Y111.389
M204 P1500
;TYPE:Inner wall
;WIDTH:0.45
G1 F2894
G1 X72.611 Y111.389 E.20433
G1 X72.611 Y108.611 E.07299
G1 X80.389 Y108.611 E.20433
G1 X80.389 Y111.329 E.07141
G1 X79.974 Y110.974 F18000
G1 F2894
G1 X73.026 Y110.974 E.18249
G1 X73.026 Y109.026 E.05115
G1 X79.974 Y109.026 E.18249
G1 X79.974 Y110.914 E.04958
G1 X79.558 Y110.558 F18000
G1 F2894
G1 X73.442 Y110.558 E.16065
G1 X73.442 Y109.442 E.02932
G1 X79.558 Y109.442 E.16065
G1 X79.558 Y110.498 E.02774
G1 X79.142 Y110.142 F18000
G1 F2894
G1 X73.858 Y110.142 E.13882
G1 X73.858 Y109.858 E.00748
G1 X79.142 Y109.858 E.13882
G1 X79.142 Y110.082 E.0059
G1 E-1.75 F6000
;WIPE_START
G1 X78.142 Y110.094 E-.75
;WIPE_END
G1 X80.376 Y110.236 Z11.32 F18000
G1 X91.624 Y110.955
G1 X104.276 Y111.376
G1 X104.69 Y111.79
G1 Z11.12
G1 E2.5 F6000
M204 P1000
;TYPE:Outer wall
;WIDTH:0.42
G1 F2894
G1 X91.21 Y111.79 E.32853
G1 X91.21 Y108.21 E.08725
G1 X104.69 Y108.21 E.32853
G1 X104.69 Y111.73 E.08579
G1 X104.276 Y111.376 F18000
G1 X104.289 Y111.389
M204 P1500
;TYPE:Inner wall
;WIDTH:0.45
G1 F2894
G1 X91.611 Y111.389 E.33304
G1 X91.611 Y108.611 E.07299
G1 X104.289 Y108.611 E.33304
G1 X104.289 Y111.329 E.07141
G1 X103.874 Y110.974 F18000
G1 F2894
G1 X92.026 Y110.974 E.3112
G1 X92.026 Y109.026 E.05115
G1 X103.874 Y109.026 E.3112
G1 X103.874 Y110.914 E.04958
G1 X103.458 Y110.558 F18000
G1 F2894
G1 X92.442 Y110.558 E.28936
G1 X92.442 Y109.442 E.02932
G1 X103.458 Y109.442 E.28936
G1 X103.458 Y110.498 E.02774
G1 X103.042 Y110.142 F18000
G1 F2894
G1 X92.858 Y110.142 E.26753
G1 X92.858 Y109.858 E.00748
G1 X103.042 Y109.858 E.26753
G1 X103.042 Y110.082 E.0059
G1 E-1.75 F6000
;WIPE_START
G1 X102.042 Y110.088 E-.75
;WIPE_END
G1 X104.276 Y110.231 Z11.32 F18000
G1 X115.724 Y110.965
G1 X128.176 Y111.376
G1 X128.59 Y111.79
G1 Z11.12
G1 E2.5 F6000
M204 P1000
;TYPE:Outer wall
;WIDTH:0.42
G1 F2894
G1 X115.31 Y111.79 E.32366
G1 X115.31 Y108.21 E.08725
G1 X128.59 Y108.21 E.32366
G1 X128.59 Y111.73 E.08579
G1 X128.176 Y111.376 F18000
G1 X128.189 Y111.389
M204 P1500
;TYPE:Inner wall
;WIDTH:0.45
G1 F2894
G1 X115.711 Y111.389 E.32778
G1 X115.711 Y108.611 E.07299
G1 X128.189 Y108.611 E.32778
G1 X128.189 Y111.329 E.07141
G1 X127.774 Y110.974 F18000
G1 F2894
G1 X116.126 Y110.974 E.30595
G1 X116.126 Y109.026 E.05115
G1 X127.774 Y109.026 E.30595
G1 X127.774 Y110.914 E.04958
G1 X127.358 Y110.558 F18000
G1 F2894
G1 X116.542 Y110.558 E.28411
G1 X116.542 Y109.442 E.02932
G1 X127.358 Y109.442 E.28411
G1 X127.358 Y110.498 E.02774
G1 X126.942 Y110.142 F18000
G1 F2894
G1 X116.958 Y110.142 E.26227
G1 X116.958 Y109.858 E.00748
G1 X126.942 Y109.858 E.26227
G1 X126.942 Y110.082 E.0059
G1 E-1.75 F6000
;WIPE_START
G1 X125.942 Y110.088 E-.75
;WIPE_END
G1 X128.176 Y110.262 Z11.32 F18000
G1 X139.824 Y111.17
G1 X147.376 Y111.376
G1 X147.79 Y111.79
G1 Z11.12
G1 E2.5 F6000
M204 P1000
;TYPE:Outer wall
;WIDTH:0.42
G1 F2894
G1 X139.41 Y111.79 E.20424
G1 X139.41 Y108.21 E.08725
G1 X147.79 Y108.21 E.20424
G1 X147.79 Y111.73 E.08579
G1 X147.376 Y111.376 F18000
G1 X147.389 Y111.389
M204 P1500
;TYPE:Inner wall
;WIDTH:0.45
G1 F2894
G1 X139.811 Y111.389 E.19907
G1 X139.811 Y108.611 E.07299
G1 X147.389 Y108.611 E.19907
G1 X147.389 Y111.329 E.07141
G1 X146.974 Y110.974 F18000
G1 F2894
G1 X140.226 Y110.974 E.17724
G1 X140.226 Y109.026 E.05115
G1 X146.974 Y109.026 E.17724
G1 X146.974 Y110.914 E.04958
G1 X146.558 Y110.558 F18000
G1 F2894
G1 X140.642 Y110.558 E.1554
G1 X140.642 Y109.442 E.02932
G1 X146.558 Y109.442 E.1554
G1 X146.558 Y110.498 E.02774
G1 X146.142 Y110.142 F18000
G1 F2894
G1 X141.058 Y110.142 E.13356
G1 X141.058 Y109.858 E.00748
G1 X146.142 Y109.858 E.13356
G1 X146.142 Y110.082 E.0059
; stop printing object pogo_receiver_coupon.stl id:0 copy 0
;LAYER_CHANGE
;Z:11.28
;HEIGHT:0.16
G92 E0 ; zero the extruded length again
; BEFORE_LAYER_CHANGE 69 @ 11.28mm
G1 E-1.75 F6000
;WIPE_START
G1 X145.142 Y110.094 E-.75
;WIPE_END
; AFTER_LAYER_CHANGE 69 @ 11.28mm
;_SET_FAN_SPEED_CHANGING_LAYER
; printing object pogo_receiver_coupon.stl id:0 copy 0
G1 F18000
G1 X144.661 Y109.878 Z11.3086
G1 X144.53 Y109.366 Z11.3371
G1 X144.848 Y108.945 Z11.3657
G1 X145.376 Y108.931 Z11.3943
G1 X145.716 Y109.335 Z11.4229
G1 X145.612 Y109.853 Z11.4514
G1 X145.142 Y110.094 Z11.48
G1 X139.824 Y110.234 Z11.48
G1 X128.176 Y110.541
G1 X115.724 Y110.869
G1 X104.276 Y111.171
G1 X96.481 Y111.376
G1 X80.376 Y111.376
G1 X80.79 Y111.79
G1 Z11.28
G1 E2.5 F6000
M204 P1000
;TYPE:Outer wall
;WIDTH:0.42
G1 F2894
G1 X72.21 Y111.79 E.20911
G1 X72.21 Y108.21 E.08725
G1 X80.79 Y108.21 E.20911
G1 X80.79 Y111.73 E.08579
G1 X80.376 Y111.376 F18000
G1 X80.389 Y111.389
M204 P1500
;TYPE:Inner wall
;WIDTH:0.45
G1 F2894
G1 X72.611 Y111.389 E.20433
G1 X72.611 Y108.611 E.07299
G1 X80.389 Y108.611 E.20433
G1 X80.389 Y111.329 E.07141
G1 X79.974 Y110.974 F18000
G1 F2894
G1 X73.026 Y110.974 E.18249
G1 X73.026 Y109.026 E.05115
G1 X79.974 Y109.026 E.18249
G1 X79.974 Y110.914 E.04958
G1 X79.558 Y110.558 F18000
G1 F2894
G1 X73.442 Y110.558 E.16065
G1 X73.442 Y109.442 E.02932
G1 X79.558 Y109.442 E.16065
G1 X79.558 Y110.498 E.02774
G1 X79.142 Y110.142 F18000
G1 F2894
G1 X73.858 Y110.142 E.13882
G1 X73.858 Y109.858 E.00748
G1 X79.142 Y109.858 E.13882
G1 X79.142 Y110.082 E.0059
G1 E-1.75 F6000
;WIPE_START
G1 X78.142 Y110.094 E-.75
;WIPE_END
G1 X80.376 Y110.236 Z11.48 F18000
G1 X91.624 Y110.955
G1 X104.276 Y111.376
G1 X104.69 Y111.79
G1 Z11.28
G1 E2.5 F6000
M204 P1000
;TYPE:Outer wall
;WIDTH:0.42
G1 F2894
G1 X91.21 Y111.79 E.32853
G1 X91.21 Y108.21 E.08725
G1 X104.69 Y108.21 E.32853
G1 X104.69 Y111.73 E.08579
G1 X104.276 Y111.376 F18000
G1 X104.289 Y111.389
M204 P1500
;TYPE:Inner wall
;WIDTH:0.45
G1 F2894
G1 X91.611 Y111.389 E.33304
G1 X91.611 Y108.611 E.07299
G1 X104.289 Y108.611 E.33304
G1 X104.289 Y111.329 E.07141
G1 X103.874 Y110.974 F18000
G1 F2894
G1 X92.026 Y110.974 E.3112
G1 X92.026 Y109.026 E.05115
G1 X103.874 Y109.026 E.3112
G1 X103.874 Y110.914 E.04958
G1 X103.458 Y110.558 F18000
G1 F2894
G1 X92.442 Y110.558 E.28936
G1 X92.442 Y109.442 E.02932
G1 X103.458 Y109.442 E.28936
G1 X103.458 Y110.498 E.02774
G1 X103.042 Y110.142 F18000
G1 F2894
G1 X92.858 Y110.142 E.26753
G1 X92.858 Y109.858 E.00748
G1 X103.042 Y109.858 E.26753
G1 X103.042 Y110.082 E.0059
G1 E-1.75 F6000
;WIPE_START
G1 X102.042 Y110.088 E-.75
;WIPE_END
G1 X104.276 Y110.231 Z11.48 F18000
G1 X115.724 Y110.965
G1 X128.176 Y111.376
G1 X128.59 Y111.79
G1 Z11.28
G1 E2.5 F6000
M204 P1000
;TYPE:Outer wall
;WIDTH:0.42
G1 F2894
G1 X115.31 Y111.79 E.32366
G1 X115.31 Y108.21 E.08725
G1 X128.59 Y108.21 E.32366
G1 X128.59 Y111.73 E.08579
G1 X128.176 Y111.376 F18000
G1 X128.189 Y111.389
M204 P1500
;TYPE:Inner wall
;WIDTH:0.45
G1 F2894
G1 X115.711 Y111.389 E.32778
G1 X115.711 Y108.611 E.07299
G1 X128.189 Y108.611 E.32778
G1 X128.189 Y111.329 E.07141
G1 X127.774 Y110.974 F18000
G1 F2894
G1 X116.126 Y110.974 E.30595
G1 X116.126 Y109.026 E.05115
G1 X127.774 Y109.026 E.30595
G1 X127.774 Y110.914 E.04958
G1 X127.358 Y110.558 F18000
G1 F2894
G1 X116.542 Y110.558 E.28411
G1 X116.542 Y109.442 E.02932
G1 X127.358 Y109.442 E.28411
G1 X127.358 Y110.498 E.02774
G1 X126.942 Y110.142 F18000
G1 F2894
G1 X116.958 Y110.142 E.26227
G1 X116.958 Y109.858 E.00748
G1 X126.942 Y109.858 E.26227
G1 X126.942 Y110.082 E.0059
G1 E-1.75 F6000
;WIPE_START
G1 X125.942 Y110.088 E-.75
;WIPE_END
G1 X128.176 Y110.262 Z11.48 F18000
G1 X139.824 Y111.17
G1 X147.376 Y111.376
G1 X147.79 Y111.79
G1 Z11.28
G1 E2.5 F6000
M204 P1000
;TYPE:Outer wall
;WIDTH:0.42
G1 F2894
G1 X139.41 Y111.79 E.20424
G1 X139.41 Y108.21 E.08725
G1 X147.79 Y108.21 E.20424
G1 X147.79 Y111.73 E.08579
G1 X147.376 Y111.376 F18000
G1 X147.389 Y111.389
M204 P1500
;TYPE:Inner wall
;WIDTH:0.45
G1 F2894
G1 X139.811 Y111.389 E.19907
G1 X139.811 Y108.611 E.07299
G1 X147.389 Y108.611 E.19907
G1 X147.389 Y111.329 E.07141
G1 X146.974 Y110.974 F18000
G1 F2894
G1 X140.226 Y110.974 E.17724
G1 X140.226 Y109.026 E.05115
G1 X146.974 Y109.026 E.17724
G1 X146.974 Y110.914 E.04958
G1 X146.558 Y110.558 F18000
G1 F2894
G1 X140.642 Y110.558 E.1554
G1 X140.642 Y109.442 E.02932
G1 X146.558 Y109.442 E.1554
G1 X146.558 Y110.498 E.02774
G1 X146.142 Y110.142 F18000
G1 F2894
G1 X141.058 Y110.142 E.13356
G1 X141.058 Y109.858 E.00748
G1 X146.142 Y109.858 E.13356
G1 X146.142 Y110.082 E.0059
; stop printing object pogo_receiver_coupon.stl id:0 copy 0
;LAYER_CHANGE
;Z:11.44
;HEIGHT:0.16
G92 E0 ; zero the extruded length again
; BEFORE_LAYER_CHANGE 70 @ 11.44mm
G1 E-1.75 F6000
;WIPE_START
G1 X145.142 Y110.094 E-.75
;WIPE_END
; AFTER_LAYER_CHANGE 70 @ 11.44mm
;_SET_FAN_SPEED_CHANGING_LAYER
; printing object pogo_receiver_coupon.stl id:0 copy 0
G1 F18000
G1 X144.661 Y109.878 Z11.4686
G1 X144.53 Y109.366 Z11.4971
G1 X144.848 Y108.945 Z11.5257
G1 X145.376 Y108.931 Z11.5543
G1 X145.716 Y109.335 Z11.5829
G1 X145.612 Y109.853 Z11.6114
G1 X145.142 Y110.094 Z11.64
G1 X139.824 Y110.234 Z11.64
G1 X128.176 Y110.541
G1 X115.724 Y110.869
G1 X104.276 Y111.171
G1 X96.481 Y111.376
G1 X80.376 Y111.376
G1 X80.79 Y111.79
G1 Z11.44
G1 E2.5 F6000
M204 P1000
;TYPE:Outer wall
;WIDTH:0.42
G1 F2894
G1 X72.21 Y111.79 E.20911
G1 X72.21 Y108.21 E.08725
G1 X80.79 Y108.21 E.20911
G1 X80.79 Y111.73 E.08579
G1 X80.376 Y111.376 F18000
G1 X80.389 Y111.389
M204 P1500
;TYPE:Inner wall
;WIDTH:0.45
G1 F2894
G1 X72.611 Y111.389 E.20433
G1 X72.611 Y108.611 E.07299
G1 X80.389 Y108.611 E.20433
G1 X80.389 Y111.329 E.07141
G1 X79.974 Y110.974 F18000
G1 F2894
G1 X73.026 Y110.974 E.18249
G1 X73.026 Y109.026 E.05115
G1 X79.974 Y109.026 E.18249
G1 X79.974 Y110.914 E.04958
G1 X79.558 Y110.558 F18000
G1 F2894
G1 X73.442 Y110.558 E.16065
G1 X73.442 Y109.442 E.02932
G1 X79.558 Y109.442 E.16065
G1 X79.558 Y110.498 E.02774
G1 X79.142 Y110.142 F18000
G1 F2894
G1 X73.858 Y110.142 E.13882
G1 X73.858 Y109.858 E.00748
G1 X79.142 Y109.858 E.13882
G1 X79.142 Y110.082 E.0059
G1 E-1.75 F6000
;WIPE_START
G1 X78.142 Y110.094 E-.75
;WIPE_END
G1 X80.376 Y110.236 Z11.64 F18000
G1 X91.624 Y110.955
G1 X104.276 Y111.376
G1 X104.69 Y111.79
G1 Z11.44
G1 E2.5 F6000
M204 P1000
;TYPE:Outer wall
;WIDTH:0.42
G1 F2894
G1 X91.21 Y111.79 E.32853
G1 X91.21 Y108.21 E.08725
G1 X104.69 Y108.21 E.32853
G1 X104.69 Y111.73 E.08579
G1 X104.276 Y111.376 F18000
G1 X104.289 Y111.389
M204 P1500
;TYPE:Inner wall
;WIDTH:0.45
G1 F2894
G1 X91.611 Y111.389 E.33304
G1 X91.611 Y108.611 E.07299
G1 X104.289 Y108.611 E.33304
G1 X104.289 Y111.329 E.07141
G1 X103.874 Y110.974 F18000
G1 F2894
G1 X92.026 Y110.974 E.3112
G1 X92.026 Y109.026 E.05115
G1 X103.874 Y109.026 E.3112
G1 X103.874 Y110.914 E.04958
G1 X103.458 Y110.558 F18000
G1 F2894
G1 X92.442 Y110.558 E.28936
G1 X92.442 Y109.442 E.02932
G1 X103.458 Y109.442 E.28936
G1 X103.458 Y110.498 E.02774
G1 X103.042 Y110.142 F18000
G1 F2894
G1 X92.858 Y110.142 E.26753
G1 X92.858 Y109.858 E.00748
G1 X103.042 Y109.858 E.26753
G1 X103.042 Y110.082 E.0059
G1 E-1.75 F6000
;WIPE_START
G1 X102.042 Y110.088 E-.75
;WIPE_END
G1 X104.276 Y110.231 Z11.64 F18000
G1 X115.724 Y110.965
G1 X128.176 Y111.376
G1 X128.59 Y111.79
G1 Z11.44
G1 E2.5 F6000
M204 P1000
;TYPE:Outer wall
;WIDTH:0.42
G1 F2894
G1 X115.31 Y111.79 E.32366
G1 X115.31 Y108.21 E.08725
G1 X128.59 Y108.21 E.32366
G1 X128.59 Y111.73 E.08579
G1 X128.176 Y111.376 F18000
G1 X128.189 Y111.389
M204 P1500
;TYPE:Inner wall
;WIDTH:0.45
G1 F2894
G1 X115.711 Y111.389 E.32778
G1 X115.711 Y108.611 E.07299
G1 X128.189 Y108.611 E.32778
G1 X128.189 Y111.329 E.07141
G1 X127.774 Y110.974 F18000
G1 F2894
G1 X116.126 Y110.974 E.30595
G1 X116.126 Y109.026 E.05115
G1 X127.774 Y109.026 E.30595
G1 X127.774 Y110.914 E.04958
G1 X127.358 Y110.558 F18000
G1 F2894
G1 X116.542 Y110.558 E.28411
G1 X116.542 Y109.442 E.02932
G1 X127.358 Y109.442 E.28411
G1 X127.358 Y110.498 E.02774
G1 X126.942 Y110.142 F18000
G1 F2894
G1 X116.958 Y110.142 E.26227
G1 X116.958 Y109.858 E.00748
G1 X126.942 Y109.858 E.26227
G1 X126.942 Y110.082 E.0059
G1 E-1.75 F6000
;WIPE_START
G1 X125.942 Y110.088 E-.75
;WIPE_END
G1 X128.176 Y110.262 Z11.64 F18000
G1 X139.824 Y111.17
G1 X147.376 Y111.376
G1 X147.79 Y111.79
G1 Z11.44
G1 E2.5 F6000
M204 P1000
;TYPE:Outer wall
;WIDTH:0.42
G1 F2894
G1 X139.41 Y111.79 E.20424
G1 X139.41 Y108.21 E.08725
G1 X147.79 Y108.21 E.20424
G1 X147.79 Y111.73 E.08579
G1 X147.376 Y111.376 F18000
G1 X147.389 Y111.389
M204 P1500
;TYPE:Inner wall
;WIDTH:0.45
G1 F2894
G1 X139.811 Y111.389 E.19907
G1 X139.811 Y108.611 E.07299
G1 X147.389 Y108.611 E.19907
G1 X147.389 Y111.329 E.07141
G1 X146.974 Y110.974 F18000
G1 F2894
G1 X140.226 Y110.974 E.17724
G1 X140.226 Y109.026 E.05115
G1 X146.974 Y109.026 E.17724
G1 X146.974 Y110.914 E.04958
G1 X146.558 Y110.558 F18000
G1 F2894
G1 X140.642 Y110.558 E.1554
G1 X140.642 Y109.442 E.02932
G1 X146.558 Y109.442 E.1554
G1 X146.558 Y110.498 E.02774
G1 X146.142 Y110.142 F18000
G1 F2894
G1 X141.058 Y110.142 E.13356
G1 X141.058 Y109.858 E.00748
G1 X146.142 Y109.858 E.13356
G1 X146.142 Y110.082 E.0059
; stop printing object pogo_receiver_coupon.stl id:0 copy 0
;LAYER_CHANGE
;Z:11.6
;HEIGHT:0.160001
G92 E0 ; zero the extruded length again
; BEFORE_LAYER_CHANGE 71 @ 11.6mm
G1 E-1.75 F6000
;WIPE_START
G1 X145.142 Y110.094 E-.75
;WIPE_END
; AFTER_LAYER_CHANGE 71 @ 11.6mm
;_SET_FAN_SPEED_CHANGING_LAYER
; printing object pogo_receiver_coupon.stl id:0 copy 0
G1 F18000
G1 X144.661 Y109.878 Z11.6286
G1 X144.53 Y109.366 Z11.6571
G1 X144.848 Y108.945 Z11.6857
G1 X145.376 Y108.931 Z11.7143
G1 X145.716 Y109.335 Z11.7429
G1 X145.612 Y109.853 Z11.7714
G1 X145.142 Y110.094 Z11.8
G1 X139.824 Y110.234 Z11.8
G1 X128.176 Y110.541
G1 X115.724 Y110.869
G1 X104.276 Y111.171
G1 X96.481 Y111.376
G1 X80.376 Y111.376
G1 X80.79 Y111.79
G1 Z11.6
G1 E2.5 F6000
M204 P1000
;TYPE:Outer wall
;WIDTH:0.42
G1 F2894
G1 X72.21 Y111.79 E.20911
G1 X72.21 Y108.21 E.08725
G1 X80.79 Y108.21 E.20911
G1 X80.79 Y111.73 E.08579
G1 X80.376 Y111.376 F18000
G1 X80.389 Y111.389
M204 P1500
;TYPE:Inner wall
;WIDTH:0.45
G1 F2894
G1 X72.611 Y111.389 E.20433
G1 X72.611 Y108.611 E.07299
G1 X80.389 Y108.611 E.20433
G1 X80.389 Y111.329 E.07141
G1 X79.974 Y110.974 F18000
G1 F2894
G1 X73.026 Y110.974 E.18249
G1 X73.026 Y109.026 E.05115
G1 X79.974 Y109.026 E.18249
G1 X79.974 Y110.914 E.04958
G1 X79.558 Y110.558 F18000
G1 F2894
G1 X73.442 Y110.558 E.16065
G1 X73.442 Y109.442 E.02932
G1 X79.558 Y109.442 E.16065
G1 X79.558 Y110.498 E.02774
G1 X79.142 Y110.142 F18000
G1 F2894
G1 X73.858 Y110.142 E.13882
G1 X73.858 Y109.858 E.00748
G1 X79.142 Y109.858 E.13882
G1 X79.142 Y110.082 E.0059
G1 E-1.75 F6000
;WIPE_START
G1 X78.142 Y110.094 E-.75
;WIPE_END
G1 X80.376 Y110.236 Z11.8 F18000
G1 X91.624 Y110.955
G1 X104.276 Y111.376
G1 X104.69 Y111.79
G1 Z11.6
G1 E2.5 F6000
M204 P1000
;TYPE:Outer wall
;WIDTH:0.42
G1 F2894
G1 X91.21 Y111.79 E.32853
G1 X91.21 Y108.21 E.08725
G1 X104.69 Y108.21 E.32853
G1 X104.69 Y111.73 E.08579
G1 X104.276 Y111.376 F18000
G1 X104.289 Y111.389
M204 P1500
;TYPE:Inner wall
;WIDTH:0.45
G1 F2894
G1 X91.611 Y111.389 E.33304
G1 X91.611 Y108.611 E.07299
G1 X104.289 Y108.611 E.33304
G1 X104.289 Y111.329 E.07141
G1 X103.874 Y110.974 F18000
G1 F2894
G1 X92.026 Y110.974 E.3112
G1 X92.026 Y109.026 E.05115
G1 X103.874 Y109.026 E.3112
G1 X103.874 Y110.914 E.04958
G1 X103.458 Y110.558 F18000
G1 F2894
G1 X92.442 Y110.558 E.28936
G1 X92.442 Y109.442 E.02932
G1 X103.458 Y109.442 E.28936
G1 X103.458 Y110.498 E.02774
G1 X103.042 Y110.142 F18000
G1 F2894
G1 X92.858 Y110.142 E.26753
G1 X92.858 Y109.858 E.00748
G1 X103.042 Y109.858 E.26753
G1 X103.042 Y110.082 E.0059
G1 E-1.75 F6000
;WIPE_START
G1 X102.042 Y110.088 E-.75
;WIPE_END
G1 X104.276 Y110.231 Z11.8 F18000
G1 X115.724 Y110.965
G1 X128.176 Y111.376
G1 X128.59 Y111.79
G1 Z11.6
G1 E2.5 F6000
M204 P1000
;TYPE:Outer wall
;WIDTH:0.42
G1 F2894
G1 X115.31 Y111.79 E.32366
G1 X115.31 Y108.21 E.08725
G1 X128.59 Y108.21 E.32366
G1 X128.59 Y111.73 E.08579
G1 X128.176 Y111.376 F18000
G1 X128.189 Y111.389
M204 P1500
;TYPE:Inner wall
;WIDTH:0.45
G1 F2894
G1 X115.711 Y111.389 E.32778
G1 X115.711 Y108.611 E.07299
G1 X128.189 Y108.611 E.32778
G1 X128.189 Y111.329 E.07141
G1 X127.774 Y110.974 F18000
G1 F2894
G1 X116.126 Y110.974 E.30595
G1 X116.126 Y109.026 E.05115
G1 X127.774 Y109.026 E.30595
G1 X127.774 Y110.914 E.04958
G1 X127.358 Y110.558 F18000
G1 F2894
G1 X116.542 Y110.558 E.28411
G1 X116.542 Y109.442 E.02932
G1 X127.358 Y109.442 E.28411
G1 X127.358 Y110.498 E.02774
G1 X126.942 Y110.142 F18000
G1 F2894
G1 X116.958 Y110.142 E.26227
G1 X116.958 Y109.858 E.00748
G1 X126.942 Y109.858 E.26227
G1 X126.942 Y110.082 E.0059
G1 E-1.75 F6000
;WIPE_START
G1 X125.942 Y110.088 E-.75
;WIPE_END
G1 X128.176 Y110.262 Z11.8 F18000
G1 X139.824 Y111.17
G1 X147.376 Y111.376
G1 X147.79 Y111.79
G1 Z11.6
G1 E2.5 F6000
M204 P1000
;TYPE:Outer wall
;WIDTH:0.42
G1 F2894
G1 X139.41 Y111.79 E.20424
G1 X139.41 Y108.21 E.08725
G1 X147.79 Y108.21 E.20424
G1 X147.79 Y111.73 E.08579
G1 X147.376 Y111.376 F18000
G1 X147.389 Y111.389
M204 P1500
;TYPE:Inner wall
;WIDTH:0.45
G1 F2894
G1 X139.811 Y111.389 E.19907
G1 X139.811 Y108.611 E.07299
G1 X147.389 Y108.611 E.19907
G1 X147.389 Y111.329 E.07141
G1 X146.974 Y110.974 F18000
G1 F2894
G1 X140.226 Y110.974 E.17724
G1 X140.226 Y109.026 E.05115
G1 X146.974 Y109.026 E.17724
G1 X146.974 Y110.914 E.04958
G1 X146.558 Y110.558 F18000
G1 F2894
G1 X140.642 Y110.558 E.1554
G1 X140.642 Y109.442 E.02932
G1 X146.558 Y109.442 E.1554
G1 X146.558 Y110.498 E.02774
G1 X146.142 Y110.142 F18000
G1 F2894
G1 X141.058 Y110.142 E.13356
G1 X141.058 Y109.858 E.00748
G1 X146.142 Y109.858 E.13356
G1 X146.142 Y110.082 E.0059
; stop printing object pogo_receiver_coupon.stl id:0 copy 0
;LAYER_CHANGE
;Z:11.76
;HEIGHT:0.16
G92 E0 ; zero the extruded length again
; BEFORE_LAYER_CHANGE 72 @ 11.76mm
G1 E-1.75 F6000
;WIPE_START
G1 X145.142 Y110.094 E-.75
;WIPE_END
; AFTER_LAYER_CHANGE 72 @ 11.76mm
;_SET_FAN_SPEED_CHANGING_LAYER
; printing object pogo_receiver_coupon.stl id:0 copy 0
G1 F18000
G1 X144.661 Y109.878 Z11.7886
G1 X144.53 Y109.366 Z11.8171
G1 X144.848 Y108.945 Z11.8457
G1 X145.376 Y108.931 Z11.8743
G1 X145.716 Y109.335 Z11.9029
G1 X145.612 Y109.853 Z11.9314
G1 X145.142 Y110.094 Z11.96
G1 X139.824 Y110.234 Z11.96
G1 X128.176 Y110.541
G1 X115.724 Y110.869
G1 X104.276 Y111.171
G1 X96.481 Y111.376
G1 X80.376 Y111.376
G1 X80.79 Y111.79
G1 Z11.76
G1 E2.5 F6000
M204 P1000
;TYPE:Outer wall
;WIDTH:0.42
G1 F2894
G1 X72.21 Y111.79 E.20911
G1 X72.21 Y108.21 E.08725
G1 X80.79 Y108.21 E.20911
G1 X80.79 Y111.73 E.08579
G1 X80.376 Y111.376 F18000
G1 X80.389 Y111.389
M204 P1500
;TYPE:Inner wall
;WIDTH:0.45
G1 F2894
G1 X72.611 Y111.389 E.20433
G1 X72.611 Y108.611 E.07299
G1 X80.389 Y108.611 E.20433
G1 X80.389 Y111.329 E.07141
G1 X79.974 Y110.974 F18000
G1 F2894
G1 X73.026 Y110.974 E.18249
G1 X73.026 Y109.026 E.05115
G1 X79.974 Y109.026 E.18249
G1 X79.974 Y110.914 E.04958
G1 X79.558 Y110.558 F18000
G1 F2894
G1 X73.442 Y110.558 E.16065
G1 X73.442 Y109.442 E.02932
G1 X79.558 Y109.442 E.16065
G1 X79.558 Y110.498 E.02774
G1 X79.142 Y110.142 F18000
G1 F2894
G1 X73.858 Y110.142 E.13882
G1 X73.858 Y109.858 E.00748
G1 X79.142 Y109.858 E.13882
G1 X79.142 Y110.082 E.0059
G1 E-1.75 F6000
;WIPE_START
G1 X78.142 Y110.094 E-.75
;WIPE_END
G1 X80.376 Y110.236 Z11.96 F18000
G1 X91.624 Y110.955
G1 X104.276 Y111.376
G1 X104.69 Y111.79
G1 Z11.76
G1 E2.5 F6000
M204 P1000
;TYPE:Outer wall
;WIDTH:0.42
G1 F2894
G1 X91.21 Y111.79 E.32853
G1 X91.21 Y108.21 E.08725
G1 X104.69 Y108.21 E.32853
G1 X104.69 Y111.73 E.08579
G1 X104.276 Y111.376 F18000
G1 X104.289 Y111.389
M204 P1500
;TYPE:Inner wall
;WIDTH:0.45
G1 F2894
G1 X91.611 Y111.389 E.33304
G1 X91.611 Y108.611 E.07299
G1 X104.289 Y108.611 E.33304
G1 X104.289 Y111.329 E.07141
G1 X103.874 Y110.974 F18000
G1 F2894
G1 X92.026 Y110.974 E.3112
G1 X92.026 Y109.026 E.05115
G1 X103.874 Y109.026 E.3112
G1 X103.874 Y110.914 E.04958
G1 X103.458 Y110.558 F18000
G1 F2894
G1 X92.442 Y110.558 E.28936
G1 X92.442 Y109.442 E.02932
G1 X103.458 Y109.442 E.28936
G1 X103.458 Y110.498 E.02774
G1 X103.042 Y110.142 F18000
G1 F2894
G1 X92.858 Y110.142 E.26753
G1 X92.858 Y109.858 E.00748
G1 X103.042 Y109.858 E.26753
G1 X103.042 Y110.082 E.0059
G1 E-1.75 F6000
;WIPE_START
G1 X102.042 Y110.088 E-.75
;WIPE_END
G1 X104.276 Y110.231 Z11.96 F18000
G1 X115.724 Y110.965
G1 X128.176 Y111.376
G1 X128.59 Y111.79
G1 Z11.76
G1 E2.5 F6000
M204 P1000
;TYPE:Outer wall
;WIDTH:0.42
G1 F2894
G1 X115.31 Y111.79 E.32366
G1 X115.31 Y108.21 E.08725
G1 X128.59 Y108.21 E.32366
G1 X128.59 Y111.73 E.08579
G1 X128.176 Y111.376 F18000
G1 X128.189 Y111.389
M204 P1500
;TYPE:Inner wall
;WIDTH:0.45
G1 F2894
G1 X115.711 Y111.389 E.32778
G1 X115.711 Y108.611 E.07299
G1 X128.189 Y108.611 E.32778
G1 X128.189 Y111.329 E.07141
G1 X127.774 Y110.974 F18000
G1 F2894
G1 X116.126 Y110.974 E.30595
G1 X116.126 Y109.026 E.05115
G1 X127.774 Y109.026 E.30595
G1 X127.774 Y110.914 E.04958
G1 X127.358 Y110.558 F18000
G1 F2894
G1 X116.542 Y110.558 E.28411
G1 X116.542 Y109.442 E.02932
G1 X127.358 Y109.442 E.28411
G1 X127.358 Y110.498 E.02774
G1 X126.942 Y110.142 F18000
G1 F2894
G1 X116.958 Y110.142 E.26227
G1 X116.958 Y109.858 E.00748
G1 X126.942 Y109.858 E.26227
G1 X126.942 Y110.082 E.0059
G1 E-1.75 F6000
;WIPE_START
G1 X125.942 Y110.088 E-.75
;WIPE_END
G1 X128.176 Y110.262 Z11.96 F18000
G1 X139.824 Y111.17
G1 X147.376 Y111.376
G1 X147.79 Y111.79
G1 Z11.76
G1 E2.5 F6000
M204 P1000
;TYPE:Outer wall
;WIDTH:0.42
G1 F2894
G1 X139.41 Y111.79 E.20424
G1 X139.41 Y108.21 E.08725
G1 X147.79 Y108.21 E.20424
G1 X147.79 Y111.73 E.08579
G1 X147.376 Y111.376 F18000
G1 X147.389 Y111.389
M204 P1500
;TYPE:Inner wall
;WIDTH:0.45
G1 F2894
G1 X139.811 Y111.389 E.19907
G1 X139.811 Y108.611 E.07299
G1 X147.389 Y108.611 E.19907
G1 X147.389 Y111.329 E.07141
G1 X146.974 Y110.974 F18000
G1 F2894
G1 X140.226 Y110.974 E.17724
G1 X140.226 Y109.026 E.05115
G1 X146.974 Y109.026 E.17724
G1 X146.974 Y110.914 E.04958
G1 X146.558 Y110.558 F18000
G1 F2894
G1 X140.642 Y110.558 E.1554
G1 X140.642 Y109.442 E.02932
G1 X146.558 Y109.442 E.1554
G1 X146.558 Y110.498 E.02774
G1 X146.142 Y110.142 F18000
G1 F2894
G1 X141.058 Y110.142 E.13356
G1 X141.058 Y109.858 E.00748
G1 X146.142 Y109.858 E.13356
G1 X146.142 Y110.082 E.0059
; stop printing object pogo_receiver_coupon.stl id:0 copy 0
;LAYER_CHANGE
;Z:11.92
;HEIGHT:0.16
G92 E0 ; zero the extruded length again
; BEFORE_LAYER_CHANGE 73 @ 11.92mm
G1 E-1.75 F6000
;WIPE_START
G1 X145.142 Y110.094 E-.75
;WIPE_END
; AFTER_LAYER_CHANGE 73 @ 11.92mm
;_SET_FAN_SPEED_CHANGING_LAYER
; printing object pogo_receiver_coupon.stl id:0 copy 0
G1 F18000
G1 X144.661 Y109.878 Z11.9486
G1 X144.53 Y109.366 Z11.9771
G1 X144.848 Y108.945 Z12.0057
G1 X145.376 Y108.931 Z12.0343
G1 X145.716 Y109.335 Z12.0629
G1 X145.612 Y109.853 Z12.0914
G1 X145.142 Y110.094 Z12.12
G1 X139.824 Y110.234 Z12.12
G1 X128.176 Y110.541
G1 X115.724 Y110.869
G1 X104.276 Y111.171
G1 X96.481 Y111.376
G1 X80.376 Y111.376
G1 X80.79 Y111.79
G1 Z11.92
G1 E2.5 F6000
M204 P1000
;TYPE:Outer wall
;WIDTH:0.42
G1 F2894
G1 X72.21 Y111.79 E.20911
G1 X72.21 Y108.21 E.08725
G1 X80.79 Y108.21 E.20911
G1 X80.79 Y111.73 E.08579
G1 X80.376 Y111.376 F18000
G1 X80.389 Y111.389
M204 P1500
;TYPE:Inner wall
;WIDTH:0.45
G1 F2894
G1 X72.611 Y111.389 E.20433
G1 X72.611 Y108.611 E.07299
G1 X80.389 Y108.611 E.20433
G1 X80.389 Y111.329 E.07141
G1 X79.974 Y110.974 F18000
G1 F2894
G1 X73.026 Y110.974 E.18249
G1 X73.026 Y109.026 E.05115
G1 X79.974 Y109.026 E.18249
G1 X79.974 Y110.914 E.04958
G1 X79.558 Y110.558 F18000
G1 F2894
G1 X73.442 Y110.558 E.16065
G1 X73.442 Y109.442 E.02932
G1 X79.558 Y109.442 E.16065
G1 X79.558 Y110.498 E.02774
G1 X79.142 Y110.142 F18000
G1 F2894
G1 X73.858 Y110.142 E.13882
G1 X73.858 Y109.858 E.00748
G1 X79.142 Y109.858 E.13882
G1 X79.142 Y110.082 E.0059
G1 E-1.75 F6000
;WIPE_START
G1 X78.142 Y110.094 E-.75
;WIPE_END
G1 X80.376 Y110.236 Z12.12 F18000
G1 X91.624 Y110.955
G1 X104.276 Y111.376
G1 X104.69 Y111.79
G1 Z11.92
G1 E2.5 F6000
M204 P1000
;TYPE:Outer wall
;WIDTH:0.42
G1 F2894
G1 X91.21 Y111.79 E.32853
G1 X91.21 Y108.21 E.08725
G1 X104.69 Y108.21 E.32853
G1 X104.69 Y111.73 E.08579
G1 X104.276 Y111.376 F18000
G1 X104.289 Y111.389
M204 P1500
;TYPE:Inner wall
;WIDTH:0.45
G1 F2894
G1 X91.611 Y111.389 E.33304
G1 X91.611 Y108.611 E.07299
G1 X104.289 Y108.611 E.33304
G1 X104.289 Y111.329 E.07141
G1 X103.874 Y110.974 F18000
G1 F2894
G1 X92.026 Y110.974 E.3112
G1 X92.026 Y109.026 E.05115
G1 X103.874 Y109.026 E.3112
G1 X103.874 Y110.914 E.04958
G1 X103.458 Y110.558 F18000
G1 F2894
G1 X92.442 Y110.558 E.28936
G1 X92.442 Y109.442 E.02932
G1 X103.458 Y109.442 E.28936
G1 X103.458 Y110.498 E.02774
G1 X103.042 Y110.142 F18000
G1 F2894
G1 X92.858 Y110.142 E.26753
G1 X92.858 Y109.858 E.00748
G1 X103.042 Y109.858 E.26753
G1 X103.042 Y110.082 E.0059
G1 E-1.75 F6000
;WIPE_START
G1 X102.042 Y110.088 E-.75
;WIPE_END
G1 X104.276 Y110.231 Z12.12 F18000
G1 X115.724 Y110.965
G1 X128.176 Y111.376
G1 X128.59 Y111.79
G1 Z11.92
G1 E2.5 F6000
M204 P1000
;TYPE:Outer wall
;WIDTH:0.42
G1 F2894
G1 X115.31 Y111.79 E.32366
G1 X115.31 Y108.21 E.08725
G1 X128.59 Y108.21 E.32366
G1 X128.59 Y111.73 E.08579
G1 X128.176 Y111.376 F18000
G1 X128.189 Y111.389
M204 P1500
;TYPE:Inner wall
;WIDTH:0.45
G1 F2894
G1 X115.711 Y111.389 E.32778
G1 X115.711 Y108.611 E.07299
G1 X128.189 Y108.611 E.32778
G1 X128.189 Y111.329 E.07141
G1 X127.774 Y110.974 F18000
G1 F2894
G1 X116.126 Y110.974 E.30595
G1 X116.126 Y109.026 E.05115
G1 X127.774 Y109.026 E.30595
G1 X127.774 Y110.914 E.04958
G1 X127.358 Y110.558 F18000
G1 F2894
G1 X116.542 Y110.558 E.28411
G1 X116.542 Y109.442 E.02932
G1 X127.358 Y109.442 E.28411
G1 X127.358 Y110.498 E.02774
G1 X126.942 Y110.142 F18000
G1 F2894
G1 X116.958 Y110.142 E.26227
G1 X116.958 Y109.858 E.00748
G1 X126.942 Y109.858 E.26227
G1 X126.942 Y110.082 E.0059
G1 E-1.75 F6000
;WIPE_START
G1 X125.942 Y110.088 E-.75
;WIPE_END
G1 X128.176 Y110.262 Z12.12 F18000
G1 X139.824 Y111.17
G1 X147.376 Y111.376
G1 X147.79 Y111.79
G1 Z11.92
G1 E2.5 F6000
M204 P1000
;TYPE:Outer wall
;WIDTH:0.42
G1 F2894
G1 X139.41 Y111.79 E.20424
G1 X139.41 Y108.21 E.08725
G1 X147.79 Y108.21 E.20424
G1 X147.79 Y111.73 E.08579
G1 X147.376 Y111.376 F18000
G1 X147.389 Y111.389
M204 P1500
;TYPE:Inner wall
;WIDTH:0.45
G1 F2894
G1 X139.811 Y111.389 E.19907
G1 X139.811 Y108.611 E.07299
G1 X147.389 Y108.611 E.19907
G1 X147.389 Y111.329 E.07141
G1 X146.974 Y110.974 F18000
G1 F2894
G1 X140.226 Y110.974 E.17724
G1 X140.226 Y109.026 E.05115
G1 X146.974 Y109.026 E.17724
G1 X146.974 Y110.914 E.04958
G1 X146.558 Y110.558 F18000
G1 F2894
G1 X140.642 Y110.558 E.1554
G1 X140.642 Y109.442 E.02932
G1 X146.558 Y109.442 E.1554
G1 X146.558 Y110.498 E.02774
G1 X146.142 Y110.142 F18000
G1 F2894
G1 X141.058 Y110.142 E.13356
G1 X141.058 Y109.858 E.00748
G1 X146.142 Y109.858 E.13356
G1 X146.142 Y110.082 E.0059
; stop printing object pogo_receiver_coupon.stl id:0 copy 0
;LAYER_CHANGE
;Z:12.08
;HEIGHT:0.16
G92 E0 ; zero the extruded length again
; BEFORE_LAYER_CHANGE 74 @ 12.08mm
G1 E-1.75 F6000
;WIPE_START
G1 X145.142 Y110.094 E-.75
;WIPE_END
; AFTER_LAYER_CHANGE 74 @ 12.08mm
;_SET_FAN_SPEED_CHANGING_LAYER
; printing object pogo_receiver_coupon.stl id:0 copy 0
G1 F18000
G1 X144.661 Y109.878 Z12.1086
G1 X144.53 Y109.366 Z12.1371
G1 X144.848 Y108.945 Z12.1657
G1 X145.376 Y108.931 Z12.1943
G1 X145.716 Y109.335 Z12.2229
G1 X145.612 Y109.853 Z12.2514
G1 X145.142 Y110.094 Z12.28
G1 X139.824 Y110.234 Z12.28
G1 X128.176 Y110.541
G1 X115.724 Y110.869
G1 X104.276 Y111.171
G1 X96.481 Y111.376
G1 X80.376 Y111.376
G1 X80.79 Y111.79
G1 Z12.08
G1 E2.5 F6000
M204 P1000
;TYPE:Outer wall
;WIDTH:0.42
G1 F2894
G1 X72.21 Y111.79 E.20911
G1 X72.21 Y108.21 E.08725
G1 X80.79 Y108.21 E.20911
G1 X80.79 Y111.73 E.08579
G1 X80.376 Y111.376 F18000
G1 X80.389 Y111.389
M204 P1500
;TYPE:Inner wall
;WIDTH:0.45
G1 F2894
G1 X72.611 Y111.389 E.20433
G1 X72.611 Y108.611 E.07299
G1 X80.389 Y108.611 E.20433
G1 X80.389 Y111.329 E.07141
G1 X79.974 Y110.974 F18000
G1 F2894
G1 X73.026 Y110.974 E.18249
G1 X73.026 Y109.026 E.05115
G1 X79.974 Y109.026 E.18249
G1 X79.974 Y110.914 E.04958
G1 X79.558 Y110.558 F18000
G1 F2894
G1 X73.442 Y110.558 E.16065
G1 X73.442 Y109.442 E.02932
G1 X79.558 Y109.442 E.16065
G1 X79.558 Y110.498 E.02774
G1 X79.142 Y110.142 F18000
G1 F2894
G1 X73.858 Y110.142 E.13882
G1 X73.858 Y109.858 E.00748
G1 X79.142 Y109.858 E.13882
G1 X79.142 Y110.082 E.0059
G1 E-1.75 F6000
;WIPE_START
G1 X78.142 Y110.094 E-.75
;WIPE_END
G1 X80.376 Y110.236 Z12.28 F18000
G1 X91.624 Y110.955
G1 X104.276 Y111.376
G1 X104.69 Y111.79
G1 Z12.08
G1 E2.5 F6000
M204 P1000
;TYPE:Outer wall
;WIDTH:0.42
G1 F2894
G1 X91.21 Y111.79 E.32853
G1 X91.21 Y108.21 E.08725
G1 X104.69 Y108.21 E.32853
G1 X104.69 Y111.73 E.08579
G1 X104.276 Y111.376 F18000
G1 X104.289 Y111.389
M204 P1500
;TYPE:Inner wall
;WIDTH:0.45
G1 F2894
G1 X91.611 Y111.389 E.33304
G1 X91.611 Y108.611 E.07299
G1 X104.289 Y108.611 E.33304
G1 X104.289 Y111.329 E.07141
G1 X103.874 Y110.974 F18000
G1 F2894
G1 X92.026 Y110.974 E.3112
G1 X92.026 Y109.026 E.05115
G1 X103.874 Y109.026 E.3112
G1 X103.874 Y110.914 E.04958
G1 X103.458 Y110.558 F18000
G1 F2894
G1 X92.442 Y110.558 E.28936
G1 X92.442 Y109.442 E.02932
G1 X103.458 Y109.442 E.28936
G1 X103.458 Y110.498 E.02774
G1 X103.042 Y110.142 F18000
G1 F2894
G1 X92.858 Y110.142 E.26753
G1 X92.858 Y109.858 E.00748
G1 X103.042 Y109.858 E.26753
G1 X103.042 Y110.082 E.0059
G1 E-1.75 F6000
;WIPE_START
G1 X102.042 Y110.088 E-.75
;WIPE_END
G1 X104.276 Y110.231 Z12.28 F18000
G1 X115.724 Y110.965
G1 X128.176 Y111.376
G1 X128.59 Y111.79
G1 Z12.08
G1 E2.5 F6000
M204 P1000
;TYPE:Outer wall
;WIDTH:0.42
G1 F2894
G1 X115.31 Y111.79 E.32366
G1 X115.31 Y108.21 E.08725
G1 X128.59 Y108.21 E.32366
G1 X128.59 Y111.73 E.08579
G1 X128.176 Y111.376 F18000
G1 X128.189 Y111.389
M204 P1500
;TYPE:Inner wall
;WIDTH:0.45
G1 F2894
G1 X115.711 Y111.389 E.32778
G1 X115.711 Y108.611 E.07299
G1 X128.189 Y108.611 E.32778
G1 X128.189 Y111.329 E.07141
G1 X127.774 Y110.974 F18000
G1 F2894
G1 X116.126 Y110.974 E.30595
G1 X116.126 Y109.026 E.05115
G1 X127.774 Y109.026 E.30595
G1 X127.774 Y110.914 E.04958
G1 X127.358 Y110.558 F18000
G1 F2894
G1 X116.542 Y110.558 E.28411
G1 X116.542 Y109.442 E.02932
G1 X127.358 Y109.442 E.28411
G1 X127.358 Y110.498 E.02774
G1 X126.942 Y110.142 F18000
G1 F2894
G1 X116.958 Y110.142 E.26227
G1 X116.958 Y109.858 E.00748
G1 X126.942 Y109.858 E.26227
G1 X126.942 Y110.082 E.0059
G1 E-1.75 F6000
;WIPE_START
G1 X125.942 Y110.088 E-.75
;WIPE_END
G1 X128.176 Y110.262 Z12.28 F18000
G1 X139.824 Y111.17
G1 X147.376 Y111.376
G1 X147.79 Y111.79
G1 Z12.08
G1 E2.5 F6000
M204 P1000
;TYPE:Outer wall
;WIDTH:0.42
G1 F2894
G1 X139.41 Y111.79 E.20424
G1 X139.41 Y108.21 E.08725
G1 X147.79 Y108.21 E.20424
G1 X147.79 Y111.73 E.08579
G1 X147.376 Y111.376 F18000
G1 X147.389 Y111.389
M204 P1500
;TYPE:Inner wall
;WIDTH:0.45
G1 F2894
G1 X139.811 Y111.389 E.19907
G1 X139.811 Y108.611 E.07299
G1 X147.389 Y108.611 E.19907
G1 X147.389 Y111.329 E.07141
G1 X146.974 Y110.974 F18000
G1 F2894
G1 X140.226 Y110.974 E.17724
G1 X140.226 Y109.026 E.05115
G1 X146.974 Y109.026 E.17724
G1 X146.974 Y110.914 E.04958
G1 X146.558 Y110.558 F18000
G1 F2894
G1 X140.642 Y110.558 E.1554
G1 X140.642 Y109.442 E.02932
G1 X146.558 Y109.442 E.1554
G1 X146.558 Y110.498 E.02774
G1 X146.142 Y110.142 F18000
G1 F2894
G1 X141.058 Y110.142 E.13356
G1 X141.058 Y109.858 E.00748
G1 X146.142 Y109.858 E.13356
G1 X146.142 Y110.082 E.0059
; stop printing object pogo_receiver_coupon.stl id:0 copy 0
;LAYER_CHANGE
;Z:12.24
;HEIGHT:0.16
G92 E0 ; zero the extruded length again
; BEFORE_LAYER_CHANGE 75 @ 12.24mm
G1 E-1.75 F6000
;WIPE_START
G1 X145.142 Y110.094 E-.75
;WIPE_END
; AFTER_LAYER_CHANGE 75 @ 12.24mm
;_SET_FAN_SPEED_CHANGING_LAYER
; printing object pogo_receiver_coupon.stl id:0 copy 0
G1 F18000
G1 X144.661 Y109.878 Z12.2686
G1 X144.53 Y109.366 Z12.2971
G1 X144.848 Y108.945 Z12.3257
G1 X145.376 Y108.931 Z12.3543
G1 X145.716 Y109.335 Z12.3829
G1 X145.612 Y109.853 Z12.4114
G1 X145.142 Y110.094 Z12.44
G1 X139.824 Y110.234 Z12.44
G1 X128.176 Y110.541
G1 X115.724 Y110.869
G1 X104.276 Y111.171
G1 X96.481 Y111.376
G1 X80.376 Y111.376
G1 X80.79 Y111.79
G1 Z12.24
G1 E2.5 F6000
M204 P1000
;TYPE:Outer wall
;WIDTH:0.42
G1 F2894
G1 X72.21 Y111.79 E.20911
G1 X72.21 Y108.21 E.08725
G1 X80.79 Y108.21 E.20911
G1 X80.79 Y111.73 E.08579
G1 X80.376 Y111.376 F18000
G1 X80.389 Y111.389
M204 P1500
;TYPE:Inner wall
;WIDTH:0.45
G1 F2894
G1 X72.611 Y111.389 E.20433
G1 X72.611 Y108.611 E.07299
G1 X80.389 Y108.611 E.20433
G1 X80.389 Y111.329 E.07141
G1 X79.974 Y110.974 F18000
G1 F2894
G1 X73.026 Y110.974 E.18249
G1 X73.026 Y109.026 E.05115
G1 X79.974 Y109.026 E.18249
G1 X79.974 Y110.914 E.04958
G1 X79.558 Y110.558 F18000
G1 F2894
G1 X73.442 Y110.558 E.16065
G1 X73.442 Y109.442 E.02932
G1 X79.558 Y109.442 E.16065
G1 X79.558 Y110.498 E.02774
G1 X79.142 Y110.142 F18000
G1 F2894
G1 X73.858 Y110.142 E.13882
G1 X73.858 Y109.858 E.00748
G1 X79.142 Y109.858 E.13882
G1 X79.142 Y110.082 E.0059
G1 E-1.75 F6000
;WIPE_START
G1 X78.142 Y110.094 E-.75
;WIPE_END
G1 X80.376 Y110.236 Z12.44 F18000
G1 X91.624 Y110.955
G1 X104.276 Y111.376
G1 X104.69 Y111.79
G1 Z12.24
G1 E2.5 F6000
M204 P1000
;TYPE:Outer wall
;WIDTH:0.42
G1 F2894
G1 X91.21 Y111.79 E.32853
G1 X91.21 Y108.21 E.08725
G1 X104.69 Y108.21 E.32853
G1 X104.69 Y111.73 E.08579
G1 X104.276 Y111.376 F18000
G1 X104.289 Y111.389
M204 P1500
;TYPE:Inner wall
;WIDTH:0.45
G1 F2894
G1 X91.611 Y111.389 E.33304
G1 X91.611 Y108.611 E.07299
G1 X104.289 Y108.611 E.33304
G1 X104.289 Y111.329 E.07141
G1 X103.874 Y110.974 F18000
G1 F2894
G1 X92.026 Y110.974 E.3112
G1 X92.026 Y109.026 E.05115
G1 X103.874 Y109.026 E.3112
G1 X103.874 Y110.914 E.04958
G1 X103.458 Y110.558 F18000
G1 F2894
G1 X92.442 Y110.558 E.28936
G1 X92.442 Y109.442 E.02932
G1 X103.458 Y109.442 E.28936
G1 X103.458 Y110.498 E.02774
G1 X103.042 Y110.142 F18000
G1 F2894
G1 X92.858 Y110.142 E.26753
G1 X92.858 Y109.858 E.00748
G1 X103.042 Y109.858 E.26753
G1 X103.042 Y110.082 E.0059
G1 E-1.75 F6000
;WIPE_START
G1 X102.042 Y110.088 E-.75
;WIPE_END
G1 X104.276 Y110.231 Z12.44 F18000
G1 X115.724 Y110.965
G1 X128.176 Y111.376
G1 X128.59 Y111.79
G1 Z12.24
G1 E2.5 F6000
M204 P1000
;TYPE:Outer wall
;WIDTH:0.42
G1 F2894
G1 X115.31 Y111.79 E.32366
G1 X115.31 Y108.21 E.08725
G1 X128.59 Y108.21 E.32366
G1 X128.59 Y111.73 E.08579
G1 X128.176 Y111.376 F18000
G1 X128.189 Y111.389
M204 P1500
;TYPE:Inner wall
;WIDTH:0.45
G1 F2894
G1 X115.711 Y111.389 E.32778
G1 X115.711 Y108.611 E.07299
G1 X128.189 Y108.611 E.32778
G1 X128.189 Y111.329 E.07141
G1 X127.774 Y110.974 F18000
G1 F2894
G1 X116.126 Y110.974 E.30595
G1 X116.126 Y109.026 E.05115
G1 X127.774 Y109.026 E.30595
G1 X127.774 Y110.914 E.04958
G1 X127.358 Y110.558 F18000
G1 F2894
G1 X116.542 Y110.558 E.28411
G1 X116.542 Y109.442 E.02932
G1 X127.358 Y109.442 E.28411
G1 X127.358 Y110.498 E.02774
G1 X126.942 Y110.142 F18000
G1 F2894
G1 X116.958 Y110.142 E.26227
G1 X116.958 Y109.858 E.00748
G1 X126.942 Y109.858 E.26227
G1 X126.942 Y110.082 E.0059
G1 E-1.75 F6000
;WIPE_START
G1 X125.942 Y110.088 E-.75
;WIPE_END
G1 X128.176 Y110.262 Z12.44 F18000
G1 X139.824 Y111.17
G1 X147.376 Y111.376
G1 X147.79 Y111.79
G1 Z12.24
G1 E2.5 F6000
M204 P1000
;TYPE:Outer wall
;WIDTH:0.42
G1 F2894
G1 X139.41 Y111.79 E.20424
G1 X139.41 Y108.21 E.08725
G1 X147.79 Y108.21 E.20424
G1 X147.79 Y111.73 E.08579
G1 X147.376 Y111.376 F18000
G1 X147.389 Y111.389
M204 P1500
;TYPE:Inner wall
;WIDTH:0.45
G1 F2894
G1 X139.811 Y111.389 E.19907
G1 X139.811 Y108.611 E.07299
G1 X147.389 Y108.611 E.19907
G1 X147.389 Y111.329 E.07141
G1 X146.974 Y110.974 F18000
G1 F2894
G1 X140.226 Y110.974 E.17724
G1 X140.226 Y109.026 E.05115
G1 X146.974 Y109.026 E.17724
G1 X146.974 Y110.914 E.04958
G1 X146.558 Y110.558 F18000
G1 F2894
G1 X140.642 Y110.558 E.1554
G1 X140.642 Y109.442 E.02932
G1 X146.558 Y109.442 E.1554
G1 X146.558 Y110.498 E.02774
G1 X146.142 Y110.142 F18000
G1 F2894
G1 X141.058 Y110.142 E.13356
G1 X141.058 Y109.858 E.00748
G1 X146.142 Y109.858 E.13356
G1 X146.142 Y110.082 E.0059
; stop printing object pogo_receiver_coupon.stl id:0 copy 0
;LAYER_CHANGE
;Z:12.4
;HEIGHT:0.16
G92 E0 ; zero the extruded length again
; BEFORE_LAYER_CHANGE 76 @ 12.4mm
G1 E-1.75 F6000
;WIPE_START
G1 X145.142 Y110.094 E-.75
;WIPE_END
; AFTER_LAYER_CHANGE 76 @ 12.4mm
;_SET_FAN_SPEED_CHANGING_LAYER
; printing object pogo_receiver_coupon.stl id:0 copy 0
G1 F18000
G1 X144.661 Y109.878 Z12.4286
G1 X144.53 Y109.366 Z12.4571
G1 X144.848 Y108.945 Z12.4857
G1 X145.376 Y108.931 Z12.5143
G1 X145.716 Y109.335 Z12.5429
G1 X145.612 Y109.853 Z12.5714
G1 X145.142 Y110.094 Z12.6
G1 X139.824 Y110.234 Z12.6
G1 X128.176 Y110.541
G1 X115.724 Y110.869
G1 X104.276 Y111.171
G1 X96.481 Y111.376
G1 X80.376 Y111.376
G1 X80.79 Y111.79
G1 Z12.4
G1 E2.5 F6000
M204 P1000
;TYPE:Outer wall
;WIDTH:0.42
G1 F2894
G1 X72.21 Y111.79 E.20911
G1 X72.21 Y108.21 E.08725
G1 X80.79 Y108.21 E.20911
G1 X80.79 Y111.73 E.08579
G1 X80.376 Y111.376 F18000
G1 X80.389 Y111.389
M204 P1500
;TYPE:Inner wall
;WIDTH:0.45
G1 F2894
G1 X72.611 Y111.389 E.20433
G1 X72.611 Y108.611 E.07299
G1 X80.389 Y108.611 E.20433
G1 X80.389 Y111.329 E.07141
G1 X79.974 Y110.974 F18000
G1 F2894
G1 X73.026 Y110.974 E.18249
G1 X73.026 Y109.026 E.05115
G1 X79.974 Y109.026 E.18249
G1 X79.974 Y110.914 E.04958
G1 X79.558 Y110.558 F18000
G1 F2894
G1 X73.442 Y110.558 E.16065
G1 X73.442 Y109.442 E.02932
G1 X79.558 Y109.442 E.16065
G1 X79.558 Y110.498 E.02774
G1 X79.142 Y110.142 F18000
G1 F2894
G1 X73.858 Y110.142 E.13882
G1 X73.858 Y109.858 E.00748
G1 X79.142 Y109.858 E.13882
G1 X79.142 Y110.082 E.0059
G1 E-1.75 F6000
;WIPE_START
G1 X78.142 Y110.094 E-.75
;WIPE_END
G1 X80.376 Y110.236 Z12.6 F18000
G1 X91.624 Y110.955
G1 X104.276 Y111.376
G1 X104.69 Y111.79
G1 Z12.4
G1 E2.5 F6000
M204 P1000
;TYPE:Outer wall
;WIDTH:0.42
G1 F2894
G1 X91.21 Y111.79 E.32853
G1 X91.21 Y108.21 E.08725
G1 X104.69 Y108.21 E.32853
G1 X104.69 Y111.73 E.08579
G1 X104.276 Y111.376 F18000
G1 X104.289 Y111.389
M204 P1500
;TYPE:Inner wall
;WIDTH:0.45
G1 F2894
G1 X91.611 Y111.389 E.33304
G1 X91.611 Y108.611 E.07299
G1 X104.289 Y108.611 E.33304
G1 X104.289 Y111.329 E.07141
G1 X103.874 Y110.974 F18000
G1 F2894
G1 X92.026 Y110.974 E.3112
G1 X92.026 Y109.026 E.05115
G1 X103.874 Y109.026 E.3112
G1 X103.874 Y110.914 E.04958
G1 X103.458 Y110.558 F18000
G1 F2894
G1 X92.442 Y110.558 E.28936
G1 X92.442 Y109.442 E.02932
G1 X103.458 Y109.442 E.28936
G1 X103.458 Y110.498 E.02774
G1 X103.042 Y110.142 F18000
G1 F2894
G1 X92.858 Y110.142 E.26753
G1 X92.858 Y109.858 E.00748
G1 X103.042 Y109.858 E.26753
G1 X103.042 Y110.082 E.0059
G1 E-1.75 F6000
;WIPE_START
G1 X102.042 Y110.088 E-.75
;WIPE_END
G1 X104.276 Y110.231 Z12.6 F18000
G1 X115.724 Y110.965
G1 X128.176 Y111.376
G1 X128.59 Y111.79
G1 Z12.4
G1 E2.5 F6000
M204 P1000
;TYPE:Outer wall
;WIDTH:0.42
G1 F2894
G1 X115.31 Y111.79 E.32366
G1 X115.31 Y108.21 E.08725
G1 X128.59 Y108.21 E.32366
G1 X128.59 Y111.73 E.08579
G1 X128.176 Y111.376 F18000
G1 X128.189 Y111.389
M204 P1500
;TYPE:Inner wall
;WIDTH:0.45
G1 F2894
G1 X115.711 Y111.389 E.32778
G1 X115.711 Y108.611 E.07299
G1 X128.189 Y108.611 E.32778
G1 X128.189 Y111.329 E.07141
G1 X127.774 Y110.974 F18000
G1 F2894
G1 X116.126 Y110.974 E.30595
G1 X116.126 Y109.026 E.05115
G1 X127.774 Y109.026 E.30595
G1 X127.774 Y110.914 E.04958
G1 X127.358 Y110.558 F18000
G1 F2894
G1 X116.542 Y110.558 E.28411
G1 X116.542 Y109.442 E.02932
G1 X127.358 Y109.442 E.28411
G1 X127.358 Y110.498 E.02774
G1 X126.942 Y110.142 F18000
G1 F2894
G1 X116.958 Y110.142 E.26227
G1 X116.958 Y109.858 E.00748
G1 X126.942 Y109.858 E.26227
G1 X126.942 Y110.082 E.0059
G1 E-1.75 F6000
;WIPE_START
G1 X125.942 Y110.088 E-.75
;WIPE_END
G1 X128.176 Y110.262 Z12.6 F18000
G1 X139.824 Y111.17
G1 X147.376 Y111.376
G1 X147.79 Y111.79
G1 Z12.4
G1 E2.5 F6000
M204 P1000
;TYPE:Outer wall
;WIDTH:0.42
G1 F2894
G1 X139.41 Y111.79 E.20424
G1 X139.41 Y108.21 E.08725
G1 X147.79 Y108.21 E.20424
G1 X147.79 Y111.73 E.08579
G1 X147.376 Y111.376 F18000
G1 X147.389 Y111.389
M204 P1500
;TYPE:Inner wall
;WIDTH:0.45
G1 F2894
G1 X139.811 Y111.389 E.19907
G1 X139.811 Y108.611 E.07299
G1 X147.389 Y108.611 E.19907
G1 X147.389 Y111.329 E.07141
G1 X146.974 Y110.974 F18000
G1 F2894
G1 X140.226 Y110.974 E.17724
G1 X140.226 Y109.026 E.05115
G1 X146.974 Y109.026 E.17724
G1 X146.974 Y110.914 E.04958
G1 X146.558 Y110.558 F18000
G1 F2894
G1 X140.642 Y110.558 E.1554
G1 X140.642 Y109.442 E.02932
G1 X146.558 Y109.442 E.1554
G1 X146.558 Y110.498 E.02774
G1 X146.142 Y110.142 F18000
G1 F2894
G1 X141.058 Y110.142 E.13356
G1 X141.058 Y109.858 E.00748
G1 X146.142 Y109.858 E.13356
G1 X146.142 Y110.082 E.0059
; stop printing object pogo_receiver_coupon.stl id:0 copy 0
;LAYER_CHANGE
;Z:12.56
;HEIGHT:0.160001
G92 E0 ; zero the extruded length again
; BEFORE_LAYER_CHANGE 77 @ 12.56mm
G1 E-1.75 F6000
;WIPE_START
G1 X145.142 Y110.094 E-.75
;WIPE_END
; AFTER_LAYER_CHANGE 77 @ 12.56mm
;_SET_FAN_SPEED_CHANGING_LAYER
; printing object pogo_receiver_coupon.stl id:0 copy 0
G1 F18000
G1 X144.661 Y109.878 Z12.5886
G1 X144.53 Y109.366 Z12.6171
G1 X144.848 Y108.945 Z12.6457
G1 X145.376 Y108.931 Z12.6743
G1 X145.716 Y109.335 Z12.7029
G1 X145.612 Y109.853 Z12.7314
G1 X145.142 Y110.094 Z12.76
G1 X139.824 Y110.234 Z12.76
G1 X128.176 Y110.541
G1 X115.724 Y110.869
G1 X104.276 Y111.171
G1 X96.481 Y111.376
G1 X80.376 Y111.376
G1 X80.79 Y111.79
G1 Z12.56
G1 E2.5 F6000
M204 P1000
;TYPE:Outer wall
;WIDTH:0.42
G1 F2894
G1 X72.21 Y111.79 E.20911
G1 X72.21 Y108.21 E.08725
G1 X80.79 Y108.21 E.20911
G1 X80.79 Y111.73 E.08579
G1 X80.376 Y111.376 F18000
G1 X80.389 Y111.389
M204 P1500
;TYPE:Inner wall
;WIDTH:0.45
G1 F2894
G1 X72.611 Y111.389 E.20433
G1 X72.611 Y108.611 E.07299
G1 X80.389 Y108.611 E.20433
G1 X80.389 Y111.329 E.07141
G1 X79.974 Y110.974 F18000
G1 F2894
G1 X73.026 Y110.974 E.18249
G1 X73.026 Y109.026 E.05115
G1 X79.974 Y109.026 E.18249
G1 X79.974 Y110.914 E.04958
G1 X79.558 Y110.558 F18000
G1 F2894
G1 X73.442 Y110.558 E.16065
G1 X73.442 Y109.442 E.02932
G1 X79.558 Y109.442 E.16065
G1 X79.558 Y110.498 E.02774
G1 X79.142 Y110.142 F18000
G1 F2894
G1 X73.858 Y110.142 E.13882
G1 X73.858 Y109.858 E.00748
G1 X79.142 Y109.858 E.13882
G1 X79.142 Y110.082 E.0059
G1 E-1.75 F6000
;WIPE_START
G1 X78.142 Y110.094 E-.75
;WIPE_END
G1 X80.376 Y110.236 Z12.76 F18000
G1 X91.624 Y110.955
G1 X104.276 Y111.376
G1 X104.69 Y111.79
G1 Z12.56
G1 E2.5 F6000
M204 P1000
;TYPE:Outer wall
;WIDTH:0.42
G1 F2894
G1 X91.21 Y111.79 E.32853
G1 X91.21 Y108.21 E.08725
G1 X104.69 Y108.21 E.32853
G1 X104.69 Y111.73 E.08579
G1 X104.276 Y111.376 F18000
G1 X104.289 Y111.389
M204 P1500
;TYPE:Inner wall
;WIDTH:0.45
G1 F2894
G1 X91.611 Y111.389 E.33304
G1 X91.611 Y108.611 E.07299
G1 X104.289 Y108.611 E.33304
G1 X104.289 Y111.329 E.07141
G1 X103.874 Y110.974 F18000
G1 F2894
G1 X92.026 Y110.974 E.3112
G1 X92.026 Y109.026 E.05115
G1 X103.874 Y109.026 E.3112
G1 X103.874 Y110.914 E.04958
G1 X103.458 Y110.558 F18000
G1 F2894
G1 X92.442 Y110.558 E.28936
G1 X92.442 Y109.442 E.02932
G1 X103.458 Y109.442 E.28936
G1 X103.458 Y110.498 E.02774
G1 X103.042 Y110.142 F18000
G1 F2894
G1 X92.858 Y110.142 E.26753
G1 X92.858 Y109.858 E.00748
G1 X103.042 Y109.858 E.26753
G1 X103.042 Y110.082 E.0059
G1 E-1.75 F6000
;WIPE_START
G1 X102.042 Y110.088 E-.75
;WIPE_END
G1 X104.276 Y110.231 Z12.76 F18000
G1 X115.724 Y110.965
G1 X128.176 Y111.376
G1 X128.59 Y111.79
G1 Z12.56
G1 E2.5 F6000
M204 P1000
;TYPE:Outer wall
;WIDTH:0.42
G1 F2894
G1 X115.31 Y111.79 E.32366
G1 X115.31 Y108.21 E.08725
G1 X128.59 Y108.21 E.32366
G1 X128.59 Y111.73 E.08579
G1 X128.176 Y111.376 F18000
G1 X128.189 Y111.389
M204 P1500
;TYPE:Inner wall
;WIDTH:0.45
G1 F2894
G1 X115.711 Y111.389 E.32778
G1 X115.711 Y108.611 E.07299
G1 X128.189 Y108.611 E.32778
G1 X128.189 Y111.329 E.07141
G1 X127.774 Y110.974 F18000
G1 F2894
G1 X116.126 Y110.974 E.30595
G1 X116.126 Y109.026 E.05115
G1 X127.774 Y109.026 E.30595
G1 X127.774 Y110.914 E.04958
G1 X127.358 Y110.558 F18000
G1 F2894
G1 X116.542 Y110.558 E.28411
G1 X116.542 Y109.442 E.02932
G1 X127.358 Y109.442 E.28411
G1 X127.358 Y110.498 E.02774
G1 X126.942 Y110.142 F18000
G1 F2894
G1 X116.958 Y110.142 E.26227
G1 X116.958 Y109.858 E.00748
G1 X126.942 Y109.858 E.26227
G1 X126.942 Y110.082 E.0059
G1 E-1.75 F6000
;WIPE_START
G1 X125.942 Y110.088 E-.75
;WIPE_END
G1 X128.176 Y110.262 Z12.76 F18000
G1 X139.824 Y111.17
G1 X147.376 Y111.376
G1 X147.79 Y111.79
G1 Z12.56
G1 E2.5 F6000
M204 P1000
;TYPE:Outer wall
;WIDTH:0.42
G1 F2894
G1 X139.41 Y111.79 E.20424
G1 X139.41 Y108.21 E.08725
G1 X147.79 Y108.21 E.20424
G1 X147.79 Y111.73 E.08579
G1 X147.376 Y111.376 F18000
G1 X147.389 Y111.389
M204 P1500
;TYPE:Inner wall
;WIDTH:0.45
G1 F2894
G1 X139.811 Y111.389 E.19907
G1 X139.811 Y108.611 E.07299
G1 X147.389 Y108.611 E.19907
G1 X147.389 Y111.329 E.07141
G1 X146.974 Y110.974 F18000
G1 F2894
G1 X140.226 Y110.974 E.17724
G1 X140.226 Y109.026 E.05115
G1 X146.974 Y109.026 E.17724
G1 X146.974 Y110.914 E.04958
G1 X146.558 Y110.558 F18000
G1 F2894
G1 X140.642 Y110.558 E.1554
G1 X140.642 Y109.442 E.02932
G1 X146.558 Y109.442 E.1554
G1 X146.558 Y110.498 E.02774
G1 X146.142 Y110.142 F18000
G1 F2894
G1 X141.058 Y110.142 E.13356
G1 X141.058 Y109.858 E.00748
G1 X146.142 Y109.858 E.13356
G1 X146.142 Y110.082 E.0059
; stop printing object pogo_receiver_coupon.stl id:0 copy 0
;LAYER_CHANGE
;Z:12.72
;HEIGHT:0.16
G92 E0 ; zero the extruded length again
; BEFORE_LAYER_CHANGE 78 @ 12.72mm
G1 E-1.75 F6000
;WIPE_START
G1 X145.142 Y110.094 E-.75
;WIPE_END
; AFTER_LAYER_CHANGE 78 @ 12.72mm
;_SET_FAN_SPEED_CHANGING_LAYER
; printing object pogo_receiver_coupon.stl id:0 copy 0
G1 F18000
G1 X144.661 Y109.878 Z12.7486
G1 X144.53 Y109.366 Z12.7771
G1 X144.848 Y108.945 Z12.8057
G1 X145.376 Y108.931 Z12.8343
G1 X145.716 Y109.335 Z12.8629
G1 X145.612 Y109.853 Z12.8914
G1 X145.142 Y110.094 Z12.92
G1 X139.824 Y110.234 Z12.92
G1 X128.176 Y110.541
G1 X115.724 Y110.869
G1 X104.276 Y111.171
G1 X96.481 Y111.376
G1 X80.376 Y111.376
G1 X80.79 Y111.79
G1 Z12.72
G1 E2.5 F6000
M204 P1000
;TYPE:Outer wall
;WIDTH:0.42
G1 F2894
G1 X72.21 Y111.79 E.20911
G1 X72.21 Y108.21 E.08725
G1 X80.79 Y108.21 E.20911
G1 X80.79 Y111.73 E.08579
G1 X80.376 Y111.376 F18000
G1 X80.389 Y111.389
M204 P1500
;TYPE:Inner wall
;WIDTH:0.45
G1 F2894
G1 X72.611 Y111.389 E.20433
G1 X72.611 Y108.611 E.07299
G1 X80.389 Y108.611 E.20433
G1 X80.389 Y111.329 E.07141
G1 X79.974 Y110.974 F18000
G1 F2894
G1 X73.026 Y110.974 E.18249
G1 X73.026 Y109.026 E.05115
G1 X79.974 Y109.026 E.18249
G1 X79.974 Y110.914 E.04958
G1 X79.558 Y110.558 F18000
G1 F2894
G1 X73.442 Y110.558 E.16065
G1 X73.442 Y109.442 E.02932
G1 X79.558 Y109.442 E.16065
G1 X79.558 Y110.498 E.02774
G1 X79.142 Y110.142 F18000
G1 F2894
G1 X73.858 Y110.142 E.13882
G1 X73.858 Y109.858 E.00748
G1 X79.142 Y109.858 E.13882
G1 X79.142 Y110.082 E.0059
G1 E-1.75 F6000
;WIPE_START
G1 X78.142 Y110.094 E-.75
;WIPE_END
G1 X80.376 Y110.236 Z12.92 F18000
G1 X91.624 Y110.955
G1 X104.276 Y111.376
G1 X104.69 Y111.79
G1 Z12.72
G1 E2.5 F6000
M204 P1000
;TYPE:Outer wall
;WIDTH:0.42
G1 F2894
G1 X91.21 Y111.79 E.32853
G1 X91.21 Y108.21 E.08725
G1 X104.69 Y108.21 E.32853
G1 X104.69 Y111.73 E.08579
G1 X104.276 Y111.376 F18000
G1 X104.289 Y111.389
M204 P1500
;TYPE:Inner wall
;WIDTH:0.45
G1 F2894
G1 X91.611 Y111.389 E.33304
G1 X91.611 Y108.611 E.07299
G1 X104.289 Y108.611 E.33304
G1 X104.289 Y111.329 E.07141
G1 X103.874 Y110.974 F18000
G1 F2894
G1 X92.026 Y110.974 E.3112
G1 X92.026 Y109.026 E.05115
G1 X103.874 Y109.026 E.3112
G1 X103.874 Y110.914 E.04958
G1 X103.458 Y110.558 F18000
G1 F2894
G1 X92.442 Y110.558 E.28936
G1 X92.442 Y109.442 E.02932
G1 X103.458 Y109.442 E.28936
G1 X103.458 Y110.498 E.02774
G1 X103.042 Y110.142 F18000
G1 F2894
G1 X92.858 Y110.142 E.26753
G1 X92.858 Y109.858 E.00748
G1 X103.042 Y109.858 E.26753
G1 X103.042 Y110.082 E.0059
G1 E-1.75 F6000
;WIPE_START
G1 X102.042 Y110.088 E-.75
;WIPE_END
G1 X104.276 Y110.231 Z12.92 F18000
G1 X115.724 Y110.965
G1 X128.176 Y111.376
G1 X128.59 Y111.79
G1 Z12.72
G1 E2.5 F6000
M204 P1000
;TYPE:Outer wall
;WIDTH:0.42
G1 F2894
G1 X115.31 Y111.79 E.32366
G1 X115.31 Y108.21 E.08725
G1 X128.59 Y108.21 E.32366
G1 X128.59 Y111.73 E.08579
G1 X128.176 Y111.376 F18000
G1 X128.189 Y111.389
M204 P1500
;TYPE:Inner wall
;WIDTH:0.45
G1 F2894
G1 X115.711 Y111.389 E.32778
G1 X115.711 Y108.611 E.07299
G1 X128.189 Y108.611 E.32778
G1 X128.189 Y111.329 E.07141
G1 X127.774 Y110.974 F18000
G1 F2894
G1 X116.126 Y110.974 E.30595
G1 X116.126 Y109.026 E.05115
G1 X127.774 Y109.026 E.30595
G1 X127.774 Y110.914 E.04958
G1 X127.358 Y110.558 F18000
G1 F2894
G1 X116.542 Y110.558 E.28411
G1 X116.542 Y109.442 E.02932
G1 X127.358 Y109.442 E.28411
G1 X127.358 Y110.498 E.02774
G1 X126.942 Y110.142 F18000
G1 F2894
G1 X116.958 Y110.142 E.26227
G1 X116.958 Y109.858 E.00748
G1 X126.942 Y109.858 E.26227
G1 X126.942 Y110.082 E.0059
G1 E-1.75 F6000
;WIPE_START
G1 X125.942 Y110.088 E-.75
;WIPE_END
G1 X128.176 Y110.262 Z12.92 F18000
G1 X139.824 Y111.17
G1 X147.376 Y111.376
G1 X147.79 Y111.79
G1 Z12.72
G1 E2.5 F6000
M204 P1000
;TYPE:Outer wall
;WIDTH:0.42
G1 F2894
G1 X139.41 Y111.79 E.20424
G1 X139.41 Y108.21 E.08725
G1 X147.79 Y108.21 E.20424
G1 X147.79 Y111.73 E.08579
G1 X147.376 Y111.376 F18000
G1 X147.389 Y111.389
M204 P1500
;TYPE:Inner wall
;WIDTH:0.45
G1 F2894
G1 X139.811 Y111.389 E.19907
G1 X139.811 Y108.611 E.07299
G1 X147.389 Y108.611 E.19907
G1 X147.389 Y111.329 E.07141
G1 X146.974 Y110.974 F18000
G1 F2894
G1 X140.226 Y110.974 E.17724
G1 X140.226 Y109.026 E.05115
G1 X146.974 Y109.026 E.17724
G1 X146.974 Y110.914 E.04958
G1 X146.558 Y110.558 F18000
G1 F2894
G1 X140.642 Y110.558 E.1554
G1 X140.642 Y109.442 E.02932
G1 X146.558 Y109.442 E.1554
G1 X146.558 Y110.498 E.02774
G1 X146.142 Y110.142 F18000
G1 F2894
G1 X141.058 Y110.142 E.13356
G1 X141.058 Y109.858 E.00748
G1 X146.142 Y109.858 E.13356
G1 X146.142 Y110.082 E.0059
; stop printing object pogo_receiver_coupon.stl id:0 copy 0
;LAYER_CHANGE
;Z:12.88
;HEIGHT:0.16
G92 E0 ; zero the extruded length again
; BEFORE_LAYER_CHANGE 79 @ 12.88mm
G1 E-1.75 F6000
;WIPE_START
G1 X145.142 Y110.094 E-.75
;WIPE_END
; AFTER_LAYER_CHANGE 79 @ 12.88mm
;_SET_FAN_SPEED_CHANGING_LAYER
; printing object pogo_receiver_coupon.stl id:0 copy 0
G1 F18000
G1 X144.661 Y109.878 Z12.9086
G1 X144.53 Y109.366 Z12.9371
G1 X144.848 Y108.945 Z12.9657
G1 X145.376 Y108.931 Z12.9943
G1 X145.716 Y109.335 Z13.0229
G1 X145.612 Y109.853 Z13.0514
G1 X145.142 Y110.094 Z13.08
G1 X139.824 Y110.234 Z13.08
G1 X128.176 Y110.541
G1 X115.724 Y110.869
G1 X104.276 Y111.171
G1 X96.481 Y111.376
G1 X80.376 Y111.376
G1 X80.79 Y111.79
G1 Z12.88
G1 E2.5 F6000
M204 P1000
;TYPE:Outer wall
;WIDTH:0.42
G1 F2894
G1 X72.21 Y111.79 E.20911
G1 X72.21 Y108.21 E.08725
G1 X80.79 Y108.21 E.20911
G1 X80.79 Y111.73 E.08579
G1 X80.376 Y111.376 F18000
G1 X80.389 Y111.389
M204 P1500
;TYPE:Inner wall
;WIDTH:0.45
G1 F2894
G1 X72.611 Y111.389 E.20433
G1 X72.611 Y108.611 E.07299
G1 X80.389 Y108.611 E.20433
G1 X80.389 Y111.329 E.07141
G1 X79.974 Y110.974 F18000
G1 F2894
G1 X73.026 Y110.974 E.18249
G1 X73.026 Y109.026 E.05115
G1 X79.974 Y109.026 E.18249
G1 X79.974 Y110.914 E.04958
G1 X79.558 Y110.558 F18000
G1 F2894
G1 X73.442 Y110.558 E.16065
G1 X73.442 Y109.442 E.02932
G1 X79.558 Y109.442 E.16065
G1 X79.558 Y110.498 E.02774
G1 X79.142 Y110.142 F18000
G1 F2894
G1 X73.858 Y110.142 E.13882
G1 X73.858 Y109.858 E.00748
G1 X79.142 Y109.858 E.13882
G1 X79.142 Y110.082 E.0059
G1 E-1.75 F6000
;WIPE_START
G1 X78.142 Y110.094 E-.75
;WIPE_END
G1 X80.376 Y110.236 Z13.08 F18000
G1 X91.624 Y110.955
G1 X104.276 Y111.376
G1 X104.69 Y111.79
G1 Z12.88
G1 E2.5 F6000
M204 P1000
;TYPE:Outer wall
;WIDTH:0.42
G1 F2894
G1 X91.21 Y111.79 E.32853
G1 X91.21 Y108.21 E.08725
G1 X104.69 Y108.21 E.32853
G1 X104.69 Y111.73 E.08579
G1 X104.276 Y111.376 F18000
G1 X104.289 Y111.389
M204 P1500
;TYPE:Inner wall
;WIDTH:0.45
G1 F2894
G1 X91.611 Y111.389 E.33304
G1 X91.611 Y108.611 E.07299
G1 X104.289 Y108.611 E.33304
G1 X104.289 Y111.329 E.07141
G1 X103.874 Y110.974 F18000
G1 F2894
G1 X92.026 Y110.974 E.3112
G1 X92.026 Y109.026 E.05115
G1 X103.874 Y109.026 E.3112
G1 X103.874 Y110.914 E.04958
G1 X103.458 Y110.558 F18000
G1 F2894
G1 X92.442 Y110.558 E.28936
G1 X92.442 Y109.442 E.02932
G1 X103.458 Y109.442 E.28936
G1 X103.458 Y110.498 E.02774
G1 X103.042 Y110.142 F18000
G1 F2894
G1 X92.858 Y110.142 E.26753
G1 X92.858 Y109.858 E.00748
G1 X103.042 Y109.858 E.26753
G1 X103.042 Y110.082 E.0059
G1 E-1.75 F6000
;WIPE_START
G1 X102.042 Y110.088 E-.75
;WIPE_END
G1 X104.276 Y110.231 Z13.08 F18000
G1 X115.724 Y110.965
G1 X128.176 Y111.376
G1 X128.59 Y111.79
G1 Z12.88
G1 E2.5 F6000
M204 P1000
;TYPE:Outer wall
;WIDTH:0.42
G1 F2894
G1 X115.31 Y111.79 E.32366
G1 X115.31 Y108.21 E.08725
G1 X128.59 Y108.21 E.32366
G1 X128.59 Y111.73 E.08579
G1 X128.176 Y111.376 F18000
G1 X128.189 Y111.389
M204 P1500
;TYPE:Inner wall
;WIDTH:0.45
G1 F2894
G1 X115.711 Y111.389 E.32778
G1 X115.711 Y108.611 E.07299
G1 X128.189 Y108.611 E.32778
G1 X128.189 Y111.329 E.07141
G1 X127.774 Y110.974 F18000
G1 F2894
G1 X116.126 Y110.974 E.30595
G1 X116.126 Y109.026 E.05115
G1 X127.774 Y109.026 E.30595
G1 X127.774 Y110.914 E.04958
G1 X127.358 Y110.558 F18000
G1 F2894
G1 X116.542 Y110.558 E.28411
G1 X116.542 Y109.442 E.02932
G1 X127.358 Y109.442 E.28411
G1 X127.358 Y110.498 E.02774
G1 X126.942 Y110.142 F18000
G1 F2894
G1 X116.958 Y110.142 E.26227
G1 X116.958 Y109.858 E.00748
G1 X126.942 Y109.858 E.26227
G1 X126.942 Y110.082 E.0059
G1 E-1.75 F6000
;WIPE_START
G1 X125.942 Y110.088 E-.75
;WIPE_END
G1 X128.176 Y110.262 Z13.08 F18000
G1 X139.824 Y111.17
G1 X147.376 Y111.376
G1 X147.79 Y111.79
G1 Z12.88
G1 E2.5 F6000
M204 P1000
;TYPE:Outer wall
;WIDTH:0.42
G1 F2894
G1 X139.41 Y111.79 E.20424
G1 X139.41 Y108.21 E.08725
G1 X147.79 Y108.21 E.20424
G1 X147.79 Y111.73 E.08579
G1 X147.376 Y111.376 F18000
G1 X147.389 Y111.389
M204 P1500
;TYPE:Inner wall
;WIDTH:0.45
G1 F2894
G1 X139.811 Y111.389 E.19907
G1 X139.811 Y108.611 E.07299
G1 X147.389 Y108.611 E.19907
G1 X147.389 Y111.329 E.07141
G1 X146.974 Y110.974 F18000
G1 F2894
G1 X140.226 Y110.974 E.17724
G1 X140.226 Y109.026 E.05115
G1 X146.974 Y109.026 E.17724
G1 X146.974 Y110.914 E.04958
G1 X146.558 Y110.558 F18000
G1 F2894
G1 X140.642 Y110.558 E.1554
G1 X140.642 Y109.442 E.02932
G1 X146.558 Y109.442 E.1554
G1 X146.558 Y110.498 E.02774
G1 X146.142 Y110.142 F18000
G1 F2894
G1 X141.058 Y110.142 E.13356
G1 X141.058 Y109.858 E.00748
G1 X146.142 Y109.858 E.13356
G1 X146.142 Y110.082 E.0059
; stop printing object pogo_receiver_coupon.stl id:0 copy 0
;LAYER_CHANGE
;Z:13.04
;HEIGHT:0.16
G92 E0 ; zero the extruded length again
; BEFORE_LAYER_CHANGE 80 @ 13.04mm
G1 E-1.75 F6000
;WIPE_START
G1 X145.142 Y110.094 E-.75
;WIPE_END
; AFTER_LAYER_CHANGE 80 @ 13.04mm
;_SET_FAN_SPEED_CHANGING_LAYER
; printing object pogo_receiver_coupon.stl id:0 copy 0
G1 F18000
G1 X144.661 Y109.878 Z13.0686
G1 X144.53 Y109.366 Z13.0971
G1 X144.848 Y108.945 Z13.1257
G1 X145.376 Y108.931 Z13.1543
G1 X145.716 Y109.335 Z13.1829
G1 X145.612 Y109.853 Z13.2114
G1 X145.142 Y110.094 Z13.24
G1 X139.824 Y110.234 Z13.24
G1 X128.176 Y110.541
G1 X115.724 Y110.869
G1 X104.276 Y111.171
G1 X96.481 Y111.376
G1 X80.376 Y111.376
G1 X80.79 Y111.79
G1 Z13.04
G1 E2.5 F6000
M204 P1000
;TYPE:Outer wall
;WIDTH:0.42
G1 F2894
G1 X72.21 Y111.79 E.20911
G1 X72.21 Y108.21 E.08725
G1 X80.79 Y108.21 E.20911
G1 X80.79 Y111.73 E.08579
G1 X80.376 Y111.376 F18000
G1 X80.389 Y111.389
M204 P1500
;TYPE:Inner wall
;WIDTH:0.45
G1 F2894
G1 X72.611 Y111.389 E.20433
G1 X72.611 Y108.611 E.07299
G1 X80.389 Y108.611 E.20433
G1 X80.389 Y111.329 E.07141
G1 X79.974 Y110.974 F18000
G1 F2894
G1 X73.026 Y110.974 E.18249
G1 X73.026 Y109.026 E.05115
G1 X79.974 Y109.026 E.18249
G1 X79.974 Y110.914 E.04958
G1 X79.558 Y110.558 F18000
G1 F2894
G1 X73.442 Y110.558 E.16065
G1 X73.442 Y109.442 E.02932
G1 X79.558 Y109.442 E.16065
G1 X79.558 Y110.498 E.02774
G1 X79.142 Y110.142 F18000
G1 F2894
G1 X73.858 Y110.142 E.13882
G1 X73.858 Y109.858 E.00748
G1 X79.142 Y109.858 E.13882
G1 X79.142 Y110.082 E.0059
G1 E-1.75 F6000
;WIPE_START
G1 X78.142 Y110.094 E-.75
;WIPE_END
G1 X80.376 Y110.236 Z13.24 F18000
G1 X91.624 Y110.955
G1 X104.276 Y111.376
G1 X104.69 Y111.79
G1 Z13.04
G1 E2.5 F6000
M204 P1000
;TYPE:Outer wall
;WIDTH:0.42
G1 F2894
G1 X91.21 Y111.79 E.32853
G1 X91.21 Y108.21 E.08725
G1 X104.69 Y108.21 E.32853
G1 X104.69 Y111.73 E.08579
G1 X104.276 Y111.376 F18000
G1 X104.289 Y111.389
M204 P1500
;TYPE:Inner wall
;WIDTH:0.45
G1 F2894
G1 X91.611 Y111.389 E.33304
G1 X91.611 Y108.611 E.07299
G1 X104.289 Y108.611 E.33304
G1 X104.289 Y111.329 E.07141
G1 X103.874 Y110.974 F18000
G1 F2894
G1 X92.026 Y110.974 E.3112
G1 X92.026 Y109.026 E.05115
G1 X103.874 Y109.026 E.3112
G1 X103.874 Y110.914 E.04958
G1 X103.458 Y110.558 F18000
G1 F2894
G1 X92.442 Y110.558 E.28936
G1 X92.442 Y109.442 E.02932
G1 X103.458 Y109.442 E.28936
G1 X103.458 Y110.498 E.02774
G1 X103.042 Y110.142 F18000
G1 F2894
G1 X92.858 Y110.142 E.26753
G1 X92.858 Y109.858 E.00748
G1 X103.042 Y109.858 E.26753
G1 X103.042 Y110.082 E.0059
G1 E-1.75 F6000
;WIPE_START
G1 X102.042 Y110.088 E-.75
;WIPE_END
G1 X104.276 Y110.231 Z13.24 F18000
G1 X115.724 Y110.965
G1 X128.176 Y111.376
G1 X128.59 Y111.79
G1 Z13.04
G1 E2.5 F6000
M204 P1000
;TYPE:Outer wall
;WIDTH:0.42
G1 F2894
G1 X115.31 Y111.79 E.32366
G1 X115.31 Y108.21 E.08725
G1 X128.59 Y108.21 E.32366
G1 X128.59 Y111.73 E.08579
G1 X128.176 Y111.376 F18000
G1 X128.189 Y111.389
M204 P1500
;TYPE:Inner wall
;WIDTH:0.45
G1 F2894
G1 X115.711 Y111.389 E.32778
G1 X115.711 Y108.611 E.07299
G1 X128.189 Y108.611 E.32778
G1 X128.189 Y111.329 E.07141
G1 X127.774 Y110.974 F18000
G1 F2894
G1 X116.126 Y110.974 E.30595
G1 X116.126 Y109.026 E.05115
G1 X127.774 Y109.026 E.30595
G1 X127.774 Y110.914 E.04958
G1 X127.358 Y110.558 F18000
G1 F2894
G1 X116.542 Y110.558 E.28411
G1 X116.542 Y109.442 E.02932
G1 X127.358 Y109.442 E.28411
G1 X127.358 Y110.498 E.02774
G1 X126.942 Y110.142 F18000
G1 F2894
G1 X116.958 Y110.142 E.26227
G1 X116.958 Y109.858 E.00748
G1 X126.942 Y109.858 E.26227
G1 X126.942 Y110.082 E.0059
G1 E-1.75 F6000
;WIPE_START
G1 X125.942 Y110.088 E-.75
;WIPE_END
G1 X128.176 Y110.262 Z13.24 F18000
G1 X139.824 Y111.17
G1 X147.376 Y111.376
G1 X147.79 Y111.79
G1 Z13.04
G1 E2.5 F6000
M204 P1000
;TYPE:Outer wall
;WIDTH:0.42
G1 F2894
G1 X139.41 Y111.79 E.20424
G1 X139.41 Y108.21 E.08725
G1 X147.79 Y108.21 E.20424
G1 X147.79 Y111.73 E.08579
G1 X147.376 Y111.376 F18000
G1 X147.389 Y111.389
M204 P1500
;TYPE:Inner wall
;WIDTH:0.45
G1 F2894
G1 X139.811 Y111.389 E.19907
G1 X139.811 Y108.611 E.07299
G1 X147.389 Y108.611 E.19907
G1 X147.389 Y111.329 E.07141
G1 X146.974 Y110.974 F18000
G1 F2894
G1 X140.226 Y110.974 E.17724
G1 X140.226 Y109.026 E.05115
G1 X146.974 Y109.026 E.17724
G1 X146.974 Y110.914 E.04958
G1 X146.558 Y110.558 F18000
G1 F2894
G1 X140.642 Y110.558 E.1554
G1 X140.642 Y109.442 E.02932
G1 X146.558 Y109.442 E.1554
G1 X146.558 Y110.498 E.02774
G1 X146.142 Y110.142 F18000
G1 F2894
G1 X141.058 Y110.142 E.13356
G1 X141.058 Y109.858 E.00748
G1 X146.142 Y109.858 E.13356
G1 X146.142 Y110.082 E.0059
; stop printing object pogo_receiver_coupon.stl id:0 copy 0
;LAYER_CHANGE
;Z:13.2
;HEIGHT:0.16
G92 E0 ; zero the extruded length again
; BEFORE_LAYER_CHANGE 81 @ 13.2mm
G1 E-1.75 F6000
;WIPE_START
G1 X145.142 Y110.094 E-.75
;WIPE_END
; AFTER_LAYER_CHANGE 81 @ 13.2mm
;_SET_FAN_SPEED_CHANGING_LAYER
; printing object pogo_receiver_coupon.stl id:0 copy 0
G1 F18000
G1 X144.661 Y109.878 Z13.2286
G1 X144.53 Y109.366 Z13.2571
G1 X144.848 Y108.945 Z13.2857
G1 X145.376 Y108.931 Z13.3143
G1 X145.716 Y109.335 Z13.3429
G1 X145.612 Y109.853 Z13.3714
G1 X145.142 Y110.094 Z13.4
G1 X139.824 Y110.234 Z13.4
G1 X128.176 Y110.541
G1 X115.724 Y110.869
G1 X104.276 Y111.171
G1 X96.481 Y111.376
G1 X80.376 Y111.376
G1 X80.79 Y111.79
G1 Z13.2
G1 E2.5 F6000
M204 P1000
;TYPE:Outer wall
;WIDTH:0.42
G1 F2894
G1 X72.21 Y111.79 E.20911
G1 X72.21 Y108.21 E.08725
G1 X80.79 Y108.21 E.20911
G1 X80.79 Y111.73 E.08579
G1 X80.376 Y111.376 F18000
G1 X80.389 Y111.389
M204 P1500
;TYPE:Inner wall
;WIDTH:0.45
G1 F2894
G1 X72.611 Y111.389 E.20433
G1 X72.611 Y108.611 E.07299
G1 X80.389 Y108.611 E.20433
G1 X80.389 Y111.329 E.07141
G1 X79.974 Y110.974 F18000
G1 F2894
G1 X73.026 Y110.974 E.18249
G1 X73.026 Y109.026 E.05115
G1 X79.974 Y109.026 E.18249
G1 X79.974 Y110.914 E.04958
G1 X79.558 Y110.558 F18000
G1 F2894
G1 X73.442 Y110.558 E.16065
G1 X73.442 Y109.442 E.02932
G1 X79.558 Y109.442 E.16065
G1 X79.558 Y110.498 E.02774
G1 X79.142 Y110.142 F18000
G1 F2894
G1 X73.858 Y110.142 E.13882
G1 X73.858 Y109.858 E.00748
G1 X79.142 Y109.858 E.13882
G1 X79.142 Y110.082 E.0059
G1 E-1.75 F6000
;WIPE_START
G1 X78.142 Y110.094 E-.75
;WIPE_END
G1 X80.376 Y110.236 Z13.4 F18000
G1 X91.624 Y110.955
G1 X104.276 Y111.376
G1 X104.69 Y111.79
G1 Z13.2
G1 E2.5 F6000
M204 P1000
;TYPE:Outer wall
;WIDTH:0.42
G1 F2894
G1 X91.21 Y111.79 E.32853
G1 X91.21 Y108.21 E.08725
G1 X104.69 Y108.21 E.32853
G1 X104.69 Y111.73 E.08579
G1 X104.276 Y111.376 F18000
G1 X104.289 Y111.389
M204 P1500
;TYPE:Inner wall
;WIDTH:0.45
G1 F2894
G1 X91.611 Y111.389 E.33304
G1 X91.611 Y108.611 E.07299
G1 X104.289 Y108.611 E.33304
G1 X104.289 Y111.329 E.07141
G1 X103.874 Y110.974 F18000
G1 F2894
G1 X92.026 Y110.974 E.3112
G1 X92.026 Y109.026 E.05115
G1 X103.874 Y109.026 E.3112
G1 X103.874 Y110.914 E.04958
G1 X103.458 Y110.558 F18000
G1 F2894
G1 X92.442 Y110.558 E.28936
G1 X92.442 Y109.442 E.02932
G1 X103.458 Y109.442 E.28936
G1 X103.458 Y110.498 E.02774
G1 X103.042 Y110.142 F18000
G1 F2894
G1 X92.858 Y110.142 E.26753
G1 X92.858 Y109.858 E.00748
G1 X103.042 Y109.858 E.26753
G1 X103.042 Y110.082 E.0059
G1 E-1.75 F6000
;WIPE_START
G1 X102.042 Y110.088 E-.75
;WIPE_END
G1 X104.276 Y110.231 Z13.4 F18000
G1 X115.724 Y110.965
G1 X128.176 Y111.376
G1 X128.59 Y111.79
G1 Z13.2
G1 E2.5 F6000
M204 P1000
;TYPE:Outer wall
;WIDTH:0.42
G1 F2894
G1 X115.31 Y111.79 E.32366
G1 X115.31 Y108.21 E.08725
G1 X128.59 Y108.21 E.32366
G1 X128.59 Y111.73 E.08579
G1 X128.176 Y111.376 F18000
G1 X128.189 Y111.389
M204 P1500
;TYPE:Inner wall
;WIDTH:0.45
G1 F2894
G1 X115.711 Y111.389 E.32778
G1 X115.711 Y108.611 E.07299
G1 X128.189 Y108.611 E.32778
G1 X128.189 Y111.329 E.07141
G1 X127.774 Y110.974 F18000
G1 F2894
G1 X116.126 Y110.974 E.30595
G1 X116.126 Y109.026 E.05115
G1 X127.774 Y109.026 E.30595
G1 X127.774 Y110.914 E.04958
G1 X127.358 Y110.558 F18000
G1 F2894
G1 X116.542 Y110.558 E.28411
G1 X116.542 Y109.442 E.02932
G1 X127.358 Y109.442 E.28411
G1 X127.358 Y110.498 E.02774
G1 X126.942 Y110.142 F18000
G1 F2894
G1 X116.958 Y110.142 E.26227
G1 X116.958 Y109.858 E.00748
G1 X126.942 Y109.858 E.26227
G1 X126.942 Y110.082 E.0059
G1 E-1.75 F6000
;WIPE_START
G1 X125.942 Y110.088 E-.75
;WIPE_END
G1 X128.176 Y110.262 Z13.4 F18000
G1 X139.824 Y111.17
G1 X147.376 Y111.376
G1 X147.79 Y111.79
G1 Z13.2
G1 E2.5 F6000
M204 P1000
;TYPE:Outer wall
;WIDTH:0.42
G1 F2894
G1 X139.41 Y111.79 E.20424
G1 X139.41 Y108.21 E.08725
G1 X147.79 Y108.21 E.20424
G1 X147.79 Y111.73 E.08579
G1 X147.376 Y111.376 F18000
G1 X147.389 Y111.389
M204 P1500
;TYPE:Inner wall
;WIDTH:0.45
G1 F2894
G1 X139.811 Y111.389 E.19907
G1 X139.811 Y108.611 E.07299
G1 X147.389 Y108.611 E.19907
G1 X147.389 Y111.329 E.07141
G1 X146.974 Y110.974 F18000
G1 F2894
G1 X140.226 Y110.974 E.17724
G1 X140.226 Y109.026 E.05115
G1 X146.974 Y109.026 E.17724
G1 X146.974 Y110.914 E.04958
G1 X146.558 Y110.558 F18000
G1 F2894
G1 X140.642 Y110.558 E.1554
G1 X140.642 Y109.442 E.02932
G1 X146.558 Y109.442 E.1554
G1 X146.558 Y110.498 E.02774
G1 X146.142 Y110.142 F18000
G1 F2894
G1 X141.058 Y110.142 E.13356
G1 X141.058 Y109.858 E.00748
G1 X146.142 Y109.858 E.13356
G1 X146.142 Y110.082 E.0059
; stop printing object pogo_receiver_coupon.stl id:0 copy 0
;LAYER_CHANGE
;Z:13.36
;HEIGHT:0.16
G92 E0 ; zero the extruded length again
; BEFORE_LAYER_CHANGE 82 @ 13.36mm
G1 E-1.75 F6000
;WIPE_START
G1 X145.142 Y110.094 E-.75
;WIPE_END
; AFTER_LAYER_CHANGE 82 @ 13.36mm
;_SET_FAN_SPEED_CHANGING_LAYER
; printing object pogo_receiver_coupon.stl id:0 copy 0
G1 F18000
G1 X144.661 Y109.878 Z13.3886
G1 X144.53 Y109.366 Z13.4171
G1 X144.848 Y108.945 Z13.4457
G1 X145.376 Y108.931 Z13.4743
G1 X145.716 Y109.335 Z13.5029
G1 X145.612 Y109.853 Z13.5314
G1 X145.142 Y110.094 Z13.56
G1 X139.824 Y110.234 Z13.56
G1 X128.176 Y110.541
G1 X115.724 Y110.869
G1 X104.276 Y111.171
G1 X96.481 Y111.376
G1 X80.376 Y111.376
G1 X80.79 Y111.79
G1 Z13.36
G1 E2.5 F6000
M204 P1000
;TYPE:Outer wall
;WIDTH:0.42
G1 F2894
G1 X72.21 Y111.79 E.20911
G1 X72.21 Y108.21 E.08725
G1 X80.79 Y108.21 E.20911
G1 X80.79 Y111.73 E.08579
G1 X80.376 Y111.376 F18000
G1 X80.389 Y111.389
M204 P1500
;TYPE:Inner wall
;WIDTH:0.45
G1 F2894
G1 X72.611 Y111.389 E.20433
G1 X72.611 Y108.611 E.07299
G1 X80.389 Y108.611 E.20433
G1 X80.389 Y111.329 E.07141
G1 X79.974 Y110.974 F18000
G1 F2894
G1 X73.026 Y110.974 E.18249
G1 X73.026 Y109.026 E.05115
G1 X79.974 Y109.026 E.18249
G1 X79.974 Y110.914 E.04958
G1 X79.558 Y110.558 F18000
G1 F2894
G1 X73.442 Y110.558 E.16065
G1 X73.442 Y109.442 E.02932
G1 X79.558 Y109.442 E.16065
G1 X79.558 Y110.498 E.02774
G1 X79.142 Y110.142 F18000
G1 F2894
G1 X73.858 Y110.142 E.13882
G1 X73.858 Y109.858 E.00748
G1 X79.142 Y109.858 E.13882
G1 X79.142 Y110.082 E.0059
G1 E-1.75 F6000
;WIPE_START
G1 X78.142 Y110.094 E-.75
;WIPE_END
G1 X80.376 Y110.236 Z13.56 F18000
G1 X91.624 Y110.955
G1 X104.276 Y111.376
G1 X104.69 Y111.79
G1 Z13.36
G1 E2.5 F6000
M204 P1000
;TYPE:Outer wall
;WIDTH:0.42
G1 F2894
G1 X91.21 Y111.79 E.32853
G1 X91.21 Y108.21 E.08725
G1 X104.69 Y108.21 E.32853
G1 X104.69 Y111.73 E.08579
G1 X104.276 Y111.376 F18000
G1 X104.289 Y111.389
M204 P1500
;TYPE:Inner wall
;WIDTH:0.45
G1 F2894
G1 X91.611 Y111.389 E.33304
G1 X91.611 Y108.611 E.07299
G1 X104.289 Y108.611 E.33304
G1 X104.289 Y111.329 E.07141
G1 X103.874 Y110.974 F18000
G1 F2894
G1 X92.026 Y110.974 E.3112
G1 X92.026 Y109.026 E.05115
G1 X103.874 Y109.026 E.3112
G1 X103.874 Y110.914 E.04958
G1 X103.458 Y110.558 F18000
G1 F2894
G1 X92.442 Y110.558 E.28936
G1 X92.442 Y109.442 E.02932
G1 X103.458 Y109.442 E.28936
G1 X103.458 Y110.498 E.02774
G1 X103.042 Y110.142 F18000
G1 F2894
G1 X92.858 Y110.142 E.26753
G1 X92.858 Y109.858 E.00748
G1 X103.042 Y109.858 E.26753
G1 X103.042 Y110.082 E.0059
G1 E-1.75 F6000
;WIPE_START
G1 X102.042 Y110.088 E-.75
;WIPE_END
G1 X104.276 Y110.231 Z13.56 F18000
G1 X115.724 Y110.965
G1 X128.176 Y111.376
G1 X128.59 Y111.79
G1 Z13.36
G1 E2.5 F6000
M204 P1000
;TYPE:Outer wall
;WIDTH:0.42
G1 F2894
G1 X115.31 Y111.79 E.32366
G1 X115.31 Y108.21 E.08725
G1 X128.59 Y108.21 E.32366
G1 X128.59 Y111.73 E.08579
G1 X128.176 Y111.376 F18000
G1 X128.189 Y111.389
M204 P1500
;TYPE:Inner wall
;WIDTH:0.45
G1 F2894
G1 X115.711 Y111.389 E.32778
G1 X115.711 Y108.611 E.07299
G1 X128.189 Y108.611 E.32778
G1 X128.189 Y111.329 E.07141
G1 X127.774 Y110.974 F18000
G1 F2894
G1 X116.126 Y110.974 E.30595
G1 X116.126 Y109.026 E.05115
G1 X127.774 Y109.026 E.30595
G1 X127.774 Y110.914 E.04958
G1 X127.358 Y110.558 F18000
G1 F2894
G1 X116.542 Y110.558 E.28411
G1 X116.542 Y109.442 E.02932
G1 X127.358 Y109.442 E.28411
G1 X127.358 Y110.498 E.02774
G1 X126.942 Y110.142 F18000
G1 F2894
G1 X116.958 Y110.142 E.26227
G1 X116.958 Y109.858 E.00748
G1 X126.942 Y109.858 E.26227
G1 X126.942 Y110.082 E.0059
G1 E-1.75 F6000
;WIPE_START
G1 X125.942 Y110.088 E-.75
;WIPE_END
G1 X128.176 Y110.262 Z13.56 F18000
G1 X139.824 Y111.17
G1 X147.376 Y111.376
G1 X147.79 Y111.79
G1 Z13.36
G1 E2.5 F6000
M204 P1000
;TYPE:Outer wall
;WIDTH:0.42
G1 F2894
G1 X139.41 Y111.79 E.20424
G1 X139.41 Y108.21 E.08725
G1 X147.79 Y108.21 E.20424
G1 X147.79 Y111.73 E.08579
G1 X147.376 Y111.376 F18000
G1 X147.389 Y111.389
M204 P1500
;TYPE:Inner wall
;WIDTH:0.45
G1 F2894
G1 X139.811 Y111.389 E.19907
G1 X139.811 Y108.611 E.07299
G1 X147.389 Y108.611 E.19907
G1 X147.389 Y111.329 E.07141
G1 X146.974 Y110.974 F18000
G1 F2894
G1 X140.226 Y110.974 E.17724
G1 X140.226 Y109.026 E.05115
G1 X146.974 Y109.026 E.17724
G1 X146.974 Y110.914 E.04958
G1 X146.558 Y110.558 F18000
G1 F2894
G1 X140.642 Y110.558 E.1554
G1 X140.642 Y109.442 E.02932
G1 X146.558 Y109.442 E.1554
G1 X146.558 Y110.498 E.02774
G1 X146.142 Y110.142 F18000
G1 F2894
G1 X141.058 Y110.142 E.13356
G1 X141.058 Y109.858 E.00748
G1 X146.142 Y109.858 E.13356
G1 X146.142 Y110.082 E.0059
; stop printing object pogo_receiver_coupon.stl id:0 copy 0
;LAYER_CHANGE
;Z:13.52
;HEIGHT:0.160001
G92 E0 ; zero the extruded length again
; BEFORE_LAYER_CHANGE 83 @ 13.52mm
G1 E-1.75 F6000
;WIPE_START
G1 X145.142 Y110.094 E-.75
;WIPE_END
; AFTER_LAYER_CHANGE 83 @ 13.52mm
;_SET_FAN_SPEED_CHANGING_LAYER
; printing object pogo_receiver_coupon.stl id:0 copy 0
G1 F18000
G1 X144.661 Y109.878 Z13.5486
G1 X144.53 Y109.366 Z13.5771
G1 X144.848 Y108.945 Z13.6057
G1 X145.376 Y108.931 Z13.6343
G1 X145.716 Y109.335 Z13.6629
G1 X145.612 Y109.853 Z13.6914
G1 X145.142 Y110.094 Z13.72
G1 X139.824 Y110.234 Z13.72
G1 X128.176 Y110.541
G1 X115.724 Y110.869
G1 X104.276 Y111.171
G1 X96.481 Y111.376
G1 X80.376 Y111.376
G1 X80.79 Y111.79
G1 Z13.52
G1 E2.5 F6000
M204 P1000
;TYPE:Outer wall
;WIDTH:0.42
G1 F2894
G1 X72.21 Y111.79 E.20911
G1 X72.21 Y108.21 E.08725
G1 X80.79 Y108.21 E.20911
G1 X80.79 Y111.73 E.08579
G1 X80.376 Y111.376 F18000
G1 X80.389 Y111.389
M204 P1500
;TYPE:Inner wall
;WIDTH:0.45
G1 F2894
G1 X72.611 Y111.389 E.20433
G1 X72.611 Y108.611 E.07299
G1 X80.389 Y108.611 E.20433
G1 X80.389 Y111.329 E.07141
G1 X79.974 Y110.974 F18000
G1 F2894
G1 X73.026 Y110.974 E.18249
G1 X73.026 Y109.026 E.05115
G1 X79.974 Y109.026 E.18249
G1 X79.974 Y110.914 E.04958
G1 X79.558 Y110.558 F18000
G1 F2894
G1 X73.442 Y110.558 E.16065
G1 X73.442 Y109.442 E.02932
G1 X79.558 Y109.442 E.16065
G1 X79.558 Y110.498 E.02774
G1 X79.142 Y110.142 F18000
G1 F2894
G1 X73.858 Y110.142 E.13882
G1 X73.858 Y109.858 E.00748
G1 X79.142 Y109.858 E.13882
G1 X79.142 Y110.082 E.0059
G1 E-1.75 F6000
;WIPE_START
G1 X78.142 Y110.094 E-.75
;WIPE_END
G1 X80.376 Y110.236 Z13.72 F18000
G1 X91.624 Y110.955
G1 X104.276 Y111.376
G1 X104.69 Y111.79
G1 Z13.52
G1 E2.5 F6000
M204 P1000
;TYPE:Outer wall
;WIDTH:0.42
G1 F2894
G1 X91.21 Y111.79 E.32853
G1 X91.21 Y108.21 E.08725
G1 X104.69 Y108.21 E.32853
G1 X104.69 Y111.73 E.08579
G1 X104.276 Y111.376 F18000
G1 X104.289 Y111.389
M204 P1500
;TYPE:Inner wall
;WIDTH:0.45
G1 F2894
G1 X91.611 Y111.389 E.33304
G1 X91.611 Y108.611 E.07299
G1 X104.289 Y108.611 E.33304
G1 X104.289 Y111.329 E.07141
G1 X103.874 Y110.974 F18000
G1 F2894
G1 X92.026 Y110.974 E.3112
G1 X92.026 Y109.026 E.05115
G1 X103.874 Y109.026 E.3112
G1 X103.874 Y110.914 E.04958
G1 X103.458 Y110.558 F18000
G1 F2894
G1 X92.442 Y110.558 E.28936
G1 X92.442 Y109.442 E.02932
G1 X103.458 Y109.442 E.28936
G1 X103.458 Y110.498 E.02774
G1 X103.042 Y110.142 F18000
G1 F2894
G1 X92.858 Y110.142 E.26753
G1 X92.858 Y109.858 E.00748
G1 X103.042 Y109.858 E.26753
G1 X103.042 Y110.082 E.0059
G1 E-1.75 F6000
;WIPE_START
G1 X102.042 Y110.088 E-.75
;WIPE_END
G1 X104.276 Y110.231 Z13.72 F18000
G1 X115.724 Y110.965
G1 X128.176 Y111.376
G1 X128.59 Y111.79
G1 Z13.52
G1 E2.5 F6000
M204 P1000
;TYPE:Outer wall
;WIDTH:0.42
G1 F2894
G1 X115.31 Y111.79 E.32366
G1 X115.31 Y108.21 E.08725
G1 X128.59 Y108.21 E.32366
G1 X128.59 Y111.73 E.08579
G1 X128.176 Y111.376 F18000
G1 X128.189 Y111.389
M204 P1500
;TYPE:Inner wall
;WIDTH:0.45
G1 F2894
G1 X115.711 Y111.389 E.32778
G1 X115.711 Y108.611 E.07299
G1 X128.189 Y108.611 E.32778
G1 X128.189 Y111.329 E.07141
G1 X127.774 Y110.974 F18000
G1 F2894
G1 X116.126 Y110.974 E.30595
G1 X116.126 Y109.026 E.05115
G1 X127.774 Y109.026 E.30595
G1 X127.774 Y110.914 E.04958
G1 X127.358 Y110.558 F18000
G1 F2894
G1 X116.542 Y110.558 E.28411
G1 X116.542 Y109.442 E.02932
G1 X127.358 Y109.442 E.28411
G1 X127.358 Y110.498 E.02774
G1 X126.942 Y110.142 F18000
G1 F2894
G1 X116.958 Y110.142 E.26227
G1 X116.958 Y109.858 E.00748
G1 X126.942 Y109.858 E.26227
G1 X126.942 Y110.082 E.0059
G1 E-1.75 F6000
;WIPE_START
G1 X125.942 Y110.088 E-.75
;WIPE_END
G1 X128.176 Y110.262 Z13.72 F18000
G1 X139.824 Y111.17
G1 X147.376 Y111.376
G1 X147.79 Y111.79
G1 Z13.52
G1 E2.5 F6000
M204 P1000
;TYPE:Outer wall
;WIDTH:0.42
G1 F2894
G1 X139.41 Y111.79 E.20424
G1 X139.41 Y108.21 E.08725
G1 X147.79 Y108.21 E.20424
G1 X147.79 Y111.73 E.08579
G1 X147.376 Y111.376 F18000
G1 X147.389 Y111.389
M204 P1500
;TYPE:Inner wall
;WIDTH:0.45
G1 F2894
G1 X139.811 Y111.389 E.19907
G1 X139.811 Y108.611 E.07299
G1 X147.389 Y108.611 E.19907
G1 X147.389 Y111.329 E.07141
G1 X146.974 Y110.974 F18000
G1 F2894
G1 X140.226 Y110.974 E.17724
G1 X140.226 Y109.026 E.05115
G1 X146.974 Y109.026 E.17724
G1 X146.974 Y110.914 E.04958
G1 X146.558 Y110.558 F18000
G1 F2894
G1 X140.642 Y110.558 E.1554
G1 X140.642 Y109.442 E.02932
G1 X146.558 Y109.442 E.1554
G1 X146.558 Y110.498 E.02774
G1 X146.142 Y110.142 F18000
G1 F2894
G1 X141.058 Y110.142 E.13356
G1 X141.058 Y109.858 E.00748
G1 X146.142 Y109.858 E.13356
G1 X146.142 Y110.082 E.0059
; stop printing object pogo_receiver_coupon.stl id:0 copy 0
;LAYER_CHANGE
;Z:13.68
;HEIGHT:0.16
G92 E0 ; zero the extruded length again
; BEFORE_LAYER_CHANGE 84 @ 13.68mm
G1 E-1.75 F6000
;WIPE_START
G1 X145.142 Y110.094 E-.75
;WIPE_END
; AFTER_LAYER_CHANGE 84 @ 13.68mm
;_SET_FAN_SPEED_CHANGING_LAYER
; printing object pogo_receiver_coupon.stl id:0 copy 0
G1 F18000
G1 X144.661 Y109.878 Z13.7086
G1 X144.53 Y109.366 Z13.7371
G1 X144.848 Y108.945 Z13.7657
G1 X145.376 Y108.931 Z13.7943
G1 X145.716 Y109.335 Z13.8229
G1 X145.612 Y109.853 Z13.8514
G1 X145.142 Y110.094 Z13.88
G1 X139.824 Y110.234 Z13.88
G1 X128.176 Y110.541
G1 X115.724 Y110.869
G1 X104.276 Y111.171
G1 X96.481 Y111.376
G1 X80.376 Y111.376
G1 X80.79 Y111.79
G1 Z13.68
G1 E2.5 F6000
M204 P1000
;TYPE:Outer wall
;WIDTH:0.42
G1 F2894
G1 X72.21 Y111.79 E.20911
G1 X72.21 Y108.21 E.08725
G1 X80.79 Y108.21 E.20911
G1 X80.79 Y111.73 E.08579
G1 X80.376 Y111.376 F18000
G1 X80.389 Y111.389
M204 P1500
;TYPE:Inner wall
;WIDTH:0.45
G1 F2894
G1 X72.611 Y111.389 E.20433
G1 X72.611 Y108.611 E.07299
G1 X80.389 Y108.611 E.20433
G1 X80.389 Y111.329 E.07141
G1 X79.974 Y110.974 F18000
G1 F2894
G1 X73.026 Y110.974 E.18249
G1 X73.026 Y109.026 E.05115
G1 X79.974 Y109.026 E.18249
G1 X79.974 Y110.914 E.04958
G1 X79.558 Y110.558 F18000
G1 F2894
G1 X73.442 Y110.558 E.16065
G1 X73.442 Y109.442 E.02932
G1 X79.558 Y109.442 E.16065
G1 X79.558 Y110.498 E.02774
G1 X79.142 Y110.142 F18000
G1 F2894
G1 X73.858 Y110.142 E.13882
G1 X73.858 Y109.858 E.00748
G1 X79.142 Y109.858 E.13882
G1 X79.142 Y110.082 E.0059
G1 E-1.75 F6000
;WIPE_START
G1 X78.142 Y110.094 E-.75
;WIPE_END
G1 X80.376 Y110.236 Z13.88 F18000
G1 X91.624 Y110.955
G1 X104.276 Y111.376
G1 X104.69 Y111.79
G1 Z13.68
G1 E2.5 F6000
M204 P1000
;TYPE:Outer wall
;WIDTH:0.42
G1 F2894
G1 X91.21 Y111.79 E.32853
G1 X91.21 Y108.21 E.08725
G1 X104.69 Y108.21 E.32853
G1 X104.69 Y111.73 E.08579
G1 X104.276 Y111.376 F18000
G1 X104.289 Y111.389
M204 P1500
;TYPE:Inner wall
;WIDTH:0.45
G1 F2894
G1 X91.611 Y111.389 E.33304
G1 X91.611 Y108.611 E.07299
G1 X104.289 Y108.611 E.33304
G1 X104.289 Y111.329 E.07141
G1 X103.874 Y110.974 F18000
G1 F2894
G1 X92.026 Y110.974 E.3112
G1 X92.026 Y109.026 E.05115
G1 X103.874 Y109.026 E.3112
G1 X103.874 Y110.914 E.04958
G1 X103.458 Y110.558 F18000
G1 F2894
G1 X92.442 Y110.558 E.28936
G1 X92.442 Y109.442 E.02932
G1 X103.458 Y109.442 E.28936
G1 X103.458 Y110.498 E.02774
G1 X103.042 Y110.142 F18000
G1 F2894
G1 X92.858 Y110.142 E.26753
G1 X92.858 Y109.858 E.00748
G1 X103.042 Y109.858 E.26753
G1 X103.042 Y110.082 E.0059
G1 E-1.75 F6000
;WIPE_START
G1 X102.042 Y110.088 E-.75
;WIPE_END
G1 X104.276 Y110.231 Z13.88 F18000
G1 X115.724 Y110.965
G1 X128.176 Y111.376
G1 X128.59 Y111.79
G1 Z13.68
G1 E2.5 F6000
M204 P1000
;TYPE:Outer wall
;WIDTH:0.42
G1 F2894
G1 X115.31 Y111.79 E.32366
G1 X115.31 Y108.21 E.08725
G1 X128.59 Y108.21 E.32366
G1 X128.59 Y111.73 E.08579
G1 X128.176 Y111.376 F18000
G1 X128.189 Y111.389
M204 P1500
;TYPE:Inner wall
;WIDTH:0.45
G1 F2894
G1 X115.711 Y111.389 E.32778
G1 X115.711 Y108.611 E.07299
G1 X128.189 Y108.611 E.32778
G1 X128.189 Y111.329 E.07141
G1 X127.774 Y110.974 F18000
G1 F2894
G1 X116.126 Y110.974 E.30595
G1 X116.126 Y109.026 E.05115
G1 X127.774 Y109.026 E.30595
G1 X127.774 Y110.914 E.04958
G1 X127.358 Y110.558 F18000
G1 F2894
G1 X116.542 Y110.558 E.28411
G1 X116.542 Y109.442 E.02932
G1 X127.358 Y109.442 E.28411
G1 X127.358 Y110.498 E.02774
G1 X126.942 Y110.142 F18000
G1 F2894
G1 X116.958 Y110.142 E.26227
G1 X116.958 Y109.858 E.00748
G1 X126.942 Y109.858 E.26227
G1 X126.942 Y110.082 E.0059
G1 E-1.75 F6000
;WIPE_START
G1 X125.942 Y110.088 E-.75
;WIPE_END
G1 X128.176 Y110.262 Z13.88 F18000
G1 X139.824 Y111.17
G1 X147.376 Y111.376
G1 X147.79 Y111.79
G1 Z13.68
G1 E2.5 F6000
M204 P1000
;TYPE:Outer wall
;WIDTH:0.42
G1 F2894
G1 X139.41 Y111.79 E.20424
G1 X139.41 Y108.21 E.08725
G1 X147.79 Y108.21 E.20424
G1 X147.79 Y111.73 E.08579
G1 X147.376 Y111.376 F18000
G1 X147.389 Y111.389
M204 P1500
;TYPE:Inner wall
;WIDTH:0.45
G1 F2894
G1 X139.811 Y111.389 E.19907
G1 X139.811 Y108.611 E.07299
G1 X147.389 Y108.611 E.19907
G1 X147.389 Y111.329 E.07141
G1 X146.974 Y110.974 F18000
G1 F2894
G1 X140.226 Y110.974 E.17724
G1 X140.226 Y109.026 E.05115
G1 X146.974 Y109.026 E.17724
G1 X146.974 Y110.914 E.04958
G1 X146.558 Y110.558 F18000
G1 F2894
G1 X140.642 Y110.558 E.1554
G1 X140.642 Y109.442 E.02932
G1 X146.558 Y109.442 E.1554
G1 X146.558 Y110.498 E.02774
G1 X146.142 Y110.142 F18000
G1 F2894
G1 X141.058 Y110.142 E.13356
G1 X141.058 Y109.858 E.00748
G1 X146.142 Y109.858 E.13356
G1 X146.142 Y110.082 E.0059
; stop printing object pogo_receiver_coupon.stl id:0 copy 0
;LAYER_CHANGE
;Z:13.84
;HEIGHT:0.16
G92 E0 ; zero the extruded length again
; BEFORE_LAYER_CHANGE 85 @ 13.84mm
G1 E-1.75 F6000
;WIPE_START
G1 X145.142 Y110.094 E-.75
;WIPE_END
; AFTER_LAYER_CHANGE 85 @ 13.84mm
;_SET_FAN_SPEED_CHANGING_LAYER
; printing object pogo_receiver_coupon.stl id:0 copy 0
G1 F18000
G1 X144.661 Y109.878 Z13.8686
G1 X144.53 Y109.366 Z13.8971
G1 X144.848 Y108.945 Z13.9257
G1 X145.376 Y108.931 Z13.9543
G1 X145.716 Y109.335 Z13.9829
G1 X145.612 Y109.853 Z14.0114
G1 X145.142 Y110.094 Z14.04
G1 X139.824 Y110.234 Z14.04
G1 X128.176 Y110.541
G1 X115.724 Y110.869
G1 X104.276 Y111.171
G1 X96.481 Y111.376
G1 X80.376 Y111.376
G1 X80.79 Y111.79
G1 Z13.84
G1 E2.5 F6000
M204 P1000
;TYPE:Outer wall
;WIDTH:0.42
G1 F2894
G1 X72.21 Y111.79 E.20911
G1 X72.21 Y108.21 E.08725
G1 X80.79 Y108.21 E.20911
G1 X80.79 Y111.73 E.08579
G1 X80.376 Y111.376 F18000
G1 X80.389 Y111.389
M204 P1500
;TYPE:Inner wall
;WIDTH:0.45
G1 F2894
G1 X72.611 Y111.389 E.20433
G1 X72.611 Y108.611 E.07299
G1 X80.389 Y108.611 E.20433
G1 X80.389 Y111.329 E.07141
G1 X79.974 Y110.974 F18000
G1 F2894
G1 X73.026 Y110.974 E.18249
G1 X73.026 Y109.026 E.05115
G1 X79.974 Y109.026 E.18249
G1 X79.974 Y110.914 E.04958
G1 X79.558 Y110.558 F18000
G1 F2894
G1 X73.442 Y110.558 E.16065
G1 X73.442 Y109.442 E.02932
G1 X79.558 Y109.442 E.16065
G1 X79.558 Y110.498 E.02774
G1 X79.142 Y110.142 F18000
G1 F2894
G1 X73.858 Y110.142 E.13882
G1 X73.858 Y109.858 E.00748
G1 X79.142 Y109.858 E.13882
G1 X79.142 Y110.082 E.0059
G1 E-1.75 F6000
;WIPE_START
G1 X78.142 Y110.094 E-.75
;WIPE_END
G1 X80.376 Y110.236 Z14.04 F18000
G1 X91.624 Y110.955
G1 X104.276 Y111.376
G1 X104.69 Y111.79
G1 Z13.84
G1 E2.5 F6000
M204 P1000
;TYPE:Outer wall
;WIDTH:0.42
G1 F2894
G1 X91.21 Y111.79 E.32853
G1 X91.21 Y108.21 E.08725
G1 X104.69 Y108.21 E.32853
G1 X104.69 Y111.73 E.08579
G1 X104.276 Y111.376 F18000
G1 X104.289 Y111.389
M204 P1500
;TYPE:Inner wall
;WIDTH:0.45
G1 F2894
G1 X91.611 Y111.389 E.33304
G1 X91.611 Y108.611 E.07299
G1 X104.289 Y108.611 E.33304
G1 X104.289 Y111.329 E.07141
G1 X103.874 Y110.974 F18000
G1 F2894
G1 X92.026 Y110.974 E.3112
G1 X92.026 Y109.026 E.05115
G1 X103.874 Y109.026 E.3112
G1 X103.874 Y110.914 E.04958
G1 X103.458 Y110.558 F18000
G1 F2894
G1 X92.442 Y110.558 E.28936
G1 X92.442 Y109.442 E.02932
G1 X103.458 Y109.442 E.28936
G1 X103.458 Y110.498 E.02774
G1 X103.042 Y110.142 F18000
G1 F2894
G1 X92.858 Y110.142 E.26753
G1 X92.858 Y109.858 E.00748
G1 X103.042 Y109.858 E.26753
G1 X103.042 Y110.082 E.0059
G1 E-1.75 F6000
;WIPE_START
G1 X102.042 Y110.088 E-.75
;WIPE_END
G1 X104.276 Y110.231 Z14.04 F18000
G1 X115.724 Y110.965
G1 X128.176 Y111.376
G1 X128.59 Y111.79
G1 Z13.84
G1 E2.5 F6000
M204 P1000
;TYPE:Outer wall
;WIDTH:0.42
G1 F2894
G1 X115.31 Y111.79 E.32366
G1 X115.31 Y108.21 E.08725
G1 X128.59 Y108.21 E.32366
G1 X128.59 Y111.73 E.08579
G1 X128.176 Y111.376 F18000
G1 X128.189 Y111.389
M204 P1500
;TYPE:Inner wall
;WIDTH:0.45
G1 F2894
G1 X115.711 Y111.389 E.32778
G1 X115.711 Y108.611 E.07299
G1 X128.189 Y108.611 E.32778
G1 X128.189 Y111.329 E.07141
G1 X127.774 Y110.974 F18000
G1 F2894
G1 X116.126 Y110.974 E.30595
G1 X116.126 Y109.026 E.05115
G1 X127.774 Y109.026 E.30595
G1 X127.774 Y110.914 E.04958
G1 X127.358 Y110.558 F18000
G1 F2894
G1 X116.542 Y110.558 E.28411
G1 X116.542 Y109.442 E.02932
G1 X127.358 Y109.442 E.28411
G1 X127.358 Y110.498 E.02774
G1 X126.942 Y110.142 F18000
G1 F2894
G1 X116.958 Y110.142 E.26227
G1 X116.958 Y109.858 E.00748
G1 X126.942 Y109.858 E.26227
G1 X126.942 Y110.082 E.0059
G1 E-1.75 F6000
;WIPE_START
G1 X125.942 Y110.088 E-.75
;WIPE_END
G1 X128.176 Y110.262 Z14.04 F18000
G1 X139.824 Y111.17
G1 X147.376 Y111.376
G1 X147.79 Y111.79
G1 Z13.84
G1 E2.5 F6000
M204 P1000
;TYPE:Outer wall
;WIDTH:0.42
G1 F2894
G1 X139.41 Y111.79 E.20424
G1 X139.41 Y108.21 E.08725
G1 X147.79 Y108.21 E.20424
G1 X147.79 Y111.73 E.08579
G1 X147.376 Y111.376 F18000
G1 X147.389 Y111.389
M204 P1500
;TYPE:Inner wall
;WIDTH:0.45
G1 F2894
G1 X139.811 Y111.389 E.19907
G1 X139.811 Y108.611 E.07299
G1 X147.389 Y108.611 E.19907
G1 X147.389 Y111.329 E.07141
G1 X146.974 Y110.974 F18000
G1 F2894
G1 X140.226 Y110.974 E.17724
G1 X140.226 Y109.026 E.05115
G1 X146.974 Y109.026 E.17724
G1 X146.974 Y110.914 E.04958
G1 X146.558 Y110.558 F18000
G1 F2894
G1 X140.642 Y110.558 E.1554
G1 X140.642 Y109.442 E.02932
G1 X146.558 Y109.442 E.1554
G1 X146.558 Y110.498 E.02774
G1 X146.142 Y110.142 F18000
G1 F2894
G1 X141.058 Y110.142 E.13356
G1 X141.058 Y109.858 E.00748
G1 X146.142 Y109.858 E.13356
G1 X146.142 Y110.082 E.0059
; stop printing object pogo_receiver_coupon.stl id:0 copy 0
;LAYER_CHANGE
;Z:14
;HEIGHT:0.16
G92 E0 ; zero the extruded length again
; BEFORE_LAYER_CHANGE 86 @ 14mm
G1 E-1.75 F6000
;WIPE_START
G1 X145.142 Y110.094 E-.75
;WIPE_END
; AFTER_LAYER_CHANGE 86 @ 14mm
;_SET_FAN_SPEED_CHANGING_LAYER
; printing object pogo_receiver_coupon.stl id:0 copy 0
G1 F18000
G1 X144.661 Y109.878 Z14.0286
G1 X144.53 Y109.366 Z14.0571
G1 X144.848 Y108.945 Z14.0857
G1 X145.376 Y108.931 Z14.1143
G1 X145.716 Y109.335 Z14.1429
G1 X145.612 Y109.853 Z14.1714
G1 X145.142 Y110.094 Z14.2
G1 X139.824 Y110.234 Z14.2
G1 X128.176 Y110.541
G1 X115.724 Y110.869
G1 X104.276 Y111.171
G1 X96.481 Y111.376
G1 X80.376 Y111.376
G1 X80.79 Y111.79
G1 Z14
G1 E2.5 F6000
M204 P1000
;TYPE:Outer wall
;WIDTH:0.42
G1 F2894
G1 X72.21 Y111.79 E.20911
G1 X72.21 Y108.21 E.08725
G1 X80.79 Y108.21 E.20911
G1 X80.79 Y111.73 E.08579
G1 X80.376 Y111.376 F18000
G1 X80.389 Y111.389
M204 P1500
;TYPE:Inner wall
;WIDTH:0.45
G1 F2894
G1 X72.611 Y111.389 E.20433
G1 X72.611 Y108.611 E.07299
G1 X80.389 Y108.611 E.20433
G1 X80.389 Y111.329 E.07141
G1 X79.974 Y110.974 F18000
G1 F2894
G1 X73.026 Y110.974 E.18249
G1 X73.026 Y109.026 E.05115
G1 X79.974 Y109.026 E.18249
G1 X79.974 Y110.914 E.04958
G1 X79.558 Y110.558 F18000
G1 F2894
G1 X73.442 Y110.558 E.16065
G1 X73.442 Y109.442 E.02932
G1 X79.558 Y109.442 E.16065
G1 X79.558 Y110.498 E.02774
G1 X79.142 Y110.142 F18000
G1 F2894
G1 X73.858 Y110.142 E.13882
G1 X73.858 Y109.858 E.00748
G1 X79.142 Y109.858 E.13882
G1 X79.142 Y110.082 E.0059
G1 E-1.75 F6000
;WIPE_START
G1 X78.142 Y110.094 E-.75
;WIPE_END
G1 X80.376 Y110.236 Z14.2 F18000
G1 X91.624 Y110.955
G1 X104.276 Y111.376
G1 X104.69 Y111.79
G1 Z14
G1 E2.5 F6000
M204 P1000
;TYPE:Outer wall
;WIDTH:0.42
G1 F2894
G1 X91.21 Y111.79 E.32853
G1 X91.21 Y108.21 E.08725
G1 X104.69 Y108.21 E.32853
G1 X104.69 Y111.73 E.08579
G1 X104.276 Y111.376 F18000
G1 X104.289 Y111.389
M204 P1500
;TYPE:Inner wall
;WIDTH:0.45
G1 F2894
G1 X91.611 Y111.389 E.33304
G1 X91.611 Y108.611 E.07299
G1 X104.289 Y108.611 E.33304
G1 X104.289 Y111.329 E.07141
G1 X103.874 Y110.974 F18000
G1 F2894
G1 X92.026 Y110.974 E.3112
G1 X92.026 Y109.026 E.05115
G1 X103.874 Y109.026 E.3112
G1 X103.874 Y110.914 E.04958
G1 X103.458 Y110.558 F18000
G1 F2894
G1 X92.442 Y110.558 E.28936
G1 X92.442 Y109.442 E.02932
G1 X103.458 Y109.442 E.28936
G1 X103.458 Y110.498 E.02774
G1 X103.042 Y110.142 F18000
G1 F2894
G1 X92.858 Y110.142 E.26753
G1 X92.858 Y109.858 E.00748
G1 X103.042 Y109.858 E.26753
G1 X103.042 Y110.082 E.0059
G1 E-1.75 F6000
;WIPE_START
G1 X102.042 Y110.088 E-.75
;WIPE_END
G1 X104.276 Y110.231 Z14.2 F18000
G1 X115.724 Y110.965
G1 X128.176 Y111.376
G1 X128.59 Y111.79
G1 Z14
G1 E2.5 F6000
M204 P1000
;TYPE:Outer wall
;WIDTH:0.42
G1 F2894
G1 X115.31 Y111.79 E.32366
G1 X115.31 Y108.21 E.08725
G1 X128.59 Y108.21 E.32366
G1 X128.59 Y111.73 E.08579
G1 X128.176 Y111.376 F18000
G1 X128.189 Y111.389
M204 P1500
;TYPE:Inner wall
;WIDTH:0.45
G1 F2894
G1 X115.711 Y111.389 E.32778
G1 X115.711 Y108.611 E.07299
G1 X128.189 Y108.611 E.32778
G1 X128.189 Y111.329 E.07141
G1 X127.774 Y110.974 F18000
G1 F2894
G1 X116.126 Y110.974 E.30595
G1 X116.126 Y109.026 E.05115
G1 X127.774 Y109.026 E.30595
G1 X127.774 Y110.914 E.04958
G1 X127.358 Y110.558 F18000
G1 F2894
G1 X116.542 Y110.558 E.28411
G1 X116.542 Y109.442 E.02932
G1 X127.358 Y109.442 E.28411
G1 X127.358 Y110.498 E.02774
G1 X126.942 Y110.142 F18000
G1 F2894
G1 X116.958 Y110.142 E.26227
G1 X116.958 Y109.858 E.00748
G1 X126.942 Y109.858 E.26227
G1 X126.942 Y110.082 E.0059
G1 E-1.75 F6000
;WIPE_START
G1 X125.942 Y110.088 E-.75
;WIPE_END
G1 X128.176 Y110.262 Z14.2 F18000
G1 X139.824 Y111.17
G1 X147.376 Y111.376
G1 X147.79 Y111.79
G1 Z14
G1 E2.5 F6000
M204 P1000
;TYPE:Outer wall
;WIDTH:0.42
G1 F2894
G1 X139.41 Y111.79 E.20424
G1 X139.41 Y108.21 E.08725
G1 X147.79 Y108.21 E.20424
G1 X147.79 Y111.73 E.08579
G1 X147.376 Y111.376 F18000
G1 X147.389 Y111.389
M204 P1500
;TYPE:Inner wall
;WIDTH:0.45
G1 F2894
G1 X139.811 Y111.389 E.19907
G1 X139.811 Y108.611 E.07299
G1 X147.389 Y108.611 E.19907
G1 X147.389 Y111.329 E.07141
G1 X146.974 Y110.974 F18000
G1 F2894
G1 X140.226 Y110.974 E.17724
G1 X140.226 Y109.026 E.05115
G1 X146.974 Y109.026 E.17724
G1 X146.974 Y110.914 E.04958
G1 X146.558 Y110.558 F18000
G1 F2894
G1 X140.642 Y110.558 E.1554
G1 X140.642 Y109.442 E.02932
G1 X146.558 Y109.442 E.1554
G1 X146.558 Y110.498 E.02774
G1 X146.142 Y110.142 F18000
G1 F2894
G1 X141.058 Y110.142 E.13356
G1 X141.058 Y109.858 E.00748
G1 X146.142 Y109.858 E.13356
G1 X146.142 Y110.082 E.0059
; stop printing object pogo_receiver_coupon.stl id:0 copy 0
;LAYER_CHANGE
;Z:14.16
;HEIGHT:0.16
G92 E0 ; zero the extruded length again
; BEFORE_LAYER_CHANGE 87 @ 14.16mm
G1 E-1.75 F6000
;WIPE_START
G1 X145.142 Y110.094 E-.75
;WIPE_END
; AFTER_LAYER_CHANGE 87 @ 14.16mm
;_SET_FAN_SPEED_CHANGING_LAYER
; printing object pogo_receiver_coupon.stl id:0 copy 0
G1 F18000
G1 X144.661 Y109.878 Z14.1886
G1 X144.53 Y109.366 Z14.2171
G1 X144.848 Y108.945 Z14.2457
G1 X145.376 Y108.931 Z14.2743
G1 X145.716 Y109.335 Z14.3029
G1 X145.612 Y109.853 Z14.3314
G1 X145.142 Y110.094 Z14.36
G1 X139.824 Y110.234 Z14.36
G1 X128.176 Y110.541
G1 X115.724 Y110.869
G1 X104.276 Y111.171
G1 X96.481 Y111.376
G1 X80.376 Y111.376
G1 X80.79 Y111.79
G1 Z14.16
G1 E2.5 F6000
M204 P1000
;TYPE:Outer wall
;WIDTH:0.42
G1 F2894
G1 X72.21 Y111.79 E.20911
G1 X72.21 Y108.21 E.08725
G1 X80.79 Y108.21 E.20911
G1 X80.79 Y111.73 E.08579
G1 X80.376 Y111.376 F18000
G1 X80.389 Y111.389
M204 P1500
;TYPE:Inner wall
;WIDTH:0.45
G1 F2894
G1 X72.611 Y111.389 E.20433
G1 X72.611 Y108.611 E.07299
G1 X80.389 Y108.611 E.20433
G1 X80.389 Y111.329 E.07141
G1 X79.974 Y110.974 F18000
G1 F2894
G1 X73.026 Y110.974 E.18249
G1 X73.026 Y109.026 E.05115
G1 X79.974 Y109.026 E.18249
G1 X79.974 Y110.914 E.04958
G1 X79.558 Y110.558 F18000
G1 F2894
G1 X73.442 Y110.558 E.16065
G1 X73.442 Y109.442 E.02932
G1 X79.558 Y109.442 E.16065
G1 X79.558 Y110.498 E.02774
G1 X79.142 Y110.142 F18000
G1 F2894
G1 X73.858 Y110.142 E.13882
G1 X73.858 Y109.858 E.00748
G1 X79.142 Y109.858 E.13882
G1 X79.142 Y110.082 E.0059
G1 E-1.75 F6000
;WIPE_START
G1 X78.142 Y110.094 E-.75
;WIPE_END
G1 X80.376 Y110.236 Z14.36 F18000
G1 X91.624 Y110.955
G1 X104.276 Y111.376
G1 X104.69 Y111.79
G1 Z14.16
G1 E2.5 F6000
M204 P1000
;TYPE:Outer wall
;WIDTH:0.42
G1 F2894
G1 X91.21 Y111.79 E.32853
G1 X91.21 Y108.21 E.08725
G1 X104.69 Y108.21 E.32853
G1 X104.69 Y111.73 E.08579
G1 X104.276 Y111.376 F18000
G1 X104.289 Y111.389
M204 P1500
;TYPE:Inner wall
;WIDTH:0.45
G1 F2894
G1 X91.611 Y111.389 E.33304
G1 X91.611 Y108.611 E.07299
G1 X104.289 Y108.611 E.33304
G1 X104.289 Y111.329 E.07141
G1 X103.874 Y110.974 F18000
G1 F2894
G1 X92.026 Y110.974 E.3112
G1 X92.026 Y109.026 E.05115
G1 X103.874 Y109.026 E.3112
G1 X103.874 Y110.914 E.04958
G1 X103.458 Y110.558 F18000
G1 F2894
G1 X92.442 Y110.558 E.28936
G1 X92.442 Y109.442 E.02932
G1 X103.458 Y109.442 E.28936
G1 X103.458 Y110.498 E.02774
G1 X103.042 Y110.142 F18000
G1 F2894
G1 X92.858 Y110.142 E.26753
G1 X92.858 Y109.858 E.00748
G1 X103.042 Y109.858 E.26753
G1 X103.042 Y110.082 E.0059
G1 E-1.75 F6000
;WIPE_START
G1 X102.042 Y110.088 E-.75
;WIPE_END
G1 X104.276 Y110.231 Z14.36 F18000
G1 X115.724 Y110.965
G1 X128.176 Y111.376
G1 X128.59 Y111.79
G1 Z14.16
G1 E2.5 F6000
M204 P1000
;TYPE:Outer wall
;WIDTH:0.42
G1 F2894
G1 X115.31 Y111.79 E.32366
G1 X115.31 Y108.21 E.08725
G1 X128.59 Y108.21 E.32366
G1 X128.59 Y111.73 E.08579
G1 X128.176 Y111.376 F18000
G1 X128.189 Y111.389
M204 P1500
;TYPE:Inner wall
;WIDTH:0.45
G1 F2894
G1 X115.711 Y111.389 E.32778
G1 X115.711 Y108.611 E.07299
G1 X128.189 Y108.611 E.32778
G1 X128.189 Y111.329 E.07141
G1 X127.774 Y110.974 F18000
G1 F2894
G1 X116.126 Y110.974 E.30595
G1 X116.126 Y109.026 E.05115
G1 X127.774 Y109.026 E.30595
G1 X127.774 Y110.914 E.04958
G1 X127.358 Y110.558 F18000
G1 F2894
G1 X116.542 Y110.558 E.28411
G1 X116.542 Y109.442 E.02932
G1 X127.358 Y109.442 E.28411
G1 X127.358 Y110.498 E.02774
G1 X126.942 Y110.142 F18000
G1 F2894
G1 X116.958 Y110.142 E.26227
G1 X116.958 Y109.858 E.00748
G1 X126.942 Y109.858 E.26227
G1 X126.942 Y110.082 E.0059
G1 E-1.75 F6000
;WIPE_START
G1 X125.942 Y110.088 E-.75
;WIPE_END
G1 X128.176 Y110.262 Z14.36 F18000
G1 X139.824 Y111.17
G1 X147.376 Y111.376
G1 X147.79 Y111.79
G1 Z14.16
G1 E2.5 F6000
M204 P1000
;TYPE:Outer wall
;WIDTH:0.42
G1 F2894
G1 X139.41 Y111.79 E.20424
G1 X139.41 Y108.21 E.08725
G1 X147.79 Y108.21 E.20424
G1 X147.79 Y111.73 E.08579
G1 X147.376 Y111.376 F18000
G1 X147.389 Y111.389
M204 P1500
;TYPE:Inner wall
;WIDTH:0.45
G1 F2894
G1 X139.811 Y111.389 E.19907
G1 X139.811 Y108.611 E.07299
G1 X147.389 Y108.611 E.19907
G1 X147.389 Y111.329 E.07141
G1 X146.974 Y110.974 F18000
G1 F2894
G1 X140.226 Y110.974 E.17724
G1 X140.226 Y109.026 E.05115
G1 X146.974 Y109.026 E.17724
G1 X146.974 Y110.914 E.04958
G1 X146.558 Y110.558 F18000
G1 F2894
G1 X140.642 Y110.558 E.1554
G1 X140.642 Y109.442 E.02932
G1 X146.558 Y109.442 E.1554
G1 X146.558 Y110.498 E.02774
G1 X146.142 Y110.142 F18000
G1 F2894
G1 X141.058 Y110.142 E.13356
G1 X141.058 Y109.858 E.00748
G1 X146.142 Y109.858 E.13356
G1 X146.142 Y110.082 E.0059
; stop printing object pogo_receiver_coupon.stl id:0 copy 0
;LAYER_CHANGE
;Z:14.32
;HEIGHT:0.16
G92 E0 ; zero the extruded length again
; BEFORE_LAYER_CHANGE 88 @ 14.32mm
G1 E-1.75 F6000
;WIPE_START
G1 X145.142 Y110.094 E-.75
;WIPE_END
; AFTER_LAYER_CHANGE 88 @ 14.32mm
;_SET_FAN_SPEED_CHANGING_LAYER
; printing object pogo_receiver_coupon.stl id:0 copy 0
G1 F18000
G1 X144.661 Y109.878 Z14.3486
G1 X144.53 Y109.366 Z14.3771
G1 X144.848 Y108.945 Z14.4057
G1 X145.376 Y108.931 Z14.4343
G1 X145.716 Y109.335 Z14.4629
G1 X145.612 Y109.853 Z14.4914
G1 X145.142 Y110.094 Z14.52
G1 X139.824 Y110.234 Z14.52
G1 X128.176 Y110.541
G1 X115.724 Y110.869
G1 X104.276 Y111.171
G1 X96.481 Y111.376
G1 X80.376 Y111.376
G1 X80.79 Y111.79
G1 Z14.32
G1 E2.5 F6000
M204 P1000
;TYPE:Outer wall
;WIDTH:0.42
G1 F2894
G1 X72.21 Y111.79 E.20911
G1 X72.21 Y108.21 E.08725
G1 X80.79 Y108.21 E.20911
G1 X80.79 Y111.73 E.08579
G1 X80.376 Y111.376 F18000
G1 X80.389 Y111.389
M204 P1500
;TYPE:Inner wall
;WIDTH:0.45
G1 F2894
G1 X72.611 Y111.389 E.20433
G1 X72.611 Y108.611 E.07299
G1 X80.389 Y108.611 E.20433
G1 X80.389 Y111.329 E.07141
G1 X79.974 Y110.974 F18000
G1 F2894
G1 X73.026 Y110.974 E.18249
G1 X73.026 Y109.026 E.05115
G1 X79.974 Y109.026 E.18249
G1 X79.974 Y110.914 E.04958
G1 X79.558 Y110.558 F18000
G1 F2894
G1 X73.442 Y110.558 E.16065
G1 X73.442 Y109.442 E.02932
G1 X79.558 Y109.442 E.16065
G1 X79.558 Y110.498 E.02774
G1 X79.142 Y110.142 F18000
G1 F2894
G1 X73.858 Y110.142 E.13882
G1 X73.858 Y109.858 E.00748
G1 X79.142 Y109.858 E.13882
G1 X79.142 Y110.082 E.0059
G1 E-1.75 F6000
;WIPE_START
G1 X78.142 Y110.094 E-.75
;WIPE_END
G1 X80.376 Y110.236 Z14.52 F18000
G1 X91.624 Y110.955
G1 X104.276 Y111.376
G1 X104.69 Y111.79
G1 Z14.32
G1 E2.5 F6000
M204 P1000
;TYPE:Outer wall
;WIDTH:0.42
G1 F2894
G1 X91.21 Y111.79 E.32853
G1 X91.21 Y108.21 E.08725
G1 X104.69 Y108.21 E.32853
G1 X104.69 Y111.73 E.08579
G1 X104.276 Y111.376 F18000
G1 X104.289 Y111.389
M204 P1500
;TYPE:Inner wall
;WIDTH:0.45
G1 F2894
G1 X91.611 Y111.389 E.33304
G1 X91.611 Y108.611 E.07299
G1 X104.289 Y108.611 E.33304
G1 X104.289 Y111.329 E.07141
G1 X103.874 Y110.974 F18000
G1 F2894
G1 X92.026 Y110.974 E.3112
G1 X92.026 Y109.026 E.05115
G1 X103.874 Y109.026 E.3112
G1 X103.874 Y110.914 E.04958
G1 X103.458 Y110.558 F18000
G1 F2894
G1 X92.442 Y110.558 E.28936
G1 X92.442 Y109.442 E.02932
G1 X103.458 Y109.442 E.28936
G1 X103.458 Y110.498 E.02774
G1 X103.042 Y110.142 F18000
G1 F2894
G1 X92.858 Y110.142 E.26753
G1 X92.858 Y109.858 E.00748
G1 X103.042 Y109.858 E.26753
G1 X103.042 Y110.082 E.0059
G1 E-1.75 F6000
;WIPE_START
G1 X102.042 Y110.088 E-.75
;WIPE_END
G1 X104.276 Y110.231 Z14.52 F18000
G1 X115.724 Y110.965
G1 X128.176 Y111.376
G1 X128.59 Y111.79
G1 Z14.32
G1 E2.5 F6000
M204 P1000
;TYPE:Outer wall
;WIDTH:0.42
G1 F2894
G1 X115.31 Y111.79 E.32366
G1 X115.31 Y108.21 E.08725
G1 X128.59 Y108.21 E.32366
G1 X128.59 Y111.73 E.08579
G1 X128.176 Y111.376 F18000
G1 X128.189 Y111.389
M204 P1500
;TYPE:Inner wall
;WIDTH:0.45
G1 F2894
G1 X115.711 Y111.389 E.32778
G1 X115.711 Y108.611 E.07299
G1 X128.189 Y108.611 E.32778
G1 X128.189 Y111.329 E.07141
G1 X127.774 Y110.974 F18000
G1 F2894
G1 X116.126 Y110.974 E.30595
G1 X116.126 Y109.026 E.05115
G1 X127.774 Y109.026 E.30595
G1 X127.774 Y110.914 E.04958
G1 X127.358 Y110.558 F18000
G1 F2894
G1 X116.542 Y110.558 E.28411
G1 X116.542 Y109.442 E.02932
G1 X127.358 Y109.442 E.28411
G1 X127.358 Y110.498 E.02774
G1 X126.942 Y110.142 F18000
G1 F2894
G1 X116.958 Y110.142 E.26227
G1 X116.958 Y109.858 E.00748
G1 X126.942 Y109.858 E.26227
G1 X126.942 Y110.082 E.0059
G1 E-1.75 F6000
;WIPE_START
G1 X125.942 Y110.088 E-.75
;WIPE_END
G1 X128.176 Y110.262 Z14.52 F18000
G1 X139.824 Y111.17
G1 X147.376 Y111.376
G1 X147.79 Y111.79
G1 Z14.32
G1 E2.5 F6000
M204 P1000
;TYPE:Outer wall
;WIDTH:0.42
G1 F2894
G1 X139.41 Y111.79 E.20424
G1 X139.41 Y108.21 E.08725
G1 X147.79 Y108.21 E.20424
G1 X147.79 Y111.73 E.08579
G1 X147.376 Y111.376 F18000
G1 X147.389 Y111.389
M204 P1500
;TYPE:Inner wall
;WIDTH:0.45
G1 F2894
G1 X139.811 Y111.389 E.19907
G1 X139.811 Y108.611 E.07299
G1 X147.389 Y108.611 E.19907
G1 X147.389 Y111.329 E.07141
G1 X146.974 Y110.974 F18000
G1 F2894
G1 X140.226 Y110.974 E.17724
G1 X140.226 Y109.026 E.05115
G1 X146.974 Y109.026 E.17724
G1 X146.974 Y110.914 E.04958
G1 X146.558 Y110.558 F18000
G1 F2894
G1 X140.642 Y110.558 E.1554
G1 X140.642 Y109.442 E.02932
G1 X146.558 Y109.442 E.1554
G1 X146.558 Y110.498 E.02774
G1 X146.142 Y110.142 F18000
G1 F2894
G1 X141.058 Y110.142 E.13356
G1 X141.058 Y109.858 E.00748
G1 X146.142 Y109.858 E.13356
G1 X146.142 Y110.082 E.0059
; stop printing object pogo_receiver_coupon.stl id:0 copy 0
;LAYER_CHANGE
;Z:14.48
;HEIGHT:0.16
G92 E0 ; zero the extruded length again
; BEFORE_LAYER_CHANGE 89 @ 14.48mm
G1 E-1.75 F6000
;WIPE_START
G1 X145.142 Y110.094 E-.75
;WIPE_END
; AFTER_LAYER_CHANGE 89 @ 14.48mm
;_SET_FAN_SPEED_CHANGING_LAYER
; printing object pogo_receiver_coupon.stl id:0 copy 0
G1 F18000
G1 X144.661 Y109.878 Z14.5086
G1 X144.53 Y109.366 Z14.5371
G1 X144.848 Y108.945 Z14.5657
G1 X145.376 Y108.931 Z14.5943
G1 X145.716 Y109.335 Z14.6229
G1 X145.612 Y109.853 Z14.6514
G1 X145.142 Y110.094 Z14.68
G1 X139.824 Y110.234 Z14.68
G1 X128.176 Y110.541
G1 X115.724 Y110.869
G1 X104.276 Y111.171
G1 X96.481 Y111.376
G1 X80.376 Y111.376
G1 X80.79 Y111.79
G1 Z14.48
G1 E2.5 F6000
M204 P1000
;TYPE:Outer wall
;WIDTH:0.42
G1 F2894
G1 X72.21 Y111.79 E.20911
G1 X72.21 Y108.21 E.08725
G1 X80.79 Y108.21 E.20911
G1 X80.79 Y111.73 E.08579
G1 X80.376 Y111.376 F18000
G1 X80.389 Y111.389
M204 P1500
;TYPE:Inner wall
;WIDTH:0.45
G1 F2894
G1 X72.611 Y111.389 E.20433
G1 X72.611 Y108.611 E.07299
G1 X80.389 Y108.611 E.20433
G1 X80.389 Y111.329 E.07141
G1 X79.974 Y110.974 F18000
G1 F2894
G1 X73.026 Y110.974 E.18249
G1 X73.026 Y109.026 E.05115
G1 X79.974 Y109.026 E.18249
G1 X79.974 Y110.914 E.04958
G1 X79.558 Y110.558 F18000
G1 F2894
G1 X73.442 Y110.558 E.16065
G1 X73.442 Y109.442 E.02932
G1 X79.558 Y109.442 E.16065
G1 X79.558 Y110.498 E.02774
G1 X79.142 Y110.142 F18000
G1 F2894
G1 X73.858 Y110.142 E.13882
G1 X73.858 Y109.858 E.00748
G1 X79.142 Y109.858 E.13882
G1 X79.142 Y110.082 E.0059
G1 E-1.75 F6000
;WIPE_START
G1 X78.142 Y110.094 E-.75
;WIPE_END
G1 X80.376 Y110.236 Z14.68 F18000
G1 X91.624 Y110.955
G1 X104.276 Y111.376
G1 X104.69 Y111.79
G1 Z14.48
G1 E2.5 F6000
M204 P1000
;TYPE:Outer wall
;WIDTH:0.42
G1 F2894
G1 X91.21 Y111.79 E.32853
G1 X91.21 Y108.21 E.08725
G1 X104.69 Y108.21 E.32853
G1 X104.69 Y111.73 E.08579
G1 X104.276 Y111.376 F18000
G1 X104.289 Y111.389
M204 P1500
;TYPE:Inner wall
;WIDTH:0.45
G1 F2894
G1 X91.611 Y111.389 E.33304
G1 X91.611 Y108.611 E.07299
G1 X104.289 Y108.611 E.33304
G1 X104.289 Y111.329 E.07141
G1 X103.874 Y110.974 F18000
G1 F2894
G1 X92.026 Y110.974 E.3112
G1 X92.026 Y109.026 E.05115
G1 X103.874 Y109.026 E.3112
G1 X103.874 Y110.914 E.04958
G1 X103.458 Y110.558 F18000
G1 F2894
G1 X92.442 Y110.558 E.28936
G1 X92.442 Y109.442 E.02932
G1 X103.458 Y109.442 E.28936
G1 X103.458 Y110.498 E.02774
G1 X103.042 Y110.142 F18000
G1 F2894
G1 X92.858 Y110.142 E.26753
G1 X92.858 Y109.858 E.00748
G1 X103.042 Y109.858 E.26753
G1 X103.042 Y110.082 E.0059
G1 E-1.75 F6000
;WIPE_START
G1 X102.042 Y110.088 E-.75
;WIPE_END
G1 X104.276 Y110.231 Z14.68 F18000
G1 X115.724 Y110.965
G1 X128.176 Y111.376
G1 X128.59 Y111.79
G1 Z14.48
G1 E2.5 F6000
M204 P1000
;TYPE:Outer wall
;WIDTH:0.42
G1 F2894
G1 X115.31 Y111.79 E.32366
G1 X115.31 Y108.21 E.08725
G1 X128.59 Y108.21 E.32366
G1 X128.59 Y111.73 E.08579
G1 X128.176 Y111.376 F18000
G1 X128.189 Y111.389
M204 P1500
;TYPE:Inner wall
;WIDTH:0.45
G1 F2894
G1 X115.711 Y111.389 E.32778
G1 X115.711 Y108.611 E.07299
G1 X128.189 Y108.611 E.32778
G1 X128.189 Y111.329 E.07141
G1 X127.774 Y110.974 F18000
G1 F2894
G1 X116.126 Y110.974 E.30595
G1 X116.126 Y109.026 E.05115
G1 X127.774 Y109.026 E.30595
G1 X127.774 Y110.914 E.04958
G1 X127.358 Y110.558 F18000
G1 F2894
G1 X116.542 Y110.558 E.28411
G1 X116.542 Y109.442 E.02932
G1 X127.358 Y109.442 E.28411
G1 X127.358 Y110.498 E.02774
G1 X126.942 Y110.142 F18000
G1 F2894
G1 X116.958 Y110.142 E.26227
G1 X116.958 Y109.858 E.00748
G1 X126.942 Y109.858 E.26227
G1 X126.942 Y110.082 E.0059
G1 E-1.75 F6000
;WIPE_START
G1 X125.942 Y110.088 E-.75
;WIPE_END
G1 X128.176 Y110.262 Z14.68 F18000
G1 X139.824 Y111.17
G1 X147.376 Y111.376
G1 X147.79 Y111.79
G1 Z14.48
G1 E2.5 F6000
M204 P1000
;TYPE:Outer wall
;WIDTH:0.42
G1 F2894
G1 X139.41 Y111.79 E.20424
G1 X139.41 Y108.21 E.08725
G1 X147.79 Y108.21 E.20424
G1 X147.79 Y111.73 E.08579
G1 X147.376 Y111.376 F18000
G1 X147.389 Y111.389
M204 P1500
;TYPE:Inner wall
;WIDTH:0.45
G1 F2894
G1 X139.811 Y111.389 E.19907
G1 X139.811 Y108.611 E.07299
G1 X147.389 Y108.611 E.19907
G1 X147.389 Y111.329 E.07141
G1 X146.974 Y110.974 F18000
G1 F2894
G1 X140.226 Y110.974 E.17724
G1 X140.226 Y109.026 E.05115
G1 X146.974 Y109.026 E.17724
G1 X146.974 Y110.914 E.04958
G1 X146.558 Y110.558 F18000
G1 F2894
G1 X140.642 Y110.558 E.1554
G1 X140.642 Y109.442 E.02932
G1 X146.558 Y109.442 E.1554
G1 X146.558 Y110.498 E.02774
G1 X146.142 Y110.142 F18000
G1 F2894
G1 X141.058 Y110.142 E.13356
G1 X141.058 Y109.858 E.00748
G1 X146.142 Y109.858 E.13356
G1 X146.142 Y110.082 E.0059
; stop printing object pogo_receiver_coupon.stl id:0 copy 0
;LAYER_CHANGE
;Z:14.64
;HEIGHT:0.160001
G92 E0 ; zero the extruded length again
; BEFORE_LAYER_CHANGE 90 @ 14.64mm
G1 E-1.75 F6000
;WIPE_START
G1 X145.142 Y110.094 E-.75
;WIPE_END
; AFTER_LAYER_CHANGE 90 @ 14.64mm
;_SET_FAN_SPEED_CHANGING_LAYER
; printing object pogo_receiver_coupon.stl id:0 copy 0
G1 F18000
G1 X144.661 Y109.878 Z14.6686
G1 X144.53 Y109.366 Z14.6971
G1 X144.848 Y108.945 Z14.7257
G1 X145.376 Y108.931 Z14.7543
G1 X145.716 Y109.335 Z14.7829
G1 X145.612 Y109.853 Z14.8114
G1 X145.142 Y110.094 Z14.84
G1 X139.824 Y110.234 Z14.84
G1 X128.176 Y110.541
G1 X115.724 Y110.869
G1 X104.276 Y111.171
G1 X96.481 Y111.376
G1 X80.376 Y111.376
G1 X80.79 Y111.79
G1 Z14.64
G1 E2.5 F6000
M204 P1000
;TYPE:Outer wall
;WIDTH:0.42
G1 F2894
G1 X72.21 Y111.79 E.20911
G1 X72.21 Y108.21 E.08725
G1 X80.79 Y108.21 E.20911
G1 X80.79 Y111.73 E.08579
G1 X80.376 Y111.376 F18000
G1 X80.389 Y111.389
M204 P1500
;TYPE:Inner wall
;WIDTH:0.45
G1 F2894
G1 X72.611 Y111.389 E.20433
G1 X72.611 Y108.611 E.07299
G1 X80.389 Y108.611 E.20433
G1 X80.389 Y111.329 E.07141
G1 X79.974 Y110.974 F18000
G1 F2894
G1 X73.026 Y110.974 E.18249
G1 X73.026 Y109.026 E.05115
G1 X79.974 Y109.026 E.18249
G1 X79.974 Y110.914 E.04958
G1 X79.558 Y110.558 F18000
G1 F2894
G1 X73.442 Y110.558 E.16065
G1 X73.442 Y109.442 E.02932
G1 X79.558 Y109.442 E.16065
G1 X79.558 Y110.498 E.02774
G1 X79.142 Y110.142 F18000
G1 F2894
G1 X73.858 Y110.142 E.13882
G1 X73.858 Y109.858 E.00748
G1 X79.142 Y109.858 E.13882
G1 X79.142 Y110.082 E.0059
G1 E-1.75 F6000
;WIPE_START
G1 X78.142 Y110.094 E-.75
;WIPE_END
G1 X80.376 Y110.236 Z14.84 F18000
G1 X91.624 Y110.955
G1 X104.276 Y111.376
G1 X104.69 Y111.79
G1 Z14.64
G1 E2.5 F6000
M204 P1000
;TYPE:Outer wall
;WIDTH:0.42
G1 F2894
G1 X91.21 Y111.79 E.32853
G1 X91.21 Y108.21 E.08725
G1 X104.69 Y108.21 E.32853
G1 X104.69 Y111.73 E.08579
G1 X104.276 Y111.376 F18000
G1 X104.289 Y111.389
M204 P1500
;TYPE:Inner wall
;WIDTH:0.45
G1 F2894
G1 X91.611 Y111.389 E.33304
G1 X91.611 Y108.611 E.07299
G1 X104.289 Y108.611 E.33304
G1 X104.289 Y111.329 E.07141
G1 X103.874 Y110.974 F18000
G1 F2894
G1 X92.026 Y110.974 E.3112
G1 X92.026 Y109.026 E.05115
G1 X103.874 Y109.026 E.3112
G1 X103.874 Y110.914 E.04958
G1 X103.458 Y110.558 F18000
G1 F2894
G1 X92.442 Y110.558 E.28936
G1 X92.442 Y109.442 E.02932
G1 X103.458 Y109.442 E.28936
G1 X103.458 Y110.498 E.02774
G1 X103.042 Y110.142 F18000
G1 F2894
G1 X92.858 Y110.142 E.26753
G1 X92.858 Y109.858 E.00748
G1 X103.042 Y109.858 E.26753
G1 X103.042 Y110.082 E.0059
G1 E-1.75 F6000
;WIPE_START
G1 X102.042 Y110.088 E-.75
;WIPE_END
G1 X104.276 Y110.231 Z14.84 F18000
G1 X115.724 Y110.965
G1 X128.176 Y111.376
G1 X128.59 Y111.79
G1 Z14.64
G1 E2.5 F6000
M204 P1000
;TYPE:Outer wall
;WIDTH:0.42
G1 F2894
G1 X115.31 Y111.79 E.32366
G1 X115.31 Y108.21 E.08725
G1 X128.59 Y108.21 E.32366
G1 X128.59 Y111.73 E.08579
G1 X128.176 Y111.376 F18000
G1 X128.189 Y111.389
M204 P1500
;TYPE:Inner wall
;WIDTH:0.45
G1 F2894
G1 X115.711 Y111.389 E.32778
G1 X115.711 Y108.611 E.07299
G1 X128.189 Y108.611 E.32778
G1 X128.189 Y111.329 E.07141
G1 X127.774 Y110.974 F18000
G1 F2894
G1 X116.126 Y110.974 E.30595
G1 X116.126 Y109.026 E.05115
G1 X127.774 Y109.026 E.30595
G1 X127.774 Y110.914 E.04958
G1 X127.358 Y110.558 F18000
G1 F2894
G1 X116.542 Y110.558 E.28411
G1 X116.542 Y109.442 E.02932
G1 X127.358 Y109.442 E.28411
G1 X127.358 Y110.498 E.02774
G1 X126.942 Y110.142 F18000
G1 F2894
G1 X116.958 Y110.142 E.26227
G1 X116.958 Y109.858 E.00748
G1 X126.942 Y109.858 E.26227
G1 X126.942 Y110.082 E.0059
G1 E-1.75 F6000
;WIPE_START
G1 X125.942 Y110.088 E-.75
;WIPE_END
G1 X128.176 Y110.262 Z14.84 F18000
G1 X139.824 Y111.17
G1 X147.376 Y111.376
G1 X147.79 Y111.79
G1 Z14.64
G1 E2.5 F6000
M204 P1000
;TYPE:Outer wall
;WIDTH:0.42
G1 F2894
G1 X139.41 Y111.79 E.20424
G1 X139.41 Y108.21 E.08725
G1 X147.79 Y108.21 E.20424
G1 X147.79 Y111.73 E.08579
G1 X147.376 Y111.376 F18000
G1 X147.389 Y111.389
M204 P1500
;TYPE:Inner wall
;WIDTH:0.45
G1 F2894
G1 X139.811 Y111.389 E.19907
G1 X139.811 Y108.611 E.07299
G1 X147.389 Y108.611 E.19907
G1 X147.389 Y111.329 E.07141
G1 X146.974 Y110.974 F18000
G1 F2894
G1 X140.226 Y110.974 E.17724
G1 X140.226 Y109.026 E.05115
G1 X146.974 Y109.026 E.17724
G1 X146.974 Y110.914 E.04958
G1 X146.558 Y110.558 F18000
G1 F2894
G1 X140.642 Y110.558 E.1554
G1 X140.642 Y109.442 E.02932
G1 X146.558 Y109.442 E.1554
G1 X146.558 Y110.498 E.02774
G1 X146.142 Y110.142 F18000
G1 F2894
G1 X141.058 Y110.142 E.13356
G1 X141.058 Y109.858 E.00748
G1 X146.142 Y109.858 E.13356
G1 X146.142 Y110.082 E.0059
; stop printing object pogo_receiver_coupon.stl id:0 copy 0
;LAYER_CHANGE
;Z:14.8
;HEIGHT:0.16
G92 E0 ; zero the extruded length again
; BEFORE_LAYER_CHANGE 91 @ 14.8mm
G1 E-1.75 F6000
;WIPE_START
G1 X145.142 Y110.094 E-.75
;WIPE_END
; AFTER_LAYER_CHANGE 91 @ 14.8mm
;_SET_FAN_SPEED_CHANGING_LAYER
; printing object pogo_receiver_coupon.stl id:0 copy 0
G1 F18000
G1 X144.661 Y109.878 Z14.8286
G1 X144.53 Y109.366 Z14.8571
G1 X144.848 Y108.945 Z14.8857
G1 X145.376 Y108.931 Z14.9143
G1 X145.716 Y109.335 Z14.9429
G1 X145.612 Y109.853 Z14.9714
G1 X145.142 Y110.094 Z15
G1 X139.824 Y110.234 Z15
G1 X128.176 Y110.541
G1 X115.724 Y110.869
G1 X104.276 Y111.171
G1 X96.481 Y111.376
G1 X80.376 Y111.376
G1 X80.79 Y111.79
G1 Z14.8
G1 E2.5 F6000
M204 P1000
;TYPE:Outer wall
;WIDTH:0.42
G1 F2894
G1 X72.21 Y111.79 E.20911
G1 X72.21 Y108.21 E.08725
G1 X80.79 Y108.21 E.20911
G1 X80.79 Y111.73 E.08579
G1 X80.376 Y111.376 F18000
G1 X80.389 Y111.389
M204 P1500
;TYPE:Inner wall
;WIDTH:0.45
G1 F2894
G1 X72.611 Y111.389 E.20433
G1 X72.611 Y108.611 E.07299
G1 X80.389 Y108.611 E.20433
G1 X80.389 Y111.329 E.07141
G1 X79.974 Y110.974 F18000
G1 F2894
G1 X73.026 Y110.974 E.18249
G1 X73.026 Y109.026 E.05115
G1 X79.974 Y109.026 E.18249
G1 X79.974 Y110.914 E.04958
G1 X79.558 Y110.558 F18000
G1 F2894
G1 X73.442 Y110.558 E.16065
G1 X73.442 Y109.442 E.02932
G1 X79.558 Y109.442 E.16065
G1 X79.558 Y110.498 E.02774
G1 X79.142 Y110.142 F18000
G1 F2894
G1 X73.858 Y110.142 E.13882
G1 X73.858 Y109.858 E.00748
G1 X79.142 Y109.858 E.13882
G1 X79.142 Y110.082 E.0059
G1 E-1.75 F6000
;WIPE_START
G1 X78.142 Y110.094 E-.75
;WIPE_END
G1 X80.376 Y110.236 Z15 F18000
G1 X91.624 Y110.955
G1 X104.276 Y111.376
G1 X104.69 Y111.79
G1 Z14.8
G1 E2.5 F6000
M204 P1000
;TYPE:Outer wall
;WIDTH:0.42
G1 F2894
G1 X91.21 Y111.79 E.32853
G1 X91.21 Y108.21 E.08725
G1 X104.69 Y108.21 E.32853
G1 X104.69 Y111.73 E.08579
G1 X104.276 Y111.376 F18000
G1 X104.289 Y111.389
M204 P1500
;TYPE:Inner wall
;WIDTH:0.45
G1 F2894
G1 X91.611 Y111.389 E.33304
G1 X91.611 Y108.611 E.07299
G1 X104.289 Y108.611 E.33304
G1 X104.289 Y111.329 E.07141
G1 X103.874 Y110.974 F18000
G1 F2894
G1 X92.026 Y110.974 E.3112
G1 X92.026 Y109.026 E.05115
G1 X103.874 Y109.026 E.3112
G1 X103.874 Y110.914 E.04958
G1 X103.458 Y110.558 F18000
G1 F2894
G1 X92.442 Y110.558 E.28936
G1 X92.442 Y109.442 E.02932
G1 X103.458 Y109.442 E.28936
G1 X103.458 Y110.498 E.02774
G1 X103.042 Y110.142 F18000
G1 F2894
G1 X92.858 Y110.142 E.26753
G1 X92.858 Y109.858 E.00748
G1 X103.042 Y109.858 E.26753
G1 X103.042 Y110.082 E.0059
G1 E-1.75 F6000
;WIPE_START
G1 X102.042 Y110.088 E-.75
;WIPE_END
G1 X104.276 Y110.231 Z15 F18000
G1 X115.724 Y110.965
G1 X128.176 Y111.376
G1 X128.59 Y111.79
G1 Z14.8
G1 E2.5 F6000
M204 P1000
;TYPE:Outer wall
;WIDTH:0.42
G1 F2894
G1 X115.31 Y111.79 E.32366
G1 X115.31 Y108.21 E.08725
G1 X128.59 Y108.21 E.32366
G1 X128.59 Y111.73 E.08579
G1 X128.176 Y111.376 F18000
G1 X128.189 Y111.389
M204 P1500
;TYPE:Inner wall
;WIDTH:0.45
G1 F2894
G1 X115.711 Y111.389 E.32778
G1 X115.711 Y108.611 E.07299
G1 X128.189 Y108.611 E.32778
G1 X128.189 Y111.329 E.07141
G1 X127.774 Y110.974 F18000
G1 F2894
G1 X116.126 Y110.974 E.30595
G1 X116.126 Y109.026 E.05115
G1 X127.774 Y109.026 E.30595
G1 X127.774 Y110.914 E.04958
G1 X127.358 Y110.558 F18000
G1 F2894
G1 X116.542 Y110.558 E.28411
G1 X116.542 Y109.442 E.02932
G1 X127.358 Y109.442 E.28411
G1 X127.358 Y110.498 E.02774
G1 X126.942 Y110.142 F18000
G1 F2894
G1 X116.958 Y110.142 E.26227
G1 X116.958 Y109.858 E.00748
G1 X126.942 Y109.858 E.26227
G1 X126.942 Y110.082 E.0059
G1 E-1.75 F6000
;WIPE_START
G1 X125.942 Y110.088 E-.75
;WIPE_END
G1 X128.176 Y110.262 Z15 F18000
G1 X139.824 Y111.17
G1 X147.376 Y111.376
G1 X147.79 Y111.79
G1 Z14.8
G1 E2.5 F6000
M204 P1000
;TYPE:Outer wall
;WIDTH:0.42
G1 F2894
G1 X139.41 Y111.79 E.20424
G1 X139.41 Y108.21 E.08725
G1 X147.79 Y108.21 E.20424
G1 X147.79 Y111.73 E.08579
G1 X147.376 Y111.376 F18000
G1 X147.389 Y111.389
M204 P1500
;TYPE:Inner wall
;WIDTH:0.45
G1 F2894
G1 X139.811 Y111.389 E.19907
G1 X139.811 Y108.611 E.07299
G1 X147.389 Y108.611 E.19907
G1 X147.389 Y111.329 E.07141
G1 X146.974 Y110.974 F18000
G1 F2894
G1 X140.226 Y110.974 E.17724
G1 X140.226 Y109.026 E.05115
G1 X146.974 Y109.026 E.17724
G1 X146.974 Y110.914 E.04958
G1 X146.558 Y110.558 F18000
G1 F2894
G1 X140.642 Y110.558 E.1554
G1 X140.642 Y109.442 E.02932
G1 X146.558 Y109.442 E.1554
G1 X146.558 Y110.498 E.02774
G1 X146.142 Y110.142 F18000
G1 F2894
G1 X141.058 Y110.142 E.13356
G1 X141.058 Y109.858 E.00748
G1 X146.142 Y109.858 E.13356
G1 X146.142 Y110.082 E.0059
; stop printing object pogo_receiver_coupon.stl id:0 copy 0
;LAYER_CHANGE
;Z:14.96
;HEIGHT:0.16
G92 E0 ; zero the extruded length again
; BEFORE_LAYER_CHANGE 92 @ 14.96mm
G1 E-1.75 F6000
;WIPE_START
G1 X145.142 Y110.094 E-.75
;WIPE_END
; AFTER_LAYER_CHANGE 92 @ 14.96mm
;_SET_FAN_SPEED_CHANGING_LAYER
; printing object pogo_receiver_coupon.stl id:0 copy 0
G1 F18000
G1 X144.661 Y109.878 Z14.9886
G1 X144.53 Y109.366 Z15.0171
G1 X144.848 Y108.945 Z15.0457
G1 X145.376 Y108.931 Z15.0743
G1 X145.716 Y109.335 Z15.1029
G1 X145.612 Y109.853 Z15.1314
G1 X145.142 Y110.094 Z15.16
G1 X139.824 Y110.234 Z15.16
G1 X128.176 Y110.541
G1 X115.724 Y110.869
G1 X104.276 Y111.171
G1 X96.481 Y111.376
G1 X80.376 Y111.376
G1 X80.79 Y111.79
G1 Z14.96
G1 E2.5 F6000
M204 P1000
;TYPE:Outer wall
;WIDTH:0.42
G1 F2894
G1 X72.21 Y111.79 E.20911
G1 X72.21 Y108.21 E.08725
G1 X80.79 Y108.21 E.20911
G1 X80.79 Y111.73 E.08579
G1 X80.376 Y111.376 F18000
G1 X80.389 Y111.389
M204 P1500
;TYPE:Inner wall
;WIDTH:0.45
G1 F2894
G1 X72.611 Y111.389 E.20433
G1 X72.611 Y108.611 E.07299
G1 X80.389 Y108.611 E.20433
G1 X80.389 Y111.329 E.07141
G1 X79.974 Y110.974 F18000
G1 F2894
G1 X73.026 Y110.974 E.18249
G1 X73.026 Y109.026 E.05115
G1 X79.974 Y109.026 E.18249
G1 X79.974 Y110.914 E.04958
G1 X79.558 Y110.558 F18000
G1 F2894
G1 X73.442 Y110.558 E.16065
G1 X73.442 Y109.442 E.02932
G1 X79.558 Y109.442 E.16065
G1 X79.558 Y110.498 E.02774
G1 X79.142 Y110.142 F18000
G1 F2894
G1 X73.858 Y110.142 E.13882
G1 X73.858 Y109.858 E.00748
G1 X79.142 Y109.858 E.13882
G1 X79.142 Y110.082 E.0059
G1 E-1.75 F6000
;WIPE_START
G1 X78.142 Y110.094 E-.75
;WIPE_END
G1 X80.376 Y110.236 Z15.16 F18000
G1 X91.624 Y110.955
G1 X104.276 Y111.376
G1 X104.69 Y111.79
G1 Z14.96
G1 E2.5 F6000
M204 P1000
;TYPE:Outer wall
;WIDTH:0.42
G1 F2894
G1 X91.21 Y111.79 E.32853
G1 X91.21 Y108.21 E.08725
G1 X104.69 Y108.21 E.32853
G1 X104.69 Y111.73 E.08579
G1 X104.276 Y111.376 F18000
G1 X104.289 Y111.389
M204 P1500
;TYPE:Inner wall
;WIDTH:0.45
G1 F2894
G1 X91.611 Y111.389 E.33304
G1 X91.611 Y108.611 E.07299
G1 X104.289 Y108.611 E.33304
G1 X104.289 Y111.329 E.07141
G1 X103.874 Y110.974 F18000
G1 F2894
G1 X92.026 Y110.974 E.3112
G1 X92.026 Y109.026 E.05115
G1 X103.874 Y109.026 E.3112
G1 X103.874 Y110.914 E.04958
G1 X103.458 Y110.558 F18000
G1 F2894
G1 X92.442 Y110.558 E.28936
G1 X92.442 Y109.442 E.02932
G1 X103.458 Y109.442 E.28936
G1 X103.458 Y110.498 E.02774
G1 X103.042 Y110.142 F18000
G1 F2894
G1 X92.858 Y110.142 E.26753
G1 X92.858 Y109.858 E.00748
G1 X103.042 Y109.858 E.26753
G1 X103.042 Y110.082 E.0059
G1 E-1.75 F6000
;WIPE_START
G1 X102.042 Y110.088 E-.75
;WIPE_END
G1 X104.276 Y110.231 Z15.16 F18000
G1 X115.724 Y110.965
G1 X128.176 Y111.376
G1 X128.59 Y111.79
G1 Z14.96
G1 E2.5 F6000
M204 P1000
;TYPE:Outer wall
;WIDTH:0.42
G1 F2894
G1 X115.31 Y111.79 E.32366
G1 X115.31 Y108.21 E.08725
G1 X128.59 Y108.21 E.32366
G1 X128.59 Y111.73 E.08579
G1 X128.176 Y111.376 F18000
G1 X128.189 Y111.389
M204 P1500
;TYPE:Inner wall
;WIDTH:0.45
G1 F2894
G1 X115.711 Y111.389 E.32778
G1 X115.711 Y108.611 E.07299
G1 X128.189 Y108.611 E.32778
G1 X128.189 Y111.329 E.07141
G1 X127.774 Y110.974 F18000
G1 F2894
G1 X116.126 Y110.974 E.30595
G1 X116.126 Y109.026 E.05115
G1 X127.774 Y109.026 E.30595
G1 X127.774 Y110.914 E.04958
G1 X127.358 Y110.558 F18000
G1 F2894
G1 X116.542 Y110.558 E.28411
G1 X116.542 Y109.442 E.02932
G1 X127.358 Y109.442 E.28411
G1 X127.358 Y110.498 E.02774
G1 X126.942 Y110.142 F18000
G1 F2894
G1 X116.958 Y110.142 E.26227
G1 X116.958 Y109.858 E.00748
G1 X126.942 Y109.858 E.26227
G1 X126.942 Y110.082 E.0059
G1 E-1.75 F6000
;WIPE_START
G1 X125.942 Y110.088 E-.75
;WIPE_END
G1 X128.176 Y110.262 Z15.16 F18000
G1 X139.824 Y111.17
G1 X147.376 Y111.376
G1 X147.79 Y111.79
G1 Z14.96
G1 E2.5 F6000
M204 P1000
;TYPE:Outer wall
;WIDTH:0.42
G1 F2894
G1 X139.41 Y111.79 E.20424
G1 X139.41 Y108.21 E.08725
G1 X147.79 Y108.21 E.20424
G1 X147.79 Y111.73 E.08579
G1 X147.376 Y111.376 F18000
G1 X147.389 Y111.389
M204 P1500
;TYPE:Inner wall
;WIDTH:0.45
G1 F2894
G1 X139.811 Y111.389 E.19907
G1 X139.811 Y108.611 E.07299
G1 X147.389 Y108.611 E.19907
G1 X147.389 Y111.329 E.07141
G1 X146.974 Y110.974 F18000
G1 F2894
G1 X140.226 Y110.974 E.17724
G1 X140.226 Y109.026 E.05115
G1 X146.974 Y109.026 E.17724
G1 X146.974 Y110.914 E.04958
G1 X146.558 Y110.558 F18000
G1 F2894
G1 X140.642 Y110.558 E.1554
G1 X140.642 Y109.442 E.02932
G1 X146.558 Y109.442 E.1554
G1 X146.558 Y110.498 E.02774
G1 X146.142 Y110.142 F18000
G1 F2894
G1 X141.058 Y110.142 E.13356
G1 X141.058 Y109.858 E.00748
G1 X146.142 Y109.858 E.13356
G1 X146.142 Y110.082 E.0059
; stop printing object pogo_receiver_coupon.stl id:0 copy 0
;LAYER_CHANGE
;Z:15.12
;HEIGHT:0.16
G92 E0 ; zero the extruded length again
; BEFORE_LAYER_CHANGE 93 @ 15.12mm
G1 E-1.75 F6000
;WIPE_START
G1 X145.142 Y110.094 E-.75
;WIPE_END
; AFTER_LAYER_CHANGE 93 @ 15.12mm
;_SET_FAN_SPEED_CHANGING_LAYER
; printing object pogo_receiver_coupon.stl id:0 copy 0
G1 F18000
G1 X144.661 Y109.878 Z15.1486
G1 X144.53 Y109.366 Z15.1771
G1 X144.848 Y108.945 Z15.2057
G1 X145.376 Y108.931 Z15.2343
G1 X145.716 Y109.335 Z15.2629
G1 X145.612 Y109.853 Z15.2914
G1 X145.142 Y110.094 Z15.32
G1 X139.824 Y110.234 Z15.32
G1 X128.176 Y110.541
G1 X115.724 Y110.869
G1 X104.276 Y111.171
G1 X96.481 Y111.376
G1 X80.376 Y111.376
G1 X80.79 Y111.79
G1 Z15.12
G1 E2.5 F6000
M204 P1000
;TYPE:Outer wall
;WIDTH:0.42
G1 F2894
G1 X72.21 Y111.79 E.20911
G1 X72.21 Y108.21 E.08725
G1 X80.79 Y108.21 E.20911
G1 X80.79 Y111.73 E.08579
G1 X80.376 Y111.376 F18000
G1 X80.389 Y111.389
M204 P1500
;TYPE:Inner wall
;WIDTH:0.45
G1 F2894
G1 X72.611 Y111.389 E.20433
G1 X72.611 Y108.611 E.07299
G1 X80.389 Y108.611 E.20433
G1 X80.389 Y111.329 E.07141
G1 X79.974 Y110.974 F18000
G1 F2894
G1 X73.026 Y110.974 E.18249
G1 X73.026 Y109.026 E.05115
G1 X79.974 Y109.026 E.18249
G1 X79.974 Y110.914 E.04958
G1 X79.558 Y110.558 F18000
G1 F2894
G1 X73.442 Y110.558 E.16065
G1 X73.442 Y109.442 E.02932
G1 X79.558 Y109.442 E.16065
G1 X79.558 Y110.498 E.02774
G1 X79.142 Y110.142 F18000
G1 F2894
G1 X73.858 Y110.142 E.13882
G1 X73.858 Y109.858 E.00748
G1 X79.142 Y109.858 E.13882
G1 X79.142 Y110.082 E.0059
G1 E-1.75 F6000
;WIPE_START
G1 X78.142 Y110.094 E-.75
;WIPE_END
G1 X80.376 Y110.236 Z15.32 F18000
G1 X91.624 Y110.955
G1 X104.276 Y111.376
G1 X104.69 Y111.79
G1 Z15.12
G1 E2.5 F6000
M204 P1000
;TYPE:Outer wall
;WIDTH:0.42
G1 F2894
G1 X91.21 Y111.79 E.32853
G1 X91.21 Y108.21 E.08725
G1 X104.69 Y108.21 E.32853
G1 X104.69 Y111.73 E.08579
G1 X104.276 Y111.376 F18000
G1 X104.289 Y111.389
M204 P1500
;TYPE:Inner wall
;WIDTH:0.45
G1 F2894
G1 X91.611 Y111.389 E.33304
G1 X91.611 Y108.611 E.07299
G1 X104.289 Y108.611 E.33304
G1 X104.289 Y111.329 E.07141
G1 X103.874 Y110.974 F18000
G1 F2894
G1 X92.026 Y110.974 E.3112
G1 X92.026 Y109.026 E.05115
G1 X103.874 Y109.026 E.3112
G1 X103.874 Y110.914 E.04958
G1 X103.458 Y110.558 F18000
G1 F2894
G1 X92.442 Y110.558 E.28936
G1 X92.442 Y109.442 E.02932
G1 X103.458 Y109.442 E.28936
G1 X103.458 Y110.498 E.02774
G1 X103.042 Y110.142 F18000
G1 F2894
G1 X92.858 Y110.142 E.26753
G1 X92.858 Y109.858 E.00748
G1 X103.042 Y109.858 E.26753
G1 X103.042 Y110.082 E.0059
G1 E-1.75 F6000
;WIPE_START
G1 X102.042 Y110.088 E-.75
;WIPE_END
G1 X104.276 Y110.231 Z15.32 F18000
G1 X115.724 Y110.965
G1 X128.176 Y111.376
G1 X128.59 Y111.79
G1 Z15.12
G1 E2.5 F6000
M204 P1000
;TYPE:Outer wall
;WIDTH:0.42
G1 F2894
G1 X115.31 Y111.79 E.32366
G1 X115.31 Y108.21 E.08725
G1 X128.59 Y108.21 E.32366
G1 X128.59 Y111.73 E.08579
G1 X128.176 Y111.376 F18000
G1 X128.189 Y111.389
M204 P1500
;TYPE:Inner wall
;WIDTH:0.45
G1 F2894
G1 X115.711 Y111.389 E.32778
G1 X115.711 Y108.611 E.07299
G1 X128.189 Y108.611 E.32778
G1 X128.189 Y111.329 E.07141
G1 X127.774 Y110.974 F18000
G1 F2894
G1 X116.126 Y110.974 E.30595
G1 X116.126 Y109.026 E.05115
G1 X127.774 Y109.026 E.30595
G1 X127.774 Y110.914 E.04958
G1 X127.358 Y110.558 F18000
G1 F2894
G1 X116.542 Y110.558 E.28411
G1 X116.542 Y109.442 E.02932
G1 X127.358 Y109.442 E.28411
G1 X127.358 Y110.498 E.02774
G1 X126.942 Y110.142 F18000
G1 F2894
G1 X116.958 Y110.142 E.26227
G1 X116.958 Y109.858 E.00748
G1 X126.942 Y109.858 E.26227
G1 X126.942 Y110.082 E.0059
G1 E-1.75 F6000
;WIPE_START
G1 X125.942 Y110.088 E-.75
;WIPE_END
G1 X128.176 Y110.262 Z15.32 F18000
G1 X139.824 Y111.17
G1 X147.376 Y111.376
G1 X147.79 Y111.79
G1 Z15.12
G1 E2.5 F6000
M204 P1000
;TYPE:Outer wall
;WIDTH:0.42
G1 F2894
G1 X139.41 Y111.79 E.20424
G1 X139.41 Y108.21 E.08725
G1 X147.79 Y108.21 E.20424
G1 X147.79 Y111.73 E.08579
G1 X147.376 Y111.376 F18000
G1 X147.389 Y111.389
M204 P1500
;TYPE:Inner wall
;WIDTH:0.45
G1 F2894
G1 X139.811 Y111.389 E.19907
G1 X139.811 Y108.611 E.07299
G1 X147.389 Y108.611 E.19907
G1 X147.389 Y111.329 E.07141
G1 X146.974 Y110.974 F18000
G1 F2894
G1 X140.226 Y110.974 E.17724
G1 X140.226 Y109.026 E.05115
G1 X146.974 Y109.026 E.17724
G1 X146.974 Y110.914 E.04958
G1 X146.558 Y110.558 F18000
G1 F2894
G1 X140.642 Y110.558 E.1554
G1 X140.642 Y109.442 E.02932
G1 X146.558 Y109.442 E.1554
G1 X146.558 Y110.498 E.02774
G1 X146.142 Y110.142 F18000
G1 F2894
G1 X141.058 Y110.142 E.13356
G1 X141.058 Y109.858 E.00748
G1 X146.142 Y109.858 E.13356
G1 X146.142 Y110.082 E.0059
; stop printing object pogo_receiver_coupon.stl id:0 copy 0
;LAYER_CHANGE
;Z:15.28
;HEIGHT:0.16
G92 E0 ; zero the extruded length again
; BEFORE_LAYER_CHANGE 94 @ 15.28mm
G1 E-1.75 F6000
;WIPE_START
G1 X145.142 Y110.094 E-.75
;WIPE_END
; AFTER_LAYER_CHANGE 94 @ 15.28mm
;_SET_FAN_SPEED_CHANGING_LAYER
; printing object pogo_receiver_coupon.stl id:0 copy 0
G1 F18000
G1 X144.661 Y109.878 Z15.3086
G1 X144.53 Y109.366 Z15.3371
G1 X144.848 Y108.945 Z15.3657
G1 X145.376 Y108.931 Z15.3943
G1 X145.716 Y109.335 Z15.4229
G1 X145.612 Y109.853 Z15.4514
G1 X145.142 Y110.094 Z15.48
G1 X139.824 Y110.234 Z15.48
G1 X128.176 Y110.541
G1 X115.724 Y110.869
G1 X104.276 Y111.171
G1 X96.481 Y111.376
G1 X80.376 Y111.376
G1 X80.79 Y111.79
G1 Z15.28
G1 E2.5 F6000
M204 P1000
;TYPE:Outer wall
;WIDTH:0.42
G1 F2894
G1 X72.21 Y111.79 E.20911
G1 X72.21 Y108.21 E.08725
G1 X80.79 Y108.21 E.20911
G1 X80.79 Y111.73 E.08579
G1 X80.376 Y111.376 F18000
G1 X80.389 Y111.389
M204 P1500
;TYPE:Inner wall
;WIDTH:0.45
G1 F2894
G1 X72.611 Y111.389 E.20433
G1 X72.611 Y108.611 E.07299
G1 X80.389 Y108.611 E.20433
G1 X80.389 Y111.329 E.07141
G1 X79.974 Y110.974 F18000
G1 F2894
G1 X73.026 Y110.974 E.18249
G1 X73.026 Y109.026 E.05115
G1 X79.974 Y109.026 E.18249
G1 X79.974 Y110.914 E.04958
G1 X79.558 Y110.558 F18000
G1 F2894
G1 X73.442 Y110.558 E.16065
G1 X73.442 Y109.442 E.02932
G1 X79.558 Y109.442 E.16065
G1 X79.558 Y110.498 E.02774
G1 X79.142 Y110.142 F18000
G1 F2894
G1 X73.858 Y110.142 E.13882
G1 X73.858 Y109.858 E.00748
G1 X79.142 Y109.858 E.13882
G1 X79.142 Y110.082 E.0059
G1 E-1.75 F6000
;WIPE_START
G1 X78.142 Y110.094 E-.75
;WIPE_END
G1 X80.376 Y110.236 Z15.48 F18000
G1 X91.624 Y110.955
G1 X104.276 Y111.376
G1 X104.69 Y111.79
G1 Z15.28
G1 E2.5 F6000
M204 P1000
;TYPE:Outer wall
;WIDTH:0.42
G1 F2894
G1 X91.21 Y111.79 E.32853
G1 X91.21 Y108.21 E.08725
G1 X104.69 Y108.21 E.32853
G1 X104.69 Y111.73 E.08579
G1 X104.276 Y111.376 F18000
G1 X104.289 Y111.389
M204 P1500
;TYPE:Inner wall
;WIDTH:0.45
G1 F2894
G1 X91.611 Y111.389 E.33304
G1 X91.611 Y108.611 E.07299
G1 X104.289 Y108.611 E.33304
G1 X104.289 Y111.329 E.07141
G1 X103.874 Y110.974 F18000
G1 F2894
G1 X92.026 Y110.974 E.3112
G1 X92.026 Y109.026 E.05115
G1 X103.874 Y109.026 E.3112
G1 X103.874 Y110.914 E.04958
G1 X103.458 Y110.558 F18000
G1 F2894
G1 X92.442 Y110.558 E.28936
G1 X92.442 Y109.442 E.02932
G1 X103.458 Y109.442 E.28936
G1 X103.458 Y110.498 E.02774
G1 X103.042 Y110.142 F18000
G1 F2894
G1 X92.858 Y110.142 E.26753
G1 X92.858 Y109.858 E.00748
G1 X103.042 Y109.858 E.26753
G1 X103.042 Y110.082 E.0059
G1 E-1.75 F6000
;WIPE_START
G1 X102.042 Y110.088 E-.75
;WIPE_END
G1 X104.276 Y110.231 Z15.48 F18000
G1 X115.724 Y110.965
G1 X128.176 Y111.376
G1 X128.59 Y111.79
G1 Z15.28
G1 E2.5 F6000
M204 P1000
;TYPE:Outer wall
;WIDTH:0.42
G1 F2894
G1 X115.31 Y111.79 E.32366
G1 X115.31 Y108.21 E.08725
G1 X128.59 Y108.21 E.32366
G1 X128.59 Y111.73 E.08579
G1 X128.176 Y111.376 F18000
G1 X128.189 Y111.389
M204 P1500
;TYPE:Inner wall
;WIDTH:0.45
G1 F2894
G1 X115.711 Y111.389 E.32778
G1 X115.711 Y108.611 E.07299
G1 X128.189 Y108.611 E.32778
G1 X128.189 Y111.329 E.07141
G1 X127.774 Y110.974 F18000
G1 F2894
G1 X116.126 Y110.974 E.30595
G1 X116.126 Y109.026 E.05115
G1 X127.774 Y109.026 E.30595
G1 X127.774 Y110.914 E.04958
G1 X127.358 Y110.558 F18000
G1 F2894
G1 X116.542 Y110.558 E.28411
G1 X116.542 Y109.442 E.02932
G1 X127.358 Y109.442 E.28411
G1 X127.358 Y110.498 E.02774
G1 X126.942 Y110.142 F18000
G1 F2894
G1 X116.958 Y110.142 E.26227
G1 X116.958 Y109.858 E.00748
G1 X126.942 Y109.858 E.26227
G1 X126.942 Y110.082 E.0059
G1 E-1.75 F6000
;WIPE_START
G1 X125.942 Y110.088 E-.75
;WIPE_END
G1 X128.176 Y110.262 Z15.48 F18000
G1 X139.824 Y111.17
G1 X147.376 Y111.376
G1 X147.79 Y111.79
G1 Z15.28
G1 E2.5 F6000
M204 P1000
;TYPE:Outer wall
;WIDTH:0.42
G1 F2894
G1 X139.41 Y111.79 E.20424
G1 X139.41 Y108.21 E.08725
G1 X147.79 Y108.21 E.20424
G1 X147.79 Y111.73 E.08579
G1 X147.376 Y111.376 F18000
G1 X147.389 Y111.389
M204 P1500
;TYPE:Inner wall
;WIDTH:0.45
G1 F2894
G1 X139.811 Y111.389 E.19907
G1 X139.811 Y108.611 E.07299
G1 X147.389 Y108.611 E.19907
G1 X147.389 Y111.329 E.07141
G1 X146.974 Y110.974 F18000
G1 F2894
G1 X140.226 Y110.974 E.17724
G1 X140.226 Y109.026 E.05115
G1 X146.974 Y109.026 E.17724
G1 X146.974 Y110.914 E.04958
G1 X146.558 Y110.558 F18000
G1 F2894
G1 X140.642 Y110.558 E.1554
G1 X140.642 Y109.442 E.02932
G1 X146.558 Y109.442 E.1554
G1 X146.558 Y110.498 E.02774
G1 X146.142 Y110.142 F18000
G1 F2894
G1 X141.058 Y110.142 E.13356
G1 X141.058 Y109.858 E.00748
G1 X146.142 Y109.858 E.13356
G1 X146.142 Y110.082 E.0059
; stop printing object pogo_receiver_coupon.stl id:0 copy 0
;LAYER_CHANGE
;Z:15.44
;HEIGHT:0.16
G92 E0 ; zero the extruded length again
; BEFORE_LAYER_CHANGE 95 @ 15.44mm
G1 E-1.75 F6000
;WIPE_START
G1 X145.142 Y110.094 E-.75
;WIPE_END
; AFTER_LAYER_CHANGE 95 @ 15.44mm
;_SET_FAN_SPEED_CHANGING_LAYER
; printing object pogo_receiver_coupon.stl id:0 copy 0
G1 F18000
G1 X144.661 Y109.878 Z15.4686
G1 X144.53 Y109.366 Z15.4971
G1 X144.848 Y108.945 Z15.5257
G1 X145.376 Y108.931 Z15.5543
G1 X145.716 Y109.335 Z15.5829
G1 X145.612 Y109.853 Z15.6114
G1 X145.142 Y110.094 Z15.64
G1 X139.824 Y110.234 Z15.64
G1 X128.176 Y110.541
G1 X115.724 Y110.869
G1 X104.276 Y111.171
G1 X96.481 Y111.376
G1 X80.376 Y111.376
G1 X80.79 Y111.79
G1 Z15.44
G1 E2.5 F6000
M204 P1000
;TYPE:Outer wall
;WIDTH:0.42
G1 F2894
G1 X72.21 Y111.79 E.20911
G1 X72.21 Y108.21 E.08725
G1 X80.79 Y108.21 E.20911
G1 X80.79 Y111.73 E.08579
G1 X80.376 Y111.376 F18000
G1 X80.389 Y111.389
M204 P1500
;TYPE:Inner wall
;WIDTH:0.45
G1 F2894
G1 X72.611 Y111.389 E.20433
G1 X72.611 Y108.611 E.07299
G1 X80.389 Y108.611 E.20433
G1 X80.389 Y111.329 E.07141
G1 X79.974 Y110.974 F18000
G1 F2894
G1 X73.026 Y110.974 E.18249
G1 X73.026 Y109.026 E.05115
G1 X79.974 Y109.026 E.18249
G1 X79.974 Y110.914 E.04958
G1 X79.558 Y110.558 F18000
G1 F2894
G1 X73.442 Y110.558 E.16065
G1 X73.442 Y109.442 E.02932
G1 X79.558 Y109.442 E.16065
G1 X79.558 Y110.498 E.02774
G1 X79.142 Y110.142 F18000
G1 F2894
G1 X73.858 Y110.142 E.13882
G1 X73.858 Y109.858 E.00748
G1 X79.142 Y109.858 E.13882
G1 X79.142 Y110.082 E.0059
G1 E-1.75 F6000
;WIPE_START
G1 X78.142 Y110.094 E-.75
;WIPE_END
G1 X80.376 Y110.236 Z15.64 F18000
G1 X91.624 Y110.955
G1 X104.276 Y111.376
G1 X104.69 Y111.79
G1 Z15.44
G1 E2.5 F6000
M204 P1000
;TYPE:Outer wall
;WIDTH:0.42
G1 F2894
G1 X91.21 Y111.79 E.32853
G1 X91.21 Y108.21 E.08725
G1 X104.69 Y108.21 E.32853
G1 X104.69 Y111.73 E.08579
G1 X104.276 Y111.376 F18000
G1 X104.289 Y111.389
M204 P1500
;TYPE:Inner wall
;WIDTH:0.45
G1 F2894
G1 X91.611 Y111.389 E.33304
G1 X91.611 Y108.611 E.07299
G1 X104.289 Y108.611 E.33304
G1 X104.289 Y111.329 E.07141
G1 X103.874 Y110.974 F18000
G1 F2894
G1 X92.026 Y110.974 E.3112
G1 X92.026 Y109.026 E.05115
G1 X103.874 Y109.026 E.3112
G1 X103.874 Y110.914 E.04958
G1 X103.458 Y110.558 F18000
G1 F2894
G1 X92.442 Y110.558 E.28936
G1 X92.442 Y109.442 E.02932
G1 X103.458 Y109.442 E.28936
G1 X103.458 Y110.498 E.02774
G1 X103.042 Y110.142 F18000
G1 F2894
G1 X92.858 Y110.142 E.26753
G1 X92.858 Y109.858 E.00748
G1 X103.042 Y109.858 E.26753
G1 X103.042 Y110.082 E.0059
G1 E-1.75 F6000
;WIPE_START
G1 X102.042 Y110.088 E-.75
;WIPE_END
G1 X104.276 Y110.231 Z15.64 F18000
G1 X115.724 Y110.965
G1 X128.176 Y111.376
G1 X128.59 Y111.79
G1 Z15.44
G1 E2.5 F6000
M204 P1000
;TYPE:Outer wall
;WIDTH:0.42
G1 F2894
G1 X115.31 Y111.79 E.32366
G1 X115.31 Y108.21 E.08725
G1 X128.59 Y108.21 E.32366
G1 X128.59 Y111.73 E.08579
G1 X128.176 Y111.376 F18000
G1 X128.189 Y111.389
M204 P1500
;TYPE:Inner wall
;WIDTH:0.45
G1 F2894
G1 X115.711 Y111.389 E.32778
G1 X115.711 Y108.611 E.07299
G1 X128.189 Y108.611 E.32778
G1 X128.189 Y111.329 E.07141
G1 X127.774 Y110.974 F18000
G1 F2894
G1 X116.126 Y110.974 E.30595
G1 X116.126 Y109.026 E.05115
G1 X127.774 Y109.026 E.30595
G1 X127.774 Y110.914 E.04958
G1 X127.358 Y110.558 F18000
G1 F2894
G1 X116.542 Y110.558 E.28411
G1 X116.542 Y109.442 E.02932
G1 X127.358 Y109.442 E.28411
G1 X127.358 Y110.498 E.02774
G1 X126.942 Y110.142 F18000
G1 F2894
G1 X116.958 Y110.142 E.26227
G1 X116.958 Y109.858 E.00748
G1 X126.942 Y109.858 E.26227
G1 X126.942 Y110.082 E.0059
G1 E-1.75 F6000
;WIPE_START
G1 X125.942 Y110.088 E-.75
;WIPE_END
G1 X128.176 Y110.262 Z15.64 F18000
G1 X139.824 Y111.17
G1 X147.376 Y111.376
G1 X147.79 Y111.79
G1 Z15.44
G1 E2.5 F6000
M204 P1000
;TYPE:Outer wall
;WIDTH:0.42
G1 F2894
G1 X139.41 Y111.79 E.20424
G1 X139.41 Y108.21 E.08725
G1 X147.79 Y108.21 E.20424
G1 X147.79 Y111.73 E.08579
G1 X147.376 Y111.376 F18000
G1 X147.389 Y111.389
M204 P1500
;TYPE:Inner wall
;WIDTH:0.45
G1 F2894
G1 X139.811 Y111.389 E.19907
G1 X139.811 Y108.611 E.07299
G1 X147.389 Y108.611 E.19907
G1 X147.389 Y111.329 E.07141
G1 X146.974 Y110.974 F18000
G1 F2894
G1 X140.226 Y110.974 E.17724
G1 X140.226 Y109.026 E.05115
G1 X146.974 Y109.026 E.17724
G1 X146.974 Y110.914 E.04958
G1 X146.558 Y110.558 F18000
G1 F2894
G1 X140.642 Y110.558 E.1554
G1 X140.642 Y109.442 E.02932
G1 X146.558 Y109.442 E.1554
G1 X146.558 Y110.498 E.02774
G1 X146.142 Y110.142 F18000
G1 F2894
G1 X141.058 Y110.142 E.13356
G1 X141.058 Y109.858 E.00748
G1 X146.142 Y109.858 E.13356
G1 X146.142 Y110.082 E.0059
; stop printing object pogo_receiver_coupon.stl id:0 copy 0
;LAYER_CHANGE
;Z:15.6
;HEIGHT:0.160001
G92 E0 ; zero the extruded length again
; BEFORE_LAYER_CHANGE 96 @ 15.6mm
G1 E-1.75 F6000
;WIPE_START
G1 X145.142 Y110.094 E-.75
;WIPE_END
; AFTER_LAYER_CHANGE 96 @ 15.6mm
;_SET_FAN_SPEED_CHANGING_LAYER
; printing object pogo_receiver_coupon.stl id:0 copy 0
G1 F18000
G1 X144.661 Y109.878 Z15.6286
G1 X144.53 Y109.366 Z15.6571
G1 X144.848 Y108.945 Z15.6857
G1 X145.376 Y108.931 Z15.7143
G1 X145.716 Y109.335 Z15.7429
G1 X145.612 Y109.853 Z15.7714
G1 X145.142 Y110.094 Z15.8
G1 X139.824 Y110.234 Z15.8
G1 X128.176 Y110.541
G1 X115.724 Y110.869
G1 X104.276 Y111.171
G1 X96.481 Y111.376
G1 X80.376 Y111.376
G1 X80.79 Y111.79
G1 Z15.6
G1 E2.5 F6000
M204 P1000
;TYPE:Outer wall
;WIDTH:0.42
G1 F2894
G1 X72.21 Y111.79 E.20911
G1 X72.21 Y108.21 E.08725
G1 X80.79 Y108.21 E.20911
G1 X80.79 Y111.73 E.08579
G1 X80.376 Y111.376 F18000
G1 X80.389 Y111.389
M204 P1500
;TYPE:Inner wall
;WIDTH:0.45
G1 F2894
G1 X72.611 Y111.389 E.20433
G1 X72.611 Y108.611 E.07299
G1 X80.389 Y108.611 E.20433
G1 X80.389 Y111.329 E.07141
G1 X79.974 Y110.974 F18000
G1 F2894
G1 X73.026 Y110.974 E.18249
G1 X73.026 Y109.026 E.05115
G1 X79.974 Y109.026 E.18249
G1 X79.974 Y110.914 E.04958
G1 X79.558 Y110.558 F18000
G1 F2894
G1 X73.442 Y110.558 E.16065
G1 X73.442 Y109.442 E.02932
G1 X79.558 Y109.442 E.16065
G1 X79.558 Y110.498 E.02774
G1 X79.142 Y110.142 F18000
G1 F2894
G1 X73.858 Y110.142 E.13882
G1 X73.858 Y109.858 E.00748
G1 X79.142 Y109.858 E.13882
G1 X79.142 Y110.082 E.0059
G1 E-1.75 F6000
;WIPE_START
G1 X78.142 Y110.094 E-.75
;WIPE_END
G1 X80.376 Y110.236 Z15.8 F18000
G1 X91.624 Y110.955
G1 X104.276 Y111.376
G1 X104.69 Y111.79
G1 Z15.6
G1 E2.5 F6000
M204 P1000
;TYPE:Outer wall
;WIDTH:0.42
G1 F2894
G1 X91.21 Y111.79 E.32853
G1 X91.21 Y108.21 E.08725
G1 X104.69 Y108.21 E.32853
G1 X104.69 Y111.73 E.08579
G1 X104.276 Y111.376 F18000
G1 X104.289 Y111.389
M204 P1500
;TYPE:Inner wall
;WIDTH:0.45
G1 F2894
G1 X91.611 Y111.389 E.33304
G1 X91.611 Y108.611 E.07299
G1 X104.289 Y108.611 E.33304
G1 X104.289 Y111.329 E.07141
G1 X103.874 Y110.974 F18000
G1 F2894
G1 X92.026 Y110.974 E.3112
G1 X92.026 Y109.026 E.05115
G1 X103.874 Y109.026 E.3112
G1 X103.874 Y110.914 E.04958
G1 X103.458 Y110.558 F18000
G1 F2894
G1 X92.442 Y110.558 E.28936
G1 X92.442 Y109.442 E.02932
G1 X103.458 Y109.442 E.28936
G1 X103.458 Y110.498 E.02774
G1 X103.042 Y110.142 F18000
G1 F2894
G1 X92.858 Y110.142 E.26753
G1 X92.858 Y109.858 E.00748
G1 X103.042 Y109.858 E.26753
G1 X103.042 Y110.082 E.0059
G1 E-1.75 F6000
;WIPE_START
G1 X102.042 Y110.088 E-.75
;WIPE_END
G1 X104.276 Y110.231 Z15.8 F18000
G1 X115.724 Y110.965
G1 X128.176 Y111.376
G1 X128.59 Y111.79
G1 Z15.6
G1 E2.5 F6000
M204 P1000
;TYPE:Outer wall
;WIDTH:0.42
G1 F2894
G1 X115.31 Y111.79 E.32366
G1 X115.31 Y108.21 E.08725
G1 X128.59 Y108.21 E.32366
G1 X128.59 Y111.73 E.08579
G1 X128.176 Y111.376 F18000
G1 X128.189 Y111.389
M204 P1500
;TYPE:Inner wall
;WIDTH:0.45
G1 F2894
G1 X115.711 Y111.389 E.32778
G1 X115.711 Y108.611 E.07299
G1 X128.189 Y108.611 E.32778
G1 X128.189 Y111.329 E.07141
G1 X127.774 Y110.974 F18000
G1 F2894
G1 X116.126 Y110.974 E.30595
G1 X116.126 Y109.026 E.05115
G1 X127.774 Y109.026 E.30595
G1 X127.774 Y110.914 E.04958
G1 X127.358 Y110.558 F18000
G1 F2894
G1 X116.542 Y110.558 E.28411
G1 X116.542 Y109.442 E.02932
G1 X127.358 Y109.442 E.28411
G1 X127.358 Y110.498 E.02774
G1 X126.942 Y110.142 F18000
G1 F2894
G1 X116.958 Y110.142 E.26227
G1 X116.958 Y109.858 E.00748
G1 X126.942 Y109.858 E.26227
G1 X126.942 Y110.082 E.0059
G1 E-1.75 F6000
;WIPE_START
G1 X125.942 Y110.088 E-.75
;WIPE_END
G1 X128.176 Y110.262 Z15.8 F18000
G1 X139.824 Y111.17
G1 X147.376 Y111.376
G1 X147.79 Y111.79
G1 Z15.6
G1 E2.5 F6000
M204 P1000
;TYPE:Outer wall
;WIDTH:0.42
G1 F2894
G1 X139.41 Y111.79 E.20424
G1 X139.41 Y108.21 E.08725
G1 X147.79 Y108.21 E.20424
G1 X147.79 Y111.73 E.08579
G1 X147.376 Y111.376 F18000
G1 X147.389 Y111.389
M204 P1500
;TYPE:Inner wall
;WIDTH:0.45
G1 F2894
G1 X139.811 Y111.389 E.19907
G1 X139.811 Y108.611 E.07299
G1 X147.389 Y108.611 E.19907
G1 X147.389 Y111.329 E.07141
G1 X146.974 Y110.974 F18000
G1 F2894
G1 X140.226 Y110.974 E.17724
G1 X140.226 Y109.026 E.05115
G1 X146.974 Y109.026 E.17724
G1 X146.974 Y110.914 E.04958
G1 X146.558 Y110.558 F18000
G1 F2894
G1 X140.642 Y110.558 E.1554
G1 X140.642 Y109.442 E.02932
G1 X146.558 Y109.442 E.1554
G1 X146.558 Y110.498 E.02774
G1 X146.142 Y110.142 F18000
G1 F2894
G1 X141.058 Y110.142 E.13356
G1 X141.058 Y109.858 E.00748
G1 X146.142 Y109.858 E.13356
G1 X146.142 Y110.082 E.0059
; stop printing object pogo_receiver_coupon.stl id:0 copy 0
;LAYER_CHANGE
;Z:15.76
;HEIGHT:0.16
G92 E0 ; zero the extruded length again
; BEFORE_LAYER_CHANGE 97 @ 15.76mm
G1 E-1.75 F6000
;WIPE_START
G1 X145.142 Y110.094 E-.75
;WIPE_END
; AFTER_LAYER_CHANGE 97 @ 15.76mm
;_SET_FAN_SPEED_CHANGING_LAYER
; printing object pogo_receiver_coupon.stl id:0 copy 0
G1 F18000
G1 X144.661 Y109.878 Z15.7886
G1 X144.53 Y109.366 Z15.8171
G1 X144.848 Y108.945 Z15.8457
G1 X145.376 Y108.931 Z15.8743
G1 X145.716 Y109.335 Z15.9029
G1 X145.612 Y109.853 Z15.9314
G1 X145.142 Y110.094 Z15.96
G1 X139.824 Y110.234 Z15.96
G1 X128.176 Y110.541
G1 X115.724 Y110.869
G1 X104.276 Y111.171
G1 X96.481 Y111.376
G1 X80.376 Y111.376
G1 X80.79 Y111.79
G1 Z15.76
G1 E2.5 F6000
M204 P1000
;TYPE:Outer wall
;WIDTH:0.42
G1 F2894
G1 X72.21 Y111.79 E.20911
G1 X72.21 Y108.21 E.08725
G1 X80.79 Y108.21 E.20911
G1 X80.79 Y111.73 E.08579
G1 X80.376 Y111.376 F18000
G1 X80.389 Y111.389
M204 P1500
;TYPE:Inner wall
;WIDTH:0.45
G1 F2894
G1 X72.611 Y111.389 E.20433
G1 X72.611 Y108.611 E.07299
G1 X80.389 Y108.611 E.20433
G1 X80.389 Y111.329 E.07141
G1 X79.974 Y110.974 F18000
G1 F2894
G1 X73.026 Y110.974 E.18249
G1 X73.026 Y109.026 E.05115
G1 X79.974 Y109.026 E.18249
G1 X79.974 Y110.914 E.04958
G1 X79.558 Y110.558 F18000
G1 F2894
G1 X73.442 Y110.558 E.16065
G1 X73.442 Y109.442 E.02932
G1 X79.558 Y109.442 E.16065
G1 X79.558 Y110.498 E.02774
G1 X79.142 Y110.142 F18000
G1 F2894
G1 X73.858 Y110.142 E.13882
G1 X73.858 Y109.858 E.00748
G1 X79.142 Y109.858 E.13882
G1 X79.142 Y110.082 E.0059
G1 E-1.75 F6000
;WIPE_START
G1 X78.142 Y110.094 E-.75
;WIPE_END
G1 X80.376 Y110.236 Z15.96 F18000
G1 X91.624 Y110.955
G1 X104.276 Y111.376
G1 X104.69 Y111.79
G1 Z15.76
G1 E2.5 F6000
M204 P1000
;TYPE:Outer wall
;WIDTH:0.42
G1 F2894
G1 X91.21 Y111.79 E.32853
G1 X91.21 Y108.21 E.08725
G1 X104.69 Y108.21 E.32853
G1 X104.69 Y111.73 E.08579
G1 X104.276 Y111.376 F18000
G1 X104.289 Y111.389
M204 P1500
;TYPE:Inner wall
;WIDTH:0.45
G1 F2894
G1 X91.611 Y111.389 E.33304
G1 X91.611 Y108.611 E.07299
G1 X104.289 Y108.611 E.33304
G1 X104.289 Y111.329 E.07141
G1 X103.874 Y110.974 F18000
G1 F2894
G1 X92.026 Y110.974 E.3112
G1 X92.026 Y109.026 E.05115
G1 X103.874 Y109.026 E.3112
G1 X103.874 Y110.914 E.04958
G1 X103.458 Y110.558 F18000
G1 F2894
G1 X92.442 Y110.558 E.28936
G1 X92.442 Y109.442 E.02932
G1 X103.458 Y109.442 E.28936
G1 X103.458 Y110.498 E.02774
G1 X103.042 Y110.142 F18000
G1 F2894
G1 X92.858 Y110.142 E.26753
G1 X92.858 Y109.858 E.00748
G1 X103.042 Y109.858 E.26753
G1 X103.042 Y110.082 E.0059
G1 E-1.75 F6000
;WIPE_START
G1 X102.042 Y110.088 E-.75
;WIPE_END
G1 X104.276 Y110.231 Z15.96 F18000
G1 X115.724 Y110.965
G1 X128.176 Y111.376
G1 X128.59 Y111.79
G1 Z15.76
G1 E2.5 F6000
M204 P1000
;TYPE:Outer wall
;WIDTH:0.42
G1 F2894
G1 X115.31 Y111.79 E.32366
G1 X115.31 Y108.21 E.08725
G1 X128.59 Y108.21 E.32366
G1 X128.59 Y111.73 E.08579
G1 X128.176 Y111.376 F18000
G1 X128.189 Y111.389
M204 P1500
;TYPE:Inner wall
;WIDTH:0.45
G1 F2894
G1 X115.711 Y111.389 E.32778
G1 X115.711 Y108.611 E.07299
G1 X128.189 Y108.611 E.32778
G1 X128.189 Y111.329 E.07141
G1 X127.774 Y110.974 F18000
G1 F2894
G1 X116.126 Y110.974 E.30595
G1 X116.126 Y109.026 E.05115
G1 X127.774 Y109.026 E.30595
G1 X127.774 Y110.914 E.04958
G1 X127.358 Y110.558 F18000
G1 F2894
G1 X116.542 Y110.558 E.28411
G1 X116.542 Y109.442 E.02932
G1 X127.358 Y109.442 E.28411
G1 X127.358 Y110.498 E.02774
G1 X126.942 Y110.142 F18000
G1 F2894
G1 X116.958 Y110.142 E.26227
G1 X116.958 Y109.858 E.00748
G1 X126.942 Y109.858 E.26227
G1 X126.942 Y110.082 E.0059
G1 E-1.75 F6000
;WIPE_START
G1 X125.942 Y110.088 E-.75
;WIPE_END
G1 X128.176 Y110.262 Z15.96 F18000
G1 X139.824 Y111.17
G1 X147.376 Y111.376
G1 X147.79 Y111.79
G1 Z15.76
G1 E2.5 F6000
M204 P1000
;TYPE:Outer wall
;WIDTH:0.42
G1 F2894
G1 X139.41 Y111.79 E.20424
G1 X139.41 Y108.21 E.08725
G1 X147.79 Y108.21 E.20424
G1 X147.79 Y111.73 E.08579
G1 X147.376 Y111.376 F18000
G1 X147.389 Y111.389
M204 P1500
;TYPE:Inner wall
;WIDTH:0.45
G1 F2894
G1 X139.811 Y111.389 E.19907
G1 X139.811 Y108.611 E.07299
G1 X147.389 Y108.611 E.19907
G1 X147.389 Y111.329 E.07141
G1 X146.974 Y110.974 F18000
G1 F2894
G1 X140.226 Y110.974 E.17724
G1 X140.226 Y109.026 E.05115
G1 X146.974 Y109.026 E.17724
G1 X146.974 Y110.914 E.04958
G1 X146.558 Y110.558 F18000
G1 F2894
G1 X140.642 Y110.558 E.1554
G1 X140.642 Y109.442 E.02932
G1 X146.558 Y109.442 E.1554
G1 X146.558 Y110.498 E.02774
G1 X146.142 Y110.142 F18000
G1 F2894
G1 X141.058 Y110.142 E.13356
G1 X141.058 Y109.858 E.00748
G1 X146.142 Y109.858 E.13356
G1 X146.142 Y110.082 E.0059
; stop printing object pogo_receiver_coupon.stl id:0 copy 0
;LAYER_CHANGE
;Z:15.92
;HEIGHT:0.16
G92 E0 ; zero the extruded length again
; BEFORE_LAYER_CHANGE 98 @ 15.92mm
G1 E-1.75 F6000
;WIPE_START
G1 X145.142 Y110.094 E-.75
;WIPE_END
; AFTER_LAYER_CHANGE 98 @ 15.92mm
;_SET_FAN_SPEED_CHANGING_LAYER
; printing object pogo_receiver_coupon.stl id:0 copy 0
G1 F18000
G1 X144.661 Y109.878 Z15.9486
G1 X144.53 Y109.366 Z15.9771
G1 X144.848 Y108.945 Z16.0057
G1 X145.376 Y108.931 Z16.0343
G1 X145.716 Y109.335 Z16.0629
G1 X145.612 Y109.853 Z16.0914
G1 X145.142 Y110.094 Z16.12
G1 X139.824 Y110.234 Z16.12
G1 X128.176 Y110.541
G1 X115.724 Y110.869
G1 X104.276 Y111.171
G1 X96.481 Y111.376
G1 X80.376 Y111.376
G1 X80.79 Y111.79
G1 Z15.92
G1 E2.5 F6000
M204 P1000
;TYPE:Outer wall
;WIDTH:0.42
G1 F2894
G1 X72.21 Y111.79 E.20911
G1 X72.21 Y108.21 E.08725
G1 X80.79 Y108.21 E.20911
G1 X80.79 Y111.73 E.08579
G1 X80.376 Y111.376 F18000
G1 X80.389 Y111.389
M204 P1500
;TYPE:Inner wall
;WIDTH:0.45
G1 F2894
G1 X72.611 Y111.389 E.20433
G1 X72.611 Y108.611 E.07299
G1 X80.389 Y108.611 E.20433
G1 X80.389 Y111.329 E.07141
G1 X79.974 Y110.974 F18000
G1 F2894
G1 X73.026 Y110.974 E.18249
G1 X73.026 Y109.026 E.05115
G1 X79.974 Y109.026 E.18249
G1 X79.974 Y110.914 E.04958
G1 X79.558 Y110.558 F18000
G1 F2894
G1 X73.442 Y110.558 E.16065
G1 X73.442 Y109.442 E.02932
G1 X79.558 Y109.442 E.16065
G1 X79.558 Y110.498 E.02774
G1 X79.142 Y110.142 F18000
G1 F2894
G1 X73.858 Y110.142 E.13882
G1 X73.858 Y109.858 E.00748
G1 X79.142 Y109.858 E.13882
G1 X79.142 Y110.082 E.0059
G1 E-1.75 F6000
;WIPE_START
G1 X78.142 Y110.094 E-.75
;WIPE_END
G1 X80.376 Y110.236 Z16.12 F18000
G1 X91.624 Y110.955
G1 X104.276 Y111.376
G1 X104.69 Y111.79
G1 Z15.92
G1 E2.5 F6000
M204 P1000
;TYPE:Outer wall
;WIDTH:0.42
G1 F2894
G1 X91.21 Y111.79 E.32853
G1 X91.21 Y108.21 E.08725
G1 X104.69 Y108.21 E.32853
G1 X104.69 Y111.73 E.08579
G1 X104.276 Y111.376 F18000
G1 X104.289 Y111.389
M204 P1500
;TYPE:Inner wall
;WIDTH:0.45
G1 F2894
G1 X91.611 Y111.389 E.33304
G1 X91.611 Y108.611 E.07299
G1 X104.289 Y108.611 E.33304
G1 X104.289 Y111.329 E.07141
G1 X103.874 Y110.974 F18000
G1 F2894
G1 X92.026 Y110.974 E.3112
G1 X92.026 Y109.026 E.05115
G1 X103.874 Y109.026 E.3112
G1 X103.874 Y110.914 E.04958
G1 X103.458 Y110.558 F18000
G1 F2894
G1 X92.442 Y110.558 E.28936
G1 X92.442 Y109.442 E.02932
G1 X103.458 Y109.442 E.28936
G1 X103.458 Y110.498 E.02774
G1 X103.042 Y110.142 F18000
G1 F2894
G1 X92.858 Y110.142 E.26753
G1 X92.858 Y109.858 E.00748
G1 X103.042 Y109.858 E.26753
G1 X103.042 Y110.082 E.0059
G1 E-1.75 F6000
;WIPE_START
G1 X102.042 Y110.088 E-.75
;WIPE_END
G1 X104.276 Y110.231 Z16.12 F18000
G1 X115.724 Y110.965
G1 X128.176 Y111.376
G1 X128.59 Y111.79
G1 Z15.92
G1 E2.5 F6000
M204 P1000
;TYPE:Outer wall
;WIDTH:0.42
G1 F2894
G1 X115.31 Y111.79 E.32366
G1 X115.31 Y108.21 E.08725
G1 X128.59 Y108.21 E.32366
G1 X128.59 Y111.73 E.08579
G1 X128.176 Y111.376 F18000
G1 X128.189 Y111.389
M204 P1500
;TYPE:Inner wall
;WIDTH:0.45
G1 F2894
G1 X115.711 Y111.389 E.32778
G1 X115.711 Y108.611 E.07299
G1 X128.189 Y108.611 E.32778
G1 X128.189 Y111.329 E.07141
G1 X127.774 Y110.974 F18000
G1 F2894
G1 X116.126 Y110.974 E.30595
G1 X116.126 Y109.026 E.05115
G1 X127.774 Y109.026 E.30595
G1 X127.774 Y110.914 E.04958
G1 X127.358 Y110.558 F18000
G1 F2894
G1 X116.542 Y110.558 E.28411
G1 X116.542 Y109.442 E.02932
G1 X127.358 Y109.442 E.28411
G1 X127.358 Y110.498 E.02774
G1 X126.942 Y110.142 F18000
G1 F2894
G1 X116.958 Y110.142 E.26227
G1 X116.958 Y109.858 E.00748
G1 X126.942 Y109.858 E.26227
G1 X126.942 Y110.082 E.0059
G1 E-1.75 F6000
;WIPE_START
G1 X125.942 Y110.088 E-.75
;WIPE_END
G1 X128.176 Y110.262 Z16.12 F18000
G1 X139.824 Y111.17
G1 X147.376 Y111.376
G1 X147.79 Y111.79
G1 Z15.92
G1 E2.5 F6000
M204 P1000
;TYPE:Outer wall
;WIDTH:0.42
G1 F2894
G1 X139.41 Y111.79 E.20424
G1 X139.41 Y108.21 E.08725
G1 X147.79 Y108.21 E.20424
G1 X147.79 Y111.73 E.08579
G1 X147.376 Y111.376 F18000
G1 X147.389 Y111.389
M204 P1500
;TYPE:Inner wall
;WIDTH:0.45
G1 F2894
G1 X139.811 Y111.389 E.19907
G1 X139.811 Y108.611 E.07299
G1 X147.389 Y108.611 E.19907
G1 X147.389 Y111.329 E.07141
G1 X146.974 Y110.974 F18000
G1 F2894
G1 X140.226 Y110.974 E.17724
G1 X140.226 Y109.026 E.05115
G1 X146.974 Y109.026 E.17724
G1 X146.974 Y110.914 E.04958
G1 X146.558 Y110.558 F18000
G1 F2894
G1 X140.642 Y110.558 E.1554
G1 X140.642 Y109.442 E.02932
G1 X146.558 Y109.442 E.1554
G1 X146.558 Y110.498 E.02774
G1 X146.142 Y110.142 F18000
G1 F2894
G1 X141.058 Y110.142 E.13356
G1 X141.058 Y109.858 E.00748
G1 X146.142 Y109.858 E.13356
G1 X146.142 Y110.082 E.0059
; stop printing object pogo_receiver_coupon.stl id:0 copy 0
;LAYER_CHANGE
;Z:16.08
;HEIGHT:0.16
G92 E0 ; zero the extruded length again
; BEFORE_LAYER_CHANGE 99 @ 16.08mm
G1 E-1.75 F6000
;WIPE_START
G1 X145.142 Y110.094 E-.75
;WIPE_END
; AFTER_LAYER_CHANGE 99 @ 16.08mm
;_SET_FAN_SPEED_CHANGING_LAYER
; printing object pogo_receiver_coupon.stl id:0 copy 0
G1 F18000
G1 X144.661 Y109.878 Z16.1086
G1 X144.53 Y109.366 Z16.1371
G1 X144.848 Y108.945 Z16.1657
G1 X145.376 Y108.931 Z16.1943
G1 X145.716 Y109.335 Z16.2229
G1 X145.612 Y109.853 Z16.2514
G1 X145.142 Y110.094 Z16.28
G1 X139.824 Y110.234 Z16.28
G1 X128.176 Y110.541
G1 X115.724 Y110.869
G1 X104.276 Y111.171
G1 X96.481 Y111.376
G1 X80.376 Y111.376
G1 X80.79 Y111.79
G1 Z16.08
G1 E2.5 F6000
M204 P1000
;TYPE:Outer wall
;WIDTH:0.42
G1 F2894
G1 X72.21 Y111.79 E.20911
G1 X72.21 Y108.21 E.08725
G1 X80.79 Y108.21 E.20911
G1 X80.79 Y111.73 E.08579
G1 X80.376 Y111.376 F18000
G1 X80.389 Y111.389
M204 P1500
;TYPE:Inner wall
;WIDTH:0.45
G1 F2894
G1 X72.611 Y111.389 E.20433
G1 X72.611 Y108.611 E.07299
G1 X80.389 Y108.611 E.20433
G1 X80.389 Y111.329 E.07141
G1 X79.974 Y110.974 F18000
G1 F2894
G1 X73.026 Y110.974 E.18249
G1 X73.026 Y109.026 E.05115
G1 X79.974 Y109.026 E.18249
G1 X79.974 Y110.914 E.04958
G1 X79.558 Y110.558 F18000
G1 F2894
G1 X73.442 Y110.558 E.16065
G1 X73.442 Y109.442 E.02932
G1 X79.558 Y109.442 E.16065
G1 X79.558 Y110.498 E.02774
G1 X79.142 Y110.142 F18000
G1 F2894
G1 X73.858 Y110.142 E.13882
G1 X73.858 Y109.858 E.00748
G1 X79.142 Y109.858 E.13882
G1 X79.142 Y110.082 E.0059
G1 E-1.75 F6000
;WIPE_START
G1 X78.142 Y110.094 E-.75
;WIPE_END
G1 X80.376 Y110.236 Z16.28 F18000
G1 X91.624 Y110.955
G1 X104.276 Y111.376
G1 X104.69 Y111.79
G1 Z16.08
G1 E2.5 F6000
M204 P1000
;TYPE:Outer wall
;WIDTH:0.42
G1 F2894
G1 X91.21 Y111.79 E.32853
G1 X91.21 Y108.21 E.08725
G1 X104.69 Y108.21 E.32853
G1 X104.69 Y111.73 E.08579
G1 X104.276 Y111.376 F18000
G1 X104.289 Y111.389
M204 P1500
;TYPE:Inner wall
;WIDTH:0.45
G1 F2894
G1 X91.611 Y111.389 E.33304
G1 X91.611 Y108.611 E.07299
G1 X104.289 Y108.611 E.33304
G1 X104.289 Y111.329 E.07141
G1 X103.874 Y110.974 F18000
G1 F2894
G1 X92.026 Y110.974 E.3112
G1 X92.026 Y109.026 E.05115
G1 X103.874 Y109.026 E.3112
G1 X103.874 Y110.914 E.04958
G1 X103.458 Y110.558 F18000
G1 F2894
G1 X92.442 Y110.558 E.28936
G1 X92.442 Y109.442 E.02932
G1 X103.458 Y109.442 E.28936
G1 X103.458 Y110.498 E.02774
G1 X103.042 Y110.142 F18000
G1 F2894
G1 X92.858 Y110.142 E.26753
G1 X92.858 Y109.858 E.00748
G1 X103.042 Y109.858 E.26753
G1 X103.042 Y110.082 E.0059
G1 E-1.75 F6000
;WIPE_START
G1 X102.042 Y110.088 E-.75
;WIPE_END
G1 X104.276 Y110.231 Z16.28 F18000
G1 X115.724 Y110.965
G1 X128.176 Y111.376
G1 X128.59 Y111.79
G1 Z16.08
G1 E2.5 F6000
M204 P1000
;TYPE:Outer wall
;WIDTH:0.42
G1 F2894
G1 X115.31 Y111.79 E.32366
G1 X115.31 Y108.21 E.08725
G1 X128.59 Y108.21 E.32366
G1 X128.59 Y111.73 E.08579
G1 X128.176 Y111.376 F18000
G1 X128.189 Y111.389
M204 P1500
;TYPE:Inner wall
;WIDTH:0.45
G1 F2894
G1 X115.711 Y111.389 E.32778
G1 X115.711 Y108.611 E.07299
G1 X128.189 Y108.611 E.32778
G1 X128.189 Y111.329 E.07141
G1 X127.774 Y110.974 F18000
G1 F2894
G1 X116.126 Y110.974 E.30595
G1 X116.126 Y109.026 E.05115
G1 X127.774 Y109.026 E.30595
G1 X127.774 Y110.914 E.04958
G1 X127.358 Y110.558 F18000
G1 F2894
G1 X116.542 Y110.558 E.28411
G1 X116.542 Y109.442 E.02932
G1 X127.358 Y109.442 E.28411
G1 X127.358 Y110.498 E.02774
G1 X126.942 Y110.142 F18000
G1 F2894
G1 X116.958 Y110.142 E.26227
G1 X116.958 Y109.858 E.00748
G1 X126.942 Y109.858 E.26227
G1 X126.942 Y110.082 E.0059
G1 E-1.75 F6000
;WIPE_START
G1 X125.942 Y110.088 E-.75
;WIPE_END
G1 X128.176 Y110.262 Z16.28 F18000
G1 X139.824 Y111.17
G1 X147.376 Y111.376
G1 X147.79 Y111.79
G1 Z16.08
G1 E2.5 F6000
M204 P1000
;TYPE:Outer wall
;WIDTH:0.42
G1 F2894
G1 X139.41 Y111.79 E.20424
G1 X139.41 Y108.21 E.08725
G1 X147.79 Y108.21 E.20424
G1 X147.79 Y111.73 E.08579
G1 X147.376 Y111.376 F18000
G1 X147.389 Y111.389
M204 P1500
;TYPE:Inner wall
;WIDTH:0.45
G1 F2894
G1 X139.811 Y111.389 E.19907
G1 X139.811 Y108.611 E.07299
G1 X147.389 Y108.611 E.19907
G1 X147.389 Y111.329 E.07141
G1 X146.974 Y110.974 F18000
G1 F2894
G1 X140.226 Y110.974 E.17724
G1 X140.226 Y109.026 E.05115
G1 X146.974 Y109.026 E.17724
G1 X146.974 Y110.914 E.04958
G1 X146.558 Y110.558 F18000
G1 F2894
G1 X140.642 Y110.558 E.1554
G1 X140.642 Y109.442 E.02932
G1 X146.558 Y109.442 E.1554
G1 X146.558 Y110.498 E.02774
G1 X146.142 Y110.142 F18000
G1 F2894
G1 X141.058 Y110.142 E.13356
G1 X141.058 Y109.858 E.00748
G1 X146.142 Y109.858 E.13356
G1 X146.142 Y110.082 E.0059
; stop printing object pogo_receiver_coupon.stl id:0 copy 0
;LAYER_CHANGE
;Z:16.24
;HEIGHT:0.16
G92 E0 ; zero the extruded length again
; BEFORE_LAYER_CHANGE 100 @ 16.24mm
G1 E-1.75 F6000
;WIPE_START
G1 X145.142 Y110.094 E-.75
;WIPE_END
; AFTER_LAYER_CHANGE 100 @ 16.24mm
;_SET_FAN_SPEED_CHANGING_LAYER
; printing object pogo_receiver_coupon.stl id:0 copy 0
G1 F18000
G1 X144.661 Y109.878 Z16.2686
G1 X144.53 Y109.366 Z16.2971
G1 X144.848 Y108.945 Z16.3257
G1 X145.376 Y108.931 Z16.3543
G1 X145.716 Y109.335 Z16.3829
G1 X145.612 Y109.853 Z16.4114
G1 X145.142 Y110.094 Z16.44
G1 X139.824 Y110.234 Z16.44
G1 X128.176 Y110.541
G1 X115.724 Y110.869
G1 X104.276 Y111.171
G1 X96.481 Y111.376
G1 X80.376 Y111.376
G1 X80.79 Y111.79
G1 Z16.24
G1 E2.5 F6000
M204 P1000
;TYPE:Outer wall
;WIDTH:0.42
G1 F2894
G1 X72.21 Y111.79 E.20911
G1 X72.21 Y108.21 E.08725
G1 X80.79 Y108.21 E.20911
G1 X80.79 Y111.73 E.08579
G1 X80.376 Y111.376 F18000
G1 X80.389 Y111.389
M204 P1500
;TYPE:Inner wall
;WIDTH:0.45
G1 F2894
G1 X72.611 Y111.389 E.20433
G1 X72.611 Y108.611 E.07299
G1 X80.389 Y108.611 E.20433
G1 X80.389 Y111.329 E.07141
G1 X79.974 Y110.974 F18000
G1 F2894
G1 X73.026 Y110.974 E.18249
G1 X73.026 Y109.026 E.05115
G1 X79.974 Y109.026 E.18249
G1 X79.974 Y110.914 E.04958
G1 X79.558 Y110.558 F18000
G1 F2894
G1 X73.442 Y110.558 E.16065
G1 X73.442 Y109.442 E.02932
G1 X79.558 Y109.442 E.16065
G1 X79.558 Y110.498 E.02774
G1 X79.142 Y110.142 F18000
G1 F2894
G1 X73.858 Y110.142 E.13882
G1 X73.858 Y109.858 E.00748
G1 X79.142 Y109.858 E.13882
G1 X79.142 Y110.082 E.0059
G1 E-1.75 F6000
;WIPE_START
G1 X78.142 Y110.094 E-.75
;WIPE_END
G1 X80.376 Y110.236 Z16.44 F18000
G1 X91.624 Y110.955
G1 X104.276 Y111.376
G1 X104.69 Y111.79
G1 Z16.24
G1 E2.5 F6000
M204 P1000
;TYPE:Outer wall
;WIDTH:0.42
G1 F2894
G1 X91.21 Y111.79 E.32853
G1 X91.21 Y108.21 E.08725
G1 X104.69 Y108.21 E.32853
G1 X104.69 Y111.73 E.08579
G1 X104.276 Y111.376 F18000
G1 X104.289 Y111.389
M204 P1500
;TYPE:Inner wall
;WIDTH:0.45
G1 F2894
G1 X91.611 Y111.389 E.33304
G1 X91.611 Y108.611 E.07299
G1 X104.289 Y108.611 E.33304
G1 X104.289 Y111.329 E.07141
G1 X103.874 Y110.974 F18000
G1 F2894
G1 X92.026 Y110.974 E.3112
G1 X92.026 Y109.026 E.05115
G1 X103.874 Y109.026 E.3112
G1 X103.874 Y110.914 E.04958
G1 X103.458 Y110.558 F18000
G1 F2894
G1 X92.442 Y110.558 E.28936
G1 X92.442 Y109.442 E.02932
G1 X103.458 Y109.442 E.28936
G1 X103.458 Y110.498 E.02774
G1 X103.042 Y110.142 F18000
G1 F2894
G1 X92.858 Y110.142 E.26753
G1 X92.858 Y109.858 E.00748
G1 X103.042 Y109.858 E.26753
G1 X103.042 Y110.082 E.0059
G1 E-1.75 F6000
;WIPE_START
G1 X102.042 Y110.088 E-.75
;WIPE_END
G1 X104.276 Y110.231 Z16.44 F18000
G1 X115.724 Y110.965
G1 X128.176 Y111.376
G1 X128.59 Y111.79
G1 Z16.24
G1 E2.5 F6000
M204 P1000
;TYPE:Outer wall
;WIDTH:0.42
G1 F2894
G1 X115.31 Y111.79 E.32366
G1 X115.31 Y108.21 E.08725
G1 X128.59 Y108.21 E.32366
G1 X128.59 Y111.73 E.08579
G1 X128.176 Y111.376 F18000
G1 X128.189 Y111.389
M204 P1500
;TYPE:Inner wall
;WIDTH:0.45
G1 F2894
G1 X115.711 Y111.389 E.32778
G1 X115.711 Y108.611 E.07299
G1 X128.189 Y108.611 E.32778
G1 X128.189 Y111.329 E.07141
G1 X127.774 Y110.974 F18000
G1 F2894
G1 X116.126 Y110.974 E.30595
G1 X116.126 Y109.026 E.05115
G1 X127.774 Y109.026 E.30595
G1 X127.774 Y110.914 E.04958
G1 X127.358 Y110.558 F18000
G1 F2894
G1 X116.542 Y110.558 E.28411
G1 X116.542 Y109.442 E.02932
G1 X127.358 Y109.442 E.28411
G1 X127.358 Y110.498 E.02774
G1 X126.942 Y110.142 F18000
G1 F2894
G1 X116.958 Y110.142 E.26227
G1 X116.958 Y109.858 E.00748
G1 X126.942 Y109.858 E.26227
G1 X126.942 Y110.082 E.0059
G1 E-1.75 F6000
;WIPE_START
G1 X125.942 Y110.088 E-.75
;WIPE_END
G1 X128.176 Y110.262 Z16.44 F18000
G1 X139.824 Y111.17
G1 X147.376 Y111.376
G1 X147.79 Y111.79
G1 Z16.24
G1 E2.5 F6000
M204 P1000
;TYPE:Outer wall
;WIDTH:0.42
G1 F2894
G1 X139.41 Y111.79 E.20424
G1 X139.41 Y108.21 E.08725
G1 X147.79 Y108.21 E.20424
G1 X147.79 Y111.73 E.08579
G1 X147.376 Y111.376 F18000
G1 X147.389 Y111.389
M204 P1500
;TYPE:Inner wall
;WIDTH:0.45
G1 F2894
G1 X139.811 Y111.389 E.19907
G1 X139.811 Y108.611 E.07299
G1 X147.389 Y108.611 E.19907
G1 X147.389 Y111.329 E.07141
G1 X146.974 Y110.974 F18000
G1 F2894
G1 X140.226 Y110.974 E.17724
G1 X140.226 Y109.026 E.05115
G1 X146.974 Y109.026 E.17724
G1 X146.974 Y110.914 E.04958
G1 X146.558 Y110.558 F18000
G1 F2894
G1 X140.642 Y110.558 E.1554
G1 X140.642 Y109.442 E.02932
G1 X146.558 Y109.442 E.1554
G1 X146.558 Y110.498 E.02774
G1 X146.142 Y110.142 F18000
G1 F2894
G1 X141.058 Y110.142 E.13356
G1 X141.058 Y109.858 E.00748
G1 X146.142 Y109.858 E.13356
G1 X146.142 Y110.082 E.0059
; stop printing object pogo_receiver_coupon.stl id:0 copy 0
;LAYER_CHANGE
;Z:16.4
;HEIGHT:0.16
G92 E0 ; zero the extruded length again
; BEFORE_LAYER_CHANGE 101 @ 16.4mm
G1 E-1.75 F6000
;WIPE_START
G1 X145.142 Y110.094 E-.75
;WIPE_END
; AFTER_LAYER_CHANGE 101 @ 16.4mm
;_SET_FAN_SPEED_CHANGING_LAYER
; printing object pogo_receiver_coupon.stl id:0 copy 0
G1 F18000
G1 X144.661 Y109.878 Z16.4286
G1 X144.53 Y109.366 Z16.4571
G1 X144.848 Y108.945 Z16.4857
G1 X145.376 Y108.931 Z16.5143
G1 X145.716 Y109.335 Z16.5429
G1 X145.612 Y109.853 Z16.5714
G1 X145.142 Y110.094 Z16.6
G1 X139.824 Y110.234 Z16.6
G1 X128.176 Y110.541
G1 X115.724 Y110.869
G1 X104.276 Y111.171
G1 X96.481 Y111.376
G1 X80.376 Y111.376
G1 X80.79 Y111.79
G1 Z16.4
G1 E2.5 F6000
M204 P1000
;TYPE:Outer wall
;WIDTH:0.42
G1 F2894
G1 X72.21 Y111.79 E.20911
G1 X72.21 Y108.21 E.08725
G1 X80.79 Y108.21 E.20911
G1 X80.79 Y111.73 E.08579
G1 X80.376 Y111.376 F18000
G1 X80.389 Y111.389
M204 P1500
;TYPE:Inner wall
;WIDTH:0.45
G1 F2894
G1 X72.611 Y111.389 E.20433
G1 X72.611 Y108.611 E.07299
G1 X80.389 Y108.611 E.20433
G1 X80.389 Y111.329 E.07141
G1 X79.974 Y110.974 F18000
G1 F2894
G1 X73.026 Y110.974 E.18249
G1 X73.026 Y109.026 E.05115
G1 X79.974 Y109.026 E.18249
G1 X79.974 Y110.914 E.04958
G1 X79.558 Y110.558 F18000
G1 F2894
G1 X73.442 Y110.558 E.16065
G1 X73.442 Y109.442 E.02932
G1 X79.558 Y109.442 E.16065
G1 X79.558 Y110.498 E.02774
G1 X79.142 Y110.142 F18000
G1 F2894
G1 X73.858 Y110.142 E.13882
G1 X73.858 Y109.858 E.00748
G1 X79.142 Y109.858 E.13882
G1 X79.142 Y110.082 E.0059
G1 E-1.75 F6000
;WIPE_START
G1 X78.142 Y110.094 E-.75
;WIPE_END
G1 X80.376 Y110.236 Z16.6 F18000
G1 X91.624 Y110.955
G1 X104.276 Y111.376
G1 X104.69 Y111.79
G1 Z16.4
G1 E2.5 F6000
M204 P1000
;TYPE:Outer wall
;WIDTH:0.42
G1 F2894
G1 X91.21 Y111.79 E.32853
G1 X91.21 Y108.21 E.08725
G1 X104.69 Y108.21 E.32853
G1 X104.69 Y111.73 E.08579
G1 X104.276 Y111.376 F18000
G1 X104.289 Y111.389
M204 P1500
;TYPE:Inner wall
;WIDTH:0.45
G1 F2894
G1 X91.611 Y111.389 E.33304
G1 X91.611 Y108.611 E.07299
G1 X104.289 Y108.611 E.33304
G1 X104.289 Y111.329 E.07141
G1 X103.874 Y110.974 F18000
G1 F2894
G1 X92.026 Y110.974 E.3112
G1 X92.026 Y109.026 E.05115
G1 X103.874 Y109.026 E.3112
G1 X103.874 Y110.914 E.04958
G1 X103.458 Y110.558 F18000
G1 F2894
G1 X92.442 Y110.558 E.28936
G1 X92.442 Y109.442 E.02932
G1 X103.458 Y109.442 E.28936
G1 X103.458 Y110.498 E.02774
G1 X103.042 Y110.142 F18000
G1 F2894
G1 X92.858 Y110.142 E.26753
G1 X92.858 Y109.858 E.00748
G1 X103.042 Y109.858 E.26753
G1 X103.042 Y110.082 E.0059
G1 E-1.75 F6000
;WIPE_START
G1 X102.042 Y110.088 E-.75
;WIPE_END
G1 X104.276 Y110.231 Z16.6 F18000
G1 X115.724 Y110.965
G1 X128.176 Y111.376
G1 X128.59 Y111.79
G1 Z16.4
G1 E2.5 F6000
M204 P1000
;TYPE:Outer wall
;WIDTH:0.42
G1 F2894
G1 X115.31 Y111.79 E.32366
G1 X115.31 Y108.21 E.08725
G1 X128.59 Y108.21 E.32366
G1 X128.59 Y111.73 E.08579
G1 X128.176 Y111.376 F18000
G1 X128.189 Y111.389
M204 P1500
;TYPE:Inner wall
;WIDTH:0.45
G1 F2894
G1 X115.711 Y111.389 E.32778
G1 X115.711 Y108.611 E.07299
G1 X128.189 Y108.611 E.32778
G1 X128.189 Y111.329 E.07141
G1 X127.774 Y110.974 F18000
G1 F2894
G1 X116.126 Y110.974 E.30595
G1 X116.126 Y109.026 E.05115
G1 X127.774 Y109.026 E.30595
G1 X127.774 Y110.914 E.04958
G1 X127.358 Y110.558 F18000
G1 F2894
G1 X116.542 Y110.558 E.28411
G1 X116.542 Y109.442 E.02932
G1 X127.358 Y109.442 E.28411
G1 X127.358 Y110.498 E.02774
G1 X126.942 Y110.142 F18000
G1 F2894
G1 X116.958 Y110.142 E.26227
G1 X116.958 Y109.858 E.00748
G1 X126.942 Y109.858 E.26227
G1 X126.942 Y110.082 E.0059
G1 E-1.75 F6000
;WIPE_START
G1 X125.942 Y110.088 E-.75
;WIPE_END
G1 X128.176 Y110.262 Z16.6 F18000
G1 X139.824 Y111.17
G1 X147.376 Y111.376
G1 X147.79 Y111.79
G1 Z16.4
G1 E2.5 F6000
M204 P1000
;TYPE:Outer wall
;WIDTH:0.42
G1 F2894
G1 X139.41 Y111.79 E.20424
G1 X139.41 Y108.21 E.08725
G1 X147.79 Y108.21 E.20424
G1 X147.79 Y111.73 E.08579
G1 X147.376 Y111.376 F18000
G1 X147.389 Y111.389
M204 P1500
;TYPE:Inner wall
;WIDTH:0.45
G1 F2894
G1 X139.811 Y111.389 E.19907
G1 X139.811 Y108.611 E.07299
G1 X147.389 Y108.611 E.19907
G1 X147.389 Y111.329 E.07141
G1 X146.974 Y110.974 F18000
G1 F2894
G1 X140.226 Y110.974 E.17724
G1 X140.226 Y109.026 E.05115
G1 X146.974 Y109.026 E.17724
G1 X146.974 Y110.914 E.04958
G1 X146.558 Y110.558 F18000
G1 F2894
G1 X140.642 Y110.558 E.1554
G1 X140.642 Y109.442 E.02932
G1 X146.558 Y109.442 E.1554
G1 X146.558 Y110.498 E.02774
G1 X146.142 Y110.142 F18000
G1 F2894
G1 X141.058 Y110.142 E.13356
G1 X141.058 Y109.858 E.00748
G1 X146.142 Y109.858 E.13356
G1 X146.142 Y110.082 E.0059
; stop printing object pogo_receiver_coupon.stl id:0 copy 0
;LAYER_CHANGE
;Z:16.56
;HEIGHT:0.16
G92 E0 ; zero the extruded length again
; BEFORE_LAYER_CHANGE 102 @ 16.56mm
G1 E-1.75 F6000
;WIPE_START
G1 X145.142 Y110.094 E-.75
;WIPE_END
; AFTER_LAYER_CHANGE 102 @ 16.56mm
;_SET_FAN_SPEED_CHANGING_LAYER
; printing object pogo_receiver_coupon.stl id:0 copy 0
G1 F18000
G1 X144.661 Y109.878 Z16.5886
G1 X144.53 Y109.366 Z16.6171
G1 X144.848 Y108.945 Z16.6457
G1 X145.376 Y108.931 Z16.6743
G1 X145.716 Y109.335 Z16.7029
G1 X145.612 Y109.853 Z16.7314
G1 X145.142 Y110.094 Z16.76
G1 X139.824 Y110.234 Z16.76
G1 X128.176 Y110.541
G1 X115.724 Y110.869
G1 X104.276 Y111.171
G1 X96.481 Y111.376
G1 X80.376 Y111.376
G1 X80.79 Y111.79
G1 Z16.56
G1 E2.5 F6000
M204 P1000
;TYPE:Outer wall
;WIDTH:0.42
G1 F2894
G1 X72.21 Y111.79 E.20911
G1 X72.21 Y108.21 E.08725
G1 X80.79 Y108.21 E.20911
G1 X80.79 Y111.73 E.08579
G1 X80.376 Y111.376 F18000
G1 X80.389 Y111.389
M204 P1500
;TYPE:Inner wall
;WIDTH:0.45
G1 F2894
G1 X72.611 Y111.389 E.20433
G1 X72.611 Y108.611 E.07299
G1 X80.389 Y108.611 E.20433
G1 X80.389 Y111.329 E.07141
G1 X79.974 Y110.974 F18000
G1 F2894
G1 X73.026 Y110.974 E.18249
G1 X73.026 Y109.026 E.05115
G1 X79.974 Y109.026 E.18249
G1 X79.974 Y110.914 E.04958
G1 X79.558 Y110.558 F18000
G1 F2894
G1 X73.442 Y110.558 E.16065
G1 X73.442 Y109.442 E.02932
G1 X79.558 Y109.442 E.16065
G1 X79.558 Y110.498 E.02774
G1 X79.142 Y110.142 F18000
G1 F2894
G1 X73.858 Y110.142 E.13882
G1 X73.858 Y109.858 E.00748
G1 X79.142 Y109.858 E.13882
G1 X79.142 Y110.082 E.0059
G1 E-1.75 F6000
;WIPE_START
G1 X78.142 Y110.094 E-.75
;WIPE_END
G1 X80.376 Y110.236 Z16.76 F18000
G1 X91.624 Y110.955
G1 X104.276 Y111.376
G1 X104.69 Y111.79
G1 Z16.56
G1 E2.5 F6000
M204 P1000
;TYPE:Outer wall
;WIDTH:0.42
G1 F2894
G1 X91.21 Y111.79 E.32853
G1 X91.21 Y108.21 E.08725
G1 X104.69 Y108.21 E.32853
G1 X104.69 Y111.73 E.08579
G1 X104.276 Y111.376 F18000
G1 X104.289 Y111.389
M204 P1500
;TYPE:Inner wall
;WIDTH:0.45
G1 F2894
G1 X91.611 Y111.389 E.33304
G1 X91.611 Y108.611 E.07299
G1 X104.289 Y108.611 E.33304
G1 X104.289 Y111.329 E.07141
G1 X103.874 Y110.974 F18000
G1 F2894
G1 X92.026 Y110.974 E.3112
G1 X92.026 Y109.026 E.05115
G1 X103.874 Y109.026 E.3112
G1 X103.874 Y110.914 E.04958
G1 X103.458 Y110.558 F18000
G1 F2894
G1 X92.442 Y110.558 E.28936
G1 X92.442 Y109.442 E.02932
G1 X103.458 Y109.442 E.28936
G1 X103.458 Y110.498 E.02774
G1 X103.042 Y110.142 F18000
G1 F2894
G1 X92.858 Y110.142 E.26753
G1 X92.858 Y109.858 E.00748
G1 X103.042 Y109.858 E.26753
G1 X103.042 Y110.082 E.0059
G1 E-1.75 F6000
;WIPE_START
G1 X102.042 Y110.088 E-.75
;WIPE_END
G1 X104.276 Y110.231 Z16.76 F18000
G1 X115.724 Y110.965
G1 X128.176 Y111.376
G1 X128.59 Y111.79
G1 Z16.56
G1 E2.5 F6000
M204 P1000
;TYPE:Outer wall
;WIDTH:0.42
G1 F2894
G1 X115.31 Y111.79 E.32366
G1 X115.31 Y108.21 E.08725
G1 X128.59 Y108.21 E.32366
G1 X128.59 Y111.73 E.08579
G1 X128.176 Y111.376 F18000
G1 X128.189 Y111.389
M204 P1500
;TYPE:Inner wall
;WIDTH:0.45
G1 F2894
G1 X115.711 Y111.389 E.32778
G1 X115.711 Y108.611 E.07299
G1 X128.189 Y108.611 E.32778
G1 X128.189 Y111.329 E.07141
G1 X127.774 Y110.974 F18000
G1 F2894
G1 X116.126 Y110.974 E.30595
G1 X116.126 Y109.026 E.05115
G1 X127.774 Y109.026 E.30595
G1 X127.774 Y110.914 E.04958
G1 X127.358 Y110.558 F18000
G1 F2894
G1 X116.542 Y110.558 E.28411
G1 X116.542 Y109.442 E.02932
G1 X127.358 Y109.442 E.28411
G1 X127.358 Y110.498 E.02774
G1 X126.942 Y110.142 F18000
G1 F2894
G1 X116.958 Y110.142 E.26227
G1 X116.958 Y109.858 E.00748
G1 X126.942 Y109.858 E.26227
G1 X126.942 Y110.082 E.0059
G1 E-1.75 F6000
;WIPE_START
G1 X125.942 Y110.088 E-.75
;WIPE_END
G1 X128.176 Y110.262 Z16.76 F18000
G1 X139.824 Y111.17
G1 X147.376 Y111.376
G1 X147.79 Y111.79
G1 Z16.56
G1 E2.5 F6000
M204 P1000
;TYPE:Outer wall
;WIDTH:0.42
G1 F2894
G1 X139.41 Y111.79 E.20424
G1 X139.41 Y108.21 E.08725
G1 X147.79 Y108.21 E.20424
G1 X147.79 Y111.73 E.08579
G1 X147.376 Y111.376 F18000
G1 X147.389 Y111.389
M204 P1500
;TYPE:Inner wall
;WIDTH:0.45
G1 F2894
G1 X139.811 Y111.389 E.19907
G1 X139.811 Y108.611 E.07299
G1 X147.389 Y108.611 E.19907
G1 X147.389 Y111.329 E.07141
G1 X146.974 Y110.974 F18000
G1 F2894
G1 X140.226 Y110.974 E.17724
G1 X140.226 Y109.026 E.05115
G1 X146.974 Y109.026 E.17724
G1 X146.974 Y110.914 E.04958
G1 X146.558 Y110.558 F18000
G1 F2894
G1 X140.642 Y110.558 E.1554
G1 X140.642 Y109.442 E.02932
G1 X146.558 Y109.442 E.1554
G1 X146.558 Y110.498 E.02774
G1 X146.142 Y110.142 F18000
G1 F2894
G1 X141.058 Y110.142 E.13356
G1 X141.058 Y109.858 E.00748
G1 X146.142 Y109.858 E.13356
G1 X146.142 Y110.082 E.0059
; stop printing object pogo_receiver_coupon.stl id:0 copy 0
;LAYER_CHANGE
;Z:16.72
;HEIGHT:0.16
G92 E0 ; zero the extruded length again
; BEFORE_LAYER_CHANGE 103 @ 16.72mm
G1 E-1.75 F6000
;WIPE_START
G1 X145.142 Y110.094 E-.75
;WIPE_END
; AFTER_LAYER_CHANGE 103 @ 16.72mm
;_SET_FAN_SPEED_CHANGING_LAYER
; printing object pogo_receiver_coupon.stl id:0 copy 0
G1 F18000
G1 X144.661 Y109.878 Z16.7486
G1 X144.53 Y109.366 Z16.7771
G1 X144.848 Y108.945 Z16.8057
G1 X145.376 Y108.931 Z16.8343
G1 X145.716 Y109.335 Z16.8629
G1 X145.612 Y109.853 Z16.8914
G1 X145.142 Y110.094 Z16.92
G1 X139.824 Y110.234 Z16.92
G1 X128.176 Y110.541
G1 X115.724 Y110.869
G1 X104.276 Y111.171
G1 X96.481 Y111.376
G1 X80.376 Y111.376
G1 X80.79 Y111.79
G1 Z16.72
G1 E2.5 F6000
M204 P1000
;TYPE:Outer wall
;WIDTH:0.42
G1 F2894
G1 X72.21 Y111.79 E.20911
G1 X72.21 Y108.21 E.08725
G1 X80.79 Y108.21 E.20911
G1 X80.79 Y111.73 E.08579
G1 X80.376 Y111.376 F18000
G1 X80.389 Y111.389
M204 P1500
;TYPE:Inner wall
;WIDTH:0.45
G1 F2894
G1 X72.611 Y111.389 E.20433
G1 X72.611 Y108.611 E.07299
G1 X80.389 Y108.611 E.20433
G1 X80.389 Y111.329 E.07141
G1 X79.974 Y110.974 F18000
G1 F2894
G1 X73.026 Y110.974 E.18249
G1 X73.026 Y109.026 E.05115
G1 X79.974 Y109.026 E.18249
G1 X79.974 Y110.914 E.04958
G1 X79.558 Y110.558 F18000
G1 F2894
G1 X73.442 Y110.558 E.16065
G1 X73.442 Y109.442 E.02932
G1 X79.558 Y109.442 E.16065
G1 X79.558 Y110.498 E.02774
G1 X79.142 Y110.142 F18000
G1 F2894
G1 X73.858 Y110.142 E.13882
G1 X73.858 Y109.858 E.00748
G1 X79.142 Y109.858 E.13882
G1 X79.142 Y110.082 E.0059
G1 E-1.75 F6000
;WIPE_START
G1 X78.142 Y110.094 E-.75
;WIPE_END
G1 X80.376 Y110.236 Z16.92 F18000
G1 X91.624 Y110.955
G1 X104.276 Y111.376
G1 X104.69 Y111.79
G1 Z16.72
G1 E2.5 F6000
M204 P1000
;TYPE:Outer wall
;WIDTH:0.42
G1 F2894
G1 X91.21 Y111.79 E.32853
G1 X91.21 Y108.21 E.08725
G1 X104.69 Y108.21 E.32853
G1 X104.69 Y111.73 E.08579
G1 X104.276 Y111.376 F18000
G1 X104.289 Y111.389
M204 P1500
;TYPE:Inner wall
;WIDTH:0.45
G1 F2894
G1 X91.611 Y111.389 E.33304
G1 X91.611 Y108.611 E.07299
G1 X104.289 Y108.611 E.33304
G1 X104.289 Y111.329 E.07141
G1 X103.874 Y110.974 F18000
G1 F2894
G1 X92.026 Y110.974 E.3112
G1 X92.026 Y109.026 E.05115
G1 X103.874 Y109.026 E.3112
G1 X103.874 Y110.914 E.04958
G1 X103.458 Y110.558 F18000
G1 F2894
G1 X92.442 Y110.558 E.28936
G1 X92.442 Y109.442 E.02932
G1 X103.458 Y109.442 E.28936
G1 X103.458 Y110.498 E.02774
G1 X103.042 Y110.142 F18000
G1 F2894
G1 X92.858 Y110.142 E.26753
G1 X92.858 Y109.858 E.00748
G1 X103.042 Y109.858 E.26753
G1 X103.042 Y110.082 E.0059
G1 E-1.75 F6000
;WIPE_START
G1 X102.042 Y110.088 E-.75
;WIPE_END
G1 X104.276 Y110.231 Z16.92 F18000
G1 X115.724 Y110.965
G1 X128.176 Y111.376
G1 X128.59 Y111.79
G1 Z16.72
G1 E2.5 F6000
M204 P1000
;TYPE:Outer wall
;WIDTH:0.42
G1 F2894
G1 X115.31 Y111.79 E.32366
G1 X115.31 Y108.21 E.08725
G1 X128.59 Y108.21 E.32366
G1 X128.59 Y111.73 E.08579
G1 X128.176 Y111.376 F18000
G1 X128.189 Y111.389
M204 P1500
;TYPE:Inner wall
;WIDTH:0.45
G1 F2894
G1 X115.711 Y111.389 E.32778
G1 X115.711 Y108.611 E.07299
G1 X128.189 Y108.611 E.32778
G1 X128.189 Y111.329 E.07141
G1 X127.774 Y110.974 F18000
G1 F2894
G1 X116.126 Y110.974 E.30595
G1 X116.126 Y109.026 E.05115
G1 X127.774 Y109.026 E.30595
G1 X127.774 Y110.914 E.04958
G1 X127.358 Y110.558 F18000
G1 F2894
G1 X116.542 Y110.558 E.28411
G1 X116.542 Y109.442 E.02932
G1 X127.358 Y109.442 E.28411
G1 X127.358 Y110.498 E.02774
G1 X126.942 Y110.142 F18000
G1 F2894
G1 X116.958 Y110.142 E.26227
G1 X116.958 Y109.858 E.00748
G1 X126.942 Y109.858 E.26227
G1 X126.942 Y110.082 E.0059
G1 E-1.75 F6000
;WIPE_START
G1 X125.942 Y110.088 E-.75
;WIPE_END
G1 X128.176 Y110.262 Z16.92 F18000
G1 X139.824 Y111.17
G1 X147.376 Y111.376
G1 X147.79 Y111.79
G1 Z16.72
G1 E2.5 F6000
M204 P1000
;TYPE:Outer wall
;WIDTH:0.42
G1 F2894
G1 X139.41 Y111.79 E.20424
G1 X139.41 Y108.21 E.08725
G1 X147.79 Y108.21 E.20424
G1 X147.79 Y111.73 E.08579
G1 X147.376 Y111.376 F18000
G1 X147.389 Y111.389
M204 P1500
;TYPE:Inner wall
;WIDTH:0.45
G1 F2894
G1 X139.811 Y111.389 E.19907
G1 X139.811 Y108.611 E.07299
G1 X147.389 Y108.611 E.19907
G1 X147.389 Y111.329 E.07141
G1 X146.974 Y110.974 F18000
G1 F2894
G1 X140.226 Y110.974 E.17724
G1 X140.226 Y109.026 E.05115
G1 X146.974 Y109.026 E.17724
G1 X146.974 Y110.914 E.04958
G1 X146.558 Y110.558 F18000
G1 F2894
G1 X140.642 Y110.558 E.1554
G1 X140.642 Y109.442 E.02932
G1 X146.558 Y109.442 E.1554
G1 X146.558 Y110.498 E.02774
G1 X146.142 Y110.142 F18000
G1 F2894
G1 X141.058 Y110.142 E.13356
G1 X141.058 Y109.858 E.00748
G1 X146.142 Y109.858 E.13356
G1 X146.142 Y110.082 E.0059
; stop printing object pogo_receiver_coupon.stl id:0 copy 0
;LAYER_CHANGE
;Z:16.88
;HEIGHT:0.16
G92 E0 ; zero the extruded length again
; BEFORE_LAYER_CHANGE 104 @ 16.88mm
G1 E-1.75 F6000
;WIPE_START
G1 X145.142 Y110.094 E-.75
;WIPE_END
; AFTER_LAYER_CHANGE 104 @ 16.88mm
;_SET_FAN_SPEED_CHANGING_LAYER
; printing object pogo_receiver_coupon.stl id:0 copy 0
G1 F18000
G1 X144.661 Y109.878 Z16.9086
G1 X144.53 Y109.366 Z16.9371
G1 X144.848 Y108.945 Z16.9657
G1 X145.376 Y108.931 Z16.9943
G1 X145.716 Y109.335 Z17.0229
G1 X145.612 Y109.853 Z17.0514
G1 X145.142 Y110.094 Z17.08
G1 X139.824 Y110.234 Z17.08
G1 X128.176 Y110.541
G1 X115.724 Y110.869
G1 X104.276 Y111.171
G1 X96.481 Y111.376
G1 X80.376 Y111.376
G1 X80.79 Y111.79
G1 Z16.88
G1 E2.5 F6000
M204 P1000
;TYPE:Outer wall
;WIDTH:0.42
G1 F2894
G1 X72.21 Y111.79 E.20911
G1 X72.21 Y108.21 E.08725
G1 X80.79 Y108.21 E.20911
G1 X80.79 Y111.73 E.08579
G1 X80.376 Y111.376 F18000
G1 X80.389 Y111.389
M204 P1500
;TYPE:Inner wall
;WIDTH:0.45
G1 F2894
G1 X72.611 Y111.389 E.20433
G1 X72.611 Y108.611 E.07299
G1 X80.389 Y108.611 E.20433
G1 X80.389 Y111.329 E.07141
G1 X79.974 Y110.974 F18000
G1 F2894
G1 X73.026 Y110.974 E.18249
G1 X73.026 Y109.026 E.05115
G1 X79.974 Y109.026 E.18249
G1 X79.974 Y110.914 E.04958
G1 X79.558 Y110.558 F18000
G1 F2894
G1 X73.442 Y110.558 E.16065
G1 X73.442 Y109.442 E.02932
G1 X79.558 Y109.442 E.16065
G1 X79.558 Y110.498 E.02774
G1 X79.142 Y110.142 F18000
G1 F2894
G1 X73.858 Y110.142 E.13882
G1 X73.858 Y109.858 E.00748
G1 X79.142 Y109.858 E.13882
G1 X79.142 Y110.082 E.0059
G1 E-1.75 F6000
;WIPE_START
G1 X78.142 Y110.094 E-.75
;WIPE_END
G1 X80.376 Y110.236 Z17.08 F18000
G1 X91.624 Y110.955
G1 X104.276 Y111.376
G1 X104.69 Y111.79
G1 Z16.88
G1 E2.5 F6000
M204 P1000
;TYPE:Outer wall
;WIDTH:0.42
G1 F2894
G1 X91.21 Y111.79 E.32853
G1 X91.21 Y108.21 E.08725
G1 X104.69 Y108.21 E.32853
G1 X104.69 Y111.73 E.08579
G1 X104.276 Y111.376 F18000
G1 X104.289 Y111.389
M204 P1500
;TYPE:Inner wall
;WIDTH:0.45
G1 F2894
G1 X91.611 Y111.389 E.33304
G1 X91.611 Y108.611 E.07299
G1 X104.289 Y108.611 E.33304
G1 X104.289 Y111.329 E.07141
G1 X103.874 Y110.974 F18000
G1 F2894
G1 X92.026 Y110.974 E.3112
G1 X92.026 Y109.026 E.05115
G1 X103.874 Y109.026 E.3112
G1 X103.874 Y110.914 E.04958
G1 X103.458 Y110.558 F18000
G1 F2894
G1 X92.442 Y110.558 E.28936
G1 X92.442 Y109.442 E.02932
G1 X103.458 Y109.442 E.28936
G1 X103.458 Y110.498 E.02774
G1 X103.042 Y110.142 F18000
G1 F2894
G1 X92.858 Y110.142 E.26753
G1 X92.858 Y109.858 E.00748
G1 X103.042 Y109.858 E.26753
G1 X103.042 Y110.082 E.0059
G1 E-1.75 F6000
;WIPE_START
G1 X102.042 Y110.088 E-.75
;WIPE_END
G1 X104.276 Y110.231 Z17.08 F18000
G1 X115.724 Y110.965
G1 X128.176 Y111.376
G1 X128.59 Y111.79
G1 Z16.88
G1 E2.5 F6000
M204 P1000
;TYPE:Outer wall
;WIDTH:0.42
G1 F2894
G1 X115.31 Y111.79 E.32366
G1 X115.31 Y108.21 E.08725
G1 X128.59 Y108.21 E.32366
G1 X128.59 Y111.73 E.08579
G1 X128.176 Y111.376 F18000
G1 X128.189 Y111.389
M204 P1500
;TYPE:Inner wall
;WIDTH:0.45
G1 F2894
G1 X115.711 Y111.389 E.32778
G1 X115.711 Y108.611 E.07299
G1 X128.189 Y108.611 E.32778
G1 X128.189 Y111.329 E.07141
G1 X127.774 Y110.974 F18000
G1 F2894
G1 X116.126 Y110.974 E.30595
G1 X116.126 Y109.026 E.05115
G1 X127.774 Y109.026 E.30595
G1 X127.774 Y110.914 E.04958
G1 X127.358 Y110.558 F18000
G1 F2894
G1 X116.542 Y110.558 E.28411
G1 X116.542 Y109.442 E.02932
G1 X127.358 Y109.442 E.28411
G1 X127.358 Y110.498 E.02774
G1 X126.942 Y110.142 F18000
G1 F2894
G1 X116.958 Y110.142 E.26227
G1 X116.958 Y109.858 E.00748
G1 X126.942 Y109.858 E.26227
G1 X126.942 Y110.082 E.0059
G1 E-1.75 F6000
;WIPE_START
G1 X125.942 Y110.088 E-.75
;WIPE_END
G1 X128.176 Y110.262 Z17.08 F18000
G1 X139.824 Y111.17
G1 X147.376 Y111.376
G1 X147.79 Y111.79
G1 Z16.88
G1 E2.5 F6000
M204 P1000
;TYPE:Outer wall
;WIDTH:0.42
G1 F2894
G1 X139.41 Y111.79 E.20424
G1 X139.41 Y108.21 E.08725
G1 X147.79 Y108.21 E.20424
G1 X147.79 Y111.73 E.08579
G1 X147.376 Y111.376 F18000
G1 X147.389 Y111.389
M204 P1500
;TYPE:Inner wall
;WIDTH:0.45
G1 F2894
G1 X139.811 Y111.389 E.19907
G1 X139.811 Y108.611 E.07299
G1 X147.389 Y108.611 E.19907
G1 X147.389 Y111.329 E.07141
G1 X146.974 Y110.974 F18000
G1 F2894
G1 X140.226 Y110.974 E.17724
G1 X140.226 Y109.026 E.05115
G1 X146.974 Y109.026 E.17724
G1 X146.974 Y110.914 E.04958
G1 X146.558 Y110.558 F18000
G1 F2894
G1 X140.642 Y110.558 E.1554
G1 X140.642 Y109.442 E.02932
G1 X146.558 Y109.442 E.1554
G1 X146.558 Y110.498 E.02774
G1 X146.142 Y110.142 F18000
G1 F2894
G1 X141.058 Y110.142 E.13356
G1 X141.058 Y109.858 E.00748
G1 X146.142 Y109.858 E.13356
G1 X146.142 Y110.082 E.0059
; stop printing object pogo_receiver_coupon.stl id:0 copy 0
;LAYER_CHANGE
;Z:17.04
;HEIGHT:0.160002
G92 E0 ; zero the extruded length again
; BEFORE_LAYER_CHANGE 105 @ 17.04mm
G1 E-1.75 F6000
;WIPE_START
G1 X145.142 Y110.094 E-.75
;WIPE_END
; AFTER_LAYER_CHANGE 105 @ 17.04mm
;_SET_FAN_SPEED_CHANGING_LAYER
; printing object pogo_receiver_coupon.stl id:0 copy 0
G1 F18000
G1 X144.661 Y109.878 Z17.0686
G1 X144.53 Y109.366 Z17.0971
G1 X144.848 Y108.945 Z17.1257
G1 X145.376 Y108.931 Z17.1543
G1 X145.716 Y109.335 Z17.1829
G1 X145.612 Y109.853 Z17.2114
G1 X145.142 Y110.094 Z17.24
G1 X139.824 Y110.234 Z17.24
G1 X128.176 Y110.541
G1 X115.724 Y110.869
G1 X104.276 Y111.171
G1 X96.481 Y111.376
G1 X80.376 Y111.376
G1 X80.79 Y111.79
G1 Z17.04
G1 E2.5 F6000
M204 P1000
;TYPE:Outer wall
;WIDTH:0.42
G1 F2894
G1 X72.21 Y111.79 E.20911
G1 X72.21 Y108.21 E.08725
G1 X80.79 Y108.21 E.20911
G1 X80.79 Y111.73 E.08579
G1 X80.376 Y111.376 F18000
G1 X80.389 Y111.389
M204 P1500
;TYPE:Inner wall
;WIDTH:0.45
G1 F2894
G1 X72.611 Y111.389 E.20433
G1 X72.611 Y108.611 E.07299
G1 X80.389 Y108.611 E.20433
G1 X80.389 Y111.329 E.07141
G1 X79.974 Y110.974 F18000
G1 F2894
G1 X73.026 Y110.974 E.18249
G1 X73.026 Y109.026 E.05115
G1 X79.974 Y109.026 E.18249
G1 X79.974 Y110.914 E.04958
G1 X79.558 Y110.558 F18000
G1 F2894
G1 X73.442 Y110.558 E.16065
G1 X73.442 Y109.442 E.02932
G1 X79.558 Y109.442 E.16065
G1 X79.558 Y110.498 E.02774
G1 X79.142 Y110.142 F18000
G1 F2894
G1 X73.858 Y110.142 E.13882
G1 X73.858 Y109.858 E.00748
G1 X79.142 Y109.858 E.13882
G1 X79.142 Y110.082 E.0059
G1 E-1.75 F6000
;WIPE_START
G1 X78.142 Y110.094 E-.75
;WIPE_END
G1 X80.376 Y110.236 Z17.24 F18000
G1 X91.624 Y110.955
G1 X104.276 Y111.376
G1 X104.69 Y111.79
G1 Z17.04
G1 E2.5 F6000
M204 P1000
;TYPE:Outer wall
;WIDTH:0.42
G1 F2894
G1 X91.21 Y111.79 E.32853
G1 X91.21 Y108.21 E.08725
G1 X104.69 Y108.21 E.32853
G1 X104.69 Y111.73 E.08579
G1 X104.276 Y111.376 F18000
G1 X104.289 Y111.389
M204 P1500
;TYPE:Inner wall
;WIDTH:0.45
G1 F2894
G1 X91.611 Y111.389 E.33304
G1 X91.611 Y108.611 E.07299
G1 X104.289 Y108.611 E.33304
G1 X104.289 Y111.329 E.07141
G1 X103.874 Y110.974 F18000
G1 F2894
G1 X92.026 Y110.974 E.3112
G1 X92.026 Y109.026 E.05115
G1 X103.874 Y109.026 E.3112
G1 X103.874 Y110.914 E.04958
G1 X103.458 Y110.558 F18000
G1 F2894
G1 X92.442 Y110.558 E.28936
G1 X92.442 Y109.442 E.02932
G1 X103.458 Y109.442 E.28936
G1 X103.458 Y110.498 E.02774
G1 X103.042 Y110.142 F18000
G1 F2894
G1 X92.858 Y110.142 E.26753
G1 X92.858 Y109.858 E.00748
G1 X103.042 Y109.858 E.26753
G1 X103.042 Y110.082 E.0059
G1 E-1.75 F6000
;WIPE_START
G1 X102.042 Y110.088 E-.75
;WIPE_END
G1 X104.276 Y110.231 Z17.24 F18000
G1 X115.724 Y110.965
G1 X128.176 Y111.376
G1 X128.59 Y111.79
G1 Z17.04
G1 E2.5 F6000
M204 P1000
;TYPE:Outer wall
;WIDTH:0.42
G1 F2894
G1 X115.31 Y111.79 E.32366
G1 X115.31 Y108.21 E.08725
G1 X128.59 Y108.21 E.32366
G1 X128.59 Y111.73 E.08579
G1 X128.176 Y111.376 F18000
G1 X128.189 Y111.389
M204 P1500
;TYPE:Inner wall
;WIDTH:0.45
G1 F2894
G1 X115.711 Y111.389 E.32778
G1 X115.711 Y108.611 E.07299
G1 X128.189 Y108.611 E.32778
G1 X128.189 Y111.329 E.07141
G1 X127.774 Y110.974 F18000
G1 F2894
G1 X116.126 Y110.974 E.30595
G1 X116.126 Y109.026 E.05115
G1 X127.774 Y109.026 E.30595
G1 X127.774 Y110.914 E.04958
G1 X127.358 Y110.558 F18000
G1 F2894
G1 X116.542 Y110.558 E.28411
G1 X116.542 Y109.442 E.02932
G1 X127.358 Y109.442 E.28411
G1 X127.358 Y110.498 E.02774
G1 X126.942 Y110.142 F18000
G1 F2894
G1 X116.958 Y110.142 E.26227
G1 X116.958 Y109.858 E.00748
G1 X126.942 Y109.858 E.26227
G1 X126.942 Y110.082 E.0059
G1 E-1.75 F6000
;WIPE_START
G1 X125.942 Y110.088 E-.75
;WIPE_END
G1 X128.176 Y110.262 Z17.24 F18000
G1 X139.824 Y111.17
G1 X147.376 Y111.376
G1 X147.79 Y111.79
G1 Z17.04
G1 E2.5 F6000
M204 P1000
;TYPE:Outer wall
;WIDTH:0.42
G1 F2894
G1 X139.41 Y111.79 E.20424
G1 X139.41 Y108.21 E.08725
G1 X147.79 Y108.21 E.20424
G1 X147.79 Y111.73 E.08579
G1 X147.376 Y111.376 F18000
G1 X147.389 Y111.389
M204 P1500
;TYPE:Inner wall
;WIDTH:0.45
G1 F2894
G1 X139.811 Y111.389 E.19907
G1 X139.811 Y108.611 E.07299
G1 X147.389 Y108.611 E.19907
G1 X147.389 Y111.329 E.07141
G1 X146.974 Y110.974 F18000
G1 F2894
G1 X140.226 Y110.974 E.17724
G1 X140.226 Y109.026 E.05115
G1 X146.974 Y109.026 E.17724
G1 X146.974 Y110.914 E.04958
G1 X146.558 Y110.558 F18000
G1 F2894
G1 X140.642 Y110.558 E.1554
G1 X140.642 Y109.442 E.02932
G1 X146.558 Y109.442 E.1554
G1 X146.558 Y110.498 E.02774
G1 X146.142 Y110.142 F18000
G1 F2894
G1 X141.058 Y110.142 E.13356
G1 X141.058 Y109.858 E.00748
G1 X146.142 Y109.858 E.13356
G1 X146.142 Y110.082 E.0059
; stop printing object pogo_receiver_coupon.stl id:0 copy 0
;LAYER_CHANGE
;Z:17.2
;HEIGHT:0.16
G92 E0 ; zero the extruded length again
; BEFORE_LAYER_CHANGE 106 @ 17.2mm
G1 E-1.75 F6000
;WIPE_START
G1 X145.142 Y110.094 E-.75
;WIPE_END
; AFTER_LAYER_CHANGE 106 @ 17.2mm
;_SET_FAN_SPEED_CHANGING_LAYER
; printing object pogo_receiver_coupon.stl id:0 copy 0
G1 F18000
G1 X144.661 Y109.878 Z17.2286
G1 X144.53 Y109.366 Z17.2571
G1 X144.848 Y108.945 Z17.2857
G1 X145.376 Y108.931 Z17.3143
G1 X145.716 Y109.335 Z17.3429
G1 X145.612 Y109.853 Z17.3714
G1 X145.142 Y110.094 Z17.4
G1 X139.824 Y110.234 Z17.4
G1 X128.176 Y110.541
G1 X115.724 Y110.869
G1 X104.276 Y111.171
G1 X96.481 Y111.376
G1 X80.376 Y111.376
G1 X80.79 Y111.79
G1 Z17.2
G1 E2.5 F6000
M204 P1000
;TYPE:Outer wall
;WIDTH:0.42
G1 F2894
G1 X72.21 Y111.79 E.20911
G1 X72.21 Y108.21 E.08725
G1 X80.79 Y108.21 E.20911
G1 X80.79 Y111.73 E.08579
G1 X80.376 Y111.376 F18000
G1 X80.389 Y111.389
M204 P1500
;TYPE:Inner wall
;WIDTH:0.45
G1 F2894
G1 X72.611 Y111.389 E.20433
G1 X72.611 Y108.611 E.07299
G1 X80.389 Y108.611 E.20433
G1 X80.389 Y111.329 E.07141
G1 X79.974 Y110.974 F18000
G1 F2894
G1 X73.026 Y110.974 E.18249
G1 X73.026 Y109.026 E.05115
G1 X79.974 Y109.026 E.18249
G1 X79.974 Y110.914 E.04958
G1 X79.558 Y110.558 F18000
G1 F2894
G1 X73.442 Y110.558 E.16065
G1 X73.442 Y109.442 E.02932
G1 X79.558 Y109.442 E.16065
G1 X79.558 Y110.498 E.02774
G1 X79.142 Y110.142 F18000
G1 F2894
G1 X73.858 Y110.142 E.13882
G1 X73.858 Y109.858 E.00748
G1 X79.142 Y109.858 E.13882
G1 X79.142 Y110.082 E.0059
G1 E-1.75 F6000
;WIPE_START
G1 X78.142 Y110.094 E-.75
;WIPE_END
G1 X80.376 Y110.236 Z17.4 F18000
G1 X91.624 Y110.955
G1 X104.276 Y111.376
G1 X104.69 Y111.79
G1 Z17.2
G1 E2.5 F6000
M204 P1000
;TYPE:Outer wall
;WIDTH:0.42
G1 F2894
G1 X91.21 Y111.79 E.32853
G1 X91.21 Y108.21 E.08725
G1 X104.69 Y108.21 E.32853
G1 X104.69 Y111.73 E.08579
G1 X104.276 Y111.376 F18000
G1 X104.289 Y111.389
M204 P1500
;TYPE:Inner wall
;WIDTH:0.45
G1 F2894
G1 X91.611 Y111.389 E.33304
G1 X91.611 Y108.611 E.07299
G1 X104.289 Y108.611 E.33304
G1 X104.289 Y111.329 E.07141
G1 X103.874 Y110.974 F18000
G1 F2894
G1 X92.026 Y110.974 E.3112
G1 X92.026 Y109.026 E.05115
G1 X103.874 Y109.026 E.3112
G1 X103.874 Y110.914 E.04958
G1 X103.458 Y110.558 F18000
G1 F2894
G1 X92.442 Y110.558 E.28936
G1 X92.442 Y109.442 E.02932
G1 X103.458 Y109.442 E.28936
G1 X103.458 Y110.498 E.02774
G1 X103.042 Y110.142 F18000
G1 F2894
G1 X92.858 Y110.142 E.26753
G1 X92.858 Y109.858 E.00748
G1 X103.042 Y109.858 E.26753
G1 X103.042 Y110.082 E.0059
G1 E-1.75 F6000
;WIPE_START
G1 X102.042 Y110.088 E-.75
;WIPE_END
G1 X104.276 Y110.231 Z17.4 F18000
G1 X115.724 Y110.965
G1 X128.176 Y111.376
G1 X128.59 Y111.79
G1 Z17.2
G1 E2.5 F6000
M204 P1000
;TYPE:Outer wall
;WIDTH:0.42
G1 F2894
G1 X115.31 Y111.79 E.32366
G1 X115.31 Y108.21 E.08725
G1 X128.59 Y108.21 E.32366
G1 X128.59 Y111.73 E.08579
G1 X128.176 Y111.376 F18000
G1 X128.189 Y111.389
M204 P1500
;TYPE:Inner wall
;WIDTH:0.45
G1 F2894
G1 X115.711 Y111.389 E.32778
G1 X115.711 Y108.611 E.07299
G1 X128.189 Y108.611 E.32778
G1 X128.189 Y111.329 E.07141
G1 X127.774 Y110.974 F18000
G1 F2894
G1 X116.126 Y110.974 E.30595
G1 X116.126 Y109.026 E.05115
G1 X127.774 Y109.026 E.30595
G1 X127.774 Y110.914 E.04958
G1 X127.358 Y110.558 F18000
G1 F2894
G1 X116.542 Y110.558 E.28411
G1 X116.542 Y109.442 E.02932
G1 X127.358 Y109.442 E.28411
G1 X127.358 Y110.498 E.02774
G1 X126.942 Y110.142 F18000
G1 F2894
G1 X116.958 Y110.142 E.26227
G1 X116.958 Y109.858 E.00748
G1 X126.942 Y109.858 E.26227
G1 X126.942 Y110.082 E.0059
G1 E-1.75 F6000
;WIPE_START
G1 X125.942 Y110.088 E-.75
;WIPE_END
G1 X128.176 Y110.262 Z17.4 F18000
G1 X139.824 Y111.17
G1 X147.376 Y111.376
G1 X147.79 Y111.79
G1 Z17.2
G1 E2.5 F6000
M204 P1000
;TYPE:Outer wall
;WIDTH:0.42
G1 F2894
G1 X139.41 Y111.79 E.20424
G1 X139.41 Y108.21 E.08725
G1 X147.79 Y108.21 E.20424
G1 X147.79 Y111.73 E.08579
G1 X147.376 Y111.376 F18000
G1 X147.389 Y111.389
M204 P1500
;TYPE:Inner wall
;WIDTH:0.45
G1 F2894
G1 X139.811 Y111.389 E.19907
G1 X139.811 Y108.611 E.07299
G1 X147.389 Y108.611 E.19907
G1 X147.389 Y111.329 E.07141
G1 X146.974 Y110.974 F18000
G1 F2894
G1 X140.226 Y110.974 E.17724
G1 X140.226 Y109.026 E.05115
G1 X146.974 Y109.026 E.17724
G1 X146.974 Y110.914 E.04958
G1 X146.558 Y110.558 F18000
G1 F2894
G1 X140.642 Y110.558 E.1554
G1 X140.642 Y109.442 E.02932
G1 X146.558 Y109.442 E.1554
G1 X146.558 Y110.498 E.02774
G1 X146.142 Y110.142 F18000
G1 F2894
G1 X141.058 Y110.142 E.13356
G1 X141.058 Y109.858 E.00748
G1 X146.142 Y109.858 E.13356
G1 X146.142 Y110.082 E.0059
; stop printing object pogo_receiver_coupon.stl id:0 copy 0
;LAYER_CHANGE
;Z:17.36
;HEIGHT:0.16
G92 E0 ; zero the extruded length again
; BEFORE_LAYER_CHANGE 107 @ 17.36mm
G1 E-1.75 F6000
;WIPE_START
G1 X145.142 Y110.094 E-.75
;WIPE_END
; AFTER_LAYER_CHANGE 107 @ 17.36mm
;_SET_FAN_SPEED_CHANGING_LAYER
; printing object pogo_receiver_coupon.stl id:0 copy 0
G1 F18000
G1 X144.661 Y109.878 Z17.3886
G1 X144.53 Y109.366 Z17.4171
G1 X144.848 Y108.945 Z17.4457
G1 X145.376 Y108.931 Z17.4743
G1 X145.716 Y109.335 Z17.5029
G1 X145.612 Y109.853 Z17.5314
G1 X145.142 Y110.094 Z17.56
G1 X139.824 Y110.234 Z17.56
G1 X128.176 Y110.541
G1 X115.724 Y110.869
G1 X104.276 Y111.171
G1 X96.481 Y111.376
G1 X80.376 Y111.376
G1 X80.79 Y111.79
G1 Z17.36
G1 E2.5 F6000
M204 P1000
;TYPE:Outer wall
;WIDTH:0.42
G1 F2894
G1 X72.21 Y111.79 E.20911
G1 X72.21 Y108.21 E.08725
G1 X80.79 Y108.21 E.20911
G1 X80.79 Y111.73 E.08579
G1 X80.376 Y111.376 F18000
G1 X80.389 Y111.389
M204 P1500
;TYPE:Inner wall
;WIDTH:0.45
G1 F2894
G1 X72.611 Y111.389 E.20433
G1 X72.611 Y108.611 E.07299
G1 X80.389 Y108.611 E.20433
G1 X80.389 Y111.329 E.07141
G1 X79.974 Y110.974 F18000
G1 F2894
G1 X73.026 Y110.974 E.18249
G1 X73.026 Y109.026 E.05115
G1 X79.974 Y109.026 E.18249
G1 X79.974 Y110.914 E.04958
G1 X79.558 Y110.558 F18000
G1 F2894
G1 X73.442 Y110.558 E.16065
G1 X73.442 Y109.442 E.02932
G1 X79.558 Y109.442 E.16065
G1 X79.558 Y110.498 E.02774
G1 X79.142 Y110.142 F18000
G1 F2894
G1 X73.858 Y110.142 E.13882
G1 X73.858 Y109.858 E.00748
G1 X79.142 Y109.858 E.13882
G1 X79.142 Y110.082 E.0059
G1 E-1.75 F6000
;WIPE_START
G1 X78.142 Y110.094 E-.75
;WIPE_END
G1 X80.376 Y110.236 Z17.56 F18000
G1 X91.624 Y110.955
G1 X104.276 Y111.376
G1 X104.69 Y111.79
G1 Z17.36
G1 E2.5 F6000
M204 P1000
;TYPE:Outer wall
;WIDTH:0.42
G1 F2894
G1 X91.21 Y111.79 E.32853
G1 X91.21 Y108.21 E.08725
G1 X104.69 Y108.21 E.32853
G1 X104.69 Y111.73 E.08579
G1 X104.276 Y111.376 F18000
G1 X104.289 Y111.389
M204 P1500
;TYPE:Inner wall
;WIDTH:0.45
G1 F2894
G1 X91.611 Y111.389 E.33304
G1 X91.611 Y108.611 E.07299
G1 X104.289 Y108.611 E.33304
G1 X104.289 Y111.329 E.07141
G1 X103.874 Y110.974 F18000
G1 F2894
G1 X92.026 Y110.974 E.3112
G1 X92.026 Y109.026 E.05115
G1 X103.874 Y109.026 E.3112
G1 X103.874 Y110.914 E.04958
G1 X103.458 Y110.558 F18000
G1 F2894
G1 X92.442 Y110.558 E.28936
G1 X92.442 Y109.442 E.02932
G1 X103.458 Y109.442 E.28936
G1 X103.458 Y110.498 E.02774
G1 X103.042 Y110.142 F18000
G1 F2894
G1 X92.858 Y110.142 E.26753
G1 X92.858 Y109.858 E.00748
G1 X103.042 Y109.858 E.26753
G1 X103.042 Y110.082 E.0059
G1 E-1.75 F6000
;WIPE_START
G1 X102.042 Y110.088 E-.75
;WIPE_END
G1 X104.276 Y110.231 Z17.56 F18000
G1 X115.724 Y110.965
G1 X128.176 Y111.376
G1 X128.59 Y111.79
G1 Z17.36
G1 E2.5 F6000
M204 P1000
;TYPE:Outer wall
;WIDTH:0.42
G1 F2894
G1 X115.31 Y111.79 E.32366
G1 X115.31 Y108.21 E.08725
G1 X128.59 Y108.21 E.32366
G1 X128.59 Y111.73 E.08579
G1 X128.176 Y111.376 F18000
G1 X128.189 Y111.389
M204 P1500
;TYPE:Inner wall
;WIDTH:0.45
G1 F2894
G1 X115.711 Y111.389 E.32778
G1 X115.711 Y108.611 E.07299
G1 X128.189 Y108.611 E.32778
G1 X128.189 Y111.329 E.07141
G1 X127.774 Y110.974 F18000
G1 F2894
G1 X116.126 Y110.974 E.30595
G1 X116.126 Y109.026 E.05115
G1 X127.774 Y109.026 E.30595
G1 X127.774 Y110.914 E.04958
G1 X127.358 Y110.558 F18000
G1 F2894
G1 X116.542 Y110.558 E.28411
G1 X116.542 Y109.442 E.02932
G1 X127.358 Y109.442 E.28411
G1 X127.358 Y110.498 E.02774
G1 X126.942 Y110.142 F18000
G1 F2894
G1 X116.958 Y110.142 E.26227
G1 X116.958 Y109.858 E.00748
G1 X126.942 Y109.858 E.26227
G1 X126.942 Y110.082 E.0059
G1 E-1.75 F6000
;WIPE_START
G1 X125.942 Y110.088 E-.75
;WIPE_END
G1 X128.176 Y110.262 Z17.56 F18000
G1 X139.824 Y111.17
G1 X147.376 Y111.376
G1 X147.79 Y111.79
G1 Z17.36
G1 E2.5 F6000
M204 P1000
;TYPE:Outer wall
;WIDTH:0.42
G1 F2894
G1 X139.41 Y111.79 E.20424
G1 X139.41 Y108.21 E.08725
G1 X147.79 Y108.21 E.20424
G1 X147.79 Y111.73 E.08579
G1 X147.376 Y111.376 F18000
G1 X147.389 Y111.389
M204 P1500
;TYPE:Inner wall
;WIDTH:0.45
G1 F2894
G1 X139.811 Y111.389 E.19907
G1 X139.811 Y108.611 E.07299
G1 X147.389 Y108.611 E.19907
G1 X147.389 Y111.329 E.07141
G1 X146.974 Y110.974 F18000
G1 F2894
G1 X140.226 Y110.974 E.17724
G1 X140.226 Y109.026 E.05115
G1 X146.974 Y109.026 E.17724
G1 X146.974 Y110.914 E.04958
G1 X146.558 Y110.558 F18000
G1 F2894
G1 X140.642 Y110.558 E.1554
G1 X140.642 Y109.442 E.02932
G1 X146.558 Y109.442 E.1554
G1 X146.558 Y110.498 E.02774
G1 X146.142 Y110.142 F18000
G1 F2894
G1 X141.058 Y110.142 E.13356
G1 X141.058 Y109.858 E.00748
G1 X146.142 Y109.858 E.13356
G1 X146.142 Y110.082 E.0059
; stop printing object pogo_receiver_coupon.stl id:0 copy 0
;LAYER_CHANGE
;Z:17.52
;HEIGHT:0.16
G92 E0 ; zero the extruded length again
; BEFORE_LAYER_CHANGE 108 @ 17.52mm
G1 E-1.75 F6000
;WIPE_START
G1 X145.142 Y110.094 E-.75
;WIPE_END
; AFTER_LAYER_CHANGE 108 @ 17.52mm
;_SET_FAN_SPEED_CHANGING_LAYER
; printing object pogo_receiver_coupon.stl id:0 copy 0
G1 F18000
G1 X144.661 Y109.878 Z17.5486
G1 X144.53 Y109.366 Z17.5771
G1 X144.848 Y108.945 Z17.6057
G1 X145.376 Y108.931 Z17.6343
G1 X145.716 Y109.335 Z17.6629
G1 X145.612 Y109.853 Z17.6914
G1 X145.142 Y110.094 Z17.72
G1 X139.824 Y110.234 Z17.72
G1 X128.176 Y110.541
G1 X115.724 Y110.869
G1 X104.276 Y111.171
G1 X96.481 Y111.376
G1 X80.376 Y111.376
G1 X80.79 Y111.79
G1 Z17.52
G1 E2.5 F6000
M204 P1000
;TYPE:Outer wall
;WIDTH:0.42
G1 F2894
G1 X72.21 Y111.79 E.20911
G1 X72.21 Y108.21 E.08725
G1 X80.79 Y108.21 E.20911
G1 X80.79 Y111.73 E.08579
G1 X80.376 Y111.376 F18000
G1 X80.389 Y111.389
M204 P1500
;TYPE:Inner wall
;WIDTH:0.45
G1 F2894
G1 X72.611 Y111.389 E.20433
G1 X72.611 Y108.611 E.07299
G1 X80.389 Y108.611 E.20433
G1 X80.389 Y111.329 E.07141
G1 X79.974 Y110.974 F18000
G1 F2894
G1 X73.026 Y110.974 E.18249
G1 X73.026 Y109.026 E.05115
G1 X79.974 Y109.026 E.18249
G1 X79.974 Y110.914 E.04958
G1 X79.558 Y110.558 F18000
G1 F2894
G1 X73.442 Y110.558 E.16065
G1 X73.442 Y109.442 E.02932
G1 X79.558 Y109.442 E.16065
G1 X79.558 Y110.498 E.02774
G1 X79.142 Y110.142 F18000
G1 F2894
G1 X73.858 Y110.142 E.13882
G1 X73.858 Y109.858 E.00748
G1 X79.142 Y109.858 E.13882
G1 X79.142 Y110.082 E.0059
G1 E-1.75 F6000
;WIPE_START
G1 X78.142 Y110.094 E-.75
;WIPE_END
G1 X80.376 Y110.236 Z17.72 F18000
G1 X91.624 Y110.955
G1 X104.276 Y111.376
G1 X104.69 Y111.79
G1 Z17.52
G1 E2.5 F6000
M204 P1000
;TYPE:Outer wall
;WIDTH:0.42
G1 F2894
G1 X91.21 Y111.79 E.32853
G1 X91.21 Y108.21 E.08725
G1 X104.69 Y108.21 E.32853
G1 X104.69 Y111.73 E.08579
G1 X104.276 Y111.376 F18000
G1 X104.289 Y111.389
M204 P1500
;TYPE:Inner wall
;WIDTH:0.45
G1 F2894
G1 X91.611 Y111.389 E.33304
G1 X91.611 Y108.611 E.07299
G1 X104.289 Y108.611 E.33304
G1 X104.289 Y111.329 E.07141
G1 X103.874 Y110.974 F18000
G1 F2894
G1 X92.026 Y110.974 E.3112
G1 X92.026 Y109.026 E.05115
G1 X103.874 Y109.026 E.3112
G1 X103.874 Y110.914 E.04958
G1 X103.458 Y110.558 F18000
G1 F2894
G1 X92.442 Y110.558 E.28936
G1 X92.442 Y109.442 E.02932
G1 X103.458 Y109.442 E.28936
G1 X103.458 Y110.498 E.02774
G1 X103.042 Y110.142 F18000
G1 F2894
G1 X92.858 Y110.142 E.26753
G1 X92.858 Y109.858 E.00748
G1 X103.042 Y109.858 E.26753
G1 X103.042 Y110.082 E.0059
G1 E-1.75 F6000
;WIPE_START
G1 X102.042 Y110.088 E-.75
;WIPE_END
G1 X104.276 Y110.231 Z17.72 F18000
G1 X115.724 Y110.965
G1 X128.176 Y111.376
G1 X128.59 Y111.79
G1 Z17.52
G1 E2.5 F6000
M204 P1000
;TYPE:Outer wall
;WIDTH:0.42
G1 F2894
G1 X115.31 Y111.79 E.32366
G1 X115.31 Y108.21 E.08725
G1 X128.59 Y108.21 E.32366
G1 X128.59 Y111.73 E.08579
G1 X128.176 Y111.376 F18000
G1 X128.189 Y111.389
M204 P1500
;TYPE:Inner wall
;WIDTH:0.45
G1 F2894
G1 X115.711 Y111.389 E.32778
G1 X115.711 Y108.611 E.07299
G1 X128.189 Y108.611 E.32778
G1 X128.189 Y111.329 E.07141
G1 X127.774 Y110.974 F18000
G1 F2894
G1 X116.126 Y110.974 E.30595
G1 X116.126 Y109.026 E.05115
G1 X127.774 Y109.026 E.30595
G1 X127.774 Y110.914 E.04958
G1 X127.358 Y110.558 F18000
G1 F2894
G1 X116.542 Y110.558 E.28411
G1 X116.542 Y109.442 E.02932
G1 X127.358 Y109.442 E.28411
G1 X127.358 Y110.498 E.02774
G1 X126.942 Y110.142 F18000
G1 F2894
G1 X116.958 Y110.142 E.26227
G1 X116.958 Y109.858 E.00748
G1 X126.942 Y109.858 E.26227
G1 X126.942 Y110.082 E.0059
G1 E-1.75 F6000
;WIPE_START
G1 X125.942 Y110.088 E-.75
;WIPE_END
G1 X128.176 Y110.262 Z17.72 F18000
G1 X139.824 Y111.17
G1 X147.376 Y111.376
G1 X147.79 Y111.79
G1 Z17.52
G1 E2.5 F6000
M204 P1000
;TYPE:Outer wall
;WIDTH:0.42
G1 F2894
G1 X139.41 Y111.79 E.20424
G1 X139.41 Y108.21 E.08725
G1 X147.79 Y108.21 E.20424
G1 X147.79 Y111.73 E.08579
G1 X147.376 Y111.376 F18000
G1 X147.389 Y111.389
M204 P1500
;TYPE:Inner wall
;WIDTH:0.45
G1 F2894
G1 X139.811 Y111.389 E.19907
G1 X139.811 Y108.611 E.07299
G1 X147.389 Y108.611 E.19907
G1 X147.389 Y111.329 E.07141
G1 X146.974 Y110.974 F18000
G1 F2894
G1 X140.226 Y110.974 E.17724
G1 X140.226 Y109.026 E.05115
G1 X146.974 Y109.026 E.17724
G1 X146.974 Y110.914 E.04958
G1 X146.558 Y110.558 F18000
G1 F2894
G1 X140.642 Y110.558 E.1554
G1 X140.642 Y109.442 E.02932
G1 X146.558 Y109.442 E.1554
G1 X146.558 Y110.498 E.02774
G1 X146.142 Y110.142 F18000
G1 F2894
G1 X141.058 Y110.142 E.13356
G1 X141.058 Y109.858 E.00748
G1 X146.142 Y109.858 E.13356
G1 X146.142 Y110.082 E.0059
; stop printing object pogo_receiver_coupon.stl id:0 copy 0
;LAYER_CHANGE
;Z:17.68
;HEIGHT:0.16
G92 E0 ; zero the extruded length again
; BEFORE_LAYER_CHANGE 109 @ 17.68mm
G1 E-1.75 F6000
;WIPE_START
G1 X145.142 Y110.094 E-.75
;WIPE_END
; AFTER_LAYER_CHANGE 109 @ 17.68mm
;_SET_FAN_SPEED_CHANGING_LAYER
; printing object pogo_receiver_coupon.stl id:0 copy 0
G1 F18000
G1 X144.661 Y109.878 Z17.7086
G1 X144.53 Y109.366 Z17.7371
G1 X144.848 Y108.945 Z17.7657
G1 X145.376 Y108.931 Z17.7943
G1 X145.716 Y109.335 Z17.8229
G1 X145.612 Y109.853 Z17.8514
G1 X145.142 Y110.094 Z17.88
G1 X139.824 Y110.234 Z17.88
G1 X128.176 Y110.541
G1 X115.724 Y110.869
G1 X104.276 Y111.171
G1 X96.481 Y111.376
G1 X80.376 Y111.376
G1 X80.79 Y111.79
G1 Z17.68
G1 E2.5 F6000
M204 P1000
;TYPE:Outer wall
;WIDTH:0.42
G1 F2894
G1 X72.21 Y111.79 E.20911
G1 X72.21 Y108.21 E.08725
G1 X80.79 Y108.21 E.20911
G1 X80.79 Y111.73 E.08579
G1 X80.376 Y111.376 F18000
G1 X80.389 Y111.389
M204 P1500
;TYPE:Inner wall
;WIDTH:0.45
G1 F2894
G1 X72.611 Y111.389 E.20433
G1 X72.611 Y108.611 E.07299
G1 X80.389 Y108.611 E.20433
G1 X80.389 Y111.329 E.07141
G1 X79.974 Y110.974 F18000
G1 F2894
G1 X73.026 Y110.974 E.18249
G1 X73.026 Y109.026 E.05115
G1 X79.974 Y109.026 E.18249
G1 X79.974 Y110.914 E.04958
G1 X79.558 Y110.558 F18000
G1 F2894
G1 X73.442 Y110.558 E.16065
G1 X73.442 Y109.442 E.02932
G1 X79.558 Y109.442 E.16065
G1 X79.558 Y110.498 E.02774
G1 X79.142 Y110.142 F18000
G1 F2894
G1 X73.858 Y110.142 E.13882
G1 X73.858 Y109.858 E.00748
G1 X79.142 Y109.858 E.13882
G1 X79.142 Y110.082 E.0059
G1 E-1.75 F6000
;WIPE_START
G1 X78.142 Y110.094 E-.75
;WIPE_END
G1 X80.376 Y110.236 Z17.88 F18000
G1 X91.624 Y110.955
G1 X104.276 Y111.376
G1 X104.69 Y111.79
G1 Z17.68
G1 E2.5 F6000
M204 P1000
;TYPE:Outer wall
;WIDTH:0.42
G1 F2894
G1 X91.21 Y111.79 E.32853
G1 X91.21 Y108.21 E.08725
G1 X104.69 Y108.21 E.32853
G1 X104.69 Y111.73 E.08579
G1 X104.276 Y111.376 F18000
G1 X104.289 Y111.389
M204 P1500
;TYPE:Inner wall
;WIDTH:0.45
G1 F2894
G1 X91.611 Y111.389 E.33304
G1 X91.611 Y108.611 E.07299
G1 X104.289 Y108.611 E.33304
G1 X104.289 Y111.329 E.07141
G1 X103.874 Y110.974 F18000
G1 F2894
G1 X92.026 Y110.974 E.3112
G1 X92.026 Y109.026 E.05115
G1 X103.874 Y109.026 E.3112
G1 X103.874 Y110.914 E.04958
G1 X103.458 Y110.558 F18000
G1 F2894
G1 X92.442 Y110.558 E.28936
G1 X92.442 Y109.442 E.02932
G1 X103.458 Y109.442 E.28936
G1 X103.458 Y110.498 E.02774
G1 X103.042 Y110.142 F18000
G1 F2894
G1 X92.858 Y110.142 E.26753
G1 X92.858 Y109.858 E.00748
G1 X103.042 Y109.858 E.26753
G1 X103.042 Y110.082 E.0059
G1 E-1.75 F6000
;WIPE_START
G1 X102.042 Y110.088 E-.75
;WIPE_END
G1 X104.276 Y110.231 Z17.88 F18000
G1 X115.724 Y110.965
G1 X128.176 Y111.376
G1 X128.59 Y111.79
G1 Z17.68
G1 E2.5 F6000
M204 P1000
;TYPE:Outer wall
;WIDTH:0.42
G1 F2894
G1 X115.31 Y111.79 E.32366
G1 X115.31 Y108.21 E.08725
G1 X128.59 Y108.21 E.32366
G1 X128.59 Y111.73 E.08579
G1 X128.176 Y111.376 F18000
G1 X128.189 Y111.389
M204 P1500
;TYPE:Inner wall
;WIDTH:0.45
G1 F2894
G1 X115.711 Y111.389 E.32778
G1 X115.711 Y108.611 E.07299
G1 X128.189 Y108.611 E.32778
G1 X128.189 Y111.329 E.07141
G1 X127.774 Y110.974 F18000
G1 F2894
G1 X116.126 Y110.974 E.30595
G1 X116.126 Y109.026 E.05115
G1 X127.774 Y109.026 E.30595
G1 X127.774 Y110.914 E.04958
G1 X127.358 Y110.558 F18000
G1 F2894
G1 X116.542 Y110.558 E.28411
G1 X116.542 Y109.442 E.02932
G1 X127.358 Y109.442 E.28411
G1 X127.358 Y110.498 E.02774
G1 X126.942 Y110.142 F18000
G1 F2894
G1 X116.958 Y110.142 E.26227
G1 X116.958 Y109.858 E.00748
G1 X126.942 Y109.858 E.26227
G1 X126.942 Y110.082 E.0059
G1 E-1.75 F6000
;WIPE_START
G1 X125.942 Y110.088 E-.75
;WIPE_END
G1 X128.176 Y110.262 Z17.88 F18000
G1 X139.824 Y111.17
G1 X147.376 Y111.376
G1 X147.79 Y111.79
G1 Z17.68
G1 E2.5 F6000
M204 P1000
;TYPE:Outer wall
;WIDTH:0.42
G1 F2894
G1 X139.41 Y111.79 E.20424
G1 X139.41 Y108.21 E.08725
G1 X147.79 Y108.21 E.20424
G1 X147.79 Y111.73 E.08579
G1 X147.376 Y111.376 F18000
G1 X147.389 Y111.389
M204 P1500
;TYPE:Inner wall
;WIDTH:0.45
G1 F2894
G1 X139.811 Y111.389 E.19907
G1 X139.811 Y108.611 E.07299
G1 X147.389 Y108.611 E.19907
G1 X147.389 Y111.329 E.07141
G1 X146.974 Y110.974 F18000
G1 F2894
G1 X140.226 Y110.974 E.17724
G1 X140.226 Y109.026 E.05115
G1 X146.974 Y109.026 E.17724
G1 X146.974 Y110.914 E.04958
G1 X146.558 Y110.558 F18000
G1 F2894
G1 X140.642 Y110.558 E.1554
G1 X140.642 Y109.442 E.02932
G1 X146.558 Y109.442 E.1554
G1 X146.558 Y110.498 E.02774
G1 X146.142 Y110.142 F18000
G1 F2894
G1 X141.058 Y110.142 E.13356
G1 X141.058 Y109.858 E.00748
G1 X146.142 Y109.858 E.13356
G1 X146.142 Y110.082 E.0059
; stop printing object pogo_receiver_coupon.stl id:0 copy 0
;LAYER_CHANGE
;Z:17.84
;HEIGHT:0.16
G92 E0 ; zero the extruded length again
; BEFORE_LAYER_CHANGE 110 @ 17.84mm
G1 E-1.75 F6000
;WIPE_START
G1 X145.142 Y110.094 E-.75
;WIPE_END
; AFTER_LAYER_CHANGE 110 @ 17.84mm
;_SET_FAN_SPEED_CHANGING_LAYER
; printing object pogo_receiver_coupon.stl id:0 copy 0
G1 F18000
G1 X144.661 Y109.878 Z17.8686
G1 X144.53 Y109.366 Z17.8971
G1 X144.848 Y108.945 Z17.9257
G1 X145.376 Y108.931 Z17.9543
G1 X145.716 Y109.335 Z17.9829
G1 X145.612 Y109.853 Z18.0114
G1 X145.142 Y110.094 Z18.04
G1 X139.824 Y110.234 Z18.04
G1 X128.176 Y110.541
G1 X115.724 Y110.869
G1 X104.276 Y111.171
G1 X96.481 Y111.376
G1 X80.376 Y111.376
G1 X80.79 Y111.79
G1 Z17.84
G1 E2.5 F6000
M204 P1000
;TYPE:Outer wall
;WIDTH:0.42
G1 F2894
G1 X72.21 Y111.79 E.20911
G1 X72.21 Y108.21 E.08725
G1 X80.79 Y108.21 E.20911
G1 X80.79 Y111.73 E.08579
G1 X80.376 Y111.376 F18000
G1 X80.389 Y111.389
M204 P1500
;TYPE:Inner wall
;WIDTH:0.45
G1 F2894
G1 X72.611 Y111.389 E.20433
G1 X72.611 Y108.611 E.07299
G1 X80.389 Y108.611 E.20433
G1 X80.389 Y111.329 E.07141
G1 X79.974 Y110.974 F18000
G1 F2894
G1 X73.026 Y110.974 E.18249
G1 X73.026 Y109.026 E.05115
G1 X79.974 Y109.026 E.18249
G1 X79.974 Y110.914 E.04958
G1 X79.558 Y110.558 F18000
G1 F2894
G1 X73.442 Y110.558 E.16065
G1 X73.442 Y109.442 E.02932
G1 X79.558 Y109.442 E.16065
G1 X79.558 Y110.498 E.02774
G1 X79.142 Y110.142 F18000
G1 F2894
G1 X73.858 Y110.142 E.13882
G1 X73.858 Y109.858 E.00748
G1 X79.142 Y109.858 E.13882
G1 X79.142 Y110.082 E.0059
G1 E-1.75 F6000
;WIPE_START
G1 X78.142 Y110.094 E-.75
;WIPE_END
G1 X80.376 Y110.236 Z18.04 F18000
G1 X91.624 Y110.955
G1 X104.276 Y111.376
G1 X104.69 Y111.79
G1 Z17.84
G1 E2.5 F6000
M204 P1000
;TYPE:Outer wall
;WIDTH:0.42
G1 F2894
G1 X91.21 Y111.79 E.32853
G1 X91.21 Y108.21 E.08725
G1 X104.69 Y108.21 E.32853
G1 X104.69 Y111.73 E.08579
G1 X104.276 Y111.376 F18000
G1 X104.289 Y111.389
M204 P1500
;TYPE:Inner wall
;WIDTH:0.45
G1 F2894
G1 X91.611 Y111.389 E.33304
G1 X91.611 Y108.611 E.07299
G1 X104.289 Y108.611 E.33304
G1 X104.289 Y111.329 E.07141
G1 X103.874 Y110.974 F18000
G1 F2894
G1 X92.026 Y110.974 E.3112
G1 X92.026 Y109.026 E.05115
G1 X103.874 Y109.026 E.3112
G1 X103.874 Y110.914 E.04958
G1 X103.458 Y110.558 F18000
G1 F2894
G1 X92.442 Y110.558 E.28936
G1 X92.442 Y109.442 E.02932
G1 X103.458 Y109.442 E.28936
G1 X103.458 Y110.498 E.02774
G1 X103.042 Y110.142 F18000
G1 F2894
G1 X92.858 Y110.142 E.26753
G1 X92.858 Y109.858 E.00748
G1 X103.042 Y109.858 E.26753
G1 X103.042 Y110.082 E.0059
G1 E-1.75 F6000
;WIPE_START
G1 X102.042 Y110.088 E-.75
;WIPE_END
G1 X104.276 Y110.231 Z18.04 F18000
G1 X115.724 Y110.965
G1 X128.176 Y111.376
G1 X128.59 Y111.79
G1 Z17.84
G1 E2.5 F6000
M204 P1000
;TYPE:Outer wall
;WIDTH:0.42
G1 F2894
G1 X115.31 Y111.79 E.32366
G1 X115.31 Y108.21 E.08725
G1 X128.59 Y108.21 E.32366
G1 X128.59 Y111.73 E.08579
G1 X128.176 Y111.376 F18000
G1 X128.189 Y111.389
M204 P1500
;TYPE:Inner wall
;WIDTH:0.45
G1 F2894
G1 X115.711 Y111.389 E.32778
G1 X115.711 Y108.611 E.07299
G1 X128.189 Y108.611 E.32778
G1 X128.189 Y111.329 E.07141
G1 X127.774 Y110.974 F18000
G1 F2894
G1 X116.126 Y110.974 E.30595
G1 X116.126 Y109.026 E.05115
G1 X127.774 Y109.026 E.30595
G1 X127.774 Y110.914 E.04958
G1 X127.358 Y110.558 F18000
G1 F2894
G1 X116.542 Y110.558 E.28411
G1 X116.542 Y109.442 E.02932
G1 X127.358 Y109.442 E.28411
G1 X127.358 Y110.498 E.02774
G1 X126.942 Y110.142 F18000
G1 F2894
G1 X116.958 Y110.142 E.26227
G1 X116.958 Y109.858 E.00748
G1 X126.942 Y109.858 E.26227
G1 X126.942 Y110.082 E.0059
G1 E-1.75 F6000
;WIPE_START
G1 X125.942 Y110.088 E-.75
;WIPE_END
G1 X128.176 Y110.262 Z18.04 F18000
G1 X139.824 Y111.17
G1 X147.376 Y111.376
G1 X147.79 Y111.79
G1 Z17.84
G1 E2.5 F6000
M204 P1000
;TYPE:Outer wall
;WIDTH:0.42
G1 F2894
G1 X139.41 Y111.79 E.20424
G1 X139.41 Y108.21 E.08725
G1 X147.79 Y108.21 E.20424
G1 X147.79 Y111.73 E.08579
G1 X147.376 Y111.376 F18000
G1 X147.389 Y111.389
M204 P1500
;TYPE:Inner wall
;WIDTH:0.45
G1 F2894
G1 X139.811 Y111.389 E.19907
G1 X139.811 Y108.611 E.07299
G1 X147.389 Y108.611 E.19907
G1 X147.389 Y111.329 E.07141
G1 X146.974 Y110.974 F18000
G1 F2894
G1 X140.226 Y110.974 E.17724
G1 X140.226 Y109.026 E.05115
G1 X146.974 Y109.026 E.17724
G1 X146.974 Y110.914 E.04958
G1 X146.558 Y110.558 F18000
G1 F2894
G1 X140.642 Y110.558 E.1554
G1 X140.642 Y109.442 E.02932
G1 X146.558 Y109.442 E.1554
G1 X146.558 Y110.498 E.02774
G1 X146.142 Y110.142 F18000
G1 F2894
G1 X141.058 Y110.142 E.13356
G1 X141.058 Y109.858 E.00748
G1 X146.142 Y109.858 E.13356
G1 X146.142 Y110.082 E.0059
; stop printing object pogo_receiver_coupon.stl id:0 copy 0
;LAYER_CHANGE
;Z:18
;HEIGHT:0.16
G92 E0 ; zero the extruded length again
; BEFORE_LAYER_CHANGE 111 @ 18mm
G1 E-1.75 F6000
;WIPE_START
G1 X145.142 Y110.094 E-.75
;WIPE_END
; AFTER_LAYER_CHANGE 111 @ 18mm
;_SET_FAN_SPEED_CHANGING_LAYER
; printing object pogo_receiver_coupon.stl id:0 copy 0
G1 F18000
G1 X144.661 Y109.878 Z18.0286
G1 X144.53 Y109.366 Z18.0571
G1 X144.848 Y108.945 Z18.0857
G1 X145.376 Y108.931 Z18.1143
G1 X145.716 Y109.335 Z18.1429
G1 X145.612 Y109.853 Z18.1714
G1 X145.142 Y110.094 Z18.2
G1 X139.824 Y110.234 Z18.2
G1 X128.176 Y110.541
G1 X115.724 Y110.869
G1 X104.276 Y111.171
G1 X96.481 Y111.376
G1 X80.376 Y111.376
G1 X80.79 Y111.79
G1 Z18
G1 E2.5 F6000
M204 P1000
;TYPE:Outer wall
;WIDTH:0.42
G1 F2894
G1 X72.21 Y111.79 E.20911
G1 X72.21 Y108.21 E.08725
G1 X80.79 Y108.21 E.20911
G1 X80.79 Y111.73 E.08579
G1 X80.376 Y111.376 F18000
G1 X80.389 Y111.389
M204 P1500
;TYPE:Inner wall
;WIDTH:0.45
G1 F2894
G1 X72.611 Y111.389 E.20433
G1 X72.611 Y108.611 E.07299
G1 X80.389 Y108.611 E.20433
G1 X80.389 Y111.329 E.07141
G1 X79.974 Y110.974 F18000
G1 F2894
G1 X73.026 Y110.974 E.18249
G1 X73.026 Y109.026 E.05115
G1 X79.974 Y109.026 E.18249
G1 X79.974 Y110.914 E.04958
G1 X79.558 Y110.558 F18000
G1 F2894
G1 X73.442 Y110.558 E.16065
G1 X73.442 Y109.442 E.02932
G1 X79.558 Y109.442 E.16065
G1 X79.558 Y110.498 E.02774
G1 X79.142 Y110.142 F18000
G1 F2894
G1 X73.858 Y110.142 E.13882
G1 X73.858 Y109.858 E.00748
G1 X79.142 Y109.858 E.13882
G1 X79.142 Y110.082 E.0059
G1 E-1.75 F6000
;WIPE_START
G1 X78.142 Y110.094 E-.75
;WIPE_END
G1 X80.376 Y110.236 Z18.2 F18000
G1 X91.624 Y110.955
G1 X104.276 Y111.376
G1 X104.69 Y111.79
G1 Z18
G1 E2.5 F6000
M204 P1000
;TYPE:Outer wall
;WIDTH:0.42
G1 F2894
G1 X91.21 Y111.79 E.32853
G1 X91.21 Y108.21 E.08725
G1 X104.69 Y108.21 E.32853
G1 X104.69 Y111.73 E.08579
G1 X104.276 Y111.376 F18000
G1 X104.289 Y111.389
M204 P1500
;TYPE:Inner wall
;WIDTH:0.45
G1 F2894
G1 X91.611 Y111.389 E.33304
G1 X91.611 Y108.611 E.07299
G1 X104.289 Y108.611 E.33304
G1 X104.289 Y111.329 E.07141
G1 X103.874 Y110.974 F18000
G1 F2894
G1 X92.026 Y110.974 E.3112
G1 X92.026 Y109.026 E.05115
G1 X103.874 Y109.026 E.3112
G1 X103.874 Y110.914 E.04958
G1 X103.458 Y110.558 F18000
G1 F2894
G1 X92.442 Y110.558 E.28936
G1 X92.442 Y109.442 E.02932
G1 X103.458 Y109.442 E.28936
G1 X103.458 Y110.498 E.02774
G1 X103.042 Y110.142 F18000
G1 F2894
G1 X92.858 Y110.142 E.26753
G1 X92.858 Y109.858 E.00748
G1 X103.042 Y109.858 E.26753
G1 X103.042 Y110.082 E.0059
G1 E-1.75 F6000
;WIPE_START
G1 X102.042 Y110.088 E-.75
;WIPE_END
G1 X104.276 Y110.231 Z18.2 F18000
G1 X115.724 Y110.965
G1 X128.176 Y111.376
G1 X128.59 Y111.79
G1 Z18
G1 E2.5 F6000
M204 P1000
;TYPE:Outer wall
;WIDTH:0.42
G1 F2894
G1 X115.31 Y111.79 E.32366
G1 X115.31 Y108.21 E.08725
G1 X128.59 Y108.21 E.32366
G1 X128.59 Y111.73 E.08579
G1 X128.176 Y111.376 F18000
G1 X128.189 Y111.389
M204 P1500
;TYPE:Inner wall
;WIDTH:0.45
G1 F2894
G1 X115.711 Y111.389 E.32778
G1 X115.711 Y108.611 E.07299
G1 X128.189 Y108.611 E.32778
G1 X128.189 Y111.329 E.07141
G1 X127.774 Y110.974 F18000
G1 F2894
G1 X116.126 Y110.974 E.30595
G1 X116.126 Y109.026 E.05115
G1 X127.774 Y109.026 E.30595
G1 X127.774 Y110.914 E.04958
G1 X127.358 Y110.558 F18000
G1 F2894
G1 X116.542 Y110.558 E.28411
G1 X116.542 Y109.442 E.02932
G1 X127.358 Y109.442 E.28411
G1 X127.358 Y110.498 E.02774
G1 X126.942 Y110.142 F18000
G1 F2894
G1 X116.958 Y110.142 E.26227
G1 X116.958 Y109.858 E.00748
G1 X126.942 Y109.858 E.26227
G1 X126.942 Y110.082 E.0059
G1 E-1.75 F6000
;WIPE_START
G1 X125.942 Y110.088 E-.75
;WIPE_END
G1 X128.176 Y110.262 Z18.2 F18000
G1 X139.824 Y111.17
G1 X147.376 Y111.376
G1 X147.79 Y111.79
G1 Z18
G1 E2.5 F6000
M204 P1000
;TYPE:Outer wall
;WIDTH:0.42
G1 F2894
G1 X139.41 Y111.79 E.20424
G1 X139.41 Y108.21 E.08725
G1 X147.79 Y108.21 E.20424
G1 X147.79 Y111.73 E.08579
G1 X147.376 Y111.376 F18000
G1 X147.389 Y111.389
M204 P1500
;TYPE:Inner wall
;WIDTH:0.45
G1 F2894
G1 X139.811 Y111.389 E.19907
G1 X139.811 Y108.611 E.07299
G1 X147.389 Y108.611 E.19907
G1 X147.389 Y111.329 E.07141
G1 X146.974 Y110.974 F18000
G1 F2894
G1 X140.226 Y110.974 E.17724
G1 X140.226 Y109.026 E.05115
G1 X146.974 Y109.026 E.17724
G1 X146.974 Y110.914 E.04958
G1 X146.558 Y110.558 F18000
G1 F2894
G1 X140.642 Y110.558 E.1554
G1 X140.642 Y109.442 E.02932
G1 X146.558 Y109.442 E.1554
G1 X146.558 Y110.498 E.02774
G1 X146.142 Y110.142 F18000
G1 F2894
G1 X141.058 Y110.142 E.13356
G1 X141.058 Y109.858 E.00748
G1 X146.142 Y109.858 E.13356
G1 X146.142 Y110.082 E.0059
; stop printing object pogo_receiver_coupon.stl id:0 copy 0
;LAYER_CHANGE
;Z:18.16
;HEIGHT:0.16
G92 E0 ; zero the extruded length again
; BEFORE_LAYER_CHANGE 112 @ 18.16mm
G1 E-1.75 F6000
;WIPE_START
G1 X145.142 Y110.094 E-.75
;WIPE_END
; AFTER_LAYER_CHANGE 112 @ 18.16mm
;_SET_FAN_SPEED_CHANGING_LAYER
; printing object pogo_receiver_coupon.stl id:0 copy 0
G1 F18000
G1 X144.661 Y109.878 Z18.1886
G1 X144.53 Y109.366 Z18.2171
G1 X144.848 Y108.945 Z18.2457
G1 X145.376 Y108.931 Z18.2743
G1 X145.716 Y109.335 Z18.3029
G1 X145.612 Y109.853 Z18.3314
G1 X145.142 Y110.094 Z18.36
G1 X139.824 Y110.234 Z18.36
G1 X128.176 Y110.541
G1 X115.724 Y110.869
G1 X104.276 Y111.171
G1 X96.481 Y111.376
G1 X80.376 Y111.376
G1 X80.79 Y111.79
G1 Z18.16
G1 E2.5 F6000
M204 P1000
;TYPE:Outer wall
;WIDTH:0.42
G1 F2894
G1 X72.21 Y111.79 E.20911
G1 X72.21 Y108.21 E.08725
G1 X80.79 Y108.21 E.20911
G1 X80.79 Y111.73 E.08579
G1 X80.376 Y111.376 F18000
G1 X80.389 Y111.389
M204 P1500
;TYPE:Inner wall
;WIDTH:0.45
G1 F2894
G1 X72.611 Y111.389 E.20433
G1 X72.611 Y108.611 E.07299
G1 X80.389 Y108.611 E.20433
G1 X80.389 Y111.329 E.07141
G1 X79.974 Y110.974 F18000
G1 F2894
G1 X73.026 Y110.974 E.18249
G1 X73.026 Y109.026 E.05115
G1 X79.974 Y109.026 E.18249
G1 X79.974 Y110.914 E.04958
G1 X79.558 Y110.558 F18000
G1 F2894
G1 X73.442 Y110.558 E.16065
G1 X73.442 Y109.442 E.02932
G1 X79.558 Y109.442 E.16065
G1 X79.558 Y110.498 E.02774
G1 X79.142 Y110.142 F18000
G1 F2894
G1 X73.858 Y110.142 E.13882
G1 X73.858 Y109.858 E.00748
G1 X79.142 Y109.858 E.13882
G1 X79.142 Y110.082 E.0059
G1 E-1.75 F6000
;WIPE_START
G1 X78.142 Y110.094 E-.75
;WIPE_END
G1 X80.376 Y110.236 Z18.36 F18000
G1 X91.624 Y110.955
G1 X104.276 Y111.376
G1 X104.69 Y111.79
G1 Z18.16
G1 E2.5 F6000
M204 P1000
;TYPE:Outer wall
;WIDTH:0.42
G1 F2894
G1 X91.21 Y111.79 E.32853
G1 X91.21 Y108.21 E.08725
G1 X104.69 Y108.21 E.32853
G1 X104.69 Y111.73 E.08579
G1 X104.276 Y111.376 F18000
G1 X104.289 Y111.389
M204 P1500
;TYPE:Inner wall
;WIDTH:0.45
G1 F2894
G1 X91.611 Y111.389 E.33304
G1 X91.611 Y108.611 E.07299
G1 X104.289 Y108.611 E.33304
G1 X104.289 Y111.329 E.07141
G1 X103.874 Y110.974 F18000
G1 F2894
G1 X92.026 Y110.974 E.3112
G1 X92.026 Y109.026 E.05115
G1 X103.874 Y109.026 E.3112
G1 X103.874 Y110.914 E.04958
G1 X103.458 Y110.558 F18000
G1 F2894
G1 X92.442 Y110.558 E.28936
G1 X92.442 Y109.442 E.02932
G1 X103.458 Y109.442 E.28936
G1 X103.458 Y110.498 E.02774
G1 X103.042 Y110.142 F18000
G1 F2894
G1 X92.858 Y110.142 E.26753
G1 X92.858 Y109.858 E.00748
G1 X103.042 Y109.858 E.26753
G1 X103.042 Y110.082 E.0059
G1 E-1.75 F6000
;WIPE_START
G1 X102.042 Y110.088 E-.75
;WIPE_END
G1 X104.276 Y110.231 Z18.36 F18000
G1 X115.724 Y110.965
G1 X128.176 Y111.376
G1 X128.59 Y111.79
G1 Z18.16
G1 E2.5 F6000
M204 P1000
;TYPE:Outer wall
;WIDTH:0.42
G1 F2894
G1 X115.31 Y111.79 E.32366
G1 X115.31 Y108.21 E.08725
G1 X128.59 Y108.21 E.32366
G1 X128.59 Y111.73 E.08579
G1 X128.176 Y111.376 F18000
G1 X128.189 Y111.389
M204 P1500
;TYPE:Inner wall
;WIDTH:0.45
G1 F2894
G1 X115.711 Y111.389 E.32778
G1 X115.711 Y108.611 E.07299
G1 X128.189 Y108.611 E.32778
G1 X128.189 Y111.329 E.07141
G1 X127.774 Y110.974 F18000
G1 F2894
G1 X116.126 Y110.974 E.30595
G1 X116.126 Y109.026 E.05115
G1 X127.774 Y109.026 E.30595
G1 X127.774 Y110.914 E.04958
G1 X127.358 Y110.558 F18000
G1 F2894
G1 X116.542 Y110.558 E.28411
G1 X116.542 Y109.442 E.02932
G1 X127.358 Y109.442 E.28411
G1 X127.358 Y110.498 E.02774
G1 X126.942 Y110.142 F18000
G1 F2894
G1 X116.958 Y110.142 E.26227
G1 X116.958 Y109.858 E.00748
G1 X126.942 Y109.858 E.26227
G1 X126.942 Y110.082 E.0059
G1 E-1.75 F6000
;WIPE_START
G1 X125.942 Y110.088 E-.75
;WIPE_END
G1 X128.176 Y110.262 Z18.36 F18000
G1 X139.824 Y111.17
G1 X147.376 Y111.376
G1 X147.79 Y111.79
G1 Z18.16
G1 E2.5 F6000
M204 P1000
;TYPE:Outer wall
;WIDTH:0.42
G1 F2894
G1 X139.41 Y111.79 E.20424
G1 X139.41 Y108.21 E.08725
G1 X147.79 Y108.21 E.20424
G1 X147.79 Y111.73 E.08579
G1 X147.376 Y111.376 F18000
G1 X147.389 Y111.389
M204 P1500
;TYPE:Inner wall
;WIDTH:0.45
G1 F2894
G1 X139.811 Y111.389 E.19907
G1 X139.811 Y108.611 E.07299
G1 X147.389 Y108.611 E.19907
G1 X147.389 Y111.329 E.07141
G1 X146.974 Y110.974 F18000
G1 F2894
G1 X140.226 Y110.974 E.17724
G1 X140.226 Y109.026 E.05115
G1 X146.974 Y109.026 E.17724
G1 X146.974 Y110.914 E.04958
G1 X146.558 Y110.558 F18000
G1 F2894
G1 X140.642 Y110.558 E.1554
G1 X140.642 Y109.442 E.02932
G1 X146.558 Y109.442 E.1554
G1 X146.558 Y110.498 E.02774
G1 X146.142 Y110.142 F18000
G1 F2894
G1 X141.058 Y110.142 E.13356
G1 X141.058 Y109.858 E.00748
G1 X146.142 Y109.858 E.13356
G1 X146.142 Y110.082 E.0059
; stop printing object pogo_receiver_coupon.stl id:0 copy 0
;LAYER_CHANGE
;Z:18.32
;HEIGHT:0.16
G92 E0 ; zero the extruded length again
; BEFORE_LAYER_CHANGE 113 @ 18.32mm
G1 E-1.75 F6000
;WIPE_START
G1 X145.142 Y110.094 E-.75
;WIPE_END
; AFTER_LAYER_CHANGE 113 @ 18.32mm
;_SET_FAN_SPEED_CHANGING_LAYER
; printing object pogo_receiver_coupon.stl id:0 copy 0
G1 F18000
G1 X144.661 Y109.878 Z18.3486
G1 X144.53 Y109.366 Z18.3771
G1 X144.848 Y108.945 Z18.4057
G1 X145.376 Y108.931 Z18.4343
G1 X145.716 Y109.335 Z18.4629
G1 X145.612 Y109.853 Z18.4914
G1 X145.142 Y110.094 Z18.52
G1 X139.824 Y110.234 Z18.52
G1 X128.176 Y110.541
G1 X115.724 Y110.869
G1 X104.276 Y111.171
G1 X96.481 Y111.376
G1 X80.376 Y111.376
G1 X80.79 Y111.79
G1 Z18.32
G1 E2.5 F6000
M204 P1000
;TYPE:Outer wall
;WIDTH:0.42
G1 F2894
G1 X72.21 Y111.79 E.20911
G1 X72.21 Y108.21 E.08725
G1 X80.79 Y108.21 E.20911
G1 X80.79 Y111.73 E.08579
G1 X80.376 Y111.376 F18000
G1 X80.389 Y111.389
M204 P1500
;TYPE:Inner wall
;WIDTH:0.45
G1 F2894
G1 X72.611 Y111.389 E.20433
G1 X72.611 Y108.611 E.07299
G1 X80.389 Y108.611 E.20433
G1 X80.389 Y111.329 E.07141
G1 X79.974 Y110.974 F18000
G1 F2894
G1 X73.026 Y110.974 E.18249
G1 X73.026 Y109.026 E.05115
G1 X79.974 Y109.026 E.18249
G1 X79.974 Y110.914 E.04958
G1 X79.558 Y110.558 F18000
G1 F2894
G1 X73.442 Y110.558 E.16065
G1 X73.442 Y109.442 E.02932
G1 X79.558 Y109.442 E.16065
G1 X79.558 Y110.498 E.02774
G1 X79.142 Y110.142 F18000
G1 F2894
G1 X73.858 Y110.142 E.13882
G1 X73.858 Y109.858 E.00748
G1 X79.142 Y109.858 E.13882
G1 X79.142 Y110.082 E.0059
G1 E-1.75 F6000
;WIPE_START
G1 X78.142 Y110.094 E-.75
;WIPE_END
G1 X80.376 Y110.236 Z18.52 F18000
G1 X91.624 Y110.955
G1 X104.276 Y111.376
G1 X104.69 Y111.79
G1 Z18.32
G1 E2.5 F6000
M204 P1000
;TYPE:Outer wall
;WIDTH:0.42
G1 F2894
G1 X91.21 Y111.79 E.32853
G1 X91.21 Y108.21 E.08725
G1 X104.69 Y108.21 E.32853
G1 X104.69 Y111.73 E.08579
G1 X104.276 Y111.376 F18000
G1 X104.289 Y111.389
M204 P1500
;TYPE:Inner wall
;WIDTH:0.45
G1 F2894
G1 X91.611 Y111.389 E.33304
G1 X91.611 Y108.611 E.07299
G1 X104.289 Y108.611 E.33304
G1 X104.289 Y111.329 E.07141
G1 X103.874 Y110.974 F18000
G1 F2894
G1 X92.026 Y110.974 E.3112
G1 X92.026 Y109.026 E.05115
G1 X103.874 Y109.026 E.3112
G1 X103.874 Y110.914 E.04958
G1 X103.458 Y110.558 F18000
G1 F2894
G1 X92.442 Y110.558 E.28936
G1 X92.442 Y109.442 E.02932
G1 X103.458 Y109.442 E.28936
G1 X103.458 Y110.498 E.02774
G1 X103.042 Y110.142 F18000
G1 F2894
G1 X92.858 Y110.142 E.26753
G1 X92.858 Y109.858 E.00748
G1 X103.042 Y109.858 E.26753
G1 X103.042 Y110.082 E.0059
G1 E-1.75 F6000
;WIPE_START
G1 X102.042 Y110.088 E-.75
;WIPE_END
G1 X104.276 Y110.231 Z18.52 F18000
G1 X115.724 Y110.965
G1 X128.176 Y111.376
G1 X128.59 Y111.79
G1 Z18.32
G1 E2.5 F6000
M204 P1000
;TYPE:Outer wall
;WIDTH:0.42
G1 F2894
G1 X115.31 Y111.79 E.32366
G1 X115.31 Y108.21 E.08725
G1 X128.59 Y108.21 E.32366
G1 X128.59 Y111.73 E.08579
G1 X128.176 Y111.376 F18000
G1 X128.189 Y111.389
M204 P1500
;TYPE:Inner wall
;WIDTH:0.45
G1 F2894
G1 X115.711 Y111.389 E.32778
G1 X115.711 Y108.611 E.07299
G1 X128.189 Y108.611 E.32778
G1 X128.189 Y111.329 E.07141
G1 X127.774 Y110.974 F18000
G1 F2894
G1 X116.126 Y110.974 E.30595
G1 X116.126 Y109.026 E.05115
G1 X127.774 Y109.026 E.30595
G1 X127.774 Y110.914 E.04958
G1 X127.358 Y110.558 F18000
G1 F2894
G1 X116.542 Y110.558 E.28411
G1 X116.542 Y109.442 E.02932
G1 X127.358 Y109.442 E.28411
G1 X127.358 Y110.498 E.02774
G1 X126.942 Y110.142 F18000
G1 F2894
G1 X116.958 Y110.142 E.26227
G1 X116.958 Y109.858 E.00748
G1 X126.942 Y109.858 E.26227
G1 X126.942 Y110.082 E.0059
G1 E-1.75 F6000
;WIPE_START
G1 X125.942 Y110.088 E-.75
;WIPE_END
G1 X128.176 Y110.262 Z18.52 F18000
G1 X139.824 Y111.17
G1 X147.376 Y111.376
G1 X147.79 Y111.79
G1 Z18.32
G1 E2.5 F6000
M204 P1000
;TYPE:Outer wall
;WIDTH:0.42
G1 F2894
G1 X139.41 Y111.79 E.20424
G1 X139.41 Y108.21 E.08725
G1 X147.79 Y108.21 E.20424
G1 X147.79 Y111.73 E.08579
G1 X147.376 Y111.376 F18000
G1 X147.389 Y111.389
M204 P1500
;TYPE:Inner wall
;WIDTH:0.45
G1 F2894
G1 X139.811 Y111.389 E.19907
G1 X139.811 Y108.611 E.07299
G1 X147.389 Y108.611 E.19907
G1 X147.389 Y111.329 E.07141
G1 X146.974 Y110.974 F18000
G1 F2894
G1 X140.226 Y110.974 E.17724
G1 X140.226 Y109.026 E.05115
G1 X146.974 Y109.026 E.17724
G1 X146.974 Y110.914 E.04958
G1 X146.558 Y110.558 F18000
G1 F2894
G1 X140.642 Y110.558 E.1554
G1 X140.642 Y109.442 E.02932
G1 X146.558 Y109.442 E.1554
G1 X146.558 Y110.498 E.02774
G1 X146.142 Y110.142 F18000
G1 F2894
G1 X141.058 Y110.142 E.13356
G1 X141.058 Y109.858 E.00748
G1 X146.142 Y109.858 E.13356
G1 X146.142 Y110.082 E.0059
; stop printing object pogo_receiver_coupon.stl id:0 copy 0
;LAYER_CHANGE
;Z:18.48
;HEIGHT:0.16
G92 E0 ; zero the extruded length again
; BEFORE_LAYER_CHANGE 114 @ 18.48mm
G1 E-1.75 F6000
;WIPE_START
G1 X145.142 Y110.094 E-.75
;WIPE_END
; AFTER_LAYER_CHANGE 114 @ 18.48mm
;_SET_FAN_SPEED_CHANGING_LAYER
; printing object pogo_receiver_coupon.stl id:0 copy 0
G1 F18000
G1 X144.661 Y109.878 Z18.5086
G1 X144.53 Y109.366 Z18.5371
G1 X144.848 Y108.945 Z18.5657
G1 X145.376 Y108.931 Z18.5943
G1 X145.716 Y109.335 Z18.6229
G1 X145.612 Y109.853 Z18.6514
G1 X145.142 Y110.094 Z18.68
G1 X139.824 Y110.234 Z18.68
G1 X128.176 Y110.541
G1 X115.724 Y110.869
G1 X104.276 Y111.171
G1 X96.481 Y111.376
G1 X80.376 Y111.376
G1 X80.79 Y111.79
G1 Z18.48
G1 E2.5 F6000
M204 P1000
;TYPE:Outer wall
;WIDTH:0.42
G1 F2894
G1 X72.21 Y111.79 E.20911
G1 X72.21 Y108.21 E.08725
G1 X80.79 Y108.21 E.20911
G1 X80.79 Y111.73 E.08579
G1 X80.376 Y111.376 F18000
G1 X80.389 Y111.389
M204 P1500
;TYPE:Inner wall
;WIDTH:0.45
G1 F2894
G1 X72.611 Y111.389 E.20433
G1 X72.611 Y108.611 E.07299
G1 X80.389 Y108.611 E.20433
G1 X80.389 Y111.329 E.07141
G1 X79.974 Y110.974 F18000
G1 F2894
G1 X73.026 Y110.974 E.18249
G1 X73.026 Y109.026 E.05115
G1 X79.974 Y109.026 E.18249
G1 X79.974 Y110.914 E.04958
G1 X79.558 Y110.558 F18000
G1 F2894
G1 X73.442 Y110.558 E.16065
G1 X73.442 Y109.442 E.02932
G1 X79.558 Y109.442 E.16065
G1 X79.558 Y110.498 E.02774
G1 X79.142 Y110.142 F18000
G1 F2894
G1 X73.858 Y110.142 E.13882
G1 X73.858 Y109.858 E.00748
G1 X79.142 Y109.858 E.13882
G1 X79.142 Y110.082 E.0059
G1 E-1.75 F6000
;WIPE_START
G1 X78.142 Y110.094 E-.75
;WIPE_END
G1 X80.376 Y110.236 Z18.68 F18000
G1 X91.624 Y110.955
G1 X104.276 Y111.376
G1 X104.69 Y111.79
G1 Z18.48
G1 E2.5 F6000
M204 P1000
;TYPE:Outer wall
;WIDTH:0.42
G1 F2894
G1 X91.21 Y111.79 E.32853
G1 X91.21 Y108.21 E.08725
G1 X104.69 Y108.21 E.32853
G1 X104.69 Y111.73 E.08579
G1 X104.276 Y111.376 F18000
G1 X104.289 Y111.389
M204 P1500
;TYPE:Inner wall
;WIDTH:0.45
G1 F2894
G1 X91.611 Y111.389 E.33304
G1 X91.611 Y108.611 E.07299
G1 X104.289 Y108.611 E.33304
G1 X104.289 Y111.329 E.07141
G1 X103.874 Y110.974 F18000
G1 F2894
G1 X92.026 Y110.974 E.3112
G1 X92.026 Y109.026 E.05115
G1 X103.874 Y109.026 E.3112
G1 X103.874 Y110.914 E.04958
G1 X103.458 Y110.558 F18000
G1 F2894
G1 X92.442 Y110.558 E.28936
G1 X92.442 Y109.442 E.02932
G1 X103.458 Y109.442 E.28936
G1 X103.458 Y110.498 E.02774
G1 X103.042 Y110.142 F18000
G1 F2894
G1 X92.858 Y110.142 E.26753
G1 X92.858 Y109.858 E.00748
G1 X103.042 Y109.858 E.26753
G1 X103.042 Y110.082 E.0059
G1 E-1.75 F6000
;WIPE_START
G1 X102.042 Y110.088 E-.75
;WIPE_END
G1 X104.276 Y110.231 Z18.68 F18000
G1 X115.724 Y110.965
G1 X128.176 Y111.376
G1 X128.59 Y111.79
G1 Z18.48
G1 E2.5 F6000
M204 P1000
;TYPE:Outer wall
;WIDTH:0.42
G1 F2894
G1 X115.31 Y111.79 E.32366
G1 X115.31 Y108.21 E.08725
G1 X128.59 Y108.21 E.32366
G1 X128.59 Y111.73 E.08579
G1 X128.176 Y111.376 F18000
G1 X128.189 Y111.389
M204 P1500
;TYPE:Inner wall
;WIDTH:0.45
G1 F2894
G1 X115.711 Y111.389 E.32778
G1 X115.711 Y108.611 E.07299
G1 X128.189 Y108.611 E.32778
G1 X128.189 Y111.329 E.07141
G1 X127.774 Y110.974 F18000
G1 F2894
G1 X116.126 Y110.974 E.30595
G1 X116.126 Y109.026 E.05115
G1 X127.774 Y109.026 E.30595
G1 X127.774 Y110.914 E.04958
G1 X127.358 Y110.558 F18000
G1 F2894
G1 X116.542 Y110.558 E.28411
G1 X116.542 Y109.442 E.02932
G1 X127.358 Y109.442 E.28411
G1 X127.358 Y110.498 E.02774
G1 X126.942 Y110.142 F18000
G1 F2894
G1 X116.958 Y110.142 E.26227
G1 X116.958 Y109.858 E.00748
G1 X126.942 Y109.858 E.26227
G1 X126.942 Y110.082 E.0059
G1 E-1.75 F6000
;WIPE_START
G1 X125.942 Y110.088 E-.75
;WIPE_END
G1 X128.176 Y110.262 Z18.68 F18000
G1 X139.824 Y111.17
G1 X147.376 Y111.376
G1 X147.79 Y111.79
G1 Z18.48
G1 E2.5 F6000
M204 P1000
;TYPE:Outer wall
;WIDTH:0.42
G1 F2894
G1 X139.41 Y111.79 E.20424
G1 X139.41 Y108.21 E.08725
G1 X147.79 Y108.21 E.20424
G1 X147.79 Y111.73 E.08579
G1 X147.376 Y111.376 F18000
G1 X147.389 Y111.389
M204 P1500
;TYPE:Inner wall
;WIDTH:0.45
G1 F2894
G1 X139.811 Y111.389 E.19907
G1 X139.811 Y108.611 E.07299
G1 X147.389 Y108.611 E.19907
G1 X147.389 Y111.329 E.07141
G1 X146.974 Y110.974 F18000
G1 F2894
G1 X140.226 Y110.974 E.17724
G1 X140.226 Y109.026 E.05115
G1 X146.974 Y109.026 E.17724
G1 X146.974 Y110.914 E.04958
G1 X146.558 Y110.558 F18000
G1 F2894
G1 X140.642 Y110.558 E.1554
G1 X140.642 Y109.442 E.02932
G1 X146.558 Y109.442 E.1554
G1 X146.558 Y110.498 E.02774
G1 X146.142 Y110.142 F18000
G1 F2894
G1 X141.058 Y110.142 E.13356
G1 X141.058 Y109.858 E.00748
G1 X146.142 Y109.858 E.13356
G1 X146.142 Y110.082 E.0059
; stop printing object pogo_receiver_coupon.stl id:0 copy 0
;LAYER_CHANGE
;Z:18.64
;HEIGHT:0.16
G92 E0 ; zero the extruded length again
; BEFORE_LAYER_CHANGE 115 @ 18.64mm
G1 E-1.75 F6000
;WIPE_START
G1 X145.142 Y110.094 E-.75
;WIPE_END
; AFTER_LAYER_CHANGE 115 @ 18.64mm
;_SET_FAN_SPEED_CHANGING_LAYER
; printing object pogo_receiver_coupon.stl id:0 copy 0
G1 F18000
G1 X144.661 Y109.878 Z18.6686
G1 X144.53 Y109.366 Z18.6971
G1 X144.848 Y108.945 Z18.7257
G1 X145.376 Y108.931 Z18.7543
G1 X145.716 Y109.335 Z18.7829
G1 X145.612 Y109.853 Z18.8114
G1 X145.142 Y110.094 Z18.84
G1 X139.824 Y110.234 Z18.84
G1 X128.176 Y110.541
G1 X115.724 Y110.869
G1 X104.276 Y111.171
G1 X96.481 Y111.376
G1 X80.376 Y111.376
G1 X80.79 Y111.79
G1 Z18.64
G1 E2.5 F6000
M204 P1000
;TYPE:Outer wall
;WIDTH:0.42
G1 F2894
G1 X72.21 Y111.79 E.20911
G1 X72.21 Y108.21 E.08725
G1 X80.79 Y108.21 E.20911
G1 X80.79 Y111.73 E.08579
G1 X80.376 Y111.376 F18000
G1 X80.389 Y111.389
M204 P1500
;TYPE:Inner wall
;WIDTH:0.45
G1 F2894
G1 X72.611 Y111.389 E.20433
G1 X72.611 Y108.611 E.07299
G1 X80.389 Y108.611 E.20433
G1 X80.389 Y111.329 E.07141
G1 X79.974 Y110.974 F18000
G1 F2894
G1 X73.026 Y110.974 E.18249
G1 X73.026 Y109.026 E.05115
G1 X79.974 Y109.026 E.18249
G1 X79.974 Y110.914 E.04958
G1 X79.558 Y110.558 F18000
G1 F2894
G1 X73.442 Y110.558 E.16065
G1 X73.442 Y109.442 E.02932
G1 X79.558 Y109.442 E.16065
G1 X79.558 Y110.498 E.02774
G1 X79.142 Y110.142 F18000
G1 F2894
G1 X73.858 Y110.142 E.13882
G1 X73.858 Y109.858 E.00748
G1 X79.142 Y109.858 E.13882
G1 X79.142 Y110.082 E.0059
G1 E-1.75 F6000
;WIPE_START
G1 X78.142 Y110.094 E-.75
;WIPE_END
G1 X80.376 Y110.236 Z18.84 F18000
G1 X91.624 Y110.955
G1 X104.276 Y111.376
G1 X104.69 Y111.79
G1 Z18.64
G1 E2.5 F6000
M204 P1000
;TYPE:Outer wall
;WIDTH:0.42
G1 F2894
G1 X91.21 Y111.79 E.32853
G1 X91.21 Y108.21 E.08725
G1 X104.69 Y108.21 E.32853
G1 X104.69 Y111.73 E.08579
G1 X104.276 Y111.376 F18000
G1 X104.289 Y111.389
M204 P1500
;TYPE:Inner wall
;WIDTH:0.45
G1 F2894
G1 X91.611 Y111.389 E.33304
G1 X91.611 Y108.611 E.07299
G1 X104.289 Y108.611 E.33304
G1 X104.289 Y111.329 E.07141
G1 X103.874 Y110.974 F18000
G1 F2894
G1 X92.026 Y110.974 E.3112
G1 X92.026 Y109.026 E.05115
G1 X103.874 Y109.026 E.3112
G1 X103.874 Y110.914 E.04958
G1 X103.458 Y110.558 F18000
G1 F2894
G1 X92.442 Y110.558 E.28936
G1 X92.442 Y109.442 E.02932
G1 X103.458 Y109.442 E.28936
G1 X103.458 Y110.498 E.02774
G1 X103.042 Y110.142 F18000
G1 F2894
G1 X92.858 Y110.142 E.26753
G1 X92.858 Y109.858 E.00748
G1 X103.042 Y109.858 E.26753
G1 X103.042 Y110.082 E.0059
G1 E-1.75 F6000
;WIPE_START
G1 X102.042 Y110.088 E-.75
;WIPE_END
G1 X104.276 Y110.231 Z18.84 F18000
G1 X115.724 Y110.965
G1 X128.176 Y111.376
G1 X128.59 Y111.79
G1 Z18.64
G1 E2.5 F6000
M204 P1000
;TYPE:Outer wall
;WIDTH:0.42
G1 F2894
G1 X115.31 Y111.79 E.32366
G1 X115.31 Y108.21 E.08725
G1 X128.59 Y108.21 E.32366
G1 X128.59 Y111.73 E.08579
G1 X128.176 Y111.376 F18000
G1 X128.189 Y111.389
M204 P1500
;TYPE:Inner wall
;WIDTH:0.45
G1 F2894
G1 X115.711 Y111.389 E.32778
G1 X115.711 Y108.611 E.07299
G1 X128.189 Y108.611 E.32778
G1 X128.189 Y111.329 E.07141
G1 X127.774 Y110.974 F18000
G1 F2894
G1 X116.126 Y110.974 E.30595
G1 X116.126 Y109.026 E.05115
G1 X127.774 Y109.026 E.30595
G1 X127.774 Y110.914 E.04958
G1 X127.358 Y110.558 F18000
G1 F2894
G1 X116.542 Y110.558 E.28411
G1 X116.542 Y109.442 E.02932
G1 X127.358 Y109.442 E.28411
G1 X127.358 Y110.498 E.02774
G1 X126.942 Y110.142 F18000
G1 F2894
G1 X116.958 Y110.142 E.26227
G1 X116.958 Y109.858 E.00748
G1 X126.942 Y109.858 E.26227
G1 X126.942 Y110.082 E.0059
G1 E-1.75 F6000
;WIPE_START
G1 X125.942 Y110.088 E-.75
;WIPE_END
G1 X128.176 Y110.262 Z18.84 F18000
G1 X139.824 Y111.17
G1 X147.376 Y111.376
G1 X147.79 Y111.79
G1 Z18.64
G1 E2.5 F6000
M204 P1000
;TYPE:Outer wall
;WIDTH:0.42
G1 F2894
G1 X139.41 Y111.79 E.20424
G1 X139.41 Y108.21 E.08725
G1 X147.79 Y108.21 E.20424
G1 X147.79 Y111.73 E.08579
G1 X147.376 Y111.376 F18000
G1 X147.389 Y111.389
M204 P1500
;TYPE:Inner wall
;WIDTH:0.45
G1 F2894
G1 X139.811 Y111.389 E.19907
G1 X139.811 Y108.611 E.07299
G1 X147.389 Y108.611 E.19907
G1 X147.389 Y111.329 E.07141
G1 X146.974 Y110.974 F18000
G1 F2894
G1 X140.226 Y110.974 E.17724
G1 X140.226 Y109.026 E.05115
G1 X146.974 Y109.026 E.17724
G1 X146.974 Y110.914 E.04958
G1 X146.558 Y110.558 F18000
G1 F2894
G1 X140.642 Y110.558 E.1554
G1 X140.642 Y109.442 E.02932
G1 X146.558 Y109.442 E.1554
G1 X146.558 Y110.498 E.02774
G1 X146.142 Y110.142 F18000
G1 F2894
G1 X141.058 Y110.142 E.13356
G1 X141.058 Y109.858 E.00748
G1 X146.142 Y109.858 E.13356
G1 X146.142 Y110.082 E.0059
; stop printing object pogo_receiver_coupon.stl id:0 copy 0
;LAYER_CHANGE
;Z:18.8
;HEIGHT:0.16
G92 E0 ; zero the extruded length again
; BEFORE_LAYER_CHANGE 116 @ 18.8mm
G1 E-1.75 F6000
;WIPE_START
G1 X145.142 Y110.094 E-.75
;WIPE_END
; AFTER_LAYER_CHANGE 116 @ 18.8mm
;_SET_FAN_SPEED_CHANGING_LAYER
; printing object pogo_receiver_coupon.stl id:0 copy 0
G1 F18000
G1 X144.661 Y109.878 Z18.8286
G1 X144.53 Y109.366 Z18.8571
G1 X144.848 Y108.945 Z18.8857
G1 X145.376 Y108.931 Z18.9143
G1 X145.716 Y109.335 Z18.9429
G1 X145.612 Y109.853 Z18.9714
G1 X145.142 Y110.094 Z19
G1 X139.824 Y110.234 Z19
G1 X128.176 Y110.541
G1 X115.724 Y110.869
G1 X104.276 Y111.171
G1 X96.481 Y111.376
G1 X80.376 Y111.376
G1 X80.79 Y111.79
G1 Z18.8
G1 E2.5 F6000
M204 P1000
;TYPE:Outer wall
;WIDTH:0.42
G1 F2894
G1 X72.21 Y111.79 E.20911
G1 X72.21 Y108.21 E.08725
G1 X80.79 Y108.21 E.20911
G1 X80.79 Y111.73 E.08579
G1 X80.376 Y111.376 F18000
G1 X80.389 Y111.389
M204 P1500
;TYPE:Inner wall
;WIDTH:0.45
G1 F2894
G1 X72.611 Y111.389 E.20433
G1 X72.611 Y108.611 E.07299
G1 X80.389 Y108.611 E.20433
G1 X80.389 Y111.329 E.07141
G1 X79.974 Y110.974 F18000
G1 F2894
G1 X73.026 Y110.974 E.18249
G1 X73.026 Y109.026 E.05115
G1 X79.974 Y109.026 E.18249
G1 X79.974 Y110.914 E.04958
G1 X79.558 Y110.558 F18000
G1 F2894
G1 X73.442 Y110.558 E.16065
G1 X73.442 Y109.442 E.02932
G1 X79.558 Y109.442 E.16065
G1 X79.558 Y110.498 E.02774
G1 X79.142 Y110.142 F18000
G1 F2894
G1 X73.858 Y110.142 E.13882
G1 X73.858 Y109.858 E.00748
G1 X79.142 Y109.858 E.13882
G1 X79.142 Y110.082 E.0059
G1 E-1.75 F6000
;WIPE_START
G1 X78.142 Y110.094 E-.75
;WIPE_END
G1 X80.376 Y110.236 Z19 F18000
G1 X91.624 Y110.955
G1 X104.276 Y111.376
G1 X104.69 Y111.79
G1 Z18.8
G1 E2.5 F6000
M204 P1000
;TYPE:Outer wall
;WIDTH:0.42
G1 F2894
G1 X91.21 Y111.79 E.32853
G1 X91.21 Y108.21 E.08725
G1 X104.69 Y108.21 E.32853
G1 X104.69 Y111.73 E.08579
G1 X104.276 Y111.376 F18000
G1 X104.289 Y111.389
M204 P1500
;TYPE:Inner wall
;WIDTH:0.45
G1 F2894
G1 X91.611 Y111.389 E.33304
G1 X91.611 Y108.611 E.07299
G1 X104.289 Y108.611 E.33304
G1 X104.289 Y111.329 E.07141
G1 X103.874 Y110.974 F18000
G1 F2894
G1 X92.026 Y110.974 E.3112
G1 X92.026 Y109.026 E.05115
G1 X103.874 Y109.026 E.3112
G1 X103.874 Y110.914 E.04958
G1 X103.458 Y110.558 F18000
G1 F2894
G1 X92.442 Y110.558 E.28936
G1 X92.442 Y109.442 E.02932
G1 X103.458 Y109.442 E.28936
G1 X103.458 Y110.498 E.02774
G1 X103.042 Y110.142 F18000
G1 F2894
G1 X92.858 Y110.142 E.26753
G1 X92.858 Y109.858 E.00748
G1 X103.042 Y109.858 E.26753
G1 X103.042 Y110.082 E.0059
G1 E-1.75 F6000
;WIPE_START
G1 X102.042 Y110.088 E-.75
;WIPE_END
G1 X104.276 Y110.231 Z19 F18000
G1 X115.724 Y110.965
G1 X128.176 Y111.376
G1 X128.59 Y111.79
G1 Z18.8
G1 E2.5 F6000
M204 P1000
;TYPE:Outer wall
;WIDTH:0.42
G1 F2894
G1 X115.31 Y111.79 E.32366
G1 X115.31 Y108.21 E.08725
G1 X128.59 Y108.21 E.32366
G1 X128.59 Y111.73 E.08579
G1 X128.176 Y111.376 F18000
G1 X128.189 Y111.389
M204 P1500
;TYPE:Inner wall
;WIDTH:0.45
G1 F2894
G1 X115.711 Y111.389 E.32778
G1 X115.711 Y108.611 E.07299
G1 X128.189 Y108.611 E.32778
G1 X128.189 Y111.329 E.07141
G1 X127.774 Y110.974 F18000
G1 F2894
G1 X116.126 Y110.974 E.30595
G1 X116.126 Y109.026 E.05115
G1 X127.774 Y109.026 E.30595
G1 X127.774 Y110.914 E.04958
G1 X127.358 Y110.558 F18000
G1 F2894
G1 X116.542 Y110.558 E.28411
G1 X116.542 Y109.442 E.02932
G1 X127.358 Y109.442 E.28411
G1 X127.358 Y110.498 E.02774
G1 X126.942 Y110.142 F18000
G1 F2894
G1 X116.958 Y110.142 E.26227
G1 X116.958 Y109.858 E.00748
G1 X126.942 Y109.858 E.26227
G1 X126.942 Y110.082 E.0059
G1 E-1.75 F6000
;WIPE_START
G1 X125.942 Y110.088 E-.75
;WIPE_END
G1 X128.176 Y110.262 Z19 F18000
G1 X139.824 Y111.17
G1 X147.376 Y111.376
G1 X147.79 Y111.79
G1 Z18.8
G1 E2.5 F6000
M204 P1000
;TYPE:Outer wall
;WIDTH:0.42
G1 F2894
G1 X139.41 Y111.79 E.20424
G1 X139.41 Y108.21 E.08725
G1 X147.79 Y108.21 E.20424
G1 X147.79 Y111.73 E.08579
G1 X147.376 Y111.376 F18000
G1 X147.389 Y111.389
M204 P1500
;TYPE:Inner wall
;WIDTH:0.45
G1 F2894
G1 X139.811 Y111.389 E.19907
G1 X139.811 Y108.611 E.07299
G1 X147.389 Y108.611 E.19907
G1 X147.389 Y111.329 E.07141
G1 X146.974 Y110.974 F18000
G1 F2894
G1 X140.226 Y110.974 E.17724
G1 X140.226 Y109.026 E.05115
G1 X146.974 Y109.026 E.17724
G1 X146.974 Y110.914 E.04958
G1 X146.558 Y110.558 F18000
G1 F2894
G1 X140.642 Y110.558 E.1554
G1 X140.642 Y109.442 E.02932
G1 X146.558 Y109.442 E.1554
G1 X146.558 Y110.498 E.02774
G1 X146.142 Y110.142 F18000
G1 F2894
G1 X141.058 Y110.142 E.13356
G1 X141.058 Y109.858 E.00748
G1 X146.142 Y109.858 E.13356
G1 X146.142 Y110.082 E.0059
; stop printing object pogo_receiver_coupon.stl id:0 copy 0
;LAYER_CHANGE
;Z:18.96
;HEIGHT:0.16
G92 E0 ; zero the extruded length again
; BEFORE_LAYER_CHANGE 117 @ 18.96mm
G1 E-1.75 F6000
;WIPE_START
G1 X145.142 Y110.094 E-.75
;WIPE_END
; AFTER_LAYER_CHANGE 117 @ 18.96mm
;_SET_FAN_SPEED_CHANGING_LAYER
; printing object pogo_receiver_coupon.stl id:0 copy 0
G1 F18000
G1 X144.661 Y109.878 Z18.9886
G1 X144.53 Y109.366 Z19.0171
G1 X144.848 Y108.945 Z19.0457
G1 X145.376 Y108.931 Z19.0743
G1 X145.716 Y109.335 Z19.1029
G1 X145.612 Y109.853 Z19.1314
G1 X145.142 Y110.094 Z19.16
G1 X139.824 Y110.234 Z19.16
G1 X128.176 Y110.541
G1 X115.724 Y110.869
G1 X104.276 Y111.171
G1 X96.481 Y111.376
G1 X80.376 Y111.376
G1 X80.79 Y111.79
G1 Z18.96
G1 E2.5 F6000
M204 P1000
;TYPE:Outer wall
;WIDTH:0.42
G1 F2894
G1 X72.21 Y111.79 E.20911
G1 X72.21 Y108.21 E.08725
G1 X80.79 Y108.21 E.20911
G1 X80.79 Y111.73 E.08579
G1 X80.376 Y111.376 F18000
G1 X80.389 Y111.389
M204 P1500
;TYPE:Inner wall
;WIDTH:0.45
G1 F2894
G1 X72.611 Y111.389 E.20433
G1 X72.611 Y108.611 E.07299
G1 X80.389 Y108.611 E.20433
G1 X80.389 Y111.329 E.07141
G1 X79.974 Y110.974 F18000
G1 F2894
G1 X73.026 Y110.974 E.18249
G1 X73.026 Y109.026 E.05115
G1 X79.974 Y109.026 E.18249
G1 X79.974 Y110.914 E.04958
G1 X79.558 Y110.558 F18000
G1 F2894
G1 X73.442 Y110.558 E.16065
G1 X73.442 Y109.442 E.02932
G1 X79.558 Y109.442 E.16065
G1 X79.558 Y110.498 E.02774
G1 X79.142 Y110.142 F18000
G1 F2894
G1 X73.858 Y110.142 E.13882
G1 X73.858 Y109.858 E.00748
G1 X79.142 Y109.858 E.13882
G1 X79.142 Y110.082 E.0059
G1 E-1.75 F6000
;WIPE_START
G1 X78.142 Y110.094 E-.75
;WIPE_END
G1 X80.376 Y110.236 Z19.16 F18000
G1 X91.624 Y110.955
G1 X104.276 Y111.376
G1 X104.69 Y111.79
G1 Z18.96
G1 E2.5 F6000
M204 P1000
;TYPE:Outer wall
;WIDTH:0.42
G1 F2894
G1 X91.21 Y111.79 E.32853
G1 X91.21 Y108.21 E.08725
G1 X104.69 Y108.21 E.32853
G1 X104.69 Y111.73 E.08579
G1 X104.276 Y111.376 F18000
G1 X104.289 Y111.389
M204 P1500
;TYPE:Inner wall
;WIDTH:0.45
G1 F2894
G1 X91.611 Y111.389 E.33304
G1 X91.611 Y108.611 E.07299
G1 X104.289 Y108.611 E.33304
G1 X104.289 Y111.329 E.07141
G1 X103.874 Y110.974 F18000
G1 F2894
G1 X92.026 Y110.974 E.3112
G1 X92.026 Y109.026 E.05115
G1 X103.874 Y109.026 E.3112
G1 X103.874 Y110.914 E.04958
G1 X103.458 Y110.558 F18000
G1 F2894
G1 X92.442 Y110.558 E.28936
G1 X92.442 Y109.442 E.02932
G1 X103.458 Y109.442 E.28936
G1 X103.458 Y110.498 E.02774
G1 X103.042 Y110.142 F18000
G1 F2894
G1 X92.858 Y110.142 E.26753
G1 X92.858 Y109.858 E.00748
G1 X103.042 Y109.858 E.26753
G1 X103.042 Y110.082 E.0059
G1 E-1.75 F6000
;WIPE_START
G1 X102.042 Y110.088 E-.75
;WIPE_END
G1 X104.276 Y110.231 Z19.16 F18000
G1 X115.724 Y110.965
G1 X128.176 Y111.376
G1 X128.59 Y111.79
G1 Z18.96
G1 E2.5 F6000
M204 P1000
;TYPE:Outer wall
;WIDTH:0.42
G1 F2894
G1 X115.31 Y111.79 E.32366
G1 X115.31 Y108.21 E.08725
G1 X128.59 Y108.21 E.32366
G1 X128.59 Y111.73 E.08579
G1 X128.176 Y111.376 F18000
G1 X128.189 Y111.389
M204 P1500
;TYPE:Inner wall
;WIDTH:0.45
G1 F2894
G1 X115.711 Y111.389 E.32778
G1 X115.711 Y108.611 E.07299
G1 X128.189 Y108.611 E.32778
G1 X128.189 Y111.329 E.07141
G1 X127.774 Y110.974 F18000
G1 F2894
G1 X116.126 Y110.974 E.30595
G1 X116.126 Y109.026 E.05115
G1 X127.774 Y109.026 E.30595
G1 X127.774 Y110.914 E.04958
G1 X127.358 Y110.558 F18000
G1 F2894
G1 X116.542 Y110.558 E.28411
G1 X116.542 Y109.442 E.02932
G1 X127.358 Y109.442 E.28411
G1 X127.358 Y110.498 E.02774
G1 X126.942 Y110.142 F18000
G1 F2894
G1 X116.958 Y110.142 E.26227
G1 X116.958 Y109.858 E.00748
G1 X126.942 Y109.858 E.26227
G1 X126.942 Y110.082 E.0059
G1 E-1.75 F6000
;WIPE_START
G1 X125.942 Y110.088 E-.75
;WIPE_END
G1 X128.176 Y110.262 Z19.16 F18000
G1 X139.824 Y111.17
G1 X147.376 Y111.376
G1 X147.79 Y111.79
G1 Z18.96
G1 E2.5 F6000
M204 P1000
;TYPE:Outer wall
;WIDTH:0.42
G1 F2894
G1 X139.41 Y111.79 E.20424
G1 X139.41 Y108.21 E.08725
G1 X147.79 Y108.21 E.20424
G1 X147.79 Y111.73 E.08579
G1 X147.376 Y111.376 F18000
G1 X147.389 Y111.389
M204 P1500
;TYPE:Inner wall
;WIDTH:0.45
G1 F2894
G1 X139.811 Y111.389 E.19907
G1 X139.811 Y108.611 E.07299
G1 X147.389 Y108.611 E.19907
G1 X147.389 Y111.329 E.07141
G1 X146.974 Y110.974 F18000
G1 F2894
G1 X140.226 Y110.974 E.17724
G1 X140.226 Y109.026 E.05115
G1 X146.974 Y109.026 E.17724
G1 X146.974 Y110.914 E.04958
G1 X146.558 Y110.558 F18000
G1 F2894
G1 X140.642 Y110.558 E.1554
G1 X140.642 Y109.442 E.02932
G1 X146.558 Y109.442 E.1554
G1 X146.558 Y110.498 E.02774
G1 X146.142 Y110.142 F18000
G1 F2894
G1 X141.058 Y110.142 E.13356
G1 X141.058 Y109.858 E.00748
G1 X146.142 Y109.858 E.13356
G1 X146.142 Y110.082 E.0059
; stop printing object pogo_receiver_coupon.stl id:0 copy 0
;LAYER_CHANGE
;Z:19.12
;HEIGHT:0.160002
G92 E0 ; zero the extruded length again
; BEFORE_LAYER_CHANGE 118 @ 19.12mm
G1 E-1.75 F6000
;WIPE_START
G1 X145.142 Y110.094 E-.75
;WIPE_END
; AFTER_LAYER_CHANGE 118 @ 19.12mm
;_SET_FAN_SPEED_CHANGING_LAYER
; printing object pogo_receiver_coupon.stl id:0 copy 0
G1 F18000
G1 X144.658 Y109.885 Z19.1486
G1 X144.519 Y109.376 Z19.1771
G1 X144.83 Y108.95 Z19.2057
G1 X145.358 Y108.927 Z19.2343
G1 X145.704 Y109.326 Z19.2629
G1 X145.608 Y109.845 Z19.2914
G1 X145.142 Y110.094 Z19.32
G1 X139.824 Y110.317 Z19.32
G1 X128.176 Y110.805
G1 X115.724 Y111.327
G1 X104.276 Y111.376
G1 X104.69 Y111.79
G1 Z19.12
G1 E2.5 F6000
M204 P1000
;TYPE:Outer wall
;WIDTH:0.42
G1 F3600
G1 X104.06 Y111.79 E.01535
G1 X91.84 Y111.79 E.29782
G1 F3000
G1 X91 Y111.79 E.02047
G1 F1320
G1 X90.8 Y111.79 E.00487
M204 P500
;TYPE:Overhang wall
;WIDTH:0.363434
G1 F1500
G1 X81.2 Y111.79 E.19965
M204 P1000
;TYPE:Outer wall
;WIDTH:0.42
G1 F1320
G1 X81 Y111.79 E.00487
M106 S176
G1 F3000
G1 X80.16 Y111.79 E.02047
G1 F3600
G1 X72.84 Y111.79 E.1784
G1 X72.21 Y111.79 E.01535
G1 X72.21 Y108.21 E.08725
G1 X72.84 Y108.21 E.01535
G1 X80.16 Y108.21 E.1784
G1 F3000
G1 X81 Y108.21 E.02047
G1 F1320
G1 X81.2 Y108.21 E.00487
M204 P500
;TYPE:Overhang wall
;WIDTH:0.363434
G1 F1500
G1 X90.8 Y108.21 E.19965
M204 P1000
;TYPE:Outer wall
;WIDTH:0.42
G1 F1320
G1 X91 Y108.21 E.00487
M106 S176
G1 F3000
G1 X91.84 Y108.21 E.02047
G1 F3600
G1 X104.06 Y108.21 E.29782
G1 X104.69 Y108.21 E.01535
G1 X104.69 Y111.73 E.08579
G1 X104.276 Y111.376 F18000
G1 X104.289 Y111.389
M204 P1500
;TYPE:Inner wall
;WIDTH:0.45
G1 F6000
G1 X104 Y111.389 E.00759
G1 X91.9 Y111.389 E.31784
G1 F3000
G1 X91 Y111.389 E.02364
G1 F1140
G1 X90.8 Y111.389 E.00525
M204 P500
;TYPE:Overhang wall
;WIDTH:0.363434
G1 F1500
G1 X81.2 Y111.389 E.19965
M204 P1500
;TYPE:Inner wall
;WIDTH:0.45
G1 F1140
G1 X81 Y111.389 E.00525
M106 S176
G1 F3000
G1 X80.1 Y111.389 E.02364
G1 F6000
G1 X72.9 Y111.389 E.18913
G1 X72.611 Y111.389 E.00759
G1 X72.611 Y108.611 E.07297
G1 X72.9 Y108.611 E.00759
G1 X80.1 Y108.611 E.18913
G1 F3000
G1 X81 Y108.611 E.02364
G1 F1140
G1 X81.2 Y108.611 E.00525
M204 P500
;TYPE:Overhang wall
;WIDTH:0.363434
G1 F1500
G1 X90.8 Y108.611 E.19965
M204 P1500
;TYPE:Inner wall
;WIDTH:0.45
G1 F1140
G1 X91 Y108.611 E.00525
M106 S176
G1 F3000
G1 X91.9 Y108.611 E.02364
G1 F6000
G1 X104 Y108.611 E.31784
G1 X104.289 Y108.611 E.00759
G1 X104.289 Y111.329 E.0714
G1 X103.874 Y110.974 F18000
G1 F6000
G1 X91.9 Y110.974 E.31453
G1 F3000
G1 X91 Y110.974 E.02364
G1 F1140
G1 X90.8 Y110.974 E.00525
M204 P500
;TYPE:Overhang wall
;WIDTH:0.363434
G1 F1500
G1 X81.2 Y110.974 E.19965
M204 P1500
;TYPE:Inner wall
;WIDTH:0.45
G1 F1140
G1 X81 Y110.974 E.00525
M106 S176
G1 F3000
G1 X80.1 Y110.974 E.02364
G1 F6000
G1 X73.026 Y110.974 E.18582
G1 X73.026 Y109.026 E.05117
G1 X80.1 Y109.026 E.18582
G1 F3000
G1 X81 Y109.026 E.02364
G1 F1140
G1 X81.2 Y109.026 E.00525
M204 P500
;TYPE:Overhang wall
;WIDTH:0.363434
G1 F1500
G1 X90.8 Y109.026 E.19965
M204 P1500
;TYPE:Inner wall
;WIDTH:0.45
G1 F1140
G1 X91 Y109.026 E.00525
M106 S176
G1 F3000
G1 X91.9 Y109.026 E.02364
G1 F6000
G1 X103.874 Y109.026 E.31453
G1 X103.874 Y110.914 E.04959
G1 X103.458 Y110.558 F18000
G1 F6000
G1 X91.9 Y110.558 E.3036
G1 F3000
G1 X91 Y110.558 E.02364
G1 F1140
G1 X90.8 Y110.558 E.00525
M204 P500
;TYPE:Overhang wall
;WIDTH:0.363434
G1 F1500
G1 X81.2 Y110.558 E.19965
M204 P1500
;TYPE:Inner wall
;WIDTH:0.45
G1 F1140
G1 X81 Y110.558 E.00525
M106 S176
G1 F3000
G1 X80.1 Y110.558 E.02364
G1 F6000
G1 X73.442 Y110.558 E.17489
G1 X73.442 Y109.442 E.02931
G1 X80.1 Y109.442 E.17489
G1 F3000
G1 X81 Y109.442 E.02364
G1 F1140
G1 X81.2 Y109.442 E.00525
M204 P500
;TYPE:Overhang wall
;WIDTH:0.363434
G1 F1500
G1 X90.8 Y109.442 E.19965
M204 P1500
;TYPE:Inner wall
;WIDTH:0.45
G1 F1140
G1 X91 Y109.442 E.00525
M106 S176
G1 F3000
G1 X91.9 Y109.442 E.02364
G1 F6000
G1 X103.458 Y109.442 E.3036
G1 X103.458 Y110.498 E.02774
G1 X103.042 Y110.142 F18000
G1 F6000
G1 X91.9 Y110.142 E.29267
G1 F3000
G1 X91 Y110.142 E.02364
G1 F1140
G1 X90.8 Y110.142 E.00525
M204 P500
;TYPE:Overhang wall
;WIDTH:0.363434
G1 F1500
G1 X81.2 Y110.142 E.19965
M204 P1500
;TYPE:Inner wall
;WIDTH:0.45
G1 F1140
G1 X81 Y110.142 E.00525
M106 S176
G1 F3000
G1 X80.1 Y110.142 E.02364
G1 F6000
G1 X73.858 Y110.142 E.16396
G1 X73.858 Y109.858 E.00746
G1 X80.1 Y109.858 E.16396
G1 F3000
G1 X81 Y109.858 E.02364
G1 F1140
G1 X81.2 Y109.858 E.00525
M204 P500
;TYPE:Overhang wall
;WIDTH:0.363434
G1 F1500
G1 X90.8 Y109.858 E.19965
M204 P1500
;TYPE:Inner wall
;WIDTH:0.45
G1 F1140
G1 X91 Y109.858 E.00525
M106 S176
G1 F3000
G1 X91.9 Y109.858 E.02364
G1 F6000
G1 X103.042 Y109.858 E.29267
G1 X103.042 Y110.082 E.00588
G1 E-1.75
;WIPE_START
G1 X102.042 Y110.087 E-.75
;WIPE_END
G1 X104.276 Y110.231 Z19.32 F18000
G1 X115.724 Y110.965
G1 X128.176 Y111.376
G1 X128.59 Y111.79
G1 Z19.12
G1 E2.5 F6000
M204 P1000
;TYPE:Outer wall
;WIDTH:0.42
G1 F3600
G1 X115.31 Y111.79 E.32366
G1 X115.31 Y108.21 E.08725
G1 X128.59 Y108.21 E.32366
G1 X128.59 Y111.73 E.08579
G1 X128.176 Y111.376 F18000
G1 X128.189 Y111.389
M204 P1500
;TYPE:Inner wall
;WIDTH:0.45
G1 F6000
G1 X115.711 Y111.389 E.32778
G1 X115.711 Y108.611 E.07299
G1 X128.189 Y108.611 E.32778
G1 X128.189 Y111.329 E.07141
G1 X127.774 Y110.974 F18000
G1 F6000
G1 X116.126 Y110.974 E.30595
G1 X116.126 Y109.026 E.05115
G1 X127.774 Y109.026 E.30595
G1 X127.774 Y110.914 E.04958
G1 X127.358 Y110.558 F18000
G1 F6000
G1 X116.542 Y110.558 E.28411
G1 X116.542 Y109.442 E.02932
G1 X127.358 Y109.442 E.28411
G1 X127.358 Y110.498 E.02774
G1 X126.942 Y110.142 F18000
G1 F6000
G1 X116.958 Y110.142 E.26227
G1 X116.958 Y109.858 E.00748
G1 X126.942 Y109.858 E.26227
G1 X126.942 Y110.082 E.0059
G1 E-1.75
;WIPE_START
G1 X125.942 Y110.088 E-.75
;WIPE_END
G1 X128.176 Y110.262 Z19.32 F18000
G1 X139.824 Y111.17
G1 X147.376 Y111.376
G1 X147.79 Y111.79
G1 Z19.12
G1 E2.5 F6000
M204 P1000
;TYPE:Outer wall
;WIDTH:0.42
G1 F3600
G1 X139.41 Y111.79 E.20424
G1 X139.41 Y108.21 E.08725
G1 X147.79 Y108.21 E.20424
G1 X147.79 Y111.73 E.08579
G1 X147.376 Y111.376 F18000
G1 X147.389 Y111.389
M204 P1500
;TYPE:Inner wall
;WIDTH:0.45
G1 F6000
G1 X139.811 Y111.389 E.19907
G1 X139.811 Y108.611 E.07299
G1 X147.389 Y108.611 E.19907
G1 X147.389 Y111.329 E.07141
G1 X146.974 Y110.974 F18000
G1 F6000
G1 X140.226 Y110.974 E.17724
G1 X140.226 Y109.026 E.05115
G1 X146.974 Y109.026 E.17724
G1 X146.974 Y110.914 E.04958
G1 X146.558 Y110.558 F18000
G1 F6000
G1 X140.642 Y110.558 E.1554
G1 X140.642 Y109.442 E.02932
G1 X146.558 Y109.442 E.1554
G1 X146.558 Y110.498 E.02774
G1 X146.142 Y110.142 F18000
G1 F6000
G1 X141.058 Y110.142 E.13356
G1 X141.058 Y109.858 E.00748
G1 X146.142 Y109.858 E.13356
G1 X146.142 Y110.082 E.0059
; stop printing object pogo_receiver_coupon.stl id:0 copy 0
M106 S173
;LAYER_CHANGE
;Z:19.28
;HEIGHT:0.16
G92 E0 ; zero the extruded length again
; BEFORE_LAYER_CHANGE 119 @ 19.28mm
G1 E-1.75 F6000
;WIPE_START
G1 X145.142 Y110.094 E-.75
;WIPE_END
; AFTER_LAYER_CHANGE 119 @ 19.28mm
;_SET_FAN_SPEED_CHANGING_LAYER
; printing object pogo_receiver_coupon.stl id:0 copy 0
G1 F18000
G1 X145.441 Y110.53 Z19.3086
G1 X145.287 Y111.035 Z19.3371
G1 X144.796 Y111.229 Z19.3657
G1 X144.338 Y110.966 Z19.3943
G1 X144.258 Y110.444 Z19.4229
G1 X144.616 Y110.056 Z19.4514
G1 X145.142 Y110.094 Z19.48
G1 X147.376 Y111.376 Z19.48
G1 X147.79 Y111.79
G1 Z19.28
G1 E2.5 F6000
M204 P1000
;TYPE:Outer wall
;WIDTH:0.42
G1 F3600
G1 X139.41 Y111.79 E.20424
G1 X139.41 Y108.21 E.08725
G1 X147.79 Y108.21 E.20424
G1 X147.79 Y111.73 E.08579
G1 X147.376 Y111.376 F18000
G1 X147.389 Y111.389
M204 P1500
;TYPE:Inner wall
;WIDTH:0.45
G1 F6000
G1 X139.811 Y111.389 E.19907
G1 X139.811 Y108.611 E.07299
G1 X147.389 Y108.611 E.19907
G1 X147.389 Y111.329 E.07141
G1 X146.974 Y110.974 F18000
G1 F6000
G1 X140.226 Y110.974 E.17724
G1 X140.226 Y109.026 E.05115
G1 X146.974 Y109.026 E.17724
G1 X146.974 Y110.914 E.04958
G1 X146.558 Y110.558 F18000
G1 F6000
G1 X140.642 Y110.558 E.1554
G1 X140.642 Y109.442 E.02932
G1 X146.558 Y109.442 E.1554
G1 X146.558 Y110.498 E.02774
G1 X146.142 Y110.142 F18000
G1 F6000
G1 X141.058 Y110.142 E.13356
G1 X141.058 Y109.858 E.00748
G1 X146.142 Y109.858 E.13356
G1 X146.142 Y110.082 E.0059
G1 E-1.75
;WIPE_START
G1 X145.142 Y110.094 E-.75
;WIPE_END
G1 X141.346 Y110.483 Z19.48 F18000
G1 X139.824 Y110.639 Z19.48
G1 X128.176 Y111.376
G1 X128.59 Y111.79
G1 Z19.28
G1 E2.5 F6000
M204 P1000
;TYPE:Outer wall
;WIDTH:0.42
G1 F3600
G1 X127.96 Y111.79 E.01535
G1 X115.94 Y111.79 E.29295
G1 F3000
G1 X115.1 Y111.79 E.02047
G1 F1320
G1 X114.9 Y111.79 E.00487
M204 P500
;TYPE:Overhang wall
;WIDTH:0.363434
G1 F1500
G1 X105.1 Y111.79 E.20381
M204 P1000
;TYPE:Outer wall
;WIDTH:0.42
G1 F1320
G1 X104.9 Y111.79 E.00487
M106 S173
G1 F3000
G1 X104.06 Y111.79 E.02047
G1 F3600
G1 X72.84 Y111.79 E.76089
G1 X72.21 Y111.79 E.01535
G1 X72.21 Y108.21 E.08725
G1 X72.84 Y108.21 E.01535
G1 X104.06 Y108.21 E.76089
G1 F3000
G1 X104.9 Y108.21 E.02047
G1 F1320
G1 X105.1 Y108.21 E.00487
M204 P500
;TYPE:Overhang wall
;WIDTH:0.363434
G1 F1500
G1 X114.9 Y108.21 E.20381
M204 P1000
;TYPE:Outer wall
;WIDTH:0.42
G1 F1320
G1 X115.1 Y108.21 E.00487
M106 S173
G1 F3000
G1 X115.94 Y108.21 E.02047
G1 F3600
G1 X127.96 Y108.21 E.29295
G1 X128.59 Y108.21 E.01535
G1 X128.59 Y111.73 E.08579
G1 X128.176 Y111.376 F18000
G1 X128.189 Y111.389
M204 P1500
;TYPE:Inner wall
;WIDTH:0.45
G1 F6000
G1 X127.9 Y111.389 E.00759
G1 X116 Y111.389 E.31258
G1 F3000
G1 X115.1 Y111.389 E.02364
G1 F1140
G1 X114.9 Y111.389 E.00525
M204 P500
;TYPE:Overhang wall
;WIDTH:0.363434
G1 F1500
G1 X105.1 Y111.389 E.20381
M204 P1500
;TYPE:Inner wall
;WIDTH:0.45
G1 F1140
G1 X104.9 Y111.389 E.00525
M106 S173
G1 F3000
G1 X104 Y111.389 E.02364
G1 F6000
G1 X72.9 Y111.389 E.81692
G1 X72.611 Y111.389 E.00759
G1 X72.611 Y108.611 E.07297
G1 X72.9 Y108.611 E.00759
G1 X104 Y108.611 E.81692
G1 F3000
G1 X104.9 Y108.611 E.02364
G1 F1140
G1 X105.1 Y108.611 E.00525
M204 P500
;TYPE:Overhang wall
;WIDTH:0.363434
G1 F1500
G1 X114.9 Y108.611 E.20381
M204 P1500
;TYPE:Inner wall
;WIDTH:0.45
G1 F1140
G1 X115.1 Y108.611 E.00525
M106 S173
G1 F3000
G1 X116 Y108.611 E.02364
G1 F6000
G1 X127.9 Y108.611 E.31258
G1 X128.189 Y108.611 E.00759
G1 X128.189 Y111.329 E.0714
G1 X127.774 Y110.974 F18000
G1 F6000
G1 X116 Y110.974 E.30927
G1 F3000
G1 X115.1 Y110.974 E.02364
G1 F1140
G1 X114.9 Y110.974 E.00525
M204 P500
;TYPE:Overhang wall
;WIDTH:0.363434
G1 F1500
G1 X105.1 Y110.974 E.20381
M204 P1500
;TYPE:Inner wall
;WIDTH:0.45
G1 F1140
G1 X104.9 Y110.974 E.00525
M106 S173
G1 F3000
G1 X104 Y110.974 E.02364
G1 F6000
G1 X73.026 Y110.974 E.81361
G1 X73.026 Y109.026 E.05117
G1 X104 Y109.026 E.81361
G1 F3000
G1 X104.9 Y109.026 E.02364
G1 F1140
G1 X105.1 Y109.026 E.00525
M204 P500
;TYPE:Overhang wall
;WIDTH:0.363434
G1 F1500
G1 X114.9 Y109.026 E.20381
M204 P1500
;TYPE:Inner wall
;WIDTH:0.45
G1 F1140
G1 X115.1 Y109.026 E.00525
M106 S173
G1 F3000
G1 X116 Y109.026 E.02364
G1 F6000
G1 X127.774 Y109.026 E.30927
G1 X127.774 Y110.914 E.04959
G1 X127.358 Y110.558 F18000
G1 F6000
G1 X116 Y110.558 E.29835
G1 F3000
G1 X115.1 Y110.558 E.02364
G1 F1140
G1 X114.9 Y110.558 E.00525
M204 P500
;TYPE:Overhang wall
;WIDTH:0.363434
G1 F1500
G1 X105.1 Y110.558 E.20381
M204 P1500
;TYPE:Inner wall
;WIDTH:0.45
G1 F1140
G1 X104.9 Y110.558 E.00525
M106 S173
G1 F3000
G1 X104 Y110.558 E.02364
G1 F6000
G1 X73.442 Y110.558 E.80268
G1 X73.442 Y109.442 E.02931
G1 X104 Y109.442 E.80268
G1 F3000
G1 X104.9 Y109.442 E.02364
G1 F1140
G1 X105.1 Y109.442 E.00525
M204 P500
;TYPE:Overhang wall
;WIDTH:0.363434
G1 F1500
G1 X114.9 Y109.442 E.20381
M204 P1500
;TYPE:Inner wall
;WIDTH:0.45
G1 F1140
G1 X115.1 Y109.442 E.00525
M106 S173
G1 F3000
G1 X116 Y109.442 E.02364
G1 F6000
G1 X127.358 Y109.442 E.29835
G1 X127.358 Y110.498 E.02774
G1 X126.942 Y110.142 F18000
G1 F6000
G1 X116 Y110.142 E.28742
G1 F3000
G1 X115.1 Y110.142 E.02364
G1 F1140
G1 X114.9 Y110.142 E.00525
M204 P500
;TYPE:Overhang wall
;WIDTH:0.363434
G1 F1500
G1 X105.1 Y110.142 E.20381
M204 P1500
;TYPE:Inner wall
;WIDTH:0.45
G1 F1140
G1 X104.9 Y110.142 E.00525
M106 S173
G1 F3000
G1 X104 Y110.142 E.02364
G1 F6000
G1 X73.858 Y110.142 E.79176
G1 X73.858 Y109.858 E.00746
G1 X104 Y109.858 E.79176
G1 F3000
G1 X104.9 Y109.858 E.02364
G1 F1140
G1 X105.1 Y109.858 E.00525
M204 P500
;TYPE:Overhang wall
;WIDTH:0.363434
G1 F1500
G1 X114.9 Y109.858 E.20381
M204 P1500
;TYPE:Inner wall
;WIDTH:0.45
G1 F1140
G1 X115.1 Y109.858 E.00525
M106 S173
G1 F3000
G1 X116 Y109.858 E.02364
G1 F6000
G1 X126.942 Y109.858 E.28742
G1 X126.942 Y110.082 E.00588
; stop printing object pogo_receiver_coupon.stl id:0 copy 0
M106 S168
;LAYER_CHANGE
;Z:19.44
;HEIGHT:0.16
G92 E0 ; zero the extruded length again
; BEFORE_LAYER_CHANGE 120 @ 19.44mm
G1 E-1.75 F6000
;WIPE_START
G1 X125.942 Y110.087 E-.75
;WIPE_END
; AFTER_LAYER_CHANGE 120 @ 19.44mm
;_SET_FAN_SPEED_CHANGING_LAYER
; printing object pogo_receiver_coupon.stl id:0 copy 0
G1 F18000
G1 X126.403 Y110.345 Z19.4686
G1 X126.49 Y110.865 Z19.4971
G1 X126.136 Y111.258 Z19.5257
G1 X125.609 Y111.226 Z19.5543
G1 X125.306 Y110.794 Z19.5829
G1 X125.454 Y110.287 Z19.6114
G1 X125.942 Y110.087 Z19.64
G1 X147.376 Y111.376 Z19.64
G1 X147.79 Y111.79
G1 Z19.44
G1 E2.5 F6000
M204 P1000
;TYPE:Outer wall
;WIDTH:0.42
G1 F3600
G1 X147.16 Y111.79 E.01535
G1 X140.04 Y111.79 E.17353
G1 F3000
G1 X139.2 Y111.79 E.02047
G1 F1320
G1 X139 Y111.79 E.00487
M204 P500
;TYPE:Overhang wall
;WIDTH:0.363434
G1 F1500
G1 X129 Y111.79 E.20797
M204 P1000
;TYPE:Outer wall
;WIDTH:0.42
G1 F1320
G1 X128.8 Y111.79 E.00487
M106 S168
G1 F3000
G1 X127.96 Y111.79 E.02047
G1 F3600
G1 X72.84 Y111.79 E1.34337
G1 X72.21 Y111.79 E.01535
G1 X72.21 Y108.21 E.08725
G1 X72.84 Y108.21 E.01535
G1 X127.96 Y108.21 E1.34337
G1 F3000
G1 X128.8 Y108.21 E.02047
G1 F1320
G1 X129 Y108.21 E.00487
M204 P500
;TYPE:Overhang wall
;WIDTH:0.363434
G1 F1500
G1 X139 Y108.21 E.20797
M204 P1000
;TYPE:Outer wall
;WIDTH:0.42
G1 F1320
G1 X139.2 Y108.21 E.00487
M106 S168
G1 F3000
G1 X140.04 Y108.21 E.02047
G1 F3600
G1 X147.16 Y108.21 E.17353
G1 X147.79 Y108.21 E.01535
G1 X147.79 Y111.73 E.08579
G1 X147.376 Y111.376 F18000
G1 X147.389 Y111.389
M204 P1500
;TYPE:Inner wall
;WIDTH:0.45
G1 F6000
G1 X147.1 Y111.389 E.00759
G1 X140.1 Y111.389 E.18387
G1 F3000
G1 X139.2 Y111.389 E.02364
G1 F1140
G1 X139 Y111.389 E.00525
M204 P500
;TYPE:Overhang wall
;WIDTH:0.363434
G1 F1500
G1 X129 Y111.389 E.20797
M204 P1500
;TYPE:Inner wall
;WIDTH:0.45
G1 F1140
G1 X128.8 Y111.389 E.00525
M106 S168
G1 F3000
G1 X127.9 Y111.389 E.02364
G1 F6000
G1 X72.9 Y111.389 E1.44472
G1 X72.611 Y111.389 E.00759
G1 X72.611 Y108.611 E.07297
G1 X72.9 Y108.611 E.00759
G1 X127.9 Y108.611 E1.44472
G1 F3000
G1 X128.8 Y108.611 E.02364
G1 F1140
G1 X129 Y108.611 E.00525
M204 P500
;TYPE:Overhang wall
;WIDTH:0.363434
G1 F1500
G1 X139 Y108.611 E.20797
M204 P1500
;TYPE:Inner wall
;WIDTH:0.45
G1 F1140
G1 X139.2 Y108.611 E.00525
M106 S168
G1 F3000
G1 X140.1 Y108.611 E.02364
G1 F6000
G1 X147.1 Y108.611 E.18387
G1 X147.389 Y108.611 E.00759
G1 X147.389 Y111.329 E.0714
G1 X146.974 Y110.974 F18000
G1 F6000
G1 X140.1 Y110.974 E.18056
G1 F3000
G1 X139.2 Y110.974 E.02364
G1 F1140
G1 X139 Y110.974 E.00525
M204 P500
;TYPE:Overhang wall
;WIDTH:0.363434
G1 F1500
G1 X129 Y110.974 E.20797
M204 P1500
;TYPE:Inner wall
;WIDTH:0.45
G1 F1140
G1 X128.8 Y110.974 E.00525
M106 S168
G1 F3000
G1 X127.9 Y110.974 E.02364
G1 F6000
G1 X73.026 Y110.974 E1.44141
G1 X73.026 Y109.026 E.05117
G1 X127.9 Y109.026 E1.44141
G1 F3000
G1 X128.8 Y109.026 E.02364
G1 F1140
G1 X129 Y109.026 E.00525
M204 P500
;TYPE:Overhang wall
;WIDTH:0.363434
G1 F1500
G1 X139 Y109.026 E.20797
M204 P1500
;TYPE:Inner wall
;WIDTH:0.45
G1 F1140
G1 X139.2 Y109.026 E.00525
M106 S168
G1 F3000
G1 X140.1 Y109.026 E.02364
G1 F6000
G1 X146.974 Y109.026 E.18056
G1 X146.974 Y110.914 E.04959
G1 X146.558 Y110.558 F18000
G1 F6000
G1 X140.1 Y110.558 E.16964
G1 F3000
G1 X139.2 Y110.558 E.02364
G1 F1140
G1 X139 Y110.558 E.00525
M204 P500
;TYPE:Overhang wall
;WIDTH:0.363434
G1 F1500
G1 X129 Y110.558 E.20797
M204 P1500
;TYPE:Inner wall
;WIDTH:0.45
G1 F1140
G1 X128.8 Y110.558 E.00525
M106 S168
G1 F3000
G1 X127.9 Y110.558 E.02364
G1 F6000
G1 X73.442 Y110.558 E1.43048
G1 X73.442 Y109.442 E.02931
G1 X127.9 Y109.442 E1.43048
G1 F3000
G1 X128.8 Y109.442 E.02364
G1 F1140
G1 X129 Y109.442 E.00525
M204 P500
;TYPE:Overhang wall
;WIDTH:0.363434
G1 F1500
G1 X139 Y109.442 E.20797
M204 P1500
;TYPE:Inner wall
;WIDTH:0.45
G1 F1140
G1 X139.2 Y109.442 E.00525
M106 S168
G1 F3000
G1 X140.1 Y109.442 E.02364
G1 F6000
G1 X146.558 Y109.442 E.16964
G1 X146.558 Y110.498 E.02774
G1 X146.142 Y110.142 F18000
G1 F6000
G1 X140.1 Y110.142 E.15871
G1 F3000
G1 X139.2 Y110.142 E.02364
G1 F1140
G1 X139 Y110.142 E.00525
M204 P500
;TYPE:Overhang wall
;WIDTH:0.363434
G1 F1500
G1 X129 Y110.142 E.20797
M204 P1500
;TYPE:Inner wall
;WIDTH:0.45
G1 F1140
G1 X128.8 Y110.142 E.00525
M106 S168
G1 F3000
G1 X127.9 Y110.142 E.02364
G1 F6000
G1 X73.858 Y110.142 E1.41955
G1 X73.858 Y109.858 E.00746
G1 X127.9 Y109.858 E1.41955
G1 F3000
G1 X128.8 Y109.858 E.02364
G1 F1140
G1 X129 Y109.858 E.00525
M204 P500
;TYPE:Overhang wall
;WIDTH:0.363434
G1 F1500
G1 X139 Y109.858 E.20797
M204 P1500
;TYPE:Inner wall
;WIDTH:0.45
G1 F1140
G1 X139.2 Y109.858 E.00525
M106 S168
G1 F3000
G1 X140.1 Y109.858 E.02364
G1 F6000
G1 X146.142 Y109.858 E.15871
G1 X146.142 Y110.082 E.00588
; stop printing object pogo_receiver_coupon.stl id:0 copy 0
M106 S176
;LAYER_CHANGE
;Z:19.6
;HEIGHT:0.16
G92 E0 ; zero the extruded length again
; BEFORE_LAYER_CHANGE 121 @ 19.6mm
G1 E-1.75 F6000
;WIPE_START
G1 X145.142 Y110.091 E-.75
;WIPE_END
; AFTER_LAYER_CHANGE 121 @ 19.6mm
;_SET_FAN_SPEED_CHANGING_LAYER
; printing object pogo_receiver_coupon.stl id:0 copy 0
G1 F18000
G1 X145.44 Y110.527 Z19.6286
G1 X145.286 Y111.031 Z19.6571
G1 X144.794 Y111.225 Z19.6857
G1 X144.337 Y110.962 Z19.7143
G1 X144.257 Y110.44 Z19.7429
G1 X144.616 Y110.052 Z19.7714
G1 X145.142 Y110.091 Z19.8
G1 X147.376 Y111.376 Z19.8
G1 X147.79 Y111.79
G1 Z19.6
G1 E2.5 F6000
M204 P1000
;TYPE:Outer wall
;WIDTH:0.42
G1 F3600
G1 X72.21 Y111.79 E1.84202
G1 X72.21 Y108.21 E.08725
G1 X147.79 Y108.21 E1.84202
G1 X147.79 Y111.73 E.08579
G1 X147.376 Y111.376 F18000
G1 X147.389 Y111.389
M204 P1500
;TYPE:Inner wall
;WIDTH:0.45
G1 F4920
G1 X72.611 Y111.389 E1.96425
G1 X72.611 Y108.611 E.07299
G1 X147.389 Y108.611 E1.96425
G1 X147.389 Y111.329 E.07141
G1 X146.974 Y110.974 F18000
G1 F4920
G1 X73.026 Y110.974 E1.94242
G1 X73.026 Y109.026 E.05115
G1 X146.974 Y109.026 E1.94242
G1 X146.974 Y110.914 E.04958
G1 X146.558 Y110.558 F18000
G1 F4920
G1 X73.442 Y110.558 E1.92058
G1 X73.442 Y109.442 E.02932
G1 X146.558 Y109.442 E1.92058
G1 X146.558 Y110.498 E.02774
G1 X146.142 Y110.142 F18000
G1 F4920
G1 X73.858 Y110.142 E1.89874
G1 X73.858 Y109.858 E.00748
G1 X146.142 Y109.858 E1.89874
G1 X146.142 Y110.082 E.0059
; stop printing object pogo_receiver_coupon.stl id:0 copy 0
;LAYER_CHANGE
;Z:19.76
;HEIGHT:0.16
G92 E0 ; zero the extruded length again
; BEFORE_LAYER_CHANGE 122 @ 19.76mm
G1 E-1.75 F6000
;WIPE_START
G1 X145.142 Y110.083 E-.75
;WIPE_END
; AFTER_LAYER_CHANGE 122 @ 19.76mm
;_SET_FAN_SPEED_CHANGING_LAYER
; printing object pogo_receiver_coupon.stl id:0 copy 0
G1 F18000
G1 X145.439 Y110.52 Z19.7886
G1 X145.283 Y111.024 Z19.8171
G1 X144.791 Y111.217 Z19.8457
G1 X144.334 Y110.952 Z19.8743
G1 X144.256 Y110.43 Z19.9029
G1 X144.616 Y110.043 Z19.9314
G1 X145.142 Y110.083 Z19.96
G1 X147.376 Y111.376 Z19.96
G1 X147.79 Y111.79
G1 Z19.76
G1 E2.5 F6000
M204 P1000
;TYPE:Outer wall
;WIDTH:0.42
G1 F3600
G1 X72.21 Y111.79 E1.84202
G1 X72.21 Y108.21 E.08725
G1 X147.79 Y108.21 E1.84202
G1 X147.79 Y111.73 E.08579
G1 X147.376 Y111.376 F18000
G1 X147.389 Y111.389
M204 P1500
;TYPE:Inner wall
;WIDTH:0.45
G1 F4920
G1 X72.611 Y111.389 E1.96425
G1 X72.611 Y108.611 E.07299
G1 X147.389 Y108.611 E1.96425
G1 X147.389 Y111.329 E.07141
G1 X146.974 Y110.974 F18000
G1 F4920
G1 X73.026 Y110.974 E1.94242
G1 X73.026 Y109.026 E.05115
G1 X146.974 Y109.026 E1.94242
G1 X146.974 Y110.914 E.04958
G1 X146.558 Y110.558 F18000
G1 F4920
G1 X73.442 Y110.558 E1.92058
G1 X73.442 Y109.442 E.02932
G1 X146.558 Y109.442 E1.92058
G1 X146.558 Y110.498 E.02774
G1 X146.142 Y110.142 F18000
G1 F4920
G1 X73.858 Y110.142 E1.89874
G1 X73.858 Y109.858 E.00748
G1 X146.142 Y109.858 E1.89874
G1 X146.142 Y110.082 E.0059
; stop printing object pogo_receiver_coupon.stl id:0 copy 0
;LAYER_CHANGE
;Z:19.92
;HEIGHT:0.16
G92 E0 ; zero the extruded length again
; BEFORE_LAYER_CHANGE 123 @ 19.92mm
G1 E-1.75 F6000
;WIPE_START
G1 X145.142 Y110.083 E-.75
;WIPE_END
; AFTER_LAYER_CHANGE 123 @ 19.92mm
;_SET_FAN_SPEED_CHANGING_LAYER
; printing object pogo_receiver_coupon.stl id:0 copy 0
G1 F18000
G1 X145.439 Y110.52 Z19.9486
G1 X145.283 Y111.024 Z19.9771
G1 X144.791 Y111.217 Z20.0057
G1 X144.334 Y110.952 Z20.0343
G1 X144.256 Y110.43 Z20.0629
G1 X144.616 Y110.043 Z20.0914
G1 X145.142 Y110.083 Z20.12
G1 X147.376 Y111.376 Z20.12
G1 X147.79 Y111.79
G1 Z19.92
G1 E2.5 F6000
M204 P1000
;TYPE:Outer wall
;WIDTH:0.42
G1 F3600
G1 X72.21 Y111.79 E1.84202
G1 X72.21 Y108.21 E.08725
G1 X147.79 Y108.21 E1.84202
G1 X147.79 Y111.73 E.08579
G1 X147.376 Y111.376 F18000
G1 X147.389 Y111.389
M204 P1500
;TYPE:Inner wall
;WIDTH:0.45
G1 F4920
G1 X72.611 Y111.389 E1.96425
G1 X72.611 Y108.611 E.07299
G1 X147.389 Y108.611 E1.96425
G1 X147.389 Y111.329 E.07141
G1 X146.974 Y110.974 F18000
G1 F4920
G1 X73.026 Y110.974 E1.94242
G1 X73.026 Y109.026 E.05115
G1 X146.974 Y109.026 E1.94242
G1 X146.974 Y110.914 E.04958
G1 X146.558 Y110.558 F18000
G1 F4920
G1 X73.442 Y110.558 E1.92058
G1 X73.442 Y109.442 E.02932
G1 X146.558 Y109.442 E1.92058
G1 X146.558 Y110.498 E.02774
G1 X146.142 Y110.142 F18000
G1 F4920
G1 X73.858 Y110.142 E1.89874
G1 X73.858 Y109.858 E.00748
G1 X146.142 Y109.858 E1.89874
G1 X146.142 Y110.082 E.0059
; stop printing object pogo_receiver_coupon.stl id:0 copy 0
;LAYER_CHANGE
;Z:20.08
;HEIGHT:0.16
G92 E0 ; zero the extruded length again
; BEFORE_LAYER_CHANGE 124 @ 20.08mm
G1 E-1.75 F6000
;WIPE_START
G1 X145.142 Y110.083 E-.75
;WIPE_END
; AFTER_LAYER_CHANGE 124 @ 20.08mm
;_SET_FAN_SPEED_CHANGING_LAYER
; printing object pogo_receiver_coupon.stl id:0 copy 0
G1 F18000
G1 X145.439 Y110.52 Z20.1086
G1 X145.283 Y111.024 Z20.1371
G1 X144.791 Y111.217 Z20.1657
G1 X144.334 Y110.952 Z20.1943
G1 X144.256 Y110.43 Z20.2229
G1 X144.616 Y110.043 Z20.2514
G1 X145.142 Y110.083 Z20.28
G1 X147.376 Y111.376 Z20.28
G1 X147.79 Y111.79
G1 Z20.08
G1 E2.5 F6000
M204 P1000
;TYPE:Outer wall
;WIDTH:0.42
G1 F3600
G1 X72.21 Y111.79 E1.84202
G1 X72.21 Y108.21 E.08725
G1 X147.79 Y108.21 E1.84202
G1 X147.79 Y111.73 E.08579
G1 X147.376 Y111.376 F18000
G1 X147.389 Y111.389
M204 P1500
;TYPE:Inner wall
;WIDTH:0.45
G1 F4920
G1 X72.611 Y111.389 E1.96425
G1 X72.611 Y108.611 E.07299
G1 X147.389 Y108.611 E1.96425
G1 X147.389 Y111.329 E.07141
G1 X146.974 Y110.974 F18000
G1 F4920
G1 X73.026 Y110.974 E1.94242
G1 X73.026 Y109.026 E.05115
G1 X146.974 Y109.026 E1.94242
G1 X146.974 Y110.914 E.04958
G1 X146.558 Y110.558 F18000
G1 F4920
G1 X73.442 Y110.558 E1.92058
G1 X73.442 Y109.442 E.02932
G1 X146.558 Y109.442 E1.92058
G1 X146.558 Y110.498 E.02774
G1 X146.142 Y110.142 F18000
G1 F4920
G1 X73.858 Y110.142 E1.89874
G1 X73.858 Y109.858 E.00748
G1 X146.142 Y109.858 E1.89874
G1 X146.142 Y110.082 E.0059
; stop printing object pogo_receiver_coupon.stl id:0 copy 0
;LAYER_CHANGE
;Z:20.24
;HEIGHT:0.16
G92 E0 ; zero the extruded length again
; BEFORE_LAYER_CHANGE 125 @ 20.24mm
G1 E-1.75 F6000
;WIPE_START
G1 X145.142 Y110.083 E-.75
;WIPE_END
; AFTER_LAYER_CHANGE 125 @ 20.24mm
;_SET_FAN_SPEED_CHANGING_LAYER
; printing object pogo_receiver_coupon.stl id:0 copy 0
G1 F18000
G1 X145.439 Y110.52 Z20.2686
G1 X145.283 Y111.024 Z20.2971
G1 X144.791 Y111.217 Z20.3257
G1 X144.334 Y110.952 Z20.3543
G1 X144.256 Y110.43 Z20.3829
G1 X144.616 Y110.043 Z20.4114
G1 X145.142 Y110.083 Z20.44
G1 X147.376 Y111.376 Z20.44
G1 X147.79 Y111.79
G1 Z20.24
G1 E2.5 F6000
M204 P1000
;TYPE:Outer wall
;WIDTH:0.42
G1 F3600
G1 X72.21 Y111.79 E1.84202
G1 X72.21 Y108.21 E.08725
G1 X147.79 Y108.21 E1.84202
G1 X147.79 Y111.73 E.08579
G1 X147.376 Y111.376 F18000
G1 X147.389 Y111.389
M204 P1500
;TYPE:Inner wall
;WIDTH:0.45
G1 F4920
G1 X72.611 Y111.389 E1.96425
G1 X72.611 Y108.611 E.07299
G1 X147.389 Y108.611 E1.96425
G1 X147.389 Y111.329 E.07141
G1 X146.974 Y110.974 F18000
G1 F4920
G1 X73.026 Y110.974 E1.94242
G1 X73.026 Y109.026 E.05115
G1 X146.974 Y109.026 E1.94242
G1 X146.974 Y110.914 E.04958
G1 X146.558 Y110.558 F18000
G1 F4920
G1 X73.442 Y110.558 E1.92058
G1 X73.442 Y109.442 E.02932
G1 X146.558 Y109.442 E1.92058
G1 X146.558 Y110.498 E.02774
G1 X146.142 Y110.142 F18000
G1 F4920
G1 X73.858 Y110.142 E1.89874
G1 X73.858 Y109.858 E.00748
G1 X146.142 Y109.858 E1.89874
G1 X146.142 Y110.082 E.0059
; stop printing object pogo_receiver_coupon.stl id:0 copy 0
;LAYER_CHANGE
;Z:20.4
;HEIGHT:0.16
G92 E0 ; zero the extruded length again
; BEFORE_LAYER_CHANGE 126 @ 20.4mm
G1 E-1.75 F6000
;WIPE_START
G1 X145.142 Y110.083 E-.75
;WIPE_END
; AFTER_LAYER_CHANGE 126 @ 20.4mm
;_SET_FAN_SPEED_CHANGING_LAYER
; printing object pogo_receiver_coupon.stl id:0 copy 0
G1 F18000
G1 X145.439 Y110.52 Z20.4286
G1 X145.283 Y111.024 Z20.4571
G1 X144.791 Y111.217 Z20.4857
G1 X144.334 Y110.952 Z20.5143
G1 X144.256 Y110.43 Z20.5429
G1 X144.616 Y110.043 Z20.5714
G1 X145.142 Y110.083 Z20.6
G1 X147.376 Y111.376 Z20.6
G1 X147.79 Y111.79
G1 Z20.4
G1 E2.5 F6000
M204 P1000
;TYPE:Outer wall
;WIDTH:0.42
G1 F3600
G1 X72.21 Y111.79 E1.84202
G1 X72.21 Y108.21 E.08725
G1 X147.79 Y108.21 E1.84202
G1 X147.79 Y111.73 E.08579
G1 X147.376 Y111.376 F18000
G1 X147.389 Y111.389
M204 P1500
;TYPE:Inner wall
;WIDTH:0.45
G1 F4920
G1 X72.611 Y111.389 E1.96425
G1 X72.611 Y108.611 E.07299
G1 X147.389 Y108.611 E1.96425
G1 X147.389 Y111.329 E.07141
G1 X146.974 Y110.974 F18000
G1 F4920
G1 X73.026 Y110.974 E1.94242
G1 X73.026 Y109.026 E.05115
G1 X146.974 Y109.026 E1.94242
G1 X146.974 Y110.914 E.04958
G1 X146.558 Y110.558 F18000
G1 F4920
G1 X73.442 Y110.558 E1.92058
G1 X73.442 Y109.442 E.02932
G1 X146.558 Y109.442 E1.92058
G1 X146.558 Y110.498 E.02774
G1 X146.142 Y110.142 F18000
G1 F4920
G1 X73.858 Y110.142 E1.89874
G1 X73.858 Y109.858 E.00748
G1 X146.142 Y109.858 E1.89874
G1 X146.142 Y110.082 E.0059
; stop printing object pogo_receiver_coupon.stl id:0 copy 0
;LAYER_CHANGE
;Z:20.56
;HEIGHT:0.16
G92 E0 ; zero the extruded length again
; BEFORE_LAYER_CHANGE 127 @ 20.56mm
G1 E-1.75 F6000
;WIPE_START
G1 X145.142 Y110.083 E-.75
;WIPE_END
; AFTER_LAYER_CHANGE 127 @ 20.56mm
;_SET_FAN_SPEED_CHANGING_LAYER
; printing object pogo_receiver_coupon.stl id:0 copy 0
G1 F18000
G1 X145.439 Y110.52 Z20.5886
G1 X145.283 Y111.024 Z20.6171
G1 X144.791 Y111.217 Z20.6457
G1 X144.334 Y110.952 Z20.6743
G1 X144.256 Y110.43 Z20.7029
G1 X144.616 Y110.043 Z20.7314
G1 X145.142 Y110.083 Z20.76
G1 X147.376 Y111.376 Z20.76
G1 X147.79 Y111.79
G1 Z20.56
G1 E2.5 F6000
M204 P1000
;TYPE:Outer wall
;WIDTH:0.42
G1 F3600
G1 X72.21 Y111.79 E1.84202
G1 X72.21 Y108.21 E.08725
G1 X147.79 Y108.21 E1.84202
G1 X147.79 Y111.73 E.08579
G1 X147.376 Y111.376 F18000
G1 X147.389 Y111.389
M204 P1500
;TYPE:Inner wall
;WIDTH:0.45
G1 F4920
G1 X72.611 Y111.389 E1.96425
G1 X72.611 Y108.611 E.07299
G1 X147.389 Y108.611 E1.96425
G1 X147.389 Y111.329 E.07141
G1 X146.974 Y110.974 F18000
G1 F4920
G1 X73.026 Y110.974 E1.94242
G1 X73.026 Y109.026 E.05115
G1 X146.974 Y109.026 E1.94242
G1 X146.974 Y110.914 E.04958
G1 X146.558 Y110.558 F18000
G1 F4920
G1 X73.442 Y110.558 E1.92058
G1 X73.442 Y109.442 E.02932
G1 X146.558 Y109.442 E1.92058
G1 X146.558 Y110.498 E.02774
G1 X146.142 Y110.142 F18000
G1 F4920
G1 X73.858 Y110.142 E1.89874
G1 X73.858 Y109.858 E.00748
G1 X146.142 Y109.858 E1.89874
G1 X146.142 Y110.082 E.0059
; stop printing object pogo_receiver_coupon.stl id:0 copy 0
;LAYER_CHANGE
;Z:20.72
;HEIGHT:0.16
G92 E0 ; zero the extruded length again
; BEFORE_LAYER_CHANGE 128 @ 20.72mm
G1 E-1.75 F6000
;WIPE_START
G1 X145.142 Y110.083 E-.75
;WIPE_END
; AFTER_LAYER_CHANGE 128 @ 20.72mm
;_SET_FAN_SPEED_CHANGING_LAYER
; printing object pogo_receiver_coupon.stl id:0 copy 0
G1 F18000
G1 X145.439 Y110.52 Z20.7486
G1 X145.283 Y111.024 Z20.7771
G1 X144.791 Y111.217 Z20.8057
G1 X144.334 Y110.952 Z20.8343
G1 X144.256 Y110.43 Z20.8629
G1 X144.616 Y110.043 Z20.8914
G1 X145.142 Y110.083 Z20.92
G1 X147.376 Y111.376 Z20.92
G1 X147.79 Y111.79
G1 Z20.72
G1 E2.5 F6000
M204 P1000
;TYPE:Outer wall
;WIDTH:0.42
G1 F3600
G1 X72.21 Y111.79 E1.84202
G1 X72.21 Y108.21 E.08725
G1 X147.79 Y108.21 E1.84202
G1 X147.79 Y111.73 E.08579
G1 X147.376 Y111.376 F18000
G1 X147.389 Y111.389
M204 P1500
;TYPE:Inner wall
;WIDTH:0.45
G1 F4920
G1 X72.611 Y111.389 E1.96425
G1 X72.611 Y108.611 E.07299
G1 X147.389 Y108.611 E1.96425
G1 X147.389 Y111.329 E.07141
G1 X146.974 Y110.974 F18000
G1 F4920
G1 X73.026 Y110.974 E1.94242
G1 X73.026 Y109.026 E.05115
G1 X146.974 Y109.026 E1.94242
G1 X146.974 Y110.914 E.04958
G1 X146.558 Y110.558 F18000
G1 F4920
G1 X73.442 Y110.558 E1.92058
G1 X73.442 Y109.442 E.02932
G1 X146.558 Y109.442 E1.92058
G1 X146.558 Y110.498 E.02774
G1 X146.142 Y110.142 F18000
G1 F4920
G1 X73.858 Y110.142 E1.89874
G1 X73.858 Y109.858 E.00748
G1 X146.142 Y109.858 E1.89874
G1 X146.142 Y110.082 E.0059
; stop printing object pogo_receiver_coupon.stl id:0 copy 0
;LAYER_CHANGE
;Z:20.88
;HEIGHT:0.16
G92 E0 ; zero the extruded length again
; BEFORE_LAYER_CHANGE 129 @ 20.88mm
G1 E-1.75 F6000
;WIPE_START
G1 X145.142 Y110.083 E-.75
;WIPE_END
; AFTER_LAYER_CHANGE 129 @ 20.88mm
;_SET_FAN_SPEED_CHANGING_LAYER
; printing object pogo_receiver_coupon.stl id:0 copy 0
G1 F18000
G1 X145.439 Y110.52 Z20.9086
G1 X145.283 Y111.024 Z20.9371
G1 X144.791 Y111.217 Z20.9657
G1 X144.334 Y110.952 Z20.9943
G1 X144.256 Y110.43 Z21.0229
G1 X144.616 Y110.043 Z21.0514
G1 X145.142 Y110.083 Z21.08
G1 X147.376 Y111.376 Z21.08
G1 X147.79 Y111.79
G1 Z20.88
G1 E2.5 F6000
M204 P1000
;TYPE:Outer wall
;WIDTH:0.42
G1 F3600
G1 X72.21 Y111.79 E1.84202
G1 X72.21 Y108.21 E.08725
G1 X147.79 Y108.21 E1.84202
G1 X147.79 Y111.73 E.08579
G1 X147.376 Y111.376 F18000
G1 X147.389 Y111.389
M204 P1500
;TYPE:Inner wall
;WIDTH:0.45
G1 F4920
G1 X72.611 Y111.389 E1.96425
G1 X72.611 Y108.611 E.07299
G1 X147.389 Y108.611 E1.96425
G1 X147.389 Y111.329 E.07141
G1 X146.974 Y110.974 F18000
G1 F4920
G1 X73.026 Y110.974 E1.94242
G1 X73.026 Y109.026 E.05115
G1 X146.974 Y109.026 E1.94242
G1 X146.974 Y110.914 E.04958
G1 X146.558 Y110.558 F18000
G1 F4920
G1 X73.442 Y110.558 E1.92058
G1 X73.442 Y109.442 E.02932
G1 X146.558 Y109.442 E1.92058
G1 X146.558 Y110.498 E.02774
G1 X146.142 Y110.142 F18000
G1 F4920
G1 X73.858 Y110.142 E1.89874
G1 X73.858 Y109.858 E.00748
G1 X146.142 Y109.858 E1.89874
G1 X146.142 Y110.082 E.0059
; stop printing object pogo_receiver_coupon.stl id:0 copy 0
;LAYER_CHANGE
;Z:21.04
;HEIGHT:0.160002
G92 E0 ; zero the extruded length again
; BEFORE_LAYER_CHANGE 130 @ 21.04mm
G1 E-1.75 F6000
;WIPE_START
G1 X145.142 Y110.083 E-.75
;WIPE_END
; AFTER_LAYER_CHANGE 130 @ 21.04mm
;_SET_FAN_SPEED_CHANGING_LAYER
; printing object pogo_receiver_coupon.stl id:0 copy 0
G1 F18000
G1 X145.439 Y110.52 Z21.0686
G1 X145.283 Y111.024 Z21.0971
G1 X144.791 Y111.217 Z21.1257
G1 X144.334 Y110.952 Z21.1543
G1 X144.256 Y110.43 Z21.1829
G1 X144.616 Y110.043 Z21.2114
G1 X145.142 Y110.083 Z21.24
G1 X147.376 Y111.376 Z21.24
G1 X147.79 Y111.79
G1 Z21.04
G1 E2.5 F6000
M204 P1000
;TYPE:Outer wall
;WIDTH:0.42
G1 F3600
G1 X72.21 Y111.79 E1.84202
G1 X72.21 Y108.21 E.08725
G1 X147.79 Y108.21 E1.84202
G1 X147.79 Y111.73 E.08579
G1 X147.376 Y111.376 F18000
G1 X147.389 Y111.389
M204 P1500
;TYPE:Inner wall
;WIDTH:0.45
G1 F4920
G1 X72.611 Y111.389 E1.96425
G1 X72.611 Y108.611 E.07299
G1 X147.389 Y108.611 E1.96425
G1 X147.389 Y111.329 E.07141
G1 X146.974 Y110.974 F18000
G1 F4920
G1 X73.026 Y110.974 E1.94242
G1 X73.026 Y109.026 E.05115
G1 X146.974 Y109.026 E1.94242
G1 X146.974 Y110.914 E.04958
G1 X146.558 Y110.558 F18000
G1 F4920
G1 X73.442 Y110.558 E1.92058
G1 X73.442 Y109.442 E.02932
G1 X146.558 Y109.442 E1.92058
G1 X146.558 Y110.498 E.02774
G1 X146.142 Y110.142 F18000
G1 F4920
G1 X73.858 Y110.142 E1.89874
G1 X73.858 Y109.858 E.00748
G1 X146.142 Y109.858 E1.89874
G1 X146.142 Y110.082 E.0059
; stop printing object pogo_receiver_coupon.stl id:0 copy 0
;LAYER_CHANGE
;Z:21.2
;HEIGHT:0.16
G92 E0 ; zero the extruded length again
; BEFORE_LAYER_CHANGE 131 @ 21.2mm
G1 E-1.75 F6000
;WIPE_START
G1 X145.142 Y110.083 E-.75
;WIPE_END
; AFTER_LAYER_CHANGE 131 @ 21.2mm
;_SET_FAN_SPEED_CHANGING_LAYER
; printing object pogo_receiver_coupon.stl id:0 copy 0
G1 F18000
G1 X145.439 Y110.52 Z21.2286
G1 X145.283 Y111.024 Z21.2571
G1 X144.791 Y111.217 Z21.2857
G1 X144.334 Y110.952 Z21.3143
G1 X144.256 Y110.43 Z21.3429
G1 X144.616 Y110.043 Z21.3714
G1 X145.142 Y110.083 Z21.4
G1 X147.376 Y111.376 Z21.4
G1 X147.79 Y111.79
G1 Z21.2
G1 E2.5 F6000
M204 P1000
;TYPE:Outer wall
;WIDTH:0.42
G1 F3600
G1 X72.21 Y111.79 E1.84202
G1 X72.21 Y108.21 E.08725
G1 X147.79 Y108.21 E1.84202
G1 X147.79 Y111.73 E.08579
G1 X147.376 Y111.376 F18000
G1 X147.389 Y111.389
M204 P1500
;TYPE:Inner wall
;WIDTH:0.45
G1 F4920
G1 X72.611 Y111.389 E1.96425
G1 X72.611 Y108.611 E.07299
G1 X147.389 Y108.611 E1.96425
G1 X147.389 Y111.329 E.07141
G1 X146.974 Y110.974 F18000
G1 F4920
G1 X73.026 Y110.974 E1.94242
G1 X73.026 Y109.026 E.05115
G1 X146.974 Y109.026 E1.94242
G1 X146.974 Y110.914 E.04958
G1 X146.558 Y110.558 F18000
G1 F4920
G1 X73.442 Y110.558 E1.92058
G1 X73.442 Y109.442 E.02932
G1 X146.558 Y109.442 E1.92058
G1 X146.558 Y110.498 E.02774
G1 X146.142 Y110.142 F18000
G1 F4920
G1 X73.858 Y110.142 E1.89874
G1 X73.858 Y109.858 E.00748
G1 X146.142 Y109.858 E1.89874
G1 X146.142 Y110.082 E.0059
; stop printing object pogo_receiver_coupon.stl id:0 copy 0
;LAYER_CHANGE
;Z:21.36
;HEIGHT:0.16
G92 E0 ; zero the extruded length again
; BEFORE_LAYER_CHANGE 132 @ 21.36mm
G1 E-1.75 F6000
;WIPE_START
G1 X145.142 Y110.083 E-.75
;WIPE_END
; AFTER_LAYER_CHANGE 132 @ 21.36mm
;_SET_FAN_SPEED_CHANGING_LAYER
; printing object pogo_receiver_coupon.stl id:0 copy 0
G1 F18000
G1 X145.439 Y110.52 Z21.3886
G1 X145.283 Y111.024 Z21.4171
G1 X144.791 Y111.217 Z21.4457
G1 X144.334 Y110.952 Z21.4743
G1 X144.256 Y110.43 Z21.5029
G1 X144.616 Y110.043 Z21.5314
G1 X145.142 Y110.083 Z21.56
G1 X147.376 Y111.376 Z21.56
G1 X147.79 Y111.79
G1 Z21.36
G1 E2.5 F6000
M204 P1000
;TYPE:Outer wall
;WIDTH:0.42
G1 F3600
G1 X72.21 Y111.79 E1.84202
G1 X72.21 Y108.21 E.08725
G1 X147.79 Y108.21 E1.84202
G1 X147.79 Y111.73 E.08579
G1 X147.376 Y111.376 F18000
G1 X147.389 Y111.389
M204 P1500
;TYPE:Inner wall
;WIDTH:0.45
G1 F4920
G1 X72.611 Y111.389 E1.96425
G1 X72.611 Y108.611 E.07299
G1 X147.389 Y108.611 E1.96425
G1 X147.389 Y111.329 E.07141
G1 X146.974 Y110.974 F18000
G1 F4920
G1 X73.026 Y110.974 E1.94242
G1 X73.026 Y109.026 E.05115
G1 X146.974 Y109.026 E1.94242
G1 X146.974 Y110.914 E.04958
G1 X146.558 Y110.558 F18000
G1 F4920
G1 X73.442 Y110.558 E1.92058
G1 X73.442 Y109.442 E.02932
G1 X146.558 Y109.442 E1.92058
G1 X146.558 Y110.498 E.02774
G1 X146.142 Y110.142 F18000
G1 F4920
G1 X73.858 Y110.142 E1.89874
G1 X73.858 Y109.858 E.00748
G1 X146.142 Y109.858 E1.89874
G1 X146.142 Y110.082 E.0059
; stop printing object pogo_receiver_coupon.stl id:0 copy 0
;LAYER_CHANGE
;Z:21.52
;HEIGHT:0.16
G92 E0 ; zero the extruded length again
; BEFORE_LAYER_CHANGE 133 @ 21.52mm
G1 E-1.75 F6000
;WIPE_START
G1 X145.142 Y110.083 E-.75
;WIPE_END
; AFTER_LAYER_CHANGE 133 @ 21.52mm
;_SET_FAN_SPEED_CHANGING_LAYER
; printing object pogo_receiver_coupon.stl id:0 copy 0
G1 F18000
G1 X145.439 Y110.52 Z21.5486
G1 X145.283 Y111.024 Z21.5771
G1 X144.791 Y111.217 Z21.6057
G1 X144.334 Y110.952 Z21.6343
G1 X144.256 Y110.43 Z21.6629
G1 X144.616 Y110.043 Z21.6914
G1 X145.142 Y110.083 Z21.72
G1 X147.376 Y111.376 Z21.72
G1 X147.79 Y111.79
G1 Z21.52
G1 E2.5 F6000
M204 P1000
;TYPE:Outer wall
;WIDTH:0.42
G1 F3600
G1 X72.21 Y111.79 E1.84202
G1 X72.21 Y108.21 E.08725
G1 X147.79 Y108.21 E1.84202
G1 X147.79 Y111.73 E.08579
G1 X147.376 Y111.376 F18000
G1 X147.389 Y111.389
M204 P1500
;TYPE:Inner wall
;WIDTH:0.45
G1 F4920
G1 X72.611 Y111.389 E1.96425
G1 X72.611 Y108.611 E.07299
G1 X147.389 Y108.611 E1.96425
G1 X147.389 Y111.329 E.07141
G1 X146.974 Y110.974 F18000
G1 F4920
G1 X73.026 Y110.974 E1.94242
G1 X73.026 Y109.026 E.05115
G1 X146.974 Y109.026 E1.94242
G1 X146.974 Y110.914 E.04958
G1 X146.558 Y110.558 F18000
G1 F4920
G1 X73.442 Y110.558 E1.92058
G1 X73.442 Y109.442 E.02932
G1 X146.558 Y109.442 E1.92058
G1 X146.558 Y110.498 E.02774
G1 X146.142 Y110.142 F18000
G1 F4920
G1 X73.858 Y110.142 E1.89874
G1 X73.858 Y109.858 E.00748
G1 X146.142 Y109.858 E1.89874
G1 X146.142 Y110.082 E.0059
; stop printing object pogo_receiver_coupon.stl id:0 copy 0
;LAYER_CHANGE
;Z:21.68
;HEIGHT:0.16
G92 E0 ; zero the extruded length again
; BEFORE_LAYER_CHANGE 134 @ 21.68mm
G1 E-1.75 F6000
;WIPE_START
G1 X145.142 Y110.083 E-.75
;WIPE_END
; AFTER_LAYER_CHANGE 134 @ 21.68mm
;_SET_FAN_SPEED_CHANGING_LAYER
; printing object pogo_receiver_coupon.stl id:0 copy 0
G1 F18000
G1 X145.439 Y110.52 Z21.7086
G1 X145.283 Y111.024 Z21.7371
G1 X144.791 Y111.217 Z21.7657
G1 X144.334 Y110.952 Z21.7943
G1 X144.256 Y110.43 Z21.8229
G1 X144.616 Y110.043 Z21.8514
G1 X145.142 Y110.083 Z21.88
G1 X147.376 Y111.376 Z21.88
G1 X147.79 Y111.79
G1 Z21.68
G1 E2.5 F6000
M204 P1000
;TYPE:Outer wall
;WIDTH:0.42
G1 F3600
G1 X72.21 Y111.79 E1.84202
G1 X72.21 Y108.21 E.08725
G1 X147.79 Y108.21 E1.84202
G1 X147.79 Y111.73 E.08579
G1 X147.376 Y111.376 F18000
G1 X147.389 Y111.389
M204 P1500
;TYPE:Inner wall
;WIDTH:0.45
G1 F4920
G1 X72.611 Y111.389 E1.96425
G1 X72.611 Y108.611 E.07299
G1 X147.389 Y108.611 E1.96425
G1 X147.389 Y111.329 E.07141
G1 X146.974 Y110.974 F18000
G1 F4920
G1 X73.026 Y110.974 E1.94242
G1 X73.026 Y109.026 E.05115
G1 X146.974 Y109.026 E1.94242
G1 X146.974 Y110.914 E.04958
G1 X146.558 Y110.558 F18000
G1 F4920
G1 X73.442 Y110.558 E1.92058
G1 X73.442 Y109.442 E.02932
G1 X146.558 Y109.442 E1.92058
G1 X146.558 Y110.498 E.02774
G1 X146.142 Y110.142 F18000
G1 F4920
G1 X73.858 Y110.142 E1.89874
G1 X73.858 Y109.858 E.00748
G1 X146.142 Y109.858 E1.89874
G1 X146.142 Y110.082 E.0059
; stop printing object pogo_receiver_coupon.stl id:0 copy 0
;LAYER_CHANGE
;Z:21.84
;HEIGHT:0.16
G92 E0 ; zero the extruded length again
; BEFORE_LAYER_CHANGE 135 @ 21.84mm
G1 E-1.75 F6000
;WIPE_START
G1 X145.142 Y110.083 E-.75
;WIPE_END
; AFTER_LAYER_CHANGE 135 @ 21.84mm
;_SET_FAN_SPEED_CHANGING_LAYER
; printing object pogo_receiver_coupon.stl id:0 copy 0
G1 F18000
G1 X145.439 Y110.52 Z21.8686
G1 X145.283 Y111.024 Z21.8971
G1 X144.791 Y111.217 Z21.9257
G1 X144.334 Y110.952 Z21.9543
G1 X144.256 Y110.43 Z21.9829
G1 X144.616 Y110.043 Z22.0114
G1 X145.142 Y110.083 Z22.04
G1 X147.376 Y111.376 Z22.04
G1 X147.79 Y111.79
G1 Z21.84
G1 E2.5 F6000
M204 P1000
;TYPE:Outer wall
;WIDTH:0.42
G1 F3600
G1 X72.21 Y111.79 E1.84202
G1 X72.21 Y108.21 E.08725
G1 X147.79 Y108.21 E1.84202
G1 X147.79 Y111.73 E.08579
G1 X147.376 Y111.376 F18000
G1 X147.389 Y111.389
M204 P1500
;TYPE:Inner wall
;WIDTH:0.45
G1 F4920
G1 X72.611 Y111.389 E1.96425
G1 X72.611 Y108.611 E.07299
G1 X147.389 Y108.611 E1.96425
G1 X147.389 Y111.329 E.07141
G1 X146.974 Y110.974 F18000
G1 F4920
G1 X73.026 Y110.974 E1.94242
G1 X73.026 Y109.026 E.05115
G1 X146.974 Y109.026 E1.94242
G1 X146.974 Y110.914 E.04958
G1 X146.558 Y110.558 F18000
G1 F4920
G1 X73.442 Y110.558 E1.92058
G1 X73.442 Y109.442 E.02932
G1 X146.558 Y109.442 E1.92058
G1 X146.558 Y110.498 E.02774
G1 X146.142 Y110.142 F18000
G1 F4920
G1 X73.858 Y110.142 E1.89874
G1 X73.858 Y109.858 E.00748
G1 X146.142 Y109.858 E1.89874
G1 X146.142 Y110.082 E.0059
; stop printing object pogo_receiver_coupon.stl id:0 copy 0
;LAYER_CHANGE
;Z:22
;HEIGHT:0.16
G92 E0 ; zero the extruded length again
; BEFORE_LAYER_CHANGE 136 @ 22mm
G1 E-1.75 F6000
;WIPE_START
G1 X145.142 Y110.083 E-.75
;WIPE_END
; AFTER_LAYER_CHANGE 136 @ 22mm
;_SET_FAN_SPEED_CHANGING_LAYER
; printing object pogo_receiver_coupon.stl id:0 copy 0
G1 F18000
G1 X145.439 Y110.52 Z22.0286
G1 X145.283 Y111.024 Z22.0571
G1 X144.791 Y111.217 Z22.0857
G1 X144.334 Y110.952 Z22.1143
G1 X144.256 Y110.43 Z22.1429
G1 X144.616 Y110.043 Z22.1714
G1 X145.142 Y110.083 Z22.2
G1 X147.376 Y111.376 Z22.2
G1 X147.79 Y111.79
G1 Z22
G1 E2.5 F6000
M204 P1000
;TYPE:Outer wall
;WIDTH:0.42
G1 F3600
G1 X72.21 Y111.79 E1.84202
G1 X72.21 Y108.21 E.08725
G1 X147.79 Y108.21 E1.84202
G1 X147.79 Y111.73 E.08579
G1 X147.376 Y111.376 F18000
G1 X147.389 Y111.389
M204 P1500
;TYPE:Inner wall
;WIDTH:0.45
G1 F4920
G1 X72.611 Y111.389 E1.96425
G1 X72.611 Y108.611 E.07299
G1 X147.389 Y108.611 E1.96425
G1 X147.389 Y111.329 E.07141
G1 X146.974 Y110.974 F18000
G1 F4920
G1 X73.026 Y110.974 E1.94242
G1 X73.026 Y109.026 E.05115
G1 X146.974 Y109.026 E1.94242
G1 X146.974 Y110.914 E.04958
G1 X146.558 Y110.558 F18000
G1 F4920
G1 X73.442 Y110.558 E1.92058
G1 X73.442 Y109.442 E.02932
G1 X146.558 Y109.442 E1.92058
G1 X146.558 Y110.498 E.02774
G1 X146.142 Y110.142 F18000
G1 F4920
G1 X73.858 Y110.142 E1.89874
G1 X73.858 Y109.858 E.00748
G1 X146.142 Y109.858 E1.89874
G1 X146.142 Y110.082 E.0059
; stop printing object pogo_receiver_coupon.stl id:0 copy 0
;LAYER_CHANGE
;Z:22.16
;HEIGHT:0.16
G92 E0 ; zero the extruded length again
; BEFORE_LAYER_CHANGE 137 @ 22.16mm
G1 E-1.75 F6000
;WIPE_START
G1 X145.142 Y110.083 E-.75
;WIPE_END
; AFTER_LAYER_CHANGE 137 @ 22.16mm
;_SET_FAN_SPEED_CHANGING_LAYER
; printing object pogo_receiver_coupon.stl id:0 copy 0
G1 F18000
G1 X145.439 Y110.52 Z22.1886
G1 X145.283 Y111.024 Z22.2171
G1 X144.791 Y111.217 Z22.2457
G1 X144.334 Y110.952 Z22.2743
G1 X144.256 Y110.43 Z22.3029
G1 X144.616 Y110.043 Z22.3314
G1 X145.142 Y110.083 Z22.36
G1 X147.376 Y111.376 Z22.36
G1 X147.79 Y111.79
G1 Z22.16
G1 E2.5 F6000
M204 P1000
;TYPE:Outer wall
;WIDTH:0.42
G1 F3600
G1 X72.21 Y111.79 E1.84202
G1 X72.21 Y108.21 E.08725
G1 X147.79 Y108.21 E1.84202
G1 X147.79 Y111.73 E.08579
G1 X147.376 Y111.376 F18000
G1 X147.389 Y111.389
M204 P1500
;TYPE:Inner wall
;WIDTH:0.45
G1 F4920
G1 X72.611 Y111.389 E1.96425
G1 X72.611 Y108.611 E.07299
G1 X147.389 Y108.611 E1.96425
G1 X147.389 Y111.329 E.07141
G1 X146.974 Y110.974 F18000
G1 F4920
G1 X73.026 Y110.974 E1.94242
G1 X73.026 Y109.026 E.05115
G1 X146.974 Y109.026 E1.94242
G1 X146.974 Y110.914 E.04958
G1 X146.558 Y110.558 F18000
G1 F4920
G1 X73.442 Y110.558 E1.92058
G1 X73.442 Y109.442 E.02932
G1 X146.558 Y109.442 E1.92058
G1 X146.558 Y110.498 E.02774
G1 X146.142 Y110.142 F18000
G1 F4920
G1 X73.858 Y110.142 E1.89874
G1 X73.858 Y109.858 E.00748
G1 X146.142 Y109.858 E1.89874
G1 X146.142 Y110.082 E.0059
; stop printing object pogo_receiver_coupon.stl id:0 copy 0
;LAYER_CHANGE
;Z:22.32
;HEIGHT:0.16
G92 E0 ; zero the extruded length again
; BEFORE_LAYER_CHANGE 138 @ 22.32mm
G1 E-1.75 F6000
;WIPE_START
G1 X145.142 Y110.083 E-.75
;WIPE_END
; AFTER_LAYER_CHANGE 138 @ 22.32mm
;_SET_FAN_SPEED_CHANGING_LAYER
; printing object pogo_receiver_coupon.stl id:0 copy 0
G1 F18000
G1 X145.439 Y110.52 Z22.3486
G1 X145.283 Y111.024 Z22.3771
G1 X144.791 Y111.217 Z22.4057
G1 X144.334 Y110.952 Z22.4343
G1 X144.256 Y110.43 Z22.4629
G1 X144.616 Y110.043 Z22.4914
G1 X145.142 Y110.083 Z22.52
G1 X147.376 Y111.376 Z22.52
G1 X147.79 Y111.79
G1 Z22.32
G1 E2.5 F6000
M204 P1000
;TYPE:Outer wall
;WIDTH:0.42
G1 F3600
G1 X72.21 Y111.79 E1.84202
G1 X72.21 Y108.21 E.08725
G1 X147.79 Y108.21 E1.84202
G1 X147.79 Y111.73 E.08579
G1 X147.376 Y111.376 F18000
G1 X147.389 Y111.389
M204 P1500
;TYPE:Inner wall
;WIDTH:0.45
G1 F4920
G1 X72.611 Y111.389 E1.96425
G1 X72.611 Y108.611 E.07299
G1 X147.389 Y108.611 E1.96425
G1 X147.389 Y111.329 E.07141
G1 X146.974 Y110.974 F18000
G1 F4920
G1 X73.026 Y110.974 E1.94242
G1 X73.026 Y109.026 E.05115
G1 X146.974 Y109.026 E1.94242
G1 X146.974 Y110.914 E.04958
G1 X146.558 Y110.558 F18000
G1 F4920
G1 X73.442 Y110.558 E1.92058
G1 X73.442 Y109.442 E.02932
G1 X146.558 Y109.442 E1.92058
G1 X146.558 Y110.498 E.02774
G1 X146.142 Y110.142 F18000
G1 F4920
G1 X73.858 Y110.142 E1.89874
G1 X73.858 Y109.858 E.00748
G1 X146.142 Y109.858 E1.89874
G1 X146.142 Y110.082 E.0059
; stop printing object pogo_receiver_coupon.stl id:0 copy 0
;LAYER_CHANGE
;Z:22.48
;HEIGHT:0.16
G92 E0 ; zero the extruded length again
; BEFORE_LAYER_CHANGE 139 @ 22.48mm
G1 E-1.75 F6000
;WIPE_START
G1 X145.142 Y110.083 E-.75
;WIPE_END
; AFTER_LAYER_CHANGE 139 @ 22.48mm
;_SET_FAN_SPEED_CHANGING_LAYER
; printing object pogo_receiver_coupon.stl id:0 copy 0
G1 F18000
G1 X145.439 Y110.52 Z22.5086
G1 X145.283 Y111.024 Z22.5371
G1 X144.791 Y111.217 Z22.5657
G1 X144.334 Y110.952 Z22.5943
G1 X144.256 Y110.43 Z22.6229
G1 X144.616 Y110.043 Z22.6514
G1 X145.142 Y110.083 Z22.68
G1 X147.376 Y111.376 Z22.68
G1 X147.79 Y111.79
G1 Z22.48
G1 E2.5 F6000
M204 P1000
;TYPE:Outer wall
;WIDTH:0.42
G1 F3600
G1 X72.21 Y111.79 E1.84202
G1 X72.21 Y108.21 E.08725
G1 X147.79 Y108.21 E1.84202
G1 X147.79 Y111.73 E.08579
G1 X147.376 Y111.376 F18000
G1 X147.389 Y111.389
M204 P1500
;TYPE:Inner wall
;WIDTH:0.45
G1 F4920
G1 X72.611 Y111.389 E1.96425
G1 X72.611 Y108.611 E.07299
G1 X147.389 Y108.611 E1.96425
G1 X147.389 Y111.329 E.07141
G1 X146.974 Y110.974 F18000
G1 F4920
G1 X73.026 Y110.974 E1.94242
G1 X73.026 Y109.026 E.05115
G1 X146.974 Y109.026 E1.94242
G1 X146.974 Y110.914 E.04958
G1 X146.558 Y110.558 F18000
G1 F4920
G1 X73.442 Y110.558 E1.92058
G1 X73.442 Y109.442 E.02932
G1 X146.558 Y109.442 E1.92058
G1 X146.558 Y110.498 E.02774
G1 X146.142 Y110.142 F18000
G1 F4920
G1 X73.858 Y110.142 E1.89874
G1 X73.858 Y109.858 E.00748
G1 X146.142 Y109.858 E1.89874
G1 X146.142 Y110.082 E.0059
; stop printing object pogo_receiver_coupon.stl id:0 copy 0
;LAYER_CHANGE
;Z:22.64
;HEIGHT:0.16
G92 E0 ; zero the extruded length again
; BEFORE_LAYER_CHANGE 140 @ 22.64mm
G1 E-1.75 F6000
;WIPE_START
G1 X145.142 Y110.083 E-.75
;WIPE_END
; AFTER_LAYER_CHANGE 140 @ 22.64mm
;_SET_FAN_SPEED_CHANGING_LAYER
; printing object pogo_receiver_coupon.stl id:0 copy 0
G1 F18000
G1 X145.439 Y110.52 Z22.6686
G1 X145.283 Y111.024 Z22.6971
G1 X144.791 Y111.217 Z22.7257
G1 X144.334 Y110.952 Z22.7543
G1 X144.256 Y110.43 Z22.7829
G1 X144.616 Y110.043 Z22.8114
G1 X145.142 Y110.083 Z22.84
G1 X147.376 Y111.376 Z22.84
G1 X147.79 Y111.79
G1 Z22.64
G1 E2.5 F6000
M204 P1000
;TYPE:Outer wall
;WIDTH:0.42
G1 F3600
G1 X72.21 Y111.79 E1.84202
G1 X72.21 Y108.21 E.08725
G1 X147.79 Y108.21 E1.84202
G1 X147.79 Y111.73 E.08579
G1 X147.376 Y111.376 F18000
G1 X147.389 Y111.389
M204 P1500
;TYPE:Inner wall
;WIDTH:0.45
G1 F4920
G1 X72.611 Y111.389 E1.96425
G1 X72.611 Y108.611 E.07299
G1 X147.389 Y108.611 E1.96425
G1 X147.389 Y111.329 E.07141
G1 X146.974 Y110.974 F18000
G1 F4920
G1 X73.026 Y110.974 E1.94242
G1 X73.026 Y109.026 E.05115
G1 X146.974 Y109.026 E1.94242
G1 X146.974 Y110.914 E.04958
G1 X146.558 Y110.558 F18000
G1 F4920
G1 X73.442 Y110.558 E1.92058
G1 X73.442 Y109.442 E.02932
G1 X146.558 Y109.442 E1.92058
G1 X146.558 Y110.498 E.02774
G1 X146.142 Y110.142 F18000
G1 F4920
G1 X73.858 Y110.142 E1.89874
G1 X73.858 Y109.858 E.00748
G1 X146.142 Y109.858 E1.89874
G1 X146.142 Y110.082 E.0059
; stop printing object pogo_receiver_coupon.stl id:0 copy 0
;LAYER_CHANGE
;Z:22.8
;HEIGHT:0.16
G92 E0 ; zero the extruded length again
; BEFORE_LAYER_CHANGE 141 @ 22.8mm
G1 E-1.75 F6000
;WIPE_START
G1 X145.142 Y110.083 E-.75
;WIPE_END
; AFTER_LAYER_CHANGE 141 @ 22.8mm
;_SET_FAN_SPEED_CHANGING_LAYER
; printing object pogo_receiver_coupon.stl id:0 copy 0
G1 F18000
G1 X145.439 Y110.52 Z22.8286
G1 X145.283 Y111.024 Z22.8571
G1 X144.791 Y111.217 Z22.8857
G1 X144.334 Y110.952 Z22.9143
G1 X144.256 Y110.43 Z22.9429
G1 X144.616 Y110.043 Z22.9714
G1 X145.142 Y110.083 Z23
G1 X147.376 Y111.376 Z23
G1 X147.79 Y111.79
G1 Z22.8
G1 E2.5 F6000
M204 P1000
;TYPE:Outer wall
;WIDTH:0.42
G1 F3600
G1 X72.21 Y111.79 E1.84202
G1 X72.21 Y108.21 E.08725
G1 X147.79 Y108.21 E1.84202
G1 X147.79 Y111.73 E.08579
G1 X147.376 Y111.376 F18000
G1 X147.389 Y111.389
M204 P1500
;TYPE:Inner wall
;WIDTH:0.45
G1 F4920
G1 X72.611 Y111.389 E1.96425
G1 X72.611 Y108.611 E.07299
G1 X147.389 Y108.611 E1.96425
G1 X147.389 Y111.329 E.07141
G1 X146.974 Y110.974 F18000
G1 F4920
G1 X73.026 Y110.974 E1.94242
G1 X73.026 Y109.026 E.05115
G1 X146.974 Y109.026 E1.94242
G1 X146.974 Y110.914 E.04958
G1 X146.558 Y110.558 F18000
G1 F4920
G1 X73.442 Y110.558 E1.92058
G1 X73.442 Y109.442 E.02932
G1 X146.558 Y109.442 E1.92058
G1 X146.558 Y110.498 E.02774
G1 X146.142 Y110.142 F18000
G1 F4920
G1 X73.858 Y110.142 E1.89874
G1 X73.858 Y109.858 E.00748
G1 X146.142 Y109.858 E1.89874
G1 X146.142 Y110.082 E.0059
; stop printing object pogo_receiver_coupon.stl id:0 copy 0
;LAYER_CHANGE
;Z:22.96
;HEIGHT:0.16
G92 E0 ; zero the extruded length again
; BEFORE_LAYER_CHANGE 142 @ 22.96mm
G1 E-1.75 F6000
;WIPE_START
G1 X145.142 Y110.083 E-.75
;WIPE_END
; AFTER_LAYER_CHANGE 142 @ 22.96mm
;_SET_FAN_SPEED_CHANGING_LAYER
; printing object pogo_receiver_coupon.stl id:0 copy 0
G1 F18000
G1 X145.439 Y110.52 Z22.9886
G1 X145.283 Y111.024 Z23.0171
G1 X144.791 Y111.217 Z23.0457
G1 X144.334 Y110.952 Z23.0743
G1 X144.256 Y110.43 Z23.1029
G1 X144.616 Y110.043 Z23.1314
G1 X145.142 Y110.083 Z23.16
G1 X147.376 Y111.376 Z23.16
G1 X147.79 Y111.79
G1 Z22.96
G1 E2.5 F6000
M204 P1000
;TYPE:Outer wall
;WIDTH:0.42
G1 F3600
G1 X72.21 Y111.79 E1.84202
G1 X72.21 Y108.21 E.08725
G1 X147.79 Y108.21 E1.84202
G1 X147.79 Y111.73 E.08579
G1 X147.376 Y111.376 F18000
G1 X147.389 Y111.389
M204 P1500
;TYPE:Inner wall
;WIDTH:0.45
G1 F4920
G1 X72.611 Y111.389 E1.96425
G1 X72.611 Y108.611 E.07299
G1 X147.389 Y108.611 E1.96425
G1 X147.389 Y111.329 E.07141
G1 X146.974 Y110.974 F18000
G1 F4920
G1 X73.026 Y110.974 E1.94242
G1 X73.026 Y109.026 E.05115
G1 X146.974 Y109.026 E1.94242
G1 X146.974 Y110.914 E.04958
G1 X146.558 Y110.558 F18000
G1 F4920
G1 X73.442 Y110.558 E1.92058
G1 X73.442 Y109.442 E.02932
G1 X146.558 Y109.442 E1.92058
G1 X146.558 Y110.498 E.02774
G1 X146.142 Y110.142 F18000
G1 F4920
G1 X73.858 Y110.142 E1.89874
G1 X73.858 Y109.858 E.00748
G1 X146.142 Y109.858 E1.89874
G1 X146.142 Y110.082 E.0059
; stop printing object pogo_receiver_coupon.stl id:0 copy 0
;LAYER_CHANGE
;Z:23.12
;HEIGHT:0.160002
G92 E0 ; zero the extruded length again
; BEFORE_LAYER_CHANGE 143 @ 23.12mm
G1 E-1.75 F6000
;WIPE_START
G1 X145.142 Y110.083 E-.75
;WIPE_END
; AFTER_LAYER_CHANGE 143 @ 23.12mm
;_SET_FAN_SPEED_CHANGING_LAYER
; printing object pogo_receiver_coupon.stl id:0 copy 0
G1 F18000
G1 X145.439 Y110.52 Z23.1486
G1 X145.283 Y111.024 Z23.1771
G1 X144.791 Y111.217 Z23.2057
G1 X144.334 Y110.952 Z23.2343
G1 X144.256 Y110.43 Z23.2629
G1 X144.616 Y110.043 Z23.2914
G1 X145.142 Y110.083 Z23.32
G1 X147.376 Y111.376 Z23.32
G1 X147.79 Y111.79
G1 Z23.12
G1 E2.5 F6000
M204 P1000
;TYPE:Outer wall
;WIDTH:0.42
G1 F3600
G1 X72.21 Y111.79 E1.84202
G1 X72.21 Y108.21 E.08725
G1 X147.79 Y108.21 E1.84202
G1 X147.79 Y111.73 E.08579
G1 X147.376 Y111.376 F18000
G1 X147.389 Y111.389
M204 P1500
;TYPE:Inner wall
;WIDTH:0.45
G1 F4920
G1 X72.611 Y111.389 E1.96425
G1 X72.611 Y108.611 E.07299
G1 X147.389 Y108.611 E1.96425
G1 X147.389 Y111.329 E.07141
G1 X146.974 Y110.974 F18000
G1 F4920
G1 X73.026 Y110.974 E1.94242
G1 X73.026 Y109.026 E.05115
G1 X146.974 Y109.026 E1.94242
G1 X146.974 Y110.914 E.04958
G1 X146.558 Y110.558 F18000
G1 F4920
G1 X73.442 Y110.558 E1.92058
G1 X73.442 Y109.442 E.02932
G1 X146.558 Y109.442 E1.92058
G1 X146.558 Y110.498 E.02774
G1 X146.142 Y110.142 F18000
G1 F4920
G1 X73.858 Y110.142 E1.89874
G1 X73.858 Y109.858 E.00748
G1 X146.142 Y109.858 E1.89874
G1 X146.142 Y110.082 E.0059
; stop printing object pogo_receiver_coupon.stl id:0 copy 0
;LAYER_CHANGE
;Z:23.28
;HEIGHT:0.16
G92 E0 ; zero the extruded length again
; BEFORE_LAYER_CHANGE 144 @ 23.28mm
G1 E-1.75 F6000
;WIPE_START
G1 X145.142 Y110.083 E-.75
;WIPE_END
; AFTER_LAYER_CHANGE 144 @ 23.28mm
;_SET_FAN_SPEED_CHANGING_LAYER
; printing object pogo_receiver_coupon.stl id:0 copy 0
G1 F18000
G1 X145.439 Y110.52 Z23.3086
G1 X145.283 Y111.024 Z23.3371
G1 X144.791 Y111.217 Z23.3657
G1 X144.334 Y110.952 Z23.3943
G1 X144.256 Y110.43 Z23.4229
G1 X144.616 Y110.043 Z23.4514
G1 X145.142 Y110.083 Z23.48
G1 X147.376 Y111.376 Z23.48
G1 X147.79 Y111.79
G1 Z23.28
G1 E2.5 F6000
M204 P1000
;TYPE:Outer wall
;WIDTH:0.42
G1 F3600
G1 X72.21 Y111.79 E1.84202
G1 X72.21 Y108.21 E.08725
G1 X147.79 Y108.21 E1.84202
G1 X147.79 Y111.73 E.08579
G1 X147.376 Y111.376 F18000
G1 X147.389 Y111.389
M204 P1500
;TYPE:Inner wall
;WIDTH:0.45
G1 F4920
G1 X72.611 Y111.389 E1.96425
G1 X72.611 Y108.611 E.07299
G1 X147.389 Y108.611 E1.96425
G1 X147.389 Y111.329 E.07141
G1 X146.974 Y110.974 F18000
G1 F4920
G1 X73.026 Y110.974 E1.94242
G1 X73.026 Y109.026 E.05115
G1 X146.974 Y109.026 E1.94242
G1 X146.974 Y110.914 E.04958
G1 X146.558 Y110.558 F18000
G1 F4920
G1 X73.442 Y110.558 E1.92058
G1 X73.442 Y109.442 E.02932
G1 X146.558 Y109.442 E1.92058
G1 X146.558 Y110.498 E.02774
G1 X146.142 Y110.142 F18000
G1 F4920
G1 X73.858 Y110.142 E1.89874
G1 X73.858 Y109.858 E.00748
G1 X146.142 Y109.858 E1.89874
G1 X146.142 Y110.082 E.0059
; stop printing object pogo_receiver_coupon.stl id:0 copy 0
;LAYER_CHANGE
;Z:23.44
;HEIGHT:0.16
G92 E0 ; zero the extruded length again
; BEFORE_LAYER_CHANGE 145 @ 23.44mm
G1 E-1.75 F6000
;WIPE_START
G1 X145.142 Y110.083 E-.75
;WIPE_END
; AFTER_LAYER_CHANGE 145 @ 23.44mm
;_SET_FAN_SPEED_CHANGING_LAYER
; printing object pogo_receiver_coupon.stl id:0 copy 0
G1 F18000
G1 X145.439 Y110.52 Z23.4686
G1 X145.283 Y111.024 Z23.4971
G1 X144.791 Y111.217 Z23.5257
G1 X144.334 Y110.952 Z23.5543
G1 X144.256 Y110.43 Z23.5829
G1 X144.616 Y110.043 Z23.6114
G1 X145.142 Y110.083 Z23.64
G1 X147.376 Y111.376 Z23.64
G1 X147.79 Y111.79
G1 Z23.44
G1 E2.5 F6000
M204 P1000
;TYPE:Outer wall
;WIDTH:0.42
G1 F3600
G1 X72.21 Y111.79 E1.84202
G1 X72.21 Y108.21 E.08725
G1 X147.79 Y108.21 E1.84202
G1 X147.79 Y111.73 E.08579
G1 X147.376 Y111.376 F18000
G1 X147.389 Y111.389
M204 P1500
;TYPE:Inner wall
;WIDTH:0.45
G1 F4920
G1 X72.611 Y111.389 E1.96425
G1 X72.611 Y108.611 E.07299
G1 X147.389 Y108.611 E1.96425
G1 X147.389 Y111.329 E.07141
G1 X146.974 Y110.974 F18000
G1 F4920
G1 X73.026 Y110.974 E1.94242
G1 X73.026 Y109.026 E.05115
G1 X146.974 Y109.026 E1.94242
G1 X146.974 Y110.914 E.04958
G1 X146.558 Y110.558 F18000
G1 F4920
G1 X73.442 Y110.558 E1.92058
G1 X73.442 Y109.442 E.02932
G1 X146.558 Y109.442 E1.92058
G1 X146.558 Y110.498 E.02774
G1 X146.142 Y110.142 F18000
G1 F4920
G1 X73.858 Y110.142 E1.89874
G1 X73.858 Y109.858 E.00748
G1 X146.142 Y109.858 E1.89874
G1 X146.142 Y110.082 E.0059
; stop printing object pogo_receiver_coupon.stl id:0 copy 0
;LAYER_CHANGE
;Z:23.6
;HEIGHT:0.16
G92 E0 ; zero the extruded length again
; BEFORE_LAYER_CHANGE 146 @ 23.6mm
G1 E-1.75 F6000
;WIPE_START
G1 X145.142 Y110.083 E-.75
;WIPE_END
; AFTER_LAYER_CHANGE 146 @ 23.6mm
;_SET_FAN_SPEED_CHANGING_LAYER
; printing object pogo_receiver_coupon.stl id:0 copy 0
G1 F18000
G1 X145.439 Y110.52 Z23.6286
G1 X145.283 Y111.024 Z23.6571
G1 X144.791 Y111.217 Z23.6857
G1 X144.334 Y110.952 Z23.7143
G1 X144.256 Y110.43 Z23.7429
G1 X144.616 Y110.043 Z23.7714
G1 X145.142 Y110.083 Z23.8
G1 X147.376 Y111.376 Z23.8
G1 X147.79 Y111.79
G1 Z23.6
G1 E2.5 F6000
M204 P1000
;TYPE:Outer wall
;WIDTH:0.42
G1 F3600
G1 X72.21 Y111.79 E1.84202
G1 X72.21 Y108.21 E.08725
G1 X147.79 Y108.21 E1.84202
G1 X147.79 Y111.73 E.08579
G1 X147.376 Y111.376 F18000
G1 X147.389 Y111.389
M204 P1500
;TYPE:Inner wall
;WIDTH:0.45
G1 F4920
G1 X72.611 Y111.389 E1.96425
G1 X72.611 Y108.611 E.07299
G1 X147.389 Y108.611 E1.96425
G1 X147.389 Y111.329 E.07141
G1 X146.974 Y110.974 F18000
G1 F4920
G1 X73.026 Y110.974 E1.94242
G1 X73.026 Y109.026 E.05115
G1 X146.974 Y109.026 E1.94242
G1 X146.974 Y110.914 E.04958
G1 X146.558 Y110.558 F18000
G1 F4920
G1 X73.442 Y110.558 E1.92058
G1 X73.442 Y109.442 E.02932
G1 X146.558 Y109.442 E1.92058
G1 X146.558 Y110.498 E.02774
G1 X146.142 Y110.142 F18000
G1 F4920
G1 X73.858 Y110.142 E1.89874
G1 X73.858 Y109.858 E.00748
G1 X146.142 Y109.858 E1.89874
G1 X146.142 Y110.082 E.0059
; stop printing object pogo_receiver_coupon.stl id:0 copy 0
;LAYER_CHANGE
;Z:23.76
;HEIGHT:0.16
G92 E0 ; zero the extruded length again
; BEFORE_LAYER_CHANGE 147 @ 23.76mm
G1 E-1.75 F6000
;WIPE_START
G1 X145.142 Y110.083 E-.75
;WIPE_END
; AFTER_LAYER_CHANGE 147 @ 23.76mm
;_SET_FAN_SPEED_CHANGING_LAYER
; printing object pogo_receiver_coupon.stl id:0 copy 0
G1 F18000
G1 X145.439 Y110.52 Z23.7886
G1 X145.283 Y111.024 Z23.8171
G1 X144.791 Y111.217 Z23.8457
G1 X144.334 Y110.952 Z23.8743
G1 X144.256 Y110.43 Z23.9029
G1 X144.616 Y110.043 Z23.9314
G1 X145.142 Y110.083 Z23.96
G1 X147.376 Y111.376 Z23.96
G1 X147.79 Y111.79
G1 Z23.76
G1 E2.5 F6000
M204 P1000
;TYPE:Outer wall
;WIDTH:0.42
G1 F3600
G1 X72.21 Y111.79 E1.84202
G1 X72.21 Y108.21 E.08725
G1 X147.79 Y108.21 E1.84202
G1 X147.79 Y111.73 E.08579
G1 X147.376 Y111.376 F18000
G1 X147.389 Y111.389
M204 P1500
;TYPE:Inner wall
;WIDTH:0.45
G1 F4920
G1 X72.611 Y111.389 E1.96425
G1 X72.611 Y108.611 E.07299
G1 X147.389 Y108.611 E1.96425
G1 X147.389 Y111.329 E.07141
G1 X146.974 Y110.974 F18000
G1 F4920
G1 X73.026 Y110.974 E1.94242
G1 X73.026 Y109.026 E.05115
G1 X146.974 Y109.026 E1.94242
G1 X146.974 Y110.914 E.04958
G1 X146.558 Y110.558 F18000
G1 F4920
G1 X73.442 Y110.558 E1.92058
G1 X73.442 Y109.442 E.02932
G1 X146.558 Y109.442 E1.92058
G1 X146.558 Y110.498 E.02774
G1 X146.142 Y110.142 F18000
G1 F4920
G1 X73.858 Y110.142 E1.89874
G1 X73.858 Y109.858 E.00748
G1 X146.142 Y109.858 E1.89874
G1 X146.142 Y110.082 E.0059
; stop printing object pogo_receiver_coupon.stl id:0 copy 0
;LAYER_CHANGE
;Z:23.92
;HEIGHT:0.16
G92 E0 ; zero the extruded length again
; BEFORE_LAYER_CHANGE 148 @ 23.92mm
G1 E-1.75 F6000
;WIPE_START
G1 X145.142 Y110.083 E-.75
;WIPE_END
; AFTER_LAYER_CHANGE 148 @ 23.92mm
;_SET_FAN_SPEED_CHANGING_LAYER
; printing object pogo_receiver_coupon.stl id:0 copy 0
G1 F18000
G1 X145.439 Y110.52 Z23.9486
G1 X145.283 Y111.024 Z23.9771
G1 X144.791 Y111.217 Z24.0057
G1 X144.334 Y110.952 Z24.0343
G1 X144.256 Y110.43 Z24.0629
G1 X144.616 Y110.043 Z24.0914
G1 X145.142 Y110.083 Z24.12
G1 X147.376 Y111.376 Z24.12
G1 X147.79 Y111.79
G1 Z23.92
G1 E2.5 F6000
M204 P1000
;TYPE:Outer wall
;WIDTH:0.42
G1 F3600
G1 X72.21 Y111.79 E1.84202
G1 X72.21 Y108.21 E.08725
G1 X147.79 Y108.21 E1.84202
G1 X147.79 Y111.73 E.08579
G1 X147.376 Y111.376 F18000
G1 X147.389 Y111.389
M204 P1500
;TYPE:Inner wall
;WIDTH:0.45
G1 F4920
G1 X72.611 Y111.389 E1.96425
G1 X72.611 Y108.611 E.07299
G1 X147.389 Y108.611 E1.96425
G1 X147.389 Y111.329 E.07141
G1 X146.974 Y110.974 F18000
G1 F4920
G1 X73.026 Y110.974 E1.94242
G1 X73.026 Y109.026 E.05115
G1 X146.974 Y109.026 E1.94242
G1 X146.974 Y110.914 E.04958
G1 X146.558 Y110.558 F18000
G1 F4920
G1 X73.442 Y110.558 E1.92058
G1 X73.442 Y109.442 E.02932
G1 X146.558 Y109.442 E1.92058
G1 X146.558 Y110.498 E.02774
G1 X146.142 Y110.142 F18000
G1 F4920
G1 X73.858 Y110.142 E1.89874
G1 X73.858 Y109.858 E.00748
G1 X146.142 Y109.858 E1.89874
G1 X146.142 Y110.082 E.0059
; stop printing object pogo_receiver_coupon.stl id:0 copy 0
;LAYER_CHANGE
;Z:24.08
;HEIGHT:0.16
G92 E0 ; zero the extruded length again
; BEFORE_LAYER_CHANGE 149 @ 24.08mm
G1 E-1.75 F6000
;WIPE_START
G1 X145.142 Y110.083 E-.75
;WIPE_END
; AFTER_LAYER_CHANGE 149 @ 24.08mm
;_SET_FAN_SPEED_CHANGING_LAYER
; printing object pogo_receiver_coupon.stl id:0 copy 0
G1 F18000
G1 X145.439 Y110.52 Z24.1086
G1 X145.283 Y111.024 Z24.1371
G1 X144.791 Y111.217 Z24.1657
G1 X144.334 Y110.952 Z24.1943
G1 X144.256 Y110.43 Z24.2229
G1 X144.616 Y110.043 Z24.2514
G1 X145.142 Y110.083 Z24.28
G1 X147.376 Y111.376 Z24.28
G1 X147.79 Y111.79
G1 Z24.08
G1 E2.5 F6000
M204 P1000
;TYPE:Outer wall
;WIDTH:0.42
G1 F3600
G1 X72.21 Y111.79 E1.84202
G1 X72.21 Y108.21 E.08725
G1 X147.79 Y108.21 E1.84202
G1 X147.79 Y111.73 E.08579
G1 X147.376 Y111.376 F18000
G1 X147.389 Y111.389
M204 P1500
;TYPE:Inner wall
;WIDTH:0.45
G1 F4920
G1 X72.611 Y111.389 E1.96425
G1 X72.611 Y108.611 E.07299
G1 X147.389 Y108.611 E1.96425
G1 X147.389 Y111.329 E.07141
G1 X146.974 Y110.974 F18000
G1 F4920
G1 X73.026 Y110.974 E1.94242
G1 X73.026 Y109.026 E.05115
G1 X146.974 Y109.026 E1.94242
G1 X146.974 Y110.914 E.04958
G1 X146.558 Y110.558 F18000
G1 F4920
G1 X73.442 Y110.558 E1.92058
G1 X73.442 Y109.442 E.02932
G1 X146.558 Y109.442 E1.92058
G1 X146.558 Y110.498 E.02774
G1 X146.142 Y110.142 F18000
G1 F4920
G1 X73.858 Y110.142 E1.89874
G1 X73.858 Y109.858 E.00748
G1 X146.142 Y109.858 E1.89874
G1 X146.142 Y110.082 E.0059
; stop printing object pogo_receiver_coupon.stl id:0 copy 0
;LAYER_CHANGE
;Z:24.24
;HEIGHT:0.16
G92 E0 ; zero the extruded length again
; BEFORE_LAYER_CHANGE 150 @ 24.24mm
G1 E-1.75 F6000
;WIPE_START
G1 X145.142 Y110.083 E-.75
;WIPE_END
; AFTER_LAYER_CHANGE 150 @ 24.24mm
;_SET_FAN_SPEED_CHANGING_LAYER
; printing object pogo_receiver_coupon.stl id:0 copy 0
G1 F18000
G1 X145.439 Y110.52 Z24.2686
G1 X145.283 Y111.024 Z24.2971
G1 X144.791 Y111.217 Z24.3257
G1 X144.334 Y110.952 Z24.3543
G1 X144.256 Y110.43 Z24.3829
G1 X144.616 Y110.043 Z24.4114
G1 X145.142 Y110.083 Z24.44
G1 X147.376 Y111.376 Z24.44
G1 X147.79 Y111.79
G1 Z24.24
G1 E2.5 F6000
M204 P1000
;TYPE:Outer wall
;WIDTH:0.42
G1 F3600
G1 X72.21 Y111.79 E1.84202
G1 X72.21 Y108.21 E.08725
G1 X147.79 Y108.21 E1.84202
G1 X147.79 Y111.73 E.08579
G1 X147.376 Y111.376 F18000
G1 X147.389 Y111.389
M204 P1500
;TYPE:Inner wall
;WIDTH:0.45
G1 F4920
G1 X72.611 Y111.389 E1.96425
G1 X72.611 Y108.611 E.07299
G1 X147.389 Y108.611 E1.96425
G1 X147.389 Y111.329 E.07141
G1 X146.974 Y110.974 F18000
G1 F4920
G1 X73.026 Y110.974 E1.94242
G1 X73.026 Y109.026 E.05115
G1 X146.974 Y109.026 E1.94242
G1 X146.974 Y110.914 E.04958
G1 X146.558 Y110.558 F18000
G1 F4920
G1 X73.442 Y110.558 E1.92058
G1 X73.442 Y109.442 E.02932
G1 X146.558 Y109.442 E1.92058
G1 X146.558 Y110.498 E.02774
G1 X146.142 Y110.142 F18000
G1 F4920
G1 X73.858 Y110.142 E1.89874
G1 X73.858 Y109.858 E.00748
G1 X146.142 Y109.858 E1.89874
G1 X146.142 Y110.082 E.0059
; stop printing object pogo_receiver_coupon.stl id:0 copy 0
;LAYER_CHANGE
;Z:24.4
;HEIGHT:0.16
G92 E0 ; zero the extruded length again
; BEFORE_LAYER_CHANGE 151 @ 24.4mm
G1 E-1.75 F6000
;WIPE_START
G1 X145.142 Y110.083 E-.75
;WIPE_END
; AFTER_LAYER_CHANGE 151 @ 24.4mm
;_SET_FAN_SPEED_CHANGING_LAYER
; printing object pogo_receiver_coupon.stl id:0 copy 0
G1 F18000
G1 X145.439 Y110.52 Z24.4286
G1 X145.283 Y111.024 Z24.4571
G1 X144.791 Y111.217 Z24.4857
G1 X144.334 Y110.952 Z24.5143
G1 X144.256 Y110.43 Z24.5429
G1 X144.616 Y110.043 Z24.5714
G1 X145.142 Y110.083 Z24.6
G1 X147.376 Y111.376 Z24.6
G1 X147.79 Y111.79
G1 Z24.4
G1 E2.5 F6000
M204 P1000
;TYPE:Outer wall
;WIDTH:0.42
G1 F3600
G1 X72.21 Y111.79 E1.84202
G1 X72.21 Y108.21 E.08725
G1 X147.79 Y108.21 E1.84202
G1 X147.79 Y111.73 E.08579
G1 X147.376 Y111.376 F18000
G1 X147.389 Y111.389
M204 P1500
;TYPE:Inner wall
;WIDTH:0.45
G1 F4920
G1 X72.611 Y111.389 E1.96425
G1 X72.611 Y108.611 E.07299
G1 X147.389 Y108.611 E1.96425
G1 X147.389 Y111.329 E.07141
G1 X146.974 Y110.974 F18000
G1 F4920
G1 X73.026 Y110.974 E1.94242
G1 X73.026 Y109.026 E.05115
G1 X146.974 Y109.026 E1.94242
G1 X146.974 Y110.914 E.04958
G1 X146.558 Y110.558 F18000
G1 F4920
G1 X73.442 Y110.558 E1.92058
G1 X73.442 Y109.442 E.02932
G1 X146.558 Y109.442 E1.92058
G1 X146.558 Y110.498 E.02774
G1 X146.142 Y110.142 F18000
G1 F4920
G1 X73.858 Y110.142 E1.89874
G1 X73.858 Y109.858 E.00748
G1 X146.142 Y109.858 E1.89874
G1 X146.142 Y110.082 E.0059
; stop printing object pogo_receiver_coupon.stl id:0 copy 0
;LAYER_CHANGE
;Z:24.56
;HEIGHT:0.16
G92 E0 ; zero the extruded length again
; BEFORE_LAYER_CHANGE 152 @ 24.56mm
G1 E-1.75 F6000
;WIPE_START
G1 X145.142 Y110.083 E-.75
;WIPE_END
; AFTER_LAYER_CHANGE 152 @ 24.56mm
;_SET_FAN_SPEED_CHANGING_LAYER
; printing object pogo_receiver_coupon.stl id:0 copy 0
G1 F18000
G1 X145.439 Y110.52 Z24.5886
G1 X145.283 Y111.024 Z24.6171
G1 X144.791 Y111.217 Z24.6457
G1 X144.334 Y110.952 Z24.6743
G1 X144.256 Y110.43 Z24.7029
G1 X144.616 Y110.043 Z24.7314
G1 X145.142 Y110.083 Z24.76
G1 X147.376 Y111.376 Z24.76
G1 X147.79 Y111.79
G1 Z24.56
G1 E2.5 F6000
M204 P1000
;TYPE:Outer wall
;WIDTH:0.42
G1 F3600
G1 X72.21 Y111.79 E1.84202
G1 X72.21 Y108.21 E.08725
G1 X147.79 Y108.21 E1.84202
G1 X147.79 Y111.73 E.08579
G1 X147.376 Y111.376 F18000
G1 X147.389 Y111.389
M204 P1500
;TYPE:Inner wall
;WIDTH:0.45
G1 F4920
G1 X72.611 Y111.389 E1.96425
G1 X72.611 Y108.611 E.07299
G1 X147.389 Y108.611 E1.96425
G1 X147.389 Y111.329 E.07141
G1 X146.974 Y110.974 F18000
G1 F4920
G1 X73.026 Y110.974 E1.94242
G1 X73.026 Y109.026 E.05115
G1 X146.974 Y109.026 E1.94242
G1 X146.974 Y110.914 E.04958
G1 X146.558 Y110.558 F18000
G1 F4920
G1 X73.442 Y110.558 E1.92058
G1 X73.442 Y109.442 E.02932
G1 X146.558 Y109.442 E1.92058
G1 X146.558 Y110.498 E.02774
G1 X146.142 Y110.142 F18000
G1 F4920
G1 X73.858 Y110.142 E1.89874
G1 X73.858 Y109.858 E.00748
G1 X146.142 Y109.858 E1.89874
G1 X146.142 Y110.082 E.0059
; stop printing object pogo_receiver_coupon.stl id:0 copy 0
;LAYER_CHANGE
;Z:24.72
;HEIGHT:0.16
G92 E0 ; zero the extruded length again
; BEFORE_LAYER_CHANGE 153 @ 24.72mm
G1 E-1.75 F6000
;WIPE_START
G1 X145.142 Y110.083 E-.75
;WIPE_END
; AFTER_LAYER_CHANGE 153 @ 24.72mm
;_SET_FAN_SPEED_CHANGING_LAYER
; printing object pogo_receiver_coupon.stl id:0 copy 0
G1 F18000
G1 X145.439 Y110.52 Z24.7486
G1 X145.283 Y111.024 Z24.7771
G1 X144.791 Y111.217 Z24.8057
G1 X144.334 Y110.952 Z24.8343
G1 X144.256 Y110.43 Z24.8629
G1 X144.616 Y110.043 Z24.8914
G1 X145.142 Y110.083 Z24.92
G1 X147.376 Y111.376 Z24.92
G1 X147.79 Y111.79
G1 Z24.72
G1 E2.5 F6000
M204 P1000
;TYPE:Outer wall
;WIDTH:0.42
G1 F3600
G1 X72.21 Y111.79 E1.84202
G1 X72.21 Y108.21 E.08725
G1 X147.79 Y108.21 E1.84202
G1 X147.79 Y111.73 E.08579
G1 X147.376 Y111.376 F18000
G1 X147.389 Y111.389
M204 P1500
;TYPE:Inner wall
;WIDTH:0.45
G1 F4920
G1 X72.611 Y111.389 E1.96425
G1 X72.611 Y108.611 E.07299
G1 X147.389 Y108.611 E1.96425
G1 X147.389 Y111.329 E.07141
G1 X146.974 Y110.974 F18000
G1 F4920
G1 X73.026 Y110.974 E1.94242
G1 X73.026 Y109.026 E.05115
G1 X146.974 Y109.026 E1.94242
G1 X146.974 Y110.914 E.04958
G1 X146.558 Y110.558 F18000
G1 F4920
G1 X73.442 Y110.558 E1.92058
G1 X73.442 Y109.442 E.02932
G1 X146.558 Y109.442 E1.92058
G1 X146.558 Y110.498 E.02774
G1 X146.142 Y110.142 F18000
G1 F4920
G1 X73.858 Y110.142 E1.89874
G1 X73.858 Y109.858 E.00748
G1 X146.142 Y109.858 E1.89874
G1 X146.142 Y110.082 E.0059
; stop printing object pogo_receiver_coupon.stl id:0 copy 0
;LAYER_CHANGE
;Z:24.88
;HEIGHT:0.16
G92 E0 ; zero the extruded length again
; BEFORE_LAYER_CHANGE 154 @ 24.88mm
G1 E-1.75 F6000
;WIPE_START
G1 X145.142 Y110.083 E-.75
;WIPE_END
; AFTER_LAYER_CHANGE 154 @ 24.88mm
;_SET_FAN_SPEED_CHANGING_LAYER
; printing object pogo_receiver_coupon.stl id:0 copy 0
G1 F18000
G1 X145.439 Y110.52 Z24.9086
G1 X145.283 Y111.024 Z24.9371
G1 X144.791 Y111.217 Z24.9657
G1 X144.334 Y110.952 Z24.9943
G1 X144.256 Y110.43 Z25.0229
G1 X144.616 Y110.043 Z25.0514
G1 X145.142 Y110.083 Z25.08
G1 X147.376 Y111.376 Z25.08
G1 X147.79 Y111.79
G1 Z24.88
G1 E2.5 F6000
M204 P1000
;TYPE:Outer wall
;WIDTH:0.42
G1 F3600
G1 X72.21 Y111.79 E1.84202
G1 X72.21 Y108.21 E.08725
G1 X147.79 Y108.21 E1.84202
G1 X147.79 Y111.73 E.08579
G1 X147.376 Y111.376 F18000
G1 X147.389 Y111.389
M204 P1500
;TYPE:Inner wall
;WIDTH:0.45
G1 F4920
G1 X72.611 Y111.389 E1.96425
G1 X72.611 Y108.611 E.07299
G1 X147.389 Y108.611 E1.96425
G1 X147.389 Y111.329 E.07141
G1 X146.974 Y110.974 F18000
G1 F4920
G1 X73.026 Y110.974 E1.94242
G1 X73.026 Y109.026 E.05115
G1 X146.974 Y109.026 E1.94242
G1 X146.974 Y110.914 E.04958
G1 X146.558 Y110.558 F18000
G1 F4920
G1 X73.442 Y110.558 E1.92058
G1 X73.442 Y109.442 E.02932
G1 X146.558 Y109.442 E1.92058
G1 X146.558 Y110.498 E.02774
G1 X146.142 Y110.142 F18000
G1 F4920
G1 X73.858 Y110.142 E1.89874
G1 X73.858 Y109.858 E.00748
G1 X146.142 Y109.858 E1.89874
G1 X146.142 Y110.082 E.0059
; stop printing object pogo_receiver_coupon.stl id:0 copy 0
;LAYER_CHANGE
;Z:25.04
;HEIGHT:0.160002
G92 E0 ; zero the extruded length again
; BEFORE_LAYER_CHANGE 155 @ 25.04mm
G1 E-1.75 F6000
;WIPE_START
G1 X145.142 Y110.083 E-.75
;WIPE_END
; AFTER_LAYER_CHANGE 155 @ 25.04mm
;_SET_FAN_SPEED_CHANGING_LAYER
; printing object pogo_receiver_coupon.stl id:0 copy 0
G1 F18000
G1 X145.439 Y110.52 Z25.0686
G1 X145.283 Y111.024 Z25.0971
G1 X144.791 Y111.217 Z25.1257
G1 X144.334 Y110.952 Z25.1543
G1 X144.256 Y110.43 Z25.1829
G1 X144.616 Y110.043 Z25.2114
G1 X145.142 Y110.083 Z25.24
G1 X147.376 Y111.376 Z25.24
G1 X147.79 Y111.79
G1 Z25.04
G1 E2.5 F6000
M204 P1000
;TYPE:Outer wall
;WIDTH:0.42
G1 F3600
G1 X72.21 Y111.79 E1.84202
G1 X72.21 Y108.21 E.08725
G1 X147.79 Y108.21 E1.84202
G1 X147.79 Y111.73 E.08579
G1 X147.376 Y111.376 F18000
G1 X147.389 Y111.389
M204 P1500
;TYPE:Inner wall
;WIDTH:0.45
G1 F4920
G1 X72.611 Y111.389 E1.96425
G1 X72.611 Y108.611 E.07299
G1 X147.389 Y108.611 E1.96425
G1 X147.389 Y111.329 E.07141
G1 X146.974 Y110.974 F18000
G1 F4920
G1 X73.026 Y110.974 E1.94242
G1 X73.026 Y109.026 E.05115
G1 X146.974 Y109.026 E1.94242
G1 X146.974 Y110.914 E.04958
G1 X146.558 Y110.558 F18000
G1 F4920
G1 X73.442 Y110.558 E1.92058
G1 X73.442 Y109.442 E.02932
G1 X146.558 Y109.442 E1.92058
G1 X146.558 Y110.498 E.02774
G1 X146.142 Y110.142 F18000
G1 F4920
G1 X73.858 Y110.142 E1.89874
G1 X73.858 Y109.858 E.00748
G1 X146.142 Y109.858 E1.89874
G1 X146.142 Y110.082 E.0059
; stop printing object pogo_receiver_coupon.stl id:0 copy 0
;LAYER_CHANGE
;Z:25.2
;HEIGHT:0.16
G92 E0 ; zero the extruded length again
; BEFORE_LAYER_CHANGE 156 @ 25.2mm
G1 E-1.75 F6000
;WIPE_START
G1 X145.142 Y110.083 E-.75
;WIPE_END
; AFTER_LAYER_CHANGE 156 @ 25.2mm
;_SET_FAN_SPEED_CHANGING_LAYER
; printing object pogo_receiver_coupon.stl id:0 copy 0
G1 F18000
G1 X145.439 Y110.52 Z25.2286
G1 X145.283 Y111.024 Z25.2571
G1 X144.791 Y111.217 Z25.2857
G1 X144.334 Y110.952 Z25.3143
G1 X144.256 Y110.43 Z25.3429
G1 X144.616 Y110.043 Z25.3714
G1 X145.142 Y110.083 Z25.4
G1 X147.376 Y111.376 Z25.4
G1 X147.79 Y111.79
G1 Z25.2
G1 E2.5 F6000
M204 P1000
;TYPE:Outer wall
;WIDTH:0.42
G1 F3600
G1 X72.21 Y111.79 E1.84202
G1 X72.21 Y108.21 E.08725
G1 X147.79 Y108.21 E1.84202
G1 X147.79 Y111.73 E.08579
G1 X147.376 Y111.376 F18000
G1 X147.389 Y111.389
M204 P1500
;TYPE:Inner wall
;WIDTH:0.45
G1 F4920
G1 X72.611 Y111.389 E1.96425
G1 X72.611 Y108.611 E.07299
G1 X147.389 Y108.611 E1.96425
G1 X147.389 Y111.329 E.07141
G1 X146.974 Y110.974 F18000
G1 F4920
G1 X73.026 Y110.974 E1.94242
G1 X73.026 Y109.026 E.05115
G1 X146.974 Y109.026 E1.94242
G1 X146.974 Y110.914 E.04958
G1 X146.558 Y110.558 F18000
G1 F4920
G1 X73.442 Y110.558 E1.92058
G1 X73.442 Y109.442 E.02932
G1 X146.558 Y109.442 E1.92058
G1 X146.558 Y110.498 E.02774
G1 X146.142 Y110.142 F18000
G1 F4920
G1 X73.858 Y110.142 E1.89874
G1 X73.858 Y109.858 E.00748
G1 X146.142 Y109.858 E1.89874
G1 X146.142 Y110.082 E.0059
; stop printing object pogo_receiver_coupon.stl id:0 copy 0
;LAYER_CHANGE
;Z:25.36
;HEIGHT:0.16
G92 E0 ; zero the extruded length again
; BEFORE_LAYER_CHANGE 157 @ 25.36mm
G1 E-1.75 F6000
;WIPE_START
G1 X145.142 Y110.083 E-.75
;WIPE_END
; AFTER_LAYER_CHANGE 157 @ 25.36mm
;_SET_FAN_SPEED_CHANGING_LAYER
; printing object pogo_receiver_coupon.stl id:0 copy 0
G1 F18000
G1 X145.439 Y110.52 Z25.3886
G1 X145.283 Y111.024 Z25.4171
G1 X144.791 Y111.217 Z25.4457
G1 X144.334 Y110.952 Z25.4743
G1 X144.256 Y110.43 Z25.5029
G1 X144.616 Y110.043 Z25.5314
G1 X145.142 Y110.083 Z25.56
G1 X147.376 Y111.376 Z25.56
G1 X147.79 Y111.79
G1 Z25.36
G1 E2.5 F6000
M204 P1000
;TYPE:Outer wall
;WIDTH:0.42
G1 F3600
G1 X72.21 Y111.79 E1.84202
G1 X72.21 Y108.21 E.08725
G1 X147.79 Y108.21 E1.84202
G1 X147.79 Y111.73 E.08579
G1 X147.376 Y111.376 F18000
G1 X147.389 Y111.389
M204 P1500
;TYPE:Inner wall
;WIDTH:0.45
G1 F4920
G1 X72.611 Y111.389 E1.96425
G1 X72.611 Y108.611 E.07299
G1 X147.389 Y108.611 E1.96425
G1 X147.389 Y111.329 E.07141
G1 X146.974 Y110.974 F18000
G1 F4920
G1 X73.026 Y110.974 E1.94242
G1 X73.026 Y109.026 E.05115
G1 X146.974 Y109.026 E1.94242
G1 X146.974 Y110.914 E.04958
G1 X146.558 Y110.558 F18000
G1 F4920
G1 X73.442 Y110.558 E1.92058
G1 X73.442 Y109.442 E.02932
G1 X146.558 Y109.442 E1.92058
G1 X146.558 Y110.498 E.02774
G1 X146.142 Y110.142 F18000
G1 F4920
G1 X73.858 Y110.142 E1.89874
G1 X73.858 Y109.858 E.00748
G1 X146.142 Y109.858 E1.89874
G1 X146.142 Y110.082 E.0059
; stop printing object pogo_receiver_coupon.stl id:0 copy 0
;LAYER_CHANGE
;Z:25.52
;HEIGHT:0.16
G92 E0 ; zero the extruded length again
; BEFORE_LAYER_CHANGE 158 @ 25.52mm
G1 E-1.75 F6000
;WIPE_START
G1 X145.142 Y110.083 E-.75
;WIPE_END
; AFTER_LAYER_CHANGE 158 @ 25.52mm
;_SET_FAN_SPEED_CHANGING_LAYER
; printing object pogo_receiver_coupon.stl id:0 copy 0
G1 F18000
G1 X145.439 Y110.52 Z25.5486
G1 X145.283 Y111.024 Z25.5771
G1 X144.791 Y111.217 Z25.6057
G1 X144.334 Y110.952 Z25.6343
G1 X144.256 Y110.43 Z25.6629
G1 X144.616 Y110.043 Z25.6914
G1 X145.142 Y110.083 Z25.72
G1 X147.376 Y111.376 Z25.72
G1 X147.79 Y111.79
G1 Z25.52
G1 E2.5 F6000
M204 P1000
;TYPE:Outer wall
;WIDTH:0.42
G1 F3600
G1 X72.21 Y111.79 E1.84202
G1 X72.21 Y108.21 E.08725
G1 X147.79 Y108.21 E1.84202
G1 X147.79 Y111.73 E.08579
G1 X147.376 Y111.376 F18000
G1 X147.389 Y111.389
M204 P1500
;TYPE:Inner wall
;WIDTH:0.45
G1 F4920
G1 X72.611 Y111.389 E1.96425
G1 X72.611 Y108.611 E.07299
G1 X147.389 Y108.611 E1.96425
G1 X147.389 Y111.329 E.07141
G1 X146.974 Y110.974 F18000
G1 F4920
G1 X73.026 Y110.974 E1.94242
G1 X73.026 Y109.026 E.05115
G1 X146.974 Y109.026 E1.94242
G1 X146.974 Y110.914 E.04958
G1 X146.558 Y110.558 F18000
G1 F4920
G1 X73.442 Y110.558 E1.92058
G1 X73.442 Y109.442 E.02932
G1 X146.558 Y109.442 E1.92058
G1 X146.558 Y110.498 E.02774
G1 X146.142 Y110.142 F18000
G1 F4920
G1 X73.858 Y110.142 E1.89874
G1 X73.858 Y109.858 E.00748
G1 X146.142 Y109.858 E1.89874
G1 X146.142 Y110.082 E.0059
; stop printing object pogo_receiver_coupon.stl id:0 copy 0
;LAYER_CHANGE
;Z:25.68
;HEIGHT:0.16
G92 E0 ; zero the extruded length again
; BEFORE_LAYER_CHANGE 159 @ 25.68mm
G1 E-1.75 F6000
;WIPE_START
G1 X145.142 Y110.083 E-.75
;WIPE_END
; AFTER_LAYER_CHANGE 159 @ 25.68mm
;_SET_FAN_SPEED_CHANGING_LAYER
; printing object pogo_receiver_coupon.stl id:0 copy 0
G1 F18000
G1 X145.439 Y110.52 Z25.7086
G1 X145.283 Y111.024 Z25.7371
G1 X144.791 Y111.217 Z25.7657
G1 X144.334 Y110.952 Z25.7943
G1 X144.256 Y110.43 Z25.8229
G1 X144.616 Y110.043 Z25.8514
G1 X145.142 Y110.083 Z25.88
G1 X147.376 Y111.376 Z25.88
G1 X147.79 Y111.79
G1 Z25.68
G1 E2.5 F6000
M204 P1000
;TYPE:Outer wall
;WIDTH:0.42
G1 F3600
G1 X72.21 Y111.79 E1.84202
G1 X72.21 Y108.21 E.08725
G1 X147.79 Y108.21 E1.84202
G1 X147.79 Y111.73 E.08579
G1 X147.376 Y111.376 F18000
G1 X147.389 Y111.389
M204 P1500
;TYPE:Inner wall
;WIDTH:0.45
G1 F4920
G1 X72.611 Y111.389 E1.96425
G1 X72.611 Y108.611 E.07299
G1 X147.389 Y108.611 E1.96425
G1 X147.389 Y111.329 E.07141
G1 X146.974 Y110.974 F18000
G1 F4920
G1 X73.026 Y110.974 E1.94242
G1 X73.026 Y109.026 E.05115
G1 X146.974 Y109.026 E1.94242
G1 X146.974 Y110.914 E.04958
G1 X146.558 Y110.558 F18000
G1 F4920
G1 X73.442 Y110.558 E1.92058
G1 X73.442 Y109.442 E.02932
G1 X146.558 Y109.442 E1.92058
G1 X146.558 Y110.498 E.02774
G1 X146.142 Y110.142 F18000
G1 F4920
G1 X73.858 Y110.142 E1.89874
G1 X73.858 Y109.858 E.00748
G1 X146.142 Y109.858 E1.89874
G1 X146.142 Y110.082 E.0059
; stop printing object pogo_receiver_coupon.stl id:0 copy 0
;LAYER_CHANGE
;Z:25.84
;HEIGHT:0.16
G92 E0 ; zero the extruded length again
; BEFORE_LAYER_CHANGE 160 @ 25.84mm
G1 E-1.75 F6000
;WIPE_START
G1 X145.142 Y110.083 E-.75
;WIPE_END
; AFTER_LAYER_CHANGE 160 @ 25.84mm
;_SET_FAN_SPEED_CHANGING_LAYER
; printing object pogo_receiver_coupon.stl id:0 copy 0
G1 F18000
G1 X145.439 Y110.52 Z25.8686
G1 X145.283 Y111.024 Z25.8971
G1 X144.791 Y111.217 Z25.9257
G1 X144.334 Y110.952 Z25.9543
G1 X144.256 Y110.43 Z25.9829
G1 X144.616 Y110.043 Z26.0114
G1 X145.142 Y110.083 Z26.04
G1 X147.376 Y111.376 Z26.04
G1 X147.79 Y111.79
G1 Z25.84
G1 E2.5 F6000
M204 P1000
;TYPE:Outer wall
;WIDTH:0.42
G1 F3600
G1 X72.21 Y111.79 E1.84202
G1 X72.21 Y108.21 E.08725
G1 X147.79 Y108.21 E1.84202
G1 X147.79 Y111.73 E.08579
G1 X147.376 Y111.376 F18000
G1 X147.389 Y111.389
M204 P1500
;TYPE:Inner wall
;WIDTH:0.45
G1 F4920
G1 X72.611 Y111.389 E1.96425
G1 X72.611 Y108.611 E.07299
G1 X147.389 Y108.611 E1.96425
G1 X147.389 Y111.329 E.07141
G1 X146.974 Y110.974 F18000
G1 F4920
G1 X73.026 Y110.974 E1.94242
G1 X73.026 Y109.026 E.05115
G1 X146.974 Y109.026 E1.94242
G1 X146.974 Y110.914 E.04958
G1 X146.558 Y110.558 F18000
G1 F4920
G1 X73.442 Y110.558 E1.92058
G1 X73.442 Y109.442 E.02932
G1 X146.558 Y109.442 E1.92058
G1 X146.558 Y110.498 E.02774
G1 X146.142 Y110.142 F18000
G1 F4920
G1 X73.858 Y110.142 E1.89874
G1 X73.858 Y109.858 E.00748
G1 X146.142 Y109.858 E1.89874
G1 X146.142 Y110.082 E.0059
; stop printing object pogo_receiver_coupon.stl id:0 copy 0
;LAYER_CHANGE
;Z:26
;HEIGHT:0.16
G92 E0 ; zero the extruded length again
; BEFORE_LAYER_CHANGE 161 @ 26mm
G1 E-1.75 F6000
;WIPE_START
G1 X145.142 Y110.083 E-.75
;WIPE_END
; AFTER_LAYER_CHANGE 161 @ 26mm
;_SET_FAN_SPEED_CHANGING_LAYER
; printing object pogo_receiver_coupon.stl id:0 copy 0
G1 F18000
G1 X145.439 Y110.52 Z26.0286
G1 X145.283 Y111.024 Z26.0571
G1 X144.791 Y111.217 Z26.0857
G1 X144.334 Y110.952 Z26.1143
G1 X144.256 Y110.43 Z26.1429
G1 X144.616 Y110.043 Z26.1714
G1 X145.142 Y110.083 Z26.2
G1 X147.376 Y111.376 Z26.2
G1 X147.79 Y111.79
G1 Z26
G1 E2.5 F6000
M204 P1000
;TYPE:Outer wall
;WIDTH:0.42
G1 F3600
G1 X72.21 Y111.79 E1.84202
G1 X72.21 Y108.21 E.08725
G1 X147.79 Y108.21 E1.84202
G1 X147.79 Y111.73 E.08579
G1 X147.376 Y111.376 F18000
G1 X147.389 Y111.389
M204 P1500
;TYPE:Inner wall
;WIDTH:0.45
G1 F4920
G1 X72.611 Y111.389 E1.96425
G1 X72.611 Y108.611 E.07299
G1 X147.389 Y108.611 E1.96425
G1 X147.389 Y111.329 E.07141
G1 X146.974 Y110.974 F18000
G1 F4920
G1 X73.026 Y110.974 E1.94242
G1 X73.026 Y109.026 E.05115
G1 X146.974 Y109.026 E1.94242
G1 X146.974 Y110.914 E.04958
G1 X146.558 Y110.558 F18000
G1 F4920
G1 X73.442 Y110.558 E1.92058
G1 X73.442 Y109.442 E.02932
G1 X146.558 Y109.442 E1.92058
G1 X146.558 Y110.498 E.02774
G1 X146.142 Y110.142 F18000
G1 F4920
G1 X73.858 Y110.142 E1.89874
G1 X73.858 Y109.858 E.00748
G1 X146.142 Y109.858 E1.89874
G1 X146.142 Y110.082 E.0059
; stop printing object pogo_receiver_coupon.stl id:0 copy 0
;LAYER_CHANGE
;Z:26.16
;HEIGHT:0.16
G92 E0 ; zero the extruded length again
; BEFORE_LAYER_CHANGE 162 @ 26.16mm
G1 E-1.75 F6000
;WIPE_START
G1 X145.142 Y110.083 E-.75
;WIPE_END
; AFTER_LAYER_CHANGE 162 @ 26.16mm
;_SET_FAN_SPEED_CHANGING_LAYER
; printing object pogo_receiver_coupon.stl id:0 copy 0
G1 F18000
G1 X145.439 Y110.52 Z26.1886
G1 X145.283 Y111.024 Z26.2171
G1 X144.791 Y111.217 Z26.2457
G1 X144.334 Y110.952 Z26.2743
G1 X144.256 Y110.43 Z26.3029
G1 X144.616 Y110.043 Z26.3314
G1 X145.142 Y110.083 Z26.36
G1 X147.376 Y111.376 Z26.36
G1 X147.79 Y111.79
G1 Z26.16
G1 E2.5 F6000
M204 P1000
;TYPE:Outer wall
;WIDTH:0.42
G1 F3600
G1 X72.21 Y111.79 E1.84202
G1 X72.21 Y108.21 E.08725
G1 X147.79 Y108.21 E1.84202
G1 X147.79 Y111.73 E.08579
G1 X147.376 Y111.376 F18000
G1 X147.389 Y111.389
M204 P1500
;TYPE:Inner wall
;WIDTH:0.45
G1 F4920
G1 X72.611 Y111.389 E1.96425
G1 X72.611 Y108.611 E.07299
G1 X147.389 Y108.611 E1.96425
G1 X147.389 Y111.329 E.07141
G1 X146.974 Y110.974 F18000
G1 F4920
G1 X73.026 Y110.974 E1.94242
G1 X73.026 Y109.026 E.05115
G1 X146.974 Y109.026 E1.94242
G1 X146.974 Y110.914 E.04958
G1 X146.558 Y110.558 F18000
G1 F4920
G1 X73.442 Y110.558 E1.92058
G1 X73.442 Y109.442 E.02932
G1 X146.558 Y109.442 E1.92058
G1 X146.558 Y110.498 E.02774
G1 X146.142 Y110.142 F18000
G1 F4920
G1 X73.858 Y110.142 E1.89874
G1 X73.858 Y109.858 E.00748
G1 X146.142 Y109.858 E1.89874
G1 X146.142 Y110.082 E.0059
; stop printing object pogo_receiver_coupon.stl id:0 copy 0
;LAYER_CHANGE
;Z:26.32
;HEIGHT:0.16
G92 E0 ; zero the extruded length again
; BEFORE_LAYER_CHANGE 163 @ 26.32mm
G1 E-1.75 F6000
;WIPE_START
G1 X145.142 Y110.083 E-.75
;WIPE_END
; AFTER_LAYER_CHANGE 163 @ 26.32mm
;_SET_FAN_SPEED_CHANGING_LAYER
; printing object pogo_receiver_coupon.stl id:0 copy 0
G1 F18000
G1 X145.439 Y110.52 Z26.3486
G1 X145.283 Y111.024 Z26.3771
G1 X144.791 Y111.217 Z26.4057
G1 X144.334 Y110.952 Z26.4343
G1 X144.256 Y110.43 Z26.4629
G1 X144.616 Y110.043 Z26.4914
G1 X145.142 Y110.083 Z26.52
G1 X147.376 Y111.376 Z26.52
G1 X147.79 Y111.79
G1 Z26.32
G1 E2.5 F6000
M204 P1000
;TYPE:Outer wall
;WIDTH:0.42
G1 F3600
G1 X72.21 Y111.79 E1.84202
G1 X72.21 Y108.21 E.08725
G1 X147.79 Y108.21 E1.84202
G1 X147.79 Y111.73 E.08579
G1 X147.376 Y111.376 F18000
G1 X147.389 Y111.389
M204 P1500
;TYPE:Inner wall
;WIDTH:0.45
G1 F4920
G1 X72.611 Y111.389 E1.96425
G1 X72.611 Y108.611 E.07299
G1 X147.389 Y108.611 E1.96425
G1 X147.389 Y111.329 E.07141
G1 X146.974 Y110.974 F18000
G1 F4920
G1 X73.026 Y110.974 E1.94242
G1 X73.026 Y109.026 E.05115
G1 X146.974 Y109.026 E1.94242
G1 X146.974 Y110.914 E.04958
G1 X146.558 Y110.558 F18000
G1 F4920
G1 X73.442 Y110.558 E1.92058
G1 X73.442 Y109.442 E.02932
G1 X146.558 Y109.442 E1.92058
G1 X146.558 Y110.498 E.02774
G1 X146.142 Y110.142 F18000
G1 F4920
G1 X73.858 Y110.142 E1.89874
G1 X73.858 Y109.858 E.00748
G1 X146.142 Y109.858 E1.89874
G1 X146.142 Y110.082 E.0059
; stop printing object pogo_receiver_coupon.stl id:0 copy 0
;LAYER_CHANGE
;Z:26.48
;HEIGHT:0.16
G92 E0 ; zero the extruded length again
; BEFORE_LAYER_CHANGE 164 @ 26.48mm
G1 E-1.75 F6000
;WIPE_START
G1 X145.142 Y110.083 E-.75
;WIPE_END
; AFTER_LAYER_CHANGE 164 @ 26.48mm
;_SET_FAN_SPEED_CHANGING_LAYER
; printing object pogo_receiver_coupon.stl id:0 copy 0
G1 F18000
G1 X145.439 Y110.52 Z26.5086
G1 X145.283 Y111.024 Z26.5371
G1 X144.791 Y111.217 Z26.5657
G1 X144.334 Y110.952 Z26.5943
G1 X144.256 Y110.43 Z26.6229
G1 X144.616 Y110.043 Z26.6514
G1 X145.142 Y110.083 Z26.68
G1 X147.376 Y111.376 Z26.68
G1 X147.79 Y111.79
G1 Z26.48
G1 E2.5 F6000
M204 P1000
;TYPE:Outer wall
;WIDTH:0.42
G1 F3600
G1 X72.21 Y111.79 E1.84202
G1 X72.21 Y108.21 E.08725
G1 X147.79 Y108.21 E1.84202
G1 X147.79 Y111.73 E.08579
G1 X147.376 Y111.376 F18000
G1 X147.389 Y111.389
M204 P1500
;TYPE:Inner wall
;WIDTH:0.45
G1 F4920
G1 X72.611 Y111.389 E1.96425
G1 X72.611 Y108.611 E.07299
G1 X147.389 Y108.611 E1.96425
G1 X147.389 Y111.329 E.07141
G1 X146.974 Y110.974 F18000
G1 F4920
G1 X73.026 Y110.974 E1.94242
G1 X73.026 Y109.026 E.05115
G1 X146.974 Y109.026 E1.94242
G1 X146.974 Y110.914 E.04958
G1 X146.558 Y110.558 F18000
G1 F4920
G1 X73.442 Y110.558 E1.92058
G1 X73.442 Y109.442 E.02932
G1 X146.558 Y109.442 E1.92058
G1 X146.558 Y110.498 E.02774
G1 X146.142 Y110.142 F18000
G1 F4920
G1 X73.858 Y110.142 E1.89874
G1 X73.858 Y109.858 E.00748
G1 X146.142 Y109.858 E1.89874
G1 X146.142 Y110.082 E.0059
; stop printing object pogo_receiver_coupon.stl id:0 copy 0
;LAYER_CHANGE
;Z:26.64
;HEIGHT:0.16
G92 E0 ; zero the extruded length again
; BEFORE_LAYER_CHANGE 165 @ 26.64mm
G1 E-1.75 F6000
;WIPE_START
G1 X145.142 Y110.083 E-.75
;WIPE_END
; AFTER_LAYER_CHANGE 165 @ 26.64mm
;_SET_FAN_SPEED_CHANGING_LAYER
; printing object pogo_receiver_coupon.stl id:0 copy 0
G1 F18000
G1 X145.439 Y110.52 Z26.6686
G1 X145.283 Y111.024 Z26.6971
G1 X144.791 Y111.217 Z26.7257
G1 X144.334 Y110.952 Z26.7543
G1 X144.256 Y110.43 Z26.7829
G1 X144.616 Y110.043 Z26.8114
G1 X145.142 Y110.083 Z26.84
G1 X147.376 Y111.376 Z26.84
G1 X147.79 Y111.79
G1 Z26.64
G1 E2.5 F6000
M204 P1000
;TYPE:Outer wall
;WIDTH:0.42
G1 F3600
G1 X72.21 Y111.79 E1.84202
G1 X72.21 Y108.21 E.08725
G1 X147.79 Y108.21 E1.84202
G1 X147.79 Y111.73 E.08579
G1 X147.376 Y111.376 F18000
G1 X147.389 Y111.389
M204 P1500
;TYPE:Inner wall
;WIDTH:0.45
G1 F4920
G1 X72.611 Y111.389 E1.96425
G1 X72.611 Y108.611 E.07299
G1 X147.389 Y108.611 E1.96425
G1 X147.389 Y111.329 E.07141
G1 X146.974 Y110.974 F18000
G1 F4920
G1 X73.026 Y110.974 E1.94242
G1 X73.026 Y109.026 E.05115
G1 X146.974 Y109.026 E1.94242
G1 X146.974 Y110.914 E.04958
G1 X146.558 Y110.558 F18000
G1 F4920
G1 X73.442 Y110.558 E1.92058
G1 X73.442 Y109.442 E.02932
G1 X146.558 Y109.442 E1.92058
G1 X146.558 Y110.498 E.02774
G1 X146.142 Y110.142 F18000
G1 F4920
G1 X73.858 Y110.142 E1.89874
G1 X73.858 Y109.858 E.00748
G1 X146.142 Y109.858 E1.89874
G1 X146.142 Y110.082 E.0059
; stop printing object pogo_receiver_coupon.stl id:0 copy 0
;LAYER_CHANGE
;Z:26.8
;HEIGHT:0.16
G92 E0 ; zero the extruded length again
; BEFORE_LAYER_CHANGE 166 @ 26.8mm
G1 E-1.75 F6000
;WIPE_START
G1 X145.142 Y110.083 E-.75
;WIPE_END
; AFTER_LAYER_CHANGE 166 @ 26.8mm
;_SET_FAN_SPEED_CHANGING_LAYER
; printing object pogo_receiver_coupon.stl id:0 copy 0
G1 F18000
G1 X145.439 Y110.52 Z26.8286
G1 X145.283 Y111.024 Z26.8571
G1 X144.791 Y111.217 Z26.8857
G1 X144.334 Y110.952 Z26.9143
G1 X144.256 Y110.43 Z26.9429
G1 X144.616 Y110.043 Z26.9714
G1 X145.142 Y110.083 Z27
G1 X147.376 Y111.376 Z27
G1 X147.79 Y111.79
G1 Z26.8
G1 E2.5 F6000
M204 P1000
;TYPE:Outer wall
;WIDTH:0.42
G1 F3600
G1 X72.21 Y111.79 E1.84202
G1 X72.21 Y108.21 E.08725
G1 X147.79 Y108.21 E1.84202
G1 X147.79 Y111.73 E.08579
G1 X147.376 Y111.376 F18000
G1 X147.389 Y111.389
M204 P1500
;TYPE:Inner wall
;WIDTH:0.45
G1 F4920
G1 X72.611 Y111.389 E1.96425
G1 X72.611 Y108.611 E.07299
G1 X147.389 Y108.611 E1.96425
G1 X147.389 Y111.329 E.07141
G1 X146.974 Y110.974 F18000
G1 F4920
G1 X73.026 Y110.974 E1.94242
G1 X73.026 Y109.026 E.05115
G1 X146.974 Y109.026 E1.94242
G1 X146.974 Y110.914 E.04958
G1 X146.558 Y110.558 F18000
G1 F4920
G1 X73.442 Y110.558 E1.92058
G1 X73.442 Y109.442 E.02932
G1 X146.558 Y109.442 E1.92058
G1 X146.558 Y110.498 E.02774
G1 X146.142 Y110.142 F18000
G1 F4920
G1 X73.858 Y110.142 E1.89874
G1 X73.858 Y109.858 E.00748
G1 X146.142 Y109.858 E1.89874
G1 X146.142 Y110.082 E.0059
; stop printing object pogo_receiver_coupon.stl id:0 copy 0
;LAYER_CHANGE
;Z:26.96
;HEIGHT:0.16
G92 E0 ; zero the extruded length again
; BEFORE_LAYER_CHANGE 167 @ 26.96mm
G1 E-1.75 F6000
;WIPE_START
G1 X145.142 Y110.083 E-.75
;WIPE_END
; AFTER_LAYER_CHANGE 167 @ 26.96mm
;_SET_FAN_SPEED_CHANGING_LAYER
; printing object pogo_receiver_coupon.stl id:0 copy 0
G1 F18000
G1 X145.439 Y110.52 Z26.9886
G1 X145.283 Y111.024 Z27.0171
G1 X144.791 Y111.217 Z27.0457
G1 X144.334 Y110.952 Z27.0743
G1 X144.256 Y110.43 Z27.1029
G1 X144.616 Y110.043 Z27.1314
G1 X145.142 Y110.083 Z27.16
G1 X147.376 Y111.376 Z27.16
G1 X147.79 Y111.79
G1 Z26.96
G1 E2.5 F6000
M204 P1000
;TYPE:Outer wall
;WIDTH:0.42
G1 F3600
G1 X72.21 Y111.79 E1.84202
G1 X72.21 Y108.21 E.08725
G1 X147.79 Y108.21 E1.84202
G1 X147.79 Y111.73 E.08579
G1 X147.376 Y111.376 F18000
G1 X147.389 Y111.389
M204 P1500
;TYPE:Inner wall
;WIDTH:0.45
G1 F4920
G1 X72.611 Y111.389 E1.96425
G1 X72.611 Y108.611 E.07299
G1 X147.389 Y108.611 E1.96425
G1 X147.389 Y111.329 E.07141
G1 X146.974 Y110.974 F18000
G1 F4920
G1 X73.026 Y110.974 E1.94242
G1 X73.026 Y109.026 E.05115
G1 X146.974 Y109.026 E1.94242
G1 X146.974 Y110.914 E.04958
G1 X146.558 Y110.558 F18000
G1 F4920
G1 X73.442 Y110.558 E1.92058
G1 X73.442 Y109.442 E.02932
G1 X146.558 Y109.442 E1.92058
G1 X146.558 Y110.498 E.02774
G1 X146.142 Y110.142 F18000
G1 F4920
G1 X73.858 Y110.142 E1.89874
G1 X73.858 Y109.858 E.00748
G1 X146.142 Y109.858 E1.89874
G1 X146.142 Y110.082 E.0059
; stop printing object pogo_receiver_coupon.stl id:0 copy 0
;LAYER_CHANGE
;Z:27.12
;HEIGHT:0.160002
G92 E0 ; zero the extruded length again
; BEFORE_LAYER_CHANGE 168 @ 27.12mm
G1 E-1.75 F6000
;WIPE_START
G1 X145.142 Y110.083 E-.75
;WIPE_END
; AFTER_LAYER_CHANGE 168 @ 27.12mm
;_SET_FAN_SPEED_CHANGING_LAYER
; printing object pogo_receiver_coupon.stl id:0 copy 0
G1 F18000
G1 X145.439 Y110.52 Z27.1486
G1 X145.283 Y111.024 Z27.1771
G1 X144.791 Y111.217 Z27.2057
G1 X144.334 Y110.952 Z27.2343
G1 X144.256 Y110.43 Z27.2629
G1 X144.616 Y110.043 Z27.2914
G1 X145.142 Y110.083 Z27.32
G1 X147.376 Y111.376 Z27.32
G1 X147.79 Y111.79
G1 Z27.12
G1 E2.5 F6000
M204 P1000
;TYPE:Outer wall
;WIDTH:0.42
G1 F3600
G1 X72.21 Y111.79 E1.84202
G1 X72.21 Y108.21 E.08725
G1 X147.79 Y108.21 E1.84202
G1 X147.79 Y111.73 E.08579
G1 X147.376 Y111.376 F18000
G1 X147.389 Y111.389
M204 P1500
;TYPE:Inner wall
;WIDTH:0.45
G1 F4920
G1 X72.611 Y111.389 E1.96425
G1 X72.611 Y108.611 E.07299
G1 X147.389 Y108.611 E1.96425
G1 X147.389 Y111.329 E.07141
G1 X146.974 Y110.974 F18000
G1 F4920
G1 X73.026 Y110.974 E1.94242
G1 X73.026 Y109.026 E.05115
G1 X146.974 Y109.026 E1.94242
G1 X146.974 Y110.914 E.04958
G1 X146.558 Y110.558 F18000
G1 F4920
G1 X73.442 Y110.558 E1.92058
G1 X73.442 Y109.442 E.02932
G1 X146.558 Y109.442 E1.92058
G1 X146.558 Y110.498 E.02774
G1 X146.142 Y110.142 F18000
G1 F4920
G1 X73.858 Y110.142 E1.89874
G1 X73.858 Y109.858 E.00748
G1 X146.142 Y109.858 E1.89874
G1 X146.142 Y110.082 E.0059
; stop printing object pogo_receiver_coupon.stl id:0 copy 0
;LAYER_CHANGE
;Z:27.28
;HEIGHT:0.16
G92 E0 ; zero the extruded length again
; BEFORE_LAYER_CHANGE 169 @ 27.28mm
G1 E-1.75 F6000
;WIPE_START
G1 X145.142 Y110.083 E-.75
;WIPE_END
; AFTER_LAYER_CHANGE 169 @ 27.28mm
;_SET_FAN_SPEED_CHANGING_LAYER
; printing object pogo_receiver_coupon.stl id:0 copy 0
G1 F18000
G1 X145.439 Y110.52 Z27.3086
G1 X145.283 Y111.024 Z27.3371
G1 X144.791 Y111.217 Z27.3657
G1 X144.334 Y110.952 Z27.3943
G1 X144.256 Y110.43 Z27.4229
G1 X144.616 Y110.043 Z27.4514
G1 X145.142 Y110.083 Z27.48
G1 X147.376 Y111.376 Z27.48
G1 X147.79 Y111.79
G1 Z27.28
G1 E2.5 F6000
M204 P1000
;TYPE:Outer wall
;WIDTH:0.42
G1 F3600
G1 X72.21 Y111.79 E1.84202
G1 X72.21 Y108.21 E.08725
G1 X147.79 Y108.21 E1.84202
G1 X147.79 Y111.73 E.08579
G1 X147.376 Y111.376 F18000
G1 X147.389 Y111.389
M204 P1500
;TYPE:Inner wall
;WIDTH:0.45
G1 F4920
G1 X72.611 Y111.389 E1.96425
G1 X72.611 Y108.611 E.07299
G1 X147.389 Y108.611 E1.96425
G1 X147.389 Y111.329 E.07141
G1 X146.974 Y110.974 F18000
G1 F4920
G1 X73.026 Y110.974 E1.94242
G1 X73.026 Y109.026 E.05115
G1 X146.974 Y109.026 E1.94242
G1 X146.974 Y110.914 E.04958
G1 X146.558 Y110.558 F18000
G1 F4920
G1 X73.442 Y110.558 E1.92058
G1 X73.442 Y109.442 E.02932
G1 X146.558 Y109.442 E1.92058
G1 X146.558 Y110.498 E.02774
G1 X146.142 Y110.142 F18000
G1 F4920
G1 X73.858 Y110.142 E1.89874
G1 X73.858 Y109.858 E.00748
G1 X146.142 Y109.858 E1.89874
G1 X146.142 Y110.082 E.0059
; stop printing object pogo_receiver_coupon.stl id:0 copy 0
;LAYER_CHANGE
;Z:27.44
;HEIGHT:0.16
G92 E0 ; zero the extruded length again
; BEFORE_LAYER_CHANGE 170 @ 27.44mm
G1 E-1.75 F6000
;WIPE_START
G1 X145.142 Y110.083 E-.75
;WIPE_END
; AFTER_LAYER_CHANGE 170 @ 27.44mm
;_SET_FAN_SPEED_CHANGING_LAYER
; printing object pogo_receiver_coupon.stl id:0 copy 0
G1 F18000
G1 X145.439 Y110.52 Z27.4686
G1 X145.283 Y111.024 Z27.4971
G1 X144.791 Y111.217 Z27.5257
G1 X144.334 Y110.952 Z27.5543
G1 X144.256 Y110.43 Z27.5829
G1 X144.616 Y110.043 Z27.6114
G1 X145.142 Y110.083 Z27.64
G1 X147.376 Y111.376 Z27.64
G1 X147.79 Y111.79
G1 Z27.44
G1 E2.5 F6000
M204 P1000
;TYPE:Outer wall
;WIDTH:0.42
G1 F3600
G1 X72.21 Y111.79 E1.84202
G1 X72.21 Y108.21 E.08725
G1 X147.79 Y108.21 E1.84202
G1 X147.79 Y111.73 E.08579
G1 X147.376 Y111.376 F18000
G1 X147.389 Y111.389
M204 P1500
;TYPE:Inner wall
;WIDTH:0.45
G1 F4920
G1 X72.611 Y111.389 E1.96425
G1 X72.611 Y108.611 E.07299
G1 X147.389 Y108.611 E1.96425
G1 X147.389 Y111.329 E.07141
G1 X146.974 Y110.974 F18000
G1 F4920
G1 X73.026 Y110.974 E1.94242
G1 X73.026 Y109.026 E.05115
G1 X146.974 Y109.026 E1.94242
G1 X146.974 Y110.914 E.04958
G1 X146.558 Y110.558 F18000
G1 F4920
G1 X73.442 Y110.558 E1.92058
G1 X73.442 Y109.442 E.02932
G1 X146.558 Y109.442 E1.92058
G1 X146.558 Y110.498 E.02774
G1 X146.142 Y110.142 F18000
G1 F4920
G1 X73.858 Y110.142 E1.89874
G1 X73.858 Y109.858 E.00748
G1 X146.142 Y109.858 E1.89874
G1 X146.142 Y110.082 E.0059
; stop printing object pogo_receiver_coupon.stl id:0 copy 0
;LAYER_CHANGE
;Z:27.6
;HEIGHT:0.16
G92 E0 ; zero the extruded length again
; BEFORE_LAYER_CHANGE 171 @ 27.6mm
G1 E-1.75 F6000
;WIPE_START
G1 X145.142 Y110.083 E-.75
;WIPE_END
; AFTER_LAYER_CHANGE 171 @ 27.6mm
;_SET_FAN_SPEED_CHANGING_LAYER
; printing object pogo_receiver_coupon.stl id:0 copy 0
G1 F18000
G1 X145.439 Y110.52 Z27.6286
G1 X145.283 Y111.024 Z27.6571
G1 X144.791 Y111.217 Z27.6857
G1 X144.334 Y110.952 Z27.7143
G1 X144.256 Y110.43 Z27.7429
G1 X144.616 Y110.043 Z27.7714
G1 X145.142 Y110.083 Z27.8
G1 X147.376 Y111.376 Z27.8
G1 X147.79 Y111.79
G1 Z27.6
G1 E2.5 F6000
M204 P1000
;TYPE:Outer wall
;WIDTH:0.42
G1 F3600
G1 X72.21 Y111.79 E1.84202
G1 X72.21 Y108.21 E.08725
G1 X147.79 Y108.21 E1.84202
G1 X147.79 Y111.73 E.08579
G1 X147.376 Y111.376 F18000
G1 X147.389 Y111.389
M204 P1500
;TYPE:Inner wall
;WIDTH:0.45
G1 F4920
G1 X72.611 Y111.389 E1.96425
G1 X72.611 Y108.611 E.07299
G1 X147.389 Y108.611 E1.96425
G1 X147.389 Y111.329 E.07141
G1 X146.974 Y110.974 F18000
G1 F4920
G1 X73.026 Y110.974 E1.94242
G1 X73.026 Y109.026 E.05115
G1 X146.974 Y109.026 E1.94242
G1 X146.974 Y110.914 E.04958
G1 X146.558 Y110.558 F18000
G1 F4920
G1 X73.442 Y110.558 E1.92058
G1 X73.442 Y109.442 E.02932
G1 X146.558 Y109.442 E1.92058
G1 X146.558 Y110.498 E.02774
G1 X146.142 Y110.142 F18000
G1 F4920
G1 X73.858 Y110.142 E1.89874
G1 X73.858 Y109.858 E.00748
G1 X146.142 Y109.858 E1.89874
G1 X146.142 Y110.082 E.0059
; stop printing object pogo_receiver_coupon.stl id:0 copy 0
;LAYER_CHANGE
;Z:27.76
;HEIGHT:0.16
G92 E0 ; zero the extruded length again
; BEFORE_LAYER_CHANGE 172 @ 27.76mm
G1 E-1.75 F6000
;WIPE_START
G1 X145.142 Y110.083 E-.75
;WIPE_END
; AFTER_LAYER_CHANGE 172 @ 27.76mm
;_SET_FAN_SPEED_CHANGING_LAYER
; printing object pogo_receiver_coupon.stl id:0 copy 0
G1 F18000
G1 X145.439 Y110.52 Z27.7886
G1 X145.283 Y111.024 Z27.8171
G1 X144.791 Y111.217 Z27.8457
G1 X144.334 Y110.952 Z27.8743
G1 X144.256 Y110.43 Z27.9029
G1 X144.616 Y110.043 Z27.9314
G1 X145.142 Y110.083 Z27.96
G1 X147.376 Y111.376 Z27.96
G1 X147.79 Y111.79
G1 Z27.76
G1 E2.5 F6000
M204 P1000
;TYPE:Outer wall
;WIDTH:0.42
G1 F3600
G1 X72.21 Y111.79 E1.84202
G1 X72.21 Y108.21 E.08725
G1 X147.79 Y108.21 E1.84202
G1 X147.79 Y111.73 E.08579
G1 X147.376 Y111.376 F18000
G1 X147.389 Y111.389
M204 P1500
;TYPE:Inner wall
;WIDTH:0.45
G1 F4920
G1 X72.611 Y111.389 E1.96425
G1 X72.611 Y108.611 E.07299
G1 X147.389 Y108.611 E1.96425
G1 X147.389 Y111.329 E.07141
G1 X146.974 Y110.974 F18000
G1 F4920
G1 X73.026 Y110.974 E1.94242
G1 X73.026 Y109.026 E.05115
G1 X146.974 Y109.026 E1.94242
G1 X146.974 Y110.914 E.04958
G1 X146.558 Y110.558 F18000
G1 F4920
G1 X73.442 Y110.558 E1.92058
G1 X73.442 Y109.442 E.02932
G1 X146.558 Y109.442 E1.92058
G1 X146.558 Y110.498 E.02774
G1 X146.142 Y110.142 F18000
G1 F4920
G1 X73.858 Y110.142 E1.89874
G1 X73.858 Y109.858 E.00748
G1 X146.142 Y109.858 E1.89874
G1 X146.142 Y110.082 E.0059
; stop printing object pogo_receiver_coupon.stl id:0 copy 0
M106 S102
;LAYER_CHANGE
;Z:27.92
;HEIGHT:0.16
G92 E0 ; zero the extruded length again
; BEFORE_LAYER_CHANGE 173 @ 27.92mm
G1 E-1.75 F6000
;WIPE_START
G1 X145.142 Y110.083 E-.75
;WIPE_END
; AFTER_LAYER_CHANGE 173 @ 27.92mm
;_SET_FAN_SPEED_CHANGING_LAYER
; printing object pogo_receiver_coupon.stl id:0 copy 0
G1 F18000
G1 X145.418 Y110.534 Z27.9486
G1 X145.238 Y111.03 Z27.9771
G1 X144.738 Y111.198 Z28.0057
G1 X144.294 Y110.912 Z28.0343
G1 X144.241 Y110.387 Z28.0629
G1 X144.618 Y110.018 Z28.0914
G1 X145.142 Y110.083 Z28.12
G1 X147.79 Y111.79 Z28.12
G1 Z27.92
G1 E2.5 F6000
M204 P1000
;TYPE:Outer wall
;WIDTH:0.42
G1 F3600
G1 X72.21 Y111.79 E1.84202
G1 X72.21 Y108.21 E.08725
G1 X147.79 Y108.21 E1.84202
G1 X147.79 Y111.73 E.08579
G1 X147.5 Y111.674 F18000
;TYPE:Top surface
;WIDTH:0.420936
G1 F1800
G1 X147.5 Y108.499 E.07757
G1 X147.114 Y108.499 E.00944
G1 X147.114 Y111.501 E.07333
G1 X146.727 Y111.501 E.00944
G1 X146.727 Y108.499 E.07333
G1 X146.34 Y108.499 E.00944
G1 X146.34 Y111.501 E.07333
G1 X145.954 Y111.501 E.00944
G1 X145.954 Y108.499 E.07333
G1 X145.567 Y108.499 E.00944
G1 X145.567 Y111.501 E.07333
G1 X145.181 Y111.501 E.00944
G1 X145.181 Y108.499 E.07333
G1 X144.794 Y108.499 E.00944
G1 X144.794 Y111.501 E.07333
G1 X144.407 Y111.501 E.00944
G1 X144.407 Y108.499 E.07333
G1 X144.021 Y108.499 E.00944
G1 X144.021 Y111.501 E.07333
G1 X143.634 Y111.501 E.00944
G1 X143.634 Y108.499 E.07333
G1 X143.248 Y108.499 E.00944
G1 X143.248 Y111.501 E.07333
G1 X142.861 Y111.501 E.00944
G1 X142.861 Y108.499 E.07333
G1 X142.474 Y108.499 E.00944
G1 X142.474 Y111.501 E.07333
G1 X142.088 Y111.501 E.00944
G1 X142.088 Y108.499 E.07333
G1 X141.701 Y108.499 E.00944
G1 X141.701 Y111.501 E.07333
G1 X141.315 Y111.501 E.00944
G1 X141.315 Y108.499 E.07333
G1 X140.928 Y108.499 E.00944
G1 X140.928 Y111.501 E.07333
G1 X140.541 Y111.501 E.00944
G1 X140.541 Y108.499 E.07333
G1 X140.155 Y108.499 E.00944
G1 X140.155 Y111.501 E.07333
G1 X139.768 Y111.501 E.00944
G1 X139.768 Y108.499 E.07333
G1 X139.382 Y108.499 E.00944
G1 X139.382 Y111.501 E.07333
G1 X138.995 Y111.501 E.00944
G1 X138.995 Y108.499 E.07333
G1 X138.608 Y108.499 E.00944
G1 X138.608 Y111.501 E.07333
G1 X138.222 Y111.501 E.00944
G1 X138.222 Y108.499 E.07333
G1 X137.835 Y108.499 E.00944
G1 X137.835 Y111.501 E.07333
G1 X137.449 Y111.501 E.00944
G1 X137.449 Y108.499 E.07333
G1 X137.062 Y108.499 E.00944
G1 X137.062 Y111.501 E.07333
G1 X136.675 Y111.501 E.00944
G1 X136.675 Y108.499 E.07333
G1 X136.289 Y108.499 E.00944
G1 X136.289 Y111.501 E.07333
G1 X135.902 Y111.501 E.00944
G1 X135.902 Y108.499 E.07333
G1 X135.516 Y108.499 E.00944
G1 X135.516 Y111.501 E.07333
G1 X135.129 Y111.501 E.00944
G1 X135.129 Y108.499 E.07333
G1 X134.742 Y108.499 E.00944
G1 X134.742 Y111.501 E.07333
G1 X134.356 Y111.501 E.00944
G1 X134.356 Y108.499 E.07333
G1 X133.969 Y108.499 E.00944
G1 X133.969 Y111.501 E.07333
G1 X133.583 Y111.501 E.00944
G1 X133.583 Y108.499 E.07333
G1 X133.196 Y108.499 E.00944
G1 X133.196 Y111.501 E.07333
G1 X132.809 Y111.501 E.00944
G1 X132.809 Y108.499 E.07333
G1 X132.423 Y108.499 E.00944
G1 X132.423 Y111.501 E.07333
G1 X132.036 Y111.501 E.00944
G1 X132.036 Y108.499 E.07333
G1 X131.65 Y108.499 E.00944
G1 X131.65 Y111.501 E.07333
G1 X131.263 Y111.501 E.00944
G1 X131.263 Y108.499 E.07333
G1 X130.876 Y108.499 E.00944
G1 X130.876 Y111.501 E.07333
G1 X130.49 Y111.501 E.00944
G1 X130.49 Y108.499 E.07333
G1 X130.103 Y108.499 E.00944
G1 X130.103 Y111.501 E.07333
G1 X129.717 Y111.501 E.00944
G1 X129.717 Y108.499 E.07333
G1 X129.33 Y108.499 E.00944
G1 X129.33 Y111.501 E.07333
G1 X128.943 Y111.501 E.00944
G1 X128.943 Y108.499 E.07333
G1 X128.557 Y108.499 E.00944
G1 X128.557 Y111.501 E.07333
G1 X128.17 Y111.501 E.00944
G1 X128.17 Y108.499 E.07333
G1 X127.784 Y108.499 E.00944
G1 X127.784 Y111.501 E.07333
G1 X127.397 Y111.501 E.00944
G1 X127.397 Y108.499 E.07333
G1 X127.01 Y108.499 E.00944
G1 X127.01 Y111.501 E.07333
G1 X126.624 Y111.501 E.00944
G1 X126.624 Y108.499 E.07333
G1 X126.237 Y108.499 E.00944
G1 X126.237 Y111.501 E.07333
G1 X125.851 Y111.501 E.00944
G1 X125.851 Y108.499 E.07333
G1 X125.464 Y108.499 E.00944
G1 X125.464 Y111.501 E.07333
G1 X125.077 Y111.501 E.00944
G1 X125.077 Y108.499 E.07333
G1 X124.691 Y108.499 E.00944
G1 X124.691 Y111.501 E.07333
G1 X124.304 Y111.501 E.00944
G1 X124.304 Y108.499 E.07333
G1 X123.918 Y108.499 E.00944
G1 X123.918 Y111.501 E.07333
G1 X123.531 Y111.501 E.00944
G1 X123.531 Y108.499 E.07333
G1 X123.144 Y108.499 E.00944
G1 X123.144 Y111.501 E.07333
G1 X122.758 Y111.501 E.00944
G1 X122.758 Y108.499 E.07333
G1 X122.371 Y108.499 E.00944
G1 X122.371 Y111.501 E.07333
G1 X121.985 Y111.501 E.00944
G1 X121.985 Y108.499 E.07333
G1 X121.598 Y108.499 E.00944
G1 X121.598 Y111.501 E.07333
G1 X121.211 Y111.501 E.00944
G1 X121.211 Y108.499 E.07333
G1 X120.825 Y108.499 E.00944
G1 X120.825 Y111.501 E.07333
G1 X120.438 Y111.501 E.00944
G1 X120.438 Y108.499 E.07333
G1 X120.052 Y108.499 E.00944
G1 X120.052 Y111.501 E.07333
G1 X119.665 Y111.501 E.00944
G1 X119.665 Y108.499 E.07333
G1 X119.278 Y108.499 E.00944
G1 X119.278 Y111.501 E.07333
G1 X118.892 Y111.501 E.00944
G1 X118.892 Y108.499 E.07333
G1 X118.505 Y108.499 E.00944
G1 X118.505 Y111.501 E.07333
G1 X118.119 Y111.501 E.00944
G1 X118.119 Y108.499 E.07333
G1 X117.732 Y108.499 E.00944
G1 X117.732 Y111.501 E.07333
G1 X117.345 Y111.501 E.00944
G1 X117.345 Y108.499 E.07333
G1 X116.959 Y108.499 E.00944
G1 X116.959 Y111.501 E.07333
G1 X116.572 Y111.501 E.00944
G1 X116.572 Y108.499 E.07333
G1 X116.186 Y108.499 E.00944
G1 X116.186 Y111.501 E.07333
G1 X115.799 Y111.501 E.00944
G1 X115.799 Y108.499 E.07333
G1 X115.412 Y108.499 E.00944
G1 X115.412 Y111.501 E.07333
G1 X115.026 Y111.501 E.00944
G1 X115.026 Y108.499 E.07333
G1 X114.639 Y108.499 E.00944
G1 X114.639 Y111.501 E.07333
G1 X114.253 Y111.501 E.00944
G1 X114.253 Y108.499 E.07333
G1 X113.866 Y108.499 E.00944
G1 X113.866 Y111.501 E.07333
G1 X113.479 Y111.501 E.00944
G1 X113.479 Y108.499 E.07333
G1 X113.093 Y108.499 E.00944
G1 X113.093 Y111.501 E.07333
G1 X112.706 Y111.501 E.00944
G1 X112.706 Y108.499 E.07333
G1 X112.32 Y108.499 E.00944
G1 X112.32 Y111.501 E.07333
G1 X111.933 Y111.501 E.00944
G1 X111.933 Y108.499 E.07333
G1 X111.546 Y108.499 E.00944
G1 X111.546 Y111.501 E.07333
G1 X111.16 Y111.501 E.00944
G1 X111.16 Y108.499 E.07333
G1 X110.773 Y108.499 E.00944
G1 X110.773 Y111.501 E.07333
G1 X110.387 Y111.501 E.00944
G1 X110.387 Y108.499 E.07333
G1 X110 Y108.499 E.00944
G1 X110 Y111.501 E.07333
G1 X109.613 Y111.501 E.00944
G1 X109.613 Y108.499 E.07333
G1 X109.227 Y108.499 E.00944
G1 X109.227 Y111.501 E.07333
G1 X108.84 Y111.501 E.00944
G1 X108.84 Y108.499 E.07333
G1 X108.454 Y108.499 E.00944
G1 X108.454 Y111.501 E.07333
G1 X108.067 Y111.501 E.00944
G1 X108.067 Y108.499 E.07333
G1 X107.68 Y108.499 E.00944
G1 X107.68 Y111.501 E.07333
G1 X107.294 Y111.501 E.00944
G1 X107.294 Y108.499 E.07333
G1 X106.907 Y108.499 E.00944
G1 X106.907 Y111.501 E.07333
G1 X106.521 Y111.501 E.00944
G1 X106.521 Y108.499 E.07333
G1 X106.134 Y108.499 E.00944
G1 X106.134 Y111.501 E.07333
G1 X105.747 Y111.501 E.00944
G1 X105.747 Y108.499 E.07333
G1 X105.361 Y108.499 E.00944
G1 X105.361 Y111.501 E.07333
G1 X104.974 Y111.501 E.00944
G1 X104.974 Y108.499 E.07333
G1 X104.588 Y108.499 E.00944
G1 X104.588 Y111.501 E.07333
G1 X104.201 Y111.501 E.00944
G1 X104.201 Y108.499 E.07333
G1 X103.814 Y108.499 E.00944
G1 X103.814 Y111.501 E.07333
G1 X103.428 Y111.501 E.00944
G1 X103.428 Y108.499 E.07333
G1 X103.041 Y108.499 E.00944
G1 X103.041 Y111.501 E.07333
G1 X102.655 Y111.501 E.00944
G1 X102.655 Y108.499 E.07333
G1 X102.268 Y108.499 E.00944
G1 X102.268 Y111.501 E.07333
G1 X101.881 Y111.501 E.00944
G1 X101.881 Y108.499 E.07333
G1 X101.495 Y108.499 E.00944
G1 X101.495 Y111.501 E.07333
G1 X101.108 Y111.501 E.00944
G1 X101.108 Y108.499 E.07333
G1 X100.722 Y108.499 E.00944
G1 X100.722 Y111.501 E.07333
G1 X100.335 Y111.501 E.00944
G1 X100.335 Y108.499 E.07333
G1 X99.948 Y108.499 E.00944
G1 X99.948 Y111.501 E.07333
G1 X99.562 Y111.501 E.00944
G1 X99.562 Y108.499 E.07333
G1 X99.175 Y108.499 E.00944
G1 X99.175 Y111.501 E.07333
G1 X98.789 Y111.501 E.00944
G1 X98.789 Y108.499 E.07333
G1 X98.402 Y108.499 E.00944
G1 X98.402 Y111.501 E.07333
G1 X98.015 Y111.501 E.00944
G1 X98.015 Y108.499 E.07333
G1 X97.629 Y108.499 E.00944
G1 X97.629 Y111.501 E.07333
G1 X97.242 Y111.501 E.00944
G1 X97.242 Y108.499 E.07333
G1 X96.856 Y108.499 E.00944
G1 X96.856 Y111.501 E.07333
G1 X96.469 Y111.501 E.00944
G1 X96.469 Y108.499 E.07333
G1 X96.082 Y108.499 E.00944
G1 X96.082 Y111.501 E.07333
G1 X95.696 Y111.501 E.00944
G1 X95.696 Y108.499 E.07333
G1 X95.309 Y108.499 E.00944
G1 X95.309 Y111.501 E.07333
G1 X94.923 Y111.501 E.00944
G1 X94.923 Y108.499 E.07333
G1 X94.536 Y108.499 E.00944
G1 X94.536 Y111.501 E.07333
G1 X94.149 Y111.501 E.00944
G1 X94.149 Y108.499 E.07333
G1 X93.763 Y108.499 E.00944
G1 X93.763 Y111.501 E.07333
G1 X93.376 Y111.501 E.00944
G1 X93.376 Y108.499 E.07333
G1 X92.99 Y108.499 E.00944
G1 X92.99 Y111.501 E.07333
G1 X92.603 Y111.501 E.00944
G1 X92.603 Y108.499 E.07333
G1 X92.216 Y108.499 E.00944
G1 X92.216 Y111.501 E.07333
G1 X91.83 Y111.501 E.00944
G1 X91.83 Y108.499 E.07333
G1 X91.443 Y108.499 E.00944
G1 X91.443 Y111.501 E.07333
G1 X91.057 Y111.501 E.00944
G1 X91.057 Y108.499 E.07333
G1 X90.67 Y108.499 E.00944
G1 X90.67 Y111.501 E.07333
G1 X90.283 Y111.501 E.00944
G1 X90.283 Y108.499 E.07333
G1 X89.897 Y108.499 E.00944
G1 X89.897 Y111.501 E.07333
G1 X89.51 Y111.501 E.00944
G1 X89.51 Y108.499 E.07333
G1 X89.124 Y108.499 E.00944
G1 X89.124 Y111.501 E.07333
G1 X88.737 Y111.501 E.00944
G1 X88.737 Y108.499 E.07333
G1 X88.35 Y108.499 E.00944
G1 X88.35 Y111.501 E.07333
G1 X87.964 Y111.501 E.00944
G1 X87.964 Y108.499 E.07333
G1 X87.577 Y108.499 E.00944
G1 X87.577 Y111.501 E.07333
G1 X87.191 Y111.501 E.00944
G1 X87.191 Y108.499 E.07333
G1 X86.804 Y108.499 E.00944
G1 X86.804 Y111.501 E.07333
G1 X86.417 Y111.501 E.00944
G1 X86.417 Y108.499 E.07333
G1 X86.031 Y108.499 E.00944
G1 X86.031 Y111.501 E.07333
G1 X85.644 Y111.501 E.00944
G1 X85.644 Y108.499 E.07333
G1 X85.258 Y108.499 E.00944
G1 X85.258 Y111.501 E.07333
G1 X84.871 Y111.501 E.00944
G1 X84.871 Y108.499 E.07333
G1 X84.484 Y108.499 E.00944
G1 X84.484 Y111.501 E.07333
G1 X84.098 Y111.501 E.00944
G1 X84.098 Y108.499 E.07333
G1 X83.711 Y108.499 E.00944
G1 X83.711 Y111.501 E.07333
G1 X83.325 Y111.501 E.00944
G1 X83.325 Y108.499 E.07333
G1 X82.938 Y108.499 E.00944
G1 X82.938 Y111.501 E.07333
G1 X82.551 Y111.501 E.00944
G1 X82.551 Y108.499 E.07333
G1 X82.165 Y108.499 E.00944
G1 X82.165 Y111.501 E.07333
G1 X81.778 Y111.501 E.00944
G1 X81.778 Y108.499 E.07333
G1 X81.392 Y108.499 E.00944
G1 X81.392 Y111.501 E.07333
G1 X81.005 Y111.501 E.00944
G1 X81.005 Y108.499 E.07333
G1 X80.618 Y108.499 E.00944
G1 X80.618 Y111.501 E.07333
G1 X80.232 Y111.501 E.00944
G1 X80.232 Y108.499 E.07333
G1 X79.845 Y108.499 E.00944
G1 X79.845 Y111.501 E.07333
G1 X79.459 Y111.501 E.00944
G1 X79.459 Y108.499 E.07333
G1 X79.072 Y108.499 E.00944
G1 X79.072 Y111.501 E.07333
G1 X78.685 Y111.501 E.00944
G1 X78.685 Y108.499 E.07333
G1 X78.299 Y108.499 E.00944
G1 X78.299 Y111.501 E.07333
G1 X77.912 Y111.501 E.00944
G1 X77.912 Y108.499 E.07333
G1 X77.526 Y108.499 E.00944
G1 X77.526 Y111.501 E.07333
G1 X77.139 Y111.501 E.00944
G1 X77.139 Y108.499 E.07333
G1 X76.752 Y108.499 E.00944
G1 X76.752 Y111.501 E.07333
G1 X76.366 Y111.501 E.00944
G1 X76.366 Y108.499 E.07333
G1 X75.979 Y108.499 E.00944
G1 X75.979 Y111.501 E.07333
G1 X75.593 Y111.501 E.00944
G1 X75.593 Y108.499 E.07333
G1 X75.206 Y108.499 E.00944
G1 X75.206 Y111.501 E.07333
G1 X74.819 Y111.501 E.00944
G1 X74.819 Y108.499 E.07333
G1 X74.433 Y108.499 E.00944
G1 X74.433 Y111.501 E.07333
G1 X74.046 Y111.501 E.00944
G1 X74.046 Y108.499 E.07333
G1 X73.66 Y108.499 E.00944
G1 X73.66 Y111.501 E.07333
G1 X73.273 Y111.501 E.00944
G1 X73.273 Y108.499 E.07333
G1 X72.886 Y108.499 E.00944
G1 X72.886 Y111.501 E.07333
G1 X72.5 Y111.501 E.00944
G1 X72.5 Y108.326 E.07757
G1 E-1.75 F6000
;WIPE_START
G1 F1800
G1 X72.5 Y109.326 E-.75
;WIPE_END
G1 X76.314 Y109.451 Z28.12 F18000
G1 X147.75 Y111.795 Z28.12
G1 Z27.92
G1 E2.5 F6000
M204 P2000
;TYPE:Ironing
;WIDTH:0.401288
;HEIGHT:0.006
G1 F900
G1 X147.75 Y108.25 E.00336
G1 X147.65 Y108.25 E.00009
G1 X147.65 Y111.75 E.00332
G1 X147.55 Y111.75 E.00009
G1 X147.55 Y108.25 E.00332
G1 X147.45 Y108.25 E.00009
G1 X147.45 Y111.75 E.00332
G1 X147.35 Y111.75 E.00009
G1 X147.35 Y108.25 E.00332
G1 X147.25 Y108.25 E.00009
G1 X147.25 Y111.75 E.00332
G1 X147.15 Y111.75 E.00009
G1 X147.15 Y108.25 E.00332
G1 X147.05 Y108.25 E.00009
G1 X147.05 Y111.75 E.00332
G1 X146.95 Y111.75 E.00009
G1 X146.95 Y108.25 E.00332
G1 X146.85 Y108.25 E.00009
G1 X146.85 Y111.75 E.00332
G1 X146.75 Y111.75 E.00009
G1 X146.75 Y108.25 E.00332
G1 X146.65 Y108.25 E.00009
G1 X146.65 Y111.75 E.00332
G1 X146.55 Y111.75 E.00009
G1 X146.55 Y108.25 E.00332
G1 X146.45 Y108.25 E.00009
G1 X146.45 Y111.75 E.00332
G1 X146.35 Y111.75 E.00009
G1 X146.35 Y108.25 E.00332
G1 X146.25 Y108.25 E.00009
G1 X146.25 Y111.75 E.00332
G1 X146.15 Y111.75 E.00009
G1 X146.15 Y108.25 E.00332
G1 X146.05 Y108.25 E.00009
G1 X146.05 Y111.75 E.00332
G1 X145.95 Y111.75 E.00009
G1 X145.95 Y108.25 E.00332
G1 X145.85 Y108.25 E.00009
G1 X145.85 Y111.75 E.00332
G1 X145.75 Y111.75 E.00009
G1 X145.75 Y108.25 E.00332
G1 X145.65 Y108.25 E.00009
G1 X145.65 Y111.75 E.00332
G1 X145.55 Y111.75 E.00009
G1 X145.55 Y108.25 E.00332
G1 X145.45 Y108.25 E.00009
G1 X145.45 Y111.75 E.00332
G1 X145.35 Y111.75 E.00009
G1 X145.35 Y108.25 E.00332
G1 X145.25 Y108.25 E.00009
G1 X145.25 Y111.75 E.00332
G1 X145.15 Y111.75 E.00009
G1 X145.15 Y108.25 E.00332
G1 X145.05 Y108.25 E.00009
G1 X145.05 Y111.75 E.00332
G1 X144.95 Y111.75 E.00009
G1 X144.95 Y108.25 E.00332
G1 X144.85 Y108.25 E.00009
G1 X144.85 Y111.75 E.00332
G1 X144.75 Y111.75 E.00009
G1 X144.75 Y108.25 E.00332
G1 X144.65 Y108.25 E.00009
G1 X144.65 Y111.75 E.00332
G1 X144.55 Y111.75 E.00009
G1 X144.55 Y108.25 E.00332
G1 X144.45 Y108.25 E.00009
G1 X144.45 Y111.75 E.00332
G1 X144.35 Y111.75 E.00009
G1 X144.35 Y108.25 E.00332
G1 X144.25 Y108.25 E.00009
G1 X144.25 Y111.75 E.00332
G1 X144.15 Y111.75 E.00009
G1 X144.15 Y108.25 E.00332
G1 X144.05 Y108.25 E.00009
G1 X144.05 Y111.75 E.00332
G1 X143.95 Y111.75 E.00009
G1 X143.95 Y108.25 E.00332
G1 X143.85 Y108.25 E.00009
G1 X143.85 Y111.75 E.00332
G1 X143.75 Y111.75 E.00009
G1 X143.75 Y108.25 E.00332
G1 X143.65 Y108.25 E.00009
G1 X143.65 Y111.75 E.00332
G1 X143.55 Y111.75 E.00009
G1 X143.55 Y108.25 E.00332
G1 X143.45 Y108.25 E.00009
G1 X143.45 Y111.75 E.00332
G1 X143.35 Y111.75 E.00009
G1 X143.35 Y108.25 E.00332
G1 X143.25 Y108.25 E.00009
G1 X143.25 Y111.75 E.00332
G1 X143.15 Y111.75 E.00009
G1 X143.15 Y108.25 E.00332
G1 X143.05 Y108.25 E.00009
G1 X143.05 Y111.75 E.00332
G1 X142.95 Y111.75 E.00009
G1 X142.95 Y108.25 E.00332
G1 X142.85 Y108.25 E.00009
G1 X142.85 Y111.75 E.00332
G1 X142.75 Y111.75 E.00009
G1 X142.75 Y108.25 E.00332
G1 X142.65 Y108.25 E.00009
G1 X142.65 Y111.75 E.00332
G1 X142.55 Y111.75 E.00009
G1 X142.55 Y108.25 E.00332
G1 X142.45 Y108.25 E.00009
G1 X142.45 Y111.75 E.00332
G1 X142.35 Y111.75 E.00009
G1 X142.35 Y108.25 E.00332
G1 X142.25 Y108.25 E.00009
G1 X142.25 Y111.75 E.00332
G1 X142.15 Y111.75 E.00009
G1 X142.15 Y108.25 E.00332
G1 X142.05 Y108.25 E.00009
G1 X142.05 Y111.75 E.00332
G1 X141.95 Y111.75 E.00009
G1 X141.95 Y108.25 E.00332
G1 X141.85 Y108.25 E.00009
G1 X141.85 Y111.75 E.00332
G1 X141.75 Y111.75 E.00009
G1 X141.75 Y108.25 E.00332
G1 X141.65 Y108.25 E.00009
G1 X141.65 Y111.75 E.00332
G1 X141.55 Y111.75 E.00009
G1 X141.55 Y108.25 E.00332
G1 X141.45 Y108.25 E.00009
G1 X141.45 Y111.75 E.00332
G1 X141.35 Y111.75 E.00009
G1 X141.35 Y108.25 E.00332
G1 X141.25 Y108.25 E.00009
G1 X141.25 Y111.75 E.00332
G1 X141.15 Y111.75 E.00009
G1 X141.15 Y108.25 E.00332
G1 X141.05 Y108.25 E.00009
G1 X141.05 Y111.75 E.00332
G1 X140.95 Y111.75 E.00009
G1 X140.95 Y108.25 E.00332
G1 X140.85 Y108.25 E.00009
G1 X140.85 Y111.75 E.00332
G1 X140.75 Y111.75 E.00009
G1 X140.75 Y108.25 E.00332
G1 X140.65 Y108.25 E.00009
G1 X140.65 Y111.75 E.00332
G1 X140.55 Y111.75 E.00009
G1 X140.55 Y108.25 E.00332
G1 X140.45 Y108.25 E.00009
G1 X140.45 Y111.75 E.00332
G1 X140.35 Y111.75 E.00009
G1 X140.35 Y108.25 E.00332
G1 X140.25 Y108.25 E.00009
G1 X140.25 Y111.75 E.00332
G1 X140.15 Y111.75 E.00009
G1 X140.15 Y108.25 E.00332
G1 X140.05 Y108.25 E.00009
G1 X140.05 Y111.75 E.00332
G1 X139.95 Y111.75 E.00009
G1 X139.95 Y108.25 E.00332
G1 X139.85 Y108.25 E.00009
G1 X139.85 Y111.75 E.00332
G1 X139.75 Y111.75 E.00009
G1 X139.75 Y108.25 E.00332
G1 X139.65 Y108.25 E.00009
G1 X139.65 Y111.75 E.00332
G1 X139.55 Y111.75 E.00009
G1 X139.55 Y108.25 E.00332
G1 X139.45 Y108.25 E.00009
G1 X139.45 Y111.75 E.00332
G1 X139.35 Y111.75 E.00009
G1 X139.35 Y108.25 E.00332
G1 X139.25 Y108.25 E.00009
G1 X139.25 Y111.75 E.00332
G1 X139.15 Y111.75 E.00009
G1 X139.15 Y108.25 E.00332
G1 X139.05 Y108.25 E.00009
G1 X139.05 Y111.75 E.00332
G1 X138.95 Y111.75 E.00009
G1 X138.95 Y108.25 E.00332
G1 X138.85 Y108.25 E.00009
G1 X138.85 Y111.75 E.00332
G1 X138.75 Y111.75 E.00009
G1 X138.75 Y108.25 E.00332
G1 X138.65 Y108.25 E.00009
G1 X138.65 Y111.75 E.00332
G1 X138.55 Y111.75 E.00009
G1 X138.55 Y108.25 E.00332
G1 X138.45 Y108.25 E.00009
G1 X138.45 Y111.75 E.00332
G1 X138.35 Y111.75 E.00009
G1 X138.35 Y108.25 E.00332
G1 X138.25 Y108.25 E.00009
G1 X138.25 Y111.75 E.00332
G1 X138.15 Y111.75 E.00009
G1 X138.15 Y108.25 E.00332
G1 X138.05 Y108.25 E.00009
G1 X138.05 Y111.75 E.00332
G1 X137.95 Y111.75 E.00009
G1 X137.95 Y108.25 E.00332
G1 X137.85 Y108.25 E.00009
G1 X137.85 Y111.75 E.00332
G1 X137.75 Y111.75 E.00009
G1 X137.75 Y108.25 E.00332
G1 X137.65 Y108.25 E.00009
G1 X137.65 Y111.75 E.00332
G1 X137.55 Y111.75 E.00009
G1 X137.55 Y108.25 E.00332
G1 X137.45 Y108.25 E.00009
G1 X137.45 Y111.75 E.00332
G1 X137.35 Y111.75 E.00009
G1 X137.35 Y108.25 E.00332
G1 X137.25 Y108.25 E.00009
G1 X137.25 Y111.75 E.00332
G1 X137.15 Y111.75 E.00009
G1 X137.15 Y108.25 E.00332
G1 X137.05 Y108.25 E.00009
G1 X137.05 Y111.75 E.00332
G1 X136.95 Y111.75 E.00009
G1 X136.95 Y108.25 E.00332
G1 X136.85 Y108.25 E.00009
G1 X136.85 Y111.75 E.00332
G1 X136.75 Y111.75 E.00009
G1 X136.75 Y108.25 E.00332
G1 X136.65 Y108.25 E.00009
G1 X136.65 Y111.75 E.00332
G1 X136.55 Y111.75 E.00009
G1 X136.55 Y108.25 E.00332
G1 X136.45 Y108.25 E.00009
G1 X136.45 Y111.75 E.00332
G1 X136.35 Y111.75 E.00009
G1 X136.35 Y108.25 E.00332
G1 X136.25 Y108.25 E.00009
G1 X136.25 Y111.75 E.00332
G1 X136.15 Y111.75 E.00009
G1 X136.15 Y108.25 E.00332
G1 X136.05 Y108.25 E.00009
G1 X136.05 Y111.75 E.00332
G1 X135.95 Y111.75 E.00009
G1 X135.95 Y108.25 E.00332
G1 X135.85 Y108.25 E.00009
G1 X135.85 Y111.75 E.00332
G1 X135.75 Y111.75 E.00009
G1 X135.75 Y108.25 E.00332
G1 X135.65 Y108.25 E.00009
G1 X135.65 Y111.75 E.00332
G1 X135.55 Y111.75 E.00009
G1 X135.55 Y108.25 E.00332
G1 X135.45 Y108.25 E.00009
G1 X135.45 Y111.75 E.00332
G1 X135.35 Y111.75 E.00009
G1 X135.35 Y108.25 E.00332
G1 X135.25 Y108.25 E.00009
G1 X135.25 Y111.75 E.00332
G1 X135.15 Y111.75 E.00009
G1 X135.15 Y108.25 E.00332
G1 X135.05 Y108.25 E.00009
G1 X135.05 Y111.75 E.00332
G1 X134.95 Y111.75 E.00009
G1 X134.95 Y108.25 E.00332
G1 X134.85 Y108.25 E.00009
G1 X134.85 Y111.75 E.00332
G1 X134.75 Y111.75 E.00009
G1 X134.75 Y108.25 E.00332
G1 X134.65 Y108.25 E.00009
G1 X134.65 Y111.75 E.00332
G1 X134.55 Y111.75 E.00009
G1 X134.55 Y108.25 E.00332
G1 X134.45 Y108.25 E.00009
G1 X134.45 Y111.75 E.00332
G1 X134.35 Y111.75 E.00009
G1 X134.35 Y108.25 E.00332
G1 X134.25 Y108.25 E.00009
G1 X134.25 Y111.75 E.00332
G1 X134.15 Y111.75 E.00009
G1 X134.15 Y108.25 E.00332
G1 X134.05 Y108.25 E.00009
G1 X134.05 Y111.75 E.00332
G1 X133.95 Y111.75 E.00009
G1 X133.95 Y108.25 E.00332
G1 X133.85 Y108.25 E.00009
G1 X133.85 Y111.75 E.00332
G1 X133.75 Y111.75 E.00009
G1 X133.75 Y108.25 E.00332
G1 X133.65 Y108.25 E.00009
G1 X133.65 Y111.75 E.00332
G1 X133.55 Y111.75 E.00009
G1 X133.55 Y108.25 E.00332
G1 X133.45 Y108.25 E.00009
G1 X133.45 Y111.75 E.00332
G1 X133.35 Y111.75 E.00009
G1 X133.35 Y108.25 E.00332
G1 X133.25 Y108.25 E.00009
G1 X133.25 Y111.75 E.00332
G1 X133.15 Y111.75 E.00009
G1 X133.15 Y108.25 E.00332
G1 X133.05 Y108.25 E.00009
G1 X133.05 Y111.75 E.00332
G1 X132.95 Y111.75 E.00009
G1 X132.95 Y108.25 E.00332
G1 X132.85 Y108.25 E.00009
G1 X132.85 Y111.75 E.00332
G1 X132.75 Y111.75 E.00009
G1 X132.75 Y108.25 E.00332
G1 X132.65 Y108.25 E.00009
G1 X132.65 Y111.75 E.00332
G1 X132.55 Y111.75 E.00009
G1 X132.55 Y108.25 E.00332
G1 X132.45 Y108.25 E.00009
G1 X132.45 Y111.75 E.00332
G1 X132.35 Y111.75 E.00009
G1 X132.35 Y108.25 E.00332
G1 X132.25 Y108.25 E.00009
G1 X132.25 Y111.75 E.00332
G1 X132.15 Y111.75 E.00009
G1 X132.15 Y108.25 E.00332
G1 X132.05 Y108.25 E.00009
G1 X132.05 Y111.75 E.00332
G1 X131.95 Y111.75 E.00009
G1 X131.95 Y108.25 E.00332
G1 X131.85 Y108.25 E.00009
G1 X131.85 Y111.75 E.00332
G1 X131.75 Y111.75 E.00009
G1 X131.75 Y108.25 E.00332
G1 X131.65 Y108.25 E.00009
G1 X131.65 Y111.75 E.00332
G1 X131.55 Y111.75 E.00009
G1 X131.55 Y108.25 E.00332
G1 X131.45 Y108.25 E.00009
G1 X131.45 Y111.75 E.00332
G1 X131.35 Y111.75 E.00009
G1 X131.35 Y108.25 E.00332
G1 X131.25 Y108.25 E.00009
G1 X131.25 Y111.75 E.00332
G1 X131.15 Y111.75 E.00009
G1 X131.15 Y108.25 E.00332
G1 X131.05 Y108.25 E.00009
G1 X131.05 Y111.75 E.00332
G1 X130.95 Y111.75 E.00009
G1 X130.95 Y108.25 E.00332
G1 X130.85 Y108.25 E.00009
G1 X130.85 Y111.75 E.00332
G1 X130.75 Y111.75 E.00009
G1 X130.75 Y108.25 E.00332
G1 X130.65 Y108.25 E.00009
G1 X130.65 Y111.75 E.00332
G1 X130.55 Y111.75 E.00009
G1 X130.55 Y108.25 E.00332
G1 X130.45 Y108.25 E.00009
G1 X130.45 Y111.75 E.00332
G1 X130.35 Y111.75 E.00009
G1 X130.35 Y108.25 E.00332
G1 X130.25 Y108.25 E.00009
G1 X130.25 Y111.75 E.00332
G1 X130.15 Y111.75 E.00009
G1 X130.15 Y108.25 E.00332
G1 X130.05 Y108.25 E.00009
G1 X130.05 Y111.75 E.00332
G1 X129.95 Y111.75 E.00009
G1 X129.95 Y108.25 E.00332
G1 X129.85 Y108.25 E.00009
G1 X129.85 Y111.75 E.00332
G1 X129.75 Y111.75 E.00009
G1 X129.75 Y108.25 E.00332
G1 X129.65 Y108.25 E.00009
G1 X129.65 Y111.75 E.00332
G1 X129.55 Y111.75 E.00009
G1 X129.55 Y108.25 E.00332
G1 X129.45 Y108.25 E.00009
G1 X129.45 Y111.75 E.00332
G1 X129.35 Y111.75 E.00009
G1 X129.35 Y108.25 E.00332
G1 X129.25 Y108.25 E.00009
G1 X129.25 Y111.75 E.00332
G1 X129.15 Y111.75 E.00009
G1 X129.15 Y108.25 E.00332
G1 X129.05 Y108.25 E.00009
G1 X129.05 Y111.75 E.00332
G1 X128.95 Y111.75 E.00009
G1 X128.95 Y108.25 E.00332
G1 X128.85 Y108.25 E.00009
G1 X128.85 Y111.75 E.00332
G1 X128.75 Y111.75 E.00009
G1 X128.75 Y108.25 E.00332
G1 X128.65 Y108.25 E.00009
G1 X128.65 Y111.75 E.00332
G1 X128.55 Y111.75 E.00009
G1 X128.55 Y108.25 E.00332
G1 X128.45 Y108.25 E.00009
G1 X128.45 Y111.75 E.00332
G1 X128.35 Y111.75 E.00009
G1 X128.35 Y108.25 E.00332
G1 X128.25 Y108.25 E.00009
G1 X128.25 Y111.75 E.00332
G1 X128.15 Y111.75 E.00009
G1 X128.15 Y108.25 E.00332
G1 X128.05 Y108.25 E.00009
G1 X128.05 Y111.75 E.00332
G1 X127.95 Y111.75 E.00009
G1 X127.95 Y108.25 E.00332
G1 X127.85 Y108.25 E.00009
G1 X127.85 Y111.75 E.00332
G1 X127.75 Y111.75 E.00009
G1 X127.75 Y108.25 E.00332
G1 X127.65 Y108.25 E.00009
G1 X127.65 Y111.75 E.00332
G1 X127.55 Y111.75 E.00009
G1 X127.55 Y108.25 E.00332
G1 X127.45 Y108.25 E.00009
G1 X127.45 Y111.75 E.00332
G1 X127.35 Y111.75 E.00009
G1 X127.35 Y108.25 E.00332
G1 X127.25 Y108.25 E.00009
G1 X127.25 Y111.75 E.00332
G1 X127.15 Y111.75 E.00009
G1 X127.15 Y108.25 E.00332
G1 X127.05 Y108.25 E.00009
G1 X127.05 Y111.75 E.00332
G1 X126.95 Y111.75 E.00009
G1 X126.95 Y108.25 E.00332
G1 X126.85 Y108.25 E.00009
G1 X126.85 Y111.75 E.00332
G1 X126.75 Y111.75 E.00009
G1 X126.75 Y108.25 E.00332
G1 X126.65 Y108.25 E.00009
G1 X126.65 Y111.75 E.00332
G1 X126.55 Y111.75 E.00009
G1 X126.55 Y108.25 E.00332
G1 X126.45 Y108.25 E.00009
G1 X126.45 Y111.75 E.00332
G1 X126.35 Y111.75 E.00009
G1 X126.35 Y108.25 E.00332
G1 X126.25 Y108.25 E.00009
G1 X126.25 Y111.75 E.00332
G1 X126.15 Y111.75 E.00009
G1 X126.15 Y108.25 E.00332
G1 X126.05 Y108.25 E.00009
G1 X126.05 Y111.75 E.00332
G1 X125.95 Y111.75 E.00009
G1 X125.95 Y108.25 E.00332
G1 X125.85 Y108.25 E.00009
G1 X125.85 Y111.75 E.00332
G1 X125.75 Y111.75 E.00009
G1 X125.75 Y108.25 E.00332
G1 X125.65 Y108.25 E.00009
G1 X125.65 Y111.75 E.00332
G1 X125.55 Y111.75 E.00009
G1 X125.55 Y108.25 E.00332
G1 X125.45 Y108.25 E.00009
G1 X125.45 Y111.75 E.00332
G1 X125.35 Y111.75 E.00009
G1 X125.35 Y108.25 E.00332
G1 X125.25 Y108.25 E.00009
G1 X125.25 Y111.75 E.00332
G1 X125.15 Y111.75 E.00009
G1 X125.15 Y108.25 E.00332
G1 X125.05 Y108.25 E.00009
G1 X125.05 Y111.75 E.00332
G1 X124.95 Y111.75 E.00009
G1 X124.95 Y108.25 E.00332
G1 X124.85 Y108.25 E.00009
G1 X124.85 Y111.75 E.00332
G1 X124.75 Y111.75 E.00009
G1 X124.75 Y108.25 E.00332
G1 X124.65 Y108.25 E.00009
G1 X124.65 Y111.75 E.00332
G1 X124.55 Y111.75 E.00009
G1 X124.55 Y108.25 E.00332
G1 X124.45 Y108.25 E.00009
G1 X124.45 Y111.75 E.00332
G1 X124.35 Y111.75 E.00009
G1 X124.35 Y108.25 E.00332
G1 X124.25 Y108.25 E.00009
G1 X124.25 Y111.75 E.00332
G1 X124.15 Y111.75 E.00009
G1 X124.15 Y108.25 E.00332
G1 X124.05 Y108.25 E.00009
G1 X124.05 Y111.75 E.00332
G1 X123.95 Y111.75 E.00009
G1 X123.95 Y108.25 E.00332
G1 X123.85 Y108.25 E.00009
G1 X123.85 Y111.75 E.00332
G1 X123.75 Y111.75 E.00009
G1 X123.75 Y108.25 E.00332
G1 X123.65 Y108.25 E.00009
G1 X123.65 Y111.75 E.00332
G1 X123.55 Y111.75 E.00009
G1 X123.55 Y108.25 E.00332
G1 X123.45 Y108.25 E.00009
G1 X123.45 Y111.75 E.00332
G1 X123.35 Y111.75 E.00009
G1 X123.35 Y108.25 E.00332
G1 X123.25 Y108.25 E.00009
G1 X123.25 Y111.75 E.00332
G1 X123.15 Y111.75 E.00009
G1 X123.15 Y108.25 E.00332
G1 X123.05 Y108.25 E.00009
G1 X123.05 Y111.75 E.00332
G1 X122.95 Y111.75 E.00009
G1 X122.95 Y108.25 E.00332
G1 X122.85 Y108.25 E.00009
G1 X122.85 Y111.75 E.00332
G1 X122.75 Y111.75 E.00009
G1 X122.75 Y108.25 E.00332
G1 X122.65 Y108.25 E.00009
G1 X122.65 Y111.75 E.00332
G1 X122.55 Y111.75 E.00009
G1 X122.55 Y108.25 E.00332
G1 X122.45 Y108.25 E.00009
G1 X122.45 Y111.75 E.00332
G1 X122.35 Y111.75 E.00009
G1 X122.35 Y108.25 E.00332
G1 X122.25 Y108.25 E.00009
G1 X122.25 Y111.75 E.00332
G1 X122.15 Y111.75 E.00009
G1 X122.15 Y108.25 E.00332
G1 X122.05 Y108.25 E.00009
G1 X122.05 Y111.75 E.00332
G1 X121.95 Y111.75 E.00009
G1 X121.95 Y108.25 E.00332
G1 X121.85 Y108.25 E.00009
G1 X121.85 Y111.75 E.00332
G1 X121.75 Y111.75 E.00009
G1 X121.75 Y108.25 E.00332
G1 X121.65 Y108.25 E.00009
G1 X121.65 Y111.75 E.00332
G1 X121.55 Y111.75 E.00009
G1 X121.55 Y108.25 E.00332
G1 X121.45 Y108.25 E.00009
G1 X121.45 Y111.75 E.00332
G1 X121.35 Y111.75 E.00009
G1 X121.35 Y108.25 E.00332
G1 X121.25 Y108.25 E.00009
G1 X121.25 Y111.75 E.00332
G1 X121.15 Y111.75 E.00009
G1 X121.15 Y108.25 E.00332
G1 X121.05 Y108.25 E.00009
G1 X121.05 Y111.75 E.00332
G1 X120.95 Y111.75 E.00009
G1 X120.95 Y108.25 E.00332
G1 X120.85 Y108.25 E.00009
G1 X120.85 Y111.75 E.00332
G1 X120.75 Y111.75 E.00009
G1 X120.75 Y108.25 E.00332
G1 X120.65 Y108.25 E.00009
G1 X120.65 Y111.75 E.00332
G1 X120.55 Y111.75 E.00009
G1 X120.55 Y108.25 E.00332
G1 X120.45 Y108.25 E.00009
G1 X120.45 Y111.75 E.00332
G1 X120.35 Y111.75 E.00009
G1 X120.35 Y108.25 E.00332
G1 X120.25 Y108.25 E.00009
G1 X120.25 Y111.75 E.00332
G1 X120.15 Y111.75 E.00009
G1 X120.15 Y108.25 E.00332
G1 X120.05 Y108.25 E.00009
G1 X120.05 Y111.75 E.00332
G1 X119.95 Y111.75 E.00009
G1 X119.95 Y108.25 E.00332
G1 X119.85 Y108.25 E.00009
G1 X119.85 Y111.75 E.00332
G1 X119.75 Y111.75 E.00009
G1 X119.75 Y108.25 E.00332
G1 X119.65 Y108.25 E.00009
G1 X119.65 Y111.75 E.00332
G1 X119.55 Y111.75 E.00009
G1 X119.55 Y108.25 E.00332
G1 X119.45 Y108.25 E.00009
G1 X119.45 Y111.75 E.00332
G1 X119.35 Y111.75 E.00009
G1 X119.35 Y108.25 E.00332
G1 X119.25 Y108.25 E.00009
G1 X119.25 Y111.75 E.00332
G1 X119.15 Y111.75 E.00009
G1 X119.15 Y108.25 E.00332
G1 X119.05 Y108.25 E.00009
G1 X119.05 Y111.75 E.00332
G1 X118.95 Y111.75 E.00009
G1 X118.95 Y108.25 E.00332
G1 X118.85 Y108.25 E.00009
G1 X118.85 Y111.75 E.00332
G1 X118.75 Y111.75 E.00009
G1 X118.75 Y108.25 E.00332
G1 X118.65 Y108.25 E.00009
G1 X118.65 Y111.75 E.00332
G1 X118.55 Y111.75 E.00009
G1 X118.55 Y108.25 E.00332
G1 X118.45 Y108.25 E.00009
G1 X118.45 Y111.75 E.00332
G1 X118.35 Y111.75 E.00009
G1 X118.35 Y108.25 E.00332
G1 X118.25 Y108.25 E.00009
G1 X118.25 Y111.75 E.00332
G1 X118.15 Y111.75 E.00009
G1 X118.15 Y108.25 E.00332
G1 X118.05 Y108.25 E.00009
G1 X118.05 Y111.75 E.00332
G1 X117.95 Y111.75 E.00009
G1 X117.95 Y108.25 E.00332
G1 X117.85 Y108.25 E.00009
G1 X117.85 Y111.75 E.00332
G1 X117.75 Y111.75 E.00009
G1 X117.75 Y108.25 E.00332
G1 X117.65 Y108.25 E.00009
G1 X117.65 Y111.75 E.00332
G1 X117.55 Y111.75 E.00009
G1 X117.55 Y108.25 E.00332
G1 X117.45 Y108.25 E.00009
G1 X117.45 Y111.75 E.00332
G1 X117.35 Y111.75 E.00009
G1 X117.35 Y108.25 E.00332
G1 X117.25 Y108.25 E.00009
G1 X117.25 Y111.75 E.00332
G1 X117.15 Y111.75 E.00009
G1 X117.15 Y108.25 E.00332
G1 X117.05 Y108.25 E.00009
G1 X117.05 Y111.75 E.00332
G1 X116.95 Y111.75 E.00009
G1 X116.95 Y108.25 E.00332
G1 X116.85 Y108.25 E.00009
G1 X116.85 Y111.75 E.00332
G1 X116.75 Y111.75 E.00009
G1 X116.75 Y108.25 E.00332
G1 X116.65 Y108.25 E.00009
G1 X116.65 Y111.75 E.00332
G1 X116.55 Y111.75 E.00009
G1 X116.55 Y108.25 E.00332
G1 X116.45 Y108.25 E.00009
G1 X116.45 Y111.75 E.00332
G1 X116.35 Y111.75 E.00009
G1 X116.35 Y108.25 E.00332
G1 X116.25 Y108.25 E.00009
G1 X116.25 Y111.75 E.00332
G1 X116.15 Y111.75 E.00009
G1 X116.15 Y108.25 E.00332
G1 X116.05 Y108.25 E.00009
G1 X116.05 Y111.75 E.00332
G1 X115.95 Y111.75 E.00009
G1 X115.95 Y108.25 E.00332
G1 X115.85 Y108.25 E.00009
G1 X115.85 Y111.75 E.00332
G1 X115.75 Y111.75 E.00009
G1 X115.75 Y108.25 E.00332
G1 X115.65 Y108.25 E.00009
G1 X115.65 Y111.75 E.00332
G1 X115.55 Y111.75 E.00009
G1 X115.55 Y108.25 E.00332
G1 X115.45 Y108.25 E.00009
G1 X115.45 Y111.75 E.00332
G1 X115.35 Y111.75 E.00009
G1 X115.35 Y108.25 E.00332
G1 X115.25 Y108.25 E.00009
G1 X115.25 Y111.75 E.00332
G1 X115.15 Y111.75 E.00009
G1 X115.15 Y108.25 E.00332
G1 X115.05 Y108.25 E.00009
G1 X115.05 Y111.75 E.00332
G1 X114.95 Y111.75 E.00009
G1 X114.95 Y108.25 E.00332
G1 X114.85 Y108.25 E.00009
G1 X114.85 Y111.75 E.00332
G1 X114.75 Y111.75 E.00009
G1 X114.75 Y108.25 E.00332
G1 X114.65 Y108.25 E.00009
G1 X114.65 Y111.75 E.00332
G1 X114.55 Y111.75 E.00009
G1 X114.55 Y108.25 E.00332
G1 X114.45 Y108.25 E.00009
G1 X114.45 Y111.75 E.00332
G1 X114.35 Y111.75 E.00009
G1 X114.35 Y108.25 E.00332
G1 X114.25 Y108.25 E.00009
G1 X114.25 Y111.75 E.00332
G1 X114.15 Y111.75 E.00009
G1 X114.15 Y108.25 E.00332
G1 X114.05 Y108.25 E.00009
G1 X114.05 Y111.75 E.00332
G1 X113.95 Y111.75 E.00009
G1 X113.95 Y108.25 E.00332
G1 X113.85 Y108.25 E.00009
G1 X113.85 Y111.75 E.00332
G1 X113.75 Y111.75 E.00009
G1 X113.75 Y108.25 E.00332
G1 X113.65 Y108.25 E.00009
G1 X113.65 Y111.75 E.00332
G1 X113.55 Y111.75 E.00009
G1 X113.55 Y108.25 E.00332
G1 X113.45 Y108.25 E.00009
G1 X113.45 Y111.75 E.00332
G1 X113.35 Y111.75 E.00009
G1 X113.35 Y108.25 E.00332
G1 X113.25 Y108.25 E.00009
G1 X113.25 Y111.75 E.00332
G1 X113.15 Y111.75 E.00009
G1 X113.15 Y108.25 E.00332
G1 X113.05 Y108.25 E.00009
G1 X113.05 Y111.75 E.00332
G1 X112.95 Y111.75 E.00009
G1 X112.95 Y108.25 E.00332
G1 X112.85 Y108.25 E.00009
G1 X112.85 Y111.75 E.00332
G1 X112.75 Y111.75 E.00009
G1 X112.75 Y108.25 E.00332
G1 X112.65 Y108.25 E.00009
G1 X112.65 Y111.75 E.00332
G1 X112.55 Y111.75 E.00009
G1 X112.55 Y108.25 E.00332
G1 X112.45 Y108.25 E.00009
G1 X112.45 Y111.75 E.00332
G1 X112.35 Y111.75 E.00009
G1 X112.35 Y108.25 E.00332
G1 X112.25 Y108.25 E.00009
G1 X112.25 Y111.75 E.00332
G1 X112.15 Y111.75 E.00009
G1 X112.15 Y108.25 E.00332
G1 X112.05 Y108.25 E.00009
G1 X112.05 Y111.75 E.00332
G1 X111.95 Y111.75 E.00009
G1 X111.95 Y108.25 E.00332
G1 X111.85 Y108.25 E.00009
G1 X111.85 Y111.75 E.00332
G1 X111.75 Y111.75 E.00009
G1 X111.75 Y108.25 E.00332
G1 X111.65 Y108.25 E.00009
G1 X111.65 Y111.75 E.00332
G1 X111.55 Y111.75 E.00009
G1 X111.55 Y108.25 E.00332
G1 X111.45 Y108.25 E.00009
G1 X111.45 Y111.75 E.00332
G1 X111.35 Y111.75 E.00009
G1 X111.35 Y108.25 E.00332
G1 X111.25 Y108.25 E.00009
G1 X111.25 Y111.75 E.00332
G1 X111.15 Y111.75 E.00009
G1 X111.15 Y108.25 E.00332
G1 X111.05 Y108.25 E.00009
G1 X111.05 Y111.75 E.00332
G1 X110.95 Y111.75 E.00009
G1 X110.95 Y108.25 E.00332
G1 X110.85 Y108.25 E.00009
G1 X110.85 Y111.75 E.00332
G1 X110.75 Y111.75 E.00009
G1 X110.75 Y108.25 E.00332
G1 X110.65 Y108.25 E.00009
G1 X110.65 Y111.75 E.00332
G1 X110.55 Y111.75 E.00009
G1 X110.55 Y108.25 E.00332
G1 X110.45 Y108.25 E.00009
G1 X110.45 Y111.75 E.00332
G1 X110.35 Y111.75 E.00009
G1 X110.35 Y108.25 E.00332
G1 X110.25 Y108.25 E.00009
G1 X110.25 Y111.75 E.00332
G1 X110.15 Y111.75 E.00009
G1 X110.15 Y108.25 E.00332
G1 X110.05 Y108.25 E.00009
G1 X110.05 Y111.75 E.00332
G1 X109.95 Y111.75 E.00009
G1 X109.95 Y108.25 E.00332
G1 X109.85 Y108.25 E.00009
G1 X109.85 Y111.75 E.00332
G1 X109.75 Y111.75 E.00009
G1 X109.75 Y108.25 E.00332
G1 X109.65 Y108.25 E.00009
G1 X109.65 Y111.75 E.00332
G1 X109.55 Y111.75 E.00009
G1 X109.55 Y108.25 E.00332
G1 X109.45 Y108.25 E.00009
G1 X109.45 Y111.75 E.00332
G1 X109.35 Y111.75 E.00009
G1 X109.35 Y108.25 E.00332
G1 X109.25 Y108.25 E.00009
G1 X109.25 Y111.75 E.00332
G1 X109.15 Y111.75 E.00009
G1 X109.15 Y108.25 E.00332
G1 X109.05 Y108.25 E.00009
G1 X109.05 Y111.75 E.00332
G1 X108.95 Y111.75 E.00009
G1 X108.95 Y108.25 E.00332
G1 X108.85 Y108.25 E.00009
G1 X108.85 Y111.75 E.00332
G1 X108.75 Y111.75 E.00009
G1 X108.75 Y108.25 E.00332
G1 X108.65 Y108.25 E.00009
G1 X108.65 Y111.75 E.00332
G1 X108.55 Y111.75 E.00009
G1 X108.55 Y108.25 E.00332
G1 X108.45 Y108.25 E.00009
G1 X108.45 Y111.75 E.00332
G1 X108.35 Y111.75 E.00009
G1 X108.35 Y108.25 E.00332
G1 X108.25 Y108.25 E.00009
G1 X108.25 Y111.75 E.00332
G1 X108.15 Y111.75 E.00009
G1 X108.15 Y108.25 E.00332
G1 X108.05 Y108.25 E.00009
G1 X108.05 Y111.75 E.00332
G1 X107.95 Y111.75 E.00009
G1 X107.95 Y108.25 E.00332
G1 X107.85 Y108.25 E.00009
G1 X107.85 Y111.75 E.00332
G1 X107.75 Y111.75 E.00009
G1 X107.75 Y108.25 E.00332
G1 X107.65 Y108.25 E.00009
G1 X107.65 Y111.75 E.00332
G1 X107.55 Y111.75 E.00009
G1 X107.55 Y108.25 E.00332
G1 X107.45 Y108.25 E.00009
G1 X107.45 Y111.75 E.00332
G1 X107.35 Y111.75 E.00009
G1 X107.35 Y108.25 E.00332
G1 X107.25 Y108.25 E.00009
G1 X107.25 Y111.75 E.00332
G1 X107.15 Y111.75 E.00009
G1 X107.15 Y108.25 E.00332
G1 X107.05 Y108.25 E.00009
G1 X107.05 Y111.75 E.00332
G1 X106.95 Y111.75 E.00009
G1 X106.95 Y108.25 E.00332
G1 X106.85 Y108.25 E.00009
G1 X106.85 Y111.75 E.00332
G1 X106.75 Y111.75 E.00009
G1 X106.75 Y108.25 E.00332
G1 X106.65 Y108.25 E.00009
G1 X106.65 Y111.75 E.00332
G1 X106.55 Y111.75 E.00009
G1 X106.55 Y108.25 E.00332
G1 X106.45 Y108.25 E.00009
G1 X106.45 Y111.75 E.00332
G1 X106.35 Y111.75 E.00009
G1 X106.35 Y108.25 E.00332
G1 X106.25 Y108.25 E.00009
G1 X106.25 Y111.75 E.00332
G1 X106.15 Y111.75 E.00009
G1 X106.15 Y108.25 E.00332
G1 X106.05 Y108.25 E.00009
G1 X106.05 Y111.75 E.00332
G1 X105.95 Y111.75 E.00009
G1 X105.95 Y108.25 E.00332
G1 X105.85 Y108.25 E.00009
G1 X105.85 Y111.75 E.00332
G1 X105.75 Y111.75 E.00009
G1 X105.75 Y108.25 E.00332
G1 X105.65 Y108.25 E.00009
G1 X105.65 Y111.75 E.00332
G1 X105.55 Y111.75 E.00009
G1 X105.55 Y108.25 E.00332
G1 X105.45 Y108.25 E.00009
G1 X105.45 Y111.75 E.00332
G1 X105.35 Y111.75 E.00009
G1 X105.35 Y108.25 E.00332
G1 X105.25 Y108.25 E.00009
G1 X105.25 Y111.75 E.00332
G1 X105.15 Y111.75 E.00009
G1 X105.15 Y108.25 E.00332
G1 X105.05 Y108.25 E.00009
G1 X105.05 Y111.75 E.00332
G1 X104.95 Y111.75 E.00009
G1 X104.95 Y108.25 E.00332
G1 X104.85 Y108.25 E.00009
G1 X104.85 Y111.75 E.00332
G1 X104.75 Y111.75 E.00009
G1 X104.75 Y108.25 E.00332
G1 X104.65 Y108.25 E.00009
G1 X104.65 Y111.75 E.00332
G1 X104.55 Y111.75 E.00009
G1 X104.55 Y108.25 E.00332
G1 X104.45 Y108.25 E.00009
G1 X104.45 Y111.75 E.00332
G1 X104.35 Y111.75 E.00009
G1 X104.35 Y108.25 E.00332
G1 X104.25 Y108.25 E.00009
G1 X104.25 Y111.75 E.00332
G1 X104.15 Y111.75 E.00009
G1 X104.15 Y108.25 E.00332
G1 X104.05 Y108.25 E.00009
G1 X104.05 Y111.75 E.00332
G1 X103.95 Y111.75 E.00009
G1 X103.95 Y108.25 E.00332
G1 X103.85 Y108.25 E.00009
G1 X103.85 Y111.75 E.00332
G1 X103.75 Y111.75 E.00009
G1 X103.75 Y108.25 E.00332
G1 X103.65 Y108.25 E.00009
G1 X103.65 Y111.75 E.00332
G1 X103.55 Y111.75 E.00009
G1 X103.55 Y108.25 E.00332
G1 X103.45 Y108.25 E.00009
G1 X103.45 Y111.75 E.00332
G1 X103.35 Y111.75 E.00009
G1 X103.35 Y108.25 E.00332
G1 X103.25 Y108.25 E.00009
G1 X103.25 Y111.75 E.00332
G1 X103.15 Y111.75 E.00009
G1 X103.15 Y108.25 E.00332
G1 X103.05 Y108.25 E.00009
G1 X103.05 Y111.75 E.00332
G1 X102.95 Y111.75 E.00009
G1 X102.95 Y108.25 E.00332
G1 X102.85 Y108.25 E.00009
G1 X102.85 Y111.75 E.00332
G1 X102.75 Y111.75 E.00009
G1 X102.75 Y108.25 E.00332
G1 X102.65 Y108.25 E.00009
G1 X102.65 Y111.75 E.00332
G1 X102.55 Y111.75 E.00009
G1 X102.55 Y108.25 E.00332
G1 X102.45 Y108.25 E.00009
G1 X102.45 Y111.75 E.00332
G1 X102.35 Y111.75 E.00009
G1 X102.35 Y108.25 E.00332
G1 X102.25 Y108.25 E.00009
G1 X102.25 Y111.75 E.00332
G1 X102.15 Y111.75 E.00009
G1 X102.15 Y108.25 E.00332
G1 X102.05 Y108.25 E.00009
G1 X102.05 Y111.75 E.00332
G1 X101.95 Y111.75 E.00009
G1 X101.95 Y108.25 E.00332
G1 X101.85 Y108.25 E.00009
G1 X101.85 Y111.75 E.00332
G1 X101.75 Y111.75 E.00009
G1 X101.75 Y108.25 E.00332
G1 X101.65 Y108.25 E.00009
G1 X101.65 Y111.75 E.00332
G1 X101.55 Y111.75 E.00009
G1 X101.55 Y108.25 E.00332
G1 X101.45 Y108.25 E.00009
G1 X101.45 Y111.75 E.00332
G1 X101.35 Y111.75 E.00009
G1 X101.35 Y108.25 E.00332
G1 X101.25 Y108.25 E.00009
G1 X101.25 Y111.75 E.00332
G1 X101.15 Y111.75 E.00009
G1 X101.15 Y108.25 E.00332
G1 X101.05 Y108.25 E.00009
G1 X101.05 Y111.75 E.00332
G1 X100.95 Y111.75 E.00009
G1 X100.95 Y108.25 E.00332
G1 X100.85 Y108.25 E.00009
G1 X100.85 Y111.75 E.00332
G1 X100.75 Y111.75 E.00009
G1 X100.75 Y108.25 E.00332
G1 X100.65 Y108.25 E.00009
G1 X100.65 Y111.75 E.00332
G1 X100.55 Y111.75 E.00009
G1 X100.55 Y108.25 E.00332
G1 X100.45 Y108.25 E.00009
G1 X100.45 Y111.75 E.00332
G1 X100.35 Y111.75 E.00009
G1 X100.35 Y108.25 E.00332
G1 X100.25 Y108.25 E.00009
G1 X100.25 Y111.75 E.00332
G1 X100.15 Y111.75 E.00009
G1 X100.15 Y108.25 E.00332
G1 X100.05 Y108.25 E.00009
G1 X100.05 Y111.75 E.00332
G1 X99.95 Y111.75 E.00009
G1 X99.95 Y108.25 E.00332
G1 X99.85 Y108.25 E.00009
G1 X99.85 Y111.75 E.00332
G1 X99.75 Y111.75 E.00009
G1 X99.75 Y108.25 E.00332
G1 X99.65 Y108.25 E.00009
G1 X99.65 Y111.75 E.00332
G1 X99.55 Y111.75 E.00009
G1 X99.55 Y108.25 E.00332
G1 X99.45 Y108.25 E.00009
G1 X99.45 Y111.75 E.00332
G1 X99.35 Y111.75 E.00009
G1 X99.35 Y108.25 E.00332
G1 X99.25 Y108.25 E.00009
G1 X99.25 Y111.75 E.00332
G1 X99.15 Y111.75 E.00009
G1 X99.15 Y108.25 E.00332
G1 X99.05 Y108.25 E.00009
G1 X99.05 Y111.75 E.00332
G1 X98.95 Y111.75 E.00009
G1 X98.95 Y108.25 E.00332
G1 X98.85 Y108.25 E.00009
G1 X98.85 Y111.75 E.00332
G1 X98.75 Y111.75 E.00009
G1 X98.75 Y108.25 E.00332
G1 X98.65 Y108.25 E.00009
G1 X98.65 Y111.75 E.00332
G1 X98.55 Y111.75 E.00009
G1 X98.55 Y108.25 E.00332
G1 X98.45 Y108.25 E.00009
G1 X98.45 Y111.75 E.00332
G1 X98.35 Y111.75 E.00009
G1 X98.35 Y108.25 E.00332
G1 X98.25 Y108.25 E.00009
G1 X98.25 Y111.75 E.00332
G1 X98.15 Y111.75 E.00009
G1 X98.15 Y108.25 E.00332
G1 X98.05 Y108.25 E.00009
G1 X98.05 Y111.75 E.00332
G1 X97.95 Y111.75 E.00009
G1 X97.95 Y108.25 E.00332
G1 X97.85 Y108.25 E.00009
G1 X97.85 Y111.75 E.00332
G1 X97.75 Y111.75 E.00009
G1 X97.75 Y108.25 E.00332
G1 X97.65 Y108.25 E.00009
G1 X97.65 Y111.75 E.00332
G1 X97.55 Y111.75 E.00009
G1 X97.55 Y108.25 E.00332
G1 X97.45 Y108.25 E.00009
G1 X97.45 Y111.75 E.00332
G1 X97.35 Y111.75 E.00009
G1 X97.35 Y108.25 E.00332
G1 X97.25 Y108.25 E.00009
G1 X97.25 Y111.75 E.00332
G1 X97.15 Y111.75 E.00009
G1 X97.15 Y108.25 E.00332
G1 X97.05 Y108.25 E.00009
G1 X97.05 Y111.75 E.00332
G1 X96.95 Y111.75 E.00009
G1 X96.95 Y108.25 E.00332
G1 X96.85 Y108.25 E.00009
G1 X96.85 Y111.75 E.00332
G1 X96.75 Y111.75 E.00009
G1 X96.75 Y108.25 E.00332
G1 X96.65 Y108.25 E.00009
G1 X96.65 Y111.75 E.00332
G1 X96.55 Y111.75 E.00009
G1 X96.55 Y108.25 E.00332
G1 X96.45 Y108.25 E.00009
G1 X96.45 Y111.75 E.00332
G1 X96.35 Y111.75 E.00009
G1 X96.35 Y108.25 E.00332
G1 X96.25 Y108.25 E.00009
G1 X96.25 Y111.75 E.00332
G1 X96.15 Y111.75 E.00009
G1 X96.15 Y108.25 E.00332
G1 X96.05 Y108.25 E.00009
G1 X96.05 Y111.75 E.00332
G1 X95.95 Y111.75 E.00009
G1 X95.95 Y108.25 E.00332
G1 X95.85 Y108.25 E.00009
G1 X95.85 Y111.75 E.00332
G1 X95.75 Y111.75 E.00009
G1 X95.75 Y108.25 E.00332
G1 X95.65 Y108.25 E.00009
G1 X95.65 Y111.75 E.00332
G1 X95.55 Y111.75 E.00009
G1 X95.55 Y108.25 E.00332
G1 X95.45 Y108.25 E.00009
G1 X95.45 Y111.75 E.00332
G1 X95.35 Y111.75 E.00009
G1 X95.35 Y108.25 E.00332
G1 X95.25 Y108.25 E.00009
G1 X95.25 Y111.75 E.00332
G1 X95.15 Y111.75 E.00009
G1 X95.15 Y108.25 E.00332
G1 X95.05 Y108.25 E.00009
G1 X95.05 Y111.75 E.00332
G1 X94.95 Y111.75 E.00009
G1 X94.95 Y108.25 E.00332
G1 X94.85 Y108.25 E.00009
G1 X94.85 Y111.75 E.00332
G1 X94.75 Y111.75 E.00009
G1 X94.75 Y108.25 E.00332
G1 X94.65 Y108.25 E.00009
G1 X94.65 Y111.75 E.00332
G1 X94.55 Y111.75 E.00009
G1 X94.55 Y108.25 E.00332
G1 X94.45 Y108.25 E.00009
G1 X94.45 Y111.75 E.00332
G1 X94.35 Y111.75 E.00009
G1 X94.35 Y108.25 E.00332
G1 X94.25 Y108.25 E.00009
G1 X94.25 Y111.75 E.00332
G1 X94.15 Y111.75 E.00009
G1 X94.15 Y108.25 E.00332
G1 X94.05 Y108.25 E.00009
G1 X94.05 Y111.75 E.00332
G1 X93.95 Y111.75 E.00009
G1 X93.95 Y108.25 E.00332
G1 X93.85 Y108.25 E.00009
G1 X93.85 Y111.75 E.00332
G1 X93.75 Y111.75 E.00009
G1 X93.75 Y108.25 E.00332
G1 X93.65 Y108.25 E.00009
G1 X93.65 Y111.75 E.00332
G1 X93.55 Y111.75 E.00009
G1 X93.55 Y108.25 E.00332
G1 X93.45 Y108.25 E.00009
G1 X93.45 Y111.75 E.00332
G1 X93.35 Y111.75 E.00009
G1 X93.35 Y108.25 E.00332
G1 X93.25 Y108.25 E.00009
G1 X93.25 Y111.75 E.00332
G1 X93.15 Y111.75 E.00009
G1 X93.15 Y108.25 E.00332
G1 X93.05 Y108.25 E.00009
G1 X93.05 Y111.75 E.00332
G1 X92.95 Y111.75 E.00009
G1 X92.95 Y108.25 E.00332
G1 X92.85 Y108.25 E.00009
G1 X92.85 Y111.75 E.00332
G1 X92.75 Y111.75 E.00009
G1 X92.75 Y108.25 E.00332
G1 X92.65 Y108.25 E.00009
G1 X92.65 Y111.75 E.00332
G1 X92.55 Y111.75 E.00009
G1 X92.55 Y108.25 E.00332
G1 X92.45 Y108.25 E.00009
G1 X92.45 Y111.75 E.00332
G1 X92.35 Y111.75 E.00009
G1 X92.35 Y108.25 E.00332
G1 X92.25 Y108.25 E.00009
G1 X92.25 Y111.75 E.00332
G1 X92.15 Y111.75 E.00009
G1 X92.15 Y108.25 E.00332
G1 X92.05 Y108.25 E.00009
G1 X92.05 Y111.75 E.00332
G1 X91.95 Y111.75 E.00009
G1 X91.95 Y108.25 E.00332
G1 X91.85 Y108.25 E.00009
G1 X91.85 Y111.75 E.00332
G1 X91.75 Y111.75 E.00009
G1 X91.75 Y108.25 E.00332
G1 X91.65 Y108.25 E.00009
G1 X91.65 Y111.75 E.00332
G1 X91.55 Y111.75 E.00009
G1 X91.55 Y108.25 E.00332
G1 X91.45 Y108.25 E.00009
G1 X91.45 Y111.75 E.00332
G1 X91.35 Y111.75 E.00009
G1 X91.35 Y108.25 E.00332
G1 X91.25 Y108.25 E.00009
G1 X91.25 Y111.75 E.00332
G1 X91.15 Y111.75 E.00009
G1 X91.15 Y108.25 E.00332
G1 X91.05 Y108.25 E.00009
G1 X91.05 Y111.75 E.00332
G1 X90.95 Y111.75 E.00009
G1 X90.95 Y108.25 E.00332
G1 X90.85 Y108.25 E.00009
G1 X90.85 Y111.75 E.00332
G1 X90.75 Y111.75 E.00009
G1 X90.75 Y108.25 E.00332
G1 X90.65 Y108.25 E.00009
G1 X90.65 Y111.75 E.00332
G1 X90.55 Y111.75 E.00009
G1 X90.55 Y108.25 E.00332
G1 X90.45 Y108.25 E.00009
G1 X90.45 Y111.75 E.00332
G1 X90.35 Y111.75 E.00009
G1 X90.35 Y108.25 E.00332
G1 X90.25 Y108.25 E.00009
G1 X90.25 Y111.75 E.00332
G1 X90.15 Y111.75 E.00009
G1 X90.15 Y108.25 E.00332
G1 X90.05 Y108.25 E.00009
G1 X90.05 Y111.75 E.00332
G1 X89.95 Y111.75 E.00009
G1 X89.95 Y108.25 E.00332
G1 X89.85 Y108.25 E.00009
G1 X89.85 Y111.75 E.00332
G1 X89.75 Y111.75 E.00009
G1 X89.75 Y108.25 E.00332
G1 X89.65 Y108.25 E.00009
G1 X89.65 Y111.75 E.00332
G1 X89.55 Y111.75 E.00009
G1 X89.55 Y108.25 E.00332
G1 X89.45 Y108.25 E.00009
G1 X89.45 Y111.75 E.00332
G1 X89.35 Y111.75 E.00009
G1 X89.35 Y108.25 E.00332
G1 X89.25 Y108.25 E.00009
G1 X89.25 Y111.75 E.00332
G1 X89.15 Y111.75 E.00009
G1 X89.15 Y108.25 E.00332
G1 X89.05 Y108.25 E.00009
G1 X89.05 Y111.75 E.00332
G1 X88.95 Y111.75 E.00009
G1 X88.95 Y108.25 E.00332
G1 X88.85 Y108.25 E.00009
G1 X88.85 Y111.75 E.00332
G1 X88.75 Y111.75 E.00009
G1 X88.75 Y108.25 E.00332
G1 X88.65 Y108.25 E.00009
G1 X88.65 Y111.75 E.00332
G1 X88.55 Y111.75 E.00009
G1 X88.55 Y108.25 E.00332
G1 X88.45 Y108.25 E.00009
G1 X88.45 Y111.75 E.00332
G1 X88.35 Y111.75 E.00009
G1 X88.35 Y108.25 E.00332
G1 X88.25 Y108.25 E.00009
G1 X88.25 Y111.75 E.00332
G1 X88.15 Y111.75 E.00009
G1 X88.15 Y108.25 E.00332
G1 X88.05 Y108.25 E.00009
G1 X88.05 Y111.75 E.00332
G1 X87.95 Y111.75 E.00009
G1 X87.95 Y108.25 E.00332
G1 X87.85 Y108.25 E.00009
G1 X87.85 Y111.75 E.00332
G1 X87.75 Y111.75 E.00009
G1 X87.75 Y108.25 E.00332
G1 X87.65 Y108.25 E.00009
G1 X87.65 Y111.75 E.00332
G1 X87.55 Y111.75 E.00009
G1 X87.55 Y108.25 E.00332
G1 X87.45 Y108.25 E.00009
G1 X87.45 Y111.75 E.00332
G1 X87.35 Y111.75 E.00009
G1 X87.35 Y108.25 E.00332
G1 X87.25 Y108.25 E.00009
G1 X87.25 Y111.75 E.00332
G1 X87.15 Y111.75 E.00009
G1 X87.15 Y108.25 E.00332
G1 X87.05 Y108.25 E.00009
G1 X87.05 Y111.75 E.00332
G1 X86.95 Y111.75 E.00009
G1 X86.95 Y108.25 E.00332
G1 X86.85 Y108.25 E.00009
G1 X86.85 Y111.75 E.00332
G1 X86.75 Y111.75 E.00009
G1 X86.75 Y108.25 E.00332
G1 X86.65 Y108.25 E.00009
G1 X86.65 Y111.75 E.00332
G1 X86.55 Y111.75 E.00009
G1 X86.55 Y108.25 E.00332
G1 X86.45 Y108.25 E.00009
G1 X86.45 Y111.75 E.00332
G1 X86.35 Y111.75 E.00009
G1 X86.35 Y108.25 E.00332
G1 X86.25 Y108.25 E.00009
G1 X86.25 Y111.75 E.00332
G1 X86.15 Y111.75 E.00009
G1 X86.15 Y108.25 E.00332
G1 X86.05 Y108.25 E.00009
G1 X86.05 Y111.75 E.00332
G1 X85.95 Y111.75 E.00009
G1 X85.95 Y108.25 E.00332
G1 X85.85 Y108.25 E.00009
G1 X85.85 Y111.75 E.00332
G1 X85.75 Y111.75 E.00009
G1 X85.75 Y108.25 E.00332
G1 X85.65 Y108.25 E.00009
G1 X85.65 Y111.75 E.00332
G1 X85.55 Y111.75 E.00009
G1 X85.55 Y108.25 E.00332
G1 X85.45 Y108.25 E.00009
G1 X85.45 Y111.75 E.00332
G1 X85.35 Y111.75 E.00009
G1 X85.35 Y108.25 E.00332
G1 X85.25 Y108.25 E.00009
G1 X85.25 Y111.75 E.00332
G1 X85.15 Y111.75 E.00009
G1 X85.15 Y108.25 E.00332
G1 X85.05 Y108.25 E.00009
G1 X85.05 Y111.75 E.00332
G1 X84.95 Y111.75 E.00009
G1 X84.95 Y108.25 E.00332
G1 X84.85 Y108.25 E.00009
G1 X84.85 Y111.75 E.00332
G1 X84.75 Y111.75 E.00009
G1 X84.75 Y108.25 E.00332
G1 X84.65 Y108.25 E.00009
G1 X84.65 Y111.75 E.00332
G1 X84.55 Y111.75 E.00009
G1 X84.55 Y108.25 E.00332
G1 X84.45 Y108.25 E.00009
G1 X84.45 Y111.75 E.00332
G1 X84.35 Y111.75 E.00009
G1 X84.35 Y108.25 E.00332
G1 X84.25 Y108.25 E.00009
G1 X84.25 Y111.75 E.00332
G1 X84.15 Y111.75 E.00009
G1 X84.15 Y108.25 E.00332
G1 X84.05 Y108.25 E.00009
G1 X84.05 Y111.75 E.00332
G1 X83.95 Y111.75 E.00009
G1 X83.95 Y108.25 E.00332
G1 X83.85 Y108.25 E.00009
G1 X83.85 Y111.75 E.00332
G1 X83.75 Y111.75 E.00009
G1 X83.75 Y108.25 E.00332
G1 X83.65 Y108.25 E.00009
G1 X83.65 Y111.75 E.00332
G1 X83.55 Y111.75 E.00009
G1 X83.55 Y108.25 E.00332
G1 X83.45 Y108.25 E.00009
G1 X83.45 Y111.75 E.00332
G1 X83.35 Y111.75 E.00009
G1 X83.35 Y108.25 E.00332
G1 X83.25 Y108.25 E.00009
G1 X83.25 Y111.75 E.00332
G1 X83.15 Y111.75 E.00009
G1 X83.15 Y108.25 E.00332
G1 X83.05 Y108.25 E.00009
G1 X83.05 Y111.75 E.00332
G1 X82.95 Y111.75 E.00009
G1 X82.95 Y108.25 E.00332
G1 X82.85 Y108.25 E.00009
G1 X82.85 Y111.75 E.00332
G1 X82.75 Y111.75 E.00009
G1 X82.75 Y108.25 E.00332
G1 X82.65 Y108.25 E.00009
G1 X82.65 Y111.75 E.00332
G1 X82.55 Y111.75 E.00009
G1 X82.55 Y108.25 E.00332
G1 X82.45 Y108.25 E.00009
G1 X82.45 Y111.75 E.00332
G1 X82.35 Y111.75 E.00009
G1 X82.35 Y108.25 E.00332
G1 X82.25 Y108.25 E.00009
G1 X82.25 Y111.75 E.00332
G1 X82.15 Y111.75 E.00009
G1 X82.15 Y108.25 E.00332
G1 X82.05 Y108.25 E.00009
G1 X82.05 Y111.75 E.00332
G1 X81.95 Y111.75 E.00009
G1 X81.95 Y108.25 E.00332
G1 X81.85 Y108.25 E.00009
G1 X81.85 Y111.75 E.00332
G1 X81.75 Y111.75 E.00009
G1 X81.75 Y108.25 E.00332
G1 X81.65 Y108.25 E.00009
G1 X81.65 Y111.75 E.00332
G1 X81.55 Y111.75 E.00009
G1 X81.55 Y108.25 E.00332
G1 X81.45 Y108.25 E.00009
G1 X81.45 Y111.75 E.00332
G1 X81.35 Y111.75 E.00009
G1 X81.35 Y108.25 E.00332
G1 X81.25 Y108.25 E.00009
G1 X81.25 Y111.75 E.00332
G1 X81.15 Y111.75 E.00009
G1 X81.15 Y108.25 E.00332
G1 X81.05 Y108.25 E.00009
G1 X81.05 Y111.75 E.00332
G1 X80.95 Y111.75 E.00009
G1 X80.95 Y108.25 E.00332
G1 X80.85 Y108.25 E.00009
G1 X80.85 Y111.75 E.00332
G1 X80.75 Y111.75 E.00009
G1 X80.75 Y108.25 E.00332
G1 X80.65 Y108.25 E.00009
G1 X80.65 Y111.75 E.00332
G1 X80.55 Y111.75 E.00009
G1 X80.55 Y108.25 E.00332
G1 X80.45 Y108.25 E.00009
G1 X80.45 Y111.75 E.00332
G1 X80.35 Y111.75 E.00009
G1 X80.35 Y108.25 E.00332
G1 X80.25 Y108.25 E.00009
G1 X80.25 Y111.75 E.00332
G1 X80.15 Y111.75 E.00009
G1 X80.15 Y108.25 E.00332
G1 X80.05 Y108.25 E.00009
G1 X80.05 Y111.75 E.00332
G1 X79.95 Y111.75 E.00009
G1 X79.95 Y108.25 E.00332
G1 X79.85 Y108.25 E.00009
G1 X79.85 Y111.75 E.00332
G1 X79.75 Y111.75 E.00009
G1 X79.75 Y108.25 E.00332
G1 X79.65 Y108.25 E.00009
G1 X79.65 Y111.75 E.00332
G1 X79.55 Y111.75 E.00009
G1 X79.55 Y108.25 E.00332
G1 X79.45 Y108.25 E.00009
G1 X79.45 Y111.75 E.00332
G1 X79.35 Y111.75 E.00009
G1 X79.35 Y108.25 E.00332
G1 X79.25 Y108.25 E.00009
G1 X79.25 Y111.75 E.00332
G1 X79.15 Y111.75 E.00009
G1 X79.15 Y108.25 E.00332
G1 X79.05 Y108.25 E.00009
G1 X79.05 Y111.75 E.00332
G1 X78.95 Y111.75 E.00009
G1 X78.95 Y108.25 E.00332
G1 X78.85 Y108.25 E.00009
G1 X78.85 Y111.75 E.00332
G1 X78.75 Y111.75 E.00009
G1 X78.75 Y108.25 E.00332
G1 X78.65 Y108.25 E.00009
G1 X78.65 Y111.75 E.00332
G1 X78.55 Y111.75 E.00009
G1 X78.55 Y108.25 E.00332
G1 X78.45 Y108.25 E.00009
G1 X78.45 Y111.75 E.00332
G1 X78.35 Y111.75 E.00009
G1 X78.35 Y108.25 E.00332
G1 X78.25 Y108.25 E.00009
G1 X78.25 Y111.75 E.00332
G1 X78.15 Y111.75 E.00009
G1 X78.15 Y108.25 E.00332
G1 X78.05 Y108.25 E.00009
G1 X78.05 Y111.75 E.00332
G1 X77.95 Y111.75 E.00009
G1 X77.95 Y108.25 E.00332
G1 X77.85 Y108.25 E.00009
G1 X77.85 Y111.75 E.00332
G1 X77.75 Y111.75 E.00009
G1 X77.75 Y108.25 E.00332
G1 X77.65 Y108.25 E.00009
G1 X77.65 Y111.75 E.00332
G1 X77.55 Y111.75 E.00009
G1 X77.55 Y108.25 E.00332
G1 X77.45 Y108.25 E.00009
G1 X77.45 Y111.75 E.00332
G1 X77.35 Y111.75 E.00009
G1 X77.35 Y108.25 E.00332
G1 X77.25 Y108.25 E.00009
G1 X77.25 Y111.75 E.00332
G1 X77.15 Y111.75 E.00009
G1 X77.15 Y108.25 E.00332
G1 X77.05 Y108.25 E.00009
G1 X77.05 Y111.75 E.00332
G1 X76.95 Y111.75 E.00009
G1 X76.95 Y108.25 E.00332
G1 X76.85 Y108.25 E.00009
G1 X76.85 Y111.75 E.00332
G1 X76.75 Y111.75 E.00009
G1 X76.75 Y108.25 E.00332
G1 X76.65 Y108.25 E.00009
G1 X76.65 Y111.75 E.00332
G1 X76.55 Y111.75 E.00009
G1 X76.55 Y108.25 E.00332
G1 X76.45 Y108.25 E.00009
G1 X76.45 Y111.75 E.00332
G1 X76.35 Y111.75 E.00009
G1 X76.35 Y108.25 E.00332
G1 X76.25 Y108.25 E.00009
G1 X76.25 Y111.75 E.00332
G1 X76.15 Y111.75 E.00009
G1 X76.15 Y108.25 E.00332
G1 X76.05 Y108.25 E.00009
G1 X76.05 Y111.75 E.00332
G1 X75.95 Y111.75 E.00009
G1 X75.95 Y108.25 E.00332
G1 X75.85 Y108.25 E.00009
G1 X75.85 Y111.75 E.00332
G1 X75.75 Y111.75 E.00009
G1 X75.75 Y108.25 E.00332
G1 X75.65 Y108.25 E.00009
G1 X75.65 Y111.75 E.00332
G1 X75.55 Y111.75 E.00009
G1 X75.55 Y108.25 E.00332
G1 X75.45 Y108.25 E.00009
G1 X75.45 Y111.75 E.00332
G1 X75.35 Y111.75 E.00009
G1 X75.35 Y108.25 E.00332
G1 X75.25 Y108.25 E.00009
G1 X75.25 Y111.75 E.00332
G1 X75.15 Y111.75 E.00009
G1 X75.15 Y108.25 E.00332
G1 X75.05 Y108.25 E.00009
G1 X75.05 Y111.75 E.00332
G1 X74.95 Y111.75 E.00009
G1 X74.95 Y108.25 E.00332
G1 X74.85 Y108.25 E.00009
G1 X74.85 Y111.75 E.00332
G1 X74.75 Y111.75 E.00009
G1 X74.75 Y108.25 E.00332
G1 X74.65 Y108.25 E.00009
G1 X74.65 Y111.75 E.00332
G1 X74.55 Y111.75 E.00009
G1 X74.55 Y108.25 E.00332
G1 X74.45 Y108.25 E.00009
G1 X74.45 Y111.75 E.00332
G1 X74.35 Y111.75 E.00009
G1 X74.35 Y108.25 E.00332
G1 X74.25 Y108.25 E.00009
G1 X74.25 Y111.75 E.00332
G1 X74.15 Y111.75 E.00009
G1 X74.15 Y108.25 E.00332
G1 X74.05 Y108.25 E.00009
G1 X74.05 Y111.75 E.00332
G1 X73.95 Y111.75 E.00009
G1 X73.95 Y108.25 E.00332
G1 X73.85 Y108.25 E.00009
G1 X73.85 Y111.75 E.00332
G1 X73.75 Y111.75 E.00009
G1 X73.75 Y108.25 E.00332
G1 X73.65 Y108.25 E.00009
G1 X73.65 Y111.75 E.00332
G1 X73.55 Y111.75 E.00009
G1 X73.55 Y108.25 E.00332
G1 X73.45 Y108.25 E.00009
G1 X73.45 Y111.75 E.00332
G1 X73.35 Y111.75 E.00009
G1 X73.35 Y108.25 E.00332
G1 X73.25 Y108.25 E.00009
G1 X73.25 Y111.75 E.00332
G1 X73.15 Y111.75 E.00009
G1 X73.15 Y108.25 E.00332
G1 X73.05 Y108.25 E.00009
G1 X73.05 Y111.75 E.00332
G1 X72.95 Y111.75 E.00009
G1 X72.95 Y108.25 E.00332
G1 X72.85 Y108.25 E.00009
G1 X72.85 Y111.75 E.00332
G1 X72.75 Y111.75 E.00009
G1 X72.75 Y108.25 E.00332
G1 X72.65 Y108.25 E.00009
G1 X72.65 Y111.75 E.00332
G1 X72.55 Y111.75 E.00009
G1 X72.55 Y108.25 E.00332
G1 X72.45 Y108.25 E.00009
G1 X72.45 Y111.75 E.00332
G1 X72.35 Y111.75 E.00009
G1 X72.35 Y108.205 E.00336
; stop printing object pogo_receiver_coupon.stl id:0 copy 0
G1 E-1.75 F6000
;WIPE_START
G1 F900
G1 X72.35 Y109.205 E-.75
;WIPE_END
M106 S0
;TYPE:Custom
; filament end gcode
;M106 P3 S0
M140 S0 ; heatbed off
M107 ; fan off
G91 ; relative positioning
M83 ; extruder relative mode
G1 E-3 F3000 ; retract
G1 Z+0.5 F3000 ; lift nozzle
M104 S0 ; extruder off
G28 X Y ; home X/Y
G90 ; absolute positioning
G1 Y220 F3000
M84 ; steppers off
M300 S1318 P266
; EXECUTABLE_BLOCK_END

; filament used [mm] = 4288.09
; filament used [cm3] = 10.31
; filament used [g] = 12.79
; filament cost = 0.23
; total filament used [g] = 12.79
; total filament cost = 0.23
; total layers count = 174
; estimated printing time (normal mode) = 1h 9m 34s
; estimated first layer printing time (normal mode) = 4m 29s

; CONFIG_BLOCK_START
; accel_to_decel_enable = 1
; accel_to_decel_factor = 50%
; activate_air_filtration = 0
; activate_air_filtration_during_print = 1
; activate_air_filtration_on_completion = 1
; activate_chamber_temp_control = 0
; adaptive_bed_mesh_margin = 0
; adaptive_pressure_advance = 0
; adaptive_pressure_advance_bridges = 0
; adaptive_pressure_advance_model = "0,0,0\n0,0,0"
; adaptive_pressure_advance_overhangs = 0
; additional_cooling_fan_speed = 0
; additional_fan_full_speed_layer = 0
; align_infill_direction_to_model = 0
; alternate_extra_wall = 0
; auxiliary_fan = 0
; bbl_calib_mark_logo = 1
; bbl_use_printhost = 0
; bed_custom_model =
; bed_custom_texture =
; bed_exclude_area = 0x0
; bed_mesh_max = 0,0
; bed_mesh_min = 0,0
; bed_mesh_probe_distance = 0,0
; bed_temperature_formula = by_highest_temp
; before_layer_change_gcode = G92 E0 ; zero the extruded length again\n; BEFORE_LAYER_CHANGE [layer_num] @ [layer_z]mm
; best_object_pos = 0.5,0.5
; bottom_shell_layers = 6
; bottom_shell_thickness = 0.6
; bottom_solid_infill_flow_ratio = 1
; bottom_surface_density = 100%
; bottom_surface_filament_id = 0
; bottom_surface_pattern = monotonic
; bridge_acceleration = 50%
; bridge_angle = 0
; bridge_density = 100%
; bridge_flow = 0.9
; bridge_line_width = 100%
; bridge_no_support = 1
; bridge_speed = 25
; brim_ears_detection_length = 1
; brim_ears_max_angle = 125
; brim_flow_ratio = 1
; brim_object_gap = 0.15
; brim_type = outer_only
; brim_use_efc_outline = 0
; brim_width = 8
; calib_flowrate_topinfill_special_order = 0
; chamber_minimal_temperature = 0
; chamber_temperature = 0
; change_extrusion_role_gcode =
; change_filament_gcode =
; close_additional_fan_first_x_layers = 1
; close_fan_the_first_x_layers = 3
; combine_brims = 0
; compatible_printers_condition =
; complete_print_exhaust_fan_speed = 70
; cool_plate_temp = 80
; cool_plate_temp_initial_layer = 80
; cooling_tube_length = 0
; cooling_tube_retraction = 0
; counterbore_hole_bridging = none
; curr_bed_type = Cool Plate
; default_acceleration = 2000
; default_filament_colour = ""
; default_filament_profile = "Anycubic Generic PLA"
; default_jerk = 0
; default_junction_deviation = 0
; default_print_profile = 0.20mm Standard @Anycubic Kobra Neo 0.4 nozzle
; deretraction_speed = 0
; detect_narrow_internal_solid_infill = 1
; detect_overhang_wall = 1
; detect_thin_wall = 0
; different_settings_to_system = ;;
; disable_m73 = 1
; dont_filter_internal_bridges = disabled
; dont_slow_down_outer_wall = 0
; draft_shield = disabled
; during_print_exhaust_fan_speed = 70
; elefant_foot_compensation = 0.075
; elefant_foot_compensation_layers = 1
; elefant_foot_layers_density = 100%
; emit_machine_limits_to_gcode = 1
; enable_arc_fitting = 0
; enable_extra_bridge_layer = disabled
; enable_filament_ramming = 0
; enable_long_retraction_when_cut = 0
; enable_overhang_bridge_fan = 1
; enable_overhang_speed = 1
; enable_power_loss_recovery = printer_configuration
; enable_pressure_advance = 0
; enable_prime_tower = 0
; enable_support = 0
; enable_tower_interface_cooldown_during_tower = 0
; enable_tower_interface_features = 0
; enable_wrapping_detection = 0
; enforce_support_layers = 0
; eng_plate_temp = 60
; eng_plate_temp_initial_layer = 60
; ensure_vertical_shell_thickness = ensure_all
; exclude_object = 0
; extra_loading_move = 0
; extra_perimeters_on_overhangs = 1
; extra_solid_infills =
; extruder_ams_count =
; extruder_clearance_height_to_lid = 20
; extruder_clearance_height_to_rod = 20
; extruder_clearance_radius = 20
; extruder_colour = #F2754E
; extruder_offset = 0x0
; extruder_printable_area =
; extruder_printable_height = 0
; extruder_type = Direct Drive
; extrusion_rate_smoothing_external_perimeter_only = 0
; fan_cooling_layer_time = 30
; fan_kickstart = 0
; fan_max_speed = 70
; fan_min_speed = 40
; fan_speedup_overhangs = 1
; fan_speedup_time = 0
; filament_adaptive_volumetric_speed = 0
; filament_adhesiveness_category = 0
; filament_change_extrusion_role_gcode = ""
; filament_change_length = 10
; filament_colour = #F2754E
; filament_cooling_before_tower = 10
; filament_cooling_final_speed = 3.4
; filament_cooling_initial_speed = 2.2
; filament_cooling_moves = 4
; filament_cost = 18
; filament_density = 1.24
; filament_diameter = 1.75
; filament_end_gcode = "; filament end gcode \n;M106 P3 S0\n"
; filament_extruder_variant = "Direct Drive Standard"
; filament_flow_ratio = 0.95
; filament_flush_temp = 0
; filament_flush_volumetric_speed = 0
; filament_ids = NUMPETGHS
; filament_is_support = 0
; filament_loading_speed = 28
; filament_loading_speed_start = 3
; filament_map = 1
; filament_map_mode = Auto For Flush
; filament_max_volumetric_speed = 8
; filament_minimal_purge_on_wipe_tower = 15
; filament_multitool_ramming = 0
; filament_multitool_ramming_flow = 10
; filament_multitool_ramming_volume = 10
; filament_notes = ""
; filament_printable = 3
; filament_ramming_parameters = "120 100 6.6 6.8 7.2 7.6 7.9 8.2 8.7 9.4 9.9 10.0| 0.05 6.6 0.45 6.8 0.95 7.8 1.45 8.3 1.95 9.7 2.45 10 2.95 7.6 3.45 7.6 3.95 7.6 4.45 7.6 4.95 7.6"
; filament_self_index = 1
; filament_settings_id = "numakers PETG-HS Braillix"
; filament_shrink = 100%
; filament_shrinkage_compensation_z = 100%
; filament_soluble = 0
; filament_stamping_distance = 0
; filament_stamping_loading_speed = 0
; filament_start_gcode = "; Filament gcode\n;{if activate_air_filtration[current_extruder] && support_air_filtration}\n;M106 P3 S{during_print_exhaust_fan_speed_num[current_extruder]} \n;{endif}"
; filament_toolchange_delay = 0
; filament_tower_interface_pre_extrusion_dist = 10
; filament_tower_interface_pre_extrusion_length = 0
; filament_tower_interface_print_temp = -1
; filament_tower_interface_purge_volume = 20
; filament_tower_ironing_area = 4
; filament_type = PETG
; filament_unloading_speed = 90
; filament_unloading_speed_start = 100
; filament_vendor = numakers
; file_start_gcode =
; filename_format = {input_filename_base}_{filament_type[0]}_{layer_height}_{print_time}.gcode
; fill_multiline = 1
; filter_out_gap_fill = 0
; first_layer_flow_ratio = 1
; first_layer_print_sequence = 0
; first_x_layer_fan_speed = 0
; flush_into_infill = 0
; flush_into_objects = 0
; flush_into_support = 0
; flush_multiplier = 0.3
; flush_volumes_matrix = 0,280,280,280,280,0,280,280,280,280,0,280,280,280,280,0
; flush_volumes_vector = 140,140,140,140,140,140,140,140
; full_fan_speed_layer = 3
; fuzzy_skin = none
; fuzzy_skin_first_layer = 0
; fuzzy_skin_layers_between_ripple_offset = 1
; fuzzy_skin_mode = displacement
; fuzzy_skin_noise_type = classic
; fuzzy_skin_octaves = 4
; fuzzy_skin_persistence = 0.5
; fuzzy_skin_point_distance = 0.8
; fuzzy_skin_ripple_offset = 50%
; fuzzy_skin_ripples_per_layer = 15
; fuzzy_skin_scale = 1
; fuzzy_skin_thickness = 0.3
; gap_fill_flow_ratio = 1
; gap_fill_target = topbottom
; gap_infill_speed = 100
; gcode_add_line_number = 0
; gcode_comments = 0
; gcode_flavor = marlin2
; gcode_label_objects = 1
; grab_length = 0
; gyroid_optimized = 0
; has_scarf_joint_seam = 0
; head_wrap_detect_zone =
; high_current_on_filament_swap = 0
; hole_to_polyhole = 0
; hole_to_polyhole_threshold = 0.01
; hole_to_polyhole_twisted = 1
; host_type = octoprint
; hot_plate_temp = 80
; hot_plate_temp_initial_layer = 80
; idle_temperature = 0
; independent_support_layer_height = 1
; infill_anchor = 400
; infill_anchor_max = 10
; infill_combination = 0
; infill_combination_max_layer_height = 100%
; infill_direction = 45
; infill_jerk = 9
; infill_lock_depth = 1
; infill_overhang_angle = 60
; infill_shift_step = 0.4
; infill_wall_overlap = 15%
; inherits_group = ;;
; initial_layer_acceleration = 500
; initial_layer_infill_speed = 50
; initial_layer_jerk = 9
; initial_layer_line_width = 0.5
; initial_layer_min_bead_width = 85%
; initial_layer_print_height = 0.24
; initial_layer_speed = 50
; initial_layer_travel_acceleration = 100%
; initial_layer_travel_jerk = 100%
; initial_layer_travel_speed = 100%
; inner_wall_acceleration = 1500
; inner_wall_filament_id = 0
; inner_wall_flow_ratio = 1
; inner_wall_jerk = 10
; inner_wall_line_width = 0.45
; inner_wall_speed = 100
; input_shaping_damp_x = 0.1
; input_shaping_damp_y = 0.1
; input_shaping_emit = 0
; input_shaping_freq_x = 0
; input_shaping_freq_y = 0
; input_shaping_type = Default
; interface_shells = 0
; interlocking_beam = 0
; interlocking_beam_layer_count = 2
; interlocking_beam_width = 0.8
; interlocking_boundary_avoidance = 2
; interlocking_depth = 2
; interlocking_orientation = 22.5
; internal_bridge_angle = 0
; internal_bridge_density = 100%
; internal_bridge_fan_speed = -1
; internal_bridge_flow = 1
; internal_bridge_speed = 150%
; internal_solid_filament_id = 0
; internal_solid_infill_acceleration = 100%
; internal_solid_infill_flow_ratio = 1
; internal_solid_infill_line_width = 0.42
; internal_solid_infill_pattern = rectilinear
; internal_solid_infill_speed = 100
; ironing_angle = 0
; ironing_angle_fixed = 0
; ironing_fan_speed = -1
; ironing_flow = 15%
; ironing_inset = 0
; ironing_pattern = rectilinear
; ironing_spacing = 0.1
; ironing_speed = 15
; ironing_type = top
; is_infill_first = 0
; lateral_lattice_angle_1 = -45
; lateral_lattice_angle_2 = 45
; layer_change_gcode = ; AFTER_LAYER_CHANGE [layer_num] @ [layer_z]mm
; layer_height = 0.16
; lightning_overhang_angle = 45
; lightning_prune_angle = 45
; lightning_straightening_angle = 45
; line_width = 0.42
; long_retractions_when_cut = 0
; long_retractions_when_ec = 0
; machine_end_gcode = M140 S0 ; heatbed off\nM107 ; fan off\nG91 ; relative positioning\nM83 ; extruder relative mode\nG1 E-3 F3000 ; retract\nG1 Z+0.5 F3000 ; lift nozzle\nM104 S0 ; extruder off\nG28 X Y ; home X/Y\nG90 ; absolute positioning\nG1 Y220 F3000\nM84 ; steppers off\nM300 S1318 P266
; machine_load_filament_time = 42
; machine_max_acceleration_e = 2000,2000
; machine_max_acceleration_extruding = 2000,2000
; machine_max_acceleration_retracting = 2000,2000
; machine_max_acceleration_travel = 20000,20000
; machine_max_acceleration_x = 2000,2000
; machine_max_acceleration_y = 2000,2000
; machine_max_acceleration_z = 800,800
; machine_max_jerk_e = 5,5
; machine_max_jerk_x = 10,10
; machine_max_jerk_y = 10,10
; machine_max_jerk_z = 2,2
; machine_max_junction_deviation = 0.01
; machine_max_speed_e = 100,100
; machine_max_speed_x = 300,300
; machine_max_speed_y = 300,300
; machine_max_speed_z = 8,8
; machine_min_extruding_rate = 0,0
; machine_min_travel_rate = 0,0
; machine_pause_gcode = M601
; machine_start_gcode = G21 ; metric values\nG90 ; use absolute coordinates\nM83 ; extruder relative mode\nM104 S[first_layer_temperature] ; set extruder temp\nM140 S[first_layer_bed_temperature] ; set bed temp\nG28 ; home all axes\nG29 ; auto bed leveling\nM300 S1318 P266\nG1 Z5 F5000 ; lift nozzle\nG1 X0 Y0 F3000\nG1 Z0.3 ; lower nozzle\nG92 E0 ; zero extruded length\nG1 X10 Y5 F1800 ; move to purge line start\nM190 S[first_layer_bed_temperature] ; wait for bed temp\nM109 S[first_layer_temperature] ; wait for extruder temp\nG1 X60 Y5 E20 F500 ; purge line\nG92 E0 ; zero extruded length\nG1 E-4.5 F4000 ; retract\nG92 E0 ; zero extruded length\nG1 X120 F4000 ; wipe\nM117 Printing...
; machine_tool_change_time = 0
; machine_unload_filament_time = 0
; make_overhang_printable = 0
; make_overhang_printable_angle = 55
; make_overhang_printable_hole_size = 0
; manual_filament_change = 0
; master_extruder_id = 1
; max_bridge_length = 10
; max_layer_height = 0.28
; max_resonance_avoidance_speed = 120
; max_travel_detour_distance = 0
; max_volumetric_extrusion_rate_slope = 0
; max_volumetric_extrusion_rate_slope_segment_length = 5
; min_bead_width = 85%
; min_feature_size = 25%
; min_layer_height = 0.08
; min_length_factor = 0.5
; min_resonance_avoidance_speed = 70
; min_skirt_length = 0
; min_width_top_surface = 300%
; minimum_sparse_infill_area = 15
; mmu_segmented_region_interlocking_depth = 0
; mmu_segmented_region_max_width = 0
; notes =
; nozzle_diameter = 0.4
; nozzle_flush_dataset = 0
; nozzle_height = 4
; nozzle_hrc = 0
; nozzle_temperature = 230
; nozzle_temperature_initial_layer = 235
; nozzle_temperature_range_high = 260
; nozzle_temperature_range_low = 220
; nozzle_type = brass
; nozzle_volume = 0
; nozzle_volume_type = Standard
; only_one_wall_first_layer = 0
; only_one_wall_top = 1
; ooze_prevention = 0
; other_layers_print_sequence = 0
; other_layers_print_sequence_nums = 0
; outer_wall_acceleration = 1000
; outer_wall_filament_id = 0
; outer_wall_flow_ratio = 1
; outer_wall_jerk = 10
; outer_wall_line_width = 0.42
; outer_wall_speed = 60
; overhang_1_4_speed = 60
; overhang_2_4_speed = 50
; overhang_3_4_speed = 30
; overhang_4_4_speed = 10
; overhang_fan_speed = 50
; overhang_fan_threshold = 50%
; overhang_flow_ratio = 1
; overhang_reverse = 0
; overhang_reverse_internal_only = 0
; overhang_reverse_threshold = 50%
; parallel_printheads_bed_exclude_areas =
; parallel_printheads_count = 1
; parking_pos_retraction = 0
; part_cooling_fan_min_pwm = 0
; physical_extruder_map = 0
; post_process =
; precise_outer_wall = 0
; precise_z_height = 0
; preferred_orientation = 0
; preheat_steps = 1
; preheat_time = 30
; pressure_advance = 0.02
; prime_tower_brim_width = 5
; prime_tower_enable_framework = 0
; prime_tower_flat_ironing = 0
; prime_tower_infill_gap = 150%
; prime_tower_skip_points = 1
; prime_tower_width = 45
; prime_volume = 45
; print_compatible_printers = "Anycubic Kobra Neo 0.4 nozzle"
; print_extruder_id = 1
; print_extruder_variant = "Direct Drive Standard"
; print_flow_ratio = 1
; print_order = default
; print_sequence = by layer
; print_settings_id = Braillix 0.16mm PETG - Kobra Neo release
; printable_area = 0x0,220x0,220x220,0x220
; printable_height = 250
; printer_extruder_id = 1
; printer_extruder_variant = "Direct Drive Standard"
; printer_model = Anycubic Kobra Neo
; printer_notes =
; printer_settings_id = Anycubic Kobra Neo 0.4 nozzle
; printer_structure = i3
; printer_technology = FFF
; printer_variant = 0.4
; printhost_authorization_type = key
; printhost_ssl_ignore_revoke = 0
; printing_by_object_gcode =
; process_change_extrusion_role_gcode =
; purge_in_prime_tower = 0
; raft_contact_distance = 0.1
; raft_expansion = 1.5
; raft_first_layer_density = 90%
; raft_first_layer_expansion = 2
; raft_layers = 0
; reduce_crossing_wall = 1
; reduce_fan_stop_start_freq = 1
; reduce_infill_retraction = 1
; relative_bridge_angle = 0
; required_nozzle_HRC = 3
; resolution = 0.012
; resonance_avoidance = 0
; retract_before_wipe = 70%
; retract_length_toolchange = 0
; retract_lift_above = 0.3
; retract_lift_below = 258
; retract_lift_enforce = All Surfaces
; retract_restart_extra = 0
; retract_restart_extra_toolchange = 0
; retract_when_changing_layer = 1
; retraction_distances_when_cut = 18
; retraction_distances_when_ec = 10
; retraction_length = 2.5
; retraction_minimum_travel = 1
; retraction_speed = 100
; role_based_wipe_speed = 1
; scan_first_layer = 0
; scarf_angle_threshold = 155
; scarf_joint_flow_ratio = 1
; scarf_joint_speed = 100%
; scarf_overhang_threshold = 40%
; seam_gap = 15%
; seam_position = back
; seam_slope_conditional = 0
; seam_slope_entire_loop = 0
; seam_slope_inner_walls = 0
; seam_slope_min_length = 20
; seam_slope_start_height = 0
; seam_slope_steps = 10
; seam_slope_type = none
; set_other_flow_ratios = 0
; silent_mode = 0
; single_extruder_multi_material = 1
; single_extruder_multi_material_priming = 0
; single_loop_draft_shield = 0
; skeleton_infill_density = 25%
; skeleton_infill_line_width = 100%
; skin_infill_density = 25%
; skin_infill_depth = 2
; skin_infill_line_width = 100%
; skirt_distance = 2
; skirt_height = 1
; skirt_loops = 0
; skirt_speed = 50
; skirt_start_angle = -135
; skirt_type = combined
; slice_closing_radius = 0.049
; slicing_mode = regular
; slow_down_for_layer_cooling = 1
; slow_down_layer_time = 10
; slow_down_layers = 1
; slow_down_min_speed = 10
; slowdown_for_curled_perimeters = 0
; small_area_infill_flow_compensation = 0
; small_area_infill_flow_compensation_model = 0,0;"\n0.2,0.4444";"\n0.4,0.6145";"\n0.6,0.7059";"\n0.8,0.7619";"\n1.5,0.8571";"\n2,0.8889";"\n3,0.9231";"\n5,0.9520";"\n10,1"
; small_perimeter_speed = 50%
; small_perimeter_threshold = 0
; solid_infill_direction = 45
; solid_infill_rotate_template = 0,90
; sparse_infill_acceleration = 100%
; sparse_infill_density = 40%
; sparse_infill_filament_id = 0
; sparse_infill_flow_ratio = 1
; sparse_infill_line_width = 0.45
; sparse_infill_pattern = crosshatch
; sparse_infill_rotate_template =
; sparse_infill_speed = 150
; spiral_finishing_flow_ratio = 0
; spiral_mode = 0
; spiral_mode_max_xy_smoothing = 200%
; spiral_mode_smooth = 0
; spiral_starting_flow_ratio = 0
; staggered_inner_seams = 0
; standby_temperature_delta = -5
; start_end_points = 30x-3,54x245
; supertack_plate_temp = 35
; supertack_plate_temp_initial_layer = 35
; support_air_filtration = 1
; support_angle = 0
; support_base_pattern = rectilinear
; support_base_pattern_spacing = 0.2
; support_bottom_interface_spacing = 0.5
; support_bottom_z_distance = 0.1
; support_chamber_temp_control = 1
; support_critical_regions_only = 0
; support_expansion = 0
; support_filament = 0
; support_flow_ratio = 1
; support_interface_bottom_layers = -1
; support_interface_filament = 0
; support_interface_flow_ratio = 1
; support_interface_loop_pattern = 0
; support_interface_not_for_body = 1
; support_interface_pattern = auto
; support_interface_spacing = 0.5
; support_interface_speed = 80
; support_interface_top_layers = 2
; support_ironing = 0
; support_ironing_flow = 10%
; support_ironing_pattern = rectilinear
; support_ironing_spacing = 0.1
; support_line_width = 0.4
; support_material_interface_fan_speed = -1
; support_multi_bed_types = 0
; support_object_first_layer_gap = 0.2
; support_object_skip_flush = 0
; support_object_xy_distance = 0.35
; support_on_build_plate_only = 1
; support_parallel_printheads = 0
; support_remove_small_overhang = 1
; support_speed = 100
; support_style = default
; support_threshold_angle = 40
; support_threshold_overlap = 50%
; support_top_z_distance = 0.1
; support_type = tree(auto)
; symmetric_infill_y_axis = 0
; temperature_vitrification = 85
; template_custom_gcode =
; textured_cool_plate_temp = 40
; textured_cool_plate_temp_initial_layer = 40
; textured_plate_temp = 80
; textured_plate_temp_initial_layer = 80
; thick_bridges = 0
; thick_internal_bridges = 1
; thumbnails = 230x110/PNG
; thumbnails_format = PNG
; time_cost = 0
; time_lapse_gcode =
; timelapse_type = 0
; tool_change_on_wipe_tower = 0
; top_bottom_infill_wall_overlap = 25%
; top_shell_layers = 6
; top_shell_thickness = 1
; top_solid_infill_flow_ratio = 1
; top_surface_acceleration = 1000
; top_surface_density = 100%
; top_surface_filament_id = 0
; top_surface_jerk = 9
; top_surface_line_width = 0.42
; top_surface_pattern = monotonic
; top_surface_speed = 30
; travel_acceleration = 2000
; travel_jerk = 10
; travel_slope = 3
; travel_speed = 300
; travel_speed_z = 0
; tree_support_angle_slow = 25
; tree_support_auto_brim = 1
; tree_support_branch_angle = 40
; tree_support_branch_angle_organic = 40
; tree_support_branch_diameter = 5
; tree_support_branch_diameter_angle = 5
; tree_support_branch_diameter_organic = 2
; tree_support_branch_distance = 5
; tree_support_branch_distance_organic = 1
; tree_support_brim_width = 3
; tree_support_tip_diameter = 0.8
; tree_support_top_rate = 30%
; tree_support_wall_count = 0
; upward_compatible_machine =
; use_3mf = 0
; use_firmware_retraction = 0
; use_relative_e_distances = 1
; volumetric_speed_coefficients = ""
; wall_direction = ccw
; wall_distribution_count = 1
; wall_generator = classic
; wall_loops = 5
; wall_maximum_deviation = 0.025
; wall_maximum_resolution = 0.5
; wall_sequence = outer wall/inner wall
; wall_transition_angle = 10
; wall_transition_filter_deviation = 25%
; wall_transition_length = 100%
; wipe = 1
; wipe_before_external_loop = 0
; wipe_distance = 1
; wipe_on_loops = 0
; wipe_speed = 80%
; wipe_tower_bridging = 10
; wipe_tower_cone_angle = 15
; wipe_tower_extra_flow = 100%
; wipe_tower_extra_rib_length = 0
; wipe_tower_extra_spacing = 100%
; wipe_tower_filament = 0
; wipe_tower_fillet_wall = 1
; wipe_tower_max_purge_speed = 90
; wipe_tower_no_sparse_layers = 0
; wipe_tower_rib_width = 8
; wipe_tower_rotation_angle = 0
; wipe_tower_type = type2
; wipe_tower_wall_type = rib
; wipe_tower_x = 15.000
; wipe_tower_x = 15
; wipe_tower_y = 220.000
; wipe_tower_y = 220
; wiping_volumes_extruders = 70,70,70,70,70,70,70,70,70,70
; wrapping_detection_gcode =
; wrapping_detection_layers = 20
; wrapping_exclude_area =
; xy_contour_compensation = 0
; xy_hole_compensation = 0.1
; z_hop = 0.2
; z_hop_types = Auto Lift
; z_offset = 0
; zaa_dont_alternate_fill_direction = 0
; zaa_enabled = 0
; zaa_min_z = 0.05
; zaa_minimize_perimeter_height = 35
; first_layer_bed_temperature = 80
; bed_shape = 0x0,220x0,220x220,0x220
; first_layer_temperature = 235
; first_layer_height = 0.240
; CONFIG_BLOCK_END
