; HEADER_BLOCK_START
; generated by OrcaSlicer 2.4.2 on 2026-08-05 at 22:43:44
; total layer number: 23
; filament_density: 1.24
; filament_diameter: 1.75
; max_z_height: 4.64
; filament: 1
; HEADER_BLOCK_END

; external perimeters extrusion width = 0.42mm
; perimeters extrusion width = 0.45mm
; infill extrusion width = 0.45mm
; solid infill extrusion width = 0.42mm
; top infill extrusion width = 0.42mm
; first layer extrusion width = 0.50mm

; EXECUTABLE_BLOCK_START
M201 X2000 Y2000 Z800 E2000
M203 X300 Y300 Z8 E100
M204 P2000 R2000 T20000 ; sets acceleration (P, T) and retract acceleration (R), mm/sec^2
M205 X10.00 Y10.00 Z2.00 E5.00 ; sets the jerk limits, mm/sec
M205 J0.010
;TYPE:Custom
G21 ; metric values
G90 ; use absolute coordinates
M83 ; extruder relative mode
M104 S235 ; set extruder temp
M140 S80 ; set bed temp
G28 ; home all axes
G29 ; auto bed leveling
M300 S1318 P266
G1 Z5 F5000 ; lift nozzle
G1 X0 Y0 F3000
G1 Z0.3 ; lower nozzle
G92 E0 ; zero extruded length
G1 X10 Y5 F1800 ; move to purge line start
M190 S80 ; wait for bed temp
M109 S235 ; wait for extruder temp
G1 X60 Y5 E20 F500 ; purge line
G92 E0 ; zero extruded length
G1 E-4.5 F4000 ; retract
G92 E0 ; zero extruded length
G1 X120 F4000 ; wipe
M117 Printing...
G90
G21
M83 ; use relative distances for extrusion
; Filament gcode
;
M106 S0
;LAYER_CHANGE
;Z:0.24
;HEIGHT:0.24
G92 E0 ; zero the extruded length again
; BEFORE_LAYER_CHANGE 0 @ 0.24mm
G1 E-2.5 F6000
; AFTER_LAYER_CHANGE 0 @ 0.24mm
;_SET_FAN_SPEED_CHANGING_LAYER
M204 P500
M204 T2000
G1 X73.863 Y73.663 F18000
G1 Z.24
G1 Z.24
G1 E2.5 F6000
;TYPE:Brim
;WIDTH:0.5
G1 F3000
G1 X74.448 Y73.156 E.03291
G1 X75.085 Y72.711 E.03304
G1 X75.764 Y72.336 E.03297
G1 X76.477 Y72.035 E.03288
G1 X77.221 Y71.809 E.03307
G1 X77.98 Y71.663 E.03286
G1 X78.756 Y71.596 E.03312
G1 X141.233 Y71.596 E2.65609
G1 X141.983 Y71.658 E.03201
G1 X142.743 Y71.8 E.03288
G1 X143.492 Y72.024 E.0332
G1 X143.784 Y72.135 E.01331
G1 X144.488 Y72.465 E.03303
G1 X145.154 Y72.866 E.03307
G1 X145.521 Y73.132 E.01924
G1 X146.11 Y73.637 E.03302
G1 X146.642 Y74.2 E.0329
G1 X147.116 Y74.82 E.03319
G1 X147.287 Y75.082 E.01331
G1 X147.664 Y75.764 E.03312
G1 X147.966 Y76.479 E.03298
G1 X148.107 Y76.91 E.01926
G1 X148.286 Y77.664 E.03298
G1 X148.386 Y78.437 E.03311
G1 X148.41 Y78.997 E.02384
G1 X148.405 Y141.222 E2.64541
G1 X148.342 Y141.983 E.03246
G1 X148.2 Y142.743 E.03287
G1 X147.976 Y143.492 E.0332
G1 X147.865 Y143.784 E.01331
G1 X147.534 Y144.49 E.03314
G1 X147.31 Y144.881 E.01917
G1 X146.865 Y145.526 E.03329
G1 X146.668 Y145.769 E.01331
G1 X146.137 Y146.337 E.03306
G1 X145.552 Y146.844 E.03291
G1 X144.915 Y147.289 E.03304
G1 X144.236 Y147.664 E.03297
G1 X143.523 Y147.965 E.03288
G1 X142.779 Y148.191 E.03307
G1 X142.018 Y148.338 E.03296
G1 X141.566 Y148.386 E.01932
G1 X141.003 Y148.41 E.02394
G1 X78.778 Y148.405 E2.64541
G1 X78.017 Y148.342 E.03246
G1 X77.257 Y148.2 E.03287
G1 X76.508 Y147.976 E.0332
G1 X76.216 Y147.865 E.01331
G1 X75.51 Y147.534 E.03313
G1 X75.119 Y147.31 E.01917
G1 X74.474 Y146.865 E.03329
G1 X74.231 Y146.668 E.01331
G1 X73.663 Y146.137 E.03306
G1 X73.156 Y145.552 E.03291
G1 X72.711 Y144.915 E.03304
G1 X72.336 Y144.236 E.03297
G1 X72.035 Y143.523 E.03288
G1 X71.809 Y142.779 E.03307
G1 X71.662 Y142.018 E.03296
G1 X71.614 Y141.566 E.01932
G1 X71.59 Y141.003 E.02394
G1 X71.595 Y78.778 E2.64541
G1 X71.658 Y78.017 E.03246
G1 X71.8 Y77.257 E.03287
G1 X72.024 Y76.508 E.0332
G1 X72.135 Y76.216 E.01331
G1 X72.466 Y75.51 E.03314
G1 X72.69 Y75.119 E.01917
G1 X73.135 Y74.474 E.03329
G1 X73.332 Y74.231 E.01331
G1 X73.822 Y73.707 E.03051
G1 X74.15 Y74.014 F18000
G1 F3000
G1 X74.18 Y73.982 E.00187
G1 X74.73 Y73.506 E.03091
G1 X75.329 Y73.089 E.03104
G1 X75.967 Y72.738 E.03097
G1 X76.637 Y72.455 E.03088
G1 X77.336 Y72.244 E.03107
G1 X78.049 Y72.107 E.03086
G1 X78.781 Y72.045 E.03125
G1 X141.22 Y72.045 E2.65448
G1 X141.93 Y72.104 E.0303
G1 X142.63 Y72.236 E.03031
G1 X143.343 Y72.447 E.03158
G1 X143.604 Y72.547 E.0119
G1 X144.27 Y72.858 E.03124
G1 X144.902 Y73.238 E.03134
G1 X145.247 Y73.488 E.01813
G1 X145.805 Y73.968 E.03129
G1 X146.304 Y74.497 E.03091
G1 X146.747 Y75.075 E.03097
G1 X146.905 Y75.318 E.01232
G1 X147.262 Y75.967 E.0315
G1 X147.543 Y76.631 E.03066
G1 X147.676 Y77.037 E.01815
G1 X147.845 Y77.752 E.03124
G1 X147.939 Y78.481 E.03124
G1 X147.962 Y79.01 E.02249
G1 X147.956 Y141.198 E2.64386
G1 X147.898 Y141.916 E.03063
G1 X147.764 Y142.63 E.03088
G1 X147.549 Y143.352 E.03201
G1 X147.449 Y143.613 E.0119
G1 X147.138 Y144.278 E.03119
G1 X146.933 Y144.637 E.01758
G1 X146.508 Y145.253 E.03182
G1 X146.326 Y145.479 E.01232
G1 X145.82 Y146.018 E.03145
G1 X145.27 Y146.494 E.03091
G1 X144.671 Y146.911 E.03104
G1 X144.033 Y147.262 E.03097
G1 X143.363 Y147.545 E.03088
G1 X142.664 Y147.756 E.03107
G1 X141.945 Y147.894 E.03111
G1 X141.528 Y147.939 E.01786
G1 X140.99 Y147.962 E.02286
G1 X78.802 Y147.956 E2.64386
G1 X78.084 Y147.898 E.03063
G1 X77.37 Y147.764 E.03088
G1 X76.648 Y147.549 E.03201
G1 X76.387 Y147.449 E.0119
G1 X75.722 Y147.138 E.03119
G1 X75.363 Y146.933 E.01758
G1 X74.747 Y146.508 E.03182
G1 X74.521 Y146.326 E.01233
G1 X73.982 Y145.82 E.03145
G1 X73.506 Y145.27 E.03091
G1 X73.089 Y144.671 E.03104
G1 X72.738 Y144.033 E.03097
G1 X72.455 Y143.363 E.03088
G1 X72.244 Y142.664 E.03107
G1 X72.106 Y141.945 E.03111
G1 X72.061 Y141.528 E.01786
G1 X72.038 Y140.99 E.02286
G1 X72.044 Y78.802 E2.64386
G1 X72.102 Y78.084 E.03063
G1 X72.236 Y77.37 E.03088
G1 X72.451 Y76.648 E.03201
G1 X72.551 Y76.387 E.0119
G1 X72.862 Y75.722 E.03119
G1 X73.067 Y75.363 E.01758
G1 X73.492 Y74.747 E.03182
G1 X73.674 Y74.521 E.01232
G1 X74.109 Y74.058 E.02702
G1 X74.436 Y74.365 F18000
G1 F3000
G1 X74.496 Y74.301 E.00374
G1 X75.011 Y73.857 E.02891
G1 X75.572 Y73.467 E.02904
G1 X76.169 Y73.139 E.02897
G1 X76.796 Y72.876 E.02888
G1 X77.45 Y72.678 E.02907
G1 X78.117 Y72.551 E.02887
G1 X78.806 Y72.493 E.02939
G1 X141.207 Y72.494 E2.65286
G1 X141.863 Y72.549 E.028
G1 X142.518 Y72.671 E.02834
G1 X143.194 Y72.871 E.02997
G1 X143.425 Y72.958 E.01049
G1 X144.052 Y73.251 E.02945
G1 X144.649 Y73.61 E.0296
G1 X144.973 Y73.844 E.017
G1 X145.5 Y74.298 E.02955
G1 X145.966 Y74.793 E.02892
G1 X146.377 Y75.33 E.02876
G1 X146.523 Y75.554 E.01133
G1 X146.861 Y76.17 E.02988
G1 X147.121 Y76.784 E.02834
G1 X147.245 Y77.164 E.01703
G1 X147.404 Y77.84 E.0295
G1 X147.492 Y78.525 E.02938
G1 X147.514 Y79.022 E.02114
G1 X147.508 Y141.174 E2.64232
G1 X147.453 Y141.85 E.02881
G1 X147.329 Y142.518 E.02889
G1 X147.123 Y143.212 E.03079
G1 X147.034 Y143.442 E.01047
G1 X146.742 Y144.066 E.02928
G1 X146.556 Y144.393 E.01599
G1 X146.151 Y144.98 E.03033
G1 X145.984 Y145.188 E.01132
G1 X145.504 Y145.699 E.02982
G1 X144.989 Y146.143 E.02891
G1 X144.428 Y146.533 E.02904
G1 X143.831 Y146.861 E.02897
G1 X143.204 Y147.124 E.02888
G1 X142.55 Y147.322 E.02907
G1 X141.874 Y147.451 E.02926
G1 X141.49 Y147.492 E.0164
G1 X140.978 Y147.514 E.02179
G1 X78.826 Y147.508 E2.64232
G1 X78.15 Y147.453 E.02881
G1 X77.482 Y147.329 E.02889
G1 X76.788 Y147.123 E.03079
G1 X76.558 Y147.034 E.01047
G1 X75.934 Y146.742 E.02928
G1 X75.607 Y146.556 E.01599
G1 X75.02 Y146.151 E.03033
G1 X74.812 Y145.984 E.01133
G1 X74.301 Y145.504 E.02982
G1 X73.857 Y144.989 E.02891
G1 X73.467 Y144.428 E.02904
G1 X73.139 Y143.831 E.02897
G1 X72.876 Y143.204 E.02888
G1 X72.678 Y142.55 E.02907
G1 X72.549 Y141.874 E.02926
G1 X72.508 Y141.49 E.0164
G1 X72.486 Y140.978 E.02179
G1 X72.492 Y78.826 E2.64232
G1 X72.547 Y78.15 E.02881
G1 X72.671 Y77.482 E.02889
G1 X72.877 Y76.788 E.03079
G1 X72.966 Y76.558 E.01047
G1 X73.258 Y75.934 E.02928
G1 X73.444 Y75.607 E.01599
G1 X73.849 Y75.02 E.03033
G1 X74.016 Y74.812 E.01132
G1 X74.395 Y74.409 E.02353
G1 X74.722 Y74.716 F18000
G1 F3000
G1 X74.802 Y74.63 E.005
G1 X75.281 Y74.216 E.02691
G1 X75.803 Y73.853 E.02703
G1 X76.359 Y73.547 E.02697
G1 X76.955 Y73.296 E.02748
G1 X77.564 Y73.113 E.02706
G1 X78.185 Y72.996 E.02687
G1 X78.831 Y72.942 E.02753
G1 X141.182 Y72.942 E2.65078
G1 X141.796 Y72.993 E.02619
G1 X142.406 Y73.106 E.02638
G1 X143.255 Y73.374 E.03784
G1 X143.848 Y73.652 E.02782
G1 X144.397 Y73.981 E.02725
G1 X144.7 Y74.2 E.01586
G1 X145.194 Y74.627 E.02779
G1 X145.628 Y75.089 E.02693
G1 X146.008 Y75.586 E.02657
G1 X146.14 Y75.789 E.01032
G1 X146.46 Y76.372 E.02825
G1 X146.698 Y76.936 E.02604
G1 X146.814 Y77.291 E.0159
G1 X146.963 Y77.927 E.02775
G1 X147.045 Y78.569 E.02752
G1 X147.065 Y79.034 E.01981
G1 X147.059 Y141.151 E2.64079
G1 X147.008 Y141.784 E.027
G1 X146.894 Y142.406 E.02689
G1 X146.693 Y143.079 E.02987
G1 X146.347 Y143.852 E.03601
G1 X146.178 Y144.149 E.0145
G1 X145.794 Y144.708 E.02883
G1 X145.642 Y144.897 E.01031
G1 X145.198 Y145.37 E.02758
G1 X144.719 Y145.784 E.02691
G1 X144.197 Y146.147 E.02703
G1 X143.629 Y146.459 E.02757
G1 X143.045 Y146.704 E.02688
G1 X142.436 Y146.887 E.02707
G1 X141.802 Y147.007 E.02742
G1 X141.452 Y147.044 E.01495
G1 X140.966 Y147.065 E.02072
G1 X78.849 Y147.059 E2.64078
G1 X78.216 Y147.008 E.027
G1 X77.594 Y146.894 E.02689
G1 X76.921 Y146.693 E.02987
G1 X76.148 Y146.347 E.03601
G1 X75.851 Y146.178 E.01451
G1 X75.292 Y145.794 E.02883
G1 X75.103 Y145.642 E.01031
G1 X74.63 Y145.198 E.02758
G1 X74.216 Y144.719 E.02691
G1 X73.853 Y144.197 E.02704
G1 X73.541 Y143.629 E.02757
G1 X73.296 Y143.045 E.02689
G1 X73.113 Y142.436 E.02707
G1 X72.993 Y141.802 E.02742
G1 X72.956 Y141.452 E.01495
G1 X72.935 Y140.966 E.02072
G1 X72.941 Y78.849 E2.64078
G1 X72.992 Y78.216 E.027
G1 X73.106 Y77.594 E.02689
G1 X73.307 Y76.921 E.02987
G1 X73.653 Y76.148 E.03601
G1 X73.822 Y75.851 E.0145
G1 X74.206 Y75.292 E.02883
G1 X74.358 Y75.103 E.01031
G1 X74.681 Y74.76 E.02004
G1 X75.008 Y75.068 F18000
G1 F3000
G1 X75.118 Y74.95 E.00688
G1 X75.562 Y74.567 E.02493
G1 X76.046 Y74.231 E.02503
G1 X76.561 Y73.948 E.02497
G1 X77.113 Y73.717 E.02546
G1 X77.678 Y73.548 E.02505
G1 X78.253 Y73.44 E.02488
G1 X78.855 Y73.39 E.02569
G1 X141.158 Y73.391 E2.64871
G1 X141.73 Y73.438 E.02439
G1 X142.289 Y73.541 E.02419
G1 X143.1 Y73.796 E.03613
G1 X143.63 Y74.045 E.02491
G1 X144.145 Y74.353 E.02551
G1 X144.426 Y74.556 E.01471
G1 X144.888 Y74.956 E.02602
G1 X145.29 Y75.385 E.02496
G1 X145.638 Y75.841 E.02439
G1 X146.058 Y76.573 E.03591
G1 X146.275 Y77.088 E.02375
G1 X146.384 Y77.418 E.01477
G1 X146.522 Y78.013 E.02599
G1 X146.598 Y78.613 E.02567
G1 X146.617 Y79.047 E.01848
G1 X146.611 Y141.127 E2.63927
G1 X146.564 Y141.718 E.0252
G1 X146.458 Y142.294 E.02488
G1 X146.268 Y142.931 E.02827
G1 X145.949 Y143.644 E.03319
G1 X145.801 Y143.906 E.0128
G1 X145.3 Y144.606 E.03659
G1 X144.882 Y145.05 E.02595
G1 X144.438 Y145.433 E.02493
G1 X143.954 Y145.769 E.02502
G1 X143.427 Y146.058 E.02555
G1 X142.887 Y146.283 E.02487
G1 X142.322 Y146.452 E.02508
G1 X141.726 Y146.564 E.02579
G1 X140.953 Y146.617 E.03292
G1 X78.873 Y146.611 E2.63927
G1 X78.282 Y146.564 E.0252
G1 X77.706 Y146.458 E.02488
G1 X77.069 Y146.268 E.02827
G1 X76.356 Y145.949 E.03319
G1 X76.094 Y145.801 E.0128
G1 X75.394 Y145.3 E.03659
G1 X74.95 Y144.882 E.02595
G1 X74.567 Y144.438 E.02493
G1 X74.231 Y143.954 E.02503
G1 X73.942 Y143.427 E.02554
G1 X73.717 Y142.887 E.02487
G1 X73.548 Y142.322 E.02508
G1 X73.436 Y141.726 E.02579
G1 X73.383 Y140.953 E.03292
G1 X73.389 Y78.873 E2.63927
G1 X73.436 Y78.282 E.0252
G1 X73.542 Y77.706 E.02488
G1 X73.732 Y77.069 E.02827
G1 X74.051 Y76.356 E.03319
G1 X74.199 Y76.094 E.0128
G1 X74.7 Y75.394 E.03659
G1 X74.966 Y75.111 E.01652
G1 X75.288 Y75.417 F18000
G1 F3000
G1 X75.421 Y75.277 E.00822
G1 X76.108 Y74.722 E.03755
G1 X76.565 Y74.446 E.0227
G1 X77.048 Y74.218 E.02269
G1 X77.496 Y74.06 E.02019
G1 X78.02 Y73.93 E.02298
G1 X78.545 Y73.855 E.02255
G1 X79.014 Y73.832 E.01993
G1 X140.986 Y73.832 E2.63465
G1 X141.512 Y73.861 E.02242
G1 X142.043 Y73.942 E.02281
G1 X142.566 Y74.079 E.02298
G1 X143.066 Y74.267 E.02272
G1 X143.547 Y74.507 E.02287
G1 X143.949 Y74.76 E.02018
G1 X144.374 Y75.09 E.02287
G1 X144.769 Y75.472 E.02338
G1 X145.278 Y76.108 E.03463
G1 X145.554 Y76.565 E.02271
G1 X145.782 Y77.048 E.02269
G1 X145.94 Y77.496 E.02019
G1 X146.07 Y78.02 E.02298
G1 X146.145 Y78.545 E.02255
G1 X146.168 Y79.014 E.01993
G1 X146.168 Y140.986 E2.63464
G1 X146.139 Y141.512 E.02243
G1 X146.058 Y142.043 E.02281
G1 X145.921 Y142.566 E.02298
G1 X145.733 Y143.066 E.02272
G1 X145.493 Y143.547 E.02287
G1 X145.24 Y143.949 E.02018
G1 X144.91 Y144.374 E.02287
G1 X144.528 Y144.769 E.02338
G1 X143.892 Y145.278 E.03463
G1 X143.435 Y145.554 E.02271
G1 X142.952 Y145.782 E.02269
G1 X142.504 Y145.94 E.02019
G1 X141.98 Y146.07 E.02298
G1 X141.455 Y146.145 E.02255
G1 X140.986 Y146.168 E.01993
G1 X79.014 Y146.168 E2.63464
G1 X78.488 Y146.139 E.02243
G1 X77.957 Y146.058 E.02281
G1 X77.434 Y145.921 E.02298
G1 X76.934 Y145.733 E.02272
G1 X76.453 Y145.493 E.02287
G1 X76.051 Y145.24 E.02018
G1 X75.626 Y144.91 E.02287
G1 X75.231 Y144.528 E.02338
G1 X74.722 Y143.892 E.03463
G1 X74.446 Y143.435 E.02271
G1 X74.218 Y142.952 E.02269
G1 X74.06 Y142.504 E.02019
G1 X73.93 Y141.98 E.02298
G1 X73.855 Y141.455 E.02255
G1 X73.832 Y140.986 E.01993
G1 X73.837 Y78.851 E2.6416
G1 X73.874 Y78.374 E.02035
G1 X73.967 Y77.843 E.02291
G1 X74.095 Y77.385 E.02021
G1 X74.283 Y76.898 E.02217
G1 X74.496 Y76.473 E.02025
G1 X74.768 Y76.039 E.02175
G1 X75.099 Y75.615 E.02286
G1 X75.247 Y75.46 E.00909
G1 X75.569 Y75.77 F18000
G1 F3000
G1 X75.75 Y75.582 E.01111
G1 X76.335 Y75.109 E.03198
G1 X76.753 Y74.853 E.02081
G1 X77.195 Y74.642 E.02083
G1 X77.6 Y74.496 E.01833
G1 X78.079 Y74.374 E.021
G1 X78.563 Y74.303 E.02077
G1 X79.01 Y74.28 E.01906
G1 X140.989 Y74.28 E2.63495
G1 X141.493 Y74.309 E.02145
G1 X141.978 Y74.386 E.0209
G1 X142.456 Y74.514 E.021
G1 X142.862 Y74.666 E.01845
G1 X143.305 Y74.885 E.02103
G1 X143.671 Y75.112 E.0183
G1 X144.061 Y75.411 E.02089
G1 X144.416 Y75.748 E.0208
G1 X144.891 Y76.335 E.03211
G1 X145.147 Y76.753 E.02081
G1 X145.358 Y77.195 E.02083
G1 X145.504 Y77.6 E.01833
G1 X145.626 Y78.079 E.021
G1 X145.697 Y78.563 E.02077
G1 X145.72 Y79.01 E.01906
G1 X145.72 Y140.989 E2.63494
G1 X145.691 Y141.493 E.02145
G1 X145.614 Y141.978 E.0209
G1 X145.486 Y142.456 E.02101
G1 X145.334 Y142.862 E.01844
G1 X145.115 Y143.305 E.02103
G1 X144.888 Y143.671 E.0183
G1 X144.589 Y144.061 E.02089
G1 X144.252 Y144.416 E.0208
G1 X143.665 Y144.891 E.03211
G1 X143.247 Y145.147 E.02081
G1 X142.805 Y145.358 E.02083
G1 X142.4 Y145.504 E.01833
G1 X141.921 Y145.626 E.021
G1 X141.437 Y145.697 E.02077
G1 X140.99 Y145.72 E.01906
G1 X79.011 Y145.72 E2.63494
G1 X78.507 Y145.691 E.02145
G1 X78.022 Y145.614 E.0209
G1 X77.544 Y145.486 E.02101
G1 X77.138 Y145.334 E.01845
G1 X76.695 Y145.115 E.02103
G1 X76.329 Y144.888 E.0183
G1 X75.939 Y144.589 E.02089
G1 X75.584 Y144.252 E.0208
G1 X75.109 Y143.665 E.03211
G1 X74.853 Y143.247 E.02081
G1 X74.642 Y142.805 E.02083
G1 X74.496 Y142.4 E.01833
G1 X74.374 Y141.921 E.021
G1 X74.303 Y141.437 E.02077
G1 X74.28 Y140.99 E.01906
G1 X74.284 Y78.887 E2.64019
G1 X74.315 Y78.455 E.01844
G1 X74.398 Y77.966 E.02105
G1 X74.512 Y77.549 E.01838
G1 X74.681 Y77.105 E.0202
G1 X74.9 Y76.668 E.0208
G1 X75.15 Y76.275 E.01981
G1 X75.455 Y75.889 E.0209
G1 X75.527 Y75.813 E.00445
G1 X75.847 Y76.125 F18000
G1 F3000
G1 X76.077 Y75.889 E.01398
G1 X76.565 Y75.494 E.02669
G1 X76.942 Y75.26 E.0189
G1 X77.345 Y75.065 E.019
G1 X77.708 Y74.931 E.01646
G1 X78.141 Y74.818 E.01901
G1 X78.58 Y74.751 E.01891
G1 X79.007 Y74.729 E.01816
G1 X140.993 Y74.729 E2.63526
G1 X141.42 Y74.751 E.01816
G1 X141.859 Y74.818 E.01891
G1 X142.292 Y74.931 E.01899
G1 X142.71 Y75.089 E.01901
G1 X143.11 Y75.289 E.019
G1 X143.437 Y75.495 E.01645
G1 X143.791 Y75.77 E.01904
G1 X144.111 Y76.077 E.01889
G1 X144.506 Y76.565 E.02667
G1 X144.74 Y76.942 E.0189
G1 X144.935 Y77.345 E.019
G1 X145.069 Y77.708 E.01646
G1 X145.182 Y78.141 E.01901
G1 X145.249 Y78.58 E.01891
G1 X145.271 Y79.007 E.01816
G1 X145.271 Y140.993 E2.63525
G1 X145.249 Y141.42 E.01816
G1 X145.182 Y141.859 E.01891
G1 X145.069 Y142.292 E.01899
G1 X144.911 Y142.71 E.01901
G1 X144.711 Y143.11 E.019
G1 X144.505 Y143.437 E.01644
G1 X144.23 Y143.791 E.01904
G1 X143.923 Y144.111 E.01889
G1 X143.435 Y144.506 E.02667
G1 X143.058 Y144.74 E.0189
G1 X142.655 Y144.935 E.019
G1 X142.292 Y145.069 E.01646
G1 X141.859 Y145.182 E.01901
G1 X141.42 Y145.249 E.01891
G1 X140.993 Y145.271 E.01816
G1 X79.007 Y145.271 E2.63525
G1 X78.58 Y145.249 E.01816
G1 X78.141 Y145.182 E.01891
G1 X77.708 Y145.069 E.01899
G1 X77.29 Y144.911 E.01901
G1 X76.89 Y144.711 E.019
G1 X76.563 Y144.505 E.01645
G1 X76.209 Y144.23 E.01904
G1 X75.889 Y143.923 E.01889
G1 X75.494 Y143.435 E.02667
G1 X75.26 Y143.058 E.0189
G1 X75.065 Y142.655 E.019
G1 X74.931 Y142.292 E.01646
G1 X74.818 Y141.859 E.01901
G1 X74.751 Y141.42 E.01891
G1 X74.729 Y140.993 E.01816
G1 X74.731 Y78.92 E2.63893
G1 X74.757 Y78.533 E.01652
G1 X74.829 Y78.091 E.01903
G1 X74.946 Y77.661 E.01893
G1 X75.101 Y77.262 E.01822
G1 X75.302 Y76.866 E.01886
G1 X75.53 Y76.513 E.01789
G1 X75.806 Y76.168 E.01876
G1 X76.127 Y76.481 F18000
G1 F3000
G1 X76.404 Y76.196 E.01687
G1 X76.797 Y75.877 E.02153
G1 X77.135 Y75.665 E.01697
G1 X77.493 Y75.488 E.01699
G1 X77.869 Y75.35 E.01702
G1 X78.256 Y75.252 E.01699
G1 X78.65 Y75.194 E.01692
G1 X79.003 Y75.177 E.01502
G1 X140.997 Y75.177 E2.63556
G1 X141.35 Y75.194 E.01502
G1 X141.744 Y75.252 E.01692
G1 X142.131 Y75.35 E.01699
G1 X142.507 Y75.488 E.01702
G1 X142.865 Y75.665 E.01699
G1 X143.204 Y75.878 E.01701
G1 X143.518 Y76.126 E.01702
G1 X143.804 Y76.404 E.01695
G1 X144.123 Y76.797 E.02153
G1 X144.335 Y77.135 E.01697
G1 X144.512 Y77.493 E.01699
G1 X144.65 Y77.869 E.01702
G1 X144.748 Y78.256 E.01699
G1 X144.806 Y78.65 E.01692
G1 X144.823 Y79.003 E.01502
G1 X144.823 Y140.997 E2.63556
G1 X144.806 Y141.35 E.01502
G1 X144.748 Y141.744 E.01692
G1 X144.65 Y142.131 E.01699
G1 X144.512 Y142.507 E.01702
G1 X144.335 Y142.865 E.01699
G1 X144.122 Y143.204 E.01701
G1 X143.874 Y143.518 E.01702
G1 X143.596 Y143.804 E.01695
G1 X143.203 Y144.123 E.02153
G1 X142.865 Y144.335 E.01697
G1 X142.507 Y144.512 E.01699
G1 X142.131 Y144.65 E.01702
G1 X141.744 Y144.748 E.01699
G1 X141.35 Y144.806 E.01692
G1 X140.997 Y144.823 E.01502
G1 X79.003 Y144.823 E2.63556
G1 X78.65 Y144.806 E.01502
G1 X78.256 Y144.748 E.01692
G1 X77.869 Y144.65 E.01699
G1 X77.493 Y144.512 E.01702
G1 X77.135 Y144.335 E.01699
G1 X76.796 Y144.122 E.01701
G1 X76.482 Y143.874 E.01702
G1 X76.196 Y143.596 E.01695
G1 X75.877 Y143.203 E.02153
G1 X75.665 Y142.865 E.01697
G1 X75.488 Y142.507 E.01699
G1 X75.35 Y142.131 E.01702
G1 X75.252 Y141.744 E.01699
G1 X75.194 Y141.35 E.01692
G1 X75.177 Y140.997 E.01502
G1 X75.179 Y78.95 E2.63783
G1 X75.199 Y78.608 E.01457
G1 X75.261 Y78.212 E.01703
G1 X75.363 Y77.826 E.01698
G1 X75.499 Y77.468 E.01628
G1 X75.678 Y77.112 E.01695
G1 X75.879 Y76.795 E.01594
G1 X76.09 Y76.528 E.01448
G1 X76.439 Y76.807 F18000
G1 F3000
G1 X76.479 Y76.757 E.00272
G1 X76.728 Y76.506 E.01501
G1 X77.033 Y76.259 E.01673
G1 X77.331 Y76.068 E.01501
G1 X77.646 Y75.91 E.01501
G1 X77.977 Y75.785 E.01502
G1 X78.318 Y75.696 E.01501
G1 X78.667 Y75.643 E.015
G1 X79 Y75.626 E.01418
G1 X141 Y75.626 E2.63584
G1 X141.333 Y75.643 E.01418
G1 X141.682 Y75.696 E.015
G1 X142.023 Y75.785 E.01501
G1 X142.354 Y75.91 E.01502
G1 X142.669 Y76.068 E.015
G1 X142.967 Y76.259 E.01501
G1 X143.243 Y76.479 E.01502
G1 X143.494 Y76.728 E.01501
G1 X143.741 Y77.033 E.01673
G1 X143.932 Y77.331 E.01501
G1 X144.09 Y77.646 E.01501
G1 X144.215 Y77.977 E.01502
G1 X144.304 Y78.318 E.01501
G1 X144.357 Y78.667 E.015
G1 X144.374 Y79 E.01418
G1 X144.374 Y141 E2.63584
G1 X144.357 Y141.333 E.01418
G1 X144.304 Y141.682 E.015
G1 X144.215 Y142.023 E.01501
G1 X144.09 Y142.354 E.01502
G1 X143.932 Y142.669 E.01501
G1 X143.741 Y142.967 E.01501
G1 X143.521 Y143.243 E.01502
G1 X143.272 Y143.494 E.01501
G1 X142.967 Y143.741 E.01673
G1 X142.669 Y143.932 E.01501
G1 X142.354 Y144.09 E.01501
G1 X142.023 Y144.215 E.01502
G1 X141.682 Y144.304 E.01501
G1 X141.333 Y144.357 E.015
G1 X141 Y144.374 E.01418
G1 X79 Y144.374 E2.63584
G1 X78.667 Y144.357 E.01418
G1 X78.318 Y144.304 E.015
G1 X77.977 Y144.215 E.01501
G1 X77.646 Y144.09 E.01502
G1 X77.331 Y143.932 E.015
G1 X77.033 Y143.741 E.01501
G1 X76.757 Y143.521 E.01502
G1 X76.506 Y143.272 E.01501
G1 X76.259 Y142.967 E.01673
G1 X76.068 Y142.669 E.01501
G1 X75.91 Y142.354 E.01501
G1 X75.785 Y142.023 E.01502
G1 X75.696 Y141.682 E.01501
G1 X75.643 Y141.333 E.015
G1 X75.626 Y141 E.01418
G1 X75.626 Y78.98 E2.63669
G1 X75.647 Y78.627 E.01502
G1 X75.704 Y78.279 E.015
G1 X75.797 Y77.939 E.015
G1 X75.919 Y77.625 E.01432
G1 X76.08 Y77.31 E.01501
G1 X76.259 Y77.033 E.01402
G1 X76.402 Y76.854 E.00975
; printing object top_plate.stl id:4653052573991952974 copy 0
G1 E-1.75 F6000
;WIPE_START
G1 F3000
G1 X76.479 Y76.757 E-.09306
G1 X76.728 Y76.506 E-.26473
G1 X77.033 Y76.259 E-.29508
G1 X77.142 Y76.189 E-.09712
;WIPE_END
G1 X115.924 Y104.076 F18000
G1 X140.992 Y143.675
G1 E2.5 F6000
;TYPE:Outer wall
G1 F3000
G1 X79.008 Y143.675 E2.63512
G1 X78.72 Y143.66 E.01226
G1 X78.444 Y143.616 E.0119
G1 X78.173 Y143.544 E.01191
G1 X77.912 Y143.443 E.0119
G1 X77.663 Y143.316 E.0119
G1 X77.428 Y143.164 E.0119
G1 X77.21 Y142.988 E.0119
G1 X77.012 Y142.79 E.0119
G1 X76.836 Y142.572 E.0119
G1 X76.684 Y142.337 E.0119
G1 X76.557 Y142.088 E.0119
G1 X76.456 Y141.827 E.0119
G1 X76.384 Y141.556 E.0119
G1 X76.34 Y141.28 E.0119
G1 X76.325 Y140.992 E.01226
G1 X76.325 Y79.008 E2.63512
G1 X76.34 Y78.72 E.01226
G1 X76.384 Y78.444 E.0119
G1 X76.456 Y78.173 E.0119
G1 X76.557 Y77.912 E.0119
G1 X76.684 Y77.663 E.0119
G1 X76.836 Y77.428 E.0119
G1 X77.012 Y77.21 E.0119
G1 X77.21 Y77.012 E.0119
G1 X77.428 Y76.836 E.0119
G1 X77.663 Y76.684 E.0119
G1 X77.912 Y76.557 E.0119
G1 X78.173 Y76.456 E.0119
G1 X78.444 Y76.384 E.01191
G1 X78.72 Y76.34 E.0119
G1 X79.008 Y76.325 E.01226
G1 X140.992 Y76.325 E2.63512
G1 X141.28 Y76.34 E.01226
G1 X141.556 Y76.384 E.0119
G1 X141.827 Y76.456 E.01191
G1 X142.088 Y76.557 E.0119
G1 X142.337 Y76.684 E.0119
G1 X142.572 Y76.836 E.0119
G1 X142.79 Y77.012 E.0119
G1 X142.988 Y77.21 E.0119
G1 X143.164 Y77.428 E.0119
G1 X143.316 Y77.663 E.0119
G1 X143.443 Y77.912 E.0119
G1 X143.544 Y78.173 E.0119
G1 X143.616 Y78.444 E.0119
G1 X143.66 Y78.72 E.0119
G1 X143.675 Y79.008 E.01226
G1 X143.675 Y140.992 E2.63512
G1 X143.66 Y141.28 E.01226
G1 X143.616 Y141.556 E.0119
G1 X143.544 Y141.827 E.0119
G1 X143.443 Y142.088 E.0119
G1 X143.316 Y142.337 E.0119
G1 X143.164 Y142.572 E.0119
G1 X142.988 Y142.79 E.0119
G1 X142.79 Y142.988 E.0119
G1 X142.572 Y143.164 E.0119
G1 X142.337 Y143.316 E.0119
G1 X142.088 Y143.443 E.0119
G1 X141.827 Y143.544 E.0119
G1 X141.556 Y143.616 E.01191
G1 X141.28 Y143.66 E.0119
G1 X141.051 Y143.672 E.00971
G1 X140.98 Y143.227 F18000
;TYPE:Inner wall
G1 F3000
G1 X79.02 Y143.227 E2.63412
G1 X78.767 Y143.213 E.01076
G1 X78.537 Y143.177 E.0099
G1 X78.312 Y143.117 E.00991
G1 X78.095 Y143.033 E.0099
G1 X77.887 Y142.927 E.00991
G1 X77.692 Y142.801 E.00989
G1 X77.511 Y142.654 E.0099
G1 X77.346 Y142.489 E.00991
G1 X77.2 Y142.308 E.0099
G1 X77.073 Y142.113 E.0099
G1 X76.967 Y141.905 E.00991
G1 X76.883 Y141.688 E.0099
G1 X76.823 Y141.463 E.00991
G1 X76.787 Y141.233 E.0099
G1 X76.773 Y140.98 E.01076
G1 X76.773 Y79.02 E2.63412
G1 X76.787 Y78.767 E.01076
G1 X76.823 Y78.537 E.0099
G1 X76.883 Y78.312 E.00991
G1 X76.967 Y78.095 E.0099
G1 X77.073 Y77.887 E.00991
G1 X77.2 Y77.692 E.0099
G1 X77.346 Y77.511 E.0099
G1 X77.511 Y77.346 E.00991
G1 X77.692 Y77.199 E.0099
G1 X77.887 Y77.073 E.0099
G1 X78.095 Y76.967 E.00991
G1 X78.312 Y76.883 E.0099
G1 X78.537 Y76.823 E.00991
G1 X78.767 Y76.787 E.0099
G1 X79.02 Y76.773 E.01076
G1 X140.98 Y76.773 E2.63412
G1 X141.233 Y76.787 E.01076
G1 X141.463 Y76.823 E.0099
G1 X141.688 Y76.883 E.00991
G1 X141.905 Y76.967 E.0099
G1 X142.113 Y77.073 E.00991
G1 X142.308 Y77.199 E.00989
G1 X142.489 Y77.346 E.0099
G1 X142.654 Y77.511 E.00991
G1 X142.8 Y77.692 E.0099
G1 X142.927 Y77.887 E.0099
G1 X143.033 Y78.095 E.00991
G1 X143.117 Y78.312 E.0099
G1 X143.177 Y78.537 E.00991
G1 X143.213 Y78.767 E.0099
G1 X143.227 Y79.02 E.01076
G1 X143.227 Y140.98 E2.63412
G1 X143.213 Y141.233 E.01076
G1 X143.177 Y141.463 E.0099
G1 X143.117 Y141.688 E.00991
G1 X143.033 Y141.905 E.0099
G1 X142.927 Y142.113 E.00991
G1 X142.8 Y142.308 E.0099
G1 X142.654 Y142.489 E.0099
G1 X142.489 Y142.654 E.00991
G1 X142.308 Y142.801 E.0099
G1 X142.113 Y142.927 E.0099
G1 X141.905 Y143.033 E.00991
G1 X141.688 Y143.117 E.0099
G1 X141.463 Y143.177 E.00991
G1 X141.233 Y143.213 E.0099
G1 X141.04 Y143.223 E.00821
G1 X140.968 Y142.778 F18000
G1 F3000
G1 X79.032 Y142.778 E2.63312
G1 X78.814 Y142.767 E.00926
G1 X78.451 Y142.689 E.01579
G1 X78.112 Y142.538 E.01579
G1 X77.812 Y142.32 E.01577
G1 X77.563 Y142.044 E.0158
G1 X77.377 Y141.722 E.01579
G1 X77.263 Y141.369 E.01579
G1 X77.222 Y140.968 E.01714
G1 X77.222 Y79.032 E2.63312
G1 X77.233 Y78.814 E.00926
G1 X77.311 Y78.451 E.01579
G1 X77.462 Y78.112 E.01579
G1 X77.68 Y77.812 E.01577
G1 X77.956 Y77.563 E.0158
G1 X78.278 Y77.377 E.01579
G1 X78.631 Y77.263 E.01579
G1 X79.032 Y77.222 E.01714
G1 X141.186 Y77.233 E2.64237
G1 X141.549 Y77.311 E.01579
G1 X141.888 Y77.462 E.01579
G1 X142.044 Y77.563 E.00789
G1 X142.32 Y77.812 E.0158
G1 X142.538 Y78.112 E.01577
G1 X142.689 Y78.451 E.01579
G1 X142.767 Y78.814 E.01579
G1 X142.778 Y79.032 E.00926
G1 X142.778 Y140.968 E2.63312
G1 X142.767 Y141.186 E.00926
G1 X142.689 Y141.549 E.01579
G1 X142.538 Y141.888 E.01579
G1 X142.32 Y142.188 E.01577
G1 X142.044 Y142.437 E.0158
G1 X141.722 Y142.623 E.01579
G1 X141.369 Y142.737 E.01579
G1 X141.028 Y142.772 E.01459
G1 E-1.75 F6000
;WIPE_START
G1 F3000
G1 X140.028 Y142.772 E-.75
;WIPE_END
G1 X136.123 Y91.015 F18000
G1 E2.5 F6000
;TYPE:Outer wall
G1 F3000
G1 X136.212 Y91.015 E.0038
G1 X136.626 Y90.927 E.01801
G1 X137.013 Y90.755 E.01802
G1 X137.356 Y90.506 E.01801
G1 X137.64 Y90.191 E.01801
G1 X137.848 Y89.83 E.01773
G1 X137.929 Y89.62 E.00958
G1 X138.015 Y89.212 E.01773
G1 X138.015 Y88.788 E.01801
G1 X137.927 Y88.374 E.01801
G1 X137.755 Y87.987 E.01802
G1 X137.506 Y87.644 E.01801
G1 X137.191 Y87.36 E.01801
G1 X136.83 Y87.152 E.01773
G1 X136.62 Y87.071 E.00958
G1 X136.211 Y86.984 E.01775
G1 X135.788 Y86.985 E.01799
G1 X135.374 Y87.073 E.01801
G1 X134.987 Y87.245 E.01802
G1 X134.644 Y87.494 E.01801
G1 X134.36 Y87.809 E.01801
G1 X134.152 Y88.17 E.01773
G1 X134.071 Y88.38 E.00958
G1 X133.985 Y88.788 E.01773
G1 X133.985 Y89.212 E.01801
G1 X134.073 Y89.626 E.01801
G1 X134.245 Y90.013 E.01802
G1 X134.494 Y90.356 E.01801
G1 X134.809 Y90.64 E.01801
G1 X135.17 Y90.848 E.01773
G1 X135.38 Y90.929 E.00958
G1 X135.788 Y91.015 E.01773
G1 X136.063 Y91.015 E.01166
G1 X136.292 Y91.457 F18000
;TYPE:Inner wall
G1 F3000
G1 X136.766 Y91.356 E.02056
G1 X137.239 Y91.146 E.02203
G1 X137.658 Y90.841 E.02202
G1 X138.004 Y90.456 E.02202
G1 X138.254 Y90.024 E.02124
G1 X138.36 Y89.747 E.01258
G1 X138.464 Y89.259 E.02123
G1 X138.464 Y88.741 E.02201
G1 X138.356 Y88.234 E.02202
G1 X138.146 Y87.761 E.02203
G1 X137.841 Y87.342 E.02202
G1 X137.456 Y86.996 E.02202
G1 X137.024 Y86.746 E.02124
G1 X136.747 Y86.64 E.01258
G1 X136.258 Y86.536 E.02125
G1 X135.741 Y86.536 E.02199
G1 X135.234 Y86.644 E.02202
G1 X134.761 Y86.854 E.02203
G1 X134.342 Y87.159 E.02202
G1 X133.996 Y87.544 E.02202
G1 X133.746 Y87.976 E.02124
G1 X133.64 Y88.253 E.01258
G1 X133.536 Y88.741 E.02123
G1 X133.536 Y89.259 E.02201
G1 X133.644 Y89.766 E.02202
G1 X133.854 Y90.239 E.02203
G1 X134.159 Y90.658 E.02202
G1 X134.544 Y91.004 E.02202
G1 X134.976 Y91.254 E.02124
G1 X135.253 Y91.36 E.01258
G1 X135.741 Y91.464 E.02123
G1 X136.233 Y91.464 E.02092
G1 X136.232 Y91.912 F18000
G1 F3000
G1 X136.306 Y91.912 E.00316
G1 X136.905 Y91.785 E.02603
G1 X137.464 Y91.536 E.02604
G1 X137.96 Y91.176 E.02602
G1 X138.369 Y90.721 E.02602
G1 X138.66 Y90.217 E.02475
G1 X138.792 Y89.875 E.01559
G1 X138.912 Y89.306 E.02473
G1 X138.912 Y88.694 E.02602
G1 X138.785 Y88.095 E.02603
G1 X138.536 Y87.536 E.02604
G1 X138.176 Y87.04 E.02602
G1 X137.721 Y86.631 E.02602
G1 X137.217 Y86.34 E.02475
G1 X136.875 Y86.208 E.01559
G1 X136.305 Y86.087 E.02476
G1 X135.694 Y86.088 E.026
G1 X135.095 Y86.215 E.02602
G1 X134.536 Y86.464 E.02604
G1 X134.04 Y86.824 E.02602
G1 X133.631 Y87.279 E.02602
G1 X133.34 Y87.783 E.02475
G1 X133.208 Y88.125 E.01559
G1 X133.088 Y88.694 E.02473
G1 X133.088 Y89.306 E.02602
G1 X133.215 Y89.905 E.02603
G1 X133.464 Y90.464 E.02604
G1 X133.824 Y90.96 E.02602
G1 X134.279 Y91.369 E.02602
G1 X134.783 Y91.66 E.02475
G1 X135.125 Y91.792 E.01558
G1 X135.694 Y91.912 E.02473
G1 X136.172 Y91.912 E.0203
G1 E-1.75 F6000
;WIPE_START
G1 F3000
G1 X136.306 Y91.912 E-.10082
G1 X136.905 Y91.785 E-.45919
G1 X137.136 Y91.682 E-.19
;WIPE_END
G1 X136.943 Y91.177 F18000
G1 X138.374 Y131
G1 X138.361 Y131.248
G1 X138.322 Y131.494
G1 X138.258 Y131.733
G1 X138.169 Y131.966
G1 X138.056 Y132.187
G1 X137.921 Y132.395
G1 X137.764 Y132.589
G1 X137.589 Y132.764
G1 X137.395 Y132.921
G1 X137.187 Y133.056
G1 X136.966 Y133.169
G1 X136.733 Y133.258
G1 X136.494 Y133.322
G1 X136.248 Y133.361
G1 X136.062 Y133.371
G1 X136.043 Y133.015
G1 E2.5 F6000
;TYPE:Outer wall
G1 F3000
G1 X136.212 Y133.015 E.00716
G1 X136.626 Y132.927 E.01801
G1 X137.013 Y132.755 E.01802
G1 X137.356 Y132.506 E.01801
G1 X137.64 Y132.191 E.01801
G1 X137.848 Y131.83 E.01773
G1 X137.929 Y131.62 E.00958
G1 X138.015 Y131.212 E.01773
G1 X138.015 Y130.788 E.01801
G1 X137.927 Y130.374 E.01801
G1 X137.755 Y129.987 E.01802
G1 X137.506 Y129.644 E.01801
G1 X137.191 Y129.36 E.01801
G1 X136.83 Y129.152 E.01773
G1 X136.62 Y129.071 E.00958
G1 X136.211 Y128.984 E.01775
G1 X135.788 Y128.985 E.01799
G1 X135.374 Y129.073 E.01801
G1 X134.987 Y129.245 E.01802
G1 X134.644 Y129.494 E.01801
G1 X134.36 Y129.809 E.01801
G1 X134.152 Y130.17 E.01773
G1 X134.071 Y130.38 E.00958
G1 X133.985 Y130.788 E.01773
G1 X133.985 Y131.212 E.01801
G1 X134.073 Y131.626 E.01801
G1 X134.245 Y132.013 E.01802
G1 X134.494 Y132.356 E.01801
G1 X134.809 Y132.64 E.01801
G1 X135.17 Y132.848 E.01773
G1 X135.38 Y132.929 E.00958
G1 X135.788 Y133.015 E.01773
G1 X135.983 Y133.015 E.0083
G1 X136.292 Y133.457 F18000
;TYPE:Inner wall
G1 F3000
G1 X136.766 Y133.356 E.02056
G1 X137.239 Y133.146 E.02203
G1 X137.658 Y132.841 E.02202
G1 X138.004 Y132.456 E.02202
G1 X138.254 Y132.024 E.02124
G1 X138.36 Y131.747 E.01258
G1 X138.464 Y131.259 E.02123
G1 X138.464 Y130.741 E.02201
G1 X138.356 Y130.234 E.02202
G1 X138.146 Y129.761 E.02203
G1 X137.841 Y129.342 E.02202
G1 X137.456 Y128.996 E.02202
G1 X137.024 Y128.746 E.02124
G1 X136.747 Y128.64 E.01258
G1 X136.258 Y128.536 E.02125
G1 X135.741 Y128.536 E.02199
G1 X135.234 Y128.644 E.02202
G1 X134.761 Y128.854 E.02203
G1 X134.342 Y129.159 E.02202
G1 X133.996 Y129.544 E.02202
G1 X133.746 Y129.976 E.02124
G1 X133.64 Y130.253 E.01258
G1 X133.536 Y130.741 E.02123
G1 X133.536 Y131.259 E.02201
G1 X133.644 Y131.766 E.02202
G1 X133.854 Y132.239 E.02203
G1 X134.159 Y132.658 E.02202
G1 X134.544 Y133.004 E.02202
G1 X134.976 Y133.254 E.02124
G1 X135.253 Y133.36 E.01258
G1 X135.741 Y133.464 E.02123
G1 X136.233 Y133.464 E.02092
G1 X136.379 Y133.897 F18000
G1 F3000
G1 X136.905 Y133.785 E.02287
G1 X137.464 Y133.536 E.02604
G1 X137.96 Y133.176 E.02602
G1 X138.369 Y132.721 E.02602
G1 X138.66 Y132.217 E.02475
G1 X138.792 Y131.875 E.01559
G1 X138.912 Y131.306 E.02473
G1 X138.912 Y130.694 E.02602
G1 X138.785 Y130.095 E.02603
G1 X138.536 Y129.536 E.02604
G1 X138.176 Y129.04 E.02602
G1 X137.721 Y128.631 E.02602
G1 X137.217 Y128.34 E.02475
G1 X136.875 Y128.208 E.01559
G1 X136.305 Y128.087 E.02476
G1 X135.694 Y128.088 E.026
G1 X135.095 Y128.215 E.02602
G1 X134.536 Y128.464 E.02604
G1 X134.04 Y128.824 E.02602
G1 X133.631 Y129.279 E.02602
G1 X133.34 Y129.783 E.02475
G1 X133.208 Y130.125 E.01559
G1 X133.088 Y130.694 E.02473
G1 X133.088 Y131.306 E.02602
G1 X133.215 Y131.905 E.02603
G1 X133.464 Y132.464 E.02604
G1 X133.824 Y132.96 E.02602
G1 X134.279 Y133.369 E.02602
G1 X134.783 Y133.66 E.02475
G1 X135.125 Y133.792 E.01558
G1 X135.694 Y133.912 E.02473
G1 X136.306 Y133.912 E.02602
G1 X136.32 Y133.909 E.00061
G1 E-1.75 F6000
;WIPE_START
G1 F3000
G1 X136.905 Y133.785 E-.4484
G1 X137.272 Y133.622 E-.3016
;WIPE_END
G1 X84.123 Y133.015 F18000
G1 E2.5 F6000
;TYPE:Outer wall
G1 F3000
G1 X84.212 Y133.015 E.0038
G1 X84.626 Y132.927 E.01801
G1 X85.013 Y132.755 E.01802
G1 X85.356 Y132.506 E.01801
G1 X85.64 Y132.191 E.01801
G1 X85.848 Y131.83 E.01773
G1 X85.929 Y131.62 E.00958
G1 X86.015 Y131.212 E.01773
G1 X86.015 Y130.788 E.01801
G1 X85.927 Y130.374 E.01801
G1 X85.755 Y129.987 E.01802
G1 X85.506 Y129.644 E.01801
G1 X85.191 Y129.36 E.01801
G1 X84.83 Y129.152 E.01773
G1 X84.62 Y129.071 E.00958
G1 X84.211 Y128.984 E.01775
G1 X83.788 Y128.985 E.01799
G1 X83.374 Y129.073 E.01801
G1 X82.987 Y129.245 E.01802
G1 X82.644 Y129.494 E.01801
G1 X82.36 Y129.809 E.01801
G1 X82.152 Y130.17 E.01773
G1 X82.071 Y130.38 E.00958
G1 X81.985 Y130.788 E.01773
G1 X81.985 Y131.212 E.01801
G1 X82.073 Y131.626 E.01801
G1 X82.245 Y132.013 E.01802
G1 X82.494 Y132.356 E.01801
G1 X82.809 Y132.64 E.01801
G1 X83.17 Y132.848 E.01773
G1 X83.38 Y132.929 E.00958
G1 X83.788 Y133.015 E.01773
G1 X84.063 Y133.015 E.01166
G1 X84.292 Y133.457 F18000
;TYPE:Inner wall
G1 F3000
G1 X84.766 Y133.356 E.02056
G1 X85.239 Y133.146 E.02203
G1 X85.658 Y132.841 E.02202
G1 X86.004 Y132.456 E.02202
G1 X86.254 Y132.024 E.02124
G1 X86.36 Y131.747 E.01258
G1 X86.464 Y131.259 E.02123
G1 X86.464 Y130.741 E.02201
G1 X86.356 Y130.234 E.02202
G1 X86.146 Y129.761 E.02203
G1 X85.841 Y129.342 E.02202
G1 X85.456 Y128.996 E.02202
G1 X85.024 Y128.746 E.02124
G1 X84.747 Y128.64 E.01258
G1 X84.258 Y128.536 E.02125
G1 X83.741 Y128.536 E.02199
G1 X83.234 Y128.644 E.02202
G1 X82.761 Y128.854 E.02203
G1 X82.342 Y129.159 E.02202
G1 X81.996 Y129.544 E.02202
G1 X81.746 Y129.976 E.02124
G1 X81.64 Y130.253 E.01258
G1 X81.536 Y130.741 E.02123
G1 X81.536 Y131.259 E.02201
G1 X81.644 Y131.766 E.02202
G1 X81.854 Y132.239 E.02203
G1 X82.159 Y132.658 E.02202
G1 X82.544 Y133.004 E.02202
G1 X82.976 Y133.254 E.02124
G1 X83.253 Y133.36 E.01258
G1 X83.741 Y133.464 E.02123
G1 X84.233 Y133.464 E.02092
G1 X84.379 Y133.897 F18000
G1 F3000
G1 X84.905 Y133.785 E.02286
G1 X85.464 Y133.536 E.02604
G1 X85.96 Y133.176 E.02602
G1 X86.369 Y132.721 E.02602
G1 X86.66 Y132.217 E.02475
G1 X86.792 Y131.875 E.01559
G1 X86.912 Y131.306 E.02473
G1 X86.912 Y130.694 E.02602
G1 X86.785 Y130.095 E.02603
G1 X86.536 Y129.536 E.02604
G1 X86.176 Y129.04 E.02602
G1 X85.721 Y128.631 E.02602
G1 X85.217 Y128.34 E.02475
G1 X84.875 Y128.208 E.01559
G1 X84.305 Y128.087 E.02476
G1 X83.694 Y128.088 E.026
G1 X83.095 Y128.215 E.02602
G1 X82.536 Y128.464 E.02604
G1 X82.04 Y128.824 E.02602
G1 X81.631 Y129.279 E.02602
G1 X81.34 Y129.783 E.02475
G1 X81.208 Y130.125 E.01559
G1 X81.088 Y130.694 E.02473
G1 X81.088 Y131.306 E.02602
G1 X81.215 Y131.905 E.02603
G1 X81.464 Y132.464 E.02604
G1 X81.824 Y132.96 E.02602
G1 X82.279 Y133.369 E.02602
G1 X82.783 Y133.66 E.02475
G1 X83.125 Y133.792 E.01558
G1 X83.694 Y133.912 E.02473
G1 X84.306 Y133.912 E.02602
G1 X84.32 Y133.909 E.00061
G1 E-1.75 F6000
;WIPE_START
G1 F3000
G1 X84.905 Y133.785 E-.44837
G1 X85.272 Y133.622 E-.30163
;WIPE_END
G1 X85.026 Y133.138 F18000
G1 X85.187 Y133.056
G1 X85.395 Y132.921
G1 X85.589 Y132.764
G1 X85.764 Y132.589
G1 X85.921 Y132.395
G1 X86.056 Y132.187
G1 X86.169 Y131.966
G1 X86.258 Y131.733
G1 X86.322 Y131.494
G1 X86.361 Y131.248
G1 X86.374 Y131
G1 X86.361 Y130.752
G1 X86.322 Y130.506
G1 X86.258 Y130.267
G1 X86.169 Y130.034
G1 X86.056 Y129.813
G1 X85.921 Y129.605
G1 X85.764 Y129.411
G1 X85.589 Y129.236
G1 X85.395 Y129.079
G1 X85.187 Y128.944
G1 X85.146 Y128.923
G1 X84.141 Y91.366
G1 X84.123 Y91.015
G1 E2.5 F6000
;TYPE:Outer wall
G1 F3000
G1 X84.212 Y91.015 E.0038
G1 X84.626 Y90.927 E.01801
G1 X85.013 Y90.755 E.01802
G1 X85.356 Y90.506 E.01801
G1 X85.64 Y90.191 E.01801
G1 X85.848 Y89.83 E.01773
G1 X85.929 Y89.62 E.00958
G1 X86.015 Y89.212 E.01773
G1 X86.015 Y88.788 E.01801
G1 X85.927 Y88.374 E.01801
G1 X85.755 Y87.987 E.01802
G1 X85.506 Y87.644 E.01801
G1 X85.191 Y87.36 E.01801
G1 X84.83 Y87.152 E.01773
G1 X84.62 Y87.071 E.00958
G1 X84.211 Y86.984 E.01775
G1 X83.788 Y86.985 E.01799
G1 X83.374 Y87.073 E.01801
G1 X82.987 Y87.245 E.01802
G1 X82.644 Y87.494 E.01801
G1 X82.36 Y87.809 E.01801
G1 X82.152 Y88.17 E.01773
G1 X82.071 Y88.38 E.00958
G1 X81.985 Y88.788 E.01773
G1 X81.985 Y89.212 E.01801
G1 X82.073 Y89.626 E.01801
G1 X82.245 Y90.013 E.01802
G1 X82.494 Y90.356 E.01801
G1 X82.809 Y90.64 E.01801
G1 X83.17 Y90.848 E.01773
G1 X83.38 Y90.929 E.00958
G1 X83.788 Y91.015 E.01773
G1 X84.063 Y91.015 E.01166
G1 X84.225 Y91.464 F18000
;TYPE:Inner wall
G1 F3000
G1 X84.259 Y91.464 E.00146
G1 X84.766 Y91.356 E.02202
G1 X85.239 Y91.146 E.02203
G1 X85.658 Y90.841 E.02202
G1 X86.004 Y90.456 E.02202
G1 X86.254 Y90.024 E.02124
G1 X86.36 Y89.747 E.01258
G1 X86.464 Y89.259 E.02123
G1 X86.464 Y88.741 E.02201
G1 X86.356 Y88.234 E.02202
G1 X86.146 Y87.761 E.02203
G1 X85.841 Y87.342 E.02202
G1 X85.456 Y86.996 E.02202
G1 X85.024 Y86.746 E.02124
G1 X84.747 Y86.64 E.01258
G1 X84.258 Y86.536 E.02125
G1 X83.741 Y86.536 E.02199
G1 X83.234 Y86.644 E.02202
G1 X82.761 Y86.854 E.02203
G1 X82.342 Y87.159 E.02202
G1 X81.996 Y87.544 E.02202
G1 X81.746 Y87.976 E.02124
G1 X81.64 Y88.253 E.01258
G1 X81.536 Y88.741 E.02123
G1 X81.536 Y89.259 E.02201
G1 X81.644 Y89.766 E.02202
G1 X81.854 Y90.239 E.02203
G1 X82.159 Y90.658 E.02202
G1 X82.544 Y91.004 E.02202
G1 X82.976 Y91.254 E.02124
G1 X83.253 Y91.36 E.01258
G1 X83.741 Y91.464 E.02123
G1 X84.165 Y91.464 E.01801
G1 X84.232 Y91.912 F18000
G1 F3000
G1 X84.306 Y91.912 E.00316
G1 X84.905 Y91.785 E.02603
G1 X85.464 Y91.536 E.02604
G1 X85.96 Y91.176 E.02602
G1 X86.369 Y90.721 E.02602
G1 X86.66 Y90.217 E.02475
G1 X86.792 Y89.875 E.01559
G1 X86.912 Y89.306 E.02473
G1 X86.912 Y88.694 E.02602
G1 X86.785 Y88.095 E.02603
G1 X86.536 Y87.536 E.02604
G1 X86.176 Y87.04 E.02602
G1 X85.721 Y86.631 E.02602
G1 X85.217 Y86.34 E.02475
G1 X84.875 Y86.208 E.01559
G1 X84.305 Y86.087 E.02476
G1 X83.694 Y86.088 E.026
G1 X83.095 Y86.215 E.02602
G1 X82.536 Y86.464 E.02604
G1 X82.04 Y86.824 E.02602
G1 X81.631 Y87.279 E.02602
G1 X81.34 Y87.783 E.02475
G1 X81.208 Y88.125 E.01559
G1 X81.088 Y88.694 E.02473
G1 X81.088 Y89.306 E.02602
G1 X81.215 Y89.905 E.02603
G1 X81.464 Y90.464 E.02604
G1 X81.824 Y90.96 E.02602
G1 X82.279 Y91.369 E.02602
G1 X82.783 Y91.66 E.02475
G1 X83.125 Y91.792 E.01558
G1 X83.694 Y91.912 E.02473
G1 X84.172 Y91.912 E.0203
G1 E-1.75 F6000
;WIPE_START
G1 F3000
G1 X84.306 Y91.912 E-.10081
G1 X84.905 Y91.785 E-.45919
G1 X85.136 Y91.682 E-.19
;WIPE_END
G1 X84.943 Y91.177 F18000
G1 X103.627 Y116.373
G1 X116.373 Y116.373
G1 X116.373 Y116.025
G1 X116.025 Y116.025
G1 E2.5 F6000
;TYPE:Outer wall
G1 F3000
G1 X116.025 Y103.975 E.51229
G1 X103.975 Y103.975 E.51229
G1 X103.975 Y116.025 E.51229
G1 X115.965 Y116.025 E.50974
G1 X116.473 Y116.473 F18000
;TYPE:Inner wall
G1 F3000
G1 X116.473 Y103.527 E.55042
G1 X103.527 Y103.527 E.55042
G1 X103.527 Y116.473 E.55042
G1 X116.413 Y116.473 E.54787
G1 X116.922 Y116.922 F18000
G1 F3000
G1 X116.922 Y103.078 E.58856
G1 X103.078 Y103.078 E.58856
G1 X103.078 Y116.922 E.58856
G1 X116.862 Y116.922 E.58601
G1 E-1.75 F6000
;WIPE_START
G1 F3000
G1 X116.866 Y115.922 E-.75
;WIPE_END
G1 X116.373 Y115.922 F18000
G1 X133.944 Y87.813
G1 X134.079 Y87.605
G1 X134.236 Y87.412
G1 X134.411 Y87.236
G1 X134.605 Y87.079
G1 X134.813 Y86.944
G1 X135.034 Y86.831
G1 X135.267 Y86.742
G1 X135.506 Y86.678
G1 X135.752 Y86.639
G1 X135.886 Y86.632
G1 X142.089 Y76.948
G1 X141.777 Y77.559
G1 E2.5 F6000
;TYPE:Bottom surface
;WIDTH:0.502067
G1 F3000
G1 X79.038 Y77.559 E2.67955
G1 X78.7 Y77.594 E.0145
G1 X78.415 Y77.686 E.01281
G1 X78.155 Y77.836 E.01284
G1 X77.962 Y78.01 E.01107
G1 X142.038 Y78.01 E2.73665
G1 X142.245 Y78.281 E.01457
G1 X142.325 Y78.461 E.0084
G1 X77.675 Y78.461 E2.76121
G1 X77.632 Y78.556 E.00444
G1 X77.565 Y78.911 E.01546
G1 X142.435 Y78.911 E2.77055
G1 X142.442 Y79.362 E.01925
G1 X77.558 Y79.362 E2.77113
G1 X77.558 Y79.812 E.01924
G1 X142.442 Y79.812 E2.77113
G1 X142.442 Y80.263 E.01924
G1 X77.558 Y80.263 E2.77113
G1 X77.558 Y80.713 E.01924
G1 X142.442 Y80.713 E2.77113
G1 X142.442 Y81.164 E.01924
G1 X77.558 Y81.164 E2.77113
G1 X77.558 Y81.615 E.01924
G1 X142.442 Y81.615 E2.77113
G1 X142.442 Y82.065 E.01924
G1 X77.558 Y82.065 E2.77113
G1 X77.558 Y82.516 E.01924
G1 X142.442 Y82.516 E2.77113
G1 X142.442 Y82.966 E.01924
G1 X77.558 Y82.966 E2.77113
G1 X77.558 Y83.417 E.01924
G1 X142.442 Y83.417 E2.77113
G1 X142.442 Y83.867 E.01924
G1 X77.558 Y83.867 E2.77113
G1 X77.558 Y84.318 E.01924
G1 X142.442 Y84.318 E2.77113
G1 X142.442 Y84.768 E.01924
G1 X77.558 Y84.768 E2.77113
G1 X77.558 Y85.219 E.01924
G1 X142.442 Y85.219 E2.77113
G1 X142.442 Y85.67 E.01924
G1 X77.558 Y85.67 E2.77113
G1 X77.558 Y86.12 E.01924
G1 X82.481 Y86.12 E.21023
G1 X82.991 Y85.893 E.02384
G1 X83.659 Y85.751 E.02916
G1 X84.341 Y85.751 E.02914
G1 X84.971 Y85.885 E.02751
G1 X85.363 Y86.035 E.01792
G1 X85.51 Y86.12 E.00726
G1 X134.481 Y86.12 E2.09152
G1 X134.991 Y85.893 E.02384
G1 X135.659 Y85.751 E.02916
G1 X136.341 Y85.751 E.02914
G1 X136.971 Y85.885 E.02751
G1 X137.363 Y86.035 E.01792
G1 X137.51 Y86.12 E.00726
G1 X142.442 Y86.12 E.21064
G1 X142.442 Y86.571 E.01924
G1 X138.157 Y86.571 E.18298
G1 X138.428 Y86.814 E.01554
G1 X138.578 Y87.021 E.01093
G1 X142.442 Y87.021 E.16501
G1 X142.442 Y87.472 E.01924
G1 X138.876 Y87.472 E.15229
G1 X139.077 Y87.922 E.02107
G1 X142.442 Y87.922 E.14372
G1 X142.442 Y88.373 E.01924
G1 X139.188 Y88.373 E.13895
G1 X139.249 Y88.659 E.01247
G1 X139.249 Y88.824 E.00704
G1 X142.442 Y88.824 E.13636
G1 X142.442 Y89.274 E.01924
G1 X139.249 Y89.274 E.13636
G1 X139.167 Y89.725 E.01956
G1 X142.442 Y89.725 E.13984
G1 X142.442 Y90.175 E.01924
G1 X139.037 Y90.175 E.14542
G1 X138.965 Y90.363 E.00857
G1 X138.813 Y90.626 E.01298
G1 X142.442 Y90.626 E.15498
G1 X142.442 Y91.076 E.01924
G1 X138.502 Y91.076 E.16825
G1 X138.186 Y91.428 E.02019
G1 X138.049 Y91.527 E.00721
G1 X142.643 Y91.527 E.19622
G1 E-1.75 F6000
;WIPE_START
G1 F3000
G1 X141.643 Y91.527 E-.75
;WIPE_END
G1 X137.764 Y87.411 F18000
G1 X137.589 Y87.236
G1 X137.395 Y87.079
G1 X137.187 Y86.944
G1 X136.966 Y86.831
G1 X136.733 Y86.742
G1 X136.494 Y86.678
G1 X136.246 Y86.639
G1 X135.99 Y86.627
G1 X135.752 Y86.639
G1 X135.506 Y86.678
G1 X135.267 Y86.742
G1 X135.034 Y86.831
G1 X134.813 Y86.944
G1 X134.605 Y87.079
G1 X134.585 Y87.095
G1 X134.16 Y86.571
G1 E2.5 F6000
G1 F3000
G1 X86.157 Y86.571 E2.05016
G1 X86.428 Y86.814 E.01554
G1 X86.578 Y87.021 E.01093
G1 X133.41 Y87.021 E2.00016
G1 X133.357 Y87.08 E.00336
G1 X133.131 Y87.472 E.01934
G1 X86.876 Y87.472 E1.97552
G1 X87.077 Y87.922 E.02107
G1 X132.926 Y87.922 E1.9582
G1 X132.885 Y88.029 E.00488
G1 X132.812 Y88.373 E.01501
G1 X87.188 Y88.373 E1.94856
G1 X87.249 Y88.659 E.01248
G1 X87.249 Y88.824 E.00704
G1 X132.751 Y88.824 E1.94338
G1 X132.751 Y89.274 E.01924
G1 X87.249 Y89.274 E1.94338
G1 X87.167 Y89.725 E.01956
G1 X132.833 Y89.725 E1.95034
G1 X132.893 Y90.009 E.01243
G1 X132.967 Y90.175 E.00775
G1 X87.037 Y90.175 E1.96165
G1 X86.965 Y90.363 E.00857
G1 X86.813 Y90.626 E.01298
G1 X133.168 Y90.626 E1.97979
G1 X133.493 Y91.076 E.02373
G1 X86.502 Y91.076 E2.00694
G1 X86.186 Y91.428 E.02019
G1 X86.049 Y91.527 E.00721
G1 X134.283 Y91.527 E2.06002
G1 E-1.75 F6000
;WIPE_START
G1 F3000
G1 X133.283 Y91.527 E-.75
;WIPE_END
G1 X82.16 Y86.571 F18000
G1 E2.5 F6000
G1 F3000
G1 X77.558 Y86.571 E.19652
G1 X77.558 Y87.021 E.01924
G1 X81.41 Y87.021 E.16449
G1 X81.357 Y87.08 E.00336
G1 X81.131 Y87.472 E.01934
G1 X77.558 Y87.472 E.15258
G1 X77.558 Y87.922 E.01924
G1 X80.926 Y87.922 E.14382
G1 X80.885 Y88.029 E.00488
G1 X80.812 Y88.373 E.01501
G1 X77.558 Y88.373 E.13895
G1 X77.558 Y88.824 E.01924
G1 X80.751 Y88.824 E.13636
G1 X80.751 Y89.274 E.01924
G1 X77.558 Y89.274 E.13636
G1 X77.558 Y89.725 E.01924
G1 X80.833 Y89.725 E.13984
G1 X80.893 Y90.009 E.01243
G1 X80.967 Y90.175 E.00775
G1 X77.558 Y90.175 E.14558
G1 X77.558 Y90.626 E.01924
G1 X81.168 Y90.626 E.15415
G1 X81.493 Y91.076 E.02373
G1 X77.558 Y91.076 E.16804
G1 X77.558 Y91.527 E.01924
G1 X82.283 Y91.527 E.20177
G1 E-1.75 F6000
;WIPE_START
G1 F3000
G1 X81.283 Y91.527 E-.75
;WIPE_END
G1 X77.357 Y91.977 F18000
G1 E2.5 F6000
G1 F3000
G1 X82.67 Y91.977 E.22695
G1 X83.029 Y92.115 E.01641
G1 X83.659 Y92.249 E.02749
G1 X84.341 Y92.249 E.02916
G1 X85.009 Y92.107 E.02917
G1 X85.3 Y91.977 E.01359
G1 X134.67 Y91.977 E2.10858
G1 X135.029 Y92.115 E.01641
G1 X135.659 Y92.249 E.02749
G1 X136.341 Y92.249 E.02916
G1 X137.009 Y92.107 E.02917
G1 X137.3 Y91.977 E.01359
G1 X142.442 Y91.977 E.21959
G1 X142.442 Y92.428 E.01924
G1 X77.558 Y92.428 E2.77113
G1 X77.558 Y92.879 E.01924
G1 X142.442 Y92.879 E2.77113
G1 X142.442 Y93.329 E.01924
G1 X77.558 Y93.329 E2.77113
G1 X77.558 Y93.78 E.01924
G1 X142.442 Y93.78 E2.77113
G1 X142.442 Y94.23 E.01924
G1 X77.558 Y94.23 E2.77113
G1 X77.558 Y94.681 E.01924
G1 X142.442 Y94.681 E2.77113
G1 X142.442 Y95.131 E.01924
G1 X77.558 Y95.131 E2.77113
G1 X77.558 Y95.582 E.01924
G1 X142.442 Y95.582 E2.77113
G1 X142.442 Y96.033 E.01924
G1 X77.558 Y96.033 E2.77113
G1 X77.558 Y96.483 E.01924
G1 X142.442 Y96.483 E2.77113
G1 X142.442 Y96.934 E.01924
G1 X77.558 Y96.934 E2.77113
G1 X77.558 Y97.384 E.01924
G1 X142.442 Y97.384 E2.77113
G1 X142.442 Y97.835 E.01924
G1 X77.558 Y97.835 E2.77113
G1 X77.558 Y98.285 E.01924
G1 X142.442 Y98.285 E2.77113
G1 X142.442 Y98.736 E.01924
G1 X77.558 Y98.736 E2.77113
G1 X77.558 Y99.186 E.01924
G1 X142.442 Y99.186 E2.77113
G1 X142.442 Y99.637 E.01924
G1 X77.558 Y99.637 E2.77113
G1 X77.558 Y100.088 E.01924
G1 X142.442 Y100.088 E2.77113
G1 X142.442 Y100.538 E.01924
G1 X77.558 Y100.538 E2.77113
G1 X77.558 Y100.989 E.01924
G1 X142.442 Y100.989 E2.77113
G1 X142.442 Y101.439 E.01924
G1 X77.558 Y101.439 E2.77113
G1 X77.558 Y101.89 E.01924
G1 X142.442 Y101.89 E2.77113
G1 X142.442 Y102.34 E.01924
G1 X77.558 Y102.34 E2.77113
G1 X77.558 Y102.791 E.01924
G1 X142.442 Y102.791 E2.77113
G1 X142.442 Y103.242 E.01924
G1 X117.258 Y103.242 E1.07556
G1 X117.258 Y103.692 E.01924
G1 X142.442 Y103.692 E1.07556
G1 X142.442 Y104.143 E.01924
G1 X117.258 Y104.143 E1.07556
G1 X117.258 Y104.593 E.01924
G1 X142.442 Y104.593 E1.07556
G1 X142.442 Y105.044 E.01924
G1 X117.258 Y105.044 E1.07556
G1 X117.258 Y105.494 E.01924
G1 X142.442 Y105.494 E1.07556
G1 X142.442 Y105.945 E.01924
G1 X117.258 Y105.945 E1.07556
G1 X117.258 Y106.395 E.01924
G1 X142.442 Y106.395 E1.07556
G1 X142.442 Y106.846 E.01924
G1 X117.258 Y106.846 E1.07556
G1 X117.258 Y107.297 E.01924
G1 X142.442 Y107.297 E1.07556
G1 X142.442 Y107.747 E.01924
G1 X117.258 Y107.747 E1.07556
G1 X117.258 Y108.198 E.01924
G1 X142.442 Y108.198 E1.07556
G1 X142.442 Y108.648 E.01924
G1 X117.258 Y108.648 E1.07556
G1 X117.258 Y109.099 E.01924
G1 X142.442 Y109.099 E1.07556
G1 X142.442 Y109.549 E.01924
G1 X117.258 Y109.549 E1.07556
G1 X117.258 Y110 E.01924
G1 X142.442 Y110 E1.07556
G1 X142.442 Y110.451 E.01924
G1 X117.258 Y110.451 E1.07556
G1 X117.258 Y110.901 E.01924
G1 X142.442 Y110.901 E1.07556
G1 X142.442 Y111.352 E.01924
G1 X117.258 Y111.352 E1.07556
G1 X117.258 Y111.802 E.01924
G1 X142.442 Y111.802 E1.07556
G1 X142.442 Y112.253 E.01924
G1 X117.258 Y112.253 E1.07556
G1 X117.258 Y112.703 E.01924
G1 X142.442 Y112.703 E1.07556
G1 X142.442 Y113.154 E.01924
G1 X117.258 Y113.154 E1.07556
G1 X117.258 Y113.604 E.01924
G1 X142.442 Y113.604 E1.07556
G1 X142.442 Y114.055 E.01924
G1 X117.258 Y114.055 E1.07556
G1 X117.258 Y114.506 E.01924
G1 X142.442 Y114.506 E1.07556
G1 X142.442 Y114.956 E.01924
G1 X117.258 Y114.956 E1.07556
G1 X117.258 Y115.407 E.01924
G1 X142.442 Y115.407 E1.07556
G1 X142.442 Y115.857 E.01924
G1 X117.258 Y115.857 E1.07556
G1 X117.258 Y116.308 E.01924
G1 X142.442 Y116.308 E1.07556
G1 X142.442 Y116.758 E.01924
G1 X117.057 Y116.758 E1.08418
G1 E-1.75 F6000
;WIPE_START
G1 F3000
G1 X118.057 Y116.758 E-.75
;WIPE_END
G1 X116.373 Y103.627 F18000
G1 X103.627 Y103.627
G1 X103.627 Y103.627
G1 X102.943 Y103.242
G1 E2.5 F6000
G1 F3000
G1 X77.558 Y103.242 E1.08418
G1 X77.558 Y103.692 E.01924
G1 X102.742 Y103.692 E1.07556
G1 X102.742 Y104.143 E.01924
G1 X77.558 Y104.143 E1.07556
G1 X77.558 Y104.593 E.01924
G1 X102.742 Y104.593 E1.07556
G1 X102.742 Y105.044 E.01924
G1 X77.558 Y105.044 E1.07556
G1 X77.558 Y105.494 E.01924
G1 X102.742 Y105.494 E1.07556
G1 X102.742 Y105.945 E.01924
G1 X77.558 Y105.945 E1.07556
G1 X77.558 Y106.395 E.01924
G1 X102.742 Y106.395 E1.07556
G1 X102.742 Y106.846 E.01924
G1 X77.558 Y106.846 E1.07556
G1 X77.558 Y107.297 E.01924
G1 X102.742 Y107.297 E1.07556
G1 X102.742 Y107.747 E.01924
G1 X77.558 Y107.747 E1.07556
G1 X77.558 Y108.198 E.01924
G1 X102.742 Y108.198 E1.07556
G1 X102.742 Y108.648 E.01924
G1 X77.558 Y108.648 E1.07556
G1 X77.558 Y109.099 E.01924
G1 X102.742 Y109.099 E1.07556
G1 X102.742 Y109.549 E.01924
G1 X77.558 Y109.549 E1.07556
G1 X77.558 Y110 E.01924
G1 X102.742 Y110 E1.07556
G1 X102.742 Y110.451 E.01924
G1 X77.558 Y110.451 E1.07556
G1 X77.558 Y110.901 E.01924
G1 X102.742 Y110.901 E1.07556
G1 X102.742 Y111.352 E.01924
G1 X77.558 Y111.352 E1.07556
G1 X77.558 Y111.802 E.01924
G1 X102.742 Y111.802 E1.07556
G1 X102.742 Y112.253 E.01924
G1 X77.558 Y112.253 E1.07556
G1 X77.558 Y112.703 E.01924
G1 X102.742 Y112.703 E1.07556
G1 X102.742 Y113.154 E.01924
G1 X77.558 Y113.154 E1.07556
G1 X77.558 Y113.604 E.01924
G1 X102.742 Y113.604 E1.07556
G1 X102.742 Y114.055 E.01924
G1 X77.558 Y114.055 E1.07556
G1 X77.558 Y114.506 E.01924
G1 X102.742 Y114.506 E1.07556
G1 X102.742 Y114.956 E.01924
G1 X77.558 Y114.956 E1.07556
G1 X77.558 Y115.407 E.01924
G1 X102.742 Y115.407 E1.07556
G1 X102.742 Y115.857 E.01924
G1 X77.558 Y115.857 E1.07556
G1 X77.558 Y116.308 E.01924
G1 X102.742 Y116.308 E1.07556
G1 X102.742 Y116.758 E.01924
G1 X77.558 Y116.758 E1.07556
G1 X77.558 Y117.209 E.01924
G1 X142.442 Y117.209 E2.77113
G1 X142.442 Y117.66 E.01924
G1 X77.558 Y117.66 E2.77113
G1 X77.558 Y118.11 E.01924
G1 X142.442 Y118.11 E2.77113
G1 X142.442 Y118.561 E.01924
G1 X77.558 Y118.561 E2.77113
G1 X77.558 Y119.011 E.01924
G1 X142.442 Y119.011 E2.77113
G1 X142.442 Y119.462 E.01924
G1 X77.558 Y119.462 E2.77113
G1 X77.558 Y119.912 E.01924
G1 X142.442 Y119.912 E2.77113
G1 X142.442 Y120.363 E.01924
G1 X77.558 Y120.363 E2.77113
G1 X77.558 Y120.813 E.01924
G1 X142.442 Y120.813 E2.77113
G1 X142.442 Y121.264 E.01924
G1 X77.558 Y121.264 E2.77113
G1 X77.558 Y121.715 E.01924
G1 X142.442 Y121.715 E2.77113
G1 X142.442 Y122.165 E.01924
G1 X77.558 Y122.165 E2.77113
G1 X77.558 Y122.616 E.01924
G1 X142.442 Y122.616 E2.77113
G1 X142.442 Y123.066 E.01924
G1 X77.558 Y123.066 E2.77113
G1 X77.558 Y123.517 E.01924
G1 X142.442 Y123.517 E2.77113
G1 X142.442 Y123.967 E.01924
G1 X77.558 Y123.967 E2.77113
G1 X77.558 Y124.418 E.01924
G1 X142.442 Y124.418 E2.77113
G1 X142.442 Y124.869 E.01924
G1 X77.558 Y124.869 E2.77113
G1 X77.558 Y125.319 E.01924
G1 X142.442 Y125.319 E2.77113
G1 X142.442 Y125.77 E.01924
G1 X77.558 Y125.77 E2.77113
G1 X77.558 Y126.22 E.01924
G1 X142.442 Y126.22 E2.77113
G1 X142.442 Y126.671 E.01924
G1 X77.558 Y126.671 E2.77113
G1 X77.558 Y127.121 E.01924
G1 X142.442 Y127.121 E2.77113
G1 X142.442 Y127.572 E.01924
G1 X77.558 Y127.572 E2.77113
G1 X77.558 Y128.023 E.01924
G1 X82.7 Y128.023 E.21959
G1 X82.991 Y127.893 E.01359
G1 X83.659 Y127.751 E.02916
G1 X84.341 Y127.751 E.02914
G1 X84.971 Y127.885 E.02751
G1 X85.33 Y128.023 E.01641
G1 X134.7 Y128.023 E2.10858
G1 X134.991 Y127.893 E.01359
G1 X135.659 Y127.751 E.02916
G1 X136.341 Y127.751 E.02914
G1 X136.971 Y127.885 E.02751
G1 X137.33 Y128.023 E.01641
G1 X142.442 Y128.023 E.21833
G1 X142.442 Y128.473 E.01924
G1 X138.049 Y128.473 E.18761
G1 X138.428 Y128.814 E.02177
G1 X138.507 Y128.924 E.00578
G1 X142.442 Y128.924 E.16804
G1 X142.442 Y129.374 E.01924
G1 X138.832 Y129.374 E.15415
G1 X139.033 Y129.825 E.02107
G1 X142.442 Y129.825 E.14558
G1 X142.442 Y130.275 E.01924
G1 X139.167 Y130.275 E.13984
G1 X139.249 Y130.726 E.01956
G1 X142.442 Y130.726 E.13636
G1 X142.442 Y131.176 E.01924
G1 X139.249 Y131.176 E.13636
G1 X139.249 Y131.341 E.00704
G1 X139.188 Y131.627 E.01247
G1 X142.442 Y131.627 E.13895
G1 X142.442 Y132.078 E.01924
G1 X139.074 Y132.078 E.14382
G1 X138.965 Y132.363 E.01304
G1 X138.869 Y132.528 E.00816
G1 X142.442 Y132.528 E.15258
G1 X142.442 Y132.979 E.01924
G1 X138.59 Y132.979 E.16449
G1 X138.184 Y133.429 E.02592
G1 X142.643 Y133.429 E.19048
G1 E-1.75 F6000
;WIPE_START
G1 F3000
G1 X141.643 Y133.429 E-.75
;WIPE_END
G1 X137.764 Y129.411 F18000
G1 X137.589 Y129.236
G1 X137.395 Y129.079
G1 X137.187 Y128.944
G1 X136.966 Y128.831
G1 X136.733 Y128.742
G1 X136.494 Y128.678
G1 X136.246 Y128.639
G1 X135.99 Y128.627
G1 X135.752 Y128.639
G1 X135.506 Y128.678
G1 X135.267 Y128.742
G1 X135.034 Y128.831
G1 X134.813 Y128.944
G1 X134.663 Y129.042
G1 X134.294 Y128.473
G1 E2.5 F6000
G1 F3000
G1 X86.049 Y128.473 E2.06053
G1 X86.428 Y128.814 E.02177
G1 X86.507 Y128.924 E.00578
G1 X133.498 Y128.924 E2.00694
G1 X133.357 Y129.08 E.00897
G1 X133.187 Y129.374 E.01453
G1 X86.832 Y129.374 E1.97979
G1 X87.033 Y129.825 E.02107
G1 X132.963 Y129.825 E1.96166
G1 X132.885 Y130.029 E.00935
G1 X132.833 Y130.275 E.01075
G1 X87.167 Y130.275 E1.95034
G1 X87.249 Y130.726 E.01956
G1 X132.751 Y130.726 E1.94338
G1 X132.751 Y131.176 E.01924
G1 X87.249 Y131.176 E1.94338
G1 X87.249 Y131.341 E.00704
G1 X87.188 Y131.627 E.01247
G1 X132.812 Y131.627 E1.94856
G1 X132.893 Y132.009 E.0167
G1 X132.923 Y132.078 E.00319
G1 X87.074 Y132.078 E1.9582
G1 X86.965 Y132.363 E.01304
G1 X86.869 Y132.528 E.00816
G1 X133.124 Y132.528 E1.97552
G1 X133.171 Y132.633 E.00492
G1 X133.422 Y132.979 E.01823
G1 X86.59 Y132.979 E2.00015
G1 X86.184 Y133.429 E.02592
G1 X134.144 Y133.429 E2.04837
G1 E-1.75 F6000
;WIPE_START
G1 F3000
G1 X133.144 Y133.429 E-.75
;WIPE_END
G1 X82.294 Y128.473 F18000
G1 E2.5 F6000
G1 F3000
G1 X77.558 Y128.473 E.20226
G1 X77.558 Y128.924 E.01924
G1 X81.498 Y128.924 E.16825
G1 X81.357 Y129.08 E.00897
G1 X81.187 Y129.374 E.01453
G1 X77.558 Y129.374 E.15498
G1 X77.558 Y129.825 E.01924
G1 X80.963 Y129.825 E.14542
G1 X80.885 Y130.029 E.00935
G1 X80.833 Y130.275 E.01075
G1 X77.558 Y130.275 E.13984
G1 X77.558 Y130.726 E.01924
G1 X80.751 Y130.726 E.13636
G1 X80.751 Y131.176 E.01924
G1 X77.558 Y131.176 E.13636
G1 X77.558 Y131.627 E.01924
G1 X80.812 Y131.627 E.13895
G1 X80.893 Y132.009 E.0167
G1 X80.923 Y132.078 E.00319
G1 X77.558 Y132.078 E.14372
G1 X77.558 Y132.528 E.01924
G1 X81.124 Y132.528 E.15229
G1 X81.171 Y132.633 E.00492
G1 X81.422 Y132.979 E.01823
G1 X77.558 Y132.979 E.16501
G1 X77.558 Y133.429 E.01924
G1 X82.144 Y133.429 E.19586
G1 E-1.75 F6000
;WIPE_START
G1 F3000
G1 X81.144 Y133.429 E-.75
;WIPE_END
G1 X77.357 Y133.88 F18000
G1 E2.5 F6000
G1 F3000
G1 X82.49 Y133.88 E.21926
G1 X82.637 Y133.965 E.00726
G1 X83.029 Y134.115 E.01792
G1 X83.659 Y134.249 E.02749
G1 X84.341 Y134.249 E.02916
G1 X85.009 Y134.107 E.02917
G1 X85.519 Y133.88 E.02384
G1 X134.49 Y133.88 E2.09152
G1 X134.637 Y133.965 E.00726
G1 X135.029 Y134.115 E.01792
G1 X135.659 Y134.249 E.02749
G1 X136.341 Y134.249 E.02916
G1 X137.009 Y134.107 E.02917
G1 X137.519 Y133.88 E.02384
G1 X142.442 Y133.88 E.21023
G1 X142.442 Y134.33 E.01924
G1 X77.558 Y134.33 E2.77113
G1 X77.558 Y134.781 E.01924
G1 X142.442 Y134.781 E2.77113
G1 X142.442 Y135.232 E.01924
G1 X77.558 Y135.232 E2.77113
G1 X77.558 Y135.682 E.01924
G1 X142.442 Y135.682 E2.77113
G1 X142.442 Y136.133 E.01924
G1 X77.558 Y136.133 E2.77113
G1 X77.558 Y136.583 E.01924
G1 X142.442 Y136.583 E2.77113
G1 X142.442 Y137.034 E.01924
G1 X77.558 Y137.034 E2.77113
G1 X77.558 Y137.484 E.01924
G1 X142.442 Y137.484 E2.77113
G1 X142.442 Y137.935 E.01924
G1 X77.558 Y137.935 E2.77113
G1 X77.558 Y138.385 E.01924
G1 X142.442 Y138.385 E2.77113
G1 X142.442 Y138.836 E.01924
G1 X77.558 Y138.836 E2.77113
G1 X77.558 Y139.287 E.01924
G1 X142.442 Y139.287 E2.77113
G1 X142.442 Y139.737 E.01924
G1 X77.558 Y139.737 E2.77113
G1 X77.558 Y140.188 E.01924
G1 X142.442 Y140.188 E2.77113
G1 X142.442 Y140.638 E.01924
G1 X77.558 Y140.638 E2.77113
G1 X77.572 Y141.089 E.01925
G1 X142.435 Y141.089 E2.77025
G1 X142.368 Y141.444 E.01546
G1 X142.325 Y141.539 E.00444
G1 X77.671 Y141.539 E2.76134
G1 X77.836 Y141.845 E.01484
G1 X77.967 Y141.99 E.00832
G1 X142.038 Y141.99 E2.73645
G1 X141.845 Y142.164 E.01108
G1 X141.585 Y142.314 E.01284
G1 X141.3 Y142.406 E.01281
G1 X140.962 Y142.441 E.01449
G1 X78.223 Y142.441 E2.67956
; stop printing object top_plate.stl id:4653052573991952974 copy 0
;LAYER_CHANGE
;Z:0.44
;HEIGHT:0.2
G92 E0 ; zero the extruded length again
; BEFORE_LAYER_CHANGE 1 @ 0.44mm
G1 E-1.75 F6000
;WIPE_START
G1 F3000
G1 X79.223 Y142.441 E-.75
;WIPE_END
; AFTER_LAYER_CHANGE 1 @ 0.44mm
;_SET_FAN_SPEED_CHANGING_LAYER
M204 P2000
M104 S230 ; set nozzle temperature
; printing object top_plate.stl id:4653052573991952974 copy 0
G1 X83.038 Y142.524 Z.64 F18000
G1 X122.656 Y143.389 Z.64
G1 X140.984 Y143.389
G1 X140.995 Y143.79
G1 Z.44
G1 E2.5 F6000
M204 P1000
;TYPE:Outer wall
;WIDTH:0.42
G1 F3600
G1 X79.005 Y143.79 E1.84644
G1 X78.708 Y143.774 E.00886
G1 X78.42 Y143.729 E.0087
G1 X78.138 Y143.653 E.0087
G1 X77.865 Y143.549 E.0087
G1 X77.605 Y143.416 E.0087
G1 X77.36 Y143.257 E.0087
G1 X77.133 Y143.073 E.0087
G1 X76.927 Y142.867 E.0087
G1 X76.743 Y142.64 E.0087
G1 X76.584 Y142.395 E.0087
G1 X76.452 Y142.135 E.0087
G1 X76.347 Y141.862 E.0087
G1 X76.271 Y141.58 E.0087
G1 X76.226 Y141.292 E.0087
G1 X76.21 Y140.995 E.00886
G1 X76.21 Y79.005 E1.84644
G1 X76.226 Y78.708 E.00886
G1 X76.271 Y78.42 E.0087
G1 X76.347 Y78.138 E.0087
G1 X76.452 Y77.865 E.0087
G1 X76.584 Y77.605 E.0087
G1 X76.743 Y77.36 E.0087
G1 X76.927 Y77.133 E.0087
G1 X77.133 Y76.927 E.0087
G1 X77.36 Y76.743 E.0087
G1 X77.605 Y76.584 E.0087
G1 X77.865 Y76.452 E.0087
G1 X78.138 Y76.347 E.0087
G1 X78.42 Y76.271 E.0087
G1 X78.708 Y76.226 E.0087
G1 X79.005 Y76.21 E.00886
G1 X140.995 Y76.21 E1.84644
G1 X141.292 Y76.226 E.00886
G1 X141.58 Y76.271 E.0087
G1 X141.862 Y76.347 E.0087
G1 X142.135 Y76.451 E.0087
G1 X142.395 Y76.584 E.0087
G1 X142.64 Y76.743 E.0087
G1 X142.867 Y76.927 E.0087
G1 X143.073 Y77.133 E.0087
G1 X143.257 Y77.36 E.0087
G1 X143.416 Y77.605 E.0087
G1 X143.548 Y77.865 E.0087
G1 X143.653 Y78.138 E.0087
G1 X143.729 Y78.42 E.0087
G1 X143.774 Y78.708 E.0087
G1 X143.79 Y79.005 E.00886
G1 X143.79 Y140.995 E1.84644
G1 X143.774 Y141.292 E.00886
G1 X143.729 Y141.58 E.0087
G1 X143.653 Y141.862 E.0087
G1 X143.548 Y142.135 E.0087
G1 X143.416 Y142.395 E.0087
G1 X143.257 Y142.64 E.0087
G1 X143.073 Y142.867 E.0087
G1 X142.867 Y143.073 E.0087
G1 X142.64 Y143.257 E.0087
G1 X142.395 Y143.416 E.0087
G1 X142.135 Y143.548 E.0087
G1 X141.862 Y143.653 E.0087
G1 X141.58 Y143.729 E.0087
G1 X141.292 Y143.774 E.0087
G1 X141.054 Y143.787 E.00707
G1 X141.034 Y143.387 F18000
G1 X140.984 Y143.389
G1 X140.984 Y143.389
G1 X140.984 Y143.398
M204 P1500
;TYPE:Inner wall
;WIDTH:0.45
G1 F6000
G1 X79.016 Y143.398 E1.99268
G1 X78.749 Y143.384 E.00857
G1 X78.502 Y143.345 E.00807
G1 X78.259 Y143.28 E.00807
G1 X78.025 Y143.19 E.00807
G1 X77.801 Y143.076 E.00807
G1 X77.591 Y142.939 E.00806
G1 X77.396 Y142.781 E.00807
G1 X77.219 Y142.604 E.00807
G1 X77.061 Y142.409 E.00807
G1 X76.924 Y142.199 E.00806
G1 X76.81 Y141.975 E.00807
G1 X76.72 Y141.741 E.00807
G1 X76.655 Y141.498 E.00807
G1 X76.616 Y141.251 E.00807
G1 X76.602 Y140.984 E.00857
G1 X76.602 Y79.016 E1.99268
G1 X76.616 Y78.749 E.00857
G1 X76.655 Y78.502 E.00807
G1 X76.72 Y78.259 E.00807
G1 X76.81 Y78.025 E.00807
G1 X76.924 Y77.801 E.00807
G1 X77.061 Y77.591 E.00806
G1 X77.219 Y77.396 E.00807
G1 X77.396 Y77.219 E.00807
G1 X77.591 Y77.061 E.00807
G1 X77.801 Y76.924 E.00806
G1 X78.025 Y76.81 E.00807
G1 X78.259 Y76.72 E.00807
G1 X78.502 Y76.655 E.00807
G1 X78.749 Y76.616 E.00807
G1 X79.016 Y76.602 E.00857
G1 X140.984 Y76.602 E1.99268
G1 X141.251 Y76.616 E.00857
G1 X141.498 Y76.655 E.00807
G1 X141.741 Y76.72 E.00807
G1 X141.975 Y76.81 E.00807
G1 X142.199 Y76.924 E.00807
G1 X142.409 Y77.061 E.00806
G1 X142.604 Y77.219 E.00807
G1 X142.781 Y77.396 E.00807
G1 X142.939 Y77.591 E.00807
G1 X143.076 Y77.801 E.00806
G1 X143.19 Y78.025 E.00807
G1 X143.28 Y78.259 E.00807
G1 X143.345 Y78.502 E.00807
G1 X143.384 Y78.749 E.00807
G1 X143.398 Y79.016 E.00857
G1 X143.398 Y140.984 E1.99268
G1 X143.384 Y141.251 E.00857
G1 X143.345 Y141.498 E.00807
G1 X143.28 Y141.741 E.00807
G1 X143.19 Y141.975 E.00807
G1 X143.076 Y142.199 E.00807
G1 X142.939 Y142.409 E.00806
G1 X142.781 Y142.604 E.00807
G1 X142.604 Y142.781 E.00807
G1 X142.409 Y142.939 E.00807
G1 X142.199 Y143.076 E.00806
G1 X141.975 Y143.19 E.00807
G1 X141.741 Y143.28 E.00807
G1 X141.498 Y143.345 E.00807
G1 X141.251 Y143.384 E.00807
G1 X141.044 Y143.395 E.00664
G1 X140.974 Y142.991 F18000
G1 F6000
G1 X79.026 Y142.991 E1.992
G1 X78.792 Y142.979 E.00754
G1 X78.385 Y142.892 E.01338
G1 X78.005 Y142.723 E.01338
G1 X77.669 Y142.479 E.01337
G1 X77.39 Y142.169 E.01338
G1 X77.183 Y141.809 E.01337
G1 X77.054 Y141.414 E.01337
G1 X77.009 Y140.974 E.01422
G1 X77.009 Y79.026 E1.992
G1 X77.021 Y78.792 E.00754
G1 X77.108 Y78.385 E.01338
G1 X77.277 Y78.005 E.01338
G1 X77.521 Y77.669 E.01337
G1 X77.831 Y77.39 E.01338
G1 X78.191 Y77.183 E.01337
G1 X78.586 Y77.054 E.01337
G1 X79.026 Y77.009 E.01422
G1 X140.974 Y77.009 E1.992
G1 X141.208 Y77.021 E.00754
G1 X141.615 Y77.108 E.01338
G1 X141.995 Y77.277 E.01338
G1 X142.169 Y77.39 E.00669
G1 X142.479 Y77.669 E.01338
G1 X142.723 Y78.005 E.01337
G1 X142.892 Y78.385 E.01338
G1 X142.979 Y78.792 E.01338
G1 X142.991 Y79.026 E.00754
G1 X142.991 Y140.974 E1.992
G1 X142.979 Y141.208 E.00754
G1 X142.892 Y141.615 E.01338
G1 X142.723 Y141.995 E.01338
G1 X142.479 Y142.331 E.01337
G1 X142.169 Y142.61 E.01338
G1 X141.809 Y142.817 E.01337
G1 X141.414 Y142.946 E.01337
G1 X141.033 Y142.985 E.01229
G1 E-1.75
;WIPE_START
G1 X140.033 Y142.985 E-.75
;WIPE_END
G1 X140.033 Y143.389 Z.64 F18000
G1 X136.122 Y91.305
G1 X136.101 Y90.901
G1 Z.44
G1 E2.5 F6000
M204 P1000
;TYPE:Outer wall
;WIDTH:0.42
G1 F3600
G1 X136.2 Y90.901 E.00294
G1 X136.591 Y90.818 E.0119
G1 X136.956 Y90.655 E.0119
G1 X137.279 Y90.42 E.0119
G1 X137.546 Y90.123 E.0119
G1 X137.743 Y89.782 E.01174
G1 X137.819 Y89.585 E.00629
G1 X137.901 Y89.2 E.01174
G1 X137.901 Y88.8 E.0119
G1 X137.818 Y88.409 E.0119
G1 X137.655 Y88.044 E.0119
G1 X137.42 Y87.721 E.0119
G1 X137.123 Y87.454 E.0119
G1 X136.782 Y87.257 E.01174
G1 X136.585 Y87.181 E.00629
G1 X136.199 Y87.099 E.01176
G1 X135.8 Y87.099 E.01188
G1 X135.409 Y87.182 E.0119
G1 X135.044 Y87.345 E.0119
G1 X134.721 Y87.58 E.0119
G1 X134.454 Y87.877 E.0119
G1 X134.257 Y88.218 E.01174
G1 X134.181 Y88.415 E.00629
G1 X134.099 Y88.8 E.01174
G1 X134.099 Y89.2 E.0119
G1 X134.182 Y89.591 E.0119
G1 X134.345 Y89.956 E.0119
G1 X134.58 Y90.279 E.0119
G1 X134.877 Y90.546 E.0119
G1 X135.218 Y90.743 E.01174
G1 X135.415 Y90.819 E.00629
G1 X135.8 Y90.901 E.01174
G1 X136.041 Y90.901 E.00717
G1 X136.062 Y91.308 F18000
G1 X136.242 Y91.299
G1 X136.274 Y91.294
G1 X136.272 Y91.286
M204 P1500
;TYPE:Inner wall
;WIDTH:0.45
G1 F6000
G1 X136.712 Y91.193 E.01447
G1 X137.153 Y90.997 E.0155
G1 X137.543 Y90.713 E.0155
G1 X137.865 Y90.355 E.0155
G1 X138.098 Y89.952 E.01499
G1 X138.196 Y89.697 E.00877
G1 X138.293 Y89.241 E.01499
G1 X138.293 Y88.759 E.01549
G1 X138.193 Y88.288 E.0155
G1 X137.997 Y87.847 E.0155
G1 X137.713 Y87.457 E.0155
G1 X137.355 Y87.135 E.0155
G1 X136.952 Y86.902 E.01499
G1 X136.697 Y86.804 E.00878
G1 X136.24 Y86.707 E.01501
G1 X135.759 Y86.707 E.01547
G1 X135.288 Y86.807 E.0155
G1 X134.847 Y87.003 E.0155
G1 X134.457 Y87.287 E.0155
G1 X134.135 Y87.645 E.0155
G1 X133.902 Y88.048 E.01499
G1 X133.804 Y88.303 E.00877
G1 X133.707 Y88.759 E.01499
G1 X133.707 Y89.241 E.01549
G1 X133.807 Y89.712 E.0155
G1 X134.003 Y90.153 E.0155
G1 X134.287 Y90.543 E.0155
G1 X134.645 Y90.865 E.0155
G1 X135.048 Y91.098 E.01499
G1 X135.303 Y91.196 E.00877
G1 X135.759 Y91.293 E.01499
G1 X136.213 Y91.293 E.01459
G1 X136.351 Y91.686 F18000
G1 F6000
G1 X136.839 Y91.582 E.01605
G1 X137.357 Y91.351 E.01826
G1 X137.817 Y91.018 E.01825
G1 X138.196 Y90.596 E.01825
G1 X138.467 Y90.127 E.0174
G1 X138.588 Y89.813 E.01084
G1 X138.7 Y89.284 E.01739
G1 X138.7 Y88.716 E.01824
G1 X138.582 Y88.161 E.01825
G1 X138.351 Y87.643 E.01826
G1 X138.018 Y87.183 E.01825
G1 X137.596 Y86.804 E.01825
G1 X137.127 Y86.533 E.0174
G1 X136.813 Y86.412 E.01084
G1 X136.283 Y86.3 E.01742
G1 X135.716 Y86.3 E.01822
G1 X135.161 Y86.418 E.01825
G1 X134.643 Y86.649 E.01826
G1 X134.183 Y86.982 E.01825
G1 X133.804 Y87.404 E.01825
G1 X133.533 Y87.873 E.0174
G1 X133.412 Y88.187 E.01084
G1 X133.3 Y88.716 E.01739
G1 X133.3 Y89.284 E.01824
G1 X133.418 Y89.839 E.01825
G1 X133.649 Y90.357 E.01826
G1 X133.982 Y90.817 E.01825
G1 X134.404 Y91.196 E.01825
G1 X134.873 Y91.467 E.0174
G1 X135.187 Y91.588 E.01084
G1 X135.716 Y91.7 E.01739
G1 X136.284 Y91.7 E.01824
G1 X136.292 Y91.698 E.00027
G1 E-1.75
;WIPE_START
G1 X136.839 Y91.582 E-.41941
G1 X137.242 Y91.403 E-.33059
;WIPE_END
G1 X137.062 Y91.05 Z.64 F18000
G1 X138.312 Y131
G1 X138.299 Y131.242
G1 X138.261 Y131.481
G1 X138.199 Y131.714
G1 X138.112 Y131.94
G1 X138.002 Y132.156
G1 X137.87 Y132.359
G1 X137.718 Y132.547
G1 X137.547 Y132.718
G1 X137.359 Y132.87
G1 X137.156 Y133.002
G1 X136.94 Y133.112
G1 X136.714 Y133.199
G1 X136.481 Y133.261
G1 X136.242 Y133.299
G1 X136.09 Y133.307
G1 X136.069 Y132.901
G1 Z.44
G1 E2.5 F6000
M204 P1000
;TYPE:Outer wall
;WIDTH:0.42
G1 F3600
G1 X136.2 Y132.901 E.00389
G1 X136.591 Y132.818 E.0119
G1 X136.956 Y132.655 E.0119
G1 X137.279 Y132.42 E.0119
G1 X137.546 Y132.123 E.0119
G1 X137.743 Y131.782 E.01174
G1 X137.819 Y131.585 E.00629
G1 X137.901 Y131.2 E.01174
G1 X137.901 Y130.8 E.0119
G1 X137.818 Y130.409 E.0119
G1 X137.655 Y130.044 E.0119
G1 X137.42 Y129.721 E.0119
G1 X137.123 Y129.454 E.0119
G1 X136.782 Y129.257 E.01174
G1 X136.585 Y129.181 E.00629
G1 X136.199 Y129.099 E.01176
G1 X135.8 Y129.099 E.01188
G1 X135.409 Y129.182 E.0119
G1 X135.044 Y129.345 E.0119
G1 X134.721 Y129.58 E.0119
G1 X134.454 Y129.877 E.0119
G1 X134.257 Y130.218 E.01174
G1 X134.181 Y130.415 E.00629
G1 X134.099 Y130.8 E.01174
G1 X134.099 Y131.2 E.0119
G1 X134.182 Y131.591 E.0119
G1 X134.345 Y131.956 E.0119
G1 X134.58 Y132.279 E.0119
G1 X134.877 Y132.546 E.0119
G1 X135.218 Y132.743 E.01174
G1 X135.415 Y132.819 E.00629
G1 X135.8 Y132.901 E.01174
G1 X136.009 Y132.901 E.00622
G1 X136.031 Y133.31 F18000
G1 X136.242 Y133.299
G1 X136.274 Y133.294
G1 X136.272 Y133.286
M204 P1500
;TYPE:Inner wall
;WIDTH:0.45
G1 F6000
G1 X136.712 Y133.193 E.01447
G1 X137.153 Y132.997 E.0155
G1 X137.543 Y132.713 E.0155
G1 X137.865 Y132.355 E.0155
G1 X138.098 Y131.952 E.01499
G1 X138.196 Y131.697 E.00877
G1 X138.293 Y131.241 E.01499
G1 X138.293 Y130.759 E.01549
G1 X138.193 Y130.288 E.0155
G1 X137.997 Y129.847 E.0155
G1 X137.713 Y129.457 E.0155
G1 X137.355 Y129.135 E.0155
G1 X136.952 Y128.902 E.01499
G1 X136.697 Y128.804 E.00878
G1 X136.24 Y128.707 E.01501
G1 X135.759 Y128.707 E.01547
G1 X135.288 Y128.807 E.0155
G1 X134.847 Y129.003 E.0155
G1 X134.457 Y129.287 E.0155
G1 X134.135 Y129.645 E.0155
G1 X133.902 Y130.048 E.01499
G1 X133.804 Y130.303 E.00877
G1 X133.707 Y130.759 E.01499
G1 X133.707 Y131.241 E.01549
G1 X133.807 Y131.712 E.0155
G1 X134.003 Y132.153 E.0155
G1 X134.287 Y132.543 E.0155
G1 X134.645 Y132.865 E.0155
G1 X135.048 Y133.098 E.01499
G1 X135.303 Y133.196 E.00877
G1 X135.759 Y133.293 E.01499
G1 X136.213 Y133.293 E.01459
G1 X136.351 Y133.686 F18000
G1 F6000
G1 X136.839 Y133.582 E.01605
G1 X137.357 Y133.351 E.01826
G1 X137.817 Y133.018 E.01825
G1 X138.196 Y132.596 E.01825
G1 X138.467 Y132.127 E.0174
G1 X138.588 Y131.813 E.01084
G1 X138.7 Y131.284 E.01739
G1 X138.7 Y130.716 E.01824
G1 X138.582 Y130.161 E.01825
G1 X138.351 Y129.643 E.01826
G1 X138.018 Y129.183 E.01825
G1 X137.596 Y128.804 E.01825
G1 X137.127 Y128.533 E.0174
G1 X136.813 Y128.412 E.01084
G1 X136.283 Y128.3 E.01742
G1 X135.716 Y128.3 E.01822
G1 X135.161 Y128.418 E.01825
G1 X134.643 Y128.649 E.01826
G1 X134.183 Y128.982 E.01825
G1 X133.804 Y129.404 E.01825
G1 X133.533 Y129.873 E.0174
G1 X133.412 Y130.187 E.01084
G1 X133.3 Y130.716 E.01739
G1 X133.3 Y131.284 E.01824
G1 X133.418 Y131.839 E.01825
G1 X133.649 Y132.357 E.01826
G1 X133.982 Y132.817 E.01825
G1 X134.404 Y133.196 E.01825
G1 X134.873 Y133.467 E.0174
G1 X135.187 Y133.588 E.01084
G1 X135.716 Y133.7 E.01739
G1 X136.284 Y133.7 E.01824
G1 X136.292 Y133.698 E.00027
G1 E-1.75
;WIPE_START
G1 X136.839 Y133.582 E-.41945
G1 X137.241 Y133.403 E-.33055
;WIPE_END
G1 X137.062 Y133.05 Z.64 F18000
G1 X85.294 Y132.912
G1 X85.156 Y133.002
G1 X84.94 Y133.112
G1 X84.714 Y133.199
G1 X84.481 Y133.261
G1 X84.242 Y133.299
G1 X84.122 Y133.305
G1 X84.101 Y132.901
G1 Z.44
G1 E2.5 F6000
M204 P1000
;TYPE:Outer wall
;WIDTH:0.42
G1 F3600
G1 X84.2 Y132.901 E.00294
G1 X84.591 Y132.818 E.0119
G1 X84.956 Y132.655 E.0119
G1 X85.279 Y132.42 E.0119
G1 X85.546 Y132.123 E.0119
G1 X85.743 Y131.782 E.01174
G1 X85.819 Y131.585 E.00629
G1 X85.901 Y131.2 E.01174
G1 X85.901 Y130.8 E.0119
G1 X85.818 Y130.409 E.0119
G1 X85.655 Y130.044 E.0119
G1 X85.42 Y129.721 E.0119
G1 X85.123 Y129.454 E.0119
G1 X84.782 Y129.257 E.01174
G1 X84.585 Y129.181 E.00629
G1 X84.199 Y129.099 E.01176
G1 X83.8 Y129.099 E.01188
G1 X83.409 Y129.182 E.0119
G1 X83.044 Y129.345 E.0119
G1 X82.721 Y129.58 E.0119
G1 X82.454 Y129.877 E.0119
G1 X82.257 Y130.218 E.01174
G1 X82.181 Y130.415 E.00629
G1 X82.099 Y130.8 E.01174
G1 X82.099 Y131.2 E.0119
G1 X82.182 Y131.591 E.0119
G1 X82.345 Y131.956 E.0119
G1 X82.58 Y132.279 E.0119
G1 X82.877 Y132.546 E.0119
G1 X83.218 Y132.743 E.01174
G1 X83.415 Y132.819 E.00629
G1 X83.8 Y132.901 E.01174
G1 X84.041 Y132.901 E.00717
G1 X84.062 Y133.308 F18000
G1 X84.209 Y133.301
G1 X84.209 Y133.293
M204 P1500
;TYPE:Inner wall
;WIDTH:0.45
G1 F6000
G1 X84.241 Y133.293 E.00103
G1 X84.712 Y133.193 E.0155
G1 X85.153 Y132.997 E.0155
G1 X85.543 Y132.713 E.0155
G1 X85.865 Y132.355 E.0155
G1 X86.098 Y131.952 E.01499
G1 X86.196 Y131.697 E.00877
G1 X86.293 Y131.241 E.01499
G1 X86.293 Y130.759 E.01549
G1 X86.193 Y130.288 E.0155
G1 X85.997 Y129.847 E.0155
G1 X85.713 Y129.457 E.0155
G1 X85.355 Y129.135 E.0155
G1 X84.952 Y128.902 E.01499
G1 X84.697 Y128.804 E.00878
G1 X84.24 Y128.707 E.01501
G1 X83.759 Y128.707 E.01547
G1 X83.288 Y128.807 E.0155
G1 X82.847 Y129.003 E.0155
G1 X82.457 Y129.287 E.0155
G1 X82.135 Y129.645 E.0155
G1 X81.902 Y130.048 E.01499
G1 X81.804 Y130.303 E.00877
G1 X81.707 Y130.759 E.01499
G1 X81.707 Y131.241 E.01549
G1 X81.807 Y131.712 E.0155
G1 X82.003 Y132.153 E.0155
G1 X82.287 Y132.543 E.0155
G1 X82.645 Y132.865 E.0155
G1 X83.048 Y133.098 E.01499
G1 X83.303 Y133.196 E.00877
G1 X83.759 Y133.293 E.01499
G1 X84.149 Y133.293 E.01253
G1 X84.215 Y133.7 F18000
G1 F6000
G1 X84.284 Y133.7 E.0022
G1 X84.839 Y133.582 E.01825
G1 X85.357 Y133.351 E.01826
G1 X85.817 Y133.018 E.01825
G1 X86.196 Y132.596 E.01825
G1 X86.467 Y132.127 E.0174
G1 X86.588 Y131.813 E.01084
G1 X86.7 Y131.284 E.01739
G1 X86.7 Y130.716 E.01824
G1 X86.582 Y130.161 E.01825
G1 X86.351 Y129.643 E.01826
G1 X86.018 Y129.183 E.01825
G1 X85.596 Y128.804 E.01825
G1 X85.127 Y128.533 E.0174
G1 X84.813 Y128.412 E.01084
G1 X84.283 Y128.3 E.01742
G1 X83.716 Y128.3 E.01822
G1 X83.161 Y128.418 E.01825
G1 X82.643 Y128.649 E.01826
G1 X82.183 Y128.982 E.01825
G1 X81.804 Y129.404 E.01825
G1 X81.533 Y129.873 E.0174
G1 X81.412 Y130.187 E.01084
G1 X81.3 Y130.716 E.01739
G1 X81.3 Y131.284 E.01824
G1 X81.418 Y131.839 E.01825
G1 X81.649 Y132.357 E.01826
G1 X81.982 Y132.817 E.01825
G1 X82.404 Y133.196 E.01825
G1 X82.873 Y133.467 E.0174
G1 X83.187 Y133.588 E.01084
G1 X83.716 Y133.7 E.01739
G1 X84.155 Y133.7 E.01412
G1 E-1.75
;WIPE_START
G1 X84.284 Y133.7 E-.09628
G1 X84.839 Y133.582 E-.4257
G1 X85.117 Y133.458 E-.22802
;WIPE_END
G1 X84.94 Y133.112 Z.64 F18000
G1 X85.156 Y133.002
G1 X85.359 Y132.87
G1 X85.547 Y132.718
G1 X85.718 Y132.547
G1 X85.87 Y132.359
G1 X86.002 Y132.156
G1 X86.112 Y131.94
G1 X86.199 Y131.714
G1 X86.261 Y131.481
G1 X86.299 Y131.242
G1 X86.312 Y131
G1 X86.299 Y130.758
G1 X86.261 Y130.519
G1 X86.199 Y130.286
G1 X86.112 Y130.06
G1 X86.002 Y129.844
G1 X85.87 Y129.641
G1 X85.718 Y129.453
G1 X85.547 Y129.282
G1 X85.359 Y129.13
G1 X85.156 Y128.998
G1 X85.008 Y128.923
G1 X84.122 Y91.305
G1 X84.101 Y90.901
G1 Z.44
G1 E2.5 F6000
M204 P1000
;TYPE:Outer wall
;WIDTH:0.42
G1 F3600
G1 X84.2 Y90.901 E.00294
G1 X84.591 Y90.818 E.0119
G1 X84.956 Y90.655 E.0119
G1 X85.279 Y90.42 E.0119
G1 X85.546 Y90.123 E.0119
G1 X85.743 Y89.782 E.01174
G1 X85.819 Y89.585 E.00629
G1 X85.901 Y89.2 E.01174
G1 X85.901 Y88.8 E.0119
G1 X85.818 Y88.409 E.0119
G1 X85.655 Y88.044 E.0119
G1 X85.42 Y87.721 E.0119
G1 X85.123 Y87.454 E.0119
G1 X84.782 Y87.257 E.01174
G1 X84.585 Y87.181 E.00629
G1 X84.199 Y87.099 E.01176
G1 X83.8 Y87.099 E.01188
G1 X83.409 Y87.182 E.0119
G1 X83.044 Y87.345 E.0119
G1 X82.721 Y87.58 E.0119
G1 X82.454 Y87.877 E.0119
G1 X82.257 Y88.218 E.01174
G1 X82.181 Y88.415 E.00629
G1 X82.099 Y88.8 E.01174
G1 X82.099 Y89.2 E.0119
G1 X82.182 Y89.591 E.0119
G1 X82.345 Y89.956 E.0119
G1 X82.58 Y90.279 E.0119
G1 X82.877 Y90.546 E.0119
G1 X83.218 Y90.743 E.01174
G1 X83.415 Y90.819 E.00629
G1 X83.8 Y90.901 E.01174
G1 X84.041 Y90.901 E.00717
G1 X84.062 Y91.308 F18000
G1 X84.209 Y91.301
G1 X84.209 Y91.293
M204 P1500
;TYPE:Inner wall
;WIDTH:0.45
G1 F6000
G1 X84.241 Y91.293 E.00103
G1 X84.712 Y91.193 E.0155
G1 X85.153 Y90.997 E.0155
G1 X85.543 Y90.713 E.0155
G1 X85.865 Y90.355 E.0155
G1 X86.098 Y89.952 E.01499
G1 X86.196 Y89.697 E.00877
G1 X86.293 Y89.241 E.01499
G1 X86.293 Y88.759 E.01549
G1 X86.193 Y88.288 E.0155
G1 X85.997 Y87.847 E.0155
G1 X85.713 Y87.457 E.0155
G1 X85.355 Y87.135 E.0155
G1 X84.952 Y86.902 E.01499
G1 X84.697 Y86.804 E.00878
G1 X84.24 Y86.707 E.01501
G1 X83.759 Y86.707 E.01547
G1 X83.288 Y86.807 E.0155
G1 X82.847 Y87.003 E.0155
G1 X82.457 Y87.287 E.0155
G1 X82.135 Y87.645 E.0155
G1 X81.902 Y88.048 E.01499
G1 X81.804 Y88.303 E.00877
G1 X81.707 Y88.759 E.01499
G1 X81.707 Y89.241 E.01549
G1 X81.807 Y89.712 E.0155
G1 X82.003 Y90.153 E.0155
G1 X82.287 Y90.543 E.0155
G1 X82.645 Y90.865 E.0155
G1 X83.048 Y91.098 E.01499
G1 X83.303 Y91.196 E.00877
G1 X83.759 Y91.293 E.01499
G1 X84.149 Y91.293 E.01253
G1 X84.351 Y91.686 F18000
G1 F6000
G1 X84.839 Y91.582 E.01605
G1 X85.357 Y91.351 E.01826
G1 X85.817 Y91.018 E.01825
G1 X86.196 Y90.596 E.01825
G1 X86.467 Y90.127 E.0174
G1 X86.588 Y89.813 E.01084
G1 X86.7 Y89.284 E.01739
G1 X86.7 Y88.716 E.01824
G1 X86.582 Y88.161 E.01825
G1 X86.351 Y87.643 E.01826
G1 X86.018 Y87.183 E.01825
G1 X85.596 Y86.804 E.01825
G1 X85.127 Y86.533 E.0174
G1 X84.813 Y86.412 E.01084
G1 X84.283 Y86.3 E.01742
G1 X83.716 Y86.3 E.01822
G1 X83.161 Y86.418 E.01825
G1 X82.643 Y86.649 E.01826
G1 X82.183 Y86.982 E.01825
G1 X81.804 Y87.404 E.01825
G1 X81.533 Y87.873 E.0174
G1 X81.412 Y88.187 E.01084
G1 X81.3 Y88.716 E.01739
G1 X81.3 Y89.284 E.01824
G1 X81.418 Y89.839 E.01825
G1 X81.649 Y90.357 E.01826
G1 X81.982 Y90.817 E.01825
G1 X82.404 Y91.196 E.01825
G1 X82.873 Y91.467 E.0174
G1 X83.187 Y91.588 E.01084
G1 X83.716 Y91.7 E.01739
G1 X84.284 Y91.7 E.01824
G1 X84.292 Y91.698 E.00027
G1 E-1.75
;WIPE_START
G1 X84.839 Y91.582 E-.41941
G1 X85.242 Y91.403 E-.33059
;WIPE_END
G1 X85.062 Y91.05 Z.64 F18000
G1 X103.689 Y116.311
G1 X116.311 Y116.311
G1 X116.311 Y115.91
G1 X115.91 Y115.91
G1 Z.44
G1 E2.5 F6000
M204 P1000
;TYPE:Outer wall
;WIDTH:0.42
G1 F3600
G1 X115.91 Y104.09 E.35208
G1 X104.09 Y104.09 E.35208
G1 X104.09 Y115.91 E.35208
G1 X115.85 Y115.91 E.35029
G1 X115.85 Y116.311 F18000
G1 X116.311 Y116.311
G1 X116.311 Y116.302
G1 X116.302 Y116.302
M204 P1500
;TYPE:Inner wall
;WIDTH:0.45
G1 F6000
G1 X116.302 Y103.698 E.4053
G1 X103.698 Y103.698 E.4053
G1 X103.698 Y116.302 E.4053
G1 X116.242 Y116.302 E.40337
G1 X116.709 Y116.709 F18000
G1 F6000
G1 X116.709 Y103.291 E.43148
G1 X103.291 Y103.291 E.43148
G1 X103.291 Y116.709 E.43148
G1 X116.649 Y116.709 E.42955
G1 X133.219 Y130.312 F18000
M204 P2000
;TYPE:Internal solid infill
;WIDTH:0.420461
G1 F6000
G1 X133.219 Y90.211 E1.19593
G1 X133.359 Y90.525 E.01026
G1 X133.596 Y90.852 E.01205
G1 X133.596 Y129.136 E1.14176
G1 X133.974 Y128.723 E.0167
G1 X133.974 Y91.257 E1.11734
G1 X134.207 Y91.467 E.00936
G1 X134.351 Y91.551 E.00497
G1 X134.351 Y128.449 E1.10041
G1 X134.475 Y128.359 E.00455
G1 X134.729 Y128.246 E.00829
G1 X134.729 Y91.769 E1.08785
G1 X135.106 Y91.911 E.01203
G1 X135.106 Y128.089 E1.07893
G1 X135.484 Y128.009 E.01151
G1 X135.484 Y91.991 E1.07415
G1 X135.681 Y92.033 E.00602
G1 X135.862 Y92.033 E.00538
G1 X135.862 Y127.967 E1.07165
G1 X136.239 Y127.967 E.01126
G1 X136.239 Y92.033 E1.07164
G1 X136.319 Y92.033 E.00237
G1 X136.617 Y91.97 E.00908
G1 X136.617 Y128.03 E1.07542
G1 X136.994 Y128.125 E.01161
G1 X136.994 Y91.878 E1.08101
G1 X137.372 Y91.71 E.01233
G1 X137.372 Y128.289 E1.09092
G1 X137.749 Y128.507 E.013
G1 X137.749 Y91.478 E1.10432
G1 X138.041 Y91.267 E.01075
G1 X138.127 Y91.171 E.00383
G1 X138.127 Y128.833 E1.12321
G1 X138.267 Y128.959 E.00561
G1 X138.504 Y129.287 E.01206
G1 X138.504 Y90.729 E1.14991
G1 X138.613 Y90.54 E.0065
G1 X138.882 Y90.54 E.00801
G1 X138.882 Y130.015 E1.17727
G1 X138.917 Y130.133 E.00368
G1 X139.259 Y130.133 E.01022
G1 X139.259 Y90.54 E1.18079
G1 X139.637 Y90.54 E.01126
G1 X139.637 Y130.133 E1.18079
G1 X140.015 Y130.133 E.01126
G1 X140.015 Y90.54 E1.18079
G1 X140.392 Y90.54 E.01126
G1 X140.392 Y130.133 E1.18079
G1 X140.77 Y130.133 E.01126
G1 X140.77 Y90.54 E1.18079
G1 X141.147 Y90.54 E.01126
G1 X141.147 Y130.133 E1.18079
G1 X141.525 Y130.133 E.01126
G1 X141.525 Y90.54 E1.18079
G1 X141.902 Y90.54 E.01126
G1 X141.902 Y130.133 E1.18079
G1 X142.28 Y130.133 E.01126
G1 X142.28 Y90.54 E1.18079
G1 X142.657 Y90.54 E.01126
G1 X142.657 Y130.303 E1.18585
G1 X139.017 Y130.322 F18000
;WIDTH:0.419999
G1 F6000
G1 X139.092 Y130.695 E.01133
G1 X139.088 Y131.344 E.01934
G1 X138.955 Y131.948 E.01841
G1 X138.838 Y132.207 E.00847
G1 X142.599 Y132.207 E.11201
G1 X142.599 Y130.322 E.05616
G1 X139.077 Y130.322 E.1049
G1 X139.469 Y130.699 F18000
G1 F6000
G1 X139.469 Y131.305 E.01805
G1 X139.37 Y131.83 E.01592
G1 X142.222 Y131.83 E.08494
G1 X142.222 Y130.699 E.0337
G1 X139.529 Y130.699 E.0802
G1 X139.846 Y131.076 F18000
;WIDTH:0.42
G1 F6000
G1 X139.831 Y131.453 E.01124
G1 X141.845 Y131.453 E.05999
G1 X141.845 Y131.076 E.01123
G1 X139.906 Y131.076 E.05774
G1 X142.657 Y141.74 F18000
;WIDTH:0.420461
G1 F6000
G1 X142.657 Y132.396 E.27867
G1 X142.28 Y132.396 E.01126
G1 X142.28 Y142.038 E.28755
G1 X142.229 Y142.107 E.00255
G1 X141.972 Y142.338 E.01032
G1 X141.902 Y142.379 E.00242
G1 X141.902 Y132.396 E.29772
G1 X141.525 Y132.396 E.01126
G1 X141.525 Y142.559 E.30311
G1 X141.344 Y142.618 E.00565
G1 X141.147 Y142.638 E.00592
G1 X141.147 Y132.396 E.30545
G1 X140.77 Y132.396 E.01126
G1 X140.77 Y142.658 E.30603
G1 X140.392 Y142.658 E.01126
G1 X140.392 Y132.396 E.30603
G1 X140.015 Y132.396 E.01126
G1 X140.015 Y142.658 E.30603
G1 X139.637 Y142.658 E.01126
G1 X139.637 Y132.396 E.30603
G1 X139.259 Y132.396 E.01126
G1 X139.259 Y142.658 E.30603
G1 X138.882 Y142.658 E.01126
G1 X138.882 Y132.396 E.30603
G1 X138.697 Y132.396 E.00553
G1 X138.504 Y132.729 E.01146
G1 X138.504 Y142.658 E.29611
G1 X138.127 Y142.658 E.01126
G1 X138.127 Y133.171 E.28292
G1 X138.041 Y133.267 E.00383
G1 X137.749 Y133.478 E.01075
G1 X137.749 Y142.658 E.27375
G1 X137.372 Y142.658 E.01126
G1 X137.372 Y133.71 E.26686
G1 X136.994 Y133.878 E.01233
G1 X136.994 Y142.658 E.26184
G1 X136.617 Y142.658 E.01126
G1 X136.617 Y133.97 E.25909
G1 X136.319 Y134.033 E.00908
G1 X136.239 Y134.033 E.00237
G1 X136.239 Y142.658 E.2572
G1 X135.862 Y142.658 E.01126
G1 X135.862 Y134.033 E.2572
G1 X135.681 Y134.033 E.00537
G1 X135.484 Y133.991 E.00602
G1 X135.484 Y142.658 E.25845
G1 X135.106 Y142.658 E.01126
G1 X135.106 Y133.911 E.26085
G1 X134.729 Y133.769 E.01203
G1 X134.729 Y142.658 E.26509
G1 X134.351 Y142.658 E.01126
G1 X134.351 Y133.551 E.2716
G1 X134.207 Y133.467 E.00497
G1 X133.974 Y133.257 E.00936
G1 X133.974 Y142.658 E.28035
G1 X133.596 Y142.658 E.01126
G1 X133.596 Y132.852 E.29243
G1 X133.359 Y132.525 E.01205
G1 X133.219 Y132.211 E.01026
G1 X133.219 Y142.658 E.31156
G1 X132.841 Y142.658 E.01126
G1 X132.841 Y77.342 E1.9479
G1 X133.219 Y77.342 E.01126
G1 X133.219 Y87.762 E.31073
G1 X133.533 Y87.207 E.019
G1 X133.596 Y87.136 E.00284
G1 X133.596 Y77.342 E.29209
G1 X133.974 Y77.342 E.01126
G1 X133.974 Y86.723 E.27975
G1 X134.351 Y86.449 E.01392
G1 X134.351 Y77.342 E.27157
G1 X134.729 Y77.342 E.01126
G1 X134.729 Y86.246 E.26552
G1 X135.106 Y86.089 E.01219
G1 X135.106 Y77.342 E.26085
G1 X135.484 Y77.342 E.01126
G1 X135.484 Y86.009 E.25845
G1 X135.681 Y85.967 E.00601
G1 X135.862 Y85.967 E.00538
G1 X135.862 Y77.342 E.2572
G1 X136.239 Y77.342 E.01126
G1 X136.239 Y85.967 E.2572
G1 X136.318 Y85.967 E.00235
G1 X136.617 Y86.03 E.00911
G1 X136.617 Y77.342 E.25909
G1 X136.994 Y77.342 E.01126
G1 X136.994 Y86.125 E.26193
G1 X137.271 Y86.231 E.00885
G1 X137.372 Y86.289 E.00346
G1 X137.372 Y77.342 E.26683
G1 X137.749 Y77.342 E.01126
G1 X137.749 Y86.507 E.27333
G1 X138.127 Y86.833 E.01487
G1 X138.127 Y77.342 E.28305
G1 X138.504 Y77.342 E.01126
G1 X138.504 Y87.287 E.29656
G1 X138.641 Y87.475 E.00695
G1 X138.882 Y88.015 E.01764
G1 X138.882 Y77.342 E.3183
G1 X139.259 Y77.342 E.01126
G1 X139.259 Y88.278 E.32612
G1 X139.637 Y88.278 E.01126
G1 X139.637 Y77.342 E.32612
G1 X140.015 Y77.342 E.01126
G1 X140.015 Y88.278 E.32612
G1 X140.392 Y88.278 E.01126
G1 X140.392 Y77.342 E.32612
G1 X140.77 Y77.342 E.01126
G1 X140.77 Y88.278 E.32612
G1 X141.147 Y88.278 E.01126
G1 X141.147 Y77.352 E.32584
G1 X141.525 Y77.433 E.01151
G1 X141.525 Y88.278 E.32344
G1 X141.902 Y88.278 E.01126
G1 X141.902 Y77.614 E.31802
G1 X142.229 Y77.893 E.01282
G1 X142.28 Y77.962 E.00255
G1 X142.28 Y88.278 E.30764
G1 X142.657 Y88.278 E.01126
G1 X142.657 Y78.26 E.29876
G1 X138.79 Y90.352 F18000
;WIDTH:0.419999
G1 F6000
G1 X142.599 Y90.352 E.11345
G1 X142.599 Y88.466 E.05616
G1 X139.048 Y88.466 E.10578
G1 X139.092 Y88.695 E.00694
G1 X139.088 Y89.344 E.01934
G1 X138.959 Y89.938 E.0181
G1 X138.813 Y90.296 E.01152
G1 X139.34 Y89.975 F18000
G1 F6000
G1 X142.222 Y89.975 E.08585
G1 X142.222 Y88.843 E.0337
G1 X139.469 Y88.843 E.08199
G1 X139.467 Y89.357 E.0153
G1 X139.352 Y89.916 E.01699
G1 X139.805 Y89.597 F18000
;WIDTH:0.42
G1 F6000
G1 X141.845 Y89.597 E.06075
G1 X141.845 Y89.22 E.01123
G1 X139.846 Y89.22 E.05953
G1 X139.812 Y89.538 E.00951
G1 X137.547 Y87.282 F18000
G1 X137.359 Y87.13
G1 X137.156 Y86.998
G1 X136.94 Y86.888
G1 X136.714 Y86.801
G1 X136.481 Y86.739
G1 X136.237 Y86.7
G1 X135.973 Y86.69
G1 X135.758 Y86.701
G1 X135.519 Y86.739
G1 X135.286 Y86.801
G1 X135.06 Y86.888
G1 X134.947 Y86.946
G1 X116.607 Y76.611
G1 X116.607 Y77.173
;WIDTH:0.420461
G1 F6000
G1 X116.607 Y102.958 E.76898
G1 X116.229 Y102.958 E.01126
G1 X116.229 Y77.342 E.76392
G1 X115.852 Y77.342 E.01126
G1 X115.852 Y102.958 E.76392
G1 X115.474 Y102.958 E.01126
G1 X115.474 Y77.342 E.76392
G1 X115.097 Y77.342 E.01126
G1 X115.097 Y102.958 E.76392
G1 X114.719 Y102.958 E.01126
G1 X114.719 Y77.342 E.76392
G1 X114.342 Y77.342 E.01126
G1 X114.342 Y102.958 E.76392
G1 X113.964 Y102.958 E.01126
G1 X113.964 Y77.342 E.76392
G1 X113.587 Y77.342 E.01126
G1 X113.587 Y102.958 E.76392
G1 X113.209 Y102.958 E.01126
G1 X113.209 Y77.342 E.76392
G1 X112.832 Y77.342 E.01126
G1 X112.832 Y102.958 E.76392
G1 X112.454 Y102.958 E.01126
G1 X112.454 Y77.342 E.76392
G1 X112.076 Y77.342 E.01126
G1 X112.076 Y102.958 E.76392
G1 X111.699 Y102.958 E.01126
G1 X111.699 Y77.342 E.76392
G1 X111.321 Y77.342 E.01126
G1 X111.321 Y102.958 E.76392
G1 X110.944 Y102.958 E.01126
G1 X110.944 Y77.342 E.76392
G1 X110.566 Y77.342 E.01126
G1 X110.566 Y102.958 E.76392
G1 X110.189 Y102.958 E.01126
G1 X110.189 Y77.342 E.76392
G1 X109.811 Y77.342 E.01126
G1 X109.811 Y102.958 E.76392
G1 X109.434 Y102.958 E.01126
G1 X109.434 Y77.342 E.76392
G1 X109.056 Y77.342 E.01126
G1 X109.056 Y102.958 E.76392
G1 X108.679 Y102.958 E.01126
G1 X108.679 Y77.342 E.76392
G1 X108.301 Y77.342 E.01126
G1 X108.301 Y102.958 E.76392
G1 X107.924 Y102.958 E.01126
G1 X107.924 Y77.342 E.76392
G1 X107.546 Y77.342 E.01126
G1 X107.546 Y102.958 E.76392
G1 X107.168 Y102.958 E.01126
G1 X107.168 Y77.342 E.76392
G1 X106.791 Y77.342 E.01126
G1 X106.791 Y102.958 E.76392
G1 X106.413 Y102.958 E.01126
G1 X106.413 Y77.342 E.76392
G1 X106.036 Y77.342 E.01126
G1 X106.036 Y102.958 E.76392
G1 X105.658 Y102.958 E.01126
G1 X105.658 Y77.342 E.76392
G1 X105.281 Y77.342 E.01126
G1 X105.281 Y102.958 E.76392
G1 X104.903 Y102.958 E.01126
G1 X104.903 Y77.342 E.76392
G1 X104.526 Y77.342 E.01126
G1 X104.526 Y102.958 E.76392
G1 X104.148 Y102.958 E.01126
G1 X104.148 Y77.342 E.76392
G1 X103.771 Y77.342 E.01126
G1 X103.771 Y102.958 E.76392
G1 X103.393 Y102.958 E.01126
G1 X103.393 Y77.342 E.76392
G1 X103.015 Y77.342 E.01126
G1 X103.015 Y142.658 E1.9479
G1 X103.393 Y142.658 E.01126
G1 X103.393 Y117.042 E.76392
G1 X103.771 Y117.042 E.01126
G1 X103.771 Y142.658 E.76392
G1 X104.148 Y142.658 E.01126
G1 X104.148 Y117.042 E.76392
G1 X104.526 Y117.042 E.01126
G1 X104.526 Y142.658 E.76392
G1 X104.903 Y142.658 E.01126
G1 X104.903 Y117.042 E.76392
G1 X105.281 Y117.042 E.01126
G1 X105.281 Y142.658 E.76392
G1 X105.658 Y142.658 E.01126
G1 X105.658 Y117.042 E.76392
G1 X106.036 Y117.042 E.01126
G1 X106.036 Y142.658 E.76392
G1 X106.413 Y142.658 E.01126
G1 X106.413 Y117.042 E.76392
G1 X106.791 Y117.042 E.01126
G1 X106.791 Y142.658 E.76392
G1 X107.168 Y142.658 E.01126
G1 X107.168 Y117.042 E.76392
G1 X107.546 Y117.042 E.01126
G1 X107.546 Y142.658 E.76392
G1 X107.924 Y142.658 E.01126
G1 X107.924 Y117.042 E.76392
G1 X108.301 Y117.042 E.01126
G1 X108.301 Y142.658 E.76392
G1 X108.679 Y142.658 E.01126
G1 X108.679 Y117.042 E.76392
G1 X109.056 Y117.042 E.01126
G1 X109.056 Y142.658 E.76392
G1 X109.434 Y142.658 E.01126
G1 X109.434 Y117.042 E.76392
G1 X109.811 Y117.042 E.01126
G1 X109.811 Y142.658 E.76392
G1 X110.189 Y142.658 E.01126
G1 X110.189 Y117.042 E.76392
G1 X110.566 Y117.042 E.01126
G1 X110.566 Y142.658 E.76392
G1 X110.944 Y142.658 E.01126
G1 X110.944 Y117.042 E.76392
G1 X111.321 Y117.042 E.01126
G1 X111.321 Y142.658 E.76392
G1 X111.699 Y142.658 E.01126
G1 X111.699 Y117.042 E.76392
G1 X112.076 Y117.042 E.01126
G1 X112.076 Y142.658 E.76392
G1 X112.454 Y142.658 E.01126
G1 X112.454 Y117.042 E.76392
G1 X112.832 Y117.042 E.01126
G1 X112.832 Y142.658 E.76392
G1 X113.209 Y142.658 E.01126
G1 X113.209 Y117.042 E.76392
G1 X113.587 Y117.042 E.01126
G1 X113.587 Y142.658 E.76392
G1 X113.964 Y142.658 E.01126
G1 X113.964 Y117.042 E.76392
G1 X114.342 Y117.042 E.01126
G1 X114.342 Y142.658 E.76392
G1 X114.719 Y142.658 E.01126
G1 X114.719 Y117.042 E.76392
G1 X115.097 Y117.042 E.01126
G1 X115.097 Y142.658 E.76392
G1 X115.474 Y142.658 E.01126
G1 X115.474 Y117.042 E.76392
G1 X115.852 Y117.042 E.01126
G1 X115.852 Y142.658 E.76392
G1 X116.229 Y142.658 E.01126
G1 X116.229 Y117.042 E.76392
G1 X116.607 Y117.042 E.01126
G1 X116.607 Y142.658 E.76392
G1 X116.985 Y142.658 E.01126
G1 X116.985 Y77.342 E1.9479
G1 X117.362 Y77.342 E.01126
G1 X117.362 Y142.658 E1.9479
G1 X117.74 Y142.658 E.01126
G1 X117.74 Y77.342 E1.9479
G1 X118.117 Y77.342 E.01126
G1 X118.117 Y142.658 E1.9479
G1 X118.495 Y142.658 E.01126
G1 X118.495 Y77.342 E1.9479
G1 X118.872 Y77.342 E.01126
G1 X118.872 Y142.658 E1.9479
G1 X119.25 Y142.658 E.01126
G1 X119.25 Y77.342 E1.9479
G1 X119.627 Y77.342 E.01126
G1 X119.627 Y142.658 E1.9479
G1 X120.005 Y142.658 E.01126
G1 X120.005 Y77.342 E1.9479
G1 X120.382 Y77.342 E.01126
G1 X120.382 Y142.658 E1.9479
G1 X120.76 Y142.658 E.01126
G1 X120.76 Y77.342 E1.9479
G1 X121.137 Y77.342 E.01126
G1 X121.137 Y142.658 E1.9479
G1 X121.515 Y142.658 E.01126
G1 X121.515 Y77.342 E1.9479
G1 X121.893 Y77.342 E.01126
G1 X121.893 Y142.658 E1.9479
G1 X122.27 Y142.658 E.01126
G1 X122.27 Y77.342 E1.9479
G1 X122.648 Y77.342 E.01126
G1 X122.648 Y142.658 E1.9479
G1 X123.025 Y142.658 E.01126
G1 X123.025 Y77.342 E1.9479
G1 X123.403 Y77.342 E.01126
G1 X123.403 Y142.658 E1.9479
G1 X123.78 Y142.658 E.01126
G1 X123.78 Y77.342 E1.9479
G1 X124.158 Y77.342 E.01126
G1 X124.158 Y142.658 E1.9479
G1 X124.535 Y142.658 E.01126
G1 X124.535 Y77.342 E1.9479
G1 X124.913 Y77.342 E.01126
G1 X124.913 Y142.658 E1.9479
G1 X125.29 Y142.658 E.01126
G1 X125.29 Y77.342 E1.9479
G1 X125.668 Y77.342 E.01126
G1 X125.668 Y142.658 E1.9479
G1 X126.045 Y142.658 E.01126
G1 X126.045 Y77.342 E1.9479
G1 X126.423 Y77.342 E.01126
G1 X126.423 Y142.658 E1.9479
G1 X126.801 Y142.658 E.01126
G1 X126.801 Y77.342 E1.9479
G1 X127.178 Y77.342 E.01126
G1 X127.178 Y142.658 E1.9479
G1 X127.556 Y142.658 E.01126
G1 X127.556 Y77.342 E1.9479
G1 X127.933 Y77.342 E.01126
G1 X127.933 Y142.658 E1.9479
G1 X128.311 Y142.658 E.01126
G1 X128.311 Y77.342 E1.9479
G1 X128.688 Y77.342 E.01126
G1 X128.688 Y142.658 E1.9479
G1 X129.066 Y142.658 E.01126
G1 X129.066 Y77.342 E1.9479
G1 X129.443 Y77.342 E.01126
G1 X129.443 Y142.658 E1.9479
G1 X129.821 Y142.658 E.01126
G1 X129.821 Y77.342 E1.9479
G1 X130.198 Y77.342 E.01126
G1 X130.198 Y142.658 E1.9479
G1 X130.576 Y142.658 E.01126
G1 X130.576 Y77.342 E1.9479
G1 X130.954 Y77.342 E.01126
G1 X130.954 Y142.658 E1.9479
G1 X131.331 Y142.658 E.01126
G1 X131.331 Y77.342 E1.9479
G1 X131.709 Y77.342 E.01126
G1 X131.709 Y142.658 E1.9479
G1 X132.086 Y142.658 E.01126
G1 X132.086 Y77.342 E1.9479
G1 X132.464 Y77.342 E.01126
G1 X132.464 Y142.827 E1.95296
G1 X102.638 Y142.827 F18000
G1 F6000
G1 X102.638 Y77.342 E1.95296
G1 X102.26 Y77.342 E.01126
G1 X102.26 Y142.658 E1.9479
G1 X101.883 Y142.658 E.01126
G1 X101.883 Y77.342 E1.9479
G1 X101.505 Y77.342 E.01126
G1 X101.505 Y142.658 E1.9479
G1 X101.128 Y142.658 E.01126
G1 X101.128 Y77.342 E1.9479
G1 X100.75 Y77.342 E.01126
G1 X100.75 Y142.658 E1.9479
G1 X100.373 Y142.658 E.01126
G1 X100.373 Y77.342 E1.9479
G1 X99.995 Y77.342 E.01126
G1 X99.995 Y142.658 E1.9479
G1 X99.618 Y142.658 E.01126
G1 X99.618 Y77.342 E1.9479
G1 X99.24 Y77.342 E.01126
G1 X99.24 Y142.658 E1.9479
G1 X98.863 Y142.658 E.01126
G1 X98.863 Y77.342 E1.9479
G1 X98.485 Y77.342 E.01126
G1 X98.485 Y142.658 E1.9479
G1 X98.107 Y142.658 E.01126
G1 X98.107 Y77.342 E1.9479
G1 X97.73 Y77.342 E.01126
G1 X97.73 Y142.658 E1.9479
G1 X97.352 Y142.658 E.01126
G1 X97.352 Y77.342 E1.9479
G1 X96.975 Y77.342 E.01126
G1 X96.975 Y142.658 E1.9479
G1 X96.597 Y142.658 E.01126
G1 X96.597 Y77.342 E1.9479
G1 X96.22 Y77.342 E.01126
G1 X96.22 Y142.658 E1.9479
G1 X95.842 Y142.658 E.01126
G1 X95.842 Y77.342 E1.9479
G1 X95.465 Y77.342 E.01126
G1 X95.465 Y142.658 E1.9479
G1 X95.087 Y142.658 E.01126
G1 X95.087 Y77.342 E1.9479
G1 X94.71 Y77.342 E.01126
G1 X94.71 Y142.658 E1.9479
G1 X94.332 Y142.658 E.01126
G1 X94.332 Y77.342 E1.9479
G1 X93.955 Y77.342 E.01126
G1 X93.955 Y142.658 E1.9479
G1 X93.577 Y142.658 E.01126
G1 X93.577 Y77.342 E1.9479
G1 X93.199 Y77.342 E.01126
G1 X93.199 Y142.658 E1.9479
G1 X92.822 Y142.658 E.01126
G1 X92.822 Y77.342 E1.9479
G1 X92.444 Y77.342 E.01126
G1 X92.444 Y142.658 E1.9479
G1 X92.067 Y142.658 E.01126
G1 X92.067 Y77.342 E1.9479
G1 X91.689 Y77.342 E.01126
G1 X91.689 Y142.658 E1.9479
G1 X91.312 Y142.658 E.01126
G1 X91.312 Y77.342 E1.9479
G1 X90.934 Y77.342 E.01126
G1 X90.934 Y142.658 E1.9479
G1 X90.557 Y142.658 E.01126
G1 X90.557 Y77.342 E1.9479
G1 X90.179 Y77.342 E.01126
G1 X90.179 Y142.658 E1.9479
G1 X89.802 Y142.658 E.01126
G1 X89.802 Y77.342 E1.9479
G1 X89.424 Y77.342 E.01126
G1 X89.424 Y142.658 E1.9479
G1 X89.046 Y142.658 E.01126
G1 X89.046 Y77.342 E1.9479
G1 X88.669 Y77.342 E.01126
G1 X88.669 Y142.658 E1.9479
G1 X88.291 Y142.658 E.01126
G1 X88.291 Y77.342 E1.9479
G1 X87.914 Y77.342 E.01126
G1 X87.914 Y142.658 E1.9479
G1 X87.536 Y142.658 E.01126
G1 X87.536 Y77.342 E1.9479
G1 X87.159 Y77.342 E.01126
G1 X87.159 Y142.658 E1.9479
G1 X86.781 Y142.658 E.01126
G1 X86.781 Y132.238 E.31073
G1 X86.467 Y132.793 E.019
G1 X86.404 Y132.864 E.00284
G1 X86.404 Y142.658 E.29209
G1 X86.026 Y142.658 E.01126
G1 X86.026 Y133.277 E.27975
G1 X85.649 Y133.551 E.01392
G1 X85.649 Y142.658 E.27157
G1 X85.271 Y142.658 E.01126
G1 X85.271 Y133.754 E.26552
G1 X84.894 Y133.911 E.01219
G1 X84.894 Y142.658 E.26085
G1 X84.516 Y142.658 E.01126
G1 X84.516 Y133.991 E.25845
G1 X84.319 Y134.033 E.00602
G1 X84.138 Y134.033 E.00537
G1 X84.138 Y142.658 E.2572
G1 X83.761 Y142.658 E.01126
G1 X83.761 Y134.033 E.2572
G1 X83.681 Y134.033 E.00237
G1 X83.383 Y133.97 E.00908
G1 X83.383 Y142.658 E.25909
G1 X83.006 Y142.658 E.01126
G1 X83.006 Y133.875 E.26193
G1 X82.729 Y133.769 E.00885
G1 X82.628 Y133.711 E.00346
G1 X82.628 Y142.658 E.26683
G1 X82.251 Y142.658 E.01126
G1 X82.251 Y133.493 E.27333
G1 X81.873 Y133.167 E.01487
G1 X81.873 Y142.658 E.28305
G1 X81.496 Y142.658 E.01126
G1 X81.496 Y132.713 E.29656
G1 X81.359 Y132.525 E.00695
G1 X81.301 Y132.396 E.00421
G1 X81.118 Y132.396 E.00546
G1 X81.118 Y142.658 E.30603
G1 X80.741 Y142.658 E.01126
G1 X80.741 Y132.396 E.30603
G1 X80.363 Y132.396 E.01126
G1 X80.363 Y142.658 E.30603
G1 X79.985 Y142.658 E.01126
G1 X79.985 Y132.396 E.30603
G1 X79.608 Y132.396 E.01126
G1 X79.608 Y142.658 E.30603
G1 X79.23 Y142.658 E.01126
G1 X79.23 Y132.396 E.30603
G1 X78.853 Y132.396 E.01126
G1 X78.853 Y142.648 E.30575
G1 X78.475 Y142.567 E.01151
G1 X78.475 Y132.396 E.30334
G1 X78.098 Y132.396 E.01126
G1 X78.098 Y142.378 E.2977
G1 X77.893 Y142.229 E.00755
G1 X77.72 Y142.038 E.0077
G1 X77.72 Y132.396 E.28754
G1 X77.343 Y132.396 E.01126
G1 X77.343 Y141.759 E.27925
G1 X77.343 Y130.303 F18000
G1 F6000
G1 X77.343 Y90.54 E1.18585
G1 X77.72 Y90.54 E.01126
G1 X77.72 Y130.133 E1.18079
G1 X78.098 Y130.133 E.01126
G1 X78.098 Y90.54 E1.18079
G1 X78.475 Y90.54 E.01126
G1 X78.475 Y130.133 E1.18079
G1 X78.853 Y130.133 E.01126
G1 X78.853 Y90.54 E1.18079
G1 X79.23 Y90.54 E.01126
G1 X79.23 Y130.133 E1.18079
G1 X79.608 Y130.133 E.01126
G1 X79.608 Y90.54 E1.18079
G1 X79.985 Y90.54 E.01126
G1 X79.985 Y130.133 E1.18079
G1 X80.363 Y130.133 E.01126
G1 X80.363 Y90.54 E1.18079
G1 X80.741 Y90.54 E.01126
G1 X80.741 Y130.133 E1.18079
G1 X81.083 Y130.133 E.01022
G1 X81.118 Y130.024 E.00343
G1 X81.118 Y90.54 E1.17753
G1 X81.37 Y90.54 E.0075
G1 X81.496 Y90.713 E.00639
G1 X81.496 Y129.271 E1.14991
G1 X81.533 Y129.207 E.00221
G1 X81.873 Y128.829 E.01518
G1 X81.873 Y91.167 E1.12321
G1 X82.251 Y91.493 E.01487
G1 X82.251 Y128.522 E1.10432
G1 X82.475 Y128.359 E.00827
G1 X82.628 Y128.29 E.00501
G1 X82.628 Y91.711 E1.09092
G1 X82.729 Y91.769 E.00346
G1 X83.006 Y91.875 E.00885
G1 X83.006 Y128.122 E1.08101
G1 X83.383 Y128.03 E.01159
G1 X83.383 Y91.97 E1.07542
G1 X83.681 Y92.033 E.00908
G1 X83.761 Y92.033 E.00237
G1 X83.761 Y127.967 E1.07165
G1 X84.138 Y127.967 E.01126
G1 X84.138 Y92.033 E1.07165
G1 X84.319 Y92.033 E.00537
G1 X84.516 Y91.991 E.00602
G1 X84.516 Y128.009 E1.07415
G1 X84.894 Y128.089 E.01151
G1 X84.894 Y91.911 E1.07893
G1 X85.271 Y91.754 E.01219
G1 X85.271 Y128.231 E1.08785
G1 X85.649 Y128.449 E.013
G1 X85.649 Y91.551 E1.10041
G1 X86.026 Y91.277 E.01392
G1 X86.026 Y128.743 E1.11734
G1 X86.267 Y128.959 E.00965
G1 X86.404 Y129.148 E.00696
G1 X86.404 Y90.864 E1.14176
G1 X86.467 Y90.793 E.00284
G1 X86.781 Y90.238 E.019
G1 X86.781 Y130.312 E1.19511
G1 X86.244 Y130.456 F18000
G1 X86.199 Y130.286
G1 X86.112 Y130.06
G1 X86.002 Y129.844
G1 X85.87 Y129.641
G1 X85.718 Y129.453
G1 X85.547 Y129.282
G1 X85.359 Y129.13
G1 X85.156 Y128.998
G1 X84.94 Y128.888
G1 X84.714 Y128.801
G1 X84.481 Y128.739
G1 X84.237 Y128.7
G1 X83.973 Y128.69
G1 X83.758 Y128.701
G1 X83.519 Y128.739
G1 X83.286 Y128.801
G1 X83.06 Y128.888
G1 X82.844 Y128.998
G1 X82.641 Y129.13
G1 X82.453 Y129.282
G1 X82.282 Y129.453
G1 X82.13 Y129.641
G1 X81.998 Y129.844
G1 X81.888 Y130.06
G1 X81.801 Y130.286
G1 X81.739 Y130.519
G1 X80.983 Y130.322
;WIDTH:0.419999
G1 F6000
G1 X77.401 Y130.322 E.10669
G1 X77.401 Y132.207 E.05616
G1 X81.153 Y132.207 E.11175
G1 X81.039 Y131.941 E.00862
G1 X80.908 Y131.305 E.01935
G1 X80.912 Y130.656 E.01934
G1 X80.971 Y130.381 E.00838
G1 X80.531 Y130.699 F18000
G1 F6000
G1 X77.778 Y130.699 E.08199
G1 X77.778 Y131.83 E.0337
G1 X80.63 Y131.83 E.08494
G1 X80.531 Y131.305 E.01592
G1 X80.531 Y130.759 E.01626
G1 X80.154 Y131.076 F18000
;WIDTH:0.42
G1 F6000
G1 X78.155 Y131.076 E.05953
G1 X78.155 Y131.453 E.01123
G1 X80.169 Y131.453 E.05999
G1 X80.156 Y131.136 E.00945
G1 X81.217 Y90.352 F18000
;WIDTH:0.419999
G1 F6000
G1 X81.039 Y89.941 E.01333
G1 X80.908 Y89.305 E.01935
G1 X80.912 Y88.656 E.01934
G1 X80.952 Y88.466 E.00577
G1 X77.401 Y88.466 E.10578
G1 X77.401 Y90.352 E.05616
G1 X81.157 Y90.352 E.11188
G1 X80.66 Y89.975 F18000
G1 F6000
G1 X80.533 Y89.357 E.01878
G1 X80.531 Y88.843 E.0153
G1 X77.778 Y88.843 E.08199
G1 X77.778 Y89.975 E.0337
G1 X80.6 Y89.975 E.08406
G1 X80.195 Y89.597 F18000
;WIDTH:0.42
G1 F6000
G1 X80.154 Y89.22 E.0113
G1 X78.155 Y89.22 E.05953
G1 X78.155 Y89.597 E.01123
G1 X80.135 Y89.597 E.05896
G1 X77.343 Y88.447 F18000
;WIDTH:0.420461
G1 F6000
G1 X77.353 Y78.836 E.28665
G1 X77.427 Y78.489 E.01058
G1 X77.567 Y78.173 E.01032
G1 X77.72 Y77.962 E.00776
G1 X77.72 Y88.278 E.30764
G1 X78.098 Y88.278 E.01126
G1 X78.098 Y77.621 E.31781
G1 X78.327 Y77.489 E.0079
G1 X78.475 Y77.441 E.00465
G1 X78.475 Y88.278 E.3232
G1 X78.853 Y88.278 E.01126
G1 X78.853 Y77.362 E.32554
G1 X79.043 Y77.342 E.00571
G1 X79.23 Y77.342 E.00558
G1 X79.23 Y88.278 E.32612
G1 X79.608 Y88.278 E.01126
G1 X79.608 Y77.342 E.32612
G1 X79.985 Y77.342 E.01126
G1 X79.985 Y88.278 E.32612
G1 X80.363 Y88.278 E.01126
G1 X80.363 Y77.342 E.32612
G1 X80.741 Y77.342 E.01126
G1 X80.741 Y88.278 E.32612
G1 X81.053 Y88.278 E.0093
G1 X81.118 Y88.024 E.00781
G1 X81.118 Y77.342 E.31856
G1 X81.496 Y77.342 E.01126
G1 X81.496 Y87.271 E.29611
G1 X81.533 Y87.207 E.00221
G1 X81.873 Y86.829 E.01518
G1 X81.873 Y77.342 E.28292
G1 X82.251 Y77.342 E.01126
G1 X82.251 Y86.522 E.27375
G1 X82.475 Y86.359 E.00827
G1 X82.628 Y86.29 E.00501
G1 X82.628 Y77.342 E.26686
G1 X83.006 Y77.342 E.01126
G1 X83.006 Y86.122 E.26184
G1 X83.383 Y86.03 E.01159
G1 X83.383 Y77.342 E.25909
G1 X83.761 Y77.342 E.01126
G1 X83.761 Y85.967 E.25721
G1 X84.138 Y85.967 E.01126
G1 X84.138 Y77.342 E.2572
G1 X84.516 Y77.342 E.01126
G1 X84.516 Y86.009 E.25846
G1 X84.894 Y86.089 E.01151
G1 X84.894 Y77.342 E.26085
G1 X85.271 Y77.342 E.01126
G1 X85.271 Y86.231 E.26509
G1 X85.649 Y86.449 E.013
G1 X85.649 Y77.342 E.2716
G1 X86.026 Y77.342 E.01126
G1 X86.026 Y86.743 E.28035
G1 X86.267 Y86.959 E.00965
G1 X86.404 Y87.148 E.00696
G1 X86.404 Y77.342 E.29243
G1 X86.781 Y77.342 E.01126
G1 X86.781 Y88.312 E.32714
; stop printing object top_plate.stl id:4653052573991952974 copy 0
;LAYER_CHANGE
;Z:0.64
;HEIGHT:0.2
G92 E0 ; zero the extruded length again
; BEFORE_LAYER_CHANGE 2 @ 0.64mm
G1 E-1.75 F6000
;WIPE_START
G1 X86.781 Y87.312 E-.75
;WIPE_END
; AFTER_LAYER_CHANGE 2 @ 0.64mm
;_SET_FAN_SPEED_CHANGING_LAYER
; printing object top_plate.stl id:4653052573991952974 copy 0
G1 F18000
G1 X87.0861 Y87.7428 Z0.668571
G1 X86.9392 Y88.25 Z0.697143
G1 X86.4511 Y88.4513 Z0.725714
G1 X85.9893 Y88.1952 Z0.754286
G1 X85.9017 Y87.6745 Z0.782857
G1 X86.2541 Y87.2813 Z0.811429
G1 X86.7812 Y87.3117 Z0.84
G1 X116.311 Y103.689 Z.84
G1 X116.311 Y116.311
G1 X114.617 Y116.311
G1 X140.984 Y143.389
G1 X140.995 Y143.79
G1 Z.64
G1 E2.5 F6000
M204 P1000
;TYPE:Outer wall
;WIDTH:0.42
G1 F3600
G1 X79.005 Y143.79 E1.84644
G1 X78.708 Y143.774 E.00886
G1 X78.42 Y143.729 E.0087
G1 X78.138 Y143.653 E.0087
G1 X77.865 Y143.548 E.0087
G1 X77.605 Y143.416 E.0087
G1 X77.36 Y143.257 E.0087
G1 X77.133 Y143.073 E.0087
G1 X76.927 Y142.867 E.0087
G1 X76.743 Y142.64 E.0087
G1 X76.584 Y142.395 E.0087
G1 X76.452 Y142.135 E.0087
G1 X76.347 Y141.862 E.0087
G1 X76.271 Y141.58 E.0087
G1 X76.226 Y141.292 E.0087
G1 X76.21 Y140.995 E.00886
G1 X76.21 Y79.005 E1.84644
G1 X76.226 Y78.708 E.00886
G1 X76.271 Y78.42 E.0087
G1 X76.347 Y78.138 E.0087
G1 X76.452 Y77.865 E.0087
G1 X76.584 Y77.605 E.0087
G1 X76.743 Y77.36 E.0087
G1 X76.927 Y77.133 E.0087
G1 X77.133 Y76.927 E.0087
G1 X77.36 Y76.743 E.0087
G1 X77.605 Y76.584 E.0087
G1 X77.865 Y76.452 E.0087
G1 X78.138 Y76.347 E.0087
G1 X78.42 Y76.271 E.0087
G1 X78.708 Y76.226 E.0087
G1 X79.005 Y76.21 E.00886
G1 X140.995 Y76.21 E1.84644
G1 X141.292 Y76.226 E.00886
G1 X141.58 Y76.271 E.0087
G1 X141.862 Y76.347 E.0087
G1 X142.135 Y76.452 E.0087
G1 X142.395 Y76.584 E.0087
G1 X142.64 Y76.743 E.0087
G1 X142.867 Y76.927 E.0087
G1 X143.073 Y77.133 E.0087
G1 X143.257 Y77.36 E.0087
G1 X143.416 Y77.605 E.0087
G1 X143.548 Y77.865 E.0087
G1 X143.653 Y78.138 E.0087
G1 X143.729 Y78.42 E.0087
G1 X143.774 Y78.708 E.0087
G1 X143.79 Y79.005 E.00886
G1 X143.79 Y140.995 E1.84644
G1 X143.774 Y141.292 E.00886
G1 X143.729 Y141.58 E.0087
G1 X143.653 Y141.862 E.0087
G1 X143.548 Y142.135 E.0087
G1 X143.416 Y142.395 E.0087
G1 X143.257 Y142.64 E.0087
G1 X143.073 Y142.867 E.0087
G1 X142.867 Y143.073 E.0087
G1 X142.64 Y143.257 E.0087
G1 X142.395 Y143.416 E.0087
G1 X142.135 Y143.548 E.0087
G1 X141.862 Y143.653 E.0087
G1 X141.58 Y143.729 E.0087
G1 X141.292 Y143.774 E.0087
G1 X141.054 Y143.787 E.00707
G1 X141.034 Y143.387 F18000
G1 X140.984 Y143.389
G1 X140.984 Y143.389
G1 X140.984 Y143.398
M204 P1500
;TYPE:Inner wall
;WIDTH:0.45
G1 F6000
G1 X79.016 Y143.398 E1.99268
G1 X78.749 Y143.384 E.00857
G1 X78.502 Y143.345 E.00807
G1 X78.259 Y143.28 E.00807
G1 X78.025 Y143.19 E.00807
G1 X77.801 Y143.076 E.00807
G1 X77.591 Y142.939 E.00806
G1 X77.396 Y142.781 E.00807
G1 X77.219 Y142.604 E.00807
G1 X77.061 Y142.409 E.00807
G1 X76.924 Y142.199 E.00806
G1 X76.81 Y141.975 E.00807
G1 X76.72 Y141.741 E.00807
G1 X76.655 Y141.498 E.00807
G1 X76.616 Y141.251 E.00807
G1 X76.602 Y140.984 E.00857
G1 X76.602 Y79.016 E1.99268
G1 X76.616 Y78.749 E.00857
G1 X76.655 Y78.502 E.00807
G1 X76.72 Y78.259 E.00807
G1 X76.81 Y78.025 E.00807
G1 X76.924 Y77.801 E.00807
G1 X77.061 Y77.591 E.00806
G1 X77.219 Y77.396 E.00807
G1 X77.396 Y77.219 E.00807
G1 X77.591 Y77.061 E.00807
G1 X77.801 Y76.924 E.00806
G1 X78.025 Y76.81 E.00807
G1 X78.259 Y76.72 E.00807
G1 X78.502 Y76.655 E.00807
G1 X78.749 Y76.616 E.00807
G1 X79.016 Y76.602 E.00857
G1 X140.984 Y76.602 E1.99268
G1 X141.251 Y76.616 E.00857
G1 X141.498 Y76.655 E.00807
G1 X141.741 Y76.72 E.00807
G1 X141.975 Y76.81 E.00807
G1 X142.199 Y76.924 E.00807
G1 X142.409 Y77.061 E.00806
G1 X142.604 Y77.219 E.00807
G1 X142.781 Y77.396 E.00807
G1 X142.939 Y77.591 E.00807
G1 X143.076 Y77.801 E.00806
G1 X143.19 Y78.025 E.00807
G1 X143.28 Y78.259 E.00807
G1 X143.345 Y78.502 E.00807
G1 X143.384 Y78.749 E.00807
G1 X143.398 Y79.016 E.00857
G1 X143.398 Y140.984 E1.99268
G1 X143.384 Y141.251 E.00857
G1 X143.345 Y141.498 E.00807
G1 X143.28 Y141.741 E.00807
G1 X143.19 Y141.975 E.00807
G1 X143.076 Y142.199 E.00807
G1 X142.939 Y142.409 E.00806
G1 X142.781 Y142.604 E.00807
G1 X142.604 Y142.781 E.00807
G1 X142.409 Y142.939 E.00807
G1 X142.199 Y143.076 E.00806
G1 X141.975 Y143.19 E.00807
G1 X141.741 Y143.28 E.00807
G1 X141.498 Y143.345 E.00807
G1 X141.251 Y143.384 E.00807
G1 X141.044 Y143.395 E.00664
G1 X140.974 Y142.991 F18000
G1 F6000
G1 X79.026 Y142.991 E1.992
G1 X78.792 Y142.979 E.00754
G1 X78.385 Y142.892 E.01338
G1 X78.005 Y142.723 E.01338
G1 X77.669 Y142.479 E.01337
G1 X77.39 Y142.169 E.01338
G1 X77.183 Y141.809 E.01337
G1 X77.054 Y141.414 E.01337
G1 X77.009 Y140.974 E.01422
G1 X77.009 Y79.026 E1.992
G1 X77.021 Y78.792 E.00754
G1 X77.108 Y78.385 E.01338
G1 X77.277 Y78.005 E.01338
G1 X77.521 Y77.669 E.01337
G1 X77.831 Y77.39 E.01338
G1 X78.191 Y77.183 E.01337
G1 X78.586 Y77.054 E.01337
G1 X79.026 Y77.009 E.01422
G1 X140.974 Y77.009 E1.992
G1 X141.208 Y77.021 E.00754
G1 X141.615 Y77.108 E.01338
G1 X141.995 Y77.277 E.01338
G1 X142.169 Y77.39 E.00669
G1 X142.479 Y77.669 E.01338
G1 X142.723 Y78.005 E.01337
G1 X142.892 Y78.385 E.01338
G1 X142.979 Y78.792 E.01338
G1 X142.991 Y79.026 E.00754
G1 X142.991 Y140.974 E1.992
G1 X142.979 Y141.208 E.00754
G1 X142.892 Y141.615 E.01338
G1 X142.723 Y141.995 E.01338
G1 X142.479 Y142.331 E.01337
G1 X142.169 Y142.61 E.01338
G1 X141.809 Y142.817 E.01337
G1 X141.414 Y142.946 E.01337
G1 X141.033 Y142.985 E.01229
G1 E-1.75
;WIPE_START
G1 X140.033 Y142.985 E-.75
;WIPE_END
G1 X140.033 Y143.389 Z.84 F18000
G1 X136.092 Y91.307
G1 X136.071 Y90.904
G1 Z.64
G1 E2.5 F6000
M204 P1000
;TYPE:Outer wall
;WIDTH:0.42
G1 F3600
G1 X136.397 Y90.869 E.00978
G1 X136.777 Y90.746 E.0119
G1 X137.119 Y90.549 E.01174
G1 X137.283 Y90.416 E.00628
G1 X137.546 Y90.123 E.01173
G1 X137.746 Y89.777 E.0119
G1 X137.869 Y89.397 E.0119
G1 X137.911 Y89 E.0119
G1 X137.869 Y88.603 E.0119
G1 X137.746 Y88.223 E.0119
G1 X137.546 Y87.877 E.0119
G1 X137.279 Y87.58 E.0119
G1 X136.956 Y87.345 E.0119
G1 X136.591 Y87.182 E.0119
G1 X136.203 Y87.1 E.0118
G1 X135.95 Y87.092 E.00753
G1 X135.602 Y87.131 E.01044
G1 X135.223 Y87.254 E.01188
G1 X134.877 Y87.454 E.0119
G1 X134.584 Y87.717 E.01173
G1 X134.451 Y87.881 E.00628
G1 X134.254 Y88.223 E.01174
G1 X134.131 Y88.603 E.0119
G1 X134.089 Y89 E.0119
G1 X134.131 Y89.397 E.0119
G1 X134.254 Y89.777 E.0119
G1 X134.451 Y90.119 E.01174
G1 X134.584 Y90.283 E.00628
G1 X134.877 Y90.546 E.01173
G1 X135.223 Y90.746 E.0119
G1 X135.603 Y90.869 E.0119
G1 X136 Y90.911 E.0119
G1 X136.011 Y90.91 E.00033
G1 X136.032 Y91.31 F18000
G1 X136.033 Y91.31
G1 X136.033 Y91.302
M204 P1500
;TYPE:Inner wall
;WIDTH:0.45
G1 F6000
G1 X136.479 Y91.255 E.01444
G1 X136.938 Y91.106 E.0155
G1 X137.342 Y90.873 E.01499
G1 X137.553 Y90.701 E.00877
G1 X137.865 Y90.355 E.01498
G1 X138.106 Y89.938 E.0155
G1 X138.255 Y89.479 E.0155
G1 X138.306 Y89 E.0155
G1 X138.255 Y88.521 E.0155
G1 X138.106 Y88.062 E.0155
G1 X137.865 Y87.645 E.0155
G1 X137.543 Y87.287 E.0155
G1 X137.153 Y87.003 E.0155
G1 X136.712 Y86.807 E.0155
G1 X136.251 Y86.709 E.01518
G1 X135.935 Y86.699 E.01016
G1 X135.519 Y86.746 E.01347
G1 X135.062 Y86.894 E.01543
G1 X134.645 Y87.135 E.0155
G1 X134.299 Y87.447 E.01498
G1 X134.127 Y87.658 E.00877
G1 X133.894 Y88.062 E.01499
G1 X133.745 Y88.521 E.0155
G1 X133.694 Y89 E.0155
G1 X133.745 Y89.479 E.0155
G1 X133.894 Y89.938 E.0155
G1 X134.127 Y90.342 E.01499
G1 X134.299 Y90.553 E.00877
G1 X134.645 Y90.865 E.01498
G1 X135.062 Y91.106 E.0155
G1 X135.521 Y91.255 E.0155
G1 X135.973 Y91.303 E.01463
G1 X135.931 Y91.708 F18000
G1 F6000
G1 X136 Y91.715 E.00223
G1 X136.564 Y91.655 E.01825
G1 X137.104 Y91.48 E.01825
G1 X137.573 Y91.21 E.0174
G1 X137.834 Y90.998 E.01083
G1 X138.196 Y90.596 E.01739
G1 X138.48 Y90.104 E.01826
G1 X138.655 Y89.564 E.01825
G1 X138.715 Y89 E.01825
G1 X138.655 Y88.436 E.01825
G1 X138.48 Y87.896 E.01825
G1 X138.196 Y87.404 E.01826
G1 X137.817 Y86.982 E.01825
G1 X137.357 Y86.649 E.01825
G1 X136.839 Y86.418 E.01826
G1 X136.3 Y86.304 E.01772
G1 X135.919 Y86.291 E.01227
G1 X135.432 Y86.346 E.01574
G1 X134.896 Y86.52 E.01814
G1 X134.404 Y86.804 E.01826
G1 X134.002 Y87.166 E.01739
G1 X133.79 Y87.427 E.01083
G1 X133.52 Y87.896 E.0174
G1 X133.345 Y88.436 E.01825
G1 X133.285 Y89 E.01825
G1 X133.345 Y89.564 E.01825
G1 X133.52 Y90.104 E.01825
G1 X133.79 Y90.573 E.0174
G1 X134.002 Y90.834 E.01083
G1 X134.404 Y91.196 E.01739
G1 X134.896 Y91.48 E.01826
G1 X135.436 Y91.655 E.01825
G1 X135.871 Y91.701 E.01409
G1 E-1.75
;WIPE_START
G1 X136 Y91.715 E-.09701
G1 X136.564 Y91.655 E-.42567
G1 X136.853 Y91.562 E-.22732
;WIPE_END
G1 X136.714 Y91.199 Z.84 F18000
G1 X138.312 Y131
G1 X138.299 Y131.242
G1 X138.261 Y131.481
G1 X138.199 Y131.714
G1 X138.112 Y131.94
G1 X138.002 Y132.156
G1 X137.87 Y132.359
G1 X137.718 Y132.547
G1 X137.547 Y132.718
G1 X137.359 Y132.87
G1 X137.156 Y133.002
G1 X136.94 Y133.112
G1 X136.714 Y133.199
G1 X136.481 Y133.261
G1 X136.242 Y133.299
G1 X136.102 Y133.306
G1 X136.081 Y132.903
G1 Z.64
G1 E2.5 F6000
M204 P1000
;TYPE:Outer wall
;WIDTH:0.42
G1 F3600
G1 X136.397 Y132.869 E.00947
G1 X136.777 Y132.746 E.0119
G1 X137.119 Y132.549 E.01174
G1 X137.283 Y132.416 E.00628
G1 X137.546 Y132.123 E.01173
G1 X137.746 Y131.777 E.0119
G1 X137.869 Y131.397 E.0119
G1 X137.911 Y131 E.0119
G1 X137.869 Y130.603 E.0119
G1 X137.746 Y130.223 E.0119
G1 X137.546 Y129.877 E.0119
G1 X137.279 Y129.58 E.0119
G1 X136.956 Y129.345 E.0119
G1 X136.591 Y129.182 E.0119
G1 X136.203 Y129.1 E.0118
G1 X135.95 Y129.092 E.00753
G1 X135.602 Y129.131 E.01044
G1 X135.223 Y129.254 E.01188
G1 X134.877 Y129.454 E.0119
G1 X134.584 Y129.717 E.01173
G1 X134.451 Y129.881 E.00628
G1 X134.254 Y130.223 E.01174
G1 X134.131 Y130.603 E.0119
G1 X134.089 Y131 E.0119
G1 X134.131 Y131.397 E.0119
G1 X134.254 Y131.777 E.0119
G1 X134.451 Y132.119 E.01174
G1 X134.584 Y132.283 E.00628
G1 X134.877 Y132.546 E.01173
G1 X135.223 Y132.746 E.0119
G1 X135.603 Y132.869 E.0119
G1 X136 Y132.911 E.0119
G1 X136.021 Y132.909 E.00064
G1 X136.043 Y133.309 F18000
G1 X136.033 Y133.31
G1 X136.033 Y133.302
M204 P1500
;TYPE:Inner wall
;WIDTH:0.45
G1 F6000
G1 X136.479 Y133.255 E.01444
G1 X136.938 Y133.106 E.0155
G1 X137.342 Y132.873 E.01499
G1 X137.553 Y132.701 E.00877
G1 X137.865 Y132.355 E.01498
G1 X138.106 Y131.938 E.0155
G1 X138.255 Y131.479 E.0155
G1 X138.306 Y131 E.0155
G1 X138.255 Y130.521 E.0155
G1 X138.106 Y130.062 E.0155
G1 X137.865 Y129.645 E.0155
G1 X137.543 Y129.287 E.0155
G1 X137.153 Y129.003 E.0155
G1 X136.712 Y128.807 E.0155
G1 X136.251 Y128.709 E.01518
G1 X135.935 Y128.699 E.01016
G1 X135.519 Y128.746 E.01347
G1 X135.062 Y128.894 E.01543
G1 X134.645 Y129.135 E.0155
G1 X134.299 Y129.447 E.01498
G1 X134.127 Y129.658 E.00877
G1 X133.894 Y130.062 E.01499
G1 X133.745 Y130.521 E.0155
G1 X133.694 Y131 E.0155
G1 X133.745 Y131.479 E.0155
G1 X133.894 Y131.938 E.0155
G1 X134.127 Y132.342 E.01499
G1 X134.299 Y132.553 E.00877
G1 X134.645 Y132.865 E.01498
G1 X135.062 Y133.106 E.0155
G1 X135.521 Y133.255 E.0155
G1 X135.973 Y133.303 E.01463
G1 X136.069 Y133.708 F18000
G1 F6000
G1 X136.564 Y133.655 E.01602
G1 X137.104 Y133.48 E.01825
G1 X137.573 Y133.21 E.0174
G1 X137.834 Y132.998 E.01083
G1 X138.196 Y132.596 E.01739
G1 X138.48 Y132.104 E.01826
G1 X138.655 Y131.564 E.01825
G1 X138.715 Y131 E.01825
G1 X138.655 Y130.436 E.01825
G1 X138.48 Y129.896 E.01825
G1 X138.196 Y129.404 E.01826
G1 X137.817 Y128.982 E.01825
G1 X137.357 Y128.649 E.01825
G1 X136.839 Y128.418 E.01826
G1 X136.3 Y128.304 E.01772
G1 X135.919 Y128.291 E.01227
G1 X135.432 Y128.346 E.01574
G1 X134.896 Y128.52 E.01814
G1 X134.404 Y128.804 E.01826
G1 X134.002 Y129.166 E.01739
G1 X133.79 Y129.427 E.01083
G1 X133.52 Y129.896 E.0174
G1 X133.345 Y130.436 E.01825
G1 X133.285 Y131 E.01825
G1 X133.345 Y131.564 E.01825
G1 X133.52 Y132.104 E.01825
G1 X133.79 Y132.573 E.0174
G1 X134.002 Y132.834 E.01083
G1 X134.404 Y133.196 E.01739
G1 X134.896 Y133.48 E.01826
G1 X135.436 Y133.655 E.01825
G1 X136 Y133.715 E.01825
G1 X136.009 Y133.714 E.0003
G1 E-1.75
;WIPE_START
G1 X136.564 Y133.655 E-.41869
G1 X136.985 Y133.519 E-.33131
;WIPE_END
G1 X136.843 Y133.149 Z.84 F18000
G1 X85.285 Y132.918
G1 X85.156 Y133.002
G1 X84.94 Y133.112
G1 X84.714 Y133.199
G1 X84.481 Y133.261
G1 X84.242 Y133.299
G1 X84.092 Y133.307
G1 X84.071 Y132.904
G1 Z.64
G1 E2.5 F6000
M204 P1000
;TYPE:Outer wall
;WIDTH:0.42
G1 F3600
G1 X84.397 Y132.869 E.00978
G1 X84.777 Y132.746 E.0119
G1 X85.119 Y132.549 E.01174
G1 X85.283 Y132.416 E.00628
G1 X85.546 Y132.123 E.01173
G1 X85.746 Y131.777 E.0119
G1 X85.869 Y131.397 E.0119
G1 X85.911 Y131 E.0119
G1 X85.869 Y130.603 E.0119
G1 X85.746 Y130.223 E.0119
G1 X85.546 Y129.877 E.0119
G1 X85.279 Y129.58 E.0119
G1 X84.956 Y129.345 E.0119
G1 X84.591 Y129.182 E.0119
G1 X84.203 Y129.1 E.0118
G1 X83.95 Y129.092 E.00753
G1 X83.602 Y129.131 E.01044
G1 X83.223 Y129.254 E.01188
G1 X82.877 Y129.454 E.0119
G1 X82.584 Y129.717 E.01173
G1 X82.451 Y129.881 E.00628
G1 X82.254 Y130.223 E.01174
G1 X82.131 Y130.603 E.0119
G1 X82.089 Y131 E.0119
G1 X82.131 Y131.397 E.0119
G1 X82.254 Y131.777 E.0119
G1 X82.451 Y132.119 E.01174
G1 X82.584 Y132.283 E.00628
G1 X82.877 Y132.546 E.01173
G1 X83.223 Y132.746 E.0119
G1 X83.603 Y132.869 E.0119
G1 X84 Y132.911 E.0119
G1 X84.011 Y132.91 E.00033
G1 X84.032 Y133.31 F18000
G1 X84 Y133.312
G1 X83.967 Y133.31
G1 X83.967 Y133.302
M204 P1500
;TYPE:Inner wall
;WIDTH:0.45
G1 F6000
G1 X84 Y133.306 E.00106
G1 X84.479 Y133.255 E.0155
G1 X84.938 Y133.106 E.0155
G1 X85.342 Y132.873 E.01499
G1 X85.553 Y132.701 E.00877
G1 X85.865 Y132.355 E.01498
G1 X86.106 Y131.938 E.0155
G1 X86.255 Y131.479 E.0155
G1 X86.306 Y131 E.0155
G1 X86.255 Y130.521 E.0155
G1 X86.106 Y130.062 E.0155
G1 X85.865 Y129.645 E.0155
G1 X85.543 Y129.287 E.0155
G1 X85.153 Y129.003 E.0155
G1 X84.712 Y128.807 E.0155
G1 X84.251 Y128.709 E.01518
G1 X83.935 Y128.699 E.01016
G1 X83.519 Y128.746 E.01347
G1 X83.062 Y128.894 E.01543
G1 X82.645 Y129.135 E.0155
G1 X82.299 Y129.447 E.01498
G1 X82.127 Y129.658 E.00877
G1 X81.894 Y130.062 E.01499
G1 X81.745 Y130.521 E.0155
G1 X81.694 Y131 E.0155
G1 X81.745 Y131.479 E.0155
G1 X81.894 Y131.938 E.0155
G1 X82.127 Y132.342 E.01499
G1 X82.299 Y132.553 E.00877
G1 X82.645 Y132.865 E.01498
G1 X83.062 Y133.106 E.0155
G1 X83.521 Y133.255 E.0155
G1 X83.908 Y133.296 E.01251
G1 X83.931 Y133.708 F18000
G1 F6000
G1 X84 Y133.715 E.00223
G1 X84.564 Y133.655 E.01825
G1 X85.104 Y133.48 E.01825
G1 X85.573 Y133.21 E.0174
G1 X85.834 Y132.998 E.01083
G1 X86.196 Y132.596 E.01739
G1 X86.48 Y132.104 E.01826
G1 X86.655 Y131.564 E.01825
G1 X86.715 Y131 E.01825
G1 X86.655 Y130.436 E.01825
G1 X86.48 Y129.896 E.01825
G1 X86.196 Y129.404 E.01826
G1 X85.817 Y128.982 E.01825
G1 X85.357 Y128.649 E.01825
G1 X84.839 Y128.418 E.01826
G1 X84.3 Y128.304 E.01772
G1 X83.919 Y128.291 E.01227
G1 X83.432 Y128.346 E.01574
G1 X82.896 Y128.52 E.01814
G1 X82.404 Y128.804 E.01826
G1 X82.002 Y129.166 E.01739
G1 X81.79 Y129.427 E.01083
G1 X81.52 Y129.896 E.0174
G1 X81.345 Y130.436 E.01825
G1 X81.285 Y131 E.01825
G1 X81.345 Y131.564 E.01825
G1 X81.52 Y132.104 E.01825
G1 X81.79 Y132.573 E.0174
G1 X82.002 Y132.834 E.01083
G1 X82.404 Y133.196 E.01739
G1 X82.896 Y133.48 E.01826
G1 X83.436 Y133.655 E.01825
G1 X83.871 Y133.701 E.01409
G1 E-1.75
;WIPE_START
G1 X84 Y133.715 E-.09701
G1 X84.564 Y133.655 E-.42566
G1 X84.853 Y133.562 E-.22732
;WIPE_END
G1 X84.714 Y133.199 Z.84 F18000
G1 X84.94 Y133.112
G1 X85.156 Y133.002
G1 X85.359 Y132.87
G1 X85.547 Y132.718
G1 X85.718 Y132.547
G1 X85.87 Y132.359
G1 X86.002 Y132.156
G1 X86.112 Y131.94
G1 X86.199 Y131.714
G1 X86.261 Y131.481
G1 X86.299 Y131.242
G1 X86.312 Y131
G1 X86.299 Y130.758
G1 X86.261 Y130.519
G1 X86.199 Y130.286
G1 X86.112 Y130.06
G1 X86.002 Y129.844
G1 X85.87 Y129.641
G1 X85.718 Y129.453
G1 X85.547 Y129.282
G1 X85.359 Y129.13
G1 X85.156 Y128.998
G1 X84.94 Y128.888
G1 X84.766 Y128.821
G1 X84.092 Y91.307
G1 X84.071 Y90.904
G1 Z.64
G1 E2.5 F6000
M204 P1000
;TYPE:Outer wall
;WIDTH:0.42
G1 F3600
G1 X84.397 Y90.869 E.00978
G1 X84.777 Y90.746 E.0119
G1 X85.119 Y90.549 E.01174
G1 X85.283 Y90.416 E.00628
G1 X85.546 Y90.123 E.01173
G1 X85.746 Y89.777 E.0119
G1 X85.869 Y89.397 E.0119
G1 X85.911 Y89 E.0119
G1 X85.869 Y88.603 E.0119
G1 X85.746 Y88.223 E.0119
G1 X85.546 Y87.877 E.0119
G1 X85.279 Y87.58 E.0119
G1 X84.956 Y87.345 E.0119
G1 X84.591 Y87.182 E.0119
G1 X84.203 Y87.1 E.0118
G1 X83.95 Y87.092 E.00753
G1 X83.602 Y87.131 E.01044
G1 X83.223 Y87.254 E.01188
G1 X82.877 Y87.454 E.0119
G1 X82.584 Y87.717 E.01173
G1 X82.451 Y87.881 E.00628
G1 X82.254 Y88.223 E.01174
G1 X82.131 Y88.603 E.0119
G1 X82.089 Y89 E.0119
G1 X82.131 Y89.397 E.0119
G1 X82.254 Y89.777 E.0119
G1 X82.451 Y90.119 E.01174
G1 X82.584 Y90.283 E.00628
G1 X82.877 Y90.546 E.01173
G1 X83.223 Y90.746 E.0119
G1 X83.603 Y90.869 E.0119
G1 X84 Y90.911 E.0119
G1 X84.011 Y90.91 E.00033
G1 X84.032 Y91.31 F18000
G1 X84 Y91.312
G1 X83.967 Y91.31
G1 X83.967 Y91.302
M204 P1500
;TYPE:Inner wall
;WIDTH:0.45
G1 F6000
G1 X84 Y91.306 E.00106
G1 X84.479 Y91.255 E.0155
G1 X84.938 Y91.106 E.0155
G1 X85.342 Y90.873 E.01499
G1 X85.553 Y90.701 E.00877
G1 X85.865 Y90.355 E.01498
G1 X86.106 Y89.938 E.0155
G1 X86.255 Y89.479 E.0155
G1 X86.306 Y89 E.0155
G1 X86.255 Y88.521 E.0155
G1 X86.106 Y88.062 E.0155
G1 X85.865 Y87.645 E.0155
G1 X85.543 Y87.287 E.0155
G1 X85.153 Y87.003 E.0155
G1 X84.712 Y86.807 E.0155
G1 X84.251 Y86.709 E.01518
G1 X83.935 Y86.699 E.01016
G1 X83.519 Y86.746 E.01347
G1 X83.062 Y86.894 E.01543
G1 X82.645 Y87.135 E.0155
G1 X82.299 Y87.447 E.01498
G1 X82.127 Y87.658 E.00877
G1 X81.894 Y88.062 E.01499
G1 X81.745 Y88.521 E.0155
G1 X81.694 Y89 E.0155
G1 X81.745 Y89.479 E.0155
G1 X81.894 Y89.938 E.0155
G1 X82.127 Y90.342 E.01499
G1 X82.299 Y90.553 E.00877
G1 X82.645 Y90.865 E.01498
G1 X83.062 Y91.106 E.0155
G1 X83.521 Y91.255 E.0155
G1 X83.908 Y91.296 E.01251
G1 X83.931 Y91.708 F18000
G1 F6000
G1 X84 Y91.715 E.00223
G1 X84.564 Y91.655 E.01825
G1 X85.104 Y91.48 E.01825
G1 X85.573 Y91.21 E.0174
G1 X85.834 Y90.998 E.01083
G1 X86.196 Y90.596 E.01739
G1 X86.48 Y90.104 E.01826
G1 X86.655 Y89.564 E.01825
G1 X86.715 Y89 E.01825
G1 X86.655 Y88.436 E.01825
G1 X86.48 Y87.896 E.01825
G1 X86.196 Y87.404 E.01826
G1 X85.817 Y86.982 E.01825
G1 X85.357 Y86.649 E.01825
G1 X84.839 Y86.418 E.01826
G1 X84.3 Y86.304 E.01772
G1 X83.919 Y86.291 E.01227
G1 X83.432 Y86.346 E.01574
G1 X82.896 Y86.52 E.01814
G1 X82.404 Y86.804 E.01826
G1 X82.002 Y87.166 E.01739
G1 X81.79 Y87.427 E.01083
G1 X81.52 Y87.896 E.0174
G1 X81.345 Y88.436 E.01825
G1 X81.285 Y89 E.01825
G1 X81.345 Y89.564 E.01825
G1 X81.52 Y90.104 E.01825
G1 X81.79 Y90.573 E.0174
G1 X82.002 Y90.834 E.01083
G1 X82.404 Y91.196 E.01739
G1 X82.896 Y91.48 E.01826
G1 X83.436 Y91.655 E.01825
G1 X83.871 Y91.701 E.01409
G1 E-1.75
;WIPE_START
G1 X84 Y91.715 E-.09701
G1 X84.564 Y91.655 E-.42566
G1 X84.853 Y91.562 E-.22732
;WIPE_END
G1 X84.714 Y91.199 Z.84 F18000
G1 X103.689 Y116.311
G1 X116.311 Y116.311
G1 X116.311 Y115.91
G1 X115.91 Y115.91
G1 Z.64
G1 E2.5 F6000
M204 P1000
;TYPE:Outer wall
;WIDTH:0.42
G1 F3600
G1 X115.91 Y104.09 E.35208
G1 X104.09 Y104.09 E.35208
G1 X104.09 Y115.91 E.35208
G1 X115.85 Y115.91 E.35029
G1 X115.85 Y116.311 F18000
G1 X116.311 Y116.311
G1 X116.311 Y116.302
G1 X116.302 Y116.302
M204 P1500
;TYPE:Inner wall
;WIDTH:0.45
G1 F6000
G1 X116.302 Y103.698 E.4053
G1 X103.698 Y103.698 E.4053
G1 X103.698 Y116.302 E.4053
G1 X116.242 Y116.302 E.40337
G1 X116.709 Y116.709 F18000
G1 F6000
G1 X116.709 Y103.291 E.43148
G1 X103.291 Y103.291 E.43148
G1 X103.291 Y116.709 E.43148
G1 X116.649 Y116.709 E.42955
G1 X135.01 Y128.311 F18000
M204 P2000
;TYPE:Internal solid infill
;WIDTH:0.420461
G1 F6000
G1 X85.417 Y128.311 E1.479
G1 X85.525 Y128.359 E.00352
G1 X85.979 Y128.688 E.01672
G1 X134.034 Y128.688 E1.43317
G1 X133.76 Y128.935 E.01101
G1 X133.654 Y129.066 E.00501
G1 X86.34 Y129.066 E1.41105
G1 X86.467 Y129.207 E.00567
G1 X86.604 Y129.443 E.00814
G1 X133.396 Y129.443 E1.39549
G1 X133.194 Y129.821 E.01278
G1 X86.806 Y129.821 E1.38341
G1 X86.929 Y130.198 E.01184
G1 X133.071 Y130.198 E1.3761
G1 X133.017 Y130.366 E.00525
G1 X132.995 Y130.576 E.0063
G1 X87.005 Y130.576 E1.37154
G1 X87.045 Y130.954 E.01132
G1 X132.955 Y130.954 E1.36917
G1 X132.985 Y131.331 E.01129
G1 X87.015 Y131.331 E1.37096
G1 X86.983 Y131.634 E.00909
G1 X86.959 Y131.709 E.00234
G1 X133.041 Y131.709 E1.3743
G1 X133.164 Y132.086 E.01184
G1 X86.836 Y132.086 E1.38161
G1 X86.786 Y132.241 E.00484
G1 X86.657 Y132.464 E.00769
G1 X133.343 Y132.464 E1.39229
G1 X133.515 Y132.762 E.01028
G1 X133.579 Y132.841 E.00303
G1 X86.424 Y132.841 E1.40631
G1 X86.084 Y133.219 E.01515
G1 X133.931 Y133.219 E1.42695
G1 X134.207 Y133.467 E.01108
G1 X134.43 Y133.596 E.00769
G1 X85.23 Y133.596 E1.4673
G1 X81.342 Y132.086 F18000
G1 F6000
G1 X77.342 Y132.086 E.11928
G1 X77.342 Y132.464 E.01126
G1 X81.343 Y132.464 E.1193
G1 X81.515 Y132.762 E.01028
G1 X81.579 Y132.841 E.00303
G1 X77.342 Y132.841 E.12635
G1 X77.342 Y133.219 E.01126
G1 X81.931 Y133.219 E.13685
G1 X82.207 Y133.467 E.01108
G1 X82.43 Y133.596 E.00769
G1 X77.342 Y133.596 E.15174
G1 X77.342 Y133.974 E.01126
G1 X142.658 Y133.974 E1.9479
G1 X142.658 Y134.351 E.01126
G1 X77.342 Y134.351 E1.9479
G1 X77.342 Y134.729 E.01126
G1 X142.658 Y134.729 E1.9479
G1 X142.658 Y135.106 E.01126
G1 X77.342 Y135.106 E1.9479
G1 X77.342 Y135.484 E.01126
G1 X142.658 Y135.484 E1.9479
G1 X142.658 Y135.862 E.01126
G1 X77.342 Y135.862 E1.9479
G1 X77.342 Y136.239 E.01126
G1 X142.658 Y136.239 E1.9479
G1 X142.658 Y136.617 E.01126
G1 X77.342 Y136.617 E1.9479
G1 X77.342 Y136.994 E.01126
G1 X142.658 Y136.994 E1.9479
G1 X142.658 Y137.372 E.01126
G1 X77.342 Y137.372 E1.9479
G1 X77.342 Y137.749 E.01126
G1 X142.658 Y137.749 E1.9479
G1 X142.658 Y138.127 E.01126
G1 X77.342 Y138.127 E1.9479
G1 X77.342 Y138.504 E.01126
G1 X142.658 Y138.504 E1.9479
G1 X142.658 Y138.882 E.01126
G1 X77.342 Y138.882 E1.9479
G1 X77.342 Y139.259 E.01126
G1 X142.658 Y139.259 E1.9479
G1 X142.658 Y139.637 E.01126
G1 X77.342 Y139.637 E1.9479
G1 X77.342 Y140.015 E.01126
G1 X142.658 Y140.015 E1.9479
G1 X142.658 Y140.392 E.01126
G1 X77.342 Y140.392 E1.9479
G1 X77.342 Y140.77 E.01126
G1 X142.658 Y140.77 E1.9479
G1 X142.648 Y141.147 E.01126
G1 X77.362 Y141.147 E1.94703
G1 X77.382 Y141.344 E.00591
G1 X77.441 Y141.525 E.00565
G1 X142.567 Y141.525 E1.94228
G1 X142.433 Y141.827 E.00988
G1 X142.378 Y141.902 E.00276
G1 X77.621 Y141.902 E1.93126
G1 X77.662 Y141.972 E.00242
G1 X77.893 Y142.229 E.01032
G1 X77.962 Y142.28 E.00255
G1 X142.038 Y142.28 E1.91092
G1 X141.972 Y142.338 E.00262
G1 X141.673 Y142.511 E.01031
G1 X141.344 Y142.618 E.0103
G1 X140.959 Y142.657 E.01154
G1 X78.26 Y142.657 E1.86988
G1 X77.173 Y129.443 F18000
G1 F6000
G1 X81.396 Y129.443 E.12596
G1 X81.515 Y129.238 E.00708
G1 X81.654 Y129.066 E.0066
G1 X77.342 Y129.066 E.12859
G1 X77.342 Y128.688 E.01126
G1 X82.034 Y128.688 E.13993
G1 X82.207 Y128.533 E.00694
G1 X82.591 Y128.311 E.01323
G1 X77.342 Y128.311 E.15654
G1 X77.342 Y127.933 E.01126
G1 X142.658 Y127.933 E1.9479
G1 X142.658 Y127.556 E.01126
G1 X77.342 Y127.556 E1.9479
G1 X77.342 Y127.178 E.01126
G1 X142.658 Y127.178 E1.9479
G1 X142.658 Y126.801 E.01126
G1 X77.342 Y126.801 E1.9479
G1 X77.342 Y126.423 E.01126
G1 X142.658 Y126.423 E1.9479
G1 X142.658 Y126.045 E.01126
G1 X77.342 Y126.045 E1.9479
G1 X77.342 Y125.668 E.01126
G1 X142.658 Y125.668 E1.9479
G1 X142.658 Y125.29 E.01126
G1 X77.342 Y125.29 E1.9479
G1 X77.342 Y124.913 E.01126
G1 X142.658 Y124.913 E1.9479
G1 X142.658 Y124.535 E.01126
G1 X77.342 Y124.535 E1.9479
G1 X77.342 Y124.158 E.01126
G1 X142.658 Y124.158 E1.9479
G1 X142.658 Y123.78 E.01126
G1 X77.342 Y123.78 E1.9479
G1 X77.342 Y123.403 E.01126
G1 X142.658 Y123.403 E1.9479
G1 X142.658 Y123.025 E.01126
G1 X77.342 Y123.025 E1.9479
G1 X77.342 Y122.648 E.01126
G1 X142.658 Y122.648 E1.9479
G1 X142.658 Y122.27 E.01126
G1 X77.342 Y122.27 E1.9479
G1 X77.342 Y121.893 E.01126
G1 X142.658 Y121.893 E1.9479
G1 X142.658 Y121.515 E.01126
G1 X77.342 Y121.515 E1.9479
G1 X77.342 Y121.137 E.01126
G1 X142.658 Y121.137 E1.9479
G1 X142.658 Y120.76 E.01126
G1 X77.342 Y120.76 E1.9479
G1 X77.342 Y120.382 E.01126
G1 X142.658 Y120.382 E1.9479
G1 X142.658 Y120.005 E.01126
G1 X77.342 Y120.005 E1.9479
G1 X77.342 Y119.627 E.01126
G1 X142.658 Y119.627 E1.9479
G1 X142.658 Y119.25 E.01126
G1 X77.342 Y119.25 E1.9479
G1 X77.342 Y118.872 E.01126
G1 X142.658 Y118.872 E1.9479
G1 X142.658 Y118.495 E.01126
G1 X77.342 Y118.495 E1.9479
G1 X77.342 Y118.117 E.01126
G1 X142.658 Y118.117 E1.9479
G1 X142.658 Y117.74 E.01126
G1 X77.342 Y117.74 E1.9479
G1 X77.342 Y117.362 E.01126
G1 X142.827 Y117.362 E1.95296
G1 X142.827 Y128.311 F18000
G1 F6000
G1 X137.417 Y128.311 E.16134
G1 X137.525 Y128.359 E.00352
G1 X137.979 Y128.688 E.01672
G1 X142.658 Y128.688 E.13954
G1 X142.658 Y129.066 E.01126
G1 X138.34 Y129.066 E.12876
G1 X138.467 Y129.207 E.00567
G1 X138.604 Y129.443 E.00814
G1 X142.827 Y129.443 E.12596
G1 X142.827 Y132.086 F18000
G1 F6000
G1 X138.836 Y132.086 E.11902
G1 X138.786 Y132.241 E.00484
G1 X138.657 Y132.464 E.00769
G1 X142.658 Y132.464 E.1193
G1 X142.658 Y132.841 E.01126
G1 X138.424 Y132.841 E.12626
G1 X138.084 Y133.219 E.01515
G1 X142.658 Y133.219 E.1364
G1 X142.658 Y133.596 E.01126
G1 X137.23 Y133.596 E.16186
G1 X138.79 Y129.648 F18000
;WIDTH:0.419999
G1 F6000
G1 X139.035 Y130.335 E.02171
G1 X139.107 Y130.98 E.01935
G1 X139.035 Y131.534 E.01662
G1 X142.599 Y131.534 E.10615
G1 X142.599 Y129.648 E.05616
G1 X138.85 Y129.648 E.11166
G1 X139.331 Y130.025 F18000
G1 F6000
G1 X139.418 Y130.334 E.00955
G1 X139.482 Y130.941 E.01818
G1 X139.469 Y131.157 E.00644
G1 X142.222 Y131.157 E.082
G1 X142.222 Y130.025 E.0337
G1 X139.391 Y130.025 E.08432
G1 X139.805 Y130.403 F18000
;WIDTH:0.42
G1 F6000
G1 X139.844 Y130.78 E.01129
G1 X141.845 Y130.78 E.05958
G1 X141.845 Y130.403 E.01123
G1 X139.865 Y130.403 E.05898
G1 X142.827 Y92.067 F18000
;WIDTH:0.420461
G1 F6000
G1 X77.342 Y92.067 E1.95296
G1 X77.342 Y92.444 E.01126
G1 X142.658 Y92.444 E1.9479
G1 X142.658 Y92.822 E.01126
G1 X77.342 Y92.822 E1.9479
G1 X77.342 Y93.199 E.01126
G1 X142.658 Y93.199 E1.9479
G1 X142.658 Y93.577 E.01126
G1 X77.342 Y93.577 E1.9479
G1 X77.342 Y93.955 E.01126
G1 X142.658 Y93.955 E1.9479
G1 X142.658 Y94.332 E.01126
G1 X77.342 Y94.332 E1.9479
G1 X77.342 Y94.71 E.01126
G1 X142.658 Y94.71 E1.9479
G1 X142.658 Y95.087 E.01126
G1 X77.342 Y95.087 E1.9479
G1 X77.342 Y95.465 E.01126
G1 X142.658 Y95.465 E1.9479
G1 X142.658 Y95.842 E.01126
G1 X77.342 Y95.842 E1.9479
G1 X77.342 Y96.22 E.01126
G1 X142.658 Y96.22 E1.9479
G1 X142.658 Y96.597 E.01126
G1 X77.342 Y96.597 E1.9479
G1 X77.342 Y96.975 E.01126
G1 X142.658 Y96.975 E1.9479
G1 X142.658 Y97.352 E.01126
G1 X77.342 Y97.352 E1.9479
G1 X77.342 Y97.73 E.01126
G1 X142.658 Y97.73 E1.9479
G1 X142.658 Y98.107 E.01126
G1 X77.342 Y98.107 E1.9479
G1 X77.342 Y98.485 E.01126
G1 X142.658 Y98.485 E1.9479
G1 X142.658 Y98.863 E.01126
G1 X77.342 Y98.863 E1.9479
G1 X77.342 Y99.24 E.01126
G1 X142.658 Y99.24 E1.9479
G1 X142.658 Y99.618 E.01126
G1 X77.342 Y99.618 E1.9479
G1 X77.342 Y99.995 E.01126
G1 X142.658 Y99.995 E1.9479
G1 X142.658 Y100.373 E.01126
G1 X77.342 Y100.373 E1.9479
G1 X77.342 Y100.75 E.01126
G1 X142.658 Y100.75 E1.9479
G1 X142.658 Y101.128 E.01126
G1 X77.342 Y101.128 E1.9479
G1 X77.342 Y101.505 E.01126
G1 X142.658 Y101.505 E1.9479
G1 X142.658 Y101.883 E.01126
G1 X77.342 Y101.883 E1.9479
G1 X77.342 Y102.26 E.01126
G1 X142.658 Y102.26 E1.9479
G1 X142.658 Y102.638 E.01126
G1 X77.342 Y102.638 E1.9479
G1 X77.342 Y103.015 E.01126
G1 X142.658 Y103.015 E1.9479
G1 X142.658 Y103.393 E.01126
G1 X117.042 Y103.393 E.76392
G1 X117.042 Y103.771 E.01126
G1 X142.658 Y103.771 E.76392
G1 X142.658 Y104.148 E.01126
G1 X117.042 Y104.148 E.76392
G1 X117.042 Y104.526 E.01126
G1 X142.658 Y104.526 E.76392
G1 X142.658 Y104.903 E.01126
G1 X117.042 Y104.903 E.76392
G1 X117.042 Y105.281 E.01126
G1 X142.658 Y105.281 E.76392
G1 X142.658 Y105.658 E.01126
G1 X117.042 Y105.658 E.76392
G1 X117.042 Y106.036 E.01126
G1 X142.658 Y106.036 E.76392
G1 X142.658 Y106.413 E.01126
G1 X117.042 Y106.413 E.76392
G1 X117.042 Y106.791 E.01126
G1 X142.658 Y106.791 E.76392
G1 X142.658 Y107.168 E.01126
G1 X117.042 Y107.168 E.76392
G1 X117.042 Y107.546 E.01126
G1 X142.658 Y107.546 E.76392
G1 X142.658 Y107.924 E.01126
G1 X117.042 Y107.924 E.76392
G1 X117.042 Y108.301 E.01126
G1 X142.658 Y108.301 E.76392
G1 X142.658 Y108.679 E.01126
G1 X117.042 Y108.679 E.76392
G1 X117.042 Y109.056 E.01126
G1 X142.658 Y109.056 E.76392
G1 X142.658 Y109.434 E.01126
G1 X117.042 Y109.434 E.76392
G1 X117.042 Y109.811 E.01126
G1 X142.658 Y109.811 E.76392
G1 X142.658 Y110.189 E.01126
G1 X117.042 Y110.189 E.76392
G1 X117.042 Y110.566 E.01126
G1 X142.658 Y110.566 E.76392
G1 X142.658 Y110.944 E.01126
G1 X117.042 Y110.944 E.76392
G1 X117.042 Y111.321 E.01126
G1 X142.658 Y111.321 E.76392
G1 X142.658 Y111.699 E.01126
G1 X117.042 Y111.699 E.76392
G1 X117.042 Y112.076 E.01126
G1 X142.658 Y112.076 E.76392
G1 X142.658 Y112.454 E.01126
G1 X117.042 Y112.454 E.76392
G1 X117.042 Y112.832 E.01126
G1 X142.658 Y112.832 E.76392
G1 X142.658 Y113.209 E.01126
G1 X117.042 Y113.209 E.76392
G1 X117.042 Y113.587 E.01126
G1 X142.658 Y113.587 E.76392
G1 X142.658 Y113.964 E.01126
G1 X117.042 Y113.964 E.76392
G1 X117.042 Y114.342 E.01126
G1 X142.658 Y114.342 E.76392
G1 X142.658 Y114.719 E.01126
G1 X117.042 Y114.719 E.76392
G1 X117.042 Y115.097 E.01126
G1 X142.658 Y115.097 E.76392
G1 X142.658 Y115.474 E.01126
G1 X117.042 Y115.474 E.76392
G1 X117.042 Y115.852 E.01126
G1 X142.658 Y115.852 E.76392
G1 X142.658 Y116.229 E.01126
G1 X117.042 Y116.229 E.76392
G1 X117.042 Y116.607 E.01126
G1 X142.658 Y116.607 E.76392
G1 X142.658 Y116.985 E.01126
G1 X77.342 Y116.985 E1.9479
G1 X77.342 Y116.607 E.01126
G1 X102.958 Y116.607 E.76392
G1 X102.958 Y116.229 E.01126
G1 X77.342 Y116.229 E.76392
G1 X77.342 Y115.852 E.01126
G1 X102.958 Y115.852 E.76392
G1 X102.958 Y115.474 E.01126
G1 X77.342 Y115.474 E.76392
G1 X77.342 Y115.097 E.01126
G1 X102.958 Y115.097 E.76392
G1 X102.958 Y114.719 E.01126
G1 X77.342 Y114.719 E.76392
G1 X77.342 Y114.342 E.01126
G1 X102.958 Y114.342 E.76392
G1 X102.958 Y113.964 E.01126
G1 X77.342 Y113.964 E.76392
G1 X77.342 Y113.587 E.01126
G1 X102.958 Y113.587 E.76392
G1 X102.958 Y113.209 E.01126
G1 X77.342 Y113.209 E.76392
G1 X77.342 Y112.832 E.01126
G1 X102.958 Y112.832 E.76392
G1 X102.958 Y112.454 E.01126
G1 X77.342 Y112.454 E.76392
G1 X77.342 Y112.076 E.01126
G1 X102.958 Y112.076 E.76392
G1 X102.958 Y111.699 E.01126
G1 X77.342 Y111.699 E.76392
G1 X77.342 Y111.321 E.01126
G1 X102.958 Y111.321 E.76392
G1 X102.958 Y110.944 E.01126
G1 X77.342 Y110.944 E.76392
G1 X77.342 Y110.566 E.01126
G1 X102.958 Y110.566 E.76392
G1 X102.958 Y110.189 E.01126
G1 X77.342 Y110.189 E.76392
G1 X77.342 Y109.811 E.01126
G1 X102.958 Y109.811 E.76392
G1 X102.958 Y109.434 E.01126
G1 X77.342 Y109.434 E.76392
G1 X77.342 Y109.056 E.01126
G1 X102.958 Y109.056 E.76392
G1 X102.958 Y108.679 E.01126
G1 X77.342 Y108.679 E.76392
G1 X77.342 Y108.301 E.01126
G1 X102.958 Y108.301 E.76392
G1 X102.958 Y107.924 E.01126
G1 X77.342 Y107.924 E.76392
G1 X77.342 Y107.546 E.01126
G1 X102.958 Y107.546 E.76392
G1 X102.958 Y107.168 E.01126
G1 X77.342 Y107.168 E.76392
G1 X77.342 Y106.791 E.01126
G1 X102.958 Y106.791 E.76392
G1 X102.958 Y106.413 E.01126
G1 X77.342 Y106.413 E.76392
G1 X77.342 Y106.036 E.01126
G1 X102.958 Y106.036 E.76392
G1 X102.958 Y105.658 E.01126
G1 X77.342 Y105.658 E.76392
G1 X77.342 Y105.281 E.01126
G1 X102.958 Y105.281 E.76392
G1 X102.958 Y104.903 E.01126
G1 X77.342 Y104.903 E.76392
G1 X77.342 Y104.526 E.01126
G1 X102.958 Y104.526 E.76392
G1 X102.958 Y104.148 E.01126
G1 X77.342 Y104.148 E.76392
G1 X77.342 Y103.771 E.01126
G1 X102.958 Y103.771 E.76392
G1 X102.958 Y103.393 E.01126
G1 X77.173 Y103.393 E.76898
G1 X77.173 Y90.179 F18000
G1 F6000
G1 X81.194 Y90.179 E.11992
G1 X81.396 Y90.557 E.01278
G1 X77.342 Y90.557 E.1209
G1 X77.342 Y90.934 E.01126
G1 X81.654 Y90.934 E.12859
G1 X81.76 Y91.065 E.00501
G1 X82.034 Y91.312 E.01101
G1 X77.342 Y91.312 E.13993
G1 X77.342 Y91.689 E.01126
G1 X82.591 Y91.689 E.15654
G1 X82.759 Y91.786 E.00579
G1 X83.366 Y91.983 E.01902
G1 X84 Y92.05 E.01902
G1 X84.634 Y91.983 E.01902
G1 X85.241 Y91.786 E.01902
G1 X85.409 Y91.689 E.00579
G1 X134.591 Y91.689 E1.46678
G1 X134.207 Y91.467 E.01323
G1 X134.034 Y91.312 E.00694
G1 X85.976 Y91.312 E1.43324
G1 X86.065 Y91.24 E.00339
G1 X86.34 Y90.934 E.01228
G1 X133.654 Y90.934 E1.41105
G1 X133.515 Y90.762 E.0066
G1 X133.396 Y90.557 E.00708
G1 X86.604 Y90.557 E1.39549
G1 X86.806 Y90.179 E.01278
G1 X133.194 Y90.179 E1.38341
G1 X133.071 Y89.802 E.01184
G1 X86.929 Y89.802 E1.3761
G1 X86.983 Y89.634 E.00525
G1 X87.005 Y89.424 E.0063
G1 X132.995 Y89.424 E1.37154
G1 X132.955 Y89.046 E.01132
G1 X87.045 Y89.046 E1.36917
G1 X87.015 Y88.669 E.01129
G1 X132.985 Y88.669 E1.37096
G1 X133.017 Y88.366 E.00909
G1 X133.041 Y88.291 E.00234
G1 X86.959 Y88.291 E1.3743
G1 X86.836 Y87.914 E.01184
G1 X133.164 Y87.914 E1.38161
G1 X133.214 Y87.759 E.00484
G1 X133.343 Y87.536 E.00768
G1 X86.657 Y87.536 E1.39229
G1 X86.424 Y87.159 E.01324
G1 X133.579 Y87.159 E1.40631
G1 X133.76 Y86.935 E.00857
G1 X133.931 Y86.781 E.00687
G1 X86.084 Y86.781 E1.42695
G1 X86.041 Y86.733 E.00192
G1 X85.587 Y86.404 E.01673
G1 X134.77 Y86.404 E1.46678
G1 X135.026 Y86.905 F18000
G1 X135.06 Y86.888
G1 X135.286 Y86.801
G1 X135.519 Y86.739
G1 X135.758 Y86.701
G1 X136 Y86.688
G1 X136.242 Y86.701
G1 X136.481 Y86.739
G1 X136.714 Y86.801
G1 X136.94 Y86.888
G1 X137.156 Y86.998
G1 X137.359 Y87.13
G1 X139.882 Y88.924
;WIDTH:0.419999
G1 F6000
G1 X141.845 Y88.924 E.05846
G1 X141.845 Y88.547 E.01123
G1 X139.82 Y88.547 E.06031
G1 X139.872 Y88.865 E.0096
G1 X139.457 Y89.301 F18000
G1 F6000
G1 X142.222 Y89.301 E.08236
G1 X142.222 Y88.17 E.0337
G1 X139.378 Y88.17 E.08471
G1 X139.467 Y88.794 E.0188
G1 X139.458 Y89.241 E.0133
G1 X139.035 Y89.665 F18000
G1 F6000
G1 X142.599 Y89.678 E.10615
G1 X142.599 Y87.793 E.05616
G1 X138.859 Y87.793 E.1114
G1 X139.043 Y88.373 E.01815
G1 X139.107 Y89.02 E.01935
G1 X139.042 Y89.606 E.01756
G1 X136.99 Y91.689 F18000
;WIDTH:0.420461
G1 F6000
G1 X142.658 Y91.689 E.16902
G1 X142.658 Y91.312 E.01126
G1 X137.976 Y91.312 E.13961
G1 X138.065 Y91.24 E.00339
G1 X138.34 Y90.934 E.01228
G1 X142.658 Y90.934 E.12876
G1 X142.658 Y90.557 E.01126
G1 X138.604 Y90.557 E.1209
G1 X138.806 Y90.179 E.01278
G1 X142.827 Y90.179 E.11992
G1 X142.827 Y87.536 F18000
G1 F6000
G1 X138.657 Y87.536 E.12436
G1 X138.424 Y87.159 E.01324
G1 X142.658 Y87.159 E.12626
G1 X142.658 Y86.781 E.01126
G1 X138.084 Y86.781 E.1364
G1 X138.041 Y86.733 E.00192
G1 X137.587 Y86.404 E.01673
G1 X142.658 Y86.404 E.15122
G1 X142.658 Y86.026 E.01126
G1 X77.342 Y86.026 E1.9479
G1 X77.342 Y85.649 E.01126
G1 X142.658 Y85.649 E1.9479
G1 X142.658 Y85.271 E.01126
G1 X77.342 Y85.271 E1.9479
G1 X77.342 Y84.894 E.01126
G1 X142.658 Y84.894 E1.9479
G1 X142.658 Y84.516 E.01126
G1 X77.342 Y84.516 E1.9479
G1 X77.342 Y84.138 E.01126
G1 X142.658 Y84.138 E1.9479
G1 X142.658 Y83.761 E.01126
G1 X77.342 Y83.761 E1.9479
G1 X77.342 Y83.383 E.01126
G1 X142.658 Y83.383 E1.9479
G1 X142.658 Y83.006 E.01126
G1 X77.342 Y83.006 E1.9479
G1 X77.342 Y82.628 E.01126
G1 X142.658 Y82.628 E1.9479
G1 X142.658 Y82.251 E.01126
G1 X77.342 Y82.251 E1.9479
G1 X77.342 Y81.873 E.01126
G1 X142.658 Y81.873 E1.9479
G1 X142.658 Y81.496 E.01126
G1 X77.342 Y81.496 E1.9479
G1 X77.342 Y81.118 E.01126
G1 X142.658 Y81.118 E1.9479
G1 X142.658 Y80.741 E.01126
G1 X77.342 Y80.741 E1.9479
G1 X77.342 Y80.363 E.01126
G1 X142.658 Y80.363 E1.9479
G1 X142.658 Y79.985 E.01126
G1 X77.342 Y79.985 E1.9479
G1 X77.342 Y79.608 E.01126
G1 X142.658 Y79.608 E1.9479
G1 X142.658 Y79.23 E.01126
G1 X77.342 Y79.23 E1.9479
G1 X77.352 Y78.853 E.01126
G1 X142.648 Y78.853 E1.94733
G1 X142.567 Y78.475 E.01151
G1 X77.433 Y78.475 E1.94252
G1 X77.567 Y78.173 E.00988
G1 X77.622 Y78.098 E.00276
G1 X142.378 Y78.098 E1.93123
G1 X142.229 Y77.893 E.00755
G1 X142.038 Y77.72 E.0077
G1 X77.962 Y77.72 E1.91092
G1 X78.028 Y77.662 E.00262
G1 X78.327 Y77.489 E.01031
G1 X78.656 Y77.382 E.0103
G1 X79.041 Y77.343 E.01154
G1 X141.74 Y77.343 E1.86989
G1 X82.77 Y86.404 F18000
G1 F6000
G1 X77.342 Y86.404 E.16186
G1 X77.342 Y86.781 E.01126
G1 X81.931 Y86.781 E.13685
G1 X81.76 Y86.935 E.00687
G1 X81.579 Y87.159 E.00857
G1 X77.342 Y87.159 E.12635
G1 X77.342 Y87.536 E.01126
G1 X81.538 Y87.536 E.12514
G1 X80.969 Y89.678 F18000
;WIDTH:0.419999
G1 F6000
G1 X80.893 Y89.02 E.01974
G1 X80.957 Y88.373 E.01935
G1 X81.141 Y87.793 E.01815
G1 X77.401 Y87.793 E.1114
G1 X77.401 Y89.678 E.05616
G1 X80.909 Y89.678 E.10449
G1 X80.543 Y89.301 F18000
G1 F6000
G1 X80.533 Y88.794 E.01509
G1 X80.622 Y88.17 E.0188
G1 X77.778 Y88.17 E.08471
G1 X77.778 Y89.301 E.0337
G1 X80.483 Y89.301 E.08057
G1 X80.143 Y88.924 F18000
;WIDTH:0.42
G1 F6000
G1 X80.18 Y88.547 E.01129
G1 X78.155 Y88.547 E.06031
G1 X78.155 Y88.924 E.01123
G1 X80.083 Y88.924 E.05742
G1 X81.21 Y129.648 F18000
;WIDTH:0.419999
G1 F6000
G1 X77.401 Y129.648 E.11345
G1 X77.401 Y131.534 E.05616
G1 X80.947 Y131.534 E.10562
G1 X80.893 Y130.98 E.01656
G1 X80.965 Y130.335 E.01935
G1 X81.18 Y129.7 E.01995
G1 X80.669 Y130.025 F18000
G1 F6000
G1 X77.778 Y130.025 E.0861
G1 X77.778 Y131.157 E.0337
G1 X80.528 Y131.157 E.08191
G1 X80.549 Y130.65 E.0151
G1 X80.606 Y130.218 E.01298
G1 X80.65 Y130.082 E.00425
G1 X80.195 Y130.403 F18000
G1 F6000
G1 X78.155 Y130.403 E.06077
G1 X78.155 Y130.78 E.01123
G1 X80.156 Y130.78 E.05958
G1 X80.189 Y130.462 E.00951
; stop printing object top_plate.stl id:4653052573991952974 copy 0
M106 S102
;LAYER_CHANGE
;Z:0.84
;HEIGHT:0.2
G92 E0 ; zero the extruded length again
; BEFORE_LAYER_CHANGE 3 @ 0.84mm
G1 E-1.75 F6000
;WIPE_START
G1 X80.156 Y130.78 E-.23937
G1 X79.475 Y130.78 E-.51063
;WIPE_END
; AFTER_LAYER_CHANGE 3 @ 0.84mm
;_SET_FAN_SPEED_CHANGING_LAYER
; printing object top_plate.stl id:4653052573991952974 copy 0
G1 F18000
G1 X79.7457 Y131.233 Z0.868571
G1 X79.5601 Y131.727 Z0.897143
G1 X79.0579 Y131.89 Z0.925714
G1 X78.6173 Y131.599 Z0.954286
G1 X78.57 Y131.073 Z0.982857
G1 X78.9517 Y130.709 Z1.01143
G1 X79.4749 Y130.78 Z1.04
G1 X82.641 Y132.87 Z1.04
G1 X82.844 Y133.002
G1 X83.06 Y133.112
G1 X83.286 Y133.199
G1 X83.519 Y133.261
G1 X139.1 Y143.389
G1 X140.984 Y143.389
G1 X140.995 Y143.79
G1 Z.84
G1 E2.5 F6000
M204 P1000
;TYPE:Outer wall
;WIDTH:0.42
G1 F3600
G1 X79.005 Y143.79 E1.84644
G1 X78.708 Y143.774 E.00886
G1 X78.42 Y143.729 E.0087
G1 X78.138 Y143.653 E.0087
G1 X77.865 Y143.548 E.0087
G1 X77.605 Y143.416 E.0087
G1 X77.36 Y143.257 E.0087
G1 X77.133 Y143.073 E.0087
G1 X76.927 Y142.867 E.0087
G1 X76.743 Y142.64 E.0087
G1 X76.584 Y142.395 E.0087
G1 X76.452 Y142.135 E.0087
G1 X76.347 Y141.862 E.0087
G1 X76.271 Y141.58 E.0087
G1 X76.226 Y141.292 E.0087
G1 X76.21 Y140.995 E.00886
G1 X76.21 Y79.005 E1.84644
G1 X76.226 Y78.708 E.00886
G1 X76.271 Y78.42 E.0087
G1 X76.347 Y78.138 E.0087
G1 X76.452 Y77.865 E.0087
G1 X76.584 Y77.605 E.0087
G1 X76.743 Y77.36 E.0087
G1 X76.927 Y77.133 E.0087
G1 X77.133 Y76.927 E.0087
G1 X77.36 Y76.743 E.0087
G1 X77.605 Y76.584 E.0087
G1 X77.865 Y76.452 E.0087
G1 X78.138 Y76.347 E.0087
G1 X78.42 Y76.271 E.0087
G1 X78.708 Y76.226 E.0087
G1 X79.005 Y76.21 E.00886
G1 X140.995 Y76.21 E1.84644
G1 X141.292 Y76.226 E.00886
G1 X141.58 Y76.271 E.0087
G1 X141.862 Y76.347 E.0087
G1 X142.135 Y76.452 E.0087
G1 X142.395 Y76.584 E.0087
G1 X142.64 Y76.743 E.0087
G1 X142.867 Y76.927 E.0087
G1 X143.073 Y77.133 E.0087
G1 X143.257 Y77.36 E.0087
G1 X143.416 Y77.605 E.0087
G1 X143.548 Y77.865 E.0087
G1 X143.653 Y78.138 E.0087
G1 X143.729 Y78.42 E.0087
G1 X143.774 Y78.708 E.0087
G1 X143.79 Y79.005 E.00886
G1 X143.79 Y140.995 E1.84644
G1 X143.774 Y141.292 E.00886
G1 X143.729 Y141.58 E.0087
G1 X143.653 Y141.862 E.0087
G1 X143.548 Y142.135 E.0087
G1 X143.416 Y142.395 E.0087
G1 X143.257 Y142.64 E.0087
G1 X143.073 Y142.867 E.0087
G1 X142.867 Y143.073 E.0087
G1 X142.64 Y143.257 E.0087
G1 X142.395 Y143.416 E.0087
G1 X142.135 Y143.548 E.0087
G1 X141.862 Y143.653 E.0087
G1 X141.58 Y143.729 E.0087
G1 X141.292 Y143.774 E.0087
G1 X141.054 Y143.787 E.00707
G1 X141.034 Y143.387 F18000
G1 X140.984 Y143.389
G1 X140.984 Y143.389
G1 X140.984 Y143.398
M204 P1500
;TYPE:Inner wall
;WIDTH:0.45
G1 F6000
G1 X79.016 Y143.398 E1.99268
G1 X78.749 Y143.384 E.00857
G1 X78.502 Y143.345 E.00807
G1 X78.259 Y143.28 E.00807
G1 X78.025 Y143.19 E.00807
G1 X77.801 Y143.076 E.00807
G1 X77.591 Y142.939 E.00806
G1 X77.396 Y142.781 E.00807
G1 X77.219 Y142.604 E.00807
G1 X77.061 Y142.409 E.00807
G1 X76.924 Y142.199 E.00806
G1 X76.81 Y141.975 E.00807
G1 X76.72 Y141.741 E.00807
G1 X76.655 Y141.498 E.00807
G1 X76.616 Y141.251 E.00807
G1 X76.602 Y140.984 E.00857
G1 X76.602 Y79.016 E1.99268
G1 X76.616 Y78.749 E.00857
G1 X76.655 Y78.502 E.00807
G1 X76.72 Y78.259 E.00807
G1 X76.81 Y78.025 E.00807
G1 X76.924 Y77.801 E.00807
G1 X77.061 Y77.591 E.00806
G1 X77.219 Y77.396 E.00807
G1 X77.396 Y77.219 E.00807
G1 X77.591 Y77.061 E.00807
G1 X77.801 Y76.924 E.00806
G1 X78.025 Y76.81 E.00807
G1 X78.259 Y76.72 E.00807
G1 X78.502 Y76.655 E.00807
G1 X78.749 Y76.616 E.00807
G1 X79.016 Y76.602 E.00857
G1 X140.984 Y76.602 E1.99268
G1 X141.251 Y76.616 E.00857
G1 X141.498 Y76.655 E.00807
G1 X141.741 Y76.72 E.00807
G1 X141.975 Y76.81 E.00807
G1 X142.199 Y76.924 E.00807
G1 X142.409 Y77.061 E.00806
G1 X142.604 Y77.219 E.00807
G1 X142.781 Y77.396 E.00807
G1 X142.939 Y77.591 E.00807
G1 X143.076 Y77.801 E.00806
G1 X143.19 Y78.025 E.00807
G1 X143.28 Y78.259 E.00807
G1 X143.345 Y78.502 E.00807
G1 X143.384 Y78.749 E.00807
G1 X143.398 Y79.016 E.00857
G1 X143.398 Y140.984 E1.99268
G1 X143.384 Y141.251 E.00857
G1 X143.345 Y141.498 E.00807
G1 X143.28 Y141.741 E.00807
G1 X143.19 Y141.975 E.00807
G1 X143.076 Y142.199 E.00807
G1 X142.939 Y142.409 E.00806
G1 X142.781 Y142.604 E.00807
G1 X142.604 Y142.781 E.00807
G1 X142.409 Y142.939 E.00807
G1 X142.199 Y143.076 E.00806
G1 X141.975 Y143.19 E.00807
G1 X141.741 Y143.28 E.00807
G1 X141.498 Y143.345 E.00807
G1 X141.251 Y143.384 E.00807
G1 X141.044 Y143.395 E.00664
G1 X140.974 Y142.991 F18000
G1 F6000
G1 X79.026 Y142.991 E1.992
G1 X78.792 Y142.979 E.00754
G1 X78.385 Y142.892 E.01338
G1 X78.005 Y142.723 E.01338
G1 X77.669 Y142.479 E.01337
G1 X77.39 Y142.169 E.01338
G1 X77.183 Y141.809 E.01337
G1 X77.054 Y141.414 E.01337
G1 X77.009 Y140.974 E.01422
G1 X77.009 Y79.026 E1.992
G1 X77.021 Y78.792 E.00754
G1 X77.108 Y78.385 E.01338
G1 X77.277 Y78.005 E.01338
G1 X77.521 Y77.669 E.01337
G1 X77.831 Y77.39 E.01338
G1 X78.191 Y77.183 E.01337
G1 X78.586 Y77.054 E.01337
G1 X79.026 Y77.009 E.01422
G1 X140.974 Y77.009 E1.992
G1 X141.208 Y77.021 E.00754
G1 X141.615 Y77.108 E.01338
G1 X141.995 Y77.277 E.01338
G1 X142.169 Y77.39 E.00669
G1 X142.479 Y77.669 E.01338
G1 X142.723 Y78.005 E.01337
G1 X142.892 Y78.385 E.01338
G1 X142.979 Y78.792 E.01338
G1 X142.991 Y79.026 E.00754
G1 X142.991 Y140.974 E1.992
G1 X142.979 Y141.208 E.00754
G1 X142.892 Y141.615 E.01338
G1 X142.723 Y141.995 E.01338
G1 X142.479 Y142.331 E.01337
G1 X142.169 Y142.61 E.01338
G1 X141.809 Y142.817 E.01337
G1 X141.414 Y142.946 E.01337
G1 X141.033 Y142.985 E.01229
G1 E-1.75
;WIPE_START
G1 X140.033 Y142.985 E-.75
;WIPE_END
G1 X140.033 Y143.389 Z1.04 F18000
G1 X136.056 Y91.309
G1 X136.035 Y90.908
G1 Z.84
G1 E2.5 F6000
M204 P1000
;TYPE:Outer wall
;WIDTH:0.42
G1 F3600
G1 X136.397 Y90.869 E.01085
G1 X136.777 Y90.746 E.0119
G1 X137.119 Y90.549 E.01174
G1 X137.283 Y90.416 E.00628
G1 X137.546 Y90.123 E.01173
G1 X137.746 Y89.777 E.0119
G1 X137.869 Y89.397 E.0119
G1 X137.911 Y89 E.0119
G1 X137.869 Y88.603 E.0119
G1 X137.746 Y88.223 E.0119
G1 X137.546 Y87.877 E.0119
G1 X137.279 Y87.58 E.0119
G1 X136.956 Y87.345 E.0119
G1 X136.591 Y87.182 E.0119
G1 X136.203 Y87.1 E.01181
G1 X135.936 Y87.092 E.00794
G1 X135.602 Y87.131 E.01003
G1 X135.223 Y87.254 E.01187
G1 X134.877 Y87.454 E.0119
G1 X134.584 Y87.717 E.01173
G1 X134.451 Y87.881 E.00628
G1 X134.254 Y88.223 E.01174
G1 X134.131 Y88.603 E.0119
G1 X134.089 Y89 E.0119
G1 X134.131 Y89.397 E.0119
G1 X134.254 Y89.777 E.0119
G1 X134.451 Y90.119 E.01174
G1 X134.584 Y90.283 E.00628
G1 X134.877 Y90.546 E.01173
G1 X135.223 Y90.746 E.0119
G1 X135.603 Y90.869 E.0119
G1 X135.975 Y90.909 E.01116
G1 X135.954 Y91.309 F18000
G1 X136 Y91.312
G1 X136.034 Y91.31
G1 X136.034 Y91.302
M204 P1500
;TYPE:Inner wall
;WIDTH:0.45
G1 F6000
G1 X136.479 Y91.255 E.01441
G1 X136.938 Y91.106 E.0155
G1 X137.342 Y90.873 E.01499
G1 X137.553 Y90.701 E.00877
G1 X137.865 Y90.355 E.01498
G1 X138.106 Y89.938 E.0155
G1 X138.255 Y89.479 E.0155
G1 X138.306 Y89 E.0155
G1 X138.255 Y88.521 E.0155
G1 X138.106 Y88.062 E.0155
G1 X137.865 Y87.645 E.0155
G1 X137.543 Y87.287 E.0155
G1 X137.153 Y87.003 E.0155
G1 X136.712 Y86.807 E.0155
G1 X136.249 Y86.709 E.01523
G1 X135.919 Y86.7 E.01062
G1 X135.518 Y86.746 E.01299
G1 X135.062 Y86.894 E.01541
G1 X134.645 Y87.135 E.0155
G1 X134.299 Y87.447 E.01498
G1 X134.127 Y87.658 E.00877
G1 X133.894 Y88.062 E.01499
G1 X133.745 Y88.521 E.0155
G1 X133.694 Y89 E.0155
G1 X133.745 Y89.479 E.0155
G1 X133.894 Y89.938 E.0155
G1 X134.127 Y90.342 E.01499
G1 X134.299 Y90.553 E.00877
G1 X134.645 Y90.865 E.01498
G1 X135.062 Y91.106 E.0155
G1 X135.521 Y91.255 E.0155
G1 X135.974 Y91.303 E.01466
G1 X136.07 Y91.708 F18000
G1 F6000
G1 X136.564 Y91.655 E.01599
G1 X137.104 Y91.48 E.01825
G1 X137.573 Y91.21 E.0174
G1 X137.834 Y90.998 E.01083
G1 X138.196 Y90.596 E.01739
G1 X138.48 Y90.104 E.01826
G1 X138.655 Y89.564 E.01825
G1 X138.715 Y89 E.01825
G1 X138.655 Y88.436 E.01825
G1 X138.48 Y87.896 E.01825
G1 X138.196 Y87.404 E.01826
G1 X137.817 Y86.982 E.01825
G1 X137.357 Y86.649 E.01825
G1 X136.839 Y86.418 E.01826
G1 X136.298 Y86.303 E.0178
G1 X135.902 Y86.292 E.01274
G1 X135.431 Y86.346 E.01523
G1 X134.896 Y86.52 E.01809
G1 X134.404 Y86.804 E.01826
G1 X134.002 Y87.166 E.01739
G1 X133.79 Y87.427 E.01083
G1 X133.52 Y87.896 E.0174
G1 X133.345 Y88.436 E.01825
G1 X133.285 Y89 E.01825
G1 X133.345 Y89.564 E.01825
G1 X133.52 Y90.104 E.01825
G1 X133.79 Y90.573 E.0174
G1 X134.002 Y90.834 E.01083
G1 X134.404 Y91.196 E.01739
G1 X134.896 Y91.48 E.01826
G1 X135.436 Y91.655 E.01825
G1 X136 Y91.715 E.01825
G1 X136.01 Y91.714 E.00033
G1 E-1.75
;WIPE_START
G1 X136.564 Y91.655 E-.41793
G1 X136.986 Y91.519 E-.33207
;WIPE_END
G1 X136.844 Y91.149 Z1.04 F18000
G1 X138.312 Y131
G1 X138.299 Y131.242
G1 X138.261 Y131.481
G1 X138.199 Y131.714
G1 X138.112 Y131.94
G1 X138.002 Y132.156
G1 X137.87 Y132.359
G1 X137.718 Y132.547
G1 X137.547 Y132.718
G1 X137.359 Y132.87
G1 X137.156 Y133.002
G1 X136.94 Y133.112
G1 X136.714 Y133.199
G1 X136.481 Y133.261
G1 X136.242 Y133.299
G1 X136.111 Y133.306
G1 X136.09 Y132.902
G1 Z.84
G1 E2.5 F6000
M204 P1000
;TYPE:Outer wall
;WIDTH:0.42
G1 F3600
G1 X136.397 Y132.869 E.0092
G1 X136.777 Y132.746 E.0119
G1 X137.119 Y132.549 E.01174
G1 X137.283 Y132.416 E.00628
G1 X137.546 Y132.123 E.01173
G1 X137.746 Y131.777 E.0119
G1 X137.869 Y131.397 E.0119
G1 X137.911 Y131 E.0119
G1 X137.869 Y130.603 E.0119
G1 X137.746 Y130.223 E.0119
G1 X137.546 Y129.877 E.0119
G1 X137.279 Y129.58 E.0119
G1 X136.956 Y129.345 E.0119
G1 X136.591 Y129.182 E.0119
G1 X136.203 Y129.1 E.01181
G1 X135.936 Y129.092 E.00794
G1 X135.602 Y129.131 E.01003
G1 X135.223 Y129.254 E.01187
G1 X134.877 Y129.454 E.0119
G1 X134.584 Y129.717 E.01173
G1 X134.451 Y129.881 E.00628
G1 X134.254 Y130.223 E.01174
G1 X134.131 Y130.603 E.0119
G1 X134.089 Y131 E.0119
G1 X134.131 Y131.397 E.0119
G1 X134.254 Y131.777 E.0119
G1 X134.451 Y132.119 E.01174
G1 X134.584 Y132.283 E.00628
G1 X134.877 Y132.546 E.01173
G1 X135.223 Y132.746 E.0119
G1 X135.603 Y132.869 E.0119
G1 X136 Y132.911 E.0119
G1 X136.03 Y132.908 E.00091
G1 X136.052 Y133.309 F18000
G1 X136.034 Y133.31
G1 X136.034 Y133.302
M204 P1500
;TYPE:Inner wall
;WIDTH:0.45
G1 F6000
G1 X136.479 Y133.255 E.01441
G1 X136.938 Y133.106 E.0155
G1 X137.342 Y132.873 E.01499
G1 X137.553 Y132.701 E.00877
G1 X137.865 Y132.355 E.01498
G1 X138.106 Y131.938 E.0155
G1 X138.255 Y131.479 E.0155
G1 X138.306 Y131 E.0155
G1 X138.255 Y130.521 E.0155
G1 X138.106 Y130.062 E.0155
G1 X137.865 Y129.645 E.0155
G1 X137.543 Y129.287 E.0155
G1 X137.153 Y129.003 E.0155
G1 X136.712 Y128.807 E.0155
G1 X136.249 Y128.709 E.01523
G1 X135.919 Y128.7 E.01062
G1 X135.518 Y128.746 E.01299
G1 X135.062 Y128.894 E.01541
G1 X134.645 Y129.135 E.0155
G1 X134.299 Y129.447 E.01498
G1 X134.127 Y129.658 E.00877
G1 X133.894 Y130.062 E.01499
G1 X133.745 Y130.521 E.0155
G1 X133.694 Y131 E.0155
G1 X133.745 Y131.479 E.0155
G1 X133.894 Y131.938 E.0155
G1 X134.127 Y132.342 E.01499
G1 X134.299 Y132.553 E.00877
G1 X134.645 Y132.865 E.01498
G1 X135.062 Y133.106 E.0155
G1 X135.521 Y133.255 E.0155
G1 X135.974 Y133.303 E.01466
G1 X135.93 Y133.708 F18000
G1 F6000
G1 X136 Y133.715 E.00226
G1 X136.564 Y133.655 E.01825
G1 X137.104 Y133.48 E.01825
G1 X137.573 Y133.21 E.0174
G1 X137.834 Y132.998 E.01083
G1 X138.196 Y132.596 E.01739
G1 X138.48 Y132.104 E.01826
G1 X138.655 Y131.564 E.01825
G1 X138.715 Y131 E.01825
G1 X138.655 Y130.436 E.01825
G1 X138.48 Y129.896 E.01825
G1 X138.196 Y129.404 E.01826
G1 X137.817 Y128.982 E.01825
G1 X137.357 Y128.649 E.01825
G1 X136.839 Y128.418 E.01826
G1 X136.298 Y128.303 E.0178
G1 X135.902 Y128.292 E.01274
G1 X135.431 Y128.346 E.01523
G1 X134.896 Y128.52 E.01809
G1 X134.404 Y128.804 E.01826
G1 X134.002 Y129.166 E.01739
G1 X133.79 Y129.427 E.01083
G1 X133.52 Y129.896 E.0174
G1 X133.345 Y130.436 E.01825
G1 X133.285 Y131 E.01825
G1 X133.345 Y131.564 E.01825
G1 X133.52 Y132.104 E.01825
G1 X133.79 Y132.573 E.0174
G1 X134.002 Y132.834 E.01083
G1 X134.404 Y133.196 E.01739
G1 X134.896 Y133.48 E.01826
G1 X135.436 Y133.655 E.01825
G1 X135.87 Y133.701 E.01406
G1 E-1.75
;WIPE_START
G1 X136 Y133.715 E-.09774
G1 X136.564 Y133.655 E-.42567
G1 X136.852 Y133.562 E-.22659
;WIPE_END
G1 X136.714 Y133.199 Z1.04 F18000
G1 X85.277 Y132.923
G1 X85.156 Y133.002
G1 X84.94 Y133.112
G1 X84.714 Y133.199
G1 X84.481 Y133.261
G1 X84.242 Y133.299
G1 X84.056 Y133.309
G1 X84.035 Y132.908
G1 Z.84
G1 E2.5 F6000
M204 P1000
;TYPE:Outer wall
;WIDTH:0.42
G1 F3600
G1 X84.397 Y132.869 E.01085
G1 X84.777 Y132.746 E.0119
G1 X85.119 Y132.549 E.01174
G1 X85.283 Y132.416 E.00628
G1 X85.546 Y132.123 E.01173
G1 X85.746 Y131.777 E.0119
G1 X85.869 Y131.397 E.0119
G1 X85.911 Y131 E.0119
G1 X85.869 Y130.603 E.0119
G1 X85.746 Y130.223 E.0119
G1 X85.546 Y129.877 E.0119
G1 X85.279 Y129.58 E.0119
G1 X84.956 Y129.345 E.0119
G1 X84.591 Y129.182 E.0119
G1 X84.203 Y129.1 E.01181
G1 X83.936 Y129.092 E.00794
G1 X83.602 Y129.131 E.01003
G1 X83.223 Y129.254 E.01187
G1 X82.877 Y129.454 E.0119
G1 X82.584 Y129.717 E.01173
G1 X82.451 Y129.881 E.00628
G1 X82.254 Y130.223 E.01174
G1 X82.131 Y130.603 E.0119
G1 X82.089 Y131 E.0119
G1 X82.131 Y131.397 E.0119
G1 X82.254 Y131.777 E.0119
G1 X82.451 Y132.119 E.01174
G1 X82.584 Y132.283 E.00628
G1 X82.877 Y132.546 E.01173
G1 X83.223 Y132.746 E.0119
G1 X83.603 Y132.869 E.0119
G1 X83.975 Y132.909 E.01116
G1 X83.954 Y133.309 F18000
G1 X83.966 Y133.31
G1 X83.966 Y133.302
M204 P1500
;TYPE:Inner wall
;WIDTH:0.45
G1 F6000
G1 X84 Y133.306 E.00109
G1 X84.479 Y133.255 E.0155
G1 X84.938 Y133.106 E.0155
G1 X85.342 Y132.873 E.01499
G1 X85.553 Y132.701 E.00877
G1 X85.865 Y132.355 E.01498
G1 X86.106 Y131.938 E.0155
G1 X86.255 Y131.479 E.0155
G1 X86.306 Y131 E.0155
G1 X86.255 Y130.521 E.0155
G1 X86.106 Y130.062 E.0155
G1 X85.865 Y129.645 E.0155
G1 X85.543 Y129.287 E.0155
G1 X85.153 Y129.003 E.0155
G1 X84.712 Y128.807 E.0155
G1 X84.249 Y128.709 E.01523
G1 X83.919 Y128.7 E.01062
G1 X83.518 Y128.746 E.01299
G1 X83.062 Y128.894 E.01541
G1 X82.645 Y129.135 E.0155
G1 X82.299 Y129.447 E.01498
G1 X82.127 Y129.658 E.00877
G1 X81.894 Y130.062 E.01499
G1 X81.745 Y130.521 E.0155
G1 X81.694 Y131 E.0155
G1 X81.745 Y131.479 E.0155
G1 X81.894 Y131.938 E.0155
G1 X82.127 Y132.342 E.01499
G1 X82.299 Y132.553 E.00877
G1 X82.645 Y132.865 E.01498
G1 X83.062 Y133.106 E.0155
G1 X83.521 Y133.255 E.0155
G1 X83.907 Y133.296 E.01248
G1 X83.93 Y133.708 F18000
G1 F6000
G1 X84 Y133.715 E.00226
G1 X84.564 Y133.655 E.01825
G1 X85.104 Y133.48 E.01825
G1 X85.573 Y133.21 E.0174
G1 X85.834 Y132.998 E.01083
G1 X86.196 Y132.596 E.01739
G1 X86.48 Y132.104 E.01826
G1 X86.655 Y131.564 E.01825
G1 X86.715 Y131 E.01825
G1 X86.655 Y130.436 E.01825
G1 X86.48 Y129.896 E.01825
G1 X86.196 Y129.404 E.01826
G1 X85.817 Y128.982 E.01825
G1 X85.357 Y128.649 E.01825
G1 X84.839 Y128.418 E.01826
G1 X84.298 Y128.303 E.0178
G1 X83.902 Y128.292 E.01274
G1 X83.431 Y128.346 E.01523
G1 X82.896 Y128.52 E.01809
G1 X82.404 Y128.804 E.01826
G1 X82.002 Y129.166 E.01739
G1 X81.79 Y129.427 E.01083
G1 X81.52 Y129.896 E.0174
G1 X81.345 Y130.436 E.01825
G1 X81.285 Y131 E.01825
G1 X81.345 Y131.564 E.01825
G1 X81.52 Y132.104 E.01825
G1 X81.79 Y132.573 E.0174
G1 X82.002 Y132.834 E.01083
G1 X82.404 Y133.196 E.01739
G1 X82.896 Y133.48 E.01826
G1 X83.436 Y133.655 E.01825
G1 X83.87 Y133.701 E.01406
G1 E-1.75
;WIPE_START
G1 X84 Y133.715 E-.09773
G1 X84.564 Y133.655 E-.42566
G1 X84.852 Y133.562 E-.2266
;WIPE_END
G1 X84.714 Y133.199 Z1.04 F18000
G1 X84.94 Y133.112
G1 X85.156 Y133.002
G1 X85.359 Y132.87
G1 X85.547 Y132.718
G1 X85.718 Y132.547
G1 X85.87 Y132.359
G1 X86.002 Y132.156
G1 X86.112 Y131.94
G1 X86.199 Y131.714
G1 X86.261 Y131.481
G1 X86.299 Y131.242
G1 X86.312 Y131
G1 X86.299 Y130.758
G1 X86.261 Y130.519
G1 X86.199 Y130.286
G1 X86.112 Y130.06
G1 X86.002 Y129.844
G1 X85.87 Y129.641
G1 X85.718 Y129.453
G1 X85.547 Y129.282
G1 X85.359 Y129.13
G1 X85.156 Y128.998
G1 X84.94 Y128.888
G1 X84.761 Y128.819
G1 X84.056 Y91.309
G1 X84.035 Y90.908
G1 Z.84
G1 E2.5 F6000
M204 P1000
;TYPE:Outer wall
;WIDTH:0.42
G1 F3600
G1 X84.397 Y90.869 E.01085
G1 X84.777 Y90.746 E.0119
G1 X85.119 Y90.549 E.01174
G1 X85.283 Y90.416 E.00628
G1 X85.546 Y90.123 E.01173
G1 X85.746 Y89.777 E.0119
G1 X85.869 Y89.397 E.0119
G1 X85.911 Y89 E.0119
G1 X85.869 Y88.603 E.0119
G1 X85.746 Y88.223 E.0119
G1 X85.546 Y87.877 E.0119
G1 X85.279 Y87.58 E.0119
G1 X84.956 Y87.345 E.0119
G1 X84.591 Y87.182 E.0119
G1 X84.203 Y87.1 E.01181
G1 X83.936 Y87.092 E.00794
G1 X83.602 Y87.131 E.01003
G1 X83.223 Y87.254 E.01187
G1 X82.877 Y87.454 E.0119
G1 X82.584 Y87.717 E.01173
G1 X82.451 Y87.881 E.00628
G1 X82.254 Y88.223 E.01174
G1 X82.131 Y88.603 E.0119
G1 X82.089 Y89 E.0119
G1 X82.131 Y89.397 E.0119
G1 X82.254 Y89.777 E.0119
G1 X82.451 Y90.119 E.01174
G1 X82.584 Y90.283 E.00628
G1 X82.877 Y90.546 E.01173
G1 X83.223 Y90.746 E.0119
G1 X83.603 Y90.869 E.0119
G1 X83.975 Y90.909 E.01116
G1 X83.954 Y91.309 F18000
G1 X83.966 Y91.31
G1 X83.966 Y91.302
M204 P1500
;TYPE:Inner wall
;WIDTH:0.45
G1 F6000
G1 X84 Y91.306 E.00109
G1 X84.479 Y91.255 E.0155
G1 X84.938 Y91.106 E.0155
G1 X85.342 Y90.873 E.01499
G1 X85.553 Y90.701 E.00877
G1 X85.865 Y90.355 E.01498
G1 X86.106 Y89.938 E.0155
G1 X86.255 Y89.479 E.0155
G1 X86.306 Y89 E.0155
G1 X86.255 Y88.521 E.0155
G1 X86.106 Y88.062 E.0155
G1 X85.865 Y87.645 E.0155
G1 X85.543 Y87.287 E.0155
G1 X85.153 Y87.003 E.0155
G1 X84.712 Y86.807 E.0155
G1 X84.249 Y86.709 E.01523
G1 X83.919 Y86.7 E.01062
G1 X83.518 Y86.746 E.01299
G1 X83.062 Y86.894 E.01541
G1 X82.645 Y87.135 E.0155
G1 X82.299 Y87.447 E.01498
G1 X82.127 Y87.658 E.00877
G1 X81.894 Y88.062 E.01499
G1 X81.745 Y88.521 E.0155
G1 X81.694 Y89 E.0155
G1 X81.745 Y89.479 E.0155
G1 X81.894 Y89.938 E.0155
G1 X82.127 Y90.342 E.01499
G1 X82.299 Y90.553 E.00877
G1 X82.645 Y90.865 E.01498
G1 X83.062 Y91.106 E.0155
G1 X83.521 Y91.255 E.0155
G1 X83.907 Y91.296 E.01248
G1 X83.93 Y91.708 F18000
G1 F6000
G1 X84 Y91.715 E.00226
G1 X84.564 Y91.655 E.01825
G1 X85.104 Y91.48 E.01825
G1 X85.573 Y91.21 E.0174
G1 X85.834 Y90.998 E.01083
G1 X86.196 Y90.596 E.01739
G1 X86.48 Y90.104 E.01826
G1 X86.655 Y89.564 E.01825
G1 X86.715 Y89 E.01825
G1 X86.655 Y88.436 E.01825
G1 X86.48 Y87.896 E.01825
G1 X86.196 Y87.404 E.01826
G1 X85.817 Y86.982 E.01825
G1 X85.357 Y86.649 E.01825
G1 X84.839 Y86.418 E.01826
G1 X84.298 Y86.303 E.0178
G1 X83.902 Y86.292 E.01274
G1 X83.431 Y86.346 E.01523
G1 X82.896 Y86.52 E.01809
G1 X82.404 Y86.804 E.01826
G1 X82.002 Y87.166 E.01739
G1 X81.79 Y87.427 E.01083
G1 X81.52 Y87.896 E.0174
G1 X81.345 Y88.436 E.01825
G1 X81.285 Y89 E.01825
G1 X81.345 Y89.564 E.01825
G1 X81.52 Y90.104 E.01825
G1 X81.79 Y90.573 E.0174
G1 X82.002 Y90.834 E.01083
G1 X82.404 Y91.196 E.01739
G1 X82.896 Y91.48 E.01826
G1 X83.436 Y91.655 E.01825
G1 X83.87 Y91.701 E.01406
G1 E-1.75
;WIPE_START
G1 X84 Y91.715 E-.09773
G1 X84.564 Y91.655 E-.42567
G1 X84.852 Y91.562 E-.2266
;WIPE_END
G1 X84.714 Y91.199 Z1.04 F18000
G1 X103.689 Y116.311
G1 X116.311 Y116.311
G1 X116.311 Y115.91
G1 X115.91 Y115.91
G1 Z.84
G1 E2.5 F6000
M204 P1000
;TYPE:Outer wall
;WIDTH:0.42
G1 F3600
G1 X115.91 Y104.09 E.35208
G1 X104.09 Y104.09 E.35208
G1 X104.09 Y115.91 E.35208
G1 X115.85 Y115.91 E.35029
G1 X115.85 Y116.311 F18000
G1 X116.311 Y116.311
G1 X116.311 Y116.302
G1 X116.302 Y116.302
M204 P1500
;TYPE:Inner wall
;WIDTH:0.45
G1 F6000
G1 X116.302 Y103.698 E.4053
G1 X103.698 Y103.698 E.4053
G1 X103.698 Y116.302 E.4053
G1 X116.242 Y116.302 E.40337
G1 X116.709 Y116.709 F18000
G1 F6000
G1 X116.709 Y103.291 E.43148
G1 X103.291 Y103.291 E.43148
G1 X103.291 Y116.709 E.43148
G1 X116.649 Y116.709 E.42955
G1 X133.219 Y130.293 F18000
M204 P2000
;TYPE:Internal solid infill
;WIDTH:0.420461
G1 F6000
G1 X133.219 Y90.249 E1.19423
G1 X133.515 Y90.762 E.01766
G1 X133.596 Y90.863 E.00385
G1 X133.596 Y129.137 E1.14147
G1 X133.76 Y128.935 E.00775
G1 X133.974 Y128.743 E.00859
G1 X133.974 Y91.257 E1.11793
G1 X134.207 Y91.467 E.00936
G1 X134.351 Y91.551 E.00497
G1 X134.351 Y128.449 E1.10043
G1 X134.729 Y128.231 E.013
G1 X134.729 Y91.769 E1.08743
G1 X135.106 Y91.899 E.01191
G1 X135.106 Y128.101 E1.07965
G1 X135.36 Y128.019 E.00794
G1 X135.484 Y128.004 E.00373
G1 X135.484 Y91.996 E1.07389
G1 X135.862 Y92.035 E.01132
G1 X135.862 Y127.961 E1.07141
G1 X136.239 Y127.968 E.01126
G1 X136.239 Y92.025 E1.07193
G1 X136.617 Y91.985 E.01132
G1 X136.617 Y128.03 E1.07497
G1 X136.994 Y128.122 E.01159
G1 X136.994 Y91.866 E1.08126
G1 X137.241 Y91.786 E.00772
G1 X137.372 Y91.711 E.00452
G1 X137.372 Y128.29 E1.09092
G1 X137.525 Y128.359 E.00501
G1 X137.749 Y128.522 E.00827
G1 X137.749 Y91.493 E1.10432
G1 X138.065 Y91.24 E.01205
G1 X138.127 Y91.171 E.00277
G1 X138.127 Y128.829 E1.12307
G1 X138.467 Y129.207 E.01518
G1 X138.504 Y129.271 E.00221
G1 X138.504 Y90.729 E1.14945
G1 X138.613 Y90.54 E.0065
G1 X138.882 Y90.54 E.00801
G1 X138.882 Y130.054 E1.17841
G1 X138.908 Y130.133 E.0025
G1 X139.259 Y130.133 E.01049
G1 X139.259 Y90.54 E1.18079
G1 X139.637 Y90.54 E.01126
G1 X139.637 Y130.133 E1.18079
G1 X140.015 Y130.133 E.01126
G1 X140.015 Y90.54 E1.18079
G1 X140.392 Y90.54 E.01126
G1 X140.392 Y130.133 E1.18079
G1 X140.77 Y130.133 E.01126
G1 X140.77 Y90.54 E1.18079
G1 X141.147 Y90.54 E.01126
G1 X141.147 Y130.133 E1.18079
G1 X141.525 Y130.133 E.01126
G1 X141.525 Y90.54 E1.18079
G1 X141.902 Y90.54 E.01126
G1 X141.902 Y130.133 E1.18079
G1 X142.28 Y130.133 E.01126
G1 X142.28 Y90.54 E1.18079
G1 X142.657 Y90.54 E.01126
G1 X142.657 Y130.303 E1.18585
G1 X139.031 Y130.322 F18000
;WIDTH:0.419999
G1 F6000
G1 X139.107 Y130.98 E.01974
G1 X139.043 Y131.627 E.01935
G1 X138.859 Y132.207 E.01815
G1 X142.599 Y132.207 E.1114
G1 X142.599 Y130.322 E.05616
G1 X139.091 Y130.322 E.10449
G1 X139.457 Y130.699 F18000
G1 F6000
G1 X139.467 Y131.206 E.01509
G1 X139.378 Y131.83 E.0188
G1 X142.222 Y131.83 E.08471
G1 X142.222 Y130.699 E.0337
G1 X139.517 Y130.699 E.08057
G1 X139.857 Y131.076 F18000
;WIDTH:0.42
G1 F6000
G1 X139.82 Y131.453 E.01129
G1 X141.845 Y131.453 E.06031
G1 X141.845 Y131.076 E.01123
G1 X139.917 Y131.076 E.05742
G1 X142.657 Y141.74 F18000
;WIDTH:0.420461
G1 F6000
G1 X142.657 Y132.396 E.27867
G1 X142.28 Y132.396 E.01126
G1 X142.28 Y142.038 E.28755
G1 X142.229 Y142.107 E.00255
G1 X141.972 Y142.338 E.01032
G1 X141.902 Y142.379 E.00242
G1 X141.902 Y132.396 E.29772
G1 X141.525 Y132.396 E.01126
G1 X141.525 Y142.559 E.30311
G1 X141.344 Y142.618 E.00565
G1 X141.147 Y142.638 E.00592
G1 X141.147 Y132.396 E.30545
G1 X140.77 Y132.396 E.01126
G1 X140.77 Y142.658 E.30603
G1 X140.392 Y142.658 E.01126
G1 X140.392 Y132.396 E.30603
G1 X140.015 Y132.396 E.01126
G1 X140.015 Y142.658 E.30603
G1 X139.637 Y142.658 E.01126
G1 X139.637 Y132.396 E.30603
G1 X139.259 Y132.396 E.01126
G1 X139.259 Y142.658 E.30603
G1 X138.882 Y142.658 E.01126
G1 X138.882 Y132.396 E.30603
G1 X138.697 Y132.396 E.00553
G1 X138.504 Y132.729 E.01146
G1 X138.504 Y142.658 E.29611
G1 X138.127 Y142.658 E.01126
G1 X138.127 Y133.171 E.28292
G1 X138.065 Y133.24 E.00277
G1 X137.749 Y133.493 E.01205
G1 X137.749 Y142.658 E.27333
G1 X137.372 Y142.658 E.01126
G1 X137.372 Y133.711 E.26683
G1 X137.241 Y133.786 E.00452
G1 X136.994 Y133.866 E.00772
G1 X136.994 Y142.658 E.26218
G1 X136.617 Y142.658 E.01126
G1 X136.617 Y133.985 E.25864
G1 X136.239 Y134.025 E.01132
G1 X136.239 Y142.658 E.25746
G1 X135.862 Y142.658 E.01126
G1 X135.862 Y134.035 E.25714
G1 X135.484 Y133.996 E.01132
G1 X135.484 Y142.658 E.25832
G1 X135.106 Y142.658 E.01126
G1 X135.106 Y133.899 E.26121
G1 X134.729 Y133.769 E.01191
G1 X134.729 Y142.658 E.26509
G1 X134.351 Y142.658 E.01126
G1 X134.351 Y133.551 E.2716
G1 X134.207 Y133.467 E.00497
G1 X133.974 Y133.257 E.00936
G1 X133.974 Y142.658 E.28035
G1 X133.596 Y142.658 E.01126
G1 X133.596 Y132.863 E.29211
G1 X133.515 Y132.762 E.00385
G1 X133.219 Y132.249 E.01766
G1 X133.219 Y142.658 E.3104
G1 X132.841 Y142.658 E.01126
G1 X132.841 Y77.342 E1.9479
G1 X133.219 Y77.342 E.01126
G1 X133.219 Y87.751 E.3104
G1 X133.515 Y87.238 E.01766
G1 X133.596 Y87.137 E.00385
G1 X133.596 Y77.342 E.29211
G1 X133.974 Y77.342 E.01126
G1 X133.974 Y86.743 E.28035
G1 X134.207 Y86.533 E.00936
G1 X134.351 Y86.449 E.00497
G1 X134.351 Y77.342 E.2716
G1 X134.729 Y77.342 E.01126
G1 X134.729 Y86.231 E.26509
G1 X135.106 Y86.101 E.01191
G1 X135.106 Y77.342 E.26121
G1 X135.484 Y77.342 E.01126
G1 X135.484 Y86.004 E.25833
G1 X135.862 Y85.961 E.01133
G1 X135.862 Y77.342 E.25704
G1 X136.239 Y77.342 E.01126
G1 X136.239 Y85.968 E.25724
G1 X136.337 Y85.971 E.00292
G1 X136.617 Y86.03 E.00852
G1 X136.617 Y77.342 E.25909
G1 X136.994 Y77.342 E.01126
G1 X136.994 Y86.122 E.26184
G1 X137.372 Y86.29 E.01233
G1 X137.372 Y77.342 E.26686
G1 X137.749 Y77.342 E.01126
G1 X137.749 Y86.522 E.27375
G1 X138.041 Y86.733 E.01075
G1 X138.127 Y86.829 E.00383
G1 X138.127 Y77.342 E.28292
G1 X138.504 Y77.342 E.01126
G1 X138.504 Y87.271 E.29611
G1 X138.786 Y87.759 E.01682
G1 X138.882 Y88.054 E.00923
G1 X138.882 Y77.342 E.31944
G1 X139.259 Y77.342 E.01126
G1 X139.259 Y88.278 E.32612
G1 X139.637 Y88.278 E.01126
G1 X139.637 Y77.342 E.32612
G1 X140.015 Y77.342 E.01126
G1 X140.015 Y88.278 E.32612
G1 X140.392 Y88.278 E.01126
G1 X140.392 Y77.342 E.32612
G1 X140.77 Y77.342 E.01126
G1 X140.77 Y88.278 E.32612
G1 X141.147 Y88.278 E.01126
G1 X141.147 Y77.352 E.32584
G1 X141.525 Y77.433 E.01151
G1 X141.525 Y88.278 E.32344
G1 X141.902 Y88.278 E.01126
G1 X141.902 Y77.614 E.31802
G1 X142.229 Y77.893 E.01282
G1 X142.28 Y77.962 E.00255
G1 X142.28 Y88.278 E.30764
G1 X142.657 Y88.278 E.01126
G1 X142.657 Y78.26 E.29876
G1 X138.79 Y90.352 F18000
;WIDTH:0.419999
G1 F6000
G1 X142.599 Y90.352 E.11345
G1 X142.599 Y88.466 E.05616
G1 X139.053 Y88.466 E.10562
G1 X139.107 Y89.02 E.01656
G1 X139.035 Y89.665 E.01935
G1 X138.82 Y90.3 E.01995
G1 X139.331 Y89.975 F18000
G1 F6000
G1 X142.222 Y89.975 E.0861
G1 X142.222 Y88.843 E.0337
G1 X139.472 Y88.843 E.08191
G1 X139.451 Y89.35 E.0151
G1 X139.394 Y89.782 E.01298
G1 X139.35 Y89.918 E.00425
G1 X139.805 Y89.597 F18000
G1 F6000
G1 X141.845 Y89.597 E.06077
G1 X141.845 Y89.22 E.01123
G1 X139.844 Y89.22 E.05958
G1 X139.811 Y89.538 E.00951
G1 X137.547 Y87.282 F18000
G1 X137.359 Y87.13
G1 X137.156 Y86.998
G1 X136.94 Y86.888
G1 X136.714 Y86.801
G1 X136.481 Y86.739
G1 X136.242 Y86.701
G1 X136 Y86.688
G1 X135.758 Y86.701
G1 X135.519 Y86.739
G1 X135.286 Y86.801
G1 X135.06 Y86.888
G1 X134.947 Y86.946
G1 X116.607 Y76.611
G1 X116.607 Y77.173
;WIDTH:0.420461
G1 F6000
G1 X116.607 Y102.958 E.76898
G1 X116.229 Y102.958 E.01126
G1 X116.229 Y77.342 E.76392
G1 X115.852 Y77.342 E.01126
G1 X115.852 Y102.958 E.76392
G1 X115.474 Y102.958 E.01126
G1 X115.474 Y77.342 E.76392
G1 X115.097 Y77.342 E.01126
G1 X115.097 Y102.958 E.76392
G1 X114.719 Y102.958 E.01126
G1 X114.719 Y77.342 E.76392
G1 X114.342 Y77.342 E.01126
G1 X114.342 Y102.958 E.76392
G1 X113.964 Y102.958 E.01126
G1 X113.964 Y77.342 E.76392
G1 X113.587 Y77.342 E.01126
G1 X113.587 Y102.958 E.76392
G1 X113.209 Y102.958 E.01126
G1 X113.209 Y77.342 E.76392
G1 X112.832 Y77.342 E.01126
G1 X112.832 Y102.958 E.76392
G1 X112.454 Y102.958 E.01126
G1 X112.454 Y77.342 E.76392
G1 X112.076 Y77.342 E.01126
G1 X112.076 Y102.958 E.76392
G1 X111.699 Y102.958 E.01126
G1 X111.699 Y77.342 E.76392
G1 X111.321 Y77.342 E.01126
G1 X111.321 Y102.958 E.76392
G1 X110.944 Y102.958 E.01126
G1 X110.944 Y77.342 E.76392
G1 X110.566 Y77.342 E.01126
G1 X110.566 Y102.958 E.76392
G1 X110.189 Y102.958 E.01126
G1 X110.189 Y77.342 E.76392
G1 X109.811 Y77.342 E.01126
G1 X109.811 Y102.958 E.76392
G1 X109.434 Y102.958 E.01126
G1 X109.434 Y77.342 E.76392
G1 X109.056 Y77.342 E.01126
G1 X109.056 Y102.958 E.76392
G1 X108.679 Y102.958 E.01126
G1 X108.679 Y77.342 E.76392
G1 X108.301 Y77.342 E.01126
G1 X108.301 Y102.958 E.76392
G1 X107.924 Y102.958 E.01126
G1 X107.924 Y77.342 E.76392
G1 X107.546 Y77.342 E.01126
G1 X107.546 Y102.958 E.76392
G1 X107.168 Y102.958 E.01126
G1 X107.168 Y77.342 E.76392
G1 X106.791 Y77.342 E.01126
G1 X106.791 Y102.958 E.76392
G1 X106.413 Y102.958 E.01126
G1 X106.413 Y77.342 E.76392
G1 X106.036 Y77.342 E.01126
G1 X106.036 Y102.958 E.76392
G1 X105.658 Y102.958 E.01126
G1 X105.658 Y77.342 E.76392
G1 X105.281 Y77.342 E.01126
G1 X105.281 Y102.958 E.76392
G1 X104.903 Y102.958 E.01126
G1 X104.903 Y77.342 E.76392
G1 X104.526 Y77.342 E.01126
G1 X104.526 Y102.958 E.76392
G1 X104.148 Y102.958 E.01126
G1 X104.148 Y77.342 E.76392
G1 X103.771 Y77.342 E.01126
G1 X103.771 Y102.958 E.76392
G1 X103.393 Y102.958 E.01126
G1 X103.393 Y77.342 E.76392
G1 X103.015 Y77.342 E.01126
G1 X103.015 Y142.658 E1.9479
G1 X103.393 Y142.658 E.01126
G1 X103.393 Y117.042 E.76392
G1 X103.771 Y117.042 E.01126
G1 X103.771 Y142.658 E.76392
G1 X104.148 Y142.658 E.01126
G1 X104.148 Y117.042 E.76392
G1 X104.526 Y117.042 E.01126
G1 X104.526 Y142.658 E.76392
G1 X104.903 Y142.658 E.01126
G1 X104.903 Y117.042 E.76392
G1 X105.281 Y117.042 E.01126
G1 X105.281 Y142.658 E.76392
G1 X105.658 Y142.658 E.01126
G1 X105.658 Y117.042 E.76392
G1 X106.036 Y117.042 E.01126
G1 X106.036 Y142.658 E.76392
G1 X106.413 Y142.658 E.01126
G1 X106.413 Y117.042 E.76392
G1 X106.791 Y117.042 E.01126
G1 X106.791 Y142.658 E.76392
G1 X107.168 Y142.658 E.01126
G1 X107.168 Y117.042 E.76392
G1 X107.546 Y117.042 E.01126
G1 X107.546 Y142.658 E.76392
G1 X107.924 Y142.658 E.01126
G1 X107.924 Y117.042 E.76392
G1 X108.301 Y117.042 E.01126
G1 X108.301 Y142.658 E.76392
G1 X108.679 Y142.658 E.01126
G1 X108.679 Y117.042 E.76392
G1 X109.056 Y117.042 E.01126
G1 X109.056 Y142.658 E.76392
G1 X109.434 Y142.658 E.01126
G1 X109.434 Y117.042 E.76392
G1 X109.811 Y117.042 E.01126
G1 X109.811 Y142.658 E.76392
G1 X110.189 Y142.658 E.01126
G1 X110.189 Y117.042 E.76392
G1 X110.566 Y117.042 E.01126
G1 X110.566 Y142.658 E.76392
G1 X110.944 Y142.658 E.01126
G1 X110.944 Y117.042 E.76392
G1 X111.321 Y117.042 E.01126
G1 X111.321 Y142.658 E.76392
G1 X111.699 Y142.658 E.01126
G1 X111.699 Y117.042 E.76392
G1 X112.076 Y117.042 E.01126
G1 X112.076 Y142.658 E.76392
G1 X112.454 Y142.658 E.01126
G1 X112.454 Y117.042 E.76392
G1 X112.832 Y117.042 E.01126
G1 X112.832 Y142.658 E.76392
G1 X113.209 Y142.658 E.01126
G1 X113.209 Y117.042 E.76392
G1 X113.587 Y117.042 E.01126
G1 X113.587 Y142.658 E.76392
G1 X113.964 Y142.658 E.01126
G1 X113.964 Y117.042 E.76392
G1 X114.342 Y117.042 E.01126
G1 X114.342 Y142.658 E.76392
G1 X114.719 Y142.658 E.01126
G1 X114.719 Y117.042 E.76392
G1 X115.097 Y117.042 E.01126
G1 X115.097 Y142.658 E.76392
G1 X115.474 Y142.658 E.01126
G1 X115.474 Y117.042 E.76392
G1 X115.852 Y117.042 E.01126
G1 X115.852 Y142.658 E.76392
G1 X116.229 Y142.658 E.01126
G1 X116.229 Y117.042 E.76392
G1 X116.607 Y117.042 E.01126
G1 X116.607 Y142.658 E.76392
G1 X116.985 Y142.658 E.01126
G1 X116.985 Y77.342 E1.9479
G1 X117.362 Y77.342 E.01126
G1 X117.362 Y142.658 E1.9479
G1 X117.74 Y142.658 E.01126
G1 X117.74 Y77.342 E1.9479
G1 X118.117 Y77.342 E.01126
G1 X118.117 Y142.658 E1.9479
G1 X118.495 Y142.658 E.01126
G1 X118.495 Y77.342 E1.9479
G1 X118.872 Y77.342 E.01126
G1 X118.872 Y142.658 E1.9479
G1 X119.25 Y142.658 E.01126
G1 X119.25 Y77.342 E1.9479
G1 X119.627 Y77.342 E.01126
G1 X119.627 Y142.658 E1.9479
G1 X120.005 Y142.658 E.01126
G1 X120.005 Y77.342 E1.9479
G1 X120.382 Y77.342 E.01126
G1 X120.382 Y142.658 E1.9479
G1 X120.76 Y142.658 E.01126
G1 X120.76 Y77.342 E1.9479
G1 X121.137 Y77.342 E.01126
G1 X121.137 Y142.658 E1.9479
G1 X121.515 Y142.658 E.01126
G1 X121.515 Y77.342 E1.9479
G1 X121.893 Y77.342 E.01126
G1 X121.893 Y142.658 E1.9479
G1 X122.27 Y142.658 E.01126
G1 X122.27 Y77.342 E1.9479
G1 X122.648 Y77.342 E.01126
G1 X122.648 Y142.658 E1.9479
G1 X123.025 Y142.658 E.01126
G1 X123.025 Y77.342 E1.9479
G1 X123.403 Y77.342 E.01126
G1 X123.403 Y142.658 E1.9479
G1 X123.78 Y142.658 E.01126
G1 X123.78 Y77.342 E1.9479
G1 X124.158 Y77.342 E.01126
G1 X124.158 Y142.658 E1.9479
G1 X124.535 Y142.658 E.01126
G1 X124.535 Y77.342 E1.9479
G1 X124.913 Y77.342 E.01126
G1 X124.913 Y142.658 E1.9479
G1 X125.29 Y142.658 E.01126
G1 X125.29 Y77.342 E1.9479
G1 X125.668 Y77.342 E.01126
G1 X125.668 Y142.658 E1.9479
G1 X126.045 Y142.658 E.01126
G1 X126.045 Y77.342 E1.9479
G1 X126.423 Y77.342 E.01126
G1 X126.423 Y142.658 E1.9479
G1 X126.801 Y142.658 E.01126
G1 X126.801 Y77.342 E1.9479
G1 X127.178 Y77.342 E.01126
G1 X127.178 Y142.658 E1.9479
G1 X127.556 Y142.658 E.01126
G1 X127.556 Y77.342 E1.9479
G1 X127.933 Y77.342 E.01126
G1 X127.933 Y142.658 E1.9479
G1 X128.311 Y142.658 E.01126
G1 X128.311 Y77.342 E1.9479
G1 X128.688 Y77.342 E.01126
G1 X128.688 Y142.658 E1.9479
G1 X129.066 Y142.658 E.01126
G1 X129.066 Y77.342 E1.9479
G1 X129.443 Y77.342 E.01126
G1 X129.443 Y142.658 E1.9479
G1 X129.821 Y142.658 E.01126
G1 X129.821 Y77.342 E1.9479
G1 X130.198 Y77.342 E.01126
G1 X130.198 Y142.658 E1.9479
G1 X130.576 Y142.658 E.01126
G1 X130.576 Y77.342 E1.9479
G1 X130.954 Y77.342 E.01126
G1 X130.954 Y142.658 E1.9479
G1 X131.331 Y142.658 E.01126
G1 X131.331 Y77.342 E1.9479
G1 X131.709 Y77.342 E.01126
G1 X131.709 Y142.658 E1.9479
G1 X132.086 Y142.658 E.01126
G1 X132.086 Y77.342 E1.9479
G1 X132.464 Y77.342 E.01126
G1 X132.464 Y142.827 E1.95296
G1 X102.638 Y142.827 F18000
G1 F6000
G1 X102.638 Y77.342 E1.95296
G1 X102.26 Y77.342 E.01126
G1 X102.26 Y142.658 E1.9479
G1 X101.883 Y142.658 E.01126
G1 X101.883 Y77.342 E1.9479
G1 X101.505 Y77.342 E.01126
G1 X101.505 Y142.658 E1.9479
G1 X101.128 Y142.658 E.01126
G1 X101.128 Y77.342 E1.9479
G1 X100.75 Y77.342 E.01126
G1 X100.75 Y142.658 E1.9479
G1 X100.373 Y142.658 E.01126
G1 X100.373 Y77.342 E1.9479
G1 X99.995 Y77.342 E.01126
G1 X99.995 Y142.658 E1.9479
G1 X99.618 Y142.658 E.01126
G1 X99.618 Y77.342 E1.9479
G1 X99.24 Y77.342 E.01126
G1 X99.24 Y142.658 E1.9479
G1 X98.863 Y142.658 E.01126
G1 X98.863 Y77.342 E1.9479
G1 X98.485 Y77.342 E.01126
G1 X98.485 Y142.658 E1.9479
G1 X98.107 Y142.658 E.01126
G1 X98.107 Y77.342 E1.9479
G1 X97.73 Y77.342 E.01126
G1 X97.73 Y142.658 E1.9479
G1 X97.352 Y142.658 E.01126
G1 X97.352 Y77.342 E1.9479
G1 X96.975 Y77.342 E.01126
G1 X96.975 Y142.658 E1.9479
G1 X96.597 Y142.658 E.01126
G1 X96.597 Y77.342 E1.9479
G1 X96.22 Y77.342 E.01126
G1 X96.22 Y142.658 E1.9479
G1 X95.842 Y142.658 E.01126
G1 X95.842 Y77.342 E1.9479
G1 X95.465 Y77.342 E.01126
G1 X95.465 Y142.658 E1.9479
G1 X95.087 Y142.658 E.01126
G1 X95.087 Y77.342 E1.9479
G1 X94.71 Y77.342 E.01126
G1 X94.71 Y142.658 E1.9479
G1 X94.332 Y142.658 E.01126
G1 X94.332 Y77.342 E1.9479
G1 X93.955 Y77.342 E.01126
G1 X93.955 Y142.658 E1.9479
G1 X93.577 Y142.658 E.01126
G1 X93.577 Y77.342 E1.9479
G1 X93.199 Y77.342 E.01126
G1 X93.199 Y142.658 E1.9479
G1 X92.822 Y142.658 E.01126
G1 X92.822 Y77.342 E1.9479
G1 X92.444 Y77.342 E.01126
G1 X92.444 Y142.658 E1.9479
G1 X92.067 Y142.658 E.01126
G1 X92.067 Y77.342 E1.9479
G1 X91.689 Y77.342 E.01126
G1 X91.689 Y142.658 E1.9479
G1 X91.312 Y142.658 E.01126
G1 X91.312 Y77.342 E1.9479
G1 X90.934 Y77.342 E.01126
G1 X90.934 Y142.658 E1.9479
G1 X90.557 Y142.658 E.01126
G1 X90.557 Y77.342 E1.9479
G1 X90.179 Y77.342 E.01126
G1 X90.179 Y142.658 E1.9479
G1 X89.802 Y142.658 E.01126
G1 X89.802 Y77.342 E1.9479
G1 X89.424 Y77.342 E.01126
G1 X89.424 Y142.658 E1.9479
G1 X89.046 Y142.658 E.01126
G1 X89.046 Y77.342 E1.9479
G1 X88.669 Y77.342 E.01126
G1 X88.669 Y142.658 E1.9479
G1 X88.291 Y142.658 E.01126
G1 X88.291 Y77.342 E1.9479
G1 X87.914 Y77.342 E.01126
G1 X87.914 Y142.658 E1.9479
G1 X87.536 Y142.658 E.01126
G1 X87.536 Y77.342 E1.9479
G1 X87.159 Y77.342 E.01126
G1 X87.159 Y142.658 E1.9479
G1 X86.781 Y142.658 E.01126
G1 X86.781 Y132.249 E.3104
G1 X86.467 Y132.793 E.01872
G1 X86.404 Y132.864 E.00284
G1 X86.404 Y142.658 E.29209
G1 X86.026 Y142.658 E.01126
G1 X86.026 Y133.271 E.27993
G1 X85.762 Y133.485 E.01013
G1 X85.649 Y133.551 E.00391
G1 X85.649 Y142.658 E.2716
G1 X85.271 Y142.658 E.01126
G1 X85.271 Y133.769 E.26509
G1 X84.894 Y133.899 E.01191
G1 X84.894 Y142.658 E.26121
G1 X84.516 Y142.658 E.01126
G1 X84.516 Y133.996 E.25832
G1 X84.138 Y134.035 E.01132
G1 X84.138 Y142.658 E.25714
G1 X83.761 Y142.658 E.01126
G1 X83.761 Y134.025 E.25746
G1 X83.383 Y133.985 E.01132
G1 X83.383 Y142.658 E.25864
G1 X83.006 Y142.658 E.01126
G1 X83.006 Y133.866 E.26218
G1 X82.759 Y133.786 E.00772
G1 X82.628 Y133.711 E.00452
G1 X82.628 Y142.658 E.26683
G1 X82.251 Y142.658 E.01126
G1 X82.251 Y133.493 E.27333
G1 X81.873 Y133.167 E.01487
G1 X81.873 Y142.658 E.28305
G1 X81.496 Y142.658 E.01126
G1 X81.496 Y132.729 E.29611
G1 X81.303 Y132.396 E.01146
G1 X81.118 Y132.396 E.00553
G1 X81.118 Y142.658 E.30603
G1 X80.741 Y142.658 E.01126
G1 X80.741 Y132.396 E.30603
G1 X80.363 Y132.396 E.01126
G1 X80.363 Y142.658 E.30603
G1 X79.985 Y142.658 E.01126
G1 X79.985 Y132.396 E.30603
G1 X79.608 Y132.396 E.01126
G1 X79.608 Y142.658 E.30603
G1 X79.23 Y142.658 E.01126
G1 X79.23 Y132.396 E.30603
G1 X78.853 Y132.396 E.01126
G1 X78.853 Y142.648 E.30575
G1 X78.475 Y142.567 E.01151
G1 X78.475 Y132.396 E.30334
G1 X78.098 Y132.396 E.01126
G1 X78.098 Y142.378 E.2977
G1 X77.893 Y142.229 E.00755
G1 X77.72 Y142.038 E.0077
G1 X77.72 Y132.396 E.28754
G1 X77.343 Y132.396 E.01126
G1 X77.343 Y141.759 E.27925
G1 X80.118 Y131.076 F18000
;WIDTH:0.42
G1 F6000
G1 X78.155 Y131.076 E.05846
G1 X78.155 Y131.453 E.01123
G1 X80.18 Y131.453 E.06031
G1 X80.128 Y131.135 E.0096
G1 X80.543 Y130.699 F18000
;WIDTH:0.419999
G1 F6000
G1 X77.778 Y130.699 E.08236
G1 X77.778 Y131.83 E.0337
G1 X80.622 Y131.83 E.08471
G1 X80.533 Y131.206 E.0188
G1 X80.542 Y130.759 E.0133
G1 X80.965 Y130.335 F18000
G1 F6000
G1 X77.401 Y130.322 E.10615
G1 X77.401 Y132.207 E.05616
G1 X81.141 Y132.207 E.1114
G1 X80.957 Y131.627 E.01815
G1 X80.893 Y130.98 E.01935
G1 X80.958 Y130.394 E.01756
G1 X77.343 Y130.303 F18000
;WIDTH:0.420461
G1 F6000
G1 X77.343 Y90.54 E1.18585
G1 X77.72 Y90.54 E.01126
G1 X77.72 Y130.133 E1.18079
G1 X78.098 Y130.133 E.01126
G1 X78.098 Y90.54 E1.18079
G1 X78.475 Y90.54 E.01126
G1 X78.475 Y130.133 E1.18079
G1 X78.853 Y130.133 E.01126
G1 X78.853 Y90.54 E1.18079
G1 X79.23 Y90.54 E.01126
G1 X79.23 Y130.133 E1.18079
G1 X79.608 Y130.133 E.01126
G1 X79.608 Y90.54 E1.18079
G1 X79.985 Y90.54 E.01126
G1 X79.985 Y130.133 E1.18079
G1 X80.363 Y130.133 E.01126
G1 X80.363 Y90.54 E1.18079
G1 X80.741 Y90.54 E.01126
G1 X80.741 Y130.133 E1.18079
G1 X81.092 Y130.133 E.01049
G1 X81.118 Y130.054 E.0025
G1 X81.118 Y90.54 E1.17841
G1 X81.387 Y90.54 E.00801
G1 X81.496 Y90.729 E.0065
G1 X81.496 Y129.271 E1.14945
G1 X81.76 Y128.935 E.01274
G1 X81.873 Y128.833 E.00455
G1 X81.873 Y91.167 E1.12334
G1 X82.251 Y91.493 E.01487
G1 X82.251 Y128.507 E1.1039
G1 X82.628 Y128.289 E.013
G1 X82.628 Y91.711 E1.09089
G1 X82.759 Y91.786 E.00452
G1 X83.006 Y91.866 E.00772
G1 X83.006 Y128.134 E1.0816
G1 X83.383 Y128.016 E.01179
G1 X83.383 Y91.985 E1.07455
G1 X83.761 Y92.025 E.01132
G1 X83.761 Y127.973 E1.07207
G1 X84.138 Y127.965 E.01126
G1 X84.138 Y92.035 E1.07153
G1 X84.516 Y91.996 E.01132
G1 X84.516 Y128.009 E1.07402
G1 X84.894 Y128.089 E.01151
G1 X84.894 Y91.899 E1.07929
G1 X85.271 Y91.769 E.01191
G1 X85.271 Y128.246 E1.08785
G1 X85.525 Y128.359 E.00829
G1 X85.649 Y128.449 E.00455
G1 X85.649 Y91.551 E1.10041
G1 X85.762 Y91.485 E.00391
G1 X86.026 Y91.271 E.01013
G1 X86.026 Y128.723 E1.11692
G1 X86.404 Y129.136 E.0167
G1 X86.404 Y90.864 E1.14141
G1 X86.467 Y90.793 E.00284
G1 X86.781 Y90.249 E.01872
G1 X86.781 Y130.293 E1.19423
G1 X81.21 Y90.352 F18000
;WIDTH:0.419999
G1 F6000
G1 X80.965 Y89.665 E.02171
G1 X80.893 Y89.02 E.01935
G1 X80.965 Y88.466 E.01662
G1 X77.401 Y88.466 E.10615
G1 X77.401 Y90.352 E.05616
G1 X81.15 Y90.352 E.11166
G1 X80.669 Y89.975 F18000
G1 F6000
G1 X80.582 Y89.666 E.00955
G1 X80.518 Y89.059 E.01818
G1 X80.531 Y88.843 E.00644
G1 X77.778 Y88.843 E.082
G1 X77.778 Y89.975 E.0337
G1 X80.609 Y89.975 E.08432
G1 X80.195 Y89.597 F18000
;WIDTH:0.42
G1 F6000
G1 X80.156 Y89.22 E.01129
G1 X78.155 Y89.22 E.05958
G1 X78.155 Y89.597 E.01123
G1 X80.135 Y89.597 E.05898
G1 X77.343 Y88.447 F18000
;WIDTH:0.420461
G1 F6000
G1 X77.353 Y78.836 E.28665
G1 X77.427 Y78.489 E.01058
G1 X77.567 Y78.173 E.01032
G1 X77.72 Y77.962 E.00776
G1 X77.72 Y88.278 E.30764
G1 X78.098 Y88.278 E.01126
G1 X78.098 Y77.621 E.31781
G1 X78.327 Y77.489 E.0079
G1 X78.475 Y77.441 E.00465
G1 X78.475 Y88.278 E.3232
G1 X78.853 Y88.278 E.01126
G1 X78.853 Y77.362 E.32554
G1 X79.043 Y77.342 E.00571
G1 X79.23 Y77.342 E.00558
G1 X79.23 Y88.278 E.32612
G1 X79.608 Y88.278 E.01126
G1 X79.608 Y77.342 E.32612
G1 X79.985 Y77.342 E.01126
G1 X79.985 Y88.278 E.32612
G1 X80.363 Y88.278 E.01126
G1 X80.363 Y77.342 E.32612
G1 X80.741 Y77.342 E.01126
G1 X80.741 Y88.278 E.32612
G1 X81.045 Y88.278 E.00909
G1 X81.118 Y88.054 E.00702
G1 X81.118 Y77.342 E.31944
G1 X81.496 Y77.342 E.01126
G1 X81.496 Y87.271 E.29611
G1 X81.76 Y86.935 E.01274
G1 X81.873 Y86.833 E.00455
G1 X81.873 Y77.342 E.28305
G1 X82.251 Y77.342 E.01126
G1 X82.251 Y86.507 E.27333
G1 X82.628 Y86.289 E.013
G1 X82.628 Y77.342 E.26683
G1 X83.006 Y77.342 E.01126
G1 X83.006 Y86.134 E.26218
G1 X83.383 Y86.016 E.01179
G1 X83.383 Y77.342 E.25867
G1 X83.761 Y77.342 E.01126
G1 X83.761 Y85.973 E.25738
G1 X84.138 Y85.965 E.01126
G1 X84.138 Y77.342 E.25716
G1 X84.516 Y77.342 E.01126
G1 X84.516 Y86.009 E.25845
G1 X84.894 Y86.089 E.01151
G1 X84.894 Y77.342 E.26085
G1 X85.271 Y77.342 E.01126
G1 X85.271 Y86.246 E.26552
G1 X85.525 Y86.359 E.00829
G1 X85.649 Y86.449 E.00455
G1 X85.649 Y77.342 E.27157
G1 X86.026 Y77.342 E.01126
G1 X86.026 Y86.723 E.27975
G1 X86.404 Y87.136 E.0167
G1 X86.404 Y77.342 E.29209
G1 X86.781 Y77.342 E.01126
G1 X86.781 Y88.293 E.32658
; stop printing object top_plate.stl id:4653052573991952974 copy 0
;LAYER_CHANGE
;Z:1.04
;HEIGHT:0.2
G92 E0 ; zero the extruded length again
; BEFORE_LAYER_CHANGE 4 @ 1.04mm
G1 E-1.75 F6000
;WIPE_START
G1 X86.781 Y87.293 E-.75
;WIPE_END
; AFTER_LAYER_CHANGE 4 @ 1.04mm
;_SET_FAN_SPEED_CHANGING_LAYER
; printing object top_plate.stl id:4653052573991952974 copy 0
G1 F18000
G1 X87.0859 Y87.7244 Z1.06857
G1 X86.9388 Y88.2315 Z1.09714
G1 X86.4505 Y88.4326 Z1.12571
G1 X85.9889 Y88.1763 Z1.15429
G1 X85.9015 Y87.6555 Z1.18286
G1 X86.2541 Y87.2625 Z1.21143
G1 X86.7812 Y87.2932 Z1.24
G1 X116.311 Y103.689 Z1.24
G1 X116.311 Y116.311
G1 X114.626 Y116.311
G1 X140.984 Y143.389
G1 X140.995 Y143.79
G1 Z1.04
G1 E2.5 F6000
M204 P1000
;TYPE:Outer wall
;WIDTH:0.42
G1 F3600
G1 X79.005 Y143.79 E1.84644
G1 X78.708 Y143.774 E.00886
G1 X78.42 Y143.729 E.0087
G1 X78.138 Y143.653 E.0087
G1 X77.865 Y143.549 E.0087
G1 X77.605 Y143.416 E.0087
G1 X77.36 Y143.257 E.0087
G1 X77.133 Y143.073 E.0087
G1 X76.927 Y142.867 E.0087
G1 X76.743 Y142.64 E.0087
G1 X76.584 Y142.395 E.0087
G1 X76.452 Y142.135 E.0087
G1 X76.347 Y141.862 E.0087
G1 X76.271 Y141.58 E.0087
G1 X76.226 Y141.292 E.0087
G1 X76.21 Y140.995 E.00886
G1 X76.21 Y79.005 E1.84644
G1 X76.226 Y78.708 E.00886
G1 X76.271 Y78.42 E.0087
G1 X76.347 Y78.138 E.0087
G1 X76.452 Y77.865 E.0087
G1 X76.584 Y77.605 E.0087
G1 X76.743 Y77.36 E.0087
G1 X76.927 Y77.133 E.0087
G1 X77.133 Y76.927 E.0087
G1 X77.36 Y76.743 E.0087
G1 X77.605 Y76.584 E.0087
G1 X77.865 Y76.451 E.0087
G1 X78.138 Y76.347 E.0087
G1 X78.42 Y76.271 E.0087
G1 X78.708 Y76.226 E.0087
G1 X79.005 Y76.21 E.00886
G1 X140.995 Y76.21 E1.84644
G1 X141.292 Y76.226 E.00886
G1 X141.58 Y76.271 E.0087
G1 X141.862 Y76.347 E.0087
G1 X142.135 Y76.451 E.0087
G1 X142.395 Y76.584 E.0087
G1 X142.64 Y76.743 E.0087
G1 X142.867 Y76.927 E.0087
G1 X143.073 Y77.133 E.0087
G1 X143.257 Y77.36 E.0087
G1 X143.416 Y77.605 E.0087
G1 X143.548 Y77.865 E.0087
G1 X143.653 Y78.138 E.0087
G1 X143.729 Y78.42 E.0087
G1 X143.774 Y78.708 E.0087
G1 X143.79 Y79.005 E.00886
G1 X143.79 Y140.995 E1.84644
G1 X143.774 Y141.292 E.00886
G1 X143.729 Y141.58 E.0087
G1 X143.653 Y141.862 E.0087
G1 X143.549 Y142.135 E.0087
G1 X143.416 Y142.395 E.0087
G1 X143.257 Y142.64 E.0087
G1 X143.073 Y142.867 E.0087
G1 X142.867 Y143.073 E.0087
G1 X142.64 Y143.257 E.0087
G1 X142.395 Y143.416 E.0087
G1 X142.135 Y143.549 E.0087
G1 X141.862 Y143.653 E.0087
G1 X141.58 Y143.729 E.0087
G1 X141.292 Y143.774 E.0087
G1 X141.054 Y143.787 E.00707
G1 X141.034 Y143.387 F18000
G1 X140.984 Y143.389
G1 X140.984 Y143.389
G1 X140.984 Y143.398
M204 P1500
;TYPE:Inner wall
;WIDTH:0.45
G1 F6000
G1 X79.016 Y143.398 E1.99268
G1 X78.749 Y143.384 E.00857
G1 X78.502 Y143.345 E.00807
G1 X78.259 Y143.28 E.00807
G1 X78.025 Y143.19 E.00807
G1 X77.801 Y143.076 E.00807
G1 X77.591 Y142.939 E.00806
G1 X77.396 Y142.781 E.00807
G1 X77.219 Y142.604 E.00807
G1 X77.061 Y142.409 E.00807
G1 X76.924 Y142.199 E.00807
G1 X76.81 Y141.975 E.00807
G1 X76.72 Y141.741 E.00807
G1 X76.655 Y141.498 E.00807
G1 X76.616 Y141.251 E.00807
G1 X76.602 Y140.984 E.00857
G1 X76.602 Y79.016 E1.99268
G1 X76.616 Y78.749 E.00857
G1 X76.655 Y78.502 E.00807
G1 X76.72 Y78.259 E.00807
G1 X76.81 Y78.025 E.00807
G1 X76.924 Y77.801 E.00807
G1 X77.061 Y77.591 E.00806
G1 X77.219 Y77.396 E.00807
G1 X77.396 Y77.219 E.00807
G1 X77.591 Y77.061 E.00807
G1 X77.801 Y76.924 E.00806
G1 X78.025 Y76.81 E.00807
G1 X78.259 Y76.72 E.00807
G1 X78.502 Y76.655 E.00807
G1 X78.749 Y76.616 E.00807
G1 X79.016 Y76.602 E.00857
G1 X140.984 Y76.602 E1.99268
G1 X141.251 Y76.616 E.00857
G1 X141.498 Y76.655 E.00807
G1 X141.741 Y76.72 E.00807
G1 X141.975 Y76.81 E.00807
G1 X142.199 Y76.924 E.00807
G1 X142.409 Y77.061 E.00806
G1 X142.604 Y77.219 E.00807
G1 X142.781 Y77.396 E.00807
G1 X142.939 Y77.591 E.00807
G1 X143.076 Y77.801 E.00807
G1 X143.19 Y78.025 E.00807
G1 X143.28 Y78.259 E.00807
G1 X143.345 Y78.502 E.00807
G1 X143.384 Y78.749 E.00807
G1 X143.398 Y79.016 E.00857
G1 X143.398 Y140.984 E1.99268
G1 X143.384 Y141.251 E.00857
G1 X143.345 Y141.498 E.00807
G1 X143.28 Y141.741 E.00807
G1 X143.19 Y141.975 E.00807
G1 X143.076 Y142.199 E.00807
G1 X142.939 Y142.409 E.00806
G1 X142.781 Y142.604 E.00807
G1 X142.604 Y142.781 E.00807
G1 X142.409 Y142.939 E.00807
G1 X142.199 Y143.076 E.00806
G1 X141.975 Y143.19 E.00807
G1 X141.741 Y143.28 E.00807
G1 X141.498 Y143.345 E.00807
G1 X141.251 Y143.384 E.00807
G1 X141.044 Y143.395 E.00664
G1 X140.974 Y142.991 F18000
G1 F6000
G1 X79.026 Y142.991 E1.992
G1 X78.792 Y142.979 E.00754
G1 X78.385 Y142.892 E.01338
G1 X78.005 Y142.723 E.01338
G1 X77.669 Y142.479 E.01337
G1 X77.39 Y142.169 E.01338
G1 X77.183 Y141.809 E.01337
G1 X77.054 Y141.414 E.01337
G1 X77.009 Y140.974 E.01422
G1 X77.009 Y79.026 E1.992
G1 X77.021 Y78.792 E.00754
G1 X77.108 Y78.385 E.01338
G1 X77.277 Y78.005 E.01338
G1 X77.521 Y77.669 E.01337
G1 X77.831 Y77.39 E.01338
G1 X78.191 Y77.183 E.01337
G1 X78.586 Y77.054 E.01337
G1 X79.026 Y77.009 E.01422
G1 X140.974 Y77.009 E1.992
G1 X141.208 Y77.021 E.00754
G1 X141.615 Y77.108 E.01338
G1 X141.995 Y77.277 E.01338
G1 X142.169 Y77.39 E.00669
G1 X142.479 Y77.669 E.01338
G1 X142.723 Y78.005 E.01337
G1 X142.892 Y78.385 E.01338
G1 X142.979 Y78.792 E.01338
G1 X142.991 Y79.026 E.00754
G1 X142.991 Y140.974 E1.992
G1 X142.979 Y141.208 E.00754
G1 X142.892 Y141.615 E.01338
G1 X142.723 Y141.995 E.01338
G1 X142.479 Y142.331 E.01337
G1 X142.169 Y142.61 E.01338
G1 X141.809 Y142.817 E.01337
G1 X141.414 Y142.946 E.01337
G1 X141.033 Y142.985 E.01229
G1 E-1.75
;WIPE_START
G1 X140.033 Y142.985 E-.75
;WIPE_END
G1 X140.033 Y143.389 Z1.24 F18000
G1 X135.975 Y91.31
G1 X135.996 Y90.911
G1 Z1.04
G1 E2.5 F6000
M204 P1000
;TYPE:Outer wall
;WIDTH:0.42
G1 F3600
G1 X136 Y90.911 E.00012
G1 X136.397 Y90.869 E.0119
G1 X136.777 Y90.746 E.0119
G1 X137.119 Y90.549 E.01174
G1 X137.283 Y90.416 E.00628
G1 X137.546 Y90.123 E.01173
G1 X137.746 Y89.777 E.0119
G1 X137.869 Y89.397 E.0119
G1 X137.911 Y89 E.0119
G1 X137.869 Y88.603 E.0119
G1 X137.746 Y88.223 E.0119
G1 X137.546 Y87.877 E.0119
G1 X137.279 Y87.58 E.0119
G1 X136.956 Y87.345 E.0119
G1 X136.591 Y87.182 E.0119
G1 X136.202 Y87.1 E.01183
G1 X135.922 Y87.093 E.00835
G1 X135.601 Y87.131 E.00962
G1 X135.223 Y87.254 E.01186
G1 X134.877 Y87.454 E.0119
G1 X134.584 Y87.717 E.01173
G1 X134.451 Y87.881 E.00628
G1 X134.254 Y88.223 E.01174
G1 X134.131 Y88.603 E.0119
G1 X134.089 Y89 E.0119
G1 X134.131 Y89.397 E.0119
G1 X134.254 Y89.777 E.0119
G1 X134.451 Y90.119 E.01174
G1 X134.584 Y90.283 E.00628
G1 X134.877 Y90.546 E.01173
G1 X135.223 Y90.746 E.0119
G1 X135.603 Y90.869 E.0119
G1 X135.936 Y90.905 E.00999
G1 X135.915 Y91.307 F18000
G1 X136 Y91.312
G1 X136.035 Y91.31
G1 X136.035 Y91.302
M204 P1500
;TYPE:Inner wall
;WIDTH:0.45
G1 F6000
G1 X136.479 Y91.255 E.01438
G1 X136.938 Y91.106 E.0155
G1 X137.342 Y90.873 E.01499
G1 X137.553 Y90.701 E.00877
G1 X137.865 Y90.355 E.01498
G1 X138.106 Y89.938 E.0155
G1 X138.255 Y89.479 E.0155
G1 X138.306 Y89 E.0155
G1 X138.255 Y88.521 E.0155
G1 X138.106 Y88.062 E.0155
G1 X137.865 Y87.645 E.0155
G1 X137.543 Y87.287 E.0155
G1 X137.153 Y87.003 E.0155
G1 X136.712 Y86.807 E.0155
G1 X136.248 Y86.709 E.01527
G1 X135.904 Y86.701 E.01107
G1 X135.517 Y86.746 E.01252
G1 X135.062 Y86.894 E.01538
G1 X134.645 Y87.135 E.0155
G1 X134.299 Y87.447 E.01498
G1 X134.127 Y87.658 E.00877
G1 X133.894 Y88.062 E.01499
G1 X133.745 Y88.521 E.0155
G1 X133.694 Y89 E.0155
G1 X133.745 Y89.479 E.0155
G1 X133.894 Y89.938 E.0155
G1 X134.127 Y90.342 E.01499
G1 X134.299 Y90.553 E.00877
G1 X134.645 Y90.865 E.01498
G1 X135.062 Y91.106 E.0155
G1 X135.521 Y91.255 E.0155
G1 X135.975 Y91.303 E.01469
G1 X136.071 Y91.707 F18000
G1 F6000
G1 X136.564 Y91.655 E.01596
G1 X137.104 Y91.48 E.01825
G1 X137.573 Y91.21 E.0174
G1 X137.834 Y90.998 E.01083
G1 X138.196 Y90.596 E.01739
G1 X138.48 Y90.104 E.01826
G1 X138.655 Y89.564 E.01825
G1 X138.715 Y89 E.01825
G1 X138.655 Y88.436 E.01825
G1 X138.48 Y87.896 E.01825
G1 X138.196 Y87.404 E.01826
G1 X137.817 Y86.982 E.01825
G1 X137.357 Y86.649 E.01825
G1 X136.839 Y86.418 E.01826
G1 X136.295 Y86.303 E.01787
G1 X135.884 Y86.293 E.01322
G1 X135.43 Y86.346 E.01473
G1 X134.896 Y86.52 E.01805
G1 X134.404 Y86.804 E.01826
G1 X134.002 Y87.166 E.01739
G1 X133.79 Y87.427 E.01083
G1 X133.52 Y87.896 E.0174
G1 X133.345 Y88.436 E.01825
G1 X133.285 Y89 E.01825
G1 X133.345 Y89.564 E.01825
G1 X133.52 Y90.104 E.01825
G1 X133.79 Y90.573 E.0174
G1 X134.002 Y90.834 E.01083
G1 X134.404 Y91.196 E.01739
G1 X134.896 Y91.48 E.01826
G1 X135.436 Y91.655 E.01825
G1 X136 Y91.715 E.01825
G1 X136.011 Y91.714 E.00036
G1 E-1.75
;WIPE_START
G1 X136.564 Y91.655 E-.41716
G1 X136.987 Y91.518 E-.33284
;WIPE_END
G1 X136.845 Y91.149 Z1.24 F18000
G1 X138.312 Y131
G1 X138.299 Y131.242
G1 X138.261 Y131.481
G1 X138.199 Y131.714
G1 X138.112 Y131.94
G1 X138.002 Y132.156
G1 X137.87 Y132.359
G1 X137.718 Y132.547
G1 X137.547 Y132.718
G1 X137.359 Y132.87
G1 X137.156 Y133.002
G1 X136.94 Y133.112
G1 X136.714 Y133.199
G1 X136.481 Y133.261
G1 X136.242 Y133.299
G1 X136.121 Y133.305
G1 X136.1 Y132.901
G1 Z1.04
G1 E2.5 F6000
M204 P1000
;TYPE:Outer wall
;WIDTH:0.42
G1 F3600
G1 X136.397 Y132.869 E.00892
G1 X136.777 Y132.746 E.0119
G1 X137.119 Y132.549 E.01174
G1 X137.283 Y132.416 E.00628
G1 X137.546 Y132.123 E.01173
G1 X137.746 Y131.777 E.0119
G1 X137.869 Y131.397 E.0119
G1 X137.911 Y131 E.0119
G1 X137.869 Y130.603 E.0119
G1 X137.746 Y130.223 E.0119
G1 X137.546 Y129.877 E.0119
G1 X137.279 Y129.58 E.0119
G1 X136.956 Y129.345 E.0119
G1 X136.591 Y129.182 E.0119
G1 X136.202 Y129.1 E.01183
G1 X135.922 Y129.093 E.00835
G1 X135.601 Y129.131 E.00962
G1 X135.223 Y129.254 E.01186
G1 X134.877 Y129.454 E.0119
G1 X134.584 Y129.717 E.01173
G1 X134.451 Y129.881 E.00628
G1 X134.254 Y130.223 E.01174
G1 X134.131 Y130.603 E.0119
G1 X134.089 Y131 E.0119
G1 X134.131 Y131.397 E.0119
G1 X134.254 Y131.777 E.0119
G1 X134.451 Y132.119 E.01174
G1 X134.584 Y132.283 E.00628
G1 X134.877 Y132.546 E.01173
G1 X135.223 Y132.746 E.0119
G1 X135.603 Y132.869 E.0119
G1 X136 Y132.911 E.0119
G1 X136.04 Y132.907 E.0012
G1 X136.061 Y133.308 F18000
G1 X136.035 Y133.31
G1 X136.035 Y133.302
M204 P1500
;TYPE:Inner wall
;WIDTH:0.45
G1 F6000
G1 X136.479 Y133.255 E.01437
G1 X136.938 Y133.106 E.0155
G1 X137.342 Y132.873 E.01499
G1 X137.553 Y132.701 E.00877
G1 X137.865 Y132.355 E.01498
G1 X138.106 Y131.938 E.0155
G1 X138.255 Y131.479 E.0155
G1 X138.306 Y131 E.0155
G1 X138.255 Y130.521 E.0155
G1 X138.106 Y130.062 E.0155
G1 X137.865 Y129.645 E.0155
G1 X137.543 Y129.287 E.0155
G1 X137.153 Y129.003 E.0155
G1 X136.712 Y128.807 E.0155
G1 X136.248 Y128.709 E.01527
G1 X135.904 Y128.701 E.01107
G1 X135.517 Y128.746 E.01252
G1 X135.062 Y128.894 E.01538
G1 X134.645 Y129.135 E.0155
G1 X134.299 Y129.447 E.01498
G1 X134.127 Y129.658 E.00877
G1 X133.894 Y130.062 E.01499
G1 X133.745 Y130.521 E.0155
G1 X133.694 Y131 E.0155
G1 X133.745 Y131.479 E.0155
G1 X133.894 Y131.938 E.0155
G1 X134.127 Y132.342 E.01499
G1 X134.299 Y132.553 E.00877
G1 X134.645 Y132.865 E.01498
G1 X135.062 Y133.106 E.0155
G1 X135.521 Y133.255 E.0155
G1 X135.975 Y133.303 E.0147
G1 X136.071 Y133.707 F18000
G1 F6000
G1 X136.564 Y133.655 E.01595
G1 X137.104 Y133.48 E.01825
G1 X137.573 Y133.21 E.0174
G1 X137.834 Y132.998 E.01083
G1 X138.196 Y132.596 E.01739
G1 X138.48 Y132.104 E.01826
G1 X138.655 Y131.564 E.01825
G1 X138.715 Y131 E.01825
G1 X138.655 Y130.436 E.01825
G1 X138.48 Y129.896 E.01825
G1 X138.196 Y129.404 E.01826
G1 X137.817 Y128.982 E.01825
G1 X137.357 Y128.649 E.01825
G1 X136.839 Y128.418 E.01826
G1 X136.295 Y128.303 E.01787
G1 X135.884 Y128.293 E.01322
G1 X135.43 Y128.346 E.01473
G1 X134.896 Y128.52 E.01805
G1 X134.404 Y128.804 E.01826
G1 X134.002 Y129.166 E.01739
G1 X133.79 Y129.427 E.01083
G1 X133.52 Y129.896 E.0174
G1 X133.345 Y130.436 E.01825
G1 X133.285 Y131 E.01825
G1 X133.345 Y131.564 E.01825
G1 X133.52 Y132.104 E.01825
G1 X133.79 Y132.573 E.0174
G1 X134.002 Y132.834 E.01083
G1 X134.404 Y133.196 E.01739
G1 X134.896 Y133.48 E.01826
G1 X135.436 Y133.655 E.01825
G1 X136 Y133.715 E.01825
G1 X136.011 Y133.714 E.00037
G1 E-1.75
;WIPE_START
G1 X136.564 Y133.655 E-.41711
G1 X136.987 Y133.518 E-.33289
;WIPE_END
G1 X136.845 Y133.149 Z1.24 F18000
G1 X85.273 Y132.926
G1 X85.156 Y133.002
G1 X84.94 Y133.112
G1 X84.714 Y133.199
G1 X84.481 Y133.261
G1 X84.242 Y133.299
G1 X84 Y133.312
G1 X83.975 Y133.31
G1 X83.996 Y132.911
G1 Z1.04
G1 E2.5 F6000
M204 P1000
;TYPE:Outer wall
;WIDTH:0.42
G1 F3600
G1 X84 Y132.911 E.00012
G1 X84.397 Y132.869 E.0119
G1 X84.777 Y132.746 E.0119
G1 X85.119 Y132.549 E.01174
G1 X85.283 Y132.416 E.00628
G1 X85.546 Y132.123 E.01173
G1 X85.746 Y131.777 E.0119
G1 X85.869 Y131.397 E.0119
G1 X85.911 Y131 E.0119
G1 X85.869 Y130.603 E.0119
G1 X85.746 Y130.223 E.0119
G1 X85.546 Y129.877 E.0119
G1 X85.279 Y129.58 E.0119
G1 X84.956 Y129.345 E.0119
G1 X84.591 Y129.182 E.0119
G1 X84.202 Y129.1 E.01183
G1 X83.922 Y129.093 E.00835
G1 X83.601 Y129.131 E.00962
G1 X83.223 Y129.254 E.01186
G1 X82.877 Y129.454 E.0119
G1 X82.584 Y129.717 E.01173
G1 X82.451 Y129.881 E.00628
G1 X82.254 Y130.223 E.01174
G1 X82.131 Y130.603 E.0119
G1 X82.089 Y131 E.0119
G1 X82.131 Y131.397 E.0119
G1 X82.254 Y131.777 E.0119
G1 X82.451 Y132.119 E.01174
G1 X82.584 Y132.283 E.00628
G1 X82.877 Y132.546 E.01173
G1 X83.223 Y132.746 E.0119
G1 X83.603 Y132.869 E.0119
G1 X83.936 Y132.905 E.00999
G1 X83.915 Y133.307 F18000
G1 X83.965 Y133.31
G1 X83.965 Y133.302
M204 P1500
;TYPE:Inner wall
;WIDTH:0.45
G1 F6000
G1 X84 Y133.306 E.00112
G1 X84.479 Y133.255 E.0155
G1 X84.938 Y133.106 E.0155
G1 X85.342 Y132.873 E.01499
G1 X85.553 Y132.701 E.00877
G1 X85.865 Y132.355 E.01498
G1 X86.106 Y131.938 E.0155
G1 X86.255 Y131.479 E.0155
G1 X86.306 Y131 E.0155
G1 X86.255 Y130.521 E.0155
G1 X86.106 Y130.062 E.0155
G1 X85.865 Y129.645 E.0155
G1 X85.543 Y129.287 E.0155
G1 X85.153 Y129.003 E.0155
G1 X84.712 Y128.807 E.0155
G1 X84.248 Y128.709 E.01527
G1 X83.904 Y128.701 E.01107
G1 X83.517 Y128.746 E.01252
G1 X83.062 Y128.894 E.01538
G1 X82.645 Y129.135 E.0155
G1 X82.299 Y129.447 E.01498
G1 X82.127 Y129.658 E.00877
G1 X81.894 Y130.062 E.01499
G1 X81.745 Y130.521 E.0155
G1 X81.694 Y131 E.0155
G1 X81.745 Y131.479 E.0155
G1 X81.894 Y131.938 E.0155
G1 X82.127 Y132.342 E.01499
G1 X82.299 Y132.553 E.00877
G1 X82.645 Y132.865 E.01498
G1 X83.062 Y133.106 E.0155
G1 X83.521 Y133.255 E.0155
G1 X83.906 Y133.296 E.01245
G1 X83.929 Y133.707 F18000
G1 F6000
G1 X84 Y133.715 E.00229
G1 X84.564 Y133.655 E.01825
G1 X85.104 Y133.48 E.01825
G1 X85.573 Y133.21 E.0174
G1 X85.834 Y132.998 E.01083
G1 X86.196 Y132.596 E.01739
G1 X86.48 Y132.104 E.01826
G1 X86.655 Y131.564 E.01825
G1 X86.715 Y131 E.01825
G1 X86.655 Y130.436 E.01825
G1 X86.48 Y129.896 E.01825
G1 X86.196 Y129.404 E.01826
G1 X85.817 Y128.982 E.01825
G1 X85.357 Y128.649 E.01825
G1 X84.839 Y128.418 E.01826
G1 X84.295 Y128.303 E.01787
G1 X83.884 Y128.293 E.01322
G1 X83.43 Y128.346 E.01473
G1 X82.896 Y128.52 E.01805
G1 X82.404 Y128.804 E.01826
G1 X82.002 Y129.166 E.01739
G1 X81.79 Y129.427 E.01083
G1 X81.52 Y129.896 E.0174
G1 X81.345 Y130.436 E.01825
G1 X81.285 Y131 E.01825
G1 X81.345 Y131.564 E.01825
G1 X81.52 Y132.104 E.01825
G1 X81.79 Y132.573 E.0174
G1 X82.002 Y132.834 E.01083
G1 X82.404 Y133.196 E.01739
G1 X82.896 Y133.48 E.01826
G1 X83.436 Y133.655 E.01825
G1 X83.869 Y133.701 E.01403
G1 E-1.75
;WIPE_START
G1 X84 Y133.715 E-.0985
G1 X84.564 Y133.655 E-.42566
G1 X84.851 Y133.562 E-.22583
;WIPE_END
G1 X84.714 Y133.199 Z1.24 F18000
G1 X84.94 Y133.112
G1 X85.156 Y133.002
G1 X85.359 Y132.87
G1 X85.547 Y132.718
G1 X85.718 Y132.547
G1 X85.87 Y132.359
G1 X86.002 Y132.156
G1 X86.112 Y131.94
G1 X86.199 Y131.714
G1 X86.261 Y131.481
G1 X86.299 Y131.242
G1 X86.312 Y131
G1 X86.299 Y130.758
G1 X86.261 Y130.519
G1 X86.199 Y130.286
G1 X86.112 Y130.06
G1 X86.002 Y129.844
G1 X85.87 Y129.641
G1 X85.718 Y129.453
G1 X85.547 Y129.282
G1 X85.359 Y129.13
G1 X85.156 Y128.998
G1 X84.94 Y128.888
G1 X84.756 Y128.817
G1 X83.975 Y91.31
G1 X83.996 Y90.911
G1 Z1.04
G1 E2.5 F6000
M204 P1000
;TYPE:Outer wall
;WIDTH:0.42
G1 F3600
G1 X84 Y90.911 E.00012
G1 X84.397 Y90.869 E.0119
G1 X84.777 Y90.746 E.0119
G1 X85.119 Y90.549 E.01174
G1 X85.283 Y90.416 E.00628
G1 X85.546 Y90.123 E.01173
G1 X85.746 Y89.777 E.0119
G1 X85.869 Y89.397 E.0119
G1 X85.911 Y89 E.0119
G1 X85.869 Y88.603 E.0119
G1 X85.746 Y88.223 E.0119
G1 X85.546 Y87.877 E.0119
G1 X85.279 Y87.58 E.0119
G1 X84.956 Y87.345 E.0119
G1 X84.591 Y87.182 E.0119
G1 X84.202 Y87.1 E.01183
G1 X83.922 Y87.093 E.00835
G1 X83.601 Y87.131 E.00962
G1 X83.223 Y87.254 E.01186
G1 X82.877 Y87.454 E.0119
G1 X82.584 Y87.717 E.01173
G1 X82.451 Y87.881 E.00628
G1 X82.254 Y88.223 E.01174
G1 X82.131 Y88.603 E.0119
G1 X82.089 Y89 E.0119
G1 X82.131 Y89.397 E.0119
G1 X82.254 Y89.777 E.0119
G1 X82.451 Y90.119 E.01174
G1 X82.584 Y90.283 E.00628
G1 X82.877 Y90.546 E.01173
G1 X83.223 Y90.746 E.0119
G1 X83.603 Y90.869 E.0119
G1 X83.936 Y90.905 E.00999
G1 X83.915 Y91.307 F18000
G1 X83.965 Y91.31
G1 X83.965 Y91.302
M204 P1500
;TYPE:Inner wall
;WIDTH:0.45
G1 F6000
G1 X84 Y91.306 E.00112
G1 X84.479 Y91.255 E.0155
G1 X84.938 Y91.106 E.0155
G1 X85.342 Y90.873 E.01499
G1 X85.553 Y90.701 E.00877
G1 X85.865 Y90.355 E.01498
G1 X86.106 Y89.938 E.0155
G1 X86.255 Y89.479 E.0155
G1 X86.306 Y89 E.0155
G1 X86.255 Y88.521 E.0155
G1 X86.106 Y88.062 E.0155
G1 X85.865 Y87.645 E.0155
G1 X85.543 Y87.287 E.0155
G1 X85.153 Y87.003 E.0155
G1 X84.712 Y86.807 E.0155
G1 X84.248 Y86.709 E.01527
G1 X83.904 Y86.701 E.01107
G1 X83.517 Y86.746 E.01252
G1 X83.062 Y86.894 E.01538
G1 X82.645 Y87.135 E.0155
G1 X82.299 Y87.447 E.01498
G1 X82.127 Y87.658 E.00877
G1 X81.894 Y88.062 E.01499
G1 X81.745 Y88.521 E.0155
G1 X81.694 Y89 E.0155
G1 X81.745 Y89.479 E.0155
G1 X81.894 Y89.938 E.0155
G1 X82.127 Y90.342 E.01499
G1 X82.299 Y90.553 E.00877
G1 X82.645 Y90.865 E.01498
G1 X83.062 Y91.106 E.0155
G1 X83.521 Y91.255 E.0155
G1 X83.906 Y91.296 E.01245
G1 X83.929 Y91.707 F18000
G1 F6000
G1 X84 Y91.715 E.00229
G1 X84.564 Y91.655 E.01825
G1 X85.104 Y91.48 E.01825
G1 X85.573 Y91.21 E.0174
G1 X85.834 Y90.998 E.01083
G1 X86.196 Y90.596 E.01739
G1 X86.48 Y90.104 E.01826
G1 X86.655 Y89.564 E.01825
G1 X86.715 Y89 E.01825
G1 X86.655 Y88.436 E.01825
G1 X86.48 Y87.896 E.01825
G1 X86.196 Y87.404 E.01826
G1 X85.817 Y86.982 E.01825
G1 X85.357 Y86.649 E.01825
G1 X84.839 Y86.418 E.01826
G1 X84.295 Y86.303 E.01787
G1 X83.884 Y86.293 E.01322
G1 X83.43 Y86.346 E.01473
G1 X82.896 Y86.52 E.01805
G1 X82.404 Y86.804 E.01826
G1 X82.002 Y87.166 E.01739
G1 X81.79 Y87.427 E.01083
G1 X81.52 Y87.896 E.0174
G1 X81.345 Y88.436 E.01825
G1 X81.285 Y89 E.01825
G1 X81.345 Y89.564 E.01825
G1 X81.52 Y90.104 E.01825
G1 X81.79 Y90.573 E.0174
G1 X82.002 Y90.834 E.01083
G1 X82.404 Y91.196 E.01739
G1 X82.896 Y91.48 E.01826
G1 X83.436 Y91.655 E.01825
G1 X83.869 Y91.701 E.01403
G1 E-1.75
;WIPE_START
G1 X84 Y91.715 E-.0985
G1 X84.564 Y91.655 E-.42566
G1 X84.851 Y91.562 E-.22583
;WIPE_END
G1 X84.714 Y91.199 Z1.24 F18000
G1 X103.689 Y116.311
G1 X116.311 Y116.311
G1 X116.311 Y115.91
G1 X115.91 Y115.91
G1 Z1.04
G1 E2.5 F6000
M204 P1000
;TYPE:Outer wall
;WIDTH:0.42
G1 F3600
G1 X115.91 Y104.09 E.35208
G1 X104.09 Y104.09 E.35208
G1 X104.09 Y115.91 E.35208
G1 X115.85 Y115.91 E.35029
G1 X115.85 Y116.311 F18000
G1 X116.311 Y116.311
G1 X116.311 Y116.302
G1 X116.302 Y116.302
M204 P1500
;TYPE:Inner wall
;WIDTH:0.45
G1 F6000
G1 X116.302 Y103.698 E.4053
G1 X103.698 Y103.698 E.4053
G1 X103.698 Y116.302 E.4053
G1 X116.242 Y116.302 E.40337
G1 X116.709 Y116.709 F18000
G1 F6000
G1 X116.709 Y103.291 E.43148
G1 X103.291 Y103.291 E.43148
G1 X103.291 Y116.709 E.43148
G1 X116.649 Y116.709 E.42955
G1 X117.435 Y115.151 F18000
M204 P2000
;TYPE:Sparse infill
G1 F6205.95
G1 X117.435 Y117.435 E.07343
G1 X142.154 Y142.154 E1.12416
G1 X141.964 Y142.326 E.00826
G1 X141.667 Y142.498 E.01102
G1 X141.341 Y142.603 E.011
G1 X140.956 Y142.643 E.01246
G1 X140.156 Y142.643 E.02574
G1 X114.948 Y117.435 E1.14636
G1 X112.46 Y117.435 E.07997
G1 X137.669 Y142.643 E1.14636
G1 X135.182 Y142.643 E.07997
G1 X109.973 Y117.435 E1.14636
G1 X107.486 Y117.435 E.07997
G1 X132.695 Y142.643 E1.14636
G1 X130.208 Y142.643 E.07997
G1 X104.999 Y117.435 E1.14636
G1 X107.283 Y117.435 E.07343
G1 X77.357 Y139.736 F18000
G1 F6205.95
G1 X77.357 Y140.956 E.03922
G1 X77.397 Y141.341 E.01246
G1 X77.502 Y141.667 E.011
G1 X77.674 Y141.964 E.01102
G1 X77.903 Y142.218 E.01102
G1 X78.18 Y142.42 E.01101
G1 X78.493 Y142.559 E.01102
G1 X78.838 Y142.632 E.01132
G1 X80.467 Y142.643 E.0524
G1 X77.357 Y139.533 E.14142
G1 X77.357 Y137.046 E.07997
G1 X82.954 Y142.643 E.25452
G1 X85.441 Y142.643 E.07997
G1 X77.357 Y134.559 E.36762
G1 X77.357 Y132.072 E.07997
G1 X87.928 Y142.643 E.48072
G1 X90.415 Y142.643 E.07997
G1 X77.357 Y129.585 E.59382
G1 X77.357 Y127.098 E.07997
G1 X80.966 Y130.706 E.1641
G1 X80.935 Y131 E.0095
G1 X81.002 Y131.637 E.0206
G1 X81.2 Y132.247 E.0206
G1 X81.503 Y132.771 E.01946
G1 X81.749 Y133.075 E.01259
G1 X82.198 Y133.48 E.01944
G1 X82.753 Y133.8 E.02061
G1 X83.363 Y133.998 E.0206
G1 X84 Y134.065 E.0206
G1 X84.294 Y134.034 E.0095
G1 X92.902 Y142.643 E.39148
G1 X95.389 Y142.643 E.07997
G1 X86.032 Y133.286 E.42552
G1 X86.48 Y132.802 E.02119
G1 X86.8 Y132.247 E.02061
G1 X86.967 Y131.733 E.01736
G1 X97.876 Y142.643 E.49612
G1 X100.363 Y142.643 E.07997
G1 X77.357 Y119.637 E1.04622
G1 X77.357 Y122.124 E.07997
G1 X83.267 Y128.033 E.26874
G1 X82.753 Y128.2 E.01736
G1 X82.198 Y128.52 E.02061
G1 X81.714 Y128.968 E.02119
G1 X77.357 Y124.611 E.19814
G1 X77.357 Y122.327 E.07343
G1 X77.357 Y114.866 F18000
G1 F6205.95
G1 X77.357 Y117.15 E.07343
G1 X102.85 Y142.643 E1.15932
G1 X105.337 Y142.643 E.07997
G1 X77.357 Y114.663 E1.27242
G1 X77.357 Y112.176 E.07997
G1 X107.824 Y142.643 E1.38552
G1 X110.311 Y142.643 E.07997
G1 X77.357 Y109.689 E1.49861
G1 X77.357 Y107.202 E.07997
G1 X112.798 Y142.643 E1.61171
G1 X115.285 Y142.643 E.07997
G1 X77.357 Y104.715 E1.72481
G1 X77.357 Y102.228 E.07997
G1 X117.772 Y142.643 E1.83791
G1 X120.259 Y142.643 E.07997
G1 X77.357 Y99.741 E1.95101
G1 X77.357 Y97.254 E.07997
G1 X122.746 Y142.643 E2.06411
G1 X120.463 Y142.643 E.07343
G1 X136.297 Y134.034 F18000
G1 F6205.95
G1 X136 Y134.065 E.00961
G1 X135.363 Y133.998 E.0206
G1 X134.753 Y133.8 E.0206
G1 X134.198 Y133.48 E.02061
G1 X133.749 Y133.075 E.01944
G1 X133.503 Y132.771 E.01259
G1 X133.2 Y132.247 E.01946
G1 X133.002 Y131.637 E.0206
G1 X132.935 Y131 E.0206
G1 X132.987 Y130.5 E.01615
G1 X117.435 Y114.948 E.70729
G1 X117.435 Y112.46 E.07997
G1 X133.828 Y128.854 E.74551
G1 X134.198 Y128.52 E.01602
G1 X134.753 Y128.2 E.02061
G1 X135.355 Y128.005 E.02033
G1 X135.454 Y127.993 E.00321
G1 X117.435 Y109.973 E.81945
G1 X117.435 Y107.486 E.07997
G1 X142.643 Y132.695 E1.14636
G1 X142.643 Y135.182 E.07997
G1 X139.008 Y131.547 E.16531
G1 X138.998 Y131.637 E.00293
G1 X138.8 Y132.247 E.0206
G1 X138.48 Y132.802 E.02061
G1 X138.146 Y133.172 E.01602
G1 X142.643 Y137.669 E.20448
G1 X142.643 Y140.156 E.07997
G1 X136.5 Y134.013 E.27936
G1 X136.637 Y133.998 E.00445
G1 X137.247 Y133.8 E.0206
G1 X137.771 Y133.497 E.01946
G1 X137.999 Y133.312 E.00946
G1 X142.643 Y117.569 F18000
G1 F6205.95
G1 X142.643 Y115.285 E.07343
G1 X104.715 Y77.357 E1.72481
G1 X102.228 Y77.357 E.07997
G1 X142.643 Y117.772 E1.83791
G1 X142.643 Y120.259 E.07997
G1 X99.741 Y77.357 E1.95101
G1 X97.254 Y77.357 E.07997
G1 X142.643 Y122.746 E2.06411
G1 X142.643 Y125.233 E.07997
G1 X94.767 Y77.357 E2.17721
G1 X92.28 Y77.357 E.07997
G1 X142.643 Y127.721 E2.29031
G1 X142.643 Y130.208 E.07997
G1 X117.435 Y104.999 E1.14636
G1 X117.435 Y107.283 E.07343
G1 X116.311 Y103.689 F18000
G1 X112.717 Y102.565
G1 F6205.95
G1 X115.001 Y102.565 E.07343
G1 X89.792 Y77.357 E1.14636
G1 X87.305 Y77.357 E.07997
G1 X112.514 Y102.565 E1.14636
G1 X110.027 Y102.565 E.07997
G1 X84.818 Y77.357 E1.14636
G1 X82.331 Y77.357 E.07997
G1 X107.54 Y102.565 E1.14636
G1 X105.053 Y102.565 E.07997
G1 X79.844 Y77.357 E1.14636
G1 X79.044 Y77.357 E.02574
G1 X78.659 Y77.397 E.01246
G1 X78.333 Y77.502 E.011
G1 X78.036 Y77.674 E.01102
G1 X77.846 Y77.846 E.00826
G1 X102.565 Y102.565 E1.12416
G1 X102.565 Y104.849 E.07343
G1 X102.928 Y103.087 F18000
;TYPE:Internal solid infill
;WIDTH:0.3832
G1 F6000
G1 X102.929 Y116.94 E.37237
G1 X102.955 Y117.045 E.00289
G1 X103.087 Y117.072 E.00362
G1 X116.94 Y117.071 E.37237
G1 X117.045 Y117.045 E.00289
G1 X117.072 Y116.913 E.00362
G1 X117.072 Y103.087 E.37162
G1 X117.045 Y102.955 E.00362
G1 X116.913 Y102.928 E.00362
G1 X103.06 Y102.929 E.37237
G1 X102.955 Y102.955 E.00289
G1 X102.94 Y103.029 E.00201
G1 X102.565 Y107.743 F18000
;TYPE:Sparse infill
;WIDTH:0.45
G1 F6205.95
G1 X102.565 Y110.027 E.07343
G1 X84.547 Y92.008 E.81943
G1 X84.637 Y91.998 E.00293
G1 X85.247 Y91.8 E.0206
G1 X85.771 Y91.497 E.01946
G1 X86.075 Y91.251 E.01259
G1 X86.171 Y91.145 E.0046
G1 X102.565 Y107.54 E.74557
G1 X102.565 Y105.053 E.07997
G1 X87.013 Y89.5 E.70729
G1 X87.065 Y89 E.01615
G1 X86.998 Y88.363 E.0206
G1 X86.8 Y87.753 E.0206
G1 X86.48 Y87.198 E.02061
G1 X86.051 Y86.722 E.0206
G1 X85.533 Y86.346 E.0206
G1 X84.947 Y86.085 E.02061
G1 X84.336 Y85.955 E.02009
G1 X83.868 Y85.944 E.01505
G1 X83.5 Y85.987 E.0119
G1 X77.357 Y79.844 E.27936
G1 X77.357 Y82.331 E.07997
G1 X81.855 Y86.829 E.20454
G1 X81.749 Y86.925 E.0046
G1 X81.503 Y87.229 E.01259
G1 X81.2 Y87.753 E.01946
G1 X81.002 Y88.363 E.0206
G1 X80.992 Y88.453 E.00293
G1 X77.357 Y84.818 E.16531
G1 X77.357 Y87.305 E.07997
G1 X102.565 Y112.514 E1.14636
G1 X102.565 Y115.001 E.07997
G1 X77.357 Y89.792 E1.14636
G1 X77.357 Y92.28 E.07997
G1 X127.721 Y142.643 E2.29031
G1 X125.233 Y142.643 E.07997
G1 X77.357 Y94.767 E2.17721
G1 X77.357 Y92.483 E.07343
G1 X76.611 Y92.483 F18000
G1 X79.016 Y76.611
G1 X109.485 Y76.611
G1 X109.485 Y77.357
G1 F6205.95
G1 X107.202 Y77.357 E.07343
G1 X142.643 Y112.798 E1.61171
G1 X142.643 Y110.311 E.07997
G1 X109.689 Y77.357 E1.49861
G1 X112.176 Y77.357 E.07997
G1 X142.643 Y107.824 E1.38552
G1 X142.643 Y105.337 E.07997
G1 X114.663 Y77.357 E1.27242
G1 X117.15 Y77.357 E.07997
G1 X142.643 Y102.85 E1.15932
G1 X142.643 Y105.134 E.07343
G1 X142.643 Y93.106 F18000
G1 F6205.95
G1 X142.643 Y95.389 E.07343
G1 X138.278 Y91.025 E.19847
G1 X138.075 Y91.251 E.00978
G1 X137.771 Y91.497 E.01259
G1 X137.247 Y91.8 E.01946
G1 X136.733 Y91.967 E.01736
G1 X142.643 Y97.876 E.26874
G1 X142.643 Y100.363 E.07997
G1 X119.637 Y77.357 E1.04622
G1 X122.124 Y77.357 E.07997
G1 X133.033 Y88.267 E.49612
G1 X133.2 Y87.753 E.01736
G1 X133.503 Y87.229 E.01946
G1 X133.749 Y86.925 E.01259
G1 X133.975 Y86.722 E.00977
G1 X124.611 Y77.357 E.42585
G1 X127.098 Y77.357 E.07997
G1 X135.704 Y85.964 E.39137
G1 X135.868 Y85.944 E.00532
G1 X136.336 Y85.955 E.01505
G1 X136.947 Y86.085 E.02009
G1 X137.533 Y86.346 E.02061
G1 X138.051 Y86.722 E.0206
G1 X138.48 Y87.198 E.0206
G1 X138.8 Y87.753 E.02061
G1 X138.998 Y88.363 E.0206
G1 X139.065 Y89 E.0206
G1 X139.034 Y89.294 E.0095
G1 X142.643 Y92.902 E.1641
G1 X142.643 Y90.415 E.07997
G1 X129.585 Y77.357 E.59382
G1 X132.072 Y77.357 E.07997
G1 X142.643 Y87.928 E.48072
G1 X142.643 Y85.441 E.07997
G1 X134.559 Y77.357 E.36762
G1 X137.046 Y77.357 E.07997
G1 X142.643 Y82.954 E.25452
G1 X142.643 Y80.467 E.07997
G1 X139.533 Y77.357 E.14142
G1 X141.162 Y77.368 E.0524
G1 X141.507 Y77.441 E.01132
G1 X141.828 Y77.584 E.01132
G1 X141.957 Y77.668 E.00493
G1 X142.218 Y77.903 E.01132
G1 X142.42 Y78.18 E.01101
G1 X142.559 Y78.493 E.01102
G1 X142.632 Y78.838 E.01132
G1 X142.643 Y80.264 E.04586
; stop printing object top_plate.stl id:4653052573991952974 copy 0
;LAYER_CHANGE
;Z:1.24
;HEIGHT:0.2
G92 E0 ; zero the extruded length again
; BEFORE_LAYER_CHANGE 5 @ 1.24mm
G1 E-1.75 F6000
;WIPE_START
G1 F6205.95
G1 X142.635 Y79.264 E-.75
;WIPE_END
; AFTER_LAYER_CHANGE 5 @ 1.24mm
;_SET_FAN_SPEED_CHANGING_LAYER
; printing object top_plate.stl id:4653052573991952974 copy 0
G1 F18000
G1 X143.111 Y79.4929 Z1.26857
G1 X143.229 Y80.0076 Z1.29714
G1 X142.899 Y80.4205 Z1.32571
G1 X142.371 Y80.4205 Z1.35429
G1 X142.042 Y80.0076 Z1.38286
G1 X142.16 Y79.4929 Z1.41143
G1 X142.635 Y79.2638 Z1.44
G1 X143.389 Y79.264 Z1.44
G1 X140.984 Y143.389
G1 X140.984 Y143.389
G1 X140.995 Y143.79
G1 Z1.24
G1 E2.5 F6000
M204 P1000
;TYPE:Outer wall
;WIDTH:0.42
G1 F3600
G1 X79.005 Y143.79 E1.84644
G1 X78.708 Y143.774 E.00886
G1 X78.42 Y143.729 E.0087
G1 X78.138 Y143.653 E.0087
G1 X77.865 Y143.549 E.0087
G1 X77.605 Y143.416 E.0087
G1 X77.36 Y143.257 E.0087
G1 X77.133 Y143.073 E.0087
G1 X76.927 Y142.867 E.0087
G1 X76.743 Y142.64 E.0087
G1 X76.584 Y142.395 E.0087
G1 X76.452 Y142.135 E.0087
G1 X76.347 Y141.862 E.0087
G1 X76.271 Y141.58 E.0087
G1 X76.226 Y141.292 E.0087
G1 X76.21 Y140.995 E.00886
G1 X76.21 Y79.005 E1.84644
G1 X76.226 Y78.708 E.00886
G1 X76.271 Y78.42 E.0087
G1 X76.347 Y78.138 E.0087
G1 X76.452 Y77.865 E.0087
G1 X76.584 Y77.605 E.0087
G1 X76.743 Y77.36 E.0087
G1 X76.927 Y77.133 E.0087
G1 X77.133 Y76.927 E.0087
G1 X77.36 Y76.743 E.0087
G1 X77.605 Y76.584 E.0087
G1 X77.865 Y76.452 E.0087
G1 X78.138 Y76.347 E.0087
G1 X78.42 Y76.271 E.0087
G1 X78.708 Y76.226 E.0087
G1 X79.005 Y76.21 E.00886
G1 X140.995 Y76.21 E1.84644
G1 X141.292 Y76.226 E.00886
G1 X141.58 Y76.271 E.0087
G1 X141.862 Y76.347 E.0087
G1 X142.135 Y76.451 E.0087
G1 X142.395 Y76.584 E.0087
G1 X142.64 Y76.743 E.0087
G1 X142.867 Y76.927 E.0087
G1 X143.073 Y77.133 E.0087
G1 X143.257 Y77.36 E.0087
G1 X143.416 Y77.605 E.0087
G1 X143.548 Y77.865 E.0087
G1 X143.653 Y78.138 E.0087
G1 X143.729 Y78.42 E.0087
G1 X143.774 Y78.708 E.0087
G1 X143.79 Y79.005 E.00886
G1 X143.79 Y140.995 E1.84644
G1 X143.774 Y141.292 E.00886
G1 X143.729 Y141.58 E.0087
G1 X143.653 Y141.862 E.0087
G1 X143.549 Y142.135 E.0087
G1 X143.416 Y142.395 E.0087
G1 X143.257 Y142.64 E.0087
G1 X143.073 Y142.867 E.0087
G1 X142.867 Y143.073 E.0087
G1 X142.64 Y143.257 E.0087
G1 X142.395 Y143.416 E.0087
G1 X142.135 Y143.548 E.0087
G1 X141.862 Y143.653 E.0087
G1 X141.58 Y143.729 E.0087
G1 X141.292 Y143.774 E.0087
G1 X141.054 Y143.787 E.00707
G1 X141.034 Y143.387 F18000
G1 X140.984 Y143.389
G1 X140.984 Y143.389
G1 X140.984 Y143.398
M204 P1500
;TYPE:Inner wall
;WIDTH:0.45
G1 F6000
G1 X79.016 Y143.398 E1.99268
G1 X78.749 Y143.384 E.00857
G1 X78.502 Y143.345 E.00807
G1 X78.259 Y143.28 E.00807
G1 X78.025 Y143.19 E.00807
G1 X77.801 Y143.076 E.00807
G1 X77.591 Y142.939 E.00806
G1 X77.396 Y142.781 E.00807
G1 X77.219 Y142.604 E.00807
G1 X77.061 Y142.409 E.00807
G1 X76.924 Y142.199 E.00806
G1 X76.81 Y141.975 E.00807
G1 X76.72 Y141.741 E.00807
G1 X76.655 Y141.498 E.00807
G1 X76.616 Y141.251 E.00807
G1 X76.602 Y140.984 E.00857
G1 X76.602 Y79.016 E1.99268
G1 X76.616 Y78.749 E.00857
G1 X76.655 Y78.502 E.00807
G1 X76.72 Y78.259 E.00807
G1 X76.81 Y78.025 E.00807
G1 X76.924 Y77.801 E.00807
G1 X77.061 Y77.591 E.00806
G1 X77.219 Y77.396 E.00807
G1 X77.396 Y77.219 E.00807
G1 X77.591 Y77.061 E.00807
G1 X77.801 Y76.924 E.00806
G1 X78.025 Y76.81 E.00807
G1 X78.259 Y76.72 E.00807
G1 X78.502 Y76.655 E.00807
G1 X78.749 Y76.616 E.00807
G1 X79.016 Y76.602 E.00857
G1 X140.984 Y76.602 E1.99268
G1 X141.251 Y76.616 E.00857
G1 X141.498 Y76.655 E.00807
G1 X141.741 Y76.72 E.00807
G1 X141.975 Y76.81 E.00807
G1 X142.199 Y76.924 E.00807
G1 X142.409 Y77.061 E.00806
G1 X142.604 Y77.219 E.00807
G1 X142.781 Y77.396 E.00807
G1 X142.939 Y77.591 E.00807
G1 X143.076 Y77.801 E.00806
G1 X143.19 Y78.025 E.00807
G1 X143.28 Y78.259 E.00807
G1 X143.345 Y78.502 E.00807
G1 X143.384 Y78.749 E.00807
G1 X143.398 Y79.016 E.00857
G1 X143.398 Y140.984 E1.99268
G1 X143.384 Y141.251 E.00857
G1 X143.345 Y141.498 E.00807
G1 X143.28 Y141.741 E.00807
G1 X143.19 Y141.975 E.00807
G1 X143.076 Y142.199 E.00807
G1 X142.939 Y142.409 E.00806
G1 X142.781 Y142.604 E.00807
G1 X142.604 Y142.781 E.00807
G1 X142.409 Y142.939 E.00807
G1 X142.199 Y143.076 E.00806
G1 X141.975 Y143.19 E.00807
G1 X141.741 Y143.28 E.00807
G1 X141.498 Y143.345 E.00807
G1 X141.251 Y143.384 E.00807
G1 X141.044 Y143.395 E.00664
G1 X140.974 Y142.991 F18000
G1 F6000
G1 X79.026 Y142.991 E1.992
G1 X78.792 Y142.979 E.00754
G1 X78.385 Y142.892 E.01338
G1 X78.005 Y142.723 E.01338
G1 X77.669 Y142.479 E.01337
G1 X77.39 Y142.169 E.01338
G1 X77.183 Y141.809 E.01337
G1 X77.054 Y141.414 E.01337
G1 X77.009 Y140.974 E.01422
G1 X77.009 Y79.026 E1.992
G1 X77.021 Y78.792 E.00754
G1 X77.108 Y78.385 E.01338
G1 X77.277 Y78.005 E.01338
G1 X77.521 Y77.669 E.01337
G1 X77.831 Y77.39 E.01338
G1 X78.191 Y77.183 E.01337
G1 X78.586 Y77.054 E.01337
G1 X79.026 Y77.009 E.01422
G1 X140.974 Y77.009 E1.992
G1 X141.208 Y77.021 E.00754
G1 X141.615 Y77.108 E.01338
G1 X141.995 Y77.277 E.01338
G1 X142.169 Y77.39 E.00669
G1 X142.479 Y77.669 E.01338
G1 X142.723 Y78.005 E.01337
G1 X142.892 Y78.385 E.01338
G1 X142.979 Y78.792 E.01338
G1 X142.991 Y79.026 E.00754
G1 X142.991 Y140.974 E1.992
G1 X142.979 Y141.208 E.00754
G1 X142.892 Y141.615 E.01338
G1 X142.723 Y141.995 E.01338
G1 X142.479 Y142.331 E.01337
G1 X142.169 Y142.61 E.01338
G1 X141.809 Y142.817 E.01337
G1 X141.414 Y142.946 E.01337
G1 X141.033 Y142.985 E.01229
G1 E-1.75
;WIPE_START
G1 X140.033 Y142.985 E-.75
;WIPE_END
G1 X140.033 Y143.389 Z1.44 F18000
G1 X135.95 Y91.309
G1 X135.971 Y90.908
G1 Z1.24
G1 E2.5 F6000
M204 P1000
;TYPE:Outer wall
;WIDTH:0.42
G1 F3600
G1 X136 Y90.911 E.00087
G1 X136.397 Y90.869 E.0119
G1 X136.777 Y90.746 E.0119
G1 X137.119 Y90.549 E.01174
G1 X137.283 Y90.416 E.00628
G1 X137.546 Y90.123 E.01173
G1 X137.746 Y89.777 E.0119
G1 X137.869 Y89.397 E.0119
G1 X137.911 Y89 E.0119
G1 X137.869 Y88.603 E.0119
G1 X137.746 Y88.223 E.0119
G1 X137.546 Y87.877 E.0119
G1 X137.279 Y87.58 E.0119
G1 X136.956 Y87.345 E.0119
G1 X136.591 Y87.182 E.0119
G1 X136.202 Y87.1 E.01184
G1 X135.908 Y87.094 E.00875
G1 X135.601 Y87.131 E.00921
G1 X135.223 Y87.254 E.01185
G1 X134.877 Y87.454 E.0119
G1 X134.584 Y87.717 E.01173
G1 X134.451 Y87.881 E.00628
G1 X134.254 Y88.223 E.01174
G1 X134.131 Y88.603 E.0119
G1 X134.089 Y89 E.0119
G1 X134.131 Y89.397 E.0119
G1 X134.254 Y89.777 E.0119
G1 X134.451 Y90.119 E.01174
G1 X134.584 Y90.283 E.00628
G1 X134.877 Y90.546 E.01173
G1 X135.223 Y90.746 E.0119
G1 X135.603 Y90.869 E.0119
G1 X135.911 Y90.902 E.00924
G1 X135.89 Y91.306 F18000
G1 X136 Y91.312
G1 X136.036 Y91.31
G1 X136.036 Y91.302
M204 P1500
;TYPE:Inner wall
;WIDTH:0.45
G1 F6000
G1 X136.479 Y91.255 E.01434
G1 X136.938 Y91.106 E.0155
G1 X137.342 Y90.873 E.01499
G1 X137.553 Y90.701 E.00877
G1 X137.865 Y90.355 E.01498
G1 X138.106 Y89.938 E.0155
G1 X138.255 Y89.479 E.0155
G1 X138.306 Y89 E.0155
G1 X138.255 Y88.521 E.0155
G1 X138.106 Y88.062 E.0155
G1 X137.865 Y87.645 E.0155
G1 X137.543 Y87.287 E.0155
G1 X137.153 Y87.003 E.0155
G1 X136.712 Y86.807 E.0155
G1 X136.247 Y86.708 E.01531
G1 X135.888 Y86.701 E.01153
G1 X135.516 Y86.746 E.01205
G1 X135.062 Y86.894 E.01535
G1 X134.645 Y87.135 E.0155
G1 X134.299 Y87.447 E.01498
G1 X134.127 Y87.658 E.00877
G1 X133.894 Y88.062 E.01499
G1 X133.745 Y88.521 E.0155
G1 X133.694 Y89 E.0155
G1 X133.745 Y89.479 E.0155
G1 X133.894 Y89.938 E.0155
G1 X134.127 Y90.342 E.01499
G1 X134.299 Y90.553 E.00877
G1 X134.645 Y90.865 E.01498
G1 X135.062 Y91.106 E.0155
G1 X135.521 Y91.255 E.0155
G1 X135.976 Y91.303 E.01473
G1 X136.072 Y91.707 F18000
G1 F6000
G1 X136.564 Y91.655 E.01592
G1 X137.104 Y91.48 E.01825
G1 X137.573 Y91.21 E.0174
G1 X137.834 Y90.998 E.01083
G1 X138.196 Y90.596 E.01739
G1 X138.48 Y90.104 E.01826
G1 X138.655 Y89.564 E.01825
G1 X138.715 Y89 E.01825
G1 X138.655 Y88.436 E.01825
G1 X138.48 Y87.896 E.01825
G1 X138.196 Y87.404 E.01826
G1 X137.817 Y86.982 E.01825
G1 X137.357 Y86.649 E.01825
G1 X136.839 Y86.418 E.01826
G1 X136.293 Y86.302 E.01793
G1 X135.868 Y86.294 E.0137
G1 X135.428 Y86.347 E.01424
G1 X134.896 Y86.52 E.018
G1 X134.404 Y86.804 E.01826
G1 X134.002 Y87.166 E.01739
G1 X133.79 Y87.427 E.01083
G1 X133.52 Y87.896 E.0174
G1 X133.345 Y88.436 E.01825
G1 X133.285 Y89 E.01825
G1 X133.345 Y89.564 E.01825
G1 X133.52 Y90.104 E.01825
G1 X133.79 Y90.573 E.0174
G1 X134.002 Y90.834 E.01083
G1 X134.404 Y91.196 E.01739
G1 X134.896 Y91.48 E.01826
G1 X135.436 Y91.655 E.01825
G1 X136 Y91.715 E.01825
G1 X136.012 Y91.714 E.0004
G1 E-1.75
;WIPE_START
G1 X136.564 Y91.655 E-.41629
G1 X136.988 Y91.518 E-.33371
;WIPE_END
G1 X136.846 Y91.148 Z1.44 F18000
G1 X138.312 Y131
G1 X138.299 Y131.242
G1 X138.261 Y131.481
G1 X138.199 Y131.714
G1 X138.112 Y131.94
G1 X138.002 Y132.156
G1 X137.87 Y132.359
G1 X137.718 Y132.547
G1 X137.547 Y132.718
G1 X137.359 Y132.87
G1 X137.156 Y133.002
G1 X136.94 Y133.112
G1 X136.714 Y133.199
G1 X136.481 Y133.261
G1 X136.242 Y133.299
G1 X136.131 Y133.305
G1 X136.11 Y132.9
G1 Z1.24
G1 E2.5 F6000
M204 P1000
;TYPE:Outer wall
;WIDTH:0.42
G1 F3600
G1 X136.397 Y132.869 E.00862
G1 X136.777 Y132.746 E.0119
G1 X137.119 Y132.549 E.01174
G1 X137.283 Y132.416 E.00628
G1 X137.546 Y132.123 E.01173
G1 X137.746 Y131.777 E.0119
G1 X137.869 Y131.397 E.0119
G1 X137.911 Y131 E.0119
G1 X137.869 Y130.603 E.0119
G1 X137.746 Y130.223 E.0119
G1 X137.546 Y129.877 E.0119
G1 X137.279 Y129.58 E.0119
G1 X136.956 Y129.345 E.0119
G1 X136.591 Y129.182 E.0119
G1 X136.202 Y129.1 E.01184
G1 X135.908 Y129.094 E.00875
G1 X135.601 Y129.131 E.00921
G1 X135.223 Y129.254 E.01185
G1 X134.877 Y129.454 E.0119
G1 X134.584 Y129.717 E.01173
G1 X134.451 Y129.881 E.00628
G1 X134.254 Y130.223 E.01174
G1 X134.131 Y130.603 E.0119
G1 X134.089 Y131 E.0119
G1 X134.131 Y131.397 E.0119
G1 X134.254 Y131.777 E.0119
G1 X134.451 Y132.119 E.01174
G1 X134.584 Y132.283 E.00628
G1 X134.877 Y132.546 E.01173
G1 X135.223 Y132.746 E.0119
G1 X135.603 Y132.869 E.0119
G1 X136 Y132.911 E.0119
G1 X136.05 Y132.906 E.0015
G1 X136.071 Y133.308 F18000
G1 X136.036 Y133.31
G1 X136.036 Y133.302
M204 P1500
;TYPE:Inner wall
;WIDTH:0.45
G1 F6000
G1 X136.479 Y133.255 E.01434
G1 X136.938 Y133.106 E.0155
G1 X137.342 Y132.873 E.01499
G1 X137.553 Y132.701 E.00877
G1 X137.865 Y132.355 E.01498
G1 X138.106 Y131.938 E.0155
G1 X138.255 Y131.479 E.0155
G1 X138.306 Y131 E.0155
G1 X138.255 Y130.521 E.0155
G1 X138.106 Y130.062 E.0155
G1 X137.865 Y129.645 E.0155
G1 X137.543 Y129.287 E.0155
G1 X137.153 Y129.003 E.0155
G1 X136.712 Y128.807 E.0155
G1 X136.247 Y128.708 E.01531
G1 X135.888 Y128.701 E.01153
G1 X135.516 Y128.746 E.01205
G1 X135.062 Y128.894 E.01535
G1 X134.645 Y129.135 E.0155
G1 X134.299 Y129.447 E.01498
G1 X134.127 Y129.658 E.00877
G1 X133.894 Y130.062 E.01499
G1 X133.745 Y130.521 E.0155
G1 X133.694 Y131 E.0155
G1 X133.745 Y131.479 E.0155
G1 X133.894 Y131.938 E.0155
G1 X134.127 Y132.342 E.01499
G1 X134.299 Y132.553 E.00877
G1 X134.645 Y132.865 E.01498
G1 X135.062 Y133.106 E.0155
G1 X135.521 Y133.255 E.0155
G1 X135.976 Y133.303 E.01473
G1 X136.072 Y133.707 F18000
G1 F6000
G1 X136.564 Y133.655 E.01592
G1 X137.104 Y133.48 E.01825
G1 X137.573 Y133.21 E.0174
G1 X137.834 Y132.998 E.01083
G1 X138.196 Y132.596 E.01739
G1 X138.48 Y132.104 E.01826
G1 X138.655 Y131.564 E.01825
G1 X138.715 Y131 E.01825
G1 X138.655 Y130.436 E.01825
G1 X138.48 Y129.896 E.01825
G1 X138.196 Y129.404 E.01826
G1 X137.817 Y128.982 E.01825
G1 X137.357 Y128.649 E.01825
G1 X136.839 Y128.418 E.01826
G1 X136.293 Y128.302 E.01793
G1 X135.868 Y128.294 E.0137
G1 X135.428 Y128.347 E.01424
G1 X134.896 Y128.52 E.018
G1 X134.404 Y128.804 E.01826
G1 X134.002 Y129.166 E.01739
G1 X133.79 Y129.427 E.01083
G1 X133.52 Y129.896 E.0174
G1 X133.345 Y130.436 E.01825
G1 X133.285 Y131 E.01825
G1 X133.345 Y131.564 E.01825
G1 X133.52 Y132.104 E.01825
G1 X133.79 Y132.573 E.0174
G1 X134.002 Y132.834 E.01083
G1 X134.404 Y133.196 E.01739
G1 X134.896 Y133.48 E.01826
G1 X135.436 Y133.655 E.01825
G1 X136 Y133.715 E.01825
G1 X136.012 Y133.714 E.0004
G1 E-1.75
;WIPE_START
G1 X136.564 Y133.655 E-.41627
G1 X136.988 Y133.518 E-.33373
;WIPE_END
G1 X136.846 Y133.148 Z1.44 F18000
G1 X85.277 Y132.923
G1 X85.156 Y133.002
G1 X84.94 Y133.112
G1 X84.714 Y133.199
G1 X84.481 Y133.261
G1 X84.242 Y133.299
G1 X84 Y133.312
G1 X83.95 Y133.309
G1 X83.971 Y132.908
G1 Z1.24
G1 E2.5 F6000
M204 P1000
;TYPE:Outer wall
;WIDTH:0.42
G1 F3600
G1 X84 Y132.911 E.00087
G1 X84.397 Y132.869 E.0119
G1 X84.777 Y132.746 E.0119
G1 X85.119 Y132.549 E.01174
G1 X85.283 Y132.416 E.00628
G1 X85.546 Y132.123 E.01173
G1 X85.746 Y131.777 E.0119
G1 X85.869 Y131.397 E.0119
G1 X85.911 Y131 E.0119
G1 X85.869 Y130.603 E.0119
G1 X85.746 Y130.223 E.0119
G1 X85.546 Y129.877 E.0119
G1 X85.279 Y129.58 E.0119
G1 X84.956 Y129.345 E.0119
G1 X84.591 Y129.182 E.0119
G1 X84.202 Y129.1 E.01184
G1 X83.908 Y129.094 E.00875
G1 X83.601 Y129.131 E.00921
G1 X83.223 Y129.254 E.01185
G1 X82.877 Y129.454 E.0119
G1 X82.584 Y129.717 E.01173
G1 X82.451 Y129.881 E.00628
G1 X82.254 Y130.223 E.01174
G1 X82.131 Y130.603 E.0119
G1 X82.089 Y131 E.0119
G1 X82.131 Y131.397 E.0119
G1 X82.254 Y131.777 E.0119
G1 X82.451 Y132.119 E.01174
G1 X82.584 Y132.283 E.00628
G1 X82.877 Y132.546 E.01173
G1 X83.223 Y132.746 E.0119
G1 X83.603 Y132.869 E.0119
G1 X83.911 Y132.902 E.00924
G1 X83.89 Y133.306 F18000
G1 X83.964 Y133.31
G1 X83.964 Y133.302
M204 P1500
;TYPE:Inner wall
;WIDTH:0.45
G1 F6000
G1 X84 Y133.306 E.00116
G1 X84.479 Y133.255 E.0155
G1 X84.938 Y133.106 E.0155
G1 X85.342 Y132.873 E.01499
G1 X85.553 Y132.701 E.00877
G1 X85.865 Y132.355 E.01498
G1 X86.106 Y131.938 E.0155
G1 X86.255 Y131.479 E.0155
G1 X86.306 Y131 E.0155
G1 X86.255 Y130.521 E.0155
G1 X86.106 Y130.062 E.0155
G1 X85.865 Y129.645 E.0155
G1 X85.543 Y129.287 E.0155
G1 X85.153 Y129.003 E.0155
G1 X84.712 Y128.807 E.0155
G1 X84.247 Y128.708 E.01531
G1 X83.888 Y128.701 E.01153
G1 X83.516 Y128.746 E.01205
G1 X83.062 Y128.894 E.01535
G1 X82.645 Y129.135 E.0155
G1 X82.299 Y129.447 E.01498
G1 X82.127 Y129.658 E.00877
G1 X81.894 Y130.062 E.01499
G1 X81.745 Y130.521 E.0155
G1 X81.694 Y131 E.0155
G1 X81.745 Y131.479 E.0155
G1 X81.894 Y131.938 E.0155
G1 X82.127 Y132.342 E.01499
G1 X82.299 Y132.553 E.00877
G1 X82.645 Y132.865 E.01498
G1 X83.062 Y133.106 E.0155
G1 X83.521 Y133.255 E.0155
G1 X83.904 Y133.295 E.01241
G1 X83.928 Y133.707 F18000
G1 F6000
G1 X84 Y133.715 E.00233
G1 X84.564 Y133.655 E.01825
G1 X85.104 Y133.48 E.01825
G1 X85.573 Y133.21 E.0174
G1 X85.834 Y132.998 E.01083
G1 X86.196 Y132.596 E.01739
G1 X86.48 Y132.104 E.01826
G1 X86.655 Y131.564 E.01825
G1 X86.715 Y131 E.01825
G1 X86.655 Y130.436 E.01825
G1 X86.48 Y129.896 E.01825
G1 X86.196 Y129.404 E.01826
G1 X85.817 Y128.982 E.01825
G1 X85.357 Y128.649 E.01825
G1 X84.839 Y128.418 E.01826
G1 X84.293 Y128.302 E.01793
G1 X83.868 Y128.294 E.0137
G1 X83.428 Y128.347 E.01424
G1 X82.896 Y128.52 E.018
G1 X82.404 Y128.804 E.01826
G1 X82.002 Y129.166 E.01739
G1 X81.79 Y129.427 E.01083
G1 X81.52 Y129.896 E.0174
G1 X81.345 Y130.436 E.01825
G1 X81.285 Y131 E.01825
G1 X81.345 Y131.564 E.01825
G1 X81.52 Y132.104 E.01825
G1 X81.79 Y132.573 E.0174
G1 X82.002 Y132.834 E.01083
G1 X82.404 Y133.196 E.01739
G1 X82.896 Y133.48 E.01826
G1 X83.436 Y133.655 E.01825
G1 X83.868 Y133.701 E.01399
G1 E-1.75
;WIPE_START
G1 X84 Y133.715 E-.09938
G1 X84.564 Y133.655 E-.42566
G1 X84.85 Y133.563 E-.22496
;WIPE_END
G1 X84.714 Y133.199 Z1.44 F18000
G1 X84.94 Y133.112
G1 X85.156 Y133.002
G1 X85.359 Y132.87
G1 X85.547 Y132.718
G1 X85.718 Y132.547
G1 X85.87 Y132.359
G1 X86.002 Y132.156
G1 X86.112 Y131.94
G1 X86.199 Y131.714
G1 X86.261 Y131.481
G1 X86.299 Y131.242
G1 X86.312 Y131
G1 X86.299 Y130.758
G1 X86.261 Y130.519
G1 X86.199 Y130.286
G1 X86.112 Y130.06
G1 X86.002 Y129.844
G1 X85.87 Y129.641
G1 X85.718 Y129.453
G1 X85.547 Y129.282
G1 X85.359 Y129.13
G1 X85.156 Y128.998
G1 X84.94 Y128.888
G1 X84.752 Y128.816
G1 X83.95 Y91.309
G1 X83.971 Y90.908
G1 Z1.24
G1 E2.5 F6000
M204 P1000
;TYPE:Outer wall
;WIDTH:0.42
G1 F3600
G1 X84 Y90.911 E.00087
G1 X84.397 Y90.869 E.0119
G1 X84.777 Y90.746 E.0119
G1 X85.119 Y90.549 E.01174
G1 X85.283 Y90.416 E.00628
G1 X85.546 Y90.123 E.01173
G1 X85.746 Y89.777 E.0119
G1 X85.869 Y89.397 E.0119
G1 X85.911 Y89 E.0119
G1 X85.869 Y88.603 E.0119
G1 X85.746 Y88.223 E.0119
G1 X85.546 Y87.877 E.0119
G1 X85.279 Y87.58 E.0119
G1 X84.956 Y87.345 E.0119
G1 X84.591 Y87.182 E.0119
G1 X84.202 Y87.1 E.01184
G1 X83.908 Y87.094 E.00875
G1 X83.601 Y87.131 E.00921
G1 X83.223 Y87.254 E.01185
G1 X82.877 Y87.454 E.0119
G1 X82.584 Y87.717 E.01173
G1 X82.451 Y87.881 E.00628
G1 X82.254 Y88.223 E.01174
G1 X82.131 Y88.603 E.0119
G1 X82.089 Y89 E.0119
G1 X82.131 Y89.397 E.0119
G1 X82.254 Y89.777 E.0119
G1 X82.451 Y90.119 E.01174
G1 X82.584 Y90.283 E.00628
G1 X82.877 Y90.546 E.01173
G1 X83.223 Y90.746 E.0119
G1 X83.603 Y90.869 E.0119
G1 X83.911 Y90.902 E.00924
G1 X83.89 Y91.306 F18000
G1 X83.964 Y91.31
G1 X83.964 Y91.302
M204 P1500
;TYPE:Inner wall
;WIDTH:0.45
G1 F6000
G1 X84 Y91.306 E.00116
G1 X84.479 Y91.255 E.0155
G1 X84.938 Y91.106 E.0155
G1 X85.342 Y90.873 E.01499
G1 X85.553 Y90.701 E.00877
G1 X85.865 Y90.355 E.01498
G1 X86.106 Y89.938 E.0155
G1 X86.255 Y89.479 E.0155
G1 X86.306 Y89 E.0155
G1 X86.255 Y88.521 E.0155
G1 X86.106 Y88.062 E.0155
G1 X85.865 Y87.645 E.0155
G1 X85.543 Y87.287 E.0155
G1 X85.153 Y87.003 E.0155
G1 X84.712 Y86.807 E.0155
G1 X84.247 Y86.708 E.01531
G1 X83.888 Y86.701 E.01153
G1 X83.516 Y86.746 E.01205
G1 X83.062 Y86.894 E.01535
G1 X82.645 Y87.135 E.0155
G1 X82.299 Y87.447 E.01498
G1 X82.127 Y87.658 E.00877
G1 X81.894 Y88.062 E.01499
G1 X81.745 Y88.521 E.0155
G1 X81.694 Y89 E.0155
G1 X81.745 Y89.479 E.0155
G1 X81.894 Y89.938 E.0155
G1 X82.127 Y90.342 E.01499
G1 X82.299 Y90.553 E.00877
G1 X82.645 Y90.865 E.01498
G1 X83.062 Y91.106 E.0155
G1 X83.521 Y91.255 E.0155
G1 X83.904 Y91.295 E.01241
G1 X83.928 Y91.707 F18000
G1 F6000
G1 X84 Y91.715 E.00233
G1 X84.564 Y91.655 E.01825
G1 X85.104 Y91.48 E.01825
G1 X85.573 Y91.21 E.0174
G1 X85.834 Y90.998 E.01083
G1 X86.196 Y90.596 E.01739
G1 X86.48 Y90.104 E.01826
G1 X86.655 Y89.564 E.01825
G1 X86.715 Y89 E.01825
G1 X86.655 Y88.436 E.01825
G1 X86.48 Y87.896 E.01825
G1 X86.196 Y87.404 E.01826
G1 X85.817 Y86.982 E.01825
G1 X85.357 Y86.649 E.01825
G1 X84.839 Y86.418 E.01826
G1 X84.293 Y86.302 E.01793
G1 X83.868 Y86.294 E.0137
G1 X83.428 Y86.347 E.01424
G1 X82.896 Y86.52 E.018
G1 X82.404 Y86.804 E.01826
G1 X82.002 Y87.166 E.01739
G1 X81.79 Y87.427 E.01083
G1 X81.52 Y87.896 E.0174
G1 X81.345 Y88.436 E.01825
G1 X81.285 Y89 E.01825
G1 X81.345 Y89.564 E.01825
G1 X81.52 Y90.104 E.01825
G1 X81.79 Y90.573 E.0174
G1 X82.002 Y90.834 E.01083
G1 X82.404 Y91.196 E.01739
G1 X82.896 Y91.48 E.01826
G1 X83.436 Y91.655 E.01825
G1 X83.868 Y91.701 E.01399
G1 E-1.75
;WIPE_START
G1 X84 Y91.715 E-.09938
G1 X84.564 Y91.655 E-.42566
G1 X84.85 Y91.563 E-.22496
;WIPE_END
G1 X84.714 Y91.199 Z1.44 F18000
G1 X103.689 Y116.311
G1 X116.311 Y116.311
G1 X116.311 Y115.91
G1 X115.91 Y115.91
G1 Z1.24
G1 E2.5 F6000
M204 P1000
;TYPE:Outer wall
;WIDTH:0.42
G1 F3600
G1 X115.91 Y104.09 E.35208
G1 X104.09 Y104.09 E.35208
G1 X104.09 Y115.91 E.35208
G1 X115.85 Y115.91 E.35029
G1 X115.85 Y116.311 F18000
G1 X116.311 Y116.311
G1 X116.311 Y116.302
G1 X116.302 Y116.302
M204 P1500
;TYPE:Inner wall
;WIDTH:0.45
G1 F6000
G1 X116.302 Y103.698 E.4053
G1 X103.698 Y103.698 E.4053
G1 X103.698 Y116.302 E.4053
G1 X116.242 Y116.302 E.40337
G1 X116.709 Y116.709 F18000
G1 F6000
G1 X116.709 Y103.291 E.43148
G1 X103.291 Y103.291 E.43148
G1 X103.291 Y116.709 E.43148
G1 X116.649 Y116.709 E.42955
G1 X120.152 Y117.158 F18000
M204 P500
;TYPE:Internal Bridge
;WIDTH:0.379473
;HEIGHT:0.379473
G1 F2250
M106 S127
G1 X117.295 Y120.015 E.18046
G1 X116.991 Y119.711 E.01918
G1 X119.711 Y116.991 E.17183
G1 X119.547 Y116.827 E.01036
G1 X119.979 Y116.116 E.03719
G1 X116.116 Y119.979 E.24409
G1 X115.28 Y120.487 E.04367
G1 X115.14 Y120.347 E.00882
G1 X120.347 Y115.14 E.32894
G1 X120.044 Y114.837 E.01918
G1 X114.837 Y120.044 E.32894
G1 X114.533 Y119.74 E.01918
G1 X119.74 Y114.533 E.32894
G1 X119.576 Y114.369 E.01036
G1 X120.008 Y113.657 E.03719
G1 X117.069 Y116.597 E.1857
G1 X117.069 Y117.069 E.02106
G1 X116.597 Y117.069 E.02106
G1 X113.657 Y120.008 E.1857
G1 X112.822 Y120.516 E.04367
G1 X112.682 Y120.376 E.00882
G1 X115.99 Y117.069 E.20894
G1 X115.382 Y117.069 E.02713
G1 X112.378 Y120.072 E.18976
G1 X112.075 Y119.769 E.01918
G1 X114.775 Y117.069 E.17058
G1 X114.168 Y117.069 E.02713
G1 X111.199 Y120.037 E.18752
G1 X110.364 Y120.545 E.04367
G1 X110.224 Y120.405 E.00882
G1 X113.56 Y117.069 E.21076
G1 X112.953 Y117.069 E.02713
G1 X109.92 Y120.101 E.19158
G1 X109.617 Y119.798 E.01918
G1 X112.345 Y117.069 E.17239
G1 X111.738 Y117.069 E.02713
G1 X108.741 Y120.066 E.18934
G1 X107.905 Y120.573 E.04367
G1 X107.766 Y120.434 E.00882
G1 X111.131 Y117.069 E.21258
G1 X110.523 Y117.069 E.02713
G1 X107.462 Y120.13 E.1934
G1 X107.158 Y119.826 E.01918
G1 X109.916 Y117.069 E.17421
G1 X109.309 Y117.069 E.02713
G1 X106.855 Y119.523 E.15503
G1 X106.691 Y119.359 E.01036
G1 X105.979 Y119.791 E.03719
G1 X108.701 Y117.069 E.17197
G1 X108.094 Y117.069 E.02713
G1 X105.004 Y120.159 E.19521
G1 X104.7 Y119.855 E.01918
G1 X107.487 Y117.069 E.17603
G1 X106.879 Y117.069 E.02713
G1 X104.396 Y119.551 E.15684
G1 X104.232 Y119.387 E.01036
G1 X103.521 Y119.82 E.03719
G1 X106.272 Y117.069 E.17379
G1 X105.664 Y117.069 E.02713
G1 X102.546 Y120.188 E.19703
G1 X102.242 Y119.884 E.01918
G1 X105.057 Y117.069 E.17785
G1 X104.45 Y117.069 E.02713
G1 X101.938 Y119.58 E.15866
G1 X101.774 Y119.416 E.01036
G1 X101.063 Y119.848 E.03719
G1 X103.842 Y117.069 E.17561
G1 X103.235 Y117.069 E.02713
G1 X100.087 Y120.216 E.19885
G1 X99.784 Y119.913 E.01918
G1 X102.931 Y116.765 E.19885
G1 X102.931 Y116.157 E.02713
G1 X99.785 Y119.304 E.19879
G1 X100.494 Y118.136 E.06105
G1 X100.42 Y118.062 E.0047
G1 X102.931 Y115.55 E.15867
G1 X102.931 Y114.943 E.02713
G1 X100.116 Y117.758 E.17785
G1 X99.812 Y117.454 E.01918
G1 X102.931 Y114.335 E.19704
G1 X102.931 Y113.728 E.02713
G1 X99.813 Y116.846 E.19697
G1 X100.523 Y115.678 E.06105
G1 X100.448 Y115.604 E.0047
G1 X102.931 Y113.121 E.15685
G1 X102.931 Y112.513 E.02713
G1 X100.145 Y115.3 E.17603
G1 X99.841 Y114.996 E.01918
G1 X102.931 Y111.906 E.19522
G1 X102.931 Y111.299 E.02713
G1 X99.842 Y114.388 E.19515
G1 X100.552 Y113.22 E.06105
G1 X100.477 Y113.145 E.0047
G1 X102.931 Y110.691 E.15503
G1 X102.931 Y110.084 E.02713
G1 X100.174 Y112.842 E.17422
G1 X99.87 Y112.538 E.01918
G1 X102.931 Y109.476 E.1934
G1 X102.931 Y108.869 E.02713
G1 X99.871 Y111.93 E.19333
G1 X100.58 Y110.761 E.06105
G1 X100.506 Y110.687 E.0047
G1 X102.931 Y108.262 E.15321
G1 X102.931 Y107.654 E.02713
G1 X100.202 Y110.383 E.1724
G1 X99.899 Y110.08 E.01918
G1 X102.931 Y107.047 E.19158
G1 X102.931 Y106.44 E.02713
G1 X99.9 Y109.471 E.19152
G1 X100.609 Y108.303 E.06105
G1 X100.535 Y108.229 E.0047
G1 X102.931 Y105.832 E.1514
G1 X102.931 Y105.225 E.02713
G1 X100.231 Y107.925 E.17058
G1 X99.927 Y107.621 E.01918
G1 X102.931 Y104.618 E.18976
G1 X102.931 Y104.01 E.02713
G1 X99.487 Y107.454 E.21758
G1 X103.689 Y116.311 F18000
G1 X116.311 Y116.311
G1 X116.311 Y116.183
G1 X116.875 Y116.183
G1 F2250
G1 X120.376 Y112.682 E.22115
G1 X120.072 Y112.378 E.01918
G1 X117.069 Y115.382 E.18976
G1 X117.069 Y114.775 E.02713
G1 X119.769 Y112.075 E.17058
G1 X119.605 Y111.911 E.01036
G1 X120.037 Y111.199 E.03719
G1 X117.069 Y114.168 E.18752
G1 X117.069 Y113.56 E.02713
G1 X120.405 Y110.224 E.21076
G1 X120.101 Y109.92 E.01918
G1 X117.069 Y112.953 E.19158
G1 X117.069 Y112.345 E.02713
G1 X119.798 Y109.617 E.17239
G1 X119.634 Y109.453 E.01036
G1 X120.066 Y108.741 E.03719
G1 X117.069 Y111.738 E.18934
G1 X117.069 Y111.131 E.02713
G1 X120.434 Y107.766 E.21258
G1 X120.13 Y107.462 E.01918
G1 X117.069 Y110.523 E.1934
G1 X117.069 Y109.916 E.02713
G1 X119.826 Y107.158 E.17421
G1 X119.523 Y106.855 E.01918
G1 X117.069 Y109.309 E.15503
G1 X117.069 Y108.701 E.02713
G1 X119.791 Y105.979 E.17197
G1 X120.298 Y105.143 E.04367
G1 X120.159 Y105.004 E.00882
G1 X117.069 Y108.094 E.19521
G1 X117.069 Y107.487 E.02713
G1 X119.855 Y104.7 E.17603
G1 X119.551 Y104.396 E.01918
G1 X117.069 Y106.879 E.15684
G1 X117.069 Y106.272 E.02713
G1 X119.82 Y103.521 E.17379
G1 X120.327 Y102.685 E.04367
G1 X120.188 Y102.546 E.00882
G1 X117.069 Y105.664 E.19703
G1 X117.069 Y105.057 E.02713
G1 X119.884 Y102.242 E.17785
G1 X119.58 Y101.938 E.01918
G1 X117.069 Y104.45 E.15866
G1 X117.069 Y103.842 E.02713
G1 X119.848 Y101.063 E.17561
G1 X120.356 Y100.227 E.04367
G1 X120.216 Y100.087 E.00882
G1 X117.069 Y103.235 E.19885
G1 X117.069 Y102.931 E.01356
G1 X116.765 Y102.931 E.01357
G1 X119.913 Y99.784 E.19885
G1 X119.683 Y99.554 E.01448
G1 X119.304 Y99.785 E.01982
G1 X116.158 Y102.931 E.19879
G1 X115.55 Y102.931 E.02713
G1 X118.062 Y100.42 E.15867
G1 X117.758 Y100.116 E.01918
G1 X114.943 Y102.931 E.17785
G1 X114.335 Y102.931 E.02713
G1 X117.454 Y99.812 E.19704
G1 X117.225 Y99.583 E.01448
G1 X116.846 Y99.813 E.01982
G1 X113.728 Y102.931 E.19697
G1 X113.121 Y102.931 E.02713
G1 X115.604 Y100.448 E.15685
G1 X115.3 Y100.145 E.01918
G1 X112.513 Y102.931 E.17603
G1 X111.906 Y102.931 E.02713
G1 X114.996 Y99.841 E.19522
G1 X114.767 Y99.612 E.01448
G1 X114.388 Y99.842 E.01982
G1 X111.299 Y102.931 E.19515
G1 X110.691 Y102.931 E.02713
G1 X113.145 Y100.477 E.15503
G1 X112.842 Y100.174 E.01918
G1 X110.084 Y102.931 E.17422
G1 X109.476 Y102.931 E.02713
G1 X112.538 Y99.87 E.1934
G1 X112.309 Y99.641 E.01448
G1 X111.93 Y99.871 E.01982
G1 X108.869 Y102.931 E.19333
G1 X108.262 Y102.931 E.02713
G1 X110.687 Y100.506 E.15321
G1 X110.383 Y100.202 E.01918
G1 X107.654 Y102.931 E.1724
G1 X107.047 Y102.931 E.02713
G1 X110.08 Y99.899 E.19158
G1 X109.85 Y99.669 E.01448
G1 X109.471 Y99.9 E.01982
G1 X106.44 Y102.931 E.19152
G1 X105.832 Y102.931 E.02713
G1 X108.229 Y100.535 E.1514
G1 X107.925 Y100.231 E.01918
G1 X105.225 Y102.931 E.17058
G1 X104.618 Y102.931 E.02713
G1 X107.621 Y99.927 E.18976
G1 X107.392 Y99.698 E.01448
G1 X107.013 Y99.928 E.01982
G1 X103.817 Y103.125 E.20191
G1 X106.042 Y100.292 F18000
G1 F2250
G1 X103.403 Y102.931 E.16672
G1 X102.931 Y102.931 E.02106
G1 X102.931 Y103.403 E.02106
G1 X100.564 Y105.771 E.14958
G1 X100.26 Y105.467 E.01918
G1 X105.467 Y100.26 E.32894
G1 X105.163 Y99.956 E.01918
G1 X99.956 Y105.163 E.32894
G1 X99.653 Y104.86 E.01918
G1 X104.86 Y99.653 E.32894
G1 X104.63 Y99.423 E.01448
G1 X104.251 Y99.654 E.01982
G1 X99.654 Y104.251 E.29044
G1 X100.363 Y103.083 E.06105
G1 X100.289 Y103.009 E.0047
G1 X103.009 Y100.289 E.17183
G1 X102.705 Y99.985 E.01918
G1 X99.985 Y102.705 E.17183
G1 X99.681 Y102.401 E.01918
G1 X102.538 Y99.545 E.18046
G1 X99.313 Y102.088 F18000
M204 P2000
;TYPE:Sparse infill
;WIDTH:0.45
;HEIGHT:0.2
G1 F6205.95
M106 S102
G1 X99.045 Y102.357 E.0122
G1 X99.835 Y103.147 E.03593
G1 X99.207 Y104.181 E.03891
G1 X86.171 Y91.145 E.59283
G1 X86.075 Y91.251 E.0046
G1 X85.771 Y91.497 E.01259
G1 X85.247 Y91.8 E.01946
G1 X84.637 Y91.998 E.0206
G1 X84.547 Y92.008 E.00293
G1 X99.482 Y106.943 E.67919
G1 X100.11 Y105.909 E.03891
G1 X98.895 Y104.694 E.05524
G1 X99.101 Y104.355 E.01275
G1 X100.85 Y120.467 F18000
G1 F6205.95
G1 X101.711 Y119.944 E.03237
G1 X102.622 Y120.855 E.04143
G1 X103.135 Y120.544 E.0193
G1 X125.233 Y142.643 E1.00497
G1 X127.721 Y142.643 E.07997
G1 X105.593 Y120.515 E1.00628
G1 X106.627 Y119.887 E.03891
G1 X107.842 Y121.101 E.05524
G1 X108.181 Y120.895 E.01275
G1 X110.987 Y120.655 F18000
G1 F6205.95
G1 X111.847 Y120.133 E.03237
G1 X112.758 Y121.044 E.04143
G1 X113.271 Y120.732 E.0193
G1 X135.182 Y142.643 E.99639
G1 X132.695 Y142.643 E.07997
G1 X110.813 Y120.761 E.99508
G1 X110.3 Y121.073 E.0193
G1 X109.389 Y120.162 E.04143
G1 X108.355 Y120.79 E.03891
G1 X130.208 Y142.643 E.99378
G1 X127.924 Y142.643 E.07343
G1 X135.385 Y142.643 F18000
G1 F6205.95
G1 X137.669 Y142.643 E.07343
G1 X115.729 Y120.703 E.9977
G1 X116.764 Y120.075 E.03891
G1 X117.554 Y120.865 E.03593
G1 X117.966 Y120.453 E.01875
G1 X140.156 Y142.643 E1.00909
G1 X140.956 Y142.643 E.02574
G1 X141.341 Y142.603 E.01246
G1 X141.667 Y142.498 E.011
G1 X141.964 Y142.326 E.01102
G1 X142.154 Y142.154 E.00826
G1 X119.21 Y119.21 E1.04344
G1 X120.453 Y117.966 E.05655
G1 X132.987 Y130.5 E.57001
G1 X132.935 Y131 E.01615
G1 X133.002 Y131.637 E.0206
G1 X133.2 Y132.247 E.0206
G1 X133.503 Y132.771 E.01946
G1 X133.749 Y133.075 E.01259
G1 X134.198 Y133.48 E.01944
G1 X134.753 Y133.8 E.02061
G1 X135.363 Y133.998 E.0206
G1 X136 Y134.065 E.0206
G1 X136.5 Y134.013 E.01615
G1 X142.643 Y140.156 E.27936
G1 X142.643 Y137.669 E.07997
G1 X138.146 Y133.172 E.20448
G1 X138.48 Y132.802 E.01603
G1 X138.8 Y132.247 E.02061
G1 X138.998 Y131.637 E.0206
G1 X139.008 Y131.547 E.00293
G1 X142.643 Y135.182 E.16531
G1 X142.643 Y132.695 E.07997
G1 X120.761 Y110.813 E.99508
G1 X120.133 Y111.847 E.03891
G1 X121.044 Y112.758 E.04143
G1 X120.732 Y113.271 E.0193
G1 X135.454 Y127.993 E.66949
G1 X135.353 Y128.005 E.00329
G1 X134.753 Y128.2 E.02026
G1 X134.198 Y128.52 E.02061
G1 X133.828 Y128.854 E.01602
G1 X120.703 Y115.729 E.59685
G1 X121.015 Y115.217 E.0193
G1 X120.104 Y114.305 E.04143
G1 X120.627 Y113.445 E.03237
G1 X142.643 Y108.028 F18000
G1 F6205.95
G1 X142.643 Y110.311 E.07343
G1 X109.689 Y77.357 E1.49861
G1 X112.176 Y77.357 E.07997
G1 X142.643 Y107.824 E1.38552
G1 X142.643 Y105.337 E.07997
G1 X114.663 Y77.357 E1.27242
G1 X117.15 Y77.357 E.07997
G1 X142.643 Y102.85 E1.15932
G1 X142.643 Y105.134 E.07343
G1 X142.643 Y93.106 F18000
G1 F6205.95
G1 X142.643 Y95.389 E.07343
G1 X138.278 Y91.025 E.19847
G1 X138.075 Y91.251 E.00978
G1 X137.771 Y91.497 E.01259
G1 X137.247 Y91.8 E.01946
G1 X136.733 Y91.967 E.01736
G1 X142.643 Y97.876 E.26874
G1 X142.643 Y100.363 E.07997
G1 X119.637 Y77.357 E1.04622
G1 X122.124 Y77.357 E.07997
G1 X133.033 Y88.267 E.49612
G1 X133.2 Y87.753 E.01736
G1 X133.503 Y87.229 E.01946
G1 X133.749 Y86.925 E.01259
G1 X133.975 Y86.722 E.00977
G1 X124.611 Y77.357 E.42585
G1 X127.098 Y77.357 E.07997
G1 X135.703 Y85.963 E.39134
G1 X135.85 Y85.945 E.00476
G1 X136.333 Y85.955 E.01555
G1 X136.947 Y86.085 E.02018
G1 X137.533 Y86.346 E.02061
G1 X138.051 Y86.722 E.0206
G1 X138.48 Y87.198 E.0206
G1 X138.8 Y87.753 E.02061
G1 X138.998 Y88.363 E.0206
G1 X139.065 Y89 E.0206
G1 X139.034 Y89.294 E.0095
G1 X142.643 Y92.902 E.1641
G1 X142.643 Y90.415 E.07997
G1 X129.585 Y77.357 E.59382
G1 X132.072 Y77.357 E.07997
G1 X142.643 Y87.928 E.48072
G1 X142.643 Y85.441 E.07997
G1 X134.559 Y77.357 E.36762
G1 X137.046 Y77.357 E.07997
G1 X142.643 Y82.954 E.25452
G1 X142.643 Y80.467 E.07997
G1 X139.533 Y77.357 E.14142
G1 X141.162 Y77.368 E.0524
G1 X141.507 Y77.441 E.01132
G1 X141.828 Y77.584 E.01132
G1 X141.957 Y77.668 E.00493
G1 X142.218 Y77.903 E.01132
G1 X142.42 Y78.18 E.01101
G1 X142.559 Y78.493 E.01102
G1 X142.632 Y78.838 E.01132
G1 X142.643 Y80.264 E.04586
G1 X109.485 Y77.357 F18000
G1 F6205.95
G1 X107.202 Y77.357 E.07343
G1 X142.643 Y112.798 E1.61171
G1 X142.643 Y115.285 E.07997
G1 X104.715 Y77.357 E1.72481
G1 X102.228 Y77.357 E.07997
G1 X142.643 Y117.772 E1.83791
G1 X142.643 Y120.259 E.07997
G1 X99.741 Y77.357 E1.95101
G1 X97.254 Y77.357 E.07997
G1 X119.234 Y99.338 E.99958
G1 X119.747 Y99.026 E.0193
G1 X120.884 Y100.163 E.05171
G1 X120.572 Y100.676 E.0193
G1 X142.643 Y122.746 E1.00366
G1 X142.643 Y125.233 E.07997
G1 X120.544 Y103.135 E1.00497
G1 X119.915 Y104.169 E.03891
G1 X120.826 Y105.08 E.04143
G1 X120.515 Y105.593 E.0193
G1 X142.643 Y127.721 E1.00628
G1 X142.643 Y130.208 E.07997
G1 X120.79 Y108.355 E.99378
G1 X121.101 Y107.842 E.0193
G1 X119.887 Y106.627 E.05524
G1 X120.409 Y105.767 E.03237
G1 X119.06 Y99.444 F18000
G1 F6205.95
G1 X118.2 Y99.966 E.03237
G1 X117.289 Y99.055 E.04143
G1 X116.776 Y99.367 E.0193
G1 X94.767 Y77.357 E1.00089
G1 X92.28 Y77.357 E.07997
G1 X114.318 Y99.395 E1.0022
G1 X113.283 Y100.024 E.03891
G1 X112.372 Y99.113 E.04143
G1 X111.859 Y99.424 E.0193
G1 X89.792 Y77.357 E1.00351
G1 X87.305 Y77.357 E.07997
G1 X109.401 Y99.453 E1.00482
G1 X108.367 Y100.081 E.03891
G1 X107.456 Y99.17 E.04143
G1 X106.943 Y99.482 E.0193
G1 X84.818 Y77.357 E1.00613
G1 X82.331 Y77.357 E.07997
G1 X104.181 Y99.207 E.99362
G1 X103.147 Y99.835 E.03891
G1 X102.357 Y99.045 E.03593
G1 X101.944 Y99.457 E.01875
G1 X79.844 Y77.357 E1.00501
G1 X79.044 Y77.357 E.02574
G1 X78.659 Y77.397 E.01246
G1 X78.333 Y77.502 E.011
G1 X78.036 Y77.674 E.01102
G1 X77.846 Y77.846 E.00826
G1 X100.701 Y100.701 E1.03936
G1 X99.457 Y101.944 E.05655
G1 X87.013 Y89.5 E.56594
G1 X87.065 Y89 E.01615
G1 X86.998 Y88.363 E.0206
G1 X86.8 Y87.753 E.0206
G1 X86.48 Y87.198 E.02061
G1 X86.051 Y86.722 E.0206
G1 X85.533 Y86.346 E.0206
G1 X84.947 Y86.085 E.02061
G1 X84.333 Y85.955 E.02018
G1 X83.85 Y85.945 E.01555
G1 X83.5 Y85.987 E.01132
G1 X77.357 Y79.844 E.27936
G1 X77.357 Y82.331 E.07997
G1 X81.855 Y86.829 E.20454
G1 X81.749 Y86.925 E.0046
G1 X81.503 Y87.229 E.01259
G1 X81.2 Y87.753 E.01946
G1 X81.002 Y88.363 E.0206
G1 X80.992 Y88.453 E.00293
G1 X77.357 Y84.818 E.16531
G1 X77.357 Y87.305 E.07997
G1 X99.453 Y109.401 E1.00482
G1 X99.141 Y109.914 E.0193
G1 X100.052 Y110.825 E.04143
G1 X99.424 Y111.859 E.03891
G1 X77.357 Y89.792 E1.00351
G1 X77.357 Y92.28 E.07997
G1 X99.395 Y114.318 E1.0022
G1 X99.084 Y114.83 E.0193
G1 X99.995 Y115.742 E.04143
G1 X99.367 Y116.776 E.03891
G1 X77.357 Y94.767 E1.00089
G1 X77.357 Y97.254 E.07997
G1 X99.338 Y119.234 E.99958
G1 X99.026 Y119.747 E.0193
G1 X100.163 Y120.884 E.05171
G1 X100.676 Y120.572 E.0193
G1 X122.746 Y142.643 E1.00366
G1 X120.463 Y142.643 E.07343
G1 X120.463 Y143.389 F18000
G1 X76.611 Y140.984
G1 X76.611 Y129.788
G1 X77.357 Y129.788
G1 F6205.95
G1 X77.357 Y132.072 E.07343
G1 X87.928 Y142.643 E.48072
G1 X85.441 Y142.643 E.07997
G1 X77.357 Y134.559 E.36762
G1 X77.357 Y137.046 E.07997
G1 X82.954 Y142.643 E.25452
G1 X80.467 Y142.643 E.07997
G1 X77.357 Y139.533 E.14142
G1 X77.357 Y140.956 E.04577
G1 X77.397 Y141.341 E.01246
G1 X77.502 Y141.667 E.011
G1 X77.674 Y141.964 E.01102
G1 X77.903 Y142.218 E.01102
G1 X78.18 Y142.42 E.01101
G1 X78.493 Y142.559 E.01102
G1 X78.838 Y142.632 E.01132
G1 X80.264 Y142.643 E.04586
G1 X88.132 Y142.643 F18000
G1 F6205.95
G1 X90.415 Y142.643 E.07343
G1 X77.357 Y129.585 E.59382
G1 X77.357 Y127.098 E.07997
G1 X80.966 Y130.706 E.1641
G1 X80.935 Y131 E.0095
G1 X81.002 Y131.637 E.0206
G1 X81.2 Y132.247 E.0206
G1 X81.503 Y132.771 E.01946
G1 X81.749 Y133.075 E.01259
G1 X82.198 Y133.48 E.01944
G1 X82.753 Y133.8 E.02061
G1 X83.363 Y133.998 E.0206
G1 X84 Y134.065 E.0206
G1 X84.294 Y134.034 E.0095
G1 X92.902 Y142.643 E.39148
G1 X95.389 Y142.643 E.07997
G1 X86.032 Y133.286 E.42552
G1 X86.48 Y132.802 E.02119
G1 X86.8 Y132.247 E.02061
G1 X86.967 Y131.733 E.01736
G1 X97.876 Y142.643 E.49612
G1 X100.363 Y142.643 E.07997
G1 X77.357 Y119.637 E1.04622
G1 X77.357 Y122.124 E.07997
G1 X83.267 Y128.033 E.26874
G1 X82.753 Y128.2 E.01736
G1 X82.198 Y128.52 E.02061
G1 X81.714 Y128.968 E.02119
G1 X77.357 Y124.611 E.19814
G1 X77.357 Y122.327 E.07343
G1 X77.357 Y114.866 F18000
G1 F6205.95
G1 X77.357 Y117.15 E.07343
G1 X102.85 Y142.643 E1.15932
G1 X105.337 Y142.643 E.07997
G1 X77.357 Y114.663 E1.27242
G1 X77.357 Y112.176 E.07997
G1 X107.824 Y142.643 E1.38552
G1 X110.311 Y142.643 E.07997
G1 X77.357 Y109.689 E1.49861
G1 X77.357 Y107.202 E.07997
G1 X112.798 Y142.643 E1.61171
G1 X115.285 Y142.643 E.07997
G1 X77.357 Y104.715 E1.72481
G1 X77.357 Y102.228 E.07997
G1 X117.772 Y142.643 E1.83791
G1 X120.259 Y142.643 E.07997
G1 X77.357 Y99.741 E1.95101
G1 X77.357 Y97.457 E.07343
; stop printing object top_plate.stl id:4653052573991952974 copy 0
;LAYER_CHANGE
;Z:1.44
;HEIGHT:0.2
G92 E0 ; zero the extruded length again
; BEFORE_LAYER_CHANGE 6 @ 1.44mm
G1 E-1.75 F6000
;WIPE_START
G1 F6205.95
G1 X77.357 Y98.457 E-.75
;WIPE_END
; AFTER_LAYER_CHANGE 6 @ 1.44mm
;_SET_FAN_SPEED_CHANGING_LAYER
; printing object top_plate.stl id:4653052573991952974 copy 0
G1 F18000
G1 X76.8817 Y98.228 Z1.46857
G1 X76.7642 Y97.7132 Z1.49714
G1 X77.0934 Y97.3004 Z1.52571
G1 X77.6214 Y97.3004 Z1.55429
G1 X77.9507 Y97.7132 Z1.58286
G1 X77.8332 Y98.228 Z1.61143
G1 X77.3574 Y98.4571 Z1.64
G1 X76.611 Y98.457 Z1.64
G1 X140.984 Y143.389
G1 X140.984 Y143.389
G1 X140.995 Y143.79
G1 Z1.44
G1 E2.5 F6000
M204 P1000
;TYPE:Outer wall
;WIDTH:0.42
G1 F3600
G1 X79.005 Y143.79 E1.84644
G1 X78.708 Y143.774 E.00886
G1 X78.42 Y143.729 E.0087
G1 X78.138 Y143.653 E.0087
G1 X77.865 Y143.549 E.0087
G1 X77.605 Y143.416 E.0087
G1 X77.36 Y143.257 E.0087
G1 X77.133 Y143.073 E.0087
G1 X76.927 Y142.867 E.0087
G1 X76.743 Y142.64 E.0087
G1 X76.584 Y142.395 E.0087
G1 X76.451 Y142.135 E.0087
G1 X76.347 Y141.862 E.0087
G1 X76.271 Y141.58 E.0087
G1 X76.226 Y141.292 E.0087
G1 X76.21 Y140.995 E.00886
G1 X76.21 Y79.005 E1.84644
G1 X76.226 Y78.708 E.00886
G1 X76.271 Y78.42 E.0087
G1 X76.347 Y78.138 E.0087
G1 X76.452 Y77.865 E.0087
G1 X76.584 Y77.605 E.0087
G1 X76.743 Y77.36 E.0087
G1 X76.927 Y77.133 E.0087
G1 X77.133 Y76.927 E.0087
G1 X77.36 Y76.743 E.0087
G1 X77.605 Y76.584 E.0087
G1 X77.865 Y76.452 E.0087
G1 X78.138 Y76.347 E.0087
G1 X78.42 Y76.271 E.0087
G1 X78.708 Y76.226 E.0087
G1 X79.005 Y76.21 E.00886
G1 X140.995 Y76.21 E1.84644
G1 X141.292 Y76.226 E.00886
G1 X141.58 Y76.271 E.0087
G1 X141.862 Y76.347 E.0087
G1 X142.135 Y76.452 E.0087
G1 X142.395 Y76.584 E.0087
G1 X142.64 Y76.743 E.0087
G1 X142.867 Y76.927 E.0087
G1 X143.073 Y77.133 E.0087
G1 X143.257 Y77.36 E.0087
G1 X143.416 Y77.605 E.0087
G1 X143.549 Y77.865 E.0087
G1 X143.653 Y78.138 E.0087
G1 X143.729 Y78.42 E.0087
G1 X143.774 Y78.708 E.0087
G1 X143.79 Y79.005 E.00886
G1 X143.79 Y140.995 E1.84644
G1 X143.774 Y141.292 E.00886
G1 X143.729 Y141.58 E.0087
G1 X143.653 Y141.862 E.0087
G1 X143.549 Y142.135 E.0087
G1 X143.416 Y142.395 E.0087
G1 X143.257 Y142.64 E.0087
G1 X143.073 Y142.867 E.0087
G1 X142.867 Y143.073 E.0087
G1 X142.64 Y143.257 E.0087
G1 X142.395 Y143.416 E.0087
G1 X142.135 Y143.548 E.0087
G1 X141.862 Y143.653 E.0087
G1 X141.58 Y143.729 E.0087
G1 X141.292 Y143.774 E.0087
G1 X141.054 Y143.787 E.00707
G1 X141.034 Y143.387 F18000
G1 X140.984 Y143.389
G1 X140.984 Y143.389
G1 X140.984 Y143.398
M204 P1500
;TYPE:Inner wall
;WIDTH:0.45
G1 F6000
G1 X79.016 Y143.398 E1.99268
G1 X78.749 Y143.384 E.00857
G1 X78.502 Y143.345 E.00807
G1 X78.259 Y143.28 E.00807
G1 X78.025 Y143.19 E.00807
G1 X77.801 Y143.076 E.00807
G1 X77.591 Y142.939 E.00806
G1 X77.396 Y142.781 E.00807
G1 X77.219 Y142.604 E.00807
G1 X77.061 Y142.409 E.00807
G1 X76.924 Y142.199 E.00806
G1 X76.81 Y141.975 E.00807
G1 X76.72 Y141.741 E.00807
G1 X76.655 Y141.498 E.00807
G1 X76.616 Y141.251 E.00807
G1 X76.602 Y140.984 E.00857
G1 X76.602 Y79.016 E1.99268
G1 X76.616 Y78.749 E.00857
G1 X76.655 Y78.502 E.00807
G1 X76.72 Y78.259 E.00807
G1 X76.81 Y78.025 E.00807
G1 X76.924 Y77.801 E.00807
G1 X77.061 Y77.591 E.00806
G1 X77.219 Y77.396 E.00807
G1 X77.396 Y77.219 E.00807
G1 X77.591 Y77.061 E.00807
G1 X77.801 Y76.924 E.00806
G1 X78.025 Y76.81 E.00807
G1 X78.259 Y76.72 E.00807
G1 X78.502 Y76.655 E.00807
G1 X78.749 Y76.616 E.00807
G1 X79.016 Y76.602 E.00857
G1 X140.984 Y76.602 E1.99268
G1 X141.251 Y76.616 E.00857
G1 X141.498 Y76.655 E.00807
G1 X141.741 Y76.72 E.00807
G1 X141.975 Y76.81 E.00807
G1 X142.199 Y76.924 E.00807
G1 X142.409 Y77.061 E.00806
G1 X142.604 Y77.219 E.00807
G1 X142.781 Y77.396 E.00807
G1 X142.939 Y77.591 E.00807
G1 X143.076 Y77.801 E.00806
G1 X143.19 Y78.025 E.00807
G1 X143.28 Y78.259 E.00807
G1 X143.345 Y78.502 E.00807
G1 X143.384 Y78.749 E.00807
G1 X143.398 Y79.016 E.00857
G1 X143.398 Y140.984 E1.99268
G1 X143.384 Y141.251 E.00857
G1 X143.345 Y141.498 E.00807
G1 X143.28 Y141.741 E.00807
G1 X143.19 Y141.975 E.00807
G1 X143.076 Y142.199 E.00807
G1 X142.939 Y142.409 E.00806
G1 X142.781 Y142.604 E.00807
G1 X142.604 Y142.781 E.00807
G1 X142.409 Y142.939 E.00807
G1 X142.199 Y143.076 E.00806
G1 X141.975 Y143.19 E.00807
G1 X141.741 Y143.28 E.00807
G1 X141.498 Y143.345 E.00807
G1 X141.251 Y143.384 E.00807
G1 X141.044 Y143.395 E.00664
G1 X140.974 Y142.991 F18000
G1 F6000
G1 X79.026 Y142.991 E1.992
G1 X78.792 Y142.979 E.00754
G1 X78.385 Y142.892 E.01338
G1 X78.005 Y142.723 E.01338
G1 X77.669 Y142.479 E.01337
G1 X77.39 Y142.169 E.01338
G1 X77.183 Y141.809 E.01337
G1 X77.054 Y141.414 E.01337
G1 X77.009 Y140.974 E.01422
G1 X77.009 Y79.026 E1.992
G1 X77.021 Y78.792 E.00754
G1 X77.108 Y78.385 E.01338
G1 X77.277 Y78.005 E.01338
G1 X77.521 Y77.669 E.01337
G1 X77.831 Y77.39 E.01338
G1 X78.191 Y77.183 E.01337
G1 X78.586 Y77.054 E.01337
G1 X79.026 Y77.009 E.01422
G1 X140.974 Y77.009 E1.992
G1 X141.208 Y77.021 E.00754
G1 X141.615 Y77.108 E.01338
G1 X141.995 Y77.277 E.01338
G1 X142.169 Y77.39 E.00669
G1 X142.479 Y77.669 E.01338
G1 X142.723 Y78.005 E.01337
G1 X142.892 Y78.385 E.01338
G1 X142.979 Y78.792 E.01338
G1 X142.991 Y79.026 E.00754
G1 X142.991 Y140.974 E1.992
G1 X142.979 Y141.208 E.00754
G1 X142.892 Y141.615 E.01338
G1 X142.723 Y141.995 E.01338
G1 X142.479 Y142.331 E.01337
G1 X142.169 Y142.61 E.01338
G1 X141.809 Y142.817 E.01337
G1 X141.414 Y142.946 E.01337
G1 X141.033 Y142.985 E.01229
G1 E-1.75
;WIPE_START
G1 X140.033 Y142.985 E-.75
;WIPE_END
G1 X140.033 Y143.389 Z1.64 F18000
G1 X135.895 Y91.306
G1 X135.917 Y90.901
G1 Z1.44
G1 E2.5 F6000
M204 P1000
;TYPE:Outer wall
;WIDTH:0.42
G1 F3600
G1 X136.2 Y90.901 E.00843
G1 X136.591 Y90.818 E.0119
G1 X136.956 Y90.655 E.0119
G1 X137.279 Y90.42 E.0119
G1 X137.546 Y90.123 E.0119
G1 X137.743 Y89.782 E.01174
G1 X137.819 Y89.585 E.00629
G1 X137.901 Y89.2 E.01174
G1 X137.901 Y88.8 E.0119
G1 X137.819 Y88.415 E.01174
G1 X137.743 Y88.218 E.00629
G1 X137.546 Y87.877 E.01174
G1 X137.279 Y87.58 E.0119
G1 X136.956 Y87.345 E.0119
G1 X136.591 Y87.182 E.0119
G1 X136.201 Y87.1 E.01185
G1 X135.894 Y87.095 E.00916
G1 X135.601 Y87.131 E.0088
G1 X135.223 Y87.254 E.01184
G1 X134.877 Y87.454 E.0119
G1 X134.58 Y87.721 E.0119
G1 X134.345 Y88.044 E.0119
G1 X134.182 Y88.409 E.0119
G1 X134.099 Y88.8 E.0119
G1 X134.099 Y89.2 E.0119
G1 X134.182 Y89.591 E.0119
G1 X134.345 Y89.956 E.0119
G1 X134.58 Y90.279 E.0119
G1 X134.877 Y90.546 E.0119
G1 X135.218 Y90.743 E.01174
G1 X135.415 Y90.819 E.00629
G1 X135.8 Y90.901 E.01174
G1 X135.857 Y90.901 E.00168
G1 X135.836 Y91.303 F18000
G1 X135.796 Y91.301
G1 X135.797 Y91.293
M204 P1500
;TYPE:Inner wall
;WIDTH:0.45
G1 F6000
G1 X136.241 Y91.293 E.01429
G1 X136.712 Y91.193 E.0155
G1 X137.153 Y90.997 E.0155
G1 X137.543 Y90.713 E.0155
G1 X137.865 Y90.355 E.0155
G1 X138.098 Y89.952 E.01499
G1 X138.196 Y89.697 E.00877
G1 X138.293 Y89.241 E.01499
G1 X138.293 Y88.759 E.01549
G1 X138.196 Y88.303 E.01499
G1 X138.098 Y88.048 E.00877
G1 X137.865 Y87.645 E.01499
G1 X137.543 Y87.287 E.0155
G1 X137.153 Y87.003 E.0155
G1 X136.712 Y86.807 E.0155
G1 X136.246 Y86.708 E.01534
G1 X135.873 Y86.702 E.012
G1 X135.515 Y86.747 E.01158
G1 X135.062 Y86.894 E.01531
G1 X134.645 Y87.135 E.0155
G1 X134.287 Y87.457 E.01549
G1 X134.003 Y87.847 E.0155
G1 X133.807 Y88.288 E.0155
G1 X133.707 Y88.759 E.0155
G1 X133.707 Y89.241 E.01549
G1 X133.807 Y89.712 E.0155
G1 X134.003 Y90.153 E.0155
G1 X134.287 Y90.543 E.0155
G1 X134.645 Y90.865 E.01549
G1 X135.048 Y91.098 E.01499
G1 X135.303 Y91.196 E.00877
G1 X135.737 Y91.288 E.01426
G1 X135.644 Y91.685 F18000
G1 F6000
G1 X135.716 Y91.7 E.00237
G1 X136.284 Y91.7 E.01824
G1 X136.839 Y91.582 E.01825
G1 X137.357 Y91.351 E.01826
G1 X137.817 Y91.018 E.01825
G1 X138.196 Y90.596 E.01825
G1 X138.467 Y90.127 E.0174
G1 X138.588 Y89.813 E.01084
G1 X138.7 Y89.284 E.01739
G1 X138.7 Y88.716 E.01824
G1 X138.588 Y88.187 E.01739
G1 X138.467 Y87.873 E.01084
G1 X138.196 Y87.404 E.0174
G1 X137.817 Y86.982 E.01825
G1 X137.357 Y86.649 E.01825
G1 X136.839 Y86.418 E.01826
G1 X136.292 Y86.302 E.01799
G1 X135.851 Y86.295 E.01418
G1 X135.426 Y86.348 E.01375
G1 X134.896 Y86.52 E.01794
G1 X134.404 Y86.804 E.01826
G1 X133.982 Y87.183 E.01825
G1 X133.649 Y87.643 E.01825
G1 X133.418 Y88.161 E.01826
G1 X133.3 Y88.716 E.01825
G1 X133.3 Y89.284 E.01824
G1 X133.418 Y89.839 E.01825
G1 X133.649 Y90.357 E.01826
G1 X133.982 Y90.817 E.01825
G1 X134.404 Y91.196 E.01825
G1 X134.873 Y91.467 E.0174
G1 X135.187 Y91.588 E.01084
G1 X135.585 Y91.672 E.01309
G1 E-1.75
;WIPE_START
G1 X135.716 Y91.7 E-.10034
G1 X136.284 Y91.7 E-.4255
G1 X136.576 Y91.638 E-.22416
;WIPE_END
G1 X136.481 Y91.261 Z1.64 F18000
G1 X138.312 Y131
G1 X138.299 Y131.242
G1 X138.261 Y131.481
G1 X138.199 Y131.714
G1 X138.112 Y131.94
G1 X138.002 Y132.156
G1 X137.87 Y132.359
G1 X137.718 Y132.547
G1 X137.547 Y132.718
G1 X137.359 Y132.87
G1 X137.156 Y133.002
G1 X136.94 Y133.112
G1 X136.714 Y133.199
G1 X136.481 Y133.261
G1 X136.242 Y133.299
G1 X136.173 Y133.303
G1 X136.151 Y132.901
G1 Z1.44
G1 E2.5 F6000
M204 P1000
;TYPE:Outer wall
;WIDTH:0.42
G1 F3600
G1 X136.2 Y132.901 E.00144
G1 X136.591 Y132.818 E.0119
G1 X136.956 Y132.655 E.0119
G1 X137.279 Y132.42 E.0119
G1 X137.546 Y132.123 E.0119
G1 X137.743 Y131.782 E.01174
G1 X137.819 Y131.585 E.00629
G1 X137.901 Y131.2 E.01174
G1 X137.901 Y130.8 E.0119
G1 X137.819 Y130.415 E.01174
G1 X137.743 Y130.218 E.00629
G1 X137.546 Y129.877 E.01174
G1 X137.279 Y129.58 E.0119
G1 X136.956 Y129.345 E.0119
G1 X136.591 Y129.182 E.0119
G1 X136.201 Y129.1 E.01185
G1 X135.894 Y129.095 E.00916
G1 X135.601 Y129.131 E.0088
G1 X135.223 Y129.254 E.01184
G1 X134.877 Y129.454 E.0119
G1 X134.58 Y129.721 E.0119
G1 X134.345 Y130.044 E.0119
G1 X134.182 Y130.409 E.0119
G1 X134.099 Y130.8 E.0119
G1 X134.099 Y131.2 E.0119
G1 X134.182 Y131.591 E.0119
G1 X134.345 Y131.956 E.0119
G1 X134.58 Y132.279 E.0119
G1 X134.877 Y132.546 E.0119
G1 X135.218 Y132.743 E.01174
G1 X135.415 Y132.819 E.00629
G1 X135.8 Y132.901 E.01174
G1 X136.091 Y132.901 E.00867
G1 X136.113 Y133.306 F18000
G1 X136.242 Y133.299
G1 X136.279 Y133.293
G1 X136.277 Y133.285
M204 P1500
;TYPE:Inner wall
;WIDTH:0.45
G1 F6000
G1 X136.712 Y133.193 E.0143
G1 X137.153 Y132.997 E.0155
G1 X137.543 Y132.713 E.0155
G1 X137.865 Y132.355 E.0155
G1 X138.098 Y131.952 E.01499
G1 X138.196 Y131.697 E.00877
G1 X138.293 Y131.241 E.01499
G1 X138.293 Y130.759 E.01549
G1 X138.196 Y130.303 E.01499
G1 X138.098 Y130.048 E.00877
G1 X137.865 Y129.645 E.01499
G1 X137.543 Y129.287 E.0155
G1 X137.153 Y129.003 E.0155
G1 X136.712 Y128.807 E.0155
G1 X136.246 Y128.708 E.01534
G1 X135.873 Y128.702 E.012
G1 X135.515 Y128.747 E.01158
G1 X135.062 Y128.894 E.01531
G1 X134.645 Y129.135 E.0155
G1 X134.287 Y129.457 E.01549
G1 X134.003 Y129.847 E.0155
G1 X133.807 Y130.288 E.0155
G1 X133.707 Y130.759 E.0155
G1 X133.707 Y131.241 E.01549
G1 X133.807 Y131.712 E.0155
G1 X134.003 Y132.153 E.0155
G1 X134.287 Y132.543 E.0155
G1 X134.645 Y132.865 E.01549
G1 X135.048 Y133.098 E.01499
G1 X135.303 Y133.196 E.00877
G1 X135.759 Y133.293 E.01499
G1 X136.218 Y133.293 E.01476
G1 X136.356 Y133.685 F18000
G1 F6000
G1 X136.839 Y133.582 E.01589
G1 X137.357 Y133.351 E.01826
G1 X137.817 Y133.018 E.01825
G1 X138.196 Y132.596 E.01825
G1 X138.467 Y132.127 E.0174
G1 X138.588 Y131.813 E.01084
G1 X138.7 Y131.284 E.01739
G1 X138.7 Y130.716 E.01824
G1 X138.588 Y130.187 E.01739
G1 X138.467 Y129.873 E.01084
G1 X138.196 Y129.404 E.0174
G1 X137.817 Y128.982 E.01825
G1 X137.357 Y128.649 E.01825
G1 X136.839 Y128.418 E.01826
G1 X136.292 Y128.302 E.01799
G1 X135.851 Y128.295 E.01418
G1 X135.426 Y128.348 E.01375
G1 X134.896 Y128.52 E.01794
G1 X134.404 Y128.804 E.01826
G1 X133.982 Y129.183 E.01825
G1 X133.649 Y129.643 E.01825
G1 X133.418 Y130.161 E.01826
G1 X133.3 Y130.716 E.01825
G1 X133.3 Y131.284 E.01824
G1 X133.418 Y131.839 E.01825
G1 X133.649 Y132.357 E.01826
G1 X133.982 Y132.817 E.01825
G1 X134.404 Y133.196 E.01825
G1 X134.873 Y133.467 E.0174
G1 X135.187 Y133.588 E.01084
G1 X135.716 Y133.7 E.01739
G1 X136.284 Y133.7 E.01824
G1 X136.297 Y133.697 E.00044
G1 E-1.75
;WIPE_START
G1 X136.839 Y133.582 E-.41554
G1 X137.246 Y133.401 E-.33446
;WIPE_END
G1 X137.066 Y133.048 Z1.64 F18000
G1 X85.292 Y132.914
G1 X85.156 Y133.002
G1 X84.94 Y133.112
G1 X84.714 Y133.199
G1 X84.481 Y133.261
G1 X84.242 Y133.299
G1 X84 Y133.312
G1 X83.895 Y133.306
G1 X83.917 Y132.901
G1 Z1.44
G1 E2.5 F6000
M204 P1000
;TYPE:Outer wall
;WIDTH:0.42
G1 F3600
G1 X84.2 Y132.901 E.00843
G1 X84.591 Y132.818 E.0119
G1 X84.956 Y132.655 E.0119
G1 X85.279 Y132.42 E.0119
G1 X85.546 Y132.123 E.0119
G1 X85.743 Y131.782 E.01174
G1 X85.819 Y131.585 E.00629
G1 X85.901 Y131.2 E.01174
G1 X85.901 Y130.8 E.0119
G1 X85.819 Y130.415 E.01174
G1 X85.743 Y130.218 E.00629
G1 X85.546 Y129.877 E.01174
G1 X85.279 Y129.58 E.0119
G1 X84.956 Y129.345 E.0119
G1 X84.591 Y129.182 E.0119
G1 X84.201 Y129.1 E.01185
G1 X83.894 Y129.095 E.00916
G1 X83.601 Y129.131 E.0088
G1 X83.223 Y129.254 E.01184
G1 X82.877 Y129.454 E.0119
G1 X82.58 Y129.721 E.0119
G1 X82.345 Y130.044 E.0119
G1 X82.182 Y130.409 E.0119
G1 X82.099 Y130.8 E.0119
G1 X82.099 Y131.2 E.0119
G1 X82.182 Y131.591 E.0119
G1 X82.345 Y131.956 E.0119
G1 X82.58 Y132.279 E.0119
G1 X82.877 Y132.546 E.0119
G1 X83.218 Y132.743 E.01174
G1 X83.415 Y132.819 E.00629
G1 X83.8 Y132.901 E.01174
G1 X83.857 Y132.901 E.00168
G1 X83.836 Y133.303 F18000
G1 X83.758 Y133.299
G1 X83.721 Y133.293
G1 X83.722 Y133.285
M204 P1500
;TYPE:Inner wall
;WIDTH:0.45
G1 F6000
G1 X83.759 Y133.293 E.0012
G1 X84.241 Y133.293 E.01549
G1 X84.712 Y133.193 E.0155
G1 X85.153 Y132.997 E.0155
G1 X85.543 Y132.713 E.0155
G1 X85.865 Y132.355 E.0155
G1 X86.098 Y131.952 E.01499
G1 X86.196 Y131.697 E.00877
G1 X86.293 Y131.241 E.01499
G1 X86.293 Y130.759 E.01549
G1 X86.196 Y130.303 E.01499
G1 X86.098 Y130.048 E.00877
G1 X85.865 Y129.645 E.01499
G1 X85.543 Y129.287 E.0155
G1 X85.153 Y129.003 E.0155
G1 X84.712 Y128.807 E.0155
G1 X84.246 Y128.708 E.01534
G1 X83.873 Y128.702 E.012
G1 X83.515 Y128.747 E.01158
G1 X83.062 Y128.894 E.01531
G1 X82.645 Y129.135 E.0155
G1 X82.287 Y129.457 E.01549
G1 X82.003 Y129.847 E.0155
G1 X81.807 Y130.288 E.0155
G1 X81.707 Y130.759 E.0155
G1 X81.707 Y131.241 E.01549
G1 X81.807 Y131.712 E.0155
G1 X82.003 Y132.153 E.0155
G1 X82.287 Y132.543 E.0155
G1 X82.645 Y132.865 E.01549
G1 X83.048 Y133.098 E.01499
G1 X83.303 Y133.196 E.00877
G1 X83.664 Y133.273 E.01185
G1 X83.644 Y133.685 F18000
G1 F6000
G1 X83.716 Y133.7 E.00237
G1 X84.284 Y133.7 E.01824
G1 X84.839 Y133.582 E.01825
G1 X85.357 Y133.351 E.01826
G1 X85.817 Y133.018 E.01825
G1 X86.196 Y132.596 E.01825
G1 X86.467 Y132.127 E.0174
G1 X86.588 Y131.813 E.01084
G1 X86.7 Y131.284 E.01739
G1 X86.7 Y130.716 E.01824
G1 X86.588 Y130.187 E.01739
G1 X86.467 Y129.873 E.01084
G1 X86.196 Y129.404 E.0174
G1 X85.817 Y128.982 E.01825
G1 X85.357 Y128.649 E.01825
G1 X84.839 Y128.418 E.01826
G1 X84.292 Y128.302 E.01799
G1 X83.851 Y128.295 E.01418
G1 X83.426 Y128.348 E.01375
G1 X82.896 Y128.52 E.01794
G1 X82.404 Y128.804 E.01826
G1 X81.982 Y129.183 E.01825
G1 X81.649 Y129.643 E.01825
G1 X81.418 Y130.161 E.01826
G1 X81.3 Y130.716 E.01825
G1 X81.3 Y131.284 E.01824
G1 X81.418 Y131.839 E.01825
G1 X81.649 Y132.357 E.01826
G1 X81.982 Y132.817 E.01825
G1 X82.404 Y133.196 E.01825
G1 X82.873 Y133.467 E.0174
G1 X83.187 Y133.588 E.01084
G1 X83.585 Y133.672 E.01309
G1 E-1.75
;WIPE_START
G1 X83.716 Y133.7 E-.10034
G1 X84.284 Y133.7 E-.4255
G1 X84.576 Y133.638 E-.22416
;WIPE_END
G1 X84.481 Y133.261 Z1.64 F18000
G1 X84.714 Y133.199
G1 X84.94 Y133.112
G1 X85.156 Y133.002
G1 X85.359 Y132.87
G1 X85.547 Y132.718
G1 X85.718 Y132.547
G1 X85.87 Y132.359
G1 X86.002 Y132.156
G1 X86.112 Y131.94
G1 X86.199 Y131.714
G1 X86.261 Y131.481
G1 X86.299 Y131.242
G1 X86.312 Y131
G1 X86.299 Y130.758
G1 X86.261 Y130.519
G1 X86.199 Y130.286
G1 X86.112 Y130.06
G1 X86.002 Y129.844
G1 X85.87 Y129.641
G1 X85.718 Y129.453
G1 X85.547 Y129.282
G1 X85.359 Y129.13
G1 X85.156 Y128.998
G1 X84.94 Y128.888
G1 X84.714 Y128.801
G1 X84.501 Y128.744
G1 X83.895 Y91.306
G1 X83.917 Y90.901
G1 Z1.44
G1 E2.5 F6000
M204 P1000
;TYPE:Outer wall
;WIDTH:0.42
G1 F3600
G1 X84.2 Y90.901 E.00843
G1 X84.591 Y90.818 E.0119
G1 X84.956 Y90.655 E.0119
G1 X85.279 Y90.42 E.0119
G1 X85.546 Y90.123 E.0119
G1 X85.743 Y89.782 E.01174
G1 X85.819 Y89.585 E.00629
G1 X85.901 Y89.2 E.01174
G1 X85.901 Y88.8 E.0119
G1 X85.819 Y88.415 E.01174
G1 X85.743 Y88.218 E.00629
G1 X85.546 Y87.877 E.01174
G1 X85.279 Y87.58 E.0119
G1 X84.956 Y87.345 E.0119
G1 X84.591 Y87.182 E.0119
G1 X84.201 Y87.1 E.01185
G1 X83.894 Y87.095 E.00916
G1 X83.601 Y87.131 E.0088
G1 X83.223 Y87.254 E.01184
G1 X82.877 Y87.454 E.0119
G1 X82.58 Y87.721 E.0119
G1 X82.345 Y88.044 E.0119
G1 X82.182 Y88.409 E.0119
G1 X82.099 Y88.8 E.0119
G1 X82.099 Y89.2 E.0119
G1 X82.182 Y89.591 E.0119
G1 X82.345 Y89.956 E.0119
G1 X82.58 Y90.279 E.0119
G1 X82.877 Y90.546 E.0119
G1 X83.218 Y90.743 E.01174
G1 X83.415 Y90.819 E.00629
G1 X83.8 Y90.901 E.01174
G1 X83.857 Y90.901 E.00168
G1 X83.836 Y91.303 F18000
G1 X83.796 Y91.301
G1 X83.797 Y91.293
M204 P1500
;TYPE:Inner wall
;WIDTH:0.45
G1 F6000
G1 X84.241 Y91.293 E.01429
G1 X84.712 Y91.193 E.0155
G1 X85.153 Y90.997 E.0155
G1 X85.543 Y90.713 E.0155
G1 X85.865 Y90.355 E.0155
G1 X86.098 Y89.952 E.01499
G1 X86.196 Y89.697 E.00877
G1 X86.293 Y89.241 E.01499
G1 X86.293 Y88.759 E.01549
G1 X86.196 Y88.303 E.01499
G1 X86.098 Y88.048 E.00877
G1 X85.865 Y87.645 E.01499
G1 X85.543 Y87.287 E.0155
G1 X85.153 Y87.003 E.0155
G1 X84.712 Y86.807 E.0155
G1 X84.246 Y86.708 E.01534
G1 X83.873 Y86.702 E.012
G1 X83.515 Y86.747 E.01158
G1 X83.062 Y86.894 E.01531
G1 X82.645 Y87.135 E.0155
G1 X82.287 Y87.457 E.01549
G1 X82.003 Y87.847 E.0155
G1 X81.807 Y88.288 E.0155
G1 X81.707 Y88.759 E.0155
G1 X81.707 Y89.241 E.01549
G1 X81.807 Y89.712 E.0155
G1 X82.003 Y90.153 E.0155
G1 X82.287 Y90.543 E.0155
G1 X82.645 Y90.865 E.01549
G1 X83.048 Y91.098 E.01499
G1 X83.303 Y91.196 E.00877
G1 X83.737 Y91.288 E.01426
G1 X83.644 Y91.685 F18000
G1 F6000
G1 X83.716 Y91.7 E.00237
G1 X84.284 Y91.7 E.01824
G1 X84.839 Y91.582 E.01825
G1 X85.357 Y91.351 E.01826
G1 X85.817 Y91.018 E.01825
G1 X86.196 Y90.596 E.01825
G1 X86.467 Y90.127 E.0174
G1 X86.588 Y89.813 E.01084
G1 X86.7 Y89.284 E.01739
G1 X86.7 Y88.716 E.01824
G1 X86.588 Y88.187 E.01739
G1 X86.467 Y87.873 E.01084
G1 X86.196 Y87.404 E.0174
G1 X85.817 Y86.982 E.01825
G1 X85.357 Y86.649 E.01825
G1 X84.839 Y86.418 E.01826
G1 X84.292 Y86.302 E.01799
G1 X83.851 Y86.295 E.01418
G1 X83.426 Y86.348 E.01375
G1 X82.896 Y86.52 E.01794
G1 X82.404 Y86.804 E.01826
G1 X81.982 Y87.183 E.01825
G1 X81.649 Y87.643 E.01825
G1 X81.418 Y88.161 E.01826
G1 X81.3 Y88.716 E.01825
G1 X81.3 Y89.284 E.01824
G1 X81.418 Y89.839 E.01825
G1 X81.649 Y90.357 E.01826
G1 X81.982 Y90.817 E.01825
G1 X82.404 Y91.196 E.01825
G1 X82.873 Y91.467 E.0174
G1 X83.187 Y91.588 E.01084
G1 X83.585 Y91.672 E.01309
G1 E-1.75
;WIPE_START
G1 X83.716 Y91.7 E-.10034
G1 X84.284 Y91.7 E-.4255
G1 X84.576 Y91.638 E-.22416
;WIPE_END
G1 X84.481 Y91.261 Z1.64 F18000
G1 X103.689 Y116.311
G1 X116.311 Y116.311
G1 X116.311 Y115.91
G1 X115.91 Y115.91
G1 Z1.44
G1 E2.5 F6000
M204 P1000
;TYPE:Outer wall
;WIDTH:0.42
G1 F3600
G1 X115.91 Y104.09 E.35208
G1 X104.09 Y104.09 E.35208
G1 X104.09 Y115.91 E.35208
G1 X115.85 Y115.91 E.35029
G1 X115.85 Y116.311 F18000
G1 X116.311 Y116.311
G1 X116.311 Y116.302
G1 X116.302 Y116.302
M204 P1500
;TYPE:Inner wall
;WIDTH:0.45
G1 F6000
G1 X116.302 Y103.698 E.4053
G1 X103.698 Y103.698 E.4053
G1 X103.698 Y116.302 E.4053
G1 X116.242 Y116.302 E.40337
G1 X116.709 Y116.709 F18000
G1 F6000
G1 X116.709 Y103.291 E.43148
G1 X103.291 Y103.291 E.43148
G1 X103.291 Y116.709 E.43148
G1 X116.649 Y116.709 E.42955
G1 X117.923 Y115.095 F18000
M204 P2000
;TYPE:Internal solid infill
;WIDTH:0.55499
G1 F4933.536
G1 X117.923 Y103.977 E.4497
G1 X117.478 Y115.539 F18000
;WIDTH:0.419999
G1 F6000
G1 X118.367 Y115.539 E.02648
G1 X118.367 Y103.473 E.35942
G1 X117.478 Y103.473 E.02648
G1 X117.478 Y115.479 E.35763
G1 X117.101 Y115.916 F18000
;WIDTH:0.419147
G1 F6000
G1 X118.745 Y115.916 E.04884
G1 X118.745 Y103.096 E.38102
G1 X117.923 Y103.096 E.02442
G1 X117.093 Y103.047 E.02471
G1 X116.913 Y102.997 E.00555
G1 X117.052 Y103.087 E.00494
G1 X117.101 Y103.917 E.02471
G1 X117.101 Y115.856 E.35482
G1 X116.311 Y115.856 F18000
G1 X116.311 Y116.311
G1 X103.689 Y116.311
G1 X103.689 Y115.916
G1 X102.899 Y115.916
;WIDTH:0.419119
G1 F6000
G1 X102.899 Y103.917 E.35658
G1 X102.951 Y103.087 E.02472
G1 X103.072 Y102.998 E.00447
G1 X102.907 Y103.044 E.00507
G1 X102.077 Y103.096 E.02472
G1 X101.255 Y103.096 E.02442
G1 X101.255 Y115.916 E.38099
G1 X102.839 Y115.916 E.04705
G1 X102.522 Y115.539 F18000
;WIDTH:0.419999
G1 F6000
G1 X102.522 Y103.473 E.35942
G1 X101.633 Y103.473 E.02648
G1 X101.633 Y115.539 E.35942
G1 X102.462 Y115.539 E.0247
G1 X102.077 Y115.095 F18000
;WIDTH:0.55499
G1 F4933.536
G1 X102.077 Y103.977 E.4497
G1 X103.072 Y102.998 F18000
;WIDTH:0.38292
G1 F6000
G1 X116.853 Y102.997 E.37013
G1 X118.914 Y101.27 F18000
;WIDTH:0.448687
G1 F6000
G1 X101.255 Y101.27 E.56601
G1 X101.255 Y101.676 E.01301
G1 X118.745 Y101.676 E.56057
G1 X118.745 Y102.081 E.01301
G1 X101.255 Y102.081 E.56057
G1 X101.255 Y102.487 E.01301
G1 X118.745 Y102.487 E.56057
G1 X118.745 Y102.893 E.01301
G1 X101.086 Y102.893 E.56601
G1 X100.863 Y103.554 F18000
;TYPE:Sparse infill
;WIDTH:0.45
G1 F6205.95
G1 X100.863 Y105.837 E.07343
G1 X86.171 Y91.145 E.66816
G1 X86.051 Y91.278 E.00576
G1 X85.533 Y91.654 E.0206
G1 X84.947 Y91.915 E.02061
G1 X84.54 Y92.001 E.01337
G1 X100.863 Y108.324 E.7423
G1 X100.863 Y110.608 E.07343
G1 X77.357 Y97.457 F18000
G1 F6205.95
G1 X77.357 Y99.741 E.07343
G1 X120.259 Y142.643 E1.95101
G1 X122.746 Y142.643 E.07997
G1 X77.357 Y97.254 E2.06411
G1 X77.357 Y94.767 E.07997
G1 X100.863 Y118.272 E1.06896
G1 X100.863 Y118.896 E.02004
G1 X101.104 Y119.137 E.01096
G1 X101.728 Y119.137 E.02004
G1 X125.233 Y142.643 E1.06896
G1 X127.721 Y142.643 E.07997
G1 X104.215 Y119.137 E1.06896
G1 X106.702 Y119.137 E.07997
G1 X130.208 Y142.643 E1.06896
G1 X127.924 Y142.643 E.07343
G1 X135.385 Y142.643 F18000
G1 F6205.95
G1 X137.669 Y142.643 E.07343
G1 X114.163 Y119.137 E1.06896
G1 X116.65 Y119.137 E.07997
G1 X140.156 Y142.643 E1.06896
G1 X140.956 Y142.643 E.02574
G1 X141.341 Y142.603 E.01246
G1 X141.667 Y142.498 E.011
G1 X141.964 Y142.326 E.01102
G1 X142.154 Y142.154 E.00826
G1 X119.016 Y119.016 E1.05223
G1 X119.137 Y118.896 E.00548
G1 X119.137 Y116.65 E.07222
G1 X132.989 Y130.502 E.62997
G1 X132.952 Y130.68 E.00583
G1 X132.952 Y131.32 E.0206
G1 X133.085 Y131.947 E.02061
G1 X133.346 Y132.533 E.02061
G1 X133.722 Y133.051 E.0206
G1 X134.198 Y133.48 E.0206
G1 X134.722 Y133.782 E.01946
G1 X135.088 Y133.923 E.0126
G1 X135.68 Y134.048 E.01945
G1 X136.32 Y134.048 E.0206
G1 X136.498 Y134.011 E.00583
G1 X142.643 Y140.156 E.27945
G1 X142.643 Y137.669 E.07997
G1 X138.146 Y133.172 E.20448
G1 X138.48 Y132.802 E.01603
G1 X138.782 Y132.278 E.01946
G1 X138.923 Y131.912 E.0126
G1 X139.001 Y131.54 E.01221
G1 X142.643 Y135.182 E.16558
G1 X142.643 Y132.695 E.07997
G1 X119.137 Y109.189 E1.06896
G1 X119.137 Y111.676 E.07997
G1 X135.454 Y127.993 E.74205
G1 X135.35 Y128.006 E.00336
G1 X134.753 Y128.2 E.02018
G1 X134.198 Y128.52 E.02061
G1 X133.828 Y128.854 E.01602
G1 X119.137 Y114.163 E.6681
G1 X119.137 Y111.879 E.07343
G1 X116.311 Y116.311 F18000
G1 X111.472 Y119.137
G1 F6205.95
G1 X109.189 Y119.137 E.07343
G1 X132.695 Y142.643 E1.06896
G1 X135.182 Y142.643 E.07997
G1 X111.676 Y119.137 E1.06896
G1 X113.959 Y119.137 E.07343
G1 X118.914 Y118.368 F18000
;TYPE:Internal solid infill
;WIDTH:0.42
G1 F6000
G1 X101.255 Y118.368 E.52599
G1 X101.255 Y117.99 E.01123
G1 X118.745 Y117.99 E.52094
G1 X118.745 Y117.613 E.01123
G1 X101.255 Y117.613 E.52094
G1 X101.255 Y117.236 E.01123
G1 X118.914 Y117.236 E.52599
G1 X118.914 Y116.105 F18000
G1 F6000
G1 X117.042 Y116.105 E.05575
G1 X117.042 Y116.482 E.01123
G1 X118.745 Y116.482 E.0507
G1 X118.745 Y116.859 E.01123
G1 X117.042 Y116.859 E.0507
G1 X117.042 Y117.042 E.00546
G1 X102.958 Y117.042 E.41954
G1 X102.958 Y116.859 E.00546
G1 X101.255 Y116.859 E.0507
G1 X101.255 Y116.482 E.01123
G1 X102.958 Y116.482 E.0507
G1 X102.958 Y116.105 E.01123
G1 X101.086 Y116.105 E.05575
G1 X100.863 Y118.069 F18000
;TYPE:Sparse infill
;WIDTH:0.45
G1 F6205.95
G1 X100.863 Y115.785 E.07343
G1 X77.357 Y92.28 E1.06896
G1 X77.357 Y89.792 E.07997
G1 X100.863 Y113.298 E1.06896
G1 X100.863 Y110.811 E.07997
G1 X77.357 Y87.305 E1.06896
G1 X77.357 Y84.818 E.07997
G1 X80.999 Y88.46 E.16558
G1 X81.085 Y88.053 E.01337
G1 X81.346 Y87.467 E.02061
G1 X81.722 Y86.949 E.0206
G1 X81.855 Y86.829 E.00576
G1 X77.357 Y82.331 E.20454
G1 X77.357 Y79.844 E.07997
G1 X83.5 Y85.987 E.27935
G1 X83.832 Y85.946 E.01074
G1 X84.331 Y85.954 E.01605
G1 X84.947 Y86.085 E.02025
G1 X85.533 Y86.346 E.02061
G1 X86.051 Y86.722 E.0206
G1 X86.48 Y87.198 E.0206
G1 X86.782 Y87.722 E.01946
G1 X86.923 Y88.088 E.0126
G1 X87.048 Y88.68 E.01945
G1 X87.048 Y89.32 E.0206
G1 X87.011 Y89.498 E.00583
G1 X100.863 Y103.35 E.62997
G1 X100.863 Y101.104 E.07222
G1 X100.984 Y100.984 E.00548
G1 X77.846 Y77.846 E1.05223
G1 X78.036 Y77.674 E.00826
G1 X78.333 Y77.502 E.01102
G1 X78.659 Y77.397 E.011
G1 X79.044 Y77.357 E.01246
G1 X79.844 Y77.357 E.02574
G1 X103.35 Y100.863 E1.06896
G1 X105.837 Y100.863 E.07997
G1 X82.331 Y77.357 E1.06896
G1 X84.818 Y77.357 E.07997
G1 X108.324 Y100.863 E1.06896
G1 X110.811 Y100.863 E.07997
G1 X87.305 Y77.357 E1.06896
G1 X89.792 Y77.357 E.07997
G1 X113.298 Y100.863 E1.06896
G1 X115.785 Y100.863 E.07997
G1 X92.28 Y77.357 E1.06896
G1 X94.767 Y77.357 E.07997
G1 X118.272 Y100.863 E1.06896
G1 X118.896 Y100.863 E.02004
G1 X119.137 Y101.104 E.01096
G1 X119.137 Y101.728 E.02004
G1 X142.643 Y125.233 E1.06896
G1 X142.643 Y122.746 E.07997
G1 X97.254 Y77.357 E2.06411
G1 X99.741 Y77.357 E.07997
G1 X142.643 Y120.259 E1.95101
G1 X142.643 Y117.772 E.07997
G1 X102.228 Y77.357 E1.83791
G1 X104.715 Y77.357 E.07997
G1 X142.643 Y115.285 E1.72481
G1 X142.643 Y112.798 E.07997
G1 X107.202 Y77.357 E1.61171
G1 X109.689 Y77.357 E.07997
G1 X142.643 Y110.311 E1.49861
G1 X142.643 Y107.824 E.07997
G1 X112.176 Y77.357 E1.38552
G1 X114.663 Y77.357 E.07997
G1 X142.643 Y105.337 E1.27242
G1 X142.643 Y107.621 E.07343
G1 X142.643 Y100.16 F18000
G1 F6205.95
G1 X142.643 Y97.876 E.07343
G1 X136.728 Y91.962 E.26898
G1 X136.947 Y91.915 E.00721
G1 X137.533 Y91.654 E.02061
G1 X138.051 Y91.278 E.0206
G1 X138.278 Y91.025 E.01093
G1 X142.643 Y95.389 E.19847
G1 X142.643 Y93.106 E.07343
G1 X142.643 Y80.264 F18000
G1 F6205.95
G1 X142.632 Y78.838 E.04586
G1 X142.559 Y78.493 E.01132
G1 X142.42 Y78.18 E.01102
G1 X142.218 Y77.903 E.01101
G1 X141.957 Y77.668 E.01132
G1 X141.828 Y77.584 E.00493
G1 X141.507 Y77.441 E.01132
G1 X141.162 Y77.368 E.01132
G1 X139.533 Y77.357 E.0524
G1 X142.643 Y80.467 E.14142
G1 X142.643 Y82.954 E.07997
G1 X137.046 Y77.357 E.25452
G1 X134.559 Y77.357 E.07997
G1 X142.643 Y85.441 E.36762
G1 X142.643 Y87.928 E.07997
G1 X132.072 Y77.357 E.48072
G1 X129.585 Y77.357 E.07997
G1 X142.643 Y90.415 E.59382
G1 X142.643 Y92.902 E.07997
G1 X139.048 Y89.308 E.16346
G1 X139.048 Y88.68 E.0202
G1 X138.923 Y88.088 E.01945
G1 X138.782 Y87.722 E.0126
G1 X138.48 Y87.198 E.01946
G1 X138.051 Y86.722 E.0206
G1 X137.533 Y86.346 E.0206
G1 X136.947 Y86.085 E.02061
G1 X136.331 Y85.954 E.02025
G1 X135.832 Y85.946 E.01605
G1 X135.702 Y85.962 E.00419
G1 X127.098 Y77.357 E.39131
G1 X124.611 Y77.357 E.07997
G1 X133.975 Y86.722 E.42585
G1 X133.722 Y86.949 E.01093
G1 X133.346 Y87.467 E.0206
G1 X133.085 Y88.053 E.02061
G1 X133.038 Y88.272 E.00721
G1 X122.124 Y77.357 E.49636
G1 X119.637 Y77.357 E.07997
G1 X142.643 Y100.363 E1.04622
G1 X142.643 Y102.85 E.07997
G1 X117.15 Y77.357 E1.15932
G1 X119.433 Y77.357 E.07343
G1 X142.643 Y125.437 F18000
G1 F6205.95
G1 X142.643 Y127.721 E.07343
G1 X119.137 Y104.215 E1.06896
G1 X119.137 Y106.702 E.07997
G1 X142.643 Y130.208 E1.06896
G1 X142.643 Y132.491 E.07343
G1 X115.489 Y142.643 F18000
G1 F6205.95
G1 X117.772 Y142.643 E.07343
G1 X77.357 Y102.228 E1.83791
G1 X77.357 Y104.715 E.07997
G1 X115.285 Y142.643 E1.72481
G1 X112.798 Y142.643 E.07997
G1 X77.357 Y107.202 E1.61171
G1 X77.357 Y109.689 E.07997
G1 X110.311 Y142.643 E1.49861
G1 X107.824 Y142.643 E.07997
G1 X77.357 Y112.176 E1.38552
G1 X77.357 Y114.663 E.07997
G1 X105.337 Y142.643 E1.27242
G1 X102.85 Y142.643 E.07997
G1 X77.357 Y117.15 E1.15932
G1 X77.357 Y114.866 E.07343
G1 X77.357 Y122.327 F18000
G1 F6205.95
G1 X77.357 Y124.611 E.07343
G1 X81.711 Y128.964 E.19799
G1 X82.198 Y128.52 E.02119
G1 X82.753 Y128.2 E.02061
G1 X83.267 Y128.033 E.01736
G1 X77.357 Y122.124 E.26874
G1 X77.357 Y119.637 E.07997
G1 X100.363 Y142.643 E1.04622
G1 X97.876 Y142.643 E.07997
G1 X86.962 Y131.728 E.49636
G1 X86.923 Y131.912 E.00605
G1 X86.782 Y132.278 E.0126
G1 X86.48 Y132.802 E.01946
G1 X86.036 Y133.289 E.02119
G1 X95.389 Y142.643 E.42537
G1 X92.902 Y142.643 E.07997
G1 X84.308 Y134.048 E.39084
G1 X83.68 Y134.048 E.0202
G1 X83.088 Y133.923 E.01945
G1 X82.722 Y133.782 E.0126
G1 X82.198 Y133.48 E.01946
G1 X81.722 Y133.051 E.0206
G1 X81.346 Y132.533 E.0206
G1 X81.085 Y131.947 E.02061
G1 X80.952 Y131.32 E.02061
G1 X80.952 Y130.692 E.0202
G1 X77.357 Y127.098 E.16346
G1 X77.357 Y129.585 E.07997
G1 X90.415 Y142.643 E.59382
G1 X88.132 Y142.643 E.07343
G1 X80.671 Y142.643 F18000
G1 F6205.95
G1 X82.954 Y142.643 E.07343
G1 X77.357 Y137.046 E.25452
G1 X77.357 Y139.533 E.07997
G1 X80.467 Y142.643 E.14142
G1 X78.838 Y142.632 E.0524
G1 X78.493 Y142.559 E.01132
G1 X78.18 Y142.42 E.01102
G1 X77.903 Y142.218 E.01101
G1 X77.674 Y141.964 E.01102
G1 X77.502 Y141.667 E.01102
G1 X77.397 Y141.341 E.011
G1 X77.357 Y140.956 E.01246
G1 X77.357 Y139.736 E.03922
G1 X77.357 Y132.275 F18000
G1 F6205.95
G1 X77.357 Y134.559 E.07343
G1 X85.441 Y142.643 E.36762
G1 X87.928 Y142.643 E.07997
G1 X77.357 Y132.072 E.48072
G1 X77.357 Y129.788 E.07343
; stop printing object top_plate.stl id:4653052573991952974 copy 0
;LAYER_CHANGE
;Z:1.64
;HEIGHT:0.2
G92 E0 ; zero the extruded length again
; BEFORE_LAYER_CHANGE 7 @ 1.64mm
G1 E-1.75 F6000
;WIPE_START
G1 F6205.95
G1 X77.357 Y130.788 E-.75
;WIPE_END
; AFTER_LAYER_CHANGE 7 @ 1.64mm
;_SET_FAN_SPEED_CHANGING_LAYER
; printing object top_plate.stl id:4653052573991952974 copy 0
G1 F18000
G1 X76.8817 Y130.559 Z1.66857
G1 X76.7642 Y130.044 Z1.69714
G1 X77.0934 Y129.632 Z1.72571
G1 X77.6214 Y129.632 Z1.75429
G1 X77.9507 Y130.044 Z1.78286
G1 X77.8332 Y130.559 Z1.81143
G1 X77.3574 Y130.788 Z1.84
G1 X76.611 Y130.788 Z1.84
G1 X79.016 Y143.389
G1 X140.984 Y143.389
G1 X140.995 Y143.79
G1 Z1.64
G1 E2.5 F6000
M204 P1000
;TYPE:Outer wall
;WIDTH:0.42
G1 F3600
G1 X79.005 Y143.79 E1.84644
G1 X78.708 Y143.774 E.00886
G1 X78.42 Y143.729 E.0087
G1 X78.138 Y143.653 E.0087
G1 X77.865 Y143.548 E.0087
G1 X77.605 Y143.416 E.0087
G1 X77.36 Y143.257 E.0087
G1 X77.133 Y143.073 E.0087
G1 X76.927 Y142.867 E.0087
G1 X76.743 Y142.64 E.0087
G1 X76.584 Y142.395 E.0087
G1 X76.452 Y142.135 E.0087
G1 X76.347 Y141.862 E.0087
G1 X76.271 Y141.58 E.0087
G1 X76.226 Y141.292 E.0087
G1 X76.21 Y140.995 E.00886
G1 X76.21 Y79.005 E1.84644
G1 X76.226 Y78.708 E.00886
G1 X76.271 Y78.42 E.0087
G1 X76.347 Y78.138 E.0087
G1 X76.452 Y77.865 E.0087
G1 X76.584 Y77.605 E.0087
G1 X76.743 Y77.36 E.0087
G1 X76.927 Y77.133 E.0087
G1 X77.133 Y76.927 E.0087
G1 X77.36 Y76.743 E.0087
G1 X77.605 Y76.584 E.0087
G1 X77.865 Y76.452 E.0087
G1 X78.138 Y76.347 E.0087
G1 X78.42 Y76.271 E.0087
G1 X78.708 Y76.226 E.0087
G1 X79.005 Y76.21 E.00886
G1 X140.995 Y76.21 E1.84644
G1 X141.292 Y76.226 E.00886
G1 X141.58 Y76.271 E.0087
G1 X141.862 Y76.347 E.0087
G1 X142.135 Y76.452 E.0087
G1 X142.395 Y76.584 E.0087
G1 X142.64 Y76.743 E.0087
G1 X142.867 Y76.927 E.0087
G1 X143.073 Y77.133 E.0087
G1 X143.257 Y77.36 E.0087
G1 X143.416 Y77.605 E.0087
G1 X143.548 Y77.865 E.0087
G1 X143.653 Y78.138 E.0087
G1 X143.729 Y78.42 E.0087
G1 X143.774 Y78.708 E.0087
G1 X143.79 Y79.005 E.00886
G1 X143.79 Y140.995 E1.84644
G1 X143.774 Y141.292 E.00886
G1 X143.729 Y141.58 E.0087
G1 X143.653 Y141.862 E.0087
G1 X143.549 Y142.135 E.0087
G1 X143.416 Y142.395 E.0087
G1 X143.257 Y142.64 E.0087
G1 X143.073 Y142.867 E.0087
G1 X142.867 Y143.073 E.0087
G1 X142.64 Y143.257 E.0087
G1 X142.395 Y143.416 E.0087
G1 X142.135 Y143.548 E.0087
G1 X141.862 Y143.653 E.0087
G1 X141.58 Y143.729 E.0087
G1 X141.292 Y143.774 E.0087
G1 X141.054 Y143.787 E.00707
G1 X141.034 Y143.387 F18000
G1 X140.984 Y143.389
G1 X140.984 Y143.389
G1 X140.984 Y143.398
M204 P1500
;TYPE:Inner wall
;WIDTH:0.45
G1 F6000
G1 X79.016 Y143.398 E1.99268
G1 X78.749 Y143.384 E.00857
G1 X78.502 Y143.345 E.00807
G1 X78.259 Y143.28 E.00807
G1 X78.025 Y143.19 E.00807
G1 X77.801 Y143.076 E.00807
G1 X77.591 Y142.939 E.00806
G1 X77.396 Y142.781 E.00807
G1 X77.219 Y142.604 E.00807
G1 X77.061 Y142.409 E.00807
G1 X76.924 Y142.199 E.00806
G1 X76.81 Y141.975 E.00807
G1 X76.72 Y141.741 E.00807
G1 X76.655 Y141.498 E.00807
G1 X76.616 Y141.251 E.00807
G1 X76.602 Y140.984 E.00857
G1 X76.602 Y79.016 E1.99268
G1 X76.616 Y78.749 E.00857
G1 X76.655 Y78.502 E.00807
G1 X76.72 Y78.259 E.00807
G1 X76.81 Y78.025 E.00807
G1 X76.924 Y77.801 E.00807
G1 X77.061 Y77.591 E.00806
G1 X77.219 Y77.396 E.00807
G1 X77.396 Y77.219 E.00807
G1 X77.591 Y77.061 E.00807
G1 X77.801 Y76.924 E.00806
G1 X78.025 Y76.81 E.00807
G1 X78.259 Y76.72 E.00807
G1 X78.502 Y76.655 E.00807
G1 X78.749 Y76.616 E.00807
G1 X79.016 Y76.602 E.00857
G1 X140.984 Y76.602 E1.99268
G1 X141.251 Y76.616 E.00857
G1 X141.498 Y76.655 E.00807
G1 X141.741 Y76.72 E.00807
G1 X141.975 Y76.81 E.00807
G1 X142.199 Y76.924 E.00807
G1 X142.409 Y77.061 E.00806
G1 X142.604 Y77.219 E.00807
G1 X142.781 Y77.396 E.00807
G1 X142.939 Y77.591 E.00807
G1 X143.076 Y77.801 E.00806
G1 X143.19 Y78.025 E.00807
G1 X143.28 Y78.259 E.00807
G1 X143.345 Y78.502 E.00807
G1 X143.384 Y78.749 E.00807
G1 X143.398 Y79.016 E.00857
G1 X143.398 Y140.984 E1.99268
G1 X143.384 Y141.251 E.00857
G1 X143.345 Y141.498 E.00807
G1 X143.28 Y141.741 E.00807
G1 X143.19 Y141.975 E.00807
G1 X143.076 Y142.199 E.00807
G1 X142.939 Y142.409 E.00806
G1 X142.781 Y142.604 E.00807
G1 X142.604 Y142.781 E.00807
G1 X142.409 Y142.939 E.00807
G1 X142.199 Y143.076 E.00806
G1 X141.975 Y143.19 E.00807
G1 X141.741 Y143.28 E.00807
G1 X141.498 Y143.345 E.00807
G1 X141.251 Y143.384 E.00807
G1 X141.044 Y143.395 E.00664
G1 X140.974 Y142.991 F18000
G1 F6000
G1 X79.026 Y142.991 E1.992
G1 X78.792 Y142.979 E.00754
G1 X78.385 Y142.892 E.01338
G1 X78.005 Y142.723 E.01338
G1 X77.669 Y142.479 E.01337
G1 X77.39 Y142.169 E.01338
G1 X77.183 Y141.809 E.01337
G1 X77.054 Y141.414 E.01337
G1 X77.009 Y140.974 E.01422
G1 X77.009 Y79.026 E1.992
G1 X77.021 Y78.792 E.00754
G1 X77.108 Y78.385 E.01338
G1 X77.277 Y78.005 E.01338
G1 X77.521 Y77.669 E.01337
G1 X77.831 Y77.39 E.01338
G1 X78.191 Y77.183 E.01337
G1 X78.586 Y77.054 E.01337
G1 X79.026 Y77.009 E.01422
G1 X140.974 Y77.009 E1.992
G1 X141.208 Y77.021 E.00754
G1 X141.615 Y77.108 E.01338
G1 X141.995 Y77.277 E.01338
G1 X142.169 Y77.39 E.00669
G1 X142.479 Y77.669 E.01338
G1 X142.723 Y78.005 E.01337
G1 X142.892 Y78.385 E.01338
G1 X142.979 Y78.792 E.01338
G1 X142.991 Y79.026 E.00754
G1 X142.991 Y140.974 E1.992
G1 X142.979 Y141.208 E.00754
G1 X142.892 Y141.615 E.01338
G1 X142.723 Y141.995 E.01338
G1 X142.479 Y142.331 E.01337
G1 X142.169 Y142.61 E.01338
G1 X141.809 Y142.817 E.01337
G1 X141.414 Y142.946 E.01337
G1 X141.033 Y142.985 E.01229
G1 E-1.75
;WIPE_START
G1 X140.033 Y142.985 E-.75
;WIPE_END
G1 X140.033 Y143.389 Z1.84 F18000
G1 X135.86 Y91.304
G1 X135.881 Y90.901
G1 Z1.64
G1 E2.5 F6000
M204 P1000
;TYPE:Outer wall
;WIDTH:0.42
G1 F3600
G1 X136.2 Y90.901 E.00948
G1 X136.591 Y90.818 E.0119
G1 X136.956 Y90.655 E.0119
G1 X137.279 Y90.42 E.0119
G1 X137.546 Y90.123 E.0119
G1 X137.743 Y89.782 E.01174
G1 X137.819 Y89.585 E.00629
G1 X137.901 Y89.2 E.01174
G1 X137.901 Y88.8 E.0119
G1 X137.819 Y88.415 E.01174
G1 X137.743 Y88.218 E.00629
G1 X137.546 Y87.877 E.01174
G1 X137.279 Y87.58 E.0119
G1 X136.956 Y87.345 E.0119
G1 X136.591 Y87.182 E.0119
G1 X136.201 Y87.099 E.01186
G1 X135.88 Y87.095 E.00957
G1 X135.6 Y87.131 E.00839
G1 X135.223 Y87.254 E.01183
G1 X134.877 Y87.454 E.0119
G1 X134.58 Y87.721 E.0119
G1 X134.345 Y88.044 E.0119
G1 X134.182 Y88.409 E.0119
G1 X134.099 Y88.8 E.0119
G1 X134.099 Y89.2 E.0119
G1 X134.182 Y89.591 E.0119
G1 X134.345 Y89.956 E.0119
G1 X134.58 Y90.279 E.0119
G1 X134.877 Y90.546 E.0119
G1 X135.218 Y90.743 E.01174
G1 X135.415 Y90.819 E.00629
G1 X135.8 Y90.901 E.01174
G1 X135.821 Y90.901 E.00063
G1 X135.8 Y91.301 F18000
G1 X135.797 Y91.301
G1 X135.798 Y91.293
M204 P1500
;TYPE:Inner wall
;WIDTH:0.45
G1 F6000
G1 X136.241 Y91.293 E.01425
G1 X136.712 Y91.193 E.0155
G1 X137.153 Y90.997 E.0155
G1 X137.543 Y90.713 E.0155
G1 X137.865 Y90.355 E.0155
G1 X138.098 Y89.952 E.01499
G1 X138.196 Y89.697 E.00877
G1 X138.293 Y89.241 E.01499
G1 X138.293 Y88.759 E.01549
G1 X138.196 Y88.303 E.01499
G1 X138.098 Y88.048 E.00877
G1 X137.865 Y87.645 E.01499
G1 X137.543 Y87.287 E.0155
G1 X137.153 Y87.003 E.0155
G1 X136.712 Y86.807 E.0155
G1 X136.245 Y86.708 E.01537
G1 X135.857 Y86.703 E.01247
G1 X135.514 Y86.747 E.01112
G1 X135.062 Y86.894 E.01527
G1 X134.645 Y87.135 E.0155
G1 X134.287 Y87.457 E.01549
G1 X134.003 Y87.847 E.0155
G1 X133.807 Y88.288 E.0155
G1 X133.707 Y88.759 E.0155
G1 X133.707 Y89.241 E.01549
G1 X133.807 Y89.712 E.0155
G1 X134.003 Y90.153 E.0155
G1 X134.287 Y90.543 E.0155
G1 X134.645 Y90.865 E.01549
G1 X135.048 Y91.098 E.01499
G1 X135.303 Y91.196 E.00877
G1 X135.738 Y91.288 E.0143
G1 X135.791 Y91.7 F18000
G1 F6000
G1 X136.284 Y91.7 E.01583
G1 X136.839 Y91.582 E.01825
G1 X137.357 Y91.351 E.01826
G1 X137.817 Y91.018 E.01825
G1 X138.196 Y90.596 E.01825
G1 X138.467 Y90.127 E.0174
G1 X138.588 Y89.813 E.01084
G1 X138.7 Y89.284 E.01739
G1 X138.7 Y88.716 E.01824
G1 X138.588 Y88.187 E.01739
G1 X138.467 Y87.873 E.01084
G1 X138.196 Y87.404 E.0174
G1 X137.817 Y86.982 E.01825
G1 X137.357 Y86.649 E.01825
G1 X136.839 Y86.418 E.01826
G1 X136.29 Y86.301 E.01804
G1 X135.834 Y86.296 E.01468
G1 X135.424 Y86.348 E.01327
G1 X134.896 Y86.52 E.01788
G1 X134.404 Y86.804 E.01826
G1 X133.982 Y87.183 E.01825
G1 X133.649 Y87.643 E.01825
G1 X133.418 Y88.161 E.01826
G1 X133.3 Y88.716 E.01825
G1 X133.3 Y89.284 E.01824
G1 X133.418 Y89.839 E.01825
G1 X133.649 Y90.357 E.01826
G1 X133.982 Y90.817 E.01825
G1 X134.404 Y91.196 E.01825
G1 X134.873 Y91.467 E.0174
G1 X135.187 Y91.588 E.01084
G1 X135.716 Y91.7 E.01739
G1 X135.731 Y91.7 E.00048
G1 E-1.75
;WIPE_START
G1 X136.284 Y91.7 E-.41426
G1 X136.722 Y91.607 E-.33574
;WIPE_END
G1 X136.619 Y91.224 Z1.84 F18000
G1 X138.312 Y131
G1 X138.299 Y131.242
G1 X138.261 Y131.481
G1 X138.199 Y131.714
G1 X138.112 Y131.94
G1 X138.002 Y132.156
G1 X137.87 Y132.359
G1 X137.718 Y132.547
G1 X137.547 Y132.718
G1 X137.359 Y132.87
G1 X137.156 Y133.002
G1 X136.94 Y133.112
G1 X136.714 Y133.199
G1 X136.481 Y133.261
G1 X136.242 Y133.299
G1 X136.191 Y133.302
G1 X136.17 Y132.901
G1 Z1.64
G1 E2.5 F6000
M204 P1000
;TYPE:Outer wall
;WIDTH:0.42
G1 F3600
G1 X136.2 Y132.901 E.00089
G1 X136.591 Y132.818 E.0119
G1 X136.956 Y132.655 E.0119
G1 X137.279 Y132.42 E.0119
G1 X137.546 Y132.123 E.0119
G1 X137.743 Y131.782 E.01174
G1 X137.819 Y131.585 E.00629
G1 X137.901 Y131.2 E.01174
G1 X137.901 Y130.8 E.0119
G1 X137.819 Y130.415 E.01174
G1 X137.743 Y130.218 E.00629
G1 X137.546 Y129.877 E.01174
G1 X137.279 Y129.58 E.0119
G1 X136.956 Y129.345 E.0119
G1 X136.591 Y129.182 E.0119
G1 X136.201 Y129.099 E.01186
G1 X135.88 Y129.095 E.00957
G1 X135.6 Y129.131 E.00839
G1 X135.223 Y129.254 E.01183
G1 X134.877 Y129.454 E.0119
G1 X134.58 Y129.721 E.0119
G1 X134.345 Y130.044 E.0119
G1 X134.182 Y130.409 E.0119
G1 X134.099 Y130.8 E.0119
G1 X134.099 Y131.2 E.0119
G1 X134.182 Y131.591 E.0119
G1 X134.345 Y131.956 E.0119
G1 X134.58 Y132.279 E.0119
G1 X134.877 Y132.546 E.0119
G1 X135.218 Y132.743 E.01174
G1 X135.415 Y132.819 E.00629
G1 X135.8 Y132.901 E.01174
G1 X136.11 Y132.901 E.00922
G1 X136.131 Y133.305 F18000
G1 X136.203 Y133.301
G1 X136.203 Y133.293
M204 P1500
;TYPE:Inner wall
;WIDTH:0.45
G1 F6000
G1 X136.241 Y133.293 E.00123
G1 X136.712 Y133.193 E.0155
G1 X137.153 Y132.997 E.0155
G1 X137.543 Y132.713 E.0155
G1 X137.865 Y132.355 E.0155
G1 X138.098 Y131.952 E.01499
G1 X138.196 Y131.697 E.00877
G1 X138.293 Y131.241 E.01499
G1 X138.293 Y130.759 E.01549
G1 X138.196 Y130.303 E.01499
G1 X138.098 Y130.048 E.00877
G1 X137.865 Y129.645 E.01499
G1 X137.543 Y129.287 E.0155
G1 X137.153 Y129.003 E.0155
G1 X136.712 Y128.807 E.0155
G1 X136.245 Y128.708 E.01537
G1 X135.857 Y128.703 E.01247
G1 X135.514 Y128.747 E.01112
G1 X135.062 Y128.894 E.01527
G1 X134.645 Y129.135 E.0155
G1 X134.287 Y129.457 E.01549
G1 X134.003 Y129.847 E.0155
G1 X133.807 Y130.288 E.0155
G1 X133.707 Y130.759 E.0155
G1 X133.707 Y131.241 E.01549
G1 X133.807 Y131.712 E.0155
G1 X134.003 Y132.153 E.0155
G1 X134.287 Y132.543 E.0155
G1 X134.645 Y132.865 E.01549
G1 X135.048 Y133.098 E.01499
G1 X135.303 Y133.196 E.00877
G1 X135.759 Y133.293 E.01499
G1 X136.143 Y133.293 E.01233
G1 X136.357 Y133.684 F18000
G1 F6000
G1 X136.839 Y133.582 E.01585
G1 X137.357 Y133.351 E.01826
G1 X137.817 Y133.018 E.01825
G1 X138.196 Y132.596 E.01825
G1 X138.467 Y132.127 E.0174
G1 X138.588 Y131.813 E.01084
G1 X138.7 Y131.284 E.01739
G1 X138.7 Y130.716 E.01824
G1 X138.588 Y130.187 E.01739
G1 X138.467 Y129.873 E.01084
G1 X138.196 Y129.404 E.0174
G1 X137.817 Y128.982 E.01825
G1 X137.357 Y128.649 E.01825
G1 X136.839 Y128.418 E.01826
G1 X136.29 Y128.301 E.01804
G1 X135.834 Y128.296 E.01468
G1 X135.424 Y128.348 E.01327
G1 X134.896 Y128.52 E.01788
G1 X134.404 Y128.804 E.01826
G1 X133.982 Y129.183 E.01825
G1 X133.649 Y129.643 E.01825
G1 X133.418 Y130.161 E.01826
G1 X133.3 Y130.716 E.01825
G1 X133.3 Y131.284 E.01824
G1 X133.418 Y131.839 E.01825
G1 X133.649 Y132.357 E.01826
G1 X133.982 Y132.817 E.01825
G1 X134.404 Y133.196 E.01825
G1 X134.873 Y133.467 E.0174
G1 X135.187 Y133.588 E.01084
G1 X135.716 Y133.7 E.01739
G1 X136.284 Y133.7 E.01824
G1 X136.298 Y133.697 E.00047
G1 E-1.75
;WIPE_START
G1 X136.839 Y133.582 E-.41466
G1 X137.247 Y133.4 E-.33534
;WIPE_END
G1 X137.067 Y133.047 Z1.84 F18000
G1 X85.291 Y132.914
G1 X85.156 Y133.002
G1 X84.94 Y133.112
G1 X84.714 Y133.199
G1 X84.481 Y133.261
G1 X84.242 Y133.299
G1 X84 Y133.312
G1 X83.86 Y133.304
G1 X83.881 Y132.901
G1 Z1.64
G1 E2.5 F6000
M204 P1000
;TYPE:Outer wall
;WIDTH:0.42
G1 F3600
G1 X84.2 Y132.901 E.00948
G1 X84.591 Y132.818 E.0119
G1 X84.956 Y132.655 E.0119
G1 X85.279 Y132.42 E.0119
G1 X85.546 Y132.123 E.0119
G1 X85.743 Y131.782 E.01174
G1 X85.819 Y131.585 E.00629
G1 X85.901 Y131.2 E.01174
G1 X85.901 Y130.8 E.0119
G1 X85.819 Y130.415 E.01174
G1 X85.743 Y130.218 E.00629
G1 X85.546 Y129.877 E.01174
G1 X85.279 Y129.58 E.0119
G1 X84.956 Y129.345 E.0119
G1 X84.591 Y129.182 E.0119
G1 X84.201 Y129.099 E.01186
G1 X83.88 Y129.095 E.00957
G1 X83.6 Y129.131 E.00839
G1 X83.223 Y129.254 E.01183
G1 X82.877 Y129.454 E.0119
G1 X82.58 Y129.721 E.0119
G1 X82.345 Y130.044 E.0119
G1 X82.182 Y130.409 E.0119
G1 X82.099 Y130.8 E.0119
G1 X82.099 Y131.2 E.0119
G1 X82.182 Y131.591 E.0119
G1 X82.345 Y131.956 E.0119
G1 X82.58 Y132.279 E.0119
G1 X82.877 Y132.546 E.0119
G1 X83.218 Y132.743 E.01174
G1 X83.415 Y132.819 E.00629
G1 X83.8 Y132.901 E.01174
G1 X83.821 Y132.901 E.00063
G1 X83.8 Y133.301 F18000
G1 X83.758 Y133.299
G1 X83.72 Y133.293
G1 X83.721 Y133.285
M204 P1500
;TYPE:Inner wall
;WIDTH:0.45
G1 F6000
G1 X83.759 Y133.293 E.00124
G1 X84.241 Y133.293 E.01549
G1 X84.712 Y133.193 E.0155
G1 X85.153 Y132.997 E.0155
G1 X85.543 Y132.713 E.0155
G1 X85.865 Y132.355 E.0155
G1 X86.098 Y131.952 E.01499
G1 X86.196 Y131.697 E.00877
G1 X86.293 Y131.241 E.01499
G1 X86.293 Y130.759 E.01549
G1 X86.196 Y130.303 E.01499
G1 X86.098 Y130.048 E.00877
G1 X85.865 Y129.645 E.01499
G1 X85.543 Y129.287 E.0155
G1 X85.153 Y129.003 E.0155
G1 X84.712 Y128.807 E.0155
G1 X84.245 Y128.708 E.01537
G1 X83.857 Y128.703 E.01247
G1 X83.514 Y128.747 E.01112
G1 X83.062 Y128.894 E.01527
G1 X82.645 Y129.135 E.0155
G1 X82.287 Y129.457 E.01549
G1 X82.003 Y129.847 E.0155
G1 X81.807 Y130.288 E.0155
G1 X81.707 Y130.759 E.0155
G1 X81.707 Y131.241 E.01549
G1 X81.807 Y131.712 E.0155
G1 X82.003 Y132.153 E.0155
G1 X82.287 Y132.543 E.0155
G1 X82.645 Y132.865 E.01549
G1 X83.048 Y133.098 E.01499
G1 X83.303 Y133.196 E.00877
G1 X83.663 Y133.272 E.01181
G1 X83.643 Y133.684 F18000
G1 F6000
G1 X83.716 Y133.7 E.00241
G1 X84.284 Y133.7 E.01824
G1 X84.839 Y133.582 E.01825
G1 X85.357 Y133.351 E.01826
G1 X85.817 Y133.018 E.01825
G1 X86.196 Y132.596 E.01825
G1 X86.467 Y132.127 E.0174
G1 X86.588 Y131.813 E.01084
G1 X86.7 Y131.284 E.01739
G1 X86.7 Y130.716 E.01824
G1 X86.588 Y130.187 E.01739
G1 X86.467 Y129.873 E.01084
G1 X86.196 Y129.404 E.0174
G1 X85.817 Y128.982 E.01825
G1 X85.357 Y128.649 E.01825
G1 X84.839 Y128.418 E.01826
G1 X84.29 Y128.301 E.01804
G1 X83.834 Y128.296 E.01468
G1 X83.424 Y128.348 E.01327
G1 X82.896 Y128.52 E.01788
G1 X82.404 Y128.804 E.01826
G1 X81.982 Y129.183 E.01825
G1 X81.649 Y129.643 E.01825
G1 X81.418 Y130.161 E.01826
G1 X81.3 Y130.716 E.01825
G1 X81.3 Y131.284 E.01824
G1 X81.418 Y131.839 E.01825
G1 X81.649 Y132.357 E.01826
G1 X81.982 Y132.817 E.01825
G1 X82.404 Y133.196 E.01825
G1 X82.873 Y133.467 E.0174
G1 X83.187 Y133.588 E.01084
G1 X83.584 Y133.672 E.01305
G1 E-1.75
;WIPE_START
G1 X83.716 Y133.7 E-.10124
G1 X84.284 Y133.7 E-.4255
G1 X84.575 Y133.638 E-.22326
;WIPE_END
G1 X84.481 Y133.261 Z1.84 F18000
G1 X84.714 Y133.199
G1 X84.94 Y133.112
G1 X85.156 Y133.002
G1 X85.359 Y132.87
G1 X85.547 Y132.718
G1 X85.718 Y132.547
G1 X85.87 Y132.359
G1 X86.002 Y132.156
G1 X86.112 Y131.94
G1 X86.199 Y131.714
G1 X86.261 Y131.481
G1 X86.299 Y131.242
G1 X86.312 Y131
G1 X86.299 Y130.758
G1 X86.261 Y130.519
G1 X86.199 Y130.286
G1 X86.112 Y130.06
G1 X86.002 Y129.844
G1 X85.87 Y129.641
G1 X85.718 Y129.453
G1 X85.547 Y129.282
G1 X85.359 Y129.13
G1 X85.156 Y128.998
G1 X84.94 Y128.888
G1 X84.714 Y128.801
G1 X84.495 Y128.743
G1 X83.86 Y91.304
G1 X83.881 Y90.901
G1 Z1.64
G1 E2.5 F6000
M204 P1000
;TYPE:Outer wall
;WIDTH:0.42
G1 F3600
G1 X84.2 Y90.901 E.00948
G1 X84.591 Y90.818 E.0119
G1 X84.956 Y90.655 E.0119
G1 X85.279 Y90.42 E.0119
G1 X85.546 Y90.123 E.0119
G1 X85.743 Y89.782 E.01174
G1 X85.819 Y89.585 E.00629
G1 X85.901 Y89.2 E.01174
G1 X85.901 Y88.8 E.0119
G1 X85.819 Y88.415 E.01174
G1 X85.743 Y88.218 E.00629
G1 X85.546 Y87.877 E.01174
G1 X85.279 Y87.58 E.0119
G1 X84.956 Y87.345 E.0119
G1 X84.591 Y87.182 E.0119
G1 X84.201 Y87.099 E.01186
G1 X83.88 Y87.095 E.00957
G1 X83.6 Y87.131 E.00839
G1 X83.223 Y87.254 E.01183
G1 X82.877 Y87.454 E.0119
G1 X82.58 Y87.721 E.0119
G1 X82.345 Y88.044 E.0119
G1 X82.182 Y88.409 E.0119
G1 X82.099 Y88.8 E.0119
G1 X82.099 Y89.2 E.0119
G1 X82.182 Y89.591 E.0119
G1 X82.345 Y89.956 E.0119
G1 X82.58 Y90.279 E.0119
G1 X82.877 Y90.546 E.0119
G1 X83.218 Y90.743 E.01174
G1 X83.415 Y90.819 E.00629
G1 X83.8 Y90.901 E.01174
G1 X83.821 Y90.901 E.00063
G1 X83.8 Y91.301 F18000
G1 X83.797 Y91.301
G1 X83.798 Y91.293
M204 P1500
;TYPE:Inner wall
;WIDTH:0.45
G1 F6000
G1 X84.241 Y91.293 E.01425
G1 X84.712 Y91.193 E.0155
G1 X85.153 Y90.997 E.0155
G1 X85.543 Y90.713 E.0155
G1 X85.865 Y90.355 E.0155
G1 X86.098 Y89.952 E.01499
G1 X86.196 Y89.697 E.00877
G1 X86.293 Y89.241 E.01499
G1 X86.293 Y88.759 E.01549
G1 X86.196 Y88.303 E.01499
G1 X86.098 Y88.048 E.00877
G1 X85.865 Y87.645 E.01499
G1 X85.543 Y87.287 E.0155
G1 X85.153 Y87.003 E.0155
G1 X84.712 Y86.807 E.0155
G1 X84.245 Y86.708 E.01537
G1 X83.857 Y86.703 E.01247
G1 X83.514 Y86.747 E.01112
G1 X83.062 Y86.894 E.01527
G1 X82.645 Y87.135 E.0155
G1 X82.287 Y87.457 E.01549
G1 X82.003 Y87.847 E.0155
G1 X81.807 Y88.288 E.0155
G1 X81.707 Y88.759 E.0155
G1 X81.707 Y89.241 E.01549
G1 X81.807 Y89.712 E.0155
G1 X82.003 Y90.153 E.0155
G1 X82.287 Y90.543 E.0155
G1 X82.645 Y90.865 E.01549
G1 X83.048 Y91.098 E.01499
G1 X83.303 Y91.196 E.00877
G1 X83.738 Y91.288 E.0143
G1 X83.791 Y91.7 F18000
G1 F6000
G1 X84.284 Y91.7 E.01583
G1 X84.839 Y91.582 E.01825
G1 X85.357 Y91.351 E.01826
G1 X85.817 Y91.018 E.01825
G1 X86.196 Y90.596 E.01825
G1 X86.467 Y90.127 E.0174
G1 X86.588 Y89.813 E.01084
G1 X86.7 Y89.284 E.01739
G1 X86.7 Y88.716 E.01824
G1 X86.588 Y88.187 E.01739
G1 X86.467 Y87.873 E.01084
G1 X86.196 Y87.404 E.0174
G1 X85.817 Y86.982 E.01825
G1 X85.357 Y86.649 E.01825
G1 X84.839 Y86.418 E.01826
G1 X84.29 Y86.301 E.01804
G1 X83.834 Y86.296 E.01468
G1 X83.424 Y86.348 E.01327
G1 X82.896 Y86.52 E.01788
G1 X82.404 Y86.804 E.01826
G1 X81.982 Y87.183 E.01825
G1 X81.649 Y87.643 E.01825
G1 X81.418 Y88.161 E.01826
G1 X81.3 Y88.716 E.01825
G1 X81.3 Y89.284 E.01824
G1 X81.418 Y89.839 E.01825
G1 X81.649 Y90.357 E.01826
G1 X81.982 Y90.817 E.01825
G1 X82.404 Y91.196 E.01825
G1 X82.873 Y91.467 E.0174
G1 X83.187 Y91.588 E.01084
G1 X83.716 Y91.7 E.01739
G1 X83.731 Y91.7 E.00048
G1 E-1.75
;WIPE_START
G1 X84.284 Y91.7 E-.41426
G1 X84.722 Y91.607 E-.33574
;WIPE_END
G1 X84.619 Y91.224 Z1.84 F18000
G1 X103.689 Y116.311
G1 X116.311 Y116.311
G1 X116.311 Y115.91
G1 X115.91 Y115.91
G1 Z1.64
G1 E2.5 F6000
M204 P1000
;TYPE:Outer wall
;WIDTH:0.42
G1 F3600
G1 X115.91 Y104.09 E.35208
G1 X104.09 Y104.09 E.35208
G1 X104.09 Y115.91 E.35208
G1 X115.85 Y115.91 E.35029
G1 X115.85 Y116.311 F18000
G1 X116.311 Y116.311
G1 X116.311 Y116.302
G1 X116.302 Y116.302
M204 P1500
;TYPE:Inner wall
;WIDTH:0.45
G1 F6000
G1 X116.302 Y103.698 E.4053
G1 X103.698 Y103.698 E.4053
G1 X103.698 Y116.302 E.4053
G1 X116.242 Y116.302 E.40337
G1 X116.709 Y116.709 F18000
G1 F6000
G1 X116.709 Y103.291 E.43148
G1 X103.291 Y103.291 E.43148
G1 X103.291 Y116.709 E.43148
G1 X116.649 Y116.709 E.42955
G1 X118.743 Y118.914 F18000
M204 P2000
;TYPE:Internal solid infill
;WIDTH:0.423051
G1 F6000
G1 X118.743 Y117.093 E.05469
G1 X118.363 Y117.093 E.01141
G1 X118.363 Y118.745 E.0496
G1 X117.983 Y118.745 E.01141
G1 X117.983 Y117.093 E.0496
G1 X117.603 Y117.093 E.01141
G1 X117.603 Y118.745 E.0496
G1 X117.222 Y118.745 E.01141
G1 X117.222 Y117.093 E.0496
G1 X116.842 Y117.093 E.01141
G1 X116.842 Y118.745 E.0496
G1 X116.462 Y118.745 E.01141
G1 X116.462 Y117.093 E.0496
G1 X116.082 Y117.093 E.01141
G1 X116.082 Y118.745 E.0496
G1 X115.702 Y118.745 E.01141
G1 X115.702 Y117.093 E.0496
G1 X115.322 Y117.093 E.01141
G1 X115.322 Y118.745 E.0496
G1 X114.942 Y118.745 E.01141
G1 X114.942 Y117.093 E.0496
G1 X114.562 Y117.093 E.01141
G1 X114.562 Y118.745 E.0496
G1 X114.181 Y118.745 E.01141
G1 X114.181 Y117.093 E.0496
G1 X113.801 Y117.093 E.01141
G1 X113.801 Y118.745 E.0496
G1 X113.421 Y118.745 E.01141
G1 X113.421 Y117.093 E.0496
G1 X113.041 Y117.093 E.01141
G1 X113.041 Y118.745 E.0496
G1 X112.661 Y118.745 E.01141
G1 X112.661 Y117.093 E.0496
G1 X112.281 Y117.093 E.01141
G1 X112.281 Y118.745 E.0496
G1 X111.901 Y118.745 E.01141
G1 X111.901 Y117.093 E.0496
G1 X111.52 Y117.093 E.01141
G1 X111.52 Y118.745 E.0496
G1 X111.14 Y118.745 E.01141
G1 X111.14 Y117.093 E.0496
G1 X110.76 Y117.093 E.01141
G1 X110.76 Y118.745 E.0496
G1 X110.38 Y118.745 E.01141
G1 X110.38 Y117.093 E.0496
G1 X110 Y117.093 E.01141
G1 X110 Y118.745 E.0496
G1 X109.62 Y118.745 E.01141
G1 X109.62 Y117.093 E.0496
G1 X109.24 Y117.093 E.01141
G1 X109.24 Y118.745 E.0496
G1 X108.86 Y118.745 E.01141
G1 X108.86 Y117.093 E.0496
G1 X108.479 Y117.093 E.01141
G1 X108.479 Y118.745 E.0496
G1 X108.099 Y118.745 E.01141
G1 X108.099 Y117.093 E.0496
G1 X107.719 Y117.093 E.01141
G1 X107.719 Y118.745 E.0496
G1 X107.339 Y118.745 E.01141
G1 X107.339 Y117.093 E.0496
G1 X106.959 Y117.093 E.01141
G1 X106.959 Y118.745 E.0496
G1 X106.579 Y118.745 E.01141
G1 X106.579 Y117.093 E.0496
G1 X106.199 Y117.093 E.01141
G1 X106.199 Y118.745 E.0496
G1 X105.819 Y118.745 E.01141
G1 X105.819 Y117.093 E.0496
G1 X105.438 Y117.093 E.01141
G1 X105.438 Y118.745 E.0496
G1 X105.058 Y118.745 E.01141
G1 X105.058 Y117.093 E.0496
G1 X104.678 Y117.093 E.01141
G1 X104.678 Y118.745 E.0496
G1 X104.298 Y118.745 E.01141
G1 X104.298 Y117.093 E.0496
G1 X103.918 Y117.093 E.01141
G1 X103.918 Y118.745 E.0496
G1 X103.538 Y118.745 E.01141
G1 X103.538 Y117.093 E.0496
G1 X103.158 Y117.093 E.01141
G1 X103.158 Y118.745 E.0496
G1 X102.777 Y118.745 E.01141
G1 X102.777 Y117.093 E.0496
G1 X102.397 Y117.093 E.01141
G1 X102.397 Y118.745 E.0496
G1 X102.017 Y118.745 E.01141
G1 X102.017 Y117.093 E.0496
G1 X101.637 Y117.093 E.01141
G1 X101.637 Y118.745 E.0496
G1 X101.267 Y118.745 E.01112
G1 X101.257 Y116.923 E.0547
G1 X100.863 Y118.069 F18000
;TYPE:Sparse infill
;WIDTH:0.45
G1 F6205.95
G1 X100.863 Y115.785 E.07343
G1 X77.357 Y92.28 E1.06896
G1 X77.357 Y89.792 E.07997
G1 X100.863 Y113.298 E1.06896
G1 X100.863 Y110.811 E.07997
G1 X77.357 Y87.305 E1.06896
G1 X77.357 Y84.818 E.07997
G1 X80.681 Y88.142 E.15112
G1 X80.724 Y87.936 E.00677
G1 X81.017 Y87.278 E.02316
G1 X81.44 Y86.695 E.02315
G1 X81.588 Y86.562 E.0064
G1 X77.357 Y82.331 E.1924
G1 X77.357 Y79.844 E.07997
G1 X83.178 Y85.665 E.26471
G1 X83.261 Y85.638 E.00281
G1 X83.783 Y85.571 E.01693
G1 X84.371 Y85.577 E.01889
G1 X85.064 Y85.724 E.0228
G1 X85.424 Y85.885 E.01266
G1 X87.139 Y87.6 F18000
G1 F6205.95
G1 X87.285 Y87.981 E.01313
G1 X87.425 Y88.64 E.02167
G1 X87.425 Y89.36 E.02314
G1 X87.329 Y89.816 E.01498
G1 X100.863 Y103.35 E.61551
G1 X100.863 Y101.104 E.07222
G1 X100.984 Y100.984 E.00548
G1 X77.846 Y77.846 E1.05223
G1 X78.036 Y77.674 E.00826
G1 X78.333 Y77.502 E.01102
G1 X78.659 Y77.397 E.011
G1 X79.044 Y77.357 E.01246
G1 X79.844 Y77.357 E.02574
G1 X103.35 Y100.863 E1.06896
G1 X105.837 Y100.863 E.07997
G1 X82.331 Y77.357 E1.06896
G1 X84.818 Y77.357 E.07997
G1 X108.324 Y100.863 E1.06896
G1 X110.811 Y100.863 E.07997
G1 X87.305 Y77.357 E1.06896
G1 X89.792 Y77.357 E.07997
G1 X113.298 Y100.863 E1.06896
G1 X115.785 Y100.863 E.07997
G1 X92.28 Y77.357 E1.06896
G1 X94.767 Y77.357 E.07997
G1 X118.272 Y100.863 E1.06896
G1 X118.896 Y100.863 E.02004
G1 X119.137 Y101.104 E.01096
G1 X119.137 Y101.728 E.02004
G1 X142.643 Y125.233 E1.06896
G1 X142.643 Y122.746 E.07997
G1 X97.254 Y77.357 E2.06411
G1 X99.741 Y77.357 E.07997
G1 X142.643 Y120.259 E1.95101
G1 X142.643 Y117.772 E.07997
G1 X102.228 Y77.357 E1.83791
G1 X104.715 Y77.357 E.07997
G1 X142.643 Y115.285 E1.72481
G1 X142.643 Y112.798 E.07997
G1 X107.202 Y77.357 E1.61171
G1 X109.689 Y77.357 E.07997
G1 X142.643 Y110.311 E1.49861
G1 X142.643 Y107.824 E.07997
G1 X112.176 Y77.357 E1.38552
G1 X114.663 Y77.357 E.07997
G1 X142.643 Y105.337 E1.27242
G1 X142.643 Y102.85 E.07997
G1 X117.15 Y77.357 E1.15932
G1 X119.637 Y77.357 E.07997
G1 X133.06 Y90.78 E.61043
G1 X133.44 Y91.305 E.02083
G1 X133.975 Y91.786 E.02315
G1 X134.189 Y91.909 E.00792
G1 X142.643 Y100.363 E.38445
G1 X142.643 Y97.876 E.07997
G1 X137.046 Y92.28 E.25452
G1 X137.722 Y91.983 E.02375
G1 X138.305 Y91.56 E.02315
G1 X138.545 Y91.292 E.01157
G1 X142.643 Y95.389 E.18632
G1 X142.643 Y93.106 E.07343
G1 X138.847 Y87.08 F18000
G1 F6205.95
G1 X139.124 Y87.559 E.0178
G1 X139.285 Y87.981 E.01451
G1 X139.425 Y88.64 E.02167
G1 X139.425 Y89.36 E.02314
G1 X139.368 Y89.628 E.00882
G1 X142.643 Y92.902 E.1489
G1 X142.643 Y90.415 E.07997
G1 X129.585 Y77.357 E.59382
G1 X132.072 Y77.357 E.07997
G1 X142.643 Y87.928 E.48072
G1 X142.643 Y85.441 E.07997
G1 X134.559 Y77.357 E.36762
G1 X137.046 Y77.357 E.07997
G1 X142.643 Y82.954 E.25452
G1 X142.643 Y80.467 E.07997
G1 X139.533 Y77.357 E.14142
G1 X141.162 Y77.368 E.0524
G1 X141.507 Y77.441 E.01132
G1 X141.828 Y77.584 E.01132
G1 X141.957 Y77.668 E.00493
G1 X142.218 Y77.903 E.01132
G1 X142.42 Y78.18 E.01101
G1 X142.559 Y78.493 E.01102
G1 X142.632 Y78.838 E.01132
G1 X142.643 Y80.264 E.04586
G1 X137.948 Y86.182 F18000
G1 F6205.95
G1 X137.722 Y86.017 E.00899
G1 X137.064 Y85.724 E.02316
G1 X136.371 Y85.577 E.0228
G1 X135.783 Y85.571 E.01889
G1 X135.365 Y85.625 E.01357
G1 X127.098 Y77.357 E.37596
G1 X124.611 Y77.357 E.07997
G1 X133.708 Y86.455 E.4137
G1 X133.44 Y86.695 E.01157
G1 X133.017 Y87.278 E.02315
G1 X132.72 Y87.954 E.02375
G1 X122.124 Y77.357 E.4819
G1 X124.407 Y77.357 E.07343
G1 X133.724 Y91.072 F18000
;TYPE:Internal solid infill
;WIDTH:0.38292
G1 F6000
G1 X134.204 Y91.5 E.01728
G1 X134.728 Y91.8 E.01621
G1 X135.096 Y91.939 E.01058
G1 X135.695 Y92.063 E.01642
G1 X136.338 Y92.059 E.01727
G1 X136.967 Y91.922 E.01728
G1 X137.553 Y91.657 E.01729
G1 X138.072 Y91.276 E.01728
G1 X138.5 Y90.796 E.01728
G1 X138.8 Y90.272 E.01621
G1 X138.939 Y89.904 E.01058
G1 X139.063 Y89.305 E.01642
G1 X139.062 Y88.678 E.01683
G1 X138.932 Y88.072 E.01664
G1 X138.789 Y87.705 E.01058
G1 X138.48 Y87.177 E.01643
G1 X138.047 Y86.702 E.01728
G1 X137.525 Y86.326 E.01728
G1 X136.935 Y86.068 E.01729
G1 X136.315 Y85.939 E.01702
G1 X135.802 Y85.934 E.01378
G1 X135.331 Y85.997 E.01277
G1 X134.733 Y86.195 E.01691
G1 X134.177 Y86.52 E.01729
G1 X133.702 Y86.953 E.01728
G1 X133.326 Y87.475 E.01728
G1 X133.068 Y88.065 E.01729
G1 X132.937 Y88.695 E.01728
G1 X132.941 Y89.338 E.01727
G1 X133.078 Y89.967 E.01728
G1 X133.343 Y90.553 E.01729
G1 X133.688 Y91.023 E.01567
G1 X119.137 Y101.931 F18000
;TYPE:Sparse infill
;WIDTH:0.45
G1 F6205.95
G1 X119.137 Y104.215 E.07343
G1 X142.643 Y127.721 E1.06896
G1 X142.643 Y130.208 E.07997
G1 X119.137 Y106.702 E1.06896
G1 X119.137 Y109.189 E.07997
G1 X142.643 Y132.695 E1.06896
G1 X142.643 Y135.182 E.07997
G1 X139.319 Y131.858 E.15112
G1 X139.285 Y132.019 E.00529
G1 X139.124 Y132.441 E.01451
G1 X138.786 Y133.025 E.02169
G1 X138.413 Y133.439 E.01793
G1 X142.643 Y137.669 E.19234
G1 X142.643 Y140.156 E.07997
G1 X136.816 Y134.329 E.26499
G1 X136.36 Y134.425 E.01498
G1 X135.64 Y134.425 E.02314
G1 X134.981 Y134.285 E.02167
G1 X134.6 Y134.139 E.01313
G1 X132.885 Y132.424 F18000
G1 F6205.95
G1 X132.724 Y132.064 E.01266
G1 X132.575 Y131.36 E.02316
G1 X132.575 Y130.64 E.02314
G1 X132.671 Y130.184 E.01498
G1 X119.137 Y116.65 E.61551
G1 X119.137 Y118.896 E.07222
G1 X119.016 Y119.016 E.00548
G1 X142.154 Y142.154 E1.05223
G1 X141.964 Y142.326 E.00826
G1 X141.667 Y142.498 E.01102
G1 X141.341 Y142.603 E.011
G1 X140.956 Y142.643 E.01246
G1 X140.156 Y142.643 E.02574
G1 X116.65 Y119.137 E1.06896
G1 X114.163 Y119.137 E.07997
G1 X137.669 Y142.643 E1.06896
G1 X135.182 Y142.643 E.07997
G1 X111.676 Y119.137 E1.06896
G1 X109.189 Y119.137 E.07997
G1 X132.695 Y142.643 E1.06896
G1 X130.208 Y142.643 E.07997
G1 X106.702 Y119.137 E1.06896
G1 X104.215 Y119.137 E.07997
G1 X127.721 Y142.643 E1.06896
G1 X125.233 Y142.643 E.07997
G1 X101.728 Y119.137 E1.06896
G1 X101.104 Y119.137 E.02004
G1 X100.863 Y118.896 E.01096
G1 X100.863 Y118.272 E.02004
G1 X77.357 Y94.767 E1.06896
G1 X77.357 Y97.254 E.07997
G1 X122.746 Y142.643 E2.06411
G1 X120.259 Y142.643 E.07997
G1 X77.357 Y99.741 E1.95101
G1 X77.357 Y102.228 E.07997
G1 X117.772 Y142.643 E1.83791
G1 X115.285 Y142.643 E.07997
G1 X77.357 Y104.715 E1.72481
G1 X77.357 Y107.202 E.07997
G1 X112.798 Y142.643 E1.61171
G1 X110.311 Y142.643 E.07997
G1 X77.357 Y109.689 E1.49861
G1 X77.357 Y111.972 E.07343
G1 X77.357 Y119.84 F18000
G1 F6205.95
G1 X77.357 Y122.124 E.07343
G1 X82.968 Y127.734 E.25513
G1 X82.599 Y127.853 E.01246
G1 X81.975 Y128.214 E.02316
G1 X81.441 Y128.695 E.02311
G1 X77.357 Y124.611 E.18572
G1 X77.357 Y127.098 E.07997
G1 X80.632 Y130.372 E.1489
G1 X80.575 Y130.64 E.00882
G1 X80.575 Y131.36 E.02314
G1 X80.724 Y132.064 E.02316
G1 X81.017 Y132.722 E.02316
G1 X81.182 Y132.948 E.00899
G1 X82.08 Y133.847 F18000
G1 F6205.95
G1 X82.559 Y134.124 E.0178
G1 X82.981 Y134.285 E.01451
G1 X83.64 Y134.425 E.02167
G1 X84.36 Y134.425 E.02314
G1 X84.628 Y134.368 E.00882
G1 X92.902 Y142.643 E.37628
G1 X95.389 Y142.643 E.07997
G1 X86.305 Y133.559 E.4131
G1 X86.786 Y133.025 E.02311
G1 X87.124 Y132.441 E.02169
G1 X87.276 Y132.043 E.01371
G1 X97.876 Y142.643 E.48205
G1 X100.363 Y142.643 E.07997
G1 X86.909 Y129.189 E.61183
G1 X86.786 Y128.975 E.00792
G1 X86.305 Y128.44 E.02315
G1 X85.78 Y128.06 E.02083
G1 X77.357 Y119.637 E.38305
G1 X77.357 Y117.15 E.07997
G1 X102.85 Y142.643 E1.15932
G1 X105.337 Y142.643 E.07997
G1 X77.357 Y114.663 E1.27242
G1 X77.357 Y112.176 E.07997
G1 X107.824 Y142.643 E1.38552
G1 X105.541 Y142.643 E.07343
G1 X88.132 Y142.643 F18000
G1 F6205.95
G1 X90.415 Y142.643 E.07343
G1 X77.357 Y129.585 E.59382
G1 X77.357 Y132.072 E.07997
G1 X87.928 Y142.643 E.48072
G1 X85.441 Y142.643 E.07997
G1 X77.357 Y134.559 E.36762
G1 X77.357 Y137.046 E.07997
G1 X82.954 Y142.643 E.25452
G1 X80.467 Y142.643 E.07997
G1 X77.357 Y139.533 E.14142
G1 X77.357 Y140.956 E.04577
G1 X77.397 Y141.341 E.01246
G1 X77.502 Y141.667 E.011
G1 X77.674 Y141.964 E.01102
G1 X77.903 Y142.218 E.01102
G1 X78.18 Y142.42 E.01101
G1 X78.493 Y142.559 E.01102
G1 X78.838 Y142.632 E.01132
G1 X80.264 Y142.643 E.04586
G1 X80.264 Y143.389 F18000
G1 X86.002 Y132.156
G1 X86.112 Y131.94
G1 X86.199 Y131.714
G1 X86.261 Y131.481
G1 X86.299 Y131.242
G1 X86.312 Y131
G1 X86.299 Y130.758
G1 X86.261 Y130.519
G1 X86.199 Y130.286
G1 X86.112 Y130.06
G1 X86.002 Y129.844
G1 X85.87 Y129.641
G1 X86.48 Y129.177
;TYPE:Internal solid infill
;WIDTH:0.38292
G1 F6000
G1 X86.047 Y128.702 E.01728
G1 X85.525 Y128.326 E.01728
G1 X84.935 Y128.068 E.01729
G1 X84.315 Y127.939 E.01702
G1 X83.802 Y127.934 E.01378
G1 X83.331 Y127.997 E.01277
G1 X82.733 Y128.195 E.01691
G1 X82.177 Y128.52 E.01729
G1 X81.702 Y128.953 E.01728
G1 X81.326 Y129.475 E.01728
G1 X81.068 Y130.065 E.01729
G1 X80.937 Y130.695 E.01728
G1 X80.941 Y131.338 E.01727
G1 X81.078 Y131.967 E.01728
G1 X81.343 Y132.553 E.01729
G1 X81.724 Y133.072 E.01728
G1 X82.204 Y133.5 E.01728
G1 X82.728 Y133.8 E.01621
G1 X83.096 Y133.939 E.01058
G1 X83.695 Y134.063 E.01642
G1 X84.338 Y134.059 E.01727
G1 X84.967 Y133.922 E.01728
G1 X85.553 Y133.657 E.01729
G1 X86.072 Y133.276 E.01728
G1 X86.5 Y132.796 E.01728
G1 X86.8 Y132.272 E.01621
G1 X86.939 Y131.904 E.01058
G1 X87.063 Y131.305 E.01642
G1 X87.062 Y130.678 E.01683
G1 X86.932 Y130.072 E.01664
G1 X86.789 Y129.705 E.01058
G1 X86.51 Y129.229 E.01482
G1 X103.087 Y117.003 F18000
G1 F6000
G1 X116.868 Y117.002 E.37013
G1 X116.311 Y103.689 F18000
G1 X103.689 Y103.689
G1 X102.077 Y104.905
;WIDTH:0.55501
G1 F4933.343
G1 X102.077 Y116.023 E.44971
G1 X102.522 Y104.461 F18000
;WIDTH:0.419999
G1 F6000
G1 X101.633 Y104.461 E.02649
G1 X101.633 Y116.527 E.35942
G1 X102.522 Y116.527 E.02649
G1 X102.522 Y104.521 E.35763
G1 X102.899 Y104.084 F18000
;WIDTH:0.419147
G1 F6000
G1 X101.255 Y104.084 E.04884
G1 X101.255 Y116.904 E.38102
G1 X102.077 Y116.904 E.02442
G1 X102.907 Y116.953 E.02471
G1 X103.087 Y117.003 E.00555
G1 X102.948 Y116.913 E.00494
G1 X102.899 Y116.083 E.02471
G1 X102.899 Y104.144 E.35482
G1 X103.689 Y104.144 F18000
G1 X103.689 Y103.689
G1 X116.311 Y103.689
G1 X116.311 Y104.084
G1 X117.101 Y104.084
;WIDTH:0.419119
G1 F6000
G1 X117.101 Y116.083 E.35658
G1 X117.049 Y116.913 E.02472
G1 X116.928 Y117.002 E.00447
G1 X117.093 Y116.956 E.00507
G1 X117.923 Y116.904 E.02472
G1 X118.745 Y116.904 E.02442
G1 X118.745 Y104.084 E.38099
G1 X117.161 Y104.084 E.04705
G1 X117.478 Y104.461 F18000
;WIDTH:0.419999
G1 F6000
G1 X117.478 Y116.527 E.35942
G1 X118.367 Y116.527 E.02649
G1 X118.367 Y104.461 E.35942
G1 X117.538 Y104.461 E.0247
G1 X117.923 Y116.083 F18000
;WIDTH:0.55501
G1 F4933.343
G1 X117.923 Y104.965 E.44971
G1 X118.743 Y104.065 F18000
;WIDTH:0.423051
G1 F6000
G1 X118.733 Y101.255 E.08436
G1 X118.363 Y101.255 E.01112
G1 X118.363 Y103.895 E.07926
G1 X117.983 Y103.895 E.01141
G1 X117.983 Y101.255 E.07926
G1 X117.603 Y101.255 E.01141
G1 X117.603 Y103.895 E.07926
G1 X117.222 Y103.895 E.01141
G1 X117.222 Y101.255 E.07926
G1 X116.842 Y101.255 E.01141
G1 X116.842 Y102.958 E.05111
G1 X116.462 Y102.958 E.01141
G1 X116.462 Y101.255 E.05111
G1 X116.082 Y101.255 E.01141
G1 X116.082 Y102.958 E.05111
G1 X115.702 Y102.958 E.01141
G1 X115.702 Y101.255 E.05111
G1 X115.322 Y101.255 E.01141
G1 X115.322 Y102.958 E.05111
G1 X114.942 Y102.958 E.01141
G1 X114.942 Y101.255 E.05111
G1 X114.562 Y101.255 E.01141
G1 X114.562 Y102.958 E.05111
G1 X114.181 Y102.958 E.01141
G1 X114.181 Y101.255 E.05111
G1 X113.801 Y101.255 E.01141
G1 X113.801 Y102.958 E.05111
G1 X113.421 Y102.958 E.01141
G1 X113.421 Y101.255 E.05111
G1 X113.041 Y101.255 E.01141
G1 X113.041 Y102.958 E.05111
G1 X112.661 Y102.958 E.01141
G1 X112.661 Y101.255 E.05111
G1 X112.281 Y101.255 E.01141
G1 X112.281 Y102.958 E.05111
G1 X111.901 Y102.958 E.01141
G1 X111.901 Y101.255 E.05111
G1 X111.52 Y101.255 E.01141
G1 X111.52 Y102.958 E.05111
G1 X111.14 Y102.958 E.01141
G1 X111.14 Y101.255 E.05111
G1 X110.76 Y101.255 E.01141
G1 X110.76 Y102.958 E.05111
G1 X110.38 Y102.958 E.01141
G1 X110.38 Y101.255 E.05111
G1 X110 Y101.255 E.01141
G1 X110 Y102.958 E.05111
G1 X109.62 Y102.958 E.01141
G1 X109.62 Y101.255 E.05111
G1 X109.24 Y101.255 E.01141
G1 X109.24 Y102.958 E.05111
G1 X108.86 Y102.958 E.01141
G1 X108.86 Y101.255 E.05111
G1 X108.479 Y101.255 E.01141
G1 X108.479 Y102.958 E.05111
G1 X108.099 Y102.958 E.01141
G1 X108.099 Y101.255 E.05111
G1 X107.719 Y101.255 E.01141
G1 X107.719 Y102.958 E.05111
G1 X107.339 Y102.958 E.01141
G1 X107.339 Y101.255 E.05111
G1 X106.959 Y101.255 E.01141
G1 X106.959 Y102.958 E.05111
G1 X106.579 Y102.958 E.01141
G1 X106.579 Y101.255 E.05111
G1 X106.199 Y101.255 E.01141
G1 X106.199 Y102.958 E.05111
G1 X105.819 Y102.958 E.01141
G1 X105.819 Y101.255 E.05111
G1 X105.438 Y101.255 E.01141
G1 X105.438 Y102.958 E.05111
G1 X105.058 Y102.958 E.01141
G1 X105.058 Y101.255 E.05111
G1 X104.678 Y101.255 E.01141
G1 X104.678 Y102.958 E.05111
G1 X104.298 Y102.958 E.01141
G1 X104.298 Y101.255 E.05111
G1 X103.918 Y101.255 E.01141
G1 X103.918 Y102.958 E.05111
G1 X103.538 Y102.958 E.01141
G1 X103.538 Y101.255 E.05111
G1 X103.158 Y101.255 E.01141
G1 X103.158 Y102.958 E.05111
G1 X102.958 Y102.958 E.00601
G1 X102.958 Y103.895 E.02815
G1 X102.777 Y103.895 E.00541
G1 X102.777 Y101.255 E.07926
G1 X102.397 Y101.255 E.01141
G1 X102.397 Y103.895 E.07926
G1 X102.017 Y103.895 E.01141
G1 X102.017 Y101.255 E.07926
G1 X101.637 Y101.255 E.01141
G1 X101.637 Y103.895 E.07926
G1 X101.257 Y103.895 E.01141
G1 X101.257 Y101.086 E.08436
G1 X100.863 Y103.554 F18000
;TYPE:Sparse infill
;WIDTH:0.45
G1 F6205.95
G1 X100.863 Y105.837 E.07343
G1 X86.438 Y91.412 E.65602
G1 X86.305 Y91.56 E.0064
G1 X85.722 Y91.983 E.02315
G1 X85.064 Y92.276 E.02316
G1 X84.858 Y92.319 E.00677
G1 X100.863 Y108.324 E.72784
G1 X100.863 Y110.608 E.07343
G1 X103.689 Y116.311 F18000
G1 X116.311 Y116.311
G1 X119.137 Y109.392
G1 F6205.95
G1 X119.137 Y111.676 E.07343
G1 X135.139 Y127.678 E.72773
G1 X134.599 Y127.853 E.01826
G1 X133.975 Y128.214 E.02316
G1 X133.561 Y128.587 E.01793
G1 X119.137 Y114.163 E.65596
G1 X119.137 Y111.879 E.07343
G1 X133.702 Y128.953 F18000
;TYPE:Internal solid infill
;WIDTH:0.38292
G1 F6000
G1 X133.326 Y129.475 E.01728
G1 X133.068 Y130.065 E.01729
G1 X132.937 Y130.695 E.01728
G1 X132.941 Y131.338 E.01727
G1 X133.078 Y131.967 E.01728
G1 X133.343 Y132.553 E.01729
G1 X133.724 Y133.072 E.01728
G1 X134.204 Y133.5 E.01728
G1 X134.728 Y133.8 E.01621
G1 X135.096 Y133.939 E.01058
G1 X135.695 Y134.063 E.01642
G1 X136.338 Y134.059 E.01727
G1 X136.967 Y133.922 E.01728
G1 X137.553 Y133.657 E.01729
G1 X138.072 Y133.276 E.01728
G1 X138.5 Y132.796 E.01728
G1 X138.8 Y132.272 E.01621
G1 X138.939 Y131.904 E.01058
G1 X139.063 Y131.305 E.01642
G1 X139.062 Y130.678 E.01683
G1 X138.932 Y130.072 E.01664
G1 X138.789 Y129.705 E.01058
G1 X138.48 Y129.177 E.01643
G1 X138.047 Y128.702 E.01728
G1 X137.525 Y128.326 E.01728
G1 X136.935 Y128.068 E.01729
G1 X136.315 Y127.939 E.01702
G1 X135.802 Y127.934 E.01378
G1 X135.331 Y127.997 E.01277
G1 X134.733 Y128.195 E.01691
G1 X134.177 Y128.52 E.01729
G1 X133.746 Y128.913 E.01566
G1 X134.284 Y129.451 F18000
G1 X116.311 Y103.689
G1 X103.689 Y103.689
G1 X103.689 Y104.664
G1 X85.87 Y90.359
G1 X86.5 Y90.796
G1 F6000
G1 X86.8 Y90.272 E.01621
G1 X86.939 Y89.904 E.01058
G1 X87.063 Y89.305 E.01642
G1 X87.062 Y88.678 E.01683
G1 X86.932 Y88.072 E.01664
G1 X86.789 Y87.705 E.01058
G1 X86.48 Y87.177 E.01643
G1 X86.047 Y86.702 E.01728
G1 X85.525 Y86.326 E.01728
G1 X84.935 Y86.068 E.01729
G1 X84.315 Y85.939 E.01702
G1 X83.802 Y85.934 E.01378
G1 X83.331 Y85.997 E.01277
G1 X82.733 Y86.195 E.01691
G1 X82.177 Y86.52 E.01729
G1 X81.702 Y86.953 E.01728
G1 X81.326 Y87.475 E.01728
G1 X81.068 Y88.065 E.01729
G1 X80.937 Y88.695 E.01728
G1 X80.941 Y89.338 E.01727
G1 X81.078 Y89.967 E.01728
G1 X81.343 Y90.553 E.01729
G1 X81.724 Y91.072 E.01728
G1 X82.204 Y91.5 E.01728
G1 X82.728 Y91.8 E.01621
G1 X83.096 Y91.939 E.01058
G1 X83.695 Y92.063 E.01642
G1 X84.338 Y92.059 E.01727
G1 X84.967 Y91.922 E.01728
G1 X85.553 Y91.657 E.01729
G1 X86.072 Y91.276 E.01728
G1 X86.46 Y90.841 E.01567
; stop printing object top_plate.stl id:4653052573991952974 copy 0
;LAYER_CHANGE
;Z:1.84
;HEIGHT:0.2
G92 E0 ; zero the extruded length again
; BEFORE_LAYER_CHANGE 8 @ 1.84mm
G1 E-1.75 F6000
;WIPE_START
G1 X86.072 Y91.276 E-.43747
G1 X85.736 Y91.523 E-.31253
;WIPE_END
; AFTER_LAYER_CHANGE 8 @ 1.84mm
;_SET_FAN_SPEED_CHANGING_LAYER
; printing object top_plate.stl id:4653052573991952974 copy 0
G1 F18000
G1 X85.6691 Y90.9991 Z1.86857
G1 X86.0369 Y90.6203 Z1.89714
G1 X86.5624 Y90.6716 Z1.92571
G1 X86.8499 Y91.1145 Z1.95429
G1 X86.6829 Y91.6154 Z1.98286
G1 X86.1871 Y91.7972 Z2.01143
G1 X85.736 Y91.5229 Z2.04
G1 X85.326 Y90.891 Z2.04
G1 X103.689 Y116.311
G1 X111.942 Y116.311
G1 X140.984 Y143.389
G1 X140.995 Y143.79
G1 Z1.84
G1 E2.5 F6000
M204 P1000
;TYPE:Outer wall
;WIDTH:0.42
G1 F3600
G1 X79.005 Y143.79 E1.84644
G1 X78.708 Y143.774 E.00886
G1 X78.42 Y143.729 E.0087
G1 X78.138 Y143.653 E.0087
G1 X77.865 Y143.549 E.0087
G1 X77.605 Y143.416 E.0087
G1 X77.36 Y143.257 E.0087
G1 X77.133 Y143.073 E.0087
G1 X76.927 Y142.867 E.0087
G1 X76.743 Y142.64 E.0087
G1 X76.584 Y142.395 E.0087
G1 X76.451 Y142.135 E.0087
G1 X76.347 Y141.862 E.0087
G1 X76.271 Y141.58 E.0087
G1 X76.226 Y141.292 E.0087
G1 X76.21 Y140.995 E.00886
G1 X76.21 Y79.005 E1.84644
G1 X76.226 Y78.708 E.00886
G1 X76.271 Y78.42 E.0087
G1 X76.347 Y78.138 E.0087
G1 X76.452 Y77.865 E.0087
G1 X76.584 Y77.605 E.0087
G1 X76.743 Y77.36 E.0087
G1 X76.927 Y77.133 E.0087
G1 X77.133 Y76.927 E.0087
G1 X77.36 Y76.743 E.0087
G1 X77.605 Y76.584 E.0087
G1 X77.865 Y76.452 E.0087
G1 X78.138 Y76.347 E.0087
G1 X78.42 Y76.271 E.0087
G1 X78.708 Y76.226 E.0087
G1 X79.005 Y76.21 E.00886
G1 X140.995 Y76.21 E1.84644
G1 X141.292 Y76.226 E.00886
G1 X141.58 Y76.271 E.0087
G1 X141.862 Y76.347 E.0087
G1 X142.135 Y76.452 E.0087
G1 X142.395 Y76.584 E.0087
G1 X142.64 Y76.743 E.0087
G1 X142.867 Y76.927 E.0087
G1 X143.073 Y77.133 E.0087
G1 X143.257 Y77.36 E.0087
G1 X143.416 Y77.605 E.0087
G1 X143.549 Y77.865 E.0087
G1 X143.653 Y78.138 E.0087
G1 X143.729 Y78.42 E.0087
G1 X143.774 Y78.708 E.0087
G1 X143.79 Y79.005 E.00886
G1 X143.79 Y140.995 E1.84644
G1 X143.774 Y141.292 E.00886
G1 X143.729 Y141.58 E.0087
G1 X143.653 Y141.862 E.0087
G1 X143.549 Y142.135 E.0087
G1 X143.416 Y142.395 E.0087
G1 X143.257 Y142.64 E.0087
G1 X143.073 Y142.867 E.0087
G1 X142.867 Y143.073 E.0087
G1 X142.64 Y143.257 E.0087
G1 X142.395 Y143.416 E.0087
G1 X142.135 Y143.548 E.0087
G1 X141.862 Y143.653 E.0087
G1 X141.58 Y143.729 E.0087
G1 X141.292 Y143.774 E.0087
G1 X141.054 Y143.787 E.00707
G1 X141.034 Y143.387 F18000
G1 X140.984 Y143.389
G1 X140.984 Y143.389
G1 X140.984 Y143.398
M204 P1500
;TYPE:Inner wall
;WIDTH:0.45
G1 F6000
G1 X79.016 Y143.398 E1.99268
G1 X78.749 Y143.384 E.00857
G1 X78.502 Y143.345 E.00807
G1 X78.259 Y143.28 E.00807
G1 X78.025 Y143.19 E.00807
G1 X77.801 Y143.076 E.00807
G1 X77.591 Y142.939 E.00806
G1 X77.396 Y142.781 E.00807
G1 X77.219 Y142.604 E.00807
G1 X77.061 Y142.409 E.00807
G1 X76.924 Y142.199 E.00806
G1 X76.81 Y141.975 E.00807
G1 X76.72 Y141.741 E.00807
G1 X76.655 Y141.498 E.00807
G1 X76.616 Y141.251 E.00807
G1 X76.602 Y140.984 E.00857
G1 X76.602 Y79.016 E1.99268
G1 X76.616 Y78.749 E.00857
G1 X76.655 Y78.502 E.00807
G1 X76.72 Y78.259 E.00807
G1 X76.81 Y78.025 E.00807
G1 X76.924 Y77.801 E.00807
G1 X77.061 Y77.591 E.00806
G1 X77.219 Y77.396 E.00807
G1 X77.396 Y77.219 E.00807
G1 X77.591 Y77.061 E.00807
G1 X77.801 Y76.924 E.00806
G1 X78.025 Y76.81 E.00807
G1 X78.259 Y76.72 E.00807
G1 X78.502 Y76.655 E.00807
G1 X78.749 Y76.616 E.00807
G1 X79.016 Y76.602 E.00857
G1 X140.984 Y76.602 E1.99268
G1 X141.251 Y76.616 E.00857
G1 X141.498 Y76.655 E.00807
G1 X141.741 Y76.72 E.00807
G1 X141.975 Y76.81 E.00807
G1 X142.199 Y76.924 E.00807
G1 X142.409 Y77.061 E.00806
G1 X142.604 Y77.219 E.00807
G1 X142.781 Y77.396 E.00807
G1 X142.939 Y77.591 E.00807
G1 X143.076 Y77.801 E.00806
G1 X143.19 Y78.025 E.00807
G1 X143.28 Y78.259 E.00807
G1 X143.345 Y78.502 E.00807
G1 X143.384 Y78.749 E.00807
G1 X143.398 Y79.016 E.00857
G1 X143.398 Y140.984 E1.99268
G1 X143.384 Y141.251 E.00857
G1 X143.345 Y141.498 E.00807
G1 X143.28 Y141.741 E.00807
G1 X143.19 Y141.975 E.00807
G1 X143.076 Y142.199 E.00807
G1 X142.939 Y142.409 E.00806
G1 X142.781 Y142.604 E.00807
G1 X142.604 Y142.781 E.00807
G1 X142.409 Y142.939 E.00807
G1 X142.199 Y143.076 E.00806
G1 X141.975 Y143.19 E.00807
G1 X141.741 Y143.28 E.00807
G1 X141.498 Y143.345 E.00807
G1 X141.251 Y143.384 E.00807
G1 X141.044 Y143.395 E.00665
G1 X140.974 Y142.991 F18000
G1 F6000
G1 X79.026 Y142.991 E1.992
G1 X78.792 Y142.979 E.00754
G1 X78.385 Y142.892 E.01338
G1 X78.005 Y142.723 E.01338
G1 X77.669 Y142.479 E.01337
G1 X77.39 Y142.169 E.01338
G1 X77.183 Y141.809 E.01337
G1 X77.054 Y141.414 E.01337
G1 X77.009 Y140.974 E.01422
G1 X77.009 Y79.026 E1.992
G1 X77.021 Y78.792 E.00754
G1 X77.108 Y78.385 E.01338
G1 X77.277 Y78.005 E.01338
G1 X77.521 Y77.669 E.01337
G1 X77.831 Y77.39 E.01338
G1 X78.191 Y77.183 E.01337
G1 X78.586 Y77.054 E.01337
G1 X79.026 Y77.009 E.01422
G1 X140.974 Y77.009 E1.992
G1 X141.208 Y77.021 E.00754
G1 X141.615 Y77.108 E.01338
G1 X141.995 Y77.277 E.01338
G1 X142.169 Y77.39 E.00669
G1 X142.479 Y77.669 E.01338
G1 X142.723 Y78.005 E.01337
G1 X142.892 Y78.385 E.01338
G1 X142.979 Y78.792 E.01338
G1 X142.991 Y79.026 E.00754
G1 X142.991 Y140.974 E1.992
G1 X142.979 Y141.208 E.00754
G1 X142.892 Y141.615 E.01338
G1 X142.723 Y141.995 E.01338
G1 X142.479 Y142.331 E.01337
G1 X142.169 Y142.61 E.01338
G1 X141.809 Y142.817 E.01337
G1 X141.414 Y142.946 E.01337
G1 X141.033 Y142.985 E.01229
G1 E-1.75
;WIPE_START
G1 X140.033 Y142.985 E-.75
;WIPE_END
G1 X140.033 Y143.389 Z2.04 F18000
G1 X135.825 Y91.302
G1 X135.846 Y90.901
G1 Z1.84
G1 E2.5 F6000
M204 P1000
;TYPE:Outer wall
;WIDTH:0.42
G1 F3600
G1 X136.2 Y90.901 E.01054
G1 X136.591 Y90.818 E.0119
G1 X136.956 Y90.655 E.0119
G1 X137.279 Y90.42 E.0119
G1 X137.546 Y90.123 E.0119
G1 X137.743 Y89.782 E.01174
G1 X137.819 Y89.585 E.00629
G1 X137.901 Y89.2 E.01174
G1 X137.901 Y88.8 E.0119
G1 X137.819 Y88.415 E.01174
G1 X137.743 Y88.218 E.00629
G1 X137.546 Y87.877 E.01174
G1 X137.279 Y87.58 E.0119
G1 X136.956 Y87.345 E.0119
G1 X136.591 Y87.182 E.0119
G1 X136.201 Y87.099 E.01187
G1 X135.866 Y87.096 E.00999
G1 X135.6 Y87.131 E.00798
G1 X135.223 Y87.254 E.01182
G1 X134.877 Y87.454 E.0119
G1 X134.58 Y87.721 E.0119
G1 X134.345 Y88.044 E.0119
G1 X134.182 Y88.409 E.0119
G1 X134.099 Y88.8 E.0119
G1 X134.099 Y89.2 E.0119
G1 X134.182 Y89.591 E.0119
G1 X134.345 Y89.956 E.0119
G1 X134.58 Y90.279 E.0119
G1 X134.877 Y90.546 E.0119
G1 X135.218 Y90.743 E.01174
G1 X135.415 Y90.819 E.00629
G1 X135.786 Y90.898 E.01131
G1 X135.724 Y91.293 F18000
G1 X135.758 Y91.299
G1 X135.846 Y91.304
G1 X135.846 Y91.293
M204 P1500
;TYPE:Inner wall
;WIDTH:0.45
G1 F6000
G1 X136.241 Y91.293 E.0127
G1 X136.712 Y91.193 E.0155
G1 X137.153 Y90.997 E.0155
G1 X137.543 Y90.713 E.0155
G1 X137.865 Y90.355 E.0155
G1 X138.098 Y89.952 E.01499
G1 X138.196 Y89.697 E.00877
G1 X138.293 Y89.241 E.01499
G1 X138.293 Y88.759 E.01549
G1 X138.196 Y88.303 E.01499
G1 X138.098 Y88.048 E.00877
G1 X137.865 Y87.645 E.01499
G1 X137.543 Y87.287 E.0155
G1 X137.153 Y87.003 E.0155
G1 X136.712 Y86.807 E.0155
G1 X136.244 Y86.708 E.0154
G1 X135.842 Y86.704 E.01294
G1 X135.513 Y86.747 E.01066
G1 X135.062 Y86.894 E.01523
G1 X134.645 Y87.135 E.0155
G1 X134.287 Y87.457 E.0155
G1 X134.003 Y87.847 E.0155
G1 X133.807 Y88.288 E.0155
G1 X133.707 Y88.759 E.0155
G1 X133.707 Y89.241 E.01549
G1 X133.807 Y89.712 E.0155
G1 X134.003 Y90.153 E.0155
G1 X134.287 Y90.543 E.0155
G1 X134.645 Y90.865 E.01549
G1 X135.048 Y91.098 E.01499
G1 X135.303 Y91.196 E.00877
G1 X135.759 Y91.293 E.01499
G1 X135.786 Y91.293 E.00087
G1 X135.642 Y91.684 F18000
G1 F6000
G1 X135.716 Y91.7 E.00245
G1 X136.284 Y91.7 E.01824
G1 X136.839 Y91.582 E.01825
G1 X137.357 Y91.351 E.01826
G1 X137.817 Y91.018 E.01825
G1 X138.196 Y90.596 E.01825
G1 X138.467 Y90.127 E.0174
G1 X138.588 Y89.813 E.01084
G1 X138.7 Y89.284 E.01739
G1 X138.7 Y88.716 E.01824
G1 X138.588 Y88.187 E.01739
G1 X138.467 Y87.873 E.01084
G1 X138.196 Y87.404 E.0174
G1 X137.817 Y86.982 E.01825
G1 X137.357 Y86.649 E.01825
G1 X136.839 Y86.418 E.01826
G1 X136.289 Y86.301 E.01809
G1 X135.817 Y86.296 E.01518
G1 X135.422 Y86.349 E.01279
G1 X134.896 Y86.52 E.0178
G1 X134.404 Y86.804 E.01826
G1 X133.982 Y87.183 E.01825
G1 X133.649 Y87.643 E.01825
G1 X133.418 Y88.161 E.01826
G1 X133.3 Y88.716 E.01825
G1 X133.3 Y89.284 E.01824
G1 X133.418 Y89.839 E.01825
G1 X133.649 Y90.357 E.01826
G1 X133.982 Y90.817 E.01825
G1 X134.404 Y91.196 E.01825
G1 X134.873 Y91.467 E.0174
G1 X135.187 Y91.588 E.01084
G1 X135.583 Y91.672 E.01301
G1 E-1.75
;WIPE_START
G1 X135.716 Y91.7 E-.10215
G1 X136.284 Y91.7 E-.4255
G1 X136.574 Y91.638 E-.22235
;WIPE_END
G1 X136.481 Y91.261 Z2.04 F18000
G1 X138.312 Y131
G1 X138.299 Y131.242
G1 X138.261 Y131.481
G1 X138.199 Y131.714
G1 X138.112 Y131.94
G1 X138.002 Y132.156
G1 X137.87 Y132.359
G1 X137.718 Y132.547
G1 X137.547 Y132.718
G1 X137.359 Y132.87
G1 X137.156 Y133.002
G1 X136.94 Y133.112
G1 X136.714 Y133.199
G1 X136.481 Y133.261
G1 X136.242 Y133.299
G1 X136.209 Y133.301
G1 X136.188 Y132.901
G1 Z1.84
G1 E2.5 F6000
M204 P1000
;TYPE:Outer wall
;WIDTH:0.42
G1 F3600
G1 X136.2 Y132.901 E.00035
G1 X136.591 Y132.818 E.0119
G1 X136.956 Y132.655 E.0119
G1 X137.279 Y132.42 E.0119
G1 X137.546 Y132.123 E.0119
G1 X137.743 Y131.782 E.01174
G1 X137.819 Y131.585 E.00629
G1 X137.901 Y131.2 E.01174
G1 X137.901 Y130.8 E.0119
G1 X137.819 Y130.415 E.01174
G1 X137.743 Y130.218 E.00629
G1 X137.546 Y129.877 E.01174
G1 X137.279 Y129.58 E.0119
G1 X136.956 Y129.345 E.0119
G1 X136.591 Y129.182 E.0119
G1 X136.201 Y129.099 E.01187
G1 X135.866 Y129.096 E.00999
G1 X135.6 Y129.131 E.00798
G1 X135.223 Y129.254 E.01182
G1 X134.877 Y129.454 E.0119
G1 X134.58 Y129.721 E.0119
G1 X134.345 Y130.044 E.0119
G1 X134.182 Y130.409 E.0119
G1 X134.099 Y130.8 E.0119
G1 X134.099 Y131.2 E.0119
G1 X134.182 Y131.591 E.0119
G1 X134.345 Y131.956 E.0119
G1 X134.58 Y132.279 E.0119
G1 X134.877 Y132.546 E.0119
G1 X135.218 Y132.743 E.01174
G1 X135.415 Y132.819 E.00629
G1 X135.8 Y132.901 E.01174
G1 X136.128 Y132.901 E.00976
G1 X136.149 Y133.304 F18000
G1 X136.242 Y133.299
G1 X136.281 Y133.293
G1 X136.28 Y133.285
M204 P1500
;TYPE:Inner wall
;WIDTH:0.45
G1 F6000
G1 X136.712 Y133.193 E.01423
G1 X137.153 Y132.997 E.0155
G1 X137.543 Y132.713 E.0155
G1 X137.865 Y132.355 E.0155
G1 X138.098 Y131.952 E.01499
G1 X138.196 Y131.697 E.00877
G1 X138.293 Y131.241 E.01499
G1 X138.293 Y130.759 E.01549
G1 X138.196 Y130.303 E.01499
G1 X138.098 Y130.048 E.00877
G1 X137.865 Y129.645 E.01499
G1 X137.543 Y129.287 E.0155
G1 X137.153 Y129.003 E.0155
G1 X136.712 Y128.807 E.0155
G1 X136.244 Y128.708 E.0154
G1 X135.842 Y128.704 E.01294
G1 X135.513 Y128.747 E.01066
G1 X135.062 Y128.894 E.01523
G1 X134.645 Y129.135 E.0155
G1 X134.287 Y129.457 E.0155
G1 X134.003 Y129.847 E.0155
G1 X133.807 Y130.288 E.0155
G1 X133.707 Y130.759 E.0155
G1 X133.707 Y131.241 E.01549
G1 X133.807 Y131.712 E.0155
G1 X134.003 Y132.153 E.0155
G1 X134.287 Y132.543 E.0155
G1 X134.645 Y132.865 E.01549
G1 X135.048 Y133.098 E.01499
G1 X135.303 Y133.196 E.00877
G1 X135.759 Y133.293 E.01499
G1 X136.22 Y133.293 E.01484
G1 X136.358 Y133.684 F18000
G1 F6000
G1 X136.839 Y133.582 E.01581
G1 X137.357 Y133.351 E.01826
G1 X137.817 Y133.018 E.01825
G1 X138.196 Y132.596 E.01825
G1 X138.467 Y132.127 E.0174
G1 X138.588 Y131.813 E.01084
G1 X138.7 Y131.284 E.01739
G1 X138.7 Y130.716 E.01824
G1 X138.588 Y130.187 E.01739
G1 X138.467 Y129.873 E.01084
G1 X138.196 Y129.404 E.0174
G1 X137.817 Y128.982 E.01825
G1 X137.357 Y128.649 E.01825
G1 X136.839 Y128.418 E.01826
G1 X136.289 Y128.301 E.01809
G1 X135.817 Y128.296 E.01518
G1 X135.422 Y128.349 E.01279
G1 X134.896 Y128.52 E.0178
G1 X134.404 Y128.804 E.01826
G1 X133.982 Y129.183 E.01825
G1 X133.649 Y129.643 E.01825
G1 X133.418 Y130.161 E.01826
G1 X133.3 Y130.716 E.01825
G1 X133.3 Y131.284 E.01824
G1 X133.418 Y131.839 E.01825
G1 X133.649 Y132.357 E.01826
G1 X133.982 Y132.817 E.01825
G1 X134.404 Y133.196 E.01825
G1 X134.873 Y133.467 E.0174
G1 X135.187 Y133.588 E.01084
G1 X135.716 Y133.7 E.01739
G1 X136.284 Y133.7 E.01824
G1 X136.299 Y133.697 E.00051
G1 E-1.75
;WIPE_START
G1 X136.839 Y133.582 E-.41379
G1 X137.248 Y133.4 E-.33621
;WIPE_END
G1 X137.068 Y133.047 Z2.04 F18000
G1 X85.291 Y132.914
G1 X85.156 Y133.002
G1 X84.94 Y133.112
G1 X84.714 Y133.199
G1 X84.481 Y133.261
G1 X84.242 Y133.299
G1 X84 Y133.312
G1 X83.825 Y133.302
G1 X83.846 Y132.901
G1 Z1.84
G1 E2.5 F6000
M204 P1000
;TYPE:Outer wall
;WIDTH:0.42
G1 F3600
G1 X84.2 Y132.901 E.01054
G1 X84.591 Y132.818 E.0119
G1 X84.956 Y132.655 E.0119
G1 X85.279 Y132.42 E.0119
G1 X85.546 Y132.123 E.0119
G1 X85.743 Y131.782 E.01174
G1 X85.819 Y131.585 E.00629
G1 X85.901 Y131.2 E.01174
G1 X85.901 Y130.8 E.0119
G1 X85.819 Y130.415 E.01174
G1 X85.743 Y130.218 E.00629
G1 X85.546 Y129.877 E.01174
G1 X85.279 Y129.58 E.0119
G1 X84.956 Y129.345 E.0119
G1 X84.591 Y129.182 E.0119
G1 X84.201 Y129.099 E.01187
G1 X83.866 Y129.096 E.00999
G1 X83.6 Y129.131 E.00798
G1 X83.223 Y129.254 E.01182
G1 X82.877 Y129.454 E.0119
G1 X82.58 Y129.721 E.0119
G1 X82.345 Y130.044 E.0119
G1 X82.182 Y130.409 E.0119
G1 X82.099 Y130.8 E.0119
G1 X82.099 Y131.2 E.0119
G1 X82.182 Y131.591 E.0119
G1 X82.345 Y131.956 E.0119
G1 X82.58 Y132.279 E.0119
G1 X82.877 Y132.546 E.0119
G1 X83.218 Y132.743 E.01174
G1 X83.415 Y132.819 E.00629
G1 X83.786 Y132.898 E.01131
G1 X83.724 Y133.293 F18000
G1 X83.758 Y133.299
G1 X83.846 Y133.304
G1 X83.846 Y133.293
M204 P1500
;TYPE:Inner wall
;WIDTH:0.45
G1 F6000
G1 X84.241 Y133.293 E.0127
G1 X84.712 Y133.193 E.0155
G1 X85.153 Y132.997 E.0155
G1 X85.543 Y132.713 E.0155
G1 X85.865 Y132.355 E.0155
G1 X86.098 Y131.952 E.01499
G1 X86.196 Y131.697 E.00877
G1 X86.293 Y131.241 E.01499
G1 X86.293 Y130.759 E.01549
G1 X86.196 Y130.303 E.01499
G1 X86.098 Y130.048 E.00877
G1 X85.865 Y129.645 E.01499
G1 X85.543 Y129.287 E.0155
G1 X85.153 Y129.003 E.0155
G1 X84.712 Y128.807 E.0155
G1 X84.244 Y128.708 E.0154
G1 X83.842 Y128.704 E.01294
G1 X83.513 Y128.747 E.01066
G1 X83.062 Y128.894 E.01523
G1 X82.645 Y129.135 E.0155
G1 X82.287 Y129.457 E.0155
G1 X82.003 Y129.847 E.0155
G1 X81.807 Y130.288 E.0155
G1 X81.707 Y130.759 E.0155
G1 X81.707 Y131.241 E.01549
G1 X81.807 Y131.712 E.0155
G1 X82.003 Y132.153 E.0155
G1 X82.287 Y132.543 E.0155
G1 X82.645 Y132.865 E.01549
G1 X83.048 Y133.098 E.01499
G1 X83.303 Y133.196 E.00877
G1 X83.759 Y133.293 E.01499
G1 X83.786 Y133.293 E.00087
G1 X83.642 Y133.684 F18000
G1 F6000
G1 X83.716 Y133.7 E.00245
G1 X84.284 Y133.7 E.01824
G1 X84.839 Y133.582 E.01825
G1 X85.357 Y133.351 E.01826
G1 X85.817 Y133.018 E.01825
G1 X86.196 Y132.596 E.01825
G1 X86.467 Y132.127 E.0174
G1 X86.588 Y131.813 E.01084
G1 X86.7 Y131.284 E.01739
G1 X86.7 Y130.716 E.01824
G1 X86.588 Y130.187 E.01739
G1 X86.467 Y129.873 E.01084
G1 X86.196 Y129.404 E.0174
G1 X85.817 Y128.982 E.01825
G1 X85.357 Y128.649 E.01825
G1 X84.839 Y128.418 E.01826
G1 X84.289 Y128.301 E.01809
G1 X83.817 Y128.296 E.01518
G1 X83.422 Y128.349 E.01279
G1 X82.896 Y128.52 E.0178
G1 X82.404 Y128.804 E.01826
G1 X81.982 Y129.183 E.01825
G1 X81.649 Y129.643 E.01825
G1 X81.418 Y130.161 E.01826
G1 X81.3 Y130.716 E.01825
G1 X81.3 Y131.284 E.01824
G1 X81.418 Y131.839 E.01825
G1 X81.649 Y132.357 E.01826
G1 X81.982 Y132.817 E.01825
G1 X82.404 Y133.196 E.01825
G1 X82.873 Y133.467 E.0174
G1 X83.187 Y133.588 E.01084
G1 X83.583 Y133.672 E.01301
G1 E-1.75
;WIPE_START
G1 X83.716 Y133.7 E-.10215
G1 X84.284 Y133.7 E-.4255
G1 X84.574 Y133.638 E-.22235
;WIPE_END
G1 X84.481 Y133.261 Z2.04 F18000
G1 X84.714 Y133.199
G1 X84.94 Y133.112
G1 X85.156 Y133.002
G1 X85.359 Y132.87
G1 X85.547 Y132.718
G1 X85.718 Y132.547
G1 X85.87 Y132.359
G1 X86.002 Y132.156
G1 X86.112 Y131.94
G1 X86.199 Y131.714
G1 X86.261 Y131.481
G1 X86.299 Y131.242
G1 X86.312 Y131
G1 X86.299 Y130.758
G1 X86.261 Y130.519
G1 X86.199 Y130.286
G1 X86.112 Y130.06
G1 X86.002 Y129.844
G1 X85.87 Y129.641
G1 X85.718 Y129.453
G1 X85.547 Y129.282
G1 X85.359 Y129.13
G1 X85.156 Y128.998
G1 X84.94 Y128.888
G1 X84.714 Y128.801
G1 X84.49 Y128.741
G1 X83.825 Y91.302
G1 X83.846 Y90.901
G1 Z1.84
G1 E2.5 F6000
M204 P1000
;TYPE:Outer wall
;WIDTH:0.42
G1 F3600
G1 X84.2 Y90.901 E.01054
G1 X84.591 Y90.818 E.0119
G1 X84.956 Y90.655 E.0119
G1 X85.279 Y90.42 E.0119
G1 X85.546 Y90.123 E.0119
G1 X85.743 Y89.782 E.01174
G1 X85.819 Y89.585 E.00629
G1 X85.901 Y89.2 E.01174
G1 X85.901 Y88.8 E.0119
G1 X85.819 Y88.415 E.01174
G1 X85.743 Y88.218 E.00629
G1 X85.546 Y87.877 E.01174
G1 X85.279 Y87.58 E.0119
G1 X84.956 Y87.345 E.0119
G1 X84.591 Y87.182 E.0119
G1 X84.201 Y87.099 E.01187
G1 X83.866 Y87.096 E.00999
G1 X83.6 Y87.131 E.00798
G1 X83.223 Y87.254 E.01182
G1 X82.877 Y87.454 E.0119
G1 X82.58 Y87.721 E.0119
G1 X82.345 Y88.044 E.0119
G1 X82.182 Y88.409 E.0119
G1 X82.099 Y88.8 E.0119
G1 X82.099 Y89.2 E.0119
G1 X82.182 Y89.591 E.0119
G1 X82.345 Y89.956 E.0119
G1 X82.58 Y90.279 E.0119
G1 X82.877 Y90.546 E.0119
G1 X83.218 Y90.743 E.01174
G1 X83.415 Y90.819 E.00629
G1 X83.786 Y90.898 E.01131
G1 X83.724 Y91.293 F18000
G1 X83.758 Y91.299
G1 X83.846 Y91.304
G1 X83.846 Y91.293
M204 P1500
;TYPE:Inner wall
;WIDTH:0.45
G1 F6000
G1 X84.241 Y91.293 E.0127
G1 X84.712 Y91.193 E.0155
G1 X85.153 Y90.997 E.0155
G1 X85.543 Y90.713 E.0155
G1 X85.865 Y90.355 E.0155
G1 X86.098 Y89.952 E.01499
G1 X86.196 Y89.697 E.00877
G1 X86.293 Y89.241 E.01499
G1 X86.293 Y88.759 E.01549
G1 X86.196 Y88.303 E.01499
G1 X86.098 Y88.048 E.00877
G1 X85.865 Y87.645 E.01499
G1 X85.543 Y87.287 E.0155
G1 X85.153 Y87.003 E.0155
G1 X84.712 Y86.807 E.0155
G1 X84.244 Y86.708 E.0154
G1 X83.842 Y86.704 E.01294
G1 X83.513 Y86.747 E.01066
G1 X83.062 Y86.894 E.01523
G1 X82.645 Y87.135 E.0155
G1 X82.287 Y87.457 E.0155
G1 X82.003 Y87.847 E.0155
G1 X81.807 Y88.288 E.0155
G1 X81.707 Y88.759 E.0155
G1 X81.707 Y89.241 E.01549
G1 X81.807 Y89.712 E.0155
G1 X82.003 Y90.153 E.0155
G1 X82.287 Y90.543 E.0155
G1 X82.645 Y90.865 E.01549
G1 X83.048 Y91.098 E.01499
G1 X83.303 Y91.196 E.00877
G1 X83.759 Y91.293 E.01499
G1 X83.786 Y91.293 E.00087
G1 X83.793 Y91.7 F18000
G1 F6000
G1 X84.284 Y91.7 E.01579
G1 X84.839 Y91.582 E.01825
G1 X85.357 Y91.351 E.01826
G1 X85.817 Y91.018 E.01825
G1 X86.196 Y90.596 E.01825
G1 X86.467 Y90.127 E.0174
G1 X86.588 Y89.813 E.01084
G1 X86.7 Y89.284 E.01739
G1 X86.7 Y88.716 E.01824
G1 X86.588 Y88.187 E.01739
G1 X86.467 Y87.873 E.01084
G1 X86.196 Y87.404 E.0174
G1 X85.817 Y86.982 E.01825
G1 X85.357 Y86.649 E.01825
G1 X84.839 Y86.418 E.01826
G1 X84.289 Y86.301 E.01809
G1 X83.817 Y86.296 E.01518
G1 X83.422 Y86.349 E.01279
G1 X82.896 Y86.52 E.0178
G1 X82.404 Y86.804 E.01826
G1 X81.982 Y87.183 E.01825
G1 X81.649 Y87.643 E.01825
G1 X81.418 Y88.161 E.01826
G1 X81.3 Y88.716 E.01825
G1 X81.3 Y89.284 E.01824
G1 X81.418 Y89.839 E.01825
G1 X81.649 Y90.357 E.01826
G1 X81.982 Y90.817 E.01825
G1 X82.404 Y91.196 E.01825
G1 X82.873 Y91.467 E.0174
G1 X83.187 Y91.588 E.01084
G1 X83.716 Y91.7 E.01739
G1 X83.733 Y91.7 E.00052
G1 E-1.75
;WIPE_START
G1 X84.284 Y91.7 E-.41336
G1 X84.723 Y91.607 E-.33664
;WIPE_END
G1 X84.62 Y91.224 Z2.04 F18000
G1 X103.689 Y116.311
G1 X116.311 Y116.311
G1 X116.311 Y115.91
G1 X115.91 Y115.91
G1 Z1.84
G1 E2.5 F6000
M204 P1000
;TYPE:Outer wall
;WIDTH:0.42
G1 F3600
G1 X115.91 Y104.09 E.35208
G1 X104.09 Y104.09 E.35208
G1 X104.09 Y115.91 E.35208
G1 X115.85 Y115.91 E.35029
G1 X115.85 Y116.311 F18000
G1 X116.311 Y116.311
G1 X116.311 Y116.302
G1 X116.302 Y116.302
M204 P1500
;TYPE:Inner wall
;WIDTH:0.45
G1 F6000
G1 X116.302 Y103.698 E.4053
G1 X103.698 Y103.698 E.4053
G1 X103.698 Y116.302 E.4053
G1 X116.242 Y116.302 E.40337
G1 X116.709 Y116.709 F18000
G1 F6000
G1 X116.709 Y103.291 E.43148
G1 X103.291 Y103.291 E.43148
G1 X103.291 Y116.709 E.43148
G1 X116.649 Y116.709 E.42955
G1 X117.923 Y115.095 F18000
M204 P2000
;TYPE:Internal solid infill
;WIDTH:0.555
G1 F4933.44
G1 X117.923 Y103.977 E.4497
G1 X117.478 Y115.539 F18000
;WIDTH:0.419999
G1 F6000
G1 X118.367 Y115.539 E.02648
G1 X118.367 Y103.473 E.35942
G1 X117.478 Y103.473 E.02648
G1 X117.478 Y115.479 E.35763
G1 X117.101 Y115.916 F18000
;WIDTH:0.419147
G1 F6000
G1 X118.745 Y115.916 E.04884
G1 X118.745 Y103.096 E.38102
G1 X117.923 Y103.096 E.02442
G1 X117.093 Y103.047 E.02471
G1 X116.913 Y102.997 E.00555
G1 X117.052 Y103.087 E.00494
G1 X117.101 Y103.917 E.02471
G1 X117.101 Y115.856 E.35482
G1 X116.311 Y115.856 F18000
G1 X116.311 Y116.311
G1 X103.689 Y116.311
G1 X103.689 Y115.916
G1 X102.899 Y115.916
;WIDTH:0.419119
G1 F6000
G1 X102.899 Y103.917 E.35658
G1 X102.951 Y103.087 E.02472
G1 X103.072 Y102.998 E.00447
G1 X102.907 Y103.044 E.00507
G1 X102.077 Y103.096 E.02472
G1 X101.255 Y103.096 E.02442
G1 X101.255 Y115.916 E.38099
G1 X102.839 Y115.916 E.04705
G1 X102.522 Y115.539 F18000
;WIDTH:0.419999
G1 F6000
G1 X102.522 Y103.473 E.35942
G1 X101.633 Y103.473 E.02648
G1 X101.633 Y115.539 E.35942
G1 X102.462 Y115.539 E.0247
G1 X102.077 Y115.095 F18000
;WIDTH:0.555
G1 F4933.44
G1 X102.077 Y103.977 E.4497
G1 X103.072 Y102.998 F18000
;WIDTH:0.38292
G1 F6000
G1 X116.853 Y102.997 E.37013
G1 X119.137 Y101.931 F18000
;TYPE:Sparse infill
;WIDTH:0.45
G1 F6205.95
G1 X119.137 Y104.215 E.07343
G1 X142.643 Y127.721 E1.06896
G1 X142.643 Y130.208 E.07997
G1 X141.718 Y129.283 E.04202
G1 X141.09 Y130.318 E.03891
G1 X141.698 Y130.925 E.02762
G1 X141.386 Y131.438 E.0193
G1 X142.643 Y132.695 E.05714
G1 X142.643 Y135.182 E.07997
G1 X140.528 Y133.067 E.09615
G1 X139.285 Y134.311 E.05655
G1 X142.643 Y137.669 E.1527
G1 X142.643 Y140.156 E.07997
G1 X138.041 Y135.554 E.20925
G1 X137.629 Y135.967 E.01875
G1 X137.446 Y135.784 E.00831
G1 X136.412 Y136.412 E.03891
G1 X142.154 Y142.154 E.26114
G1 X141.964 Y142.326 E.00826
G1 X141.667 Y142.498 E.01102
G1 X141.341 Y142.603 E.011
G1 X140.956 Y142.643 E.01246
G1 X140.156 Y142.643 E.02574
G1 X134.257 Y136.744 E.26822
G1 X133.745 Y137.056 E.0193
G1 X129.874 Y133.186 E.176
G1 X130.186 Y132.673 E.0193
G1 X116.65 Y119.137 E.61557
G1 X118.896 Y119.137 E.07222
G1 X119.016 Y119.016 E.00548
G1 X130.518 Y130.518 E.52307
G1 X131.147 Y129.484 E.03891
G1 X130.964 Y129.301 E.00831
G1 X131.376 Y128.889 E.01875
G1 X119.137 Y116.65 E.5566
G1 X119.137 Y114.163 E.07997
G1 X132.62 Y127.646 E.61315
G1 X133.863 Y126.402 E.05655
G1 X119.137 Y111.676 E.6697
G1 X119.137 Y109.392 E.07343
G1 X118.914 Y116.105 F18000
;TYPE:Internal solid infill
;WIDTH:0.42
G1 F6000
G1 X117.042 Y116.105 E.05576
G1 X117.042 Y116.482 E.01123
G1 X118.745 Y116.482 E.0507
G1 X118.745 Y116.859 E.01123
G1 X117.042 Y116.859 E.0507
G1 X117.042 Y117.042 E.00546
G1 X102.958 Y117.042 E.41954
G1 X102.958 Y116.859 E.00546
G1 X101.255 Y116.859 E.0507
G1 X101.255 Y116.482 E.01123
G1 X102.958 Y116.482 E.0507
G1 X102.958 Y116.105 E.01123
G1 X101.086 Y116.105 E.05576
G1 X100.863 Y108.528 F18000
;TYPE:Sparse infill
;WIDTH:0.45
G1 F6205.95
G1 X100.863 Y110.811 E.07343
G1 X84.438 Y94.386 E.74696
G1 X85.472 Y93.758 E.03891
G1 X85.655 Y93.941 E.00831
G1 X86.067 Y93.528 E.01875
G1 X100.863 Y108.324 E.67287
G1 X100.863 Y105.837 E.07997
G1 X87.311 Y92.285 E.61632
G1 X88.554 Y91.041 E.05655
G1 X100.863 Y103.35 E.55977
G1 X100.863 Y101.104 E.07222
G1 X100.984 Y100.984 E.00548
G1 X89.412 Y89.412 E.52624
G1 X89.724 Y88.899 E.0193
G1 X89.116 Y88.292 E.02762
G1 X89.744 Y87.257 E.03891
G1 X103.35 Y100.863 E.61874
G1 X105.837 Y100.863 E.07997
G1 X82.331 Y77.357 E1.06896
G1 X84.818 Y77.357 E.07997
G1 X108.324 Y100.863 E1.06896
G1 X110.811 Y100.863 E.07997
G1 X87.305 Y77.357 E1.06896
G1 X89.792 Y77.357 E.07997
G1 X113.298 Y100.863 E1.06896
G1 X115.785 Y100.863 E.07997
G1 X92.28 Y77.357 E1.06896
G1 X94.767 Y77.357 E.07997
G1 X118.272 Y100.863 E1.06896
G1 X118.896 Y100.863 E.02004
G1 X119.137 Y101.104 E.01096
G1 X119.137 Y101.728 E.02004
G1 X142.643 Y125.233 E1.06896
G1 X142.643 Y122.746 E.07997
G1 X97.254 Y77.357 E2.06411
G1 X99.741 Y77.357 E.07997
G1 X142.643 Y120.259 E1.95101
G1 X142.643 Y122.543 E.07343
G1 X137.473 Y125.318 F18000
G1 F6205.95
G1 X136.613 Y125.84 E.03237
G1 X136.005 Y125.233 E.02762
G1 X135.492 Y125.544 E.0193
G1 X119.137 Y109.189 E.74379
G1 X119.137 Y106.702 E.07997
G1 X137.647 Y125.212 E.84177
G1 X138.16 Y124.9 E.0193
G1 X142.03 Y128.77 E.176
G1 X141.824 Y129.109 E.01275
G1 X141.159 Y131.378 F18000
M204 P500
;TYPE:Internal Bridge
;WIDTH:0.379473
;HEIGHT:0.379473
G1 F2250
M106 S127
G1 X136.928 Y135.609 E.26731
G1 X135.963 Y136.196 E.05045
G1 X135.848 Y136.081 E.00722
G1 X141.055 Y130.874 E.32894
G1 X140.752 Y130.571 E.01918
G1 X135.545 Y135.778 E.32894
G1 X135.355 Y135.588 E.01197
G1 X134.773 Y135.942 E.03041
G1 X136.746 Y133.969 E.1246
G1 X136.321 Y134.059 E.01938
G1 X136.048 Y134.059 E.0122
G1 X133.694 Y136.414 E.14873
G1 X133.39 Y136.11 E.01918
G1 X135.483 Y134.018 E.13218
G1 X135.085 Y133.933 E.01815
G1 X134.994 Y133.899 E.00433
G1 X133.086 Y135.806 E.12053
G1 X132.783 Y135.503 E.01918
G1 X134.575 Y133.71 E.11324
G1 X134.191 Y133.488 E.01986
G1 X132.479 Y135.199 E.10812
G1 X132.175 Y134.895 E.01918
G1 X133.871 Y133.2 E.10711
G1 X133.714 Y133.058 E.00944
G1 X133.584 Y132.88 E.00988
G1 X131.872 Y134.592 E.10816
G1 X131.568 Y134.288 E.01918
G1 X133.33 Y132.526 E.11133
G1 X133.143 Y132.106 E.02055
G1 X131.264 Y133.984 E.11869
G1 X130.961 Y133.681 E.01918
G1 X133.007 Y131.634 E.12927
G1 X132.941 Y131.321 E.01429
G1 X132.941 Y131.093 E.01019
G1 X130.657 Y133.377 E.14426
G1 X130.402 Y133.122 E.01609
G1 X130.554 Y132.873 E.01304
G1 X133.243 Y130.183 E.16991
G1 X133.79 Y130.33 F18000
G1 X133.739 Y130.519
G1 X133.701 Y130.758
G1 X133.688 Y131
G1 X133.701 Y131.242
G1 X133.739 Y131.481
G1 X133.801 Y131.714
G1 X133.888 Y131.94
G1 X133.998 Y132.156
G1 X134.13 Y132.359
G1 X134.282 Y132.547
G1 X134.453 Y132.718
G1 X134.641 Y132.87
G1 X134.844 Y133.002
G1 X135.06 Y133.112
G1 X135.286 Y133.199
G1 X135.519 Y133.261
G1 X135.758 Y133.299
G1 X136 Y133.312
G1 X136.242 Y133.299
G1 X136.481 Y133.261
G1 X136.714 Y133.199
G1 X136.94 Y133.112
G1 X137.156 Y133.002
G1 X137.359 Y132.87
G1 X137.547 Y132.718
G1 X137.718 Y132.547
G1 X137.87 Y132.359
G1 X138.002 Y132.156
G1 X138.112 Y131.94
G1 X138.153 Y131.832
G1 X138.68 Y132.035
G1 F2250
G1 X140.916 Y129.799 E.14121
G1 X141.502 Y128.834 E.05045
G1 X141.388 Y128.72 E.00722
G1 X139.059 Y131.048 E.14709
G1 X139.059 Y130.679 E.01651
G1 X139.018 Y130.483 E.00895
G1 X141.084 Y128.416 E.13054
G1 X140.781 Y128.112 E.01918
G1 X138.899 Y129.994 E.11889
G1 X138.792 Y129.717 E.01325
G1 X138.71 Y129.575 E.00733
G1 X140.477 Y127.809 E.1116
G1 X140.173 Y127.505 E.01918
G1 X138.488 Y129.191 E.10647
G1 X138.2 Y128.871 E.01921
G1 X139.869 Y127.201 E.10547
G1 X139.566 Y126.898 E.01918
G1 X137.88 Y128.584 E.10652
G1 X137.526 Y128.33 E.01944
G1 X139.262 Y126.594 E.10969
G1 X138.958 Y126.29 E.01918
G1 X137.106 Y128.143 E.11705
G1 X136.951 Y128.074 E.00758
G1 X136.634 Y128.007 E.01444
G1 X138.655 Y125.987 E.12763
G1 X138.351 Y125.683 E.01918
G1 X136.094 Y127.94 E.14256
G1 X135.795 Y127.937 E.01339
G1 X135.443 Y127.983 E.01583
G1 X137.847 Y125.58 E.15184
G1 X136.549 Y126.368 E.06783
G1 X136.5 Y126.319 E.00309
G1 X131.293 Y131.526 E.32894
G1 X130.989 Y131.222 E.01918
G1 X136.196 Y126.015 E.32894
G1 X135.942 Y125.761 E.01609
G1 X135.692 Y125.912 E.01304
G1 X130.886 Y130.718 E.30361
G1 X131.675 Y129.421 E.06783
G1 X131.626 Y129.372 E.00309
G1 X134.721 Y126.276 E.19555
G1 X118.914 Y118.368 F18000
M204 P2000
;TYPE:Internal solid infill
;WIDTH:0.42
;HEIGHT:0.2
G1 F6000
M106 S102
G1 X101.255 Y118.368 E.526
G1 X101.255 Y117.99 E.01123
G1 X118.745 Y117.99 E.52094
G1 X118.745 Y117.613 E.01123
G1 X101.255 Y117.613 E.52094
G1 X101.255 Y117.236 E.01123
G1 X118.914 Y117.236 E.526
G1 X116.446 Y119.137 F18000
;TYPE:Sparse infill
;WIDTH:0.45
G1 F6205.95
G1 X114.163 Y119.137 E.07343
G1 X137.669 Y142.643 E1.06896
G1 X135.182 Y142.643 E.07997
G1 X111.676 Y119.137 E1.06896
G1 X109.189 Y119.137 E.07997
G1 X132.695 Y142.643 E1.06896
G1 X130.208 Y142.643 E.07997
G1 X106.702 Y119.137 E1.06896
G1 X104.215 Y119.137 E.07997
G1 X127.721 Y142.643 E1.06896
G1 X125.233 Y142.643 E.07997
G1 X101.728 Y119.137 E1.06896
G1 X101.104 Y119.137 E.02004
G1 X100.863 Y118.896 E.01096
G1 X100.863 Y118.272 E.02004
G1 X77.357 Y94.767 E1.06896
G1 X77.357 Y97.254 E.07997
G1 X122.746 Y142.643 E2.06411
G1 X120.259 Y142.643 E.07997
G1 X77.357 Y99.741 E1.95101
G1 X77.357 Y102.228 E.07997
G1 X117.772 Y142.643 E1.83791
G1 X115.285 Y142.643 E.07997
G1 X77.357 Y104.715 E1.72481
G1 X77.357 Y107.202 E.07997
G1 X112.798 Y142.643 E1.61171
G1 X110.311 Y142.643 E.07997
G1 X77.357 Y109.689 E1.49861
G1 X77.357 Y112.176 E.07997
G1 X107.824 Y142.643 E1.38552
G1 X105.337 Y142.643 E.07997
G1 X77.357 Y114.663 E1.27242
G1 X77.357 Y117.15 E.07997
G1 X85.23 Y125.022 E.35799
G1 X84.195 Y125.65 E.03891
G1 X83.892 Y125.346 E.01381
G1 X83.379 Y125.658 E.0193
G1 X77.357 Y119.637 E.27382
G1 X77.357 Y122.124 E.07997
G1 X81.749 Y126.516 E.19973
G1 X80.506 Y127.759 E.05655
G1 X77.357 Y124.611 E.14318
G1 X77.357 Y127.098 E.07997
G1 X79.262 Y129.003 E.08663
G1 X78.85 Y129.415 E.01875
G1 X79.033 Y129.598 E.00831
G1 X78.405 Y130.632 E.03891
G1 X77.357 Y129.585 E.04763
G1 X77.357 Y132.072 E.07997
G1 X78.072 Y132.787 E.03251
G1 X77.761 Y133.299 E.0193
G1 X81.631 Y137.17 E.176
G1 X81.97 Y136.964 E.01275
G1 X85.191 Y135.72 F18000
M204 P500
;TYPE:Internal Bridge
;WIDTH:0.379473
;HEIGHT:0.379473
G1 F2250
M106 S127
G1 X89.432 Y131.479 E.26797
G1 X89.129 Y131.175 E.01918
G1 X84.219 Y136.084 E.31013
G1 X83.849 Y136.309 E.01936
G1 X83.618 Y136.078 E.01459
G1 X88.825 Y130.871 E.32894
G1 X88.752 Y130.799 E.00459
G1 X89.467 Y129.622 E.06151
G1 X83.036 Y136.053 E.40627
G1 X84.7 Y133.781 F18000
G1 F2250
G1 X82.065 Y136.417 E.16648
G1 X81.694 Y136.642 E.01936
G1 X81.463 Y136.411 E.01459
G1 X83.815 Y134.059 E.14854
G1 X83.679 Y134.059 E.00608
G1 X83.29 Y133.977 E.01775
G1 X81.16 Y136.107 E.13457
G1 X80.856 Y135.803 E.01918
G1 X82.826 Y133.834 E.12442
G1 X82.717 Y133.792 E.00517
G1 X82.427 Y133.625 E.01497
G1 X80.552 Y135.5 E.11844
G1 X80.249 Y135.196 E.01918
G1 X82.068 Y133.377 E.11491
G1 X81.748 Y133.089 E.01921
G1 X79.945 Y134.892 E.1139
G1 X79.641 Y134.589 E.01918
G1 X81.486 Y132.744 E.11651
G1 X81.336 Y132.538 E.01138
G1 X81.258 Y132.364 E.00851
G1 X79.338 Y134.285 E.12134
G1 X79.034 Y133.981 E.01918
G1 X81.073 Y131.943 E.12878
G1 X80.966 Y131.442 E.02288
G1 X78.73 Y133.678 E.14124
G1 X78.427 Y133.374 E.01918
G1 X81.143 Y130.658 E.17157
G1 X81.703 Y130.747 F18000
G1 X81.701 Y130.758
G1 X81.688 Y131
G1 X81.701 Y131.242
G1 X81.739 Y131.481
G1 X81.801 Y131.714
G1 X81.888 Y131.94
G1 X81.998 Y132.156
G1 X82.13 Y132.359
G1 X82.282 Y132.547
G1 X82.453 Y132.718
G1 X82.641 Y132.87
G1 X82.844 Y133.002
G1 X83.06 Y133.112
G1 X83.286 Y133.199
G1 X83.519 Y133.261
G1 X83.758 Y133.299
G1 X84 Y133.312
G1 X84.242 Y133.299
G1 X84.481 Y133.261
G1 X84.714 Y133.199
G1 X84.94 Y133.112
G1 X85.156 Y133.002
G1 X85.359 Y132.87
G1 X85.547 Y132.718
G1 X85.718 Y132.547
G1 X85.87 Y132.359
G1 X86.002 Y132.156
G1 X86.112 Y131.94
G1 X86.199 Y131.714
G1 X86.241 Y131.555
G1 X86.781 Y131.7
G1 F2250
G1 X89.461 Y129.02 E.16929
G1 X89.157 Y128.717 E.01918
G1 X87.059 Y130.815 E.13254
G1 X87.059 Y130.679 E.00608
G1 X86.977 Y130.29 E.01775
G1 X88.854 Y128.413 E.11857
G1 X88.55 Y128.109 E.01918
G1 X86.834 Y129.826 E.10842
G1 X86.792 Y129.717 E.00517
G1 X86.625 Y129.427 E.01497
G1 X88.246 Y127.806 E.10245
G1 X87.943 Y127.502 E.01918
G1 X86.377 Y129.068 E.09891
G1 X86.089 Y128.748 E.01921
G1 X87.639 Y127.198 E.09791
G1 X87.335 Y126.895 E.01918
G1 X85.744 Y128.486 E.10051
G1 X85.538 Y128.336 E.01138
G1 X85.364 Y128.258 E.00851
G1 X87.032 Y126.591 E.10534
G1 X86.728 Y126.287 E.01918
G1 X84.943 Y128.073 E.11278
G1 X84.442 Y127.966 E.02288
G1 X86.424 Y125.984 E.12525
G1 X86.121 Y125.68 E.01918
G1 X83.649 Y128.151 E.15611
G1 X85.954 Y125.239 F18000
G1 F2250
G1 X83.126 Y128.067 E.17863
G1 X82.749 Y128.19 E.01772
G1 X82.192 Y128.511 E.02874
G1 X81.714 Y128.942 E.02872
G1 X81.336 Y129.462 E.02872
G1 X81.074 Y130.049 E.02874
G1 X81.056 Y130.138 E.00403
G1 X78.802 Y132.392 E.14239
G1 X79.228 Y131.689 E.03673
G1 X79.063 Y131.523 E.01047
G1 X84.835 Y125.751 E.36462
G1 X84.132 Y126.178 E.03674
G1 X83.966 Y126.012 E.01047
G1 X78.759 Y131.219 E.32894
G1 X78.621 Y131.081 E.00872
G1 X79.134 Y130.237 E.04413
G1 X83.56 Y125.811 E.27959
G1 X85.404 Y124.916 F18000
M204 P2000
;TYPE:Sparse infill
;WIDTH:0.45
;HEIGHT:0.2
G1 F6205.95
M106 S102
G1 X85.743 Y124.71 E.01275
G1 X90.22 Y129.188 E.20362
G1 X89.909 Y129.701 E.0193
G1 X102.85 Y142.643 E.58854
G1 X100.363 Y142.643 E.07997
G1 X89.658 Y131.937 E.48683
G1 X88.415 Y133.181 E.05655
G1 X97.876 Y142.643 E.43028
G1 X95.389 Y142.643 E.07997
G1 X87.171 Y134.424 E.37373
G1 X85.928 Y135.668 E.05655
G1 X92.902 Y142.643 E.31718
G1 X90.415 Y142.643 E.07997
G1 X84.298 Y136.526 E.27817
G1 X83.785 Y136.837 E.0193
G1 X83.178 Y136.23 E.02762
G1 X82.144 Y136.858 E.03891
G1 X87.928 Y142.643 E.26305
G1 X85.441 Y142.643 E.07997
G1 X77.357 Y134.559 E.36762
G1 X77.357 Y137.046 E.07997
G1 X82.954 Y142.643 E.25452
G1 X80.467 Y142.643 E.07997
G1 X77.357 Y139.533 E.14142
G1 X77.357 Y140.956 E.04577
G1 X77.397 Y141.341 E.01246
G1 X77.502 Y141.667 E.011
G1 X77.674 Y141.964 E.01102
G1 X77.903 Y142.218 E.01102
G1 X78.18 Y142.42 E.01101
G1 X78.493 Y142.559 E.01102
G1 X78.838 Y142.632 E.01132
G1 X80.264 Y142.643 E.04586
G1 X101.086 Y102.893 F18000
;TYPE:Internal solid infill
;WIDTH:0.448691
G1 F6000
G1 X118.745 Y102.893 E.56602
G1 X118.745 Y102.487 E.01301
G1 X101.255 Y102.487 E.56058
G1 X101.255 Y102.081 E.01301
G1 X118.745 Y102.081 E.56058
G1 X118.745 Y101.676 E.01301
G1 X101.255 Y101.676 E.56058
G1 X101.255 Y101.27 E.01301
G1 X118.914 Y101.27 E.56602
G1 X129.916 Y90.404 F18000
;TYPE:Sparse infill
;WIDTH:0.45
G1 F6205.95
G1 X129.71 Y90.743 E.01275
G1 X134.188 Y95.22 E.20362
G1 X134.701 Y94.909 E.0193
G1 X142.643 Y102.85 E.36116
G1 X142.643 Y100.363 E.07997
G1 X136.937 Y94.658 E.25945
G1 X138.181 Y93.415 E.05655
G1 X142.643 Y97.876 E.2029
G1 X142.643 Y95.389 E.07997
G1 X139.424 Y92.171 E.14635
G1 X140.668 Y90.928 E.05655
G1 X142.643 Y92.902 E.0898
G1 X142.643 Y90.415 E.07997
G1 X141.526 Y89.298 E.05079
G1 X141.837 Y88.785 E.0193
G1 X141.23 Y88.178 E.02762
G1 X141.858 Y87.144 E.03891
G1 X142.643 Y87.928 E.03567
G1 X142.643 Y85.441 E.07997
G1 X134.559 Y77.357 E.36762
G1 X137.046 Y77.357 E.07997
G1 X142.643 Y82.954 E.25452
G1 X142.643 Y80.467 E.07997
G1 X139.533 Y77.357 E.14142
G1 X141.162 Y77.368 E.0524
G1 X141.507 Y77.441 E.01132
G1 X141.828 Y77.584 E.01132
G1 X141.957 Y77.668 E.00493
G1 X142.218 Y77.903 E.01132
G1 X142.42 Y78.18 E.01101
G1 X142.559 Y78.493 E.01102
G1 X142.632 Y78.838 E.01132
G1 X142.643 Y80.264 E.04586
G1 X141.964 Y86.97 F18000
G1 F6205.95
G1 X142.17 Y86.631 E.01275
G1 X138.299 Y82.761 E.176
G1 X137.787 Y83.072 E.0193
G1 X132.072 Y77.357 E.25989
G1 X129.585 Y77.357 E.07997
G1 X135.632 Y83.405 E.27501
G1 X134.598 Y84.033 E.03891
G1 X134.415 Y83.85 E.00831
G1 X134.003 Y84.262 E.01875
G1 X127.098 Y77.357 E.31401
G1 X124.611 Y77.357 E.07997
G1 X132.759 Y85.506 E.37056
G1 X131.516 Y86.749 E.05655
G1 X122.124 Y77.357 E.42711
G1 X119.637 Y77.357 E.07997
G1 X130.658 Y88.379 E.5012
G1 X130.346 Y88.892 E.0193
G1 X130.65 Y89.195 E.01381
G1 X130.022 Y90.23 E.03891
G1 X117.15 Y77.357 E.58537
G1 X114.663 Y77.357 E.07997
G1 X142.643 Y105.337 E1.27242
G1 X142.643 Y107.824 E.07997
G1 X112.176 Y77.357 E1.38552
G1 X109.689 Y77.357 E.07997
G1 X142.643 Y110.311 E1.49861
G1 X142.643 Y112.798 E.07997
G1 X107.202 Y77.357 E1.61171
G1 X104.715 Y77.357 E.07997
G1 X142.643 Y115.285 E1.72481
G1 X142.643 Y117.772 E.07997
G1 X102.228 Y77.357 E1.83791
G1 X104.511 Y77.357 E.07343
G1 X89.85 Y87.084 F18000
G1 F6205.95
G1 X90.056 Y86.745 E.01275
G1 X86.186 Y82.874 E.176
G1 X85.673 Y83.186 E.0193
G1 X79.844 Y77.357 E.26505
G1 X79.044 Y77.357 E.02574
G1 X78.659 Y77.397 E.01246
G1 X78.333 Y77.502 E.011
G1 X78.036 Y77.674 E.01102
G1 X77.846 Y77.846 E.00826
G1 X83.518 Y83.518 E.25797
G1 X84.031 Y83.207 E.0193
G1 X84.639 Y83.814 E.02762
G1 X85.499 Y83.292 E.03237
G1 X77.357 Y82.128 F18000
G1 F6205.95
G1 X77.357 Y79.844 E.07343
G1 X81.889 Y84.376 E.20608
G1 X80.646 Y85.62 E.05655
G1 X77.357 Y82.331 E.14953
G1 X77.357 Y84.818 E.07997
G1 X79.402 Y86.863 E.09298
G1 X78.99 Y87.275 E.01875
G1 X79.173 Y87.458 E.00831
G1 X78.544 Y88.492 E.03891
G1 X77.357 Y87.305 E.05397
G1 X77.357 Y89.589 E.07343
G1 X82.109 Y94.824 F18000
G1 F6205.95
G1 X81.77 Y95.03 E.01275
G1 X77.9 Y91.16 E.176
G1 X78.212 Y90.647 E.0193
G1 X77.357 Y89.792 E.03886
G1 X77.357 Y92.28 E.07997
G1 X100.863 Y115.785 E1.06896
G1 X100.863 Y113.298 E.07997
G1 X82.283 Y94.718 E.84494
G1 X83.318 Y94.09 E.03891
G1 X83.925 Y94.698 E.02762
G1 X84.264 Y94.492 E.01275
G1 X85.518 Y93.485 F18000
M204 P500
;TYPE:Internal Bridge
;WIDTH:0.379473
;HEIGHT:0.379473
G1 F2250
M106 S127
G1 X88.374 Y90.628 E.18046
G1 X88.256 Y90.51 E.00749
G1 X88.829 Y89.567 E.0493
G1 X84.593 Y93.803 E.26761
G1 X83.989 Y94.17 E.03157
G1 X83.803 Y93.985 E.0117
G1 X89.01 Y88.777 E.32894
G1 X88.707 Y88.474 E.01918
G1 X83.5 Y93.681 E.32894
G1 X83.381 Y93.562 E.00749
G1 X82.438 Y94.135 E.0493
G1 X84.566 Y92.008 E.13441
G1 X84.321 Y92.059 E.01116
G1 X83.906 Y92.059 E.01854
G1 X81.649 Y94.317 E.14261
G1 X81.345 Y94.013 E.01918
G1 X83.366 Y91.993 E.12763
G1 X83.085 Y91.933 E.01281
G1 X82.892 Y91.859 E.00924
G1 X81.042 Y93.71 E.11689
G1 X80.738 Y93.406 E.01918
G1 X82.485 Y91.658 E.1104
G1 X82.192 Y91.489 E.01516
G1 X82.116 Y91.42 E.00455
G1 X80.434 Y93.102 E.10624
G1 X80.13 Y92.799 E.01918
G1 X81.796 Y91.133 E.10524
G1 X81.714 Y91.058 E.00496
G1 X81.524 Y90.797 E.01441
G1 X79.827 Y92.495 E.10723
G1 X79.523 Y92.191 E.01918
G1 X81.287 Y90.428 E.11141
G1 X81.1 Y90.007 E.02055
G1 X79.219 Y91.887 E.11877
G1 X78.916 Y91.584 E.01918
G1 X80.982 Y89.517 E.13054
G1 X80.941 Y89.321 E.00895
G1 X80.941 Y88.952 E.01652
G1 X78.612 Y91.28 E.1471
G1 X78.428 Y91.096 E.01161
G1 X78.799 Y90.486 E.03192
G1 X81.326 Y87.959 E.15964
G1 X81.85 Y88.159 F18000
G1 X81.888 Y88.06
G1 X81.998 Y87.844
G1 X82.13 Y87.641
G1 X82.282 Y87.453
G1 X82.453 Y87.282
G1 X82.641 Y87.13
G1 X82.844 Y86.998
G1 X83.06 Y86.888
G1 X83.286 Y86.801
G1 X83.519 Y86.739
G1 X83.758 Y86.701
G1 X84 Y86.688
G1 X84.242 Y86.701
G1 X84.481 Y86.739
G1 X84.714 Y86.801
G1 X84.94 Y86.888
G1 X85.156 Y86.998
G1 X85.359 Y87.13
G1 X85.547 Y87.282
G1 X85.718 Y87.453
G1 X85.87 Y87.641
G1 X86.002 Y87.844
G1 X86.112 Y88.06
G1 X86.199 Y88.286
G1 X86.261 Y88.519
G1 X86.299 Y88.758
G1 X86.312 Y89
G1 X86.299 Y89.242
G1 X86.261 Y89.481
G1 X86.21 Y89.67
G1 X86.757 Y89.817
G1 F2250
G1 X89.161 Y87.412 E.1519
G1 X89.528 Y86.808 E.03157
G1 X89.343 Y86.623 E.0117
G1 X87.059 Y88.906 E.14426
G1 X87.059 Y88.679 E.01018
G1 X86.993 Y88.366 E.01429
G1 X89.039 Y86.319 E.12927
G1 X88.736 Y86.016 E.01918
G1 X86.859 Y87.892 E.11853
G1 X86.792 Y87.717 E.00834
G1 X86.658 Y87.485 E.01197
G1 X88.432 Y85.712 E.11204
G1 X88.128 Y85.408 E.01918
G1 X86.42 Y87.116 E.10788
G1 X86.133 Y86.796 E.01921
G1 X87.825 Y85.105 E.10688
G1 X87.521 Y84.801 E.01918
G1 X85.797 Y86.524 E.10887
G1 X85.538 Y86.336 E.01431
G1 X85.428 Y86.287 E.00541
G1 X87.217 Y84.497 E.11305
G1 X86.913 Y84.193 E.01918
G1 X85.007 Y86.1 E.12041
G1 X84.517 Y85.982 E.02251
G1 X86.61 Y83.89 E.13218
G1 X86.306 Y83.586 E.01918
G1 X83.954 Y85.938 E.1486
G1 X83.795 Y85.937 E.00711
G1 X83.343 Y85.997 E.02037
G1 X83.262 Y86.023 E.00379
G1 X85.512 Y83.773 E.14212
G1 X84.575 Y84.342 E.04895
G1 X84.455 Y84.222 E.00757
G1 X79.248 Y89.429 E.32894
G1 X78.945 Y89.126 E.01918
G1 X84.152 Y83.919 E.32894
G1 X83.968 Y83.735 E.01161
G1 X83.357 Y84.106 E.03192
G1 X78.556 Y88.907 E.30331
G1 X83.06 Y91.112 F18000
G1 X83.286 Y91.199
G1 X83.519 Y91.261
G1 X83.758 Y91.299
G1 X136.201 Y94.428
G1 F2250
G1 X140.581 Y90.048 E.2767
G1 X141.309 Y88.849 E.06266
G1 X141.241 Y88.781 E.00432
G1 X136.034 Y93.988 E.32894
G1 X135.799 Y93.752 E.01487
G1 X135.45 Y93.964 E.0182
G1 X140.937 Y88.477 E.34662
G1 X140.702 Y88.242 E.01487
G1 X140.913 Y87.893 E.0182
G1 X138.945 Y89.862 E.12438
G1 X138.792 Y90.283 E.01997
G1 X138.489 Y90.808 E.02712
G1 X138.058 Y91.286 E.02872
G1 X137.538 Y91.664 E.02872
G1 X136.951 Y91.926 E.02874
G1 X136.862 Y91.945 E.00403
G1 X134.183 Y94.624 E.16925
G1 X133.879 Y94.32 E.01918
G1 X136.14 Y92.059 E.14281
G1 X135.679 Y92.059 E.02061
G1 X135.558 Y92.034 E.0055
G1 X133.576 Y94.016 E.12524
G1 X133.272 Y93.713 E.01918
G1 X135.061 Y91.924 E.113
G1 X134.717 Y91.792 E.01642
G1 X134.633 Y91.744 E.00433
G1 X132.968 Y93.409 E.1052
G1 X132.665 Y93.105 E.01918
G1 X134.248 Y91.521 E.10006
G1 X133.919 Y91.243 E.01925
G1 X132.361 Y92.802 E.09844
G1 X132.057 Y92.498 E.01918
G1 X133.623 Y90.933 E.09889
G1 X133.367 Y90.581 E.01942
G1 X131.754 Y92.194 E.10192
G1 X131.45 Y91.891 E.01918
G1 X133.171 Y90.169 E.10876
G1 X133.074 Y89.951 E.01068
G1 X133.023 Y89.71 E.01099
G1 X131.146 Y91.587 E.11857
G1 X130.842 Y91.283 E.01918
G1 X132.941 Y89.185 E.13254
G1 X132.941 Y88.679 E.02263
G1 X132.968 Y88.551 E.00585
G1 X130.402 Y91.116 E.16208
G1 X136 Y91.312 F18000
G1 X136.242 Y91.299
G1 X136.481 Y91.261
G1 X136.714 Y91.199
G1 X136.94 Y91.112
G1 X137.156 Y91.002
G1 X137.359 Y90.87
G1 X137.547 Y90.718
G1 X137.718 Y90.547
G1 X137.87 Y90.359
G1 X138.002 Y90.156
G1 X138.112 Y89.94
G1 X138.199 Y89.714
G1 X138.261 Y89.481
G1 X138.297 Y89.253
G1 X138.857 Y89.342
G1 F2250
G1 X141.573 Y86.626 E.17157
G1 X141.27 Y86.322 E.01918
G1 X139.034 Y88.558 E.14124
G1 X138.924 Y88.061 E.02276
G1 X140.966 Y86.019 E.129
G1 X140.662 Y85.715 E.01918
G1 X138.744 Y87.633 E.12119
G1 X138.521 Y87.248 E.01986
G1 X140.359 Y85.411 E.11606
G1 X140.055 Y85.108 E.01918
G1 X138.243 Y86.919 E.11444
G1 X138.058 Y86.714 E.01235
G1 X137.933 Y86.623 E.00694
G1 X139.751 Y84.804 E.11488
G1 X139.448 Y84.5 E.01918
G1 X137.581 Y86.367 E.11792
G1 X137.169 Y86.171 E.02037
G1 X139.144 Y84.197 E.12476
G1 X138.84 Y83.893 E.01918
G1 X136.71 Y86.023 E.13457
G1 X136.328 Y85.942 E.01744
G1 X136.185 Y85.941 E.00639
G1 X138.536 Y83.589 E.14854
G1 X138.236 Y83.289 E.01899
G1 X135.307 Y86.212 E.18485
G1 X137.249 Y83.662 F18000
G1 F2250
G1 X130.248 Y90.663 E.44228
G1 X131.175 Y89.129 E.08008
G1 X136.382 Y83.922 E.32894
G1 X136.081 Y83.621 E.01899
G1 X136.066 Y83.631 E.00083
G1 X130.884 Y88.812 E.32733
G1 X131.811 Y87.278 E.08008
G1 X135.094 Y83.995 E.20742
; stop printing object top_plate.stl id:4653052573991952974 copy 0
;LAYER_CHANGE
;Z:2.04
;HEIGHT:0.2
G92 E0 ; zero the extruded length again
; BEFORE_LAYER_CHANGE 9 @ 2.04mm
G1 E-1.75 F6000
;WIPE_START
G1 F2250
G1 X134.387 Y84.702 E-.75
;WIPE_END
; AFTER_LAYER_CHANGE 9 @ 2.04mm
;_SET_FAN_SPEED_CHANGING_LAYER
; printing object top_plate.stl id:4653052573991952974 copy 0
G1 F18000
G1 X134.082 Y85.1323 Z2.06857
G1 X133.555 Y85.1619 Z2.09714
G1 X133.203 Y84.7682 Z2.12571
G1 X133.291 Y84.2476 Z2.15429
G1 X133.753 Y83.9922 Z2.18286
G1 X134.241 Y84.1942 Z2.21143
G1 X134.387 Y84.7016 Z2.24
G1 X133.739 Y88.519 Z2.24
G1 X133.701 Y88.758
G1 X133.688 Y89
G1 X133.701 Y89.242
G1 X133.739 Y89.481
G1 X133.801 Y89.714
G1 X133.888 Y89.94
G1 X133.998 Y90.156
G1 X134.13 Y90.359
G1 X134.282 Y90.547
G1 X134.453 Y90.718
G1 X134.641 Y90.87
G1 X134.844 Y91.002
G1 X135.06 Y91.112
G1 X135.106 Y91.13
G1 X140.984 Y143.389
G1 X140.995 Y143.79
G1 Z2.04
G1 E2.5 F6000
M204 P1000
;TYPE:Outer wall
;WIDTH:0.42
G1 F3600
M106 S102
G1 X79.005 Y143.79 E1.84644
G1 X78.708 Y143.774 E.00886
G1 X78.42 Y143.729 E.0087
G1 X78.138 Y143.653 E.0087
G1 X77.865 Y143.549 E.0087
G1 X77.605 Y143.416 E.0087
G1 X77.36 Y143.257 E.0087
G1 X77.133 Y143.073 E.0087
G1 X76.927 Y142.867 E.0087
G1 X76.743 Y142.64 E.0087
G1 X76.584 Y142.395 E.0087
G1 X76.451 Y142.135 E.0087
G1 X76.347 Y141.862 E.0087
G1 X76.271 Y141.58 E.0087
G1 X76.226 Y141.292 E.0087
G1 X76.21 Y140.995 E.00886
G1 X76.21 Y79.005 E1.84644
G1 X76.226 Y78.708 E.00886
G1 X76.271 Y78.42 E.0087
G1 X76.347 Y78.138 E.0087
G1 X76.452 Y77.865 E.0087
G1 X76.584 Y77.605 E.0087
G1 X76.743 Y77.36 E.0087
G1 X76.927 Y77.133 E.0087
G1 X77.133 Y76.927 E.0087
G1 X77.36 Y76.743 E.0087
G1 X77.605 Y76.584 E.0087
G1 X77.865 Y76.452 E.0087
G1 X78.138 Y76.347 E.0087
G1 X78.42 Y76.271 E.0087
G1 X78.708 Y76.226 E.0087
G1 X79.005 Y76.21 E.00886
G1 X140.995 Y76.21 E1.84644
G1 X141.292 Y76.226 E.00886
G1 X141.58 Y76.271 E.0087
G1 X141.862 Y76.347 E.0087
G1 X142.135 Y76.452 E.0087
G1 X142.395 Y76.584 E.0087
G1 X142.64 Y76.743 E.0087
G1 X142.867 Y76.927 E.0087
G1 X143.073 Y77.133 E.0087
G1 X143.257 Y77.36 E.0087
G1 X143.416 Y77.605 E.0087
G1 X143.549 Y77.865 E.0087
G1 X143.653 Y78.138 E.0087
G1 X143.729 Y78.42 E.0087
G1 X143.774 Y78.708 E.0087
G1 X143.79 Y79.005 E.00886
G1 X143.79 Y140.995 E1.84644
G1 X143.774 Y141.292 E.00886
G1 X143.729 Y141.58 E.0087
G1 X143.653 Y141.862 E.0087
G1 X143.549 Y142.135 E.0087
G1 X143.416 Y142.395 E.0087
G1 X143.257 Y142.64 E.0087
G1 X143.073 Y142.867 E.0087
G1 X142.867 Y143.073 E.0087
G1 X142.64 Y143.257 E.0087
G1 X142.395 Y143.416 E.0087
G1 X142.135 Y143.548 E.0087
G1 X141.862 Y143.653 E.0087
G1 X141.58 Y143.729 E.0087
G1 X141.292 Y143.774 E.0087
G1 X141.054 Y143.787 E.00707
G1 X141.034 Y143.387 F18000
G1 X140.984 Y143.389
G1 X140.984 Y143.389
G1 X140.984 Y143.398
M204 P1500
;TYPE:Inner wall
;WIDTH:0.45
G1 F6000
G1 X79.016 Y143.398 E1.99268
G1 X78.749 Y143.384 E.00857
G1 X78.502 Y143.345 E.00807
G1 X78.259 Y143.28 E.00807
G1 X78.025 Y143.19 E.00807
G1 X77.801 Y143.076 E.00807
G1 X77.591 Y142.939 E.00806
G1 X77.396 Y142.781 E.00807
G1 X77.219 Y142.604 E.00807
G1 X77.061 Y142.409 E.00807
G1 X76.924 Y142.199 E.00806
G1 X76.81 Y141.975 E.00807
G1 X76.72 Y141.741 E.00807
G1 X76.655 Y141.498 E.00807
G1 X76.616 Y141.251 E.00807
G1 X76.602 Y140.984 E.00857
G1 X76.602 Y79.016 E1.99268
G1 X76.616 Y78.749 E.00857
G1 X76.655 Y78.502 E.00807
G1 X76.72 Y78.259 E.00807
G1 X76.81 Y78.025 E.00807
G1 X76.924 Y77.801 E.00807
G1 X77.061 Y77.591 E.00806
G1 X77.219 Y77.396 E.00807
G1 X77.396 Y77.219 E.00807
G1 X77.591 Y77.061 E.00807
G1 X77.801 Y76.924 E.00806
G1 X78.025 Y76.81 E.00807
G1 X78.259 Y76.72 E.00807
G1 X78.502 Y76.655 E.00807
G1 X78.749 Y76.616 E.00807
G1 X79.016 Y76.602 E.00857
G1 X140.984 Y76.602 E1.99268
G1 X141.251 Y76.616 E.00857
G1 X141.498 Y76.655 E.00807
G1 X141.741 Y76.72 E.00807
G1 X141.975 Y76.81 E.00807
G1 X142.199 Y76.924 E.00807
G1 X142.409 Y77.061 E.00806
G1 X142.604 Y77.219 E.00807
G1 X142.781 Y77.396 E.00807
G1 X142.939 Y77.591 E.00807
G1 X143.076 Y77.801 E.00806
G1 X143.19 Y78.025 E.00807
G1 X143.28 Y78.259 E.00807
G1 X143.345 Y78.502 E.00807
G1 X143.384 Y78.749 E.00807
G1 X143.398 Y79.016 E.00857
G1 X143.398 Y140.984 E1.99268
G1 X143.384 Y141.251 E.00857
G1 X143.345 Y141.498 E.00807
G1 X143.28 Y141.741 E.00807
G1 X143.19 Y141.975 E.00807
G1 X143.076 Y142.199 E.00807
G1 X142.939 Y142.409 E.00806
G1 X142.781 Y142.604 E.00807
G1 X142.604 Y142.781 E.00807
G1 X142.409 Y142.939 E.00807
G1 X142.199 Y143.076 E.00806
G1 X141.975 Y143.19 E.00807
G1 X141.741 Y143.28 E.00807
G1 X141.498 Y143.345 E.00807
G1 X141.251 Y143.384 E.00807
G1 X141.044 Y143.395 E.00665
G1 X140.974 Y142.991 F18000
G1 F6000
G1 X79.026 Y142.991 E1.992
G1 X78.792 Y142.979 E.00754
G1 X78.385 Y142.892 E.01338
G1 X78.005 Y142.723 E.01338
G1 X77.669 Y142.479 E.01337
G1 X77.39 Y142.169 E.01338
G1 X77.183 Y141.809 E.01337
G1 X77.054 Y141.414 E.01337
G1 X77.009 Y140.974 E.01422
G1 X77.009 Y79.026 E1.992
G1 X77.021 Y78.792 E.00754
G1 X77.108 Y78.385 E.01338
G1 X77.277 Y78.005 E.01338
G1 X77.521 Y77.669 E.01337
G1 X77.831 Y77.39 E.01338
G1 X78.191 Y77.183 E.01337
G1 X78.586 Y77.054 E.01337
G1 X79.026 Y77.009 E.01422
G1 X140.974 Y77.009 E1.992
G1 X141.208 Y77.021 E.00754
G1 X141.615 Y77.108 E.01338
G1 X141.995 Y77.277 E.01338
G1 X142.169 Y77.39 E.00669
G1 X142.479 Y77.669 E.01338
G1 X142.723 Y78.005 E.01337
G1 X142.892 Y78.385 E.01338
G1 X142.979 Y78.792 E.01338
G1 X142.991 Y79.026 E.00754
G1 X142.991 Y140.974 E1.992
G1 X142.979 Y141.208 E.00754
G1 X142.892 Y141.615 E.01338
G1 X142.723 Y141.995 E.01338
G1 X142.479 Y142.331 E.01337
G1 X142.169 Y142.61 E.01338
G1 X141.809 Y142.817 E.01337
G1 X141.414 Y142.946 E.01337
G1 X141.033 Y142.985 E.01229
G1 E-1.75
;WIPE_START
G1 X140.033 Y142.985 E-.75
;WIPE_END
G1 X140.033 Y143.389 Z2.24 F18000
G1 X135.79 Y91.301
G1 X135.811 Y90.901
G1 Z2.04
G1 E2.5 F6000
M204 P1000
;TYPE:Outer wall
;WIDTH:0.42
G1 F3600
G1 X136.2 Y90.901 E.01158
G1 X136.591 Y90.818 E.0119
G1 X136.956 Y90.655 E.0119
G1 X137.279 Y90.42 E.0119
G1 X137.546 Y90.123 E.0119
G1 X137.743 Y89.782 E.01174
G1 X137.819 Y89.585 E.00629
G1 X137.901 Y89.2 E.01174
G1 X137.901 Y88.8 E.0119
G1 X137.819 Y88.415 E.01174
G1 X137.743 Y88.218 E.00629
G1 X137.546 Y87.877 E.01174
G1 X137.279 Y87.58 E.0119
G1 X136.956 Y87.345 E.0119
G1 X136.591 Y87.182 E.0119
G1 X136.2 Y87.099 E.01188
G1 X135.851 Y87.097 E.0104
G1 X135.599 Y87.132 E.00758
G1 X135.223 Y87.254 E.0118
G1 X134.877 Y87.454 E.0119
G1 X134.58 Y87.721 E.0119
G1 X134.345 Y88.044 E.0119
G1 X134.182 Y88.409 E.0119
G1 X134.099 Y88.8 E.0119
G1 X134.099 Y89.2 E.0119
G1 X134.182 Y89.591 E.0119
G1 X134.345 Y89.956 E.0119
G1 X134.58 Y90.279 E.0119
G1 X134.877 Y90.546 E.0119
G1 X135.218 Y90.743 E.01174
G1 X135.415 Y90.819 E.00629
G1 X135.752 Y90.891 E.01026
G1 X135.689 Y91.288 F18000
G1 X135.758 Y91.299
G1 X135.81 Y91.302
G1 X135.811 Y91.293
M204 P1500
;TYPE:Inner wall
;WIDTH:0.45
G1 F6000
G1 X136.241 Y91.293 E.01383
G1 X136.712 Y91.193 E.0155
G1 X137.153 Y90.997 E.0155
G1 X137.543 Y90.713 E.0155
G1 X137.865 Y90.355 E.0155
G1 X138.098 Y89.952 E.01499
G1 X138.196 Y89.697 E.00877
G1 X138.293 Y89.241 E.01499
G1 X138.293 Y88.759 E.01549
G1 X138.196 Y88.303 E.01499
G1 X138.098 Y88.048 E.00877
G1 X137.865 Y87.645 E.01499
G1 X137.543 Y87.287 E.0155
G1 X137.153 Y87.003 E.0155
G1 X136.712 Y86.807 E.0155
G1 X136.243 Y86.708 E.01543
G1 X135.826 Y86.705 E.01341
G1 X135.511 Y86.748 E.01021
G1 X135.062 Y86.894 E.01519
G1 X134.645 Y87.135 E.0155
G1 X134.287 Y87.457 E.0155
G1 X134.003 Y87.847 E.0155
G1 X133.807 Y88.288 E.0155
G1 X133.707 Y88.759 E.0155
G1 X133.707 Y89.241 E.01549
G1 X133.807 Y89.712 E.0155
G1 X134.003 Y90.153 E.0155
G1 X134.287 Y90.543 E.0155
G1 X134.645 Y90.865 E.0155
G1 X135.048 Y91.098 E.01499
G1 X135.303 Y91.196 E.00877
G1 X135.751 Y91.291 E.01472
G1 X135.794 Y91.7 F18000
G1 F6000
G1 X136.284 Y91.7 E.01575
G1 X136.839 Y91.582 E.01825
G1 X137.357 Y91.351 E.01826
G1 X137.817 Y91.018 E.01825
G1 X138.196 Y90.596 E.01825
G1 X138.467 Y90.127 E.0174
G1 X138.588 Y89.813 E.01084
G1 X138.7 Y89.284 E.01739
G1 X138.7 Y88.716 E.01824
G1 X138.588 Y88.187 E.01739
G1 X138.467 Y87.873 E.01084
G1 X138.196 Y87.404 E.0174
G1 X137.817 Y86.982 E.01825
G1 X137.357 Y86.649 E.01825
G1 X136.839 Y86.418 E.01826
G1 X136.287 Y86.301 E.01813
G1 X135.799 Y86.297 E.01569
G1 X135.42 Y86.35 E.01232
G1 X134.896 Y86.52 E.01773
G1 X134.404 Y86.804 E.01826
G1 X133.982 Y87.183 E.01825
G1 X133.649 Y87.643 E.01825
G1 X133.418 Y88.161 E.01826
G1 X133.3 Y88.716 E.01825
G1 X133.3 Y89.284 E.01824
G1 X133.418 Y89.839 E.01825
G1 X133.649 Y90.357 E.01826
G1 X133.982 Y90.817 E.01825
G1 X134.404 Y91.196 E.01825
G1 X134.873 Y91.467 E.0174
G1 X135.187 Y91.588 E.01084
G1 X135.716 Y91.7 E.01739
G1 X135.734 Y91.7 E.00056
G1 E-1.75
;WIPE_START
G1 X136.284 Y91.7 E-.41246
G1 X136.724 Y91.606 E-.33754
;WIPE_END
G1 X136.621 Y91.223 Z2.24 F18000
G1 X138.312 Y131
G1 X138.299 Y131.242
G1 X138.261 Y131.481
G1 X138.199 Y131.714
G1 X138.112 Y131.94
G1 X138.002 Y132.156
G1 X137.87 Y132.359
G1 X137.718 Y132.547
G1 X137.547 Y132.718
G1 X137.359 Y132.87
G1 X137.156 Y133.002
G1 X136.94 Y133.112
G1 X136.714 Y133.199
G1 X136.481 Y133.261
G1 X136.242 Y133.299
G1 X136.221 Y133.3
G1 X136.2 Y132.901
G1 Z2.04
G1 E2.5 F6000
M204 P1000
;TYPE:Outer wall
;WIDTH:0.42
G1 F3600
G1 X136.591 Y132.818 E.0119
G1 X136.956 Y132.655 E.0119
G1 X137.279 Y132.42 E.0119
G1 X137.546 Y132.123 E.0119
G1 X137.743 Y131.782 E.01174
G1 X137.819 Y131.585 E.00629
G1 X137.901 Y131.2 E.01174
G1 X137.901 Y130.8 E.0119
G1 X137.819 Y130.415 E.01174
G1 X137.743 Y130.218 E.00629
G1 X137.546 Y129.877 E.01174
G1 X137.279 Y129.58 E.0119
G1 X136.956 Y129.345 E.0119
G1 X136.591 Y129.182 E.0119
G1 X136.2 Y129.099 E.01188
G1 X135.851 Y129.097 E.0104
G1 X135.599 Y129.132 E.00758
G1 X135.223 Y129.254 E.0118
G1 X134.877 Y129.454 E.0119
G1 X134.58 Y129.721 E.0119
G1 X134.345 Y130.044 E.0119
G1 X134.182 Y130.409 E.0119
G1 X134.099 Y130.8 E.0119
G1 X134.099 Y131.2 E.0119
G1 X134.182 Y131.591 E.0119
G1 X134.345 Y131.956 E.0119
G1 X134.58 Y132.279 E.0119
G1 X134.877 Y132.546 E.0119
G1 X135.218 Y132.743 E.01174
G1 X135.415 Y132.819 E.00629
G1 X135.8 Y132.901 E.01174
G1 X136.14 Y132.901 E.01011
G1 X136.161 Y133.303 F18000
G1 X136.207 Y133.301
G1 X136.206 Y133.293
M204 P1500
;TYPE:Inner wall
;WIDTH:0.45
G1 F6000
G1 X136.241 Y133.293 E.00111
G1 X136.712 Y133.193 E.0155
G1 X137.153 Y132.997 E.0155
G1 X137.543 Y132.713 E.0155
G1 X137.865 Y132.355 E.0155
G1 X138.098 Y131.952 E.01499
G1 X138.196 Y131.697 E.00877
G1 X138.293 Y131.241 E.01499
G1 X138.293 Y130.759 E.01549
G1 X138.196 Y130.303 E.01499
G1 X138.098 Y130.048 E.00877
G1 X137.865 Y129.645 E.01499
G1 X137.543 Y129.287 E.0155
G1 X137.153 Y129.003 E.0155
G1 X136.712 Y128.807 E.0155
G1 X136.243 Y128.708 E.01543
G1 X135.826 Y128.705 E.01341
G1 X135.511 Y128.748 E.01021
G1 X135.062 Y128.894 E.01519
G1 X134.645 Y129.135 E.0155
G1 X134.287 Y129.457 E.0155
G1 X134.003 Y129.847 E.0155
G1 X133.807 Y130.288 E.0155
G1 X133.707 Y130.759 E.0155
G1 X133.707 Y131.241 E.01549
G1 X133.807 Y131.712 E.0155
G1 X134.003 Y132.153 E.0155
G1 X134.287 Y132.543 E.0155
G1 X134.645 Y132.865 E.0155
G1 X135.048 Y133.098 E.01499
G1 X135.303 Y133.196 E.00877
G1 X135.759 Y133.293 E.01499
G1 X136.146 Y133.293 E.01245
G1 X136.359 Y133.684 F18000
G1 F6000
G1 X136.839 Y133.582 E.01577
G1 X137.357 Y133.351 E.01826
G1 X137.817 Y133.018 E.01825
G1 X138.196 Y132.596 E.01825
G1 X138.467 Y132.127 E.0174
G1 X138.588 Y131.813 E.01084
G1 X138.7 Y131.284 E.01739
G1 X138.7 Y130.716 E.01824
G1 X138.588 Y130.187 E.01739
G1 X138.467 Y129.873 E.01084
G1 X138.196 Y129.404 E.0174
G1 X137.817 Y128.982 E.01825
G1 X137.357 Y128.649 E.01825
G1 X136.839 Y128.418 E.01826
G1 X136.287 Y128.301 E.01813
G1 X135.799 Y128.297 E.01569
G1 X135.42 Y128.35 E.01232
G1 X134.896 Y128.52 E.01773
G1 X134.404 Y128.804 E.01826
G1 X133.982 Y129.183 E.01825
G1 X133.649 Y129.643 E.01825
G1 X133.418 Y130.161 E.01826
G1 X133.3 Y130.716 E.01825
G1 X133.3 Y131.284 E.01824
G1 X133.418 Y131.839 E.01825
G1 X133.649 Y132.357 E.01826
G1 X133.982 Y132.817 E.01825
G1 X134.404 Y133.196 E.01825
G1 X134.873 Y133.467 E.0174
G1 X135.187 Y133.588 E.01084
G1 X135.716 Y133.7 E.01739
G1 X136.284 Y133.7 E.01824
G1 X136.3 Y133.696 E.00055
G1 E-1.75
;WIPE_START
G1 X136.839 Y133.582 E-.41293
G1 X137.249 Y133.399 E-.33707
;WIPE_END
G1 X137.069 Y133.046 Z2.24 F18000
G1 X85.29 Y132.915
G1 X85.156 Y133.002
G1 X84.94 Y133.112
G1 X84.714 Y133.199
G1 X84.481 Y133.261
G1 X84.242 Y133.299
G1 X84 Y133.312
G1 X83.79 Y133.301
G1 X83.811 Y132.901
G1 Z2.04
G1 E2.5 F6000
M204 P1000
;TYPE:Outer wall
;WIDTH:0.42
G1 F3600
G1 X84.2 Y132.901 E.01158
G1 X84.591 Y132.818 E.0119
G1 X84.956 Y132.655 E.0119
G1 X85.279 Y132.42 E.0119
G1 X85.546 Y132.123 E.0119
G1 X85.743 Y131.782 E.01174
G1 X85.819 Y131.585 E.00629
G1 X85.901 Y131.2 E.01174
G1 X85.901 Y130.8 E.0119
G1 X85.819 Y130.415 E.01174
G1 X85.743 Y130.218 E.00629
G1 X85.546 Y129.877 E.01174
G1 X85.279 Y129.58 E.0119
G1 X84.956 Y129.345 E.0119
G1 X84.591 Y129.182 E.0119
G1 X84.2 Y129.099 E.01188
G1 X83.851 Y129.097 E.0104
G1 X83.599 Y129.132 E.00758
G1 X83.223 Y129.254 E.0118
G1 X82.877 Y129.454 E.0119
G1 X82.58 Y129.721 E.0119
G1 X82.345 Y130.044 E.0119
G1 X82.182 Y130.409 E.0119
G1 X82.099 Y130.8 E.0119
G1 X82.099 Y131.2 E.0119
G1 X82.182 Y131.591 E.0119
G1 X82.345 Y131.956 E.0119
G1 X82.58 Y132.279 E.0119
G1 X82.877 Y132.546 E.0119
G1 X83.218 Y132.743 E.01174
G1 X83.415 Y132.819 E.00629
G1 X83.752 Y132.891 E.01026
G1 X83.689 Y133.288 F18000
G1 X83.758 Y133.299
G1 X83.81 Y133.302
G1 X83.811 Y133.293
M204 P1500
;TYPE:Inner wall
;WIDTH:0.45
G1 F6000
G1 X84.241 Y133.293 E.01383
G1 X84.712 Y133.193 E.0155
G1 X85.153 Y132.997 E.0155
G1 X85.543 Y132.713 E.0155
G1 X85.865 Y132.355 E.0155
G1 X86.098 Y131.952 E.01499
G1 X86.196 Y131.697 E.00877
G1 X86.293 Y131.241 E.01499
G1 X86.293 Y130.759 E.01549
G1 X86.196 Y130.303 E.01499
G1 X86.098 Y130.048 E.00877
G1 X85.865 Y129.645 E.01499
G1 X85.543 Y129.287 E.0155
G1 X85.153 Y129.003 E.0155
G1 X84.712 Y128.807 E.0155
G1 X84.243 Y128.708 E.01543
G1 X83.826 Y128.705 E.01341
G1 X83.511 Y128.748 E.01021
G1 X83.062 Y128.894 E.01519
G1 X82.645 Y129.135 E.0155
G1 X82.287 Y129.457 E.0155
G1 X82.003 Y129.847 E.0155
G1 X81.807 Y130.288 E.0155
G1 X81.707 Y130.759 E.0155
G1 X81.707 Y131.241 E.01549
G1 X81.807 Y131.712 E.0155
G1 X82.003 Y132.153 E.0155
G1 X82.287 Y132.543 E.0155
G1 X82.645 Y132.865 E.0155
G1 X83.048 Y133.098 E.01499
G1 X83.303 Y133.196 E.00877
G1 X83.751 Y133.291 E.01472
G1 X83.641 Y133.684 F18000
G1 F6000
G1 X83.716 Y133.7 E.00249
G1 X84.284 Y133.7 E.01824
G1 X84.839 Y133.582 E.01825
G1 X85.357 Y133.351 E.01826
G1 X85.817 Y133.018 E.01825
G1 X86.196 Y132.596 E.01825
G1 X86.467 Y132.127 E.0174
G1 X86.588 Y131.813 E.01084
G1 X86.7 Y131.284 E.01739
G1 X86.7 Y130.716 E.01824
G1 X86.588 Y130.187 E.01739
G1 X86.467 Y129.873 E.01084
G1 X86.196 Y129.404 E.0174
G1 X85.817 Y128.982 E.01825
G1 X85.357 Y128.649 E.01825
G1 X84.839 Y128.418 E.01826
G1 X84.287 Y128.301 E.01813
G1 X83.799 Y128.297 E.01569
G1 X83.42 Y128.35 E.01232
G1 X82.896 Y128.52 E.01773
G1 X82.404 Y128.804 E.01826
G1 X81.982 Y129.183 E.01825
G1 X81.649 Y129.643 E.01825
G1 X81.418 Y130.161 E.01826
G1 X81.3 Y130.716 E.01825
G1 X81.3 Y131.284 E.01824
G1 X81.418 Y131.839 E.01825
G1 X81.649 Y132.357 E.01826
G1 X81.982 Y132.817 E.01825
G1 X82.404 Y133.196 E.01825
G1 X82.873 Y133.467 E.0174
G1 X83.187 Y133.588 E.01084
G1 X83.582 Y133.671 E.01297
G1 E-1.75
;WIPE_START
G1 X83.716 Y133.7 E-.10304
G1 X84.284 Y133.7 E-.4255
G1 X84.572 Y133.639 E-.22146
;WIPE_END
G1 X84.481 Y133.261 Z2.24 F18000
G1 X84.714 Y133.199
G1 X84.94 Y133.112
G1 X85.156 Y133.002
G1 X85.359 Y132.87
G1 X85.547 Y132.718
G1 X85.718 Y132.547
G1 X85.87 Y132.359
G1 X86.002 Y132.156
G1 X86.112 Y131.94
G1 X86.199 Y131.714
G1 X86.261 Y131.481
G1 X86.299 Y131.242
G1 X86.312 Y131
G1 X86.299 Y130.758
G1 X86.261 Y130.519
G1 X86.199 Y130.286
G1 X86.112 Y130.06
G1 X86.002 Y129.844
G1 X85.87 Y129.641
G1 X85.718 Y129.453
G1 X85.547 Y129.282
G1 X85.359 Y129.13
G1 X85.156 Y128.998
G1 X84.94 Y128.888
G1 X84.714 Y128.801
G1 X84.485 Y128.74
G1 X83.79 Y91.301
G1 X83.811 Y90.901
G1 Z2.04
G1 E2.5 F6000
M204 P1000
;TYPE:Outer wall
;WIDTH:0.42
G1 F3600
G1 X84.2 Y90.901 E.01158
G1 X84.591 Y90.818 E.0119
G1 X84.956 Y90.655 E.0119
G1 X85.279 Y90.42 E.0119
G1 X85.546 Y90.123 E.0119
G1 X85.743 Y89.782 E.01174
G1 X85.819 Y89.585 E.00629
G1 X85.901 Y89.2 E.01174
G1 X85.901 Y88.8 E.0119
G1 X85.819 Y88.415 E.01174
G1 X85.743 Y88.218 E.00629
G1 X85.546 Y87.877 E.01174
G1 X85.279 Y87.58 E.0119
G1 X84.956 Y87.345 E.0119
G1 X84.591 Y87.182 E.0119
G1 X84.2 Y87.099 E.01188
G1 X83.851 Y87.097 E.0104
G1 X83.599 Y87.132 E.00758
G1 X83.223 Y87.254 E.0118
G1 X82.877 Y87.454 E.0119
G1 X82.58 Y87.721 E.0119
G1 X82.345 Y88.044 E.0119
G1 X82.182 Y88.409 E.0119
G1 X82.099 Y88.8 E.0119
G1 X82.099 Y89.2 E.0119
G1 X82.182 Y89.591 E.0119
G1 X82.345 Y89.956 E.0119
G1 X82.58 Y90.279 E.0119
G1 X82.877 Y90.546 E.0119
G1 X83.218 Y90.743 E.01174
G1 X83.415 Y90.819 E.00629
G1 X83.752 Y90.891 E.01026
G1 X83.689 Y91.288 F18000
G1 X83.758 Y91.299
G1 X83.81 Y91.302
G1 X83.811 Y91.293
M204 P1500
;TYPE:Inner wall
;WIDTH:0.45
G1 F6000
G1 X84.241 Y91.293 E.01383
G1 X84.712 Y91.193 E.0155
G1 X85.153 Y90.997 E.0155
G1 X85.543 Y90.713 E.0155
G1 X85.865 Y90.355 E.0155
G1 X86.098 Y89.952 E.01499
G1 X86.196 Y89.697 E.00877
G1 X86.293 Y89.241 E.01499
G1 X86.293 Y88.759 E.01549
G1 X86.196 Y88.303 E.01499
G1 X86.098 Y88.048 E.00877
G1 X85.865 Y87.645 E.01499
G1 X85.543 Y87.287 E.0155
G1 X85.153 Y87.003 E.0155
G1 X84.712 Y86.807 E.0155
G1 X84.243 Y86.708 E.01543
G1 X83.826 Y86.705 E.01341
G1 X83.511 Y86.748 E.01021
G1 X83.062 Y86.894 E.01519
G1 X82.645 Y87.135 E.0155
G1 X82.287 Y87.457 E.0155
G1 X82.003 Y87.847 E.0155
G1 X81.807 Y88.288 E.0155
G1 X81.707 Y88.759 E.0155
G1 X81.707 Y89.241 E.01549
G1 X81.807 Y89.712 E.0155
G1 X82.003 Y90.153 E.0155
G1 X82.287 Y90.543 E.0155
G1 X82.645 Y90.865 E.0155
G1 X83.048 Y91.098 E.01499
G1 X83.303 Y91.196 E.00877
G1 X83.751 Y91.291 E.01472
G1 X83.794 Y91.7 F18000
G1 F6000
G1 X84.284 Y91.7 E.01575
G1 X84.839 Y91.582 E.01825
G1 X85.357 Y91.351 E.01826
G1 X85.817 Y91.018 E.01825
G1 X86.196 Y90.596 E.01825
G1 X86.467 Y90.127 E.0174
G1 X86.588 Y89.813 E.01084
G1 X86.7 Y89.284 E.01739
G1 X86.7 Y88.716 E.01824
G1 X86.588 Y88.187 E.01739
G1 X86.467 Y87.873 E.01084
G1 X86.196 Y87.404 E.0174
G1 X85.817 Y86.982 E.01825
G1 X85.357 Y86.649 E.01825
G1 X84.839 Y86.418 E.01826
G1 X84.287 Y86.301 E.01813
G1 X83.799 Y86.297 E.01569
G1 X83.42 Y86.35 E.01232
G1 X82.896 Y86.52 E.01773
G1 X82.404 Y86.804 E.01826
G1 X81.982 Y87.183 E.01825
G1 X81.649 Y87.643 E.01825
G1 X81.418 Y88.161 E.01826
G1 X81.3 Y88.716 E.01825
G1 X81.3 Y89.284 E.01824
G1 X81.418 Y89.839 E.01825
G1 X81.649 Y90.357 E.01826
G1 X81.982 Y90.817 E.01825
G1 X82.404 Y91.196 E.01825
G1 X82.873 Y91.467 E.0174
G1 X83.187 Y91.588 E.01084
G1 X83.716 Y91.7 E.01739
G1 X83.734 Y91.7 E.00056
G1 E-1.75
;WIPE_START
G1 X84.284 Y91.7 E-.41246
G1 X84.724 Y91.606 E-.33754
;WIPE_END
G1 X84.621 Y91.223 Z2.24 F18000
G1 X102.068 Y105.123
G1 X115.91 Y115.91
G1 Z2.04
G1 E2.5 F6000
M204 P1000
;TYPE:Outer wall
;WIDTH:0.42
G1 F3600
G1 X115.91 Y104.09 E.35208
G1 X104.09 Y104.09 E.35208
G1 X104.09 Y115.91 E.35208
G1 X115.85 Y115.91 E.35029
G1 E-1.75 F6000
;WIPE_START
G1 F3600
G1 X115.855 Y114.91 E-.75
;WIPE_END
G1 X117.932 Y117.932 Z2.24 F18000
G1 X118.282 Y118.282
G1 Z2.04
G1 E2.5 F6000
M204 P1500
;TYPE:Inner wall
;WIDTH:0.45
G1 X118.282 Y101.718 E.53261
G1 X101.718 Y101.718 E.53261
G1 X101.718 Y118.282 E.53261
G1 X118.222 Y118.282 E.53068
G1 X118.689 Y118.689 F18000
G1 F6000
G1 X118.689 Y101.311 E.55879
G1 X101.311 Y101.311 E.55879
G1 X101.311 Y118.689 E.55879
G1 X118.629 Y118.689 E.55686
G1 X119.037 Y114.051 F18000
M204 P2000
;TYPE:Sparse infill
G1 F6205.95
G1 X119.037 Y116.334 E.07343
G1 X119.326 Y116.436 E.00986
G1 X119.73 Y116.839 E.01835
G1 X120.166 Y118.083 E.04238
G1 X120.57 Y118.486 E.01835
G1 X121.813 Y118.923 E.04238
G1 X122.217 Y119.326 E.01835
G1 X122.653 Y120.57 E.04238
G1 X123.057 Y120.973 E.01835
G1 X124.3 Y121.41 E.04238
G1 X124.704 Y121.813 E.01835
G1 X125.14 Y123.057 E.04238
G1 X125.544 Y123.46 E.01835
G1 X126.787 Y123.897 E.04238
G1 X127.191 Y124.3 E.01835
G1 X127.627 Y125.544 E.04238
G1 X128.031 Y125.947 E.01835
G1 X129.274 Y126.384 E.04238
G1 X129.678 Y126.787 E.01835
G1 X130.114 Y128.031 E.04238
G1 X130.518 Y128.434 E.01835
G1 X131.761 Y128.871 E.04238
G1 X132.067 Y129.176 E.01388
G1 X132.248 Y128.821 E.01281
G1 X132.484 Y128.459 E.01391
G1 X132.727 Y128.157 E.01247
G1 X132.601 Y128.031 E.00572
G1 X132.165 Y126.787 E.04238
G1 X131.761 Y126.384 E.01835
G1 X130.518 Y125.947 E.04238
G1 X130.114 Y125.544 E.01835
G1 X129.678 Y124.3 E.04238
G1 X129.274 Y123.897 E.01835
G1 X128.031 Y123.46 E.04238
G1 X127.627 Y123.057 E.01835
G1 X127.191 Y121.813 E.04238
G1 X126.787 Y121.41 E.01835
G1 X125.544 Y120.973 E.04238
G1 X125.14 Y120.57 E.01835
G1 X124.704 Y119.326 E.04238
G1 X124.3 Y118.923 E.01835
G1 X123.057 Y118.486 E.04238
G1 X122.653 Y118.083 E.01835
G1 X122.217 Y116.839 E.04238
G1 X121.813 Y116.436 E.01835
G1 X120.57 Y115.999 E.04238
G1 X120.166 Y115.596 E.01835
G1 X119.73 Y114.352 E.04238
G1 X119.326 Y113.949 E.01835
G1 X119.037 Y113.847 E.00986
G1 X119.037 Y111.36 E.07997
G1 X119.326 Y111.462 E.00986
G1 X119.73 Y111.865 E.01835
G1 X120.166 Y113.109 E.04238
G1 X120.57 Y113.512 E.01835
G1 X121.813 Y113.949 E.04238
G1 X122.217 Y114.352 E.01835
G1 X122.653 Y115.596 E.04238
G1 X123.057 Y115.999 E.01835
G1 X124.3 Y116.436 E.04238
G1 X124.704 Y116.839 E.01835
G1 X125.14 Y118.083 E.04238
G1 X125.544 Y118.486 E.01835
G1 X126.787 Y118.923 E.04238
G1 X127.191 Y119.326 E.01835
G1 X127.627 Y120.57 E.04238
G1 X128.031 Y120.973 E.01835
G1 X129.274 Y121.41 E.04238
G1 X129.678 Y121.813 E.01835
G1 X130.114 Y123.057 E.04238
G1 X130.518 Y123.46 E.01835
G1 X131.761 Y123.897 E.04238
G1 X132.165 Y124.3 E.01835
G1 X132.601 Y125.544 E.04238
G1 X133.005 Y125.947 E.01835
G1 X134.248 Y126.384 E.04238
G1 X134.652 Y126.787 E.01835
G1 X134.68 Y126.868 E.00275
G1 X135.108 Y126.754 E.01425
G1 X135.536 Y126.687 E.01391
G1 X135.969 Y126.663 E.01395
G1 X136.448 Y126.684 E.01542
G1 X136.892 Y126.754 E.01445
G1 X137.151 Y126.823 E.00864
G1 X137.139 Y126.787 E.00121
G1 X136.735 Y126.384 E.01835
G1 X135.492 Y125.947 E.04238
G1 X135.088 Y125.544 E.01835
G1 X134.652 Y124.3 E.04238
G1 X134.248 Y123.897 E.01835
G1 X133.005 Y123.46 E.04238
G1 X132.601 Y123.057 E.01835
G1 X132.165 Y121.813 E.04238
G1 X131.761 Y121.41 E.01835
G1 X130.518 Y120.973 E.04238
G1 X130.114 Y120.57 E.01835
G1 X129.678 Y119.326 E.04238
G1 X129.274 Y118.923 E.01835
G1 X128.031 Y118.486 E.04238
G1 X127.627 Y118.083 E.01835
G1 X127.191 Y116.839 E.04238
G1 X126.787 Y116.436 E.01835
G1 X125.544 Y115.999 E.04238
G1 X125.14 Y115.596 E.01835
G1 X124.704 Y114.352 E.04238
G1 X124.3 Y113.949 E.01835
G1 X123.057 Y113.512 E.04238
G1 X122.653 Y113.109 E.01835
G1 X122.217 Y111.865 E.04238
G1 X121.813 Y111.462 E.01835
G1 X120.57 Y111.025 E.04238
G1 X120.166 Y110.622 E.01835
G1 X119.73 Y109.378 E.04238
G1 X119.326 Y108.975 E.01835
G1 X119.037 Y108.873 E.00986
G1 X119.037 Y106.386 E.07997
G1 X119.326 Y106.488 E.00986
G1 X119.73 Y106.891 E.01835
G1 X120.166 Y108.135 E.04238
G1 X120.57 Y108.538 E.01835
G1 X121.813 Y108.975 E.04238
G1 X122.217 Y109.378 E.01835
G1 X122.653 Y110.622 E.04238
G1 X123.057 Y111.025 E.01835
G1 X124.3 Y111.462 E.04238
G1 X124.704 Y111.865 E.01835
G1 X125.14 Y113.109 E.04238
G1 X125.544 Y113.512 E.01835
G1 X126.787 Y113.949 E.04238
G1 X127.191 Y114.352 E.01835
G1 X127.627 Y115.596 E.04238
G1 X128.031 Y115.999 E.01835
G1 X129.274 Y116.436 E.04238
G1 X129.678 Y116.839 E.01835
G1 X130.114 Y118.083 E.04238
G1 X130.518 Y118.486 E.01835
G1 X131.761 Y118.923 E.04238
G1 X132.165 Y119.326 E.01835
G1 X132.601 Y120.57 E.04238
G1 X133.005 Y120.973 E.01835
G1 X134.248 Y121.41 E.04238
G1 X134.652 Y121.813 E.01835
G1 X135.088 Y123.057 E.04238
G1 X135.492 Y123.46 E.01835
G1 X136.735 Y123.897 E.04238
G1 X137.139 Y124.3 E.01835
G1 X137.575 Y125.544 E.04238
G1 X137.979 Y125.947 E.01835
G1 X139.222 Y126.384 E.04238
G1 X139.626 Y126.787 E.01835
G1 X140.062 Y128.031 E.04238
G1 X140.466 Y128.434 E.01835
G1 X141.709 Y128.871 E.04238
G1 X142.113 Y129.274 E.01835
G1 X142.549 Y130.518 E.04238
G1 X142.643 Y130.611 E.00424
G1 X142.643 Y132.287 E.0539
G1 X142.643 Y134.774 F18000
G1 F6205.95
G1 X142.643 Y133.098 E.0539
G1 X142.549 Y133.005 E.00424
G1 X142.113 Y131.761 E.04238
G1 X141.709 Y131.358 E.01835
G1 X140.466 Y130.921 E.04238
G1 X140.327 Y130.783 E.0063
G1 X140.313 Y130.536 E.00796
G1 X140.246 Y130.108 E.01391
G1 X140.123 Y129.649 E.01529
G1 X139.959 Y129.226 E.0146
G1 X139.762 Y128.84 E.01391
G1 X139.503 Y128.441 E.01529
G1 X139.217 Y128.089 E.0146
G1 X138.911 Y127.783 E.01392
G1 X138.541 Y127.484 E.01529
G1 X138.16 Y127.238 E.0146
G1 X137.774 Y127.041 E.01391
G1 X137.348 Y126.876 E.01471
G1 X139.508 Y130.695 F18000
;TYPE:Internal solid infill
;WIDTH:0.499216
G1 F5536.577
G1 X139.374 Y130.003 E.0254
G1 X139.17 Y129.485 E.02006
G1 X138.88 Y128.985 E.02085
G1 X138.398 Y128.43 E.02648
G1 X137.814 Y127.984 E.02648
G1 X137.15 Y127.67 E.0265
G1 X136.434 Y127.513 E.02643
G1 X135.791 Y127.488 E.02319
G1 X135.293 Y127.556 E.01812
G1 X134.627 Y127.76 E.02511
G1 X133.981 Y128.114 E.02653
G1 X133.426 Y128.598 E.02653
G1 X132.986 Y129.177 E.02624
G1 X132.673 Y129.853 E.02683
G1 X132.505 Y130.569 E.02652
G1 X132.492 Y131.305 E.02652
G1 X132.632 Y132.028 E.02653
G1 X132.92 Y132.706 E.02654
G1 X133.342 Y133.309 E.02652
G1 X133.88 Y133.811 E.02652
G1 X134.331 Y134.095 E.01923
G1 X134.912 Y134.351 E.02288
G1 X135.57 Y134.495 E.02429
G1 X136.305 Y134.508 E.02649
G1 X136.939 Y134.391 E.02323
G1 X137.429 Y134.214 E.01879
G1 X138.071 Y133.843 E.02674
G1 X138.619 Y133.348 E.02659
G1 X139.009 Y132.82 E.0237
G1 X139.22 Y132.432 E.0159
G1 X139.389 Y131.948 E.01847
G1 X139.497 Y131.422 E.01935
G1 X139.507 Y130.755 E.02406
G1 X137.359 Y129.13 F18000
G1 X137.156 Y128.998
G1 X136.94 Y128.888
G1 X136.714 Y128.801
G1 X136.481 Y128.739
G1 X136.242 Y128.701
G1 X136 Y128.688
G1 X135.758 Y128.701
G1 X135.519 Y128.739
G1 X135.286 Y128.801
G1 X135.06 Y128.888
G1 X134.844 Y128.998
G1 X134.641 Y129.13
G1 X134.453 Y129.282
G1 X134.282 Y129.453
G1 X134.282 Y129.453
G1 X133.678 Y128.936
;WIDTH:0.419999
G1 F6000
G1 X134.173 Y128.486 E.01993
G1 X134.754 Y128.154 E.01995
G1 X135.349 Y127.964 E.01859
G1 X135.965 Y127.906 E.01842
G1 X136.349 Y127.913 E.01144
G1 X136.98 Y128.052 E.01925
G1 X137.571 Y128.319 E.01932
G1 X138.094 Y128.704 E.01934
G1 X138.525 Y129.19 E.01934
G1 X138.827 Y129.717 E.01811
G1 X138.968 Y130.09 E.01187
G1 X139.092 Y130.695 E.01839
G1 X139.088 Y131.344 E.01934
G1 X138.959 Y131.938 E.0181
G1 X138.814 Y132.309 E.01187
G1 X138.502 Y132.842 E.0184
G1 X138.064 Y133.322 E.01934
G1 X137.537 Y133.701 E.01934
G1 X136.941 Y133.961 E.01935
G1 X136.305 Y134.092 E.01935
G1 X135.656 Y134.088 E.01934
G1 X135.062 Y133.959 E.0181
G1 X134.542 Y133.729 E.01693
G1 X134.158 Y133.502 E.0133
G1 X133.678 Y133.064 E.01934
G1 X133.299 Y132.537 E.01934
G1 X133.039 Y131.941 E.01935
G1 X132.908 Y131.305 E.01935
G1 X132.912 Y130.656 E.01934
G1 X133.051 Y130.021 E.01935
G1 X133.319 Y129.429 E.01935
G1 X133.643 Y128.984 E.01639
G1 X133.064 Y128.365 F18000
G1 F6000
G1 X132.616 Y128.981 E.02269
G1 X132.383 Y129.43 E.01507
G1 X132.199 Y129.97 E.01701
G1 X132.076 Y130.592 E.01886
G1 X132.077 Y131.418 E.02461
G1 X132.25 Y132.224 E.02456
G1 X132.586 Y132.977 E.02457
G1 X133.072 Y133.644 E.02456
G1 X133.687 Y134.196 E.02465
G1 X134.162 Y134.484 E.01654
G1 X134.785 Y134.753 E.02021
G1 X135.593 Y134.924 E.02459
G1 X136.419 Y134.923 E.02461
G1 X137.078 Y134.788 E.02003
G1 X137.608 Y134.603 E.01672
G1 X138.323 Y134.188 E.02463
G1 X138.936 Y133.635 E.02459
G1 X139.384 Y133.019 E.0227
G1 X139.617 Y132.571 E.01504
G1 X139.801 Y132.03 E.01702
G1 X139.924 Y131.408 E.01886
G1 X139.923 Y130.626 E.0233
G1 X139.781 Y129.917 E.02155
G1 X139.584 Y129.403 E.01638
G1 X139.388 Y128.987 E.01372
G1 X138.928 Y128.356 E.02323
G1 X138.313 Y127.804 E.02465
G1 X137.839 Y127.516 E.01651
G1 X137.263 Y127.267 E.01867
G1 X136.781 Y127.137 E.01488
G1 X135.972 Y127.056 E.02421
G1 X135.436 Y127.102 E.01604
G1 X134.775 Y127.25 E.02018
G1 X134.221 Y127.486 E.01793
G1 X133.678 Y127.811 E.01885
G1 X133.109 Y128.324 E.02284
G1 X135.19 Y135.258 F18000
;TYPE:Sparse infill
;WIDTH:0.45
G1 F6205.95
G1 X135.557 Y135.316 E.01195
G1 X135.989 Y135.338 E.01391
G1 X136.443 Y135.316 E.0146
G1 X136.913 Y135.241 E.0153
G1 X137.434 Y135.09 E.01747
G1 X137.575 Y135.492 E.01368
G1 X137.979 Y135.895 E.01835
G1 X139.222 Y136.332 E.04238
G1 X139.626 Y136.735 E.01835
G1 X140.062 Y137.979 E.04238
G1 X140.466 Y138.382 E.01835
G1 X141.709 Y138.819 E.04238
G1 X142.113 Y139.222 E.01835
G1 X142.549 Y140.466 E.04238
G1 X142.643 Y140.559 E.00424
G1 X142.632 Y141.162 E.0194
G1 X142.559 Y141.507 E.01132
G1 X142.42 Y141.82 E.01102
G1 X142.239 Y142.068 E.00988
G1 X142.113 Y141.709 E.01224
G1 X141.709 Y141.306 E.01835
G1 X140.466 Y140.869 E.04238
G1 X140.062 Y140.466 E.01835
G1 X139.626 Y139.222 E.04238
G1 X139.222 Y138.819 E.01835
G1 X137.979 Y138.382 E.04238
G1 X137.575 Y137.979 E.01835
G1 X137.139 Y136.735 E.04238
G1 X136.735 Y136.332 E.01835
G1 X135.492 Y135.895 E.04238
G1 X135.088 Y135.492 E.01835
G1 X134.991 Y135.215 E.00942
G1 X134.649 Y135.123 E.0114
G1 X134.245 Y134.967 E.01391
G1 X133.821 Y134.752 E.0153
G1 X133.441 Y134.503 E.0146
G1 X133.105 Y134.231 E.01391
G1 X132.783 Y133.911 E.01461
G1 X132.497 Y133.559 E.0146
G1 X132.248 Y133.179 E.0146
G1 X132.033 Y132.755 E.0153
G1 X131.871 Y132.33 E.01461
G1 X131.759 Y131.913 E.01391
G1 X131.678 Y131.329 E.01895
G1 X130.518 Y130.921 E.03955
G1 X130.114 Y130.518 E.01835
G1 X129.678 Y129.274 E.04238
G1 X129.274 Y128.871 E.01835
G1 X128.031 Y128.434 E.04238
G1 X127.627 Y128.031 E.01835
G1 X127.191 Y126.787 E.04238
G1 X126.787 Y126.384 E.01835
G1 X125.544 Y125.947 E.04238
G1 X125.14 Y125.544 E.01835
G1 X124.704 Y124.3 E.04238
G1 X124.3 Y123.897 E.01835
G1 X123.057 Y123.46 E.04238
G1 X122.653 Y123.057 E.01835
G1 X122.217 Y121.813 E.04238
G1 X121.813 Y121.41 E.01835
G1 X120.57 Y120.973 E.04238
G1 X120.166 Y120.57 E.01835
G1 X119.73 Y119.326 E.04238
G1 X119.326 Y118.923 E.01835
G1 X119.037 Y118.821 E.00986
G1 X119.037 Y119.037 E.00693
G1 X116.953 Y119.037 E.067
G1 X117.243 Y119.326 E.01316
G1 X117.679 Y120.57 E.04238
G1 X118.083 Y120.973 E.01835
G1 X119.326 Y121.41 E.04238
G1 X119.73 Y121.813 E.01835
G1 X120.166 Y123.057 E.04238
G1 X120.57 Y123.46 E.01835
G1 X121.813 Y123.897 E.04238
G1 X122.217 Y124.3 E.01835
G1 X122.653 Y125.544 E.04238
G1 X123.057 Y125.947 E.01835
G1 X124.3 Y126.384 E.04238
G1 X124.704 Y126.787 E.01835
G1 X125.14 Y128.031 E.04238
G1 X125.544 Y128.434 E.01835
G1 X126.787 Y128.871 E.04238
G1 X127.191 Y129.274 E.01835
G1 X127.627 Y130.518 E.04238
G1 X128.031 Y130.921 E.01835
G1 X129.274 Y131.358 E.04238
G1 X129.678 Y131.761 E.01835
G1 X130.114 Y133.005 E.04238
G1 X130.518 Y133.408 E.01835
G1 X131.761 Y133.845 E.04238
G1 X132.165 Y134.248 E.01835
G1 X132.601 Y135.492 E.04238
G1 X133.005 Y135.895 E.01835
G1 X134.248 Y136.332 E.04238
G1 X134.652 Y136.735 E.01835
G1 X135.088 Y137.979 E.04238
G1 X135.492 Y138.382 E.01835
G1 X136.735 Y138.819 E.04238
G1 X137.139 Y139.222 E.01835
G1 X137.575 Y140.466 E.04238
G1 X137.979 Y140.869 E.01835
G1 X139.222 Y141.306 E.04238
G1 X139.626 Y141.709 E.01835
G1 X139.953 Y142.643 E.0318
G1 X137.466 Y142.643 E.07997
G1 X137.139 Y141.709 E.0318
G1 X136.735 Y141.306 E.01835
G1 X135.492 Y140.869 E.04238
G1 X135.088 Y140.466 E.01835
G1 X134.652 Y139.222 E.04238
G1 X134.248 Y138.819 E.01835
G1 X133.005 Y138.382 E.04238
G1 X132.601 Y137.979 E.01835
G1 X132.165 Y136.735 E.04238
G1 X131.761 Y136.332 E.01835
G1 X130.518 Y135.895 E.04238
G1 X130.114 Y135.492 E.01835
G1 X129.678 Y134.248 E.04238
G1 X129.274 Y133.845 E.01835
G1 X128.031 Y133.408 E.04238
G1 X127.627 Y133.005 E.01835
G1 X127.191 Y131.761 E.04238
G1 X126.787 Y131.358 E.01835
G1 X125.544 Y130.921 E.04238
G1 X125.14 Y130.518 E.01835
G1 X124.704 Y129.274 E.04238
G1 X124.3 Y128.871 E.01835
G1 X123.057 Y128.434 E.04238
G1 X122.653 Y128.031 E.01835
G1 X122.217 Y126.787 E.04238
G1 X121.813 Y126.384 E.01835
G1 X120.57 Y125.947 E.04238
G1 X120.166 Y125.544 E.01835
G1 X119.73 Y124.3 E.04238
G1 X119.326 Y123.897 E.01835
G1 X118.083 Y123.46 E.04238
G1 X117.679 Y123.057 E.01835
G1 X117.243 Y121.813 E.04238
G1 X116.839 Y121.41 E.01835
G1 X115.596 Y120.973 E.04238
G1 X115.192 Y120.57 E.01835
G1 X114.756 Y119.326 E.04238
G1 X114.466 Y119.037 E.01316
G1 X111.979 Y119.037 E.07997
G1 X112.269 Y119.326 E.01316
G1 X112.705 Y120.57 E.04238
G1 X113.109 Y120.973 E.01835
G1 X114.352 Y121.41 E.04238
G1 X114.756 Y121.813 E.01835
G1 X115.192 Y123.057 E.04238
G1 X115.596 Y123.46 E.01835
G1 X116.839 Y123.897 E.04238
G1 X117.243 Y124.3 E.01835
G1 X117.679 Y125.544 E.04238
G1 X118.083 Y125.947 E.01835
G1 X119.326 Y126.384 E.04238
G1 X119.73 Y126.787 E.01835
G1 X120.166 Y128.031 E.04238
G1 X120.57 Y128.434 E.01835
G1 X121.813 Y128.871 E.04238
G1 X122.217 Y129.274 E.01835
G1 X122.653 Y130.518 E.04238
G1 X123.057 Y130.921 E.01835
G1 X124.3 Y131.358 E.04238
G1 X124.704 Y131.761 E.01835
G1 X125.14 Y133.005 E.04238
G1 X125.544 Y133.408 E.01835
G1 X126.787 Y133.845 E.04238
G1 X127.191 Y134.248 E.01835
G1 X127.627 Y135.492 E.04238
G1 X128.031 Y135.895 E.01835
G1 X129.274 Y136.332 E.04238
G1 X129.678 Y136.735 E.01835
G1 X130.114 Y137.979 E.04238
G1 X130.518 Y138.382 E.01835
G1 X131.761 Y138.819 E.04238
G1 X132.165 Y139.222 E.01835
G1 X132.601 Y140.466 E.04238
G1 X133.005 Y140.869 E.01835
G1 X134.248 Y141.306 E.04238
G1 X134.652 Y141.709 E.01835
G1 X134.979 Y142.643 E.0318
G1 X132.492 Y142.643 E.07997
G1 X132.165 Y141.709 E.0318
G1 X131.761 Y141.306 E.01835
G1 X130.518 Y140.869 E.04238
G1 X130.114 Y140.466 E.01835
G1 X129.678 Y139.222 E.04238
G1 X129.274 Y138.819 E.01835
G1 X128.031 Y138.382 E.04238
G1 X127.627 Y137.979 E.01835
G1 X127.191 Y136.735 E.04238
G1 X126.787 Y136.332 E.01835
G1 X125.544 Y135.895 E.04238
G1 X125.14 Y135.492 E.01835
G1 X124.704 Y134.248 E.04238
G1 X124.3 Y133.845 E.01835
G1 X123.057 Y133.408 E.04238
G1 X122.653 Y133.005 E.01835
G1 X122.217 Y131.761 E.04238
G1 X121.813 Y131.358 E.01835
G1 X120.57 Y130.921 E.04238
G1 X120.166 Y130.518 E.01835
G1 X119.73 Y129.274 E.04238
G1 X119.326 Y128.871 E.01835
G1 X118.083 Y128.434 E.04238
G1 X117.679 Y128.031 E.01835
G1 X117.243 Y126.787 E.04238
G1 X116.839 Y126.384 E.01835
G1 X115.596 Y125.947 E.04238
G1 X115.192 Y125.544 E.01835
G1 X114.756 Y124.3 E.04238
G1 X114.352 Y123.897 E.01835
G1 X113.109 Y123.46 E.04238
G1 X112.705 Y123.057 E.01835
G1 X112.269 Y121.813 E.04238
G1 X111.865 Y121.41 E.01835
G1 X110.622 Y120.973 E.04238
G1 X110.218 Y120.57 E.01835
G1 X109.782 Y119.326 E.04238
G1 X109.492 Y119.037 E.01316
G1 X107.005 Y119.037 E.07997
G1 X107.295 Y119.326 E.01316
G1 X107.731 Y120.57 E.04238
G1 X108.135 Y120.973 E.01835
G1 X109.378 Y121.41 E.04238
G1 X109.782 Y121.813 E.01835
G1 X110.218 Y123.057 E.04238
G1 X110.622 Y123.46 E.01835
G1 X111.865 Y123.897 E.04238
G1 X112.269 Y124.3 E.01835
G1 X112.705 Y125.544 E.04238
G1 X113.109 Y125.947 E.01835
G1 X114.352 Y126.384 E.04238
G1 X114.756 Y126.787 E.01835
G1 X115.192 Y128.031 E.04238
G1 X115.596 Y128.434 E.01835
G1 X116.839 Y128.871 E.04238
G1 X117.243 Y129.274 E.01835
G1 X117.679 Y130.518 E.04238
G1 X118.083 Y130.921 E.01835
G1 X119.326 Y131.358 E.04238
G1 X119.73 Y131.761 E.01835
G1 X120.166 Y133.005 E.04238
G1 X120.57 Y133.408 E.01835
G1 X121.813 Y133.845 E.04238
G1 X122.217 Y134.248 E.01835
G1 X122.653 Y135.492 E.04238
G1 X123.057 Y135.895 E.01835
G1 X124.3 Y136.332 E.04238
G1 X124.704 Y136.735 E.01835
G1 X125.14 Y137.979 E.04238
G1 X125.544 Y138.382 E.01835
G1 X126.787 Y138.819 E.04238
G1 X127.191 Y139.222 E.01835
G1 X127.627 Y140.466 E.04238
G1 X128.031 Y140.869 E.01835
G1 X129.274 Y141.306 E.04238
G1 X129.678 Y141.709 E.01835
G1 X130.005 Y142.643 E.0318
G1 X127.518 Y142.643 E.07997
G1 X127.191 Y141.709 E.0318
G1 X126.787 Y141.306 E.01835
G1 X125.544 Y140.869 E.04238
G1 X125.14 Y140.466 E.01835
G1 X124.704 Y139.222 E.04238
G1 X124.3 Y138.819 E.01835
G1 X123.057 Y138.382 E.04238
G1 X122.653 Y137.979 E.01835
G1 X122.217 Y136.735 E.04238
G1 X121.813 Y136.332 E.01835
G1 X120.57 Y135.895 E.04238
G1 X120.166 Y135.492 E.01835
G1 X119.73 Y134.248 E.04238
G1 X119.326 Y133.845 E.01835
G1 X118.083 Y133.408 E.04238
G1 X117.679 Y133.005 E.01835
G1 X117.243 Y131.761 E.04238
G1 X116.839 Y131.358 E.01835
G1 X115.596 Y130.921 E.04238
G1 X115.192 Y130.518 E.01835
G1 X114.756 Y129.274 E.04238
G1 X114.352 Y128.871 E.01835
G1 X113.109 Y128.434 E.04238
G1 X112.705 Y128.031 E.01835
G1 X112.269 Y126.787 E.04238
G1 X111.865 Y126.384 E.01835
G1 X110.622 Y125.947 E.04238
G1 X110.218 Y125.544 E.01835
G1 X109.782 Y124.3 E.04238
G1 X109.378 Y123.897 E.01835
G1 X108.135 Y123.46 E.04238
G1 X107.731 Y123.057 E.01835
G1 X107.295 Y121.813 E.04238
G1 X106.891 Y121.41 E.01835
G1 X105.648 Y120.973 E.04238
G1 X105.244 Y120.57 E.01835
G1 X104.808 Y119.326 E.04238
G1 X104.518 Y119.037 E.01316
G1 X106.802 Y119.037 E.07343
G1 X102.068 Y117.932 F18000
G1 X100.963 Y108.436
G1 F6205.95
G1 X100.963 Y106.153 E.07343
G1 X100.674 Y106.051 E.00986
G1 X100.27 Y105.648 E.01835
G1 X99.834 Y104.404 E.04238
G1 X99.43 Y104.001 E.01835
G1 X98.187 Y103.564 E.04238
G1 X97.783 Y103.161 E.01835
G1 X97.347 Y101.917 E.04238
G1 X96.943 Y101.514 E.01835
G1 X95.7 Y101.077 E.04238
G1 X95.296 Y100.674 E.01835
G1 X94.86 Y99.43 E.04238
G1 X94.456 Y99.027 E.01835
G1 X93.213 Y98.59 E.04238
G1 X92.809 Y98.187 E.01835
G1 X92.373 Y96.943 E.04238
G1 X91.969 Y96.54 E.01835
G1 X90.726 Y96.103 E.04238
G1 X90.322 Y95.7 E.01835
G1 X89.886 Y94.456 E.04238
G1 X89.482 Y94.053 E.01835
G1 X88.239 Y93.616 E.04238
G1 X87.835 Y93.213 E.01835
G1 X87.399 Y91.969 E.04238
G1 X87.273 Y91.843 E.00572
G1 X87.516 Y91.541 E.01247
G1 X87.752 Y91.179 E.01391
G1 X87.933 Y90.824 E.01281
G1 X88.239 Y91.129 E.01388
G1 X89.482 Y91.566 E.04238
G1 X89.886 Y91.969 E.01835
G1 X90.322 Y93.213 E.04238
G1 X90.726 Y93.616 E.01835
G1 X91.969 Y94.053 E.04238
G1 X92.373 Y94.456 E.01835
G1 X92.809 Y95.7 E.04238
G1 X93.213 Y96.103 E.01835
G1 X94.456 Y96.54 E.04238
G1 X94.86 Y96.943 E.01835
G1 X95.296 Y98.187 E.04238
G1 X95.7 Y98.59 E.01835
G1 X96.943 Y99.027 E.04238
G1 X97.347 Y99.43 E.01835
G1 X97.783 Y100.674 E.04238
G1 X98.187 Y101.077 E.01835
G1 X99.43 Y101.514 E.04238
G1 X99.834 Y101.917 E.01835
G1 X100.27 Y103.161 E.04238
G1 X100.674 Y103.564 E.01835
G1 X100.963 Y103.666 E.00986
G1 X100.963 Y105.949 E.07343
G1 E-1.75 F6000
;WIPE_START
G1 F6205.95
G1 X100.963 Y104.949 E-.75
;WIPE_END
G1 X104.262 Y103.031 Z2.24 F18000
G1 X107.817 Y100.963 Z2.24
G1 Z2.04
G1 E2.5 F6000
G1 F6205.95
G1 X105.534 Y100.963 E.07343
G1 X105.244 Y100.674 E.01316
G1 X104.808 Y99.43 E.04238
G1 X104.404 Y99.027 E.01835
G1 X103.161 Y98.59 E.04238
G1 X102.757 Y98.187 E.01835
G1 X102.321 Y96.943 E.04238
G1 X101.917 Y96.54 E.01835
G1 X100.674 Y96.103 E.04238
G1 X100.27 Y95.7 E.01835
G1 X99.834 Y94.456 E.04238
G1 X99.43 Y94.053 E.01835
G1 X98.187 Y93.616 E.04238
G1 X97.783 Y93.213 E.01835
G1 X97.347 Y91.969 E.04238
G1 X96.943 Y91.566 E.01835
G1 X95.7 Y91.129 E.04238
G1 X95.296 Y90.726 E.01835
G1 X94.86 Y89.482 E.04238
G1 X94.456 Y89.079 E.01835
G1 X93.213 Y88.642 E.04238
G1 X92.809 Y88.239 E.01835
G1 X92.373 Y86.995 E.04238
G1 X91.969 Y86.592 E.01835
G1 X90.726 Y86.155 E.04238
G1 X90.322 Y85.752 E.01835
G1 X89.886 Y84.508 E.04238
G1 X89.482 Y84.105 E.01835
G1 X88.239 Y83.668 E.04238
G1 X87.835 Y83.265 E.01835
G1 X87.399 Y82.021 E.04238
G1 X86.995 Y81.618 E.01835
G1 X85.752 Y81.181 E.04238
G1 X85.348 Y80.778 E.01835
G1 X84.912 Y79.534 E.04238
G1 X84.508 Y79.131 E.01835
G1 X83.265 Y78.694 E.04238
G1 X82.861 Y78.291 E.01835
G1 X82.534 Y77.357 E.0318
G1 X80.047 Y77.357 E.07997
G1 X80.374 Y78.291 E.0318
G1 X80.778 Y78.694 E.01835
G1 X82.021 Y79.131 E.04238
G1 X82.425 Y79.534 E.01835
G1 X82.861 Y80.778 E.04238
G1 X83.265 Y81.181 E.01835
G1 X84.508 Y81.618 E.04238
G1 X84.912 Y82.021 E.01835
G1 X85.348 Y83.265 E.04238
G1 X85.752 Y83.668 E.01835
G1 X86.995 Y84.105 E.04238
G1 X87.399 Y84.508 E.01835
G1 X87.835 Y85.752 E.04238
G1 X88.239 Y86.155 E.01835
G1 X89.482 Y86.592 E.04238
G1 X89.886 Y86.995 E.01835
G1 X90.322 Y88.239 E.04238
G1 X90.726 Y88.642 E.01835
G1 X91.969 Y89.079 E.04238
G1 X92.373 Y89.482 E.01835
G1 X92.809 Y90.726 E.04238
G1 X93.213 Y91.129 E.01835
G1 X94.456 Y91.566 E.04238
G1 X94.86 Y91.969 E.01835
G1 X95.296 Y93.213 E.04238
G1 X95.7 Y93.616 E.01835
G1 X96.943 Y94.053 E.04238
G1 X97.347 Y94.456 E.01835
G1 X97.783 Y95.7 E.04238
G1 X98.187 Y96.103 E.01835
G1 X99.43 Y96.54 E.04238
G1 X99.834 Y96.943 E.01835
G1 X100.27 Y98.187 E.04238
G1 X100.674 Y98.59 E.01835
G1 X101.917 Y99.027 E.04238
G1 X102.321 Y99.43 E.01835
G1 X102.757 Y100.674 E.04238
G1 X103.047 Y100.963 E.01316
G1 X100.963 Y100.963 E.067
G1 X100.963 Y101.179 E.00693
G1 X100.674 Y101.077 E.00986
G1 X100.27 Y100.674 E.01835
G1 X99.834 Y99.43 E.04238
G1 X99.43 Y99.027 E.01835
G1 X98.187 Y98.59 E.04238
G1 X97.783 Y98.187 E.01835
G1 X97.347 Y96.943 E.04238
G1 X96.943 Y96.54 E.01835
G1 X95.7 Y96.103 E.04238
G1 X95.296 Y95.7 E.01835
G1 X94.86 Y94.456 E.04238
G1 X94.456 Y94.053 E.01835
G1 X93.213 Y93.616 E.04238
G1 X92.809 Y93.213 E.01835
G1 X92.373 Y91.969 E.04238
G1 X91.969 Y91.566 E.01835
G1 X90.726 Y91.129 E.04238
G1 X90.322 Y90.726 E.01835
G1 X89.886 Y89.482 E.04238
G1 X89.482 Y89.079 E.01835
G1 X88.322 Y88.671 E.03955
G1 X88.241 Y88.087 E.01895
G1 X88.129 Y87.67 E.01391
G1 X87.967 Y87.245 E.0146
G1 X87.752 Y86.821 E.0153
G1 X87.503 Y86.441 E.0146
G1 X87.217 Y86.089 E.0146
G1 X86.895 Y85.769 E.01461
G1 X86.559 Y85.497 E.01391
G1 X86.179 Y85.248 E.0146
G1 X85.755 Y85.033 E.0153
G1 X85.351 Y84.877 E.01391
G1 X85.009 Y84.785 E.0114
G1 X84.912 Y84.508 E.00942
G1 X84.508 Y84.105 E.01835
G1 X83.265 Y83.668 E.04238
G1 X82.861 Y83.265 E.01835
G1 X82.425 Y82.021 E.04238
G1 X82.021 Y81.618 E.01835
G1 X80.778 Y81.181 E.04238
G1 X80.374 Y80.778 E.01835
G1 X79.938 Y79.534 E.04238
G1 X79.534 Y79.131 E.01835
G1 X78.291 Y78.694 E.04238
G1 X77.887 Y78.291 E.01835
G1 X77.761 Y77.932 E.01224
G1 X77.58 Y78.18 E.00988
G1 X77.441 Y78.493 E.01102
G1 X77.368 Y78.838 E.01132
G1 X77.357 Y79.441 E.0194
G1 X77.451 Y79.534 E.00423
G1 X77.887 Y80.778 E.04238
G1 X78.291 Y81.181 E.01835
G1 X79.534 Y81.618 E.04238
G1 X79.938 Y82.021 E.01835
G1 X80.374 Y83.265 E.04238
G1 X80.778 Y83.668 E.01835
G1 X82.021 Y84.105 E.04238
G1 X82.425 Y84.508 E.01835
G1 X82.566 Y84.91 E.01368
G1 X83.087 Y84.759 E.01747
G1 X83.557 Y84.684 E.0153
G1 X83.969 Y84.663 E.01325
G1 X84.421 Y84.682 E.01455
G1 X84.81 Y84.742 E.01266
G1 X87.508 Y88.695 F18000
;TYPE:Internal solid infill
;WIDTH:0.499218
G1 F5536.558
G1 X87.374 Y88.003 E.0254
G1 X87.17 Y87.485 E.02006
G1 X86.88 Y86.985 E.02085
G1 X86.398 Y86.43 E.02648
G1 X85.814 Y85.984 E.02648
G1 X85.15 Y85.67 E.0265
G1 X84.434 Y85.513 E.02643
G1 X83.791 Y85.488 E.02319
G1 X83.293 Y85.556 E.01812
G1 X82.627 Y85.76 E.02511
G1 X81.981 Y86.114 E.02653
G1 X81.426 Y86.598 E.02653
G1 X80.986 Y87.177 E.02624
G1 X80.673 Y87.853 E.02683
G1 X80.505 Y88.569 E.02652
G1 X80.492 Y89.305 E.02652
G1 X80.632 Y90.028 E.02653
G1 X80.92 Y90.706 E.02654
G1 X81.342 Y91.309 E.02652
G1 X81.88 Y91.811 E.02652
G1 X82.331 Y92.095 E.01923
G1 X82.912 Y92.351 E.02288
G1 X83.57 Y92.495 E.02429
G1 X84.305 Y92.508 E.02649
G1 X84.939 Y92.391 E.02323
G1 X85.429 Y92.214 E.01879
G1 X86.071 Y91.843 E.02674
G1 X86.619 Y91.348 E.02659
G1 X87.009 Y90.82 E.0237
G1 X87.22 Y90.432 E.0159
G1 X87.389 Y89.948 E.01847
G1 X87.497 Y89.422 E.01935
G1 X87.507 Y88.755 E.02406
G1 X86.502 Y90.842 F18000
;WIDTH:0.419999
G1 F6000
G1 X86.064 Y91.322 E.01934
G1 X85.537 Y91.701 E.01934
G1 X84.941 Y91.961 E.01935
G1 X84.305 Y92.092 E.01935
G1 X83.656 Y92.088 E.01934
G1 X83.062 Y91.959 E.0181
G1 X82.542 Y91.729 E.01693
G1 X82.158 Y91.502 E.0133
G1 X81.678 Y91.064 E.01934
G1 X81.299 Y90.537 E.01934
G1 X81.039 Y89.941 E.01935
G1 X80.908 Y89.305 E.01935
G1 X80.912 Y88.656 E.01934
G1 X81.051 Y88.021 E.01935
G1 X81.319 Y87.429 E.01935
G1 X81.678 Y86.936 E.01818
G1 X82.173 Y86.486 E.01993
G1 X82.754 Y86.154 E.01995
G1 X83.349 Y85.964 E.01859
G1 X83.965 Y85.906 E.01842
G1 X84.349 Y85.913 E.01144
G1 X84.98 Y86.052 E.01925
G1 X85.571 Y86.319 E.01932
G1 X86.094 Y86.704 E.01934
G1 X86.525 Y87.19 E.01934
G1 X86.827 Y87.717 E.01811
G1 X86.968 Y88.09 E.01187
G1 X87.092 Y88.695 E.01839
G1 X87.088 Y89.344 E.01934
G1 X86.959 Y89.938 E.0181
G1 X86.814 Y90.309 E.01187
G1 X86.532 Y90.791 E.01661
G1 X86.936 Y91.635 F18000
G1 F6000
G1 X87.384 Y91.019 E.0227
G1 X87.617 Y90.571 E.01504
G1 X87.801 Y90.03 E.01702
G1 X87.924 Y89.408 E.01886
G1 X87.923 Y88.626 E.0233
G1 X87.781 Y87.917 E.02155
G1 X87.584 Y87.403 E.01638
G1 X87.388 Y86.987 E.01372
G1 X86.928 Y86.356 E.02323
G1 X86.313 Y85.804 E.02465
G1 X85.839 Y85.516 E.01651
G1 X85.263 Y85.267 E.01867
G1 X84.781 Y85.137 E.01488
G1 X83.972 Y85.056 E.02421
G1 X83.436 Y85.102 E.01604
G1 X82.775 Y85.25 E.02018
G1 X82.221 Y85.486 E.01793
G1 X81.678 Y85.811 E.01885
G1 X81.064 Y86.365 E.02463
G1 X80.616 Y86.981 E.02269
G1 X80.383 Y87.43 E.01507
G1 X80.199 Y87.97 E.01701
G1 X80.076 Y88.592 E.01886
G1 X80.077 Y89.418 E.02461
G1 X80.25 Y90.224 E.02456
G1 X80.586 Y90.977 E.02457
G1 X81.072 Y91.644 E.02456
G1 X81.687 Y92.196 E.02465
G1 X82.162 Y92.484 E.01654
G1 X82.785 Y92.753 E.02021
G1 X83.593 Y92.924 E.02459
G1 X84.419 Y92.923 E.02461
G1 X85.078 Y92.788 E.02003
G1 X85.608 Y92.603 E.01672
G1 X86.323 Y92.188 E.02463
G1 X86.891 Y91.676 E.0228
G1 X83.045 Y93.23 F18000
;TYPE:Sparse infill
;WIDTH:0.45
G1 F6205.95
G1 X83.536 Y93.313 E.016
G1 X84.011 Y93.338 E.0153
G1 X84.464 Y93.313 E.0146
G1 X84.892 Y93.246 E.01391
G1 X85.32 Y93.132 E.01425
G1 X85.348 Y93.213 E.00275
G1 X85.752 Y93.616 E.01835
G1 X86.995 Y94.053 E.04238
G1 X87.399 Y94.456 E.01835
G1 X87.835 Y95.7 E.04238
G1 X88.239 Y96.103 E.01835
G1 X89.482 Y96.54 E.04238
G1 X89.886 Y96.943 E.01835
G1 X90.322 Y98.187 E.04238
G1 X90.726 Y98.59 E.01835
G1 X91.969 Y99.027 E.04238
G1 X92.373 Y99.43 E.01835
G1 X92.809 Y100.674 E.04238
G1 X93.213 Y101.077 E.01835
G1 X94.456 Y101.514 E.04238
G1 X94.86 Y101.917 E.01835
G1 X95.296 Y103.161 E.04238
G1 X95.7 Y103.564 E.01835
G1 X96.943 Y104.001 E.04238
G1 X97.347 Y104.404 E.01835
G1 X97.783 Y105.648 E.04238
G1 X98.187 Y106.051 E.01835
G1 X99.43 Y106.488 E.04238
G1 X99.834 Y106.891 E.01835
G1 X100.27 Y108.135 E.04238
G1 X100.674 Y108.538 E.01835
G1 X100.963 Y108.64 E.00986
G1 X100.963 Y111.127 E.07997
G1 X100.674 Y111.025 E.00986
G1 X100.27 Y110.622 E.01835
G1 X99.834 Y109.378 E.04238
G1 X99.43 Y108.975 E.01835
G1 X98.187 Y108.538 E.04238
G1 X97.783 Y108.135 E.01835
G1 X97.347 Y106.891 E.04238
G1 X96.943 Y106.488 E.01835
G1 X95.7 Y106.051 E.04238
G1 X95.296 Y105.648 E.01835
G1 X94.86 Y104.404 E.04238
G1 X94.456 Y104.001 E.01835
G1 X93.213 Y103.564 E.04238
G1 X92.809 Y103.161 E.01835
G1 X92.373 Y101.917 E.04238
G1 X91.969 Y101.514 E.01835
G1 X90.726 Y101.077 E.04238
G1 X90.322 Y100.674 E.01835
G1 X89.886 Y99.43 E.04238
G1 X89.482 Y99.027 E.01835
G1 X88.239 Y98.59 E.04238
G1 X87.835 Y98.187 E.01835
G1 X87.399 Y96.943 E.04238
G1 X86.995 Y96.54 E.01835
G1 X85.752 Y96.103 E.04238
G1 X85.348 Y95.7 E.01835
G1 X84.912 Y94.456 E.04238
G1 X84.508 Y94.053 E.01835
G1 X83.265 Y93.616 E.04238
G1 X82.861 Y93.213 E.01835
G1 X82.849 Y93.177 E.00121
G1 X82.649 Y93.123 E.00665
G1 X82.245 Y92.967 E.01391
G1 X81.821 Y92.752 E.0153
G1 X81.441 Y92.503 E.0146
G1 X81.105 Y92.231 E.01391
G1 X80.783 Y91.911 E.01461
G1 X80.497 Y91.559 E.0146
G1 X80.248 Y91.179 E.0146
G1 X80.033 Y90.755 E.0153
G1 X79.871 Y90.33 E.01461
G1 X79.759 Y89.913 E.01391
G1 X79.687 Y89.464 E.0146
G1 X79.673 Y89.217 E.00796
G1 X79.534 Y89.079 E.0063
G1 X78.291 Y88.642 E.04238
G1 X77.887 Y88.239 E.01835
G1 X77.451 Y86.995 E.04238
G1 X77.357 Y86.902 E.00423
G1 X77.357 Y85.226 E.0539
G1 X77.357 Y82.739 F18000
G1 F6205.95
G1 X77.357 Y84.415 E.0539
G1 X77.451 Y84.508 E.00423
G1 X77.887 Y85.752 E.04238
G1 X78.291 Y86.155 E.01835
G1 X79.534 Y86.592 E.04238
G1 X79.938 Y86.995 E.01835
G1 X80.029 Y87.255 E.00886
G1 X80.248 Y86.821 E.01563
G1 X80.484 Y86.459 E.01391
G1 X80.75 Y86.128 E.01366
G1 X80.374 Y85.752 E.01711
G1 X79.938 Y84.508 E.04238
G1 X79.534 Y84.105 E.01835
G1 X78.291 Y83.668 E.04238
G1 X77.887 Y83.265 E.01835
G1 X77.451 Y82.021 E.04238
G1 X77.357 Y81.928 E.00423
G1 X77.357 Y80.252 E.0539
G1 X82.737 Y77.357 F18000
G1 F6205.95
G1 X85.021 Y77.357 E.07343
G1 X85.348 Y78.291 E.0318
G1 X85.752 Y78.694 E.01835
G1 X86.995 Y79.131 E.04238
G1 X87.399 Y79.534 E.01835
G1 X87.835 Y80.778 E.04238
G1 X88.239 Y81.181 E.01835
G1 X89.482 Y81.618 E.04238
G1 X89.886 Y82.021 E.01835
G1 X90.322 Y83.265 E.04238
G1 X90.726 Y83.668 E.01835
G1 X91.969 Y84.105 E.04238
G1 X92.373 Y84.508 E.01835
G1 X92.809 Y85.752 E.04238
G1 X93.213 Y86.155 E.01835
G1 X94.456 Y86.592 E.04238
G1 X94.86 Y86.995 E.01835
G1 X95.296 Y88.239 E.04238
G1 X95.7 Y88.642 E.01835
G1 X96.943 Y89.079 E.04238
G1 X97.347 Y89.482 E.01835
G1 X97.783 Y90.726 E.04238
G1 X98.187 Y91.129 E.01835
G1 X99.43 Y91.566 E.04238
G1 X99.834 Y91.969 E.01835
G1 X100.27 Y93.213 E.04238
G1 X100.674 Y93.616 E.01835
G1 X101.917 Y94.053 E.04238
G1 X102.321 Y94.456 E.01835
G1 X102.757 Y95.7 E.04238
G1 X103.161 Y96.103 E.01835
G1 X104.404 Y96.54 E.04238
G1 X104.808 Y96.943 E.01835
G1 X105.244 Y98.187 E.04238
G1 X105.648 Y98.59 E.01835
G1 X106.891 Y99.027 E.04238
G1 X107.295 Y99.43 E.01835
G1 X107.731 Y100.674 E.04238
G1 X108.021 Y100.963 E.01316
G1 X110.508 Y100.963 E.07997
G1 X110.218 Y100.674 E.01316
G1 X109.782 Y99.43 E.04238
G1 X109.378 Y99.027 E.01835
G1 X108.135 Y98.59 E.04238
G1 X107.731 Y98.187 E.01835
G1 X107.295 Y96.943 E.04238
G1 X106.891 Y96.54 E.01835
G1 X105.648 Y96.103 E.04238
G1 X105.244 Y95.7 E.01835
G1 X104.808 Y94.456 E.04238
G1 X104.404 Y94.053 E.01835
G1 X103.161 Y93.616 E.04238
G1 X102.757 Y93.213 E.01835
G1 X102.321 Y91.969 E.04238
G1 X101.917 Y91.566 E.01835
G1 X100.674 Y91.129 E.04238
G1 X100.27 Y90.726 E.01835
G1 X99.834 Y89.482 E.04238
G1 X99.43 Y89.079 E.01835
G1 X98.187 Y88.642 E.04238
G1 X97.783 Y88.239 E.01835
G1 X97.347 Y86.995 E.04238
G1 X96.943 Y86.592 E.01835
G1 X95.7 Y86.155 E.04238
G1 X95.296 Y85.752 E.01835
G1 X94.86 Y84.508 E.04238
G1 X94.456 Y84.105 E.01835
G1 X93.213 Y83.668 E.04238
G1 X92.809 Y83.265 E.01835
G1 X92.373 Y82.021 E.04238
G1 X91.969 Y81.618 E.01835
G1 X90.726 Y81.181 E.04238
G1 X90.322 Y80.778 E.01835
G1 X89.886 Y79.534 E.04238
G1 X89.482 Y79.131 E.01835
G1 X88.239 Y78.694 E.04238
G1 X87.835 Y78.291 E.01835
G1 X87.508 Y77.357 E.0318
G1 X89.995 Y77.357 E.07997
G1 X90.322 Y78.291 E.0318
G1 X90.726 Y78.694 E.01835
G1 X91.969 Y79.131 E.04238
G1 X92.373 Y79.534 E.01835
G1 X92.809 Y80.778 E.04238
G1 X93.213 Y81.181 E.01835
G1 X94.456 Y81.618 E.04238
G1 X94.86 Y82.021 E.01835
G1 X95.296 Y83.265 E.04238
G1 X95.7 Y83.668 E.01835
G1 X96.943 Y84.105 E.04238
G1 X97.347 Y84.508 E.01835
G1 X97.783 Y85.752 E.04238
G1 X98.187 Y86.155 E.01835
G1 X99.43 Y86.592 E.04238
G1 X99.834 Y86.995 E.01835
G1 X100.27 Y88.239 E.04238
G1 X100.674 Y88.642 E.01835
G1 X101.917 Y89.079 E.04238
G1 X102.321 Y89.482 E.01835
G1 X102.757 Y90.726 E.04238
G1 X103.161 Y91.129 E.01835
G1 X104.404 Y91.566 E.04238
G1 X104.808 Y91.969 E.01835
G1 X105.244 Y93.213 E.04238
G1 X105.648 Y93.616 E.01835
G1 X106.891 Y94.053 E.04238
G1 X107.295 Y94.456 E.01835
G1 X107.731 Y95.7 E.04238
G1 X108.135 Y96.103 E.01835
G1 X109.378 Y96.54 E.04238
G1 X109.782 Y96.943 E.01835
G1 X110.218 Y98.187 E.04238
G1 X110.622 Y98.59 E.01835
G1 X111.865 Y99.027 E.04238
G1 X112.269 Y99.43 E.01835
G1 X112.705 Y100.674 E.04238
G1 X112.995 Y100.963 E.01316
G1 X115.482 Y100.963 E.07997
G1 X115.192 Y100.674 E.01316
G1 X114.756 Y99.43 E.04238
G1 X114.352 Y99.027 E.01835
G1 X113.109 Y98.59 E.04238
G1 X112.705 Y98.187 E.01835
G1 X112.269 Y96.943 E.04238
G1 X111.865 Y96.54 E.01835
G1 X110.622 Y96.103 E.04238
G1 X110.218 Y95.7 E.01835
G1 X109.782 Y94.456 E.04238
G1 X109.378 Y94.053 E.01835
G1 X108.135 Y93.616 E.04238
G1 X107.731 Y93.213 E.01835
G1 X107.295 Y91.969 E.04238
G1 X106.891 Y91.566 E.01835
G1 X105.648 Y91.129 E.04238
G1 X105.244 Y90.726 E.01835
G1 X104.808 Y89.482 E.04238
G1 X104.404 Y89.079 E.01835
G1 X103.161 Y88.642 E.04238
G1 X102.757 Y88.239 E.01835
G1 X102.321 Y86.995 E.04238
G1 X101.917 Y86.592 E.01835
G1 X100.674 Y86.155 E.04238
G1 X100.27 Y85.752 E.01835
G1 X99.834 Y84.508 E.04238
G1 X99.43 Y84.105 E.01835
G1 X98.187 Y83.668 E.04238
G1 X97.783 Y83.265 E.01835
G1 X97.347 Y82.021 E.04238
G1 X96.943 Y81.618 E.01835
G1 X95.7 Y81.181 E.04238
G1 X95.296 Y80.778 E.01835
G1 X94.86 Y79.534 E.04238
G1 X94.456 Y79.131 E.01835
G1 X93.213 Y78.694 E.04238
G1 X92.809 Y78.291 E.01835
G1 X92.482 Y77.357 E.0318
G1 X94.969 Y77.357 E.07997
G1 X95.296 Y78.291 E.0318
G1 X95.7 Y78.694 E.01835
G1 X96.943 Y79.131 E.04238
G1 X97.347 Y79.534 E.01835
G1 X97.783 Y80.778 E.04238
G1 X98.187 Y81.181 E.01835
G1 X99.43 Y81.618 E.04238
G1 X99.834 Y82.021 E.01835
G1 X100.27 Y83.265 E.04238
G1 X100.674 Y83.668 E.01835
G1 X101.917 Y84.105 E.04238
G1 X102.321 Y84.508 E.01835
G1 X102.757 Y85.752 E.04238
G1 X103.161 Y86.155 E.01835
G1 X104.404 Y86.592 E.04238
G1 X104.808 Y86.995 E.01835
G1 X105.244 Y88.239 E.04238
G1 X105.648 Y88.642 E.01835
G1 X106.891 Y89.079 E.04238
G1 X107.295 Y89.482 E.01835
G1 X107.731 Y90.726 E.04238
G1 X108.135 Y91.129 E.01835
G1 X109.378 Y91.566 E.04238
G1 X109.782 Y91.969 E.01835
G1 X110.218 Y93.213 E.04238
G1 X110.622 Y93.616 E.01835
G1 X111.865 Y94.053 E.04238
G1 X112.269 Y94.456 E.01835
G1 X112.705 Y95.7 E.04238
G1 X113.109 Y96.103 E.01835
G1 X114.352 Y96.54 E.04238
G1 X114.756 Y96.943 E.01835
G1 X115.192 Y98.187 E.04238
G1 X115.596 Y98.59 E.01835
G1 X116.839 Y99.027 E.04238
G1 X117.243 Y99.43 E.01835
G1 X117.679 Y100.674 E.04238
G1 X117.969 Y100.963 E.01316
G1 X119.037 Y100.963 E.03435
G1 X119.037 Y101.412 E.01444
G1 X119.326 Y101.514 E.00986
G1 X119.73 Y101.917 E.01835
G1 X120.166 Y103.161 E.04238
G1 X120.57 Y103.564 E.01835
G1 X121.813 Y104.001 E.04238
G1 X122.217 Y104.404 E.01835
G1 X122.653 Y105.648 E.04238
G1 X123.057 Y106.051 E.01835
G1 X124.3 Y106.488 E.04238
G1 X124.704 Y106.891 E.01835
G1 X125.14 Y108.135 E.04238
G1 X125.544 Y108.538 E.01835
G1 X126.787 Y108.975 E.04238
G1 X127.191 Y109.378 E.01835
G1 X127.627 Y110.622 E.04238
G1 X128.031 Y111.025 E.01835
G1 X129.274 Y111.462 E.04238
G1 X129.678 Y111.865 E.01835
G1 X130.114 Y113.109 E.04238
G1 X130.518 Y113.512 E.01835
G1 X131.761 Y113.949 E.04238
G1 X132.165 Y114.352 E.01835
G1 X132.601 Y115.596 E.04238
G1 X133.005 Y115.999 E.01835
G1 X134.248 Y116.436 E.04238
G1 X134.652 Y116.839 E.01835
G1 X135.088 Y118.083 E.04238
G1 X135.492 Y118.486 E.01835
G1 X136.735 Y118.923 E.04238
G1 X137.139 Y119.326 E.01835
G1 X137.575 Y120.57 E.04238
G1 X137.979 Y120.973 E.01835
G1 X139.222 Y121.41 E.04238
G1 X139.626 Y121.813 E.01835
G1 X140.062 Y123.057 E.04238
G1 X140.466 Y123.46 E.01835
G1 X141.709 Y123.897 E.04238
G1 X142.113 Y124.3 E.01835
G1 X142.549 Y125.544 E.04238
G1 X142.643 Y125.637 E.00424
G1 X142.643 Y127.313 E.0539
G1 X142.643 Y124.826 F18000
G1 F6205.95
G1 X142.643 Y123.15 E.0539
G1 X142.549 Y123.057 E.00424
G1 X142.113 Y121.813 E.04238
G1 X141.709 Y121.41 E.01835
G1 X140.466 Y120.973 E.04238
G1 X140.062 Y120.57 E.01835
G1 X139.626 Y119.326 E.04238
G1 X139.222 Y118.923 E.01835
G1 X137.979 Y118.486 E.04238
G1 X137.575 Y118.083 E.01835
G1 X137.139 Y116.839 E.04238
G1 X136.735 Y116.436 E.01835
G1 X135.492 Y115.999 E.04238
G1 X135.088 Y115.596 E.01835
G1 X134.652 Y114.352 E.04238
G1 X134.248 Y113.949 E.01835
G1 X133.005 Y113.512 E.04238
G1 X132.601 Y113.109 E.01835
G1 X132.165 Y111.865 E.04238
G1 X131.761 Y111.462 E.01835
G1 X130.518 Y111.025 E.04238
G1 X130.114 Y110.622 E.01835
G1 X129.678 Y109.378 E.04238
G1 X129.274 Y108.975 E.01835
G1 X128.031 Y108.538 E.04238
G1 X127.627 Y108.135 E.01835
G1 X127.191 Y106.891 E.04238
G1 X126.787 Y106.488 E.01835
G1 X125.544 Y106.051 E.04238
G1 X125.14 Y105.648 E.01835
G1 X124.704 Y104.404 E.04238
G1 X124.3 Y104.001 E.01835
G1 X123.057 Y103.564 E.04238
G1 X122.653 Y103.161 E.01835
G1 X122.217 Y101.917 E.04238
G1 X121.813 Y101.514 E.01835
G1 X120.57 Y101.077 E.04238
G1 X120.166 Y100.674 E.01835
G1 X119.73 Y99.43 E.04238
G1 X119.326 Y99.027 E.01835
G1 X118.083 Y98.59 E.04238
G1 X117.679 Y98.187 E.01835
G1 X117.243 Y96.943 E.04238
G1 X116.839 Y96.54 E.01835
G1 X115.596 Y96.103 E.04238
G1 X115.192 Y95.7 E.01835
G1 X114.756 Y94.456 E.04238
G1 X114.352 Y94.053 E.01835
G1 X113.109 Y93.616 E.04238
G1 X112.705 Y93.213 E.01835
G1 X112.269 Y91.969 E.04238
G1 X111.865 Y91.566 E.01835
G1 X110.622 Y91.129 E.04238
G1 X110.218 Y90.726 E.01835
G1 X109.782 Y89.482 E.04238
G1 X109.378 Y89.079 E.01835
G1 X108.135 Y88.642 E.04238
G1 X107.731 Y88.239 E.01835
G1 X107.295 Y86.995 E.04238
G1 X106.891 Y86.592 E.01835
G1 X105.648 Y86.155 E.04238
G1 X105.244 Y85.752 E.01835
G1 X104.808 Y84.508 E.04238
G1 X104.404 Y84.105 E.01835
G1 X103.161 Y83.668 E.04238
G1 X102.757 Y83.265 E.01835
G1 X102.321 Y82.021 E.04238
G1 X101.917 Y81.618 E.01835
G1 X100.674 Y81.181 E.04238
G1 X100.27 Y80.778 E.01835
G1 X99.834 Y79.534 E.04238
G1 X99.43 Y79.131 E.01835
G1 X98.187 Y78.694 E.04238
G1 X97.783 Y78.291 E.01835
G1 X97.456 Y77.357 E.0318
G1 X99.943 Y77.357 E.07997
G1 X100.27 Y78.291 E.0318
G1 X100.674 Y78.694 E.01835
G1 X101.917 Y79.131 E.04238
G1 X102.321 Y79.534 E.01835
G1 X102.757 Y80.778 E.04238
G1 X103.161 Y81.181 E.01835
G1 X104.404 Y81.618 E.04238
G1 X104.808 Y82.021 E.01835
G1 X105.244 Y83.265 E.04238
G1 X105.648 Y83.668 E.01835
G1 X106.891 Y84.105 E.04238
G1 X107.295 Y84.508 E.01835
G1 X107.731 Y85.752 E.04238
G1 X108.135 Y86.155 E.01835
G1 X109.378 Y86.592 E.04238
G1 X109.782 Y86.995 E.01835
G1 X110.218 Y88.239 E.04238
G1 X110.622 Y88.642 E.01835
G1 X111.865 Y89.079 E.04238
G1 X112.269 Y89.482 E.01835
G1 X112.705 Y90.726 E.04238
G1 X113.109 Y91.129 E.01835
G1 X114.352 Y91.566 E.04238
G1 X114.756 Y91.969 E.01835
G1 X115.192 Y93.213 E.04238
G1 X115.596 Y93.616 E.01835
G1 X116.839 Y94.053 E.04238
G1 X117.243 Y94.456 E.01835
G1 X117.679 Y95.7 E.04238
G1 X118.083 Y96.103 E.01835
G1 X119.326 Y96.54 E.04238
G1 X119.73 Y96.943 E.01835
G1 X120.166 Y98.187 E.04238
G1 X120.57 Y98.59 E.01835
G1 X121.813 Y99.027 E.04238
G1 X122.217 Y99.43 E.01835
G1 X122.653 Y100.674 E.04238
G1 X123.057 Y101.077 E.01835
G1 X124.3 Y101.514 E.04238
G1 X124.704 Y101.917 E.01835
G1 X125.14 Y103.161 E.04238
G1 X125.544 Y103.564 E.01835
G1 X126.787 Y104.001 E.04238
G1 X127.191 Y104.404 E.01835
G1 X127.627 Y105.648 E.04238
G1 X128.031 Y106.051 E.01835
G1 X129.274 Y106.488 E.04238
G1 X129.678 Y106.891 E.01835
G1 X130.114 Y108.135 E.04238
G1 X130.518 Y108.538 E.01835
G1 X131.761 Y108.975 E.04238
G1 X132.165 Y109.378 E.01835
G1 X132.601 Y110.622 E.04238
G1 X133.005 Y111.025 E.01835
G1 X134.248 Y111.462 E.04238
G1 X134.652 Y111.865 E.01835
G1 X135.088 Y113.109 E.04238
G1 X135.492 Y113.512 E.01835
G1 X136.735 Y113.949 E.04238
G1 X137.139 Y114.352 E.01835
G1 X137.575 Y115.596 E.04238
G1 X137.979 Y115.999 E.01835
G1 X139.222 Y116.436 E.04238
G1 X139.626 Y116.839 E.01835
G1 X140.062 Y118.083 E.04238
G1 X140.466 Y118.486 E.01835
G1 X141.709 Y118.923 E.04238
G1 X142.113 Y119.326 E.01835
G1 X142.549 Y120.57 E.04238
G1 X142.643 Y120.663 E.00424
G1 X142.643 Y122.339 E.0539
G1 X142.643 Y119.852 F18000
G1 F6205.95
G1 X142.643 Y118.176 E.0539
G1 X142.549 Y118.083 E.00424
G1 X142.113 Y116.839 E.04238
G1 X141.709 Y116.436 E.01835
G1 X140.466 Y115.999 E.04238
G1 X140.062 Y115.596 E.01835
G1 X139.626 Y114.352 E.04238
G1 X139.222 Y113.949 E.01835
G1 X137.979 Y113.512 E.04238
G1 X137.575 Y113.109 E.01835
G1 X137.139 Y111.865 E.04238
G1 X136.735 Y111.462 E.01835
G1 X135.492 Y111.025 E.04238
G1 X135.088 Y110.622 E.01835
G1 X134.652 Y109.378 E.04238
G1 X134.248 Y108.975 E.01835
G1 X133.005 Y108.538 E.04238
G1 X132.601 Y108.135 E.01835
G1 X132.165 Y106.891 E.04238
G1 X131.761 Y106.488 E.01835
G1 X130.518 Y106.051 E.04238
G1 X130.114 Y105.648 E.01835
G1 X129.678 Y104.404 E.04238
G1 X129.274 Y104.001 E.01835
G1 X128.031 Y103.564 E.04238
G1 X127.627 Y103.161 E.01835
G1 X127.191 Y101.917 E.04238
G1 X126.787 Y101.514 E.01835
G1 X125.544 Y101.077 E.04238
G1 X125.14 Y100.674 E.01835
G1 X124.704 Y99.43 E.04238
G1 X124.3 Y99.027 E.01835
G1 X123.057 Y98.59 E.04238
G1 X122.653 Y98.187 E.01835
G1 X122.217 Y96.943 E.04238
G1 X121.813 Y96.54 E.01835
G1 X120.57 Y96.103 E.04238
G1 X120.166 Y95.7 E.01835
G1 X119.73 Y94.456 E.04238
G1 X119.326 Y94.053 E.01835
G1 X118.083 Y93.616 E.04238
G1 X117.679 Y93.213 E.01835
G1 X117.243 Y91.969 E.04238
G1 X116.839 Y91.566 E.01835
G1 X115.596 Y91.129 E.04238
G1 X115.192 Y90.726 E.01835
G1 X114.756 Y89.482 E.04238
G1 X114.352 Y89.079 E.01835
G1 X113.109 Y88.642 E.04238
G1 X112.705 Y88.239 E.01835
G1 X112.269 Y86.995 E.04238
G1 X111.865 Y86.592 E.01835
G1 X110.622 Y86.155 E.04238
G1 X110.218 Y85.752 E.01835
G1 X109.782 Y84.508 E.04238
G1 X109.378 Y84.105 E.01835
G1 X108.135 Y83.668 E.04238
G1 X107.731 Y83.265 E.01835
G1 X107.295 Y82.021 E.04238
G1 X106.891 Y81.618 E.01835
G1 X105.648 Y81.181 E.04238
G1 X105.244 Y80.778 E.01835
G1 X104.808 Y79.534 E.04238
G1 X104.404 Y79.131 E.01835
G1 X103.161 Y78.694 E.04238
G1 X102.757 Y78.291 E.01835
G1 X102.43 Y77.357 E.0318
G1 X104.713 Y77.357 E.07343
G1 X117.986 Y101.843 F18000
M204 P1000
;TYPE:Top surface
;WIDTH:0.423199
G1 F1800
G1 X117.986 Y117.987 E.48497
G1 X117.606 Y117.987 E.01142
G1 X117.606 Y102.013 E.47988
G1 X117.225 Y102.013 E.01142
G1 X117.225 Y117.987 E.47988
G1 X116.845 Y117.987 E.01142
G1 X116.845 Y102.013 E.47988
G1 X116.465 Y102.013 E.01142
G1 X116.465 Y117.987 E.47988
G1 X116.084 Y117.987 E.01142
G1 X116.084 Y102.013 E.47988
G1 X115.704 Y102.013 E.01142
G1 X115.704 Y103.811 E.05402
G1 X115.324 Y103.811 E.01142
G1 X115.324 Y102.013 E.05402
G1 X114.944 Y102.013 E.01142
G1 X114.944 Y103.811 E.05402
G1 X114.563 Y103.811 E.01142
G1 X114.563 Y102.013 E.05402
G1 X114.183 Y102.013 E.01142
G1 X114.183 Y103.811 E.05402
G1 X113.803 Y103.811 E.01142
G1 X113.803 Y102.013 E.05402
G1 X113.422 Y102.013 E.01142
G1 X113.422 Y103.811 E.05402
G1 X113.042 Y103.811 E.01142
G1 X113.042 Y102.013 E.05402
G1 X112.662 Y102.013 E.01142
G1 X112.662 Y103.811 E.05402
G1 X112.282 Y103.811 E.01142
G1 X112.282 Y102.013 E.05402
G1 X111.901 Y102.013 E.01142
G1 X111.901 Y103.811 E.05402
G1 X111.521 Y103.811 E.01142
G1 X111.521 Y102.013 E.05402
G1 X111.141 Y102.013 E.01142
G1 X111.141 Y103.811 E.05402
G1 X110.761 Y103.811 E.01142
G1 X110.761 Y102.013 E.05402
G1 X110.38 Y102.013 E.01142
G1 X110.38 Y103.811 E.05402
G1 X110 Y103.811 E.01142
G1 X110 Y102.013 E.05402
G1 X109.62 Y102.013 E.01142
G1 X109.62 Y103.811 E.05402
G1 X109.239 Y103.811 E.01142
G1 X109.239 Y102.013 E.05402
G1 X108.859 Y102.013 E.01142
G1 X108.859 Y103.811 E.05402
G1 X108.479 Y103.811 E.01142
G1 X108.479 Y102.013 E.05402
G1 X108.099 Y102.013 E.01142
G1 X108.099 Y103.811 E.05402
G1 X107.718 Y103.811 E.01142
G1 X107.718 Y102.013 E.05402
G1 X107.338 Y102.013 E.01142
G1 X107.338 Y103.811 E.05402
G1 X106.958 Y103.811 E.01142
G1 X106.958 Y102.013 E.05402
G1 X106.577 Y102.013 E.01142
G1 X106.577 Y103.811 E.05402
G1 X106.197 Y103.811 E.01142
G1 X106.197 Y102.013 E.05402
G1 X105.817 Y102.013 E.01142
G1 X105.817 Y103.811 E.05402
G1 X105.437 Y103.811 E.01142
G1 X105.437 Y102.013 E.05402
G1 X105.056 Y102.013 E.01142
G1 X105.056 Y103.811 E.05402
G1 X104.676 Y103.811 E.01142
G1 X104.676 Y102.013 E.05402
G1 X104.296 Y102.013 E.01142
G1 X104.296 Y103.981 E.05912
G1 E-1.75 F6000
;WIPE_START
G1 F1800
G1 X104.296 Y102.981 E-.75
;WIPE_END
G1 X106.809 Y105.853 Z2.24 F18000
G1 X115.704 Y116.019 Z2.24
G1 Z2.04
G1 E2.5 F6000
G1 F1800
G1 X115.704 Y117.987 E.05912
G1 X115.324 Y117.987 E.01142
G1 X115.324 Y116.189 E.05402
G1 X114.944 Y116.189 E.01142
G1 X114.944 Y117.987 E.05402
G1 X114.563 Y117.987 E.01142
G1 X114.563 Y116.189 E.05402
G1 X114.183 Y116.189 E.01142
G1 X114.183 Y117.987 E.05402
G1 X113.803 Y117.987 E.01142
G1 X113.803 Y116.189 E.05402
G1 X113.422 Y116.189 E.01142
G1 X113.422 Y117.987 E.05402
G1 X113.042 Y117.987 E.01142
G1 X113.042 Y116.189 E.05402
G1 X112.662 Y116.189 E.01142
G1 X112.662 Y117.987 E.05402
G1 X112.282 Y117.987 E.01142
G1 X112.282 Y116.189 E.05402
G1 X111.901 Y116.189 E.01142
G1 X111.901 Y117.987 E.05402
G1 X111.521 Y117.987 E.01142
G1 X111.521 Y116.189 E.05402
G1 X111.141 Y116.189 E.01142
G1 X111.141 Y117.987 E.05402
G1 X110.761 Y117.987 E.01142
G1 X110.761 Y116.189 E.05402
G1 X110.38 Y116.189 E.01142
G1 X110.38 Y117.987 E.05402
G1 X110 Y117.987 E.01142
G1 X110 Y116.189 E.05402
G1 X109.62 Y116.189 E.01142
G1 X109.62 Y117.987 E.05402
G1 X109.239 Y117.987 E.01142
G1 X109.239 Y116.189 E.05402
G1 X108.859 Y116.189 E.01142
G1 X108.859 Y117.987 E.05402
G1 X108.479 Y117.987 E.01142
G1 X108.479 Y116.189 E.05402
G1 X108.099 Y116.189 E.01142
G1 X108.099 Y117.987 E.05402
G1 X107.718 Y117.987 E.01142
G1 X107.718 Y116.189 E.05402
G1 X107.338 Y116.189 E.01142
G1 X107.338 Y117.987 E.05402
G1 X106.958 Y117.987 E.01142
G1 X106.958 Y116.189 E.05402
G1 X106.577 Y116.189 E.01142
G1 X106.577 Y117.987 E.05402
G1 X106.197 Y117.987 E.01142
G1 X106.197 Y116.189 E.05402
G1 X105.817 Y116.189 E.01142
G1 X105.817 Y117.987 E.05402
G1 X105.437 Y117.987 E.01142
G1 X105.437 Y116.189 E.05402
G1 X105.056 Y116.189 E.01142
G1 X105.056 Y117.987 E.05402
G1 X104.676 Y117.987 E.01142
G1 X104.676 Y116.189 E.05402
G1 X104.296 Y116.189 E.01142
G1 X104.296 Y117.987 E.05402
G1 X103.916 Y117.987 E.01142
G1 X103.916 Y102.013 E.47988
G1 X103.535 Y102.013 E.01142
G1 X103.535 Y117.987 E.47988
G1 X103.155 Y117.987 E.01142
G1 X103.155 Y102.013 E.47988
G1 X102.775 Y102.013 E.01142
G1 X102.775 Y117.987 E.47988
G1 X102.394 Y117.987 E.01142
G1 X102.394 Y102.013 E.47988
G1 X102.014 Y102.013 E.01142
G1 X102.014 Y118.157 E.48497
G1 X85.073 Y126.802 F18000
M204 P2000
;TYPE:Sparse infill
;WIDTH:0.45
G1 F6205.95
G1 X85.351 Y126.877 E.00924
G1 X85.755 Y127.033 E.01391
G1 X86.179 Y127.248 E.0153
G1 X86.559 Y127.497 E.0146
G1 X86.895 Y127.769 E.01391
G1 X87.217 Y128.089 E.01461
G1 X87.503 Y128.441 E.0146
G1 X87.752 Y128.821 E.0146
G1 X87.967 Y129.245 E.0153
G1 X88.123 Y129.649 E.01391
G1 X88.241 Y130.087 E.0146
G1 X88.313 Y130.536 E.0146
G1 X88.336 Y130.956 E.01352
G1 X89.482 Y131.358 E.03905
G1 X89.886 Y131.761 E.01835
G1 X90.322 Y133.005 E.04238
G1 X90.726 Y133.408 E.01835
G1 X91.969 Y133.845 E.04238
G1 X92.373 Y134.248 E.01835
G1 X92.809 Y135.492 E.04238
G1 X93.213 Y135.895 E.01835
G1 X94.456 Y136.332 E.04238
G1 X94.86 Y136.735 E.01835
G1 X95.296 Y137.979 E.04238
G1 X95.7 Y138.382 E.01835
G1 X96.943 Y138.819 E.04238
G1 X97.347 Y139.222 E.01835
G1 X97.783 Y140.466 E.04238
G1 X98.187 Y140.869 E.01835
G1 X99.43 Y141.306 E.04238
G1 X99.834 Y141.709 E.01835
G1 X100.161 Y142.643 E.0318
G1 X97.674 Y142.643 E.07997
G1 X97.347 Y141.709 E.0318
G1 X96.943 Y141.306 E.01835
G1 X95.7 Y140.869 E.04238
G1 X95.296 Y140.466 E.01835
G1 X94.86 Y139.222 E.04238
G1 X94.456 Y138.819 E.01835
G1 X93.213 Y138.382 E.04238
G1 X92.809 Y137.979 E.01835
G1 X92.373 Y136.735 E.04238
G1 X91.969 Y136.332 E.01835
G1 X90.726 Y135.895 E.04238
G1 X90.322 Y135.492 E.01835
G1 X89.886 Y134.248 E.04238
G1 X89.482 Y133.845 E.01835
G1 X88.239 Y133.408 E.04238
G1 X87.839 Y133.009 E.01816
G1 X87.752 Y133.179 E.00614
G1 X87.516 Y133.541 E.01391
G1 X87.139 Y133.989 E.01881
G1 X87.399 Y134.248 E.01181
G1 X87.835 Y135.492 E.04238
G1 X88.239 Y135.895 E.01835
G1 X89.482 Y136.332 E.04238
G1 X89.886 Y136.735 E.01835
G1 X90.322 Y137.979 E.04238
G1 X90.726 Y138.382 E.01835
G1 X91.969 Y138.819 E.04238
G1 X92.373 Y139.222 E.01835
G1 X92.809 Y140.466 E.04238
G1 X93.213 Y140.869 E.01835
G1 X94.456 Y141.306 E.04238
G1 X94.86 Y141.709 E.01835
G1 X95.187 Y142.643 E.0318
G1 X92.7 Y142.643 E.07997
G1 X92.373 Y141.709 E.0318
G1 X91.969 Y141.306 E.01835
G1 X90.726 Y140.869 E.04238
G1 X90.322 Y140.466 E.01835
G1 X89.886 Y139.222 E.04238
G1 X89.482 Y138.819 E.01835
G1 X88.239 Y138.382 E.04238
G1 X87.835 Y137.979 E.01835
G1 X87.399 Y136.735 E.04238
G1 X86.995 Y136.332 E.01835
G1 X85.752 Y135.895 E.04238
G1 X85.348 Y135.492 E.01835
G1 X85.23 Y135.156 E.01145
G1 X84.892 Y135.246 E.01127
G1 X84.464 Y135.313 E.01391
G1 X83.989 Y135.338 E.01529
G1 X83.536 Y135.313 E.0146
G1 X83.108 Y135.246 E.01391
G1 X82.74 Y135.148 E.01224
G1 X82.861 Y135.492 E.01171
G1 X83.265 Y135.895 E.01835
G1 X84.508 Y136.332 E.04238
G1 X84.912 Y136.735 E.01835
G1 X85.348 Y137.979 E.04238
G1 X85.752 Y138.382 E.01835
G1 X86.995 Y138.819 E.04238
G1 X87.399 Y139.222 E.01835
G1 X87.835 Y140.466 E.04238
G1 X88.239 Y140.869 E.01835
G1 X89.482 Y141.306 E.04238
G1 X89.886 Y141.709 E.01835
G1 X90.213 Y142.643 E.0318
G1 X87.726 Y142.643 E.07997
G1 X87.399 Y141.709 E.0318
G1 X86.995 Y141.306 E.01835
G1 X85.752 Y140.869 E.04238
G1 X85.348 Y140.466 E.01835
G1 X84.912 Y139.222 E.04238
G1 X84.508 Y138.819 E.01835
G1 X83.265 Y138.382 E.04238
G1 X82.861 Y137.979 E.01835
G1 X82.425 Y136.735 E.04238
G1 X82.021 Y136.332 E.01835
G1 X80.778 Y135.895 E.04238
G1 X80.374 Y135.492 E.01835
G1 X79.938 Y134.248 E.04238
G1 X79.534 Y133.845 E.01835
G1 X78.291 Y133.408 E.04238
G1 X77.887 Y133.005 E.01835
G1 X77.451 Y131.761 E.04238
G1 X77.357 Y131.668 E.00423
G1 X77.357 Y129.992 E.0539
G1 X77.357 Y127.505 F18000
G1 F6205.95
G1 X77.357 Y129.181 E.0539
G1 X77.451 Y129.274 E.00423
G1 X77.887 Y130.518 E.04238
G1 X78.291 Y130.921 E.01835
G1 X79.534 Y131.358 E.04238
G1 X79.695 Y131.519 E.00733
G1 X79.759 Y131.913 E.01281
G1 X79.871 Y132.33 E.01391
G1 X80.033 Y132.755 E.01461
G1 X80.238 Y133.16 E.0146
G1 X80.497 Y133.559 E.01529
G1 X80.783 Y133.911 E.0146
G1 X81.089 Y134.217 E.01392
G1 X81.441 Y134.503 E.0146
G1 X81.84 Y134.762 E.01529
G1 X82.226 Y134.959 E.01391
G1 X82.548 Y135.084 E.01111
G1 X77.357 Y134.966 F18000
G1 F6205.95
G1 X77.357 Y136.642 E.0539
G1 X77.451 Y136.735 E.00423
G1 X77.887 Y137.979 E.04238
G1 X78.291 Y138.382 E.01835
G1 X79.534 Y138.819 E.04238
G1 X79.938 Y139.222 E.01835
G1 X80.374 Y140.466 E.04238
G1 X80.778 Y140.869 E.01835
G1 X82.021 Y141.306 E.04238
G1 X82.425 Y141.709 E.01835
G1 X82.752 Y142.643 E.0318
G1 X80.265 Y142.643 E.07997
G1 X79.938 Y141.709 E.0318
G1 X79.534 Y141.306 E.01835
G1 X78.291 Y140.869 E.04238
G1 X77.887 Y140.466 E.01835
G1 X77.451 Y139.222 E.04238
G1 X77.357 Y139.129 E.00423
G1 X77.357 Y137.453 E.0539
G1 X77.357 Y132.479 F18000
G1 F6205.95
G1 X77.357 Y134.155 E.0539
G1 X77.451 Y134.248 E.00423
G1 X77.887 Y135.492 E.04238
G1 X78.291 Y135.895 E.01835
G1 X79.534 Y136.332 E.04238
G1 X79.938 Y136.735 E.01835
G1 X80.374 Y137.979 E.04238
G1 X80.778 Y138.382 E.01835
G1 X82.021 Y138.819 E.04238
G1 X82.425 Y139.222 E.01835
G1 X82.861 Y140.466 E.04238
G1 X83.265 Y140.869 E.01835
G1 X84.508 Y141.306 E.04238
G1 X84.912 Y141.709 E.01835
G1 X85.239 Y142.643 E.0318
G1 X82.956 Y142.643 E.07343
G1 X87.508 Y130.695 F18000
;TYPE:Internal solid infill
;WIDTH:0.499217
G1 F5536.564
G1 X87.374 Y130.003 E.0254
G1 X87.17 Y129.485 E.02006
G1 X86.88 Y128.985 E.02085
G1 X86.398 Y128.43 E.02648
G1 X85.814 Y127.984 E.02648
G1 X85.15 Y127.67 E.0265
G1 X84.434 Y127.513 E.02643
G1 X83.791 Y127.488 E.02319
G1 X83.293 Y127.556 E.01812
G1 X82.627 Y127.76 E.02511
G1 X81.981 Y128.114 E.02653
G1 X81.426 Y128.598 E.02653
G1 X80.986 Y129.177 E.02624
G1 X80.673 Y129.853 E.02683
G1 X80.505 Y130.569 E.02652
G1 X80.492 Y131.305 E.02652
G1 X80.632 Y132.028 E.02653
G1 X80.92 Y132.706 E.02654
G1 X81.342 Y133.309 E.02652
G1 X81.88 Y133.811 E.02652
G1 X82.331 Y134.095 E.01923
G1 X82.912 Y134.351 E.02288
G1 X83.57 Y134.495 E.02429
G1 X84.305 Y134.508 E.02649
G1 X84.939 Y134.391 E.02323
G1 X85.429 Y134.214 E.01879
G1 X86.071 Y133.843 E.02674
G1 X86.619 Y133.348 E.02659
G1 X87.009 Y132.82 E.0237
G1 X87.22 Y132.432 E.0159
G1 X87.389 Y131.948 E.01847
G1 X87.497 Y131.422 E.01935
G1 X87.507 Y130.755 E.02406
G1 X86.525 Y129.19 F18000
;WIDTH:0.419999
G1 F6000
G1 X86.827 Y129.717 E.01811
G1 X86.968 Y130.09 E.01187
G1 X87.092 Y130.695 E.01839
G1 X87.088 Y131.344 E.01934
G1 X86.959 Y131.938 E.0181
G1 X86.814 Y132.309 E.01187
G1 X86.502 Y132.842 E.0184
G1 X86.064 Y133.322 E.01934
G1 X85.537 Y133.701 E.01934
G1 X84.941 Y133.961 E.01935
G1 X84.305 Y134.092 E.01935
G1 X83.656 Y134.088 E.01934
G1 X83.062 Y133.959 E.0181
G1 X82.542 Y133.729 E.01693
G1 X82.158 Y133.502 E.0133
G1 X81.678 Y133.064 E.01934
G1 X81.299 Y132.537 E.01934
G1 X81.039 Y131.941 E.01935
G1 X80.908 Y131.305 E.01935
G1 X80.912 Y130.656 E.01934
G1 X81.051 Y130.021 E.01935
G1 X81.319 Y129.429 E.01935
G1 X81.678 Y128.936 E.01818
G1 X82.173 Y128.486 E.01993
G1 X82.754 Y128.154 E.01995
G1 X83.349 Y127.964 E.01859
G1 X83.965 Y127.906 E.01842
G1 X84.349 Y127.913 E.01144
G1 X84.98 Y128.052 E.01925
G1 X85.571 Y128.319 E.01932
G1 X86.094 Y128.704 E.01934
G1 X86.485 Y129.145 E.01756
G1 X86.928 Y128.356 F18000
G1 F6000
G1 X86.313 Y127.804 E.02465
G1 X85.839 Y127.516 E.01651
G1 X85.263 Y127.267 E.01867
G1 X84.781 Y127.137 E.01488
G1 X83.972 Y127.056 E.02421
G1 X83.436 Y127.102 E.01604
G1 X82.775 Y127.25 E.02018
G1 X82.221 Y127.486 E.01793
G1 X81.678 Y127.811 E.01885
G1 X81.064 Y128.365 E.02463
G1 X80.616 Y128.981 E.02269
G1 X80.383 Y129.43 E.01507
G1 X80.199 Y129.97 E.01701
G1 X80.076 Y130.592 E.01886
G1 X80.077 Y131.418 E.02461
G1 X80.25 Y132.224 E.02456
G1 X80.586 Y132.977 E.02457
G1 X81.072 Y133.644 E.02456
G1 X81.687 Y134.196 E.02465
G1 X82.162 Y134.484 E.01654
G1 X82.785 Y134.753 E.02021
G1 X83.593 Y134.924 E.02459
G1 X84.419 Y134.923 E.02461
G1 X85.078 Y134.788 E.02003
G1 X85.608 Y134.603 E.01672
G1 X86.323 Y134.188 E.02463
G1 X86.936 Y133.635 E.02459
G1 X87.384 Y133.019 E.0227
G1 X87.617 Y132.571 E.01504
G1 X87.801 Y132.03 E.01702
G1 X87.924 Y131.408 E.01886
G1 X87.923 Y130.626 E.0233
G1 X87.781 Y129.917 E.02155
G1 X87.584 Y129.403 E.01638
G1 X87.388 Y128.987 E.01372
G1 X86.964 Y128.405 E.02144
G1 X77.357 Y125.018 F18000
;TYPE:Sparse infill
;WIDTH:0.45
G1 F6205.95
G1 X77.357 Y126.694 E.0539
G1 X77.451 Y126.787 E.00423
G1 X77.887 Y128.031 E.04238
G1 X78.291 Y128.434 E.01835
G1 X79.534 Y128.871 E.04238
G1 X79.938 Y129.274 E.01835
G1 X79.978 Y129.388 E.00389
G1 X80.041 Y129.226 E.00562
G1 X80.248 Y128.821 E.0146
G1 X80.484 Y128.459 E.01391
G1 X80.626 Y128.282 E.00727
G1 X80.374 Y128.031 E.01143
G1 X79.938 Y126.787 E.04238
G1 X79.534 Y126.384 E.01835
G1 X78.291 Y125.947 E.04238
G1 X77.887 Y125.544 E.01835
G1 X77.451 Y124.3 E.04238
G1 X77.357 Y124.207 E.00423
G1 X77.357 Y122.531 E.0539
G1 X77.357 Y120.044 F18000
G1 F6205.95
G1 X77.357 Y121.72 E.0539
G1 X77.451 Y121.813 E.00423
G1 X77.887 Y123.057 E.04238
G1 X78.291 Y123.46 E.01835
G1 X79.534 Y123.897 E.04238
G1 X79.938 Y124.3 E.01835
G1 X80.374 Y125.544 E.04238
G1 X80.778 Y125.947 E.01835
G1 X82.021 Y126.384 E.04238
G1 X82.425 Y126.787 E.01835
G1 X82.479 Y126.943 E.0053
G1 X82.67 Y126.871 E.00655
G1 X83.087 Y126.759 E.01391
G1 X83.557 Y126.684 E.0153
G1 X83.969 Y126.663 E.01325
G1 X84.421 Y126.682 E.01455
G1 X84.876 Y126.752 E.01482
G1 X84.508 Y126.384 E.01674
G1 X83.265 Y125.947 E.04238
G1 X82.861 Y125.544 E.01835
G1 X82.425 Y124.3 E.04238
G1 X82.021 Y123.897 E.01835
G1 X80.778 Y123.46 E.04238
G1 X80.374 Y123.057 E.01835
G1 X79.938 Y121.813 E.04238
G1 X79.534 Y121.41 E.01835
G1 X78.291 Y120.973 E.04238
G1 X77.887 Y120.57 E.01835
G1 X77.451 Y119.326 E.04238
G1 X77.357 Y119.233 E.00423
G1 X77.357 Y117.557 E.0539
G1 X77.357 Y115.07 F18000
G1 F6205.95
G1 X77.357 Y116.746 E.0539
G1 X77.451 Y116.839 E.00423
G1 X77.887 Y118.083 E.04238
G1 X78.291 Y118.486 E.01835
G1 X79.534 Y118.923 E.04238
G1 X79.938 Y119.326 E.01835
G1 X80.374 Y120.57 E.04238
G1 X80.778 Y120.973 E.01835
G1 X82.021 Y121.41 E.04238
G1 X82.425 Y121.813 E.01835
G1 X82.861 Y123.057 E.04238
G1 X83.265 Y123.46 E.01835
G1 X84.508 Y123.897 E.04238
G1 X84.912 Y124.3 E.01835
G1 X85.348 Y125.544 E.04238
G1 X85.752 Y125.947 E.01835
G1 X86.995 Y126.384 E.04238
G1 X87.399 Y126.787 E.01835
G1 X87.835 Y128.031 E.04238
G1 X88.239 Y128.434 E.01835
G1 X89.482 Y128.871 E.04238
G1 X89.886 Y129.274 E.01835
G1 X90.322 Y130.518 E.04238
G1 X90.726 Y130.921 E.01835
G1 X91.969 Y131.358 E.04238
G1 X92.373 Y131.761 E.01835
G1 X92.809 Y133.005 E.04238
G1 X93.213 Y133.408 E.01835
G1 X94.456 Y133.845 E.04238
G1 X94.86 Y134.248 E.01835
G1 X95.296 Y135.492 E.04238
G1 X95.7 Y135.895 E.01835
G1 X96.943 Y136.332 E.04238
G1 X97.347 Y136.735 E.01835
G1 X97.783 Y137.979 E.04238
G1 X98.187 Y138.382 E.01835
G1 X99.43 Y138.819 E.04238
G1 X99.834 Y139.222 E.01835
G1 X100.27 Y140.466 E.04238
G1 X100.674 Y140.869 E.01835
G1 X101.917 Y141.306 E.04238
G1 X102.321 Y141.709 E.01835
G1 X102.648 Y142.643 E.0318
G1 X105.135 Y142.643 E.07997
G1 X104.808 Y141.709 E.0318
G1 X104.404 Y141.306 E.01835
G1 X103.161 Y140.869 E.04238
G1 X102.757 Y140.466 E.01835
G1 X102.321 Y139.222 E.04238
G1 X101.917 Y138.819 E.01835
G1 X100.674 Y138.382 E.04238
G1 X100.27 Y137.979 E.01835
G1 X99.834 Y136.735 E.04238
G1 X99.43 Y136.332 E.01835
G1 X98.187 Y135.895 E.04238
G1 X97.783 Y135.492 E.01835
G1 X97.347 Y134.248 E.04238
G1 X96.943 Y133.845 E.01835
G1 X95.7 Y133.408 E.04238
G1 X95.296 Y133.005 E.01835
G1 X94.86 Y131.761 E.04238
G1 X94.456 Y131.358 E.01835
G1 X93.213 Y130.921 E.04238
G1 X92.809 Y130.518 E.01835
G1 X92.373 Y129.274 E.04238
G1 X91.969 Y128.871 E.01835
G1 X90.726 Y128.434 E.04238
G1 X90.322 Y128.031 E.01835
G1 X89.886 Y126.787 E.04238
G1 X89.482 Y126.384 E.01835
G1 X88.239 Y125.947 E.04238
G1 X87.835 Y125.544 E.01835
G1 X87.399 Y124.3 E.04238
G1 X86.995 Y123.897 E.01835
G1 X85.752 Y123.46 E.04238
G1 X85.348 Y123.057 E.01835
G1 X84.912 Y121.813 E.04238
G1 X84.508 Y121.41 E.01835
G1 X83.265 Y120.973 E.04238
G1 X82.861 Y120.57 E.01835
G1 X82.425 Y119.326 E.04238
G1 X82.021 Y118.923 E.01835
G1 X80.778 Y118.486 E.04238
G1 X80.374 Y118.083 E.01835
G1 X79.938 Y116.839 E.04238
G1 X79.534 Y116.436 E.01835
G1 X78.291 Y115.999 E.04238
G1 X77.887 Y115.596 E.01835
G1 X77.451 Y114.352 E.04238
G1 X77.357 Y114.259 E.00423
G1 X77.357 Y112.583 E.0539
G1 X77.357 Y110.096 F18000
G1 F6205.95
G1 X77.357 Y111.772 E.0539
G1 X77.451 Y111.865 E.00423
G1 X77.887 Y113.109 E.04238
G1 X78.291 Y113.512 E.01835
G1 X79.534 Y113.949 E.04238
G1 X79.938 Y114.352 E.01835
G1 X80.374 Y115.596 E.04238
G1 X80.778 Y115.999 E.01835
G1 X82.021 Y116.436 E.04238
G1 X82.425 Y116.839 E.01835
G1 X82.861 Y118.083 E.04238
G1 X83.265 Y118.486 E.01835
G1 X84.508 Y118.923 E.04238
G1 X84.912 Y119.326 E.01835
G1 X85.348 Y120.57 E.04238
G1 X85.752 Y120.973 E.01835
G1 X86.995 Y121.41 E.04238
G1 X87.399 Y121.813 E.01835
G1 X87.835 Y123.057 E.04238
G1 X88.239 Y123.46 E.01835
G1 X89.482 Y123.897 E.04238
G1 X89.886 Y124.3 E.01835
G1 X90.322 Y125.544 E.04238
G1 X90.726 Y125.947 E.01835
G1 X91.969 Y126.384 E.04238
G1 X92.373 Y126.787 E.01835
G1 X92.809 Y128.031 E.04238
G1 X93.213 Y128.434 E.01835
G1 X94.456 Y128.871 E.04238
G1 X94.86 Y129.274 E.01835
G1 X95.296 Y130.518 E.04238
G1 X95.7 Y130.921 E.01835
G1 X96.943 Y131.358 E.04238
G1 X97.347 Y131.761 E.01835
G1 X97.783 Y133.005 E.04238
G1 X98.187 Y133.408 E.01835
G1 X99.43 Y133.845 E.04238
G1 X99.834 Y134.248 E.01835
G1 X100.27 Y135.492 E.04238
G1 X100.674 Y135.895 E.01835
G1 X101.917 Y136.332 E.04238
G1 X102.321 Y136.735 E.01835
G1 X102.757 Y137.979 E.04238
G1 X103.161 Y138.382 E.01835
G1 X104.404 Y138.819 E.04238
G1 X104.808 Y139.222 E.01835
G1 X105.244 Y140.466 E.04238
G1 X105.648 Y140.869 E.01835
G1 X106.891 Y141.306 E.04238
G1 X107.295 Y141.709 E.01835
G1 X107.622 Y142.643 E.0318
G1 X110.109 Y142.643 E.07997
G1 X109.782 Y141.709 E.0318
G1 X109.378 Y141.306 E.01835
G1 X108.135 Y140.869 E.04238
G1 X107.731 Y140.466 E.01835
G1 X107.295 Y139.222 E.04238
G1 X106.891 Y138.819 E.01835
G1 X105.648 Y138.382 E.04238
G1 X105.244 Y137.979 E.01835
G1 X104.808 Y136.735 E.04238
G1 X104.404 Y136.332 E.01835
G1 X103.161 Y135.895 E.04238
G1 X102.757 Y135.492 E.01835
G1 X102.321 Y134.248 E.04238
G1 X101.917 Y133.845 E.01835
G1 X100.674 Y133.408 E.04238
G1 X100.27 Y133.005 E.01835
G1 X99.834 Y131.761 E.04238
G1 X99.43 Y131.358 E.01835
G1 X98.187 Y130.921 E.04238
G1 X97.783 Y130.518 E.01835
G1 X97.347 Y129.274 E.04238
G1 X96.943 Y128.871 E.01835
G1 X95.7 Y128.434 E.04238
G1 X95.296 Y128.031 E.01835
G1 X94.86 Y126.787 E.04238
G1 X94.456 Y126.384 E.01835
G1 X93.213 Y125.947 E.04238
G1 X92.809 Y125.544 E.01835
G1 X92.373 Y124.3 E.04238
G1 X91.969 Y123.897 E.01835
G1 X90.726 Y123.46 E.04238
G1 X90.322 Y123.057 E.01835
G1 X89.886 Y121.813 E.04238
G1 X89.482 Y121.41 E.01835
G1 X88.239 Y120.973 E.04238
G1 X87.835 Y120.57 E.01835
G1 X87.399 Y119.326 E.04238
G1 X86.995 Y118.923 E.01835
G1 X85.752 Y118.486 E.04238
G1 X85.348 Y118.083 E.01835
G1 X84.912 Y116.839 E.04238
G1 X84.508 Y116.436 E.01835
G1 X83.265 Y115.999 E.04238
G1 X82.861 Y115.596 E.01835
G1 X82.425 Y114.352 E.04238
G1 X82.021 Y113.949 E.01835
G1 X80.778 Y113.512 E.04238
G1 X80.374 Y113.109 E.01835
G1 X79.938 Y111.865 E.04238
G1 X79.534 Y111.462 E.01835
G1 X78.291 Y111.025 E.04238
G1 X77.887 Y110.622 E.01835
G1 X77.451 Y109.378 E.04238
G1 X77.357 Y109.285 E.00423
G1 X77.357 Y107.609 E.0539
G1 X77.357 Y105.122 F18000
G1 F6205.95
G1 X77.357 Y106.798 E.0539
G1 X77.451 Y106.891 E.00423
G1 X77.887 Y108.135 E.04238
G1 X78.291 Y108.538 E.01835
G1 X79.534 Y108.975 E.04238
G1 X79.938 Y109.378 E.01835
G1 X80.374 Y110.622 E.04238
G1 X80.778 Y111.025 E.01835
G1 X82.021 Y111.462 E.04238
G1 X82.425 Y111.865 E.01835
G1 X82.861 Y113.109 E.04238
G1 X83.265 Y113.512 E.01835
G1 X84.508 Y113.949 E.04238
G1 X84.912 Y114.352 E.01835
G1 X85.348 Y115.596 E.04238
G1 X85.752 Y115.999 E.01835
G1 X86.995 Y116.436 E.04238
G1 X87.399 Y116.839 E.01835
G1 X87.835 Y118.083 E.04238
G1 X88.239 Y118.486 E.01835
G1 X89.482 Y118.923 E.04238
G1 X89.886 Y119.326 E.01835
G1 X90.322 Y120.57 E.04238
G1 X90.726 Y120.973 E.01835
G1 X91.969 Y121.41 E.04238
G1 X92.373 Y121.813 E.01835
G1 X92.809 Y123.057 E.04238
G1 X93.213 Y123.46 E.01835
G1 X94.456 Y123.897 E.04238
G1 X94.86 Y124.3 E.01835
G1 X95.296 Y125.544 E.04238
G1 X95.7 Y125.947 E.01835
G1 X96.943 Y126.384 E.04238
G1 X97.347 Y126.787 E.01835
G1 X97.783 Y128.031 E.04238
G1 X98.187 Y128.434 E.01835
G1 X99.43 Y128.871 E.04238
G1 X99.834 Y129.274 E.01835
G1 X100.27 Y130.518 E.04238
G1 X100.674 Y130.921 E.01835
G1 X101.917 Y131.358 E.04238
G1 X102.321 Y131.761 E.01835
G1 X102.757 Y133.005 E.04238
G1 X103.161 Y133.408 E.01835
G1 X104.404 Y133.845 E.04238
G1 X104.808 Y134.248 E.01835
G1 X105.244 Y135.492 E.04238
G1 X105.648 Y135.895 E.01835
G1 X106.891 Y136.332 E.04238
G1 X107.295 Y136.735 E.01835
G1 X107.731 Y137.979 E.04238
G1 X108.135 Y138.382 E.01835
G1 X109.378 Y138.819 E.04238
G1 X109.782 Y139.222 E.01835
G1 X110.218 Y140.466 E.04238
G1 X110.622 Y140.869 E.01835
G1 X111.865 Y141.306 E.04238
G1 X112.269 Y141.709 E.01835
G1 X112.596 Y142.643 E.0318
G1 X115.083 Y142.643 E.07997
G1 X114.756 Y141.709 E.0318
G1 X114.352 Y141.306 E.01835
G1 X113.109 Y140.869 E.04238
G1 X112.705 Y140.466 E.01835
G1 X112.269 Y139.222 E.04238
G1 X111.865 Y138.819 E.01835
G1 X110.622 Y138.382 E.04238
G1 X110.218 Y137.979 E.01835
G1 X109.782 Y136.735 E.04238
G1 X109.378 Y136.332 E.01835
G1 X108.135 Y135.895 E.04238
G1 X107.731 Y135.492 E.01835
G1 X107.295 Y134.248 E.04238
G1 X106.891 Y133.845 E.01835
G1 X105.648 Y133.408 E.04238
G1 X105.244 Y133.005 E.01835
G1 X104.808 Y131.761 E.04238
G1 X104.404 Y131.358 E.01835
G1 X103.161 Y130.921 E.04238
G1 X102.757 Y130.518 E.01835
G1 X102.321 Y129.274 E.04238
G1 X101.917 Y128.871 E.01835
G1 X100.674 Y128.434 E.04238
G1 X100.27 Y128.031 E.01835
G1 X99.834 Y126.787 E.04238
G1 X99.43 Y126.384 E.01835
G1 X98.187 Y125.947 E.04238
G1 X97.783 Y125.544 E.01835
G1 X97.347 Y124.3 E.04238
G1 X96.943 Y123.897 E.01835
G1 X95.7 Y123.46 E.04238
G1 X95.296 Y123.057 E.01835
G1 X94.86 Y121.813 E.04238
G1 X94.456 Y121.41 E.01835
G1 X93.213 Y120.973 E.04238
G1 X92.809 Y120.57 E.01835
G1 X92.373 Y119.326 E.04238
G1 X91.969 Y118.923 E.01835
G1 X90.726 Y118.486 E.04238
G1 X90.322 Y118.083 E.01835
G1 X89.886 Y116.839 E.04238
G1 X89.482 Y116.436 E.01835
G1 X88.239 Y115.999 E.04238
G1 X87.835 Y115.596 E.01835
G1 X87.399 Y114.352 E.04238
G1 X86.995 Y113.949 E.01835
G1 X85.752 Y113.512 E.04238
G1 X85.348 Y113.109 E.01835
G1 X84.912 Y111.865 E.04238
G1 X84.508 Y111.462 E.01835
G1 X83.265 Y111.025 E.04238
G1 X82.861 Y110.622 E.01835
G1 X82.425 Y109.378 E.04238
G1 X82.021 Y108.975 E.01835
G1 X80.778 Y108.538 E.04238
G1 X80.374 Y108.135 E.01835
G1 X79.938 Y106.891 E.04238
G1 X79.534 Y106.488 E.01835
G1 X78.291 Y106.051 E.04238
G1 X77.887 Y105.648 E.01835
G1 X77.451 Y104.404 E.04238
G1 X77.357 Y104.311 E.00423
G1 X77.357 Y102.635 E.0539
G1 X77.357 Y100.148 F18000
G1 F6205.95
G1 X77.357 Y101.824 E.0539
G1 X77.451 Y101.917 E.00423
G1 X77.887 Y103.161 E.04238
G1 X78.291 Y103.564 E.01835
G1 X79.534 Y104.001 E.04238
G1 X79.938 Y104.404 E.01835
G1 X80.374 Y105.648 E.04238
G1 X80.778 Y106.051 E.01835
G1 X82.021 Y106.488 E.04238
G1 X82.425 Y106.891 E.01835
G1 X82.861 Y108.135 E.04238
G1 X83.265 Y108.538 E.01835
G1 X84.508 Y108.975 E.04238
G1 X84.912 Y109.378 E.01835
G1 X85.348 Y110.622 E.04238
G1 X85.752 Y111.025 E.01835
G1 X86.995 Y111.462 E.04238
G1 X87.399 Y111.865 E.01835
G1 X87.835 Y113.109 E.04238
G1 X88.239 Y113.512 E.01835
G1 X89.482 Y113.949 E.04238
G1 X89.886 Y114.352 E.01835
G1 X90.322 Y115.596 E.04238
G1 X90.726 Y115.999 E.01835
G1 X91.969 Y116.436 E.04238
G1 X92.373 Y116.839 E.01835
G1 X92.809 Y118.083 E.04238
G1 X93.213 Y118.486 E.01835
G1 X94.456 Y118.923 E.04238
G1 X94.86 Y119.326 E.01835
G1 X95.296 Y120.57 E.04238
G1 X95.7 Y120.973 E.01835
G1 X96.943 Y121.41 E.04238
G1 X97.347 Y121.813 E.01835
G1 X97.783 Y123.057 E.04238
G1 X98.187 Y123.46 E.01835
G1 X99.43 Y123.897 E.04238
G1 X99.834 Y124.3 E.01835
G1 X100.27 Y125.544 E.04238
G1 X100.674 Y125.947 E.01835
G1 X101.917 Y126.384 E.04238
G1 X102.321 Y126.787 E.01835
G1 X102.757 Y128.031 E.04238
G1 X103.161 Y128.434 E.01835
G1 X104.404 Y128.871 E.04238
G1 X104.808 Y129.274 E.01835
G1 X105.244 Y130.518 E.04238
G1 X105.648 Y130.921 E.01835
G1 X106.891 Y131.358 E.04238
G1 X107.295 Y131.761 E.01835
G1 X107.731 Y133.005 E.04238
G1 X108.135 Y133.408 E.01835
G1 X109.378 Y133.845 E.04238
G1 X109.782 Y134.248 E.01835
G1 X110.218 Y135.492 E.04238
G1 X110.622 Y135.895 E.01835
G1 X111.865 Y136.332 E.04238
G1 X112.269 Y136.735 E.01835
G1 X112.705 Y137.979 E.04238
G1 X113.109 Y138.382 E.01835
G1 X114.352 Y138.819 E.04238
G1 X114.756 Y139.222 E.01835
G1 X115.192 Y140.466 E.04238
G1 X115.596 Y140.869 E.01835
G1 X116.839 Y141.306 E.04238
G1 X117.243 Y141.709 E.01835
G1 X117.57 Y142.643 E.0318
G1 X120.057 Y142.643 E.07997
G1 X119.73 Y141.709 E.0318
G1 X119.326 Y141.306 E.01835
G1 X118.083 Y140.869 E.04238
G1 X117.679 Y140.466 E.01835
G1 X117.243 Y139.222 E.04238
G1 X116.839 Y138.819 E.01835
G1 X115.596 Y138.382 E.04238
G1 X115.192 Y137.979 E.01835
G1 X114.756 Y136.735 E.04238
G1 X114.352 Y136.332 E.01835
G1 X113.109 Y135.895 E.04238
G1 X112.705 Y135.492 E.01835
G1 X112.269 Y134.248 E.04238
G1 X111.865 Y133.845 E.01835
G1 X110.622 Y133.408 E.04238
G1 X110.218 Y133.005 E.01835
G1 X109.782 Y131.761 E.04238
G1 X109.378 Y131.358 E.01835
G1 X108.135 Y130.921 E.04238
G1 X107.731 Y130.518 E.01835
G1 X107.295 Y129.274 E.04238
G1 X106.891 Y128.871 E.01835
G1 X105.648 Y128.434 E.04238
G1 X105.244 Y128.031 E.01835
G1 X104.808 Y126.787 E.04238
G1 X104.404 Y126.384 E.01835
G1 X103.161 Y125.947 E.04238
G1 X102.757 Y125.544 E.01835
G1 X102.321 Y124.3 E.04238
G1 X101.917 Y123.897 E.01835
G1 X100.674 Y123.46 E.04238
G1 X100.27 Y123.057 E.01835
G1 X99.834 Y121.813 E.04238
G1 X99.43 Y121.41 E.01835
G1 X98.187 Y120.973 E.04238
G1 X97.783 Y120.57 E.01835
G1 X97.347 Y119.326 E.04238
G1 X96.943 Y118.923 E.01835
G1 X95.7 Y118.486 E.04238
G1 X95.296 Y118.083 E.01835
G1 X94.86 Y116.839 E.04238
G1 X94.456 Y116.436 E.01835
G1 X93.213 Y115.999 E.04238
G1 X92.809 Y115.596 E.01835
G1 X92.373 Y114.352 E.04238
G1 X91.969 Y113.949 E.01835
G1 X90.726 Y113.512 E.04238
G1 X90.322 Y113.109 E.01835
G1 X89.886 Y111.865 E.04238
G1 X89.482 Y111.462 E.01835
G1 X88.239 Y111.025 E.04238
G1 X87.835 Y110.622 E.01835
G1 X87.399 Y109.378 E.04238
G1 X86.995 Y108.975 E.01835
G1 X85.752 Y108.538 E.04238
G1 X85.348 Y108.135 E.01835
G1 X84.912 Y106.891 E.04238
G1 X84.508 Y106.488 E.01835
G1 X83.265 Y106.051 E.04238
G1 X82.861 Y105.648 E.01835
G1 X82.425 Y104.404 E.04238
G1 X82.021 Y104.001 E.01835
G1 X80.778 Y103.564 E.04238
G1 X80.374 Y103.161 E.01835
G1 X79.938 Y101.917 E.04238
G1 X79.534 Y101.514 E.01835
G1 X78.291 Y101.077 E.04238
G1 X77.887 Y100.674 E.01835
G1 X77.451 Y99.43 E.04238
G1 X77.357 Y99.337 E.00423
G1 X77.357 Y97.661 E.0539
G1 X77.357 Y95.174 F18000
G1 F6205.95
G1 X77.357 Y96.85 E.0539
G1 X77.451 Y96.943 E.00423
G1 X77.887 Y98.187 E.04238
G1 X78.291 Y98.59 E.01835
G1 X79.534 Y99.027 E.04238
G1 X79.938 Y99.43 E.01835
G1 X80.374 Y100.674 E.04238
G1 X80.778 Y101.077 E.01835
G1 X82.021 Y101.514 E.04238
G1 X82.425 Y101.917 E.01835
G1 X82.861 Y103.161 E.04238
G1 X83.265 Y103.564 E.01835
G1 X84.508 Y104.001 E.04238
G1 X84.912 Y104.404 E.01835
G1 X85.348 Y105.648 E.04238
G1 X85.752 Y106.051 E.01835
G1 X86.995 Y106.488 E.04238
G1 X87.399 Y106.891 E.01835
G1 X87.835 Y108.135 E.04238
G1 X88.239 Y108.538 E.01835
G1 X89.482 Y108.975 E.04238
G1 X89.886 Y109.378 E.01835
G1 X90.322 Y110.622 E.04238
G1 X90.726 Y111.025 E.01835
G1 X91.969 Y111.462 E.04238
G1 X92.373 Y111.865 E.01835
G1 X92.809 Y113.109 E.04238
G1 X93.213 Y113.512 E.01835
G1 X94.456 Y113.949 E.04238
G1 X94.86 Y114.352 E.01835
G1 X95.296 Y115.596 E.04238
G1 X95.7 Y115.999 E.01835
G1 X96.943 Y116.436 E.04238
G1 X97.347 Y116.839 E.01835
G1 X97.783 Y118.083 E.04238
G1 X98.187 Y118.486 E.01835
G1 X99.43 Y118.923 E.04238
G1 X99.834 Y119.326 E.01835
G1 X100.27 Y120.57 E.04238
G1 X100.674 Y120.973 E.01835
G1 X101.917 Y121.41 E.04238
G1 X102.321 Y121.813 E.01835
G1 X102.757 Y123.057 E.04238
G1 X103.161 Y123.46 E.01835
G1 X104.404 Y123.897 E.04238
G1 X104.808 Y124.3 E.01835
G1 X105.244 Y125.544 E.04238
G1 X105.648 Y125.947 E.01835
G1 X106.891 Y126.384 E.04238
G1 X107.295 Y126.787 E.01835
G1 X107.731 Y128.031 E.04238
G1 X108.135 Y128.434 E.01835
G1 X109.378 Y128.871 E.04238
G1 X109.782 Y129.274 E.01835
G1 X110.218 Y130.518 E.04238
G1 X110.622 Y130.921 E.01835
G1 X111.865 Y131.358 E.04238
G1 X112.269 Y131.761 E.01835
G1 X112.705 Y133.005 E.04238
G1 X113.109 Y133.408 E.01835
G1 X114.352 Y133.845 E.04238
G1 X114.756 Y134.248 E.01835
G1 X115.192 Y135.492 E.04238
G1 X115.596 Y135.895 E.01835
G1 X116.839 Y136.332 E.04238
G1 X117.243 Y136.735 E.01835
G1 X117.679 Y137.979 E.04238
G1 X118.083 Y138.382 E.01835
G1 X119.326 Y138.819 E.04238
G1 X119.73 Y139.222 E.01835
G1 X120.166 Y140.466 E.04238
G1 X120.57 Y140.869 E.01835
G1 X121.813 Y141.306 E.04238
G1 X122.217 Y141.709 E.01835
G1 X122.544 Y142.643 E.0318
G1 X125.031 Y142.643 E.07997
G1 X124.704 Y141.709 E.0318
G1 X124.3 Y141.306 E.01835
G1 X123.057 Y140.869 E.04238
G1 X122.653 Y140.466 E.01835
G1 X122.217 Y139.222 E.04238
G1 X121.813 Y138.819 E.01835
G1 X120.57 Y138.382 E.04238
G1 X120.166 Y137.979 E.01835
G1 X119.73 Y136.735 E.04238
G1 X119.326 Y136.332 E.01835
G1 X118.083 Y135.895 E.04238
G1 X117.679 Y135.492 E.01835
G1 X117.243 Y134.248 E.04238
G1 X116.839 Y133.845 E.01835
G1 X115.596 Y133.408 E.04238
G1 X115.192 Y133.005 E.01835
G1 X114.756 Y131.761 E.04238
G1 X114.352 Y131.358 E.01835
G1 X113.109 Y130.921 E.04238
G1 X112.705 Y130.518 E.01835
G1 X112.269 Y129.274 E.04238
G1 X111.865 Y128.871 E.01835
G1 X110.622 Y128.434 E.04238
G1 X110.218 Y128.031 E.01835
G1 X109.782 Y126.787 E.04238
G1 X109.378 Y126.384 E.01835
G1 X108.135 Y125.947 E.04238
G1 X107.731 Y125.544 E.01835
G1 X107.295 Y124.3 E.04238
G1 X106.891 Y123.897 E.01835
G1 X105.648 Y123.46 E.04238
G1 X105.244 Y123.057 E.01835
G1 X104.808 Y121.813 E.04238
G1 X104.404 Y121.41 E.01835
G1 X103.161 Y120.973 E.04238
G1 X102.757 Y120.57 E.01835
G1 X102.321 Y119.326 E.04238
G1 X102.031 Y119.037 E.01316
G1 X100.963 Y119.037 E.03435
G1 X100.963 Y118.588 E.01444
G1 X100.674 Y118.486 E.00986
G1 X100.27 Y118.083 E.01835
G1 X99.834 Y116.839 E.04238
G1 X99.43 Y116.436 E.01835
G1 X98.187 Y115.999 E.04238
G1 X97.783 Y115.596 E.01835
G1 X97.347 Y114.352 E.04238
G1 X96.943 Y113.949 E.01835
G1 X95.7 Y113.512 E.04238
G1 X95.296 Y113.109 E.01835
G1 X94.86 Y111.865 E.04238
G1 X94.456 Y111.462 E.01835
G1 X93.213 Y111.025 E.04238
G1 X92.809 Y110.622 E.01835
G1 X92.373 Y109.378 E.04238
G1 X91.969 Y108.975 E.01835
G1 X90.726 Y108.538 E.04238
G1 X90.322 Y108.135 E.01835
G1 X89.886 Y106.891 E.04238
G1 X89.482 Y106.488 E.01835
G1 X88.239 Y106.051 E.04238
G1 X87.835 Y105.648 E.01835
G1 X87.399 Y104.404 E.04238
G1 X86.995 Y104.001 E.01835
G1 X85.752 Y103.564 E.04238
G1 X85.348 Y103.161 E.01835
G1 X84.912 Y101.917 E.04238
G1 X84.508 Y101.514 E.01835
G1 X83.265 Y101.077 E.04238
G1 X82.861 Y100.674 E.01835
G1 X82.425 Y99.43 E.04238
G1 X82.021 Y99.027 E.01835
G1 X80.778 Y98.59 E.04238
G1 X80.374 Y98.187 E.01835
G1 X79.938 Y96.943 E.04238
G1 X79.534 Y96.54 E.01835
G1 X78.291 Y96.103 E.04238
G1 X77.887 Y95.7 E.01835
G1 X77.451 Y94.456 E.04238
G1 X77.357 Y94.363 E.00423
G1 X77.357 Y92.687 E.0539
G1 X77.357 Y90.2 F18000
G1 F6205.95
G1 X77.357 Y91.876 E.0539
G1 X77.451 Y91.969 E.00423
G1 X77.887 Y93.213 E.04238
G1 X78.291 Y93.616 E.01835
G1 X79.534 Y94.053 E.04238
G1 X79.938 Y94.456 E.01835
G1 X80.374 Y95.7 E.04238
G1 X80.778 Y96.103 E.01835
G1 X82.021 Y96.54 E.04238
G1 X82.425 Y96.943 E.01835
G1 X82.861 Y98.187 E.04238
G1 X83.265 Y98.59 E.01835
G1 X84.508 Y99.027 E.04238
G1 X84.912 Y99.43 E.01835
G1 X85.348 Y100.674 E.04238
G1 X85.752 Y101.077 E.01835
G1 X86.995 Y101.514 E.04238
G1 X87.399 Y101.917 E.01835
G1 X87.835 Y103.161 E.04238
G1 X88.239 Y103.564 E.01835
G1 X89.482 Y104.001 E.04238
G1 X89.886 Y104.404 E.01835
G1 X90.322 Y105.648 E.04238
G1 X90.726 Y106.051 E.01835
G1 X91.969 Y106.488 E.04238
G1 X92.373 Y106.891 E.01835
G1 X92.809 Y108.135 E.04238
G1 X93.213 Y108.538 E.01835
G1 X94.456 Y108.975 E.04238
G1 X94.86 Y109.378 E.01835
G1 X95.296 Y110.622 E.04238
G1 X95.7 Y111.025 E.01835
G1 X96.943 Y111.462 E.04238
G1 X97.347 Y111.865 E.01835
G1 X97.783 Y113.109 E.04238
G1 X98.187 Y113.512 E.01835
G1 X99.43 Y113.949 E.04238
G1 X99.834 Y114.352 E.01835
G1 X100.27 Y115.596 E.04238
G1 X100.674 Y115.999 E.01835
G1 X100.963 Y116.101 E.00986
G1 X100.963 Y113.614 E.07997
G1 X100.674 Y113.512 E.00986
G1 X100.27 Y113.109 E.01835
G1 X99.834 Y111.865 E.04238
G1 X99.43 Y111.462 E.01835
G1 X98.187 Y111.025 E.04238
G1 X97.783 Y110.622 E.01835
G1 X97.347 Y109.378 E.04238
G1 X96.943 Y108.975 E.01835
G1 X95.7 Y108.538 E.04238
G1 X95.296 Y108.135 E.01835
G1 X94.86 Y106.891 E.04238
G1 X94.456 Y106.488 E.01835
G1 X93.213 Y106.051 E.04238
G1 X92.809 Y105.648 E.01835
G1 X92.373 Y104.404 E.04238
G1 X91.969 Y104.001 E.01835
G1 X90.726 Y103.564 E.04238
G1 X90.322 Y103.161 E.01835
G1 X89.886 Y101.917 E.04238
G1 X89.482 Y101.514 E.01835
G1 X88.239 Y101.077 E.04238
G1 X87.835 Y100.674 E.01835
G1 X87.399 Y99.43 E.04238
G1 X86.995 Y99.027 E.01835
G1 X85.752 Y98.59 E.04238
G1 X85.348 Y98.187 E.01835
G1 X84.912 Y96.943 E.04238
G1 X84.508 Y96.54 E.01835
G1 X83.265 Y96.103 E.04238
G1 X82.861 Y95.7 E.01835
G1 X82.425 Y94.456 E.04238
G1 X82.021 Y94.053 E.01835
G1 X80.778 Y93.616 E.04238
G1 X80.374 Y93.213 E.01835
G1 X79.938 Y91.969 E.04238
G1 X79.534 Y91.566 E.01835
G1 X78.291 Y91.129 E.04238
G1 X77.887 Y90.726 E.01835
G1 X77.451 Y89.482 E.04238
G1 X77.357 Y89.389 E.00423
G1 X77.357 Y87.713 E.0539
G1 X76.611 Y87.713 F18000
G1 X82.844 Y91.002
G1 X83.06 Y91.112
G1 X83.286 Y91.199
G1 X119.037 Y101.616
G1 F6205.95
G1 X119.037 Y103.899 E.07343
G1 X119.326 Y104.001 E.00986
G1 X119.73 Y104.404 E.01835
G1 X120.166 Y105.648 E.04238
G1 X120.57 Y106.051 E.01835
G1 X121.813 Y106.488 E.04238
G1 X122.217 Y106.891 E.01835
G1 X122.653 Y108.135 E.04238
G1 X123.057 Y108.538 E.01835
G1 X124.3 Y108.975 E.04238
G1 X124.704 Y109.378 E.01835
G1 X125.14 Y110.622 E.04238
G1 X125.544 Y111.025 E.01835
G1 X126.787 Y111.462 E.04238
G1 X127.191 Y111.865 E.01835
G1 X127.627 Y113.109 E.04238
G1 X128.031 Y113.512 E.01835
G1 X129.274 Y113.949 E.04238
G1 X129.678 Y114.352 E.01835
G1 X130.114 Y115.596 E.04238
G1 X130.518 Y115.999 E.01835
G1 X131.761 Y116.436 E.04238
G1 X132.165 Y116.839 E.01835
G1 X132.601 Y118.083 E.04238
G1 X133.005 Y118.486 E.01835
G1 X134.248 Y118.923 E.04238
G1 X134.652 Y119.326 E.01835
G1 X135.088 Y120.57 E.04238
G1 X135.492 Y120.973 E.01835
G1 X136.735 Y121.41 E.04238
G1 X137.139 Y121.813 E.01835
G1 X137.575 Y123.057 E.04238
G1 X137.979 Y123.46 E.01835
G1 X139.222 Y123.897 E.04238
G1 X139.626 Y124.3 E.01835
G1 X140.062 Y125.544 E.04238
G1 X140.466 Y125.947 E.01835
G1 X141.709 Y126.384 E.04238
G1 X142.113 Y126.787 E.01835
G1 X142.549 Y128.031 E.04238
G1 X142.643 Y128.124 E.00424
G1 X142.643 Y129.8 E.0539
G1 X142.643 Y137.261 F18000
G1 F6205.95
G1 X142.643 Y135.585 E.0539
G1 X142.549 Y135.492 E.00424
G1 X142.113 Y134.248 E.04238
G1 X141.709 Y133.845 E.01835
G1 X140.466 Y133.408 E.04238
G1 X140.062 Y133.005 E.01835
G1 X139.971 Y132.745 E.00886
G1 X139.752 Y133.179 E.01563
G1 X139.516 Y133.541 E.01391
G1 X139.25 Y133.872 E.01366
G1 X139.626 Y134.248 E.01711
G1 X140.062 Y135.492 E.04238
G1 X140.466 Y135.895 E.01835
G1 X141.709 Y136.332 E.04238
G1 X142.113 Y136.735 E.01835
G1 X142.549 Y137.979 E.04238
G1 X142.643 Y138.072 E.00424
G1 X142.643 Y139.748 E.0539
G1 X142.643 Y117.365 F18000
G1 F6205.95
G1 X142.643 Y115.689 E.0539
G1 X142.549 Y115.596 E.00424
G1 X142.113 Y114.352 E.04238
G1 X141.709 Y113.949 E.01835
G1 X140.466 Y113.512 E.04238
G1 X140.062 Y113.109 E.01835
G1 X139.626 Y111.865 E.04238
G1 X139.222 Y111.462 E.01835
G1 X137.979 Y111.025 E.04238
G1 X137.575 Y110.622 E.01835
G1 X137.139 Y109.378 E.04238
G1 X136.735 Y108.975 E.01835
G1 X135.492 Y108.538 E.04238
G1 X135.088 Y108.135 E.01835
G1 X134.652 Y106.891 E.04238
G1 X134.248 Y106.488 E.01835
G1 X133.005 Y106.051 E.04238
G1 X132.601 Y105.648 E.01835
G1 X132.165 Y104.404 E.04238
G1 X131.761 Y104.001 E.01835
G1 X130.518 Y103.564 E.04238
G1 X130.114 Y103.161 E.01835
G1 X129.678 Y101.917 E.04238
G1 X129.274 Y101.514 E.01835
G1 X128.031 Y101.077 E.04238
G1 X127.627 Y100.674 E.01835
G1 X127.191 Y99.43 E.04238
G1 X126.787 Y99.027 E.01835
G1 X125.544 Y98.59 E.04238
G1 X125.14 Y98.187 E.01835
G1 X124.704 Y96.943 E.04238
G1 X124.3 Y96.54 E.01835
G1 X123.057 Y96.103 E.04238
G1 X122.653 Y95.7 E.01835
G1 X122.217 Y94.456 E.04238
G1 X121.813 Y94.053 E.01835
G1 X120.57 Y93.616 E.04238
G1 X120.166 Y93.213 E.01835
G1 X119.73 Y91.969 E.04238
G1 X119.326 Y91.566 E.01835
G1 X118.083 Y91.129 E.04238
G1 X117.679 Y90.726 E.01835
G1 X117.243 Y89.482 E.04238
G1 X116.839 Y89.079 E.01835
G1 X115.596 Y88.642 E.04238
G1 X115.192 Y88.239 E.01835
G1 X114.756 Y86.995 E.04238
G1 X114.352 Y86.592 E.01835
G1 X113.109 Y86.155 E.04238
G1 X112.705 Y85.752 E.01835
G1 X112.269 Y84.508 E.04238
G1 X111.865 Y84.105 E.01835
G1 X110.622 Y83.668 E.04238
G1 X110.218 Y83.265 E.01835
G1 X109.782 Y82.021 E.04238
G1 X109.378 Y81.618 E.01835
G1 X108.135 Y81.181 E.04238
G1 X107.731 Y80.778 E.01835
G1 X107.295 Y79.534 E.04238
G1 X106.891 Y79.131 E.01835
G1 X105.648 Y78.694 E.04238
G1 X105.244 Y78.291 E.01835
G1 X104.917 Y77.357 E.0318
G1 X107.404 Y77.357 E.07997
G1 X107.731 Y78.291 E.0318
G1 X108.135 Y78.694 E.01835
G1 X109.378 Y79.131 E.04238
G1 X109.782 Y79.534 E.01835
G1 X110.218 Y80.778 E.04238
G1 X110.622 Y81.181 E.01835
G1 X111.865 Y81.618 E.04238
G1 X112.269 Y82.021 E.01835
G1 X112.705 Y83.265 E.04238
G1 X113.109 Y83.668 E.01835
G1 X114.352 Y84.105 E.04238
G1 X114.756 Y84.508 E.01835
G1 X115.192 Y85.752 E.04238
G1 X115.596 Y86.155 E.01835
G1 X116.839 Y86.592 E.04238
G1 X117.243 Y86.995 E.01835
G1 X117.679 Y88.239 E.04238
G1 X118.083 Y88.642 E.01835
G1 X119.326 Y89.079 E.04238
G1 X119.73 Y89.482 E.01835
G1 X120.166 Y90.726 E.04238
G1 X120.57 Y91.129 E.01835
G1 X121.813 Y91.566 E.04238
G1 X122.217 Y91.969 E.01835
G1 X122.653 Y93.213 E.04238
G1 X123.057 Y93.616 E.01835
G1 X124.3 Y94.053 E.04238
G1 X124.704 Y94.456 E.01835
G1 X125.14 Y95.7 E.04238
G1 X125.544 Y96.103 E.01835
G1 X126.787 Y96.54 E.04238
G1 X127.191 Y96.943 E.01835
G1 X127.627 Y98.187 E.04238
G1 X128.031 Y98.59 E.01835
G1 X129.274 Y99.027 E.04238
G1 X129.678 Y99.43 E.01835
G1 X130.114 Y100.674 E.04238
G1 X130.518 Y101.077 E.01835
G1 X131.761 Y101.514 E.04238
G1 X132.165 Y101.917 E.01835
G1 X132.601 Y103.161 E.04238
G1 X133.005 Y103.564 E.01835
G1 X134.248 Y104.001 E.04238
G1 X134.652 Y104.404 E.01835
G1 X135.088 Y105.648 E.04238
G1 X135.492 Y106.051 E.01835
G1 X136.735 Y106.488 E.04238
G1 X137.139 Y106.891 E.01835
G1 X137.575 Y108.135 E.04238
G1 X137.979 Y108.538 E.01835
G1 X139.222 Y108.975 E.04238
G1 X139.626 Y109.378 E.01835
G1 X140.062 Y110.622 E.04238
G1 X140.466 Y111.025 E.01835
G1 X141.709 Y111.462 E.04238
G1 X142.113 Y111.865 E.01835
G1 X142.549 Y113.109 E.04238
G1 X142.643 Y113.202 E.00424
G1 X142.643 Y114.878 E.0539
G1 X142.643 Y112.391 F18000
G1 F6205.95
G1 X142.643 Y110.715 E.0539
G1 X142.549 Y110.622 E.00424
G1 X142.113 Y109.378 E.04238
G1 X141.709 Y108.975 E.01835
G1 X140.466 Y108.538 E.04238
G1 X140.062 Y108.135 E.01835
G1 X139.626 Y106.891 E.04238
G1 X139.222 Y106.488 E.01835
G1 X137.979 Y106.051 E.04238
G1 X137.575 Y105.648 E.01835
G1 X137.139 Y104.404 E.04238
G1 X136.735 Y104.001 E.01835
G1 X135.492 Y103.564 E.04238
G1 X135.088 Y103.161 E.01835
G1 X134.652 Y101.917 E.04238
G1 X134.248 Y101.514 E.01835
G1 X133.005 Y101.077 E.04238
G1 X132.601 Y100.674 E.01835
G1 X132.165 Y99.43 E.04238
G1 X131.761 Y99.027 E.01835
G1 X130.518 Y98.59 E.04238
G1 X130.114 Y98.187 E.01835
G1 X129.678 Y96.943 E.04238
G1 X129.274 Y96.54 E.01835
G1 X128.031 Y96.103 E.04238
G1 X127.627 Y95.7 E.01835
G1 X127.191 Y94.456 E.04238
G1 X126.787 Y94.053 E.01835
G1 X125.544 Y93.616 E.04238
G1 X125.14 Y93.213 E.01835
G1 X124.704 Y91.969 E.04238
G1 X124.3 Y91.566 E.01835
G1 X123.057 Y91.129 E.04238
G1 X122.653 Y90.726 E.01835
G1 X122.217 Y89.482 E.04238
G1 X121.813 Y89.079 E.01835
G1 X120.57 Y88.642 E.04238
G1 X120.166 Y88.239 E.01835
G1 X119.73 Y86.995 E.04238
G1 X119.326 Y86.592 E.01835
G1 X118.083 Y86.155 E.04238
G1 X117.679 Y85.752 E.01835
G1 X117.243 Y84.508 E.04238
G1 X116.839 Y84.105 E.01835
G1 X115.596 Y83.668 E.04238
G1 X115.192 Y83.265 E.01835
G1 X114.756 Y82.021 E.04238
G1 X114.352 Y81.618 E.01835
G1 X113.109 Y81.181 E.04238
G1 X112.705 Y80.778 E.01835
G1 X112.269 Y79.534 E.04238
G1 X111.865 Y79.131 E.01835
G1 X110.622 Y78.694 E.04238
G1 X110.218 Y78.291 E.01835
G1 X109.891 Y77.357 E.0318
G1 X112.378 Y77.357 E.07997
G1 X112.705 Y78.291 E.0318
G1 X113.109 Y78.694 E.01835
G1 X114.352 Y79.131 E.04238
G1 X114.756 Y79.534 E.01835
G1 X115.192 Y80.778 E.04238
G1 X115.596 Y81.181 E.01835
G1 X116.839 Y81.618 E.04238
G1 X117.243 Y82.021 E.01835
G1 X117.679 Y83.265 E.04238
G1 X118.083 Y83.668 E.01835
G1 X119.326 Y84.105 E.04238
G1 X119.73 Y84.508 E.01835
G1 X120.166 Y85.752 E.04238
G1 X120.57 Y86.155 E.01835
G1 X121.813 Y86.592 E.04238
G1 X122.217 Y86.995 E.01835
G1 X122.653 Y88.239 E.04238
G1 X123.057 Y88.642 E.01835
G1 X124.3 Y89.079 E.04238
G1 X124.704 Y89.482 E.01835
G1 X125.14 Y90.726 E.04238
G1 X125.544 Y91.129 E.01835
G1 X126.787 Y91.566 E.04238
G1 X127.191 Y91.969 E.01835
G1 X127.627 Y93.213 E.04238
G1 X128.031 Y93.616 E.01835
G1 X129.274 Y94.053 E.04238
G1 X129.678 Y94.456 E.01835
G1 X130.114 Y95.7 E.04238
G1 X130.518 Y96.103 E.01835
G1 X131.761 Y96.54 E.04238
G1 X132.165 Y96.943 E.01835
G1 X132.601 Y98.187 E.04238
G1 X133.005 Y98.59 E.01835
G1 X134.248 Y99.027 E.04238
G1 X134.652 Y99.43 E.01835
G1 X135.088 Y100.674 E.04238
G1 X135.492 Y101.077 E.01835
G1 X136.735 Y101.514 E.04238
G1 X137.139 Y101.917 E.01835
G1 X137.575 Y103.161 E.04238
G1 X137.979 Y103.564 E.01835
G1 X139.222 Y104.001 E.04238
G1 X139.626 Y104.404 E.01835
G1 X140.062 Y105.648 E.04238
G1 X140.466 Y106.051 E.01835
G1 X141.709 Y106.488 E.04238
G1 X142.113 Y106.891 E.01835
G1 X142.549 Y108.135 E.04238
G1 X142.643 Y108.228 E.00424
G1 X142.643 Y109.904 E.0539
G1 X142.643 Y107.417 F18000
G1 F6205.95
G1 X142.643 Y105.741 E.0539
G1 X142.549 Y105.648 E.00424
G1 X142.113 Y104.404 E.04238
G1 X141.709 Y104.001 E.01835
G1 X140.466 Y103.564 E.04238
G1 X140.062 Y103.161 E.01835
G1 X139.626 Y101.917 E.04238
G1 X139.222 Y101.514 E.01835
G1 X137.979 Y101.077 E.04238
G1 X137.575 Y100.674 E.01835
G1 X137.139 Y99.43 E.04238
G1 X136.735 Y99.027 E.01835
G1 X135.492 Y98.59 E.04238
G1 X135.088 Y98.187 E.01835
G1 X134.652 Y96.943 E.04238
G1 X134.248 Y96.54 E.01835
G1 X133.005 Y96.103 E.04238
G1 X132.601 Y95.7 E.01835
G1 X132.165 Y94.456 E.04238
G1 X131.761 Y94.053 E.01835
G1 X130.518 Y93.616 E.04238
G1 X130.114 Y93.213 E.01835
G1 X129.678 Y91.969 E.04238
G1 X129.274 Y91.566 E.01835
G1 X128.031 Y91.129 E.04238
G1 X127.627 Y90.726 E.01835
G1 X127.191 Y89.482 E.04238
G1 X126.787 Y89.079 E.01835
G1 X125.544 Y88.642 E.04238
G1 X125.14 Y88.239 E.01835
G1 X124.704 Y86.995 E.04238
G1 X124.3 Y86.592 E.01835
G1 X123.057 Y86.155 E.04238
G1 X122.653 Y85.752 E.01835
G1 X122.217 Y84.508 E.04238
G1 X121.813 Y84.105 E.01835
G1 X120.57 Y83.668 E.04238
G1 X120.166 Y83.265 E.01835
G1 X119.73 Y82.021 E.04238
G1 X119.326 Y81.618 E.01835
G1 X118.083 Y81.181 E.04238
G1 X117.679 Y80.778 E.01835
G1 X117.243 Y79.534 E.04238
G1 X116.839 Y79.131 E.01835
G1 X115.596 Y78.694 E.04238
G1 X115.192 Y78.291 E.01835
G1 X114.865 Y77.357 E.0318
G1 X117.352 Y77.357 E.07997
G1 X117.679 Y78.291 E.0318
G1 X118.083 Y78.694 E.01835
G1 X119.326 Y79.131 E.04238
G1 X119.73 Y79.534 E.01835
G1 X120.166 Y80.778 E.04238
G1 X120.57 Y81.181 E.01835
G1 X121.813 Y81.618 E.04238
G1 X122.217 Y82.021 E.01835
G1 X122.653 Y83.265 E.04238
G1 X123.057 Y83.668 E.01835
G1 X124.3 Y84.105 E.04238
G1 X124.704 Y84.508 E.01835
G1 X125.14 Y85.752 E.04238
G1 X125.544 Y86.155 E.01835
G1 X126.787 Y86.592 E.04238
G1 X127.191 Y86.995 E.01835
G1 X127.627 Y88.239 E.04238
G1 X128.031 Y88.642 E.01835
G1 X129.274 Y89.079 E.04238
G1 X129.678 Y89.482 E.01835
G1 X130.114 Y90.726 E.04238
G1 X130.518 Y91.129 E.01835
G1 X131.761 Y91.566 E.04238
G1 X132.165 Y91.969 E.01835
G1 X132.601 Y93.213 E.04238
G1 X133.005 Y93.616 E.01835
G1 X134.248 Y94.053 E.04238
G1 X134.652 Y94.456 E.01835
G1 X135.088 Y95.7 E.04238
G1 X135.492 Y96.103 E.01835
G1 X136.735 Y96.54 E.04238
G1 X137.139 Y96.943 E.01835
G1 X137.575 Y98.187 E.04238
G1 X137.979 Y98.59 E.01835
G1 X139.222 Y99.027 E.04238
G1 X139.626 Y99.43 E.01835
G1 X140.062 Y100.674 E.04238
G1 X140.466 Y101.077 E.01835
G1 X141.709 Y101.514 E.04238
G1 X142.113 Y101.917 E.01835
G1 X142.549 Y103.161 E.04238
G1 X142.643 Y103.254 E.00424
G1 X142.643 Y104.93 E.0539
G1 X142.643 Y102.443 F18000
G1 F6205.95
G1 X142.643 Y100.767 E.0539
G1 X142.549 Y100.674 E.00424
G1 X142.113 Y99.43 E.04238
G1 X141.709 Y99.027 E.01835
G1 X140.466 Y98.59 E.04238
G1 X140.062 Y98.187 E.01835
G1 X139.626 Y96.943 E.04238
G1 X139.222 Y96.54 E.01835
G1 X137.979 Y96.103 E.04238
G1 X137.575 Y95.7 E.01835
G1 X137.139 Y94.456 E.04238
G1 X136.735 Y94.053 E.01835
G1 X135.492 Y93.616 E.04238
G1 X135.124 Y93.248 E.01674
G1 X135.557 Y93.316 E.01411
G1 X135.989 Y93.338 E.01391
G1 X136.443 Y93.316 E.0146
G1 X136.913 Y93.241 E.0153
G1 X137.33 Y93.129 E.01391
G1 X137.521 Y93.057 E.00655
G1 X137.575 Y93.213 E.0053
G1 X137.979 Y93.616 E.01835
G1 X139.222 Y94.053 E.04238
G1 X139.626 Y94.456 E.01835
G1 X140.062 Y95.7 E.04238
G1 X140.466 Y96.103 E.01835
G1 X141.709 Y96.54 E.04238
G1 X142.113 Y96.943 E.01835
G1 X142.549 Y98.187 E.04238
G1 X142.643 Y98.28 E.00424
G1 X142.643 Y99.956 E.0539
G1 X142.643 Y97.469 F18000
G1 F6205.95
G1 X142.643 Y95.793 E.0539
G1 X142.549 Y95.7 E.00424
G1 X142.113 Y94.456 E.04238
G1 X141.709 Y94.053 E.01835
G1 X140.466 Y93.616 E.04238
G1 X140.062 Y93.213 E.01835
G1 X139.626 Y91.969 E.04238
G1 X139.374 Y91.718 E.01143
G1 X139.516 Y91.541 E.00727
G1 X139.752 Y91.179 E.01391
G1 X139.959 Y90.774 E.0146
G1 X140.022 Y90.612 E.00562
G1 X140.062 Y90.726 E.00389
G1 X140.466 Y91.129 E.01835
G1 X141.709 Y91.566 E.04238
G1 X142.113 Y91.969 E.01835
G1 X142.549 Y93.213 E.04238
G1 X142.643 Y93.306 E.00424
G1 X142.643 Y94.982 E.0539
G1 X142.643 Y92.495 F18000
G1 F6205.95
G1 X142.643 Y90.819 E.0539
G1 X142.549 Y90.726 E.00424
G1 X142.113 Y89.482 E.04238
G1 X141.709 Y89.079 E.01835
G1 X140.466 Y88.642 E.04238
G1 X140.305 Y88.481 E.00733
G1 X140.241 Y88.087 E.01281
G1 X140.129 Y87.67 E.01391
G1 X139.967 Y87.245 E.0146
G1 X139.762 Y86.84 E.0146
G1 X139.503 Y86.441 E.01529
G1 X139.217 Y86.089 E.0146
G1 X138.911 Y85.783 E.01392
G1 X138.559 Y85.497 E.0146
G1 X138.16 Y85.238 E.01529
G1 X137.774 Y85.041 E.01391
G1 X137.452 Y84.916 E.01111
G1 X139.508 Y88.695 F18000
;TYPE:Internal solid infill
;WIDTH:0.499216
G1 F5536.571
G1 X139.374 Y88.003 E.0254
G1 X139.17 Y87.485 E.02006
G1 X138.88 Y86.985 E.02085
G1 X138.398 Y86.43 E.02648
G1 X137.814 Y85.984 E.02648
G1 X137.15 Y85.67 E.0265
G1 X136.434 Y85.513 E.02643
G1 X135.791 Y85.488 E.02319
G1 X135.293 Y85.556 E.01812
G1 X134.627 Y85.76 E.02511
G1 X133.981 Y86.114 E.02653
G1 X133.426 Y86.598 E.02653
G1 X132.986 Y87.177 E.02624
G1 X132.673 Y87.853 E.02683
G1 X132.505 Y88.569 E.02652
G1 X132.492 Y89.305 E.02652
G1 X132.632 Y90.028 E.02653
G1 X132.92 Y90.706 E.02654
G1 X133.342 Y91.309 E.02652
G1 X133.88 Y91.811 E.02652
G1 X134.331 Y92.095 E.01923
G1 X134.912 Y92.351 E.02288
G1 X135.57 Y92.495 E.02429
G1 X136.305 Y92.508 E.02649
G1 X136.939 Y92.391 E.02323
G1 X137.429 Y92.214 E.01879
G1 X138.071 Y91.843 E.02674
G1 X138.619 Y91.348 E.02659
G1 X139.009 Y90.82 E.0237
G1 X139.22 Y90.432 E.0159
G1 X139.389 Y89.948 E.01847
G1 X139.497 Y89.422 E.01935
G1 X139.507 Y88.755 E.02406
G1 X137.718 Y90.547 F18000
G1 X137.547 Y90.718
G1 X137.359 Y90.87
G1 X137.156 Y91.002
G1 X136.94 Y91.112
G1 X136.714 Y91.199
G1 X136.481 Y91.261
G1 X136.242 Y91.299
G1 X136 Y91.312
G1 X135.758 Y91.299
G1 X135.519 Y91.261
G1 X135.286 Y91.199
G1 X135.06 Y91.112
G1 X134.844 Y91.002
G1 X134.641 Y90.87
G1 X134.453 Y90.718
G1 X134.282 Y90.547
G1 X133.678 Y91.064
;WIDTH:0.419999
G1 F6000
G1 X133.299 Y90.537 E.01934
G1 X133.039 Y89.941 E.01935
G1 X132.908 Y89.305 E.01935
G1 X132.912 Y88.656 E.01934
G1 X133.051 Y88.021 E.01935
G1 X133.319 Y87.429 E.01935
G1 X133.678 Y86.936 E.01818
G1 X134.173 Y86.486 E.01993
G1 X134.754 Y86.154 E.01995
G1 X135.349 Y85.964 E.01859
G1 X135.965 Y85.906 E.01842
G1 X136.349 Y85.913 E.01144
G1 X136.98 Y86.052 E.01925
G1 X137.571 Y86.319 E.01932
G1 X138.094 Y86.704 E.01934
G1 X138.525 Y87.19 E.01934
G1 X138.827 Y87.717 E.01811
G1 X138.968 Y88.09 E.01187
G1 X139.092 Y88.695 E.01839
G1 X139.088 Y89.344 E.01934
G1 X138.959 Y89.938 E.0181
G1 X138.814 Y90.309 E.01187
G1 X138.502 Y90.842 E.0184
G1 X138.064 Y91.322 E.01934
G1 X137.537 Y91.701 E.01934
G1 X136.941 Y91.961 E.01935
G1 X136.305 Y92.092 E.01935
G1 X135.656 Y92.088 E.01934
G1 X135.062 Y91.959 E.0181
G1 X134.542 Y91.729 E.01693
G1 X134.158 Y91.502 E.0133
G1 X133.722 Y91.105 E.01756
G1 X133.072 Y91.644 F18000
G1 F6000
G1 X133.687 Y92.196 E.02465
G1 X134.162 Y92.484 E.01654
G1 X134.785 Y92.753 E.02021
G1 X135.593 Y92.924 E.02459
G1 X136.419 Y92.923 E.02461
G1 X137.078 Y92.788 E.02003
G1 X137.608 Y92.603 E.01672
G1 X138.323 Y92.188 E.02463
G1 X138.936 Y91.635 E.02459
G1 X139.384 Y91.019 E.0227
G1 X139.617 Y90.571 E.01504
G1 X139.801 Y90.03 E.01702
G1 X139.924 Y89.408 E.01886
G1 X139.923 Y88.626 E.0233
G1 X139.781 Y87.917 E.02155
G1 X139.584 Y87.403 E.01638
G1 X139.388 Y86.987 E.01372
G1 X138.928 Y86.356 E.02323
G1 X138.313 Y85.804 E.02465
G1 X137.839 Y85.516 E.01651
G1 X137.263 Y85.267 E.01867
G1 X136.781 Y85.137 E.01488
G1 X135.972 Y85.056 E.02421
G1 X135.436 Y85.102 E.01604
G1 X134.775 Y85.25 E.02018
G1 X134.221 Y85.486 E.01793
G1 X133.678 Y85.811 E.01885
G1 X133.064 Y86.365 E.02463
G1 X132.616 Y86.981 E.02269
G1 X132.383 Y87.43 E.01507
G1 X132.199 Y87.97 E.01701
G1 X132.076 Y88.592 E.01886
G1 X132.077 Y89.418 E.02461
G1 X132.25 Y90.224 E.02456
G1 X132.586 Y90.977 E.02457
G1 X133.036 Y91.595 E.02277
G1 X134.927 Y93.198 F18000
;TYPE:Sparse infill
;WIDTH:0.45
G1 F6205.95
G1 X134.649 Y93.123 E.00924
G1 X134.245 Y92.967 E.01391
G1 X133.821 Y92.752 E.0153
G1 X133.441 Y92.503 E.0146
G1 X133.105 Y92.231 E.01391
G1 X132.783 Y91.911 E.01461
G1 X132.497 Y91.559 E.0146
G1 X132.248 Y91.179 E.0146
G1 X132.033 Y90.755 E.0153
G1 X131.871 Y90.33 E.01461
G1 X131.759 Y89.913 E.01391
G1 X131.687 Y89.464 E.0146
G1 X131.664 Y89.044 E.01352
G1 X130.518 Y88.642 E.03905
G1 X130.114 Y88.239 E.01835
G1 X129.678 Y86.995 E.04238
G1 X129.274 Y86.592 E.01835
G1 X128.031 Y86.155 E.04238
G1 X127.627 Y85.752 E.01835
G1 X127.191 Y84.508 E.04238
G1 X126.787 Y84.105 E.01835
G1 X125.544 Y83.668 E.04238
G1 X125.14 Y83.265 E.01835
G1 X124.704 Y82.021 E.04238
G1 X124.3 Y81.618 E.01835
G1 X123.057 Y81.181 E.04238
G1 X122.653 Y80.778 E.01835
G1 X122.217 Y79.534 E.04238
G1 X121.813 Y79.131 E.01835
G1 X120.57 Y78.694 E.04238
G1 X120.166 Y78.291 E.01835
G1 X119.839 Y77.357 E.0318
G1 X122.326 Y77.357 E.07997
G1 X122.653 Y78.291 E.0318
G1 X123.057 Y78.694 E.01835
G1 X124.3 Y79.131 E.04238
G1 X124.704 Y79.534 E.01835
G1 X125.14 Y80.778 E.04238
G1 X125.544 Y81.181 E.01835
G1 X126.787 Y81.618 E.04238
G1 X127.191 Y82.021 E.01835
G1 X127.627 Y83.265 E.04238
G1 X128.031 Y83.668 E.01835
G1 X129.274 Y84.105 E.04238
G1 X129.678 Y84.508 E.01835
G1 X130.114 Y85.752 E.04238
G1 X130.518 Y86.155 E.01835
G1 X131.761 Y86.592 E.04238
G1 X132.161 Y86.991 E.01816
G1 X132.248 Y86.821 E.00614
G1 X132.484 Y86.459 E.01391
G1 X132.861 Y86.011 E.01881
G1 X132.601 Y85.752 E.01181
G1 X132.165 Y84.508 E.04238
G1 X131.761 Y84.105 E.01835
G1 X130.518 Y83.668 E.04238
G1 X130.114 Y83.265 E.01835
G1 X129.678 Y82.021 E.04238
G1 X129.274 Y81.618 E.01835
G1 X128.031 Y81.181 E.04238
G1 X127.627 Y80.778 E.01835
G1 X127.191 Y79.534 E.04238
G1 X126.787 Y79.131 E.01835
G1 X125.544 Y78.694 E.04238
G1 X125.14 Y78.291 E.01835
G1 X124.813 Y77.357 E.0318
G1 X127.3 Y77.357 E.07997
G1 X127.627 Y78.291 E.0318
G1 X128.031 Y78.694 E.01835
G1 X129.274 Y79.131 E.04238
G1 X129.678 Y79.534 E.01835
G1 X130.114 Y80.778 E.04238
G1 X130.518 Y81.181 E.01835
G1 X131.761 Y81.618 E.04238
G1 X132.165 Y82.021 E.01835
G1 X132.601 Y83.265 E.04238
G1 X133.005 Y83.668 E.01835
G1 X134.248 Y84.105 E.04238
G1 X134.652 Y84.508 E.01835
G1 X134.77 Y84.844 E.01145
G1 X135.108 Y84.754 E.01127
G1 X135.536 Y84.687 E.01391
G1 X135.989 Y84.663 E.0146
G1 X136.448 Y84.684 E.01477
G1 X136.892 Y84.754 E.01445
G1 X137.26 Y84.852 E.01224
G1 X137.139 Y84.508 E.01171
G1 X136.735 Y84.105 E.01835
G1 X135.492 Y83.668 E.04238
G1 X135.088 Y83.265 E.01835
G1 X134.652 Y82.021 E.04238
G1 X134.248 Y81.618 E.01835
G1 X133.005 Y81.181 E.04238
G1 X132.601 Y80.778 E.01835
G1 X132.165 Y79.534 E.04238
G1 X131.761 Y79.131 E.01835
G1 X130.518 Y78.694 E.04238
G1 X130.114 Y78.291 E.01835
G1 X129.787 Y77.357 E.0318
G1 X132.274 Y77.357 E.07997
G1 X132.601 Y78.291 E.0318
G1 X133.005 Y78.694 E.01835
G1 X134.248 Y79.131 E.04238
G1 X134.652 Y79.534 E.01835
G1 X135.088 Y80.778 E.04238
G1 X135.492 Y81.181 E.01835
G1 X136.735 Y81.618 E.04238
G1 X137.139 Y82.021 E.01835
G1 X137.575 Y83.265 E.04238
G1 X137.979 Y83.668 E.01835
G1 X139.222 Y84.105 E.04238
G1 X139.626 Y84.508 E.01835
G1 X140.062 Y85.752 E.04238
G1 X140.466 Y86.155 E.01835
G1 X141.709 Y86.592 E.04238
G1 X142.113 Y86.995 E.01835
G1 X142.549 Y88.239 E.04238
G1 X142.643 Y88.332 E.00424
G1 X142.643 Y90.008 E.0539
G1 X142.643 Y87.521 F18000
G1 F6205.95
G1 X142.643 Y85.845 E.0539
G1 X142.549 Y85.752 E.00424
G1 X142.113 Y84.508 E.04238
G1 X141.709 Y84.105 E.01835
G1 X140.466 Y83.668 E.04238
G1 X140.062 Y83.265 E.01835
G1 X139.626 Y82.021 E.04238
G1 X139.222 Y81.618 E.01835
G1 X137.979 Y81.181 E.04238
G1 X137.575 Y80.778 E.01835
G1 X137.139 Y79.534 E.04238
G1 X136.735 Y79.131 E.01835
G1 X135.492 Y78.694 E.04238
G1 X135.088 Y78.291 E.01835
G1 X134.761 Y77.357 E.0318
G1 X137.044 Y77.357 E.07343
G1 X142.643 Y82.547 F18000
G1 F6205.95
G1 X142.643 Y80.871 E.0539
G1 X142.549 Y80.778 E.00424
G1 X142.113 Y79.534 E.04238
G1 X141.709 Y79.131 E.01835
G1 X140.466 Y78.694 E.04238
G1 X140.062 Y78.291 E.01835
G1 X139.735 Y77.357 E.0318
G1 X137.248 Y77.357 E.07997
G1 X137.575 Y78.291 E.0318
G1 X137.979 Y78.694 E.01835
G1 X139.222 Y79.131 E.04238
G1 X139.626 Y79.534 E.01835
G1 X140.062 Y80.778 E.04238
G1 X140.466 Y81.181 E.01835
G1 X141.709 Y81.618 E.04238
G1 X142.113 Y82.021 E.01835
G1 X142.549 Y83.265 E.04238
G1 X142.643 Y83.358 E.00424
G1 X142.643 Y85.034 E.0539
; stop printing object top_plate.stl id:4653052573991952974 copy 0
;LAYER_CHANGE
;Z:2.24
;HEIGHT:0.2
G92 E0 ; zero the extruded length again
; BEFORE_LAYER_CHANGE 10 @ 2.24mm
G1 E-1.75 F6000
;WIPE_START
G1 F6205.95
G1 X142.643 Y84.034 E-.75
;WIPE_END
; AFTER_LAYER_CHANGE 10 @ 2.24mm
;_SET_FAN_SPEED_CHANGING_LAYER
; printing object top_plate.stl id:4653052573991952974 copy 0
G1 F18000
G1 X143.118 Y84.2629 Z2.26857
G1 X143.236 Y84.7777 Z2.29714
G1 X142.907 Y85.1905 Z2.32571
G1 X142.379 Y85.1905 Z2.35429
G1 X142.049 Y84.7777 Z2.38286
G1 X142.167 Y84.2629 Z2.41143
G1 X142.643 Y84.0338 Z2.44
G1 X143.389 Y84.034 Z2.44
G1 X140.984 Y143.389
G1 X140.984 Y143.389
G1 X140.995 Y143.79
G1 Z2.24
G1 E2.5 F6000
M204 P1000
;TYPE:Outer wall
;WIDTH:0.42
G1 F3600
G1 X79.005 Y143.79 E1.84644
G1 X78.708 Y143.774 E.00886
G1 X78.42 Y143.729 E.0087
G1 X78.138 Y143.653 E.0087
G1 X77.865 Y143.549 E.0087
G1 X77.605 Y143.416 E.0087
G1 X77.36 Y143.257 E.0087
G1 X77.133 Y143.073 E.0087
G1 X76.927 Y142.867 E.0087
G1 X76.743 Y142.64 E.0087
G1 X76.584 Y142.395 E.0087
G1 X76.452 Y142.135 E.0087
G1 X76.347 Y141.862 E.0087
G1 X76.271 Y141.58 E.0087
G1 X76.226 Y141.292 E.0087
G1 X76.21 Y140.995 E.00886
G1 X76.21 Y79.005 E1.84644
G1 X76.226 Y78.708 E.00886
G1 X76.271 Y78.42 E.0087
G1 X76.347 Y78.138 E.0087
G1 X76.452 Y77.865 E.0087
G1 X76.584 Y77.605 E.0087
G1 X76.743 Y77.36 E.0087
G1 X76.927 Y77.133 E.0087
G1 X77.133 Y76.927 E.0087
G1 X77.36 Y76.743 E.0087
G1 X77.605 Y76.584 E.0087
G1 X77.865 Y76.452 E.0087
G1 X78.138 Y76.347 E.0087
G1 X78.42 Y76.271 E.0087
G1 X78.708 Y76.226 E.0087
G1 X79.005 Y76.21 E.00886
G1 X140.995 Y76.21 E1.84644
G1 X141.292 Y76.226 E.00886
G1 X141.58 Y76.271 E.0087
G1 X141.862 Y76.347 E.0087
G1 X142.135 Y76.452 E.0087
G1 X142.395 Y76.584 E.0087
G1 X142.64 Y76.743 E.0087
G1 X142.867 Y76.927 E.0087
G1 X143.073 Y77.133 E.0087
G1 X143.257 Y77.36 E.0087
G1 X143.416 Y77.605 E.0087
G1 X143.548 Y77.865 E.0087
G1 X143.653 Y78.138 E.0087
G1 X143.729 Y78.42 E.0087
G1 X143.774 Y78.708 E.0087
G1 X143.79 Y79.005 E.00886
G1 X143.79 Y140.995 E1.84644
G1 X143.774 Y141.292 E.00886
G1 X143.729 Y141.58 E.0087
G1 X143.653 Y141.862 E.0087
G1 X143.548 Y142.135 E.0087
G1 X143.416 Y142.395 E.0087
G1 X143.257 Y142.64 E.0087
G1 X143.073 Y142.867 E.0087
G1 X142.867 Y143.073 E.0087
G1 X142.64 Y143.257 E.0087
G1 X142.395 Y143.416 E.0087
G1 X142.135 Y143.548 E.0087
G1 X141.862 Y143.653 E.0087
G1 X141.58 Y143.729 E.0087
G1 X141.292 Y143.774 E.0087
G1 X141.054 Y143.787 E.00707
G1 X141.034 Y143.387 F18000
G1 X140.984 Y143.389
G1 X140.984 Y143.389
G1 X140.984 Y143.398
M204 P1500
;TYPE:Inner wall
;WIDTH:0.45
G1 F6000
G1 X79.016 Y143.398 E1.99268
G1 X78.749 Y143.384 E.00857
G1 X78.502 Y143.345 E.00807
G1 X78.259 Y143.28 E.00807
G1 X78.025 Y143.19 E.00807
G1 X77.801 Y143.076 E.00807
G1 X77.591 Y142.939 E.00806
G1 X77.396 Y142.781 E.00807
G1 X77.219 Y142.604 E.00807
G1 X77.061 Y142.409 E.00807
G1 X76.924 Y142.199 E.00806
G1 X76.81 Y141.975 E.00807
G1 X76.72 Y141.741 E.00807
G1 X76.655 Y141.498 E.00807
G1 X76.616 Y141.251 E.00807
G1 X76.602 Y140.984 E.00857
G1 X76.602 Y79.016 E1.99268
G1 X76.616 Y78.749 E.00857
G1 X76.655 Y78.502 E.00807
G1 X76.72 Y78.259 E.00807
G1 X76.81 Y78.025 E.00807
G1 X76.924 Y77.801 E.00807
G1 X77.061 Y77.591 E.00806
G1 X77.219 Y77.396 E.00807
G1 X77.396 Y77.219 E.00807
G1 X77.591 Y77.061 E.00807
G1 X77.801 Y76.924 E.00806
G1 X78.025 Y76.81 E.00807
G1 X78.259 Y76.72 E.00807
G1 X78.502 Y76.655 E.00807
G1 X78.749 Y76.616 E.00807
G1 X79.016 Y76.602 E.00857
G1 X140.984 Y76.602 E1.99268
G1 X141.251 Y76.616 E.00857
G1 X141.498 Y76.655 E.00807
G1 X141.741 Y76.72 E.00807
G1 X141.975 Y76.81 E.00807
G1 X142.199 Y76.924 E.00807
G1 X142.409 Y77.061 E.00806
G1 X142.604 Y77.219 E.00807
G1 X142.781 Y77.396 E.00807
G1 X142.939 Y77.591 E.00807
G1 X143.076 Y77.801 E.00806
G1 X143.19 Y78.025 E.00807
G1 X143.28 Y78.259 E.00807
G1 X143.345 Y78.502 E.00807
G1 X143.384 Y78.749 E.00807
G1 X143.398 Y79.016 E.00857
G1 X143.398 Y140.984 E1.99268
G1 X143.384 Y141.251 E.00857
G1 X143.345 Y141.498 E.00807
G1 X143.28 Y141.741 E.00807
G1 X143.19 Y141.975 E.00807
G1 X143.076 Y142.199 E.00807
G1 X142.939 Y142.409 E.00806
G1 X142.781 Y142.604 E.00807
G1 X142.604 Y142.781 E.00807
G1 X142.409 Y142.939 E.00807
G1 X142.199 Y143.076 E.00806
G1 X141.975 Y143.19 E.00807
G1 X141.741 Y143.28 E.00807
G1 X141.498 Y143.345 E.00807
G1 X141.251 Y143.384 E.00807
G1 X141.044 Y143.395 E.00665
G1 X140.974 Y142.991 F18000
G1 F6000
G1 X79.026 Y142.991 E1.992
G1 X78.792 Y142.979 E.00754
G1 X78.385 Y142.892 E.01338
G1 X78.005 Y142.723 E.01338
G1 X77.669 Y142.479 E.01337
G1 X77.39 Y142.169 E.01338
G1 X77.183 Y141.809 E.01337
G1 X77.054 Y141.414 E.01337
G1 X77.009 Y140.974 E.01422
G1 X77.009 Y79.026 E1.992
G1 X77.021 Y78.792 E.00754
G1 X77.108 Y78.385 E.01338
G1 X77.277 Y78.005 E.01338
G1 X77.521 Y77.669 E.01337
G1 X77.831 Y77.39 E.01338
G1 X78.191 Y77.183 E.01337
G1 X78.586 Y77.054 E.01337
G1 X79.026 Y77.009 E.01422
G1 X140.974 Y77.009 E1.992
G1 X141.208 Y77.021 E.00754
G1 X141.615 Y77.108 E.01338
G1 X141.995 Y77.277 E.01338
G1 X142.169 Y77.39 E.00669
G1 X142.479 Y77.669 E.01338
G1 X142.723 Y78.005 E.01337
G1 X142.892 Y78.385 E.01338
G1 X142.979 Y78.792 E.01338
G1 X142.991 Y79.026 E.00754
G1 X142.991 Y140.974 E1.992
G1 X142.979 Y141.208 E.00754
G1 X142.892 Y141.615 E.01338
G1 X142.723 Y141.995 E.01338
G1 X142.479 Y142.331 E.01337
G1 X142.169 Y142.61 E.01338
G1 X141.809 Y142.817 E.01337
G1 X141.414 Y142.946 E.01337
G1 X141.033 Y142.985 E.01229
G1 E-1.75
;WIPE_START
G1 X140.033 Y142.985 E-.75
;WIPE_END
G1 X140.033 Y143.389 Z2.44 F18000
G1 X135.779 Y91.3
G1 X135.8 Y90.901
G1 Z2.24
G1 E2.5 F6000
M204 P1000
;TYPE:Outer wall
;WIDTH:0.42
G1 F3600
G1 X136.2 Y90.901 E.0119
G1 X136.591 Y90.818 E.0119
G1 X136.956 Y90.655 E.0119
G1 X137.279 Y90.42 E.0119
G1 X137.546 Y90.123 E.0119
G1 X137.743 Y89.782 E.01174
G1 X137.819 Y89.585 E.00629
G1 X137.901 Y89.2 E.01174
G1 X137.901 Y88.8 E.0119
G1 X137.819 Y88.415 E.01174
G1 X137.743 Y88.218 E.00629
G1 X137.546 Y87.877 E.01174
G1 X137.279 Y87.58 E.0119
G1 X136.956 Y87.345 E.0119
G1 X136.591 Y87.182 E.0119
G1 X136.2 Y87.099 E.01189
G1 X135.832 Y87.098 E.01096
G1 X135.599 Y87.132 E.00701
G1 X135.223 Y87.254 E.0118
G1 X134.877 Y87.454 E.0119
G1 X134.58 Y87.721 E.0119
G1 X134.345 Y88.044 E.0119
G1 X134.182 Y88.409 E.0119
G1 X134.099 Y88.8 E.0119
G1 X134.099 Y89.2 E.0119
G1 X134.182 Y89.591 E.0119
G1 X134.345 Y89.956 E.0119
G1 X134.58 Y90.279 E.0119
G1 X134.877 Y90.546 E.0119
G1 X135.218 Y90.743 E.01174
G1 X135.415 Y90.819 E.00629
G1 X135.742 Y90.888 E.00995
G1 X135.678 Y91.286 F18000
G1 X135.758 Y91.299
G1 X135.776 Y91.3
G1 X135.776 Y91.293
M204 P1500
;TYPE:Inner wall
;WIDTH:0.45
G1 F6000
G1 X136.241 Y91.293 E.01494
G1 X136.712 Y91.193 E.0155
G1 X137.153 Y90.997 E.0155
G1 X137.543 Y90.713 E.0155
G1 X137.865 Y90.355 E.0155
G1 X138.098 Y89.952 E.01499
G1 X138.196 Y89.697 E.00877
G1 X138.293 Y89.241 E.01499
G1 X138.293 Y88.759 E.01549
G1 X138.196 Y88.303 E.01499
G1 X138.098 Y88.048 E.00877
G1 X137.865 Y87.645 E.01499
G1 X137.543 Y87.287 E.0155
G1 X137.153 Y87.003 E.0155
G1 X136.712 Y86.807 E.0155
G1 X136.242 Y86.707 E.01546
G1 X135.805 Y86.706 E.01406
G1 X135.51 Y86.748 E.00958
G1 X135.062 Y86.894 E.01514
G1 X134.645 Y87.135 E.0155
G1 X134.287 Y87.457 E.0155
G1 X134.003 Y87.847 E.0155
G1 X133.807 Y88.288 E.0155
G1 X133.707 Y88.759 E.0155
G1 X133.707 Y89.241 E.01549
G1 X133.807 Y89.712 E.0155
G1 X134.003 Y90.153 E.0155
G1 X134.287 Y90.543 E.0155
G1 X134.645 Y90.865 E.0155
G1 X135.048 Y91.098 E.01499
G1 X135.303 Y91.196 E.00877
G1 X135.717 Y91.284 E.01361
G1 X135.639 Y91.684 F18000
G1 F6000
G1 X135.716 Y91.7 E.00253
G1 X136.284 Y91.7 E.01824
G1 X136.839 Y91.582 E.01825
G1 X137.357 Y91.351 E.01826
G1 X137.817 Y91.018 E.01825
G1 X138.196 Y90.596 E.01825
G1 X138.467 Y90.127 E.0174
G1 X138.588 Y89.813 E.01084
G1 X138.7 Y89.284 E.01739
G1 X138.7 Y88.716 E.01824
G1 X138.588 Y88.187 E.01739
G1 X138.467 Y87.873 E.01084
G1 X138.196 Y87.404 E.0174
G1 X137.817 Y86.982 E.01825
G1 X137.357 Y86.649 E.01825
G1 X136.839 Y86.418 E.01826
G1 X136.286 Y86.3 E.01819
G1 X135.776 Y86.298 E.01638
G1 X135.417 Y86.35 E.01166
G1 X134.896 Y86.52 E.01763
G1 X134.404 Y86.804 E.01826
G1 X133.982 Y87.183 E.01825
G1 X133.649 Y87.643 E.01825
G1 X133.418 Y88.161 E.01826
G1 X133.3 Y88.716 E.01825
G1 X133.3 Y89.284 E.01824
G1 X133.418 Y89.839 E.01825
G1 X133.649 Y90.357 E.01826
G1 X133.982 Y90.817 E.01825
G1 X134.404 Y91.196 E.01825
G1 X134.873 Y91.467 E.0174
G1 X135.187 Y91.588 E.01084
G1 X135.581 Y91.671 E.01293
G1 E-1.75
;WIPE_START
G1 X135.716 Y91.7 E-.10393
G1 X136.284 Y91.7 E-.4255
G1 X136.571 Y91.639 E-.22057
;WIPE_END
G1 X136.481 Y91.261 Z2.44 F18000
G1 X138.312 Y131
G1 X138.299 Y131.242
G1 X138.261 Y131.481
G1 X138.199 Y131.714
G1 X138.112 Y131.94
G1 X138.002 Y132.156
G1 X137.87 Y132.359
G1 X137.718 Y132.547
G1 X137.547 Y132.718
G1 X137.359 Y132.87
G1 X137.156 Y133.002
G1 X136.94 Y133.112
G1 X136.714 Y133.199
G1 X136.481 Y133.261
G1 X136.242 Y133.299
G1 X136.221 Y133.3
G1 X136.2 Y132.901
G1 Z2.24
G1 E2.5 F6000
M204 P1000
;TYPE:Outer wall
;WIDTH:0.42
G1 F3600
G1 X136.591 Y132.818 E.0119
G1 X136.956 Y132.655 E.0119
G1 X137.279 Y132.42 E.0119
G1 X137.546 Y132.123 E.0119
G1 X137.743 Y131.782 E.01174
G1 X137.819 Y131.585 E.00629
G1 X137.901 Y131.2 E.01174
G1 X137.901 Y130.8 E.0119
G1 X137.819 Y130.415 E.01174
G1 X137.743 Y130.218 E.00629
G1 X137.546 Y129.877 E.01174
G1 X137.279 Y129.58 E.0119
G1 X136.956 Y129.345 E.0119
G1 X136.591 Y129.182 E.0119
G1 X136.2 Y129.099 E.01189
G1 X135.832 Y129.098 E.01096
G1 X135.599 Y129.132 E.00701
G1 X135.223 Y129.254 E.0118
G1 X134.877 Y129.454 E.0119
G1 X134.58 Y129.721 E.0119
G1 X134.345 Y130.044 E.0119
G1 X134.182 Y130.409 E.0119
G1 X134.099 Y130.8 E.0119
G1 X134.099 Y131.2 E.0119
G1 X134.182 Y131.591 E.0119
G1 X134.345 Y131.956 E.0119
G1 X134.58 Y132.279 E.0119
G1 X134.877 Y132.546 E.0119
G1 X135.218 Y132.743 E.01174
G1 X135.415 Y132.819 E.00629
G1 X135.8 Y132.901 E.01174
G1 X136.14 Y132.901 E.01011
G1 X136.161 Y133.303 F18000
G1 X136.225 Y133.3
G1 X136.224 Y133.293
M204 P1500
;TYPE:Inner wall
;WIDTH:0.45
G1 F6000
G1 X136.241 Y133.293 E.00054
G1 X136.712 Y133.193 E.0155
G1 X137.153 Y132.997 E.0155
G1 X137.543 Y132.713 E.0155
G1 X137.865 Y132.355 E.0155
G1 X138.098 Y131.952 E.01499
G1 X138.196 Y131.697 E.00877
G1 X138.293 Y131.241 E.01499
G1 X138.293 Y130.759 E.01549
G1 X138.196 Y130.303 E.01499
G1 X138.098 Y130.048 E.00877
G1 X137.865 Y129.645 E.01499
G1 X137.543 Y129.287 E.0155
G1 X137.153 Y129.003 E.0155
G1 X136.712 Y128.807 E.0155
G1 X136.242 Y128.707 E.01546
G1 X135.805 Y128.706 E.01406
G1 X135.51 Y128.748 E.00958
G1 X135.062 Y128.894 E.01514
G1 X134.645 Y129.135 E.0155
G1 X134.287 Y129.457 E.0155
G1 X134.003 Y129.847 E.0155
G1 X133.807 Y130.288 E.0155
G1 X133.707 Y130.759 E.0155
G1 X133.707 Y131.241 E.01549
G1 X133.807 Y131.712 E.0155
G1 X134.003 Y132.153 E.0155
G1 X134.287 Y132.543 E.0155
G1 X134.645 Y132.865 E.0155
G1 X135.048 Y133.098 E.01499
G1 X135.303 Y133.196 E.00877
G1 X135.759 Y133.293 E.01499
G1 X136.164 Y133.293 E.01303
G1 X136.36 Y133.684 F18000
G1 F6000
G1 X136.839 Y133.582 E.01574
G1 X137.357 Y133.351 E.01826
G1 X137.817 Y133.018 E.01825
G1 X138.196 Y132.596 E.01825
G1 X138.467 Y132.127 E.0174
G1 X138.588 Y131.813 E.01084
G1 X138.7 Y131.284 E.01739
G1 X138.7 Y130.716 E.01824
G1 X138.588 Y130.187 E.01739
G1 X138.467 Y129.873 E.01084
G1 X138.196 Y129.404 E.0174
G1 X137.817 Y128.982 E.01825
G1 X137.357 Y128.649 E.01825
G1 X136.839 Y128.418 E.01826
G1 X136.286 Y128.3 E.01819
G1 X135.776 Y128.298 E.01638
G1 X135.417 Y128.35 E.01166
G1 X134.896 Y128.52 E.01763
G1 X134.404 Y128.804 E.01826
G1 X133.982 Y129.183 E.01825
G1 X133.649 Y129.643 E.01825
G1 X133.418 Y130.161 E.01826
G1 X133.3 Y130.716 E.01825
G1 X133.3 Y131.284 E.01824
G1 X133.418 Y131.839 E.01825
G1 X133.649 Y132.357 E.01826
G1 X133.982 Y132.817 E.01825
G1 X134.404 Y133.196 E.01825
G1 X134.873 Y133.467 E.0174
G1 X135.187 Y133.588 E.01084
G1 X135.716 Y133.7 E.01739
G1 X136.284 Y133.7 E.01824
G1 X136.301 Y133.696 E.00058
G1 E-1.75
;WIPE_START
G1 X136.839 Y133.582 E-.41207
G1 X137.25 Y133.399 E-.33793
;WIPE_END
G1 X137.07 Y133.046 Z2.44 F18000
G1 X85.29 Y132.915
G1 X85.156 Y133.002
G1 X84.94 Y133.112
G1 X84.714 Y133.199
G1 X84.481 Y133.261
G1 X84.242 Y133.299
G1 X84 Y133.312
G1 X83.779 Y133.3
G1 X83.8 Y132.901
G1 Z2.24
G1 E2.5 F6000
M204 P1000
;TYPE:Outer wall
;WIDTH:0.42
G1 F3600
G1 X84.2 Y132.901 E.0119
G1 X84.591 Y132.818 E.0119
G1 X84.956 Y132.655 E.0119
G1 X85.279 Y132.42 E.0119
G1 X85.546 Y132.123 E.0119
G1 X85.743 Y131.782 E.01174
G1 X85.819 Y131.585 E.00629
G1 X85.901 Y131.2 E.01174
G1 X85.901 Y130.8 E.0119
G1 X85.819 Y130.415 E.01174
G1 X85.743 Y130.218 E.00629
G1 X85.546 Y129.877 E.01174
G1 X85.279 Y129.58 E.0119
G1 X84.956 Y129.345 E.0119
G1 X84.591 Y129.182 E.0119
G1 X84.2 Y129.099 E.01189
G1 X83.832 Y129.098 E.01096
G1 X83.599 Y129.132 E.00701
G1 X83.223 Y129.254 E.0118
G1 X82.877 Y129.454 E.0119
G1 X82.58 Y129.721 E.0119
G1 X82.345 Y130.044 E.0119
G1 X82.182 Y130.409 E.0119
G1 X82.099 Y130.8 E.0119
G1 X82.099 Y131.2 E.0119
G1 X82.182 Y131.591 E.0119
G1 X82.345 Y131.956 E.0119
G1 X82.58 Y132.279 E.0119
G1 X82.877 Y132.546 E.0119
G1 X83.218 Y132.743 E.01174
G1 X83.415 Y132.819 E.00629
G1 X83.742 Y132.888 E.00995
G1 X83.678 Y133.286 F18000
G1 X83.758 Y133.299
G1 X83.776 Y133.3
G1 X83.776 Y133.293
M204 P1500
;TYPE:Inner wall
;WIDTH:0.45
G1 F6000
G1 X84.241 Y133.293 E.01494
G1 X84.712 Y133.193 E.0155
G1 X85.153 Y132.997 E.0155
G1 X85.543 Y132.713 E.0155
G1 X85.865 Y132.355 E.0155
G1 X86.098 Y131.952 E.01499
G1 X86.196 Y131.697 E.00877
G1 X86.293 Y131.241 E.01499
G1 X86.293 Y130.759 E.01549
G1 X86.196 Y130.303 E.01499
G1 X86.098 Y130.048 E.00877
G1 X85.865 Y129.645 E.01499
G1 X85.543 Y129.287 E.0155
G1 X85.153 Y129.003 E.0155
G1 X84.712 Y128.807 E.0155
G1 X84.242 Y128.707 E.01546
G1 X83.805 Y128.706 E.01406
G1 X83.51 Y128.748 E.00958
G1 X83.062 Y128.894 E.01514
G1 X82.645 Y129.135 E.0155
G1 X82.287 Y129.457 E.0155
G1 X82.003 Y129.847 E.0155
G1 X81.807 Y130.288 E.0155
G1 X81.707 Y130.759 E.0155
G1 X81.707 Y131.241 E.01549
G1 X81.807 Y131.712 E.0155
G1 X82.003 Y132.153 E.0155
G1 X82.287 Y132.543 E.0155
G1 X82.645 Y132.865 E.0155
G1 X83.048 Y133.098 E.01499
G1 X83.303 Y133.196 E.00877
G1 X83.717 Y133.284 E.01361
G1 X83.639 Y133.684 F18000
G1 F6000
G1 X83.716 Y133.7 E.00253
G1 X84.284 Y133.7 E.01824
G1 X84.839 Y133.582 E.01825
G1 X85.357 Y133.351 E.01826
G1 X85.817 Y133.018 E.01825
G1 X86.196 Y132.596 E.01825
G1 X86.467 Y132.127 E.0174
G1 X86.588 Y131.813 E.01084
G1 X86.7 Y131.284 E.01739
G1 X86.7 Y130.716 E.01824
G1 X86.588 Y130.187 E.01739
G1 X86.467 Y129.873 E.01084
G1 X86.196 Y129.404 E.0174
G1 X85.817 Y128.982 E.01825
G1 X85.357 Y128.649 E.01825
G1 X84.839 Y128.418 E.01826
G1 X84.286 Y128.3 E.01819
G1 X83.776 Y128.298 E.01638
G1 X83.417 Y128.35 E.01166
G1 X82.896 Y128.52 E.01763
G1 X82.404 Y128.804 E.01826
G1 X81.982 Y129.183 E.01825
G1 X81.649 Y129.643 E.01825
G1 X81.418 Y130.161 E.01826
G1 X81.3 Y130.716 E.01825
G1 X81.3 Y131.284 E.01824
G1 X81.418 Y131.839 E.01825
G1 X81.649 Y132.357 E.01826
G1 X81.982 Y132.817 E.01825
G1 X82.404 Y133.196 E.01825
G1 X82.873 Y133.467 E.0174
G1 X83.187 Y133.588 E.01084
G1 X83.581 Y133.671 E.01293
G1 E-1.75
;WIPE_START
G1 X83.716 Y133.7 E-.10393
G1 X84.284 Y133.7 E-.4255
G1 X84.571 Y133.639 E-.22057
;WIPE_END
G1 X84.481 Y133.261 Z2.44 F18000
G1 X84.714 Y133.199
G1 X84.94 Y133.112
G1 X85.156 Y133.002
G1 X85.359 Y132.87
G1 X85.547 Y132.718
G1 X85.718 Y132.547
G1 X85.87 Y132.359
G1 X86.002 Y132.156
G1 X86.112 Y131.94
G1 X86.199 Y131.714
G1 X86.261 Y131.481
G1 X86.299 Y131.242
G1 X86.312 Y131
G1 X86.299 Y130.758
G1 X86.261 Y130.519
G1 X86.199 Y130.286
G1 X86.112 Y130.06
G1 X86.002 Y129.844
G1 X85.87 Y129.641
G1 X85.718 Y129.453
G1 X85.547 Y129.282
G1 X85.359 Y129.13
G1 X85.156 Y128.998
G1 X84.94 Y128.888
G1 X84.714 Y128.801
G1 X84.483 Y128.739
G1 X83.779 Y91.3
G1 X83.8 Y90.901
G1 Z2.24
G1 E2.5 F6000
M204 P1000
;TYPE:Outer wall
;WIDTH:0.42
G1 F3600
G1 X84.2 Y90.901 E.0119
G1 X84.591 Y90.818 E.0119
G1 X84.956 Y90.655 E.0119
G1 X85.279 Y90.42 E.0119
G1 X85.546 Y90.123 E.0119
G1 X85.743 Y89.782 E.01174
G1 X85.819 Y89.585 E.00629
G1 X85.901 Y89.2 E.01174
G1 X85.901 Y88.8 E.0119
G1 X85.819 Y88.415 E.01174
G1 X85.743 Y88.218 E.00629
G1 X85.546 Y87.877 E.01174
G1 X85.279 Y87.58 E.0119
G1 X84.956 Y87.345 E.0119
G1 X84.591 Y87.182 E.0119
G1 X84.2 Y87.099 E.01189
G1 X83.832 Y87.098 E.01096
G1 X83.599 Y87.132 E.00701
G1 X83.223 Y87.254 E.0118
G1 X82.877 Y87.454 E.0119
G1 X82.58 Y87.721 E.0119
G1 X82.345 Y88.044 E.0119
G1 X82.182 Y88.409 E.0119
G1 X82.099 Y88.8 E.0119
G1 X82.099 Y89.2 E.0119
G1 X82.182 Y89.591 E.0119
G1 X82.345 Y89.956 E.0119
G1 X82.58 Y90.279 E.0119
G1 X82.877 Y90.546 E.0119
G1 X83.218 Y90.743 E.01174
G1 X83.415 Y90.819 E.00629
G1 X83.742 Y90.888 E.00995
G1 X83.678 Y91.286 F18000
G1 X83.758 Y91.299
G1 X83.776 Y91.3
G1 X83.776 Y91.293
M204 P1500
;TYPE:Inner wall
;WIDTH:0.45
G1 F6000
G1 X84.241 Y91.293 E.01494
G1 X84.712 Y91.193 E.0155
G1 X85.153 Y90.997 E.0155
G1 X85.543 Y90.713 E.0155
G1 X85.865 Y90.355 E.0155
G1 X86.098 Y89.952 E.01499
G1 X86.196 Y89.697 E.00877
G1 X86.293 Y89.241 E.01499
G1 X86.293 Y88.759 E.01549
G1 X86.196 Y88.303 E.01499
G1 X86.098 Y88.048 E.00877
G1 X85.865 Y87.645 E.01499
G1 X85.543 Y87.287 E.0155
G1 X85.153 Y87.003 E.0155
G1 X84.712 Y86.807 E.0155
G1 X84.242 Y86.707 E.01546
G1 X83.805 Y86.706 E.01406
G1 X83.51 Y86.748 E.00958
G1 X83.062 Y86.894 E.01514
G1 X82.645 Y87.135 E.0155
G1 X82.287 Y87.457 E.0155
G1 X82.003 Y87.847 E.0155
G1 X81.807 Y88.288 E.0155
G1 X81.707 Y88.759 E.0155
G1 X81.707 Y89.241 E.01549
G1 X81.807 Y89.712 E.0155
G1 X82.003 Y90.153 E.0155
G1 X82.287 Y90.543 E.0155
G1 X82.645 Y90.865 E.0155
G1 X83.048 Y91.098 E.01499
G1 X83.303 Y91.196 E.00877
G1 X83.717 Y91.284 E.01361
G1 X83.795 Y91.7 F18000
G1 F6000
G1 X84.284 Y91.7 E.01572
G1 X84.839 Y91.582 E.01825
G1 X85.357 Y91.351 E.01826
G1 X85.817 Y91.018 E.01825
G1 X86.196 Y90.596 E.01825
G1 X86.467 Y90.127 E.0174
G1 X86.588 Y89.813 E.01084
G1 X86.7 Y89.284 E.01739
G1 X86.7 Y88.716 E.01824
G1 X86.588 Y88.187 E.01739
G1 X86.467 Y87.873 E.01084
G1 X86.196 Y87.404 E.0174
G1 X85.817 Y86.982 E.01825
G1 X85.357 Y86.649 E.01825
G1 X84.839 Y86.418 E.01826
G1 X84.286 Y86.3 E.01819
G1 X83.776 Y86.298 E.01638
G1 X83.417 Y86.35 E.01166
G1 X82.896 Y86.52 E.01763
G1 X82.404 Y86.804 E.01826
G1 X81.982 Y87.183 E.01825
G1 X81.649 Y87.643 E.01825
G1 X81.418 Y88.161 E.01826
G1 X81.3 Y88.716 E.01825
G1 X81.3 Y89.284 E.01824
G1 X81.418 Y89.839 E.01825
G1 X81.649 Y90.357 E.01826
G1 X81.982 Y90.817 E.01825
G1 X82.404 Y91.196 E.01825
G1 X82.873 Y91.467 E.0174
G1 X83.187 Y91.588 E.01084
G1 X83.716 Y91.7 E.01739
G1 X83.735 Y91.7 E.0006
G1 E-1.75
;WIPE_START
G1 X84.284 Y91.7 E-.41158
G1 X84.725 Y91.606 E-.33842
;WIPE_END
G1 X84.622 Y91.223 Z2.44 F18000
G1 X101.689 Y118.311
G1 X118.311 Y118.311
G1 X118.311 Y117.91
G1 X117.91 Y117.91
G1 Z2.24
G1 E2.5 F6000
M204 P1000
;TYPE:Outer wall
;WIDTH:0.42
G1 F3600
G1 X117.91 Y102.09 E.47122
G1 X102.09 Y102.09 E.47122
G1 X102.09 Y117.91 E.47122
G1 X117.85 Y117.91 E.46944
G1 X117.85 Y118.311 F18000
G1 X118.311 Y118.311
G1 X118.311 Y118.302
G1 X118.302 Y118.302
M204 P1500
;TYPE:Inner wall
;WIDTH:0.45
G1 F6000
G1 X118.302 Y101.698 E.53393
G1 X101.698 Y101.698 E.53393
G1 X101.698 Y118.302 E.53393
G1 X118.242 Y118.302 E.532
G1 X118.709 Y118.709 F18000
G1 F6000
G1 X118.709 Y101.291 E.56011
G1 X101.291 Y101.291 E.56011
G1 X101.291 Y118.709 E.56011
G1 X118.649 Y118.709 E.55818
G1 X132.4 Y128.587 F18000
M204 P2000
;TYPE:Sparse infill
G1 F6205.95
G1 X132.238 Y128.84 E.00967
G1 X132.041 Y129.226 E.01391
G1 X131.871 Y129.67 E.0153
G1 X131.754 Y130.108 E.0146
G1 X131.687 Y130.536 E.01391
G1 X131.662 Y130.989 E.0146
G1 X131.674 Y131.237 E.00798
G1 X130.518 Y131.026 E.03778
G1 X129.783 Y131.761 E.03343
G1 X130.01 Y133.005 E.04065
G1 X129.274 Y133.74 E.03343
G1 X128.031 Y133.513 E.04065
G1 X127.296 Y134.248 E.03343
G1 X127.523 Y135.492 E.04065
G1 X126.787 Y136.227 E.03343
G1 X125.544 Y136 E.04065
G1 X124.809 Y136.735 E.03343
G1 X125.036 Y137.979 E.04065
G1 X124.3 Y138.714 E.03343
G1 X123.057 Y138.487 E.04065
G1 X122.322 Y139.222 E.03343
G1 X122.548 Y140.466 E.04065
G1 X121.813 Y141.201 E.03343
G1 X120.57 Y140.974 E.04065
G1 X119.835 Y141.709 E.03343
G1 X119.936 Y142.265 E.01818
G1 X117.449 Y142.265 E.07997
G1 X117.348 Y141.709 E.01818
G1 X118.083 Y140.974 E.03343
G1 X119.326 Y141.201 E.04065
G1 X120.061 Y140.466 E.03343
G1 X119.835 Y139.222 E.04065
G1 X120.57 Y138.487 E.03343
G1 X121.813 Y138.714 E.04065
G1 X122.548 Y137.979 E.03343
G1 X122.322 Y136.735 E.04065
G1 X123.057 Y136 E.03343
G1 X124.3 Y136.227 E.04065
G1 X125.036 Y135.492 E.03343
G1 X124.809 Y134.248 E.04065
G1 X125.544 Y133.513 E.03343
G1 X126.787 Y133.74 E.04065
G1 X127.523 Y133.005 E.03343
G1 X127.296 Y131.761 E.04065
G1 X128.031 Y131.026 E.03343
G1 X129.274 Y131.253 E.04065
G1 X130.01 Y130.518 E.03343
G1 X129.783 Y129.274 E.04065
G1 X130.518 Y128.539 E.03343
G1 X131.761 Y128.766 E.04065
G1 X132.497 Y128.031 E.03343
G1 X132.27 Y126.787 E.04065
G1 X133.005 Y126.052 E.03343
G1 X134.248 Y126.279 E.04065
G1 X134.984 Y125.544 E.03343
G1 X134.757 Y124.3 E.04065
G1 X135.492 Y123.565 E.03343
G1 X136.735 Y123.792 E.04065
G1 X137.471 Y123.057 E.03343
G1 X137.244 Y121.813 E.04065
G1 X137.979 Y121.078 E.03343
G1 X139.222 Y121.305 E.04065
G1 X139.958 Y120.57 E.03343
G1 X139.731 Y119.326 E.04065
G1 X140.466 Y118.591 E.03343
G1 X141.709 Y118.818 E.04065
G1 X142.265 Y118.262 E.02529
G1 X142.265 Y119.279 E.03269
G1 X142.218 Y119.326 E.00217
G1 X142.265 Y119.588 E.00856
G1 X142.265 Y120.545 E.03078
G1 X142.265 Y123.032 F18000
G1 F6205.95
G1 X142.265 Y122.075 E.03078
G1 X142.218 Y121.813 E.00856
G1 X142.265 Y121.766 E.00217
G1 X142.265 Y120.749 E.03269
G1 X141.709 Y121.305 E.02529
G1 X140.466 Y121.078 E.04065
G1 X139.731 Y121.813 E.03343
G1 X139.958 Y123.057 E.04065
G1 X139.222 Y123.792 E.03343
G1 X137.979 Y123.565 E.04065
G1 X137.244 Y124.3 E.03343
G1 X137.471 Y125.544 E.04065
G1 X136.735 Y126.279 E.03343
G1 X135.492 Y126.052 E.04065
G1 X134.757 Y126.787 E.03343
G1 X134.767 Y126.845 E.00187
G1 X135.105 Y126.754 E.01123
G1 X135.536 Y126.687 E.01403
G1 X136.011 Y126.662 E.0153
G1 X136.448 Y126.684 E.01407
G1 X136.892 Y126.754 E.01444
G1 X137.255 Y126.851 E.0121
G1 X137.244 Y126.787 E.00207
G1 X137.979 Y126.052 E.03343
G1 X139.222 Y126.279 E.04065
G1 X139.958 Y125.544 E.03343
G1 X139.731 Y124.3 E.04065
G1 X140.466 Y123.565 E.03343
G1 X141.709 Y123.792 E.04065
G1 X142.265 Y123.236 E.02529
G1 X142.265 Y124.253 E.03269
G1 X142.218 Y124.3 E.00217
G1 X142.265 Y124.562 E.00856
G1 X142.265 Y125.519 E.03078
G1 X142.265 Y128.006 F18000
G1 F6205.95
G1 X142.265 Y127.049 E.03078
G1 X142.218 Y126.787 E.00856
G1 X142.265 Y126.74 E.00217
G1 X142.265 Y125.723 E.03269
G1 X141.709 Y126.279 E.02529
G1 X140.466 Y126.052 E.04065
G1 X139.731 Y126.787 E.03343
G1 X139.958 Y128.031 E.04065
G1 X139.521 Y128.467 E.01984
G1 X139.752 Y128.821 E.01359
G1 X139.898 Y129.107 E.01032
G1 X140.466 Y128.539 E.02582
G1 X141.709 Y128.766 E.04065
G1 X142.265 Y128.21 E.02529
G1 X142.265 Y129.227 E.03269
G1 X142.218 Y129.274 E.00217
G1 X142.265 Y129.536 E.00856
G1 X142.265 Y130.493 E.03078
G1 X142.265 Y132.98 F18000
G1 F6205.95
G1 X142.265 Y132.023 E.03078
G1 X142.218 Y131.761 E.00856
G1 X142.265 Y131.714 E.00217
G1 X142.265 Y130.697 E.03269
G1 X141.709 Y131.253 E.02529
G1 X140.466 Y131.026 E.04065
G1 X140.33 Y131.162 E.00617
G1 X140.313 Y131.464 E.00974
G1 X140.241 Y131.913 E.0146
G1 X140.123 Y132.351 E.0146
G1 X139.927 Y132.837 E.01685
G1 X139.958 Y133.005 E.00549
G1 X139.692 Y133.271 E.0121
G1 X139.503 Y133.559 E.01106
G1 X139.231 Y133.895 E.01391
G1 X138.911 Y134.217 E.01461
G1 X138.541 Y134.516 E.01529
G1 X138.16 Y134.762 E.0146
G1 X137.774 Y134.959 E.01391
G1 X137.4 Y135.104 E.01292
G1 X137.471 Y135.492 E.01269
G1 X136.735 Y136.227 E.03343
G1 X135.492 Y136 E.04065
G1 X134.757 Y136.735 E.03343
G1 X134.984 Y137.979 E.04065
G1 X134.248 Y138.714 E.03343
G1 X133.005 Y138.487 E.04065
G1 X132.27 Y139.222 E.03343
G1 X132.497 Y140.466 E.04065
G1 X131.761 Y141.201 E.03343
G1 X130.518 Y140.974 E.04065
G1 X129.783 Y141.709 E.03343
G1 X129.884 Y142.265 E.01818
G1 X127.397 Y142.265 E.07997
G1 X127.296 Y141.709 E.01818
G1 X128.031 Y140.974 E.03343
G1 X129.274 Y141.201 E.04065
G1 X130.01 Y140.466 E.03343
G1 X129.783 Y139.222 E.04065
G1 X130.518 Y138.487 E.03343
G1 X131.761 Y138.714 E.04065
G1 X132.497 Y137.979 E.03343
G1 X132.27 Y136.735 E.04065
G1 X133.005 Y136 E.03343
G1 X134.248 Y136.227 E.04065
G1 X134.984 Y135.492 E.03343
G1 X134.93 Y135.199 E.00957
G1 X134.649 Y135.123 E.00936
G1 X134.245 Y134.967 E.01391
G1 X133.821 Y134.752 E.0153
G1 X133.441 Y134.503 E.0146
G1 X133.105 Y134.231 E.01391
G1 X132.839 Y133.966 E.01208
G1 X136.481 Y133.261 F18000
G1 X136.714 Y133.199
G1 X136.94 Y133.112
G1 X137.156 Y133.002
G1 X137.359 Y132.87
G1 X137.547 Y132.718
G1 X137.718 Y132.547
G1 X139.508 Y130.695
;TYPE:Internal solid infill
;WIDTH:0.499926
G1 F5527.97
G1 X139.374 Y130.003 E.02544
G1 X139.17 Y129.485 E.02009
G1 X138.88 Y128.985 E.02089
G1 X138.398 Y128.43 E.02652
G1 X137.814 Y127.984 E.02652
G1 X137.15 Y127.67 E.02654
G1 X136.432 Y127.512 E.02654
G1 X135.764 Y127.487 E.02411
G1 X135.261 Y127.553 E.01834
G1 X134.627 Y127.76 E.02408
G1 X133.981 Y128.114 E.02658
G1 X133.426 Y128.598 E.02657
G1 X132.986 Y129.177 E.02628
G1 X132.673 Y129.853 E.02688
G1 X132.505 Y130.569 E.02656
G1 X132.492 Y131.305 E.02657
G1 X132.632 Y132.028 E.02657
G1 X132.92 Y132.706 E.02658
G1 X133.342 Y133.309 E.02656
G1 X133.88 Y133.811 E.02656
G1 X134.331 Y134.095 E.01926
G1 X134.912 Y134.351 E.02291
G1 X135.57 Y134.495 E.02433
G1 X136.305 Y134.508 E.02653
G1 X136.939 Y134.391 E.02326
G1 X137.429 Y134.214 E.01882
G1 X138.071 Y133.843 E.02678
G1 X138.619 Y133.348 E.02663
G1 X139.009 Y132.82 E.02373
G1 X139.22 Y132.432 E.01593
G1 X139.389 Y131.948 E.0185
G1 X139.497 Y131.422 E.01938
G1 X139.507 Y130.755 E.02409
G1 X137.359 Y129.13 F18000
G1 X137.156 Y128.998
G1 X136.94 Y128.888
G1 X136.714 Y128.801
G1 X136.481 Y128.739
G1 X136.242 Y128.701
G1 X136 Y128.688
G1 X135.787 Y128.7
G1 X135.524 Y128.738
G1 X135.286 Y128.801
G1 X135.06 Y128.888
G1 X134.844 Y128.998
G1 X134.641 Y129.13
G1 X134.453 Y129.282
G1 X134.282 Y129.453
G1 X134.282 Y129.453
G1 X133.704 Y128.907
;WIDTH:0.419999
G1 F6000
G1 X134.19 Y128.475 E.01935
G1 X134.754 Y128.153 E.01936
G1 X135.344 Y127.965 E.01844
G1 X135.987 Y127.907 E.01923
G1 X136.347 Y127.913 E.01071
G1 X136.98 Y128.052 E.01931
G1 X137.571 Y128.319 E.01932
G1 X138.094 Y128.704 E.01934
G1 X138.525 Y129.19 E.01934
G1 X138.827 Y129.717 E.01811
G1 X138.968 Y130.09 E.01187
G1 X139.092 Y130.695 E.01839
G1 X139.088 Y131.344 E.01934
G1 X138.959 Y131.938 E.0181
G1 X138.814 Y132.309 E.01187
G1 X138.502 Y132.842 E.0184
G1 X138.064 Y133.322 E.01934
G1 X137.537 Y133.701 E.01934
G1 X136.941 Y133.961 E.01935
G1 X136.305 Y134.092 E.01935
G1 X135.656 Y134.088 E.01934
G1 X135.062 Y133.959 E.0181
G1 X134.542 Y133.729 E.01693
G1 X134.158 Y133.502 E.0133
G1 X133.678 Y133.064 E.01934
G1 X133.299 Y132.537 E.01934
G1 X133.039 Y131.941 E.01935
G1 X132.908 Y131.305 E.01935
G1 X132.912 Y130.656 E.01934
G1 X133.051 Y130.021 E.01935
G1 X133.319 Y129.429 E.01935
G1 X133.668 Y128.955 E.01755
G1 X133.064 Y128.365 F18000
G1 F6000
G1 X132.616 Y128.981 E.02269
G1 X132.383 Y129.43 E.01507
G1 X132.199 Y129.97 E.01701
G1 X132.076 Y130.592 E.01886
G1 X132.077 Y131.418 E.02461
G1 X132.25 Y132.224 E.02457
G1 X132.586 Y132.977 E.02457
G1 X133.072 Y133.644 E.02456
G1 X133.687 Y134.196 E.02465
G1 X134.162 Y134.484 E.01654
G1 X134.785 Y134.753 E.02021
G1 X135.593 Y134.924 E.02459
G1 X136.419 Y134.923 E.02461
G1 X137.078 Y134.788 E.02003
G1 X137.608 Y134.603 E.01672
G1 X138.323 Y134.189 E.02463
G1 X138.936 Y133.635 E.02459
G1 X139.384 Y133.019 E.0227
G1 X139.617 Y132.571 E.01504
G1 X139.801 Y132.03 E.01702
G1 X139.924 Y131.408 E.01886
G1 X139.923 Y130.626 E.0233
G1 X139.781 Y129.917 E.02155
G1 X139.584 Y129.403 E.01638
G1 X139.388 Y128.987 E.01372
G1 X138.928 Y128.356 E.02323
G1 X138.313 Y127.804 E.02465
G1 X137.839 Y127.516 E.01651
G1 X137.263 Y127.267 E.01867
G1 X136.782 Y127.137 E.01486
G1 X135.967 Y127.056 E.02438
G1 X135.228 Y127.134 E.02214
G1 X134.732 Y127.268 E.01531
G1 X134.247 Y127.471 E.01565
G1 X133.678 Y127.811 E.01974
G1 X133.109 Y128.324 E.02284
G1 X136.242 Y128.701 F18000
G1 X136.481 Y128.739
G1 X136.714 Y128.801
G1 X136.94 Y128.888
G1 X137.156 Y128.998
G1 X137.359 Y129.13
G1 X137.547 Y129.282
G1 X137.718 Y129.453
G1 X137.87 Y129.641
G1 X142.265 Y135.467
;TYPE:Sparse infill
;WIDTH:0.45
G1 F6205.95
G1 X142.265 Y134.51 E.03078
G1 X142.218 Y134.248 E.00856
G1 X142.265 Y134.201 E.00217
G1 X142.265 Y133.184 E.03269
G1 X141.709 Y133.74 E.02529
G1 X140.466 Y133.513 E.04065
G1 X139.731 Y134.248 E.03343
G1 X139.958 Y135.492 E.04065
G1 X139.222 Y136.227 E.03343
G1 X137.979 Y136 E.04065
G1 X137.244 Y136.735 E.03343
G1 X137.471 Y137.979 E.04065
G1 X136.735 Y138.714 E.03343
G1 X135.492 Y138.487 E.04065
G1 X134.757 Y139.222 E.03343
G1 X134.984 Y140.466 E.04065
G1 X134.248 Y141.201 E.03343
G1 X133.005 Y140.974 E.04065
G1 X132.27 Y141.709 E.03343
G1 X132.371 Y142.265 E.01818
G1 X134.858 Y142.265 E.07997
G1 X134.757 Y141.709 E.01818
G1 X135.492 Y140.974 E.03343
G1 X136.735 Y141.201 E.04065
G1 X137.471 Y140.466 E.03343
G1 X137.244 Y139.222 E.04065
G1 X137.979 Y138.487 E.03343
G1 X139.222 Y138.714 E.04065
G1 X139.958 Y137.979 E.03343
G1 X139.731 Y136.735 E.04065
G1 X140.466 Y136 E.03343
G1 X141.709 Y136.227 E.04065
G1 X142.265 Y135.671 E.02529
G1 X142.265 Y136.688 E.03269
G1 X142.218 Y136.735 E.00217
G1 X142.265 Y136.997 E.00856
G1 X142.265 Y137.954 E.03078
G1 X142.265 Y140.849 F18000
G1 F6205.95
G1 X142.257 Y141.113 E.00851
G1 X142.198 Y141.389 E.00909
G1 X142.091 Y141.63 E.00847
G1 X141.936 Y141.843 E.00847
G1 X141.741 Y142.02 E.00847
G1 X141.513 Y142.151 E.00847
G1 X141.263 Y142.232 E.00844
G1 X140.937 Y142.265 E.01055
G1 X139.832 Y142.265 E.03552
G1 X139.731 Y141.709 E.01818
G1 X140.466 Y140.974 E.03343
G1 X141.709 Y141.201 E.04065
G1 X142.265 Y140.645 E.02529
G1 X142.265 Y139.484 E.03733
G1 X142.218 Y139.222 E.00856
G1 X142.265 Y139.175 E.00217
G1 X142.265 Y138.158 E.03269
G1 X141.709 Y138.714 E.02529
G1 X140.466 Y138.487 E.04065
G1 X139.731 Y139.222 E.03343
G1 X139.958 Y140.466 E.04065
G1 X139.222 Y141.201 E.03343
G1 X137.979 Y140.974 E.04065
G1 X137.244 Y141.709 E.03343
G1 X137.345 Y142.265 E.01818
G1 X135.062 Y142.265 E.07343
G1 X142.628 Y140.956 F18000
;TYPE:Internal solid infill
;WIDTH:0.38292
G1 F6000
G1 X142.628 Y79.044 E1.66281
G1 X142.543 Y78.494 E.01495
G1 X142.397 Y78.174 E.00944
G1 X142.19 Y77.897 E.00929
G1 X141.806 Y77.6 E.01303
G1 X141.477 Y77.451 E.00971
G1 X140.956 Y77.372 E.01414
G1 X79.037 Y77.373 E1.663
G1 X78.646 Y77.416 E.01057
G1 X78.325 Y77.524 E.00909
G1 X78.033 Y77.697 E.00911
G1 X77.783 Y77.926 E.00912
G1 X77.586 Y78.203 E.00911
G1 X77.451 Y78.523 E.00934
G1 X77.372 Y79.044 E.01414
G1 X77.373 Y140.963 E1.663
G1 X77.416 Y141.354 E.01057
G1 X77.524 Y141.675 E.00909
G1 X77.697 Y141.967 E.00911
G1 X77.926 Y142.217 E.00912
G1 X78.203 Y142.414 E.00911
G1 X78.523 Y142.549 E.00934
G1 X79.044 Y142.628 E.01414
G1 X140.963 Y142.627 E1.663
G1 X141.354 Y142.584 E.01057
G1 X141.675 Y142.476 E.00909
G1 X141.967 Y142.303 E.00911
G1 X142.217 Y142.074 E.00912
G1 X142.414 Y141.797 E.00911
G1 X142.549 Y141.477 E.00934
G1 X142.619 Y141.015 E.01253
G1 X122.627 Y142.265 F18000
;TYPE:Sparse infill
;WIDTH:0.45
G1 F6205.95
G1 X124.91 Y142.265 E.07343
G1 X124.809 Y141.709 E.01818
G1 X125.544 Y140.974 E.03343
G1 X126.787 Y141.201 E.04065
G1 X127.523 Y140.466 E.03343
G1 X127.296 Y139.222 E.04065
G1 X128.031 Y138.487 E.03343
G1 X129.274 Y138.714 E.04065
G1 X130.01 Y137.979 E.03343
G1 X129.783 Y136.735 E.04065
G1 X130.518 Y136 E.03343
G1 X131.761 Y136.227 E.04065
G1 X132.497 Y135.492 E.03343
G1 X132.27 Y134.248 E.04065
G1 X132.704 Y133.814 E.01974
G1 X132.484 Y133.541 E.01127
G1 X132.278 Y133.224 E.01218
G1 X131.761 Y133.74 E.02348
G1 X130.518 Y133.513 E.04065
G1 X129.783 Y134.248 E.03343
G1 X130.01 Y135.492 E.04065
G1 X129.274 Y136.227 E.03343
G1 X128.031 Y136 E.04065
G1 X127.296 Y136.735 E.03343
G1 X127.523 Y137.979 E.04065
G1 X126.787 Y138.714 E.03343
G1 X125.544 Y138.487 E.04065
G1 X124.809 Y139.222 E.03343
G1 X125.036 Y140.466 E.04065
G1 X124.3 Y141.201 E.03343
G1 X123.057 Y140.974 E.04065
G1 X122.322 Y141.709 E.03343
G1 X122.423 Y142.265 E.01818
G1 X120.14 Y142.265 E.07343
G1 X92.782 Y142.265 F18000
G1 F6205.95
G1 X95.066 Y142.265 E.07343
G1 X94.964 Y141.709 E.01818
G1 X95.7 Y140.974 E.03343
G1 X96.943 Y141.201 E.04065
G1 X97.678 Y140.466 E.03343
G1 X97.452 Y139.222 E.04065
G1 X98.187 Y138.487 E.03343
G1 X99.43 Y138.714 E.04065
G1 X100.165 Y137.979 E.03343
G1 X99.939 Y136.735 E.04065
G1 X100.674 Y136 E.03343
G1 X101.917 Y136.227 E.04065
G1 X102.652 Y135.492 E.03343
G1 X102.426 Y134.248 E.04065
G1 X103.161 Y133.513 E.03343
G1 X104.404 Y133.74 E.04065
G1 X105.139 Y133.005 E.03343
G1 X104.913 Y131.761 E.04065
G1 X105.648 Y131.026 E.03343
G1 X106.891 Y131.253 E.04065
G1 X107.626 Y130.518 E.03343
G1 X107.4 Y129.274 E.04065
G1 X108.135 Y128.539 E.03343
G1 X109.378 Y128.766 E.04065
G1 X110.113 Y128.031 E.03343
G1 X109.887 Y126.787 E.04065
G1 X110.622 Y126.052 E.03343
G1 X111.865 Y126.279 E.04065
G1 X112.6 Y125.544 E.03343
G1 X112.374 Y124.3 E.04065
G1 X113.109 Y123.565 E.03343
G1 X114.352 Y123.792 E.04065
G1 X115.087 Y123.057 E.03343
G1 X114.861 Y121.813 E.04065
G1 X115.596 Y121.078 E.03343
G1 X116.839 Y121.305 E.04065
G1 X117.574 Y120.57 E.03343
G1 X117.367 Y119.435 E.03711
G1 X114.88 Y119.435 E.07997
G1 X115.087 Y120.57 E.03711
G1 X114.352 Y121.305 E.03343
G1 X113.109 Y121.078 E.04065
G1 X112.374 Y121.813 E.03343
G1 X112.6 Y123.057 E.04065
G1 X111.865 Y123.792 E.03343
G1 X110.622 Y123.565 E.04065
G1 X109.887 Y124.3 E.03343
G1 X110.113 Y125.544 E.04065
G1 X109.378 Y126.279 E.03343
G1 X108.135 Y126.052 E.04065
G1 X107.4 Y126.787 E.03343
G1 X107.626 Y128.031 E.04065
G1 X106.891 Y128.766 E.03343
G1 X105.648 Y128.539 E.04065
G1 X104.913 Y129.274 E.03343
G1 X105.139 Y130.518 E.04065
G1 X104.404 Y131.253 E.03343
G1 X103.161 Y131.026 E.04065
G1 X102.426 Y131.761 E.03343
G1 X102.652 Y133.005 E.04065
G1 X101.917 Y133.74 E.03343
G1 X100.674 Y133.513 E.04065
G1 X99.939 Y134.248 E.03343
G1 X100.165 Y135.492 E.04065
G1 X99.43 Y136.227 E.03343
G1 X98.187 Y136 E.04065
G1 X97.452 Y136.735 E.03343
G1 X97.678 Y137.979 E.04065
G1 X96.943 Y138.714 E.03343
G1 X95.7 Y138.487 E.04065
G1 X94.964 Y139.222 E.03343
G1 X95.191 Y140.466 E.04065
G1 X94.456 Y141.201 E.03343
G1 X93.213 Y140.974 E.04065
G1 X92.477 Y141.709 E.03343
G1 X92.579 Y142.265 E.01818
G1 X90.092 Y142.265 E.07997
G1 X89.99 Y141.709 E.01818
G1 X90.726 Y140.974 E.03343
G1 X91.969 Y141.201 E.04065
G1 X92.704 Y140.466 E.03343
G1 X92.477 Y139.222 E.04065
G1 X93.213 Y138.487 E.03343
G1 X94.456 Y138.714 E.04065
G1 X95.191 Y137.979 E.03343
G1 X94.964 Y136.735 E.04065
G1 X95.7 Y136 E.03343
G1 X96.943 Y136.227 E.04065
G1 X97.678 Y135.492 E.03343
G1 X97.452 Y134.248 E.04065
G1 X98.187 Y133.513 E.03343
G1 X99.43 Y133.74 E.04065
G1 X100.165 Y133.005 E.03343
G1 X99.939 Y131.761 E.04065
G1 X100.674 Y131.026 E.03343
G1 X101.917 Y131.253 E.04065
G1 X102.652 Y130.518 E.03343
G1 X102.426 Y129.274 E.04065
G1 X103.161 Y128.539 E.03343
G1 X104.404 Y128.766 E.04065
G1 X105.139 Y128.031 E.03343
G1 X104.913 Y126.787 E.04065
G1 X105.648 Y126.052 E.03343
G1 X106.891 Y126.279 E.04065
G1 X107.626 Y125.544 E.03343
G1 X107.4 Y124.3 E.04065
G1 X108.135 Y123.565 E.03343
G1 X109.378 Y123.792 E.04065
G1 X110.113 Y123.057 E.03343
G1 X109.887 Y121.813 E.04065
G1 X110.622 Y121.078 E.03343
G1 X111.865 Y121.305 E.04065
G1 X112.6 Y120.57 E.03343
G1 X112.393 Y119.435 E.03711
G1 X109.906 Y119.435 E.07997
G1 X110.113 Y120.57 E.03711
G1 X109.378 Y121.305 E.03343
G1 X108.135 Y121.078 E.04065
G1 X107.4 Y121.813 E.03343
G1 X107.626 Y123.057 E.04065
G1 X106.891 Y123.792 E.03343
G1 X105.648 Y123.565 E.04065
G1 X104.913 Y124.3 E.03343
G1 X105.139 Y125.544 E.04065
G1 X104.404 Y126.279 E.03343
G1 X103.161 Y126.052 E.04065
G1 X102.426 Y126.787 E.03343
G1 X102.652 Y128.031 E.04065
G1 X101.917 Y128.766 E.03343
G1 X100.674 Y128.539 E.04065
G1 X99.939 Y129.274 E.03343
G1 X100.165 Y130.518 E.04065
G1 X99.43 Y131.253 E.03343
G1 X98.187 Y131.026 E.04065
G1 X97.452 Y131.761 E.03343
G1 X97.678 Y133.005 E.04065
G1 X96.943 Y133.74 E.03343
G1 X95.7 Y133.513 E.04065
G1 X94.964 Y134.248 E.03343
G1 X95.191 Y135.492 E.04065
G1 X94.456 Y136.227 E.03343
G1 X93.213 Y136 E.04065
G1 X92.477 Y136.735 E.03343
G1 X92.704 Y137.979 E.04065
G1 X91.969 Y138.714 E.03343
G1 X90.726 Y138.487 E.04065
G1 X89.99 Y139.222 E.03343
G1 X90.217 Y140.466 E.04065
G1 X89.482 Y141.201 E.03343
G1 X88.239 Y140.974 E.04065
G1 X87.503 Y141.709 E.03343
G1 X87.605 Y142.265 E.01818
G1 X85.118 Y142.265 E.07997
G1 X85.016 Y141.709 E.01818
G1 X85.752 Y140.974 E.03343
G1 X86.995 Y141.201 E.04065
G1 X87.73 Y140.466 E.03343
G1 X87.503 Y139.222 E.04065
G1 X88.239 Y138.487 E.03343
G1 X89.482 Y138.714 E.04065
G1 X90.217 Y137.979 E.03343
G1 X89.99 Y136.735 E.04065
G1 X90.726 Y136 E.03343
G1 X91.969 Y136.227 E.04065
G1 X92.704 Y135.492 E.03343
G1 X92.477 Y134.248 E.04065
G1 X93.213 Y133.513 E.03343
G1 X94.456 Y133.74 E.04065
G1 X95.191 Y133.005 E.03343
G1 X94.964 Y131.761 E.04065
G1 X95.7 Y131.026 E.03343
G1 X96.943 Y131.253 E.04065
G1 X97.678 Y130.518 E.03343
G1 X97.452 Y129.274 E.04065
G1 X98.187 Y128.539 E.03343
G1 X99.43 Y128.766 E.04065
G1 X100.165 Y128.031 E.03343
G1 X99.939 Y126.787 E.04065
G1 X100.674 Y126.052 E.03343
G1 X101.917 Y126.279 E.04065
G1 X102.652 Y125.544 E.03343
G1 X102.426 Y124.3 E.04065
G1 X103.161 Y123.565 E.03343
G1 X104.404 Y123.792 E.04065
G1 X105.139 Y123.057 E.03343
G1 X104.913 Y121.813 E.04065
G1 X105.648 Y121.078 E.03343
G1 X106.891 Y121.305 E.04065
G1 X107.626 Y120.57 E.03343
G1 X107.419 Y119.435 E.03711
G1 X104.932 Y119.435 E.07997
G1 X105.139 Y120.57 E.03711
G1 X104.404 Y121.305 E.03343
G1 X103.161 Y121.078 E.04065
G1 X102.426 Y121.813 E.03343
G1 X102.652 Y123.057 E.04065
G1 X101.917 Y123.792 E.03343
G1 X100.674 Y123.565 E.04065
G1 X99.939 Y124.3 E.03343
G1 X100.165 Y125.544 E.04065
G1 X99.43 Y126.279 E.03343
G1 X98.187 Y126.052 E.04065
G1 X97.452 Y126.787 E.03343
G1 X97.678 Y128.031 E.04065
G1 X96.943 Y128.766 E.03343
G1 X95.7 Y128.539 E.04065
G1 X94.964 Y129.274 E.03343
G1 X95.191 Y130.518 E.04065
G1 X94.456 Y131.253 E.03343
G1 X93.213 Y131.026 E.04065
G1 X92.477 Y131.761 E.03343
G1 X92.704 Y133.005 E.04065
G1 X91.969 Y133.74 E.03343
G1 X90.726 Y133.513 E.04065
G1 X89.99 Y134.248 E.03343
G1 X90.217 Y135.492 E.04065
G1 X89.482 Y136.227 E.03343
G1 X88.239 Y136 E.04065
G1 X87.503 Y136.735 E.03343
G1 X87.73 Y137.979 E.04065
G1 X86.995 Y138.714 E.03343
G1 X85.752 Y138.487 E.04065
G1 X85.016 Y139.222 E.03343
G1 X85.243 Y140.466 E.04065
G1 X84.508 Y141.201 E.03343
G1 X83.265 Y140.974 E.04065
G1 X82.529 Y141.709 E.03343
G1 X82.631 Y142.265 E.01818
G1 X80.144 Y142.265 E.07997
G1 X80.042 Y141.709 E.01818
G1 X80.778 Y140.974 E.03343
G1 X82.021 Y141.201 E.04065
G1 X82.756 Y140.466 E.03343
G1 X82.529 Y139.222 E.04065
G1 X83.265 Y138.487 E.03343
G1 X84.508 Y138.714 E.04065
G1 X85.243 Y137.979 E.03343
G1 X85.016 Y136.735 E.04065
G1 X85.752 Y136 E.03343
G1 X86.995 Y136.227 E.04065
G1 X87.73 Y135.492 E.03343
G1 X87.503 Y134.248 E.04065
G1 X88.239 Y133.513 E.03343
G1 X89.482 Y133.74 E.04065
G1 X90.217 Y133.005 E.03343
G1 X89.99 Y131.761 E.04065
G1 X90.726 Y131.026 E.03343
G1 X91.969 Y131.253 E.04065
G1 X92.704 Y130.518 E.03343
G1 X92.477 Y129.274 E.04065
G1 X93.213 Y128.539 E.03343
G1 X94.456 Y128.766 E.04065
G1 X95.191 Y128.031 E.03343
G1 X94.964 Y126.787 E.04065
G1 X95.7 Y126.052 E.03343
G1 X96.943 Y126.279 E.04065
G1 X97.678 Y125.544 E.03343
G1 X97.452 Y124.3 E.04065
G1 X98.187 Y123.565 E.03343
G1 X99.43 Y123.792 E.04065
G1 X100.165 Y123.057 E.03343
G1 X99.939 Y121.813 E.04065
G1 X100.674 Y121.078 E.03343
G1 X101.917 Y121.305 E.04065
G1 X102.652 Y120.57 E.03343
G1 X102.445 Y119.435 E.03711
G1 X100.565 Y119.435 E.06045
G1 X100.565 Y118.903 E.0171
G1 X87.508 Y130.695 F18000
;TYPE:Internal solid infill
;WIDTH:0.499927
G1 F5527.962
G1 X87.374 Y130.003 E.02544
G1 X87.17 Y129.485 E.02009
G1 X86.88 Y128.985 E.02089
G1 X86.398 Y128.43 E.02652
G1 X85.814 Y127.984 E.02652
G1 X85.15 Y127.67 E.02654
G1 X84.432 Y127.512 E.02654
G1 X83.764 Y127.487 E.02411
G1 X83.261 Y127.553 E.01834
G1 X82.627 Y127.76 E.02408
G1 X81.981 Y128.114 E.02658
G1 X81.426 Y128.598 E.02657
G1 X80.986 Y129.177 E.02628
G1 X80.673 Y129.853 E.02688
G1 X80.505 Y130.569 E.02656
G1 X80.492 Y131.305 E.02657
G1 X80.632 Y132.028 E.02657
G1 X80.92 Y132.706 E.02658
G1 X81.342 Y133.309 E.02656
G1 X81.88 Y133.811 E.02656
G1 X82.331 Y134.095 E.01926
G1 X82.912 Y134.351 E.02291
G1 X83.57 Y134.495 E.02433
G1 X84.305 Y134.508 E.02653
G1 X84.939 Y134.391 E.02326
G1 X85.429 Y134.214 E.01882
G1 X86.071 Y133.843 E.02678
G1 X86.619 Y133.348 E.02663
G1 X87.009 Y132.82 E.02373
G1 X87.22 Y132.432 E.01593
G1 X87.389 Y131.948 E.0185
G1 X87.497 Y131.422 E.01938
G1 X87.507 Y130.755 E.02409
G1 X86.525 Y129.19 F18000
;WIDTH:0.419999
G1 F6000
G1 X86.827 Y129.717 E.01811
G1 X86.968 Y130.09 E.01187
G1 X87.092 Y130.695 E.01839
G1 X87.088 Y131.344 E.01934
G1 X86.959 Y131.938 E.0181
G1 X86.814 Y132.309 E.01187
G1 X86.502 Y132.842 E.0184
G1 X86.064 Y133.322 E.01934
G1 X85.537 Y133.701 E.01934
G1 X84.941 Y133.961 E.01935
G1 X84.305 Y134.092 E.01935
G1 X83.656 Y134.088 E.01934
G1 X83.062 Y133.959 E.0181
G1 X82.542 Y133.729 E.01693
G1 X82.158 Y133.502 E.0133
G1 X81.678 Y133.064 E.01934
G1 X81.299 Y132.537 E.01934
G1 X81.039 Y131.941 E.01935
G1 X80.908 Y131.305 E.01935
G1 X80.912 Y130.656 E.01934
G1 X81.051 Y130.021 E.01935
G1 X81.319 Y129.429 E.01935
G1 X81.704 Y128.907 E.01934
G1 X82.19 Y128.475 E.01935
G1 X82.754 Y128.153 E.01936
G1 X83.344 Y127.965 E.01844
G1 X83.987 Y127.907 E.01923
G1 X84.347 Y127.913 E.01071
G1 X84.98 Y128.052 E.01931
G1 X85.571 Y128.319 E.01932
G1 X86.094 Y128.704 E.01934
G1 X86.485 Y129.145 E.01756
G1 X86.928 Y128.356 F18000
G1 F6000
G1 X86.313 Y127.804 E.02465
G1 X85.839 Y127.516 E.01651
G1 X85.263 Y127.267 E.01867
G1 X84.782 Y127.137 E.01486
G1 X83.967 Y127.056 E.02438
G1 X83.228 Y127.134 E.02214
G1 X82.732 Y127.268 E.01531
G1 X82.247 Y127.471 E.01565
G1 X81.678 Y127.811 E.01974
G1 X81.064 Y128.365 E.02463
G1 X80.616 Y128.981 E.02269
G1 X80.383 Y129.43 E.01507
G1 X80.199 Y129.97 E.01701
G1 X80.076 Y130.592 E.01886
G1 X80.077 Y131.418 E.02461
G1 X80.25 Y132.224 E.02457
G1 X80.586 Y132.977 E.02457
G1 X81.072 Y133.644 E.02456
G1 X81.687 Y134.196 E.02465
G1 X82.162 Y134.484 E.01654
G1 X82.785 Y134.753 E.02021
G1 X83.593 Y134.924 E.02459
G1 X84.419 Y134.923 E.02461
G1 X85.078 Y134.788 E.02003
G1 X85.608 Y134.603 E.01672
G1 X86.323 Y134.189 E.02463
G1 X86.936 Y133.635 E.02459
G1 X87.384 Y133.019 E.0227
G1 X87.617 Y132.571 E.01504
G1 X87.801 Y132.03 E.01702
G1 X87.924 Y131.408 E.01886
G1 X87.923 Y130.626 E.0233
G1 X87.781 Y129.917 E.02155
G1 X87.584 Y129.403 E.01638
G1 X87.388 Y128.987 E.01372
G1 X86.964 Y128.405 E.02144
G1 X82.363 Y126.987 F18000
;TYPE:Sparse infill
;WIDTH:0.45
G1 F6205.95
G1 X81.84 Y127.238 E.01863
G1 X81.441 Y127.497 E.01529
G1 X81.089 Y127.783 E.0146
G1 X80.783 Y128.089 E.01392
G1 X80.484 Y128.459 E.01529
G1 X80.238 Y128.84 E.0146
G1 X80.041 Y129.226 E.01391
G1 X79.877 Y129.649 E.0146
G1 X79.759 Y130.087 E.0146
G1 X79.687 Y130.536 E.0146
G1 X79.668 Y131.12 E.01878
G1 X79.534 Y131.253 E.00607
G1 X78.291 Y131.026 E.04065
G1 X77.735 Y131.582 E.02529
G1 X77.735 Y130.566 E.03269
G1 X77.782 Y130.518 E.00217
G1 X77.735 Y130.256 E.00856
G1 X77.735 Y129.299 E.03078
G1 X77.735 Y126.812 F18000
G1 F6205.95
G1 X77.735 Y127.769 E.03078
G1 X77.782 Y128.031 E.00856
G1 X77.735 Y128.079 E.00217
G1 X77.735 Y129.095 E.03269
G1 X78.291 Y128.539 E.02529
G1 X79.534 Y128.766 E.04065
G1 X80.269 Y128.031 E.03343
G1 X80.042 Y126.787 E.04065
G1 X80.778 Y126.052 E.03343
G1 X82.021 Y126.279 E.04065
G1 X82.756 Y125.544 E.03343
G1 X82.529 Y124.3 E.04065
G1 X83.265 Y123.565 E.03343
G1 X84.508 Y123.792 E.04065
G1 X85.243 Y123.057 E.03343
G1 X85.016 Y121.813 E.04065
G1 X85.752 Y121.078 E.03343
G1 X86.995 Y121.305 E.04065
G1 X87.73 Y120.57 E.03343
G1 X87.503 Y119.326 E.04065
G1 X88.239 Y118.591 E.03343
G1 X89.482 Y118.818 E.04065
G1 X90.217 Y118.083 E.03343
G1 X89.99 Y116.839 E.04065
G1 X90.726 Y116.104 E.03343
G1 X91.969 Y116.331 E.04065
G1 X92.704 Y115.596 E.03343
G1 X92.477 Y114.352 E.04065
G1 X93.213 Y113.617 E.03343
G1 X94.456 Y113.844 E.04065
G1 X95.191 Y113.109 E.03343
G1 X94.964 Y111.865 E.04065
G1 X95.7 Y111.13 E.03343
G1 X96.943 Y111.357 E.04065
G1 X97.678 Y110.622 E.03343
G1 X97.452 Y109.378 E.04065
G1 X98.187 Y108.643 E.03343
G1 X99.43 Y108.87 E.04065
G1 X100.165 Y108.135 E.03343
G1 X99.939 Y106.891 E.04065
G1 X100.565 Y106.264 E.02851
G1 X100.565 Y108.751 E.07997
G1 X99.939 Y109.378 E.02851
G1 X100.165 Y110.622 E.04065
G1 X99.43 Y111.357 E.03343
G1 X98.187 Y111.13 E.04065
G1 X97.452 Y111.865 E.03343
G1 X97.678 Y113.109 E.04065
G1 X96.943 Y113.844 E.03343
G1 X95.7 Y113.617 E.04065
G1 X94.964 Y114.352 E.03343
G1 X95.191 Y115.596 E.04065
G1 X94.456 Y116.331 E.03343
G1 X93.213 Y116.104 E.04065
G1 X92.477 Y116.839 E.03343
G1 X92.704 Y118.083 E.04065
G1 X91.969 Y118.818 E.03343
G1 X90.726 Y118.591 E.04065
G1 X89.99 Y119.326 E.03343
G1 X90.217 Y120.57 E.04065
G1 X89.482 Y121.305 E.03343
G1 X88.239 Y121.078 E.04065
G1 X87.503 Y121.813 E.03343
G1 X87.73 Y123.057 E.04065
G1 X86.995 Y123.792 E.03343
G1 X85.752 Y123.565 E.04065
G1 X85.016 Y124.3 E.03343
G1 X85.243 Y125.544 E.04065
G1 X84.508 Y126.279 E.03343
G1 X83.265 Y126.052 E.04065
G1 X82.529 Y126.787 E.03343
G1 X82.553 Y126.915 E.00416
G1 X83.131 Y126.749 E.01936
G1 X83.557 Y126.684 E.01385
G1 X83.989 Y126.662 E.01391
G1 X84.448 Y126.684 E.01476
G1 X85.017 Y126.787 E.01859
G1 X85.752 Y126.052 E.03341
G1 X86.995 Y126.279 E.04065
G1 X87.73 Y125.544 E.03343
G1 X87.503 Y124.3 E.04065
G1 X88.239 Y123.565 E.03343
G1 X89.482 Y123.792 E.04065
G1 X90.217 Y123.057 E.03343
G1 X89.99 Y121.813 E.04065
G1 X90.726 Y121.078 E.03343
G1 X91.969 Y121.305 E.04065
G1 X92.704 Y120.57 E.03343
G1 X92.477 Y119.326 E.04065
G1 X93.213 Y118.591 E.03343
G1 X94.456 Y118.818 E.04065
G1 X95.191 Y118.083 E.03343
G1 X94.964 Y116.839 E.04065
G1 X95.7 Y116.104 E.03343
G1 X96.943 Y116.331 E.04065
G1 X97.678 Y115.596 E.03343
G1 X97.452 Y114.352 E.04065
G1 X98.187 Y113.617 E.03343
G1 X99.43 Y113.844 E.04065
G1 X100.165 Y113.109 E.03343
G1 X99.939 Y111.865 E.04065
G1 X100.565 Y111.238 E.02851
G1 X100.565 Y113.725 E.07997
G1 X99.939 Y114.352 E.02851
G1 X100.165 Y115.596 E.04065
G1 X99.43 Y116.331 E.03343
G1 X98.187 Y116.104 E.04065
G1 X97.452 Y116.839 E.03343
G1 X97.678 Y118.083 E.04065
G1 X96.943 Y118.818 E.03343
G1 X95.7 Y118.591 E.04065
G1 X94.964 Y119.326 E.03343
G1 X95.191 Y120.57 E.04065
G1 X94.456 Y121.305 E.03343
G1 X93.213 Y121.078 E.04065
G1 X92.477 Y121.813 E.03343
G1 X92.704 Y123.057 E.04065
G1 X91.969 Y123.792 E.03343
G1 X90.726 Y123.565 E.04065
G1 X89.99 Y124.3 E.03343
G1 X90.217 Y125.544 E.04065
G1 X89.482 Y126.279 E.03343
G1 X88.239 Y126.052 E.04065
G1 X87.503 Y126.787 E.03343
G1 X87.73 Y128.031 E.04065
G1 X87.421 Y128.34 E.01406
G1 X87.752 Y128.821 E.01878
G1 X87.822 Y128.956 E.00488
G1 X88.239 Y128.539 E.01897
G1 X89.482 Y128.766 E.04065
G1 X90.217 Y128.031 E.03343
G1 X89.99 Y126.787 E.04065
G1 X90.726 Y126.052 E.03343
G1 X91.969 Y126.279 E.04065
G1 X92.704 Y125.544 E.03343
G1 X92.477 Y124.3 E.04065
G1 X93.213 Y123.565 E.03343
G1 X94.456 Y123.792 E.04065
G1 X95.191 Y123.057 E.03343
G1 X94.964 Y121.813 E.04065
G1 X95.7 Y121.078 E.03343
G1 X96.943 Y121.305 E.04065
G1 X97.678 Y120.57 E.03343
G1 X97.452 Y119.326 E.04065
G1 X98.187 Y118.591 E.03343
G1 X99.43 Y118.818 E.04065
G1 X100.165 Y118.083 E.03343
G1 X99.939 Y116.839 E.04065
G1 X100.565 Y116.212 E.02851
G1 X100.565 Y118.699 E.07997
G1 X99.939 Y119.326 E.02851
G1 X100.165 Y120.57 E.04065
G1 X99.43 Y121.305 E.03343
G1 X98.187 Y121.078 E.04065
G1 X97.452 Y121.813 E.03343
G1 X97.678 Y123.057 E.04065
G1 X96.943 Y123.792 E.03343
G1 X95.7 Y123.565 E.04065
G1 X94.964 Y124.3 E.03343
G1 X95.191 Y125.544 E.04065
G1 X94.456 Y126.279 E.03343
G1 X93.213 Y126.052 E.04065
G1 X92.477 Y126.787 E.03343
G1 X92.704 Y128.031 E.04065
G1 X91.969 Y128.766 E.03343
G1 X90.726 Y128.539 E.04065
G1 X89.99 Y129.274 E.03343
G1 X90.217 Y130.518 E.04065
G1 X89.482 Y131.253 E.03343
G1 X88.336 Y131.044 E.03745
G1 X88.313 Y131.464 E.01353
G1 X88.246 Y131.892 E.01391
G1 X88.123 Y132.351 E.01529
G1 X87.959 Y132.774 E.0146
G1 X87.762 Y133.16 E.01391
G1 X87.503 Y133.559 E.01529
G1 X87.217 Y133.911 E.0146
G1 X86.911 Y134.217 E.01392
G1 X86.559 Y134.503 E.0146
G1 X86.16 Y134.762 E.01529
G1 X85.774 Y134.959 E.01391
G1 X85.38 Y135.112 E.01361
G1 X77.735 Y134.273 F18000
G1 F6205.95
G1 X77.735 Y135.23 E.03078
G1 X77.782 Y135.492 E.00856
G1 X77.735 Y135.54 E.00217
G1 X77.735 Y136.556 E.03269
G1 X78.291 Y136 E.02529
G1 X79.534 Y136.227 E.04065
G1 X80.269 Y135.492 E.03343
G1 X80.042 Y134.248 E.04065
G1 X80.602 Y133.689 E.02545
G1 X80.484 Y133.541 E.00607
G1 X80.196 Y133.078 E.01754
G1 X79.534 Y133.74 E.0301
G1 X78.291 Y133.513 E.04065
G1 X77.735 Y134.069 E.02529
G1 X77.735 Y133.053 E.03269
G1 X77.782 Y133.005 E.00217
G1 X77.735 Y132.743 E.00856
G1 X77.735 Y131.786 E.03078
G1 X77.735 Y136.76 F18000
G1 F6205.95
G1 X77.735 Y137.717 E.03078
G1 X77.782 Y137.979 E.00856
G1 X77.735 Y138.027 E.00217
G1 X77.735 Y139.043 E.03269
G1 X78.291 Y138.487 E.02529
G1 X79.534 Y138.714 E.04065
G1 X80.269 Y137.979 E.03343
G1 X80.042 Y136.735 E.04065
G1 X80.778 Y136 E.03343
G1 X82.021 Y136.227 E.04065
G1 X82.756 Y135.492 E.03343
G1 X82.691 Y135.135 E.01167
G1 X83.108 Y135.246 E.01388
G1 X83.536 Y135.313 E.01391
G1 X83.989 Y135.338 E.0146
G1 X84.464 Y135.313 E.01529
G1 X84.892 Y135.246 E.01391
G1 X85.184 Y135.168 E.00974
G1 X85.243 Y135.492 E.01058
G1 X84.508 Y136.227 E.03343
G1 X83.265 Y136 E.04065
G1 X82.529 Y136.735 E.03343
G1 X82.756 Y137.979 E.04065
G1 X82.021 Y138.714 E.03343
G1 X80.778 Y138.487 E.04065
G1 X80.042 Y139.222 E.03343
G1 X80.269 Y140.466 E.04065
G1 X79.534 Y141.201 E.03343
G1 X78.291 Y140.974 E.04065
G1 X77.825 Y141.44 E.02117
G1 X77.768 Y141.263 E.00597
G1 X77.735 Y140.937 E.01055
G1 X77.735 Y140.514 E.01361
G1 X77.782 Y140.466 E.00217
G1 X77.735 Y140.204 E.00856
G1 X77.735 Y139.247 E.03078
G1 X77.735 Y124.325 F18000
G1 F6205.95
G1 X77.735 Y125.282 E.03078
G1 X77.782 Y125.544 E.00856
G1 X77.735 Y125.592 E.00217
G1 X77.735 Y126.608 E.03269
G1 X78.291 Y126.052 E.02529
G1 X79.534 Y126.279 E.04065
G1 X80.269 Y125.544 E.03343
G1 X80.042 Y124.3 E.04065
G1 X80.778 Y123.565 E.03343
G1 X82.021 Y123.792 E.04065
G1 X82.756 Y123.057 E.03343
G1 X82.529 Y121.813 E.04065
G1 X83.265 Y121.078 E.03343
G1 X84.508 Y121.305 E.04065
G1 X85.243 Y120.57 E.03343
G1 X85.016 Y119.326 E.04065
G1 X85.752 Y118.591 E.03343
G1 X86.995 Y118.818 E.04065
G1 X87.73 Y118.083 E.03343
G1 X87.503 Y116.839 E.04065
G1 X88.239 Y116.104 E.03343
G1 X89.482 Y116.331 E.04065
G1 X90.217 Y115.596 E.03343
G1 X89.99 Y114.352 E.04065
G1 X90.726 Y113.617 E.03343
G1 X91.969 Y113.844 E.04065
G1 X92.704 Y113.109 E.03343
G1 X92.477 Y111.865 E.04065
G1 X93.213 Y111.13 E.03343
G1 X94.456 Y111.357 E.04065
G1 X95.191 Y110.622 E.03343
G1 X94.964 Y109.378 E.04065
G1 X95.7 Y108.643 E.03343
G1 X96.943 Y108.87 E.04065
G1 X97.678 Y108.135 E.03343
G1 X97.452 Y106.891 E.04065
G1 X98.187 Y106.156 E.03343
G1 X99.43 Y106.383 E.04065
G1 X100.165 Y105.648 E.03343
G1 X99.939 Y104.404 E.04065
G1 X100.565 Y103.777 E.02851
G1 X100.565 Y101.29 E.07997
G1 X99.939 Y101.917 E.02851
G1 X100.165 Y103.161 E.04065
G1 X99.43 Y103.896 E.03343
G1 X98.187 Y103.669 E.04065
G1 X97.452 Y104.404 E.03343
G1 X97.678 Y105.648 E.04065
G1 X96.943 Y106.383 E.03343
G1 X95.7 Y106.156 E.04065
G1 X94.964 Y106.891 E.03343
G1 X95.191 Y108.135 E.04065
G1 X94.456 Y108.87 E.03343
G1 X93.213 Y108.643 E.04065
G1 X92.477 Y109.378 E.03343
G1 X92.704 Y110.622 E.04065
G1 X91.969 Y111.357 E.03343
G1 X90.726 Y111.13 E.04065
G1 X89.99 Y111.865 E.03343
G1 X90.217 Y113.109 E.04065
G1 X89.482 Y113.844 E.03343
G1 X88.239 Y113.617 E.04065
G1 X87.503 Y114.352 E.03343
G1 X87.73 Y115.596 E.04065
G1 X86.995 Y116.331 E.03343
G1 X85.752 Y116.104 E.04065
G1 X85.016 Y116.839 E.03343
G1 X85.243 Y118.083 E.04065
G1 X84.508 Y118.818 E.03343
G1 X83.265 Y118.591 E.04065
G1 X82.529 Y119.326 E.03343
G1 X82.756 Y120.57 E.04065
G1 X82.021 Y121.305 E.03343
G1 X80.778 Y121.078 E.04065
G1 X80.042 Y121.813 E.03343
G1 X80.269 Y123.057 E.04065
G1 X79.534 Y123.792 E.03343
G1 X78.291 Y123.565 E.04065
G1 X77.735 Y124.121 E.02529
G1 X77.735 Y123.105 E.03269
G1 X77.782 Y123.057 E.00217
G1 X77.735 Y122.795 E.00856
G1 X77.735 Y121.838 E.03078
G1 X77.735 Y119.351 F18000
G1 F6205.95
G1 X77.735 Y120.308 E.03078
G1 X77.782 Y120.57 E.00856
G1 X77.735 Y120.618 E.00217
G1 X77.735 Y121.634 E.03269
G1 X78.291 Y121.078 E.02529
G1 X79.534 Y121.305 E.04065
G1 X80.269 Y120.57 E.03343
G1 X80.042 Y119.326 E.04065
G1 X80.778 Y118.591 E.03343
G1 X82.021 Y118.818 E.04065
G1 X82.756 Y118.083 E.03343
G1 X82.529 Y116.839 E.04065
G1 X83.265 Y116.104 E.03343
G1 X84.508 Y116.331 E.04065
G1 X85.243 Y115.596 E.03343
G1 X85.016 Y114.352 E.04065
G1 X85.752 Y113.617 E.03343
G1 X86.995 Y113.844 E.04065
G1 X87.73 Y113.109 E.03343
G1 X87.503 Y111.865 E.04065
G1 X88.239 Y111.13 E.03343
G1 X89.482 Y111.357 E.04065
G1 X90.217 Y110.622 E.03343
G1 X89.99 Y109.378 E.04065
G1 X90.726 Y108.643 E.03343
G1 X91.969 Y108.87 E.04065
G1 X92.704 Y108.135 E.03343
G1 X92.477 Y106.891 E.04065
G1 X93.213 Y106.156 E.03343
G1 X94.456 Y106.383 E.04065
G1 X95.191 Y105.648 E.03343
G1 X94.964 Y104.404 E.04065
G1 X95.7 Y103.669 E.03343
G1 X96.943 Y103.896 E.04065
G1 X97.678 Y103.161 E.03343
G1 X97.452 Y101.917 E.04065
G1 X98.187 Y101.182 E.03343
G1 X99.43 Y101.409 E.04065
G1 X100.165 Y100.674 E.03343
G1 X99.939 Y99.43 E.04065
G1 X100.674 Y98.695 E.03343
G1 X101.917 Y98.922 E.04065
G1 X102.652 Y98.187 E.03343
G1 X102.426 Y96.943 E.04065
G1 X103.161 Y96.208 E.03343
G1 X104.404 Y96.435 E.04065
G1 X105.139 Y95.7 E.03343
G1 X104.913 Y94.456 E.04065
G1 X105.648 Y93.721 E.03343
G1 X106.891 Y93.948 E.04065
G1 X107.626 Y93.213 E.03343
G1 X107.4 Y91.969 E.04065
G1 X108.135 Y91.234 E.03343
G1 X109.378 Y91.461 E.04065
G1 X110.113 Y90.726 E.03343
G1 X109.887 Y89.482 E.04065
G1 X110.622 Y88.747 E.03343
G1 X111.865 Y88.974 E.04065
G1 X112.6 Y88.239 E.03343
G1 X112.374 Y86.995 E.04065
G1 X113.109 Y86.26 E.03343
G1 X114.352 Y86.487 E.04065
G1 X115.087 Y85.752 E.03343
G1 X114.861 Y84.508 E.04065
G1 X115.596 Y83.773 E.03343
G1 X116.839 Y84 E.04065
G1 X117.574 Y83.265 E.03343
G1 X117.348 Y82.021 E.04065
G1 X118.083 Y81.286 E.03343
G1 X119.326 Y81.513 E.04065
G1 X120.061 Y80.778 E.03343
G1 X119.835 Y79.534 E.04065
G1 X120.57 Y78.799 E.03343
G1 X121.813 Y79.026 E.04065
G1 X122.548 Y78.291 E.03343
G1 X122.447 Y77.735 E.01818
G1 X124.934 Y77.735 E.07997
G1 X125.036 Y78.291 E.01818
G1 X124.3 Y79.026 E.03343
G1 X123.057 Y78.799 E.04065
G1 X122.322 Y79.534 E.03343
G1 X122.548 Y80.778 E.04065
G1 X121.813 Y81.513 E.03343
G1 X120.57 Y81.286 E.04065
G1 X119.835 Y82.021 E.03343
G1 X120.061 Y83.265 E.04065
G1 X119.326 Y84 E.03343
G1 X118.083 Y83.773 E.04065
G1 X117.348 Y84.508 E.03343
G1 X117.574 Y85.752 E.04065
G1 X116.839 Y86.487 E.03343
G1 X115.596 Y86.26 E.04065
G1 X114.861 Y86.995 E.03343
G1 X115.087 Y88.239 E.04065
G1 X114.352 Y88.974 E.03343
G1 X113.109 Y88.747 E.04065
G1 X112.374 Y89.482 E.03343
G1 X112.6 Y90.726 E.04065
G1 X111.865 Y91.461 E.03343
G1 X110.622 Y91.234 E.04065
G1 X109.887 Y91.969 E.03343
G1 X110.113 Y93.213 E.04065
G1 X109.378 Y93.948 E.03343
G1 X108.135 Y93.721 E.04065
G1 X107.4 Y94.456 E.03343
G1 X107.626 Y95.7 E.04065
G1 X106.891 Y96.435 E.03343
G1 X105.648 Y96.208 E.04065
G1 X104.913 Y96.943 E.03343
G1 X105.139 Y98.187 E.04065
G1 X104.404 Y98.922 E.03343
G1 X103.161 Y98.695 E.04065
G1 X102.426 Y99.43 E.03343
G1 X102.633 Y100.565 E.03711
G1 X105.12 Y100.565 E.07997
G1 X104.913 Y99.43 E.03711
G1 X105.648 Y98.695 E.03343
G1 X106.891 Y98.922 E.04065
G1 X107.626 Y98.187 E.03343
G1 X107.4 Y96.943 E.04065
G1 X108.135 Y96.208 E.03343
G1 X109.378 Y96.435 E.04065
G1 X110.113 Y95.7 E.03343
G1 X109.887 Y94.456 E.04065
G1 X110.622 Y93.721 E.03343
G1 X111.865 Y93.948 E.04065
G1 X112.6 Y93.213 E.03343
G1 X112.374 Y91.969 E.04065
G1 X113.109 Y91.234 E.03343
G1 X114.352 Y91.461 E.04065
G1 X115.087 Y90.726 E.03343
G1 X114.861 Y89.482 E.04065
G1 X115.596 Y88.747 E.03343
G1 X116.839 Y88.974 E.04065
G1 X117.574 Y88.239 E.03343
G1 X117.348 Y86.995 E.04065
G1 X118.083 Y86.26 E.03343
G1 X119.326 Y86.487 E.04065
G1 X120.061 Y85.752 E.03343
G1 X119.835 Y84.508 E.04065
G1 X120.57 Y83.773 E.03343
G1 X121.813 Y84 E.04065
G1 X122.548 Y83.265 E.03343
G1 X122.322 Y82.021 E.04065
G1 X123.057 Y81.286 E.03343
G1 X124.3 Y81.513 E.04065
G1 X125.036 Y80.778 E.03343
G1 X124.809 Y79.534 E.04065
G1 X125.544 Y78.799 E.03343
G1 X126.787 Y79.026 E.04065
G1 X127.523 Y78.291 E.03343
G1 X127.421 Y77.735 E.01818
G1 X129.908 Y77.735 E.07997
G1 X130.01 Y78.291 E.01818
G1 X129.274 Y79.026 E.03343
G1 X128.031 Y78.799 E.04065
G1 X127.296 Y79.534 E.03343
G1 X127.523 Y80.778 E.04065
G1 X126.787 Y81.513 E.03343
G1 X125.544 Y81.286 E.04065
G1 X124.809 Y82.021 E.03343
G1 X125.036 Y83.265 E.04065
G1 X124.3 Y84 E.03343
G1 X123.057 Y83.773 E.04065
G1 X122.322 Y84.508 E.03343
G1 X122.548 Y85.752 E.04065
G1 X121.813 Y86.487 E.03343
G1 X120.57 Y86.26 E.04065
G1 X119.835 Y86.995 E.03343
G1 X120.061 Y88.239 E.04065
G1 X119.326 Y88.974 E.03343
G1 X118.083 Y88.747 E.04065
G1 X117.348 Y89.482 E.03343
G1 X117.574 Y90.726 E.04065
G1 X116.839 Y91.461 E.03343
G1 X115.596 Y91.234 E.04065
G1 X114.861 Y91.969 E.03343
G1 X115.087 Y93.213 E.04065
G1 X114.352 Y93.948 E.03343
G1 X113.109 Y93.721 E.04065
G1 X112.374 Y94.456 E.03343
G1 X112.6 Y95.7 E.04065
G1 X111.865 Y96.435 E.03343
G1 X110.622 Y96.208 E.04065
G1 X109.887 Y96.943 E.03343
G1 X110.113 Y98.187 E.04065
G1 X109.378 Y98.922 E.03343
G1 X108.135 Y98.695 E.04065
G1 X107.4 Y99.43 E.03343
G1 X107.607 Y100.565 E.03711
G1 X110.094 Y100.565 E.07997
G1 X109.887 Y99.43 E.03711
G1 X110.622 Y98.695 E.03343
G1 X111.865 Y98.922 E.04065
G1 X112.6 Y98.187 E.03343
G1 X112.374 Y96.943 E.04065
G1 X113.109 Y96.208 E.03343
G1 X114.352 Y96.435 E.04065
G1 X115.087 Y95.7 E.03343
G1 X114.861 Y94.456 E.04065
G1 X115.596 Y93.721 E.03343
G1 X116.839 Y93.948 E.04065
G1 X117.574 Y93.213 E.03343
G1 X117.348 Y91.969 E.04065
G1 X118.083 Y91.234 E.03343
G1 X119.326 Y91.461 E.04065
G1 X120.061 Y90.726 E.03343
G1 X119.835 Y89.482 E.04065
G1 X120.57 Y88.747 E.03343
G1 X121.813 Y88.974 E.04065
G1 X122.548 Y88.239 E.03343
G1 X122.322 Y86.995 E.04065
G1 X123.057 Y86.26 E.03343
G1 X124.3 Y86.487 E.04065
G1 X125.036 Y85.752 E.03343
G1 X124.809 Y84.508 E.04065
G1 X125.544 Y83.773 E.03343
G1 X126.787 Y84 E.04065
G1 X127.523 Y83.265 E.03343
G1 X127.296 Y82.021 E.04065
G1 X128.031 Y81.286 E.03343
G1 X129.274 Y81.513 E.04065
G1 X130.01 Y80.778 E.03343
G1 X129.783 Y79.534 E.04065
G1 X130.518 Y78.799 E.03343
G1 X131.761 Y79.026 E.04065
G1 X132.497 Y78.291 E.03343
G1 X132.395 Y77.735 E.01818
G1 X134.882 Y77.735 E.07997
G1 X134.984 Y78.291 E.01818
G1 X134.248 Y79.026 E.03343
G1 X133.005 Y78.799 E.04065
G1 X132.27 Y79.534 E.03343
G1 X132.497 Y80.778 E.04065
G1 X131.761 Y81.513 E.03343
G1 X130.518 Y81.286 E.04065
G1 X129.783 Y82.021 E.03343
G1 X130.01 Y83.265 E.04065
G1 X129.274 Y84 E.03343
G1 X128.031 Y83.773 E.04065
G1 X127.296 Y84.508 E.03343
G1 X127.523 Y85.752 E.04065
G1 X126.787 Y86.487 E.03343
G1 X125.544 Y86.26 E.04065
G1 X124.809 Y86.995 E.03343
G1 X125.036 Y88.239 E.04065
G1 X124.3 Y88.974 E.03343
G1 X123.057 Y88.747 E.04065
G1 X122.322 Y89.482 E.03343
G1 X122.548 Y90.726 E.04065
G1 X121.813 Y91.461 E.03343
G1 X120.57 Y91.234 E.04065
G1 X119.835 Y91.969 E.03343
G1 X120.061 Y93.213 E.04065
G1 X119.326 Y93.948 E.03343
G1 X118.083 Y93.721 E.04065
G1 X117.348 Y94.456 E.03343
G1 X117.574 Y95.7 E.04065
G1 X116.839 Y96.435 E.03343
G1 X115.596 Y96.208 E.04065
G1 X114.861 Y96.943 E.03343
G1 X115.087 Y98.187 E.04065
G1 X114.352 Y98.922 E.03343
G1 X113.109 Y98.695 E.04065
G1 X112.374 Y99.43 E.03343
G1 X112.581 Y100.565 E.03711
G1 X115.068 Y100.565 E.07997
G1 X114.861 Y99.43 E.03711
G1 X115.596 Y98.695 E.03343
G1 X116.839 Y98.922 E.04065
G1 X117.574 Y98.187 E.03343
G1 X117.348 Y96.943 E.04065
G1 X118.083 Y96.208 E.03343
G1 X119.326 Y96.435 E.04065
G1 X120.061 Y95.7 E.03343
G1 X119.835 Y94.456 E.04065
G1 X120.57 Y93.721 E.03343
G1 X121.813 Y93.948 E.04065
G1 X122.548 Y93.213 E.03343
G1 X122.322 Y91.969 E.04065
G1 X123.057 Y91.234 E.03343
G1 X124.3 Y91.461 E.04065
G1 X125.036 Y90.726 E.03343
G1 X124.809 Y89.482 E.04065
G1 X125.544 Y88.747 E.03343
G1 X126.787 Y88.974 E.04065
G1 X127.523 Y88.239 E.03343
G1 X127.296 Y86.995 E.04065
G1 X128.031 Y86.26 E.03343
G1 X129.274 Y86.487 E.04065
G1 X130.01 Y85.752 E.03343
G1 X129.783 Y84.508 E.04065
G1 X130.518 Y83.773 E.03343
G1 X131.761 Y84 E.04065
G1 X132.497 Y83.265 E.03343
G1 X132.27 Y82.021 E.04065
G1 X133.005 Y81.286 E.03343
G1 X134.248 Y81.513 E.04065
G1 X134.984 Y80.778 E.03343
G1 X134.757 Y79.534 E.04065
G1 X135.492 Y78.799 E.03343
G1 X136.735 Y79.026 E.04065
G1 X137.471 Y78.291 E.03343
G1 X137.369 Y77.735 E.01818
G1 X139.856 Y77.735 E.07997
G1 X139.958 Y78.291 E.01818
G1 X139.222 Y79.026 E.03343
G1 X137.979 Y78.799 E.04065
G1 X137.244 Y79.534 E.03343
G1 X137.471 Y80.778 E.04065
G1 X136.735 Y81.513 E.03343
G1 X135.492 Y81.286 E.04065
G1 X134.757 Y82.021 E.03343
G1 X134.984 Y83.265 E.04065
G1 X134.248 Y84 E.03343
G1 X133.005 Y83.773 E.04065
G1 X132.27 Y84.508 E.03343
G1 X132.497 Y85.752 E.04065
G1 X131.761 Y86.487 E.03343
G1 X130.518 Y86.26 E.04065
G1 X129.783 Y86.995 E.03343
G1 X130.01 Y88.239 E.04065
G1 X129.274 Y88.974 E.03343
G1 X128.031 Y88.747 E.04065
G1 X127.296 Y89.482 E.03343
G1 X127.523 Y90.726 E.04065
G1 X126.787 Y91.461 E.03343
G1 X125.544 Y91.234 E.04065
G1 X124.809 Y91.969 E.03343
G1 X125.036 Y93.213 E.04065
G1 X124.3 Y93.948 E.03343
G1 X123.057 Y93.721 E.04065
G1 X122.322 Y94.456 E.03343
G1 X122.548 Y95.7 E.04065
G1 X121.813 Y96.435 E.03343
G1 X120.57 Y96.208 E.04065
G1 X119.835 Y96.943 E.03343
G1 X120.061 Y98.187 E.04065
G1 X119.326 Y98.922 E.03343
G1 X118.083 Y98.695 E.04065
G1 X117.348 Y99.43 E.03343
G1 X117.555 Y100.565 E.03711
G1 X119.435 Y100.565 E.06045
G1 X119.435 Y101.097 E.0171
G1 X100.928 Y101.087 F18000
;TYPE:Internal solid infill
;WIDTH:0.383138
G1 F6000
G1 X100.929 Y118.94 E.4798
G1 X100.955 Y119.045 E.00289
G1 X101.087 Y119.072 E.00362
G1 X118.94 Y119.071 E.4798
G1 X119.045 Y119.045 E.00289
G1 X119.072 Y118.913 E.00362
G1 X119.072 Y101.087 E.47905
G1 X119.045 Y100.955 E.00362
G1 X118.913 Y100.928 E.00362
G1 X101.06 Y100.929 E.4798
G1 X100.955 Y100.955 E.00289
G1 X100.94 Y101.029 E.00201
G1 X87.6 Y91.413 F18000
;TYPE:Sparse infill
;WIDTH:0.45
G1 F6205.95
G1 X87.762 Y91.16 E.00967
G1 X87.959 Y90.774 E.01391
G1 X88.129 Y90.33 E.0153
G1 X88.246 Y89.892 E.0146
G1 X88.313 Y89.464 E.01391
G1 X88.338 Y89.011 E.0146
G1 X88.326 Y88.763 E.00798
G1 X89.482 Y88.974 E.03778
G1 X90.217 Y88.239 E.03343
G1 X89.99 Y86.995 E.04065
G1 X90.726 Y86.26 E.03343
G1 X91.969 Y86.487 E.04065
G1 X92.704 Y85.752 E.03343
G1 X92.477 Y84.508 E.04065
G1 X93.213 Y83.773 E.03343
G1 X94.456 Y84 E.04065
G1 X95.191 Y83.265 E.03343
G1 X94.964 Y82.021 E.04065
G1 X95.7 Y81.286 E.03343
G1 X96.943 Y81.513 E.04065
G1 X97.678 Y80.778 E.03343
G1 X97.452 Y79.534 E.04065
G1 X98.187 Y78.799 E.03343
G1 X99.43 Y79.026 E.04065
G1 X100.165 Y78.291 E.03343
G1 X100.064 Y77.735 E.01818
G1 X102.551 Y77.735 E.07997
G1 X102.652 Y78.291 E.01818
G1 X101.917 Y79.026 E.03343
G1 X100.674 Y78.799 E.04065
G1 X99.939 Y79.534 E.03343
G1 X100.165 Y80.778 E.04065
G1 X99.43 Y81.513 E.03343
G1 X98.187 Y81.286 E.04065
G1 X97.452 Y82.021 E.03343
G1 X97.678 Y83.265 E.04065
G1 X96.943 Y84 E.03343
G1 X95.7 Y83.773 E.04065
G1 X94.964 Y84.508 E.03343
G1 X95.191 Y85.752 E.04065
G1 X94.456 Y86.487 E.03343
G1 X93.213 Y86.26 E.04065
G1 X92.477 Y86.995 E.03343
G1 X92.704 Y88.239 E.04065
G1 X91.969 Y88.974 E.03343
G1 X90.726 Y88.747 E.04065
G1 X89.99 Y89.482 E.03343
G1 X90.217 Y90.726 E.04065
G1 X89.482 Y91.461 E.03343
G1 X88.239 Y91.234 E.04065
G1 X87.503 Y91.969 E.03343
G1 X87.73 Y93.213 E.04065
G1 X86.995 Y93.948 E.03343
G1 X85.752 Y93.721 E.04065
G1 X85.016 Y94.456 E.03343
G1 X85.243 Y95.7 E.04065
G1 X84.508 Y96.435 E.03343
G1 X83.265 Y96.208 E.04065
G1 X82.529 Y96.943 E.03343
G1 X82.756 Y98.187 E.04065
G1 X82.021 Y98.922 E.03343
G1 X80.778 Y98.695 E.04065
G1 X80.042 Y99.43 E.03343
G1 X80.269 Y100.674 E.04065
G1 X79.534 Y101.409 E.03343
G1 X78.291 Y101.182 E.04065
G1 X77.735 Y101.738 E.02529
G1 X77.735 Y100.721 E.03269
G1 X77.782 Y100.674 E.00217
G1 X77.735 Y100.412 E.00856
G1 X77.735 Y99.455 E.03078
G1 X77.735 Y96.968 F18000
G1 F6205.95
G1 X77.735 Y97.925 E.03078
G1 X77.782 Y98.187 E.00856
G1 X77.735 Y98.234 E.00217
G1 X77.735 Y99.251 E.03269
G1 X78.291 Y98.695 E.02529
G1 X79.534 Y98.922 E.04065
G1 X80.269 Y98.187 E.03343
G1 X80.042 Y96.943 E.04065
G1 X80.778 Y96.208 E.03343
G1 X82.021 Y96.435 E.04065
G1 X82.756 Y95.7 E.03343
G1 X82.529 Y94.456 E.04065
G1 X83.265 Y93.721 E.03343
G1 X84.508 Y93.948 E.04065
G1 X85.243 Y93.213 E.03343
G1 X85.233 Y93.155 E.00187
G1 X84.892 Y93.246 E.01135
G1 X84.464 Y93.313 E.01391
G1 X83.989 Y93.338 E.01529
G1 X83.536 Y93.313 E.0146
G1 X83.108 Y93.246 E.01391
G1 X82.745 Y93.149 E.0121
G1 X82.756 Y93.213 E.00207
G1 X82.021 Y93.948 E.03343
G1 X80.778 Y93.721 E.04065
G1 X80.042 Y94.456 E.03343
G1 X80.269 Y95.7 E.04065
G1 X79.534 Y96.435 E.03343
G1 X78.291 Y96.208 E.04065
G1 X77.735 Y96.764 E.02529
G1 X77.735 Y95.747 E.03269
G1 X77.782 Y95.7 E.00217
G1 X77.735 Y95.438 E.00856
G1 X77.735 Y94.481 E.03078
G1 X77.735 Y91.994 F18000
G1 F6205.95
G1 X77.735 Y92.951 E.03078
G1 X77.782 Y93.213 E.00856
G1 X77.735 Y93.26 E.00217
G1 X77.735 Y94.277 E.03269
G1 X78.291 Y93.721 E.02529
G1 X79.534 Y93.948 E.04065
G1 X80.269 Y93.213 E.03343
G1 X80.042 Y91.969 E.04065
G1 X80.479 Y91.533 E.01984
G1 X80.248 Y91.179 E.01359
G1 X80.102 Y90.893 E.01032
G1 X79.534 Y91.461 E.02582
G1 X78.291 Y91.234 E.04065
G1 X77.735 Y91.79 E.02529
G1 X77.735 Y90.773 E.03269
G1 X77.782 Y90.726 E.00217
G1 X77.735 Y90.464 E.00856
G1 X77.735 Y89.507 E.03078
G1 X77.735 Y87.02 F18000
G1 F6205.95
G1 X77.735 Y87.977 E.03078
G1 X77.782 Y88.239 E.00856
G1 X77.735 Y88.286 E.00217
G1 X77.735 Y89.303 E.03269
G1 X78.291 Y88.747 E.02529
G1 X79.534 Y88.974 E.04065
G1 X79.67 Y88.838 E.00617
G1 X79.687 Y88.536 E.00974
G1 X79.759 Y88.087 E.0146
G1 X79.877 Y87.649 E.0146
G1 X80.073 Y87.163 E.01685
G1 X80.042 Y86.995 E.00549
G1 X80.308 Y86.729 E.0121
G1 X80.497 Y86.441 E.01106
G1 X80.769 Y86.105 E.01391
G1 X81.105 Y85.769 E.0153
G1 X81.441 Y85.497 E.0139
G1 X81.821 Y85.248 E.0146
G1 X82.226 Y85.041 E.01461
G1 X82.41 Y84.969 E.00637
G1 X77.735 Y84.533 F18000
G1 F6205.95
G1 X77.735 Y85.49 E.03078
G1 X77.782 Y85.752 E.00856
G1 X77.735 Y85.799 E.00217
G1 X77.735 Y86.816 E.03269
G1 X78.291 Y86.26 E.02529
G1 X79.534 Y86.487 E.04065
G1 X80.269 Y85.752 E.03343
G1 X80.042 Y84.508 E.04065
G1 X80.778 Y83.773 E.03343
G1 X82.021 Y84 E.04065
G1 X82.756 Y83.265 E.03343
G1 X82.529 Y82.021 E.04065
G1 X83.265 Y81.286 E.03343
G1 X84.508 Y81.513 E.04065
G1 X85.243 Y80.778 E.03343
G1 X85.016 Y79.534 E.04065
G1 X85.752 Y78.799 E.03343
G1 X86.995 Y79.026 E.04065
G1 X87.73 Y78.291 E.03343
G1 X87.629 Y77.735 E.01818
G1 X90.116 Y77.735 E.07997
G1 X90.217 Y78.291 E.01818
G1 X89.482 Y79.026 E.03343
G1 X88.239 Y78.799 E.04065
G1 X87.503 Y79.534 E.03343
G1 X87.73 Y80.778 E.04065
G1 X86.995 Y81.513 E.03343
G1 X85.752 Y81.286 E.04065
G1 X85.016 Y82.021 E.03343
G1 X85.243 Y83.265 E.04065
G1 X84.508 Y84 E.03343
G1 X83.265 Y83.773 E.04065
G1 X82.529 Y84.508 E.03343
G1 X82.6 Y84.896 E.01269
G1 X83.131 Y84.749 E.01773
G1 X83.557 Y84.684 E.01385
G1 X83.989 Y84.662 E.01391
G1 X84.448 Y84.684 E.01476
G1 X84.892 Y84.754 E.01444
G1 X85.07 Y84.801 E.00593
G1 X85.016 Y84.508 E.00957
G1 X85.752 Y83.773 E.03343
G1 X86.995 Y84 E.04065
G1 X87.73 Y83.265 E.03343
G1 X87.503 Y82.021 E.04065
G1 X88.239 Y81.286 E.03343
G1 X89.482 Y81.513 E.04065
G1 X90.217 Y80.778 E.03343
G1 X89.99 Y79.534 E.04065
G1 X90.726 Y78.799 E.03343
G1 X91.969 Y79.026 E.04065
G1 X92.704 Y78.291 E.03343
G1 X92.603 Y77.735 E.01818
G1 X95.09 Y77.735 E.07997
G1 X95.191 Y78.291 E.01818
G1 X94.456 Y79.026 E.03343
G1 X93.213 Y78.799 E.04065
G1 X92.477 Y79.534 E.03343
G1 X92.704 Y80.778 E.04065
G1 X91.969 Y81.513 E.03343
G1 X90.726 Y81.286 E.04065
G1 X89.99 Y82.021 E.03343
G1 X90.217 Y83.265 E.04065
G1 X89.482 Y84 E.03343
G1 X88.239 Y83.773 E.04065
G1 X87.503 Y84.508 E.03343
G1 X87.73 Y85.752 E.04065
G1 X87.296 Y86.186 E.01974
G1 X87.516 Y86.459 E.01127
G1 X87.722 Y86.776 E.01218
G1 X88.239 Y86.26 E.02348
G1 X89.482 Y86.487 E.04065
G1 X90.217 Y85.752 E.03343
G1 X89.99 Y84.508 E.04065
G1 X90.726 Y83.773 E.03343
G1 X91.969 Y84 E.04065
G1 X92.704 Y83.265 E.03343
G1 X92.477 Y82.021 E.04065
G1 X93.213 Y81.286 E.03343
G1 X94.456 Y81.513 E.04065
G1 X95.191 Y80.778 E.03343
G1 X94.964 Y79.534 E.04065
G1 X95.7 Y78.799 E.03343
G1 X96.943 Y79.026 E.04065
G1 X97.678 Y78.291 E.03343
G1 X97.577 Y77.735 E.01818
G1 X99.86 Y77.735 E.07343
G1 X107.321 Y77.735 F18000
G1 F6205.95
G1 X105.038 Y77.735 E.07343
G1 X105.139 Y78.291 E.01818
G1 X104.404 Y79.026 E.03343
G1 X103.161 Y78.799 E.04065
G1 X102.426 Y79.534 E.03343
G1 X102.652 Y80.778 E.04065
G1 X101.917 Y81.513 E.03343
G1 X100.674 Y81.286 E.04065
G1 X99.939 Y82.021 E.03343
G1 X100.165 Y83.265 E.04065
G1 X99.43 Y84 E.03343
G1 X98.187 Y83.773 E.04065
G1 X97.452 Y84.508 E.03343
G1 X97.678 Y85.752 E.04065
G1 X96.943 Y86.487 E.03343
G1 X95.7 Y86.26 E.04065
G1 X94.964 Y86.995 E.03343
G1 X95.191 Y88.239 E.04065
G1 X94.456 Y88.974 E.03343
G1 X93.213 Y88.747 E.04065
G1 X92.477 Y89.482 E.03343
G1 X92.704 Y90.726 E.04065
G1 X91.969 Y91.461 E.03343
G1 X90.726 Y91.234 E.04065
G1 X89.99 Y91.969 E.03343
G1 X90.217 Y93.213 E.04065
G1 X89.482 Y93.948 E.03343
G1 X88.239 Y93.721 E.04065
G1 X87.503 Y94.456 E.03343
G1 X87.73 Y95.7 E.04065
G1 X86.995 Y96.435 E.03343
G1 X85.752 Y96.208 E.04065
G1 X85.016 Y96.943 E.03343
G1 X85.243 Y98.187 E.04065
G1 X84.508 Y98.922 E.03343
G1 X83.265 Y98.695 E.04065
G1 X82.529 Y99.43 E.03343
G1 X82.756 Y100.674 E.04065
G1 X82.021 Y101.409 E.03343
G1 X80.778 Y101.182 E.04065
G1 X80.042 Y101.917 E.03343
G1 X80.269 Y103.161 E.04065
G1 X79.534 Y103.896 E.03343
G1 X78.291 Y103.669 E.04065
G1 X77.735 Y104.225 E.02529
G1 X77.735 Y103.208 E.03269
G1 X77.782 Y103.161 E.00217
G1 X77.735 Y102.899 E.00856
G1 X77.735 Y101.942 E.03078
G1 X77.735 Y104.429 F18000
G1 F6205.95
G1 X77.735 Y105.386 E.03078
G1 X77.782 Y105.648 E.00856
G1 X77.735 Y105.695 E.00217
G1 X77.735 Y106.712 E.03269
G1 X78.291 Y106.156 E.02529
G1 X79.534 Y106.383 E.04065
G1 X80.269 Y105.648 E.03343
G1 X80.042 Y104.404 E.04065
G1 X80.778 Y103.669 E.03343
G1 X82.021 Y103.896 E.04065
G1 X82.756 Y103.161 E.03343
G1 X82.529 Y101.917 E.04065
G1 X83.265 Y101.182 E.03343
G1 X84.508 Y101.409 E.04065
G1 X85.243 Y100.674 E.03343
G1 X85.016 Y99.43 E.04065
G1 X85.752 Y98.695 E.03343
G1 X86.995 Y98.922 E.04065
G1 X87.73 Y98.187 E.03343
G1 X87.503 Y96.943 E.04065
G1 X88.239 Y96.208 E.03343
G1 X89.482 Y96.435 E.04065
G1 X90.217 Y95.7 E.03343
G1 X89.99 Y94.456 E.04065
G1 X90.726 Y93.721 E.03343
G1 X91.969 Y93.948 E.04065
G1 X92.704 Y93.213 E.03343
G1 X92.477 Y91.969 E.04065
G1 X93.213 Y91.234 E.03343
G1 X94.456 Y91.461 E.04065
G1 X95.191 Y90.726 E.03343
G1 X94.964 Y89.482 E.04065
G1 X95.7 Y88.747 E.03343
G1 X96.943 Y88.974 E.04065
G1 X97.678 Y88.239 E.03343
G1 X97.452 Y86.995 E.04065
G1 X98.187 Y86.26 E.03343
G1 X99.43 Y86.487 E.04065
G1 X100.165 Y85.752 E.03343
G1 X99.939 Y84.508 E.04065
G1 X100.674 Y83.773 E.03343
G1 X101.917 Y84 E.04065
G1 X102.652 Y83.265 E.03343
G1 X102.426 Y82.021 E.04065
G1 X103.161 Y81.286 E.03343
G1 X104.404 Y81.513 E.04065
G1 X105.139 Y80.778 E.03343
G1 X104.913 Y79.534 E.04065
G1 X105.648 Y78.799 E.03343
G1 X106.891 Y79.026 E.04065
G1 X107.626 Y78.291 E.03343
G1 X107.525 Y77.735 E.01818
G1 X110.012 Y77.735 E.07997
G1 X110.113 Y78.291 E.01818
G1 X109.378 Y79.026 E.03343
G1 X108.135 Y78.799 E.04065
G1 X107.4 Y79.534 E.03343
G1 X107.626 Y80.778 E.04065
G1 X106.891 Y81.513 E.03343
G1 X105.648 Y81.286 E.04065
G1 X104.913 Y82.021 E.03343
G1 X105.139 Y83.265 E.04065
G1 X104.404 Y84 E.03343
G1 X103.161 Y83.773 E.04065
G1 X102.426 Y84.508 E.03343
G1 X102.652 Y85.752 E.04065
G1 X101.917 Y86.487 E.03343
G1 X100.674 Y86.26 E.04065
G1 X99.939 Y86.995 E.03343
G1 X100.165 Y88.239 E.04065
G1 X99.43 Y88.974 E.03343
G1 X98.187 Y88.747 E.04065
G1 X97.452 Y89.482 E.03343
G1 X97.678 Y90.726 E.04065
G1 X96.943 Y91.461 E.03343
G1 X95.7 Y91.234 E.04065
G1 X94.964 Y91.969 E.03343
G1 X95.191 Y93.213 E.04065
G1 X94.456 Y93.948 E.03343
G1 X93.213 Y93.721 E.04065
G1 X92.477 Y94.456 E.03343
G1 X92.704 Y95.7 E.04065
G1 X91.969 Y96.435 E.03343
G1 X90.726 Y96.208 E.04065
G1 X89.99 Y96.943 E.03343
G1 X90.217 Y98.187 E.04065
G1 X89.482 Y98.922 E.03343
G1 X88.239 Y98.695 E.04065
G1 X87.503 Y99.43 E.03343
G1 X87.73 Y100.674 E.04065
G1 X86.995 Y101.409 E.03343
G1 X85.752 Y101.182 E.04065
G1 X85.016 Y101.917 E.03343
G1 X85.243 Y103.161 E.04065
G1 X84.508 Y103.896 E.03343
G1 X83.265 Y103.669 E.04065
G1 X82.529 Y104.404 E.03343
G1 X82.756 Y105.648 E.04065
G1 X82.021 Y106.383 E.03343
G1 X80.778 Y106.156 E.04065
G1 X80.042 Y106.891 E.03343
G1 X80.269 Y108.135 E.04065
G1 X79.534 Y108.87 E.03343
G1 X78.291 Y108.643 E.04065
G1 X77.735 Y109.199 E.02529
G1 X77.735 Y108.183 E.03269
G1 X77.782 Y108.135 E.00217
G1 X77.735 Y107.873 E.00856
G1 X77.735 Y106.916 E.03078
G1 X77.735 Y109.403 F18000
G1 F6205.95
G1 X77.735 Y110.36 E.03078
G1 X77.782 Y110.622 E.00856
G1 X77.735 Y110.67 E.00217
G1 X77.735 Y111.686 E.03269
G1 X78.291 Y111.13 E.02529
G1 X79.534 Y111.357 E.04065
G1 X80.269 Y110.622 E.03343
G1 X80.042 Y109.378 E.04065
G1 X80.778 Y108.643 E.03343
G1 X82.021 Y108.87 E.04065
G1 X82.756 Y108.135 E.03343
G1 X82.529 Y106.891 E.04065
G1 X83.265 Y106.156 E.03343
G1 X84.508 Y106.383 E.04065
G1 X85.243 Y105.648 E.03343
G1 X85.016 Y104.404 E.04065
G1 X85.752 Y103.669 E.03343
G1 X86.995 Y103.896 E.04065
G1 X87.73 Y103.161 E.03343
G1 X87.503 Y101.917 E.04065
G1 X88.239 Y101.182 E.03343
G1 X89.482 Y101.409 E.04065
G1 X90.217 Y100.674 E.03343
G1 X89.99 Y99.43 E.04065
G1 X90.726 Y98.695 E.03343
G1 X91.969 Y98.922 E.04065
G1 X92.704 Y98.187 E.03343
G1 X92.477 Y96.943 E.04065
G1 X93.213 Y96.208 E.03343
G1 X94.456 Y96.435 E.04065
G1 X95.191 Y95.7 E.03343
G1 X94.964 Y94.456 E.04065
G1 X95.7 Y93.721 E.03343
G1 X96.943 Y93.948 E.04065
G1 X97.678 Y93.213 E.03343
G1 X97.452 Y91.969 E.04065
G1 X98.187 Y91.234 E.03343
G1 X99.43 Y91.461 E.04065
G1 X100.165 Y90.726 E.03343
G1 X99.939 Y89.482 E.04065
G1 X100.674 Y88.747 E.03343
G1 X101.917 Y88.974 E.04065
G1 X102.652 Y88.239 E.03343
G1 X102.426 Y86.995 E.04065
G1 X103.161 Y86.26 E.03343
G1 X104.404 Y86.487 E.04065
G1 X105.139 Y85.752 E.03343
G1 X104.913 Y84.508 E.04065
G1 X105.648 Y83.773 E.03343
G1 X106.891 Y84 E.04065
G1 X107.626 Y83.265 E.03343
G1 X107.4 Y82.021 E.04065
G1 X108.135 Y81.286 E.03343
G1 X109.378 Y81.513 E.04065
G1 X110.113 Y80.778 E.03343
G1 X109.887 Y79.534 E.04065
G1 X110.622 Y78.799 E.03343
G1 X111.865 Y79.026 E.04065
G1 X112.6 Y78.291 E.03343
G1 X112.499 Y77.735 E.01818
G1 X114.986 Y77.735 E.07997
G1 X115.087 Y78.291 E.01818
G1 X114.352 Y79.026 E.03343
G1 X113.109 Y78.799 E.04065
G1 X112.374 Y79.534 E.03343
G1 X112.6 Y80.778 E.04065
G1 X111.865 Y81.513 E.03343
G1 X110.622 Y81.286 E.04065
G1 X109.887 Y82.021 E.03343
G1 X110.113 Y83.265 E.04065
G1 X109.378 Y84 E.03343
G1 X108.135 Y83.773 E.04065
G1 X107.4 Y84.508 E.03343
G1 X107.626 Y85.752 E.04065
G1 X106.891 Y86.487 E.03343
G1 X105.648 Y86.26 E.04065
G1 X104.913 Y86.995 E.03343
G1 X105.139 Y88.239 E.04065
G1 X104.404 Y88.974 E.03343
G1 X103.161 Y88.747 E.04065
G1 X102.426 Y89.482 E.03343
G1 X102.652 Y90.726 E.04065
G1 X101.917 Y91.461 E.03343
G1 X100.674 Y91.234 E.04065
G1 X99.939 Y91.969 E.03343
G1 X100.165 Y93.213 E.04065
G1 X99.43 Y93.948 E.03343
G1 X98.187 Y93.721 E.04065
G1 X97.452 Y94.456 E.03343
G1 X97.678 Y95.7 E.04065
G1 X96.943 Y96.435 E.03343
G1 X95.7 Y96.208 E.04065
G1 X94.964 Y96.943 E.03343
G1 X95.191 Y98.187 E.04065
G1 X94.456 Y98.922 E.03343
G1 X93.213 Y98.695 E.04065
G1 X92.477 Y99.43 E.03343
G1 X92.704 Y100.674 E.04065
G1 X91.969 Y101.409 E.03343
G1 X90.726 Y101.182 E.04065
G1 X89.99 Y101.917 E.03343
G1 X90.217 Y103.161 E.04065
G1 X89.482 Y103.896 E.03343
G1 X88.239 Y103.669 E.04065
G1 X87.503 Y104.404 E.03343
G1 X87.73 Y105.648 E.04065
G1 X86.995 Y106.383 E.03343
G1 X85.752 Y106.156 E.04065
G1 X85.016 Y106.891 E.03343
G1 X85.243 Y108.135 E.04065
G1 X84.508 Y108.87 E.03343
G1 X83.265 Y108.643 E.04065
G1 X82.529 Y109.378 E.03343
G1 X82.756 Y110.622 E.04065
G1 X82.021 Y111.357 E.03343
G1 X80.778 Y111.13 E.04065
G1 X80.042 Y111.865 E.03343
G1 X80.269 Y113.109 E.04065
G1 X79.534 Y113.844 E.03343
G1 X78.291 Y113.617 E.04065
G1 X77.735 Y114.173 E.02529
G1 X77.735 Y113.157 E.03269
G1 X77.782 Y113.109 E.00217
G1 X77.735 Y112.847 E.00856
G1 X77.735 Y111.89 E.03078
G1 X77.735 Y114.377 F18000
G1 F6205.95
G1 X77.735 Y115.334 E.03078
G1 X77.782 Y115.596 E.00856
G1 X77.735 Y115.644 E.00217
G1 X77.735 Y116.66 E.03269
G1 X78.291 Y116.104 E.02529
G1 X79.534 Y116.331 E.04065
G1 X80.269 Y115.596 E.03343
G1 X80.042 Y114.352 E.04065
G1 X80.778 Y113.617 E.03343
G1 X82.021 Y113.844 E.04065
G1 X82.756 Y113.109 E.03343
G1 X82.529 Y111.865 E.04065
G1 X83.265 Y111.13 E.03343
G1 X84.508 Y111.357 E.04065
G1 X85.243 Y110.622 E.03343
G1 X85.016 Y109.378 E.04065
G1 X85.752 Y108.643 E.03343
G1 X86.995 Y108.87 E.04065
G1 X87.73 Y108.135 E.03343
G1 X87.503 Y106.891 E.04065
G1 X88.239 Y106.156 E.03343
G1 X89.482 Y106.383 E.04065
G1 X90.217 Y105.648 E.03343
G1 X89.99 Y104.404 E.04065
G1 X90.726 Y103.669 E.03343
G1 X91.969 Y103.896 E.04065
G1 X92.704 Y103.161 E.03343
G1 X92.477 Y101.917 E.04065
G1 X93.213 Y101.182 E.03343
G1 X94.456 Y101.409 E.04065
G1 X95.191 Y100.674 E.03343
G1 X94.964 Y99.43 E.04065
G1 X95.7 Y98.695 E.03343
G1 X96.943 Y98.922 E.04065
G1 X97.678 Y98.187 E.03343
G1 X97.452 Y96.943 E.04065
G1 X98.187 Y96.208 E.03343
G1 X99.43 Y96.435 E.04065
G1 X100.165 Y95.7 E.03343
G1 X99.939 Y94.456 E.04065
G1 X100.674 Y93.721 E.03343
G1 X101.917 Y93.948 E.04065
G1 X102.652 Y93.213 E.03343
G1 X102.426 Y91.969 E.04065
G1 X103.161 Y91.234 E.03343
G1 X104.404 Y91.461 E.04065
G1 X105.139 Y90.726 E.03343
G1 X104.913 Y89.482 E.04065
G1 X105.648 Y88.747 E.03343
G1 X106.891 Y88.974 E.04065
G1 X107.626 Y88.239 E.03343
G1 X107.4 Y86.995 E.04065
G1 X108.135 Y86.26 E.03343
G1 X109.378 Y86.487 E.04065
G1 X110.113 Y85.752 E.03343
G1 X109.887 Y84.508 E.04065
G1 X110.622 Y83.773 E.03343
G1 X111.865 Y84 E.04065
G1 X112.6 Y83.265 E.03343
G1 X112.374 Y82.021 E.04065
G1 X113.109 Y81.286 E.03343
G1 X114.352 Y81.513 E.04065
G1 X115.087 Y80.778 E.03343
G1 X114.861 Y79.534 E.04065
G1 X115.596 Y78.799 E.03343
G1 X116.839 Y79.026 E.04065
G1 X117.574 Y78.291 E.03343
G1 X117.473 Y77.735 E.01818
G1 X119.96 Y77.735 E.07997
G1 X120.061 Y78.291 E.01818
G1 X119.326 Y79.026 E.03343
G1 X118.083 Y78.799 E.04065
G1 X117.348 Y79.534 E.03343
G1 X117.574 Y80.778 E.04065
G1 X116.839 Y81.513 E.03343
G1 X115.596 Y81.286 E.04065
G1 X114.861 Y82.021 E.03343
G1 X115.087 Y83.265 E.04065
G1 X114.352 Y84 E.03343
G1 X113.109 Y83.773 E.04065
G1 X112.374 Y84.508 E.03343
G1 X112.6 Y85.752 E.04065
G1 X111.865 Y86.487 E.03343
G1 X110.622 Y86.26 E.04065
G1 X109.887 Y86.995 E.03343
G1 X110.113 Y88.239 E.04065
G1 X109.378 Y88.974 E.03343
G1 X108.135 Y88.747 E.04065
G1 X107.4 Y89.482 E.03343
G1 X107.626 Y90.726 E.04065
G1 X106.891 Y91.461 E.03343
G1 X105.648 Y91.234 E.04065
G1 X104.913 Y91.969 E.03343
G1 X105.139 Y93.213 E.04065
G1 X104.404 Y93.948 E.03343
G1 X103.161 Y93.721 E.04065
G1 X102.426 Y94.456 E.03343
G1 X102.652 Y95.7 E.04065
G1 X101.917 Y96.435 E.03343
G1 X100.674 Y96.208 E.04065
G1 X99.939 Y96.943 E.03343
G1 X100.165 Y98.187 E.04065
G1 X99.43 Y98.922 E.03343
G1 X98.187 Y98.695 E.04065
G1 X97.452 Y99.43 E.03343
G1 X97.678 Y100.674 E.04065
G1 X96.943 Y101.409 E.03343
G1 X95.7 Y101.182 E.04065
G1 X94.964 Y101.917 E.03343
G1 X95.191 Y103.161 E.04065
G1 X94.456 Y103.896 E.03343
G1 X93.213 Y103.669 E.04065
G1 X92.477 Y104.404 E.03343
G1 X92.704 Y105.648 E.04065
G1 X91.969 Y106.383 E.03343
G1 X90.726 Y106.156 E.04065
G1 X89.99 Y106.891 E.03343
G1 X90.217 Y108.135 E.04065
G1 X89.482 Y108.87 E.03343
G1 X88.239 Y108.643 E.04065
G1 X87.503 Y109.378 E.03343
G1 X87.73 Y110.622 E.04065
G1 X86.995 Y111.357 E.03343
G1 X85.752 Y111.13 E.04065
G1 X85.016 Y111.865 E.03343
G1 X85.243 Y113.109 E.04065
G1 X84.508 Y113.844 E.03343
G1 X83.265 Y113.617 E.04065
G1 X82.529 Y114.352 E.03343
G1 X82.756 Y115.596 E.04065
G1 X82.021 Y116.331 E.03343
G1 X80.778 Y116.104 E.04065
G1 X80.042 Y116.839 E.03343
G1 X80.269 Y118.083 E.04065
G1 X79.534 Y118.818 E.03343
G1 X78.291 Y118.591 E.04065
G1 X77.735 Y119.147 E.02529
G1 X77.735 Y118.131 E.03269
G1 X77.782 Y118.083 E.00217
G1 X77.735 Y117.821 E.00856
G1 X77.735 Y116.864 E.03078
G1 X87.508 Y88.695 F18000
;TYPE:Internal solid infill
;WIDTH:0.499928
G1 F5527.956
G1 X87.374 Y88.003 E.02544
G1 X87.17 Y87.485 E.02009
G1 X86.88 Y86.985 E.02089
G1 X86.398 Y86.43 E.02652
G1 X85.814 Y85.984 E.02652
G1 X85.15 Y85.67 E.02654
G1 X84.432 Y85.512 E.02654
G1 X83.764 Y85.487 E.02411
G1 X83.261 Y85.553 E.01834
G1 X82.627 Y85.76 E.02408
G1 X81.981 Y86.114 E.02658
G1 X81.426 Y86.598 E.02657
G1 X80.986 Y87.177 E.02628
G1 X80.673 Y87.853 E.02688
G1 X80.505 Y88.569 E.02656
G1 X80.492 Y89.305 E.02657
G1 X80.632 Y90.028 E.02657
G1 X80.92 Y90.706 E.02658
G1 X81.342 Y91.309 E.02656
G1 X81.88 Y91.811 E.02656
G1 X82.331 Y92.095 E.01926
G1 X82.912 Y92.351 E.02291
G1 X83.57 Y92.495 E.02433
G1 X84.305 Y92.508 E.02653
G1 X84.939 Y92.391 E.02326
G1 X85.429 Y92.214 E.01882
G1 X86.071 Y91.843 E.02678
G1 X86.619 Y91.348 E.02663
G1 X87.009 Y90.82 E.02373
G1 X87.22 Y90.432 E.01593
G1 X87.389 Y89.948 E.0185
G1 X87.497 Y89.422 E.01938
G1 X87.507 Y88.755 E.02409
G1 X86.502 Y90.842 F18000
;WIDTH:0.419999
G1 F6000
G1 X86.064 Y91.322 E.01934
G1 X85.537 Y91.701 E.01934
G1 X84.941 Y91.961 E.01935
G1 X84.305 Y92.092 E.01935
G1 X83.656 Y92.088 E.01934
G1 X83.062 Y91.959 E.0181
G1 X82.542 Y91.729 E.01693
G1 X82.158 Y91.502 E.0133
G1 X81.678 Y91.064 E.01934
G1 X81.299 Y90.537 E.01934
G1 X81.039 Y89.941 E.01935
G1 X80.908 Y89.305 E.01935
G1 X80.912 Y88.656 E.01934
G1 X81.051 Y88.021 E.01935
G1 X81.319 Y87.429 E.01935
G1 X81.704 Y86.907 E.01934
G1 X82.19 Y86.475 E.01935
G1 X82.754 Y86.153 E.01936
G1 X83.344 Y85.965 E.01844
G1 X83.987 Y85.907 E.01923
G1 X84.347 Y85.913 E.01071
G1 X84.98 Y86.052 E.01931
G1 X85.571 Y86.319 E.01932
G1 X86.094 Y86.704 E.01934
G1 X86.525 Y87.19 E.01934
G1 X86.827 Y87.717 E.01811
G1 X86.968 Y88.09 E.01187
G1 X87.092 Y88.695 E.01839
G1 X87.088 Y89.344 E.01934
G1 X86.959 Y89.938 E.0181
G1 X86.814 Y90.309 E.01187
G1 X86.532 Y90.791 E.01661
G1 X86.936 Y91.635 F18000
G1 F6000
G1 X87.384 Y91.019 E.0227
G1 X87.617 Y90.571 E.01504
G1 X87.801 Y90.03 E.01702
G1 X87.924 Y89.408 E.01886
G1 X87.923 Y88.626 E.0233
G1 X87.781 Y87.917 E.02155
G1 X87.584 Y87.403 E.01638
G1 X87.388 Y86.987 E.01372
G1 X86.928 Y86.356 E.02323
G1 X86.313 Y85.804 E.02465
G1 X85.839 Y85.516 E.01651
G1 X85.263 Y85.267 E.01867
G1 X84.782 Y85.137 E.01486
G1 X83.967 Y85.056 E.02438
G1 X83.228 Y85.134 E.02214
G1 X82.732 Y85.268 E.01531
G1 X82.247 Y85.471 E.01565
G1 X81.678 Y85.811 E.01974
G1 X81.064 Y86.365 E.02463
G1 X80.616 Y86.981 E.02269
G1 X80.383 Y87.43 E.01507
G1 X80.199 Y87.97 E.01701
G1 X80.076 Y88.592 E.01886
G1 X80.077 Y89.418 E.02461
G1 X80.25 Y90.224 E.02457
G1 X80.586 Y90.977 E.02457
G1 X81.072 Y91.644 E.02456
G1 X81.687 Y92.196 E.02465
G1 X82.162 Y92.484 E.01654
G1 X82.785 Y92.753 E.02021
G1 X83.593 Y92.924 E.02459
G1 X84.419 Y92.923 E.02461
G1 X85.078 Y92.788 E.02003
G1 X85.608 Y92.603 E.01672
G1 X86.323 Y92.189 E.02463
G1 X86.891 Y91.676 E.0228
G1 X86.261 Y88.519 F18000
G1 X86.199 Y88.286
G1 X86.112 Y88.06
G1 X86.002 Y87.844
G1 X85.87 Y87.641
G1 X85.718 Y87.453
G1 X85.547 Y87.282
G1 X85.359 Y87.13
G1 X77.735 Y82.046
;TYPE:Sparse infill
;WIDTH:0.45
G1 F6205.95
G1 X77.735 Y83.003 E.03078
G1 X77.782 Y83.265 E.00856
G1 X77.735 Y83.312 E.00217
G1 X77.735 Y84.329 E.03269
G1 X78.291 Y83.773 E.02529
G1 X79.534 Y84 E.04065
G1 X80.269 Y83.265 E.03343
G1 X80.042 Y82.021 E.04065
G1 X80.778 Y81.286 E.03343
G1 X82.021 Y81.513 E.04065
G1 X82.756 Y80.778 E.03343
G1 X82.529 Y79.534 E.04065
G1 X83.265 Y78.799 E.03343
G1 X84.508 Y79.026 E.04065
G1 X85.243 Y78.291 E.03343
G1 X85.142 Y77.735 E.01818
G1 X82.655 Y77.735 E.07997
G1 X82.756 Y78.291 E.01818
G1 X82.021 Y79.026 E.03343
G1 X80.778 Y78.799 E.04065
G1 X80.042 Y79.534 E.03343
G1 X80.269 Y80.778 E.04065
G1 X79.534 Y81.513 E.03343
G1 X78.291 Y81.286 E.04065
G1 X77.735 Y81.842 E.02529
G1 X77.735 Y80.825 E.03269
G1 X77.782 Y80.778 E.00217
G1 X77.735 Y80.516 E.00856
G1 X77.735 Y79.355 E.03733
G1 X78.291 Y78.799 E.02529
G1 X79.534 Y79.026 E.04065
G1 X80.269 Y78.291 E.03343
G1 X80.168 Y77.735 E.01818
G1 X79.063 Y77.735 E.03552
G1 X78.737 Y77.768 E.01055
G1 X78.487 Y77.849 E.00844
G1 X78.259 Y77.98 E.00847
G1 X78.064 Y78.157 E.00847
G1 X77.909 Y78.37 E.00847
G1 X77.802 Y78.611 E.00847
G1 X77.743 Y78.887 E.00909
G1 X77.735 Y79.151 E.00851
G1 X134.62 Y84.888 F18000
G1 F6205.95
G1 X134.226 Y85.041 E.01361
G1 X133.84 Y85.238 E.01391
G1 X133.441 Y85.497 E.01529
G1 X133.089 Y85.783 E.0146
G1 X132.783 Y86.089 E.01392
G1 X132.497 Y86.441 E.0146
G1 X132.238 Y86.84 E.01529
G1 X132.041 Y87.226 E.01391
G1 X131.877 Y87.649 E.0146
G1 X131.754 Y88.108 E.01529
G1 X131.687 Y88.536 E.01391
G1 X131.664 Y88.956 E.01353
G1 X130.518 Y88.747 E.03745
G1 X129.783 Y89.482 E.03343
G1 X130.01 Y90.726 E.04065
G1 X129.274 Y91.461 E.03343
G1 X128.031 Y91.234 E.04065
G1 X127.296 Y91.969 E.03343
G1 X127.523 Y93.213 E.04065
G1 X126.787 Y93.948 E.03343
G1 X125.544 Y93.721 E.04065
G1 X124.809 Y94.456 E.03343
G1 X125.036 Y95.7 E.04065
G1 X124.3 Y96.435 E.03343
G1 X123.057 Y96.208 E.04065
G1 X122.322 Y96.943 E.03343
G1 X122.548 Y98.187 E.04065
G1 X121.813 Y98.922 E.03343
G1 X120.57 Y98.695 E.04065
G1 X119.835 Y99.43 E.03343
G1 X120.061 Y100.674 E.04065
G1 X119.435 Y101.301 E.02851
G1 X119.435 Y103.788 E.07997
G1 X120.061 Y103.161 E.02851
G1 X119.835 Y101.917 E.04065
G1 X120.57 Y101.182 E.03343
G1 X121.813 Y101.409 E.04065
G1 X122.548 Y100.674 E.03343
G1 X122.322 Y99.43 E.04065
G1 X123.057 Y98.695 E.03343
G1 X124.3 Y98.922 E.04065
G1 X125.036 Y98.187 E.03343
G1 X124.809 Y96.943 E.04065
G1 X125.544 Y96.208 E.03343
G1 X126.787 Y96.435 E.04065
G1 X127.523 Y95.7 E.03343
G1 X127.296 Y94.456 E.04065
G1 X128.031 Y93.721 E.03343
G1 X129.274 Y93.948 E.04065
G1 X130.01 Y93.213 E.03343
G1 X129.783 Y91.969 E.04065
G1 X130.518 Y91.234 E.03343
G1 X131.761 Y91.461 E.04065
G1 X132.178 Y91.044 E.01897
G1 X132.248 Y91.179 E.00488
G1 X132.579 Y91.66 E.01878
G1 X132.27 Y91.969 E.01406
G1 X132.497 Y93.213 E.04065
G1 X131.761 Y93.948 E.03343
G1 X130.518 Y93.721 E.04065
G1 X129.783 Y94.456 E.03343
G1 X130.01 Y95.7 E.04065
G1 X129.274 Y96.435 E.03343
G1 X128.031 Y96.208 E.04065
G1 X127.296 Y96.943 E.03343
G1 X127.523 Y98.187 E.04065
G1 X126.787 Y98.922 E.03343
G1 X125.544 Y98.695 E.04065
G1 X124.809 Y99.43 E.03343
G1 X125.036 Y100.674 E.04065
G1 X124.3 Y101.409 E.03343
G1 X123.057 Y101.182 E.04065
G1 X122.322 Y101.917 E.03343
G1 X122.548 Y103.161 E.04065
G1 X121.813 Y103.896 E.03343
G1 X120.57 Y103.669 E.04065
G1 X119.835 Y104.404 E.03343
G1 X120.061 Y105.648 E.04065
G1 X119.435 Y106.275 E.02851
G1 X119.435 Y108.762 E.07997
G1 X120.061 Y108.135 E.02851
G1 X119.835 Y106.891 E.04065
G1 X120.57 Y106.156 E.03343
G1 X121.813 Y106.383 E.04065
G1 X122.548 Y105.648 E.03343
G1 X122.322 Y104.404 E.04065
G1 X123.057 Y103.669 E.03343
G1 X124.3 Y103.896 E.04065
G1 X125.036 Y103.161 E.03343
G1 X124.809 Y101.917 E.04065
G1 X125.544 Y101.182 E.03343
G1 X126.787 Y101.409 E.04065
G1 X127.523 Y100.674 E.03343
G1 X127.296 Y99.43 E.04065
G1 X128.031 Y98.695 E.03343
G1 X129.274 Y98.922 E.04065
G1 X130.01 Y98.187 E.03343
G1 X129.783 Y96.943 E.04065
G1 X130.518 Y96.208 E.03343
G1 X131.761 Y96.435 E.04065
G1 X132.497 Y95.7 E.03343
G1 X132.27 Y94.456 E.04065
G1 X133.005 Y93.721 E.03343
G1 X134.248 Y93.948 E.04065
G1 X134.983 Y93.213 E.03341
G1 X135.536 Y93.313 E.01806
G1 X136.011 Y93.338 E.0153
G1 X136.464 Y93.313 E.0146
G1 X136.892 Y93.246 E.01391
G1 X137.447 Y93.085 E.0186
G1 X137.471 Y93.213 E.00416
G1 X136.735 Y93.948 E.03343
G1 X135.492 Y93.721 E.04065
G1 X134.757 Y94.456 E.03343
G1 X134.984 Y95.7 E.04065
G1 X134.248 Y96.435 E.03343
G1 X133.005 Y96.208 E.04065
G1 X132.27 Y96.943 E.03343
G1 X132.497 Y98.187 E.04065
G1 X131.761 Y98.922 E.03343
G1 X130.518 Y98.695 E.04065
G1 X129.783 Y99.43 E.03343
G1 X130.01 Y100.674 E.04065
G1 X129.274 Y101.409 E.03343
G1 X128.031 Y101.182 E.04065
G1 X127.296 Y101.917 E.03343
G1 X127.523 Y103.161 E.04065
G1 X126.787 Y103.896 E.03343
G1 X125.544 Y103.669 E.04065
G1 X124.809 Y104.404 E.03343
G1 X125.036 Y105.648 E.04065
G1 X124.3 Y106.383 E.03343
G1 X123.057 Y106.156 E.04065
G1 X122.322 Y106.891 E.03343
G1 X122.548 Y108.135 E.04065
G1 X121.813 Y108.87 E.03343
G1 X120.57 Y108.643 E.04065
G1 X119.835 Y109.378 E.03343
G1 X120.061 Y110.622 E.04065
G1 X119.435 Y111.249 E.02851
G1 X119.435 Y113.736 E.07997
G1 X120.061 Y113.109 E.02851
G1 X119.835 Y111.865 E.04065
G1 X120.57 Y111.13 E.03343
G1 X121.813 Y111.357 E.04065
G1 X122.548 Y110.622 E.03343
G1 X122.322 Y109.378 E.04065
G1 X123.057 Y108.643 E.03343
G1 X124.3 Y108.87 E.04065
G1 X125.036 Y108.135 E.03343
G1 X124.809 Y106.891 E.04065
G1 X125.544 Y106.156 E.03343
G1 X126.787 Y106.383 E.04065
G1 X127.523 Y105.648 E.03343
G1 X127.296 Y104.404 E.04065
G1 X128.031 Y103.669 E.03343
G1 X129.274 Y103.896 E.04065
G1 X130.01 Y103.161 E.03343
G1 X129.783 Y101.917 E.04065
G1 X130.518 Y101.182 E.03343
G1 X131.761 Y101.409 E.04065
G1 X132.497 Y100.674 E.03343
G1 X132.27 Y99.43 E.04065
G1 X133.005 Y98.695 E.03343
G1 X134.248 Y98.922 E.04065
G1 X134.984 Y98.187 E.03343
G1 X134.757 Y96.943 E.04065
G1 X135.492 Y96.208 E.03343
G1 X136.735 Y96.435 E.04065
G1 X137.471 Y95.7 E.03343
G1 X137.244 Y94.456 E.04065
G1 X137.979 Y93.721 E.03343
G1 X139.222 Y93.948 E.04065
G1 X139.958 Y93.213 E.03343
G1 X139.731 Y91.969 E.04065
G1 X140.466 Y91.234 E.03343
G1 X141.709 Y91.461 E.04065
G1 X142.265 Y90.905 E.02529
G1 X142.265 Y91.921 E.03269
G1 X142.218 Y91.969 E.00217
G1 X142.265 Y92.231 E.00856
G1 X142.265 Y93.188 E.03078
G1 X142.265 Y95.675 F18000
G1 F6205.95
G1 X142.265 Y94.718 E.03078
G1 X142.218 Y94.456 E.00856
G1 X142.265 Y94.408 E.00217
G1 X142.265 Y93.392 E.03269
G1 X141.709 Y93.948 E.02529
G1 X140.466 Y93.721 E.04065
G1 X139.731 Y94.456 E.03343
G1 X139.958 Y95.7 E.04065
G1 X139.222 Y96.435 E.03343
G1 X137.979 Y96.208 E.04065
G1 X137.244 Y96.943 E.03343
G1 X137.471 Y98.187 E.04065
G1 X136.735 Y98.922 E.03343
G1 X135.492 Y98.695 E.04065
G1 X134.757 Y99.43 E.03343
G1 X134.984 Y100.674 E.04065
G1 X134.248 Y101.409 E.03343
G1 X133.005 Y101.182 E.04065
G1 X132.27 Y101.917 E.03343
G1 X132.497 Y103.161 E.04065
G1 X131.761 Y103.896 E.03343
G1 X130.518 Y103.669 E.04065
G1 X129.783 Y104.404 E.03343
G1 X130.01 Y105.648 E.04065
G1 X129.274 Y106.383 E.03343
G1 X128.031 Y106.156 E.04065
G1 X127.296 Y106.891 E.03343
G1 X127.523 Y108.135 E.04065
G1 X126.787 Y108.87 E.03343
G1 X125.544 Y108.643 E.04065
G1 X124.809 Y109.378 E.03343
G1 X125.036 Y110.622 E.04065
G1 X124.3 Y111.357 E.03343
G1 X123.057 Y111.13 E.04065
G1 X122.322 Y111.865 E.03343
G1 X122.548 Y113.109 E.04065
G1 X121.813 Y113.844 E.03343
G1 X120.57 Y113.617 E.04065
G1 X119.835 Y114.352 E.03343
G1 X120.061 Y115.596 E.04065
G1 X119.435 Y116.223 E.02851
G1 X119.435 Y118.71 E.07997
G1 X120.061 Y118.083 E.02851
G1 X119.835 Y116.839 E.04065
G1 X120.57 Y116.104 E.03343
G1 X121.813 Y116.331 E.04065
G1 X122.548 Y115.596 E.03343
G1 X122.322 Y114.352 E.04065
G1 X123.057 Y113.617 E.03343
G1 X124.3 Y113.844 E.04065
G1 X125.036 Y113.109 E.03343
G1 X124.809 Y111.865 E.04065
G1 X125.544 Y111.13 E.03343
G1 X126.787 Y111.357 E.04065
G1 X127.523 Y110.622 E.03343
G1 X127.296 Y109.378 E.04065
G1 X128.031 Y108.643 E.03343
G1 X129.274 Y108.87 E.04065
G1 X130.01 Y108.135 E.03343
G1 X129.783 Y106.891 E.04065
G1 X130.518 Y106.156 E.03343
G1 X131.761 Y106.383 E.04065
G1 X132.497 Y105.648 E.03343
G1 X132.27 Y104.404 E.04065
G1 X133.005 Y103.669 E.03343
G1 X134.248 Y103.896 E.04065
G1 X134.984 Y103.161 E.03343
G1 X134.757 Y101.917 E.04065
G1 X135.492 Y101.182 E.03343
G1 X136.735 Y101.409 E.04065
G1 X137.471 Y100.674 E.03343
G1 X137.244 Y99.43 E.04065
G1 X137.979 Y98.695 E.03343
G1 X139.222 Y98.922 E.04065
G1 X139.958 Y98.187 E.03343
G1 X139.731 Y96.943 E.04065
G1 X140.466 Y96.208 E.03343
G1 X141.709 Y96.435 E.04065
G1 X142.265 Y95.879 E.02529
G1 X142.265 Y96.895 E.03269
G1 X142.218 Y96.943 E.00217
G1 X142.265 Y97.205 E.00856
G1 X142.265 Y98.162 E.03078
G1 X142.265 Y100.649 F18000
G1 F6205.95
G1 X142.265 Y99.692 E.03078
G1 X142.218 Y99.43 E.00856
G1 X142.265 Y99.382 E.00217
G1 X142.265 Y98.366 E.03269
G1 X141.709 Y98.922 E.02529
G1 X140.466 Y98.695 E.04065
G1 X139.731 Y99.43 E.03343
G1 X139.958 Y100.674 E.04065
G1 X139.222 Y101.409 E.03343
G1 X137.979 Y101.182 E.04065
G1 X137.244 Y101.917 E.03343
G1 X137.471 Y103.161 E.04065
G1 X136.735 Y103.896 E.03343
G1 X135.492 Y103.669 E.04065
G1 X134.757 Y104.404 E.03343
G1 X134.984 Y105.648 E.04065
G1 X134.248 Y106.383 E.03343
G1 X133.005 Y106.156 E.04065
G1 X132.27 Y106.891 E.03343
G1 X132.497 Y108.135 E.04065
G1 X131.761 Y108.87 E.03343
G1 X130.518 Y108.643 E.04065
G1 X129.783 Y109.378 E.03343
G1 X130.01 Y110.622 E.04065
G1 X129.274 Y111.357 E.03343
G1 X128.031 Y111.13 E.04065
G1 X127.296 Y111.865 E.03343
G1 X127.523 Y113.109 E.04065
G1 X126.787 Y113.844 E.03343
G1 X125.544 Y113.617 E.04065
G1 X124.809 Y114.352 E.03343
G1 X125.036 Y115.596 E.04065
G1 X124.3 Y116.331 E.03343
G1 X123.057 Y116.104 E.04065
G1 X122.322 Y116.839 E.03343
G1 X122.548 Y118.083 E.04065
G1 X121.813 Y118.818 E.03343
G1 X120.57 Y118.591 E.04065
G1 X119.835 Y119.326 E.03343
G1 X120.061 Y120.57 E.04065
G1 X119.326 Y121.305 E.03343
G1 X118.083 Y121.078 E.04065
G1 X117.348 Y121.813 E.03343
G1 X117.574 Y123.057 E.04065
G1 X116.839 Y123.792 E.03343
G1 X115.596 Y123.565 E.04065
G1 X114.861 Y124.3 E.03343
G1 X115.087 Y125.544 E.04065
G1 X114.352 Y126.279 E.03343
G1 X113.109 Y126.052 E.04065
G1 X112.374 Y126.787 E.03343
G1 X112.6 Y128.031 E.04065
G1 X111.865 Y128.766 E.03343
G1 X110.622 Y128.539 E.04065
G1 X109.887 Y129.274 E.03343
G1 X110.113 Y130.518 E.04065
G1 X109.378 Y131.253 E.03343
G1 X108.135 Y131.026 E.04065
G1 X107.4 Y131.761 E.03343
G1 X107.626 Y133.005 E.04065
G1 X106.891 Y133.74 E.03343
G1 X105.648 Y133.513 E.04065
G1 X104.913 Y134.248 E.03343
G1 X105.139 Y135.492 E.04065
G1 X104.404 Y136.227 E.03343
G1 X103.161 Y136 E.04065
G1 X102.426 Y136.735 E.03343
G1 X102.652 Y137.979 E.04065
G1 X101.917 Y138.714 E.03343
G1 X100.674 Y138.487 E.04065
G1 X99.939 Y139.222 E.03343
G1 X100.165 Y140.466 E.04065
G1 X99.43 Y141.201 E.03343
G1 X98.187 Y140.974 E.04065
G1 X97.452 Y141.709 E.03343
G1 X97.553 Y142.265 E.01818
G1 X100.04 Y142.265 E.07997
G1 X99.939 Y141.709 E.01818
G1 X100.674 Y140.974 E.03343
G1 X101.917 Y141.201 E.04065
G1 X102.652 Y140.466 E.03343
G1 X102.426 Y139.222 E.04065
G1 X103.161 Y138.487 E.03343
G1 X104.404 Y138.714 E.04065
G1 X105.139 Y137.979 E.03343
G1 X104.913 Y136.735 E.04065
G1 X105.648 Y136 E.03343
G1 X106.891 Y136.227 E.04065
G1 X107.626 Y135.492 E.03343
G1 X107.4 Y134.248 E.04065
G1 X108.135 Y133.513 E.03343
G1 X109.378 Y133.74 E.04065
G1 X110.113 Y133.005 E.03343
G1 X109.887 Y131.761 E.04065
G1 X110.622 Y131.026 E.03343
G1 X111.865 Y131.253 E.04065
G1 X112.6 Y130.518 E.03343
G1 X112.374 Y129.274 E.04065
G1 X113.109 Y128.539 E.03343
G1 X114.352 Y128.766 E.04065
G1 X115.087 Y128.031 E.03343
G1 X114.861 Y126.787 E.04065
G1 X115.596 Y126.052 E.03343
G1 X116.839 Y126.279 E.04065
G1 X117.574 Y125.544 E.03343
G1 X117.348 Y124.3 E.04065
G1 X118.083 Y123.565 E.03343
G1 X119.326 Y123.792 E.04065
G1 X120.061 Y123.057 E.03343
G1 X119.835 Y121.813 E.04065
G1 X120.57 Y121.078 E.03343
G1 X121.813 Y121.305 E.04065
G1 X122.548 Y120.57 E.03343
G1 X122.322 Y119.326 E.04065
G1 X123.057 Y118.591 E.03343
G1 X124.3 Y118.818 E.04065
G1 X125.036 Y118.083 E.03343
G1 X124.809 Y116.839 E.04065
G1 X125.544 Y116.104 E.03343
G1 X126.787 Y116.331 E.04065
G1 X127.523 Y115.596 E.03343
G1 X127.296 Y114.352 E.04065
G1 X128.031 Y113.617 E.03343
G1 X129.274 Y113.844 E.04065
G1 X130.01 Y113.109 E.03343
G1 X129.783 Y111.865 E.04065
G1 X130.518 Y111.13 E.03343
G1 X131.761 Y111.357 E.04065
G1 X132.497 Y110.622 E.03343
G1 X132.27 Y109.378 E.04065
G1 X133.005 Y108.643 E.03343
G1 X134.248 Y108.87 E.04065
G1 X134.984 Y108.135 E.03343
G1 X134.757 Y106.891 E.04065
G1 X135.492 Y106.156 E.03343
G1 X136.735 Y106.383 E.04065
G1 X137.471 Y105.648 E.03343
G1 X137.244 Y104.404 E.04065
G1 X137.979 Y103.669 E.03343
G1 X139.222 Y103.896 E.04065
G1 X139.958 Y103.161 E.03343
G1 X139.731 Y101.917 E.04065
G1 X140.466 Y101.182 E.03343
G1 X141.709 Y101.409 E.04065
G1 X142.265 Y100.853 E.02529
G1 X142.265 Y101.869 E.03269
G1 X142.218 Y101.917 E.00217
G1 X142.265 Y102.179 E.00856
G1 X142.265 Y103.136 E.03078
G1 X142.265 Y105.623 F18000
G1 F6205.95
G1 X142.265 Y104.666 E.03078
G1 X142.218 Y104.404 E.00856
G1 X142.265 Y104.356 E.00217
G1 X142.265 Y103.34 E.03269
G1 X141.709 Y103.896 E.02529
G1 X140.466 Y103.669 E.04065
G1 X139.731 Y104.404 E.03343
G1 X139.958 Y105.648 E.04065
G1 X139.222 Y106.383 E.03343
G1 X137.979 Y106.156 E.04065
G1 X137.244 Y106.891 E.03343
G1 X137.471 Y108.135 E.04065
G1 X136.735 Y108.87 E.03343
G1 X135.492 Y108.643 E.04065
G1 X134.757 Y109.378 E.03343
G1 X134.984 Y110.622 E.04065
G1 X134.248 Y111.357 E.03343
G1 X133.005 Y111.13 E.04065
G1 X132.27 Y111.865 E.03343
G1 X132.497 Y113.109 E.04065
G1 X131.761 Y113.844 E.03343
G1 X130.518 Y113.617 E.04065
G1 X129.783 Y114.352 E.03343
G1 X130.01 Y115.596 E.04065
G1 X129.274 Y116.331 E.03343
G1 X128.031 Y116.104 E.04065
G1 X127.296 Y116.839 E.03343
G1 X127.523 Y118.083 E.04065
G1 X126.787 Y118.818 E.03343
G1 X125.544 Y118.591 E.04065
G1 X124.809 Y119.326 E.03343
G1 X125.036 Y120.57 E.04065
G1 X124.3 Y121.305 E.03343
G1 X123.057 Y121.078 E.04065
G1 X122.322 Y121.813 E.03343
G1 X122.548 Y123.057 E.04065
G1 X121.813 Y123.792 E.03343
G1 X120.57 Y123.565 E.04065
G1 X119.835 Y124.3 E.03343
G1 X120.061 Y125.544 E.04065
G1 X119.326 Y126.279 E.03343
G1 X118.083 Y126.052 E.04065
G1 X117.348 Y126.787 E.03343
G1 X117.574 Y128.031 E.04065
G1 X116.839 Y128.766 E.03343
G1 X115.596 Y128.539 E.04065
G1 X114.861 Y129.274 E.03343
G1 X115.087 Y130.518 E.04065
G1 X114.352 Y131.253 E.03343
G1 X113.109 Y131.026 E.04065
G1 X112.374 Y131.761 E.03343
G1 X112.6 Y133.005 E.04065
G1 X111.865 Y133.74 E.03343
G1 X110.622 Y133.513 E.04065
G1 X109.887 Y134.248 E.03343
G1 X110.113 Y135.492 E.04065
G1 X109.378 Y136.227 E.03343
G1 X108.135 Y136 E.04065
G1 X107.4 Y136.735 E.03343
G1 X107.626 Y137.979 E.04065
G1 X106.891 Y138.714 E.03343
G1 X105.648 Y138.487 E.04065
G1 X104.913 Y139.222 E.03343
G1 X105.139 Y140.466 E.04065
G1 X104.404 Y141.201 E.03343
G1 X103.161 Y140.974 E.04065
G1 X102.426 Y141.709 E.03343
G1 X102.527 Y142.265 E.01818
G1 X105.014 Y142.265 E.07997
G1 X104.913 Y141.709 E.01818
G1 X105.648 Y140.974 E.03343
G1 X106.891 Y141.201 E.04065
G1 X107.626 Y140.466 E.03343
G1 X107.4 Y139.222 E.04065
G1 X108.135 Y138.487 E.03343
G1 X109.378 Y138.714 E.04065
G1 X110.113 Y137.979 E.03343
G1 X109.887 Y136.735 E.04065
G1 X110.622 Y136 E.03343
G1 X111.865 Y136.227 E.04065
G1 X112.6 Y135.492 E.03343
G1 X112.374 Y134.248 E.04065
G1 X113.109 Y133.513 E.03343
G1 X114.352 Y133.74 E.04065
G1 X115.087 Y133.005 E.03343
G1 X114.861 Y131.761 E.04065
G1 X115.596 Y131.026 E.03343
G1 X116.839 Y131.253 E.04065
G1 X117.574 Y130.518 E.03343
G1 X117.348 Y129.274 E.04065
G1 X118.083 Y128.539 E.03343
G1 X119.326 Y128.766 E.04065
G1 X120.061 Y128.031 E.03343
G1 X119.835 Y126.787 E.04065
G1 X120.57 Y126.052 E.03343
G1 X121.813 Y126.279 E.04065
G1 X122.548 Y125.544 E.03343
G1 X122.322 Y124.3 E.04065
G1 X123.057 Y123.565 E.03343
G1 X124.3 Y123.792 E.04065
G1 X125.036 Y123.057 E.03343
G1 X124.809 Y121.813 E.04065
G1 X125.544 Y121.078 E.03343
G1 X126.787 Y121.305 E.04065
G1 X127.523 Y120.57 E.03343
G1 X127.296 Y119.326 E.04065
G1 X128.031 Y118.591 E.03343
G1 X129.274 Y118.818 E.04065
G1 X130.01 Y118.083 E.03343
G1 X129.783 Y116.839 E.04065
G1 X130.518 Y116.104 E.03343
G1 X131.761 Y116.331 E.04065
G1 X132.497 Y115.596 E.03343
G1 X132.27 Y114.352 E.04065
G1 X133.005 Y113.617 E.03343
G1 X134.248 Y113.844 E.04065
G1 X134.984 Y113.109 E.03343
G1 X134.757 Y111.865 E.04065
G1 X135.492 Y111.13 E.03343
G1 X136.735 Y111.357 E.04065
G1 X137.471 Y110.622 E.03343
G1 X137.244 Y109.378 E.04065
G1 X137.979 Y108.643 E.03343
G1 X139.222 Y108.87 E.04065
G1 X139.958 Y108.135 E.03343
G1 X139.731 Y106.891 E.04065
G1 X140.466 Y106.156 E.03343
G1 X141.709 Y106.383 E.04065
G1 X142.265 Y105.827 E.02529
G1 X142.265 Y106.843 E.03269
G1 X142.218 Y106.891 E.00217
G1 X142.265 Y107.153 E.00856
G1 X142.265 Y108.11 E.03078
G1 X142.265 Y110.597 F18000
G1 F6205.95
G1 X142.265 Y109.64 E.03078
G1 X142.218 Y109.378 E.00856
G1 X142.265 Y109.33 E.00217
G1 X142.265 Y108.314 E.03269
G1 X141.709 Y108.87 E.02529
G1 X140.466 Y108.643 E.04065
G1 X139.731 Y109.378 E.03343
G1 X139.958 Y110.622 E.04065
G1 X139.222 Y111.357 E.03343
G1 X137.979 Y111.13 E.04065
G1 X137.244 Y111.865 E.03343
G1 X137.471 Y113.109 E.04065
G1 X136.735 Y113.844 E.03343
G1 X135.492 Y113.617 E.04065
G1 X134.757 Y114.352 E.03343
G1 X134.984 Y115.596 E.04065
G1 X134.248 Y116.331 E.03343
G1 X133.005 Y116.104 E.04065
G1 X132.27 Y116.839 E.03343
G1 X132.497 Y118.083 E.04065
G1 X131.761 Y118.818 E.03343
G1 X130.518 Y118.591 E.04065
G1 X129.783 Y119.326 E.03343
G1 X130.01 Y120.57 E.04065
G1 X129.274 Y121.305 E.03343
G1 X128.031 Y121.078 E.04065
G1 X127.296 Y121.813 E.03343
G1 X127.523 Y123.057 E.04065
G1 X126.787 Y123.792 E.03343
G1 X125.544 Y123.565 E.04065
G1 X124.809 Y124.3 E.03343
G1 X125.036 Y125.544 E.04065
G1 X124.3 Y126.279 E.03343
G1 X123.057 Y126.052 E.04065
G1 X122.322 Y126.787 E.03343
G1 X122.548 Y128.031 E.04065
G1 X121.813 Y128.766 E.03343
G1 X120.57 Y128.539 E.04065
G1 X119.835 Y129.274 E.03343
G1 X120.061 Y130.518 E.04065
G1 X119.326 Y131.253 E.03343
G1 X118.083 Y131.026 E.04065
G1 X117.348 Y131.761 E.03343
G1 X117.574 Y133.005 E.04065
G1 X116.839 Y133.74 E.03343
G1 X115.596 Y133.513 E.04065
G1 X114.861 Y134.248 E.03343
G1 X115.087 Y135.492 E.04065
G1 X114.352 Y136.227 E.03343
G1 X113.109 Y136 E.04065
G1 X112.374 Y136.735 E.03343
G1 X112.6 Y137.979 E.04065
G1 X111.865 Y138.714 E.03343
G1 X110.622 Y138.487 E.04065
G1 X109.887 Y139.222 E.03343
G1 X110.113 Y140.466 E.04065
G1 X109.378 Y141.201 E.03343
G1 X108.135 Y140.974 E.04065
G1 X107.4 Y141.709 E.03343
G1 X107.501 Y142.265 E.01818
G1 X109.988 Y142.265 E.07997
G1 X109.887 Y141.709 E.01818
G1 X110.622 Y140.974 E.03343
G1 X111.865 Y141.201 E.04065
G1 X112.6 Y140.466 E.03343
G1 X112.374 Y139.222 E.04065
G1 X113.109 Y138.487 E.03343
G1 X114.352 Y138.714 E.04065
G1 X115.087 Y137.979 E.03343
G1 X114.861 Y136.735 E.04065
G1 X115.596 Y136 E.03343
G1 X116.839 Y136.227 E.04065
G1 X117.574 Y135.492 E.03343
G1 X117.348 Y134.248 E.04065
G1 X118.083 Y133.513 E.03343
G1 X119.326 Y133.74 E.04065
G1 X120.061 Y133.005 E.03343
G1 X119.835 Y131.761 E.04065
G1 X120.57 Y131.026 E.03343
G1 X121.813 Y131.253 E.04065
G1 X122.548 Y130.518 E.03343
G1 X122.322 Y129.274 E.04065
G1 X123.057 Y128.539 E.03343
G1 X124.3 Y128.766 E.04065
G1 X125.036 Y128.031 E.03343
G1 X124.809 Y126.787 E.04065
G1 X125.544 Y126.052 E.03343
G1 X126.787 Y126.279 E.04065
G1 X127.523 Y125.544 E.03343
G1 X127.296 Y124.3 E.04065
G1 X128.031 Y123.565 E.03343
G1 X129.274 Y123.792 E.04065
G1 X130.01 Y123.057 E.03343
G1 X129.783 Y121.813 E.04065
G1 X130.518 Y121.078 E.03343
G1 X131.761 Y121.305 E.04065
G1 X132.497 Y120.57 E.03343
G1 X132.27 Y119.326 E.04065
G1 X133.005 Y118.591 E.03343
G1 X134.248 Y118.818 E.04065
G1 X134.984 Y118.083 E.03343
G1 X134.757 Y116.839 E.04065
G1 X135.492 Y116.104 E.03343
G1 X136.735 Y116.331 E.04065
G1 X137.471 Y115.596 E.03343
G1 X137.244 Y114.352 E.04065
G1 X137.979 Y113.617 E.03343
G1 X139.222 Y113.844 E.04065
G1 X139.958 Y113.109 E.03343
G1 X139.731 Y111.865 E.04065
G1 X140.466 Y111.13 E.03343
G1 X141.709 Y111.357 E.04065
G1 X142.265 Y110.801 E.02529
G1 X142.265 Y111.817 E.03269
G1 X142.218 Y111.865 E.00217
G1 X142.265 Y112.127 E.00856
G1 X142.265 Y113.084 E.03078
G1 X142.265 Y115.571 F18000
G1 F6205.95
G1 X142.265 Y114.614 E.03078
G1 X142.218 Y114.352 E.00856
G1 X142.265 Y114.304 E.00217
G1 X142.265 Y113.288 E.03269
G1 X141.709 Y113.844 E.02529
G1 X140.466 Y113.617 E.04065
G1 X139.731 Y114.352 E.03343
G1 X139.958 Y115.596 E.04065
G1 X139.222 Y116.331 E.03343
G1 X137.979 Y116.104 E.04065
G1 X137.244 Y116.839 E.03343
G1 X137.471 Y118.083 E.04065
G1 X136.735 Y118.818 E.03343
G1 X135.492 Y118.591 E.04065
G1 X134.757 Y119.326 E.03343
G1 X134.984 Y120.57 E.04065
G1 X134.248 Y121.305 E.03343
G1 X133.005 Y121.078 E.04065
G1 X132.27 Y121.813 E.03343
G1 X132.497 Y123.057 E.04065
G1 X131.761 Y123.792 E.03343
G1 X130.518 Y123.565 E.04065
G1 X129.783 Y124.3 E.03343
G1 X130.01 Y125.544 E.04065
G1 X129.274 Y126.279 E.03343
G1 X128.031 Y126.052 E.04065
G1 X127.296 Y126.787 E.03343
G1 X127.523 Y128.031 E.04065
G1 X126.787 Y128.766 E.03343
G1 X125.544 Y128.539 E.04065
G1 X124.809 Y129.274 E.03343
G1 X125.036 Y130.518 E.04065
G1 X124.3 Y131.253 E.03343
G1 X123.057 Y131.026 E.04065
G1 X122.322 Y131.761 E.03343
G1 X122.548 Y133.005 E.04065
G1 X121.813 Y133.74 E.03343
G1 X120.57 Y133.513 E.04065
G1 X119.835 Y134.248 E.03343
G1 X120.061 Y135.492 E.04065
G1 X119.326 Y136.227 E.03343
G1 X118.083 Y136 E.04065
G1 X117.348 Y136.735 E.03343
G1 X117.574 Y137.979 E.04065
G1 X116.839 Y138.714 E.03343
G1 X115.596 Y138.487 E.04065
G1 X114.861 Y139.222 E.03343
G1 X115.087 Y140.466 E.04065
G1 X114.352 Y141.201 E.03343
G1 X113.109 Y140.974 E.04065
G1 X112.374 Y141.709 E.03343
G1 X112.475 Y142.265 E.01818
G1 X114.962 Y142.265 E.07997
G1 X114.861 Y141.709 E.01818
G1 X115.596 Y140.974 E.03343
G1 X116.839 Y141.201 E.04065
G1 X117.574 Y140.466 E.03343
G1 X117.348 Y139.222 E.04065
G1 X118.083 Y138.487 E.03343
G1 X119.326 Y138.714 E.04065
G1 X120.061 Y137.979 E.03343
G1 X119.835 Y136.735 E.04065
G1 X120.57 Y136 E.03343
G1 X121.813 Y136.227 E.04065
G1 X122.548 Y135.492 E.03343
G1 X122.322 Y134.248 E.04065
G1 X123.057 Y133.513 E.03343
G1 X124.3 Y133.74 E.04065
G1 X125.036 Y133.005 E.03343
G1 X124.809 Y131.761 E.04065
G1 X125.544 Y131.026 E.03343
G1 X126.787 Y131.253 E.04065
G1 X127.523 Y130.518 E.03343
G1 X127.296 Y129.274 E.04065
G1 X128.031 Y128.539 E.03343
G1 X129.274 Y128.766 E.04065
G1 X130.01 Y128.031 E.03343
G1 X129.783 Y126.787 E.04065
G1 X130.518 Y126.052 E.03343
G1 X131.761 Y126.279 E.04065
G1 X132.497 Y125.544 E.03343
G1 X132.27 Y124.3 E.04065
G1 X133.005 Y123.565 E.03343
G1 X134.248 Y123.792 E.04065
G1 X134.984 Y123.057 E.03343
G1 X134.757 Y121.813 E.04065
G1 X135.492 Y121.078 E.03343
G1 X136.735 Y121.305 E.04065
G1 X137.471 Y120.57 E.03343
G1 X137.244 Y119.326 E.04065
G1 X137.979 Y118.591 E.03343
G1 X139.222 Y118.818 E.04065
G1 X139.958 Y118.083 E.03343
G1 X139.731 Y116.839 E.04065
G1 X140.466 Y116.104 E.03343
G1 X141.709 Y116.331 E.04065
G1 X142.265 Y115.775 E.02529
G1 X142.265 Y116.792 E.03269
G1 X142.218 Y116.839 E.00217
G1 X142.265 Y117.101 E.00856
G1 X142.265 Y118.058 E.03078
G1 X137.637 Y93.013 F18000
G1 F6205.95
G1 X138.16 Y92.762 E.01863
G1 X138.559 Y92.503 E.01529
G1 X138.911 Y92.217 E.0146
G1 X139.217 Y91.911 E.01392
G1 X139.516 Y91.541 E.01529
G1 X139.762 Y91.16 E.0146
G1 X139.959 Y90.774 E.01391
G1 X140.123 Y90.351 E.0146
G1 X140.241 Y89.913 E.0146
G1 X140.313 Y89.464 E.0146
G1 X140.332 Y88.88 E.01878
G1 X140.466 Y88.747 E.00607
G1 X141.709 Y88.974 E.04065
G1 X142.265 Y88.418 E.02529
G1 X142.265 Y89.434 E.03269
G1 X142.218 Y89.482 E.00217
G1 X142.265 Y89.744 E.00856
G1 X142.265 Y90.701 E.03078
G1 X142.265 Y88.214 F18000
G1 F6205.95
G1 X142.265 Y87.257 E.03078
G1 X142.218 Y86.995 E.00856
G1 X142.265 Y86.947 E.00217
G1 X142.265 Y85.931 E.03269
G1 X141.709 Y86.487 E.02529
G1 X140.466 Y86.26 E.04065
G1 X139.804 Y86.922 E.0301
G1 X139.516 Y86.459 E.01754
G1 X139.398 Y86.311 E.00607
G1 X139.958 Y85.752 E.02545
G1 X139.731 Y84.508 E.04065
G1 X140.466 Y83.773 E.03343
G1 X141.709 Y84 E.04065
G1 X142.265 Y83.444 E.02529
G1 X142.265 Y84.46 E.03269
G1 X142.218 Y84.508 E.00217
G1 X142.265 Y84.77 E.00856
G1 X142.265 Y85.727 E.03078
G1 X142.265 Y83.24 F18000
G1 F6205.95
G1 X142.265 Y82.283 E.03078
G1 X142.218 Y82.021 E.00856
G1 X142.265 Y81.973 E.00217
G1 X142.265 Y80.957 E.03269
G1 X141.709 Y81.513 E.02529
G1 X140.466 Y81.286 E.04065
G1 X139.731 Y82.021 E.03343
G1 X139.958 Y83.265 E.04065
G1 X139.222 Y84 E.03343
G1 X137.979 Y83.773 E.04065
G1 X137.244 Y84.508 E.03343
G1 X137.309 Y84.865 E.01167
G1 X136.892 Y84.754 E.01388
G1 X136.448 Y84.684 E.01444
G1 X136.011 Y84.662 E.01407
G1 X135.536 Y84.687 E.0153
G1 X135.105 Y84.754 E.01403
G1 X134.816 Y84.832 E.00962
G1 X134.757 Y84.508 E.01058
G1 X135.492 Y83.773 E.03343
G1 X136.735 Y84 E.04065
G1 X137.471 Y83.265 E.03343
G1 X137.244 Y82.021 E.04065
G1 X137.979 Y81.286 E.03343
G1 X139.222 Y81.513 E.04065
G1 X139.958 Y80.778 E.03343
G1 X139.731 Y79.534 E.04065
G1 X140.466 Y78.799 E.03343
G1 X141.709 Y79.026 E.04065
G1 X142.176 Y78.559 E.02121
G1 X142.257 Y78.887 E.01085
G1 X142.265 Y79.045 E.0051
G1 X142.265 Y79.486 E.01418
G1 X142.218 Y79.534 E.00217
G1 X142.265 Y79.796 E.00856
G1 X142.265 Y80.753 E.03078
G1 X139.508 Y88.695 F18000
;TYPE:Internal solid infill
;WIDTH:0.499927
G1 F5527.968
G1 X139.374 Y88.003 E.02544
G1 X139.17 Y87.485 E.02009
G1 X138.88 Y86.985 E.02089
G1 X138.398 Y86.43 E.02652
G1 X137.814 Y85.984 E.02652
G1 X137.15 Y85.67 E.02654
G1 X136.432 Y85.512 E.02654
G1 X135.764 Y85.487 E.02411
G1 X135.261 Y85.553 E.01834
G1 X134.627 Y85.76 E.02408
G1 X133.981 Y86.114 E.02658
G1 X133.426 Y86.598 E.02657
G1 X132.986 Y87.177 E.02628
G1 X132.673 Y87.853 E.02688
G1 X132.505 Y88.569 E.02656
G1 X132.492 Y89.305 E.02657
G1 X132.632 Y90.028 E.02657
G1 X132.92 Y90.706 E.02658
G1 X133.342 Y91.309 E.02656
G1 X133.88 Y91.811 E.02656
G1 X134.331 Y92.095 E.01926
G1 X134.912 Y92.351 E.02291
G1 X135.57 Y92.495 E.02433
G1 X136.305 Y92.508 E.02653
G1 X136.939 Y92.391 E.02326
G1 X137.429 Y92.214 E.01882
G1 X138.071 Y91.843 E.02678
G1 X138.619 Y91.348 E.02663
G1 X139.009 Y90.82 E.02373
G1 X139.22 Y90.432 E.01593
G1 X139.389 Y89.948 E.0185
G1 X139.497 Y89.422 E.01938
G1 X139.507 Y88.755 E.02409
G1 X137.718 Y90.547 F18000
G1 X137.547 Y90.718
G1 X137.359 Y90.87
G1 X137.156 Y91.002
G1 X136.94 Y91.112
G1 X136.714 Y91.199
G1 X136.481 Y91.261
G1 X136.242 Y91.299
G1 X136 Y91.312
G1 X135.758 Y91.299
G1 X135.519 Y91.261
G1 X135.286 Y91.199
G1 X135.06 Y91.112
G1 X134.844 Y91.002
G1 X134.641 Y90.87
G1 X134.453 Y90.718
G1 X134.282 Y90.547
G1 X133.678 Y91.064
;WIDTH:0.419999
G1 F6000
G1 X133.299 Y90.537 E.01934
G1 X133.039 Y89.941 E.01935
G1 X132.908 Y89.305 E.01935
G1 X132.912 Y88.656 E.01934
G1 X133.051 Y88.021 E.01935
G1 X133.319 Y87.429 E.01935
G1 X133.704 Y86.907 E.01934
G1 X134.19 Y86.475 E.01935
G1 X134.754 Y86.153 E.01936
G1 X135.344 Y85.965 E.01844
G1 X135.987 Y85.907 E.01923
G1 X136.347 Y85.913 E.01071
G1 X136.98 Y86.052 E.01931
G1 X137.571 Y86.319 E.01932
G1 X138.094 Y86.704 E.01934
G1 X138.525 Y87.19 E.01934
G1 X138.827 Y87.717 E.01811
G1 X138.968 Y88.09 E.01187
G1 X139.092 Y88.695 E.01839
G1 X139.088 Y89.344 E.01934
G1 X138.959 Y89.938 E.0181
G1 X138.814 Y90.309 E.01187
G1 X138.502 Y90.842 E.0184
G1 X138.064 Y91.322 E.01934
G1 X137.537 Y91.701 E.01934
G1 X136.941 Y91.961 E.01935
G1 X136.305 Y92.092 E.01935
G1 X135.656 Y92.088 E.01934
G1 X135.062 Y91.959 E.0181
G1 X134.542 Y91.729 E.01693
G1 X134.158 Y91.502 E.0133
G1 X133.722 Y91.105 E.01756
G1 X133.072 Y91.644 F18000
G1 F6000
G1 X133.687 Y92.196 E.02465
G1 X134.162 Y92.484 E.01654
G1 X134.785 Y92.753 E.02021
G1 X135.593 Y92.924 E.02459
G1 X136.419 Y92.923 E.02461
G1 X137.078 Y92.788 E.02003
G1 X137.608 Y92.603 E.01672
G1 X138.323 Y92.189 E.02463
G1 X138.936 Y91.635 E.02459
G1 X139.384 Y91.019 E.0227
G1 X139.617 Y90.571 E.01504
G1 X139.801 Y90.03 E.01702
G1 X139.924 Y89.408 E.01886
G1 X139.923 Y88.626 E.0233
G1 X139.781 Y87.917 E.02155
G1 X139.584 Y87.403 E.01638
G1 X139.388 Y86.987 E.01372
G1 X138.928 Y86.356 E.02323
G1 X138.313 Y85.804 E.02465
G1 X137.839 Y85.516 E.01651
G1 X137.263 Y85.267 E.01867
G1 X136.782 Y85.137 E.01486
G1 X135.967 Y85.056 E.02438
G1 X135.228 Y85.134 E.02214
G1 X134.732 Y85.268 E.01531
G1 X134.247 Y85.471 E.01565
G1 X133.678 Y85.811 E.01974
G1 X133.064 Y86.365 E.02463
G1 X132.616 Y86.981 E.02269
G1 X132.383 Y87.43 E.01507
G1 X132.199 Y87.97 E.01701
G1 X132.076 Y88.592 E.01886
G1 X132.077 Y89.418 E.02461
G1 X132.25 Y90.224 E.02457
G1 X132.586 Y90.977 E.02457
G1 X133.036 Y91.595 E.02277
; stop printing object top_plate.stl id:4653052573991952974 copy 0
;LAYER_CHANGE
;Z:2.44
;HEIGHT:0.2
G92 E0 ; zero the extruded length again
; BEFORE_LAYER_CHANGE 11 @ 2.44mm
G1 E-1.75 F6000
;WIPE_START
G1 X132.586 Y90.977 E-.57343
G1 X132.49 Y90.762 E-.17657
;WIPE_END
; AFTER_LAYER_CHANGE 11 @ 2.44mm
;_SET_FAN_SPEED_CHANGING_LAYER
; printing object top_plate.stl id:4653052573991952974 copy 0
G1 F18000
G1 X131.962 Y90.774 Z2.46857
G1 X131.624 Y90.3686 Z2.49714
G1 X131.73 Y89.8513 Z2.52571
G1 X132.2 Y89.6116 Z2.55429
G1 X132.681 Y89.8301 Z2.58286
G1 X132.81 Y90.3421 Z2.61143
G1 X132.49 Y90.7622 Z2.64
G1 X131.861 Y91.083 Z2.64
G1 X140.537 Y130.039
G1 X140.543 Y130.069
G1 X140.549 Y130.101
G1 X140.553 Y130.124
G1 X140.602 Y130.438
G1 X140.605 Y130.459
G1 X140.61 Y130.492
G1 X140.613 Y130.519
G1 X140.616 Y130.551
G1 X140.618 Y130.583
G1 X140.619 Y130.604
G1 X140.636 Y130.923
G1 X140.637 Y130.944
G1 X140.637 Y130.977
G1 X140.638 Y131.004
G1 X140.637 Y131.035
G1 X140.636 Y131.067
G1 X140.635 Y131.089
G1 X140.619 Y131.406
G1 X140.617 Y131.428
G1 X140.615 Y131.461
G1 X140.612 Y131.49
G1 X140.608 Y131.519
G1 X140.604 Y131.551
G1 X140.601 Y131.574
G1 X140.551 Y131.887
G1 X140.547 Y131.91
G1 X140.541 Y131.942
G1 X140.535 Y131.97
G1 X140.528 Y131.999
G1 X140.521 Y132.03
G1 X140.515 Y132.051
G1 X140.433 Y132.359
G1 X140.427 Y132.38
G1 X140.418 Y132.41
G1 X140.409 Y132.438
G1 X140.399 Y132.467
G1 X140.388 Y132.497
G1 X140.381 Y132.517
G1 X140.267 Y132.814
G1 X140.258 Y132.836
G1 X140.246 Y132.865
G1 X140.235 Y132.89
G1 X140.222 Y132.918
G1 X140.208 Y132.948
G1 X140.199 Y132.966
G1 X140.054 Y133.25
G1 X140.043 Y133.27
G1 X140.028 Y133.298
G1 X140.014 Y133.324
G1 X139.998 Y133.35
G1 X139.981 Y133.377
G1 X139.97 Y133.395
G1 X139.796 Y133.662
G1 X139.784 Y133.68
G1 X139.766 Y133.706
G1 X139.749 Y133.73
G1 X139.731 Y133.754
G1 X139.711 Y133.78
G1 X139.697 Y133.797
G1 X139.498 Y134.044
G1 X139.483 Y134.061
G1 X139.462 Y134.086
G1 X139.442 Y134.108
G1 X140.984 Y143.389
G1 X140.995 Y143.79
G1 Z2.44
G1 E2.5 F6000
M204 P1000
;TYPE:Outer wall
;WIDTH:0.42
G1 F3600
G1 X79.005 Y143.79 E1.84644
G1 X78.708 Y143.774 E.00886
G1 X78.42 Y143.729 E.0087
G1 X78.138 Y143.653 E.0087
G1 X77.865 Y143.549 E.0087
G1 X77.605 Y143.416 E.0087
G1 X77.36 Y143.257 E.0087
G1 X77.133 Y143.073 E.0087
G1 X76.927 Y142.867 E.0087
G1 X76.743 Y142.64 E.0087
G1 X76.584 Y142.395 E.0087
G1 X76.452 Y142.135 E.0087
G1 X76.347 Y141.862 E.0087
G1 X76.271 Y141.58 E.0087
G1 X76.226 Y141.292 E.0087
G1 X76.21 Y140.995 E.00886
G1 X76.21 Y79.005 E1.84644
G1 X76.226 Y78.708 E.00886
G1 X76.271 Y78.42 E.0087
G1 X76.347 Y78.138 E.0087
G1 X76.452 Y77.865 E.0087
G1 X76.584 Y77.605 E.0087
G1 X76.743 Y77.36 E.0087
G1 X76.927 Y77.133 E.0087
G1 X77.133 Y76.927 E.0087
G1 X77.36 Y76.743 E.0087
G1 X77.605 Y76.584 E.0087
G1 X77.865 Y76.451 E.0087
G1 X78.138 Y76.347 E.0087
G1 X78.42 Y76.271 E.0087
G1 X78.708 Y76.226 E.0087
G1 X79.005 Y76.21 E.00886
G1 X140.995 Y76.21 E1.84644
G1 X141.292 Y76.226 E.00886
G1 X141.58 Y76.271 E.0087
G1 X141.862 Y76.347 E.0087
G1 X142.135 Y76.452 E.0087
G1 X142.395 Y76.584 E.0087
G1 X142.64 Y76.743 E.0087
G1 X142.867 Y76.927 E.0087
G1 X143.073 Y77.133 E.0087
G1 X143.257 Y77.36 E.0087
G1 X143.416 Y77.605 E.0087
G1 X143.548 Y77.865 E.0087
G1 X143.653 Y78.138 E.0087
G1 X143.729 Y78.42 E.0087
G1 X143.774 Y78.708 E.0087
G1 X143.79 Y79.005 E.00886
G1 X143.79 Y140.995 E1.84644
G1 X143.774 Y141.292 E.00886
G1 X143.729 Y141.58 E.0087
G1 X143.653 Y141.862 E.0087
G1 X143.549 Y142.135 E.0087
G1 X143.416 Y142.395 E.0087
G1 X143.257 Y142.64 E.0087
G1 X143.073 Y142.867 E.0087
G1 X142.867 Y143.073 E.0087
G1 X142.64 Y143.257 E.0087
G1 X142.395 Y143.416 E.0087
G1 X142.135 Y143.549 E.0087
G1 X141.862 Y143.653 E.0087
G1 X141.58 Y143.729 E.0087
G1 X141.292 Y143.774 E.0087
G1 X141.054 Y143.787 E.00707
G1 X141.034 Y143.387 F18000
G1 X140.984 Y143.389
G1 X140.984 Y143.389
G1 X140.984 Y143.398
M204 P1500
;TYPE:Inner wall
;WIDTH:0.45
G1 F6000
G1 X79.016 Y143.398 E1.99268
G1 X78.749 Y143.384 E.00857
G1 X78.502 Y143.345 E.00807
G1 X78.259 Y143.28 E.00807
G1 X78.025 Y143.19 E.00807
G1 X77.801 Y143.076 E.00807
G1 X77.591 Y142.939 E.00806
G1 X77.396 Y142.781 E.00807
G1 X77.219 Y142.604 E.00807
G1 X77.061 Y142.409 E.00807
G1 X76.924 Y142.199 E.00806
G1 X76.81 Y141.975 E.00807
G1 X76.72 Y141.741 E.00807
G1 X76.655 Y141.498 E.00807
G1 X76.616 Y141.251 E.00807
G1 X76.602 Y140.984 E.00857
G1 X76.602 Y79.016 E1.99268
G1 X76.616 Y78.749 E.00857
G1 X76.655 Y78.502 E.00807
G1 X76.72 Y78.259 E.00807
G1 X76.81 Y78.025 E.00807
G1 X76.924 Y77.801 E.00807
G1 X77.061 Y77.591 E.00806
G1 X77.219 Y77.396 E.00807
G1 X77.396 Y77.219 E.00807
G1 X77.591 Y77.061 E.00807
G1 X77.801 Y76.924 E.00806
G1 X78.025 Y76.81 E.00807
G1 X78.259 Y76.72 E.00807
G1 X78.502 Y76.655 E.00807
G1 X78.749 Y76.616 E.00807
G1 X79.016 Y76.602 E.00857
G1 X140.984 Y76.602 E1.99268
G1 X141.251 Y76.616 E.00857
G1 X141.498 Y76.655 E.00807
G1 X141.741 Y76.72 E.00807
G1 X141.975 Y76.81 E.00807
G1 X142.199 Y76.924 E.00807
G1 X142.409 Y77.061 E.00806
G1 X142.604 Y77.219 E.00807
G1 X142.781 Y77.396 E.00807
G1 X142.939 Y77.591 E.00807
G1 X143.076 Y77.801 E.00806
G1 X143.19 Y78.025 E.00807
G1 X143.28 Y78.259 E.00807
G1 X143.345 Y78.502 E.00807
G1 X143.384 Y78.749 E.00807
G1 X143.398 Y79.016 E.00857
G1 X143.398 Y140.984 E1.99268
G1 X143.384 Y141.251 E.00857
G1 X143.345 Y141.498 E.00807
G1 X143.28 Y141.741 E.00807
G1 X143.19 Y141.975 E.00807
G1 X143.076 Y142.199 E.00807
G1 X142.939 Y142.409 E.00806
G1 X142.781 Y142.604 E.00807
G1 X142.604 Y142.781 E.00807
G1 X142.409 Y142.939 E.00807
G1 X142.199 Y143.076 E.00806
G1 X141.975 Y143.19 E.00807
G1 X141.741 Y143.28 E.00807
G1 X141.498 Y143.345 E.00807
G1 X141.251 Y143.384 E.00807
G1 X141.044 Y143.395 E.00665
G1 X140.974 Y142.991 F18000
G1 F6000
G1 X79.026 Y142.991 E1.992
G1 X78.792 Y142.979 E.00754
G1 X78.385 Y142.892 E.01338
G1 X78.005 Y142.723 E.01338
G1 X77.669 Y142.479 E.01337
G1 X77.39 Y142.169 E.01338
G1 X77.183 Y141.809 E.01337
G1 X77.054 Y141.414 E.01337
G1 X77.009 Y140.974 E.01422
G1 X77.009 Y79.026 E1.992
G1 X77.021 Y78.792 E.00754
G1 X77.108 Y78.385 E.01338
G1 X77.277 Y78.005 E.01338
G1 X77.521 Y77.669 E.01337
G1 X77.831 Y77.39 E.01338
G1 X78.191 Y77.183 E.01337
G1 X78.586 Y77.054 E.01337
G1 X79.026 Y77.009 E.01422
G1 X140.974 Y77.009 E1.992
G1 X141.208 Y77.021 E.00754
G1 X141.615 Y77.108 E.01338
G1 X141.995 Y77.277 E.01338
G1 X142.169 Y77.39 E.00669
G1 X142.479 Y77.669 E.01338
G1 X142.723 Y78.005 E.01337
G1 X142.892 Y78.385 E.01338
G1 X142.979 Y78.792 E.01338
G1 X142.991 Y79.026 E.00754
G1 X142.991 Y140.974 E1.992
G1 X142.979 Y141.208 E.00754
G1 X142.892 Y141.615 E.01338
G1 X142.723 Y141.995 E.01338
G1 X142.479 Y142.331 E.01337
G1 X142.169 Y142.61 E.01338
G1 X141.809 Y142.817 E.01337
G1 X141.414 Y142.946 E.01337
G1 X141.033 Y142.985 E.01229
G1 E-1.75
;WIPE_START
G1 X140.033 Y142.985 E-.75
;WIPE_END
G1 X140.033 Y143.389 Z2.64 F18000
G1 X140.636 Y131.077
G1 X140.637 Y131.055
G1 X140.637 Y131.023
G1 X140.638 Y130.995
G1 X140.637 Y130.965
G1 X140.636 Y130.932
G1 X140.635 Y130.91
G1 X140.619 Y130.593
G1 X140.617 Y130.571
G1 X140.614 Y130.538
G1 X140.612 Y130.51
G1 X140.608 Y130.479
G1 X136.023 Y93.637
G1 X135.897 Y92.089
G1 X135.779 Y91.3
G1 X135.8 Y90.901
G1 Z2.44
G1 E2.5 F6000
M204 P1000
;TYPE:Outer wall
;WIDTH:0.42
G1 F3600
G1 X136.2 Y90.901 E.0119
G1 X136.591 Y90.818 E.0119
G1 X136.956 Y90.655 E.0119
G1 X137.279 Y90.42 E.0119
G1 X137.546 Y90.123 E.0119
G1 X137.743 Y89.782 E.01174
G1 X137.819 Y89.585 E.00629
G1 X137.901 Y89.2 E.01174
G1 X137.901 Y88.8 E.0119
G1 X137.819 Y88.415 E.01174
G1 X137.743 Y88.218 E.00629
G1 X137.546 Y87.877 E.01174
G1 X137.279 Y87.58 E.0119
G1 X136.956 Y87.345 E.0119
G1 X136.591 Y87.182 E.0119
G1 X136.2 Y87.099 E.0119
G1 X135.818 Y87.099 E.01139
G1 X135.598 Y87.132 E.00661
G1 X135.223 Y87.254 E.01177
G1 X134.877 Y87.454 E.0119
G1 X134.58 Y87.721 E.0119
G1 X134.345 Y88.044 E.0119
G1 X134.182 Y88.409 E.0119
G1 X134.099 Y88.8 E.0119
G1 X134.099 Y89.2 E.0119
G1 X134.182 Y89.591 E.0119
G1 X134.345 Y89.956 E.0119
G1 X134.58 Y90.279 E.0119
G1 X134.877 Y90.546 E.0119
G1 X135.218 Y90.743 E.01174
G1 X135.415 Y90.819 E.00629
G1 X135.742 Y90.888 E.00995
G1 X135.678 Y91.286 F18000
G1 X135.758 Y91.299
G1 X135.759 Y91.299
G1 X135.759 Y91.293
M204 P1500
;TYPE:Inner wall
;WIDTH:0.45
G1 F6000
G1 X136.241 Y91.293 E.01549
G1 X136.712 Y91.193 E.0155
G1 X137.153 Y90.997 E.0155
G1 X137.543 Y90.713 E.0155
G1 X137.865 Y90.355 E.0155
G1 X138.098 Y89.952 E.01499
G1 X138.196 Y89.697 E.00877
G1 X138.293 Y89.241 E.01499
G1 X138.293 Y88.759 E.01549
G1 X138.196 Y88.303 E.01499
G1 X138.098 Y88.048 E.00877
G1 X137.865 Y87.645 E.01499
G1 X137.543 Y87.287 E.0155
G1 X137.153 Y87.003 E.0155
G1 X136.712 Y86.807 E.0155
G1 X136.241 Y86.707 E.01548
G1 X135.788 Y86.706 E.01457
G1 X135.508 Y86.749 E.00913
G1 X135.062 Y86.894 E.01506
G1 X134.645 Y87.135 E.0155
G1 X134.287 Y87.457 E.0155
G1 X134.003 Y87.847 E.0155
G1 X133.807 Y88.288 E.0155
G1 X133.707 Y88.759 E.0155
G1 X133.707 Y89.241 E.01549
G1 X133.807 Y89.712 E.0155
G1 X134.003 Y90.153 E.0155
G1 X134.287 Y90.543 E.0155
G1 X134.645 Y90.865 E.0155
G1 X135.048 Y91.098 E.01499
G1 X135.303 Y91.196 E.00877
G1 X135.7 Y91.28 E.01306
G1 X135.687 Y91.694 F18000
G1 F6000
G1 X135.716 Y91.7 E.00097
G1 X136.284 Y91.7 E.01824
G1 X136.839 Y91.582 E.01825
G1 X137.357 Y91.351 E.01825
G1 X137.817 Y91.018 E.01825
G1 X138.196 Y90.596 E.01825
G1 X138.467 Y90.127 E.0174
G1 X138.588 Y89.813 E.01084
G1 X138.7 Y89.284 E.01739
G1 X138.7 Y88.716 E.01824
G1 X138.588 Y88.187 E.01739
G1 X138.467 Y87.873 E.01084
G1 X138.196 Y87.404 E.0174
G1 X137.817 Y86.982 E.01825
G1 X137.357 Y86.649 E.01825
G1 X136.839 Y86.418 E.01826
G1 X136.285 Y86.3 E.01822
G1 X135.758 Y86.299 E.01693
G1 X135.414 Y86.352 E.0112
G1 X134.896 Y86.52 E.01751
G1 X134.404 Y86.804 E.01826
G1 X133.982 Y87.183 E.01825
G1 X133.649 Y87.643 E.01825
G1 X133.418 Y88.161 E.01826
G1 X133.3 Y88.716 E.01825
G1 X133.3 Y89.284 E.01824
G1 X133.418 Y89.839 E.01825
G1 X133.649 Y90.357 E.01826
G1 X133.982 Y90.817 E.01825
G1 X134.404 Y91.196 E.01825
G1 X134.873 Y91.467 E.0174
G1 X135.187 Y91.588 E.01084
G1 X135.628 Y91.681 E.01449
G1 E-1.75
;WIPE_START
G1 X135.716 Y91.7 E-.06758
G1 X136.284 Y91.7 E-.4255
G1 X136.619 Y91.629 E-.25692
;WIPE_END
G1 X136.7 Y92.009 Z2.64 F18000
G1 X136.599 Y93.597
G1 X136.266 Y126.375
G1 X136.25 Y127.911
G1 X137.718 Y129.453
G1 X137.87 Y129.641
G1 X138.002 Y129.844
G1 X138.112 Y130.06
G1 X138.199 Y130.286
G1 X138.261 Y130.519
G1 X138.299 Y130.758
G1 X138.312 Y131
G1 X138.299 Y131.242
G1 X138.261 Y131.481
G1 X138.199 Y131.714
G1 X138.112 Y131.94
G1 X138.002 Y132.156
G1 X137.87 Y132.359
G1 X137.718 Y132.547
G1 X137.547 Y132.718
G1 X137.359 Y132.87
G1 X137.156 Y133.002
G1 X136.94 Y133.112
G1 X136.714 Y133.199
G1 X136.481 Y133.261
G1 X136.242 Y133.299
G1 X136.221 Y133.3
G1 X136.2 Y132.901
G1 Z2.44
G1 E2.5 F6000
M204 P1000
;TYPE:Outer wall
;WIDTH:0.42
G1 F3600
G1 X136.591 Y132.818 E.0119
G1 X136.956 Y132.655 E.0119
G1 X137.279 Y132.42 E.0119
G1 X137.546 Y132.123 E.0119
G1 X137.743 Y131.782 E.01174
G1 X137.819 Y131.585 E.00629
G1 X137.901 Y131.2 E.01174
G1 X137.901 Y130.8 E.0119
G1 X137.819 Y130.415 E.01174
G1 X137.743 Y130.218 E.00629
G1 X137.546 Y129.877 E.01174
G1 X137.279 Y129.58 E.0119
G1 X136.956 Y129.345 E.0119
G1 X136.591 Y129.182 E.0119
G1 X136.2 Y129.099 E.0119
G1 X135.818 Y129.099 E.01139
G1 X135.598 Y129.132 E.00661
G1 X135.223 Y129.254 E.01177
G1 X134.877 Y129.454 E.0119
G1 X134.58 Y129.721 E.0119
G1 X134.345 Y130.044 E.0119
G1 X134.182 Y130.409 E.0119
G1 X134.099 Y130.8 E.0119
G1 X134.099 Y131.2 E.0119
G1 X134.182 Y131.591 E.0119
G1 X134.345 Y131.956 E.0119
G1 X134.58 Y132.279 E.0119
G1 X134.877 Y132.546 E.0119
G1 X135.218 Y132.743 E.01174
G1 X135.415 Y132.819 E.00629
G1 X135.8 Y132.901 E.01174
G1 X136.14 Y132.901 E.01011
G1 X136.161 Y133.303 F18000
G1 X136.241 Y133.299
G1 X136.241 Y133.293
M204 P1500
;TYPE:Inner wall
;WIDTH:0.45
G1 F6000
G1 X136.712 Y133.193 E.0155
G1 X137.153 Y132.997 E.0155
G1 X137.543 Y132.713 E.0155
G1 X137.865 Y132.355 E.0155
G1 X138.098 Y131.952 E.01499
G1 X138.196 Y131.697 E.00877
G1 X138.293 Y131.241 E.01499
G1 X138.293 Y130.759 E.01549
G1 X138.196 Y130.303 E.01499
G1 X138.098 Y130.048 E.00877
G1 X137.865 Y129.645 E.01499
G1 X137.543 Y129.287 E.0155
G1 X137.153 Y129.003 E.0155
G1 X136.712 Y128.807 E.0155
G1 X136.241 Y128.707 E.01548
G1 X135.788 Y128.706 E.01457
G1 X135.508 Y128.749 E.00913
G1 X135.062 Y128.894 E.01506
G1 X134.645 Y129.135 E.0155
G1 X134.287 Y129.457 E.0155
G1 X134.003 Y129.847 E.0155
G1 X133.807 Y130.288 E.0155
G1 X133.707 Y130.759 E.0155
G1 X133.707 Y131.241 E.01549
G1 X133.807 Y131.712 E.0155
G1 X134.003 Y132.153 E.0155
G1 X134.287 Y132.543 E.0155
G1 X134.645 Y132.865 E.0155
G1 X135.048 Y133.098 E.01499
G1 X135.303 Y133.196 E.00877
G1 X135.759 Y133.293 E.01499
G1 X136.181 Y133.293 E.01356
G1 X136.361 Y133.683 F18000
G1 F6000
G1 X136.839 Y133.582 E.0157
G1 X137.357 Y133.351 E.01825
G1 X137.817 Y133.018 E.01825
G1 X138.196 Y132.596 E.01825
G1 X138.467 Y132.127 E.0174
G1 X138.588 Y131.813 E.01084
G1 X138.7 Y131.284 E.01739
G1 X138.7 Y130.716 E.01824
G1 X138.588 Y130.187 E.01739
G1 X138.467 Y129.873 E.01084
G1 X138.196 Y129.404 E.0174
G1 X137.817 Y128.982 E.01825
G1 X137.357 Y128.649 E.01825
G1 X136.839 Y128.418 E.01826
G1 X136.285 Y128.3 E.01822
G1 X135.758 Y128.299 E.01693
G1 X135.414 Y128.352 E.0112
G1 X134.896 Y128.52 E.01751
G1 X134.404 Y128.804 E.01826
G1 X133.982 Y129.183 E.01825
G1 X133.649 Y129.643 E.01825
G1 X133.418 Y130.161 E.01826
G1 X133.3 Y130.716 E.01825
G1 X133.3 Y131.284 E.01824
G1 X133.418 Y131.839 E.01825
G1 X133.649 Y132.357 E.01826
G1 X133.982 Y132.817 E.01825
G1 X134.404 Y133.196 E.01825
G1 X134.873 Y133.467 E.0174
G1 X135.187 Y133.588 E.01084
G1 X135.716 Y133.7 E.01739
G1 X136.284 Y133.7 E.01824
G1 X136.303 Y133.696 E.00062
G1 E-1.75
;WIPE_START
G1 X136.839 Y133.582 E-.41127
G1 X137.251 Y133.398 E-.33873
;WIPE_END
G1 X137.41 Y133.753 Z2.64 F18000
G1 X134.014 Y133.368
G1 X132.002 Y133.349
G1 X88.211 Y132.942
G1 X86.423 Y132.925
G1 X84.481 Y133.261
G1 X84.242 Y133.299
G1 X84 Y133.312
G1 X83.779 Y133.3
G1 X83.8 Y132.901
G1 Z2.44
G1 E2.5 F6000
M204 P1000
;TYPE:Outer wall
;WIDTH:0.42
G1 F3600
G1 X84.2 Y132.901 E.0119
G1 X84.591 Y132.818 E.0119
G1 X84.956 Y132.655 E.0119
G1 X85.279 Y132.42 E.0119
G1 X85.546 Y132.123 E.0119
G1 X85.743 Y131.782 E.01174
G1 X85.819 Y131.585 E.00629
G1 X85.901 Y131.2 E.01174
G1 X85.901 Y130.8 E.0119
G1 X85.819 Y130.415 E.01174
G1 X85.743 Y130.218 E.00629
G1 X85.546 Y129.877 E.01174
G1 X85.279 Y129.58 E.0119
G1 X84.956 Y129.345 E.0119
G1 X84.591 Y129.182 E.0119
G1 X84.2 Y129.099 E.0119
G1 X83.818 Y129.099 E.01139
G1 X83.598 Y129.132 E.00661
G1 X83.223 Y129.254 E.01177
G1 X82.877 Y129.454 E.0119
G1 X82.58 Y129.721 E.0119
G1 X82.345 Y130.044 E.0119
G1 X82.182 Y130.409 E.0119
G1 X82.099 Y130.8 E.0119
G1 X82.099 Y131.2 E.0119
G1 X82.182 Y131.591 E.0119
G1 X82.345 Y131.956 E.0119
G1 X82.58 Y132.279 E.0119
G1 X82.877 Y132.546 E.0119
G1 X83.218 Y132.743 E.01174
G1 X83.415 Y132.819 E.00629
G1 X83.742 Y132.888 E.00995
G1 X83.678 Y133.286 F18000
G1 X83.758 Y133.299
G1 X83.759 Y133.299
G1 X83.759 Y133.293
M204 P1500
;TYPE:Inner wall
;WIDTH:0.45
G1 F6000
G1 X84.241 Y133.293 E.01549
G1 X84.712 Y133.193 E.0155
G1 X85.153 Y132.997 E.0155
G1 X85.543 Y132.713 E.0155
G1 X85.865 Y132.355 E.0155
G1 X86.098 Y131.952 E.01499
G1 X86.196 Y131.697 E.00877
G1 X86.293 Y131.241 E.01499
G1 X86.293 Y130.759 E.01549
G1 X86.196 Y130.303 E.01499
G1 X86.098 Y130.048 E.00877
G1 X85.865 Y129.645 E.01499
G1 X85.543 Y129.287 E.0155
G1 X85.153 Y129.003 E.0155
G1 X84.712 Y128.807 E.0155
G1 X84.241 Y128.707 E.01548
G1 X83.788 Y128.706 E.01457
G1 X83.508 Y128.749 E.00913
G1 X83.062 Y128.894 E.01506
G1 X82.645 Y129.135 E.0155
G1 X82.287 Y129.457 E.0155
G1 X82.003 Y129.847 E.0155
G1 X81.807 Y130.288 E.0155
G1 X81.707 Y130.759 E.0155
G1 X81.707 Y131.241 E.01549
G1 X81.807 Y131.712 E.0155
G1 X82.003 Y132.153 E.0155
G1 X82.287 Y132.543 E.0155
G1 X82.645 Y132.865 E.0155
G1 X83.048 Y133.098 E.01499
G1 X83.303 Y133.196 E.00877
G1 X83.7 Y133.28 E.01306
G1 X83.687 Y133.694 F18000
G1 F6000
G1 X83.716 Y133.7 E.00097
G1 X84.284 Y133.7 E.01824
G1 X84.839 Y133.582 E.01825
G1 X85.357 Y133.351 E.01825
G1 X85.817 Y133.018 E.01825
G1 X86.196 Y132.596 E.01825
G1 X86.467 Y132.127 E.0174
G1 X86.588 Y131.813 E.01084
G1 X86.7 Y131.284 E.01739
G1 X86.7 Y130.716 E.01824
G1 X86.588 Y130.187 E.01739
G1 X86.467 Y129.873 E.01084
G1 X86.196 Y129.404 E.0174
G1 X85.817 Y128.982 E.01825
G1 X85.357 Y128.649 E.01825
G1 X84.839 Y128.418 E.01826
G1 X84.285 Y128.3 E.01822
G1 X83.758 Y128.299 E.01693
G1 X83.414 Y128.352 E.0112
G1 X82.896 Y128.52 E.01751
G1 X82.404 Y128.804 E.01826
G1 X81.982 Y129.183 E.01825
G1 X81.649 Y129.643 E.01825
G1 X81.418 Y130.161 E.01826
G1 X81.3 Y130.716 E.01825
G1 X81.3 Y131.284 E.01824
G1 X81.418 Y131.839 E.01825
G1 X81.649 Y132.357 E.01826
G1 X81.982 Y132.817 E.01825
G1 X82.404 Y133.196 E.01825
G1 X82.873 Y133.467 E.0174
G1 X83.187 Y133.588 E.01084
G1 X83.628 Y133.681 E.01449
G1 E-1.75
;WIPE_START
G1 X83.716 Y133.7 E-.06758
G1 X84.284 Y133.7 E-.4255
G1 X84.619 Y133.629 E-.25692
;WIPE_END
G1 X84.518 Y133.251 Z2.64 F18000
G1 X84.714 Y133.199
G1 X84.94 Y133.112
G1 X85.156 Y133.002
G1 X85.359 Y132.87
G1 X85.547 Y132.718
G1 X85.718 Y132.547
G1 X85.87 Y132.359
G1 X86.002 Y132.156
G1 X86.112 Y131.94
G1 X86.199 Y131.714
G1 X86.261 Y131.481
G1 X86.299 Y131.242
G1 X86.312 Y131
G1 X86.299 Y130.758
G1 X86.261 Y130.519
G1 X86.199 Y130.286
G1 X86.112 Y130.06
G1 X86.002 Y129.844
G1 X85.87 Y129.641
G1 X84.51 Y127.951
G1 X84.48 Y126.387
G1 X83.853 Y93.632
G1 X83.823 Y92.089
G1 X83.779 Y91.3
G1 X83.8 Y90.901
G1 Z2.44
G1 E2.5 F6000
M204 P1000
;TYPE:Outer wall
;WIDTH:0.42
G1 F3600
G1 X84.2 Y90.901 E.0119
G1 X84.591 Y90.818 E.0119
G1 X84.956 Y90.655 E.0119
G1 X85.279 Y90.42 E.0119
G1 X85.546 Y90.123 E.0119
G1 X85.743 Y89.782 E.01174
G1 X85.819 Y89.585 E.00629
G1 X85.901 Y89.2 E.01174
G1 X85.901 Y88.8 E.0119
G1 X85.819 Y88.415 E.01174
G1 X85.743 Y88.218 E.00629
G1 X85.546 Y87.877 E.01174
G1 X85.279 Y87.58 E.0119
G1 X84.956 Y87.345 E.0119
G1 X84.591 Y87.182 E.0119
G1 X84.2 Y87.099 E.0119
G1 X83.818 Y87.099 E.01139
G1 X83.598 Y87.132 E.00661
G1 X83.223 Y87.254 E.01177
G1 X82.877 Y87.454 E.0119
G1 X82.58 Y87.721 E.0119
G1 X82.345 Y88.044 E.0119
G1 X82.182 Y88.409 E.0119
G1 X82.099 Y88.8 E.0119
G1 X82.099 Y89.2 E.0119
G1 X82.182 Y89.591 E.0119
G1 X82.345 Y89.956 E.0119
G1 X82.58 Y90.279 E.0119
G1 X82.877 Y90.546 E.0119
G1 X83.218 Y90.743 E.01174
G1 X83.415 Y90.819 E.00629
G1 X83.742 Y90.888 E.00995
G1 X83.678 Y91.286 F18000
G1 X83.758 Y91.299
G1 X83.759 Y91.299
G1 X83.759 Y91.293
M204 P1500
;TYPE:Inner wall
;WIDTH:0.45
G1 F6000
G1 X84.241 Y91.293 E.01549
G1 X84.712 Y91.193 E.0155
G1 X85.153 Y90.997 E.0155
G1 X85.543 Y90.713 E.0155
G1 X85.865 Y90.355 E.0155
G1 X86.098 Y89.952 E.01499
G1 X86.196 Y89.697 E.00877
G1 X86.293 Y89.241 E.01499
G1 X86.293 Y88.759 E.01549
G1 X86.196 Y88.303 E.01499
G1 X86.098 Y88.048 E.00877
G1 X85.865 Y87.645 E.01499
G1 X85.543 Y87.287 E.0155
G1 X85.153 Y87.003 E.0155
G1 X84.712 Y86.807 E.0155
G1 X84.241 Y86.707 E.01548
G1 X83.788 Y86.706 E.01457
G1 X83.508 Y86.749 E.00913
G1 X83.062 Y86.894 E.01506
G1 X82.645 Y87.135 E.0155
G1 X82.287 Y87.457 E.0155
G1 X82.003 Y87.847 E.0155
G1 X81.807 Y88.288 E.0155
G1 X81.707 Y88.759 E.0155
G1 X81.707 Y89.241 E.01549
G1 X81.807 Y89.712 E.0155
G1 X82.003 Y90.153 E.0155
G1 X82.287 Y90.543 E.0155
G1 X82.645 Y90.865 E.0155
G1 X83.048 Y91.098 E.01499
G1 X83.303 Y91.196 E.00877
G1 X83.7 Y91.28 E.01306
G1 X83.687 Y91.694 F18000
G1 F6000
G1 X83.716 Y91.7 E.00097
G1 X84.284 Y91.7 E.01824
G1 X84.839 Y91.582 E.01825
G1 X85.357 Y91.351 E.01825
G1 X85.817 Y91.018 E.01825
G1 X86.196 Y90.596 E.01825
G1 X86.467 Y90.127 E.0174
G1 X86.588 Y89.813 E.01084
G1 X86.7 Y89.284 E.01739
G1 X86.7 Y88.716 E.01824
G1 X86.588 Y88.187 E.01739
G1 X86.467 Y87.873 E.01084
G1 X86.196 Y87.404 E.0174
G1 X85.817 Y86.982 E.01825
G1 X85.357 Y86.649 E.01825
G1 X84.839 Y86.418 E.01826
G1 X84.285 Y86.3 E.01822
G1 X83.758 Y86.299 E.01693
G1 X83.414 Y86.352 E.0112
G1 X82.896 Y86.52 E.01751
G1 X82.404 Y86.804 E.01826
G1 X81.982 Y87.183 E.01825
G1 X81.649 Y87.643 E.01825
G1 X81.418 Y88.161 E.01826
G1 X81.3 Y88.716 E.01825
G1 X81.3 Y89.284 E.01824
G1 X81.418 Y89.839 E.01825
G1 X81.649 Y90.357 E.01826
G1 X81.982 Y90.817 E.01825
G1 X82.404 Y91.196 E.01825
G1 X82.873 Y91.467 E.0174
G1 X83.187 Y91.588 E.01084
G1 X83.628 Y91.681 E.01449
G1 E-1.75
;WIPE_START
G1 X83.716 Y91.7 E-.06758
G1 X84.284 Y91.7 E-.4255
G1 X84.619 Y91.629 E-.25692
;WIPE_END
G1 X84.7 Y92.009 Z2.64 F18000
G1 X86.352 Y92.997
G1 X101.689 Y118.311
G1 X118.311 Y118.311
G1 X118.311 Y117.91
G1 X117.91 Y117.91
G1 Z2.44
G1 E2.5 F6000
M204 P1000
;TYPE:Outer wall
;WIDTH:0.42
G1 F3600
G1 X117.91 Y102.09 E.47122
G1 X102.09 Y102.09 E.47122
G1 X102.09 Y117.91 E.47122
G1 X117.85 Y117.91 E.46944
G1 X117.85 Y118.311 F18000
G1 X118.311 Y118.311
G1 X118.311 Y118.302
G1 X118.302 Y118.302
M204 P1500
;TYPE:Inner wall
;WIDTH:0.45
G1 F6000
G1 X118.302 Y101.698 E.53393
G1 X101.698 Y101.698 E.53393
G1 X101.698 Y118.302 E.53393
G1 X118.242 Y118.302 E.532
G1 X118.709 Y118.709 F18000
G1 F6000
G1 X118.709 Y101.291 E.56011
G1 X101.291 Y101.291 E.56011
G1 X101.291 Y118.709 E.56011
G1 X118.649 Y118.709 E.55818
G1 X140.686 Y129.716 F18000
M204 P1000
;TYPE:Top surface
;WIDTH:0.433462
G1 F1800
G1 X140.686 Y131.177 E.04504
G1 X140.664 Y131.518 E.01055
G1 X140.592 Y131.971 E.01415
G1 X140.49 Y132.361 E.01243
G1 X140.296 Y132.89 E.01737
G1 X140.296 Y129.11 E.11658
G1 X140.078 Y128.678 E.01494
G1 X139.905 Y128.404 E.01
G1 X139.905 Y133.596 E.16018
G1 X139.777 Y133.786 E.00707
G1 X139.515 Y134.109 E.01285
G1 X139.515 Y127.891 E.19186
G1 X139.124 Y127.498 E.01708
G1 X139.124 Y134.502 E.21608
G1 X138.734 Y134.815 E.01543
G1 X138.734 Y132.332 E.0766
G1 X138.908 Y131.908 E.01414
G1 X139.033 Y131.319 E.01857
G1 X139.033 Y130.681 E.01966
G1 X138.908 Y130.092 E.01857
G1 X138.734 Y129.668 E.01414
G1 X138.734 Y127.185 E.0766
G1 X138.343 Y126.934 E.01434
G1 X138.343 Y129.069 E.06589
G1 X138.041 Y128.733 E.01394
G1 X137.953 Y128.669 E.00336
G1 X137.953 Y126.733 E.05974
G1 X137.562 Y126.577 E.01297
G1 X137.562 Y128.386 E.05581
G1 X137.172 Y128.201 E.01332
G1 X137.172 Y126.459 E.05374
G1 X136.781 Y126.376 E.01232
G1 X136.781 Y128.065 E.05211
G1 X136.39 Y127.982 E.01232
G1 X136.39 Y126.325 E.05113
G1 X136 Y126.308 E.01206
G1 X136 Y127.966 E.05117
G1 X135.733 Y127.966 E.00823
G1 X135.609 Y127.985 E.00386
G1 X135.609 Y126.325 E.05121
G1 X135.219 Y126.376 E.01215
G1 X135.219 Y128.065 E.05209
G1 X134.828 Y128.191 E.01267
G1 X134.828 Y126.459 E.05343
G1 X134.554 Y126.535 E.00877
G1 X134.438 Y126.577 E.00382
G1 X134.438 Y128.399 E.05623
G1 X134.207 Y128.533 E.00822
G1 X134.047 Y128.677 E.00664
G1 X134.047 Y126.733 E.05996
G1 X133.657 Y126.934 E.01355
G1 X133.657 Y129.354 E.07466
G1 E-1.75 F6000
;WIPE_START
G1 F1800
G1 X133.657 Y128.354 E-.75
;WIPE_END
G1 X133.955 Y128.685 Z2.64 F18000
G1 X138.078 Y128.692
G1 X138.819 Y132.295
G1 X138.538 Y132.781
G1 X138.343 Y132.669
G1 Z2.44
G1 E2.5 F6000
G1 F1800
G1 X138.343 Y135.066 E.07398
G1 X137.953 Y135.267 E.01355
G1 X137.953 Y133.331 E.05974
G1 X137.562 Y133.614 E.01489
G1 X137.562 Y135.423 E.05581
G1 X137.44 Y135.467 E.004
G1 X137.172 Y135.541 E.00859
G1 X137.172 Y133.799 E.05374
G1 X136.942 Y133.901 E.00774
G1 X136.781 Y133.935 E.00509
G1 X136.781 Y135.624 E.05211
G1 X136.39 Y135.675 E.01215
G1 X136.39 Y134.018 E.05113
G1 X136.319 Y134.033 E.00227
G1 X136 Y134.033 E.00983
G1 X136 Y135.693 E.05121
G1 X135.609 Y135.675 E.01206
G1 X135.609 Y134.018 E.05113
G1 X135.219 Y133.935 E.01232
G1 X135.219 Y135.624 E.05211
G1 X134.828 Y135.541 E.01232
G1 X134.828 Y133.807 E.05349
G1 X134.729 Y133.769 E.00329
G1 X134.438 Y133.601 E.01037
G1 X134.438 Y135.423 E.05623
G1 X134.047 Y135.267 E.01298
G1 X134.047 Y133.323 E.05997
G1 X133.733 Y133.041 E.01303
G1 X133.657 Y132.935 E.00403
G1 X133.657 Y135.066 E.06575
G1 X133.266 Y134.814 E.01434
G1 X133.266 Y132.317 E.07704
G1 X133.099 Y131.942 E.01265
G1 X132.967 Y131.319 E.01967
G1 X132.967 Y130.681 E.01966
G1 X133.099 Y130.058 E.01967
G1 X133.266 Y129.683 E.01265
G1 X133.266 Y127.186 E.07704
G1 X132.876 Y127.498 E.01543
G1 X132.876 Y134.502 E.21607
G1 X132.485 Y134.109 E.01708
G1 X132.485 Y127.891 E.19185
G1 X132.223 Y128.214 E.01284
G1 X132.095 Y128.404 E.00708
G1 X132.095 Y133.596 E.16017
G1 X131.922 Y133.322 E.01
G1 X131.704 Y132.889 E.01494
G1 X131.704 Y129.111 E.11657
G1 X131.51 Y129.639 E.01737
G1 X131.408 Y130.029 E.01243
G1 X131.336 Y130.482 E.01415
G1 X131.313 Y130.825 E.01062
G1 X131.313 Y132.283 E.04497
G1 X131.49 Y132.811 F18000
M204 P2000
;TYPE:Gap infill
;WIDTH:0.108062
G1 F6000
G1 X131.468 Y132.693 E.00062
;WIDTH:0.147853
G1 X131.446 Y132.574 E.001
;WIDTH:0.181246
G1 X131.433 Y132.496 E.00087
;WIDTH:0.20998
G1 X131.403 Y132.283 E.00283
G1 X133.858 Y135.364 F18000
;WIDTH:0.0949348
G1 F6000
G1 X133.749 Y135.239 E.00068
G1 X135.51 Y135.858 F18000
;WIDTH:0.114851
G1 F6000
G1 X135.346 Y135.772 E.00105
G1 X136.897 Y135.797 F18000
;WIDTH:0.134307
G1 F6000
G1 X137.014 Y135.726 E.00099
G1 X136.993 Y135.65 E.00057
G1 X138.648 Y134.99 F18000
;WIDTH:0.0946119
G1 F6000
G1 X138.56 Y135.126 E.00066
G1 X138.533 Y135.132 E.00011
G1 X138.418 Y134.955 F18000
G1 X138.663 Y134.796
G1 X138.681 Y134.784
G1 X138.707 Y134.765
G1 X138.73 Y134.749
G1 X138.754 Y134.731
G1 X138.78 Y134.711
G1 X138.797 Y134.697
G1 X139.045 Y134.497
G1 X139.061 Y134.483
G1 X139.086 Y134.462
G1 X139.107 Y134.443
G1 X139.129 Y134.422
G1 X139.153 Y134.4
G1 X139.169 Y134.384
G1 X139.393 Y134.159
G1 X139.409 Y134.143
G1 X139.431 Y134.12
G1 X139.45 Y134.099
G1 X139.47 Y134.076
G1 X139.491 Y134.051
G1 X139.505 Y134.035
G1 X139.705 Y133.787
G1 X139.719 Y133.77
G1 X139.738 Y133.745
G1 X139.755 Y133.722
G1 X139.772 Y133.697
G1 X139.79 Y133.671
G1 X139.803 Y133.652
G1 X139.976 Y133.385
G1 X139.988 Y133.367
G1 X140.005 Y133.339
G1 X140.019 Y133.315
G1 X140.034 Y133.288
G1 X140.049 Y133.26
G1 X140.059 Y133.24
G1 X140.204 Y132.956
G1 X140.213 Y132.936
G1 X140.227 Y132.907
G1 X140.239 Y132.882
G1 X140.251 Y132.854
G1 X140.263 Y132.824
G1 X140.271 Y132.804
G1 X140.385 Y132.506
G1 X140.393 Y132.486
G1 X140.403 Y132.455
G1 X140.412 Y132.428
G1 X140.421 Y132.399
G1 X140.431 Y132.368
G1 X140.436 Y132.346
G1 X140.518 Y132.04
G1 X140.524 Y132.018
G1 X140.533 Y131.978
G1 X140.539 Y131.952
G1 X140.543 Y131.93
G1 X140.549 Y131.898
G1 X140.553 Y131.876
G1 X140.602 Y131.562
G1 X140.606 Y131.54
G1 X140.61 Y131.508
G1 X140.613 Y131.479
G1 X140.616 Y131.449
G1 X140.618 Y131.417
G1 X140.619 Y131.395
G1 X140.636 Y131.077
G1 X140.637 Y131.055
G1 X140.637 Y131.023
G1 X140.638 Y130.995
G1 X140.637 Y130.965
G1 X140.636 Y130.932
G1 X140.635 Y130.91
G1 X140.619 Y130.593
G1 X140.617 Y130.571
G1 X140.614 Y130.538
G1 X140.612 Y130.51
G1 X140.608 Y130.479
G1 X140.604 Y130.448
G1 X140.6 Y130.426
G1 X140.551 Y130.111
G1 X140.547 Y130.089
G1 X140.541 Y130.058
G1 X140.535 Y130.031
G1 X140.528 Y130.001
G1 X140.521 Y129.969
G1 X140.515 Y129.949
G1 X140.433 Y129.641
G1 X140.427 Y129.62
G1 X140.418 Y129.589
G1 X140.409 Y129.562
G1 X140.399 Y129.533
G1 X140.388 Y129.503
G1 X140.381 Y129.482
G1 X140.267 Y129.185
G1 X140.258 Y129.165
G1 X140.246 Y129.135
G1 X140.235 Y129.109
G1 X140.222 Y129.081
G1 X140.208 Y129.052
G1 X140.198 Y129.033
G1 X140.054 Y128.749
G1 X140.043 Y128.729
G1 X140.028 Y128.701
G1 X140.014 Y128.677
G1 X139.998 Y128.65
G1 X139.981 Y128.623
G1 X139.969 Y128.604
G1 X139.796 Y128.337
G1 X139.784 Y128.319
G1 X139.765 Y128.293
G1 X139.749 Y128.27
G1 X139.731 Y128.246
G1 X139.711 Y128.22
G1 X139.697 Y128.203
G1 X139.497 Y127.956
G1 X139.483 Y127.939
G1 X139.462 Y127.914
G1 X139.443 Y127.893
G1 X139.422 Y127.871
G1 X139.4 Y127.847
G1 X139.385 Y127.832
G1 X139.159 Y127.607
G1 X139.144 Y127.591
G1 X139.12 Y127.569
G1 X139.099 Y127.55
G1 X139.076 Y127.53
G1 X139.052 Y127.509
G1 X139.035 Y127.495
G1 X138.787 Y127.295
G1 X138.77 Y127.281
G1 X138.745 Y127.262
G1 X138.722 Y127.245
G1 X138.697 Y127.228
G1 X138.67 Y127.209
G1 X138.652 Y127.197
G1 X138.385 Y127.024
G1 X138.367 Y127.013
G1 X138.339 Y126.996
G1 X138.315 Y126.981
G1 X138.288 Y126.967
G1 X138.26 Y126.951
G1 X138.24 Y126.941
G1 X137.956 Y126.796
G1 X137.936 Y126.787
G1 X137.908 Y126.773
G1 X137.882 Y126.761
G1 X137.854 Y126.749
G1 X137.824 Y126.737
G1 X137.804 Y126.729
G1 X137.506 Y126.615
G1 X137.486 Y126.607
G1 X137.455 Y126.597
G1 X137.428 Y126.588
G1 X137.399 Y126.579
G1 X137.368 Y126.57
G1 X137.346 Y126.564
G1 X137.039 Y126.481
G1 X137.018 Y126.476
G1 X136.987 Y126.469
G1 X136.96 Y126.463
G1 X136.93 Y126.457
G1 X136.898 Y126.451
G1 X136.876 Y126.447
G1 X136.561 Y126.397
G1 X136.538 Y126.394
G1 X136.504 Y126.39
G1 X136.474 Y126.387
G1 X136.442 Y126.384
G1 X136.408 Y126.381
G1 X136.385 Y126.38
G1 X136.051 Y126.365
G1 X136.011 Y126.364
G1 X135.976 Y126.363
G1 X135.945 Y126.364
G1 X135.914 Y126.365
G1 X135.893 Y126.366
G1 X135.593 Y126.381
G1 X135.571 Y126.383
G1 X135.539 Y126.386
G1 X135.511 Y126.388
G1 X135.48 Y126.392
G1 X135.448 Y126.396
G1 X135.426 Y126.4
G1 X135.111 Y126.449
G1 X135.09 Y126.453
G1 X135.058 Y126.459
G1 X135.03 Y126.465
G1 X135.001 Y126.472
G1 X134.97 Y126.479
G1 X134.948 Y126.485
G1 X134.641 Y126.567
G1 X134.62 Y126.573
G1 X134.589 Y126.582
G1 X134.562 Y126.591
G1 X134.533 Y126.601
G1 X134.502 Y126.612
G1 X134.482 Y126.619
G1 X134.185 Y126.733
G1 X134.165 Y126.742
G1 X134.135 Y126.754
G1 X134.109 Y126.765
G1 X134.081 Y126.778
G1 X134.053 Y126.792
G1 X134.033 Y126.802
G1 X133.749 Y126.946
G1 X133.73 Y126.957
G1 X133.701 Y126.972
G1 X133.677 Y126.986
G1 X133.65 Y127.002
G1 X133.623 Y127.019
G1 X133.604 Y127.031
G1 X133.582 Y127.045
G1 X133.467 Y126.868
;WIDTH:0.0870732
G1 F6000
G1 X133.44 Y126.874 E.0001
G1 X133.352 Y127.01 E.00056
G1 X135.103 Y126.203 F18000
;WIDTH:0.134788
G1 F6000
G1 X134.986 Y126.274 E.00099
G1 X135.007 Y126.35 E.00058
G1 X138.251 Y126.761 F18000
;WIDTH:0.108563
G1 F6000
G1 X138.142 Y126.635 E.00086
G1 X140.597 Y129.716 F18000
;WIDTH:0.218978
G1 F6000
G1 X140.574 Y129.551 E.00232
;WIDTH:0.186588
G1 X140.552 Y129.415 E.00156
;WIDTH:0.145032
G1 X140.531 Y129.302 E.00093
;WIDTH:0.126078
G1 X140.51 Y129.189 E.00076
G1 X139.457 Y142.825 F18000
M204 P500
;TYPE:Internal Bridge
;WIDTH:0.379473
;HEIGHT:0.379473
G1 F2250
M106 S127
G1 X141.827 Y142.392 E.10759
G1 X141.957 Y142.317 E.00672
G1 X142.21 Y142.089 E.01521
G1 X142.38 Y141.855 E.01295
G1 X138.124 Y142.631 E.19328
G1 X135.731 Y142.631 E.10688
G1 X142.574 Y141.383 E.31071
G1 X142.621 Y141.161 E.01014
G1 X142.631 Y140.936 E.01006
G1 X133.338 Y142.631 E.42197
G1 X130.946 Y142.631 E.10688
G1 X142.631 Y140.499 E.53062
G1 X142.631 Y140.063 E.0195
G1 X128.553 Y142.631 E.63926
G1 X126.16 Y142.631 E.10688
G1 X142.631 Y139.626 E.74791
G1 X142.631 Y139.19 E.0195
G1 X123.767 Y142.631 E.85656
G1 X121.375 Y142.631 E.10688
G1 X142.631 Y138.753 E.96521
G1 X142.631 Y138.316 E.0195
G1 X118.982 Y142.631 E1.07385
G1 X116.589 Y142.631 E.10688
G1 X142.631 Y137.88 E1.1825
G1 X142.631 Y137.443 E.0195
G1 X114.196 Y142.631 E1.29115
G1 X111.804 Y142.631 E.10688
G1 X142.631 Y137.007 E1.39979
G1 X142.631 Y136.57 E.0195
G1 X109.411 Y142.631 E1.50844
G1 X107.018 Y142.631 E.10688
G1 X142.631 Y136.134 E1.61709
G1 X142.631 Y135.697 E.0195
G1 X104.625 Y142.631 E1.72573
G1 X102.233 Y142.631 E.10688
G1 X142.631 Y135.261 E1.83438
G1 X142.631 Y134.824 E.0195
G1 X99.84 Y142.631 E1.94303
G1 X97.447 Y142.631 E.10688
G1 X134.502 Y135.871 E1.68256
G1 X134.006 Y135.689 E.02362
G1 X133.753 Y135.571 E.01246
G1 X95.054 Y142.631 E1.75719
G1 X92.662 Y142.631 E.10688
G1 X133.177 Y135.239 E1.8397
G1 X132.709 Y134.888 E.02614
G1 X90.269 Y142.631 E1.92708
G1 X87.876 Y142.631 E.10688
G1 X132.32 Y134.522 E2.01807
G1 X131.994 Y134.145 E.02227
G1 X85.483 Y142.631 E2.11191
G1 X83.091 Y142.631 E.10688
G1 X131.719 Y133.759 E2.20808
G1 X131.489 Y133.364 E.02041
G1 X80.698 Y142.631 E2.30627
G1 X79.036 Y142.631 E.07424
G1 X78.839 Y142.621 E.0088
G1 X78.619 Y142.574 E.01008
G1 X131.299 Y132.963 E2.39203
G1 X131.146 Y132.554 E.01949
G1 X77.973 Y142.255 E2.41441
G1 X77.911 Y142.21 E.00345
G1 X77.683 Y141.957 E.01521
G1 X77.638 Y141.88 E.00397
G1 X131.033 Y132.138 E2.42448
G1 X130.957 Y131.715 E.01918
G1 X77.453 Y141.477 E2.42947
G1 X77.408 Y141.339 E.00649
G1 X77.379 Y141.054 E.01279
G1 X130.915 Y131.286 E2.43093
G1 X130.908 Y130.851 E.01945
G1 X77.369 Y140.619 E2.43106
G1 X77.369 Y140.183 E.0195
G1 X130.938 Y130.409 E2.43243
G1 X131.011 Y129.959 E.02035
G1 X77.369 Y139.746 E2.43573
G1 X77.369 Y139.31 E.0195
G1 X131.13 Y129.501 E2.44112
G1 X131.3 Y129.033 E.02223
G1 X77.369 Y138.873 E2.44886
G1 X77.369 Y138.437 E.0195
G1 X131.53 Y128.555 E2.45931
G1 X131.836 Y128.062 E.02589
G1 X77.369 Y138 E2.4732
G1 X77.369 Y137.563 E.0195
G1 X132.249 Y127.55 E2.49194
G1 X132.576 Y127.225 E.0206
G1 X132.84 Y127.006 E.01533
G1 X86.441 Y135.472 E2.10681
G1 X86.068 Y135.658 E.01866
G1 X85.652 Y135.821 E.01996
G1 X84.992 Y135.998 E.03051
G1 X84.534 Y136.069 E.02071
G1 X84.068 Y136.095 E.02084
G1 X83.552 Y136.076 E.02304
G1 X83.299 Y136.045 E.01142
G1 X77.369 Y137.127 E.26926
G1 X77.369 Y136.69 E.0195
G1 X82.279 Y135.794 E.22298
G1 X81.925 Y135.655 E.01699
G1 X81.584 Y135.485 E.01704
G1 X77.369 Y136.254 E.19142
G1 X77.369 Y135.817 E.0195
G1 X81.039 Y135.148 E.16665
G1 X80.595 Y134.792 E.02541
G1 X77.369 Y135.381 E.14649
G1 X77.369 Y134.944 E.0195
G1 X80.224 Y134.423 E.12966
G1 X79.913 Y134.043 E.02194
G1 X77.369 Y134.508 E.11552
G1 X77.369 Y134.071 E.0195
G1 X79.652 Y133.654 E.10366
G1 X79.435 Y133.257 E.02021
G1 X77.369 Y133.634 E.09382
G1 X77.369 Y133.198 E.0195
G1 X79.257 Y132.853 E.08573
G1 X79.114 Y132.443 E.01941
G1 X77.369 Y132.761 E.07927
G1 X77.369 Y132.325 E.0195
G1 X79.008 Y132.026 E.07444
G1 X78.94 Y131.602 E.01919
G1 X77.369 Y131.888 E.07134
G1 X77.369 Y131.452 E.0195
G1 X78.909 Y131.17 E.06996
G1 X78.914 Y130.733 E.01954
G1 X77.369 Y131.015 E.07019
G1 X77.369 Y130.578 E.0195
G1 X78.957 Y130.289 E.0721
G1 X79.039 Y129.837 E.02051
G1 X77.369 Y130.142 E.07587
G1 X77.369 Y129.705 E.0195
G1 X79.169 Y129.377 E.08176
G1 X79.353 Y128.907 E.02255
G1 X77.369 Y129.269 E.09012
G1 X77.369 Y128.832 E.0195
G1 X79.602 Y128.425 E.10142
G1 X79.935 Y127.927 E.02675
G1 X77.369 Y128.396 E.11655
G1 X77.369 Y127.959 E.0195
G1 X80.39 Y127.408 E.1372
G1 X80.624 Y127.182 E.01452
G1 X81.038 Y126.853 E.02361
G1 X77.175 Y127.558 E.17538
G1 E-1.75 F6000
;WIPE_START
G1 F2250
G1 X78.159 Y127.378 E-.75
;WIPE_END
G1 X81.953 Y127.788 Z2.64 F18000
G1 X142.825 Y134.352 Z2.64
G1 Z2.44
G1 E2.5 F6000
G1 F2250
G1 X139.117 Y135.029 E.16834
G1 X139.415 Y134.783 E.01726
G1 X139.72 Y134.482 E.01912
G1 X142.631 Y133.951 E.13221
G1 X142.631 Y133.514 E.0195
G1 X140.143 Y133.968 E.11301
G1 X140.454 Y133.475 E.02607
G1 X142.631 Y133.078 E.09886
G1 X142.631 Y132.641 E.0195
G1 X140.689 Y132.996 E.08822
G1 X140.862 Y132.527 E.0223
G1 X142.631 Y132.205 E.08035
G1 X142.631 Y131.768 E.0195
G1 X140.983 Y132.069 E.07484
G1 X141.058 Y131.619 E.02038
G1 X142.631 Y131.331 E.07145
G1 X142.631 Y130.895 E.0195
G1 X141.09 Y131.176 E.06997
G1 X141.086 Y130.74 E.01947
G1 X142.631 Y130.458 E.07017
G1 X142.631 Y130.022 E.0195
G1 X141.047 Y130.311 E.07195
G1 X140.973 Y129.888 E.01918
G1 X142.631 Y129.585 E.07529
G1 X142.631 Y129.149 E.0195
G1 X140.862 Y129.472 E.08036
G1 X140.711 Y129.062 E.01947
G1 X142.631 Y128.712 E.08719
G1 X142.631 Y128.276 E.0195
G1 X140.523 Y128.66 E.09572
G1 X140.296 Y128.265 E.02036
G1 X142.631 Y127.839 E.10604
G1 X142.631 Y127.402 E.0195
G1 X140.025 Y127.878 E.11836
G1 X139.702 Y127.5 E.02218
G1 X142.631 Y126.966 E.133
G1 X142.631 Y126.529 E.0195
G1 X139.318 Y127.134 E.15046
G1 X138.855 Y126.782 E.02599
G1 X142.631 Y126.093 E.17149
G1 X142.631 Y125.656 E.0195
G1 X138.286 Y126.449 E.19733
G1 X138.011 Y126.318 E.0136
G1 X137.553 Y126.146 E.02183
G1 X142.631 Y125.22 E.23058
G1 X142.631 Y124.783 E.0195
G1 X87.304 Y134.878 E2.51226
G1 X87.484 Y134.717 E.01079
G1 X87.846 Y134.342 E.02329
G1 X142.631 Y124.346 E2.48762
G1 X142.631 Y123.91 E.0195
G1 X88.231 Y133.835 E2.47016
G1 X88.52 Y133.346 E.02539
G1 X142.631 Y123.473 E2.45702
G1 X142.631 Y123.037 E.0195
G1 X88.737 Y132.87 E2.44717
G1 X88.896 Y132.404 E.02197
G1 X142.631 Y122.6 E2.43996
G1 X142.631 Y122.164 E.0195
G1 X89.006 Y131.948 E2.43496
G1 X89.072 Y131.499 E.02025
G1 X142.631 Y121.727 E2.43197
G1 X142.631 Y121.291 E.0195
G1 X89.096 Y131.058 E2.43089
G1 X89.08 Y130.625 E.01939
G1 X142.631 Y120.854 E2.4316
G1 X142.631 Y120.417 E.0195
G1 X89.029 Y130.197 E2.43392
G1 X88.944 Y129.776 E.01919
G1 X142.631 Y119.981 E2.43776
G1 X142.631 Y119.544 E.0195
G1 X88.825 Y129.361 E2.44317
G1 X88.667 Y128.954 E.01953
G1 X142.631 Y119.108 E2.45033
G1 X142.631 Y118.671 E.0195
G1 X88.469 Y128.553 E2.45935
G1 X88.228 Y128.161 E.02057
G1 X142.631 Y118.235 E2.47027
G1 X142.631 Y117.798 E.0195
G1 X87.942 Y127.776 E2.48326
G1 X87.603 Y127.401 E.02257
G1 X142.631 Y117.361 E2.49864
G1 X142.631 Y116.925 E.0195
G1 X87.2 Y127.038 E2.51696
G1 X86.985 Y126.869 E.01221
G1 X86.714 Y126.691 E.01451
G1 X142.631 Y116.488 E2.53901
G1 X142.631 Y116.052 E.0195
G1 X86.115 Y126.363 E2.56624
G1 X85.618 Y126.168 E.02385
G1 X85.298 Y126.076 E.01486
G1 X142.631 Y115.615 E2.6033
G1 X142.631 Y115.179 E.0195
G1 X77.369 Y127.086 E2.96337
G1 X77.369 Y126.649 E.0195
G1 X142.631 Y114.742 E2.96337
G1 X142.631 Y114.305 E.0195
G1 X119.069 Y118.605 E1.06991
G1 X119.069 Y118.168 E.0195
G1 X142.631 Y113.869 E1.06991
G1 X142.631 Y113.432 E.0195
G1 X119.069 Y117.731 E1.06991
G1 X119.069 Y117.295 E.0195
G1 X142.631 Y112.996 E1.06991
G1 X142.631 Y112.559 E.0195
G1 X119.069 Y116.858 E1.06991
G1 X119.069 Y116.422 E.0195
G1 X142.631 Y112.123 E1.06991
G1 X142.631 Y111.686 E.0195
G1 X119.069 Y115.985 E1.06991
G1 X119.069 Y115.549 E.0195
G1 X142.631 Y111.25 E1.06991
G1 X142.631 Y110.813 E.0195
G1 X119.069 Y115.112 E1.06991
G1 X119.069 Y114.676 E.0195
G1 X142.631 Y110.376 E1.06991
G1 X142.631 Y109.94 E.0195
G1 X119.069 Y114.239 E1.06991
G1 X119.069 Y113.802 E.0195
G1 X142.631 Y109.503 E1.06991
G1 X142.631 Y109.067 E.0195
G1 X119.069 Y113.366 E1.06991
G1 X119.069 Y112.929 E.0195
G1 X142.631 Y108.63 E1.06991
G1 X142.631 Y108.194 E.0195
G1 X119.069 Y112.493 E1.06991
G1 X119.069 Y112.056 E.0195
G1 X142.631 Y107.757 E1.06991
G1 X142.631 Y107.32 E.0195
G1 X119.069 Y111.62 E1.06991
G1 X119.069 Y111.183 E.0195
G1 X142.631 Y106.884 E1.06991
G1 X142.631 Y106.447 E.0195
G1 X119.069 Y110.746 E1.06991
G1 X119.069 Y110.31 E.0195
G1 X142.631 Y106.011 E1.06991
G1 X142.631 Y105.574 E.0195
G1 X119.069 Y109.873 E1.06991
G1 X119.069 Y109.437 E.0195
G1 X142.631 Y105.138 E1.06991
G1 X142.631 Y104.701 E.0195
G1 X119.069 Y109 E1.06991
G1 X119.069 Y108.564 E.0195
G1 X142.631 Y104.265 E1.06991
G1 X142.631 Y103.828 E.0195
G1 X119.069 Y108.127 E1.06991
G1 X119.069 Y107.691 E.0195
G1 X142.631 Y103.391 E1.06991
G1 X142.631 Y102.955 E.0195
G1 X119.069 Y107.254 E1.06991
G1 X119.069 Y106.817 E.0195
G1 X142.631 Y102.518 E1.06991
G1 X142.631 Y102.082 E.0195
G1 X119.069 Y106.381 E1.06991
G1 X119.069 Y105.944 E.0195
G1 X142.631 Y101.645 E1.06991
G1 X142.631 Y101.209 E.0195
G1 X119.069 Y105.508 E1.06991
G1 X119.069 Y105.071 E.0195
G1 X142.631 Y100.772 E1.06991
G1 X142.631 Y100.335 E.0195
G1 X119.069 Y104.635 E1.06991
G1 X119.069 Y104.198 E.0195
G1 X142.631 Y99.899 E1.06991
G1 X142.631 Y99.462 E.0195
G1 X119.069 Y103.761 E1.06991
G1 X119.069 Y103.325 E.0195
G1 X142.631 Y99.026 E1.06991
G1 X142.631 Y98.589 E.0195
G1 X119.069 Y102.888 E1.06991
G1 X119.069 Y102.452 E.0195
G1 X142.631 Y98.153 E1.06991
G1 X142.631 Y97.716 E.0195
G1 X119.069 Y102.015 E1.06991
G1 X119.069 Y101.579 E.0195
G1 X142.631 Y97.28 E1.06991
G1 X142.631 Y96.843 E.0195
G1 X119.069 Y101.142 E1.06991
G1 X119.069 Y100.931 E.00941
G1 X117.831 Y100.931 E.0553
G1 X142.631 Y96.406 E1.12612
G1 X142.631 Y95.97 E.0195
G1 X115.438 Y100.931 E1.23477
G1 X113.045 Y100.931 E.10688
G1 X142.631 Y95.533 E1.34342
G1 X142.631 Y95.097 E.0195
G1 X110.652 Y100.931 E1.45206
G1 X108.26 Y100.931 E.10688
G1 X142.631 Y94.66 E1.56071
G1 X142.631 Y94.224 E.0195
G1 X105.867 Y100.931 E1.66936
G1 X103.474 Y100.931 E.10688
G1 X142.825 Y93.752 E1.78678
G1 X117.585 Y118.875 F18000
G1 F2250
G1 X77.369 Y126.213 E1.82608
G1 X77.369 Y125.776 E.0195
G1 X114.133 Y119.069 E1.66933
G1 X111.74 Y119.069 E.10688
G1 X77.369 Y125.34 E1.56068
G1 X77.369 Y124.903 E.0195
G1 X109.347 Y119.069 E1.45204
G1 X106.954 Y119.069 E.10688
G1 X77.369 Y124.467 E1.34339
G1 X77.369 Y124.03 E.0195
G1 X104.562 Y119.069 E1.23474
G1 X102.169 Y119.069 E.10688
G1 X77.369 Y123.593 E1.1261
G1 X77.369 Y123.157 E.0195
G1 X100.931 Y118.858 E1.06991
G1 X100.931 Y118.421 E.0195
G1 X77.369 Y122.72 E1.06991
G1 X77.369 Y122.284 E.0195
G1 X100.931 Y117.985 E1.06991
G1 X100.931 Y117.548 E.0195
G1 X77.369 Y121.847 E1.06991
G1 X77.369 Y121.411 E.0195
G1 X100.931 Y117.112 E1.06991
G1 X100.931 Y116.675 E.0195
G1 X77.369 Y120.974 E1.06991
G1 X77.369 Y120.538 E.0195
G1 X100.931 Y116.238 E1.06991
G1 X100.931 Y115.802 E.0195
G1 X77.369 Y120.101 E1.06991
G1 X77.369 Y119.664 E.0195
G1 X100.931 Y115.365 E1.06991
G1 X100.931 Y114.929 E.0195
G1 X77.369 Y119.228 E1.06991
G1 X77.369 Y118.791 E.0195
G1 X100.931 Y114.492 E1.06991
G1 X100.931 Y114.056 E.0195
G1 X77.369 Y118.355 E1.06991
G1 X77.369 Y117.918 E.0195
G1 X100.931 Y113.619 E1.06991
G1 X100.931 Y113.183 E.0195
G1 X77.369 Y117.482 E1.06991
G1 X77.369 Y117.045 E.0195
G1 X100.931 Y112.746 E1.06991
G1 X100.931 Y112.309 E.0195
G1 X77.369 Y116.608 E1.06991
G1 X77.369 Y116.172 E.0195
G1 X100.931 Y111.873 E1.06991
G1 X100.931 Y111.436 E.0195
G1 X77.369 Y115.735 E1.06991
G1 X77.369 Y115.299 E.0195
G1 X100.931 Y111 E1.06991
G1 X100.931 Y110.563 E.0195
G1 X77.369 Y114.862 E1.06991
G1 X77.369 Y114.426 E.0195
G1 X100.931 Y110.127 E1.06991
G1 X100.931 Y109.69 E.0195
G1 X77.369 Y113.989 E1.06991
G1 X77.369 Y113.553 E.0195
G1 X100.931 Y109.253 E1.06991
G1 X100.931 Y108.817 E.0195
G1 X77.369 Y113.116 E1.06991
G1 X77.369 Y112.679 E.0195
G1 X100.931 Y108.38 E1.06991
G1 X100.931 Y107.944 E.0195
G1 X77.369 Y112.243 E1.06991
G1 X77.369 Y111.806 E.0195
G1 X100.931 Y107.507 E1.06991
G1 X100.931 Y107.071 E.0195
G1 X77.369 Y111.37 E1.06991
G1 X77.369 Y110.933 E.0195
G1 X100.931 Y106.634 E1.06991
G1 X100.931 Y106.198 E.0195
G1 X77.369 Y110.497 E1.06991
G1 X77.369 Y110.06 E.0195
G1 X100.931 Y105.761 E1.06991
G1 X100.931 Y105.324 E.0195
G1 X77.369 Y109.623 E1.06991
G1 X77.369 Y109.187 E.0195
G1 X100.931 Y104.888 E1.06991
G1 X100.931 Y104.451 E.0195
G1 X77.369 Y108.75 E1.06991
G1 X77.369 Y108.314 E.0195
G1 X100.931 Y104.015 E1.06991
G1 X100.931 Y103.578 E.0195
G1 X77.369 Y107.877 E1.06991
G1 X77.369 Y107.441 E.0195
G1 X100.931 Y103.142 E1.06991
G1 X100.931 Y102.705 E.0195
G1 X77.369 Y107.004 E1.06991
G1 X77.369 Y106.568 E.0195
G1 X100.931 Y102.268 E1.06991
G1 X100.931 Y101.832 E.0195
G1 X77.369 Y106.131 E1.06991
G1 X77.369 Y105.694 E.0195
G1 X101.125 Y101.36 E1.07868
G1 X77.175 Y105.293 F18000
G1 F2250
G1 X142.631 Y93.35 E2.97215
G1 X142.631 Y92.914 E.0195
G1 X77.369 Y104.821 E2.96337
G1 X77.369 Y104.385 E.0195
G1 X134.701 Y93.924 E2.60329
G1 X134.38 Y93.832 E.01493
G1 X133.885 Y93.637 E.02377
G1 X77.369 Y103.948 E2.56623
G1 X77.369 Y103.512 E.0195
G1 X133.286 Y93.309 E2.53901
G1 X133.015 Y93.131 E.0145
G1 X132.8 Y92.961 E.01221
G1 X77.369 Y103.075 E2.51696
G1 X77.369 Y102.638 E.0195
G1 X132.397 Y92.598 E2.49864
G1 X132.058 Y92.224 E.02257
G1 X77.369 Y102.202 E2.48325
G1 X77.369 Y101.765 E.0195
G1 X131.772 Y91.839 E2.47027
G1 X131.531 Y91.447 E.02057
G1 X77.369 Y101.329 E2.45935
G1 X77.369 Y100.892 E.0195
G1 X131.333 Y91.046 E2.45033
G1 X131.175 Y90.639 E.01953
G1 X77.369 Y100.456 E2.44316
G1 X77.369 Y100.019 E.0195
G1 X131.056 Y90.224 E2.43776
G1 X130.971 Y89.803 E.01919
G1 X77.369 Y99.583 E2.43392
G1 X77.369 Y99.146 E.0195
G1 X130.92 Y89.375 E2.4316
G1 X130.904 Y88.942 E.01939
G1 X77.369 Y98.709 E2.43089
G1 X77.369 Y98.273 E.0195
G1 X130.928 Y88.501 E2.43197
G1 X130.994 Y88.052 E.02025
G1 X77.369 Y97.836 E2.43496
G1 X77.369 Y97.4 E.0195
G1 X131.104 Y87.596 E2.43996
G1 X131.263 Y87.13 E.02197
G1 X77.369 Y96.963 E2.44717
G1 X77.369 Y96.527 E.0195
G1 X131.48 Y86.654 E2.45702
G1 X131.769 Y86.164 E.02539
G1 X77.369 Y96.09 E2.47016
G1 X77.369 Y95.653 E.0195
G1 X132.154 Y85.658 E2.48762
G1 X132.516 Y85.283 E.02328
G1 X132.697 Y85.122 E.0108
G1 X77.369 Y95.217 E2.51227
G1 X77.369 Y94.78 E.0195
G1 X82.446 Y93.854 E.23057
G1 X81.989 Y93.682 E.02182
G1 X81.714 Y93.551 E.0136
G1 X77.369 Y94.344 E.19732
G1 X77.369 Y93.907 E.0195
G1 X81.145 Y93.218 E.17148
G1 X80.682 Y92.866 E.02599
G1 X77.369 Y93.471 E.15045
G1 X77.369 Y93.034 E.0195
G1 X80.298 Y92.5 E.133
G1 X79.975 Y92.122 E.02218
G1 X77.369 Y92.598 E.11836
G1 X77.369 Y92.161 E.0195
G1 X79.704 Y91.735 E.10604
G1 X79.477 Y91.34 E.02036
G1 X77.369 Y91.724 E.09572
G1 X77.369 Y91.288 E.0195
G1 X79.289 Y90.937 E.08719
G1 X79.138 Y90.528 E.01947
G1 X77.369 Y90.851 E.08036
G1 X77.369 Y90.415 E.0195
G1 X79.027 Y90.112 E.07529
G1 X78.953 Y89.689 E.01918
G1 X77.369 Y89.978 E.07194
G1 X77.369 Y89.542 E.0195
G1 X78.914 Y89.26 E.07017
G1 X78.91 Y88.824 E.01947
G1 X77.369 Y89.105 E.06997
G1 X77.369 Y88.668 E.0195
G1 X78.942 Y88.381 E.07145
G1 X79.017 Y87.931 E.02038
G1 X77.369 Y88.232 E.07484
G1 X77.369 Y87.795 E.0195
G1 X79.138 Y87.472 E.08035
G1 X79.312 Y87.004 E.0223
G1 X77.369 Y87.359 E.08822
G1 X77.369 Y86.922 E.0195
G1 X79.546 Y86.525 E.09886
G1 X79.858 Y86.032 E.02607
G1 X77.369 Y86.486 E.11301
G1 X77.369 Y86.049 E.0195
G1 X80.28 Y85.518 E.13221
G1 X80.585 Y85.217 E.01911
G1 X80.883 Y84.971 E.01726
G1 X77.175 Y85.648 E.16835
G1 E-1.75 F6000
;WIPE_START
G1 F2250
G1 X78.159 Y85.468 E-.75
;WIPE_END
G1 X81.944 Y85.956 Z2.64 F18000
G1 X138.468 Y93.237 Z2.64
G1 Z2.44
G1 E2.5 F6000
G1 F2250
G1 X142.631 Y92.477 E.18907
G1 X142.631 Y92.041 E.0195
G1 X139.61 Y92.592 E.1372
G1 X139.807 Y92.388 E.01269
G1 X140.065 Y92.073 E.01818
G1 X142.631 Y91.604 E.11655
G1 X142.631 Y91.168 E.0195
G1 X140.398 Y91.575 E.10142
G1 X140.647 Y91.093 E.02423
G1 X142.631 Y90.731 E.09012
G1 X142.631 Y90.295 E.0195
G1 X140.831 Y90.623 E.08176
G1 X140.961 Y90.163 E.02136
G1 X142.631 Y89.858 E.07587
G1 X142.631 Y89.421 E.0195
G1 X141.043 Y89.711 E.0721
G1 X141.086 Y89.267 E.01993
G1 X142.631 Y88.985 E.07019
G1 X142.631 Y88.548 E.0195
G1 X141.091 Y88.829 E.06996
G1 X141.06 Y88.398 E.0193
G1 X142.631 Y88.112 E.07134
G1 X142.631 Y87.675 E.0195
G1 X140.992 Y87.974 E.07444
G1 X140.886 Y87.557 E.01923
G1 X142.631 Y87.239 E.07927
G1 X142.631 Y86.802 E.0195
G1 X140.743 Y87.147 E.08573
G1 X140.565 Y86.742 E.01973
G1 X142.631 Y86.365 E.09382
G1 X142.631 Y85.929 E.0195
G1 X140.348 Y86.345 E.10367
G1 X140.087 Y85.957 E.02092
G1 X142.631 Y85.492 E.11552
G1 X142.631 Y85.056 E.0195
G1 X139.776 Y85.577 E.12967
G1 X139.405 Y85.208 E.02336
G1 X142.631 Y84.619 E.1465
G1 X142.631 Y84.183 E.0195
G1 X138.961 Y84.852 E.16666
G1 X138.416 Y84.515 E.02864
G1 X142.631 Y83.746 E.19143
G1 X142.631 Y83.31 E.0195
G1 X137.313 Y84.28 E.24147
G1 X142.825 Y82.838 F18000
G1 F2250
G1 X136.701 Y83.955 E.27805
G1 X136.441 Y83.924 E.01171
G1 X135.932 Y83.905 E.02273
G1 X135.47 Y83.931 E.02066
G1 X135.008 Y84.002 E.02089
G1 X134.35 Y84.179 E.03045
G1 X133.93 Y84.343 E.02016
G1 X133.559 Y84.528 E.01851
G1 X87.16 Y92.994 E2.10682
G1 X87.424 Y92.775 E.01532
G1 X87.751 Y92.449 E.02061
G1 X142.631 Y82.436 E2.49194
G1 X142.631 Y82 E.0195
G1 X88.164 Y91.938 E2.4732
G1 X88.47 Y91.445 E.02589
G1 X142.631 Y81.563 E2.45931
G1 X142.631 Y81.127 E.0195
G1 X88.7 Y90.967 E2.44886
G1 X88.87 Y90.499 E.02223
G1 X142.631 Y80.69 E2.44112
G1 X142.631 Y80.254 E.0195
G1 X88.989 Y90.041 E2.43573
G1 X89.062 Y89.591 E.02035
G1 X142.631 Y79.817 E2.43243
G1 X142.631 Y79.38 E.0195
G1 X89.092 Y89.149 E2.43106
G1 X89.085 Y88.714 E.01945
G1 X142.627 Y78.945 E2.43117
G1 X142.621 Y78.839 E.00472
G1 X142.554 Y78.522 E.0145
G1 X89.043 Y88.285 E2.42976
G1 X88.967 Y87.862 E.01918
G1 X142.362 Y78.12 E2.4245
G1 X142.21 Y77.911 E.01155
G1 X142.026 Y77.745 E.01108
G1 X88.854 Y87.446 E2.41436
G1 X88.701 Y87.037 E.01949
G1 X141.381 Y77.426 E2.39202
G1 X141.161 Y77.379 E.01006
G1 X140.964 Y77.369 E.00879
G1 X139.302 Y77.369 E.07427
G1 X88.511 Y86.636 E2.30625
G1 X88.28 Y86.241 E.02041
G1 X136.909 Y77.369 E2.20806
G1 X134.516 Y77.369 E.10688
G1 X88.006 Y85.855 E2.11189
G1 X87.679 Y85.478 E.02227
G1 X132.123 Y77.369 E2.01805
G1 X129.731 Y77.369 E.10688
G1 X87.291 Y85.112 E1.92706
G1 X86.822 Y84.761 E.02615
G1 X127.338 Y77.369 E1.83968
G1 X124.945 Y77.369 E.10688
G1 X86.247 Y84.429 E1.75717
G1 X85.994 Y84.311 E.01245
G1 X85.498 Y84.129 E.02363
G1 X122.552 Y77.369 E1.68254
G1 X120.16 Y77.369 E.10688
G1 X77.369 Y85.176 E1.943
G1 X77.369 Y84.739 E.0195
G1 X117.767 Y77.369 E1.83435
G1 X115.374 Y77.369 E.10688
G1 X77.369 Y84.303 E1.72571
G1 X77.369 Y83.866 E.0195
G1 X112.981 Y77.369 E1.61706
G1 X110.589 Y77.369 E.10688
G1 X77.369 Y83.43 E1.50841
G1 X77.369 Y82.993 E.0195
G1 X108.196 Y77.369 E1.39977
G1 X105.803 Y77.369 E.10688
G1 X77.369 Y82.557 E1.29112
G1 X77.369 Y82.12 E.0195
G1 X103.41 Y77.369 E1.18247
G1 X101.018 Y77.369 E.10688
G1 X77.369 Y81.683 E1.07383
G1 X77.369 Y81.247 E.0195
G1 X98.625 Y77.369 E.96518
G1 X96.232 Y77.369 E.10688
G1 X77.369 Y80.81 E.85653
G1 X77.369 Y80.374 E.0195
G1 X93.839 Y77.369 E.74789
G1 X91.447 Y77.369 E.10688
G1 X77.369 Y79.937 E.63924
G1 X77.369 Y79.501 E.0195
G1 X89.054 Y77.369 E.53059
G1 X86.661 Y77.369 E.10688
G1 X77.369 Y79.064 E.42194
G1 X77.379 Y78.839 E.01006
G1 X77.426 Y78.617 E.01014
G1 X84.268 Y77.369 E.31069
G1 X81.876 Y77.369 E.10688
G1 X77.62 Y78.145 E.19325
G1 X77.79 Y77.911 E.01294
G1 X78.043 Y77.683 E.01521
G1 X78.174 Y77.608 E.00673
G1 X80.542 Y77.175 E.10755
G1 X88.686 Y87.716 F18000
M204 P1000
;TYPE:Top surface
;WIDTH:0.433462
;HEIGHT:0.2
G1 F1800
M106 S102
G1 X88.686 Y89.177 E.04504
G1 X88.664 Y89.518 E.01055
G1 X88.592 Y89.971 E.01415
G1 X88.49 Y90.361 E.01243
G1 X88.296 Y90.89 E.01737
G1 X88.296 Y87.11 E.11658
G1 X88.078 Y86.678 E.01494
G1 X87.905 Y86.404 E.01
G1 X87.905 Y91.596 E.16018
G1 X87.777 Y91.786 E.00707
G1 X87.515 Y92.109 E.01285
G1 X87.515 Y85.891 E.19186
G1 X87.124 Y85.498 E.01708
G1 X87.124 Y92.502 E.21608
G1 X86.734 Y92.815 E.01543
G1 X86.734 Y90.332 E.0766
G1 X86.908 Y89.908 E.01414
G1 X87.033 Y89.319 E.01857
G1 X87.033 Y88.681 E.01966
G1 X86.908 Y88.092 E.01857
G1 X86.734 Y87.668 E.01414
G1 X86.734 Y85.185 E.0766
G1 X86.343 Y84.934 E.01434
G1 X86.343 Y87.069 E.06589
G1 X86.041 Y86.733 E.01394
G1 X85.953 Y86.669 E.00336
G1 X85.953 Y84.733 E.05974
G1 X85.562 Y84.577 E.01297
G1 X85.562 Y86.386 E.05581
G1 X85.172 Y86.201 E.01332
G1 X85.172 Y84.459 E.05374
G1 X84.781 Y84.376 E.01232
G1 X84.781 Y86.065 E.05211
G1 X84.39 Y85.982 E.01232
G1 X84.39 Y84.325 E.05113
G1 X84 Y84.308 E.01206
G1 X84 Y85.966 E.05117
G1 X83.733 Y85.966 E.00823
G1 X83.609 Y85.985 E.00386
G1 X83.609 Y84.325 E.05121
G1 X83.219 Y84.376 E.01215
G1 X83.219 Y86.065 E.05209
G1 X82.828 Y86.191 E.01267
G1 X82.828 Y84.459 E.05343
G1 X82.554 Y84.535 E.00877
G1 X82.438 Y84.577 E.00382
G1 X82.438 Y86.399 E.05623
G1 X82.207 Y86.533 E.00822
G1 X82.047 Y86.677 E.00664
G1 X82.047 Y84.733 E.05996
G1 X81.657 Y84.934 E.01355
G1 X81.657 Y87.354 E.07466
G1 E-1.75 F6000
;WIPE_START
G1 F1800
G1 X81.657 Y86.354 E-.75
;WIPE_END
G1 X81.955 Y86.685 Z2.64 F18000
G1 X86.078 Y86.692
G1 X86.819 Y90.295
G1 X86.538 Y90.781
G1 X86.343 Y90.669
G1 Z2.44
G1 E2.5 F6000
G1 F1800
G1 X86.343 Y93.066 E.07398
G1 X85.953 Y93.267 E.01355
G1 X85.953 Y91.331 E.05974
G1 X85.562 Y91.614 E.01489
G1 X85.562 Y93.423 E.05581
G1 X85.44 Y93.467 E.004
G1 X85.172 Y93.541 E.00859
G1 X85.172 Y91.799 E.05374
G1 X84.942 Y91.901 E.00774
G1 X84.781 Y91.935 E.00509
G1 X84.781 Y93.624 E.05211
G1 X84.39 Y93.675 E.01215
G1 X84.39 Y92.018 E.05113
G1 X84.319 Y92.033 E.00227
G1 X84 Y92.033 E.00983
G1 X84 Y93.693 E.05121
G1 X83.609 Y93.675 E.01206
G1 X83.609 Y92.018 E.05113
G1 X83.219 Y91.935 E.01232
G1 X83.219 Y93.624 E.05211
G1 X82.828 Y93.541 E.01232
G1 X82.828 Y91.807 E.05349
G1 X82.729 Y91.769 E.00329
G1 X82.438 Y91.601 E.01037
G1 X82.438 Y93.423 E.05623
G1 X82.047 Y93.267 E.01298
G1 X82.047 Y91.323 E.05997
G1 X81.733 Y91.041 E.01303
G1 X81.657 Y90.935 E.00403
G1 X81.657 Y93.066 E.06575
G1 X81.266 Y92.814 E.01434
G1 X81.266 Y90.317 E.07704
G1 X81.099 Y89.942 E.01265
G1 X80.967 Y89.319 E.01967
G1 X80.967 Y88.681 E.01966
G1 X81.099 Y88.058 E.01967
G1 X81.266 Y87.683 E.01265
G1 X81.266 Y85.186 E.07704
G1 X80.876 Y85.498 E.01543
G1 X80.876 Y92.502 E.21607
G1 X80.485 Y92.109 E.01708
G1 X80.485 Y85.891 E.19185
G1 X80.223 Y86.214 E.01284
G1 X80.095 Y86.404 E.00708
G1 X80.095 Y91.596 E.16017
G1 X79.922 Y91.322 E.01
G1 X79.704 Y90.889 E.01494
G1 X79.704 Y87.111 E.11657
G1 X79.51 Y87.639 E.01737
G1 X79.408 Y88.029 E.01243
G1 X79.336 Y88.482 E.01415
G1 X79.313 Y88.825 E.01062
G1 X79.313 Y90.283 E.04497
G1 X79.49 Y90.811 F18000
M204 P2000
;TYPE:Gap infill
;WIDTH:0.108062
G1 F6000
G1 X79.468 Y90.693 E.00062
;WIDTH:0.147853
G1 X79.446 Y90.574 E.001
;WIDTH:0.181246
G1 X79.433 Y90.496 E.00087
;WIDTH:0.20998
G1 X79.403 Y90.283 E.00283
G1 X81.858 Y93.364 F18000
;WIDTH:0.0949324
G1 F6000
G1 X81.749 Y93.239 E.00068
G1 X83.51 Y93.858 F18000
;WIDTH:0.114849
G1 F6000
G1 X83.346 Y93.772 E.00105
G1 X84.897 Y93.797 F18000
;WIDTH:0.134299
G1 F6000
G1 X85.014 Y93.726 E.00099
G1 X84.993 Y93.65 E.00057
G1 X86.648 Y92.99 F18000
;WIDTH:0.0946149
G1 F6000
G1 X86.56 Y93.126 E.00066
G1 X86.533 Y93.132 E.00011
G1 X86.418 Y92.955 F18000
G1 X86.663 Y92.796
G1 X86.681 Y92.784
G1 X86.707 Y92.765
G1 X86.73 Y92.749
G1 X86.754 Y92.731
G1 X86.78 Y92.711
G1 X86.797 Y92.697
G1 X87.045 Y92.497
G1 X87.061 Y92.483
G1 X87.086 Y92.462
G1 X87.107 Y92.443
G1 X87.129 Y92.422
G1 X87.153 Y92.4
G1 X87.169 Y92.384
G1 X87.393 Y92.159
G1 X87.409 Y92.143
G1 X87.431 Y92.12
G1 X87.45 Y92.099
G1 X87.47 Y92.076
G1 X87.491 Y92.051
G1 X87.505 Y92.035
G1 X87.705 Y91.787
G1 X87.719 Y91.77
G1 X87.738 Y91.745
G1 X87.755 Y91.722
G1 X87.772 Y91.697
G1 X87.79 Y91.671
G1 X87.803 Y91.652
G1 X87.976 Y91.385
G1 X87.988 Y91.367
G1 X88.005 Y91.339
G1 X88.019 Y91.315
G1 X88.034 Y91.288
G1 X88.049 Y91.26
G1 X88.059 Y91.24
G1 X88.204 Y90.956
G1 X88.213 Y90.936
G1 X88.227 Y90.907
G1 X88.239 Y90.882
G1 X88.251 Y90.854
G1 X88.263 Y90.824
G1 X88.271 Y90.804
G1 X88.385 Y90.506
G1 X88.393 Y90.486
G1 X88.403 Y90.455
G1 X88.412 Y90.428
G1 X88.421 Y90.399
G1 X88.431 Y90.368
G1 X88.436 Y90.346
G1 X88.518 Y90.04
G1 X88.524 Y90.018
G1 X88.533 Y89.978
G1 X88.539 Y89.952
G1 X88.543 Y89.93
G1 X88.549 Y89.898
G1 X88.553 Y89.876
G1 X88.602 Y89.562
G1 X88.606 Y89.54
G1 X88.61 Y89.508
G1 X88.613 Y89.479
G1 X88.616 Y89.449
G1 X88.618 Y89.417
G1 X88.619 Y89.395
G1 X88.636 Y89.077
G1 X88.637 Y89.055
G1 X88.637 Y89.023
G1 X88.638 Y88.995
G1 X88.637 Y88.965
G1 X88.636 Y88.932
G1 X88.635 Y88.91
G1 X88.619 Y88.593
G1 X88.617 Y88.571
G1 X88.614 Y88.538
G1 X88.612 Y88.51
G1 X88.608 Y88.479
G1 X88.604 Y88.448
G1 X88.6 Y88.426
G1 X88.551 Y88.111
G1 X88.547 Y88.089
G1 X88.541 Y88.058
G1 X88.535 Y88.031
G1 X88.528 Y88.001
G1 X88.521 Y87.969
G1 X88.515 Y87.949
G1 X88.433 Y87.641
G1 X88.427 Y87.62
G1 X88.418 Y87.589
G1 X88.409 Y87.562
G1 X88.399 Y87.533
G1 X88.388 Y87.503
G1 X88.381 Y87.482
G1 X88.267 Y87.185
G1 X88.258 Y87.165
G1 X88.246 Y87.135
G1 X88.235 Y87.109
G1 X88.222 Y87.081
G1 X88.208 Y87.052
G1 X88.198 Y87.033
G1 X88.054 Y86.749
G1 X88.043 Y86.729
G1 X88.028 Y86.701
G1 X88.014 Y86.677
G1 X87.998 Y86.65
G1 X87.981 Y86.623
G1 X87.969 Y86.604
G1 X87.796 Y86.337
G1 X87.784 Y86.319
G1 X87.765 Y86.293
G1 X87.749 Y86.27
G1 X87.731 Y86.246
G1 X87.711 Y86.22
G1 X87.697 Y86.203
G1 X87.497 Y85.956
G1 X87.483 Y85.939
G1 X87.462 Y85.914
G1 X87.443 Y85.893
G1 X87.422 Y85.871
G1 X87.4 Y85.847
G1 X87.385 Y85.832
G1 X87.159 Y85.607
G1 X87.144 Y85.591
G1 X87.12 Y85.569
G1 X87.099 Y85.55
G1 X87.076 Y85.53
G1 X87.052 Y85.509
G1 X87.035 Y85.495
G1 X86.787 Y85.295
G1 X86.77 Y85.281
G1 X86.745 Y85.262
G1 X86.722 Y85.245
G1 X86.697 Y85.228
G1 X86.67 Y85.209
G1 X86.652 Y85.197
G1 X86.385 Y85.024
G1 X86.367 Y85.013
G1 X86.339 Y84.996
G1 X86.315 Y84.981
G1 X86.288 Y84.967
G1 X86.26 Y84.951
G1 X86.24 Y84.941
G1 X85.956 Y84.796
G1 X85.936 Y84.787
G1 X85.908 Y84.773
G1 X85.882 Y84.761
G1 X85.854 Y84.749
G1 X85.824 Y84.737
G1 X85.804 Y84.729
G1 X85.506 Y84.615
G1 X85.486 Y84.607
G1 X85.455 Y84.597
G1 X85.428 Y84.588
G1 X85.399 Y84.579
G1 X85.368 Y84.57
G1 X85.346 Y84.564
G1 X85.039 Y84.481
G1 X85.018 Y84.476
G1 X84.987 Y84.469
G1 X84.96 Y84.463
G1 X84.93 Y84.457
G1 X84.898 Y84.451
G1 X84.876 Y84.447
G1 X84.561 Y84.397
G1 X84.538 Y84.394
G1 X84.504 Y84.39
G1 X84.474 Y84.387
G1 X84.442 Y84.384
G1 X84.408 Y84.381
G1 X84.385 Y84.38
G1 X84.051 Y84.365
G1 X84.011 Y84.364
G1 X83.976 Y84.363
G1 X83.945 Y84.364
G1 X83.914 Y84.365
G1 X83.893 Y84.366
G1 X83.593 Y84.381
G1 X83.571 Y84.383
G1 X83.539 Y84.386
G1 X83.511 Y84.388
G1 X83.48 Y84.392
G1 X83.448 Y84.396
G1 X83.426 Y84.4
G1 X83.111 Y84.449
G1 X83.09 Y84.453
G1 X83.058 Y84.459
G1 X83.03 Y84.465
G1 X83.001 Y84.472
G1 X82.97 Y84.479
G1 X82.948 Y84.485
G1 X82.641 Y84.567
G1 X82.62 Y84.573
G1 X82.589 Y84.582
G1 X82.562 Y84.591
G1 X82.533 Y84.601
G1 X82.502 Y84.612
G1 X82.482 Y84.619
G1 X82.185 Y84.733
G1 X82.165 Y84.742
G1 X82.135 Y84.754
G1 X82.109 Y84.765
G1 X82.081 Y84.778
G1 X82.053 Y84.792
G1 X82.033 Y84.802
G1 X81.749 Y84.946
G1 X81.73 Y84.957
G1 X81.701 Y84.972
G1 X81.677 Y84.986
G1 X81.65 Y85.002
G1 X81.623 Y85.019
G1 X81.604 Y85.031
G1 X81.582 Y85.045
G1 X81.467 Y84.868
;WIDTH:0.0870718
G1 F6000
G1 X81.44 Y84.874 E.0001
G1 X81.352 Y85.01 E.00056
G1 X83.103 Y84.203 F18000
;WIDTH:0.134786
G1 F6000
G1 X82.986 Y84.274 E.00099
G1 X83.007 Y84.35 E.00058
G1 X86.251 Y84.761 F18000
;WIDTH:0.10856
G1 F6000
G1 X86.142 Y84.635 E.00086
G1 X88.597 Y87.716 F18000
;WIDTH:0.218978
G1 F6000
G1 X88.574 Y87.551 E.00232
;WIDTH:0.186588
G1 X88.552 Y87.415 E.00156
;WIDTH:0.145032
G1 X88.531 Y87.302 E.00093
;WIDTH:0.126078
G1 X88.51 Y87.189 E.00076
G1 X88.686 Y129.716 F18000
M204 P1000
;TYPE:Top surface
;WIDTH:0.433462
G1 F1800
G1 X88.686 Y131.177 E.04504
G1 X88.664 Y131.518 E.01055
G1 X88.592 Y131.971 E.01415
G1 X88.49 Y132.361 E.01243
G1 X88.296 Y132.89 E.01737
G1 X88.296 Y129.11 E.11658
G1 X88.078 Y128.678 E.01494
G1 X87.905 Y128.404 E.01
G1 X87.905 Y133.596 E.16018
G1 X87.777 Y133.786 E.00707
G1 X87.515 Y134.109 E.01285
G1 X87.515 Y127.891 E.19186
G1 X87.124 Y127.498 E.01708
G1 X87.124 Y134.502 E.21608
G1 X86.734 Y134.815 E.01543
G1 X86.734 Y132.332 E.0766
G1 X86.908 Y131.908 E.01414
G1 X87.033 Y131.319 E.01857
G1 X87.033 Y130.681 E.01966
G1 X86.908 Y130.092 E.01857
G1 X86.734 Y129.668 E.01414
G1 X86.734 Y127.185 E.0766
G1 X86.343 Y126.934 E.01434
G1 X86.343 Y129.069 E.06589
G1 X86.041 Y128.733 E.01394
G1 X85.953 Y128.669 E.00336
G1 X85.953 Y126.733 E.05974
G1 X85.562 Y126.577 E.01297
G1 X85.562 Y128.386 E.05581
G1 X85.172 Y128.201 E.01332
G1 X85.172 Y126.459 E.05374
G1 X84.781 Y126.376 E.01232
G1 X84.781 Y128.065 E.05211
G1 X84.39 Y127.982 E.01232
G1 X84.39 Y126.325 E.05113
G1 X84 Y126.308 E.01206
G1 X84 Y127.966 E.05117
G1 X83.733 Y127.966 E.00823
G1 X83.609 Y127.985 E.00386
G1 X83.609 Y126.325 E.05121
G1 X83.219 Y126.376 E.01215
G1 X83.219 Y128.065 E.05209
G1 X82.828 Y128.191 E.01267
G1 X82.828 Y126.459 E.05343
G1 X82.554 Y126.535 E.00877
G1 X82.438 Y126.577 E.00382
G1 X82.438 Y128.399 E.05623
G1 X82.207 Y128.533 E.00822
G1 X82.047 Y128.677 E.00664
G1 X82.047 Y126.733 E.05996
G1 X81.657 Y126.934 E.01355
G1 X81.657 Y129.354 E.07466
G1 E-1.75 F6000
;WIPE_START
G1 F1800
G1 X81.657 Y128.354 E-.75
;WIPE_END
G1 X81.955 Y128.685 Z2.64 F18000
G1 X86.078 Y128.692
G1 X86.819 Y132.295
G1 X86.538 Y132.781
G1 X86.343 Y132.669
G1 Z2.44
G1 E2.5 F6000
G1 F1800
G1 X86.343 Y135.066 E.07398
G1 X85.953 Y135.267 E.01355
G1 X85.953 Y133.331 E.05974
G1 X85.562 Y133.614 E.01489
G1 X85.562 Y135.423 E.05581
G1 X85.44 Y135.467 E.004
G1 X85.172 Y135.541 E.00859
G1 X85.172 Y133.799 E.05374
G1 X84.942 Y133.901 E.00774
G1 X84.781 Y133.935 E.00509
G1 X84.781 Y135.624 E.05211
G1 X84.39 Y135.675 E.01215
G1 X84.39 Y134.018 E.05113
G1 X84.319 Y134.033 E.00227
G1 X84 Y134.033 E.00983
G1 X84 Y135.693 E.05121
G1 X83.609 Y135.675 E.01206
G1 X83.609 Y134.018 E.05113
G1 X83.219 Y133.935 E.01232
G1 X83.219 Y135.624 E.05211
G1 X82.828 Y135.541 E.01232
G1 X82.828 Y133.807 E.05349
G1 X82.729 Y133.769 E.00329
G1 X82.438 Y133.601 E.01037
G1 X82.438 Y135.423 E.05623
G1 X82.047 Y135.267 E.01298
G1 X82.047 Y133.323 E.05997
G1 X81.733 Y133.041 E.01303
G1 X81.657 Y132.935 E.00403
G1 X81.657 Y135.066 E.06575
G1 X81.266 Y134.814 E.01434
G1 X81.266 Y132.317 E.07704
G1 X81.099 Y131.942 E.01265
G1 X80.967 Y131.319 E.01967
G1 X80.967 Y130.681 E.01966
G1 X81.099 Y130.058 E.01967
G1 X81.266 Y129.683 E.01265
G1 X81.266 Y127.186 E.07704
G1 X80.876 Y127.498 E.01543
G1 X80.876 Y134.502 E.21607
G1 X80.485 Y134.109 E.01708
G1 X80.485 Y127.891 E.19185
G1 X80.223 Y128.214 E.01284
G1 X80.095 Y128.404 E.00708
G1 X80.095 Y133.596 E.16017
G1 X79.922 Y133.322 E.01
G1 X79.704 Y132.889 E.01494
G1 X79.704 Y129.111 E.11657
G1 X79.51 Y129.639 E.01737
G1 X79.408 Y130.029 E.01243
G1 X79.336 Y130.482 E.01415
G1 X79.313 Y130.825 E.01062
G1 X79.313 Y132.283 E.04497
G1 X79.49 Y132.811 F18000
M204 P2000
;TYPE:Gap infill
;WIDTH:0.108062
G1 F6000
G1 X79.468 Y132.693 E.00062
;WIDTH:0.147853
G1 X79.446 Y132.574 E.001
;WIDTH:0.181246
G1 X79.433 Y132.496 E.00087
;WIDTH:0.20998
G1 X79.403 Y132.283 E.00283
G1 X81.858 Y135.364 F18000
;WIDTH:0.0949347
G1 F6000
G1 X81.749 Y135.239 E.00068
G1 X83.51 Y135.858 F18000
;WIDTH:0.114851
G1 F6000
G1 X83.346 Y135.772 E.00105
G1 X84.897 Y135.797 F18000
;WIDTH:0.134307
G1 F6000
G1 X85.014 Y135.726 E.00099
G1 X84.993 Y135.65 E.00057
G1 X86.648 Y134.99 F18000
;WIDTH:0.0946119
G1 F6000
G1 X86.56 Y135.126 E.00066
G1 X86.533 Y135.132 E.00011
G1 X86.418 Y134.955 F18000
G1 X86.663 Y134.796
G1 X86.681 Y134.784
G1 X86.707 Y134.765
G1 X86.73 Y134.749
G1 X86.754 Y134.731
G1 X86.78 Y134.711
G1 X86.797 Y134.697
G1 X87.045 Y134.497
G1 X87.061 Y134.483
G1 X87.086 Y134.462
G1 X87.107 Y134.443
G1 X87.129 Y134.422
G1 X87.153 Y134.4
G1 X87.169 Y134.384
G1 X87.393 Y134.159
G1 X87.409 Y134.143
G1 X87.431 Y134.12
G1 X87.45 Y134.099
G1 X87.47 Y134.076
G1 X87.491 Y134.051
G1 X87.505 Y134.035
G1 X87.705 Y133.787
G1 X87.719 Y133.77
G1 X87.738 Y133.745
G1 X87.755 Y133.722
G1 X87.772 Y133.697
G1 X87.79 Y133.671
G1 X87.803 Y133.652
G1 X87.976 Y133.385
G1 X87.988 Y133.367
G1 X88.005 Y133.339
G1 X88.019 Y133.315
G1 X88.034 Y133.288
G1 X88.049 Y133.26
G1 X88.059 Y133.24
G1 X88.204 Y132.956
G1 X88.213 Y132.936
G1 X88.227 Y132.907
G1 X88.239 Y132.882
G1 X88.251 Y132.854
G1 X88.263 Y132.824
G1 X88.271 Y132.804
G1 X88.385 Y132.506
G1 X88.393 Y132.486
G1 X88.403 Y132.455
G1 X88.412 Y132.428
G1 X88.421 Y132.399
G1 X88.431 Y132.368
G1 X88.436 Y132.346
G1 X88.518 Y132.04
G1 X88.524 Y132.018
G1 X88.533 Y131.978
G1 X88.539 Y131.952
G1 X88.543 Y131.93
G1 X88.549 Y131.898
G1 X88.553 Y131.876
G1 X88.602 Y131.562
G1 X88.606 Y131.54
G1 X88.61 Y131.508
G1 X88.613 Y131.479
G1 X88.616 Y131.449
G1 X88.618 Y131.417
G1 X88.619 Y131.395
G1 X88.636 Y131.077
G1 X88.637 Y131.055
G1 X88.637 Y131.023
G1 X88.638 Y130.995
G1 X88.637 Y130.965
G1 X88.636 Y130.932
G1 X88.635 Y130.91
G1 X88.619 Y130.593
G1 X88.617 Y130.571
G1 X88.614 Y130.538
G1 X88.612 Y130.51
G1 X88.608 Y130.479
G1 X88.604 Y130.448
G1 X88.6 Y130.426
G1 X88.551 Y130.111
G1 X88.547 Y130.089
G1 X88.541 Y130.058
G1 X88.535 Y130.031
G1 X88.528 Y130.001
G1 X88.521 Y129.969
G1 X88.515 Y129.949
G1 X88.433 Y129.641
G1 X88.427 Y129.62
G1 X88.418 Y129.589
G1 X88.409 Y129.562
G1 X88.399 Y129.533
G1 X88.388 Y129.503
G1 X88.381 Y129.482
G1 X88.267 Y129.185
G1 X88.258 Y129.165
G1 X88.246 Y129.135
G1 X88.235 Y129.109
G1 X88.222 Y129.081
G1 X88.208 Y129.052
G1 X88.198 Y129.033
G1 X88.054 Y128.749
G1 X88.043 Y128.729
G1 X88.028 Y128.701
G1 X88.014 Y128.677
G1 X87.998 Y128.65
G1 X87.981 Y128.623
G1 X87.969 Y128.604
G1 X87.796 Y128.337
G1 X87.784 Y128.319
G1 X87.765 Y128.293
G1 X87.749 Y128.27
G1 X87.731 Y128.246
G1 X87.711 Y128.22
G1 X87.697 Y128.203
G1 X87.497 Y127.956
G1 X87.483 Y127.939
G1 X87.462 Y127.914
G1 X87.443 Y127.893
G1 X87.422 Y127.871
G1 X87.4 Y127.847
G1 X87.385 Y127.832
G1 X87.159 Y127.607
G1 X87.144 Y127.591
G1 X87.12 Y127.569
G1 X87.099 Y127.55
G1 X87.076 Y127.53
G1 X87.052 Y127.509
G1 X87.035 Y127.495
G1 X86.787 Y127.295
G1 X86.77 Y127.281
G1 X86.745 Y127.262
G1 X86.722 Y127.245
G1 X86.697 Y127.228
G1 X86.67 Y127.209
G1 X86.652 Y127.197
G1 X86.385 Y127.024
G1 X86.367 Y127.013
G1 X86.339 Y126.996
G1 X86.315 Y126.981
G1 X86.288 Y126.967
G1 X86.26 Y126.951
G1 X86.24 Y126.941
G1 X85.956 Y126.796
G1 X85.936 Y126.787
G1 X85.908 Y126.773
G1 X85.882 Y126.761
G1 X85.854 Y126.749
G1 X85.824 Y126.737
G1 X85.804 Y126.729
G1 X85.506 Y126.615
G1 X85.486 Y126.607
G1 X85.455 Y126.597
G1 X85.428 Y126.588
G1 X85.399 Y126.579
G1 X85.368 Y126.57
G1 X85.346 Y126.564
G1 X85.039 Y126.481
G1 X85.018 Y126.476
G1 X84.987 Y126.469
G1 X84.96 Y126.463
G1 X84.93 Y126.457
G1 X84.898 Y126.451
G1 X84.876 Y126.447
G1 X84.561 Y126.397
G1 X84.538 Y126.394
G1 X84.504 Y126.39
G1 X84.474 Y126.387
G1 X84.442 Y126.384
G1 X84.408 Y126.381
G1 X84.385 Y126.38
G1 X84.051 Y126.365
G1 X84.011 Y126.364
G1 X83.976 Y126.363
G1 X83.945 Y126.364
G1 X83.914 Y126.365
G1 X83.893 Y126.366
G1 X83.593 Y126.381
G1 X83.571 Y126.383
G1 X83.539 Y126.386
G1 X83.511 Y126.388
G1 X83.48 Y126.392
G1 X83.448 Y126.396
G1 X83.426 Y126.4
G1 X83.111 Y126.449
G1 X83.09 Y126.453
G1 X83.058 Y126.459
G1 X83.03 Y126.465
G1 X83.001 Y126.472
G1 X82.97 Y126.479
G1 X82.948 Y126.485
G1 X82.641 Y126.567
G1 X82.62 Y126.573
G1 X82.589 Y126.582
G1 X82.562 Y126.591
G1 X82.533 Y126.601
G1 X82.502 Y126.612
G1 X82.482 Y126.619
G1 X82.185 Y126.733
G1 X82.165 Y126.742
G1 X82.135 Y126.754
G1 X82.109 Y126.765
G1 X82.081 Y126.778
G1 X82.053 Y126.792
G1 X82.033 Y126.802
G1 X81.749 Y126.946
G1 X81.73 Y126.957
G1 X81.701 Y126.972
G1 X81.677 Y126.986
G1 X81.65 Y127.002
G1 X81.623 Y127.019
G1 X81.604 Y127.031
G1 X81.582 Y127.045
G1 X81.467 Y126.868
;WIDTH:0.0870731
G1 F6000
G1 X81.44 Y126.874 E.0001
G1 X81.352 Y127.01 E.00056
G1 X83.103 Y126.203 F18000
;WIDTH:0.134788
G1 F6000
G1 X82.986 Y126.274 E.00099
G1 X83.007 Y126.35 E.00058
G1 X86.251 Y126.761 F18000
;WIDTH:0.108563
G1 F6000
G1 X86.142 Y126.635 E.00086
G1 X88.597 Y129.716 F18000
;WIDTH:0.218978
G1 F6000
G1 X88.574 Y129.551 E.00232
;WIDTH:0.186588
G1 X88.552 Y129.415 E.00156
;WIDTH:0.145032
G1 X88.531 Y129.302 E.00093
;WIDTH:0.126078
G1 X88.51 Y129.189 E.00076
G1 X88.299 Y129.27 F18000
G1 X101.689 Y101.689
G1 X136.999 Y93.528
G1 X137.03 Y93.521
G1 X137.051 Y93.515
G1 X137.359 Y93.433
G1 X137.38 Y93.427
G1 X137.411 Y93.418
G1 X137.438 Y93.409
G1 X137.467 Y93.399
G1 X137.497 Y93.388
G1 X137.518 Y93.381
G1 X137.815 Y93.267
G1 X137.836 Y93.258
G1 X137.865 Y93.246
G1 X137.891 Y93.235
G1 X137.919 Y93.222
G1 X137.947 Y93.208
G1 X137.967 Y93.198
G1 X138.251 Y93.054
G1 X138.27 Y93.043
G1 X138.299 Y93.028
G1 X138.324 Y93.014
G1 X138.35 Y92.998
G1 X138.377 Y92.981
G1 X138.396 Y92.969
G1 X138.663 Y92.796
G1 X138.681 Y92.784
G1 X138.707 Y92.765
G1 X138.73 Y92.749
G1 X138.754 Y92.731
G1 X138.78 Y92.711
G1 X138.797 Y92.697
G1 X139.045 Y92.497
G1 X139.061 Y92.483
G1 X139.086 Y92.462
G1 X139.107 Y92.443
G1 X139.129 Y92.422
G1 X139.153 Y92.4
G1 X139.169 Y92.384
G1 X139.393 Y92.159
G1 X139.409 Y92.143
G1 X139.431 Y92.12
G1 X139.45 Y92.099
G1 X139.47 Y92.076
G1 X139.491 Y92.051
G1 X139.505 Y92.035
G1 X139.705 Y91.787
G1 X139.719 Y91.77
G1 X139.738 Y91.745
G1 X139.755 Y91.722
G1 X139.772 Y91.697
G1 X139.79 Y91.671
G1 X139.803 Y91.652
G1 X139.976 Y91.385
G1 X139.988 Y91.367
G1 X140.005 Y91.339
G1 X140.019 Y91.315
G1 X140.034 Y91.288
G1 X140.049 Y91.26
G1 X140.059 Y91.24
G1 X140.204 Y90.956
G1 X140.213 Y90.936
G1 X140.227 Y90.907
G1 X140.239 Y90.882
G1 X140.251 Y90.854
G1 X140.263 Y90.824
G1 X140.271 Y90.804
G1 X140.385 Y90.506
G1 X140.393 Y90.486
G1 X140.403 Y90.455
G1 X140.412 Y90.428
G1 X140.421 Y90.399
G1 X140.431 Y90.368
G1 X140.436 Y90.346
G1 X140.518 Y90.04
G1 X140.524 Y90.018
G1 X140.533 Y89.978
G1 X140.539 Y89.952
G1 X140.543 Y89.93
G1 X140.549 Y89.898
G1 X140.553 Y89.876
G1 X140.602 Y89.562
G1 X140.606 Y89.54
G1 X140.61 Y89.508
G1 X140.613 Y89.479
G1 X140.616 Y89.449
G1 X140.618 Y89.417
G1 X140.619 Y89.395
G1 X140.636 Y89.077
G1 X140.637 Y89.055
G1 X140.637 Y89.023
G1 X140.638 Y88.995
G1 X140.637 Y88.965
G1 X140.636 Y88.932
G1 X140.635 Y88.91
G1 X140.619 Y88.593
G1 X140.617 Y88.571
G1 X140.614 Y88.538
G1 X140.612 Y88.51
G1 X140.608 Y88.479
G1 X140.604 Y88.448
G1 X140.6 Y88.426
G1 X140.551 Y88.111
G1 X140.547 Y88.089
G1 X140.541 Y88.058
G1 X140.535 Y88.031
G1 X140.528 Y88.001
G1 X140.521 Y87.969
G1 X140.515 Y87.949
G1 X140.469 Y87.775
G1 X140.686 Y87.716
M204 P1000
;TYPE:Top surface
;WIDTH:0.433462
G1 F1800
G1 X140.686 Y89.177 E.04504
G1 X140.664 Y89.518 E.01055
G1 X140.592 Y89.971 E.01415
G1 X140.49 Y90.361 E.01243
G1 X140.296 Y90.89 E.01737
G1 X140.296 Y87.11 E.11658
G1 X140.078 Y86.678 E.01494
G1 X139.905 Y86.404 E.01
G1 X139.905 Y91.596 E.16018
G1 X139.777 Y91.786 E.00707
G1 X139.515 Y92.109 E.01285
G1 X139.515 Y85.891 E.19186
G1 X139.124 Y85.498 E.01708
G1 X139.124 Y92.502 E.21608
G1 X138.734 Y92.815 E.01543
G1 X138.734 Y90.332 E.0766
G1 X138.908 Y89.908 E.01414
G1 X139.033 Y89.319 E.01857
G1 X139.033 Y88.681 E.01966
G1 X138.908 Y88.092 E.01857
G1 X138.734 Y87.668 E.01414
G1 X138.734 Y85.185 E.0766
G1 X138.343 Y84.934 E.01434
G1 X138.343 Y87.069 E.06589
G1 X138.041 Y86.733 E.01394
G1 X137.953 Y86.669 E.00336
G1 X137.953 Y84.733 E.05974
G1 X137.562 Y84.577 E.01297
G1 X137.562 Y86.386 E.05581
G1 X137.172 Y86.201 E.01332
G1 X137.172 Y84.459 E.05374
G1 X136.781 Y84.376 E.01232
G1 X136.781 Y86.065 E.05211
G1 X136.39 Y85.982 E.01232
G1 X136.39 Y84.325 E.05113
G1 X136 Y84.308 E.01206
G1 X136 Y85.966 E.05117
G1 X135.733 Y85.966 E.00823
G1 X135.609 Y85.985 E.00386
G1 X135.609 Y84.325 E.05121
G1 X135.219 Y84.376 E.01215
G1 X135.219 Y86.065 E.05209
G1 X134.828 Y86.191 E.01267
G1 X134.828 Y84.459 E.05343
G1 X134.554 Y84.535 E.00877
G1 X134.438 Y84.577 E.00382
G1 X134.438 Y86.399 E.05623
G1 X134.207 Y86.533 E.00822
G1 X134.047 Y86.677 E.00664
G1 X134.047 Y84.733 E.05996
G1 X133.657 Y84.934 E.01355
G1 X133.657 Y87.354 E.07466
G1 E-1.75 F6000
;WIPE_START
G1 F1800
G1 X133.657 Y86.354 E-.75
;WIPE_END
G1 X133.955 Y86.685 Z2.64 F18000
G1 X138.078 Y86.692
G1 X138.819 Y90.295
G1 X138.538 Y90.781
G1 X138.343 Y90.669
G1 Z2.44
G1 E2.5 F6000
G1 F1800
G1 X138.343 Y93.066 E.07398
G1 X137.953 Y93.267 E.01355
G1 X137.953 Y91.331 E.05974
G1 X137.562 Y91.614 E.01489
G1 X137.562 Y93.423 E.05581
G1 X137.44 Y93.467 E.004
G1 X137.172 Y93.541 E.00859
G1 X137.172 Y91.799 E.05374
G1 X136.942 Y91.901 E.00774
G1 X136.781 Y91.935 E.00509
G1 X136.781 Y93.624 E.05211
G1 X136.39 Y93.675 E.01215
G1 X136.39 Y92.018 E.05113
G1 X136.319 Y92.033 E.00227
G1 X136 Y92.033 E.00983
G1 X136 Y93.693 E.05121
G1 X135.609 Y93.675 E.01206
G1 X135.609 Y92.018 E.05113
G1 X135.219 Y91.935 E.01232
G1 X135.219 Y93.624 E.05211
G1 X134.828 Y93.541 E.01232
G1 X134.828 Y91.807 E.05349
G1 X134.729 Y91.769 E.00329
G1 X134.438 Y91.601 E.01037
G1 X134.438 Y93.423 E.05623
G1 X134.047 Y93.267 E.01298
G1 X134.047 Y91.323 E.05997
G1 X133.733 Y91.041 E.01303
G1 X133.657 Y90.935 E.00403
G1 X133.657 Y93.066 E.06575
G1 X133.266 Y92.814 E.01434
G1 X133.266 Y90.317 E.07704
G1 X133.099 Y89.942 E.01265
G1 X132.967 Y89.319 E.01967
G1 X132.967 Y88.681 E.01966
G1 X133.099 Y88.058 E.01967
G1 X133.266 Y87.683 E.01265
G1 X133.266 Y85.186 E.07704
G1 X132.876 Y85.498 E.01543
G1 X132.876 Y92.502 E.21607
G1 X132.485 Y92.109 E.01708
G1 X132.485 Y85.891 E.19185
G1 X132.223 Y86.214 E.01284
G1 X132.095 Y86.404 E.00708
G1 X132.095 Y91.596 E.16017
G1 X131.922 Y91.322 E.01
G1 X131.704 Y90.889 E.01494
G1 X131.704 Y87.111 E.11657
G1 X131.51 Y87.639 E.01737
G1 X131.408 Y88.029 E.01243
G1 X131.336 Y88.482 E.01415
G1 X131.313 Y88.825 E.01062
G1 X131.313 Y90.283 E.04497
G1 X131.49 Y90.811 F18000
M204 P2000
;TYPE:Gap infill
;WIDTH:0.108062
G1 F6000
G1 X131.468 Y90.693 E.00062
;WIDTH:0.147853
G1 X131.446 Y90.574 E.001
;WIDTH:0.181246
G1 X131.433 Y90.496 E.00087
;WIDTH:0.20998
G1 X131.403 Y90.283 E.00283
G1 X133.858 Y93.364 F18000
;WIDTH:0.0949324
G1 F6000
G1 X133.749 Y93.239 E.00068
G1 X135.51 Y93.858 F18000
;WIDTH:0.114849
G1 F6000
G1 X135.346 Y93.772 E.00105
G1 X136.897 Y93.797 F18000
;WIDTH:0.134299
G1 F6000
G1 X137.014 Y93.726 E.00099
G1 X136.993 Y93.65 E.00057
G1 X138.648 Y92.99 F18000
;WIDTH:0.0946149
G1 F6000
G1 X138.56 Y93.126 E.00066
G1 X138.533 Y93.132 E.00011
G1 X138.418 Y92.955 F18000
G1 X138.663 Y92.796
G1 X138.681 Y92.784
G1 X138.707 Y92.765
G1 X138.73 Y92.749
G1 X138.754 Y92.731
G1 X138.78 Y92.711
G1 X138.797 Y92.697
G1 X139.045 Y92.497
G1 X139.061 Y92.483
G1 X139.086 Y92.462
G1 X139.107 Y92.443
G1 X139.129 Y92.422
G1 X139.153 Y92.4
G1 X139.169 Y92.384
G1 X139.393 Y92.159
G1 X139.409 Y92.143
G1 X139.431 Y92.12
G1 X139.45 Y92.099
G1 X139.47 Y92.076
G1 X139.491 Y92.051
G1 X139.505 Y92.035
G1 X139.705 Y91.787
G1 X139.719 Y91.77
G1 X139.738 Y91.745
G1 X139.755 Y91.722
G1 X139.772 Y91.697
G1 X139.79 Y91.671
G1 X139.803 Y91.652
G1 X139.976 Y91.385
G1 X139.988 Y91.367
G1 X140.005 Y91.339
G1 X140.019 Y91.315
G1 X140.034 Y91.288
G1 X140.049 Y91.26
G1 X140.059 Y91.24
G1 X140.204 Y90.956
G1 X140.213 Y90.936
G1 X140.227 Y90.907
G1 X140.239 Y90.882
G1 X140.251 Y90.854
G1 X140.263 Y90.824
G1 X140.271 Y90.804
G1 X140.385 Y90.506
G1 X140.393 Y90.486
G1 X140.403 Y90.455
G1 X140.412 Y90.428
G1 X140.421 Y90.399
G1 X140.431 Y90.368
G1 X140.436 Y90.346
G1 X140.518 Y90.04
G1 X140.524 Y90.018
G1 X140.533 Y89.978
G1 X140.539 Y89.952
G1 X140.543 Y89.93
G1 X140.549 Y89.898
G1 X140.553 Y89.876
G1 X140.602 Y89.562
G1 X140.606 Y89.54
G1 X140.61 Y89.508
G1 X140.613 Y89.479
G1 X140.616 Y89.449
G1 X140.618 Y89.417
G1 X140.619 Y89.395
G1 X140.636 Y89.077
G1 X140.637 Y89.055
G1 X140.637 Y89.023
G1 X140.638 Y88.995
G1 X140.637 Y88.965
G1 X140.636 Y88.932
G1 X140.635 Y88.91
G1 X140.619 Y88.593
G1 X140.617 Y88.571
G1 X140.614 Y88.538
G1 X140.612 Y88.51
G1 X140.608 Y88.479
G1 X140.604 Y88.448
G1 X140.6 Y88.426
G1 X140.551 Y88.111
G1 X140.547 Y88.089
G1 X140.541 Y88.058
G1 X140.535 Y88.031
G1 X140.528 Y88.001
G1 X140.521 Y87.969
G1 X140.515 Y87.949
G1 X140.433 Y87.641
G1 X140.427 Y87.62
G1 X140.418 Y87.589
G1 X140.409 Y87.562
G1 X140.399 Y87.533
G1 X140.388 Y87.503
G1 X140.381 Y87.482
G1 X140.267 Y87.185
G1 X140.258 Y87.165
G1 X140.246 Y87.135
G1 X140.235 Y87.109
G1 X140.222 Y87.081
G1 X140.208 Y87.052
G1 X140.198 Y87.033
G1 X140.054 Y86.749
G1 X140.043 Y86.729
G1 X140.028 Y86.701
G1 X140.014 Y86.677
G1 X139.998 Y86.65
G1 X139.981 Y86.623
G1 X139.969 Y86.604
G1 X139.796 Y86.337
G1 X139.784 Y86.319
G1 X139.765 Y86.293
G1 X139.749 Y86.27
G1 X139.731 Y86.246
G1 X139.711 Y86.22
G1 X139.697 Y86.203
G1 X139.497 Y85.956
G1 X139.483 Y85.939
G1 X139.462 Y85.914
G1 X139.443 Y85.893
G1 X139.422 Y85.871
G1 X139.4 Y85.847
G1 X139.385 Y85.832
G1 X139.159 Y85.607
G1 X139.144 Y85.591
G1 X139.12 Y85.569
G1 X139.099 Y85.55
G1 X139.076 Y85.53
G1 X139.052 Y85.509
G1 X139.035 Y85.495
G1 X138.787 Y85.295
G1 X138.77 Y85.281
G1 X138.745 Y85.262
G1 X138.722 Y85.245
G1 X138.697 Y85.228
G1 X138.67 Y85.209
G1 X138.652 Y85.197
G1 X138.385 Y85.024
G1 X138.367 Y85.013
G1 X138.339 Y84.996
G1 X138.315 Y84.981
G1 X138.288 Y84.967
G1 X138.26 Y84.951
G1 X138.24 Y84.941
G1 X137.956 Y84.796
G1 X137.936 Y84.787
G1 X137.908 Y84.773
G1 X137.882 Y84.761
G1 X137.854 Y84.749
G1 X137.824 Y84.737
G1 X137.804 Y84.729
G1 X137.506 Y84.615
G1 X137.486 Y84.607
G1 X137.455 Y84.597
G1 X137.428 Y84.588
G1 X137.399 Y84.579
G1 X137.368 Y84.57
G1 X137.346 Y84.564
G1 X137.039 Y84.481
G1 X137.018 Y84.476
G1 X136.987 Y84.469
G1 X136.96 Y84.463
G1 X136.93 Y84.457
G1 X136.898 Y84.451
G1 X136.876 Y84.447
G1 X136.561 Y84.397
G1 X136.538 Y84.394
G1 X136.504 Y84.39
G1 X136.474 Y84.387
G1 X136.442 Y84.384
G1 X136.408 Y84.381
G1 X136.385 Y84.38
G1 X136.051 Y84.365
G1 X136.011 Y84.364
G1 X135.976 Y84.363
G1 X135.945 Y84.364
G1 X135.914 Y84.365
G1 X135.893 Y84.366
G1 X135.593 Y84.381
G1 X135.571 Y84.383
G1 X135.539 Y84.386
G1 X135.511 Y84.388
G1 X135.48 Y84.392
G1 X135.448 Y84.396
G1 X135.426 Y84.4
G1 X135.111 Y84.449
G1 X135.09 Y84.453
G1 X135.058 Y84.459
G1 X135.03 Y84.465
G1 X135.001 Y84.472
G1 X134.97 Y84.479
G1 X134.948 Y84.485
G1 X134.641 Y84.567
G1 X134.62 Y84.573
G1 X134.589 Y84.582
G1 X134.562 Y84.591
G1 X134.533 Y84.601
G1 X134.502 Y84.612
G1 X134.482 Y84.619
G1 X134.185 Y84.733
G1 X134.165 Y84.742
G1 X134.135 Y84.754
G1 X134.109 Y84.765
G1 X134.081 Y84.778
G1 X134.053 Y84.792
G1 X134.033 Y84.802
G1 X133.749 Y84.946
G1 X133.73 Y84.957
G1 X133.701 Y84.972
G1 X133.677 Y84.986
G1 X133.65 Y85.002
G1 X133.623 Y85.019
G1 X133.604 Y85.031
G1 X133.582 Y85.045
G1 X133.467 Y84.868
;WIDTH:0.0870718
G1 F6000
G1 X133.44 Y84.874 E.0001
G1 X133.352 Y85.01 E.00056
G1 X135.103 Y84.203 F18000
;WIDTH:0.134786
G1 F6000
G1 X134.986 Y84.274 E.00099
G1 X135.007 Y84.35 E.00058
G1 X138.251 Y84.761 F18000
;WIDTH:0.10856
G1 F6000
G1 X138.142 Y84.635 E.00086
G1 X140.597 Y87.716 F18000
;WIDTH:0.218978
G1 F6000
G1 X140.574 Y87.551 E.00232
;WIDTH:0.186588
G1 X140.552 Y87.415 E.00156
;WIDTH:0.145032
G1 X140.531 Y87.302 E.00093
;WIDTH:0.126078
G1 X140.51 Y87.189 E.00076
; stop printing object top_plate.stl id:4653052573991952974 copy 0
;LAYER_CHANGE
;Z:2.64
;HEIGHT:0.2
G92 E0 ; zero the extruded length again
; BEFORE_LAYER_CHANGE 12 @ 2.64mm
G1 E-2.38471 F6000
;WIPE_START
G1 X140.531 Y87.302 E-.11529
;WIPE_END
; AFTER_LAYER_CHANGE 12 @ 2.64mm
;_SET_FAN_SPEED_CHANGING_LAYER
; printing object top_plate.stl id:4653052573991952974 copy 0
G1 F18000
G1 X140.305 Y87.7795 Z2.66857
G1 X139.792 Y87.9012 Z2.69714
G1 X139.376 Y87.5753 Z2.72571
G1 X139.372 Y87.0473 Z2.75429
G1 X139.782 Y86.7148 Z2.78286
G1 X140.298 Y86.8281 Z2.81143
G1 X140.531 Y87.302 Z2.84
G1 X140.984 Y143.389 Z2.84
G1 X140.995 Y143.79
G1 Z2.64
G1 E2.5 F6000
M204 P1000
;TYPE:Outer wall
;WIDTH:0.42
G1 F3600
G1 X79.005 Y143.79 E1.84644
G1 X78.708 Y143.774 E.00886
G1 X78.42 Y143.729 E.0087
G1 X78.138 Y143.653 E.0087
G1 X77.865 Y143.549 E.0087
G1 X77.605 Y143.416 E.0087
G1 X77.36 Y143.257 E.0087
G1 X77.133 Y143.073 E.0087
G1 X76.927 Y142.867 E.0087
G1 X76.743 Y142.64 E.0087
G1 X76.584 Y142.395 E.0087
G1 X76.452 Y142.135 E.0087
G1 X76.347 Y141.862 E.0087
G1 X76.271 Y141.58 E.0087
G1 X76.226 Y141.292 E.0087
G1 X76.21 Y140.995 E.00886
G1 X76.21 Y79.005 E1.84644
G1 X76.226 Y78.708 E.00886
G1 X76.271 Y78.42 E.0087
G1 X76.347 Y78.138 E.0087
G1 X76.452 Y77.865 E.0087
G1 X76.584 Y77.605 E.0087
G1 X76.743 Y77.36 E.0087
G1 X76.927 Y77.133 E.0087
G1 X77.133 Y76.927 E.0087
G1 X77.36 Y76.743 E.0087
G1 X77.605 Y76.584 E.0087
G1 X77.865 Y76.451 E.0087
G1 X78.138 Y76.347 E.0087
G1 X78.42 Y76.271 E.0087
G1 X78.708 Y76.226 E.0087
G1 X79.005 Y76.21 E.00886
G1 X140.995 Y76.21 E1.84644
G1 X141.292 Y76.226 E.00886
G1 X141.58 Y76.271 E.0087
G1 X141.862 Y76.347 E.0087
G1 X142.135 Y76.452 E.0087
G1 X142.395 Y76.584 E.0087
G1 X142.64 Y76.743 E.0087
G1 X142.867 Y76.927 E.0087
G1 X143.073 Y77.133 E.0087
G1 X143.257 Y77.36 E.0087
G1 X143.416 Y77.605 E.0087
G1 X143.548 Y77.865 E.0087
G1 X143.653 Y78.138 E.0087
G1 X143.729 Y78.42 E.0087
G1 X143.774 Y78.708 E.0087
G1 X143.79 Y79.005 E.00886
G1 X143.79 Y140.995 E1.84644
G1 X143.774 Y141.292 E.00886
G1 X143.729 Y141.58 E.0087
G1 X143.653 Y141.862 E.0087
G1 X143.549 Y142.135 E.0087
G1 X143.416 Y142.395 E.0087
G1 X143.257 Y142.64 E.0087
G1 X143.073 Y142.867 E.0087
G1 X142.867 Y143.073 E.0087
G1 X142.64 Y143.257 E.0087
G1 X142.395 Y143.416 E.0087
G1 X142.135 Y143.549 E.0087
G1 X141.862 Y143.653 E.0087
G1 X141.58 Y143.729 E.0087
G1 X141.292 Y143.774 E.0087
G1 X141.054 Y143.787 E.00707
G1 X141.034 Y143.387 F18000
G1 X140.984 Y143.389
G1 X140.984 Y143.389
G1 X140.984 Y143.398
M204 P1500
;TYPE:Inner wall
;WIDTH:0.45
G1 F6000
G1 X79.016 Y143.398 E1.99268
G1 X78.749 Y143.384 E.00857
G1 X78.502 Y143.345 E.00807
G1 X78.259 Y143.28 E.00807
G1 X78.025 Y143.19 E.00807
G1 X77.801 Y143.076 E.00807
G1 X77.591 Y142.939 E.00806
G1 X77.396 Y142.781 E.00807
G1 X77.219 Y142.604 E.00807
G1 X77.061 Y142.409 E.00807
G1 X76.924 Y142.199 E.00806
G1 X76.81 Y141.975 E.00807
G1 X76.72 Y141.741 E.00807
G1 X76.655 Y141.498 E.00807
G1 X76.616 Y141.251 E.00807
G1 X76.602 Y140.984 E.00857
G1 X76.602 Y79.016 E1.99268
G1 X76.616 Y78.749 E.00857
G1 X76.655 Y78.502 E.00807
G1 X76.72 Y78.259 E.00807
G1 X76.81 Y78.025 E.00807
G1 X76.924 Y77.801 E.00807
G1 X77.061 Y77.591 E.00806
G1 X77.219 Y77.396 E.00807
G1 X77.396 Y77.219 E.00807
G1 X77.591 Y77.061 E.00807
G1 X77.801 Y76.924 E.00806
G1 X78.025 Y76.81 E.00807
G1 X78.259 Y76.72 E.00807
G1 X78.502 Y76.655 E.00807
G1 X78.749 Y76.616 E.00807
G1 X79.016 Y76.602 E.00857
G1 X140.984 Y76.602 E1.99268
G1 X141.251 Y76.616 E.00857
G1 X141.498 Y76.655 E.00807
G1 X141.741 Y76.72 E.00807
G1 X141.975 Y76.81 E.00807
G1 X142.199 Y76.924 E.00807
G1 X142.409 Y77.061 E.00806
G1 X142.604 Y77.219 E.00807
G1 X142.781 Y77.396 E.00807
G1 X142.939 Y77.591 E.00807
G1 X143.076 Y77.801 E.00806
G1 X143.19 Y78.025 E.00807
G1 X143.28 Y78.259 E.00807
G1 X143.345 Y78.502 E.00807
G1 X143.384 Y78.749 E.00807
G1 X143.398 Y79.016 E.00857
G1 X143.398 Y140.984 E1.99268
G1 X143.384 Y141.251 E.00857
G1 X143.345 Y141.498 E.00807
G1 X143.28 Y141.741 E.00807
G1 X143.19 Y141.975 E.00807
G1 X143.076 Y142.199 E.00807
G1 X142.939 Y142.409 E.00806
G1 X142.781 Y142.604 E.00807
G1 X142.604 Y142.781 E.00807
G1 X142.409 Y142.939 E.00807
G1 X142.199 Y143.076 E.00806
G1 X141.975 Y143.19 E.00807
G1 X141.741 Y143.28 E.00807
G1 X141.498 Y143.345 E.00807
G1 X141.251 Y143.384 E.00807
G1 X141.044 Y143.395 E.00665
G1 X140.974 Y142.991 F18000
G1 F6000
G1 X79.026 Y142.991 E1.992
G1 X78.792 Y142.979 E.00754
G1 X78.385 Y142.892 E.01338
G1 X78.005 Y142.723 E.01338
G1 X77.669 Y142.479 E.01337
G1 X77.39 Y142.169 E.01338
G1 X77.183 Y141.809 E.01337
G1 X77.054 Y141.414 E.01337
G1 X77.009 Y140.974 E.01422
G1 X77.009 Y79.026 E1.992
G1 X77.021 Y78.792 E.00754
G1 X77.108 Y78.385 E.01338
G1 X77.277 Y78.005 E.01338
G1 X77.521 Y77.669 E.01337
G1 X77.831 Y77.39 E.01338
G1 X78.191 Y77.183 E.01337
G1 X78.586 Y77.054 E.01337
G1 X79.026 Y77.009 E.01422
G1 X140.974 Y77.009 E1.992
G1 X141.208 Y77.021 E.00754
G1 X141.615 Y77.108 E.01338
G1 X141.995 Y77.277 E.01338
G1 X142.169 Y77.39 E.00669
G1 X142.479 Y77.669 E.01338
G1 X142.723 Y78.005 E.01337
G1 X142.892 Y78.385 E.01338
G1 X142.979 Y78.792 E.01338
G1 X142.991 Y79.026 E.00754
G1 X142.991 Y140.974 E1.992
G1 X142.979 Y141.208 E.00754
G1 X142.892 Y141.615 E.01338
G1 X142.723 Y141.995 E.01338
G1 X142.479 Y142.331 E.01337
G1 X142.169 Y142.61 E.01338
G1 X141.809 Y142.817 E.01337
G1 X141.414 Y142.946 E.01337
G1 X141.033 Y142.985 E.01229
G1 E-1.75
;WIPE_START
G1 X140.033 Y142.985 E-.75
;WIPE_END
G1 X140.033 Y143.389 Z2.84 F18000
G1 X139.512 Y131
G1 X139.492 Y130.633
G1 X139.435 Y130.27
G1 X139.34 Y129.915
G1 X139.208 Y129.572
G1 X139.041 Y129.244
G1 X138.841 Y128.936
G1 X138.812 Y128.9
G1 X135.556 Y92.48
G1 X135.619 Y92.085
G1 Z2.64
G1 E2.5 F6000
M204 P1000
;TYPE:Outer wall
;WIDTH:0.42
G1 F3600
G1 X135.675 Y92.093 E.00168
G1 X136 Y92.11 E.0097
G1 X136.325 Y92.093 E.0097
G1 X136.647 Y92.042 E.0097
G1 X136.961 Y91.958 E.00969
G1 X137.265 Y91.841 E.0097
G1 X137.555 Y91.694 E.0097
G1 X137.828 Y91.516 E.0097
G1 X138.081 Y91.312 E.0097
G1 X138.312 Y91.081 E.0097
G1 X138.516 Y90.828 E.0097
G1 X138.694 Y90.555 E.0097
G1 X138.841 Y90.265 E.0097
G1 X138.958 Y89.961 E.0097
G1 X139.042 Y89.647 E.00969
G1 X139.093 Y89.325 E.0097
G1 X139.11 Y89 E.0097
G1 X139.093 Y88.675 E.0097
G1 X139.042 Y88.353 E.0097
G1 X138.958 Y88.039 E.00969
G1 X138.841 Y87.735 E.0097
G1 X138.694 Y87.445 E.0097
G1 X138.516 Y87.172 E.0097
G1 X138.312 Y86.919 E.0097
G1 X138.081 Y86.688 E.0097
G1 X137.828 Y86.484 E.0097
G1 X137.555 Y86.306 E.0097
G1 X137.265 Y86.159 E.0097
G1 X136.961 Y86.042 E.0097
G1 X136.647 Y85.958 E.00969
G1 X136.324 Y85.906 E.00972
G1 X135.982 Y85.89 E.01019
G1 X135.675 Y85.907 E.00917
G1 X135.353 Y85.958 E.0097
G1 X135.039 Y86.042 E.00969
G1 X134.735 Y86.159 E.0097
G1 X134.445 Y86.306 E.0097
G1 X134.172 Y86.484 E.0097
G1 X133.919 Y86.688 E.0097
G1 X133.688 Y86.919 E.0097
G1 X133.484 Y87.172 E.0097
G1 X133.306 Y87.445 E.0097
G1 X133.159 Y87.735 E.0097
G1 X133.042 Y88.039 E.0097
G1 X132.958 Y88.353 E.00969
G1 X132.907 Y88.675 E.0097
G1 X132.89 Y89 E.0097
G1 X132.907 Y89.325 E.0097
G1 X132.958 Y89.647 E.0097
G1 X133.042 Y89.961 E.00969
G1 X133.159 Y90.265 E.0097
G1 X133.306 Y90.555 E.0097
G1 X133.484 Y90.828 E.0097
G1 X133.688 Y91.081 E.0097
G1 X133.919 Y91.312 E.0097
G1 X134.172 Y91.516 E.0097
G1 X134.445 Y91.694 E.0097
G1 X134.735 Y91.841 E.0097
G1 X135.039 Y91.958 E.0097
G1 X135.353 Y92.042 E.00969
G1 X135.56 Y92.075 E.00623
G1 X135.497 Y92.471 F18000
G1 X135.616 Y92.49
G1 X135.617 Y92.481
M204 P1500
;TYPE:Inner wall
;WIDTH:0.45
G1 F6000
G1 X135.634 Y92.484 E.00054
G1 X136 Y92.503 E.01179
G1 X136.366 Y92.484 E.01179
G1 X136.728 Y92.426 E.01179
G1 X137.082 Y92.332 E.01179
G1 X137.425 Y92.2 E.01179
G1 X137.752 Y92.034 E.01179
G1 X138.059 Y91.834 E.01179
G1 X138.344 Y91.603 E.01179
G1 X138.603 Y91.344 E.01179
G1 X138.834 Y91.059 E.01179
G1 X139.034 Y90.752 E.01179
G1 X139.2 Y90.425 E.01179
G1 X139.332 Y90.082 E.01179
G1 X139.426 Y89.728 E.01179
G1 X139.484 Y89.366 E.01179
G1 X139.503 Y89 E.01179
G1 X139.484 Y88.634 E.01179
G1 X139.426 Y88.272 E.01179
G1 X139.332 Y87.918 E.01179
G1 X139.2 Y87.575 E.01179
G1 X139.034 Y87.248 E.01179
G1 X138.834 Y86.941 E.01179
G1 X138.603 Y86.656 E.01179
G1 X138.344 Y86.397 E.01179
G1 X138.059 Y86.166 E.01179
G1 X137.752 Y85.966 E.01179
G1 X137.425 Y85.8 E.01179
G1 X137.082 Y85.668 E.01179
G1 X136.728 Y85.574 E.01179
G1 X136.364 Y85.516 E.01186
G1 X135.981 Y85.498 E.01233
G1 X135.634 Y85.516 E.01119
G1 X135.272 Y85.574 E.01179
G1 X134.918 Y85.668 E.01179
G1 X134.575 Y85.8 E.01179
G1 X134.248 Y85.966 E.01179
G1 X133.941 Y86.166 E.01179
G1 X133.656 Y86.397 E.01179
G1 X133.397 Y86.656 E.01179
G1 X133.166 Y86.941 E.01179
G1 X132.966 Y87.248 E.01179
G1 X132.8 Y87.575 E.01179
G1 X132.668 Y87.918 E.01179
G1 X132.574 Y88.272 E.01179
G1 X132.516 Y88.634 E.01179
G1 X132.497 Y89 E.01179
G1 X132.516 Y89.366 E.01179
G1 X132.574 Y89.728 E.01179
G1 X132.668 Y90.082 E.01179
G1 X132.8 Y90.425 E.01179
G1 X132.966 Y90.752 E.01179
G1 X133.166 Y91.059 E.01179
G1 X133.397 Y91.344 E.01179
G1 X133.656 Y91.603 E.01179
G1 X133.941 Y91.834 E.01179
G1 X134.248 Y92.034 E.01179
G1 X134.575 Y92.2 E.01179
G1 X134.918 Y92.332 E.01179
G1 X135.272 Y92.426 E.01179
G1 X135.558 Y92.472 E.00932
G1 X135.628 Y92.891 F18000
G1 F6000
G1 X136 Y92.911 E.01198
G1 X136.409 Y92.889 E.01316
G1 X136.813 Y92.825 E.01316
G1 X137.208 Y92.719 E.01316
G1 X137.591 Y92.573 E.01317
G1 X137.955 Y92.387 E.01316
G1 X138.299 Y92.164 E.01316
G1 X138.617 Y91.906 E.01316
G1 X138.906 Y91.617 E.01317
G1 X139.164 Y91.299 E.01316
G1 X139.387 Y90.955 E.01316
G1 X139.573 Y90.591 E.01316
G1 X139.719 Y90.208 E.01317
G1 X139.825 Y89.813 E.01316
G1 X139.889 Y89.409 E.01316
G1 X139.911 Y89 E.01316
G1 X139.889 Y88.591 E.01316
G1 X139.825 Y88.187 E.01316
G1 X139.719 Y87.792 E.01316
G1 X139.573 Y87.409 E.01317
G1 X139.387 Y87.045 E.01316
G1 X139.164 Y86.701 E.01316
G1 X138.906 Y86.383 E.01316
G1 X138.617 Y86.094 E.01317
G1 X138.299 Y85.836 E.01316
G1 X137.955 Y85.613 E.01316
G1 X137.591 Y85.427 E.01316
G1 X137.208 Y85.281 E.01317
G1 X136.813 Y85.175 E.01316
G1 X136.406 Y85.11 E.01327
G1 X135.98 Y85.09 E.0137
G1 X135.591 Y85.111 E.01252
G1 X135.187 Y85.175 E.01316
G1 X134.792 Y85.281 E.01316
G1 X134.409 Y85.427 E.01317
G1 X134.045 Y85.613 E.01316
G1 X133.701 Y85.836 E.01316
G1 X133.383 Y86.094 E.01316
G1 X133.094 Y86.383 E.01317
G1 X132.836 Y86.701 E.01316
G1 X132.613 Y87.045 E.01316
G1 X132.427 Y87.409 E.01316
G1 X132.281 Y87.792 E.01317
G1 X132.175 Y88.187 E.01316
G1 X132.111 Y88.591 E.01316
G1 X132.089 Y89 E.01316
G1 X132.111 Y89.409 E.01316
G1 X132.175 Y89.813 E.01316
G1 X132.281 Y90.208 E.01316
G1 X132.427 Y90.591 E.01317
G1 X132.613 Y90.955 E.01316
G1 X132.836 Y91.299 E.01316
G1 X133.094 Y91.617 E.01316
G1 X133.383 Y91.906 E.01317
G1 X133.701 Y92.164 E.01316
G1 X134.045 Y92.387 E.01316
G1 X134.409 Y92.573 E.01316
G1 X134.792 Y92.719 E.01317
G1 X135.187 Y92.825 E.01316
G1 X135.568 Y92.886 E.01242
G1 E-1.75
;WIPE_START
G1 X136 Y92.911 E-.3244
G1 X136.409 Y92.889 E-.30703
G1 X136.565 Y92.865 E-.11856
;WIPE_END
G1 X136.503 Y92.471 Z2.84 F18000
G1 X139.492 Y130.633
G1 X139.512 Y131
G1 X139.492 Y131.367
G1 X139.435 Y131.73
G1 X139.34 Y132.085
G1 X139.208 Y132.428
G1 X139.041 Y132.756
G1 X138.841 Y133.064
G1 X138.61 Y133.35
G1 X138.35 Y133.61
G1 X138.064 Y133.841
G1 X137.756 Y134.041
G1 X137.428 Y134.208
G1 X137.085 Y134.34
G1 X136.73 Y134.435
G1 X136.367 Y134.492
G1 X136.315 Y134.495
G1 X136.294 Y134.095
G1 Z2.64
G1 E2.5 F6000
M204 P1000
;TYPE:Outer wall
;WIDTH:0.42
G1 F3600
G1 X136.325 Y134.093 E.00093
G1 X136.647 Y134.042 E.0097
G1 X136.961 Y133.958 E.00969
G1 X137.265 Y133.841 E.0097
G1 X137.555 Y133.694 E.0097
G1 X137.828 Y133.516 E.0097
G1 X138.081 Y133.312 E.0097
G1 X138.312 Y133.081 E.0097
G1 X138.516 Y132.828 E.0097
G1 X138.694 Y132.555 E.0097
G1 X138.841 Y132.265 E.0097
G1 X138.958 Y131.961 E.0097
G1 X139.042 Y131.647 E.00969
G1 X139.093 Y131.325 E.0097
G1 X139.11 Y131 E.0097
G1 X139.093 Y130.675 E.0097
G1 X139.042 Y130.353 E.0097
G1 X138.958 Y130.039 E.00969
G1 X138.841 Y129.735 E.0097
G1 X138.694 Y129.445 E.0097
G1 X138.516 Y129.172 E.0097
G1 X138.312 Y128.919 E.0097
G1 X138.081 Y128.688 E.0097
G1 X137.828 Y128.484 E.0097
G1 X137.555 Y128.306 E.0097
G1 X137.265 Y128.159 E.0097
G1 X136.961 Y128.042 E.0097
G1 X136.647 Y127.958 E.00969
G1 X136.324 Y127.906 E.00972
G1 X135.982 Y127.89 E.01019
G1 X135.675 Y127.907 E.00917
G1 X135.353 Y127.958 E.0097
G1 X135.039 Y128.042 E.00969
G1 X134.735 Y128.159 E.0097
G1 X134.445 Y128.306 E.0097
G1 X134.172 Y128.484 E.0097
G1 X133.919 Y128.688 E.0097
G1 X133.688 Y128.919 E.0097
G1 X133.484 Y129.172 E.0097
G1 X133.306 Y129.445 E.0097
G1 X133.159 Y129.735 E.0097
G1 X133.042 Y130.039 E.0097
G1 X132.958 Y130.353 E.00969
G1 X132.907 Y130.675 E.0097
G1 X132.89 Y131 E.0097
G1 X132.907 Y131.325 E.0097
G1 X132.958 Y131.647 E.0097
G1 X133.042 Y131.961 E.00969
G1 X133.159 Y132.265 E.0097
G1 X133.306 Y132.555 E.0097
G1 X133.484 Y132.828 E.0097
G1 X133.688 Y133.081 E.0097
G1 X133.919 Y133.312 E.0097
G1 X134.172 Y133.516 E.0097
G1 X134.445 Y133.694 E.0097
G1 X134.735 Y133.841 E.0097
G1 X135.039 Y133.958 E.0097
G1 X135.353 Y134.042 E.00969
G1 X135.675 Y134.093 E.0097
G1 X136 Y134.11 E.0097
G1 X136.234 Y134.098 E.00698
G1 X136.255 Y134.498 F18000
G1 X136.367 Y134.492
G1 X136.384 Y134.49
G1 X136.383 Y134.481
M204 P1500
;TYPE:Inner wall
;WIDTH:0.45
G1 F6000
G1 X136.728 Y134.426 E.01125
G1 X137.082 Y134.332 E.01179
G1 X137.425 Y134.2 E.01179
G1 X137.752 Y134.034 E.01179
G1 X138.059 Y133.834 E.01179
G1 X138.344 Y133.603 E.01179
G1 X138.603 Y133.344 E.01179
G1 X138.834 Y133.059 E.01179
G1 X139.034 Y132.752 E.01179
G1 X139.2 Y132.425 E.01179
G1 X139.332 Y132.082 E.01179
G1 X139.426 Y131.728 E.01179
G1 X139.484 Y131.366 E.01179
G1 X139.503 Y131 E.01179
G1 X139.484 Y130.634 E.01179
G1 X139.426 Y130.272 E.01179
G1 X139.332 Y129.918 E.01179
G1 X139.2 Y129.575 E.01179
G1 X139.034 Y129.248 E.01179
G1 X138.834 Y128.941 E.01179
G1 X138.603 Y128.656 E.01179
G1 X138.344 Y128.397 E.01179
G1 X138.059 Y128.166 E.01179
G1 X137.752 Y127.966 E.01179
G1 X137.425 Y127.8 E.01179
G1 X137.082 Y127.668 E.01179
G1 X136.728 Y127.574 E.01179
G1 X136.364 Y127.516 E.01186
G1 X135.981 Y127.498 E.01233
G1 X135.634 Y127.516 E.01119
G1 X135.272 Y127.574 E.01179
G1 X134.918 Y127.668 E.01179
G1 X134.575 Y127.8 E.01179
G1 X134.248 Y127.966 E.01179
G1 X133.941 Y128.166 E.01179
G1 X133.656 Y128.397 E.01179
G1 X133.397 Y128.656 E.01179
G1 X133.166 Y128.941 E.01179
G1 X132.966 Y129.248 E.01179
G1 X132.8 Y129.575 E.01179
G1 X132.668 Y129.918 E.01179
G1 X132.574 Y130.272 E.01179
G1 X132.516 Y130.634 E.01179
G1 X132.497 Y131 E.01179
G1 X132.516 Y131.366 E.01179
G1 X132.574 Y131.728 E.01179
G1 X132.668 Y132.082 E.01179
G1 X132.8 Y132.425 E.01179
G1 X132.966 Y132.752 E.01179
G1 X133.166 Y133.059 E.01179
G1 X133.397 Y133.344 E.01179
G1 X133.656 Y133.603 E.01179
G1 X133.941 Y133.834 E.01179
G1 X134.248 Y134.034 E.01179
G1 X134.575 Y134.2 E.01179
G1 X134.918 Y134.332 E.01179
G1 X135.272 Y134.426 E.01179
G1 X135.634 Y134.484 E.01179
G1 X136 Y134.503 E.01179
G1 X136.323 Y134.486 E.0104
G1 X136.372 Y134.891 F18000
G1 F6000
G1 X136.409 Y134.889 E.00118
G1 X136.813 Y134.825 E.01316
G1 X137.208 Y134.719 E.01316
G1 X137.591 Y134.573 E.01317
G1 X137.955 Y134.387 E.01316
G1 X138.299 Y134.164 E.01316
G1 X138.617 Y133.906 E.01316
G1 X138.906 Y133.617 E.01317
G1 X139.164 Y133.299 E.01316
G1 X139.387 Y132.955 E.01316
G1 X139.573 Y132.591 E.01316
G1 X139.719 Y132.208 E.01317
G1 X139.825 Y131.813 E.01316
G1 X139.889 Y131.409 E.01316
G1 X139.911 Y131 E.01316
G1 X139.889 Y130.591 E.01316
G1 X139.825 Y130.187 E.01316
G1 X139.719 Y129.792 E.01316
G1 X139.573 Y129.409 E.01317
G1 X139.387 Y129.045 E.01316
G1 X139.164 Y128.701 E.01316
G1 X138.906 Y128.383 E.01316
G1 X138.617 Y128.094 E.01317
G1 X138.299 Y127.836 E.01316
G1 X137.955 Y127.613 E.01316
G1 X137.591 Y127.427 E.01316
G1 X137.208 Y127.281 E.01317
G1 X136.813 Y127.175 E.01316
G1 X136.406 Y127.11 E.01327
G1 X135.98 Y127.09 E.0137
G1 X135.591 Y127.111 E.01252
G1 X135.187 Y127.175 E.01316
G1 X134.792 Y127.281 E.01316
G1 X134.409 Y127.427 E.01317
G1 X134.045 Y127.613 E.01316
G1 X133.701 Y127.836 E.01316
G1 X133.383 Y128.094 E.01316
G1 X133.094 Y128.383 E.01317
G1 X132.836 Y128.701 E.01316
G1 X132.613 Y129.045 E.01316
G1 X132.427 Y129.409 E.01316
G1 X132.281 Y129.792 E.01317
G1 X132.175 Y130.187 E.01316
G1 X132.111 Y130.591 E.01316
G1 X132.089 Y131 E.01316
G1 X132.111 Y131.409 E.01316
G1 X132.175 Y131.813 E.01316
G1 X132.281 Y132.208 E.01316
G1 X132.427 Y132.591 E.01317
G1 X132.613 Y132.955 E.01316
G1 X132.836 Y133.299 E.01316
G1 X133.094 Y133.617 E.01316
G1 X133.383 Y133.906 E.01317
G1 X133.701 Y134.164 E.01316
G1 X134.045 Y134.387 E.01316
G1 X134.409 Y134.573 E.01316
G1 X134.792 Y134.719 E.01317
G1 X135.187 Y134.825 E.01316
G1 X135.591 Y134.889 E.01316
G1 X136 Y134.911 E.01316
G1 X136.312 Y134.894 E.01006
G1 E-1.75
;WIPE_START
G1 X136.409 Y134.889 E-.07248
G1 X136.813 Y134.825 E-.30704
G1 X137.208 Y134.719 E-.30692
G1 X137.288 Y134.689 E-.06356
;WIPE_END
G1 X137.145 Y134.317 Z2.84 F18000
G1 X85.626 Y134.107
G1 X85.428 Y134.208
G1 X85.085 Y134.34
G1 X84.73 Y134.435
G1 X84.367 Y134.492
G1 X84 Y134.512
G1 X83.633 Y134.492
G1 X83.556 Y134.48
G1 X83.619 Y134.085
G1 Z2.64
G1 E2.5 F6000
M204 P1000
;TYPE:Outer wall
;WIDTH:0.42
G1 F3600
G1 X83.675 Y134.093 E.00168
G1 X84 Y134.11 E.0097
G1 X84.325 Y134.093 E.0097
G1 X84.647 Y134.042 E.0097
G1 X84.961 Y133.958 E.00969
G1 X85.265 Y133.841 E.0097
G1 X85.555 Y133.694 E.0097
G1 X85.828 Y133.516 E.0097
G1 X86.081 Y133.312 E.0097
G1 X86.312 Y133.081 E.0097
G1 X86.516 Y132.828 E.0097
G1 X86.694 Y132.555 E.0097
G1 X86.841 Y132.265 E.0097
G1 X86.958 Y131.961 E.0097
G1 X87.042 Y131.647 E.00969
G1 X87.093 Y131.325 E.0097
G1 X87.11 Y131 E.0097
G1 X87.093 Y130.675 E.0097
G1 X87.042 Y130.353 E.0097
G1 X86.958 Y130.039 E.00969
G1 X86.841 Y129.735 E.0097
G1 X86.694 Y129.445 E.0097
G1 X86.516 Y129.172 E.0097
G1 X86.312 Y128.919 E.0097
G1 X86.081 Y128.688 E.0097
G1 X85.828 Y128.484 E.0097
G1 X85.555 Y128.306 E.0097
G1 X85.265 Y128.159 E.0097
G1 X84.961 Y128.042 E.0097
G1 X84.647 Y127.958 E.00969
G1 X84.324 Y127.906 E.00972
G1 X83.982 Y127.89 E.01019
G1 X83.675 Y127.907 E.00917
G1 X83.353 Y127.958 E.0097
G1 X83.039 Y128.042 E.00969
G1 X82.735 Y128.159 E.0097
G1 X82.445 Y128.306 E.0097
G1 X82.172 Y128.484 E.0097
G1 X81.919 Y128.688 E.0097
G1 X81.688 Y128.919 E.0097
G1 X81.484 Y129.172 E.0097
G1 X81.306 Y129.445 E.0097
G1 X81.159 Y129.735 E.0097
G1 X81.042 Y130.039 E.0097
G1 X80.958 Y130.353 E.00969
G1 X80.907 Y130.675 E.0097
G1 X80.89 Y131 E.0097
G1 X80.907 Y131.325 E.0097
G1 X80.958 Y131.647 E.0097
G1 X81.042 Y131.961 E.00969
G1 X81.159 Y132.265 E.0097
G1 X81.306 Y132.555 E.0097
G1 X81.484 Y132.828 E.0097
G1 X81.688 Y133.081 E.0097
G1 X81.919 Y133.312 E.0097
G1 X82.172 Y133.516 E.0097
G1 X82.445 Y133.694 E.0097
G1 X82.735 Y133.841 E.0097
G1 X83.039 Y133.958 E.0097
G1 X83.353 Y134.042 E.00969
G1 X83.56 Y134.075 E.00623
G1 X83.497 Y134.471 F18000
G1 X83.616 Y134.49
G1 X83.617 Y134.481
M204 P1500
;TYPE:Inner wall
;WIDTH:0.45
G1 F6000
G1 X83.634 Y134.484 E.00054
G1 X84 Y134.503 E.01179
G1 X84.366 Y134.484 E.01179
G1 X84.728 Y134.426 E.01179
G1 X85.082 Y134.332 E.01179
G1 X85.425 Y134.2 E.01179
G1 X85.752 Y134.034 E.01179
G1 X86.059 Y133.834 E.01179
G1 X86.344 Y133.603 E.01179
G1 X86.603 Y133.344 E.01179
G1 X86.834 Y133.059 E.01179
G1 X87.034 Y132.752 E.01179
G1 X87.2 Y132.425 E.01179
G1 X87.332 Y132.082 E.01179
G1 X87.426 Y131.728 E.01179
G1 X87.484 Y131.366 E.01179
G1 X87.503 Y131 E.01179
G1 X87.484 Y130.634 E.01179
G1 X87.426 Y130.272 E.01179
G1 X87.332 Y129.918 E.01179
G1 X87.2 Y129.575 E.01179
G1 X87.034 Y129.248 E.01179
G1 X86.834 Y128.941 E.01179
G1 X86.603 Y128.656 E.01179
G1 X86.344 Y128.397 E.01179
G1 X86.059 Y128.166 E.01179
G1 X85.752 Y127.966 E.01179
G1 X85.425 Y127.8 E.01179
G1 X85.082 Y127.668 E.01179
G1 X84.728 Y127.574 E.01179
G1 X84.364 Y127.516 E.01186
G1 X83.981 Y127.498 E.01233
G1 X83.634 Y127.516 E.01119
G1 X83.272 Y127.574 E.01179
G1 X82.918 Y127.668 E.01179
G1 X82.575 Y127.8 E.01179
G1 X82.248 Y127.966 E.01179
G1 X81.941 Y128.166 E.01179
G1 X81.656 Y128.397 E.01179
G1 X81.397 Y128.656 E.01179
G1 X81.166 Y128.941 E.01179
G1 X80.966 Y129.248 E.01179
G1 X80.8 Y129.575 E.01179
G1 X80.668 Y129.918 E.01179
G1 X80.574 Y130.272 E.01179
G1 X80.516 Y130.634 E.01179
G1 X80.497 Y131 E.01179
G1 X80.516 Y131.366 E.01179
G1 X80.574 Y131.728 E.01179
G1 X80.668 Y132.082 E.01179
G1 X80.8 Y132.425 E.01179
G1 X80.966 Y132.752 E.01179
G1 X81.166 Y133.059 E.01179
G1 X81.397 Y133.344 E.01179
G1 X81.656 Y133.603 E.01179
G1 X81.941 Y133.834 E.01179
G1 X82.248 Y134.034 E.01179
G1 X82.575 Y134.2 E.01179
G1 X82.918 Y134.332 E.01179
G1 X83.272 Y134.426 E.01179
G1 X83.558 Y134.472 E.00932
G1 X83.628 Y134.891 F18000
G1 F6000
G1 X84 Y134.911 E.01198
G1 X84.409 Y134.889 E.01316
G1 X84.813 Y134.825 E.01316
G1 X85.208 Y134.719 E.01316
G1 X85.591 Y134.573 E.01317
G1 X85.955 Y134.387 E.01316
G1 X86.299 Y134.164 E.01316
G1 X86.617 Y133.906 E.01316
G1 X86.906 Y133.617 E.01317
G1 X87.164 Y133.299 E.01316
G1 X87.387 Y132.955 E.01316
G1 X87.573 Y132.591 E.01316
G1 X87.719 Y132.208 E.01317
G1 X87.825 Y131.813 E.01316
G1 X87.889 Y131.409 E.01316
G1 X87.911 Y131 E.01316
G1 X87.889 Y130.591 E.01316
G1 X87.825 Y130.187 E.01316
G1 X87.719 Y129.792 E.01316
G1 X87.573 Y129.409 E.01317
G1 X87.387 Y129.045 E.01316
G1 X87.164 Y128.701 E.01316
G1 X86.906 Y128.383 E.01316
G1 X86.617 Y128.094 E.01317
G1 X86.299 Y127.836 E.01316
G1 X85.955 Y127.613 E.01316
G1 X85.591 Y127.427 E.01316
G1 X85.208 Y127.281 E.01317
G1 X84.813 Y127.175 E.01316
G1 X84.406 Y127.11 E.01327
G1 X83.98 Y127.09 E.0137
G1 X83.591 Y127.111 E.01252
G1 X83.187 Y127.175 E.01316
G1 X82.792 Y127.281 E.01316
G1 X82.409 Y127.427 E.01317
G1 X82.045 Y127.613 E.01316
G1 X81.701 Y127.836 E.01316
G1 X81.383 Y128.094 E.01316
G1 X81.094 Y128.383 E.01317
G1 X80.836 Y128.701 E.01316
G1 X80.613 Y129.045 E.01316
G1 X80.427 Y129.409 E.01316
G1 X80.281 Y129.792 E.01317
G1 X80.175 Y130.187 E.01316
G1 X80.111 Y130.591 E.01316
G1 X80.089 Y131 E.01316
G1 X80.111 Y131.409 E.01316
G1 X80.175 Y131.813 E.01316
G1 X80.281 Y132.208 E.01316
G1 X80.427 Y132.591 E.01317
G1 X80.613 Y132.955 E.01316
G1 X80.836 Y133.299 E.01316
G1 X81.094 Y133.617 E.01316
G1 X81.383 Y133.906 E.01317
G1 X81.701 Y134.164 E.01316
G1 X82.045 Y134.387 E.01316
G1 X82.409 Y134.573 E.01316
G1 X82.792 Y134.719 E.01317
G1 X83.187 Y134.825 E.01316
G1 X83.568 Y134.886 E.01242
G1 E-1.75
;WIPE_START
G1 X84 Y134.911 E-.3244
G1 X84.409 Y134.889 E-.30703
G1 X84.565 Y134.865 E-.11857
;WIPE_END
G1 X84.503 Y134.471 Z2.84 F18000
G1 X84.73 Y134.435
G1 X85.085 Y134.34
G1 X85.428 Y134.208
G1 X85.756 Y134.041
G1 X86.064 Y133.841
G1 X86.35 Y133.61
G1 X86.61 Y133.35
G1 X86.841 Y133.064
G1 X87.041 Y132.756
G1 X87.208 Y132.428
G1 X87.34 Y132.085
G1 X87.435 Y131.73
G1 X87.492 Y131.367
G1 X87.512 Y131
G1 X87.492 Y130.633
G1 X87.435 Y130.27
G1 X87.34 Y129.915
G1 X87.208 Y129.572
G1 X87.041 Y129.244
G1 X86.841 Y128.936
G1 X86.61 Y128.65
G1 X86.35 Y128.39
G1 X86.064 Y128.159
G1 X85.756 Y127.959
G1 X85.428 Y127.792
G1 X85.085 Y127.66
G1 X84.73 Y127.565
G1 X84.402 Y127.513
G1 X83.556 Y92.48
G1 X83.619 Y92.085
G1 Z2.64
G1 E2.5 F6000
M204 P1000
;TYPE:Outer wall
;WIDTH:0.42
G1 F3600
G1 X83.675 Y92.093 E.00168
G1 X84 Y92.11 E.0097
G1 X84.325 Y92.093 E.0097
G1 X84.647 Y92.042 E.0097
G1 X84.961 Y91.958 E.00969
G1 X85.265 Y91.841 E.0097
G1 X85.555 Y91.694 E.0097
G1 X85.828 Y91.516 E.0097
G1 X86.081 Y91.312 E.0097
G1 X86.312 Y91.081 E.0097
G1 X86.516 Y90.828 E.0097
G1 X86.694 Y90.555 E.0097
G1 X86.841 Y90.265 E.0097
G1 X86.958 Y89.961 E.0097
G1 X87.042 Y89.647 E.00969
G1 X87.093 Y89.325 E.0097
G1 X87.11 Y89 E.0097
G1 X87.093 Y88.675 E.0097
G1 X87.042 Y88.353 E.0097
G1 X86.958 Y88.039 E.00969
G1 X86.841 Y87.735 E.0097
G1 X86.694 Y87.445 E.0097
G1 X86.516 Y87.172 E.0097
G1 X86.312 Y86.919 E.0097
G1 X86.081 Y86.688 E.0097
G1 X85.828 Y86.484 E.0097
G1 X85.555 Y86.306 E.0097
G1 X85.265 Y86.159 E.0097
G1 X84.961 Y86.042 E.0097
G1 X84.647 Y85.958 E.00969
G1 X84.324 Y85.906 E.00972
G1 X83.982 Y85.89 E.01019
G1 X83.675 Y85.907 E.00917
G1 X83.353 Y85.958 E.0097
G1 X83.039 Y86.042 E.00969
G1 X82.735 Y86.159 E.0097
G1 X82.445 Y86.306 E.0097
G1 X82.172 Y86.484 E.0097
G1 X81.919 Y86.688 E.0097
G1 X81.688 Y86.919 E.0097
G1 X81.484 Y87.172 E.0097
G1 X81.306 Y87.445 E.0097
G1 X81.159 Y87.735 E.0097
G1 X81.042 Y88.039 E.0097
G1 X80.958 Y88.353 E.00969
G1 X80.907 Y88.675 E.0097
G1 X80.89 Y89 E.0097
G1 X80.907 Y89.325 E.0097
G1 X80.958 Y89.647 E.0097
G1 X81.042 Y89.961 E.00969
G1 X81.159 Y90.265 E.0097
G1 X81.306 Y90.555 E.0097
G1 X81.484 Y90.828 E.0097
G1 X81.688 Y91.081 E.0097
G1 X81.919 Y91.312 E.0097
G1 X82.172 Y91.516 E.0097
G1 X82.445 Y91.694 E.0097
G1 X82.735 Y91.841 E.0097
G1 X83.039 Y91.958 E.0097
G1 X83.353 Y92.042 E.00969
G1 X83.56 Y92.075 E.00623
G1 X83.497 Y92.471 F18000
G1 X83.616 Y92.49
G1 X83.617 Y92.481
M204 P1500
;TYPE:Inner wall
;WIDTH:0.45
G1 F6000
G1 X83.634 Y92.484 E.00054
G1 X84 Y92.503 E.01179
G1 X84.366 Y92.484 E.01179
G1 X84.728 Y92.426 E.01179
G1 X85.082 Y92.332 E.01179
G1 X85.425 Y92.2 E.01179
G1 X85.752 Y92.034 E.01179
G1 X86.059 Y91.834 E.01179
G1 X86.344 Y91.603 E.01179
G1 X86.603 Y91.344 E.01179
G1 X86.834 Y91.059 E.01179
G1 X87.034 Y90.752 E.01179
G1 X87.2 Y90.425 E.01179
G1 X87.332 Y90.082 E.01179
G1 X87.426 Y89.728 E.01179
G1 X87.484 Y89.366 E.01179
G1 X87.503 Y89 E.01179
G1 X87.484 Y88.634 E.01179
G1 X87.426 Y88.272 E.01179
G1 X87.332 Y87.918 E.01179
G1 X87.2 Y87.575 E.01179
G1 X87.034 Y87.248 E.01179
G1 X86.834 Y86.941 E.01179
G1 X86.603 Y86.656 E.01179
G1 X86.344 Y86.397 E.01179
G1 X86.059 Y86.166 E.01179
G1 X85.752 Y85.966 E.01179
G1 X85.425 Y85.8 E.01179
G1 X85.082 Y85.668 E.01179
G1 X84.728 Y85.574 E.01179
G1 X84.364 Y85.516 E.01186
G1 X83.981 Y85.498 E.01233
G1 X83.634 Y85.516 E.01119
G1 X83.272 Y85.574 E.01179
G1 X82.918 Y85.668 E.01179
G1 X82.575 Y85.8 E.01179
G1 X82.248 Y85.966 E.01179
G1 X81.941 Y86.166 E.01179
G1 X81.656 Y86.397 E.01179
G1 X81.397 Y86.656 E.01179
G1 X81.166 Y86.941 E.01179
G1 X80.966 Y87.248 E.01179
G1 X80.8 Y87.575 E.01179
G1 X80.668 Y87.918 E.01179
G1 X80.574 Y88.272 E.01179
G1 X80.516 Y88.634 E.01179
G1 X80.497 Y89 E.01179
G1 X80.516 Y89.366 E.01179
G1 X80.574 Y89.728 E.01179
G1 X80.668 Y90.082 E.01179
G1 X80.8 Y90.425 E.01179
G1 X80.966 Y90.752 E.01179
G1 X81.166 Y91.059 E.01179
G1 X81.397 Y91.344 E.01179
G1 X81.656 Y91.603 E.01179
G1 X81.941 Y91.834 E.01179
G1 X82.248 Y92.034 E.01179
G1 X82.575 Y92.2 E.01179
G1 X82.918 Y92.332 E.01179
G1 X83.272 Y92.426 E.01179
G1 X83.558 Y92.472 E.00932
G1 X83.628 Y92.891 F18000
G1 F6000
G1 X84 Y92.911 E.01198
G1 X84.409 Y92.889 E.01316
G1 X84.813 Y92.825 E.01316
G1 X85.208 Y92.719 E.01316
G1 X85.591 Y92.573 E.01317
G1 X85.955 Y92.387 E.01316
G1 X86.299 Y92.164 E.01316
G1 X86.617 Y91.906 E.01316
G1 X86.906 Y91.617 E.01317
G1 X87.164 Y91.299 E.01316
G1 X87.387 Y90.955 E.01316
G1 X87.573 Y90.591 E.01316
G1 X87.719 Y90.208 E.01317
G1 X87.825 Y89.813 E.01316
G1 X87.889 Y89.409 E.01316
G1 X87.911 Y89 E.01316
G1 X87.889 Y88.591 E.01316
G1 X87.825 Y88.187 E.01316
G1 X87.719 Y87.792 E.01316
G1 X87.573 Y87.409 E.01317
G1 X87.387 Y87.045 E.01316
G1 X87.164 Y86.701 E.01316
G1 X86.906 Y86.383 E.01316
G1 X86.617 Y86.094 E.01317
G1 X86.299 Y85.836 E.01316
G1 X85.955 Y85.613 E.01316
G1 X85.591 Y85.427 E.01316
G1 X85.208 Y85.281 E.01317
G1 X84.813 Y85.175 E.01316
G1 X84.406 Y85.11 E.01327
G1 X83.98 Y85.09 E.0137
G1 X83.591 Y85.111 E.01252
G1 X83.187 Y85.175 E.01316
G1 X82.792 Y85.281 E.01316
G1 X82.409 Y85.427 E.01317
G1 X82.045 Y85.613 E.01316
G1 X81.701 Y85.836 E.01316
G1 X81.383 Y86.094 E.01316
G1 X81.094 Y86.383 E.01317
G1 X80.836 Y86.701 E.01316
G1 X80.613 Y87.045 E.01316
G1 X80.427 Y87.409 E.01316
G1 X80.281 Y87.792 E.01317
G1 X80.175 Y88.187 E.01316
G1 X80.111 Y88.591 E.01316
G1 X80.089 Y89 E.01316
G1 X80.111 Y89.409 E.01316
G1 X80.175 Y89.813 E.01316
G1 X80.281 Y90.208 E.01316
G1 X80.427 Y90.591 E.01317
G1 X80.613 Y90.955 E.01316
G1 X80.836 Y91.299 E.01316
G1 X81.094 Y91.617 E.01316
G1 X81.383 Y91.906 E.01317
G1 X81.701 Y92.164 E.01316
G1 X82.045 Y92.387 E.01316
G1 X82.409 Y92.573 E.01316
G1 X82.792 Y92.719 E.01317
G1 X83.187 Y92.825 E.01316
G1 X83.568 Y92.886 E.01242
G1 E-1.75
;WIPE_START
G1 X84 Y92.911 E-.3244
G1 X84.409 Y92.889 E-.30703
G1 X84.565 Y92.865 E-.11857
;WIPE_END
G1 X84.503 Y92.471 Z2.84 F18000
G1 X101.689 Y118.311
G1 X118.311 Y118.311
G1 X118.311 Y117.91
G1 X117.91 Y117.91
G1 Z2.64
G1 E2.5 F6000
M204 P1000
;TYPE:Outer wall
;WIDTH:0.42
G1 F3600
G1 X117.91 Y102.09 E.47122
G1 X102.09 Y102.09 E.47122
G1 X102.09 Y117.91 E.47122
G1 X117.85 Y117.91 E.46944
G1 X117.85 Y118.311 F18000
G1 X118.311 Y118.311
G1 X118.311 Y118.302
G1 X118.302 Y118.302
M204 P1500
;TYPE:Inner wall
;WIDTH:0.45
G1 F6000
G1 X118.302 Y101.698 E.53393
G1 X101.698 Y101.698 E.53393
G1 X101.698 Y118.302 E.53393
G1 X118.242 Y118.302 E.532
G1 X118.709 Y118.709 F18000
G1 F6000
G1 X118.709 Y101.291 E.56011
G1 X101.291 Y101.291 E.56011
G1 X101.291 Y118.709 E.56011
G1 X118.649 Y118.709 E.55818
G1 X134.602 Y127.178 F18000
M204 P2000
;TYPE:Internal solid infill
;WIDTH:0.420461
G1 F6000
G1 X85.835 Y127.178 E1.45438
G1 X86.122 Y127.324 E.0096
G1 X86.478 Y127.556 E.01267
G1 X133.522 Y127.556 E1.40297
G1 X133.073 Y127.933 E.0175
G1 X86.927 Y127.933 E1.37618
G1 X87.154 Y128.16 E.00957
G1 X87.276 Y128.311 E.00578
G1 X132.724 Y128.311 E1.35538
G1 X132.566 Y128.505 E.00746
G1 X132.447 Y128.688 E.00651
G1 X87.553 Y128.688 E1.33889
G1 X87.772 Y129.066 E.01302
G1 X132.228 Y129.066 E1.32584
G1 X132.057 Y129.443 E.01236
G1 X87.943 Y129.443 E1.31564
G1 X88.072 Y129.821 E.0119
G1 X131.928 Y129.821 E1.30791
G1 X131.836 Y130.198 E.01159
G1 X88.164 Y130.198 E1.3024
G1 X88.222 Y130.576 E.01139
G1 X131.778 Y130.576 E1.29896
G1 X131.758 Y130.954 E.01127
G1 X88.242 Y130.954 E1.29778
G1 X88.227 Y131.331 E.01127
G1 X131.773 Y131.331 E1.29867
G1 X131.821 Y131.709 E.01135
G1 X88.179 Y131.709 E1.30152
G1 X88.097 Y132.086 E.01152
G1 X131.903 Y132.086 E1.30642
G1 X132.022 Y132.464 E.0118
G1 X87.978 Y132.464 E1.31351
G1 X87.819 Y132.841 E.01222
G1 X132.181 Y132.841 E1.32301
G1 X132.387 Y133.219 E.01282
G1 X87.613 Y133.219 E1.33529
G1 X87.352 Y133.596 E.0137
G1 X132.648 Y133.596 E1.35089
G1 X132.846 Y133.84 E.00935
G1 X132.98 Y133.974 E.00565
G1 X87.02 Y133.974 E1.37064
G1 X86.84 Y134.154 E.00761
G1 X86.597 Y134.351 E.00934
G1 X133.403 Y134.351 E1.39593
G1 X133.505 Y134.434 E.0039
G1 X133.982 Y134.729 E.01673
G1 X85.64 Y134.729 E1.44172
G1 X81.22 Y133.974 F18000
G1 F6000
G1 X77.342 Y133.974 E.11563
G1 X77.342 Y134.351 E.01126
G1 X81.403 Y134.351 E.12111
G1 X81.505 Y134.434 E.0039
G1 X81.982 Y134.729 E.01673
G1 X77.342 Y134.729 E.13837
G1 X77.342 Y135.106 E.01126
G1 X142.658 Y135.106 E1.9479
G1 X142.658 Y135.484 E.01126
G1 X77.342 Y135.484 E1.9479
G1 X77.342 Y135.862 E.01126
G1 X142.658 Y135.862 E1.9479
G1 X142.658 Y136.239 E.01126
G1 X77.342 Y136.239 E1.9479
G1 X77.342 Y136.617 E.01126
G1 X142.658 Y136.617 E1.9479
G1 X142.658 Y136.994 E.01126
G1 X77.342 Y136.994 E1.9479
G1 X77.342 Y137.372 E.01126
G1 X142.658 Y137.372 E1.9479
G1 X142.658 Y137.749 E.01126
G1 X77.342 Y137.749 E1.9479
G1 X77.342 Y138.127 E.01126
G1 X142.658 Y138.127 E1.9479
G1 X142.658 Y138.504 E.01126
G1 X77.342 Y138.504 E1.9479
G1 X77.342 Y138.882 E.01126
G1 X142.658 Y138.882 E1.9479
G1 X142.658 Y139.259 E.01126
G1 X77.342 Y139.259 E1.9479
G1 X77.342 Y139.637 E.01126
G1 X142.658 Y139.637 E1.9479
G1 X142.658 Y140.015 E.01126
G1 X77.342 Y140.015 E1.9479
G1 X77.342 Y140.392 E.01126
G1 X142.658 Y140.392 E1.9479
G1 X142.658 Y140.77 E.01126
G1 X77.342 Y140.77 E1.9479
G1 X77.362 Y141.147 E.01127
G1 X142.648 Y141.147 E1.94703
G1 X142.647 Y141.164 E.00051
G1 X142.567 Y141.525 E.01101
G1 X77.441 Y141.525 E1.94228
G1 X77.489 Y141.673 E.00465
G1 X77.621 Y141.902 E.0079
G1 X142.378 Y141.902 E1.93126
G1 X142.229 Y142.107 E.00755
G1 X142.038 Y142.28 E.0077
G1 X77.962 Y142.28 E1.91092
G1 X78.173 Y142.433 E.00776
G1 X78.489 Y142.573 E.01032
G1 X78.836 Y142.647 E.01058
G1 X79.03 Y142.657 E.00579
G1 X141.759 Y142.657 E1.87079
G1 X142.827 Y133.974 F18000
G1 F6000
G1 X139.02 Y133.974 E.11353
G1 X138.84 Y134.154 E.00761
G1 X138.597 Y134.351 E.00934
G1 X142.658 Y134.351 E.12111
G1 X142.658 Y134.729 E.01126
G1 X137.64 Y134.729 E.14965
G1 X141.374 Y132.195 F18000
;WIDTH:0.588258
G1 F4632.571
G1 X141.393 Y132.018 E.00765
;WIDTH:0.551421
G1 F4968.163
G1 X141.411 Y131.841 E.00713
;WIDTH:0.514585
G1 F5356.173
G1 X141.429 Y131.665 E.00662
;WIDTH:0.492702
G1 F5616.76
G1 X141.428 Y130.346 E.04684
G1 X140.987 Y128.895 F18000
;WIDTH:0.420911
G1 F6000
G1 X141.205 Y129.454 E.01792
;WIDTH:0.442065
G1 X141.315 Y129.87 E.01358
;WIDTH:0.47027
G1 F5911.589
G1 X141.425 Y130.287 E.01454
G1 X141.467 Y129.426 E.02907
;WIDTH:0.420911
G1 F6000
G1 X141.467 Y128.895 E.01588
G1 X141.047 Y128.895 E.01254
G1 X140.4 Y128.517 F18000
;WIDTH:0.419999
G1 F6000
G1 X140.774 Y129.345 E.02707
G1 X141.014 Y130.374 E.03146
G1 X141.035 Y131.43 E.03147
G1 X140.914 Y132.097 E.02018
G1 X140.774 Y132.655 E.01714
G1 X141.845 Y132.665 E.03188
G1 X141.845 Y128.517 E.12355
G1 X140.46 Y128.517 E.04124
G1 X139.679 Y128.14 F18000
G1 F6000
G1 X140.021 Y128.61 E.01731
G1 X140.416 Y129.467 E.02812
G1 X140.645 Y130.452 E.03012
G1 X140.658 Y131.43 E.02913
G1 X140.545 Y132.018 E.01784
G1 X140.43 Y132.501 E.0148
G1 X140.189 Y133.042 E.01763
G1 X142.222 Y133.042 E.06054
G1 X142.222 Y128.14 E.14601
G1 X139.739 Y128.14 E.07394
G1 X138.802 Y127.763 F18000
G1 F6000
G1 X139.21 Y128.136 E.01648
G1 X139.736 Y128.866 E.02679
G1 X140.098 Y129.689 E.02679
G1 X140.281 Y130.57 E.02679
G1 X140.276 Y131.469 E.02679
G1 X140.085 Y132.348 E.02679
G1 X139.717 Y133.166 E.02671
G1 X139.539 Y133.419 E.00923
G1 X142.599 Y133.419 E.09114
G1 X142.599 Y127.763 E.16848
G1 X138.862 Y127.763 E.11131
G1 X142.827 Y127.556 F18000
;WIDTH:0.420461
G1 F6000
G1 X138.478 Y127.556 E.12969
G1 X138.122 Y127.324 E.01267
G1 X137.835 Y127.178 E.0096
G1 X142.658 Y127.178 E.14381
G1 X142.658 Y126.801 E.01126
G1 X77.342 Y126.801 E1.9479
G1 X77.342 Y126.423 E.01126
G1 X142.658 Y126.423 E1.9479
G1 X142.658 Y126.045 E.01126
G1 X77.342 Y126.045 E1.9479
G1 X77.342 Y125.668 E.01126
G1 X142.658 Y125.668 E1.9479
G1 X142.658 Y125.29 E.01126
G1 X77.342 Y125.29 E1.9479
G1 X77.342 Y124.913 E.01126
G1 X142.658 Y124.913 E1.9479
G1 X142.658 Y124.535 E.01126
G1 X77.342 Y124.535 E1.9479
G1 X77.342 Y124.158 E.01126
G1 X142.658 Y124.158 E1.9479
G1 X142.658 Y123.78 E.01126
G1 X77.342 Y123.78 E1.9479
G1 X77.342 Y123.403 E.01126
G1 X142.658 Y123.403 E1.9479
G1 X142.658 Y123.025 E.01126
G1 X77.342 Y123.025 E1.9479
G1 X77.342 Y122.648 E.01126
G1 X142.658 Y122.648 E1.9479
G1 X142.658 Y122.27 E.01126
G1 X77.342 Y122.27 E1.9479
G1 X77.342 Y121.893 E.01126
G1 X142.658 Y121.893 E1.9479
G1 X142.658 Y121.515 E.01126
G1 X77.342 Y121.515 E1.9479
G1 X77.342 Y121.137 E.01126
G1 X142.658 Y121.137 E1.9479
G1 X142.658 Y120.76 E.01126
G1 X77.342 Y120.76 E1.9479
G1 X77.342 Y120.382 E.01126
G1 X142.658 Y120.382 E1.9479
G1 X142.658 Y120.005 E.01126
G1 X77.342 Y120.005 E1.9479
G1 X77.342 Y119.627 E.01126
G1 X142.827 Y119.627 E1.95296
G1 X142.827 Y93.577 F18000
G1 F6000
G1 X77.342 Y93.577 E1.95296
G1 X77.342 Y93.955 E.01126
G1 X142.658 Y93.955 E1.9479
G1 X142.658 Y94.332 E.01126
G1 X77.342 Y94.332 E1.9479
G1 X77.342 Y94.71 E.01126
G1 X142.658 Y94.71 E1.9479
G1 X142.658 Y95.087 E.01126
G1 X77.342 Y95.087 E1.9479
G1 X77.342 Y95.465 E.01126
G1 X142.658 Y95.465 E1.9479
G1 X142.658 Y95.842 E.01126
G1 X77.342 Y95.842 E1.9479
G1 X77.342 Y96.22 E.01126
G1 X142.658 Y96.22 E1.9479
G1 X142.658 Y96.597 E.01126
G1 X77.342 Y96.597 E1.9479
G1 X77.342 Y96.975 E.01126
G1 X142.658 Y96.975 E1.9479
G1 X142.658 Y97.352 E.01126
G1 X77.342 Y97.352 E1.9479
G1 X77.342 Y97.73 E.01126
G1 X142.658 Y97.73 E1.9479
G1 X142.658 Y98.107 E.01126
G1 X77.342 Y98.107 E1.9479
G1 X77.342 Y98.485 E.01126
G1 X142.658 Y98.485 E1.9479
G1 X142.658 Y98.863 E.01126
G1 X77.342 Y98.863 E1.9479
G1 X77.342 Y99.24 E.01126
G1 X142.658 Y99.24 E1.9479
G1 X142.658 Y99.618 E.01126
G1 X77.342 Y99.618 E1.9479
G1 X77.342 Y99.995 E.01126
G1 X142.658 Y99.995 E1.9479
G1 X142.658 Y100.373 E.01126
G1 X77.342 Y100.373 E1.9479
G1 X77.342 Y100.75 E.01126
G1 X142.658 Y100.75 E1.9479
G1 X142.658 Y101.128 E.01126
G1 X119.042 Y101.128 E.70428
G1 X119.042 Y101.505 E.01126
G1 X142.658 Y101.505 E.70428
G1 X142.658 Y101.883 E.01126
G1 X119.042 Y101.883 E.70428
G1 X119.042 Y102.26 E.01126
G1 X142.658 Y102.26 E.70428
G1 X142.658 Y102.638 E.01126
G1 X119.042 Y102.638 E.70428
G1 X119.042 Y103.015 E.01126
G1 X142.658 Y103.015 E.70428
G1 X142.658 Y103.393 E.01126
G1 X119.042 Y103.393 E.70428
G1 X119.042 Y103.771 E.01126
G1 X142.658 Y103.771 E.70428
G1 X142.658 Y104.148 E.01126
G1 X119.042 Y104.148 E.70428
G1 X119.042 Y104.526 E.01126
G1 X142.658 Y104.526 E.70428
G1 X142.658 Y104.903 E.01126
G1 X119.042 Y104.903 E.70428
G1 X119.042 Y105.281 E.01126
G1 X142.658 Y105.281 E.70428
G1 X142.658 Y105.658 E.01126
G1 X119.042 Y105.658 E.70428
G1 X119.042 Y106.036 E.01126
G1 X142.658 Y106.036 E.70428
G1 X142.658 Y106.413 E.01126
G1 X119.042 Y106.413 E.70428
G1 X119.042 Y106.791 E.01126
G1 X142.658 Y106.791 E.70428
G1 X142.658 Y107.168 E.01126
G1 X119.042 Y107.168 E.70428
G1 X119.042 Y107.546 E.01126
G1 X142.658 Y107.546 E.70428
G1 X142.658 Y107.924 E.01126
G1 X119.042 Y107.924 E.70428
G1 X119.042 Y108.301 E.01126
G1 X142.658 Y108.301 E.70428
G1 X142.658 Y108.679 E.01126
G1 X119.042 Y108.679 E.70428
G1 X119.042 Y109.056 E.01126
G1 X142.658 Y109.056 E.70428
G1 X142.658 Y109.434 E.01126
G1 X119.042 Y109.434 E.70428
G1 X119.042 Y109.811 E.01126
G1 X142.658 Y109.811 E.70428
G1 X142.658 Y110.189 E.01126
G1 X119.042 Y110.189 E.70428
G1 X119.042 Y110.566 E.01126
G1 X142.658 Y110.566 E.70428
G1 X142.658 Y110.944 E.01126
G1 X119.042 Y110.944 E.70428
G1 X119.042 Y111.321 E.01126
G1 X142.658 Y111.321 E.70428
G1 X142.658 Y111.699 E.01126
G1 X119.042 Y111.699 E.70428
G1 X119.042 Y112.076 E.01126
G1 X142.658 Y112.076 E.70428
G1 X142.658 Y112.454 E.01126
G1 X119.042 Y112.454 E.70428
G1 X119.042 Y112.832 E.01126
G1 X142.658 Y112.832 E.70428
G1 X142.658 Y113.209 E.01126
G1 X119.042 Y113.209 E.70428
G1 X119.042 Y113.587 E.01126
G1 X142.658 Y113.587 E.70428
G1 X142.658 Y113.964 E.01126
G1 X119.042 Y113.964 E.70428
G1 X119.042 Y114.342 E.01126
G1 X142.658 Y114.342 E.70428
G1 X142.658 Y114.719 E.01126
G1 X119.042 Y114.719 E.70428
G1 X119.042 Y115.097 E.01126
G1 X142.658 Y115.097 E.70428
G1 X142.658 Y115.474 E.01126
G1 X119.042 Y115.474 E.70428
G1 X119.042 Y115.852 E.01126
G1 X142.658 Y115.852 E.70428
G1 X142.658 Y116.229 E.01126
G1 X119.042 Y116.229 E.70428
G1 X119.042 Y116.607 E.01126
G1 X142.658 Y116.607 E.70428
G1 X142.658 Y116.985 E.01126
G1 X119.042 Y116.985 E.70428
G1 X119.042 Y117.362 E.01126
G1 X142.658 Y117.362 E.70428
G1 X142.658 Y117.74 E.01126
G1 X119.042 Y117.74 E.70428
G1 X119.042 Y118.117 E.01126
G1 X142.658 Y118.117 E.70428
G1 X142.658 Y118.495 E.01126
G1 X119.042 Y118.495 E.70428
G1 X119.042 Y118.872 E.01126
G1 X142.658 Y118.872 E.70428
G1 X142.658 Y119.25 E.01126
G1 X77.342 Y119.25 E1.9479
G1 X77.342 Y118.872 E.01126
G1 X100.958 Y118.872 E.70428
G1 X100.958 Y118.495 E.01126
G1 X77.342 Y118.495 E.70428
G1 X77.342 Y118.117 E.01126
G1 X100.958 Y118.117 E.70428
G1 X100.958 Y117.74 E.01126
G1 X77.342 Y117.74 E.70428
G1 X77.342 Y117.362 E.01126
G1 X100.958 Y117.362 E.70428
G1 X100.958 Y116.985 E.01126
G1 X77.342 Y116.985 E.70428
G1 X77.342 Y116.607 E.01126
G1 X100.958 Y116.607 E.70428
G1 X100.958 Y116.229 E.01126
G1 X77.342 Y116.229 E.70428
G1 X77.342 Y115.852 E.01126
G1 X100.958 Y115.852 E.70428
G1 X100.958 Y115.474 E.01126
G1 X77.342 Y115.474 E.70428
G1 X77.342 Y115.097 E.01126
G1 X100.958 Y115.097 E.70428
G1 X100.958 Y114.719 E.01126
G1 X77.342 Y114.719 E.70428
G1 X77.342 Y114.342 E.01126
G1 X100.958 Y114.342 E.70428
G1 X100.958 Y113.964 E.01126
G1 X77.342 Y113.964 E.70428
G1 X77.342 Y113.587 E.01126
G1 X100.958 Y113.587 E.70428
G1 X100.958 Y113.209 E.01126
G1 X77.342 Y113.209 E.70428
G1 X77.342 Y112.832 E.01126
G1 X100.958 Y112.832 E.70428
G1 X100.958 Y112.454 E.01126
G1 X77.342 Y112.454 E.70428
G1 X77.342 Y112.076 E.01126
G1 X100.958 Y112.076 E.70428
G1 X100.958 Y111.699 E.01126
G1 X77.342 Y111.699 E.70428
G1 X77.342 Y111.321 E.01126
G1 X100.958 Y111.321 E.70428
G1 X100.958 Y110.944 E.01126
G1 X77.342 Y110.944 E.70428
G1 X77.342 Y110.566 E.01126
G1 X100.958 Y110.566 E.70428
G1 X100.958 Y110.189 E.01126
G1 X77.342 Y110.189 E.70428
G1 X77.342 Y109.811 E.01126
G1 X100.958 Y109.811 E.70428
G1 X100.958 Y109.434 E.01126
G1 X77.342 Y109.434 E.70428
G1 X77.342 Y109.056 E.01126
G1 X100.958 Y109.056 E.70428
G1 X100.958 Y108.679 E.01126
G1 X77.342 Y108.679 E.70428
G1 X77.342 Y108.301 E.01126
G1 X100.958 Y108.301 E.70428
G1 X100.958 Y107.924 E.01126
G1 X77.342 Y107.924 E.70428
G1 X77.342 Y107.546 E.01126
G1 X100.958 Y107.546 E.70428
G1 X100.958 Y107.168 E.01126
G1 X77.342 Y107.168 E.70428
G1 X77.342 Y106.791 E.01126
G1 X100.958 Y106.791 E.70428
G1 X100.958 Y106.413 E.01126
G1 X77.342 Y106.413 E.70428
G1 X77.342 Y106.036 E.01126
G1 X100.958 Y106.036 E.70428
G1 X100.958 Y105.658 E.01126
G1 X77.342 Y105.658 E.70428
G1 X77.342 Y105.281 E.01126
G1 X100.958 Y105.281 E.70428
G1 X100.958 Y104.903 E.01126
G1 X77.342 Y104.903 E.70428
G1 X77.342 Y104.526 E.01126
G1 X100.958 Y104.526 E.70428
G1 X100.958 Y104.148 E.01126
G1 X77.342 Y104.148 E.70428
G1 X77.342 Y103.771 E.01126
G1 X100.958 Y103.771 E.70428
G1 X100.958 Y103.393 E.01126
G1 X77.342 Y103.393 E.70428
G1 X77.342 Y103.015 E.01126
G1 X100.958 Y103.015 E.70428
G1 X100.958 Y102.638 E.01126
G1 X77.342 Y102.638 E.70428
G1 X77.342 Y102.26 E.01126
G1 X100.958 Y102.26 E.70428
G1 X100.958 Y101.883 E.01126
G1 X77.342 Y101.883 E.70428
G1 X77.342 Y101.505 E.01126
G1 X100.958 Y101.505 E.70428
G1 X100.958 Y101.128 E.01126
G1 X77.173 Y101.128 E.70934
G1 X77.173 Y91.689 F18000
G1 F6000
G1 X80.724 Y91.689 E.1059
G1 X80.846 Y91.84 E.00578
G1 X81.073 Y92.067 E.00957
G1 X77.342 Y92.067 E.11124
G1 X77.342 Y92.444 E.01126
G1 X81.522 Y92.444 E.12463
G1 X81.878 Y92.676 E.01267
G1 X82.165 Y92.822 E.0096
G1 X77.342 Y92.822 E.14381
G1 X77.342 Y93.199 E.01126
G1 X142.658 Y93.199 E1.9479
G1 X142.658 Y92.822 E.01126
G1 X137.835 Y92.822 E.14381
G1 X138.122 Y92.676 E.0096
G1 X138.478 Y92.444 E.01267
G1 X142.658 Y92.444 E.12463
G1 X142.658 Y92.067 E.01126
G1 X138.927 Y92.067 E.11124
G1 X139.154 Y91.84 E.00957
G1 X139.276 Y91.689 E.00578
G1 X142.827 Y91.689 E.1059
G1 X141.455 Y87.707 F18000
;WIDTH:0.413636
G1 F6000
G1 X141.475 Y87.031 E.01979
G1 X141.043 Y87.031 E.01263
G1 X141.291 Y87.733 E.02179
;WIDTH:0.461948
G1 X141.328 Y87.822 E.00319
;WIDTH:0.497483
G1 F5557.68
G1 X141.365 Y87.911 E.00346
;WIDTH:0.533019
G1 F5154.712
G1 X141.402 Y88 E.00373
G1 X141.416 Y87.922 E.00307
;WIDTH:0.497483
G1 F5557.68
G1 X141.431 Y87.844 E.00284
;WIDTH:0.479716
G1 F5783.752
G1 X141.445 Y87.766 E.00273
G1 X141.403 Y89.99 F18000
;WIDTH:0.527441
G1 F5214.048
G1 X141.425 Y89.565 E.01629
;WIDTH:0.47319
G1 F5871.477
G1 X141.447 Y89.14 E.01447
G1 X141.405 Y88.06 E.03675
G1 X140.828 Y90.432 F18000
;WIDTH:0.419999
G1 F6000
G1 X141.845 Y90.432 E.03027
G1 X141.845 Y86.661 E.11232
G1 X140.463 Y86.661 E.04115
G1 X140.655 Y87.035 E.01252
G1 X140.921 Y87.853 E.02562
G1 X141.052 Y88.901 E.03147
G1 X140.963 Y89.944 E.03117
G1 X140.844 Y90.374 E.0133
G1 X140.309 Y90.809 F18000
;WIDTH:0.419999
G1 F6000
G1 X142.222 Y90.809 E.05696
G1 X142.222 Y86.284 E.13478
G1 X139.808 Y86.284 E.0719
G1 X140.249 Y87.044 E.02615
G1 X140.562 Y87.97 E.02913
G1 X140.677 Y88.941 E.02913
G1 X140.588 Y89.905 E.02883
G1 X140.327 Y90.752 E.02641
G1 X139.682 Y91.186 F18000
;WIDTH:0.419999
G1 F6000
G1 X142.599 Y91.186 E.08687
G1 X142.599 Y85.907 E.15725
G1 X138.975 Y85.907 E.10793
G1 X139.492 Y86.487 E.02314
G1 X139.938 Y87.268 E.02679
G1 X140.212 Y88.125 E.02679
G1 X140.302 Y89.02 E.02679
G1 X140.204 Y89.914 E.02679
G1 X139.922 Y90.767 E.02677
G1 X139.712 Y91.134 E.0126
G1 X142.827 Y85.649 F18000
;WIDTH:0.420461
G1 F6000
G1 X138.597 Y85.649 E.12617
G1 X138.495 Y85.566 E.0039
G1 X138.018 Y85.271 E.01673
G1 X142.827 Y85.271 E.14343
G1 X141.74 Y77.343 F18000
G1 F6000
G1 X79.041 Y77.343 E1.86989
G1 X78.656 Y77.382 E.01154
G1 X78.327 Y77.489 E.0103
G1 X78.028 Y77.662 E.01031
G1 X77.962 Y77.72 E.00262
G1 X142.038 Y77.72 E1.91092
G1 X142.229 Y77.893 E.0077
G1 X142.378 Y78.098 E.00755
G1 X77.622 Y78.098 E1.93123
G1 X77.567 Y78.173 E.00276
G1 X77.433 Y78.475 E.00988
G1 X142.567 Y78.475 E1.94252
G1 X142.648 Y78.853 E.01151
G1 X77.352 Y78.853 E1.94733
G1 X77.342 Y79.23 E.01126
G1 X142.658 Y79.23 E1.9479
G1 X142.658 Y79.608 E.01126
G1 X77.342 Y79.608 E1.9479
G1 X77.342 Y79.985 E.01126
G1 X142.658 Y79.985 E1.9479
G1 X142.658 Y80.363 E.01126
G1 X77.342 Y80.363 E1.9479
G1 X77.342 Y80.741 E.01126
G1 X142.658 Y80.741 E1.9479
G1 X142.658 Y81.118 E.01126
G1 X77.342 Y81.118 E1.9479
G1 X77.342 Y81.496 E.01126
G1 X142.658 Y81.496 E1.9479
G1 X142.658 Y81.873 E.01126
G1 X77.342 Y81.873 E1.9479
G1 X77.342 Y82.251 E.01126
G1 X142.658 Y82.251 E1.9479
G1 X142.658 Y82.628 E.01126
G1 X77.342 Y82.628 E1.9479
G1 X77.342 Y83.006 E.01126
G1 X142.658 Y83.006 E1.9479
G1 X142.658 Y83.383 E.01126
G1 X77.342 Y83.383 E1.9479
G1 X77.342 Y83.761 E.01126
G1 X142.658 Y83.761 E1.9479
G1 X142.658 Y84.138 E.01126
G1 X77.342 Y84.138 E1.9479
G1 X77.342 Y84.516 E.01126
G1 X142.658 Y84.516 E1.9479
G1 X142.658 Y84.894 E.01126
G1 X77.342 Y84.894 E1.9479
G1 X77.342 Y85.271 E.01126
G1 X81.982 Y85.271 E.13837
G1 X81.505 Y85.566 E.01673
G1 X81.403 Y85.649 E.0039
G1 X77.173 Y85.649 E.12617
G1 X78.575 Y88.287 F18000
;WIDTH:0.487381
G1 F5683.999
G1 X78.653 Y88.01 E.01009
;WIDTH:0.451103
G1 F6000
G1 X78.73 Y87.733 E.00926
;WIDTH:0.401056
G1 X78.807 Y87.457 E.00813
G1 X78.967 Y87.027 E.01298
G1 X78.521 Y87.027 E.01263
;WIDTH:0.414825
G1 X78.538 Y87.427 E.01176
;WIDTH:0.451103
G1 X78.555 Y87.827 E.01291
;WIDTH:0.469242
G1 F5925.839
G1 X78.573 Y88.227 E.01348
G1 X78.604 Y89.984 F18000
;WIDTH:0.540716
G1 F5075.007
G1 X78.582 Y89.707 E.01092
;WIDTH:0.484575
G1 F5720.114
G1 X78.56 Y89.43 E.00969
G1 X78.572 Y88.346 E.03781
G1 X79.157 Y90.432 F18000
;WIDTH:0.419999
G1 F6000
G1 X78.979 Y89.593 E.02555
G1 X78.965 Y88.57 E.03048
G1 X79.165 Y87.533 E.03146
G1 X79.53 Y86.661 E.02814
G1 X78.155 Y86.661 E.04095
G1 X78.155 Y90.432 E.11232
G1 X79.097 Y90.432 E.02805
G1 X79.707 Y90.809 F18000
G1 F6000
G1 X79.534 Y90.389 E.01354
G1 X79.351 Y89.528 E.02622
G1 X79.342 Y88.57 E.02854
G1 X79.534 Y87.611 E.02913
G1 X79.92 Y86.713 E.02913
G1 X80.216 Y86.284 E.01551
G1 X77.778 Y86.284 E.07261
G1 X77.778 Y90.809 E.13478
G1 X79.647 Y90.809 E.05567
G1 X80.296 Y91.186 F18000
G1 F6000
G1 X79.915 Y90.348 E.02743
G1 X79.722 Y89.463 E.02699
G1 X79.719 Y88.57 E.02659
G1 X79.902 Y87.689 E.02679
G1 X80.265 Y86.866 E.02679
G1 X80.79 Y86.136 E.02678
G1 X81.036 Y85.907 E.01001
G1 X77.401 Y85.907 E.10825
G1 X77.401 Y91.186 E.15725
G1 X80.236 Y91.186 E.08443
G1 X85.398 Y92.822 F18000
;WIDTH:0.420461
G1 F6000
G1 X134.165 Y92.822 E1.45438
G1 X133.878 Y92.676 E.0096
G1 X133.522 Y92.444 E.01267
G1 X86.478 Y92.444 E1.40297
G1 X86.927 Y92.067 E.0175
G1 X133.073 Y92.067 E1.37618
G1 X132.846 Y91.84 E.00957
G1 X132.724 Y91.689 E.00578
G1 X87.276 Y91.689 E1.35538
G1 X87.434 Y91.495 E.00746
G1 X87.553 Y91.312 E.00651
G1 X132.447 Y91.312 E1.33889
G1 X132.228 Y90.934 E.01302
G1 X87.772 Y90.934 E1.32584
G1 X87.943 Y90.557 E.01236
G1 X132.057 Y90.557 E1.31564
G1 X131.928 Y90.179 E.0119
G1 X88.072 Y90.179 E1.30791
G1 X88.164 Y89.802 E.01159
G1 X131.836 Y89.802 E1.3024
G1 X131.778 Y89.424 E.01139
G1 X88.222 Y89.424 E1.29896
G1 X88.242 Y89.046 E.01127
G1 X131.758 Y89.046 E1.29778
G1 X131.773 Y88.669 E.01127
G1 X88.227 Y88.669 E1.29867
G1 X88.179 Y88.291 E.01135
G1 X131.821 Y88.291 E1.30152
G1 X131.903 Y87.914 E.01152
G1 X88.097 Y87.914 E1.30642
G1 X87.978 Y87.536 E.0118
G1 X132.022 Y87.536 E1.31351
G1 X132.181 Y87.159 E.01222
G1 X87.819 Y87.159 E1.32301
G1 X87.613 Y86.781 E.01282
G1 X132.387 Y86.781 E1.33529
G1 X132.648 Y86.404 E.0137
G1 X87.352 Y86.404 E1.35089
G1 X87.154 Y86.16 E.00935
G1 X87.02 Y86.026 E.00565
G1 X132.98 Y86.026 E1.37064
G1 X133.16 Y85.846 E.00761
G1 X133.403 Y85.649 E.00934
G1 X86.597 Y85.649 E1.39593
G1 X86.495 Y85.566 E.0039
G1 X86.018 Y85.271 E.01673
G1 X134.36 Y85.271 E1.44172
G1 X134.572 Y85.792 F18000
G1 X101.689 Y101.689
G1 X101.689 Y111.724
G1 X82.804 Y127.703
G1 X82.602 Y127.178
G1 F6000
G1 X77.342 Y127.178 E.15687
G1 X77.342 Y127.556 E.01126
G1 X81.833 Y127.556 E.13392
G1 X78.616 Y132.204 F18000
;WIDTH:0.566113
G1 F4828.65
G1 X78.595 Y131.85 E.01469
;WIDTH:0.523907
G1 F5252.358
G1 X78.574 Y131.495 E.0135
;WIDTH:0.471038
G1 F5900.986
G1 X78.553 Y131.14 E.01202
G1 X78.595 Y130.06 E.03657
G1 X78.993 Y128.897 F18000
;WIDTH:0.436224
G1 F6000
G1 X78.535 Y128.897 E.01421
G1 X78.552 Y129.707 E.02517
;WIDTH:0.481712
G1 F5757.437
G1 X78.575 Y129.853 E.00514
;WIDTH:0.527754
G1 F5210.69
G1 X78.598 Y130 E.00568
;WIDTH:0.529924
G1 F5187.469
G1 X78.701 Y129.716 E.01163
;WIDTH:0.488223
G1 F5673.258
G1 X78.805 Y129.432 E.01064
;WIDTH:0.450562
G1 F6000
G1 X78.974 Y128.954 E.01631
G1 X79.62 Y128.517 F18000
;WIDTH:0.419999
G1 F6000
G1 X78.155 Y128.517 E.04363
G1 X78.155 Y132.665 E.12355
G1 X79.247 Y132.665 E.03252
G1 X79.062 Y132.09 E.018
G1 X78.948 Y131.099 E.02972
G1 X79.038 Y130.046 E.03147
G1 X79.27 Y129.265 E.02427
G1 X79.425 Y128.855 E.01305
G1 X79.59 Y128.569 E.00984
G1 X80.308 Y128.14 F18000
G1 F6000
G1 X77.778 Y128.14 E.07534
G1 X77.778 Y133.042 E.14601
G1 X79.801 Y133.042 E.06025
G1 X79.703 Y132.848 E.00646
G1 X79.428 Y131.996 E.02668
G1 X79.323 Y131.059 E.02808
G1 X79.413 Y130.085 E.02913
G1 X79.629 Y129.381 E.02193
G1 X79.751 Y129.044 E.01071
G1 X80.182 Y128.299 E.02562
G1 X80.27 Y128.187 E.00425
G1 X81.168 Y127.763 F18000
;WIDTH:0.419999
G1 F6000
G1 X77.401 Y127.763 E.11221
G1 X77.401 Y133.419 E.16848
G1 X80.454 Y133.419 E.09093
G1 X80.062 Y132.732 E.02357
G1 X79.788 Y131.875 E.02679
G1 X79.698 Y130.98 E.02679
G1 X79.796 Y130.086 E.02679
G1 X80.078 Y129.232 E.02679
G1 X80.531 Y128.455 E.02679
G1 X81.123 Y127.802 E.02626
; stop printing object top_plate.stl id:4653052573991952974 copy 0
;LAYER_CHANGE
;Z:2.84
;HEIGHT:0.2
G92 E0 ; zero the extruded length again
; BEFORE_LAYER_CHANGE 13 @ 2.84mm
G1 E-1.75 F6000
;WIPE_START
G1 X80.531 Y128.455 E-.66119
G1 X80.472 Y128.558 E-.08881
;WIPE_END
; AFTER_LAYER_CHANGE 13 @ 2.84mm
;_SET_FAN_SPEED_CHANGING_LAYER
; printing object top_plate.stl id:4653052573991952974 copy 0
G1 F18000
G1 X80.7457 Y129.009 Z2.86857
G1 X80.5637 Y129.505 Z2.89714
G1 X80.0627 Y129.671 Z2.92571
G1 X79.62 Y129.384 Z2.95429
G1 X79.5688 Y128.858 Z2.98286
G1 X79.9478 Y128.491 Z3.01143
G1 X80.4716 Y128.558 Z3.04
G1 X81.128 Y128.984 Z3.04
G1 X81.159 Y128.936
G1 X81.39 Y128.65
G1 X81.65 Y128.39
G1 X81.936 Y128.159
G1 X82.244 Y127.959
G1 X82.572 Y127.792
G1 X82.915 Y127.66
G1 X83.27 Y127.565
G1 X83.633 Y127.508
G1 X84 Y127.488
G1 X84.367 Y127.508
G1 X84.73 Y127.565
G1 X85.085 Y127.66
G1 X139.403 Y143.389
G1 X140.984 Y143.389
G1 X140.995 Y143.79
G1 Z2.84
G1 E2.5 F6000
M204 P1000
;TYPE:Outer wall
;WIDTH:0.42
G1 F3600
G1 X79.005 Y143.79 E1.84644
G1 X78.708 Y143.774 E.00886
G1 X78.42 Y143.729 E.0087
G1 X78.138 Y143.653 E.0087
G1 X77.865 Y143.549 E.0087
G1 X77.605 Y143.416 E.0087
G1 X77.36 Y143.257 E.0087
G1 X77.133 Y143.073 E.0087
G1 X76.927 Y142.867 E.0087
G1 X76.743 Y142.64 E.0087
G1 X76.584 Y142.395 E.0087
G1 X76.452 Y142.135 E.0087
G1 X76.347 Y141.862 E.0087
G1 X76.271 Y141.58 E.0087
G1 X76.226 Y141.292 E.0087
G1 X76.21 Y140.995 E.00886
G1 X76.21 Y79.005 E1.84644
G1 X76.226 Y78.708 E.00886
G1 X76.271 Y78.42 E.0087
G1 X76.347 Y78.138 E.0087
G1 X76.452 Y77.865 E.0087
G1 X76.584 Y77.605 E.0087
G1 X76.743 Y77.36 E.0087
G1 X76.927 Y77.133 E.0087
G1 X77.133 Y76.927 E.0087
G1 X77.36 Y76.743 E.0087
G1 X77.605 Y76.584 E.0087
G1 X77.865 Y76.452 E.0087
G1 X78.138 Y76.347 E.0087
G1 X78.42 Y76.271 E.0087
G1 X78.708 Y76.226 E.0087
G1 X79.005 Y76.21 E.00886
G1 X140.995 Y76.21 E1.84644
G1 X141.292 Y76.226 E.00886
G1 X141.58 Y76.271 E.0087
G1 X141.862 Y76.347 E.0087
G1 X142.135 Y76.452 E.0087
G1 X142.395 Y76.584 E.0087
G1 X142.64 Y76.743 E.0087
G1 X142.867 Y76.927 E.0087
G1 X143.073 Y77.133 E.0087
G1 X143.257 Y77.36 E.0087
G1 X143.416 Y77.605 E.0087
G1 X143.548 Y77.865 E.0087
G1 X143.653 Y78.138 E.0087
G1 X143.729 Y78.42 E.0087
G1 X143.774 Y78.708 E.0087
G1 X143.79 Y79.005 E.00886
G1 X143.79 Y140.995 E1.84644
G1 X143.774 Y141.292 E.00886
G1 X143.729 Y141.58 E.0087
G1 X143.653 Y141.862 E.0087
G1 X143.548 Y142.135 E.0087
G1 X143.416 Y142.395 E.0087
G1 X143.257 Y142.64 E.0087
G1 X143.073 Y142.867 E.0087
G1 X142.867 Y143.073 E.0087
G1 X142.64 Y143.257 E.0087
G1 X142.395 Y143.416 E.0087
G1 X142.135 Y143.548 E.0087
G1 X141.862 Y143.653 E.0087
G1 X141.58 Y143.729 E.0087
G1 X141.292 Y143.774 E.0087
G1 X141.054 Y143.787 E.00707
G1 X141.034 Y143.387 F18000
G1 X140.984 Y143.389
G1 X140.984 Y143.389
G1 X140.984 Y143.398
M204 P1500
;TYPE:Inner wall
;WIDTH:0.45
G1 F6000
G1 X79.016 Y143.398 E1.99268
G1 X78.749 Y143.384 E.00857
G1 X78.502 Y143.345 E.00807
G1 X78.259 Y143.28 E.00807
G1 X78.025 Y143.19 E.00807
G1 X77.801 Y143.076 E.00807
G1 X77.591 Y142.939 E.00806
G1 X77.396 Y142.781 E.00807
G1 X77.219 Y142.604 E.00807
G1 X77.061 Y142.409 E.00807
G1 X76.924 Y142.199 E.00806
G1 X76.81 Y141.975 E.00807
G1 X76.72 Y141.741 E.00807
G1 X76.655 Y141.498 E.00807
G1 X76.616 Y141.251 E.00807
G1 X76.602 Y140.984 E.00857
G1 X76.602 Y79.016 E1.99268
G1 X76.616 Y78.749 E.00857
G1 X76.655 Y78.502 E.00807
G1 X76.72 Y78.259 E.00807
G1 X76.81 Y78.025 E.00807
G1 X76.924 Y77.801 E.00807
G1 X77.061 Y77.591 E.00806
G1 X77.219 Y77.396 E.00807
G1 X77.396 Y77.219 E.00807
G1 X77.591 Y77.061 E.00807
G1 X77.801 Y76.924 E.00806
G1 X78.025 Y76.81 E.00807
G1 X78.259 Y76.72 E.00807
G1 X78.502 Y76.655 E.00807
G1 X78.749 Y76.616 E.00807
G1 X79.016 Y76.602 E.00857
G1 X140.984 Y76.602 E1.99268
G1 X141.251 Y76.616 E.00857
G1 X141.498 Y76.655 E.00807
G1 X141.741 Y76.72 E.00807
G1 X141.975 Y76.81 E.00807
G1 X142.199 Y76.924 E.00807
G1 X142.409 Y77.061 E.00806
G1 X142.604 Y77.219 E.00807
G1 X142.781 Y77.396 E.00807
G1 X142.939 Y77.591 E.00807
G1 X143.076 Y77.801 E.00806
G1 X143.19 Y78.025 E.00807
G1 X143.28 Y78.259 E.00807
G1 X143.345 Y78.502 E.00807
G1 X143.384 Y78.749 E.00807
G1 X143.398 Y79.016 E.00857
G1 X143.398 Y140.984 E1.99268
G1 X143.384 Y141.251 E.00857
G1 X143.345 Y141.498 E.00807
G1 X143.28 Y141.741 E.00807
G1 X143.19 Y141.975 E.00807
G1 X143.076 Y142.199 E.00807
G1 X142.939 Y142.409 E.00806
G1 X142.781 Y142.604 E.00807
G1 X142.604 Y142.781 E.00807
G1 X142.409 Y142.939 E.00807
G1 X142.199 Y143.076 E.00806
G1 X141.975 Y143.19 E.00807
G1 X141.741 Y143.28 E.00807
G1 X141.498 Y143.345 E.00807
G1 X141.251 Y143.384 E.00807
G1 X141.044 Y143.395 E.00665
G1 X140.974 Y142.991 F18000
G1 F6000
G1 X79.026 Y142.991 E1.992
G1 X78.792 Y142.979 E.00754
G1 X78.385 Y142.892 E.01338
G1 X78.005 Y142.723 E.01338
G1 X77.669 Y142.479 E.01337
G1 X77.39 Y142.169 E.01338
G1 X77.183 Y141.809 E.01337
G1 X77.054 Y141.414 E.01337
G1 X77.009 Y140.974 E.01422
G1 X77.009 Y79.026 E1.992
G1 X77.021 Y78.792 E.00754
G1 X77.108 Y78.385 E.01338
G1 X77.277 Y78.005 E.01338
G1 X77.521 Y77.669 E.01337
G1 X77.831 Y77.39 E.01338
G1 X78.191 Y77.183 E.01337
G1 X78.586 Y77.054 E.01337
G1 X79.026 Y77.009 E.01422
G1 X140.974 Y77.009 E1.992
G1 X141.208 Y77.021 E.00754
G1 X141.615 Y77.108 E.01338
G1 X141.995 Y77.277 E.01338
G1 X142.169 Y77.39 E.00669
G1 X142.479 Y77.669 E.01338
G1 X142.723 Y78.005 E.01337
G1 X142.892 Y78.385 E.01338
G1 X142.979 Y78.792 E.01338
G1 X142.991 Y79.026 E.00754
G1 X142.991 Y140.974 E1.992
G1 X142.979 Y141.208 E.00754
G1 X142.892 Y141.615 E.01338
G1 X142.723 Y141.995 E.01338
G1 X142.479 Y142.331 E.01337
G1 X142.169 Y142.61 E.01338
G1 X141.809 Y142.817 E.01337
G1 X141.414 Y142.946 E.01337
G1 X141.033 Y142.985 E.01229
G1 E-1.75
;WIPE_START
G1 X140.033 Y142.985 E-.75
;WIPE_END
G1 X140.033 Y143.389 Z3.04 F18000
G1 X139.512 Y131
G1 X139.493 Y130.633
G1 X139.435 Y130.27
G1 X139.34 Y129.915
G1 X139.208 Y129.572
G1 X139.041 Y129.244
G1 X138.841 Y128.936
G1 X138.806 Y128.892
G1 X135.536 Y92.477
G1 X135.599 Y92.081
G1 Z2.84
G1 E2.5 F6000
M204 P1000
;TYPE:Outer wall
;WIDTH:0.42
G1 F3600
G1 X135.675 Y92.093 E.00229
G1 X136 Y92.11 E.0097
G1 X136.325 Y92.093 E.0097
G1 X136.647 Y92.042 E.0097
G1 X136.961 Y91.958 E.00969
G1 X137.265 Y91.841 E.0097
G1 X137.555 Y91.694 E.0097
G1 X137.828 Y91.516 E.0097
G1 X138.081 Y91.312 E.0097
G1 X138.312 Y91.081 E.0097
G1 X138.516 Y90.828 E.0097
G1 X138.694 Y90.555 E.0097
G1 X138.841 Y90.265 E.0097
G1 X138.958 Y89.961 E.0097
G1 X139.042 Y89.647 E.00969
G1 X139.093 Y89.325 E.0097
G1 X139.11 Y89 E.0097
G1 X139.093 Y88.675 E.0097
G1 X139.042 Y88.353 E.0097
G1 X138.958 Y88.039 E.00969
G1 X138.841 Y87.735 E.0097
G1 X138.694 Y87.445 E.0097
G1 X138.516 Y87.172 E.0097
G1 X138.312 Y86.919 E.0097
G1 X138.081 Y86.688 E.0097
G1 X137.828 Y86.484 E.0097
G1 X137.555 Y86.306 E.0097
G1 X137.265 Y86.159 E.0097
G1 X136.961 Y86.042 E.0097
G1 X136.647 Y85.958 E.00969
G1 X136.322 Y85.906 E.00978
G1 X135.675 Y85.907 E.01929
G1 X135.353 Y85.958 E.0097
G1 X135.039 Y86.042 E.00969
G1 X134.735 Y86.159 E.0097
G1 X134.445 Y86.306 E.0097
G1 X134.172 Y86.484 E.0097
G1 X133.919 Y86.688 E.0097
G1 X133.688 Y86.919 E.0097
G1 X133.484 Y87.172 E.0097
G1 X133.306 Y87.445 E.0097
G1 X133.159 Y87.735 E.0097
G1 X133.042 Y88.039 E.0097
G1 X132.958 Y88.353 E.00969
G1 X132.907 Y88.675 E.0097
G1 X132.89 Y89 E.0097
G1 X132.907 Y89.325 E.0097
G1 X132.958 Y89.647 E.0097
G1 X133.042 Y89.961 E.00969
G1 X133.159 Y90.265 E.0097
G1 X133.306 Y90.555 E.0097
G1 X133.484 Y90.828 E.0097
G1 X133.688 Y91.081 E.0097
G1 X133.919 Y91.312 E.0097
G1 X134.172 Y91.516 E.0097
G1 X134.445 Y91.694 E.0097
G1 X134.735 Y91.841 E.0097
G1 X135.039 Y91.958 E.0097
G1 X135.353 Y92.042 E.00969
G1 X135.54 Y92.072 E.00562
G1 X135.477 Y92.468 F18000
G1 X135.616 Y92.49
G1 X135.617 Y92.481
M204 P1500
;TYPE:Inner wall
;WIDTH:0.45
G1 F6000
G1 X135.634 Y92.484 E.00055
G1 X136 Y92.503 E.01179
G1 X136.366 Y92.484 E.01179
G1 X136.728 Y92.426 E.01179
G1 X137.082 Y92.332 E.01179
G1 X137.425 Y92.2 E.01179
G1 X137.752 Y92.034 E.01179
G1 X138.059 Y91.834 E.01179
G1 X138.344 Y91.603 E.01179
G1 X138.603 Y91.344 E.01179
G1 X138.834 Y91.059 E.01179
G1 X139.034 Y90.752 E.01179
G1 X139.2 Y90.425 E.01179
G1 X139.332 Y90.082 E.01179
G1 X139.426 Y89.728 E.01179
G1 X139.484 Y89.366 E.01179
G1 X139.503 Y89 E.01179
G1 X139.484 Y88.634 E.01179
G1 X139.426 Y88.272 E.01179
G1 X139.332 Y87.918 E.01179
G1 X139.2 Y87.575 E.01179
G1 X139.034 Y87.248 E.01179
G1 X138.834 Y86.941 E.01179
G1 X138.603 Y86.656 E.01179
G1 X138.344 Y86.397 E.01179
G1 X138.059 Y86.166 E.01179
G1 X137.752 Y85.966 E.01179
G1 X137.425 Y85.8 E.01179
G1 X137.082 Y85.668 E.01179
G1 X136.728 Y85.574 E.01179
G1 X136.358 Y85.515 E.01205
G1 X135.886 Y85.503 E.01518
G1 X135.634 Y85.516 E.00813
G1 X135.272 Y85.574 E.01179
G1 X134.918 Y85.668 E.01179
G1 X134.575 Y85.8 E.01179
G1 X134.248 Y85.966 E.01179
G1 X133.941 Y86.166 E.01179
G1 X133.656 Y86.397 E.01179
G1 X133.397 Y86.656 E.01179
G1 X133.166 Y86.941 E.01179
G1 X132.966 Y87.248 E.01179
G1 X132.8 Y87.575 E.01179
G1 X132.668 Y87.918 E.01179
G1 X132.574 Y88.272 E.01179
G1 X132.516 Y88.634 E.01179
G1 X132.497 Y89 E.01179
G1 X132.516 Y89.366 E.01179
G1 X132.574 Y89.728 E.01179
G1 X132.668 Y90.082 E.01179
G1 X132.8 Y90.425 E.01179
G1 X132.966 Y90.752 E.01179
G1 X133.166 Y91.059 E.01179
G1 X133.397 Y91.344 E.01179
G1 X133.656 Y91.603 E.01179
G1 X133.941 Y91.834 E.01179
G1 X134.248 Y92.034 E.01179
G1 X134.575 Y92.2 E.01179
G1 X134.918 Y92.332 E.01179
G1 X135.272 Y92.426 E.01179
G1 X135.558 Y92.472 E.00931
G1 X135.555 Y92.884 F18000
G1 F6000
G1 X135.591 Y92.889 E.00119
G1 X136 Y92.911 E.01316
G1 X136.409 Y92.889 E.01316
G1 X136.813 Y92.825 E.01316
G1 X137.208 Y92.719 E.01316
G1 X137.591 Y92.573 E.01317
G1 X137.955 Y92.387 E.01316
G1 X138.299 Y92.164 E.01316
G1 X138.617 Y91.906 E.01316
G1 X138.906 Y91.617 E.01317
G1 X139.164 Y91.299 E.01316
G1 X139.387 Y90.955 E.01316
G1 X139.573 Y90.591 E.01316
G1 X139.719 Y90.208 E.01317
G1 X139.825 Y89.813 E.01316
G1 X139.889 Y89.409 E.01317
G1 X139.911 Y89 E.01316
G1 X139.889 Y88.591 E.01316
G1 X139.825 Y88.187 E.01317
G1 X139.719 Y87.792 E.01316
G1 X139.573 Y87.409 E.01317
G1 X139.387 Y87.045 E.01316
G1 X139.164 Y86.701 E.01316
G1 X138.906 Y86.383 E.01316
G1 X138.617 Y86.094 E.01317
G1 X138.299 Y85.836 E.01316
G1 X137.955 Y85.613 E.01316
G1 X137.591 Y85.427 E.01316
G1 X137.208 Y85.281 E.01317
G1 X136.813 Y85.175 E.01316
G1 X136.395 Y85.109 E.0136
G1 X135.881 Y85.096 E.01655
G1 X135.591 Y85.111 E.00933
G1 X135.187 Y85.175 E.01316
G1 X134.792 Y85.281 E.01316
G1 X134.409 Y85.427 E.01317
G1 X134.045 Y85.613 E.01316
G1 X133.701 Y85.836 E.01316
G1 X133.383 Y86.094 E.01316
G1 X133.094 Y86.383 E.01317
G1 X132.836 Y86.701 E.01316
G1 X132.613 Y87.045 E.01316
G1 X132.427 Y87.409 E.01316
G1 X132.281 Y87.792 E.01317
G1 X132.175 Y88.187 E.01316
G1 X132.111 Y88.591 E.01317
G1 X132.089 Y89 E.01316
G1 X132.111 Y89.409 E.01316
G1 X132.175 Y89.813 E.01317
G1 X132.281 Y90.208 E.01316
G1 X132.427 Y90.591 E.01317
G1 X132.613 Y90.955 E.01316
G1 X132.836 Y91.299 E.01316
G1 X133.094 Y91.617 E.01316
G1 X133.383 Y91.906 E.01317
G1 X133.701 Y92.164 E.01316
G1 X134.045 Y92.387 E.01316
G1 X134.409 Y92.573 E.01316
G1 X134.792 Y92.719 E.01317
G1 X135.187 Y92.825 E.01316
G1 X135.495 Y92.874 E.01005
G1 E-1.75
;WIPE_START
G1 X135.591 Y92.889 E-.07275
G1 X136 Y92.911 E-.30703
G1 X136.409 Y92.889 E-.30703
G1 X136.492 Y92.876 E-.06319
;WIPE_END
G1 X136.43 Y92.483 Z3.04 F18000
G1 X139.493 Y130.633
G1 X139.512 Y131
G1 X139.493 Y131.367
G1 X139.435 Y131.73
G1 X139.34 Y132.085
G1 X139.208 Y132.428
G1 X139.041 Y132.756
G1 X138.841 Y133.064
G1 X138.61 Y133.35
G1 X138.35 Y133.61
G1 X138.064 Y133.841
G1 X137.756 Y134.041
G1 X137.428 Y134.208
G1 X137.085 Y134.34
G1 X136.73 Y134.435
G1 X136.422 Y134.484
G1 X136.359 Y134.088
G1 Z2.84
G1 E2.5 F6000
M204 P1000
;TYPE:Outer wall
;WIDTH:0.42
G1 F3600
G1 X136.647 Y134.042 E.00867
G1 X136.961 Y133.958 E.00969
G1 X137.265 Y133.841 E.0097
G1 X137.555 Y133.694 E.0097
G1 X137.828 Y133.516 E.0097
G1 X138.081 Y133.312 E.0097
G1 X138.312 Y133.081 E.0097
G1 X138.516 Y132.828 E.0097
G1 X138.694 Y132.555 E.0097
G1 X138.841 Y132.265 E.0097
G1 X138.958 Y131.961 E.0097
G1 X139.042 Y131.647 E.00969
G1 X139.093 Y131.325 E.0097
G1 X139.11 Y131 E.0097
G1 X139.093 Y130.675 E.0097
G1 X139.042 Y130.353 E.0097
G1 X138.958 Y130.039 E.00969
G1 X138.841 Y129.735 E.0097
G1 X138.694 Y129.445 E.0097
G1 X138.516 Y129.172 E.0097
G1 X138.312 Y128.919 E.0097
G1 X138.081 Y128.688 E.0097
G1 X137.828 Y128.484 E.0097
G1 X137.555 Y128.306 E.0097
G1 X137.265 Y128.159 E.0097
G1 X136.961 Y128.042 E.0097
G1 X136.647 Y127.958 E.00969
G1 X136.322 Y127.906 E.00978
G1 X135.675 Y127.907 E.01929
G1 X135.353 Y127.958 E.0097
G1 X135.039 Y128.042 E.00969
G1 X134.735 Y128.159 E.0097
G1 X134.445 Y128.306 E.0097
G1 X134.172 Y128.484 E.0097
G1 X133.919 Y128.688 E.0097
G1 X133.688 Y128.919 E.0097
G1 X133.484 Y129.172 E.0097
G1 X133.306 Y129.445 E.0097
G1 X133.159 Y129.735 E.0097
G1 X133.042 Y130.039 E.0097
G1 X132.958 Y130.353 E.00969
G1 X132.907 Y130.675 E.0097
G1 X132.89 Y131 E.0097
G1 X132.907 Y131.325 E.0097
G1 X132.958 Y131.647 E.0097
G1 X133.042 Y131.961 E.00969
G1 X133.159 Y132.265 E.0097
G1 X133.306 Y132.555 E.0097
G1 X133.484 Y132.828 E.0097
G1 X133.688 Y133.081 E.0097
G1 X133.919 Y133.312 E.0097
G1 X134.172 Y133.516 E.0097
G1 X134.445 Y133.694 E.0097
G1 X134.735 Y133.841 E.0097
G1 X135.039 Y133.958 E.0097
G1 X135.353 Y134.042 E.00969
G1 X135.675 Y134.093 E.0097
G1 X136 Y134.11 E.0097
G1 X136.3 Y134.095 E.00894
G1 X136.321 Y134.495 F18000
G1 X136.367 Y134.492
G1 X136.385 Y134.49
G1 X136.383 Y134.481
M204 P1500
;TYPE:Inner wall
;WIDTH:0.45
G1 F6000
G1 X136.728 Y134.426 E.01124
G1 X137.082 Y134.332 E.01179
G1 X137.425 Y134.2 E.01179
G1 X137.752 Y134.034 E.01179
G1 X138.059 Y133.834 E.01179
G1 X138.344 Y133.603 E.01179
G1 X138.603 Y133.344 E.01179
G1 X138.834 Y133.059 E.01179
G1 X139.034 Y132.752 E.01179
G1 X139.2 Y132.425 E.01179
G1 X139.332 Y132.082 E.01179
G1 X139.426 Y131.728 E.01179
G1 X139.484 Y131.366 E.01179
G1 X139.503 Y131 E.01179
G1 X139.484 Y130.634 E.01179
G1 X139.426 Y130.272 E.01179
G1 X139.332 Y129.918 E.01179
G1 X139.2 Y129.575 E.01179
G1 X139.034 Y129.248 E.01179
G1 X138.834 Y128.941 E.01179
G1 X138.603 Y128.656 E.01179
G1 X138.344 Y128.397 E.01179
G1 X138.059 Y128.166 E.01179
G1 X137.752 Y127.966 E.01179
G1 X137.425 Y127.8 E.01179
G1 X137.082 Y127.668 E.01179
G1 X136.728 Y127.574 E.01179
G1 X136.358 Y127.515 E.01205
G1 X135.886 Y127.503 E.01518
G1 X135.634 Y127.516 E.00813
G1 X135.272 Y127.574 E.01179
G1 X134.918 Y127.668 E.01179
G1 X134.575 Y127.8 E.01179
G1 X134.248 Y127.966 E.01179
G1 X133.941 Y128.166 E.01179
G1 X133.656 Y128.397 E.01179
G1 X133.397 Y128.656 E.01179
G1 X133.166 Y128.941 E.01179
G1 X132.966 Y129.248 E.01179
G1 X132.8 Y129.575 E.01179
G1 X132.668 Y129.918 E.01179
G1 X132.574 Y130.272 E.01179
G1 X132.516 Y130.634 E.01179
G1 X132.497 Y131 E.01179
G1 X132.516 Y131.366 E.01179
G1 X132.574 Y131.728 E.01179
G1 X132.668 Y132.082 E.01179
G1 X132.8 Y132.425 E.01179
G1 X132.966 Y132.752 E.01179
G1 X133.166 Y133.059 E.01179
G1 X133.397 Y133.344 E.01179
G1 X133.656 Y133.603 E.01179
G1 X133.941 Y133.834 E.01179
G1 X134.248 Y134.034 E.01179
G1 X134.575 Y134.2 E.01179
G1 X134.918 Y134.332 E.01179
G1 X135.272 Y134.426 E.01179
G1 X135.634 Y134.484 E.01179
G1 X136 Y134.503 E.01179
G1 X136.323 Y134.486 E.01041
G1 X136.445 Y134.884 F18000
G1 F6000
G1 X136.813 Y134.825 E.01198
G1 X137.208 Y134.719 E.01316
G1 X137.591 Y134.573 E.01317
G1 X137.955 Y134.387 E.01316
G1 X138.299 Y134.164 E.01316
G1 X138.617 Y133.906 E.01316
G1 X138.906 Y133.617 E.01317
G1 X139.164 Y133.299 E.01316
G1 X139.387 Y132.955 E.01316
G1 X139.573 Y132.591 E.01316
G1 X139.719 Y132.208 E.01317
G1 X139.825 Y131.813 E.01316
G1 X139.889 Y131.409 E.01317
G1 X139.911 Y131 E.01316
G1 X139.889 Y130.591 E.01316
G1 X139.825 Y130.187 E.01317
G1 X139.719 Y129.792 E.01316
G1 X139.573 Y129.409 E.01317
G1 X139.387 Y129.045 E.01316
G1 X139.164 Y128.701 E.01316
G1 X138.906 Y128.383 E.01316
G1 X138.617 Y128.094 E.01317
G1 X138.299 Y127.836 E.01316
G1 X137.955 Y127.613 E.01316
G1 X137.591 Y127.427 E.01316
G1 X137.208 Y127.281 E.01317
G1 X136.813 Y127.175 E.01316
G1 X136.395 Y127.109 E.0136
G1 X135.881 Y127.096 E.01655
G1 X135.591 Y127.111 E.00933
G1 X135.187 Y127.175 E.01316
G1 X134.792 Y127.281 E.01316
G1 X134.409 Y127.427 E.01317
G1 X134.045 Y127.613 E.01316
G1 X133.701 Y127.836 E.01316
G1 X133.383 Y128.094 E.01316
G1 X133.094 Y128.383 E.01317
G1 X132.836 Y128.701 E.01316
G1 X132.613 Y129.045 E.01316
G1 X132.427 Y129.409 E.01316
G1 X132.281 Y129.792 E.01317
G1 X132.175 Y130.187 E.01316
G1 X132.111 Y130.591 E.01317
G1 X132.089 Y131 E.01316
G1 X132.111 Y131.409 E.01316
G1 X132.175 Y131.813 E.01317
G1 X132.281 Y132.208 E.01316
G1 X132.427 Y132.591 E.01317
G1 X132.613 Y132.955 E.01316
G1 X132.836 Y133.299 E.01316
G1 X133.094 Y133.617 E.01316
G1 X133.383 Y133.906 E.01317
G1 X133.701 Y134.164 E.01316
G1 X134.045 Y134.387 E.01316
G1 X134.409 Y134.573 E.01316
G1 X134.792 Y134.719 E.01317
G1 X135.187 Y134.825 E.01316
G1 X135.591 Y134.889 E.01316
G1 X136 Y134.911 E.01316
G1 X136.386 Y134.891 E.01242
G1 E-1.75
;WIPE_START
G1 X136.813 Y134.825 E-.32427
G1 X137.208 Y134.719 E-.3069
G1 X137.356 Y134.663 E-.11882
;WIPE_END
G1 X137.214 Y134.291 Z3.04 F18000
G1 X85.634 Y134.103
G1 X85.428 Y134.208
G1 X85.085 Y134.34
G1 X84.73 Y134.435
G1 X84.367 Y134.492
G1 X84 Y134.512
G1 X83.633 Y134.492
G1 X83.536 Y134.477
G1 X83.599 Y134.081
G1 Z2.84
G1 E2.5 F6000
M204 P1000
;TYPE:Outer wall
;WIDTH:0.42
G1 F3600
G1 X83.675 Y134.093 E.00229
G1 X84 Y134.11 E.0097
G1 X84.325 Y134.093 E.0097
G1 X84.647 Y134.042 E.0097
G1 X84.961 Y133.958 E.00969
G1 X85.265 Y133.841 E.0097
G1 X85.555 Y133.694 E.0097
G1 X85.828 Y133.516 E.0097
G1 X86.081 Y133.312 E.0097
G1 X86.312 Y133.081 E.0097
G1 X86.516 Y132.828 E.0097
G1 X86.694 Y132.555 E.0097
G1 X86.841 Y132.265 E.0097
G1 X86.958 Y131.961 E.0097
G1 X87.042 Y131.647 E.00969
G1 X87.093 Y131.325 E.0097
G1 X87.11 Y131 E.0097
G1 X87.093 Y130.675 E.0097
G1 X87.042 Y130.353 E.0097
G1 X86.958 Y130.039 E.00969
G1 X86.841 Y129.735 E.0097
G1 X86.694 Y129.445 E.0097
G1 X86.516 Y129.172 E.0097
G1 X86.312 Y128.919 E.0097
G1 X86.081 Y128.688 E.0097
G1 X85.828 Y128.484 E.0097
G1 X85.555 Y128.306 E.0097
G1 X85.265 Y128.159 E.0097
G1 X84.961 Y128.042 E.0097
G1 X84.647 Y127.958 E.00969
G1 X84.322 Y127.906 E.00978
G1 X83.675 Y127.907 E.01929
G1 X83.353 Y127.958 E.0097
G1 X83.039 Y128.042 E.00969
G1 X82.735 Y128.159 E.0097
G1 X82.445 Y128.306 E.0097
G1 X82.172 Y128.484 E.0097
G1 X81.919 Y128.688 E.0097
G1 X81.688 Y128.919 E.0097
G1 X81.484 Y129.172 E.0097
G1 X81.306 Y129.445 E.0097
G1 X81.159 Y129.735 E.0097
G1 X81.042 Y130.039 E.0097
G1 X80.958 Y130.353 E.00969
G1 X80.907 Y130.675 E.0097
G1 X80.89 Y131 E.0097
G1 X80.907 Y131.325 E.0097
G1 X80.958 Y131.647 E.0097
G1 X81.042 Y131.961 E.00969
G1 X81.159 Y132.265 E.0097
G1 X81.306 Y132.555 E.0097
G1 X81.484 Y132.828 E.0097
G1 X81.688 Y133.081 E.0097
G1 X81.919 Y133.312 E.0097
G1 X82.172 Y133.516 E.0097
G1 X82.445 Y133.694 E.0097
G1 X82.735 Y133.841 E.0097
G1 X83.039 Y133.958 E.0097
G1 X83.353 Y134.042 E.00969
G1 X83.54 Y134.072 E.00562
G1 X83.477 Y134.468 F18000
G1 X83.616 Y134.49
G1 X83.617 Y134.481
M204 P1500
;TYPE:Inner wall
;WIDTH:0.45
G1 F6000
G1 X83.634 Y134.484 E.00055
G1 X84 Y134.503 E.01179
G1 X84.366 Y134.484 E.01179
G1 X84.728 Y134.426 E.01179
G1 X85.082 Y134.332 E.01179
G1 X85.425 Y134.2 E.01179
G1 X85.752 Y134.034 E.01179
G1 X86.059 Y133.834 E.01179
G1 X86.344 Y133.603 E.01179
G1 X86.603 Y133.344 E.01179
G1 X86.834 Y133.059 E.01179
G1 X87.034 Y132.752 E.01179
G1 X87.2 Y132.425 E.01179
G1 X87.332 Y132.082 E.01179
G1 X87.426 Y131.728 E.01179
G1 X87.484 Y131.366 E.01179
G1 X87.503 Y131 E.01179
G1 X87.484 Y130.634 E.01179
G1 X87.426 Y130.272 E.01179
G1 X87.332 Y129.918 E.01179
G1 X87.2 Y129.575 E.01179
G1 X87.034 Y129.248 E.01179
G1 X86.834 Y128.941 E.01179
G1 X86.603 Y128.656 E.01179
G1 X86.344 Y128.397 E.01179
G1 X86.059 Y128.166 E.01179
G1 X85.752 Y127.966 E.01179
G1 X85.425 Y127.8 E.01179
G1 X85.082 Y127.668 E.01179
G1 X84.728 Y127.574 E.01179
G1 X84.358 Y127.515 E.01205
G1 X83.886 Y127.503 E.01518
G1 X83.634 Y127.516 E.00813
G1 X83.272 Y127.574 E.01179
G1 X82.918 Y127.668 E.01179
G1 X82.575 Y127.8 E.01179
G1 X82.248 Y127.966 E.01179
G1 X81.941 Y128.166 E.01179
G1 X81.656 Y128.397 E.01179
G1 X81.397 Y128.656 E.01179
G1 X81.166 Y128.941 E.01179
G1 X80.966 Y129.248 E.01179
G1 X80.8 Y129.575 E.01179
G1 X80.668 Y129.918 E.01179
G1 X80.574 Y130.272 E.01179
G1 X80.516 Y130.634 E.01179
G1 X80.497 Y131 E.01179
G1 X80.516 Y131.366 E.01179
G1 X80.574 Y131.728 E.01179
G1 X80.668 Y132.082 E.01179
G1 X80.8 Y132.425 E.01179
G1 X80.966 Y132.752 E.01179
G1 X81.166 Y133.059 E.01179
G1 X81.397 Y133.344 E.01179
G1 X81.656 Y133.603 E.01179
G1 X81.941 Y133.834 E.01179
G1 X82.248 Y134.034 E.01179
G1 X82.575 Y134.2 E.01179
G1 X82.918 Y134.332 E.01179
G1 X83.272 Y134.426 E.01179
G1 X83.558 Y134.472 E.00931
G1 X83.555 Y134.884 F18000
G1 F6000
G1 X83.591 Y134.889 E.00119
G1 X84 Y134.911 E.01316
G1 X84.409 Y134.889 E.01316
G1 X84.813 Y134.825 E.01316
G1 X85.208 Y134.719 E.01316
G1 X85.591 Y134.573 E.01317
G1 X85.955 Y134.387 E.01316
G1 X86.299 Y134.164 E.01316
G1 X86.617 Y133.906 E.01316
G1 X86.906 Y133.617 E.01317
G1 X87.164 Y133.299 E.01316
G1 X87.387 Y132.955 E.01316
G1 X87.573 Y132.591 E.01316
G1 X87.719 Y132.208 E.01317
G1 X87.825 Y131.813 E.01316
G1 X87.889 Y131.409 E.01317
G1 X87.911 Y131 E.01316
G1 X87.889 Y130.591 E.01316
G1 X87.825 Y130.187 E.01317
G1 X87.719 Y129.792 E.01316
G1 X87.573 Y129.409 E.01317
G1 X87.387 Y129.045 E.01316
G1 X87.164 Y128.701 E.01316
G1 X86.906 Y128.383 E.01316
G1 X86.617 Y128.094 E.01317
G1 X86.299 Y127.836 E.01316
G1 X85.955 Y127.613 E.01316
G1 X85.591 Y127.427 E.01316
G1 X85.208 Y127.281 E.01317
G1 X84.813 Y127.175 E.01316
G1 X84.395 Y127.109 E.0136
G1 X83.881 Y127.096 E.01655
G1 X83.591 Y127.111 E.00933
G1 X83.187 Y127.175 E.01316
G1 X82.792 Y127.281 E.01316
G1 X82.409 Y127.427 E.01317
G1 X82.045 Y127.613 E.01316
G1 X81.701 Y127.836 E.01316
G1 X81.383 Y128.094 E.01316
G1 X81.094 Y128.383 E.01317
G1 X80.836 Y128.701 E.01316
G1 X80.613 Y129.045 E.01316
G1 X80.427 Y129.409 E.01316
G1 X80.281 Y129.792 E.01317
G1 X80.175 Y130.187 E.01316
G1 X80.111 Y130.591 E.01317
G1 X80.089 Y131 E.01316
G1 X80.111 Y131.409 E.01316
G1 X80.175 Y131.813 E.01317
G1 X80.281 Y132.208 E.01316
G1 X80.427 Y132.591 E.01317
G1 X80.613 Y132.955 E.01316
G1 X80.836 Y133.299 E.01316
G1 X81.094 Y133.617 E.01316
G1 X81.383 Y133.906 E.01317
G1 X81.701 Y134.164 E.01316
G1 X82.045 Y134.387 E.01316
G1 X82.409 Y134.573 E.01316
G1 X82.792 Y134.719 E.01317
G1 X83.187 Y134.825 E.01316
G1 X83.495 Y134.874 E.01005
G1 E-1.75
;WIPE_START
G1 X83.591 Y134.889 E-.07275
G1 X84 Y134.911 E-.30703
G1 X84.409 Y134.889 E-.30703
G1 X84.492 Y134.876 E-.06319
;WIPE_END
G1 X84.43 Y134.483 Z3.04 F18000
G1 X84.73 Y134.435
G1 X85.085 Y134.34
G1 X85.428 Y134.208
G1 X85.756 Y134.041
G1 X86.064 Y133.841
G1 X86.35 Y133.61
G1 X86.61 Y133.35
G1 X86.841 Y133.064
G1 X87.041 Y132.756
G1 X87.208 Y132.428
G1 X87.34 Y132.085
G1 X87.435 Y131.73
G1 X87.493 Y131.367
G1 X87.512 Y131
G1 X87.493 Y130.633
G1 X87.435 Y130.27
G1 X87.34 Y129.915
G1 X87.208 Y129.572
G1 X87.041 Y129.244
G1 X86.841 Y128.936
G1 X86.61 Y128.65
G1 X86.35 Y128.39
G1 X86.064 Y128.159
G1 X85.756 Y127.959
G1 X85.428 Y127.792
G1 X85.085 Y127.66
G1 X84.73 Y127.565
G1 X84.367 Y127.508
G1 X84.338 Y127.506
G1 X83.536 Y92.477
G1 X83.599 Y92.081
G1 Z2.84
G1 E2.5 F6000
M204 P1000
;TYPE:Outer wall
;WIDTH:0.42
G1 F3600
G1 X83.675 Y92.093 E.00229
G1 X84 Y92.11 E.0097
G1 X84.325 Y92.093 E.0097
G1 X84.647 Y92.042 E.0097
G1 X84.961 Y91.958 E.00969
G1 X85.265 Y91.841 E.0097
G1 X85.555 Y91.694 E.0097
G1 X85.828 Y91.516 E.0097
G1 X86.081 Y91.312 E.0097
G1 X86.312 Y91.081 E.0097
G1 X86.516 Y90.828 E.0097
G1 X86.694 Y90.555 E.0097
G1 X86.841 Y90.265 E.0097
G1 X86.958 Y89.961 E.0097
G1 X87.042 Y89.647 E.00969
G1 X87.093 Y89.325 E.0097
G1 X87.11 Y89 E.0097
G1 X87.093 Y88.675 E.0097
G1 X87.042 Y88.353 E.0097
G1 X86.958 Y88.039 E.00969
G1 X86.841 Y87.735 E.0097
G1 X86.694 Y87.445 E.0097
G1 X86.516 Y87.172 E.0097
G1 X86.312 Y86.919 E.0097
G1 X86.081 Y86.688 E.0097
G1 X85.828 Y86.484 E.0097
G1 X85.555 Y86.306 E.0097
G1 X85.265 Y86.159 E.0097
G1 X84.961 Y86.042 E.0097
G1 X84.647 Y85.958 E.00969
G1 X84.322 Y85.906 E.00978
G1 X83.675 Y85.907 E.01929
G1 X83.353 Y85.958 E.0097
G1 X83.039 Y86.042 E.00969
G1 X82.735 Y86.159 E.0097
G1 X82.445 Y86.306 E.0097
G1 X82.172 Y86.484 E.0097
G1 X81.919 Y86.688 E.0097
G1 X81.688 Y86.919 E.0097
G1 X81.484 Y87.172 E.0097
G1 X81.306 Y87.445 E.0097
G1 X81.159 Y87.735 E.0097
G1 X81.042 Y88.039 E.0097
G1 X80.958 Y88.353 E.00969
G1 X80.907 Y88.675 E.0097
G1 X80.89 Y89 E.0097
G1 X80.907 Y89.325 E.0097
G1 X80.958 Y89.647 E.0097
G1 X81.042 Y89.961 E.00969
G1 X81.159 Y90.265 E.0097
G1 X81.306 Y90.555 E.0097
G1 X81.484 Y90.828 E.0097
G1 X81.688 Y91.081 E.0097
G1 X81.919 Y91.312 E.0097
G1 X82.172 Y91.516 E.0097
G1 X82.445 Y91.694 E.0097
G1 X82.735 Y91.841 E.0097
G1 X83.039 Y91.958 E.0097
G1 X83.353 Y92.042 E.00969
G1 X83.54 Y92.072 E.00562
G1 X83.477 Y92.468 F18000
G1 X83.615 Y92.49
G1 X83.617 Y92.481
M204 P1500
;TYPE:Inner wall
;WIDTH:0.45
G1 F6000
G1 X83.634 Y92.484 E.00055
G1 X84 Y92.503 E.01179
G1 X84.366 Y92.484 E.01179
G1 X84.728 Y92.426 E.01179
G1 X85.082 Y92.332 E.01179
G1 X85.425 Y92.2 E.01179
G1 X85.752 Y92.034 E.01179
G1 X86.059 Y91.834 E.01179
G1 X86.344 Y91.603 E.01179
G1 X86.603 Y91.344 E.01179
G1 X86.834 Y91.059 E.01179
G1 X87.034 Y90.752 E.01179
G1 X87.2 Y90.425 E.01179
G1 X87.332 Y90.082 E.01179
G1 X87.426 Y89.728 E.01179
G1 X87.484 Y89.366 E.01179
G1 X87.503 Y89 E.01179
G1 X87.484 Y88.634 E.01179
G1 X87.426 Y88.272 E.01179
G1 X87.332 Y87.918 E.01179
G1 X87.2 Y87.575 E.01179
G1 X87.034 Y87.248 E.01179
G1 X86.834 Y86.941 E.01179
G1 X86.603 Y86.656 E.01179
G1 X86.344 Y86.397 E.01179
G1 X86.059 Y86.166 E.01179
G1 X85.752 Y85.966 E.01179
G1 X85.425 Y85.8 E.01179
G1 X85.082 Y85.668 E.01179
G1 X84.728 Y85.574 E.01179
G1 X84.358 Y85.515 E.01205
G1 X83.886 Y85.503 E.01518
G1 X83.634 Y85.516 E.00813
G1 X83.272 Y85.574 E.01179
G1 X82.918 Y85.668 E.01179
G1 X82.575 Y85.8 E.01179
G1 X82.248 Y85.966 E.01179
G1 X81.941 Y86.166 E.01179
G1 X81.656 Y86.397 E.01179
G1 X81.397 Y86.656 E.01179
G1 X81.166 Y86.941 E.01179
G1 X80.966 Y87.248 E.01179
G1 X80.8 Y87.575 E.01179
G1 X80.668 Y87.918 E.01179
G1 X80.574 Y88.272 E.01179
G1 X80.516 Y88.634 E.01179
G1 X80.497 Y89 E.01179
G1 X80.516 Y89.366 E.01179
G1 X80.574 Y89.728 E.01179
G1 X80.668 Y90.082 E.01179
G1 X80.8 Y90.425 E.01179
G1 X80.966 Y90.752 E.01179
G1 X81.166 Y91.059 E.01179
G1 X81.397 Y91.344 E.01179
G1 X81.656 Y91.603 E.01179
G1 X81.941 Y91.834 E.01179
G1 X82.248 Y92.034 E.01179
G1 X82.575 Y92.2 E.01179
G1 X82.918 Y92.332 E.01179
G1 X83.272 Y92.426 E.01179
G1 X83.558 Y92.472 E.00931
G1 X83.555 Y92.884 F18000
G1 F6000
G1 X83.591 Y92.889 E.00119
G1 X84 Y92.911 E.01316
G1 X84.409 Y92.889 E.01316
G1 X84.813 Y92.825 E.01316
G1 X85.208 Y92.719 E.01316
G1 X85.591 Y92.573 E.01317
G1 X85.955 Y92.387 E.01316
G1 X86.299 Y92.164 E.01316
G1 X86.617 Y91.906 E.01316
G1 X86.906 Y91.617 E.01317
G1 X87.164 Y91.299 E.01316
G1 X87.387 Y90.955 E.01316
G1 X87.573 Y90.591 E.01316
G1 X87.719 Y90.208 E.01317
G1 X87.825 Y89.813 E.01316
G1 X87.889 Y89.409 E.01317
G1 X87.911 Y89 E.01316
G1 X87.889 Y88.591 E.01316
G1 X87.825 Y88.187 E.01317
G1 X87.719 Y87.792 E.01316
G1 X87.573 Y87.409 E.01317
G1 X87.387 Y87.045 E.01316
G1 X87.164 Y86.701 E.01316
G1 X86.906 Y86.383 E.01316
G1 X86.617 Y86.094 E.01317
G1 X86.299 Y85.836 E.01316
G1 X85.955 Y85.613 E.01316
G1 X85.591 Y85.427 E.01316
G1 X85.208 Y85.281 E.01317
G1 X84.813 Y85.175 E.01316
G1 X84.395 Y85.109 E.0136
G1 X83.881 Y85.096 E.01655
G1 X83.591 Y85.111 E.00933
G1 X83.187 Y85.175 E.01316
G1 X82.792 Y85.281 E.01316
G1 X82.409 Y85.427 E.01317
G1 X82.045 Y85.613 E.01316
G1 X81.701 Y85.836 E.01316
G1 X81.383 Y86.094 E.01316
G1 X81.094 Y86.383 E.01317
G1 X80.836 Y86.701 E.01316
G1 X80.613 Y87.045 E.01316
G1 X80.427 Y87.409 E.01316
G1 X80.281 Y87.792 E.01317
G1 X80.175 Y88.187 E.01316
G1 X80.111 Y88.591 E.01317
G1 X80.089 Y89 E.01316
G1 X80.111 Y89.409 E.01316
G1 X80.175 Y89.813 E.01317
G1 X80.281 Y90.208 E.01316
G1 X80.427 Y90.591 E.01317
G1 X80.613 Y90.955 E.01316
G1 X80.836 Y91.299 E.01316
G1 X81.094 Y91.617 E.01316
G1 X81.383 Y91.906 E.01317
G1 X81.701 Y92.164 E.01316
G1 X82.045 Y92.387 E.01316
G1 X82.409 Y92.573 E.01316
G1 X82.792 Y92.719 E.01317
G1 X83.187 Y92.825 E.01316
G1 X83.495 Y92.874 E.01005
G1 E-1.75
;WIPE_START
G1 X83.591 Y92.889 E-.07275
G1 X84 Y92.911 E-.30703
G1 X84.409 Y92.889 E-.30703
G1 X84.492 Y92.876 E-.06319
;WIPE_END
G1 X84.43 Y92.483 Z3.04 F18000
G1 X101.689 Y118.311
G1 X118.311 Y118.311
G1 X118.311 Y117.91
G1 X117.91 Y117.91
G1 Z2.84
G1 E2.5 F6000
M204 P1000
;TYPE:Outer wall
;WIDTH:0.42
G1 F3600
G1 X117.91 Y102.09 E.47122
G1 X102.09 Y102.09 E.47122
G1 X102.09 Y117.91 E.47122
G1 X117.85 Y117.91 E.46944
G1 X117.85 Y118.311 F18000
G1 X118.311 Y118.311
G1 X118.311 Y118.302
G1 X118.302 Y118.302
M204 P1500
;TYPE:Inner wall
;WIDTH:0.45
G1 F6000
G1 X118.302 Y101.698 E.53393
G1 X101.698 Y101.698 E.53393
G1 X101.698 Y118.302 E.53393
G1 X118.242 Y118.302 E.532
G1 X118.709 Y118.709 F18000
G1 F6000
G1 X118.709 Y101.291 E.56011
G1 X101.291 Y101.291 E.56011
G1 X101.291 Y118.709 E.56011
G1 X118.649 Y118.709 E.55818
G1 X118.872 Y142.827 F18000
M204 P2000
;TYPE:Internal solid infill
;WIDTH:0.420461
G1 F6000
G1 X118.872 Y119.042 E.70934
G1 X118.495 Y119.042 E.01126
G1 X118.495 Y142.658 E.70428
G1 X118.117 Y142.658 E.01126
G1 X118.117 Y119.042 E.70428
G1 X117.74 Y119.042 E.01126
G1 X117.74 Y142.658 E.70428
G1 X117.362 Y142.658 E.01126
G1 X117.362 Y119.042 E.70428
G1 X116.985 Y119.042 E.01126
G1 X116.985 Y142.658 E.70428
G1 X116.607 Y142.658 E.01126
G1 X116.607 Y119.042 E.70428
G1 X116.229 Y119.042 E.01126
G1 X116.229 Y142.658 E.70428
G1 X115.852 Y142.658 E.01126
G1 X115.852 Y119.042 E.70428
G1 X115.474 Y119.042 E.01126
G1 X115.474 Y142.658 E.70428
G1 X115.097 Y142.658 E.01126
G1 X115.097 Y119.042 E.70428
G1 X114.719 Y119.042 E.01126
G1 X114.719 Y142.658 E.70428
G1 X114.342 Y142.658 E.01126
G1 X114.342 Y119.042 E.70428
G1 X113.964 Y119.042 E.01126
G1 X113.964 Y142.658 E.70428
G1 X113.587 Y142.658 E.01126
G1 X113.587 Y119.042 E.70428
G1 X113.209 Y119.042 E.01126
G1 X113.209 Y142.658 E.70428
G1 X112.832 Y142.658 E.01126
G1 X112.832 Y119.042 E.70428
G1 X112.454 Y119.042 E.01126
G1 X112.454 Y142.658 E.70428
G1 X112.076 Y142.658 E.01126
G1 X112.076 Y119.042 E.70428
G1 X111.699 Y119.042 E.01126
G1 X111.699 Y142.658 E.70428
G1 X111.321 Y142.658 E.01126
G1 X111.321 Y119.042 E.70428
G1 X110.944 Y119.042 E.01126
G1 X110.944 Y142.658 E.70428
G1 X110.566 Y142.658 E.01126
G1 X110.566 Y119.042 E.70428
G1 X110.189 Y119.042 E.01126
G1 X110.189 Y142.658 E.70428
G1 X109.811 Y142.658 E.01126
G1 X109.811 Y119.042 E.70428
G1 X109.434 Y119.042 E.01126
G1 X109.434 Y142.658 E.70428
G1 X109.056 Y142.658 E.01126
G1 X109.056 Y119.042 E.70428
G1 X108.679 Y119.042 E.01126
G1 X108.679 Y142.658 E.70428
G1 X108.301 Y142.658 E.01126
G1 X108.301 Y119.042 E.70428
G1 X107.924 Y119.042 E.01126
G1 X107.924 Y142.658 E.70428
G1 X107.546 Y142.658 E.01126
G1 X107.546 Y119.042 E.70428
G1 X107.168 Y119.042 E.01126
G1 X107.168 Y142.658 E.70428
G1 X106.791 Y142.658 E.01126
G1 X106.791 Y119.042 E.70428
G1 X106.413 Y119.042 E.01126
G1 X106.413 Y142.658 E.70428
G1 X106.036 Y142.658 E.01126
G1 X106.036 Y119.042 E.70428
G1 X105.658 Y119.042 E.01126
G1 X105.658 Y142.658 E.70428
G1 X105.281 Y142.658 E.01126
G1 X105.281 Y119.042 E.70428
G1 X104.903 Y119.042 E.01126
G1 X104.903 Y142.658 E.70428
G1 X104.526 Y142.658 E.01126
G1 X104.526 Y119.042 E.70428
G1 X104.148 Y119.042 E.01126
G1 X104.148 Y142.658 E.70428
G1 X103.771 Y142.658 E.01126
G1 X103.771 Y119.042 E.70428
G1 X103.393 Y119.042 E.01126
G1 X103.393 Y142.658 E.70428
G1 X103.015 Y142.658 E.01126
G1 X103.015 Y119.042 E.70428
G1 X102.638 Y119.042 E.01126
G1 X102.638 Y142.658 E.70428
G1 X102.26 Y142.658 E.01126
G1 X102.26 Y119.042 E.70428
G1 X101.883 Y119.042 E.01126
G1 X101.883 Y142.658 E.70428
G1 X101.505 Y142.658 E.01126
G1 X101.505 Y119.042 E.70428
G1 X101.128 Y119.042 E.01126
G1 X101.128 Y142.658 E.70428
G1 X100.75 Y142.658 E.01126
G1 X100.75 Y77.342 E1.9479
G1 X101.128 Y77.342 E.01126
G1 X101.128 Y100.958 E.70428
G1 X101.505 Y100.958 E.01126
G1 X101.505 Y77.342 E.70428
G1 X101.883 Y77.342 E.01126
G1 X101.883 Y100.958 E.70428
G1 X102.26 Y100.958 E.01126
G1 X102.26 Y77.342 E.70428
G1 X102.638 Y77.342 E.01126
G1 X102.638 Y100.958 E.70428
G1 X103.015 Y100.958 E.01126
G1 X103.015 Y77.342 E.70428
G1 X103.393 Y77.342 E.01126
G1 X103.393 Y100.958 E.70428
G1 X103.771 Y100.958 E.01126
G1 X103.771 Y77.342 E.70428
G1 X104.148 Y77.342 E.01126
G1 X104.148 Y100.958 E.70428
G1 X104.526 Y100.958 E.01126
G1 X104.526 Y77.342 E.70428
G1 X104.903 Y77.342 E.01126
G1 X104.903 Y100.958 E.70428
G1 X105.281 Y100.958 E.01126
G1 X105.281 Y77.342 E.70428
G1 X105.658 Y77.342 E.01126
G1 X105.658 Y100.958 E.70428
G1 X106.036 Y100.958 E.01126
G1 X106.036 Y77.342 E.70428
G1 X106.413 Y77.342 E.01126
G1 X106.413 Y100.958 E.70428
G1 X106.791 Y100.958 E.01126
G1 X106.791 Y77.342 E.70428
G1 X107.168 Y77.342 E.01126
G1 X107.168 Y100.958 E.70428
G1 X107.546 Y100.958 E.01126
G1 X107.546 Y77.342 E.70428
G1 X107.924 Y77.342 E.01126
G1 X107.924 Y100.958 E.70428
G1 X108.301 Y100.958 E.01126
G1 X108.301 Y77.342 E.70428
G1 X108.679 Y77.342 E.01126
G1 X108.679 Y100.958 E.70428
G1 X109.056 Y100.958 E.01126
G1 X109.056 Y77.342 E.70428
G1 X109.434 Y77.342 E.01126
G1 X109.434 Y100.958 E.70428
G1 X109.811 Y100.958 E.01126
G1 X109.811 Y77.342 E.70428
G1 X110.189 Y77.342 E.01126
G1 X110.189 Y100.958 E.70428
G1 X110.566 Y100.958 E.01126
G1 X110.566 Y77.342 E.70428
G1 X110.944 Y77.342 E.01126
G1 X110.944 Y100.958 E.70428
G1 X111.321 Y100.958 E.01126
G1 X111.321 Y77.342 E.70428
G1 X111.699 Y77.342 E.01126
G1 X111.699 Y100.958 E.70428
G1 X112.076 Y100.958 E.01126
G1 X112.076 Y77.342 E.70428
G1 X112.454 Y77.342 E.01126
G1 X112.454 Y100.958 E.70428
G1 X112.832 Y100.958 E.01126
G1 X112.832 Y77.342 E.70428
G1 X113.209 Y77.342 E.01126
G1 X113.209 Y100.958 E.70428
G1 X113.587 Y100.958 E.01126
G1 X113.587 Y77.342 E.70428
G1 X113.964 Y77.342 E.01126
G1 X113.964 Y100.958 E.70428
G1 X114.342 Y100.958 E.01126
G1 X114.342 Y77.342 E.70428
G1 X114.719 Y77.342 E.01126
G1 X114.719 Y100.958 E.70428
G1 X115.097 Y100.958 E.01126
G1 X115.097 Y77.342 E.70428
G1 X115.474 Y77.342 E.01126
G1 X115.474 Y100.958 E.70428
G1 X115.852 Y100.958 E.01126
G1 X115.852 Y77.342 E.70428
G1 X116.229 Y77.342 E.01126
G1 X116.229 Y100.958 E.70428
G1 X116.607 Y100.958 E.01126
G1 X116.607 Y77.342 E.70428
G1 X116.985 Y77.342 E.01126
G1 X116.985 Y100.958 E.70428
G1 X117.362 Y100.958 E.01126
G1 X117.362 Y77.342 E.70428
G1 X117.74 Y77.342 E.01126
G1 X117.74 Y100.958 E.70428
G1 X118.117 Y100.958 E.01126
G1 X118.117 Y77.342 E.70428
G1 X118.495 Y77.342 E.01126
G1 X118.495 Y100.958 E.70428
G1 X118.872 Y100.958 E.01126
G1 X118.872 Y77.342 E.70428
G1 X119.25 Y77.342 E.01126
G1 X119.25 Y142.658 E1.9479
G1 X119.627 Y142.658 E.01126
G1 X119.627 Y77.342 E1.9479
G1 X120.005 Y77.342 E.01126
G1 X120.005 Y142.658 E1.9479
G1 X120.382 Y142.658 E.01126
G1 X120.382 Y77.342 E1.9479
G1 X120.76 Y77.342 E.01126
G1 X120.76 Y142.658 E1.9479
G1 X121.137 Y142.658 E.01126
G1 X121.137 Y77.342 E1.9479
G1 X121.515 Y77.342 E.01126
G1 X121.515 Y142.658 E1.9479
G1 X121.893 Y142.658 E.01126
G1 X121.893 Y77.342 E1.9479
G1 X122.27 Y77.342 E.01126
G1 X122.27 Y142.658 E1.9479
G1 X122.648 Y142.658 E.01126
G1 X122.648 Y77.342 E1.9479
G1 X123.025 Y77.342 E.01126
G1 X123.025 Y142.658 E1.9479
G1 X123.403 Y142.658 E.01126
G1 X123.403 Y77.342 E1.9479
G1 X123.78 Y77.342 E.01126
G1 X123.78 Y142.658 E1.9479
G1 X124.158 Y142.658 E.01126
G1 X124.158 Y77.342 E1.9479
G1 X124.535 Y77.342 E.01126
G1 X124.535 Y142.658 E1.9479
G1 X124.913 Y142.658 E.01126
G1 X124.913 Y77.342 E1.9479
G1 X125.29 Y77.342 E.01126
G1 X125.29 Y142.658 E1.9479
G1 X125.668 Y142.658 E.01126
G1 X125.668 Y77.342 E1.9479
G1 X126.045 Y77.342 E.01126
G1 X126.045 Y142.658 E1.9479
G1 X126.423 Y142.658 E.01126
G1 X126.423 Y77.342 E1.9479
G1 X126.801 Y77.342 E.01126
G1 X126.801 Y142.658 E1.9479
G1 X127.178 Y142.658 E.01126
G1 X127.178 Y77.342 E1.9479
G1 X127.556 Y77.342 E.01126
G1 X127.556 Y142.658 E1.9479
G1 X127.933 Y142.658 E.01126
G1 X127.933 Y77.342 E1.9479
G1 X128.311 Y77.342 E.01126
G1 X128.311 Y142.658 E1.9479
G1 X128.688 Y142.658 E.01126
G1 X128.688 Y77.342 E1.9479
G1 X129.066 Y77.342 E.01126
G1 X129.066 Y142.658 E1.9479
G1 X129.443 Y142.658 E.01126
G1 X129.443 Y77.342 E1.9479
G1 X129.821 Y77.342 E.01126
G1 X129.821 Y142.658 E1.9479
G1 X130.198 Y142.658 E.01126
G1 X130.198 Y77.342 E1.9479
G1 X130.576 Y77.342 E.01126
G1 X130.576 Y142.658 E1.9479
G1 X130.954 Y142.658 E.01126
G1 X130.954 Y77.342 E1.9479
G1 X131.331 Y77.342 E.01126
G1 X131.331 Y142.658 E1.9479
G1 X131.709 Y142.658 E.01126
G1 X131.709 Y77.342 E1.9479
G1 X132.086 Y77.342 E.01126
G1 X132.086 Y87.368 E.29901
G1 X132.324 Y86.878 E.01627
G1 X132.464 Y86.663 E.00763
G1 X132.464 Y77.342 E.27797
G1 X132.841 Y77.342 E.01126
G1 X132.841 Y86.166 E.26313
G1 X133.219 Y85.798 E.01571
G1 X133.219 Y77.342 E.25217
G1 X133.596 Y77.342 E.01126
G1 X133.596 Y85.507 E.24349
G1 X133.974 Y85.275 E.01321
G1 X133.974 Y77.342 E.23658
G1 X134.351 Y77.342 E.01126
G1 X134.351 Y85.093 E.23114
G1 X134.729 Y84.952 E.01201
G1 X134.729 Y77.342 E.22695
G1 X135.106 Y77.342 E.01126
G1 X135.106 Y84.851 E.22394
G1 X135.484 Y84.79 E.01141
G1 X135.484 Y77.342 E.22212
G1 X135.862 Y77.342 E.01126
G1 X135.862 Y84.763 E.2213
G1 X136.239 Y84.771 E.01126
G1 X136.239 Y77.342 E.22155
G1 X136.617 Y77.342 E.01126
G1 X136.617 Y84.806 E.22259
G1 X136.994 Y84.878 E.01146
G1 X136.994 Y77.342 E.22474
G1 X137.372 Y77.342 E.01126
G1 X137.372 Y84.986 E.22797
G1 X137.749 Y85.134 E.01209
G1 X137.749 Y77.342 E.23238
G1 X138.127 Y77.342 E.01126
G1 X138.127 Y85.327 E.23813
G1 X138.504 Y85.574 E.01345
G1 X138.504 Y77.342 E.24549
G1 X138.882 Y77.342 E.01126
G1 X138.882 Y85.888 E.25484
G1 X139.154 Y86.16 E.01149
G1 X139.259 Y86.29 E.00498
G1 X139.259 Y77.342 E.26684
G1 X139.637 Y77.342 E.01126
G1 X139.637 Y86.392 E.2699
G1 X140.015 Y86.392 E.01126
G1 X140.015 Y77.342 E.2699
G1 X140.392 Y77.342 E.01126
G1 X140.392 Y86.392 E.2699
G1 X140.77 Y86.392 E.01126
G1 X140.77 Y77.342 E.2699
G1 X140.965 Y77.342 E.00583
G1 X141.147 Y77.352 E.00544
G1 X141.147 Y86.392 E.26961
G1 X141.525 Y86.392 E.01126
G1 X141.525 Y77.433 E.26721
G1 X141.902 Y77.614 E.0125
G1 X141.902 Y86.392 E.26179
G1 X142.28 Y86.392 E.01126
G1 X142.28 Y77.962 E.25141
G1 X142.433 Y78.173 E.00776
G1 X142.573 Y78.489 E.01032
G1 X142.647 Y78.836 E.01058
G1 X142.657 Y86.562 E.23042
G1 X141.395 Y90.096 F18000
;WIDTH:0.546878
G1 F5012.956
G1 X141.413 Y89.777 E.0127
;WIDTH:0.512368
G1 F5381.46
G1 X141.43 Y89.459 E.01183
;WIDTH:0.477859
G1 F5808.441
G1 X141.447 Y89.14 E.01096
;WIDTH:0.483151
G1 F5738.621
G1 X141.425 Y88.57 E.01985
;WIDTH:0.528244
G1 F5205.427
G1 X141.402 Y88 E.02188
;WIDTH:0.55079
G1 F4974.335
G1 X141.389 Y87.855 E.00581
G1 X141.032 Y91.103 F18000
;WIDTH:0.425676
G1 F6000
G1 X141.465 Y91.103 E.01309
;WIDTH:0.443104
G1 X141.447 Y90.698 E.01281
;WIDTH:0.47796
G1 F5807.098
G1 X141.43 Y90.293 E.01393
;WIDTH:0.512574
G1 F5379.109
G1 X141.413 Y90.195 E.00371
;WIDTH:0.546946
G1 F5012.275
G1 X141.395 Y90.096 E.00398
;WIDTH:0.541056
G1 F5071.538
G1 X141.294 Y90.348 E.01069
;WIDTH:0.494904
G1 F5589.392
G1 X141.193 Y90.6 E.0097
;WIDTH:0.452403
G1 F6000
G1 X141.091 Y90.852 E.00879
G1 X141.046 Y91.045 E.00639
G1 X140.38 Y91.483 F18000
;WIDTH:0.419999
G1 F6000
G1 X141.845 Y91.483 E.04363
G1 X141.845 Y87.335 E.12355
G1 X140.753 Y87.335 E.03252
G1 X140.938 Y87.91 E.018
G1 X141.052 Y88.901 E.02972
G1 X140.962 Y89.954 E.03147
G1 X140.73 Y90.735 E.02427
G1 X140.575 Y91.145 E.01305
G1 X140.41 Y91.431 E.00984
G1 X139.692 Y91.86 F18000
G1 F6000
G1 X142.222 Y91.86 E.07534
G1 X142.222 Y86.958 E.14601
G1 X140.199 Y86.958 E.06025
G1 X140.297 Y87.152 E.00646
G1 X140.572 Y88.004 E.02668
G1 X140.677 Y88.941 E.02808
G1 X140.587 Y89.915 E.02913
G1 X140.371 Y90.619 E.02193
G1 X140.249 Y90.956 E.01071
G1 X139.818 Y91.701 E.02562
G1 X139.73 Y91.813 E.00425
G1 X138.832 Y92.237 F18000
;WIDTH:0.419999
G1 F6000
G1 X142.599 Y92.237 E.11221
G1 X142.599 Y86.581 E.16848
G1 X139.546 Y86.581 E.09093
G1 X139.938 Y87.268 E.02357
G1 X140.212 Y88.125 E.02679
G1 X140.302 Y89.02 E.02679
G1 X140.204 Y89.914 E.02679
G1 X139.922 Y90.768 E.02679
G1 X139.469 Y91.545 E.02679
G1 X138.877 Y92.198 E.02626
G1 X142.657 Y92.256 F18000
;WIDTH:0.420461
G1 F6000
G1 X142.657 Y128.625 E1.08464
G1 X142.28 Y128.625 E.01126
G1 X142.28 Y92.426 E1.07958
G1 X141.902 Y92.426 E.01126
G1 X141.902 Y128.625 E1.07958
G1 X141.525 Y128.625 E.01126
G1 X141.525 Y92.426 E1.07958
G1 X141.147 Y92.426 E.01126
G1 X141.147 Y128.625 E1.07958
G1 X140.77 Y128.625 E.01126
G1 X140.77 Y92.426 E1.07958
G1 X140.392 Y92.426 E.01126
G1 X140.392 Y128.625 E1.07958
G1 X140.015 Y128.625 E.01126
G1 X140.015 Y92.426 E1.07958
G1 X139.637 Y92.426 E.01126
G1 X139.637 Y128.625 E1.07958
G1 X139.512 Y128.625 E.00374
G1 X139.259 Y128.29 E.01251
G1 X139.259 Y92.426 E1.06958
G1 X138.882 Y92.426 E.01126
G1 X138.882 Y127.888 E1.05758
G1 X138.504 Y127.574 E.01464
G1 X138.504 Y92.426 E1.04822
G1 X138.127 Y92.673 E.01345
G1 X138.127 Y127.327 E1.0335
G1 X137.749 Y127.134 E.01264
G1 X137.749 Y92.866 E1.02199
G1 X137.372 Y93.014 E.01209
G1 X137.372 Y126.986 E1.01317
G1 X136.994 Y126.878 E.01171
G1 X136.994 Y93.122 E1.00672
G1 X136.617 Y93.194 E.01146
G1 X136.617 Y126.806 E1.00242
G1 X136.426 Y126.776 E.00576
G1 X136.239 Y126.771 E.00557
G1 X136.239 Y93.232 E1.00024
G1 X135.862 Y93.237 E.01126
G1 X135.862 Y126.763 E.99984
G1 X135.484 Y126.79 E.01129
G1 X135.484 Y93.21 E1.00147
G1 X135.106 Y93.149 E.01141
G1 X135.106 Y126.851 E1.00511
G1 X134.729 Y126.952 E.01166
G1 X134.729 Y93.048 E1.01115
G1 X134.351 Y92.907 E.01201
G1 X134.351 Y127.093 E1.01951
G1 X133.974 Y127.275 E.01251
G1 X133.974 Y92.725 E1.0304
G1 X133.596 Y92.493 E.01321
G1 X133.596 Y127.507 E1.04423
G1 X133.219 Y127.798 E.01422
G1 X133.219 Y92.202 E1.06159
G1 X132.841 Y91.834 E.01571
G1 X132.841 Y128.166 E1.0835
G1 X132.566 Y128.505 E.01303
G1 X132.464 Y128.663 E.00562
G1 X132.464 Y91.337 E1.11318
G1 X132.324 Y91.122 E.00763
G1 X132.086 Y90.632 E.01627
G1 X132.086 Y129.368 E1.15525
G1 X131.963 Y129.688 E.01022
G1 X131.848 Y130.117 E.01325
G1 X131.779 Y130.556 E.01325
G1 X131.756 Y131 E.01325
G1 X131.779 Y131.444 E.01325
G1 X131.848 Y131.883 E.01325
G1 X131.963 Y132.312 E.01325
G1 X132.086 Y132.632 E.01022
G1 X132.086 Y142.658 E.29901
G1 X132.464 Y142.658 E.01126
G1 X132.464 Y133.337 E.27797
G1 X132.566 Y133.495 E.00562
G1 X132.841 Y133.834 E.01303
G1 X132.841 Y142.658 E.26313
G1 X133.219 Y142.658 E.01126
G1 X133.219 Y134.202 E.25217
G1 X133.596 Y134.493 E.01422
G1 X133.596 Y142.658 E.24349
G1 X133.974 Y142.658 E.01126
G1 X133.974 Y134.725 E.23658
G1 X134.351 Y134.907 E.01251
G1 X134.351 Y142.658 E.23114
G1 X134.729 Y142.658 E.01126
G1 X134.729 Y135.048 E.22695
G1 X135.106 Y135.149 E.01166
G1 X135.106 Y142.658 E.22394
G1 X135.484 Y142.658 E.01126
G1 X135.484 Y135.21 E.22212
G1 X135.862 Y135.237 E.01129
G1 X135.862 Y142.658 E.2213
G1 X136.239 Y142.658 E.01126
G1 X136.239 Y135.232 E.22146
G1 X136.617 Y135.194 E.01132
G1 X136.617 Y142.658 E.22259
G1 X136.994 Y142.658 E.01126
G1 X136.994 Y135.122 E.22474
G1 X137.372 Y135.014 E.01171
G1 X137.372 Y142.658 E.22797
G1 X137.749 Y142.658 E.01126
G1 X137.749 Y134.866 E.23238
G1 X138.127 Y134.673 E.01264
G1 X138.127 Y142.658 E.23813
G1 X138.504 Y142.658 E.01126
G1 X138.504 Y134.426 E.24549
G1 X138.683 Y134.281 E.00686
G1 X138.882 Y134.281 E.00593
G1 X138.882 Y142.658 E.2498
G1 X139.259 Y142.658 E.01126
G1 X139.259 Y134.281 E.2498
G1 X139.637 Y134.281 E.01126
G1 X139.637 Y142.658 E.2498
G1 X140.015 Y142.658 E.01126
G1 X140.015 Y134.281 E.2498
G1 X140.392 Y134.281 E.01126
G1 X140.392 Y142.658 E.2498
G1 X140.77 Y142.658 E.01126
G1 X140.77 Y134.281 E.2498
G1 X141.147 Y134.281 E.01126
G1 X141.147 Y142.638 E.24922
G1 X141.344 Y142.618 E.00591
G1 X141.525 Y142.559 E.00565
G1 X141.525 Y134.281 E.24688
G1 X141.902 Y134.281 E.01126
G1 X141.902 Y142.379 E.2415
G1 X141.972 Y142.338 E.00242
G1 X142.229 Y142.107 E.01032
G1 X142.28 Y142.038 E.00255
G1 X142.28 Y134.281 E.23132
G1 X142.657 Y134.281 E.01126
G1 X142.657 Y141.74 E.22244
G1 X141.436 Y131.713 F18000
;WIDTH:0.471297
G1 F5897.412
G1 X141.314 Y132.128 E.01463
;WIDTH:0.404729
G1 F6000
G1 X141.193 Y132.543 E.01236
G1 X141.033 Y132.973 E.01311
G1 X141.479 Y132.973 E.01276
;WIDTH:0.418518
G1 X141.458 Y132.373 E.01781
;WIDTH:0.440345
G1 X141.438 Y131.773 E.01885
G1 X141.429 Y131.665 F18000
;WIDTH:0.485955
G1 F5702.294
G1 X141.44 Y130.57 E.03832
;WIDTH:0.497403
G1 F5558.658
G1 X141.42 Y130.323 E.00889
;WIDTH:0.519062
G1 F5305.803
G1 X141.401 Y130.076 E.00932
G1 X140.843 Y129.568 F18000
;WIDTH:0.419999
G1 F6000
G1 X141.014 Y130.374 E.02454
G1 X141.035 Y131.43 E.03147
G1 X140.835 Y132.467 E.03146
G1 X140.47 Y133.339 E.02814
G1 X141.845 Y133.339 E.04095
G1 X141.845 Y129.568 E.11232
G1 X140.903 Y129.568 E.02805
G1 X140.293 Y129.191 F18000
G1 F6000
G1 X140.466 Y129.611 E.01354
G1 X140.645 Y130.452 E.02562
G1 X140.658 Y131.43 E.02913
G1 X140.466 Y132.389 E.02913
G1 X140.08 Y133.287 E.02913
G1 X139.784 Y133.716 E.01551
G1 X142.222 Y133.716 E.07261
G1 X142.222 Y129.191 E.13478
G1 X140.353 Y129.191 E.05567
G1 X139.704 Y128.814 F18000
G1 F6000
G1 X140.085 Y129.652 E.02743
G1 X140.276 Y130.531 E.02679
G1 X140.281 Y131.43 E.02679
G1 X140.098 Y132.311 E.02679
G1 X139.736 Y133.134 E.02679
G1 X139.21 Y133.864 E.02679
G1 X138.964 Y134.093 E.01001
G1 X142.599 Y134.093 E.10826
G1 X142.599 Y128.814 E.15725
G1 X139.764 Y128.814 E.08443
G1 X137.428 Y127.792 F18000
G1 X137.085 Y127.66
G1 X136.73 Y127.565
G1 X136.367 Y127.508
G1 X136 Y127.488
G1 X135.633 Y127.508
G1 X135.27 Y127.565
G1 X134.915 Y127.66
G1 X134.572 Y127.792
G1 X134.244 Y127.959
G1 X133.936 Y128.159
G1 X133.65 Y128.39
G1 X133.39 Y128.65
G1 X133.159 Y128.936
G1 X132.959 Y129.244
G1 X132.792 Y129.572
G1 X132.66 Y129.915
G1 X132.565 Y130.27
G1 X132.508 Y130.633
G1 X132.488 Y131
G1 X132.508 Y131.367
G1 X132.512 Y131.394
G1 X100.373 Y143.389
G1 X100.373 Y142.827
;WIDTH:0.420461
G1 F6000
G1 X100.373 Y77.342 E1.95296
G1 X99.995 Y77.342 E.01126
G1 X99.995 Y142.658 E1.9479
G1 X99.618 Y142.658 E.01126
G1 X99.618 Y77.342 E1.9479
G1 X99.24 Y77.342 E.01126
G1 X99.24 Y142.658 E1.9479
G1 X98.863 Y142.658 E.01126
G1 X98.863 Y77.342 E1.9479
G1 X98.485 Y77.342 E.01126
G1 X98.485 Y142.658 E1.9479
G1 X98.107 Y142.658 E.01126
G1 X98.107 Y77.342 E1.9479
G1 X97.73 Y77.342 E.01126
G1 X97.73 Y142.658 E1.9479
G1 X97.352 Y142.658 E.01126
G1 X97.352 Y77.342 E1.9479
G1 X96.975 Y77.342 E.01126
G1 X96.975 Y142.658 E1.9479
G1 X96.597 Y142.658 E.01126
G1 X96.597 Y77.342 E1.9479
G1 X96.22 Y77.342 E.01126
G1 X96.22 Y142.658 E1.9479
G1 X95.842 Y142.658 E.01126
G1 X95.842 Y77.342 E1.9479
G1 X95.465 Y77.342 E.01126
G1 X95.465 Y142.658 E1.9479
G1 X95.087 Y142.658 E.01126
G1 X95.087 Y77.342 E1.9479
G1 X94.71 Y77.342 E.01126
G1 X94.71 Y142.658 E1.9479
G1 X94.332 Y142.658 E.01126
G1 X94.332 Y77.342 E1.9479
G1 X93.955 Y77.342 E.01126
G1 X93.955 Y142.658 E1.9479
G1 X93.577 Y142.658 E.01126
G1 X93.577 Y77.342 E1.9479
G1 X93.199 Y77.342 E.01126
G1 X93.199 Y142.658 E1.9479
G1 X92.822 Y142.658 E.01126
G1 X92.822 Y77.342 E1.9479
G1 X92.444 Y77.342 E.01126
G1 X92.444 Y142.658 E1.9479
G1 X92.067 Y142.658 E.01126
G1 X92.067 Y77.342 E1.9479
G1 X91.689 Y77.342 E.01126
G1 X91.689 Y142.658 E1.9479
G1 X91.312 Y142.658 E.01126
G1 X91.312 Y77.342 E1.9479
G1 X90.934 Y77.342 E.01126
G1 X90.934 Y142.658 E1.9479
G1 X90.557 Y142.658 E.01126
G1 X90.557 Y77.342 E1.9479
G1 X90.179 Y77.342 E.01126
G1 X90.179 Y142.658 E1.9479
G1 X89.802 Y142.658 E.01126
G1 X89.802 Y77.342 E1.9479
G1 X89.424 Y77.342 E.01126
G1 X89.424 Y142.658 E1.9479
G1 X89.046 Y142.658 E.01126
G1 X89.046 Y77.342 E1.9479
G1 X88.669 Y77.342 E.01126
G1 X88.669 Y142.658 E1.9479
G1 X88.291 Y142.658 E.01126
G1 X88.291 Y77.342 E1.9479
G1 X87.914 Y77.342 E.01126
G1 X87.914 Y87.369 E.29901
G1 X87.676 Y86.878 E.01627
G1 X87.536 Y86.663 E.00763
G1 X87.536 Y77.342 E.27797
G1 X87.159 Y77.342 E.01126
G1 X87.159 Y86.166 E.26313
G1 X86.781 Y85.798 E.01571
G1 X86.781 Y77.342 E.25217
G1 X86.404 Y77.342 E.01126
G1 X86.404 Y85.507 E.24349
G1 X86.026 Y85.275 E.01321
G1 X86.026 Y77.342 E.23658
G1 X85.649 Y77.342 E.01126
G1 X85.649 Y85.093 E.23114
G1 X85.271 Y84.952 E.01201
G1 X85.271 Y77.342 E.22695
G1 X84.894 Y77.342 E.01126
G1 X84.894 Y84.851 E.22394
G1 X84.516 Y84.79 E.01141
G1 X84.516 Y77.342 E.22212
G1 X84.138 Y77.342 E.01126
G1 X84.138 Y84.769 E.22147
G1 X83.761 Y84.768 E.01126
G1 X83.761 Y77.342 E.22146
G1 X83.383 Y77.342 E.01126
G1 X83.383 Y84.806 E.22259
G1 X83.006 Y84.878 E.01146
G1 X83.006 Y77.342 E.22474
G1 X82.628 Y77.342 E.01126
G1 X82.628 Y84.986 E.22797
G1 X82.251 Y85.134 E.01209
G1 X82.251 Y77.342 E.23238
G1 X81.873 Y77.342 E.01126
G1 X81.873 Y85.327 E.23813
G1 X81.496 Y85.574 E.01345
G1 X81.496 Y77.342 E.24549
G1 X81.118 Y77.342 E.01126
G1 X81.118 Y85.888 E.25484
G1 X80.846 Y86.16 E.01149
G1 X80.741 Y86.29 E.00498
G1 X80.741 Y77.342 E.26684
G1 X80.363 Y77.342 E.01126
G1 X80.363 Y86.392 E.2699
G1 X79.985 Y86.392 E.01126
G1 X79.985 Y77.342 E.2699
G1 X79.608 Y77.342 E.01126
G1 X79.608 Y86.392 E.2699
G1 X79.23 Y86.392 E.01126
G1 X79.23 Y77.342 E.2699
G1 X79.043 Y77.342 E.00558
G1 X78.853 Y77.362 E.00571
G1 X78.853 Y86.392 E.26932
G1 X78.475 Y86.392 E.01126
G1 X78.475 Y77.441 E.26697
G1 X78.327 Y77.489 E.00465
G1 X78.098 Y77.621 E.0079
G1 X78.098 Y86.392 E.26159
G1 X77.72 Y86.392 E.01126
G1 X77.72 Y77.962 E.25141
G1 X77.567 Y78.173 E.00776
G1 X77.427 Y78.489 E.01032
G1 X77.353 Y78.836 E.01058
G1 X77.343 Y86.562 E.23042
G1 X78.626 Y87.805 F18000
;WIDTH:0.584849
G1 F4661.716
G1 X78.604 Y88.06 E.01095
;WIDTH:0.541205
G1 F5070.022
G1 X78.582 Y88.315 E.01007
;WIDTH:0.484388
G1 F5722.544
G1 X78.56 Y88.57 E.00892
G1 X78.568 Y89.605 E.03609
G1 X79.013 Y91.105 F18000
;WIDTH:0.420909
G1 F6000
G1 X78.795 Y90.546 E.01792
;WIDTH:0.437422
G1 X78.69 Y90.129 E.01341
;WIDTH:0.472594
G1 F5879.609
G1 X78.571 Y89.665 E.01626
;WIDTH:0.477349
G1 F5815.259
G1 X78.552 Y90.119 E.01561
;WIDTH:0.433075
G1 F6000
G1 X78.533 Y91.105 E.0304
G1 X78.953 Y91.105 E.01294
G1 X79.6 Y91.483 F18000
;WIDTH:0.419999
G1 F6000
G1 X79.226 Y90.655 E.02707
G1 X78.986 Y89.626 E.03146
G1 X78.965 Y88.57 E.03147
G1 X79.086 Y87.903 E.02018
G1 X79.226 Y87.345 E.01714
G1 X78.155 Y87.335 E.03188
G1 X78.155 Y91.483 E.12355
G1 X79.54 Y91.483 E.04124
G1 X80.321 Y91.86 F18000
;WIDTH:0.419999
G1 F6000
G1 X79.979 Y91.39 E.01731
G1 X79.584 Y90.533 E.02812
G1 X79.355 Y89.548 E.03012
G1 X79.342 Y88.57 E.02913
G1 X79.455 Y87.982 E.01784
G1 X79.57 Y87.499 E.0148
G1 X79.811 Y86.958 E.01763
G1 X77.778 Y86.958 E.06054
G1 X77.778 Y91.86 E.14601
G1 X80.261 Y91.86 E.07394
G1 X81.198 Y92.237 F18000
;WIDTH:0.419999
G1 F6000
G1 X80.79 Y91.864 E.01648
G1 X80.264 Y91.134 E.02679
G1 X79.902 Y90.311 E.02679
G1 X79.719 Y89.43 E.02679
G1 X79.724 Y88.531 E.02679
G1 X79.915 Y87.652 E.02679
G1 X80.283 Y86.834 E.02671
G1 X80.461 Y86.581 E.00923
G1 X77.401 Y86.581 E.09114
G1 X77.401 Y92.237 E.16848
G1 X81.138 Y92.237 E.11131
G1 X77.343 Y92.256 F18000
;WIDTH:0.420461
G1 F6000
G1 X77.343 Y128.625 E1.08464
G1 X77.72 Y128.625 E.01126
G1 X77.72 Y92.426 E1.07958
G1 X78.098 Y92.426 E.01126
G1 X78.098 Y128.625 E1.07958
G1 X78.475 Y128.625 E.01126
G1 X78.475 Y92.426 E1.07958
G1 X78.853 Y92.426 E.01126
G1 X78.853 Y128.625 E1.07958
G1 X79.23 Y128.625 E.01126
G1 X79.23 Y92.426 E1.07958
G1 X79.608 Y92.426 E.01126
G1 X79.608 Y128.625 E1.07958
G1 X79.985 Y128.625 E.01126
G1 X79.985 Y92.426 E1.07958
G1 X80.363 Y92.426 E.01126
G1 X80.363 Y128.625 E1.07958
G1 X80.488 Y128.625 E.00374
G1 X80.741 Y128.29 E.01251
G1 X80.741 Y92.426 E1.06958
G1 X81.118 Y92.426 E.01126
G1 X81.118 Y127.888 E1.05758
G1 X81.496 Y127.574 E.01464
G1 X81.496 Y92.426 E1.04822
G1 X81.873 Y92.673 E.01345
G1 X81.873 Y127.327 E1.0335
G1 X82.251 Y127.134 E.01264
G1 X82.251 Y92.866 E1.02199
G1 X82.628 Y93.014 E.01209
G1 X82.628 Y126.986 E1.01317
G1 X83.006 Y126.878 E.01171
G1 X83.006 Y93.122 E1.00672
G1 X83.383 Y93.194 E.01146
G1 X83.383 Y126.806 E1.00242
G1 X83.761 Y126.768 E.01132
G1 X83.761 Y93.232 E1.00015
G1 X84.138 Y93.237 E.01126
G1 X84.138 Y126.769 E1.00001
G1 X84.516 Y126.79 E.01128
G1 X84.516 Y93.21 E1.00147
G1 X84.894 Y93.149 E.01141
G1 X84.894 Y126.851 E1.00511
G1 X85.271 Y126.952 E.01166
G1 X85.271 Y93.048 E1.01115
G1 X85.649 Y92.907 E.01201
G1 X85.649 Y127.093 E1.01951
G1 X86.026 Y127.275 E.01251
G1 X86.026 Y92.725 E1.0304
G1 X86.404 Y92.493 E.01321
G1 X86.404 Y127.507 E1.04423
G1 X86.781 Y127.798 E.01422
G1 X86.781 Y92.202 E1.06159
G1 X87.159 Y91.834 E.01571
G1 X87.159 Y128.166 E1.0835
G1 X87.434 Y128.505 E.01303
G1 X87.536 Y128.663 E.00562
G1 X87.536 Y91.337 E1.11318
G1 X87.676 Y91.122 E.00763
G1 X87.914 Y90.632 E.01627
G1 X87.914 Y129.886 E1.17068
G1 X87.371 Y130.031 F18000
G1 X87.34 Y129.915
G1 X87.208 Y129.572
G1 X87.041 Y129.244
G1 X86.841 Y128.936
G1 X86.61 Y128.65
G1 X86.35 Y128.39
G1 X86.064 Y128.159
G1 X85.756 Y127.959
G1 X85.428 Y127.792
G1 X85.085 Y127.66
G1 X84.73 Y127.565
G1 X84.367 Y127.508
G1 X84 Y127.488
G1 X83.633 Y127.508
G1 X83.27 Y127.565
G1 X82.915 Y127.66
G1 X82.572 Y127.792
G1 X82.244 Y127.959
G1 X81.936 Y128.159
G1 X81.65 Y128.39
G1 X81.39 Y128.65
G1 X81.159 Y128.936
G1 X78.605 Y132.096
;WIDTH:0.544356
G1 F5038.165
G1 X78.585 Y132.269 E.00689
;WIDTH:0.504812
G1 F5469.503
G1 X78.565 Y132.442 E.00634
;WIDTH:0.465267
G1 F5981.615
G1 X78.545 Y132.614 E.0058
;WIDTH:0.41032
G1 F6000
G1 X78.525 Y132.969 E.0103
G1 X78.957 Y132.969 E.01252
;WIDTH:0.425861
G1 X78.823 Y132.621 E.01127
;WIDTH:0.465681
G1 F5975.757
G1 X78.689 Y132.274 E.01244
;WIDTH:0.505226
G1 F5464.605
G1 X78.66 Y132.212 E.00249
;WIDTH:0.52486
G1 F5241.977
G1 X78.63 Y132.15 E.0026
G1 X78.597 Y130.01 F18000
;WIDTH:0.527438
G1 F5214.08
G1 X78.575 Y130.435 E.01629
;WIDTH:0.499495
G1 F5533.196
G1 X78.553 Y130.86 E.01535
G1 X78.598 Y132 E.04116
;WIDTH:0.550784
G1 F4974.394
G1 X78.6 Y132.036 E.00144
G1 X79.172 Y129.568 F18000
;WIDTH:0.419999
G1 F6000
G1 X78.155 Y129.568 E.03027
G1 X78.155 Y133.339 E.11232
G1 X79.537 Y133.339 E.04115
G1 X79.345 Y132.965 E.01252
G1 X79.079 Y132.147 E.02562
G1 X78.948 Y131.099 E.03147
G1 X79.037 Y130.056 E.03117
G1 X79.156 Y129.626 E.0133
G1 X79.691 Y129.191 F18000
;WIDTH:0.419999
G1 F6000
G1 X77.778 Y129.191 E.05696
G1 X77.778 Y133.716 E.13478
G1 X80.192 Y133.716 E.0719
G1 X79.751 Y132.956 E.02615
G1 X79.438 Y132.03 E.02912
G1 X79.323 Y131.059 E.02913
G1 X79.412 Y130.095 E.02883
G1 X79.673 Y129.248 E.02641
G1 X80.318 Y128.814 F18000
;WIDTH:0.419999
G1 F6000
G1 X77.401 Y128.814 E.08687
G1 X77.401 Y134.093 E.15725
G1 X81.025 Y134.093 E.10793
G1 X80.508 Y133.513 E.02314
G1 X80.062 Y132.732 E.02679
G1 X79.788 Y131.875 E.02679
G1 X79.698 Y130.98 E.02679
G1 X79.796 Y130.086 E.02679
G1 X80.078 Y129.233 E.02677
G1 X80.288 Y128.866 E.0126
G1 X77.343 Y134.112 F18000
;WIDTH:0.420461
G1 F6000
G1 X77.343 Y140.959 E.20422
G1 X77.382 Y141.344 E.01154
G1 X77.489 Y141.673 E.0103
G1 X77.662 Y141.972 E.01031
G1 X77.72 Y142.038 E.00262
G1 X77.72 Y134.281 E.23131
G1 X78.098 Y134.281 E.01126
G1 X78.098 Y142.378 E.24147
G1 X78.173 Y142.433 E.00276
G1 X78.475 Y142.567 E.00988
G1 X78.475 Y134.281 E.24712
G1 X78.853 Y134.281 E.01126
G1 X78.853 Y142.648 E.24952
G1 X79.035 Y142.658 E.00544
G1 X79.23 Y142.658 E.00582
G1 X79.23 Y134.281 E.2498
G1 X79.608 Y134.281 E.01126
G1 X79.608 Y142.658 E.2498
G1 X79.985 Y142.658 E.01126
G1 X79.985 Y134.281 E.2498
G1 X80.363 Y134.281 E.01126
G1 X80.363 Y142.658 E.2498
G1 X80.741 Y142.658 E.01126
G1 X80.741 Y134.281 E.2498
G1 X81.118 Y134.281 E.01126
G1 X81.118 Y142.658 E.2498
G1 X81.496 Y142.658 E.01126
G1 X81.496 Y134.426 E.24549
G1 X81.873 Y134.673 E.01345
G1 X81.873 Y142.658 E.23813
G1 X82.251 Y142.658 E.01126
G1 X82.251 Y134.866 E.23238
G1 X82.628 Y135.014 E.01209
G1 X82.628 Y142.658 E.22797
G1 X83.006 Y142.658 E.01126
G1 X83.006 Y135.122 E.22474
G1 X83.383 Y135.194 E.01146
G1 X83.383 Y142.658 E.22259
G1 X83.761 Y142.658 E.01126
G1 X83.761 Y135.232 E.22146
G1 X84.138 Y135.237 E.01126
G1 X84.138 Y142.658 E.2213
G1 X84.516 Y142.658 E.01126
G1 X84.516 Y135.21 E.22212
G1 X84.894 Y135.149 E.01141
G1 X84.894 Y142.658 E.22394
G1 X85.271 Y142.658 E.01126
G1 X85.271 Y135.048 E.22695
G1 X85.649 Y134.907 E.01201
G1 X85.649 Y142.658 E.23114
G1 X86.026 Y142.658 E.01126
G1 X86.026 Y134.725 E.23658
G1 X86.404 Y134.493 E.01321
G1 X86.404 Y142.658 E.24349
G1 X86.781 Y142.658 E.01126
G1 X86.781 Y134.202 E.25217
G1 X87.159 Y133.834 E.01571
G1 X87.159 Y142.658 E.26313
G1 X87.536 Y142.658 E.01126
G1 X87.536 Y133.337 E.27797
G1 X87.676 Y133.122 E.00763
G1 X87.914 Y132.632 E.01627
G1 X87.914 Y142.827 E.30407
; stop printing object top_plate.stl id:4653052573991952974 copy 0
;LAYER_CHANGE
;Z:3.04
;HEIGHT:0.2
G92 E0 ; zero the extruded length again
; BEFORE_LAYER_CHANGE 14 @ 3.04mm
G1 E-1.75 F6000
;WIPE_START
G1 X87.914 Y141.827 E-.75
;WIPE_END
; AFTER_LAYER_CHANGE 14 @ 3.04mm
;_SET_FAN_SPEED_CHANGING_LAYER
; printing object top_plate.stl id:4653052573991952974 copy 0
G1 F18000
G1 X88.3808 Y142.074 Z3.06857
G1 X88.4792 Y142.593 Z3.09714
G1 X88.1349 Y142.993 Z3.12571
G1 X87.6073 Y142.973 Z3.15429
G1 X87.2935 Y142.549 Z3.18286
G1 X87.43 Y142.039 Z3.21143
G1 X87.9139 Y141.827 Z3.24
G1 X130.16 Y143.389 Z3.24
G1 X140.984 Y143.389
G1 X140.995 Y143.79
G1 Z3.04
G1 E2.5 F6000
M204 P1000
;TYPE:Outer wall
;WIDTH:0.42
G1 F3600
G1 X79.005 Y143.79 E1.84644
G1 X78.708 Y143.774 E.00886
G1 X78.42 Y143.729 E.0087
G1 X78.138 Y143.653 E.0087
G1 X77.865 Y143.549 E.0087
G1 X77.605 Y143.416 E.0087
G1 X77.36 Y143.257 E.0087
G1 X77.133 Y143.073 E.0087
G1 X76.927 Y142.867 E.0087
G1 X76.743 Y142.64 E.0087
G1 X76.584 Y142.395 E.0087
G1 X76.452 Y142.135 E.0087
G1 X76.347 Y141.862 E.0087
G1 X76.271 Y141.58 E.0087
G1 X76.226 Y141.292 E.0087
G1 X76.21 Y140.995 E.00886
G1 X76.21 Y79.005 E1.84644
G1 X76.226 Y78.708 E.00886
G1 X76.271 Y78.42 E.0087
G1 X76.347 Y78.138 E.0087
G1 X76.451 Y77.865 E.0087
G1 X76.584 Y77.605 E.0087
G1 X76.743 Y77.36 E.0087
G1 X76.927 Y77.133 E.0087
G1 X77.133 Y76.927 E.0087
G1 X77.36 Y76.743 E.0087
G1 X77.605 Y76.584 E.0087
G1 X77.865 Y76.452 E.0087
G1 X78.138 Y76.347 E.0087
G1 X78.42 Y76.271 E.0087
G1 X78.708 Y76.226 E.0087
G1 X79.005 Y76.21 E.00886
G1 X140.995 Y76.21 E1.84644
G1 X141.292 Y76.226 E.00886
G1 X141.58 Y76.271 E.0087
G1 X141.862 Y76.347 E.0087
G1 X142.135 Y76.452 E.0087
G1 X142.395 Y76.584 E.0087
G1 X142.64 Y76.743 E.0087
G1 X142.867 Y76.927 E.0087
G1 X143.073 Y77.133 E.0087
G1 X143.257 Y77.36 E.0087
G1 X143.416 Y77.605 E.0087
G1 X143.548 Y77.865 E.0087
G1 X143.653 Y78.138 E.0087
G1 X143.729 Y78.42 E.0087
G1 X143.774 Y78.708 E.0087
G1 X143.79 Y79.005 E.00886
G1 X143.79 Y140.995 E1.84644
G1 X143.774 Y141.292 E.00886
G1 X143.729 Y141.58 E.0087
G1 X143.653 Y141.862 E.0087
G1 X143.549 Y142.135 E.0087
G1 X143.416 Y142.395 E.0087
G1 X143.257 Y142.64 E.0087
G1 X143.073 Y142.867 E.0087
G1 X142.867 Y143.073 E.0087
G1 X142.64 Y143.257 E.0087
G1 X142.395 Y143.416 E.0087
G1 X142.135 Y143.548 E.0087
G1 X141.862 Y143.653 E.0087
G1 X141.58 Y143.729 E.0087
G1 X141.292 Y143.774 E.0087
G1 X141.054 Y143.787 E.00707
G1 X141.034 Y143.387 F18000
G1 X140.984 Y143.389
G1 X140.984 Y143.389
G1 X140.984 Y143.398
M204 P1500
;TYPE:Inner wall
;WIDTH:0.45
G1 F6000
G1 X79.016 Y143.398 E1.99268
G1 X78.749 Y143.384 E.00857
G1 X78.502 Y143.345 E.00807
G1 X78.259 Y143.28 E.00807
G1 X78.025 Y143.19 E.00807
G1 X77.801 Y143.076 E.00807
G1 X77.591 Y142.939 E.00806
G1 X77.396 Y142.781 E.00807
G1 X77.219 Y142.604 E.00807
G1 X77.061 Y142.409 E.00807
G1 X76.924 Y142.199 E.00806
G1 X76.81 Y141.975 E.00807
G1 X76.72 Y141.741 E.00807
G1 X76.655 Y141.498 E.00807
G1 X76.616 Y141.251 E.00807
G1 X76.602 Y140.984 E.00857
G1 X76.602 Y79.016 E1.99268
G1 X76.616 Y78.749 E.00857
G1 X76.655 Y78.502 E.00807
G1 X76.72 Y78.259 E.00807
G1 X76.81 Y78.025 E.00807
G1 X76.924 Y77.801 E.00807
G1 X77.061 Y77.591 E.00806
G1 X77.219 Y77.396 E.00807
G1 X77.396 Y77.219 E.00807
G1 X77.591 Y77.061 E.00807
G1 X77.801 Y76.924 E.00806
G1 X78.025 Y76.81 E.00807
G1 X78.259 Y76.72 E.00807
G1 X78.502 Y76.655 E.00807
G1 X78.749 Y76.616 E.00807
G1 X79.016 Y76.602 E.00857
G1 X140.984 Y76.602 E1.99268
G1 X141.251 Y76.616 E.00857
G1 X141.498 Y76.655 E.00807
G1 X141.741 Y76.72 E.00807
G1 X141.975 Y76.81 E.00807
G1 X142.199 Y76.924 E.00807
G1 X142.409 Y77.061 E.00806
G1 X142.604 Y77.219 E.00807
G1 X142.781 Y77.396 E.00807
G1 X142.939 Y77.591 E.00807
G1 X143.076 Y77.801 E.00806
G1 X143.19 Y78.025 E.00807
G1 X143.28 Y78.259 E.00807
G1 X143.345 Y78.502 E.00807
G1 X143.384 Y78.749 E.00807
G1 X143.398 Y79.016 E.00857
G1 X143.398 Y140.984 E1.99268
G1 X143.384 Y141.251 E.00857
G1 X143.345 Y141.498 E.00807
G1 X143.28 Y141.741 E.00807
G1 X143.19 Y141.975 E.00807
G1 X143.076 Y142.199 E.00807
G1 X142.939 Y142.409 E.00806
G1 X142.781 Y142.604 E.00807
G1 X142.604 Y142.781 E.00807
G1 X142.409 Y142.939 E.00807
G1 X142.199 Y143.076 E.00806
G1 X141.975 Y143.19 E.00807
G1 X141.741 Y143.28 E.00807
G1 X141.498 Y143.345 E.00807
G1 X141.251 Y143.384 E.00807
G1 X141.044 Y143.395 E.00665
G1 X140.974 Y142.991 F18000
G1 F6000
G1 X79.026 Y142.991 E1.992
G1 X78.792 Y142.979 E.00754
G1 X78.385 Y142.892 E.01338
G1 X78.005 Y142.723 E.01338
G1 X77.669 Y142.479 E.01337
G1 X77.39 Y142.169 E.01338
G1 X77.183 Y141.809 E.01337
G1 X77.054 Y141.414 E.01337
G1 X77.009 Y140.974 E.01422
G1 X77.009 Y79.026 E1.992
G1 X77.021 Y78.792 E.00754
G1 X77.108 Y78.385 E.01338
G1 X77.277 Y78.005 E.01338
G1 X77.521 Y77.669 E.01337
G1 X77.831 Y77.39 E.01338
G1 X78.191 Y77.183 E.01337
G1 X78.586 Y77.054 E.01337
G1 X79.026 Y77.009 E.01422
G1 X140.974 Y77.009 E1.992
G1 X141.208 Y77.021 E.00754
G1 X141.615 Y77.108 E.01338
G1 X141.995 Y77.277 E.01338
G1 X142.169 Y77.39 E.00669
G1 X142.479 Y77.669 E.01338
G1 X142.723 Y78.005 E.01337
G1 X142.892 Y78.385 E.01338
G1 X142.979 Y78.792 E.01338
G1 X142.991 Y79.026 E.00754
G1 X142.991 Y140.974 E1.992
G1 X142.979 Y141.208 E.00754
G1 X142.892 Y141.615 E.01338
G1 X142.723 Y141.995 E.01338
G1 X142.479 Y142.331 E.01337
G1 X142.169 Y142.61 E.01338
G1 X141.809 Y142.817 E.01337
G1 X141.414 Y142.946 E.01337
G1 X141.033 Y142.985 E.01229
G1 E-1.75
;WIPE_START
G1 X140.033 Y142.985 E-.75
;WIPE_END
G1 X140.033 Y143.389 Z3.24 F18000
G1 X139.512 Y131
G1 X139.493 Y130.633
G1 X139.435 Y130.27
G1 X139.34 Y129.915
G1 X139.208 Y129.572
G1 X139.041 Y129.244
G1 X138.841 Y128.936
G1 X138.8 Y128.885
G1 X135.517 Y92.474
G1 X135.58 Y92.078
G1 Z3.04
G1 E2.5 F6000
M204 P1000
;TYPE:Outer wall
;WIDTH:0.42
G1 F3600
G1 X135.675 Y92.093 E.00286
G1 X136 Y92.11 E.0097
G1 X136.325 Y92.093 E.0097
G1 X136.647 Y92.042 E.0097
G1 X136.961 Y91.958 E.00969
G1 X137.265 Y91.841 E.0097
G1 X137.555 Y91.694 E.0097
G1 X137.828 Y91.516 E.0097
G1 X138.081 Y91.312 E.0097
G1 X138.312 Y91.081 E.0097
G1 X138.516 Y90.828 E.0097
G1 X138.694 Y90.555 E.0097
G1 X138.841 Y90.265 E.0097
G1 X138.958 Y89.961 E.0097
G1 X139.042 Y89.647 E.00969
G1 X139.093 Y89.325 E.0097
G1 X139.11 Y89 E.0097
G1 X139.093 Y88.675 E.0097
G1 X139.042 Y88.353 E.0097
G1 X138.958 Y88.039 E.00969
G1 X138.841 Y87.735 E.0097
G1 X138.694 Y87.445 E.0097
G1 X138.516 Y87.172 E.0097
G1 X138.312 Y86.919 E.0097
G1 X138.081 Y86.688 E.0097
G1 X137.828 Y86.484 E.0097
G1 X137.555 Y86.306 E.0097
G1 X137.265 Y86.159 E.0097
G1 X136.961 Y86.042 E.0097
G1 X136.647 Y85.958 E.00969
G1 X136.325 Y85.907 E.0097
G1 X136 Y85.89 E.0097
G1 X135.792 Y85.9 E.00621
G1 X135.356 Y85.957 E.01308
G1 X135.039 Y86.042 E.00978
G1 X134.735 Y86.159 E.0097
G1 X134.445 Y86.306 E.0097
G1 X134.172 Y86.484 E.0097
G1 X133.919 Y86.688 E.0097
G1 X133.688 Y86.919 E.0097
G1 X133.484 Y87.172 E.0097
G1 X133.306 Y87.445 E.0097
G1 X133.159 Y87.735 E.0097
G1 X133.042 Y88.039 E.0097
G1 X132.958 Y88.353 E.00969
G1 X132.907 Y88.675 E.0097
G1 X132.89 Y89 E.0097
G1 X132.907 Y89.325 E.0097
G1 X132.958 Y89.647 E.0097
G1 X133.042 Y89.961 E.00969
G1 X133.159 Y90.265 E.0097
G1 X133.306 Y90.555 E.0097
G1 X133.484 Y90.828 E.0097
G1 X133.688 Y91.081 E.0097
G1 X133.919 Y91.312 E.0097
G1 X134.172 Y91.516 E.0097
G1 X134.445 Y91.694 E.0097
G1 X134.735 Y91.841 E.0097
G1 X135.039 Y91.958 E.0097
G1 X135.353 Y92.042 E.00969
G1 X135.521 Y92.069 E.00505
G1 X135.458 Y92.465 F18000
G1 X135.615 Y92.49
G1 X135.617 Y92.481
M204 P1500
;TYPE:Inner wall
;WIDTH:0.45
G1 F6000
G1 X135.634 Y92.484 E.00056
G1 X136 Y92.503 E.01179
G1 X136.366 Y92.484 E.01179
G1 X136.728 Y92.426 E.01179
G1 X137.082 Y92.332 E.01179
G1 X137.425 Y92.2 E.01179
G1 X137.752 Y92.034 E.01179
G1 X138.059 Y91.834 E.01179
G1 X138.344 Y91.603 E.01179
G1 X138.603 Y91.344 E.01179
G1 X138.834 Y91.059 E.01179
G1 X139.034 Y90.752 E.01179
G1 X139.2 Y90.425 E.01179
G1 X139.332 Y90.082 E.01179
G1 X139.426 Y89.728 E.01179
G1 X139.484 Y89.366 E.01179
G1 X139.503 Y89 E.01179
G1 X139.484 Y88.634 E.01179
G1 X139.426 Y88.272 E.01179
G1 X139.332 Y87.918 E.01179
G1 X139.2 Y87.575 E.01179
G1 X139.034 Y87.248 E.01179
G1 X138.834 Y86.941 E.01179
G1 X138.603 Y86.656 E.01179
G1 X138.344 Y86.397 E.01179
G1 X138.059 Y86.166 E.01179
G1 X137.752 Y85.966 E.01179
G1 X137.425 Y85.8 E.01179
G1 X137.082 Y85.668 E.01179
G1 X136.728 Y85.574 E.01179
G1 X136.366 Y85.516 E.01179
G1 X136 Y85.497 E.01179
G1 X135.756 Y85.51 E.00784
G1 X135.28 Y85.571 E.01545
G1 X134.918 Y85.668 E.01207
G1 X134.575 Y85.8 E.01179
G1 X134.248 Y85.966 E.01179
G1 X133.941 Y86.166 E.01179
G1 X133.656 Y86.397 E.01179
G1 X133.397 Y86.656 E.01179
G1 X133.166 Y86.941 E.01179
G1 X132.966 Y87.248 E.01179
G1 X132.8 Y87.575 E.01179
G1 X132.668 Y87.918 E.01179
G1 X132.574 Y88.272 E.01179
G1 X132.516 Y88.634 E.01179
G1 X132.497 Y89 E.01179
G1 X132.516 Y89.366 E.01179
G1 X132.574 Y89.728 E.01179
G1 X132.668 Y90.082 E.01179
G1 X132.8 Y90.425 E.01179
G1 X132.966 Y90.752 E.01179
G1 X133.166 Y91.059 E.01179
G1 X133.397 Y91.344 E.01179
G1 X133.656 Y91.603 E.01179
G1 X133.941 Y91.834 E.01179
G1 X134.248 Y92.034 E.01179
G1 X134.575 Y92.2 E.01179
G1 X134.918 Y92.332 E.01179
G1 X135.272 Y92.426 E.01179
G1 X135.557 Y92.472 E.0093
G1 X135.554 Y92.883 F18000
G1 F6000
G1 X135.591 Y92.889 E.0012
G1 X136 Y92.911 E.01316
G1 X136.409 Y92.889 E.01316
G1 X136.813 Y92.825 E.01316
G1 X137.208 Y92.719 E.01316
G1 X137.591 Y92.573 E.01317
G1 X137.955 Y92.387 E.01316
G1 X138.299 Y92.164 E.01316
G1 X138.617 Y91.906 E.01316
G1 X138.906 Y91.617 E.01317
G1 X139.164 Y91.299 E.01316
G1 X139.387 Y90.955 E.01316
G1 X139.573 Y90.591 E.01316
G1 X139.719 Y90.208 E.01317
G1 X139.825 Y89.813 E.01316
G1 X139.889 Y89.409 E.01317
G1 X139.911 Y89 E.01316
G1 X139.889 Y88.591 E.01316
G1 X139.825 Y88.187 E.01317
G1 X139.719 Y87.792 E.01316
G1 X139.573 Y87.409 E.01317
G1 X139.387 Y87.045 E.01316
G1 X139.164 Y86.701 E.01316
G1 X138.906 Y86.383 E.01316
G1 X138.617 Y86.094 E.01317
G1 X138.299 Y85.836 E.01316
G1 X137.955 Y85.613 E.01316
G1 X137.591 Y85.427 E.01316
G1 X137.208 Y85.281 E.01317
G1 X136.813 Y85.175 E.01316
G1 X136.409 Y85.111 E.01316
G1 X136 Y85.089 E.01316
G1 X135.72 Y85.104 E.00903
G1 X135.201 Y85.171 E.01682
G1 X134.792 Y85.281 E.01363
G1 X134.409 Y85.427 E.01317
G1 X134.045 Y85.613 E.01316
G1 X133.701 Y85.836 E.01316
G1 X133.383 Y86.094 E.01316
G1 X133.094 Y86.383 E.01317
G1 X132.836 Y86.701 E.01316
G1 X132.613 Y87.045 E.01316
G1 X132.427 Y87.409 E.01316
G1 X132.281 Y87.792 E.01317
G1 X132.175 Y88.187 E.01316
G1 X132.111 Y88.591 E.01317
G1 X132.089 Y89 E.01316
G1 X132.111 Y89.409 E.01316
G1 X132.175 Y89.813 E.01317
G1 X132.281 Y90.208 E.01316
G1 X132.427 Y90.591 E.01317
G1 X132.613 Y90.955 E.01316
G1 X132.836 Y91.299 E.01316
G1 X133.094 Y91.617 E.01316
G1 X133.383 Y91.906 E.01317
G1 X133.701 Y92.164 E.01316
G1 X134.045 Y92.387 E.01316
G1 X134.409 Y92.573 E.01316
G1 X134.792 Y92.719 E.01317
G1 X135.187 Y92.825 E.01316
G1 X135.495 Y92.874 E.01004
G1 E-1.75
;WIPE_START
G1 X135.591 Y92.889 E-.07295
G1 X136 Y92.911 E-.30703
G1 X136.409 Y92.889 E-.30703
G1 X136.492 Y92.876 E-.06299
;WIPE_END
G1 X136.429 Y92.483 Z3.24 F18000
G1 X139.493 Y130.633
G1 X139.512 Y131
G1 X139.493 Y131.367
G1 X139.435 Y131.73
G1 X139.34 Y132.085
G1 X139.208 Y132.428
G1 X139.041 Y132.756
G1 X138.841 Y133.064
G1 X138.61 Y133.35
G1 X138.35 Y133.61
G1 X138.064 Y133.841
G1 X137.756 Y134.041
G1 X137.428 Y134.208
G1 X137.085 Y134.34
G1 X136.73 Y134.435
G1 X136.428 Y134.483
G1 X136.365 Y134.087
G1 Z3.04
G1 E2.5 F6000
M204 P1000
;TYPE:Outer wall
;WIDTH:0.42
G1 F3600
G1 X136.647 Y134.042 E.0085
G1 X136.961 Y133.958 E.00969
G1 X137.265 Y133.841 E.0097
G1 X137.555 Y133.694 E.0097
G1 X137.828 Y133.516 E.0097
G1 X138.081 Y133.312 E.0097
G1 X138.312 Y133.081 E.0097
G1 X138.516 Y132.828 E.0097
G1 X138.694 Y132.555 E.0097
G1 X138.841 Y132.265 E.0097
G1 X138.958 Y131.961 E.0097
G1 X139.042 Y131.647 E.00969
G1 X139.093 Y131.325 E.0097
G1 X139.11 Y131 E.0097
G1 X139.093 Y130.675 E.0097
G1 X139.042 Y130.353 E.0097
G1 X138.958 Y130.039 E.00969
G1 X138.841 Y129.735 E.0097
G1 X138.694 Y129.445 E.0097
G1 X138.516 Y129.172 E.0097
G1 X138.312 Y128.919 E.0097
G1 X138.081 Y128.688 E.0097
G1 X137.828 Y128.484 E.0097
G1 X137.555 Y128.306 E.0097
G1 X137.265 Y128.159 E.0097
G1 X136.961 Y128.042 E.0097
G1 X136.647 Y127.958 E.00969
G1 X136.325 Y127.907 E.0097
G1 X136 Y127.89 E.0097
G1 X135.792 Y127.9 E.00621
G1 X135.356 Y127.957 E.01308
G1 X135.039 Y128.042 E.00978
G1 X134.735 Y128.159 E.0097
G1 X134.445 Y128.306 E.0097
G1 X134.172 Y128.484 E.0097
G1 X133.919 Y128.688 E.0097
G1 X133.688 Y128.919 E.0097
G1 X133.484 Y129.172 E.0097
G1 X133.306 Y129.445 E.0097
G1 X133.159 Y129.735 E.0097
G1 X133.042 Y130.039 E.0097
G1 X132.958 Y130.353 E.00969
G1 X132.907 Y130.675 E.0097
G1 X132.89 Y131 E.0097
G1 X132.907 Y131.325 E.0097
G1 X132.958 Y131.647 E.0097
G1 X133.042 Y131.961 E.00969
G1 X133.159 Y132.265 E.0097
G1 X133.306 Y132.555 E.0097
G1 X133.484 Y132.828 E.0097
G1 X133.688 Y133.081 E.0097
G1 X133.919 Y133.312 E.0097
G1 X134.172 Y133.516 E.0097
G1 X134.445 Y133.694 E.0097
G1 X134.735 Y133.841 E.0097
G1 X135.039 Y133.958 E.0097
G1 X135.353 Y134.042 E.00969
G1 X135.675 Y134.093 E.0097
G1 X136 Y134.11 E.0097
G1 X136.305 Y134.094 E.00911
G1 X136.326 Y134.495 F18000
G1 X136.349 Y134.493
G1 X136.349 Y134.485
M204 P1500
;TYPE:Inner wall
;WIDTH:0.45
G1 F6000
G1 X136.366 Y134.484 E.00056
G1 X136.728 Y134.426 E.01179
G1 X137.082 Y134.332 E.01179
G1 X137.425 Y134.2 E.01179
G1 X137.752 Y134.034 E.01179
G1 X138.059 Y133.834 E.01179
G1 X138.344 Y133.603 E.01179
G1 X138.603 Y133.344 E.01179
G1 X138.834 Y133.059 E.01179
G1 X139.034 Y132.752 E.01179
G1 X139.2 Y132.425 E.01179
G1 X139.332 Y132.082 E.01179
G1 X139.426 Y131.728 E.01179
G1 X139.484 Y131.366 E.01179
G1 X139.503 Y131 E.01179
G1 X139.484 Y130.634 E.01179
G1 X139.426 Y130.272 E.01179
G1 X139.332 Y129.918 E.01179
G1 X139.2 Y129.575 E.01179
G1 X139.034 Y129.248 E.01179
G1 X138.834 Y128.941 E.01179
G1 X138.603 Y128.656 E.01179
G1 X138.344 Y128.397 E.01179
G1 X138.059 Y128.166 E.01179
G1 X137.752 Y127.966 E.01179
G1 X137.425 Y127.8 E.01179
G1 X137.082 Y127.668 E.01179
G1 X136.728 Y127.574 E.01179
G1 X136.366 Y127.516 E.01179
G1 X136 Y127.497 E.01179
G1 X135.756 Y127.51 E.00784
G1 X135.28 Y127.571 E.01545
G1 X134.918 Y127.668 E.01207
G1 X134.575 Y127.8 E.01179
G1 X134.248 Y127.966 E.01179
G1 X133.941 Y128.166 E.01179
G1 X133.656 Y128.397 E.01179
G1 X133.397 Y128.656 E.01179
G1 X133.166 Y128.941 E.01179
G1 X132.966 Y129.248 E.01179
G1 X132.8 Y129.575 E.01179
G1 X132.668 Y129.918 E.01179
G1 X132.574 Y130.272 E.01179
G1 X132.516 Y130.634 E.01179
G1 X132.497 Y131 E.01179
G1 X132.516 Y131.366 E.01179
G1 X132.574 Y131.728 E.01179
G1 X132.668 Y132.082 E.01179
G1 X132.8 Y132.425 E.01179
G1 X132.966 Y132.752 E.01179
G1 X133.166 Y133.059 E.01179
G1 X133.397 Y133.344 E.01179
G1 X133.656 Y133.603 E.01179
G1 X133.941 Y133.834 E.01179
G1 X134.248 Y134.034 E.01179
G1 X134.575 Y134.2 E.01179
G1 X134.918 Y134.332 E.01179
G1 X135.272 Y134.426 E.01179
G1 X135.634 Y134.484 E.01179
G1 X136 Y134.503 E.01179
G1 X136.289 Y134.488 E.0093
G1 X136.372 Y134.891 F18000
G1 F6000
G1 X136.409 Y134.889 E.00119
G1 X136.813 Y134.825 E.01316
G1 X137.208 Y134.719 E.01316
G1 X137.591 Y134.573 E.01317
G1 X137.955 Y134.387 E.01316
G1 X138.299 Y134.164 E.01316
G1 X138.617 Y133.906 E.01316
G1 X138.906 Y133.617 E.01317
G1 X139.164 Y133.299 E.01316
G1 X139.387 Y132.955 E.01316
G1 X139.573 Y132.591 E.01316
G1 X139.719 Y132.208 E.01317
G1 X139.825 Y131.813 E.01316
G1 X139.889 Y131.409 E.01317
G1 X139.911 Y131 E.01316
G1 X139.889 Y130.591 E.01316
G1 X139.825 Y130.187 E.01317
G1 X139.719 Y129.792 E.01316
G1 X139.573 Y129.409 E.01317
G1 X139.387 Y129.045 E.01316
G1 X139.164 Y128.701 E.01316
G1 X138.906 Y128.383 E.01316
G1 X138.617 Y128.094 E.01317
G1 X138.299 Y127.836 E.01316
G1 X137.955 Y127.613 E.01316
G1 X137.591 Y127.427 E.01316
G1 X137.208 Y127.281 E.01317
G1 X136.813 Y127.175 E.01316
G1 X136.409 Y127.111 E.01316
G1 X136 Y127.089 E.01316
G1 X135.72 Y127.104 E.00903
G1 X135.201 Y127.171 E.01682
G1 X134.792 Y127.281 E.01363
G1 X134.409 Y127.427 E.01317
G1 X134.045 Y127.613 E.01316
G1 X133.701 Y127.836 E.01316
G1 X133.383 Y128.094 E.01316
G1 X133.094 Y128.383 E.01317
G1 X132.836 Y128.701 E.01316
G1 X132.613 Y129.045 E.01316
G1 X132.427 Y129.409 E.01316
G1 X132.281 Y129.792 E.01317
G1 X132.175 Y130.187 E.01316
G1 X132.111 Y130.591 E.01317
G1 X132.089 Y131 E.01316
G1 X132.111 Y131.409 E.01316
G1 X132.175 Y131.813 E.01317
G1 X132.281 Y132.208 E.01316
G1 X132.427 Y132.591 E.01317
G1 X132.613 Y132.955 E.01316
G1 X132.836 Y133.299 E.01316
G1 X133.094 Y133.617 E.01316
G1 X133.383 Y133.906 E.01317
G1 X133.701 Y134.164 E.01316
G1 X134.045 Y134.387 E.01316
G1 X134.409 Y134.573 E.01316
G1 X134.792 Y134.719 E.01317
G1 X135.187 Y134.825 E.01316
G1 X135.591 Y134.889 E.01316
G1 X136 Y134.911 E.01316
G1 X136.312 Y134.894 E.01004
G1 E-1.75
;WIPE_START
G1 X136.409 Y134.889 E-.07287
G1 X136.813 Y134.825 E-.30705
G1 X137.208 Y134.719 E-.30691
G1 X137.287 Y134.689 E-.06318
;WIPE_END
G1 X137.144 Y134.317 Z3.24 F18000
G1 X85.637 Y134.102
G1 X85.428 Y134.208
G1 X85.085 Y134.34
G1 X84.73 Y134.435
G1 X84.367 Y134.492
G1 X84 Y134.512
G1 X83.633 Y134.492
G1 X83.517 Y134.474
G1 X83.58 Y134.078
G1 Z3.04
G1 E2.5 F6000
M204 P1000
;TYPE:Outer wall
;WIDTH:0.42
G1 F3600
G1 X83.675 Y134.093 E.00286
G1 X84 Y134.11 E.0097
G1 X84.325 Y134.093 E.0097
G1 X84.647 Y134.042 E.0097
G1 X84.961 Y133.958 E.00969
G1 X85.265 Y133.841 E.0097
G1 X85.555 Y133.694 E.0097
G1 X85.828 Y133.516 E.0097
G1 X86.081 Y133.312 E.0097
G1 X86.312 Y133.081 E.0097
G1 X86.516 Y132.828 E.0097
G1 X86.694 Y132.555 E.0097
G1 X86.841 Y132.265 E.0097
G1 X86.958 Y131.961 E.0097
G1 X87.042 Y131.647 E.00969
G1 X87.093 Y131.325 E.0097
G1 X87.11 Y131 E.0097
G1 X87.093 Y130.675 E.0097
G1 X87.042 Y130.353 E.0097
G1 X86.958 Y130.039 E.00969
G1 X86.841 Y129.735 E.0097
G1 X86.694 Y129.445 E.0097
G1 X86.516 Y129.172 E.0097
G1 X86.312 Y128.919 E.0097
G1 X86.081 Y128.688 E.0097
G1 X85.828 Y128.484 E.0097
G1 X85.555 Y128.306 E.0097
G1 X85.265 Y128.159 E.0097
G1 X84.961 Y128.042 E.0097
G1 X84.647 Y127.958 E.00969
G1 X84.325 Y127.907 E.0097
G1 X84 Y127.89 E.0097
G1 X83.792 Y127.9 E.00621
G1 X83.356 Y127.957 E.01308
G1 X83.039 Y128.042 E.00978
G1 X82.735 Y128.159 E.0097
G1 X82.445 Y128.306 E.0097
G1 X82.172 Y128.484 E.0097
G1 X81.919 Y128.688 E.0097
G1 X81.688 Y128.919 E.0097
G1 X81.484 Y129.172 E.0097
G1 X81.306 Y129.445 E.0097
G1 X81.159 Y129.735 E.0097
G1 X81.042 Y130.039 E.0097
G1 X80.958 Y130.353 E.00969
G1 X80.907 Y130.675 E.0097
G1 X80.89 Y131 E.0097
G1 X80.907 Y131.325 E.0097
G1 X80.958 Y131.647 E.0097
G1 X81.042 Y131.961 E.00969
G1 X81.159 Y132.265 E.0097
G1 X81.306 Y132.555 E.0097
G1 X81.484 Y132.828 E.0097
G1 X81.688 Y133.081 E.0097
G1 X81.919 Y133.312 E.0097
G1 X82.172 Y133.516 E.0097
G1 X82.445 Y133.694 E.0097
G1 X82.735 Y133.841 E.0097
G1 X83.039 Y133.958 E.0097
G1 X83.353 Y134.042 E.00969
G1 X83.521 Y134.069 E.00505
G1 X83.458 Y134.465 F18000
G1 X83.615 Y134.49
G1 X83.617 Y134.481
M204 P1500
;TYPE:Inner wall
;WIDTH:0.45
G1 F6000
G1 X83.634 Y134.484 E.00056
G1 X84 Y134.503 E.01179
G1 X84.366 Y134.484 E.01179
G1 X84.728 Y134.426 E.01179
G1 X85.082 Y134.332 E.01179
G1 X85.425 Y134.2 E.01179
G1 X85.752 Y134.034 E.01179
G1 X86.059 Y133.834 E.01179
G1 X86.344 Y133.603 E.01179
G1 X86.603 Y133.344 E.01179
G1 X86.834 Y133.059 E.01179
G1 X87.034 Y132.752 E.01179
G1 X87.2 Y132.425 E.01179
G1 X87.332 Y132.082 E.01179
G1 X87.426 Y131.728 E.01179
G1 X87.484 Y131.366 E.01179
G1 X87.503 Y131 E.01179
G1 X87.484 Y130.634 E.01179
G1 X87.426 Y130.272 E.01179
G1 X87.332 Y129.918 E.01179
G1 X87.2 Y129.575 E.01179
G1 X87.034 Y129.248 E.01179
G1 X86.834 Y128.941 E.01179
G1 X86.603 Y128.656 E.01179
G1 X86.344 Y128.397 E.01179
G1 X86.059 Y128.166 E.01179
G1 X85.752 Y127.966 E.01179
G1 X85.425 Y127.8 E.01179
G1 X85.082 Y127.668 E.01179
G1 X84.728 Y127.574 E.01179
G1 X84.366 Y127.516 E.01179
G1 X84 Y127.497 E.01179
G1 X83.756 Y127.51 E.00784
G1 X83.28 Y127.571 E.01545
G1 X82.918 Y127.668 E.01207
G1 X82.575 Y127.8 E.01179
G1 X82.248 Y127.966 E.01179
G1 X81.941 Y128.166 E.01179
G1 X81.656 Y128.397 E.01179
G1 X81.397 Y128.656 E.01179
G1 X81.166 Y128.941 E.01179
G1 X80.966 Y129.248 E.01179
G1 X80.8 Y129.575 E.01179
G1 X80.668 Y129.918 E.01179
G1 X80.574 Y130.272 E.01179
G1 X80.516 Y130.634 E.01179
G1 X80.497 Y131 E.01179
G1 X80.516 Y131.366 E.01179
G1 X80.574 Y131.728 E.01179
G1 X80.668 Y132.082 E.01179
G1 X80.8 Y132.425 E.01179
G1 X80.966 Y132.752 E.01179
G1 X81.166 Y133.059 E.01179
G1 X81.397 Y133.344 E.01179
G1 X81.656 Y133.603 E.01179
G1 X81.941 Y133.834 E.01179
G1 X82.248 Y134.034 E.01179
G1 X82.575 Y134.2 E.01179
G1 X82.918 Y134.332 E.01179
G1 X83.272 Y134.426 E.01179
G1 X83.557 Y134.472 E.0093
G1 X83.554 Y134.883 F18000
G1 F6000
G1 X83.591 Y134.889 E.0012
G1 X84 Y134.911 E.01316
G1 X84.409 Y134.889 E.01316
G1 X84.813 Y134.825 E.01316
G1 X85.208 Y134.719 E.01316
G1 X85.591 Y134.573 E.01317
G1 X85.955 Y134.387 E.01316
G1 X86.299 Y134.164 E.01316
G1 X86.617 Y133.906 E.01316
G1 X86.906 Y133.617 E.01317
G1 X87.164 Y133.299 E.01316
G1 X87.387 Y132.955 E.01316
G1 X87.573 Y132.591 E.01316
G1 X87.719 Y132.208 E.01317
G1 X87.825 Y131.813 E.01316
G1 X87.889 Y131.409 E.01317
G1 X87.911 Y131 E.01316
G1 X87.889 Y130.591 E.01316
G1 X87.825 Y130.187 E.01317
G1 X87.719 Y129.792 E.01316
G1 X87.573 Y129.409 E.01317
G1 X87.387 Y129.045 E.01316
G1 X87.164 Y128.701 E.01316
G1 X86.906 Y128.383 E.01316
G1 X86.617 Y128.094 E.01317
G1 X86.299 Y127.836 E.01316
G1 X85.955 Y127.613 E.01316
G1 X85.591 Y127.427 E.01316
G1 X85.208 Y127.281 E.01317
G1 X84.813 Y127.175 E.01316
G1 X84.409 Y127.111 E.01316
G1 X84 Y127.089 E.01316
G1 X83.72 Y127.104 E.00903
G1 X83.201 Y127.171 E.01682
G1 X82.792 Y127.281 E.01363
G1 X82.409 Y127.427 E.01317
G1 X82.045 Y127.613 E.01316
G1 X81.701 Y127.836 E.01316
G1 X81.383 Y128.094 E.01316
G1 X81.094 Y128.383 E.01317
G1 X80.836 Y128.701 E.01316
G1 X80.613 Y129.045 E.01316
G1 X80.427 Y129.409 E.01316
G1 X80.281 Y129.792 E.01317
G1 X80.175 Y130.187 E.01316
G1 X80.111 Y130.591 E.01317
G1 X80.089 Y131 E.01316
G1 X80.111 Y131.409 E.01316
G1 X80.175 Y131.813 E.01317
G1 X80.281 Y132.208 E.01316
G1 X80.427 Y132.591 E.01317
G1 X80.613 Y132.955 E.01316
G1 X80.836 Y133.299 E.01316
G1 X81.094 Y133.617 E.01316
G1 X81.383 Y133.906 E.01317
G1 X81.701 Y134.164 E.01316
G1 X82.045 Y134.387 E.01316
G1 X82.409 Y134.573 E.01316
G1 X82.792 Y134.719 E.01317
G1 X83.187 Y134.825 E.01316
G1 X83.495 Y134.874 E.01004
G1 E-1.75
;WIPE_START
G1 X83.591 Y134.889 E-.07295
G1 X84 Y134.911 E-.30703
G1 X84.409 Y134.889 E-.30703
G1 X84.492 Y134.876 E-.06299
;WIPE_END
G1 X84.429 Y134.483 Z3.24 F18000
G1 X84.73 Y134.435
G1 X85.085 Y134.34
G1 X85.428 Y134.208
G1 X85.756 Y134.041
G1 X86.064 Y133.841
G1 X86.35 Y133.61
G1 X86.61 Y133.35
G1 X86.841 Y133.064
G1 X87.041 Y132.756
G1 X87.208 Y132.428
G1 X87.34 Y132.085
G1 X87.435 Y131.73
G1 X87.493 Y131.367
G1 X87.512 Y131
G1 X87.493 Y130.633
G1 X87.435 Y130.27
G1 X87.34 Y129.915
G1 X87.208 Y129.572
G1 X87.041 Y129.244
G1 X86.841 Y128.936
G1 X86.61 Y128.65
G1 X86.35 Y128.39
G1 X86.064 Y128.159
G1 X85.756 Y127.959
G1 X85.428 Y127.792
G1 X85.085 Y127.66
G1 X84.73 Y127.565
G1 X84.367 Y127.508
G1 X84.335 Y127.506
G1 X83.517 Y92.474
G1 X83.58 Y92.078
G1 Z3.04
G1 E2.5 F6000
M204 P1000
;TYPE:Outer wall
;WIDTH:0.42
G1 F3600
G1 X83.675 Y92.093 E.00286
G1 X84 Y92.11 E.0097
G1 X84.325 Y92.093 E.0097
G1 X84.647 Y92.042 E.0097
G1 X84.961 Y91.958 E.00969
G1 X85.265 Y91.841 E.0097
G1 X85.555 Y91.694 E.0097
G1 X85.828 Y91.516 E.0097
G1 X86.081 Y91.312 E.0097
G1 X86.312 Y91.081 E.0097
G1 X86.516 Y90.828 E.0097
G1 X86.694 Y90.555 E.0097
G1 X86.841 Y90.265 E.0097
G1 X86.958 Y89.961 E.0097
G1 X87.042 Y89.647 E.00969
G1 X87.093 Y89.325 E.0097
G1 X87.11 Y89 E.0097
G1 X87.093 Y88.675 E.0097
G1 X87.042 Y88.353 E.0097
G1 X86.958 Y88.039 E.00969
G1 X86.841 Y87.735 E.0097
G1 X86.694 Y87.445 E.0097
G1 X86.516 Y87.172 E.0097
G1 X86.312 Y86.919 E.0097
G1 X86.081 Y86.688 E.0097
G1 X85.828 Y86.484 E.0097
G1 X85.555 Y86.306 E.0097
G1 X85.265 Y86.159 E.0097
G1 X84.961 Y86.042 E.0097
G1 X84.647 Y85.958 E.00969
G1 X84.325 Y85.907 E.0097
G1 X84 Y85.89 E.0097
G1 X83.792 Y85.9 E.00621
G1 X83.356 Y85.957 E.01308
G1 X83.039 Y86.042 E.00978
G1 X82.735 Y86.159 E.0097
G1 X82.445 Y86.306 E.0097
G1 X82.172 Y86.484 E.0097
G1 X81.919 Y86.688 E.0097
G1 X81.688 Y86.919 E.0097
G1 X81.484 Y87.172 E.0097
G1 X81.306 Y87.445 E.0097
G1 X81.159 Y87.735 E.0097
G1 X81.042 Y88.039 E.0097
G1 X80.958 Y88.353 E.00969
G1 X80.907 Y88.675 E.0097
G1 X80.89 Y89 E.0097
G1 X80.907 Y89.325 E.0097
G1 X80.958 Y89.647 E.0097
G1 X81.042 Y89.961 E.00969
G1 X81.159 Y90.265 E.0097
G1 X81.306 Y90.555 E.0097
G1 X81.484 Y90.828 E.0097
G1 X81.688 Y91.081 E.0097
G1 X81.919 Y91.312 E.0097
G1 X82.172 Y91.516 E.0097
G1 X82.445 Y91.694 E.0097
G1 X82.735 Y91.841 E.0097
G1 X83.039 Y91.958 E.0097
G1 X83.353 Y92.042 E.00969
G1 X83.521 Y92.069 E.00505
G1 X83.458 Y92.465 F18000
G1 X83.615 Y92.49
G1 X83.617 Y92.481
M204 P1500
;TYPE:Inner wall
;WIDTH:0.45
G1 F6000
G1 X83.634 Y92.484 E.00056
G1 X84 Y92.503 E.01179
G1 X84.366 Y92.484 E.01179
G1 X84.728 Y92.426 E.01179
G1 X85.082 Y92.332 E.01179
G1 X85.425 Y92.2 E.01179
G1 X85.752 Y92.034 E.01179
G1 X86.059 Y91.834 E.01179
G1 X86.344 Y91.603 E.01179
G1 X86.603 Y91.344 E.01179
G1 X86.834 Y91.059 E.01179
G1 X87.034 Y90.752 E.01179
G1 X87.2 Y90.425 E.01179
G1 X87.332 Y90.082 E.01179
G1 X87.426 Y89.728 E.01179
G1 X87.484 Y89.366 E.01179
G1 X87.503 Y89 E.01179
G1 X87.484 Y88.634 E.01179
G1 X87.426 Y88.272 E.01179
G1 X87.332 Y87.918 E.01179
G1 X87.2 Y87.575 E.01179
G1 X87.034 Y87.248 E.01179
G1 X86.834 Y86.941 E.01179
G1 X86.603 Y86.656 E.01179
G1 X86.344 Y86.397 E.01179
G1 X86.059 Y86.166 E.01179
G1 X85.752 Y85.966 E.01179
G1 X85.425 Y85.8 E.01179
G1 X85.082 Y85.668 E.01179
G1 X84.728 Y85.574 E.01179
G1 X84.366 Y85.516 E.01179
G1 X84 Y85.497 E.01179
G1 X83.756 Y85.51 E.00784
G1 X83.28 Y85.571 E.01545
G1 X82.918 Y85.668 E.01207
G1 X82.575 Y85.8 E.01179
G1 X82.248 Y85.966 E.01179
G1 X81.941 Y86.166 E.01179
G1 X81.656 Y86.397 E.01179
G1 X81.397 Y86.656 E.01179
G1 X81.166 Y86.941 E.01179
G1 X80.966 Y87.248 E.01179
G1 X80.8 Y87.575 E.01179
G1 X80.668 Y87.918 E.01179
G1 X80.574 Y88.272 E.01179
G1 X80.516 Y88.634 E.01179
G1 X80.497 Y89 E.01179
G1 X80.516 Y89.366 E.01179
G1 X80.574 Y89.728 E.01179
G1 X80.668 Y90.082 E.01179
G1 X80.8 Y90.425 E.01179
G1 X80.966 Y90.752 E.01179
G1 X81.166 Y91.059 E.01179
G1 X81.397 Y91.344 E.01179
G1 X81.656 Y91.603 E.01179
G1 X81.941 Y91.834 E.01179
G1 X82.248 Y92.034 E.01179
G1 X82.575 Y92.2 E.01179
G1 X82.918 Y92.332 E.01179
G1 X83.272 Y92.426 E.01179
G1 X83.557 Y92.472 E.0093
G1 X83.554 Y92.883 F18000
G1 F6000
G1 X83.591 Y92.889 E.0012
G1 X84 Y92.911 E.01316
G1 X84.409 Y92.889 E.01316
G1 X84.813 Y92.825 E.01316
G1 X85.208 Y92.719 E.01316
G1 X85.591 Y92.573 E.01317
G1 X85.955 Y92.387 E.01316
G1 X86.299 Y92.164 E.01316
G1 X86.617 Y91.906 E.01316
G1 X86.906 Y91.617 E.01317
G1 X87.164 Y91.299 E.01316
G1 X87.387 Y90.955 E.01316
G1 X87.573 Y90.591 E.01316
G1 X87.719 Y90.208 E.01317
G1 X87.825 Y89.813 E.01316
G1 X87.889 Y89.409 E.01317
G1 X87.911 Y89 E.01316
G1 X87.889 Y88.591 E.01316
G1 X87.825 Y88.187 E.01317
G1 X87.719 Y87.792 E.01316
G1 X87.573 Y87.409 E.01317
G1 X87.387 Y87.045 E.01316
G1 X87.164 Y86.701 E.01316
G1 X86.906 Y86.383 E.01316
G1 X86.617 Y86.094 E.01317
G1 X86.299 Y85.836 E.01316
G1 X85.955 Y85.613 E.01316
G1 X85.591 Y85.427 E.01316
G1 X85.208 Y85.281 E.01317
G1 X84.813 Y85.175 E.01316
G1 X84.409 Y85.111 E.01316
G1 X84 Y85.089 E.01316
G1 X83.72 Y85.104 E.00903
G1 X83.201 Y85.171 E.01682
G1 X82.792 Y85.281 E.01363
G1 X82.409 Y85.427 E.01317
G1 X82.045 Y85.613 E.01316
G1 X81.701 Y85.836 E.01316
G1 X81.383 Y86.094 E.01316
G1 X81.094 Y86.383 E.01317
G1 X80.836 Y86.701 E.01316
G1 X80.613 Y87.045 E.01316
G1 X80.427 Y87.409 E.01316
G1 X80.281 Y87.792 E.01317
G1 X80.175 Y88.187 E.01316
G1 X80.111 Y88.591 E.01317
G1 X80.089 Y89 E.01316
G1 X80.111 Y89.409 E.01316
G1 X80.175 Y89.813 E.01317
G1 X80.281 Y90.208 E.01316
G1 X80.427 Y90.591 E.01317
G1 X80.613 Y90.955 E.01316
G1 X80.836 Y91.299 E.01316
G1 X81.094 Y91.617 E.01316
G1 X81.383 Y91.906 E.01317
G1 X81.701 Y92.164 E.01316
G1 X82.045 Y92.387 E.01316
G1 X82.409 Y92.573 E.01316
G1 X82.792 Y92.719 E.01317
G1 X83.187 Y92.825 E.01316
G1 X83.495 Y92.874 E.01004
G1 E-1.75
;WIPE_START
G1 X83.591 Y92.889 E-.07295
G1 X84 Y92.911 E-.30703
G1 X84.409 Y92.889 E-.30703
G1 X84.492 Y92.876 E-.06299
;WIPE_END
G1 X84.429 Y92.483 Z3.24 F18000
G1 X101.689 Y118.311
G1 X118.311 Y118.311
G1 X118.311 Y117.91
G1 X117.91 Y117.91
G1 Z3.04
G1 E2.5 F6000
M204 P1000
;TYPE:Outer wall
;WIDTH:0.42
G1 F3600
G1 X117.91 Y102.09 E.47122
G1 X102.09 Y102.09 E.47122
G1 X102.09 Y117.91 E.47122
G1 X117.85 Y117.91 E.46944
G1 X117.85 Y118.311 F18000
G1 X118.311 Y118.311
G1 X118.311 Y118.302
G1 X118.302 Y118.302
M204 P1500
;TYPE:Inner wall
;WIDTH:0.45
G1 F6000
G1 X118.302 Y101.698 E.53393
G1 X101.698 Y101.698 E.53393
G1 X101.698 Y118.302 E.53393
G1 X118.242 Y118.302 E.532
G1 X118.709 Y118.709 F18000
G1 F6000
G1 X118.709 Y101.291 E.56011
G1 X101.291 Y101.291 E.56011
G1 X101.291 Y118.709 E.56011
G1 X118.649 Y118.709 E.55818
G1 X134.602 Y127.178 F18000
M204 P2000
;TYPE:Internal solid infill
;WIDTH:0.420461
G1 F6000
G1 X85.835 Y127.178 E1.45438
G1 X86.122 Y127.324 E.0096
G1 X86.478 Y127.556 E.01267
G1 X133.522 Y127.556 E1.40297
G1 X133.073 Y127.933 E.0175
G1 X86.927 Y127.933 E1.37618
G1 X87.154 Y128.16 E.00957
G1 X87.276 Y128.311 E.00578
G1 X132.724 Y128.311 E1.35538
G1 X132.566 Y128.505 E.00746
G1 X132.447 Y128.688 E.00651
G1 X87.553 Y128.688 E1.33889
G1 X87.772 Y129.066 E.01302
G1 X132.228 Y129.066 E1.32584
G1 X132.057 Y129.443 E.01236
G1 X87.943 Y129.443 E1.31564
G1 X88.072 Y129.821 E.0119
G1 X131.928 Y129.821 E1.30791
G1 X131.836 Y130.198 E.01159
G1 X88.164 Y130.198 E1.3024
G1 X88.222 Y130.576 E.01139
G1 X131.778 Y130.576 E1.29896
G1 X131.758 Y130.954 E.01127
G1 X88.242 Y130.954 E1.29778
G1 X88.227 Y131.331 E.01127
G1 X131.773 Y131.331 E1.29867
G1 X131.821 Y131.709 E.01135
G1 X88.179 Y131.709 E1.30152
G1 X88.097 Y132.086 E.01152
G1 X131.903 Y132.086 E1.30642
G1 X132.022 Y132.464 E.0118
G1 X87.978 Y132.464 E1.31351
G1 X87.819 Y132.841 E.01222
G1 X132.181 Y132.841 E1.32301
G1 X132.387 Y133.219 E.01282
G1 X87.613 Y133.219 E1.33529
G1 X87.352 Y133.596 E.0137
G1 X132.648 Y133.596 E1.35089
G1 X132.846 Y133.84 E.00935
G1 X132.98 Y133.974 E.00565
G1 X87.02 Y133.974 E1.37064
G1 X86.84 Y134.154 E.00761
G1 X86.597 Y134.351 E.00934
G1 X133.403 Y134.351 E1.39593
G1 X133.505 Y134.434 E.0039
G1 X133.982 Y134.729 E.01673
G1 X85.64 Y134.729 E1.44172
G1 X81.22 Y133.974 F18000
G1 F6000
G1 X77.342 Y133.974 E.11563
G1 X77.342 Y134.351 E.01126
G1 X81.403 Y134.351 E.12111
G1 X81.505 Y134.434 E.0039
G1 X81.982 Y134.729 E.01673
G1 X77.342 Y134.729 E.13837
G1 X77.342 Y135.106 E.01126
G1 X142.658 Y135.106 E1.9479
G1 X142.658 Y135.484 E.01126
G1 X77.342 Y135.484 E1.9479
G1 X77.342 Y135.862 E.01126
G1 X142.658 Y135.862 E1.9479
G1 X142.658 Y136.239 E.01126
G1 X77.342 Y136.239 E1.9479
G1 X77.342 Y136.617 E.01126
G1 X142.658 Y136.617 E1.9479
G1 X142.658 Y136.994 E.01126
G1 X77.342 Y136.994 E1.9479
G1 X77.342 Y137.372 E.01126
G1 X142.658 Y137.372 E1.9479
G1 X142.658 Y137.749 E.01126
G1 X77.342 Y137.749 E1.9479
G1 X77.342 Y138.127 E.01126
G1 X142.658 Y138.127 E1.9479
G1 X142.658 Y138.504 E.01126
G1 X77.342 Y138.504 E1.9479
G1 X77.342 Y138.882 E.01126
G1 X142.658 Y138.882 E1.9479
G1 X142.658 Y139.259 E.01126
G1 X77.342 Y139.259 E1.9479
G1 X77.342 Y139.637 E.01126
G1 X142.658 Y139.637 E1.9479
G1 X142.658 Y140.015 E.01126
G1 X77.342 Y140.015 E1.9479
G1 X77.342 Y140.392 E.01126
G1 X142.658 Y140.392 E1.9479
G1 X142.658 Y140.77 E.01126
G1 X77.342 Y140.77 E1.9479
G1 X77.362 Y141.147 E.01127
G1 X142.648 Y141.147 E1.94703
G1 X142.647 Y141.164 E.00051
G1 X142.567 Y141.525 E.01101
G1 X77.441 Y141.525 E1.94228
G1 X77.489 Y141.673 E.00465
G1 X77.621 Y141.902 E.0079
G1 X142.378 Y141.902 E1.93126
G1 X142.229 Y142.107 E.00755
G1 X142.038 Y142.28 E.0077
G1 X77.962 Y142.28 E1.91092
G1 X78.173 Y142.433 E.00776
G1 X78.489 Y142.573 E.01032
G1 X78.836 Y142.647 E.01058
G1 X79.03 Y142.657 E.00579
G1 X141.759 Y142.657 E1.87079
G1 X142.827 Y133.974 F18000
G1 F6000
G1 X139.02 Y133.974 E.11353
G1 X138.84 Y134.154 E.00761
G1 X138.597 Y134.351 E.00934
G1 X142.658 Y134.351 E.12111
G1 X142.658 Y134.729 E.01126
G1 X137.64 Y134.729 E.14965
G1 X141.374 Y132.195 F18000
;WIDTH:0.588258
G1 F4632.571
G1 X141.393 Y132.018 E.00765
;WIDTH:0.551421
G1 F4968.163
G1 X141.411 Y131.841 E.00713
;WIDTH:0.514585
G1 F5356.173
G1 X141.429 Y131.665 E.00662
;WIDTH:0.492702
G1 F5616.765
G1 X141.428 Y130.346 E.04684
G1 X140.987 Y128.895 F18000
;WIDTH:0.420911
G1 F6000
G1 X141.205 Y129.454 E.01792
;WIDTH:0.442065
G1 X141.315 Y129.87 E.01358
;WIDTH:0.470269
G1 F5911.604
G1 X141.425 Y130.287 E.01454
G1 X141.467 Y129.426 E.02907
;WIDTH:0.420911
G1 F6000
G1 X141.467 Y128.895 E.01588
G1 X141.047 Y128.895 E.01254
G1 X140.4 Y128.517 F18000
;WIDTH:0.419999
G1 F6000
G1 X140.774 Y129.345 E.02707
G1 X141.014 Y130.374 E.03146
G1 X141.035 Y131.43 E.03147
G1 X140.914 Y132.097 E.02018
G1 X140.774 Y132.655 E.01714
G1 X141.845 Y132.665 E.03188
G1 X141.845 Y128.517 E.12355
G1 X140.46 Y128.517 E.04124
G1 X139.679 Y128.14 F18000
G1 F6000
G1 X140.021 Y128.61 E.01731
G1 X140.416 Y129.467 E.02812
G1 X140.645 Y130.452 E.03012
G1 X140.658 Y131.43 E.02913
G1 X140.545 Y132.018 E.01784
G1 X140.43 Y132.501 E.0148
G1 X140.189 Y133.042 E.01763
G1 X142.222 Y133.042 E.06054
G1 X142.222 Y128.14 E.14601
G1 X139.739 Y128.14 E.07394
G1 X138.802 Y127.763 F18000
G1 F6000
G1 X139.21 Y128.136 E.01648
G1 X139.736 Y128.866 E.02679
G1 X140.098 Y129.689 E.02679
G1 X140.281 Y130.57 E.02679
G1 X140.276 Y131.469 E.02679
G1 X140.085 Y132.348 E.02679
G1 X139.717 Y133.166 E.02671
G1 X139.539 Y133.419 E.00923
G1 X142.599 Y133.419 E.09114
G1 X142.599 Y127.763 E.16848
G1 X138.862 Y127.763 E.11131
G1 X142.827 Y127.556 F18000
;WIDTH:0.420461
G1 F6000
G1 X138.478 Y127.556 E.12969
G1 X138.122 Y127.324 E.01267
G1 X137.835 Y127.178 E.0096
G1 X142.658 Y127.178 E.14381
G1 X142.658 Y126.801 E.01126
G1 X77.342 Y126.801 E1.9479
G1 X77.342 Y126.423 E.01126
G1 X142.658 Y126.423 E1.9479
G1 X142.658 Y126.045 E.01126
G1 X77.342 Y126.045 E1.9479
G1 X77.342 Y125.668 E.01126
G1 X142.658 Y125.668 E1.9479
G1 X142.658 Y125.29 E.01126
G1 X77.342 Y125.29 E1.9479
G1 X77.342 Y124.913 E.01126
G1 X142.658 Y124.913 E1.9479
G1 X142.658 Y124.535 E.01126
G1 X77.342 Y124.535 E1.9479
G1 X77.342 Y124.158 E.01126
G1 X142.658 Y124.158 E1.9479
G1 X142.658 Y123.78 E.01126
G1 X77.342 Y123.78 E1.9479
G1 X77.342 Y123.403 E.01126
G1 X142.658 Y123.403 E1.9479
G1 X142.658 Y123.025 E.01126
G1 X77.342 Y123.025 E1.9479
G1 X77.342 Y122.648 E.01126
G1 X142.658 Y122.648 E1.9479
G1 X142.658 Y122.27 E.01126
G1 X77.342 Y122.27 E1.9479
G1 X77.342 Y121.893 E.01126
G1 X142.658 Y121.893 E1.9479
G1 X142.658 Y121.515 E.01126
G1 X77.342 Y121.515 E1.9479
G1 X77.342 Y121.137 E.01126
G1 X142.658 Y121.137 E1.9479
G1 X142.658 Y120.76 E.01126
G1 X77.342 Y120.76 E1.9479
G1 X77.342 Y120.382 E.01126
G1 X142.658 Y120.382 E1.9479
G1 X142.658 Y120.005 E.01126
G1 X77.342 Y120.005 E1.9479
G1 X77.342 Y119.627 E.01126
G1 X142.827 Y119.627 E1.95296
G1 X142.827 Y93.577 F18000
G1 F6000
G1 X77.342 Y93.577 E1.95296
G1 X77.342 Y93.955 E.01126
G1 X142.658 Y93.955 E1.9479
G1 X142.658 Y94.332 E.01126
G1 X77.342 Y94.332 E1.9479
G1 X77.342 Y94.71 E.01126
G1 X142.658 Y94.71 E1.9479
G1 X142.658 Y95.087 E.01126
G1 X77.342 Y95.087 E1.9479
G1 X77.342 Y95.465 E.01126
G1 X142.658 Y95.465 E1.9479
G1 X142.658 Y95.842 E.01126
G1 X77.342 Y95.842 E1.9479
G1 X77.342 Y96.22 E.01126
G1 X142.658 Y96.22 E1.9479
G1 X142.658 Y96.597 E.01126
G1 X77.342 Y96.597 E1.9479
G1 X77.342 Y96.975 E.01126
G1 X142.658 Y96.975 E1.9479
G1 X142.658 Y97.352 E.01126
G1 X77.342 Y97.352 E1.9479
G1 X77.342 Y97.73 E.01126
G1 X142.658 Y97.73 E1.9479
G1 X142.658 Y98.107 E.01126
G1 X77.342 Y98.107 E1.9479
G1 X77.342 Y98.485 E.01126
G1 X142.658 Y98.485 E1.9479
G1 X142.658 Y98.863 E.01126
G1 X77.342 Y98.863 E1.9479
G1 X77.342 Y99.24 E.01126
G1 X142.658 Y99.24 E1.9479
G1 X142.658 Y99.618 E.01126
G1 X77.342 Y99.618 E1.9479
G1 X77.342 Y99.995 E.01126
G1 X142.658 Y99.995 E1.9479
G1 X142.658 Y100.373 E.01126
G1 X77.342 Y100.373 E1.9479
G1 X77.342 Y100.75 E.01126
G1 X142.658 Y100.75 E1.9479
G1 X142.658 Y101.128 E.01126
G1 X119.042 Y101.128 E.70428
G1 X119.042 Y101.505 E.01126
G1 X142.658 Y101.505 E.70428
G1 X142.658 Y101.883 E.01126
G1 X119.042 Y101.883 E.70428
G1 X119.042 Y102.26 E.01126
G1 X142.658 Y102.26 E.70428
G1 X142.658 Y102.638 E.01126
G1 X119.042 Y102.638 E.70428
G1 X119.042 Y103.015 E.01126
G1 X142.658 Y103.015 E.70428
G1 X142.658 Y103.393 E.01126
G1 X119.042 Y103.393 E.70428
G1 X119.042 Y103.771 E.01126
G1 X142.658 Y103.771 E.70428
G1 X142.658 Y104.148 E.01126
G1 X119.042 Y104.148 E.70428
G1 X119.042 Y104.526 E.01126
G1 X142.658 Y104.526 E.70428
G1 X142.658 Y104.903 E.01126
G1 X119.042 Y104.903 E.70428
G1 X119.042 Y105.281 E.01126
G1 X142.658 Y105.281 E.70428
G1 X142.658 Y105.658 E.01126
G1 X119.042 Y105.658 E.70428
G1 X119.042 Y106.036 E.01126
G1 X142.658 Y106.036 E.70428
G1 X142.658 Y106.413 E.01126
G1 X119.042 Y106.413 E.70428
G1 X119.042 Y106.791 E.01126
G1 X142.658 Y106.791 E.70428
G1 X142.658 Y107.168 E.01126
G1 X119.042 Y107.168 E.70428
G1 X119.042 Y107.546 E.01126
G1 X142.658 Y107.546 E.70428
G1 X142.658 Y107.924 E.01126
G1 X119.042 Y107.924 E.70428
G1 X119.042 Y108.301 E.01126
G1 X142.658 Y108.301 E.70428
G1 X142.658 Y108.679 E.01126
G1 X119.042 Y108.679 E.70428
G1 X119.042 Y109.056 E.01126
G1 X142.658 Y109.056 E.70428
G1 X142.658 Y109.434 E.01126
G1 X119.042 Y109.434 E.70428
G1 X119.042 Y109.811 E.01126
G1 X142.658 Y109.811 E.70428
G1 X142.658 Y110.189 E.01126
G1 X119.042 Y110.189 E.70428
G1 X119.042 Y110.566 E.01126
G1 X142.658 Y110.566 E.70428
G1 X142.658 Y110.944 E.01126
G1 X119.042 Y110.944 E.70428
G1 X119.042 Y111.321 E.01126
G1 X142.658 Y111.321 E.70428
G1 X142.658 Y111.699 E.01126
G1 X119.042 Y111.699 E.70428
G1 X119.042 Y112.076 E.01126
G1 X142.658 Y112.076 E.70428
G1 X142.658 Y112.454 E.01126
G1 X119.042 Y112.454 E.70428
G1 X119.042 Y112.832 E.01126
G1 X142.658 Y112.832 E.70428
G1 X142.658 Y113.209 E.01126
G1 X119.042 Y113.209 E.70428
G1 X119.042 Y113.587 E.01126
G1 X142.658 Y113.587 E.70428
G1 X142.658 Y113.964 E.01126
G1 X119.042 Y113.964 E.70428
G1 X119.042 Y114.342 E.01126
G1 X142.658 Y114.342 E.70428
G1 X142.658 Y114.719 E.01126
G1 X119.042 Y114.719 E.70428
G1 X119.042 Y115.097 E.01126
G1 X142.658 Y115.097 E.70428
G1 X142.658 Y115.474 E.01126
G1 X119.042 Y115.474 E.70428
G1 X119.042 Y115.852 E.01126
G1 X142.658 Y115.852 E.70428
G1 X142.658 Y116.229 E.01126
G1 X119.042 Y116.229 E.70428
G1 X119.042 Y116.607 E.01126
G1 X142.658 Y116.607 E.70428
G1 X142.658 Y116.985 E.01126
G1 X119.042 Y116.985 E.70428
G1 X119.042 Y117.362 E.01126
G1 X142.658 Y117.362 E.70428
G1 X142.658 Y117.74 E.01126
G1 X119.042 Y117.74 E.70428
G1 X119.042 Y118.117 E.01126
G1 X142.658 Y118.117 E.70428
G1 X142.658 Y118.495 E.01126
G1 X119.042 Y118.495 E.70428
G1 X119.042 Y118.872 E.01126
G1 X142.658 Y118.872 E.70428
G1 X142.658 Y119.25 E.01126
G1 X77.342 Y119.25 E1.9479
G1 X77.342 Y118.872 E.01126
G1 X100.958 Y118.872 E.70428
G1 X100.958 Y118.495 E.01126
G1 X77.342 Y118.495 E.70428
G1 X77.342 Y118.117 E.01126
G1 X100.958 Y118.117 E.70428
G1 X100.958 Y117.74 E.01126
G1 X77.342 Y117.74 E.70428
G1 X77.342 Y117.362 E.01126
G1 X100.958 Y117.362 E.70428
G1 X100.958 Y116.985 E.01126
G1 X77.342 Y116.985 E.70428
G1 X77.342 Y116.607 E.01126
G1 X100.958 Y116.607 E.70428
G1 X100.958 Y116.229 E.01126
G1 X77.342 Y116.229 E.70428
G1 X77.342 Y115.852 E.01126
G1 X100.958 Y115.852 E.70428
G1 X100.958 Y115.474 E.01126
G1 X77.342 Y115.474 E.70428
G1 X77.342 Y115.097 E.01126
G1 X100.958 Y115.097 E.70428
G1 X100.958 Y114.719 E.01126
G1 X77.342 Y114.719 E.70428
G1 X77.342 Y114.342 E.01126
G1 X100.958 Y114.342 E.70428
G1 X100.958 Y113.964 E.01126
G1 X77.342 Y113.964 E.70428
G1 X77.342 Y113.587 E.01126
G1 X100.958 Y113.587 E.70428
G1 X100.958 Y113.209 E.01126
G1 X77.342 Y113.209 E.70428
G1 X77.342 Y112.832 E.01126
G1 X100.958 Y112.832 E.70428
G1 X100.958 Y112.454 E.01126
G1 X77.342 Y112.454 E.70428
G1 X77.342 Y112.076 E.01126
G1 X100.958 Y112.076 E.70428
G1 X100.958 Y111.699 E.01126
G1 X77.342 Y111.699 E.70428
G1 X77.342 Y111.321 E.01126
G1 X100.958 Y111.321 E.70428
G1 X100.958 Y110.944 E.01126
G1 X77.342 Y110.944 E.70428
G1 X77.342 Y110.566 E.01126
G1 X100.958 Y110.566 E.70428
G1 X100.958 Y110.189 E.01126
G1 X77.342 Y110.189 E.70428
G1 X77.342 Y109.811 E.01126
G1 X100.958 Y109.811 E.70428
G1 X100.958 Y109.434 E.01126
G1 X77.342 Y109.434 E.70428
G1 X77.342 Y109.056 E.01126
G1 X100.958 Y109.056 E.70428
G1 X100.958 Y108.679 E.01126
G1 X77.342 Y108.679 E.70428
G1 X77.342 Y108.301 E.01126
G1 X100.958 Y108.301 E.70428
G1 X100.958 Y107.924 E.01126
G1 X77.342 Y107.924 E.70428
G1 X77.342 Y107.546 E.01126
G1 X100.958 Y107.546 E.70428
G1 X100.958 Y107.168 E.01126
G1 X77.342 Y107.168 E.70428
G1 X77.342 Y106.791 E.01126
G1 X100.958 Y106.791 E.70428
G1 X100.958 Y106.413 E.01126
G1 X77.342 Y106.413 E.70428
G1 X77.342 Y106.036 E.01126
G1 X100.958 Y106.036 E.70428
G1 X100.958 Y105.658 E.01126
G1 X77.342 Y105.658 E.70428
G1 X77.342 Y105.281 E.01126
G1 X100.958 Y105.281 E.70428
G1 X100.958 Y104.903 E.01126
G1 X77.342 Y104.903 E.70428
G1 X77.342 Y104.526 E.01126
G1 X100.958 Y104.526 E.70428
G1 X100.958 Y104.148 E.01126
G1 X77.342 Y104.148 E.70428
G1 X77.342 Y103.771 E.01126
G1 X100.958 Y103.771 E.70428
G1 X100.958 Y103.393 E.01126
G1 X77.342 Y103.393 E.70428
G1 X77.342 Y103.015 E.01126
G1 X100.958 Y103.015 E.70428
G1 X100.958 Y102.638 E.01126
G1 X77.342 Y102.638 E.70428
G1 X77.342 Y102.26 E.01126
G1 X100.958 Y102.26 E.70428
G1 X100.958 Y101.883 E.01126
G1 X77.342 Y101.883 E.70428
G1 X77.342 Y101.505 E.01126
G1 X100.958 Y101.505 E.70428
G1 X100.958 Y101.128 E.01126
G1 X77.173 Y101.128 E.70934
G1 X77.173 Y91.689 F18000
G1 F6000
G1 X80.724 Y91.689 E.1059
G1 X80.846 Y91.84 E.00578
G1 X81.073 Y92.067 E.00957
G1 X77.342 Y92.067 E.11124
G1 X77.342 Y92.444 E.01126
G1 X81.522 Y92.444 E.12463
G1 X81.878 Y92.676 E.01267
G1 X82.165 Y92.822 E.0096
G1 X77.342 Y92.822 E.14381
G1 X77.342 Y93.199 E.01126
G1 X142.658 Y93.199 E1.9479
G1 X142.658 Y92.822 E.01126
G1 X137.835 Y92.822 E.14381
G1 X138.122 Y92.676 E.0096
G1 X138.478 Y92.444 E.01267
G1 X142.658 Y92.444 E.12463
G1 X142.658 Y92.067 E.01126
G1 X138.927 Y92.067 E.11124
G1 X139.154 Y91.84 E.00957
G1 X139.276 Y91.689 E.00578
G1 X142.827 Y91.689 E.1059
G1 X141.455 Y87.707 F18000
;WIDTH:0.413636
G1 F6000
G1 X141.475 Y87.031 E.01979
G1 X141.043 Y87.031 E.01263
G1 X141.291 Y87.733 E.02179
;WIDTH:0.461949
G1 X141.328 Y87.822 E.00319
;WIDTH:0.497485
G1 F5557.662
G1 X141.365 Y87.911 E.00346
;WIDTH:0.53302
G1 F5154.693
G1 X141.402 Y88 E.00373
G1 X141.416 Y87.922 E.00307
;WIDTH:0.497485
G1 F5557.662
G1 X141.431 Y87.844 E.00284
;WIDTH:0.479717
G1 F5783.734
G1 X141.445 Y87.766 E.00273
G1 X141.403 Y89.99 F18000
;WIDTH:0.527444
G1 F5214.016
G1 X141.425 Y89.565 E.01629
;WIDTH:0.47319
G1 F5871.474
G1 X141.447 Y89.14 E.01447
G1 X141.405 Y88.06 E.03675
G1 X140.828 Y90.432 F18000
;WIDTH:0.419999
G1 F6000
G1 X141.845 Y90.432 E.03027
G1 X141.845 Y86.661 E.11232
G1 X140.463 Y86.661 E.04115
G1 X140.655 Y87.035 E.01252
G1 X140.921 Y87.853 E.02562
G1 X141.052 Y88.901 E.03147
G1 X140.963 Y89.944 E.03117
G1 X140.844 Y90.374 E.0133
G1 X140.309 Y90.809 F18000
G1 F6000
G1 X142.222 Y90.809 E.05696
G1 X142.222 Y86.284 E.13478
G1 X139.808 Y86.284 E.0719
G1 X140.249 Y87.044 E.02615
G1 X140.562 Y87.97 E.02912
G1 X140.677 Y88.941 E.02913
G1 X140.588 Y89.905 E.02883
G1 X140.327 Y90.752 E.02641
G1 X139.682 Y91.186 F18000
G1 F6000
G1 X142.599 Y91.186 E.08687
G1 X142.599 Y85.907 E.15725
G1 X138.975 Y85.907 E.10793
G1 X139.492 Y86.487 E.02314
G1 X139.938 Y87.268 E.02679
G1 X140.212 Y88.125 E.02679
G1 X140.302 Y89.02 E.02679
G1 X140.204 Y89.914 E.02679
G1 X139.922 Y90.767 E.02677
G1 X139.712 Y91.134 E.0126
G1 X142.827 Y85.649 F18000
;WIDTH:0.420461
G1 F6000
G1 X138.597 Y85.649 E.12617
G1 X138.495 Y85.566 E.0039
G1 X138.018 Y85.271 E.01673
G1 X142.827 Y85.271 E.14343
G1 X141.74 Y77.343 F18000
G1 F6000
G1 X79.041 Y77.343 E1.86989
G1 X78.656 Y77.382 E.01154
G1 X78.327 Y77.489 E.0103
G1 X78.028 Y77.662 E.01031
G1 X77.962 Y77.72 E.00262
G1 X142.038 Y77.72 E1.91092
G1 X142.229 Y77.893 E.0077
G1 X142.378 Y78.098 E.00755
G1 X77.622 Y78.098 E1.93123
G1 X77.567 Y78.173 E.00276
G1 X77.433 Y78.475 E.00988
G1 X142.567 Y78.475 E1.94252
G1 X142.648 Y78.853 E.01151
G1 X77.352 Y78.853 E1.94733
G1 X77.342 Y79.23 E.01126
G1 X142.658 Y79.23 E1.9479
G1 X142.658 Y79.608 E.01126
G1 X77.342 Y79.608 E1.9479
G1 X77.342 Y79.985 E.01126
G1 X142.658 Y79.985 E1.9479
G1 X142.658 Y80.363 E.01126
G1 X77.342 Y80.363 E1.9479
G1 X77.342 Y80.741 E.01126
G1 X142.658 Y80.741 E1.9479
G1 X142.658 Y81.118 E.01126
G1 X77.342 Y81.118 E1.9479
G1 X77.342 Y81.496 E.01126
G1 X142.658 Y81.496 E1.9479
G1 X142.658 Y81.873 E.01126
G1 X77.342 Y81.873 E1.9479
G1 X77.342 Y82.251 E.01126
G1 X142.658 Y82.251 E1.9479
G1 X142.658 Y82.628 E.01126
G1 X77.342 Y82.628 E1.9479
G1 X77.342 Y83.006 E.01126
G1 X142.658 Y83.006 E1.9479
G1 X142.658 Y83.383 E.01126
G1 X77.342 Y83.383 E1.9479
G1 X77.342 Y83.761 E.01126
G1 X142.658 Y83.761 E1.9479
G1 X142.658 Y84.138 E.01126
G1 X77.342 Y84.138 E1.9479
G1 X77.342 Y84.516 E.01126
G1 X142.658 Y84.516 E1.9479
G1 X142.658 Y84.894 E.01126
G1 X77.342 Y84.894 E1.9479
G1 X77.342 Y85.271 E.01126
G1 X81.982 Y85.271 E.13837
G1 X81.505 Y85.566 E.01673
G1 X81.403 Y85.649 E.0039
G1 X77.173 Y85.649 E.12617
G1 X78.575 Y88.287 F18000
;WIDTH:0.48738
G1 F5684.02
G1 X78.653 Y88.01 E.01009
;WIDTH:0.451102
G1 F6000
G1 X78.73 Y87.733 E.00926
;WIDTH:0.401056
G1 X78.807 Y87.457 E.00813
G1 X78.967 Y87.027 E.01298
G1 X78.521 Y87.027 E.01263
;WIDTH:0.414825
G1 X78.538 Y87.427 E.01176
;WIDTH:0.451102
G1 X78.555 Y87.827 E.01291
;WIDTH:0.469241
G1 F5925.858
G1 X78.573 Y88.227 E.01348
G1 X78.604 Y89.984 F18000
;WIDTH:0.540717
G1 F5074.992
G1 X78.582 Y89.707 E.01092
;WIDTH:0.484576
G1 F5720.107
G1 X78.56 Y89.43 E.00969
G1 X78.572 Y88.347 E.03781
G1 X79.157 Y90.432 F18000
;WIDTH:0.419999
G1 F6000
G1 X78.979 Y89.593 E.02555
G1 X78.965 Y88.57 E.03048
G1 X79.165 Y87.533 E.03146
G1 X79.53 Y86.661 E.02814
G1 X78.155 Y86.661 E.04095
G1 X78.155 Y90.432 E.11232
G1 X79.097 Y90.432 E.02805
G1 X79.707 Y90.809 F18000
G1 F6000
G1 X79.534 Y90.389 E.01354
G1 X79.351 Y89.528 E.02622
G1 X79.342 Y88.57 E.02853
G1 X79.534 Y87.611 E.02913
G1 X79.92 Y86.713 E.02913
G1 X80.216 Y86.284 E.01551
G1 X77.778 Y86.284 E.07261
G1 X77.778 Y90.809 E.13478
G1 X79.647 Y90.809 E.05567
G1 X80.296 Y91.186 F18000
G1 F6000
G1 X79.915 Y90.348 E.02743
G1 X79.722 Y89.463 E.02699
G1 X79.719 Y88.57 E.02659
G1 X79.902 Y87.689 E.02679
G1 X80.264 Y86.866 E.02679
G1 X80.79 Y86.136 E.02679
G1 X81.036 Y85.907 E.01001
G1 X77.401 Y85.907 E.10825
G1 X77.401 Y91.186 E.15725
G1 X80.236 Y91.186 E.08443
G1 X85.398 Y92.822 F18000
;WIDTH:0.420461
G1 F6000
G1 X134.165 Y92.822 E1.45438
G1 X133.878 Y92.676 E.0096
G1 X133.522 Y92.444 E.01267
G1 X86.478 Y92.444 E1.40297
G1 X86.927 Y92.067 E.0175
G1 X133.073 Y92.067 E1.37618
G1 X132.846 Y91.84 E.00957
G1 X132.724 Y91.689 E.00578
G1 X87.276 Y91.689 E1.35538
G1 X87.434 Y91.495 E.00746
G1 X87.553 Y91.312 E.00651
G1 X132.447 Y91.312 E1.33889
G1 X132.228 Y90.934 E.01302
G1 X87.772 Y90.934 E1.32584
G1 X87.943 Y90.557 E.01236
G1 X132.057 Y90.557 E1.31564
G1 X131.928 Y90.179 E.0119
G1 X88.072 Y90.179 E1.30791
G1 X88.164 Y89.802 E.01159
G1 X131.836 Y89.802 E1.3024
G1 X131.778 Y89.424 E.01139
G1 X88.222 Y89.424 E1.29896
G1 X88.242 Y89.046 E.01127
G1 X131.758 Y89.046 E1.29778
G1 X131.773 Y88.669 E.01127
G1 X88.227 Y88.669 E1.29867
G1 X88.179 Y88.291 E.01135
G1 X131.821 Y88.291 E1.30152
G1 X131.903 Y87.914 E.01152
G1 X88.097 Y87.914 E1.30642
G1 X87.978 Y87.536 E.0118
G1 X132.022 Y87.536 E1.31351
G1 X132.181 Y87.159 E.01222
G1 X87.819 Y87.159 E1.32301
G1 X87.613 Y86.781 E.01282
G1 X132.387 Y86.781 E1.33529
G1 X132.648 Y86.404 E.0137
G1 X87.352 Y86.404 E1.35089
G1 X87.154 Y86.16 E.00935
G1 X87.02 Y86.026 E.00565
G1 X132.98 Y86.026 E1.37064
G1 X133.16 Y85.846 E.00761
G1 X133.403 Y85.649 E.00934
G1 X86.597 Y85.649 E1.39593
G1 X86.495 Y85.566 E.0039
G1 X86.018 Y85.271 E.01673
G1 X134.36 Y85.271 E1.44172
G1 X134.572 Y85.792 F18000
G1 X101.689 Y101.689
G1 X101.689 Y111.724
G1 X82.804 Y127.703
G1 X82.602 Y127.178
G1 F6000
G1 X77.342 Y127.178 E.15687
G1 X77.342 Y127.556 E.01126
G1 X81.833 Y127.556 E.13392
G1 X78.616 Y132.204 F18000
;WIDTH:0.566112
G1 F4828.663
G1 X78.595 Y131.85 E.01469
;WIDTH:0.523907
G1 F5252.358
G1 X78.574 Y131.495 E.0135
;WIDTH:0.471039
G1 F5900.967
G1 X78.553 Y131.14 E.01202
G1 X78.595 Y130.06 E.03657
G1 X78.993 Y128.897 F18000
;WIDTH:0.436227
G1 F6000
G1 X78.535 Y128.897 E.01421
G1 X78.552 Y129.707 E.02516
;WIDTH:0.481719
G1 F5757.345
G1 X78.575 Y129.853 E.00514
;WIDTH:0.527763
G1 F5210.593
G1 X78.598 Y130 E.00568
;WIDTH:0.529932
G1 F5187.377
G1 X78.701 Y129.716 E.01163
;WIDTH:0.488229
G1 F5673.181
G1 X78.805 Y129.432 E.01063
;WIDTH:0.450565
G1 F6000
G1 X78.974 Y128.954 E.01631
G1 X79.62 Y128.517 F18000
;WIDTH:0.419999
G1 F6000
G1 X78.155 Y128.517 E.04363
G1 X78.155 Y132.665 E.12355
G1 X79.247 Y132.665 E.03252
G1 X79.062 Y132.09 E.018
G1 X78.948 Y131.099 E.02972
G1 X79.038 Y130.046 E.03147
G1 X79.27 Y129.265 E.02427
G1 X79.425 Y128.855 E.01305
G1 X79.59 Y128.569 E.00984
G1 X80.308 Y128.14 F18000
G1 F6000
G1 X77.778 Y128.14 E.07534
G1 X77.778 Y133.042 E.14601
G1 X79.801 Y133.042 E.06025
G1 X79.703 Y132.848 E.00646
G1 X79.428 Y131.996 E.02668
G1 X79.323 Y131.059 E.02808
G1 X79.413 Y130.085 E.02913
G1 X79.629 Y129.381 E.02193
G1 X79.751 Y129.044 E.01071
G1 X80.182 Y128.299 E.02562
G1 X80.27 Y128.187 E.00425
G1 X81.168 Y127.763 F18000
;WIDTH:0.419999
G1 F6000
G1 X77.401 Y127.763 E.11221
G1 X77.401 Y133.419 E.16848
G1 X80.454 Y133.419 E.09093
G1 X80.062 Y132.732 E.02357
G1 X79.788 Y131.875 E.02679
G1 X79.698 Y130.98 E.02679
G1 X79.796 Y130.086 E.02679
G1 X80.078 Y129.232 E.02679
G1 X80.531 Y128.455 E.02679
G1 X81.123 Y127.802 E.02626
; stop printing object top_plate.stl id:4653052573991952974 copy 0
;LAYER_CHANGE
;Z:3.24
;HEIGHT:0.2
G92 E0 ; zero the extruded length again
; BEFORE_LAYER_CHANGE 15 @ 3.24mm
G1 E-1.75 F6000
;WIPE_START
G1 X80.531 Y128.455 E-.66118
G1 X80.472 Y128.558 E-.08882
;WIPE_END
; AFTER_LAYER_CHANGE 15 @ 3.24mm
;_SET_FAN_SPEED_CHANGING_LAYER
; printing object top_plate.stl id:4653052573991952974 copy 0
G1 F18000
G1 X80.877 Y128.896 Z3.26857
G1 X80.8653 Y129.424 Z3.29714
G1 X80.4453 Y129.744 Z3.32571
G1 X79.9332 Y129.615 Z3.35429
G1 X79.7147 Y129.134 Z3.38286
G1 X79.9543 Y128.664 Z3.41143
G1 X80.4716 Y128.558 Z3.44
G1 X131.227 Y141.332 Z3.44
G1 X139.403 Y143.389
G1 X140.984 Y143.389
G1 X140.995 Y143.79
G1 Z3.24
G1 E2.5 F6000
M204 P1000
;TYPE:Outer wall
;WIDTH:0.42
G1 F3600
G1 X79.005 Y143.79 E1.84644
G1 X78.708 Y143.774 E.00886
G1 X78.42 Y143.729 E.0087
G1 X78.138 Y143.653 E.0087
G1 X77.865 Y143.549 E.0087
G1 X77.605 Y143.416 E.0087
G1 X77.36 Y143.257 E.0087
G1 X77.133 Y143.073 E.0087
G1 X76.927 Y142.867 E.0087
G1 X76.743 Y142.64 E.0087
G1 X76.584 Y142.395 E.0087
G1 X76.451 Y142.135 E.0087
G1 X76.347 Y141.862 E.0087
G1 X76.271 Y141.58 E.0087
G1 X76.226 Y141.292 E.0087
G1 X76.21 Y140.995 E.00886
G1 X76.21 Y79.005 E1.84644
G1 X76.226 Y78.708 E.00886
G1 X76.271 Y78.42 E.0087
G1 X76.347 Y78.138 E.0087
G1 X76.452 Y77.865 E.0087
G1 X76.584 Y77.605 E.0087
G1 X76.743 Y77.36 E.0087
G1 X76.927 Y77.133 E.0087
G1 X77.133 Y76.927 E.0087
G1 X77.36 Y76.743 E.0087
G1 X77.605 Y76.584 E.0087
G1 X77.865 Y76.452 E.0087
G1 X78.138 Y76.347 E.0087
G1 X78.42 Y76.271 E.0087
G1 X78.708 Y76.226 E.0087
G1 X79.005 Y76.21 E.00886
G1 X140.995 Y76.21 E1.84644
G1 X141.292 Y76.226 E.00886
G1 X141.58 Y76.271 E.0087
G1 X141.862 Y76.347 E.0087
G1 X142.135 Y76.452 E.0087
G1 X142.395 Y76.584 E.0087
G1 X142.64 Y76.743 E.0087
G1 X142.867 Y76.927 E.0087
G1 X143.073 Y77.133 E.0087
G1 X143.257 Y77.36 E.0087
G1 X143.416 Y77.605 E.0087
G1 X143.549 Y77.865 E.0087
G1 X143.653 Y78.138 E.0087
G1 X143.729 Y78.42 E.0087
G1 X143.774 Y78.708 E.0087
G1 X143.79 Y79.005 E.00886
G1 X143.79 Y140.995 E1.84644
G1 X143.774 Y141.292 E.00886
G1 X143.729 Y141.58 E.0087
G1 X143.653 Y141.862 E.0087
G1 X143.549 Y142.135 E.0087
G1 X143.416 Y142.395 E.0087
G1 X143.257 Y142.64 E.0087
G1 X143.073 Y142.867 E.0087
G1 X142.867 Y143.073 E.0087
G1 X142.64 Y143.257 E.0087
G1 X142.395 Y143.416 E.0087
G1 X142.135 Y143.548 E.0087
G1 X141.862 Y143.653 E.0087
G1 X141.58 Y143.729 E.0087
G1 X141.292 Y143.774 E.0087
G1 X141.054 Y143.787 E.00707
G1 X141.034 Y143.387 F18000
G1 X140.984 Y143.389
G1 X140.984 Y143.389
G1 X140.984 Y143.398
M204 P1500
;TYPE:Inner wall
;WIDTH:0.45
G1 F6000
G1 X79.016 Y143.398 E1.99268
G1 X78.749 Y143.384 E.00857
G1 X78.502 Y143.345 E.00807
G1 X78.259 Y143.28 E.00807
G1 X78.025 Y143.19 E.00807
G1 X77.801 Y143.076 E.00807
G1 X77.591 Y142.939 E.00806
G1 X77.396 Y142.781 E.00807
G1 X77.219 Y142.604 E.00807
G1 X77.061 Y142.409 E.00807
G1 X76.924 Y142.199 E.00806
G1 X76.81 Y141.975 E.00807
G1 X76.72 Y141.741 E.00807
G1 X76.655 Y141.498 E.00807
G1 X76.616 Y141.251 E.00807
G1 X76.602 Y140.984 E.00857
G1 X76.602 Y79.016 E1.99268
G1 X76.616 Y78.749 E.00857
G1 X76.655 Y78.502 E.00807
G1 X76.72 Y78.259 E.00807
G1 X76.81 Y78.025 E.00807
G1 X76.924 Y77.801 E.00807
G1 X77.061 Y77.591 E.00806
G1 X77.219 Y77.396 E.00807
G1 X77.396 Y77.219 E.00807
G1 X77.591 Y77.061 E.00807
G1 X77.801 Y76.924 E.00807
G1 X78.025 Y76.81 E.00807
G1 X78.259 Y76.72 E.00807
G1 X78.502 Y76.655 E.00807
G1 X78.749 Y76.616 E.00807
G1 X79.016 Y76.602 E.00857
G1 X140.984 Y76.602 E1.99268
G1 X141.251 Y76.616 E.00857
G1 X141.498 Y76.655 E.00807
G1 X141.741 Y76.72 E.00807
G1 X141.975 Y76.81 E.00807
G1 X142.199 Y76.924 E.00807
G1 X142.409 Y77.061 E.00806
G1 X142.604 Y77.219 E.00807
G1 X142.781 Y77.396 E.00807
G1 X142.939 Y77.591 E.00807
G1 X143.076 Y77.801 E.00806
G1 X143.19 Y78.025 E.00807
G1 X143.28 Y78.259 E.00807
G1 X143.345 Y78.502 E.00807
G1 X143.384 Y78.749 E.00807
G1 X143.398 Y79.016 E.00857
G1 X143.398 Y140.984 E1.99268
G1 X143.384 Y141.251 E.00857
G1 X143.345 Y141.498 E.00807
G1 X143.28 Y141.741 E.00807
G1 X143.19 Y141.975 E.00807
G1 X143.076 Y142.199 E.00807
G1 X142.939 Y142.409 E.00806
G1 X142.781 Y142.604 E.00807
G1 X142.604 Y142.781 E.00807
G1 X142.409 Y142.939 E.00807
G1 X142.199 Y143.076 E.00807
G1 X141.975 Y143.19 E.00807
G1 X141.741 Y143.28 E.00807
G1 X141.498 Y143.345 E.00807
G1 X141.251 Y143.384 E.00807
G1 X141.044 Y143.395 E.00665
G1 X140.974 Y142.991 F18000
G1 F6000
G1 X79.026 Y142.991 E1.992
G1 X78.792 Y142.979 E.00754
G1 X78.385 Y142.892 E.01338
G1 X78.005 Y142.723 E.01338
G1 X77.669 Y142.479 E.01337
G1 X77.39 Y142.169 E.01338
G1 X77.183 Y141.809 E.01337
G1 X77.054 Y141.414 E.01337
G1 X77.009 Y140.974 E.01422
G1 X77.009 Y79.026 E1.992
G1 X77.021 Y78.792 E.00754
G1 X77.108 Y78.385 E.01338
G1 X77.277 Y78.005 E.01338
G1 X77.521 Y77.669 E.01337
G1 X77.831 Y77.39 E.01338
G1 X78.191 Y77.183 E.01337
G1 X78.586 Y77.054 E.01337
G1 X79.026 Y77.009 E.01422
G1 X140.974 Y77.009 E1.992
G1 X141.208 Y77.021 E.00754
G1 X141.615 Y77.108 E.01338
G1 X141.995 Y77.277 E.01338
G1 X142.169 Y77.39 E.00669
G1 X142.479 Y77.669 E.01338
G1 X142.723 Y78.005 E.01337
G1 X142.892 Y78.385 E.01338
G1 X142.979 Y78.792 E.01338
G1 X142.991 Y79.026 E.00754
G1 X142.991 Y140.974 E1.992
G1 X142.979 Y141.208 E.00754
G1 X142.892 Y141.615 E.01338
G1 X142.723 Y141.995 E.01338
G1 X142.479 Y142.331 E.01337
G1 X142.169 Y142.61 E.01338
G1 X141.809 Y142.817 E.01337
G1 X141.414 Y142.946 E.01337
G1 X141.033 Y142.985 E.01229
G1 E-1.75
;WIPE_START
G1 X140.033 Y142.985 E-.75
;WIPE_END
G1 X140.033 Y143.389 Z3.44 F18000
G1 X139.839 Y140.774
G1 X135.563 Y92.076
G1 Z3.24
G1 E2.5 F6000
M204 P1000
;TYPE:Outer wall
;WIDTH:0.42
G1 F3600
G1 X135.675 Y92.093 E.00337
G1 X136 Y92.11 E.0097
G1 X136.325 Y92.093 E.0097
G1 X136.647 Y92.042 E.0097
G1 X136.961 Y91.958 E.00969
G1 X137.265 Y91.841 E.0097
G1 X137.555 Y91.694 E.0097
G1 X137.828 Y91.516 E.0097
G1 X138.081 Y91.312 E.0097
G1 X138.312 Y91.081 E.0097
G1 X138.516 Y90.828 E.0097
G1 X138.694 Y90.555 E.0097
G1 X138.841 Y90.265 E.0097
G1 X138.958 Y89.961 E.0097
G1 X139.042 Y89.647 E.00969
G1 X139.093 Y89.325 E.0097
G1 X139.11 Y89 E.0097
G1 X139.093 Y88.675 E.0097
G1 X139.042 Y88.353 E.0097
G1 X138.958 Y88.039 E.00969
G1 X138.841 Y87.735 E.0097
G1 X138.694 Y87.445 E.0097
G1 X138.516 Y87.172 E.0097
G1 X138.312 Y86.919 E.0097
G1 X138.081 Y86.688 E.0097
G1 X137.828 Y86.484 E.0097
G1 X137.555 Y86.306 E.0097
G1 X137.265 Y86.159 E.0097
G1 X136.961 Y86.042 E.0097
G1 X136.647 Y85.958 E.00969
G1 X136.325 Y85.907 E.0097
G1 X136 Y85.89 E.0097
G1 X135.701 Y85.905 E.00891
G1 X135.354 Y85.957 E.01044
G1 X135.039 Y86.042 E.00973
G1 X134.735 Y86.159 E.0097
G1 X134.445 Y86.306 E.0097
G1 X134.172 Y86.484 E.0097
G1 X133.919 Y86.688 E.0097
G1 X133.688 Y86.919 E.0097
G1 X133.484 Y87.172 E.0097
G1 X133.306 Y87.445 E.0097
G1 X133.159 Y87.735 E.0097
G1 X133.042 Y88.039 E.0097
G1 X132.958 Y88.353 E.00969
G1 X132.907 Y88.675 E.0097
G1 X132.89 Y89 E.0097
G1 X132.907 Y89.325 E.0097
G1 X132.958 Y89.647 E.0097
G1 X133.042 Y89.961 E.00969
G1 X133.159 Y90.265 E.0097
G1 X133.306 Y90.555 E.0097
G1 X133.484 Y90.828 E.0097
G1 X133.688 Y91.081 E.0097
G1 X133.919 Y91.312 E.0097
G1 X134.172 Y91.516 E.0097
G1 X134.445 Y91.694 E.0097
G1 X134.735 Y91.841 E.0097
G1 X135.039 Y91.958 E.0097
G1 X135.353 Y92.042 E.00969
G1 X135.504 Y92.066 E.00455
G1 E-1.75 F6000
;WIPE_START
G1 F3600
G1 X135.675 Y92.093 E-.12976
G1 X136 Y92.11 E-.24419
G1 X136.325 Y92.093 E-.24419
G1 X136.499 Y92.066 E-.13186
;WIPE_END
G1 X136.487 Y95.882 Z3.44 F18000
G1 X136.37 Y134.086 Z3.44
G1 Z3.24
G1 E2.5 F6000
G1 F3600
G1 X136.647 Y134.042 E.00835
G1 X136.961 Y133.958 E.00969
G1 X137.265 Y133.841 E.0097
G1 X137.555 Y133.694 E.0097
G1 X137.828 Y133.516 E.0097
G1 X138.081 Y133.312 E.0097
G1 X138.312 Y133.081 E.0097
G1 X138.516 Y132.828 E.0097
G1 X138.694 Y132.555 E.0097
G1 X138.841 Y132.265 E.0097
G1 X138.958 Y131.961 E.0097
G1 X139.042 Y131.647 E.00969
G1 X139.093 Y131.325 E.0097
G1 X139.11 Y131 E.0097
G1 X139.093 Y130.675 E.0097
G1 X139.042 Y130.353 E.0097
G1 X138.958 Y130.039 E.00969
G1 X138.841 Y129.735 E.0097
G1 X138.694 Y129.445 E.0097
G1 X138.516 Y129.172 E.0097
G1 X138.312 Y128.919 E.0097
G1 X138.081 Y128.688 E.0097
G1 X137.828 Y128.484 E.0097
G1 X137.555 Y128.306 E.0097
G1 X137.265 Y128.159 E.0097
G1 X136.961 Y128.042 E.0097
G1 X136.647 Y127.958 E.00969
G1 X136.325 Y127.907 E.0097
G1 X136 Y127.89 E.0097
G1 X135.701 Y127.905 E.00891
G1 X135.354 Y127.957 E.01044
G1 X135.039 Y128.042 E.00973
G1 X134.735 Y128.159 E.0097
G1 X134.445 Y128.306 E.0097
G1 X134.172 Y128.484 E.0097
G1 X133.919 Y128.688 E.0097
G1 X133.688 Y128.919 E.0097
G1 X133.484 Y129.172 E.0097
G1 X133.306 Y129.445 E.0097
G1 X133.159 Y129.735 E.0097
G1 X133.042 Y130.039 E.0097
G1 X132.958 Y130.353 E.00969
G1 X132.907 Y130.675 E.0097
G1 X132.89 Y131 E.0097
G1 X132.907 Y131.325 E.0097
G1 X132.958 Y131.647 E.0097
G1 X133.042 Y131.961 E.00969
G1 X133.159 Y132.265 E.0097
G1 X133.306 Y132.555 E.0097
G1 X133.484 Y132.828 E.0097
G1 X133.688 Y133.081 E.0097
G1 X133.919 Y133.312 E.0097
G1 X134.172 Y133.516 E.0097
G1 X134.445 Y133.694 E.0097
G1 X134.735 Y133.841 E.0097
G1 X135.039 Y133.958 E.0097
G1 X135.353 Y134.042 E.00969
G1 X135.675 Y134.093 E.0097
G1 X136 Y134.11 E.0097
G1 X136.31 Y134.094 E.00926
G1 E-1.75 F6000
;WIPE_START
G1 F3600
G1 X136.647 Y134.042 E-.25526
G1 X136.961 Y133.958 E-.2441
G1 X137.265 Y133.841 E-.24425
G1 X137.273 Y133.838 E-.0064
;WIPE_END
G1 X133.457 Y133.855 Z3.44 F18000
G1 X83.563 Y134.076 Z3.44
G1 Z3.24
G1 E2.5 F6000
G1 F3600
G1 X83.675 Y134.093 E.00337
G1 X84 Y134.11 E.0097
G1 X84.325 Y134.093 E.0097
G1 X84.647 Y134.042 E.0097
G1 X84.961 Y133.958 E.00969
G1 X85.265 Y133.841 E.0097
G1 X85.555 Y133.694 E.0097
G1 X85.828 Y133.516 E.0097
G1 X86.081 Y133.312 E.0097
G1 X86.312 Y133.081 E.0097
G1 X86.516 Y132.828 E.0097
G1 X86.694 Y132.555 E.0097
G1 X86.841 Y132.265 E.0097
G1 X86.958 Y131.961 E.0097
G1 X87.042 Y131.647 E.00969
G1 X87.093 Y131.325 E.0097
G1 X87.11 Y131 E.0097
G1 X87.093 Y130.675 E.0097
G1 X87.042 Y130.353 E.0097
G1 X86.958 Y130.039 E.00969
G1 X86.841 Y129.735 E.0097
G1 X86.694 Y129.445 E.0097
G1 X86.516 Y129.172 E.0097
G1 X86.312 Y128.919 E.0097
G1 X86.081 Y128.688 E.0097
G1 X85.828 Y128.484 E.0097
G1 X85.555 Y128.306 E.0097
G1 X85.265 Y128.159 E.0097
G1 X84.961 Y128.042 E.0097
G1 X84.647 Y127.958 E.00969
G1 X84.325 Y127.907 E.0097
G1 X84 Y127.89 E.0097
G1 X83.701 Y127.905 E.00891
G1 X83.354 Y127.957 E.01044
G1 X83.039 Y128.042 E.00973
G1 X82.735 Y128.159 E.0097
G1 X82.445 Y128.306 E.0097
G1 X82.172 Y128.484 E.0097
G1 X81.919 Y128.688 E.0097
G1 X81.688 Y128.919 E.0097
G1 X81.484 Y129.172 E.0097
G1 X81.306 Y129.445 E.0097
G1 X81.159 Y129.735 E.0097
G1 X81.042 Y130.039 E.0097
G1 X80.958 Y130.353 E.00969
G1 X80.907 Y130.675 E.0097
G1 X80.89 Y131 E.0097
G1 X80.907 Y131.325 E.0097
G1 X80.958 Y131.647 E.0097
G1 X81.042 Y131.961 E.00969
G1 X81.159 Y132.265 E.0097
G1 X81.306 Y132.555 E.0097
G1 X81.484 Y132.828 E.0097
G1 X81.688 Y133.081 E.0097
G1 X81.919 Y133.312 E.0097
G1 X82.172 Y133.516 E.0097
G1 X82.445 Y133.694 E.0097
G1 X82.735 Y133.841 E.0097
G1 X83.039 Y133.958 E.0097
G1 X83.353 Y134.042 E.00969
G1 X83.504 Y134.066 E.00455
G1 E-1.75 F6000
;WIPE_START
G1 F3600
G1 X83.675 Y134.093 E-.12976
G1 X84 Y134.11 E-.24419
G1 X84.325 Y134.093 E-.24419
G1 X84.499 Y134.066 E-.13186
;WIPE_END
G1 X84.414 Y130.251 Z3.44 F18000
G1 X83.563 Y92.076 Z3.44
G1 Z3.24
G1 E2.5 F6000
G1 F3600
G1 X83.675 Y92.093 E.00337
G1 X84 Y92.11 E.0097
G1 X84.325 Y92.093 E.0097
G1 X84.647 Y92.042 E.0097
G1 X84.961 Y91.958 E.00969
G1 X85.265 Y91.841 E.0097
G1 X85.555 Y91.694 E.0097
G1 X85.828 Y91.516 E.0097
G1 X86.081 Y91.312 E.0097
G1 X86.312 Y91.081 E.0097
G1 X86.516 Y90.828 E.0097
G1 X86.694 Y90.555 E.0097
G1 X86.841 Y90.265 E.0097
G1 X86.958 Y89.961 E.0097
G1 X87.042 Y89.647 E.00969
G1 X87.093 Y89.325 E.0097
G1 X87.11 Y89 E.0097
G1 X87.093 Y88.675 E.0097
G1 X87.042 Y88.353 E.0097
G1 X86.958 Y88.039 E.00969
G1 X86.841 Y87.735 E.0097
G1 X86.694 Y87.445 E.0097
G1 X86.516 Y87.172 E.0097
G1 X86.312 Y86.919 E.0097
G1 X86.081 Y86.688 E.0097
G1 X85.828 Y86.484 E.0097
G1 X85.555 Y86.306 E.0097
G1 X85.265 Y86.159 E.0097
G1 X84.961 Y86.042 E.0097
G1 X84.647 Y85.958 E.00969
G1 X84.325 Y85.907 E.0097
G1 X84 Y85.89 E.0097
G1 X83.701 Y85.905 E.00891
G1 X83.354 Y85.957 E.01044
G1 X83.039 Y86.042 E.00973
G1 X82.735 Y86.159 E.0097
G1 X82.445 Y86.306 E.0097
G1 X82.172 Y86.484 E.0097
G1 X81.919 Y86.688 E.0097
G1 X81.688 Y86.919 E.0097
G1 X81.484 Y87.172 E.0097
G1 X81.306 Y87.445 E.0097
G1 X81.159 Y87.735 E.0097
G1 X81.042 Y88.039 E.0097
G1 X80.958 Y88.353 E.00969
G1 X80.907 Y88.675 E.0097
G1 X80.89 Y89 E.0097
G1 X80.907 Y89.325 E.0097
G1 X80.958 Y89.647 E.0097
G1 X81.042 Y89.961 E.00969
G1 X81.159 Y90.265 E.0097
G1 X81.306 Y90.555 E.0097
G1 X81.484 Y90.828 E.0097
G1 X81.688 Y91.081 E.0097
G1 X81.919 Y91.312 E.0097
G1 X82.172 Y91.516 E.0097
G1 X82.445 Y91.694 E.0097
G1 X82.735 Y91.841 E.0097
G1 X83.039 Y91.958 E.0097
G1 X83.353 Y92.042 E.00969
G1 X83.504 Y92.066 E.00455
G1 E-1.75 F6000
;WIPE_START
G1 F3600
G1 X83.675 Y92.093 E-.12976
G1 X84 Y92.11 E-.24419
G1 X84.325 Y92.093 E-.24419
G1 X84.499 Y92.066 E-.13186
;WIPE_END
G1 X87.517 Y94.401 Z3.44 F18000
G1 X117.91 Y117.91 Z3.44
G1 Z3.24
G1 E2.5 F6000
G1 F3600
G1 X117.91 Y102.09 E.47122
G1 X102.09 Y102.09 E.47122
G1 X102.09 Y117.91 E.47122
G1 X117.85 Y117.91 E.46944
G1 E-1.75 F6000
;WIPE_START
G1 F3600
G1 X117.854 Y116.91 E-.75
;WIPE_END
G1 X120.411 Y119.743 Z3.44 F18000
G1 X139.547 Y140.947 Z3.44
G1 X139.705 Y141.258
G1 Z3.24
G1 E2.5 F6000
M204 P1500
;TYPE:Inner wall
;WIDTH:0.45
G1 X139.841 Y141.189 E.00491
G1 X140.165 Y140.979 E.0124
G1 X140.464 Y140.737 E.0124
G1 X140.737 Y140.464 E.01239
G1 X140.979 Y140.165 E.0124
G1 X141.189 Y139.841 E.0124
G1 X141.364 Y139.498 E.01239
G1 X141.502 Y139.138 E.01239
G1 X141.602 Y138.766 E.0124
G1 X141.662 Y138.385 E.01239
G1 X141.682 Y138.018 E.01182
G1 X141.682 Y81.982 E1.8019
G1 X141.662 Y81.615 E.01182
G1 X141.602 Y81.234 E.01239
G1 X141.502 Y80.862 E.0124
G1 X141.364 Y80.502 E.01239
G1 X141.189 Y80.159 E.01239
G1 X140.979 Y79.835 E.0124
G1 X140.737 Y79.536 E.0124
G1 X140.464 Y79.263 E.01239
G1 X140.165 Y79.021 E.0124
G1 X139.841 Y78.811 E.0124
G1 X139.498 Y78.636 E.01239
G1 X139.138 Y78.498 E.01239
G1 X138.766 Y78.398 E.0124
G1 X138.385 Y78.338 E.01239
G1 X138.018 Y78.318 E.01182
G1 X81.982 Y78.318 E1.8019
G1 X81.615 Y78.338 E.01182
G1 X81.234 Y78.398 E.01239
G1 X80.862 Y78.498 E.0124
G1 X80.502 Y78.636 E.01239
G1 X80.159 Y78.811 E.01239
G1 X79.835 Y79.021 E.0124
G1 X79.536 Y79.263 E.0124
G1 X79.263 Y79.536 E.01239
G1 X79.021 Y79.835 E.0124
G1 X78.811 Y80.159 E.0124
G1 X78.636 Y80.502 E.01239
G1 X78.498 Y80.862 E.01239
G1 X78.398 Y81.234 E.0124
G1 X78.338 Y81.615 E.01239
G1 X78.318 Y81.982 E.01182
G1 X78.318 Y138.018 E1.8019
G1 X78.338 Y138.385 E.01182
G1 X78.398 Y138.766 E.01239
G1 X78.498 Y139.138 E.0124
G1 X78.636 Y139.498 E.01239
G1 X78.811 Y139.841 E.01239
G1 X79.021 Y140.165 E.0124
G1 X79.263 Y140.464 E.0124
G1 X79.536 Y140.737 E.01239
G1 X79.835 Y140.979 E.0124
G1 X80.159 Y141.189 E.0124
G1 X80.502 Y141.364 E.01239
G1 X80.862 Y141.502 E.01239
G1 X81.234 Y141.602 E.0124
G1 X81.615 Y141.662 E.01239
G1 X81.982 Y141.682 E.01182
G1 X138.018 Y141.682 E1.8019
G1 X138.385 Y141.662 E.01182
G1 X138.766 Y141.602 E.01239
G1 X139.138 Y141.502 E.0124
G1 X139.498 Y141.364 E.01239
G1 X139.652 Y141.286 E.00556
G1 X139.89 Y141.621 F18000
G1 F6000
G1 X140.045 Y141.542 E.00559
G1 X140.404 Y141.309 E.01378
G1 X140.737 Y141.039 E.01377
G1 X141.039 Y140.737 E.01375
G1 X141.309 Y140.404 E.01377
G1 X141.542 Y140.045 E.01378
G1 X141.736 Y139.664 E.01376
G1 X141.89 Y139.264 E.01377
G1 X142.001 Y138.85 E.01377
G1 X142.068 Y138.428 E.01376
G1 X142.089 Y138.028 E.01285
G1 X142.089 Y81.972 E1.80258
G1 X142.068 Y81.572 E.01285
G1 X142.001 Y81.15 E.01376
G1 X141.89 Y80.736 E.01377
G1 X141.736 Y80.336 E.01377
G1 X141.542 Y79.955 E.01376
G1 X141.309 Y79.596 E.01378
G1 X141.039 Y79.263 E.01377
G1 X140.737 Y78.961 E.01376
G1 X140.404 Y78.691 E.01377
G1 X140.045 Y78.458 E.01378
G1 X139.664 Y78.264 E.01376
G1 X139.264 Y78.11 E.01377
G1 X138.85 Y77.999 E.01377
G1 X138.428 Y77.932 E.01376
G1 X138.028 Y77.911 E.01285
G1 X81.972 Y77.911 E1.80259
G1 X81.572 Y77.932 E.01285
G1 X81.15 Y77.999 E.01376
G1 X80.736 Y78.11 E.01377
G1 X80.336 Y78.264 E.01377
G1 X79.955 Y78.458 E.01376
G1 X79.596 Y78.691 E.01378
G1 X79.263 Y78.961 E.01377
G1 X78.961 Y79.263 E.01375
G1 X78.691 Y79.596 E.01377
G1 X78.458 Y79.955 E.01378
G1 X78.264 Y80.336 E.01376
G1 X78.11 Y80.736 E.01377
G1 X77.999 Y81.15 E.01377
G1 X77.932 Y81.572 E.01376
G1 X77.911 Y81.972 E.01285
G1 X77.911 Y138.028 E1.80259
G1 X77.932 Y138.428 E.01285
G1 X77.999 Y138.85 E.01376
G1 X78.11 Y139.264 E.01377
G1 X78.264 Y139.664 E.01377
G1 X78.458 Y140.045 E.01376
G1 X78.691 Y140.404 E.01378
G1 X78.961 Y140.737 E.01377
G1 X79.263 Y141.039 E.01375
G1 X79.596 Y141.309 E.01377
G1 X79.955 Y141.542 E.01378
G1 X80.336 Y141.736 E.01376
G1 X80.736 Y141.89 E.01377
G1 X81.15 Y142.001 E.01377
G1 X81.572 Y142.068 E.01376
G1 X81.972 Y142.089 E.01285
G1 X138.028 Y142.089 E1.80258
G1 X138.428 Y142.068 E.01285
G1 X138.85 Y142.001 E.01376
G1 X139.264 Y141.89 E.01377
G1 X139.664 Y141.736 E.01377
G1 X139.836 Y141.648 E.00624
G1 X139.229 Y142.295 F18000
M204 P2000
;TYPE:Internal solid infill
;WIDTH:0.419999
G1 F6000
G1 X139.252 Y142.599 E.00906
G1 X140.98 Y142.596 E.05147
G1 X141.395 Y142.54 E.01246
G1 X141.709 Y142.423 E.00998
G1 X141.991 Y142.243 E.00996
G1 X142.305 Y141.903 E.01378
G1 X142.515 Y141.498 E.01359
G1 X142.599 Y140.954 E.0164
G1 X142.599 Y139.252 E.05068
G1 X142.305 Y139.229 E.00877
G1 X141.891 Y140.223 E.03208
G1 X141.343 Y140.984 E.02792
G1 X140.65 Y141.614 E.0279
G1 X139.841 Y142.086 E.02791
G1 X139.285 Y142.276 E.01749
G1 X142.173 Y140.567 F18000
;WIDTH:0.527554
G1 F5212.831
G1 X141.688 Y141.234 E.03159
G1 X141.227 Y141.681 E.02457
G1 X140.836 Y142.014 E.01966
G1 X140.577 Y142.163 E.01142
G1 X141.222 Y142.134 E.02471
G1 X141.491 Y142.045 E.01084
G1 X141.86 Y141.774 E.01752
G1 X142.068 Y141.454 E.01462
G1 X142.172 Y140.93 E.02046
G1 X142.173 Y140.627 E.01159
G1 X142.499 Y138.851 F18000
;TYPE:Gap infill
;WIDTH:0.538657
G1 F5096.082
G1 X142.54 Y138.034 E.03205
G1 X142.54 Y81.966 E2.19558
G1 X142.499 Y81.149 E.03205
G1 X142.295 Y80.771 F18000
;TYPE:Internal solid infill
;WIDTH:0.419999
G1 F6000
G1 X142.599 Y80.748 E.00906
G1 X142.599 Y79.086 E.04948
G1 X142.528 Y78.588 E.015
G1 X142.381 Y78.202 E.01228
G1 X142.132 Y77.885 E.01203
G1 X141.809 Y77.644 E.01201
G1 X141.393 Y77.469 E.01343
G1 X140.913 Y77.401 E.01445
G1 X139.252 Y77.401 E.04945
G1 X139.229 Y77.695 E.00877
G1 X140.223 Y78.109 E.03208
G1 X140.986 Y78.658 E.028
G1 X141.614 Y79.35 E.02782
G1 X142.086 Y80.159 E.02791
G1 X142.276 Y80.715 E.01749
G1 X140.525 Y77.813 F18000
;WIDTH:0.515154
G1 F5349.718
G1 X141.165 Y78.278 E.0295
G1 X141.49 Y78.559 E.01602
G1 X141.935 Y79.061 E.02502
G1 X142.167 Y79.437 E.01648
G1 X142.167 Y79.086 E.01306
G1 X142.085 Y78.598 E.01846
G1 X141.859 Y78.226 E.01624
G1 X141.616 Y78.025 E.01179
G1 X141.33 Y77.876 E.012
G1 X140.913 Y77.813 E.01576
G1 X140.585 Y77.813 E.01222
G1 X138.851 Y77.501 F18000
;TYPE:Gap infill
;WIDTH:0.538657
G1 F5096.083
G1 X138.034 Y77.46 E.03205
G1 X81.966 Y77.46 E2.19559
G1 X81.149 Y77.501 E.03205
G1 X80.771 Y77.705 F18000
;TYPE:Internal solid infill
;WIDTH:0.419999
G1 F6000
G1 X80.748 Y77.401 E.00906
G1 X79.019 Y77.404 E.05147
G1 X78.605 Y77.46 E.01246
G1 X78.291 Y77.577 E.00998
G1 X78.009 Y77.757 E.00996
G1 X77.695 Y78.097 E.01378
G1 X77.485 Y78.502 E.01359
G1 X77.401 Y79.046 E.0164
G1 X77.401 Y80.748 E.05068
G1 X77.695 Y80.771 E.00877
G1 X78.109 Y79.777 E.03208
G1 X78.657 Y79.016 E.02792
G1 X79.35 Y78.386 E.0279
G1 X80.159 Y77.914 E.02791
G1 X80.715 Y77.724 E.01749
G1 X77.827 Y79.433 F18000
;WIDTH:0.527556
G1 F5212.811
G1 X78.312 Y78.766 E.03159
G1 X78.773 Y78.319 E.02457
G1 X79.164 Y77.986 E.01966
G1 X79.423 Y77.837 E.01142
G1 X78.778 Y77.866 E.02471
G1 X78.509 Y77.955 E.01085
G1 X78.14 Y78.226 E.01752
G1 X77.932 Y78.546 E.01462
G1 X77.828 Y79.07 E.02046
G1 X77.827 Y79.373 E.0116
G1 X77.501 Y81.149 F18000
;TYPE:Gap infill
;WIDTH:0.538657
G1 F5096.083
G1 X77.46 Y81.966 E.03205
G1 X77.46 Y138.034 E2.19559
G1 X77.501 Y138.851 E.03205
G1 X77.705 Y139.229 F18000
;TYPE:Internal solid infill
;WIDTH:0.419999
G1 F6000
G1 X77.401 Y139.252 E.00906
G1 X77.404 Y140.981 E.05147
G1 X77.46 Y141.395 E.01246
G1 X77.577 Y141.709 E.00998
G1 X77.757 Y141.991 E.00996
G1 X78.097 Y142.305 E.01378
G1 X78.502 Y142.515 E.01359
G1 X79.046 Y142.599 E.0164
G1 X80.748 Y142.599 E.05068
G1 X80.771 Y142.305 E.00877
G1 X79.777 Y141.891 E.03208
G1 X79.016 Y141.343 E.02792
G1 X78.386 Y140.65 E.0279
G1 X77.914 Y139.841 E.02791
G1 X77.724 Y139.285 E.01749
G1 X79.433 Y142.173 F18000
;WIDTH:0.527557
G1 F5212.804
G1 X78.766 Y141.688 E.03159
G1 X78.319 Y141.227 E.02457
G1 X77.986 Y140.836 E.01966
G1 X77.837 Y140.577 E.01142
G1 X77.866 Y141.222 E.02471
G1 X77.955 Y141.491 E.01084
G1 X78.226 Y141.86 E.01752
G1 X78.546 Y142.068 E.01462
G1 X79.07 Y142.172 E.02046
G1 X79.373 Y142.173 E.01159
G1 X81.149 Y142.499 F18000
;TYPE:Gap infill
;WIDTH:0.538657
G1 F5096.082
G1 X81.966 Y142.54 E.03205
G1 X138.034 Y142.54 E2.19558
G1 X138.851 Y142.499 E.03206
G1 E-1.75 F6000
;WIPE_START
G1 F5096.082
G1 X138.034 Y142.54 E-.61393
G1 X137.852 Y142.54 E-.13607
;WIPE_END
G1 X140.23 Y140.476 Z3.44 F18000
G1 X140.476 Y140.23
G1 X140.696 Y139.959
G1 X140.886 Y139.666
G1 X141.044 Y139.355
G1 X141.169 Y139.03
G1 X141.259 Y138.693
G1 X141.314 Y138.348
G1 X141.332 Y138.009
G1 X141.332 Y81.991
G1 X141.314 Y81.652
G1 X141.259 Y81.307
G1 X141.169 Y80.97
G1 X141.387 Y80.912
G1 Z3.24
G1 E2.5 F6000
M204 P1000
;TYPE:Top surface
;WIDTH:0.421075
G1 F1800
G1 X141.387 Y138.021 E1.70595
G1 X141.369 Y138.354 E.00995
G1 X141.314 Y138.704 E.01059
G1 X141.222 Y139.047 E.0106
G1 X141.095 Y139.378 E.01059
G1 X141.009 Y139.548 E.00568
G1 X141.009 Y80.452 E1.76526
G1 X140.741 Y80.009 E.01549
G1 X140.631 Y79.872 E.00524
G1 X140.631 Y140.128 E1.79992
G1 X140.518 Y140.267 E.00536
G1 X140.252 Y140.53 E.01115
G1 X140.252 Y79.47 E1.82393
G1 X139.874 Y79.183 E.01419
G1 X139.874 Y140.817 E1.84111
G1 X139.496 Y141.035 E.01304
G1 X139.496 Y78.965 E1.85412
G1 X139.118 Y78.805 E.01227
G1 X139.118 Y87.676 E.265
G1 X139.224 Y87.953 E.00883
G1 X139.316 Y88.295 E.0106
G1 X139.371 Y88.646 E.0106
G1 X139.39 Y89 E.0106
G1 X139.371 Y89.354 E.0106
G1 X139.316 Y89.705 E.0106
G1 X139.224 Y90.047 E.0106
G1 X139.118 Y90.324 E.00884
G1 X139.118 Y129.676 E1.17553
G1 X139.224 Y129.953 E.00884
G1 X139.316 Y130.295 E.0106
G1 X139.371 Y130.646 E.0106
G1 X139.39 Y131 E.0106
G1 X139.371 Y131.354 E.0106
G1 X139.316 Y131.705 E.0106
G1 X139.224 Y132.047 E.0106
G1 X139.118 Y132.324 E.00884
G1 X139.118 Y141.195 E.265
G1 X138.74 Y141.304 E.01176
G1 X138.74 Y132.996 E.24819
G1 X138.519 Y133.268 E.01047
G1 X138.362 Y133.426 E.00666
G1 X138.362 Y141.368 E.23725
G1 X137.983 Y141.387 E.01131
G1 X137.983 Y133.748 E.2282
G1 X137.605 Y133.981 E.01327
G1 X137.605 Y141.387 E.22123
G1 X137.227 Y141.387 E.0113
G1 X137.227 Y134.155 E.21605
G1 X136.849 Y134.277 E.01187
G1 X136.849 Y141.387 E.2124
G1 X136.471 Y141.387 E.0113
G1 X136.471 Y134.353 E.21013
G1 X136.093 Y134.385 E.01134
G1 X136.093 Y141.387 E.20917
G1 X135.715 Y141.387 E.0113
G1 X135.715 Y134.375 E.20948
G1 X135.336 Y134.322 E.0114
G1 X135.336 Y141.387 E.21105
G1 X134.958 Y141.387 E.0113
G1 X134.958 Y134.226 E.21394
G1 X134.58 Y134.076 E.01215
G1 X134.58 Y141.387 E.21841
G1 X134.202 Y141.387 E.0113
G1 X134.202 Y133.869 E.2246
G1 X134.007 Y133.742 E.00693
G1 X133.824 Y133.594 E.00706
G1 X133.824 Y141.387 E.23281
G1 X133.446 Y141.387 E.0113
G1 X133.446 Y133.225 E.24383
G1 X133.258 Y132.993 E.00893
G1 X133.067 Y132.7 E.01042
G1 X133.067 Y141.557 E.26458
G1 E-1.75 F6000
;WIPE_START
G1 F1800
G1 X133.067 Y140.557 E-.75
;WIPE_END
G1 X134.787 Y137.15 Z3.44 F18000
G1 X138.74 Y129.315 Z3.44
G1 Z3.24
G1 E2.5 F6000
G1 F1800
G1 X138.74 Y90.996 E1.14465
G1 X138.519 Y91.268 E.01047
G1 X138.362 Y91.426 E.00665
G1 X138.362 Y128.574 E1.10968
G1 X137.983 Y128.252 E.01485
G1 X137.983 Y91.748 E1.09042
G1 X137.605 Y91.981 E.01327
G1 X137.605 Y128.019 E1.07649
G1 X137.227 Y127.845 E.01243
G1 X137.227 Y92.155 E1.06612
G1 X136.849 Y92.277 E.01187
G1 X136.849 Y127.723 E1.05882
G1 X136.471 Y127.647 E.01152
G1 X136.471 Y92.353 E1.05429
G1 X136.093 Y92.385 E.01134
G1 X136.093 Y127.615 E1.05237
G1 X135.715 Y127.625 E.0113
G1 X135.715 Y92.375 E1.05298
G1 X135.336 Y92.322 E.0114
G1 X135.336 Y127.678 E1.05612
G1 X134.958 Y127.774 E.01166
G1 X134.958 Y92.226 E1.0619
G1 X134.58 Y92.076 E.01215
G1 X134.58 Y127.924 E1.07084
G1 X134.202 Y128.131 E.01288
G1 X134.202 Y91.869 E1.08322
G1 X134.007 Y91.742 E.00693
G1 X133.824 Y91.594 E.00706
G1 X133.824 Y128.406 E1.09965
G1 X133.446 Y128.775 E.01578
G1 X133.446 Y91.225 E1.12169
G1 X133.258 Y90.993 E.00893
G1 X133.067 Y90.7 E.01042
G1 X133.067 Y129.673 E1.16417
G1 E-1.75 F6000
;WIPE_START
G1 F1800
G1 X133.067 Y128.673 E-.75
;WIPE_END
G1 X133.586 Y124.892 Z3.44 F18000
G1 X138.74 Y87.315 Z3.44
G1 Z3.24
G1 E2.5 F6000
G1 F1800
G1 X138.74 Y78.696 E.25747
G1 X138.362 Y78.632 E.01146
G1 X138.362 Y86.574 E.23726
G1 X137.983 Y86.252 E.01485
G1 X137.984 Y78.613 E.2282
G1 X137.605 Y78.613 E.0113
G1 X137.605 Y86.019 E.22123
G1 X137.227 Y85.845 E.01243
G1 X137.227 Y78.613 E.21605
G1 X136.849 Y78.613 E.0113
G1 X136.849 Y85.723 E.2124
G1 X136.471 Y85.647 E.01152
G1 X136.471 Y78.613 E.21013
G1 X136.093 Y78.613 E.0113
G1 X136.093 Y85.615 E.20917
G1 X135.715 Y85.625 E.0113
G1 X135.715 Y78.613 E.20948
G1 X135.336 Y78.613 E.0113
G1 X135.336 Y85.678 E.21105
G1 X134.958 Y85.774 E.01166
G1 X134.958 Y78.613 E.21394
G1 X134.58 Y78.613 E.0113
G1 X134.58 Y85.924 E.21841
G1 X134.202 Y86.131 E.01288
G1 X134.202 Y78.613 E.2246
G1 X133.824 Y78.613 E.0113
G1 X133.824 Y86.406 E.23281
G1 X133.446 Y86.775 E.01578
G1 X133.446 Y78.613 E.24383
G1 X133.067 Y78.613 E.0113
G1 X133.067 Y87.673 E.27064
G1 E-1.75 F6000
;WIPE_START
G1 F1800
G1 X133.067 Y86.673 E-.75
;WIPE_END
G1 X132.892 Y82.86 Z3.44 F18000
G1 X132.689 Y78.443 Z3.44
G1 Z3.24
G1 E2.5 F6000
G1 F1800
G1 X132.689 Y141.387 E1.88025
G1 X132.311 Y141.387 E.0113
G1 X132.311 Y78.613 E1.87518
G1 X131.933 Y78.613 E.0113
G1 X131.933 Y141.387 E1.87518
G1 X131.555 Y141.387 E.0113
G1 X131.555 Y78.613 E1.87518
G1 X131.177 Y78.613 E.0113
G1 X131.177 Y141.387 E1.87518
G1 X130.799 Y141.387 E.0113
G1 X130.799 Y78.613 E1.87518
G1 X130.42 Y78.613 E.0113
G1 X130.42 Y141.387 E1.87518
G1 X130.042 Y141.387 E.0113
G1 X130.042 Y78.613 E1.87518
G1 X129.664 Y78.613 E.0113
G1 X129.664 Y141.387 E1.87518
G1 X129.286 Y141.387 E.0113
G1 X129.286 Y78.613 E1.87518
G1 X128.908 Y78.613 E.0113
G1 X128.908 Y141.387 E1.87518
G1 X128.53 Y141.387 E.0113
G1 X128.53 Y78.613 E1.87518
G1 X128.151 Y78.613 E.0113
G1 X128.151 Y141.387 E1.87518
G1 X127.773 Y141.387 E.0113
G1 X127.773 Y78.613 E1.87518
G1 X127.395 Y78.613 E.0113
G1 X127.395 Y141.387 E1.87518
G1 X127.017 Y141.387 E.0113
G1 X127.017 Y78.613 E1.87518
G1 X126.639 Y78.613 E.0113
G1 X126.639 Y141.387 E1.87518
G1 X126.261 Y141.387 E.0113
G1 X126.261 Y78.613 E1.87518
G1 X125.883 Y78.613 E.0113
G1 X125.883 Y141.387 E1.87518
G1 X125.504 Y141.387 E.0113
G1 X125.504 Y78.613 E1.87518
G1 X125.126 Y78.613 E.0113
G1 X125.126 Y141.387 E1.87518
G1 X124.748 Y141.387 E.0113
G1 X124.748 Y78.613 E1.87518
G1 X124.37 Y78.613 E.0113
G1 X124.37 Y141.387 E1.87518
G1 X123.992 Y141.387 E.0113
G1 X123.992 Y78.613 E1.87518
G1 X123.614 Y78.613 E.0113
G1 X123.614 Y141.387 E1.87518
G1 X123.235 Y141.387 E.0113
G1 X123.235 Y78.613 E1.87518
G1 X122.857 Y78.613 E.0113
G1 X122.857 Y141.387 E1.87518
G1 X122.479 Y141.387 E.0113
G1 X122.479 Y78.613 E1.87518
G1 X122.101 Y78.613 E.0113
G1 X122.101 Y141.387 E1.87518
G1 X121.723 Y141.387 E.0113
G1 X121.723 Y78.613 E1.87518
G1 X121.345 Y78.613 E.0113
G1 X121.345 Y141.387 E1.87518
G1 X120.967 Y141.387 E.0113
G1 X120.967 Y78.613 E1.87518
G1 X120.588 Y78.613 E.0113
G1 X120.588 Y141.387 E1.87518
G1 X120.21 Y141.387 E.0113
G1 X120.21 Y78.613 E1.87518
G1 X119.832 Y78.613 E.0113
G1 X119.832 Y141.387 E1.87518
G1 X119.454 Y141.387 E.0113
G1 X119.454 Y78.613 E1.87518
G1 X119.076 Y78.613 E.0113
G1 X119.076 Y141.387 E1.87518
G1 X118.698 Y141.387 E.0113
G1 X118.698 Y78.613 E1.87518
G1 X118.319 Y78.613 E.0113
G1 X118.319 Y141.387 E1.87518
G1 X117.941 Y141.387 E.0113
G1 X117.941 Y118.189 E.69297
G1 X118.189 Y118.189 E.0074
G1 X118.189 Y101.811 E.48924
G1 X117.941 Y101.811 E.0074
G1 X117.941 Y78.613 E.69297
G1 X117.563 Y78.613 E.0113
G1 X117.563 Y101.811 E.69297
G1 X117.185 Y101.811 E.0113
G1 X117.185 Y78.613 E.69297
G1 X116.807 Y78.613 E.0113
G1 X116.807 Y101.811 E.69297
G1 X116.429 Y101.811 E.0113
G1 X116.429 Y78.613 E.69297
G1 X116.051 Y78.613 E.0113
G1 X116.051 Y101.811 E.69297
G1 X115.672 Y101.811 E.0113
G1 X115.672 Y78.613 E.69297
G1 X115.294 Y78.613 E.0113
G1 X115.294 Y101.811 E.69297
G1 X114.916 Y101.811 E.0113
G1 X114.916 Y78.613 E.69297
G1 X114.538 Y78.613 E.0113
G1 X114.538 Y101.811 E.69297
G1 X114.16 Y101.811 E.0113
G1 X114.16 Y78.613 E.69297
G1 X113.782 Y78.613 E.0113
G1 X113.782 Y101.811 E.69297
G1 X113.403 Y101.811 E.0113
G1 X113.403 Y78.613 E.69297
G1 X113.025 Y78.613 E.0113
G1 X113.025 Y101.811 E.69297
G1 X112.647 Y101.811 E.0113
G1 X112.647 Y78.613 E.69297
G1 X112.269 Y78.613 E.0113
G1 X112.269 Y101.811 E.69297
G1 X111.891 Y101.811 E.0113
G1 X111.891 Y78.613 E.69297
G1 X111.513 Y78.613 E.0113
G1 X111.513 Y101.811 E.69297
G1 X111.134 Y101.811 E.0113
G1 X111.134 Y78.613 E.69297
G1 X110.756 Y78.613 E.0113
G1 X110.756 Y101.811 E.69297
G1 X110.378 Y101.811 E.0113
G1 X110.378 Y78.613 E.69297
G1 X110 Y78.613 E.0113
G1 X110 Y101.811 E.69297
G1 X109.622 Y101.811 E.0113
G1 X109.622 Y78.613 E.69297
G1 X109.244 Y78.613 E.0113
G1 X109.244 Y101.811 E.69297
G1 X108.866 Y101.811 E.0113
G1 X108.866 Y78.613 E.69297
G1 X108.487 Y78.613 E.0113
G1 X108.487 Y101.811 E.69297
G1 X108.109 Y101.811 E.0113
G1 X108.109 Y78.613 E.69297
G1 X107.731 Y78.613 E.0113
G1 X107.731 Y101.811 E.69297
G1 X107.353 Y101.811 E.0113
G1 X107.353 Y78.613 E.69297
G1 X106.975 Y78.613 E.0113
G1 X106.975 Y101.811 E.69297
G1 X106.597 Y101.811 E.0113
G1 X106.597 Y78.613 E.69297
G1 X106.218 Y78.613 E.0113
G1 X106.218 Y101.811 E.69297
G1 X105.84 Y101.811 E.0113
G1 X105.84 Y78.613 E.69297
G1 X105.462 Y78.613 E.0113
G1 X105.462 Y101.811 E.69297
G1 X105.084 Y101.811 E.0113
G1 X105.084 Y78.613 E.69297
G1 X104.706 Y78.613 E.0113
G1 X104.706 Y101.811 E.69297
G1 X104.328 Y101.811 E.0113
G1 X104.328 Y78.613 E.69297
G1 X103.95 Y78.613 E.0113
G1 X103.95 Y101.811 E.69297
G1 X103.571 Y101.811 E.0113
G1 X103.571 Y78.613 E.69297
G1 X103.193 Y78.613 E.0113
G1 X103.193 Y101.811 E.69297
G1 X102.815 Y101.811 E.0113
G1 X102.815 Y78.613 E.69297
G1 X102.437 Y78.613 E.0113
G1 X102.437 Y101.981 E.69804
G1 E-1.75 F6000
;WIPE_START
G1 F1800
G1 X102.437 Y100.981 E-.75
;WIPE_END
G1 X104.97 Y103.835 Z3.44 F18000
G1 X117.563 Y118.019 Z3.44
G1 Z3.24
G1 E2.5 F6000
G1 F1800
G1 X117.563 Y141.387 E.69804
G1 X117.185 Y141.387 E.0113
G1 X117.185 Y118.189 E.69297
G1 X116.807 Y118.189 E.0113
G1 X116.807 Y141.387 E.69297
G1 X116.429 Y141.387 E.0113
G1 X116.429 Y118.189 E.69297
G1 X116.051 Y118.189 E.0113
G1 X116.051 Y141.387 E.69297
G1 X115.672 Y141.387 E.0113
G1 X115.672 Y118.189 E.69297
G1 X115.294 Y118.189 E.0113
G1 X115.294 Y141.387 E.69297
G1 X114.916 Y141.387 E.0113
G1 X114.916 Y118.189 E.69297
G1 X114.538 Y118.189 E.0113
G1 X114.538 Y141.387 E.69297
G1 X114.16 Y141.387 E.0113
G1 X114.16 Y118.189 E.69297
G1 X113.782 Y118.189 E.0113
G1 X113.782 Y141.387 E.69297
G1 X113.403 Y141.387 E.0113
G1 X113.403 Y118.189 E.69297
G1 X113.025 Y118.189 E.0113
G1 X113.025 Y141.387 E.69297
G1 X112.647 Y141.387 E.0113
G1 X112.647 Y118.189 E.69297
G1 X112.269 Y118.189 E.0113
G1 X112.269 Y141.387 E.69297
G1 X111.891 Y141.387 E.0113
G1 X111.891 Y118.189 E.69297
G1 X111.513 Y118.189 E.0113
G1 X111.513 Y141.387 E.69297
G1 X111.134 Y141.387 E.0113
G1 X111.134 Y118.189 E.69297
G1 X110.756 Y118.189 E.0113
G1 X110.756 Y141.387 E.69297
G1 X110.378 Y141.387 E.0113
G1 X110.378 Y118.189 E.69297
G1 X110 Y118.189 E.0113
G1 X110 Y141.387 E.69297
G1 X109.622 Y141.387 E.0113
G1 X109.622 Y118.189 E.69297
G1 X109.244 Y118.189 E.0113
G1 X109.244 Y141.387 E.69297
G1 X108.866 Y141.387 E.0113
G1 X108.866 Y118.189 E.69297
G1 X108.487 Y118.189 E.0113
G1 X108.487 Y141.387 E.69297
G1 X108.109 Y141.387 E.0113
G1 X108.109 Y118.189 E.69297
G1 X107.731 Y118.189 E.0113
G1 X107.731 Y141.387 E.69297
G1 X107.353 Y141.387 E.0113
G1 X107.353 Y118.189 E.69297
G1 X106.975 Y118.189 E.0113
G1 X106.975 Y141.387 E.69297
G1 X106.597 Y141.387 E.0113
G1 X106.597 Y118.189 E.69297
G1 X106.218 Y118.189 E.0113
G1 X106.218 Y141.387 E.69297
G1 X105.84 Y141.387 E.0113
G1 X105.84 Y118.189 E.69297
G1 X105.462 Y118.189 E.0113
G1 X105.462 Y141.387 E.69297
G1 X105.084 Y141.387 E.0113
G1 X105.084 Y118.189 E.69297
G1 X104.706 Y118.189 E.0113
G1 X104.706 Y141.387 E.69297
G1 X104.328 Y141.387 E.0113
G1 X104.328 Y118.189 E.69297
G1 X103.95 Y118.189 E.0113
G1 X103.95 Y141.387 E.69297
G1 X103.571 Y141.387 E.0113
G1 X103.571 Y118.189 E.69297
G1 X103.193 Y118.189 E.0113
G1 X103.193 Y141.387 E.69297
G1 X102.815 Y141.387 E.0113
G1 X102.815 Y118.189 E.69297
G1 X102.437 Y118.189 E.0113
G1 X102.437 Y141.387 E.69297
G1 X102.059 Y141.387 E.0113
G1 X102.059 Y118.189 E.69297
G1 X101.811 Y118.189 E.0074
G1 X101.811 Y101.811 E.48924
G1 X102.059 Y101.811 E.0074
G1 X102.059 Y78.613 E.69297
G1 X101.681 Y78.613 E.0113
G1 X101.681 Y141.387 E1.87518
G1 X101.302 Y141.387 E.0113
G1 X101.302 Y78.613 E1.87518
G1 X100.924 Y78.613 E.0113
G1 X100.924 Y141.387 E1.87518
G1 X100.546 Y141.387 E.0113
G1 X100.546 Y78.613 E1.87518
G1 X100.168 Y78.613 E.0113
G1 X100.168 Y141.387 E1.87518
G1 X99.79 Y141.387 E.0113
G1 X99.79 Y78.613 E1.87518
G1 X99.412 Y78.613 E.0113
G1 X99.412 Y141.387 E1.87518
G1 X99.034 Y141.387 E.0113
G1 X99.034 Y78.613 E1.87518
G1 X98.655 Y78.613 E.0113
G1 X98.655 Y141.387 E1.87518
G1 X98.277 Y141.387 E.0113
G1 X98.277 Y78.613 E1.87518
G1 X97.899 Y78.613 E.0113
G1 X97.899 Y141.387 E1.87518
G1 X97.521 Y141.387 E.0113
G1 X97.521 Y78.613 E1.87518
G1 X97.143 Y78.613 E.0113
G1 X97.143 Y141.387 E1.87518
G1 X96.765 Y141.387 E.0113
G1 X96.765 Y78.613 E1.87518
G1 X96.386 Y78.613 E.0113
G1 X96.386 Y141.387 E1.87518
G1 X96.008 Y141.387 E.0113
G1 X96.008 Y78.613 E1.87518
G1 X95.63 Y78.613 E.0113
G1 X95.63 Y141.387 E1.87518
G1 X95.252 Y141.387 E.0113
G1 X95.252 Y78.613 E1.87518
G1 X94.874 Y78.613 E.0113
G1 X94.874 Y141.387 E1.87518
G1 X94.496 Y141.387 E.0113
G1 X94.496 Y78.613 E1.87518
G1 X94.118 Y78.613 E.0113
G1 X94.118 Y141.387 E1.87518
G1 X93.739 Y141.387 E.0113
G1 X93.739 Y78.613 E1.87518
G1 X93.361 Y78.613 E.0113
G1 X93.361 Y141.387 E1.87518
G1 X92.983 Y141.387 E.0113
G1 X92.983 Y78.613 E1.87518
G1 X92.605 Y78.613 E.0113
G1 X92.605 Y141.387 E1.87518
G1 X92.227 Y141.387 E.0113
G1 X92.227 Y78.613 E1.87518
G1 X91.849 Y78.613 E.0113
G1 X91.849 Y141.387 E1.87518
G1 X91.47 Y141.387 E.0113
G1 X91.47 Y78.613 E1.87518
G1 X91.092 Y78.613 E.0113
G1 X91.092 Y141.387 E1.87518
G1 X90.714 Y141.387 E.0113
G1 X90.714 Y78.613 E1.87518
G1 X90.336 Y78.613 E.0113
G1 X90.336 Y141.387 E1.87518
G1 X89.958 Y141.387 E.0113
G1 X89.958 Y78.613 E1.87518
G1 X89.58 Y78.613 E.0113
G1 X89.58 Y141.387 E1.87518
G1 X89.201 Y141.387 E.0113
G1 X89.202 Y78.613 E1.87518
G1 X88.823 Y78.613 E.0113
G1 X88.823 Y141.387 E1.87518
G1 X88.445 Y141.387 E.0113
G1 X88.445 Y78.613 E1.87518
G1 X88.067 Y78.613 E.0113
G1 X88.067 Y141.387 E1.87518
G1 X87.689 Y141.387 E.0113
G1 X87.689 Y78.613 E1.87518
G1 X87.311 Y78.613 E.0113
G1 X87.311 Y141.387 E1.87518
G1 X86.933 Y141.387 E.0113
G1 X86.933 Y132.7 E.25951
G1 X86.742 Y132.993 E.01043
G1 X86.554 Y133.225 E.00892
G1 X86.554 Y141.387 E.24383
G1 X86.176 Y141.387 E.0113
G1 X86.176 Y133.594 E.23281
G1 X85.993 Y133.742 E.00706
G1 X85.798 Y133.869 E.00693
G1 X85.798 Y141.387 E.2246
G1 X85.42 Y141.387 E.0113
G1 X85.42 Y134.076 E.21841
G1 X85.042 Y134.226 E.01215
G1 X85.042 Y141.387 E.21394
G1 X84.664 Y141.387 E.0113
G1 X84.664 Y134.322 E.21105
G1 X84.285 Y134.375 E.0114
G1 X84.285 Y141.387 E.20948
G1 X83.907 Y141.387 E.0113
G1 X83.907 Y134.385 E.20917
G1 X83.529 Y134.353 E.01134
G1 X83.529 Y141.387 E.21013
G1 X83.151 Y141.387 E.0113
G1 X83.151 Y134.277 E.2124
G1 X82.773 Y134.155 E.01187
G1 X82.773 Y141.387 E.21605
G1 X82.395 Y141.387 E.0113
G1 X82.395 Y133.981 E.22123
G1 X82.017 Y133.748 E.01327
G1 X82.017 Y141.387 E.22819
G1 X81.638 Y141.368 E.01131
G1 X81.638 Y133.426 E.23725
G1 X81.481 Y133.268 E.00666
G1 X81.26 Y132.996 E.01047
G1 X81.26 Y141.48 E.25344
G1 E-1.75 F6000
;WIPE_START
G1 F1800
G1 X81.26 Y140.48 E-.75
;WIPE_END
G1 X83.034 Y137.101 Z3.44 F18000
G1 X86.933 Y129.673 Z3.44
G1 Z3.24
G1 E2.5 F6000
G1 F1800
G1 X86.933 Y90.7 E1.16418
G1 X86.742 Y90.993 E.01043
G1 X86.554 Y91.225 E.00892
G1 X86.554 Y128.775 E1.12169
G1 X86.176 Y128.406 E.01578
G1 X86.176 Y91.594 E1.09965
G1 X85.993 Y91.742 E.00706
G1 X85.798 Y91.869 E.00693
G1 X85.798 Y128.131 E1.08322
G1 X85.42 Y127.924 E.01288
G1 X85.42 Y92.076 E1.07085
G1 X85.042 Y92.226 E.01215
G1 X85.042 Y127.774 E1.0619
G1 X84.664 Y127.678 E.01166
G1 X84.664 Y92.322 E1.05612
G1 X84.285 Y92.375 E.0114
G1 X84.285 Y127.625 E1.05298
G1 X83.907 Y127.615 E.0113
G1 X83.907 Y92.385 E1.05237
G1 X83.529 Y92.353 E.01134
G1 X83.529 Y127.649 E1.05434
G1 X83.151 Y127.723 E.01151
G1 X83.151 Y92.277 E1.05882
G1 X82.773 Y92.155 E.01187
G1 X82.773 Y127.845 E1.06611
G1 X82.395 Y128.019 E.01243
G1 X82.395 Y91.981 E1.07649
G1 X82.017 Y91.748 E.01327
G1 X82.017 Y128.252 E1.09041
G1 X81.638 Y128.574 E.01484
G1 X81.638 Y91.426 E1.10968
G1 X81.481 Y91.268 E.00666
G1 X81.26 Y90.996 E.01047
G1 X81.26 Y129.315 E1.14465
G1 E-1.75 F6000
;WIPE_START
G1 F1800
G1 X81.26 Y128.315 E-.75
;WIPE_END
G1 X81.788 Y124.535 Z3.44 F18000
G1 X86.933 Y87.673 Z3.44
G1 Z3.24
G1 E2.5 F6000
G1 F1800
G1 X86.933 Y78.613 E.27064
G1 X86.554 Y78.613 E.0113
G1 X86.554 Y86.775 E.24383
G1 X86.176 Y86.406 E.01578
G1 X86.176 Y78.613 E.23281
G1 X85.798 Y78.613 E.0113
G1 X85.798 Y86.131 E.2246
G1 X85.42 Y85.924 E.01288
G1 X85.42 Y78.613 E.21841
G1 X85.042 Y78.613 E.0113
G1 X85.042 Y85.774 E.21394
G1 X84.664 Y85.678 E.01166
G1 X84.664 Y78.613 E.21105
G1 X84.285 Y78.613 E.0113
G1 X84.285 Y85.625 E.20948
G1 X83.907 Y85.615 E.0113
G1 X83.907 Y78.613 E.20917
G1 X83.529 Y78.613 E.0113
G1 X83.529 Y85.649 E.21019
G1 X83.151 Y85.723 E.01151
G1 X83.151 Y78.613 E.2124
G1 X82.773 Y78.613 E.0113
G1 X82.773 Y85.845 E.21605
G1 X82.395 Y86.019 E.01243
G1 X82.395 Y78.613 E.22123
G1 X82.017 Y78.613 E.0113
G1 X82.017 Y86.252 E.22819
G1 X81.638 Y86.574 E.01484
G1 X81.638 Y78.632 E.23725
G1 X81.26 Y78.696 E.01146
G1 X81.26 Y87.315 E.25747
G1 E-1.75 F6000
;WIPE_START
G1 F1800
G1 X81.26 Y86.315 E-.75
;WIPE_END
G1 X81.073 Y82.503 Z3.44 F18000
G1 X80.882 Y78.623 Z3.44
G1 Z3.24
G1 E2.5 F6000
G1 F1800
G1 X80.882 Y87.676 E.27043
G1 X80.776 Y87.953 E.00884
G1 X80.684 Y88.295 E.0106
G1 X80.629 Y88.646 E.0106
G1 X80.61 Y89 E.0106
G1 X80.629 Y89.354 E.0106
G1 X80.684 Y89.705 E.0106
G1 X80.776 Y90.047 E.0106
G1 X80.882 Y90.324 E.00884
G1 X80.882 Y129.676 E1.17552
G1 X80.776 Y129.953 E.00884
G1 X80.684 Y130.295 E.0106
G1 X80.629 Y130.646 E.0106
G1 X80.61 Y131 E.0106
G1 X80.629 Y131.354 E.0106
G1 X80.684 Y131.705 E.0106
G1 X80.776 Y132.047 E.0106
G1 X80.882 Y132.324 E.00884
G1 X80.882 Y141.195 E.265
G1 X80.504 Y141.035 E.01227
G1 X80.504 Y78.965 E1.85412
G1 X80.126 Y79.183 E.01304
G1 X80.126 Y140.817 E1.84111
G1 X79.748 Y140.53 E.01419
G1 X79.748 Y79.47 E1.82393
G1 X79.482 Y79.733 E.01115
G1 X79.369 Y79.872 E.00535
G1 X79.369 Y140.128 E1.79993
G1 X79.259 Y139.991 E.00524
G1 X78.991 Y139.548 E.01548
G1 X78.991 Y80.452 E1.76527
G1 X78.905 Y80.622 E.00569
G1 X78.778 Y80.953 E.01059
G1 X78.686 Y81.296 E.0106
G1 X78.631 Y81.646 E.01059
G1 X78.613 Y81.978 E.00992
G1 X78.613 Y139.088 E1.70598
G1 X78.784 Y139.263 F18000
M204 P2000
;TYPE:Gap infill
;WIDTH:0.0881709
G1 F6000
G1 X78.751 Y139.088 E.00064
G1 E-2.32199
;WIPE_START
G1 X78.784 Y139.263 E-.17801
;WIPE_END
G1 X80.103 Y135.683 Z3.44 F18000
G1 X81.154 Y132.833 Z3.44
G1 Z3.24
G1 E2.5 F6000
;WIDTH:0.1208
G1 X81.086 Y132.582 E.0016
G1 E-2.24008
;WIPE_START
G1 X81.154 Y132.833 E-.25992
;WIPE_END
G1 X84.965 Y132.637 Z3.44 F18000
G1 X87.03 Y132.531 Z3.44
G1 Z3.24
G1 E2.5 F6000
;WIDTH:0.155549
G1 X87.066 Y132.362 E.00154
;WIDTH:0.137766
G1 X87.085 Y132.262 E.00076
;WIDTH:0.121234
G1 X87.103 Y132.161 E.00063
G1 E-2.398
;WIPE_START
G1 X87.085 Y132.262 E-.102
;WIPE_END
G1 X87.103 Y129.839 Z3.44 F18000
G1 Z3.24
G1 E2.5 F6000
;WIDTH:0.0881699
G1 X87.072 Y129.673 E.0006
G1 X86.729 Y129.12 F18000
;WIDTH:0.123867
G1 F6000
G1 X86.669 Y128.935 E.00124
G1 E-2.30564
;WIPE_START
G1 X86.729 Y129.12 E-.19436
;WIPE_END
G1 X86.729 Y125.304 Z3.44 F18000
G1 X86.729 Y87.12 Z3.44
G1 Z3.24
G1 E2.5 F6000
;WIDTH:0.123872
G1 X86.669 Y86.935 E.00124
G1 E-2.30564
;WIPE_START
G1 X86.729 Y87.12 E-.19436
;WIPE_END
G1 X87.103 Y87.839 Z3.44 F18000
G1 Z3.24
G1 E2.5 F6000
;WIDTH:0.0881699
G1 X87.072 Y87.673 E.0006
G1 E-2.3312
;WIPE_START
G1 X87.103 Y87.839 E-.1688
;WIPE_END
G1 X87.03 Y90.531 Z3.44 F18000
G1 Z3.24
G1 E2.5 F6000
;WIDTH:0.155554
G1 X87.066 Y90.362 E.00154
;WIDTH:0.13777
G1 X87.085 Y90.262 E.00076
;WIDTH:0.121237
G1 X87.103 Y90.161 E.00063
G1 E-2.39799
;WIPE_START
G1 X87.085 Y90.262 E-.10201
;WIPE_END
G1 X83.286 Y90.628 Z3.44 F18000
G1 X81.154 Y90.833 Z3.44
G1 Z3.24
G1 E2.5 F6000
;WIDTH:0.120798
G1 X81.086 Y90.582 E.0016
G1 E-2.24008
;WIPE_START
G1 X81.154 Y90.833 E-.25992
;WIPE_END
G1 X84.919 Y90.213 Z3.44 F18000
G1 X141.16 Y80.946 Z3.44
G1 X141.249 Y80.912
G1 Z3.24
G1 E2.5 F6000
;WIDTH:0.12892
G1 X141.216 Y80.737 E.00121
G1 E-2.32192
;WIPE_START
G1 X141.249 Y80.912 E-.17808
;WIPE_END
G1 X140.351 Y84.621 Z3.44 F18000
G1 X138.846 Y90.833 Z3.44
G1 Z3.24
G1 E2.5 F6000
;WIDTH:0.120855
G1 X138.914 Y90.582 E.0016
G1 E-2.24004
;WIPE_START
G1 X138.846 Y90.833 E-.25996
;WIPE_END
G1 X135.73 Y88.63 Z3.44 F18000
G1 X133.331 Y86.935 Z3.44
G1 Z3.24
G1 E2.5 F6000
;WIDTH:0.126591
G1 X133.271 Y87.12 E.00128
G1 X132.928 Y87.673 F18000
;WIDTH:0.12604
G1 F6000
G1 X132.897 Y87.839 E.00111
G1 E-2.33124
;WIPE_START
G1 X132.928 Y87.673 E-.16876
;WIPE_END
G1 X132.97 Y90.532 Z3.44 F18000
G1 Z3.24
G1 E2.5 F6000
;WIDTH:0.155486
G1 X132.934 Y90.362 E.00154
;WIDTH:0.13772
G1 X132.915 Y90.262 E.00076
;WIDTH:0.121203
G1 X132.897 Y90.161 E.00063
G1 E-2.39808
;WIPE_START
G1 X132.915 Y90.262 E-.10192
;WIPE_END
G1 X132.92 Y94.078 Z3.44 F18000
G1 X132.97 Y132.532 Z3.44
G1 Z3.24
G1 E2.5 F6000
;WIDTH:0.155491
G1 X132.934 Y132.362 E.00154
;WIDTH:0.137723
G1 X132.915 Y132.262 E.00076
;WIDTH:0.121205
G1 X132.897 Y132.161 E.00063
G1 E-2.39808
;WIPE_START
G1 X132.915 Y132.262 E-.10192
;WIPE_END
G1 X132.928 Y129.673 Z3.44 F18000
G1 Z3.24
G1 E2.5 F6000
;WIDTH:0.126039
G1 X132.897 Y129.839 E.00111
G1 E-2.33124
;WIPE_START
G1 X132.928 Y129.673 E-.16876
;WIPE_END
G1 X133.331 Y128.935 Z3.44 F18000
G1 Z3.24
G1 E2.5 F6000
;WIDTH:0.126597
G1 X133.271 Y129.12 E.00128
G1 E-2.30566
;WIPE_START
G1 X133.331 Y128.935 E-.19434
;WIPE_END
G1 X136.447 Y131.137 Z3.44 F18000
G1 X138.846 Y132.833 Z3.44
G1 Z3.24
G1 E2.5 F6000
;WIDTH:0.120852
G1 X138.914 Y132.582 E.0016
; stop printing object top_plate.stl id:4653052573991952974 copy 0
M106 S130
;LAYER_CHANGE
;Z:3.44
;HEIGHT:0.2
G92 E0 ; zero the extruded length again
; BEFORE_LAYER_CHANGE 16 @ 3.44mm
G1 E-2.24004 F6000
;WIPE_START
G1 X138.846 Y132.833 E-.25996
;WIPE_END
; AFTER_LAYER_CHANGE 16 @ 3.44mm
;_SET_FAN_SPEED_CHANGING_LAYER
; printing object top_plate.stl id:4653052573991952974 copy 0
G1 F18000
G1 X138.713 Y133.344 Z3.46857
G1 X138.231 Y133.558 Z3.49714
G1 X137.762 Y133.314 Z3.52571
G1 X137.661 Y132.796 Z3.55429
G1 X138.002 Y132.394 Z3.58286
G1 X138.53 Y132.41 Z3.61143
G1 X138.846 Y132.833 Z3.64
G1 X140.412 Y140.817 Z3.64
G1 X140.984 Y143.389
G1 X140.995 Y143.79
G1 Z3.44
G1 E2.5 F6000
M204 P1000
;TYPE:Outer wall
;WIDTH:0.42
G1 F3600
G1 X79.005 Y143.79 E1.84644
G1 X78.708 Y143.774 E.00886
G1 X78.42 Y143.729 E.0087
G1 X78.138 Y143.653 E.0087
G1 X77.865 Y143.548 E.0087
G1 X77.605 Y143.416 E.0087
G1 X77.36 Y143.257 E.0087
G1 X77.133 Y143.073 E.0087
G1 X76.927 Y142.867 E.0087
G1 X76.743 Y142.64 E.0087
G1 X76.584 Y142.395 E.0087
G1 X76.452 Y142.135 E.0087
G1 X76.347 Y141.862 E.0087
G1 X76.271 Y141.58 E.0087
G1 X76.226 Y141.292 E.0087
G1 X76.21 Y140.995 E.00886
G1 X76.21 Y79.005 E1.84644
G1 X76.226 Y78.708 E.00886
G1 X76.271 Y78.42 E.0087
G1 X76.347 Y78.138 E.0087
G1 X76.452 Y77.865 E.0087
G1 X76.584 Y77.605 E.0087
G1 X76.743 Y77.36 E.0087
G1 X76.927 Y77.133 E.0087
G1 X77.133 Y76.927 E.0087
G1 X77.36 Y76.743 E.0087
G1 X77.605 Y76.584 E.0087
G1 X77.865 Y76.452 E.0087
G1 X78.138 Y76.347 E.0087
G1 X78.42 Y76.271 E.0087
G1 X78.708 Y76.226 E.0087
G1 X79.005 Y76.21 E.00886
G1 X140.995 Y76.21 E1.84644
G1 X141.292 Y76.226 E.00886
G1 X141.58 Y76.271 E.0087
G1 X141.862 Y76.347 E.0087
G1 X142.135 Y76.452 E.0087
G1 X142.395 Y76.584 E.0087
G1 X142.64 Y76.743 E.0087
G1 X142.867 Y76.927 E.0087
G1 X143.073 Y77.133 E.0087
G1 X143.257 Y77.36 E.0087
G1 X143.416 Y77.605 E.0087
G1 X143.548 Y77.865 E.0087
G1 X143.653 Y78.138 E.0087
G1 X143.729 Y78.42 E.0087
G1 X143.774 Y78.708 E.0087
G1 X143.79 Y79.005 E.00886
G1 X143.79 Y140.995 E1.84644
G1 X143.774 Y141.292 E.00886
G1 X143.729 Y141.58 E.0087
G1 X143.653 Y141.862 E.0087
G1 X143.548 Y142.135 E.0087
G1 X143.416 Y142.395 E.0087
G1 X143.257 Y142.64 E.0087
G1 X143.073 Y142.867 E.0087
G1 X142.867 Y143.073 E.0087
G1 X142.64 Y143.257 E.0087
G1 X142.395 Y143.416 E.0087
G1 X142.135 Y143.548 E.0087
G1 X141.862 Y143.653 E.0087
G1 X141.58 Y143.729 E.0087
G1 X141.292 Y143.774 E.0087
G1 X141.054 Y143.787 E.00707
G1 X141.034 Y143.387 F18000
G1 X140.984 Y143.389
G1 X140.984 Y143.389
G1 X140.984 Y143.398
M204 P1500
;TYPE:Inner wall
;WIDTH:0.45
G1 F6000
G1 X79.016 Y143.398 E1.99268
G1 X78.749 Y143.384 E.00857
G1 X78.502 Y143.345 E.00807
G1 X78.259 Y143.28 E.00807
G1 X78.025 Y143.19 E.00807
G1 X77.801 Y143.076 E.00807
G1 X77.591 Y142.939 E.00806
G1 X77.396 Y142.781 E.00807
G1 X77.219 Y142.604 E.00807
G1 X77.061 Y142.409 E.00807
G1 X76.924 Y142.199 E.00806
G1 X76.81 Y141.975 E.00807
G1 X76.72 Y141.741 E.00807
G1 X76.655 Y141.498 E.00807
G1 X76.616 Y141.251 E.00807
G1 X76.602 Y140.984 E.00857
G1 X76.602 Y79.016 E1.99268
G1 X76.616 Y78.749 E.00857
G1 X76.655 Y78.502 E.00807
G1 X76.72 Y78.259 E.00807
G1 X76.81 Y78.025 E.00807
G1 X76.924 Y77.801 E.00807
G1 X77.061 Y77.591 E.00806
G1 X77.219 Y77.396 E.00807
G1 X77.396 Y77.219 E.00807
G1 X77.591 Y77.061 E.00807
G1 X77.801 Y76.924 E.00806
G1 X78.025 Y76.81 E.00807
G1 X78.259 Y76.72 E.00807
G1 X78.502 Y76.655 E.00807
G1 X78.749 Y76.616 E.00807
G1 X79.016 Y76.602 E.00857
G1 X140.984 Y76.602 E1.99268
G1 X141.251 Y76.616 E.00857
G1 X141.498 Y76.655 E.00807
G1 X141.741 Y76.72 E.00807
G1 X141.975 Y76.81 E.00807
G1 X142.199 Y76.924 E.00807
G1 X142.409 Y77.061 E.00806
G1 X142.604 Y77.219 E.00807
G1 X142.781 Y77.396 E.00807
G1 X142.939 Y77.591 E.00807
G1 X143.076 Y77.801 E.00806
G1 X143.19 Y78.025 E.00807
G1 X143.28 Y78.259 E.00807
G1 X143.345 Y78.502 E.00807
G1 X143.384 Y78.749 E.00807
G1 X143.398 Y79.016 E.00857
G1 X143.398 Y140.984 E1.99268
G1 X143.384 Y141.251 E.00857
G1 X143.345 Y141.498 E.00807
G1 X143.28 Y141.741 E.00807
G1 X143.19 Y141.975 E.00807
G1 X143.076 Y142.199 E.00807
G1 X142.939 Y142.409 E.00806
G1 X142.781 Y142.604 E.00807
G1 X142.604 Y142.781 E.00807
G1 X142.409 Y142.939 E.00807
G1 X142.199 Y143.076 E.00806
G1 X141.975 Y143.19 E.00807
G1 X141.741 Y143.28 E.00807
G1 X141.498 Y143.345 E.00807
G1 X141.251 Y143.384 E.00807
G1 X141.044 Y143.395 E.00665
G1 X140.974 Y142.991 F18000
G1 F6000
G1 X79.026 Y142.991 E1.992
G1 X78.792 Y142.979 E.00754
G1 X78.385 Y142.892 E.01338
G1 X78.005 Y142.723 E.01338
G1 X77.669 Y142.479 E.01337
G1 X77.39 Y142.169 E.01338
G1 X77.183 Y141.809 E.01337
G1 X77.054 Y141.414 E.01337
G1 X77.009 Y140.974 E.01422
G1 X77.009 Y79.026 E1.992
G1 X77.021 Y78.792 E.00754
G1 X77.108 Y78.385 E.01338
G1 X77.277 Y78.005 E.01338
G1 X77.521 Y77.669 E.01337
G1 X77.831 Y77.39 E.01338
G1 X78.191 Y77.183 E.01337
G1 X78.586 Y77.054 E.01337
G1 X79.026 Y77.009 E.01422
G1 X140.974 Y77.009 E1.992
G1 X141.208 Y77.021 E.00754
G1 X141.615 Y77.108 E.01338
G1 X141.995 Y77.277 E.01338
G1 X142.169 Y77.39 E.00669
G1 X142.479 Y77.669 E.01338
G1 X142.723 Y78.005 E.01337
G1 X142.892 Y78.385 E.01338
G1 X142.979 Y78.792 E.01338
G1 X142.991 Y79.026 E.00754
G1 X142.991 Y140.974 E1.992
G1 X142.979 Y141.208 E.00754
G1 X142.892 Y141.615 E.01338
G1 X142.723 Y141.995 E.01338
G1 X142.479 Y142.331 E.01337
G1 X142.169 Y142.61 E.01338
G1 X141.809 Y142.817 E.01337
G1 X141.414 Y142.946 E.01337
G1 X141.033 Y142.985 E.01229
G1 E-1.75
;WIPE_START
G1 X140.033 Y142.985 E-.75
;WIPE_END
G1 X140.033 Y143.389 Z3.64 F18000
G1 X138.029 Y141.71
G1 X138.008 Y141.31
G1 Z3.44
G1 E2.5 F6000
M204 P1000
;TYPE:Outer wall
;WIDTH:0.42
G1 F3600
G1 X138.346 Y141.292 E.01008
G1 X138.688 Y141.238 E.01032
G1 X139.023 Y141.148 E.01032
G1 X139.346 Y141.024 E.01032
G1 X139.655 Y140.867 E.01032
G1 X139.946 Y140.678 E.01032
G1 X140.215 Y140.46 E.01032
G1 X140.46 Y140.215 E.01032
G1 X140.678 Y139.946 E.01032
G1 X140.867 Y139.655 E.01032
G1 X141.024 Y139.346 E.01032
G1 X141.148 Y139.023 E.01032
G1 X141.238 Y138.688 E.01032
G1 X141.292 Y138.346 E.01032
G1 X141.31 Y138.008 E.01008
G1 X141.31 Y81.992 E1.66853
G1 X141.292 Y81.654 E.01008
G1 X141.238 Y81.312 E.01032
G1 X141.148 Y80.977 E.01032
G1 X141.024 Y80.654 E.01032
G1 X140.867 Y80.345 E.01032
G1 X140.678 Y80.054 E.01032
G1 X140.46 Y79.785 E.01032
G1 X140.215 Y79.54 E.01032
G1 X139.946 Y79.322 E.01032
G1 X139.655 Y79.133 E.01032
G1 X139.346 Y78.976 E.01032
G1 X139.023 Y78.852 E.01032
G1 X138.688 Y78.762 E.01032
G1 X138.346 Y78.708 E.01032
G1 X138.008 Y78.69 E.01008
G1 X81.992 Y78.69 E1.66853
G1 X81.654 Y78.708 E.01008
G1 X81.312 Y78.762 E.01032
G1 X80.977 Y78.852 E.01032
G1 X80.654 Y78.976 E.01032
G1 X80.345 Y79.133 E.01032
G1 X80.054 Y79.322 E.01032
G1 X79.785 Y79.54 E.01032
G1 X79.54 Y79.785 E.01032
G1 X79.322 Y80.054 E.01032
G1 X79.133 Y80.345 E.01032
G1 X78.976 Y80.654 E.01032
G1 X78.852 Y80.977 E.01032
G1 X78.762 Y81.312 E.01032
G1 X78.708 Y81.654 E.01032
G1 X78.69 Y81.992 E.01008
G1 X78.69 Y138.008 E1.66853
G1 X78.708 Y138.346 E.01008
G1 X78.762 Y138.688 E.01032
G1 X78.852 Y139.023 E.01032
G1 X78.976 Y139.346 E.01032
G1 X79.133 Y139.655 E.01032
G1 X79.322 Y139.946 E.01032
G1 X79.54 Y140.215 E.01032
G1 X79.785 Y140.46 E.01032
G1 X80.054 Y140.678 E.01032
G1 X80.345 Y140.867 E.01032
G1 X80.654 Y141.024 E.01032
G1 X80.977 Y141.148 E.01032
G1 X81.312 Y141.238 E.01032
G1 X81.654 Y141.292 E.01032
G1 X81.992 Y141.31 E.01008
G1 X137.948 Y141.31 E1.66674
G1 X137.948 Y141.711 F18000
G1 X138.019 Y141.711
G1 X138.029 Y141.71
G1 X138.028 Y141.702
M204 P1500
;TYPE:Inner wall
;WIDTH:0.45
G1 F6000
G1 X138.387 Y141.683 E.01156
G1 X138.77 Y141.622 E.01246
G1 X139.144 Y141.522 E.01247
G1 X139.506 Y141.383 E.01246
G1 X139.851 Y141.207 E.01246
G1 X140.177 Y140.996 E.01247
G1 X140.478 Y140.752 E.01247
G1 X140.752 Y140.478 E.01246
G1 X140.996 Y140.177 E.01247
G1 X141.207 Y139.851 E.01247
G1 X141.383 Y139.506 E.01246
G1 X141.522 Y139.144 E.01246
G1 X141.622 Y138.77 E.01247
G1 X141.683 Y138.387 E.01246
G1 X141.702 Y138.018 E.01188
G1 X141.702 Y81.982 E1.80194
G1 X141.683 Y81.613 E.01188
G1 X141.622 Y81.23 E.01246
G1 X141.522 Y80.856 E.01247
G1 X141.383 Y80.494 E.01246
G1 X141.207 Y80.149 E.01246
G1 X140.996 Y79.823 E.01247
G1 X140.752 Y79.522 E.01247
G1 X140.478 Y79.248 E.01246
G1 X140.177 Y79.004 E.01247
G1 X139.851 Y78.793 E.01247
G1 X139.506 Y78.617 E.01246
G1 X139.144 Y78.478 E.01246
G1 X138.77 Y78.378 E.01247
G1 X138.387 Y78.317 E.01246
G1 X138.018 Y78.298 E.01187
G1 X81.982 Y78.298 E1.80194
G1 X81.613 Y78.317 E.01187
G1 X81.23 Y78.378 E.01246
G1 X80.856 Y78.478 E.01247
G1 X80.494 Y78.617 E.01246
G1 X80.149 Y78.793 E.01246
G1 X79.823 Y79.004 E.01247
G1 X79.522 Y79.248 E.01247
G1 X79.248 Y79.522 E.01246
G1 X79.004 Y79.823 E.01247
G1 X78.793 Y80.149 E.01247
G1 X78.617 Y80.494 E.01246
G1 X78.478 Y80.856 E.01246
G1 X78.378 Y81.23 E.01247
G1 X78.317 Y81.613 E.01246
G1 X78.298 Y81.982 E.01187
G1 X78.298 Y138.018 E1.80194
G1 X78.317 Y138.387 E.01187
G1 X78.378 Y138.77 E.01246
G1 X78.478 Y139.144 E.01247
G1 X78.617 Y139.506 E.01246
G1 X78.793 Y139.851 E.01246
G1 X79.004 Y140.177 E.01247
G1 X79.248 Y140.478 E.01247
G1 X79.522 Y140.752 E.01246
G1 X79.823 Y140.996 E.01247
G1 X80.149 Y141.207 E.01247
G1 X80.494 Y141.383 E.01246
G1 X80.856 Y141.522 E.01246
G1 X81.23 Y141.622 E.01247
G1 X81.613 Y141.683 E.01246
G1 X81.982 Y141.702 E.01188
G1 X137.968 Y141.702 E1.80032
G1 X138.049 Y142.108 F18000
G1 F6000
G1 X138.43 Y142.088 E.01226
G1 X138.855 Y142.021 E.01383
G1 X139.27 Y141.91 E.01384
G1 X139.672 Y141.755 E.01384
G1 X140.055 Y141.56 E.01383
G1 X140.416 Y141.326 E.01385
G1 X140.751 Y141.055 E.01384
G1 X141.055 Y140.751 E.01382
G1 X141.326 Y140.416 E.01384
G1 X141.56 Y140.055 E.01385
G1 X141.755 Y139.672 E.01383
G1 X141.91 Y139.27 E.01384
G1 X142.021 Y138.855 E.01384
G1 X142.088 Y138.43 E.01383
G1 X142.109 Y138.029 E.01291
G1 X142.109 Y81.971 E1.80262
G1 X142.088 Y81.57 E.01291
G1 X142.021 Y81.145 E.01383
G1 X141.91 Y80.73 E.01384
G1 X141.755 Y80.328 E.01384
G1 X141.56 Y79.945 E.01383
G1 X141.326 Y79.584 E.01385
G1 X141.055 Y79.249 E.01384
G1 X140.751 Y78.945 E.01382
G1 X140.416 Y78.674 E.01384
G1 X140.055 Y78.44 E.01385
G1 X139.672 Y78.245 E.01383
G1 X139.27 Y78.09 E.01384
G1 X138.855 Y77.979 E.01384
G1 X138.43 Y77.912 E.01383
G1 X138.029 Y77.891 E.01291
G1 X81.971 Y77.891 E1.80262
G1 X81.57 Y77.912 E.01291
G1 X81.145 Y77.979 E.01383
G1 X80.73 Y78.09 E.01384
G1 X80.328 Y78.245 E.01384
G1 X79.945 Y78.44 E.01383
G1 X79.584 Y78.674 E.01385
G1 X79.249 Y78.945 E.01384
G1 X78.945 Y79.249 E.01382
G1 X78.674 Y79.584 E.01384
G1 X78.44 Y79.945 E.01385
G1 X78.245 Y80.328 E.01383
G1 X78.09 Y80.73 E.01384
G1 X77.979 Y81.145 E.01384
G1 X77.912 Y81.57 E.01383
G1 X77.891 Y81.971 E.01291
G1 X77.891 Y138.029 E1.80262
G1 X77.912 Y138.43 E.01291
G1 X77.979 Y138.855 E.01383
G1 X78.09 Y139.27 E.01384
G1 X78.245 Y139.672 E.01384
G1 X78.44 Y140.055 E.01383
G1 X78.674 Y140.416 E.01385
G1 X78.945 Y140.751 E.01384
G1 X79.249 Y141.055 E.01382
G1 X79.584 Y141.326 E.01384
G1 X79.945 Y141.56 E.01385
G1 X80.328 Y141.755 E.01383
G1 X80.73 Y141.91 E.01384
G1 X81.145 Y142.021 E.01384
G1 X81.57 Y142.088 E.01383
G1 X81.971 Y142.109 E.01291
G1 X137.989 Y142.109 E1.80134
G1 X138.464 Y142.539 F18000
M204 P2000
;TYPE:Gap infill
;WIDTH:0.555563
G1 F4928.029
G1 X138.931 Y142.503 E.01898
G1 X139.308 Y142.294 F18000
;TYPE:Internal solid infill
;WIDTH:0.419999
G1 F6000
G1 X139.332 Y142.599 E.0091
G1 X140.98 Y142.596 E.04908
G1 X141.394 Y142.54 E.01245
G1 X141.708 Y142.423 E.00998
G1 X141.99 Y142.243 E.00997
G1 X142.305 Y141.903 E.01381
G1 X142.515 Y141.498 E.01359
G1 X142.599 Y140.954 E.0164
G1 X142.599 Y139.332 E.04831
G1 X142.305 Y139.309 E.00878
G1 X141.909 Y140.234 E.02997
G1 X141.359 Y140.998 E.02805
G1 X140.662 Y141.631 E.02802
G1 X139.849 Y142.105 E.02804
G1 X139.365 Y142.274 E.01529
G1 X142.178 Y140.586 F18000
;WIDTH:0.517216
G1 F5326.461
G1 X141.699 Y141.245 E.03054
G1 X141.234 Y141.694 E.02421
G1 X140.845 Y142.026 E.01916
G1 X140.599 Y142.169 E.01065
G1 X141.224 Y142.139 E.02343
G1 X141.493 Y142.05 E.01061
G1 X141.864 Y141.778 E.01725
G1 X142.071 Y141.46 E.01421
G1 X142.177 Y140.93 E.02027
G1 X142.178 Y140.646 E.01064
G1 X142.503 Y138.931 F18000
;TYPE:Gap infill
;WIDTH:0.555563
G1 F4928.024
G1 X142.539 Y138.464 E.01898
;WIDTH:0.517702
G1 F5321.006
G1 X142.55 Y81.966 E2.11893
G1 X142.538 Y81.51 E.01711
;WIDTH:0.542411
G1 F5057.785
G1 X142.503 Y81.069 E.01745
G1 X142.294 Y80.692 F18000
;TYPE:Internal solid infill
;WIDTH:0.419999
G1 F6000
G1 X142.599 Y80.668 E.0091
G1 X142.599 Y79.086 E.04713
G1 X142.528 Y78.586 E.01502
G1 X142.381 Y78.202 E.01224
G1 X142.133 Y77.885 E.012
G1 X141.81 Y77.645 E.01199
G1 X141.395 Y77.469 E.01343
G1 X140.914 Y77.401 E.01448
G1 X139.332 Y77.401 E.0471
G1 X139.309 Y77.695 E.00878
G1 X140.234 Y78.091 E.02997
G1 X141 Y78.643 E.02813
G1 X141.631 Y79.338 E.02795
G1 X142.105 Y80.151 E.02804
G1 X142.274 Y80.635 E.01529
G1 X140.544 Y77.808 F18000
;WIDTH:0.504918
G1 F5468.241
G1 X141.171 Y78.264 E.0283
G1 X141.501 Y78.549 E.01591
G1 X141.947 Y79.052 E.02455
G1 X142.172 Y79.415 E.01557
G1 X142.172 Y79.086 E.01202
G1 X142.091 Y78.598 E.01805
G1 X141.878 Y78.244 E.01507
G1 X141.619 Y78.021 E.01245
G1 X141.333 Y77.871 E.0118
G1 X140.914 Y77.808 E.01547
G1 X140.604 Y77.808 E.0113
G1 X138.931 Y77.497 F18000
;TYPE:Gap infill
;WIDTH:0.555558
G1 F4928.073
G1 X138.464 Y77.461 E.01898
;WIDTH:0.517702
G1 F5321.007
G1 X81.966 Y77.45 E2.11893
G1 X81.51 Y77.462 E.01711
;WIDTH:0.542407
G1 F5057.828
G1 X81.069 Y77.497 E.01746
G1 X80.692 Y77.706 F18000
;TYPE:Internal solid infill
;WIDTH:0.419999
G1 F6000
G1 X80.668 Y77.401 E.0091
G1 X79.02 Y77.404 E.04908
G1 X78.606 Y77.46 E.01244
G1 X78.292 Y77.577 E.00998
G1 X78.01 Y77.757 E.00997
G1 X77.695 Y78.097 E.01381
G1 X77.485 Y78.502 E.01359
G1 X77.401 Y79.046 E.0164
G1 X77.401 Y80.668 E.04831
G1 X77.695 Y80.691 E.00878
G1 X78.091 Y79.766 E.02997
G1 X78.641 Y79.002 E.02805
G1 X79.338 Y78.369 E.02802
G1 X80.151 Y77.895 E.02804
G1 X80.635 Y77.726 E.01529
G1 X77.822 Y79.414 F18000
;WIDTH:0.517216
G1 F5326.455
G1 X78.301 Y78.755 E.03054
G1 X78.766 Y78.306 E.02421
G1 X79.155 Y77.974 E.01916
G1 X79.401 Y77.831 E.01065
G1 X78.776 Y77.861 E.02343
G1 X78.507 Y77.95 E.01061
G1 X78.136 Y78.222 E.01725
G1 X77.929 Y78.54 E.01421
G1 X77.823 Y79.07 E.02026
G1 X77.822 Y79.354 E.01064
G1 X77.497 Y81.069 F18000
;TYPE:Gap infill
;WIDTH:0.555558
G1 F4928.073
G1 X77.461 Y81.536 E.01898
;WIDTH:0.517702
G1 F5321.007
G1 X77.45 Y138.034 E2.11893
G1 X77.462 Y138.49 E.01711
;WIDTH:0.542407
G1 F5057.828
G1 X77.497 Y138.931 E.01746
G1 X77.706 Y139.308 F18000
;TYPE:Internal solid infill
;WIDTH:0.419999
G1 F6000
G1 X77.401 Y139.332 E.0091
G1 X77.404 Y140.98 E.04908
G1 X77.46 Y141.394 E.01244
G1 X77.577 Y141.708 E.00998
G1 X77.757 Y141.99 E.00996
G1 X78.097 Y142.305 E.01381
G1 X78.502 Y142.515 E.01359
G1 X79.046 Y142.599 E.0164
G1 X80.668 Y142.599 E.04831
G1 X80.691 Y142.305 E.00878
G1 X79.766 Y141.909 E.02997
G1 X79.002 Y141.359 E.02805
G1 X78.369 Y140.662 E.02802
G1 X77.895 Y139.849 E.02804
G1 X77.726 Y139.365 E.01529
G1 X79.414 Y142.178 F18000
;WIDTH:0.517217
G1 F5326.45
G1 X78.755 Y141.699 E.03054
G1 X78.306 Y141.234 E.02421
G1 X77.974 Y140.845 E.01916
G1 X77.831 Y140.599 E.01065
G1 X77.861 Y141.224 E.02343
G1 X77.95 Y141.493 E.01061
G1 X78.222 Y141.864 E.01725
G1 X78.54 Y142.071 E.01421
G1 X79.07 Y142.177 E.02027
G1 X79.354 Y142.178 E.01064
G1 X81.069 Y142.503 F18000
;TYPE:Gap infill
;WIDTH:0.542412
G1 F5057.77
G1 X81.51 Y142.538 E.01745
;WIDTH:0.517702
G1 F5321.006
G1 X81.966 Y142.55 E.01711
G1 X138.464 Y142.539 E2.11893
; stop printing object top_plate.stl id:4653052573991952974 copy 0
;LAYER_CHANGE
;Z:3.64
;HEIGHT:0.2
G92 E0 ; zero the extruded length again
; BEFORE_LAYER_CHANGE 17 @ 3.64mm
G1 E-1.75 F6000
;WIPE_START
G1 F5321.006
G1 X137.464 Y142.539 E-.75
;WIPE_END
; AFTER_LAYER_CHANGE 17 @ 3.64mm
;_SET_FAN_SPEED_CHANGING_LAYER
; printing object top_plate.stl id:4653052573991952974 copy 0
G1 F18000
G1 X137.836 Y142.914 Z3.66857
G1 X137.775 Y143.438 Z3.69714
G1 X137.327 Y143.718 Z3.72571
G1 X136.829 Y143.541 Z3.75429
G1 X136.656 Y143.042 Z3.78286
G1 X136.939 Y142.596 Z3.81143
G1 X137.464 Y142.539 Z3.84
G1 X139.864 Y143.389 Z3.84
G1 X140.984 Y143.389
G1 X140.995 Y143.79
G1 Z3.64
G1 E2.5 F6000
M204 P1000
;TYPE:Outer wall
;WIDTH:0.42
G1 F3600
G1 X79.005 Y143.79 E1.84644
G1 X78.708 Y143.774 E.00886
G1 X78.42 Y143.729 E.0087
G1 X78.138 Y143.653 E.0087
G1 X77.865 Y143.548 E.0087
G1 X77.605 Y143.416 E.0087
G1 X77.36 Y143.257 E.0087
G1 X77.133 Y143.073 E.0087
G1 X76.927 Y142.867 E.0087
G1 X76.743 Y142.64 E.0087
G1 X76.584 Y142.395 E.0087
G1 X76.452 Y142.135 E.0087
G1 X76.347 Y141.862 E.0087
G1 X76.271 Y141.58 E.0087
G1 X76.226 Y141.292 E.0087
G1 X76.21 Y140.995 E.00886
G1 X76.21 Y79.005 E1.84644
G1 X76.226 Y78.708 E.00886
G1 X76.271 Y78.42 E.0087
G1 X76.347 Y78.138 E.0087
G1 X76.452 Y77.865 E.0087
G1 X76.584 Y77.605 E.0087
G1 X76.743 Y77.36 E.0087
G1 X76.927 Y77.133 E.0087
G1 X77.133 Y76.927 E.0087
G1 X77.36 Y76.743 E.0087
G1 X77.605 Y76.584 E.0087
G1 X77.865 Y76.452 E.0087
G1 X78.138 Y76.347 E.0087
G1 X78.42 Y76.271 E.0087
G1 X78.708 Y76.226 E.0087
G1 X79.005 Y76.21 E.00886
G1 X140.995 Y76.21 E1.84644
G1 X141.292 Y76.226 E.00886
G1 X141.58 Y76.271 E.0087
G1 X141.862 Y76.347 E.0087
G1 X142.135 Y76.452 E.0087
G1 X142.395 Y76.584 E.0087
G1 X142.64 Y76.743 E.0087
G1 X142.867 Y76.927 E.0087
G1 X143.073 Y77.133 E.0087
G1 X143.257 Y77.36 E.0087
G1 X143.416 Y77.605 E.0087
G1 X143.548 Y77.865 E.0087
G1 X143.653 Y78.138 E.0087
G1 X143.729 Y78.42 E.0087
G1 X143.774 Y78.708 E.0087
G1 X143.79 Y79.005 E.00886
G1 X143.79 Y140.995 E1.84644
G1 X143.774 Y141.292 E.00886
G1 X143.729 Y141.58 E.0087
G1 X143.653 Y141.862 E.0087
G1 X143.548 Y142.135 E.0087
G1 X143.416 Y142.395 E.0087
G1 X143.257 Y142.64 E.0087
G1 X143.073 Y142.867 E.0087
G1 X142.867 Y143.073 E.0087
G1 X142.64 Y143.257 E.0087
G1 X142.395 Y143.416 E.0087
G1 X142.135 Y143.548 E.0087
G1 X141.862 Y143.653 E.0087
G1 X141.58 Y143.729 E.0087
G1 X141.292 Y143.774 E.0087
G1 X141.054 Y143.787 E.00707
G1 X141.034 Y143.387 F18000
G1 X140.984 Y143.389
G1 X140.984 Y143.389
G1 X140.984 Y143.398
M204 P1500
;TYPE:Inner wall
;WIDTH:0.45
G1 F6000
G1 X79.016 Y143.398 E1.99268
G1 X78.749 Y143.384 E.00857
G1 X78.502 Y143.345 E.00807
G1 X78.259 Y143.28 E.00807
G1 X78.025 Y143.19 E.00807
G1 X77.801 Y143.076 E.00807
G1 X77.591 Y142.939 E.00806
G1 X77.396 Y142.781 E.00807
G1 X77.219 Y142.604 E.00807
G1 X77.061 Y142.409 E.00807
G1 X76.924 Y142.199 E.00806
G1 X76.81 Y141.975 E.00807
G1 X76.72 Y141.741 E.00807
G1 X76.655 Y141.498 E.00807
G1 X76.616 Y141.251 E.00807
G1 X76.602 Y140.984 E.00857
G1 X76.602 Y79.016 E1.99268
G1 X76.616 Y78.749 E.00857
G1 X76.655 Y78.502 E.00807
G1 X76.72 Y78.259 E.00807
G1 X76.81 Y78.025 E.00807
G1 X76.924 Y77.801 E.00807
G1 X77.061 Y77.591 E.00806
G1 X77.219 Y77.396 E.00807
G1 X77.396 Y77.219 E.00807
G1 X77.591 Y77.061 E.00807
G1 X77.801 Y76.924 E.00806
G1 X78.025 Y76.81 E.00807
G1 X78.259 Y76.72 E.00807
G1 X78.502 Y76.655 E.00807
G1 X78.749 Y76.616 E.00807
G1 X79.016 Y76.602 E.00857
G1 X140.984 Y76.602 E1.99268
G1 X141.251 Y76.616 E.00857
G1 X141.498 Y76.655 E.00807
G1 X141.741 Y76.72 E.00807
G1 X141.975 Y76.81 E.00807
G1 X142.199 Y76.924 E.00807
G1 X142.409 Y77.061 E.00806
G1 X142.604 Y77.219 E.00807
G1 X142.781 Y77.396 E.00807
G1 X142.939 Y77.591 E.00807
G1 X143.076 Y77.801 E.00806
G1 X143.19 Y78.025 E.00807
G1 X143.28 Y78.259 E.00807
G1 X143.345 Y78.502 E.00807
G1 X143.384 Y78.749 E.00807
G1 X143.398 Y79.016 E.00857
G1 X143.398 Y140.984 E1.99268
G1 X143.384 Y141.251 E.00857
G1 X143.345 Y141.498 E.00807
G1 X143.28 Y141.741 E.00807
G1 X143.19 Y141.975 E.00807
G1 X143.076 Y142.199 E.00807
G1 X142.939 Y142.409 E.00806
G1 X142.781 Y142.604 E.00807
G1 X142.604 Y142.781 E.00807
G1 X142.409 Y142.939 E.00807
G1 X142.199 Y143.076 E.00806
G1 X141.975 Y143.19 E.00807
G1 X141.741 Y143.28 E.00807
G1 X141.498 Y143.345 E.00807
G1 X141.251 Y143.384 E.00807
G1 X141.044 Y143.395 E.00665
G1 X140.974 Y142.991 F18000
G1 F6000
G1 X79.026 Y142.991 E1.992
G1 X78.792 Y142.979 E.00754
G1 X78.385 Y142.892 E.01338
G1 X78.005 Y142.723 E.01338
G1 X77.669 Y142.479 E.01337
G1 X77.39 Y142.169 E.01338
G1 X77.183 Y141.809 E.01337
G1 X77.054 Y141.414 E.01337
G1 X77.009 Y140.974 E.01422
G1 X77.009 Y79.026 E1.992
G1 X77.021 Y78.792 E.00754
G1 X77.108 Y78.385 E.01338
G1 X77.277 Y78.005 E.01338
G1 X77.521 Y77.669 E.01337
G1 X77.831 Y77.39 E.01338
G1 X78.191 Y77.183 E.01337
G1 X78.586 Y77.054 E.01337
G1 X79.026 Y77.009 E.01422
G1 X140.974 Y77.009 E1.992
G1 X141.208 Y77.021 E.00754
G1 X141.615 Y77.108 E.01338
G1 X141.995 Y77.277 E.01338
G1 X142.169 Y77.39 E.00669
G1 X142.479 Y77.669 E.01338
G1 X142.723 Y78.005 E.01337
G1 X142.892 Y78.385 E.01338
G1 X142.979 Y78.792 E.01338
G1 X142.991 Y79.026 E.00754
G1 X142.991 Y140.974 E1.992
G1 X142.979 Y141.208 E.00754
G1 X142.892 Y141.615 E.01338
G1 X142.723 Y141.995 E.01338
G1 X142.479 Y142.331 E.01337
G1 X142.169 Y142.61 E.01338
G1 X141.809 Y142.817 E.01337
G1 X141.414 Y142.946 E.01337
G1 X141.033 Y142.985 E.01229
G1 E-1.75
;WIPE_START
G1 X140.033 Y142.985 E-.75
;WIPE_END
G1 X140.033 Y143.389 Z3.84 F18000
G1 X138.029 Y141.71
G1 X138.008 Y141.31
G1 Z3.64
G1 E2.5 F6000
M204 P1000
;TYPE:Outer wall
;WIDTH:0.42
G1 F3600
G1 X138.346 Y141.292 E.01008
G1 X138.688 Y141.238 E.01032
G1 X139.023 Y141.148 E.01032
G1 X139.346 Y141.024 E.01032
G1 X139.655 Y140.867 E.01032
G1 X139.946 Y140.678 E.01032
G1 X140.215 Y140.46 E.01032
G1 X140.46 Y140.215 E.01032
G1 X140.678 Y139.946 E.01032
G1 X140.867 Y139.655 E.01032
G1 X141.024 Y139.346 E.01032
G1 X141.148 Y139.023 E.01032
G1 X141.238 Y138.688 E.01032
G1 X141.292 Y138.346 E.01032
G1 X141.31 Y138.008 E.01008
G1 X141.31 Y81.992 E1.66853
G1 X141.292 Y81.654 E.01008
G1 X141.238 Y81.312 E.01032
G1 X141.148 Y80.977 E.01032
G1 X141.024 Y80.654 E.01032
G1 X140.867 Y80.345 E.01032
G1 X140.678 Y80.054 E.01032
G1 X140.46 Y79.785 E.01032
G1 X140.215 Y79.54 E.01032
G1 X139.946 Y79.322 E.01032
G1 X139.655 Y79.133 E.01032
G1 X139.346 Y78.976 E.01032
G1 X139.023 Y78.852 E.01032
G1 X138.688 Y78.762 E.01032
G1 X138.346 Y78.708 E.01032
G1 X138.008 Y78.69 E.01008
G1 X81.992 Y78.69 E1.66853
G1 X81.654 Y78.708 E.01008
G1 X81.312 Y78.762 E.01032
G1 X80.977 Y78.852 E.01032
G1 X80.654 Y78.976 E.01032
G1 X80.345 Y79.133 E.01032
G1 X80.054 Y79.322 E.01032
G1 X79.785 Y79.54 E.01032
G1 X79.54 Y79.785 E.01032
G1 X79.322 Y80.054 E.01032
G1 X79.133 Y80.345 E.01032
G1 X78.976 Y80.654 E.01032
G1 X78.852 Y80.977 E.01032
G1 X78.762 Y81.312 E.01032
G1 X78.708 Y81.654 E.01032
G1 X78.69 Y81.992 E.01008
G1 X78.69 Y138.008 E1.66853
G1 X78.708 Y138.346 E.01008
G1 X78.762 Y138.688 E.01032
G1 X78.852 Y139.023 E.01032
G1 X78.976 Y139.346 E.01032
G1 X79.133 Y139.655 E.01032
G1 X79.322 Y139.946 E.01032
G1 X79.54 Y140.215 E.01032
G1 X79.785 Y140.46 E.01032
G1 X80.054 Y140.678 E.01032
G1 X80.345 Y140.867 E.01032
G1 X80.654 Y141.024 E.01032
G1 X80.977 Y141.148 E.01032
G1 X81.312 Y141.238 E.01032
G1 X81.654 Y141.292 E.01032
G1 X81.992 Y141.31 E.01008
G1 X137.948 Y141.31 E1.66674
G1 X137.948 Y141.711 F18000
G1 X138.019 Y141.711
G1 X138.029 Y141.71
G1 X138.028 Y141.702
M204 P1500
;TYPE:Inner wall
;WIDTH:0.45
G1 F6000
G1 X138.387 Y141.683 E.01156
G1 X138.77 Y141.622 E.01246
G1 X139.144 Y141.522 E.01247
G1 X139.506 Y141.383 E.01246
G1 X139.851 Y141.207 E.01246
G1 X140.177 Y140.996 E.01247
G1 X140.478 Y140.752 E.01247
G1 X140.752 Y140.478 E.01246
G1 X140.996 Y140.177 E.01247
G1 X141.207 Y139.851 E.01247
G1 X141.383 Y139.506 E.01246
G1 X141.522 Y139.144 E.01246
G1 X141.622 Y138.77 E.01247
G1 X141.683 Y138.387 E.01246
G1 X141.702 Y138.018 E.01188
G1 X141.702 Y81.982 E1.80194
G1 X141.683 Y81.613 E.01188
G1 X141.622 Y81.23 E.01246
G1 X141.522 Y80.856 E.01247
G1 X141.383 Y80.494 E.01246
G1 X141.207 Y80.149 E.01246
G1 X140.996 Y79.823 E.01247
G1 X140.752 Y79.522 E.01247
G1 X140.478 Y79.248 E.01246
G1 X140.177 Y79.004 E.01247
G1 X139.851 Y78.793 E.01247
G1 X139.506 Y78.617 E.01246
G1 X139.144 Y78.478 E.01246
G1 X138.77 Y78.378 E.01247
G1 X138.387 Y78.317 E.01246
G1 X138.018 Y78.298 E.01187
G1 X81.982 Y78.298 E1.80194
G1 X81.613 Y78.317 E.01187
G1 X81.23 Y78.378 E.01246
G1 X80.856 Y78.478 E.01247
G1 X80.494 Y78.617 E.01246
G1 X80.149 Y78.793 E.01246
G1 X79.823 Y79.004 E.01247
G1 X79.522 Y79.248 E.01247
G1 X79.248 Y79.522 E.01246
G1 X79.004 Y79.823 E.01247
G1 X78.793 Y80.149 E.01247
G1 X78.617 Y80.494 E.01246
G1 X78.478 Y80.856 E.01246
G1 X78.378 Y81.23 E.01247
G1 X78.317 Y81.613 E.01246
G1 X78.298 Y81.982 E.01187
G1 X78.298 Y138.018 E1.80194
G1 X78.317 Y138.387 E.01187
G1 X78.378 Y138.77 E.01246
G1 X78.478 Y139.144 E.01247
G1 X78.617 Y139.506 E.01246
G1 X78.793 Y139.851 E.01246
G1 X79.004 Y140.177 E.01247
G1 X79.248 Y140.478 E.01247
G1 X79.522 Y140.752 E.01246
G1 X79.823 Y140.996 E.01247
G1 X80.149 Y141.207 E.01247
G1 X80.494 Y141.383 E.01246
G1 X80.856 Y141.522 E.01246
G1 X81.23 Y141.622 E.01247
G1 X81.613 Y141.683 E.01246
G1 X81.982 Y141.702 E.01188
G1 X137.968 Y141.702 E1.80032
G1 X138.049 Y142.108 F18000
G1 F6000
G1 X138.43 Y142.088 E.01226
G1 X138.855 Y142.021 E.01383
G1 X139.27 Y141.91 E.01384
G1 X139.672 Y141.755 E.01384
G1 X140.055 Y141.56 E.01383
G1 X140.416 Y141.326 E.01385
G1 X140.751 Y141.055 E.01384
G1 X141.055 Y140.751 E.01382
G1 X141.326 Y140.416 E.01384
G1 X141.56 Y140.055 E.01384
G1 X141.755 Y139.672 E.01383
G1 X141.91 Y139.27 E.01384
G1 X142.021 Y138.855 E.01384
G1 X142.088 Y138.43 E.01383
G1 X142.109 Y138.029 E.01291
G1 X142.109 Y81.971 E1.80262
G1 X142.088 Y81.57 E.01291
G1 X142.021 Y81.145 E.01383
G1 X141.91 Y80.73 E.01384
G1 X141.755 Y80.328 E.01384
G1 X141.56 Y79.945 E.01383
G1 X141.326 Y79.584 E.01385
G1 X141.055 Y79.249 E.01384
G1 X140.751 Y78.945 E.01382
G1 X140.416 Y78.674 E.01384
G1 X140.055 Y78.44 E.01385
G1 X139.672 Y78.245 E.01383
G1 X139.27 Y78.09 E.01384
G1 X138.855 Y77.979 E.01384
G1 X138.43 Y77.912 E.01383
G1 X138.029 Y77.891 E.01291
G1 X81.971 Y77.891 E1.80262
G1 X81.57 Y77.912 E.01291
G1 X81.145 Y77.979 E.01383
G1 X80.73 Y78.09 E.01384
G1 X80.328 Y78.245 E.01384
G1 X79.945 Y78.44 E.01383
G1 X79.584 Y78.674 E.01385
G1 X79.249 Y78.945 E.01384
G1 X78.945 Y79.249 E.01382
G1 X78.674 Y79.584 E.01384
G1 X78.44 Y79.945 E.01384
G1 X78.245 Y80.328 E.01383
G1 X78.09 Y80.73 E.01384
G1 X77.979 Y81.145 E.01384
G1 X77.912 Y81.57 E.01383
G1 X77.891 Y81.971 E.01291
G1 X77.891 Y138.029 E1.80262
G1 X77.912 Y138.43 E.01291
G1 X77.979 Y138.855 E.01383
G1 X78.09 Y139.27 E.01384
G1 X78.245 Y139.672 E.01384
G1 X78.44 Y140.055 E.01383
G1 X78.674 Y140.416 E.01385
G1 X78.945 Y140.751 E.01384
G1 X79.249 Y141.055 E.01382
G1 X79.584 Y141.326 E.01384
G1 X79.945 Y141.56 E.01385
G1 X80.328 Y141.755 E.01383
G1 X80.73 Y141.91 E.01384
G1 X81.145 Y142.021 E.01384
G1 X81.57 Y142.088 E.01383
G1 X81.971 Y142.109 E.01291
G1 X137.989 Y142.109 E1.80134
G1 X138.464 Y142.539 F18000
M204 P2000
;TYPE:Gap infill
;WIDTH:0.555563
G1 F4928.029
G1 X138.931 Y142.503 E.01898
G1 X139.308 Y142.294 F18000
;TYPE:Internal solid infill
;WIDTH:0.419999
G1 F6000
G1 X139.332 Y142.599 E.0091
G1 X140.98 Y142.596 E.04908
G1 X141.394 Y142.54 E.01245
G1 X141.708 Y142.423 E.00998
G1 X141.99 Y142.243 E.00997
G1 X142.305 Y141.903 E.01381
G1 X142.515 Y141.498 E.01359
G1 X142.599 Y140.954 E.0164
G1 X142.599 Y139.332 E.04831
G1 X142.305 Y139.309 E.00878
G1 X141.909 Y140.234 E.02997
G1 X141.359 Y140.998 E.02805
G1 X140.662 Y141.631 E.02802
G1 X139.849 Y142.105 E.02804
G1 X139.365 Y142.274 E.01529
G1 X142.178 Y140.586 F18000
;WIDTH:0.517215
G1 F5326.471
G1 X141.699 Y141.245 E.03054
G1 X141.234 Y141.694 E.02421
G1 X140.845 Y142.026 E.01916
G1 X140.599 Y142.169 E.01065
G1 X141.224 Y142.139 E.02343
G1 X141.493 Y142.05 E.01061
G1 X141.864 Y141.778 E.01725
G1 X142.071 Y141.46 E.01421
G1 X142.177 Y140.93 E.02027
G1 X142.178 Y140.646 E.01064
G1 X142.503 Y138.931 F18000
;TYPE:Gap infill
;WIDTH:0.555563
G1 F4928.029
G1 X142.539 Y138.464 E.01898
;WIDTH:0.517702
G1 F5321.006
G1 X142.55 Y81.966 E2.11893
G1 X142.538 Y81.51 E.01711
;WIDTH:0.542411
G1 F5057.785
G1 X142.503 Y81.069 E.01745
G1 X142.294 Y80.692 F18000
;TYPE:Internal solid infill
;WIDTH:0.419999
G1 F6000
G1 X142.599 Y80.668 E.0091
G1 X142.599 Y79.086 E.04713
G1 X142.528 Y78.586 E.01502
G1 X142.381 Y78.202 E.01224
G1 X142.133 Y77.885 E.012
G1 X141.81 Y77.645 E.01199
G1 X141.395 Y77.469 E.01343
G1 X140.914 Y77.401 E.01448
G1 X139.332 Y77.401 E.0471
G1 X139.309 Y77.695 E.00878
G1 X140.234 Y78.091 E.02997
G1 X141 Y78.643 E.02813
G1 X141.631 Y79.338 E.02795
G1 X142.105 Y80.151 E.02804
G1 X142.274 Y80.635 E.01529
G1 X140.544 Y77.808 F18000
;WIDTH:0.504918
G1 F5468.248
G1 X141.171 Y78.264 E.0283
G1 X141.501 Y78.549 E.01591
G1 X141.947 Y79.052 E.02455
G1 X142.172 Y79.415 E.01557
G1 X142.172 Y79.086 E.01202
G1 X142.091 Y78.598 E.01805
G1 X141.878 Y78.244 E.01507
G1 X141.619 Y78.021 E.01245
G1 X141.333 Y77.871 E.0118
G1 X140.914 Y77.808 E.01547
G1 X140.604 Y77.808 E.0113
G1 X138.931 Y77.497 F18000
;TYPE:Gap infill
;WIDTH:0.555558
G1 F4928.073
G1 X138.464 Y77.461 E.01898
;WIDTH:0.517702
G1 F5321.007
G1 X81.966 Y77.45 E2.11893
G1 X81.51 Y77.462 E.01711
;WIDTH:0.542407
G1 F5057.828
G1 X81.069 Y77.497 E.01746
G1 X80.692 Y77.706 F18000
;TYPE:Internal solid infill
;WIDTH:0.419999
G1 F6000
G1 X80.668 Y77.401 E.0091
G1 X79.02 Y77.404 E.04908
G1 X78.606 Y77.46 E.01244
G1 X78.292 Y77.577 E.00998
G1 X78.01 Y77.757 E.00997
G1 X77.695 Y78.097 E.01381
G1 X77.485 Y78.502 E.01359
G1 X77.401 Y79.046 E.0164
G1 X77.401 Y80.668 E.04831
G1 X77.695 Y80.691 E.00878
G1 X78.091 Y79.766 E.02997
G1 X78.641 Y79.002 E.02805
G1 X79.338 Y78.369 E.02802
G1 X80.151 Y77.895 E.02804
G1 X80.635 Y77.726 E.01529
G1 X77.822 Y79.414 F18000
;WIDTH:0.517216
G1 F5326.454
G1 X78.301 Y78.755 E.03054
G1 X78.766 Y78.306 E.02421
G1 X79.155 Y77.974 E.01916
G1 X79.401 Y77.831 E.01065
G1 X78.776 Y77.861 E.02343
G1 X78.507 Y77.95 E.01061
G1 X78.136 Y78.222 E.01725
G1 X77.929 Y78.54 E.01421
G1 X77.823 Y79.07 E.02026
G1 X77.822 Y79.354 E.01064
G1 X77.497 Y81.069 F18000
;TYPE:Gap infill
;WIDTH:0.555559
G1 F4928.064
G1 X77.461 Y81.536 E.01898
;WIDTH:0.517702
G1 F5321.007
G1 X77.45 Y138.034 E2.11893
G1 X77.462 Y138.49 E.01711
;WIDTH:0.542407
G1 F5057.828
G1 X77.497 Y138.931 E.01746
G1 X77.706 Y139.308 F18000
;TYPE:Internal solid infill
;WIDTH:0.419999
G1 F6000
G1 X77.401 Y139.332 E.0091
G1 X77.404 Y140.98 E.04908
G1 X77.46 Y141.394 E.01244
G1 X77.577 Y141.708 E.00998
G1 X77.757 Y141.99 E.00996
G1 X78.097 Y142.305 E.01381
G1 X78.502 Y142.515 E.01359
G1 X79.046 Y142.599 E.0164
G1 X80.668 Y142.599 E.04831
G1 X80.691 Y142.305 E.00878
G1 X79.766 Y141.909 E.02997
G1 X79.002 Y141.359 E.02805
G1 X78.369 Y140.662 E.02802
G1 X77.895 Y139.849 E.02804
G1 X77.726 Y139.365 E.01529
G1 X79.414 Y142.178 F18000
;WIDTH:0.517215
G1 F5326.466
G1 X78.755 Y141.699 E.03054
G1 X78.306 Y141.234 E.02421
G1 X77.974 Y140.845 E.01916
G1 X77.831 Y140.599 E.01065
G1 X77.861 Y141.224 E.02343
G1 X77.95 Y141.493 E.01061
G1 X78.222 Y141.864 E.01725
G1 X78.54 Y142.071 E.01421
G1 X79.07 Y142.177 E.02027
G1 X79.354 Y142.178 E.01064
G1 X81.069 Y142.503 F18000
;TYPE:Gap infill
;WIDTH:0.542412
G1 F5057.77
G1 X81.51 Y142.538 E.01745
;WIDTH:0.517702
G1 F5321.006
G1 X81.966 Y142.55 E.01711
G1 X138.464 Y142.539 E2.11893
; stop printing object top_plate.stl id:4653052573991952974 copy 0
;LAYER_CHANGE
;Z:3.84
;HEIGHT:0.2
G92 E0 ; zero the extruded length again
; BEFORE_LAYER_CHANGE 18 @ 3.84mm
G1 E-1.75 F6000
;WIPE_START
G1 F5321.006
G1 X137.464 Y142.539 E-.75
;WIPE_END
; AFTER_LAYER_CHANGE 18 @ 3.84mm
;_SET_FAN_SPEED_CHANGING_LAYER
; printing object top_plate.stl id:4653052573991952974 copy 0
G1 F18000
G1 X137.836 Y142.914 Z3.86857
G1 X137.775 Y143.438 Z3.89714
G1 X137.327 Y143.718 Z3.92571
G1 X136.829 Y143.541 Z3.95429
G1 X136.656 Y143.042 Z3.98286
G1 X136.939 Y142.596 Z4.01143
G1 X137.464 Y142.539 Z4.04
G1 X139.864 Y143.389 Z4.04
G1 X140.984 Y143.389
G1 X140.995 Y143.79
G1 Z3.84
G1 E2.5 F6000
M204 P1000
;TYPE:Outer wall
;WIDTH:0.42
G1 F3600
G1 X79.005 Y143.79 E1.84644
G1 X78.708 Y143.774 E.00886
G1 X78.42 Y143.729 E.0087
G1 X78.138 Y143.653 E.0087
G1 X77.865 Y143.548 E.0087
G1 X77.605 Y143.416 E.0087
G1 X77.36 Y143.257 E.0087
G1 X77.133 Y143.073 E.0087
G1 X76.927 Y142.867 E.0087
G1 X76.743 Y142.64 E.0087
G1 X76.584 Y142.395 E.0087
G1 X76.452 Y142.135 E.0087
G1 X76.347 Y141.862 E.0087
G1 X76.271 Y141.58 E.0087
G1 X76.226 Y141.292 E.0087
G1 X76.21 Y140.995 E.00886
G1 X76.21 Y79.005 E1.84644
G1 X76.226 Y78.708 E.00886
G1 X76.271 Y78.42 E.0087
G1 X76.347 Y78.138 E.0087
G1 X76.452 Y77.865 E.0087
G1 X76.584 Y77.605 E.0087
G1 X76.743 Y77.36 E.0087
G1 X76.927 Y77.133 E.0087
G1 X77.133 Y76.927 E.0087
G1 X77.36 Y76.743 E.0087
G1 X77.605 Y76.584 E.0087
G1 X77.865 Y76.452 E.0087
G1 X78.138 Y76.347 E.0087
G1 X78.42 Y76.271 E.0087
G1 X78.708 Y76.226 E.0087
G1 X79.005 Y76.21 E.00886
G1 X140.995 Y76.21 E1.84644
G1 X141.292 Y76.226 E.00886
G1 X141.58 Y76.271 E.0087
G1 X141.862 Y76.347 E.0087
G1 X142.135 Y76.452 E.0087
G1 X142.395 Y76.584 E.0087
G1 X142.64 Y76.743 E.0087
G1 X142.867 Y76.927 E.0087
G1 X143.073 Y77.133 E.0087
G1 X143.257 Y77.36 E.0087
G1 X143.416 Y77.605 E.0087
G1 X143.548 Y77.865 E.0087
G1 X143.653 Y78.138 E.0087
G1 X143.729 Y78.42 E.0087
G1 X143.774 Y78.708 E.0087
G1 X143.79 Y79.005 E.00886
G1 X143.79 Y140.995 E1.84644
G1 X143.774 Y141.292 E.00886
G1 X143.729 Y141.58 E.0087
G1 X143.653 Y141.862 E.0087
G1 X143.549 Y142.135 E.0087
G1 X143.416 Y142.395 E.0087
G1 X143.257 Y142.64 E.0087
G1 X143.073 Y142.867 E.0087
G1 X142.867 Y143.073 E.0087
G1 X142.64 Y143.257 E.0087
G1 X142.395 Y143.416 E.0087
G1 X142.135 Y143.548 E.0087
G1 X141.862 Y143.653 E.0087
G1 X141.58 Y143.729 E.0087
G1 X141.292 Y143.774 E.0087
G1 X141.054 Y143.787 E.00707
G1 X141.034 Y143.387 F18000
G1 X140.984 Y143.389
G1 X140.984 Y143.389
G1 X140.984 Y143.398
M204 P1500
;TYPE:Inner wall
;WIDTH:0.45
G1 F6000
G1 X79.016 Y143.398 E1.99268
G1 X78.749 Y143.384 E.00857
G1 X78.502 Y143.345 E.00807
G1 X78.259 Y143.28 E.00807
G1 X78.025 Y143.19 E.00807
G1 X77.801 Y143.076 E.00807
G1 X77.591 Y142.939 E.00806
G1 X77.396 Y142.781 E.00807
G1 X77.219 Y142.604 E.00807
G1 X77.061 Y142.409 E.00807
G1 X76.924 Y142.199 E.00806
G1 X76.81 Y141.975 E.00807
G1 X76.72 Y141.741 E.00807
G1 X76.655 Y141.498 E.00807
G1 X76.616 Y141.251 E.00807
G1 X76.602 Y140.984 E.00857
G1 X76.602 Y79.016 E1.99268
G1 X76.616 Y78.749 E.00857
G1 X76.655 Y78.502 E.00807
G1 X76.72 Y78.259 E.00807
G1 X76.81 Y78.025 E.00807
G1 X76.924 Y77.801 E.00807
G1 X77.061 Y77.591 E.00806
G1 X77.219 Y77.396 E.00807
G1 X77.396 Y77.219 E.00807
G1 X77.591 Y77.061 E.00807
G1 X77.801 Y76.924 E.00806
G1 X78.025 Y76.81 E.00807
G1 X78.259 Y76.72 E.00807
G1 X78.502 Y76.655 E.00807
G1 X78.749 Y76.616 E.00807
G1 X79.016 Y76.602 E.00857
G1 X140.984 Y76.602 E1.99268
G1 X141.251 Y76.616 E.00857
G1 X141.498 Y76.655 E.00807
G1 X141.741 Y76.72 E.00807
G1 X141.975 Y76.81 E.00807
G1 X142.199 Y76.924 E.00807
G1 X142.409 Y77.061 E.00806
G1 X142.604 Y77.219 E.00807
G1 X142.781 Y77.396 E.00807
G1 X142.939 Y77.591 E.00807
G1 X143.076 Y77.801 E.00806
G1 X143.19 Y78.025 E.00807
G1 X143.28 Y78.259 E.00807
G1 X143.345 Y78.502 E.00807
G1 X143.384 Y78.749 E.00807
G1 X143.398 Y79.016 E.00857
G1 X143.398 Y140.984 E1.99268
G1 X143.384 Y141.251 E.00857
G1 X143.345 Y141.498 E.00807
G1 X143.28 Y141.741 E.00807
G1 X143.19 Y141.975 E.00807
G1 X143.076 Y142.199 E.00807
G1 X142.939 Y142.409 E.00806
G1 X142.781 Y142.604 E.00807
G1 X142.604 Y142.781 E.00807
G1 X142.409 Y142.939 E.00807
G1 X142.199 Y143.076 E.00806
G1 X141.975 Y143.19 E.00807
G1 X141.741 Y143.28 E.00807
G1 X141.498 Y143.345 E.00807
G1 X141.251 Y143.384 E.00807
G1 X141.044 Y143.395 E.00665
G1 X140.974 Y142.991 F18000
G1 F6000
G1 X79.026 Y142.991 E1.992
G1 X78.792 Y142.979 E.00754
G1 X78.385 Y142.892 E.01338
G1 X78.005 Y142.723 E.01338
G1 X77.669 Y142.479 E.01337
G1 X77.39 Y142.169 E.01338
G1 X77.183 Y141.809 E.01337
G1 X77.054 Y141.414 E.01337
G1 X77.009 Y140.974 E.01422
G1 X77.009 Y79.026 E1.992
G1 X77.021 Y78.792 E.00754
G1 X77.108 Y78.385 E.01338
G1 X77.277 Y78.005 E.01338
G1 X77.521 Y77.669 E.01337
G1 X77.831 Y77.39 E.01338
G1 X78.191 Y77.183 E.01337
G1 X78.586 Y77.054 E.01337
G1 X79.026 Y77.009 E.01422
G1 X140.974 Y77.009 E1.992
G1 X141.208 Y77.021 E.00754
G1 X141.615 Y77.108 E.01338
G1 X141.995 Y77.277 E.01338
G1 X142.169 Y77.39 E.00669
G1 X142.479 Y77.669 E.01338
G1 X142.723 Y78.005 E.01337
G1 X142.892 Y78.385 E.01338
G1 X142.979 Y78.792 E.01338
G1 X142.991 Y79.026 E.00754
G1 X142.991 Y140.974 E1.992
G1 X142.979 Y141.208 E.00754
G1 X142.892 Y141.615 E.01338
G1 X142.723 Y141.995 E.01338
G1 X142.479 Y142.331 E.01337
G1 X142.169 Y142.61 E.01338
G1 X141.809 Y142.817 E.01337
G1 X141.414 Y142.946 E.01337
G1 X141.033 Y142.985 E.01229
G1 E-1.75
;WIPE_START
G1 X140.033 Y142.985 E-.75
;WIPE_END
G1 X140.033 Y143.389 Z4.04 F18000
G1 X138.029 Y141.71
G1 X138.008 Y141.31
G1 Z3.84
G1 E2.5 F6000
M204 P1000
;TYPE:Outer wall
;WIDTH:0.42
G1 F3600
G1 X138.346 Y141.292 E.01008
G1 X138.688 Y141.238 E.01032
G1 X139.023 Y141.148 E.01032
G1 X139.346 Y141.024 E.01032
G1 X139.655 Y140.867 E.01032
G1 X139.946 Y140.678 E.01032
G1 X140.215 Y140.46 E.01032
G1 X140.46 Y140.215 E.01032
G1 X140.678 Y139.946 E.01032
G1 X140.867 Y139.655 E.01032
G1 X141.024 Y139.346 E.01032
G1 X141.148 Y139.023 E.01032
G1 X141.238 Y138.688 E.01032
G1 X141.292 Y138.346 E.01032
G1 X141.31 Y138.008 E.01008
G1 X141.31 Y81.992 E1.66853
G1 X141.292 Y81.654 E.01008
G1 X141.238 Y81.312 E.01032
G1 X141.148 Y80.977 E.01032
G1 X141.024 Y80.654 E.01032
G1 X140.867 Y80.345 E.01032
G1 X140.678 Y80.054 E.01032
G1 X140.46 Y79.785 E.01032
G1 X140.215 Y79.54 E.01032
G1 X139.946 Y79.322 E.01032
G1 X139.655 Y79.133 E.01032
G1 X139.346 Y78.976 E.01032
G1 X139.023 Y78.852 E.01032
G1 X138.688 Y78.762 E.01032
G1 X138.346 Y78.708 E.01032
G1 X138.008 Y78.69 E.01008
G1 X81.992 Y78.69 E1.66853
G1 X81.654 Y78.708 E.01008
G1 X81.312 Y78.762 E.01032
G1 X80.977 Y78.852 E.01032
G1 X80.654 Y78.976 E.01032
G1 X80.345 Y79.133 E.01032
G1 X80.054 Y79.322 E.01032
G1 X79.785 Y79.54 E.01032
G1 X79.54 Y79.785 E.01032
G1 X79.322 Y80.054 E.01032
G1 X79.133 Y80.345 E.01032
G1 X78.976 Y80.654 E.01032
G1 X78.852 Y80.977 E.01032
G1 X78.762 Y81.312 E.01032
G1 X78.708 Y81.654 E.01032
G1 X78.69 Y81.992 E.01008
G1 X78.69 Y138.008 E1.66853
G1 X78.708 Y138.346 E.01008
G1 X78.762 Y138.688 E.01032
G1 X78.852 Y139.023 E.01032
G1 X78.976 Y139.346 E.01032
G1 X79.133 Y139.655 E.01032
G1 X79.322 Y139.946 E.01032
G1 X79.54 Y140.215 E.01032
G1 X79.785 Y140.46 E.01032
G1 X80.054 Y140.678 E.01032
G1 X80.345 Y140.867 E.01032
G1 X80.654 Y141.024 E.01032
G1 X80.977 Y141.148 E.01032
G1 X81.312 Y141.238 E.01032
G1 X81.654 Y141.292 E.01032
G1 X81.992 Y141.31 E.01008
G1 X137.948 Y141.31 E1.66674
G1 X137.948 Y141.711 F18000
G1 X138.019 Y141.711
G1 X138.029 Y141.71
G1 X138.028 Y141.702
M204 P1500
;TYPE:Inner wall
;WIDTH:0.45
G1 F6000
G1 X138.387 Y141.683 E.01156
G1 X138.77 Y141.622 E.01246
G1 X139.144 Y141.522 E.01247
G1 X139.506 Y141.383 E.01246
G1 X139.851 Y141.207 E.01246
G1 X140.177 Y140.996 E.01247
G1 X140.478 Y140.752 E.01247
G1 X140.752 Y140.478 E.01246
G1 X140.996 Y140.177 E.01247
G1 X141.207 Y139.851 E.01247
G1 X141.383 Y139.506 E.01246
G1 X141.522 Y139.144 E.01246
G1 X141.622 Y138.77 E.01247
G1 X141.683 Y138.387 E.01246
G1 X141.702 Y138.018 E.01188
G1 X141.702 Y81.982 E1.80194
G1 X141.683 Y81.613 E.01188
G1 X141.622 Y81.23 E.01246
G1 X141.522 Y80.856 E.01247
G1 X141.383 Y80.494 E.01246
G1 X141.207 Y80.149 E.01246
G1 X140.996 Y79.823 E.01247
G1 X140.752 Y79.522 E.01247
G1 X140.478 Y79.248 E.01246
G1 X140.177 Y79.004 E.01247
G1 X139.851 Y78.793 E.01247
G1 X139.506 Y78.617 E.01246
G1 X139.144 Y78.478 E.01246
G1 X138.77 Y78.378 E.01247
G1 X138.387 Y78.317 E.01246
G1 X138.018 Y78.298 E.01187
G1 X81.982 Y78.298 E1.80194
G1 X81.613 Y78.317 E.01187
G1 X81.23 Y78.378 E.01246
G1 X80.856 Y78.478 E.01247
G1 X80.494 Y78.617 E.01246
G1 X80.149 Y78.793 E.01246
G1 X79.823 Y79.004 E.01247
G1 X79.522 Y79.248 E.01247
G1 X79.248 Y79.522 E.01246
G1 X79.004 Y79.823 E.01247
G1 X78.793 Y80.149 E.01247
G1 X78.617 Y80.494 E.01246
G1 X78.478 Y80.856 E.01246
G1 X78.378 Y81.23 E.01247
G1 X78.317 Y81.613 E.01246
G1 X78.298 Y81.982 E.01187
G1 X78.298 Y138.018 E1.80194
G1 X78.317 Y138.387 E.01187
G1 X78.378 Y138.77 E.01246
G1 X78.478 Y139.144 E.01247
G1 X78.617 Y139.506 E.01246
G1 X78.793 Y139.851 E.01246
G1 X79.004 Y140.177 E.01247
G1 X79.248 Y140.478 E.01247
G1 X79.522 Y140.752 E.01246
G1 X79.823 Y140.996 E.01247
G1 X80.149 Y141.207 E.01247
G1 X80.494 Y141.383 E.01246
G1 X80.856 Y141.522 E.01246
G1 X81.23 Y141.622 E.01247
G1 X81.613 Y141.683 E.01246
G1 X81.982 Y141.702 E.01188
G1 X137.968 Y141.702 E1.80032
G1 X138.049 Y142.108 F18000
G1 F6000
G1 X138.43 Y142.088 E.01226
G1 X138.855 Y142.021 E.01383
G1 X139.27 Y141.91 E.01384
G1 X139.672 Y141.755 E.01384
G1 X140.055 Y141.56 E.01383
G1 X140.416 Y141.326 E.01384
G1 X140.751 Y141.055 E.01384
G1 X141.055 Y140.751 E.01382
G1 X141.326 Y140.416 E.01384
G1 X141.56 Y140.055 E.01385
G1 X141.755 Y139.672 E.01383
G1 X141.91 Y139.27 E.01384
G1 X142.021 Y138.855 E.01384
G1 X142.088 Y138.43 E.01383
G1 X142.109 Y138.029 E.01291
G1 X142.109 Y81.971 E1.80262
G1 X142.088 Y81.57 E.01291
G1 X142.021 Y81.145 E.01383
G1 X141.91 Y80.73 E.01384
G1 X141.755 Y80.328 E.01384
G1 X141.56 Y79.945 E.01383
G1 X141.326 Y79.584 E.01385
G1 X141.055 Y79.249 E.01384
G1 X140.751 Y78.945 E.01382
G1 X140.416 Y78.674 E.01384
G1 X140.055 Y78.44 E.01385
G1 X139.672 Y78.245 E.01383
G1 X139.27 Y78.09 E.01384
G1 X138.855 Y77.979 E.01384
G1 X138.43 Y77.912 E.01383
G1 X138.029 Y77.891 E.01291
G1 X81.971 Y77.891 E1.80262
G1 X81.57 Y77.912 E.01291
G1 X81.145 Y77.979 E.01383
G1 X80.73 Y78.09 E.01384
G1 X80.328 Y78.245 E.01384
G1 X79.945 Y78.44 E.01383
G1 X79.584 Y78.674 E.01384
G1 X79.249 Y78.945 E.01384
G1 X78.945 Y79.249 E.01382
G1 X78.674 Y79.584 E.01384
G1 X78.44 Y79.945 E.01385
G1 X78.245 Y80.328 E.01383
G1 X78.09 Y80.73 E.01384
G1 X77.979 Y81.145 E.01384
G1 X77.912 Y81.57 E.01383
G1 X77.891 Y81.971 E.01291
G1 X77.891 Y138.029 E1.80262
G1 X77.912 Y138.43 E.01291
G1 X77.979 Y138.855 E.01383
G1 X78.09 Y139.27 E.01384
G1 X78.245 Y139.672 E.01384
G1 X78.44 Y140.055 E.01383
G1 X78.674 Y140.416 E.01385
G1 X78.945 Y140.751 E.01384
G1 X79.249 Y141.055 E.01382
G1 X79.584 Y141.326 E.01384
G1 X79.945 Y141.56 E.01385
G1 X80.328 Y141.755 E.01383
G1 X80.73 Y141.91 E.01384
G1 X81.145 Y142.021 E.01384
G1 X81.57 Y142.088 E.01383
G1 X81.971 Y142.109 E.01291
G1 X137.989 Y142.109 E1.80134
G1 X138.464 Y142.539 F18000
M204 P2000
;TYPE:Gap infill
;WIDTH:0.555563
G1 F4928.029
G1 X138.931 Y142.503 E.01898
G1 X139.308 Y142.294 F18000
;TYPE:Internal solid infill
;WIDTH:0.419999
G1 F6000
G1 X139.332 Y142.599 E.0091
G1 X140.98 Y142.596 E.04908
G1 X141.394 Y142.54 E.01245
G1 X141.708 Y142.423 E.00998
G1 X141.99 Y142.243 E.00996
G1 X142.305 Y141.903 E.01381
G1 X142.515 Y141.498 E.01359
G1 X142.599 Y140.954 E.0164
G1 X142.599 Y139.332 E.04831
G1 X142.305 Y139.309 E.00878
G1 X141.909 Y140.234 E.02997
G1 X141.359 Y140.998 E.02805
G1 X140.662 Y141.631 E.02802
G1 X139.849 Y142.105 E.02804
G1 X139.365 Y142.274 E.01529
G1 X142.178 Y140.586 F18000
;WIDTH:0.517216
G1 F5326.462
G1 X141.699 Y141.245 E.03054
G1 X141.234 Y141.694 E.02421
G1 X140.845 Y142.026 E.01916
G1 X140.599 Y142.169 E.01065
G1 X141.224 Y142.139 E.02343
G1 X141.493 Y142.05 E.01061
G1 X141.864 Y141.778 E.01725
G1 X142.071 Y141.46 E.01421
G1 X142.177 Y140.93 E.02027
G1 X142.178 Y140.646 E.01064
G1 X142.503 Y138.931 F18000
;TYPE:Gap infill
;WIDTH:0.555563
G1 F4928.025
G1 X142.539 Y138.464 E.01897
;WIDTH:0.517702
G1 F5321.006
G1 X142.55 Y81.966 E2.11893
G1 X142.538 Y81.51 E.01711
;WIDTH:0.542411
G1 F5057.785
G1 X142.503 Y81.069 E.01745
G1 X142.294 Y80.692 F18000
;TYPE:Internal solid infill
;WIDTH:0.419999
G1 F6000
G1 X142.599 Y80.668 E.0091
G1 X142.599 Y79.086 E.04713
G1 X142.528 Y78.586 E.01502
G1 X142.381 Y78.202 E.01224
G1 X142.133 Y77.885 E.012
G1 X141.81 Y77.645 E.01199
G1 X141.395 Y77.469 E.01343
G1 X140.914 Y77.401 E.01448
G1 X139.332 Y77.401 E.0471
G1 X139.309 Y77.695 E.00878
G1 X140.234 Y78.091 E.02997
G1 X141 Y78.643 E.02813
G1 X141.631 Y79.338 E.02795
G1 X142.105 Y80.151 E.02804
G1 X142.274 Y80.635 E.01529
G1 X140.544 Y77.808 F18000
;WIDTH:0.504918
G1 F5468.246
G1 X141.171 Y78.264 E.0283
G1 X141.501 Y78.549 E.01591
G1 X141.947 Y79.052 E.02455
G1 X142.172 Y79.415 E.01557
G1 X142.172 Y79.086 E.01202
G1 X142.091 Y78.598 E.01805
G1 X141.878 Y78.244 E.01507
G1 X141.619 Y78.021 E.01245
G1 X141.333 Y77.871 E.0118
G1 X140.914 Y77.808 E.01547
G1 X140.604 Y77.808 E.0113
G1 X138.931 Y77.497 F18000
;TYPE:Gap infill
;WIDTH:0.555558
G1 F4928.073
G1 X138.464 Y77.461 E.01898
;WIDTH:0.517702
G1 F5321.007
G1 X81.966 Y77.45 E2.11893
G1 X81.51 Y77.462 E.01711
;WIDTH:0.542407
G1 F5057.828
G1 X81.069 Y77.497 E.01746
G1 X80.692 Y77.706 F18000
;TYPE:Internal solid infill
;WIDTH:0.419999
G1 F6000
G1 X80.668 Y77.401 E.0091
G1 X79.02 Y77.404 E.04908
G1 X78.606 Y77.46 E.01244
G1 X78.292 Y77.577 E.00998
G1 X78.01 Y77.757 E.00996
G1 X77.695 Y78.097 E.01381
G1 X77.485 Y78.502 E.01359
G1 X77.401 Y79.046 E.0164
G1 X77.401 Y80.668 E.04831
G1 X77.695 Y80.691 E.00878
G1 X78.091 Y79.766 E.02997
G1 X78.641 Y79.002 E.02805
G1 X79.338 Y78.369 E.02802
G1 X80.151 Y77.895 E.02804
G1 X80.635 Y77.726 E.01529
G1 X77.822 Y79.414 F18000
;WIDTH:0.517217
G1 F5326.451
G1 X78.301 Y78.755 E.03054
G1 X78.766 Y78.306 E.02421
G1 X79.155 Y77.974 E.01916
G1 X79.401 Y77.831 E.01065
G1 X78.776 Y77.861 E.02343
G1 X78.507 Y77.95 E.01061
G1 X78.136 Y78.222 E.01725
G1 X77.929 Y78.54 E.01421
G1 X77.823 Y79.07 E.02026
G1 X77.822 Y79.354 E.01064
G1 X77.497 Y81.069 F18000
;TYPE:Gap infill
;WIDTH:0.555558
G1 F4928.073
G1 X77.461 Y81.536 E.01898
;WIDTH:0.517702
G1 F5321.007
G1 X77.45 Y138.034 E2.11893
G1 X77.462 Y138.49 E.01711
;WIDTH:0.542406
G1 F5057.831
G1 X77.497 Y138.931 E.01746
G1 X77.706 Y139.308 F18000
;TYPE:Internal solid infill
;WIDTH:0.419999
G1 F6000
G1 X77.401 Y139.332 E.0091
G1 X77.404 Y140.98 E.04908
G1 X77.46 Y141.394 E.01244
G1 X77.577 Y141.708 E.00998
G1 X77.757 Y141.99 E.00997
G1 X78.097 Y142.305 E.01381
G1 X78.502 Y142.515 E.01359
G1 X79.046 Y142.599 E.0164
G1 X80.668 Y142.599 E.04831
G1 X80.691 Y142.305 E.00878
G1 X79.766 Y141.909 E.02997
G1 X79.002 Y141.359 E.02805
G1 X78.369 Y140.662 E.02802
G1 X77.895 Y139.849 E.02804
G1 X77.726 Y139.365 E.01529
G1 X79.414 Y142.178 F18000
;WIDTH:0.517216
G1 F5326.462
G1 X78.755 Y141.699 E.03054
G1 X78.306 Y141.234 E.02421
G1 X77.974 Y140.845 E.01916
G1 X77.831 Y140.599 E.01065
G1 X77.861 Y141.224 E.02343
G1 X77.95 Y141.493 E.01061
G1 X78.222 Y141.864 E.01725
G1 X78.54 Y142.071 E.01421
G1 X79.07 Y142.177 E.02027
G1 X79.354 Y142.178 E.01064
G1 X81.069 Y142.503 F18000
;TYPE:Gap infill
;WIDTH:0.542412
G1 F5057.77
G1 X81.51 Y142.538 E.01745
;WIDTH:0.517702
G1 F5321.006
G1 X81.966 Y142.55 E.01711
G1 X138.464 Y142.539 E2.11893
; stop printing object top_plate.stl id:4653052573991952974 copy 0
M106 S102
;LAYER_CHANGE
;Z:4.04
;HEIGHT:0.2
G92 E0 ; zero the extruded length again
; BEFORE_LAYER_CHANGE 19 @ 4.04mm
G1 E-1.75 F6000
;WIPE_START
G1 F5321.006
G1 X137.464 Y142.539 E-.75
;WIPE_END
; AFTER_LAYER_CHANGE 19 @ 4.04mm
;_SET_FAN_SPEED_CHANGING_LAYER
; printing object top_plate.stl id:4653052573991952974 copy 0
G1 F18000
G1 X137.836 Y142.914 Z4.06857
G1 X137.775 Y143.438 Z4.09714
G1 X137.327 Y143.718 Z4.12571
G1 X136.829 Y143.541 Z4.15429
G1 X136.656 Y143.042 Z4.18286
G1 X136.939 Y142.596 Z4.21143
G1 X137.464 Y142.539 Z4.24
G1 X140.995 Y143.79 Z4.24
G1 Z4.04
G1 E2.5 F6000
M204 P1000
;TYPE:Outer wall
;WIDTH:0.42
G1 F3600
G1 X79.005 Y143.79 E1.84644
G1 X78.708 Y143.774 E.00886
G1 X78.42 Y143.729 E.0087
G1 X78.138 Y143.653 E.0087
G1 X77.865 Y143.549 E.0087
G1 X77.605 Y143.416 E.0087
G1 X77.36 Y143.257 E.0087
G1 X77.133 Y143.073 E.0087
G1 X76.927 Y142.867 E.0087
G1 X76.743 Y142.64 E.0087
G1 X76.584 Y142.395 E.0087
G1 X76.452 Y142.135 E.0087
G1 X76.347 Y141.862 E.0087
G1 X76.271 Y141.58 E.0087
G1 X76.226 Y141.292 E.0087
G1 X76.21 Y140.995 E.00886
G1 X76.21 Y79.005 E1.84644
G1 X76.226 Y78.708 E.00886
G1 X76.271 Y78.42 E.0087
G1 X76.347 Y78.138 E.0087
G1 X76.452 Y77.865 E.0087
G1 X76.584 Y77.605 E.0087
G1 X76.743 Y77.36 E.0087
G1 X76.927 Y77.133 E.0087
G1 X77.133 Y76.927 E.0087
G1 X77.36 Y76.743 E.0087
G1 X77.605 Y76.584 E.0087
G1 X77.865 Y76.451 E.0087
G1 X78.138 Y76.347 E.0087
G1 X78.42 Y76.271 E.0087
G1 X78.708 Y76.226 E.0087
G1 X79.005 Y76.21 E.00886
G1 X140.995 Y76.21 E1.84644
G1 X141.292 Y76.226 E.00886
G1 X141.58 Y76.271 E.0087
G1 X141.862 Y76.347 E.0087
G1 X142.135 Y76.452 E.0087
G1 X142.395 Y76.584 E.0087
G1 X142.64 Y76.743 E.0087
G1 X142.867 Y76.927 E.0087
G1 X143.073 Y77.133 E.0087
G1 X143.257 Y77.36 E.0087
G1 X143.416 Y77.605 E.0087
G1 X143.549 Y77.865 E.0087
G1 X143.653 Y78.138 E.0087
G1 X143.729 Y78.42 E.0087
G1 X143.774 Y78.708 E.0087
G1 X143.79 Y79.005 E.00886
G1 X143.79 Y140.995 E1.84644
G1 X143.774 Y141.292 E.00886
G1 X143.729 Y141.58 E.0087
G1 X143.653 Y141.862 E.0087
G1 X143.548 Y142.135 E.0087
G1 X143.416 Y142.395 E.0087
G1 X143.257 Y142.64 E.0087
G1 X143.073 Y142.867 E.0087
G1 X142.867 Y143.073 E.0087
G1 X142.64 Y143.257 E.0087
G1 X142.395 Y143.416 E.0087
G1 X142.135 Y143.549 E.0087
G1 X141.862 Y143.653 E.0087
G1 X141.58 Y143.729 E.0087
G1 X141.292 Y143.774 E.0087
G1 X141.054 Y143.787 E.00707
G1 E-1.75 F6000
;WIPE_START
G1 F3600
G1 X140.054 Y143.787 E-.75
;WIPE_END
G1 X136.242 Y143.624 Z4.24 F18000
G1 X81.992 Y141.31 Z4.24
G1 Z4.04
G1 E2.5 F6000
G1 F3600
G1 X138.008 Y141.31 E1.66853
G1 X138.346 Y141.292 E.01008
G1 X138.688 Y141.238 E.01032
G1 X139.023 Y141.148 E.01032
G1 X139.346 Y141.024 E.01032
G1 X139.655 Y140.867 E.01032
G1 X139.946 Y140.678 E.01032
G1 X140.215 Y140.46 E.01032
G1 X140.46 Y140.215 E.01032
G1 X140.678 Y139.946 E.01032
G1 X140.867 Y139.655 E.01032
G1 X141.024 Y139.346 E.01032
G1 X141.148 Y139.023 E.01032
G1 X141.238 Y138.688 E.01032
G1 X141.292 Y138.346 E.01032
G1 X141.31 Y138.008 E.01008
G1 X141.31 Y81.992 E1.66853
G1 X141.292 Y81.654 E.01008
G1 X141.238 Y81.312 E.01032
G1 X141.148 Y80.977 E.01032
G1 X141.024 Y80.654 E.01032
G1 X140.867 Y80.345 E.01032
G1 X140.678 Y80.054 E.01032
G1 X140.46 Y79.785 E.01032
G1 X140.215 Y79.54 E.01032
G1 X139.946 Y79.322 E.01032
G1 X139.655 Y79.133 E.01032
G1 X139.346 Y78.976 E.01032
G1 X139.023 Y78.852 E.01032
G1 X138.688 Y78.762 E.01032
G1 X138.346 Y78.708 E.01032
G1 X138.008 Y78.69 E.01008
G1 X81.992 Y78.69 E1.66853
G1 X81.654 Y78.708 E.01008
G1 X81.312 Y78.762 E.01032
G1 X80.977 Y78.852 E.01032
G1 X80.654 Y78.976 E.01032
G1 X80.345 Y79.133 E.01032
G1 X80.054 Y79.322 E.01032
G1 X79.785 Y79.54 E.01032
G1 X79.54 Y79.785 E.01032
G1 X79.322 Y80.054 E.01032
G1 X79.133 Y80.345 E.01032
G1 X78.976 Y80.654 E.01032
G1 X78.852 Y80.977 E.01032
G1 X78.762 Y81.312 E.01032
G1 X78.708 Y81.654 E.01032
G1 X78.69 Y81.992 E.01008
G1 X78.69 Y138.008 E1.66853
G1 X78.708 Y138.346 E.01008
G1 X78.762 Y138.688 E.01032
G1 X78.852 Y139.023 E.01032
G1 X78.976 Y139.346 E.01032
G1 X79.133 Y139.655 E.01032
G1 X79.322 Y139.946 E.01032
G1 X79.54 Y140.215 E.01032
G1 X79.785 Y140.46 E.01032
G1 X80.054 Y140.678 E.01032
G1 X80.345 Y140.867 E.01032
G1 X80.654 Y141.024 E.01032
G1 X80.977 Y141.148 E.01032
G1 X81.312 Y141.238 E.01032
G1 X81.654 Y141.292 E.01032
G1 X81.932 Y141.307 E.00829
G1 E-1.75 F6000
;WIPE_START
G1 F3600
G1 X82.932 Y141.307 E-.75
;WIPE_END
G1 X84.284 Y137.738 Z4.24 F18000
G1 X106.814 Y78.289 Z4.24
G1 X106.813 Y78.298
G1 Z4.04
G1 E2.5 F6000
M204 P1500
;TYPE:Inner wall
;WIDTH:0.45
G1 X106.016 Y77.5 E.03629
G1 X106.913 Y76.602 E.04083
G1 X113.087 Y76.602 E.1985
G1 X113.984 Y77.5 E.04083
G1 X113.187 Y78.298 E.03629
G1 X106.873 Y78.298 E.203
G1 X106.982 Y77.891 F18000
G1 F6000
G1 X106.591 Y77.5 E.01777
G1 X107.082 Y77.009 E.02232
G1 X112.918 Y77.009 E.18766
G1 X113.409 Y77.5 E.02232
G1 X113.018 Y77.891 E.01777
G1 X107.042 Y77.891 E.19216
G1 X106.929 Y77.45 F18000
M204 P2000
;TYPE:Gap infill
;WIDTH:0.517526
G1 F5322.974
G1 X113.071 Y77.45 E.23026
G1 E-1.75 F6000
;WIPE_START
G1 F5322.974
G1 X112.071 Y77.45 E-.75
;WIPE_END
G1 X115.886 Y77.525 Z4.24 F18000
G1 X143.51 Y78.07 Z4.24
G1 Z4.04
G1 E2.5 F6000
M204 P1000
;TYPE:Top surface
;WIDTH:0.421565
G1 F1800
G1 X143.51 Y141.003 E1.88233
G1 X143.497 Y141.262 E.00776
G1 X143.455 Y141.522 E.00786
G1 X143.387 Y141.776 E.00786
G1 X143.293 Y142.021 E.00786
G1 X143.131 Y142.321 E.01019
G1 X143.131 Y77.679 E1.93344
G1 X143.031 Y77.524 E.00552
G1 X142.753 Y77.208 E.01261
G1 X142.753 Y142.792 E1.96165
G1 X142.476 Y143.031 E.01094
G1 X142.374 Y143.097 E.00361
G1 X142.374 Y76.903 E1.97986
G1 X141.996 Y76.697 E.0129
G1 X141.996 Y143.303 E1.9922
G1 X141.617 Y143.43 E.01194
G1 X141.617 Y76.57 E1.9998
G1 X141.238 Y76.502 E.01151
G1 X141.238 Y80.459 E.11835
G1 X141.414 Y80.891 E.01394
G1 X141.511 Y81.254 E.01124
G1 X141.57 Y81.625 E.01124
G1 X141.589 Y81.985 E.01078
G1 X141.589 Y138.015 E1.67589
G1 X141.57 Y138.375 E.01078
G1 X141.511 Y138.746 E.01124
G1 X141.414 Y139.109 E.01124
G1 X141.238 Y139.541 E.01394
G1 X141.238 Y143.498 E.11835
G1 X140.86 Y143.511 E.01133
G1 X140.86 Y140.165 E.10007
G1 X140.668 Y140.402 E.00912
G1 X140.481 Y140.589 E.0079
G1 X140.481 Y143.511 E.0874
G1 X140.102 Y143.511 E.01133
G1 X140.102 Y140.909 E.07781
G1 X139.724 Y141.145 E.01334
G1 X139.724 Y143.511 E.07076
G1 X139.345 Y143.511 E.01133
G1 X139.345 Y141.324 E.06542
G1 X138.966 Y141.452 E.01196
G1 X138.966 Y143.511 E.06157
G1 X138.588 Y143.511 E.01133
G1 X138.588 Y141.537 E.05906
G1 X138.209 Y141.579 E.0114
G1 X138.209 Y143.511 E.05779
G1 X137.83 Y143.511 E.01133
G1 X137.83 Y141.589 E.05748
G1 X137.452 Y141.589 E.01133
G1 X137.452 Y143.511 E.05748
G1 X137.073 Y143.511 E.01133
G1 X137.073 Y141.589 E.05748
G1 X136.695 Y141.589 E.01133
G1 X136.695 Y143.511 E.05748
G1 X136.316 Y143.511 E.01133
G1 X136.316 Y141.589 E.05748
G1 X135.937 Y141.589 E.01133
G1 X135.937 Y143.511 E.05748
G1 X135.559 Y143.511 E.01133
G1 X135.559 Y141.589 E.05748
G1 X135.18 Y141.589 E.01133
G1 X135.18 Y143.511 E.05748
G1 X134.801 Y143.511 E.01133
G1 X134.801 Y141.589 E.05748
G1 X134.423 Y141.589 E.01133
G1 X134.423 Y143.511 E.05748
G1 X134.044 Y143.511 E.01133
G1 X134.044 Y141.589 E.05748
G1 X133.665 Y141.589 E.01133
G1 X133.665 Y143.511 E.05748
G1 X133.287 Y143.511 E.01133
G1 X133.287 Y141.589 E.05748
G1 X132.908 Y141.589 E.01133
G1 X132.908 Y143.511 E.05748
G1 X132.529 Y143.511 E.01133
G1 X132.529 Y141.589 E.05748
G1 X132.151 Y141.589 E.01133
G1 X132.151 Y143.511 E.05748
G1 X131.772 Y143.511 E.01133
G1 X131.772 Y141.589 E.05748
G1 X131.393 Y141.589 E.01133
G1 X131.393 Y143.511 E.05748
G1 X131.015 Y143.511 E.01133
G1 X131.015 Y141.589 E.05748
G1 X130.636 Y141.589 E.01133
G1 X130.636 Y143.511 E.05748
G1 X130.258 Y143.511 E.01133
G1 X130.258 Y141.589 E.05748
G1 X129.879 Y141.589 E.01133
G1 X129.879 Y143.511 E.05748
G1 X129.5 Y143.511 E.01133
G1 X129.5 Y141.589 E.05748
G1 X129.122 Y141.589 E.01133
G1 X129.122 Y143.511 E.05748
G1 X128.743 Y143.511 E.01133
G1 X128.743 Y141.589 E.05748
G1 X128.364 Y141.589 E.01133
G1 X128.364 Y143.511 E.05748
G1 X127.986 Y143.511 E.01133
G1 X127.986 Y141.589 E.05748
G1 X127.607 Y141.589 E.01133
G1 X127.607 Y143.511 E.05748
G1 X127.228 Y143.511 E.01133
G1 X127.228 Y141.589 E.05748
G1 X126.85 Y141.589 E.01133
G1 X126.85 Y143.511 E.05748
G1 X126.471 Y143.511 E.01133
G1 X126.471 Y141.589 E.05748
G1 X126.092 Y141.589 E.01133
G1 X126.092 Y143.511 E.05748
G1 X125.714 Y143.511 E.01133
G1 X125.714 Y141.589 E.05748
G1 X125.335 Y141.589 E.01133
G1 X125.335 Y143.511 E.05748
G1 X124.957 Y143.511 E.01133
G1 X124.957 Y141.589 E.05748
G1 X124.578 Y141.589 E.01133
G1 X124.578 Y143.511 E.05748
G1 X124.199 Y143.511 E.01133
G1 X124.199 Y141.589 E.05748
G1 X123.821 Y141.589 E.01133
G1 X123.821 Y143.511 E.05748
G1 X123.442 Y143.511 E.01133
G1 X123.442 Y141.589 E.05748
G1 X123.063 Y141.589 E.01133
G1 X123.063 Y143.511 E.05748
G1 X122.685 Y143.511 E.01133
G1 X122.685 Y141.589 E.05748
G1 X122.306 Y141.589 E.01133
G1 X122.306 Y143.511 E.05748
G1 X121.927 Y143.511 E.01133
G1 X121.927 Y141.589 E.05748
G1 X121.549 Y141.589 E.01133
G1 X121.549 Y143.511 E.05748
G1 X121.17 Y143.511 E.01133
G1 X121.17 Y141.589 E.05748
G1 X120.791 Y141.589 E.01133
G1 X120.791 Y143.511 E.05748
G1 X120.413 Y143.511 E.01133
G1 X120.413 Y141.589 E.05748
G1 X120.034 Y141.589 E.01133
G1 X120.034 Y143.511 E.05748
G1 X119.655 Y143.511 E.01133
G1 X119.655 Y141.589 E.05748
G1 X119.277 Y141.589 E.01133
G1 X119.277 Y143.511 E.05748
G1 X118.898 Y143.511 E.01133
G1 X118.898 Y141.589 E.05748
G1 X118.52 Y141.589 E.01133
G1 X118.52 Y143.511 E.05748
G1 X118.141 Y143.511 E.01133
G1 X118.141 Y141.589 E.05748
G1 X117.762 Y141.589 E.01133
G1 X117.762 Y143.511 E.05748
G1 X117.384 Y143.511 E.01133
G1 X117.384 Y141.589 E.05748
G1 X117.005 Y141.589 E.01133
G1 X117.005 Y143.511 E.05748
G1 X116.626 Y143.511 E.01133
G1 X116.626 Y141.589 E.05748
G1 X116.248 Y141.589 E.01133
G1 X116.248 Y143.511 E.05748
G1 X115.869 Y143.511 E.01133
G1 X115.869 Y141.589 E.05748
G1 X115.49 Y141.589 E.01133
G1 X115.49 Y143.511 E.05748
G1 X115.112 Y143.511 E.01133
G1 X115.112 Y141.589 E.05748
G1 X114.733 Y141.589 E.01133
G1 X114.733 Y143.511 E.05748
G1 X114.354 Y143.511 E.01133
G1 X114.354 Y141.589 E.05748
G1 X113.976 Y141.589 E.01133
G1 X113.976 Y143.511 E.05748
G1 X113.597 Y143.511 E.01133
G1 X113.597 Y141.589 E.05748
G1 X113.219 Y141.589 E.01133
G1 X113.219 Y143.511 E.05748
G1 X112.84 Y143.511 E.01133
G1 X112.84 Y141.589 E.05748
G1 X112.461 Y141.589 E.01133
G1 X112.461 Y143.511 E.05748
G1 X112.083 Y143.511 E.01133
G1 X112.083 Y141.589 E.05748
G1 X111.704 Y141.589 E.01133
G1 X111.704 Y143.511 E.05748
G1 X111.325 Y143.511 E.01133
G1 X111.325 Y141.589 E.05748
G1 X110.947 Y141.589 E.01133
G1 X110.947 Y143.511 E.05748
G1 X110.568 Y143.511 E.01133
G1 X110.568 Y141.589 E.05748
G1 X110.189 Y141.589 E.01133
G1 X110.189 Y143.511 E.05748
G1 X109.811 Y143.511 E.01133
G1 X109.811 Y141.589 E.05748
G1 X109.432 Y141.589 E.01133
G1 X109.432 Y143.511 E.05748
G1 X109.053 Y143.511 E.01133
G1 X109.053 Y141.589 E.05748
G1 X108.675 Y141.589 E.01133
G1 X108.675 Y143.511 E.05748
G1 X108.296 Y143.511 E.01133
G1 X108.296 Y141.589 E.05748
G1 X107.917 Y141.589 E.01133
G1 X107.917 Y143.511 E.05748
G1 X107.539 Y143.511 E.01133
G1 X107.539 Y141.589 E.05748
G1 X107.16 Y141.589 E.01133
G1 X107.16 Y143.511 E.05748
G1 X106.782 Y143.511 E.01133
G1 X106.782 Y141.589 E.05748
G1 X106.403 Y141.589 E.01133
G1 X106.403 Y143.511 E.05748
G1 X106.024 Y143.511 E.01133
G1 X106.024 Y141.589 E.05748
G1 X105.646 Y141.589 E.01133
G1 X105.646 Y143.511 E.05748
G1 X105.267 Y143.511 E.01133
G1 X105.267 Y141.589 E.05748
G1 X104.888 Y141.589 E.01133
G1 X104.888 Y143.511 E.05748
G1 X104.51 Y143.511 E.01133
G1 X104.51 Y141.589 E.05748
G1 X104.131 Y141.589 E.01133
G1 X104.131 Y143.511 E.05748
G1 X103.752 Y143.511 E.01133
G1 X103.752 Y141.589 E.05748
G1 X103.374 Y141.589 E.01133
G1 X103.374 Y143.511 E.05748
G1 X102.995 Y143.511 E.01133
G1 X102.995 Y141.589 E.05748
G1 X102.616 Y141.589 E.01133
G1 X102.616 Y143.511 E.05748
G1 X102.238 Y143.511 E.01133
G1 X102.238 Y141.589 E.05748
G1 X101.859 Y141.589 E.01133
G1 X101.859 Y143.511 E.05748
G1 X101.481 Y143.511 E.01133
G1 X101.481 Y141.589 E.05748
G1 X101.102 Y141.589 E.01133
G1 X101.102 Y143.511 E.05748
G1 X100.723 Y143.511 E.01133
G1 X100.723 Y141.589 E.05748
G1 X100.345 Y141.589 E.01133
G1 X100.345 Y143.511 E.05748
G1 X99.966 Y143.511 E.01133
G1 X99.966 Y141.589 E.05748
G1 X99.587 Y141.589 E.01133
G1 X99.587 Y143.511 E.05748
G1 X99.209 Y143.511 E.01133
G1 X99.209 Y141.589 E.05748
G1 X98.83 Y141.589 E.01133
G1 X98.83 Y143.511 E.05748
G1 X98.451 Y143.511 E.01133
G1 X98.451 Y141.589 E.05748
G1 X98.073 Y141.589 E.01133
G1 X98.073 Y143.511 E.05748
G1 X97.694 Y143.511 E.01133
G1 X97.694 Y141.589 E.05748
G1 X97.315 Y141.589 E.01133
G1 X97.315 Y143.511 E.05748
G1 X96.937 Y143.511 E.01133
G1 X96.937 Y141.589 E.05748
G1 X96.558 Y141.589 E.01133
G1 X96.558 Y143.511 E.05748
G1 X96.179 Y143.511 E.01133
G1 X96.179 Y141.589 E.05748
G1 X95.801 Y141.589 E.01133
G1 X95.801 Y143.511 E.05748
G1 X95.422 Y143.511 E.01133
G1 X95.422 Y141.589 E.05748
G1 X95.044 Y141.589 E.01133
G1 X95.044 Y143.511 E.05748
G1 X94.665 Y143.511 E.01133
G1 X94.665 Y141.589 E.05748
G1 X94.286 Y141.589 E.01133
G1 X94.286 Y143.511 E.05748
G1 X93.908 Y143.511 E.01133
G1 X93.908 Y141.589 E.05748
G1 X93.529 Y141.589 E.01133
G1 X93.529 Y143.511 E.05748
G1 X93.15 Y143.511 E.01133
G1 X93.15 Y141.589 E.05748
G1 X92.772 Y141.589 E.01133
G1 X92.772 Y143.511 E.05748
G1 X92.393 Y143.511 E.01133
G1 X92.393 Y141.589 E.05748
G1 X92.014 Y141.589 E.01133
G1 X92.014 Y143.511 E.05748
G1 X91.636 Y143.511 E.01133
G1 X91.636 Y141.589 E.05748
G1 X91.257 Y141.589 E.01133
G1 X91.257 Y143.511 E.05748
G1 X90.878 Y143.511 E.01133
G1 X90.878 Y141.589 E.05748
G1 X90.5 Y141.589 E.01133
G1 X90.5 Y143.511 E.05748
G1 X90.121 Y143.511 E.01133
G1 X90.121 Y141.589 E.05748
G1 X89.743 Y141.589 E.01133
G1 X89.743 Y143.511 E.05748
G1 X89.364 Y143.511 E.01133
G1 X89.364 Y141.589 E.05748
G1 X88.985 Y141.589 E.01133
G1 X88.985 Y143.511 E.05748
G1 X88.607 Y143.511 E.01133
G1 X88.607 Y141.589 E.05748
G1 X88.228 Y141.589 E.01133
G1 X88.228 Y143.511 E.05748
G1 X87.849 Y143.511 E.01133
G1 X87.849 Y141.589 E.05748
G1 X87.471 Y141.589 E.01133
G1 X87.471 Y143.511 E.05748
G1 X87.092 Y143.511 E.01133
G1 X87.092 Y141.589 E.05748
G1 X86.713 Y141.589 E.01133
G1 X86.713 Y143.511 E.05748
G1 X86.335 Y143.511 E.01133
G1 X86.335 Y141.589 E.05748
G1 X85.956 Y141.589 E.01133
G1 X85.956 Y143.511 E.05748
G1 X85.577 Y143.511 E.01133
G1 X85.577 Y141.589 E.05748
G1 X85.199 Y141.589 E.01133
G1 X85.199 Y143.511 E.05748
G1 X84.82 Y143.511 E.01133
G1 X84.82 Y141.589 E.05748
G1 X84.441 Y141.589 E.01133
G1 X84.441 Y143.511 E.05748
G1 X84.063 Y143.511 E.01133
G1 X84.063 Y141.589 E.05748
G1 X83.684 Y141.589 E.01133
G1 X83.684 Y143.511 E.05748
G1 X83.306 Y143.511 E.01133
G1 X83.306 Y141.589 E.05748
G1 X82.927 Y141.589 E.01133
G1 X82.927 Y143.511 E.05748
G1 X82.548 Y143.511 E.01133
G1 X82.548 Y141.589 E.05748
G1 X82.17 Y141.589 E.01133
G1 X82.17 Y143.511 E.05748
G1 X81.791 Y143.511 E.01133
G1 X81.791 Y141.579 E.05779
G1 X81.412 Y141.537 E.0114
G1 X81.412 Y143.511 E.05906
G1 X81.034 Y143.511 E.01133
G1 X81.034 Y141.452 E.06157
G1 X80.655 Y141.324 E.01196
G1 X80.655 Y143.511 E.06542
G1 X80.276 Y143.511 E.01133
G1 X80.276 Y141.145 E.07076
G1 X79.898 Y140.909 E.01334
G1 X79.898 Y143.511 E.07781
G1 X79.519 Y143.511 E.01133
G1 X79.519 Y140.589 E.0874
G1 X79.332 Y140.402 E.0079
G1 X79.14 Y140.165 E.00912
G1 X79.14 Y143.681 E.10514
G1 E-1.75 F6000
;WIPE_START
G1 F1800
G1 X79.14 Y142.681 E-.75
;WIPE_END
G1 X81.739 Y139.886 Z4.24 F18000
G1 X140.86 Y76.319 Z4.24
G1 Z4.04
G1 E2.5 F6000
G1 F1800
G1 X140.86 Y79.835 E.10514
G1 X140.668 Y79.598 E.00912
G1 X140.481 Y79.411 E.0079
G1 X140.481 Y76.489 E.0874
G1 X140.102 Y76.489 E.01133
G1 X140.102 Y79.091 E.07781
G1 X139.724 Y78.855 E.01334
G1 X139.724 Y76.489 E.07076
G1 X139.345 Y76.489 E.01133
G1 X139.345 Y78.676 E.06542
G1 X138.966 Y78.548 E.01196
G1 X138.966 Y76.489 E.06157
G1 X138.588 Y76.489 E.01133
G1 X138.588 Y78.463 E.05906
G1 X138.209 Y78.421 E.0114
G1 X138.209 Y76.489 E.05779
G1 X137.83 Y76.489 E.01133
G1 X137.83 Y78.411 E.05748
G1 X137.452 Y78.411 E.01133
G1 X137.452 Y76.489 E.05748
G1 X137.073 Y76.489 E.01133
G1 X137.073 Y78.411 E.05748
G1 X136.695 Y78.411 E.01133
G1 X136.695 Y76.489 E.05748
G1 X136.316 Y76.489 E.01133
G1 X136.316 Y78.411 E.05748
G1 X135.937 Y78.411 E.01133
G1 X135.937 Y76.489 E.05748
G1 X135.559 Y76.489 E.01133
G1 X135.559 Y78.411 E.05748
G1 X135.18 Y78.411 E.01133
G1 X135.18 Y76.489 E.05748
G1 X134.801 Y76.489 E.01133
G1 X134.801 Y78.411 E.05748
G1 X134.423 Y78.411 E.01133
G1 X134.423 Y76.489 E.05748
G1 X134.044 Y76.489 E.01133
G1 X134.044 Y78.411 E.05748
G1 X133.665 Y78.411 E.01133
G1 X133.665 Y76.489 E.05748
G1 X133.287 Y76.489 E.01133
G1 X133.287 Y78.411 E.05748
G1 X132.908 Y78.411 E.01133
G1 X132.908 Y76.489 E.05748
G1 X132.529 Y76.489 E.01133
G1 X132.529 Y78.411 E.05748
G1 X132.151 Y78.411 E.01133
G1 X132.151 Y76.489 E.05748
G1 X131.772 Y76.489 E.01133
G1 X131.772 Y78.411 E.05748
G1 X131.393 Y78.411 E.01133
G1 X131.393 Y76.489 E.05748
G1 X131.015 Y76.489 E.01133
G1 X131.015 Y78.411 E.05748
G1 X130.636 Y78.411 E.01133
G1 X130.636 Y76.489 E.05748
G1 X130.258 Y76.489 E.01133
G1 X130.258 Y78.411 E.05748
G1 X129.879 Y78.411 E.01133
G1 X129.879 Y76.489 E.05748
G1 X129.5 Y76.489 E.01133
G1 X129.5 Y78.411 E.05748
G1 X129.122 Y78.411 E.01133
G1 X129.122 Y76.489 E.05748
G1 X128.743 Y76.489 E.01133
G1 X128.743 Y78.411 E.05748
G1 X128.364 Y78.411 E.01133
G1 X128.364 Y76.489 E.05748
G1 X127.986 Y76.489 E.01133
G1 X127.986 Y78.411 E.05748
G1 X127.607 Y78.411 E.01133
G1 X127.607 Y76.489 E.05748
G1 X127.228 Y76.489 E.01133
G1 X127.228 Y78.411 E.05748
G1 X126.85 Y78.411 E.01133
G1 X126.85 Y76.489 E.05748
G1 X126.471 Y76.489 E.01133
G1 X126.471 Y78.411 E.05748
G1 X126.092 Y78.411 E.01133
G1 X126.092 Y76.489 E.05748
G1 X125.714 Y76.489 E.01133
G1 X125.714 Y78.411 E.05748
G1 X125.335 Y78.411 E.01133
G1 X125.335 Y76.489 E.05748
G1 X124.957 Y76.489 E.01133
G1 X124.957 Y78.411 E.05748
G1 X124.578 Y78.411 E.01133
G1 X124.578 Y76.489 E.05748
G1 X124.199 Y76.489 E.01133
G1 X124.199 Y78.411 E.05748
G1 X123.821 Y78.411 E.01133
G1 X123.821 Y76.489 E.05748
G1 X123.442 Y76.489 E.01133
G1 X123.442 Y78.411 E.05748
G1 X123.063 Y78.411 E.01133
G1 X123.063 Y76.489 E.05748
G1 X122.685 Y76.489 E.01133
G1 X122.685 Y78.411 E.05748
G1 X122.306 Y78.411 E.01133
G1 X122.306 Y76.489 E.05748
G1 X121.927 Y76.489 E.01133
G1 X121.927 Y78.411 E.05748
G1 X121.549 Y78.411 E.01133
G1 X121.549 Y76.489 E.05748
G1 X121.17 Y76.489 E.01133
G1 X121.17 Y78.411 E.05748
G1 X120.791 Y78.411 E.01133
G1 X120.791 Y76.489 E.05748
G1 X120.413 Y76.489 E.01133
G1 X120.413 Y78.411 E.05748
G1 X120.034 Y78.411 E.01133
G1 X120.034 Y76.489 E.05748
G1 X119.655 Y76.489 E.01133
G1 X119.655 Y78.411 E.05748
G1 X119.277 Y78.411 E.01133
G1 X119.277 Y76.489 E.05748
G1 X118.898 Y76.489 E.01133
G1 X118.898 Y78.411 E.05748
G1 X118.52 Y78.411 E.01133
G1 X118.52 Y76.489 E.05748
G1 X118.141 Y76.489 E.01133
G1 X118.141 Y78.411 E.05748
G1 X117.762 Y78.411 E.01133
G1 X117.762 Y76.489 E.05748
G1 X117.384 Y76.489 E.01133
G1 X117.384 Y78.411 E.05748
G1 X117.005 Y78.411 E.01133
G1 X117.005 Y76.489 E.05748
G1 X116.626 Y76.489 E.01133
G1 X116.626 Y78.411 E.05748
G1 X116.248 Y78.411 E.01133
G1 X116.248 Y76.489 E.05748
G1 X115.869 Y76.489 E.01133
G1 X115.869 Y78.411 E.05748
G1 X115.49 Y78.411 E.01133
G1 X115.49 Y76.489 E.05748
G1 X115.112 Y76.489 E.01133
G1 X115.112 Y78.411 E.05748
G1 X114.733 Y78.411 E.01133
G1 X114.733 Y76.489 E.05748
G1 X114.354 Y76.489 E.01133
G1 X114.354 Y78.411 E.05748
G1 X113.976 Y78.411 E.01133
G1 X113.976 Y77.924 E.01455
G1 X113.597 Y78.303 E.01602
G1 X113.597 Y78.581 E.0083
G1 E-1.75 F6000
;WIPE_START
G1 F1800
G1 X113.597 Y78.303 E-.20815
G1 X113.976 Y77.924 E-.40163
G1 X113.976 Y78.111 E-.14023
;WIPE_END
G1 X113.976 Y77.316 Z4.24 F18000
G1 Z4.04
G1 E2.5 F6000
G1 F1800
G1 X113.976 Y76.489 E.02472
G1 X113.597 Y76.489 E.01133
G1 X113.597 Y76.937 E.01339
G1 X106.403 Y76.937 F18000
G1 F1800
G1 X106.403 Y76.489 E.01339
G1 X106.024 Y76.489 E.01133
G1 X106.024 Y77.315 E.02472
G1 X106.403 Y78.063 F18000
G1 F1800
G1 X106.403 Y78.411 E.0104
G1 X106.024 Y78.411 E.01133
G1 X106.024 Y77.685 E.02173
G1 X105.646 Y78.581 F18000
G1 F1800
G1 X105.646 Y76.489 E.06256
G1 X105.267 Y76.489 E.01133
G1 X105.267 Y78.411 E.05748
G1 X104.888 Y78.411 E.01133
G1 X104.888 Y76.489 E.05748
G1 X104.51 Y76.489 E.01133
G1 X104.51 Y78.411 E.05748
G1 X104.131 Y78.411 E.01133
G1 X104.131 Y76.489 E.05748
G1 X103.752 Y76.489 E.01133
G1 X103.752 Y78.411 E.05748
G1 X103.374 Y78.411 E.01133
G1 X103.374 Y76.489 E.05748
G1 X102.995 Y76.489 E.01133
G1 X102.995 Y78.411 E.05748
G1 X102.616 Y78.411 E.01133
G1 X102.616 Y76.489 E.05748
G1 X102.238 Y76.489 E.01133
G1 X102.238 Y78.411 E.05748
G1 X101.859 Y78.411 E.01133
G1 X101.859 Y76.489 E.05748
G1 X101.481 Y76.489 E.01133
G1 X101.481 Y78.411 E.05748
G1 X101.102 Y78.411 E.01133
G1 X101.102 Y76.489 E.05748
G1 X100.723 Y76.489 E.01133
G1 X100.723 Y78.411 E.05748
G1 X100.345 Y78.411 E.01133
G1 X100.345 Y76.489 E.05748
G1 X99.966 Y76.489 E.01133
G1 X99.966 Y78.411 E.05748
G1 X99.587 Y78.411 E.01133
G1 X99.587 Y76.489 E.05748
G1 X99.209 Y76.489 E.01133
G1 X99.209 Y78.411 E.05748
G1 X98.83 Y78.411 E.01133
G1 X98.83 Y76.489 E.05748
G1 X98.451 Y76.489 E.01133
G1 X98.451 Y78.411 E.05748
G1 X98.073 Y78.411 E.01133
G1 X98.073 Y76.489 E.05748
G1 X97.694 Y76.489 E.01133
G1 X97.694 Y78.411 E.05748
G1 X97.315 Y78.411 E.01133
G1 X97.315 Y76.489 E.05748
G1 X96.937 Y76.489 E.01133
G1 X96.937 Y78.411 E.05748
G1 X96.558 Y78.411 E.01133
G1 X96.558 Y76.489 E.05748
G1 X96.179 Y76.489 E.01133
G1 X96.179 Y78.411 E.05748
G1 X95.801 Y78.411 E.01133
G1 X95.801 Y76.489 E.05748
G1 X95.422 Y76.489 E.01133
G1 X95.422 Y78.411 E.05748
G1 X95.044 Y78.411 E.01133
G1 X95.044 Y76.489 E.05748
G1 X94.665 Y76.489 E.01133
G1 X94.665 Y78.411 E.05748
G1 X94.286 Y78.411 E.01133
G1 X94.286 Y76.489 E.05748
G1 X93.908 Y76.489 E.01133
G1 X93.908 Y78.411 E.05748
G1 X93.529 Y78.411 E.01133
G1 X93.529 Y76.489 E.05748
G1 X93.15 Y76.489 E.01133
G1 X93.15 Y78.411 E.05748
G1 X92.772 Y78.411 E.01133
G1 X92.772 Y76.489 E.05748
G1 X92.393 Y76.489 E.01133
G1 X92.393 Y78.411 E.05748
G1 X92.014 Y78.411 E.01133
G1 X92.014 Y76.489 E.05748
G1 X91.636 Y76.489 E.01133
G1 X91.636 Y78.411 E.05748
G1 X91.257 Y78.411 E.01133
G1 X91.257 Y76.489 E.05748
G1 X90.878 Y76.489 E.01133
G1 X90.878 Y78.411 E.05748
G1 X90.5 Y78.411 E.01133
G1 X90.5 Y76.489 E.05748
G1 X90.121 Y76.489 E.01133
G1 X90.121 Y78.411 E.05748
G1 X89.743 Y78.411 E.01133
G1 X89.743 Y76.489 E.05748
G1 X89.364 Y76.489 E.01133
G1 X89.364 Y78.411 E.05748
G1 X88.985 Y78.411 E.01133
G1 X88.985 Y76.489 E.05748
G1 X88.607 Y76.489 E.01133
G1 X88.607 Y78.411 E.05748
G1 X88.228 Y78.411 E.01133
G1 X88.228 Y76.489 E.05748
G1 X87.849 Y76.489 E.01133
G1 X87.849 Y78.411 E.05748
G1 X87.471 Y78.411 E.01133
G1 X87.471 Y76.489 E.05748
G1 X87.092 Y76.489 E.01133
G1 X87.092 Y78.411 E.05748
G1 X86.713 Y78.411 E.01133
G1 X86.713 Y76.489 E.05748
G1 X86.335 Y76.489 E.01133
G1 X86.335 Y78.411 E.05748
G1 X85.956 Y78.411 E.01133
G1 X85.956 Y76.489 E.05748
G1 X85.577 Y76.489 E.01133
G1 X85.577 Y78.411 E.05748
G1 X85.199 Y78.411 E.01133
G1 X85.199 Y76.489 E.05748
G1 X84.82 Y76.489 E.01133
G1 X84.82 Y78.411 E.05748
G1 X84.442 Y78.411 E.01133
G1 X84.442 Y76.489 E.05748
G1 X84.063 Y76.489 E.01133
G1 X84.063 Y78.411 E.05748
G1 X83.684 Y78.411 E.01133
G1 X83.684 Y76.489 E.05748
G1 X83.306 Y76.489 E.01133
G1 X83.306 Y78.411 E.05748
G1 X82.927 Y78.411 E.01133
G1 X82.927 Y76.489 E.05748
G1 X82.548 Y76.489 E.01133
G1 X82.548 Y78.411 E.05748
G1 X82.17 Y78.411 E.01133
G1 X82.17 Y76.489 E.05748
G1 X81.791 Y76.489 E.01133
G1 X81.791 Y78.421 E.05779
G1 X81.412 Y78.463 E.0114
G1 X81.412 Y76.489 E.05906
G1 X81.034 Y76.489 E.01133
G1 X81.034 Y78.548 E.06157
G1 X80.655 Y78.676 E.01196
G1 X80.655 Y76.489 E.06542
G1 X80.276 Y76.489 E.01133
G1 X80.276 Y78.855 E.07076
G1 X79.898 Y79.091 E.01334
G1 X79.898 Y76.489 E.07781
G1 X79.519 Y76.489 E.01133
G1 X79.519 Y79.411 E.0874
G1 X79.332 Y79.598 E.0079
G1 X79.14 Y79.835 E.00911
G1 X79.14 Y76.489 E.10007
G1 X78.762 Y76.502 E.01133
G1 X78.762 Y80.459 E.11834
G1 X78.586 Y80.891 E.01395
G1 X78.489 Y81.254 E.01124
G1 X78.43 Y81.625 E.01124
G1 X78.411 Y81.985 E.01078
G1 X78.411 Y138.015 E1.67589
G1 X78.43 Y138.375 E.01078
G1 X78.489 Y138.746 E.01124
G1 X78.586 Y139.109 E.01124
G1 X78.762 Y139.541 E.01395
G1 X78.762 Y143.498 E.11834
G1 X78.383 Y143.43 E.01151
G1 X78.383 Y76.57 E1.9998
G1 X78.005 Y76.697 E.01194
G1 X78.005 Y143.303 E1.9922
G1 X77.626 Y143.097 E.0129
G1 X77.626 Y76.903 E1.97986
G1 X77.524 Y76.969 E.00362
G1 X77.247 Y77.208 E.01094
G1 X77.247 Y142.792 E1.96166
G1 X76.969 Y142.476 E.01261
G1 X76.869 Y142.321 E.00552
G1 X76.869 Y77.679 E1.93344
G1 X76.707 Y77.979 E.01019
G1 X76.613 Y78.224 E.00786
G1 X76.545 Y78.478 E.00786
G1 X76.503 Y78.738 E.00786
G1 X76.49 Y78.995 E.00772
G1 X76.49 Y141.93 E1.88238
; stop printing object top_plate.stl id:4653052573991952974 copy 0
M106 S178
;LAYER_CHANGE
;Z:4.24
;HEIGHT:0.2
G92 E0 ; zero the extruded length again
; BEFORE_LAYER_CHANGE 20 @ 4.24mm
G1 E-1.75 F6000
;WIPE_START
G1 F1800
G1 X76.49 Y140.93 E-.75
;WIPE_END
; AFTER_LAYER_CHANGE 20 @ 4.24mm
;_SET_FAN_SPEED_CHANGING_LAYER
; printing object top_plate.stl id:4653052573991952974 copy 0
G1 F18000
G1 X76.8992 Y140.596 Z4.26857
G1 X77.4152 Y140.708 Z4.29714
G1 X77.6495 Y141.181 Z4.32571
G1 X77.4256 Y141.659 Z4.35429
G1 X76.9121 Y141.782 Z4.38286
G1 X76.4957 Y141.458 Z4.41143
G1 X76.49 Y140.93 Z4.44
G1 X106.017 Y77.868 Z4.44
G1 Z4.24
G1 E2.5 F6000
;TYPE:Outer wall
;WIDTH:0.42
G1 F600
G1 X105.887 Y77.847 E.0039
G1 X105.785 Y77.795 E.0034
G1 X105.705 Y77.715 E.0034
G1 X105.653 Y77.613 E.0034
G1 X105.635 Y77.5 E.0034
G1 X105.653 Y77.387 E.0034
G1 X105.705 Y77.285 E.0034
G1 X105.785 Y77.205 E.0034
G1 X105.887 Y77.153 E.0034
G1 X106.017 Y77.132 E.0039
G1 X113.983 Y77.132 E.23731
G1 X114.076 Y77.147 E.0028
G1 X114.219 Y77.209 E.00464
G1 X114.295 Y77.285 E.00321
G1 X114.347 Y77.387 E.0034
G1 X114.365 Y77.5 E.0034
G1 X114.347 Y77.613 E.0034
G1 X114.295 Y77.715 E.0034
G1 X114.215 Y77.795 E.0034
G1 X114.113 Y77.847 E.0034
G1 X113.983 Y77.868 E.0039
G1 X106.077 Y77.868 E.23552
G1 X106.234 Y77.609 F18000
G1 X106.099 Y77.505
G1 X106.092 Y77.5
G1 X106.092 Y77.5
G1 X105.843 Y77.47
M204 P2000
;TYPE:Gap infill
;WIDTH:0.377171
G1 F600
G1 X106.056 Y77.5 E.00567
G1 X113.945 Y77.504 E.20829
G1 X114.158 Y77.471 E.00571
; stop printing object top_plate.stl id:4653052573991952974 copy 0
;LAYER_CHANGE
;Z:4.44
;HEIGHT:0.2
G92 E0 ; zero the extruded length again
; BEFORE_LAYER_CHANGE 21 @ 4.44mm
G1 E-1.75 F6000
;WIPE_START
G1 X113.945 Y77.504 E-.1622
G1 X113.161 Y77.504 E-.5878
;WIPE_END
; AFTER_LAYER_CHANGE 21 @ 4.44mm
;_SET_FAN_SPEED_CHANGING_LAYER
; printing object top_plate.stl id:4653052573991952974 copy 0
M204 T1000
G1 F18000
G1 X112.932 Y77.9795 Z4.46857
G1 X112.417 Y78.097 Z4.49714
G1 X112.004 Y77.7678 Z4.52571
G1 X112.004 Y77.2397 Z4.55429
G1 X112.417 Y76.9105 Z4.58286
G1 X112.932 Y77.028 Z4.61143
G1 X113.161 Y77.5037 Z4.64
G1 X113.161 Y77.653 Z4.64
G1 X113.695 Y77.653
G1 X113.791 Y77.564
G1 X113.983 Y77.775
G1 Z4.44
G1 E2.5 F6000
M204 P1000
;TYPE:Outer wall
;WIDTH:0.42
G1 F600
G1 X106.017 Y77.775 E.23731
G1 X105.916 Y77.76 E.00304
G1 X105.84 Y77.721 E.00254
G1 X105.779 Y77.66 E.00254
G1 X105.74 Y77.584 E.00254
G1 X105.727 Y77.5 E.00254
G1 X105.74 Y77.416 E.00254
G1 X105.779 Y77.34 E.00254
G1 X105.84 Y77.279 E.00254
G1 X105.916 Y77.241 E.00254
G1 X106.017 Y77.225 E.00304
G1 X114.059 Y77.236 E.23955
G1 X114.16 Y77.279 E.00329
G1 X114.221 Y77.34 E.00254
G1 X114.26 Y77.416 E.00254
G1 X114.273 Y77.5 E.00254
G1 X114.26 Y77.584 E.00254
G1 X114.221 Y77.66 E.00254
G1 X114.16 Y77.721 E.00254
G1 X114.084 Y77.76 E.00254
G1 X114.043 Y77.766 E.00125
M204 T2000
G1 X113.828 Y77.531 F18000
G1 X113.853 Y77.5
G1 X113.853 Y77.5
G1 X113.996 Y77.5
M204 P2000
;TYPE:Gap infill
;WIDTH:0.193102
G1 F600
G1 X106.004 Y77.5 E.0948
G1 X105.952 Y77.552 E.00088
; stop printing object top_plate.stl id:4653052573991952974 copy 0
;LAYER_CHANGE
;Z:4.64
;HEIGHT:0.2
G92 E0 ; zero the extruded length again
; BEFORE_LAYER_CHANGE 22 @ 4.64mm
G1 E-1.75 F6000
;WIPE_START
G1 X106.004 Y77.5 E-.05533
G1 X106.931 Y77.5 E-.69467
;WIPE_END
; AFTER_LAYER_CHANGE 22 @ 4.64mm
;_SET_FAN_SPEED_CHANGING_LAYER
; printing object top_plate.stl id:4653052573991952974 copy 0
M204 T1000
G1 F18000
G1 X107.16 Y77.0242 Z4.66857
G1 X107.674 Y76.9068 Z4.69714
G1 X108.087 Y77.236 Z4.72571
G1 X108.087 Y77.764 Z4.75429
G1 X107.674 Y78.0932 Z4.78286
G1 X107.16 Y77.9757 Z4.81143
G1 X106.931 Y77.5 Z4.84
G1 X106.931 Y77.347 Z4.84
G1 X106.347 Y77.596
G1 X106.263 Y77.582
G1 X106.015 Y77.567
G1 Z4.64
G1 E2.5 F6000
M204 P1000
;TYPE:Outer wall
;WIDTH:0.37852
G1 F600
G1 X105.961 Y77.551 E.00149
G1 X105.936 Y77.5 E.0015
G1 X105.961 Y77.449 E.0015
G1 X106.015 Y77.433 E.00149
G1 X113.988 Y77.434 E.21136
G1 X114.038 Y77.448 E.00137
G1 X114.064 Y77.5 E.00155
G1 X114.039 Y77.551 E.0015
G1 X113.985 Y77.567 E.00149
G1 X106.075 Y77.567 E.2097
; stop printing object top_plate.stl id:4653052573991952974 copy 0
G1 E-1.75 F6000
;WIPE_START
G1 F3600
G1 X105.961 Y77.551 E-.08616
G1 X105.936 Y77.5 E-.04247
G1 X105.961 Y77.449 E-.04247
G1 X106.015 Y77.433 E-.04205
G1 X106.731 Y77.434 E-.53685
;WIPE_END
M106 S0
;TYPE:Custom
; filament end gcode 
;M106 P3 S0
M140 S0 ; heatbed off
M107 ; fan off
G91 ; relative positioning
M83 ; extruder relative mode
G1 E-3 F3000 ; retract
G1 Z+0.5 F3000 ; lift nozzle
M104 S0 ; extruder off
G28 X Y ; home X/Y
G90 ; absolute positioning
G1 Y220 F3000
M84 ; steppers off
M300 S1318 P266
; EXECUTABLE_BLOCK_END

; filament used [mm] = 4580.77
; filament used [cm3] = 11.02
; filament used [g] = 13.66
; filament cost = 0.25
; total filament used [g] = 13.66
; total filament cost = 0.25
; total layers count = 23
; estimated printing time (normal mode) = 48m 56s
; estimated first layer printing time (normal mode) = 4m 29s

; CONFIG_BLOCK_START
; accel_to_decel_enable = 1
; accel_to_decel_factor = 50%
; activate_air_filtration = 0
; activate_air_filtration_during_print = 1
; activate_air_filtration_on_completion = 1
; activate_chamber_temp_control = 0
; adaptive_bed_mesh_margin = 0
; adaptive_pressure_advance = 0
; adaptive_pressure_advance_bridges = 0
; adaptive_pressure_advance_model = "0,0,0\n0,0,0"
; adaptive_pressure_advance_overhangs = 0
; additional_cooling_fan_speed = 0
; additional_fan_full_speed_layer = 0
; align_infill_direction_to_model = 0
; alternate_extra_wall = 0
; auxiliary_fan = 0
; bbl_calib_mark_logo = 1
; bbl_use_printhost = 0
; bed_custom_model = 
; bed_custom_texture = 
; bed_exclude_area = 0x0
; bed_mesh_max = 0,0
; bed_mesh_min = 0,0
; bed_mesh_probe_distance = 0,0
; bed_temperature_formula = by_highest_temp
; before_layer_change_gcode = G92 E0 ; zero the extruded length again\n; BEFORE_LAYER_CHANGE [layer_num] @ [layer_z]mm
; best_object_pos = 0.5,0.5
; bottom_shell_layers = 4
; bottom_shell_thickness = 0.6
; bottom_solid_infill_flow_ratio = 1
; bottom_surface_density = 100%
; bottom_surface_filament_id = 0
; bottom_surface_pattern = monotonic
; bridge_acceleration = 50%
; bridge_angle = 0
; bridge_density = 100%
; bridge_flow = 0.9
; bridge_line_width = 100%
; bridge_no_support = 1
; bridge_speed = 25
; brim_ears_detection_length = 1
; brim_ears_max_angle = 125
; brim_flow_ratio = 1
; brim_object_gap = 0.15
; brim_type = outer_only
; brim_use_efc_outline = 0
; brim_width = 5
; calib_flowrate_topinfill_special_order = 0
; chamber_minimal_temperature = 0
; chamber_temperature = 0
; change_extrusion_role_gcode = 
; change_filament_gcode = 
; close_additional_fan_first_x_layers = 1
; close_fan_the_first_x_layers = 3
; combine_brims = 0
; compatible_printers_condition = 
; complete_print_exhaust_fan_speed = 70
; cool_plate_temp = 80
; cool_plate_temp_initial_layer = 80
; cooling_tube_length = 0
; cooling_tube_retraction = 0
; counterbore_hole_bridging = none
; curr_bed_type = Cool Plate
; default_acceleration = 2000
; default_filament_colour = ""
; default_filament_profile = "Anycubic Generic PLA"
; default_jerk = 0
; default_junction_deviation = 0
; default_print_profile = 0.20mm Standard @Anycubic Kobra Neo 0.4 nozzle
; deretraction_speed = 0
; detect_narrow_internal_solid_infill = 1
; detect_overhang_wall = 1
; detect_thin_wall = 0
; different_settings_to_system = ;;
; disable_m73 = 1
; dont_filter_internal_bridges = disabled
; dont_slow_down_outer_wall = 0
; draft_shield = disabled
; during_print_exhaust_fan_speed = 70
; elefant_foot_compensation = 0.075
; elefant_foot_compensation_layers = 1
; elefant_foot_layers_density = 100%
; emit_machine_limits_to_gcode = 1
; enable_arc_fitting = 0
; enable_extra_bridge_layer = disabled
; enable_filament_ramming = 0
; enable_long_retraction_when_cut = 0
; enable_overhang_bridge_fan = 1
; enable_overhang_speed = 1
; enable_power_loss_recovery = printer_configuration
; enable_pressure_advance = 0
; enable_prime_tower = 0
; enable_support = 0
; enable_tower_interface_cooldown_during_tower = 0
; enable_tower_interface_features = 0
; enable_wrapping_detection = 0
; enforce_support_layers = 0
; eng_plate_temp = 60
; eng_plate_temp_initial_layer = 60
; ensure_vertical_shell_thickness = ensure_all
; exclude_object = 0
; extra_loading_move = 0
; extra_perimeters_on_overhangs = 1
; extra_solid_infills = 
; extruder_ams_count = 
; extruder_clearance_height_to_lid = 20
; extruder_clearance_height_to_rod = 20
; extruder_clearance_radius = 20
; extruder_colour = #F2754E
; extruder_offset = 0x0
; extruder_printable_area = 
; extruder_printable_height = 0
; extruder_type = Direct Drive
; extrusion_rate_smoothing_external_perimeter_only = 0
; fan_cooling_layer_time = 30
; fan_kickstart = 0
; fan_max_speed = 70
; fan_min_speed = 40
; fan_speedup_overhangs = 1
; fan_speedup_time = 0
; filament_adaptive_volumetric_speed = 0
; filament_adhesiveness_category = 0
; filament_change_extrusion_role_gcode = ""
; filament_change_length = 10
; filament_colour = #F2754E
; filament_cooling_before_tower = 10
; filament_cooling_final_speed = 3.4
; filament_cooling_initial_speed = 2.2
; filament_cooling_moves = 4
; filament_cost = 18
; filament_density = 1.24
; filament_diameter = 1.75
; filament_end_gcode = "; filament end gcode \n;M106 P3 S0\n"
; filament_extruder_variant = "Direct Drive Standard"
; filament_flow_ratio = 0.95
; filament_flush_temp = 0
; filament_flush_volumetric_speed = 0
; filament_ids = NUMPETGHS
; filament_is_support = 0
; filament_loading_speed = 28
; filament_loading_speed_start = 3
; filament_map = 1
; filament_map_mode = Auto For Flush
; filament_max_volumetric_speed = 8
; filament_minimal_purge_on_wipe_tower = 15
; filament_multitool_ramming = 0
; filament_multitool_ramming_flow = 10
; filament_multitool_ramming_volume = 10
; filament_notes = ""
; filament_printable = 3
; filament_ramming_parameters = "120 100 6.6 6.8 7.2 7.6 7.9 8.2 8.7 9.4 9.9 10.0| 0.05 6.6 0.45 6.8 0.95 7.8 1.45 8.3 1.95 9.7 2.45 10 2.95 7.6 3.45 7.6 3.95 7.6 4.45 7.6 4.95 7.6"
; filament_self_index = 1
; filament_settings_id = "numakers PETG-HS Braillix"
; filament_shrink = 100%
; filament_shrinkage_compensation_z = 100%
; filament_soluble = 0
; filament_stamping_distance = 0
; filament_stamping_loading_speed = 0
; filament_start_gcode = "; Filament gcode\n;{if activate_air_filtration[current_extruder] && support_air_filtration}\n;M106 P3 S{during_print_exhaust_fan_speed_num[current_extruder]} \n;{endif}"
; filament_toolchange_delay = 0
; filament_tower_interface_pre_extrusion_dist = 10
; filament_tower_interface_pre_extrusion_length = 0
; filament_tower_interface_print_temp = -1
; filament_tower_interface_purge_volume = 20
; filament_tower_ironing_area = 4
; filament_type = PETG
; filament_unloading_speed = 90
; filament_unloading_speed_start = 100
; filament_vendor = numakers
; file_start_gcode = 
; filename_format = {input_filename_base}_{filament_type[0]}_{layer_height}_{print_time}.gcode
; fill_multiline = 1
; filter_out_gap_fill = 0
; first_layer_flow_ratio = 1
; first_layer_print_sequence = 0
; first_x_layer_fan_speed = 0
; flush_into_infill = 0
; flush_into_objects = 0
; flush_into_support = 0
; flush_multiplier = 0.3
; flush_volumes_matrix = 0,280,280,280,280,0,280,280,280,280,0,280,280,280,280,0
; flush_volumes_vector = 140,140,140,140,140,140,140,140
; full_fan_speed_layer = 3
; fuzzy_skin = none
; fuzzy_skin_first_layer = 0
; fuzzy_skin_layers_between_ripple_offset = 1
; fuzzy_skin_mode = displacement
; fuzzy_skin_noise_type = classic
; fuzzy_skin_octaves = 4
; fuzzy_skin_persistence = 0.5
; fuzzy_skin_point_distance = 0.8
; fuzzy_skin_ripple_offset = 50%
; fuzzy_skin_ripples_per_layer = 15
; fuzzy_skin_scale = 1
; fuzzy_skin_thickness = 0.3
; gap_fill_flow_ratio = 1
; gap_fill_target = topbottom
; gap_infill_speed = 100
; gcode_add_line_number = 0
; gcode_comments = 0
; gcode_flavor = marlin2
; gcode_label_objects = 1
; grab_length = 0
; gyroid_optimized = 0
; has_scarf_joint_seam = 0
; head_wrap_detect_zone = 
; high_current_on_filament_swap = 0
; hole_to_polyhole = 0
; hole_to_polyhole_threshold = 0.01
; hole_to_polyhole_twisted = 1
; host_type = octoprint
; hot_plate_temp = 80
; hot_plate_temp_initial_layer = 80
; idle_temperature = 0
; independent_support_layer_height = 1
; infill_anchor = 400
; infill_anchor_max = 10
; infill_combination = 0
; infill_combination_max_layer_height = 100%
; infill_direction = 45
; infill_jerk = 9
; infill_lock_depth = 1
; infill_overhang_angle = 60
; infill_shift_step = 0.4
; infill_wall_overlap = 15%
; inherits_group = ;;
; initial_layer_acceleration = 500
; initial_layer_infill_speed = 50
; initial_layer_jerk = 9
; initial_layer_line_width = 0.5
; initial_layer_min_bead_width = 85%
; initial_layer_print_height = 0.24
; initial_layer_speed = 50
; initial_layer_travel_acceleration = 100%
; initial_layer_travel_jerk = 100%
; initial_layer_travel_speed = 100%
; inner_wall_acceleration = 1500
; inner_wall_filament_id = 0
; inner_wall_flow_ratio = 1
; inner_wall_jerk = 10
; inner_wall_line_width = 0.45
; inner_wall_speed = 100
; input_shaping_damp_x = 0.1
; input_shaping_damp_y = 0.1
; input_shaping_emit = 0
; input_shaping_freq_x = 0
; input_shaping_freq_y = 0
; input_shaping_type = Default
; interface_shells = 0
; interlocking_beam = 0
; interlocking_beam_layer_count = 2
; interlocking_beam_width = 0.8
; interlocking_boundary_avoidance = 2
; interlocking_depth = 2
; interlocking_orientation = 22.5
; internal_bridge_angle = 0
; internal_bridge_density = 100%
; internal_bridge_fan_speed = -1
; internal_bridge_flow = 1
; internal_bridge_speed = 150%
; internal_solid_filament_id = 0
; internal_solid_infill_acceleration = 100%
; internal_solid_infill_flow_ratio = 1
; internal_solid_infill_line_width = 0.42
; internal_solid_infill_pattern = rectilinear
; internal_solid_infill_speed = 100
; ironing_angle = 0
; ironing_angle_fixed = 0
; ironing_fan_speed = -1
; ironing_flow = 15%
; ironing_inset = 0
; ironing_pattern = rectilinear
; ironing_spacing = 0.1
; ironing_speed = 15
; ironing_type = no ironing
; is_infill_first = 0
; lateral_lattice_angle_1 = -45
; lateral_lattice_angle_2 = 45
; layer_change_gcode = ; AFTER_LAYER_CHANGE [layer_num] @ [layer_z]mm
; layer_height = 0.2
; lightning_overhang_angle = 45
; lightning_prune_angle = 45
; lightning_straightening_angle = 45
; line_width = 0.42
; long_retractions_when_cut = 0
; long_retractions_when_ec = 0
; machine_end_gcode = M140 S0 ; heatbed off\nM107 ; fan off\nG91 ; relative positioning\nM83 ; extruder relative mode\nG1 E-3 F3000 ; retract\nG1 Z+0.5 F3000 ; lift nozzle\nM104 S0 ; extruder off\nG28 X Y ; home X/Y\nG90 ; absolute positioning\nG1 Y220 F3000\nM84 ; steppers off\nM300 S1318 P266
; machine_load_filament_time = 42
; machine_max_acceleration_e = 2000,2000
; machine_max_acceleration_extruding = 2000,2000
; machine_max_acceleration_retracting = 2000,2000
; machine_max_acceleration_travel = 20000,20000
; machine_max_acceleration_x = 2000,2000
; machine_max_acceleration_y = 2000,2000
; machine_max_acceleration_z = 800,800
; machine_max_jerk_e = 5,5
; machine_max_jerk_x = 10,10
; machine_max_jerk_y = 10,10
; machine_max_jerk_z = 2,2
; machine_max_junction_deviation = 0.01
; machine_max_speed_e = 100,100
; machine_max_speed_x = 300,300
; machine_max_speed_y = 300,300
; machine_max_speed_z = 8,8
; machine_min_extruding_rate = 0,0
; machine_min_travel_rate = 0,0
; machine_pause_gcode = M601
; machine_start_gcode = G21 ; metric values\nG90 ; use absolute coordinates\nM83 ; extruder relative mode\nM104 S[first_layer_temperature] ; set extruder temp\nM140 S[first_layer_bed_temperature] ; set bed temp\nG28 ; home all axes\nG29 ; auto bed leveling\nM300 S1318 P266\nG1 Z5 F5000 ; lift nozzle\nG1 X0 Y0 F3000\nG1 Z0.3 ; lower nozzle\nG92 E0 ; zero extruded length\nG1 X10 Y5 F1800 ; move to purge line start\nM190 S[first_layer_bed_temperature] ; wait for bed temp\nM109 S[first_layer_temperature] ; wait for extruder temp\nG1 X60 Y5 E20 F500 ; purge line\nG92 E0 ; zero extruded length\nG1 E-4.5 F4000 ; retract\nG92 E0 ; zero extruded length\nG1 X120 F4000 ; wipe\nM117 Printing...
; machine_tool_change_time = 0
; machine_unload_filament_time = 0
; make_overhang_printable = 0
; make_overhang_printable_angle = 55
; make_overhang_printable_hole_size = 0
; manual_filament_change = 0
; master_extruder_id = 1
; max_bridge_length = 10
; max_layer_height = 0.28
; max_resonance_avoidance_speed = 120
; max_travel_detour_distance = 0
; max_volumetric_extrusion_rate_slope = 0
; max_volumetric_extrusion_rate_slope_segment_length = 5
; min_bead_width = 85%
; min_feature_size = 25%
; min_layer_height = 0.08
; min_length_factor = 0.5
; min_resonance_avoidance_speed = 70
; min_skirt_length = 0
; min_width_top_surface = 300%
; minimum_sparse_infill_area = 15
; mmu_segmented_region_interlocking_depth = 0
; mmu_segmented_region_max_width = 0
; notes = 
; nozzle_diameter = 0.4
; nozzle_flush_dataset = 0
; nozzle_height = 4
; nozzle_hrc = 0
; nozzle_temperature = 230
; nozzle_temperature_initial_layer = 235
; nozzle_temperature_range_high = 260
; nozzle_temperature_range_low = 220
; nozzle_type = brass
; nozzle_volume = 0
; nozzle_volume_type = Standard
; only_one_wall_first_layer = 0
; only_one_wall_top = 1
; ooze_prevention = 0
; other_layers_print_sequence = 0
; other_layers_print_sequence_nums = 0
; outer_wall_acceleration = 1000
; outer_wall_filament_id = 0
; outer_wall_flow_ratio = 1
; outer_wall_jerk = 10
; outer_wall_line_width = 0.42
; outer_wall_speed = 60
; overhang_1_4_speed = 60
; overhang_2_4_speed = 50
; overhang_3_4_speed = 30
; overhang_4_4_speed = 10
; overhang_fan_speed = 50
; overhang_fan_threshold = 50%
; overhang_flow_ratio = 1
; overhang_reverse = 0
; overhang_reverse_internal_only = 0
; overhang_reverse_threshold = 50%
; parallel_printheads_bed_exclude_areas = 
; parallel_printheads_count = 1
; parking_pos_retraction = 0
; part_cooling_fan_min_pwm = 0
; physical_extruder_map = 0
; post_process = 
; precise_outer_wall = 0
; precise_z_height = 0
; preferred_orientation = 0
; preheat_steps = 1
; preheat_time = 30
; pressure_advance = 0.02
; prime_tower_brim_width = 5
; prime_tower_enable_framework = 0
; prime_tower_flat_ironing = 0
; prime_tower_infill_gap = 150%
; prime_tower_skip_points = 1
; prime_tower_width = 45
; prime_volume = 45
; print_compatible_printers = "Anycubic Kobra Neo 0.4 nozzle"
; print_extruder_id = 1
; print_extruder_variant = "Direct Drive Standard"
; print_flow_ratio = 1
; print_order = default
; print_sequence = by layer
; print_settings_id = Braillix 0.20mm PETG - Kobra Neo safe
; printable_area = 0x0,220x0,220x220,0x220
; printable_height = 250
; printer_extruder_id = 1
; printer_extruder_variant = "Direct Drive Standard"
; printer_model = Anycubic Kobra Neo
; printer_notes = 
; printer_settings_id = Anycubic Kobra Neo 0.4 nozzle
; printer_structure = i3
; printer_technology = FFF
; printer_variant = 0.4
; printhost_authorization_type = key
; printhost_ssl_ignore_revoke = 0
; printing_by_object_gcode = 
; process_change_extrusion_role_gcode = 
; purge_in_prime_tower = 0
; raft_contact_distance = 0.1
; raft_expansion = 1.5
; raft_first_layer_density = 90%
; raft_first_layer_expansion = 2
; raft_layers = 0
; reduce_crossing_wall = 1
; reduce_fan_stop_start_freq = 1
; reduce_infill_retraction = 1
; relative_bridge_angle = 0
; required_nozzle_HRC = 3
; resolution = 0.012
; resonance_avoidance = 0
; retract_before_wipe = 70%
; retract_length_toolchange = 0
; retract_lift_above = 0.3
; retract_lift_below = 258
; retract_lift_enforce = All Surfaces
; retract_restart_extra = 0
; retract_restart_extra_toolchange = 0
; retract_when_changing_layer = 1
; retraction_distances_when_cut = 18
; retraction_distances_when_ec = 10
; retraction_length = 2.5
; retraction_minimum_travel = 1
; retraction_speed = 100
; role_based_wipe_speed = 1
; scan_first_layer = 0
; scarf_angle_threshold = 155
; scarf_joint_flow_ratio = 1
; scarf_joint_speed = 100%
; scarf_overhang_threshold = 40%
; seam_gap = 15%
; seam_position = back
; seam_slope_conditional = 0
; seam_slope_entire_loop = 0
; seam_slope_inner_walls = 0
; seam_slope_min_length = 20
; seam_slope_start_height = 0
; seam_slope_steps = 10
; seam_slope_type = none
; set_other_flow_ratios = 0
; silent_mode = 0
; single_extruder_multi_material = 1
; single_extruder_multi_material_priming = 0
; single_loop_draft_shield = 0
; skeleton_infill_density = 25%
; skeleton_infill_line_width = 100%
; skin_infill_density = 25%
; skin_infill_depth = 2
; skin_infill_line_width = 100%
; skirt_distance = 2
; skirt_height = 1
; skirt_loops = 0
; skirt_speed = 50
; skirt_start_angle = -135
; skirt_type = combined
; slice_closing_radius = 0.049
; slicing_mode = regular
; slow_down_for_layer_cooling = 1
; slow_down_layer_time = 10
; slow_down_layers = 1
; slow_down_min_speed = 10
; slowdown_for_curled_perimeters = 0
; small_area_infill_flow_compensation = 0
; small_area_infill_flow_compensation_model = 0,0;"\n0.2,0.4444";"\n0.4,0.6145";"\n0.6,0.7059";"\n0.8,0.7619";"\n1.5,0.8571";"\n2,0.8889";"\n3,0.9231";"\n5,0.9520";"\n10,1"
; small_perimeter_speed = 50%
; small_perimeter_threshold = 0
; solid_infill_direction = 45
; solid_infill_rotate_template = 0,90
; sparse_infill_acceleration = 100%
; sparse_infill_density = 25%
; sparse_infill_filament_id = 0
; sparse_infill_flow_ratio = 1
; sparse_infill_line_width = 0.45
; sparse_infill_pattern = crosshatch
; sparse_infill_rotate_template = 
; sparse_infill_speed = 150
; spiral_finishing_flow_ratio = 0
; spiral_mode = 0
; spiral_mode_max_xy_smoothing = 200%
; spiral_mode_smooth = 0
; spiral_starting_flow_ratio = 0
; staggered_inner_seams = 0
; standby_temperature_delta = -5
; start_end_points = 30x-3,54x245
; supertack_plate_temp = 35
; supertack_plate_temp_initial_layer = 35
; support_air_filtration = 1
; support_angle = 0
; support_base_pattern = rectilinear
; support_base_pattern_spacing = 0.2
; support_bottom_interface_spacing = 0.5
; support_bottom_z_distance = 0.1
; support_chamber_temp_control = 1
; support_critical_regions_only = 0
; support_expansion = 0
; support_filament = 0
; support_flow_ratio = 1
; support_interface_bottom_layers = -1
; support_interface_filament = 0
; support_interface_flow_ratio = 1
; support_interface_loop_pattern = 0
; support_interface_not_for_body = 1
; support_interface_pattern = auto
; support_interface_spacing = 0.5
; support_interface_speed = 80
; support_interface_top_layers = 2
; support_ironing = 0
; support_ironing_flow = 10%
; support_ironing_pattern = rectilinear
; support_ironing_spacing = 0.1
; support_line_width = 0.4
; support_material_interface_fan_speed = -1
; support_multi_bed_types = 0
; support_object_first_layer_gap = 0.2
; support_object_skip_flush = 0
; support_object_xy_distance = 0.35
; support_on_build_plate_only = 1
; support_parallel_printheads = 0
; support_remove_small_overhang = 1
; support_speed = 100
; support_style = default
; support_threshold_angle = 40
; support_threshold_overlap = 50%
; support_top_z_distance = 0.1
; support_type = tree(auto)
; symmetric_infill_y_axis = 0
; temperature_vitrification = 85
; template_custom_gcode = 
; textured_cool_plate_temp = 40
; textured_cool_plate_temp_initial_layer = 40
; textured_plate_temp = 80
; textured_plate_temp_initial_layer = 80
; thick_bridges = 0
; thick_internal_bridges = 1
; thumbnails = 230x110/PNG
; thumbnails_format = PNG
; time_cost = 0
; time_lapse_gcode = 
; timelapse_type = 0
; tool_change_on_wipe_tower = 0
; top_bottom_infill_wall_overlap = 25%
; top_shell_layers = 5
; top_shell_thickness = 1
; top_solid_infill_flow_ratio = 1
; top_surface_acceleration = 1000
; top_surface_density = 100%
; top_surface_filament_id = 0
; top_surface_jerk = 9
; top_surface_line_width = 0.42
; top_surface_pattern = monotonic
; top_surface_speed = 30
; travel_acceleration = 2000
; travel_jerk = 10
; travel_slope = 3
; travel_speed = 300
; travel_speed_z = 0
; tree_support_angle_slow = 25
; tree_support_auto_brim = 1
; tree_support_branch_angle = 40
; tree_support_branch_angle_organic = 40
; tree_support_branch_diameter = 5
; tree_support_branch_diameter_angle = 5
; tree_support_branch_diameter_organic = 2
; tree_support_branch_distance = 5
; tree_support_branch_distance_organic = 1
; tree_support_brim_width = 3
; tree_support_tip_diameter = 0.8
; tree_support_top_rate = 30%
; tree_support_wall_count = 0
; upward_compatible_machine = 
; use_3mf = 0
; use_firmware_retraction = 0
; use_relative_e_distances = 1
; volumetric_speed_coefficients = ""
; wall_direction = ccw
; wall_distribution_count = 1
; wall_generator = classic
; wall_loops = 3
; wall_maximum_deviation = 0.025
; wall_maximum_resolution = 0.5
; wall_sequence = outer wall/inner wall
; wall_transition_angle = 10
; wall_transition_filter_deviation = 25%
; wall_transition_length = 100%
; wipe = 1
; wipe_before_external_loop = 0
; wipe_distance = 1
; wipe_on_loops = 0
; wipe_speed = 80%
; wipe_tower_bridging = 10
; wipe_tower_cone_angle = 15
; wipe_tower_extra_flow = 100%
; wipe_tower_extra_rib_length = 0
; wipe_tower_extra_spacing = 100%
; wipe_tower_filament = 0
; wipe_tower_fillet_wall = 1
; wipe_tower_max_purge_speed = 90
; wipe_tower_no_sparse_layers = 0
; wipe_tower_rib_width = 8
; wipe_tower_rotation_angle = 0
; wipe_tower_type = type2
; wipe_tower_wall_type = rib
; wipe_tower_x = 15.000
; wipe_tower_x = 15
; wipe_tower_y = 220.000
; wipe_tower_y = 220
; wiping_volumes_extruders = 70,70,70,70,70,70,70,70,70,70
; wrapping_detection_gcode = 
; wrapping_detection_layers = 20
; wrapping_exclude_area = 
; xy_contour_compensation = 0
; xy_hole_compensation = 0.1
; z_hop = 0.2
; z_hop_types = Auto Lift
; z_offset = 0
; zaa_dont_alternate_fill_direction = 0
; zaa_enabled = 0
; zaa_min_z = 0.05
; zaa_minimize_perimeter_height = 35
; first_layer_bed_temperature = 80
; bed_shape = 0x0,220x0,220x220,0x220
; first_layer_temperature = 235
; first_layer_height = 0.240
; CONFIG_BLOCK_END


